08-04-2026 13:32:32 RAM 1460/7620MB (lfb 96x4MB) SWAP 0/3810MB (cached 0MB) CPU [0%@729,1%@729,0%@729,0%@729,0%@729,0%@729] GR3D_FREQ 0% cpu@50.375C soc2@49C soc0@50.843C gpu@51.468C tj@51.468C soc1@50.593C VDD_IN 5520mW/5520mW VDD_CPU_GPU_CV 519mW/519mW VDD_SOC 2795mW/2795mW
08-04-2026 13:32:33 RAM 1460/7620MB (lfb 96x4MB) SWAP 0/3810MB (cached 0MB) CPU [0%@729,0%@729,0%@729,0%@729,0%@729,0%@729] GR3D_FREQ 0% cpu@50.5C soc2@48.968C soc0@50.812C gpu@51.406C tj@51.406C soc1@50.656C VDD_IN 5480mW/5500mW VDD_CPU_GPU_CV 519mW/519mW VDD_SOC 2795mW/2795mW
08-04-2026 13:32:34 RAM 1460/7620MB (lfb 96x4MB) SWAP 0/3810MB (cached 0MB) CPU [1%@729,0%@729,0%@729,0%@729,0%@729,0%@729] GR3D_FREQ 0% cpu@50.312C soc2@48.968C soc0@50.906C gpu@51.5C tj@51.5C soc1@50.687C VDD_IN 5480mW/5493mW VDD_CPU_GPU_CV 519mW/519mW VDD_SOC 2795mW/2795mW
08-04-2026 13:32:35 RAM 1460/7620MB (lfb 96x4MB) SWAP 0/3810MB (cached 0MB) CPU [0%@729,0%@729,0%@729,0%@729,0%@729,0%@729] GR3D_FREQ 0% cpu@50.375C soc2@49C soc0@50.937C gpu@51.531C tj@51.531C soc1@50.812C VDD_IN 5480mW/5490mW VDD_CPU_GPU_CV 519mW/519mW VDD_SOC 2795mW/2795mW
08-04-2026 13:32:36 RAM 1460/7620MB (lfb 96x4MB) SWAP 0/3810MB (cached 0MB) CPU [1%@729,1%@729,0%@729,0%@729,0%@729,0%@729] GR3D_FREQ 0% cpu@50.531C soc2@48.937C soc0@51.062C gpu@51.218C tj@51.218C soc1@50.625C VDD_IN 5480mW/5488mW VDD_CPU_GPU_CV 519mW/519mW VDD_SOC 2795mW/2795mW
08-04-2026 13:32:37 RAM 1460/7620MB (lfb 96x4MB) SWAP 0/3810MB (cached 0MB) CPU [1%@729,1%@729,1%@729,0%@729,0%@729,0%@729] GR3D_FREQ 0% cpu@50.593C soc2@48.937C soc0@50.875C gpu@51.25C tj@51.25C soc1@50.656C VDD_IN 5520mW/5493mW VDD_CPU_GPU_CV 519mW/519mW VDD_SOC 2795mW/2795mW
08-04-2026 13:32:38 RAM 1460/7620MB (lfb 96x4MB) SWAP 0/3810MB (cached 0MB) CPU [0%@729,0%@729,0%@729,0%@729,0%@729,0%@729] GR3D_FREQ 0% cpu@50.406C soc2@48.968C soc0@50.937C gpu@51.218C tj@51.218C soc1@50.593C VDD_IN 5480mW/5491mW VDD_CPU_GPU_CV 519mW/519mW VDD_SOC 2795mW/2795mW
08-04-2026 13:32:39 RAM 1460/7620MB (lfb 96x4MB) SWAP 0/3810MB (cached 0MB) CPU [0%@729,0%@729,0%@729,0%@729,0%@729,0%@729] GR3D_FREQ 0% cpu@50.375C soc2@48.937C soc0@50.937C gpu@51.562C tj@51.562C soc1@50.531C VDD_IN 5480mW/5490mW VDD_CPU_GPU_CV 519mW/519mW VDD_SOC 2795mW/2795mW
08-04-2026 13:32:40 RAM 1460/7620MB (lfb 96x4MB) SWAP 0/3810MB (cached 0MB) CPU [1%@729,0%@729,0%@729,0%@729,0%@729,0%@729] GR3D_FREQ 0% cpu@50.312C soc2@48.937C soc0@50.906C gpu@51.687C tj@51.687C soc1@50.687C VDD_IN 5471mW/5488mW VDD_CPU_GPU_CV 519mW/519mW VDD_SOC 2795mW/2795mW
08-04-2026 13:32:41 RAM 1460/7620MB (lfb 96x4MB) SWAP 0/3810MB (cached 0MB) CPU [0%@729,0%@729,1%@729,0%@729,0%@729,0%@729] GR3D_FREQ 0% cpu@50.406C soc2@49C soc0@50.812C gpu@51.5C tj@51.5C soc1@50.562C VDD_IN 5480mW/5487mW VDD_CPU_GPU_CV 519mW/519mW VDD_SOC 2795mW/2795mW
08-04-2026 13:32:42 RAM 1461/7620MB (lfb 96x4MB) SWAP 0/3810MB (cached 0MB) CPU [0%@729,1%@729,0%@729,0%@729,0%@729,0%@729] GR3D_FREQ 0% cpu@50.593C soc2@49C soc0@50.781C gpu@51.562C tj@51.562C soc1@50.656C VDD_IN 5480mW/5486mW VDD_CPU_GPU_CV 519mW/519mW VDD_SOC 2795mW/2795mW
08-04-2026 13:32:43 RAM 1461/7620MB (lfb 96x4MB) SWAP 0/3810MB (cached 0MB) CPU [0%@729,0%@729,1%@729,0%@729,0%@729,0%@729] GR3D_FREQ 0% cpu@50.281C soc2@48.937C soc0@50.875C gpu@51.656C tj@51.25C soc1@50.718C VDD_IN 5440mW/5483mW VDD_CPU_GPU_CV 519mW/519mW VDD_SOC 2795mW/2795mW
08-04-2026 13:32:44 RAM 1461/7620MB (lfb 96x4MB) SWAP 0/3810MB (cached 0MB) CPU [0%@729,0%@729,0%@729,0%@729,0%@729,0%@729] GR3D_FREQ 0% cpu@50.437C soc2@48.906C soc0@50.781C gpu@51.25C tj@51.25C soc1@50.531C VDD_IN 5720mW/5501mW VDD_CPU_GPU_CV 599mW/525mW VDD_SOC 2915mW/2804mW
08-04-2026 13:32:45 RAM 1461/7620MB (lfb 96x4MB) SWAP 0/3810MB (cached 0MB) CPU [2%@729,0%@729,0%@729,0%@729,0%@729,0%@729] GR3D_FREQ 0% cpu@50.468C soc2@48.937C soc0@50.687C gpu@51.281C tj@51.281C soc1@50.625C VDD_IN 5480mW/5499mW VDD_CPU_GPU_CV 519mW/525mW VDD_SOC 2795mW/2804mW
08-04-2026 13:32:46 RAM 1461/7620MB (lfb 96x4MB) SWAP 0/3810MB (cached 0MB) CPU [0%@729,0%@729,0%@729,0%@729,0%@729,0%@729] GR3D_FREQ 0% cpu@50.406C soc2@48.968C soc0@50.812C gpu@51.218C tj@51.218C soc1@50.531C VDD_IN 5480mW/5498mW VDD_CPU_GPU_CV 519mW/524mW VDD_SOC 2795mW/2803mW
08-04-2026 13:32:47 RAM 1461/7620MB (lfb 96x4MB) SWAP 0/3810MB (cached 0MB) CPU [0%@729,0%@729,0%@729,0%@729,0%@729,0%@729] GR3D_FREQ 0% cpu@50.5C soc2@48.843C soc0@50.906C gpu@51.218C tj@51.218C soc1@50.625C VDD_IN 5431mW/5494mW VDD_CPU_GPU_CV 519mW/524mW VDD_SOC 2795mW/2803mW
08-04-2026 13:32:48 RAM 1461/7620MB (lfb 96x4MB) SWAP 0/3810MB (cached 0MB) CPU [0%@729,0%@729,0%@729,0%@729,0%@729,0%@729] GR3D_FREQ 0% cpu@50.343C soc2@48.968C soc0@50.75C gpu@51.593C tj@51.593C soc1@50.562C VDD_IN 5480mW/5493mW VDD_CPU_GPU_CV 479mW/521mW VDD_SOC 2795mW/2802mW
08-04-2026 13:32:49 RAM 1461/7620MB (lfb 96x4MB) SWAP 0/3810MB (cached 0MB) CPU [1%@729,0%@729,1%@729,0%@729,0%@729,0%@729] GR3D_FREQ 0% cpu@50.25C soc2@48.812C soc0@50.968C gpu@51.093C tj@51.093C soc1@50.468C VDD_IN 5440mW/5490mW VDD_CPU_GPU_CV 479mW/519mW VDD_SOC 2795mW/2802mW
08-04-2026 13:32:50 RAM 1461/7620MB (lfb 96x4MB) SWAP 0/3810MB (cached 0MB) CPU [0%@729,1%@729,0%@729,0%@729,0%@729,0%@729] GR3D_FREQ 0% cpu@50.531C soc2@48.906C soc0@50.687C gpu@51.125C tj@51.125C soc1@50.593C VDD_IN 5440mW/5487mW VDD_CPU_GPU_CV 479mW/517mW VDD_SOC 2795mW/2801mW
08-04-2026 13:32:51 RAM 1461/7620MB (lfb 96x4MB) SWAP 0/3810MB (cached 0MB) CPU [0%@729,0%@729,0%@729,0%@729,0%@729,0%@729] GR3D_FREQ 0% cpu@50.187C soc2@49C soc0@50.781C gpu@51.125C tj@51.125C soc1@50.687C VDD_IN 5440mW/5485mW VDD_CPU_GPU_CV 479mW/515mW VDD_SOC 2795mW/2801mW
08-04-2026 13:32:52 RAM 1461/7620MB (lfb 96x4MB) SWAP 0/3810MB (cached 0MB) CPU [0%@729,0%@729,1%@729,0%@729,0%@729,0%@729] GR3D_FREQ 0% cpu@50.281C soc2@49C soc0@50.875C gpu@51.375C tj@51.375C soc1@50.593C VDD_IN 5440mW/5483mW VDD_CPU_GPU_CV 479mW/513mW VDD_SOC 2795mW/2801mW
08-04-2026 13:32:53 RAM 1461/7620MB (lfb 96x4MB) SWAP 0/3810MB (cached 0MB) CPU [1%@729,1%@729,0%@729,0%@729,0%@729,0%@729] GR3D_FREQ 0% cpu@50.25C soc2@48.812C soc0@50.843C gpu@51.312C tj@51.312C soc1@50.437C VDD_IN 5440mW/5481mW VDD_CPU_GPU_CV 479mW/512mW VDD_SOC 2795mW/2800mW
08-04-2026 13:32:54 RAM 1461/7620MB (lfb 96x4MB) SWAP 0/3810MB (cached 0MB) CPU [0%@729,0%@729,0%@729,0%@729,0%@729,0%@729] GR3D_FREQ 0% cpu@50.281C soc2@48.812C soc0@50.812C gpu@51.375C tj@51.375C soc1@50.5C VDD_IN 5440mW/5479mW VDD_CPU_GPU_CV 479mW/510mW VDD_SOC 2795mW/2800mW
08-04-2026 13:32:55 RAM 1461/7620MB (lfb 96x4MB) SWAP 0/3810MB (cached 0MB) CPU [0%@729,0%@729,1%@729,0%@729,0%@729,0%@729] GR3D_FREQ 0% cpu@50.406C soc2@48.843C soc0@50.812C gpu@51.281C tj@51.281C soc1@50.593C VDD_IN 5480mW/5479mW VDD_CPU_GPU_CV 519mW/511mW VDD_SOC 2795mW/2800mW
08-04-2026 13:32:56 RAM 1461/7620MB (lfb 96x4MB) SWAP 0/3810MB (cached 0MB) CPU [0%@729,0%@729,0%@729,0%@729,0%@729,0%@729] GR3D_FREQ 0% cpu@50.187C soc2@48.875C soc0@50.781C gpu@51.281C tj@51.093C soc1@50.625C VDD_IN 5440mW/5478mW VDD_CPU_GPU_CV 479mW/509mW VDD_SOC 2795mW/2800mW
08-04-2026 13:32:57 RAM 1461/7620MB (lfb 96x4MB) SWAP 0/3810MB (cached 0MB) CPU [0%@729,0%@729,0%@729,0%@729,0%@729,0%@729] GR3D_FREQ 0% cpu@50.281C soc2@49C soc0@50.781C gpu@51.156C tj@51.156C soc1@50.5C VDD_IN 5440mW/5476mW VDD_CPU_GPU_CV 479mW/508mW VDD_SOC 2795mW/2800mW
08-04-2026 13:32:58 RAM 1461/7620MB (lfb 96x4MB) SWAP 0/3810MB (cached 0MB) CPU [1%@729,1%@729,0%@729,0%@729,0%@729,0%@729] GR3D_FREQ 0% cpu@50.468C soc2@48.875C soc0@50.906C gpu@51.093C tj@51.093C soc1@50.5C VDD_IN 5480mW/5476mW VDD_CPU_GPU_CV 519mW/509mW VDD_SOC 2795mW/2799mW
08-04-2026 13:32:59 RAM 1461/7620MB (lfb 96x4MB) SWAP 0/3810MB (cached 0MB) CPU [0%@729,2%@729,0%@729,1%@729,0%@729,1%@729] GR3D_FREQ 0% cpu@50.562C soc2@48.875C soc0@50.843C gpu@51.218C tj@51.218C soc1@50.468C VDD_IN 5480mW/5477mW VDD_CPU_GPU_CV 519mW/509mW VDD_SOC 2795mW/2799mW
08-04-2026 13:33:00 RAM 1461/7620MB (lfb 96x4MB) SWAP 0/3810MB (cached 0MB) CPU [0%@729,0%@729,0%@729,0%@729,0%@729,0%@729] GR3D_FREQ 0% cpu@50.375C soc2@48.906C soc0@50.781C gpu@51.375C tj@51.375C soc1@50.531C VDD_IN 5440mW/5475mW VDD_CPU_GPU_CV 479mW/508mW VDD_SOC 2795mW/2799mW
08-04-2026 13:33:01 RAM 1461/7620MB (lfb 96x4MB) SWAP 0/3810MB (cached 0MB) CPU [1%@729,0%@729,1%@729,0%@729,0%@729,0%@729] GR3D_FREQ 0% cpu@50.187C soc2@48.937C soc0@50.875C gpu@51.406C tj@51.406C soc1@50.531C VDD_IN 5440mW/5474mW VDD_CPU_GPU_CV 479mW/507mW VDD_SOC 2795mW/2799mW
08-04-2026 13:33:02 RAM 1461/7620MB (lfb 96x4MB) SWAP 0/3810MB (cached 0MB) CPU [0%@729,1%@729,0%@729,0%@729,0%@729,0%@729] GR3D_FREQ 0% cpu@50.218C soc2@48.781C soc0@50.937C gpu@51.343C tj@51.343C soc1@50.531C VDD_IN 5440mW/5473mW VDD_CPU_GPU_CV 479mW/506mW VDD_SOC 2795mW/2799mW
08-04-2026 13:33:03 RAM 1461/7620MB (lfb 96x4MB) SWAP 0/3810MB (cached 0MB) CPU [0%@729,0%@729,1%@729,0%@729,0%@729,0%@729] GR3D_FREQ 0% cpu@50.406C soc2@48.968C soc0@50.718C gpu@51.218C tj@51.218C soc1@50.5C VDD_IN 5440mW/5472mW VDD_CPU_GPU_CV 479mW/505mW VDD_SOC 2795mW/2799mW
08-04-2026 13:33:04 RAM 1461/7620MB (lfb 96x4MB) SWAP 0/3810MB (cached 0MB) CPU [1%@729,0%@729,0%@729,1%@729,0%@729,0%@729] GR3D_FREQ 0% cpu@50.5C soc2@48.812C soc0@50.718C gpu@51.125C tj@51.125C soc1@50.562C VDD_IN 5480mW/5472mW VDD_CPU_GPU_CV 479mW/504mW VDD_SOC 2795mW/2799mW
08-04-2026 13:33:05 RAM 1461/7620MB (lfb 96x4MB) SWAP 0/3810MB (cached 0MB) CPU [0%@729,0%@729,0%@729,0%@729,0%@729,0%@729] GR3D_FREQ 0% cpu@50.281C soc2@48.906C soc0@50.875C gpu@51.125C tj@51.125C soc1@50.625C VDD_IN 5431mW/5471mW VDD_CPU_GPU_CV 479mW/504mW VDD_SOC 2795mW/2799mW
08-04-2026 13:33:06 RAM 1461/7620MB (lfb 96x4MB) SWAP 0/3810MB (cached 0MB) CPU [0%@729,0%@729,0%@729,0%@729,0%@729,0%@729] GR3D_FREQ 0% cpu@50.312C soc2@48.843C soc0@50.968C gpu@51.406C tj@51.406C soc1@50.437C VDD_IN 5431mW/5470mW VDD_CPU_GPU_CV 479mW/503mW VDD_SOC 2795mW/2798mW
08-04-2026 13:33:07 RAM 1461/7620MB (lfb 96x4MB) SWAP 0/3810MB (cached 0MB) CPU [0%@729,0%@729,0%@729,0%@729,0%@729,0%@729] GR3D_FREQ 0% cpu@50.437C soc2@48.875C soc0@50.75C gpu@51.468C tj@51.468C soc1@50.5C VDD_IN 5431mW/5469mW VDD_CPU_GPU_CV 519mW/503mW VDD_SOC 2795mW/2798mW
08-04-2026 13:33:08 RAM 1461/7620MB (lfb 96x4MB) SWAP 0/3810MB (cached 0MB) CPU [0%@729,0%@729,0%@729,0%@729,0%@729,0%@729] GR3D_FREQ 0% cpu@50.312C soc2@48.937C soc0@50.718C gpu@51.562C tj@51.562C soc1@50.531C VDD_IN 5440mW/5468mW VDD_CPU_GPU_CV 519mW/504mW VDD_SOC 2795mW/2798mW
08-04-2026 13:33:09 RAM 1461/7620MB (lfb 96x4MB) SWAP 0/3810MB (cached 0MB) CPU [0%@729,0%@729,0%@729,0%@729,0%@729,0%@729] GR3D_FREQ 0% cpu@50.531C soc2@48.906C soc0@50.781C gpu@51.406C tj@51.218C soc1@50.656C VDD_IN 5480mW/5468mW VDD_CPU_GPU_CV 519mW/504mW VDD_SOC 2795mW/2798mW
08-04-2026 13:33:11 RAM 1461/7620MB (lfb 96x4MB) SWAP 0/3810MB (cached 0MB) CPU [0%@729,0%@729,1%@729,0%@729,0%@729,0%@729] GR3D_FREQ 0% cpu@50.218C soc2@48.937C soc0@50.812C gpu@51.281C tj@51.281C soc1@50.531C VDD_IN 5440mW/5468mW VDD_CPU_GPU_CV 519mW/505mW VDD_SOC 2795mW/2798mW
08-04-2026 13:33:12 RAM 1461/7620MB (lfb 96x4MB) SWAP 0/3810MB (cached 0MB) CPU [0%@729,0%@729,0%@729,0%@729,0%@729,0%@729] GR3D_FREQ 0% cpu@50.312C soc2@48.875C soc0@50.781C gpu@51.218C tj@51.218C soc1@50.562C VDD_IN 5480mW/5468mW VDD_CPU_GPU_CV 519mW/505mW VDD_SOC 2795mW/2798mW
08-04-2026 13:33:13 RAM 1461/7620MB (lfb 96x4MB) SWAP 0/3810MB (cached 0MB) CPU [0%@729,0%@729,0%@729,0%@729,0%@729,0%@729] GR3D_FREQ 0% cpu@50.437C soc2@48.812C soc0@50.75C gpu@51.218C tj@51.218C soc1@50.531C VDD_IN 5471mW/5468mW VDD_CPU_GPU_CV 519mW/505mW VDD_SOC 2795mW/2798mW
08-04-2026 13:33:14 RAM 1461/7620MB (lfb 96x4MB) SWAP 0/3810MB (cached 0MB) CPU [1%@729,0%@729,0%@729,0%@729,0%@729,0%@729] GR3D_FREQ 0% cpu@50.156C soc2@48.906C soc0@50.906C gpu@51.593C tj@51.593C soc1@50.593C VDD_IN 5440mW/5467mW VDD_CPU_GPU_CV 519mW/506mW VDD_SOC 2795mW/2798mW
08-04-2026 13:33:15 RAM 1461/7620MB (lfb 96x4MB) SWAP 0/3810MB (cached 0MB) CPU [0%@729,0%@729,1%@729,0%@729,0%@729,0%@729] GR3D_FREQ 0% cpu@50.25C soc2@48.937C soc0@50.875C gpu@51.593C tj@51.593C soc1@50.5C VDD_IN 5480mW/5468mW VDD_CPU_GPU_CV 519mW/506mW VDD_SOC 2795mW/2798mW
08-04-2026 13:33:16 RAM 1461/7620MB (lfb 96x4MB) SWAP 0/3810MB (cached 0MB) CPU [0%@729,0%@729,1%@729,0%@729,0%@729,0%@729] GR3D_FREQ 0% cpu@50.312C soc2@48.812C soc0@50.875C gpu@51.125C tj@51.125C soc1@50.531C VDD_IN 5471mW/5468mW VDD_CPU_GPU_CV 519mW/506mW VDD_SOC 2795mW/2798mW
08-04-2026 13:33:17 RAM 1461/7620MB (lfb 96x4MB) SWAP 0/3810MB (cached 0MB) CPU [1%@729,0%@729,1%@729,0%@729,0%@729,0%@729] GR3D_FREQ 0% cpu@50.218C soc2@48.937C soc0@50.656C gpu@51.093C tj@51.093C soc1@50.562C VDD_IN 5431mW/5467mW VDD_CPU_GPU_CV 519mW/507mW VDD_SOC 2795mW/2798mW
08-04-2026 13:33:18 RAM 1461/7620MB (lfb 96x4MB) SWAP 0/3810MB (cached 0MB) CPU [0%@729,0%@729,1%@729,0%@729,0%@729,0%@729] GR3D_FREQ 0% cpu@50.375C soc2@48.875C soc0@50.625C gpu@50.968C tj@51.218C soc1@50.531C VDD_IN 5471mW/5467mW VDD_CPU_GPU_CV 519mW/507mW VDD_SOC 2795mW/2798mW
08-04-2026 13:33:19 RAM 1461/7620MB (lfb 96x4MB) SWAP 0/3810MB (cached 0MB) CPU [0%@729,0%@729,0%@729,0%@729,0%@729,0%@729] GR3D_FREQ 0% cpu@50.156C soc2@48.875C soc0@50.75C gpu@51.187C tj@51.187C soc1@50.562C VDD_IN 5471mW/5467mW VDD_CPU_GPU_CV 519mW/507mW VDD_SOC 2795mW/2798mW
08-04-2026 13:33:20 RAM 1461/7620MB (lfb 96x4MB) SWAP 0/3810MB (cached 0MB) CPU [0%@729,0%@729,1%@729,0%@729,0%@729,0%@729] GR3D_FREQ 0% cpu@50.187C soc2@48.906C soc0@50.812C gpu@51.25C tj@51.25C soc1@50.437C VDD_IN 5471mW/5467mW VDD_CPU_GPU_CV 519mW/507mW VDD_SOC 2795mW/2798mW
08-04-2026 13:33:21 RAM 1461/7620MB (lfb 96x4MB) SWAP 0/3810MB (cached 0MB) CPU [0%@729,0%@729,1%@729,0%@729,0%@729,0%@729] GR3D_FREQ 0% cpu@50.406C soc2@48.781C soc0@50.593C gpu@51.25C tj@51.25C soc1@50.437C VDD_IN 5431mW/5466mW VDD_CPU_GPU_CV 479mW/507mW VDD_SOC 2795mW/2797mW
08-04-2026 13:33:22 RAM 1461/7620MB (lfb 96x4MB) SWAP 0/3810MB (cached 0MB) CPU [0%@729,0%@729,1%@729,0%@729,0%@729,0%@729] GR3D_FREQ 0% cpu@50.5C soc2@48.843C soc0@50.656C gpu@51.25C tj@51.25C soc1@50.562C VDD_IN 5431mW/5466mW VDD_CPU_GPU_CV 479mW/506mW VDD_SOC 2795mW/2797mW
08-04-2026 13:33:23 RAM 1461/7620MB (lfb 96x4MB) SWAP 0/3810MB (cached 0MB) CPU [0%@729,1%@729,1%@729,0%@729,0%@729,0%@729] GR3D_FREQ 0% cpu@50.343C soc2@48.812C soc0@50.656C gpu@51.125C tj@51.125C soc1@50.562C VDD_IN 5440mW/5465mW VDD_CPU_GPU_CV 519mW/506mW VDD_SOC 2795mW/2797mW
08-04-2026 13:33:24 RAM 1461/7620MB (lfb 96x4MB) SWAP 0/3810MB (cached 0MB) CPU [0%@729,0%@729,1%@729,0%@729,0%@729,0%@729] GR3D_FREQ 0% cpu@50.218C soc2@48.968C soc0@50.781C gpu@51.125C tj@51.125C soc1@50.562C VDD_IN 5440mW/5465mW VDD_CPU_GPU_CV 519mW/507mW VDD_SOC 2795mW/2797mW
08-04-2026 13:33:25 RAM 1461/7620MB (lfb 96x4MB) SWAP 0/3810MB (cached 0MB) CPU [1%@729,0%@729,0%@729,0%@729,0%@729,0%@729] GR3D_FREQ 0% cpu@50.156C soc2@48.781C soc0@50.687C gpu@51.062C tj@51.062C soc1@50.531C VDD_IN 5440mW/5464mW VDD_CPU_GPU_CV 479mW/506mW VDD_SOC 2795mW/2797mW
08-04-2026 13:33:26 RAM 1461/7620MB (lfb 96x4MB) SWAP 0/3810MB (cached 0MB) CPU [0%@729,0%@729,0%@729,0%@729,0%@729,0%@729] GR3D_FREQ 0% cpu@50.281C soc2@48.812C soc0@50.656C gpu@51.125C tj@51.125C soc1@50.406C VDD_IN 5480mW/5465mW VDD_CPU_GPU_CV 519mW/506mW VDD_SOC 2795mW/2797mW
08-04-2026 13:33:27 RAM 1461/7620MB (lfb 96x4MB) SWAP 0/3810MB (cached 0MB) CPU [0%@729,1%@729,0%@729,1%@729,0%@729,0%@729] GR3D_FREQ 0% cpu@50.468C soc2@48.781C soc0@50.687C gpu@51C tj@51C soc1@50.406C VDD_IN 5471mW/5465mW VDD_CPU_GPU_CV 519mW/507mW VDD_SOC 2795mW/2797mW
08-04-2026 13:33:28 RAM 1461/7620MB (lfb 96x4MB) SWAP 0/3810MB (cached 0MB) CPU [0%@729,0%@729,0%@729,0%@729,0%@729,0%@729] GR3D_FREQ 0% cpu@50.281C soc2@48.812C soc0@50.656C gpu@51.125C tj@51.125C soc1@50.531C VDD_IN 5440mW/5464mW VDD_CPU_GPU_CV 519mW/507mW VDD_SOC 2795mW/2797mW
08-04-2026 13:33:29 RAM 1461/7620MB (lfb 96x4MB) SWAP 0/3810MB (cached 0MB) CPU [0%@729,1%@729,0%@729,0%@729,0%@729,0%@729] GR3D_FREQ 0% cpu@50.125C soc2@48.875C soc0@50.812C gpu@51.281C tj@51.281C soc1@50.343C VDD_IN 5440mW/5464mW VDD_CPU_GPU_CV 519mW/507mW VDD_SOC 2795mW/2797mW
08-04-2026 13:33:30 RAM 1461/7620MB (lfb 96x4MB) SWAP 0/3810MB (cached 0MB) CPU [0%@729,0%@729,0%@729,0%@729,0%@729,0%@729] GR3D_FREQ 0% cpu@50.125C soc2@48.781C soc0@50.812C gpu@51.25C tj@51.25C soc1@50.343C VDD_IN 5471mW/5464mW VDD_CPU_GPU_CV 519mW/507mW VDD_SOC 2795mW/2797mW
08-04-2026 13:33:31 RAM 1461/7620MB (lfb 96x4MB) SWAP 0/3810MB (cached 0MB) CPU [0%@729,0%@729,0%@729,0%@729,0%@729,0%@729] GR3D_FREQ 0% cpu@50.281C soc2@48.781C soc0@50.687C gpu@51.312C tj@51.312C soc1@50.343C VDD_IN 5431mW/5463mW VDD_CPU_GPU_CV 519mW/507mW VDD_SOC 2795mW/2797mW
08-04-2026 13:33:32 RAM 1461/7620MB (lfb 96x4MB) SWAP 0/3810MB (cached 0MB) CPU [0%@729,0%@729,0%@729,0%@729,0%@729,0%@729] GR3D_FREQ 0% cpu@50.468C soc2@48.937C soc0@50.718C gpu@51.281C tj@51.281C soc1@50.468C VDD_IN 5431mW/5463mW VDD_CPU_GPU_CV 479mW/507mW VDD_SOC 2795mW/2797mW
08-04-2026 13:33:33 RAM 1461/7620MB (lfb 96x4MB) SWAP 0/3810MB (cached 0MB) CPU [0%@729,0%@729,2%@729,0%@729,0%@729,0%@729] GR3D_FREQ 0% cpu@50.281C soc2@48.843C soc0@50.625C gpu@51.25C tj@51.25C soc1@50.437C VDD_IN 5471mW/5463mW VDD_CPU_GPU_CV 519mW/507mW VDD_SOC 2795mW/2797mW
08-04-2026 13:33:34 RAM 1461/7620MB (lfb 96x4MB) SWAP 0/3810MB (cached 0MB) CPU [0%@729,0%@729,0%@729,0%@729,0%@729,0%@729] GR3D_FREQ 0% cpu@50.093C soc2@48.843C soc0@50.625C gpu@51.437C tj@51.437C soc1@50.281C VDD_IN 5440mW/5463mW VDD_CPU_GPU_CV 519mW/507mW VDD_SOC 2795mW/2797mW
08-04-2026 13:33:35 RAM 1461/7620MB (lfb 96x4MB) SWAP 0/3810MB (cached 0MB) CPU [0%@729,0%@729,0%@729,0%@729,0%@729,0%@729] GR3D_FREQ 0% cpu@50.125C soc2@48.781C soc0@50.781C gpu@51.093C tj@51.093C soc1@50.312C VDD_IN 5431mW/5462mW VDD_CPU_GPU_CV 479mW/507mW VDD_SOC 2795mW/2797mW
08-04-2026 13:33:36 RAM 1461/7620MB (lfb 96x4MB) SWAP 0/3810MB (cached 0MB) CPU [1%@729,0%@729,0%@729,0%@729,0%@729,0%@729] GR3D_FREQ 0% cpu@50.218C soc2@48.687C soc0@50.593C gpu@51.125C tj@51.125C soc1@50.343C VDD_IN 5431mW/5462mW VDD_CPU_GPU_CV 479mW/507mW VDD_SOC 2795mW/2797mW
08-04-2026 13:33:37 RAM 1461/7620MB (lfb 96x4MB) SWAP 0/3810MB (cached 0MB) CPU [1%@729,0%@729,1%@729,0%@729,0%@729,0%@729] GR3D_FREQ 0% cpu@50.375C soc2@48.718C soc0@50.593C gpu@51.125C tj@51.125C soc1@50.343C VDD_IN 5431mW/5461mW VDD_CPU_GPU_CV 479mW/506mW VDD_SOC 2795mW/2797mW
08-04-2026 13:33:38 RAM 1461/7620MB (lfb 96x4MB) SWAP 0/3810MB (cached 0MB) CPU [0%@729,1%@729,0%@729,0%@729,0%@729,0%@729] GR3D_FREQ 0% cpu@50.218C soc2@48.75C soc0@50.625C gpu@51.125C tj@51.125C soc1@50.5C VDD_IN 5431mW/5461mW VDD_CPU_GPU_CV 519mW/506mW VDD_SOC 2795mW/2797mW
08-04-2026 13:33:39 RAM 1461/7620MB (lfb 96x4MB) SWAP 0/3810MB (cached 0MB) CPU [0%@729,0%@729,0%@729,0%@729,0%@729,0%@729] GR3D_FREQ 0% cpu@50C soc2@48.75C soc0@50.625C gpu@51.093C tj@51.093C soc1@50.312C VDD_IN 5431mW/5460mW VDD_CPU_GPU_CV 479mW/506mW VDD_SOC 2795mW/2797mW
08-04-2026 13:33:40 RAM 1461/7620MB (lfb 96x4MB) SWAP 0/3810MB (cached 0MB) CPU [1%@729,0%@729,0%@729,0%@729,0%@729,0%@729] GR3D_FREQ 0% cpu@50.093C soc2@48.687C soc0@50.75C gpu@51.093C tj@51.437C soc1@50.343C VDD_IN 5471mW/5460mW VDD_CPU_GPU_CV 519mW/506mW VDD_SOC 2795mW/2797mW
08-04-2026 13:33:41 RAM 1461/7620MB (lfb 96x4MB) SWAP 0/3810MB (cached 0MB) CPU [0%@729,0%@729,0%@729,0%@729,0%@729,0%@729] GR3D_FREQ 0% cpu@50.156C soc2@48.656C soc0@50.562C gpu@50.968C tj@50.968C soc1@50.312C VDD_IN 5431mW/5460mW VDD_CPU_GPU_CV 519mW/506mW VDD_SOC 2795mW/2797mW
08-04-2026 13:33:42 RAM 1461/7620MB (lfb 96x4MB) SWAP 0/3810MB (cached 0MB) CPU [0%@729,0%@729,0%@729,0%@729,0%@729,0%@729] GR3D_FREQ 0% cpu@50.375C soc2@48.718C soc0@50.687C gpu@50.968C tj@50.968C soc1@50.375C VDD_IN 5440mW/5460mW VDD_CPU_GPU_CV 519mW/506mW VDD_SOC 2795mW/2797mW
08-04-2026 13:33:43 RAM 1461/7620MB (lfb 96x4MB) SWAP 0/3810MB (cached 0MB) CPU [0%@729,2%@729,1%@729,0%@729,0%@729,0%@729] GR3D_FREQ 0% cpu@50.125C soc2@48.687C soc0@50.531C gpu@50.968C tj@50.968C soc1@50.468C VDD_IN 5431mW/5459mW VDD_CPU_GPU_CV 479mW/506mW VDD_SOC 2795mW/2797mW
08-04-2026 13:33:44 RAM 1461/7620MB (lfb 96x4MB) SWAP 0/3810MB (cached 0MB) CPU [1%@729,0%@729,0%@729,0%@729,0%@729,0%@729] GR3D_FREQ 0% cpu@50.093C soc2@48.781C soc0@50.75C gpu@50.968C tj@50.968C soc1@50.218C VDD_IN 5431mW/5459mW VDD_CPU_GPU_CV 479mW/506mW VDD_SOC 2795mW/2797mW
08-04-2026 13:33:45 RAM 1461/7620MB (lfb 96x4MB) SWAP 0/3810MB (cached 0MB) CPU [0%@729,0%@729,1%@729,0%@729,0%@729,0%@729] GR3D_FREQ 0% cpu@50.062C soc2@48.656C soc0@50.75C gpu@50.937C tj@50.937C soc1@50.281C VDD_IN 5431mW/5458mW VDD_CPU_GPU_CV 479mW/505mW VDD_SOC 2795mW/2797mW
08-04-2026 13:33:46 RAM 1465/7620MB (lfb 96x4MB) SWAP 0/3810MB (cached 0MB) CPU [0%@729,0%@729,1%@729,0%@729,0%@729,0%@729] GR3D_FREQ 0% cpu@50.156C soc2@48.687C soc0@50.562C gpu@51C tj@51C soc1@50.218C VDD_IN 5431mW/5458mW VDD_CPU_GPU_CV 519mW/505mW VDD_SOC 2795mW/2797mW
08-04-2026 13:33:47 RAM 1465/7620MB (lfb 96x4MB) SWAP 0/3810MB (cached 0MB) CPU [0%@729,0%@729,0%@729,0%@729,0%@729,0%@729] GR3D_FREQ 0% cpu@50.281C soc2@48.718C soc0@50.531C gpu@51.156C tj@51.156C soc1@50.343C VDD_IN 5471mW/5458mW VDD_CPU_GPU_CV 519mW/506mW VDD_SOC 2795mW/2797mW
08-04-2026 13:33:48 RAM 1465/7620MB (lfb 96x4MB) SWAP 0/3810MB (cached 0MB) CPU [0%@729,0%@729,1%@729,0%@729,0%@729,0%@729] GR3D_FREQ 0% cpu@50.062C soc2@48.781C soc0@50.625C gpu@51.125C tj@51.125C soc1@50.375C VDD_IN 5471mW/5458mW VDD_CPU_GPU_CV 519mW/506mW VDD_SOC 2795mW/2797mW
08-04-2026 13:33:49 RAM 1465/7620MB (lfb 96x4MB) SWAP 0/3810MB (cached 0MB) CPU [0%@729,0%@729,0%@729,0%@729,0%@729,0%@729] GR3D_FREQ 0% cpu@50.062C soc2@48.656C soc0@50.687C gpu@51.125C tj@51.125C soc1@50.218C VDD_IN 5431mW/5458mW VDD_CPU_GPU_CV 479mW/505mW VDD_SOC 2795mW/2797mW
08-04-2026 13:33:50 RAM 1465/7620MB (lfb 96x4MB) SWAP 0/3810MB (cached 0MB) CPU [0%@729,0%@729,1%@729,0%@729,0%@729,0%@729] GR3D_FREQ 0% cpu@49.968C soc2@48.593C soc0@50.656C gpu@51.125C tj@51.125C soc1@50.218C VDD_IN 5440mW/5458mW VDD_CPU_GPU_CV 519mW/506mW VDD_SOC 2795mW/2797mW
08-04-2026 13:33:51 RAM 1465/7620MB (lfb 96x4MB) SWAP 0/3810MB (cached 0MB) CPU [0%@729,0%@729,0%@729,0%@729,0%@729,0%@729] GR3D_FREQ 0% cpu@50.125C soc2@48.656C soc0@50.562C gpu@51.156C tj@51.156C soc1@50.25C VDD_IN 5440mW/5458mW VDD_CPU_GPU_CV 479mW/505mW VDD_SOC 2795mW/2797mW
08-04-2026 13:33:52 RAM 1465/7620MB (lfb 96x4MB) SWAP 0/3810MB (cached 0MB) CPU [0%@729,0%@729,1%@729,0%@729,0%@729,0%@729] GR3D_FREQ 0% cpu@50.218C soc2@48.656C soc0@50.562C gpu@51.125C tj@51C soc1@50.281C VDD_IN 5440mW/5457mW VDD_CPU_GPU_CV 479mW/505mW VDD_SOC 2795mW/2797mW
08-04-2026 13:33:53 RAM 1465/7620MB (lfb 96x4MB) SWAP 0/3810MB (cached 0MB) CPU [0%@729,0%@729,0%@729,0%@729,0%@729,0%@729] GR3D_FREQ 0% cpu@49.968C soc2@48.656C soc0@50.625C gpu@50.937C tj@50.937C soc1@50.468C VDD_IN 5440mW/5457mW VDD_CPU_GPU_CV 479mW/505mW VDD_SOC 2795mW/2796mW
08-04-2026 13:33:54 RAM 1465/7620MB (lfb 96x4MB) SWAP 0/3810MB (cached 0MB) CPU [0%@729,0%@729,1%@729,0%@729,0%@729,0%@729] GR3D_FREQ 0% cpu@49.968C soc2@48.687C soc0@50.531C gpu@50.968C tj@50.968C soc1@50.406C VDD_IN 5440mW/5457mW VDD_CPU_GPU_CV 479mW/504mW VDD_SOC 2795mW/2796mW
08-04-2026 13:33:55 RAM 1465/7620MB (lfb 96x4MB) SWAP 0/3810MB (cached 0MB) CPU [0%@729,0%@729,1%@729,0%@729,0%@729,0%@729] GR3D_FREQ 0% cpu@49.937C soc2@48.625C soc0@50.656C gpu@50.937C tj@50.937C soc1@50.218C VDD_IN 5440mW/5457mW VDD_CPU_GPU_CV 479mW/504mW VDD_SOC 2795mW/2796mW
08-04-2026 13:33:56 RAM 1465/7620MB (lfb 96x4MB) SWAP 0/3810MB (cached 0MB) CPU [1%@729,0%@729,1%@729,0%@729,0%@729,0%@729] GR3D_FREQ 0% cpu@50.062C soc2@48.656C soc0@50.531C gpu@50.968C tj@50.968C soc1@50.281C VDD_IN 5440mW/5457mW VDD_CPU_GPU_CV 479mW/504mW VDD_SOC 2795mW/2796mW
08-04-2026 13:33:57 RAM 1465/7620MB (lfb 96x4MB) SWAP 0/3810MB (cached 0MB) CPU [0%@729,0%@729,0%@729,1%@729,0%@729,1%@729] GR3D_FREQ 0% cpu@50.218C soc2@48.625C soc0@50.562C gpu@50.937C tj@50.937C soc1@50.343C VDD_IN 5440mW/5456mW VDD_CPU_GPU_CV 519mW/504mW VDD_SOC 2795mW/2796mW
08-04-2026 13:33:58 RAM 1465/7620MB (lfb 96x4MB) SWAP 0/3810MB (cached 0MB) CPU [0%@729,0%@729,0%@729,0%@729,0%@729,0%@729] GR3D_FREQ 0% cpu@50C soc2@48.781C soc0@50.625C gpu@51.156C tj@51.156C soc1@50.437C VDD_IN 5431mW/5456mW VDD_CPU_GPU_CV 479mW/504mW VDD_SOC 2795mW/2796mW
08-04-2026 13:33:59 RAM 1465/7620MB (lfb 96x4MB) SWAP 0/3810MB (cached 0MB) CPU [0%@729,0%@729,1%@729,0%@729,0%@729,0%@729] GR3D_FREQ 0% cpu@50C soc2@48.687C soc0@50.531C gpu@51.343C tj@51.343C soc1@50.187C VDD_IN 5440mW/5456mW VDD_CPU_GPU_CV 479mW/503mW VDD_SOC 2795mW/2796mW
08-04-2026 13:34:00 RAM 1465/7620MB (lfb 96x4MB) SWAP 0/3810MB (cached 0MB) CPU [0%@729,0%@729,0%@729,0%@729,0%@729,0%@729] GR3D_FREQ 0% cpu@49.968C soc2@48.562C soc0@50.468C gpu@51.25C tj@51.25C soc1@50.218C VDD_IN 5440mW/5456mW VDD_CPU_GPU_CV 519mW/504mW VDD_SOC 2795mW/2796mW
08-04-2026 13:34:01 RAM 1465/7620MB (lfb 96x4MB) SWAP 0/3810MB (cached 0MB) CPU [0%@729,0%@729,0%@729,0%@729,0%@729,0%@729] GR3D_FREQ 0% cpu@50.031C soc2@48.656C soc0@50.5C gpu@51.281C tj@51.281C soc1@50.218C VDD_IN 5480mW/5456mW VDD_CPU_GPU_CV 519mW/504mW VDD_SOC 2795mW/2796mW
08-04-2026 13:34:02 RAM 1465/7620MB (lfb 96x4MB) SWAP 0/3810MB (cached 0MB) CPU [0%@883,0%@883,0%@883,0%@883,0%@729,0%@729] GR3D_FREQ 0% cpu@50.375C soc2@48.593C soc0@50.5C gpu@51.343C tj@51.343C soc1@50.187C VDD_IN 5480mW/5456mW VDD_CPU_GPU_CV 519mW/504mW VDD_SOC 2795mW/2796mW
08-04-2026 13:34:03 RAM 1465/7620MB (lfb 96x4MB) SWAP 0/3810MB (cached 0MB) CPU [0%@729,0%@729,0%@729,0%@729,0%@729,0%@729] GR3D_FREQ 0% cpu@49.968C soc2@48.562C soc0@50.562C gpu@51.375C tj@51.375C soc1@50.281C VDD_IN 5471mW/5456mW VDD_CPU_GPU_CV 519mW/504mW VDD_SOC 2795mW/2796mW
08-04-2026 13:34:04 RAM 1465/7620MB (lfb 96x4MB) SWAP 0/3810MB (cached 0MB) CPU [0%@729,0%@729,1%@729,0%@729,0%@729,0%@729] GR3D_FREQ 0% cpu@50.031C soc2@48.593C soc0@50.5C gpu@50.968C tj@50.968C soc1@50.156C VDD_IN 5480mW/5457mW VDD_CPU_GPU_CV 519mW/504mW VDD_SOC 2795mW/2796mW
08-04-2026 13:34:05 RAM 1465/7620MB (lfb 96x4MB) SWAP 0/3810MB (cached 0MB) CPU [0%@729,0%@729,0%@729,0%@729,0%@729,0%@729] GR3D_FREQ 0% cpu@50.156C soc2@48.593C soc0@50.437C gpu@51C tj@51C soc1@50.218C VDD_IN 5440mW/5456mW VDD_CPU_GPU_CV 479mW/504mW VDD_SOC 2795mW/2796mW
08-04-2026 13:34:06 RAM 1465/7620MB (lfb 96x4MB) SWAP 0/3810MB (cached 0MB) CPU [1%@729,0%@729,0%@729,0%@729,0%@729,0%@729] GR3D_FREQ 0% cpu@50.093C soc2@48.562C soc0@50.468C gpu@50.968C tj@50.968C soc1@50.218C VDD_IN 5431mW/5456mW VDD_CPU_GPU_CV 479mW/504mW VDD_SOC 2795mW/2796mW
08-04-2026 13:34:07 RAM 1465/7620MB (lfb 96x4MB) SWAP 0/3810MB (cached 0MB) CPU [0%@729,0%@729,0%@729,0%@729,0%@729,0%@729] GR3D_FREQ 0% cpu@50.281C soc2@48.718C soc0@50.468C gpu@51C tj@51C soc1@50.218C VDD_IN 5431mW/5456mW VDD_CPU_GPU_CV 479mW/503mW VDD_SOC 2795mW/2796mW
08-04-2026 13:34:08 RAM 1465/7620MB (lfb 96x4MB) SWAP 0/3810MB (cached 0MB) CPU [0%@729,0%@729,0%@729,0%@729,1%@729,0%@729] GR3D_FREQ 0% cpu@49.968C soc2@48.625C soc0@50.5C gpu@50.937C tj@50.937C soc1@50.312C VDD_IN 5440mW/5456mW VDD_CPU_GPU_CV 479mW/503mW VDD_SOC 2795mW/2796mW
08-04-2026 13:34:09 RAM 1465/7620MB (lfb 96x4MB) SWAP 0/3810MB (cached 0MB) CPU [0%@729,0%@729,0%@729,0%@729,0%@729,0%@729] GR3D_FREQ 0% cpu@50C soc2@48.625C soc0@50.656C gpu@50.843C tj@50.843C soc1@50.187C VDD_IN 5431mW/5456mW VDD_CPU_GPU_CV 479mW/503mW VDD_SOC 2795mW/2796mW
08-04-2026 13:34:10 RAM 1465/7620MB (lfb 96x4MB) SWAP 0/3810MB (cached 0MB) CPU [0%@729,0%@729,0%@729,0%@729,0%@729,0%@729] GR3D_FREQ 0% cpu@50.093C soc2@48.531C soc0@50.468C gpu@50.781C tj@50.781C soc1@50.187C VDD_IN 5431mW/5455mW VDD_CPU_GPU_CV 479mW/503mW VDD_SOC 2795mW/2796mW
08-04-2026 13:34:11 RAM 1487/7620MB (lfb 96x4MB) SWAP 0/3810MB (cached 0MB) CPU [8%@1728,32%@1728,7%@1728,8%@1728,7%@729,7%@729] GR3D_FREQ 0% cpu@50.593C soc2@48.781C soc0@50.406C gpu@51.031C tj@51.031C soc1@50.187C VDD_IN 6600mW/5467mW VDD_CPU_GPU_CV 1198mW/510mW VDD_SOC 3035mW/2799mW
08-04-2026 13:34:12 RAM 1679/7620MB (lfb 96x4MB) SWAP 0/3810MB (cached 0MB) CPU [7%@1728,100%@1728,7%@1728,6%@1728,7%@729,6%@729] GR3D_FREQ 0% cpu@50.875C soc2@48.906C soc0@50.625C gpu@51.187C tj@51.187C soc1@50.406C VDD_IN 7480mW/5487mW VDD_CPU_GPU_CV 1637mW/521mW VDD_SOC 3274mW/2803mW
08-04-2026 13:34:13 RAM 1720/7620MB (lfb 96x4MB) SWAP 0/3810MB (cached 0MB) CPU [0%@1728,100%@1728,0%@1728,0%@1728,0%@729,0%@729] GR3D_FREQ 0% cpu@50.718C soc2@49.093C soc0@50.718C gpu@51.218C tj@51.218C soc1@50.562C VDD_IN 7428mW/5506mW VDD_CPU_GPU_CV 1517mW/531mW VDD_SOC 3314mW/2808mW
08-04-2026 13:34:14 RAM 1745/7620MB (lfb 96x4MB) SWAP 0/3810MB (cached 0MB) CPU [0%@1728,100%@1728,0%@1728,0%@1728,0%@729,0%@729] GR3D_FREQ 0% cpu@50.781C soc2@49C soc0@50.812C gpu@51.281C tj@51.281C soc1@50.375C VDD_IN 7428mW/5525mW VDD_CPU_GPU_CV 1517mW/541mW VDD_SOC 3314mW/2813mW
08-04-2026 13:34:15 RAM 1762/7620MB (lfb 96x4MB) SWAP 0/3810MB (cached 0MB) CPU [0%@1728,99%@1728,0%@1728,0%@1728,0%@729,0%@729] GR3D_FREQ 0% cpu@50.687C soc2@49C soc0@50.625C gpu@51.25C tj@51.25C soc1@50.406C VDD_IN 7360mW/5543mW VDD_CPU_GPU_CV 1277mW/548mW VDD_SOC 3354mW/2819mW
08-04-2026 13:34:16 RAM 1468/7620MB (lfb 96x4MB) SWAP 0/3810MB (cached 0MB) CPU [1%@729,42%@729,0%@729,1%@729,0%@729,0%@729] GR3D_FREQ 0% cpu@50.406C soc2@48.937C soc0@50.656C gpu@51.156C tj@51.156C soc1@50.531C VDD_IN 6070mW/5548mW VDD_CPU_GPU_CV 718mW/549mW VDD_SOC 2995mW/2820mW
08-04-2026 13:34:17 RAM 1468/7620MB (lfb 96x4MB) SWAP 0/3810MB (cached 0MB) CPU [1%@729,0%@729,0%@729,1%@729,0%@729,0%@729] GR3D_FREQ 0% cpu@50.437C soc2@48.812C soc0@50.718C gpu@51.343C tj@51.343C soc1@50.5C VDD_IN 5511mW/5548mW VDD_CPU_GPU_CV 519mW/549mW VDD_SOC 2795mW/2820mW
08-04-2026 13:34:18 RAM 1468/7620MB (lfb 96x4MB) SWAP 0/3810MB (cached 0MB) CPU [0%@729,0%@729,0%@729,1%@729,0%@729,0%@729] GR3D_FREQ 0% cpu@50.093C soc2@48.75C soc0@50.687C gpu@51.343C tj@51.343C soc1@50.5C VDD_IN 5471mW/5547mW VDD_CPU_GPU_CV 519mW/549mW VDD_SOC 2795mW/2820mW
08-04-2026 13:34:19 RAM 1468/7620MB (lfb 96x4MB) SWAP 0/3810MB (cached 0MB) CPU [0%@729,0%@729,0%@729,0%@729,0%@729,0%@729] GR3D_FREQ 0% cpu@50.187C soc2@48.687C soc0@50.718C gpu@51.312C tj@51.312C soc1@50.312C VDD_IN 5471mW/5546mW VDD_CPU_GPU_CV 519mW/548mW VDD_SOC 2795mW/2820mW
08-04-2026 13:34:20 RAM 1468/7620MB (lfb 96x4MB) SWAP 0/3810MB (cached 0MB) CPU [2%@729,0%@729,1%@729,0%@729,0%@729,0%@729] GR3D_FREQ 0% cpu@50.25C soc2@48.687C soc0@50.593C gpu@51.312C tj@51.125C soc1@50.343C VDD_IN 5471mW/5545mW VDD_CPU_GPU_CV 519mW/548mW VDD_SOC 2795mW/2819mW
08-04-2026 13:34:21 RAM 1468/7620MB (lfb 96x4MB) SWAP 0/3810MB (cached 0MB) CPU [0%@729,0%@729,0%@729,1%@729,0%@729,0%@729] GR3D_FREQ 0% cpu@50.031C soc2@48.656C soc0@50.625C gpu@51.093C tj@51.093C soc1@50.375C VDD_IN 5431mW/5544mW VDD_CPU_GPU_CV 519mW/548mW VDD_SOC 2795mW/2819mW
08-04-2026 13:34:22 RAM 1468/7620MB (lfb 96x4MB) SWAP 0/3810MB (cached 0MB) CPU [0%@729,0%@729,0%@729,0%@729,0%@729,0%@729] GR3D_FREQ 0% cpu@50.343C soc2@48.843C soc0@50.75C gpu@51.062C tj@51.062C soc1@50.562C VDD_IN 5480mW/5544mW VDD_CPU_GPU_CV 519mW/548mW VDD_SOC 2795mW/2819mW
08-04-2026 13:34:23 RAM 1468/7620MB (lfb 96x4MB) SWAP 0/3810MB (cached 0MB) CPU [0%@729,0%@729,0%@729,0%@729,0%@729,0%@729] GR3D_FREQ 0% cpu@50.218C soc2@48.593C soc0@50.687C gpu@51.031C tj@51.031C soc1@50.343C VDD_IN 5471mW/5543mW VDD_CPU_GPU_CV 519mW/547mW VDD_SOC 2795mW/2819mW
08-04-2026 13:34:24 RAM 1468/7620MB (lfb 96x4MB) SWAP 0/3810MB (cached 0MB) CPU [1%@729,0%@729,0%@729,0%@729,0%@729,0%@729] GR3D_FREQ 0% cpu@50.125C soc2@48.687C soc0@50.625C gpu@51.25C tj@51.25C soc1@50.437C VDD_IN 5480mW/5543mW VDD_CPU_GPU_CV 519mW/547mW VDD_SOC 2795mW/2819mW
08-04-2026 13:34:25 RAM 1468/7620MB (lfb 96x4MB) SWAP 0/3810MB (cached 0MB) CPU [0%@729,0%@729,0%@729,0%@729,0%@729,0%@729] GR3D_FREQ 0% cpu@50.187C soc2@48.718C soc0@50.625C gpu@51.343C tj@51.343C soc1@50.406C VDD_IN 5471mW/5542mW VDD_CPU_GPU_CV 519mW/547mW VDD_SOC 2795mW/2818mW
08-04-2026 13:34:26 RAM 1468/7620MB (lfb 96x4MB) SWAP 0/3810MB (cached 0MB) CPU [1%@729,0%@729,1%@729,0%@729,0%@729,0%@729] GR3D_FREQ 0% cpu@49.968C soc2@48.718C soc0@50.593C gpu@51.343C tj@51.343C soc1@50.5C VDD_IN 5471mW/5541mW VDD_CPU_GPU_CV 519mW/547mW VDD_SOC 2795mW/2818mW
08-04-2026 13:34:27 RAM 1468/7620MB (lfb 96x4MB) SWAP 0/3810MB (cached 0MB) CPU [0%@729,0%@729,0%@729,0%@729,0%@729,0%@729] GR3D_FREQ 0% cpu@50.093C soc2@48.781C soc0@50.687C gpu@51.406C tj@51.406C soc1@50.312C VDD_IN 5471mW/5541mW VDD_CPU_GPU_CV 519mW/546mW VDD_SOC 2795mW/2818mW
08-04-2026 13:34:28 RAM 1468/7620MB (lfb 96x4MB) SWAP 0/3810MB (cached 0MB) CPU [0%@729,0%@729,0%@729,1%@729,0%@729,0%@729] GR3D_FREQ 0% cpu@50.187C soc2@48.75C soc0@50.687C gpu@51.187C tj@51.187C soc1@50.312C VDD_IN 5471mW/5540mW VDD_CPU_GPU_CV 519mW/546mW VDD_SOC 2795mW/2818mW
08-04-2026 13:34:29 RAM 1468/7620MB (lfb 96x4MB) SWAP 0/3810MB (cached 0MB) CPU [0%@729,0%@729,0%@729,0%@729,0%@729,0%@729] GR3D_FREQ 0% cpu@50.312C soc2@48.687C soc0@50.593C gpu@51.062C tj@51.062C soc1@50.312C VDD_IN 5480mW/5540mW VDD_CPU_GPU_CV 519mW/546mW VDD_SOC 2795mW/2818mW
08-04-2026 13:34:30 RAM 1468/7620MB (lfb 96x4MB) SWAP 0/3810MB (cached 0MB) CPU [2%@729,0%@729,0%@729,0%@729,0%@729,0%@729] GR3D_FREQ 0% cpu@50.187C soc2@48.718C soc0@50.531C gpu@51.093C tj@51.093C soc1@50.375C VDD_IN 5471mW/5539mW VDD_CPU_GPU_CV 519mW/546mW VDD_SOC 2795mW/2817mW
08-04-2026 13:34:31 RAM 1468/7620MB (lfb 96x4MB) SWAP 0/3810MB (cached 0MB) CPU [0%@729,0%@729,0%@729,0%@729,0%@729,0%@729] GR3D_FREQ 0% cpu@50.031C soc2@48.718C soc0@50.625C gpu@51.125C tj@51.125C soc1@50.5C VDD_IN 5471mW/5538mW VDD_CPU_GPU_CV 519mW/545mW VDD_SOC 2795mW/2817mW
08-04-2026 13:34:32 RAM 1468/7620MB (lfb 96x4MB) SWAP 0/3810MB (cached 0MB) CPU [0%@729,0%@729,0%@729,0%@729,0%@729,0%@729] GR3D_FREQ 0% cpu@50.031C soc2@48.531C soc0@50.625C gpu@50.937C tj@50.937C soc1@50.281C VDD_IN 5440mW/5538mW VDD_CPU_GPU_CV 479mW/545mW VDD_SOC 2795mW/2817mW
08-04-2026 13:34:33 RAM 1468/7620MB (lfb 96x4MB) SWAP 0/3810MB (cached 0MB) CPU [2%@729,0%@729,0%@729,0%@729,0%@729,0%@729] GR3D_FREQ 0% cpu@50.156C soc2@48.718C soc0@50.5C gpu@50.843C tj@50.843C soc1@50.25C VDD_IN 5440mW/5537mW VDD_CPU_GPU_CV 479mW/544mW VDD_SOC 2795mW/2817mW
08-04-2026 13:34:34 RAM 1468/7620MB (lfb 96x4MB) SWAP 0/3810MB (cached 0MB) CPU [0%@729,0%@729,0%@729,0%@729,0%@729,0%@729] GR3D_FREQ 0% cpu@50.375C soc2@48.687C soc0@50.593C gpu@50.812C tj@50.812C soc1@50.312C VDD_IN 5440mW/5536mW VDD_CPU_GPU_CV 479mW/544mW VDD_SOC 2795mW/2817mW
08-04-2026 13:34:35 RAM 1468/7620MB (lfb 96x4MB) SWAP 0/3810MB (cached 0MB) CPU [0%@729,0%@729,0%@729,0%@729,0%@729,0%@729] GR3D_FREQ 0% cpu@50.093C soc2@48.75C soc0@50.562C gpu@51.062C tj@51.062C soc1@50.312C VDD_IN 5480mW/5536mW VDD_CPU_GPU_CV 519mW/544mW VDD_SOC 2795mW/2816mW
08-04-2026 13:34:36 RAM 1468/7620MB (lfb 96x4MB) SWAP 0/3810MB (cached 0MB) CPU [1%@729,0%@729,0%@729,0%@729,0%@729,0%@729] GR3D_FREQ 0% cpu@49.968C soc2@48.687C soc0@50.531C gpu@50.937C tj@50.937C soc1@50.5C VDD_IN 5480mW/5535mW VDD_CPU_GPU_CV 519mW/543mW VDD_SOC 2795mW/2816mW
08-04-2026 13:34:37 RAM 1468/7620MB (lfb 96x4MB) SWAP 0/3810MB (cached 0MB) CPU [2%@729,0%@729,0%@729,0%@729,0%@729,0%@729] GR3D_FREQ 0% cpu@49.968C soc2@48.625C soc0@50.625C gpu@50.906C tj@50.906C soc1@50.312C VDD_IN 5440mW/5534mW VDD_CPU_GPU_CV 479mW/543mW VDD_SOC 2795mW/2816mW
08-04-2026 13:34:38 RAM 1468/7620MB (lfb 96x4MB) SWAP 0/3810MB (cached 0MB) CPU [0%@729,0%@729,0%@729,1%@729,0%@729,0%@729] GR3D_FREQ 0% cpu@50.062C soc2@48.656C soc0@50.562C gpu@50.875C tj@51.125C soc1@50.25C VDD_IN 5431mW/5534mW VDD_CPU_GPU_CV 479mW/542mW VDD_SOC 2795mW/2816mW
08-04-2026 13:34:39 RAM 1468/7620MB (lfb 96x4MB) SWAP 0/3810MB (cached 0MB) CPU [0%@729,0%@729,0%@729,0%@729,0%@729,0%@729] GR3D_FREQ 0% cpu@50.343C soc2@48.687C soc0@50.531C gpu@51.125C tj@51.125C soc1@50.281C VDD_IN 5431mW/5533mW VDD_CPU_GPU_CV 479mW/542mW VDD_SOC 2795mW/2816mW
08-04-2026 13:34:40 RAM 1468/7620MB (lfb 96x4MB) SWAP 0/3810MB (cached 0MB) CPU [0%@729,0%@729,0%@729,0%@729,0%@729,0%@729] GR3D_FREQ 0% cpu@50.062C soc2@48.687C soc0@50.531C gpu@51.156C tj@51.156C soc1@50.281C VDD_IN 5440mW/5532mW VDD_CPU_GPU_CV 519mW/542mW VDD_SOC 2795mW/2816mW
08-04-2026 13:34:41 RAM 1468/7620MB (lfb 96x4MB) SWAP 0/3810MB (cached 0MB) CPU [2%@729,0%@729,0%@729,0%@729,0%@729,0%@729] GR3D_FREQ 0% cpu@50.437C soc2@48.656C soc0@50.593C gpu@51.218C tj@51.218C soc1@50.406C VDD_IN 5440mW/5531mW VDD_CPU_GPU_CV 479mW/541mW VDD_SOC 2795mW/2815mW
08-04-2026 13:34:42 RAM 1469/7620MB (lfb 96x4MB) SWAP 0/3810MB (cached 0MB) CPU [9%@729,4%@729,6%@729,5%@729,2%@729,1%@729] GR3D_FREQ 0% cpu@50C soc2@48.656C soc0@50.656C gpu@51.062C tj@51.062C soc1@50.218C VDD_IN 5560mW/5532mW VDD_CPU_GPU_CV 559mW/541mW VDD_SOC 2795mW/2815mW
08-04-2026 13:34:43 RAM 1469/7620MB (lfb 96x4MB) SWAP 0/3810MB (cached 0MB) CPU [1%@729,0%@729,0%@729,0%@729,0%@729,0%@729] GR3D_FREQ 0% cpu@50C soc2@48.625C soc0@50.593C gpu@50.937C tj@50.937C soc1@50.25C VDD_IN 5471mW/5531mW VDD_CPU_GPU_CV 519mW/541mW VDD_SOC 2795mW/2815mW
08-04-2026 13:34:44 RAM 1469/7620MB (lfb 96x4MB) SWAP 0/3810MB (cached 0MB) CPU [0%@729,0%@729,0%@729,1%@729,0%@729,0%@729] GR3D_FREQ 0% cpu@50.218C soc2@48.656C soc0@50.468C gpu@50.875C tj@50.875C soc1@50.187C VDD_IN 5440mW/5530mW VDD_CPU_GPU_CV 479mW/541mW VDD_SOC 2795mW/2815mW
08-04-2026 13:34:45 RAM 1469/7620MB (lfb 96x4MB) SWAP 0/3810MB (cached 0MB) CPU [0%@729,0%@729,0%@729,0%@729,0%@729,0%@729] GR3D_FREQ 0% cpu@49.968C soc2@48.718C soc0@50.562C gpu@50.968C tj@50.968C soc1@50.406C VDD_IN 5440mW/5530mW VDD_CPU_GPU_CV 479mW/540mW VDD_SOC 2795mW/2815mW
08-04-2026 13:34:46 RAM 1469/7620MB (lfb 96x4MB) SWAP 0/3810MB (cached 0MB) CPU [0%@729,1%@729,0%@729,1%@729,0%@729,0%@729] GR3D_FREQ 0% cpu@50.125C soc2@48.687C soc0@50.656C gpu@51.218C tj@51.218C soc1@50.281C VDD_IN 5440mW/5529mW VDD_CPU_GPU_CV 519mW/540mW VDD_SOC 2795mW/2815mW
08-04-2026 13:34:47 RAM 1469/7620MB (lfb 96x4MB) SWAP 0/3810MB (cached 0MB) CPU [0%@729,0%@729,0%@729,0%@729,0%@729,0%@729] GR3D_FREQ 0% cpu@50.187C soc2@48.625C soc0@50.468C gpu@51.218C tj@51.218C soc1@50.281C VDD_IN 5431mW/5528mW VDD_CPU_GPU_CV 519mW/540mW VDD_SOC 2795mW/2815mW
08-04-2026 13:34:48 RAM 1469/7620MB (lfb 96x4MB) SWAP 0/3810MB (cached 0MB) CPU [0%@729,0%@729,0%@729,1%@729,0%@729,0%@729] GR3D_FREQ 0% cpu@49.968C soc2@48.656C soc0@50.593C gpu@51.281C tj@51.281C soc1@50.187C VDD_IN 5431mW/5528mW VDD_CPU_GPU_CV 519mW/540mW VDD_SOC 2795mW/2814mW
08-04-2026 13:34:49 RAM 1469/7620MB (lfb 96x4MB) SWAP 0/3810MB (cached 0MB) CPU [0%@729,0%@729,0%@729,0%@729,0%@729,0%@729] GR3D_FREQ 0% cpu@50.156C soc2@48.687C soc0@50.5C gpu@51.25C tj@51.25C soc1@50.312C VDD_IN 5480mW/5527mW VDD_CPU_GPU_CV 519mW/540mW VDD_SOC 2795mW/2814mW
08-04-2026 13:34:50 RAM 1469/7620MB (lfb 96x4MB) SWAP 0/3810MB (cached 0MB) CPU [1%@729,0%@729,0%@729,0%@729,0%@729,0%@729] GR3D_FREQ 0% cpu@49.968C soc2@48.687C soc0@50.593C gpu@51.312C tj@51.312C soc1@50.343C VDD_IN 5440mW/5527mW VDD_CPU_GPU_CV 479mW/539mW VDD_SOC 2795mW/2814mW
08-04-2026 13:34:51 RAM 1469/7620MB (lfb 96x4MB) SWAP 0/3810MB (cached 0MB) CPU [0%@729,1%@729,0%@729,0%@729,0%@729,0%@729] GR3D_FREQ 0% cpu@50.031C soc2@48.625C soc0@50.593C gpu@51C tj@51C soc1@50.218C VDD_IN 5440mW/5526mW VDD_CPU_GPU_CV 519mW/539mW VDD_SOC 2795mW/2814mW
08-04-2026 13:34:52 RAM 1469/7620MB (lfb 96x4MB) SWAP 0/3810MB (cached 0MB) CPU [0%@729,0%@729,0%@729,0%@729,0%@729,0%@729] GR3D_FREQ 0% cpu@50.062C soc2@48.656C soc0@50.468C gpu@51C tj@51C soc1@50.218C VDD_IN 5431mW/5525mW VDD_CPU_GPU_CV 479mW/539mW VDD_SOC 2795mW/2814mW
08-04-2026 13:34:53 RAM 1469/7620MB (lfb 96x4MB) SWAP 0/3810MB (cached 0MB) CPU [0%@729,0%@729,0%@729,0%@729,0%@729,0%@729] GR3D_FREQ 0% cpu@49.968C soc2@48.625C soc0@50.437C gpu@51C tj@51C soc1@50.25C VDD_IN 5440mW/5525mW VDD_CPU_GPU_CV 479mW/538mW VDD_SOC 2795mW/2814mW
08-04-2026 13:34:54 RAM 1469/7620MB (lfb 96x4MB) SWAP 0/3810MB (cached 0MB) CPU [1%@729,0%@729,0%@729,0%@729,0%@729,0%@729] GR3D_FREQ 0% cpu@50.156C soc2@48.625C soc0@50.562C gpu@50.968C tj@50.968C soc1@50.281C VDD_IN 5440mW/5524mW VDD_CPU_GPU_CV 519mW/538mW VDD_SOC 2795mW/2814mW
08-04-2026 13:34:55 RAM 1469/7620MB (lfb 96x4MB) SWAP 0/3810MB (cached 0MB) CPU [0%@729,0%@729,0%@729,1%@729,0%@729,0%@729] GR3D_FREQ 0% cpu@49.968C soc2@48.625C soc0@50.5C gpu@51C tj@51C soc1@50.187C VDD_IN 5431mW/5523mW VDD_CPU_GPU_CV 519mW/538mW VDD_SOC 2795mW/2813mW
08-04-2026 13:34:56 RAM 1469/7620MB (lfb 96x4MB) SWAP 0/3810MB (cached 0MB) CPU [0%@729,0%@729,0%@729,0%@729,0%@729,0%@729] GR3D_FREQ 0% cpu@50C soc2@48.593C soc0@50.437C gpu@51.031C tj@50.875C soc1@50.156C VDD_IN 5480mW/5523mW VDD_CPU_GPU_CV 479mW/538mW VDD_SOC 2795mW/2813mW
08-04-2026 13:34:57 RAM 1469/7620MB (lfb 96x4MB) SWAP 0/3810MB (cached 0MB) CPU [0%@729,1%@729,0%@729,0%@729,0%@729,0%@729] GR3D_FREQ 0% cpu@50.125C soc2@48.625C soc0@50.468C gpu@50.812C tj@50.812C soc1@50.25C VDD_IN 5440mW/5523mW VDD_CPU_GPU_CV 479mW/537mW VDD_SOC 2795mW/2813mW
08-04-2026 13:34:58 RAM 1469/7620MB (lfb 96x4MB) SWAP 0/3810MB (cached 0MB) CPU [1%@729,0%@729,0%@729,0%@729,0%@729,0%@729] GR3D_FREQ 0% cpu@50C soc2@48.625C soc0@50.468C gpu@50.843C tj@50.843C soc1@50.343C VDD_IN 5440mW/5522mW VDD_CPU_GPU_CV 519mW/537mW VDD_SOC 2795mW/2813mW
08-04-2026 13:34:59 RAM 1469/7620MB (lfb 96x4MB) SWAP 0/3810MB (cached 0MB) CPU [0%@729,0%@729,0%@729,0%@729,0%@729,0%@729] GR3D_FREQ 0% cpu@50.218C soc2@48.781C soc0@50.5C gpu@50.875C tj@50.875C soc1@50.281C VDD_IN 5431mW/5521mW VDD_CPU_GPU_CV 519mW/537mW VDD_SOC 2795mW/2813mW
08-04-2026 13:35:00 RAM 1469/7620MB (lfb 96x4MB) SWAP 0/3810MB (cached 0MB) CPU [0%@729,1%@729,0%@729,0%@729,0%@729,0%@729] GR3D_FREQ 0% cpu@49.937C soc2@48.593C soc0@50.5C gpu@50.906C tj@50.906C soc1@50.156C VDD_IN 5440mW/5521mW VDD_CPU_GPU_CV 479mW/536mW VDD_SOC 2795mW/2813mW
08-04-2026 13:35:01 RAM 1469/7620MB (lfb 96x4MB) SWAP 0/3810MB (cached 0MB) CPU [0%@729,0%@729,0%@729,0%@729,0%@729,0%@729] GR3D_FREQ 0% cpu@50.031C soc2@48.625C soc0@50.468C gpu@50.875C tj@50.875C soc1@50.156C VDD_IN 5440mW/5520mW VDD_CPU_GPU_CV 519mW/536mW VDD_SOC 2795mW/2813mW
08-04-2026 13:35:02 RAM 1469/7620MB (lfb 96x4MB) SWAP 0/3810MB (cached 0MB) CPU [0%@729,1%@729,0%@729,1%@729,0%@729,0%@729] GR3D_FREQ 0% cpu@50.156C soc2@48.593C soc0@50.468C gpu@51.031C tj@51.031C soc1@50.25C VDD_IN 5440mW/5520mW VDD_CPU_GPU_CV 519mW/536mW VDD_SOC 2795mW/2813mW
08-04-2026 13:35:03 RAM 1469/7620MB (lfb 96x4MB) SWAP 0/3810MB (cached 0MB) CPU [0%@729,1%@729,0%@729,0%@729,0%@729,0%@729] GR3D_FREQ 0% cpu@49.968C soc2@48.687C soc0@50.468C gpu@51.062C tj@51.062C soc1@50.25C VDD_IN 5480mW/5519mW VDD_CPU_GPU_CV 519mW/536mW VDD_SOC 2795mW/2812mW
08-04-2026 13:35:04 RAM 1469/7620MB (lfb 96x4MB) SWAP 0/3810MB (cached 0MB) CPU [0%@729,0%@729,0%@729,0%@729,0%@729,0%@729] GR3D_FREQ 0% cpu@50.156C soc2@48.656C soc0@50.5C gpu@51.062C tj@51.062C soc1@50.281C VDD_IN 5440mW/5519mW VDD_CPU_GPU_CV 519mW/536mW VDD_SOC 2795mW/2812mW
08-04-2026 13:35:05 RAM 1469/7620MB (lfb 96x4MB) SWAP 0/3810MB (cached 0MB) CPU [0%@729,0%@729,0%@729,0%@729,0%@729,0%@729] GR3D_FREQ 0% cpu@50.062C soc2@48.687C soc0@50.531C gpu@51.093C tj@51.093C soc1@50.125C VDD_IN 5440mW/5518mW VDD_CPU_GPU_CV 519mW/536mW VDD_SOC 2795mW/2812mW
08-04-2026 13:35:06 RAM 1469/7620MB (lfb 96x4MB) SWAP 0/3810MB (cached 0MB) CPU [0%@729,0%@729,1%@729,0%@729,0%@729,0%@729] GR3D_FREQ 0% cpu@50C soc2@48.531C soc0@50.312C gpu@51.125C tj@51.125C soc1@50.187C VDD_IN 5440mW/5518mW VDD_CPU_GPU_CV 519mW/536mW VDD_SOC 2795mW/2812mW
08-04-2026 13:35:07 RAM 1469/7620MB (lfb 96x4MB) SWAP 0/3810MB (cached 0MB) CPU [0%@729,0%@729,0%@729,0%@729,0%@729,0%@729] GR3D_FREQ 0% cpu@50.093C soc2@48.593C soc0@50.437C gpu@51.125C tj@51.125C soc1@50.218C VDD_IN 5440mW/5517mW VDD_CPU_GPU_CV 519mW/536mW VDD_SOC 2795mW/2812mW
08-04-2026 13:35:08 RAM 1469/7620MB (lfb 96x4MB) SWAP 0/3810MB (cached 0MB) CPU [0%@729,0%@729,0%@729,1%@729,0%@729,0%@729] GR3D_FREQ 0% cpu@49.968C soc2@48.593C soc0@50.562C gpu@50.843C tj@50.843C soc1@50.218C VDD_IN 5440mW/5517mW VDD_CPU_GPU_CV 519mW/536mW VDD_SOC 2795mW/2812mW
08-04-2026 13:35:09 RAM 1469/7620MB (lfb 96x4MB) SWAP 0/3810MB (cached 0MB) CPU [0%@729,0%@729,0%@729,0%@729,0%@729,0%@729] GR3D_FREQ 0% cpu@50.031C soc2@48.656C soc0@50.468C gpu@50.968C tj@50.968C soc1@50.312C VDD_IN 5431mW/5516mW VDD_CPU_GPU_CV 479mW/535mW VDD_SOC 2795mW/2812mW
08-04-2026 13:35:10 RAM 1469/7620MB (lfb 96x4MB) SWAP 0/3810MB (cached 0MB) CPU [1%@729,1%@729,0%@729,0%@729,0%@729,0%@729] GR3D_FREQ 0% cpu@49.968C soc2@48.625C soc0@50.593C gpu@50.937C tj@50.937C soc1@50.187C VDD_IN 5480mW/5516mW VDD_CPU_GPU_CV 519mW/535mW VDD_SOC 2795mW/2812mW
08-04-2026 13:35:11 RAM 1469/7620MB (lfb 96x4MB) SWAP 0/3810MB (cached 0MB) CPU [0%@729,0%@729,0%@729,1%@729,0%@729,0%@729] GR3D_FREQ 0% cpu@50.062C soc2@48.593C soc0@50.406C gpu@50.937C tj@50.937C soc1@50.187C VDD_IN 5440mW/5516mW VDD_CPU_GPU_CV 479mW/535mW VDD_SOC 2795mW/2812mW
08-04-2026 13:35:12 RAM 1469/7620MB (lfb 96x4MB) SWAP 0/3810MB (cached 0MB) CPU [0%@729,0%@729,0%@729,0%@729,0%@729,0%@729] GR3D_FREQ 0% cpu@50.031C soc2@48.625C soc0@50.468C gpu@50.937C tj@50.937C soc1@50.218C VDD_IN 5440mW/5515mW VDD_CPU_GPU_CV 479mW/534mW VDD_SOC 2795mW/2811mW
08-04-2026 13:35:13 RAM 1469/7620MB (lfb 96x4MB) SWAP 0/3810MB (cached 0MB) CPU [0%@729,1%@729,0%@729,0%@729,0%@729,0%@729] GR3D_FREQ 0% cpu@50.312C soc2@48.562C soc0@50.5C gpu@50.875C tj@50.875C soc1@50.343C VDD_IN 5440mW/5515mW VDD_CPU_GPU_CV 479mW/534mW VDD_SOC 2795mW/2811mW
08-04-2026 13:35:14 RAM 1469/7620MB (lfb 96x4MB) SWAP 0/3810MB (cached 0MB) CPU [1%@729,1%@729,0%@729,0%@729,0%@729,0%@729] GR3D_FREQ 0% cpu@50C soc2@48.562C soc0@50.562C gpu@51.281C tj@51.281C soc1@50.281C VDD_IN 5440mW/5514mW VDD_CPU_GPU_CV 519mW/534mW VDD_SOC 2795mW/2811mW
08-04-2026 13:35:15 RAM 1469/7620MB (lfb 96x4MB) SWAP 0/3810MB (cached 0MB) CPU [0%@729,0%@729,0%@729,0%@729,0%@729,0%@729] GR3D_FREQ 0% cpu@50C soc2@48.625C soc0@50.625C gpu@51.281C tj@51.281C soc1@50.25C VDD_IN 5440mW/5514mW VDD_CPU_GPU_CV 519mW/534mW VDD_SOC 2795mW/2811mW
08-04-2026 13:35:16 RAM 1469/7620MB (lfb 96x4MB) SWAP 0/3810MB (cached 0MB) CPU [0%@729,1%@729,0%@729,0%@729,0%@729,0%@729] GR3D_FREQ 0% cpu@49.968C soc2@48.562C soc0@50.593C gpu@51.312C tj@51.312C soc1@50.218C VDD_IN 5440mW/5513mW VDD_CPU_GPU_CV 519mW/534mW VDD_SOC 2795mW/2811mW
08-04-2026 13:35:17 RAM 1469/7620MB (lfb 96x4MB) SWAP 0/3810MB (cached 0MB) CPU [0%@729,0%@729,0%@729,0%@729,0%@729,0%@729] GR3D_FREQ 0% cpu@50.062C soc2@48.656C soc0@50.468C gpu@51.281C tj@51.281C soc1@50.187C VDD_IN 5480mW/5513mW VDD_CPU_GPU_CV 519mW/534mW VDD_SOC 2795mW/2811mW
08-04-2026 13:35:18 RAM 1469/7620MB (lfb 96x4MB) SWAP 0/3810MB (cached 0MB) CPU [0%@729,0%@729,0%@729,0%@729,0%@729,0%@729] GR3D_FREQ 0% cpu@50.25C soc2@48.593C soc0@50.468C gpu@50.781C tj@50.781C soc1@50.187C VDD_IN 5480mW/5513mW VDD_CPU_GPU_CV 519mW/534mW VDD_SOC 2795mW/2811mW
08-04-2026 13:35:19 RAM 1469/7620MB (lfb 96x4MB) SWAP 0/3810MB (cached 0MB) CPU [1%@729,0%@729,0%@729,0%@729,0%@729,0%@729] GR3D_FREQ 0% cpu@49.968C soc2@48.562C soc0@50.5C gpu@51C tj@51C soc1@50.312C VDD_IN 5440mW/5513mW VDD_CPU_GPU_CV 519mW/534mW VDD_SOC 2795mW/2811mW
08-04-2026 13:35:20 RAM 1469/7620MB (lfb 96x4MB) SWAP 0/3810MB (cached 0MB) CPU [0%@729,0%@729,0%@729,1%@729,0%@729,0%@729] GR3D_FREQ 0% cpu@50C soc2@48.593C soc0@50.437C gpu@50.937C tj@50.937C soc1@50.218C VDD_IN 5431mW/5512mW VDD_CPU_GPU_CV 519mW/533mW VDD_SOC 2795mW/2811mW
08-04-2026 13:35:21 RAM 1469/7620MB (lfb 96x4MB) SWAP 0/3810MB (cached 0MB) CPU [0%@729,0%@729,0%@729,0%@729,0%@729,0%@729] GR3D_FREQ 0% cpu@50.187C soc2@48.593C soc0@50.468C gpu@51C tj@51C soc1@50.187C VDD_IN 5431mW/5512mW VDD_CPU_GPU_CV 519mW/533mW VDD_SOC 2795mW/2811mW
08-04-2026 13:35:22 RAM 1469/7620MB (lfb 96x4MB) SWAP 0/3810MB (cached 0MB) CPU [1%@729,0%@729,0%@729,0%@729,0%@729,0%@729] GR3D_FREQ 0% cpu@50C soc2@48.531C soc0@50.406C gpu@51C tj@51C soc1@50.125C VDD_IN 5440mW/5511mW VDD_CPU_GPU_CV 519mW/533mW VDD_SOC 2795mW/2811mW
08-04-2026 13:35:23 RAM 1469/7620MB (lfb 96x4MB) SWAP 0/3810MB (cached 0MB) CPU [0%@729,0%@729,1%@729,0%@729,0%@729,0%@729] GR3D_FREQ 0% cpu@50.25C soc2@48.625C soc0@50.5C gpu@51C tj@51C soc1@50.312C VDD_IN 5480mW/5511mW VDD_CPU_GPU_CV 519mW/533mW VDD_SOC 2795mW/2810mW
08-04-2026 13:35:24 RAM 1470/7620MB (lfb 96x4MB) SWAP 0/3810MB (cached 0MB) CPU [0%@729,0%@729,0%@729,0%@729,0%@729,0%@729] GR3D_FREQ 0% cpu@49.968C soc2@48.562C soc0@50.531C gpu@51.093C tj@50.812C soc1@50.156C VDD_IN 5480mW/5511mW VDD_CPU_GPU_CV 519mW/533mW VDD_SOC 2795mW/2810mW
08-04-2026 13:35:25 RAM 1470/7620MB (lfb 96x4MB) SWAP 0/3810MB (cached 0MB) CPU [1%@729,0%@729,0%@729,1%@729,0%@729,0%@729] GR3D_FREQ 0% cpu@50.031C soc2@48.562C soc0@50.468C gpu@50.75C tj@50.75C soc1@50.156C VDD_IN 5431mW/5510mW VDD_CPU_GPU_CV 479mW/533mW VDD_SOC 2795mW/2810mW
08-04-2026 13:35:26 RAM 1470/7620MB (lfb 96x4MB) SWAP 0/3810MB (cached 0MB) CPU [0%@729,0%@729,1%@729,0%@729,0%@729,0%@729] GR3D_FREQ 0% cpu@50.156C soc2@48.562C soc0@50.406C gpu@50.812C tj@50.812C soc1@50.187C VDD_IN 5431mW/5510mW VDD_CPU_GPU_CV 519mW/533mW VDD_SOC 2795mW/2810mW
08-04-2026 13:35:27 RAM 1470/7620MB (lfb 96x4MB) SWAP 0/3810MB (cached 0MB) CPU [0%@729,0%@729,0%@729,0%@729,0%@729,0%@729] GR3D_FREQ 0% cpu@49.968C soc2@48.593C soc0@50.5C gpu@50.812C tj@50.812C soc1@50.281C VDD_IN 5440mW/5509mW VDD_CPU_GPU_CV 519mW/533mW VDD_SOC 2795mW/2810mW
08-04-2026 13:35:28 RAM 1470/7620MB (lfb 96x4MB) SWAP 0/3810MB (cached 0MB) CPU [0%@729,0%@729,1%@729,0%@729,0%@729,0%@729] GR3D_FREQ 0% cpu@50.312C soc2@48.562C soc0@50.468C gpu@50.843C tj@50.843C soc1@50.375C VDD_IN 5431mW/5509mW VDD_CPU_GPU_CV 519mW/533mW VDD_SOC 2795mW/2810mW
08-04-2026 13:35:29 RAM 1470/7620MB (lfb 96x4MB) SWAP 0/3810MB (cached 0MB) CPU [1%@729,0%@729,0%@729,0%@729,0%@729,0%@729] GR3D_FREQ 0% cpu@49.968C soc2@48.531C soc0@50.656C gpu@51.093C tj@51.093C soc1@50.156C VDD_IN 5431mW/5509mW VDD_CPU_GPU_CV 479mW/532mW VDD_SOC 2795mW/2810mW
08-04-2026 13:35:30 RAM 1470/7620MB (lfb 96x4MB) SWAP 0/3810MB (cached 0MB) CPU [0%@729,0%@729,1%@729,0%@729,0%@729,0%@729] GR3D_FREQ 0% cpu@50C soc2@48.531C soc0@50.562C gpu@51.031C tj@51.031C soc1@50.187C VDD_IN 5440mW/5508mW VDD_CPU_GPU_CV 519mW/532mW VDD_SOC 2795mW/2810mW
08-04-2026 13:35:31 RAM 1470/7620MB (lfb 96x4MB) SWAP 0/3810MB (cached 0MB) CPU [0%@729,0%@729,0%@729,0%@729,0%@729,0%@729] GR3D_FREQ 0% cpu@50.156C soc2@48.562C soc0@50.468C gpu@51.093C tj@51.093C soc1@50.281C VDD_IN 5480mW/5508mW VDD_CPU_GPU_CV 519mW/532mW VDD_SOC 2795mW/2810mW
08-04-2026 13:35:32 RAM 1470/7620MB (lfb 96x4MB) SWAP 0/3810MB (cached 0MB) CPU [0%@729,0%@729,1%@729,0%@729,0%@729,0%@729] GR3D_FREQ 0% cpu@50C soc2@48.656C soc0@50.5C gpu@51.187C tj@51.187C soc1@50.187C VDD_IN 5440mW/5508mW VDD_CPU_GPU_CV 479mW/532mW VDD_SOC 2795mW/2810mW
08-04-2026 13:35:33 RAM 1470/7620MB (lfb 96x4MB) SWAP 0/3810MB (cached 0MB) CPU [0%@729,1%@729,0%@729,0%@729,0%@729,0%@729] GR3D_FREQ 0% cpu@49.968C soc2@48.656C soc0@50.625C gpu@51.125C tj@51.125C soc1@50.406C VDD_IN 5431mW/5507mW VDD_CPU_GPU_CV 479mW/532mW VDD_SOC 2795mW/2810mW
08-04-2026 13:35:34 RAM 1470/7620MB (lfb 96x4MB) SWAP 0/3810MB (cached 0MB) CPU [0%@729,0%@729,0%@729,0%@729,0%@729,0%@729] GR3D_FREQ 0% cpu@49.968C soc2@48.562C soc0@50.562C gpu@50.906C tj@50.906C soc1@50.187C VDD_IN 5431mW/5507mW VDD_CPU_GPU_CV 479mW/531mW VDD_SOC 2795mW/2809mW
08-04-2026 13:35:35 RAM 1470/7620MB (lfb 96x4MB) SWAP 0/3810MB (cached 0MB) CPU [0%@729,0%@729,0%@729,0%@729,0%@729,0%@729] GR3D_FREQ 0% cpu@50.031C soc2@48.593C soc0@50.437C gpu@50.906C tj@50.906C soc1@50.218C VDD_IN 5440mW/5506mW VDD_CPU_GPU_CV 519mW/531mW VDD_SOC 2795mW/2809mW
08-04-2026 13:35:36 RAM 1470/7620MB (lfb 96x4MB) SWAP 0/3810MB (cached 0MB) CPU [0%@729,0%@729,0%@729,0%@729,0%@729,0%@729] GR3D_FREQ 0% cpu@50.281C soc2@48.625C soc0@50.468C gpu@50.937C tj@50.937C soc1@50.281C VDD_IN 5440mW/5506mW VDD_CPU_GPU_CV 519mW/531mW VDD_SOC 2795mW/2809mW
08-04-2026 13:35:37 RAM 1470/7620MB (lfb 96x4MB) SWAP 0/3810MB (cached 0MB) CPU [0%@729,0%@729,0%@729,0%@729,0%@729,0%@729] GR3D_FREQ 0% cpu@50C soc2@48.593C soc0@50.5C gpu@50.937C tj@50.937C soc1@50.312C VDD_IN 5440mW/5506mW VDD_CPU_GPU_CV 519mW/531mW VDD_SOC 2795mW/2809mW
08-04-2026 13:35:38 RAM 1470/7620MB (lfb 96x4MB) SWAP 0/3810MB (cached 0MB) CPU [0%@729,0%@729,1%@729,0%@729,0%@729,0%@729] GR3D_FREQ 0% cpu@49.968C soc2@48.687C soc0@50.5C gpu@51.218C tj@51.218C soc1@50.218C VDD_IN 5480mW/5506mW VDD_CPU_GPU_CV 519mW/531mW VDD_SOC 2795mW/2809mW
08-04-2026 13:35:39 RAM 1470/7620MB (lfb 96x4MB) SWAP 0/3810MB (cached 0MB) CPU [0%@729,0%@729,0%@729,0%@729,0%@729,0%@729] GR3D_FREQ 0% cpu@50.125C soc2@48.625C soc0@50.468C gpu@51.218C tj@51.218C soc1@50.187C VDD_IN 5440mW/5505mW VDD_CPU_GPU_CV 519mW/531mW VDD_SOC 2795mW/2809mW
08-04-2026 13:35:40 RAM 1470/7620MB (lfb 96x4MB) SWAP 0/3810MB (cached 0MB) CPU [0%@729,0%@729,0%@729,0%@729,0%@729,0%@729] GR3D_FREQ 0% cpu@49.968C soc2@48.593C soc0@50.5C gpu@51.281C tj@51.281C soc1@50.25C VDD_IN 5440mW/5505mW VDD_CPU_GPU_CV 479mW/531mW VDD_SOC 2795mW/2809mW
08-04-2026 13:35:41 RAM 1470/7620MB (lfb 96x4MB) SWAP 0/3810MB (cached 0MB) CPU [0%@729,0%@729,1%@729,0%@729,0%@729,0%@729] GR3D_FREQ 0% cpu@50.156C soc2@48.656C soc0@50.437C gpu@51.25C tj@51.25C soc1@50.312C VDD_IN 5440mW/5505mW VDD_CPU_GPU_CV 479mW/530mW VDD_SOC 2795mW/2809mW
08-04-2026 13:35:42 RAM 1470/7620MB (lfb 96x4MB) SWAP 0/3810MB (cached 0MB) CPU [0%@729,0%@729,0%@729,0%@729,0%@729,0%@729] GR3D_FREQ 0% cpu@49.968C soc2@48.656C soc0@50.531C gpu@50.968C tj@50.968C soc1@50.343C VDD_IN 5440mW/5504mW VDD_CPU_GPU_CV 519mW/530mW VDD_SOC 2795mW/2809mW
08-04-2026 13:35:43 RAM 1470/7620MB (lfb 96x4MB) SWAP 0/3810MB (cached 0MB) CPU [0%@729,0%@729,0%@729,0%@729,0%@729,0%@729] GR3D_FREQ 0% cpu@50.031C soc2@48.656C soc0@50.593C gpu@51.062C tj@51.062C soc1@50.25C VDD_IN 5440mW/5504mW VDD_CPU_GPU_CV 519mW/530mW VDD_SOC 2795mW/2809mW
08-04-2026 13:35:44 RAM 1470/7620MB (lfb 96x4MB) SWAP 0/3810MB (cached 0MB) CPU [0%@729,0%@729,2%@729,1%@729,0%@729,0%@729] GR3D_FREQ 0% cpu@50.156C soc2@48.593C soc0@50.5C gpu@51.031C tj@51.031C soc1@50.187C VDD_IN 5440mW/5504mW VDD_CPU_GPU_CV 479mW/530mW VDD_SOC 2795mW/2809mW
08-04-2026 13:35:45 RAM 1470/7620MB (lfb 96x4MB) SWAP 0/3810MB (cached 0MB) CPU [0%@729,0%@729,0%@729,1%@729,0%@729,0%@729] GR3D_FREQ 0% cpu@50.343C soc2@48.656C soc0@50.5C gpu@51C tj@51C soc1@50.312C VDD_IN 5440mW/5503mW VDD_CPU_GPU_CV 479mW/530mW VDD_SOC 2795mW/2809mW
08-04-2026 13:35:46 RAM 1470/7620MB (lfb 96x4MB) SWAP 0/3810MB (cached 0MB) CPU [0%@729,0%@729,0%@729,0%@729,0%@729,0%@729] GR3D_FREQ 0% cpu@50.156C soc2@48.625C soc0@50.625C gpu@51.093C tj@51.093C soc1@50.312C VDD_IN 5440mW/5503mW VDD_CPU_GPU_CV 519mW/530mW VDD_SOC 2795mW/2809mW
08-04-2026 13:35:47 RAM 1470/7620MB (lfb 96x4MB) SWAP 0/3810MB (cached 0MB) CPU [1%@729,0%@729,0%@729,1%@729,0%@729,0%@729] GR3D_FREQ 0% cpu@49.968C soc2@48.656C soc0@50.562C gpu@50.875C tj@50.875C soc1@50.218C VDD_IN 5440mW/5503mW VDD_CPU_GPU_CV 479mW/529mW VDD_SOC 2795mW/2809mW
08-04-2026 13:35:48 RAM 1470/7620MB (lfb 96x4MB) SWAP 0/3810MB (cached 0MB) CPU [0%@729,0%@729,0%@729,0%@729,0%@729,0%@729] GR3D_FREQ 0% cpu@50.031C soc2@48.625C soc0@50.593C gpu@50.937C tj@50.937C soc1@50.218C VDD_IN 5440mW/5502mW VDD_CPU_GPU_CV 479mW/529mW VDD_SOC 2795mW/2808mW
08-04-2026 13:35:49 RAM 1470/7620MB (lfb 96x4MB) SWAP 0/3810MB (cached 0MB) CPU [0%@729,0%@729,0%@729,0%@729,0%@729,0%@729] GR3D_FREQ 0% cpu@50.125C soc2@48.562C soc0@50.437C gpu@50.843C tj@50.843C soc1@50.25C VDD_IN 5431mW/5502mW VDD_CPU_GPU_CV 479mW/529mW VDD_SOC 2795mW/2808mW
08-04-2026 13:35:50 RAM 1470/7620MB (lfb 96x4MB) SWAP 0/3810MB (cached 0MB) CPU [0%@729,0%@729,1%@729,0%@729,0%@729,0%@729] GR3D_FREQ 0% cpu@50.343C soc2@48.562C soc0@50.531C gpu@50.906C tj@50.906C soc1@50.187C VDD_IN 5440mW/5502mW VDD_CPU_GPU_CV 479mW/529mW VDD_SOC 2795mW/2808mW
08-04-2026 13:35:51 RAM 1470/7620MB (lfb 96x4MB) SWAP 0/3810MB (cached 0MB) CPU [0%@729,0%@729,0%@729,0%@729,0%@729,0%@729] GR3D_FREQ 0% cpu@50.125C soc2@48.625C soc0@50.437C gpu@50.937C tj@50.937C soc1@50.312C VDD_IN 5440mW/5501mW VDD_CPU_GPU_CV 519mW/529mW VDD_SOC 2795mW/2808mW
08-04-2026 13:35:52 RAM 1470/7620MB (lfb 96x4MB) SWAP 0/3810MB (cached 0MB) CPU [0%@729,0%@729,0%@729,0%@729,0%@729,0%@729] GR3D_FREQ 0% cpu@49.937C soc2@48.718C soc0@50.5C gpu@50.843C tj@50.843C soc1@50.25C VDD_IN 5480mW/5501mW VDD_CPU_GPU_CV 519mW/529mW VDD_SOC 2795mW/2808mW
08-04-2026 13:35:53 RAM 1470/7620MB (lfb 96x4MB) SWAP 0/3810MB (cached 0MB) CPU [0%@729,1%@729,1%@729,0%@729,0%@729,0%@729] GR3D_FREQ 0% cpu@50.062C soc2@48.656C soc0@50.687C gpu@51.093C tj@51.093C soc1@50.187C VDD_IN 5440mW/5501mW VDD_CPU_GPU_CV 519mW/529mW VDD_SOC 2795mW/2808mW
08-04-2026 13:35:54 RAM 1470/7620MB (lfb 96x4MB) SWAP 0/3810MB (cached 0MB) CPU [0%@729,0%@729,1%@729,0%@729,0%@729,0%@729] GR3D_FREQ 0% cpu@50.093C soc2@48.593C soc0@50.406C gpu@51.125C tj@51.125C soc1@50.218C VDD_IN 5440mW/5501mW VDD_CPU_GPU_CV 519mW/528mW VDD_SOC 2795mW/2808mW
08-04-2026 13:35:55 RAM 1470/7620MB (lfb 96x4MB) SWAP 0/3810MB (cached 0MB) CPU [0%@729,0%@729,1%@729,0%@729,0%@729,0%@729] GR3D_FREQ 0% cpu@50.343C soc2@48.593C soc0@50.468C gpu@51.093C tj@51.093C soc1@50.343C VDD_IN 5440mW/5500mW VDD_CPU_GPU_CV 519mW/528mW VDD_SOC 2795mW/2808mW
08-04-2026 13:35:56 RAM 1470/7620MB (lfb 96x4MB) SWAP 0/3810MB (cached 0MB) CPU [1%@729,0%@729,1%@729,0%@729,0%@729,0%@729] GR3D_FREQ 0% cpu@50.062C soc2@48.656C soc0@50.5C gpu@51.156C tj@51.156C soc1@50.406C VDD_IN 5440mW/5500mW VDD_CPU_GPU_CV 519mW/528mW VDD_SOC 2795mW/2808mW
08-04-2026 13:35:57 RAM 1470/7620MB (lfb 96x4MB) SWAP 0/3810MB (cached 0MB) CPU [0%@729,0%@729,0%@729,0%@729,0%@729,0%@729] GR3D_FREQ 0% cpu@50.031C soc2@48.562C soc0@50.562C gpu@51.187C tj@51.187C soc1@50.187C VDD_IN 5440mW/5500mW VDD_CPU_GPU_CV 519mW/528mW VDD_SOC 2795mW/2808mW
08-04-2026 13:35:58 RAM 1470/7620MB (lfb 96x4MB) SWAP 0/3810MB (cached 0MB) CPU [0%@729,0%@729,0%@729,0%@729,0%@729,0%@729] GR3D_FREQ 0% cpu@50C soc2@48.593C soc0@50.718C gpu@50.968C tj@50.968C soc1@50.187C VDD_IN 5440mW/5499mW VDD_CPU_GPU_CV 519mW/528mW VDD_SOC 2795mW/2808mW
08-04-2026 13:35:59 RAM 1470/7620MB (lfb 96x4MB) SWAP 0/3810MB (cached 0MB) CPU [0%@729,0%@729,0%@729,0%@729,0%@729,0%@729] GR3D_FREQ 0% cpu@50.156C soc2@48.562C soc0@50.5C gpu@50.968C tj@50.968C soc1@50.25C VDD_IN 5560mW/5500mW VDD_CPU_GPU_CV 519mW/528mW VDD_SOC 2835mW/2808mW
08-04-2026 13:36:00 RAM 1470/7620MB (lfb 96x4MB) SWAP 0/3810MB (cached 0MB) CPU [0%@729,0%@729,0%@729,0%@729,0%@729,0%@729] GR3D_FREQ 0% cpu@50.312C soc2@48.687C soc0@50.468C gpu@50.937C tj@50.937C soc1@50.312C VDD_IN 5480mW/5500mW VDD_CPU_GPU_CV 519mW/528mW VDD_SOC 2795mW/2808mW
08-04-2026 13:36:01 RAM 1470/7620MB (lfb 96x4MB) SWAP 0/3810MB (cached 0MB) CPU [1%@729,0%@729,0%@729,0%@729,0%@729,0%@729] GR3D_FREQ 0% cpu@49.968C soc2@48.656C soc0@50.625C gpu@51C tj@51C soc1@50.375C VDD_IN 5440mW/5499mW VDD_CPU_GPU_CV 519mW/528mW VDD_SOC 2795mW/2808mW
08-04-2026 13:36:02 RAM 1470/7620MB (lfb 96x4MB) SWAP 0/3810MB (cached 0MB) CPU [0%@729,0%@729,1%@729,0%@729,0%@729,0%@729] GR3D_FREQ 0% cpu@50.031C soc2@48.687C soc0@50.687C gpu@50.968C tj@50.968C soc1@50.187C VDD_IN 5440mW/5499mW VDD_CPU_GPU_CV 519mW/528mW VDD_SOC 2795mW/2808mW
08-04-2026 13:36:04 RAM 1470/7620MB (lfb 96x4MB) SWAP 0/3810MB (cached 0MB) CPU [0%@729,0%@729,0%@729,0%@729,0%@729,0%@729] GR3D_FREQ 0% cpu@50C soc2@48.656C soc0@50.625C gpu@50.937C tj@51.312C soc1@50.187C VDD_IN 5431mW/5499mW VDD_CPU_GPU_CV 519mW/528mW VDD_SOC 2795mW/2808mW
08-04-2026 13:36:05 RAM 1470/7620MB (lfb 96x4MB) SWAP 0/3810MB (cached 0MB) CPU [0%@729,0%@729,0%@729,0%@729,0%@729,0%@729] GR3D_FREQ 0% cpu@50.093C soc2@48.687C soc0@50.531C gpu@51.312C tj@51.312C soc1@50.187C VDD_IN 5440mW/5498mW VDD_CPU_GPU_CV 519mW/528mW VDD_SOC 2795mW/2808mW
08-04-2026 13:36:06 RAM 1470/7620MB (lfb 96x4MB) SWAP 0/3810MB (cached 0MB) CPU [0%@729,0%@729,1%@729,0%@729,0%@729,0%@729] GR3D_FREQ 0% cpu@50.25C soc2@48.687C soc0@50.468C gpu@51.375C tj@51.375C soc1@50.25C VDD_IN 5440mW/5498mW VDD_CPU_GPU_CV 479mW/528mW VDD_SOC 2795mW/2808mW
08-04-2026 13:36:07 RAM 1470/7620MB (lfb 96x4MB) SWAP 0/3810MB (cached 0MB) CPU [1%@729,0%@729,0%@729,0%@729,0%@729,0%@729] GR3D_FREQ 0% cpu@50C soc2@48.625C soc0@50.625C gpu@51.375C tj@51.375C soc1@50.281C VDD_IN 5480mW/5498mW VDD_CPU_GPU_CV 519mW/528mW VDD_SOC 2795mW/2808mW
08-04-2026 13:36:08 RAM 1470/7620MB (lfb 96x4MB) SWAP 0/3810MB (cached 0MB) CPU [0%@729,0%@729,0%@729,0%@729,0%@729,0%@729] GR3D_FREQ 0% cpu@49.968C soc2@48.656C soc0@50.656C gpu@50.843C tj@50.843C soc1@50.187C VDD_IN 5440mW/5498mW VDD_CPU_GPU_CV 479mW/528mW VDD_SOC 2795mW/2807mW
08-04-2026 13:36:09 RAM 1470/7620MB (lfb 96x4MB) SWAP 0/3810MB (cached 0MB) CPU [0%@729,0%@729,1%@729,0%@729,0%@729,0%@729] GR3D_FREQ 0% cpu@50C soc2@48.531C soc0@50.5C gpu@50.875C tj@50.875C soc1@50.187C VDD_IN 5440mW/5498mW VDD_CPU_GPU_CV 479mW/527mW VDD_SOC 2795mW/2807mW
08-04-2026 13:36:10 RAM 1470/7620MB (lfb 96x4MB) SWAP 0/3810MB (cached 0MB) CPU [0%@729,0%@729,0%@729,0%@729,0%@729,0%@729] GR3D_FREQ 0% cpu@50.093C soc2@48.656C soc0@50.531C gpu@51.062C tj@51.062C soc1@50.281C VDD_IN 5440mW/5497mW VDD_CPU_GPU_CV 519mW/527mW VDD_SOC 2795mW/2807mW
08-04-2026 13:36:11 RAM 1470/7620MB (lfb 96x4MB) SWAP 0/3810MB (cached 0MB) CPU [1%@729,0%@729,0%@729,0%@729,0%@729,0%@729] GR3D_FREQ 0% cpu@50.218C soc2@48.656C soc0@50.468C gpu@51C tj@51C soc1@50.218C VDD_IN 5440mW/5497mW VDD_CPU_GPU_CV 519mW/527mW VDD_SOC 2795mW/2807mW
08-04-2026 13:36:12 RAM 1470/7620MB (lfb 96x4MB) SWAP 0/3810MB (cached 0MB) CPU [0%@729,0%@729,0%@729,0%@729,0%@729,0%@729] GR3D_FREQ 0% cpu@49.968C soc2@48.625C soc0@50.593C gpu@51C tj@51C soc1@50.156C VDD_IN 5480mW/5497mW VDD_CPU_GPU_CV 519mW/527mW VDD_SOC 2795mW/2807mW
08-04-2026 13:36:13 RAM 1470/7620MB (lfb 96x4MB) SWAP 0/3810MB (cached 0MB) CPU [0%@729,0%@729,0%@729,0%@729,0%@729,0%@729] GR3D_FREQ 0% cpu@50.093C soc2@48.625C soc0@50.593C gpu@51.031C tj@51.031C soc1@50.187C VDD_IN 5440mW/5497mW VDD_CPU_GPU_CV 479mW/527mW VDD_SOC 2795mW/2807mW
08-04-2026 13:36:14 RAM 1470/7620MB (lfb 96x4MB) SWAP 0/3810MB (cached 0MB) CPU [0%@729,1%@729,0%@729,0%@729,0%@729,0%@729] GR3D_FREQ 0% cpu@50.093C soc2@48.625C soc0@50.5C gpu@51C tj@51C soc1@50.187C VDD_IN 5431mW/5496mW VDD_CPU_GPU_CV 479mW/527mW VDD_SOC 2795mW/2807mW
08-04-2026 13:36:15 RAM 1470/7620MB (lfb 96x4MB) SWAP 0/3810MB (cached 0MB) CPU [0%@729,0%@729,1%@729,0%@729,0%@729,0%@729] GR3D_FREQ 0% cpu@50.093C soc2@48.562C soc0@50.5C gpu@51.062C tj@51.062C soc1@50.281C VDD_IN 5480mW/5496mW VDD_CPU_GPU_CV 519mW/527mW VDD_SOC 2795mW/2807mW
08-04-2026 13:36:16 RAM 1470/7620MB (lfb 96x4MB) SWAP 0/3810MB (cached 0MB) CPU [0%@729,0%@729,0%@729,0%@729,0%@729,0%@729] GR3D_FREQ 0% cpu@50.25C soc2@48.593C soc0@50.5C gpu@50.906C tj@50.906C soc1@50.312C VDD_IN 5431mW/5496mW VDD_CPU_GPU_CV 479mW/526mW VDD_SOC 2795mW/2807mW
08-04-2026 13:36:17 RAM 1486/7620MB (lfb 96x4MB) SWAP 0/3810MB (cached 0MB) CPU [25%@1728,7%@1728,7%@1728,7%@1728,7%@729,7%@729] GR3D_FREQ 0% cpu@50.687C soc2@48.906C soc0@50.625C gpu@51C tj@51C soc1@50.406C VDD_IN 6480mW/5500mW VDD_CPU_GPU_CV 1118mW/529mW VDD_SOC 2995mW/2808mW
08-04-2026 13:36:18 RAM 1672/7620MB (lfb 96x4MB) SWAP 0/3810MB (cached 0MB) CPU [100%@1728,6%@1728,7%@1728,6%@1728,6%@729,7%@729] GR3D_FREQ 0% cpu@50.812C soc2@49.031C soc0@50.687C gpu@51.218C tj@51.218C soc1@50.343C VDD_IN 7480mW/5509mW VDD_CPU_GPU_CV 1637mW/534mW VDD_SOC 3274mW/2810mW
08-04-2026 13:36:19 RAM 1718/7620MB (lfb 96x4MB) SWAP 0/3810MB (cached 0MB) CPU [100%@1728,0%@1728,0%@1728,0%@1728,0%@729,0%@729] GR3D_FREQ 0% cpu@50.812C soc2@48.937C soc0@50.656C gpu@51.312C tj@51.312C soc1@50.437C VDD_IN 7440mW/5518mW VDD_CPU_GPU_CV 1517mW/538mW VDD_SOC 3314mW/2812mW
08-04-2026 13:36:20 RAM 1744/7620MB (lfb 96x4MB) SWAP 0/3810MB (cached 0MB) CPU [100%@1728,0%@1728,0%@1728,0%@1728,0%@729,0%@729] GR3D_FREQ 0% cpu@50.781C soc2@49.031C soc0@50.718C gpu@51.312C tj@51.312C soc1@50.468C VDD_IN 7440mW/5526mW VDD_CPU_GPU_CV 1477mW/543mW VDD_SOC 3314mW/2814mW
08-04-2026 13:36:21 RAM 1764/7620MB (lfb 96x4MB) SWAP 0/3810MB (cached 0MB) CPU [100%@1728,0%@1728,0%@1728,0%@1728,0%@729,0%@729] GR3D_FREQ 0% cpu@51.062C soc2@49.062C soc0@50.875C gpu@51.406C tj@51.406C soc1@50.562C VDD_IN 7400mW/5534mW VDD_CPU_GPU_CV 1317mW/546mW VDD_SOC 3354mW/2817mW
08-04-2026 13:36:22 RAM 1465/7620MB (lfb 96x4MB) SWAP 0/3810MB (cached 0MB) CPU [53%@729,0%@729,0%@729,1%@729,0%@729,0%@729] GR3D_FREQ 0% cpu@50.375C soc2@49C soc0@50.812C gpu@51.343C tj@51.343C soc1@50.593C VDD_IN 6160mW/5537mW VDD_CPU_GPU_CV 758mW/547mW VDD_SOC 3035mW/2818mW
08-04-2026 13:36:23 RAM 1465/7620MB (lfb 96x4MB) SWAP 0/3810MB (cached 0MB) CPU [0%@729,0%@729,0%@729,1%@729,0%@729,0%@729] GR3D_FREQ 0% cpu@50.375C soc2@48.906C soc0@50.875C gpu@51.218C tj@51.218C soc1@50.375C VDD_IN 5600mW/5537mW VDD_CPU_GPU_CV 559mW/547mW VDD_SOC 2835mW/2818mW
08-04-2026 13:36:24 RAM 1465/7620MB (lfb 96x4MB) SWAP 0/3810MB (cached 0MB) CPU [0%@729,0%@729,0%@729,1%@729,0%@729,0%@729] GR3D_FREQ 0% cpu@50.437C soc2@48.812C soc0@50.625C gpu@51.5C tj@51.5C soc1@50.468C VDD_IN 5480mW/5537mW VDD_CPU_GPU_CV 519mW/547mW VDD_SOC 2795mW/2818mW
08-04-2026 13:36:25 RAM 1465/7620MB (lfb 96x4MB) SWAP 0/3810MB (cached 0MB) CPU [0%@729,0%@729,0%@729,0%@729,0%@729,0%@729] GR3D_FREQ 0% cpu@50.312C soc2@48.812C soc0@50.625C gpu@51.437C tj@51.437C soc1@50.468C VDD_IN 5440mW/5537mW VDD_CPU_GPU_CV 519mW/547mW VDD_SOC 2795mW/2818mW
08-04-2026 13:36:26 RAM 1465/7620MB (lfb 96x4MB) SWAP 0/3810MB (cached 0MB) CPU [0%@729,0%@729,0%@729,0%@729,0%@729,0%@729] GR3D_FREQ 0% cpu@50.468C soc2@48.781C soc0@50.687C gpu@51.437C tj@51.437C soc1@50.5C VDD_IN 5440mW/5536mW VDD_CPU_GPU_CV 479mW/546mW VDD_SOC 2795mW/2817mW
08-04-2026 13:36:27 RAM 1465/7620MB (lfb 96x4MB) SWAP 0/3810MB (cached 0MB) CPU [0%@729,0%@729,1%@729,0%@729,0%@729,0%@729] GR3D_FREQ 0% cpu@50.156C soc2@48.875C soc0@50.781C gpu@51.406C tj@51.406C soc1@50.375C VDD_IN 5440mW/5536mW VDD_CPU_GPU_CV 479mW/546mW VDD_SOC 2795mW/2817mW
08-04-2026 13:36:28 RAM 1465/7620MB (lfb 96x4MB) SWAP 0/3810MB (cached 0MB) CPU [0%@729,0%@729,0%@729,0%@729,0%@729,0%@729] GR3D_FREQ 0% cpu@50.312C soc2@48.75C soc0@50.75C gpu@51.531C tj@51.531C soc1@50.343C VDD_IN 5440mW/5536mW VDD_CPU_GPU_CV 479mW/546mW VDD_SOC 2795mW/2817mW
08-04-2026 13:36:29 RAM 1465/7620MB (lfb 96x4MB) SWAP 0/3810MB (cached 0MB) CPU [0%@729,1%@729,0%@729,0%@729,0%@729,0%@729] GR3D_FREQ 0% cpu@50.375C soc2@48.718C soc0@50.718C gpu@51.5C tj@51.218C soc1@50.343C VDD_IN 5440mW/5535mW VDD_CPU_GPU_CV 479mW/546mW VDD_SOC 2795mW/2817mW
08-04-2026 13:36:30 RAM 1465/7620MB (lfb 96x4MB) SWAP 0/3810MB (cached 0MB) CPU [0%@729,0%@729,0%@729,0%@729,0%@729,0%@729] GR3D_FREQ 0% cpu@50.312C soc2@48.781C soc0@50.75C gpu@51.125C tj@51.125C soc1@50.531C VDD_IN 5440mW/5535mW VDD_CPU_GPU_CV 519mW/545mW VDD_SOC 2795mW/2817mW
08-04-2026 13:36:31 RAM 1465/7620MB (lfb 96x4MB) SWAP 0/3810MB (cached 0MB) CPU [0%@729,0%@729,0%@729,0%@729,0%@729,0%@729] GR3D_FREQ 0% cpu@50.468C soc2@48.812C soc0@50.625C gpu@51.187C tj@51.187C soc1@50.437C VDD_IN 5440mW/5534mW VDD_CPU_GPU_CV 479mW/545mW VDD_SOC 2795mW/2817mW
08-04-2026 13:36:32 RAM 1465/7620MB (lfb 96x4MB) SWAP 0/3810MB (cached 0MB) CPU [0%@729,0%@729,0%@729,0%@729,0%@729,0%@729] GR3D_FREQ 0% cpu@50.125C soc2@48.843C soc0@50.781C gpu@51.218C tj@51.218C soc1@50.375C VDD_IN 5440mW/5534mW VDD_CPU_GPU_CV 519mW/545mW VDD_SOC 2795mW/2817mW
08-04-2026 13:36:33 RAM 1465/7620MB (lfb 96x4MB) SWAP 0/3810MB (cached 0MB) CPU [0%@729,0%@729,0%@729,1%@729,0%@729,0%@729] GR3D_FREQ 0% cpu@50.25C soc2@48.781C soc0@50.875C gpu@51.187C tj@51.187C soc1@50.5C VDD_IN 5440mW/5534mW VDD_CPU_GPU_CV 519mW/545mW VDD_SOC 2795mW/2817mW
08-04-2026 13:36:34 RAM 1465/7620MB (lfb 96x4MB) SWAP 0/3810MB (cached 0MB) CPU [0%@729,0%@729,0%@729,0%@729,0%@729,0%@729] GR3D_FREQ 0% cpu@50.406C soc2@48.812C soc0@50.656C gpu@51.218C tj@51.218C soc1@50.468C VDD_IN 5480mW/5533mW VDD_CPU_GPU_CV 519mW/545mW VDD_SOC 2795mW/2817mW
08-04-2026 13:36:35 RAM 1465/7620MB (lfb 96x4MB) SWAP 0/3810MB (cached 0MB) CPU [0%@729,0%@729,0%@729,0%@729,0%@729,0%@729] GR3D_FREQ 0% cpu@50.25C soc2@48.875C soc0@50.656C gpu@51.218C tj@51.218C soc1@50.437C VDD_IN 5440mW/5533mW VDD_CPU_GPU_CV 519mW/545mW VDD_SOC 2795mW/2817mW
08-04-2026 13:36:36 RAM 1465/7620MB (lfb 96x4MB) SWAP 0/3810MB (cached 0MB) CPU [0%@729,0%@729,0%@729,1%@729,0%@729,0%@729] GR3D_FREQ 0% cpu@50.406C soc2@48.812C soc0@50.781C gpu@51C tj@51C soc1@50.5C VDD_IN 5440mW/5533mW VDD_CPU_GPU_CV 479mW/544mW VDD_SOC 2795mW/2817mW
08-04-2026 13:36:37 RAM 1465/7620MB (lfb 96x4MB) SWAP 0/3810MB (cached 0MB) CPU [0%@729,0%@729,0%@729,0%@729,0%@729,0%@729] GR3D_FREQ 0% cpu@50.156C soc2@48.843C soc0@50.687C gpu@51.062C tj@51.062C soc1@50.437C VDD_IN 5440mW/5532mW VDD_CPU_GPU_CV 479mW/544mW VDD_SOC 2795mW/2816mW
08-04-2026 13:36:38 RAM 1465/7620MB (lfb 96x4MB) SWAP 0/3810MB (cached 0MB) CPU [0%@729,0%@729,0%@729,0%@729,0%@729,0%@729] GR3D_FREQ 0% cpu@50.25C soc2@48.812C soc0@50.812C gpu@51.093C tj@51.093C soc1@50.343C VDD_IN 5431mW/5532mW VDD_CPU_GPU_CV 519mW/544mW VDD_SOC 2795mW/2816mW
08-04-2026 13:36:39 RAM 1465/7620MB (lfb 96x4MB) SWAP 0/3810MB (cached 0MB) CPU [0%@729,0%@729,0%@729,1%@729,0%@729,0%@729] GR3D_FREQ 0% cpu@50.343C soc2@48.718C soc0@50.656C gpu@51.062C tj@51.062C soc1@50.406C VDD_IN 5480mW/5532mW VDD_CPU_GPU_CV 519mW/544mW VDD_SOC 2795mW/2816mW
08-04-2026 13:36:40 RAM 1465/7620MB (lfb 96x4MB) SWAP 0/3810MB (cached 0MB) CPU [0%@729,0%@729,0%@729,0%@729,0%@729,0%@729] GR3D_FREQ 0% cpu@50.25C soc2@48.781C soc0@50.625C gpu@51.093C tj@51.093C soc1@50.375C VDD_IN 5440mW/5531mW VDD_CPU_GPU_CV 479mW/544mW VDD_SOC 2795mW/2816mW
08-04-2026 13:36:41 RAM 1465/7620MB (lfb 96x4MB) SWAP 0/3810MB (cached 0MB) CPU [1%@729,0%@729,0%@729,1%@729,0%@729,0%@729] GR3D_FREQ 0% cpu@50.468C soc2@48.781C soc0@50.687C gpu@51C tj@51C soc1@50.531C VDD_IN 5440mW/5531mW VDD_CPU_GPU_CV 479mW/543mW VDD_SOC 2795mW/2816mW
08-04-2026 13:36:42 RAM 1465/7620MB (lfb 96x4MB) SWAP 0/3810MB (cached 0MB) CPU [0%@729,0%@729,0%@729,0%@729,0%@729,0%@729] GR3D_FREQ 0% cpu@50.156C soc2@48.812C soc0@50.781C gpu@51.312C tj@51.312C soc1@50.375C VDD_IN 5440mW/5530mW VDD_CPU_GPU_CV 479mW/543mW VDD_SOC 2795mW/2816mW
08-04-2026 13:36:43 RAM 1465/7620MB (lfb 96x4MB) SWAP 0/3810MB (cached 0MB) CPU [0%@729,0%@729,0%@729,0%@729,0%@729,0%@729] GR3D_FREQ 0% cpu@50.312C soc2@48.843C soc0@50.843C gpu@51.281C tj@51.281C soc1@50.406C VDD_IN 5431mW/5530mW VDD_CPU_GPU_CV 479mW/543mW VDD_SOC 2795mW/2816mW
08-04-2026 13:36:44 RAM 1465/7620MB (lfb 96x4MB) SWAP 0/3810MB (cached 0MB) CPU [0%@729,0%@729,0%@729,0%@729,0%@729,0%@729] GR3D_FREQ 0% cpu@50.437C soc2@48.812C soc0@50.593C gpu@51.312C tj@51.312C soc1@50.375C VDD_IN 5511mW/5530mW VDD_CPU_GPU_CV 519mW/543mW VDD_SOC 2795mW/2816mW
08-04-2026 13:36:45 RAM 1465/7620MB (lfb 96x4MB) SWAP 0/3810MB (cached 0MB) CPU [1%@729,2%@729,0%@729,0%@729,0%@729,0%@729] GR3D_FREQ 0% cpu@50.25C soc2@48.812C soc0@50.718C gpu@51.375C tj@51.375C soc1@50.531C VDD_IN 5480mW/5530mW VDD_CPU_GPU_CV 519mW/543mW VDD_SOC 2795mW/2816mW
08-04-2026 13:36:46 RAM 1465/7620MB (lfb 96x4MB) SWAP 0/3810MB (cached 0MB) CPU [0%@729,0%@729,0%@729,0%@729,0%@729,0%@729] GR3D_FREQ 0% cpu@50.468C soc2@48.687C soc0@50.718C gpu@51.343C tj@51.343C soc1@50.437C VDD_IN 5440mW/5529mW VDD_CPU_GPU_CV 479mW/542mW VDD_SOC 2795mW/2816mW
08-04-2026 13:36:47 RAM 1465/7620MB (lfb 96x4MB) SWAP 0/3810MB (cached 0MB) CPU [0%@729,0%@729,0%@729,0%@729,0%@729,0%@729] GR3D_FREQ 0% cpu@50.125C soc2@48.843C soc0@50.718C gpu@51.437C tj@51.437C soc1@50.625C VDD_IN 5440mW/5529mW VDD_CPU_GPU_CV 519mW/542mW VDD_SOC 2795mW/2816mW
08-04-2026 13:36:48 RAM 1465/7620MB (lfb 96x4MB) SWAP 0/3810MB (cached 0MB) CPU [0%@729,0%@729,0%@729,1%@729,0%@729,0%@729] GR3D_FREQ 0% cpu@50.25C soc2@48.718C soc0@50.781C gpu@51.343C tj@51.343C soc1@50.406C VDD_IN 5440mW/5529mW VDD_CPU_GPU_CV 519mW/542mW VDD_SOC 2795mW/2816mW
08-04-2026 13:36:49 RAM 1465/7620MB (lfb 96x4MB) SWAP 0/3810MB (cached 0MB) CPU [0%@729,0%@729,0%@729,0%@729,0%@729,0%@729] GR3D_FREQ 0% cpu@50.343C soc2@48.781C soc0@50.656C gpu@51.187C tj@51.187C soc1@50.468C VDD_IN 5440mW/5528mW VDD_CPU_GPU_CV 479mW/542mW VDD_SOC 2795mW/2815mW
08-04-2026 13:36:50 RAM 1465/7620MB (lfb 96x4MB) SWAP 0/3810MB (cached 0MB) CPU [2%@729,0%@729,0%@729,0%@729,0%@729,0%@729] GR3D_FREQ 0% cpu@50.312C soc2@48.75C soc0@50.593C gpu@51.125C tj@51.125C soc1@50.5C VDD_IN 5480mW/5528mW VDD_CPU_GPU_CV 519mW/542mW VDD_SOC 2795mW/2815mW
08-04-2026 13:36:51 RAM 1465/7620MB (lfb 96x4MB) SWAP 0/3810MB (cached 0MB) CPU [0%@729,0%@729,0%@729,0%@729,0%@729,0%@729] GR3D_FREQ 0% cpu@50.437C soc2@48.843C soc0@50.75C gpu@51.125C tj@51.125C soc1@50.593C VDD_IN 5440mW/5528mW VDD_CPU_GPU_CV 479mW/542mW VDD_SOC 2795mW/2815mW
08-04-2026 13:36:52 RAM 1465/7620MB (lfb 96x4MB) SWAP 0/3810MB (cached 0MB) CPU [0%@729,0%@729,0%@729,0%@729,0%@729,0%@729] GR3D_FREQ 0% cpu@50.25C soc2@48.906C soc0@50.718C gpu@51.125C tj@51.125C soc1@50.5C VDD_IN 5440mW/5527mW VDD_CPU_GPU_CV 479mW/541mW VDD_SOC 2795mW/2815mW
08-04-2026 13:36:53 RAM 1465/7620MB (lfb 96x4MB) SWAP 0/3810MB (cached 0MB) CPU [0%@729,0%@729,0%@729,1%@729,0%@729,0%@729] GR3D_FREQ 0% cpu@50.218C soc2@49C soc0@50.718C gpu@51.187C tj@51.187C soc1@50.437C VDD_IN 5480mW/5527mW VDD_CPU_GPU_CV 519mW/541mW VDD_SOC 2795mW/2815mW
08-04-2026 13:36:54 RAM 1465/7620MB (lfb 96x4MB) SWAP 0/3810MB (cached 0MB) CPU [2%@729,0%@729,0%@729,0%@729,0%@729,0%@729] GR3D_FREQ 0% cpu@50.375C soc2@48.843C soc0@50.718C gpu@51.187C tj@51.187C soc1@50.343C VDD_IN 5440mW/5527mW VDD_CPU_GPU_CV 519mW/541mW VDD_SOC 2795mW/2815mW
08-04-2026 13:36:55 RAM 1465/7620MB (lfb 96x4MB) SWAP 0/3810MB (cached 0MB) CPU [0%@729,0%@729,0%@729,0%@729,0%@729,0%@729] GR3D_FREQ 0% cpu@50.25C soc2@48.781C soc0@50.75C gpu@51.125C tj@51.125C soc1@50.5C VDD_IN 5431mW/5527mW VDD_CPU_GPU_CV 479mW/541mW VDD_SOC 2795mW/2815mW
08-04-2026 13:36:56 RAM 1465/7620MB (lfb 96x4MB) SWAP 0/3810MB (cached 0MB) CPU [1%@729,0%@729,0%@729,0%@729,0%@729,0%@729] GR3D_FREQ 0% cpu@50.468C soc2@48.812C soc0@50.875C gpu@51.187C tj@51.187C soc1@50.468C VDD_IN 5560mW/5527mW VDD_CPU_GPU_CV 519mW/541mW VDD_SOC 2835mW/2815mW
08-04-2026 13:36:57 RAM 1465/7620MB (lfb 96x4MB) SWAP 0/3810MB (cached 0MB) CPU [0%@729,0%@729,0%@729,0%@729,0%@729,0%@729] GR3D_FREQ 0% cpu@50.218C soc2@48.875C soc0@50.781C gpu@51.062C tj@51.062C soc1@50.593C VDD_IN 5480mW/5527mW VDD_CPU_GPU_CV 519mW/541mW VDD_SOC 2795mW/2815mW
08-04-2026 13:36:58 RAM 1465/7620MB (lfb 96x4MB) SWAP 0/3810MB (cached 0MB) CPU [0%@729,0%@729,0%@729,0%@729,0%@729,0%@729] GR3D_FREQ 0% cpu@50.187C soc2@48.875C soc0@50.812C gpu@51.062C tj@51.062C soc1@50.406C VDD_IN 5440mW/5526mW VDD_CPU_GPU_CV 479mW/541mW VDD_SOC 2795mW/2815mW
08-04-2026 13:36:59 RAM 1465/7620MB (lfb 96x4MB) SWAP 0/3810MB (cached 0MB) CPU [1%@729,0%@729,0%@729,0%@729,0%@729,0%@729] GR3D_FREQ 0% cpu@50.406C soc2@48.781C soc0@50.687C gpu@51.031C tj@51.031C soc1@50.468C VDD_IN 5480mW/5526mW VDD_CPU_GPU_CV 519mW/541mW VDD_SOC 2795mW/2815mW
08-04-2026 13:37:00 RAM 1465/7620MB (lfb 96x4MB) SWAP 0/3810MB (cached 0MB) CPU [0%@729,0%@729,0%@729,0%@729,0%@729,0%@729] GR3D_FREQ 0% cpu@50.312C soc2@48.781C soc0@50.656C gpu@51.093C tj@51.093C soc1@50.406C VDD_IN 5440mW/5526mW VDD_CPU_GPU_CV 479mW/540mW VDD_SOC 2795mW/2815mW
08-04-2026 13:37:01 RAM 1465/7620MB (lfb 96x4MB) SWAP 0/3810MB (cached 0MB) CPU [0%@729,0%@729,0%@729,0%@729,1%@729,0%@729] GR3D_FREQ 0% cpu@50.406C soc2@48.875C soc0@50.687C gpu@51.093C tj@51.093C soc1@50.5C VDD_IN 5471mW/5526mW VDD_CPU_GPU_CV 519mW/540mW VDD_SOC 2795mW/2815mW
08-04-2026 13:37:02 RAM 1465/7620MB (lfb 96x4MB) SWAP 0/3810MB (cached 0MB) CPU [0%@729,0%@729,0%@729,0%@729,0%@729,0%@729] GR3D_FREQ 0% cpu@50.218C soc2@48.843C soc0@50.812C gpu@51.25C tj@51.25C soc1@50.687C VDD_IN 5480mW/5525mW VDD_CPU_GPU_CV 519mW/540mW VDD_SOC 2795mW/2815mW
08-04-2026 13:37:03 RAM 1465/7620MB (lfb 96x4MB) SWAP 0/3810MB (cached 0MB) CPU [0%@729,0%@729,1%@729,0%@729,0%@729,0%@729] GR3D_FREQ 0% cpu@50.25C soc2@48.812C soc0@50.781C gpu@51.281C tj@51.281C soc1@50.406C VDD_IN 5431mW/5525mW VDD_CPU_GPU_CV 479mW/540mW VDD_SOC 2795mW/2815mW
08-04-2026 13:37:04 RAM 1465/7620MB (lfb 96x4MB) SWAP 0/3810MB (cached 0MB) CPU [0%@729,0%@729,0%@729,0%@729,0%@729,0%@729] GR3D_FREQ 0% cpu@50.312C soc2@48.843C soc0@50.687C gpu@51.25C tj@51.25C soc1@50.468C VDD_IN 5431mW/5525mW VDD_CPU_GPU_CV 479mW/540mW VDD_SOC 2795mW/2814mW
08-04-2026 13:37:05 RAM 1465/7620MB (lfb 96x4MB) SWAP 0/3810MB (cached 0MB) CPU [0%@729,0%@729,1%@729,0%@729,0%@729,0%@729] GR3D_FREQ 0% cpu@50.281C soc2@48.843C soc0@50.75C gpu@51.281C tj@51.281C soc1@50.406C VDD_IN 5440mW/5524mW VDD_CPU_GPU_CV 479mW/540mW VDD_SOC 2795mW/2814mW
08-04-2026 13:37:06 RAM 1465/7620MB (lfb 96x4MB) SWAP 0/3810MB (cached 0MB) CPU [0%@729,0%@729,1%@729,0%@729,0%@729,0%@729] GR3D_FREQ 0% cpu@50.437C soc2@48.843C soc0@50.718C gpu@51.312C tj@51.312C soc1@50.5C VDD_IN 5640mW/5525mW VDD_CPU_GPU_CV 559mW/540mW VDD_SOC 2875mW/2815mW
08-04-2026 13:37:07 RAM 1465/7620MB (lfb 96x4MB) SWAP 0/3810MB (cached 0MB) CPU [0%@729,0%@729,0%@729,0%@729,0%@729,0%@729] GR3D_FREQ 0% cpu@50.218C soc2@48.937C soc0@50.75C gpu@51.312C tj@51.312C soc1@50.625C VDD_IN 5480mW/5525mW VDD_CPU_GPU_CV 519mW/540mW VDD_SOC 2795mW/2815mW
08-04-2026 13:37:08 RAM 1465/7620MB (lfb 96x4MB) SWAP 0/3810MB (cached 0MB) CPU [1%@729,0%@729,0%@729,0%@729,0%@729,0%@729] GR3D_FREQ 0% cpu@50.218C soc2@48.937C soc0@50.75C gpu@51.375C tj@51.125C soc1@50.312C VDD_IN 5480mW/5524mW VDD_CPU_GPU_CV 479mW/539mW VDD_SOC 2795mW/2814mW
08-04-2026 13:37:09 RAM 1465/7620MB (lfb 96x4MB) SWAP 0/3810MB (cached 0MB) CPU [0%@729,0%@729,0%@729,0%@729,0%@729,0%@729] GR3D_FREQ 0% cpu@50.281C soc2@48.812C soc0@50.718C gpu@51.093C tj@51.093C soc1@50.468C VDD_IN 5480mW/5524mW VDD_CPU_GPU_CV 479mW/539mW VDD_SOC 2795mW/2814mW
08-04-2026 13:37:10 RAM 1465/7620MB (lfb 96x4MB) SWAP 0/3810MB (cached 0MB) CPU [0%@729,0%@729,0%@729,0%@729,0%@729,0%@729] GR3D_FREQ 0% cpu@50.281C soc2@48.843C soc0@50.718C gpu@51.156C tj@51.156C soc1@50.5C VDD_IN 5440mW/5524mW VDD_CPU_GPU_CV 479mW/539mW VDD_SOC 2795mW/2814mW
08-04-2026 13:37:11 RAM 1465/7620MB (lfb 96x4MB) SWAP 0/3810MB (cached 0MB) CPU [0%@729,0%@729,0%@729,1%@729,0%@729,0%@729] GR3D_FREQ 0% cpu@50.375C soc2@48.843C soc0@50.656C gpu@51.093C tj@51.093C soc1@50.562C VDD_IN 5480mW/5524mW VDD_CPU_GPU_CV 519mW/539mW VDD_SOC 2795mW/2814mW
08-04-2026 13:37:12 RAM 1466/7620MB (lfb 96x4MB) SWAP 0/3810MB (cached 0MB) CPU [0%@729,0%@729,0%@729,0%@729,0%@729,0%@729] GR3D_FREQ 0% cpu@50.093C soc2@48.906C soc0@50.687C gpu@51.187C tj@51.187C soc1@50.625C VDD_IN 5480mW/5524mW VDD_CPU_GPU_CV 519mW/539mW VDD_SOC 2795mW/2814mW
08-04-2026 13:37:13 RAM 1466/7620MB (lfb 96x4MB) SWAP 0/3810MB (cached 0MB) CPU [0%@729,0%@729,0%@729,0%@729,0%@729,0%@729] GR3D_FREQ 0% cpu@50.218C soc2@48.75C soc0@50.843C gpu@51.187C tj@51.187C soc1@50.406C VDD_IN 5480mW/5524mW VDD_CPU_GPU_CV 519mW/539mW VDD_SOC 2795mW/2814mW
08-04-2026 13:37:14 RAM 1466/7620MB (lfb 96x4MB) SWAP 0/3810MB (cached 0MB) CPU [0%@729,0%@729,0%@729,0%@729,0%@729,0%@729] GR3D_FREQ 0% cpu@50.343C soc2@48.812C soc0@50.843C gpu@51.187C tj@51.187C soc1@50.531C VDD_IN 5480mW/5523mW VDD_CPU_GPU_CV 519mW/539mW VDD_SOC 2795mW/2814mW
08-04-2026 13:37:15 RAM 1466/7620MB (lfb 96x4MB) SWAP 0/3810MB (cached 0MB) CPU [0%@729,0%@729,1%@729,0%@729,0%@729,0%@729] GR3D_FREQ 0% cpu@50.406C soc2@48.843C soc0@50.718C gpu@51.468C tj@51.468C soc1@50.531C VDD_IN 5480mW/5523mW VDD_CPU_GPU_CV 519mW/539mW VDD_SOC 2795mW/2814mW
08-04-2026 13:37:16 RAM 1466/7620MB (lfb 96x4MB) SWAP 0/3810MB (cached 0MB) CPU [0%@729,0%@729,0%@729,0%@729,0%@729,0%@729] GR3D_FREQ 0% cpu@50.406C soc2@48.906C soc0@50.781C gpu@51.468C tj@51.468C soc1@50.5C VDD_IN 5480mW/5523mW VDD_CPU_GPU_CV 519mW/538mW VDD_SOC 2795mW/2814mW
08-04-2026 13:37:17 RAM 1466/7620MB (lfb 96x4MB) SWAP 0/3810MB (cached 0MB) CPU [1%@729,0%@729,0%@729,0%@729,0%@729,0%@729] GR3D_FREQ 0% cpu@50.125C soc2@48.968C soc0@50.718C gpu@51.593C tj@51.593C soc1@50.625C VDD_IN 5480mW/5523mW VDD_CPU_GPU_CV 519mW/538mW VDD_SOC 2795mW/2814mW
08-04-2026 13:37:18 RAM 1466/7620MB (lfb 96x4MB) SWAP 0/3810MB (cached 0MB) CPU [2%@729,0%@729,0%@729,0%@729,0%@729,0%@729] GR3D_FREQ 0% cpu@50.343C soc2@48.843C soc0@50.875C gpu@51.062C tj@51.062C soc1@50.437C VDD_IN 5480mW/5523mW VDD_CPU_GPU_CV 519mW/538mW VDD_SOC 2795mW/2814mW
08-04-2026 13:37:19 RAM 1466/7620MB (lfb 96x4MB) SWAP 0/3810MB (cached 0MB) CPU [0%@729,0%@729,0%@729,0%@729,0%@729,0%@729] GR3D_FREQ 0% cpu@50.406C soc2@48.843C soc0@50.812C gpu@51.062C tj@51.062C soc1@50.468C VDD_IN 5440mW/5522mW VDD_CPU_GPU_CV 479mW/538mW VDD_SOC 2795mW/2814mW
08-04-2026 13:37:20 RAM 1466/7620MB (lfb 96x4MB) SWAP 0/3810MB (cached 0MB) CPU [0%@729,0%@729,0%@729,0%@729,0%@729,0%@729] GR3D_FREQ 0% cpu@50.5C soc2@48.937C soc0@50.625C gpu@51.125C tj@51.125C soc1@50.468C VDD_IN 5480mW/5522mW VDD_CPU_GPU_CV 519mW/538mW VDD_SOC 2795mW/2814mW
08-04-2026 13:37:21 RAM 1466/7620MB (lfb 96x4MB) SWAP 0/3810MB (cached 0MB) CPU [1%@729,0%@729,0%@729,0%@729,0%@729,0%@729] GR3D_FREQ 0% cpu@50.375C soc2@48.875C soc0@50.687C gpu@51.093C tj@51.218C soc1@50.593C VDD_IN 5440mW/5522mW VDD_CPU_GPU_CV 479mW/538mW VDD_SOC 2795mW/2814mW
08-04-2026 13:37:22 RAM 1466/7620MB (lfb 96x4MB) SWAP 0/3810MB (cached 0MB) CPU [0%@729,0%@729,0%@729,0%@729,0%@729,0%@729] GR3D_FREQ 0% cpu@50.187C soc2@48.875C soc0@50.75C gpu@51.281C tj@51.281C soc1@50.562C VDD_IN 5870mW/5523mW VDD_CPU_GPU_CV 638mW/538mW VDD_SOC 2955mW/2814mW
08-04-2026 13:37:23 RAM 1466/7620MB (lfb 96x4MB) SWAP 0/3810MB (cached 0MB) CPU [1%@729,0%@729,0%@729,0%@729,0%@729,0%@729] GR3D_FREQ 0% cpu@50.25C soc2@48.968C soc0@50.843C gpu@51.25C tj@51.25C soc1@50.437C VDD_IN 5480mW/5523mW VDD_CPU_GPU_CV 519mW/538mW VDD_SOC 2795mW/2814mW
08-04-2026 13:37:24 RAM 1466/7620MB (lfb 96x4MB) SWAP 0/3810MB (cached 0MB) CPU [1%@729,0%@729,0%@729,0%@729,0%@729,0%@729] GR3D_FREQ 0% cpu@50.343C soc2@48.875C soc0@50.937C gpu@51.281C tj@51.281C soc1@50.468C VDD_IN 5440mW/5523mW VDD_CPU_GPU_CV 479mW/538mW VDD_SOC 2795mW/2814mW
08-04-2026 13:37:25 RAM 1466/7620MB (lfb 96x4MB) SWAP 0/3810MB (cached 0MB) CPU [0%@729,0%@729,0%@729,0%@729,0%@729,0%@729] GR3D_FREQ 0% cpu@50.281C soc2@48.75C soc0@50.781C gpu@51.406C tj@51.406C soc1@50.468C VDD_IN 5480mW/5523mW VDD_CPU_GPU_CV 519mW/538mW VDD_SOC 2795mW/2814mW
08-04-2026 13:37:26 RAM 1466/7620MB (lfb 96x4MB) SWAP 0/3810MB (cached 0MB) CPU [0%@729,0%@729,0%@729,0%@729,0%@729,0%@729] GR3D_FREQ 0% cpu@50.468C soc2@48.812C soc0@50.75C gpu@51.218C tj@51.218C soc1@50.5C VDD_IN 5480mW/5523mW VDD_CPU_GPU_CV 519mW/538mW VDD_SOC 2795mW/2814mW
08-04-2026 13:37:27 RAM 1466/7620MB (lfb 96x4MB) SWAP 0/3810MB (cached 0MB) CPU [1%@729,0%@729,0%@729,0%@729,0%@729,0%@729] GR3D_FREQ 0% cpu@50.375C soc2@48.937C soc0@50.781C gpu@51.406C tj@51.406C soc1@50.562C VDD_IN 6000mW/5524mW VDD_CPU_GPU_CV 678mW/538mW VDD_SOC 3035mW/2815mW
08-04-2026 13:37:28 RAM 1466/7620MB (lfb 96x4MB) SWAP 0/3810MB (cached 0MB) CPU [0%@729,0%@729,0%@729,0%@729,0%@729,0%@729] GR3D_FREQ 0% cpu@50.343C soc2@48.968C soc0@50.812C gpu@51.218C tj@51.218C soc1@50.437C VDD_IN 5480mW/5524mW VDD_CPU_GPU_CV 519mW/538mW VDD_SOC 2795mW/2814mW
08-04-2026 13:37:29 RAM 1466/7620MB (lfb 96x4MB) SWAP 0/3810MB (cached 0MB) CPU [1%@729,0%@729,0%@729,0%@729,0%@729,0%@729] GR3D_FREQ 0% cpu@50.375C soc2@48.906C soc0@50.937C gpu@51.156C tj@51.156C soc1@50.437C VDD_IN 5480mW/5524mW VDD_CPU_GPU_CV 479mW/538mW VDD_SOC 2795mW/2814mW
08-04-2026 13:37:30 RAM 1466/7620MB (lfb 96x4MB) SWAP 0/3810MB (cached 0MB) CPU [0%@729,0%@729,0%@729,1%@729,0%@729,0%@729] GR3D_FREQ 0% cpu@50.562C soc2@48.875C soc0@50.75C gpu@51.187C tj@51.187C soc1@50.5C VDD_IN 5480mW/5524mW VDD_CPU_GPU_CV 519mW/538mW VDD_SOC 2795mW/2814mW
08-04-2026 13:37:31 RAM 1466/7620MB (lfb 96x4MB) SWAP 0/3810MB (cached 0MB) CPU [0%@729,0%@729,0%@729,0%@729,0%@729,0%@729] GR3D_FREQ 0% cpu@50.437C soc2@48.906C soc0@50.718C gpu@51.187C tj@51.187C soc1@50.625C VDD_IN 5431mW/5523mW VDD_CPU_GPU_CV 479mW/538mW VDD_SOC 2795mW/2814mW
08-04-2026 13:37:32 RAM 1466/7620MB (lfb 96x4MB) SWAP 0/3810MB (cached 0MB) CPU [0%@729,0%@729,0%@729,0%@729,0%@729,0%@729] GR3D_FREQ 0% cpu@50.156C soc2@48.875C soc0@50.781C gpu@51.156C tj@51.156C soc1@50.625C VDD_IN 5480mW/5523mW VDD_CPU_GPU_CV 479mW/538mW VDD_SOC 2795mW/2814mW
08-04-2026 13:37:33 RAM 1466/7620MB (lfb 96x4MB) SWAP 0/3810MB (cached 0MB) CPU [0%@729,0%@729,0%@729,0%@729,0%@729,0%@729] GR3D_FREQ 0% cpu@50.25C soc2@49C soc0@50.812C gpu@51.187C tj@51.187C soc1@50.5C VDD_IN 5440mW/5523mW VDD_CPU_GPU_CV 519mW/537mW VDD_SOC 2795mW/2814mW
08-04-2026 13:37:34 RAM 1466/7620MB (lfb 96x4MB) SWAP 0/3810MB (cached 0MB) CPU [0%@729,0%@729,0%@729,1%@729,0%@729,0%@729] GR3D_FREQ 0% cpu@50.437C soc2@48.812C soc0@50.718C gpu@51.406C tj@51.406C soc1@50.5C VDD_IN 5431mW/5523mW VDD_CPU_GPU_CV 479mW/537mW VDD_SOC 2795mW/2814mW
08-04-2026 13:37:35 RAM 1466/7620MB (lfb 96x4MB) SWAP 0/3810MB (cached 0MB) CPU [0%@729,0%@729,0%@729,0%@729,0%@729,0%@729] GR3D_FREQ 0% cpu@50.468C soc2@48.875C soc0@50.781C gpu@51.437C tj@51.437C soc1@50.562C VDD_IN 5440mW/5522mW VDD_CPU_GPU_CV 479mW/537mW VDD_SOC 2795mW/2814mW
08-04-2026 13:37:36 RAM 1466/7620MB (lfb 96x4MB) SWAP 0/3810MB (cached 0MB) CPU [1%@729,0%@729,0%@729,1%@729,0%@729,0%@729] GR3D_FREQ 0% cpu@50.406C soc2@48.875C soc0@50.687C gpu@51.468C tj@51.468C soc1@50.562C VDD_IN 5480mW/5522mW VDD_CPU_GPU_CV 519mW/537mW VDD_SOC 2795mW/2814mW
08-04-2026 13:37:37 RAM 1466/7620MB (lfb 96x4MB) SWAP 0/3810MB (cached 0MB) CPU [0%@729,0%@729,0%@729,0%@729,0%@1728,0%@1728] GR3D_FREQ 0% cpu@50.312C soc2@48.875C soc0@50.812C gpu@51.687C tj@51.687C soc1@50.593C VDD_IN 5960mW/5524mW VDD_CPU_GPU_CV 638mW/537mW VDD_SOC 2995mW/2815mW
08-04-2026 13:37:38 RAM 1466/7620MB (lfb 96x4MB) SWAP 0/3810MB (cached 0MB) CPU [1%@729,0%@729,0%@729,1%@729,0%@729,0%@729] GR3D_FREQ 0% cpu@50.25C soc2@48.843C soc0@50.812C gpu@51.531C tj@51.531C soc1@50.468C VDD_IN 5480mW/5524mW VDD_CPU_GPU_CV 519mW/537mW VDD_SOC 2795mW/2815mW
08-04-2026 13:37:39 RAM 1466/7620MB (lfb 96x4MB) SWAP 0/3810MB (cached 0MB) CPU [0%@729,0%@729,0%@729,0%@729,0%@729,0%@729] GR3D_FREQ 0% cpu@50.437C soc2@48.812C soc0@50.718C gpu@51.218C tj@51.218C soc1@50.468C VDD_IN 5440mW/5523mW VDD_CPU_GPU_CV 479mW/537mW VDD_SOC 2795mW/2814mW
08-04-2026 13:37:40 RAM 1466/7620MB (lfb 96x4MB) SWAP 0/3810MB (cached 0MB) CPU [0%@729,1%@729,0%@729,1%@729,0%@729,0%@729] GR3D_FREQ 0% cpu@50.562C soc2@48.875C soc0@50.781C gpu@51.25C tj@51.25C soc1@50.468C VDD_IN 5440mW/5523mW VDD_CPU_GPU_CV 479mW/537mW VDD_SOC 2795mW/2814mW
08-04-2026 13:37:41 RAM 1466/7620MB (lfb 96x4MB) SWAP 0/3810MB (cached 0MB) CPU [1%@729,0%@729,0%@729,0%@729,0%@729,0%@729] GR3D_FREQ 0% cpu@50.343C soc2@48.968C soc0@50.75C gpu@51.218C tj@51.218C soc1@50.531C VDD_IN 5440mW/5523mW VDD_CPU_GPU_CV 519mW/537mW VDD_SOC 2795mW/2814mW
08-04-2026 13:37:42 RAM 1466/7620MB (lfb 96x4MB) SWAP 0/3810MB (cached 0MB) CPU [0%@729,0%@729,0%@729,1%@729,0%@729,0%@729] GR3D_FREQ 0% cpu@50.25C soc2@48.937C soc0@50.718C gpu@51.218C tj@51.218C soc1@50.468C VDD_IN 5480mW/5523mW VDD_CPU_GPU_CV 519mW/537mW VDD_SOC 2795mW/2814mW
08-04-2026 13:37:43 RAM 1466/7620MB (lfb 96x4MB) SWAP 0/3810MB (cached 0MB) CPU [0%@729,0%@729,0%@729,0%@729,0%@729,0%@729] GR3D_FREQ 0% cpu@50.25C soc2@48.75C soc0@50.843C gpu@51.187C tj@51.187C soc1@50.468C VDD_IN 5440mW/5522mW VDD_CPU_GPU_CV 479mW/537mW VDD_SOC 2795mW/2814mW
08-04-2026 13:37:44 RAM 1466/7620MB (lfb 96x4MB) SWAP 0/3810MB (cached 0MB) CPU [0%@729,0%@729,0%@729,1%@729,0%@729,0%@729] GR3D_FREQ 0% cpu@50.343C soc2@48.843C soc0@50.687C gpu@51.218C tj@51.218C soc1@50.5C VDD_IN 5440mW/5522mW VDD_CPU_GPU_CV 479mW/536mW VDD_SOC 2795mW/2814mW
08-04-2026 13:37:45 RAM 1466/7620MB (lfb 96x4MB) SWAP 0/3810MB (cached 0MB) CPU [0%@729,0%@729,0%@729,1%@729,0%@729,0%@729] GR3D_FREQ 0% cpu@50.531C soc2@48.843C soc0@50.625C gpu@51.218C tj@51.218C soc1@50.531C VDD_IN 5431mW/5522mW VDD_CPU_GPU_CV 479mW/536mW VDD_SOC 2795mW/2814mW
08-04-2026 13:37:46 RAM 1466/7620MB (lfb 96x4MB) SWAP 0/3810MB (cached 0MB) CPU [0%@729,0%@729,0%@729,2%@729,0%@729,0%@729] GR3D_FREQ 0% cpu@50.343C soc2@48.812C soc0@50.75C gpu@51.125C tj@51.125C soc1@50.593C VDD_IN 5440mW/5521mW VDD_CPU_GPU_CV 519mW/536mW VDD_SOC 2795mW/2814mW
08-04-2026 13:37:47 RAM 1466/7620MB (lfb 96x4MB) SWAP 0/3810MB (cached 0MB) CPU [0%@729,0%@729,0%@729,1%@729,0%@1728,0%@1728] GR3D_FREQ 0% cpu@50.281C soc2@48.968C soc0@50.718C gpu@51.218C tj@51.218C soc1@50.437C VDD_IN 5680mW/5522mW VDD_CPU_GPU_CV 559mW/536mW VDD_SOC 2875mW/2814mW
08-04-2026 13:37:48 RAM 1466/7620MB (lfb 96x4MB) SWAP 0/3810MB (cached 0MB) CPU [0%@729,0%@729,0%@729,0%@729,0%@729,0%@729] GR3D_FREQ 0% cpu@50.218C soc2@48.875C soc0@50.781C gpu@51.125C tj@51.125C soc1@50.437C VDD_IN 5471mW/5522mW VDD_CPU_GPU_CV 519mW/536mW VDD_SOC 2795mW/2814mW
08-04-2026 13:37:49 RAM 1466/7620MB (lfb 96x4MB) SWAP 0/3810MB (cached 0MB) CPU [0%@729,0%@729,0%@729,0%@729,0%@729,0%@729] GR3D_FREQ 0% cpu@50.375C soc2@48.781C soc0@50.75C gpu@51.156C tj@51.156C soc1@50.5C VDD_IN 5440mW/5522mW VDD_CPU_GPU_CV 519mW/536mW VDD_SOC 2795mW/2814mW
08-04-2026 13:37:50 RAM 1466/7620MB (lfb 96x4MB) SWAP 0/3810MB (cached 0MB) CPU [1%@729,0%@729,0%@729,1%@729,0%@729,0%@729] GR3D_FREQ 0% cpu@50.468C soc2@48.875C soc0@50.687C gpu@51.312C tj@51.312C soc1@50.5C VDD_IN 5440mW/5521mW VDD_CPU_GPU_CV 479mW/536mW VDD_SOC 2795mW/2814mW
08-04-2026 13:37:51 RAM 1466/7620MB (lfb 96x4MB) SWAP 0/3810MB (cached 0MB) CPU [0%@729,0%@729,0%@729,1%@729,0%@729,0%@729] GR3D_FREQ 0% cpu@50.406C soc2@48.906C soc0@50.75C gpu@51.25C tj@51.25C soc1@50.593C VDD_IN 5440mW/5521mW VDD_CPU_GPU_CV 479mW/536mW VDD_SOC 2795mW/2814mW
08-04-2026 13:37:52 RAM 1466/7620MB (lfb 96x4MB) SWAP 0/3810MB (cached 0MB) CPU [0%@729,0%@729,0%@729,0%@729,0%@729,0%@729] GR3D_FREQ 0% cpu@50.312C soc2@48.906C soc0@50.812C gpu@51.312C tj@51.312C soc1@50.406C VDD_IN 5480mW/5521mW VDD_CPU_GPU_CV 519mW/536mW VDD_SOC 2795mW/2814mW
08-04-2026 13:37:53 RAM 1466/7620MB (lfb 96x4MB) SWAP 0/3810MB (cached 0MB) CPU [0%@729,0%@729,0%@729,1%@729,0%@729,0%@729] GR3D_FREQ 0% cpu@50.187C soc2@48.812C soc0@50.843C gpu@51.25C tj@51.25C soc1@50.531C VDD_IN 5480mW/5521mW VDD_CPU_GPU_CV 479mW/536mW VDD_SOC 2795mW/2814mW
08-04-2026 13:37:54 RAM 1466/7620MB (lfb 96x4MB) SWAP 0/3810MB (cached 0MB) CPU [1%@729,0%@729,0%@729,1%@729,0%@729,0%@729] GR3D_FREQ 0% cpu@50.281C soc2@48.812C soc0@50.75C gpu@51.375C tj@51.375C soc1@50.5C VDD_IN 5440mW/5521mW VDD_CPU_GPU_CV 479mW/535mW VDD_SOC 2795mW/2814mW
08-04-2026 13:37:55 RAM 1466/7620MB (lfb 96x4MB) SWAP 0/3810MB (cached 0MB) CPU [1%@729,0%@729,0%@729,0%@729,0%@729,0%@729] GR3D_FREQ 0% cpu@50.531C soc2@48.875C soc0@50.75C gpu@51.343C tj@51.343C soc1@50.531C VDD_IN 5440mW/5520mW VDD_CPU_GPU_CV 519mW/535mW VDD_SOC 2795mW/2814mW
08-04-2026 13:37:56 RAM 1466/7620MB (lfb 96x4MB) SWAP 0/3810MB (cached 0MB) CPU [1%@729,0%@729,0%@729,0%@729,0%@729,0%@729] GR3D_FREQ 0% cpu@50.218C soc2@48.906C soc0@50.781C gpu@51.156C tj@51.156C soc1@50.593C VDD_IN 5440mW/5520mW VDD_CPU_GPU_CV 479mW/535mW VDD_SOC 2795mW/2814mW
08-04-2026 13:37:57 RAM 1466/7620MB (lfb 96x4MB) SWAP 0/3810MB (cached 0MB) CPU [1%@729,0%@729,0%@729,0%@729,0%@729,0%@729] GR3D_FREQ 0% cpu@50.281C soc2@48.875C soc0@50.843C gpu@51.125C tj@51.125C soc1@50.5C VDD_IN 5440mW/5520mW VDD_CPU_GPU_CV 479mW/535mW VDD_SOC 2795mW/2814mW
08-04-2026 13:37:58 RAM 1466/7620MB (lfb 96x4MB) SWAP 0/3810MB (cached 0MB) CPU [0%@729,0%@729,0%@729,0%@729,0%@729,0%@729] GR3D_FREQ 0% cpu@50.187C soc2@48.875C soc0@50.625C gpu@51.156C tj@51.156C soc1@50.5C VDD_IN 5480mW/5520mW VDD_CPU_GPU_CV 519mW/535mW VDD_SOC 2795mW/2814mW
08-04-2026 13:37:59 RAM 1466/7620MB (lfb 96x4MB) SWAP 0/3810MB (cached 0MB) CPU [1%@729,2%@729,0%@729,1%@729,1%@729,0%@729] GR3D_FREQ 0% cpu@50.343C soc2@48.812C soc0@50.687C gpu@51.187C tj@51.187C soc1@50.531C VDD_IN 5480mW/5520mW VDD_CPU_GPU_CV 519mW/535mW VDD_SOC 2795mW/2814mW
08-04-2026 13:38:00 RAM 1466/7620MB (lfb 96x4MB) SWAP 0/3810MB (cached 0MB) CPU [0%@729,0%@729,0%@729,1%@729,0%@729,0%@729] GR3D_FREQ 0% cpu@50.468C soc2@48.937C soc0@50.781C gpu@51.5C tj@51.5C soc1@50.562C VDD_IN 5440mW/5519mW VDD_CPU_GPU_CV 479mW/535mW VDD_SOC 2795mW/2813mW
08-04-2026 13:38:01 RAM 1466/7620MB (lfb 96x4MB) SWAP 0/3810MB (cached 0MB) CPU [0%@729,0%@729,0%@729,0%@729,0%@729,0%@729] GR3D_FREQ 0% cpu@50.25C soc2@48.875C soc0@50.843C gpu@51.5C tj@51.5C soc1@50.406C VDD_IN 5480mW/5519mW VDD_CPU_GPU_CV 519mW/535mW VDD_SOC 2795mW/2813mW
08-04-2026 13:38:02 RAM 1466/7620MB (lfb 96x4MB) SWAP 0/3810MB (cached 0MB) CPU [1%@729,1%@729,0%@729,0%@729,0%@729,0%@729] GR3D_FREQ 0% cpu@50.25C soc2@48.906C soc0@50.843C gpu@51.5C tj@51.5C soc1@50.5C VDD_IN 5440mW/5519mW VDD_CPU_GPU_CV 479mW/534mW VDD_SOC 2795mW/2813mW
08-04-2026 13:38:03 RAM 1466/7620MB (lfb 96x4MB) SWAP 0/3810MB (cached 0MB) CPU [0%@729,0%@729,0%@729,0%@729,0%@729,0%@729] GR3D_FREQ 0% cpu@50.406C soc2@48.843C soc0@50.687C gpu@51.5C tj@51.5C soc1@50.281C VDD_IN 5440mW/5519mW VDD_CPU_GPU_CV 479mW/534mW VDD_SOC 2795mW/2813mW
08-04-2026 13:38:04 RAM 1466/7620MB (lfb 96x4MB) SWAP 0/3810MB (cached 0MB) CPU [1%@729,1%@729,0%@729,0%@729,0%@729,0%@729] GR3D_FREQ 0% cpu@50.312C soc2@48.843C soc0@50.75C gpu@51.562C tj@51.562C soc1@50.531C VDD_IN 5480mW/5519mW VDD_CPU_GPU_CV 519mW/534mW VDD_SOC 2795mW/2813mW
08-04-2026 13:38:05 RAM 1466/7620MB (lfb 96x4MB) SWAP 0/3810MB (cached 0MB) CPU [1%@729,1%@729,0%@729,0%@729,0%@729,0%@729] GR3D_FREQ 0% cpu@50.468C soc2@48.843C soc0@50.812C gpu@51.593C tj@51.593C soc1@50.593C VDD_IN 5480mW/5518mW VDD_CPU_GPU_CV 519mW/534mW VDD_SOC 2795mW/2813mW
08-04-2026 13:38:06 RAM 1466/7620MB (lfb 96x4MB) SWAP 0/3810MB (cached 0MB) CPU [0%@729,0%@729,0%@729,0%@729,0%@729,0%@729] GR3D_FREQ 0% cpu@50.25C soc2@48.875C soc0@50.906C gpu@51.281C tj@51.281C soc1@50.5C VDD_IN 5471mW/5518mW VDD_CPU_GPU_CV 519mW/534mW VDD_SOC 2795mW/2813mW
08-04-2026 13:38:07 RAM 1466/7620MB (lfb 96x4MB) SWAP 0/3810MB (cached 0MB) CPU [0%@729,2%@729,0%@729,0%@729,0%@729,0%@729] GR3D_FREQ 0% cpu@50.375C soc2@48.875C soc0@50.937C gpu@51.218C tj@51.218C soc1@50.531C VDD_IN 5480mW/5518mW VDD_CPU_GPU_CV 519mW/534mW VDD_SOC 2795mW/2813mW
08-04-2026 13:38:08 RAM 1466/7620MB (lfb 96x4MB) SWAP 0/3810MB (cached 0MB) CPU [1%@729,0%@729,0%@729,0%@729,0%@729,0%@729] GR3D_FREQ 0% cpu@50.406C soc2@48.812C soc0@50.718C gpu@51.25C tj@51.25C soc1@50.5C VDD_IN 5480mW/5518mW VDD_CPU_GPU_CV 519mW/534mW VDD_SOC 2795mW/2813mW
08-04-2026 13:38:09 RAM 1466/7620MB (lfb 96x4MB) SWAP 0/3810MB (cached 0MB) CPU [0%@729,0%@729,0%@729,0%@729,0%@729,0%@729] GR3D_FREQ 0% cpu@50.312C soc2@48.906C soc0@50.718C gpu@51.312C tj@51.312C soc1@50.562C VDD_IN 5440mW/5518mW VDD_CPU_GPU_CV 479mW/534mW VDD_SOC 2795mW/2813mW
08-04-2026 13:38:10 RAM 1466/7620MB (lfb 96x4MB) SWAP 0/3810MB (cached 0MB) CPU [0%@729,0%@729,0%@729,0%@729,0%@729,0%@729] GR3D_FREQ 0% cpu@50.437C soc2@48.937C soc0@50.781C gpu@51.25C tj@51.25C soc1@50.531C VDD_IN 5480mW/5518mW VDD_CPU_GPU_CV 519mW/534mW VDD_SOC 2795mW/2813mW
08-04-2026 13:38:11 RAM 1466/7620MB (lfb 96x4MB) SWAP 0/3810MB (cached 0MB) CPU [0%@729,0%@729,0%@729,0%@729,0%@729,0%@729] GR3D_FREQ 0% cpu@50.187C soc2@48.906C soc0@50.75C gpu@51.312C tj@51.312C soc1@50.468C VDD_IN 5480mW/5518mW VDD_CPU_GPU_CV 519mW/534mW VDD_SOC 2795mW/2813mW
08-04-2026 13:38:12 RAM 1466/7620MB (lfb 96x4MB) SWAP 0/3810MB (cached 0MB) CPU [1%@729,0%@729,0%@729,0%@729,0%@729,0%@729] GR3D_FREQ 0% cpu@50.375C soc2@48.843C soc0@50.906C gpu@51.25C tj@51.125C soc1@50.5C VDD_IN 5480mW/5518mW VDD_CPU_GPU_CV 519mW/534mW VDD_SOC 2795mW/2813mW
08-04-2026 13:38:13 RAM 1466/7620MB (lfb 96x4MB) SWAP 0/3810MB (cached 0MB) CPU [1%@729,0%@729,0%@729,0%@729,0%@729,0%@729] GR3D_FREQ 0% cpu@50.343C soc2@48.843C soc0@50.781C gpu@51.125C tj@51.125C soc1@50.562C VDD_IN 5480mW/5517mW VDD_CPU_GPU_CV 479mW/534mW VDD_SOC 2795mW/2813mW
08-04-2026 13:38:14 RAM 1466/7620MB (lfb 96x4MB) SWAP 0/3810MB (cached 0MB) CPU [0%@729,0%@729,0%@729,0%@729,0%@729,0%@729] GR3D_FREQ 0% cpu@50.312C soc2@48.875C soc0@50.75C gpu@51.125C tj@51.125C soc1@50.562C VDD_IN 5480mW/5517mW VDD_CPU_GPU_CV 519mW/534mW VDD_SOC 2795mW/2813mW
08-04-2026 13:38:15 RAM 1466/7620MB (lfb 96x4MB) SWAP 0/3810MB (cached 0MB) CPU [0%@729,0%@729,0%@729,0%@729,0%@729,0%@729] GR3D_FREQ 0% cpu@50.5C soc2@48.843C soc0@50.75C gpu@51.156C tj@51.156C soc1@50.531C VDD_IN 5440mW/5517mW VDD_CPU_GPU_CV 479mW/533mW VDD_SOC 2795mW/2813mW
08-04-2026 13:38:16 RAM 1466/7620MB (lfb 96x4MB) SWAP 0/3810MB (cached 0MB) CPU [1%@729,0%@729,0%@729,0%@729,0%@729,0%@729] GR3D_FREQ 0% cpu@50.218C soc2@48.968C soc0@50.812C gpu@51.156C tj@51.156C soc1@50.656C VDD_IN 5480mW/5517mW VDD_CPU_GPU_CV 519mW/533mW VDD_SOC 2795mW/2813mW
08-04-2026 13:38:17 RAM 1466/7620MB (lfb 96x4MB) SWAP 0/3810MB (cached 0MB) CPU [0%@729,0%@729,0%@729,0%@729,0%@729,0%@729] GR3D_FREQ 0% cpu@50.343C soc2@48.937C soc0@50.906C gpu@51.156C tj@51.156C soc1@50.468C VDD_IN 5440mW/5517mW VDD_CPU_GPU_CV 479mW/533mW VDD_SOC 2795mW/2813mW
08-04-2026 13:38:18 RAM 1466/7620MB (lfb 96x4MB) SWAP 0/3810MB (cached 0MB) CPU [0%@729,1%@729,0%@729,0%@729,0%@729,0%@729] GR3D_FREQ 0% cpu@50.406C soc2@48.781C soc0@50.718C gpu@51.187C tj@51.187C soc1@50.531C VDD_IN 5480mW/5517mW VDD_CPU_GPU_CV 479mW/533mW VDD_SOC 2795mW/2812mW
08-04-2026 13:38:19 RAM 1466/7620MB (lfb 96x4MB) SWAP 0/3810MB (cached 0MB) CPU [0%@729,0%@729,0%@729,0%@729,0%@729,0%@729] GR3D_FREQ 0% cpu@50.312C soc2@48.906C soc0@50.812C gpu@51.156C tj@51.156C soc1@50.562C VDD_IN 5431mW/5516mW VDD_CPU_GPU_CV 479mW/533mW VDD_SOC 2795mW/2812mW
08-04-2026 13:38:20 RAM 1466/7620MB (lfb 96x4MB) SWAP 0/3810MB (cached 0MB) CPU [0%@729,0%@729,0%@729,0%@729,0%@729,0%@729] GR3D_FREQ 0% cpu@50.562C soc2@48.875C soc0@50.812C gpu@51.531C tj@51.531C soc1@50.562C VDD_IN 5440mW/5516mW VDD_CPU_GPU_CV 479mW/533mW VDD_SOC 2795mW/2812mW
08-04-2026 13:38:21 RAM 1466/7620MB (lfb 96x4MB) SWAP 0/3810MB (cached 0MB) CPU [0%@729,0%@729,0%@729,0%@729,0%@729,0%@729] GR3D_FREQ 0% cpu@50.25C soc2@48.937C soc0@50.781C gpu@51.468C tj@51.468C soc1@50.687C VDD_IN 5440mW/5516mW VDD_CPU_GPU_CV 479mW/533mW VDD_SOC 2795mW/2812mW
08-04-2026 13:38:22 RAM 1472/7620MB (lfb 96x4MB) SWAP 0/3810MB (cached 0MB) CPU [2%@1728,1%@1728,0%@1728,12%@1728,0%@729,0%@729] GR3D_FREQ 0% cpu@50.937C soc2@48.937C soc0@50.937C gpu@51.531C tj@51.531C soc1@50.531C VDD_IN 5880mW/5517mW VDD_CPU_GPU_CV 718mW/533mW VDD_SOC 2875mW/2813mW
08-04-2026 13:38:23 RAM 1638/7620MB (lfb 96x4MB) SWAP 0/3810MB (cached 0MB) CPU [13%@1728,14%@1728,13%@1728,100%@1728,14%@729,13%@729] GR3D_FREQ 0% cpu@51.093C soc2@49.218C soc0@50.812C gpu@51.75C tj@51.75C soc1@50.593C VDD_IN 7560mW/5523mW VDD_CPU_GPU_CV 1717mW/537mW VDD_SOC 3274mW/2814mW
08-04-2026 13:38:24 RAM 1711/7620MB (lfb 96x4MB) SWAP 0/3810MB (cached 0MB) CPU [0%@1728,0%@1728,0%@1728,100%@1728,0%@729,0%@729] GR3D_FREQ 0% cpu@51.218C soc2@49.312C soc0@50.812C gpu@51.812C tj@51.812C soc1@50.687C VDD_IN 7440mW/5528mW VDD_CPU_GPU_CV 1557mW/539mW VDD_SOC 3274mW/2815mW
08-04-2026 13:38:25 RAM 1737/7620MB (lfb 96x4MB) SWAP 0/3810MB (cached 0MB) CPU [0%@1728,0%@1728,1%@1728,100%@1728,0%@729,0%@729] GR3D_FREQ 0% cpu@51.562C soc2@49.312C soc0@50.906C gpu@51.875C tj@51.875C soc1@50.781C VDD_IN 7480mW/5534mW VDD_CPU_GPU_CV 1517mW/542mW VDD_SOC 3314mW/2817mW
08-04-2026 13:38:26 RAM 1758/7620MB (lfb 96x4MB) SWAP 0/3810MB (cached 0MB) CPU [0%@1728,0%@1728,0%@1728,100%@1728,0%@729,0%@729] GR3D_FREQ 0% cpu@51.062C soc2@49.312C soc0@50.968C gpu@51.968C tj@51.968C soc1@50.843C VDD_IN 7400mW/5539mW VDD_CPU_GPU_CV 1317mW/544mW VDD_SOC 3354mW/2818mW
08-04-2026 13:38:27 RAM 1463/7620MB (lfb 96x4MB) SWAP 0/3810MB (cached 0MB) CPU [1%@729,0%@729,1%@729,60%@729,1%@729,0%@729] GR3D_FREQ 0% cpu@50.687C soc2@49.25C soc0@51.062C gpu@51.625C tj@51.625C soc1@50.718C VDD_IN 6280mW/5541mW VDD_CPU_GPU_CV 838mW/545mW VDD_SOC 3035mW/2819mW
08-04-2026 13:38:28 RAM 1463/7620MB (lfb 96x4MB) SWAP 0/3810MB (cached 0MB) CPU [1%@729,1%@729,1%@729,0%@729,0%@729,0%@729] GR3D_FREQ 0% cpu@50.687C soc2@49.187C soc0@50.968C gpu@51.531C tj@51.531C soc1@50.718C VDD_IN 5600mW/5541mW VDD_CPU_GPU_CV 559mW/545mW VDD_SOC 2835mW/2819mW
08-04-2026 13:38:29 RAM 1463/7620MB (lfb 96x4MB) SWAP 0/3810MB (cached 0MB) CPU [0%@729,0%@729,0%@729,0%@729,0%@729,0%@729] GR3D_FREQ 0% cpu@50.531C soc2@49.187C soc0@50.968C gpu@51.562C tj@51.562C soc1@50.812C VDD_IN 5480mW/5541mW VDD_CPU_GPU_CV 519mW/545mW VDD_SOC 2795mW/2819mW
08-04-2026 13:38:30 RAM 1463/7620MB (lfb 96x4MB) SWAP 0/3810MB (cached 0MB) CPU [0%@729,0%@729,0%@729,0%@729,0%@729,0%@729] GR3D_FREQ 0% cpu@50.75C soc2@49.125C soc0@50.968C gpu@51.5C tj@51.5C soc1@50.843C VDD_IN 5480mW/5541mW VDD_CPU_GPU_CV 479mW/545mW VDD_SOC 2795mW/2819mW
08-04-2026 13:38:31 RAM 1463/7620MB (lfb 96x4MB) SWAP 0/3810MB (cached 0MB) CPU [1%@729,0%@729,0%@729,0%@729,0%@729,0%@729] GR3D_FREQ 0% cpu@50.5C soc2@49.125C soc0@50.968C gpu@51.468C tj@51.468C soc1@50.937C VDD_IN 5440mW/5541mW VDD_CPU_GPU_CV 479mW/545mW VDD_SOC 2795mW/2819mW
08-04-2026 13:38:32 RAM 1463/7620MB (lfb 96x4MB) SWAP 0/3810MB (cached 0MB) CPU [1%@729,0%@729,0%@729,0%@729,0%@729,0%@729] GR3D_FREQ 0% cpu@50.531C soc2@49.187C soc0@51.125C gpu@51.468C tj@51.468C soc1@50.718C VDD_IN 5480mW/5541mW VDD_CPU_GPU_CV 519mW/545mW VDD_SOC 2795mW/2818mW
08-04-2026 13:38:33 RAM 1463/7620MB (lfb 96x4MB) SWAP 0/3810MB (cached 0MB) CPU [0%@729,0%@729,0%@729,0%@729,0%@729,0%@729] GR3D_FREQ 0% cpu@50.687C soc2@49.093C soc0@50.968C gpu@51.343C tj@51.343C soc1@50.812C VDD_IN 5760mW/5541mW VDD_CPU_GPU_CV 599mW/545mW VDD_SOC 2915mW/2819mW
08-04-2026 13:38:34 RAM 1463/7620MB (lfb 96x4MB) SWAP 0/3810MB (cached 0MB) CPU [0%@729,0%@729,0%@729,0%@729,0%@729,0%@729] GR3D_FREQ 0% cpu@50.531C soc2@49.031C soc0@51C gpu@51.281C tj@51.281C soc1@50.75C VDD_IN 5480mW/5541mW VDD_CPU_GPU_CV 519mW/545mW VDD_SOC 2795mW/2819mW
08-04-2026 13:38:35 RAM 1463/7620MB (lfb 96x4MB) SWAP 0/3810MB (cached 0MB) CPU [0%@729,0%@729,0%@729,0%@729,0%@729,0%@729] GR3D_FREQ 0% cpu@50.718C soc2@49.062C soc0@51.031C gpu@51.312C tj@51.312C soc1@50.781C VDD_IN 5480mW/5541mW VDD_CPU_GPU_CV 479mW/545mW VDD_SOC 2795mW/2819mW
08-04-2026 13:38:36 RAM 1463/7620MB (lfb 96x4MB) SWAP 0/3810MB (cached 0MB) CPU [1%@729,0%@729,0%@729,0%@729,0%@729,0%@729] GR3D_FREQ 0% cpu@50.406C soc2@49.156C soc0@50.968C gpu@51.406C tj@51.406C soc1@50.875C VDD_IN 5440mW/5541mW VDD_CPU_GPU_CV 519mW/545mW VDD_SOC 2795mW/2819mW
08-04-2026 13:38:37 RAM 1463/7620MB (lfb 96x4MB) SWAP 0/3810MB (cached 0MB) CPU [1%@729,0%@729,0%@729,1%@729,0%@729,0%@729] GR3D_FREQ 0% cpu@50.5C soc2@49.062C soc0@51.125C gpu@51.343C tj@51.343C soc1@50.687C VDD_IN 5440mW/5540mW VDD_CPU_GPU_CV 479mW/544mW VDD_SOC 2795mW/2818mW
08-04-2026 13:38:38 RAM 1463/7620MB (lfb 96x4MB) SWAP 0/3810MB (cached 0MB) CPU [0%@729,0%@729,1%@729,0%@729,1%@729,0%@729] GR3D_FREQ 0% cpu@50.718C soc2@49.093C soc0@50.968C gpu@51.375C tj@51.375C soc1@50.687C VDD_IN 5480mW/5540mW VDD_CPU_GPU_CV 519mW/544mW VDD_SOC 2795mW/2818mW
08-04-2026 13:38:39 RAM 1463/7620MB (lfb 96x4MB) SWAP 0/3810MB (cached 0MB) CPU [1%@729,0%@729,0%@729,0%@729,0%@729,0%@729] GR3D_FREQ 0% cpu@50.5C soc2@49.093C soc0@51C gpu@51.625C tj@51.625C soc1@50.812C VDD_IN 5440mW/5540mW VDD_CPU_GPU_CV 479mW/544mW VDD_SOC 2795mW/2818mW
08-04-2026 13:38:40 RAM 1463/7620MB (lfb 96x4MB) SWAP 0/3810MB (cached 0MB) CPU [0%@729,1%@729,0%@729,0%@729,0%@729,0%@729] GR3D_FREQ 0% cpu@50.687C soc2@49C soc0@51.031C gpu@51.593C tj@51.593C soc1@50.75C VDD_IN 5480mW/5540mW VDD_CPU_GPU_CV 519mW/544mW VDD_SOC 2795mW/2818mW
08-04-2026 13:38:41 RAM 1463/7620MB (lfb 96x4MB) SWAP 0/3810MB (cached 0MB) CPU [0%@729,0%@729,0%@729,0%@729,0%@729,0%@729] GR3D_FREQ 0% cpu@50.437C soc2@49.218C soc0@50.937C gpu@51.625C tj@51.625C soc1@50.906C VDD_IN 5440mW/5539mW VDD_CPU_GPU_CV 479mW/544mW VDD_SOC 2795mW/2818mW
08-04-2026 13:38:42 RAM 1463/7620MB (lfb 96x4MB) SWAP 0/3810MB (cached 0MB) CPU [0%@729,0%@729,0%@729,0%@729,0%@729,0%@729] GR3D_FREQ 0% cpu@50.5C soc2@49.125C soc0@51.125C gpu@51.593C tj@51.593C soc1@50.718C VDD_IN 5440mW/5539mW VDD_CPU_GPU_CV 479mW/544mW VDD_SOC 2795mW/2818mW
08-04-2026 13:38:43 RAM 1463/7620MB (lfb 96x4MB) SWAP 0/3810MB (cached 0MB) CPU [1%@729,0%@729,0%@729,0%@729,0%@729,0%@729] GR3D_FREQ 0% cpu@50.625C soc2@49.031C soc0@51.093C gpu@51.687C tj@51.687C soc1@50.718C VDD_IN 5471mW/5539mW VDD_CPU_GPU_CV 519mW/544mW VDD_SOC 2795mW/2818mW
08-04-2026 13:38:44 RAM 1463/7620MB (lfb 96x4MB) SWAP 0/3810MB (cached 0MB) CPU [0%@729,0%@729,1%@729,0%@729,0%@729,0%@729] GR3D_FREQ 0% cpu@50.468C soc2@49.093C soc0@50.937C gpu@51.656C tj@51.656C soc1@50.687C VDD_IN 5480mW/5539mW VDD_CPU_GPU_CV 519mW/544mW VDD_SOC 2795mW/2818mW
08-04-2026 13:38:45 RAM 1463/7620MB (lfb 96x4MB) SWAP 0/3810MB (cached 0MB) CPU [0%@729,0%@729,0%@729,0%@729,0%@729,0%@729] GR3D_FREQ 0% cpu@50.718C soc2@49C soc0@50.968C gpu@51.375C tj@51.375C soc1@50.843C VDD_IN 5431mW/5539mW VDD_CPU_GPU_CV 479mW/543mW VDD_SOC 2795mW/2818mW
08-04-2026 13:38:46 RAM 1463/7620MB (lfb 96x4MB) SWAP 0/3810MB (cached 0MB) CPU [0%@729,0%@729,0%@729,0%@729,0%@729,0%@729] GR3D_FREQ 0% cpu@50.468C soc2@49.156C soc0@51.031C gpu@51.468C tj@51.468C soc1@50.875C VDD_IN 5440mW/5538mW VDD_CPU_GPU_CV 479mW/543mW VDD_SOC 2795mW/2818mW
08-04-2026 13:38:47 RAM 1463/7620MB (lfb 96x4MB) SWAP 0/3810MB (cached 0MB) CPU [1%@729,0%@729,0%@729,0%@729,0%@729,0%@729] GR3D_FREQ 0% cpu@50.468C soc2@49.187C soc0@51.093C gpu@51.437C tj@51.437C soc1@50.812C VDD_IN 5440mW/5538mW VDD_CPU_GPU_CV 519mW/543mW VDD_SOC 2795mW/2818mW
08-04-2026 13:38:48 RAM 1463/7620MB (lfb 96x4MB) SWAP 0/3810MB (cached 0MB) CPU [0%@729,0%@729,0%@729,0%@729,0%@1728,0%@1728] GR3D_FREQ 0% cpu@50.656C soc2@49.062C soc0@51.062C gpu@51.5C tj@51.5C soc1@50.75C VDD_IN 5520mW/5538mW VDD_CPU_GPU_CV 519mW/543mW VDD_SOC 2795mW/2818mW
08-04-2026 13:38:49 RAM 1463/7620MB (lfb 96x4MB) SWAP 0/3810MB (cached 0MB) CPU [1%@729,0%@729,0%@729,0%@729,0%@729,0%@729] GR3D_FREQ 0% cpu@50.906C soc2@49.156C soc0@50.906C gpu@51.437C tj@51.437C soc1@50.812C VDD_IN 5600mW/5538mW VDD_CPU_GPU_CV 559mW/543mW VDD_SOC 2835mW/2818mW
08-04-2026 13:38:50 RAM 1463/7620MB (lfb 96x4MB) SWAP 0/3810MB (cached 0MB) CPU [0%@729,1%@729,0%@729,0%@729,0%@729,0%@729] GR3D_FREQ 0% cpu@50.687C soc2@49.187C soc0@51.031C gpu@51.5C tj@51.5C soc1@50.875C VDD_IN 5480mW/5538mW VDD_CPU_GPU_CV 519mW/543mW VDD_SOC 2795mW/2818mW
08-04-2026 13:38:51 RAM 1463/7620MB (lfb 96x4MB) SWAP 0/3810MB (cached 0MB) CPU [0%@729,0%@729,0%@729,0%@729,0%@729,0%@729] GR3D_FREQ 0% cpu@50.406C soc2@49.156C soc0@51.093C gpu@51.468C tj@51.843C soc1@50.843C VDD_IN 5480mW/5538mW VDD_CPU_GPU_CV 519mW/543mW VDD_SOC 2795mW/2818mW
08-04-2026 13:38:52 RAM 1463/7620MB (lfb 96x4MB) SWAP 0/3810MB (cached 0MB) CPU [0%@729,1%@729,0%@729,0%@729,0%@729,0%@729] GR3D_FREQ 0% cpu@50.531C soc2@49.093C soc0@51.156C gpu@51.781C tj@51.781C soc1@50.75C VDD_IN 5480mW/5538mW VDD_CPU_GPU_CV 519mW/543mW VDD_SOC 2795mW/2818mW
08-04-2026 13:38:53 RAM 1463/7620MB (lfb 96x4MB) SWAP 0/3810MB (cached 0MB) CPU [0%@729,0%@729,0%@729,0%@729,0%@729,0%@729] GR3D_FREQ 0% cpu@50.687C soc2@49.031C soc0@51.156C gpu@51.375C tj@51.375C soc1@50.781C VDD_IN 5480mW/5538mW VDD_CPU_GPU_CV 519mW/543mW VDD_SOC 2795mW/2818mW
08-04-2026 13:38:54 RAM 1463/7620MB (lfb 96x4MB) SWAP 0/3810MB (cached 0MB) CPU [0%@729,1%@729,0%@729,0%@729,0%@729,0%@729] GR3D_FREQ 0% cpu@50.843C soc2@49.156C soc0@50.968C gpu@51.406C tj@51.406C soc1@50.781C VDD_IN 5520mW/5537mW VDD_CPU_GPU_CV 519mW/543mW VDD_SOC 2795mW/2818mW
08-04-2026 13:38:55 RAM 1463/7620MB (lfb 96x4MB) SWAP 0/3810MB (cached 0MB) CPU [1%@729,0%@729,0%@729,0%@729,0%@729,0%@729] GR3D_FREQ 0% cpu@50.718C soc2@49.218C soc0@51.031C gpu@51.375C tj@51.375C soc1@50.812C VDD_IN 5480mW/5537mW VDD_CPU_GPU_CV 519mW/543mW VDD_SOC 2795mW/2817mW
08-04-2026 13:38:56 RAM 1463/7620MB (lfb 96x4MB) SWAP 0/3810MB (cached 0MB) CPU [0%@729,0%@729,0%@729,0%@729,0%@729,0%@729] GR3D_FREQ 0% cpu@50.468C soc2@49.125C soc0@51.125C gpu@51.468C tj@51.468C soc1@50.875C VDD_IN 5440mW/5537mW VDD_CPU_GPU_CV 479mW/543mW VDD_SOC 2795mW/2817mW
08-04-2026 13:38:57 RAM 1463/7620MB (lfb 96x4MB) SWAP 0/3810MB (cached 0MB) CPU [0%@729,0%@729,0%@729,0%@729,0%@729,0%@729] GR3D_FREQ 0% cpu@50.5C soc2@49.312C soc0@51.062C gpu@51.375C tj@51.375C soc1@50.687C VDD_IN 5440mW/5537mW VDD_CPU_GPU_CV 479mW/542mW VDD_SOC 2795mW/2817mW
08-04-2026 13:38:58 RAM 1463/7620MB (lfb 96x4MB) SWAP 0/3810MB (cached 0MB) CPU [0%@729,0%@729,0%@729,0%@729,0%@729,0%@729] GR3D_FREQ 0% cpu@50.625C soc2@49.125C soc0@51.156C gpu@51.625C tj@51.625C soc1@50.781C VDD_IN 5440mW/5537mW VDD_CPU_GPU_CV 479mW/542mW VDD_SOC 2795mW/2817mW
08-04-2026 13:39:00 RAM 1463/7620MB (lfb 96x4MB) SWAP 0/3810MB (cached 0MB) CPU [1%@729,0%@729,0%@729,1%@729,0%@729,0%@729] GR3D_FREQ 0% cpu@50.812C soc2@49.125C soc0@50.968C gpu@51.562C tj@51.562C soc1@50.718C VDD_IN 5680mW/5537mW VDD_CPU_GPU_CV 559mW/542mW VDD_SOC 2875mW/2817mW
08-04-2026 13:39:01 RAM 1463/7620MB (lfb 96x4MB) SWAP 0/3810MB (cached 0MB) CPU [0%@729,0%@729,0%@729,0%@729,0%@729,0%@729] GR3D_FREQ 0% cpu@50.687C soc2@49.093C soc0@50.937C gpu@51.625C tj@51.625C soc1@50.875C VDD_IN 5480mW/5537mW VDD_CPU_GPU_CV 519mW/542mW VDD_SOC 2795mW/2817mW
08-04-2026 13:39:02 RAM 1463/7620MB (lfb 96x4MB) SWAP 0/3810MB (cached 0MB) CPU [0%@729,0%@729,0%@729,0%@729,0%@729,0%@729] GR3D_FREQ 0% cpu@50.468C soc2@49.093C soc0@51.093C gpu@51.687C tj@51.687C soc1@50.843C VDD_IN 5480mW/5537mW VDD_CPU_GPU_CV 479mW/542mW VDD_SOC 2795mW/2817mW
08-04-2026 13:39:03 RAM 1463/7620MB (lfb 96x4MB) SWAP 0/3810MB (cached 0MB) CPU [0%@729,0%@729,0%@729,2%@729,0%@729,0%@729] GR3D_FREQ 0% cpu@50.531C soc2@49.156C soc0@51.093C gpu@51.656C tj@51.656C soc1@50.718C VDD_IN 5480mW/5537mW VDD_CPU_GPU_CV 519mW/542mW VDD_SOC 2795mW/2817mW
08-04-2026 13:39:04 RAM 1463/7620MB (lfb 96x4MB) SWAP 0/3810MB (cached 0MB) CPU [0%@729,0%@729,0%@729,1%@729,0%@729,0%@729] GR3D_FREQ 0% cpu@50.625C soc2@49.125C soc0@50.968C gpu@51.656C tj@51.656C soc1@50.75C VDD_IN 5440mW/5536mW VDD_CPU_GPU_CV 479mW/542mW VDD_SOC 2795mW/2817mW
08-04-2026 13:39:05 RAM 1463/7620MB (lfb 96x4MB) SWAP 0/3810MB (cached 0MB) CPU [1%@729,0%@729,1%@729,0%@729,0%@729,0%@729] GR3D_FREQ 0% cpu@50.843C soc2@49.093C soc0@50.937C gpu@51.406C tj@51.406C soc1@50.843C VDD_IN 5480mW/5536mW VDD_CPU_GPU_CV 519mW/542mW VDD_SOC 2795mW/2817mW
08-04-2026 13:39:06 RAM 1463/7620MB (lfb 96x4MB) SWAP 0/3810MB (cached 0MB) CPU [0%@729,0%@729,0%@729,0%@729,0%@729,0%@729] GR3D_FREQ 0% cpu@50.625C soc2@49.187C soc0@50.937C gpu@51.468C tj@51.468C soc1@50.812C VDD_IN 5480mW/5536mW VDD_CPU_GPU_CV 479mW/542mW VDD_SOC 2795mW/2817mW
08-04-2026 13:39:07 RAM 1463/7620MB (lfb 96x4MB) SWAP 0/3810MB (cached 0MB) CPU [0%@729,1%@729,0%@729,0%@729,0%@729,0%@729] GR3D_FREQ 0% cpu@50.468C soc2@49.156C soc0@51.062C gpu@51.406C tj@51.406C soc1@50.906C VDD_IN 5480mW/5536mW VDD_CPU_GPU_CV 519mW/542mW VDD_SOC 2795mW/2817mW
08-04-2026 13:39:08 RAM 1463/7620MB (lfb 96x4MB) SWAP 0/3810MB (cached 0MB) CPU [1%@729,0%@729,1%@729,0%@729,0%@729,0%@729] GR3D_FREQ 0% cpu@50.531C soc2@49.062C soc0@51.125C gpu@51.5C tj@51.5C soc1@50.687C VDD_IN 5440mW/5536mW VDD_CPU_GPU_CV 479mW/541mW VDD_SOC 2795mW/2817mW
08-04-2026 13:39:09 RAM 1463/7620MB (lfb 96x4MB) SWAP 0/3810MB (cached 0MB) CPU [1%@729,0%@729,0%@729,1%@729,0%@729,0%@729] GR3D_FREQ 0% cpu@50.656C soc2@49.093C soc0@50.968C gpu@51.468C tj@51.468C soc1@50.75C VDD_IN 5480mW/5535mW VDD_CPU_GPU_CV 519mW/541mW VDD_SOC 2795mW/2817mW
08-04-2026 13:39:10 RAM 1463/7620MB (lfb 96x4MB) SWAP 0/3810MB (cached 0MB) CPU [0%@729,0%@729,0%@729,0%@729,0%@729,0%@729] GR3D_FREQ 0% cpu@50.875C soc2@49.062C soc0@50.968C gpu@51.437C tj@51.437C soc1@50.75C VDD_IN 5800mW/5536mW VDD_CPU_GPU_CV 599mW/542mW VDD_SOC 2915mW/2817mW
08-04-2026 13:39:11 RAM 1463/7620MB (lfb 96x4MB) SWAP 0/3810MB (cached 0MB) CPU [0%@729,0%@729,0%@729,0%@729,0%@729,0%@729] GR3D_FREQ 0% cpu@50.781C soc2@49.125C soc0@50.937C gpu@51.437C tj@51.437C soc1@50.843C VDD_IN 5480mW/5536mW VDD_CPU_GPU_CV 519mW/541mW VDD_SOC 2795mW/2817mW
08-04-2026 13:39:12 RAM 1463/7620MB (lfb 96x4MB) SWAP 0/3810MB (cached 0MB) CPU [0%@729,0%@729,0%@729,2%@729,0%@729,0%@729] GR3D_FREQ 0% cpu@50.437C soc2@49.156C soc0@51C gpu@51.718C tj@51.718C soc1@50.937C VDD_IN 5440mW/5536mW VDD_CPU_GPU_CV 479mW/541mW VDD_SOC 2795mW/2817mW
08-04-2026 13:39:13 RAM 1463/7620MB (lfb 96x4MB) SWAP 0/3810MB (cached 0MB) CPU [0%@729,0%@729,0%@729,0%@729,0%@729,0%@729] GR3D_FREQ 0% cpu@50.531C soc2@49.125C soc0@51.031C gpu@51.687C tj@51.687C soc1@50.687C VDD_IN 5440mW/5535mW VDD_CPU_GPU_CV 479mW/541mW VDD_SOC 2795mW/2817mW
08-04-2026 13:39:14 RAM 1463/7620MB (lfb 96x4MB) SWAP 0/3810MB (cached 0MB) CPU [0%@729,0%@729,0%@729,0%@729,0%@729,0%@729] GR3D_FREQ 0% cpu@50.656C soc2@49.031C soc0@51.062C gpu@51.812C tj@51.812C soc1@50.687C VDD_IN 5440mW/5535mW VDD_CPU_GPU_CV 479mW/541mW VDD_SOC 2795mW/2817mW
08-04-2026 13:39:15 RAM 1463/7620MB (lfb 96x4MB) SWAP 0/3810MB (cached 0MB) CPU [0%@729,0%@729,1%@729,0%@729,0%@729,0%@729] GR3D_FREQ 0% cpu@50.812C soc2@49.062C soc0@51.031C gpu@51.843C tj@51.843C soc1@50.718C VDD_IN 5480mW/5535mW VDD_CPU_GPU_CV 519mW/541mW VDD_SOC 2795mW/2817mW
08-04-2026 13:39:16 RAM 1463/7620MB (lfb 96x4MB) SWAP 0/3810MB (cached 0MB) CPU [0%@729,0%@729,0%@729,0%@729,0%@729,0%@729] GR3D_FREQ 0% cpu@50.562C soc2@49.125C soc0@51.062C gpu@51.812C tj@51.812C soc1@50.812C VDD_IN 5440mW/5535mW VDD_CPU_GPU_CV 479mW/541mW VDD_SOC 2795mW/2817mW
08-04-2026 13:39:17 RAM 1463/7620MB (lfb 96x4MB) SWAP 0/3810MB (cached 0MB) CPU [0%@729,0%@729,0%@729,0%@729,0%@729,0%@729] GR3D_FREQ 0% cpu@50.468C soc2@49.187C soc0@51.125C gpu@51.375C tj@51.375C soc1@50.875C VDD_IN 5440mW/5535mW VDD_CPU_GPU_CV 479mW/541mW VDD_SOC 2795mW/2817mW
08-04-2026 13:39:18 RAM 1463/7620MB (lfb 96x4MB) SWAP 0/3810MB (cached 0MB) CPU [0%@729,0%@729,0%@729,1%@729,0%@729,0%@729] GR3D_FREQ 0% cpu@50.5C soc2@49.156C soc0@51C gpu@51.375C tj@51.375C soc1@50.718C VDD_IN 5440mW/5534mW VDD_CPU_GPU_CV 479mW/541mW VDD_SOC 2795mW/2817mW
08-04-2026 13:39:19 RAM 1463/7620MB (lfb 96x4MB) SWAP 0/3810MB (cached 0MB) CPU [0%@729,0%@729,0%@729,0%@729,0%@729,0%@729] GR3D_FREQ 0% cpu@50.531C soc2@49.062C soc0@50.906C gpu@51.531C tj@51.531C soc1@50.687C VDD_IN 5440mW/5534mW VDD_CPU_GPU_CV 479mW/540mW VDD_SOC 2795mW/2817mW
08-04-2026 13:39:20 RAM 1463/7620MB (lfb 96x4MB) SWAP 0/3810MB (cached 0MB) CPU [1%@729,0%@729,0%@729,1%@729,0%@729,0%@729] GR3D_FREQ 0% cpu@50.781C soc2@49.093C soc0@50.968C gpu@51.562C tj@51.562C soc1@50.687C VDD_IN 5480mW/5534mW VDD_CPU_GPU_CV 479mW/540mW VDD_SOC 2795mW/2817mW
08-04-2026 13:39:21 RAM 1463/7620MB (lfb 96x4MB) SWAP 0/3810MB (cached 0MB) CPU [0%@729,0%@729,0%@729,1%@729,0%@729,0%@729] GR3D_FREQ 0% cpu@50.625C soc2@49.062C soc0@50.937C gpu@51.5C tj@51.5C soc1@50.843C VDD_IN 5480mW/5534mW VDD_CPU_GPU_CV 519mW/540mW VDD_SOC 2795mW/2817mW
08-04-2026 13:39:22 RAM 1463/7620MB (lfb 96x4MB) SWAP 0/3810MB (cached 0MB) CPU [0%@729,0%@729,0%@729,0%@729,0%@729,0%@729] GR3D_FREQ 0% cpu@50.406C soc2@49.062C soc0@50.968C gpu@51.468C tj@51.468C soc1@50.718C VDD_IN 5440mW/5534mW VDD_CPU_GPU_CV 479mW/540mW VDD_SOC 2795mW/2817mW
08-04-2026 13:39:23 RAM 1463/7620MB (lfb 96x4MB) SWAP 0/3810MB (cached 0MB) CPU [0%@729,0%@729,0%@729,0%@729,0%@729,0%@729] GR3D_FREQ 0% cpu@50.468C soc2@49.218C soc0@51.062C gpu@51.625C tj@51.625C soc1@50.687C VDD_IN 5440mW/5533mW VDD_CPU_GPU_CV 519mW/540mW VDD_SOC 2795mW/2816mW
08-04-2026 13:39:24 RAM 1463/7620MB (lfb 96x4MB) SWAP 0/3810MB (cached 0MB) CPU [1%@729,0%@729,0%@729,0%@729,0%@729,0%@729] GR3D_FREQ 0% cpu@50.562C soc2@49.031C soc0@50.937C gpu@51.531C tj@51.531C soc1@50.718C VDD_IN 5440mW/5533mW VDD_CPU_GPU_CV 519mW/540mW VDD_SOC 2795mW/2816mW
08-04-2026 13:39:25 RAM 1463/7620MB (lfb 96x4MB) SWAP 0/3810MB (cached 0MB) CPU [0%@729,0%@729,0%@729,0%@729,0%@729,0%@729] GR3D_FREQ 0% cpu@50.75C soc2@49.093C soc0@51C gpu@51.375C tj@51.375C soc1@50.687C VDD_IN 5520mW/5533mW VDD_CPU_GPU_CV 519mW/540mW VDD_SOC 2795mW/2816mW
08-04-2026 13:39:26 RAM 1463/7620MB (lfb 96x4MB) SWAP 0/3810MB (cached 0MB) CPU [0%@729,1%@729,0%@729,1%@729,0%@729,0%@729] GR3D_FREQ 0% cpu@50.625C soc2@49.062C soc0@50.968C gpu@51.343C tj@51.343C soc1@50.718C VDD_IN 5440mW/5533mW VDD_CPU_GPU_CV 479mW/540mW VDD_SOC 2795mW/2816mW
08-04-2026 13:39:27 RAM 1463/7620MB (lfb 96x4MB) SWAP 0/3810MB (cached 0MB) CPU [0%@729,0%@729,0%@729,1%@729,0%@729,0%@729] GR3D_FREQ 0% cpu@50.375C soc2@49.156C soc0@50.968C gpu@51.343C tj@51.343C soc1@50.781C VDD_IN 5440mW/5533mW VDD_CPU_GPU_CV 479mW/540mW VDD_SOC 2795mW/2816mW
08-04-2026 13:39:28 RAM 1463/7620MB (lfb 96x4MB) SWAP 0/3810MB (cached 0MB) CPU [1%@729,0%@729,0%@729,1%@729,0%@729,0%@729] GR3D_FREQ 0% cpu@50.468C soc2@49.093C soc0@51C gpu@51.312C tj@51.312C soc1@50.625C VDD_IN 5440mW/5533mW VDD_CPU_GPU_CV 479mW/539mW VDD_SOC 2795mW/2816mW
08-04-2026 13:39:29 RAM 1463/7620MB (lfb 96x4MB) SWAP 0/3810MB (cached 0MB) CPU [0%@729,0%@729,0%@729,0%@729,0%@729,0%@729] GR3D_FREQ 0% cpu@50.531C soc2@49.031C soc0@50.937C gpu@51.375C tj@51.375C soc1@50.718C VDD_IN 5440mW/5532mW VDD_CPU_GPU_CV 519mW/539mW VDD_SOC 2795mW/2816mW
08-04-2026 13:39:30 RAM 1463/7620MB (lfb 96x4MB) SWAP 0/3810MB (cached 0MB) CPU [0%@729,0%@729,0%@729,1%@729,0%@729,0%@729] GR3D_FREQ 0% cpu@50.718C soc2@49C soc0@51C gpu@51.437C tj@51.437C soc1@50.75C VDD_IN 5480mW/5532mW VDD_CPU_GPU_CV 519mW/539mW VDD_SOC 2795mW/2816mW
08-04-2026 13:39:31 RAM 1463/7620MB (lfb 96x4MB) SWAP 0/3810MB (cached 0MB) CPU [0%@729,0%@729,0%@729,0%@729,0%@729,0%@729] GR3D_FREQ 0% cpu@50.593C soc2@49.062C soc0@50.968C gpu@51.375C tj@51.375C soc1@50.656C VDD_IN 5440mW/5532mW VDD_CPU_GPU_CV 479mW/539mW VDD_SOC 2795mW/2816mW
08-04-2026 13:39:32 RAM 1463/7620MB (lfb 96x4MB) SWAP 0/3810MB (cached 0MB) CPU [0%@729,0%@729,0%@729,0%@729,0%@729,0%@729] GR3D_FREQ 0% cpu@50.406C soc2@49.031C soc0@50.968C gpu@51.593C tj@51.593C soc1@50.812C VDD_IN 5440mW/5532mW VDD_CPU_GPU_CV 479mW/539mW VDD_SOC 2795mW/2816mW
08-04-2026 13:39:33 RAM 1463/7620MB (lfb 96x4MB) SWAP 0/3810MB (cached 0MB) CPU [0%@729,1%@729,0%@729,0%@729,0%@729,0%@729] GR3D_FREQ 0% cpu@50.375C soc2@49.187C soc0@50.968C gpu@51.656C tj@51.656C soc1@50.687C VDD_IN 5440mW/5532mW VDD_CPU_GPU_CV 479mW/539mW VDD_SOC 2795mW/2816mW
08-04-2026 13:39:34 RAM 1463/7620MB (lfb 96x4MB) SWAP 0/3810MB (cached 0MB) CPU [0%@729,0%@729,0%@729,0%@729,0%@729,0%@729] GR3D_FREQ 0% cpu@50.531C soc2@49.031C soc0@50.968C gpu@51.687C tj@51.687C soc1@50.687C VDD_IN 5440mW/5531mW VDD_CPU_GPU_CV 479mW/539mW VDD_SOC 2795mW/2816mW
08-04-2026 13:39:35 RAM 1463/7620MB (lfb 96x4MB) SWAP 0/3810MB (cached 0MB) CPU [0%@729,0%@729,0%@729,0%@729,0%@729,0%@729] GR3D_FREQ 0% cpu@50.687C soc2@49.031C soc0@50.937C gpu@51.718C tj@51.718C soc1@50.656C VDD_IN 5480mW/5531mW VDD_CPU_GPU_CV 519mW/539mW VDD_SOC 2795mW/2816mW
08-04-2026 13:39:36 RAM 1463/7620MB (lfb 96x4MB) SWAP 0/3810MB (cached 0MB) CPU [0%@729,1%@729,0%@729,0%@729,0%@729,0%@729] GR3D_FREQ 0% cpu@50.5C soc2@49.062C soc0@50.906C gpu@51.75C tj@51.75C soc1@50.687C VDD_IN 5440mW/5531mW VDD_CPU_GPU_CV 479mW/539mW VDD_SOC 2795mW/2816mW
08-04-2026 13:39:37 RAM 1463/7620MB (lfb 96x4MB) SWAP 0/3810MB (cached 0MB) CPU [0%@729,1%@729,0%@729,0%@729,0%@729,0%@729] GR3D_FREQ 0% cpu@50.375C soc2@49.093C soc0@51C gpu@51.75C tj@51.75C soc1@50.781C VDD_IN 5440mW/5531mW VDD_CPU_GPU_CV 479mW/538mW VDD_SOC 2795mW/2816mW
08-04-2026 13:39:38 RAM 1463/7620MB (lfb 96x4MB) SWAP 0/3810MB (cached 0MB) CPU [0%@729,0%@729,0%@729,0%@729,0%@729,0%@729] GR3D_FREQ 0% cpu@50.437C soc2@49C soc0@50.968C gpu@51.468C tj@51.468C soc1@50.593C VDD_IN 5440mW/5531mW VDD_CPU_GPU_CV 479mW/538mW VDD_SOC 2795mW/2816mW
08-04-2026 13:39:39 RAM 1463/7620MB (lfb 96x4MB) SWAP 0/3810MB (cached 0MB) CPU [0%@729,0%@729,0%@729,0%@729,0%@729,0%@729] GR3D_FREQ 0% cpu@50.531C soc2@49.093C soc0@50.906C gpu@51.437C tj@51.437C soc1@50.687C VDD_IN 5480mW/5530mW VDD_CPU_GPU_CV 519mW/538mW VDD_SOC 2795mW/2816mW
08-04-2026 13:39:40 RAM 1463/7620MB (lfb 96x4MB) SWAP 0/3810MB (cached 0MB) CPU [0%@729,0%@729,0%@729,0%@729,0%@729,0%@729] GR3D_FREQ 0% cpu@50.593C soc2@49.062C soc0@50.906C gpu@51.406C tj@51.406C soc1@50.687C VDD_IN 5480mW/5530mW VDD_CPU_GPU_CV 519mW/538mW VDD_SOC 2795mW/2816mW
08-04-2026 13:39:41 RAM 1463/7620MB (lfb 96x4MB) SWAP 0/3810MB (cached 0MB) CPU [0%@729,0%@729,0%@729,0%@729,0%@729,0%@729] GR3D_FREQ 0% cpu@50.5C soc2@49C soc0@51C gpu@51.312C tj@51.312C soc1@50.75C VDD_IN 5440mW/5530mW VDD_CPU_GPU_CV 479mW/538mW VDD_SOC 2795mW/2816mW
08-04-2026 13:39:42 RAM 1463/7620MB (lfb 96x4MB) SWAP 0/3810MB (cached 0MB) CPU [0%@729,0%@729,0%@729,0%@729,0%@729,0%@729] GR3D_FREQ 0% cpu@50.343C soc2@49.062C soc0@50.968C gpu@51.312C tj@51.312C soc1@50.75C VDD_IN 5440mW/5530mW VDD_CPU_GPU_CV 479mW/538mW VDD_SOC 2795mW/2816mW
08-04-2026 13:39:43 RAM 1463/7620MB (lfb 96x4MB) SWAP 0/3810MB (cached 0MB) CPU [0%@729,0%@729,0%@729,0%@729,0%@729,0%@729] GR3D_FREQ 0% cpu@50.312C soc2@48.968C soc0@51.062C gpu@51.281C tj@51.281C soc1@50.656C VDD_IN 5440mW/5530mW VDD_CPU_GPU_CV 479mW/538mW VDD_SOC 2795mW/2815mW
08-04-2026 13:39:44 RAM 1463/7620MB (lfb 96x4MB) SWAP 0/3810MB (cached 0MB) CPU [0%@729,0%@729,0%@729,0%@729,0%@729,0%@729] GR3D_FREQ 0% cpu@50.468C soc2@49C soc0@51.062C gpu@51.25C tj@51.25C soc1@50.687C VDD_IN 5440mW/5529mW VDD_CPU_GPU_CV 479mW/538mW VDD_SOC 2795mW/2815mW
08-04-2026 13:39:45 RAM 1463/7620MB (lfb 96x4MB) SWAP 0/3810MB (cached 0MB) CPU [0%@729,0%@729,0%@729,0%@729,0%@729,0%@729] GR3D_FREQ 0% cpu@50.625C soc2@49C soc0@50.968C gpu@51.281C tj@51.281C soc1@50.75C VDD_IN 5480mW/5529mW VDD_CPU_GPU_CV 519mW/538mW VDD_SOC 2795mW/2815mW
08-04-2026 13:39:46 RAM 1463/7620MB (lfb 96x4MB) SWAP 0/3810MB (cached 0MB) CPU [0%@729,0%@729,0%@729,0%@729,0%@729,0%@729] GR3D_FREQ 0% cpu@50.437C soc2@49.031C soc0@50.968C gpu@51.218C tj@51.218C soc1@50.812C VDD_IN 5440mW/5529mW VDD_CPU_GPU_CV 479mW/537mW VDD_SOC 2795mW/2815mW
08-04-2026 13:39:47 RAM 1463/7620MB (lfb 96x4MB) SWAP 0/3810MB (cached 0MB) CPU [1%@729,0%@729,1%@729,0%@729,0%@729,0%@729] GR3D_FREQ 0% cpu@50.343C soc2@49.093C soc0@51.031C gpu@51.437C tj@51.437C soc1@50.625C VDD_IN 5480mW/5529mW VDD_CPU_GPU_CV 479mW/537mW VDD_SOC 2795mW/2815mW
08-04-2026 13:39:48 RAM 1463/7620MB (lfb 96x4MB) SWAP 0/3810MB (cached 0MB) CPU [1%@729,0%@729,0%@729,0%@729,0%@729,0%@729] GR3D_FREQ 0% cpu@50.593C soc2@49C soc0@50.906C gpu@51.562C tj@51.562C soc1@50.656C VDD_IN 5440mW/5529mW VDD_CPU_GPU_CV 479mW/537mW VDD_SOC 2795mW/2815mW
08-04-2026 13:39:49 RAM 1463/7620MB (lfb 96x4MB) SWAP 0/3810MB (cached 0MB) CPU [0%@729,0%@729,0%@729,0%@729,0%@729,0%@729] GR3D_FREQ 0% cpu@50.5C soc2@49C soc0@50.906C gpu@51.531C tj@51.531C soc1@50.687C VDD_IN 5440mW/5529mW VDD_CPU_GPU_CV 479mW/537mW VDD_SOC 2795mW/2815mW
08-04-2026 13:39:50 RAM 1463/7620MB (lfb 96x4MB) SWAP 0/3810MB (cached 0MB) CPU [0%@729,1%@729,1%@729,0%@729,0%@729,0%@729] GR3D_FREQ 0% cpu@50.625C soc2@49C soc0@50.937C gpu@51.468C tj@51.468C soc1@50.656C VDD_IN 5440mW/5528mW VDD_CPU_GPU_CV 479mW/537mW VDD_SOC 2795mW/2815mW
08-04-2026 13:39:51 RAM 1463/7620MB (lfb 96x4MB) SWAP 0/3810MB (cached 0MB) CPU [2%@729,1%@729,0%@729,0%@729,0%@729,0%@729] GR3D_FREQ 0% cpu@50.375C soc2@49C soc0@50.875C gpu@51.281C tj@51.281C soc1@50.906C VDD_IN 5440mW/5528mW VDD_CPU_GPU_CV 479mW/537mW VDD_SOC 2795mW/2815mW
08-04-2026 13:39:52 RAM 1463/7620MB (lfb 96x4MB) SWAP 0/3810MB (cached 0MB) CPU [0%@729,0%@729,0%@729,0%@729,0%@729,0%@729] GR3D_FREQ 0% cpu@50.437C soc2@49C soc0@51.031C gpu@51.312C tj@51.312C soc1@50.656C VDD_IN 5440mW/5528mW VDD_CPU_GPU_CV 479mW/537mW VDD_SOC 2795mW/2815mW
08-04-2026 13:39:53 RAM 1463/7620MB (lfb 96x4MB) SWAP 0/3810MB (cached 0MB) CPU [0%@729,0%@729,1%@729,0%@729,0%@729,0%@729] GR3D_FREQ 0% cpu@50.531C soc2@49.031C soc0@50.843C gpu@51.343C tj@51.343C soc1@50.687C VDD_IN 5440mW/5528mW VDD_CPU_GPU_CV 479mW/537mW VDD_SOC 2795mW/2815mW
08-04-2026 13:39:54 RAM 1463/7620MB (lfb 96x4MB) SWAP 0/3810MB (cached 0MB) CPU [0%@729,0%@729,0%@729,0%@729,0%@729,0%@729] GR3D_FREQ 0% cpu@50.343C soc2@49.093C soc0@51C gpu@51.25C tj@51.25C soc1@50.687C VDD_IN 5480mW/5528mW VDD_CPU_GPU_CV 479mW/536mW VDD_SOC 2795mW/2815mW
08-04-2026 13:39:55 RAM 1463/7620MB (lfb 96x4MB) SWAP 0/3810MB (cached 0MB) CPU [0%@729,0%@729,0%@729,0%@729,0%@729,0%@729] GR3D_FREQ 0% cpu@50.625C soc2@49.031C soc0@50.843C gpu@51.281C tj@51.281C soc1@50.75C VDD_IN 5440mW/5527mW VDD_CPU_GPU_CV 479mW/536mW VDD_SOC 2795mW/2815mW
08-04-2026 13:39:56 RAM 1463/7620MB (lfb 96x4MB) SWAP 0/3810MB (cached 0MB) CPU [0%@729,0%@729,1%@729,0%@729,0%@729,0%@729] GR3D_FREQ 0% cpu@50.406C soc2@49.093C soc0@50.968C gpu@51.687C tj@51.687C soc1@50.906C VDD_IN 5680mW/5528mW VDD_CPU_GPU_CV 559mW/536mW VDD_SOC 2875mW/2815mW
08-04-2026 13:39:57 RAM 1463/7620MB (lfb 96x4MB) SWAP 0/3810MB (cached 0MB) CPU [0%@729,0%@729,0%@729,0%@729,0%@729,0%@729] GR3D_FREQ 0% cpu@50.468C soc2@49C soc0@51C gpu@51.5C tj@51.5C soc1@50.687C VDD_IN 5480mW/5528mW VDD_CPU_GPU_CV 519mW/536mW VDD_SOC 2795mW/2815mW
08-04-2026 13:39:58 RAM 1463/7620MB (lfb 96x4MB) SWAP 0/3810MB (cached 0MB) CPU [1%@729,1%@729,0%@729,1%@729,0%@729,0%@729] GR3D_FREQ 0% cpu@50.562C soc2@49.031C soc0@50.968C gpu@51.687C tj@51.687C soc1@50.593C VDD_IN 5480mW/5528mW VDD_CPU_GPU_CV 519mW/536mW VDD_SOC 2795mW/2815mW
08-04-2026 13:39:59 RAM 1463/7620MB (lfb 96x4MB) SWAP 0/3810MB (cached 0MB) CPU [0%@729,0%@729,1%@729,0%@729,0%@729,0%@729] GR3D_FREQ 0% cpu@50.437C soc2@49.093C soc0@50.937C gpu@51.687C tj@51.687C soc1@50.75C VDD_IN 5480mW/5528mW VDD_CPU_GPU_CV 519mW/536mW VDD_SOC 2795mW/2815mW
08-04-2026 13:40:00 RAM 1463/7620MB (lfb 96x4MB) SWAP 0/3810MB (cached 0MB) CPU [0%@729,0%@729,0%@729,0%@729,0%@729,0%@729] GR3D_FREQ 0% cpu@50.562C soc2@49.125C soc0@50.968C gpu@51.687C tj@51.687C soc1@50.843C VDD_IN 5480mW/5527mW VDD_CPU_GPU_CV 519mW/536mW VDD_SOC 2795mW/2815mW
08-04-2026 13:40:01 RAM 1463/7620MB (lfb 96x4MB) SWAP 0/3810MB (cached 0MB) CPU [0%@729,0%@729,0%@729,0%@729,0%@729,0%@729] GR3D_FREQ 0% cpu@50.343C soc2@49.031C soc0@50.968C gpu@51.406C tj@51.406C soc1@50.656C VDD_IN 5520mW/5527mW VDD_CPU_GPU_CV 519mW/536mW VDD_SOC 2835mW/2815mW
08-04-2026 13:40:02 RAM 1463/7620MB (lfb 96x4MB) SWAP 0/3810MB (cached 0MB) CPU [0%@729,0%@729,0%@729,0%@729,0%@729,0%@729] GR3D_FREQ 0% cpu@50.437C soc2@49C soc0@50.812C gpu@51.375C tj@51.375C soc1@50.656C VDD_IN 5480mW/5527mW VDD_CPU_GPU_CV 519mW/536mW VDD_SOC 2795mW/2815mW
08-04-2026 13:40:03 RAM 1463/7620MB (lfb 96x4MB) SWAP 0/3810MB (cached 0MB) CPU [0%@729,0%@729,0%@729,0%@729,0%@729,0%@729] GR3D_FREQ 0% cpu@50.531C soc2@49.062C soc0@50.875C gpu@51.312C tj@51.312C soc1@50.687C VDD_IN 5440mW/5527mW VDD_CPU_GPU_CV 479mW/536mW VDD_SOC 2795mW/2815mW
08-04-2026 13:40:04 RAM 1463/7620MB (lfb 96x4MB) SWAP 0/3810MB (cached 0MB) CPU [0%@729,0%@729,0%@729,0%@729,0%@729,0%@729] GR3D_FREQ 0% cpu@50.375C soc2@49C soc0@50.968C gpu@51.312C tj@51.312C soc1@50.687C VDD_IN 5440mW/5527mW VDD_CPU_GPU_CV 479mW/536mW VDD_SOC 2795mW/2815mW
08-04-2026 13:40:05 RAM 1463/7620MB (lfb 96x4MB) SWAP 0/3810MB (cached 0MB) CPU [0%@729,0%@729,1%@729,0%@729,0%@729,0%@729] GR3D_FREQ 0% cpu@50.531C soc2@49C soc0@51C gpu@51.375C tj@51.375C soc1@50.875C VDD_IN 5440mW/5527mW VDD_CPU_GPU_CV 519mW/536mW VDD_SOC 2795mW/2815mW
08-04-2026 13:40:06 RAM 1463/7620MB (lfb 96x4MB) SWAP 0/3810MB (cached 0MB) CPU [0%@729,0%@729,0%@729,0%@729,0%@729,0%@729] GR3D_FREQ 0% cpu@50.406C soc2@49C soc0@51.031C gpu@51.281C tj@51.281C soc1@50.625C VDD_IN 5800mW/5527mW VDD_CPU_GPU_CV 599mW/536mW VDD_SOC 2915mW/2815mW
08-04-2026 13:40:07 RAM 1463/7620MB (lfb 96x4MB) SWAP 0/3810MB (cached 0MB) CPU [0%@729,0%@729,0%@729,0%@729,0%@729,0%@729] GR3D_FREQ 0% cpu@50.437C soc2@49C soc0@50.906C gpu@51.312C tj@51.312C soc1@50.687C VDD_IN 5480mW/5527mW VDD_CPU_GPU_CV 519mW/536mW VDD_SOC 2795mW/2815mW
08-04-2026 13:40:08 RAM 1463/7620MB (lfb 96x4MB) SWAP 0/3810MB (cached 0MB) CPU [0%@729,0%@729,0%@729,1%@729,0%@729,0%@729] GR3D_FREQ 0% cpu@50.531C soc2@49.062C soc0@50.875C gpu@51.25C tj@51.25C soc1@50.75C VDD_IN 5480mW/5527mW VDD_CPU_GPU_CV 519mW/536mW VDD_SOC 2795mW/2815mW
08-04-2026 13:40:09 RAM 1463/7620MB (lfb 96x4MB) SWAP 0/3810MB (cached 0MB) CPU [0%@729,0%@729,0%@729,2%@729,0%@729,0%@729] GR3D_FREQ 0% cpu@50.406C soc2@49.031C soc0@50.937C gpu@51.218C tj@51.218C soc1@50.781C VDD_IN 5480mW/5527mW VDD_CPU_GPU_CV 519mW/536mW VDD_SOC 2795mW/2815mW
08-04-2026 13:40:10 RAM 1463/7620MB (lfb 96x4MB) SWAP 0/3810MB (cached 0MB) CPU [1%@729,0%@729,0%@729,0%@729,0%@729,0%@729] GR3D_FREQ 0% cpu@50.406C soc2@49.062C soc0@50.968C gpu@51.437C tj@51.437C soc1@50.812C VDD_IN 5440mW/5527mW VDD_CPU_GPU_CV 479mW/536mW VDD_SOC 2795mW/2815mW
08-04-2026 13:40:11 RAM 1463/7620MB (lfb 96x4MB) SWAP 0/3810MB (cached 0MB) CPU [0%@729,0%@729,0%@729,0%@729,0%@729,0%@729] GR3D_FREQ 0% cpu@50.468C soc2@49C soc0@51.031C gpu@51.437C tj@51.437C soc1@50.687C VDD_IN 5440mW/5527mW VDD_CPU_GPU_CV 479mW/536mW VDD_SOC 2795mW/2815mW
08-04-2026 13:40:12 RAM 1463/7620MB (lfb 96x4MB) SWAP 0/3810MB (cached 0MB) CPU [0%@729,0%@729,1%@729,0%@729,0%@729,0%@729] GR3D_FREQ 0% cpu@50.531C soc2@49C soc0@50.906C gpu@51.468C tj@51.468C soc1@50.593C VDD_IN 5440mW/5526mW VDD_CPU_GPU_CV 479mW/535mW VDD_SOC 2795mW/2815mW
08-04-2026 13:40:13 RAM 1463/7620MB (lfb 96x4MB) SWAP 0/3810MB (cached 0MB) CPU [0%@729,0%@729,0%@729,0%@729,0%@729,0%@729] GR3D_FREQ 0% cpu@50.468C soc2@48.968C soc0@50.968C gpu@51.5C tj@51.5C soc1@50.687C VDD_IN 5440mW/5526mW VDD_CPU_GPU_CV 479mW/535mW VDD_SOC 2795mW/2815mW
08-04-2026 13:40:14 RAM 1463/7620MB (lfb 96x4MB) SWAP 0/3810MB (cached 0MB) CPU [1%@729,0%@729,1%@729,0%@729,0%@729,0%@729] GR3D_FREQ 0% cpu@50.375C soc2@49.125C soc0@50.937C gpu@51.437C tj@51.437C soc1@50.687C VDD_IN 5440mW/5526mW VDD_CPU_GPU_CV 479mW/535mW VDD_SOC 2795mW/2815mW
08-04-2026 13:40:15 RAM 1463/7620MB (lfb 96x4MB) SWAP 0/3810MB (cached 0MB) CPU [0%@729,0%@729,1%@729,0%@729,0%@729,0%@729] GR3D_FREQ 0% cpu@50.375C soc2@49C soc0@50.843C gpu@51.25C tj@51.25C soc1@50.531C VDD_IN 5440mW/5526mW VDD_CPU_GPU_CV 479mW/535mW VDD_SOC 2795mW/2815mW
08-04-2026 13:40:16 RAM 1463/7620MB (lfb 96x4MB) SWAP 0/3810MB (cached 0MB) CPU [0%@729,0%@729,0%@729,1%@729,0%@729,0%@729] GR3D_FREQ 0% cpu@50.5C soc2@49.031C soc0@50.906C gpu@51.281C tj@51.281C soc1@50.593C VDD_IN 5480mW/5526mW VDD_CPU_GPU_CV 519mW/535mW VDD_SOC 2795mW/2815mW
08-04-2026 13:40:17 RAM 1463/7620MB (lfb 96x4MB) SWAP 0/3810MB (cached 0MB) CPU [0%@729,0%@729,2%@729,0%@729,0%@729,0%@729] GR3D_FREQ 0% cpu@50.531C soc2@48.968C soc0@50.75C gpu@51.218C tj@51.218C soc1@50.687C VDD_IN 5440mW/5526mW VDD_CPU_GPU_CV 479mW/535mW VDD_SOC 2795mW/2814mW
08-04-2026 13:40:18 RAM 1463/7620MB (lfb 96x4MB) SWAP 0/3810MB (cached 0MB) CPU [1%@729,0%@729,0%@729,0%@729,0%@729,0%@729] GR3D_FREQ 0% cpu@50.468C soc2@48.968C soc0@50.968C gpu@51.218C tj@51.218C soc1@50.656C VDD_IN 5440mW/5525mW VDD_CPU_GPU_CV 479mW/535mW VDD_SOC 2795mW/2814mW
08-04-2026 13:40:19 RAM 1463/7620MB (lfb 96x4MB) SWAP 0/3810MB (cached 0MB) CPU [0%@729,0%@729,2%@729,0%@729,0%@729,0%@729] GR3D_FREQ 0% cpu@50.281C soc2@49.093C soc0@50.875C gpu@51.25C tj@51.25C soc1@50.781C VDD_IN 5480mW/5525mW VDD_CPU_GPU_CV 519mW/535mW VDD_SOC 2795mW/2814mW
08-04-2026 13:40:20 RAM 1463/7620MB (lfb 96x4MB) SWAP 0/3810MB (cached 0MB) CPU [0%@729,0%@729,0%@729,0%@729,0%@729,0%@729] GR3D_FREQ 0% cpu@50.406C soc2@49C soc0@51C gpu@51.25C tj@51.25C soc1@50.562C VDD_IN 5480mW/5525mW VDD_CPU_GPU_CV 479mW/535mW VDD_SOC 2795mW/2814mW
08-04-2026 13:40:21 RAM 1463/7620MB (lfb 96x4MB) SWAP 0/3810MB (cached 0MB) CPU [0%@729,0%@729,1%@729,0%@729,0%@729,0%@729] GR3D_FREQ 0% cpu@50.468C soc2@49C soc0@50.843C gpu@51.468C tj@51.468C soc1@50.687C VDD_IN 5480mW/5525mW VDD_CPU_GPU_CV 519mW/535mW VDD_SOC 2795mW/2814mW
08-04-2026 13:40:22 RAM 1463/7620MB (lfb 96x4MB) SWAP 0/3810MB (cached 0MB) CPU [0%@729,0%@729,0%@729,0%@729,0%@729,0%@729] GR3D_FREQ 0% cpu@50.625C soc2@48.968C soc0@50.968C gpu@51.5C tj@51.5C soc1@50.593C VDD_IN 5440mW/5525mW VDD_CPU_GPU_CV 479mW/534mW VDD_SOC 2795mW/2814mW
08-04-2026 13:40:23 RAM 1463/7620MB (lfb 96x4MB) SWAP 0/3810MB (cached 0MB) CPU [0%@729,0%@729,0%@729,1%@729,0%@729,0%@729] GR3D_FREQ 0% cpu@50.406C soc2@49C soc0@50.875C gpu@51.531C tj@51.531C soc1@50.718C VDD_IN 5440mW/5525mW VDD_CPU_GPU_CV 479mW/534mW VDD_SOC 2795mW/2814mW
08-04-2026 13:40:24 RAM 1463/7620MB (lfb 96x4MB) SWAP 0/3810MB (cached 0MB) CPU [0%@729,0%@729,0%@729,1%@729,0%@729,0%@729] GR3D_FREQ 0% cpu@50.687C soc2@49.031C soc0@50.937C gpu@51.562C tj@51.562C soc1@50.812C VDD_IN 5440mW/5525mW VDD_CPU_GPU_CV 479mW/534mW VDD_SOC 2795mW/2814mW
08-04-2026 13:40:25 RAM 1463/7620MB (lfb 96x4MB) SWAP 0/3810MB (cached 0MB) CPU [0%@729,0%@729,0%@729,1%@729,0%@729,0%@729] GR3D_FREQ 0% cpu@50.343C soc2@48.906C soc0@50.906C gpu@51.312C tj@51.312C soc1@50.562C VDD_IN 5440mW/5524mW VDD_CPU_GPU_CV 479mW/534mW VDD_SOC 2795mW/2814mW
08-04-2026 13:40:26 RAM 1463/7620MB (lfb 96x4MB) SWAP 0/3810MB (cached 0MB) CPU [1%@729,0%@729,0%@729,0%@729,0%@729,0%@729] GR3D_FREQ 0% cpu@50.468C soc2@48.937C soc0@50.781C gpu@51.312C tj@51.312C soc1@50.687C VDD_IN 5520mW/5524mW VDD_CPU_GPU_CV 519mW/534mW VDD_SOC 2835mW/2814mW
08-04-2026 13:40:27 RAM 1463/7620MB (lfb 96x4MB) SWAP 0/3810MB (cached 0MB) CPU [0%@729,0%@729,0%@729,1%@729,0%@729,0%@729] GR3D_FREQ 0% cpu@50.656C soc2@48.937C soc0@50.718C gpu@51.312C tj@51.312C soc1@50.593C VDD_IN 5480mW/5524mW VDD_CPU_GPU_CV 519mW/534mW VDD_SOC 2795mW/2814mW
08-04-2026 13:40:28 RAM 1466/7620MB (lfb 96x4MB) SWAP 0/3810MB (cached 0MB) CPU [0%@1728,6%@1728,0%@1728,1%@1728,0%@729,0%@729] GR3D_FREQ 0% cpu@50.593C soc2@49.031C soc0@50.875C gpu@51.375C tj@51.375C soc1@50.75C VDD_IN 5640mW/5525mW VDD_CPU_GPU_CV 599mW/534mW VDD_SOC 2835mW/2814mW
08-04-2026 13:40:29 RAM 1634/7620MB (lfb 96x4MB) SWAP 0/3810MB (cached 0MB) CPU [14%@1728,100%@1728,14%@1728,14%@1728,13%@1728,13%@1728] GR3D_FREQ 0% cpu@50.906C soc2@49.312C soc0@50.937C gpu@51.625C tj@51.625C soc1@50.843C VDD_IN 7560mW/5529mW VDD_CPU_GPU_CV 1757mW/537mW VDD_SOC 3274mW/2815mW
08-04-2026 13:40:30 RAM 1707/7620MB (lfb 96x4MB) SWAP 0/3810MB (cached 0MB) CPU [0%@1728,100%@1728,0%@1728,0%@1728,0%@729,0%@729] GR3D_FREQ 0% cpu@50.968C soc2@49.312C soc0@51.062C gpu@51.687C tj@51.687C soc1@50.812C VDD_IN 7440mW/5533mW VDD_CPU_GPU_CV 1597mW/539mW VDD_SOC 3274mW/2816mW
08-04-2026 13:40:31 RAM 1733/7620MB (lfb 96x4MB) SWAP 0/3810MB (cached 0MB) CPU [0%@1728,100%@1728,1%@1728,0%@1728,0%@729,0%@729] GR3D_FREQ 0% cpu@51.218C soc2@49.375C soc0@51.062C gpu@51.75C tj@51.75C soc1@50.812C VDD_IN 7440mW/5537mW VDD_CPU_GPU_CV 1557mW/541mW VDD_SOC 3314mW/2817mW
08-04-2026 13:40:32 RAM 1754/7620MB (lfb 96x4MB) SWAP 0/3810MB (cached 0MB) CPU [1%@1728,100%@1728,0%@1728,0%@1728,0%@729,0%@729] GR3D_FREQ 0% cpu@51.406C soc2@49.375C soc0@51.062C gpu@51.781C tj@51.781C soc1@50.906C VDD_IN 7400mW/5541mW VDD_CPU_GPU_CV 1357mW/543mW VDD_SOC 3354mW/2818mW
08-04-2026 13:40:33 RAM 1466/7620MB (lfb 96x4MB) SWAP 0/3810MB (cached 0MB) CPU [1%@729,65%@729,0%@729,0%@729,0%@729,0%@729] GR3D_FREQ 0% cpu@50.75C soc2@49.312C soc0@51.031C gpu@51.843C tj@51.843C soc1@51C VDD_IN 6400mW/5543mW VDD_CPU_GPU_CV 878mW/544mW VDD_SOC 3075mW/2819mW
08-04-2026 13:40:34 RAM 1465/7620MB (lfb 96x4MB) SWAP 0/3810MB (cached 0MB) CPU [1%@729,0%@729,1%@729,1%@729,0%@729,0%@729] GR3D_FREQ 0% cpu@50.937C soc2@49.187C soc0@51.125C gpu@51.5C tj@51.5C soc1@50.968C VDD_IN 5600mW/5543mW VDD_CPU_GPU_CV 559mW/544mW VDD_SOC 2835mW/2819mW
08-04-2026 13:40:35 RAM 1465/7620MB (lfb 96x4MB) SWAP 0/3810MB (cached 0MB) CPU [0%@729,0%@729,0%@729,1%@729,0%@729,0%@729] GR3D_FREQ 0% cpu@50.593C soc2@49.312C soc0@51.218C gpu@51.468C tj@51.468C soc1@50.843C VDD_IN 5480mW/5542mW VDD_CPU_GPU_CV 519mW/544mW VDD_SOC 2795mW/2819mW
08-04-2026 13:40:36 RAM 1465/7620MB (lfb 96x4MB) SWAP 0/3810MB (cached 0MB) CPU [0%@729,0%@729,0%@729,0%@729,0%@1728,0%@1728] GR3D_FREQ 0% cpu@50.687C soc2@49.187C soc0@51.093C gpu@51.5C tj@51.5C soc1@50.781C VDD_IN 5720mW/5543mW VDD_CPU_GPU_CV 599mW/544mW VDD_SOC 2915mW/2819mW
08-04-2026 13:40:37 RAM 1466/7620MB (lfb 96x4MB) SWAP 0/3810MB (cached 0MB) CPU [1%@729,0%@729,0%@729,0%@729,0%@729,0%@729] GR3D_FREQ 0% cpu@50.812C soc2@49.062C soc0@51.125C gpu@51.468C tj@51.468C soc1@50.875C VDD_IN 5480mW/5543mW VDD_CPU_GPU_CV 519mW/544mW VDD_SOC 2795mW/2819mW
08-04-2026 13:40:38 RAM 1466/7620MB (lfb 96x4MB) SWAP 0/3810MB (cached 0MB) CPU [0%@729,0%@729,0%@729,0%@729,0%@729,0%@729] GR3D_FREQ 0% cpu@50.5C soc2@49.156C soc0@50.968C gpu@51.625C tj@51.625C soc1@50.875C VDD_IN 5440mW/5543mW VDD_CPU_GPU_CV 479mW/543mW VDD_SOC 2795mW/2819mW
08-04-2026 13:40:39 RAM 1465/7620MB (lfb 96x4MB) SWAP 0/3810MB (cached 0MB) CPU [0%@729,0%@729,0%@729,0%@729,0%@729,0%@729] GR3D_FREQ 0% cpu@50.5C soc2@49.187C soc0@51.187C gpu@51.562C tj@51.562C soc1@50.718C VDD_IN 5440mW/5542mW VDD_CPU_GPU_CV 479mW/543mW VDD_SOC 2795mW/2819mW
08-04-2026 13:40:40 RAM 1465/7620MB (lfb 96x4MB) SWAP 0/3810MB (cached 0MB) CPU [0%@729,0%@729,0%@729,0%@729,0%@729,0%@729] GR3D_FREQ 0% cpu@50.437C soc2@49.125C soc0@50.968C gpu@51.656C tj@51.656C soc1@50.75C VDD_IN 5440mW/5542mW VDD_CPU_GPU_CV 479mW/543mW VDD_SOC 2795mW/2819mW
08-04-2026 13:40:41 RAM 1465/7620MB (lfb 96x4MB) SWAP 0/3810MB (cached 0MB) CPU [1%@729,0%@729,0%@729,0%@729,0%@1728,0%@1728] GR3D_FREQ 0% cpu@50.656C soc2@49.156C soc0@51.031C gpu@51.687C tj@51.687C soc1@50.843C VDD_IN 5520mW/5542mW VDD_CPU_GPU_CV 519mW/543mW VDD_SOC 2835mW/2819mW
08-04-2026 13:40:42 RAM 1465/7620MB (lfb 96x4MB) SWAP 0/3810MB (cached 0MB) CPU [0%@729,0%@729,0%@729,1%@729,0%@729,0%@729] GR3D_FREQ 0% cpu@50.812C soc2@49.156C soc0@50.968C gpu@51.468C tj@51.468C soc1@50.875C VDD_IN 5600mW/5542mW VDD_CPU_GPU_CV 559mW/543mW VDD_SOC 2835mW/2819mW
08-04-2026 13:40:43 RAM 1465/7620MB (lfb 96x4MB) SWAP 0/3810MB (cached 0MB) CPU [0%@729,0%@729,0%@729,0%@729,0%@729,0%@729] GR3D_FREQ 0% cpu@50.468C soc2@49.156C soc0@51.093C gpu@51.437C tj@51.437C soc1@50.937C VDD_IN 5480mW/5542mW VDD_CPU_GPU_CV 479mW/543mW VDD_SOC 2795mW/2819mW
08-04-2026 13:40:44 RAM 1465/7620MB (lfb 96x4MB) SWAP 0/3810MB (cached 0MB) CPU [0%@729,0%@729,0%@729,1%@729,0%@729,0%@729] GR3D_FREQ 0% cpu@50.531C soc2@49.25C soc0@51.093C gpu@51.406C tj@51.406C soc1@50.687C VDD_IN 5440mW/5542mW VDD_CPU_GPU_CV 479mW/543mW VDD_SOC 2795mW/2819mW
08-04-2026 13:40:45 RAM 1465/7620MB (lfb 96x4MB) SWAP 0/3810MB (cached 0MB) CPU [0%@729,1%@729,0%@729,1%@729,0%@729,0%@729] GR3D_FREQ 0% cpu@50.625C soc2@49.125C soc0@50.968C gpu@51.531C tj@51.531C soc1@50.75C VDD_IN 5440mW/5542mW VDD_CPU_GPU_CV 479mW/543mW VDD_SOC 2795mW/2819mW
08-04-2026 13:40:46 RAM 1465/7620MB (lfb 96x4MB) SWAP 0/3810MB (cached 0MB) CPU [1%@729,0%@729,0%@729,0%@729,0%@729,0%@729] GR3D_FREQ 0% cpu@50.625C soc2@49.125C soc0@50.968C gpu@51.406C tj@51.406C soc1@50.812C VDD_IN 5480mW/5542mW VDD_CPU_GPU_CV 519mW/543mW VDD_SOC 2795mW/2819mW
08-04-2026 13:40:47 RAM 1465/7620MB (lfb 96x4MB) SWAP 0/3810MB (cached 0MB) CPU [0%@729,1%@729,0%@729,0%@729,0%@729,0%@729] GR3D_FREQ 0% cpu@50.812C soc2@49.25C soc0@51.062C gpu@51.75C tj@51.75C soc1@50.843C VDD_IN 5640mW/5542mW VDD_CPU_GPU_CV 559mW/543mW VDD_SOC 2875mW/2819mW
08-04-2026 13:40:48 RAM 1465/7620MB (lfb 96x4MB) SWAP 0/3810MB (cached 0MB) CPU [1%@729,1%@729,0%@729,0%@729,0%@729,0%@729] GR3D_FREQ 0% cpu@50.468C soc2@49.156C soc0@51.062C gpu@51.718C tj@51.718C soc1@51C VDD_IN 5480mW/5542mW VDD_CPU_GPU_CV 519mW/543mW VDD_SOC 2795mW/2819mW
08-04-2026 13:40:49 RAM 1465/7620MB (lfb 96x4MB) SWAP 0/3810MB (cached 0MB) CPU [0%@729,0%@729,0%@729,0%@729,0%@729,0%@729] GR3D_FREQ 0% cpu@50.562C soc2@49.093C soc0@51.156C gpu@51.75C tj@51.75C soc1@50.718C VDD_IN 5480mW/5541mW VDD_CPU_GPU_CV 479mW/543mW VDD_SOC 2795mW/2819mW
08-04-2026 13:40:50 RAM 1465/7620MB (lfb 96x4MB) SWAP 0/3810MB (cached 0MB) CPU [0%@729,0%@729,0%@729,0%@729,0%@729,0%@729] GR3D_FREQ 0% cpu@50.656C soc2@49.187C soc0@51.218C gpu@51.843C tj@51.843C soc1@50.812C VDD_IN 5480mW/5541mW VDD_CPU_GPU_CV 479mW/542mW VDD_SOC 2795mW/2819mW
08-04-2026 13:40:51 RAM 1465/7620MB (lfb 96x4MB) SWAP 0/3810MB (cached 0MB) CPU [0%@729,1%@729,0%@729,1%@729,0%@729,0%@729] GR3D_FREQ 0% cpu@50.468C soc2@49.187C soc0@51.031C gpu@51.812C tj@51.812C soc1@50.843C VDD_IN 5471mW/5541mW VDD_CPU_GPU_CV 519mW/542mW VDD_SOC 2795mW/2819mW
08-04-2026 13:40:52 RAM 1465/7620MB (lfb 96x4MB) SWAP 0/3810MB (cached 0MB) CPU [0%@729,0%@729,0%@729,0%@729,0%@729,0%@729] GR3D_FREQ 0% cpu@50.718C soc2@49.187C soc0@50.937C gpu@51.906C tj@51.906C soc1@50.906C VDD_IN 5480mW/5541mW VDD_CPU_GPU_CV 479mW/542mW VDD_SOC 2795mW/2819mW
08-04-2026 13:40:53 RAM 1465/7620MB (lfb 96x4MB) SWAP 0/3810MB (cached 0MB) CPU [0%@729,0%@729,0%@729,0%@729,0%@729,0%@729] GR3D_FREQ 0% cpu@50.468C soc2@49.25C soc0@51.093C gpu@51.531C tj@51.531C soc1@50.968C VDD_IN 5440mW/5541mW VDD_CPU_GPU_CV 479mW/542mW VDD_SOC 2795mW/2819mW
08-04-2026 13:40:54 RAM 1465/7620MB (lfb 96x4MB) SWAP 0/3810MB (cached 0MB) CPU [0%@729,0%@729,0%@729,0%@729,0%@729,0%@729] GR3D_FREQ 0% cpu@50.562C soc2@49.093C soc0@51.062C gpu@51.562C tj@51.562C soc1@50.812C VDD_IN 5480mW/5541mW VDD_CPU_GPU_CV 519mW/542mW VDD_SOC 2795mW/2818mW
08-04-2026 13:40:55 RAM 1465/7620MB (lfb 96x4MB) SWAP 0/3810MB (cached 0MB) CPU [0%@729,0%@729,0%@729,0%@729,0%@729,0%@729] GR3D_FREQ 0% cpu@50.718C soc2@49.062C soc0@50.968C gpu@51.562C tj@51.562C soc1@50.75C VDD_IN 5480mW/5541mW VDD_CPU_GPU_CV 479mW/542mW VDD_SOC 2795mW/2818mW
08-04-2026 13:40:56 RAM 1465/7620MB (lfb 96x4MB) SWAP 0/3810MB (cached 0MB) CPU [1%@729,0%@729,1%@729,0%@729,0%@729,0%@729] GR3D_FREQ 0% cpu@50.906C soc2@49.031C soc0@51C gpu@51.562C tj@51.562C soc1@50.875C VDD_IN 5480mW/5541mW VDD_CPU_GPU_CV 479mW/542mW VDD_SOC 2795mW/2818mW
08-04-2026 13:40:57 RAM 1465/7620MB (lfb 96x4MB) SWAP 0/3810MB (cached 0MB) CPU [0%@729,0%@729,0%@729,0%@729,0%@729,0%@729] GR3D_FREQ 0% cpu@50.718C soc2@49.125C soc0@51.031C gpu@51.5C tj@51.5C soc1@50.906C VDD_IN 5480mW/5540mW VDD_CPU_GPU_CV 519mW/542mW VDD_SOC 2795mW/2818mW
08-04-2026 13:40:58 RAM 1465/7620MB (lfb 96x4MB) SWAP 0/3810MB (cached 0MB) CPU [0%@729,0%@729,0%@729,0%@729,0%@729,0%@729] GR3D_FREQ 0% cpu@50.5C soc2@49.25C soc0@51.062C gpu@51.343C tj@51.343C soc1@50.718C VDD_IN 5480mW/5540mW VDD_CPU_GPU_CV 519mW/542mW VDD_SOC 2795mW/2818mW
08-04-2026 13:40:59 RAM 1465/7620MB (lfb 96x4MB) SWAP 0/3810MB (cached 0MB) CPU [0%@729,0%@729,1%@729,0%@729,0%@729,0%@729] GR3D_FREQ 0% cpu@50.562C soc2@49.156C soc0@51.093C gpu@51.375C tj@51.375C soc1@50.781C VDD_IN 5480mW/5540mW VDD_CPU_GPU_CV 519mW/542mW VDD_SOC 2795mW/2818mW
08-04-2026 13:41:00 RAM 1465/7620MB (lfb 96x4MB) SWAP 0/3810MB (cached 0MB) CPU [0%@729,0%@729,2%@729,0%@729,0%@729,0%@729] GR3D_FREQ 0% cpu@50.656C soc2@49.125C soc0@51.031C gpu@51.375C tj@51.375C soc1@50.75C VDD_IN 5480mW/5540mW VDD_CPU_GPU_CV 519mW/542mW VDD_SOC 2795mW/2818mW
08-04-2026 13:41:01 RAM 1465/7620MB (lfb 96x4MB) SWAP 0/3810MB (cached 0MB) CPU [1%@729,0%@729,0%@729,0%@729,0%@729,0%@729] GR3D_FREQ 0% cpu@50.812C soc2@49.062C soc0@51.031C gpu@51.437C tj@51.437C soc1@50.812C VDD_IN 5480mW/5540mW VDD_CPU_GPU_CV 519mW/542mW VDD_SOC 2795mW/2818mW
08-04-2026 13:41:02 RAM 1465/7620MB (lfb 96x4MB) SWAP 0/3810MB (cached 0MB) CPU [0%@729,0%@729,0%@729,0%@729,0%@729,0%@729] GR3D_FREQ 0% cpu@50.593C soc2@49.125C soc0@51.062C gpu@51.375C tj@51.375C soc1@50.75C VDD_IN 5480mW/5540mW VDD_CPU_GPU_CV 519mW/542mW VDD_SOC 2795mW/2818mW
08-04-2026 13:41:03 RAM 1465/7620MB (lfb 96x4MB) SWAP 0/3810MB (cached 0MB) CPU [0%@729,0%@729,1%@729,0%@729,0%@729,0%@729] GR3D_FREQ 0% cpu@50.468C soc2@49.156C soc0@51.156C gpu@51.656C tj@51.656C soc1@50.781C VDD_IN 5440mW/5540mW VDD_CPU_GPU_CV 479mW/541mW VDD_SOC 2795mW/2818mW
08-04-2026 13:41:04 RAM 1465/7620MB (lfb 96x4MB) SWAP 0/3810MB (cached 0MB) CPU [0%@729,0%@729,0%@729,1%@729,0%@729,0%@729] GR3D_FREQ 0% cpu@50.531C soc2@49.093C soc0@51.125C gpu@51.656C tj@51.656C soc1@50.687C VDD_IN 5480mW/5539mW VDD_CPU_GPU_CV 519mW/541mW VDD_SOC 2795mW/2818mW
08-04-2026 13:41:05 RAM 1465/7620MB (lfb 96x4MB) SWAP 0/3810MB (cached 0MB) CPU [1%@729,1%@729,0%@729,1%@729,0%@729,0%@729] GR3D_FREQ 0% cpu@50.625C soc2@49.125C soc0@51C gpu@51.687C tj@51.687C soc1@50.75C VDD_IN 5440mW/5539mW VDD_CPU_GPU_CV 479mW/541mW VDD_SOC 2795mW/2818mW
08-04-2026 13:41:06 RAM 1465/7620MB (lfb 96x4MB) SWAP 0/3810MB (cached 0MB) CPU [0%@729,0%@729,0%@729,0%@729,0%@729,0%@729] GR3D_FREQ 0% cpu@50.875C soc2@49.187C soc0@51.031C gpu@51.656C tj@51.656C soc1@50.812C VDD_IN 5480mW/5539mW VDD_CPU_GPU_CV 479mW/541mW VDD_SOC 2795mW/2818mW
08-04-2026 13:41:07 RAM 1465/7620MB (lfb 96x4MB) SWAP 0/3810MB (cached 0MB) CPU [0%@729,0%@729,0%@729,0%@729,0%@729,0%@729] GR3D_FREQ 0% cpu@50.718C soc2@49.156C soc0@50.968C gpu@51.687C tj@51.687C soc1@50.906C VDD_IN 5480mW/5539mW VDD_CPU_GPU_CV 519mW/541mW VDD_SOC 2795mW/2818mW
08-04-2026 13:41:08 RAM 1465/7620MB (lfb 96x4MB) SWAP 0/3810MB (cached 0MB) CPU [0%@729,0%@729,0%@729,1%@729,0%@729,0%@729] GR3D_FREQ 0% cpu@50.531C soc2@49.093C soc0@51.125C gpu@51.437C tj@51.437C soc1@50.781C VDD_IN 5480mW/5539mW VDD_CPU_GPU_CV 479mW/541mW VDD_SOC 2795mW/2818mW
08-04-2026 13:41:09 RAM 1465/7620MB (lfb 96x4MB) SWAP 0/3810MB (cached 0MB) CPU [0%@729,0%@729,0%@729,0%@729,0%@729,0%@729] GR3D_FREQ 0% cpu@50.531C soc2@49.156C soc0@51.125C gpu@51.531C tj@51.531C soc1@50.781C VDD_IN 5440mW/5539mW VDD_CPU_GPU_CV 479mW/541mW VDD_SOC 2795mW/2818mW
08-04-2026 13:41:10 RAM 1465/7620MB (lfb 96x4MB) SWAP 0/3810MB (cached 0MB) CPU [0%@729,0%@729,0%@729,0%@729,0%@729,0%@729] GR3D_FREQ 0% cpu@50.562C soc2@49.187C soc0@51.031C gpu@51.468C tj@51.468C soc1@50.906C VDD_IN 5480mW/5539mW VDD_CPU_GPU_CV 479mW/541mW VDD_SOC 2795mW/2818mW
08-04-2026 13:41:11 RAM 1465/7620MB (lfb 96x4MB) SWAP 0/3810MB (cached 0MB) CPU [0%@729,0%@729,0%@729,0%@729,0%@729,0%@729] GR3D_FREQ 0% cpu@50.906C soc2@49.156C soc0@51.062C gpu@51.531C tj@51.531C soc1@50.843C VDD_IN 5440mW/5538mW VDD_CPU_GPU_CV 479mW/541mW VDD_SOC 2795mW/2818mW
08-04-2026 13:41:12 RAM 1466/7620MB (lfb 96x4MB) SWAP 0/3810MB (cached 0MB) CPU [0%@729,0%@729,0%@729,1%@729,0%@1728,0%@1728] GR3D_FREQ 0% cpu@50.562C soc2@49.281C soc0@51.031C gpu@51.531C tj@51.531C soc1@50.906C VDD_IN 5640mW/5539mW VDD_CPU_GPU_CV 559mW/541mW VDD_SOC 2875mW/2818mW
08-04-2026 13:41:13 RAM 1466/7620MB (lfb 96x4MB) SWAP 0/3810MB (cached 0MB) CPU [0%@729,0%@729,0%@729,0%@729,0%@729,0%@729] GR3D_FREQ 0% cpu@50.531C soc2@49.062C soc0@51.062C gpu@51.687C tj@51.687C soc1@50.718C VDD_IN 5480mW/5539mW VDD_CPU_GPU_CV 519mW/541mW VDD_SOC 2795mW/2818mW
08-04-2026 13:41:14 RAM 1466/7620MB (lfb 96x4MB) SWAP 0/3810MB (cached 0MB) CPU [0%@729,0%@729,0%@729,0%@729,0%@729,0%@729] GR3D_FREQ 0% cpu@50.718C soc2@49.156C soc0@51.125C gpu@51.718C tj@51.718C soc1@50.781C VDD_IN 5480mW/5538mW VDD_CPU_GPU_CV 479mW/541mW VDD_SOC 2795mW/2818mW
08-04-2026 13:41:15 RAM 1466/7620MB (lfb 96x4MB) SWAP 0/3810MB (cached 0MB) CPU [0%@729,0%@729,0%@729,0%@729,0%@729,0%@729] GR3D_FREQ 0% cpu@50.562C soc2@49.093C soc0@51.031C gpu@51.781C tj@51.781C soc1@50.843C VDD_IN 5440mW/5538mW VDD_CPU_GPU_CV 479mW/540mW VDD_SOC 2795mW/2818mW
08-04-2026 13:41:16 RAM 1466/7620MB (lfb 96x4MB) SWAP 0/3810MB (cached 0MB) CPU [2%@729,0%@729,0%@729,0%@729,0%@729,0%@729] GR3D_FREQ 0% cpu@50.875C soc2@49.187C soc0@51.093C gpu@51.812C tj@51.812C soc1@50.843C VDD_IN 5480mW/5538mW VDD_CPU_GPU_CV 519mW/540mW VDD_SOC 2795mW/2818mW
08-04-2026 13:41:17 RAM 1466/7620MB (lfb 96x4MB) SWAP 0/3810MB (cached 0MB) CPU [0%@729,0%@729,0%@729,0%@729,0%@729,0%@729] GR3D_FREQ 0% cpu@50.468C soc2@49.218C soc0@51.031C gpu@51.5C tj@51.5C soc1@50.687C VDD_IN 5440mW/5538mW VDD_CPU_GPU_CV 479mW/540mW VDD_SOC 2795mW/2818mW
08-04-2026 13:41:18 RAM 1466/7620MB (lfb 96x4MB) SWAP 0/3810MB (cached 0MB) CPU [0%@729,0%@729,0%@729,0%@729,0%@729,0%@729] GR3D_FREQ 0% cpu@50.593C soc2@49.125C soc0@51.312C gpu@51.531C tj@51.531C soc1@50.781C VDD_IN 5440mW/5538mW VDD_CPU_GPU_CV 479mW/540mW VDD_SOC 2800mW/2818mW
08-04-2026 13:41:19 RAM 1466/7620MB (lfb 96x4MB) SWAP 0/3810MB (cached 0MB) CPU [0%@729,0%@729,0%@729,0%@729,0%@729,0%@729] GR3D_FREQ 0% cpu@50.812C soc2@49.125C soc0@50.968C gpu@51.593C tj@51.593C soc1@50.843C VDD_IN 5440mW/5538mW VDD_CPU_GPU_CV 479mW/540mW VDD_SOC 2795mW/2818mW
08-04-2026 13:41:20 RAM 1466/7620MB (lfb 96x4MB) SWAP 0/3810MB (cached 0MB) CPU [0%@729,0%@729,0%@729,0%@729,0%@729,0%@729] GR3D_FREQ 0% cpu@50.5C soc2@49.187C soc0@51C gpu@51.593C tj@51.593C soc1@50.812C VDD_IN 5480mW/5537mW VDD_CPU_GPU_CV 519mW/540mW VDD_SOC 2795mW/2817mW
08-04-2026 13:41:21 RAM 1466/7620MB (lfb 96x4MB) SWAP 0/3810MB (cached 0MB) CPU [0%@729,0%@729,0%@729,0%@729,0%@729,0%@729] GR3D_FREQ 0% cpu@50.593C soc2@49.125C soc0@51.031C gpu@51.5C tj@51.375C soc1@50.906C VDD_IN 5440mW/5537mW VDD_CPU_GPU_CV 479mW/540mW VDD_SOC 2795mW/2817mW
08-04-2026 13:41:22 RAM 1466/7620MB (lfb 96x4MB) SWAP 0/3810MB (cached 0MB) CPU [0%@729,0%@729,0%@729,0%@729,0%@729,0%@729] GR3D_FREQ 0% cpu@50.437C soc2@49.187C soc0@51.062C gpu@51.343C tj@51.343C soc1@50.812C VDD_IN 5440mW/5537mW VDD_CPU_GPU_CV 479mW/540mW VDD_SOC 2795mW/2817mW
08-04-2026 13:41:23 RAM 1466/7620MB (lfb 96x4MB) SWAP 0/3810MB (cached 0MB) CPU [0%@729,0%@729,0%@729,0%@729,0%@729,0%@729] GR3D_FREQ 0% cpu@50.5C soc2@49.062C soc0@50.968C gpu@51.406C tj@51.406C soc1@50.781C VDD_IN 5520mW/5537mW VDD_CPU_GPU_CV 519mW/540mW VDD_SOC 2835mW/2817mW
08-04-2026 13:41:24 RAM 1466/7620MB (lfb 96x4MB) SWAP 0/3810MB (cached 0MB) CPU [0%@729,1%@729,0%@729,0%@729,0%@729,0%@729] GR3D_FREQ 0% cpu@50.687C soc2@49.156C soc0@50.968C gpu@51.406C tj@51.406C soc1@50.906C VDD_IN 5440mW/5537mW VDD_CPU_GPU_CV 479mW/540mW VDD_SOC 2795mW/2817mW
08-04-2026 13:41:25 RAM 1466/7620MB (lfb 96x4MB) SWAP 0/3810MB (cached 0MB) CPU [0%@729,0%@729,0%@729,1%@729,0%@729,0%@729] GR3D_FREQ 0% cpu@50.468C soc2@49.093C soc0@51.062C gpu@51.375C tj@51.375C soc1@50.875C VDD_IN 5440mW/5537mW VDD_CPU_GPU_CV 479mW/539mW VDD_SOC 2795mW/2817mW
08-04-2026 13:41:26 RAM 1466/7620MB (lfb 96x4MB) SWAP 0/3810MB (cached 0MB) CPU [0%@729,0%@729,0%@729,0%@729,0%@729,0%@729] GR3D_FREQ 0% cpu@50.5C soc2@49.093C soc0@51.187C gpu@51.5C tj@51.5C soc1@50.687C VDD_IN 5480mW/5537mW VDD_CPU_GPU_CV 479mW/539mW VDD_SOC 2795mW/2817mW
08-04-2026 13:41:27 RAM 1466/7620MB (lfb 96x4MB) SWAP 0/3810MB (cached 0MB) CPU [0%@729,0%@729,0%@729,0%@729,0%@729,0%@729] GR3D_FREQ 0% cpu@50.531C soc2@49.093C soc0@51.093C gpu@51.593C tj@51.593C soc1@50.781C VDD_IN 5440mW/5536mW VDD_CPU_GPU_CV 479mW/539mW VDD_SOC 2795mW/2817mW
08-04-2026 13:41:28 RAM 1466/7620MB (lfb 96x4MB) SWAP 0/3810MB (cached 0MB) CPU [1%@729,0%@729,0%@729,0%@729,0%@729,0%@729] GR3D_FREQ 0% cpu@50.937C soc2@49.156C soc0@51C gpu@51.625C tj@51.625C soc1@50.812C VDD_IN 5520mW/5536mW VDD_CPU_GPU_CV 519mW/539mW VDD_SOC 2835mW/2817mW
08-04-2026 13:41:29 RAM 1466/7620MB (lfb 96x4MB) SWAP 0/3810MB (cached 0MB) CPU [0%@729,0%@729,0%@729,1%@729,0%@729,0%@729] GR3D_FREQ 0% cpu@50.718C soc2@49.156C soc0@51.031C gpu@51.625C tj@51.625C soc1@50.875C VDD_IN 5480mW/5536mW VDD_CPU_GPU_CV 519mW/539mW VDD_SOC 2795mW/2817mW
08-04-2026 13:41:30 RAM 1466/7620MB (lfb 96x4MB) SWAP 0/3810MB (cached 0MB) CPU [0%@729,0%@729,0%@729,0%@729,0%@729,0%@729] GR3D_FREQ 0% cpu@50.406C soc2@49.062C soc0@51.062C gpu@51.343C tj@51.343C soc1@50.906C VDD_IN 5440mW/5536mW VDD_CPU_GPU_CV 479mW/539mW VDD_SOC 2795mW/2817mW
08-04-2026 13:41:31 RAM 1466/7620MB (lfb 96x4MB) SWAP 0/3810MB (cached 0MB) CPU [0%@729,0%@729,0%@729,0%@729,0%@729,0%@729] GR3D_FREQ 0% cpu@50.5C soc2@49.125C soc0@51.187C gpu@51.343C tj@51.343C soc1@50.718C VDD_IN 5480mW/5536mW VDD_CPU_GPU_CV 479mW/539mW VDD_SOC 2795mW/2817mW
08-04-2026 13:41:32 RAM 1466/7620MB (lfb 96x4MB) SWAP 0/3810MB (cached 0MB) CPU [1%@729,0%@729,0%@729,0%@729,0%@729,0%@729] GR3D_FREQ 0% cpu@50.656C soc2@49.031C soc0@51C gpu@51.375C tj@51.375C soc1@50.812C VDD_IN 5440mW/5536mW VDD_CPU_GPU_CV 479mW/539mW VDD_SOC 2795mW/2817mW
08-04-2026 13:41:33 RAM 1466/7620MB (lfb 96x4MB) SWAP 0/3810MB (cached 0MB) CPU [0%@729,0%@729,0%@729,1%@729,0%@729,0%@729] GR3D_FREQ 0% cpu@50.875C soc2@49.125C soc0@51.031C gpu@51.406C tj@51.406C soc1@50.781C VDD_IN 5560mW/5536mW VDD_CPU_GPU_CV 519mW/539mW VDD_SOC 2835mW/2817mW
08-04-2026 13:41:34 RAM 1466/7620MB (lfb 96x4MB) SWAP 0/3810MB (cached 0MB) CPU [0%@729,0%@729,0%@729,0%@729,0%@729,0%@729] GR3D_FREQ 0% cpu@50.593C soc2@49.156C soc0@51.031C gpu@51.687C tj@51.687C soc1@50.875C VDD_IN 5480mW/5536mW VDD_CPU_GPU_CV 519mW/539mW VDD_SOC 2795mW/2817mW
08-04-2026 13:41:35 RAM 1466/7620MB (lfb 96x4MB) SWAP 0/3810MB (cached 0MB) CPU [0%@729,0%@729,0%@729,0%@729,0%@729,0%@729] GR3D_FREQ 0% cpu@50.468C soc2@49.125C soc0@51.093C gpu@51.687C tj@51.687C soc1@50.687C VDD_IN 5440mW/5536mW VDD_CPU_GPU_CV 519mW/539mW VDD_SOC 2795mW/2817mW
08-04-2026 13:41:36 RAM 1466/7620MB (lfb 96x4MB) SWAP 0/3810MB (cached 0MB) CPU [0%@729,0%@729,0%@729,0%@729,0%@729,0%@729] GR3D_FREQ 0% cpu@50.468C soc2@49.125C soc0@51.187C gpu@51.687C tj@51.687C soc1@50.718C VDD_IN 5440mW/5535mW VDD_CPU_GPU_CV 519mW/539mW VDD_SOC 2795mW/2817mW
08-04-2026 13:41:37 RAM 1466/7620MB (lfb 96x4MB) SWAP 0/3810MB (cached 0MB) CPU [1%@729,1%@729,0%@729,0%@729,0%@729,0%@729] GR3D_FREQ 0% cpu@50.5C soc2@49.031C soc0@50.968C gpu@51.718C tj@51.718C soc1@50.781C VDD_IN 5480mW/5535mW VDD_CPU_GPU_CV 519mW/539mW VDD_SOC 2795mW/2817mW
08-04-2026 13:41:38 RAM 1466/7620MB (lfb 96x4MB) SWAP 0/3810MB (cached 0MB) CPU [0%@729,0%@729,0%@729,1%@729,0%@729,0%@729] GR3D_FREQ 0% cpu@50.843C soc2@49.125C soc0@50.968C gpu@51.406C tj@51.406C soc1@50.781C VDD_IN 5480mW/5535mW VDD_CPU_GPU_CV 519mW/539mW VDD_SOC 2795mW/2817mW
08-04-2026 13:41:39 RAM 1466/7620MB (lfb 96x4MB) SWAP 0/3810MB (cached 0MB) CPU [0%@729,0%@729,0%@729,0%@729,0%@729,0%@729] GR3D_FREQ 0% cpu@50.468C soc2@49.062C soc0@51.031C gpu@51.406C tj@51.406C soc1@50.937C VDD_IN 5440mW/5535mW VDD_CPU_GPU_CV 479mW/539mW VDD_SOC 2795mW/2817mW
08-04-2026 13:41:40 RAM 1466/7620MB (lfb 96x4MB) SWAP 0/3810MB (cached 0MB) CPU [0%@729,0%@729,0%@729,0%@729,0%@729,0%@729] GR3D_FREQ 0% cpu@50.562C soc2@49.156C soc0@50.937C gpu@51.468C tj@51.468C soc1@50.687C VDD_IN 5440mW/5535mW VDD_CPU_GPU_CV 479mW/538mW VDD_SOC 2795mW/2817mW
08-04-2026 13:41:41 RAM 1466/7620MB (lfb 96x4MB) SWAP 0/3810MB (cached 0MB) CPU [0%@729,1%@729,0%@729,0%@729,0%@729,0%@729] GR3D_FREQ 0% cpu@50.625C soc2@49.093C soc0@50.968C gpu@51.531C tj@51.531C soc1@50.812C VDD_IN 5440mW/5535mW VDD_CPU_GPU_CV 479mW/538mW VDD_SOC 2795mW/2817mW
08-04-2026 13:41:42 RAM 1466/7620MB (lfb 96x4MB) SWAP 0/3810MB (cached 0MB) CPU [0%@729,0%@729,0%@729,0%@729,0%@729,0%@729] GR3D_FREQ 0% cpu@50.562C soc2@49.156C soc0@50.906C gpu@51.718C tj@51.718C soc1@50.75C VDD_IN 5440mW/5534mW VDD_CPU_GPU_CV 479mW/538mW VDD_SOC 2795mW/2817mW
08-04-2026 13:41:43 RAM 1466/7620MB (lfb 96x4MB) SWAP 0/3810MB (cached 0MB) CPU [0%@729,0%@729,0%@729,1%@729,0%@729,0%@729] GR3D_FREQ 0% cpu@50.781C soc2@49.062C soc0@50.968C gpu@51.812C tj@51.812C soc1@50.843C VDD_IN 5480mW/5534mW VDD_CPU_GPU_CV 519mW/538mW VDD_SOC 2795mW/2817mW
08-04-2026 13:41:44 RAM 1466/7620MB (lfb 96x4MB) SWAP 0/3810MB (cached 0MB) CPU [0%@729,0%@729,0%@729,0%@729,0%@729,0%@729] GR3D_FREQ 0% cpu@50.468C soc2@49.093C soc0@51.062C gpu@51.812C tj@51.812C soc1@50.75C VDD_IN 5480mW/5534mW VDD_CPU_GPU_CV 519mW/538mW VDD_SOC 2795mW/2817mW
08-04-2026 13:41:45 RAM 1466/7620MB (lfb 96x4MB) SWAP 0/3810MB (cached 0MB) CPU [0%@729,0%@729,0%@729,0%@729,0%@729,0%@729] GR3D_FREQ 0% cpu@50.656C soc2@49C soc0@51.125C gpu@51.406C tj@51.406C soc1@50.75C VDD_IN 5480mW/5534mW VDD_CPU_GPU_CV 519mW/538mW VDD_SOC 2795mW/2817mW
08-04-2026 13:41:46 RAM 1466/7620MB (lfb 96x4MB) SWAP 0/3810MB (cached 0MB) CPU [1%@729,0%@729,0%@729,0%@729,0%@729,0%@729] GR3D_FREQ 0% cpu@50.718C soc2@49.031C soc0@51C gpu@51.375C tj@51.375C soc1@50.718C VDD_IN 5480mW/5534mW VDD_CPU_GPU_CV 519mW/538mW VDD_SOC 2795mW/2817mW
08-04-2026 13:41:47 RAM 1466/7620MB (lfb 96x4MB) SWAP 0/3810MB (cached 0MB) CPU [0%@729,1%@729,0%@729,0%@729,0%@729,0%@729] GR3D_FREQ 0% cpu@50.5C soc2@49.031C soc0@50.968C gpu@51.468C tj@51.468C soc1@50.75C VDD_IN 5480mW/5534mW VDD_CPU_GPU_CV 519mW/538mW VDD_SOC 2795mW/2817mW
08-04-2026 13:41:48 RAM 1466/7620MB (lfb 96x4MB) SWAP 0/3810MB (cached 0MB) CPU [0%@729,0%@729,0%@729,0%@729,0%@729,0%@729] GR3D_FREQ 0% cpu@50.875C soc2@49.125C soc0@51C gpu@51.531C tj@51.531C soc1@50.843C VDD_IN 5560mW/5534mW VDD_CPU_GPU_CV 519mW/538mW VDD_SOC 2835mW/2817mW
08-04-2026 13:41:49 RAM 1466/7620MB (lfb 96x4MB) SWAP 0/3810MB (cached 0MB) CPU [0%@729,0%@729,0%@729,1%@729,0%@729,0%@729] GR3D_FREQ 0% cpu@50.468C soc2@49.156C soc0@51C gpu@51.531C tj@51.531C soc1@50.718C VDD_IN 5471mW/5534mW VDD_CPU_GPU_CV 519mW/538mW VDD_SOC 2795mW/2817mW
08-04-2026 13:41:50 RAM 1466/7620MB (lfb 96x4MB) SWAP 0/3810MB (cached 0MB) CPU [1%@729,0%@729,0%@729,1%@729,0%@729,0%@729] GR3D_FREQ 0% cpu@50.468C soc2@49.093C soc0@51.156C gpu@51.562C tj@51.562C soc1@50.718C VDD_IN 5471mW/5534mW VDD_CPU_GPU_CV 519mW/538mW VDD_SOC 2795mW/2817mW
08-04-2026 13:41:52 RAM 1466/7620MB (lfb 96x4MB) SWAP 0/3810MB (cached 0MB) CPU [0%@729,0%@729,0%@729,0%@729,0%@729,0%@729] GR3D_FREQ 0% cpu@50.687C soc2@49.093C soc0@50.968C gpu@51.531C tj@51.531C soc1@50.781C VDD_IN 5480mW/5534mW VDD_CPU_GPU_CV 519mW/538mW VDD_SOC 2795mW/2817mW
08-04-2026 13:41:53 RAM 1466/7620MB (lfb 96x4MB) SWAP 0/3810MB (cached 0MB) CPU [0%@729,0%@729,0%@729,0%@729,0%@729,0%@729] GR3D_FREQ 0% cpu@50.468C soc2@49.031C soc0@51C gpu@51.25C tj@51.25C soc1@50.875C VDD_IN 5480mW/5534mW VDD_CPU_GPU_CV 519mW/538mW VDD_SOC 2795mW/2816mW
08-04-2026 13:41:54 RAM 1466/7620MB (lfb 96x4MB) SWAP 0/3810MB (cached 0MB) CPU [0%@729,0%@729,0%@729,0%@729,0%@729,0%@729] GR3D_FREQ 0% cpu@50.468C soc2@49.093C soc0@51.062C gpu@51.375C tj@51.375C soc1@50.75C VDD_IN 5720mW/5534mW VDD_CPU_GPU_CV 559mW/538mW VDD_SOC 2875mW/2817mW
08-04-2026 13:41:55 RAM 1466/7620MB (lfb 96x4MB) SWAP 0/3810MB (cached 0MB) CPU [0%@729,0%@729,0%@729,0%@729,0%@729,0%@729] GR3D_FREQ 0% cpu@50.468C soc2@49.031C soc0@51.156C gpu@51.343C tj@51.343C soc1@50.75C VDD_IN 5480mW/5534mW VDD_CPU_GPU_CV 519mW/538mW VDD_SOC 2795mW/2817mW
08-04-2026 13:41:56 RAM 1466/7620MB (lfb 96x4MB) SWAP 0/3810MB (cached 0MB) CPU [0%@729,0%@729,0%@729,0%@729,0%@729,0%@729] GR3D_FREQ 0% cpu@50.531C soc2@49.031C soc0@50.906C gpu@51.375C tj@51.375C soc1@50.718C VDD_IN 5480mW/5534mW VDD_CPU_GPU_CV 519mW/538mW VDD_SOC 2795mW/2817mW
08-04-2026 13:41:57 RAM 1466/7620MB (lfb 96x4MB) SWAP 0/3810MB (cached 0MB) CPU [0%@729,1%@729,0%@729,0%@729,0%@729,0%@729] GR3D_FREQ 0% cpu@50.687C soc2@49.093C soc0@50.968C gpu@51.687C tj@51.687C soc1@50.812C VDD_IN 5480mW/5534mW VDD_CPU_GPU_CV 519mW/538mW VDD_SOC 2795mW/2816mW
08-04-2026 13:41:58 RAM 1466/7620MB (lfb 96x4MB) SWAP 0/3810MB (cached 0MB) CPU [0%@729,0%@729,1%@729,0%@729,0%@729,0%@729] GR3D_FREQ 0% cpu@50.468C soc2@49.125C soc0@50.968C gpu@51.718C tj@51.718C soc1@50.937C VDD_IN 5480mW/5534mW VDD_CPU_GPU_CV 519mW/538mW VDD_SOC 2795mW/2816mW
08-04-2026 13:41:59 RAM 1466/7620MB (lfb 96x4MB) SWAP 0/3810MB (cached 0MB) CPU [0%@729,1%@729,1%@729,0%@729,0%@729,0%@729] GR3D_FREQ 0% cpu@50.5C soc2@49.062C soc0@51.062C gpu@51.656C tj@51.656C soc1@50.781C VDD_IN 5480mW/5533mW VDD_CPU_GPU_CV 519mW/538mW VDD_SOC 2795mW/2816mW
08-04-2026 13:42:00 RAM 1466/7620MB (lfb 96x4MB) SWAP 0/3810MB (cached 0MB) CPU [0%@729,0%@729,0%@729,0%@729,0%@729,0%@729] GR3D_FREQ 0% cpu@50.562C soc2@49.062C soc0@50.937C gpu@51.687C tj@51.687C soc1@50.718C VDD_IN 5480mW/5533mW VDD_CPU_GPU_CV 479mW/538mW VDD_SOC 2795mW/2816mW
08-04-2026 13:42:01 RAM 1466/7620MB (lfb 96x4MB) SWAP 0/3810MB (cached 0MB) CPU [0%@729,1%@729,0%@729,0%@729,0%@729,0%@729] GR3D_FREQ 0% cpu@50.437C soc2@49.062C soc0@51C gpu@51.437C tj@51.437C soc1@50.843C VDD_IN 5480mW/5533mW VDD_CPU_GPU_CV 519mW/538mW VDD_SOC 2795mW/2816mW
08-04-2026 13:42:02 RAM 1466/7620MB (lfb 96x4MB) SWAP 0/3810MB (cached 0MB) CPU [0%@729,0%@729,0%@729,1%@729,0%@729,0%@729] GR3D_FREQ 0% cpu@50.625C soc2@49.156C soc0@51C gpu@51.437C tj@51.437C soc1@50.781C VDD_IN 5480mW/5533mW VDD_CPU_GPU_CV 519mW/538mW VDD_SOC 2795mW/2816mW
08-04-2026 13:42:03 RAM 1466/7620MB (lfb 96x4MB) SWAP 0/3810MB (cached 0MB) CPU [0%@729,0%@729,0%@729,1%@729,0%@729,0%@729] GR3D_FREQ 0% cpu@50.5C soc2@49.156C soc0@51C gpu@51.468C tj@51.468C soc1@50.687C VDD_IN 5480mW/5533mW VDD_CPU_GPU_CV 519mW/538mW VDD_SOC 2795mW/2816mW
08-04-2026 13:42:04 RAM 1466/7620MB (lfb 96x4MB) SWAP 0/3810MB (cached 0MB) CPU [0%@729,0%@729,0%@729,0%@729,0%@729,0%@729] GR3D_FREQ 0% cpu@50.5C soc2@49.093C soc0@50.937C gpu@51.406C tj@51.406C soc1@50.687C VDD_IN 5440mW/5533mW VDD_CPU_GPU_CV 479mW/537mW VDD_SOC 2795mW/2816mW
08-04-2026 13:42:05 RAM 1466/7620MB (lfb 96x4MB) SWAP 0/3810MB (cached 0MB) CPU [0%@729,0%@729,0%@729,0%@729,0%@729,0%@729] GR3D_FREQ 0% cpu@50.593C soc2@49.125C soc0@50.906C gpu@51.781C tj@51.781C soc1@50.812C VDD_IN 5440mW/5533mW VDD_CPU_GPU_CV 519mW/537mW VDD_SOC 2795mW/2816mW
08-04-2026 13:42:06 RAM 1466/7620MB (lfb 96x4MB) SWAP 0/3810MB (cached 0MB) CPU [1%@729,1%@729,0%@729,0%@729,0%@729,0%@729] GR3D_FREQ 0% cpu@50.843C soc2@49.156C soc0@50.968C gpu@51.718C tj@51.718C soc1@50.781C VDD_IN 5440mW/5533mW VDD_CPU_GPU_CV 479mW/537mW VDD_SOC 2795mW/2816mW
08-04-2026 13:42:07 RAM 1466/7620MB (lfb 96x4MB) SWAP 0/3810MB (cached 0MB) CPU [0%@729,0%@729,0%@729,0%@729,0%@729,0%@729] GR3D_FREQ 0% cpu@50.531C soc2@49.125C soc0@50.968C gpu@51.687C tj@51.687C soc1@50.875C VDD_IN 5480mW/5533mW VDD_CPU_GPU_CV 519mW/537mW VDD_SOC 2795mW/2816mW
08-04-2026 13:42:08 RAM 1466/7620MB (lfb 96x4MB) SWAP 0/3810MB (cached 0MB) CPU [0%@729,0%@729,0%@729,0%@729,0%@729,0%@729] GR3D_FREQ 0% cpu@50.468C soc2@49.031C soc0@51.062C gpu@51.75C tj@51.75C soc1@50.718C VDD_IN 5440mW/5532mW VDD_CPU_GPU_CV 479mW/537mW VDD_SOC 2795mW/2816mW
08-04-2026 13:42:09 RAM 1466/7620MB (lfb 96x4MB) SWAP 0/3810MB (cached 0MB) CPU [0%@729,0%@729,0%@729,0%@729,0%@729,0%@729] GR3D_FREQ 0% cpu@50.468C soc2@49.062C soc0@51.125C gpu@51.531C tj@51.531C soc1@50.687C VDD_IN 5440mW/5532mW VDD_CPU_GPU_CV 479mW/537mW VDD_SOC 2795mW/2816mW
08-04-2026 13:42:10 RAM 1466/7620MB (lfb 96x4MB) SWAP 0/3810MB (cached 0MB) CPU [0%@729,0%@729,0%@729,0%@729,0%@729,0%@729] GR3D_FREQ 0% cpu@50.468C soc2@49.093C soc0@50.968C gpu@51.406C tj@51.406C soc1@50.718C VDD_IN 5440mW/5532mW VDD_CPU_GPU_CV 479mW/537mW VDD_SOC 2795mW/2816mW
08-04-2026 13:42:11 RAM 1466/7620MB (lfb 96x4MB) SWAP 0/3810MB (cached 0MB) CPU [0%@729,0%@729,0%@729,0%@729,0%@729,0%@729] GR3D_FREQ 0% cpu@50.656C soc2@49.218C soc0@50.968C gpu@51.468C tj@51.468C soc1@50.812C VDD_IN 5440mW/5532mW VDD_CPU_GPU_CV 479mW/537mW VDD_SOC 2795mW/2816mW
08-04-2026 13:42:12 RAM 1466/7620MB (lfb 96x4MB) SWAP 0/3810MB (cached 0MB) CPU [0%@729,0%@729,1%@729,0%@729,0%@729,0%@729] GR3D_FREQ 0% cpu@50.468C soc2@49.062C soc0@51.062C gpu@51.468C tj@51.468C soc1@50.906C VDD_IN 5480mW/5532mW VDD_CPU_GPU_CV 519mW/537mW VDD_SOC 2795mW/2816mW
08-04-2026 13:42:13 RAM 1466/7620MB (lfb 96x4MB) SWAP 0/3810MB (cached 0MB) CPU [0%@729,0%@729,0%@729,0%@729,0%@729,0%@729] GR3D_FREQ 0% cpu@50.593C soc2@49C soc0@51.031C gpu@51.468C tj@51.468C soc1@50.687C VDD_IN 5440mW/5532mW VDD_CPU_GPU_CV 479mW/537mW VDD_SOC 2795mW/2816mW
08-04-2026 13:42:14 RAM 1466/7620MB (lfb 96x4MB) SWAP 0/3810MB (cached 0MB) CPU [1%@729,0%@729,0%@729,0%@729,0%@729,0%@729] GR3D_FREQ 0% cpu@50.781C soc2@49.062C soc0@50.968C gpu@51.5C tj@51.5C soc1@50.781C VDD_IN 5480mW/5532mW VDD_CPU_GPU_CV 519mW/537mW VDD_SOC 2795mW/2816mW
08-04-2026 13:42:15 RAM 1466/7620MB (lfb 96x4MB) SWAP 0/3810MB (cached 0MB) CPU [1%@729,0%@729,0%@729,0%@729,0%@729,0%@729] GR3D_FREQ 0% cpu@50.5C soc2@49.062C soc0@50.968C gpu@51.281C tj@51.281C soc1@50.75C VDD_IN 5440mW/5531mW VDD_CPU_GPU_CV 479mW/537mW VDD_SOC 2795mW/2816mW
08-04-2026 13:42:16 RAM 1466/7620MB (lfb 96x4MB) SWAP 0/3810MB (cached 0MB) CPU [0%@729,1%@729,0%@729,0%@729,0%@729,0%@729] GR3D_FREQ 0% cpu@50.843C soc2@49.093C soc0@50.968C gpu@51.312C tj@51.312C soc1@50.718C VDD_IN 5440mW/5531mW VDD_CPU_GPU_CV 479mW/536mW VDD_SOC 2795mW/2816mW
08-04-2026 13:42:17 RAM 1466/7620MB (lfb 96x4MB) SWAP 0/3810MB (cached 0MB) CPU [0%@729,1%@729,0%@729,0%@729,0%@729,0%@729] GR3D_FREQ 0% cpu@50.406C soc2@49.062C soc0@51.031C gpu@51.25C tj@51.25C soc1@50.625C VDD_IN 5440mW/5531mW VDD_CPU_GPU_CV 479mW/536mW VDD_SOC 2795mW/2816mW
08-04-2026 13:42:18 RAM 1466/7620MB (lfb 96x4MB) SWAP 0/3810MB (cached 0MB) CPU [0%@729,0%@729,0%@729,0%@729,0%@729,0%@729] GR3D_FREQ 0% cpu@50.5C soc2@49.031C soc0@51.093C gpu@51.281C tj@51.281C soc1@50.687C VDD_IN 5480mW/5531mW VDD_CPU_GPU_CV 519mW/536mW VDD_SOC 2795mW/2816mW
08-04-2026 13:42:19 RAM 1466/7620MB (lfb 96x4MB) SWAP 0/3810MB (cached 0MB) CPU [0%@729,0%@729,0%@729,0%@729,0%@729,0%@729] GR3D_FREQ 0% cpu@50.625C soc2@49.031C soc0@50.906C gpu@51.343C tj@51.562C soc1@50.75C VDD_IN 5440mW/5531mW VDD_CPU_GPU_CV 479mW/536mW VDD_SOC 2795mW/2816mW
08-04-2026 13:42:20 RAM 1466/7620MB (lfb 96x4MB) SWAP 0/3810MB (cached 0MB) CPU [0%@729,0%@729,0%@729,0%@729,0%@729,0%@729] GR3D_FREQ 0% cpu@50.5C soc2@49.062C soc0@50.937C gpu@51.531C tj@51.531C soc1@50.75C VDD_IN 5520mW/5531mW VDD_CPU_GPU_CV 519mW/536mW VDD_SOC 2835mW/2816mW
08-04-2026 13:42:21 RAM 1466/7620MB (lfb 96x4MB) SWAP 0/3810MB (cached 0MB) CPU [0%@729,0%@729,0%@729,0%@729,0%@729,0%@729] GR3D_FREQ 0% cpu@50.656C soc2@49.062C soc0@50.968C gpu@51.593C tj@51.593C soc1@50.906C VDD_IN 5440mW/5531mW VDD_CPU_GPU_CV 479mW/536mW VDD_SOC 2795mW/2816mW
08-04-2026 13:42:22 RAM 1466/7620MB (lfb 96x4MB) SWAP 0/3810MB (cached 0MB) CPU [0%@729,0%@729,1%@729,0%@729,0%@729,0%@729] GR3D_FREQ 0% cpu@50.468C soc2@49C soc0@51C gpu@51.562C tj@51.562C soc1@50.75C VDD_IN 5440mW/5530mW VDD_CPU_GPU_CV 479mW/536mW VDD_SOC 2800mW/2816mW
08-04-2026 13:42:23 RAM 1466/7620MB (lfb 96x4MB) SWAP 0/3810MB (cached 0MB) CPU [0%@729,0%@729,0%@729,0%@729,0%@729,0%@729] GR3D_FREQ 0% cpu@50.5C soc2@49.093C soc0@51.031C gpu@51.593C tj@51.593C soc1@50.687C VDD_IN 5440mW/5530mW VDD_CPU_GPU_CV 479mW/536mW VDD_SOC 2795mW/2816mW
08-04-2026 13:42:24 RAM 1466/7620MB (lfb 96x4MB) SWAP 0/3810MB (cached 0MB) CPU [0%@729,1%@729,0%@729,0%@729,0%@729,0%@729] GR3D_FREQ 0% cpu@50.75C soc2@49.031C soc0@50.968C gpu@51.343C tj@51.343C soc1@50.687C VDD_IN 5440mW/5530mW VDD_CPU_GPU_CV 479mW/536mW VDD_SOC 2795mW/2816mW
08-04-2026 13:42:25 RAM 1466/7620MB (lfb 96x4MB) SWAP 0/3810MB (cached 0MB) CPU [0%@729,0%@729,0%@729,0%@729,0%@729,0%@729] GR3D_FREQ 0% cpu@50.437C soc2@49C soc0@50.968C gpu@51.281C tj@51.281C soc1@50.781C VDD_IN 5520mW/5530mW VDD_CPU_GPU_CV 519mW/536mW VDD_SOC 2835mW/2816mW
08-04-2026 13:42:26 RAM 1466/7620MB (lfb 96x4MB) SWAP 0/3810MB (cached 0MB) CPU [1%@729,0%@729,0%@729,0%@729,0%@729,0%@729] GR3D_FREQ 0% cpu@50.468C soc2@49.062C soc0@50.968C gpu@51.437C tj@51.437C soc1@50.812C VDD_IN 5480mW/5530mW VDD_CPU_GPU_CV 479mW/536mW VDD_SOC 2795mW/2816mW
08-04-2026 13:42:27 RAM 1466/7620MB (lfb 96x4MB) SWAP 0/3810MB (cached 0MB) CPU [0%@729,1%@729,1%@729,0%@729,0%@729,0%@729] GR3D_FREQ 0% cpu@50.437C soc2@49C soc0@51.093C gpu@51.375C tj@51.375C soc1@50.687C VDD_IN 5440mW/5530mW VDD_CPU_GPU_CV 479mW/536mW VDD_SOC 2795mW/2816mW
08-04-2026 13:42:28 RAM 1466/7620MB (lfb 96x4MB) SWAP 0/3810MB (cached 0MB) CPU [0%@729,0%@729,1%@729,0%@729,0%@729,0%@729] GR3D_FREQ 0% cpu@50.468C soc2@49.031C soc0@51.031C gpu@51.375C tj@51.625C soc1@50.687C VDD_IN 5440mW/5530mW VDD_CPU_GPU_CV 479mW/536mW VDD_SOC 2795mW/2815mW
08-04-2026 13:42:29 RAM 1466/7620MB (lfb 96x4MB) SWAP 0/3810MB (cached 0MB) CPU [1%@729,0%@729,0%@729,0%@729,0%@729,0%@729] GR3D_FREQ 0% cpu@50.75C soc2@49C soc0@50.906C gpu@51.656C tj@51.656C soc1@50.687C VDD_IN 5440mW/5530mW VDD_CPU_GPU_CV 479mW/535mW VDD_SOC 2795mW/2815mW
08-04-2026 13:42:30 RAM 1466/7620MB (lfb 96x4MB) SWAP 0/3810MB (cached 0MB) CPU [0%@729,0%@729,1%@729,0%@729,0%@729,0%@729] GR3D_FREQ 0% cpu@50.406C soc2@49.093C soc0@50.937C gpu@51.687C tj@51.687C soc1@50.937C VDD_IN 5560mW/5530mW VDD_CPU_GPU_CV 519mW/535mW VDD_SOC 2835mW/2815mW
08-04-2026 13:42:31 RAM 1466/7620MB (lfb 96x4MB) SWAP 0/3810MB (cached 0MB) CPU [0%@729,0%@729,0%@729,0%@729,0%@729,0%@729] GR3D_FREQ 0% cpu@50.468C soc2@49.031C soc0@51.093C gpu@51.718C tj@51.718C soc1@50.75C VDD_IN 5440mW/5530mW VDD_CPU_GPU_CV 479mW/535mW VDD_SOC 2795mW/2815mW
08-04-2026 13:42:32 RAM 1466/7620MB (lfb 96x4MB) SWAP 0/3810MB (cached 0MB) CPU [0%@729,0%@729,0%@729,0%@729,0%@729,0%@729] GR3D_FREQ 0% cpu@50.562C soc2@49.031C soc0@51.062C gpu@51.687C tj@51.687C soc1@50.781C VDD_IN 5440mW/5529mW VDD_CPU_GPU_CV 479mW/535mW VDD_SOC 2795mW/2815mW
08-04-2026 13:42:33 RAM 1466/7620MB (lfb 96x4MB) SWAP 0/3810MB (cached 0MB) CPU [0%@729,0%@729,0%@729,0%@729,0%@729,0%@729] GR3D_FREQ 0% cpu@50.468C soc2@49C soc0@50.968C gpu@51.406C tj@51.406C soc1@50.687C VDD_IN 5440mW/5529mW VDD_CPU_GPU_CV 479mW/535mW VDD_SOC 2795mW/2815mW
08-04-2026 13:42:34 RAM 1469/7620MB (lfb 96x4MB) SWAP 0/3810MB (cached 0MB) CPU [0%@1420,0%@1420,1%@1420,4%@1420,0%@729,0%@729] GR3D_FREQ 0% cpu@50.906C soc2@49.093C soc0@50.937C gpu@51.468C tj@51.468C soc1@50.812C VDD_IN 5520mW/5529mW VDD_CPU_GPU_CV 519mW/535mW VDD_SOC 2795mW/2815mW
08-04-2026 13:42:35 RAM 1637/7620MB (lfb 96x4MB) SWAP 0/3810MB (cached 0MB) CPU [14%@1728,14%@1728,13%@1728,100%@1728,13%@1574,13%@1574] GR3D_FREQ 0% cpu@51.437C soc2@49.406C soc0@51.093C gpu@51.718C tj@51.718C soc1@51C VDD_IN 7600mW/5533mW VDD_CPU_GPU_CV 1757mW/537mW VDD_SOC 3274mW/2816mW
08-04-2026 13:42:36 RAM 1712/7620MB (lfb 96x4MB) SWAP 0/3810MB (cached 0MB) CPU [0%@1728,0%@1728,0%@1728,100%@1728,0%@729,0%@729] GR3D_FREQ 0% cpu@51.343C soc2@49.312C soc0@51.093C gpu@51.687C tj@51.687C soc1@50.781C VDD_IN 7440mW/5536mW VDD_CPU_GPU_CV 1597mW/539mW VDD_SOC 3274mW/2817mW
08-04-2026 13:42:37 RAM 1738/7620MB (lfb 96x4MB) SWAP 0/3810MB (cached 0MB) CPU [0%@1728,1%@1728,0%@1728,100%@1728,0%@729,0%@729] GR3D_FREQ 0% cpu@51.468C soc2@49.468C soc0@51.218C gpu@51.812C tj@51.812C soc1@50.906C VDD_IN 7440mW/5539mW VDD_CPU_GPU_CV 1557mW/541mW VDD_SOC 3274mW/2818mW
08-04-2026 13:42:38 RAM 1759/7620MB (lfb 96x4MB) SWAP 0/3810MB (cached 0MB) CPU [0%@1728,0%@1728,0%@1728,100%@1728,0%@729,0%@729] GR3D_FREQ 0% cpu@51.312C soc2@49.406C soc0@51.156C gpu@51.812C tj@51.812C soc1@50.937C VDD_IN 7400mW/5542mW VDD_CPU_GPU_CV 1357mW/542mW VDD_SOC 3354mW/2819mW
08-04-2026 13:42:39 RAM 1470/7620MB (lfb 96x4MB) SWAP 0/3810MB (cached 0MB) CPU [1%@729,0%@729,0%@729,66%@729,0%@729,0%@729] GR3D_FREQ 0% cpu@50.968C soc2@49.468C soc0@51.125C gpu@51.781C tj@51.781C soc1@51.031C VDD_IN 6440mW/5544mW VDD_CPU_GPU_CV 878mW/542mW VDD_SOC 3075mW/2819mW
08-04-2026 13:42:40 RAM 1470/7620MB (lfb 96x4MB) SWAP 0/3810MB (cached 0MB) CPU [1%@729,1%@729,0%@729,0%@729,0%@729,0%@729] GR3D_FREQ 0% cpu@50.625C soc2@49.375C soc0@51.281C gpu@51.625C tj@51.625C soc1@51.125C VDD_IN 5600mW/5544mW VDD_CPU_GPU_CV 559mW/543mW VDD_SOC 2835mW/2819mW
08-04-2026 13:42:41 RAM 1470/7620MB (lfb 96x4MB) SWAP 0/3810MB (cached 0MB) CPU [0%@729,0%@729,1%@729,0%@729,0%@729,0%@729] GR3D_FREQ 0% cpu@50.656C soc2@49.312C soc0@51.25C gpu@51.5C tj@51.5C soc1@50.937C VDD_IN 5471mW/5544mW VDD_CPU_GPU_CV 519mW/542mW VDD_SOC 2795mW/2819mW
08-04-2026 13:42:42 RAM 1470/7620MB (lfb 96x4MB) SWAP 0/3810MB (cached 0MB) CPU [1%@729,0%@729,0%@729,0%@729,0%@729,0%@729] GR3D_FREQ 0% cpu@50.75C soc2@49.187C soc0@51.187C gpu@51.437C tj@51.437C soc1@50.906C VDD_IN 5480mW/5543mW VDD_CPU_GPU_CV 519mW/542mW VDD_SOC 2795mW/2819mW
08-04-2026 13:42:43 RAM 1470/7620MB (lfb 96x4MB) SWAP 0/3810MB (cached 0MB) CPU [0%@729,0%@729,0%@729,0%@729,0%@729,0%@729] GR3D_FREQ 0% cpu@50.968C soc2@49.156C soc0@51.156C gpu@51.531C tj@51.531C soc1@50.937C VDD_IN 5480mW/5543mW VDD_CPU_GPU_CV 519mW/542mW VDD_SOC 2795mW/2819mW
08-04-2026 13:42:44 RAM 1470/7620MB (lfb 96x4MB) SWAP 0/3810MB (cached 0MB) CPU [0%@729,0%@729,1%@729,0%@729,0%@729,0%@729] GR3D_FREQ 0% cpu@50.781C soc2@49.25C soc0@51.125C gpu@51.687C tj@51.687C soc1@50.937C VDD_IN 5480mW/5543mW VDD_CPU_GPU_CV 519mW/542mW VDD_SOC 2795mW/2819mW
08-04-2026 13:42:45 RAM 1470/7620MB (lfb 96x4MB) SWAP 0/3810MB (cached 0MB) CPU [0%@729,0%@729,1%@729,0%@729,0%@729,0%@729] GR3D_FREQ 0% cpu@50.562C soc2@49.281C soc0@51.187C gpu@51.687C tj@51.687C soc1@50.843C VDD_IN 5640mW/5543mW VDD_CPU_GPU_CV 559mW/542mW VDD_SOC 2875mW/2819mW
08-04-2026 13:42:46 RAM 1470/7620MB (lfb 96x4MB) SWAP 0/3810MB (cached 0MB) CPU [0%@729,0%@729,1%@729,0%@729,0%@729,0%@729] GR3D_FREQ 0% cpu@50.656C soc2@49.187C soc0@51.281C gpu@51.75C tj@51.75C soc1@50.843C VDD_IN 5480mW/5543mW VDD_CPU_GPU_CV 519mW/542mW VDD_SOC 2795mW/2819mW
08-04-2026 13:42:47 RAM 1470/7620MB (lfb 96x4MB) SWAP 0/3810MB (cached 0MB) CPU [1%@729,0%@729,0%@729,0%@729,0%@729,0%@729] GR3D_FREQ 0% cpu@50.718C soc2@49.343C soc0@51.156C gpu@51.687C tj@51.687C soc1@50.875C VDD_IN 5480mW/5543mW VDD_CPU_GPU_CV 479mW/542mW VDD_SOC 2795mW/2819mW
08-04-2026 13:42:48 RAM 1470/7620MB (lfb 96x4MB) SWAP 0/3810MB (cached 0MB) CPU [0%@729,0%@729,1%@729,0%@729,0%@729,0%@729] GR3D_FREQ 0% cpu@50.906C soc2@49.25C soc0@51.156C gpu@51.75C tj@51.75C soc1@50.937C VDD_IN 5480mW/5543mW VDD_CPU_GPU_CV 519mW/542mW VDD_SOC 2795mW/2819mW
08-04-2026 13:42:49 RAM 1470/7620MB (lfb 96x4MB) SWAP 0/3810MB (cached 0MB) CPU [0%@729,0%@729,1%@729,0%@729,0%@729,0%@729] GR3D_FREQ 0% cpu@50.656C soc2@49.218C soc0@51.125C gpu@51.5C tj@51.5C soc1@51.031C VDD_IN 5440mW/5543mW VDD_CPU_GPU_CV 479mW/542mW VDD_SOC 2795mW/2819mW
08-04-2026 13:42:50 RAM 1470/7620MB (lfb 96x4MB) SWAP 0/3810MB (cached 0MB) CPU [0%@729,0%@729,1%@729,1%@729,0%@729,0%@729] GR3D_FREQ 0% cpu@50.656C soc2@49.125C soc0@51.218C gpu@51.5C tj@51.5C soc1@50.875C VDD_IN 5480mW/5543mW VDD_CPU_GPU_CV 519mW/542mW VDD_SOC 2795mW/2819mW
08-04-2026 13:42:51 RAM 1470/7620MB (lfb 96x4MB) SWAP 0/3810MB (cached 0MB) CPU [0%@729,0%@729,1%@729,0%@729,0%@729,0%@729] GR3D_FREQ 0% cpu@50.656C soc2@49.25C soc0@51.031C gpu@51.531C tj@51.531C soc1@50.812C VDD_IN 5440mW/5543mW VDD_CPU_GPU_CV 479mW/542mW VDD_SOC 2795mW/2819mW
08-04-2026 13:42:52 RAM 1470/7620MB (lfb 96x4MB) SWAP 0/3810MB (cached 0MB) CPU [0%@729,0%@729,1%@729,0%@729,0%@729,0%@729] GR3D_FREQ 0% cpu@50.718C soc2@49.218C soc0@51C gpu@51.531C tj@51.687C soc1@50.875C VDD_IN 5480mW/5543mW VDD_CPU_GPU_CV 479mW/542mW VDD_SOC 2795mW/2819mW
08-04-2026 13:42:53 RAM 1470/7620MB (lfb 96x4MB) SWAP 0/3810MB (cached 0MB) CPU [1%@729,0%@729,2%@729,0%@729,0%@729,0%@729] GR3D_FREQ 0% cpu@50.843C soc2@49.25C soc0@51.062C gpu@51.843C tj@51.843C soc1@50.968C VDD_IN 5440mW/5542mW VDD_CPU_GPU_CV 479mW/542mW VDD_SOC 2795mW/2819mW
08-04-2026 13:42:54 RAM 1470/7620MB (lfb 96x4MB) SWAP 0/3810MB (cached 0MB) CPU [0%@729,0%@729,1%@729,0%@729,0%@729,0%@729] GR3D_FREQ 0% cpu@50.593C soc2@49.25C soc0@51.156C gpu@51.781C tj@51.781C soc1@51C VDD_IN 5480mW/5542mW VDD_CPU_GPU_CV 479mW/542mW VDD_SOC 2795mW/2819mW
08-04-2026 13:42:55 RAM 1470/7620MB (lfb 96x4MB) SWAP 0/3810MB (cached 0MB) CPU [0%@729,0%@729,0%@729,0%@729,0%@729,0%@729] GR3D_FREQ 0% cpu@50.718C soc2@49.218C soc0@51.25C gpu@51.875C tj@51.875C soc1@50.812C VDD_IN 5480mW/5542mW VDD_CPU_GPU_CV 519mW/542mW VDD_SOC 2795mW/2819mW
08-04-2026 13:42:56 RAM 1470/7620MB (lfb 96x4MB) SWAP 0/3810MB (cached 0MB) CPU [0%@729,1%@729,1%@729,1%@729,0%@729,0%@729] GR3D_FREQ 0% cpu@50.781C soc2@49.125C soc0@51.093C gpu@51.906C tj@51.906C soc1@50.906C VDD_IN 5480mW/5542mW VDD_CPU_GPU_CV 519mW/542mW VDD_SOC 2795mW/2818mW
08-04-2026 13:42:57 RAM 1470/7620MB (lfb 96x4MB) SWAP 0/3810MB (cached 0MB) CPU [0%@729,0%@729,0%@729,0%@729,0%@729,0%@729] GR3D_FREQ 0% cpu@50.781C soc2@49.187C soc0@51.031C gpu@51.875C tj@51.875C soc1@50.906C VDD_IN 5480mW/5542mW VDD_CPU_GPU_CV 519mW/542mW VDD_SOC 2795mW/2818mW
08-04-2026 13:42:58 RAM 1470/7620MB (lfb 96x4MB) SWAP 0/3810MB (cached 0MB) CPU [0%@729,0%@729,0%@729,0%@729,0%@729,0%@729] GR3D_FREQ 0% cpu@50.843C soc2@49.187C soc0@51.093C gpu@51.593C tj@51.593C soc1@50.937C VDD_IN 5480mW/5542mW VDD_CPU_GPU_CV 519mW/542mW VDD_SOC 2795mW/2818mW
08-04-2026 13:42:59 RAM 1470/7620MB (lfb 96x4MB) SWAP 0/3810MB (cached 0MB) CPU [0%@729,0%@729,2%@729,0%@729,0%@729,0%@729] GR3D_FREQ 0% cpu@50.531C soc2@49.187C soc0@51.031C gpu@51.625C tj@51.625C soc1@50.875C VDD_IN 5480mW/5542mW VDD_CPU_GPU_CV 519mW/541mW VDD_SOC 2795mW/2818mW
08-04-2026 13:43:00 RAM 1470/7620MB (lfb 96x4MB) SWAP 0/3810MB (cached 0MB) CPU [0%@729,0%@729,0%@729,1%@729,0%@729,0%@729] GR3D_FREQ 0% cpu@50.687C soc2@49.156C soc0@51.125C gpu@51.562C tj@51.562C soc1@50.812C VDD_IN 5480mW/5542mW VDD_CPU_GPU_CV 519mW/541mW VDD_SOC 2795mW/2818mW
08-04-2026 13:43:01 RAM 1470/7620MB (lfb 96x4MB) SWAP 0/3810MB (cached 0MB) CPU [0%@729,0%@729,0%@729,0%@729,0%@729,0%@729] GR3D_FREQ 0% cpu@50.781C soc2@49.125C soc0@51.093C gpu@51.562C tj@51.562C soc1@50.843C VDD_IN 5480mW/5542mW VDD_CPU_GPU_CV 519mW/541mW VDD_SOC 2795mW/2818mW
08-04-2026 13:43:02 RAM 1470/7620MB (lfb 96x4MB) SWAP 0/3810MB (cached 0MB) CPU [0%@729,0%@729,0%@729,1%@729,0%@729,0%@729] GR3D_FREQ 0% cpu@50.593C soc2@49.25C soc0@51.062C gpu@51.375C tj@51.375C soc1@50.875C VDD_IN 5480mW/5541mW VDD_CPU_GPU_CV 519mW/541mW VDD_SOC 2795mW/2818mW
08-04-2026 13:43:03 RAM 1470/7620MB (lfb 96x4MB) SWAP 0/3810MB (cached 0MB) CPU [0%@729,0%@729,0%@729,0%@729,0%@729,0%@729] GR3D_FREQ 0% cpu@50.843C soc2@49.25C soc0@51.218C gpu@51.468C tj@51.468C soc1@51C VDD_IN 5440mW/5541mW VDD_CPU_GPU_CV 479mW/541mW VDD_SOC 2795mW/2818mW
08-04-2026 13:43:04 RAM 1470/7620MB (lfb 96x4MB) SWAP 0/3810MB (cached 0MB) CPU [0%@729,0%@729,0%@729,0%@729,0%@729,0%@729] GR3D_FREQ 0% cpu@50.468C soc2@49.062C soc0@51.187C gpu@51.406C tj@51.406C soc1@50.781C VDD_IN 5480mW/5541mW VDD_CPU_GPU_CV 479mW/541mW VDD_SOC 2795mW/2818mW
08-04-2026 13:43:05 RAM 1470/7620MB (lfb 96x4MB) SWAP 0/3810MB (cached 0MB) CPU [1%@729,0%@729,0%@729,2%@729,0%@1728,0%@1728] GR3D_FREQ 0% cpu@50.687C soc2@49.187C soc0@51.187C gpu@51.531C tj@51.531C soc1@50.843C VDD_IN 5680mW/5541mW VDD_CPU_GPU_CV 559mW/541mW VDD_SOC 2875mW/2818mW
08-04-2026 13:43:06 RAM 1470/7620MB (lfb 96x4MB) SWAP 0/3810MB (cached 0MB) CPU [0%@729,0%@729,0%@729,0%@729,0%@729,0%@729] GR3D_FREQ 0% cpu@50.812C soc2@49.156C soc0@51.062C gpu@51.531C tj@51.531C soc1@50.875C VDD_IN 5480mW/5541mW VDD_CPU_GPU_CV 479mW/541mW VDD_SOC 2795mW/2818mW
08-04-2026 13:43:07 RAM 1470/7620MB (lfb 96x4MB) SWAP 0/3810MB (cached 0MB) CPU [0%@729,0%@729,0%@729,1%@729,0%@729,0%@729] GR3D_FREQ 0% cpu@50.5C soc2@49.25C soc0@51.093C gpu@51.687C tj@51.687C soc1@50.906C VDD_IN 5480mW/5541mW VDD_CPU_GPU_CV 479mW/541mW VDD_SOC 2795mW/2818mW
08-04-2026 13:43:08 RAM 1470/7620MB (lfb 96x4MB) SWAP 0/3810MB (cached 0MB) CPU [1%@729,0%@729,1%@729,0%@729,0%@729,0%@729] GR3D_FREQ 0% cpu@50.625C soc2@49.187C soc0@51.125C gpu@51.656C tj@51.656C soc1@50.781C VDD_IN 5440mW/5541mW VDD_CPU_GPU_CV 479mW/541mW VDD_SOC 2795mW/2818mW
08-04-2026 13:43:09 RAM 1470/7620MB (lfb 96x4MB) SWAP 0/3810MB (cached 0MB) CPU [0%@729,0%@729,1%@729,0%@729,0%@729,0%@729] GR3D_FREQ 0% cpu@50.718C soc2@49.093C soc0@51.187C gpu@51.656C tj@51.656C soc1@50.75C VDD_IN 5440mW/5541mW VDD_CPU_GPU_CV 479mW/541mW VDD_SOC 2795mW/2818mW
08-04-2026 13:43:10 RAM 1470/7620MB (lfb 96x4MB) SWAP 0/3810MB (cached 0MB) CPU [0%@729,0%@729,1%@729,0%@729,0%@1728,0%@1728] GR3D_FREQ 0% cpu@50.625C soc2@49.218C soc0@51.062C gpu@51.656C tj@51.656C soc1@50.812C VDD_IN 5520mW/5541mW VDD_CPU_GPU_CV 519mW/541mW VDD_SOC 2795mW/2818mW
08-04-2026 13:43:11 RAM 1470/7620MB (lfb 96x4MB) SWAP 0/3810MB (cached 0MB) CPU [0%@729,0%@729,1%@729,0%@729,0%@729,0%@729] GR3D_FREQ 0% cpu@50.781C soc2@49.25C soc0@51.031C gpu@51.5C tj@51.5C soc1@50.875C VDD_IN 5440mW/5541mW VDD_CPU_GPU_CV 479mW/541mW VDD_SOC 2795mW/2818mW
08-04-2026 13:43:12 RAM 1470/7620MB (lfb 96x4MB) SWAP 0/3810MB (cached 0MB) CPU [0%@729,0%@729,0%@729,0%@729,0%@729,0%@729] GR3D_FREQ 0% cpu@50.531C soc2@49.218C soc0@51.125C gpu@51.437C tj@51.437C soc1@50.968C VDD_IN 5440mW/5541mW VDD_CPU_GPU_CV 479mW/541mW VDD_SOC 2795mW/2818mW
08-04-2026 13:43:13 RAM 1470/7620MB (lfb 96x4MB) SWAP 0/3810MB (cached 0MB) CPU [0%@729,0%@729,0%@729,0%@729,0%@729,1%@729] GR3D_FREQ 0% cpu@50.531C soc2@49.343C soc0@51.093C gpu@51.5C tj@51.5C soc1@50.718C VDD_IN 5440mW/5540mW VDD_CPU_GPU_CV 479mW/540mW VDD_SOC 2795mW/2818mW
08-04-2026 13:43:14 RAM 1470/7620MB (lfb 96x4MB) SWAP 0/3810MB (cached 0MB) CPU [0%@729,0%@729,1%@729,1%@729,0%@729,0%@729] GR3D_FREQ 0% cpu@50.718C soc2@49.156C soc0@51.187C gpu@51.468C tj@51.468C soc1@50.875C VDD_IN 5480mW/5540mW VDD_CPU_GPU_CV 519mW/540mW VDD_SOC 2795mW/2818mW
08-04-2026 13:43:15 RAM 1470/7620MB (lfb 96x4MB) SWAP 0/3810MB (cached 0MB) CPU [0%@729,0%@729,0%@729,1%@729,0%@729,0%@729] GR3D_FREQ 0% cpu@50.625C soc2@49.218C soc0@50.968C gpu@51.531C tj@51.531C soc1@50.906C VDD_IN 5440mW/5540mW VDD_CPU_GPU_CV 479mW/540mW VDD_SOC 2795mW/2818mW
08-04-2026 13:43:16 RAM 1470/7620MB (lfb 96x4MB) SWAP 0/3810MB (cached 0MB) CPU [0%@729,0%@729,0%@729,0%@729,0%@729,0%@729] GR3D_FREQ 0% cpu@50.687C soc2@49.25C soc0@51C gpu@51.562C tj@51.562C soc1@50.937C VDD_IN 5480mW/5540mW VDD_CPU_GPU_CV 479mW/540mW VDD_SOC 2795mW/2818mW
08-04-2026 13:43:17 RAM 1470/7620MB (lfb 96x4MB) SWAP 0/3810MB (cached 0MB) CPU [0%@729,0%@729,0%@729,1%@729,0%@729,0%@729] GR3D_FREQ 0% cpu@50.5C soc2@49.218C soc0@51.062C gpu@51.718C tj@51.718C soc1@51.062C VDD_IN 5480mW/5540mW VDD_CPU_GPU_CV 519mW/540mW VDD_SOC 2795mW/2818mW
08-04-2026 13:43:18 RAM 1470/7620MB (lfb 96x4MB) SWAP 0/3810MB (cached 0MB) CPU [0%@729,0%@729,0%@729,0%@729,0%@729,0%@729] GR3D_FREQ 0% cpu@50.531C soc2@49.218C soc0@51.156C gpu@51.781C tj@51.781C soc1@50.75C VDD_IN 5440mW/5540mW VDD_CPU_GPU_CV 479mW/540mW VDD_SOC 2795mW/2818mW
08-04-2026 13:43:19 RAM 1470/7620MB (lfb 96x4MB) SWAP 0/3810MB (cached 0MB) CPU [0%@729,0%@729,0%@729,0%@729,0%@729,0%@729] GR3D_FREQ 0% cpu@50.656C soc2@49.125C soc0@51.125C gpu@51.812C tj@51.812C soc1@50.781C VDD_IN 5440mW/5540mW VDD_CPU_GPU_CV 479mW/540mW VDD_SOC 2795mW/2818mW
08-04-2026 13:43:20 RAM 1470/7620MB (lfb 96x4MB) SWAP 0/3810MB (cached 0MB) CPU [0%@729,0%@729,0%@729,0%@729,0%@729,0%@729] GR3D_FREQ 0% cpu@50.656C soc2@49.187C soc0@51C gpu@51.812C tj@51.812C soc1@50.812C VDD_IN 5480mW/5540mW VDD_CPU_GPU_CV 519mW/540mW VDD_SOC 2795mW/2818mW
08-04-2026 13:43:21 RAM 1470/7620MB (lfb 96x4MB) SWAP 0/3810MB (cached 0MB) CPU [0%@729,0%@729,1%@729,0%@729,0%@729,0%@729] GR3D_FREQ 0% cpu@50.687C soc2@49.156C soc0@51.093C gpu@51.812C tj@51.812C soc1@50.75C VDD_IN 5480mW/5539mW VDD_CPU_GPU_CV 479mW/540mW VDD_SOC 2795mW/2818mW
08-04-2026 13:43:22 RAM 1470/7620MB (lfb 96x4MB) SWAP 0/3810MB (cached 0MB) CPU [0%@729,0%@729,1%@729,0%@729,0%@729,0%@729] GR3D_FREQ 0% cpu@50.5C soc2@49.093C soc0@51C gpu@51.843C tj@51.843C soc1@50.906C VDD_IN 5440mW/5539mW VDD_CPU_GPU_CV 479mW/540mW VDD_SOC 2795mW/2818mW
08-04-2026 13:43:23 RAM 1470/7620MB (lfb 96x4MB) SWAP 0/3810MB (cached 0MB) CPU [1%@729,0%@729,0%@729,0%@729,0%@729,0%@729] GR3D_FREQ 0% cpu@50.531C soc2@49.187C soc0@51.156C gpu@51.562C tj@51.562C soc1@50.781C VDD_IN 5440mW/5539mW VDD_CPU_GPU_CV 519mW/540mW VDD_SOC 2800mW/2818mW
08-04-2026 13:43:24 RAM 1470/7620MB (lfb 96x4MB) SWAP 0/3810MB (cached 0MB) CPU [0%@729,0%@729,0%@729,1%@729,0%@729,0%@729] GR3D_FREQ 0% cpu@50.531C soc2@49.125C soc0@51.156C gpu@51.531C tj@51.531C soc1@50.906C VDD_IN 5440mW/5539mW VDD_CPU_GPU_CV 479mW/540mW VDD_SOC 2795mW/2818mW
08-04-2026 13:43:25 RAM 1470/7620MB (lfb 96x4MB) SWAP 0/3810MB (cached 0MB) CPU [0%@729,0%@729,1%@729,0%@729,0%@729,0%@729] GR3D_FREQ 0% cpu@50.906C soc2@49.125C soc0@51.125C gpu@51.5C tj@51.5C soc1@50.875C VDD_IN 5480mW/5539mW VDD_CPU_GPU_CV 479mW/540mW VDD_SOC 2795mW/2818mW
08-04-2026 13:43:26 RAM 1470/7620MB (lfb 96x4MB) SWAP 0/3810MB (cached 0MB) CPU [0%@729,0%@729,0%@729,2%@729,0%@729,0%@729] GR3D_FREQ 0% cpu@50.656C soc2@49.187C soc0@51.031C gpu@51.656C tj@51.656C soc1@50.875C VDD_IN 5440mW/5539mW VDD_CPU_GPU_CV 479mW/540mW VDD_SOC 2795mW/2818mW
08-04-2026 13:43:27 RAM 1470/7620MB (lfb 96x4MB) SWAP 0/3810MB (cached 0MB) CPU [1%@729,0%@729,0%@729,0%@729,0%@729,0%@729] GR3D_FREQ 0% cpu@50.5C soc2@49.156C soc0@51.093C gpu@51.562C tj@51.562C soc1@50.937C VDD_IN 5440mW/5539mW VDD_CPU_GPU_CV 479mW/539mW VDD_SOC 2795mW/2818mW
08-04-2026 13:43:28 RAM 1470/7620MB (lfb 96x4MB) SWAP 0/3810MB (cached 0MB) CPU [0%@729,0%@729,0%@729,0%@729,0%@729,0%@729] GR3D_FREQ 0% cpu@50.562C soc2@49.281C soc0@51.062C gpu@51.625C tj@51.625C soc1@50.843C VDD_IN 5480mW/5539mW VDD_CPU_GPU_CV 519mW/539mW VDD_SOC 2795mW/2817mW
08-04-2026 13:43:29 RAM 1470/7620MB (lfb 96x4MB) SWAP 0/3810MB (cached 0MB) CPU [0%@729,0%@729,0%@729,1%@729,0%@729,0%@729] GR3D_FREQ 0% cpu@50.718C soc2@49.093C soc0@51.125C gpu@51.437C tj@51.437C soc1@50.75C VDD_IN 5471mW/5538mW VDD_CPU_GPU_CV 519mW/539mW VDD_SOC 2795mW/2817mW
08-04-2026 13:43:30 RAM 1470/7620MB (lfb 96x4MB) SWAP 0/3810MB (cached 0MB) CPU [0%@729,0%@729,0%@729,0%@729,0%@729,0%@729] GR3D_FREQ 0% cpu@50.812C soc2@49.156C soc0@51.093C gpu@51.375C tj@51.375C soc1@50.812C VDD_IN 5431mW/5538mW VDD_CPU_GPU_CV 479mW/539mW VDD_SOC 2795mW/2817mW
08-04-2026 13:43:31 RAM 1470/7620MB (lfb 96x4MB) SWAP 0/3810MB (cached 0MB) CPU [0%@729,0%@729,0%@729,0%@729,0%@729,0%@729] GR3D_FREQ 0% cpu@50.687C soc2@49.062C soc0@51.031C gpu@51.406C tj@51.406C soc1@50.906C VDD_IN 5480mW/5538mW VDD_CPU_GPU_CV 519mW/539mW VDD_SOC 2795mW/2817mW
08-04-2026 13:43:32 RAM 1470/7620MB (lfb 96x4MB) SWAP 0/3810MB (cached 0MB) CPU [1%@729,0%@729,0%@729,1%@729,0%@729,0%@729] GR3D_FREQ 0% cpu@50.468C soc2@49.156C soc0@51.062C gpu@51.437C tj@51.437C soc1@50.843C VDD_IN 5480mW/5538mW VDD_CPU_GPU_CV 519mW/539mW VDD_SOC 2795mW/2817mW
08-04-2026 13:43:33 RAM 1470/7620MB (lfb 96x4MB) SWAP 0/3810MB (cached 0MB) CPU [0%@729,0%@729,0%@729,0%@729,0%@729,0%@729] GR3D_FREQ 0% cpu@50.531C soc2@49.156C soc0@51.156C gpu@51.531C tj@51.531C soc1@50.812C VDD_IN 5480mW/5538mW VDD_CPU_GPU_CV 519mW/539mW VDD_SOC 2795mW/2817mW
08-04-2026 13:43:34 RAM 1470/7620MB (lfb 96x4MB) SWAP 0/3810MB (cached 0MB) CPU [0%@729,0%@729,0%@729,0%@729,0%@729,0%@729] GR3D_FREQ 0% cpu@50.593C soc2@49.187C soc0@50.968C gpu@51.375C tj@51.375C soc1@50.781C VDD_IN 5440mW/5538mW VDD_CPU_GPU_CV 479mW/539mW VDD_SOC 2795mW/2817mW
08-04-2026 13:43:35 RAM 1470/7620MB (lfb 96x4MB) SWAP 0/3810MB (cached 0MB) CPU [1%@729,0%@729,1%@729,1%@729,0%@729,0%@729] GR3D_FREQ 0% cpu@50.843C soc2@49.125C soc0@51.031C gpu@51.562C tj@51.562C soc1@50.843C VDD_IN 5480mW/5538mW VDD_CPU_GPU_CV 479mW/539mW VDD_SOC 2795mW/2817mW
08-04-2026 13:43:36 RAM 1470/7620MB (lfb 96x4MB) SWAP 0/3810MB (cached 0MB) CPU [1%@729,0%@729,0%@729,0%@729,0%@729,0%@729] GR3D_FREQ 0% cpu@50.625C soc2@49.062C soc0@51C gpu@51.687C tj@51.687C soc1@50.937C VDD_IN 5471mW/5538mW VDD_CPU_GPU_CV 519mW/539mW VDD_SOC 2795mW/2817mW
08-04-2026 13:43:37 RAM 1470/7620MB (lfb 96x4MB) SWAP 0/3810MB (cached 0MB) CPU [0%@729,0%@729,0%@729,0%@729,0%@729,0%@729] GR3D_FREQ 0% cpu@50.468C soc2@49.218C soc0@51.031C gpu@51.687C tj@51.687C soc1@50.843C VDD_IN 5480mW/5538mW VDD_CPU_GPU_CV 479mW/539mW VDD_SOC 2795mW/2817mW
08-04-2026 13:43:38 RAM 1470/7620MB (lfb 96x4MB) SWAP 0/3810MB (cached 0MB) CPU [1%@729,0%@729,0%@729,1%@729,0%@729,0%@729] GR3D_FREQ 0% cpu@50.562C soc2@49.125C soc0@51.156C gpu@51.687C tj@51.687C soc1@50.812C VDD_IN 5480mW/5537mW VDD_CPU_GPU_CV 519mW/539mW VDD_SOC 2795mW/2817mW
08-04-2026 13:43:39 RAM 1470/7620MB (lfb 96x4MB) SWAP 0/3810MB (cached 0MB) CPU [0%@729,0%@729,0%@729,0%@729,0%@729,0%@729] GR3D_FREQ 0% cpu@50.593C soc2@49.156C soc0@50.968C gpu@51.718C tj@51.718C soc1@50.812C VDD_IN 5471mW/5537mW VDD_CPU_GPU_CV 519mW/539mW VDD_SOC 2795mW/2817mW
08-04-2026 13:43:40 RAM 1470/7620MB (lfb 96x4MB) SWAP 0/3810MB (cached 0MB) CPU [0%@729,0%@729,0%@729,0%@729,0%@729,0%@729] GR3D_FREQ 0% cpu@50.812C soc2@49.156C soc0@50.937C gpu@51.468C tj@51.468C soc1@50.781C VDD_IN 5480mW/5537mW VDD_CPU_GPU_CV 479mW/539mW VDD_SOC 2795mW/2817mW
08-04-2026 13:43:41 RAM 1470/7620MB (lfb 96x4MB) SWAP 0/3810MB (cached 0MB) CPU [1%@729,0%@729,0%@729,1%@729,0%@729,0%@729] GR3D_FREQ 0% cpu@50.593C soc2@49.125C soc0@51.031C gpu@51.406C tj@51.406C soc1@50.843C VDD_IN 5480mW/5537mW VDD_CPU_GPU_CV 519mW/539mW VDD_SOC 2795mW/2817mW
08-04-2026 13:43:42 RAM 1470/7620MB (lfb 96x4MB) SWAP 0/3810MB (cached 0MB) CPU [1%@729,0%@729,0%@729,1%@729,0%@729,0%@729] GR3D_FREQ 0% cpu@50.468C soc2@49.25C soc0@51.031C gpu@51.406C tj@51.406C soc1@50.718C VDD_IN 5431mW/5537mW VDD_CPU_GPU_CV 479mW/539mW VDD_SOC 2795mW/2817mW
08-04-2026 13:43:43 RAM 1470/7620MB (lfb 96x4MB) SWAP 0/3810MB (cached 0MB) CPU [0%@729,0%@729,0%@729,0%@729,0%@729,0%@729] GR3D_FREQ 0% cpu@50.468C soc2@49.031C soc0@51.156C gpu@51.468C tj@51.468C soc1@50.687C VDD_IN 5440mW/5537mW VDD_CPU_GPU_CV 479mW/539mW VDD_SOC 2795mW/2817mW
08-04-2026 13:43:44 RAM 1470/7620MB (lfb 96x4MB) SWAP 0/3810MB (cached 0MB) CPU [0%@729,0%@729,0%@729,1%@729,0%@729,0%@729] GR3D_FREQ 0% cpu@50.625C soc2@49.156C soc0@50.937C gpu@51.531C tj@51.531C soc1@50.781C VDD_IN 5480mW/5537mW VDD_CPU_GPU_CV 519mW/538mW VDD_SOC 2795mW/2817mW
08-04-2026 13:43:45 RAM 1470/7620MB (lfb 96x4MB) SWAP 0/3810MB (cached 0MB) CPU [1%@729,0%@729,0%@729,1%@729,0%@729,0%@729] GR3D_FREQ 0% cpu@50.843C soc2@49.125C soc0@50.937C gpu@51.437C tj@51.437C soc1@50.906C VDD_IN 5480mW/5537mW VDD_CPU_GPU_CV 519mW/538mW VDD_SOC 2795mW/2817mW
08-04-2026 13:43:46 RAM 1470/7620MB (lfb 96x4MB) SWAP 0/3810MB (cached 0MB) CPU [0%@729,0%@729,0%@729,0%@729,0%@729,0%@729] GR3D_FREQ 0% cpu@50.593C soc2@49.093C soc0@51C gpu@51.718C tj@51.718C soc1@50.906C VDD_IN 5480mW/5537mW VDD_CPU_GPU_CV 519mW/538mW VDD_SOC 2795mW/2817mW
08-04-2026 13:43:47 RAM 1470/7620MB (lfb 96x4MB) SWAP 0/3810MB (cached 0MB) CPU [1%@729,1%@729,0%@729,0%@729,0%@729,0%@729] GR3D_FREQ 0% cpu@50.375C soc2@49.093C soc0@51C gpu@51.812C tj@51.812C soc1@50.781C VDD_IN 5440mW/5537mW VDD_CPU_GPU_CV 479mW/538mW VDD_SOC 2795mW/2817mW
08-04-2026 13:43:48 RAM 1470/7620MB (lfb 96x4MB) SWAP 0/3810MB (cached 0MB) CPU [1%@729,0%@729,0%@729,0%@729,0%@729,0%@729] GR3D_FREQ 0% cpu@50.562C soc2@49.062C soc0@51.156C gpu@51.843C tj@51.843C soc1@50.718C VDD_IN 5480mW/5536mW VDD_CPU_GPU_CV 479mW/538mW VDD_SOC 2795mW/2817mW
08-04-2026 13:43:49 RAM 1470/7620MB (lfb 96x4MB) SWAP 0/3810MB (cached 0MB) CPU [0%@729,1%@729,0%@729,0%@729,0%@729,0%@729] GR3D_FREQ 0% cpu@50.593C soc2@49.187C soc0@50.968C gpu@51.375C tj@51.375C soc1@50.812C VDD_IN 5480mW/5536mW VDD_CPU_GPU_CV 519mW/538mW VDD_SOC 2795mW/2817mW
08-04-2026 13:43:50 RAM 1470/7620MB (lfb 96x4MB) SWAP 0/3810MB (cached 0MB) CPU [1%@729,0%@729,0%@729,0%@729,0%@729,0%@729] GR3D_FREQ 0% cpu@50.75C soc2@49.156C soc0@51.062C gpu@51.406C tj@51.406C soc1@50.75C VDD_IN 5431mW/5536mW VDD_CPU_GPU_CV 519mW/538mW VDD_SOC 2795mW/2817mW
08-04-2026 13:43:51 RAM 1470/7620MB (lfb 96x4MB) SWAP 0/3810MB (cached 0MB) CPU [0%@729,0%@729,0%@729,0%@729,0%@729,0%@729] GR3D_FREQ 0% cpu@50.593C soc2@49.125C soc0@51.062C gpu@51.375C tj@51.375C soc1@50.968C VDD_IN 5551mW/5536mW VDD_CPU_GPU_CV 519mW/538mW VDD_SOC 2835mW/2817mW
08-04-2026 13:43:52 RAM 1470/7620MB (lfb 96x4MB) SWAP 0/3810MB (cached 0MB) CPU [0%@729,0%@729,0%@729,1%@729,0%@729,0%@729] GR3D_FREQ 0% cpu@50.437C soc2@49.125C soc0@51.031C gpu@51.562C tj@51.562C soc1@50.687C VDD_IN 5480mW/5536mW VDD_CPU_GPU_CV 519mW/538mW VDD_SOC 2795mW/2817mW
08-04-2026 13:43:53 RAM 1470/7620MB (lfb 96x4MB) SWAP 0/3810MB (cached 0MB) CPU [1%@729,0%@729,0%@729,0%@729,0%@729,0%@729] GR3D_FREQ 0% cpu@50.437C soc2@49.031C soc0@51.093C gpu@51.531C tj@51.531C soc1@50.75C VDD_IN 5480mW/5536mW VDD_CPU_GPU_CV 519mW/538mW VDD_SOC 2795mW/2817mW
08-04-2026 13:43:54 RAM 1470/7620MB (lfb 96x4MB) SWAP 0/3810MB (cached 0MB) CPU [2%@729,0%@729,0%@729,0%@729,0%@729,0%@729] GR3D_FREQ 0% cpu@50.468C soc2@49.031C soc0@50.906C gpu@51.531C tj@51.531C soc1@50.781C VDD_IN 5431mW/5536mW VDD_CPU_GPU_CV 479mW/538mW VDD_SOC 2795mW/2817mW
08-04-2026 13:43:55 RAM 1470/7620MB (lfb 96x4MB) SWAP 0/3810MB (cached 0MB) CPU [0%@729,0%@729,0%@729,0%@729,0%@729,0%@729] GR3D_FREQ 0% cpu@50.625C soc2@49.093C soc0@51.062C gpu@51.5C tj@51.5C soc1@50.875C VDD_IN 5471mW/5536mW VDD_CPU_GPU_CV 519mW/538mW VDD_SOC 2795mW/2817mW
08-04-2026 13:43:56 RAM 1470/7620MB (lfb 96x4MB) SWAP 0/3810MB (cached 0MB) CPU [1%@729,0%@729,0%@729,0%@729,0%@729,0%@729] GR3D_FREQ 0% cpu@50.5C soc2@49.093C soc0@51.062C gpu@51.625C tj@51.625C soc1@50.875C VDD_IN 5480mW/5536mW VDD_CPU_GPU_CV 519mW/538mW VDD_SOC 2795mW/2817mW
08-04-2026 13:43:57 RAM 1470/7620MB (lfb 96x4MB) SWAP 0/3810MB (cached 0MB) CPU [0%@729,0%@729,0%@729,1%@729,0%@729,0%@729] GR3D_FREQ 0% cpu@50.437C soc2@49.125C soc0@51.093C gpu@51.625C tj@51.625C soc1@50.843C VDD_IN 5440mW/5536mW VDD_CPU_GPU_CV 479mW/538mW VDD_SOC 2795mW/2817mW
08-04-2026 13:43:58 RAM 1470/7620MB (lfb 96x4MB) SWAP 0/3810MB (cached 0MB) CPU [0%@729,0%@729,0%@729,0%@729,0%@729,0%@729] GR3D_FREQ 0% cpu@50.531C soc2@49.093C soc0@51.125C gpu@51.343C tj@51.343C soc1@50.812C VDD_IN 5440mW/5535mW VDD_CPU_GPU_CV 479mW/538mW VDD_SOC 2795mW/2817mW
08-04-2026 13:43:59 RAM 1470/7620MB (lfb 96x4MB) SWAP 0/3810MB (cached 0MB) CPU [1%@729,0%@729,0%@729,1%@729,0%@729,0%@729] GR3D_FREQ 0% cpu@50.562C soc2@49.062C soc0@50.968C gpu@51.343C tj@51.343C soc1@50.781C VDD_IN 5440mW/5535mW VDD_CPU_GPU_CV 519mW/538mW VDD_SOC 2795mW/2817mW
08-04-2026 13:44:00 RAM 1470/7620MB (lfb 96x4MB) SWAP 0/3810MB (cached 0MB) CPU [0%@729,0%@729,1%@729,1%@729,0%@729,0%@729] GR3D_FREQ 0% cpu@50.75C soc2@49.093C soc0@50.937C gpu@51.406C tj@51.406C soc1@50.75C VDD_IN 5440mW/5535mW VDD_CPU_GPU_CV 479mW/538mW VDD_SOC 2795mW/2816mW
08-04-2026 13:44:01 RAM 1470/7620MB (lfb 96x4MB) SWAP 0/3810MB (cached 0MB) CPU [0%@729,1%@729,0%@729,2%@729,0%@729,0%@729] GR3D_FREQ 0% cpu@50.468C soc2@49.156C soc0@51.093C gpu@51.437C tj@51.437C soc1@50.875C VDD_IN 5511mW/5535mW VDD_CPU_GPU_CV 519mW/538mW VDD_SOC 2795mW/2816mW
08-04-2026 13:44:02 RAM 1470/7620MB (lfb 96x4MB) SWAP 0/3810MB (cached 0MB) CPU [1%@729,0%@729,0%@729,0%@729,0%@729,0%@729] GR3D_FREQ 0% cpu@50.562C soc2@49.156C soc0@51.062C gpu@51.656C tj@51.656C soc1@50.75C VDD_IN 5471mW/5535mW VDD_CPU_GPU_CV 519mW/538mW VDD_SOC 2795mW/2816mW
08-04-2026 13:44:03 RAM 1470/7620MB (lfb 96x4MB) SWAP 0/3810MB (cached 0MB) CPU [0%@729,0%@729,0%@729,0%@729,0%@729,0%@729] GR3D_FREQ 0% cpu@50.593C soc2@49.062C soc0@50.968C gpu@51.656C tj@51.656C soc1@50.843C VDD_IN 5480mW/5535mW VDD_CPU_GPU_CV 519mW/538mW VDD_SOC 2795mW/2816mW
08-04-2026 13:44:04 RAM 1470/7620MB (lfb 96x4MB) SWAP 0/3810MB (cached 0MB) CPU [1%@729,0%@729,0%@729,0%@729,0%@729,0%@729] GR3D_FREQ 0% cpu@50.468C soc2@49.093C soc0@50.968C gpu@51.687C tj@51.687C soc1@50.812C VDD_IN 5480mW/5535mW VDD_CPU_GPU_CV 519mW/538mW VDD_SOC 2795mW/2816mW
08-04-2026 13:44:05 RAM 1470/7620MB (lfb 96x4MB) SWAP 0/3810MB (cached 0MB) CPU [0%@729,0%@729,1%@729,0%@729,0%@729,0%@729] GR3D_FREQ 0% cpu@50.75C soc2@49.156C soc0@50.968C gpu@51.718C tj@51.718C soc1@50.812C VDD_IN 5480mW/5535mW VDD_CPU_GPU_CV 519mW/538mW VDD_SOC 2795mW/2816mW
08-04-2026 13:44:06 RAM 1470/7620MB (lfb 96x4MB) SWAP 0/3810MB (cached 0MB) CPU [0%@729,1%@729,0%@729,0%@729,0%@729,0%@729] GR3D_FREQ 0% cpu@50.468C soc2@49.187C soc0@51.125C gpu@51.312C tj@51.312C soc1@50.937C VDD_IN 5520mW/5535mW VDD_CPU_GPU_CV 519mW/538mW VDD_SOC 2795mW/2816mW
08-04-2026 13:44:07 RAM 1470/7620MB (lfb 96x4MB) SWAP 0/3810MB (cached 0MB) CPU [0%@729,0%@729,0%@729,0%@729,0%@729,0%@729] GR3D_FREQ 0% cpu@50.531C soc2@49C soc0@51.093C gpu@51.343C tj@51.343C soc1@50.781C VDD_IN 5480mW/5535mW VDD_CPU_GPU_CV 519mW/537mW VDD_SOC 2795mW/2816mW
08-04-2026 13:44:08 RAM 1470/7620MB (lfb 96x4MB) SWAP 0/3810MB (cached 0MB) CPU [0%@729,1%@729,0%@729,0%@729,0%@729,0%@729] GR3D_FREQ 0% cpu@50.625C soc2@49.125C soc0@50.968C gpu@51.437C tj@51.437C soc1@50.781C VDD_IN 5440mW/5535mW VDD_CPU_GPU_CV 479mW/537mW VDD_SOC 2795mW/2816mW
08-04-2026 13:44:09 RAM 1470/7620MB (lfb 96x4MB) SWAP 0/3810MB (cached 0MB) CPU [0%@729,0%@729,0%@729,0%@729,0%@729,0%@729] GR3D_FREQ 0% cpu@50.468C soc2@49.093C soc0@50.968C gpu@51.375C tj@51.375C soc1@50.843C VDD_IN 5440mW/5534mW VDD_CPU_GPU_CV 479mW/537mW VDD_SOC 2795mW/2816mW
08-04-2026 13:44:10 RAM 1470/7620MB (lfb 96x4MB) SWAP 0/3810MB (cached 0MB) CPU [1%@729,0%@729,0%@729,0%@729,0%@729,0%@729] GR3D_FREQ 0% cpu@50.718C soc2@49.093C soc0@51C gpu@51.468C tj@51.468C soc1@50.843C VDD_IN 5480mW/5534mW VDD_CPU_GPU_CV 519mW/537mW VDD_SOC 2795mW/2816mW
08-04-2026 13:44:11 RAM 1470/7620MB (lfb 96x4MB) SWAP 0/3810MB (cached 0MB) CPU [0%@729,1%@729,0%@729,0%@729,0%@1728,0%@1728] GR3D_FREQ 0% cpu@50.468C soc2@49.187C soc0@51.062C gpu@51.843C tj@51.843C soc1@50.718C VDD_IN 5680mW/5535mW VDD_CPU_GPU_CV 559mW/537mW VDD_SOC 2875mW/2816mW
08-04-2026 13:44:12 RAM 1470/7620MB (lfb 96x4MB) SWAP 0/3810MB (cached 0MB) CPU [1%@729,0%@729,0%@729,0%@729,0%@729,0%@729] GR3D_FREQ 0% cpu@50.5C soc2@49C soc0@51.062C gpu@51.875C tj@51.875C soc1@50.718C VDD_IN 5480mW/5534mW VDD_CPU_GPU_CV 519mW/537mW VDD_SOC 2795mW/2816mW
08-04-2026 13:44:13 RAM 1470/7620MB (lfb 96x4MB) SWAP 0/3810MB (cached 0MB) CPU [0%@729,0%@729,0%@729,0%@729,0%@729,0%@729] GR3D_FREQ 0% cpu@50.593C soc2@49.093C soc0@51C gpu@51.781C tj@51.781C soc1@50.812C VDD_IN 5480mW/5534mW VDD_CPU_GPU_CV 519mW/537mW VDD_SOC 2795mW/2816mW
08-04-2026 13:44:14 RAM 1470/7620MB (lfb 96x4MB) SWAP 0/3810MB (cached 0MB) CPU [0%@729,0%@729,1%@729,0%@729,0%@729,0%@729] GR3D_FREQ 0% cpu@50.468C soc2@48.968C soc0@50.968C gpu@51.312C tj@51.312C soc1@50.718C VDD_IN 5440mW/5534mW VDD_CPU_GPU_CV 479mW/537mW VDD_SOC 2795mW/2816mW
08-04-2026 13:44:15 RAM 1470/7620MB (lfb 96x4MB) SWAP 0/3810MB (cached 0MB) CPU [0%@729,0%@729,0%@729,0%@729,0%@729,0%@729] GR3D_FREQ 0% cpu@50.718C soc2@49.093C soc0@50.968C gpu@51.25C tj@51.25C soc1@50.843C VDD_IN 5440mW/5534mW VDD_CPU_GPU_CV 519mW/537mW VDD_SOC 2795mW/2816mW
08-04-2026 13:44:16 RAM 1470/7620MB (lfb 96x4MB) SWAP 0/3810MB (cached 0MB) CPU [1%@729,0%@729,0%@729,0%@729,0%@729,0%@729] GR3D_FREQ 0% cpu@50.468C soc2@49.062C soc0@51.062C gpu@51.312C tj@51.406C soc1@50.687C VDD_IN 5480mW/5534mW VDD_CPU_GPU_CV 519mW/537mW VDD_SOC 2795mW/2816mW
08-04-2026 13:44:17 RAM 1470/7620MB (lfb 96x4MB) SWAP 0/3810MB (cached 0MB) CPU [1%@729,0%@729,0%@729,0%@729,0%@729,0%@729] GR3D_FREQ 0% cpu@50.468C soc2@49.031C soc0@50.906C gpu@51.5C tj@51.5C soc1@50.718C VDD_IN 5480mW/5534mW VDD_CPU_GPU_CV 519mW/537mW VDD_SOC 2795mW/2816mW
08-04-2026 13:44:18 RAM 1470/7620MB (lfb 96x4MB) SWAP 0/3810MB (cached 0MB) CPU [1%@729,0%@729,0%@729,0%@729,0%@729,0%@729] GR3D_FREQ 0% cpu@50.625C soc2@49.062C soc0@50.906C gpu@51.5C tj@51.5C soc1@50.75C VDD_IN 5440mW/5534mW VDD_CPU_GPU_CV 479mW/537mW VDD_SOC 2795mW/2816mW
08-04-2026 13:44:19 RAM 1470/7620MB (lfb 96x4MB) SWAP 0/3810MB (cached 0MB) CPU [0%@729,0%@729,0%@729,0%@729,0%@729,0%@729] GR3D_FREQ 0% cpu@50.406C soc2@49.156C soc0@51C gpu@51.468C tj@51.468C soc1@50.843C VDD_IN 5480mW/5534mW VDD_CPU_GPU_CV 479mW/537mW VDD_SOC 2795mW/2816mW
08-04-2026 13:44:20 RAM 1470/7620MB (lfb 96x4MB) SWAP 0/3810MB (cached 0MB) CPU [1%@729,0%@729,0%@729,0%@729,0%@729,0%@729] GR3D_FREQ 0% cpu@50.437C soc2@49.093C soc0@51.031C gpu@51.5C tj@51.312C soc1@50.843C VDD_IN 5440mW/5534mW VDD_CPU_GPU_CV 479mW/537mW VDD_SOC 2795mW/2816mW
08-04-2026 13:44:21 RAM 1470/7620MB (lfb 96x4MB) SWAP 0/3810MB (cached 0MB) CPU [1%@729,0%@729,0%@729,0%@729,0%@729,0%@729] GR3D_FREQ 0% cpu@50.562C soc2@49.062C soc0@51.093C gpu@51.312C tj@51.312C soc1@50.687C VDD_IN 5440mW/5533mW VDD_CPU_GPU_CV 479mW/537mW VDD_SOC 2795mW/2816mW
08-04-2026 13:44:22 RAM 1470/7620MB (lfb 96x4MB) SWAP 0/3810MB (cached 0MB) CPU [0%@729,0%@729,0%@729,0%@729,0%@729,0%@729] GR3D_FREQ 0% cpu@50.687C soc2@49.156C soc0@50.968C gpu@51.343C tj@51.343C soc1@50.687C VDD_IN 5480mW/5533mW VDD_CPU_GPU_CV 519mW/537mW VDD_SOC 2795mW/2816mW
08-04-2026 13:44:23 RAM 1470/7620MB (lfb 96x4MB) SWAP 0/3810MB (cached 0MB) CPU [2%@729,0%@729,0%@729,0%@729,0%@729,0%@729] GR3D_FREQ 0% cpu@50.562C soc2@49.156C soc0@50.968C gpu@51.375C tj@51.375C soc1@50.687C VDD_IN 5440mW/5533mW VDD_CPU_GPU_CV 519mW/537mW VDD_SOC 2795mW/2816mW
08-04-2026 13:44:24 RAM 1470/7620MB (lfb 96x4MB) SWAP 0/3810MB (cached 0MB) CPU [0%@729,0%@729,0%@729,0%@729,0%@729,0%@729] GR3D_FREQ 0% cpu@50.375C soc2@49.093C soc0@51.031C gpu@51.531C tj@51.531C soc1@50.687C VDD_IN 5440mW/5533mW VDD_CPU_GPU_CV 479mW/537mW VDD_SOC 2795mW/2816mW
08-04-2026 13:44:25 RAM 1470/7620MB (lfb 96x4MB) SWAP 0/3810MB (cached 0MB) CPU [1%@729,0%@729,0%@729,0%@729,0%@729,0%@729] GR3D_FREQ 0% cpu@50.468C soc2@49.062C soc0@51.125C gpu@51.593C tj@51.593C soc1@50.718C VDD_IN 5440mW/5533mW VDD_CPU_GPU_CV 479mW/537mW VDD_SOC 2795mW/2816mW
08-04-2026 13:44:26 RAM 1470/7620MB (lfb 96x4MB) SWAP 0/3810MB (cached 0MB) CPU [1%@729,0%@729,0%@729,0%@729,0%@729,0%@729] GR3D_FREQ 0% cpu@50.5C soc2@49.125C soc0@50.937C gpu@51.531C tj@51.531C soc1@50.625C VDD_IN 5480mW/5533mW VDD_CPU_GPU_CV 519mW/537mW VDD_SOC 2795mW/2816mW
08-04-2026 13:44:27 RAM 1470/7620MB (lfb 96x4MB) SWAP 0/3810MB (cached 0MB) CPU [0%@729,0%@729,0%@729,0%@729,0%@729,0%@729] GR3D_FREQ 0% cpu@50.718C soc2@49.031C soc0@50.906C gpu@51.687C tj@51.687C soc1@50.75C VDD_IN 5440mW/5533mW VDD_CPU_GPU_CV 479mW/536mW VDD_SOC 2795mW/2816mW
08-04-2026 13:44:28 RAM 1470/7620MB (lfb 96x4MB) SWAP 0/3810MB (cached 0MB) CPU [1%@729,0%@729,0%@729,0%@729,0%@729,0%@729] GR3D_FREQ 0% cpu@50.5C soc2@49.125C soc0@50.968C gpu@51.562C tj@51.562C soc1@50.75C VDD_IN 5480mW/5533mW VDD_CPU_GPU_CV 519mW/536mW VDD_SOC 2795mW/2816mW
08-04-2026 13:44:29 RAM 1470/7620MB (lfb 96x4MB) SWAP 0/3810MB (cached 0MB) CPU [0%@729,0%@729,0%@729,0%@729,0%@729,0%@729] GR3D_FREQ 0% cpu@50.406C soc2@49.031C soc0@50.968C gpu@51.593C tj@51.593C soc1@50.968C VDD_IN 5440mW/5533mW VDD_CPU_GPU_CV 479mW/536mW VDD_SOC 2795mW/2816mW
08-04-2026 13:44:30 RAM 1470/7620MB (lfb 96x4MB) SWAP 0/3810MB (cached 0MB) CPU [0%@729,0%@729,0%@729,0%@729,0%@729,0%@729] GR3D_FREQ 0% cpu@50.468C soc2@49.062C soc0@51.062C gpu@51.312C tj@51.312C soc1@50.687C VDD_IN 5480mW/5533mW VDD_CPU_GPU_CV 519mW/536mW VDD_SOC 2795mW/2816mW
08-04-2026 13:44:31 RAM 1470/7620MB (lfb 96x4MB) SWAP 0/3810MB (cached 0MB) CPU [1%@729,1%@729,0%@729,0%@729,0%@729,0%@729] GR3D_FREQ 0% cpu@50.531C soc2@49.062C soc0@50.968C gpu@51.25C tj@51.25C soc1@50.718C VDD_IN 5440mW/5532mW VDD_CPU_GPU_CV 479mW/536mW VDD_SOC 2795mW/2816mW
08-04-2026 13:44:32 RAM 1470/7620MB (lfb 96x4MB) SWAP 0/3810MB (cached 0MB) CPU [0%@729,0%@729,0%@729,0%@729,0%@729,0%@729] GR3D_FREQ 0% cpu@50.656C soc2@49.156C soc0@50.968C gpu@51.375C tj@51.375C soc1@50.812C VDD_IN 5440mW/5532mW VDD_CPU_GPU_CV 479mW/536mW VDD_SOC 2795mW/2816mW
08-04-2026 13:44:33 RAM 1470/7620MB (lfb 96x4MB) SWAP 0/3810MB (cached 0MB) CPU [1%@729,0%@729,0%@729,0%@729,0%@729,0%@729] GR3D_FREQ 0% cpu@50.5C soc2@49.125C soc0@50.968C gpu@51.437C tj@51.437C soc1@50.75C VDD_IN 5440mW/5532mW VDD_CPU_GPU_CV 479mW/536mW VDD_SOC 2795mW/2816mW
08-04-2026 13:44:34 RAM 1470/7620MB (lfb 96x4MB) SWAP 0/3810MB (cached 0MB) CPU [1%@729,0%@729,0%@729,0%@729,0%@729,0%@729] GR3D_FREQ 0% cpu@50.437C soc2@49.187C soc0@50.968C gpu@51.375C tj@51.375C soc1@50.843C VDD_IN 5440mW/5532mW VDD_CPU_GPU_CV 519mW/536mW VDD_SOC 2795mW/2816mW
08-04-2026 13:44:35 RAM 1470/7620MB (lfb 96x4MB) SWAP 0/3810MB (cached 0MB) CPU [0%@729,0%@729,1%@729,0%@729,0%@729,0%@729] GR3D_FREQ 0% cpu@50.468C soc2@49.093C soc0@51.031C gpu@51.468C tj@51.468C soc1@50.718C VDD_IN 5440mW/5532mW VDD_CPU_GPU_CV 479mW/536mW VDD_SOC 2795mW/2816mW
08-04-2026 13:44:36 RAM 1470/7620MB (lfb 96x4MB) SWAP 0/3810MB (cached 0MB) CPU [0%@729,0%@729,0%@729,0%@729,0%@729,0%@729] GR3D_FREQ 0% cpu@50.531C soc2@49C soc0@50.937C gpu@51.718C tj@51.718C soc1@50.718C VDD_IN 5480mW/5532mW VDD_CPU_GPU_CV 519mW/536mW VDD_SOC 2795mW/2816mW
08-04-2026 13:44:37 RAM 1470/7620MB (lfb 96x4MB) SWAP 0/3810MB (cached 0MB) CPU [0%@729,0%@729,0%@729,0%@729,0%@729,0%@729] GR3D_FREQ 0% cpu@50.75C soc2@49C soc0@50.875C gpu@51.75C tj@51.75C soc1@50.75C VDD_IN 5440mW/5532mW VDD_CPU_GPU_CV 479mW/536mW VDD_SOC 2795mW/2815mW
08-04-2026 13:44:38 RAM 1470/7620MB (lfb 96x4MB) SWAP 0/3810MB (cached 0MB) CPU [1%@729,0%@729,1%@729,0%@729,0%@729,0%@729] GR3D_FREQ 0% cpu@50.531C soc2@49.093C soc0@51C gpu@51.875C tj@51.875C soc1@50.781C VDD_IN 5440mW/5532mW VDD_CPU_GPU_CV 519mW/536mW VDD_SOC 2795mW/2815mW
08-04-2026 13:44:39 RAM 1470/7620MB (lfb 96x4MB) SWAP 0/3810MB (cached 0MB) CPU [0%@729,0%@729,1%@729,0%@729,0%@729,0%@729] GR3D_FREQ 0% cpu@50.375C soc2@49.093C soc0@51.093C gpu@51.281C tj@51.281C soc1@50.843C VDD_IN 5480mW/5532mW VDD_CPU_GPU_CV 519mW/536mW VDD_SOC 2795mW/2815mW
08-04-2026 13:44:40 RAM 1630/7620MB (lfb 96x4MB) SWAP 0/3810MB (cached 0MB) CPU [100%@1728,14%@1728,13%@1728,13%@1728,13%@1728,13%@1728] GR3D_FREQ 0% cpu@51.625C soc2@49.437C soc0@51.093C gpu@51.593C tj@51.625C soc1@50.718C VDD_IN 7600mW/5534mW VDD_CPU_GPU_CV 1757mW/538mW VDD_SOC 3274mW/2816mW
08-04-2026 13:44:41 RAM 1719/7620MB (lfb 96x4MB) SWAP 0/3810MB (cached 0MB) CPU [100%@1728,0%@1728,0%@1728,0%@1728,0%@729,0%@729] GR3D_FREQ 0% cpu@51.562C soc2@49.437C soc0@51C gpu@51.625C tj@51.625C soc1@50.812C VDD_IN 7440mW/5537mW VDD_CPU_GPU_CV 1557mW/539mW VDD_SOC 3274mW/2817mW
08-04-2026 13:44:43 RAM 1744/7620MB (lfb 96x4MB) SWAP 0/3810MB (cached 0MB) CPU [100%@1728,0%@1728,0%@1728,0%@1728,0%@729,0%@729] GR3D_FREQ 0% cpu@51.687C soc2@49.5C soc0@51.125C gpu@51.687C tj@51.687C soc1@50.968C VDD_IN 7400mW/5540mW VDD_CPU_GPU_CV 1557mW/540mW VDD_SOC 3274mW/2817mW
08-04-2026 13:44:44 RAM 1768/7620MB (lfb 96x4MB) SWAP 0/3810MB (cached 0MB) CPU [99%@1728,0%@1728,0%@1728,0%@1728,0%@729,0%@729] GR3D_FREQ 0% cpu@51.281C soc2@49.5C soc0@51.125C gpu@51.906C tj@51.906C soc1@50.968C VDD_IN 7440mW/5542mW VDD_CPU_GPU_CV 1397mW/542mW VDD_SOC 3354mW/2818mW
08-04-2026 13:44:45 RAM 1470/7620MB (lfb 96x4MB) SWAP 0/3810MB (cached 0MB) CPU [77%@729,1%@729,2%@729,1%@729,0%@729,0%@729] GR3D_FREQ 0% cpu@51.187C soc2@49.437C soc0@51.218C gpu@51.875C tj@51.875C soc1@51.187C VDD_IN 6640mW/5544mW VDD_CPU_GPU_CV 998mW/542mW VDD_SOC 3154mW/2819mW
08-04-2026 13:44:46 RAM 1470/7620MB (lfb 96x4MB) SWAP 0/3810MB (cached 0MB) CPU [1%@729,0%@729,0%@729,0%@729,0%@729,0%@729] GR3D_FREQ 0% cpu@50.625C soc2@49.437C soc0@51.25C gpu@51.687C tj@51.687C soc1@50.875C VDD_IN 5640mW/5544mW VDD_CPU_GPU_CV 559mW/542mW VDD_SOC 2835mW/2819mW
08-04-2026 13:44:47 RAM 1470/7620MB (lfb 96x4MB) SWAP 0/3810MB (cached 0MB) CPU [0%@729,0%@729,0%@729,0%@729,0%@729,0%@729] GR3D_FREQ 0% cpu@50.625C soc2@49.187C soc0@51.031C gpu@51.687C tj@51.687C soc1@50.906C VDD_IN 5480mW/5544mW VDD_CPU_GPU_CV 519mW/542mW VDD_SOC 2795mW/2819mW
08-04-2026 13:44:48 RAM 1470/7620MB (lfb 96x4MB) SWAP 0/3810MB (cached 0MB) CPU [1%@729,0%@729,0%@729,0%@729,0%@729,0%@729] GR3D_FREQ 0% cpu@50.875C soc2@49.218C soc0@51.156C gpu@51.718C tj@51.718C soc1@50.906C VDD_IN 5480mW/5544mW VDD_CPU_GPU_CV 519mW/542mW VDD_SOC 2795mW/2818mW
08-04-2026 13:44:49 RAM 1470/7620MB (lfb 96x4MB) SWAP 0/3810MB (cached 0MB) CPU [0%@729,0%@729,0%@729,0%@729,0%@729,0%@729] GR3D_FREQ 0% cpu@50.656C soc2@49.093C soc0@51.062C gpu@51.718C tj@51.718C soc1@50.968C VDD_IN 5440mW/5543mW VDD_CPU_GPU_CV 479mW/542mW VDD_SOC 2795mW/2818mW
08-04-2026 13:44:50 RAM 1470/7620MB (lfb 96x4MB) SWAP 0/3810MB (cached 0MB) CPU [0%@729,0%@729,0%@729,1%@729,0%@729,0%@729] GR3D_FREQ 0% cpu@50.625C soc2@49.25C soc0@51.218C gpu@51.468C tj@51.468C soc1@51C VDD_IN 5480mW/5543mW VDD_CPU_GPU_CV 519mW/542mW VDD_SOC 2795mW/2818mW
08-04-2026 13:44:51 RAM 1470/7620MB (lfb 96x4MB) SWAP 0/3810MB (cached 0MB) CPU [1%@729,0%@729,0%@729,1%@729,0%@729,0%@729] GR3D_FREQ 0% cpu@50.593C soc2@49.125C soc0@51.281C gpu@51.468C tj@51.468C soc1@50.812C VDD_IN 5480mW/5543mW VDD_CPU_GPU_CV 519mW/542mW VDD_SOC 2795mW/2818mW
08-04-2026 13:44:52 RAM 1470/7620MB (lfb 96x4MB) SWAP 0/3810MB (cached 0MB) CPU [0%@729,0%@729,0%@729,0%@729,0%@729,0%@729] GR3D_FREQ 0% cpu@50.593C soc2@49.218C soc0@51.156C gpu@51.5C tj@51.5C soc1@50.875C VDD_IN 5440mW/5543mW VDD_CPU_GPU_CV 479mW/542mW VDD_SOC 2795mW/2818mW
08-04-2026 13:44:53 RAM 1470/7620MB (lfb 96x4MB) SWAP 0/3810MB (cached 0MB) CPU [0%@729,0%@729,0%@729,0%@729,0%@729,0%@729] GR3D_FREQ 0% cpu@50.843C soc2@49.156C soc0@51.125C gpu@51.5C tj@51.5C soc1@50.906C VDD_IN 5480mW/5543mW VDD_CPU_GPU_CV 519mW/542mW VDD_SOC 2795mW/2818mW
08-04-2026 13:44:54 RAM 1470/7620MB (lfb 96x4MB) SWAP 0/3810MB (cached 0MB) CPU [0%@729,1%@729,0%@729,0%@729,0%@729,0%@729] GR3D_FREQ 0% cpu@50.531C soc2@49.218C soc0@51.062C gpu@51.562C tj@51.562C soc1@50.968C VDD_IN 5440mW/5543mW VDD_CPU_GPU_CV 479mW/542mW VDD_SOC 2795mW/2818mW
08-04-2026 13:44:55 RAM 1470/7620MB (lfb 96x4MB) SWAP 0/3810MB (cached 0MB) CPU [0%@729,1%@729,0%@729,0%@729,0%@729,0%@729] GR3D_FREQ 0% cpu@50.468C soc2@49.281C soc0@51.187C gpu@51.5C tj@51.5C soc1@50.968C VDD_IN 5440mW/5543mW VDD_CPU_GPU_CV 479mW/542mW VDD_SOC 2795mW/2818mW
08-04-2026 13:44:56 RAM 1470/7620MB (lfb 96x4MB) SWAP 0/3810MB (cached 0MB) CPU [0%@729,1%@729,0%@729,0%@729,0%@729,0%@729] GR3D_FREQ 0% cpu@50.593C soc2@49.125C soc0@51.25C gpu@51.718C tj@51.718C soc1@50.875C VDD_IN 5440mW/5543mW VDD_CPU_GPU_CV 479mW/542mW VDD_SOC 2795mW/2818mW
08-04-2026 13:44:57 RAM 1470/7620MB (lfb 96x4MB) SWAP 0/3810MB (cached 0MB) CPU [1%@729,0%@729,0%@729,0%@729,0%@729,0%@729] GR3D_FREQ 0% cpu@50.625C soc2@49.187C soc0@51.125C gpu@51.75C tj@51.75C soc1@50.906C VDD_IN 5440mW/5543mW VDD_CPU_GPU_CV 479mW/541mW VDD_SOC 2795mW/2818mW
08-04-2026 13:44:58 RAM 1470/7620MB (lfb 96x4MB) SWAP 0/3810MB (cached 0MB) CPU [0%@729,0%@729,0%@729,0%@729,0%@729,0%@729] GR3D_FREQ 0% cpu@50.812C soc2@49.125C soc0@50.968C gpu@51.687C tj@51.687C soc1@50.843C VDD_IN 5440mW/5542mW VDD_CPU_GPU_CV 479mW/541mW VDD_SOC 2795mW/2818mW
08-04-2026 13:44:59 RAM 1470/7620MB (lfb 96x4MB) SWAP 0/3810MB (cached 0MB) CPU [1%@729,0%@729,0%@729,1%@729,0%@729,0%@729] GR3D_FREQ 0% cpu@50.531C soc2@49.187C soc0@51C gpu@51.843C tj@51.843C soc1@50.937C VDD_IN 5440mW/5542mW VDD_CPU_GPU_CV 479mW/541mW VDD_SOC 2795mW/2818mW
08-04-2026 13:45:00 RAM 1470/7620MB (lfb 96x4MB) SWAP 0/3810MB (cached 0MB) CPU [1%@729,0%@729,0%@729,0%@729,0%@729,0%@729] GR3D_FREQ 0% cpu@50.531C soc2@49.281C soc0@51.125C gpu@51.875C tj@51.875C soc1@50.906C VDD_IN 5440mW/5542mW VDD_CPU_GPU_CV 479mW/541mW VDD_SOC 2795mW/2818mW
08-04-2026 13:45:01 RAM 1470/7620MB (lfb 96x4MB) SWAP 0/3810MB (cached 0MB) CPU [1%@729,0%@729,0%@729,0%@729,0%@729,0%@729] GR3D_FREQ 0% cpu@50.468C soc2@49.156C soc0@51.062C gpu@51.875C tj@51.875C soc1@50.875C VDD_IN 5440mW/5542mW VDD_CPU_GPU_CV 479mW/541mW VDD_SOC 2795mW/2818mW
08-04-2026 13:45:02 RAM 1470/7620MB (lfb 96x4MB) SWAP 0/3810MB (cached 0MB) CPU [0%@729,0%@729,0%@729,0%@729,0%@729,0%@729] GR3D_FREQ 0% cpu@50.593C soc2@49.125C soc0@51.062C gpu@51.531C tj@51.531C soc1@50.843C VDD_IN 5440mW/5542mW VDD_CPU_GPU_CV 479mW/541mW VDD_SOC 2795mW/2818mW
08-04-2026 13:45:03 RAM 1470/7620MB (lfb 96x4MB) SWAP 0/3810MB (cached 0MB) CPU [0%@729,0%@729,0%@729,0%@729,0%@729,0%@729] GR3D_FREQ 0% cpu@50.718C soc2@49.187C soc0@51.093C gpu@51.625C tj@51.625C soc1@50.843C VDD_IN 5480mW/5542mW VDD_CPU_GPU_CV 519mW/541mW VDD_SOC 2795mW/2818mW
08-04-2026 13:45:04 RAM 1470/7620MB (lfb 96x4MB) SWAP 0/3810MB (cached 0MB) CPU [0%@729,0%@729,0%@729,0%@729,0%@729,0%@729] GR3D_FREQ 0% cpu@50.531C soc2@49.187C soc0@51.093C gpu@51.656C tj@51.656C soc1@50.875C VDD_IN 5440mW/5542mW VDD_CPU_GPU_CV 479mW/541mW VDD_SOC 2795mW/2818mW
08-04-2026 13:45:05 RAM 1470/7620MB (lfb 96x4MB) SWAP 0/3810MB (cached 0MB) CPU [0%@729,0%@729,0%@729,0%@729,0%@729,0%@729] GR3D_FREQ 0% cpu@50.656C soc2@49.281C soc0@51.125C gpu@51.562C tj@51.562C soc1@50.687C VDD_IN 5440mW/5541mW VDD_CPU_GPU_CV 479mW/541mW VDD_SOC 2795mW/2818mW
08-04-2026 13:45:06 RAM 1470/7620MB (lfb 96x4MB) SWAP 0/3810MB (cached 0MB) CPU [1%@729,0%@729,1%@729,0%@729,0%@729,0%@729] GR3D_FREQ 0% cpu@50.718C soc2@49.156C soc0@50.968C gpu@51.312C tj@51.312C soc1@50.781C VDD_IN 5440mW/5541mW VDD_CPU_GPU_CV 479mW/541mW VDD_SOC 2795mW/2818mW
08-04-2026 13:45:07 RAM 1470/7620MB (lfb 96x4MB) SWAP 0/3810MB (cached 0MB) CPU [0%@729,0%@729,0%@729,0%@729,0%@729,0%@729] GR3D_FREQ 0% cpu@50.562C soc2@49.093C soc0@51.093C gpu@51.437C tj@51.437C soc1@50.875C VDD_IN 5440mW/5541mW VDD_CPU_GPU_CV 479mW/541mW VDD_SOC 2795mW/2818mW
08-04-2026 13:45:08 RAM 1470/7620MB (lfb 96x4MB) SWAP 0/3810MB (cached 0MB) CPU [0%@729,0%@729,0%@729,0%@729,0%@729,0%@729] GR3D_FREQ 0% cpu@50.75C soc2@49.25C soc0@51C gpu@51.437C tj@51.437C soc1@50.906C VDD_IN 5480mW/5541mW VDD_CPU_GPU_CV 479mW/541mW VDD_SOC 2795mW/2818mW
08-04-2026 13:45:09 RAM 1470/7620MB (lfb 96x4MB) SWAP 0/3810MB (cached 0MB) CPU [0%@729,0%@729,0%@729,1%@729,0%@729,0%@729] GR3D_FREQ 0% cpu@50.531C soc2@49.187C soc0@51.156C gpu@51.437C tj@51.437C soc1@50.968C VDD_IN 5440mW/5541mW VDD_CPU_GPU_CV 479mW/541mW VDD_SOC 2795mW/2818mW
08-04-2026 13:45:10 RAM 1470/7620MB (lfb 96x4MB) SWAP 0/3810MB (cached 0MB) CPU [0%@729,0%@729,0%@729,0%@729,0%@729,0%@729] GR3D_FREQ 0% cpu@50.562C soc2@49.125C soc0@51.125C gpu@51.406C tj@51.406C soc1@50.812C VDD_IN 5440mW/5541mW VDD_CPU_GPU_CV 479mW/540mW VDD_SOC 2795mW/2818mW
08-04-2026 13:45:11 RAM 1470/7620MB (lfb 96x4MB) SWAP 0/3810MB (cached 0MB) CPU [1%@729,0%@729,0%@729,0%@729,0%@729,0%@729] GR3D_FREQ 0% cpu@50.75C soc2@49.062C soc0@50.906C gpu@51.625C tj@51.625C soc1@50.843C VDD_IN 5440mW/5541mW VDD_CPU_GPU_CV 479mW/540mW VDD_SOC 2795mW/2818mW
08-04-2026 13:45:12 RAM 1470/7620MB (lfb 96x4MB) SWAP 0/3810MB (cached 0MB) CPU [0%@729,0%@729,1%@729,0%@729,0%@729,0%@729] GR3D_FREQ 0% cpu@50.468C soc2@49.156C soc0@51.062C gpu@51.687C tj@51.687C soc1@50.843C VDD_IN 5440mW/5541mW VDD_CPU_GPU_CV 479mW/540mW VDD_SOC 2795mW/2818mW
08-04-2026 13:45:13 RAM 1470/7620MB (lfb 96x4MB) SWAP 0/3810MB (cached 0MB) CPU [0%@729,0%@729,0%@729,0%@729,0%@729,0%@729] GR3D_FREQ 0% cpu@50.781C soc2@49.125C soc0@50.968C gpu@51.687C tj@51.687C soc1@50.937C VDD_IN 5560mW/5541mW VDD_CPU_GPU_CV 519mW/540mW VDD_SOC 2835mW/2818mW
08-04-2026 13:45:14 RAM 1470/7620MB (lfb 96x4MB) SWAP 0/3810MB (cached 0MB) CPU [0%@729,0%@729,0%@729,1%@729,0%@729,0%@729] GR3D_FREQ 0% cpu@50.5C soc2@49.25C soc0@51C gpu@51.593C tj@51.593C soc1@50.968C VDD_IN 5480mW/5541mW VDD_CPU_GPU_CV 519mW/540mW VDD_SOC 2795mW/2818mW
08-04-2026 13:45:15 RAM 1470/7620MB (lfb 96x4MB) SWAP 0/3810MB (cached 0MB) CPU [0%@729,0%@729,0%@729,1%@729,0%@729,0%@729] GR3D_FREQ 0% cpu@50.562C soc2@49.062C soc0@51.156C gpu@51.656C tj@51.656C soc1@50.718C VDD_IN 5440mW/5540mW VDD_CPU_GPU_CV 479mW/540mW VDD_SOC 2795mW/2818mW
08-04-2026 13:45:16 RAM 1470/7620MB (lfb 96x4MB) SWAP 0/3810MB (cached 0MB) CPU [0%@729,0%@729,0%@729,1%@729,0%@729,0%@729] GR3D_FREQ 0% cpu@50.656C soc2@49.125C soc0@51.031C gpu@51.437C tj@51.437C soc1@50.812C VDD_IN 5440mW/5540mW VDD_CPU_GPU_CV 479mW/540mW VDD_SOC 2795mW/2818mW
08-04-2026 13:45:17 RAM 1470/7620MB (lfb 96x4MB) SWAP 0/3810MB (cached 0MB) CPU [0%@729,0%@729,0%@729,0%@729,0%@729,0%@729] GR3D_FREQ 0% cpu@50.906C soc2@49.218C soc0@51C gpu@51.406C tj@51.406C soc1@50.75C VDD_IN 5431mW/5540mW VDD_CPU_GPU_CV 519mW/540mW VDD_SOC 2795mW/2818mW
08-04-2026 13:45:18 RAM 1470/7620MB (lfb 96x4MB) SWAP 0/3810MB (cached 0MB) CPU [0%@729,1%@729,1%@729,1%@729,0%@729,0%@729] GR3D_FREQ 0% cpu@50.687C soc2@49.187C soc0@51.031C gpu@51.5C tj@51.5C soc1@50.812C VDD_IN 5471mW/5540mW VDD_CPU_GPU_CV 479mW/540mW VDD_SOC 2795mW/2818mW
08-04-2026 13:45:19 RAM 1470/7620MB (lfb 96x4MB) SWAP 0/3810MB (cached 0MB) CPU [0%@729,0%@729,0%@729,0%@729,0%@729,0%@729] GR3D_FREQ 0% cpu@50.468C soc2@49.218C soc0@51C gpu@51.5C tj@51.5C soc1@50.687C VDD_IN 5480mW/5540mW VDD_CPU_GPU_CV 479mW/540mW VDD_SOC 2795mW/2818mW
08-04-2026 13:45:20 RAM 1470/7620MB (lfb 96x4MB) SWAP 0/3810MB (cached 0MB) CPU [0%@729,0%@729,0%@729,0%@729,0%@729,0%@729] GR3D_FREQ 0% cpu@50.593C soc2@49.093C soc0@51.218C gpu@51.468C tj@51.468C soc1@50.781C VDD_IN 5440mW/5540mW VDD_CPU_GPU_CV 519mW/540mW VDD_SOC 2795mW/2818mW
08-04-2026 13:45:21 RAM 1470/7620MB (lfb 96x4MB) SWAP 0/3810MB (cached 0MB) CPU [1%@729,0%@729,0%@729,0%@729,0%@729,0%@729] GR3D_FREQ 0% cpu@50.625C soc2@49.093C soc0@51.062C gpu@51.531C tj@51.531C soc1@50.843C VDD_IN 5471mW/5540mW VDD_CPU_GPU_CV 519mW/540mW VDD_SOC 2795mW/2818mW
08-04-2026 13:45:22 RAM 1470/7620MB (lfb 96x4MB) SWAP 0/3810MB (cached 0MB) CPU [0%@729,0%@729,0%@729,1%@729,0%@729,0%@729] GR3D_FREQ 0% cpu@50.875C soc2@49.125C soc0@51C gpu@51.75C tj@51.75C soc1@50.812C VDD_IN 5440mW/5540mW VDD_CPU_GPU_CV 479mW/540mW VDD_SOC 2795mW/2817mW
08-04-2026 13:45:23 RAM 1470/7620MB (lfb 96x4MB) SWAP 0/3810MB (cached 0MB) CPU [0%@729,0%@729,0%@729,0%@729,0%@729,0%@729] GR3D_FREQ 0% cpu@50.625C soc2@49.187C soc0@51.031C gpu@51.781C tj@51.781C soc1@50.843C VDD_IN 5480mW/5540mW VDD_CPU_GPU_CV 519mW/540mW VDD_SOC 2795mW/2817mW
08-04-2026 13:45:24 RAM 1470/7620MB (lfb 96x4MB) SWAP 0/3810MB (cached 0MB) CPU [1%@729,0%@729,1%@729,0%@729,0%@729,0%@729] GR3D_FREQ 0% cpu@50.468C soc2@49.125C soc0@51.062C gpu@51.75C tj@51.75C soc1@50.812C VDD_IN 5480mW/5539mW VDD_CPU_GPU_CV 479mW/540mW VDD_SOC 2795mW/2817mW
08-04-2026 13:45:25 RAM 1470/7620MB (lfb 96x4MB) SWAP 0/3810MB (cached 0MB) CPU [0%@729,0%@729,0%@729,0%@729,0%@729,0%@729] GR3D_FREQ 0% cpu@50.531C soc2@49.062C soc0@51.187C gpu@51.75C tj@51.75C soc1@50.718C VDD_IN 5440mW/5539mW VDD_CPU_GPU_CV 479mW/540mW VDD_SOC 2795mW/2817mW
08-04-2026 13:45:26 RAM 1470/7620MB (lfb 96x4MB) SWAP 0/3810MB (cached 0MB) CPU [0%@729,0%@729,0%@729,0%@729,0%@729,0%@729] GR3D_FREQ 0% cpu@50.656C soc2@49.125C soc0@50.937C gpu@51.906C tj@51.906C soc1@50.843C VDD_IN 5440mW/5539mW VDD_CPU_GPU_CV 479mW/539mW VDD_SOC 2795mW/2817mW
08-04-2026 13:45:27 RAM 1470/7620MB (lfb 96x4MB) SWAP 0/3810MB (cached 0MB) CPU [1%@729,0%@729,1%@729,0%@729,0%@729,0%@729] GR3D_FREQ 0% cpu@50.875C soc2@49.156C soc0@51.031C gpu@51.5C tj@51.5C soc1@50.812C VDD_IN 5440mW/5539mW VDD_CPU_GPU_CV 479mW/539mW VDD_SOC 2795mW/2817mW
08-04-2026 13:45:28 RAM 1470/7620MB (lfb 96x4MB) SWAP 0/3810MB (cached 0MB) CPU [0%@729,0%@729,0%@729,0%@729,0%@729,0%@729] GR3D_FREQ 0% cpu@50.531C soc2@49.062C soc0@51.062C gpu@51.5C tj@51.5C soc1@50.906C VDD_IN 5440mW/5539mW VDD_CPU_GPU_CV 479mW/539mW VDD_SOC 2795mW/2817mW
08-04-2026 13:45:29 RAM 1470/7620MB (lfb 96x4MB) SWAP 0/3810MB (cached 0MB) CPU [0%@729,0%@729,0%@729,0%@729,0%@729,0%@729] GR3D_FREQ 0% cpu@50.656C soc2@49.093C soc0@51.062C gpu@51.531C tj@51.531C soc1@50.781C VDD_IN 5471mW/5539mW VDD_CPU_GPU_CV 519mW/539mW VDD_SOC 2795mW/2817mW
08-04-2026 13:45:30 RAM 1470/7620MB (lfb 96x4MB) SWAP 0/3810MB (cached 0MB) CPU [1%@729,0%@729,0%@729,0%@729,0%@729,0%@729] GR3D_FREQ 0% cpu@50.531C soc2@49.156C soc0@51.125C gpu@51.5C tj@51.5C soc1@50.843C VDD_IN 5480mW/5539mW VDD_CPU_GPU_CV 479mW/539mW VDD_SOC 2795mW/2817mW
08-04-2026 13:45:31 RAM 1470/7620MB (lfb 96x4MB) SWAP 0/3810MB (cached 0MB) CPU [0%@729,0%@729,0%@729,1%@729,0%@729,0%@729] GR3D_FREQ 0% cpu@50.531C soc2@49.156C soc0@51.031C gpu@51.531C tj@51.531C soc1@50.75C VDD_IN 5480mW/5539mW VDD_CPU_GPU_CV 519mW/539mW VDD_SOC 2795mW/2817mW
08-04-2026 13:45:32 RAM 1470/7620MB (lfb 96x4MB) SWAP 0/3810MB (cached 0MB) CPU [0%@729,0%@729,0%@729,0%@729,0%@729,0%@729] GR3D_FREQ 0% cpu@50.812C soc2@49.093C soc0@50.937C gpu@51.593C tj@51.593C soc1@50.906C VDD_IN 5480mW/5539mW VDD_CPU_GPU_CV 519mW/539mW VDD_SOC 2795mW/2817mW
08-04-2026 13:45:33 RAM 1470/7620MB (lfb 96x4MB) SWAP 0/3810MB (cached 0MB) CPU [0%@729,0%@729,0%@729,1%@729,0%@729,0%@729] GR3D_FREQ 0% cpu@50.531C soc2@49.156C soc0@51.093C gpu@51.343C tj@51.343C soc1@50.906C VDD_IN 5440mW/5538mW VDD_CPU_GPU_CV 479mW/539mW VDD_SOC 2795mW/2817mW
08-04-2026 13:45:34 RAM 1470/7620MB (lfb 96x4MB) SWAP 0/3810MB (cached 0MB) CPU [0%@729,0%@729,0%@729,1%@729,0%@729,0%@729] GR3D_FREQ 0% cpu@50.593C soc2@49.031C soc0@51.093C gpu@51.375C tj@51.375C soc1@50.718C VDD_IN 5480mW/5538mW VDD_CPU_GPU_CV 479mW/539mW VDD_SOC 2795mW/2817mW
08-04-2026 13:45:35 RAM 1470/7620MB (lfb 96x4MB) SWAP 0/3810MB (cached 0MB) CPU [0%@729,0%@729,0%@729,1%@729,0%@729,0%@729] GR3D_FREQ 0% cpu@50.468C soc2@49.093C soc0@51.125C gpu@51.437C tj@51.437C soc1@50.656C VDD_IN 5440mW/5538mW VDD_CPU_GPU_CV 479mW/539mW VDD_SOC 2795mW/2817mW
08-04-2026 13:45:36 RAM 1470/7620MB (lfb 96x4MB) SWAP 0/3810MB (cached 0MB) CPU [0%@729,0%@729,0%@729,2%@729,0%@729,0%@729] GR3D_FREQ 0% cpu@50.562C soc2@49.156C soc0@51C gpu@51.343C tj@51.343C soc1@50.781C VDD_IN 5471mW/5538mW VDD_CPU_GPU_CV 479mW/539mW VDD_SOC 2795mW/2817mW
08-04-2026 13:45:37 RAM 1470/7620MB (lfb 96x4MB) SWAP 0/3810MB (cached 0MB) CPU [0%@729,0%@729,0%@729,0%@729,0%@729,0%@729] GR3D_FREQ 0% cpu@50.812C soc2@49.093C soc0@51.031C gpu@51.5C tj@51.5C soc1@50.812C VDD_IN 5471mW/5538mW VDD_CPU_GPU_CV 479mW/539mW VDD_SOC 2795mW/2817mW
08-04-2026 13:45:38 RAM 1470/7620MB (lfb 96x4MB) SWAP 0/3810MB (cached 0MB) CPU [0%@729,0%@729,0%@729,1%@729,0%@729,0%@729] GR3D_FREQ 0% cpu@50.468C soc2@49.156C soc0@51.031C gpu@51.375C tj@51.656C soc1@50.812C VDD_IN 5480mW/5538mW VDD_CPU_GPU_CV 519mW/539mW VDD_SOC 2795mW/2817mW
08-04-2026 13:45:39 RAM 1470/7620MB (lfb 96x4MB) SWAP 0/3810MB (cached 0MB) CPU [0%@729,0%@729,0%@729,1%@729,0%@729,0%@729] GR3D_FREQ 0% cpu@50.5C soc2@49C soc0@51.062C gpu@51.656C tj@51.656C soc1@50.843C VDD_IN 5480mW/5538mW VDD_CPU_GPU_CV 519mW/539mW VDD_SOC 2795mW/2817mW
08-04-2026 13:45:40 RAM 1470/7620MB (lfb 96x4MB) SWAP 0/3810MB (cached 0MB) CPU [0%@729,0%@729,0%@729,0%@729,0%@729,0%@729] GR3D_FREQ 0% cpu@50.75C soc2@49.125C soc0@50.968C gpu@51.687C tj@51.687C soc1@50.812C VDD_IN 5440mW/5538mW VDD_CPU_GPU_CV 479mW/539mW VDD_SOC 2795mW/2817mW
08-04-2026 13:45:41 RAM 1470/7620MB (lfb 96x4MB) SWAP 0/3810MB (cached 0MB) CPU [0%@729,0%@729,0%@729,1%@729,0%@729,0%@729] GR3D_FREQ 0% cpu@50.562C soc2@49.062C soc0@50.968C gpu@51.625C tj@51.625C soc1@50.781C VDD_IN 5480mW/5538mW VDD_CPU_GPU_CV 519mW/539mW VDD_SOC 2795mW/2817mW
08-04-2026 13:45:42 RAM 1470/7620MB (lfb 96x4MB) SWAP 0/3810MB (cached 0MB) CPU [1%@729,0%@729,0%@729,2%@729,0%@729,0%@729] GR3D_FREQ 0% cpu@50.843C soc2@49.125C soc0@51.062C gpu@51.718C tj@51.718C soc1@50.843C VDD_IN 5480mW/5538mW VDD_CPU_GPU_CV 479mW/539mW VDD_SOC 2795mW/2817mW
08-04-2026 13:45:43 RAM 1470/7620MB (lfb 96x4MB) SWAP 0/3810MB (cached 0MB) CPU [0%@729,0%@729,0%@729,0%@729,0%@729,0%@729] GR3D_FREQ 0% cpu@50.5C soc2@49.218C soc0@51.062C gpu@51.687C tj@51.687C soc1@50.937C VDD_IN 5480mW/5538mW VDD_CPU_GPU_CV 519mW/539mW VDD_SOC 2795mW/2817mW
08-04-2026 13:45:44 RAM 1470/7620MB (lfb 96x4MB) SWAP 0/3810MB (cached 0MB) CPU [1%@729,0%@729,0%@729,1%@729,0%@729,0%@729] GR3D_FREQ 0% cpu@50.562C soc2@49C soc0@51.062C gpu@51.75C tj@51.437C soc1@50.75C VDD_IN 5480mW/5538mW VDD_CPU_GPU_CV 519mW/539mW VDD_SOC 2795mW/2817mW
08-04-2026 13:45:45 RAM 1470/7620MB (lfb 96x4MB) SWAP 0/3810MB (cached 0MB) CPU [0%@729,0%@729,0%@729,1%@729,0%@729,0%@729] GR3D_FREQ 0% cpu@50.625C soc2@49.125C soc0@51C gpu@51.437C tj@51.437C soc1@50.781C VDD_IN 5471mW/5537mW VDD_CPU_GPU_CV 479mW/538mW VDD_SOC 2795mW/2817mW
08-04-2026 13:45:46 RAM 1470/7620MB (lfb 96x4MB) SWAP 0/3810MB (cached 0MB) CPU [0%@729,0%@729,0%@729,0%@729,0%@729,0%@729] GR3D_FREQ 0% cpu@50.625C soc2@49.125C soc0@50.968C gpu@51.437C tj@51.437C soc1@50.906C VDD_IN 5480mW/5537mW VDD_CPU_GPU_CV 519mW/538mW VDD_SOC 2795mW/2817mW
08-04-2026 13:45:47 RAM 1470/7620MB (lfb 96x4MB) SWAP 0/3810MB (cached 0MB) CPU [0%@729,0%@729,0%@729,1%@729,0%@729,0%@729] GR3D_FREQ 0% cpu@50.75C soc2@49.125C soc0@51C gpu@51.343C tj@51.343C soc1@50.843C VDD_IN 5480mW/5537mW VDD_CPU_GPU_CV 519mW/538mW VDD_SOC 2795mW/2817mW
08-04-2026 13:45:48 RAM 1470/7620MB (lfb 96x4MB) SWAP 0/3810MB (cached 0MB) CPU [0%@729,0%@729,0%@729,0%@729,0%@729,0%@729] GR3D_FREQ 0% cpu@50.468C soc2@49.218C soc0@51.031C gpu@51.468C tj@51.468C soc1@50.937C VDD_IN 5480mW/5537mW VDD_CPU_GPU_CV 519mW/538mW VDD_SOC 2795mW/2817mW
08-04-2026 13:45:49 RAM 1470/7620MB (lfb 96x4MB) SWAP 0/3810MB (cached 0MB) CPU [0%@729,0%@729,0%@729,0%@729,0%@729,0%@729] GR3D_FREQ 0% cpu@50.531C soc2@49.031C soc0@51.062C gpu@51.437C tj@51.437C soc1@50.718C VDD_IN 5480mW/5537mW VDD_CPU_GPU_CV 519mW/538mW VDD_SOC 2795mW/2817mW
08-04-2026 13:45:50 RAM 1470/7620MB (lfb 96x4MB) SWAP 0/3810MB (cached 0MB) CPU [0%@729,0%@729,0%@729,1%@729,0%@729,0%@729] GR3D_FREQ 0% cpu@50.687C soc2@49.125C soc0@50.968C gpu@51.781C tj@51.781C soc1@50.75C VDD_IN 5480mW/5537mW VDD_CPU_GPU_CV 519mW/538mW VDD_SOC 2795mW/2817mW
08-04-2026 13:45:51 RAM 1470/7620MB (lfb 96x4MB) SWAP 0/3810MB (cached 0MB) CPU [0%@729,0%@729,0%@729,0%@729,0%@729,0%@729] GR3D_FREQ 0% cpu@50.468C soc2@49.093C soc0@51C gpu@51.843C tj@51.843C soc1@50.781C VDD_IN 5480mW/5537mW VDD_CPU_GPU_CV 519mW/538mW VDD_SOC 2795mW/2817mW
08-04-2026 13:45:52 RAM 1470/7620MB (lfb 96x4MB) SWAP 0/3810MB (cached 0MB) CPU [0%@729,0%@729,0%@729,0%@729,0%@729,0%@729] GR3D_FREQ 0% cpu@50.718C soc2@49.093C soc0@51C gpu@51.281C tj@51.281C soc1@50.843C VDD_IN 5440mW/5537mW VDD_CPU_GPU_CV 479mW/538mW VDD_SOC 2795mW/2817mW
08-04-2026 13:45:53 RAM 1470/7620MB (lfb 96x4MB) SWAP 0/3810MB (cached 0MB) CPU [0%@729,0%@729,0%@729,0%@729,0%@729,0%@729] GR3D_FREQ 0% cpu@50.468C soc2@49.093C soc0@51.062C gpu@51.375C tj@51.375C soc1@50.656C VDD_IN 5440mW/5537mW VDD_CPU_GPU_CV 479mW/538mW VDD_SOC 2795mW/2817mW
08-04-2026 13:45:54 RAM 1470/7620MB (lfb 96x4MB) SWAP 0/3810MB (cached 0MB) CPU [0%@729,0%@729,1%@729,0%@729,0%@729,0%@729] GR3D_FREQ 0% cpu@50.593C soc2@49.062C soc0@51.062C gpu@51.312C tj@51.312C soc1@50.75C VDD_IN 5431mW/5537mW VDD_CPU_GPU_CV 479mW/538mW VDD_SOC 2795mW/2817mW
08-04-2026 13:45:55 RAM 1470/7620MB (lfb 96x4MB) SWAP 0/3810MB (cached 0MB) CPU [0%@729,0%@729,1%@729,0%@729,0%@729,0%@729] GR3D_FREQ 0% cpu@50.625C soc2@49.062C soc0@50.968C gpu@51.343C tj@51.343C soc1@50.781C VDD_IN 5480mW/5537mW VDD_CPU_GPU_CV 479mW/538mW VDD_SOC 2795mW/2817mW
08-04-2026 13:45:56 RAM 1470/7620MB (lfb 96x4MB) SWAP 0/3810MB (cached 0MB) CPU [0%@729,0%@729,1%@729,0%@729,0%@729,0%@729] GR3D_FREQ 0% cpu@50.531C soc2@49.156C soc0@50.906C gpu@51.437C tj@51.437C soc1@50.75C VDD_IN 5480mW/5537mW VDD_CPU_GPU_CV 479mW/538mW VDD_SOC 2795mW/2817mW
08-04-2026 13:45:57 RAM 1470/7620MB (lfb 96x4MB) SWAP 0/3810MB (cached 0MB) CPU [0%@729,0%@729,1%@729,0%@729,0%@729,0%@729] GR3D_FREQ 0% cpu@50.781C soc2@49.125C soc0@51C gpu@51.5C tj@51.5C soc1@50.781C VDD_IN 5440mW/5536mW VDD_CPU_GPU_CV 479mW/538mW VDD_SOC 2795mW/2817mW
08-04-2026 13:45:58 RAM 1470/7620MB (lfb 96x4MB) SWAP 0/3810MB (cached 0MB) CPU [0%@729,0%@729,0%@729,0%@729,0%@729,0%@729] GR3D_FREQ 0% cpu@50.468C soc2@49.093C soc0@51.031C gpu@51.593C tj@51.593C soc1@50.718C VDD_IN 5480mW/5536mW VDD_CPU_GPU_CV 519mW/538mW VDD_SOC 2795mW/2816mW
08-04-2026 13:45:59 RAM 1470/7620MB (lfb 96x4MB) SWAP 0/3810MB (cached 0MB) CPU [0%@729,0%@729,0%@729,0%@729,0%@729,0%@729] GR3D_FREQ 0% cpu@50.531C soc2@49.093C soc0@51.156C gpu@51.656C tj@51.656C soc1@50.781C VDD_IN 5440mW/5536mW VDD_CPU_GPU_CV 479mW/538mW VDD_SOC 2795mW/2816mW
08-04-2026 13:46:00 RAM 1470/7620MB (lfb 96x4MB) SWAP 0/3810MB (cached 0MB) CPU [0%@729,0%@729,1%@729,0%@729,0%@729,0%@729] GR3D_FREQ 0% cpu@50.718C soc2@49.031C soc0@50.937C gpu@51.687C tj@51.687C soc1@50.75C VDD_IN 5431mW/5536mW VDD_CPU_GPU_CV 479mW/538mW VDD_SOC 2795mW/2816mW
08-04-2026 13:46:01 RAM 1470/7620MB (lfb 96x4MB) SWAP 0/3810MB (cached 0MB) CPU [1%@729,0%@729,0%@729,0%@729,0%@729,0%@729] GR3D_FREQ 0% cpu@50.625C soc2@49.125C soc0@50.968C gpu@51.593C tj@51.593C soc1@50.812C VDD_IN 5520mW/5536mW VDD_CPU_GPU_CV 519mW/538mW VDD_SOC 2835mW/2816mW
08-04-2026 13:46:02 RAM 1470/7620MB (lfb 96x4MB) SWAP 0/3810MB (cached 0MB) CPU [0%@729,0%@729,1%@729,0%@729,0%@729,0%@729] GR3D_FREQ 0% cpu@50.687C soc2@49.093C soc0@51C gpu@51.5C tj@51.5C soc1@50.937C VDD_IN 5480mW/5536mW VDD_CPU_GPU_CV 519mW/538mW VDD_SOC 2795mW/2816mW
08-04-2026 13:46:03 RAM 1470/7620MB (lfb 96x4MB) SWAP 0/3810MB (cached 0MB) CPU [0%@729,0%@729,1%@729,0%@729,0%@729,0%@729] GR3D_FREQ 0% cpu@50.437C soc2@49.187C soc0@51.093C gpu@51.406C tj@51.406C soc1@50.687C VDD_IN 5471mW/5536mW VDD_CPU_GPU_CV 519mW/538mW VDD_SOC 2795mW/2816mW
08-04-2026 13:46:04 RAM 1470/7620MB (lfb 96x4MB) SWAP 0/3810MB (cached 0MB) CPU [0%@729,0%@729,0%@729,0%@729,0%@729,0%@729] GR3D_FREQ 0% cpu@50.468C soc2@49.062C soc0@51.187C gpu@51.406C tj@51.406C soc1@50.656C VDD_IN 5431mW/5536mW VDD_CPU_GPU_CV 479mW/538mW VDD_SOC 2795mW/2816mW
08-04-2026 13:46:05 RAM 1470/7620MB (lfb 96x4MB) SWAP 0/3810MB (cached 0MB) CPU [0%@729,0%@729,0%@729,1%@729,0%@729,0%@729] GR3D_FREQ 0% cpu@50.718C soc2@49.062C soc0@50.968C gpu@51.437C tj@51.437C soc1@50.718C VDD_IN 5431mW/5536mW VDD_CPU_GPU_CV 479mW/537mW VDD_SOC 2795mW/2816mW
08-04-2026 13:46:06 RAM 1470/7620MB (lfb 96x4MB) SWAP 0/3810MB (cached 0MB) CPU [0%@729,0%@729,0%@729,1%@729,0%@729,0%@729] GR3D_FREQ 0% cpu@50.468C soc2@49.031C soc0@50.968C gpu@51.343C tj@51.343C soc1@50.718C VDD_IN 5480mW/5536mW VDD_CPU_GPU_CV 479mW/537mW VDD_SOC 2795mW/2816mW
08-04-2026 13:46:07 RAM 1470/7620MB (lfb 96x4MB) SWAP 0/3810MB (cached 0MB) CPU [0%@729,0%@729,0%@729,1%@729,0%@729,0%@729] GR3D_FREQ 0% cpu@50.718C soc2@49.093C soc0@51.093C gpu@51.437C tj@51.437C soc1@50.875C VDD_IN 5440mW/5535mW VDD_CPU_GPU_CV 479mW/537mW VDD_SOC 2795mW/2816mW
08-04-2026 13:46:08 RAM 1470/7620MB (lfb 96x4MB) SWAP 0/3810MB (cached 0MB) CPU [0%@729,0%@729,0%@729,0%@729,0%@729,0%@729] GR3D_FREQ 0% cpu@50.468C soc2@49.25C soc0@51.062C gpu@51.437C tj@51.437C soc1@50.75C VDD_IN 5440mW/5535mW VDD_CPU_GPU_CV 479mW/537mW VDD_SOC 2795mW/2816mW
08-04-2026 13:46:09 RAM 1470/7620MB (lfb 96x4MB) SWAP 0/3810MB (cached 0MB) CPU [1%@729,0%@729,1%@729,0%@729,0%@729,0%@729] GR3D_FREQ 0% cpu@50.437C soc2@49C soc0@51.062C gpu@51.687C tj@51.687C soc1@50.687C VDD_IN 5431mW/5535mW VDD_CPU_GPU_CV 479mW/537mW VDD_SOC 2795mW/2816mW
08-04-2026 13:46:10 RAM 1470/7620MB (lfb 96x4MB) SWAP 0/3810MB (cached 0MB) CPU [0%@729,0%@729,1%@729,0%@729,0%@729,0%@729] GR3D_FREQ 0% cpu@50.625C soc2@49.031C soc0@50.968C gpu@51.718C tj@51.718C soc1@50.75C VDD_IN 5440mW/5535mW VDD_CPU_GPU_CV 479mW/537mW VDD_SOC 2795mW/2816mW
08-04-2026 13:46:11 RAM 1470/7620MB (lfb 96x4MB) SWAP 0/3810MB (cached 0MB) CPU [0%@729,0%@729,0%@729,0%@729,0%@729,0%@729] GR3D_FREQ 0% cpu@50.5C soc2@49.062C soc0@51C gpu@51.75C tj@51.75C soc1@50.843C VDD_IN 5560mW/5535mW VDD_CPU_GPU_CV 519mW/537mW VDD_SOC 2835mW/2816mW
08-04-2026 13:46:12 RAM 1470/7620MB (lfb 96x4MB) SWAP 0/3810MB (cached 0MB) CPU [0%@729,0%@729,0%@729,1%@729,0%@729,0%@729] GR3D_FREQ 0% cpu@50.75C soc2@49.062C soc0@51.031C gpu@51.781C tj@51.781C soc1@50.843C VDD_IN 5440mW/5535mW VDD_CPU_GPU_CV 479mW/537mW VDD_SOC 2795mW/2816mW
08-04-2026 13:46:13 RAM 1471/7620MB (lfb 96x4MB) SWAP 0/3810MB (cached 0MB) CPU [0%@729,0%@729,0%@729,0%@729,0%@729,0%@729] GR3D_FREQ 0% cpu@50.468C soc2@49.187C soc0@51.093C gpu@51.75C tj@51.75C soc1@50.906C VDD_IN 5440mW/5535mW VDD_CPU_GPU_CV 479mW/537mW VDD_SOC 2795mW/2816mW
08-04-2026 13:46:14 RAM 1471/7620MB (lfb 96x4MB) SWAP 0/3810MB (cached 0MB) CPU [1%@729,0%@729,1%@729,1%@729,0%@729,0%@729] GR3D_FREQ 0% cpu@50.437C soc2@49C soc0@51.093C gpu@51.437C tj@51.437C soc1@50.656C VDD_IN 5440mW/5535mW VDD_CPU_GPU_CV 479mW/537mW VDD_SOC 2795mW/2816mW
08-04-2026 13:46:15 RAM 1471/7620MB (lfb 96x4MB) SWAP 0/3810MB (cached 0MB) CPU [0%@729,0%@729,0%@729,0%@729,0%@729,0%@729] GR3D_FREQ 0% cpu@50.718C soc2@49.062C soc0@51C gpu@51.531C tj@51.531C soc1@50.718C VDD_IN 5440mW/5535mW VDD_CPU_GPU_CV 479mW/537mW VDD_SOC 2795mW/2816mW
08-04-2026 13:46:16 RAM 1471/7620MB (lfb 96x4MB) SWAP 0/3810MB (cached 0MB) CPU [0%@729,0%@729,0%@729,0%@729,0%@729,0%@729] GR3D_FREQ 0% cpu@50.468C soc2@49.187C soc0@50.937C gpu@51.5C tj@51.5C soc1@50.843C VDD_IN 5480mW/5535mW VDD_CPU_GPU_CV 479mW/537mW VDD_SOC 2795mW/2816mW
08-04-2026 13:46:17 RAM 1471/7620MB (lfb 96x4MB) SWAP 0/3810MB (cached 0MB) CPU [0%@729,0%@729,0%@729,0%@729,0%@729,0%@729] GR3D_FREQ 0% cpu@50.625C soc2@49.062C soc0@51.031C gpu@51.437C tj@51.437C soc1@50.843C VDD_IN 5480mW/5535mW VDD_CPU_GPU_CV 519mW/537mW VDD_SOC 2795mW/2816mW
08-04-2026 13:46:18 RAM 1471/7620MB (lfb 96x4MB) SWAP 0/3810MB (cached 0MB) CPU [1%@729,0%@729,0%@729,0%@729,0%@729,0%@729] GR3D_FREQ 0% cpu@50.375C soc2@49.187C soc0@51.156C gpu@51.468C tj@51.468C soc1@50.687C VDD_IN 5440mW/5534mW VDD_CPU_GPU_CV 479mW/537mW VDD_SOC 2795mW/2816mW
08-04-2026 13:46:19 RAM 1471/7620MB (lfb 96x4MB) SWAP 0/3810MB (cached 0MB) CPU [0%@729,0%@729,0%@729,0%@729,0%@729,0%@729] GR3D_FREQ 0% cpu@50.5C soc2@49C soc0@51C gpu@51.312C tj@51.312C soc1@50.75C VDD_IN 5471mW/5534mW VDD_CPU_GPU_CV 519mW/537mW VDD_SOC 2795mW/2816mW
08-04-2026 13:46:20 RAM 1471/7620MB (lfb 96x4MB) SWAP 0/3810MB (cached 0MB) CPU [1%@729,0%@729,0%@729,0%@729,0%@729,0%@729] GR3D_FREQ 0% cpu@50.531C soc2@49.125C soc0@51C gpu@51.406C tj@51.406C soc1@50.781C VDD_IN 5431mW/5534mW VDD_CPU_GPU_CV 479mW/537mW VDD_SOC 2795mW/2816mW
08-04-2026 13:46:21 RAM 1471/7620MB (lfb 96x4MB) SWAP 0/3810MB (cached 0MB) CPU [0%@729,0%@729,1%@729,1%@729,0%@729,0%@729] GR3D_FREQ 0% cpu@50.406C soc2@49.156C soc0@51C gpu@51.375C tj@51.375C soc1@50.75C VDD_IN 5480mW/5534mW VDD_CPU_GPU_CV 519mW/537mW VDD_SOC 2795mW/2816mW
08-04-2026 13:46:22 RAM 1471/7620MB (lfb 96x4MB) SWAP 0/3810MB (cached 0MB) CPU [0%@729,0%@729,0%@729,0%@729,0%@729,0%@729] GR3D_FREQ 0% cpu@50.656C soc2@49.062C soc0@51C gpu@51.375C tj@51.375C soc1@50.812C VDD_IN 5440mW/5534mW VDD_CPU_GPU_CV 479mW/536mW VDD_SOC 2795mW/2816mW
08-04-2026 13:46:23 RAM 1471/7620MB (lfb 96x4MB) SWAP 0/3810MB (cached 0MB) CPU [0%@729,0%@729,1%@729,0%@729,0%@729,0%@729] GR3D_FREQ 0% cpu@50.437C soc2@49.093C soc0@51.031C gpu@51.343C tj@51.343C soc1@50.656C VDD_IN 5440mW/5534mW VDD_CPU_GPU_CV 479mW/536mW VDD_SOC 2795mW/2816mW
08-04-2026 13:46:24 RAM 1471/7620MB (lfb 96x4MB) SWAP 0/3810MB (cached 0MB) CPU [0%@729,0%@729,1%@729,1%@729,0%@729,0%@729] GR3D_FREQ 0% cpu@50.468C soc2@49.093C soc0@51.031C gpu@51.375C tj@51.375C soc1@50.75C VDD_IN 5440mW/5534mW VDD_CPU_GPU_CV 479mW/536mW VDD_SOC 2795mW/2816mW
08-04-2026 13:46:25 RAM 1471/7620MB (lfb 96x4MB) SWAP 0/3810MB (cached 0MB) CPU [0%@729,0%@729,0%@729,0%@729,0%@729,0%@729] GR3D_FREQ 0% cpu@50.593C soc2@49.031C soc0@51C gpu@51.593C tj@51.593C soc1@50.781C VDD_IN 5431mW/5534mW VDD_CPU_GPU_CV 479mW/536mW VDD_SOC 2795mW/2816mW
08-04-2026 13:46:26 RAM 1471/7620MB (lfb 96x4MB) SWAP 0/3810MB (cached 0MB) CPU [0%@729,0%@729,0%@729,0%@729,0%@729,0%@729] GR3D_FREQ 0% cpu@50.406C soc2@49.062C soc0@51C gpu@51.687C tj@51.687C soc1@50.781C VDD_IN 5471mW/5534mW VDD_CPU_GPU_CV 519mW/536mW VDD_SOC 2795mW/2816mW
08-04-2026 13:46:27 RAM 1471/7620MB (lfb 96x4MB) SWAP 0/3810MB (cached 0MB) CPU [0%@729,0%@729,0%@729,0%@729,0%@729,0%@729] GR3D_FREQ 0% cpu@50.562C soc2@49.031C soc0@50.906C gpu@51.625C tj@51.625C soc1@50.875C VDD_IN 5480mW/5534mW VDD_CPU_GPU_CV 479mW/536mW VDD_SOC 2795mW/2816mW
08-04-2026 13:46:28 RAM 1471/7620MB (lfb 96x4MB) SWAP 0/3810MB (cached 0MB) CPU [0%@729,0%@729,0%@729,0%@729,0%@729,0%@729] GR3D_FREQ 0% cpu@50.406C soc2@49C soc0@50.968C gpu@51.593C tj@51.593C soc1@50.75C VDD_IN 5440mW/5533mW VDD_CPU_GPU_CV 479mW/536mW VDD_SOC 2795mW/2816mW
08-04-2026 13:46:29 RAM 1471/7620MB (lfb 96x4MB) SWAP 0/3810MB (cached 0MB) CPU [0%@729,0%@729,0%@729,0%@729,0%@729,0%@729] GR3D_FREQ 0% cpu@50.468C soc2@49.031C soc0@50.968C gpu@51.625C tj@51.625C soc1@50.75C VDD_IN 5440mW/5533mW VDD_CPU_GPU_CV 479mW/536mW VDD_SOC 2795mW/2816mW
08-04-2026 13:46:30 RAM 1471/7620MB (lfb 96x4MB) SWAP 0/3810MB (cached 0MB) CPU [0%@1113,0%@1113,1%@1113,0%@1113,0%@729,0%@729] GR3D_FREQ 0% cpu@50.625C soc2@49C soc0@51C gpu@51.687C tj@51.687C soc1@50.687C VDD_IN 5480mW/5533mW VDD_CPU_GPU_CV 519mW/536mW VDD_SOC 2795mW/2816mW
08-04-2026 13:46:31 RAM 1471/7620MB (lfb 96x4MB) SWAP 0/3810MB (cached 0MB) CPU [0%@729,0%@729,0%@729,0%@729,0%@729,0%@729] GR3D_FREQ 0% cpu@50.437C soc2@49.093C soc0@50.968C gpu@51.593C tj@51.593C soc1@50.781C VDD_IN 5431mW/5533mW VDD_CPU_GPU_CV 479mW/536mW VDD_SOC 2795mW/2816mW
08-04-2026 13:46:32 RAM 1471/7620MB (lfb 96x4MB) SWAP 0/3810MB (cached 0MB) CPU [1%@729,1%@729,0%@729,0%@729,0%@729,0%@729] GR3D_FREQ 0% cpu@50.687C soc2@49.062C soc0@50.937C gpu@51.687C tj@51.406C soc1@50.75C VDD_IN 5471mW/5533mW VDD_CPU_GPU_CV 519mW/536mW VDD_SOC 2795mW/2816mW
08-04-2026 13:46:33 RAM 1471/7620MB (lfb 96x4MB) SWAP 0/3810MB (cached 0MB) CPU [1%@729,0%@729,0%@729,0%@729,0%@729,0%@729] GR3D_FREQ 0% cpu@50.437C soc2@49.218C soc0@51C gpu@51.375C tj@51.375C soc1@50.593C VDD_IN 5431mW/5533mW VDD_CPU_GPU_CV 479mW/536mW VDD_SOC 2795mW/2816mW
08-04-2026 13:46:34 RAM 1471/7620MB (lfb 96x4MB) SWAP 0/3810MB (cached 0MB) CPU [0%@729,0%@729,0%@729,0%@729,0%@729,0%@729] GR3D_FREQ 0% cpu@50.5C soc2@49C soc0@50.906C gpu@51.437C tj@51.437C soc1@50.687C VDD_IN 5431mW/5533mW VDD_CPU_GPU_CV 479mW/536mW VDD_SOC 2795mW/2816mW
08-04-2026 13:46:35 RAM 1471/7620MB (lfb 96x4MB) SWAP 0/3810MB (cached 0MB) CPU [0%@729,0%@729,0%@729,0%@729,0%@729,0%@729] GR3D_FREQ 0% cpu@50.562C soc2@49.093C soc0@50.875C gpu@51.531C tj@51.531C soc1@50.718C VDD_IN 5480mW/5533mW VDD_CPU_GPU_CV 519mW/536mW VDD_SOC 2795mW/2816mW
08-04-2026 13:46:36 RAM 1471/7620MB (lfb 96x4MB) SWAP 0/3810MB (cached 0MB) CPU [1%@729,0%@729,0%@729,0%@729,0%@729,0%@729] GR3D_FREQ 0% cpu@50.437C soc2@49.062C soc0@50.968C gpu@51.5C tj@51.5C soc1@50.687C VDD_IN 5480mW/5533mW VDD_CPU_GPU_CV 479mW/536mW VDD_SOC 2795mW/2816mW
08-04-2026 13:46:37 RAM 1471/7620MB (lfb 96x4MB) SWAP 0/3810MB (cached 0MB) CPU [0%@729,0%@729,0%@729,0%@729,0%@729,0%@729] GR3D_FREQ 0% cpu@50.625C soc2@49.062C soc0@51.062C gpu@51.406C tj@51.406C soc1@50.843C VDD_IN 5440mW/5533mW VDD_CPU_GPU_CV 479mW/536mW VDD_SOC 2795mW/2816mW
08-04-2026 13:46:38 RAM 1471/7620MB (lfb 96x4MB) SWAP 0/3810MB (cached 0MB) CPU [1%@729,0%@729,0%@729,1%@729,0%@729,0%@729] GR3D_FREQ 0% cpu@50.468C soc2@49.125C soc0@51.031C gpu@51.468C tj@51.843C soc1@50.687C VDD_IN 5431mW/5532mW VDD_CPU_GPU_CV 479mW/536mW VDD_SOC 2795mW/2816mW
08-04-2026 13:46:39 RAM 1471/7620MB (lfb 96x4MB) SWAP 0/3810MB (cached 0MB) CPU [0%@729,0%@729,0%@729,0%@729,0%@729,0%@729] GR3D_FREQ 0% cpu@50.5C soc2@49.093C soc0@50.937C gpu@51.343C tj@51.343C soc1@50.687C VDD_IN 5431mW/5532mW VDD_CPU_GPU_CV 479mW/535mW VDD_SOC 2795mW/2816mW
08-04-2026 13:46:40 RAM 1471/7620MB (lfb 96x4MB) SWAP 0/3810MB (cached 0MB) CPU [0%@729,0%@729,0%@729,0%@729,0%@729,0%@729] GR3D_FREQ 0% cpu@50.593C soc2@49.062C soc0@50.968C gpu@51.281C tj@51.281C soc1@50.718C VDD_IN 5480mW/5532mW VDD_CPU_GPU_CV 519mW/535mW VDD_SOC 2795mW/2816mW
08-04-2026 13:46:41 RAM 1471/7620MB (lfb 96x4MB) SWAP 0/3810MB (cached 0MB) CPU [0%@729,0%@729,1%@729,0%@729,0%@729,0%@729] GR3D_FREQ 0% cpu@50.406C soc2@49.156C soc0@51C gpu@51.25C tj@51.25C soc1@50.812C VDD_IN 5471mW/5532mW VDD_CPU_GPU_CV 519mW/535mW VDD_SOC 2795mW/2815mW
08-04-2026 13:46:42 RAM 1471/7620MB (lfb 96x4MB) SWAP 0/3810MB (cached 0MB) CPU [2%@729,0%@729,1%@729,0%@729,0%@729,0%@729] GR3D_FREQ 0% cpu@50.625C soc2@49.125C soc0@51C gpu@51.343C tj@51.343C soc1@50.843C VDD_IN 5480mW/5532mW VDD_CPU_GPU_CV 519mW/535mW VDD_SOC 2795mW/2815mW
08-04-2026 13:46:43 RAM 1471/7620MB (lfb 96x4MB) SWAP 0/3810MB (cached 0MB) CPU [0%@729,0%@729,0%@729,0%@729,0%@729,0%@729] GR3D_FREQ 0% cpu@50.468C soc2@49.093C soc0@51.125C gpu@51.25C tj@51.25C soc1@50.687C VDD_IN 5471mW/5532mW VDD_CPU_GPU_CV 519mW/535mW VDD_SOC 2795mW/2815mW
08-04-2026 13:46:44 RAM 1471/7620MB (lfb 96x4MB) SWAP 0/3810MB (cached 0MB) CPU [0%@729,0%@729,1%@729,0%@729,0%@729,0%@729] GR3D_FREQ 0% cpu@50.437C soc2@49.031C soc0@50.968C gpu@51.375C tj@51.5C soc1@50.687C VDD_IN 5440mW/5532mW VDD_CPU_GPU_CV 479mW/535mW VDD_SOC 2795mW/2815mW
08-04-2026 13:46:45 RAM 1471/7620MB (lfb 96x4MB) SWAP 0/3810MB (cached 0MB) CPU [0%@729,0%@729,1%@729,0%@729,0%@729,0%@729] GR3D_FREQ 0% cpu@50.593C soc2@49.125C soc0@50.937C gpu@51.562C tj@51.562C soc1@50.75C VDD_IN 5480mW/5532mW VDD_CPU_GPU_CV 519mW/535mW VDD_SOC 2795mW/2815mW
08-04-2026 13:46:46 RAM 1561/7620MB (lfb 96x4MB) SWAP 0/3810MB (cached 0MB) CPU [7%@1728,90%@1728,6%@1728,7%@1728,6%@729,7%@729] GR3D_FREQ 0% cpu@51.156C soc2@49.312C soc0@50.968C gpu@51.781C tj@51.781C soc1@50.843C VDD_IN 7160mW/5534mW VDD_CPU_GPU_CV 1397mW/536mW VDD_SOC 3234mW/2816mW
08-04-2026 13:46:47 RAM 1712/7620MB (lfb 96x4MB) SWAP 0/3810MB (cached 0MB) CPU [7%@1728,100%@1728,7%@1728,7%@1728,7%@729,7%@729] GR3D_FREQ 0% cpu@51.343C soc2@49.562C soc0@51.093C gpu@51.875C tj@51.875C soc1@50.968C VDD_IN 7480mW/5536mW VDD_CPU_GPU_CV 1597mW/538mW VDD_SOC 3314mW/2816mW
08-04-2026 13:46:48 RAM 1737/7620MB (lfb 96x4MB) SWAP 0/3810MB (cached 0MB) CPU [0%@1728,100%@1728,0%@1728,0%@1728,0%@729,0%@729] GR3D_FREQ 0% cpu@51.218C soc2@49.531C soc0@51.156C gpu@51.906C tj@51.906C soc1@50.937C VDD_IN 7440mW/5538mW VDD_CPU_GPU_CV 1557mW/539mW VDD_SOC 3274mW/2817mW
08-04-2026 13:46:49 RAM 1763/7620MB (lfb 96x4MB) SWAP 0/3810MB (cached 0MB) CPU [0%@1728,99%@1728,0%@1728,0%@1728,0%@729,0%@729] GR3D_FREQ 0% cpu@51.406C soc2@49.5C soc0@51.125C gpu@51.937C tj@51.937C soc1@50.937C VDD_IN 7428mW/5541mW VDD_CPU_GPU_CV 1437mW/540mW VDD_SOC 3354mW/2818mW
08-04-2026 13:46:50 RAM 1470/7620MB (lfb 96x4MB) SWAP 0/3810MB (cached 0MB) CPU [0%@729,84%@729,1%@729,0%@729,0%@729,0%@729] GR3D_FREQ 0% cpu@50.968C soc2@49.343C soc0@51.156C gpu@51.968C tj@51.968C soc1@50.968C VDD_IN 6829mW/5542mW VDD_CPU_GPU_CV 1078mW/540mW VDD_SOC 3194mW/2818mW
08-04-2026 13:46:51 RAM 1470/7620MB (lfb 96x4MB) SWAP 0/3810MB (cached 0MB) CPU [1%@729,1%@729,0%@729,1%@729,0%@729,0%@729] GR3D_FREQ 0% cpu@51.093C soc2@49.312C soc0@51.187C gpu@51.843C tj@51.843C soc1@51.031C VDD_IN 5680mW/5542mW VDD_CPU_GPU_CV 559mW/540mW VDD_SOC 2835mW/2818mW
08-04-2026 13:46:52 RAM 1470/7620MB (lfb 96x4MB) SWAP 0/3810MB (cached 0MB) CPU [0%@729,0%@729,0%@729,0%@729,0%@729,0%@729] GR3D_FREQ 0% cpu@50.812C soc2@49.343C soc0@51.125C gpu@51.593C tj@51.593C soc1@51.031C VDD_IN 5480mW/5542mW VDD_CPU_GPU_CV 519mW/540mW VDD_SOC 2795mW/2818mW
08-04-2026 13:46:53 RAM 1470/7620MB (lfb 96x4MB) SWAP 0/3810MB (cached 0MB) CPU [0%@729,0%@729,0%@729,1%@729,0%@729,0%@729] GR3D_FREQ 0% cpu@50.625C soc2@49.281C soc0@51.25C gpu@51.687C tj@51.687C soc1@50.906C VDD_IN 5471mW/5542mW VDD_CPU_GPU_CV 479mW/540mW VDD_SOC 2795mW/2818mW
08-04-2026 13:46:54 RAM 1472/7620MB (lfb 96x4MB) SWAP 0/3810MB (cached 0MB) CPU [0%@729,0%@729,1%@729,0%@729,0%@729,0%@729] GR3D_FREQ 0% cpu@50.718C soc2@49.25C soc0@51.281C gpu@51.656C tj@51.656C soc1@50.937C VDD_IN 5471mW/5542mW VDD_CPU_GPU_CV 479mW/540mW VDD_SOC 2795mW/2818mW
08-04-2026 13:46:55 RAM 1472/7620MB (lfb 96x4MB) SWAP 0/3810MB (cached 0MB) CPU [0%@729,0%@729,0%@729,0%@729,0%@729,0%@729] GR3D_FREQ 0% cpu@50.75C soc2@49.187C soc0@51.125C gpu@51.656C tj@51.656C soc1@50.875C VDD_IN 5471mW/5542mW VDD_CPU_GPU_CV 519mW/540mW VDD_SOC 2795mW/2818mW
08-04-2026 13:46:56 RAM 1472/7620MB (lfb 96x4MB) SWAP 0/3810MB (cached 0MB) CPU [0%@729,1%@729,1%@729,1%@729,0%@729,0%@729] GR3D_FREQ 0% cpu@50.968C soc2@49.125C soc0@51.093C gpu@51.656C tj@51.656C soc1@50.843C VDD_IN 5480mW/5542mW VDD_CPU_GPU_CV 519mW/540mW VDD_SOC 2795mW/2818mW
08-04-2026 13:46:57 RAM 1472/7620MB (lfb 96x4MB) SWAP 0/3810MB (cached 0MB) CPU [0%@729,0%@729,0%@729,0%@729,0%@729,0%@729] GR3D_FREQ 0% cpu@50.687C soc2@49.312C soc0@51.093C gpu@51.562C tj@51.562C soc1@51C VDD_IN 5511mW/5542mW VDD_CPU_GPU_CV 519mW/540mW VDD_SOC 2795mW/2818mW
08-04-2026 13:46:58 RAM 1472/7620MB (lfb 96x4MB) SWAP 0/3810MB (cached 0MB) CPU [1%@729,0%@729,0%@729,0%@729,0%@729,0%@729] GR3D_FREQ 0% cpu@50.531C soc2@49.312C soc0@51.343C gpu@51.906C tj@51.906C soc1@50.906C VDD_IN 5471mW/5542mW VDD_CPU_GPU_CV 479mW/540mW VDD_SOC 2795mW/2818mW
08-04-2026 13:46:59 RAM 1472/7620MB (lfb 96x4MB) SWAP 0/3810MB (cached 0MB) CPU [0%@729,0%@729,1%@729,0%@729,0%@729,0%@729] GR3D_FREQ 0% cpu@50.625C soc2@49.25C soc0@51.218C gpu@51.937C tj@51.937C soc1@50.875C VDD_IN 5431mW/5542mW VDD_CPU_GPU_CV 479mW/540mW VDD_SOC 2795mW/2818mW
08-04-2026 13:47:00 RAM 1472/7620MB (lfb 96x4MB) SWAP 0/3810MB (cached 0MB) CPU [0%@729,0%@729,1%@729,0%@729,0%@729,0%@729] GR3D_FREQ 0% cpu@50.75C soc2@49.218C soc0@51.093C gpu@51.906C tj@51.906C soc1@50.875C VDD_IN 5440mW/5541mW VDD_CPU_GPU_CV 519mW/540mW VDD_SOC 2795mW/2818mW
08-04-2026 13:47:01 RAM 1472/7620MB (lfb 96x4MB) SWAP 0/3810MB (cached 0MB) CPU [1%@729,0%@729,0%@729,0%@729,0%@729,0%@729] GR3D_FREQ 0% cpu@50.968C soc2@49.25C soc0@51.093C gpu@52.031C tj@52.031C soc1@50.906C VDD_IN 5471mW/5541mW VDD_CPU_GPU_CV 519mW/540mW VDD_SOC 2795mW/2818mW
08-04-2026 13:47:02 RAM 1472/7620MB (lfb 96x4MB) SWAP 0/3810MB (cached 0MB) CPU [0%@729,0%@729,0%@729,0%@729,0%@729,0%@729] GR3D_FREQ 0% cpu@50.812C soc2@49.281C soc0@51.218C gpu@51.5C tj@51.5C soc1@51.031C VDD_IN 5830mW/5542mW VDD_CPU_GPU_CV 638mW/540mW VDD_SOC 2955mW/2818mW
08-04-2026 13:47:03 RAM 1472/7620MB (lfb 96x4MB) SWAP 0/3810MB (cached 0MB) CPU [0%@729,0%@729,1%@729,1%@729,0%@729,0%@729] GR3D_FREQ 0% cpu@50.687C soc2@49.25C soc0@51.25C gpu@51.531C tj@51.531C soc1@50.906C VDD_IN 5471mW/5542mW VDD_CPU_GPU_CV 519mW/540mW VDD_SOC 2795mW/2818mW
08-04-2026 13:47:04 RAM 1472/7620MB (lfb 96x4MB) SWAP 0/3810MB (cached 0MB) CPU [0%@729,0%@729,0%@729,0%@729,0%@729,0%@729] GR3D_FREQ 0% cpu@50.531C soc2@49.25C soc0@51.25C gpu@51.687C tj@51.687C soc1@50.781C VDD_IN 5480mW/5542mW VDD_CPU_GPU_CV 479mW/540mW VDD_SOC 2795mW/2818mW
08-04-2026 13:47:05 RAM 1472/7620MB (lfb 96x4MB) SWAP 0/3810MB (cached 0MB) CPU [0%@729,0%@729,1%@729,0%@729,0%@729,0%@729] GR3D_FREQ 0% cpu@50.687C soc2@49.281C soc0@51.062C gpu@51.656C tj@51.656C soc1@50.937C VDD_IN 5440mW/5541mW VDD_CPU_GPU_CV 479mW/540mW VDD_SOC 2795mW/2818mW
08-04-2026 13:47:06 RAM 1472/7620MB (lfb 96x4MB) SWAP 0/3810MB (cached 0MB) CPU [0%@729,0%@729,0%@729,1%@729,0%@729,0%@729] GR3D_FREQ 0% cpu@50.875C soc2@49.25C soc0@51.093C gpu@51.656C tj@51.656C soc1@50.968C VDD_IN 5440mW/5541mW VDD_CPU_GPU_CV 479mW/540mW VDD_SOC 2795mW/2818mW
08-04-2026 13:47:07 RAM 1472/7620MB (lfb 96x4MB) SWAP 0/3810MB (cached 0MB) CPU [0%@729,0%@729,1%@729,0%@729,0%@729,0%@729] GR3D_FREQ 0% cpu@50.656C soc2@49.281C soc0@51.093C gpu@51.656C tj@51.656C soc1@51.062C VDD_IN 5480mW/5541mW VDD_CPU_GPU_CV 519mW/540mW VDD_SOC 2795mW/2818mW
08-04-2026 13:47:08 RAM 1472/7620MB (lfb 96x4MB) SWAP 0/3810MB (cached 0MB) CPU [0%@729,0%@729,0%@729,0%@729,0%@729,0%@729] GR3D_FREQ 0% cpu@50.625C soc2@49.25C soc0@51.156C gpu@51.75C tj@51.75C soc1@50.812C VDD_IN 5440mW/5541mW VDD_CPU_GPU_CV 479mW/540mW VDD_SOC 2795mW/2818mW
08-04-2026 13:47:09 RAM 1472/7620MB (lfb 96x4MB) SWAP 0/3810MB (cached 0MB) CPU [0%@729,0%@729,0%@729,0%@729,0%@729,0%@729] GR3D_FREQ 0% cpu@50.625C soc2@49.125C soc0@51.312C gpu@51.687C tj@51.687C soc1@50.812C VDD_IN 5480mW/5541mW VDD_CPU_GPU_CV 519mW/540mW VDD_SOC 2795mW/2818mW
08-04-2026 13:47:10 RAM 1472/7620MB (lfb 96x4MB) SWAP 0/3810MB (cached 0MB) CPU [1%@729,0%@729,0%@729,0%@729,0%@729,0%@729] GR3D_FREQ 0% cpu@50.656C soc2@49.218C soc0@51.093C gpu@51.75C tj@51.437C soc1@50.906C VDD_IN 5480mW/5541mW VDD_CPU_GPU_CV 519mW/540mW VDD_SOC 2795mW/2818mW
08-04-2026 13:47:11 RAM 1472/7620MB (lfb 96x4MB) SWAP 0/3810MB (cached 0MB) CPU [0%@729,0%@729,1%@729,0%@729,0%@729,0%@729] GR3D_FREQ 0% cpu@50.843C soc2@49.25C soc0@51.125C gpu@51.531C tj@51.531C soc1@50.968C VDD_IN 5471mW/5541mW VDD_CPU_GPU_CV 519mW/540mW VDD_SOC 2795mW/2818mW
08-04-2026 13:47:12 RAM 1472/7620MB (lfb 96x4MB) SWAP 0/3810MB (cached 0MB) CPU [0%@729,0%@729,0%@729,0%@729,0%@729,0%@729] GR3D_FREQ 0% cpu@50.656C soc2@49.218C soc0@51.031C gpu@51.562C tj@51.562C soc1@51.093C VDD_IN 5471mW/5541mW VDD_CPU_GPU_CV 519mW/540mW VDD_SOC 2795mW/2818mW
08-04-2026 13:47:13 RAM 1472/7620MB (lfb 96x4MB) SWAP 0/3810MB (cached 0MB) CPU [0%@729,0%@729,1%@729,0%@729,0%@729,0%@729] GR3D_FREQ 0% cpu@50.656C soc2@49.281C soc0@51.156C gpu@51.531C tj@51.531C soc1@50.812C VDD_IN 5471mW/5541mW VDD_CPU_GPU_CV 519mW/540mW VDD_SOC 2795mW/2818mW
08-04-2026 13:47:14 RAM 1472/7620MB (lfb 96x4MB) SWAP 0/3810MB (cached 0MB) CPU [1%@729,0%@729,1%@729,0%@729,0%@729,0%@729] GR3D_FREQ 0% cpu@50.593C soc2@49.25C soc0@51.156C gpu@51.593C tj@51.593C soc1@50.875C VDD_IN 5471mW/5541mW VDD_CPU_GPU_CV 519mW/540mW VDD_SOC 2795mW/2818mW
08-04-2026 13:47:15 RAM 1472/7620MB (lfb 96x4MB) SWAP 0/3810MB (cached 0MB) CPU [0%@729,0%@729,0%@729,1%@729,0%@729,0%@729] GR3D_FREQ 0% cpu@50.718C soc2@49.156C soc0@51.031C gpu@51.531C tj@51.531C soc1@50.937C VDD_IN 5431mW/5541mW VDD_CPU_GPU_CV 479mW/540mW VDD_SOC 2795mW/2818mW
08-04-2026 13:47:16 RAM 1472/7620MB (lfb 96x4MB) SWAP 0/3810MB (cached 0MB) CPU [0%@729,0%@729,0%@729,0%@729,0%@729,0%@729] GR3D_FREQ 0% cpu@50.937C soc2@49.187C soc0@51.093C gpu@51.593C tj@51.718C soc1@50.937C VDD_IN 5471mW/5540mW VDD_CPU_GPU_CV 519mW/540mW VDD_SOC 2795mW/2818mW
08-04-2026 13:47:17 RAM 1472/7620MB (lfb 96x4MB) SWAP 0/3810MB (cached 0MB) CPU [0%@729,0%@729,0%@729,0%@729,0%@1728,0%@1728] GR3D_FREQ 0% cpu@50.718C soc2@49.187C soc0@51.125C gpu@51.812C tj@51.812C soc1@51C VDD_IN 5551mW/5540mW VDD_CPU_GPU_CV 519mW/540mW VDD_SOC 2835mW/2818mW
08-04-2026 13:47:18 RAM 1472/7620MB (lfb 96x4MB) SWAP 0/3810MB (cached 0MB) CPU [0%@729,0%@729,0%@729,0%@729,0%@729,0%@729] GR3D_FREQ 0% cpu@50.593C soc2@49.156C soc0@51.093C gpu@51.812C tj@51.812C soc1@50.843C VDD_IN 5471mW/5540mW VDD_CPU_GPU_CV 479mW/540mW VDD_SOC 2795mW/2818mW
08-04-2026 13:47:19 RAM 1472/7620MB (lfb 96x4MB) SWAP 0/3810MB (cached 0MB) CPU [1%@729,0%@729,1%@729,0%@729,0%@729,0%@729] GR3D_FREQ 0% cpu@50.531C soc2@49.125C soc0@51.156C gpu@51.75C tj@51.75C soc1@50.906C VDD_IN 5480mW/5540mW VDD_CPU_GPU_CV 519mW/539mW VDD_SOC 2795mW/2818mW
08-04-2026 13:47:20 RAM 1472/7620MB (lfb 96x4MB) SWAP 0/3810MB (cached 0MB) CPU [0%@729,0%@729,1%@729,0%@729,0%@729,0%@729] GR3D_FREQ 0% cpu@50.718C soc2@49.187C soc0@51.062C gpu@51.843C tj@51.843C soc1@50.812C VDD_IN 5471mW/5540mW VDD_CPU_GPU_CV 519mW/539mW VDD_SOC 2795mW/2818mW
08-04-2026 13:47:21 RAM 1472/7620MB (lfb 96x4MB) SWAP 0/3810MB (cached 0MB) CPU [0%@729,0%@729,1%@729,0%@729,0%@729,0%@729] GR3D_FREQ 0% cpu@50.906C soc2@49.281C soc0@51.062C gpu@51.812C tj@51.812C soc1@50.937C VDD_IN 5471mW/5540mW VDD_CPU_GPU_CV 519mW/539mW VDD_SOC 2795mW/2818mW
08-04-2026 13:47:22 RAM 1472/7620MB (lfb 96x4MB) SWAP 0/3810MB (cached 0MB) CPU [0%@729,0%@729,1%@729,1%@729,0%@729,0%@729] GR3D_FREQ 0% cpu@50.562C soc2@49.25C soc0@51.031C gpu@51.875C tj@51.875C soc1@50.906C VDD_IN 5480mW/5540mW VDD_CPU_GPU_CV 519mW/539mW VDD_SOC 2795mW/2818mW
08-04-2026 13:47:23 RAM 1472/7620MB (lfb 96x4MB) SWAP 0/3810MB (cached 0MB) CPU [0%@729,0%@729,0%@729,0%@729,0%@729,0%@729] GR3D_FREQ 0% cpu@50.656C soc2@49.281C soc0@51.125C gpu@51.468C tj@51.468C soc1@50.843C VDD_IN 5480mW/5540mW VDD_CPU_GPU_CV 519mW/539mW VDD_SOC 2795mW/2817mW
08-04-2026 13:47:24 RAM 1472/7620MB (lfb 96x4MB) SWAP 0/3810MB (cached 0MB) CPU [0%@729,0%@729,0%@729,0%@729,0%@729,0%@729] GR3D_FREQ 0% cpu@50.593C soc2@49.093C soc0@51.156C gpu@51.656C tj@51.656C soc1@50.812C VDD_IN 5480mW/5540mW VDD_CPU_GPU_CV 519mW/539mW VDD_SOC 2795mW/2817mW
08-04-2026 13:47:25 RAM 1472/7620MB (lfb 96x4MB) SWAP 0/3810MB (cached 0MB) CPU [0%@729,0%@729,0%@729,0%@729,0%@729,1%@729] GR3D_FREQ 0% cpu@50.656C soc2@49.25C soc0@51.093C gpu@51.593C tj@51.593C soc1@50.906C VDD_IN 5471mW/5540mW VDD_CPU_GPU_CV 519mW/539mW VDD_SOC 2795mW/2817mW
08-04-2026 13:47:26 RAM 1472/7620MB (lfb 96x4MB) SWAP 0/3810MB (cached 0MB) CPU [0%@729,0%@729,1%@729,0%@729,0%@729,0%@729] GR3D_FREQ 0% cpu@50.718C soc2@49.187C soc0@51.062C gpu@51.593C tj@51.593C soc1@50.875C VDD_IN 5480mW/5540mW VDD_CPU_GPU_CV 519mW/539mW VDD_SOC 2795mW/2817mW
08-04-2026 13:47:27 RAM 1472/7620MB (lfb 96x4MB) SWAP 0/3810MB (cached 0MB) CPU [0%@729,0%@729,0%@729,0%@729,0%@729,0%@729] GR3D_FREQ 0% cpu@50.562C soc2@49.218C soc0@51.062C gpu@51.562C tj@51.562C soc1@50.937C VDD_IN 5431mW/5540mW VDD_CPU_GPU_CV 479mW/539mW VDD_SOC 2795mW/2817mW
08-04-2026 13:47:28 RAM 1472/7620MB (lfb 96x4MB) SWAP 0/3810MB (cached 0MB) CPU [1%@729,0%@729,0%@729,0%@729,0%@729,0%@729] GR3D_FREQ 0% cpu@50.656C soc2@49.156C soc0@51.062C gpu@51.593C tj@51.593C soc1@50.781C VDD_IN 5471mW/5540mW VDD_CPU_GPU_CV 519mW/539mW VDD_SOC 2795mW/2817mW
08-04-2026 13:47:29 RAM 1472/7620MB (lfb 96x4MB) SWAP 0/3810MB (cached 0MB) CPU [0%@729,0%@729,0%@729,0%@729,0%@729,0%@729] GR3D_FREQ 0% cpu@50.593C soc2@49.093C soc0@51.187C gpu@51.625C tj@51.437C soc1@50.812C VDD_IN 5471mW/5540mW VDD_CPU_GPU_CV 519mW/539mW VDD_SOC 2795mW/2817mW
08-04-2026 13:47:30 RAM 1472/7620MB (lfb 96x4MB) SWAP 0/3810MB (cached 0MB) CPU [0%@729,0%@729,0%@729,0%@729,0%@729,0%@729] GR3D_FREQ 0% cpu@50.625C soc2@49.156C soc0@51.062C gpu@51.437C tj@51.437C soc1@50.843C VDD_IN 5480mW/5539mW VDD_CPU_GPU_CV 519mW/539mW VDD_SOC 2795mW/2817mW
08-04-2026 13:47:31 RAM 1473/7620MB (lfb 96x4MB) SWAP 0/3810MB (cached 0MB) CPU [0%@729,0%@729,0%@729,0%@729,0%@729,0%@729] GR3D_FREQ 0% cpu@50.75C soc2@49.156C soc0@51.062C gpu@51.468C tj@51.468C soc1@50.843C VDD_IN 5480mW/5539mW VDD_CPU_GPU_CV 519mW/539mW VDD_SOC 2795mW/2817mW
08-04-2026 13:47:32 RAM 1473/7620MB (lfb 96x4MB) SWAP 0/3810MB (cached 0MB) CPU [1%@729,0%@729,1%@729,0%@729,0%@729,0%@729] GR3D_FREQ 0% cpu@50.562C soc2@49.25C soc0@51.093C gpu@51.5C tj@51.5C soc1@50.843C VDD_IN 5480mW/5539mW VDD_CPU_GPU_CV 519mW/539mW VDD_SOC 2795mW/2817mW
08-04-2026 13:47:33 RAM 1473/7620MB (lfb 96x4MB) SWAP 0/3810MB (cached 0MB) CPU [0%@729,0%@729,0%@729,1%@729,0%@729,0%@729] GR3D_FREQ 0% cpu@50.625C soc2@49.218C soc0@51.093C gpu@51.406C tj@51.406C soc1@50.812C VDD_IN 5480mW/5539mW VDD_CPU_GPU_CV 519mW/539mW VDD_SOC 2795mW/2817mW
08-04-2026 13:47:34 RAM 1473/7620MB (lfb 96x4MB) SWAP 0/3810MB (cached 0MB) CPU [0%@729,0%@729,1%@729,0%@729,0%@729,0%@729] GR3D_FREQ 0% cpu@50.468C soc2@49.093C soc0@51.125C gpu@51.5C tj@51.5C soc1@50.906C VDD_IN 5480mW/5539mW VDD_CPU_GPU_CV 519mW/539mW VDD_SOC 2795mW/2817mW
08-04-2026 13:47:35 RAM 1473/7620MB (lfb 96x4MB) SWAP 0/3810MB (cached 0MB) CPU [0%@729,0%@729,1%@729,0%@729,0%@729,0%@729] GR3D_FREQ 0% cpu@50.593C soc2@49.187C soc0@51.031C gpu@51.468C tj@51.468C soc1@50.75C VDD_IN 5480mW/5539mW VDD_CPU_GPU_CV 519mW/539mW VDD_SOC 2795mW/2817mW
08-04-2026 13:47:36 RAM 1473/7620MB (lfb 96x4MB) SWAP 0/3810MB (cached 0MB) CPU [0%@729,0%@729,1%@729,0%@729,0%@729,0%@729] GR3D_FREQ 0% cpu@50.812C soc2@49.187C soc0@51.125C gpu@51.718C tj@51.718C soc1@50.843C VDD_IN 5480mW/5539mW VDD_CPU_GPU_CV 519mW/539mW VDD_SOC 2795mW/2817mW
08-04-2026 13:47:38 RAM 1473/7620MB (lfb 96x4MB) SWAP 0/3810MB (cached 0MB) CPU [0%@729,1%@729,0%@729,0%@729,0%@729,0%@729] GR3D_FREQ 0% cpu@50.531C soc2@49.156C soc0@51.093C gpu@51.687C tj@51.687C soc1@50.937C VDD_IN 5480mW/5539mW VDD_CPU_GPU_CV 519mW/539mW VDD_SOC 2795mW/2817mW
08-04-2026 13:47:39 RAM 1473/7620MB (lfb 96x4MB) SWAP 0/3810MB (cached 0MB) CPU [0%@729,0%@729,2%@729,0%@729,0%@729,0%@729] GR3D_FREQ 0% cpu@50.625C soc2@49.218C soc0@51.125C gpu@51.718C tj@51.718C soc1@50.687C VDD_IN 5480mW/5539mW VDD_CPU_GPU_CV 519mW/539mW VDD_SOC 2795mW/2817mW
08-04-2026 13:47:40 RAM 1473/7620MB (lfb 96x4MB) SWAP 0/3810MB (cached 0MB) CPU [0%@729,0%@729,1%@729,0%@729,0%@729,0%@729] GR3D_FREQ 0% cpu@50.687C soc2@49.125C soc0@51C gpu@51.687C tj@51.687C soc1@50.75C VDD_IN 5480mW/5539mW VDD_CPU_GPU_CV 519mW/539mW VDD_SOC 2795mW/2817mW
08-04-2026 13:47:41 RAM 1473/7620MB (lfb 96x4MB) SWAP 0/3810MB (cached 0MB) CPU [1%@729,0%@729,1%@729,0%@729,0%@729,0%@729] GR3D_FREQ 0% cpu@50.593C soc2@49.093C soc0@51.031C gpu@51.687C tj@51.687C soc1@50.812C VDD_IN 5480mW/5539mW VDD_CPU_GPU_CV 519mW/539mW VDD_SOC 2795mW/2817mW
08-04-2026 13:47:42 RAM 1473/7620MB (lfb 96x4MB) SWAP 0/3810MB (cached 0MB) CPU [0%@729,0%@729,1%@729,0%@729,0%@729,0%@729] GR3D_FREQ 0% cpu@50.781C soc2@49.187C soc0@51.093C gpu@51.812C tj@51.812C soc1@50.843C VDD_IN 5440mW/5539mW VDD_CPU_GPU_CV 479mW/539mW VDD_SOC 2795mW/2817mW
08-04-2026 13:47:43 RAM 1473/7620MB (lfb 96x4MB) SWAP 0/3810MB (cached 0MB) CPU [0%@729,0%@729,0%@729,0%@729,0%@729,0%@729] GR3D_FREQ 0% cpu@50.531C soc2@49.187C soc0@51.093C gpu@51.5C tj@51.5C soc1@51C VDD_IN 5480mW/5539mW VDD_CPU_GPU_CV 519mW/539mW VDD_SOC 2795mW/2817mW
08-04-2026 13:47:44 RAM 1473/7620MB (lfb 96x4MB) SWAP 0/3810MB (cached 0MB) CPU [0%@729,0%@729,0%@729,0%@729,0%@729,0%@729] GR3D_FREQ 0% cpu@50.593C soc2@49.125C soc0@51.062C gpu@51.468C tj@51.468C soc1@50.812C VDD_IN 5480mW/5539mW VDD_CPU_GPU_CV 519mW/539mW VDD_SOC 2795mW/2817mW
08-04-2026 13:47:45 RAM 1473/7620MB (lfb 96x4MB) SWAP 0/3810MB (cached 0MB) CPU [1%@729,0%@729,1%@729,0%@729,0%@729,0%@729] GR3D_FREQ 0% cpu@50.531C soc2@49.093C soc0@50.968C gpu@51.5C tj@51.5C soc1@50.906C VDD_IN 5480mW/5539mW VDD_CPU_GPU_CV 519mW/539mW VDD_SOC 2795mW/2817mW
08-04-2026 13:47:46 RAM 1473/7620MB (lfb 96x4MB) SWAP 0/3810MB (cached 0MB) CPU [0%@729,0%@729,0%@729,0%@729,0%@729,0%@729] GR3D_FREQ 0% cpu@50.593C soc2@49.156C soc0@50.968C gpu@51.593C tj@51.593C soc1@50.875C VDD_IN 5440mW/5538mW VDD_CPU_GPU_CV 479mW/539mW VDD_SOC 2795mW/2817mW
08-04-2026 13:47:47 RAM 1472/7620MB (lfb 96x4MB) SWAP 0/3810MB (cached 0MB) CPU [1%@729,0%@729,0%@729,0%@729,0%@729,0%@729] GR3D_FREQ 0% cpu@50.75C soc2@49.218C soc0@51.187C gpu@51.562C tj@51.562C soc1@50.906C VDD_IN 5440mW/5538mW VDD_CPU_GPU_CV 479mW/539mW VDD_SOC 2795mW/2817mW
08-04-2026 13:47:48 RAM 1472/7620MB (lfb 96x4MB) SWAP 0/3810MB (cached 0MB) CPU [0%@729,0%@729,0%@729,0%@729,0%@729,0%@729] GR3D_FREQ 0% cpu@50.531C soc2@49.156C soc0@51.031C gpu@51.468C tj@51.468C soc1@50.875C VDD_IN 5440mW/5538mW VDD_CPU_GPU_CV 519mW/539mW VDD_SOC 2795mW/2817mW
08-04-2026 13:47:49 RAM 1473/7620MB (lfb 96x4MB) SWAP 0/3810MB (cached 0MB) CPU [1%@729,0%@729,0%@729,0%@729,0%@729,0%@729] GR3D_FREQ 0% cpu@50.5C soc2@49.187C soc0@51.062C gpu@51.562C tj@51.562C soc1@50.75C VDD_IN 5480mW/5538mW VDD_CPU_GPU_CV 519mW/539mW VDD_SOC 2795mW/2817mW
08-04-2026 13:47:50 RAM 1473/7620MB (lfb 96x4MB) SWAP 0/3810MB (cached 0MB) CPU [0%@729,0%@729,1%@729,1%@729,0%@729,0%@729] GR3D_FREQ 0% cpu@50.656C soc2@49.125C soc0@51C gpu@51.5C tj@51.5C soc1@50.781C VDD_IN 5480mW/5538mW VDD_CPU_GPU_CV 519mW/539mW VDD_SOC 2795mW/2817mW
08-04-2026 13:47:51 RAM 1473/7620MB (lfb 96x4MB) SWAP 0/3810MB (cached 0MB) CPU [0%@729,0%@729,1%@729,0%@729,0%@729,0%@729] GR3D_FREQ 0% cpu@50.593C soc2@49.093C soc0@51C gpu@51.437C tj@51.437C soc1@50.875C VDD_IN 5440mW/5538mW VDD_CPU_GPU_CV 519mW/539mW VDD_SOC 2795mW/2817mW
08-04-2026 13:47:52 RAM 1473/7620MB (lfb 96x4MB) SWAP 0/3810MB (cached 0MB) CPU [0%@729,0%@729,1%@729,0%@729,0%@729,0%@729] GR3D_FREQ 0% cpu@50.843C soc2@49.156C soc0@51C gpu@51.468C tj@51.468C soc1@50.843C VDD_IN 5440mW/5538mW VDD_CPU_GPU_CV 479mW/539mW VDD_SOC 2795mW/2817mW
08-04-2026 13:47:53 RAM 1473/7620MB (lfb 96x4MB) SWAP 0/3810MB (cached 0MB) CPU [0%@729,0%@729,1%@729,0%@729,0%@729,0%@729] GR3D_FREQ 0% cpu@50.468C soc2@49.156C soc0@51.156C gpu@51.406C tj@51.406C soc1@50.875C VDD_IN 5480mW/5538mW VDD_CPU_GPU_CV 519mW/539mW VDD_SOC 2795mW/2817mW
08-04-2026 13:47:54 RAM 1473/7620MB (lfb 96x4MB) SWAP 0/3810MB (cached 0MB) CPU [0%@729,0%@729,1%@729,0%@729,0%@729,0%@729] GR3D_FREQ 0% cpu@50.531C soc2@49.156C soc0@51.062C gpu@51.406C tj@51.406C soc1@50.75C VDD_IN 5480mW/5538mW VDD_CPU_GPU_CV 519mW/539mW VDD_SOC 2795mW/2817mW
08-04-2026 13:47:55 RAM 1473/7620MB (lfb 96x4MB) SWAP 0/3810MB (cached 0MB) CPU [0%@729,0%@729,1%@729,0%@729,0%@729,0%@729] GR3D_FREQ 0% cpu@50.468C soc2@49.187C soc0@51C gpu@51.406C tj@51.406C soc1@50.812C VDD_IN 5440mW/5538mW VDD_CPU_GPU_CV 479mW/538mW VDD_SOC 2795mW/2817mW
08-04-2026 13:47:56 RAM 1473/7620MB (lfb 96x4MB) SWAP 0/3810MB (cached 0MB) CPU [0%@729,0%@729,1%@729,0%@729,0%@729,0%@729] GR3D_FREQ 0% cpu@50.562C soc2@49.093C soc0@51.031C gpu@51.687C tj@51.687C soc1@50.937C VDD_IN 5440mW/5538mW VDD_CPU_GPU_CV 519mW/538mW VDD_SOC 2795mW/2817mW
08-04-2026 13:47:57 RAM 1473/7620MB (lfb 96x4MB) SWAP 0/3810MB (cached 0MB) CPU [0%@729,0%@729,0%@729,0%@729,0%@729,0%@729] GR3D_FREQ 0% cpu@50.75C soc2@49.187C soc0@51.031C gpu@51.656C tj@51.656C soc1@50.875C VDD_IN 5440mW/5537mW VDD_CPU_GPU_CV 479mW/538mW VDD_SOC 2795mW/2817mW
08-04-2026 13:47:58 RAM 1473/7620MB (lfb 96x4MB) SWAP 0/3810MB (cached 0MB) CPU [0%@729,0%@729,1%@729,0%@729,0%@729,0%@729] GR3D_FREQ 0% cpu@50.468C soc2@49.218C soc0@51.031C gpu@51.562C tj@51.562C soc1@50.937C VDD_IN 5440mW/5537mW VDD_CPU_GPU_CV 479mW/538mW VDD_SOC 2795mW/2817mW
08-04-2026 13:47:59 RAM 1473/7620MB (lfb 96x4MB) SWAP 0/3810MB (cached 0MB) CPU [0%@729,0%@729,0%@729,0%@729,0%@729,0%@729] GR3D_FREQ 0% cpu@50.531C soc2@49.187C soc0@51.093C gpu@51.656C tj@51.656C soc1@50.812C VDD_IN 5480mW/5537mW VDD_CPU_GPU_CV 519mW/538mW VDD_SOC 2795mW/2817mW
08-04-2026 13:48:00 RAM 1472/7620MB (lfb 96x4MB) SWAP 0/3810MB (cached 0MB) CPU [0%@729,0%@729,1%@729,0%@729,0%@729,0%@729] GR3D_FREQ 0% cpu@50.656C soc2@49.187C soc0@51.031C gpu@51.687C tj@51.687C soc1@50.75C VDD_IN 5480mW/5537mW VDD_CPU_GPU_CV 519mW/538mW VDD_SOC 2795mW/2817mW
08-04-2026 13:48:01 RAM 1472/7620MB (lfb 96x4MB) SWAP 0/3810MB (cached 0MB) CPU [1%@729,0%@729,0%@729,0%@729,0%@729,0%@729] GR3D_FREQ 0% cpu@50.468C soc2@49.187C soc0@50.968C gpu@51.5C tj@51.5C soc1@50.812C VDD_IN 5480mW/5537mW VDD_CPU_GPU_CV 519mW/538mW VDD_SOC 2795mW/2817mW
08-04-2026 13:48:02 RAM 1472/7620MB (lfb 96x4MB) SWAP 0/3810MB (cached 0MB) CPU [0%@729,0%@729,0%@729,1%@729,0%@729,0%@729] GR3D_FREQ 0% cpu@50.781C soc2@49.156C soc0@51.031C gpu@51.406C tj@51.406C soc1@50.906C VDD_IN 5480mW/5537mW VDD_CPU_GPU_CV 519mW/538mW VDD_SOC 2795mW/2817mW
08-04-2026 13:48:03 RAM 1472/7620MB (lfb 96x4MB) SWAP 0/3810MB (cached 0MB) CPU [0%@729,0%@729,0%@729,2%@729,0%@729,0%@729] GR3D_FREQ 0% cpu@50.468C soc2@49.156C soc0@51.062C gpu@51.406C tj@51.406C soc1@50.906C VDD_IN 5440mW/5537mW VDD_CPU_GPU_CV 479mW/538mW VDD_SOC 2795mW/2817mW
08-04-2026 13:48:04 RAM 1472/7620MB (lfb 96x4MB) SWAP 0/3810MB (cached 0MB) CPU [0%@729,0%@729,0%@729,1%@729,0%@729,0%@729] GR3D_FREQ 0% cpu@50.531C soc2@49.156C soc0@51.156C gpu@51.437C tj@51.437C soc1@50.812C VDD_IN 5480mW/5537mW VDD_CPU_GPU_CV 519mW/538mW VDD_SOC 2795mW/2817mW
08-04-2026 13:48:05 RAM 1472/7620MB (lfb 96x4MB) SWAP 0/3810MB (cached 0MB) CPU [2%@729,0%@729,0%@729,1%@729,0%@729,0%@729] GR3D_FREQ 0% cpu@50.656C soc2@49.218C soc0@50.968C gpu@51.406C tj@51.406C soc1@50.812C VDD_IN 5480mW/5537mW VDD_CPU_GPU_CV 519mW/538mW VDD_SOC 2795mW/2816mW
08-04-2026 13:48:06 RAM 1472/7620MB (lfb 96x4MB) SWAP 0/3810MB (cached 0MB) CPU [0%@729,0%@729,1%@729,0%@729,0%@729,0%@729] GR3D_FREQ 0% cpu@50.531C soc2@49.093C soc0@50.968C gpu@51.687C tj@51.687C soc1@50.875C VDD_IN 5480mW/5537mW VDD_CPU_GPU_CV 519mW/538mW VDD_SOC 2795mW/2816mW
08-04-2026 13:48:07 RAM 1472/7620MB (lfb 96x4MB) SWAP 0/3810MB (cached 0MB) CPU [0%@729,0%@729,0%@729,0%@729,0%@729,1%@729] GR3D_FREQ 0% cpu@50.75C soc2@49.156C soc0@51.062C gpu@51.687C tj@51.687C soc1@50.906C VDD_IN 5480mW/5537mW VDD_CPU_GPU_CV 519mW/538mW VDD_SOC 2795mW/2816mW
08-04-2026 13:48:08 RAM 1472/7620MB (lfb 96x4MB) SWAP 0/3810MB (cached 0MB) CPU [0%@729,0%@729,0%@729,0%@729,0%@729,0%@729] GR3D_FREQ 0% cpu@50.468C soc2@49.187C soc0@51.093C gpu@51.781C tj@51.781C soc1@50.812C VDD_IN 5440mW/5537mW VDD_CPU_GPU_CV 479mW/538mW VDD_SOC 2795mW/2816mW
08-04-2026 13:48:09 RAM 1472/7620MB (lfb 96x4MB) SWAP 0/3810MB (cached 0MB) CPU [0%@729,0%@729,1%@729,1%@729,0%@729,0%@729] GR3D_FREQ 0% cpu@50.5C soc2@49.031C soc0@50.906C gpu@51.75C tj@51.75C soc1@50.656C VDD_IN 5440mW/5537mW VDD_CPU_GPU_CV 479mW/538mW VDD_SOC 2795mW/2816mW
08-04-2026 13:48:10 RAM 1472/7620MB (lfb 96x4MB) SWAP 0/3810MB (cached 0MB) CPU [0%@729,1%@729,0%@729,0%@729,0%@729,0%@729] GR3D_FREQ 0% cpu@50.593C soc2@49.093C soc0@50.968C gpu@51.75C tj@51.468C soc1@50.843C VDD_IN 5440mW/5536mW VDD_CPU_GPU_CV 479mW/538mW VDD_SOC 2795mW/2816mW
08-04-2026 13:48:11 RAM 1472/7620MB (lfb 96x4MB) SWAP 0/3810MB (cached 0MB) CPU [0%@729,0%@729,0%@729,0%@729,0%@729,0%@729] GR3D_FREQ 0% cpu@50.468C soc2@49C soc0@50.937C gpu@51.531C tj@51.531C soc1@50.812C VDD_IN 5480mW/5536mW VDD_CPU_GPU_CV 519mW/538mW VDD_SOC 2795mW/2816mW
08-04-2026 13:48:12 RAM 1472/7620MB (lfb 96x4MB) SWAP 0/3810MB (cached 0MB) CPU [0%@729,1%@729,1%@729,0%@729,0%@729,0%@729] GR3D_FREQ 0% cpu@50.687C soc2@49.25C soc0@51C gpu@51.406C tj@51.406C soc1@50.875C VDD_IN 5480mW/5536mW VDD_CPU_GPU_CV 519mW/538mW VDD_SOC 2795mW/2816mW
08-04-2026 13:48:13 RAM 1472/7620MB (lfb 96x4MB) SWAP 0/3810MB (cached 0MB) CPU [0%@729,0%@729,1%@729,0%@729,0%@729,0%@729] GR3D_FREQ 0% cpu@50.562C soc2@49.156C soc0@51.125C gpu@51.468C tj@51.468C soc1@50.812C VDD_IN 5440mW/5536mW VDD_CPU_GPU_CV 479mW/538mW VDD_SOC 2795mW/2816mW
08-04-2026 13:48:14 RAM 1472/7620MB (lfb 96x4MB) SWAP 0/3810MB (cached 0MB) CPU [0%@729,0%@729,0%@729,0%@729,0%@729,0%@729] GR3D_FREQ 0% cpu@50.5C soc2@49.031C soc0@50.968C gpu@51.531C tj@51.531C soc1@50.781C VDD_IN 5471mW/5536mW VDD_CPU_GPU_CV 519mW/538mW VDD_SOC 2795mW/2816mW
08-04-2026 13:48:15 RAM 1472/7620MB (lfb 96x4MB) SWAP 0/3810MB (cached 0MB) CPU [1%@729,0%@729,1%@729,0%@729,0%@729,0%@729] GR3D_FREQ 0% cpu@50.593C soc2@49.156C soc0@50.937C gpu@51.5C tj@51.5C soc1@50.781C VDD_IN 5480mW/5536mW VDD_CPU_GPU_CV 519mW/538mW VDD_SOC 2795mW/2816mW
08-04-2026 13:48:16 RAM 1473/7620MB (lfb 96x4MB) SWAP 0/3810MB (cached 0MB) CPU [0%@729,0%@729,0%@729,0%@729,0%@1728,0%@1728] GR3D_FREQ 0% cpu@50.437C soc2@49.187C soc0@51.031C gpu@51.281C tj@51.281C soc1@50.843C VDD_IN 5480mW/5536mW VDD_CPU_GPU_CV 519mW/538mW VDD_SOC 2795mW/2816mW
08-04-2026 13:48:17 RAM 1473/7620MB (lfb 96x4MB) SWAP 0/3810MB (cached 0MB) CPU [0%@729,0%@729,0%@729,0%@729,0%@729,0%@729] GR3D_FREQ 0% cpu@50.5C soc2@49.281C soc0@51.031C gpu@51.343C tj@51.343C soc1@50.937C VDD_IN 5471mW/5536mW VDD_CPU_GPU_CV 519mW/538mW VDD_SOC 2795mW/2816mW
08-04-2026 13:48:18 RAM 1473/7620MB (lfb 96x4MB) SWAP 0/3810MB (cached 0MB) CPU [1%@729,0%@729,1%@729,0%@729,0%@729,0%@729] GR3D_FREQ 0% cpu@50.625C soc2@49.093C soc0@51.093C gpu@51.312C tj@51.312C soc1@50.718C VDD_IN 5431mW/5536mW VDD_CPU_GPU_CV 519mW/538mW VDD_SOC 2795mW/2816mW
08-04-2026 13:48:19 RAM 1473/7620MB (lfb 96x4MB) SWAP 0/3810MB (cached 0MB) CPU [0%@729,0%@729,0%@729,0%@729,0%@729,0%@729] GR3D_FREQ 0% cpu@50.468C soc2@49.062C soc0@50.968C gpu@51.406C tj@51.406C soc1@50.718C VDD_IN 5471mW/5536mW VDD_CPU_GPU_CV 519mW/538mW VDD_SOC 2795mW/2816mW
08-04-2026 13:48:20 RAM 1473/7620MB (lfb 96x4MB) SWAP 0/3810MB (cached 0MB) CPU [0%@729,0%@729,0%@729,1%@729,0%@729,0%@729] GR3D_FREQ 0% cpu@50.625C soc2@49.093C soc0@50.937C gpu@51.375C tj@51.375C soc1@50.75C VDD_IN 5440mW/5536mW VDD_CPU_GPU_CV 479mW/538mW VDD_SOC 2795mW/2816mW
08-04-2026 13:48:21 RAM 1473/7620MB (lfb 96x4MB) SWAP 0/3810MB (cached 0MB) CPU [0%@729,0%@729,0%@729,1%@729,0%@729,0%@729] GR3D_FREQ 0% cpu@50.906C soc2@49.093C soc0@51C gpu@51.437C tj@51.437C soc1@50.875C VDD_IN 5480mW/5536mW VDD_CPU_GPU_CV 519mW/538mW VDD_SOC 2795mW/2816mW
08-04-2026 13:48:22 RAM 1473/7620MB (lfb 96x4MB) SWAP 0/3810MB (cached 0MB) CPU [0%@729,0%@729,0%@729,0%@729,0%@729,0%@729] GR3D_FREQ 0% cpu@50.531C soc2@49.187C soc0@51.093C gpu@51.562C tj@51.562C soc1@50.875C VDD_IN 5440mW/5535mW VDD_CPU_GPU_CV 479mW/538mW VDD_SOC 2795mW/2816mW
08-04-2026 13:48:23 RAM 1473/7620MB (lfb 96x4MB) SWAP 0/3810MB (cached 0MB) CPU [1%@729,0%@729,0%@729,1%@729,0%@729,0%@729] GR3D_FREQ 0% cpu@50.562C soc2@49.093C soc0@51C gpu@51.656C tj@51.656C soc1@50.687C VDD_IN 5480mW/5535mW VDD_CPU_GPU_CV 479mW/537mW VDD_SOC 2795mW/2816mW
08-04-2026 13:48:24 RAM 1473/7620MB (lfb 96x4MB) SWAP 0/3810MB (cached 0MB) CPU [0%@729,0%@729,0%@729,1%@729,0%@729,0%@729] GR3D_FREQ 0% cpu@50.593C soc2@49.093C soc0@51.218C gpu@51.687C tj@51.687C soc1@50.781C VDD_IN 5480mW/5535mW VDD_CPU_GPU_CV 519mW/537mW VDD_SOC 2795mW/2816mW
08-04-2026 13:48:25 RAM 1473/7620MB (lfb 96x4MB) SWAP 0/3810MB (cached 0MB) CPU [0%@729,0%@729,0%@729,1%@729,0%@729,0%@729] GR3D_FREQ 0% cpu@50.593C soc2@49.062C soc0@50.968C gpu@51.593C tj@51.593C soc1@50.75C VDD_IN 5440mW/5535mW VDD_CPU_GPU_CV 479mW/537mW VDD_SOC 2795mW/2816mW
08-04-2026 13:48:26 RAM 1473/7620MB (lfb 96x4MB) SWAP 0/3810MB (cached 0MB) CPU [0%@729,0%@729,0%@729,0%@729,0%@729,0%@729] GR3D_FREQ 0% cpu@50.875C soc2@49.156C soc0@50.968C gpu@51.656C tj@51.656C soc1@50.812C VDD_IN 5480mW/5535mW VDD_CPU_GPU_CV 479mW/537mW VDD_SOC 2795mW/2816mW
08-04-2026 13:48:27 RAM 1473/7620MB (lfb 96x4MB) SWAP 0/3810MB (cached 0MB) CPU [0%@729,0%@729,0%@729,2%@729,0%@729,0%@729] GR3D_FREQ 0% cpu@50.437C soc2@49.187C soc0@51.125C gpu@51.406C tj@51.406C soc1@50.968C VDD_IN 5480mW/5535mW VDD_CPU_GPU_CV 519mW/537mW VDD_SOC 2795mW/2816mW
08-04-2026 13:48:28 RAM 1473/7620MB (lfb 96x4MB) SWAP 0/3810MB (cached 0MB) CPU [0%@729,0%@729,0%@729,0%@729,0%@729,0%@729] GR3D_FREQ 0% cpu@50.593C soc2@49.125C soc0@51.062C gpu@51.437C tj@51.437C soc1@50.781C VDD_IN 5480mW/5535mW VDD_CPU_GPU_CV 519mW/537mW VDD_SOC 2795mW/2816mW
08-04-2026 13:48:29 RAM 1473/7620MB (lfb 96x4MB) SWAP 0/3810MB (cached 0MB) CPU [0%@729,0%@729,0%@729,1%@729,0%@729,0%@729] GR3D_FREQ 0% cpu@50.781C soc2@49C soc0@50.906C gpu@51.375C tj@51.375C soc1@50.812C VDD_IN 5471mW/5535mW VDD_CPU_GPU_CV 479mW/537mW VDD_SOC 2795mW/2816mW
08-04-2026 13:48:30 RAM 1473/7620MB (lfb 96x4MB) SWAP 0/3810MB (cached 0MB) CPU [0%@729,0%@729,0%@729,1%@729,0%@729,0%@729] GR3D_FREQ 0% cpu@50.625C soc2@49.125C soc0@51C gpu@51.375C tj@51.375C soc1@50.812C VDD_IN 5471mW/5535mW VDD_CPU_GPU_CV 519mW/537mW VDD_SOC 2795mW/2816mW
08-04-2026 13:48:31 RAM 1473/7620MB (lfb 96x4MB) SWAP 0/3810MB (cached 0MB) CPU [0%@729,0%@729,0%@729,1%@729,0%@729,0%@729] GR3D_FREQ 0% cpu@50.843C soc2@49.031C soc0@51.031C gpu@51.5C tj@51.5C soc1@50.906C VDD_IN 5471mW/5535mW VDD_CPU_GPU_CV 519mW/537mW VDD_SOC 2795mW/2816mW
08-04-2026 13:48:32 RAM 1473/7620MB (lfb 96x4MB) SWAP 0/3810MB (cached 0MB) CPU [0%@729,0%@729,0%@729,1%@729,0%@729,0%@729] GR3D_FREQ 0% cpu@50.5C soc2@49.187C soc0@51.031C gpu@51.468C tj@51.468C soc1@50.687C VDD_IN 5480mW/5535mW VDD_CPU_GPU_CV 519mW/537mW VDD_SOC 2795mW/2816mW
08-04-2026 13:48:33 RAM 1473/7620MB (lfb 96x4MB) SWAP 0/3810MB (cached 0MB) CPU [0%@729,0%@729,0%@729,1%@729,0%@729,0%@729] GR3D_FREQ 0% cpu@50.531C soc2@49.093C soc0@51.031C gpu@51.781C tj@51.781C soc1@50.781C VDD_IN 5471mW/5535mW VDD_CPU_GPU_CV 479mW/537mW VDD_SOC 2795mW/2816mW
08-04-2026 13:48:34 RAM 1473/7620MB (lfb 96x4MB) SWAP 0/3810MB (cached 0MB) CPU [0%@729,0%@729,0%@729,1%@729,0%@729,0%@729] GR3D_FREQ 0% cpu@50.718C soc2@49.125C soc0@50.968C gpu@51.781C tj@51.781C soc1@50.781C VDD_IN 5471mW/5535mW VDD_CPU_GPU_CV 479mW/537mW VDD_SOC 2795mW/2816mW
08-04-2026 13:48:35 RAM 1473/7620MB (lfb 96x4MB) SWAP 0/3810MB (cached 0MB) CPU [0%@729,0%@729,1%@729,0%@729,0%@729,0%@729] GR3D_FREQ 0% cpu@50.625C soc2@49.031C soc0@50.968C gpu@51.812C tj@51.812C soc1@50.812C VDD_IN 5471mW/5535mW VDD_CPU_GPU_CV 519mW/537mW VDD_SOC 2795mW/2816mW
08-04-2026 13:48:36 RAM 1473/7620MB (lfb 96x4MB) SWAP 0/3810MB (cached 0MB) CPU [0%@729,0%@729,0%@729,1%@729,0%@729,0%@729] GR3D_FREQ 0% cpu@50.781C soc2@49.093C soc0@51C gpu@51.781C tj@51.781C soc1@50.843C VDD_IN 5471mW/5535mW VDD_CPU_GPU_CV 479mW/537mW VDD_SOC 2795mW/2816mW
08-04-2026 13:48:37 RAM 1473/7620MB (lfb 96x4MB) SWAP 0/3810MB (cached 0MB) CPU [0%@729,0%@729,0%@729,1%@729,0%@729,0%@729] GR3D_FREQ 0% cpu@50.468C soc2@49.218C soc0@51.062C gpu@51.875C tj@51.875C soc1@50.687C VDD_IN 5480mW/5535mW VDD_CPU_GPU_CV 519mW/537mW VDD_SOC 2795mW/2816mW
08-04-2026 13:48:38 RAM 1473/7620MB (lfb 96x4MB) SWAP 0/3810MB (cached 0MB) CPU [0%@729,0%@729,0%@729,0%@729,0%@729,0%@729] GR3D_FREQ 0% cpu@50.562C soc2@49.093C soc0@51.156C gpu@51.562C tj@51.562C soc1@50.687C VDD_IN 5471mW/5534mW VDD_CPU_GPU_CV 479mW/537mW VDD_SOC 2795mW/2816mW
08-04-2026 13:48:39 RAM 1473/7620MB (lfb 96x4MB) SWAP 0/3810MB (cached 0MB) CPU [0%@729,0%@729,0%@729,2%@729,0%@729,0%@729] GR3D_FREQ 0% cpu@50.687C soc2@49.125C soc0@50.968C gpu@51.562C tj@51.562C soc1@50.812C VDD_IN 5471mW/5534mW VDD_CPU_GPU_CV 479mW/537mW VDD_SOC 2795mW/2816mW
08-04-2026 13:48:40 RAM 1473/7620MB (lfb 96x4MB) SWAP 0/3810MB (cached 0MB) CPU [0%@729,0%@729,0%@729,0%@729,0%@729,0%@729] GR3D_FREQ 0% cpu@50.5C soc2@49.156C soc0@50.968C gpu@51.437C tj@51.437C soc1@50.781C VDD_IN 5431mW/5534mW VDD_CPU_GPU_CV 479mW/537mW VDD_SOC 2795mW/2816mW
08-04-2026 13:48:41 RAM 1473/7620MB (lfb 96x4MB) SWAP 0/3810MB (cached 0MB) CPU [0%@729,0%@729,0%@729,0%@729,0%@729,0%@729] GR3D_FREQ 0% cpu@50.812C soc2@49.125C soc0@50.968C gpu@51.562C tj@51.562C soc1@50.875C VDD_IN 5471mW/5534mW VDD_CPU_GPU_CV 479mW/537mW VDD_SOC 2795mW/2816mW
08-04-2026 13:48:42 RAM 1473/7620MB (lfb 96x4MB) SWAP 0/3810MB (cached 0MB) CPU [0%@729,0%@729,0%@729,1%@729,0%@729,0%@729] GR3D_FREQ 0% cpu@50.5C soc2@49.093C soc0@51.125C gpu@51.5C tj@51.5C soc1@50.718C VDD_IN 5471mW/5534mW VDD_CPU_GPU_CV 519mW/537mW VDD_SOC 2795mW/2816mW
08-04-2026 13:48:43 RAM 1473/7620MB (lfb 96x4MB) SWAP 0/3810MB (cached 0MB) CPU [0%@729,1%@729,0%@729,0%@729,0%@729,0%@729] GR3D_FREQ 0% cpu@50.531C soc2@49.093C soc0@51.093C gpu@51.593C tj@51.593C soc1@50.843C VDD_IN 5431mW/5534mW VDD_CPU_GPU_CV 479mW/537mW VDD_SOC 2795mW/2816mW
08-04-2026 13:48:44 RAM 1473/7620MB (lfb 96x4MB) SWAP 0/3810MB (cached 0MB) CPU [0%@729,0%@729,0%@729,0%@729,0%@729,0%@729] GR3D_FREQ 0% cpu@50.781C soc2@49C soc0@50.968C gpu@51.437C tj@51.437C soc1@50.781C VDD_IN 5480mW/5534mW VDD_CPU_GPU_CV 519mW/537mW VDD_SOC 2795mW/2816mW
08-04-2026 13:48:45 RAM 1473/7620MB (lfb 96x4MB) SWAP 0/3810MB (cached 0MB) CPU [1%@729,0%@729,0%@729,0%@729,0%@729,0%@729] GR3D_FREQ 0% cpu@50.5C soc2@49.156C soc0@50.968C gpu@51.406C tj@51.406C soc1@50.906C VDD_IN 5471mW/5534mW VDD_CPU_GPU_CV 519mW/537mW VDD_SOC 2795mW/2816mW
08-04-2026 13:48:46 RAM 1473/7620MB (lfb 96x4MB) SWAP 0/3810MB (cached 0MB) CPU [0%@729,0%@729,0%@729,0%@729,0%@729,0%@729] GR3D_FREQ 0% cpu@50.687C soc2@49.156C soc0@51C gpu@51.406C tj@51.406C soc1@50.906C VDD_IN 5471mW/5534mW VDD_CPU_GPU_CV 479mW/537mW VDD_SOC 2795mW/2816mW
08-04-2026 13:48:47 RAM 1473/7620MB (lfb 96x4MB) SWAP 0/3810MB (cached 0MB) CPU [0%@729,0%@729,0%@729,1%@729,0%@729,0%@729] GR3D_FREQ 0% cpu@50.406C soc2@49.218C soc0@51.031C gpu@51.406C tj@51.406C soc1@50.75C VDD_IN 5471mW/5534mW VDD_CPU_GPU_CV 519mW/536mW VDD_SOC 2795mW/2816mW
08-04-2026 13:48:48 RAM 1473/7620MB (lfb 96x4MB) SWAP 0/3810MB (cached 0MB) CPU [1%@729,1%@729,0%@729,0%@729,0%@729,0%@729] GR3D_FREQ 0% cpu@50.531C soc2@49.062C soc0@51.218C gpu@51.343C tj@51.343C soc1@50.75C VDD_IN 5471mW/5534mW VDD_CPU_GPU_CV 479mW/536mW VDD_SOC 2795mW/2816mW
08-04-2026 13:48:49 RAM 1473/7620MB (lfb 96x4MB) SWAP 0/3810MB (cached 0MB) CPU [1%@729,1%@729,0%@729,1%@729,0%@729,0%@729] GR3D_FREQ 0% cpu@50.718C soc2@49.093C soc0@51C gpu@51.406C tj@51.406C soc1@50.75C VDD_IN 5471mW/5534mW VDD_CPU_GPU_CV 479mW/536mW VDD_SOC 2795mW/2816mW
08-04-2026 13:48:50 RAM 1473/7620MB (lfb 96x4MB) SWAP 0/3810MB (cached 0MB) CPU [0%@729,0%@729,0%@729,0%@729,0%@729,0%@729] GR3D_FREQ 0% cpu@50.562C soc2@49.031C soc0@51.062C gpu@51.375C tj@51.375C soc1@50.875C VDD_IN 5471mW/5534mW VDD_CPU_GPU_CV 519mW/536mW VDD_SOC 2795mW/2815mW
08-04-2026 13:48:51 RAM 1473/7620MB (lfb 96x4MB) SWAP 0/3810MB (cached 0MB) CPU [1%@729,0%@729,0%@729,0%@729,0%@729,0%@729] GR3D_FREQ 0% cpu@50.781C soc2@49.218C soc0@51.031C gpu@51.656C tj@51.656C soc1@50.843C VDD_IN 5480mW/5534mW VDD_CPU_GPU_CV 479mW/536mW VDD_SOC 2795mW/2815mW
08-04-2026 13:48:52 RAM 1532/7620MB (lfb 96x4MB) SWAP 0/3810MB (cached 0MB) CPU [83%@1728,7%@1728,7%@1728,7%@1728,6%@729,6%@729] GR3D_FREQ 0% cpu@51C soc2@49.468C soc0@51.156C gpu@51.843C tj@51.843C soc1@50.812C VDD_IN 7160mW/5535mW VDD_CPU_GPU_CV 1397mW/537mW VDD_SOC 3234mW/2816mW
08-04-2026 13:48:53 RAM 1709/7620MB (lfb 96x4MB) SWAP 0/3810MB (cached 0MB) CPU [100%@1728,7%@1728,7%@1728,6%@1728,6%@729,7%@729] GR3D_FREQ 0% cpu@51.5C soc2@49.5C soc0@51.25C gpu@52C tj@52C soc1@50.906C VDD_IN 7440mW/5537mW VDD_CPU_GPU_CV 1557mW/538mW VDD_SOC 3314mW/2816mW
08-04-2026 13:48:54 RAM 1735/7620MB (lfb 96x4MB) SWAP 0/3810MB (cached 0MB) CPU [100%@1728,0%@1728,0%@1728,0%@1728,0%@729,0%@729] GR3D_FREQ 0% cpu@51.687C soc2@49.562C soc0@51.062C gpu@52.125C tj@52.125C soc1@50.906C VDD_IN 7440mW/5539mW VDD_CPU_GPU_CV 1557mW/539mW VDD_SOC 3274mW/2817mW
08-04-2026 13:48:55 RAM 1763/7620MB (lfb 96x4MB) SWAP 0/3810MB (cached 0MB) CPU [99%@1728,0%@1728,0%@1728,0%@1728,0%@729,0%@729] GR3D_FREQ 0% cpu@51.375C soc2@49.593C soc0@51.25C gpu@52.093C tj@52.093C soc1@51C VDD_IN 7428mW/5541mW VDD_CPU_GPU_CV 1477mW/540mW VDD_SOC 3314mW/2817mW
08-04-2026 13:48:56 RAM 1471/7620MB (lfb 96x4MB) SWAP 0/3810MB (cached 0MB) CPU [95%@729,0%@729,1%@729,0%@729,0%@729,0%@729] GR3D_FREQ 0% cpu@51.156C soc2@49.468C soc0@51.281C gpu@52.187C tj@52.187C soc1@51.125C VDD_IN 7188mW/5543mW VDD_CPU_GPU_CV 1238mW/541mW VDD_SOC 3314mW/2818mW
08-04-2026 13:48:57 RAM 1471/7620MB (lfb 96x4MB) SWAP 0/3810MB (cached 0MB) CPU [0%@729,0%@729,1%@729,1%@729,0%@729,0%@729] GR3D_FREQ 0% cpu@50.687C soc2@49.375C soc0@51.375C gpu@52.031C tj@52.031C soc1@50.968C VDD_IN 5720mW/5543mW VDD_CPU_GPU_CV 599mW/541mW VDD_SOC 2875mW/2818mW
08-04-2026 13:48:58 RAM 1471/7620MB (lfb 96x4MB) SWAP 0/3810MB (cached 0MB) CPU [0%@729,0%@729,0%@729,0%@729,0%@729,0%@729] GR3D_FREQ 0% cpu@50.718C soc2@49.312C soc0@51.281C gpu@52C tj@52C soc1@50.906C VDD_IN 5480mW/5543mW VDD_CPU_GPU_CV 519mW/541mW VDD_SOC 2795mW/2818mW
08-04-2026 13:48:59 RAM 1471/7620MB (lfb 96x4MB) SWAP 0/3810MB (cached 0MB) CPU [2%@729,1%@729,0%@729,0%@729,0%@729,0%@729] GR3D_FREQ 0% cpu@50.875C soc2@49.281C soc0@51.062C gpu@51.687C tj@51.687C soc1@51C VDD_IN 5480mW/5543mW VDD_CPU_GPU_CV 519mW/541mW VDD_SOC 2795mW/2818mW
08-04-2026 13:49:00 RAM 1471/7620MB (lfb 96x4MB) SWAP 0/3810MB (cached 0MB) CPU [1%@729,0%@729,0%@729,0%@729,0%@729,0%@729] GR3D_FREQ 0% cpu@50.812C soc2@49.25C soc0@51.187C gpu@51.625C tj@51.625C soc1@50.906C VDD_IN 5471mW/5543mW VDD_CPU_GPU_CV 519mW/541mW VDD_SOC 2795mW/2818mW
08-04-2026 13:49:01 RAM 1471/7620MB (lfb 96x4MB) SWAP 0/3810MB (cached 0MB) CPU [1%@729,0%@729,0%@729,0%@729,0%@729,0%@729] GR3D_FREQ 0% cpu@50.937C soc2@49.343C soc0@51.187C gpu@51.687C tj@51.687C soc1@51.031C VDD_IN 5471mW/5543mW VDD_CPU_GPU_CV 519mW/541mW VDD_SOC 2795mW/2818mW
08-04-2026 13:49:02 RAM 1471/7620MB (lfb 96x4MB) SWAP 0/3810MB (cached 0MB) CPU [1%@729,0%@729,2%@729,0%@729,0%@729,0%@729] GR3D_FREQ 0% cpu@50.625C soc2@49.281C soc0@51.406C gpu@51.656C tj@51.656C soc1@50.843C VDD_IN 5471mW/5543mW VDD_CPU_GPU_CV 519mW/541mW VDD_SOC 2795mW/2818mW
08-04-2026 13:49:03 RAM 1471/7620MB (lfb 96x4MB) SWAP 0/3810MB (cached 0MB) CPU [1%@729,1%@729,0%@729,0%@729,0%@729,0%@729] GR3D_FREQ 0% cpu@50.718C soc2@49.156C soc0@51.281C gpu@51.656C tj@51.656C soc1@50.875C VDD_IN 5480mW/5542mW VDD_CPU_GPU_CV 519mW/541mW VDD_SOC 2795mW/2818mW
08-04-2026 13:49:04 RAM 1471/7620MB (lfb 96x4MB) SWAP 0/3810MB (cached 0MB) CPU [1%@729,0%@729,0%@729,0%@729,0%@729,0%@729] GR3D_FREQ 0% cpu@50.781C soc2@49.187C soc0@51.156C gpu@51.375C tj@51.375C soc1@50.875C VDD_IN 5480mW/5542mW VDD_CPU_GPU_CV 519mW/541mW VDD_SOC 2795mW/2818mW
08-04-2026 13:49:05 RAM 1471/7620MB (lfb 96x4MB) SWAP 0/3810MB (cached 0MB) CPU [1%@729,0%@729,0%@729,0%@729,0%@729,0%@729] GR3D_FREQ 0% cpu@50.625C soc2@49.281C soc0@51.031C gpu@51.468C tj@51.468C soc1@50.937C VDD_IN 5480mW/5542mW VDD_CPU_GPU_CV 519mW/541mW VDD_SOC 2795mW/2818mW
08-04-2026 13:49:06 RAM 1471/7620MB (lfb 96x4MB) SWAP 0/3810MB (cached 0MB) CPU [1%@729,0%@729,0%@729,0%@729,0%@729,0%@729] GR3D_FREQ 0% cpu@50.875C soc2@49.281C soc0@51.125C gpu@51.468C tj@51.468C soc1@51C VDD_IN 5471mW/5542mW VDD_CPU_GPU_CV 519mW/541mW VDD_SOC 2795mW/2818mW
08-04-2026 13:49:07 RAM 1471/7620MB (lfb 96x4MB) SWAP 0/3810MB (cached 0MB) CPU [0%@729,0%@729,0%@729,0%@729,0%@729,0%@729] GR3D_FREQ 0% cpu@50.562C soc2@49.281C soc0@51.062C gpu@51.468C tj@51.468C soc1@50.843C VDD_IN 5471mW/5542mW VDD_CPU_GPU_CV 519mW/541mW VDD_SOC 2795mW/2818mW
08-04-2026 13:49:08 RAM 1471/7620MB (lfb 96x4MB) SWAP 0/3810MB (cached 0MB) CPU [1%@729,0%@729,0%@729,0%@729,0%@729,0%@729] GR3D_FREQ 0% cpu@50.562C soc2@49.218C soc0@51.281C gpu@51.531C tj@51.531C soc1@50.843C VDD_IN 5480mW/5542mW VDD_CPU_GPU_CV 479mW/541mW VDD_SOC 2795mW/2818mW
08-04-2026 13:49:09 RAM 1471/7620MB (lfb 96x4MB) SWAP 0/3810MB (cached 0MB) CPU [2%@729,0%@729,0%@729,0%@729,0%@729,0%@729] GR3D_FREQ 0% cpu@50.75C soc2@49.218C soc0@51.093C gpu@51.687C tj@51.687C soc1@50.843C VDD_IN 5440mW/5542mW VDD_CPU_GPU_CV 479mW/541mW VDD_SOC 2795mW/2818mW
08-04-2026 13:49:10 RAM 1471/7620MB (lfb 96x4MB) SWAP 0/3810MB (cached 0MB) CPU [0%@729,0%@729,0%@729,0%@729,0%@729,0%@729] GR3D_FREQ 0% cpu@50.625C soc2@49.25C soc0@51C gpu@51.687C tj@51.687C soc1@50.937C VDD_IN 5431mW/5542mW VDD_CPU_GPU_CV 479mW/541mW VDD_SOC 2795mW/2818mW
08-04-2026 13:49:11 RAM 1471/7620MB (lfb 96x4MB) SWAP 0/3810MB (cached 0MB) CPU [0%@729,0%@729,0%@729,0%@729,0%@729,0%@729] GR3D_FREQ 0% cpu@50.625C soc2@49.281C soc0@51.093C gpu@51.687C tj@51.687C soc1@51C VDD_IN 5480mW/5542mW VDD_CPU_GPU_CV 519mW/541mW VDD_SOC 2795mW/2818mW
08-04-2026 13:49:12 RAM 1471/7620MB (lfb 96x4MB) SWAP 0/3810MB (cached 0MB) CPU [2%@729,0%@729,0%@729,0%@729,0%@729,0%@729] GR3D_FREQ 0% cpu@50.531C soc2@49.156C soc0@51.187C gpu@51.687C tj@51.687C soc1@50.781C VDD_IN 5471mW/5542mW VDD_CPU_GPU_CV 519mW/541mW VDD_SOC 2795mW/2818mW
08-04-2026 13:49:13 RAM 1471/7620MB (lfb 96x4MB) SWAP 0/3810MB (cached 0MB) CPU [1%@729,1%@729,0%@729,0%@729,0%@729,0%@729] GR3D_FREQ 0% cpu@50.625C soc2@49.125C soc0@51.031C gpu@51.656C tj@51.656C soc1@50.75C VDD_IN 5480mW/5542mW VDD_CPU_GPU_CV 519mW/541mW VDD_SOC 2795mW/2818mW
08-04-2026 13:49:14 RAM 1471/7620MB (lfb 96x4MB) SWAP 0/3810MB (cached 0MB) CPU [0%@729,0%@729,0%@729,0%@729,0%@729,0%@729] GR3D_FREQ 0% cpu@50.718C soc2@49.156C soc0@50.937C gpu@51.5C tj@51.5C soc1@50.843C VDD_IN 5471mW/5542mW VDD_CPU_GPU_CV 519mW/541mW VDD_SOC 2795mW/2818mW
08-04-2026 13:49:15 RAM 1471/7620MB (lfb 96x4MB) SWAP 0/3810MB (cached 0MB) CPU [0%@729,0%@729,0%@729,0%@729,0%@729,0%@729] GR3D_FREQ 0% cpu@50.468C soc2@49.218C soc0@51.093C gpu@51.437C tj@51.437C soc1@50.968C VDD_IN 5471mW/5542mW VDD_CPU_GPU_CV 519mW/540mW VDD_SOC 2795mW/2818mW
08-04-2026 13:49:16 RAM 1471/7620MB (lfb 96x4MB) SWAP 0/3810MB (cached 0MB) CPU [1%@729,1%@729,0%@729,0%@729,0%@729,0%@729] GR3D_FREQ 0% cpu@50.812C soc2@49.218C soc0@51.062C gpu@51.5C tj@51.5C soc1@50.781C VDD_IN 5471mW/5542mW VDD_CPU_GPU_CV 519mW/540mW VDD_SOC 2795mW/2818mW
08-04-2026 13:49:17 RAM 1471/7620MB (lfb 96x4MB) SWAP 0/3810MB (cached 0MB) CPU [0%@729,0%@729,0%@729,0%@729,0%@729,0%@729] GR3D_FREQ 0% cpu@50.5C soc2@49.125C soc0@51.062C gpu@51.468C tj@51.468C soc1@50.781C VDD_IN 5471mW/5541mW VDD_CPU_GPU_CV 519mW/540mW VDD_SOC 2795mW/2817mW
08-04-2026 13:49:18 RAM 1471/7620MB (lfb 96x4MB) SWAP 0/3810MB (cached 0MB) CPU [1%@729,0%@729,0%@729,0%@729,0%@729,0%@729] GR3D_FREQ 0% cpu@50.531C soc2@49.125C soc0@51C gpu@51.5C tj@51.5C soc1@50.812C VDD_IN 5480mW/5541mW VDD_CPU_GPU_CV 519mW/540mW VDD_SOC 2795mW/2817mW
08-04-2026 13:49:19 RAM 1471/7620MB (lfb 96x4MB) SWAP 0/3810MB (cached 0MB) CPU [0%@729,0%@729,0%@729,0%@729,0%@729,0%@729] GR3D_FREQ 0% cpu@50.656C soc2@49.156C soc0@51C gpu@51.468C tj@51.468C soc1@50.781C VDD_IN 5471mW/5541mW VDD_CPU_GPU_CV 519mW/540mW VDD_SOC 2795mW/2817mW
08-04-2026 13:49:20 RAM 1471/7620MB (lfb 96x4MB) SWAP 0/3810MB (cached 0MB) CPU [1%@729,0%@729,0%@729,0%@729,0%@729,0%@729] GR3D_FREQ 0% cpu@50.468C soc2@49.093C soc0@51.062C gpu@51.781C tj@51.781C soc1@50.937C VDD_IN 5471mW/5541mW VDD_CPU_GPU_CV 519mW/540mW VDD_SOC 2795mW/2817mW
08-04-2026 13:49:21 RAM 1471/7620MB (lfb 96x4MB) SWAP 0/3810MB (cached 0MB) CPU [2%@729,0%@729,0%@729,0%@729,0%@729,0%@729] GR3D_FREQ 0% cpu@50.531C soc2@49.187C soc0@51.093C gpu@51.718C tj@51.718C soc1@50.812C VDD_IN 5471mW/5541mW VDD_CPU_GPU_CV 479mW/540mW VDD_SOC 2795mW/2817mW
08-04-2026 13:49:22 RAM 1471/7620MB (lfb 96x4MB) SWAP 0/3810MB (cached 0MB) CPU [1%@729,0%@729,0%@729,0%@729,0%@729,0%@729] GR3D_FREQ 0% cpu@50.531C soc2@49.093C soc0@51.125C gpu@51.781C tj@51.781C soc1@50.781C VDD_IN 5471mW/5541mW VDD_CPU_GPU_CV 519mW/540mW VDD_SOC 2795mW/2817mW
08-04-2026 13:49:23 RAM 1471/7620MB (lfb 96x4MB) SWAP 0/3810MB (cached 0MB) CPU [1%@729,0%@729,0%@729,0%@729,0%@729,0%@729] GR3D_FREQ 0% cpu@50.5C soc2@49C soc0@50.968C gpu@51.812C tj@51.812C soc1@50.812C VDD_IN 5480mW/5541mW VDD_CPU_GPU_CV 519mW/540mW VDD_SOC 2795mW/2817mW
08-04-2026 13:49:24 RAM 1471/7620MB (lfb 96x4MB) SWAP 0/3810MB (cached 0MB) CPU [1%@729,0%@729,0%@729,0%@729,0%@729,0%@729] GR3D_FREQ 0% cpu@50.656C soc2@49.093C soc0@51.062C gpu@51.843C tj@51.843C soc1@50.843C VDD_IN 5471mW/5541mW VDD_CPU_GPU_CV 519mW/540mW VDD_SOC 2795mW/2817mW
08-04-2026 13:49:25 RAM 1471/7620MB (lfb 96x4MB) SWAP 0/3810MB (cached 0MB) CPU [0%@729,0%@729,0%@729,0%@729,0%@729,0%@729] GR3D_FREQ 0% cpu@50.406C soc2@49.031C soc0@51C gpu@51.343C tj@51.343C soc1@50.875C VDD_IN 5471mW/5541mW VDD_CPU_GPU_CV 519mW/540mW VDD_SOC 2795mW/2817mW
08-04-2026 13:49:26 RAM 1471/7620MB (lfb 96x4MB) SWAP 0/3810MB (cached 0MB) CPU [1%@729,0%@729,0%@729,0%@729,0%@729,0%@729] GR3D_FREQ 0% cpu@50.5C soc2@49.218C soc0@51.093C gpu@51.562C tj@51.562C soc1@50.75C VDD_IN 5471mW/5541mW VDD_CPU_GPU_CV 519mW/540mW VDD_SOC 2795mW/2817mW
08-04-2026 13:49:27 RAM 1471/7620MB (lfb 96x4MB) SWAP 0/3810MB (cached 0MB) CPU [2%@729,0%@729,0%@729,0%@729,0%@729,0%@729] GR3D_FREQ 0% cpu@50.562C soc2@49.031C soc0@51.062C gpu@51.5C tj@51.5C soc1@50.75C VDD_IN 5471mW/5541mW VDD_CPU_GPU_CV 519mW/540mW VDD_SOC 2795mW/2817mW
08-04-2026 13:49:28 RAM 1471/7620MB (lfb 96x4MB) SWAP 0/3810MB (cached 0MB) CPU [0%@729,0%@729,0%@729,0%@729,0%@729,0%@729] GR3D_FREQ 0% cpu@50.468C soc2@49.031C soc0@50.875C gpu@51.468C tj@51.468C soc1@50.781C VDD_IN 5471mW/5541mW VDD_CPU_GPU_CV 519mW/540mW VDD_SOC 2795mW/2817mW
08-04-2026 13:49:29 RAM 1471/7620MB (lfb 96x4MB) SWAP 0/3810MB (cached 0MB) CPU [1%@729,0%@729,0%@729,0%@729,0%@729,0%@729] GR3D_FREQ 0% cpu@50.656C soc2@49.062C soc0@51C gpu@51.562C tj@51.562C soc1@50.718C VDD_IN 5471mW/5541mW VDD_CPU_GPU_CV 519mW/540mW VDD_SOC 2795mW/2817mW
08-04-2026 13:49:30 RAM 1471/7620MB (lfb 96x4MB) SWAP 0/3810MB (cached 0MB) CPU [1%@729,0%@729,0%@729,0%@729,0%@729,0%@729] GR3D_FREQ 0% cpu@50.375C soc2@49.062C soc0@50.968C gpu@51.562C tj@51.562C soc1@50.843C VDD_IN 5471mW/5541mW VDD_CPU_GPU_CV 519mW/540mW VDD_SOC 2795mW/2817mW
08-04-2026 13:49:31 RAM 1471/7620MB (lfb 96x4MB) SWAP 0/3810MB (cached 0MB) CPU [0%@729,0%@729,0%@729,0%@729,0%@729,0%@729] GR3D_FREQ 0% cpu@50.468C soc2@49.218C soc0@50.968C gpu@51.343C tj@51.343C soc1@50.937C VDD_IN 5471mW/5541mW VDD_CPU_GPU_CV 519mW/540mW VDD_SOC 2795mW/2817mW
08-04-2026 13:49:32 RAM 1471/7620MB (lfb 96x4MB) SWAP 0/3810MB (cached 0MB) CPU [1%@729,0%@729,0%@729,0%@729,0%@729,0%@729] GR3D_FREQ 0% cpu@50.562C soc2@49.093C soc0@51.031C gpu@51.281C tj@51.281C soc1@50.687C VDD_IN 5471mW/5540mW VDD_CPU_GPU_CV 519mW/540mW VDD_SOC 2795mW/2817mW
08-04-2026 13:49:33 RAM 1471/7620MB (lfb 96x4MB) SWAP 0/3810MB (cached 0MB) CPU [1%@729,0%@729,0%@729,0%@729,0%@729,0%@729] GR3D_FREQ 0% cpu@50.468C soc2@49.093C soc0@51C gpu@51.343C tj@51.343C soc1@50.75C VDD_IN 5471mW/5540mW VDD_CPU_GPU_CV 519mW/540mW VDD_SOC 2795mW/2817mW
08-04-2026 13:49:34 RAM 1471/7620MB (lfb 96x4MB) SWAP 0/3810MB (cached 0MB) CPU [1%@729,0%@729,0%@729,0%@729,0%@729,0%@729] GR3D_FREQ 0% cpu@50.562C soc2@49.156C soc0@50.968C gpu@51.437C tj@51.437C soc1@50.75C VDD_IN 5440mW/5540mW VDD_CPU_GPU_CV 479mW/540mW VDD_SOC 2795mW/2817mW
08-04-2026 13:49:35 RAM 1471/7620MB (lfb 96x4MB) SWAP 0/3810MB (cached 0MB) CPU [2%@729,0%@729,0%@729,0%@729,0%@729,0%@729] GR3D_FREQ 0% cpu@50.406C soc2@49.062C soc0@51C gpu@51.343C tj@51.343C soc1@50.875C VDD_IN 5471mW/5540mW VDD_CPU_GPU_CV 519mW/540mW VDD_SOC 2795mW/2817mW
08-04-2026 13:49:36 RAM 1471/7620MB (lfb 96x4MB) SWAP 0/3810MB (cached 0MB) CPU [0%@729,0%@729,0%@729,0%@729,0%@729,0%@729] GR3D_FREQ 0% cpu@50.406C soc2@49.156C soc0@50.968C gpu@51.312C tj@51.312C soc1@50.906C VDD_IN 5440mW/5540mW VDD_CPU_GPU_CV 519mW/540mW VDD_SOC 2795mW/2817mW
08-04-2026 13:49:37 RAM 1471/7620MB (lfb 96x4MB) SWAP 0/3810MB (cached 0MB) CPU [0%@729,0%@729,0%@729,0%@729,0%@729,0%@729] GR3D_FREQ 0% cpu@50.468C soc2@49C soc0@51.093C gpu@51.375C tj@51.375C soc1@50.75C VDD_IN 5471mW/5540mW VDD_CPU_GPU_CV 519mW/540mW VDD_SOC 2795mW/2817mW
08-04-2026 13:49:38 RAM 1471/7620MB (lfb 96x4MB) SWAP 0/3810MB (cached 0MB) CPU [1%@729,0%@729,0%@729,0%@729,0%@729,0%@729] GR3D_FREQ 0% cpu@50.625C soc2@49.093C soc0@50.968C gpu@51.593C tj@51.593C soc1@50.687C VDD_IN 5471mW/5540mW VDD_CPU_GPU_CV 519mW/540mW VDD_SOC 2795mW/2817mW
08-04-2026 13:49:39 RAM 1471/7620MB (lfb 96x4MB) SWAP 0/3810MB (cached 0MB) CPU [1%@729,0%@729,0%@729,0%@729,0%@729,0%@729] GR3D_FREQ 0% cpu@50.562C soc2@49.031C soc0@50.937C gpu@51.656C tj@51.656C soc1@50.718C VDD_IN 5440mW/5540mW VDD_CPU_GPU_CV 519mW/540mW VDD_SOC 2795mW/2817mW
08-04-2026 13:49:40 RAM 1471/7620MB (lfb 96x4MB) SWAP 0/3810MB (cached 0MB) CPU [2%@729,0%@729,0%@729,1%@729,0%@729,0%@729] GR3D_FREQ 0% cpu@50.343C soc2@49.031C soc0@50.906C gpu@51.593C tj@51.593C soc1@50.875C VDD_IN 5440mW/5540mW VDD_CPU_GPU_CV 479mW/540mW VDD_SOC 2795mW/2817mW
08-04-2026 13:49:41 RAM 1471/7620MB (lfb 96x4MB) SWAP 0/3810MB (cached 0MB) CPU [1%@729,0%@729,0%@729,0%@729,0%@729,0%@729] GR3D_FREQ 0% cpu@50.468C soc2@49.125C soc0@50.968C gpu@51.593C tj@51.593C soc1@50.812C VDD_IN 5440mW/5540mW VDD_CPU_GPU_CV 479mW/540mW VDD_SOC 2795mW/2817mW
08-04-2026 13:49:42 RAM 1471/7620MB (lfb 96x4MB) SWAP 0/3810MB (cached 0MB) CPU [1%@729,0%@729,0%@729,0%@729,0%@729,0%@729] GR3D_FREQ 0% cpu@50.468C soc2@49.062C soc0@51.062C gpu@51.625C tj@51.625C soc1@50.687C VDD_IN 5480mW/5540mW VDD_CPU_GPU_CV 519mW/540mW VDD_SOC 2795mW/2817mW
08-04-2026 13:49:43 RAM 1471/7620MB (lfb 96x4MB) SWAP 0/3810MB (cached 0MB) CPU [0%@729,0%@729,0%@729,0%@729,0%@729,0%@729] GR3D_FREQ 0% cpu@50.593C soc2@49C soc0@50.906C gpu@51.687C tj@51.687C soc1@50.656C VDD_IN 5480mW/5540mW VDD_CPU_GPU_CV 479mW/540mW VDD_SOC 2795mW/2817mW
08-04-2026 13:49:44 RAM 1471/7620MB (lfb 96x4MB) SWAP 0/3810MB (cached 0MB) CPU [1%@729,0%@729,0%@729,0%@729,0%@729,0%@729] GR3D_FREQ 0% cpu@50.5C soc2@49C soc0@50.906C gpu@51.375C tj@51.375C soc1@50.75C VDD_IN 5440mW/5539mW VDD_CPU_GPU_CV 479mW/540mW VDD_SOC 2795mW/2817mW
08-04-2026 13:49:45 RAM 1471/7620MB (lfb 96x4MB) SWAP 0/3810MB (cached 0MB) CPU [0%@729,0%@729,0%@729,0%@729,0%@729,0%@729] GR3D_FREQ 0% cpu@50.375C soc2@49.093C soc0@50.968C gpu@51.281C tj@51.281C soc1@50.781C VDD_IN 5440mW/5539mW VDD_CPU_GPU_CV 479mW/540mW VDD_SOC 2795mW/2817mW
08-04-2026 13:49:46 RAM 1471/7620MB (lfb 96x4MB) SWAP 0/3810MB (cached 0MB) CPU [0%@729,1%@729,0%@729,0%@729,0%@729,0%@729] GR3D_FREQ 0% cpu@50.406C soc2@49.062C soc0@50.906C gpu@51.343C tj@51.343C soc1@50.593C VDD_IN 5440mW/5539mW VDD_CPU_GPU_CV 479mW/540mW VDD_SOC 2795mW/2817mW
08-04-2026 13:49:47 RAM 1471/7620MB (lfb 96x4MB) SWAP 0/3810MB (cached 0MB) CPU [1%@729,0%@729,0%@729,0%@729,0%@729,0%@729] GR3D_FREQ 0% cpu@50.468C soc2@48.968C soc0@50.875C gpu@51.375C tj@51.375C soc1@50.656C VDD_IN 5480mW/5539mW VDD_CPU_GPU_CV 519mW/540mW VDD_SOC 2795mW/2817mW
08-04-2026 13:49:48 RAM 1471/7620MB (lfb 96x4MB) SWAP 0/3810MB (cached 0MB) CPU [0%@729,1%@729,0%@729,0%@729,0%@729,0%@729] GR3D_FREQ 0% cpu@50.562C soc2@49.031C soc0@50.843C gpu@51.375C tj@51.375C soc1@50.593C VDD_IN 5440mW/5539mW VDD_CPU_GPU_CV 479mW/539mW VDD_SOC 2795mW/2817mW
08-04-2026 13:49:49 RAM 1471/7620MB (lfb 96x4MB) SWAP 0/3810MB (cached 0MB) CPU [1%@729,0%@729,0%@729,0%@729,0%@729,0%@729] GR3D_FREQ 0% cpu@50.468C soc2@49C soc0@50.906C gpu@51.312C tj@51.312C soc1@50.718C VDD_IN 5440mW/5539mW VDD_CPU_GPU_CV 479mW/539mW VDD_SOC 2795mW/2817mW
08-04-2026 13:49:50 RAM 1471/7620MB (lfb 96x4MB) SWAP 0/3810MB (cached 0MB) CPU [1%@729,0%@729,0%@729,0%@729,0%@729,0%@729] GR3D_FREQ 0% cpu@50.312C soc2@49C soc0@50.875C gpu@51.218C tj@51.218C soc1@50.75C VDD_IN 5480mW/5539mW VDD_CPU_GPU_CV 519mW/539mW VDD_SOC 2795mW/2817mW
08-04-2026 13:49:51 RAM 1471/7620MB (lfb 96x4MB) SWAP 0/3810MB (cached 0MB) CPU [0%@729,0%@729,0%@729,0%@729,0%@729,0%@729] GR3D_FREQ 0% cpu@50.343C soc2@49C soc0@50.937C gpu@51.218C tj@51.218C soc1@50.593C VDD_IN 5431mW/5539mW VDD_CPU_GPU_CV 519mW/539mW VDD_SOC 2795mW/2817mW
08-04-2026 13:49:52 RAM 1471/7620MB (lfb 96x4MB) SWAP 0/3810MB (cached 0MB) CPU [0%@729,0%@729,0%@729,0%@729,0%@729,0%@729] GR3D_FREQ 0% cpu@50.437C soc2@49.031C soc0@50.906C gpu@51.218C tj@51.218C soc1@50.593C VDD_IN 5480mW/5539mW VDD_CPU_GPU_CV 519mW/539mW VDD_SOC 2795mW/2817mW
08-04-2026 13:49:53 RAM 1471/7620MB (lfb 96x4MB) SWAP 0/3810MB (cached 0MB) CPU [1%@729,0%@729,0%@729,0%@729,0%@729,0%@729] GR3D_FREQ 0% cpu@50.593C soc2@48.968C soc0@50.875C gpu@51.25C tj@51.25C soc1@50.625C VDD_IN 5440mW/5539mW VDD_CPU_GPU_CV 519mW/539mW VDD_SOC 2795mW/2817mW
08-04-2026 13:49:54 RAM 1471/7620MB (lfb 96x4MB) SWAP 0/3810MB (cached 0MB) CPU [2%@729,0%@729,0%@729,0%@729,0%@729,0%@729] GR3D_FREQ 0% cpu@50.468C soc2@48.968C soc0@50.906C gpu@51.312C tj@51.312C soc1@50.687C VDD_IN 5440mW/5539mW VDD_CPU_GPU_CV 519mW/539mW VDD_SOC 2795mW/2817mW
08-04-2026 13:49:55 RAM 1471/7620MB (lfb 96x4MB) SWAP 0/3810MB (cached 0MB) CPU [1%@729,0%@729,0%@729,0%@729,0%@729,0%@729] GR3D_FREQ 0% cpu@50.718C soc2@49.062C soc0@50.937C gpu@51.25C tj@51.25C soc1@50.75C VDD_IN 5440mW/5539mW VDD_CPU_GPU_CV 479mW/539mW VDD_SOC 2795mW/2817mW
08-04-2026 13:49:56 RAM 1471/7620MB (lfb 96x4MB) SWAP 0/3810MB (cached 0MB) CPU [1%@729,0%@729,0%@729,0%@729,0%@729,0%@729] GR3D_FREQ 0% cpu@50.437C soc2@49C soc0@50.906C gpu@51.406C tj@51.406C soc1@50.562C VDD_IN 5440mW/5538mW VDD_CPU_GPU_CV 519mW/539mW VDD_SOC 2795mW/2817mW
08-04-2026 13:49:57 RAM 1471/7620MB (lfb 96x4MB) SWAP 0/3810MB (cached 0MB) CPU [1%@729,1%@729,0%@729,1%@729,0%@729,0%@729] GR3D_FREQ 0% cpu@50.406C soc2@49C soc0@50.875C gpu@51.437C tj@51.437C soc1@50.656C VDD_IN 5480mW/5538mW VDD_CPU_GPU_CV 519mW/539mW VDD_SOC 2795mW/2817mW
08-04-2026 13:49:58 RAM 1471/7620MB (lfb 96x4MB) SWAP 0/3810MB (cached 0MB) CPU [0%@729,0%@729,0%@729,0%@729,0%@729,0%@729] GR3D_FREQ 0% cpu@50.562C soc2@48.906C soc0@50.843C gpu@51.437C tj@51.437C soc1@50.593C VDD_IN 5440mW/5538mW VDD_CPU_GPU_CV 519mW/539mW VDD_SOC 2795mW/2817mW
08-04-2026 13:49:59 RAM 1471/7620MB (lfb 96x4MB) SWAP 0/3810MB (cached 0MB) CPU [0%@729,0%@729,0%@729,0%@729,0%@729,0%@729] GR3D_FREQ 0% cpu@50.406C soc2@48.968C soc0@50.968C gpu@51.5C tj@51.5C soc1@50.781C VDD_IN 5440mW/5538mW VDD_CPU_GPU_CV 519mW/539mW VDD_SOC 2795mW/2817mW
08-04-2026 13:50:00 RAM 1471/7620MB (lfb 96x4MB) SWAP 0/3810MB (cached 0MB) CPU [1%@729,0%@729,0%@729,0%@729,0%@729,0%@729] GR3D_FREQ 0% cpu@50.75C soc2@49.031C soc0@50.781C gpu@51.406C tj@51.406C soc1@50.812C VDD_IN 5440mW/5538mW VDD_CPU_GPU_CV 479mW/539mW VDD_SOC 2795mW/2817mW
08-04-2026 13:50:01 RAM 1471/7620MB (lfb 96x4MB) SWAP 0/3810MB (cached 0MB) CPU [1%@729,0%@729,0%@729,0%@729,0%@729,0%@729] GR3D_FREQ 0% cpu@50.375C soc2@49C soc0@50.937C gpu@51.312C tj@51.312C soc1@50.531C VDD_IN 5480mW/5538mW VDD_CPU_GPU_CV 519mW/539mW VDD_SOC 2795mW/2817mW
08-04-2026 13:50:02 RAM 1471/7620MB (lfb 96x4MB) SWAP 0/3810MB (cached 0MB) CPU [1%@729,0%@729,0%@729,0%@729,0%@729,0%@729] GR3D_FREQ 0% cpu@50.375C soc2@49C soc0@50.843C gpu@51.281C tj@51.281C soc1@50.562C VDD_IN 5480mW/5538mW VDD_CPU_GPU_CV 519mW/539mW VDD_SOC 2795mW/2817mW
08-04-2026 13:50:03 RAM 1471/7620MB (lfb 96x4MB) SWAP 0/3810MB (cached 0MB) CPU [0%@729,0%@729,0%@729,0%@729,0%@729,0%@729] GR3D_FREQ 0% cpu@50.593C soc2@49C soc0@50.843C gpu@51.312C tj@51.312C soc1@50.687C VDD_IN 5440mW/5538mW VDD_CPU_GPU_CV 519mW/539mW VDD_SOC 2795mW/2817mW
08-04-2026 13:50:04 RAM 1471/7620MB (lfb 96x4MB) SWAP 0/3810MB (cached 0MB) CPU [1%@729,0%@729,0%@729,0%@729,0%@729,0%@729] GR3D_FREQ 0% cpu@50.343C soc2@48.968C soc0@50.968C gpu@51.468C tj@51.468C soc1@50.687C VDD_IN 5480mW/5538mW VDD_CPU_GPU_CV 519mW/539mW VDD_SOC 2795mW/2816mW
08-04-2026 13:50:05 RAM 1471/7620MB (lfb 96x4MB) SWAP 0/3810MB (cached 0MB) CPU [0%@729,0%@729,0%@729,1%@729,0%@729,0%@729] GR3D_FREQ 0% cpu@50.406C soc2@49C soc0@50.968C gpu@51.562C tj@51.562C soc1@50.593C VDD_IN 5431mW/5538mW VDD_CPU_GPU_CV 479mW/539mW VDD_SOC 2795mW/2816mW
08-04-2026 13:50:06 RAM 1471/7620MB (lfb 96x4MB) SWAP 0/3810MB (cached 0MB) CPU [0%@729,1%@729,0%@729,1%@729,0%@729,0%@729] GR3D_FREQ 0% cpu@50.468C soc2@48.906C soc0@50.812C gpu@51.562C tj@51.562C soc1@50.593C VDD_IN 5431mW/5538mW VDD_CPU_GPU_CV 479mW/539mW VDD_SOC 2795mW/2816mW
08-04-2026 13:50:07 RAM 1471/7620MB (lfb 96x4MB) SWAP 0/3810MB (cached 0MB) CPU [0%@729,0%@729,0%@729,0%@729,0%@729,0%@729] GR3D_FREQ 0% cpu@50.406C soc2@49.031C soc0@50.875C gpu@51.593C tj@51.593C soc1@50.625C VDD_IN 5600mW/5538mW VDD_CPU_GPU_CV 519mW/539mW VDD_SOC 2835mW/2816mW
08-04-2026 13:50:08 RAM 1471/7620MB (lfb 96x4MB) SWAP 0/3810MB (cached 0MB) CPU [0%@729,0%@729,0%@729,0%@729,0%@729,0%@729] GR3D_FREQ 0% cpu@50.593C soc2@49C soc0@50.906C gpu@51.218C tj@51.218C soc1@50.687C VDD_IN 5480mW/5538mW VDD_CPU_GPU_CV 519mW/539mW VDD_SOC 2795mW/2816mW
08-04-2026 13:50:09 RAM 1471/7620MB (lfb 96x4MB) SWAP 0/3810MB (cached 0MB) CPU [0%@729,0%@729,0%@729,0%@729,0%@729,0%@729] GR3D_FREQ 0% cpu@50.312C soc2@49C soc0@50.875C gpu@51.343C tj@51.343C soc1@50.75C VDD_IN 5480mW/5538mW VDD_CPU_GPU_CV 519mW/539mW VDD_SOC 2795mW/2816mW
08-04-2026 13:50:10 RAM 1471/7620MB (lfb 96x4MB) SWAP 0/3810MB (cached 0MB) CPU [0%@729,0%@729,0%@729,0%@729,0%@729,0%@729] GR3D_FREQ 0% cpu@50.343C soc2@48.843C soc0@50.937C gpu@51.343C tj@51.343C soc1@50.562C VDD_IN 5471mW/5538mW VDD_CPU_GPU_CV 519mW/539mW VDD_SOC 2795mW/2816mW
08-04-2026 13:50:11 RAM 1471/7620MB (lfb 96x4MB) SWAP 0/3810MB (cached 0MB) CPU [1%@729,0%@729,0%@729,0%@729,0%@729,0%@729] GR3D_FREQ 0% cpu@50.5C soc2@48.968C soc0@50.843C gpu@51.343C tj@51.343C soc1@50.625C VDD_IN 5480mW/5537mW VDD_CPU_GPU_CV 519mW/539mW VDD_SOC 2795mW/2816mW
08-04-2026 13:50:12 RAM 1471/7620MB (lfb 96x4MB) SWAP 0/3810MB (cached 0MB) CPU [1%@729,0%@729,0%@729,0%@729,0%@729,0%@729] GR3D_FREQ 0% cpu@50.281C soc2@49C soc0@50.812C gpu@51.218C tj@51.687C soc1@50.562C VDD_IN 5480mW/5537mW VDD_CPU_GPU_CV 519mW/539mW VDD_SOC 2795mW/2816mW
08-04-2026 13:50:13 RAM 1471/7620MB (lfb 96x4MB) SWAP 0/3810MB (cached 0MB) CPU [0%@729,0%@729,0%@729,0%@729,0%@729,0%@729] GR3D_FREQ 0% cpu@50.5C soc2@49C soc0@50.906C gpu@51.656C tj@51.656C soc1@50.687C VDD_IN 5471mW/5537mW VDD_CPU_GPU_CV 519mW/539mW VDD_SOC 2795mW/2816mW
08-04-2026 13:50:14 RAM 1471/7620MB (lfb 96x4MB) SWAP 0/3810MB (cached 0MB) CPU [0%@729,0%@729,0%@729,0%@729,0%@729,0%@729] GR3D_FREQ 0% cpu@50.25C soc2@49C soc0@50.968C gpu@51.687C tj@51.687C soc1@50.593C VDD_IN 5440mW/5537mW VDD_CPU_GPU_CV 519mW/539mW VDD_SOC 2795mW/2816mW
08-04-2026 13:50:15 RAM 1471/7620MB (lfb 96x4MB) SWAP 0/3810MB (cached 0MB) CPU [0%@729,1%@729,0%@729,0%@729,0%@729,0%@729] GR3D_FREQ 0% cpu@50.375C soc2@49C soc0@50.75C gpu@51.156C tj@51.156C soc1@50.593C VDD_IN 5431mW/5537mW VDD_CPU_GPU_CV 519mW/539mW VDD_SOC 2795mW/2816mW
08-04-2026 13:50:16 RAM 1471/7620MB (lfb 96x4MB) SWAP 0/3810MB (cached 0MB) CPU [0%@729,0%@729,0%@729,0%@729,0%@729,0%@729] GR3D_FREQ 0% cpu@50.437C soc2@48.906C soc0@50.812C gpu@51.156C tj@51.156C soc1@50.562C VDD_IN 5431mW/5537mW VDD_CPU_GPU_CV 519mW/539mW VDD_SOC 2795mW/2816mW
08-04-2026 13:50:17 RAM 1471/7620MB (lfb 96x4MB) SWAP 0/3810MB (cached 0MB) CPU [1%@729,0%@729,0%@729,0%@729,0%@729,0%@729] GR3D_FREQ 0% cpu@50.218C soc2@48.875C soc0@50.906C gpu@51.281C tj@51.281C soc1@50.687C VDD_IN 5471mW/5537mW VDD_CPU_GPU_CV 519mW/539mW VDD_SOC 2795mW/2816mW
08-04-2026 13:50:18 RAM 1471/7620MB (lfb 96x4MB) SWAP 0/3810MB (cached 0MB) CPU [0%@729,0%@729,0%@729,0%@729,0%@729,0%@729] GR3D_FREQ 0% cpu@50.25C soc2@49C soc0@50.875C gpu@51.375C tj@51.375C soc1@50.687C VDD_IN 5480mW/5537mW VDD_CPU_GPU_CV 519mW/539mW VDD_SOC 2795mW/2816mW
08-04-2026 13:50:19 RAM 1473/7620MB (lfb 96x4MB) SWAP 0/3810MB (cached 0MB) CPU [0%@729,1%@729,0%@729,0%@729,0%@729,0%@729] GR3D_FREQ 0% cpu@50.437C soc2@49C soc0@50.843C gpu@51.312C tj@51.312C soc1@50.5C VDD_IN 5471mW/5537mW VDD_CPU_GPU_CV 519mW/539mW VDD_SOC 2795mW/2816mW
08-04-2026 13:50:20 RAM 1473/7620MB (lfb 96x4MB) SWAP 0/3810MB (cached 0MB) CPU [0%@729,0%@729,0%@729,1%@729,0%@729,0%@729] GR3D_FREQ 0% cpu@50.5C soc2@48.906C soc0@50.75C gpu@51.218C tj@51.218C soc1@50.562C VDD_IN 5480mW/5537mW VDD_CPU_GPU_CV 519mW/539mW VDD_SOC 2795mW/2816mW
08-04-2026 13:50:21 RAM 1473/7620MB (lfb 96x4MB) SWAP 0/3810MB (cached 0MB) CPU [2%@729,0%@729,0%@729,0%@729,0%@729,0%@729] GR3D_FREQ 0% cpu@50.406C soc2@48.968C soc0@50.781C gpu@51.187C tj@51.187C soc1@50.562C VDD_IN 5440mW/5537mW VDD_CPU_GPU_CV 519mW/539mW VDD_SOC 2795mW/2816mW
08-04-2026 13:50:22 RAM 1473/7620MB (lfb 96x4MB) SWAP 0/3810MB (cached 0MB) CPU [0%@729,0%@729,0%@729,0%@729,0%@729,0%@729] GR3D_FREQ 0% cpu@50.187C soc2@48.968C soc0@50.812C gpu@51.187C tj@51.187C soc1@50.687C VDD_IN 5480mW/5537mW VDD_CPU_GPU_CV 519mW/539mW VDD_SOC 2795mW/2816mW
08-04-2026 13:50:23 RAM 1473/7620MB (lfb 96x4MB) SWAP 0/3810MB (cached 0MB) CPU [1%@729,0%@729,0%@729,0%@729,0%@729,0%@729] GR3D_FREQ 0% cpu@50.218C soc2@48.937C soc0@50.875C gpu@51.156C tj@51.156C soc1@50.5C VDD_IN 5480mW/5537mW VDD_CPU_GPU_CV 519mW/539mW VDD_SOC 2795mW/2816mW
08-04-2026 13:50:24 RAM 1473/7620MB (lfb 96x4MB) SWAP 0/3810MB (cached 0MB) CPU [0%@729,0%@729,0%@729,0%@729,0%@729,0%@729] GR3D_FREQ 0% cpu@50.343C soc2@48.843C soc0@50.687C gpu@51.343C tj@51.343C soc1@50.5C VDD_IN 5480mW/5537mW VDD_CPU_GPU_CV 479mW/539mW VDD_SOC 2795mW/2816mW
08-04-2026 13:50:25 RAM 1473/7620MB (lfb 96x4MB) SWAP 0/3810MB (cached 0MB) CPU [1%@729,1%@729,0%@729,0%@729,0%@729,0%@729] GR3D_FREQ 0% cpu@50.531C soc2@48.906C soc0@50.812C gpu@51.375C tj@51.375C soc1@50.562C VDD_IN 5471mW/5536mW VDD_CPU_GPU_CV 519mW/539mW VDD_SOC 2795mW/2816mW
08-04-2026 13:50:26 RAM 1473/7620MB (lfb 96x4MB) SWAP 0/3810MB (cached 0MB) CPU [0%@729,0%@729,0%@729,0%@729,0%@729,0%@729] GR3D_FREQ 0% cpu@50.281C soc2@48.875C soc0@50.875C gpu@51.312C tj@51.312C soc1@50.593C VDD_IN 5480mW/5536mW VDD_CPU_GPU_CV 519mW/538mW VDD_SOC 2795mW/2816mW
08-04-2026 13:50:27 RAM 1473/7620MB (lfb 96x4MB) SWAP 0/3810MB (cached 0MB) CPU [1%@729,0%@729,0%@729,0%@729,0%@729,0%@729] GR3D_FREQ 0% cpu@50.281C soc2@48.968C soc0@50.875C gpu@51.375C tj@51.375C soc1@50.531C VDD_IN 5440mW/5536mW VDD_CPU_GPU_CV 519mW/538mW VDD_SOC 2795mW/2816mW
08-04-2026 13:50:28 RAM 1473/7620MB (lfb 96x4MB) SWAP 0/3810MB (cached 0MB) CPU [0%@729,0%@729,0%@729,1%@729,0%@729,0%@729] GR3D_FREQ 0% cpu@50.406C soc2@48.906C soc0@50.687C gpu@51.218C tj@51.218C soc1@50.468C VDD_IN 5480mW/5536mW VDD_CPU_GPU_CV 519mW/538mW VDD_SOC 2795mW/2816mW
08-04-2026 13:50:29 RAM 1473/7620MB (lfb 96x4MB) SWAP 0/3810MB (cached 0MB) CPU [0%@729,0%@729,0%@729,0%@729,0%@729,0%@729] GR3D_FREQ 0% cpu@50.312C soc2@48.906C soc0@50.75C gpu@51.093C tj@51.093C soc1@50.437C VDD_IN 5471mW/5536mW VDD_CPU_GPU_CV 519mW/538mW VDD_SOC 2795mW/2816mW
08-04-2026 13:50:30 RAM 1473/7620MB (lfb 96x4MB) SWAP 0/3810MB (cached 0MB) CPU [0%@729,0%@729,0%@729,0%@729,0%@729,0%@729] GR3D_FREQ 0% cpu@50.468C soc2@48.968C soc0@50.781C gpu@51.218C tj@51.218C soc1@50.562C VDD_IN 5471mW/5536mW VDD_CPU_GPU_CV 519mW/538mW VDD_SOC 2795mW/2816mW
08-04-2026 13:50:32 RAM 1473/7620MB (lfb 96x4MB) SWAP 0/3810MB (cached 0MB) CPU [0%@729,0%@729,0%@729,0%@729,0%@729,0%@729] GR3D_FREQ 0% cpu@50.281C soc2@48.906C soc0@50.781C gpu@51.125C tj@51.125C soc1@50.656C VDD_IN 5480mW/5536mW VDD_CPU_GPU_CV 519mW/538mW VDD_SOC 2795mW/2816mW
08-04-2026 13:50:33 RAM 1473/7620MB (lfb 96x4MB) SWAP 0/3810MB (cached 0MB) CPU [0%@729,0%@729,0%@729,0%@729,0%@729,0%@729] GR3D_FREQ 0% cpu@50.281C soc2@48.75C soc0@50.875C gpu@51.406C tj@51.406C soc1@50.5C VDD_IN 5480mW/5536mW VDD_CPU_GPU_CV 519mW/538mW VDD_SOC 2795mW/2816mW
08-04-2026 13:50:34 RAM 1473/7620MB (lfb 96x4MB) SWAP 0/3810MB (cached 0MB) CPU [0%@729,0%@729,0%@729,0%@729,0%@729,0%@729] GR3D_FREQ 0% cpu@50.406C soc2@48.843C soc0@50.656C gpu@51.5C tj@51.5C soc1@50.562C VDD_IN 5440mW/5536mW VDD_CPU_GPU_CV 479mW/538mW VDD_SOC 2795mW/2816mW
08-04-2026 13:50:35 RAM 1473/7620MB (lfb 96x4MB) SWAP 0/3810MB (cached 0MB) CPU [0%@729,0%@729,0%@729,0%@729,0%@729,0%@729] GR3D_FREQ 0% cpu@50.281C soc2@48.937C soc0@50.843C gpu@51.406C tj@51.406C soc1@50.562C VDD_IN 5480mW/5536mW VDD_CPU_GPU_CV 519mW/538mW VDD_SOC 2795mW/2816mW
08-04-2026 13:50:36 RAM 1473/7620MB (lfb 96x4MB) SWAP 0/3810MB (cached 0MB) CPU [1%@729,0%@729,0%@729,0%@729,0%@729,0%@729] GR3D_FREQ 0% cpu@50.468C soc2@48.812C soc0@50.781C gpu@51.5C tj@51.5C soc1@50.656C VDD_IN 5431mW/5536mW VDD_CPU_GPU_CV 479mW/538mW VDD_SOC 2795mW/2816mW
08-04-2026 13:50:37 RAM 1473/7620MB (lfb 96x4MB) SWAP 0/3810MB (cached 0MB) CPU [1%@729,1%@729,0%@729,0%@729,0%@729,0%@729] GR3D_FREQ 0% cpu@50.187C soc2@49C soc0@50.812C gpu@51.468C tj@51.468C soc1@50.687C VDD_IN 5440mW/5536mW VDD_CPU_GPU_CV 479mW/538mW VDD_SOC 2795mW/2816mW
08-04-2026 13:50:38 RAM 1473/7620MB (lfb 96x4MB) SWAP 0/3810MB (cached 0MB) CPU [0%@729,1%@729,0%@729,0%@729,0%@729,0%@729] GR3D_FREQ 0% cpu@50.281C soc2@48.937C soc0@50.875C gpu@51.187C tj@51.187C soc1@50.468C VDD_IN 5471mW/5536mW VDD_CPU_GPU_CV 519mW/538mW VDD_SOC 2795mW/2816mW
08-04-2026 13:50:39 RAM 1473/7620MB (lfb 96x4MB) SWAP 0/3810MB (cached 0MB) CPU [1%@729,0%@729,0%@729,0%@729,0%@729,0%@729] GR3D_FREQ 0% cpu@50.406C soc2@48.906C soc0@50.687C gpu@51.281C tj@51.281C soc1@50.468C VDD_IN 5440mW/5536mW VDD_CPU_GPU_CV 519mW/538mW VDD_SOC 2795mW/2816mW
08-04-2026 13:50:40 RAM 1473/7620MB (lfb 96x4MB) SWAP 0/3810MB (cached 0MB) CPU [0%@729,0%@729,0%@729,0%@729,0%@729,0%@729] GR3D_FREQ 0% cpu@50.281C soc2@48.875C soc0@50.687C gpu@51.218C tj@51.218C soc1@50.531C VDD_IN 5480mW/5536mW VDD_CPU_GPU_CV 519mW/538mW VDD_SOC 2795mW/2816mW
08-04-2026 13:50:41 RAM 1473/7620MB (lfb 96x4MB) SWAP 0/3810MB (cached 0MB) CPU [2%@729,0%@729,0%@729,0%@729,0%@729,0%@729] GR3D_FREQ 0% cpu@50.406C soc2@48.937C soc0@50.812C gpu@51.218C tj@51.218C soc1@50.593C VDD_IN 5480mW/5535mW VDD_CPU_GPU_CV 519mW/538mW VDD_SOC 2795mW/2816mW
08-04-2026 13:50:42 RAM 1473/7620MB (lfb 96x4MB) SWAP 0/3810MB (cached 0MB) CPU [0%@729,0%@729,0%@729,0%@729,0%@729,0%@729] GR3D_FREQ 0% cpu@50.187C soc2@48.875C soc0@50.843C gpu@51.218C tj@51.218C soc1@50.625C VDD_IN 5440mW/5535mW VDD_CPU_GPU_CV 479mW/538mW VDD_SOC 2795mW/2816mW
08-04-2026 13:50:43 RAM 1473/7620MB (lfb 96x4MB) SWAP 0/3810MB (cached 0MB) CPU [0%@729,0%@729,0%@729,0%@729,0%@729,0%@729] GR3D_FREQ 0% cpu@50.218C soc2@48.843C soc0@50.875C gpu@51.218C tj@51.218C soc1@50.5C VDD_IN 5431mW/5535mW VDD_CPU_GPU_CV 479mW/538mW VDD_SOC 2795mW/2816mW
08-04-2026 13:50:44 RAM 1473/7620MB (lfb 96x4MB) SWAP 0/3810MB (cached 0MB) CPU [1%@729,1%@729,0%@729,0%@729,0%@729,0%@729] GR3D_FREQ 0% cpu@50.406C soc2@48.843C soc0@50.718C gpu@51.25C tj@51.25C soc1@50.437C VDD_IN 5440mW/5535mW VDD_CPU_GPU_CV 479mW/538mW VDD_SOC 2795mW/2816mW
08-04-2026 13:50:45 RAM 1473/7620MB (lfb 96x4MB) SWAP 0/3810MB (cached 0MB) CPU [1%@729,0%@729,0%@729,0%@729,0%@729,0%@729] GR3D_FREQ 0% cpu@50.218C soc2@48.812C soc0@50.75C gpu@51.062C tj@51.062C soc1@50.531C VDD_IN 5471mW/5535mW VDD_CPU_GPU_CV 519mW/538mW VDD_SOC 2795mW/2816mW
08-04-2026 13:50:46 RAM 1473/7620MB (lfb 96x4MB) SWAP 0/3810MB (cached 0MB) CPU [0%@729,0%@729,0%@729,0%@729,0%@729,0%@729] GR3D_FREQ 0% cpu@50.468C soc2@48.875C soc0@50.687C gpu@51.156C tj@51.156C soc1@50.593C VDD_IN 5431mW/5535mW VDD_CPU_GPU_CV 479mW/538mW VDD_SOC 2795mW/2816mW
08-04-2026 13:50:47 RAM 1473/7620MB (lfb 96x4MB) SWAP 0/3810MB (cached 0MB) CPU [1%@729,0%@729,0%@729,0%@729,0%@729,0%@729] GR3D_FREQ 0% cpu@50.156C soc2@48.906C soc0@50.781C gpu@51.062C tj@51.062C soc1@50.625C VDD_IN 5431mW/5535mW VDD_CPU_GPU_CV 519mW/538mW VDD_SOC 2795mW/2816mW
08-04-2026 13:50:48 RAM 1473/7620MB (lfb 96x4MB) SWAP 0/3810MB (cached 0MB) CPU [1%@729,0%@729,0%@729,0%@729,0%@729,0%@729] GR3D_FREQ 0% cpu@50.156C soc2@48.812C soc0@50.843C gpu@51.218C tj@51.218C soc1@50.531C VDD_IN 5431mW/5535mW VDD_CPU_GPU_CV 479mW/538mW VDD_SOC 2795mW/2816mW
08-04-2026 13:50:49 RAM 1473/7620MB (lfb 96x4MB) SWAP 0/3810MB (cached 0MB) CPU [0%@729,1%@729,0%@729,0%@729,0%@729,0%@729] GR3D_FREQ 0% cpu@50.375C soc2@48.906C soc0@50.593C gpu@51.093C tj@51.093C soc1@50.562C VDD_IN 5431mW/5535mW VDD_CPU_GPU_CV 479mW/538mW VDD_SOC 2795mW/2816mW
08-04-2026 13:50:50 RAM 1473/7620MB (lfb 96x4MB) SWAP 0/3810MB (cached 0MB) CPU [0%@729,1%@729,0%@729,0%@729,0%@729,0%@729] GR3D_FREQ 0% cpu@50.187C soc2@48.968C soc0@50.687C gpu@51.093C tj@51.093C soc1@50.437C VDD_IN 5551mW/5535mW VDD_CPU_GPU_CV 519mW/538mW VDD_SOC 2835mW/2816mW
08-04-2026 13:50:51 RAM 1473/7620MB (lfb 96x4MB) SWAP 0/3810MB (cached 0MB) CPU [0%@729,0%@729,0%@729,0%@729,0%@729,0%@729] GR3D_FREQ 0% cpu@50.343C soc2@48.906C soc0@50.781C gpu@51.375C tj@51.375C soc1@50.531C VDD_IN 5471mW/5535mW VDD_CPU_GPU_CV 519mW/538mW VDD_SOC 2795mW/2816mW
08-04-2026 13:50:52 RAM 1473/7620MB (lfb 96x4MB) SWAP 0/3810MB (cached 0MB) CPU [0%@729,0%@729,0%@729,0%@729,0%@729,0%@729] GR3D_FREQ 0% cpu@50.187C soc2@48.906C soc0@50.781C gpu@51.312C tj@51.312C soc1@50.5C VDD_IN 5431mW/5535mW VDD_CPU_GPU_CV 479mW/538mW VDD_SOC 2795mW/2816mW
08-04-2026 13:50:53 RAM 1473/7620MB (lfb 96x4MB) SWAP 0/3810MB (cached 0MB) CPU [1%@729,1%@729,0%@729,0%@729,0%@729,0%@729] GR3D_FREQ 0% cpu@50.25C soc2@48.843C soc0@50.781C gpu@51.375C tj@51.375C soc1@50.437C VDD_IN 5431mW/5535mW VDD_CPU_GPU_CV 479mW/538mW VDD_SOC 2795mW/2816mW
08-04-2026 13:50:54 RAM 1473/7620MB (lfb 96x4MB) SWAP 0/3810MB (cached 0MB) CPU [0%@729,0%@729,0%@729,0%@729,0%@729,0%@729] GR3D_FREQ 0% cpu@50.343C soc2@48.843C soc0@50.75C gpu@51.375C tj@51.375C soc1@50.5C VDD_IN 5431mW/5534mW VDD_CPU_GPU_CV 479mW/538mW VDD_SOC 2795mW/2816mW
08-04-2026 13:50:55 RAM 1473/7620MB (lfb 96x4MB) SWAP 0/3810MB (cached 0MB) CPU [0%@729,0%@729,0%@729,0%@729,0%@729,0%@729] GR3D_FREQ 0% cpu@50.187C soc2@48.843C soc0@50.687C gpu@51.406C tj@51.406C soc1@50.562C VDD_IN 5480mW/5534mW VDD_CPU_GPU_CV 519mW/538mW VDD_SOC 2795mW/2816mW
08-04-2026 13:50:56 RAM 1473/7620MB (lfb 96x4MB) SWAP 0/3810MB (cached 0MB) CPU [1%@729,1%@729,0%@729,0%@729,0%@729,0%@729] GR3D_FREQ 0% cpu@50.281C soc2@48.875C soc0@50.718C gpu@51.5C tj@51.5C soc1@50.593C VDD_IN 5440mW/5534mW VDD_CPU_GPU_CV 479mW/538mW VDD_SOC 2795mW/2816mW
08-04-2026 13:50:57 RAM 1473/7620MB (lfb 96x4MB) SWAP 0/3810MB (cached 0MB) CPU [1%@729,0%@729,0%@729,0%@729,0%@729,0%@729] GR3D_FREQ 0% cpu@50.156C soc2@48.906C soc0@50.687C gpu@51.187C tj@51.187C soc1@50.468C VDD_IN 5440mW/5534mW VDD_CPU_GPU_CV 479mW/537mW VDD_SOC 2795mW/2816mW
08-04-2026 13:50:58 RAM 1517/7620MB (lfb 96x4MB) SWAP 0/3810MB (cached 0MB) CPU [6%@1728,7%@1728,6%@1728,73%@1728,7%@729,6%@729] GR3D_FREQ 0% cpu@51.156C soc2@49.031C soc0@50.718C gpu@51.343C tj@51.343C soc1@50.531C VDD_IN 7120mW/5536mW VDD_CPU_GPU_CV 1397mW/538mW VDD_SOC 3194mW/2816mW
08-04-2026 13:50:59 RAM 1707/7620MB (lfb 96x4MB) SWAP 0/3810MB (cached 0MB) CPU [7%@1728,7%@1728,7%@1728,99%@1728,7%@729,6%@729] GR3D_FREQ 0% cpu@51.25C soc2@49.093C soc0@50.812C gpu@51.468C tj@51.468C soc1@50.531C VDD_IN 7480mW/5537mW VDD_CPU_GPU_CV 1557mW/539mW VDD_SOC 3274mW/2816mW
08-04-2026 13:51:00 RAM 1734/7620MB (lfb 96x4MB) SWAP 0/3810MB (cached 0MB) CPU [0%@1728,0%@1728,0%@1728,100%@1728,0%@729,0%@729] GR3D_FREQ 0% cpu@51.312C soc2@49.218C soc0@50.875C gpu@51.562C tj@51.562C soc1@50.687C VDD_IN 7440mW/5539mW VDD_CPU_GPU_CV 1557mW/540mW VDD_SOC 3274mW/2817mW
08-04-2026 13:51:01 RAM 1764/7620MB (lfb 96x4MB) SWAP 0/3810MB (cached 0MB) CPU [0%@1728,0%@1728,0%@1728,100%@1728,0%@729,0%@729] GR3D_FREQ 0% cpu@51.5C soc2@49.25C soc0@50.906C gpu@51.593C tj@51.593C soc1@50.812C VDD_IN 7440mW/5541mW VDD_CPU_GPU_CV 1517mW/541mW VDD_SOC 3314mW/2817mW
08-04-2026 13:51:02 RAM 1472/7620MB (lfb 96x4MB) SWAP 0/3810MB (cached 0MB) CPU [0%@1728,1%@1728,0%@1728,99%@1728,0%@729,0%@729] GR3D_FREQ 0% cpu@51.125C soc2@49.312C soc0@51.031C gpu@51.656C tj@51.656C soc1@50.843C VDD_IN 7440mW/5543mW VDD_CPU_GPU_CV 1357mW/542mW VDD_SOC 3354mW/2818mW
08-04-2026 13:51:03 RAM 1471/7620MB (lfb 96x4MB) SWAP 0/3810MB (cached 0MB) CPU [1%@729,0%@729,0%@729,0%@729,0%@729,0%@729] GR3D_FREQ 0% cpu@50.468C soc2@49.125C soc0@50.968C gpu@51.437C tj@51.437C soc1@50.687C VDD_IN 5720mW/5543mW VDD_CPU_GPU_CV 599mW/542mW VDD_SOC 2875mW/2818mW
08-04-2026 13:51:04 RAM 1471/7620MB (lfb 96x4MB) SWAP 0/3810MB (cached 0MB) CPU [0%@729,1%@729,1%@729,0%@729,0%@729,0%@729] GR3D_FREQ 0% cpu@50.625C soc2@49.031C soc0@50.906C gpu@51.75C tj@51.75C soc1@50.687C VDD_IN 5480mW/5543mW VDD_CPU_GPU_CV 519mW/542mW VDD_SOC 2795mW/2818mW
08-04-2026 13:51:05 RAM 1471/7620MB (lfb 96x4MB) SWAP 0/3810MB (cached 0MB) CPU [1%@729,0%@729,0%@729,1%@729,0%@1728,0%@1728] GR3D_FREQ 0% cpu@50.812C soc2@49.125C soc0@50.937C gpu@51.25C tj@51.25C soc1@50.687C VDD_IN 5520mW/5543mW VDD_CPU_GPU_CV 519mW/542mW VDD_SOC 2795mW/2818mW
08-04-2026 13:51:06 RAM 1472/7620MB (lfb 96x4MB) SWAP 0/3810MB (cached 0MB) CPU [0%@729,0%@729,0%@729,0%@729,0%@729,0%@729] GR3D_FREQ 0% cpu@50.531C soc2@49.093C soc0@50.968C gpu@51.25C tj@51.25C soc1@50.687C VDD_IN 5520mW/5543mW VDD_CPU_GPU_CV 519mW/542mW VDD_SOC 2835mW/2818mW
08-04-2026 13:51:07 RAM 1472/7620MB (lfb 96x4MB) SWAP 0/3810MB (cached 0MB) CPU [0%@729,0%@729,0%@729,0%@729,0%@729,0%@729] GR3D_FREQ 0% cpu@50.312C soc2@49C soc0@50.843C gpu@51.343C tj@51.343C soc1@50.625C VDD_IN 5480mW/5543mW VDD_CPU_GPU_CV 519mW/542mW VDD_SOC 2795mW/2818mW
08-04-2026 13:51:08 RAM 1472/7620MB (lfb 96x4MB) SWAP 0/3810MB (cached 0MB) CPU [1%@729,0%@729,1%@729,1%@729,0%@729,0%@729] GR3D_FREQ 0% cpu@50.406C soc2@49.062C soc0@51C gpu@51.218C tj@51.218C soc1@50.562C VDD_IN 5480mW/5543mW VDD_CPU_GPU_CV 519mW/542mW VDD_SOC 2795mW/2818mW
08-04-2026 13:51:09 RAM 1472/7620MB (lfb 96x4MB) SWAP 0/3810MB (cached 0MB) CPU [0%@729,0%@729,1%@729,0%@729,0%@729,0%@729] GR3D_FREQ 0% cpu@50.437C soc2@49.031C soc0@50.812C gpu@51.406C tj@51.406C soc1@50.625C VDD_IN 5480mW/5543mW VDD_CPU_GPU_CV 519mW/542mW VDD_SOC 2795mW/2818mW
08-04-2026 13:51:10 RAM 1472/7620MB (lfb 96x4MB) SWAP 0/3810MB (cached 0MB) CPU [0%@729,0%@729,1%@729,0%@729,0%@729,0%@729] GR3D_FREQ 0% cpu@50.562C soc2@48.906C soc0@50.875C gpu@51.5C tj@51.5C soc1@50.656C VDD_IN 5480mW/5542mW VDD_CPU_GPU_CV 519mW/542mW VDD_SOC 2795mW/2818mW
08-04-2026 13:51:11 RAM 1471/7620MB (lfb 96x4MB) SWAP 0/3810MB (cached 0MB) CPU [0%@729,0%@729,0%@729,0%@729,0%@729,0%@729] GR3D_FREQ 0% cpu@50.406C soc2@48.968C soc0@50.812C gpu@51.312C tj@51.312C soc1@50.718C VDD_IN 5471mW/5542mW VDD_CPU_GPU_CV 519mW/542mW VDD_SOC 2795mW/2818mW
08-04-2026 13:51:12 RAM 1471/7620MB (lfb 96x4MB) SWAP 0/3810MB (cached 0MB) CPU [0%@729,0%@729,1%@729,0%@729,0%@729,0%@729] GR3D_FREQ 0% cpu@50.406C soc2@48.937C soc0@50.875C gpu@51.5C tj@51.5C soc1@50.562C VDD_IN 5480mW/5542mW VDD_CPU_GPU_CV 519mW/542mW VDD_SOC 2795mW/2818mW
08-04-2026 13:51:13 RAM 1471/7620MB (lfb 96x4MB) SWAP 0/3810MB (cached 0MB) CPU [0%@729,0%@729,0%@729,0%@729,0%@729,0%@729] GR3D_FREQ 0% cpu@50.281C soc2@49C soc0@50.781C gpu@51.218C tj@51.218C soc1@50.593C VDD_IN 5480mW/5542mW VDD_CPU_GPU_CV 519mW/542mW VDD_SOC 2795mW/2818mW
08-04-2026 13:51:14 RAM 1471/7620MB (lfb 96x4MB) SWAP 0/3810MB (cached 0MB) CPU [0%@729,0%@729,1%@729,0%@729,0%@729,0%@729] GR3D_FREQ 0% cpu@50.468C soc2@49C soc0@50.812C gpu@51.218C tj@51.218C soc1@50.656C VDD_IN 5480mW/5542mW VDD_CPU_GPU_CV 519mW/542mW VDD_SOC 2795mW/2818mW
08-04-2026 13:51:15 RAM 1471/7620MB (lfb 96x4MB) SWAP 0/3810MB (cached 0MB) CPU [0%@729,1%@729,1%@729,1%@729,0%@729,0%@729] GR3D_FREQ 0% cpu@50.625C soc2@49C soc0@50.781C gpu@51.25C tj@51.25C soc1@50.656C VDD_IN 5480mW/5542mW VDD_CPU_GPU_CV 519mW/542mW VDD_SOC 2795mW/2818mW
08-04-2026 13:51:16 RAM 1471/7620MB (lfb 96x4MB) SWAP 0/3810MB (cached 0MB) CPU [0%@729,0%@729,0%@729,1%@729,0%@729,0%@729] GR3D_FREQ 0% cpu@50.343C soc2@49C soc0@50.906C gpu@51.218C tj@51.218C soc1@50.5C VDD_IN 5480mW/5542mW VDD_CPU_GPU_CV 519mW/541mW VDD_SOC 2795mW/2817mW
08-04-2026 13:51:17 RAM 1471/7620MB (lfb 96x4MB) SWAP 0/3810MB (cached 0MB) CPU [0%@729,0%@729,0%@729,0%@729,0%@729,0%@729] GR3D_FREQ 0% cpu@50.406C soc2@48.906C soc0@50.937C gpu@51.25C tj@51.25C soc1@50.593C VDD_IN 5440mW/5542mW VDD_CPU_GPU_CV 519mW/541mW VDD_SOC 2795mW/2817mW
08-04-2026 13:51:18 RAM 1471/7620MB (lfb 96x4MB) SWAP 0/3810MB (cached 0MB) CPU [1%@729,0%@729,1%@729,0%@729,0%@729,0%@729] GR3D_FREQ 0% cpu@50.531C soc2@48.968C soc0@50.812C gpu@51.5C tj@51.5C soc1@50.562C VDD_IN 5480mW/5542mW VDD_CPU_GPU_CV 519mW/541mW VDD_SOC 2795mW/2817mW
08-04-2026 13:51:19 RAM 1472/7620MB (lfb 96x4MB) SWAP 0/3810MB (cached 0MB) CPU [0%@729,0%@729,1%@729,0%@729,0%@729,0%@729] GR3D_FREQ 0% cpu@50.437C soc2@49C soc0@50.781C gpu@51.5C tj@51.5C soc1@50.687C VDD_IN 5480mW/5542mW VDD_CPU_GPU_CV 519mW/541mW VDD_SOC 2795mW/2817mW
08-04-2026 13:51:20 RAM 1472/7620MB (lfb 96x4MB) SWAP 0/3810MB (cached 0MB) CPU [1%@729,0%@729,0%@729,0%@729,0%@729,0%@729] GR3D_FREQ 0% cpu@50.593C soc2@49C soc0@50.906C gpu@51.468C tj@51.468C soc1@50.687C VDD_IN 5480mW/5542mW VDD_CPU_GPU_CV 519mW/541mW VDD_SOC 2795mW/2817mW
08-04-2026 13:51:21 RAM 1472/7620MB (lfb 96x4MB) SWAP 0/3810MB (cached 0MB) CPU [0%@729,1%@729,1%@729,0%@729,0%@729,0%@729] GR3D_FREQ 0% cpu@50.375C soc2@49C soc0@50.937C gpu@51.531C tj@51.531C soc1@50.531C VDD_IN 5480mW/5542mW VDD_CPU_GPU_CV 519mW/541mW VDD_SOC 2795mW/2817mW
08-04-2026 13:51:22 RAM 1472/7620MB (lfb 96x4MB) SWAP 0/3810MB (cached 0MB) CPU [0%@729,0%@729,0%@729,0%@729,0%@729,0%@729] GR3D_FREQ 0% cpu@50.343C soc2@48.968C soc0@50.968C gpu@51.562C tj@51.562C soc1@50.468C VDD_IN 5480mW/5542mW VDD_CPU_GPU_CV 519mW/541mW VDD_SOC 2795mW/2817mW
08-04-2026 13:51:23 RAM 1472/7620MB (lfb 96x4MB) SWAP 0/3810MB (cached 0MB) CPU [1%@729,0%@729,0%@729,0%@729,0%@729,0%@729] GR3D_FREQ 0% cpu@50.562C soc2@48.937C soc0@50.718C gpu@51.593C tj@51.593C soc1@50.562C VDD_IN 5471mW/5542mW VDD_CPU_GPU_CV 519mW/541mW VDD_SOC 2795mW/2817mW
08-04-2026 13:51:24 RAM 1472/7620MB (lfb 96x4MB) SWAP 0/3810MB (cached 0MB) CPU [0%@729,0%@729,1%@729,0%@729,0%@729,0%@729] GR3D_FREQ 0% cpu@50.375C soc2@48.968C soc0@50.843C gpu@51.187C tj@51.187C soc1@50.593C VDD_IN 5480mW/5542mW VDD_CPU_GPU_CV 519mW/541mW VDD_SOC 2795mW/2817mW
08-04-2026 13:51:25 RAM 1472/7620MB (lfb 96x4MB) SWAP 0/3810MB (cached 0MB) CPU [1%@729,0%@729,0%@729,0%@729,0%@729,0%@729] GR3D_FREQ 0% cpu@50.656C soc2@48.937C soc0@50.843C gpu@51.218C tj@51.218C soc1@50.593C VDD_IN 5471mW/5542mW VDD_CPU_GPU_CV 479mW/541mW VDD_SOC 2795mW/2817mW
08-04-2026 13:51:26 RAM 1472/7620MB (lfb 96x4MB) SWAP 0/3810MB (cached 0MB) CPU [0%@729,0%@729,0%@729,0%@729,0%@729,0%@729] GR3D_FREQ 0% cpu@50.25C soc2@48.906C soc0@50.875C gpu@51.281C tj@51.281C soc1@50.562C VDD_IN 5480mW/5542mW VDD_CPU_GPU_CV 519mW/541mW VDD_SOC 2795mW/2817mW
08-04-2026 13:51:27 RAM 1472/7620MB (lfb 96x4MB) SWAP 0/3810MB (cached 0MB) CPU [1%@729,0%@729,1%@729,0%@729,0%@729,0%@729] GR3D_FREQ 0% cpu@50.468C soc2@48.843C soc0@50.906C gpu@51.25C tj@51.25C soc1@50.531C VDD_IN 5480mW/5541mW VDD_CPU_GPU_CV 519mW/541mW VDD_SOC 2795mW/2817mW
08-04-2026 13:51:28 RAM 1472/7620MB (lfb 96x4MB) SWAP 0/3810MB (cached 0MB) CPU [0%@729,0%@729,0%@729,0%@729,0%@729,0%@729] GR3D_FREQ 0% cpu@50.531C soc2@48.968C soc0@50.687C gpu@51.218C tj@51.218C soc1@50.562C VDD_IN 5480mW/5541mW VDD_CPU_GPU_CV 479mW/541mW VDD_SOC 2795mW/2817mW
08-04-2026 13:51:29 RAM 1472/7620MB (lfb 96x4MB) SWAP 0/3810MB (cached 0MB) CPU [0%@729,0%@729,0%@729,0%@729,0%@729,0%@729] GR3D_FREQ 0% cpu@50.281C soc2@48.937C soc0@50.781C gpu@51.218C tj@51.218C soc1@50.562C VDD_IN 5480mW/5541mW VDD_CPU_GPU_CV 519mW/541mW VDD_SOC 2795mW/2817mW
08-04-2026 13:51:30 RAM 1472/7620MB (lfb 96x4MB) SWAP 0/3810MB (cached 0MB) CPU [1%@729,0%@729,0%@729,0%@729,0%@729,0%@729] GR3D_FREQ 0% cpu@50.5C soc2@48.968C soc0@50.781C gpu@51.187C tj@51.187C soc1@50.687C VDD_IN 5480mW/5541mW VDD_CPU_GPU_CV 519mW/541mW VDD_SOC 2795mW/2817mW
08-04-2026 13:51:31 RAM 1472/7620MB (lfb 96x4MB) SWAP 0/3810MB (cached 0MB) CPU [0%@729,0%@729,0%@729,0%@729,0%@729,0%@729] GR3D_FREQ 0% cpu@50.25C soc2@48.968C soc0@50.875C gpu@51.125C tj@51.125C soc1@50.437C VDD_IN 5480mW/5541mW VDD_CPU_GPU_CV 519mW/541mW VDD_SOC 2795mW/2817mW
08-04-2026 13:51:32 RAM 1472/7620MB (lfb 96x4MB) SWAP 0/3810MB (cached 0MB) CPU [1%@729,0%@729,1%@729,0%@729,0%@729,0%@729] GR3D_FREQ 0% cpu@50.312C soc2@48.906C soc0@50.968C gpu@51.187C tj@51.187C soc1@50.468C VDD_IN 5471mW/5541mW VDD_CPU_GPU_CV 519mW/541mW VDD_SOC 2795mW/2817mW
08-04-2026 13:51:33 RAM 1472/7620MB (lfb 96x4MB) SWAP 0/3810MB (cached 0MB) CPU [0%@729,0%@729,1%@729,0%@729,0%@729,0%@729] GR3D_FREQ 0% cpu@50.468C soc2@48.937C soc0@50.781C gpu@51.125C tj@51.125C soc1@50.593C VDD_IN 5440mW/5541mW VDD_CPU_GPU_CV 479mW/541mW VDD_SOC 2795mW/2817mW
08-04-2026 13:51:34 RAM 1472/7620MB (lfb 96x4MB) SWAP 0/3810MB (cached 0MB) CPU [2%@729,0%@729,0%@729,0%@729,0%@729,0%@729] GR3D_FREQ 0% cpu@50.312C soc2@48.906C soc0@50.718C gpu@51.093C tj@51.093C soc1@50.593C VDD_IN 5440mW/5541mW VDD_CPU_GPU_CV 479mW/541mW VDD_SOC 2795mW/2817mW
08-04-2026 13:51:35 RAM 1472/7620MB (lfb 96x4MB) SWAP 0/3810MB (cached 0MB) CPU [0%@729,0%@729,0%@729,0%@729,0%@729,0%@729] GR3D_FREQ 0% cpu@50.531C soc2@48.906C soc0@50.75C gpu@51.187C tj@51.343C soc1@50.625C VDD_IN 5440mW/5541mW VDD_CPU_GPU_CV 479mW/541mW VDD_SOC 2795mW/2817mW
08-04-2026 13:51:36 RAM 1472/7620MB (lfb 96x4MB) SWAP 0/3810MB (cached 0MB) CPU [0%@729,0%@729,1%@729,0%@729,0%@729,0%@729] GR3D_FREQ 0% cpu@50.218C soc2@49C soc0@50.875C gpu@51.312C tj@51.312C soc1@50.375C VDD_IN 5480mW/5541mW VDD_CPU_GPU_CV 519mW/541mW VDD_SOC 2795mW/2817mW
08-04-2026 13:51:37 RAM 1471/7620MB (lfb 96x4MB) SWAP 0/3810MB (cached 0MB) CPU [1%@729,0%@729,0%@729,0%@729,0%@729,0%@729] GR3D_FREQ 0% cpu@50.281C soc2@48.843C soc0@50.812C gpu@51.25C tj@51.25C soc1@50.468C VDD_IN 5440mW/5541mW VDD_CPU_GPU_CV 479mW/541mW VDD_SOC 2795mW/2817mW
08-04-2026 13:51:38 RAM 1471/7620MB (lfb 96x4MB) SWAP 0/3810MB (cached 0MB) CPU [0%@729,0%@729,0%@729,0%@729,0%@729,0%@729] GR3D_FREQ 0% cpu@50.437C soc2@48.812C soc0@50.812C gpu@51.375C tj@51.375C soc1@50.468C VDD_IN 5440mW/5541mW VDD_CPU_GPU_CV 479mW/541mW VDD_SOC 2795mW/2817mW
08-04-2026 13:51:39 RAM 1471/7620MB (lfb 96x4MB) SWAP 0/3810MB (cached 0MB) CPU [1%@729,0%@729,1%@729,2%@729,0%@729,0%@729] GR3D_FREQ 0% cpu@50.25C soc2@48.937C soc0@50.812C gpu@51.375C tj@51.375C soc1@50.531C VDD_IN 5440mW/5541mW VDD_CPU_GPU_CV 479mW/541mW VDD_SOC 2795mW/2817mW
08-04-2026 13:51:40 RAM 1472/7620MB (lfb 96x4MB) SWAP 0/3810MB (cached 0MB) CPU [0%@729,0%@729,0%@729,0%@729,0%@729,0%@729] GR3D_FREQ 0% cpu@50.25C soc2@48.906C soc0@50.718C gpu@51.343C tj@51.343C soc1@50.593C VDD_IN 5440mW/5540mW VDD_CPU_GPU_CV 479mW/541mW VDD_SOC 2795mW/2817mW
08-04-2026 13:51:41 RAM 1472/7620MB (lfb 96x4MB) SWAP 0/3810MB (cached 0MB) CPU [0%@729,0%@729,0%@729,0%@729,0%@729,0%@729] GR3D_FREQ 0% cpu@50.156C soc2@48.906C soc0@50.875C gpu@51.125C tj@51.125C soc1@50.406C VDD_IN 5480mW/5540mW VDD_CPU_GPU_CV 519mW/541mW VDD_SOC 2795mW/2817mW
08-04-2026 13:51:42 RAM 1471/7620MB (lfb 96x4MB) SWAP 0/3810MB (cached 0MB) CPU [0%@729,0%@729,1%@729,0%@729,0%@729,0%@729] GR3D_FREQ 0% cpu@50.187C soc2@48.75C soc0@50.656C gpu@51.218C tj@51.218C soc1@50.562C VDD_IN 5480mW/5540mW VDD_CPU_GPU_CV 519mW/541mW VDD_SOC 2795mW/2817mW
08-04-2026 13:51:43 RAM 1471/7620MB (lfb 96x4MB) SWAP 0/3810MB (cached 0MB) CPU [0%@729,0%@729,0%@729,0%@729,0%@729,0%@729] GR3D_FREQ 0% cpu@50.343C soc2@48.875C soc0@50.656C gpu@51.125C tj@51.125C soc1@50.5C VDD_IN 5440mW/5540mW VDD_CPU_GPU_CV 479mW/541mW VDD_SOC 2795mW/2817mW
08-04-2026 13:51:44 RAM 1471/7620MB (lfb 96x4MB) SWAP 0/3810MB (cached 0MB) CPU [1%@729,0%@729,0%@729,0%@729,0%@729,0%@729] GR3D_FREQ 0% cpu@50.156C soc2@48.843C soc0@50.75C gpu@51.156C tj@51.156C soc1@50.593C VDD_IN 5440mW/5540mW VDD_CPU_GPU_CV 519mW/541mW VDD_SOC 2795mW/2817mW
08-04-2026 13:51:45 RAM 1471/7620MB (lfb 96x4MB) SWAP 0/3810MB (cached 0MB) CPU [0%@729,0%@729,1%@729,0%@729,0%@729,0%@729] GR3D_FREQ 0% cpu@50.187C soc2@48.906C soc0@50.687C gpu@51.093C tj@51.093C soc1@50.468C VDD_IN 5440mW/5540mW VDD_CPU_GPU_CV 479mW/541mW VDD_SOC 2795mW/2817mW
08-04-2026 13:51:46 RAM 1471/7620MB (lfb 96x4MB) SWAP 0/3810MB (cached 0MB) CPU [0%@729,0%@729,0%@729,0%@729,0%@729,0%@729] GR3D_FREQ 0% cpu@50.187C soc2@48.687C soc0@50.812C gpu@51.437C tj@51.437C soc1@50.406C VDD_IN 5440mW/5540mW VDD_CPU_GPU_CV 479mW/540mW VDD_SOC 2795mW/2817mW
08-04-2026 13:51:47 RAM 1471/7620MB (lfb 96x4MB) SWAP 0/3810MB (cached 0MB) CPU [0%@729,0%@729,0%@729,0%@729,0%@729,0%@729] GR3D_FREQ 0% cpu@50.187C soc2@48.687C soc0@50.718C gpu@51.437C tj@51.437C soc1@50.468C VDD_IN 5440mW/5540mW VDD_CPU_GPU_CV 479mW/540mW VDD_SOC 2795mW/2817mW
08-04-2026 13:51:48 RAM 1471/7620MB (lfb 96x4MB) SWAP 0/3810MB (cached 0MB) CPU [0%@729,0%@729,1%@729,0%@729,0%@729,0%@729] GR3D_FREQ 0% cpu@50.343C soc2@48.781C soc0@50.718C gpu@51.437C tj@51.437C soc1@50.406C VDD_IN 5440mW/5540mW VDD_CPU_GPU_CV 479mW/540mW VDD_SOC 2795mW/2817mW
08-04-2026 13:51:49 RAM 1471/7620MB (lfb 96x4MB) SWAP 0/3810MB (cached 0MB) CPU [0%@729,0%@729,0%@729,0%@729,0%@729,0%@729] GR3D_FREQ 0% cpu@50.062C soc2@48.75C soc0@50.75C gpu@51.437C tj@51.437C soc1@50.625C VDD_IN 5440mW/5540mW VDD_CPU_GPU_CV 479mW/540mW VDD_SOC 2795mW/2817mW
08-04-2026 13:51:50 RAM 1471/7620MB (lfb 96x4MB) SWAP 0/3810MB (cached 0MB) CPU [1%@729,0%@729,0%@729,0%@729,0%@729,0%@729] GR3D_FREQ 0% cpu@50.125C soc2@48.906C soc0@50.687C gpu@51.5C tj@51.5C soc1@50.437C VDD_IN 5440mW/5540mW VDD_CPU_GPU_CV 479mW/540mW VDD_SOC 2795mW/2817mW
08-04-2026 13:51:51 RAM 1471/7620MB (lfb 96x4MB) SWAP 0/3810MB (cached 0MB) CPU [0%@729,0%@729,0%@729,0%@729,0%@729,0%@729] GR3D_FREQ 0% cpu@50.281C soc2@48.687C soc0@50.812C gpu@51.5C tj@51.5C soc1@50.468C VDD_IN 5480mW/5540mW VDD_CPU_GPU_CV 519mW/540mW VDD_SOC 2795mW/2817mW
08-04-2026 13:51:52 RAM 1471/7620MB (lfb 96x4MB) SWAP 0/3810MB (cached 0MB) CPU [0%@729,0%@729,0%@729,0%@729,0%@729,0%@729] GR3D_FREQ 0% cpu@50.187C soc2@48.687C soc0@50.687C gpu@51.187C tj@51.187C soc1@50.5C VDD_IN 5440mW/5540mW VDD_CPU_GPU_CV 479mW/540mW VDD_SOC 2795mW/2817mW
08-04-2026 13:51:53 RAM 1471/7620MB (lfb 96x4MB) SWAP 0/3810MB (cached 0MB) CPU [0%@729,0%@729,1%@729,0%@729,0%@729,0%@729] GR3D_FREQ 0% cpu@50.281C soc2@48.812C soc0@50.656C gpu@51.218C tj@51.218C soc1@50.5C VDD_IN 5440mW/5539mW VDD_CPU_GPU_CV 479mW/540mW VDD_SOC 2795mW/2817mW
08-04-2026 13:51:54 RAM 1471/7620MB (lfb 96x4MB) SWAP 0/3810MB (cached 0MB) CPU [0%@729,0%@729,1%@729,0%@729,0%@729,0%@729] GR3D_FREQ 0% cpu@50.093C soc2@48.75C soc0@50.687C gpu@51.218C tj@51.218C soc1@50.5C VDD_IN 5440mW/5539mW VDD_CPU_GPU_CV 479mW/540mW VDD_SOC 2795mW/2817mW
08-04-2026 13:51:55 RAM 1472/7620MB (lfb 96x4MB) SWAP 0/3810MB (cached 0MB) CPU [0%@729,0%@729,0%@729,0%@729,0%@729,0%@729] GR3D_FREQ 0% cpu@50.156C soc2@48.843C soc0@50.843C gpu@51.218C tj@51.218C soc1@50.406C VDD_IN 5440mW/5539mW VDD_CPU_GPU_CV 479mW/540mW VDD_SOC 2795mW/2817mW
08-04-2026 13:51:56 RAM 1472/7620MB (lfb 96x4MB) SWAP 0/3810MB (cached 0MB) CPU [0%@729,1%@729,0%@729,0%@729,0%@729,0%@729] GR3D_FREQ 0% cpu@50.281C soc2@48.75C soc0@50.812C gpu@51.218C tj@51.218C soc1@50.312C VDD_IN 5560mW/5539mW VDD_CPU_GPU_CV 519mW/540mW VDD_SOC 2835mW/2817mW
08-04-2026 13:51:57 RAM 1472/7620MB (lfb 96x4MB) SWAP 0/3810MB (cached 0MB) CPU [0%@729,0%@729,0%@729,2%@729,0%@729,0%@729] GR3D_FREQ 0% cpu@50.187C soc2@48.718C soc0@50.687C gpu@51.218C tj@51.218C soc1@50.468C VDD_IN 5480mW/5539mW VDD_CPU_GPU_CV 519mW/540mW VDD_SOC 2795mW/2817mW
08-04-2026 13:51:58 RAM 1472/7620MB (lfb 96x4MB) SWAP 0/3810MB (cached 0MB) CPU [1%@729,0%@729,0%@729,0%@729,0%@729,0%@729] GR3D_FREQ 0% cpu@50.312C soc2@48.843C soc0@50.656C gpu@51.062C tj@51.062C soc1@50.468C VDD_IN 5440mW/5539mW VDD_CPU_GPU_CV 479mW/540mW VDD_SOC 2795mW/2817mW
08-04-2026 13:51:59 RAM 1472/7620MB (lfb 96x4MB) SWAP 0/3810MB (cached 0MB) CPU [0%@729,0%@729,0%@729,0%@729,0%@729,0%@729] GR3D_FREQ 0% cpu@50.093C soc2@48.875C soc0@50.75C gpu@51.093C tj@51.093C soc1@50.5C VDD_IN 5440mW/5539mW VDD_CPU_GPU_CV 519mW/540mW VDD_SOC 2795mW/2817mW
08-04-2026 13:52:00 RAM 1472/7620MB (lfb 96x4MB) SWAP 0/3810MB (cached 0MB) CPU [0%@729,0%@729,0%@729,1%@729,0%@729,0%@729] GR3D_FREQ 0% cpu@50.156C soc2@48.781C soc0@50.656C gpu@51.062C tj@51.062C soc1@50.343C VDD_IN 5440mW/5539mW VDD_CPU_GPU_CV 479mW/540mW VDD_SOC 2795mW/2817mW
08-04-2026 13:52:01 RAM 1472/7620MB (lfb 96x4MB) SWAP 0/3810MB (cached 0MB) CPU [0%@729,0%@729,0%@729,1%@729,0%@1728,0%@1728] GR3D_FREQ 0% cpu@50.281C soc2@48.781C soc0@50.781C gpu@51.031C tj@51.031C soc1@50.406C VDD_IN 5520mW/5539mW VDD_CPU_GPU_CV 519mW/540mW VDD_SOC 2795mW/2817mW
08-04-2026 13:52:02 RAM 1472/7620MB (lfb 96x4MB) SWAP 0/3810MB (cached 0MB) CPU [2%@729,1%@729,0%@729,0%@729,0%@729,0%@729] GR3D_FREQ 0% cpu@50.125C soc2@48.75C soc0@50.687C gpu@51C tj@51C soc1@50.5C VDD_IN 5431mW/5539mW VDD_CPU_GPU_CV 519mW/540mW VDD_SOC 2795mW/2817mW
08-04-2026 13:52:03 RAM 1472/7620MB (lfb 96x4MB) SWAP 0/3810MB (cached 0MB) CPU [0%@729,0%@729,2%@729,0%@729,0%@729,0%@729] GR3D_FREQ 0% cpu@50.343C soc2@48.781C soc0@50.656C gpu@51.031C tj@51.218C soc1@50.437C VDD_IN 5440mW/5539mW VDD_CPU_GPU_CV 479mW/540mW VDD_SOC 2795mW/2817mW
08-04-2026 13:52:04 RAM 1472/7620MB (lfb 96x4MB) SWAP 0/3810MB (cached 0MB) CPU [0%@729,1%@729,0%@729,0%@729,0%@729,0%@729] GR3D_FREQ 0% cpu@50.093C soc2@48.75C soc0@50.718C gpu@51.25C tj@51.25C soc1@50.531C VDD_IN 5440mW/5539mW VDD_CPU_GPU_CV 479mW/540mW VDD_SOC 2795mW/2817mW
08-04-2026 13:52:05 RAM 1472/7620MB (lfb 96x4MB) SWAP 0/3810MB (cached 0MB) CPU [0%@729,0%@729,0%@729,0%@729,0%@729,0%@729] GR3D_FREQ 0% cpu@50.093C soc2@48.875C soc0@50.718C gpu@51.281C tj@51.281C soc1@50.406C VDD_IN 5480mW/5539mW VDD_CPU_GPU_CV 519mW/540mW VDD_SOC 2795mW/2817mW
08-04-2026 13:52:06 RAM 1472/7620MB (lfb 96x4MB) SWAP 0/3810MB (cached 0MB) CPU [0%@729,0%@729,1%@729,0%@729,0%@1728,0%@1728] GR3D_FREQ 0% cpu@50.312C soc2@48.75C soc0@50.75C gpu@51.281C tj@51.281C soc1@50.437C VDD_IN 5520mW/5539mW VDD_CPU_GPU_CV 519mW/540mW VDD_SOC 2835mW/2817mW
08-04-2026 13:52:07 RAM 1472/7620MB (lfb 96x4MB) SWAP 0/3810MB (cached 0MB) CPU [0%@729,0%@729,0%@729,0%@729,0%@729,0%@729] GR3D_FREQ 0% cpu@50.468C soc2@48.687C soc0@50.593C gpu@51.312C tj@51.312C soc1@50.437C VDD_IN 5480mW/5539mW VDD_CPU_GPU_CV 519mW/540mW VDD_SOC 2795mW/2817mW
08-04-2026 13:52:08 RAM 1472/7620MB (lfb 96x4MB) SWAP 0/3810MB (cached 0MB) CPU [0%@729,0%@729,0%@729,1%@729,0%@729,0%@729] GR3D_FREQ 0% cpu@50.343C soc2@48.812C soc0@50.656C gpu@51.343C tj@51.343C soc1@50.5C VDD_IN 5440mW/5539mW VDD_CPU_GPU_CV 519mW/540mW VDD_SOC 2795mW/2817mW
08-04-2026 13:52:09 RAM 1472/7620MB (lfb 96x4MB) SWAP 0/3810MB (cached 0MB) CPU [0%@729,0%@729,0%@729,0%@729,0%@729,0%@729] GR3D_FREQ 0% cpu@50.093C soc2@48.812C soc0@50.687C gpu@51.125C tj@51.125C soc1@50.5C VDD_IN 5440mW/5538mW VDD_CPU_GPU_CV 479mW/540mW VDD_SOC 2795mW/2817mW
08-04-2026 13:52:10 RAM 1472/7620MB (lfb 96x4MB) SWAP 0/3810MB (cached 0MB) CPU [0%@729,0%@729,0%@729,0%@729,0%@729,0%@729] GR3D_FREQ 0% cpu@50.125C soc2@48.906C soc0@50.718C gpu@51.093C tj@51.093C soc1@50.406C VDD_IN 5440mW/5538mW VDD_CPU_GPU_CV 479mW/540mW VDD_SOC 2795mW/2817mW
08-04-2026 13:52:11 RAM 1472/7620MB (lfb 96x4MB) SWAP 0/3810MB (cached 0MB) CPU [1%@729,0%@729,0%@729,0%@729,0%@729,0%@729] GR3D_FREQ 0% cpu@50.25C soc2@48.812C soc0@50.531C gpu@51.125C tj@51.125C soc1@50.406C VDD_IN 5440mW/5538mW VDD_CPU_GPU_CV 519mW/540mW VDD_SOC 2795mW/2816mW
08-04-2026 13:52:12 RAM 1472/7620MB (lfb 96x4MB) SWAP 0/3810MB (cached 0MB) CPU [0%@729,0%@729,1%@729,0%@729,0%@729,0%@729] GR3D_FREQ 0% cpu@50.406C soc2@48.687C soc0@50.625C gpu@51.125C tj@51.125C soc1@50.406C VDD_IN 5480mW/5538mW VDD_CPU_GPU_CV 519mW/540mW VDD_SOC 2795mW/2816mW
08-04-2026 13:52:13 RAM 1472/7620MB (lfb 96x4MB) SWAP 0/3810MB (cached 0MB) CPU [0%@729,0%@729,0%@729,1%@729,0%@729,0%@729] GR3D_FREQ 0% cpu@50.25C soc2@48.75C soc0@50.687C gpu@51.125C tj@51.125C soc1@50.437C VDD_IN 5440mW/5538mW VDD_CPU_GPU_CV 519mW/540mW VDD_SOC 2795mW/2816mW
08-04-2026 13:52:14 RAM 1472/7620MB (lfb 96x4MB) SWAP 0/3810MB (cached 0MB) CPU [0%@729,0%@729,1%@729,0%@729,0%@729,0%@729] GR3D_FREQ 0% cpu@50.125C soc2@48.812C soc0@50.625C gpu@51.125C tj@51.125C soc1@50.531C VDD_IN 5480mW/5538mW VDD_CPU_GPU_CV 519mW/540mW VDD_SOC 2795mW/2816mW
08-04-2026 13:52:15 RAM 1472/7620MB (lfb 96x4MB) SWAP 0/3810MB (cached 0MB) CPU [0%@729,0%@729,0%@729,0%@729,0%@729,0%@729] GR3D_FREQ 0% cpu@50.125C soc2@48.718C soc0@50.718C gpu@51.562C tj@51.562C soc1@50.375C VDD_IN 5471mW/5538mW VDD_CPU_GPU_CV 519mW/539mW VDD_SOC 2795mW/2816mW
08-04-2026 13:52:16 RAM 1472/7620MB (lfb 96x4MB) SWAP 0/3810MB (cached 0MB) CPU [0%@729,0%@729,0%@729,1%@729,0%@729,0%@729] GR3D_FREQ 0% cpu@50.218C soc2@48.718C soc0@50.562C gpu@51.468C tj@51.468C soc1@50.375C VDD_IN 5440mW/5538mW VDD_CPU_GPU_CV 479mW/539mW VDD_SOC 2795mW/2816mW
08-04-2026 13:52:17 RAM 1472/7620MB (lfb 96x4MB) SWAP 0/3810MB (cached 0MB) CPU [0%@729,0%@729,0%@729,0%@729,0%@729,0%@729] GR3D_FREQ 0% cpu@50.281C soc2@48.718C soc0@50.625C gpu@50.968C tj@50.968C soc1@50.312C VDD_IN 5471mW/5538mW VDD_CPU_GPU_CV 519mW/539mW VDD_SOC 2795mW/2816mW
08-04-2026 13:52:18 RAM 1472/7620MB (lfb 96x4MB) SWAP 0/3810MB (cached 0MB) CPU [0%@729,1%@729,0%@729,0%@729,0%@729,0%@729] GR3D_FREQ 0% cpu@50.218C soc2@48.75C soc0@50.593C gpu@51C tj@51C soc1@50.343C VDD_IN 5480mW/5538mW VDD_CPU_GPU_CV 519mW/539mW VDD_SOC 2795mW/2816mW
08-04-2026 13:52:19 RAM 1471/7620MB (lfb 96x4MB) SWAP 0/3810MB (cached 0MB) CPU [0%@729,0%@729,0%@729,0%@729,0%@729,0%@729] GR3D_FREQ 0% cpu@50C soc2@48.718C soc0@50.718C gpu@50.968C tj@50.968C soc1@50.562C VDD_IN 5440mW/5538mW VDD_CPU_GPU_CV 519mW/539mW VDD_SOC 2795mW/2816mW
08-04-2026 13:52:20 RAM 1471/7620MB (lfb 96x4MB) SWAP 0/3810MB (cached 0MB) CPU [1%@729,0%@729,0%@729,0%@729,0%@729,0%@729] GR3D_FREQ 0% cpu@50.093C soc2@48.781C soc0@50.562C gpu@51.031C tj@51.031C soc1@50.406C VDD_IN 5440mW/5538mW VDD_CPU_GPU_CV 519mW/539mW VDD_SOC 2795mW/2816mW
08-04-2026 13:52:21 RAM 1471/7620MB (lfb 96x4MB) SWAP 0/3810MB (cached 0MB) CPU [0%@729,0%@729,0%@729,2%@729,0%@729,0%@729] GR3D_FREQ 0% cpu@50.125C soc2@48.718C soc0@50.593C gpu@51.187C tj@51.187C soc1@50.343C VDD_IN 5480mW/5538mW VDD_CPU_GPU_CV 519mW/539mW VDD_SOC 2795mW/2816mW
08-04-2026 13:52:22 RAM 1471/7620MB (lfb 96x4MB) SWAP 0/3810MB (cached 0MB) CPU [0%@729,0%@729,0%@729,0%@729,0%@729,0%@729] GR3D_FREQ 0% cpu@50.375C soc2@48.812C soc0@50.625C gpu@51.187C tj@51.187C soc1@50.468C VDD_IN 5480mW/5538mW VDD_CPU_GPU_CV 519mW/539mW VDD_SOC 2795mW/2816mW
08-04-2026 13:52:23 RAM 1471/7620MB (lfb 96x4MB) SWAP 0/3810MB (cached 0MB) CPU [0%@729,0%@729,0%@729,1%@729,0%@729,0%@729] GR3D_FREQ 0% cpu@50.187C soc2@48.781C soc0@50.781C gpu@51.156C tj@51.156C soc1@50.468C VDD_IN 5480mW/5538mW VDD_CPU_GPU_CV 519mW/539mW VDD_SOC 2795mW/2816mW
08-04-2026 13:52:24 RAM 1471/7620MB (lfb 96x4MB) SWAP 0/3810MB (cached 0MB) CPU [0%@729,0%@729,0%@729,1%@729,0%@729,0%@729] GR3D_FREQ 0% cpu@50C soc2@48.875C soc0@50.687C gpu@51.187C tj@51.187C soc1@50.531C VDD_IN 5480mW/5537mW VDD_CPU_GPU_CV 519mW/539mW VDD_SOC 2795mW/2816mW
08-04-2026 13:52:25 RAM 1471/7620MB (lfb 96x4MB) SWAP 0/3810MB (cached 0MB) CPU [1%@729,0%@729,0%@729,0%@729,0%@729,1%@729] GR3D_FREQ 0% cpu@50.125C soc2@48.687C soc0@50.718C gpu@51.218C tj@51.218C soc1@50.312C VDD_IN 5480mW/5537mW VDD_CPU_GPU_CV 519mW/539mW VDD_SOC 2795mW/2816mW
08-04-2026 13:52:26 RAM 1471/7620MB (lfb 96x4MB) SWAP 0/3810MB (cached 0MB) CPU [0%@729,0%@729,0%@729,1%@729,0%@729,0%@729] GR3D_FREQ 0% cpu@50.281C soc2@48.687C soc0@50.625C gpu@51.031C tj@51.031C soc1@50.343C VDD_IN 5440mW/5537mW VDD_CPU_GPU_CV 479mW/539mW VDD_SOC 2795mW/2816mW
08-04-2026 13:52:27 RAM 1471/7620MB (lfb 96x4MB) SWAP 0/3810MB (cached 0MB) CPU [0%@729,0%@729,0%@729,1%@729,0%@729,0%@729] GR3D_FREQ 0% cpu@50.343C soc2@48.781C soc0@50.562C gpu@51C tj@51C soc1@50.343C VDD_IN 5480mW/5537mW VDD_CPU_GPU_CV 519mW/539mW VDD_SOC 2795mW/2816mW
08-04-2026 13:52:28 RAM 1471/7620MB (lfb 96x4MB) SWAP 0/3810MB (cached 0MB) CPU [0%@729,0%@729,0%@729,0%@729,0%@729,0%@729] GR3D_FREQ 0% cpu@50.062C soc2@48.75C soc0@50.625C gpu@51C tj@51C soc1@50.468C VDD_IN 5440mW/5537mW VDD_CPU_GPU_CV 479mW/539mW VDD_SOC 2795mW/2816mW
08-04-2026 13:52:29 RAM 1471/7620MB (lfb 96x4MB) SWAP 0/3810MB (cached 0MB) CPU [1%@729,0%@729,0%@729,0%@729,0%@729,0%@729] GR3D_FREQ 0% cpu@50.125C soc2@48.718C soc0@50.593C gpu@51.062C tj@51.062C soc1@50.5C VDD_IN 5440mW/5537mW VDD_CPU_GPU_CV 479mW/539mW VDD_SOC 2795mW/2816mW
08-04-2026 13:52:30 RAM 1471/7620MB (lfb 96x4MB) SWAP 0/3810MB (cached 0MB) CPU [0%@729,0%@729,0%@729,1%@729,0%@729,0%@729] GR3D_FREQ 0% cpu@50.156C soc2@48.687C soc0@50.687C gpu@51C tj@51C soc1@50.343C VDD_IN 5440mW/5537mW VDD_CPU_GPU_CV 479mW/539mW VDD_SOC 2795mW/2816mW
08-04-2026 13:52:31 RAM 1472/7620MB (lfb 96x4MB) SWAP 0/3810MB (cached 0MB) CPU [0%@729,1%@729,0%@729,0%@729,0%@729,0%@729] GR3D_FREQ 0% cpu@50.156C soc2@48.718C soc0@50.468C gpu@51.062C tj@51.062C soc1@50.375C VDD_IN 5440mW/5537mW VDD_CPU_GPU_CV 479mW/539mW VDD_SOC 2795mW/2816mW
08-04-2026 13:52:32 RAM 1472/7620MB (lfb 96x4MB) SWAP 0/3810MB (cached 0MB) CPU [0%@729,0%@729,0%@729,1%@729,0%@729,0%@729] GR3D_FREQ 0% cpu@50.375C soc2@48.718C soc0@50.562C gpu@51.218C tj@51.218C soc1@50.343C VDD_IN 5480mW/5537mW VDD_CPU_GPU_CV 479mW/539mW VDD_SOC 2795mW/2816mW
08-04-2026 13:52:33 RAM 1472/7620MB (lfb 96x4MB) SWAP 0/3810MB (cached 0MB) CPU [0%@729,0%@729,0%@729,1%@729,0%@729,0%@729] GR3D_FREQ 0% cpu@50.031C soc2@48.781C soc0@50.593C gpu@51.312C tj@51.312C soc1@50.375C VDD_IN 5440mW/5537mW VDD_CPU_GPU_CV 479mW/539mW VDD_SOC 2795mW/2816mW
08-04-2026 13:52:34 RAM 1472/7620MB (lfb 96x4MB) SWAP 0/3810MB (cached 0MB) CPU [0%@729,0%@729,0%@729,0%@729,0%@729,0%@729] GR3D_FREQ 0% cpu@50.031C soc2@48.781C soc0@50.687C gpu@51.281C tj@51.281C soc1@50.468C VDD_IN 5440mW/5537mW VDD_CPU_GPU_CV 479mW/539mW VDD_SOC 2795mW/2816mW
08-04-2026 13:52:35 RAM 1472/7620MB (lfb 96x4MB) SWAP 0/3810MB (cached 0MB) CPU [0%@729,1%@729,0%@729,0%@729,0%@729,0%@729] GR3D_FREQ 0% cpu@50.062C soc2@48.718C soc0@50.718C gpu@51.343C tj@51.343C soc1@50.312C VDD_IN 5440mW/5537mW VDD_CPU_GPU_CV 479mW/539mW VDD_SOC 2795mW/2816mW
08-04-2026 13:52:36 RAM 1472/7620MB (lfb 96x4MB) SWAP 0/3810MB (cached 0MB) CPU [1%@729,0%@729,0%@729,0%@729,0%@729,0%@729] GR3D_FREQ 0% cpu@50.156C soc2@48.718C soc0@50.593C gpu@51.375C tj@51.375C soc1@50.25C VDD_IN 5440mW/5537mW VDD_CPU_GPU_CV 519mW/539mW VDD_SOC 2795mW/2816mW
08-04-2026 13:52:37 RAM 1472/7620MB (lfb 96x4MB) SWAP 0/3810MB (cached 0MB) CPU [0%@729,0%@729,0%@729,0%@729,0%@729,0%@729] GR3D_FREQ 0% cpu@50.281C soc2@48.687C soc0@50.468C gpu@51.437C tj@51.437C soc1@50.437C VDD_IN 5480mW/5537mW VDD_CPU_GPU_CV 519mW/539mW VDD_SOC 2795mW/2816mW
08-04-2026 13:52:38 RAM 1472/7620MB (lfb 96x4MB) SWAP 0/3810MB (cached 0MB) CPU [0%@729,0%@729,0%@729,0%@729,0%@729,0%@729] GR3D_FREQ 0% cpu@50.031C soc2@48.656C soc0@50.562C gpu@51.062C tj@51.062C soc1@50.406C VDD_IN 5431mW/5536mW VDD_CPU_GPU_CV 519mW/539mW VDD_SOC 2795mW/2816mW
08-04-2026 13:52:39 RAM 1472/7620MB (lfb 96x4MB) SWAP 0/3810MB (cached 0MB) CPU [0%@729,0%@729,0%@729,0%@729,0%@729,0%@729] GR3D_FREQ 0% cpu@50.093C soc2@48.781C soc0@50.625C gpu@51.125C tj@51.125C soc1@50.5C VDD_IN 5440mW/5536mW VDD_CPU_GPU_CV 479mW/539mW VDD_SOC 2795mW/2816mW
08-04-2026 13:52:40 RAM 1472/7620MB (lfb 96x4MB) SWAP 0/3810MB (cached 0MB) CPU [0%@729,0%@729,0%@729,0%@729,0%@729,0%@729] GR3D_FREQ 0% cpu@50.062C soc2@48.687C soc0@50.718C gpu@51.093C tj@51.093C soc1@50.343C VDD_IN 5440mW/5536mW VDD_CPU_GPU_CV 479mW/539mW VDD_SOC 2795mW/2816mW
08-04-2026 13:52:41 RAM 1472/7620MB (lfb 96x4MB) SWAP 0/3810MB (cached 0MB) CPU [0%@729,0%@729,1%@729,0%@729,0%@729,0%@729] GR3D_FREQ 0% cpu@50.093C soc2@48.75C soc0@50.5C gpu@51.093C tj@51.093C soc1@50.25C VDD_IN 5440mW/5536mW VDD_CPU_GPU_CV 479mW/539mW VDD_SOC 2795mW/2816mW
08-04-2026 13:52:42 RAM 1472/7620MB (lfb 96x4MB) SWAP 0/3810MB (cached 0MB) CPU [0%@729,0%@729,0%@729,0%@729,0%@729,0%@729] GR3D_FREQ 0% cpu@50.312C soc2@48.687C soc0@50.562C gpu@51.125C tj@51.125C soc1@50.437C VDD_IN 5520mW/5536mW VDD_CPU_GPU_CV 519mW/539mW VDD_SOC 2795mW/2816mW
08-04-2026 13:52:43 RAM 1472/7620MB (lfb 96x4MB) SWAP 0/3810MB (cached 0MB) CPU [0%@729,1%@729,0%@729,0%@729,0%@729,0%@729] GR3D_FREQ 0% cpu@50.062C soc2@48.687C soc0@50.656C gpu@51.125C tj@51.125C soc1@50.468C VDD_IN 5440mW/5536mW VDD_CPU_GPU_CV 479mW/539mW VDD_SOC 2795mW/2816mW
08-04-2026 13:52:44 RAM 1472/7620MB (lfb 96x4MB) SWAP 0/3810MB (cached 0MB) CPU [0%@729,0%@729,0%@729,0%@729,0%@729,0%@729] GR3D_FREQ 0% cpu@50.062C soc2@48.812C soc0@50.687C gpu@50.875C tj@50.875C soc1@50.312C VDD_IN 5431mW/5536mW VDD_CPU_GPU_CV 479mW/538mW VDD_SOC 2795mW/2816mW
08-04-2026 13:52:45 RAM 1472/7620MB (lfb 96x4MB) SWAP 0/3810MB (cached 0MB) CPU [0%@729,0%@729,0%@729,1%@729,0%@729,0%@729] GR3D_FREQ 0% cpu@50.187C soc2@48.656C soc0@50.437C gpu@50.968C tj@50.968C soc1@50.25C VDD_IN 5440mW/5536mW VDD_CPU_GPU_CV 479mW/538mW VDD_SOC 2795mW/2816mW
08-04-2026 13:52:46 RAM 1472/7620MB (lfb 96x4MB) SWAP 0/3810MB (cached 0MB) CPU [0%@729,1%@729,0%@729,0%@729,0%@729,0%@729] GR3D_FREQ 0% cpu@50.125C soc2@48.656C soc0@50.531C gpu@50.875C tj@50.875C soc1@50.281C VDD_IN 5440mW/5536mW VDD_CPU_GPU_CV 519mW/538mW VDD_SOC 2795mW/2816mW
08-04-2026 13:52:47 RAM 1472/7620MB (lfb 96x4MB) SWAP 0/3810MB (cached 0MB) CPU [0%@729,1%@729,0%@729,0%@729,0%@729,0%@729] GR3D_FREQ 0% cpu@50.312C soc2@48.718C soc0@50.562C gpu@51.156C tj@51.156C soc1@50.437C VDD_IN 5480mW/5536mW VDD_CPU_GPU_CV 519mW/538mW VDD_SOC 2795mW/2816mW
08-04-2026 13:52:48 RAM 1472/7620MB (lfb 96x4MB) SWAP 0/3810MB (cached 0MB) CPU [0%@729,0%@729,0%@729,1%@729,0%@729,0%@729] GR3D_FREQ 0% cpu@50C soc2@48.75C soc0@50.656C gpu@51.125C tj@51.125C soc1@50.468C VDD_IN 5440mW/5536mW VDD_CPU_GPU_CV 479mW/538mW VDD_SOC 2795mW/2816mW
08-04-2026 13:52:49 RAM 1472/7620MB (lfb 96x4MB) SWAP 0/3810MB (cached 0MB) CPU [0%@729,0%@729,1%@729,0%@729,0%@729,0%@729] GR3D_FREQ 0% cpu@50.125C soc2@48.687C soc0@50.593C gpu@51.125C tj@51.125C soc1@50.312C VDD_IN 5440mW/5536mW VDD_CPU_GPU_CV 479mW/538mW VDD_SOC 2795mW/2816mW
08-04-2026 13:52:50 RAM 1472/7620MB (lfb 96x4MB) SWAP 0/3810MB (cached 0MB) CPU [0%@729,0%@729,0%@729,0%@729,0%@729,0%@729] GR3D_FREQ 0% cpu@50.25C soc2@48.687C soc0@50.468C gpu@51.125C tj@50.937C soc1@50.312C VDD_IN 5440mW/5536mW VDD_CPU_GPU_CV 479mW/538mW VDD_SOC 2795mW/2816mW
08-04-2026 13:52:51 RAM 1472/7620MB (lfb 96x4MB) SWAP 0/3810MB (cached 0MB) CPU [0%@729,0%@729,0%@729,1%@729,0%@729,0%@729] GR3D_FREQ 0% cpu@49.968C soc2@48.781C soc0@50.5C gpu@51C tj@51C soc1@50.343C VDD_IN 5440mW/5536mW VDD_CPU_GPU_CV 479mW/538mW VDD_SOC 2795mW/2816mW
08-04-2026 13:52:52 RAM 1472/7620MB (lfb 96x4MB) SWAP 0/3810MB (cached 0MB) CPU [0%@729,0%@729,0%@729,0%@729,0%@729,0%@729] GR3D_FREQ 0% cpu@50.093C soc2@48.687C soc0@50.656C gpu@50.906C tj@50.906C soc1@50.5C VDD_IN 5480mW/5535mW VDD_CPU_GPU_CV 519mW/538mW VDD_SOC 2795mW/2816mW
08-04-2026 13:52:53 RAM 1472/7620MB (lfb 96x4MB) SWAP 0/3810MB (cached 0MB) CPU [1%@729,1%@729,0%@729,1%@729,0%@729,0%@729] GR3D_FREQ 0% cpu@50.093C soc2@48.75C soc0@50.593C gpu@50.968C tj@50.968C soc1@50.25C VDD_IN 5431mW/5535mW VDD_CPU_GPU_CV 479mW/538mW VDD_SOC 2795mW/2816mW
08-04-2026 13:52:54 RAM 1472/7620MB (lfb 96x4MB) SWAP 0/3810MB (cached 0MB) CPU [0%@729,0%@729,0%@729,1%@729,0%@729,0%@729] GR3D_FREQ 0% cpu@50.312C soc2@48.593C soc0@50.5C gpu@51.25C tj@51.25C soc1@50.312C VDD_IN 5440mW/5535mW VDD_CPU_GPU_CV 479mW/538mW VDD_SOC 2795mW/2816mW
08-04-2026 13:52:55 RAM 1472/7620MB (lfb 96x4MB) SWAP 0/3810MB (cached 0MB) CPU [0%@729,0%@729,0%@729,0%@729,0%@729,0%@729] GR3D_FREQ 0% cpu@50.156C soc2@48.718C soc0@50.531C gpu@51.125C tj@51.125C soc1@50.312C VDD_IN 5440mW/5535mW VDD_CPU_GPU_CV 479mW/538mW VDD_SOC 2795mW/2816mW
08-04-2026 13:52:56 RAM 1472/7620MB (lfb 96x4MB) SWAP 0/3810MB (cached 0MB) CPU [0%@729,0%@729,0%@729,0%@729,0%@729,0%@729] GR3D_FREQ 0% cpu@49.968C soc2@48.687C soc0@50.5C gpu@51.156C tj@51.156C soc1@50.468C VDD_IN 5431mW/5535mW VDD_CPU_GPU_CV 479mW/538mW VDD_SOC 2795mW/2816mW
08-04-2026 13:52:57 RAM 1472/7620MB (lfb 96x4MB) SWAP 0/3810MB (cached 0MB) CPU [1%@729,0%@729,0%@729,1%@729,0%@729,0%@729] GR3D_FREQ 0% cpu@50C soc2@48.531C soc0@50.562C gpu@50.937C tj@50.937C soc1@50.25C VDD_IN 5471mW/5535mW VDD_CPU_GPU_CV 519mW/538mW VDD_SOC 2795mW/2816mW
08-04-2026 13:52:58 RAM 1472/7620MB (lfb 96x4MB) SWAP 0/3810MB (cached 0MB) CPU [0%@729,0%@729,0%@729,0%@729,0%@729,0%@729] GR3D_FREQ 0% cpu@50.156C soc2@48.656C soc0@50.625C gpu@50.906C tj@50.906C soc1@50.343C VDD_IN 5480mW/5535mW VDD_CPU_GPU_CV 519mW/538mW VDD_SOC 2795mW/2816mW
08-04-2026 13:52:59 RAM 1472/7620MB (lfb 96x4MB) SWAP 0/3810MB (cached 0MB) CPU [0%@729,0%@729,1%@729,1%@729,0%@729,0%@729] GR3D_FREQ 0% cpu@50.25C soc2@48.75C soc0@50.468C gpu@50.968C tj@50.968C soc1@50.312C VDD_IN 5480mW/5535mW VDD_CPU_GPU_CV 519mW/538mW VDD_SOC 2795mW/2816mW
08-04-2026 13:53:00 RAM 1472/7620MB (lfb 96x4MB) SWAP 0/3810MB (cached 0MB) CPU [0%@729,0%@729,0%@729,2%@729,0%@729,0%@729] GR3D_FREQ 0% cpu@50C soc2@48.75C soc0@50.625C gpu@51.281C tj@51.281C soc1@50.218C VDD_IN 5440mW/5535mW VDD_CPU_GPU_CV 519mW/538mW VDD_SOC 2795mW/2816mW
08-04-2026 13:53:01 RAM 1472/7620MB (lfb 96x4MB) SWAP 0/3810MB (cached 0MB) CPU [0%@729,0%@729,0%@729,0%@729,0%@729,0%@729] GR3D_FREQ 0% cpu@50.125C soc2@48.656C soc0@50.656C gpu@51.25C tj@51.25C soc1@50.187C VDD_IN 5431mW/5535mW VDD_CPU_GPU_CV 519mW/538mW VDD_SOC 2795mW/2816mW
08-04-2026 13:53:02 RAM 1472/7620MB (lfb 96x4MB) SWAP 0/3810MB (cached 0MB) CPU [0%@729,0%@729,0%@729,1%@729,0%@729,0%@729] GR3D_FREQ 0% cpu@50.343C soc2@48.656C soc0@50.5C gpu@51.343C tj@51.343C soc1@50.218C VDD_IN 5480mW/5535mW VDD_CPU_GPU_CV 519mW/538mW VDD_SOC 2795mW/2816mW
08-04-2026 13:53:03 RAM 1518/7620MB (lfb 96x4MB) SWAP 0/3810MB (cached 0MB) CPU [6%@1728,7%@1728,67%@1728,7%@1728,7%@729,6%@729] GR3D_FREQ 0% cpu@51.281C soc2@48.906C soc0@50.468C gpu@51.625C tj@51.625C soc1@50.312C VDD_IN 7080mW/5536mW VDD_CPU_GPU_CV 1397mW/539mW VDD_SOC 3194mW/2816mW
08-04-2026 13:53:04 RAM 1710/7620MB (lfb 96x4MB) SWAP 0/3810MB (cached 0MB) CPU [6%@1728,6%@1728,100%@1728,7%@1728,6%@729,7%@729] GR3D_FREQ 0% cpu@51.5C soc2@49.031C soc0@50.687C gpu@51.687C tj@51.5C soc1@50.468C VDD_IN 7480mW/5538mW VDD_CPU_GPU_CV 1597mW/539mW VDD_SOC 3314mW/2816mW
08-04-2026 13:53:05 RAM 1739/7620MB (lfb 96x4MB) SWAP 0/3810MB (cached 0MB) CPU [0%@1728,0%@1728,100%@1728,0%@1728,0%@729,0%@729] GR3D_FREQ 0% cpu@51.406C soc2@49.062C soc0@50.75C gpu@51.437C tj@51.437C soc1@50.687C VDD_IN 7440mW/5539mW VDD_CPU_GPU_CV 1557mW/540mW VDD_SOC 3314mW/2817mW
08-04-2026 13:53:06 RAM 1771/7620MB (lfb 96x4MB) SWAP 0/3810MB (cached 0MB) CPU [0%@1728,0%@1728,100%@1728,0%@1728,0%@729,0%@729] GR3D_FREQ 0% cpu@51.25C soc2@49C soc0@50.875C gpu@51.531C tj@51.531C soc1@50.468C VDD_IN 7440mW/5541mW VDD_CPU_GPU_CV 1557mW/541mW VDD_SOC 3314mW/2817mW
08-04-2026 13:53:07 RAM 1771/7620MB (lfb 96x4MB) SWAP 0/3810MB (cached 0MB) CPU [0%@1728,0%@1728,100%@1728,0%@1728,0%@729,0%@729] GR3D_FREQ 0% cpu@51.406C soc2@49.062C soc0@50.812C gpu@51.468C tj@51.468C soc1@50.468C VDD_IN 7400mW/5542mW VDD_CPU_GPU_CV 1317mW/542mW VDD_SOC 3354mW/2818mW
08-04-2026 13:53:08 RAM 1472/7620MB (lfb 96x4MB) SWAP 0/3810MB (cached 0MB) CPU [1%@729,1%@729,6%@729,0%@729,0%@729,0%@729] GR3D_FREQ 0% cpu@50.375C soc2@48.843C soc0@50.687C gpu@51.218C tj@51.218C soc1@50.593C VDD_IN 5720mW/5542mW VDD_CPU_GPU_CV 599mW/542mW VDD_SOC 2875mW/2818mW
08-04-2026 13:53:09 RAM 1472/7620MB (lfb 96x4MB) SWAP 0/3810MB (cached 0MB) CPU [1%@729,1%@729,0%@729,0%@729,0%@729,0%@729] GR3D_FREQ 0% cpu@50.437C soc2@48.812C soc0@50.687C gpu@51.25C tj@51.25C soc1@50.5C VDD_IN 5480mW/5542mW VDD_CPU_GPU_CV 519mW/542mW VDD_SOC 2795mW/2818mW
08-04-2026 13:53:10 RAM 1472/7620MB (lfb 96x4MB) SWAP 0/3810MB (cached 0MB) CPU [0%@729,0%@729,0%@729,0%@729,0%@729,0%@729] GR3D_FREQ 0% cpu@50.156C soc2@48.875C soc0@50.656C gpu@51.312C tj@51.312C soc1@50.687C VDD_IN 5471mW/5542mW VDD_CPU_GPU_CV 519mW/542mW VDD_SOC 2795mW/2818mW
08-04-2026 13:53:11 RAM 1472/7620MB (lfb 96x4MB) SWAP 0/3810MB (cached 0MB) CPU [0%@729,0%@729,0%@729,1%@729,0%@729,0%@729] GR3D_FREQ 0% cpu@50.25C soc2@48.718C soc0@50.906C gpu@51.031C tj@51.031C soc1@50.375C VDD_IN 5480mW/5542mW VDD_CPU_GPU_CV 519mW/542mW VDD_SOC 2795mW/2818mW
08-04-2026 13:53:12 RAM 1472/7620MB (lfb 96x4MB) SWAP 0/3810MB (cached 0MB) CPU [0%@729,0%@729,0%@729,1%@729,0%@729,0%@729] GR3D_FREQ 0% cpu@50.343C soc2@48.781C soc0@50.656C gpu@51.093C tj@51.093C soc1@50.437C VDD_IN 5440mW/5542mW VDD_CPU_GPU_CV 479mW/542mW VDD_SOC 2795mW/2818mW
08-04-2026 13:53:13 RAM 1472/7620MB (lfb 96x4MB) SWAP 0/3810MB (cached 0MB) CPU [0%@729,0%@729,0%@729,0%@729,0%@729,0%@729] GR3D_FREQ 0% cpu@50.156C soc2@48.843C soc0@50.656C gpu@51.062C tj@51.062C soc1@50.468C VDD_IN 5471mW/5542mW VDD_CPU_GPU_CV 519mW/542mW VDD_SOC 2795mW/2818mW
08-04-2026 13:53:14 RAM 1472/7620MB (lfb 96x4MB) SWAP 0/3810MB (cached 0MB) CPU [0%@729,0%@729,0%@729,1%@729,0%@729,0%@729] GR3D_FREQ 0% cpu@50.437C soc2@48.843C soc0@50.687C gpu@50.968C tj@50.968C soc1@50.562C VDD_IN 5471mW/5542mW VDD_CPU_GPU_CV 519mW/542mW VDD_SOC 2795mW/2817mW
08-04-2026 13:53:15 RAM 1472/7620MB (lfb 96x4MB) SWAP 0/3810MB (cached 0MB) CPU [0%@729,1%@729,0%@729,0%@729,0%@729,0%@729] GR3D_FREQ 0% cpu@50.093C soc2@48.875C soc0@50.718C gpu@51.031C tj@51.031C soc1@50.562C VDD_IN 5440mW/5542mW VDD_CPU_GPU_CV 519mW/542mW VDD_SOC 2795mW/2817mW
08-04-2026 13:53:16 RAM 1472/7620MB (lfb 96x4MB) SWAP 0/3810MB (cached 0MB) CPU [0%@729,1%@729,0%@729,0%@729,0%@729,0%@729] GR3D_FREQ 0% cpu@50.25C soc2@48.718C soc0@50.718C gpu@51.312C tj@51.312C soc1@50.343C VDD_IN 5471mW/5542mW VDD_CPU_GPU_CV 519mW/542mW VDD_SOC 2795mW/2817mW
08-04-2026 13:53:17 RAM 1472/7620MB (lfb 96x4MB) SWAP 0/3810MB (cached 0MB) CPU [0%@729,0%@729,0%@729,2%@729,0%@729,0%@729] GR3D_FREQ 0% cpu@50.281C soc2@48.781C soc0@50.687C gpu@51.281C tj@51.281C soc1@50.468C VDD_IN 5471mW/5542mW VDD_CPU_GPU_CV 519mW/542mW VDD_SOC 2795mW/2817mW
08-04-2026 13:53:18 RAM 1472/7620MB (lfb 96x4MB) SWAP 0/3810MB (cached 0MB) CPU [0%@729,0%@729,0%@729,0%@729,0%@729,0%@729] GR3D_FREQ 0% cpu@50.25C soc2@48.875C soc0@50.656C gpu@51.281C tj@51.281C soc1@50.5C VDD_IN 5480mW/5542mW VDD_CPU_GPU_CV 519mW/542mW VDD_SOC 2795mW/2817mW
08-04-2026 13:53:19 RAM 1472/7620MB (lfb 96x4MB) SWAP 0/3810MB (cached 0MB) CPU [0%@729,0%@729,0%@729,0%@729,0%@729,0%@729] GR3D_FREQ 0% cpu@50.437C soc2@48.843C soc0@50.718C gpu@51.25C tj@51.25C soc1@50.5C VDD_IN 5471mW/5542mW VDD_CPU_GPU_CV 519mW/542mW VDD_SOC 2795mW/2817mW
08-04-2026 13:53:20 RAM 1472/7620MB (lfb 96x4MB) SWAP 0/3810MB (cached 0MB) CPU [1%@729,0%@729,0%@729,0%@729,0%@729,0%@729] GR3D_FREQ 0% cpu@50.187C soc2@48.843C soc0@50.718C gpu@51.25C tj@51.25C soc1@50.625C VDD_IN 5480mW/5542mW VDD_CPU_GPU_CV 519mW/542mW VDD_SOC 2795mW/2817mW
08-04-2026 13:53:21 RAM 1472/7620MB (lfb 96x4MB) SWAP 0/3810MB (cached 0MB) CPU [0%@729,0%@729,0%@729,1%@729,0%@729,0%@729] GR3D_FREQ 0% cpu@50.156C soc2@48.843C soc0@50.812C gpu@51.281C tj@51.281C soc1@50.343C VDD_IN 5480mW/5542mW VDD_CPU_GPU_CV 519mW/542mW VDD_SOC 2795mW/2817mW
08-04-2026 13:53:22 RAM 1472/7620MB (lfb 96x4MB) SWAP 0/3810MB (cached 0MB) CPU [0%@729,0%@729,0%@729,0%@729,0%@729,0%@729] GR3D_FREQ 0% cpu@50.25C soc2@48.812C soc0@50.562C gpu@51.093C tj@51.093C soc1@50.406C VDD_IN 5480mW/5542mW VDD_CPU_GPU_CV 519mW/542mW VDD_SOC 2795mW/2817mW
08-04-2026 13:53:23 RAM 1472/7620MB (lfb 96x4MB) SWAP 0/3810MB (cached 0MB) CPU [0%@729,0%@729,0%@729,1%@729,0%@729,0%@729] GR3D_FREQ 0% cpu@50.218C soc2@48.75C soc0@50.562C gpu@51.093C tj@51.093C soc1@50.468C VDD_IN 5600mW/5542mW VDD_CPU_GPU_CV 559mW/542mW VDD_SOC 2835mW/2817mW
08-04-2026 13:53:25 RAM 1472/7620MB (lfb 96x4MB) SWAP 0/3810MB (cached 0MB) CPU [0%@729,0%@729,0%@729,1%@729,0%@729,0%@729] GR3D_FREQ 0% cpu@50.343C soc2@48.812C soc0@50.75C gpu@51.093C tj@51.093C soc1@50.5C VDD_IN 5480mW/5542mW VDD_CPU_GPU_CV 519mW/542mW VDD_SOC 2795mW/2817mW
08-04-2026 13:53:26 RAM 1472/7620MB (lfb 96x4MB) SWAP 0/3810MB (cached 0MB) CPU [0%@729,0%@729,0%@729,0%@729,0%@729,0%@729] GR3D_FREQ 0% cpu@50.187C soc2@48.781C soc0@50.75C gpu@51.093C tj@51.093C soc1@50.593C VDD_IN 5471mW/5542mW VDD_CPU_GPU_CV 519mW/542mW VDD_SOC 2795mW/2817mW
08-04-2026 13:53:27 RAM 1472/7620MB (lfb 96x4MB) SWAP 0/3810MB (cached 0MB) CPU [0%@729,0%@729,0%@729,1%@729,0%@729,0%@729] GR3D_FREQ 0% cpu@50.218C soc2@48.718C soc0@50.781C gpu@51.093C tj@51.093C soc1@50.437C VDD_IN 5440mW/5541mW VDD_CPU_GPU_CV 479mW/541mW VDD_SOC 2795mW/2817mW
08-04-2026 13:53:28 RAM 1472/7620MB (lfb 96x4MB) SWAP 0/3810MB (cached 0MB) CPU [0%@729,0%@729,0%@729,0%@729,0%@729,0%@729] GR3D_FREQ 0% cpu@50.312C soc2@48.75C soc0@50.656C gpu@51.156C tj@51.156C soc1@50.375C VDD_IN 5431mW/5541mW VDD_CPU_GPU_CV 479mW/541mW VDD_SOC 2795mW/2817mW
08-04-2026 13:53:29 RAM 1472/7620MB (lfb 96x4MB) SWAP 0/3810MB (cached 0MB) CPU [0%@729,0%@729,0%@729,0%@729,0%@729,0%@729] GR3D_FREQ 0% cpu@50.031C soc2@48.75C soc0@50.656C gpu@51.375C tj@51.375C soc1@50.5C VDD_IN 5431mW/5541mW VDD_CPU_GPU_CV 479mW/541mW VDD_SOC 2795mW/2817mW
08-04-2026 13:53:30 RAM 1472/7620MB (lfb 96x4MB) SWAP 0/3810MB (cached 0MB) CPU [0%@729,0%@729,1%@729,0%@729,0%@729,0%@729] GR3D_FREQ 0% cpu@50.343C soc2@48.812C soc0@50.625C gpu@51.468C tj@51.468C soc1@50.531C VDD_IN 5471mW/5541mW VDD_CPU_GPU_CV 519mW/541mW VDD_SOC 2795mW/2817mW
08-04-2026 13:53:31 RAM 1472/7620MB (lfb 96x4MB) SWAP 0/3810MB (cached 0MB) CPU [0%@729,0%@729,0%@729,0%@729,0%@729,0%@729] GR3D_FREQ 0% cpu@50.125C soc2@48.843C soc0@50.656C gpu@51.468C tj@51.468C soc1@50.406C VDD_IN 5440mW/5541mW VDD_CPU_GPU_CV 479mW/541mW VDD_SOC 2795mW/2817mW
08-04-2026 13:53:32 RAM 1472/7620MB (lfb 96x4MB) SWAP 0/3810MB (cached 0MB) CPU [0%@729,0%@729,0%@729,0%@729,0%@729,0%@729] GR3D_FREQ 0% cpu@50.093C soc2@48.687C soc0@50.593C gpu@50.937C tj@50.937C soc1@50.343C VDD_IN 5440mW/5541mW VDD_CPU_GPU_CV 519mW/541mW VDD_SOC 2795mW/2817mW
08-04-2026 13:53:33 RAM 1472/7620MB (lfb 96x4MB) SWAP 0/3810MB (cached 0MB) CPU [0%@729,0%@729,1%@729,0%@729,0%@729,0%@729] GR3D_FREQ 0% cpu@50.187C soc2@48.75C soc0@50.625C gpu@51C tj@51C soc1@50.406C VDD_IN 5431mW/5541mW VDD_CPU_GPU_CV 479mW/541mW VDD_SOC 2795mW/2817mW
08-04-2026 13:53:34 RAM 1472/7620MB (lfb 96x4MB) SWAP 0/3810MB (cached 0MB) CPU [0%@729,0%@729,0%@729,0%@729,0%@729,0%@729] GR3D_FREQ 0% cpu@50.093C soc2@48.812C soc0@50.656C gpu@51C tj@51C soc1@50.406C VDD_IN 5431mW/5541mW VDD_CPU_GPU_CV 519mW/541mW VDD_SOC 2795mW/2817mW
08-04-2026 13:53:35 RAM 1472/7620MB (lfb 96x4MB) SWAP 0/3810MB (cached 0MB) CPU [0%@729,1%@729,1%@729,0%@729,0%@729,0%@729] GR3D_FREQ 0% cpu@50.25C soc2@48.781C soc0@50.593C gpu@51.062C tj@51.218C soc1@50.593C VDD_IN 5480mW/5541mW VDD_CPU_GPU_CV 519mW/541mW VDD_SOC 2795mW/2817mW
08-04-2026 13:53:36 RAM 1472/7620MB (lfb 96x4MB) SWAP 0/3810MB (cached 0MB) CPU [0%@729,0%@729,1%@729,0%@729,0%@729,0%@729] GR3D_FREQ 0% cpu@50.062C soc2@48.875C soc0@50.718C gpu@51.218C tj@51.218C soc1@50.312C VDD_IN 5440mW/5541mW VDD_CPU_GPU_CV 519mW/541mW VDD_SOC 2795mW/2817mW
08-04-2026 13:53:37 RAM 1472/7620MB (lfb 96x4MB) SWAP 0/3810MB (cached 0MB) CPU [0%@729,0%@729,1%@729,0%@729,0%@729,0%@729] GR3D_FREQ 0% cpu@50.156C soc2@48.625C soc0@50.687C gpu@51.187C tj@51.187C soc1@50.375C VDD_IN 5440mW/5541mW VDD_CPU_GPU_CV 479mW/541mW VDD_SOC 2795mW/2817mW
08-04-2026 13:53:38 RAM 1472/7620MB (lfb 96x4MB) SWAP 0/3810MB (cached 0MB) CPU [0%@729,0%@729,0%@729,0%@729,0%@729,0%@729] GR3D_FREQ 0% cpu@50.156C soc2@48.781C soc0@50.625C gpu@51.218C tj@51.218C soc1@50.375C VDD_IN 5431mW/5541mW VDD_CPU_GPU_CV 519mW/541mW VDD_SOC 2795mW/2817mW
08-04-2026 13:53:39 RAM 1472/7620MB (lfb 96x4MB) SWAP 0/3810MB (cached 0MB) CPU [0%@729,0%@729,1%@729,0%@729,0%@729,0%@729] GR3D_FREQ 0% cpu@50.468C soc2@48.781C soc0@50.593C gpu@51.156C tj@51.156C soc1@50.468C VDD_IN 5440mW/5541mW VDD_CPU_GPU_CV 479mW/541mW VDD_SOC 2795mW/2817mW
08-04-2026 13:53:40 RAM 1472/7620MB (lfb 96x4MB) SWAP 0/3810MB (cached 0MB) CPU [0%@729,0%@729,0%@729,0%@729,0%@729,0%@729] GR3D_FREQ 0% cpu@50.218C soc2@48.75C soc0@50.656C gpu@51.187C tj@51.187C soc1@50.437C VDD_IN 5440mW/5540mW VDD_CPU_GPU_CV 479mW/541mW VDD_SOC 2795mW/2817mW
08-04-2026 13:53:41 RAM 1472/7620MB (lfb 96x4MB) SWAP 0/3810MB (cached 0MB) CPU [0%@729,0%@729,0%@729,0%@729,0%@729,0%@729] GR3D_FREQ 0% cpu@50.125C soc2@48.843C soc0@50.781C gpu@51.062C tj@51.062C soc1@50.343C VDD_IN 5440mW/5540mW VDD_CPU_GPU_CV 519mW/541mW VDD_SOC 2795mW/2817mW
08-04-2026 13:53:42 RAM 1472/7620MB (lfb 96x4MB) SWAP 0/3810MB (cached 0MB) CPU [0%@729,0%@729,1%@729,0%@729,0%@729,0%@729] GR3D_FREQ 0% cpu@50.093C soc2@48.687C soc0@50.843C gpu@51C tj@51C soc1@50.343C VDD_IN 5440mW/5540mW VDD_CPU_GPU_CV 479mW/541mW VDD_SOC 2795mW/2817mW
08-04-2026 13:53:43 RAM 1472/7620MB (lfb 96x4MB) SWAP 0/3810MB (cached 0MB) CPU [0%@729,0%@729,1%@729,0%@729,0%@729,0%@729] GR3D_FREQ 0% cpu@50.187C soc2@48.75C soc0@50.687C gpu@51C tj@51C soc1@50.375C VDD_IN 5440mW/5540mW VDD_CPU_GPU_CV 479mW/541mW VDD_SOC 2795mW/2817mW
08-04-2026 13:53:44 RAM 1471/7620MB (lfb 96x4MB) SWAP 0/3810MB (cached 0MB) CPU [0%@729,0%@729,0%@729,0%@729,0%@729,0%@729] GR3D_FREQ 0% cpu@50.437C soc2@48.75C soc0@50.687C gpu@51C tj@51C soc1@50.5C VDD_IN 5471mW/5540mW VDD_CPU_GPU_CV 519mW/541mW VDD_SOC 2795mW/2817mW
08-04-2026 13:53:45 RAM 1471/7620MB (lfb 96x4MB) SWAP 0/3810MB (cached 0MB) CPU [0%@729,0%@729,1%@729,0%@729,0%@729,0%@729] GR3D_FREQ 0% cpu@50.218C soc2@48.687C soc0@50.687C gpu@51.031C tj@51.031C soc1@50.468C VDD_IN 5440mW/5540mW VDD_CPU_GPU_CV 519mW/541mW VDD_SOC 2795mW/2817mW
08-04-2026 13:53:46 RAM 1471/7620MB (lfb 96x4MB) SWAP 0/3810MB (cached 0MB) CPU [0%@729,0%@729,0%@729,0%@729,0%@729,0%@729] GR3D_FREQ 0% cpu@50.187C soc2@48.687C soc0@50.781C gpu@51.218C tj@51.218C soc1@50.343C VDD_IN 5431mW/5540mW VDD_CPU_GPU_CV 479mW/541mW VDD_SOC 2795mW/2817mW
08-04-2026 13:53:47 RAM 1471/7620MB (lfb 96x4MB) SWAP 0/3810MB (cached 0MB) CPU [0%@729,0%@729,0%@729,0%@729,0%@729,0%@729] GR3D_FREQ 0% cpu@50.093C soc2@48.656C soc0@50.781C gpu@51.218C tj@51.218C soc1@50.375C VDD_IN 5471mW/5540mW VDD_CPU_GPU_CV 519mW/541mW VDD_SOC 2795mW/2817mW
08-04-2026 13:53:48 RAM 1472/7620MB (lfb 96x4MB) SWAP 0/3810MB (cached 0MB) CPU [0%@729,0%@729,0%@729,0%@729,0%@729,0%@729] GR3D_FREQ 0% cpu@50.218C soc2@48.687C soc0@50.687C gpu@51.312C tj@51.312C soc1@50.343C VDD_IN 5480mW/5540mW VDD_CPU_GPU_CV 519mW/541mW VDD_SOC 2795mW/2817mW
08-04-2026 13:53:49 RAM 1472/7620MB (lfb 96x4MB) SWAP 0/3810MB (cached 0MB) CPU [0%@729,0%@729,1%@729,0%@729,0%@729,0%@729] GR3D_FREQ 0% cpu@50.468C soc2@48.718C soc0@50.593C gpu@51.281C tj@51.281C soc1@50.5C VDD_IN 5480mW/5540mW VDD_CPU_GPU_CV 519mW/541mW VDD_SOC 2795mW/2817mW
08-04-2026 13:53:50 RAM 1472/7620MB (lfb 96x4MB) SWAP 0/3810MB (cached 0MB) CPU [0%@729,0%@729,1%@729,0%@729,0%@729,0%@729] GR3D_FREQ 0% cpu@50.093C soc2@48.843C soc0@50.687C gpu@51.312C tj@51.312C soc1@50.531C VDD_IN 5440mW/5540mW VDD_CPU_GPU_CV 519mW/541mW VDD_SOC 2795mW/2817mW
08-04-2026 13:53:51 RAM 1472/7620MB (lfb 96x4MB) SWAP 0/3810MB (cached 0MB) CPU [0%@729,0%@729,1%@729,1%@729,0%@729,0%@729] GR3D_FREQ 0% cpu@50.093C soc2@48.656C soc0@50.718C gpu@51.406C tj@51.406C soc1@50.25C VDD_IN 5440mW/5540mW VDD_CPU_GPU_CV 519mW/541mW VDD_SOC 2795mW/2817mW
08-04-2026 13:53:52 RAM 1472/7620MB (lfb 96x4MB) SWAP 0/3810MB (cached 0MB) CPU [1%@729,0%@729,0%@729,0%@729,0%@729,0%@729] GR3D_FREQ 0% cpu@50.25C soc2@48.625C soc0@50.656C gpu@51.125C tj@51.125C soc1@50.343C VDD_IN 5440mW/5540mW VDD_CPU_GPU_CV 479mW/541mW VDD_SOC 2795mW/2817mW
08-04-2026 13:53:53 RAM 1472/7620MB (lfb 96x4MB) SWAP 0/3810MB (cached 0MB) CPU [0%@729,0%@729,0%@729,0%@729,0%@729,0%@729] GR3D_FREQ 0% cpu@50.125C soc2@48.718C soc0@50.593C gpu@51.062C tj@51.062C soc1@50.343C VDD_IN 5440mW/5540mW VDD_CPU_GPU_CV 519mW/541mW VDD_SOC 2795mW/2817mW
08-04-2026 13:53:54 RAM 1472/7620MB (lfb 96x4MB) SWAP 0/3810MB (cached 0MB) CPU [0%@729,0%@729,1%@729,1%@729,0%@729,0%@729] GR3D_FREQ 0% cpu@50.375C soc2@48.75C soc0@50.531C gpu@51.062C tj@51.062C soc1@50.375C VDD_IN 5480mW/5539mW VDD_CPU_GPU_CV 519mW/541mW VDD_SOC 2795mW/2817mW
08-04-2026 13:53:55 RAM 1472/7620MB (lfb 96x4MB) SWAP 0/3810MB (cached 0MB) CPU [0%@729,0%@729,0%@729,0%@729,0%@729,0%@729] GR3D_FREQ 0% cpu@50.062C soc2@48.781C soc0@50.687C gpu@51.125C tj@51.125C soc1@50.5C VDD_IN 5440mW/5539mW VDD_CPU_GPU_CV 479mW/541mW VDD_SOC 2795mW/2817mW
08-04-2026 13:53:56 RAM 1472/7620MB (lfb 96x4MB) SWAP 0/3810MB (cached 0MB) CPU [1%@729,0%@729,0%@729,0%@729,0%@729,0%@729] GR3D_FREQ 0% cpu@50.156C soc2@48.687C soc0@50.687C gpu@51C tj@51C soc1@50.312C VDD_IN 5480mW/5539mW VDD_CPU_GPU_CV 519mW/541mW VDD_SOC 2795mW/2817mW
08-04-2026 13:53:57 RAM 1472/7620MB (lfb 96x4MB) SWAP 0/3810MB (cached 0MB) CPU [0%@729,0%@729,2%@729,0%@729,0%@729,0%@729] GR3D_FREQ 0% cpu@50.25C soc2@48.75C soc0@50.625C gpu@50.875C tj@50.875C soc1@50.312C VDD_IN 5480mW/5539mW VDD_CPU_GPU_CV 519mW/541mW VDD_SOC 2795mW/2817mW
08-04-2026 13:53:58 RAM 1472/7620MB (lfb 96x4MB) SWAP 0/3810MB (cached 0MB) CPU [0%@729,0%@729,0%@729,0%@729,0%@729,0%@729] GR3D_FREQ 0% cpu@50.156C soc2@48.656C soc0@50.656C gpu@51C tj@51C soc1@50.468C VDD_IN 5440mW/5539mW VDD_CPU_GPU_CV 519mW/541mW VDD_SOC 2795mW/2817mW
08-04-2026 13:53:59 RAM 1472/7620MB (lfb 96x4MB) SWAP 0/3810MB (cached 0MB) CPU [0%@729,0%@729,1%@729,0%@729,0%@729,0%@729] GR3D_FREQ 0% cpu@50.25C soc2@48.687C soc0@50.718C gpu@50.875C tj@50.875C soc1@50.437C VDD_IN 5480mW/5539mW VDD_CPU_GPU_CV 519mW/541mW VDD_SOC 2795mW/2817mW
08-04-2026 13:54:00 RAM 1472/7620MB (lfb 96x4MB) SWAP 0/3810MB (cached 0MB) CPU [0%@729,0%@729,0%@729,0%@729,0%@729,0%@729] GR3D_FREQ 0% cpu@50C soc2@48.718C soc0@50.625C gpu@50.906C tj@50.906C soc1@50.25C VDD_IN 5480mW/5539mW VDD_CPU_GPU_CV 519mW/540mW VDD_SOC 2795mW/2817mW
08-04-2026 13:54:01 RAM 1472/7620MB (lfb 96x4MB) SWAP 0/3810MB (cached 0MB) CPU [0%@729,0%@729,0%@729,0%@729,0%@729,0%@729] GR3D_FREQ 0% cpu@50.093C soc2@48.656C soc0@50.781C gpu@50.937C tj@50.937C soc1@50.406C VDD_IN 5440mW/5539mW VDD_CPU_GPU_CV 519mW/540mW VDD_SOC 2795mW/2817mW
08-04-2026 13:54:02 RAM 1472/7620MB (lfb 96x4MB) SWAP 0/3810MB (cached 0MB) CPU [0%@729,0%@729,1%@729,0%@729,0%@729,0%@729] GR3D_FREQ 0% cpu@50.25C soc2@48.656C soc0@50.562C gpu@50.843C tj@50.843C soc1@50.375C VDD_IN 5480mW/5539mW VDD_CPU_GPU_CV 519mW/540mW VDD_SOC 2795mW/2817mW
08-04-2026 13:54:03 RAM 1472/7620MB (lfb 96x4MB) SWAP 0/3810MB (cached 0MB) CPU [1%@729,0%@729,0%@729,1%@729,0%@729,0%@729] GR3D_FREQ 0% cpu@50.156C soc2@48.75C soc0@50.593C gpu@51.156C tj@51.156C soc1@50.437C VDD_IN 5480mW/5539mW VDD_CPU_GPU_CV 519mW/540mW VDD_SOC 2795mW/2817mW
08-04-2026 13:54:04 RAM 1472/7620MB (lfb 96x4MB) SWAP 0/3810MB (cached 0MB) CPU [1%@729,0%@729,1%@729,0%@729,0%@729,0%@729] GR3D_FREQ 0% cpu@50.375C soc2@48.656C soc0@50.625C gpu@51.156C tj@51.156C soc1@50.375C VDD_IN 5480mW/5539mW VDD_CPU_GPU_CV 519mW/540mW VDD_SOC 2795mW/2817mW
08-04-2026 13:54:05 RAM 1472/7620MB (lfb 96x4MB) SWAP 0/3810MB (cached 0MB) CPU [1%@729,0%@729,1%@729,0%@729,0%@729,0%@729] GR3D_FREQ 0% cpu@50.031C soc2@48.687C soc0@50.687C gpu@51.187C tj@51.187C soc1@50.218C VDD_IN 5480mW/5539mW VDD_CPU_GPU_CV 519mW/540mW VDD_SOC 2795mW/2817mW
08-04-2026 13:54:06 RAM 1472/7620MB (lfb 96x4MB) SWAP 0/3810MB (cached 0MB) CPU [0%@729,0%@729,1%@729,0%@729,0%@729,0%@729] GR3D_FREQ 0% cpu@50.156C soc2@48.718C soc0@50.625C gpu@51.218C tj@50.937C soc1@50.312C VDD_IN 5440mW/5539mW VDD_CPU_GPU_CV 519mW/540mW VDD_SOC 2795mW/2817mW
08-04-2026 13:54:07 RAM 1472/7620MB (lfb 96x4MB) SWAP 0/3810MB (cached 0MB) CPU [0%@729,0%@729,0%@729,0%@729,0%@729,0%@729] GR3D_FREQ 0% cpu@50.343C soc2@48.718C soc0@50.562C gpu@51.031C tj@51.031C soc1@50.312C VDD_IN 5431mW/5539mW VDD_CPU_GPU_CV 479mW/540mW VDD_SOC 2795mW/2817mW
08-04-2026 13:54:08 RAM 1472/7620MB (lfb 96x4MB) SWAP 0/3810MB (cached 0MB) CPU [0%@729,0%@729,0%@729,1%@729,0%@729,0%@729] GR3D_FREQ 0% cpu@50C soc2@48.718C soc0@50.687C gpu@50.906C tj@50.906C soc1@50.343C VDD_IN 5440mW/5539mW VDD_CPU_GPU_CV 519mW/540mW VDD_SOC 2795mW/2817mW
08-04-2026 13:54:09 RAM 1472/7620MB (lfb 96x4MB) SWAP 0/3810MB (cached 0MB) CPU [1%@729,0%@729,0%@729,0%@729,0%@729,0%@729] GR3D_FREQ 0% cpu@50.062C soc2@48.687C soc0@50.531C gpu@51.031C tj@51.031C soc1@50.187C VDD_IN 5480mW/5539mW VDD_CPU_GPU_CV 519mW/540mW VDD_SOC 2795mW/2817mW
08-04-2026 13:54:10 RAM 1472/7620MB (lfb 96x4MB) SWAP 0/3810MB (cached 0MB) CPU [0%@729,0%@729,0%@729,0%@729,0%@729,0%@729] GR3D_FREQ 0% cpu@50.187C soc2@48.656C soc0@50.718C gpu@50.937C tj@50.937C soc1@50.25C VDD_IN 5440mW/5539mW VDD_CPU_GPU_CV 479mW/540mW VDD_SOC 2795mW/2817mW
08-04-2026 13:54:11 RAM 1472/7620MB (lfb 96x4MB) SWAP 0/3810MB (cached 0MB) CPU [1%@729,0%@729,0%@729,1%@729,0%@729,0%@729] GR3D_FREQ 0% cpu@50.093C soc2@48.75C soc0@50.562C gpu@51.218C tj@51.218C soc1@50.218C VDD_IN 5431mW/5538mW VDD_CPU_GPU_CV 519mW/540mW VDD_SOC 2795mW/2817mW
08-04-2026 13:54:12 RAM 1472/7620MB (lfb 96x4MB) SWAP 0/3810MB (cached 0MB) CPU [0%@729,0%@729,0%@729,1%@729,0%@729,0%@729] GR3D_FREQ 0% cpu@50.187C soc2@48.656C soc0@50.531C gpu@51.218C tj@51.218C soc1@50.312C VDD_IN 5440mW/5538mW VDD_CPU_GPU_CV 479mW/540mW VDD_SOC 2795mW/2817mW
08-04-2026 13:54:13 RAM 1472/7620MB (lfb 96x4MB) SWAP 0/3810MB (cached 0MB) CPU [0%@729,0%@729,0%@729,0%@729,0%@729,0%@729] GR3D_FREQ 0% cpu@50.062C soc2@48.656C soc0@50.531C gpu@51.25C tj@51.25C soc1@50.468C VDD_IN 5440mW/5538mW VDD_CPU_GPU_CV 479mW/540mW VDD_SOC 2795mW/2817mW
08-04-2026 13:54:14 RAM 1472/7620MB (lfb 96x4MB) SWAP 0/3810MB (cached 0MB) CPU [2%@729,0%@729,0%@729,1%@729,0%@729,0%@729] GR3D_FREQ 0% cpu@50.156C soc2@48.687C soc0@50.531C gpu@51.218C tj@51.218C soc1@50.218C VDD_IN 5480mW/5538mW VDD_CPU_GPU_CV 479mW/540mW VDD_SOC 2795mW/2817mW
08-04-2026 13:54:15 RAM 1472/7620MB (lfb 96x4MB) SWAP 0/3810MB (cached 0MB) CPU [0%@729,0%@729,0%@729,2%@729,0%@729,0%@729] GR3D_FREQ 0% cpu@50.187C soc2@48.625C soc0@50.625C gpu@51.343C tj@51.343C soc1@50.281C VDD_IN 5440mW/5538mW VDD_CPU_GPU_CV 479mW/540mW VDD_SOC 2795mW/2816mW
08-04-2026 13:54:16 RAM 1472/7620MB (lfb 96x4MB) SWAP 0/3810MB (cached 0MB) CPU [0%@729,0%@729,0%@729,0%@729,0%@729,0%@729] GR3D_FREQ 0% cpu@50.093C soc2@48.687C soc0@50.5C gpu@51.312C tj@51.312C soc1@50.25C VDD_IN 5440mW/5538mW VDD_CPU_GPU_CV 479mW/540mW VDD_SOC 2795mW/2816mW
08-04-2026 13:54:17 RAM 1472/7620MB (lfb 96x4MB) SWAP 0/3810MB (cached 0MB) CPU [1%@729,0%@729,0%@729,0%@729,0%@729,0%@729] GR3D_FREQ 0% cpu@50.187C soc2@48.656C soc0@50.562C gpu@51C tj@51C soc1@50.375C VDD_IN 5440mW/5538mW VDD_CPU_GPU_CV 479mW/540mW VDD_SOC 2795mW/2816mW
08-04-2026 13:54:18 RAM 1472/7620MB (lfb 96x4MB) SWAP 0/3810MB (cached 0MB) CPU [0%@729,0%@729,0%@729,1%@729,0%@729,0%@729] GR3D_FREQ 0% cpu@50.031C soc2@48.656C soc0@50.562C gpu@50.937C tj@50.937C soc1@50.468C VDD_IN 5480mW/5538mW VDD_CPU_GPU_CV 519mW/540mW VDD_SOC 2795mW/2816mW
08-04-2026 13:54:19 RAM 1472/7620MB (lfb 96x4MB) SWAP 0/3810MB (cached 0MB) CPU [1%@729,0%@729,0%@729,0%@729,0%@729,0%@729] GR3D_FREQ 0% cpu@50.031C soc2@48.718C soc0@50.656C gpu@51C tj@51C soc1@50.218C VDD_IN 5440mW/5538mW VDD_CPU_GPU_CV 479mW/540mW VDD_SOC 2795mW/2816mW
08-04-2026 13:54:20 RAM 1471/7620MB (lfb 96x4MB) SWAP 0/3810MB (cached 0MB) CPU [0%@729,0%@729,1%@729,0%@729,0%@729,0%@729] GR3D_FREQ 0% cpu@50.218C soc2@48.593C soc0@50.718C gpu@51.093C tj@51.093C soc1@50.281C VDD_IN 5480mW/5538mW VDD_CPU_GPU_CV 519mW/540mW VDD_SOC 2795mW/2816mW
08-04-2026 13:54:21 RAM 1471/7620MB (lfb 96x4MB) SWAP 0/3810MB (cached 0MB) CPU [0%@729,0%@729,1%@729,0%@729,0%@729,0%@729] GR3D_FREQ 0% cpu@50.312C soc2@48.718C soc0@50.531C gpu@51.093C tj@51.093C soc1@50.343C VDD_IN 5431mW/5538mW VDD_CPU_GPU_CV 479mW/540mW VDD_SOC 2795mW/2816mW
08-04-2026 13:54:22 RAM 1471/7620MB (lfb 96x4MB) SWAP 0/3810MB (cached 0MB) CPU [1%@729,0%@729,0%@729,0%@729,0%@729,0%@729] GR3D_FREQ 0% cpu@50.187C soc2@48.625C soc0@50.468C gpu@50.906C tj@50.906C soc1@50.312C VDD_IN 5431mW/5538mW VDD_CPU_GPU_CV 479mW/540mW VDD_SOC 2795mW/2816mW
08-04-2026 13:54:23 RAM 1471/7620MB (lfb 96x4MB) SWAP 0/3810MB (cached 0MB) CPU [0%@729,0%@729,0%@729,0%@729,0%@729,0%@729] GR3D_FREQ 0% cpu@50.031C soc2@48.656C soc0@50.562C gpu@50.906C tj@50.906C soc1@50.437C VDD_IN 5431mW/5538mW VDD_CPU_GPU_CV 479mW/540mW VDD_SOC 2795mW/2816mW
08-04-2026 13:54:24 RAM 1471/7620MB (lfb 96x4MB) SWAP 0/3810MB (cached 0MB) CPU [0%@729,0%@729,1%@729,0%@729,0%@729,0%@729] GR3D_FREQ 0% cpu@50.031C soc2@48.656C soc0@50.718C gpu@50.968C tj@50.968C soc1@50.25C VDD_IN 5440mW/5538mW VDD_CPU_GPU_CV 479mW/540mW VDD_SOC 2795mW/2816mW
08-04-2026 13:54:25 RAM 1471/7620MB (lfb 96x4MB) SWAP 0/3810MB (cached 0MB) CPU [0%@729,0%@729,0%@729,0%@729,0%@729,0%@729] GR3D_FREQ 0% cpu@50.156C soc2@48.656C soc0@50.5C gpu@50.875C tj@50.875C soc1@50.281C VDD_IN 5431mW/5537mW VDD_CPU_GPU_CV 479mW/540mW VDD_SOC 2795mW/2816mW
08-04-2026 13:54:26 RAM 1471/7620MB (lfb 96x4MB) SWAP 0/3810MB (cached 0MB) CPU [0%@729,1%@729,0%@729,0%@729,0%@729,0%@729] GR3D_FREQ 0% cpu@50.343C soc2@48.75C soc0@50.562C gpu@50.875C tj@50.875C soc1@50.312C VDD_IN 5431mW/5537mW VDD_CPU_GPU_CV 479mW/540mW VDD_SOC 2795mW/2816mW
08-04-2026 13:54:27 RAM 1471/7620MB (lfb 96x4MB) SWAP 0/3810MB (cached 0MB) CPU [0%@729,0%@729,1%@729,0%@729,0%@729,0%@729] GR3D_FREQ 0% cpu@50.125C soc2@48.625C soc0@50.562C gpu@51.062C tj@51.062C soc1@50.437C VDD_IN 5440mW/5537mW VDD_CPU_GPU_CV 479mW/540mW VDD_SOC 2795mW/2816mW
08-04-2026 13:54:28 RAM 1471/7620MB (lfb 96x4MB) SWAP 0/3810MB (cached 0MB) CPU [0%@729,0%@729,0%@729,0%@729,0%@729,0%@729] GR3D_FREQ 0% cpu@50C soc2@48.718C soc0@50.562C gpu@51.125C tj@51.125C soc1@50.218C VDD_IN 5431mW/5537mW VDD_CPU_GPU_CV 479mW/540mW VDD_SOC 2795mW/2816mW
08-04-2026 13:54:29 RAM 1471/7620MB (lfb 96x4MB) SWAP 0/3810MB (cached 0MB) CPU [0%@729,0%@729,1%@729,0%@729,0%@729,0%@729] GR3D_FREQ 0% cpu@50.062C soc2@48.593C soc0@50.75C gpu@51.125C tj@51.125C soc1@50.25C VDD_IN 5440mW/5537mW VDD_CPU_GPU_CV 479mW/539mW VDD_SOC 2795mW/2816mW
08-04-2026 13:54:30 RAM 1471/7620MB (lfb 96x4MB) SWAP 0/3810MB (cached 0MB) CPU [0%@729,0%@729,0%@729,0%@729,0%@729,0%@729] GR3D_FREQ 0% cpu@50.062C soc2@48.625C soc0@50.468C gpu@51.156C tj@51.156C soc1@50.375C VDD_IN 5471mW/5537mW VDD_CPU_GPU_CV 479mW/539mW VDD_SOC 2795mW/2816mW
08-04-2026 13:54:31 RAM 1471/7620MB (lfb 96x4MB) SWAP 0/3810MB (cached 0MB) CPU [0%@729,0%@729,0%@729,0%@729,0%@729,0%@729] GR3D_FREQ 0% cpu@50.312C soc2@48.625C soc0@50.5C gpu@50.906C tj@50.906C soc1@50.375C VDD_IN 5431mW/5537mW VDD_CPU_GPU_CV 479mW/539mW VDD_SOC 2795mW/2816mW
08-04-2026 13:54:32 RAM 1471/7620MB (lfb 96x4MB) SWAP 0/3810MB (cached 0MB) CPU [0%@729,0%@729,0%@729,0%@729,0%@729,0%@729] GR3D_FREQ 0% cpu@50.062C soc2@48.625C soc0@50.593C gpu@50.968C tj@50.968C soc1@50.437C VDD_IN 5440mW/5537mW VDD_CPU_GPU_CV 479mW/539mW VDD_SOC 2795mW/2816mW
08-04-2026 13:54:33 RAM 1471/7620MB (lfb 96x4MB) SWAP 0/3810MB (cached 0MB) CPU [0%@729,0%@729,1%@729,0%@729,0%@729,0%@729] GR3D_FREQ 0% cpu@50.156C soc2@48.718C soc0@50.656C gpu@51C tj@51C soc1@50.343C VDD_IN 5440mW/5537mW VDD_CPU_GPU_CV 479mW/539mW VDD_SOC 2795mW/2816mW
08-04-2026 13:54:34 RAM 1471/7620MB (lfb 96x4MB) SWAP 0/3810MB (cached 0MB) CPU [0%@729,0%@729,0%@729,0%@729,0%@729,0%@729] GR3D_FREQ 0% cpu@50C soc2@48.625C soc0@50.562C gpu@50.968C tj@50.968C soc1@50.312C VDD_IN 5440mW/5537mW VDD_CPU_GPU_CV 479mW/539mW VDD_SOC 2795mW/2816mW
08-04-2026 13:54:35 RAM 1471/7620MB (lfb 96x4MB) SWAP 0/3810MB (cached 0MB) CPU [0%@729,0%@729,0%@729,0%@729,0%@729,0%@729] GR3D_FREQ 0% cpu@50.156C soc2@48.593C soc0@50.531C gpu@50.968C tj@51.187C soc1@50.281C VDD_IN 5480mW/5537mW VDD_CPU_GPU_CV 519mW/539mW VDD_SOC 2795mW/2816mW
08-04-2026 13:54:36 RAM 1471/7620MB (lfb 96x4MB) SWAP 0/3810MB (cached 0MB) CPU [0%@729,0%@729,1%@729,0%@729,0%@729,0%@729] GR3D_FREQ 0% cpu@50.281C soc2@48.656C soc0@50.5C gpu@51.218C tj@51.218C soc1@50.312C VDD_IN 5431mW/5537mW VDD_CPU_GPU_CV 479mW/539mW VDD_SOC 2795mW/2816mW
08-04-2026 13:54:37 RAM 1471/7620MB (lfb 96x4MB) SWAP 0/3810MB (cached 0MB) CPU [0%@729,0%@729,1%@729,0%@729,0%@729,0%@729] GR3D_FREQ 0% cpu@49.968C soc2@48.625C soc0@50.593C gpu@51.187C tj@51.187C soc1@50.187C VDD_IN 5431mW/5537mW VDD_CPU_GPU_CV 479mW/539mW VDD_SOC 2795mW/2816mW
08-04-2026 13:54:38 RAM 1471/7620MB (lfb 96x4MB) SWAP 0/3810MB (cached 0MB) CPU [1%@729,0%@729,0%@729,0%@729,0%@729,0%@729] GR3D_FREQ 0% cpu@50C soc2@48.562C soc0@50.593C gpu@51.25C tj@51.25C soc1@50.187C VDD_IN 5431mW/5536mW VDD_CPU_GPU_CV 479mW/539mW VDD_SOC 2795mW/2816mW
08-04-2026 13:54:39 RAM 1471/7620MB (lfb 96x4MB) SWAP 0/3810MB (cached 0MB) CPU [0%@729,0%@729,1%@729,0%@729,0%@729,0%@729] GR3D_FREQ 0% cpu@50.156C soc2@48.562C soc0@50.468C gpu@51.218C tj@51.218C soc1@50.375C VDD_IN 5431mW/5536mW VDD_CPU_GPU_CV 479mW/539mW VDD_SOC 2795mW/2816mW
08-04-2026 13:54:40 RAM 1471/7620MB (lfb 96x4MB) SWAP 0/3810MB (cached 0MB) CPU [0%@729,0%@729,1%@729,0%@729,0%@729,0%@729] GR3D_FREQ 0% cpu@50C soc2@48.625C soc0@50.5C gpu@50.937C tj@50.937C soc1@50.343C VDD_IN 5471mW/5536mW VDD_CPU_GPU_CV 479mW/539mW VDD_SOC 2795mW/2816mW
08-04-2026 13:54:41 RAM 1471/7620MB (lfb 96x4MB) SWAP 0/3810MB (cached 0MB) CPU [0%@729,0%@729,0%@729,0%@729,0%@729,0%@729] GR3D_FREQ 0% cpu@50.281C soc2@48.687C soc0@50.625C gpu@50.968C tj@50.968C soc1@50.375C VDD_IN 5431mW/5536mW VDD_CPU_GPU_CV 479mW/539mW VDD_SOC 2795mW/2816mW
08-04-2026 13:54:42 RAM 1471/7620MB (lfb 96x4MB) SWAP 0/3810MB (cached 0MB) CPU [0%@729,0%@729,1%@729,0%@729,0%@729,0%@729] GR3D_FREQ 0% cpu@50.062C soc2@48.687C soc0@50.625C gpu@50.968C tj@50.968C soc1@50.187C VDD_IN 5440mW/5536mW VDD_CPU_GPU_CV 479mW/539mW VDD_SOC 2795mW/2816mW
08-04-2026 13:54:43 RAM 1471/7620MB (lfb 96x4MB) SWAP 0/3810MB (cached 0MB) CPU [0%@729,0%@729,0%@729,0%@729,0%@729,0%@729] GR3D_FREQ 0% cpu@50.031C soc2@48.562C soc0@50.468C gpu@51.343C tj@51.343C soc1@50.187C VDD_IN 5431mW/5536mW VDD_CPU_GPU_CV 519mW/539mW VDD_SOC 2795mW/2816mW
08-04-2026 13:54:44 RAM 1471/7620MB (lfb 96x4MB) SWAP 0/3810MB (cached 0MB) CPU [0%@729,0%@729,1%@729,0%@729,0%@729,0%@729] GR3D_FREQ 0% cpu@50.25C soc2@48.75C soc0@50.5C gpu@51.312C tj@51.312C soc1@50.281C VDD_IN 5431mW/5536mW VDD_CPU_GPU_CV 479mW/539mW VDD_SOC 2795mW/2816mW
08-04-2026 13:54:45 RAM 1471/7620MB (lfb 96x4MB) SWAP 0/3810MB (cached 0MB) CPU [0%@729,1%@729,1%@729,0%@729,0%@729,0%@729] GR3D_FREQ 0% cpu@50.062C soc2@48.687C soc0@50.625C gpu@51.343C tj@51.343C soc1@50.281C VDD_IN 5710mW/5536mW VDD_CPU_GPU_CV 559mW/539mW VDD_SOC 2875mW/2816mW
08-04-2026 13:54:46 RAM 1471/7620MB (lfb 96x4MB) SWAP 0/3810MB (cached 0MB) CPU [0%@729,0%@729,0%@729,0%@729,0%@729,0%@729] GR3D_FREQ 0% cpu@50.031C soc2@48.687C soc0@50.625C gpu@50.875C tj@50.875C soc1@50.25C VDD_IN 5471mW/5536mW VDD_CPU_GPU_CV 479mW/539mW VDD_SOC 2795mW/2816mW
08-04-2026 13:54:47 RAM 1471/7620MB (lfb 96x4MB) SWAP 0/3810MB (cached 0MB) CPU [0%@729,0%@729,1%@729,0%@729,0%@729,0%@729] GR3D_FREQ 0% cpu@50.156C soc2@48.593C soc0@50.687C gpu@51.093C tj@51.093C soc1@50.281C VDD_IN 5431mW/5536mW VDD_CPU_GPU_CV 479mW/539mW VDD_SOC 2795mW/2816mW
08-04-2026 13:54:48 RAM 1471/7620MB (lfb 96x4MB) SWAP 0/3810MB (cached 0MB) CPU [0%@729,0%@729,1%@729,0%@729,0%@729,0%@729] GR3D_FREQ 0% cpu@50.156C soc2@48.687C soc0@50.468C gpu@51.031C tj@51.031C soc1@50.25C VDD_IN 5431mW/5536mW VDD_CPU_GPU_CV 479mW/539mW VDD_SOC 2795mW/2816mW
08-04-2026 13:54:49 RAM 1472/7620MB (lfb 96x4MB) SWAP 0/3810MB (cached 0MB) CPU [0%@729,0%@729,0%@729,1%@729,0%@729,0%@729] GR3D_FREQ 0% cpu@50.156C soc2@48.656C soc0@50.468C gpu@50.968C tj@50.968C soc1@50.218C VDD_IN 5440mW/5536mW VDD_CPU_GPU_CV 479mW/539mW VDD_SOC 2795mW/2816mW
08-04-2026 13:54:50 RAM 1472/7620MB (lfb 96x4MB) SWAP 0/3810MB (cached 0MB) CPU [1%@729,0%@729,1%@729,0%@729,0%@729,0%@729] GR3D_FREQ 0% cpu@49.968C soc2@48.656C soc0@50.531C gpu@51C tj@51C soc1@50.375C VDD_IN 5520mW/5536mW VDD_CPU_GPU_CV 519mW/539mW VDD_SOC 2795mW/2816mW
08-04-2026 13:54:51 RAM 1472/7620MB (lfb 96x4MB) SWAP 0/3810MB (cached 0MB) CPU [0%@729,0%@729,1%@729,0%@729,0%@729,0%@729] GR3D_FREQ 0% cpu@50.031C soc2@48.531C soc0@50.656C gpu@50.875C tj@50.875C soc1@50.187C VDD_IN 5431mW/5536mW VDD_CPU_GPU_CV 479mW/539mW VDD_SOC 2795mW/2816mW
08-04-2026 13:54:52 RAM 1472/7620MB (lfb 96x4MB) SWAP 0/3810MB (cached 0MB) CPU [0%@729,0%@729,0%@729,0%@729,0%@729,0%@729] GR3D_FREQ 0% cpu@50.093C soc2@48.562C soc0@50.5C gpu@50.843C tj@50.843C soc1@50.187C VDD_IN 5440mW/5536mW VDD_CPU_GPU_CV 479mW/539mW VDD_SOC 2795mW/2816mW
08-04-2026 13:54:53 RAM 1472/7620MB (lfb 96x4MB) SWAP 0/3810MB (cached 0MB) CPU [0%@729,0%@729,0%@729,0%@729,0%@729,0%@729] GR3D_FREQ 0% cpu@50.343C soc2@48.687C soc0@50.468C gpu@50.875C tj@50.875C soc1@50.281C VDD_IN 5431mW/5536mW VDD_CPU_GPU_CV 479mW/539mW VDD_SOC 2795mW/2816mW
08-04-2026 13:54:54 RAM 1472/7620MB (lfb 96x4MB) SWAP 0/3810MB (cached 0MB) CPU [0%@729,0%@729,0%@729,1%@729,0%@729,0%@729] GR3D_FREQ 0% cpu@50.062C soc2@48.687C soc0@50.5C gpu@50.843C tj@51.062C soc1@50.375C VDD_IN 5440mW/5536mW VDD_CPU_GPU_CV 519mW/539mW VDD_SOC 2795mW/2816mW
08-04-2026 13:54:55 RAM 1472/7620MB (lfb 96x4MB) SWAP 0/3810MB (cached 0MB) CPU [0%@729,0%@729,0%@729,0%@729,0%@729,0%@729] GR3D_FREQ 0% cpu@50.062C soc2@48.656C soc0@50.593C gpu@51.062C tj@51.062C soc1@50.187C VDD_IN 5440mW/5536mW VDD_CPU_GPU_CV 519mW/539mW VDD_SOC 2795mW/2816mW
08-04-2026 13:54:56 RAM 1472/7620MB (lfb 96x4MB) SWAP 0/3810MB (cached 0MB) CPU [0%@729,0%@729,0%@729,0%@729,0%@729,0%@729] GR3D_FREQ 0% cpu@49.968C soc2@48.593C soc0@50.656C gpu@51.156C tj@51.156C soc1@50.218C VDD_IN 5440mW/5535mW VDD_CPU_GPU_CV 519mW/538mW VDD_SOC 2795mW/2816mW
08-04-2026 13:54:57 RAM 1472/7620MB (lfb 96x4MB) SWAP 0/3810MB (cached 0MB) CPU [0%@729,0%@729,1%@729,0%@729,0%@729,0%@729] GR3D_FREQ 0% cpu@50.031C soc2@48.562C soc0@50.468C gpu@51C tj@51C soc1@50.187C VDD_IN 5440mW/5535mW VDD_CPU_GPU_CV 479mW/538mW VDD_SOC 2795mW/2816mW
08-04-2026 13:54:58 RAM 1472/7620MB (lfb 96x4MB) SWAP 0/3810MB (cached 0MB) CPU [0%@729,0%@729,0%@729,0%@729,0%@729,0%@729] GR3D_FREQ 0% cpu@50.312C soc2@48.625C soc0@50.5C gpu@51.093C tj@51.093C soc1@50.312C VDD_IN 5431mW/5535mW VDD_CPU_GPU_CV 479mW/538mW VDD_SOC 2795mW/2816mW
08-04-2026 13:54:59 RAM 1472/7620MB (lfb 96x4MB) SWAP 0/3810MB (cached 0MB) CPU [0%@729,0%@729,0%@729,0%@729,0%@729,0%@729] GR3D_FREQ 0% cpu@50C soc2@48.656C soc0@50.562C gpu@50.906C tj@50.906C soc1@50.375C VDD_IN 5440mW/5535mW VDD_CPU_GPU_CV 479mW/538mW VDD_SOC 2795mW/2816mW
08-04-2026 13:55:00 RAM 1472/7620MB (lfb 96x4MB) SWAP 0/3810MB (cached 0MB) CPU [0%@729,0%@729,2%@729,0%@729,0%@729,0%@729] GR3D_FREQ 0% cpu@50.031C soc2@48.593C soc0@50.593C gpu@50.906C tj@50.906C soc1@50.187C VDD_IN 5431mW/5535mW VDD_CPU_GPU_CV 479mW/538mW VDD_SOC 2795mW/2816mW
08-04-2026 13:55:01 RAM 1471/7620MB (lfb 96x4MB) SWAP 0/3810MB (cached 0MB) CPU [0%@729,0%@729,0%@729,0%@729,0%@729,0%@729] GR3D_FREQ 0% cpu@50.218C soc2@48.531C soc0@50.468C gpu@50.906C tj@50.906C soc1@50.187C VDD_IN 5440mW/5535mW VDD_CPU_GPU_CV 479mW/538mW VDD_SOC 2795mW/2816mW
08-04-2026 13:55:02 RAM 1471/7620MB (lfb 96x4MB) SWAP 0/3810MB (cached 0MB) CPU [2%@729,0%@729,1%@729,0%@729,0%@729,0%@729] GR3D_FREQ 0% cpu@50.031C soc2@48.718C soc0@50.468C gpu@50.906C tj@50.906C soc1@50.25C VDD_IN 5431mW/5535mW VDD_CPU_GPU_CV 479mW/538mW VDD_SOC 2795mW/2816mW
08-04-2026 13:55:03 RAM 1471/7620MB (lfb 96x4MB) SWAP 0/3810MB (cached 0MB) CPU [0%@729,0%@729,0%@729,0%@729,0%@729,0%@729] GR3D_FREQ 0% cpu@50.25C soc2@48.625C soc0@50.468C gpu@50.968C tj@50.968C soc1@50.312C VDD_IN 5440mW/5535mW VDD_CPU_GPU_CV 479mW/538mW VDD_SOC 2795mW/2816mW
08-04-2026 13:55:04 RAM 1471/7620MB (lfb 96x4MB) SWAP 0/3810MB (cached 0MB) CPU [0%@729,0%@729,0%@729,0%@729,0%@729,0%@729] GR3D_FREQ 0% cpu@50C soc2@48.656C soc0@50.531C gpu@50.906C tj@51.281C soc1@50.187C VDD_IN 5431mW/5535mW VDD_CPU_GPU_CV 479mW/538mW VDD_SOC 2795mW/2816mW
08-04-2026 13:55:05 RAM 1471/7620MB (lfb 96x4MB) SWAP 0/3810MB (cached 0MB) CPU [0%@729,0%@729,0%@729,0%@729,0%@729,0%@729] GR3D_FREQ 0% cpu@50.062C soc2@48.562C soc0@50.625C gpu@51.25C tj@51.25C soc1@50.218C VDD_IN 5440mW/5535mW VDD_CPU_GPU_CV 519mW/538mW VDD_SOC 2795mW/2816mW
08-04-2026 13:55:06 RAM 1471/7620MB (lfb 96x4MB) SWAP 0/3810MB (cached 0MB) CPU [1%@729,1%@729,0%@729,0%@729,0%@729,0%@729] GR3D_FREQ 0% cpu@50.187C soc2@48.656C soc0@50.437C gpu@51.25C tj@51.25C soc1@50.218C VDD_IN 5431mW/5535mW VDD_CPU_GPU_CV 519mW/538mW VDD_SOC 2795mW/2816mW
08-04-2026 13:55:07 RAM 1471/7620MB (lfb 96x4MB) SWAP 0/3810MB (cached 0MB) CPU [0%@729,0%@729,0%@729,0%@729,0%@729,0%@729] GR3D_FREQ 0% cpu@50C soc2@48.625C soc0@50.5C gpu@51.25C tj@51.25C soc1@50.218C VDD_IN 5431mW/5535mW VDD_CPU_GPU_CV 519mW/538mW VDD_SOC 2795mW/2816mW
08-04-2026 13:55:08 RAM 1471/7620MB (lfb 96x4MB) SWAP 0/3810MB (cached 0MB) CPU [0%@729,1%@729,0%@729,0%@729,0%@729,0%@729] GR3D_FREQ 0% cpu@50.281C soc2@48.593C soc0@50.468C gpu@51.25C tj@51.25C soc1@50.343C VDD_IN 5431mW/5535mW VDD_CPU_GPU_CV 479mW/538mW VDD_SOC 2795mW/2816mW
08-04-2026 13:55:09 RAM 1510/7620MB (lfb 96x4MB) SWAP 0/3810MB (cached 0MB) CPU [6%@1728,7%@1728,6%@1728,61%@1728,6%@729,7%@729] GR3D_FREQ 0% cpu@50.781C soc2@48.718C soc0@50.625C gpu@51.125C tj@51.125C soc1@50.25C VDD_IN 7040mW/5536mW VDD_CPU_GPU_CV 1357mW/539mW VDD_SOC 3154mW/2816mW
08-04-2026 13:55:10 RAM 1695/7620MB (lfb 96x4MB) SWAP 0/3810MB (cached 0MB) CPU [8%@1728,7%@1728,6%@1728,100%@1728,6%@729,7%@729] GR3D_FREQ 0% cpu@51.031C soc2@48.906C soc0@50.687C gpu@51.218C tj@51.218C soc1@50.312C VDD_IN 7480mW/5537mW VDD_CPU_GPU_CV 1597mW/539mW VDD_SOC 3274mW/2816mW
08-04-2026 13:55:11 RAM 1726/7620MB (lfb 96x4MB) SWAP 0/3810MB (cached 0MB) CPU [0%@1728,0%@1728,0%@1728,100%@1728,0%@729,0%@729] GR3D_FREQ 0% cpu@51.281C soc2@48.968C soc0@50.562C gpu@51.343C tj@51.343C soc1@50.406C VDD_IN 7440mW/5539mW VDD_CPU_GPU_CV 1557mW/540mW VDD_SOC 3274mW/2817mW
08-04-2026 13:55:12 RAM 1759/7620MB (lfb 96x4MB) SWAP 0/3810MB (cached 0MB) CPU [0%@1728,0%@1728,0%@1728,100%@1728,0%@729,0%@729] GR3D_FREQ 0% cpu@51.156C soc2@48.937C soc0@50.625C gpu@51.437C tj@51.437C soc1@50.468C VDD_IN 7440mW/5540mW VDD_CPU_GPU_CV 1557mW/541mW VDD_SOC 3314mW/2817mW
08-04-2026 13:55:13 RAM 1760/7620MB (lfb 96x4MB) SWAP 0/3810MB (cached 0MB) CPU [0%@1728,0%@1728,0%@1728,99%@1728,0%@729,0%@729] GR3D_FREQ 0% cpu@50.875C soc2@49.062C soc0@50.718C gpu@51.406C tj@51.406C soc1@50.562C VDD_IN 7400mW/5541mW VDD_CPU_GPU_CV 1317mW/542mW VDD_SOC 3394mW/2817mW
08-04-2026 13:55:14 RAM 1471/7620MB (lfb 96x4MB) SWAP 0/3810MB (cached 0MB) CPU [1%@729,1%@729,0%@729,10%@729,0%@729,0%@729] GR3D_FREQ 0% cpu@50.25C soc2@48.968C soc0@50.781C gpu@51.281C tj@51.281C soc1@50.343C VDD_IN 5750mW/5541mW VDD_CPU_GPU_CV 599mW/542mW VDD_SOC 2875mW/2817mW
08-04-2026 13:55:15 RAM 1471/7620MB (lfb 96x4MB) SWAP 0/3810MB (cached 0MB) CPU [1%@729,0%@729,2%@729,0%@729,0%@729,0%@729] GR3D_FREQ 0% cpu@50.312C soc2@48.843C soc0@50.843C gpu@51.218C tj@51.218C soc1@50.5C VDD_IN 5471mW/5541mW VDD_CPU_GPU_CV 519mW/542mW VDD_SOC 2795mW/2817mW
08-04-2026 13:55:16 RAM 1471/7620MB (lfb 96x4MB) SWAP 0/3810MB (cached 0MB) CPU [1%@729,0%@729,0%@729,0%@729,0%@729,0%@729] GR3D_FREQ 0% cpu@50.468C soc2@48.906C soc0@50.656C gpu@51.062C tj@51.062C soc1@50.531C VDD_IN 5471mW/5541mW VDD_CPU_GPU_CV 519mW/542mW VDD_SOC 2795mW/2817mW
08-04-2026 13:55:17 RAM 1471/7620MB (lfb 96x4MB) SWAP 0/3810MB (cached 0MB) CPU [0%@729,0%@729,1%@729,0%@729,0%@729,0%@729] GR3D_FREQ 0% cpu@50.156C soc2@48.812C soc0@50.687C gpu@51.031C tj@51.031C soc1@50.5C VDD_IN 5431mW/5541mW VDD_CPU_GPU_CV 519mW/542mW VDD_SOC 2795mW/2817mW
08-04-2026 13:55:18 RAM 1471/7620MB (lfb 96x4MB) SWAP 0/3810MB (cached 0MB) CPU [1%@729,0%@729,1%@729,0%@729,0%@729,0%@729] GR3D_FREQ 0% cpu@50.156C soc2@48.843C soc0@50.656C gpu@51.031C tj@51.031C soc1@50.593C VDD_IN 5440mW/5541mW VDD_CPU_GPU_CV 519mW/541mW VDD_SOC 2795mW/2817mW
08-04-2026 13:55:19 RAM 1471/7620MB (lfb 96x4MB) SWAP 0/3810MB (cached 0MB) CPU [0%@729,0%@729,0%@729,0%@729,0%@729,0%@729] GR3D_FREQ 0% cpu@50.218C soc2@48.75C soc0@50.843C gpu@51.25C tj@51.25C soc1@50.375C VDD_IN 5431mW/5541mW VDD_CPU_GPU_CV 479mW/541mW VDD_SOC 2795mW/2817mW
08-04-2026 13:55:20 RAM 1471/7620MB (lfb 96x4MB) SWAP 0/3810MB (cached 0MB) CPU [2%@729,0%@729,1%@729,0%@729,0%@729,0%@729] GR3D_FREQ 0% cpu@50.156C soc2@48.812C soc0@50.687C gpu@51.281C tj@51.281C soc1@50.375C VDD_IN 5431mW/5541mW VDD_CPU_GPU_CV 519mW/541mW VDD_SOC 2795mW/2817mW
08-04-2026 13:55:21 RAM 1471/7620MB (lfb 96x4MB) SWAP 0/3810MB (cached 0MB) CPU [1%@729,0%@729,1%@729,0%@729,0%@729,0%@729] GR3D_FREQ 0% cpu@50.281C soc2@48.75C soc0@50.718C gpu@51.25C tj@51.25C soc1@50.437C VDD_IN 5471mW/5541mW VDD_CPU_GPU_CV 519mW/541mW VDD_SOC 2795mW/2817mW
08-04-2026 13:55:22 RAM 1471/7620MB (lfb 96x4MB) SWAP 0/3810MB (cached 0MB) CPU [0%@729,0%@729,0%@729,0%@729,0%@729,0%@729] GR3D_FREQ 0% cpu@50C soc2@48.781C soc0@50.781C gpu@51.187C tj@51.187C soc1@50.468C VDD_IN 5431mW/5541mW VDD_CPU_GPU_CV 519mW/541mW VDD_SOC 2795mW/2817mW
08-04-2026 13:55:23 RAM 1471/7620MB (lfb 96x4MB) SWAP 0/3810MB (cached 0MB) CPU [0%@729,0%@729,0%@729,0%@729,0%@729,0%@729] GR3D_FREQ 0% cpu@50.125C soc2@48.812C soc0@50.75C gpu@51.218C tj@51C soc1@50.375C VDD_IN 5431mW/5541mW VDD_CPU_GPU_CV 519mW/541mW VDD_SOC 2795mW/2817mW
08-04-2026 13:55:24 RAM 1471/7620MB (lfb 96x4MB) SWAP 0/3810MB (cached 0MB) CPU [0%@729,0%@729,1%@729,0%@729,0%@729,0%@729] GR3D_FREQ 0% cpu@50.312C soc2@48.718C soc0@50.781C gpu@51.125C tj@51.125C soc1@50.375C VDD_IN 5440mW/5541mW VDD_CPU_GPU_CV 479mW/541mW VDD_SOC 2795mW/2817mW
08-04-2026 13:55:25 RAM 1471/7620MB (lfb 96x4MB) SWAP 0/3810MB (cached 0MB) CPU [1%@729,0%@729,0%@729,0%@729,0%@729,0%@729] GR3D_FREQ 0% cpu@50.437C soc2@48.75C soc0@50.625C gpu@51.093C tj@51.093C soc1@50.406C VDD_IN 5440mW/5541mW VDD_CPU_GPU_CV 519mW/541mW VDD_SOC 2795mW/2817mW
08-04-2026 13:55:26 RAM 1471/7620MB (lfb 96x4MB) SWAP 0/3810MB (cached 0MB) CPU [1%@729,0%@729,1%@729,0%@729,0%@729,0%@729] GR3D_FREQ 0% cpu@50.281C soc2@48.781C soc0@50.593C gpu@51.062C tj@51.062C soc1@50.5C VDD_IN 5471mW/5541mW VDD_CPU_GPU_CV 519mW/541mW VDD_SOC 2795mW/2817mW
08-04-2026 13:55:27 RAM 1471/7620MB (lfb 96x4MB) SWAP 0/3810MB (cached 0MB) CPU [0%@729,0%@729,0%@729,0%@729,0%@729,0%@729] GR3D_FREQ 0% cpu@50.093C soc2@48.718C soc0@50.781C gpu@51.093C tj@51.093C soc1@50.437C VDD_IN 5431mW/5541mW VDD_CPU_GPU_CV 479mW/541mW VDD_SOC 2795mW/2817mW
08-04-2026 13:55:28 RAM 1471/7620MB (lfb 96x4MB) SWAP 0/3810MB (cached 0MB) CPU [0%@729,0%@729,0%@729,0%@729,0%@729,0%@729] GR3D_FREQ 0% cpu@50.156C soc2@48.718C soc0@50.781C gpu@51.312C tj@51.312C soc1@50.343C VDD_IN 5431mW/5540mW VDD_CPU_GPU_CV 479mW/541mW VDD_SOC 2795mW/2817mW
08-04-2026 13:55:29 RAM 1471/7620MB (lfb 96x4MB) SWAP 0/3810MB (cached 0MB) CPU [2%@729,0%@729,1%@729,0%@729,0%@729,0%@729] GR3D_FREQ 0% cpu@50.25C soc2@48.781C soc0@50.625C gpu@51.281C tj@51.281C soc1@50.312C VDD_IN 5431mW/5540mW VDD_CPU_GPU_CV 519mW/541mW VDD_SOC 2795mW/2817mW
08-04-2026 13:55:30 RAM 1471/7620MB (lfb 96x4MB) SWAP 0/3810MB (cached 0MB) CPU [0%@729,0%@729,1%@729,0%@729,0%@729,0%@729] GR3D_FREQ 0% cpu@50.406C soc2@48.781C soc0@50.593C gpu@51.343C tj@51.343C soc1@50.406C VDD_IN 5440mW/5540mW VDD_CPU_GPU_CV 479mW/541mW VDD_SOC 2795mW/2817mW
08-04-2026 13:55:31 RAM 1471/7620MB (lfb 96x4MB) SWAP 0/3810MB (cached 0MB) CPU [1%@729,0%@729,0%@729,0%@729,0%@729,0%@729] GR3D_FREQ 0% cpu@50.218C soc2@48.75C soc0@50.562C gpu@51.312C tj@51.312C soc1@50.468C VDD_IN 5471mW/5540mW VDD_CPU_GPU_CV 479mW/541mW VDD_SOC 2795mW/2817mW
08-04-2026 13:55:32 RAM 1471/7620MB (lfb 96x4MB) SWAP 0/3810MB (cached 0MB) CPU [1%@729,0%@729,0%@729,0%@729,0%@729,0%@729] GR3D_FREQ 0% cpu@50.062C soc2@48.781C soc0@50.687C gpu@51.468C tj@51.468C soc1@50.343C VDD_IN 5440mW/5540mW VDD_CPU_GPU_CV 479mW/541mW VDD_SOC 2795mW/2817mW
08-04-2026 13:55:33 RAM 1471/7620MB (lfb 96x4MB) SWAP 0/3810MB (cached 0MB) CPU [1%@729,0%@729,0%@729,0%@729,0%@729,0%@729] GR3D_FREQ 0% cpu@50.125C soc2@48.687C soc0@50.718C gpu@51.062C tj@51.062C soc1@50.312C VDD_IN 5440mW/5540mW VDD_CPU_GPU_CV 479mW/541mW VDD_SOC 2795mW/2817mW
08-04-2026 13:55:34 RAM 1471/7620MB (lfb 96x4MB) SWAP 0/3810MB (cached 0MB) CPU [0%@729,0%@729,0%@729,0%@729,0%@729,0%@729] GR3D_FREQ 0% cpu@50.156C soc2@48.687C soc0@50.562C gpu@51.125C tj@51.125C soc1@50.281C VDD_IN 5440mW/5540mW VDD_CPU_GPU_CV 519mW/541mW VDD_SOC 2795mW/2817mW
08-04-2026 13:55:35 RAM 1471/7620MB (lfb 96x4MB) SWAP 0/3810MB (cached 0MB) CPU [0%@729,0%@729,1%@729,0%@729,0%@729,0%@729] GR3D_FREQ 0% cpu@50.437C soc2@48.687C soc0@50.531C gpu@51.125C tj@51.125C soc1@50.406C VDD_IN 5440mW/5540mW VDD_CPU_GPU_CV 479mW/541mW VDD_SOC 2795mW/2817mW
08-04-2026 13:55:36 RAM 1471/7620MB (lfb 96x4MB) SWAP 0/3810MB (cached 0MB) CPU [0%@729,0%@729,0%@729,0%@729,0%@729,0%@729] GR3D_FREQ 0% cpu@50.125C soc2@48.781C soc0@50.687C gpu@51.125C tj@51.125C soc1@50.437C VDD_IN 5551mW/5540mW VDD_CPU_GPU_CV 519mW/541mW VDD_SOC 2835mW/2817mW
08-04-2026 13:55:37 RAM 1471/7620MB (lfb 96x4MB) SWAP 0/3810MB (cached 0MB) CPU [0%@729,0%@729,0%@729,0%@729,0%@729,0%@729] GR3D_FREQ 0% cpu@50.093C soc2@48.812C soc0@50.625C gpu@51.468C tj@51.468C soc1@50.218C VDD_IN 5431mW/5540mW VDD_CPU_GPU_CV 519mW/541mW VDD_SOC 2795mW/2817mW
08-04-2026 13:55:38 RAM 1471/7620MB (lfb 96x4MB) SWAP 0/3810MB (cached 0MB) CPU [1%@729,0%@729,0%@729,0%@729,0%@729,0%@729] GR3D_FREQ 0% cpu@50.031C soc2@48.781C soc0@50.718C gpu@50.968C tj@50.968C soc1@50.281C VDD_IN 5440mW/5540mW VDD_CPU_GPU_CV 479mW/541mW VDD_SOC 2795mW/2817mW
08-04-2026 13:55:39 RAM 1471/7620MB (lfb 96x4MB) SWAP 0/3810MB (cached 0MB) CPU [1%@729,0%@729,1%@729,0%@729,0%@729,0%@729] GR3D_FREQ 0% cpu@50.187C soc2@48.625C soc0@50.593C gpu@50.875C tj@50.875C soc1@50.343C VDD_IN 5431mW/5540mW VDD_CPU_GPU_CV 519mW/541mW VDD_SOC 2795mW/2817mW
08-04-2026 13:55:40 RAM 1471/7620MB (lfb 96x4MB) SWAP 0/3810MB (cached 0MB) CPU [1%@729,0%@729,0%@729,0%@729,0%@729,0%@729] GR3D_FREQ 0% cpu@50.312C soc2@48.75C soc0@50.625C gpu@51.031C tj@51.031C soc1@50.281C VDD_IN 5431mW/5540mW VDD_CPU_GPU_CV 479mW/541mW VDD_SOC 2795mW/2817mW
08-04-2026 13:55:41 RAM 1471/7620MB (lfb 96x4MB) SWAP 0/3810MB (cached 0MB) CPU [0%@729,0%@729,0%@729,0%@729,0%@729,0%@729] GR3D_FREQ 0% cpu@50.062C soc2@48.781C soc0@50.75C gpu@51.031C tj@51.031C soc1@50.406C VDD_IN 5480mW/5540mW VDD_CPU_GPU_CV 519mW/541mW VDD_SOC 2795mW/2817mW
08-04-2026 13:55:42 RAM 1471/7620MB (lfb 96x4MB) SWAP 0/3810MB (cached 0MB) CPU [1%@729,1%@729,0%@729,0%@729,0%@729,0%@729] GR3D_FREQ 0% cpu@50.156C soc2@48.687C soc0@50.812C gpu@50.968C tj@51.156C soc1@50.312C VDD_IN 5431mW/5540mW VDD_CPU_GPU_CV 519mW/541mW VDD_SOC 2795mW/2817mW
08-04-2026 13:55:43 RAM 1471/7620MB (lfb 96x4MB) SWAP 0/3810MB (cached 0MB) CPU [1%@729,0%@729,0%@729,0%@729,0%@729,0%@729] GR3D_FREQ 0% cpu@50.343C soc2@48.656C soc0@50.625C gpu@51.125C tj@51.125C soc1@50.375C VDD_IN 5440mW/5539mW VDD_CPU_GPU_CV 519mW/541mW VDD_SOC 2795mW/2817mW
08-04-2026 13:55:44 RAM 1471/7620MB (lfb 96x4MB) SWAP 0/3810MB (cached 0MB) CPU [0%@729,0%@729,0%@729,0%@729,0%@729,0%@729] GR3D_FREQ 0% cpu@50.218C soc2@48.718C soc0@50.593C gpu@51.218C tj@51.218C soc1@50.375C VDD_IN 5440mW/5539mW VDD_CPU_GPU_CV 519mW/541mW VDD_SOC 2795mW/2817mW
08-04-2026 13:55:45 RAM 1471/7620MB (lfb 96x4MB) SWAP 0/3810MB (cached 0MB) CPU [0%@729,1%@729,0%@729,0%@729,0%@729,0%@729] GR3D_FREQ 0% cpu@50.406C soc2@48.75C soc0@50.75C gpu@51.187C tj@51.187C soc1@50.468C VDD_IN 5440mW/5539mW VDD_CPU_GPU_CV 479mW/541mW VDD_SOC 2795mW/2817mW
08-04-2026 13:55:46 RAM 1471/7620MB (lfb 96x4MB) SWAP 0/3810MB (cached 0MB) CPU [0%@729,0%@729,0%@729,0%@729,0%@729,0%@729] GR3D_FREQ 0% cpu@49.968C soc2@48.812C soc0@50.718C gpu@51.156C tj@51.156C soc1@50.281C VDD_IN 5480mW/5539mW VDD_CPU_GPU_CV 519mW/541mW VDD_SOC 2795mW/2817mW
08-04-2026 13:55:47 RAM 1471/7620MB (lfb 96x4MB) SWAP 0/3810MB (cached 0MB) CPU [2%@729,0%@729,0%@729,0%@729,0%@729,0%@729] GR3D_FREQ 0% cpu@50.093C soc2@48.656C soc0@50.75C gpu@51.156C tj@51.156C soc1@50.343C VDD_IN 5440mW/5539mW VDD_CPU_GPU_CV 519mW/541mW VDD_SOC 2795mW/2817mW
08-04-2026 13:55:48 RAM 1471/7620MB (lfb 96x4MB) SWAP 0/3810MB (cached 0MB) CPU [0%@729,1%@729,0%@729,0%@729,0%@729,0%@729] GR3D_FREQ 0% cpu@50.281C soc2@48.718C soc0@50.593C gpu@51.062C tj@51.062C soc1@50.375C VDD_IN 5440mW/5539mW VDD_CPU_GPU_CV 519mW/541mW VDD_SOC 2795mW/2817mW
08-04-2026 13:55:49 RAM 1471/7620MB (lfb 96x4MB) SWAP 0/3810MB (cached 0MB) CPU [0%@729,0%@729,0%@729,0%@729,0%@729,0%@729] GR3D_FREQ 0% cpu@50.156C soc2@48.593C soc0@50.531C gpu@51C tj@51C soc1@50.343C VDD_IN 5431mW/5539mW VDD_CPU_GPU_CV 519mW/541mW VDD_SOC 2795mW/2817mW
08-04-2026 13:55:50 RAM 1471/7620MB (lfb 96x4MB) SWAP 0/3810MB (cached 0MB) CPU [1%@729,0%@729,0%@729,0%@729,0%@729,0%@729] GR3D_FREQ 0% cpu@50.343C soc2@48.718C soc0@50.562C gpu@50.968C tj@50.968C soc1@50.312C VDD_IN 5431mW/5539mW VDD_CPU_GPU_CV 479mW/541mW VDD_SOC 2795mW/2817mW
08-04-2026 13:55:51 RAM 1471/7620MB (lfb 96x4MB) SWAP 0/3810MB (cached 0MB) CPU [1%@729,0%@729,0%@729,0%@729,0%@729,0%@729] GR3D_FREQ 0% cpu@49.968C soc2@48.781C soc0@50.687C gpu@50.937C tj@50.937C soc1@50.187C VDD_IN 5480mW/5539mW VDD_CPU_GPU_CV 519mW/541mW VDD_SOC 2795mW/2817mW
08-04-2026 13:55:52 RAM 1471/7620MB (lfb 96x4MB) SWAP 0/3810MB (cached 0MB) CPU [0%@729,0%@729,0%@729,0%@729,0%@729,0%@729] GR3D_FREQ 0% cpu@50.156C soc2@48.656C soc0@50.75C gpu@50.968C tj@50.968C soc1@50.218C VDD_IN 5431mW/5539mW VDD_CPU_GPU_CV 479mW/541mW VDD_SOC 2795mW/2817mW
08-04-2026 13:55:53 RAM 1471/7620MB (lfb 96x4MB) SWAP 0/3810MB (cached 0MB) CPU [0%@729,1%@729,0%@729,0%@729,0%@729,0%@729] GR3D_FREQ 0% cpu@50.343C soc2@48.687C soc0@50.531C gpu@51.031C tj@51.031C soc1@50.343C VDD_IN 5440mW/5539mW VDD_CPU_GPU_CV 479mW/540mW VDD_SOC 2795mW/2817mW
08-04-2026 13:55:54 RAM 1471/7620MB (lfb 96x4MB) SWAP 0/3810MB (cached 0MB) CPU [1%@729,0%@729,0%@729,0%@729,0%@729,0%@729] GR3D_FREQ 0% cpu@50.062C soc2@48.718C soc0@50.531C gpu@51.281C tj@51.281C soc1@50.343C VDD_IN 5440mW/5539mW VDD_CPU_GPU_CV 519mW/540mW VDD_SOC 2795mW/2817mW
08-04-2026 13:55:55 RAM 1471/7620MB (lfb 96x4MB) SWAP 0/3810MB (cached 0MB) CPU [0%@729,0%@729,0%@729,0%@729,0%@729,0%@729] GR3D_FREQ 0% cpu@50.343C soc2@48.781C soc0@50.625C gpu@51.281C tj@51.281C soc1@50.5C VDD_IN 5440mW/5539mW VDD_CPU_GPU_CV 479mW/540mW VDD_SOC 2795mW/2817mW
08-04-2026 13:55:56 RAM 1471/7620MB (lfb 96x4MB) SWAP 0/3810MB (cached 0MB) CPU [1%@729,0%@729,0%@729,0%@729,0%@729,0%@729] GR3D_FREQ 0% cpu@50.062C soc2@48.812C soc0@50.625C gpu@51.25C tj@51.25C soc1@50.187C VDD_IN 5480mW/5539mW VDD_CPU_GPU_CV 519mW/540mW VDD_SOC 2795mW/2817mW
08-04-2026 13:55:57 RAM 1471/7620MB (lfb 96x4MB) SWAP 0/3810MB (cached 0MB) CPU [0%@729,1%@729,0%@729,0%@729,0%@729,0%@729] GR3D_FREQ 0% cpu@50.125C soc2@48.625C soc0@50.718C gpu@51.312C tj@51.312C soc1@50.25C VDD_IN 5440mW/5539mW VDD_CPU_GPU_CV 519mW/540mW VDD_SOC 2795mW/2817mW
08-04-2026 13:55:58 RAM 1471/7620MB (lfb 96x4MB) SWAP 0/3810MB (cached 0MB) CPU [0%@729,0%@729,0%@729,0%@729,0%@729,0%@729] GR3D_FREQ 0% cpu@50.281C soc2@48.625C soc0@50.5C gpu@51.312C tj@51.312C soc1@50.343C VDD_IN 5440mW/5538mW VDD_CPU_GPU_CV 519mW/540mW VDD_SOC 2795mW/2817mW
08-04-2026 13:55:59 RAM 1471/7620MB (lfb 96x4MB) SWAP 0/3810MB (cached 0MB) CPU [1%@729,0%@729,0%@729,0%@729,0%@729,0%@729] GR3D_FREQ 0% cpu@50.062C soc2@48.656C soc0@50.593C gpu@51.343C tj@51.343C soc1@50.312C VDD_IN 5440mW/5538mW VDD_CPU_GPU_CV 519mW/540mW VDD_SOC 2795mW/2817mW
08-04-2026 13:56:00 RAM 1471/7620MB (lfb 96x4MB) SWAP 0/3810MB (cached 0MB) CPU [0%@729,1%@729,0%@729,0%@729,0%@729,0%@729] GR3D_FREQ 0% cpu@50.375C soc2@48.656C soc0@50.562C gpu@51.031C tj@51.031C soc1@50.437C VDD_IN 5431mW/5538mW VDD_CPU_GPU_CV 519mW/540mW VDD_SOC 2795mW/2817mW
08-04-2026 13:56:01 RAM 1471/7620MB (lfb 96x4MB) SWAP 0/3810MB (cached 0MB) CPU [0%@729,0%@729,0%@729,0%@729,0%@729,0%@729] GR3D_FREQ 0% cpu@50.031C soc2@48.75C soc0@50.593C gpu@51C tj@51C soc1@50.218C VDD_IN 5480mW/5538mW VDD_CPU_GPU_CV 519mW/540mW VDD_SOC 2795mW/2817mW
08-04-2026 13:56:02 RAM 1471/7620MB (lfb 96x4MB) SWAP 0/3810MB (cached 0MB) CPU [2%@729,0%@729,0%@729,0%@729,0%@729,0%@729] GR3D_FREQ 0% cpu@50.125C soc2@48.625C soc0@50.812C gpu@51.093C tj@51.093C soc1@50.25C VDD_IN 5440mW/5538mW VDD_CPU_GPU_CV 519mW/540mW VDD_SOC 2795mW/2817mW
08-04-2026 13:56:03 RAM 1471/7620MB (lfb 96x4MB) SWAP 0/3810MB (cached 0MB) CPU [0%@729,1%@729,0%@729,0%@729,0%@729,0%@729] GR3D_FREQ 0% cpu@50.25C soc2@48.656C soc0@50.531C gpu@51.062C tj@51.062C soc1@50.25C VDD_IN 5440mW/5538mW VDD_CPU_GPU_CV 479mW/540mW VDD_SOC 2795mW/2817mW
08-04-2026 13:56:04 RAM 1471/7620MB (lfb 96x4MB) SWAP 0/3810MB (cached 0MB) CPU [0%@729,0%@729,0%@729,0%@729,0%@729,0%@729] GR3D_FREQ 0% cpu@50.062C soc2@48.656C soc0@50.468C gpu@51.125C tj@51.125C soc1@50.312C VDD_IN 5440mW/5538mW VDD_CPU_GPU_CV 519mW/540mW VDD_SOC 2795mW/2817mW
08-04-2026 13:56:05 RAM 1471/7620MB (lfb 96x4MB) SWAP 0/3810MB (cached 0MB) CPU [1%@729,2%@729,0%@729,0%@729,0%@729,0%@729] GR3D_FREQ 0% cpu@50.062C soc2@48.75C soc0@50.625C gpu@51C tj@51C soc1@50.437C VDD_IN 5431mW/5538mW VDD_CPU_GPU_CV 519mW/540mW VDD_SOC 2795mW/2817mW
08-04-2026 13:56:06 RAM 1471/7620MB (lfb 96x4MB) SWAP 0/3810MB (cached 0MB) CPU [0%@729,1%@729,0%@729,0%@729,0%@729,0%@729] GR3D_FREQ 0% cpu@50C soc2@48.687C soc0@50.593C gpu@50.906C tj@50.906C soc1@50.218C VDD_IN 5480mW/5538mW VDD_CPU_GPU_CV 519mW/540mW VDD_SOC 2795mW/2817mW
08-04-2026 13:56:07 RAM 1471/7620MB (lfb 96x4MB) SWAP 0/3810MB (cached 0MB) CPU [0%@729,0%@729,0%@729,0%@729,0%@729,0%@729] GR3D_FREQ 0% cpu@50.031C soc2@48.593C soc0@50.5C gpu@50.906C tj@50.906C soc1@50.281C VDD_IN 5431mW/5538mW VDD_CPU_GPU_CV 479mW/540mW VDD_SOC 2795mW/2817mW
08-04-2026 13:56:08 RAM 1471/7620MB (lfb 96x4MB) SWAP 0/3810MB (cached 0MB) CPU [0%@729,0%@729,0%@729,0%@729,0%@729,0%@729] GR3D_FREQ 0% cpu@50.187C soc2@48.687C soc0@50.468C gpu@50.906C tj@50.906C soc1@50.25C VDD_IN 5440mW/5538mW VDD_CPU_GPU_CV 479mW/540mW VDD_SOC 2795mW/2817mW
08-04-2026 13:56:09 RAM 1471/7620MB (lfb 96x4MB) SWAP 0/3810MB (cached 0MB) CPU [1%@729,0%@729,0%@729,0%@729,0%@729,0%@729] GR3D_FREQ 0% cpu@49.968C soc2@48.625C soc0@50.531C gpu@50.937C tj@50.937C soc1@50.218C VDD_IN 5440mW/5538mW VDD_CPU_GPU_CV 519mW/540mW VDD_SOC 2795mW/2817mW
08-04-2026 13:56:10 RAM 1471/7620MB (lfb 96x4MB) SWAP 0/3810MB (cached 0MB) CPU [0%@729,0%@729,0%@729,0%@729,0%@729,0%@729] GR3D_FREQ 0% cpu@50.218C soc2@48.625C soc0@50.593C gpu@51.187C tj@51.187C soc1@50.187C VDD_IN 5440mW/5538mW VDD_CPU_GPU_CV 519mW/540mW VDD_SOC 2795mW/2817mW
08-04-2026 13:56:11 RAM 1471/7620MB (lfb 96x4MB) SWAP 0/3810MB (cached 0MB) CPU [1%@729,0%@729,0%@729,0%@729,0%@729,0%@729] GR3D_FREQ 0% cpu@50.093C soc2@48.625C soc0@50.656C gpu@51.093C tj@51.093C soc1@50.187C VDD_IN 5480mW/5538mW VDD_CPU_GPU_CV 519mW/540mW VDD_SOC 2795mW/2817mW
08-04-2026 13:56:12 RAM 1471/7620MB (lfb 96x4MB) SWAP 0/3810MB (cached 0MB) CPU [1%@729,0%@729,0%@729,0%@729,0%@729,0%@729] GR3D_FREQ 0% cpu@50.031C soc2@48.593C soc0@50.562C gpu@51.125C tj@51.125C soc1@50.281C VDD_IN 5431mW/5538mW VDD_CPU_GPU_CV 479mW/540mW VDD_SOC 2795mW/2817mW
08-04-2026 13:56:13 RAM 1471/7620MB (lfb 96x4MB) SWAP 0/3810MB (cached 0MB) CPU [0%@729,0%@729,0%@729,0%@729,0%@729,0%@729] GR3D_FREQ 0% cpu@50.156C soc2@48.625C soc0@50.468C gpu@51.156C tj@51.156C soc1@50.281C VDD_IN 5440mW/5537mW VDD_CPU_GPU_CV 479mW/540mW VDD_SOC 2795mW/2817mW
08-04-2026 13:56:14 RAM 1471/7620MB (lfb 96x4MB) SWAP 0/3810MB (cached 0MB) CPU [1%@729,1%@729,0%@729,0%@729,0%@729,0%@729] GR3D_FREQ 0% cpu@50C soc2@48.656C soc0@50.593C gpu@50.906C tj@50.906C soc1@50.281C VDD_IN 5440mW/5537mW VDD_CPU_GPU_CV 479mW/540mW VDD_SOC 2755mW/2817mW
08-04-2026 13:56:16 RAM 1471/7620MB (lfb 96x4MB) SWAP 0/3810MB (cached 0MB) CPU [0%@729,0%@729,0%@729,0%@729,0%@729,0%@729] GR3D_FREQ 0% cpu@50.062C soc2@48.718C soc0@50.531C gpu@50.875C tj@50.875C soc1@50.187C VDD_IN 5440mW/5537mW VDD_CPU_GPU_CV 479mW/540mW VDD_SOC 2795mW/2817mW
08-04-2026 13:56:17 RAM 1471/7620MB (lfb 96x4MB) SWAP 0/3810MB (cached 0MB) CPU [0%@729,0%@729,0%@729,0%@729,0%@729,0%@729] GR3D_FREQ 0% cpu@50.125C soc2@48.531C soc0@50.656C gpu@50.875C tj@50.875C soc1@50.187C VDD_IN 5471mW/5537mW VDD_CPU_GPU_CV 479mW/540mW VDD_SOC 2795mW/2816mW
08-04-2026 13:56:18 RAM 1471/7620MB (lfb 96x4MB) SWAP 0/3810MB (cached 0MB) CPU [0%@729,1%@729,0%@729,0%@729,0%@729,0%@729] GR3D_FREQ 0% cpu@50.25C soc2@48.593C soc0@50.5C gpu@50.937C tj@50.937C soc1@50.312C VDD_IN 5431mW/5537mW VDD_CPU_GPU_CV 479mW/540mW VDD_SOC 2795mW/2816mW
08-04-2026 13:56:19 RAM 1471/7620MB (lfb 96x4MB) SWAP 0/3810MB (cached 0MB) CPU [0%@729,1%@729,0%@729,0%@729,0%@729,0%@729] GR3D_FREQ 0% cpu@50.125C soc2@48.656C soc0@50.562C gpu@51.218C tj@51.218C soc1@50.281C VDD_IN 5440mW/5537mW VDD_CPU_GPU_CV 479mW/540mW VDD_SOC 2795mW/2816mW
08-04-2026 13:56:20 RAM 1471/7620MB (lfb 96x4MB) SWAP 0/3810MB (cached 0MB) CPU [0%@729,0%@729,0%@729,0%@729,0%@729,0%@729] GR3D_FREQ 0% cpu@49.906C soc2@48.625C soc0@50.468C gpu@51.156C tj@51.156C soc1@50.156C VDD_IN 5440mW/5537mW VDD_CPU_GPU_CV 479mW/540mW VDD_SOC 2795mW/2816mW
08-04-2026 13:56:21 RAM 1471/7620MB (lfb 96x4MB) SWAP 0/3810MB (cached 0MB) CPU [2%@729,0%@729,0%@729,0%@729,0%@729,0%@729] GR3D_FREQ 0% cpu@49.968C soc2@48.531C soc0@50.625C gpu@51.156C tj@51.156C soc1@50.187C VDD_IN 5440mW/5537mW VDD_CPU_GPU_CV 479mW/540mW VDD_SOC 2795mW/2816mW
08-04-2026 13:56:22 RAM 1471/7620MB (lfb 96x4MB) SWAP 0/3810MB (cached 0MB) CPU [0%@729,0%@729,1%@729,0%@729,0%@729,0%@729] GR3D_FREQ 0% cpu@50.125C soc2@48.593C soc0@50.531C gpu@51.281C tj@51.281C soc1@50.25C VDD_IN 5600mW/5537mW VDD_CPU_GPU_CV 559mW/540mW VDD_SOC 2835mW/2816mW
08-04-2026 13:56:23 RAM 1471/7620MB (lfb 96x4MB) SWAP 0/3810MB (cached 0MB) CPU [1%@729,0%@729,0%@729,0%@729,0%@729,0%@729] GR3D_FREQ 0% cpu@50.25C soc2@48.625C soc0@50.5C gpu@51.218C tj@51.218C soc1@50.25C VDD_IN 5471mW/5537mW VDD_CPU_GPU_CV 519mW/540mW VDD_SOC 2795mW/2816mW
08-04-2026 13:56:24 RAM 1471/7620MB (lfb 96x4MB) SWAP 0/3810MB (cached 0MB) CPU [1%@729,0%@729,0%@729,0%@729,0%@729,0%@729] GR3D_FREQ 0% cpu@50.156C soc2@48.625C soc0@50.562C gpu@50.937C tj@50.937C soc1@50.218C VDD_IN 5440mW/5537mW VDD_CPU_GPU_CV 479mW/540mW VDD_SOC 2795mW/2816mW
08-04-2026 13:56:25 RAM 1471/7620MB (lfb 96x4MB) SWAP 0/3810MB (cached 0MB) CPU [1%@729,0%@729,0%@729,0%@729,0%@729,0%@729] GR3D_FREQ 0% cpu@50.062C soc2@48.687C soc0@50.562C gpu@50.906C tj@50.906C soc1@50.187C VDD_IN 5440mW/5537mW VDD_CPU_GPU_CV 479mW/540mW VDD_SOC 2755mW/2816mW
08-04-2026 13:56:26 RAM 1471/7620MB (lfb 96x4MB) SWAP 0/3810MB (cached 0MB) CPU [0%@729,0%@729,0%@729,0%@729,0%@729,0%@729] GR3D_FREQ 0% cpu@49.937C soc2@48.593C soc0@50.593C gpu@50.937C tj@50.937C soc1@50.187C VDD_IN 5440mW/5537mW VDD_CPU_GPU_CV 479mW/540mW VDD_SOC 2795mW/2816mW
08-04-2026 13:56:27 RAM 1471/7620MB (lfb 96x4MB) SWAP 0/3810MB (cached 0MB) CPU [1%@729,1%@729,0%@729,0%@729,0%@729,0%@729] GR3D_FREQ 0% cpu@50.062C soc2@48.593C soc0@50.531C gpu@51.031C tj@51.031C soc1@50.25C VDD_IN 5440mW/5537mW VDD_CPU_GPU_CV 479mW/540mW VDD_SOC 2755mW/2816mW
08-04-2026 13:56:28 RAM 1471/7620MB (lfb 96x4MB) SWAP 0/3810MB (cached 0MB) CPU [0%@729,0%@729,0%@729,0%@729,0%@729,0%@729] GR3D_FREQ 0% cpu@50.187C soc2@48.562C soc0@50.5C gpu@50.812C tj@50.812C soc1@50.218C VDD_IN 5440mW/5537mW VDD_CPU_GPU_CV 479mW/540mW VDD_SOC 2795mW/2816mW
08-04-2026 13:56:29 RAM 1471/7620MB (lfb 96x4MB) SWAP 0/3810MB (cached 0MB) CPU [0%@729,0%@729,0%@729,0%@729,0%@729,0%@729] GR3D_FREQ 0% cpu@50.031C soc2@48.656C soc0@50.593C gpu@50.875C tj@50.875C soc1@50.312C VDD_IN 5440mW/5537mW VDD_CPU_GPU_CV 479mW/539mW VDD_SOC 2795mW/2816mW
08-04-2026 13:56:30 RAM 1471/7620MB (lfb 96x4MB) SWAP 0/3810MB (cached 0MB) CPU [0%@729,0%@729,0%@729,0%@729,0%@729,0%@729] GR3D_FREQ 0% cpu@50.062C soc2@48.656C soc0@50.562C gpu@50.843C tj@50.843C soc1@50.187C VDD_IN 5431mW/5537mW VDD_CPU_GPU_CV 479mW/539mW VDD_SOC 2755mW/2816mW
08-04-2026 13:56:31 RAM 1471/7620MB (lfb 96x4MB) SWAP 0/3810MB (cached 0MB) CPU [0%@729,0%@729,0%@729,0%@729,0%@729,1%@729] GR3D_FREQ 0% cpu@50.062C soc2@48.562C soc0@50.468C gpu@50.781C tj@50.781C soc1@50.218C VDD_IN 5440mW/5536mW VDD_CPU_GPU_CV 479mW/539mW VDD_SOC 2795mW/2816mW
08-04-2026 13:56:32 RAM 1471/7620MB (lfb 96x4MB) SWAP 0/3810MB (cached 0MB) CPU [1%@729,0%@729,0%@729,0%@729,0%@729,0%@729] GR3D_FREQ 0% cpu@50.093C soc2@48.593C soc0@50.5C gpu@50.843C tj@50.843C soc1@50.281C VDD_IN 5440mW/5536mW VDD_CPU_GPU_CV 479mW/539mW VDD_SOC 2795mW/2816mW
08-04-2026 13:56:33 RAM 1471/7620MB (lfb 96x4MB) SWAP 0/3810MB (cached 0MB) CPU [0%@729,0%@729,0%@729,0%@729,0%@729,0%@729] GR3D_FREQ 0% cpu@50.218C soc2@48.593C soc0@50.468C gpu@51.062C tj@51.062C soc1@50.375C VDD_IN 5480mW/5536mW VDD_CPU_GPU_CV 479mW/539mW VDD_SOC 2795mW/2816mW
08-04-2026 13:56:34 RAM 1471/7620MB (lfb 96x4MB) SWAP 0/3810MB (cached 0MB) CPU [0%@729,0%@729,0%@729,0%@729,0%@729,0%@729] GR3D_FREQ 0% cpu@50C soc2@48.687C soc0@50.625C gpu@51.031C tj@51.031C soc1@50.187C VDD_IN 5440mW/5536mW VDD_CPU_GPU_CV 479mW/539mW VDD_SOC 2795mW/2816mW
08-04-2026 13:56:35 RAM 1471/7620MB (lfb 96x4MB) SWAP 0/3810MB (cached 0MB) CPU [0%@729,0%@729,0%@729,1%@729,0%@729,0%@729] GR3D_FREQ 0% cpu@49.968C soc2@48.593C soc0@50.468C gpu@50.781C tj@50.781C soc1@50.187C VDD_IN 5440mW/5536mW VDD_CPU_GPU_CV 479mW/539mW VDD_SOC 2755mW/2816mW
08-04-2026 13:56:36 RAM 1471/7620MB (lfb 96x4MB) SWAP 0/3810MB (cached 0MB) CPU [1%@729,0%@729,0%@729,0%@729,0%@729,0%@729] GR3D_FREQ 0% cpu@50.062C soc2@48.562C soc0@50.562C gpu@50.843C tj@50.843C soc1@50.218C VDD_IN 5440mW/5536mW VDD_CPU_GPU_CV 479mW/539mW VDD_SOC 2795mW/2816mW
08-04-2026 13:56:37 RAM 1471/7620MB (lfb 96x4MB) SWAP 0/3810MB (cached 0MB) CPU [0%@729,0%@729,0%@729,0%@729,0%@729,0%@729] GR3D_FREQ 0% cpu@49.875C soc2@48.75C soc0@50.593C gpu@50.937C tj@50.937C soc1@50.343C VDD_IN 5440mW/5536mW VDD_CPU_GPU_CV 479mW/539mW VDD_SOC 2795mW/2816mW
08-04-2026 13:56:38 RAM 1471/7620MB (lfb 96x4MB) SWAP 0/3810MB (cached 0MB) CPU [1%@729,0%@729,0%@729,0%@729,0%@729,0%@729] GR3D_FREQ 0% cpu@50.031C soc2@48.562C soc0@50.593C gpu@50.781C tj@50.781C soc1@50.156C VDD_IN 5480mW/5536mW VDD_CPU_GPU_CV 519mW/539mW VDD_SOC 2795mW/2816mW
08-04-2026 13:56:39 RAM 1471/7620MB (lfb 96x4MB) SWAP 0/3810MB (cached 0MB) CPU [1%@729,0%@729,0%@729,0%@729,0%@729,0%@729] GR3D_FREQ 0% cpu@50.031C soc2@48.562C soc0@50.687C gpu@51.093C tj@51.093C soc1@50.281C VDD_IN 5440mW/5536mW VDD_CPU_GPU_CV 479mW/539mW VDD_SOC 2795mW/2816mW
08-04-2026 13:56:40 RAM 1471/7620MB (lfb 96x4MB) SWAP 0/3810MB (cached 0MB) CPU [0%@729,0%@729,0%@729,0%@729,0%@729,0%@729] GR3D_FREQ 0% cpu@50.218C soc2@48.656C soc0@50.468C gpu@51.062C tj@51.062C soc1@50.312C VDD_IN 5440mW/5536mW VDD_CPU_GPU_CV 479mW/539mW VDD_SOC 2795mW/2816mW
08-04-2026 13:56:41 RAM 1471/7620MB (lfb 96x4MB) SWAP 0/3810MB (cached 0MB) CPU [0%@729,1%@729,0%@729,0%@729,0%@729,0%@729] GR3D_FREQ 0% cpu@50.125C soc2@48.562C soc0@50.406C gpu@51.187C tj@51.187C soc1@50.25C VDD_IN 5440mW/5536mW VDD_CPU_GPU_CV 519mW/539mW VDD_SOC 2795mW/2816mW
08-04-2026 13:56:42 RAM 1471/7620MB (lfb 96x4MB) SWAP 0/3810MB (cached 0MB) CPU [1%@729,0%@729,0%@729,0%@729,0%@729,0%@729] GR3D_FREQ 0% cpu@49.906C soc2@48.718C soc0@50.593C gpu@51.125C tj@51.125C soc1@50.406C VDD_IN 5440mW/5536mW VDD_CPU_GPU_CV 519mW/539mW VDD_SOC 2795mW/2816mW
08-04-2026 13:56:43 RAM 1471/7620MB (lfb 96x4MB) SWAP 0/3810MB (cached 0MB) CPU [0%@729,0%@729,0%@729,0%@729,0%@729,0%@729] GR3D_FREQ 0% cpu@49.937C soc2@48.531C soc0@50.687C gpu@50.906C tj@50.906C soc1@50.156C VDD_IN 5440mW/5536mW VDD_CPU_GPU_CV 479mW/539mW VDD_SOC 2795mW/2816mW
08-04-2026 13:56:44 RAM 1471/7620MB (lfb 96x4MB) SWAP 0/3810MB (cached 0MB) CPU [1%@729,0%@729,0%@729,0%@729,0%@729,0%@729] GR3D_FREQ 0% cpu@50.062C soc2@48.656C soc0@50.5C gpu@50.906C tj@50.906C soc1@50.187C VDD_IN 5440mW/5536mW VDD_CPU_GPU_CV 479mW/539mW VDD_SOC 2795mW/2816mW
08-04-2026 13:56:45 RAM 1471/7620MB (lfb 96x4MB) SWAP 0/3810MB (cached 0MB) CPU [1%@729,0%@729,0%@729,0%@729,0%@729,0%@729] GR3D_FREQ 0% cpu@50.218C soc2@48.593C soc0@50.562C gpu@50.906C tj@50.906C soc1@50.187C VDD_IN 5440mW/5536mW VDD_CPU_GPU_CV 519mW/539mW VDD_SOC 2795mW/2816mW
08-04-2026 13:56:46 RAM 1471/7620MB (lfb 96x4MB) SWAP 0/3810MB (cached 0MB) CPU [0%@729,0%@729,0%@729,0%@729,0%@729,0%@729] GR3D_FREQ 0% cpu@50.093C soc2@48.656C soc0@50.5C gpu@50.875C tj@50.875C soc1@50.343C VDD_IN 5440mW/5536mW VDD_CPU_GPU_CV 519mW/539mW VDD_SOC 2795mW/2816mW
08-04-2026 13:56:47 RAM 1471/7620MB (lfb 96x4MB) SWAP 0/3810MB (cached 0MB) CPU [0%@729,0%@729,0%@729,0%@729,0%@729,0%@729] GR3D_FREQ 0% cpu@50.031C soc2@48.656C soc0@50.625C gpu@51.218C tj@51.218C soc1@50.125C VDD_IN 5440mW/5535mW VDD_CPU_GPU_CV 519mW/539mW VDD_SOC 2795mW/2816mW
08-04-2026 13:56:48 RAM 1471/7620MB (lfb 96x4MB) SWAP 0/3810MB (cached 0MB) CPU [2%@729,0%@729,0%@729,0%@729,0%@729,0%@729] GR3D_FREQ 0% cpu@49.968C soc2@48.625C soc0@50.562C gpu@51.218C tj@51.218C soc1@50.187C VDD_IN 5471mW/5535mW VDD_CPU_GPU_CV 519mW/539mW VDD_SOC 2795mW/2816mW
08-04-2026 13:56:49 RAM 1473/7620MB (lfb 96x4MB) SWAP 0/3810MB (cached 0MB) CPU [1%@729,0%@729,0%@729,0%@729,0%@729,0%@729] GR3D_FREQ 0% cpu@50.031C soc2@48.625C soc0@50.531C gpu@51.281C tj@51.281C soc1@50.187C VDD_IN 5431mW/5535mW VDD_CPU_GPU_CV 519mW/539mW VDD_SOC 2795mW/2816mW
08-04-2026 13:56:50 RAM 1473/7620MB (lfb 96x4MB) SWAP 0/3810MB (cached 0MB) CPU [1%@729,0%@729,0%@729,0%@729,0%@729,0%@729] GR3D_FREQ 0% cpu@50.187C soc2@48.593C soc0@50.437C gpu@51.218C tj@51.218C soc1@50.281C VDD_IN 5440mW/5535mW VDD_CPU_GPU_CV 519mW/539mW VDD_SOC 2795mW/2816mW
08-04-2026 13:56:51 RAM 1473/7620MB (lfb 96x4MB) SWAP 0/3810MB (cached 0MB) CPU [0%@729,0%@729,0%@729,0%@729,0%@729,0%@729] GR3D_FREQ 0% cpu@49.968C soc2@48.656C soc0@50.531C gpu@50.937C tj@50.937C soc1@50.375C VDD_IN 5440mW/5535mW VDD_CPU_GPU_CV 519mW/539mW VDD_SOC 2795mW/2816mW
08-04-2026 13:56:52 RAM 1473/7620MB (lfb 96x4MB) SWAP 0/3810MB (cached 0MB) CPU [2%@729,0%@729,0%@729,0%@729,0%@729,0%@729] GR3D_FREQ 0% cpu@50.031C soc2@48.5C soc0@50.656C gpu@50.968C tj@50.968C soc1@50.187C VDD_IN 5440mW/5535mW VDD_CPU_GPU_CV 479mW/539mW VDD_SOC 2795mW/2816mW
08-04-2026 13:56:53 RAM 1473/7620MB (lfb 96x4MB) SWAP 0/3810MB (cached 0MB) CPU [1%@729,0%@729,0%@729,0%@729,0%@729,0%@729] GR3D_FREQ 0% cpu@50.093C soc2@48.562C soc0@50.437C gpu@51.031C tj@51.031C soc1@50.25C VDD_IN 5480mW/5535mW VDD_CPU_GPU_CV 519mW/539mW VDD_SOC 2795mW/2816mW
08-04-2026 13:56:54 RAM 1473/7620MB (lfb 96x4MB) SWAP 0/3810MB (cached 0MB) CPU [0%@729,1%@729,0%@729,0%@729,0%@729,0%@729] GR3D_FREQ 0% cpu@50.062C soc2@48.593C soc0@50.5C gpu@50.968C tj@50.968C soc1@50.343C VDD_IN 5440mW/5535mW VDD_CPU_GPU_CV 479mW/539mW VDD_SOC 2795mW/2816mW
08-04-2026 13:56:55 RAM 1473/7620MB (lfb 96x4MB) SWAP 0/3810MB (cached 0MB) CPU [0%@729,0%@729,0%@729,0%@729,0%@729,0%@729] GR3D_FREQ 0% cpu@50.218C soc2@48.687C soc0@50.5C gpu@50.812C tj@50.812C soc1@50.406C VDD_IN 5440mW/5535mW VDD_CPU_GPU_CV 479mW/539mW VDD_SOC 2795mW/2816mW
08-04-2026 13:56:56 RAM 1473/7620MB (lfb 96x4MB) SWAP 0/3810MB (cached 0MB) CPU [0%@729,0%@729,0%@729,0%@729,0%@729,0%@729] GR3D_FREQ 0% cpu@49.968C soc2@48.687C soc0@50.656C gpu@50.875C tj@50.875C soc1@50.187C VDD_IN 5440mW/5535mW VDD_CPU_GPU_CV 479mW/539mW VDD_SOC 2795mW/2816mW
08-04-2026 13:56:57 RAM 1473/7620MB (lfb 96x4MB) SWAP 0/3810MB (cached 0MB) CPU [1%@729,0%@729,0%@729,0%@729,0%@729,0%@729] GR3D_FREQ 0% cpu@50.031C soc2@48.468C soc0@50.531C gpu@50.843C tj@50.843C soc1@50.25C VDD_IN 5440mW/5535mW VDD_CPU_GPU_CV 519mW/539mW VDD_SOC 2795mW/2816mW
08-04-2026 13:56:58 RAM 1473/7620MB (lfb 96x4MB) SWAP 0/3810MB (cached 0MB) CPU [0%@729,0%@729,0%@729,0%@729,0%@729,0%@729] GR3D_FREQ 0% cpu@50.218C soc2@48.625C soc0@50.468C gpu@50.843C tj@50.843C soc1@50.218C VDD_IN 5480mW/5535mW VDD_CPU_GPU_CV 519mW/539mW VDD_SOC 2795mW/2816mW
08-04-2026 13:56:59 RAM 1473/7620MB (lfb 96x4MB) SWAP 0/3810MB (cached 0MB) CPU [0%@729,0%@729,0%@729,0%@729,0%@729,0%@729] GR3D_FREQ 0% cpu@49.968C soc2@48.593C soc0@50.468C gpu@50.843C tj@50.843C soc1@50.25C VDD_IN 5440mW/5535mW VDD_CPU_GPU_CV 519mW/539mW VDD_SOC 2795mW/2816mW
08-04-2026 13:57:00 RAM 1473/7620MB (lfb 96x4MB) SWAP 0/3810MB (cached 0MB) CPU [1%@729,0%@729,0%@729,0%@729,0%@729,0%@729] GR3D_FREQ 0% cpu@50.031C soc2@48.656C soc0@50.468C gpu@51C tj@51C soc1@50.312C VDD_IN 5440mW/5535mW VDD_CPU_GPU_CV 479mW/539mW VDD_SOC 2795mW/2816mW
08-04-2026 13:57:01 RAM 1473/7620MB (lfb 96x4MB) SWAP 0/3810MB (cached 0MB) CPU [1%@729,0%@729,0%@729,0%@729,0%@729,0%@729] GR3D_FREQ 0% cpu@49.968C soc2@48.656C soc0@50.593C gpu@51.062C tj@51.062C soc1@50.187C VDD_IN 5440mW/5535mW VDD_CPU_GPU_CV 479mW/539mW VDD_SOC 2795mW/2816mW
08-04-2026 13:57:02 RAM 1473/7620MB (lfb 96x4MB) SWAP 0/3810MB (cached 0MB) CPU [0%@729,0%@729,0%@729,0%@729,0%@729,0%@729] GR3D_FREQ 0% cpu@50.031C soc2@48.656C soc0@50.437C gpu@51.062C tj@51.062C soc1@50.187C VDD_IN 5440mW/5535mW VDD_CPU_GPU_CV 519mW/539mW VDD_SOC 2795mW/2816mW
08-04-2026 13:57:03 RAM 1473/7620MB (lfb 96x4MB) SWAP 0/3810MB (cached 0MB) CPU [0%@729,0%@729,0%@729,0%@729,0%@729,0%@729] GR3D_FREQ 0% cpu@50.25C soc2@48.625C soc0@50.5C gpu@51.093C tj@51.093C soc1@50.281C VDD_IN 5480mW/5534mW VDD_CPU_GPU_CV 519mW/539mW VDD_SOC 2795mW/2816mW
08-04-2026 13:57:04 RAM 1473/7620MB (lfb 96x4MB) SWAP 0/3810MB (cached 0MB) CPU [0%@729,0%@729,0%@729,0%@729,0%@729,0%@729] GR3D_FREQ 0% cpu@49.968C soc2@48.593C soc0@50.468C gpu@51.125C tj@51.125C soc1@50.375C VDD_IN 5431mW/5534mW VDD_CPU_GPU_CV 479mW/538mW VDD_SOC 2795mW/2816mW
08-04-2026 13:57:05 RAM 1473/7620MB (lfb 96x4MB) SWAP 0/3810MB (cached 0MB) CPU [0%@729,0%@729,0%@729,0%@729,0%@729,0%@729] GR3D_FREQ 0% cpu@49.968C soc2@48.625C soc0@50.625C gpu@50.812C tj@50.812C soc1@50.187C VDD_IN 5440mW/5534mW VDD_CPU_GPU_CV 519mW/538mW VDD_SOC 2795mW/2816mW
08-04-2026 13:57:06 RAM 1473/7620MB (lfb 96x4MB) SWAP 0/3810MB (cached 0MB) CPU [1%@729,0%@729,0%@729,0%@729,0%@729,0%@729] GR3D_FREQ 0% cpu@50.031C soc2@48.656C soc0@50.656C gpu@50.875C tj@50.875C soc1@50.218C VDD_IN 5431mW/5534mW VDD_CPU_GPU_CV 479mW/538mW VDD_SOC 2795mW/2816mW
08-04-2026 13:57:07 RAM 1473/7620MB (lfb 96x4MB) SWAP 0/3810MB (cached 0MB) CPU [1%@729,0%@729,0%@729,0%@729,0%@729,0%@729] GR3D_FREQ 0% cpu@50.031C soc2@48.593C soc0@50.531C gpu@50.968C tj@50.968C soc1@50.25C VDD_IN 5440mW/5534mW VDD_CPU_GPU_CV 479mW/538mW VDD_SOC 2795mW/2816mW
08-04-2026 13:57:08 RAM 1473/7620MB (lfb 96x4MB) SWAP 0/3810MB (cached 0MB) CPU [0%@729,0%@729,0%@729,0%@729,0%@729,0%@729] GR3D_FREQ 0% cpu@50.187C soc2@48.562C soc0@50.437C gpu@51.062C tj@51.062C soc1@50.281C VDD_IN 5480mW/5534mW VDD_CPU_GPU_CV 519mW/538mW VDD_SOC 2795mW/2816mW
08-04-2026 13:57:09 RAM 1473/7620MB (lfb 96x4MB) SWAP 0/3810MB (cached 0MB) CPU [1%@729,0%@729,0%@729,0%@729,0%@729,0%@729] GR3D_FREQ 0% cpu@49.968C soc2@48.656C soc0@50.5C gpu@51.125C tj@51.125C soc1@50.375C VDD_IN 5440mW/5534mW VDD_CPU_GPU_CV 479mW/538mW VDD_SOC 2795mW/2816mW
08-04-2026 13:57:10 RAM 1473/7620MB (lfb 96x4MB) SWAP 0/3810MB (cached 0MB) CPU [0%@729,0%@729,0%@729,0%@729,0%@729,0%@729] GR3D_FREQ 0% cpu@50C soc2@48.781C soc0@50.562C gpu@51.156C tj@51.156C soc1@50.125C VDD_IN 5440mW/5534mW VDD_CPU_GPU_CV 479mW/538mW VDD_SOC 2795mW/2816mW
08-04-2026 13:57:11 RAM 1473/7620MB (lfb 96x4MB) SWAP 0/3810MB (cached 0MB) CPU [1%@729,0%@729,0%@729,0%@729,0%@729,0%@729] GR3D_FREQ 0% cpu@50.125C soc2@48.562C soc0@50.562C gpu@51.187C tj@51.187C soc1@50.25C VDD_IN 5440mW/5534mW VDD_CPU_GPU_CV 479mW/538mW VDD_SOC 2795mW/2816mW
08-04-2026 13:57:12 RAM 1473/7620MB (lfb 96x4MB) SWAP 0/3810MB (cached 0MB) CPU [1%@729,0%@729,0%@729,0%@729,0%@729,0%@729] GR3D_FREQ 0% cpu@50.218C soc2@48.593C soc0@50.375C gpu@51.187C tj@51.187C soc1@50.187C VDD_IN 5440mW/5534mW VDD_CPU_GPU_CV 479mW/538mW VDD_SOC 2795mW/2816mW
08-04-2026 13:57:13 RAM 1473/7620MB (lfb 96x4MB) SWAP 0/3810MB (cached 0MB) CPU [0%@729,0%@729,0%@729,0%@729,0%@729,0%@729] GR3D_FREQ 0% cpu@50.125C soc2@48.562C soc0@50.468C gpu@50.906C tj@50.906C soc1@50.312C VDD_IN 5480mW/5534mW VDD_CPU_GPU_CV 479mW/538mW VDD_SOC 2795mW/2816mW
08-04-2026 13:57:14 RAM 1473/7620MB (lfb 96x4MB) SWAP 0/3810MB (cached 0MB) CPU [1%@729,0%@729,0%@729,0%@729,0%@729,1%@729] GR3D_FREQ 0% cpu@49.937C soc2@48.687C soc0@50.531C gpu@50.812C tj@50.812C soc1@50.375C VDD_IN 5440mW/5534mW VDD_CPU_GPU_CV 479mW/538mW VDD_SOC 2795mW/2816mW
08-04-2026 13:57:15 RAM 1516/7620MB (lfb 96x4MB) SWAP 0/3810MB (cached 0MB) CPU [8%@1728,7%@1728,58%@1728,7%@1728,7%@729,7%@729] GR3D_FREQ 0% cpu@51.093C soc2@48.75C soc0@50.562C gpu@51.156C tj@51.156C soc1@50.187C VDD_IN 7000mW/5535mW VDD_CPU_GPU_CV 1357mW/539mW VDD_SOC 3154mW/2816mW
08-04-2026 13:57:16 RAM 1698/7620MB (lfb 96x4MB) SWAP 0/3810MB (cached 0MB) CPU [7%@1728,7%@1728,100%@1728,7%@1728,6%@729,6%@729] GR3D_FREQ 0% cpu@51.281C soc2@48.968C soc0@50.468C gpu@51.218C tj@51.281C soc1@50.218C VDD_IN 7480mW/5536mW VDD_CPU_GPU_CV 1557mW/539mW VDD_SOC 3274mW/2816mW
08-04-2026 13:57:17 RAM 1730/7620MB (lfb 96x4MB) SWAP 0/3810MB (cached 0MB) CPU [0%@1728,0%@1728,100%@1728,0%@1728,0%@729,0%@729] GR3D_FREQ 0% cpu@51.281C soc2@48.937C soc0@50.593C gpu@51.312C tj@51.312C soc1@50.375C VDD_IN 7440mW/5537mW VDD_CPU_GPU_CV 1557mW/540mW VDD_SOC 3274mW/2816mW
08-04-2026 13:57:18 RAM 1758/7620MB (lfb 96x4MB) SWAP 0/3810MB (cached 0MB) CPU [0%@1728,0%@1728,100%@1728,0%@1728,0%@729,0%@729] GR3D_FREQ 0% cpu@51.468C soc2@49.031C soc0@50.687C gpu@51.375C tj@51.468C soc1@50.468C VDD_IN 7440mW/5539mW VDD_CPU_GPU_CV 1557mW/541mW VDD_SOC 3314mW/2817mW
08-04-2026 13:57:19 RAM 1766/7620MB (lfb 96x4MB) SWAP 0/3810MB (cached 0MB) CPU [0%@1728,0%@1728,99%@1728,0%@1728,0%@729,0%@729] GR3D_FREQ 0% cpu@50.937C soc2@49C soc0@50.625C gpu@51.375C tj@51.375C soc1@50.625C VDD_IN 7360mW/5540mW VDD_CPU_GPU_CV 1277mW/541mW VDD_SOC 3394mW/2817mW
08-04-2026 13:57:20 RAM 1473/7620MB (lfb 96x4MB) SWAP 0/3810MB (cached 0MB) CPU [1%@729,0%@729,13%@729,2%@729,0%@729,0%@729] GR3D_FREQ 0% cpu@50.218C soc2@48.906C soc0@50.75C gpu@51.218C tj@51.218C soc1@50.375C VDD_IN 5800mW/5540mW VDD_CPU_GPU_CV 638mW/541mW VDD_SOC 2915mW/2817mW
08-04-2026 13:57:21 RAM 1473/7620MB (lfb 96x4MB) SWAP 0/3810MB (cached 0MB) CPU [0%@729,1%@729,0%@729,0%@729,0%@729,0%@729] GR3D_FREQ 0% cpu@50.312C soc2@48.75C soc0@50.593C gpu@51C tj@51C soc1@50.343C VDD_IN 5480mW/5540mW VDD_CPU_GPU_CV 519mW/541mW VDD_SOC 2795mW/2817mW
08-04-2026 13:57:22 RAM 1473/7620MB (lfb 96x4MB) SWAP 0/3810MB (cached 0MB) CPU [0%@729,0%@729,0%@729,0%@729,0%@729,0%@729] GR3D_FREQ 0% cpu@50.468C soc2@48.781C soc0@50.625C gpu@51.062C tj@51.062C soc1@50.437C VDD_IN 5440mW/5540mW VDD_CPU_GPU_CV 479mW/541mW VDD_SOC 2795mW/2817mW
08-04-2026 13:57:23 RAM 1473/7620MB (lfb 96x4MB) SWAP 0/3810MB (cached 0MB) CPU [1%@729,0%@729,0%@729,1%@729,0%@729,0%@729] GR3D_FREQ 0% cpu@50.281C soc2@48.812C soc0@50.718C gpu@50.968C tj@50.968C soc1@50.375C VDD_IN 5480mW/5540mW VDD_CPU_GPU_CV 519mW/541mW VDD_SOC 2795mW/2817mW
08-04-2026 13:57:24 RAM 1473/7620MB (lfb 96x4MB) SWAP 0/3810MB (cached 0MB) CPU [0%@729,0%@729,0%@729,2%@729,0%@729,0%@729] GR3D_FREQ 0% cpu@50.062C soc2@48.843C soc0@50.75C gpu@50.968C tj@50.968C soc1@50.437C VDD_IN 5440mW/5540mW VDD_CPU_GPU_CV 479mW/541mW VDD_SOC 2795mW/2817mW
08-04-2026 13:57:25 RAM 1473/7620MB (lfb 96x4MB) SWAP 0/3810MB (cached 0MB) CPU [0%@729,0%@729,0%@729,1%@729,0%@729,0%@729] GR3D_FREQ 0% cpu@50.062C soc2@48.75C soc0@50.75C gpu@50.968C tj@50.968C soc1@50.343C VDD_IN 5440mW/5540mW VDD_CPU_GPU_CV 479mW/541mW VDD_SOC 2795mW/2817mW
08-04-2026 13:57:26 RAM 1473/7620MB (lfb 96x4MB) SWAP 0/3810MB (cached 0MB) CPU [1%@729,1%@729,0%@729,0%@729,0%@729,0%@729] GR3D_FREQ 0% cpu@50.187C soc2@48.656C soc0@50.593C gpu@51.218C tj@51.218C soc1@50.281C VDD_IN 5440mW/5540mW VDD_CPU_GPU_CV 519mW/541mW VDD_SOC 2795mW/2817mW
08-04-2026 13:57:27 RAM 1473/7620MB (lfb 96x4MB) SWAP 0/3810MB (cached 0MB) CPU [0%@729,0%@729,0%@729,1%@729,0%@729,0%@729] GR3D_FREQ 0% cpu@50.375C soc2@48.687C soc0@50.5C gpu@51.187C tj@51.187C soc1@50.375C VDD_IN 5440mW/5540mW VDD_CPU_GPU_CV 519mW/541mW VDD_SOC 2795mW/2817mW
08-04-2026 13:57:28 RAM 1473/7620MB (lfb 96x4MB) SWAP 0/3810MB (cached 0MB) CPU [0%@729,0%@729,0%@729,1%@729,0%@729,0%@729] GR3D_FREQ 0% cpu@50.25C soc2@48.718C soc0@50.687C gpu@51.187C tj@51.187C soc1@50.437C VDD_IN 5440mW/5540mW VDD_CPU_GPU_CV 479mW/541mW VDD_SOC 2795mW/2817mW
08-04-2026 13:57:29 RAM 1473/7620MB (lfb 96x4MB) SWAP 0/3810MB (cached 0MB) CPU [0%@729,0%@729,0%@729,0%@729,0%@729,0%@729] GR3D_FREQ 0% cpu@50C soc2@48.75C soc0@50.593C gpu@51.218C tj@51.218C soc1@50.312C VDD_IN 5440mW/5540mW VDD_CPU_GPU_CV 519mW/541mW VDD_SOC 2795mW/2817mW
08-04-2026 13:57:30 RAM 1473/7620MB (lfb 96x4MB) SWAP 0/3810MB (cached 0MB) CPU [1%@729,0%@729,0%@729,0%@729,0%@729,0%@729] GR3D_FREQ 0% cpu@50.062C soc2@48.656C soc0@50.781C gpu@51.218C tj@51.218C soc1@50.281C VDD_IN 5440mW/5540mW VDD_CPU_GPU_CV 479mW/541mW VDD_SOC 2795mW/2817mW
08-04-2026 13:57:31 RAM 1473/7620MB (lfb 96x4MB) SWAP 0/3810MB (cached 0MB) CPU [0%@729,0%@729,0%@729,0%@729,0%@729,0%@729] GR3D_FREQ 0% cpu@50.187C soc2@48.718C soc0@50.593C gpu@51.25C tj@51.062C soc1@50.343C VDD_IN 5440mW/5539mW VDD_CPU_GPU_CV 479mW/541mW VDD_SOC 2795mW/2817mW
08-04-2026 13:57:32 RAM 1473/7620MB (lfb 96x4MB) SWAP 0/3810MB (cached 0MB) CPU [1%@729,0%@729,0%@729,0%@729,0%@729,0%@729] GR3D_FREQ 0% cpu@50.343C soc2@48.812C soc0@50.687C gpu@51.031C tj@51.031C soc1@50.406C VDD_IN 5440mW/5539mW VDD_CPU_GPU_CV 479mW/541mW VDD_SOC 2795mW/2817mW
08-04-2026 13:57:33 RAM 1473/7620MB (lfb 96x4MB) SWAP 0/3810MB (cached 0MB) CPU [1%@729,0%@729,0%@729,1%@729,0%@729,0%@729] GR3D_FREQ 0% cpu@50.25C soc2@48.75C soc0@50.562C gpu@50.937C tj@50.937C soc1@50.531C VDD_IN 5440mW/5539mW VDD_CPU_GPU_CV 519mW/541mW VDD_SOC 2795mW/2817mW
08-04-2026 13:57:34 RAM 1473/7620MB (lfb 96x4MB) SWAP 0/3810MB (cached 0MB) CPU [0%@729,0%@729,0%@729,0%@729,0%@729,0%@729] GR3D_FREQ 0% cpu@50C soc2@48.687C soc0@50.656C gpu@50.968C tj@50.968C soc1@50.343C VDD_IN 5440mW/5539mW VDD_CPU_GPU_CV 479mW/541mW VDD_SOC 2795mW/2817mW
08-04-2026 13:57:35 RAM 1473/7620MB (lfb 96x4MB) SWAP 0/3810MB (cached 0MB) CPU [0%@729,0%@729,0%@729,1%@729,0%@729,0%@729] GR3D_FREQ 0% cpu@50.093C soc2@48.687C soc0@50.781C gpu@51.031C tj@51.031C soc1@50.375C VDD_IN 5440mW/5539mW VDD_CPU_GPU_CV 479mW/541mW VDD_SOC 2795mW/2817mW
08-04-2026 13:57:36 RAM 1473/7620MB (lfb 96x4MB) SWAP 0/3810MB (cached 0MB) CPU [0%@729,0%@729,0%@729,1%@729,0%@729,0%@729] GR3D_FREQ 0% cpu@50.156C soc2@48.718C soc0@50.625C gpu@51.031C tj@51.031C soc1@50.312C VDD_IN 5440mW/5539mW VDD_CPU_GPU_CV 479mW/541mW VDD_SOC 2795mW/2817mW
08-04-2026 13:57:37 RAM 1473/7620MB (lfb 96x4MB) SWAP 0/3810MB (cached 0MB) CPU [0%@729,0%@729,0%@729,0%@729,0%@729,0%@729] GR3D_FREQ 0% cpu@50.406C soc2@48.687C soc0@50.656C gpu@51.093C tj@51.25C soc1@50.312C VDD_IN 5440mW/5539mW VDD_CPU_GPU_CV 479mW/541mW VDD_SOC 2795mW/2817mW
08-04-2026 13:57:38 RAM 1472/7620MB (lfb 96x4MB) SWAP 0/3810MB (cached 0MB) CPU [0%@729,0%@729,0%@729,1%@729,0%@729,0%@729] GR3D_FREQ 0% cpu@50.156C soc2@48.75C soc0@50.593C gpu@51.343C tj@51.343C soc1@50.343C VDD_IN 5440mW/5539mW VDD_CPU_GPU_CV 479mW/541mW VDD_SOC 2795mW/2817mW
08-04-2026 13:57:39 RAM 1472/7620MB (lfb 96x4MB) SWAP 0/3810MB (cached 0MB) CPU [0%@729,0%@729,0%@729,1%@729,0%@729,0%@729] GR3D_FREQ 0% cpu@50C soc2@48.812C soc0@50.656C gpu@51.375C tj@51.375C soc1@50.25C VDD_IN 5440mW/5539mW VDD_CPU_GPU_CV 519mW/541mW VDD_SOC 2795mW/2817mW
08-04-2026 13:57:40 RAM 1472/7620MB (lfb 96x4MB) SWAP 0/3810MB (cached 0MB) CPU [0%@729,0%@729,0%@729,0%@729,0%@729,0%@729] GR3D_FREQ 0% cpu@50.031C soc2@48.687C soc0@50.687C gpu@51.437C tj@51.437C soc1@50.281C VDD_IN 5440mW/5539mW VDD_CPU_GPU_CV 519mW/541mW VDD_SOC 2795mW/2817mW
08-04-2026 13:57:41 RAM 1472/7620MB (lfb 96x4MB) SWAP 0/3810MB (cached 0MB) CPU [1%@729,1%@729,0%@729,1%@729,0%@729,0%@729] GR3D_FREQ 0% cpu@50.125C soc2@48.656C soc0@50.562C gpu@51.406C tj@51.406C soc1@50.343C VDD_IN 5440mW/5539mW VDD_CPU_GPU_CV 479mW/541mW VDD_SOC 2795mW/2817mW
08-04-2026 13:57:42 RAM 1472/7620MB (lfb 96x4MB) SWAP 0/3810MB (cached 0MB) CPU [0%@729,0%@729,0%@729,2%@729,0%@729,0%@729] GR3D_FREQ 0% cpu@50.281C soc2@48.593C soc0@50.562C gpu@50.906C tj@50.906C soc1@50.343C VDD_IN 5440mW/5539mW VDD_CPU_GPU_CV 479mW/541mW VDD_SOC 2795mW/2817mW
08-04-2026 13:57:43 RAM 1472/7620MB (lfb 96x4MB) SWAP 0/3810MB (cached 0MB) CPU [0%@729,0%@729,0%@729,0%@729,0%@729,0%@729] GR3D_FREQ 0% cpu@50.156C soc2@48.75C soc0@50.625C gpu@50.875C tj@50.875C soc1@50.437C VDD_IN 5431mW/5539mW VDD_CPU_GPU_CV 479mW/541mW VDD_SOC 2795mW/2817mW
08-04-2026 13:57:44 RAM 1473/7620MB (lfb 96x4MB) SWAP 0/3810MB (cached 0MB) CPU [0%@729,0%@729,0%@729,1%@729,0%@729,0%@729] GR3D_FREQ 0% cpu@50C soc2@48.718C soc0@50.687C gpu@51.125C tj@51.125C soc1@50.468C VDD_IN 5471mW/5539mW VDD_CPU_GPU_CV 519mW/541mW VDD_SOC 2795mW/2817mW
08-04-2026 13:57:45 RAM 1473/7620MB (lfb 96x4MB) SWAP 0/3810MB (cached 0MB) CPU [0%@729,0%@729,0%@729,1%@729,0%@729,0%@729] GR3D_FREQ 0% cpu@50C soc2@48.625C soc0@50.843C gpu@51.156C tj@51.156C soc1@50.281C VDD_IN 5431mW/5539mW VDD_CPU_GPU_CV 479mW/541mW VDD_SOC 2795mW/2817mW
08-04-2026 13:57:46 RAM 1473/7620MB (lfb 96x4MB) SWAP 0/3810MB (cached 0MB) CPU [0%@729,0%@729,0%@729,0%@729,0%@729,0%@729] GR3D_FREQ 0% cpu@50.125C soc2@48.562C soc0@50.562C gpu@51.125C tj@51.125C soc1@50.281C VDD_IN 5440mW/5538mW VDD_CPU_GPU_CV 479mW/540mW VDD_SOC 2795mW/2817mW
08-04-2026 13:57:47 RAM 1473/7620MB (lfb 96x4MB) SWAP 0/3810MB (cached 0MB) CPU [0%@729,0%@729,0%@729,0%@729,0%@729,0%@729] GR3D_FREQ 0% cpu@50.281C soc2@48.687C soc0@50.562C gpu@51.093C tj@51.093C soc1@50.343C VDD_IN 5431mW/5538mW VDD_CPU_GPU_CV 519mW/540mW VDD_SOC 2795mW/2817mW
08-04-2026 13:57:48 RAM 1473/7620MB (lfb 96x4MB) SWAP 0/3810MB (cached 0MB) CPU [0%@729,0%@729,0%@729,1%@729,0%@729,0%@729] GR3D_FREQ 0% cpu@50.031C soc2@48.656C soc0@50.562C gpu@51.093C tj@51.093C soc1@50.375C VDD_IN 5440mW/5538mW VDD_CPU_GPU_CV 519mW/540mW VDD_SOC 2795mW/2817mW
08-04-2026 13:57:49 RAM 1473/7620MB (lfb 96x4MB) SWAP 0/3810MB (cached 0MB) CPU [0%@729,0%@729,0%@729,1%@729,0%@729,0%@729] GR3D_FREQ 0% cpu@50.031C soc2@48.812C soc0@50.625C gpu@51.187C tj@51.187C soc1@50.437C VDD_IN 5431mW/5538mW VDD_CPU_GPU_CV 519mW/540mW VDD_SOC 2795mW/2817mW
08-04-2026 13:57:50 RAM 1473/7620MB (lfb 96x4MB) SWAP 0/3810MB (cached 0MB) CPU [0%@729,0%@729,0%@729,0%@729,0%@729,0%@729] GR3D_FREQ 0% cpu@50.031C soc2@48.687C soc0@50.687C gpu@50.968C tj@50.968C soc1@50.343C VDD_IN 5440mW/5538mW VDD_CPU_GPU_CV 519mW/540mW VDD_SOC 2795mW/2817mW
08-04-2026 13:57:51 RAM 1473/7620MB (lfb 96x4MB) SWAP 0/3810MB (cached 0MB) CPU [0%@729,0%@729,0%@729,2%@729,0%@729,0%@729] GR3D_FREQ 0% cpu@50.125C soc2@48.656C soc0@50.562C gpu@50.875C tj@50.875C soc1@50.343C VDD_IN 5440mW/5538mW VDD_CPU_GPU_CV 479mW/540mW VDD_SOC 2795mW/2817mW
08-04-2026 13:57:52 RAM 1473/7620MB (lfb 96x4MB) SWAP 0/3810MB (cached 0MB) CPU [0%@729,0%@729,0%@729,0%@729,0%@729,0%@729] GR3D_FREQ 0% cpu@50.343C soc2@48.687C soc0@50.562C gpu@50.937C tj@50.937C soc1@50.406C VDD_IN 5440mW/5538mW VDD_CPU_GPU_CV 479mW/540mW VDD_SOC 2795mW/2817mW
08-04-2026 13:57:53 RAM 1473/7620MB (lfb 96x4MB) SWAP 0/3810MB (cached 0MB) CPU [0%@729,0%@729,0%@729,0%@729,0%@729,0%@729] GR3D_FREQ 0% cpu@50.093C soc2@48.687C soc0@50.531C gpu@50.968C tj@50.968C soc1@50.437C VDD_IN 5440mW/5538mW VDD_CPU_GPU_CV 479mW/540mW VDD_SOC 2795mW/2817mW
08-04-2026 13:57:54 RAM 1473/7620MB (lfb 96x4MB) SWAP 0/3810MB (cached 0MB) CPU [1%@729,0%@729,0%@729,2%@729,0%@729,0%@729] GR3D_FREQ 0% cpu@50.031C soc2@48.687C soc0@50.656C gpu@51C tj@51C soc1@50.375C VDD_IN 5440mW/5538mW VDD_CPU_GPU_CV 519mW/540mW VDD_SOC 2795mW/2817mW
08-04-2026 13:57:55 RAM 1473/7620MB (lfb 96x4MB) SWAP 0/3810MB (cached 0MB) CPU [0%@729,0%@729,0%@729,1%@729,0%@729,0%@729] GR3D_FREQ 0% cpu@50.062C soc2@48.656C soc0@50.625C gpu@51C tj@51C soc1@50.281C VDD_IN 5440mW/5538mW VDD_CPU_GPU_CV 479mW/540mW VDD_SOC 2795mW/2817mW
08-04-2026 13:57:56 RAM 1473/7620MB (lfb 96x4MB) SWAP 0/3810MB (cached 0MB) CPU [0%@729,0%@729,0%@729,1%@729,0%@729,0%@729] GR3D_FREQ 0% cpu@50.156C soc2@48.656C soc0@50.625C gpu@51.218C tj@51.218C soc1@50.218C VDD_IN 5440mW/5538mW VDD_CPU_GPU_CV 519mW/540mW VDD_SOC 2795mW/2817mW
08-04-2026 13:57:57 RAM 1473/7620MB (lfb 96x4MB) SWAP 0/3810MB (cached 0MB) CPU [0%@729,0%@729,0%@729,1%@729,0%@729,0%@729] GR3D_FREQ 0% cpu@50.281C soc2@48.75C soc0@50.531C gpu@51.25C tj@51.25C soc1@50.406C VDD_IN 5440mW/5538mW VDD_CPU_GPU_CV 519mW/540mW VDD_SOC 2795mW/2817mW
08-04-2026 13:57:58 RAM 1473/7620MB (lfb 96x4MB) SWAP 0/3810MB (cached 0MB) CPU [0%@729,0%@729,0%@729,1%@729,0%@729,0%@729] GR3D_FREQ 0% cpu@50.062C soc2@48.718C soc0@50.593C gpu@51.218C tj@51.218C soc1@50.343C VDD_IN 5440mW/5538mW VDD_CPU_GPU_CV 519mW/540mW VDD_SOC 2795mW/2817mW
08-04-2026 13:57:59 RAM 1473/7620MB (lfb 96x4MB) SWAP 0/3810MB (cached 0MB) CPU [1%@729,0%@729,0%@729,1%@729,0%@729,0%@729] GR3D_FREQ 0% cpu@50.125C soc2@48.593C soc0@50.625C gpu@51.25C tj@51.25C soc1@50.281C VDD_IN 5480mW/5538mW VDD_CPU_GPU_CV 519mW/540mW VDD_SOC 2795mW/2817mW
08-04-2026 13:58:00 RAM 1473/7620MB (lfb 96x4MB) SWAP 0/3810MB (cached 0MB) CPU [1%@729,0%@729,0%@729,0%@729,0%@729,0%@729] GR3D_FREQ 0% cpu@50.187C soc2@48.656C soc0@50.5C gpu@50.937C tj@50.937C soc1@50.281C VDD_IN 5440mW/5538mW VDD_CPU_GPU_CV 519mW/540mW VDD_SOC 2795mW/2817mW
08-04-2026 13:58:01 RAM 1473/7620MB (lfb 96x4MB) SWAP 0/3810MB (cached 0MB) CPU [0%@729,0%@729,0%@729,0%@729,0%@729,0%@729] GR3D_FREQ 0% cpu@50.125C soc2@48.687C soc0@50.531C gpu@51.031C tj@51.031C soc1@50.343C VDD_IN 5440mW/5538mW VDD_CPU_GPU_CV 519mW/540mW VDD_SOC 2795mW/2817mW
08-04-2026 13:58:02 RAM 1473/7620MB (lfb 96x4MB) SWAP 0/3810MB (cached 0MB) CPU [0%@729,0%@729,0%@729,0%@729,0%@729,0%@729] GR3D_FREQ 0% cpu@50.25C soc2@48.625C soc0@50.531C gpu@51.031C tj@51.031C soc1@50.25C VDD_IN 5440mW/5537mW VDD_CPU_GPU_CV 519mW/540mW VDD_SOC 2795mW/2817mW
08-04-2026 13:58:03 RAM 1473/7620MB (lfb 96x4MB) SWAP 0/3810MB (cached 0MB) CPU [1%@729,0%@729,0%@729,0%@729,0%@729,0%@729] GR3D_FREQ 0% cpu@49.968C soc2@48.781C soc0@50.625C gpu@51.031C tj@51.031C soc1@50.531C VDD_IN 5431mW/5537mW VDD_CPU_GPU_CV 479mW/540mW VDD_SOC 2795mW/2817mW
08-04-2026 13:58:04 RAM 1473/7620MB (lfb 96x4MB) SWAP 0/3810MB (cached 0MB) CPU [0%@729,0%@729,0%@729,0%@729,0%@729,0%@729] GR3D_FREQ 0% cpu@50.093C soc2@48.656C soc0@50.687C gpu@51.125C tj@51.125C soc1@50.281C VDD_IN 5480mW/5537mW VDD_CPU_GPU_CV 519mW/540mW VDD_SOC 2795mW/2817mW
08-04-2026 13:58:05 RAM 1473/7620MB (lfb 96x4MB) SWAP 0/3810MB (cached 0MB) CPU [2%@729,0%@729,0%@729,1%@729,0%@729,0%@729] GR3D_FREQ 0% cpu@50.281C soc2@48.718C soc0@50.593C gpu@51.281C tj@51.281C soc1@50.281C VDD_IN 5480mW/5537mW VDD_CPU_GPU_CV 519mW/540mW VDD_SOC 2795mW/2817mW
08-04-2026 13:58:06 RAM 1473/7620MB (lfb 96x4MB) SWAP 0/3810MB (cached 0MB) CPU [1%@729,0%@729,0%@729,0%@729,0%@729,0%@729] GR3D_FREQ 0% cpu@50C soc2@48.687C soc0@50.625C gpu@51.406C tj@51.406C soc1@50.312C VDD_IN 5440mW/5537mW VDD_CPU_GPU_CV 519mW/540mW VDD_SOC 2795mW/2817mW
08-04-2026 13:58:07 RAM 1473/7620MB (lfb 96x4MB) SWAP 0/3810MB (cached 0MB) CPU [0%@729,0%@729,0%@729,0%@729,0%@729,0%@729] GR3D_FREQ 0% cpu@50.343C soc2@48.656C soc0@50.593C gpu@50.875C tj@50.875C soc1@50.468C VDD_IN 5440mW/5537mW VDD_CPU_GPU_CV 479mW/540mW VDD_SOC 2795mW/2817mW
08-04-2026 13:58:08 RAM 1473/7620MB (lfb 96x4MB) SWAP 0/3810MB (cached 0MB) CPU [0%@729,0%@729,0%@729,0%@729,0%@729,0%@729] GR3D_FREQ 0% cpu@50.062C soc2@48.718C soc0@50.593C gpu@50.937C tj@50.937C soc1@50.468C VDD_IN 5440mW/5537mW VDD_CPU_GPU_CV 519mW/540mW VDD_SOC 2795mW/2817mW
08-04-2026 13:58:09 RAM 1473/7620MB (lfb 96x4MB) SWAP 0/3810MB (cached 0MB) CPU [2%@729,0%@729,0%@729,0%@729,0%@729,0%@729] GR3D_FREQ 0% cpu@50.156C soc2@48.656C soc0@50.687C gpu@50.875C tj@50.875C soc1@50.312C VDD_IN 5440mW/5537mW VDD_CPU_GPU_CV 479mW/540mW VDD_SOC 2795mW/2817mW
08-04-2026 13:58:10 RAM 1473/7620MB (lfb 96x4MB) SWAP 0/3810MB (cached 0MB) CPU [0%@729,0%@729,0%@729,0%@729,0%@729,0%@729] GR3D_FREQ 0% cpu@50.25C soc2@48.718C soc0@50.531C gpu@50.937C tj@50.937C soc1@50.312C VDD_IN 5440mW/5537mW VDD_CPU_GPU_CV 479mW/540mW VDD_SOC 2795mW/2816mW
08-04-2026 13:58:11 RAM 1473/7620MB (lfb 96x4MB) SWAP 0/3810MB (cached 0MB) CPU [1%@729,1%@729,0%@729,1%@729,0%@729,0%@729] GR3D_FREQ 0% cpu@49.937C soc2@48.718C soc0@50.562C gpu@50.875C tj@51.062C soc1@50.281C VDD_IN 5440mW/5537mW VDD_CPU_GPU_CV 479mW/540mW VDD_SOC 2795mW/2816mW
08-04-2026 13:58:12 RAM 1473/7620MB (lfb 96x4MB) SWAP 0/3810MB (cached 0MB) CPU [0%@729,0%@729,0%@729,0%@729,0%@729,0%@729] GR3D_FREQ 0% cpu@50.25C soc2@48.687C soc0@50.562C gpu@51.062C tj@51.062C soc1@50.343C VDD_IN 5440mW/5537mW VDD_CPU_GPU_CV 479mW/540mW VDD_SOC 2795mW/2816mW
08-04-2026 13:58:13 RAM 1473/7620MB (lfb 96x4MB) SWAP 0/3810MB (cached 0MB) CPU [0%@729,0%@729,0%@729,0%@729,0%@729,0%@729] GR3D_FREQ 0% cpu@50.031C soc2@48.75C soc0@50.625C gpu@51.062C tj@51.062C soc1@50.437C VDD_IN 5440mW/5537mW VDD_CPU_GPU_CV 479mW/540mW VDD_SOC 2795mW/2816mW
08-04-2026 13:58:14 RAM 1473/7620MB (lfb 96x4MB) SWAP 0/3810MB (cached 0MB) CPU [0%@729,0%@729,0%@729,0%@729,0%@729,0%@729] GR3D_FREQ 0% cpu@50.062C soc2@48.656C soc0@50.75C gpu@51.125C tj@51.125C soc1@50.25C VDD_IN 5440mW/5537mW VDD_CPU_GPU_CV 479mW/540mW VDD_SOC 2795mW/2816mW
08-04-2026 13:58:15 RAM 1473/7620MB (lfb 96x4MB) SWAP 0/3810MB (cached 0MB) CPU [0%@729,0%@729,0%@729,1%@729,0%@729,0%@729] GR3D_FREQ 0% cpu@50.187C soc2@48.562C soc0@50.593C gpu@51.156C tj@51.156C soc1@50.281C VDD_IN 5440mW/5537mW VDD_CPU_GPU_CV 479mW/540mW VDD_SOC 2795mW/2816mW
08-04-2026 13:58:16 RAM 1473/7620MB (lfb 96x4MB) SWAP 0/3810MB (cached 0MB) CPU [0%@729,0%@729,0%@729,0%@729,1%@729,0%@729] GR3D_FREQ 0% cpu@50C soc2@48.687C soc0@50.468C gpu@51.093C tj@51.093C soc1@50.312C VDD_IN 5440mW/5537mW VDD_CPU_GPU_CV 479mW/540mW VDD_SOC 2795mW/2816mW
08-04-2026 13:58:17 RAM 1473/7620MB (lfb 96x4MB) SWAP 0/3810MB (cached 0MB) CPU [0%@729,0%@729,0%@729,1%@729,0%@729,0%@729] GR3D_FREQ 0% cpu@50.218C soc2@48.656C soc0@50.531C gpu@51.156C tj@51.156C soc1@50.312C VDD_IN 5440mW/5537mW VDD_CPU_GPU_CV 519mW/540mW VDD_SOC 2795mW/2816mW
08-04-2026 13:58:18 RAM 1473/7620MB (lfb 96x4MB) SWAP 0/3810MB (cached 0MB) CPU [0%@729,0%@729,0%@729,0%@729,0%@729,0%@729] GR3D_FREQ 0% cpu@50C soc2@48.687C soc0@50.687C gpu@50.906C tj@50.906C soc1@50.437C VDD_IN 5440mW/5536mW VDD_CPU_GPU_CV 479mW/540mW VDD_SOC 2795mW/2816mW
08-04-2026 13:58:19 RAM 1473/7620MB (lfb 96x4MB) SWAP 0/3810MB (cached 0MB) CPU [0%@729,0%@729,0%@729,0%@729,0%@729,0%@729] GR3D_FREQ 0% cpu@50.062C soc2@48.625C soc0@50.656C gpu@50.937C tj@50.937C soc1@50.187C VDD_IN 5440mW/5536mW VDD_CPU_GPU_CV 519mW/540mW VDD_SOC 2795mW/2816mW
08-04-2026 13:58:20 RAM 1473/7620MB (lfb 96x4MB) SWAP 0/3810MB (cached 0MB) CPU [0%@729,0%@729,0%@729,0%@729,0%@729,0%@729] GR3D_FREQ 0% cpu@50.25C soc2@48.687C soc0@50.437C gpu@50.906C tj@50.906C soc1@50.218C VDD_IN 5440mW/5536mW VDD_CPU_GPU_CV 519mW/540mW VDD_SOC 2795mW/2816mW
08-04-2026 13:58:21 RAM 1473/7620MB (lfb 96x4MB) SWAP 0/3810MB (cached 0MB) CPU [0%@729,0%@729,0%@729,1%@729,0%@729,0%@729] GR3D_FREQ 0% cpu@49.968C soc2@48.625C soc0@50.531C gpu@50.937C tj@50.937C soc1@50.375C VDD_IN 5440mW/5536mW VDD_CPU_GPU_CV 479mW/540mW VDD_SOC 2795mW/2816mW
08-04-2026 13:58:22 RAM 1473/7620MB (lfb 96x4MB) SWAP 0/3810MB (cached 0MB) CPU [0%@729,0%@729,0%@729,0%@729,0%@729,0%@729] GR3D_FREQ 0% cpu@50.25C soc2@48.562C soc0@50.625C gpu@51C tj@51C soc1@50.375C VDD_IN 5431mW/5536mW VDD_CPU_GPU_CV 479mW/540mW VDD_SOC 2795mW/2816mW
08-04-2026 13:58:23 RAM 1473/7620MB (lfb 96x4MB) SWAP 0/3810MB (cached 0MB) CPU [0%@729,0%@729,0%@729,0%@729,0%@729,0%@729] GR3D_FREQ 0% cpu@49.968C soc2@48.593C soc0@50.593C gpu@50.937C tj@50.937C soc1@50.406C VDD_IN 5440mW/5536mW VDD_CPU_GPU_CV 479mW/539mW VDD_SOC 2795mW/2816mW
08-04-2026 13:58:24 RAM 1473/7620MB (lfb 96x4MB) SWAP 0/3810MB (cached 0MB) CPU [0%@729,0%@729,0%@729,1%@729,0%@729,0%@729] GR3D_FREQ 0% cpu@50.062C soc2@48.593C soc0@50.687C gpu@51.25C tj@51.25C soc1@50.25C VDD_IN 5440mW/5536mW VDD_CPU_GPU_CV 519mW/539mW VDD_SOC 2795mW/2816mW
08-04-2026 13:58:25 RAM 1473/7620MB (lfb 96x4MB) SWAP 0/3810MB (cached 0MB) CPU [0%@729,0%@729,0%@729,0%@729,0%@729,0%@729] GR3D_FREQ 0% cpu@50.093C soc2@48.562C soc0@50.468C gpu@51.281C tj@51.281C soc1@50.281C VDD_IN 5440mW/5536mW VDD_CPU_GPU_CV 479mW/539mW VDD_SOC 2795mW/2816mW
08-04-2026 13:58:26 RAM 1473/7620MB (lfb 96x4MB) SWAP 0/3810MB (cached 0MB) CPU [0%@729,0%@729,0%@729,0%@729,0%@729,0%@729] GR3D_FREQ 0% cpu@50C soc2@48.625C soc0@50.531C gpu@51.218C tj@51.218C soc1@50.281C VDD_IN 5440mW/5536mW VDD_CPU_GPU_CV 519mW/539mW VDD_SOC 2795mW/2816mW
08-04-2026 13:58:27 RAM 1473/7620MB (lfb 96x4MB) SWAP 0/3810MB (cached 0MB) CPU [0%@729,0%@729,0%@729,1%@729,0%@729,0%@729] GR3D_FREQ 0% cpu@50.093C soc2@48.625C soc0@50.593C gpu@51.312C tj@51.312C soc1@50.312C VDD_IN 5440mW/5536mW VDD_CPU_GPU_CV 519mW/539mW VDD_SOC 2795mW/2816mW
08-04-2026 13:58:28 RAM 1473/7620MB (lfb 96x4MB) SWAP 0/3810MB (cached 0MB) CPU [0%@729,0%@729,0%@729,0%@729,0%@729,0%@729] GR3D_FREQ 0% cpu@49.875C soc2@48.625C soc0@50.531C gpu@51.343C tj@51.343C soc1@50.218C VDD_IN 5440mW/5536mW VDD_CPU_GPU_CV 479mW/539mW VDD_SOC 2795mW/2816mW
08-04-2026 13:58:29 RAM 1473/7620MB (lfb 96x4MB) SWAP 0/3810MB (cached 0MB) CPU [0%@729,0%@729,0%@729,0%@729,0%@729,0%@729] GR3D_FREQ 0% cpu@50.031C soc2@48.593C soc0@50.468C gpu@50.968C tj@50.968C soc1@50.187C VDD_IN 5440mW/5536mW VDD_CPU_GPU_CV 479mW/539mW VDD_SOC 2795mW/2816mW
08-04-2026 13:58:30 RAM 1473/7620MB (lfb 96x4MB) SWAP 0/3810MB (cached 0MB) CPU [3%@729,0%@729,0%@729,0%@729,0%@729,0%@729] GR3D_FREQ 0% cpu@50.062C soc2@48.562C soc0@50.468C gpu@51C tj@51C soc1@50.187C VDD_IN 5440mW/5536mW VDD_CPU_GPU_CV 479mW/539mW VDD_SOC 2795mW/2816mW
08-04-2026 13:58:31 RAM 1473/7620MB (lfb 96x4MB) SWAP 0/3810MB (cached 0MB) CPU [0%@729,0%@729,0%@729,0%@729,0%@729,0%@729] GR3D_FREQ 0% cpu@50.406C soc2@48.625C soc0@50.468C gpu@50.937C tj@50.937C soc1@50.281C VDD_IN 5440mW/5536mW VDD_CPU_GPU_CV 479mW/539mW VDD_SOC 2795mW/2816mW
08-04-2026 13:58:32 RAM 1473/7620MB (lfb 96x4MB) SWAP 0/3810MB (cached 0MB) CPU [0%@729,0%@729,0%@729,0%@729,0%@729,0%@729] GR3D_FREQ 0% cpu@50.031C soc2@48.625C soc0@50.468C gpu@50.968C tj@50.968C soc1@50.281C VDD_IN 5431mW/5536mW VDD_CPU_GPU_CV 479mW/539mW VDD_SOC 2795mW/2816mW
08-04-2026 13:58:33 RAM 1473/7620MB (lfb 96x4MB) SWAP 0/3810MB (cached 0MB) CPU [0%@729,0%@729,1%@729,1%@729,0%@729,0%@729] GR3D_FREQ 0% cpu@50.031C soc2@48.593C soc0@50.562C gpu@50.937C tj@50.937C soc1@50.187C VDD_IN 5440mW/5536mW VDD_CPU_GPU_CV 519mW/539mW VDD_SOC 2795mW/2816mW
08-04-2026 13:58:34 RAM 1473/7620MB (lfb 96x4MB) SWAP 0/3810MB (cached 0MB) CPU [1%@729,0%@729,0%@729,0%@729,0%@729,0%@729] GR3D_FREQ 0% cpu@50.187C soc2@48.593C soc0@50.5C gpu@50.906C tj@50.906C soc1@50.187C VDD_IN 5480mW/5535mW VDD_CPU_GPU_CV 519mW/539mW VDD_SOC 2795mW/2816mW
08-04-2026 13:58:35 RAM 1473/7620MB (lfb 96x4MB) SWAP 0/3810MB (cached 0MB) CPU [0%@729,0%@729,0%@729,1%@729,0%@729,0%@729] GR3D_FREQ 0% cpu@50.031C soc2@48.656C soc0@50.468C gpu@50.843C tj@50.843C soc1@50.218C VDD_IN 5431mW/5535mW VDD_CPU_GPU_CV 519mW/539mW VDD_SOC 2795mW/2816mW
08-04-2026 13:58:36 RAM 1473/7620MB (lfb 96x4MB) SWAP 0/3810MB (cached 0MB) CPU [0%@729,0%@729,0%@729,0%@729,0%@729,0%@729] GR3D_FREQ 0% cpu@50.343C soc2@48.562C soc0@50.468C gpu@51C tj@51C soc1@50.343C VDD_IN 5431mW/5535mW VDD_CPU_GPU_CV 479mW/539mW VDD_SOC 2795mW/2816mW
08-04-2026 13:58:37 RAM 1473/7620MB (lfb 96x4MB) SWAP 0/3810MB (cached 0MB) CPU [0%@729,0%@729,0%@729,1%@729,0%@729,0%@729] GR3D_FREQ 0% cpu@50C soc2@48.687C soc0@50.5C gpu@51.031C tj@51.031C soc1@50.125C VDD_IN 5431mW/5535mW VDD_CPU_GPU_CV 479mW/539mW VDD_SOC 2795mW/2816mW
08-04-2026 13:58:38 RAM 1473/7620MB (lfb 96x4MB) SWAP 0/3810MB (cached 0MB) CPU [0%@729,0%@729,0%@729,0%@729,0%@729,0%@729] GR3D_FREQ 0% cpu@49.968C soc2@48.531C soc0@50.375C gpu@51C tj@51C soc1@50.187C VDD_IN 5440mW/5535mW VDD_CPU_GPU_CV 479mW/539mW VDD_SOC 2795mW/2816mW
08-04-2026 13:58:39 RAM 1473/7620MB (lfb 96x4MB) SWAP 0/3810MB (cached 0MB) CPU [1%@729,0%@729,0%@729,0%@729,0%@729,0%@729] GR3D_FREQ 0% cpu@50.218C soc2@48.562C soc0@50.5C gpu@51.062C tj@51.062C soc1@50.25C VDD_IN 5471mW/5535mW VDD_CPU_GPU_CV 519mW/539mW VDD_SOC 2795mW/2816mW
08-04-2026 13:58:40 RAM 1473/7620MB (lfb 96x4MB) SWAP 0/3810MB (cached 0MB) CPU [0%@729,0%@729,0%@729,0%@729,0%@729,0%@729] GR3D_FREQ 0% cpu@49.906C soc2@48.593C soc0@50.531C gpu@50.843C tj@50.843C soc1@50.218C VDD_IN 5431mW/5535mW VDD_CPU_GPU_CV 519mW/539mW VDD_SOC 2795mW/2816mW
08-04-2026 13:58:41 RAM 1473/7620MB (lfb 96x4MB) SWAP 0/3810MB (cached 0MB) CPU [1%@729,0%@729,0%@729,0%@729,0%@729,0%@729] GR3D_FREQ 0% cpu@49.968C soc2@48.625C soc0@50.531C gpu@50.875C tj@50.875C soc1@50.375C VDD_IN 5440mW/5535mW VDD_CPU_GPU_CV 519mW/539mW VDD_SOC 2795mW/2816mW
08-04-2026 13:58:42 RAM 1473/7620MB (lfb 96x4MB) SWAP 0/3810MB (cached 0MB) CPU [0%@729,0%@729,0%@729,0%@729,0%@729,0%@729] GR3D_FREQ 0% cpu@50.031C soc2@48.531C soc0@50.625C gpu@50.875C tj@50.875C soc1@50.218C VDD_IN 5440mW/5535mW VDD_CPU_GPU_CV 479mW/539mW VDD_SOC 2795mW/2816mW
08-04-2026 13:58:43 RAM 1473/7620MB (lfb 96x4MB) SWAP 0/3810MB (cached 0MB) CPU [0%@729,0%@729,0%@729,0%@729,0%@729,0%@729] GR3D_FREQ 0% cpu@50C soc2@48.531C soc0@50.531C gpu@50.875C tj@50.875C soc1@50.156C VDD_IN 5440mW/5535mW VDD_CPU_GPU_CV 519mW/539mW VDD_SOC 2795mW/2816mW
08-04-2026 13:58:44 RAM 1473/7620MB (lfb 96x4MB) SWAP 0/3810MB (cached 0MB) CPU [0%@729,0%@729,0%@729,0%@729,0%@729,0%@729] GR3D_FREQ 0% cpu@50.187C soc2@48.531C soc0@50.468C gpu@50.781C tj@50.781C soc1@50.218C VDD_IN 5480mW/5535mW VDD_CPU_GPU_CV 519mW/539mW VDD_SOC 2795mW/2816mW
08-04-2026 13:58:45 RAM 1473/7620MB (lfb 96x4MB) SWAP 0/3810MB (cached 0MB) CPU [1%@729,0%@729,0%@729,0%@729,0%@729,0%@729] GR3D_FREQ 0% cpu@49.937C soc2@48.625C soc0@50.437C gpu@51.125C tj@51.125C soc1@50.343C VDD_IN 5440mW/5535mW VDD_CPU_GPU_CV 519mW/539mW VDD_SOC 2795mW/2816mW
08-04-2026 13:58:46 RAM 1473/7620MB (lfb 96x4MB) SWAP 0/3810MB (cached 0MB) CPU [1%@729,0%@729,0%@729,0%@729,0%@729,0%@729] GR3D_FREQ 0% cpu@50C soc2@48.593C soc0@50.562C gpu@51.218C tj@51.218C soc1@50.093C VDD_IN 5440mW/5535mW VDD_CPU_GPU_CV 479mW/539mW VDD_SOC 2795mW/2816mW
08-04-2026 13:58:47 RAM 1473/7620MB (lfb 96x4MB) SWAP 0/3810MB (cached 0MB) CPU [1%@729,0%@729,0%@729,0%@729,1%@729,0%@729] GR3D_FREQ 0% cpu@50C soc2@48.531C soc0@50.375C gpu@51.093C tj@51.093C soc1@50.156C VDD_IN 5440mW/5535mW VDD_CPU_GPU_CV 479mW/539mW VDD_SOC 2755mW/2816mW
08-04-2026 13:58:48 RAM 1473/7620MB (lfb 96x4MB) SWAP 0/3810MB (cached 0MB) CPU [1%@729,0%@729,0%@729,0%@729,0%@729,0%@729] GR3D_FREQ 0% cpu@50C soc2@48.562C soc0@50.437C gpu@51.218C tj@51.218C soc1@50.187C VDD_IN 5440mW/5535mW VDD_CPU_GPU_CV 519mW/539mW VDD_SOC 2795mW/2816mW
08-04-2026 13:58:49 RAM 1473/7620MB (lfb 96x4MB) SWAP 0/3810MB (cached 0MB) CPU [0%@729,0%@729,0%@729,0%@729,0%@729,0%@729] GR3D_FREQ 0% cpu@50.187C soc2@48.593C soc0@50.437C gpu@51.156C tj@51.156C soc1@50.25C VDD_IN 5440mW/5535mW VDD_CPU_GPU_CV 519mW/539mW VDD_SOC 2755mW/2816mW
08-04-2026 13:58:50 RAM 1473/7620MB (lfb 96x4MB) SWAP 0/3810MB (cached 0MB) CPU [0%@729,0%@729,0%@729,0%@729,0%@729,0%@729] GR3D_FREQ 0% cpu@49.906C soc2@48.656C soc0@50.562C gpu@50.906C tj@50.906C soc1@50.406C VDD_IN 5431mW/5535mW VDD_CPU_GPU_CV 519mW/539mW VDD_SOC 2795mW/2816mW
08-04-2026 13:58:51 RAM 1473/7620MB (lfb 96x4MB) SWAP 0/3810MB (cached 0MB) CPU [0%@729,0%@729,0%@729,0%@729,0%@729,0%@729] GR3D_FREQ 0% cpu@49.968C soc2@48.562C soc0@50.437C gpu@50.875C tj@50.875C soc1@50.187C VDD_IN 5431mW/5534mW VDD_CPU_GPU_CV 519mW/539mW VDD_SOC 2795mW/2816mW
08-04-2026 13:58:52 RAM 1473/7620MB (lfb 96x4MB) SWAP 0/3810MB (cached 0MB) CPU [1%@729,0%@729,0%@729,0%@729,0%@729,0%@729] GR3D_FREQ 0% cpu@50.062C soc2@48.625C soc0@50.468C gpu@50.906C tj@50.906C soc1@50.25C VDD_IN 5440mW/5534mW VDD_CPU_GPU_CV 519mW/539mW VDD_SOC 2795mW/2816mW
08-04-2026 13:58:53 RAM 1473/7620MB (lfb 96x4MB) SWAP 0/3810MB (cached 0MB) CPU [0%@729,0%@729,0%@729,0%@729,0%@729,0%@729] GR3D_FREQ 0% cpu@49.968C soc2@48.531C soc0@50.468C gpu@50.937C tj@50.937C soc1@50.187C VDD_IN 5440mW/5534mW VDD_CPU_GPU_CV 519mW/539mW VDD_SOC 2755mW/2816mW
08-04-2026 13:58:54 RAM 1473/7620MB (lfb 96x4MB) SWAP 0/3810MB (cached 0MB) CPU [0%@729,0%@729,0%@729,0%@729,0%@729,0%@729] GR3D_FREQ 0% cpu@50.156C soc2@48.656C soc0@50.437C gpu@50.937C tj@50.937C soc1@50.25C VDD_IN 5440mW/5534mW VDD_CPU_GPU_CV 479mW/539mW VDD_SOC 2755mW/2816mW
08-04-2026 13:58:55 RAM 1472/7620MB (lfb 96x4MB) SWAP 0/3810MB (cached 0MB) CPU [0%@729,0%@729,0%@729,0%@729,0%@729,0%@729] GR3D_FREQ 0% cpu@49.906C soc2@48.562C soc0@50.531C gpu@51C tj@51C soc1@50.25C VDD_IN 5480mW/5534mW VDD_CPU_GPU_CV 519mW/539mW VDD_SOC 2795mW/2816mW
08-04-2026 13:58:56 RAM 1472/7620MB (lfb 96x4MB) SWAP 0/3810MB (cached 0MB) CPU [1%@729,0%@729,0%@729,1%@729,0%@729,0%@729] GR3D_FREQ 0% cpu@50C soc2@48.687C soc0@50.468C gpu@50.906C tj@50.906C soc1@50.156C VDD_IN 5440mW/5534mW VDD_CPU_GPU_CV 519mW/539mW VDD_SOC 2755mW/2816mW
08-04-2026 13:58:57 RAM 1472/7620MB (lfb 96x4MB) SWAP 0/3810MB (cached 0MB) CPU [0%@729,0%@729,0%@729,1%@729,0%@729,0%@729] GR3D_FREQ 0% cpu@50.062C soc2@48.531C soc0@50.531C gpu@50.843C tj@50.843C soc1@50.156C VDD_IN 5440mW/5534mW VDD_CPU_GPU_CV 519mW/539mW VDD_SOC 2795mW/2816mW
08-04-2026 13:58:58 RAM 1472/7620MB (lfb 96x4MB) SWAP 0/3810MB (cached 0MB) CPU [0%@729,0%@729,0%@729,0%@729,0%@729,0%@729] GR3D_FREQ 0% cpu@49.968C soc2@48.562C soc0@50.437C gpu@50.75C tj@50.75C soc1@50.25C VDD_IN 5440mW/5534mW VDD_CPU_GPU_CV 519mW/539mW VDD_SOC 2755mW/2816mW
08-04-2026 13:58:59 RAM 1472/7620MB (lfb 96x4MB) SWAP 0/3810MB (cached 0MB) CPU [0%@729,0%@729,0%@729,0%@729,0%@729,0%@729] GR3D_FREQ 0% cpu@50.156C soc2@48.593C soc0@50.5C gpu@50.843C tj@50.843C soc1@50.187C VDD_IN 5440mW/5534mW VDD_CPU_GPU_CV 519mW/539mW VDD_SOC 2755mW/2816mW
08-04-2026 13:59:00 RAM 1472/7620MB (lfb 96x4MB) SWAP 0/3810MB (cached 0MB) CPU [0%@729,0%@729,0%@729,1%@729,0%@729,0%@729] GR3D_FREQ 0% cpu@49.937C soc2@48.625C soc0@50.5C gpu@50.75C tj@50.75C soc1@50.343C VDD_IN 5480mW/5534mW VDD_CPU_GPU_CV 519mW/539mW VDD_SOC 2795mW/2816mW
08-04-2026 13:59:01 RAM 1472/7620MB (lfb 96x4MB) SWAP 0/3810MB (cached 0MB) CPU [0%@729,0%@729,0%@729,0%@729,0%@729,0%@729] GR3D_FREQ 0% cpu@50.031C soc2@48.593C soc0@50.625C gpu@50.812C tj@50.812C soc1@50.093C VDD_IN 5440mW/5534mW VDD_CPU_GPU_CV 519mW/539mW VDD_SOC 2795mW/2816mW
08-04-2026 13:59:02 RAM 1472/7620MB (lfb 96x4MB) SWAP 0/3810MB (cached 0MB) CPU [1%@729,0%@729,0%@729,1%@729,0%@729,0%@729] GR3D_FREQ 0% cpu@50.125C soc2@48.593C soc0@50.562C gpu@50.843C tj@50.843C soc1@50.187C VDD_IN 5480mW/5534mW VDD_CPU_GPU_CV 519mW/539mW VDD_SOC 2795mW/2816mW
08-04-2026 13:59:03 RAM 1472/7620MB (lfb 96x4MB) SWAP 0/3810MB (cached 0MB) CPU [0%@729,0%@729,0%@729,0%@729,0%@729,0%@729] GR3D_FREQ 0% cpu@50.312C soc2@48.562C soc0@50.437C gpu@51.031C tj@51.031C soc1@50.218C VDD_IN 5440mW/5534mW VDD_CPU_GPU_CV 519mW/539mW VDD_SOC 2795mW/2816mW
08-04-2026 13:59:04 RAM 1472/7620MB (lfb 96x4MB) SWAP 0/3810MB (cached 0MB) CPU [0%@729,0%@729,0%@729,1%@729,0%@729,0%@729] GR3D_FREQ 0% cpu@50.156C soc2@48.531C soc0@50.437C gpu@51.031C tj@51.031C soc1@50.343C VDD_IN 5440mW/5534mW VDD_CPU_GPU_CV 479mW/539mW VDD_SOC 2795mW/2816mW
08-04-2026 13:59:05 RAM 1472/7620MB (lfb 96x4MB) SWAP 0/3810MB (cached 0MB) CPU [1%@729,0%@729,0%@729,0%@729,0%@729,0%@729] GR3D_FREQ 0% cpu@49.968C soc2@48.718C soc0@50.593C gpu@51.125C tj@51.125C soc1@50.312C VDD_IN 5480mW/5534mW VDD_CPU_GPU_CV 519mW/539mW VDD_SOC 2795mW/2816mW
08-04-2026 13:59:07 RAM 1472/7620MB (lfb 96x4MB) SWAP 0/3810MB (cached 0MB) CPU [0%@729,0%@729,0%@729,1%@729,0%@729,0%@729] GR3D_FREQ 0% cpu@49.968C soc2@48.562C soc0@50.562C gpu@51.093C tj@51.093C soc1@50.218C VDD_IN 5440mW/5534mW VDD_CPU_GPU_CV 519mW/539mW VDD_SOC 2795mW/2816mW
08-04-2026 13:59:08 RAM 1472/7620MB (lfb 96x4MB) SWAP 0/3810MB (cached 0MB) CPU [0%@729,0%@729,0%@729,0%@729,0%@729,0%@729] GR3D_FREQ 0% cpu@50.062C soc2@48.531C soc0@50.468C gpu@51.093C tj@51.093C soc1@50.218C VDD_IN 5440mW/5534mW VDD_CPU_GPU_CV 479mW/539mW VDD_SOC 2795mW/2816mW
08-04-2026 13:59:09 RAM 1472/7620MB (lfb 96x4MB) SWAP 0/3810MB (cached 0MB) CPU [0%@729,0%@729,0%@729,1%@729,0%@729,0%@729] GR3D_FREQ 0% cpu@50.312C soc2@48.656C soc0@50.5C gpu@50.812C tj@50.812C soc1@50.187C VDD_IN 5440mW/5534mW VDD_CPU_GPU_CV 479mW/538mW VDD_SOC 2755mW/2816mW
08-04-2026 13:59:10 RAM 1472/7620MB (lfb 96x4MB) SWAP 0/3810MB (cached 0MB) CPU [0%@729,0%@729,0%@729,0%@729,0%@729,0%@729] GR3D_FREQ 0% cpu@50.125C soc2@48.593C soc0@50.5C gpu@50.75C tj@50.75C soc1@50.187C VDD_IN 5440mW/5534mW VDD_CPU_GPU_CV 479mW/538mW VDD_SOC 2795mW/2815mW
08-04-2026 13:59:11 RAM 1472/7620MB (lfb 96x4MB) SWAP 0/3810MB (cached 0MB) CPU [0%@729,0%@729,0%@729,0%@729,0%@729,0%@729] GR3D_FREQ 0% cpu@49.937C soc2@48.656C soc0@50.468C gpu@50.937C tj@50.937C soc1@50.343C VDD_IN 5440mW/5533mW VDD_CPU_GPU_CV 479mW/538mW VDD_SOC 2795mW/2815mW
08-04-2026 13:59:12 RAM 1472/7620MB (lfb 96x4MB) SWAP 0/3810MB (cached 0MB) CPU [1%@729,0%@729,0%@729,1%@729,0%@729,0%@729] GR3D_FREQ 0% cpu@50C soc2@48.625C soc0@50.562C gpu@50.843C tj@50.843C soc1@50.218C VDD_IN 5440mW/5533mW VDD_CPU_GPU_CV 519mW/538mW VDD_SOC 2795mW/2815mW
08-04-2026 13:59:13 RAM 1472/7620MB (lfb 96x4MB) SWAP 0/3810MB (cached 0MB) CPU [0%@729,0%@729,0%@729,0%@729,0%@729,0%@729] GR3D_FREQ 0% cpu@50.125C soc2@48.593C soc0@50.437C gpu@50.875C tj@50.875C soc1@50.187C VDD_IN 5440mW/5533mW VDD_CPU_GPU_CV 479mW/538mW VDD_SOC 2795mW/2815mW
08-04-2026 13:59:14 RAM 1472/7620MB (lfb 96x4MB) SWAP 0/3810MB (cached 0MB) CPU [0%@729,0%@729,0%@729,0%@729,0%@729,0%@729] GR3D_FREQ 0% cpu@50.281C soc2@48.562C soc0@50.468C gpu@50.843C tj@50.843C soc1@50.187C VDD_IN 5440mW/5533mW VDD_CPU_GPU_CV 479mW/538mW VDD_SOC 2795mW/2815mW
08-04-2026 13:59:15 RAM 1472/7620MB (lfb 96x4MB) SWAP 0/3810MB (cached 0MB) CPU [1%@729,0%@729,0%@729,1%@729,0%@729,0%@729] GR3D_FREQ 0% cpu@50.156C soc2@48.5C soc0@50.437C gpu@50.968C tj@51.187C soc1@50.218C VDD_IN 5440mW/5533mW VDD_CPU_GPU_CV 479mW/538mW VDD_SOC 2795mW/2815mW
08-04-2026 13:59:16 RAM 1472/7620MB (lfb 96x4MB) SWAP 0/3810MB (cached 0MB) CPU [0%@729,0%@729,0%@729,1%@729,0%@729,0%@729] GR3D_FREQ 0% cpu@49.968C soc2@48.593C soc0@50.5C gpu@51.218C tj@51.218C soc1@50.281C VDD_IN 5520mW/5533mW VDD_CPU_GPU_CV 519mW/538mW VDD_SOC 2795mW/2815mW
08-04-2026 13:59:17 RAM 1472/7620MB (lfb 96x4MB) SWAP 0/3810MB (cached 0MB) CPU [0%@729,0%@729,0%@729,0%@729,0%@729,0%@729] GR3D_FREQ 0% cpu@50C soc2@48.531C soc0@50.531C gpu@51.187C tj@51.187C soc1@50.187C VDD_IN 5440mW/5533mW VDD_CPU_GPU_CV 479mW/538mW VDD_SOC 2795mW/2815mW
08-04-2026 13:59:18 RAM 1472/7620MB (lfb 96x4MB) SWAP 0/3810MB (cached 0MB) CPU [0%@729,0%@729,0%@729,0%@729,0%@729,0%@729] GR3D_FREQ 0% cpu@50.062C soc2@48.531C soc0@50.375C gpu@51.218C tj@51.218C soc1@50.187C VDD_IN 5440mW/5533mW VDD_CPU_GPU_CV 479mW/538mW VDD_SOC 2755mW/2815mW
08-04-2026 13:59:19 RAM 1472/7620MB (lfb 96x4MB) SWAP 0/3810MB (cached 0MB) CPU [1%@729,0%@729,0%@729,1%@729,0%@729,0%@729] GR3D_FREQ 0% cpu@50.281C soc2@48.625C soc0@50.531C gpu@51.218C tj@51.218C soc1@50.187C VDD_IN 5440mW/5533mW VDD_CPU_GPU_CV 479mW/538mW VDD_SOC 2795mW/2815mW
08-04-2026 13:59:20 RAM 1472/7620MB (lfb 96x4MB) SWAP 0/3810MB (cached 0MB) CPU [1%@729,0%@729,0%@729,0%@729,1%@729,1%@729] GR3D_FREQ 0% cpu@50.187C soc2@48.562C soc0@50.468C gpu@50.75C tj@50.75C soc1@50.25C VDD_IN 5440mW/5533mW VDD_CPU_GPU_CV 479mW/538mW VDD_SOC 2795mW/2815mW
08-04-2026 13:59:21 RAM 1503/7620MB (lfb 96x4MB) SWAP 0/3810MB (cached 0MB) CPU [50%@1728,7%@1728,7%@1728,7%@1728,7%@729,6%@729] GR3D_FREQ 0% cpu@50.625C soc2@48.968C soc0@50.531C gpu@50.937C tj@50.937C soc1@50.343C VDD_IN 6880mW/5534mW VDD_CPU_GPU_CV 1317mW/539mW VDD_SOC 3115mW/2816mW
08-04-2026 13:59:22 RAM 1689/7620MB (lfb 96x4MB) SWAP 0/3810MB (cached 0MB) CPU [100%@1728,7%@1728,6%@1728,6%@1728,7%@729,6%@729] GR3D_FREQ 0% cpu@50.906C soc2@49.156C soc0@50.687C gpu@51.156C tj@51.156C soc1@50.281C VDD_IN 7480mW/5535mW VDD_CPU_GPU_CV 1557mW/539mW VDD_SOC 3274mW/2816mW
08-04-2026 13:59:23 RAM 1723/7620MB (lfb 96x4MB) SWAP 0/3810MB (cached 0MB) CPU [100%@1728,0%@1728,0%@1728,0%@1728,0%@729,0%@729] GR3D_FREQ 0% cpu@50.937C soc2@49.062C soc0@50.656C gpu@51.187C tj@51.312C soc1@50.375C VDD_IN 7400mW/5536mW VDD_CPU_GPU_CV 1517mW/540mW VDD_SOC 3314mW/2816mW
08-04-2026 13:59:24 RAM 1750/7620MB (lfb 96x4MB) SWAP 0/3810MB (cached 0MB) CPU [100%@1728,0%@1728,1%@1728,0%@1728,0%@729,0%@729] GR3D_FREQ 0% cpu@50.937C soc2@49.062C soc0@50.625C gpu@51.437C tj@51.437C soc1@50.468C VDD_IN 7440mW/5537mW VDD_CPU_GPU_CV 1517mW/540mW VDD_SOC 3314mW/2816mW
08-04-2026 13:59:25 RAM 1761/7620MB (lfb 96x4MB) SWAP 0/3810MB (cached 0MB) CPU [100%@1728,0%@1728,0%@1728,0%@1728,0%@729,0%@729] GR3D_FREQ 0% cpu@51C soc2@49.156C soc0@50.625C gpu@51.406C tj@51.406C soc1@50.468C VDD_IN 7360mW/5539mW VDD_CPU_GPU_CV 1238mW/541mW VDD_SOC 3394mW/2817mW
08-04-2026 13:59:26 RAM 1471/7620MB (lfb 96x4MB) SWAP 0/3810MB (cached 0MB) CPU [23%@729,1%@729,1%@729,0%@729,1%@729,0%@729] GR3D_FREQ 0% cpu@50.218C soc2@48.906C soc0@50.843C gpu@51.312C tj@51.312C soc1@50.562C VDD_IN 5920mW/5539mW VDD_CPU_GPU_CV 638mW/541mW VDD_SOC 2915mW/2817mW
08-04-2026 13:59:27 RAM 1471/7620MB (lfb 96x4MB) SWAP 0/3810MB (cached 0MB) CPU [1%@729,1%@729,0%@729,1%@729,0%@729,0%@729] GR3D_FREQ 0% cpu@50.187C soc2@48.812C soc0@50.718C gpu@51.343C tj@51.343C soc1@50.437C VDD_IN 5520mW/5539mW VDD_CPU_GPU_CV 519mW/541mW VDD_SOC 2795mW/2817mW
08-04-2026 13:59:28 RAM 1471/7620MB (lfb 96x4MB) SWAP 0/3810MB (cached 0MB) CPU [0%@729,0%@729,0%@729,1%@729,0%@729,0%@729] GR3D_FREQ 0% cpu@50.25C soc2@48.718C soc0@50.625C gpu@51.218C tj@51.218C soc1@50.406C VDD_IN 5440mW/5539mW VDD_CPU_GPU_CV 479mW/541mW VDD_SOC 2795mW/2817mW
08-04-2026 13:59:29 RAM 1471/7620MB (lfb 96x4MB) SWAP 0/3810MB (cached 0MB) CPU [0%@729,0%@729,0%@729,0%@729,0%@729,0%@729] GR3D_FREQ 0% cpu@50.468C soc2@48.718C soc0@50.656C gpu@51.125C tj@51.125C soc1@50.468C VDD_IN 5440mW/5539mW VDD_CPU_GPU_CV 519mW/541mW VDD_SOC 2795mW/2817mW
08-04-2026 13:59:30 RAM 1471/7620MB (lfb 96x4MB) SWAP 0/3810MB (cached 0MB) CPU [0%@729,0%@729,0%@729,0%@729,0%@729,0%@729] GR3D_FREQ 0% cpu@50.218C soc2@48.812C soc0@50.718C gpu@51.062C tj@51.062C soc1@50.437C VDD_IN 5440mW/5539mW VDD_CPU_GPU_CV 479mW/541mW VDD_SOC 2795mW/2817mW
08-04-2026 13:59:31 RAM 1471/7620MB (lfb 96x4MB) SWAP 0/3810MB (cached 0MB) CPU [0%@729,0%@729,0%@729,0%@729,0%@729,0%@729] GR3D_FREQ 0% cpu@50.125C soc2@48.812C soc0@50.687C gpu@51.093C tj@51.093C soc1@50.375C VDD_IN 5440mW/5538mW VDD_CPU_GPU_CV 479mW/541mW VDD_SOC 2795mW/2817mW
08-04-2026 13:59:32 RAM 1471/7620MB (lfb 96x4MB) SWAP 0/3810MB (cached 0MB) CPU [0%@729,0%@729,0%@729,0%@729,0%@1728,0%@1728] GR3D_FREQ 0% cpu@50.187C soc2@48.781C soc0@50.781C gpu@51.125C tj@51.125C soc1@50.281C VDD_IN 5480mW/5538mW VDD_CPU_GPU_CV 519mW/541mW VDD_SOC 2795mW/2817mW
08-04-2026 13:59:33 RAM 1471/7620MB (lfb 96x4MB) SWAP 0/3810MB (cached 0MB) CPU [0%@729,0%@729,0%@729,0%@729,0%@729,0%@729] GR3D_FREQ 0% cpu@50.218C soc2@48.718C soc0@50.625C gpu@51.062C tj@51.062C soc1@50.406C VDD_IN 5440mW/5538mW VDD_CPU_GPU_CV 519mW/541mW VDD_SOC 2795mW/2817mW
08-04-2026 13:59:34 RAM 1471/7620MB (lfb 96x4MB) SWAP 0/3810MB (cached 0MB) CPU [0%@729,0%@729,0%@729,1%@729,0%@729,0%@729] GR3D_FREQ 0% cpu@50.437C soc2@48.843C soc0@50.625C gpu@51.281C tj@51.281C soc1@50.437C VDD_IN 5440mW/5538mW VDD_CPU_GPU_CV 479mW/541mW VDD_SOC 2795mW/2817mW
08-04-2026 13:59:35 RAM 1471/7620MB (lfb 96x4MB) SWAP 0/3810MB (cached 0MB) CPU [0%@729,0%@729,0%@729,0%@729,0%@729,0%@729] GR3D_FREQ 0% cpu@50.25C soc2@48.75C soc0@50.687C gpu@51.312C tj@51.312C soc1@50.468C VDD_IN 5440mW/5538mW VDD_CPU_GPU_CV 479mW/541mW VDD_SOC 2795mW/2817mW
08-04-2026 13:59:36 RAM 1471/7620MB (lfb 96x4MB) SWAP 0/3810MB (cached 0MB) CPU [1%@729,0%@729,0%@729,0%@729,0%@729,0%@729] GR3D_FREQ 0% cpu@50.093C soc2@48.843C soc0@50.687C gpu@51.343C tj@51.343C soc1@50.343C VDD_IN 5440mW/5538mW VDD_CPU_GPU_CV 519mW/541mW VDD_SOC 2795mW/2817mW
08-04-2026 13:59:37 RAM 1471/7620MB (lfb 96x4MB) SWAP 0/3810MB (cached 0MB) CPU [0%@729,0%@729,0%@729,1%@729,0%@729,0%@729] GR3D_FREQ 0% cpu@50.187C soc2@48.781C soc0@50.812C gpu@51.437C tj@51.437C soc1@50.312C VDD_IN 5440mW/5538mW VDD_CPU_GPU_CV 479mW/541mW VDD_SOC 2795mW/2817mW
08-04-2026 13:59:38 RAM 1471/7620MB (lfb 96x4MB) SWAP 0/3810MB (cached 0MB) CPU [0%@729,0%@729,0%@729,0%@729,0%@729,0%@729] GR3D_FREQ 0% cpu@50.281C soc2@48.75C soc0@50.656C gpu@51.406C tj@51.406C soc1@50.406C VDD_IN 5431mW/5538mW VDD_CPU_GPU_CV 519mW/541mW VDD_SOC 2795mW/2817mW
08-04-2026 13:59:39 RAM 1471/7620MB (lfb 96x4MB) SWAP 0/3810MB (cached 0MB) CPU [0%@729,0%@729,0%@729,0%@729,0%@729,0%@729] GR3D_FREQ 0% cpu@50.375C soc2@48.812C soc0@50.75C gpu@51.125C tj@51.125C soc1@50.437C VDD_IN 5440mW/5538mW VDD_CPU_GPU_CV 479mW/541mW VDD_SOC 2795mW/2817mW
08-04-2026 13:59:40 RAM 1471/7620MB (lfb 96x4MB) SWAP 0/3810MB (cached 0MB) CPU [0%@729,0%@729,0%@729,0%@729,0%@729,0%@729] GR3D_FREQ 0% cpu@50.281C soc2@48.812C soc0@50.812C gpu@51.125C tj@51.125C soc1@50.625C VDD_IN 5440mW/5538mW VDD_CPU_GPU_CV 479mW/541mW VDD_SOC 2795mW/2817mW
08-04-2026 13:59:41 RAM 1471/7620MB (lfb 96x4MB) SWAP 0/3810MB (cached 0MB) CPU [1%@729,0%@729,0%@729,0%@729,0%@729,0%@729] GR3D_FREQ 0% cpu@50.093C soc2@48.937C soc0@50.75C gpu@51.125C tj@51.125C soc1@50.343C VDD_IN 5440mW/5538mW VDD_CPU_GPU_CV 519mW/541mW VDD_SOC 2795mW/2817mW
08-04-2026 13:59:42 RAM 1471/7620MB (lfb 96x4MB) SWAP 0/3810MB (cached 0MB) CPU [0%@729,0%@729,0%@729,0%@729,0%@729,0%@729] GR3D_FREQ 0% cpu@50.156C soc2@48.718C soc0@50.843C gpu@51.187C tj@51.187C soc1@50.375C VDD_IN 5440mW/5538mW VDD_CPU_GPU_CV 479mW/541mW VDD_SOC 2795mW/2817mW
08-04-2026 13:59:43 RAM 1471/7620MB (lfb 96x4MB) SWAP 0/3810MB (cached 0MB) CPU [0%@729,0%@729,1%@729,0%@729,0%@729,0%@729] GR3D_FREQ 0% cpu@50.25C soc2@48.812C soc0@50.718C gpu@51.156C tj@51.156C soc1@50.468C VDD_IN 5440mW/5538mW VDD_CPU_GPU_CV 479mW/540mW VDD_SOC 2795mW/2817mW
08-04-2026 13:59:44 RAM 1471/7620MB (lfb 96x4MB) SWAP 0/3810MB (cached 0MB) CPU [0%@729,0%@729,0%@729,0%@729,1%@729,0%@729] GR3D_FREQ 0% cpu@50.406C soc2@48.812C soc0@50.718C gpu@51.218C tj@51.218C soc1@50.468C VDD_IN 5440mW/5538mW VDD_CPU_GPU_CV 519mW/540mW VDD_SOC 2795mW/2817mW
08-04-2026 13:59:45 RAM 1471/7620MB (lfb 96x4MB) SWAP 0/3810MB (cached 0MB) CPU [0%@729,0%@729,0%@729,0%@729,0%@729,0%@729] GR3D_FREQ 0% cpu@50.312C soc2@48.812C soc0@50.625C gpu@51.218C tj@51.218C soc1@50.562C VDD_IN 5440mW/5538mW VDD_CPU_GPU_CV 479mW/540mW VDD_SOC 2795mW/2817mW
08-04-2026 13:59:46 RAM 1471/7620MB (lfb 96x4MB) SWAP 0/3810MB (cached 0MB) CPU [0%@729,0%@729,0%@729,0%@729,0%@729,0%@729] GR3D_FREQ 0% cpu@50.093C soc2@48.875C soc0@50.687C gpu@51.062C tj@51.062C soc1@50.375C VDD_IN 5440mW/5538mW VDD_CPU_GPU_CV 479mW/540mW VDD_SOC 2795mW/2817mW
08-04-2026 13:59:47 RAM 1471/7620MB (lfb 96x4MB) SWAP 0/3810MB (cached 0MB) CPU [0%@729,0%@729,0%@729,0%@729,0%@729,0%@729] GR3D_FREQ 0% cpu@50.187C soc2@48.75C soc0@50.843C gpu@51.062C tj@51.062C soc1@50.468C VDD_IN 5440mW/5538mW VDD_CPU_GPU_CV 479mW/540mW VDD_SOC 2795mW/2817mW
08-04-2026 13:59:48 RAM 1471/7620MB (lfb 96x4MB) SWAP 0/3810MB (cached 0MB) CPU [0%@729,0%@729,0%@729,0%@729,0%@729,0%@729] GR3D_FREQ 0% cpu@50.312C soc2@48.75C soc0@50.718C gpu@51.031C tj@51.031C soc1@50.468C VDD_IN 5440mW/5537mW VDD_CPU_GPU_CV 519mW/540mW VDD_SOC 2795mW/2817mW
08-04-2026 13:59:49 RAM 1471/7620MB (lfb 96x4MB) SWAP 0/3810MB (cached 0MB) CPU [0%@729,0%@729,0%@729,0%@729,0%@729,0%@729] GR3D_FREQ 0% cpu@50.343C soc2@48.812C soc0@50.75C gpu@51.125C tj@51.125C soc1@50.437C VDD_IN 5440mW/5537mW VDD_CPU_GPU_CV 479mW/540mW VDD_SOC 2795mW/2817mW
08-04-2026 13:59:50 RAM 1471/7620MB (lfb 96x4MB) SWAP 0/3810MB (cached 0MB) CPU [0%@729,0%@729,0%@729,0%@729,0%@729,0%@729] GR3D_FREQ 0% cpu@50.25C soc2@48.875C soc0@50.718C gpu@51.093C tj@51.093C soc1@50.531C VDD_IN 5440mW/5537mW VDD_CPU_GPU_CV 479mW/540mW VDD_SOC 2795mW/2817mW
08-04-2026 13:59:51 RAM 1471/7620MB (lfb 96x4MB) SWAP 0/3810MB (cached 0MB) CPU [1%@729,0%@729,0%@729,0%@729,0%@729,0%@729] GR3D_FREQ 0% cpu@50.187C soc2@48.843C soc0@50.75C gpu@51.125C tj@51.125C soc1@50.593C VDD_IN 5440mW/5537mW VDD_CPU_GPU_CV 479mW/540mW VDD_SOC 2795mW/2817mW
08-04-2026 13:59:52 RAM 1471/7620MB (lfb 96x4MB) SWAP 0/3810MB (cached 0MB) CPU [0%@729,0%@729,0%@729,0%@729,0%@729,0%@729] GR3D_FREQ 0% cpu@50.25C soc2@48.812C soc0@50.843C gpu@51.218C tj@51.218C soc1@50.343C VDD_IN 5440mW/5537mW VDD_CPU_GPU_CV 479mW/540mW VDD_SOC 2795mW/2817mW
08-04-2026 13:59:53 RAM 1471/7620MB (lfb 96x4MB) SWAP 0/3810MB (cached 0MB) CPU [0%@729,0%@729,1%@729,0%@729,0%@729,0%@729] GR3D_FREQ 0% cpu@50.25C soc2@48.781C soc0@50.718C gpu@51.281C tj@51.281C soc1@50.468C VDD_IN 5440mW/5537mW VDD_CPU_GPU_CV 519mW/540mW VDD_SOC 2795mW/2816mW
08-04-2026 13:59:54 RAM 1471/7620MB (lfb 96x4MB) SWAP 0/3810MB (cached 0MB) CPU [0%@729,0%@729,0%@729,0%@729,0%@729,0%@729] GR3D_FREQ 0% cpu@50.468C soc2@48.75C soc0@50.75C gpu@51.312C tj@51.312C soc1@50.531C VDD_IN 5440mW/5537mW VDD_CPU_GPU_CV 479mW/540mW VDD_SOC 2795mW/2816mW
08-04-2026 13:59:55 RAM 1471/7620MB (lfb 96x4MB) SWAP 0/3810MB (cached 0MB) CPU [0%@729,0%@729,1%@729,0%@729,0%@729,0%@729] GR3D_FREQ 0% cpu@50.25C soc2@48.968C soc0@50.687C gpu@51.343C tj@51.343C soc1@50.562C VDD_IN 5440mW/5537mW VDD_CPU_GPU_CV 479mW/540mW VDD_SOC 2795mW/2816mW
08-04-2026 13:59:56 RAM 1471/7620MB (lfb 96x4MB) SWAP 0/3810MB (cached 0MB) CPU [0%@729,0%@729,1%@729,0%@729,0%@729,0%@729] GR3D_FREQ 0% cpu@50.218C soc2@48.812C soc0@50.843C gpu@51.468C tj@51.468C soc1@50.593C VDD_IN 5440mW/5537mW VDD_CPU_GPU_CV 479mW/540mW VDD_SOC 2795mW/2816mW
08-04-2026 13:59:57 RAM 1471/7620MB (lfb 96x4MB) SWAP 0/3810MB (cached 0MB) CPU [1%@729,0%@729,1%@729,0%@729,0%@729,0%@729] GR3D_FREQ 0% cpu@50.156C soc2@48.843C soc0@50.843C gpu@51.375C tj@51.375C soc1@50.5C VDD_IN 5440mW/5537mW VDD_CPU_GPU_CV 519mW/540mW VDD_SOC 2795mW/2816mW
08-04-2026 13:59:58 RAM 1471/7620MB (lfb 96x4MB) SWAP 0/3810MB (cached 0MB) CPU [0%@729,0%@729,0%@729,0%@729,0%@729,0%@729] GR3D_FREQ 0% cpu@50.312C soc2@48.781C soc0@50.718C gpu@51.343C tj@51.343C soc1@50.468C VDD_IN 5520mW/5537mW VDD_CPU_GPU_CV 519mW/540mW VDD_SOC 2795mW/2816mW
08-04-2026 13:59:59 RAM 1471/7620MB (lfb 96x4MB) SWAP 0/3810MB (cached 0MB) CPU [0%@729,0%@729,0%@729,0%@729,0%@729,0%@729] GR3D_FREQ 0% cpu@50.593C soc2@48.875C soc0@50.718C gpu@51.187C tj@51.187C soc1@50.5C VDD_IN 5480mW/5537mW VDD_CPU_GPU_CV 519mW/540mW VDD_SOC 2795mW/2816mW
08-04-2026 14:00:00 RAM 1471/7620MB (lfb 96x4MB) SWAP 0/3810MB (cached 0MB) CPU [1%@729,0%@729,0%@729,0%@729,0%@729,0%@729] GR3D_FREQ 0% cpu@50.187C soc2@48.906C soc0@50.812C gpu@51.218C tj@51.218C soc1@50.593C VDD_IN 5440mW/5537mW VDD_CPU_GPU_CV 519mW/540mW VDD_SOC 2795mW/2816mW
08-04-2026 14:00:01 RAM 1471/7620MB (lfb 96x4MB) SWAP 0/3810MB (cached 0MB) CPU [0%@729,0%@729,0%@729,0%@729,0%@729,0%@729] GR3D_FREQ 0% cpu@50.25C soc2@48.875C soc0@50.875C gpu@51.093C tj@51.093C soc1@50.687C VDD_IN 5440mW/5537mW VDD_CPU_GPU_CV 479mW/540mW VDD_SOC 2795mW/2816mW
08-04-2026 14:00:02 RAM 1471/7620MB (lfb 96x4MB) SWAP 0/3810MB (cached 0MB) CPU [0%@729,0%@729,0%@729,0%@729,0%@729,0%@729] GR3D_FREQ 0% cpu@50.156C soc2@48.843C soc0@50.937C gpu@51.218C tj@51.218C soc1@50.468C VDD_IN 5440mW/5537mW VDD_CPU_GPU_CV 479mW/540mW VDD_SOC 2795mW/2816mW
08-04-2026 14:00:03 RAM 1471/7620MB (lfb 96x4MB) SWAP 0/3810MB (cached 0MB) CPU [0%@729,0%@729,0%@729,1%@729,0%@729,0%@729] GR3D_FREQ 0% cpu@50.343C soc2@48.843C soc0@50.75C gpu@51.156C tj@51.156C soc1@50.437C VDD_IN 5480mW/5537mW VDD_CPU_GPU_CV 519mW/540mW VDD_SOC 2795mW/2816mW
08-04-2026 14:00:04 RAM 1471/7620MB (lfb 96x4MB) SWAP 0/3810MB (cached 0MB) CPU [0%@729,0%@729,0%@729,0%@729,0%@729,0%@729] GR3D_FREQ 0% cpu@50.406C soc2@48.875C soc0@50.718C gpu@51.562C tj@51.562C soc1@50.562C VDD_IN 5440mW/5537mW VDD_CPU_GPU_CV 479mW/540mW VDD_SOC 2795mW/2816mW
08-04-2026 14:00:05 RAM 1471/7620MB (lfb 96x4MB) SWAP 0/3810MB (cached 0MB) CPU [0%@729,0%@729,0%@729,0%@729,0%@729,0%@729] GR3D_FREQ 0% cpu@50.125C soc2@48.968C soc0@50.718C gpu@51.593C tj@51.593C soc1@50.593C VDD_IN 5440mW/5537mW VDD_CPU_GPU_CV 479mW/540mW VDD_SOC 2795mW/2816mW
08-04-2026 14:00:06 RAM 1471/7620MB (lfb 96x4MB) SWAP 0/3810MB (cached 0MB) CPU [0%@729,0%@729,0%@729,0%@729,0%@729,0%@729] GR3D_FREQ 0% cpu@50.312C soc2@48.843C soc0@50.812C gpu@51.593C tj@51.593C soc1@50.437C VDD_IN 5440mW/5537mW VDD_CPU_GPU_CV 479mW/540mW VDD_SOC 2795mW/2816mW
08-04-2026 14:00:07 RAM 1471/7620MB (lfb 96x4MB) SWAP 0/3810MB (cached 0MB) CPU [1%@729,0%@729,0%@729,2%@729,0%@729,0%@729] GR3D_FREQ 0% cpu@50.531C soc2@48.843C soc0@50.656C gpu@51.125C tj@51.218C soc1@50.468C VDD_IN 5440mW/5536mW VDD_CPU_GPU_CV 479mW/540mW VDD_SOC 2795mW/2816mW
08-04-2026 14:00:08 RAM 1471/7620MB (lfb 96x4MB) SWAP 0/3810MB (cached 0MB) CPU [0%@729,0%@729,0%@729,0%@729,1%@729,0%@729] GR3D_FREQ 0% cpu@50.25C soc2@48.843C soc0@50.843C gpu@51.281C tj@51.281C soc1@50.531C VDD_IN 5440mW/5536mW VDD_CPU_GPU_CV 519mW/540mW VDD_SOC 2795mW/2816mW
08-04-2026 14:00:09 RAM 1471/7620MB (lfb 96x4MB) SWAP 0/3810MB (cached 0MB) CPU [0%@729,0%@729,0%@729,0%@729,0%@729,0%@729] GR3D_FREQ 0% cpu@50.5C soc2@48.968C soc0@50.718C gpu@51.312C tj@51.312C soc1@50.625C VDD_IN 5440mW/5536mW VDD_CPU_GPU_CV 519mW/540mW VDD_SOC 2795mW/2816mW
08-04-2026 14:00:10 RAM 1471/7620MB (lfb 96x4MB) SWAP 0/3810MB (cached 0MB) CPU [0%@729,0%@729,0%@729,0%@729,0%@729,0%@729] GR3D_FREQ 0% cpu@50.281C soc2@48.875C soc0@50.875C gpu@51.281C tj@51.281C soc1@50.687C VDD_IN 5440mW/5536mW VDD_CPU_GPU_CV 479mW/540mW VDD_SOC 2795mW/2816mW
08-04-2026 14:00:11 RAM 1471/7620MB (lfb 96x4MB) SWAP 0/3810MB (cached 0MB) CPU [1%@729,0%@729,1%@729,0%@729,0%@729,0%@729] GR3D_FREQ 0% cpu@50.312C soc2@48.843C soc0@50.875C gpu@51.156C tj@51.156C soc1@50.5C VDD_IN 5440mW/5536mW VDD_CPU_GPU_CV 479mW/540mW VDD_SOC 2795mW/2816mW
08-04-2026 14:00:12 RAM 1471/7620MB (lfb 96x4MB) SWAP 0/3810MB (cached 0MB) CPU [0%@729,0%@729,1%@729,0%@729,0%@729,0%@729] GR3D_FREQ 0% cpu@50.437C soc2@48.875C soc0@50.812C gpu@51.156C tj@51.156C soc1@50.5C VDD_IN 5440mW/5536mW VDD_CPU_GPU_CV 479mW/540mW VDD_SOC 2795mW/2816mW
08-04-2026 14:00:13 RAM 1475/7620MB (lfb 96x4MB) SWAP 0/3810MB (cached 0MB) CPU [0%@729,0%@729,0%@729,0%@729,0%@729,0%@729] GR3D_FREQ 0% cpu@50.187C soc2@48.937C soc0@50.75C gpu@51.093C tj@51.093C soc1@50.593C VDD_IN 5440mW/5536mW VDD_CPU_GPU_CV 479mW/540mW VDD_SOC 2795mW/2816mW
08-04-2026 14:00:14 RAM 1473/7620MB (lfb 96x4MB) SWAP 0/3810MB (cached 0MB) CPU [0%@729,0%@729,0%@729,0%@729,0%@729,0%@729] GR3D_FREQ 0% cpu@50.281C soc2@48.968C soc0@50.812C gpu@51.125C tj@51.125C soc1@50.687C VDD_IN 5480mW/5536mW VDD_CPU_GPU_CV 519mW/540mW VDD_SOC 2795mW/2816mW
08-04-2026 14:00:15 RAM 1473/7620MB (lfb 96x4MB) SWAP 0/3810MB (cached 0MB) CPU [1%@729,0%@729,0%@729,0%@729,0%@729,1%@729] GR3D_FREQ 0% cpu@50.343C soc2@48.875C soc0@50.968C gpu@51.343C tj@51.343C soc1@50.593C VDD_IN 5440mW/5536mW VDD_CPU_GPU_CV 479mW/540mW VDD_SOC 2795mW/2816mW
08-04-2026 14:00:16 RAM 1473/7620MB (lfb 96x4MB) SWAP 0/3810MB (cached 0MB) CPU [0%@729,0%@729,0%@729,1%@729,0%@729,0%@729] GR3D_FREQ 0% cpu@50.468C soc2@48.875C soc0@50.781C gpu@51.406C tj@51.406C soc1@50.562C VDD_IN 5440mW/5536mW VDD_CPU_GPU_CV 479mW/540mW VDD_SOC 2795mW/2816mW
08-04-2026 14:00:17 RAM 1473/7620MB (lfb 96x4MB) SWAP 0/3810MB (cached 0MB) CPU [0%@729,0%@729,0%@729,0%@729,0%@729,0%@729] GR3D_FREQ 0% cpu@50.406C soc2@48.781C soc0@50.812C gpu@51.375C tj@51.375C soc1@50.562C VDD_IN 5440mW/5536mW VDD_CPU_GPU_CV 479mW/540mW VDD_SOC 2795mW/2816mW
08-04-2026 14:00:18 RAM 1473/7620MB (lfb 96x4MB) SWAP 0/3810MB (cached 0MB) CPU [0%@729,0%@729,1%@729,0%@729,0%@729,0%@729] GR3D_FREQ 0% cpu@50.156C soc2@48.875C soc0@50.843C gpu@51.343C tj@51.343C soc1@50.656C VDD_IN 5440mW/5536mW VDD_CPU_GPU_CV 479mW/539mW VDD_SOC 2795mW/2816mW
08-04-2026 14:00:19 RAM 1473/7620MB (lfb 96x4MB) SWAP 0/3810MB (cached 0MB) CPU [1%@729,0%@729,0%@729,0%@729,0%@729,0%@729] GR3D_FREQ 0% cpu@50.187C soc2@49C soc0@50.875C gpu@51.406C tj@51.406C soc1@50.5C VDD_IN 5480mW/5536mW VDD_CPU_GPU_CV 519mW/539mW VDD_SOC 2795mW/2816mW
08-04-2026 14:00:20 RAM 1473/7620MB (lfb 96x4MB) SWAP 0/3810MB (cached 0MB) CPU [0%@729,0%@729,0%@729,0%@729,0%@729,0%@729] GR3D_FREQ 0% cpu@50.375C soc2@48.906C soc0@50.875C gpu@51.218C tj@51.218C soc1@50.437C VDD_IN 5440mW/5536mW VDD_CPU_GPU_CV 519mW/539mW VDD_SOC 2795mW/2816mW
08-04-2026 14:00:21 RAM 1473/7620MB (lfb 96x4MB) SWAP 0/3810MB (cached 0MB) CPU [1%@729,0%@729,0%@729,0%@729,0%@729,0%@729] GR3D_FREQ 0% cpu@50.5C soc2@48.875C soc0@50.843C gpu@51.218C tj@51.218C soc1@50.562C VDD_IN 5440mW/5536mW VDD_CPU_GPU_CV 479mW/539mW VDD_SOC 2795mW/2816mW
08-04-2026 14:00:22 RAM 1473/7620MB (lfb 96x4MB) SWAP 0/3810MB (cached 0MB) CPU [0%@729,0%@729,0%@729,0%@729,0%@729,0%@729] GR3D_FREQ 0% cpu@50.406C soc2@48.906C soc0@50.718C gpu@51.187C tj@51.187C soc1@50.562C VDD_IN 5440mW/5536mW VDD_CPU_GPU_CV 479mW/539mW VDD_SOC 2795mW/2816mW
08-04-2026 14:00:23 RAM 1473/7620MB (lfb 96x4MB) SWAP 0/3810MB (cached 0MB) CPU [1%@729,0%@729,0%@729,1%@729,0%@729,0%@729] GR3D_FREQ 0% cpu@50.218C soc2@48.875C soc0@50.875C gpu@51.187C tj@51.187C soc1@50.687C VDD_IN 5440mW/5536mW VDD_CPU_GPU_CV 479mW/539mW VDD_SOC 2795mW/2816mW
08-04-2026 14:00:24 RAM 1473/7620MB (lfb 96x4MB) SWAP 0/3810MB (cached 0MB) CPU [1%@729,0%@729,0%@729,0%@729,0%@729,0%@729] GR3D_FREQ 0% cpu@50.281C soc2@48.875C soc0@50.875C gpu@51.156C tj@51.156C soc1@50.468C VDD_IN 5480mW/5536mW VDD_CPU_GPU_CV 479mW/539mW VDD_SOC 2795mW/2816mW
08-04-2026 14:00:25 RAM 1473/7620MB (lfb 96x4MB) SWAP 0/3810MB (cached 0MB) CPU [0%@729,0%@729,0%@729,0%@729,0%@729,0%@729] GR3D_FREQ 0% cpu@50.406C soc2@48.843C soc0@50.781C gpu@51.218C tj@51.531C soc1@50.562C VDD_IN 5440mW/5535mW VDD_CPU_GPU_CV 479mW/539mW VDD_SOC 2795mW/2816mW
08-04-2026 14:00:26 RAM 1473/7620MB (lfb 96x4MB) SWAP 0/3810MB (cached 0MB) CPU [0%@729,0%@729,0%@729,0%@729,0%@729,0%@729] GR3D_FREQ 0% cpu@50.562C soc2@48.906C soc0@50.812C gpu@51.562C tj@51.562C soc1@50.625C VDD_IN 5440mW/5535mW VDD_CPU_GPU_CV 479mW/539mW VDD_SOC 2795mW/2816mW
08-04-2026 14:00:27 RAM 1473/7620MB (lfb 96x4MB) SWAP 0/3810MB (cached 0MB) CPU [0%@729,0%@729,0%@729,0%@729,0%@729,0%@729] GR3D_FREQ 0% cpu@50.343C soc2@48.875C soc0@50.718C gpu@51.562C tj@51.562C soc1@50.656C VDD_IN 5440mW/5535mW VDD_CPU_GPU_CV 479mW/539mW VDD_SOC 2795mW/2816mW
08-04-2026 14:00:28 RAM 1473/7620MB (lfb 96x4MB) SWAP 0/3810MB (cached 0MB) CPU [0%@729,0%@729,0%@729,0%@729,0%@729,0%@729] GR3D_FREQ 0% cpu@50.281C soc2@49C soc0@50.843C gpu@51.625C tj@51.625C soc1@50.687C VDD_IN 5440mW/5535mW VDD_CPU_GPU_CV 479mW/539mW VDD_SOC 2795mW/2816mW
08-04-2026 14:00:29 RAM 1473/7620MB (lfb 96x4MB) SWAP 0/3810MB (cached 0MB) CPU [0%@729,0%@729,0%@729,0%@729,0%@1728,0%@1728] GR3D_FREQ 0% cpu@50.406C soc2@48.937C soc0@50.843C gpu@51.656C tj@51.656C soc1@50.562C VDD_IN 5640mW/5535mW VDD_CPU_GPU_CV 559mW/539mW VDD_SOC 2875mW/2816mW
08-04-2026 14:00:30 RAM 1473/7620MB (lfb 96x4MB) SWAP 0/3810MB (cached 0MB) CPU [0%@729,1%@729,0%@729,0%@729,0%@729,0%@729] GR3D_FREQ 0% cpu@50.406C soc2@48.937C soc0@50.843C gpu@51.656C tj@51.656C soc1@50.531C VDD_IN 5480mW/5535mW VDD_CPU_GPU_CV 479mW/539mW VDD_SOC 2795mW/2816mW
08-04-2026 14:00:31 RAM 1473/7620MB (lfb 96x4MB) SWAP 0/3810MB (cached 0MB) CPU [0%@729,2%@729,0%@729,0%@729,0%@729,0%@729] GR3D_FREQ 0% cpu@50.437C soc2@48.937C soc0@50.75C gpu@51.718C tj@51.718C soc1@50.593C VDD_IN 5440mW/5535mW VDD_CPU_GPU_CV 479mW/539mW VDD_SOC 2795mW/2816mW
08-04-2026 14:00:32 RAM 1473/7620MB (lfb 96x4MB) SWAP 0/3810MB (cached 0MB) CPU [0%@729,0%@729,0%@729,0%@729,0%@729,0%@729] GR3D_FREQ 0% cpu@50.437C soc2@48.906C soc0@50.843C gpu@51.093C tj@51.25C soc1@50.656C VDD_IN 5440mW/5535mW VDD_CPU_GPU_CV 519mW/539mW VDD_SOC 2795mW/2816mW
08-04-2026 14:00:33 RAM 1473/7620MB (lfb 96x4MB) SWAP 0/3810MB (cached 0MB) CPU [1%@729,0%@729,0%@729,0%@729,0%@729,0%@729] GR3D_FREQ 0% cpu@50.218C soc2@48.968C soc0@50.875C gpu@51.312C tj@51.312C soc1@50.656C VDD_IN 5440mW/5535mW VDD_CPU_GPU_CV 479mW/539mW VDD_SOC 2795mW/2816mW
08-04-2026 14:00:34 RAM 1473/7620MB (lfb 96x4MB) SWAP 0/3810MB (cached 0MB) CPU [0%@729,0%@729,0%@729,0%@729,0%@729,0%@729] GR3D_FREQ 0% cpu@50.25C soc2@49C soc0@50.812C gpu@51.281C tj@51.281C soc1@50.5C VDD_IN 5440mW/5535mW VDD_CPU_GPU_CV 519mW/539mW VDD_SOC 2795mW/2816mW
08-04-2026 14:00:35 RAM 1473/7620MB (lfb 96x4MB) SWAP 0/3810MB (cached 0MB) CPU [1%@729,0%@729,0%@729,0%@729,0%@729,0%@729] GR3D_FREQ 0% cpu@50.437C soc2@49C soc0@50.906C gpu@51.312C tj@51.312C soc1@50.593C VDD_IN 5440mW/5535mW VDD_CPU_GPU_CV 519mW/539mW VDD_SOC 2795mW/2816mW
08-04-2026 14:00:36 RAM 1473/7620MB (lfb 96x4MB) SWAP 0/3810MB (cached 0MB) CPU [1%@729,0%@729,0%@729,0%@729,0%@729,0%@729] GR3D_FREQ 0% cpu@50.531C soc2@49C soc0@50.906C gpu@51.375C tj@51.375C soc1@50.625C VDD_IN 5440mW/5535mW VDD_CPU_GPU_CV 479mW/539mW VDD_SOC 2795mW/2816mW
08-04-2026 14:00:37 RAM 1473/7620MB (lfb 96x4MB) SWAP 0/3810MB (cached 0MB) CPU [0%@729,0%@729,0%@729,0%@729,0%@729,0%@729] GR3D_FREQ 0% cpu@50.406C soc2@49C soc0@50.812C gpu@51.375C tj@51.375C soc1@50.687C VDD_IN 5440mW/5535mW VDD_CPU_GPU_CV 479mW/539mW VDD_SOC 2795mW/2816mW
08-04-2026 14:00:38 RAM 1473/7620MB (lfb 96x4MB) SWAP 0/3810MB (cached 0MB) CPU [0%@729,0%@729,0%@729,0%@729,0%@729,0%@729] GR3D_FREQ 0% cpu@50.625C soc2@49C soc0@50.906C gpu@51.156C tj@51.156C soc1@50.718C VDD_IN 5440mW/5535mW VDD_CPU_GPU_CV 479mW/539mW VDD_SOC 2795mW/2816mW
08-04-2026 14:00:39 RAM 1473/7620MB (lfb 96x4MB) SWAP 0/3810MB (cached 0MB) CPU [1%@729,0%@729,0%@729,0%@729,0%@729,0%@729] GR3D_FREQ 0% cpu@50.343C soc2@49.031C soc0@50.937C gpu@51.156C tj@51.156C soc1@50.625C VDD_IN 5431mW/5535mW VDD_CPU_GPU_CV 519mW/539mW VDD_SOC 2795mW/2816mW
08-04-2026 14:00:40 RAM 1473/7620MB (lfb 96x4MB) SWAP 0/3810MB (cached 0MB) CPU [0%@729,1%@729,0%@729,0%@729,0%@729,0%@729] GR3D_FREQ 0% cpu@50.406C soc2@48.968C soc0@50.75C gpu@51.187C tj@51.187C soc1@50.562C VDD_IN 5440mW/5535mW VDD_CPU_GPU_CV 479mW/539mW VDD_SOC 2795mW/2816mW
08-04-2026 14:00:41 RAM 1473/7620MB (lfb 96x4MB) SWAP 0/3810MB (cached 0MB) CPU [0%@729,0%@729,0%@729,0%@729,0%@729,0%@729] GR3D_FREQ 0% cpu@50.625C soc2@48.937C soc0@50.812C gpu@51.156C tj@51.156C soc1@50.687C VDD_IN 5440mW/5535mW VDD_CPU_GPU_CV 519mW/539mW VDD_SOC 2795mW/2816mW
08-04-2026 14:00:42 RAM 1473/7620MB (lfb 96x4MB) SWAP 0/3810MB (cached 0MB) CPU [0%@729,1%@729,0%@729,0%@729,0%@729,0%@729] GR3D_FREQ 0% cpu@50.375C soc2@49.031C soc0@50.75C gpu@51.218C tj@51.218C soc1@50.656C VDD_IN 5440mW/5535mW VDD_CPU_GPU_CV 519mW/539mW VDD_SOC 2795mW/2816mW
08-04-2026 14:00:43 RAM 1473/7620MB (lfb 96x4MB) SWAP 0/3810MB (cached 0MB) CPU [1%@729,0%@729,0%@729,0%@729,0%@729,0%@729] GR3D_FREQ 0% cpu@50.656C soc2@48.968C soc0@50.781C gpu@51.156C tj@51.156C soc1@50.75C VDD_IN 5431mW/5535mW VDD_CPU_GPU_CV 479mW/539mW VDD_SOC 2795mW/2816mW
08-04-2026 14:00:44 RAM 1473/7620MB (lfb 96x4MB) SWAP 0/3810MB (cached 0MB) CPU [0%@729,0%@729,0%@729,0%@729,1%@729,0%@729] GR3D_FREQ 0% cpu@50.312C soc2@48.937C soc0@50.906C gpu@51.25C tj@51.25C soc1@50.531C VDD_IN 5440mW/5535mW VDD_CPU_GPU_CV 519mW/539mW VDD_SOC 2795mW/2816mW
08-04-2026 14:00:45 RAM 1473/7620MB (lfb 96x4MB) SWAP 0/3810MB (cached 0MB) CPU [0%@729,1%@729,0%@729,0%@729,0%@729,0%@729] GR3D_FREQ 0% cpu@50.406C soc2@48.937C soc0@50.812C gpu@51.531C tj@51.531C soc1@50.562C VDD_IN 5480mW/5535mW VDD_CPU_GPU_CV 519mW/539mW VDD_SOC 2795mW/2816mW
08-04-2026 14:00:46 RAM 1473/7620MB (lfb 96x4MB) SWAP 0/3810MB (cached 0MB) CPU [0%@729,0%@729,0%@729,0%@729,0%@729,0%@729] GR3D_FREQ 0% cpu@50.531C soc2@49C soc0@50.843C gpu@51.468C tj@51.468C soc1@50.562C VDD_IN 5440mW/5534mW VDD_CPU_GPU_CV 519mW/539mW VDD_SOC 2795mW/2816mW
08-04-2026 14:00:47 RAM 1473/7620MB (lfb 96x4MB) SWAP 0/3810MB (cached 0MB) CPU [0%@729,0%@729,0%@729,0%@729,0%@729,0%@729] GR3D_FREQ 0% cpu@50.406C soc2@48.968C soc0@50.843C gpu@51.5C tj@51.5C soc1@50.531C VDD_IN 5440mW/5534mW VDD_CPU_GPU_CV 519mW/539mW VDD_SOC 2795mW/2816mW
08-04-2026 14:00:48 RAM 1473/7620MB (lfb 96x4MB) SWAP 0/3810MB (cached 0MB) CPU [0%@729,1%@729,0%@729,0%@729,0%@729,1%@729] GR3D_FREQ 0% cpu@50.687C soc2@49C soc0@50.875C gpu@51.531C tj@51.531C soc1@50.718C VDD_IN 5440mW/5534mW VDD_CPU_GPU_CV 479mW/539mW VDD_SOC 2795mW/2816mW
08-04-2026 14:00:49 RAM 1473/7620MB (lfb 96x4MB) SWAP 0/3810MB (cached 0MB) CPU [0%@729,0%@729,0%@729,0%@729,0%@729,0%@729] GR3D_FREQ 0% cpu@50.281C soc2@49C soc0@50.875C gpu@51.5C tj@51.5C soc1@50.531C VDD_IN 5440mW/5534mW VDD_CPU_GPU_CV 479mW/539mW VDD_SOC 2795mW/2816mW
08-04-2026 14:00:50 RAM 1473/7620MB (lfb 96x4MB) SWAP 0/3810MB (cached 0MB) CPU [1%@729,0%@729,0%@729,1%@729,0%@729,0%@729] GR3D_FREQ 0% cpu@50.343C soc2@48.906C soc0@50.968C gpu@51.656C tj@51.656C soc1@50.625C VDD_IN 5440mW/5534mW VDD_CPU_GPU_CV 479mW/539mW VDD_SOC 2795mW/2816mW
08-04-2026 14:00:51 RAM 1473/7620MB (lfb 96x4MB) SWAP 0/3810MB (cached 0MB) CPU [0%@729,0%@729,1%@729,0%@729,0%@729,0%@729] GR3D_FREQ 0% cpu@50.625C soc2@49C soc0@50.812C gpu@51.312C tj@51.312C soc1@50.656C VDD_IN 5431mW/5534mW VDD_CPU_GPU_CV 479mW/539mW VDD_SOC 2795mW/2816mW
08-04-2026 14:00:52 RAM 1473/7620MB (lfb 96x4MB) SWAP 0/3810MB (cached 0MB) CPU [0%@729,0%@729,0%@729,0%@729,0%@729,0%@729] GR3D_FREQ 0% cpu@50.375C soc2@49C soc0@50.812C gpu@51.218C tj@51.218C soc1@50.656C VDD_IN 5431mW/5534mW VDD_CPU_GPU_CV 479mW/539mW VDD_SOC 2795mW/2816mW
08-04-2026 14:00:53 RAM 1473/7620MB (lfb 96x4MB) SWAP 0/3810MB (cached 0MB) CPU [0%@729,0%@729,0%@729,0%@729,0%@729,0%@729] GR3D_FREQ 0% cpu@50.656C soc2@49.031C soc0@50.937C gpu@51.343C tj@51.343C soc1@50.718C VDD_IN 5480mW/5534mW VDD_CPU_GPU_CV 519mW/539mW VDD_SOC 2795mW/2816mW
08-04-2026 14:00:54 RAM 1473/7620MB (lfb 96x4MB) SWAP 0/3810MB (cached 0MB) CPU [0%@729,0%@729,0%@729,0%@729,0%@729,0%@729] GR3D_FREQ 0% cpu@50.343C soc2@48.875C soc0@50.937C gpu@51.343C tj@51.343C soc1@50.625C VDD_IN 5440mW/5534mW VDD_CPU_GPU_CV 519mW/539mW VDD_SOC 2795mW/2816mW
08-04-2026 14:00:55 RAM 1473/7620MB (lfb 96x4MB) SWAP 0/3810MB (cached 0MB) CPU [0%@729,0%@729,0%@729,0%@729,0%@729,0%@729] GR3D_FREQ 0% cpu@50.437C soc2@48.875C soc0@50.937C gpu@51.281C tj@51.281C soc1@50.531C VDD_IN 5440mW/5534mW VDD_CPU_GPU_CV 479mW/539mW VDD_SOC 2795mW/2816mW
08-04-2026 14:00:56 RAM 1473/7620MB (lfb 96x4MB) SWAP 0/3810MB (cached 0MB) CPU [0%@729,0%@729,0%@729,0%@729,1%@729,0%@729] GR3D_FREQ 0% cpu@50.562C soc2@48.968C soc0@50.843C gpu@51.281C tj@51.281C soc1@50.656C VDD_IN 5480mW/5534mW VDD_CPU_GPU_CV 519mW/539mW VDD_SOC 2795mW/2816mW
08-04-2026 14:00:57 RAM 1473/7620MB (lfb 96x4MB) SWAP 0/3810MB (cached 0MB) CPU [0%@729,0%@729,1%@729,0%@729,0%@729,0%@729] GR3D_FREQ 0% cpu@50.375C soc2@49.031C soc0@50.843C gpu@51.281C tj@51.281C soc1@50.625C VDD_IN 5431mW/5534mW VDD_CPU_GPU_CV 519mW/538mW VDD_SOC 2795mW/2816mW
08-04-2026 14:00:58 RAM 1473/7620MB (lfb 96x4MB) SWAP 0/3810MB (cached 0MB) CPU [0%@729,0%@729,1%@729,0%@729,0%@729,0%@729] GR3D_FREQ 0% cpu@50.593C soc2@48.968C soc0@50.906C gpu@51.156C tj@51.156C soc1@50.687C VDD_IN 5431mW/5534mW VDD_CPU_GPU_CV 479mW/538mW VDD_SOC 2795mW/2816mW
08-04-2026 14:00:59 RAM 1473/7620MB (lfb 96x4MB) SWAP 0/3810MB (cached 0MB) CPU [0%@729,0%@729,0%@729,0%@729,0%@729,0%@729] GR3D_FREQ 0% cpu@50.218C soc2@49.031C soc0@50.937C gpu@51.218C tj@51.218C soc1@50.593C VDD_IN 5440mW/5534mW VDD_CPU_GPU_CV 519mW/538mW VDD_SOC 2795mW/2816mW
08-04-2026 14:01:00 RAM 1473/7620MB (lfb 96x4MB) SWAP 0/3810MB (cached 0MB) CPU [0%@729,0%@729,0%@729,0%@729,0%@729,0%@729] GR3D_FREQ 0% cpu@50.312C soc2@48.906C soc0@50.968C gpu@51.187C tj@51.187C soc1@50.593C VDD_IN 5440mW/5534mW VDD_CPU_GPU_CV 519mW/538mW VDD_SOC 2795mW/2816mW
08-04-2026 14:01:01 RAM 1473/7620MB (lfb 96x4MB) SWAP 0/3810MB (cached 0MB) CPU [0%@729,0%@729,0%@729,0%@729,0%@729,0%@729] GR3D_FREQ 0% cpu@50.468C soc2@48.906C soc0@50.843C gpu@51.218C tj@51.218C soc1@50.687C VDD_IN 5440mW/5534mW VDD_CPU_GPU_CV 519mW/538mW VDD_SOC 2795mW/2816mW
08-04-2026 14:01:02 RAM 1473/7620MB (lfb 96x4MB) SWAP 0/3810MB (cached 0MB) CPU [1%@729,0%@729,0%@729,0%@729,0%@729,0%@729] GR3D_FREQ 0% cpu@50.375C soc2@48.968C soc0@50.875C gpu@51.218C tj@51.218C soc1@50.625C VDD_IN 5440mW/5534mW VDD_CPU_GPU_CV 519mW/538mW VDD_SOC 2795mW/2816mW
08-04-2026 14:01:03 RAM 1473/7620MB (lfb 96x4MB) SWAP 0/3810MB (cached 0MB) CPU [0%@729,0%@729,1%@729,0%@729,0%@729,0%@729] GR3D_FREQ 0% cpu@50.656C soc2@48.968C soc0@50.875C gpu@51.218C tj@51.218C soc1@50.718C VDD_IN 5480mW/5534mW VDD_CPU_GPU_CV 519mW/538mW VDD_SOC 2795mW/2816mW
08-04-2026 14:01:04 RAM 1473/7620MB (lfb 96x4MB) SWAP 0/3810MB (cached 0MB) CPU [0%@729,0%@729,0%@729,0%@729,0%@729,0%@729] GR3D_FREQ 0% cpu@50.312C soc2@49.062C soc0@51.062C gpu@51.25C tj@51.25C soc1@50.562C VDD_IN 5480mW/5534mW VDD_CPU_GPU_CV 519mW/538mW VDD_SOC 2795mW/2816mW
08-04-2026 14:01:05 RAM 1473/7620MB (lfb 96x4MB) SWAP 0/3810MB (cached 0MB) CPU [0%@729,0%@729,0%@729,0%@729,0%@729,0%@729] GR3D_FREQ 0% cpu@50.437C soc2@49C soc0@50.968C gpu@51.5C tj@51.5C soc1@50.625C VDD_IN 5431mW/5533mW VDD_CPU_GPU_CV 479mW/538mW VDD_SOC 2795mW/2816mW
08-04-2026 14:01:06 RAM 1473/7620MB (lfb 96x4MB) SWAP 0/3810MB (cached 0MB) CPU [0%@729,0%@729,0%@729,0%@729,0%@729,0%@729] GR3D_FREQ 0% cpu@50.593C soc2@48.968C soc0@50.843C gpu@51.437C tj@51.437C soc1@50.687C VDD_IN 5480mW/5533mW VDD_CPU_GPU_CV 519mW/538mW VDD_SOC 2795mW/2816mW
08-04-2026 14:01:07 RAM 1473/7620MB (lfb 96x4MB) SWAP 0/3810MB (cached 0MB) CPU [0%@729,0%@729,0%@729,0%@729,0%@729,0%@729] GR3D_FREQ 0% cpu@50.343C soc2@49C soc0@50.906C gpu@51.437C tj@51.437C soc1@50.687C VDD_IN 5440mW/5533mW VDD_CPU_GPU_CV 479mW/538mW VDD_SOC 2795mW/2816mW
08-04-2026 14:01:08 RAM 1473/7620MB (lfb 96x4MB) SWAP 0/3810MB (cached 0MB) CPU [0%@729,0%@729,0%@729,0%@729,0%@729,0%@729] GR3D_FREQ 0% cpu@50.656C soc2@48.968C soc0@50.875C gpu@51.437C tj@51.437C soc1@50.718C VDD_IN 5440mW/5533mW VDD_CPU_GPU_CV 519mW/538mW VDD_SOC 2795mW/2816mW
08-04-2026 14:01:09 RAM 1473/7620MB (lfb 96x4MB) SWAP 0/3810MB (cached 0MB) CPU [0%@729,0%@729,1%@729,0%@729,0%@729,0%@729] GR3D_FREQ 0% cpu@50.25C soc2@49C soc0@50.968C gpu@51.281C tj@51.281C soc1@50.625C VDD_IN 5431mW/5533mW VDD_CPU_GPU_CV 479mW/538mW VDD_SOC 2795mW/2816mW
08-04-2026 14:01:10 RAM 1473/7620MB (lfb 96x4MB) SWAP 0/3810MB (cached 0MB) CPU [0%@729,0%@729,0%@729,0%@729,0%@729,0%@729] GR3D_FREQ 0% cpu@50.5C soc2@48.937C soc0@50.843C gpu@51.281C tj@51.281C soc1@50.468C VDD_IN 5440mW/5533mW VDD_CPU_GPU_CV 479mW/538mW VDD_SOC 2795mW/2816mW
08-04-2026 14:01:11 RAM 1473/7620MB (lfb 96x4MB) SWAP 0/3810MB (cached 0MB) CPU [0%@729,0%@729,0%@729,0%@729,0%@729,0%@729] GR3D_FREQ 0% cpu@50.5C soc2@49C soc0@50.937C gpu@51.312C tj@51.312C soc1@50.656C VDD_IN 5440mW/5533mW VDD_CPU_GPU_CV 479mW/538mW VDD_SOC 2795mW/2816mW
08-04-2026 14:01:12 RAM 1473/7620MB (lfb 96x4MB) SWAP 0/3810MB (cached 0MB) CPU [0%@729,0%@729,0%@729,0%@729,0%@729,0%@729] GR3D_FREQ 0% cpu@50.312C soc2@49C soc0@50.875C gpu@51.281C tj@51.281C soc1@50.656C VDD_IN 5440mW/5533mW VDD_CPU_GPU_CV 519mW/538mW VDD_SOC 2795mW/2816mW
08-04-2026 14:01:13 RAM 1473/7620MB (lfb 96x4MB) SWAP 0/3810MB (cached 0MB) CPU [0%@729,0%@729,0%@729,0%@729,0%@729,0%@729] GR3D_FREQ 0% cpu@50.281C soc2@49.093C soc0@50.937C gpu@51.562C tj@51.562C soc1@50.468C VDD_IN 5440mW/5533mW VDD_CPU_GPU_CV 479mW/538mW VDD_SOC 2795mW/2816mW
08-04-2026 14:01:14 RAM 1473/7620MB (lfb 96x4MB) SWAP 0/3810MB (cached 0MB) CPU [0%@729,0%@729,1%@729,0%@729,0%@729,0%@729] GR3D_FREQ 0% cpu@50.468C soc2@48.906C soc0@51.062C gpu@51.593C tj@51.593C soc1@50.593C VDD_IN 5440mW/5533mW VDD_CPU_GPU_CV 519mW/538mW VDD_SOC 2795mW/2816mW
08-04-2026 14:01:15 RAM 1473/7620MB (lfb 96x4MB) SWAP 0/3810MB (cached 0MB) CPU [0%@729,0%@729,0%@729,0%@729,0%@729,0%@729] GR3D_FREQ 0% cpu@50.343C soc2@48.937C soc0@50.781C gpu@51.593C tj@51.593C soc1@50.656C VDD_IN 5440mW/5533mW VDD_CPU_GPU_CV 519mW/538mW VDD_SOC 2795mW/2816mW
08-04-2026 14:01:16 RAM 1473/7620MB (lfb 96x4MB) SWAP 0/3810MB (cached 0MB) CPU [0%@729,0%@729,0%@729,0%@729,0%@729,0%@729] GR3D_FREQ 0% cpu@50.593C soc2@48.968C soc0@50.906C gpu@51.625C tj@51.625C soc1@50.718C VDD_IN 5600mW/5533mW VDD_CPU_GPU_CV 519mW/538mW VDD_SOC 2835mW/2816mW
08-04-2026 14:01:17 RAM 1473/7620MB (lfb 96x4MB) SWAP 0/3810MB (cached 0MB) CPU [1%@729,0%@729,2%@729,0%@729,0%@729,0%@729] GR3D_FREQ 0% cpu@50.343C soc2@48.937C soc0@50.843C gpu@51.687C tj@51.687C soc1@50.656C VDD_IN 5440mW/5533mW VDD_CPU_GPU_CV 479mW/538mW VDD_SOC 2795mW/2816mW
08-04-2026 14:01:18 RAM 1473/7620MB (lfb 96x4MB) SWAP 0/3810MB (cached 0MB) CPU [0%@729,0%@729,0%@729,0%@729,0%@729,0%@729] GR3D_FREQ 0% cpu@50.406C soc2@49C soc0@50.875C gpu@51.656C tj@51.656C soc1@50.562C VDD_IN 5440mW/5533mW VDD_CPU_GPU_CV 519mW/538mW VDD_SOC 2795mW/2815mW
08-04-2026 14:01:19 RAM 1473/7620MB (lfb 96x4MB) SWAP 0/3810MB (cached 0MB) CPU [0%@729,0%@729,0%@729,0%@729,0%@729,0%@729] GR3D_FREQ 0% cpu@50.468C soc2@48.906C soc0@51C gpu@51.312C tj@51.312C soc1@50.5C VDD_IN 5440mW/5533mW VDD_CPU_GPU_CV 479mW/538mW VDD_SOC 2795mW/2815mW
08-04-2026 14:01:20 RAM 1473/7620MB (lfb 96x4MB) SWAP 0/3810MB (cached 0MB) CPU [1%@729,0%@729,0%@729,0%@729,0%@729,0%@729] GR3D_FREQ 0% cpu@50.375C soc2@49C soc0@50.875C gpu@51.281C tj@51.281C soc1@50.593C VDD_IN 5440mW/5533mW VDD_CPU_GPU_CV 479mW/538mW VDD_SOC 2795mW/2815mW
08-04-2026 14:01:21 RAM 1473/7620MB (lfb 96x4MB) SWAP 0/3810MB (cached 0MB) CPU [1%@729,0%@729,1%@729,0%@729,1%@729,0%@729] GR3D_FREQ 0% cpu@50.468C soc2@48.937C soc0@50.687C gpu@51.312C tj@51.312C soc1@50.625C VDD_IN 5471mW/5533mW VDD_CPU_GPU_CV 519mW/538mW VDD_SOC 2795mW/2815mW
08-04-2026 14:01:22 RAM 1473/7620MB (lfb 96x4MB) SWAP 0/3810MB (cached 0MB) CPU [0%@729,0%@729,0%@729,0%@729,0%@729,0%@729] GR3D_FREQ 0% cpu@50.25C soc2@49.062C soc0@50.812C gpu@51.375C tj@51.375C soc1@50.687C VDD_IN 5440mW/5533mW VDD_CPU_GPU_CV 519mW/538mW VDD_SOC 2795mW/2815mW
08-04-2026 14:01:23 RAM 1473/7620MB (lfb 96x4MB) SWAP 0/3810MB (cached 0MB) CPU [0%@729,0%@729,0%@729,0%@729,0%@729,0%@729] GR3D_FREQ 0% cpu@50.375C soc2@49.093C soc0@50.906C gpu@51.343C tj@51.343C soc1@50.562C VDD_IN 5440mW/5533mW VDD_CPU_GPU_CV 519mW/538mW VDD_SOC 2795mW/2815mW
08-04-2026 14:01:24 RAM 1473/7620MB (lfb 96x4MB) SWAP 0/3810MB (cached 0MB) CPU [0%@729,0%@729,0%@729,0%@729,0%@729,0%@729] GR3D_FREQ 0% cpu@50.468C soc2@49C soc0@50.968C gpu@51.375C tj@51.375C soc1@50.562C VDD_IN 5440mW/5533mW VDD_CPU_GPU_CV 479mW/538mW VDD_SOC 2795mW/2815mW
08-04-2026 14:01:25 RAM 1473/7620MB (lfb 96x4MB) SWAP 0/3810MB (cached 0MB) CPU [0%@729,0%@729,0%@729,0%@729,0%@729,0%@729] GR3D_FREQ 0% cpu@50.406C soc2@48.968C soc0@50.812C gpu@51.187C tj@51.187C soc1@50.625C VDD_IN 5440mW/5533mW VDD_CPU_GPU_CV 479mW/538mW VDD_SOC 2795mW/2815mW
08-04-2026 14:01:26 RAM 1501/7620MB (lfb 96x4MB) SWAP 0/3810MB (cached 0MB) CPU [8%@1728,41%@1728,7%@1728,8%@1728,7%@729,7%@729] GR3D_FREQ 0% cpu@51.125C soc2@49.156C soc0@50.843C gpu@51.406C tj@51.406C soc1@50.687C VDD_IN 6760mW/5533mW VDD_CPU_GPU_CV 1277mW/538mW VDD_SOC 3075mW/2816mW
08-04-2026 14:01:27 RAM 1692/7620MB (lfb 96x4MB) SWAP 0/3810MB (cached 0MB) CPU [7%@1728,100%@1728,7%@1728,6%@1728,7%@729,6%@729] GR3D_FREQ 0% cpu@50.968C soc2@49.312C soc0@50.937C gpu@51.531C tj@51.531C soc1@50.812C VDD_IN 7480mW/5534mW VDD_CPU_GPU_CV 1597mW/539mW VDD_SOC 3274mW/2816mW
08-04-2026 14:01:28 RAM 1726/7620MB (lfb 96x4MB) SWAP 0/3810MB (cached 0MB) CPU [0%@1728,100%@1728,0%@1728,0%@1728,0%@729,0%@729] GR3D_FREQ 0% cpu@51.125C soc2@49.375C soc0@51.031C gpu@51.593C tj@51.593C soc1@50.843C VDD_IN 7440mW/5535mW VDD_CPU_GPU_CV 1557mW/540mW VDD_SOC 3314mW/2816mW
08-04-2026 14:01:29 RAM 1752/7620MB (lfb 96x4MB) SWAP 0/3810MB (cached 0MB) CPU [0%@1728,100%@1728,0%@1728,0%@1728,0%@729,0%@729] GR3D_FREQ 0% cpu@51.156C soc2@49.343C soc0@51.187C gpu@51.593C tj@51.593C soc1@50.781C VDD_IN 7440mW/5537mW VDD_CPU_GPU_CV 1517mW/540mW VDD_SOC 3314mW/2816mW
08-04-2026 14:01:30 RAM 1766/7620MB (lfb 96x4MB) SWAP 0/3810MB (cached 0MB) CPU [2%@1728,100%@1728,0%@1728,0%@1728,0%@729,0%@729] GR3D_FREQ 0% cpu@51.125C soc2@49.281C soc0@51.093C gpu@51.687C tj@51.687C soc1@50.843C VDD_IN 7360mW/5538mW VDD_CPU_GPU_CV 1277mW/541mW VDD_SOC 3394mW/2817mW
08-04-2026 14:01:31 RAM 1471/7620MB (lfb 96x4MB) SWAP 0/3810MB (cached 0MB) CPU [0%@729,32%@729,0%@729,0%@729,0%@729,0%@729] GR3D_FREQ 0% cpu@50.875C soc2@49.218C soc0@51C gpu@51.562C tj@51.562C soc1@50.906C VDD_IN 5960mW/5538mW VDD_CPU_GPU_CV 678mW/541mW VDD_SOC 2955mW/2817mW
08-04-2026 14:01:32 RAM 1471/7620MB (lfb 96x4MB) SWAP 0/3810MB (cached 0MB) CPU [1%@729,1%@729,1%@729,0%@729,0%@729,0%@729] GR3D_FREQ 0% cpu@50.562C soc2@49.187C soc0@51.062C gpu@51.562C tj@51.562C soc1@50.968C VDD_IN 5520mW/5538mW VDD_CPU_GPU_CV 519mW/541mW VDD_SOC 2795mW/2817mW
08-04-2026 14:01:33 RAM 1471/7620MB (lfb 96x4MB) SWAP 0/3810MB (cached 0MB) CPU [0%@729,0%@729,1%@729,0%@729,0%@729,0%@729] GR3D_FREQ 0% cpu@50.562C soc2@49.25C soc0@51.156C gpu@51.687C tj@51.687C soc1@50.75C VDD_IN 5480mW/5538mW VDD_CPU_GPU_CV 519mW/541mW VDD_SOC 2795mW/2817mW
08-04-2026 14:01:34 RAM 1471/7620MB (lfb 96x4MB) SWAP 0/3810MB (cached 0MB) CPU [0%@729,0%@729,0%@729,0%@729,0%@729,0%@729] GR3D_FREQ 0% cpu@50.656C soc2@49.187C soc0@51.125C gpu@51.625C tj@51.625C soc1@50.875C VDD_IN 5440mW/5538mW VDD_CPU_GPU_CV 479mW/541mW VDD_SOC 2795mW/2817mW
08-04-2026 14:01:35 RAM 1471/7620MB (lfb 96x4MB) SWAP 0/3810MB (cached 0MB) CPU [1%@729,0%@729,1%@729,0%@729,0%@729,0%@729] GR3D_FREQ 0% cpu@50.875C soc2@49.125C soc0@51.062C gpu@51.687C tj@51.687C soc1@50.812C VDD_IN 5480mW/5538mW VDD_CPU_GPU_CV 519mW/541mW VDD_SOC 2795mW/2817mW
08-04-2026 14:01:36 RAM 1471/7620MB (lfb 96x4MB) SWAP 0/3810MB (cached 0MB) CPU [0%@729,0%@729,1%@729,0%@729,0%@729,0%@729] GR3D_FREQ 0% cpu@50.593C soc2@49.125C soc0@51.093C gpu@51.468C tj@51.468C soc1@50.875C VDD_IN 5480mW/5538mW VDD_CPU_GPU_CV 519mW/541mW VDD_SOC 2795mW/2817mW
08-04-2026 14:01:37 RAM 1471/7620MB (lfb 96x4MB) SWAP 0/3810MB (cached 0MB) CPU [0%@729,0%@729,1%@729,0%@729,0%@729,0%@729] GR3D_FREQ 0% cpu@50.531C soc2@49.156C soc0@51.156C gpu@51.437C tj@51.437C soc1@50.75C VDD_IN 5440mW/5538mW VDD_CPU_GPU_CV 519mW/541mW VDD_SOC 2795mW/2817mW
08-04-2026 14:01:38 RAM 1471/7620MB (lfb 96x4MB) SWAP 0/3810MB (cached 0MB) CPU [0%@729,0%@729,0%@729,0%@729,0%@729,0%@729] GR3D_FREQ 0% cpu@50.468C soc2@49.093C soc0@51.125C gpu@51.5C tj@51.5C soc1@50.718C VDD_IN 5480mW/5538mW VDD_CPU_GPU_CV 519mW/540mW VDD_SOC 2795mW/2817mW
08-04-2026 14:01:39 RAM 1471/7620MB (lfb 96x4MB) SWAP 0/3810MB (cached 0MB) CPU [0%@729,1%@729,0%@729,0%@729,0%@729,0%@729] GR3D_FREQ 0% cpu@50.593C soc2@49.187C soc0@51C gpu@51.5C tj@51.5C soc1@50.75C VDD_IN 5440mW/5538mW VDD_CPU_GPU_CV 519mW/540mW VDD_SOC 2795mW/2817mW
08-04-2026 14:01:40 RAM 1471/7620MB (lfb 96x4MB) SWAP 0/3810MB (cached 0MB) CPU [1%@729,0%@729,0%@729,0%@729,0%@729,0%@729] GR3D_FREQ 0% cpu@50.875C soc2@49.125C soc0@51.031C gpu@51.781C tj@51.781C soc1@50.812C VDD_IN 5431mW/5537mW VDD_CPU_GPU_CV 519mW/540mW VDD_SOC 2795mW/2817mW
08-04-2026 14:01:41 RAM 1471/7620MB (lfb 96x4MB) SWAP 0/3810MB (cached 0MB) CPU [0%@729,0%@729,0%@729,0%@729,0%@729,0%@729] GR3D_FREQ 0% cpu@50.468C soc2@49.187C soc0@51C gpu@51.75C tj@51.75C soc1@50.937C VDD_IN 5440mW/5537mW VDD_CPU_GPU_CV 519mW/540mW VDD_SOC 2795mW/2817mW
08-04-2026 14:01:42 RAM 1471/7620MB (lfb 96x4MB) SWAP 0/3810MB (cached 0MB) CPU [0%@729,1%@729,0%@729,0%@729,0%@729,0%@729] GR3D_FREQ 0% cpu@50.562C soc2@49.093C soc0@51.125C gpu@51.843C tj@51.843C soc1@50.687C VDD_IN 5440mW/5537mW VDD_CPU_GPU_CV 479mW/540mW VDD_SOC 2795mW/2817mW
08-04-2026 14:01:43 RAM 1471/7620MB (lfb 96x4MB) SWAP 0/3810MB (cached 0MB) CPU [0%@729,0%@729,0%@729,0%@729,0%@729,0%@729] GR3D_FREQ 0% cpu@50.781C soc2@49.125C soc0@50.968C gpu@51.5C tj@51.5C soc1@50.781C VDD_IN 5440mW/5537mW VDD_CPU_GPU_CV 479mW/540mW VDD_SOC 2795mW/2817mW
08-04-2026 14:01:44 RAM 1471/7620MB (lfb 96x4MB) SWAP 0/3810MB (cached 0MB) CPU [1%@729,1%@729,0%@729,0%@729,0%@729,0%@729] GR3D_FREQ 0% cpu@50.468C soc2@49.062C soc0@51.062C gpu@51.468C tj@51.468C soc1@50.843C VDD_IN 5440mW/5537mW VDD_CPU_GPU_CV 519mW/540mW VDD_SOC 2795mW/2817mW
08-04-2026 14:01:45 RAM 1471/7620MB (lfb 96x4MB) SWAP 0/3810MB (cached 0MB) CPU [0%@729,0%@729,0%@729,0%@729,0%@729,0%@729] GR3D_FREQ 0% cpu@50.75C soc2@49.156C soc0@51.093C gpu@51.468C tj@51.468C soc1@50.875C VDD_IN 5431mW/5537mW VDD_CPU_GPU_CV 519mW/540mW VDD_SOC 2795mW/2817mW
08-04-2026 14:01:46 RAM 1471/7620MB (lfb 96x4MB) SWAP 0/3810MB (cached 0MB) CPU [0%@729,0%@729,0%@729,0%@729,0%@1728,0%@1728] GR3D_FREQ 0% cpu@50.5C soc2@49.062C soc0@51.125C gpu@51.375C tj@51.375C soc1@50.718C VDD_IN 5480mW/5537mW VDD_CPU_GPU_CV 519mW/540mW VDD_SOC 2795mW/2817mW
08-04-2026 14:01:47 RAM 1471/7620MB (lfb 96x4MB) SWAP 0/3810MB (cached 0MB) CPU [0%@729,1%@729,0%@729,0%@729,0%@729,0%@729] GR3D_FREQ 0% cpu@50.5C soc2@49.187C soc0@50.968C gpu@51.343C tj@51.343C soc1@50.75C VDD_IN 5471mW/5537mW VDD_CPU_GPU_CV 519mW/540mW VDD_SOC 2795mW/2817mW
08-04-2026 14:01:48 RAM 1471/7620MB (lfb 96x4MB) SWAP 0/3810MB (cached 0MB) CPU [1%@729,1%@729,0%@729,0%@729,0%@729,0%@729] GR3D_FREQ 0% cpu@50.75C soc2@49.125C soc0@50.968C gpu@51.312C tj@51.312C soc1@50.875C VDD_IN 5480mW/5537mW VDD_CPU_GPU_CV 519mW/540mW VDD_SOC 2795mW/2817mW
08-04-2026 14:01:49 RAM 1471/7620MB (lfb 96x4MB) SWAP 0/3810MB (cached 0MB) CPU [0%@729,0%@729,1%@729,0%@729,0%@729,0%@729] GR3D_FREQ 0% cpu@50.468C soc2@49.125C soc0@50.968C gpu@51.375C tj@51.375C soc1@50.843C VDD_IN 5480mW/5537mW VDD_CPU_GPU_CV 519mW/540mW VDD_SOC 2795mW/2817mW
08-04-2026 14:01:50 RAM 1471/7620MB (lfb 96x4MB) SWAP 0/3810MB (cached 0MB) CPU [1%@729,1%@729,0%@729,0%@729,0%@729,0%@729] GR3D_FREQ 0% cpu@50.531C soc2@49.125C soc0@51.062C gpu@51.531C tj@51.531C soc1@50.625C VDD_IN 5440mW/5537mW VDD_CPU_GPU_CV 519mW/540mW VDD_SOC 2795mW/2817mW
08-04-2026 14:01:51 RAM 1471/7620MB (lfb 96x4MB) SWAP 0/3810MB (cached 0MB) CPU [0%@729,0%@729,0%@729,0%@729,0%@729,0%@729] GR3D_FREQ 0% cpu@50.687C soc2@49.156C soc0@51.125C gpu@51.562C tj@51.562C soc1@50.75C VDD_IN 5440mW/5537mW VDD_CPU_GPU_CV 479mW/540mW VDD_SOC 2795mW/2817mW
08-04-2026 14:01:52 RAM 1471/7620MB (lfb 96x4MB) SWAP 0/3810MB (cached 0MB) CPU [0%@729,0%@729,0%@729,0%@729,0%@729,0%@729] GR3D_FREQ 0% cpu@50.468C soc2@49.218C soc0@50.906C gpu@51.562C tj@51.562C soc1@50.843C VDD_IN 5480mW/5537mW VDD_CPU_GPU_CV 519mW/540mW VDD_SOC 2795mW/2817mW
08-04-2026 14:01:53 RAM 1471/7620MB (lfb 96x4MB) SWAP 0/3810MB (cached 0MB) CPU [0%@729,0%@729,0%@729,0%@729,0%@729,0%@729] GR3D_FREQ 0% cpu@50.656C soc2@49.093C soc0@50.968C gpu@51.531C tj@51.531C soc1@50.781C VDD_IN 5440mW/5537mW VDD_CPU_GPU_CV 479mW/540mW VDD_SOC 2795mW/2817mW
08-04-2026 14:01:54 RAM 1471/7620MB (lfb 96x4MB) SWAP 0/3810MB (cached 0MB) CPU [0%@729,0%@729,0%@729,0%@729,0%@729,0%@729] GR3D_FREQ 0% cpu@50.468C soc2@49.156C soc0@51.031C gpu@51.531C tj@51.531C soc1@50.906C VDD_IN 5440mW/5537mW VDD_CPU_GPU_CV 479mW/540mW VDD_SOC 2795mW/2817mW
08-04-2026 14:01:55 RAM 1471/7620MB (lfb 96x4MB) SWAP 0/3810MB (cached 0MB) CPU [0%@729,1%@729,0%@729,0%@729,0%@729,0%@729] GR3D_FREQ 0% cpu@50.468C soc2@49.062C soc0@51.062C gpu@51.468C tj@51.468C soc1@50.718C VDD_IN 5440mW/5537mW VDD_CPU_GPU_CV 479mW/540mW VDD_SOC 2795mW/2817mW
08-04-2026 14:01:56 RAM 1471/7620MB (lfb 96x4MB) SWAP 0/3810MB (cached 0MB) CPU [1%@729,0%@729,1%@729,0%@729,0%@729,0%@729] GR3D_FREQ 0% cpu@50.625C soc2@49.031C soc0@50.937C gpu@51.343C tj@51.343C soc1@50.718C VDD_IN 5440mW/5537mW VDD_CPU_GPU_CV 479mW/540mW VDD_SOC 2795mW/2817mW
08-04-2026 14:01:57 RAM 1471/7620MB (lfb 96x4MB) SWAP 0/3810MB (cached 0MB) CPU [0%@729,1%@729,0%@729,0%@729,0%@729,0%@729] GR3D_FREQ 0% cpu@50.812C soc2@49.125C soc0@51.062C gpu@51.437C tj@51.437C soc1@50.75C VDD_IN 5480mW/5537mW VDD_CPU_GPU_CV 519mW/540mW VDD_SOC 2795mW/2816mW
08-04-2026 14:01:58 RAM 1471/7620MB (lfb 96x4MB) SWAP 0/3810MB (cached 0MB) CPU [0%@729,0%@729,0%@729,0%@729,0%@729,0%@729] GR3D_FREQ 0% cpu@50.625C soc2@49.156C soc0@51.031C gpu@51.625C tj@51.625C soc1@50.781C VDD_IN 5440mW/5537mW VDD_CPU_GPU_CV 479mW/540mW VDD_SOC 2795mW/2816mW
08-04-2026 14:01:59 RAM 1471/7620MB (lfb 96x4MB) SWAP 0/3810MB (cached 0MB) CPU [0%@729,0%@729,0%@729,1%@729,0%@729,0%@729] GR3D_FREQ 0% cpu@50.375C soc2@49.156C soc0@51.062C gpu@51.656C tj@51.656C soc1@50.593C VDD_IN 5440mW/5537mW VDD_CPU_GPU_CV 479mW/540mW VDD_SOC 2795mW/2816mW
08-04-2026 14:02:01 RAM 1471/7620MB (lfb 96x4MB) SWAP 0/3810MB (cached 0MB) CPU [0%@729,0%@729,0%@729,0%@729,0%@729,0%@729] GR3D_FREQ 0% cpu@50.468C soc2@49.062C soc0@51.093C gpu@51.656C tj@51.656C soc1@50.718C VDD_IN 5440mW/5536mW VDD_CPU_GPU_CV 479mW/540mW VDD_SOC 2795mW/2816mW
08-04-2026 14:02:02 RAM 1471/7620MB (lfb 96x4MB) SWAP 0/3810MB (cached 0MB) CPU [0%@729,0%@729,0%@729,0%@729,0%@729,0%@729] GR3D_FREQ 0% cpu@50.562C soc2@49.125C soc0@50.937C gpu@51.687C tj@51.687C soc1@50.781C VDD_IN 5440mW/5536mW VDD_CPU_GPU_CV 479mW/540mW VDD_SOC 2795mW/2816mW
08-04-2026 14:02:03 RAM 1471/7620MB (lfb 96x4MB) SWAP 0/3810MB (cached 0MB) CPU [1%@729,0%@729,0%@729,1%@729,0%@729,0%@729] GR3D_FREQ 0% cpu@50.812C soc2@49.187C soc0@51.031C gpu@51.781C tj@51.781C soc1@50.75C VDD_IN 5480mW/5536mW VDD_CPU_GPU_CV 519mW/540mW VDD_SOC 2795mW/2816mW
08-04-2026 14:02:04 RAM 1471/7620MB (lfb 96x4MB) SWAP 0/3810MB (cached 0MB) CPU [0%@729,0%@729,0%@729,0%@729,0%@729,0%@729] GR3D_FREQ 0% cpu@50.656C soc2@49.218C soc0@51.093C gpu@51.75C tj@51.75C soc1@50.937C VDD_IN 5431mW/5536mW VDD_CPU_GPU_CV 479mW/540mW VDD_SOC 2795mW/2816mW
08-04-2026 14:02:05 RAM 1471/7620MB (lfb 96x4MB) SWAP 0/3810MB (cached 0MB) CPU [0%@729,0%@729,0%@729,0%@729,0%@729,0%@729] GR3D_FREQ 0% cpu@50.5C soc2@49.218C soc0@51.218C gpu@51.468C tj@51.468C soc1@50.75C VDD_IN 5431mW/5536mW VDD_CPU_GPU_CV 479mW/540mW VDD_SOC 2795mW/2816mW
08-04-2026 14:02:06 RAM 1471/7620MB (lfb 96x4MB) SWAP 0/3810MB (cached 0MB) CPU [0%@729,0%@729,0%@729,0%@729,0%@729,0%@729] GR3D_FREQ 0% cpu@50.531C soc2@49.062C soc0@51.218C gpu@51.5C tj@51.5C soc1@50.75C VDD_IN 5440mW/5536mW VDD_CPU_GPU_CV 479mW/540mW VDD_SOC 2795mW/2816mW
08-04-2026 14:02:07 RAM 1471/7620MB (lfb 96x4MB) SWAP 0/3810MB (cached 0MB) CPU [0%@729,0%@729,0%@729,0%@729,0%@729,0%@729] GR3D_FREQ 0% cpu@50.593C soc2@49.125C soc0@50.968C gpu@51.468C tj@51.468C soc1@50.843C VDD_IN 5440mW/5536mW VDD_CPU_GPU_CV 479mW/540mW VDD_SOC 2795mW/2816mW
08-04-2026 14:02:08 RAM 1471/7620MB (lfb 96x4MB) SWAP 0/3810MB (cached 0MB) CPU [0%@729,0%@729,0%@729,0%@729,1%@729,0%@729] GR3D_FREQ 0% cpu@50.843C soc2@49.187C soc0@50.968C gpu@51.531C tj@51.687C soc1@50.812C VDD_IN 5480mW/5536mW VDD_CPU_GPU_CV 519mW/540mW VDD_SOC 2795mW/2816mW
08-04-2026 14:02:09 RAM 1471/7620MB (lfb 96x4MB) SWAP 0/3810MB (cached 0MB) CPU [1%@729,1%@729,0%@729,0%@729,0%@729,0%@729] GR3D_FREQ 0% cpu@50.531C soc2@49.156C soc0@51.093C gpu@51.75C tj@51.75C soc1@50.718C VDD_IN 5431mW/5536mW VDD_CPU_GPU_CV 479mW/540mW VDD_SOC 2795mW/2816mW
08-04-2026 14:02:10 RAM 1471/7620MB (lfb 96x4MB) SWAP 0/3810MB (cached 0MB) CPU [0%@729,0%@729,0%@729,0%@729,0%@729,0%@729] GR3D_FREQ 0% cpu@50.593C soc2@49.125C soc0@51.125C gpu@51.812C tj@51.812C soc1@50.781C VDD_IN 5440mW/5536mW VDD_CPU_GPU_CV 479mW/540mW VDD_SOC 2795mW/2816mW
08-04-2026 14:02:11 RAM 1471/7620MB (lfb 96x4MB) SWAP 0/3810MB (cached 0MB) CPU [0%@729,0%@729,0%@729,0%@729,0%@729,0%@729] GR3D_FREQ 0% cpu@50.687C soc2@49.125C soc0@51.093C gpu@51.875C tj@51.875C soc1@50.781C VDD_IN 5431mW/5536mW VDD_CPU_GPU_CV 479mW/540mW VDD_SOC 2795mW/2816mW
08-04-2026 14:02:12 RAM 1471/7620MB (lfb 96x4MB) SWAP 0/3810MB (cached 0MB) CPU [1%@729,0%@729,0%@729,0%@729,0%@729,0%@729] GR3D_FREQ 0% cpu@50.5C soc2@49.156C soc0@50.968C gpu@51.468C tj@51.468C soc1@50.843C VDD_IN 5431mW/5536mW VDD_CPU_GPU_CV 479mW/540mW VDD_SOC 2795mW/2816mW
08-04-2026 14:02:13 RAM 1471/7620MB (lfb 96x4MB) SWAP 0/3810MB (cached 0MB) CPU [0%@729,0%@729,1%@729,0%@729,0%@729,0%@729] GR3D_FREQ 0% cpu@50.593C soc2@49.156C soc0@51.093C gpu@51.531C tj@51.531C soc1@50.875C VDD_IN 5471mW/5536mW VDD_CPU_GPU_CV 479mW/540mW VDD_SOC 2795mW/2816mW
08-04-2026 14:02:14 RAM 1471/7620MB (lfb 96x4MB) SWAP 0/3810MB (cached 0MB) CPU [0%@729,0%@729,0%@729,0%@729,0%@729,0%@729] GR3D_FREQ 0% cpu@50.468C soc2@49.062C soc0@51.062C gpu@51.531C tj@51.531C soc1@50.718C VDD_IN 5431mW/5536mW VDD_CPU_GPU_CV 479mW/540mW VDD_SOC 2795mW/2816mW
08-04-2026 14:02:15 RAM 1471/7620MB (lfb 96x4MB) SWAP 0/3810MB (cached 0MB) CPU [0%@729,0%@729,1%@729,0%@729,0%@729,0%@729] GR3D_FREQ 0% cpu@50.625C soc2@49.031C soc0@50.968C gpu@51.468C tj@51.468C soc1@50.75C VDD_IN 5440mW/5536mW VDD_CPU_GPU_CV 479mW/540mW VDD_SOC 2795mW/2816mW
08-04-2026 14:02:16 RAM 1471/7620MB (lfb 96x4MB) SWAP 0/3810MB (cached 0MB) CPU [0%@729,0%@729,1%@729,0%@729,0%@729,0%@729] GR3D_FREQ 0% cpu@50.781C soc2@49.093C soc0@50.968C gpu@51.312C tj@51.312C soc1@50.875C VDD_IN 5440mW/5536mW VDD_CPU_GPU_CV 479mW/540mW VDD_SOC 2795mW/2816mW
08-04-2026 14:02:17 RAM 1471/7620MB (lfb 96x4MB) SWAP 0/3810MB (cached 0MB) CPU [0%@729,0%@729,1%@729,0%@729,0%@729,0%@729] GR3D_FREQ 0% cpu@50.468C soc2@49.125C soc0@51.031C gpu@51.406C tj@51.406C soc1@50.937C VDD_IN 5431mW/5536mW VDD_CPU_GPU_CV 479mW/539mW VDD_SOC 2795mW/2816mW
08-04-2026 14:02:18 RAM 1471/7620MB (lfb 96x4MB) SWAP 0/3810MB (cached 0MB) CPU [0%@729,0%@729,0%@729,0%@729,0%@729,0%@729] GR3D_FREQ 0% cpu@50.531C soc2@49.062C soc0@51.125C gpu@51.343C tj@51.343C soc1@50.687C VDD_IN 5431mW/5536mW VDD_CPU_GPU_CV 479mW/539mW VDD_SOC 2795mW/2816mW
08-04-2026 14:02:19 RAM 1471/7620MB (lfb 96x4MB) SWAP 0/3810MB (cached 0MB) CPU [0%@729,0%@729,0%@729,0%@729,0%@729,0%@729] GR3D_FREQ 0% cpu@50.562C soc2@49.156C soc0@51.125C gpu@51.531C tj@51.531C soc1@50.75C VDD_IN 5431mW/5536mW VDD_CPU_GPU_CV 479mW/539mW VDD_SOC 2795mW/2816mW
08-04-2026 14:02:20 RAM 1471/7620MB (lfb 96x4MB) SWAP 0/3810MB (cached 0MB) CPU [0%@729,1%@729,0%@729,0%@729,0%@729,0%@729] GR3D_FREQ 0% cpu@50.906C soc2@49.062C soc0@50.968C gpu@51.593C tj@51.593C soc1@50.781C VDD_IN 5480mW/5536mW VDD_CPU_GPU_CV 519mW/539mW VDD_SOC 2795mW/2816mW
08-04-2026 14:02:21 RAM 1471/7620MB (lfb 96x4MB) SWAP 0/3810MB (cached 0MB) CPU [0%@729,1%@729,0%@729,0%@729,0%@729,0%@729] GR3D_FREQ 0% cpu@50.687C soc2@49.187C soc0@51.031C gpu@51.625C tj@51.625C soc1@50.906C VDD_IN 5440mW/5535mW VDD_CPU_GPU_CV 479mW/539mW VDD_SOC 2795mW/2816mW
08-04-2026 14:02:22 RAM 1471/7620MB (lfb 96x4MB) SWAP 0/3810MB (cached 0MB) CPU [0%@729,0%@729,0%@729,0%@729,0%@729,0%@729] GR3D_FREQ 0% cpu@50.437C soc2@49.187C soc0@51.125C gpu@51.562C tj@51.562C soc1@50.875C VDD_IN 5440mW/5535mW VDD_CPU_GPU_CV 519mW/539mW VDD_SOC 2795mW/2816mW
08-04-2026 14:02:23 RAM 1471/7620MB (lfb 96x4MB) SWAP 0/3810MB (cached 0MB) CPU [1%@729,0%@729,2%@729,0%@729,0%@729,0%@729] GR3D_FREQ 0% cpu@50.593C soc2@49.062C soc0@51.125C gpu@51.656C tj@51.656C soc1@50.687C VDD_IN 5440mW/5535mW VDD_CPU_GPU_CV 519mW/539mW VDD_SOC 2795mW/2816mW
08-04-2026 14:02:24 RAM 1471/7620MB (lfb 96x4MB) SWAP 0/3810MB (cached 0MB) CPU [0%@729,0%@729,0%@729,0%@729,0%@729,0%@729] GR3D_FREQ 0% cpu@50.562C soc2@49.125C soc0@51C gpu@51.343C tj@51.343C soc1@50.781C VDD_IN 5440mW/5535mW VDD_CPU_GPU_CV 519mW/539mW VDD_SOC 2795mW/2816mW
08-04-2026 14:02:25 RAM 1471/7620MB (lfb 96x4MB) SWAP 0/3810MB (cached 0MB) CPU [1%@729,0%@729,0%@729,0%@729,0%@729,0%@729] GR3D_FREQ 0% cpu@50.812C soc2@49.125C soc0@51C gpu@51.406C tj@51.406C soc1@50.75C VDD_IN 5480mW/5535mW VDD_CPU_GPU_CV 519mW/539mW VDD_SOC 2795mW/2816mW
08-04-2026 14:02:26 RAM 1471/7620MB (lfb 96x4MB) SWAP 0/3810MB (cached 0MB) CPU [0%@729,1%@729,0%@729,0%@729,0%@729,0%@729] GR3D_FREQ 0% cpu@50.593C soc2@49.156C soc0@51.093C gpu@51.468C tj@51.468C soc1@50.937C VDD_IN 5440mW/5535mW VDD_CPU_GPU_CV 479mW/539mW VDD_SOC 2795mW/2816mW
08-04-2026 14:02:27 RAM 1471/7620MB (lfb 96x4MB) SWAP 0/3810MB (cached 0MB) CPU [1%@729,0%@729,1%@729,0%@729,0%@729,0%@729] GR3D_FREQ 0% cpu@50.593C soc2@49.093C soc0@51.125C gpu@51.468C tj@51.468C soc1@50.75C VDD_IN 5431mW/5535mW VDD_CPU_GPU_CV 479mW/539mW VDD_SOC 2795mW/2816mW
08-04-2026 14:02:28 RAM 1471/7620MB (lfb 96x4MB) SWAP 0/3810MB (cached 0MB) CPU [0%@729,0%@729,0%@729,0%@729,0%@729,0%@729] GR3D_FREQ 0% cpu@50.5C soc2@49.062C soc0@51.187C gpu@51.687C tj@51.687C soc1@50.75C VDD_IN 5440mW/5535mW VDD_CPU_GPU_CV 479mW/539mW VDD_SOC 2795mW/2816mW
08-04-2026 14:02:29 RAM 1471/7620MB (lfb 96x4MB) SWAP 0/3810MB (cached 0MB) CPU [0%@729,0%@729,0%@729,0%@729,0%@729,0%@729] GR3D_FREQ 0% cpu@50.656C soc2@49.093C soc0@50.968C gpu@51.687C tj@51.687C soc1@50.75C VDD_IN 5480mW/5535mW VDD_CPU_GPU_CV 519mW/539mW VDD_SOC 2795mW/2816mW
08-04-2026 14:02:30 RAM 1471/7620MB (lfb 96x4MB) SWAP 0/3810MB (cached 0MB) CPU [0%@729,0%@729,0%@729,0%@729,0%@729,0%@729] GR3D_FREQ 0% cpu@50.812C soc2@49.156C soc0@51C gpu@51.687C tj@51.687C soc1@50.781C VDD_IN 5471mW/5535mW VDD_CPU_GPU_CV 519mW/539mW VDD_SOC 2795mW/2816mW
08-04-2026 14:02:31 RAM 1470/7620MB (lfb 96x4MB) SWAP 0/3810MB (cached 0MB) CPU [0%@729,0%@729,0%@729,0%@729,0%@729,0%@729] GR3D_FREQ 0% cpu@50.437C soc2@49.218C soc0@51.093C gpu@51.75C tj@51.75C soc1@50.875C VDD_IN 5440mW/5535mW VDD_CPU_GPU_CV 479mW/539mW VDD_SOC 2795mW/2816mW
08-04-2026 14:02:32 RAM 1471/7620MB (lfb 96x4MB) SWAP 0/3810MB (cached 0MB) CPU [0%@729,1%@729,0%@729,0%@729,0%@729,0%@729] GR3D_FREQ 0% cpu@50.531C soc2@49.062C soc0@51.093C gpu@51.468C tj@51.468C soc1@50.687C VDD_IN 5440mW/5535mW VDD_CPU_GPU_CV 519mW/539mW VDD_SOC 2795mW/2816mW
08-04-2026 14:02:33 RAM 1471/7620MB (lfb 96x4MB) SWAP 0/3810MB (cached 0MB) CPU [0%@729,0%@729,0%@729,0%@729,0%@729,0%@729] GR3D_FREQ 0% cpu@50.625C soc2@49.062C soc0@50.968C gpu@51.5C tj@51.5C soc1@50.781C VDD_IN 5440mW/5535mW VDD_CPU_GPU_CV 479mW/539mW VDD_SOC 2795mW/2816mW
08-04-2026 14:02:34 RAM 1471/7620MB (lfb 96x4MB) SWAP 0/3810MB (cached 0MB) CPU [0%@729,1%@729,0%@729,0%@729,0%@729,0%@729] GR3D_FREQ 0% cpu@50.531C soc2@49.125C soc0@51.031C gpu@51.437C tj@51.437C soc1@50.781C VDD_IN 5431mW/5535mW VDD_CPU_GPU_CV 479mW/539mW VDD_SOC 2795mW/2816mW
08-04-2026 14:02:35 RAM 1471/7620MB (lfb 96x4MB) SWAP 0/3810MB (cached 0MB) CPU [0%@729,0%@729,0%@729,0%@729,0%@729,0%@729] GR3D_FREQ 0% cpu@50.781C soc2@49.156C soc0@51.031C gpu@51.843C tj@51.843C soc1@50.906C VDD_IN 5551mW/5535mW VDD_CPU_GPU_CV 519mW/539mW VDD_SOC 2835mW/2816mW
08-04-2026 14:02:36 RAM 1471/7620MB (lfb 96x4MB) SWAP 0/3810MB (cached 0MB) CPU [0%@729,0%@729,1%@729,0%@729,0%@729,0%@729] GR3D_FREQ 0% cpu@50.5C soc2@49.062C soc0@51.125C gpu@51.812C tj@51.812C soc1@50.75C VDD_IN 5431mW/5535mW VDD_CPU_GPU_CV 479mW/539mW VDD_SOC 2795mW/2816mW
08-04-2026 14:02:37 RAM 1471/7620MB (lfb 96x4MB) SWAP 0/3810MB (cached 0MB) CPU [0%@729,0%@729,0%@729,0%@729,0%@729,0%@729] GR3D_FREQ 0% cpu@50.531C soc2@49C soc0@51.031C gpu@51.812C tj@51.812C soc1@50.718C VDD_IN 5440mW/5535mW VDD_CPU_GPU_CV 479mW/539mW VDD_SOC 2795mW/2816mW
08-04-2026 14:02:38 RAM 1471/7620MB (lfb 96x4MB) SWAP 0/3810MB (cached 0MB) CPU [0%@729,0%@729,0%@729,0%@729,0%@729,0%@729] GR3D_FREQ 0% cpu@50.656C soc2@49.093C soc0@50.937C gpu@51.375C tj@51.375C soc1@50.781C VDD_IN 5440mW/5535mW VDD_CPU_GPU_CV 519mW/539mW VDD_SOC 2795mW/2816mW
08-04-2026 14:02:39 RAM 1471/7620MB (lfb 96x4MB) SWAP 0/3810MB (cached 0MB) CPU [1%@729,0%@729,0%@729,0%@729,0%@729,0%@729] GR3D_FREQ 0% cpu@50.468C soc2@49.062C soc0@51.125C gpu@51.468C tj@51.468C soc1@50.875C VDD_IN 5471mW/5535mW VDD_CPU_GPU_CV 519mW/539mW VDD_SOC 2795mW/2816mW
08-04-2026 14:02:40 RAM 1471/7620MB (lfb 96x4MB) SWAP 0/3810MB (cached 0MB) CPU [0%@729,0%@729,0%@729,0%@729,0%@729,0%@729] GR3D_FREQ 0% cpu@50.593C soc2@49.156C soc0@51.062C gpu@51.468C tj@51.468C soc1@50.75C VDD_IN 5600mW/5535mW VDD_CPU_GPU_CV 519mW/539mW VDD_SOC 2835mW/2816mW
08-04-2026 14:02:41 RAM 1471/7620MB (lfb 96x4MB) SWAP 0/3810MB (cached 0MB) CPU [0%@729,0%@729,1%@729,0%@729,0%@729,0%@729] GR3D_FREQ 0% cpu@50.687C soc2@49.093C soc0@51.187C gpu@51.531C tj@51.531C soc1@50.781C VDD_IN 5480mW/5535mW VDD_CPU_GPU_CV 519mW/539mW VDD_SOC 2795mW/2816mW
08-04-2026 14:02:42 RAM 1471/7620MB (lfb 96x4MB) SWAP 0/3810MB (cached 0MB) CPU [1%@729,0%@729,1%@729,0%@729,0%@729,0%@729] GR3D_FREQ 0% cpu@50.5C soc2@49.125C soc0@51.031C gpu@51.468C tj@51.468C soc1@50.75C VDD_IN 5440mW/5535mW VDD_CPU_GPU_CV 479mW/539mW VDD_SOC 2795mW/2816mW
08-04-2026 14:02:43 RAM 1471/7620MB (lfb 96x4MB) SWAP 0/3810MB (cached 0MB) CPU [0%@729,0%@729,0%@729,0%@729,0%@729,0%@729] GR3D_FREQ 0% cpu@50.718C soc2@49.156C soc0@51C gpu@51.5C tj@51.5C soc1@50.781C VDD_IN 5440mW/5535mW VDD_CPU_GPU_CV 479mW/539mW VDD_SOC 2795mW/2816mW
08-04-2026 14:02:44 RAM 1471/7620MB (lfb 96x4MB) SWAP 0/3810MB (cached 0MB) CPU [0%@729,0%@729,0%@729,0%@729,0%@729,0%@729] GR3D_FREQ 0% cpu@50.468C soc2@49.125C soc0@51.031C gpu@51.437C tj@51.437C soc1@50.875C VDD_IN 5480mW/5534mW VDD_CPU_GPU_CV 519mW/539mW VDD_SOC 2795mW/2816mW
08-04-2026 14:02:45 RAM 1471/7620MB (lfb 96x4MB) SWAP 0/3810MB (cached 0MB) CPU [0%@729,1%@729,0%@729,0%@729,0%@729,0%@729] GR3D_FREQ 0% cpu@50.5C soc2@49.125C soc0@51.062C gpu@51.437C tj@51.437C soc1@50.718C VDD_IN 5480mW/5534mW VDD_CPU_GPU_CV 519mW/539mW VDD_SOC 2795mW/2816mW
08-04-2026 14:02:46 RAM 1471/7620MB (lfb 96x4MB) SWAP 0/3810MB (cached 0MB) CPU [0%@729,0%@729,0%@729,0%@729,0%@729,0%@729] GR3D_FREQ 0% cpu@50.593C soc2@49C soc0@51.125C gpu@51.406C tj@51.406C soc1@50.687C VDD_IN 5440mW/5534mW VDD_CPU_GPU_CV 519mW/539mW VDD_SOC 2795mW/2816mW
08-04-2026 14:02:47 RAM 1471/7620MB (lfb 96x4MB) SWAP 0/3810MB (cached 0MB) CPU [0%@729,1%@729,0%@729,0%@729,0%@729,0%@729] GR3D_FREQ 0% cpu@50.875C soc2@49.156C soc0@50.937C gpu@51.343C tj@51.343C soc1@50.718C VDD_IN 5480mW/5534mW VDD_CPU_GPU_CV 519mW/539mW VDD_SOC 2795mW/2816mW
08-04-2026 14:02:48 RAM 1471/7620MB (lfb 96x4MB) SWAP 0/3810MB (cached 0MB) CPU [0%@729,0%@729,0%@729,1%@729,0%@729,0%@729] GR3D_FREQ 0% cpu@50.656C soc2@49.125C soc0@51.031C gpu@51.406C tj@51.406C soc1@50.937C VDD_IN 5520mW/5534mW VDD_CPU_GPU_CV 519mW/539mW VDD_SOC 2795mW/2816mW
08-04-2026 14:02:49 RAM 1471/7620MB (lfb 96x4MB) SWAP 0/3810MB (cached 0MB) CPU [0%@729,0%@729,0%@729,0%@729,0%@729,0%@729] GR3D_FREQ 0% cpu@50.437C soc2@49.125C soc0@50.968C gpu@51.593C tj@51.593C soc1@50.843C VDD_IN 5440mW/5534mW VDD_CPU_GPU_CV 479mW/539mW VDD_SOC 2795mW/2816mW
08-04-2026 14:02:50 RAM 1471/7620MB (lfb 96x4MB) SWAP 0/3810MB (cached 0MB) CPU [0%@729,1%@729,0%@729,0%@729,0%@729,0%@729] GR3D_FREQ 0% cpu@50.5C soc2@49.031C soc0@51.062C gpu@51.593C tj@51.593C soc1@50.75C VDD_IN 5440mW/5534mW VDD_CPU_GPU_CV 479mW/539mW VDD_SOC 2795mW/2816mW
08-04-2026 14:02:51 RAM 1470/7620MB (lfb 96x4MB) SWAP 0/3810MB (cached 0MB) CPU [0%@729,0%@729,1%@729,0%@729,0%@729,0%@729] GR3D_FREQ 0% cpu@50.718C soc2@49.093C soc0@51.093C gpu@51.687C tj@51.687C soc1@50.75C VDD_IN 5431mW/5534mW VDD_CPU_GPU_CV 479mW/539mW VDD_SOC 2795mW/2816mW
08-04-2026 14:02:52 RAM 1470/7620MB (lfb 96x4MB) SWAP 0/3810MB (cached 0MB) CPU [1%@729,0%@729,0%@729,0%@729,0%@729,0%@729] GR3D_FREQ 0% cpu@50.781C soc2@49.187C soc0@50.937C gpu@51.593C tj@51.593C soc1@50.781C VDD_IN 5440mW/5534mW VDD_CPU_GPU_CV 519mW/539mW VDD_SOC 2795mW/2816mW
08-04-2026 14:02:53 RAM 1470/7620MB (lfb 96x4MB) SWAP 0/3810MB (cached 0MB) CPU [0%@729,1%@729,0%@729,0%@729,0%@729,0%@729] GR3D_FREQ 0% cpu@50.656C soc2@49.187C soc0@50.968C gpu@51.687C tj@51.687C soc1@50.843C VDD_IN 5440mW/5534mW VDD_CPU_GPU_CV 519mW/539mW VDD_SOC 2795mW/2816mW
08-04-2026 14:02:54 RAM 1470/7620MB (lfb 96x4MB) SWAP 0/3810MB (cached 0MB) CPU [1%@729,0%@729,0%@729,0%@729,0%@729,0%@729] GR3D_FREQ 0% cpu@50.468C soc2@49.156C soc0@51.031C gpu@51.718C tj@51.718C soc1@50.875C VDD_IN 5431mW/5534mW VDD_CPU_GPU_CV 479mW/539mW VDD_SOC 2795mW/2816mW
08-04-2026 14:02:55 RAM 1470/7620MB (lfb 96x4MB) SWAP 0/3810MB (cached 0MB) CPU [0%@729,0%@729,0%@729,0%@729,0%@729,0%@729] GR3D_FREQ 0% cpu@50.562C soc2@49.125C soc0@51.062C gpu@51.781C tj@51.468C soc1@50.75C VDD_IN 5591mW/5534mW VDD_CPU_GPU_CV 519mW/539mW VDD_SOC 2835mW/2816mW
08-04-2026 14:02:56 RAM 1470/7620MB (lfb 96x4MB) SWAP 0/3810MB (cached 0MB) CPU [1%@729,0%@729,0%@729,1%@729,0%@729,0%@729] GR3D_FREQ 0% cpu@50.625C soc2@49.156C soc0@50.968C gpu@51.5C tj@51.5C soc1@50.656C VDD_IN 5471mW/5534mW VDD_CPU_GPU_CV 519mW/539mW VDD_SOC 2795mW/2816mW
08-04-2026 14:02:57 RAM 1470/7620MB (lfb 96x4MB) SWAP 0/3810MB (cached 0MB) CPU [0%@729,0%@729,0%@729,0%@729,0%@729,0%@729] GR3D_FREQ 0% cpu@50.75C soc2@49.125C soc0@50.968C gpu@51.5C tj@51.5C soc1@50.718C VDD_IN 5440mW/5534mW VDD_CPU_GPU_CV 479mW/539mW VDD_SOC 2795mW/2816mW
08-04-2026 14:02:58 RAM 1470/7620MB (lfb 96x4MB) SWAP 0/3810MB (cached 0MB) CPU [0%@729,0%@729,0%@729,0%@729,0%@729,0%@729] GR3D_FREQ 0% cpu@50.562C soc2@49.093C soc0@50.968C gpu@51.468C tj@51.468C soc1@50.812C VDD_IN 5440mW/5534mW VDD_CPU_GPU_CV 479mW/539mW VDD_SOC 2795mW/2816mW
08-04-2026 14:02:59 RAM 1470/7620MB (lfb 96x4MB) SWAP 0/3810MB (cached 0MB) CPU [0%@729,1%@729,2%@729,0%@729,0%@729,0%@729] GR3D_FREQ 0% cpu@50.406C soc2@49.187C soc0@51C gpu@51.437C tj@51.437C soc1@50.875C VDD_IN 5480mW/5534mW VDD_CPU_GPU_CV 519mW/539mW VDD_SOC 2795mW/2816mW
08-04-2026 14:03:00 RAM 1468/7620MB (lfb 96x4MB) SWAP 0/3810MB (cached 0MB) CPU [1%@729,0%@729,0%@729,0%@729,0%@729,0%@729] GR3D_FREQ 0% cpu@50.468C soc2@49.031C soc0@51.093C gpu@51.437C tj@51.437C soc1@50.687C VDD_IN 5440mW/5534mW VDD_CPU_GPU_CV 479mW/539mW VDD_SOC 2795mW/2816mW
08-04-2026 14:03:01 RAM 1468/7620MB (lfb 96x4MB) SWAP 0/3810MB (cached 0MB) CPU [0%@729,0%@729,0%@729,0%@729,0%@729,0%@729] GR3D_FREQ 0% cpu@50.562C soc2@49.062C soc0@50.968C gpu@51.812C tj@51.812C soc1@50.75C VDD_IN 5431mW/5534mW VDD_CPU_GPU_CV 479mW/539mW VDD_SOC 2795mW/2816mW
08-04-2026 14:03:02 RAM 1469/7620MB (lfb 96x4MB) SWAP 0/3810MB (cached 0MB) CPU [0%@729,1%@729,0%@729,0%@729,0%@729,0%@729] GR3D_FREQ 0% cpu@50.812C soc2@49.031C soc0@50.968C gpu@51.843C tj@51.843C soc1@50.812C VDD_IN 5471mW/5534mW VDD_CPU_GPU_CV 519mW/539mW VDD_SOC 2795mW/2816mW
08-04-2026 14:03:03 RAM 1469/7620MB (lfb 96x4MB) SWAP 0/3810MB (cached 0MB) CPU [0%@729,0%@729,1%@729,0%@729,0%@729,0%@729] GR3D_FREQ 0% cpu@50.562C soc2@49.125C soc0@51.062C gpu@51.312C tj@51.312C soc1@50.875C VDD_IN 5471mW/5534mW VDD_CPU_GPU_CV 519mW/539mW VDD_SOC 2795mW/2816mW
08-04-2026 14:03:04 RAM 1469/7620MB (lfb 96x4MB) SWAP 0/3810MB (cached 0MB) CPU [0%@729,0%@729,0%@729,0%@729,0%@729,0%@729] GR3D_FREQ 0% cpu@50.406C soc2@49.125C soc0@51.156C gpu@51.343C tj@51.343C soc1@50.718C VDD_IN 5440mW/5534mW VDD_CPU_GPU_CV 479mW/538mW VDD_SOC 2795mW/2816mW
08-04-2026 14:03:05 RAM 1469/7620MB (lfb 96x4MB) SWAP 0/3810MB (cached 0MB) CPU [0%@729,0%@729,0%@729,0%@729,0%@729,0%@729] GR3D_FREQ 0% cpu@50.437C soc2@48.968C soc0@51.125C gpu@51.312C tj@51.312C soc1@50.687C VDD_IN 5431mW/5534mW VDD_CPU_GPU_CV 479mW/538mW VDD_SOC 2795mW/2816mW
08-04-2026 14:03:06 RAM 1469/7620MB (lfb 96x4MB) SWAP 0/3810MB (cached 0MB) CPU [1%@729,2%@729,0%@729,0%@729,0%@729,0%@729] GR3D_FREQ 0% cpu@50.531C soc2@49.062C soc0@50.968C gpu@51.312C tj@51.562C soc1@50.75C VDD_IN 5440mW/5534mW VDD_CPU_GPU_CV 479mW/538mW VDD_SOC 2795mW/2816mW
08-04-2026 14:03:07 RAM 1469/7620MB (lfb 96x4MB) SWAP 0/3810MB (cached 0MB) CPU [0%@729,0%@729,0%@729,0%@729,0%@729,0%@729] GR3D_FREQ 0% cpu@50.75C soc2@49.156C soc0@51.093C gpu@51.531C tj@51.531C soc1@50.843C VDD_IN 5440mW/5534mW VDD_CPU_GPU_CV 479mW/538mW VDD_SOC 2795mW/2816mW
08-04-2026 14:03:08 RAM 1469/7620MB (lfb 96x4MB) SWAP 0/3810MB (cached 0MB) CPU [1%@729,0%@729,0%@729,0%@729,0%@729,0%@729] GR3D_FREQ 0% cpu@50.531C soc2@49.156C soc0@50.968C gpu@51.5C tj@51.5C soc1@50.843C VDD_IN 5440mW/5533mW VDD_CPU_GPU_CV 479mW/538mW VDD_SOC 2795mW/2816mW
08-04-2026 14:03:09 RAM 1469/7620MB (lfb 96x4MB) SWAP 0/3810MB (cached 0MB) CPU [0%@729,1%@729,0%@729,0%@729,0%@729,0%@729] GR3D_FREQ 0% cpu@50.468C soc2@49.187C soc0@51.093C gpu@51.531C tj@51.531C soc1@50.75C VDD_IN 5440mW/5533mW VDD_CPU_GPU_CV 479mW/538mW VDD_SOC 2795mW/2816mW
08-04-2026 14:03:10 RAM 1469/7620MB (lfb 96x4MB) SWAP 0/3810MB (cached 0MB) CPU [0%@729,1%@729,0%@729,0%@729,0%@729,0%@729] GR3D_FREQ 0% cpu@50.468C soc2@49.031C soc0@51.062C gpu@51.593C tj@51.593C soc1@50.687C VDD_IN 5520mW/5533mW VDD_CPU_GPU_CV 519mW/538mW VDD_SOC 2795mW/2816mW
08-04-2026 14:03:11 RAM 1469/7620MB (lfb 96x4MB) SWAP 0/3810MB (cached 0MB) CPU [0%@729,0%@729,0%@729,0%@729,0%@729,0%@729] GR3D_FREQ 0% cpu@50.5C soc2@49.156C soc0@50.968C gpu@51.343C tj@51.343C soc1@50.75C VDD_IN 5440mW/5533mW VDD_CPU_GPU_CV 479mW/538mW VDD_SOC 2795mW/2816mW
08-04-2026 14:03:12 RAM 1469/7620MB (lfb 96x4MB) SWAP 0/3810MB (cached 0MB) CPU [1%@729,0%@729,0%@729,0%@729,0%@729,0%@729] GR3D_FREQ 0% cpu@50.687C soc2@49.031C soc0@50.968C gpu@51.375C tj@51.375C soc1@50.75C VDD_IN 5480mW/5533mW VDD_CPU_GPU_CV 519mW/538mW VDD_SOC 2795mW/2816mW
08-04-2026 14:03:13 RAM 1469/7620MB (lfb 96x4MB) SWAP 0/3810MB (cached 0MB) CPU [0%@729,0%@729,0%@729,0%@729,0%@729,0%@729] GR3D_FREQ 0% cpu@50.437C soc2@49.031C soc0@51.062C gpu@51.406C tj@51.406C soc1@50.937C VDD_IN 5431mW/5533mW VDD_CPU_GPU_CV 479mW/538mW VDD_SOC 2795mW/2816mW
08-04-2026 14:03:14 RAM 1469/7620MB (lfb 96x4MB) SWAP 0/3810MB (cached 0MB) CPU [0%@729,0%@729,0%@729,0%@729,0%@729,0%@729] GR3D_FREQ 0% cpu@50.562C soc2@49.031C soc0@51.093C gpu@51.343C tj@51.343C soc1@50.687C VDD_IN 5471mW/5533mW VDD_CPU_GPU_CV 519mW/538mW VDD_SOC 2795mW/2816mW
08-04-2026 14:03:15 RAM 1469/7620MB (lfb 96x4MB) SWAP 0/3810MB (cached 0MB) CPU [1%@729,3%@729,0%@729,0%@729,0%@729,0%@729] GR3D_FREQ 0% cpu@50.656C soc2@49.062C soc0@51.031C gpu@51.406C tj@51.406C soc1@50.718C VDD_IN 5480mW/5533mW VDD_CPU_GPU_CV 479mW/538mW VDD_SOC 2795mW/2816mW
08-04-2026 14:03:16 RAM 1469/7620MB (lfb 96x4MB) SWAP 0/3810MB (cached 0MB) CPU [0%@729,0%@729,0%@729,0%@729,0%@729,0%@729] GR3D_FREQ 0% cpu@50.562C soc2@49.125C soc0@50.968C gpu@51.687C tj@51.687C soc1@50.812C VDD_IN 5440mW/5533mW VDD_CPU_GPU_CV 479mW/538mW VDD_SOC 2795mW/2816mW
08-04-2026 14:03:17 RAM 1469/7620MB (lfb 96x4MB) SWAP 0/3810MB (cached 0MB) CPU [0%@729,0%@729,0%@729,0%@729,0%@729,0%@729] GR3D_FREQ 0% cpu@50.812C soc2@49.187C soc0@51.031C gpu@51.656C tj@51.656C soc1@50.875C VDD_IN 5440mW/5533mW VDD_CPU_GPU_CV 519mW/538mW VDD_SOC 2795mW/2816mW
08-04-2026 14:03:18 RAM 1469/7620MB (lfb 96x4MB) SWAP 0/3810MB (cached 0MB) CPU [0%@729,0%@729,0%@729,0%@729,0%@729,0%@729] GR3D_FREQ 0% cpu@50.468C soc2@49.125C soc0@51.125C gpu@51.687C tj@51.687C soc1@50.656C VDD_IN 5431mW/5533mW VDD_CPU_GPU_CV 519mW/538mW VDD_SOC 2795mW/2816mW
08-04-2026 14:03:19 RAM 1469/7620MB (lfb 96x4MB) SWAP 0/3810MB (cached 0MB) CPU [0%@729,1%@729,0%@729,0%@729,0%@729,0%@729] GR3D_FREQ 0% cpu@50.531C soc2@49C soc0@51.156C gpu@51.5C tj@51.5C soc1@50.718C VDD_IN 5431mW/5533mW VDD_CPU_GPU_CV 479mW/538mW VDD_SOC 2795mW/2816mW
08-04-2026 14:03:20 RAM 1469/7620MB (lfb 96x4MB) SWAP 0/3810MB (cached 0MB) CPU [0%@729,0%@729,0%@729,0%@729,0%@729,0%@729] GR3D_FREQ 0% cpu@50.75C soc2@49.031C soc0@50.968C gpu@51.343C tj@51.343C soc1@50.718C VDD_IN 5471mW/5533mW VDD_CPU_GPU_CV 519mW/538mW VDD_SOC 2795mW/2816mW
08-04-2026 14:03:21 RAM 1469/7620MB (lfb 96x4MB) SWAP 0/3810MB (cached 0MB) CPU [1%@729,1%@729,0%@729,0%@729,0%@729,0%@729] GR3D_FREQ 0% cpu@50.437C soc2@49.156C soc0@51.093C gpu@51.406C tj@51.406C soc1@50.75C VDD_IN 5431mW/5533mW VDD_CPU_GPU_CV 479mW/538mW VDD_SOC 2795mW/2816mW
08-04-2026 14:03:22 RAM 1469/7620MB (lfb 96x4MB) SWAP 0/3810MB (cached 0MB) CPU [0%@729,0%@729,0%@729,0%@729,0%@729,0%@729] GR3D_FREQ 0% cpu@50.531C soc2@49.218C soc0@51.031C gpu@51.375C tj@51.375C soc1@50.75C VDD_IN 5480mW/5533mW VDD_CPU_GPU_CV 519mW/538mW VDD_SOC 2795mW/2816mW
08-04-2026 14:03:23 RAM 1469/7620MB (lfb 96x4MB) SWAP 0/3810MB (cached 0MB) CPU [1%@729,0%@729,0%@729,1%@729,0%@729,0%@729] GR3D_FREQ 0% cpu@50.562C soc2@49.062C soc0@51.187C gpu@51.718C tj@51.718C soc1@50.812C VDD_IN 5440mW/5533mW VDD_CPU_GPU_CV 479mW/538mW VDD_SOC 2795mW/2816mW
08-04-2026 14:03:24 RAM 1469/7620MB (lfb 96x4MB) SWAP 0/3810MB (cached 0MB) CPU [0%@729,0%@729,1%@729,0%@729,0%@729,0%@729] GR3D_FREQ 0% cpu@50.531C soc2@49C soc0@50.968C gpu@51.75C tj@51.75C soc1@50.812C VDD_IN 5480mW/5533mW VDD_CPU_GPU_CV 519mW/538mW VDD_SOC 2795mW/2816mW
08-04-2026 14:03:25 RAM 1469/7620MB (lfb 96x4MB) SWAP 0/3810MB (cached 0MB) CPU [0%@729,0%@729,1%@729,0%@729,0%@729,0%@729] GR3D_FREQ 0% cpu@50.687C soc2@49.156C soc0@51.031C gpu@51.75C tj@51.75C soc1@50.812C VDD_IN 5440mW/5533mW VDD_CPU_GPU_CV 479mW/538mW VDD_SOC 2795mW/2816mW
08-04-2026 14:03:26 RAM 1469/7620MB (lfb 96x4MB) SWAP 0/3810MB (cached 0MB) CPU [1%@729,0%@729,1%@729,0%@729,0%@729,0%@729] GR3D_FREQ 0% cpu@50.375C soc2@49.187C soc0@51C gpu@51.75C tj@51.75C soc1@50.875C VDD_IN 5440mW/5533mW VDD_CPU_GPU_CV 479mW/538mW VDD_SOC 2795mW/2816mW
08-04-2026 14:03:27 RAM 1469/7620MB (lfb 96x4MB) SWAP 0/3810MB (cached 0MB) CPU [1%@729,0%@729,1%@729,0%@729,0%@729,0%@729] GR3D_FREQ 0% cpu@50.468C soc2@49.062C soc0@51.031C gpu@51.437C tj@51.437C soc1@50.75C VDD_IN 5440mW/5533mW VDD_CPU_GPU_CV 479mW/538mW VDD_SOC 2795mW/2816mW
08-04-2026 14:03:28 RAM 1469/7620MB (lfb 96x4MB) SWAP 0/3810MB (cached 0MB) CPU [0%@729,0%@729,0%@729,0%@729,0%@729,0%@729] GR3D_FREQ 0% cpu@50.625C soc2@49.031C soc0@50.937C gpu@51.437C tj@51.437C soc1@50.75C VDD_IN 5480mW/5533mW VDD_CPU_GPU_CV 519mW/538mW VDD_SOC 2795mW/2816mW
08-04-2026 14:03:29 RAM 1469/7620MB (lfb 96x4MB) SWAP 0/3810MB (cached 0MB) CPU [0%@729,0%@729,0%@729,0%@729,0%@729,0%@729] GR3D_FREQ 0% cpu@50.781C soc2@49.156C soc0@50.968C gpu@51.5C tj@51.5C soc1@50.781C VDD_IN 5431mW/5533mW VDD_CPU_GPU_CV 479mW/538mW VDD_SOC 2795mW/2816mW
08-04-2026 14:03:30 RAM 1469/7620MB (lfb 96x4MB) SWAP 0/3810MB (cached 0MB) CPU [1%@729,0%@729,0%@729,0%@729,0%@729,0%@729] GR3D_FREQ 0% cpu@50.656C soc2@49.156C soc0@51.062C gpu@51.281C tj@51.281C soc1@50.875C VDD_IN 5480mW/5533mW VDD_CPU_GPU_CV 519mW/538mW VDD_SOC 2795mW/2815mW
08-04-2026 14:03:31 RAM 1469/7620MB (lfb 96x4MB) SWAP 0/3810MB (cached 0MB) CPU [0%@729,0%@729,0%@729,0%@729,0%@729,0%@729] GR3D_FREQ 0% cpu@50.437C soc2@49.125C soc0@51.062C gpu@51.375C tj@51.375C soc1@50.718C VDD_IN 5440mW/5532mW VDD_CPU_GPU_CV 479mW/538mW VDD_SOC 2795mW/2815mW
08-04-2026 14:03:32 RAM 1495/7620MB (lfb 96x4MB) SWAP 0/3810MB (cached 0MB) CPU [7%@1728,37%@1728,8%@1728,7%@1728,7%@729,6%@729] GR3D_FREQ 0% cpu@51.062C soc2@49.25C soc0@51.187C gpu@51.5C tj@51.5C soc1@50.781C VDD_IN 6680mW/5533mW VDD_CPU_GPU_CV 1238mW/538mW VDD_SOC 3075mW/2816mW
08-04-2026 14:03:33 RAM 1688/7620MB (lfb 96x4MB) SWAP 0/3810MB (cached 0MB) CPU [6%@1728,100%@1728,6%@1728,7%@1728,6%@729,6%@729] GR3D_FREQ 0% cpu@51.406C soc2@49.5C soc0@51.125C gpu@51.718C tj@51.718C soc1@50.781C VDD_IN 7480mW/5534mW VDD_CPU_GPU_CV 1637mW/539mW VDD_SOC 3274mW/2816mW
08-04-2026 14:03:34 RAM 1722/7620MB (lfb 96x4MB) SWAP 0/3810MB (cached 0MB) CPU [0%@1728,100%@1728,0%@1728,0%@1728,0%@729,0%@729] GR3D_FREQ 0% cpu@51.25C soc2@49.5C soc0@51.156C gpu@51.687C tj@51.687C soc1@51C VDD_IN 7440mW/5535mW VDD_CPU_GPU_CV 1517mW/539mW VDD_SOC 3314mW/2816mW
08-04-2026 14:03:35 RAM 1748/7620MB (lfb 96x4MB) SWAP 0/3810MB (cached 0MB) CPU [1%@1728,100%@1728,1%@1728,0%@1728,0%@729,0%@729] GR3D_FREQ 0% cpu@51.5C soc2@49.531C soc0@51.187C gpu@51.718C tj@51.718C soc1@51.031C VDD_IN 7480mW/5536mW VDD_CPU_GPU_CV 1517mW/540mW VDD_SOC 3314mW/2816mW
08-04-2026 14:03:36 RAM 1763/7620MB (lfb 96x4MB) SWAP 0/3810MB (cached 0MB) CPU [0%@1728,99%@1728,0%@1728,0%@1728,0%@729,0%@729] GR3D_FREQ 0% cpu@51.062C soc2@49.562C soc0@51.25C gpu@51.75C tj@51.75C soc1@51.187C VDD_IN 7400mW/5537mW VDD_CPU_GPU_CV 1277mW/540mW VDD_SOC 3394mW/2817mW
08-04-2026 14:03:37 RAM 1471/7620MB (lfb 96x4MB) SWAP 0/3810MB (cached 0MB) CPU [0%@729,36%@729,0%@729,1%@729,0%@729,0%@729] GR3D_FREQ 0% cpu@50.875C soc2@49.343C soc0@51.375C gpu@51.656C tj@51.656C soc1@50.968C VDD_IN 5990mW/5537mW VDD_CPU_GPU_CV 718mW/540mW VDD_SOC 2955mW/2817mW
08-04-2026 14:03:38 RAM 1471/7620MB (lfb 96x4MB) SWAP 0/3810MB (cached 0MB) CPU [0%@729,0%@729,1%@729,1%@729,0%@729,0%@729] GR3D_FREQ 0% cpu@50.875C soc2@49.281C soc0@51.093C gpu@51.75C tj@51.75C soc1@51C VDD_IN 5520mW/5537mW VDD_CPU_GPU_CV 519mW/540mW VDD_SOC 2795mW/2817mW
08-04-2026 14:03:39 RAM 1471/7620MB (lfb 96x4MB) SWAP 0/3810MB (cached 0MB) CPU [1%@729,0%@729,1%@729,0%@729,0%@729,0%@729] GR3D_FREQ 0% cpu@50.968C soc2@49.343C soc0@51.218C gpu@51.812C tj@51.812C soc1@50.968C VDD_IN 5480mW/5537mW VDD_CPU_GPU_CV 519mW/540mW VDD_SOC 2795mW/2817mW
08-04-2026 14:03:40 RAM 1471/7620MB (lfb 96x4MB) SWAP 0/3810MB (cached 0MB) CPU [1%@729,0%@729,1%@729,0%@729,0%@729,0%@729] GR3D_FREQ 0% cpu@50.718C soc2@49.312C soc0@51.156C gpu@51.718C tj@51.718C soc1@51.062C VDD_IN 5480mW/5537mW VDD_CPU_GPU_CV 479mW/540mW VDD_SOC 2795mW/2817mW
08-04-2026 14:03:41 RAM 1471/7620MB (lfb 96x4MB) SWAP 0/3810MB (cached 0MB) CPU [0%@729,0%@729,0%@729,0%@729,0%@729,0%@729] GR3D_FREQ 0% cpu@50.75C soc2@49.375C soc0@51.25C gpu@51.562C tj@51.562C soc1@50.906C VDD_IN 5440mW/5537mW VDD_CPU_GPU_CV 519mW/540mW VDD_SOC 2795mW/2817mW
08-04-2026 14:03:42 RAM 1471/7620MB (lfb 96x4MB) SWAP 0/3810MB (cached 0MB) CPU [0%@729,0%@729,1%@729,0%@729,0%@1728,0%@1728] GR3D_FREQ 0% cpu@50.625C soc2@49.312C soc0@51.281C gpu@51.562C tj@51.562C soc1@51C VDD_IN 5480mW/5537mW VDD_CPU_GPU_CV 519mW/540mW VDD_SOC 2795mW/2817mW
08-04-2026 14:03:43 RAM 1471/7620MB (lfb 96x4MB) SWAP 0/3810MB (cached 0MB) CPU [0%@729,0%@729,0%@729,0%@729,0%@729,0%@729] GR3D_FREQ 0% cpu@50.812C soc2@49.406C soc0@51.156C gpu@51.625C tj@51.625C soc1@50.937C VDD_IN 5480mW/5537mW VDD_CPU_GPU_CV 519mW/540mW VDD_SOC 2795mW/2817mW
08-04-2026 14:03:44 RAM 1471/7620MB (lfb 96x4MB) SWAP 0/3810MB (cached 0MB) CPU [1%@729,0%@729,0%@729,0%@729,0%@729,0%@729] GR3D_FREQ 0% cpu@51C soc2@49.312C soc0@51.031C gpu@51.593C tj@51.593C soc1@51C VDD_IN 5471mW/5537mW VDD_CPU_GPU_CV 519mW/540mW VDD_SOC 2795mW/2817mW
08-04-2026 14:03:45 RAM 1471/7620MB (lfb 96x4MB) SWAP 0/3810MB (cached 0MB) CPU [0%@729,0%@729,1%@729,0%@729,0%@729,0%@729] GR3D_FREQ 0% cpu@50.625C soc2@49.312C soc0@51.218C gpu@51.593C tj@51.593C soc1@51C VDD_IN 5471mW/5537mW VDD_CPU_GPU_CV 519mW/540mW VDD_SOC 2795mW/2817mW
08-04-2026 14:03:46 RAM 1471/7620MB (lfb 96x4MB) SWAP 0/3810MB (cached 0MB) CPU [0%@729,0%@729,0%@729,0%@729,0%@729,0%@729] GR3D_FREQ 0% cpu@50.75C soc2@49.187C soc0@51.281C gpu@51.875C tj@51.875C soc1@50.906C VDD_IN 5431mW/5537mW VDD_CPU_GPU_CV 479mW/540mW VDD_SOC 2795mW/2817mW
08-04-2026 14:03:47 RAM 1471/7620MB (lfb 96x4MB) SWAP 0/3810MB (cached 0MB) CPU [0%@729,0%@729,0%@729,0%@729,0%@729,0%@729] GR3D_FREQ 0% cpu@50.875C soc2@49.281C soc0@51.125C gpu@51.812C tj@51.812C soc1@50.937C VDD_IN 5480mW/5537mW VDD_CPU_GPU_CV 519mW/540mW VDD_SOC 2795mW/2817mW
08-04-2026 14:03:48 RAM 1471/7620MB (lfb 96x4MB) SWAP 0/3810MB (cached 0MB) CPU [1%@729,0%@729,0%@729,0%@729,0%@729,0%@729] GR3D_FREQ 0% cpu@50.656C soc2@49.218C soc0@51.187C gpu@51.812C tj@51.812C soc1@50.875C VDD_IN 5480mW/5537mW VDD_CPU_GPU_CV 519mW/540mW VDD_SOC 2795mW/2817mW
08-04-2026 14:03:49 RAM 1471/7620MB (lfb 96x4MB) SWAP 0/3810MB (cached 0MB) CPU [0%@729,0%@729,0%@729,0%@729,0%@729,0%@729] GR3D_FREQ 0% cpu@50.937C soc2@49.218C soc0@51.156C gpu@51.906C tj@51.906C soc1@50.968C VDD_IN 5431mW/5537mW VDD_CPU_GPU_CV 479mW/540mW VDD_SOC 2795mW/2817mW
08-04-2026 14:03:50 RAM 1471/7620MB (lfb 96x4MB) SWAP 0/3810MB (cached 0MB) CPU [0%@729,1%@729,0%@729,0%@729,0%@729,0%@729] GR3D_FREQ 0% cpu@50.562C soc2@49.25C soc0@51.187C gpu@51.593C tj@51.593C soc1@50.843C VDD_IN 5440mW/5537mW VDD_CPU_GPU_CV 519mW/540mW VDD_SOC 2795mW/2817mW
08-04-2026 14:03:51 RAM 1471/7620MB (lfb 96x4MB) SWAP 0/3810MB (cached 0MB) CPU [0%@729,1%@729,0%@729,0%@729,0%@729,0%@729] GR3D_FREQ 0% cpu@50.687C soc2@49.187C soc0@51.218C gpu@51.593C tj@51.593C soc1@50.843C VDD_IN 5440mW/5537mW VDD_CPU_GPU_CV 519mW/540mW VDD_SOC 2795mW/2817mW
08-04-2026 14:03:52 RAM 1471/7620MB (lfb 96x4MB) SWAP 0/3810MB (cached 0MB) CPU [0%@729,0%@729,0%@729,0%@729,0%@729,0%@729] GR3D_FREQ 0% cpu@50.812C soc2@49.156C soc0@51.093C gpu@51.531C tj@51.531C soc1@50.906C VDD_IN 5440mW/5537mW VDD_CPU_GPU_CV 479mW/540mW VDD_SOC 2795mW/2817mW
08-04-2026 14:03:53 RAM 1471/7620MB (lfb 96x4MB) SWAP 0/3810MB (cached 0MB) CPU [0%@729,0%@729,0%@729,0%@729,0%@729,0%@729] GR3D_FREQ 0% cpu@50.531C soc2@49.187C soc0@51.125C gpu@51.593C tj@51.593C soc1@50.968C VDD_IN 5440mW/5537mW VDD_CPU_GPU_CV 479mW/540mW VDD_SOC 2795mW/2817mW
08-04-2026 14:03:54 RAM 1471/7620MB (lfb 96x4MB) SWAP 0/3810MB (cached 0MB) CPU [0%@729,1%@729,1%@729,0%@729,0%@729,0%@729] GR3D_FREQ 0% cpu@50.625C soc2@49.312C soc0@51.125C gpu@51.468C tj@51.468C soc1@50.843C VDD_IN 5431mW/5537mW VDD_CPU_GPU_CV 479mW/540mW VDD_SOC 2795mW/2817mW
08-04-2026 14:03:55 RAM 1471/7620MB (lfb 96x4MB) SWAP 0/3810MB (cached 0MB) CPU [1%@729,0%@729,0%@729,0%@729,0%@729,0%@729] GR3D_FREQ 0% cpu@50.468C soc2@49.156C soc0@51.25C gpu@51.5C tj@51.5C soc1@50.875C VDD_IN 5431mW/5537mW VDD_CPU_GPU_CV 479mW/540mW VDD_SOC 2795mW/2817mW
08-04-2026 14:03:56 RAM 1471/7620MB (lfb 96x4MB) SWAP 0/3810MB (cached 0MB) CPU [0%@729,0%@729,0%@729,0%@729,0%@729,0%@729] GR3D_FREQ 0% cpu@50.562C soc2@49.218C soc0@51C gpu@51.5C tj@51.5C soc1@50.843C VDD_IN 5431mW/5537mW VDD_CPU_GPU_CV 519mW/540mW VDD_SOC 2795mW/2817mW
08-04-2026 14:03:57 RAM 1471/7620MB (lfb 96x4MB) SWAP 0/3810MB (cached 0MB) CPU [1%@729,0%@729,0%@729,0%@729,0%@729,0%@729] GR3D_FREQ 0% cpu@50.718C soc2@49.218C soc0@51C gpu@51.375C tj@51.375C soc1@50.781C VDD_IN 5440mW/5537mW VDD_CPU_GPU_CV 519mW/540mW VDD_SOC 2795mW/2817mW
08-04-2026 14:03:58 RAM 1471/7620MB (lfb 96x4MB) SWAP 0/3810MB (cached 0MB) CPU [0%@729,0%@729,0%@729,0%@729,0%@729,0%@729] GR3D_FREQ 0% cpu@50.531C soc2@49.281C soc0@51.156C gpu@51.437C tj@51.437C soc1@50.937C VDD_IN 5440mW/5537mW VDD_CPU_GPU_CV 479mW/540mW VDD_SOC 2795mW/2817mW
08-04-2026 14:03:59 RAM 1471/7620MB (lfb 96x4MB) SWAP 0/3810MB (cached 0MB) CPU [1%@729,0%@729,0%@729,0%@729,0%@729,0%@729] GR3D_FREQ 0% cpu@50.593C soc2@49.187C soc0@51.156C gpu@51.656C tj@51.656C soc1@50.875C VDD_IN 5440mW/5537mW VDD_CPU_GPU_CV 479mW/540mW VDD_SOC 2795mW/2817mW
08-04-2026 14:04:00 RAM 1471/7620MB (lfb 96x4MB) SWAP 0/3810MB (cached 0MB) CPU [0%@729,1%@729,0%@729,0%@729,0%@729,0%@729] GR3D_FREQ 0% cpu@50.625C soc2@49.156C soc0@51.187C gpu@51.687C tj@51.687C soc1@50.843C VDD_IN 5431mW/5536mW VDD_CPU_GPU_CV 479mW/540mW VDD_SOC 2795mW/2817mW
08-04-2026 14:04:01 RAM 1469/7620MB (lfb 96x4MB) SWAP 0/3810MB (cached 0MB) CPU [6%@729,4%@729,4%@729,12%@729,1%@729,0%@729] GR3D_FREQ 0% cpu@50.937C soc2@49.093C soc0@51.062C gpu@51.656C tj@51.656C soc1@50.906C VDD_IN 5640mW/5537mW VDD_CPU_GPU_CV 599mW/540mW VDD_SOC 2835mW/2817mW
08-04-2026 14:04:02 RAM 1469/7620MB (lfb 96x4MB) SWAP 0/3810MB (cached 0MB) CPU [0%@729,0%@729,0%@729,0%@729,0%@729,0%@729] GR3D_FREQ 0% cpu@50.593C soc2@49.156C soc0@51C gpu@51.312C tj@51.312C soc1@50.937C VDD_IN 5471mW/5536mW VDD_CPU_GPU_CV 519mW/540mW VDD_SOC 2795mW/2817mW
08-04-2026 14:04:03 RAM 1469/7620MB (lfb 96x4MB) SWAP 0/3810MB (cached 0MB) CPU [0%@729,0%@729,1%@729,0%@729,0%@729,0%@729] GR3D_FREQ 0% cpu@50.593C soc2@49.156C soc0@51.125C gpu@51.437C tj@51.437C soc1@50.781C VDD_IN 5440mW/5536mW VDD_CPU_GPU_CV 519mW/540mW VDD_SOC 2795mW/2817mW
08-04-2026 14:04:04 RAM 1469/7620MB (lfb 96x4MB) SWAP 0/3810MB (cached 0MB) CPU [1%@729,0%@729,0%@729,0%@729,0%@729,0%@729] GR3D_FREQ 0% cpu@50.531C soc2@49.031C soc0@51.062C gpu@51.687C tj@51.687C soc1@50.812C VDD_IN 5471mW/5536mW VDD_CPU_GPU_CV 519mW/540mW VDD_SOC 2795mW/2817mW
08-04-2026 14:04:05 RAM 1469/7620MB (lfb 96x4MB) SWAP 0/3810MB (cached 0MB) CPU [1%@729,0%@729,1%@729,1%@729,0%@729,0%@729] GR3D_FREQ 0% cpu@50.593C soc2@49.125C soc0@51.062C gpu@51.625C tj@51.625C soc1@50.843C VDD_IN 5440mW/5536mW VDD_CPU_GPU_CV 479mW/540mW VDD_SOC 2795mW/2816mW
08-04-2026 14:04:06 RAM 1469/7620MB (lfb 96x4MB) SWAP 0/3810MB (cached 0MB) CPU [0%@729,0%@729,1%@729,0%@729,0%@729,0%@729] GR3D_FREQ 0% cpu@50.843C soc2@49.156C soc0@51.187C gpu@51.687C tj@51.687C soc1@50.843C VDD_IN 5680mW/5536mW VDD_CPU_GPU_CV 559mW/540mW VDD_SOC 2875mW/2817mW
08-04-2026 14:04:07 RAM 1469/7620MB (lfb 96x4MB) SWAP 0/3810MB (cached 0MB) CPU [0%@729,0%@729,0%@729,1%@729,0%@729,0%@729] GR3D_FREQ 0% cpu@50.562C soc2@49.25C soc0@51.093C gpu@51.687C tj@51.687C soc1@50.687C VDD_IN 5471mW/5536mW VDD_CPU_GPU_CV 519mW/540mW VDD_SOC 2795mW/2817mW
08-04-2026 14:04:08 RAM 1469/7620MB (lfb 96x4MB) SWAP 0/3810MB (cached 0MB) CPU [1%@729,0%@729,0%@729,1%@729,0%@729,0%@729] GR3D_FREQ 0% cpu@50.562C soc2@49.187C soc0@51.187C gpu@51.468C tj@51.468C soc1@50.718C VDD_IN 5440mW/5536mW VDD_CPU_GPU_CV 479mW/540mW VDD_SOC 2795mW/2816mW
08-04-2026 14:04:09 RAM 1469/7620MB (lfb 96x4MB) SWAP 0/3810MB (cached 0MB) CPU [0%@729,0%@729,1%@729,0%@729,0%@729,0%@729] GR3D_FREQ 0% cpu@50.781C soc2@49.25C soc0@50.968C gpu@51.531C tj@51.531C soc1@50.812C VDD_IN 5431mW/5536mW VDD_CPU_GPU_CV 519mW/540mW VDD_SOC 2795mW/2816mW
08-04-2026 14:04:10 RAM 1469/7620MB (lfb 96x4MB) SWAP 0/3810MB (cached 0MB) CPU [0%@729,0%@729,0%@729,0%@729,0%@729,0%@729] GR3D_FREQ 0% cpu@50.5C soc2@49.187C soc0@51.062C gpu@51.406C tj@51.406C soc1@50.812C VDD_IN 5431mW/5536mW VDD_CPU_GPU_CV 479mW/540mW VDD_SOC 2795mW/2816mW
08-04-2026 14:04:11 RAM 1469/7620MB (lfb 96x4MB) SWAP 0/3810MB (cached 0MB) CPU [0%@729,1%@729,1%@729,0%@729,0%@729,0%@729] GR3D_FREQ 0% cpu@50.5C soc2@49.218C soc0@51.031C gpu@51.406C tj@51.406C soc1@50.906C VDD_IN 5440mW/5536mW VDD_CPU_GPU_CV 519mW/540mW VDD_SOC 2795mW/2816mW
08-04-2026 14:04:12 RAM 1469/7620MB (lfb 96x4MB) SWAP 0/3810MB (cached 0MB) CPU [0%@729,0%@729,1%@729,0%@729,0%@729,0%@729] GR3D_FREQ 0% cpu@50.468C soc2@49.156C soc0@51.187C gpu@51.75C tj@51.75C soc1@50.718C VDD_IN 5471mW/5536mW VDD_CPU_GPU_CV 519mW/540mW VDD_SOC 2795mW/2816mW
08-04-2026 14:04:13 RAM 1513/7620MB (lfb 96x4MB) SWAP 0/3810MB (cached 0MB) CPU [11%@1728,10%@1728,12%@1728,67%@1728,7%@729,6%@729] GR3D_FREQ 0% cpu@51.437C soc2@49.218C soc0@51.031C gpu@51.968C tj@51.968C soc1@50.781C VDD_IN 7080mW/5537mW VDD_CPU_GPU_CV 1397mW/540mW VDD_SOC 3194mW/2817mW
08-04-2026 14:04:14 RAM 1703/7620MB (lfb 96x4MB) SWAP 0/3810MB (cached 0MB) CPU [7%@1728,7%@1728,7%@1728,100%@1728,6%@729,7%@729] GR3D_FREQ 0% cpu@51.718C soc2@49.437C soc0@51.125C gpu@52.031C tj@52.031C soc1@50.843C VDD_IN 7480mW/5538mW VDD_CPU_GPU_CV 1597mW/541mW VDD_SOC 3314mW/2817mW
08-04-2026 14:04:15 RAM 1734/7620MB (lfb 96x4MB) SWAP 0/3810MB (cached 0MB) CPU [0%@1728,0%@1728,1%@1728,100%@1728,0%@729,0%@729] GR3D_FREQ 0% cpu@51.531C soc2@49.437C soc0@51.125C gpu@52.156C tj@52.156C soc1@51C VDD_IN 7440mW/5539mW VDD_CPU_GPU_CV 1557mW/541mW VDD_SOC 3314mW/2817mW
08-04-2026 14:04:16 RAM 1767/7620MB (lfb 96x4MB) SWAP 0/3810MB (cached 0MB) CPU [0%@1728,0%@1728,0%@1728,100%@1728,0%@729,0%@729] GR3D_FREQ 0% cpu@51.468C soc2@49.562C soc0@51.343C gpu@52.187C tj@52.187C soc1@51.156C VDD_IN 7440mW/5540mW VDD_CPU_GPU_CV 1557mW/542mW VDD_SOC 3314mW/2817mW
08-04-2026 14:04:17 RAM 1768/7620MB (lfb 96x4MB) SWAP 0/3810MB (cached 0MB) CPU [0%@1728,0%@1728,0%@1728,100%@1728,0%@729,0%@729] GR3D_FREQ 0% cpu@51.281C soc2@49.531C soc0@51.343C gpu@52.187C tj@52.187C soc1@51C VDD_IN 7400mW/5541mW VDD_CPU_GPU_CV 1317mW/542mW VDD_SOC 3394mW/2818mW
08-04-2026 14:04:18 RAM 1472/7620MB (lfb 96x4MB) SWAP 0/3810MB (cached 0MB) CPU [2%@729,0%@729,0%@729,8%@729,0%@729,0%@729] GR3D_FREQ 0% cpu@50.781C soc2@49.406C soc0@51.25C gpu@51.812C tj@51.812C soc1@51.062C VDD_IN 5750mW/5541mW VDD_CPU_GPU_CV 599mW/542mW VDD_SOC 2875mW/2818mW
08-04-2026 14:04:19 RAM 1470/7620MB (lfb 96x4MB) SWAP 0/3810MB (cached 0MB) CPU [2%@729,0%@729,1%@729,0%@729,0%@729,1%@729] GR3D_FREQ 0% cpu@50.906C soc2@49.343C soc0@51.25C gpu@51.718C tj@51.718C soc1@50.968C VDD_IN 5480mW/5541mW VDD_CPU_GPU_CV 519mW/542mW VDD_SOC 2795mW/2818mW
08-04-2026 14:04:20 RAM 1470/7620MB (lfb 96x4MB) SWAP 0/3810MB (cached 0MB) CPU [1%@729,1%@729,0%@729,1%@729,0%@729,0%@729] GR3D_FREQ 0% cpu@50.687C soc2@49.312C soc0@51.25C gpu@52.031C tj@52.031C soc1@51.125C VDD_IN 5440mW/5541mW VDD_CPU_GPU_CV 479mW/542mW VDD_SOC 2795mW/2818mW
08-04-2026 14:04:21 RAM 1470/7620MB (lfb 96x4MB) SWAP 0/3810MB (cached 0MB) CPU [2%@729,0%@729,0%@729,0%@729,0%@729,0%@729] GR3D_FREQ 0% cpu@50.687C soc2@49.156C soc0@51.281C gpu@51.562C tj@51.562C soc1@50.906C VDD_IN 5440mW/5541mW VDD_CPU_GPU_CV 479mW/542mW VDD_SOC 2795mW/2818mW
08-04-2026 14:04:22 RAM 1470/7620MB (lfb 96x4MB) SWAP 0/3810MB (cached 0MB) CPU [0%@729,0%@729,0%@729,0%@729,0%@729,0%@729] GR3D_FREQ 0% cpu@50.75C soc2@49.312C soc0@51.187C gpu@51.468C tj@51.468C soc1@50.937C VDD_IN 5440mW/5541mW VDD_CPU_GPU_CV 479mW/542mW VDD_SOC 2795mW/2818mW
08-04-2026 14:04:23 RAM 1470/7620MB (lfb 96x4MB) SWAP 0/3810MB (cached 0MB) CPU [0%@729,0%@729,0%@729,0%@729,0%@729,0%@729] GR3D_FREQ 0% cpu@50.625C soc2@49.218C soc0@51.125C gpu@51.468C tj@51.468C soc1@50.968C VDD_IN 5431mW/5541mW VDD_CPU_GPU_CV 519mW/542mW VDD_SOC 2795mW/2818mW
08-04-2026 14:04:24 RAM 1470/7620MB (lfb 96x4MB) SWAP 0/3810MB (cached 0MB) CPU [1%@729,0%@729,0%@729,0%@729,0%@729,0%@729] GR3D_FREQ 0% cpu@50.812C soc2@49.218C soc0@51.156C gpu@51.625C tj@51.625C soc1@51C VDD_IN 5480mW/5541mW VDD_CPU_GPU_CV 519mW/542mW VDD_SOC 2795mW/2818mW
08-04-2026 14:04:25 RAM 1470/7620MB (lfb 96x4MB) SWAP 0/3810MB (cached 0MB) CPU [0%@729,0%@729,1%@729,0%@729,0%@729,0%@729] GR3D_FREQ 0% cpu@50.75C soc2@49.187C soc0@51.218C gpu@51.718C tj@51.718C soc1@50.75C VDD_IN 5440mW/5541mW VDD_CPU_GPU_CV 519mW/542mW VDD_SOC 2795mW/2818mW
08-04-2026 14:04:26 RAM 1470/7620MB (lfb 96x4MB) SWAP 0/3810MB (cached 0MB) CPU [0%@729,0%@729,1%@729,0%@729,0%@729,0%@729] GR3D_FREQ 0% cpu@50.593C soc2@49.281C soc0@51.093C gpu@51.625C tj@51.625C soc1@50.875C VDD_IN 5480mW/5541mW VDD_CPU_GPU_CV 519mW/542mW VDD_SOC 2795mW/2818mW
08-04-2026 14:04:27 RAM 1470/7620MB (lfb 96x4MB) SWAP 0/3810MB (cached 0MB) CPU [0%@729,0%@729,0%@729,0%@729,0%@729,0%@729] GR3D_FREQ 0% cpu@50.75C soc2@49.281C soc0@51.062C gpu@51.687C tj@51.687C soc1@50.937C VDD_IN 5440mW/5541mW VDD_CPU_GPU_CV 479mW/542mW VDD_SOC 2795mW/2818mW
08-04-2026 14:04:28 RAM 1470/7620MB (lfb 96x4MB) SWAP 0/3810MB (cached 0MB) CPU [0%@729,0%@729,0%@729,0%@729,0%@729,0%@729] GR3D_FREQ 0% cpu@50.937C soc2@49.187C soc0@51.062C gpu@51.593C tj@51.593C soc1@50.968C VDD_IN 5440mW/5541mW VDD_CPU_GPU_CV 479mW/542mW VDD_SOC 2795mW/2818mW
08-04-2026 14:04:29 RAM 1470/7620MB (lfb 96x4MB) SWAP 0/3810MB (cached 0MB) CPU [0%@729,0%@729,0%@729,0%@729,0%@729,0%@729] GR3D_FREQ 0% cpu@50.687C soc2@49.218C soc0@51.125C gpu@51.531C tj@51.531C soc1@51C VDD_IN 5480mW/5541mW VDD_CPU_GPU_CV 519mW/542mW VDD_SOC 2795mW/2818mW
08-04-2026 14:04:30 RAM 1470/7620MB (lfb 96x4MB) SWAP 0/3810MB (cached 0MB) CPU [1%@729,0%@729,1%@729,0%@729,0%@729,0%@729] GR3D_FREQ 0% cpu@50.625C soc2@49.25C soc0@51.25C gpu@51.531C tj@51.531C soc1@50.75C VDD_IN 5520mW/5541mW VDD_CPU_GPU_CV 519mW/542mW VDD_SOC 2795mW/2818mW
08-04-2026 14:04:31 RAM 1470/7620MB (lfb 96x4MB) SWAP 0/3810MB (cached 0MB) CPU [0%@729,0%@729,0%@729,0%@729,0%@729,0%@729] GR3D_FREQ 0% cpu@50.593C soc2@49.218C soc0@51.031C gpu@51.437C tj@51.437C soc1@50.906C VDD_IN 5480mW/5541mW VDD_CPU_GPU_CV 519mW/542mW VDD_SOC 2795mW/2818mW
08-04-2026 14:04:32 RAM 1470/7620MB (lfb 96x4MB) SWAP 0/3810MB (cached 0MB) CPU [1%@729,0%@729,1%@729,0%@729,0%@729,0%@729] GR3D_FREQ 0% cpu@50.625C soc2@49.125C soc0@51.031C gpu@51.468C tj@51.468C soc1@50.875C VDD_IN 5440mW/5540mW VDD_CPU_GPU_CV 519mW/542mW VDD_SOC 2795mW/2818mW
08-04-2026 14:04:33 RAM 1470/7620MB (lfb 96x4MB) SWAP 0/3810MB (cached 0MB) CPU [1%@729,0%@729,0%@729,0%@729,0%@729,0%@729] GR3D_FREQ 0% cpu@50.906C soc2@49.156C soc0@51.125C gpu@51.656C tj@51.656C soc1@50.906C VDD_IN 5440mW/5540mW VDD_CPU_GPU_CV 479mW/542mW VDD_SOC 2795mW/2818mW
08-04-2026 14:04:34 RAM 1470/7620MB (lfb 96x4MB) SWAP 0/3810MB (cached 0MB) CPU [0%@729,0%@729,0%@729,0%@729,0%@729,0%@729] GR3D_FREQ 0% cpu@50.593C soc2@49.312C soc0@51.125C gpu@51.718C tj@51.718C soc1@50.843C VDD_IN 5440mW/5540mW VDD_CPU_GPU_CV 479mW/542mW VDD_SOC 2795mW/2818mW
08-04-2026 14:04:35 RAM 1470/7620MB (lfb 96x4MB) SWAP 0/3810MB (cached 0MB) CPU [2%@729,0%@729,0%@729,0%@729,0%@729,0%@729] GR3D_FREQ 0% cpu@50.656C soc2@49.156C soc0@51.031C gpu@51.718C tj@51.718C soc1@50.843C VDD_IN 5480mW/5540mW VDD_CPU_GPU_CV 519mW/542mW VDD_SOC 2795mW/2818mW
08-04-2026 14:04:36 RAM 1470/7620MB (lfb 96x4MB) SWAP 0/3810MB (cached 0MB) CPU [0%@729,1%@729,0%@729,0%@729,0%@729,0%@729] GR3D_FREQ 0% cpu@50.75C soc2@49.187C soc0@51.031C gpu@51.75C tj@51.75C soc1@50.781C VDD_IN 5480mW/5540mW VDD_CPU_GPU_CV 519mW/542mW VDD_SOC 2795mW/2818mW
08-04-2026 14:04:37 RAM 1470/7620MB (lfb 96x4MB) SWAP 0/3810MB (cached 0MB) CPU [0%@729,0%@729,1%@729,0%@729,0%@729,0%@729] GR3D_FREQ 0% cpu@50.531C soc2@49.187C soc0@51.062C gpu@51.75C tj@51.75C soc1@50.875C VDD_IN 5440mW/5540mW VDD_CPU_GPU_CV 479mW/542mW VDD_SOC 2795mW/2818mW
08-04-2026 14:04:38 RAM 1470/7620MB (lfb 96x4MB) SWAP 0/3810MB (cached 0MB) CPU [0%@729,0%@729,0%@729,0%@729,0%@729,0%@729] GR3D_FREQ 0% cpu@50.812C soc2@49.218C soc0@51.093C gpu@51.531C tj@51.531C soc1@50.875C VDD_IN 5440mW/5540mW VDD_CPU_GPU_CV 519mW/542mW VDD_SOC 2795mW/2818mW
08-04-2026 14:04:39 RAM 1470/7620MB (lfb 96x4MB) SWAP 0/3810MB (cached 0MB) CPU [1%@729,1%@729,0%@729,0%@729,0%@729,0%@729] GR3D_FREQ 0% cpu@50.468C soc2@49.156C soc0@51.093C gpu@51.531C tj@51.531C soc1@50.843C VDD_IN 5440mW/5540mW VDD_CPU_GPU_CV 519mW/542mW VDD_SOC 2795mW/2818mW
08-04-2026 14:04:40 RAM 1470/7620MB (lfb 96x4MB) SWAP 0/3810MB (cached 0MB) CPU [0%@729,0%@729,1%@729,0%@729,0%@729,0%@729] GR3D_FREQ 0% cpu@50.656C soc2@49.156C soc0@50.968C gpu@51.5C tj@51.5C soc1@50.812C VDD_IN 5440mW/5540mW VDD_CPU_GPU_CV 479mW/542mW VDD_SOC 2795mW/2818mW
08-04-2026 14:04:41 RAM 1470/7620MB (lfb 96x4MB) SWAP 0/3810MB (cached 0MB) CPU [0%@729,0%@729,0%@729,0%@729,0%@729,0%@729] GR3D_FREQ 0% cpu@50.781C soc2@49.125C soc0@51.031C gpu@51.468C tj@51.468C soc1@50.843C VDD_IN 5440mW/5540mW VDD_CPU_GPU_CV 479mW/542mW VDD_SOC 2795mW/2818mW
08-04-2026 14:04:42 RAM 1470/7620MB (lfb 96x4MB) SWAP 0/3810MB (cached 0MB) CPU [0%@729,1%@729,0%@729,0%@729,0%@729,0%@729] GR3D_FREQ 0% cpu@50.468C soc2@49.062C soc0@51.031C gpu@51.781C tj@51.781C soc1@50.875C VDD_IN 5480mW/5540mW VDD_CPU_GPU_CV 519mW/542mW VDD_SOC 2795mW/2817mW
08-04-2026 14:04:43 RAM 1470/7620MB (lfb 96x4MB) SWAP 0/3810MB (cached 0MB) CPU [0%@729,0%@729,0%@729,0%@729,0%@729,0%@729] GR3D_FREQ 0% cpu@50.468C soc2@49.156C soc0@51.125C gpu@51.812C tj@51.812C soc1@51C VDD_IN 5440mW/5540mW VDD_CPU_GPU_CV 479mW/542mW VDD_SOC 2795mW/2817mW
08-04-2026 14:04:44 RAM 1470/7620MB (lfb 96x4MB) SWAP 0/3810MB (cached 0MB) CPU [1%@729,0%@729,1%@729,0%@729,0%@729,0%@729] GR3D_FREQ 0% cpu@50.468C soc2@49.031C soc0@51.125C gpu@51.812C tj@51.812C soc1@50.75C VDD_IN 5440mW/5540mW VDD_CPU_GPU_CV 479mW/542mW VDD_SOC 2795mW/2817mW
08-04-2026 14:04:45 RAM 1470/7620MB (lfb 96x4MB) SWAP 0/3810MB (cached 0MB) CPU [0%@729,0%@729,0%@729,0%@729,0%@729,0%@729] GR3D_FREQ 0% cpu@50.625C soc2@49.125C soc0@50.968C gpu@51.812C tj@51.812C soc1@50.812C VDD_IN 5440mW/5540mW VDD_CPU_GPU_CV 479mW/542mW VDD_SOC 2795mW/2817mW
