elapsed_s,timestamp,gpu_temp_c,cpu_temp_c,tj_temp_c,soc0_temp_c,gpu_util_pct,gpu_clock_mhz,gpu_max_mhz,emc_util_pct,vdd_in_mw,vdd_cpu_gpu_cv_mw,vdd_soc_mw,ram_used_mb,cpu_util_mean_pct,cpu_clock_max_mhz
1.0,2026-08-05T02:19:41.165500+00:00,51.5,50.25,51.5,50.687,0,306,1020,,5471,519,2795,1465,0.2,729
2.0,2026-08-05T02:19:42.169027+00:00,51.062,50.343,51.062,50.625,0,306,1020,,5431,519,2755,1465,0.2,729
3.0,2026-08-05T02:19:43.175170+00:00,51.125,50.156,51.125,50.812,0,306,1020,,5431,519,2755,1465,0.2,729
4.0,2026-08-05T02:19:44.181286+00:00,51.125,50.187,51.125,50.718,0,306,1020,,5471,518,2795,1465,0.2,729
5.0,2026-08-05T02:19:45.187581+00:00,51.531,50.25,51.531,50.625,0,306,1020,,5471,519,2755,1465,0.2,729
6.1,2026-08-05T02:19:46.193888+00:00,51.531,50.468,51.531,50.593,0,306,1020,,5431,519,2755,1465,0.0,729
7.1,2026-08-05T02:19:47.200152+00:00,51.531,50.156,51.531,50.718,0,306,1020,,5431,519,2755,1465,0.0,729
8.1,2026-08-05T02:19:48.209026+00:00,51.187,50.343,51.187,50.687,0,306,1020,,5511,519,2795,1467,0.7,729
9.1,2026-08-05T02:19:49.216835+00:00,51.531,50.437,51.531,50.718,0,306,1020,,5511,519,2795,1468,4.3,729
10.1,2026-08-05T02:19:50.221813+00:00,51.093,50.156,51.093,50.625,0,306,1020,,5431,519,2755,1468,0.5,729
11.1,2026-08-05T02:19:51.227531+00:00,51.062,50.187,51.062,50.718,0,306,1020,,5431,519,2755,1468,0.0,729
12.1,2026-08-05T02:19:52.233159+00:00,51.031,50.218,51.031,50.593,0,306,1020,,5431,519,2755,1468,0.2,729
13.1,2026-08-05T02:19:53.239334+00:00,51.156,50.218,51.156,50.593,0,306,1020,,5431,519,2755,1468,0.0,729
14.1,2026-08-05T02:19:54.245418+00:00,51.156,50.312,51.156,50.656,0,306,1020,,5431,519,2755,1468,0.2,729
15.1,2026-08-05T02:19:55.251965+00:00,51.187,50.062,51.187,50.656,0,306,1020,,5431,519,2755,1468,0.2,729
16.1,2026-08-05T02:19:56.257934+00:00,51.031,50.093,51.031,50.781,0,306,1020,,5431,519,2755,1468,0.2,729
17.1,2026-08-05T02:19:57.263830+00:00,51.031,50.343,51.031,50.562,0,306,1020,,5431,519,2755,1468,0.2,729
18.1,2026-08-05T02:19:58.269471+00:00,50.968,50.093,50.968,50.593,0,306,1020,,5431,519,2755,1468,0.2,729
19.1,2026-08-05T02:19:59.275613+00:00,51.062,50.25,51.062,50.656,0,306,1020,,5471,519,2795,1468,0.2,729
20.1,2026-08-05T02:20:00.281788+00:00,51.25,50.125,51.25,50.75,0,306,1020,,5431,519,2755,1468,0.0,729
21.1,2026-08-05T02:20:01.288154+00:00,51.218,50.062,51.218,50.562,0,306,1020,,5431,519,2755,1468,0.3,729
22.2,2026-08-05T02:20:02.294212+00:00,51.218,50.281,51.218,50.593,0,306,1020,,5431,519,2755,1468,0.2,729
23.2,2026-08-05T02:20:03.300096+00:00,51.281,50.468,51.281,50.625,0,306,1020,,5431,519,2755,1468,0.2,729
24.2,2026-08-05T02:20:04.306995+00:00,51.093,50.093,51.093,50.687,0,306,1020,,5431,519,2755,1468,0.0,729
25.2,2026-08-05T02:20:05.314159+00:00,51.031,50.25,51.031,50.593,0,306,1020,,5431,519,2755,1468,0.2,729
26.2,2026-08-05T02:20:06.320315+00:00,51.312,50.437,51.312,50.593,0,306,1020,,5431,519,2755,1468,0.2,729
27.2,2026-08-05T02:20:07.326584+00:00,51.343,50.125,51.343,50.656,0,306,1020,,5471,519,2795,1468,0.3,729
28.2,2026-08-05T02:20:08.332496+00:00,51.281,50.125,51.281,50.75,0,306,1020,,5431,479,2755,1468,0.0,729
29.2,2026-08-05T02:20:09.338610+00:00,51.093,50.187,51.093,50.593,0,306,1020,,5431,479,2755,1468,0.0,729
30.2,2026-08-05T02:20:10.345597+00:00,51.125,50.093,51.125,50.562,0,306,1020,,5431,519,2755,1468,0.2,729
31.2,2026-08-05T02:20:11.351458+00:00,51.125,50.375,51.125,50.625,0,306,1020,,5431,479,2755,1468,0.2,729
32.2,2026-08-05T02:20:12.357902+00:00,51.375,50.093,51.375,50.656,0,306,1020,,5431,519,2755,1468,0.3,729
33.2,2026-08-05T02:20:13.364144+00:00,51.312,50.093,51.312,50.562,0,306,1020,,5431,519,2755,1468,0.2,729
34.2,2026-08-05T02:20:14.370299+00:00,51.468,50.25,51.468,50.625,0,306,1020,,5471,519,2795,1468,0.0,729
35.2,2026-08-05T02:20:15.376170+00:00,51.406,50.093,51.406,50.593,0,306,1020,,5431,519,2755,1468,0.0,729
36.2,2026-08-05T02:20:16.382035+00:00,51.093,50.093,51.093,50.687,0,306,1020,,5431,519,2755,1468,0.3,729
37.2,2026-08-05T02:20:17.387787+00:00,51.093,50.218,51.093,50.718,0,306,1020,,5431,519,2755,1468,0.2,729
38.2,2026-08-05T02:20:18.393812+00:00,51.093,50.312,51.093,50.625,0,306,1020,,5431,519,2755,1468,0.2,729
39.3,2026-08-05T02:20:19.399768+00:00,51.093,50.25,51.093,50.562,0,306,1020,,5431,519,2755,1468,0.2,729
40.3,2026-08-05T02:20:20.405798+00:00,50.968,50.093,50.968,50.562,0,306,1020,,5431,519,2755,1468,0.2,729
41.3,2026-08-05T02:20:21.412885+00:00,50.937,50.093,50.937,50.593,0,306,1020,,5431,519,2755,1468,0.2,729
42.3,2026-08-05T02:20:22.419190+00:00,50.937,50.187,50.937,50.593,0,306,1020,,5431,519,2755,1468,0.3,729
43.3,2026-08-05T02:20:23.425322+00:00,51.125,50.375,51.125,50.468,0,306,1020,,5431,518,2755,1468,0.2,729
44.3,2026-08-05T02:20:24.431489+00:00,51.062,50.062,51.062,50.625,0,306,1020,,5431,519,2755,1468,0.2,729
45.3,2026-08-05T02:20:25.437346+00:00,51.187,50.281,51.187,50.625,0,306,1020,,5431,519,2755,1468,0.3,729
46.3,2026-08-05T02:20:26.442920+00:00,51.218,50.281,51.218,50.531,0,306,1020,,5440,519,2755,1468,0.0,729
47.3,2026-08-05T02:20:27.449266+00:00,50.968,50.093,50.968,50.593,0,306,1020,,5431,479,2755,1468,0.2,729
48.3,2026-08-05T02:20:28.455393+00:00,51.031,50.312,51.031,50.656,0,306,1020,,5431,479,2755,1468,0.2,729
49.3,2026-08-05T02:20:29.461660+00:00,50.968,50,50.968,50.593,0,306,1020,,5431,519,2755,1468,0.5,729
50.3,2026-08-05T02:20:30.467572+00:00,51.218,50.093,51.218,50.687,0,306,1020,,5431,479,2755,1468,0.3,729
51.3,2026-08-05T02:20:31.473303+00:00,51.218,50.312,51.218,50.5,0,306,1020,,5431,519,2755,1468,0.2,729
52.3,2026-08-05T02:20:32.479170+00:00,51.156,49.968,51.156,50.593,0,306,1020,,5431,479,2755,1468,0.2,729
53.3,2026-08-05T02:20:33.484955+00:00,51.218,50.281,51.218,50.625,0,306,1020,,5431,519,2755,1468,0.2,729
54.3,2026-08-05T02:20:34.491075+00:00,51.281,50.031,51.062,50.593,0,306,1020,,5431,479,2755,1468,0.3,729
55.4,2026-08-05T02:20:35.497165+00:00,50.968,50.125,50.968,50.5,0,306,1020,,5431,479,2755,1468,0.0,729
56.4,2026-08-05T02:20:36.503335+00:00,50.937,50.187,50.937,50.5,0,306,1020,,5431,519,2755,1468,0.0,729
57.4,2026-08-05T02:20:37.509235+00:00,51.031,50.093,51.031,50.5,0,306,1020,,5431,519,2755,1468,0.5,729
58.4,2026-08-05T02:20:38.515002+00:00,51.031,50.093,51.031,50.687,0,306,1020,,5431,519,2755,1468,0.0,729
59.4,2026-08-05T02:20:39.521424+00:00,51.25,50.187,51.25,50.687,0,306,1020,,5431,519,2755,1468,0.2,729
60.4,2026-08-05T02:20:40.527436+00:00,51.281,50.343,51.281,50.562,0,306,1020,,5431,519,2755,1468,0.0,729
61.4,2026-08-05T02:20:41.533568+00:00,51.5,50.093,51.5,50.531,0,306,1020,,5431,519,2755,1468,0.3,729
62.4,2026-08-05T02:20:42.539903+00:00,51,49.968,51,50.531,0,306,1020,,5431,519,2755,1468,0.0,729
63.4,2026-08-05T02:20:43.545777+00:00,51.062,50.093,51.062,50.656,0,306,1020,,5431,479,2755,1468,0.5,729
64.4,2026-08-05T02:20:44.551904+00:00,51.125,50.125,51.125,50.562,0,306,1020,,5431,519,2755,1468,0.2,729
65.4,2026-08-05T02:20:45.558301+00:00,50.968,50.312,50.968,50.531,0,306,1020,,5431,479,2755,1468,0.2,729
66.4,2026-08-05T02:20:46.564031+00:00,50.875,50.062,50.875,50.625,0,306,1020,,5431,479,2755,1468,0.2,729
67.4,2026-08-05T02:20:47.569840+00:00,50.906,50.031,50.906,50.625,0,306,1020,,5431,479,2755,1468,0.3,729
68.4,2026-08-05T02:20:48.575467+00:00,50.937,50.156,50.937,50.562,0,306,1020,,5431,479,2755,1468,0.2,729
69.4,2026-08-05T02:20:49.582305+00:00,50.968,50.093,50.968,50.562,0,306,1020,,5431,479,2755,1468,0.2,729
70.4,2026-08-05T02:20:50.588279+00:00,51.093,50.281,51.093,50.593,0,306,1020,,5431,479,2755,1468,0.0,729
71.5,2026-08-05T02:20:51.594535+00:00,51.062,50,51.062,50.625,0,306,1020,,5471,519,2795,1468,0.2,729
72.5,2026-08-05T02:20:52.600501+00:00,51.125,50.125,51.125,50.656,0,306,1020,,5431,519,2755,1468,0.2,729
73.5,2026-08-05T02:20:53.606343+00:00,50.968,50.187,50.968,50.531,0,306,1020,,5431,479,2755,1468,0.2,729
74.5,2026-08-05T02:20:54.612424+00:00,50.968,50.031,50.968,50.562,0,306,1020,,5431,519,2755,1468,0.2,729
75.5,2026-08-05T02:20:55.618786+00:00,50.968,49.968,50.968,50.562,0,306,1020,,5431,479,2755,1468,0.2,729
76.5,2026-08-05T02:20:56.624581+00:00,50.906,50.125,50.906,50.718,0,306,1020,,5431,479,2755,1468,0.2,729
77.5,2026-08-05T02:20:57.630754+00:00,51.125,50.062,51.125,50.468,0,306,1020,,5431,479,2755,1468,0.2,729
78.5,2026-08-05T02:20:58.636445+00:00,51.156,50.187,51.156,50.531,0,306,1020,,5431,479,2755,1468,0.0,729
79.5,2026-08-05T02:20:59.642743+00:00,51.156,50.031,51.156,50.593,0,306,1020,,5431,479,2755,1468,0.5,729
80.5,2026-08-05T02:21:00.648480+00:00,51.218,50,51.218,50.562,0,306,1020,,5431,479,2755,1468,0.2,729
81.5,2026-08-05T02:21:01.654333+00:00,50.937,50.218,50.937,50.75,0,306,1020,,5431,519,2755,1468,0.3,729
82.5,2026-08-05T02:21:02.660561+00:00,50.968,50.375,50.968,50.531,0,306,1020,,5431,479,2755,1468,0.2,729
83.5,2026-08-05T02:21:03.665637+00:00,51.187,50.875,51.187,50.531,0,306,1020,,6720,1238,3035,1493,15.2,1728
84.5,2026-08-05T02:21:04.671054+00:00,51.312,51.062,51.312,50.656,0,306,1020,,7468,1637,3274,1684,22.5,1728
85.5,2026-08-05T02:21:05.676654+00:00,51.406,51.156,51.406,50.812,0,306,1020,,7428,1517,3274,1719,16.7,1728
86.5,2026-08-05T02:21:06.682083+00:00,51.468,51.218,51.468,50.906,0,306,1020,,7428,1517,3314,1744,16.7,1728
87.5,2026-08-05T02:21:07.691107+00:00,51.593,50.656,51.593,50.718,0,306,1020,,5870,718,2875,1760,5.2,729
88.6,2026-08-05T02:21:08.696979+00:00,51.531,50.312,51.531,50.812,0,306,1020,,5471,519,2795,1760,0.0,729
89.6,2026-08-05T02:21:09.703159+00:00,51.218,50.343,51.218,50.812,0,306,1020,,5471,519,2795,1760,0.3,729
90.6,2026-08-05T02:21:10.709015+00:00,51.218,50.468,51.218,50.718,0,306,1020,,5471,519,2755,1760,0.2,729
91.6,2026-08-05T02:21:11.715452+00:00,51.218,50.25,51.218,50.656,0,306,1020,,5440,479,2795,1760,0.3,729
92.6,2026-08-05T02:21:12.721779+00:00,51.156,50.5,51.156,50.75,0,306,1020,,5440,479,2755,1760,0.3,729
93.6,2026-08-05T02:21:13.728117+00:00,51.125,50.281,51.125,50.781,0,306,1020,,5551,559,2795,1760,1.3,729
94.6,2026-08-05T02:21:14.734223+00:00,51.062,50.25,51.062,50.562,0,306,1020,,5551,519,2795,1760,0.2,729
95.6,2026-08-05T02:21:15.740147+00:00,51.062,50.437,51.312,50.687,0,306,1020,,5471,519,2795,1760,0.5,729
96.6,2026-08-05T02:21:16.745887+00:00,51.343,50.281,51.343,50.75,0,306,1020,,5471,519,2795,1760,0.3,729
97.6,2026-08-05T02:21:17.751455+00:00,51.218,50.218,51.218,50.75,0,306,1020,,5471,519,2795,1760,0.0,729
98.6,2026-08-05T02:21:18.757690+00:00,51.343,50.375,51.343,50.906,0,306,1020,,5471,519,2755,1760,0.3,729
99.6,2026-08-05T02:21:19.763928+00:00,51.25,50.312,51.062,50.656,0,306,1020,,5471,519,2795,1760,0.3,729
100.6,2026-08-05T02:21:20.770149+00:00,51.156,50.406,51.156,50.718,0,306,1020,,5431,479,2755,1760,0.2,729
101.6,2026-08-05T02:21:21.776508+00:00,51.156,50.281,51.156,50.656,0,306,1020,,5511,519,2795,1760,0.2,729
102.6,2026-08-05T02:21:22.782475+00:00,51.125,50.187,51.125,50.812,0,306,1020,,5471,479,2795,1760,0.2,729
103.6,2026-08-05T02:21:23.788478+00:00,51.312,50.375,51.312,50.718,0,306,1020,,5431,479,2755,1760,0.0,729
104.7,2026-08-05T02:21:24.794642+00:00,51.343,50.5,51.343,50.656,0,306,1020,,5471,519,2795,1760,0.0,729
105.7,2026-08-05T02:21:25.800861+00:00,51.343,50.375,51.343,50.75,0,306,1020,,5471,519,2755,1760,0.2,729
106.7,2026-08-05T02:21:26.806416+00:00,51.375,50.343,51.375,50.812,0,306,1020,,5480,519,2795,1760,0.0,729
107.7,2026-08-05T02:21:27.812661+00:00,51.125,50.281,51.125,50.812,0,306,1020,,5480,479,2755,1760,0.5,729
108.7,2026-08-05T02:21:28.819339+00:00,51.156,50.375,51.156,50.625,0,306,1020,,5440,479,2795,1762,0.0,729
109.7,2026-08-05T02:21:29.824737+00:00,51.156,50.531,51.156,50.843,0,306,1020,,5480,479,2795,1760,0.0,729
110.7,2026-08-05T02:21:30.831299+00:00,51.437,50.25,51.437,50.75,0,306,1020,,5440,479,2755,1760,0.0,729
111.7,2026-08-05T02:21:31.836995+00:00,51.406,50.343,51.406,50.875,0,306,1020,,5480,479,2755,1760,0.2,729
112.7,2026-08-05T02:21:32.843450+00:00,51.531,50.468,51.531,50.718,0,306,1020,,5431,479,2755,1760,0.2,729
113.7,2026-08-05T02:21:33.849622+00:00,51.531,50.25,51.531,50.718,0,306,1020,,5471,519,2755,1760,0.0,729
114.7,2026-08-05T02:21:34.855469+00:00,51.187,50.281,51.187,50.75,0,306,1020,,5480,519,2795,1760,0.2,729
115.7,2026-08-05T02:21:35.861709+00:00,51.218,50.25,51.218,50.812,0,306,1020,,5480,519,2795,1760,0.0,729
116.7,2026-08-05T02:21:36.867686+00:00,51.156,50.312,51.156,50.625,0,306,1020,,5471,519,2795,1760,0.3,729
117.7,2026-08-05T02:21:37.873613+00:00,51.25,50.406,51.25,50.718,0,306,1020,,5471,519,2795,1760,0.3,729
118.7,2026-08-05T02:21:38.879799+00:00,51.093,50.218,51.093,50.812,0,306,1020,,5471,519,2755,1760,0.0,729
119.7,2026-08-05T02:21:39.886210+00:00,51.062,50.281,51.062,50.687,0,306,1020,,5471,519,2795,1760,0.0,729
120.7,2026-08-05T02:21:40.891959+00:00,51.093,50.375,51.093,50.843,0,306,1020,,5480,479,2795,1760,0.3,729
121.8,2026-08-05T02:21:41.897615+00:00,51.125,50.343,51.281,50.75,0,306,1020,,5471,479,2795,1760,0.0,729
122.8,2026-08-05T02:21:42.903910+00:00,51.281,50.437,51.281,50.781,0,306,1020,,5471,519,2795,1760,0.2,729
123.8,2026-08-05T02:21:43.909511+00:00,51.312,50.218,51.312,50.781,0,306,1020,,5480,519,2795,1760,0.5,729
124.8,2026-08-05T02:21:44.915389+00:00,51.281,50.281,51.281,50.718,0,306,1020,,5471,519,2795,1760,0.0,729
125.8,2026-08-05T02:21:45.921122+00:00,51.218,50.406,51.218,50.718,0,306,1020,,5471,519,2795,1760,0.3,729
126.8,2026-08-05T02:21:46.927748+00:00,51.062,50.593,51.062,50.781,0,306,1020,,5480,519,2755,1760,0.0,729
127.8,2026-08-05T02:21:47.933446+00:00,51.062,50.406,51.062,50.781,0,306,1020,,5471,479,2755,1760,0.0,729
128.8,2026-08-05T02:21:48.939620+00:00,51.218,50.343,51.218,50.906,0,306,1020,,5471,519,2755,1760,0.0,729
129.8,2026-08-05T02:21:49.945363+00:00,51.156,50.218,51.156,50.656,0,306,1020,,5471,479,2795,1760,0.5,729
130.8,2026-08-05T02:21:50.950783+00:00,51.312,50.375,51.312,50.718,0,306,1020,,5471,519,2755,1760,0.0,729
131.8,2026-08-05T02:21:51.956507+00:00,51.437,50.593,51.437,50.75,0,306,1020,,5471,479,2795,1760,0.0,729
132.8,2026-08-05T02:21:52.962288+00:00,51.437,50.375,51.437,50.812,0,306,1020,,5431,479,2795,1760,0.0,729
133.8,2026-08-05T02:21:53.967892+00:00,51.375,50.343,51.375,50.843,0,306,1020,,5431,479,2795,1760,0.0,729
134.8,2026-08-05T02:21:54.974130+00:00,51.531,50.5,51.531,50.812,0,306,1020,,5480,519,2755,1760,0.2,729
135.8,2026-08-05T02:21:55.980204+00:00,51.218,50.375,51.218,50.812,0,306,1020,,5471,479,2795,1760,0.2,729
136.8,2026-08-05T02:21:56.985906+00:00,51.218,50.531,51.218,50.781,0,306,1020,,5431,479,2755,1760,0.0,729
137.8,2026-08-05T02:21:57.992009+00:00,51.218,50.312,51.218,50.781,0,306,1020,,5471,479,2755,1760,0.5,729
138.9,2026-08-05T02:21:58.997726+00:00,51.218,50.281,51.218,50.75,0,306,1020,,5471,519,2795,1760,0.3,729
139.9,2026-08-05T02:22:00.003139+00:00,51.218,50.468,51.218,50.812,0,306,1020,,5471,479,2755,1760,0.0,729
140.9,2026-08-05T02:22:01.009210+00:00,51.562,50.406,51.562,50.75,0,306,1020,,5471,519,2795,1760,0.2,729
141.9,2026-08-05T02:22:02.014545+00:00,51.562,50.5,51.562,50.812,0,306,1020,,5471,519,2755,1760,0.2,729
142.9,2026-08-05T02:22:03.020103+00:00,51.562,50.312,51.562,50.875,0,306,1020,,5471,479,2755,1760,0.0,729
143.9,2026-08-05T02:22:04.026116+00:00,51.156,50.343,51.156,50.875,0,306,1020,,5431,479,2755,1760,0.0,729
144.9,2026-08-05T02:22:05.031388+00:00,51.125,50.468,51.125,50.781,0,306,1020,,5440,479,2755,1760,0.0,729
145.9,2026-08-05T02:22:06.037155+00:00,51.031,50.218,51.031,50.75,0,306,1020,,5431,479,2755,1760,0.0,729
146.9,2026-08-05T02:22:07.042961+00:00,51.218,50.5,51.218,50.718,0,306,1020,,5471,519,2795,1760,0.3,729
147.9,2026-08-05T02:22:08.051412+00:00,51.312,50.281,51.312,50.812,0,306,1020,,5480,519,2795,1760,0.2,729
148.9,2026-08-05T02:22:09.054632+00:00,51.281,50.375,51.281,50.875,0,306,1020,,5440,479,2755,1760,0.0,729
149.9,2026-08-05T02:22:10.061088+00:00,51.25,50.562,51.25,50.718,0,306,1020,,5431,479,2755,1760,0.3,729
150.9,2026-08-05T02:22:11.068039+00:00,51.156,50.187,51.156,50.781,0,306,1020,,5440,479,2755,1760,0.3,729
151.9,2026-08-05T02:22:12.073879+00:00,51.187,50.281,51.187,50.843,0,306,1020,,5431,479,2795,1760,0.0,729
152.9,2026-08-05T02:22:13.080024+00:00,51.125,50.375,51.125,50.875,0,306,1020,,5471,479,2795,1760,0.5,729
153.9,2026-08-05T02:22:14.085966+00:00,51.187,50.406,51.406,50.718,0,306,1020,,5640,559,2835,1760,0.0,1728
154.9,2026-08-05T02:22:15.091356+00:00,51.312,50.437,51.312,50.75,0,306,1020,,5471,479,2795,1760,0.0,729
156.0,2026-08-05T02:22:16.097522+00:00,51.375,50.281,51.375,50.75,0,306,1020,,5471,479,2795,1760,0.2,729
157.0,2026-08-05T02:22:17.103196+00:00,51.343,50.281,51.343,50.843,0,306,1020,,5471,519,2795,1760,0.0,729
158.0,2026-08-05T02:22:18.109178+00:00,51.468,50.437,51.468,50.75,0,306,1020,,5480,479,2795,1760,0.2,729
159.0,2026-08-05T02:22:19.114940+00:00,51.25,50.25,51.25,50.718,0,306,1020,,5480,519,2795,1760,0.2,729
160.0,2026-08-05T02:22:20.121172+00:00,51.156,50.375,51.156,50.718,0,306,1020,,5431,479,2795,1760,0.2,729
161.0,2026-08-05T02:22:21.126920+00:00,51.218,50.156,51.218,50.781,0,306,1020,,5471,479,2795,1760,0.3,729
162.0,2026-08-05T02:22:22.133731+00:00,51.218,50.281,51.218,50.687,0,306,1020,,5471,479,2795,1760,0.3,729
163.0,2026-08-05T02:22:23.139412+00:00,51.437,50.375,51.437,50.75,0,306,1020,,5480,479,2795,1760,0.5,729
164.0,2026-08-05T02:22:24.145211+00:00,51.5,50.687,51.5,50.781,0,306,1020,,5471,519,2795,1760,0.5,729
165.0,2026-08-05T02:22:25.151433+00:00,51.5,50.312,51.5,50.781,0,306,1020,,5471,519,2795,1760,0.2,729
166.0,2026-08-05T02:22:26.157258+00:00,51.5,50.343,51.5,50.843,0,306,1020,,5471,479,2795,1760,0.7,729
167.0,2026-08-05T02:22:27.162774+00:00,51.281,50.25,51.281,50.718,0,306,1020,,5471,519,2795,1760,0.2,729
168.0,2026-08-05T02:22:28.168916+00:00,51.25,50.406,51.25,50.656,0,306,1020,,5471,519,2795,1760,0.3,729
169.0,2026-08-05T02:22:29.174545+00:00,51.281,50.562,51.281,50.656,0,306,1020,,5511,519,2795,1760,0.5,729
170.0,2026-08-05T02:22:30.180780+00:00,51.343,50.187,51.343,50.781,0,306,1020,,5471,519,2795,1760,0.2,729
171.0,2026-08-05T02:22:31.186470+00:00,51.25,50.375,51.25,50.656,0,306,1020,,5471,519,2795,1760,0.5,729
172.0,2026-08-05T02:22:32.191918+00:00,51.156,50.468,51.156,50.718,0,306,1020,,5480,479,2795,1760,0.2,729
173.1,2026-08-05T02:22:33.197945+00:00,51.156,50.406,51.156,50.781,0,306,1020,,5471,479,2795,1760,0.5,729
174.1,2026-08-05T02:22:34.203704+00:00,51.156,50.562,51.156,50.781,0,306,1020,,5471,519,2795,1760,0.3,729
175.1,2026-08-05T02:22:35.209322+00:00,51.187,50.218,51.187,50.875,0,306,1020,,5471,519,2795,1760,0.3,729
176.1,2026-08-05T02:22:36.215383+00:00,51.125,50.312,51.125,50.937,0,306,1020,,5471,519,2795,1760,0.5,729
177.1,2026-08-05T02:22:37.221259+00:00,51.343,50.531,51.343,50.687,0,306,1020,,5480,519,2795,1760,0.3,729
178.1,2026-08-05T02:22:38.227032+00:00,51.312,50.218,51.312,50.75,0,306,1020,,5471,479,2795,1760,0.7,729
179.1,2026-08-05T02:22:39.232903+00:00,51.406,50.656,51.406,50.843,0,306,1020,,5471,479,2795,1760,0.2,729
180.1,2026-08-05T02:22:40.238680+00:00,51.312,50.218,51.312,50.843,0,306,1020,,5471,519,2795,1760,0.3,729
181.1,2026-08-05T02:22:41.244222+00:00,51.406,50.312,51.406,50.875,0,306,1020,,5471,479,2795,1760,0.7,729
182.1,2026-08-05T02:22:42.249937+00:00,51.187,50.593,51.187,50.718,0,306,1020,,5480,519,2795,1760,0.3,729
183.1,2026-08-05T02:22:43.255665+00:00,51.156,50.25,51.156,50.656,0,306,1020,,5480,519,2795,1760,0.3,729
184.1,2026-08-05T02:22:44.261671+00:00,51.156,50.312,51.156,50.75,0,306,1020,,5480,519,2795,1760,0.8,729
185.1,2026-08-05T02:22:45.267467+00:00,51.218,50.156,51.218,50.812,0,306,1020,,5471,479,2795,1760,0.0,729
186.1,2026-08-05T02:22:46.273181+00:00,51.156,50.25,51.156,50.718,0,306,1020,,5440,479,2795,1760,0.5,729
187.1,2026-08-05T02:22:47.278867+00:00,51.468,50.468,51.468,50.781,0,306,1020,,5471,519,2795,1760,0.5,729
188.1,2026-08-05T02:22:48.284797+00:00,51.437,50.281,51.437,50.812,0,306,1020,,5471,519,2795,1760,0.5,729
189.1,2026-08-05T02:22:49.290538+00:00,51.531,50.281,51.531,50.781,0,306,1020,,5471,519,2795,1760,1.0,729
190.2,2026-08-05T02:22:50.296313+00:00,51.5,50.312,51.5,50.843,0,306,1020,,5431,479,2795,1760,0.2,729
191.2,2026-08-05T02:22:51.302340+00:00,51.5,50.281,51.5,50.687,0,306,1020,,5480,519,2795,1760,0.2,729
192.2,2026-08-05T02:22:52.308120+00:00,51.218,50.437,51.218,50.718,0,306,1020,,5480,519,2795,1760,0.2,729
193.2,2026-08-05T02:22:53.313864+00:00,51.25,50.218,51.25,50.718,0,306,1020,,5471,519,2795,1760,0.3,729
194.2,2026-08-05T02:22:54.319571+00:00,51.218,50.281,51.218,50.781,0,306,1020,,5471,519,2795,1760,0.2,729
195.2,2026-08-05T02:22:55.325047+00:00,51.218,50.343,51.218,50.937,0,306,1020,,5471,519,2795,1760,0.7,729
196.2,2026-08-05T02:22:56.330770+00:00,51.218,50.218,51.218,50.687,0,306,1020,,5431,479,2795,1760,0.0,729
197.2,2026-08-05T02:22:57.336871+00:00,51.25,50.468,51.156,50.656,0,306,1020,,5440,479,2795,1760,0.5,729
198.2,2026-08-05T02:22:58.342125+00:00,51.156,50.125,51.156,50.781,0,306,1020,,5480,519,2795,1760,0.0,729
199.2,2026-08-05T02:22:59.348500+00:00,51.187,50.281,51.187,50.812,0,306,1020,,5520,519,2795,1760,0.2,729
200.2,2026-08-05T02:23:00.354281+00:00,51.031,50.375,51.031,50.906,0,306,1020,,5480,519,2795,1760,0.3,729
201.2,2026-08-05T02:23:01.361372+00:00,51.093,50.562,51.343,50.625,0,306,1020,,5471,519,2795,1760,0.7,729
202.2,2026-08-05T02:23:02.367339+00:00,51.343,50.281,51.343,50.656,0,306,1020,,5471,519,2795,1760,0.0,729
203.2,2026-08-05T02:23:03.373814+00:00,51.312,50.343,51.312,50.718,0,306,1020,,5471,519,2795,1760,0.3,729
204.2,2026-08-05T02:23:04.380384+00:00,51.156,50.468,51.156,50.656,0,306,1020,,5480,519,2795,1760,0.7,729
205.2,2026-08-05T02:23:05.386460+00:00,51.187,50.312,51.187,50.656,0,306,1020,,5471,479,2795,1760,0.2,729
206.2,2026-08-05T02:23:06.392569+00:00,51.187,50.531,51.187,50.781,0,306,1020,,5471,479,2795,1760,0.7,729
207.3,2026-08-05T02:23:07.398702+00:00,51.125,50.218,51.125,50.843,0,306,1020,,5480,519,2795,1760,0.2,729
208.3,2026-08-05T02:23:08.404534+00:00,51.406,50.343,51.406,50.906,0,306,1020,,5480,519,2795,1760,0.3,729
209.3,2026-08-05T02:23:09.412335+00:00,51.437,50.406,51.437,50.656,0,306,1020,,5480,519,2795,1760,0.8,729
210.3,2026-08-05T02:23:10.416618+00:00,51.406,50.281,51.406,50.75,0,306,1020,,5440,479,2795,1760,0.3,729
211.3,2026-08-05T02:23:11.422939+00:00,51.218,50.218,51.218,50.781,0,306,1020,,5480,479,2795,1760,0.2,729
212.3,2026-08-05T02:23:12.428699+00:00,51.187,50.25,51.187,50.812,0,306,1020,,5480,519,2795,1760,0.7,729
213.3,2026-08-05T02:23:13.434524+00:00,51.187,50.312,51.187,50.656,0,306,1020,,5480,519,2795,1760,0.3,729
214.3,2026-08-05T02:23:14.440349+00:00,51.218,50.5,51.218,50.687,0,306,1020,,5480,519,2795,1760,0.2,729
215.3,2026-08-05T02:23:15.446197+00:00,51.187,50.156,51.187,50.687,0,306,1020,,5480,519,2795,1760,0.7,729
216.3,2026-08-05T02:23:16.451867+00:00,51.562,50.25,51.562,50.812,0,306,1020,,5480,479,2795,1760,0.7,729
217.3,2026-08-05T02:23:17.457768+00:00,51.562,50.312,51.562,50.625,0,306,1020,,5440,479,2795,1760,0.5,729
218.3,2026-08-05T02:23:18.463589+00:00,51.468,50.281,51.468,50.781,0,306,1020,,5440,479,2795,1760,0.3,729
219.3,2026-08-05T02:23:19.469432+00:00,51.625,50.437,51.625,50.656,0,306,1020,,5440,479,2795,1760,0.3,729
220.3,2026-08-05T02:23:20.475363+00:00,51.125,50.187,51.125,50.781,0,306,1020,,5471,519,2795,1760,0.2,729
221.3,2026-08-05T02:23:21.481488+00:00,51.25,50.343,51.25,50.781,0,306,1020,,5471,519,2795,1760,0.7,729
222.3,2026-08-05T02:23:22.487084+00:00,51.25,50.375,51.25,50.906,0,306,1020,,5480,519,2795,1760,0.3,729
223.3,2026-08-05T02:23:23.492524+00:00,51.25,50.25,51.25,50.781,0,306,1020,,5431,479,2795,1760,0.3,729
224.4,2026-08-05T02:23:24.498384+00:00,51.218,50.437,51.218,50.718,0,306,1020,,5471,479,2795,1760,0.5,729
225.4,2026-08-05T02:23:25.504556+00:00,51.25,50.218,51.25,50.781,0,306,1020,,5480,479,2755,1760,0.2,729
226.4,2026-08-05T02:23:26.509917+00:00,51.062,50.281,51.062,50.843,0,306,1020,,5480,519,2795,1760,0.2,729
227.4,2026-08-05T02:23:27.515774+00:00,51.156,50.343,51.156,50.718,0,306,1020,,5480,519,2795,1760,0.5,729
228.4,2026-08-05T02:23:28.521834+00:00,51.125,50.531,51.125,50.656,0,306,1020,,5480,479,2755,1760,0.7,729
229.4,2026-08-05T02:23:29.527365+00:00,51.125,50.343,51.125,50.718,0,306,1020,,5480,519,2795,1760,0.0,729
230.4,2026-08-05T02:23:30.532994+00:00,51.156,50.156,51.156,50.718,0,306,1020,,5480,519,2795,1760,0.3,729
231.4,2026-08-05T02:23:31.538798+00:00,51.312,50.218,51.312,50.843,0,306,1020,,5440,479,2795,1760,0.3,729
232.4,2026-08-05T02:23:32.544419+00:00,51.343,50.375,51.343,50.718,0,306,1020,,5440,479,2755,1760,0.2,729
233.4,2026-08-05T02:23:33.550195+00:00,51.343,50.562,51.343,50.656,0,306,1020,,5480,479,2755,1760,0.5,729
234.4,2026-08-05T02:23:34.556176+00:00,51.343,50.312,51.343,50.687,0,306,1020,,5480,519,2795,1760,0.5,729
235.4,2026-08-05T02:23:35.561907+00:00,51.375,50.187,51.375,50.75,0,306,1020,,5440,479,2755,1760,0.5,729
236.4,2026-08-05T02:23:36.567803+00:00,51.187,50.25,51.187,50.812,0,306,1020,,5480,519,2795,1760,0.3,729
237.4,2026-08-05T02:23:37.573470+00:00,51.156,50.25,51.156,50.656,0,306,1020,,5471,519,2795,1760,0.5,729
238.4,2026-08-05T02:23:38.579402+00:00,51.187,50.656,51.187,50.656,0,306,1020,,5471,519,2795,1760,0.2,729
239.4,2026-08-05T02:23:39.584882+00:00,51.218,50.343,51.218,50.687,0,306,1020,,5471,519,2795,1760,0.3,729
240.4,2026-08-05T02:23:40.590839+00:00,51.156,50.281,51.156,50.687,0,306,1020,,5471,519,2795,1760,0.5,729
241.5,2026-08-05T02:23:41.597019+00:00,51.5,50.25,51.5,50.718,0,306,1020,,5471,519,2795,1760,0.2,729
242.5,2026-08-05T02:23:42.602530+00:00,51.5,50.281,51.5,50.656,0,306,1020,,5471,519,2795,1760,0.3,729
243.5,2026-08-05T02:23:43.608323+00:00,51.5,50.5,51.5,50.625,0,306,1020,,5471,519,2795,1760,0.5,729
244.5,2026-08-05T02:23:44.613977+00:00,51.562,50.25,51.562,50.718,0,306,1020,,5471,519,2795,1760,0.3,729
245.5,2026-08-05T02:23:45.619592+00:00,51.093,50.281,51.093,50.781,0,306,1020,,5471,519,2795,1760,0.3,729
246.5,2026-08-05T02:23:46.625201+00:00,51.031,50.343,51.031,50.687,0,306,1020,,5471,519,2795,1760,0.5,729
247.5,2026-08-05T02:23:47.630791+00:00,51.25,50.312,51.25,50.687,0,306,1020,,5471,519,2795,1760,0.3,729
248.5,2026-08-05T02:23:48.636586+00:00,51.218,50.468,51.218,50.718,0,306,1020,,5471,519,2795,1760,0.3,729
249.5,2026-08-05T02:23:49.642277+00:00,51.25,50.187,51.25,50.781,0,306,1020,,5480,519,2795,1760,0.5,729
250.5,2026-08-05T02:23:50.648279+00:00,51.281,50.312,51.281,50.718,0,306,1020,,5471,519,2795,1760,0.3,729
251.5,2026-08-05T02:23:51.653891+00:00,51.312,50.468,51.312,50.656,0,306,1020,,5520,519,2795,1760,0.3,729
252.5,2026-08-05T02:23:52.659942+00:00,51.25,50.25,51.062,50.593,0,306,1020,,5471,519,2795,1760,0.3,729
253.5,2026-08-05T02:23:53.665635+00:00,51.062,50.5,51.062,50.687,0,306,1020,,5471,519,2755,1760,0.2,729
254.5,2026-08-05T02:23:54.671398+00:00,51.093,50.218,51.093,50.718,0,306,1020,,5471,519,2755,1760,0.3,729
255.5,2026-08-05T02:23:55.677302+00:00,51.093,50.218,51.093,50.75,0,306,1020,,5480,519,2755,1760,0.3,729
256.5,2026-08-05T02:23:56.682752+00:00,51.093,50.406,51.093,50.625,0,306,1020,,5480,519,2755,1760,0.5,729
257.5,2026-08-05T02:23:57.688668+00:00,51.312,50.187,51.312,50.562,0,306,1020,,5480,519,2755,1760,0.3,729
258.6,2026-08-05T02:23:58.694382+00:00,51.343,50.406,51.343,50.718,0,306,1020,,5471,519,2755,1760,0.5,729
259.6,2026-08-05T02:23:59.700460+00:00,51.343,50.187,51.343,50.656,0,306,1020,,5471,519,2795,1760,0.2,729
260.6,2026-08-05T02:24:00.705978+00:00,51.375,50.25,51.375,50.781,0,306,1020,,5471,519,2795,1760,0.3,729
261.6,2026-08-05T02:24:01.712004+00:00,51.375,50.343,51.375,50.593,0,306,1020,,5471,519,2795,1760,0.7,729
262.6,2026-08-05T02:24:02.717657+00:00,51.125,50.125,51.125,50.718,0,306,1020,,5471,519,2755,1760,0.0,729
263.6,2026-08-05T02:24:03.723832+00:00,51.156,50.218,51.156,50.656,0,306,1020,,5471,519,2755,1760,0.7,729
264.6,2026-08-05T02:24:04.729254+00:00,51.375,50.937,51.375,50.718,0,306,1020,,7148,1158,3314,1761,16.5,1728
265.6,2026-08-05T02:24:05.737957+00:00,51.125,50.281,51.125,50.625,0,306,1020,,5710,599,2835,1469,4.7,729
266.6,2026-08-05T02:24:06.743297+00:00,51.562,50.437,51.562,50.75,0,306,1020,,5511,519,2795,1469,0.3,729
267.6,2026-08-05T02:24:07.748965+00:00,51.562,50.218,51.562,50.781,0,306,1020,,5431,479,2755,1469,0.3,729
268.6,2026-08-05T02:24:08.754247+00:00,51.531,50.218,51.531,50.875,0,306,1020,,5431,479,2755,1469,0.0,729
269.6,2026-08-05T02:24:09.760035+00:00,51.125,50.343,51.125,50.937,0,306,1020,,5431,519,2755,1469,0.2,729
270.6,2026-08-05T02:24:10.765605+00:00,51.093,50.593,51.093,50.656,0,306,1020,,5591,599,2795,1472,3.0,1651
271.6,2026-08-05T02:24:11.771021+00:00,51.406,51.843,51.843,50.625,0,306,1020,,7560,1717,3234,1625,26.5,1728
272.6,2026-08-05T02:24:12.776340+00:00,51.593,51.406,51.593,50.812,0,306,1020,,7428,1555,3274,1717,17.3,1728
273.6,2026-08-05T02:24:13.781647+00:00,51.625,51.593,51.625,50.968,0,306,1020,,7388,1555,3274,1741,16.7,1728
274.6,2026-08-05T02:24:14.790843+00:00,51.625,50.718,51.625,50.937,0,306,1020,,6549,1078,3075,1766,12.5,729
275.7,2026-08-05T02:24:15.797606+00:00,51.312,50.687,51.312,50.875,0,306,1020,,5551,559,2795,1766,0.2,729
276.7,2026-08-05T02:24:16.804121+00:00,51.187,50.406,51.187,50.843,0,306,1020,,5471,519,2795,1766,0.2,729
277.7,2026-08-05T02:24:17.810293+00:00,51.437,50.437,51.437,50.968,0,306,1020,,5471,519,2795,1766,0.8,729
278.7,2026-08-05T02:24:18.816350+00:00,51.406,50.625,51.406,50.812,0,306,1020,,5471,519,2795,1766,0.2,729
279.7,2026-08-05T02:24:19.822572+00:00,51.375,50.437,51.375,50.781,0,306,1020,,5511,519,2795,1766,0.2,729
280.7,2026-08-05T02:24:20.828646+00:00,51.218,50.375,51.218,50.906,0,306,1020,,5471,519,2795,1766,0.0,729
281.7,2026-08-05T02:24:21.835121+00:00,51.25,50.25,51.25,50.843,0,306,1020,,5511,519,2795,1766,0.7,729
282.7,2026-08-05T02:24:22.843056+00:00,51.281,50.406,51.281,50.843,0,306,1020,,5471,519,2795,1766,1.2,729
283.7,2026-08-05T02:24:23.848532+00:00,51.406,50.5,51.406,50.781,0,306,1020,,5471,519,2795,1766,0.2,729
284.7,2026-08-05T02:24:24.854363+00:00,51.437,50.25,51.437,50.812,0,306,1020,,5471,519,2795,1766,0.2,729
285.7,2026-08-05T02:24:25.859952+00:00,51.437,50.343,51.437,50.875,0,306,1020,,5471,519,2795,1767,0.5,729
286.7,2026-08-05T02:24:26.865656+00:00,51.468,50.468,51.25,50.812,0,306,1020,,5471,519,2795,1767,0.2,729
287.7,2026-08-05T02:24:27.871414+00:00,51.25,50.312,51.25,50.781,0,306,1020,,5471,479,2795,1767,0.2,729
288.7,2026-08-05T02:24:28.877187+00:00,51.218,50.468,51.218,50.75,0,306,1020,,5431,479,2795,1767,0.3,729
289.7,2026-08-05T02:24:29.882892+00:00,51.343,50.25,51.343,50.875,0,306,1020,,5431,479,2795,1767,0.0,729
290.7,2026-08-05T02:24:30.888618+00:00,51.25,50.312,51.25,50.781,0,306,1020,,5471,479,2795,1767,0.0,729
291.8,2026-08-05T02:24:31.894382+00:00,51.281,50.468,51.281,50.812,0,306,1020,,5471,519,2755,1767,0.2,729
292.8,2026-08-05T02:24:32.902625+00:00,51.5,50.625,51.5,50.843,0,306,1020,,5471,519,2795,1767,1.0,729
293.8,2026-08-05T02:24:33.907393+00:00,51.593,50.343,51.593,50.875,0,306,1020,,5471,519,2795,1767,0.0,729
294.8,2026-08-05T02:24:34.915768+00:00,51.625,50.312,51.625,50.812,0,306,1020,,5471,519,2755,1767,0.0,729
295.8,2026-08-05T02:24:35.918602+00:00,51.687,50.375,51.281,50.687,0,306,1020,,5471,519,2795,1767,0.2,729
296.8,2026-08-05T02:24:36.924411+00:00,51.312,50.437,51.312,50.781,0,306,1020,,5471,519,2795,1767,0.2,729
297.8,2026-08-05T02:24:37.930005+00:00,51.25,50.656,51.25,50.812,0,306,1020,,5471,519,2755,1767,0.3,729
298.8,2026-08-05T02:24:38.935751+00:00,51.343,50.25,51.343,50.937,0,306,1020,,5431,479,2755,1767,0.0,729
299.8,2026-08-05T02:24:39.941407+00:00,51.281,50.312,51.281,50.875,0,306,1020,,5471,519,2755,1767,0.2,729
300.8,2026-08-05T02:24:40.947163+00:00,51.312,50.468,51.312,50.75,0,306,1020,,5471,519,2795,1767,0.5,729
301.8,2026-08-05T02:24:41.952680+00:00,51.218,50.375,51.218,50.781,0,306,1020,,5471,519,2755,1767,0.3,729
302.8,2026-08-05T02:24:42.961365+00:00,51.125,50.625,51.125,50.843,0,306,1020,,5471,519,2795,1766,1.0,729
303.8,2026-08-05T02:24:43.966531+00:00,51.156,50.25,51.156,50.843,0,306,1020,,5471,519,2795,1766,0.5,729
304.8,2026-08-05T02:24:44.972346+00:00,51.406,50.375,51.406,50.75,0,306,1020,,5471,479,2795,1766,0.0,729
305.8,2026-08-05T02:24:45.978314+00:00,51.343,50.531,51.343,50.75,0,306,1020,,5471,519,2795,1766,0.0,729
306.8,2026-08-05T02:24:46.984006+00:00,51.312,50.25,51.312,50.75,0,306,1020,,5431,479,2755,1766,0.2,729
307.8,2026-08-05T02:24:47.989682+00:00,51.406,50.343,51.406,50.812,0,306,1020,,5471,519,2755,1766,0.3,729
308.9,2026-08-05T02:24:48.995390+00:00,51.406,50.218,51.406,50.843,0,306,1020,,5431,479,2755,1766,0.0,729
309.9,2026-08-05T02:24:50.001942+00:00,51.187,50.312,51.187,50.812,0,306,1020,,5431,479,2755,1766,0.5,729
310.9,2026-08-05T02:24:51.007918+00:00,51.156,50.468,51.156,50.812,0,306,1020,,5471,519,2755,1766,0.0,729
311.9,2026-08-05T02:24:52.014179+00:00,51.218,50.218,51.218,50.718,0,306,1020,,5471,479,2795,1766,0.5,729
312.9,2026-08-05T02:24:53.022335+00:00,51.437,50.312,51.437,50.812,0,306,1020,,5471,519,2795,1766,0.5,729
313.9,2026-08-05T02:24:54.027873+00:00,51.406,50.406,51.406,50.687,0,306,1020,,5431,479,2795,1766,0.2,729
314.9,2026-08-05T02:24:55.034118+00:00,51.218,50.218,51.218,50.75,0,306,1020,,5431,479,2795,1766,0.0,729
315.9,2026-08-05T02:24:56.040466+00:00,51.218,50.406,51.218,50.875,0,306,1020,,5471,479,2795,1767,0.0,729
316.9,2026-08-05T02:24:57.046469+00:00,51.218,50.375,51.218,50.843,0,306,1020,,5431,479,2795,1767,0.0,729
317.9,2026-08-05T02:24:58.052461+00:00,51.281,50.5,51.281,50.718,0,306,1020,,5471,519,2795,1767,0.2,729
318.9,2026-08-05T02:24:59.059015+00:00,51.562,50.406,51.562,50.75,0,306,1020,,5471,519,2795,1767,0.2,729
319.9,2026-08-05T02:25:00.065219+00:00,51.5,50.25,51.5,50.75,0,306,1020,,5431,479,2795,1767,0.0,729
320.9,2026-08-05T02:25:01.071529+00:00,51.562,50.312,51.562,50.937,0,306,1020,,5471,479,2755,1767,0.2,729
321.9,2026-08-05T02:25:02.078215+00:00,51.343,50.343,51.343,50.75,0,306,1020,,5471,519,2795,1767,0.7,729
322.9,2026-08-05T02:25:03.086419+00:00,51.281,50.531,51.281,50.718,0,306,1020,,5471,519,2795,1767,0.8,729
323.9,2026-08-05T02:25:04.092692+00:00,51.656,50.218,51.656,50.812,0,306,1020,,5471,519,2795,1767,0.3,729
325.0,2026-08-05T02:25:05.098535+00:00,51.625,50.281,51.625,50.843,0,306,1020,,5471,479,2795,1767,0.3,729
326.0,2026-08-05T02:25:06.104786+00:00,51.093,50.468,51.093,50.687,0,306,1020,,5471,519,2795,1767,0.0,729
327.0,2026-08-05T02:25:07.111121+00:00,51.281,50.312,51.281,50.812,0,306,1020,,5471,519,2795,1767,0.7,729
328.0,2026-08-05T02:25:08.117400+00:00,51.25,50.25,51.25,50.906,0,306,1020,,5471,519,2795,1767,0.3,729
329.0,2026-08-05T02:25:09.123641+00:00,51.312,50.437,51.312,50.875,0,306,1020,,5471,519,2795,1767,0.0,729
330.0,2026-08-05T02:25:10.129885+00:00,51.093,50.593,51.093,50.718,0,306,1020,,5471,519,2795,1767,0.7,729
331.0,2026-08-05T02:25:11.136187+00:00,51.156,50.406,51.156,50.781,0,306,1020,,5480,519,2795,1767,0.2,729
332.0,2026-08-05T02:25:12.142572+00:00,51.218,50.281,51.218,50.781,0,306,1020,,5471,519,2795,1767,0.2,729
333.0,2026-08-05T02:25:13.148835+00:00,51.343,50.312,51.343,50.843,0,306,1020,,5480,519,2795,1767,0.5,729
334.0,2026-08-05T02:25:14.156697+00:00,51.343,50.437,51.343,50.75,0,306,1020,,5511,519,2795,1767,0.5,729
335.0,2026-08-05T02:25:15.162736+00:00,51.125,50.562,51.125,50.75,0,306,1020,,5471,479,2795,1767,0.2,729
336.0,2026-08-05T02:25:16.169276+00:00,51.156,50.25,51.156,50.906,0,306,1020,,5471,519,2795,1767,0.3,729
337.0,2026-08-05T02:25:17.175196+00:00,51.218,50.406,51.218,50.812,0,306,1020,,5471,519,2795,1767,0.5,729
338.0,2026-08-05T02:25:18.181021+00:00,51.406,50.468,51.406,50.843,0,306,1020,,5471,479,2795,1767,0.2,729
339.0,2026-08-05T02:25:19.186941+00:00,51.375,50.25,51.375,50.812,0,306,1020,,5471,479,2795,1767,0.3,729
340.0,2026-08-05T02:25:20.192578+00:00,51.406,50.375,51.406,50.875,0,306,1020,,5431,479,2795,1767,0.2,729
341.1,2026-08-05T02:25:21.198353+00:00,51.468,50.281,51.468,50.906,0,306,1020,,5471,479,2795,1767,0.3,729
342.1,2026-08-05T02:25:22.204190+00:00,51.437,50.375,51.437,50.687,0,306,1020,,5471,519,2795,1767,0.3,729
343.1,2026-08-05T02:25:23.209776+00:00,51.218,50.468,51.218,50.625,0,306,1020,,5471,479,2795,1767,0.7,729
344.1,2026-08-05T02:25:24.217149+00:00,51.218,50.281,51.218,50.75,0,306,1020,,5471,519,2795,1771,0.8,729
345.1,2026-08-05T02:25:25.225426+00:00,51.218,50.281,51.218,50.843,0,306,1020,,5471,519,2795,1771,0.3,729
346.1,2026-08-05T02:25:26.228510+00:00,51.218,50.375,51.218,50.968,0,306,1020,,5431,479,2795,1771,0.3,729
347.1,2026-08-05T02:25:27.234335+00:00,51.5,50.531,51.5,50.781,0,306,1020,,5471,479,2795,1771,0.2,729
348.1,2026-08-05T02:25:28.240129+00:00,51.5,50.468,51.5,50.687,0,306,1020,,5431,479,2795,1771,0.3,729
349.1,2026-08-05T02:25:29.245981+00:00,51.562,50.25,51.562,50.812,0,306,1020,,5471,519,2795,1771,0.3,729
350.1,2026-08-05T02:25:30.251774+00:00,51.562,50.343,51.562,50.906,0,306,1020,,5471,519,2795,1771,0.2,729
351.1,2026-08-05T02:25:31.257418+00:00,51.656,50.437,51.656,50.718,0,306,1020,,5471,519,2795,1771,0.5,729
352.1,2026-08-05T02:25:32.263027+00:00,51.312,50.531,51.312,50.656,0,306,1020,,5471,519,2795,1771,0.3,729
353.1,2026-08-05T02:25:33.268781+00:00,51.187,50.468,51.187,50.843,0,306,1020,,5471,519,2795,1771,0.3,729
354.1,2026-08-05T02:25:34.275998+00:00,51.281,50.281,51.281,50.812,0,306,1020,,5471,519,2795,1772,1.0,729
355.1,2026-08-05T02:25:35.282183+00:00,51.156,50.218,51.156,50.843,0,306,1020,,5471,479,2795,1772,0.2,729
356.1,2026-08-05T02:25:36.288437+00:00,51.187,50.343,51.187,50.718,0,306,1020,,5471,519,2795,1772,0.5,729
357.2,2026-08-05T02:25:37.294796+00:00,51.062,50.593,51.062,50.75,0,306,1020,,5471,519,2795,1772,0.2,729
358.2,2026-08-05T02:25:38.301074+00:00,51.25,50.343,51.25,50.781,0,306,1020,,5471,479,2795,1772,0.3,729
359.2,2026-08-05T02:25:39.307408+00:00,51.312,50.406,51.312,50.843,0,306,1020,,5471,479,2795,1772,0.2,729
360.2,2026-08-05T02:25:40.313514+00:00,51.312,50.437,51.312,50.718,0,306,1020,,5471,479,2795,1772,0.7,729
361.2,2026-08-05T02:25:41.319463+00:00,51.375,50.343,51.375,50.812,0,306,1020,,5471,479,2795,1772,0.7,729
362.2,2026-08-05T02:25:42.325247+00:00,51.156,50.343,51.156,50.843,0,306,1020,,5471,519,2795,1772,0.3,729
363.2,2026-08-05T02:25:43.331564+00:00,51.187,50.281,51.187,50.843,0,306,1020,,5471,519,2795,1772,0.3,729
364.2,2026-08-05T02:25:44.338410+00:00,51.187,50.375,51.187,50.812,0,306,1020,,5471,519,2795,1772,0.5,729
365.2,2026-08-05T02:25:45.344273+00:00,51.406,50.468,51.406,50.781,0,306,1020,,5471,479,2795,1772,0.3,729
366.2,2026-08-05T02:25:46.350412+00:00,51.437,50.156,51.437,50.812,0,306,1020,,5471,479,2795,1772,0.2,729
367.2,2026-08-05T02:25:47.356752+00:00,51.375,50.281,51.375,50.812,0,306,1020,,5431,479,2795,1772,0.2,729
368.2,2026-08-05T02:25:48.363181+00:00,51.156,50.468,51.156,50.718,0,306,1020,,5471,519,2795,1772,0.3,729
369.2,2026-08-05T02:25:49.369451+00:00,51.218,50.593,51.218,50.781,0,306,1020,,5471,479,2795,1772,0.3,729
370.2,2026-08-05T02:25:50.375631+00:00,51.156,50.437,51.156,50.687,0,306,1020,,5431,479,2795,1772,0.2,729
371.2,2026-08-05T02:25:51.381669+00:00,51.218,50.312,51.218,50.906,0,306,1020,,5431,479,2795,1772,0.3,729
372.2,2026-08-05T02:25:52.387743+00:00,51.437,50.281,51.437,50.875,0,306,1020,,5471,519,2795,1772,0.3,729
373.3,2026-08-05T02:25:53.393942+00:00,51.468,50.375,51.468,50.718,0,306,1020,,5471,479,2795,1772,0.0,729
374.3,2026-08-05T02:25:54.400205+00:00,51.437,50.593,51.437,50.718,0,306,1020,,5471,519,2795,1772,0.5,729
375.3,2026-08-05T02:25:55.406666+00:00,51.218,50.187,51.218,50.843,0,306,1020,,5471,519,2795,1772,0.2,729
376.3,2026-08-05T02:25:56.412520+00:00,51.218,50.375,51.218,50.75,0,306,1020,,5471,479,2795,1772,0.3,729
377.3,2026-08-05T02:25:57.418594+00:00,51.218,50.468,51.218,50.718,0,306,1020,,5471,479,2795,1772,0.2,729
378.3,2026-08-05T02:25:58.424565+00:00,51.25,50.312,51.25,50.75,0,306,1020,,5471,519,2795,1772,0.5,729
379.3,2026-08-05T02:25:59.430695+00:00,51.562,50.312,51.562,50.843,0,306,1020,,5511,519,2795,1772,0.2,729
380.3,2026-08-05T02:26:00.436946+00:00,51.593,50.187,51.593,50.937,0,306,1020,,5471,519,2795,1772,0.3,729
381.3,2026-08-05T02:26:01.442910+00:00,51.062,50.312,51.062,50.781,0,306,1020,,5471,479,2795,1772,0.2,729
382.3,2026-08-05T02:26:02.448840+00:00,51.093,50.468,51.312,50.75,0,306,1020,,5431,479,2795,1772,0.7,729
383.3,2026-08-05T02:26:03.454793+00:00,51.281,50.156,51.281,50.812,0,306,1020,,5471,479,2795,1772,0.2,729
384.3,2026-08-05T02:26:04.460420+00:00,51.343,50.25,51.343,50.843,0,306,1020,,5471,479,2795,1772,0.3,729
385.3,2026-08-05T02:26:05.466503+00:00,51.25,50.312,51.25,50.781,0,306,1020,,5431,479,2795,1772,0.2,729
386.3,2026-08-05T02:26:06.472280+00:00,51.375,50.25,51.375,50.875,0,306,1020,,5471,519,2795,1772,0.5,729
387.3,2026-08-05T02:26:07.478348+00:00,51.125,50.468,51.125,50.718,0,306,1020,,5471,519,2795,1772,0.3,729
388.3,2026-08-05T02:26:08.484091+00:00,51.093,50.187,51.093,50.75,0,306,1020,,5480,519,2795,1772,0.5,729
389.3,2026-08-05T02:26:09.490151+00:00,51.218,50.218,51.218,50.843,0,306,1020,,5471,519,2755,1772,0.3,729
390.4,2026-08-05T02:26:10.496384+00:00,51.093,50.437,51.093,50.625,0,306,1020,,5471,519,2755,1772,0.2,729
391.4,2026-08-05T02:26:11.502487+00:00,51.343,50.25,51.343,50.781,0,306,1020,,5431,479,2755,1772,0.2,729
392.4,2026-08-05T02:26:12.509509+00:00,51.375,50.281,51.375,50.781,0,306,1020,,5471,519,2795,1772,0.5,729
393.4,2026-08-05T02:26:13.515837+00:00,51.375,50.406,51.375,50.812,0,306,1020,,5480,519,2795,1768,0.3,729
394.4,2026-08-05T02:26:14.521891+00:00,51.125,50.468,51.125,50.75,0,306,1020,,5520,519,2795,1768,0.2,729
395.4,2026-08-05T02:26:15.527877+00:00,51.156,50.375,51.156,50.718,0,306,1020,,5471,519,2795,1768,0.3,729
396.4,2026-08-05T02:26:16.534040+00:00,51.093,50.312,51.093,50.75,0,306,1020,,5480,519,2795,1768,0.3,729
397.4,2026-08-05T02:26:17.539902+00:00,51.156,50.25,51.156,50.843,0,306,1020,,5471,519,2795,1768,0.2,729
398.4,2026-08-05T02:26:18.545707+00:00,51.468,50.375,51.468,50.718,0,306,1020,,5471,519,2795,1768,0.5,729
399.4,2026-08-05T02:26:19.551552+00:00,51.437,50.625,51.437,50.718,0,306,1020,,5471,519,2795,1769,0.5,729
400.4,2026-08-05T02:26:20.557674+00:00,51.406,50.437,51.406,50.718,0,306,1020,,5520,519,2795,1769,0.3,729
401.4,2026-08-05T02:26:21.563616+00:00,51.531,50.375,51.531,50.812,0,306,1020,,5600,559,2835,1769,0.3,1728
402.4,2026-08-05T02:26:22.569680+00:00,51.187,50.281,51.187,50.812,0,306,1020,,5471,519,2795,1769,0.5,729
403.4,2026-08-05T02:26:23.575376+00:00,51.218,50.281,51.218,50.687,0,306,1020,,5471,479,2795,1769,0.2,729
404.4,2026-08-05T02:26:24.581321+00:00,51.187,50.562,51.187,50.718,0,306,1020,,5480,519,2795,1769,0.3,729
405.4,2026-08-05T02:26:25.587257+00:00,51.218,50.312,51.218,50.718,0,306,1020,,5480,519,2795,1769,0.5,729
406.4,2026-08-05T02:26:26.593059+00:00,51.531,50.343,51.531,50.812,0,306,1020,,5480,519,2755,1769,0.3,729
407.5,2026-08-05T02:26:27.598874+00:00,51.625,50.406,51.625,50.687,0,306,1020,,5480,519,2755,1769,0.7,729
408.5,2026-08-05T02:26:28.604814+00:00,51.156,50.312,51.156,50.656,0,306,1020,,5480,519,2795,1769,0.3,729
409.5,2026-08-05T02:26:29.610721+00:00,51.156,50.468,51.156,50.75,0,306,1020,,5800,599,2915,1769,0.2,729
410.5,2026-08-05T02:26:30.616545+00:00,51.093,50.218,51.093,50.781,0,306,1020,,5511,519,2795,1769,0.3,729
411.5,2026-08-05T02:26:31.622246+00:00,51.25,50.312,51.25,50.843,0,306,1020,,5471,519,2795,1769,0.5,729
412.5,2026-08-05T02:26:32.628122+00:00,51.218,50.468,51.218,50.625,0,306,1020,,5471,519,2795,1769,0.2,729
413.5,2026-08-05T02:26:33.634067+00:00,51.281,50.25,51.281,50.656,0,306,1020,,5471,519,2755,1769,0.2,729
414.5,2026-08-05T02:26:34.639953+00:00,51.281,50.468,51.281,50.687,0,306,1020,,5471,479,2755,1769,0.3,729
415.5,2026-08-05T02:26:35.645823+00:00,51.312,50.281,51.312,50.843,0,306,1020,,5471,479,2755,1769,0.2,729
416.5,2026-08-05T02:26:36.651824+00:00,51.125,50.312,51.125,50.812,0,306,1020,,5511,519,2795,1769,0.3,729
417.5,2026-08-05T02:26:37.657631+00:00,51.125,50.406,51.125,50.656,0,306,1020,,5471,519,2795,1769,0.8,729
418.5,2026-08-05T02:26:38.663316+00:00,51.125,50.156,51.125,50.656,0,306,1020,,5471,479,2755,1769,0.0,729
419.5,2026-08-05T02:26:39.669111+00:00,51.125,50.468,51.125,50.781,0,306,1020,,5480,479,2795,1769,0.2,729
420.5,2026-08-05T02:26:40.674833+00:00,51.156,50.218,51.156,50.75,0,306,1020,,5440,479,2755,1769,0.3,729
421.5,2026-08-05T02:26:41.680579+00:00,51.312,50.218,51.312,50.718,0,306,1020,,5471,479,2755,1768,0.5,729
422.5,2026-08-05T02:26:42.686238+00:00,51.343,50.343,51.343,50.687,0,306,1020,,5471,519,2795,1768,0.3,729
423.5,2026-08-05T02:26:43.692051+00:00,51.406,50.156,51.406,50.687,0,306,1020,,5471,519,2755,1768,0.2,729
424.6,2026-08-05T02:26:44.697711+00:00,51.406,50.406,51.406,50.75,0,306,1020,,5670,559,2875,1768,0.3,729
425.6,2026-08-05T02:26:45.703421+00:00,51.437,50.281,51.437,50.75,0,306,1020,,5480,519,2795,1768,0.7,729
426.6,2026-08-05T02:26:46.709100+00:00,51.125,50.218,51.125,50.656,0,306,1020,,5480,519,2755,1768,0.5,729
427.6,2026-08-05T02:26:47.714902+00:00,51.093,50.343,51.093,50.656,0,306,1020,,5471,519,2755,1768,0.2,729
428.6,2026-08-05T02:26:48.720610+00:00,51.218,50.125,51.218,50.75,0,306,1020,,5480,519,2755,1768,0.3,729
429.6,2026-08-05T02:26:49.726367+00:00,51.187,50.25,51.187,50.656,0,306,1020,,5471,479,2755,1768,0.5,729
430.6,2026-08-05T02:26:50.732086+00:00,51.125,50.281,51.125,50.75,0,306,1020,,5471,519,2755,1768,0.2,729
431.6,2026-08-05T02:26:51.737878+00:00,51.218,50.218,51.218,50.625,0,306,1020,,5680,559,2875,1768,0.5,729
432.6,2026-08-05T02:26:52.743573+00:00,51.656,50.343,51.656,50.625,0,306,1020,,5480,519,2795,1768,0.3,729
433.6,2026-08-05T02:26:53.749218+00:00,51.062,50.5,51.062,50.656,0,306,1020,,5471,519,2795,1768,0.2,729
434.6,2026-08-05T02:26:54.754947+00:00,51,50.156,51,50.718,0,306,1020,,5480,519,2795,1768,0.3,729
435.6,2026-08-05T02:26:55.760574+00:00,51.031,50.281,51.031,50.781,0,306,1020,,5480,519,2755,1769,0.3,729
436.6,2026-08-05T02:26:56.766398+00:00,51.031,50.218,51.031,50.531,0,306,1020,,5471,479,2755,1769,0.3,729
437.6,2026-08-05T02:26:57.772124+00:00,51.062,50.281,51.062,50.656,0,306,1020,,5480,519,2755,1769,0.2,729
438.6,2026-08-05T02:26:58.777902+00:00,51.218,50.5,51.218,50.718,0,306,1020,,5471,519,2755,1769,0.3,729
439.6,2026-08-05T02:26:59.783590+00:00,51.25,50.187,51.25,50.781,0,306,1020,,5480,519,2795,1769,0.5,729
440.6,2026-08-05T02:27:00.789440+00:00,51.281,50.312,51.281,50.75,0,306,1020,,5471,519,2795,1769,0.3,729
441.7,2026-08-05T02:27:01.795352+00:00,51.218,50.406,51.218,50.625,0,306,1020,,5480,519,2755,1769,0.3,729
442.7,2026-08-05T02:27:02.801084+00:00,51.281,50.312,51.281,50.656,0,306,1020,,5431,479,2755,1769,0.3,729
443.7,2026-08-05T02:27:03.806702+00:00,51.062,50.5,51.062,50.656,0,306,1020,,5480,519,2795,1769,0.3,729
444.7,2026-08-05T02:27:04.812528+00:00,51.125,50.218,51.125,50.718,0,306,1020,,5480,519,2755,1769,0.5,729
445.7,2026-08-05T02:27:05.818264+00:00,51.031,50.218,51.031,50.687,0,306,1020,,5471,479,2755,1769,0.2,729
446.7,2026-08-05T02:27:06.823889+00:00,51.156,50.468,51.156,50.625,0,306,1020,,5960,678,2995,1769,0.5,1728
447.7,2026-08-05T02:27:07.829455+00:00,51.156,50.281,51.156,50.656,0,306,1020,,5520,519,2795,1769,0.5,729
448.7,2026-08-05T02:27:08.835226+00:00,51.062,50.5,51.062,50.75,0,306,1020,,5471,519,2795,1769,0.0,729
449.7,2026-08-05T02:27:09.840955+00:00,51.312,50.25,51.312,50.687,0,306,1020,,5471,519,2795,1769,0.3,729
450.7,2026-08-05T02:27:10.846789+00:00,51.312,50.25,51.312,50.812,0,306,1020,,5471,519,2755,1769,0.2,729
451.7,2026-08-05T02:27:11.852797+00:00,51.375,50.375,51.375,50.593,0,306,1020,,5471,519,2795,1769,0.0,729
452.7,2026-08-05T02:27:12.858458+00:00,51.437,50.218,51.437,50.625,0,306,1020,,5471,479,2755,1769,0.2,729
453.7,2026-08-05T02:27:13.864322+00:00,51.5,50.468,51.5,50.625,0,306,1020,,5431,479,2795,1769,0.3,729
454.7,2026-08-05T02:27:14.869929+00:00,51.187,50.093,51.187,50.687,0,306,1020,,5471,479,2795,1769,0.3,729
455.7,2026-08-05T02:27:15.875644+00:00,51.156,50.218,51.156,50.781,0,306,1020,,5480,519,2755,1769,0.2,729
456.7,2026-08-05T02:27:16.881656+00:00,51.125,50.375,51.125,50.687,0,306,1020,,5471,519,2755,1769,0.5,729
457.7,2026-08-05T02:27:17.887428+00:00,51.093,50.156,51.093,50.593,0,306,1020,,5471,519,2755,1769,0.3,729
458.7,2026-08-05T02:27:18.893409+00:00,51.156,50.218,51.156,50.625,0,306,1020,,5471,519,2755,1769,0.3,729
459.8,2026-08-05T02:27:19.899089+00:00,51.093,50.125,51.093,50.687,0,306,1020,,5471,479,2755,1769,0.3,729
460.8,2026-08-05T02:27:20.904850+00:00,51,50.187,51,50.656,0,306,1020,,5471,519,2795,1769,0.3,729
461.8,2026-08-05T02:27:21.910659+00:00,51.031,50.375,51.031,50.593,0,306,1020,,5471,519,2795,1769,0.2,729
462.8,2026-08-05T02:27:22.916474+00:00,51.062,50.093,51.062,50.656,0,306,1020,,5471,519,2755,1769,0.7,729
463.8,2026-08-05T02:27:23.922271+00:00,50.968,50.062,50.968,50.687,0,306,1020,,5471,519,2755,1769,0.2,729
464.8,2026-08-05T02:27:24.927992+00:00,51.218,50.343,51.218,50.875,0,306,1020,,5471,519,2795,1769,0.2,729
465.8,2026-08-05T02:27:25.933661+00:00,51.218,50.218,51.218,50.531,0,306,1020,,5471,519,2795,1769,0.0,729
466.8,2026-08-05T02:27:26.939612+00:00,51.25,50.281,51.25,50.656,0,306,1020,,5471,519,2795,1769,0.3,729
467.8,2026-08-05T02:27:27.945220+00:00,51.281,50.062,51.281,50.656,0,306,1020,,5471,519,2755,1769,0.3,729
468.8,2026-08-05T02:27:28.950870+00:00,51.187,50.187,51.187,50.656,0,306,1020,,5471,479,2795,1769,0.3,729
469.8,2026-08-05T02:27:29.956658+00:00,51.093,50.281,51.093,50.812,0,306,1020,,5431,479,2795,1769,0.0,729
470.8,2026-08-05T02:27:30.962510+00:00,51.062,50.218,51.062,50.531,0,306,1020,,5471,479,2755,1769,0.2,729
471.8,2026-08-05T02:27:31.968486+00:00,51.031,50.281,51.031,50.625,0,306,1020,,5431,479,2755,1769,0.3,729
472.8,2026-08-05T02:27:32.974185+00:00,51.093,50.062,51.093,50.625,0,306,1020,,5431,479,2755,1769,0.3,729
473.8,2026-08-05T02:27:33.979797+00:00,51.031,50.187,51.031,50.812,0,306,1020,,5471,479,2755,1769,0.2,729
474.8,2026-08-05T02:27:34.985502+00:00,51.218,50.312,51.218,50.812,0,306,1020,,5471,519,2755,1769,0.3,729
475.8,2026-08-05T02:27:35.991226+00:00,51.375,50.468,51.375,50.656,0,306,1020,,5431,479,2755,1769,0.3,729
476.9,2026-08-05T02:27:36.997273+00:00,51.406,50.343,51.406,50.656,0,306,1020,,5471,519,2795,1769,0.5,729
477.9,2026-08-05T02:27:38.003070+00:00,51.5,50.156,51.5,50.687,0,306,1020,,5471,519,2755,1769,0.3,729
478.9,2026-08-05T02:27:39.008772+00:00,51.468,50.156,51.468,50.75,0,306,1020,,5431,479,2755,1769,0.7,729
479.9,2026-08-05T02:27:40.014208+00:00,51.593,50.343,51.593,50.625,0,306,1020,,5440,479,2755,1769,0.3,729
480.9,2026-08-05T02:27:41.019875+00:00,51.156,50.468,51.156,50.687,0,306,1020,,5471,519,2755,1769,0.2,729
481.9,2026-08-05T02:27:42.025544+00:00,51.187,50.343,51.187,50.687,0,306,1020,,5480,519,2755,1769,0.7,729
482.9,2026-08-05T02:27:43.031182+00:00,51.218,50.125,51.218,50.625,0,306,1020,,5440,479,2755,1769,0.3,729
483.9,2026-08-05T02:27:44.037200+00:00,51.187,50.156,51.187,50.718,0,306,1020,,5471,519,2795,1769,0.3,729
484.9,2026-08-05T02:27:45.042779+00:00,51.187,50.25,51.187,50.656,0,306,1020,,5480,519,2755,1769,0.3,729
485.9,2026-08-05T02:27:46.048715+00:00,51.187,50.468,51.187,50.562,0,306,1020,,5471,479,2755,1769,0.3,729
486.9,2026-08-05T02:27:47.054355+00:00,50.968,50.343,50.968,50.718,0,306,1020,,5471,519,2795,1769,0.5,729
487.9,2026-08-05T02:27:48.060072+00:00,51,50.031,51,50.687,0,306,1020,,5471,519,2755,1769,0.0,729
488.9,2026-08-05T02:27:49.065957+00:00,51.062,50.156,51.062,50.781,0,306,1020,,5471,519,2755,1769,0.5,729
489.9,2026-08-05T02:27:50.071751+00:00,51.031,50.218,51.031,50.656,0,306,1020,,5471,519,2755,1769,0.2,729
490.9,2026-08-05T02:27:51.077537+00:00,51.093,50.375,51.093,50.687,0,306,1020,,5480,519,2795,1769,0.0,729
491.9,2026-08-05T02:27:52.083301+00:00,51.25,50.187,51.25,50.687,0,306,1020,,5471,479,2795,1769,0.5,729
492.9,2026-08-05T02:27:53.089066+00:00,51.218,50.062,51.218,50.718,0,306,1020,,5471,479,2795,1769,0.3,729
494.0,2026-08-05T02:27:54.094889+00:00,51.312,50.218,51.312,50.718,0,306,1020,,5431,479,2795,1769,0.0,729
495.0,2026-08-05T02:27:55.100529+00:00,51.375,50.281,51.375,50.562,0,306,1020,,5431,479,2795,1769,0.8,729
496.0,2026-08-05T02:27:56.106520+00:00,51.312,50.437,51.312,50.625,0,306,1020,,5431,479,2795,1769,0.3,729
497.0,2026-08-05T02:27:57.112197+00:00,51.125,50.125,51.125,50.718,0,306,1020,,5471,519,2795,1769,0.3,729
498.0,2026-08-05T02:27:58.117850+00:00,51.125,50.187,51.125,50.75,0,306,1020,,5471,519,2795,1769,0.5,729
499.0,2026-08-05T02:27:59.124078+00:00,51.125,50.125,51.125,50.75,0,306,1020,,5511,519,2795,1769,0.3,729
500.0,2026-08-05T02:28:00.129690+00:00,51.125,50.312,51.125,50.656,0,306,1020,,5471,519,2795,1769,0.2,729
501.0,2026-08-05T02:28:01.136678+00:00,51.093,50.468,51.093,50.718,0,306,1020,,5471,519,2795,1769,0.8,729
502.0,2026-08-05T02:28:02.142406+00:00,51.437,50.156,51.437,50.625,0,306,1020,,5471,479,2795,1769,0.5,729
503.0,2026-08-05T02:28:03.148510+00:00,51.5,50.218,51.5,50.812,0,306,1020,,5471,479,2795,1769,0.3,729
504.0,2026-08-05T02:28:04.154334+00:00,51.5,50.375,51.5,50.625,0,306,1020,,5471,519,2795,1769,0.3,729
505.0,2026-08-05T02:28:05.160058+00:00,51.5,50.187,51.5,50.593,0,306,1020,,5471,519,2795,1769,0.2,729
506.0,2026-08-05T02:28:06.166034+00:00,51.156,50.468,51.156,50.656,0,306,1020,,5471,479,2795,1769,0.3,729
507.0,2026-08-05T02:28:07.172038+00:00,51.218,50.093,51.218,50.718,0,306,1020,,5471,519,2795,1769,0.3,729
508.0,2026-08-05T02:28:08.177805+00:00,51.187,50.187,51.187,50.843,0,306,1020,,5471,479,2795,1769,0.3,729
509.0,2026-08-05T02:28:09.183795+00:00,51.187,50.375,51.187,50.562,0,306,1020,,5471,479,2795,1769,0.2,729
510.0,2026-08-05T02:28:10.189370+00:00,51.093,50.125,51.093,50.687,0,306,1020,,5471,479,2795,1769,0.7,729
511.1,2026-08-05T02:28:11.195348+00:00,51.031,50.156,51.031,50.718,0,306,1020,,5431,479,2795,1769,0.3,729
512.1,2026-08-05T02:28:12.201415+00:00,51.031,50.156,51.031,50.812,0,306,1020,,5431,479,2795,1769,0.2,729
513.1,2026-08-05T02:28:13.208437+00:00,51.031,50.187,51.031,50.531,0,306,1020,,5471,519,2795,1769,0.5,729
514.1,2026-08-05T02:28:14.214534+00:00,51.218,50.312,51.218,50.593,0,306,1020,,5471,519,2795,1769,0.3,729
515.1,2026-08-05T02:28:15.220649+00:00,51.218,50.031,51.218,50.687,0,306,1020,,5471,479,2795,1769,0.3,729
516.1,2026-08-05T02:28:16.226492+00:00,51.218,50.156,51.218,50.687,0,306,1020,,5471,479,2795,1769,0.7,729
517.1,2026-08-05T02:28:17.232479+00:00,51.031,50.343,51.031,50.656,0,306,1020,,5471,519,2795,1769,0.5,729
518.1,2026-08-05T02:28:18.238298+00:00,51.093,50.562,51.093,50.656,0,306,1020,,5471,479,2795,1769,0.2,729
519.1,2026-08-05T02:28:19.244619+00:00,51,50.343,51,50.687,0,306,1020,,5471,479,2795,1769,0.5,729
520.1,2026-08-05T02:28:20.250697+00:00,51,50.25,51,50.718,0,306,1020,,5471,479,2795,1770,0.2,729
521.1,2026-08-05T02:28:21.256777+00:00,51.312,50.187,51.312,50.781,0,306,1020,,5471,479,2795,1770,0.5,729
522.1,2026-08-05T02:28:22.262927+00:00,51.343,50.187,51.343,50.593,0,306,1020,,5471,519,2795,1770,0.7,729
523.1,2026-08-05T02:28:23.268740+00:00,51.312,50.468,51.312,50.625,0,306,1020,,5471,479,2795,1770,0.5,729
524.1,2026-08-05T02:28:24.274278+00:00,51.375,50.125,51.375,50.75,0,306,1020,,5471,479,2795,1770,0.0,729
525.1,2026-08-05T02:28:25.279855+00:00,51.437,50.281,51.437,50.718,0,306,1020,,5471,519,2795,1770,0.7,729
526.1,2026-08-05T02:28:26.285655+00:00,51.156,50.343,51.156,50.625,0,306,1020,,5480,479,2795,1770,0.2,729
527.1,2026-08-05T02:28:27.291300+00:00,51.125,50.312,51.125,50.656,0,306,1020,,5471,479,2795,1770,0.0,729
528.2,2026-08-05T02:28:28.296981+00:00,51.093,50.437,51.093,50.687,0,306,1020,,5431,479,2795,1770,0.5,729
529.2,2026-08-05T02:28:29.302710+00:00,51.156,50.125,51.156,50.718,0,306,1020,,5910,638,2955,1770,0.3,729
530.2,2026-08-05T02:28:30.308709+00:00,51.125,50.125,51.125,50.718,0,306,1020,,5511,519,2795,1770,0.0,729
531.2,2026-08-05T02:28:31.314506+00:00,51.187,50.375,51.187,50.593,0,306,1020,,5471,479,2795,1770,0.8,729
532.2,2026-08-05T02:28:32.320147+00:00,51.031,50.25,51.031,50.656,0,306,1020,,5431,479,2795,1770,0.0,729
533.2,2026-08-05T02:28:33.326002+00:00,51,50.437,51,50.656,0,306,1020,,5431,479,2795,1770,0.2,729
534.2,2026-08-05T02:28:34.331242+00:00,50.968,50.125,50.968,50.656,0,306,1020,,5471,519,2755,1770,0.3,729
535.2,2026-08-05T02:28:35.337362+00:00,51.031,50.187,51.031,50.781,0,306,1020,,5471,479,2755,1770,0.2,729
536.2,2026-08-05T02:28:36.342823+00:00,51.031,50.25,51.031,50.562,0,306,1020,,5511,519,2795,1770,0.3,729
537.2,2026-08-05T02:28:37.348598+00:00,51.218,50.25,51.218,50.625,0,306,1020,,5471,519,2795,1769,0.3,729
538.2,2026-08-05T02:28:38.354534+00:00,51.156,50.468,51.156,50.687,0,306,1020,,5471,479,2795,1769,0.3,729
539.2,2026-08-05T02:28:39.360084+00:00,51.218,50.218,51.218,50.718,0,306,1020,,5431,479,2795,1769,0.2,729
540.2,2026-08-05T02:28:40.365503+00:00,51.218,50.25,51.218,50.781,0,306,1020,,5431,479,2755,1769,0.3,729
541.2,2026-08-05T02:28:41.371073+00:00,51.25,50.312,51.25,50.625,0,306,1020,,5471,479,2795,1769,0.3,729
542.2,2026-08-05T02:28:42.377257+00:00,51.187,50.156,51.187,50.625,0,306,1020,,5431,479,2795,1769,0.7,729
543.2,2026-08-05T02:28:43.383036+00:00,51.093,50.437,51.093,50.562,0,306,1020,,5630,559,2835,1769,0.3,729
544.2,2026-08-05T02:28:44.388487+00:00,51.031,50.156,51.031,50.75,0,306,1020,,5471,479,2795,1769,0.2,729
545.3,2026-08-05T02:28:45.394544+00:00,51.093,50.218,51.093,50.687,0,306,1020,,5471,519,2795,1769,0.5,729
546.3,2026-08-05T02:28:46.400115+00:00,51.125,50.343,51.125,50.625,0,306,1020,,5471,479,2795,1769,0.3,729
547.3,2026-08-05T02:28:47.405823+00:00,51.156,50.156,51.156,50.593,0,306,1020,,5431,479,2795,1769,0.2,729
548.3,2026-08-05T02:28:48.411565+00:00,51.031,50.437,51.031,50.656,0,306,1020,,5471,519,2795,1769,0.2,729
549.3,2026-08-05T02:28:49.417337+00:00,51.375,50.218,51.375,50.718,0,306,1020,,5471,519,2795,1769,0.8,729
550.3,2026-08-05T02:28:50.423221+00:00,51.406,50.187,51.406,50.75,0,306,1020,,5471,519,2795,1769,0.2,729
551.3,2026-08-05T02:28:51.429543+00:00,51.406,50.343,51.406,50.562,0,306,1020,,5480,519,2795,1769,0.3,729
552.3,2026-08-05T02:28:52.435400+00:00,51.406,50.125,51.406,50.531,0,306,1020,,5471,519,2795,1769,0.3,729
553.3,2026-08-05T02:28:53.441651+00:00,51.218,50.187,51.218,50.562,0,306,1020,,5471,519,2795,1769,0.3,729
554.3,2026-08-05T02:28:54.447335+00:00,51.125,50.25,51.125,50.812,0,306,1020,,5471,519,2795,1769,0.3,729
555.3,2026-08-05T02:28:55.453627+00:00,51.125,50.187,51.125,50.562,0,306,1020,,5471,519,2795,1769,0.8,729
556.3,2026-08-05T02:28:56.459339+00:00,51.218,50.281,51.218,50.593,0,306,1020,,5471,519,2795,1769,0.2,729
557.3,2026-08-05T02:28:57.465014+00:00,51.031,50.062,51.031,50.593,0,306,1020,,5471,519,2795,1769,0.3,729
558.3,2026-08-05T02:28:58.470915+00:00,50.937,50.218,50.937,50.687,0,306,1020,,5511,519,2795,1769,0.3,729
559.3,2026-08-05T02:28:59.480994+00:00,50.906,50.25,50.906,50.718,0,306,1020,,5471,519,2795,1769,0.2,729
560.3,2026-08-05T02:29:00.482379+00:00,50.937,50.468,50.937,50.531,0,306,1020,,5471,519,2795,1769,0.3,729
561.3,2026-08-05T02:29:01.488067+00:00,51.031,50.312,51.031,50.593,0,306,1020,,5471,519,2795,1769,0.7,729
562.3,2026-08-05T02:29:02.493716+00:00,51.093,50.093,51.093,50.687,0,306,1020,,5471,519,2795,1769,0.5,729
563.4,2026-08-05T02:29:03.499507+00:00,51.187,50.093,51.187,50.75,0,306,1020,,5471,519,2795,1769,0.2,729
564.4,2026-08-05T02:29:04.505073+00:00,51.125,50.312,51.125,50.75,0,306,1020,,5471,519,2755,1769,0.5,729
565.4,2026-08-05T02:29:05.510801+00:00,51.218,50.468,51.218,50.593,0,306,1020,,5471,519,2795,1769,0.3,729
566.4,2026-08-05T02:29:06.516553+00:00,51.281,50.25,51.281,50.562,0,306,1020,,5471,519,2795,1769,0.2,729
567.4,2026-08-05T02:29:07.522100+00:00,51.218,50.031,51.218,50.718,0,306,1020,,5471,519,2795,1769,0.2,729
568.4,2026-08-05T02:29:08.528058+00:00,51.281,50.093,51.031,50.593,0,306,1020,,5471,519,2795,1769,0.3,729
569.4,2026-08-05T02:29:09.533471+00:00,51.062,50.218,51.062,50.593,0,306,1020,,5471,519,2795,1769,0.3,729
570.4,2026-08-05T02:29:10.539373+00:00,51.031,50.437,51.031,50.562,0,306,1020,,5471,519,2795,1769,0.3,729
571.4,2026-08-05T02:29:11.545037+00:00,51.031,50.218,51.031,50.593,0,306,1020,,5471,519,2795,1769,0.5,729
572.4,2026-08-05T02:29:12.550833+00:00,51.062,49.968,51.062,50.687,0,306,1020,,5471,519,2795,1769,0.3,729
573.4,2026-08-05T02:29:13.556541+00:00,51.062,50.187,51.062,50.656,0,306,1020,,5471,519,2795,1769,0.2,729
574.4,2026-08-05T02:29:14.562387+00:00,51.343,50.25,51.343,50.593,0,306,1020,,5471,519,2795,1769,0.5,729
575.4,2026-08-05T02:29:15.568102+00:00,51.406,50.406,51.406,50.625,0,306,1020,,5471,519,2795,1769,0.3,729
576.4,2026-08-05T02:29:16.573705+00:00,51.406,50.125,51.406,50.625,0,306,1020,,5471,519,2795,1769,0.0,729
577.4,2026-08-05T02:29:17.579487+00:00,51.531,50.093,51.531,50.687,0,306,1020,,5471,519,2795,1769,0.3,729
578.4,2026-08-05T02:29:18.585213+00:00,51.468,50.156,51.468,50.781,0,306,1020,,5471,519,2795,1769,0.5,729
579.4,2026-08-05T02:29:19.590890+00:00,51.5,50.281,51.5,50.656,0,306,1020,,5471,519,2795,1769,0.2,729
580.5,2026-08-05T02:29:20.596483+00:00,51.156,50.375,51.156,50.531,0,306,1020,,5471,519,2795,1769,0.2,729
581.5,2026-08-05T02:29:21.602592+00:00,51.156,50.156,51.156,50.687,0,306,1020,,5471,519,2795,1769,0.7,729
582.5,2026-08-05T02:29:22.608078+00:00,51.156,50.031,51.156,50.75,0,306,1020,,5471,519,2755,1769,0.0,729
583.5,2026-08-05T02:29:23.614013+00:00,51.125,50.187,51.125,50.75,0,306,1020,,5471,519,2795,1769,0.5,729
584.5,2026-08-05T02:29:24.619678+00:00,51.218,50.25,51.218,50.593,0,306,1020,,5471,519,2795,1769,0.3,729
585.5,2026-08-05T02:29:25.625878+00:00,51,50.375,51,50.562,0,306,1020,,5471,519,2795,1769,0.3,729
586.5,2026-08-05T02:29:26.631455+00:00,51,50.187,51,50.625,0,306,1020,,5471,519,2755,1769,0.3,729
587.5,2026-08-05T02:29:27.637397+00:00,51.031,50.218,51.031,50.687,0,306,1020,,5471,519,2755,1769,0.5,729
588.5,2026-08-05T02:29:28.643057+00:00,50.937,50.156,50.937,50.687,0,306,1020,,5471,519,2795,1769,0.2,729
589.5,2026-08-05T02:29:29.649287+00:00,51.125,50.281,51.125,50.531,0,306,1020,,5471,519,2795,1769,0.5,729
590.5,2026-08-05T02:29:30.654818+00:00,51.25,50.406,51.25,50.687,0,306,1020,,5471,479,2795,1769,0.2,729
591.5,2026-08-05T02:29:31.660521+00:00,51.218,50.125,51.218,50.687,0,306,1020,,5471,519,2795,1769,0.2,729
592.5,2026-08-05T02:29:32.666447+00:00,51.25,50.218,51.25,50.718,0,306,1020,,5471,519,2795,1769,0.5,729
593.5,2026-08-05T02:29:33.672155+00:00,51.25,50.375,51.25,50.562,0,306,1020,,5471,519,2795,1769,0.2,729
594.5,2026-08-05T02:29:34.680469+00:00,51.343,50.25,51.343,50.656,0,306,1020,,5471,519,2755,1769,0.3,729
595.5,2026-08-05T02:29:35.683369+00:00,51.25,50.468,51.093,50.562,0,306,1020,,5471,519,2795,1769,0.3,729
596.5,2026-08-05T02:29:36.689181+00:00,51,50.093,51,50.718,0,306,1020,,5471,519,2795,1769,0.0,729
597.6,2026-08-05T02:29:37.695034+00:00,51.093,50.187,51.093,50.687,0,306,1020,,5471,519,2795,1769,0.5,729
598.6,2026-08-05T02:29:38.700651+00:00,51.093,50.375,51.093,50.687,0,306,1020,,5471,519,2755,1769,0.2,729
599.6,2026-08-05T02:29:39.706431+00:00,51.093,50.218,51.093,50.625,0,306,1020,,5471,519,2755,1769,0.3,729
600.6,2026-08-05T02:29:40.711822+00:00,51.125,50.343,51.125,50.625,0,306,1020,,5471,519,2755,1769,0.2,729
601.6,2026-08-05T02:29:41.717545+00:00,51.406,50.156,51.406,50.687,0,306,1020,,5471,519,2755,1769,0.2,729
602.6,2026-08-05T02:29:42.723253+00:00,51.437,50.187,51.437,50.75,0,306,1020,,5471,519,2755,1769,0.5,729
603.6,2026-08-05T02:29:43.729063+00:00,51.5,50.312,51.5,50.531,0,306,1020,,5471,519,2795,1769,0.3,729
604.6,2026-08-05T02:29:44.734839+00:00,50.968,50.156,50.968,50.593,0,306,1020,,5471,519,2795,1769,0.2,729
605.6,2026-08-05T02:29:45.740509+00:00,50.937,50.406,50.937,50.625,0,306,1020,,5471,519,2795,1769,0.5,729
606.6,2026-08-05T02:29:46.746163+00:00,51,50.093,51,50.593,0,306,1020,,5471,519,2755,1769,0.2,729
607.6,2026-08-05T02:29:47.751861+00:00,51.093,50.125,51.093,50.718,0,306,1020,,5471,519,2795,1769,0.2,729
608.6,2026-08-05T02:29:48.757249+00:00,51.093,50.281,51.093,50.656,0,306,1020,,5471,519,2795,1769,0.3,729
609.6,2026-08-05T02:29:49.763103+00:00,51.156,50.093,51.156,50.625,0,306,1020,,5471,519,2755,1769,0.5,729
610.6,2026-08-05T02:29:50.768479+00:00,51.156,50.343,51.156,50.656,0,306,1020,,5471,479,2795,1769,0.0,729
611.6,2026-08-05T02:29:51.774136+00:00,51.156,50,51.156,50.656,0,306,1020,,5471,479,2795,1769,0.2,729
612.6,2026-08-05T02:29:52.779517+00:00,51.218,50.218,51.218,50.781,0,306,1020,,5471,519,2795,1769,0.5,729
613.6,2026-08-05T02:29:53.785381+00:00,51.218,50.218,51.031,50.656,0,306,1020,,5431,479,2795,1769,0.3,729
614.6,2026-08-05T02:29:54.791122+00:00,51.031,50.218,51.031,50.656,0,306,1020,,5431,479,2795,1769,0.3,729
615.7,2026-08-05T02:29:55.796795+00:00,51.062,50.406,51.062,50.718,0,306,1020,,5471,519,2795,1769,0.5,729
616.7,2026-08-05T02:29:56.802469+00:00,51.031,50.187,51.031,50.656,0,306,1020,,5471,479,2795,1769,0.2,729
617.7,2026-08-05T02:29:57.808120+00:00,51,50.218,51,50.718,0,306,1020,,5471,479,2795,1769,0.2,729
618.7,2026-08-05T02:29:58.813923+00:00,51.062,50.343,51.062,50.593,0,306,1020,,5471,519,2795,1769,0.5,729
619.7,2026-08-05T02:29:59.819360+00:00,51.062,50.218,51.062,50.562,0,306,1020,,5471,519,2795,1769,0.2,729
620.7,2026-08-05T02:30:00.825118+00:00,51.25,50.375,51.25,50.656,0,306,1020,,5471,479,2795,1769,0.2,729
621.7,2026-08-05T02:30:01.831839+00:00,51.406,50.125,51.406,50.687,0,306,1020,,5511,519,2795,1769,0.8,729
622.7,2026-08-05T02:30:02.837344+00:00,51.343,50.187,51.343,50.75,0,306,1020,,5471,479,2795,1769,0.0,729
623.7,2026-08-05T02:30:03.843163+00:00,51.375,50.375,51.375,50.593,0,306,1020,,5471,519,2795,1769,0.3,729
624.7,2026-08-05T02:30:04.848967+00:00,51.093,50.468,51.093,50.625,0,306,1020,,5471,519,2795,1769,0.7,729
625.7,2026-08-05T02:30:05.854966+00:00,51.031,50.343,51.031,50.687,0,306,1020,,5471,519,2795,1769,0.2,729
626.7,2026-08-05T02:30:06.860807+00:00,51.125,50.062,51.125,50.812,0,306,1020,,5471,519,2795,1769,0.3,729
627.7,2026-08-05T02:30:07.866718+00:00,51.125,50.125,51.125,50.656,0,306,1020,,5471,519,2795,1769,0.0,729
628.7,2026-08-05T02:30:08.872560+00:00,51.125,50.25,51.437,50.593,0,306,1020,,5471,519,2795,1769,0.3,729
629.7,2026-08-05T02:30:09.878374+00:00,51,50.468,51,50.593,0,306,1020,,5471,519,2795,1769,0.7,729
630.7,2026-08-05T02:30:10.884563+00:00,51,50.125,51,50.625,0,306,1020,,5471,519,2795,1771,0.5,729
631.7,2026-08-05T02:30:11.890333+00:00,51,50.125,51,50.718,0,306,1020,,5471,519,2795,1771,0.2,729
632.8,2026-08-05T02:30:12.896147+00:00,50.968,50.375,50.968,50.562,0,306,1020,,5471,519,2795,1771,0.0,729
633.8,2026-08-05T02:30:13.902563+00:00,51.187,50.25,51.187,50.625,0,306,1020,,5471,519,2795,1771,0.3,729
634.8,2026-08-05T02:30:14.908378+00:00,51.218,50.406,51.218,50.687,0,306,1020,,5471,519,2795,1771,0.2,729
635.8,2026-08-05T02:30:15.914229+00:00,51.218,50.062,51.218,50.75,0,306,1020,,5471,519,2795,1771,0.2,729
636.8,2026-08-05T02:30:16.920259+00:00,51.125,50.25,51.125,50.656,0,306,1020,,5471,519,2795,1771,0.2,729
637.8,2026-08-05T02:30:17.926116+00:00,51,50.468,51,50.656,0,306,1020,,5471,519,2795,1771,0.3,729
638.8,2026-08-05T02:30:18.932158+00:00,51,50.125,51,50.625,0,306,1020,,5480,519,2795,1771,0.2,729
639.8,2026-08-05T02:30:19.938041+00:00,51,50.468,51,50.718,0,306,1020,,5471,519,2795,1771,0.5,729
640.8,2026-08-05T02:30:20.943891+00:00,51.093,50.093,51.093,50.718,0,306,1020,,5551,519,2835,1771,0.2,729
641.8,2026-08-05T02:30:21.950044+00:00,51.218,50.25,51.218,50.562,0,306,1020,,5471,519,2795,1771,0.5,729
642.8,2026-08-05T02:30:22.955962+00:00,51.25,50.343,51.25,50.593,0,306,1020,,5471,519,2755,1771,0.3,729
643.8,2026-08-05T02:30:23.961773+00:00,51.218,50.093,51.218,50.593,0,306,1020,,5471,519,2755,1771,0.2,729
644.8,2026-08-05T02:30:24.967644+00:00,51.312,50.218,51.312,50.718,0,306,1020,,5480,519,2755,1771,0.5,729
645.8,2026-08-05T02:30:25.973489+00:00,51.343,50.218,51.343,50.5,0,306,1020,,5471,519,2795,1771,0.3,729
646.8,2026-08-05T02:30:26.979274+00:00,51.031,50.218,51.031,50.625,0,306,1020,,5471,519,2755,1771,0.2,729
647.8,2026-08-05T02:30:27.985277+00:00,51.062,50.343,51.062,50.531,0,306,1020,,5471,519,2795,1771,0.2,729
648.8,2026-08-05T02:30:28.991362+00:00,51.093,50.093,51.093,50.656,0,306,1020,,5471,519,2795,1771,0.3,729
649.9,2026-08-05T02:30:29.997723+00:00,51,50.125,51,50.718,0,306,1020,,5471,519,2795,1771,0.3,729
650.9,2026-08-05T02:30:31.003989+00:00,51.375,50.343,51.375,50.562,0,306,1020,,5471,519,2755,1771,0.3,729
651.9,2026-08-05T02:30:32.009729+00:00,51.343,50.093,51.343,50.656,0,306,1020,,5471,519,2755,1771,0.2,729
652.9,2026-08-05T02:30:33.015327+00:00,51.375,50.312,51.375,50.718,0,306,1020,,5471,519,2755,1771,0.0,729
653.9,2026-08-05T02:30:34.020826+00:00,51.5,50.125,51.5,50.718,0,306,1020,,5471,519,2755,1771,0.5,729
654.9,2026-08-05T02:30:35.026703+00:00,50.906,50.156,50.906,50.718,0,306,1020,,5471,519,2755,1771,0.0,729
655.9,2026-08-05T02:30:36.032162+00:00,51.062,50.218,51.062,50.625,0,306,1020,,5471,519,2795,1771,0.2,729
656.9,2026-08-05T02:30:37.037906+00:00,51.062,50.125,51.062,50.687,0,306,1020,,5471,519,2755,1771,0.3,729
657.9,2026-08-05T02:30:38.043757+00:00,51.187,50.343,51.187,50.656,0,306,1020,,5471,519,2795,1771,0.3,729
658.9,2026-08-05T02:30:39.049760+00:00,51.187,50.062,51.187,50.656,0,306,1020,,5471,519,2755,1771,0.3,729
659.9,2026-08-05T02:30:40.055149+00:00,51.218,50.062,51.218,50.562,0,306,1020,,5471,519,2795,1771,0.3,729
660.9,2026-08-05T02:30:41.061094+00:00,51.218,50.187,51.218,50.625,0,306,1020,,5471,519,2755,1771,0.2,729
661.9,2026-08-05T02:30:42.067046+00:00,51.031,50.5,51.031,50.625,0,306,1020,,5471,479,2795,1771,0.3,729
662.9,2026-08-05T02:30:43.073012+00:00,50.968,50.281,50.968,50.593,0,306,1020,,5471,519,2795,1771,0.2,729
663.9,2026-08-05T02:30:44.079234+00:00,50.968,50.187,50.968,50.75,0,306,1020,,5471,519,2795,1771,0.5,729
664.9,2026-08-05T02:30:45.085452+00:00,51.218,50.406,51.218,50.593,0,306,1020,,5471,479,2795,1771,0.3,729
665.9,2026-08-05T02:30:46.091232+00:00,51.218,50.218,51.218,50.625,0,306,1020,,5471,519,2795,1771,0.5,729
667.0,2026-08-05T02:30:47.097050+00:00,51.218,50.437,51.218,50.656,0,306,1020,,5471,519,2795,1771,0.0,729
668.0,2026-08-05T02:30:48.103305+00:00,51.218,50.093,51.218,50.75,0,306,1020,,5471,519,2795,1771,0.2,729
669.0,2026-08-05T02:30:49.109522+00:00,51.156,50.25,51.156,50.593,0,306,1020,,5480,519,2795,1771,0.3,729
670.0,2026-08-05T02:30:50.115886+00:00,51.093,50.437,51.093,50.593,0,306,1020,,5471,519,2795,1771,0.3,729
671.0,2026-08-05T02:30:51.121851+00:00,51.031,50.218,51.031,50.687,0,306,1020,,5471,519,2795,1771,0.0,729
672.0,2026-08-05T02:30:52.128124+00:00,51.125,50.156,51.343,50.687,0,306,1020,,5471,519,2795,1771,0.3,729
673.0,2026-08-05T02:30:53.134295+00:00,51.343,50.187,51.343,50.75,0,306,1020,,5471,519,2795,1771,0.3,729
674.0,2026-08-05T02:30:54.140544+00:00,51.437,50.156,51.437,50.625,0,306,1020,,5471,519,2795,1771,0.0,729
675.0,2026-08-05T02:30:55.146390+00:00,51.375,50.343,51.375,50.625,0,306,1020,,5471,519,2795,1771,0.2,729
676.0,2026-08-05T02:30:56.152426+00:00,51.375,50.125,51.375,50.687,0,306,1020,,5471,519,2795,1771,0.3,729
677.0,2026-08-05T02:30:57.157859+00:00,51.187,50.125,51.187,50.75,0,306,1020,,5480,479,2795,1771,0.2,729
678.0,2026-08-05T02:30:58.163523+00:00,51.125,50.25,51.125,50.562,0,306,1020,,5471,519,2795,1771,0.0,729
679.0,2026-08-05T02:30:59.169492+00:00,51.156,50.218,51.156,50.687,0,306,1020,,5471,519,2795,1771,0.3,729
680.0,2026-08-05T02:31:00.174932+00:00,51.125,50.343,51.125,50.593,0,306,1020,,5471,519,2795,1771,0.2,729
681.0,2026-08-05T02:31:01.181111+00:00,51.156,50.062,51.156,50.687,0,306,1020,,5471,519,2795,1771,0.5,729
682.0,2026-08-05T02:31:02.186940+00:00,51,50.156,51,50.718,0,306,1020,,5471,479,2795,1771,0.2,729
683.0,2026-08-05T02:31:03.192592+00:00,51,50.281,51,50.625,0,306,1020,,5471,479,2795,1771,0.5,729
684.1,2026-08-05T02:31:04.198670+00:00,51,50.156,51,50.718,0,306,1020,,5471,479,2795,1771,0.0,729
685.1,2026-08-05T02:31:05.204401+00:00,51.031,50.281,51.031,50.718,0,306,1020,,5471,479,2795,1771,0.3,729
686.1,2026-08-05T02:31:06.210010+00:00,51,50.125,51,50.625,0,306,1020,,5471,519,2795,1771,0.3,729
687.1,2026-08-05T02:31:07.215749+00:00,51.062,50.25,51.218,50.75,0,306,1020,,5471,519,2795,1771,0.2,729
688.1,2026-08-05T02:31:08.221189+00:00,51.218,50.343,51.218,50.593,0,306,1020,,5471,519,2795,1771,0.3,729
689.1,2026-08-05T02:31:09.227052+00:00,51.25,50.062,51.25,50.593,0,306,1020,,5480,479,2795,1771,0.0,729
690.1,2026-08-05T02:31:10.232887+00:00,51.25,50.312,51.25,50.687,0,306,1020,,5480,519,2795,1771,0.5,729
691.1,2026-08-05T02:31:11.238603+00:00,51.218,50.093,51.218,50.75,0,306,1020,,5471,479,2795,1771,0.2,729
692.1,2026-08-05T02:31:12.244463+00:00,51.218,50.187,51.218,50.75,0,306,1020,,5471,479,2795,1771,0.0,729
693.1,2026-08-05T02:31:13.250180+00:00,51.125,50.312,51.125,50.593,0,306,1020,,5511,519,2795,1771,0.5,729
694.1,2026-08-05T02:31:14.256302+00:00,51.125,50.437,51.125,50.656,0,306,1020,,5471,519,2795,1771,0.3,729
695.1,2026-08-05T02:31:15.261674+00:00,51.093,50.312,51.093,50.625,0,306,1020,,5471,479,2795,1771,0.0,729
696.1,2026-08-05T02:31:16.267772+00:00,51.031,50.062,51.031,50.656,0,306,1020,,5471,519,2795,1771,0.3,729
697.1,2026-08-05T02:31:17.273508+00:00,51.031,50.187,51.031,50.843,0,306,1020,,5471,479,2795,1771,0.2,729
698.1,2026-08-05T02:31:18.279234+00:00,51.312,50.25,51.312,50.593,0,306,1020,,5480,479,2795,1771,0.0,729
699.1,2026-08-05T02:31:19.284980+00:00,51.281,50.531,51.281,50.593,0,306,1020,,5471,479,2795,1771,0.2,729
700.1,2026-08-05T02:31:20.290324+00:00,51.406,50.312,51.406,50.718,0,306,1020,,5480,479,2795,1771,0.5,729
701.2,2026-08-05T02:31:21.296432+00:00,51.468,50.218,51.468,50.718,0,306,1020,,5471,519,2795,1771,0.0,729
702.2,2026-08-05T02:31:22.301831+00:00,51.437,50.187,51.437,50.718,0,306,1020,,5480,519,2795,1771,0.5,729
703.2,2026-08-05T02:31:23.307490+00:00,51.5,50.25,51.5,50.625,0,306,1020,,5480,519,2795,1771,0.5,729
704.2,2026-08-05T02:31:24.313358+00:00,51.156,50.468,51.156,50.593,0,306,1020,,5480,519,2795,1771,0.3,729
705.2,2026-08-05T02:31:25.318895+00:00,51.156,50.156,51.156,50.687,0,306,1020,,5471,479,2795,1771,0.0,729
706.2,2026-08-05T02:31:26.324484+00:00,51.187,50.156,51.187,50.718,0,306,1020,,5471,479,2795,1771,0.2,729
707.2,2026-08-05T02:31:27.330249+00:00,51.218,50.156,51.218,50.812,0,306,1020,,5471,479,2795,1771,0.0,729
708.2,2026-08-05T02:31:28.336144+00:00,51.218,50.281,51.218,50.75,0,306,1020,,5551,519,2835,1771,0.3,729
709.2,2026-08-05T02:31:29.341775+00:00,51.187,50.406,51.187,50.656,0,306,1020,,5471,479,2795,1771,0.5,729
710.2,2026-08-05T02:31:30.347432+00:00,51.062,50.218,51.062,50.656,0,306,1020,,5471,519,2795,1771,0.2,729
711.2,2026-08-05T02:31:31.353180+00:00,51.062,50.218,51.062,50.75,0,306,1020,,5431,479,2795,1771,0.2,729
712.2,2026-08-05T02:31:32.359035+00:00,51.093,50.156,51.093,50.812,0,306,1020,,5471,479,2795,1771,0.2,729
713.2,2026-08-05T02:31:33.364464+00:00,51,50.187,51,50.687,0,306,1020,,5431,479,2795,1771,0.2,729
714.2,2026-08-05T02:31:34.370367+00:00,51.031,50.343,51.031,50.687,0,306,1020,,5431,479,2795,1771,0.2,729
715.2,2026-08-05T02:31:35.375770+00:00,51.062,50.125,51.062,50.687,0,306,1020,,5471,519,2795,1771,0.5,729
716.2,2026-08-05T02:31:36.381569+00:00,51.25,50.187,51.25,50.656,0,306,1020,,5511,519,2795,1771,0.2,729
717.2,2026-08-05T02:31:37.387083+00:00,51.218,50.125,51.218,50.781,0,306,1020,,5471,519,2795,1771,0.5,729
718.2,2026-08-05T02:31:38.392390+00:00,51.281,50.25,51.281,50.625,0,306,1020,,5471,479,2795,1771,0.3,729
719.3,2026-08-05T02:31:39.398597+00:00,51.312,50.406,51.312,50.656,0,306,1020,,5471,479,2795,1771,0.2,729
720.3,2026-08-05T02:31:40.404266+00:00,51.281,50.156,51.281,50.656,0,306,1020,,5471,479,2795,1771,0.3,729
721.3,2026-08-05T02:31:41.409438+00:00,51.312,50.187,51.312,50.718,0,306,1020,,5471,519,2795,1771,0.3,729
722.3,2026-08-05T02:31:42.415269+00:00,51.406,50.125,51.156,50.812,0,306,1020,,5471,519,2795,1771,0.2,729
723.3,2026-08-05T02:31:43.421264+00:00,51.125,50.25,51.125,50.656,0,306,1020,,5591,519,2835,1771,0.3,729
724.3,2026-08-05T02:31:44.426814+00:00,51.093,50.406,51.093,50.656,0,306,1020,,5471,519,2795,1771,0.5,729
725.3,2026-08-05T02:31:45.432340+00:00,51.187,50.125,51.187,50.781,0,306,1020,,5471,479,2795,1771,0.2,729
726.3,2026-08-05T02:31:46.438412+00:00,51.031,50.25,51.031,50.812,0,306,1020,,5471,479,2795,1771,0.2,729
727.3,2026-08-05T02:31:47.444573+00:00,51.562,50.343,51.562,50.593,0,306,1020,,5471,519,2795,1771,0.0,729
728.3,2026-08-05T02:31:48.450630+00:00,51.468,50.125,51.468,50.656,0,306,1020,,5471,519,2795,1771,0.0,729
729.3,2026-08-05T02:31:49.456386+00:00,50.968,50.468,50.968,50.75,0,306,1020,,5471,519,2795,1771,0.3,729
730.3,2026-08-05T02:31:50.462508+00:00,51.031,50.187,51.031,50.687,0,306,1020,,5471,519,2795,1771,0.2,729
731.3,2026-08-05T02:31:51.468479+00:00,51.25,50.25,51.25,50.781,0,306,1020,,5471,519,2795,1771,0.3,729
732.3,2026-08-05T02:31:52.474188+00:00,51.156,50.406,51.156,50.656,0,306,1020,,5471,519,2795,1771,0.2,729
733.3,2026-08-05T02:31:53.480289+00:00,51.218,50.125,51.218,50.625,0,306,1020,,5471,519,2795,1771,0.5,729
734.3,2026-08-05T02:31:54.486454+00:00,51.187,50.125,51.187,50.718,0,306,1020,,5471,479,2795,1771,0.2,729
735.3,2026-08-05T02:31:55.492241+00:00,51.031,50.125,51.031,50.781,0,306,1020,,5471,519,2795,1771,0.7,729
736.4,2026-08-05T02:31:56.498353+00:00,51.031,50.156,51.031,50.562,0,306,1020,,5431,479,2795,1771,0.3,729
737.4,2026-08-05T02:31:57.504504+00:00,51.125,50.406,51.125,50.718,0,306,1020,,5431,479,2795,1771,0.2,729
738.4,2026-08-05T02:31:58.510540+00:00,51.062,50.062,51.062,50.656,0,306,1020,,5480,519,2795,1771,0.0,729
739.4,2026-08-05T02:31:59.516401+00:00,51.218,50.156,51.218,50.718,0,306,1020,,5471,519,2795,1771,0.3,729
740.4,2026-08-05T02:32:00.522271+00:00,51.218,50.343,51.218,50.812,0,306,1020,,5471,519,2795,1771,0.3,729
741.4,2026-08-05T02:32:01.528230+00:00,51.218,50.468,51.218,50.625,0,306,1020,,5471,519,2795,1771,0.5,729
742.4,2026-08-05T02:32:02.534407+00:00,51.218,50.343,51.218,50.656,0,306,1020,,5471,479,2795,1771,0.0,729
743.4,2026-08-05T02:32:03.540579+00:00,51.062,50.125,51.062,50.718,0,306,1020,,5471,519,2795,1771,0.2,729
744.4,2026-08-05T02:32:04.546333+00:00,51.062,50.093,51.062,50.781,0,306,1020,,5471,519,2795,1771,0.3,729
745.4,2026-08-05T02:32:05.551998+00:00,51.062,50.25,51.062,50.625,0,306,1020,,5471,519,2795,1771,0.0,729
746.4,2026-08-05T02:32:06.557782+00:00,51.093,50.406,51.093,50.625,0,306,1020,,5471,519,2795,1771,0.7,729
747.4,2026-08-05T02:32:07.563693+00:00,51.093,50.281,51.093,50.593,0,306,1020,,5471,519,2795,1771,0.3,729
748.4,2026-08-05T02:32:08.569627+00:00,51.406,50.031,51.406,50.781,0,306,1020,,5471,519,2795,1771,0.3,729
749.4,2026-08-05T02:32:09.575400+00:00,51.406,50.093,51.406,50.843,0,306,1020,,5471,519,2795,1771,0.2,729
750.4,2026-08-05T02:32:10.581198+00:00,51.375,50.218,51.375,50.687,0,306,1020,,5471,519,2795,1771,0.3,729
751.4,2026-08-05T02:32:11.586832+00:00,51.468,50.406,51.468,50.656,0,306,1020,,5471,519,2795,1771,0.3,729
752.4,2026-08-05T02:32:12.592812+00:00,51.468,50.156,51.468,50.625,0,306,1020,,5471,519,2795,1771,0.2,729
753.5,2026-08-05T02:32:13.598641+00:00,51.093,50.156,51.093,50.656,0,306,1020,,5630,559,2875,1771,0.2,729
754.5,2026-08-05T02:32:14.604266+00:00,51.125,50.125,51.125,50.75,0,306,1020,,5471,479,2795,1771,0.2,729
755.5,2026-08-05T02:32:15.610523+00:00,51.156,50.187,51.156,50.531,0,306,1020,,5471,519,2795,1771,0.7,729
756.5,2026-08-05T02:32:16.616272+00:00,51.218,50.343,51.218,50.625,0,306,1020,,5471,519,2755,1771,0.7,729
757.5,2026-08-05T02:32:17.624858+00:00,51,50.156,51,50.687,0,306,1020,,5591,559,2795,1770,5.0,729
758.5,2026-08-05T02:32:18.631450+00:00,50.968,50.187,50.968,50.687,0,306,1020,,5471,519,2795,1770,0.3,729
759.5,2026-08-05T02:32:19.638388+00:00,51.187,50.343,51.187,50.625,0,306,1020,,5471,519,2795,1770,0.5,729
760.5,2026-08-05T02:32:20.644178+00:00,51.187,50.156,51.187,50.625,0,306,1020,,5471,479,2795,1770,0.3,729
761.5,2026-08-05T02:32:21.650614+00:00,51.187,50.093,51.187,50.656,0,306,1020,,5471,519,2795,1770,0.3,729
762.5,2026-08-05T02:32:22.656783+00:00,50.968,50.281,50.968,50.562,0,306,1020,,5471,479,2795,1770,0.3,729
763.5,2026-08-05T02:32:23.662113+00:00,50.968,50.468,50.968,50.718,0,306,1020,,5471,479,2795,1770,0.2,729
764.5,2026-08-05T02:32:24.668329+00:00,50.937,50.343,50.937,50.718,0,306,1020,,5471,519,2795,1770,0.2,729
765.5,2026-08-05T02:32:25.674455+00:00,51.031,50.062,51.031,50.687,0,306,1020,,5471,519,2795,1770,0.2,729
766.5,2026-08-05T02:32:26.680090+00:00,51.218,50.125,51.218,50.75,0,306,1020,,5471,519,2795,1770,0.3,729
767.5,2026-08-05T02:32:27.686344+00:00,51.218,50.218,51.218,50.593,0,306,1020,,5471,519,2755,1770,0.2,729
768.5,2026-08-05T02:32:28.691939+00:00,51.25,50.406,51.25,50.593,0,306,1020,,5480,519,2795,1770,0.5,729
769.6,2026-08-05T02:32:29.697768+00:00,51.25,50.093,51.25,50.656,0,306,1020,,5471,519,2795,1770,0.3,729
770.6,2026-08-05T02:32:30.703558+00:00,51.281,50.156,51.281,50.781,0,306,1020,,5471,519,2755,1770,0.2,729
771.6,2026-08-05T02:32:31.709691+00:00,51.031,50.062,51.031,50.812,0,306,1020,,5471,479,2795,1770,0.3,729
772.6,2026-08-05T02:32:32.714973+00:00,51.062,50.218,51.062,50.625,0,306,1020,,5480,519,2755,1770,0.2,729
773.6,2026-08-05T02:32:33.720749+00:00,51.093,50.437,51.093,50.625,0,306,1020,,5471,519,2795,1770,0.0,729
774.6,2026-08-05T02:32:34.726319+00:00,51.093,50.093,51.093,50.718,0,306,1020,,5471,519,2795,1770,0.3,729
775.6,2026-08-05T02:32:35.732307+00:00,51.125,50.218,51.125,50.656,0,306,1020,,5471,519,2795,1770,0.2,729
776.6,2026-08-05T02:32:36.738240+00:00,51.406,50.062,51.406,50.531,0,306,1020,,5471,519,2795,1770,0.5,729
777.6,2026-08-05T02:32:37.743981+00:00,51.437,50.187,51.437,50.593,0,306,1020,,5471,519,2795,1770,0.2,729
778.6,2026-08-05T02:32:38.749599+00:00,51.406,50.406,51.406,50.562,0,306,1020,,5431,479,2795,1770,0.2,729
779.6,2026-08-05T02:32:39.757935+00:00,51.406,50.125,51.406,50.687,0,306,1020,,5670,599,2835,1770,3.8,729
780.6,2026-08-05T02:32:40.767276+00:00,51.218,50.187,51.218,50.687,0,306,1020,,5471,519,2795,1770,0.3,729
781.6,2026-08-05T02:32:41.770305+00:00,51.125,50.343,51.125,50.625,0,306,1020,,5431,479,2795,1770,0.2,729
782.6,2026-08-05T02:32:42.776850+00:00,50.968,50.187,50.968,50.625,0,306,1020,,5431,479,2795,1770,0.8,729
783.6,2026-08-05T02:32:43.782908+00:00,50.906,50.218,50.906,50.687,0,306,1020,,5471,519,2795,1770,0.2,729
784.6,2026-08-05T02:32:44.788870+00:00,50.937,50.218,50.937,50.781,0,306,1020,,5471,519,2795,1770,0.2,729
785.7,2026-08-05T02:32:45.795367+00:00,51.062,50.062,51.062,50.562,0,306,1020,,5471,519,2755,1770,0.5,729
786.7,2026-08-05T02:32:46.800814+00:00,51.187,50.312,51.187,50.562,0,306,1020,,5471,519,2795,1770,0.0,729
787.7,2026-08-05T02:32:47.806529+00:00,51.156,50.093,51.156,50.656,0,306,1020,,5471,519,2795,1770,0.2,729
788.7,2026-08-05T02:32:48.812363+00:00,51.156,50.156,51.156,50.687,0,306,1020,,5471,519,2795,1770,0.5,729
789.7,2026-08-05T02:32:49.818635+00:00,51.218,50.281,51.218,50.656,0,306,1020,,5471,519,2795,1770,0.3,729
790.7,2026-08-05T02:32:50.823925+00:00,51.25,50.531,51.25,50.625,0,306,1020,,5710,599,2875,1770,0.2,1728
791.7,2026-08-05T02:32:51.829612+00:00,50.968,50.312,50.968,50.562,0,306,1020,,5471,519,2795,1770,0.3,729
792.7,2026-08-05T02:32:52.835349+00:00,51.062,50.093,51.062,50.718,0,306,1020,,5471,479,2795,1770,0.3,729
793.7,2026-08-05T02:32:53.841011+00:00,50.968,50.125,50.968,50.593,0,306,1020,,5431,479,2795,1770,0.2,729
794.7,2026-08-05T02:32:54.846717+00:00,51.093,50.281,51.093,50.593,0,306,1020,,5471,519,2795,1770,0.3,729
795.7,2026-08-05T02:32:55.852703+00:00,51.031,50.437,51.031,50.687,0,306,1020,,5471,519,2795,1770,0.2,729
796.7,2026-08-05T02:32:56.858339+00:00,51.25,50.281,51.25,50.625,0,306,1020,,5471,519,2795,1770,0.5,729
797.7,2026-08-05T02:32:57.864099+00:00,51.281,50.125,51.281,50.656,0,306,1020,,5431,479,2755,1770,0.2,729
798.7,2026-08-05T02:32:58.869990+00:00,51.343,50.156,51.343,50.875,0,306,1020,,5511,519,2795,1770,0.3,729
799.7,2026-08-05T02:32:59.876115+00:00,51.343,50.218,51.343,50.625,0,306,1020,,5471,519,2795,1770,0.5,729
800.7,2026-08-05T02:33:00.882306+00:00,51.312,50.468,51.312,50.718,0,306,1020,,5471,519,2795,1770,0.5,729
801.7,2026-08-05T02:33:01.888523+00:00,51.156,50.093,51.156,50.687,0,306,1020,,5480,519,2795,1770,0.3,729
802.7,2026-08-05T02:33:02.893888+00:00,51.093,50.125,51.093,50.718,0,306,1020,,5471,519,2795,1770,0.5,729
803.8,2026-08-05T02:33:03.899800+00:00,51.125,50.375,51.125,50.625,0,306,1020,,5471,519,2795,1770,0.0,729
804.8,2026-08-05T02:33:04.905757+00:00,51.093,50.218,51.093,50.718,0,306,1020,,5471,519,2795,1770,0.3,729
805.8,2026-08-05T02:33:05.910944+00:00,51.187,50.5,51.187,50.656,0,306,1020,,5840,638,2955,1770,0.7,1728
806.8,2026-08-05T02:33:06.916745+00:00,51.5,50.156,51.5,50.718,0,306,1020,,5511,519,2795,1770,0.0,729
807.8,2026-08-05T02:33:07.922494+00:00,50.968,50.218,50.968,50.75,0,306,1020,,5480,519,2795,1770,0.3,729
808.8,2026-08-05T02:33:08.928158+00:00,51.062,50.406,51.062,50.656,0,306,1020,,5431,479,2795,1770,0.5,729
809.8,2026-08-05T02:33:09.934760+00:00,51.031,50.25,51.031,50.687,0,306,1020,,5480,479,2755,1770,0.3,729
810.8,2026-08-05T02:33:10.940362+00:00,51.218,50.468,51.218,50.687,0,306,1020,,5480,479,2795,1770,0.0,729
811.8,2026-08-05T02:33:11.946156+00:00,51.187,50.125,51.187,50.781,0,306,1020,,5440,479,2755,1770,0.0,729
812.8,2026-08-05T02:33:12.952437+00:00,51.281,50.187,51.281,50.812,0,306,1020,,5440,479,2755,1770,0.3,729
813.8,2026-08-05T02:33:13.958266+00:00,51.218,50.468,51.218,50.625,0,306,1020,,5480,519,2795,1770,0.2,729
814.8,2026-08-05T02:33:14.964476+00:00,51,50.218,51,50.687,0,306,1020,,5471,519,2755,1770,0.5,729
815.8,2026-08-05T02:33:15.970732+00:00,51.031,50.281,51.031,50.656,0,306,1020,,5471,479,2755,1770,0.2,729
816.8,2026-08-05T02:33:16.976447+00:00,51.093,50.156,51.093,50.843,0,306,1020,,5431,479,2755,1770,0.3,729
817.8,2026-08-05T02:33:17.982672+00:00,51.031,50.187,51.031,50.625,0,306,1020,,5431,479,2755,1770,0.2,729
818.8,2026-08-05T02:33:18.988636+00:00,51.312,50.375,51.312,50.718,0,306,1020,,5480,479,2795,1770,0.0,729
819.9,2026-08-05T02:33:19.994477+00:00,51.25,50.125,51.25,50.718,0,306,1020,,5471,519,2755,1770,0.3,729
820.9,2026-08-05T02:33:21.000873+00:00,51.343,50.25,51.343,50.75,0,306,1020,,5471,519,2795,1770,0.2,729
821.9,2026-08-05T02:33:22.006991+00:00,51.375,50.281,51.375,50.656,0,306,1020,,5431,479,2795,1770,0.5,729
822.9,2026-08-05T02:33:23.013135+00:00,51,50.125,51,50.625,0,306,1020,,5431,479,2755,1770,0.5,729
823.9,2026-08-05T02:33:24.019434+00:00,51.125,50.375,51.125,50.687,0,306,1020,,5431,479,2795,1770,0.3,729
824.9,2026-08-05T02:33:25.025829+00:00,51.156,50.25,51.156,50.812,0,306,1020,,5471,479,2795,1770,0.2,729
825.9,2026-08-05T02:33:26.031629+00:00,51.375,50.218,51.375,50.593,0,306,1020,,5471,519,2795,1770,0.3,729
826.9,2026-08-05T02:33:27.037374+00:00,51.468,50.312,51.468,50.687,0,306,1020,,5471,519,2795,1770,0.2,729
827.9,2026-08-05T02:33:28.043524+00:00,51.406,50.468,51.406,50.625,0,306,1020,,5471,479,2795,1770,0.2,729
828.9,2026-08-05T02:33:29.049492+00:00,51.468,50.281,51.468,50.75,0,306,1020,,5870,638,2955,1770,0.3,729
829.9,2026-08-05T02:33:30.055129+00:00,51.406,50.218,51.406,50.843,0,306,1020,,5511,519,2795,1770,0.5,729
830.9,2026-08-05T02:33:31.060983+00:00,51.093,50.406,51.093,50.687,0,306,1020,,5471,519,2795,1770,0.3,729
831.9,2026-08-05T02:33:32.066660+00:00,51.187,50.312,51.187,50.718,0,306,1020,,5480,519,2795,1770,0.5,729
832.9,2026-08-05T02:33:33.072373+00:00,51.156,50.531,51.156,50.75,0,306,1020,,5440,479,2795,1770,0.2,729
833.9,2026-08-05T02:33:34.078370+00:00,51.281,50.218,51.281,50.718,0,306,1020,,5480,479,2795,1770,0.5,729
834.9,2026-08-05T02:33:35.084457+00:00,51.218,50.343,51.125,50.656,0,306,1020,,5471,519,2795,1770,0.3,729
835.9,2026-08-05T02:33:36.090905+00:00,51.093,50.468,51.093,50.687,0,306,1020,,5790,599,2915,1770,0.0,729
837.0,2026-08-05T02:33:37.096777+00:00,51.031,50.187,51.031,50.75,0,306,1020,,5471,519,2795,1770,0.5,729
838.0,2026-08-05T02:33:38.102836+00:00,51,50.5,51,50.781,0,306,1020,,5471,479,2795,1770,0.3,729
839.0,2026-08-05T02:33:39.108435+00:00,51.031,50.25,51.218,50.781,0,306,1020,,5471,519,2795,1770,0.2,729
840.0,2026-08-05T02:33:40.114412+00:00,51.281,50.25,51.281,50.781,0,306,1020,,5471,519,2795,1770,0.3,729
841.0,2026-08-05T02:33:41.120352+00:00,51.312,50.437,51.312,50.656,0,306,1020,,5471,519,2795,1770,0.2,729
842.0,2026-08-05T02:33:42.126146+00:00,51.218,50.156,51.218,50.656,0,306,1020,,5471,519,2795,1770,0.2,729
843.0,2026-08-05T02:33:43.131859+00:00,51.281,50.312,51.281,50.687,0,306,1020,,5471,519,2795,1770,0.3,729
844.0,2026-08-05T02:33:44.137566+00:00,51.312,50.218,51.093,50.75,0,306,1020,,5630,559,2835,1770,0.3,729
845.0,2026-08-05T02:33:45.143091+00:00,51.125,50.281,51.125,50.718,0,306,1020,,5471,519,2795,1770,0.3,729
846.0,2026-08-05T02:33:46.148720+00:00,51.093,50.406,51.093,50.656,0,306,1020,,5471,519,2795,1770,0.3,729
847.0,2026-08-05T02:33:47.154342+00:00,51.125,50.187,51.125,50.718,0,306,1020,,5471,519,2795,1770,0.3,729
848.0,2026-08-05T02:33:48.159899+00:00,51.093,50.281,51.093,50.781,0,306,1020,,5471,519,2795,1770,0.0,729
849.0,2026-08-05T02:33:49.165604+00:00,51.062,50.125,51.062,50.75,0,306,1020,,5471,519,2795,1770,0.7,729
850.0,2026-08-05T02:33:50.171497+00:00,51.156,50.218,51.156,50.625,0,306,1020,,5480,519,2795,1770,0.5,729
851.0,2026-08-05T02:33:51.177175+00:00,51.343,50.437,51.343,50.625,0,306,1020,,5471,519,2795,1770,0.2,729
852.0,2026-08-05T02:33:52.182787+00:00,51.343,50.125,51.343,50.75,0,306,1020,,5480,519,2795,1770,0.3,729
853.0,2026-08-05T02:33:53.188683+00:00,51.437,50.281,51.437,50.781,0,306,1020,,5471,519,2795,1770,0.5,729
854.1,2026-08-05T02:33:54.194289+00:00,51.406,50.281,51.406,50.906,0,306,1020,,5480,519,2795,1770,0.2,729
855.1,2026-08-05T02:33:55.199699+00:00,51.437,50.218,51.437,50.562,0,306,1020,,5480,519,2795,1770,0.5,729
856.1,2026-08-05T02:33:56.205361+00:00,51.437,50.437,51.437,50.625,0,306,1020,,5471,519,2795,1770,0.2,729
857.1,2026-08-05T02:33:57.210868+00:00,51.062,50.125,51.218,50.656,0,306,1020,,5471,519,2795,1770,0.3,729
858.1,2026-08-05T02:33:58.216487+00:00,51.187,50.281,51.187,50.718,0,306,1020,,5520,519,2795,1770,0.3,1728
859.1,2026-08-05T02:33:59.222076+00:00,51.187,50.156,51.187,50.781,0,306,1020,,5560,519,2795,1770,0.2,729
860.1,2026-08-05T02:34:00.227768+00:00,51.218,50.156,51.218,50.593,0,306,1020,,5471,519,2795,1770,0.2,729
861.1,2026-08-05T02:34:01.233479+00:00,51.218,50.343,51.218,50.656,0,306,1020,,5471,519,2795,1770,0.2,729
862.1,2026-08-05T02:34:02.239162+00:00,51.187,50.093,51.187,50.75,0,306,1020,,5480,519,2795,1770,0.3,729
863.1,2026-08-05T02:34:03.244862+00:00,51.25,50.218,51.25,50.781,0,306,1020,,5471,519,2795,1770,0.3,729
864.1,2026-08-05T02:34:04.250371+00:00,51,50.218,51,50.75,0,306,1020,,5480,519,2795,1770,0.3,729
865.1,2026-08-05T02:34:05.255922+00:00,51.062,50.187,51.062,50.625,0,306,1020,,5471,519,2795,1770,0.2,729
866.1,2026-08-05T02:34:06.261545+00:00,51.062,50.437,51.062,50.687,0,306,1020,,5471,519,2795,1770,0.3,729
867.1,2026-08-05T02:34:07.267754+00:00,51.156,50.156,51.156,50.687,0,306,1020,,5471,519,2795,1770,0.0,729
868.1,2026-08-05T02:34:08.273600+00:00,51.093,50.218,51.093,50.718,0,306,1020,,5471,519,2795,1770,0.2,729
869.1,2026-08-05T02:34:09.279903+00:00,51.25,50.25,51.25,50.781,0,306,1020,,5480,519,2795,1770,0.5,729
870.1,2026-08-05T02:34:10.285704+00:00,51.25,50.468,51.25,50.531,0,306,1020,,5471,519,2795,1770,0.2,729
871.1,2026-08-05T02:34:11.292002+00:00,51.218,50.343,51.218,50.687,0,306,1020,,5471,519,2795,1770,0.2,729
872.2,2026-08-05T02:34:12.298224+00:00,51.375,50.093,51.062,50.718,0,306,1020,,5480,519,2795,1770,0.3,729
873.2,2026-08-05T02:34:13.304907+00:00,51.062,50.218,51.062,50.875,0,306,1020,,5520,519,2795,1770,0.3,729
874.2,2026-08-05T02:34:14.311149+00:00,51.093,50.312,51.093,50.656,0,306,1020,,5480,519,2795,1770,0.2,729
875.2,2026-08-05T02:34:15.317101+00:00,51.062,50.468,51.062,50.593,0,306,1020,,5480,479,2795,1770,0.3,729
876.2,2026-08-05T02:34:16.323931+00:00,51.437,50.156,51.437,50.781,0,306,1020,,5480,519,2795,1770,0.5,729
877.2,2026-08-05T02:34:17.329913+00:00,51.468,50.281,51.468,50.875,0,306,1020,,5440,479,2795,1770,0.3,729
878.2,2026-08-05T02:34:18.335656+00:00,51.343,50.375,51.343,50.687,0,306,1020,,5480,479,2795,1770,0.7,729
879.2,2026-08-05T02:34:19.341910+00:00,51.156,50.218,51.156,50.656,0,306,1020,,5471,519,2795,1770,0.0,729
880.2,2026-08-05T02:34:20.347985+00:00,51.218,50.5,51.218,50.656,0,306,1020,,5471,519,2795,1770,0.2,729
881.2,2026-08-05T02:34:21.354026+00:00,51.156,50.25,51.156,50.718,0,306,1020,,5471,519,2795,1770,0.7,729
882.2,2026-08-05T02:34:22.360109+00:00,51.218,50.187,51.218,50.906,0,306,1020,,5471,519,2795,1770,0.2,729
883.2,2026-08-05T02:34:23.365973+00:00,51.593,50.468,51.593,50.687,0,306,1020,,5471,519,2795,1770,0.3,729
884.2,2026-08-05T02:34:24.371703+00:00,51,50.156,51,50.656,0,306,1020,,5480,519,2795,1770,0.5,729
885.2,2026-08-05T02:34:25.377801+00:00,51.031,50.281,51.031,50.875,0,306,1020,,5471,519,2795,1770,0.3,729
886.2,2026-08-05T02:34:26.383629+00:00,51.093,50.156,51.093,50.843,0,306,1020,,5480,519,2795,1770,0.3,729
887.2,2026-08-05T02:34:27.389356+00:00,51.062,50.218,51.281,50.656,0,306,1020,,5471,479,2795,1770,0.3,729
888.3,2026-08-05T02:34:28.395675+00:00,51.218,50.468,51.218,50.625,0,306,1020,,5591,559,2835,1770,0.2,729
889.3,2026-08-05T02:34:29.401954+00:00,51.218,50.125,51.218,50.781,0,306,1020,,5471,519,2795,1770,0.5,729
890.3,2026-08-05T02:34:30.407919+00:00,51.25,50.281,51.25,50.718,0,306,1020,,5471,519,2795,1770,0.2,729
891.3,2026-08-05T02:34:31.413850+00:00,51.125,50.343,51.125,50.843,0,306,1020,,5471,519,2795,1770,0.3,729
892.3,2026-08-05T02:34:32.419641+00:00,51.062,50.593,51.062,50.687,0,306,1020,,5480,519,2795,1770,0.7,729
893.3,2026-08-05T02:34:33.425234+00:00,51.093,50.375,51.093,50.781,0,306,1020,,5471,519,2795,1770,0.3,729
894.3,2026-08-05T02:34:34.430998+00:00,51.093,50.156,51.093,50.75,0,306,1020,,5471,519,2795,1770,0.0,729
895.3,2026-08-05T02:34:35.437172+00:00,51.093,50.187,51.093,50.75,0,306,1020,,5471,519,2795,1770,0.5,729
896.3,2026-08-05T02:34:36.443755+00:00,51.312,50.312,51.312,50.593,0,306,1020,,5480,519,2795,1770,0.2,729
897.3,2026-08-05T02:34:37.449924+00:00,51.25,50.468,51.25,50.656,0,306,1020,,5480,479,2795,1770,0.2,729
898.3,2026-08-05T02:34:38.455891+00:00,51.343,50.218,51.343,50.718,0,306,1020,,5480,519,2795,1770,0.3,729
899.3,2026-08-05T02:34:39.461631+00:00,51.375,50.218,51.125,50.843,0,306,1020,,5480,519,2795,1770,0.2,729
900.3,2026-08-05T02:34:40.467793+00:00,51.218,50.125,51.218,50.625,0,306,1020,,5471,519,2795,1770,0.0,729
901.3,2026-08-05T02:34:41.473826+00:00,51.156,50.281,51.156,50.687,0,306,1020,,5440,479,2795,1770,0.8,729
902.3,2026-08-05T02:34:42.481344+00:00,51.125,50.468,51.125,50.687,0,306,1020,,5471,519,2795,1771,0.5,729
903.3,2026-08-05T02:34:43.486992+00:00,51.406,50.187,51.406,50.843,0,306,1020,,5480,519,2795,1771,0.3,729
904.3,2026-08-05T02:34:44.493238+00:00,51.406,50.25,51.406,50.75,0,306,1020,,5480,479,2795,1771,0.7,729
905.4,2026-08-05T02:34:45.498986+00:00,51.5,50.468,51.5,50.687,0,306,1020,,5471,519,2795,1771,0.3,729
906.4,2026-08-05T02:34:46.504824+00:00,51.125,50.156,51.125,50.718,0,306,1020,,5480,519,2795,1771,0.2,729
907.4,2026-08-05T02:34:47.510797+00:00,51.187,50.281,51.187,50.75,0,306,1020,,5471,519,2795,1771,0.3,729
908.4,2026-08-05T02:34:48.516176+00:00,51.187,50.156,51.187,50.75,0,306,1020,,5471,519,2795,1771,0.2,729
909.4,2026-08-05T02:34:49.521931+00:00,51.187,50.218,51.187,50.718,0,306,1020,,5471,519,2795,1771,0.5,729
910.4,2026-08-05T02:34:50.527736+00:00,51.218,50.562,51.218,50.687,0,306,1020,,5480,479,2795,1771,0.3,729
911.4,2026-08-05T02:34:51.533501+00:00,51.125,50.125,51.125,50.718,0,306,1020,,5471,519,2795,1771,0.5,729
912.4,2026-08-05T02:34:52.539193+00:00,51.093,50.25,51.093,50.75,0,306,1020,,5471,519,2795,1771,0.3,729
913.4,2026-08-05T02:34:53.545260+00:00,51.156,50.156,51.156,50.687,0,306,1020,,5471,479,2795,1771,0.2,729
914.4,2026-08-05T02:34:54.550614+00:00,51,50.25,51,50.687,0,306,1020,,5480,519,2795,1771,0.3,729
915.4,2026-08-05T02:34:55.556427+00:00,51.031,50.437,51.031,50.718,0,306,1020,,5480,519,2795,1771,0.3,729
916.4,2026-08-05T02:34:56.562024+00:00,51.031,50.156,51.031,50.718,0,306,1020,,5471,519,2795,1771,0.3,729
917.4,2026-08-05T02:34:57.567715+00:00,51.062,50.156,51.062,50.718,0,306,1020,,5471,519,2795,1771,0.3,729
918.4,2026-08-05T02:34:58.573331+00:00,51.218,50.406,51.218,50.843,0,306,1020,,5471,519,2795,1771,0.3,729
919.4,2026-08-05T02:34:59.579247+00:00,51.343,50.218,51.343,50.687,0,306,1020,,5471,519,2795,1771,0.0,729
920.4,2026-08-05T02:35:00.584701+00:00,51.281,50.437,51.281,50.75,0,306,1020,,5471,519,2795,1771,0.2,729
921.4,2026-08-05T02:35:01.590285+00:00,51.343,50.218,51.343,50.781,0,306,1020,,5480,519,2795,1771,0.7,729
922.5,2026-08-05T02:35:02.595885+00:00,51.375,50.187,51.375,50.843,0,306,1020,,5480,519,2795,1771,0.0,729
923.5,2026-08-05T02:35:03.601758+00:00,51.437,50.343,51.437,50.875,0,306,1020,,5480,519,2795,1771,0.3,729
924.5,2026-08-05T02:35:04.607408+00:00,51.156,50.25,51.156,50.718,0,306,1020,,5471,519,2795,1771,0.2,729
925.5,2026-08-05T02:35:05.613085+00:00,51.218,50.406,51.218,50.656,0,306,1020,,5471,519,2795,1771,0.3,729
926.5,2026-08-05T02:35:06.618801+00:00,51.156,50.25,51.156,50.781,0,306,1020,,5480,519,2795,1771,0.2,729
927.5,2026-08-05T02:35:07.624931+00:00,51.218,50.281,51.218,50.875,0,306,1020,,5471,519,2795,1771,0.5,729
928.5,2026-08-05T02:35:08.630565+00:00,51.281,50.406,51.281,50.843,0,306,1020,,5471,519,2795,1771,0.5,729
929.5,2026-08-05T02:35:09.645784+00:00,51.625,50.562,51.625,50.781,0,306,1020,,5551,559,2795,1771,1.2,806
930.5,2026-08-05T02:35:10.643347+00:00,51.531,50.437,51.531,50.718,0,306,1020,,5480,519,2795,1771,0.5,729
931.5,2026-08-05T02:35:11.648880+00:00,51.5,50.25,51.5,50.781,0,306,1020,,5471,519,2795,1771,0.0,729
932.5,2026-08-05T02:35:12.654978+00:00,51.656,50.187,51.656,50.875,0,306,1020,,5471,519,2795,1771,0.5,729
933.5,2026-08-05T02:35:13.660934+00:00,51.218,50.406,51.218,50.718,0,306,1020,,5480,519,2795,1771,0.2,729
934.5,2026-08-05T02:35:14.666344+00:00,51.25,50.625,51.25,50.718,0,306,1020,,5480,479,2795,1771,0.5,729
935.5,2026-08-05T02:35:15.672032+00:00,51.218,50.437,51.218,50.843,0,306,1020,,5480,519,2795,1771,0.7,729
936.5,2026-08-05T02:35:16.677917+00:00,51.25,50.187,51.25,50.812,0,306,1020,,5480,519,2795,1771,0.2,729
937.5,2026-08-05T02:35:17.683399+00:00,51.281,50.312,51.281,50.843,0,306,1020,,5471,479,2795,1771,0.0,729
938.5,2026-08-05T02:35:18.689214+00:00,51.312,50.375,51.218,50.718,0,306,1020,,5471,479,2795,1771,0.7,729
939.6,2026-08-05T02:35:19.694653+00:00,51.093,50.593,51.093,50.75,0,306,1020,,5471,519,2795,1771,0.2,729
940.6,2026-08-05T02:35:20.700494+00:00,51.156,50.375,51.156,50.843,0,306,1020,,5471,519,2795,1771,0.3,729
941.6,2026-08-05T02:35:21.706181+00:00,51.093,50.25,51.093,50.843,0,306,1020,,5471,519,2795,1771,0.7,729
942.6,2026-08-05T02:35:22.712168+00:00,51.187,50.312,51.187,50.843,0,306,1020,,5431,479,2795,1771,0.3,729
943.6,2026-08-05T02:35:23.717332+00:00,51.218,50.406,51.218,50.718,0,306,1020,,5440,479,2795,1771,0.2,729
944.6,2026-08-05T02:35:24.723290+00:00,51.187,50.562,51.187,50.843,0,306,1020,,5471,519,2795,1771,0.5,729
945.6,2026-08-05T02:35:25.728922+00:00,51.375,50.312,51.375,50.781,0,306,1020,,5431,479,2795,1771,0.3,729
946.6,2026-08-05T02:35:26.734432+00:00,51.375,50.218,51.375,50.843,0,306,1020,,5471,479,2755,1771,0.2,729
947.6,2026-08-05T02:35:27.740288+00:00,51.343,50.218,51.343,50.906,0,306,1020,,5471,519,2795,1771,0.5,729
948.6,2026-08-05T02:35:28.746017+00:00,51.375,50.375,51.375,50.781,0,306,1020,,5471,519,2795,1771,0.5,729
949.6,2026-08-05T02:35:29.751757+00:00,51.406,50.531,51.406,50.781,0,306,1020,,5480,479,2795,1771,0.2,729
950.6,2026-08-05T02:35:30.757398+00:00,51.437,50.437,51.437,50.843,0,306,1020,,5480,519,2795,1771,0.2,729
951.6,2026-08-05T02:35:31.763078+00:00,51.218,50.375,51.218,50.875,0,306,1020,,5480,519,2795,1771,0.2,729
952.6,2026-08-05T02:35:32.768783+00:00,51.218,50.281,51.218,50.937,0,306,1020,,5471,519,2795,1771,0.0,729
953.6,2026-08-05T02:35:33.774475+00:00,51.218,50.406,51.218,50.687,0,306,1020,,5480,519,2795,1771,0.7,729
954.6,2026-08-05T02:35:34.780147+00:00,51.218,50.593,51.218,50.781,0,306,1020,,5480,479,2795,1771,0.0,729
955.6,2026-08-05T02:35:35.785993+00:00,51.218,50.218,51.218,50.781,0,306,1020,,5480,519,2795,1771,0.3,729
956.6,2026-08-05T02:35:36.791692+00:00,51.656,50.218,51.656,50.875,0,306,1020,,5480,519,2795,1771,0.5,729
957.7,2026-08-05T02:35:37.797491+00:00,51.562,50.281,51.562,50.843,0,306,1020,,5480,519,2795,1771,0.2,729
958.7,2026-08-05T02:35:38.803105+00:00,51.093,50.312,51.093,50.718,0,306,1020,,5471,519,2795,1771,0.2,729
959.7,2026-08-05T02:35:39.808981+00:00,51.218,50.468,51.218,50.781,0,306,1020,,5480,519,2795,1771,0.3,729
960.7,2026-08-05T02:35:40.815257+00:00,51.062,50.25,51.062,50.812,0,306,1020,,5480,519,2795,1771,0.3,729
961.7,2026-08-05T02:35:41.821117+00:00,51.281,50.343,51.281,50.812,0,306,1020,,5471,519,2795,1771,0.2,729
962.7,2026-08-05T02:35:42.827430+00:00,51.312,50.375,51.312,50.625,0,306,1020,,5480,519,2795,1771,0.2,729
963.7,2026-08-05T02:35:43.833380+00:00,51.281,50.281,51.281,50.718,0,306,1020,,5511,519,2795,1771,0.5,729
964.7,2026-08-05T02:35:44.839116+00:00,51.437,50.531,51.437,50.812,0,306,1020,,5471,519,2795,1771,0.3,729
965.7,2026-08-05T02:35:45.845182+00:00,51.218,50.25,51.218,50.781,0,306,1020,,5480,519,2795,1771,0.7,729
966.7,2026-08-05T02:35:46.851272+00:00,51.156,50.312,51.156,50.843,0,306,1020,,5480,519,2795,1771,0.0,729
967.7,2026-08-05T02:35:47.857462+00:00,51.218,50.437,51.218,50.781,0,306,1020,,5471,519,2755,1771,0.0,729
968.7,2026-08-05T02:35:48.863421+00:00,51.156,50.25,51.156,50.875,0,306,1020,,5480,519,2795,1771,0.5,729
969.7,2026-08-05T02:35:49.869402+00:00,51.343,50.25,51.343,50.843,0,306,1020,,5471,519,2795,1771,0.2,729
970.7,2026-08-05T02:35:50.875400+00:00,51.437,50.218,51.437,50.937,0,306,1020,,5480,519,2795,1771,0.0,729
971.7,2026-08-05T02:35:51.881534+00:00,51.343,50.281,51.343,50.656,0,306,1020,,5471,519,2795,1771,0.2,729
972.7,2026-08-05T02:35:52.887678+00:00,51.5,50.437,51.5,50.75,0,306,1020,,5480,519,2795,1771,0.3,729
973.7,2026-08-05T02:35:53.893714+00:00,51.218,50.218,51.218,50.843,0,306,1020,,5471,479,2795,1771,0.2,729
974.8,2026-08-05T02:35:54.899654+00:00,51.187,50.343,51.187,50.875,0,306,1020,,5471,519,2795,1771,0.5,729
975.8,2026-08-05T02:35:55.906164+00:00,51.156,50.437,51.156,50.781,0,306,1020,,5471,479,2795,1771,0.2,729
976.8,2026-08-05T02:35:56.911929+00:00,51.218,50.593,51.218,50.75,0,306,1020,,5440,479,2755,1771,0.2,729
977.8,2026-08-05T02:35:57.917607+00:00,51.531,50.375,51.531,50.843,0,306,1020,,5471,519,2795,1771,0.2,729
978.8,2026-08-05T02:35:58.923417+00:00,51.531,50.281,51.531,50.812,0,306,1020,,5480,519,2795,1771,0.3,729
979.8,2026-08-05T02:35:59.929198+00:00,51.562,50.281,51.562,51,0,306,1020,,5440,479,2795,1771,0.2,729
980.8,2026-08-05T02:36:00.935406+00:00,51.562,50.375,51.562,50.625,0,306,1020,,5480,519,2795,1771,0.2,729
981.8,2026-08-05T02:36:01.941620+00:00,51.187,50.562,51.187,50.718,0,306,1020,,5480,519,2755,1771,0.5,729
982.8,2026-08-05T02:36:02.947699+00:00,51.218,50.281,51.218,50.875,0,306,1020,,5480,519,2755,1771,0.3,729
983.8,2026-08-05T02:36:03.953946+00:00,51.25,50.343,51.25,50.812,0,306,1020,,5480,519,2795,1771,0.2,729
984.8,2026-08-05T02:36:04.960041+00:00,51.218,50.437,51.656,50.718,0,306,1020,,5471,519,2755,1771,0.5,729
985.8,2026-08-05T02:36:05.966249+00:00,51.156,50.375,51.156,50.75,0,306,1020,,5480,519,2795,1771,0.2,729
986.8,2026-08-05T02:36:06.972390+00:00,51.062,50.593,51.062,50.75,0,306,1020,,5480,519,2795,1771,0.3,729
987.8,2026-08-05T02:36:07.978317+00:00,51.156,50.281,51.156,50.843,0,306,1020,,5471,519,2795,1771,0.5,729
988.8,2026-08-05T02:36:08.984009+00:00,51.125,50.375,51.125,50.875,0,306,1020,,5471,519,2795,1771,0.2,729
989.8,2026-08-05T02:36:09.989959+00:00,51.281,50.468,51.281,50.687,0,306,1020,,5471,519,2755,1771,0.5,729
990.9,2026-08-05T02:36:10.996322+00:00,51.25,50.312,51.25,50.75,0,306,1020,,5480,519,2795,1771,0.3,729
991.9,2026-08-05T02:36:12.002593+00:00,51.375,50.312,51.375,50.875,0,306,1020,,5480,519,2755,1771,0.7,729
992.9,2026-08-05T02:36:13.008726+00:00,51.156,50.375,51.156,50.937,0,306,1020,,5471,519,2795,1771,0.3,729
993.9,2026-08-05T02:36:14.015112+00:00,51.093,50.375,51.093,50.718,0,306,1020,,5471,519,2795,1771,0.2,729
994.9,2026-08-05T02:36:15.021366+00:00,51.125,50.5,51.125,50.812,0,306,1020,,5471,519,2795,1771,0.2,729
995.9,2026-08-05T02:36:16.027926+00:00,51.343,50.343,51.343,50.843,0,306,1020,,5471,519,2795,1771,0.2,729
996.9,2026-08-05T02:36:17.035344+00:00,51.375,50.218,51.375,50.875,0,306,1020,,5471,519,2795,1771,0.5,729
997.9,2026-08-05T02:36:18.041294+00:00,51.343,50.343,51.343,50.75,0,306,1020,,5480,519,2795,1771,0.2,729
998.9,2026-08-05T02:36:19.047344+00:00,51.156,50.562,51.156,50.75,0,306,1020,,5471,519,2795,1771,0.5,729
999.9,2026-08-05T02:36:20.053464+00:00,51.187,50.25,51.187,50.75,0,306,1020,,5480,519,2755,1771,0.5,729
1000.9,2026-08-05T02:36:21.059344+00:00,51.125,50.343,51.125,50.812,0,306,1020,,5551,519,2835,1771,0.3,729
1001.9,2026-08-05T02:36:22.065347+00:00,51.218,50.5,51.218,50.812,0,306,1020,,5471,519,2795,1771,0.2,729
1002.9,2026-08-05T02:36:23.071104+00:00,51.406,50.375,51.406,50.687,0,306,1020,,5471,479,2795,1771,0.3,729
1003.9,2026-08-05T02:36:24.077185+00:00,51.562,50.531,51.562,50.781,0,306,1020,,5480,519,2795,1771,0.3,729
1004.9,2026-08-05T02:36:25.083122+00:00,51.437,50.281,51.437,50.812,0,306,1020,,5471,519,2795,1771,0.0,729
1005.9,2026-08-05T02:36:26.088820+00:00,51.562,50.25,51.562,50.968,0,306,1020,,5471,519,2795,1771,0.3,729
1007.0,2026-08-05T02:36:27.094936+00:00,51.25,50.5,51.25,50.718,0,306,1020,,5471,479,2795,1771,0.5,729
1008.0,2026-08-05T02:36:28.100846+00:00,51.25,50.375,51.25,50.812,0,306,1020,,5471,479,2795,1771,0.5,729
1009.0,2026-08-05T02:36:29.106707+00:00,51.187,50.593,51.187,50.718,0,306,1020,,5471,479,2795,1771,0.2,729
1010.0,2026-08-05T02:36:30.113004+00:00,51.281,50.25,51.281,50.843,0,306,1020,,5471,519,2795,1771,0.3,729
1011.0,2026-08-05T02:36:31.119468+00:00,51.593,50.312,51.593,50.812,0,306,1020,,5471,519,2795,1771,0.2,729
1012.0,2026-08-05T02:36:32.125418+00:00,51.625,50.5,51.625,50.718,0,306,1020,,5471,479,2795,1771,0.5,729
1013.0,2026-08-05T02:36:33.131773+00:00,51.125,50.187,51.125,50.781,0,306,1020,,5471,519,2795,1771,0.7,729
1014.0,2026-08-05T02:36:34.137671+00:00,51.312,50.343,51.312,50.875,0,306,1020,,5480,519,2795,1771,0.3,729
1015.0,2026-08-05T02:36:35.143565+00:00,51.218,50.406,51.218,50.687,0,306,1020,,5471,519,2795,1771,0.3,729
1016.0,2026-08-05T02:36:36.149860+00:00,51.218,50.218,51.218,50.781,0,306,1020,,5511,519,2795,1771,0.3,729
1017.0,2026-08-05T02:36:37.156250+00:00,51.218,50.406,51.218,50.75,0,306,1020,,5471,519,2795,1771,0.3,729
1018.0,2026-08-05T02:36:38.162466+00:00,51.093,50.187,51.093,50.781,0,306,1020,,5480,519,2795,1771,0.5,729
1019.0,2026-08-05T02:36:39.168616+00:00,51.156,50.343,51.156,50.718,0,306,1020,,5471,519,2795,1771,0.3,729
1020.0,2026-08-05T02:36:40.174628+00:00,51.156,50.406,51.156,50.718,0,306,1020,,5471,519,2795,1771,0.2,729
1021.0,2026-08-05T02:36:41.180498+00:00,51.156,50.25,51.156,50.781,0,306,1020,,5480,519,2795,1771,0.5,729
1022.0,2026-08-05T02:36:42.186286+00:00,51.437,50.25,51.437,50.843,0,306,1020,,5471,519,2795,1771,0.2,729
1023.0,2026-08-05T02:36:43.192535+00:00,51.25,50.281,51.25,50.812,0,306,1020,,5471,519,2795,1771,0.5,729
1024.1,2026-08-05T02:36:44.198691+00:00,51.375,50.5,51.375,50.656,0,306,1020,,5471,479,2795,1771,0.2,729
1025.1,2026-08-05T02:36:45.204491+00:00,51.343,50.375,51.343,50.75,0,306,1020,,5471,519,2795,1771,0.3,729
1026.1,2026-08-05T02:36:46.210355+00:00,51.218,50.562,51.218,50.75,0,306,1020,,5480,519,2795,1771,0.2,729
1027.1,2026-08-05T02:36:47.216622+00:00,51.218,50.187,51.218,50.875,0,306,1020,,5471,479,2795,1771,0.3,729
1028.1,2026-08-05T02:36:48.222482+00:00,51.156,50.312,51.156,50.656,0,306,1020,,5471,519,2795,1771,0.5,729
1029.1,2026-08-05T02:36:49.228403+00:00,51.187,50.562,51.187,50.781,0,306,1020,,5471,519,2795,1771,0.3,729
1030.1,2026-08-05T02:36:50.234386+00:00,51.437,50.281,51.437,50.718,0,306,1020,,5480,519,2795,1771,0.5,729
1031.1,2026-08-05T02:36:51.240535+00:00,51.437,50.25,51.437,50.906,0,306,1020,,5480,519,2795,1771,0.3,729
1032.1,2026-08-05T02:36:52.246241+00:00,51.5,50.218,51.5,50.812,0,306,1020,,5480,479,2795,1771,0.3,729
1033.1,2026-08-05T02:36:53.252122+00:00,51.562,50.343,51.562,50.687,0,306,1020,,5480,519,2795,1771,0.8,729
1034.1,2026-08-05T02:36:54.257913+00:00,51.531,50.531,51.218,50.75,0,306,1020,,5480,479,2795,1771,0.2,729
1035.1,2026-08-05T02:36:55.263612+00:00,51.25,50.281,51.25,50.843,0,306,1020,,5480,479,2795,1771,0.3,729
1036.1,2026-08-05T02:36:56.269277+00:00,51.218,50.218,51.218,50.812,0,306,1020,,5480,519,2795,1771,1.0,729
1037.1,2026-08-05T02:36:57.275068+00:00,51.156,50.218,51.156,50.875,0,306,1020,,5480,519,2795,1771,0.0,729
1038.1,2026-08-05T02:36:58.280767+00:00,51.312,50.281,51.312,50.718,0,306,1020,,5480,519,2795,1771,0.3,729
1039.1,2026-08-05T02:36:59.286961+00:00,51.218,50.468,51.093,50.718,0,306,1020,,5431,479,2795,1771,0.2,729
1040.1,2026-08-05T02:37:00.292785+00:00,51.218,50.25,51.218,50.843,0,306,1020,,5431,479,2795,1771,0.3,729
1041.2,2026-08-05T02:37:01.298691+00:00,51.125,50.281,51.125,50.843,0,306,1020,,5480,479,2795,1771,0.5,729
1042.2,2026-08-05T02:37:02.305007+00:00,51.031,50.406,51.031,50.687,0,306,1020,,5471,479,2795,1771,0.5,729
1043.2,2026-08-05T02:37:03.310841+00:00,51.156,50.218,51.156,50.718,0,306,1020,,5440,479,2795,1771,0.2,729
1044.2,2026-08-05T02:37:04.316948+00:00,51.25,50.468,51.25,50.812,0,306,1020,,5480,519,2795,1771,0.5,729
1045.2,2026-08-05T02:37:05.323027+00:00,51.343,50.25,51.343,50.75,0,306,1020,,5480,479,2795,1771,0.3,729
1046.2,2026-08-05T02:37:06.328746+00:00,51.343,50.281,51.343,50.843,0,306,1020,,5480,479,2795,1771,0.3,729
1047.2,2026-08-05T02:37:07.334656+00:00,51.312,50.468,51.312,50.625,0,306,1020,,5480,519,2795,1771,0.5,729
1048.2,2026-08-05T02:37:08.340642+00:00,51.187,50.156,51.187,50.812,0,306,1020,,5471,479,2795,1771,0.3,729
1049.2,2026-08-05T02:37:09.346806+00:00,51.187,50.375,51.187,50.875,0,306,1020,,5431,479,2795,1771,0.3,729
1050.2,2026-08-05T02:37:10.353007+00:00,51.156,50.312,51.156,50.875,0,306,1020,,5480,479,2795,1771,0.5,729
1051.2,2026-08-05T02:37:11.358706+00:00,51.125,50.187,51.125,50.718,0,306,1020,,5480,519,2795,1771,0.2,729
1052.2,2026-08-05T02:37:12.364548+00:00,51.406,50.406,51.406,50.75,0,306,1020,,5480,519,2795,1771,0.2,729
1053.2,2026-08-05T02:37:13.370499+00:00,51.406,50.187,51.406,50.687,0,306,1020,,5471,519,2795,1771,0.5,729
1054.2,2026-08-05T02:37:14.376421+00:00,51.406,50.312,51.406,50.718,0,306,1020,,5471,519,2795,1771,0.2,729
1055.2,2026-08-05T02:37:15.382641+00:00,51.375,50.343,51.375,50.843,0,306,1020,,5471,519,2795,1771,0.2,729
1056.2,2026-08-05T02:37:16.388738+00:00,51.218,50.468,51.218,50.625,0,306,1020,,5480,519,2795,1771,0.5,729
1057.3,2026-08-05T02:37:17.394613+00:00,51.218,50.375,51.218,50.843,0,306,1020,,5480,479,2795,1771,0.3,729
1058.3,2026-08-05T02:37:18.400509+00:00,51.187,50.562,51.187,50.843,0,306,1020,,5471,519,2795,1771,0.2,729
1059.3,2026-08-05T02:37:19.407293+00:00,51.187,50.218,51.468,50.781,0,306,1020,,5480,519,2795,1771,0.3,729
1060.3,2026-08-05T02:37:20.413546+00:00,51.562,50.343,51.562,50.687,0,306,1020,,5511,519,2795,1771,0.7,729
1061.3,2026-08-05T02:37:21.419472+00:00,51.593,50.562,51.593,50.781,0,306,1020,,5511,519,2795,1771,0.3,729
1062.3,2026-08-05T02:37:22.425385+00:00,51.593,50.218,51.593,50.75,0,306,1020,,5480,519,2795,1771,1.0,729
1063.3,2026-08-05T02:37:23.431405+00:00,51.593,50.312,51.25,50.781,0,306,1020,,5480,519,2795,1771,0.2,729
1064.3,2026-08-05T02:37:24.437410+00:00,51.218,50.437,51.218,50.718,0,306,1020,,5471,519,2795,1771,0.2,729
1065.3,2026-08-05T02:37:25.443842+00:00,51.25,50.281,51.25,50.718,0,306,1020,,5471,519,2795,1771,0.3,729
1066.3,2026-08-05T02:37:26.449689+00:00,51.218,50.437,51.218,50.625,0,306,1020,,5471,519,2795,1771,0.3,729
1067.3,2026-08-05T02:37:27.455787+00:00,51.187,50.156,51.187,50.75,0,306,1020,,5471,519,2795,1771,0.2,729
1068.3,2026-08-05T02:37:28.461867+00:00,51.125,50.218,51.125,50.875,0,306,1020,,5551,519,2795,1771,0.5,729
1069.3,2026-08-05T02:37:29.467796+00:00,51.062,50.437,51.062,50.812,0,306,1020,,5480,519,2795,1771,0.3,729
1070.3,2026-08-05T02:37:30.473720+00:00,51.156,50.25,51.156,50.75,0,306,1020,,5480,519,2795,1771,0.2,729
1071.3,2026-08-05T02:37:31.479644+00:00,51.25,50.5,51.25,50.781,0,306,1020,,5480,519,2795,1771,0.5,729
1072.3,2026-08-05T02:37:32.485904+00:00,51.312,50.187,51.312,50.812,0,306,1020,,5480,519,2795,1771,0.2,729
1073.3,2026-08-05T02:37:33.492126+00:00,51.281,50.218,51.281,50.656,0,306,1020,,5480,519,2795,1771,0.3,729
1074.4,2026-08-05T02:37:34.498043+00:00,51.343,50.406,51.343,50.75,0,306,1020,,5471,519,2795,1771,0.3,729
1075.4,2026-08-05T02:37:35.503993+00:00,51.156,50.156,51.156,50.781,0,306,1020,,5471,519,2795,1771,0.5,729
1076.4,2026-08-05T02:37:36.510103+00:00,51.187,50.281,51.187,50.875,0,306,1020,,5511,519,2795,1771,0.3,729
1077.4,2026-08-05T02:37:37.515876+00:00,51.156,50.406,51.156,50.875,0,306,1020,,5480,519,2795,1771,0.0,729
1078.4,2026-08-05T02:37:38.521779+00:00,51.125,50.531,51.125,50.812,0,306,1020,,5480,519,2795,1771,0.3,729
1079.4,2026-08-05T02:37:39.528144+00:00,51.375,50.343,51.375,50.781,0,306,1020,,5471,519,2795,1771,0.2,729
1080.4,2026-08-05T02:37:40.535577+00:00,51.437,50.187,51.437,50.812,0,306,1020,,5480,519,2795,1771,0.8,729
1081.4,2026-08-05T02:37:41.541381+00:00,51.406,50.187,51.406,50.906,0,306,1020,,5471,519,2795,1771,0.5,729
1082.4,2026-08-05T02:37:42.547368+00:00,51.156,50.343,51.156,50.687,0,306,1020,,5471,519,2795,1771,0.7,729
1083.4,2026-08-05T02:37:43.553217+00:00,51.218,50.5,51.218,50.687,0,306,1020,,5511,519,2795,1771,0.3,729
1084.4,2026-08-05T02:37:44.559273+00:00,51.093,50.25,51.093,50.812,0,306,1020,,5471,519,2795,1771,0.3,729
1085.4,2026-08-05T02:37:45.565667+00:00,51.187,50.312,51.187,50.843,0,306,1020,,5480,519,2795,1771,0.3,729
1086.4,2026-08-05T02:37:46.571893+00:00,51.531,50.375,51.531,50.656,0,306,1020,,5480,519,2795,1771,0.3,729
1087.4,2026-08-05T02:37:47.577935+00:00,51.531,50.281,51.531,50.718,0,306,1020,,5480,519,2795,1771,0.3,729
1088.4,2026-08-05T02:37:48.583945+00:00,51.593,50.468,51.593,50.718,0,306,1020,,5480,519,2795,1771,0.3,729
1089.4,2026-08-05T02:37:49.589707+00:00,51.562,50.218,51.562,50.875,0,306,1020,,5471,519,2795,1771,0.2,729
1090.5,2026-08-05T02:37:50.595798+00:00,51.281,50.312,51.281,50.718,0,306,1020,,5480,519,2795,1771,0.2,729
1091.5,2026-08-05T02:37:51.601548+00:00,51.25,50.468,51.25,50.781,0,306,1020,,5471,519,2795,1771,0.3,729
1092.5,2026-08-05T02:37:52.607225+00:00,51.281,50.218,51.281,50.75,0,306,1020,,5471,519,2795,1771,0.0,729
1093.5,2026-08-05T02:37:53.612873+00:00,51.218,50.468,51.218,50.781,0,306,1020,,5480,519,2795,1771,0.2,729
1094.5,2026-08-05T02:37:54.618535+00:00,51.312,50.187,51.312,50.843,0,306,1020,,5480,519,2795,1771,0.2,729
1095.5,2026-08-05T02:37:55.624308+00:00,51,50.343,51,50.687,0,306,1020,,5471,519,2795,1771,0.5,729
1096.5,2026-08-05T02:37:56.630513+00:00,51.093,50.406,51.093,50.75,0,306,1020,,5480,519,2795,1771,0.2,729
1097.5,2026-08-05T02:37:57.636537+00:00,51.125,50.218,51.125,50.718,0,306,1020,,5480,519,2795,1771,0.3,729
1098.5,2026-08-05T02:37:58.642754+00:00,51.125,50.25,51.25,50.843,0,306,1020,,5471,519,2795,1771,0.2,729
1099.5,2026-08-05T02:37:59.649169+00:00,51.25,50.375,51.25,50.812,0,306,1020,,5480,519,2795,1771,0.3,729
1100.5,2026-08-05T02:38:00.655604+00:00,51.312,50.531,51.312,50.687,0,306,1020,,5480,519,2795,1771,0.3,729
1101.5,2026-08-05T02:38:01.663037+00:00,51.093,50.312,51.093,50.75,0,306,1020,,5471,519,2795,1771,0.3,729
1102.5,2026-08-05T02:38:02.668764+00:00,51.093,50.25,51.093,50.781,0,306,1020,,5471,519,2795,1771,0.2,729
1103.5,2026-08-05T02:38:03.674822+00:00,51.062,50.156,51.062,50.875,0,306,1020,,5471,519,2795,1771,0.3,729
1104.5,2026-08-05T02:38:04.680720+00:00,51.093,50.281,51.093,50.687,0,306,1020,,5471,519,2795,1771,0.3,729
1105.5,2026-08-05T02:38:05.686332+00:00,51.343,50.531,51.343,50.718,0,306,1020,,5480,479,2795,1771,0.3,729
1106.5,2026-08-05T02:38:06.692338+00:00,51.312,50.25,51.312,50.812,0,306,1020,,5471,519,2795,1771,0.2,729
1107.6,2026-08-05T02:38:07.698067+00:00,51.437,50.343,51.437,50.812,0,306,1020,,5471,519,2795,1771,0.3,729
1108.6,2026-08-05T02:38:08.704007+00:00,51.406,50.406,51.406,50.687,0,306,1020,,5471,519,2795,1771,0.0,729
1109.6,2026-08-05T02:38:09.710249+00:00,51.468,50.312,51.468,50.625,0,306,1020,,5471,519,2795,1771,0.8,729
1110.6,2026-08-05T02:38:10.715998+00:00,51.187,50.468,51.187,50.718,0,306,1020,,5471,519,2795,1771,0.2,729
1111.6,2026-08-05T02:38:11.721920+00:00,51.156,50.187,51.156,50.812,0,306,1020,,5480,519,2795,1771,0.2,729
1112.6,2026-08-05T02:38:12.728209+00:00,51.218,50.312,51.218,50.812,0,306,1020,,5471,519,2795,1771,0.2,729
1113.6,2026-08-05T02:38:13.734482+00:00,51.5,50.406,51.5,50.687,0,306,1020,,5471,519,2795,1771,0.2,729
1114.6,2026-08-05T02:38:14.740955+00:00,51.562,50.218,51.562,50.781,0,306,1020,,5471,519,2795,1771,0.3,729
1115.6,2026-08-05T02:38:15.747096+00:00,51.531,50.218,51.531,50.812,0,306,1020,,5471,519,2795,1771,0.3,729
1116.6,2026-08-05T02:38:16.753068+00:00,51.562,50.375,51.562,50.812,0,306,1020,,5471,519,2795,1771,0.2,729
1117.6,2026-08-05T02:38:17.759873+00:00,51.218,50.218,51.218,50.656,0,306,1020,,5480,519,2795,1771,0.3,729
1118.6,2026-08-05T02:38:18.765757+00:00,51.25,50.437,51.25,50.718,0,306,1020,,5471,519,2795,1771,0.2,729
1119.6,2026-08-05T02:38:19.771775+00:00,51.25,50.218,51.25,50.75,0,306,1020,,5480,519,2795,1771,0.3,729
1120.6,2026-08-05T02:38:20.777506+00:00,51.093,50.25,51.093,50.906,0,306,1020,,5511,519,2795,1771,0.3,729
1121.6,2026-08-05T02:38:21.783460+00:00,51.093,50.375,51.093,50.75,0,306,1020,,5471,519,2795,1771,0.2,729
1122.6,2026-08-05T02:38:22.789215+00:00,51.062,50.625,51.062,50.812,0,306,1020,,5471,519,2795,1771,0.3,729
1123.7,2026-08-05T02:38:23.794971+00:00,51.125,50.281,51.125,50.718,0,306,1020,,5480,519,2795,1771,0.2,729
1124.7,2026-08-05T02:38:24.801571+00:00,51.187,50.187,51.312,50.843,0,306,1020,,5471,519,2795,1771,0.5,729
1125.7,2026-08-05T02:38:25.807599+00:00,51.312,50.218,51.312,50.875,0,306,1020,,5480,519,2795,1771,0.2,729
1126.7,2026-08-05T02:38:26.813897+00:00,51.312,50.375,51.312,50.781,0,306,1020,,5471,519,2795,1771,0.0,729
1127.7,2026-08-05T02:38:27.820463+00:00,51.343,50.531,51.343,50.781,0,306,1020,,5471,519,2795,1771,0.3,729
1128.7,2026-08-05T02:38:28.826703+00:00,51.218,50.281,51.218,50.875,0,306,1020,,5471,519,2795,1771,0.2,729
1129.7,2026-08-05T02:38:29.833045+00:00,51.156,50.343,51.156,50.968,0,306,1020,,5480,519,2795,1771,0.5,729
1130.7,2026-08-05T02:38:30.839394+00:00,51.125,50.531,51.125,50.75,0,306,1020,,5471,519,2795,1771,0.3,729
1131.7,2026-08-05T02:38:31.845738+00:00,51.406,50.312,51.406,50.812,0,306,1020,,5471,519,2795,1771,0.3,729
1132.7,2026-08-05T02:38:32.851377+00:00,51.343,50.343,51.343,50.843,0,306,1020,,5471,479,2795,1771,0.3,729
1133.7,2026-08-05T02:38:33.857179+00:00,51.406,50.343,51.406,50.843,0,306,1020,,5471,519,2795,1771,0.2,729
1134.7,2026-08-05T02:38:34.863024+00:00,51.437,50.312,51.437,50.75,0,306,1020,,5471,519,2795,1771,0.3,729
1135.7,2026-08-05T02:38:35.868588+00:00,51.218,50.5,51.218,50.781,0,306,1020,,5630,559,2835,1771,0.3,729
1136.7,2026-08-05T02:38:36.874829+00:00,51.218,50.25,51.218,50.812,0,306,1020,,5471,519,2795,1771,0.3,729
1137.7,2026-08-05T02:38:37.880389+00:00,51.218,50.312,51.218,50.781,0,306,1020,,5471,519,2795,1771,0.3,729
1138.7,2026-08-05T02:38:38.886342+00:00,51.218,50.187,51.218,50.968,0,306,1020,,5471,479,2795,1771,0.2,729
1139.7,2026-08-05T02:38:39.892369+00:00,51.218,50.312,51.218,50.75,0,306,1020,,5431,479,2795,1771,0.2,729
1140.8,2026-08-05T02:38:40.897774+00:00,51.531,50.375,51.531,50.718,0,306,1020,,5471,519,2795,1771,0.5,729
1141.8,2026-08-05T02:38:41.903195+00:00,51.562,50.218,51.562,50.75,0,306,1020,,5471,519,2795,1771,0.2,729
1142.8,2026-08-05T02:38:42.909074+00:00,51.625,50.281,51.625,50.875,0,306,1020,,5471,519,2795,1771,0.2,729
1143.8,2026-08-05T02:38:43.914809+00:00,51.656,50.312,51.656,50.843,0,306,1020,,5511,519,2795,1771,0.0,729
1144.8,2026-08-05T02:38:44.920491+00:00,51.187,50.343,51.187,50.781,0,306,1020,,5471,519,2795,1771,0.3,729
1145.8,2026-08-05T02:38:45.926258+00:00,51.156,50.468,51.156,50.75,0,306,1020,,5471,519,2795,1771,0.3,729
1146.8,2026-08-05T02:38:46.932038+00:00,51.25,50.281,51.25,50.843,0,306,1020,,5480,519,2795,1771,0.2,729
1147.8,2026-08-05T02:38:47.938016+00:00,51.281,50.281,51.281,50.906,0,306,1020,,5480,519,2795,1771,0.3,729
1148.8,2026-08-05T02:38:48.944061+00:00,51.281,50.312,51.281,50.875,0,306,1020,,5471,519,2795,1771,0.5,729
1149.8,2026-08-05T02:38:49.950093+00:00,51.312,50.656,51.312,50.718,0,306,1020,,5511,519,2795,1771,0.7,1728
1150.8,2026-08-05T02:38:50.955703+00:00,51.281,50.468,51.281,50.781,0,306,1020,,5511,519,2795,1771,0.2,729
1151.8,2026-08-05T02:38:51.961231+00:00,51.156,50.156,51.156,50.781,0,306,1020,,5471,519,2795,1771,0.5,729
1152.8,2026-08-05T02:38:52.966678+00:00,51.156,50.218,51.156,50.843,0,306,1020,,5471,519,2795,1771,0.2,729
1153.8,2026-08-05T02:38:53.972423+00:00,51.187,50.406,51.187,50.812,0,306,1020,,5471,519,2795,1771,0.0,729
1154.8,2026-08-05T02:38:54.978548+00:00,51.125,50.468,51.125,50.812,0,306,1020,,5471,519,2795,1771,0.2,729
1155.8,2026-08-05T02:38:55.984276+00:00,51.218,50.375,51.218,50.781,0,306,1020,,5471,519,2795,1771,0.3,729
1156.8,2026-08-05T02:38:56.989936+00:00,51.156,50.187,51.156,50.843,0,306,1020,,5471,519,2755,1771,0.0,729
1157.9,2026-08-05T02:38:57.995303+00:00,51.375,50.312,51.375,50.843,0,306,1020,,5471,519,2755,1771,0.5,729
1158.9,2026-08-05T02:38:59.001176+00:00,51.406,50.343,51.406,50.781,0,306,1020,,5511,519,2795,1771,0.3,729
1159.9,2026-08-05T02:39:00.007121+00:00,51.406,50.5,51.406,50.687,0,306,1020,,5471,519,2795,1771,0.0,729
1160.9,2026-08-05T02:39:01.012527+00:00,51.437,50.468,51.437,50.781,0,306,1020,,5480,479,2795,1771,0.3,729
1161.9,2026-08-05T02:39:02.018217+00:00,51.437,50.25,51.437,50.812,0,306,1020,,5480,519,2795,1771,0.5,729
1162.9,2026-08-05T02:39:03.023825+00:00,51.5,50.218,51.5,50.812,0,306,1020,,5480,519,2755,1771,0.2,729
1163.9,2026-08-05T02:39:04.029877+00:00,51.25,50.437,51.25,50.718,0,306,1020,,5471,519,2795,1771,0.2,729
1164.9,2026-08-05T02:39:05.035323+00:00,51.312,50.593,51.312,50.687,0,306,1020,,5471,519,2795,1771,0.3,729
1165.9,2026-08-05T02:39:06.041071+00:00,51.281,50.375,51.281,50.875,0,306,1020,,5480,519,2795,1771,0.3,729
1166.9,2026-08-05T02:39:07.047092+00:00,51.218,50.218,51.218,50.781,0,306,1020,,5471,479,2795,1771,0.2,729
1167.9,2026-08-05T02:39:08.052619+00:00,51.312,50.218,51.312,50.906,0,306,1020,,5471,519,2795,1771,0.7,729
1168.9,2026-08-05T02:39:09.058083+00:00,51.25,50.437,51.25,50.781,0,306,1020,,5480,519,2755,1771,0.2,729
1169.9,2026-08-05T02:39:10.063687+00:00,51.125,50.5,51.125,50.75,0,306,1020,,5471,519,2795,1771,0.2,729
1170.9,2026-08-05T02:39:11.069184+00:00,51.031,50.375,51.031,50.906,0,306,1020,,5480,519,2795,1771,0.8,729
1171.9,2026-08-05T02:39:12.075220+00:00,51.156,50.187,51.156,50.843,0,306,1020,,5480,479,2795,1771,0.0,729
1172.9,2026-08-05T02:39:13.080978+00:00,51.156,50.281,51.156,50.875,0,306,1020,,5471,519,2795,1771,0.2,729
1173.9,2026-08-05T02:39:14.086688+00:00,51.062,50.343,51.062,50.75,0,306,1020,,5480,519,2795,1771,0.5,729
1174.9,2026-08-05T02:39:15.092433+00:00,51.281,50.562,51.281,50.875,0,306,1020,,5480,519,2795,1771,0.2,729
1176.0,2026-08-05T02:39:16.098480+00:00,51.312,50.312,51.312,50.781,0,306,1020,,5480,479,2795,1771,0.2,729
1177.0,2026-08-05T02:39:17.105030+00:00,51.343,50.343,51.343,50.875,0,306,1020,,5480,519,2795,1771,0.5,729
1178.0,2026-08-05T02:39:18.110228+00:00,51.343,50.312,51.343,50.843,0,306,1020,,5480,519,2795,1771,0.0,729
1179.0,2026-08-05T02:39:19.116125+00:00,51.375,50.375,51.375,50.687,0,306,1020,,5471,519,2795,1771,0.5,729
1180.0,2026-08-05T02:39:20.121912+00:00,51.156,50.562,51.156,50.843,0,306,1020,,5471,519,2795,1771,0.5,729
1181.0,2026-08-05T02:39:21.128334+00:00,51.218,50.281,51.218,50.843,0,306,1020,,5551,519,2795,1771,0.3,729
1182.0,2026-08-05T02:39:22.133846+00:00,51.218,50.375,51.218,50.781,0,306,1020,,5471,519,2795,1771,0.3,729
1183.0,2026-08-05T02:39:23.139928+00:00,51.093,50.5,51.093,50.75,0,306,1020,,5471,519,2795,1771,0.5,729
1184.0,2026-08-05T02:39:24.145920+00:00,51.437,50.406,51.437,50.843,0,306,1020,,5440,479,2795,1771,0.0,729
1185.0,2026-08-05T02:39:25.151689+00:00,51.406,50.531,51.406,50.687,0,306,1020,,5480,519,2795,1771,0.0,729
1186.0,2026-08-05T02:39:26.157477+00:00,51.531,50.187,51.531,50.812,0,306,1020,,5471,479,2795,1771,0.5,729
1187.0,2026-08-05T02:39:27.163279+00:00,51.468,50.343,51.468,50.937,0,306,1020,,5471,479,2795,1770,0.2,729
1188.0,2026-08-05T02:39:28.168855+00:00,51.593,50.437,51.593,50.75,0,306,1020,,5471,519,2795,1770,0.2,729
1189.0,2026-08-05T02:39:29.174495+00:00,51.593,50.25,51.593,50.812,0,306,1020,,5480,519,2795,1770,0.3,729
1190.0,2026-08-05T02:39:30.180157+00:00,51.218,50.5,51.218,50.75,0,306,1020,,5480,519,2795,1770,0.3,729
1191.0,2026-08-05T02:39:31.185897+00:00,51.218,50.25,51.218,50.781,0,306,1020,,5480,519,2795,1770,0.2,729
1192.0,2026-08-05T02:39:32.191738+00:00,51.25,50.281,51.25,50.875,0,306,1020,,5471,519,2795,1771,0.3,729
1193.1,2026-08-05T02:39:33.197387+00:00,51.218,50.5,51.218,50.718,0,306,1020,,5480,519,2795,1771,0.2,729
1194.1,2026-08-05T02:39:34.203473+00:00,51.281,50.25,51.281,50.781,0,306,1020,,5471,479,2795,1771,0.2,729
1195.1,2026-08-05T02:39:35.209052+00:00,51.218,50.5,51.125,50.781,0,306,1020,,5471,479,2795,1771,0.5,729
1196.1,2026-08-05T02:39:36.214570+00:00,51.156,50.343,51.156,50.781,0,306,1020,,5471,519,2795,1771,0.0,729
1197.1,2026-08-05T02:39:37.220664+00:00,51.218,50.312,51.218,50.968,0,306,1020,,5471,519,2795,1771,0.5,729
1198.1,2026-08-05T02:39:38.226280+00:00,51.187,50.437,51.187,50.781,0,306,1020,,5471,519,2795,1771,0.5,729
1199.1,2026-08-05T02:39:39.231921+00:00,51.156,50.281,51.156,50.812,0,306,1020,,5471,479,2795,1771,0.2,729
1200.1,2026-08-05T02:39:40.237297+00:00,51.125,50.468,51.125,50.75,0,306,1020,,5480,519,2795,1771,0.5,729
1201.1,2026-08-05T02:39:41.242863+00:00,51.343,50.312,51.343,50.843,0,306,1020,,5471,519,2795,1771,0.3,729
1202.1,2026-08-05T02:39:42.248644+00:00,51.343,50.218,51.343,50.843,0,306,1020,,5471,519,2795,1771,0.2,729
1203.1,2026-08-05T02:39:43.254272+00:00,51.375,50.468,51.375,50.718,0,306,1020,,5520,519,2795,1771,0.2,729
1204.1,2026-08-05T02:39:44.259934+00:00,51.312,50.25,51.312,50.75,0,306,1020,,5471,519,2795,1771,0.5,729
1205.1,2026-08-05T02:39:45.265319+00:00,51.406,50.375,51.406,50.812,0,306,1020,,5471,519,2795,1771,0.2,729
1206.1,2026-08-05T02:39:46.271075+00:00,51.343,50.25,51.343,50.875,0,306,1020,,5480,519,2795,1771,0.5,729
1207.1,2026-08-05T02:39:47.276591+00:00,51.5,50.25,51.5,50.906,0,306,1020,,5471,519,2795,1771,0.7,729
1208.1,2026-08-05T02:39:48.282364+00:00,51.218,50.375,51.218,50.687,0,306,1020,,5431,479,2795,1771,0.2,729
1209.1,2026-08-05T02:39:49.288346+00:00,51.187,50.281,51.187,50.75,0,306,1020,,5480,479,2795,1771,0.2,729
1210.1,2026-08-05T02:39:50.293631+00:00,51.218,50.406,51.218,50.781,0,306,1020,,5480,519,2795,1771,0.5,729
1211.2,2026-08-05T02:39:51.299405+00:00,51.187,50.218,51.187,50.843,0,306,1020,,5480,479,2795,1771,0.2,729
1212.2,2026-08-05T02:39:52.305532+00:00,51.218,50.281,51.218,50.812,0,306,1020,,5480,519,2795,1771,0.2,729
1213.2,2026-08-05T02:39:53.311220+00:00,51.218,50.468,51.218,50.718,0,306,1020,,5471,519,2795,1771,0.7,729
1214.2,2026-08-05T02:39:54.316763+00:00,51.562,50.187,51.562,50.781,0,306,1020,,5471,519,2795,1771,0.0,729
1215.2,2026-08-05T02:39:55.322531+00:00,51.593,50.375,51.593,50.781,0,306,1020,,5471,479,2795,1771,0.2,729
1216.2,2026-08-05T02:39:56.328154+00:00,51.562,50.156,51.562,50.812,0,306,1020,,5471,519,2795,1770,0.2,729
1217.2,2026-08-05T02:39:57.333510+00:00,51.062,50.343,51.062,50.687,0,306,1020,,5431,479,2795,1770,0.0,729
1218.2,2026-08-05T02:39:58.339344+00:00,51.062,50.437,51.062,50.843,0,306,1020,,5471,479,2795,1770,0.2,729
1219.2,2026-08-05T02:39:59.344904+00:00,51.062,50.25,51.062,50.875,0,306,1020,,5431,479,2795,1770,0.2,729
1220.2,2026-08-05T02:40:00.350461+00:00,51.375,50.468,51.375,50.812,0,306,1020,,5471,479,2795,1770,0.2,729
1221.2,2026-08-05T02:40:01.356605+00:00,51.312,50.218,51.312,50.843,0,306,1020,,5471,479,2795,1770,0.2,729
1222.2,2026-08-05T02:40:02.362199+00:00,51.343,50.343,51.343,50.75,0,306,1020,,5480,479,2795,1770,0.5,729
1223.2,2026-08-05T02:40:03.367759+00:00,51.375,50.437,51.375,50.75,0,306,1020,,5471,519,2795,1770,0.2,729
1224.2,2026-08-05T02:40:04.373544+00:00,51.343,50.687,51.343,50.75,0,306,1020,,5480,519,2795,1770,0.3,729
1225.2,2026-08-05T02:40:05.379080+00:00,51.343,50.468,51.343,50.843,0,306,1020,,5480,479,2795,1770,0.3,729
1226.2,2026-08-05T02:40:06.384877+00:00,51.375,50.218,51.187,50.937,0,306,1020,,5480,519,2795,1770,0.2,729
1227.2,2026-08-05T02:40:07.390679+00:00,51.187,50.343,51.187,50.968,0,306,1020,,5480,519,2795,1770,0.2,729
1228.3,2026-08-05T02:40:08.396302+00:00,51.187,50.406,51.187,50.687,0,306,1020,,5471,519,2795,1770,0.2,729
1229.3,2026-08-05T02:40:09.401724+00:00,51.218,50.625,51.218,50.875,0,306,1020,,5431,479,2795,1770,0.2,729
1230.3,2026-08-05T02:40:10.408803+00:00,51.218,50.281,51.218,50.812,0,306,1020,,5471,519,2795,1771,1.2,729
1231.3,2026-08-05T02:40:11.413978+00:00,51.468,50.343,51.468,50.843,0,306,1020,,5471,519,2795,1770,0.3,729
1232.3,2026-08-05T02:40:12.419526+00:00,51.437,50.281,51.437,50.937,0,306,1020,,5471,479,2795,1770,0.2,729
1233.3,2026-08-05T02:40:13.425360+00:00,51.406,50.375,51.406,50.75,0,306,1020,,5471,519,2795,1770,0.5,729
1234.3,2026-08-05T02:40:14.431529+00:00,51.593,50.687,51.593,50.781,0,306,1020,,5471,479,2795,1770,0.2,729
1235.3,2026-08-05T02:40:15.437334+00:00,51.531,50.312,51.531,50.812,0,306,1020,,5471,479,2795,1770,0.2,729
1236.3,2026-08-05T02:40:16.443006+00:00,51.281,50.375,51.281,50.875,0,306,1020,,5471,519,2795,1770,0.2,729
1237.3,2026-08-05T02:40:17.449153+00:00,51.218,50.531,51.218,50.718,0,306,1020,,5471,479,2795,1770,0.2,729
1238.3,2026-08-05T02:40:18.455339+00:00,51.25,50.437,51.25,50.781,0,306,1020,,5471,479,2795,1770,0.2,729
1239.3,2026-08-05T02:40:19.460612+00:00,51.281,50.593,51.281,50.843,0,306,1020,,5471,519,2795,1770,0.5,729
1240.3,2026-08-05T02:40:20.466420+00:00,51.218,50.218,51.218,50.875,0,306,1020,,5431,479,2795,1770,0.3,729
1241.3,2026-08-05T02:40:21.471685+00:00,51.218,50.406,51.218,50.968,0,306,1020,,5480,519,2795,1770,0.3,729
1242.3,2026-08-05T02:40:22.477621+00:00,51.125,50.468,51.125,50.75,0,306,1020,,5480,519,2795,1770,0.5,729
1243.3,2026-08-05T02:40:23.483094+00:00,51.156,50.437,51.156,50.75,0,306,1020,,5471,519,2795,1770,0.2,729
1244.3,2026-08-05T02:40:24.488615+00:00,51.187,50.531,51.187,50.781,0,306,1020,,5471,519,2795,1770,0.2,729
1245.4,2026-08-05T02:40:25.494459+00:00,51.156,50.25,51.156,50.812,0,306,1020,,5471,479,2795,1770,0.3,729
1246.4,2026-08-05T02:40:26.500417+00:00,51.125,50.312,51.125,50.812,0,306,1020,,5471,519,2795,1770,0.5,729
1247.4,2026-08-05T02:40:27.505847+00:00,51.156,50.468,51.156,50.718,0,306,1020,,5471,519,2795,1770,0.0,729
1248.4,2026-08-05T02:40:28.511871+00:00,51.312,50.343,51.312,50.781,0,306,1020,,5471,519,2795,1770,0.5,729
1249.4,2026-08-05T02:40:29.517474+00:00,51.375,50.625,51.375,50.75,0,306,1020,,5471,479,2795,1770,0.3,729
1250.4,2026-08-05T02:40:30.523061+00:00,51.375,50.187,51.375,50.75,0,306,1020,,5431,479,2795,1770,0.2,729
1251.4,2026-08-05T02:40:31.529396+00:00,51.343,50.343,51.343,50.812,0,306,1020,,5471,479,2795,1770,0.5,729
1252.4,2026-08-05T02:40:32.535233+00:00,51.375,50.468,51.218,50.687,0,306,1020,,5431,479,2795,1770,0.7,729
1253.4,2026-08-05T02:40:33.541226+00:00,51.218,50.25,51.218,50.75,0,306,1020,,5471,519,2795,1770,0.0,729
1254.4,2026-08-05T02:40:34.547094+00:00,51.187,50.312,51.187,50.75,0,306,1020,,5471,519,2795,1770,0.5,729
1255.4,2026-08-05T02:40:35.553374+00:00,51.218,50.281,51.218,50.812,0,306,1020,,5471,519,2795,1770,0.2,729
1256.4,2026-08-05T02:40:36.559271+00:00,51.156,50.437,51.437,50.718,0,306,1020,,5471,519,2795,1770,0.2,729
1257.4,2026-08-05T02:40:37.565301+00:00,51.5,50.531,51.5,50.687,0,306,1020,,5471,519,2795,1770,0.5,729
1258.4,2026-08-05T02:40:38.571426+00:00,51.5,50.25,51.5,50.75,0,306,1020,,5471,479,2795,1770,0.0,729
1259.4,2026-08-05T02:40:39.577416+00:00,51.531,50.25,51.531,50.781,0,306,1020,,5471,519,2795,1770,0.3,729
1260.4,2026-08-05T02:40:40.583376+00:00,51.468,50.468,51.218,50.875,0,306,1020,,5471,479,2795,1770,0.7,729
1261.4,2026-08-05T02:40:41.589434+00:00,51.187,50.625,51.187,50.656,0,306,1020,,5471,479,2795,1770,0.3,729
1262.5,2026-08-05T02:40:42.595326+00:00,51.187,50.468,51.187,50.625,0,306,1020,,5471,519,2795,1770,0.2,729
1263.5,2026-08-05T02:40:43.601428+00:00,51.218,50.218,51.218,50.812,0,306,1020,,5511,519,2795,1770,0.7,729
1264.5,2026-08-05T02:40:44.607196+00:00,51.218,50.25,51.687,50.875,0,306,1020,,5471,519,2795,1770,0.3,729
1265.5,2026-08-05T02:40:45.613278+00:00,51.593,50.437,51.593,50.75,0,306,1020,,5471,519,2795,1770,0.3,729
1266.5,2026-08-05T02:40:46.618970+00:00,51.062,50.625,51.062,50.75,0,306,1020,,5471,479,2795,1770,0.3,729
1267.5,2026-08-05T02:40:47.624493+00:00,51.062,50.437,51.062,50.843,0,306,1020,,5471,519,2795,1770,0.3,729
1268.5,2026-08-05T02:40:48.630244+00:00,51.093,50.187,51.093,50.718,0,306,1020,,5471,519,2795,1770,0.3,729
1269.5,2026-08-05T02:40:49.635973+00:00,51.062,50.187,51.062,50.812,0,306,1020,,5471,519,2795,1770,0.3,729
1270.5,2026-08-05T02:40:50.641735+00:00,51.312,50.406,51.312,50.687,0,306,1020,,5520,519,2795,1770,0.5,1728
1271.5,2026-08-05T02:40:51.647636+00:00,51.25,50.468,51.25,50.718,0,306,1020,,5471,519,2795,1770,0.2,729
1272.5,2026-08-05T02:40:52.653355+00:00,51.343,50.25,51.343,50.781,0,306,1020,,5471,519,2795,1770,0.8,729
1273.5,2026-08-05T02:40:53.659226+00:00,51.218,50.25,51.218,50.812,0,306,1020,,5471,519,2795,1770,0.0,729
1274.5,2026-08-05T02:40:54.664911+00:00,51.312,50.187,51.312,50.937,0,306,1020,,5471,519,2795,1770,0.3,729
1275.5,2026-08-05T02:40:55.670582+00:00,51.125,50.375,51.125,50.656,0,306,1020,,5471,519,2795,1770,0.2,729
1276.5,2026-08-05T02:40:56.676336+00:00,51.187,50.625,51.187,50.75,0,306,1020,,5480,519,2795,1770,0.2,729
1277.5,2026-08-05T02:40:57.682137+00:00,51.093,50.218,51.093,50.687,0,306,1020,,5480,519,2795,1770,0.3,729
1278.5,2026-08-05T02:40:58.687687+00:00,51.187,50.312,51.187,50.781,0,306,1020,,5511,519,2795,1770,0.3,729
1279.5,2026-08-05T02:40:59.693373+00:00,51.093,50.218,51.093,50.812,0,306,1020,,5480,519,2795,1770,0.3,729
1280.6,2026-08-05T02:41:00.699150+00:00,51.187,50.312,51.187,50.75,0,306,1020,,5471,479,2795,1770,0.3,729
1281.6,2026-08-05T02:41:01.704964+00:00,51.406,50.5,51.406,50.718,0,306,1020,,5471,519,2795,1770,0.2,729
1282.6,2026-08-05T02:41:02.710502+00:00,51.437,50.218,51.437,50.75,0,306,1020,,5471,479,2795,1770,0.3,729
1283.6,2026-08-05T02:41:03.716563+00:00,51.375,50.25,51.375,50.843,0,306,1020,,5480,479,2795,1770,0.3,729
1284.6,2026-08-05T02:41:04.721991+00:00,51.406,50.125,51.406,50.593,0,306,1020,,5471,519,2795,1770,0.3,729
1285.6,2026-08-05T02:41:05.727598+00:00,51.531,50.375,51.531,50.718,0,306,1020,,5520,519,2795,1770,0.3,1728
1286.6,2026-08-05T02:41:06.733559+00:00,51.562,50.5,51.562,50.687,0,306,1020,,5471,519,2795,1770,0.3,729
1287.6,2026-08-05T02:41:07.738777+00:00,51.218,50.218,51.218,50.687,0,306,1020,,5471,519,2795,1770,0.3,729
1288.6,2026-08-05T02:41:08.744521+00:00,51.156,50.281,51.156,50.75,0,306,1020,,5471,519,2795,1770,0.2,729
1289.6,2026-08-05T02:41:09.750398+00:00,51.218,50.468,51.218,50.718,0,306,1020,,5471,519,2795,1770,0.2,729
1290.6,2026-08-05T02:41:10.755882+00:00,51.312,50.406,51.312,50.687,0,306,1020,,5471,519,2795,1770,0.5,729
1291.6,2026-08-05T02:41:11.761807+00:00,51.25,50.468,51.25,50.75,0,306,1020,,5480,519,2795,1770,0.5,729
1292.6,2026-08-05T02:41:12.767402+00:00,51.312,50.156,51.312,50.75,0,306,1020,,5480,519,2795,1770,0.2,729
1293.6,2026-08-05T02:41:13.773034+00:00,51.062,50.25,51.062,50.843,0,306,1020,,5480,519,2795,1770,0.5,729
1294.6,2026-08-05T02:41:14.778952+00:00,51.156,50.468,51.156,50.781,0,306,1020,,5480,519,2795,1770,0.2,729
1295.6,2026-08-05T02:41:15.784736+00:00,51.093,50.343,51.093,50.656,0,306,1020,,5480,519,2795,1770,0.0,729
1296.6,2026-08-05T02:41:16.790717+00:00,51.156,50.468,51.156,50.781,0,306,1020,,5480,519,2795,1770,0.5,729
1297.7,2026-08-05T02:41:17.796366+00:00,51.156,50.156,51.156,50.718,0,306,1020,,5471,519,2795,1770,0.2,729
1298.7,2026-08-05T02:41:18.802132+00:00,51.031,50.25,51.031,50.843,0,306,1020,,5471,519,2795,1770,0.3,729
1299.7,2026-08-05T02:41:19.808070+00:00,51.343,50.437,51.343,50.562,0,306,1020,,5471,519,2795,1770,0.2,729
1300.7,2026-08-05T02:41:20.813671+00:00,51.218,50.281,51.218,50.687,0,306,1020,,5471,519,2795,1770,0.2,729
1301.7,2026-08-05T02:41:21.819361+00:00,51.343,50.406,51.343,50.687,0,306,1020,,5480,519,2795,1770,0.7,729
1302.7,2026-08-05T02:41:22.825094+00:00,51.312,50.125,51.312,50.75,0,306,1020,,5471,519,2795,1770,0.5,729
1303.7,2026-08-05T02:41:23.830798+00:00,51.343,50.25,51.343,50.937,0,306,1020,,5480,519,2795,1770,0.0,729
1304.7,2026-08-05T02:41:24.836850+00:00,51.156,50.375,51.156,50.656,0,306,1020,,5471,519,2755,1770,0.3,729
1305.7,2026-08-05T02:41:25.842399+00:00,51.125,50.343,51.125,50.687,0,306,1020,,5471,519,2755,1770,0.3,729
1306.7,2026-08-05T02:41:26.848254+00:00,51.156,50.437,51.156,50.656,0,306,1020,,5480,519,2795,1770,0.2,729
1307.7,2026-08-05T02:41:27.853822+00:00,51.125,50.156,51.125,50.781,0,306,1020,,5471,519,2755,1770,0.3,729
1308.7,2026-08-05T02:41:28.859878+00:00,51.156,50.187,51.156,50.875,0,306,1020,,5471,519,2795,1770,0.2,729
1309.7,2026-08-05T02:41:29.865680+00:00,51.468,50.468,51.468,50.625,0,306,1020,,5471,519,2795,1770,0.3,729
1310.7,2026-08-05T02:41:30.871684+00:00,51.468,50.187,51.468,50.718,0,306,1020,,5471,519,2795,1770,0.2,729
1311.7,2026-08-05T02:41:31.876871+00:00,51.5,50.468,51.5,50.687,0,306,1020,,5471,519,2795,1770,0.3,729
1312.7,2026-08-05T02:41:32.882952+00:00,51.5,50.187,51.5,50.781,0,306,1020,,5471,519,2795,1770,0.3,729
1313.7,2026-08-05T02:41:33.888541+00:00,51.593,50.187,51.593,50.687,0,306,1020,,5480,519,2795,1770,0.2,729
1314.8,2026-08-05T02:41:34.894208+00:00,51.031,50.375,51.031,50.656,0,306,1020,,5480,519,2795,1770,0.2,729
1315.8,2026-08-05T02:41:35.899928+00:00,51.187,50.156,51.187,50.687,0,306,1020,,5480,519,2795,1770,0.2,729
1316.8,2026-08-05T02:41:36.905533+00:00,51.218,50.437,51.218,50.687,0,306,1020,,5480,519,2795,1770,0.5,729
1317.8,2026-08-05T02:41:37.911205+00:00,51.218,50.187,51.218,50.718,0,306,1020,,5480,519,2795,1770,0.3,729
1318.8,2026-08-05T02:41:38.917150+00:00,51.25,50.25,51.25,50.625,0,306,1020,,5480,519,2795,1770,0.2,729
1319.8,2026-08-05T02:41:39.922916+00:00,51.218,50.312,51.218,50.593,0,306,1020,,5480,519,2755,1770,0.2,729
1320.8,2026-08-05T02:41:40.928899+00:00,51.187,50.218,51.031,50.718,0,306,1020,,5471,519,2795,1770,0.3,729
1321.8,2026-08-05T02:41:41.933895+00:00,51.031,50.312,51.031,50.781,0,306,1020,,5480,479,2795,1770,0.2,729
1322.8,2026-08-05T02:41:42.939911+00:00,51.125,50.218,51.125,50.718,0,306,1020,,5480,519,2795,1770,0.5,729
1323.8,2026-08-05T02:41:43.945478+00:00,51.156,50.281,51.156,50.656,0,306,1020,,5480,519,2795,1770,0.3,729
1324.8,2026-08-05T02:41:44.951373+00:00,51.062,50.375,51.062,50.656,0,306,1020,,5480,479,2755,1770,0.2,729
1325.8,2026-08-05T02:41:45.957318+00:00,51.156,50.093,51.156,50.625,0,306,1020,,5480,519,2755,1770,0.2,729
1326.8,2026-08-05T02:41:46.963017+00:00,51.093,50.218,51.281,50.781,0,306,1020,,5480,519,2755,1770,0.5,729
1327.8,2026-08-05T02:41:47.968606+00:00,51.312,50.281,51.312,50.781,0,306,1020,,5480,519,2755,1770,0.0,729
1328.8,2026-08-05T02:41:48.974164+00:00,51.281,50.187,51.281,50.562,0,306,1020,,5480,519,2755,1770,0.5,729
1329.8,2026-08-05T02:41:49.979981+00:00,51.312,50.343,51.312,50.625,0,306,1020,,5440,479,2795,1770,0.2,729
1330.8,2026-08-05T02:41:50.985597+00:00,51.375,50.187,51.375,50.718,0,306,1020,,5560,519,2835,1770,0.3,729
1331.8,2026-08-05T02:41:51.991218+00:00,51.406,50.25,51.406,50.687,0,306,1020,,5480,519,2795,1770,0.3,729
1332.9,2026-08-05T02:41:52.996963+00:00,51.093,50.25,51.093,50.812,0,306,1020,,5480,519,2755,1770,0.2,729
1333.9,2026-08-05T02:41:54.002498+00:00,51.125,50.187,51.125,50.656,0,306,1020,,5480,519,2755,1770,0.2,729
1334.9,2026-08-05T02:41:55.008630+00:00,51.187,50.375,51.187,50.687,0,306,1020,,5480,519,2755,1770,0.3,729
1335.9,2026-08-05T02:41:56.014589+00:00,51.156,50.125,51.156,50.656,0,306,1020,,5480,519,2755,1770,0.7,729
1336.9,2026-08-05T02:41:57.020476+00:00,51.156,50.187,51.156,50.656,0,306,1020,,5480,519,2795,1770,0.5,729
1337.9,2026-08-05T02:41:58.026366+00:00,51.468,50.281,51.468,50.843,0,306,1020,,5480,519,2755,1770,0.3,729
1338.9,2026-08-05T02:41:59.032876+00:00,51.593,50.468,51.593,50.656,0,306,1020,,5520,519,2795,1770,0.3,729
1339.9,2026-08-05T02:42:00.038831+00:00,51,50.25,51,50.656,0,306,1020,,5480,519,2795,1770,0.3,729
1340.9,2026-08-05T02:42:01.044745+00:00,51,50.062,51,50.625,0,306,1020,,5480,519,2755,1770,0.7,729
1341.9,2026-08-05T02:42:02.050746+00:00,51.218,50.093,51.218,50.812,0,306,1020,,5471,519,2755,1770,0.5,729
1342.9,2026-08-05T02:42:03.056913+00:00,51.281,50.218,51.281,50.625,0,306,1020,,5471,519,2755,1770,0.2,729
1343.9,2026-08-05T02:42:04.062768+00:00,51.187,50.5,51.187,50.656,0,306,1020,,5431,479,2755,1770,0.2,729
1344.9,2026-08-05T02:42:05.068425+00:00,51.218,50.218,51.218,50.656,0,306,1020,,5551,519,2795,1770,0.3,729
1345.9,2026-08-05T02:42:06.074435+00:00,51.093,50.187,51.093,50.75,0,306,1020,,5480,479,2795,1770,0.5,729
1346.9,2026-08-05T02:42:07.079979+00:00,51.125,50.093,51.125,50.781,0,306,1020,,5471,519,2755,1770,0.3,729
1347.9,2026-08-05T02:42:08.085728+00:00,51.062,50.218,51.062,50.687,0,306,1020,,5471,519,2795,1770,0.5,729
1348.9,2026-08-05T02:42:09.091735+00:00,51.093,50.437,51.093,50.687,0,306,1020,,5471,519,2795,1770,0.2,729
1350.0,2026-08-05T02:42:10.097447+00:00,51.093,50.187,51.093,50.593,0,306,1020,,5471,519,2795,1770,0.5,729
1351.0,2026-08-05T02:42:11.103742+00:00,51.312,50.218,51.312,50.718,0,306,1020,,5471,479,2795,1770,0.3,729
1352.0,2026-08-05T02:42:12.109990+00:00,51.312,50.312,51.312,50.656,0,306,1020,,5471,479,2795,1770,0.0,729
1353.0,2026-08-05T02:42:13.116810+00:00,51.343,50.218,51.343,50.593,0,306,1020,,5480,479,2795,1770,0.3,729
1354.0,2026-08-05T02:42:14.122682+00:00,51.093,50.437,51.093,50.656,0,306,1020,,5480,519,2795,1770,0.5,729
1355.0,2026-08-05T02:42:15.128707+00:00,51.125,50.093,51.125,50.75,0,306,1020,,5480,479,2795,1770,0.5,729
1356.0,2026-08-05T02:42:16.134769+00:00,51.156,50.281,51.156,50.75,0,306,1020,,5471,519,2795,1770,0.7,729
1357.0,2026-08-05T02:42:17.141116+00:00,51.093,50.343,51.093,50.687,0,306,1020,,5480,479,2795,1770,0.3,729
1358.0,2026-08-05T02:42:18.147177+00:00,51.375,50.093,51.375,50.718,0,306,1020,,5471,519,2795,1770,0.2,729
1359.0,2026-08-05T02:42:19.154520+00:00,51.5,50.125,51.5,50.687,0,306,1020,,5480,519,2795,1770,0.2,729
1360.0,2026-08-05T02:42:20.160724+00:00,51.406,50.343,51.406,50.593,0,306,1020,,5471,519,2795,1770,0.3,729
1361.0,2026-08-05T02:42:21.166321+00:00,51.125,50.437,51.125,50.531,0,306,1020,,5480,519,2795,1770,0.5,729
1362.0,2026-08-05T02:42:22.172680+00:00,51.125,50.281,51.125,50.562,0,306,1020,,5480,519,2795,1770,0.3,729
1363.0,2026-08-05T02:42:23.178906+00:00,51.062,50.062,51.062,50.75,0,306,1020,,5480,519,2795,1770,0.5,729
1364.0,2026-08-05T02:42:24.184751+00:00,51.593,50.156,51.593,50.843,0,306,1020,,5480,519,2795,1770,0.5,729
1365.0,2026-08-05T02:42:25.191526+00:00,51.531,50.312,51.531,50.593,0,306,1020,,5471,519,2795,1770,0.5,729
1366.1,2026-08-05T02:42:26.197406+00:00,51,50.437,51,50.656,0,306,1020,,5471,519,2795,1770,0.5,729
1367.1,2026-08-05T02:42:27.203607+00:00,51,50.156,51,50.781,0,306,1020,,5471,479,2795,1770,0.3,729
1368.1,2026-08-05T02:42:28.209833+00:00,51.218,50.156,51.218,50.687,0,306,1020,,5471,479,2795,1770,0.3,729
1369.1,2026-08-05T02:42:29.215530+00:00,51.156,50.312,51.156,50.625,0,306,1020,,5480,519,2795,1770,0.5,729
1370.1,2026-08-05T02:42:30.221465+00:00,51.156,50.218,51.156,50.593,0,306,1020,,5480,519,2795,1770,0.3,729
1371.1,2026-08-05T02:42:31.227715+00:00,51.218,50.375,51.156,50.656,0,306,1020,,5480,519,2795,1770,0.3,729
1372.1,2026-08-05T02:42:32.233937+00:00,51,50.218,51,50.718,0,306,1020,,5551,519,2795,1770,0.3,729
1373.1,2026-08-05T02:42:33.239681+00:00,51.031,50.25,51.031,50.562,0,306,1020,,5471,519,2795,1770,0.2,729
1374.1,2026-08-05T02:42:34.245522+00:00,51.062,50.375,51.062,50.625,0,306,1020,,5471,519,2795,1770,0.5,729
1375.1,2026-08-05T02:42:35.251388+00:00,51,50.156,51,50.625,0,306,1020,,5471,519,2795,1770,0.3,729
1376.1,2026-08-05T02:42:36.257362+00:00,51.25,50.406,51.25,50.593,0,306,1020,,5471,479,2795,1770,0.2,729
1377.1,2026-08-05T02:42:37.263073+00:00,51.218,50.187,51.218,50.875,0,306,1020,,5471,519,2795,1770,0.7,729
1378.1,2026-08-05T02:42:38.268819+00:00,51.25,50.281,51.25,50.593,0,306,1020,,5480,479,2795,1770,0.3,729
1379.1,2026-08-05T02:42:39.274733+00:00,51.25,50.312,51.25,50.593,0,306,1020,,5480,479,2795,1770,0.0,729
1380.1,2026-08-05T02:42:40.281593+00:00,51.156,50.125,51.156,50.656,0,306,1020,,5520,519,2795,1770,0.8,729
1381.1,2026-08-05T02:42:41.287832+00:00,51.125,50.187,51.125,50.718,0,306,1020,,5480,519,2795,1770,0.7,729
1382.1,2026-08-05T02:42:42.293679+00:00,51.125,50.312,51.125,50.593,0,306,1020,,5480,479,2795,1770,0.3,729
1383.2,2026-08-05T02:42:43.299199+00:00,51.156,50.5,51.156,50.625,0,306,1020,,5471,519,2795,1770,0.3,729
1384.2,2026-08-05T02:42:44.305044+00:00,51.343,50.312,51.343,50.656,0,306,1020,,5480,519,2795,1770,0.3,729
1385.2,2026-08-05T02:42:45.310980+00:00,51.343,50.062,51.343,50.656,0,306,1020,,5471,519,2795,1770,0.5,729
1386.2,2026-08-05T02:42:46.316801+00:00,51.343,50.156,51.343,50.718,0,306,1020,,5471,519,2795,1770,0.3,729
1387.2,2026-08-05T02:42:47.322909+00:00,51.437,50.25,51.437,50.656,0,306,1020,,5471,519,2795,1770,0.5,729
1388.2,2026-08-05T02:42:48.328467+00:00,51.468,50.437,51.468,50.687,0,306,1020,,5471,519,2795,1770,0.2,729
1389.2,2026-08-05T02:42:49.334557+00:00,51.093,50.281,51.093,50.687,0,306,1020,,5480,519,2795,1770,0.3,729
1390.2,2026-08-05T02:42:50.339941+00:00,51.125,50.062,51.125,50.625,0,306,1020,,5480,519,2795,1770,0.5,729
1391.2,2026-08-05T02:42:51.345809+00:00,51.187,50.125,51.187,50.812,0,306,1020,,5431,479,2795,1770,0.0,729
1392.2,2026-08-05T02:42:52.351475+00:00,51.187,50.25,51.187,50.625,0,306,1020,,5471,479,2795,1770,0.5,729
1393.2,2026-08-05T02:42:53.357174+00:00,51.187,50.468,51.187,50.625,0,306,1020,,5471,479,2795,1770,0.7,729
1394.2,2026-08-05T02:42:54.363295+00:00,51.218,50.156,51.031,50.687,0,306,1020,,5471,519,2795,1770,0.0,729
1395.2,2026-08-05T02:42:55.369099+00:00,50.937,50.281,50.937,50.687,0,306,1020,,5471,479,2795,1770,0.5,729
1396.2,2026-08-05T02:42:56.375075+00:00,51.031,50.187,51.031,50.75,0,306,1020,,5431,479,2795,1770,0.3,729
1397.2,2026-08-05T02:42:57.380557+00:00,51.093,50.281,51.093,50.656,0,306,1020,,5471,479,2795,1770,0.0,729
1398.2,2026-08-05T02:42:58.386376+00:00,51.093,50.343,51.093,50.593,0,306,1020,,5471,479,2795,1770,0.5,729
1399.2,2026-08-05T02:42:59.392792+00:00,51.312,50.156,51.312,50.687,0,306,1020,,5471,519,2795,1770,0.5,729
1400.3,2026-08-05T02:43:00.398290+00:00,51.281,50.187,51.281,50.687,0,306,1020,,5471,519,2795,1770,0.2,729
1401.3,2026-08-05T02:43:01.404986+00:00,51.281,50.343,51.281,50.593,0,306,1020,,5471,479,2795,1771,0.7,729
1402.3,2026-08-05T02:43:02.410662+00:00,51.343,50.25,51.343,50.625,0,306,1020,,5471,479,2795,1771,0.5,729
1403.3,2026-08-05T02:43:03.416595+00:00,51.093,50.406,51.093,50.718,0,306,1020,,5480,519,2795,1771,0.3,729
1404.3,2026-08-05T02:43:04.422366+00:00,51.062,50.187,51.062,50.781,0,306,1020,,5471,519,2795,1771,0.5,729
1405.3,2026-08-05T02:43:05.428229+00:00,51.031,50.281,51.031,50.781,0,306,1020,,5480,519,2795,1771,0.3,729
1406.3,2026-08-05T02:43:06.433873+00:00,51.093,50.343,51.093,50.687,0,306,1020,,5440,479,2795,1771,0.3,729
1407.3,2026-08-05T02:43:07.439622+00:00,51.093,50.156,51.093,50.625,0,306,1020,,5471,479,2795,1771,0.5,729
1408.3,2026-08-05T02:43:08.445304+00:00,51.062,50.343,51.062,50.625,0,306,1020,,5471,519,2795,1771,0.3,729
1409.3,2026-08-05T02:43:09.451486+00:00,51.343,50.093,51.343,50.687,0,306,1020,,5471,519,2795,1771,0.3,729
1410.3,2026-08-05T02:43:10.457247+00:00,51.375,50.218,51.375,50.781,0,306,1020,,5480,479,2795,1771,0.7,729
1411.3,2026-08-05T02:43:11.462785+00:00,51.437,50.375,51.437,50.625,0,306,1020,,5440,479,2795,1771,0.5,729
1412.3,2026-08-05T02:43:12.468455+00:00,51.375,50.093,51.375,50.687,0,306,1020,,5440,479,2795,1771,0.3,729
1413.3,2026-08-05T02:43:13.474312+00:00,51.406,50.375,51.406,50.687,0,306,1020,,5440,479,2795,1771,0.3,729
1414.3,2026-08-05T02:43:14.480356+00:00,51.156,50.093,51.156,50.75,0,306,1020,,5471,519,2795,1771,0.2,729
1415.3,2026-08-05T02:43:15.486109+00:00,51.218,50.187,51.218,50.656,0,306,1020,,5431,479,2795,1771,0.5,729
1416.3,2026-08-05T02:43:16.491630+00:00,51.187,50.312,51.187,50.718,0,306,1020,,5440,479,2795,1771,0.2,729
1417.4,2026-08-05T02:43:17.497742+00:00,51.093,50.187,51.093,50.687,0,306,1020,,5480,479,2795,1771,0.3,729
1418.4,2026-08-05T02:43:18.504328+00:00,51.093,50.218,51.093,50.687,0,306,1020,,5440,479,2795,1771,0.2,729
1419.4,2026-08-05T02:43:19.510324+00:00,51.093,50.281,51.093,50.75,0,306,1020,,5471,519,2795,1771,0.3,729
1420.4,2026-08-05T02:43:20.516400+00:00,51,50.437,51,50.656,0,306,1020,,5480,519,2795,1771,0.7,729
1421.4,2026-08-05T02:43:21.522650+00:00,51.093,50.375,51.093,50.656,0,306,1020,,5431,479,2795,1771,0.3,729
1422.4,2026-08-05T02:43:22.528921+00:00,51.218,50.187,51.218,50.718,0,306,1020,,5431,479,2795,1771,0.2,729
1423.4,2026-08-05T02:43:23.534711+00:00,51.25,50.187,51.25,50.812,0,306,1020,,5471,519,2795,1771,0.2,729
1424.4,2026-08-05T02:43:24.540682+00:00,51.218,50.312,51.218,50.625,0,306,1020,,5471,519,2795,1771,0.3,729
1425.4,2026-08-05T02:43:25.546497+00:00,51.281,50.468,51.281,50.718,0,306,1020,,5471,479,2795,1771,0.2,729
1426.4,2026-08-05T02:43:26.552708+00:00,51.093,50.218,51.093,50.656,0,306,1020,,5471,479,2795,1771,0.5,729
1427.4,2026-08-05T02:43:27.558976+00:00,51.062,50.187,51.062,50.75,0,306,1020,,5471,519,2795,1771,0.0,729
1428.4,2026-08-05T02:43:28.565341+00:00,51.093,50.125,51.093,50.656,0,306,1020,,5471,519,2795,1771,0.5,729
1429.4,2026-08-05T02:43:29.571296+00:00,51.343,50.281,51.343,50.687,0,306,1020,,5471,479,2795,1771,0.3,729
1430.4,2026-08-05T02:43:30.577086+00:00,51.312,50.468,51.312,50.687,0,306,1020,,5471,519,2795,1771,0.5,729
1431.4,2026-08-05T02:43:31.583720+00:00,51.343,50.218,51.343,50.687,0,306,1020,,5471,519,2795,1771,0.3,729
1432.4,2026-08-05T02:43:32.589703+00:00,51.281,50.218,51.281,50.812,0,306,1020,,5471,519,2795,1771,0.3,729
1433.5,2026-08-05T02:43:33.595583+00:00,51.156,50.437,51.156,50.718,0,306,1020,,5471,479,2795,1770,0.3,729
1434.5,2026-08-05T02:43:34.601137+00:00,51.125,50.218,51.125,50.625,0,306,1020,,5431,479,2795,1770,0.3,729
1435.5,2026-08-05T02:43:35.607021+00:00,51.062,50.468,51.062,50.75,0,306,1020,,5440,479,2795,1770,0.8,729
1436.5,2026-08-05T02:43:36.613177+00:00,51.156,50.218,51.156,50.781,0,306,1020,,5431,479,2795,1770,0.2,729
1437.5,2026-08-05T02:43:37.618626+00:00,51.156,50.25,51.156,50.593,0,306,1020,,5471,479,2795,1770,0.3,729
1438.5,2026-08-05T02:43:38.624404+00:00,51.437,50.468,51.437,50.656,0,306,1020,,5480,479,2795,1770,0.5,729
1439.5,2026-08-05T02:43:39.630437+00:00,51.531,50.187,51.531,50.687,0,306,1020,,5591,519,2835,1770,0.0,729
1440.5,2026-08-05T02:43:40.636101+00:00,51.406,50.25,51.406,50.687,0,306,1020,,5471,519,2795,1770,0.2,729
1441.5,2026-08-05T02:43:41.641869+00:00,51.531,50.125,51.531,50.687,0,306,1020,,5431,479,2795,1770,0.2,729
1442.5,2026-08-05T02:43:42.647381+00:00,51.062,50.25,51.062,50.687,0,306,1020,,5471,519,2795,1770,0.5,729
1443.5,2026-08-05T02:43:43.653524+00:00,51.25,50.468,51.25,50.656,0,306,1020,,5471,479,2795,1770,0.2,729
1444.5,2026-08-05T02:43:44.659230+00:00,51.187,50.125,51.187,50.75,0,306,1020,,5431,479,2755,1771,0.3,729
1445.5,2026-08-05T02:43:45.664809+00:00,51.156,50.468,51.156,50.75,0,306,1020,,5471,519,2795,1771,0.7,729
1446.5,2026-08-05T02:43:46.670569+00:00,51.281,50.312,51.281,50.812,0,306,1020,,5440,479,2795,1771,0.0,729
1447.5,2026-08-05T02:43:47.676371+00:00,51.218,50.25,51.218,50.656,0,306,1020,,5431,479,2795,1771,0.5,729
1448.5,2026-08-05T02:43:48.682192+00:00,51.218,50.343,51.218,50.687,0,306,1020,,5471,519,2795,1771,0.5,729
1449.5,2026-08-05T02:43:49.687912+00:00,51.125,50.156,51.125,50.656,0,306,1020,,5471,519,2795,1771,0.2,729
1450.5,2026-08-05T02:43:50.693747+00:00,51,50.187,51,50.718,0,306,1020,,5471,519,2795,1771,0.5,729
1451.6,2026-08-05T02:43:51.699258+00:00,51.125,50.187,51.125,50.875,0,306,1020,,5471,479,2795,1771,0.3,729
1452.6,2026-08-05T02:43:52.704997+00:00,51.031,50.156,51.031,50.562,0,306,1020,,5431,479,2795,1771,0.7,729
1453.6,2026-08-05T02:43:53.710668+00:00,51,50.375,51,50.625,0,306,1020,,5431,479,2795,1771,0.2,729
1454.6,2026-08-05T02:43:54.716953+00:00,51.281,50.093,51.281,50.625,0,306,1020,,5471,519,2795,1771,0.7,729
1455.6,2026-08-05T02:43:55.723015+00:00,51.281,50.187,51.281,50.718,0,306,1020,,5431,479,2795,1771,0.5,729
1456.6,2026-08-05T02:43:56.728485+00:00,51.281,50.218,51.281,50.843,0,306,1020,,5431,479,2795,1771,0.3,729
1457.6,2026-08-05T02:43:57.734208+00:00,51.281,50.406,51.281,50.687,0,306,1020,,5431,479,2795,1771,0.3,729
1458.6,2026-08-05T02:43:58.740156+00:00,51.406,50.343,51.406,50.593,0,306,1020,,5431,479,2795,1771,0.3,729
1459.6,2026-08-05T02:43:59.745694+00:00,51.062,50.062,51.062,50.718,0,306,1020,,5480,479,2795,1771,0.3,729
1460.6,2026-08-05T02:44:00.751396+00:00,51.187,50.125,51.187,50.75,0,306,1020,,5471,479,2795,1771,0.2,729
1461.6,2026-08-05T02:44:01.757444+00:00,51.125,50.25,51.125,50.625,0,306,1020,,5431,479,2755,1771,0.5,729
1462.6,2026-08-05T02:44:02.763307+00:00,51.062,50.437,51.062,50.687,0,306,1020,,5511,519,2795,1771,0.3,729
1463.6,2026-08-05T02:44:03.769080+00:00,51.156,50.343,51.156,50.687,0,306,1020,,5471,479,2795,1771,0.5,729
1464.6,2026-08-05T02:44:04.774493+00:00,51.437,50.031,51.437,50.625,0,306,1020,,5431,479,2755,1771,0.7,729
1465.6,2026-08-05T02:44:05.780217+00:00,51.5,50.25,51.5,50.656,0,306,1020,,5471,479,2795,1771,0.2,729
1466.6,2026-08-05T02:44:06.786072+00:00,51.593,50.218,51.593,50.718,0,306,1020,,5431,479,2795,1771,0.5,729
1467.6,2026-08-05T02:44:07.791748+00:00,51,50.468,51,50.75,0,306,1020,,5471,519,2755,1771,0.5,729
1468.7,2026-08-05T02:44:08.797508+00:00,51.031,50.281,51.031,50.656,0,306,1020,,5471,519,2755,1771,0.3,729
1469.7,2026-08-05T02:44:09.803412+00:00,50.937,50.125,50.937,50.718,0,306,1020,,5511,519,2795,1771,0.5,729
1470.7,2026-08-05T02:44:10.809131+00:00,51.218,50.156,51.218,50.75,0,306,1020,,5480,519,2795,1771,0.2,729
1471.7,2026-08-05T02:44:11.814835+00:00,51.093,50.343,51.093,50.687,0,306,1020,,5431,479,2795,1771,0.3,729
1472.7,2026-08-05T02:44:12.820667+00:00,51.218,50.437,51.218,50.656,0,306,1020,,5471,519,2755,1771,0.3,729
1473.7,2026-08-05T02:44:13.826383+00:00,51.218,50.281,51.218,50.656,0,306,1020,,5471,519,2755,1771,0.3,729
1474.7,2026-08-05T02:44:14.832108+00:00,51.187,50.156,51.187,50.718,0,306,1020,,5471,519,2755,1771,0.2,729
1475.7,2026-08-05T02:44:15.837936+00:00,51.062,50.125,51.062,50.687,0,306,1020,,5471,479,2755,1771,0.5,729
1476.7,2026-08-05T02:44:16.843789+00:00,51.125,50.25,51.125,50.625,0,306,1020,,5511,519,2795,1771,0.3,1728
1477.7,2026-08-05T02:44:17.849838+00:00,51.062,50.468,51.062,50.625,0,306,1020,,5471,519,2795,1770,0.2,729
1478.7,2026-08-05T02:44:18.855978+00:00,51.125,50.187,51.125,50.625,0,306,1020,,5471,519,2795,1770,0.5,729
1479.7,2026-08-05T02:44:19.862110+00:00,51.031,50.156,51.25,50.687,0,306,1020,,5471,519,2795,1770,0.8,729
1480.7,2026-08-05T02:44:20.868212+00:00,51.281,50.25,51.281,50.593,0,306,1020,,5471,519,2795,1770,0.2,729
1481.7,2026-08-05T02:44:21.874485+00:00,51.343,50.25,51.343,50.562,0,306,1020,,5471,519,2795,1770,0.7,729
1482.7,2026-08-05T02:44:22.880243+00:00,51.312,50.437,51.312,50.656,0,306,1020,,5471,519,2795,1770,0.3,729
1483.7,2026-08-05T02:44:23.886805+00:00,51.093,50.125,51.093,50.687,0,306,1020,,5480,519,2795,1770,0.5,729
1484.7,2026-08-05T02:44:24.892531+00:00,51.093,50.312,51.093,50.812,0,306,1020,,5511,519,2795,1771,0.3,1728
1485.8,2026-08-05T02:44:25.898176+00:00,51.062,50.375,51.062,50.562,0,306,1020,,5471,519,2795,1771,0.5,729
1486.8,2026-08-05T02:44:26.903960+00:00,51.093,50.125,51.093,50.718,0,306,1020,,5471,519,2795,1771,0.3,729
1487.8,2026-08-05T02:44:27.910158+00:00,51.156,50.406,51.156,50.718,0,306,1020,,5480,519,2795,1771,0.5,729
1488.8,2026-08-05T02:44:28.915921+00:00,51.156,50.062,51.156,50.687,0,306,1020,,5471,519,2795,1771,0.3,729
1489.8,2026-08-05T02:44:29.921314+00:00,51.468,50.218,51.468,50.75,0,306,1020,,5471,519,2795,1771,0.3,729
1490.8,2026-08-05T02:44:30.926932+00:00,51.5,50.375,51.5,50.593,0,306,1020,,5471,519,2795,1771,0.2,729
1491.8,2026-08-05T02:44:31.932983+00:00,51.468,50.218,51.468,50.625,0,306,1020,,5630,559,2835,1771,0.3,729
1492.8,2026-08-05T02:44:32.938255+00:00,51.031,50.406,51.031,50.687,0,306,1020,,5480,519,2795,1771,0.0,729
1493.8,2026-08-05T02:44:33.944058+00:00,51.062,50.187,51.062,50.687,0,306,1020,,5480,519,2795,1771,0.2,729
1494.8,2026-08-05T02:44:34.949832+00:00,51.031,50.125,51.031,50.781,0,306,1020,,5471,479,2795,1771,0.7,729
1495.8,2026-08-05T02:44:35.955860+00:00,51.062,50.375,51.062,50.687,0,306,1020,,5471,479,2795,1771,0.2,729
1496.8,2026-08-05T02:44:36.961309+00:00,51.25,50.218,51.25,50.593,0,306,1020,,5471,519,2795,1771,0.5,729
1497.8,2026-08-05T02:44:37.967322+00:00,51.25,50.406,51.25,50.625,0,306,1020,,5480,519,2795,1771,0.2,729
1498.8,2026-08-05T02:44:38.972649+00:00,51.187,50.187,51.187,50.687,0,306,1020,,5471,519,2755,1771,0.2,729
1499.8,2026-08-05T02:44:39.978389+00:00,51.25,50.187,51.25,50.781,0,306,1020,,5511,519,2795,1771,0.5,729
1500.8,2026-08-05T02:44:40.984531+00:00,51.218,50.312,51.218,50.625,0,306,1020,,5471,519,2795,1771,0.3,729
1501.8,2026-08-05T02:44:41.990346+00:00,51.218,50.125,51.218,50.656,0,306,1020,,5471,519,2795,1771,0.3,729
1502.9,2026-08-05T02:44:42.996072+00:00,51.281,50.406,51.281,50.656,0,306,1020,,5471,519,2755,1771,0.5,729
1503.9,2026-08-05T02:44:44.001487+00:00,51.062,50.218,51.062,50.75,0,306,1020,,5471,519,2795,1770,0.3,729
1504.9,2026-08-05T02:44:45.007180+00:00,51.218,50.25,51.218,50.781,0,306,1020,,5471,519,2755,1770,0.3,729
1505.9,2026-08-05T02:44:46.013291+00:00,51.125,50.343,51.125,50.562,0,306,1020,,5471,519,2795,1770,0.3,729
1506.9,2026-08-05T02:44:47.018936+00:00,51.156,50.125,51.156,50.656,0,306,1020,,5480,519,2795,1770,0.3,729
1507.9,2026-08-05T02:44:48.024574+00:00,51.156,50.437,51.156,50.562,0,306,1020,,5471,519,2795,1770,0.3,729
1508.9,2026-08-05T02:44:49.030307+00:00,51.062,50.093,51.062,50.75,0,306,1020,,5471,519,2755,1770,0.5,729
1509.9,2026-08-05T02:44:50.036026+00:00,51.218,50.25,51.218,50.781,0,306,1020,,5471,519,2795,1770,0.3,729
1510.9,2026-08-05T02:44:51.041941+00:00,51.406,50.312,51.406,50.593,0,306,1020,,5471,519,2795,1770,0.3,729
1511.9,2026-08-05T02:44:52.047612+00:00,51.343,50.125,51.343,50.562,0,306,1020,,5471,519,2795,1770,0.2,729
1512.9,2026-08-05T02:44:53.053479+00:00,51.437,50.437,51.437,50.593,0,306,1020,,5471,479,2755,1770,0.3,729
1513.9,2026-08-05T02:44:54.059483+00:00,51.531,50.125,51.531,50.718,0,306,1020,,5431,479,2795,1770,0.3,729
1514.9,2026-08-05T02:44:55.068304+00:00,51.031,50.218,51.031,50.781,0,306,1020,,5471,519,2795,1770,0.3,729
1515.9,2026-08-05T02:44:56.071407+00:00,51.062,50.25,51.187,50.593,0,306,1020,,5471,519,2795,1770,0.3,729
1516.9,2026-08-05T02:44:57.077363+00:00,51.218,50.468,51.218,50.687,0,306,1020,,5471,519,2755,1770,0.7,729
1517.9,2026-08-05T02:44:58.083118+00:00,51.187,50.281,51.187,50.75,0,306,1020,,5471,519,2755,1770,0.2,729
1518.9,2026-08-05T02:44:59.089225+00:00,51.156,50.125,51.156,50.75,0,306,1020,,5471,519,2795,1770,0.5,729
1520.0,2026-08-05T02:45:00.095023+00:00,51.187,50.093,51.187,50.75,0,306,1020,,5471,519,2795,1770,0.2,729
1521.0,2026-08-05T02:45:01.100640+00:00,51.218,50.343,51.218,50.656,0,306,1020,,5471,519,2795,1770,0.3,729
1522.0,2026-08-05T02:45:02.106829+00:00,51.125,50.468,51.125,50.656,0,306,1020,,5551,519,2795,1770,0.3,729
1523.0,2026-08-05T02:45:03.112663+00:00,51.062,50.281,51.062,50.687,0,306,1020,,5480,519,2795,1770,0.3,729
1524.0,2026-08-05T02:45:04.118533+00:00,51.093,50.125,51.093,50.718,0,306,1020,,5471,519,2795,1770,0.2,729
1525.0,2026-08-05T02:45:05.124803+00:00,51.093,50.156,51.093,50.781,0,306,1020,,5471,519,2795,1770,0.3,729
1526.0,2026-08-05T02:45:06.130241+00:00,51.156,50.281,51.156,50.687,0,306,1020,,5471,519,2795,1770,0.3,729
1527.0,2026-08-05T02:45:07.136549+00:00,51.312,50.531,51.312,50.656,0,306,1020,,5471,519,2795,1770,0.3,729
1528.0,2026-08-05T02:45:08.142269+00:00,51.312,50.187,51.312,50.75,0,306,1020,,5471,519,2795,1770,0.3,729
1529.0,2026-08-05T02:45:09.147791+00:00,51.343,50.312,51.343,50.75,0,306,1020,,5471,519,2795,1770,0.3,729
1530.0,2026-08-05T02:45:10.154968+00:00,51.343,50.218,51.343,50.843,0,306,1020,,5511,519,2795,1770,1.2,729
1531.0,2026-08-05T02:45:11.160790+00:00,51.281,50.25,51.281,50.625,0,306,1020,,5471,519,2795,1770,0.7,729
1532.0,2026-08-05T02:45:12.166651+00:00,51.187,50.5,51.187,50.718,0,306,1020,,5471,519,2795,1770,0.2,729
1533.0,2026-08-05T02:45:13.172535+00:00,51.125,50.218,51.125,50.75,0,306,1020,,5471,519,2795,1770,0.3,729
1534.0,2026-08-05T02:45:14.177987+00:00,51.187,50.25,51.187,50.75,0,306,1020,,5471,519,2795,1770,0.5,729
1535.0,2026-08-05T02:45:15.183885+00:00,51.187,50.468,51.187,50.75,0,306,1020,,5471,519,2795,1770,0.3,729
1536.0,2026-08-05T02:45:16.189666+00:00,51.125,50.218,51.125,50.718,0,306,1020,,5471,519,2795,1770,0.0,729
1537.1,2026-08-05T02:45:17.195984+00:00,51.437,50.5,51.437,50.75,0,306,1020,,5511,519,2795,1770,0.3,729
1538.1,2026-08-05T02:45:18.201645+00:00,51.593,50.187,51.593,50.781,0,306,1020,,5471,519,2795,1770,0.2,729
1539.1,2026-08-05T02:45:19.207413+00:00,51.5,50.312,51.5,50.906,0,306,1020,,5471,519,2795,1770,0.7,729
1540.1,2026-08-05T02:45:20.213080+00:00,51.031,50.437,51.031,50.625,0,306,1020,,5471,519,2795,1770,0.3,729
1541.1,2026-08-05T02:45:21.218873+00:00,51.093,50.312,51.093,50.75,0,306,1020,,5471,519,2795,1770,0.2,729
1542.1,2026-08-05T02:45:22.224246+00:00,51.031,50.468,51.031,50.75,0,306,1020,,5471,519,2795,1770,0.5,729
1543.1,2026-08-05T02:45:23.230319+00:00,51.093,50.156,51.093,50.75,0,306,1020,,5471,519,2795,1770,0.7,729
1544.1,2026-08-05T02:45:24.236284+00:00,51.218,50.281,51.218,50.875,0,306,1020,,5471,519,2795,1770,0.2,729
1545.1,2026-08-05T02:45:25.241892+00:00,51.218,50.437,51.218,50.656,0,306,1020,,5471,519,2795,1770,0.5,729
1546.1,2026-08-05T02:45:26.247683+00:00,51.281,50.312,51.281,50.687,0,306,1020,,5471,519,2795,1770,0.3,729
1547.1,2026-08-05T02:45:27.253348+00:00,51.281,50.5,51.281,50.656,0,306,1020,,5471,519,2795,1770,0.3,729
1548.1,2026-08-05T02:45:28.258945+00:00,51.375,50.25,51.375,50.718,0,306,1020,,5471,519,2795,1770,0.2,729
1549.1,2026-08-05T02:45:29.265127+00:00,51.093,50.281,51.093,50.875,0,306,1020,,5471,519,2795,1770,0.5,729
1550.1,2026-08-05T02:45:30.271596+00:00,51.187,50.468,51.187,50.656,0,306,1020,,5471,519,2795,1770,0.2,729
1551.1,2026-08-05T02:45:31.277596+00:00,51.187,50.281,51.187,50.687,0,306,1020,,5471,519,2795,1770,0.2,729
1552.1,2026-08-05T02:45:32.283878+00:00,51.156,50.437,51.156,50.781,0,306,1020,,5471,519,2795,1770,0.5,729
1553.1,2026-08-05T02:45:33.290445+00:00,51.343,50.156,51.343,50.812,0,306,1020,,5471,519,2795,1771,0.0,729
1554.2,2026-08-05T02:45:34.296261+00:00,51.312,50.343,51.312,50.625,0,306,1020,,5471,519,2795,1771,0.5,729
1555.2,2026-08-05T02:45:35.302431+00:00,51.343,50.406,51.343,50.718,0,306,1020,,5471,519,2795,1771,0.2,729
1556.2,2026-08-05T02:45:36.308743+00:00,51.437,50.093,51.437,50.75,0,306,1020,,5471,519,2795,1771,0.2,729
1557.2,2026-08-05T02:45:37.315441+00:00,51.156,50.187,51.156,50.812,0,306,1020,,5471,519,2795,1771,0.3,729
1558.2,2026-08-05T02:45:38.321370+00:00,51.187,50.406,51.187,50.812,0,306,1020,,5480,519,2795,1771,0.2,729
1559.2,2026-08-05T02:45:39.326982+00:00,51.187,50.5,51.187,50.687,0,306,1020,,5471,519,2795,1771,0.3,729
1560.2,2026-08-05T02:45:40.332551+00:00,51.218,50.406,51.218,50.656,0,306,1020,,5471,519,2795,1771,0.5,729
1561.2,2026-08-05T02:45:41.338467+00:00,51.187,50.218,51.187,50.687,0,306,1020,,5471,519,2795,1771,0.3,729
1562.2,2026-08-05T02:45:42.344259+00:00,51.437,50.218,51.437,50.75,0,306,1020,,5471,519,2795,1771,0.5,729
1563.2,2026-08-05T02:45:43.350057+00:00,51.562,50.343,51.562,50.875,0,306,1020,,5471,479,2795,1771,0.3,729
1564.2,2026-08-05T02:45:44.355796+00:00,51.593,50.531,51.593,50.625,0,306,1020,,5471,519,2795,1771,0.2,729
1565.2,2026-08-05T02:45:45.361411+00:00,51.062,50.406,51.062,50.687,0,306,1020,,5471,519,2795,1770,0.3,729
1566.2,2026-08-05T02:45:46.367528+00:00,51.031,50.156,51.031,50.75,0,306,1020,,5471,479,2795,1771,0.5,729
1567.2,2026-08-05T02:45:47.372998+00:00,51.062,50.218,51.062,50.781,0,306,1020,,5471,519,2795,1771,0.2,729
1568.2,2026-08-05T02:45:48.378889+00:00,51.218,50.375,51.218,50.812,0,306,1020,,5471,479,2795,1771,0.3,729
1569.2,2026-08-05T02:45:49.384439+00:00,51.218,50.531,51.218,50.687,0,306,1020,,5471,479,2795,1771,0.5,729
1570.2,2026-08-05T02:45:50.390508+00:00,51.281,50.437,51.281,50.718,0,306,1020,,5511,519,2795,1771,0.5,729
1571.3,2026-08-05T02:45:51.396189+00:00,51.312,50.156,51.312,50.656,0,306,1020,,5471,519,2795,1771,0.3,729
1572.3,2026-08-05T02:45:52.401632+00:00,51.312,50.218,51.312,50.812,0,306,1020,,5471,519,2795,1771,0.2,729
1573.3,2026-08-05T02:45:53.407324+00:00,51.312,50.437,51.312,50.812,0,306,1020,,5471,519,2795,1771,0.5,729
1574.3,2026-08-05T02:45:54.413015+00:00,51.25,50.468,51.25,50.656,0,306,1020,,5471,519,2795,1771,0.3,729
1575.3,2026-08-05T02:45:55.418831+00:00,51.218,50.406,51.218,50.718,0,306,1020,,5471,519,2795,1771,0.3,729
1576.3,2026-08-05T02:45:56.424426+00:00,51.187,50.25,51.187,50.718,0,306,1020,,5471,519,2795,1771,0.7,729
1577.3,2026-08-05T02:45:57.430222+00:00,51.187,50.187,51.187,50.812,0,306,1020,,5471,519,2795,1771,0.3,729
1578.3,2026-08-05T02:45:58.435945+00:00,51.218,50.343,51.218,50.906,0,306,1020,,5471,519,2795,1771,0.2,729
1579.3,2026-08-05T02:45:59.441764+00:00,51.156,50.562,51.156,50.718,0,306,1020,,5471,519,2795,1771,0.3,729
1580.3,2026-08-05T02:46:00.447200+00:00,51.218,50.343,51.218,50.656,0,306,1020,,5471,519,2795,1770,0.2,729
1581.3,2026-08-05T02:46:01.453326+00:00,51.187,50.218,51.187,50.781,0,306,1020,,5480,519,2795,1770,0.5,729
1582.3,2026-08-05T02:46:02.458776+00:00,51.468,50.25,51.468,50.812,0,306,1020,,5471,519,2795,1770,0.5,729
1583.3,2026-08-05T02:46:03.464679+00:00,51.5,50.406,51.5,50.843,0,306,1020,,5471,519,2795,1770,0.2,729
1584.3,2026-08-05T02:46:04.470078+00:00,51.5,50.218,51.5,50.656,0,306,1020,,5471,519,2795,1770,0.2,729
1585.3,2026-08-05T02:46:05.475943+00:00,51.531,50.406,51.531,50.812,0,306,1020,,5471,479,2795,1770,0.7,729
1586.3,2026-08-05T02:46:06.481920+00:00,51.562,50.25,51.562,50.781,0,306,1020,,5480,519,2795,1770,0.2,729
1587.3,2026-08-05T02:46:07.487733+00:00,51.031,50.312,51.031,50.875,0,306,1020,,5471,519,2795,1770,0.3,729
1588.3,2026-08-05T02:46:08.493050+00:00,51.125,50.312,51.125,50.906,0,306,1020,,5480,519,2795,1771,0.5,729
1589.4,2026-08-05T02:46:09.498947+00:00,51.218,50.312,51.218,50.718,0,306,1020,,5471,519,2795,1771,0.0,729
1590.4,2026-08-05T02:46:10.504853+00:00,51.218,50.375,51.218,50.75,0,306,1020,,5480,519,2795,1771,0.5,729
1591.4,2026-08-05T02:46:11.510595+00:00,51.25,50.156,51.25,50.75,0,306,1020,,5471,519,2795,1771,0.7,729
1592.4,2026-08-05T02:46:12.516214+00:00,51.281,50.25,51.281,50.843,0,306,1020,,5471,519,2795,1771,0.2,729
1593.4,2026-08-05T02:46:13.521893+00:00,51.281,50.343,51.281,50.843,0,306,1020,,5480,519,2795,1771,0.3,729
1594.4,2026-08-05T02:46:14.527893+00:00,51.312,50.218,51.312,50.656,0,306,1020,,5480,519,2795,1771,0.3,729
1595.4,2026-08-05T02:46:15.533325+00:00,51.281,50.343,51.281,50.718,0,306,1020,,5471,519,2795,1771,0.3,729
1596.4,2026-08-05T02:46:16.539281+00:00,51.125,50.187,51.125,50.75,0,306,1020,,5480,519,2795,1771,0.5,729
1597.4,2026-08-05T02:46:17.545071+00:00,51.187,50.281,51.187,50.781,0,306,1020,,5471,519,2795,1771,0.3,729
1598.4,2026-08-05T02:46:18.550353+00:00,51.156,50.406,51.156,50.843,0,306,1020,,5471,519,2795,1771,0.2,729
1599.4,2026-08-05T02:46:19.557298+00:00,51.125,50.218,51.125,50.687,0,306,1020,,5480,519,2795,1771,0.5,729
1600.4,2026-08-05T02:46:20.563146+00:00,51.218,50.437,51.218,50.687,0,306,1020,,5471,519,2795,1771,0.2,729
1601.4,2026-08-05T02:46:21.568765+00:00,51.406,50.281,51.406,50.843,0,306,1020,,5471,519,2795,1771,0.3,729
1602.4,2026-08-05T02:46:22.574161+00:00,51.343,50.25,51.343,50.812,0,306,1020,,5471,519,2795,1771,0.5,729
1603.4,2026-08-05T02:46:23.579866+00:00,51.468,50.343,51.468,50.781,0,306,1020,,5480,519,2795,1771,0.2,729
1604.4,2026-08-05T02:46:24.585846+00:00,51.437,50.593,51.437,50.718,0,306,1020,,5480,519,2795,1771,0.5,729
1605.4,2026-08-05T02:46:25.591338+00:00,51.468,50.375,51.468,50.656,0,306,1020,,5480,519,2795,1771,0.3,729
1606.5,2026-08-05T02:46:26.597210+00:00,51.468,50.593,51.468,50.718,0,306,1020,,5480,519,2795,1770,0.3,729
1607.5,2026-08-05T02:46:27.602476+00:00,51.5,50.25,51.5,50.875,0,306,1020,,5480,479,2795,1770,0.2,729
1608.5,2026-08-05T02:46:28.608547+00:00,51.437,50.312,51.187,50.812,0,306,1020,,5440,479,2795,1770,0.3,729
1609.5,2026-08-05T02:46:29.614215+00:00,51.281,50.437,51.281,50.656,0,306,1020,,5480,479,2795,1770,0.3,729
1610.5,2026-08-05T02:46:30.619907+00:00,51.218,50.437,51.218,50.781,0,306,1020,,5480,519,2795,1770,0.2,729
1611.5,2026-08-05T02:46:31.625508+00:00,51.25,50.593,51.25,50.812,0,306,1020,,5471,519,2795,1770,0.7,729
1612.5,2026-08-05T02:46:32.631173+00:00,51.343,50.281,51.343,50.812,0,306,1020,,5480,519,2795,1770,0.2,729
1613.5,2026-08-05T02:46:33.637247+00:00,51.25,50.312,51.25,50.906,0,306,1020,,5480,519,2795,1770,0.3,729
1614.5,2026-08-05T02:46:34.642548+00:00,51.218,50.468,51.218,50.718,0,306,1020,,5480,519,2795,1770,0.2,729
1615.5,2026-08-05T02:46:35.648491+00:00,51.218,50.281,51.187,50.687,0,306,1020,,5480,519,2795,1770,0.2,729
1616.5,2026-08-05T02:46:36.653659+00:00,51.156,50.562,51.156,50.781,0,306,1020,,5480,519,2795,1770,0.2,729
1617.5,2026-08-05T02:46:37.659286+00:00,51.156,50.218,51.156,50.843,0,306,1020,,5471,519,2795,1770,0.5,729
1618.5,2026-08-05T02:46:38.665285+00:00,51.156,50.406,51.156,50.843,0,306,1020,,5480,479,2795,1770,0.3,729
1619.5,2026-08-05T02:46:39.670777+00:00,51.125,50.343,51.125,50.906,0,306,1020,,5920,638,2955,1770,0.0,729
1620.5,2026-08-05T02:46:40.679424+00:00,51.125,50.343,51.125,50.687,0,306,1020,,5511,519,2795,1770,0.5,729
1621.5,2026-08-05T02:46:41.682675+00:00,51.187,50.562,51.187,50.656,0,306,1020,,5471,519,2795,1770,0.5,729
1622.5,2026-08-05T02:46:42.688113+00:00,51.125,50.218,51.343,50.718,0,306,1020,,5480,519,2795,1770,0.2,729
1623.6,2026-08-05T02:46:43.693931+00:00,51.343,50.312,51.343,50.875,0,306,1020,,5480,519,2795,1770,0.3,729
1624.6,2026-08-05T02:46:44.700053+00:00,51.343,50.25,51.343,50.656,0,306,1020,,5480,519,2795,1770,0.3,729
1625.6,2026-08-05T02:46:45.706031+00:00,51.406,50.343,51.406,50.625,0,306,1020,,5480,519,2795,1770,0.2,729
1626.6,2026-08-05T02:46:46.711489+00:00,51.375,50.562,51.375,50.75,0,306,1020,,5480,519,2795,1770,0.2,729
1627.6,2026-08-05T02:46:47.717646+00:00,51.437,50.25,51.437,50.812,0,306,1020,,5480,519,2795,1770,0.2,729
1628.6,2026-08-05T02:46:48.723303+00:00,51.218,50.25,51.218,50.843,0,306,1020,,5471,519,2795,1770,0.3,729
1629.6,2026-08-05T02:46:49.728811+00:00,51.218,50.468,51.218,50.656,0,306,1020,,5480,519,2795,1771,0.5,729
1630.6,2026-08-05T02:46:50.734630+00:00,51.218,50.312,51.218,50.75,0,306,1020,,5480,479,2795,1771,0.3,729
1631.6,2026-08-05T02:46:51.740219+00:00,51.125,50.562,51.125,50.75,0,306,1020,,5471,519,2795,1771,0.2,729
1632.6,2026-08-05T02:46:52.745919+00:00,51.187,50.156,51.187,50.718,0,306,1020,,5480,519,2755,1771,0.5,729
1633.6,2026-08-05T02:46:53.752427+00:00,51.187,50.281,51.187,50.781,0,306,1020,,5480,519,2795,1771,0.2,729
1634.6,2026-08-05T02:46:54.758861+00:00,51.593,50.468,51.593,50.687,0,306,1020,,5880,599,2955,1771,0.2,729
1635.6,2026-08-05T02:46:55.765036+00:00,51.031,50.25,51.031,50.687,0,306,1020,,5480,519,2795,1771,0.2,729
1636.6,2026-08-05T02:46:56.771318+00:00,51.031,50.5,51.031,50.75,0,306,1020,,5440,479,2795,1770,0.3,729
1637.6,2026-08-05T02:46:57.777543+00:00,51.187,50.187,51.187,50.75,0,306,1020,,5440,479,2795,1770,0.2,729
1638.6,2026-08-05T02:46:58.783837+00:00,51.187,50.312,51.187,50.687,0,306,1020,,5480,479,2795,1770,0.2,729
1639.6,2026-08-05T02:46:59.789838+00:00,51.218,50.406,51.218,50.687,0,306,1020,,5440,479,2795,1770,0.2,729
1640.7,2026-08-05T02:47:00.796074+00:00,51.218,50.187,51.218,50.718,0,306,1020,,5440,479,2795,1770,0.5,729
1641.7,2026-08-05T02:47:01.802134+00:00,51.125,50.187,51.125,50.718,0,306,1020,,5471,479,2795,1770,0.3,729
1642.7,2026-08-05T02:47:02.807990+00:00,51.062,50.281,51.062,50.812,0,306,1020,,5471,479,2795,1770,0.5,729
1643.7,2026-08-05T02:47:03.814327+00:00,51.062,50.218,51.062,50.625,0,306,1020,,5471,519,2795,1770,0.2,729
1644.7,2026-08-05T02:47:04.820148+00:00,51.031,50.343,51.031,50.593,0,306,1020,,5471,519,2795,1770,0.3,729
1645.7,2026-08-05T02:47:05.826160+00:00,51.156,50.093,51.156,50.687,0,306,1020,,5431,479,2795,1770,0.5,729
1646.7,2026-08-05T02:47:06.832132+00:00,51.343,50.218,51.343,50.656,0,306,1020,,5431,479,2795,1770,0.3,729
1647.7,2026-08-05T02:47:07.838719+00:00,51.281,50.25,51.281,50.593,0,306,1020,,5440,479,2795,1770,0.2,729
1648.7,2026-08-05T02:47:08.844914+00:00,51.281,50.5,51.281,50.562,0,306,1020,,5431,479,2795,1770,0.5,729
1649.7,2026-08-05T02:47:09.851311+00:00,51.156,50.343,51.156,50.656,0,306,1020,,5471,519,2795,1770,0.2,729
1650.7,2026-08-05T02:47:10.857691+00:00,51.156,50.25,51.156,50.687,0,306,1020,,5471,519,2795,1770,0.5,729
1651.7,2026-08-05T02:47:11.863840+00:00,51.156,50.187,51.156,50.843,0,306,1020,,5480,479,2795,1770,0.2,729
1652.7,2026-08-05T02:47:12.869968+00:00,51.062,50.281,51.062,50.656,0,306,1020,,5480,519,2795,1770,0.3,729
1653.7,2026-08-05T02:47:13.875914+00:00,51.437,50.406,51.437,50.625,0,306,1020,,5480,519,2795,1770,0.5,729
1654.7,2026-08-05T02:47:14.882313+00:00,51.406,50.156,51.406,50.718,0,306,1020,,5471,519,2795,1770,0.3,729
1655.7,2026-08-05T02:47:15.891277+00:00,51.437,50.343,51.437,50.843,0,306,1020,,5471,519,2795,1770,0.2,729
1656.8,2026-08-05T02:47:16.894335+00:00,51.406,50.375,51.406,50.656,0,306,1020,,5480,519,2795,1770,0.5,729
1657.8,2026-08-05T02:47:17.900109+00:00,51.156,50.25,51.156,50.75,0,306,1020,,5480,479,2795,1770,0.2,729
1658.8,2026-08-05T02:47:18.905892+00:00,51.125,50.5,51.125,50.687,0,306,1020,,5471,519,2795,1770,0.0,729
1659.8,2026-08-05T02:47:19.912014+00:00,51.187,50.187,51.187,50.75,0,306,1020,,5480,519,2795,1770,0.3,729
1660.8,2026-08-05T02:47:20.917878+00:00,51.187,50.218,51.187,50.875,0,306,1020,,5480,519,2795,1770,0.3,729
1661.8,2026-08-05T02:47:21.923763+00:00,51.218,50.531,51.218,50.625,0,306,1020,,5480,519,2795,1770,0.7,729
1662.8,2026-08-05T02:47:22.930136+00:00,51.093,50.343,51.093,50.656,0,306,1020,,5480,519,2795,1770,0.3,729
1663.8,2026-08-05T02:47:23.936269+00:00,51.125,50.25,51.125,50.687,0,306,1020,,5431,479,2795,1770,0.2,729
1664.8,2026-08-05T02:47:24.942308+00:00,51.062,50.125,51.062,50.687,0,306,1020,,5480,519,2795,1770,0.7,729
1665.8,2026-08-05T02:47:25.947927+00:00,51,50.187,51,50.593,0,306,1020,,5440,479,2795,1770,0.3,729
1666.8,2026-08-05T02:47:26.953619+00:00,51.062,50.375,51.062,50.625,0,306,1020,,5431,479,2795,1770,0.2,729
1667.8,2026-08-05T02:47:27.959350+00:00,51.281,50.156,51.281,50.656,0,306,1020,,5440,479,2755,1770,0.2,729
1668.8,2026-08-05T02:47:28.965113+00:00,51.187,50.218,51.187,50.687,0,306,1020,,5471,519,2795,1770,0.3,729
1669.8,2026-08-05T02:47:29.970827+00:00,51.218,50.156,51.218,50.843,0,306,1020,,5471,519,2795,1770,0.0,729
1670.8,2026-08-05T02:47:30.976662+00:00,51.281,50.156,51.281,50.687,0,306,1020,,5440,479,2795,1770,0.2,729
1671.8,2026-08-05T02:47:31.982436+00:00,51.187,50.406,51.187,50.625,0,306,1020,,5480,519,2795,1770,0.0,729
1672.8,2026-08-05T02:47:32.988164+00:00,51.281,50.156,51.281,50.718,0,306,1020,,5471,519,2755,1770,0.5,729
1673.8,2026-08-05T02:47:33.993957+00:00,51.062,50.25,51.062,50.781,0,306,1020,,5471,519,2755,1770,0.2,729
1674.9,2026-08-05T02:47:34.999586+00:00,51.093,50.125,51.093,50.718,0,306,1020,,5431,479,2795,1770,0.3,729
1675.9,2026-08-05T02:47:36.005353+00:00,51.125,50.218,51.125,50.625,0,306,1020,,5440,479,2755,1770,0.3,729
1676.9,2026-08-05T02:47:37.011561+00:00,51.156,50.343,51.156,50.625,0,306,1020,,5440,479,2795,1770,0.5,729
1677.9,2026-08-05T02:47:38.017126+00:00,51.062,50.093,51.062,50.718,0,306,1020,,5440,479,2795,1770,0.5,729
1678.9,2026-08-05T02:47:39.022518+00:00,51.062,50.125,51.062,50.656,0,306,1020,,5480,519,2795,1770,0.3,729
1679.9,2026-08-05T02:47:40.029440+00:00,51.343,50.125,51.343,50.812,0,306,1020,,5520,559,2795,1771,1.5,729
1680.9,2026-08-05T02:47:41.037564+00:00,51.375,50.25,51.375,50.593,0,306,1020,,5480,479,2795,1771,0.3,729
1681.9,2026-08-05T02:47:42.041278+00:00,51.437,50.375,51.437,50.656,0,306,1020,,5440,479,2795,1771,0.2,729
1682.9,2026-08-05T02:47:43.047099+00:00,51.531,50.125,51.531,50.656,0,306,1020,,5440,479,2795,1771,0.7,729
1683.9,2026-08-05T02:47:44.052488+00:00,51.468,50.156,51.468,50.75,0,306,1020,,5480,479,2795,1771,0.3,729
1684.9,2026-08-05T02:47:45.058620+00:00,51.218,50.281,51.218,50.875,0,306,1020,,5431,479,2795,1772,0.3,729
1685.9,2026-08-05T02:47:46.064804+00:00,51.218,50.156,51.218,50.562,0,306,1020,,5440,479,2795,1772,0.3,729
1686.9,2026-08-05T02:47:47.070181+00:00,51.156,50.281,51.156,50.718,0,306,1020,,5480,519,2795,1772,0.3,729
1687.9,2026-08-05T02:47:48.076242+00:00,51.187,50.125,51.187,50.687,0,306,1020,,5480,519,2795,1772,0.2,729
1688.9,2026-08-05T02:47:49.081654+00:00,51.218,50.25,51.218,50.75,0,306,1020,,5480,519,2795,1772,0.3,729
1689.9,2026-08-05T02:47:50.087311+00:00,51.187,50.218,51.187,50.718,0,306,1020,,5480,519,2795,1772,0.3,729
1690.9,2026-08-05T02:47:51.093204+00:00,51.031,50.468,51.031,50.593,0,306,1020,,5480,519,2795,1772,0.3,729
1692.0,2026-08-05T02:47:52.099221+00:00,51,50.281,51,50.625,0,306,1020,,5471,519,2795,1772,0.2,729
1693.0,2026-08-05T02:47:53.105083+00:00,51.093,50.125,51.093,50.593,0,306,1020,,5471,479,2795,1772,0.3,729
1694.0,2026-08-05T02:47:54.110650+00:00,51.062,50.25,51.062,50.656,0,306,1020,,5480,519,2795,1772,0.0,729
1695.0,2026-08-05T02:47:55.116527+00:00,51.031,50.406,51.031,50.75,0,306,1020,,5471,519,2795,1772,0.7,729
1696.0,2026-08-05T02:47:56.122774+00:00,51.218,50.5,51.218,50.656,0,306,1020,,5480,519,2795,1772,0.2,729
1697.0,2026-08-05T02:47:57.128715+00:00,51.25,50.312,51.25,50.656,0,306,1020,,5471,519,2795,1772,0.5,729
1698.0,2026-08-05T02:47:58.134243+00:00,51.343,50.156,51.343,50.687,0,306,1020,,5480,519,2795,1772,0.3,729
1699.0,2026-08-05T02:47:59.140164+00:00,51.312,50.125,51.312,50.75,0,306,1020,,5511,519,2795,1772,0.3,729
1700.0,2026-08-05T02:48:00.145982+00:00,51.25,50.25,51.25,50.656,0,306,1020,,5471,519,2795,1772,0.3,729
1701.0,2026-08-05T02:48:01.152664+00:00,51.125,50.468,51.125,50.593,0,306,1020,,5471,519,2795,1772,0.2,729
1702.0,2026-08-05T02:48:02.158397+00:00,51.093,50.343,51.093,50.656,0,306,1020,,5471,519,2795,1772,0.3,729
1703.0,2026-08-05T02:48:03.164671+00:00,51.125,50.25,51.125,50.718,0,306,1020,,5471,519,2795,1773,0.5,729
1704.0,2026-08-05T02:48:04.170569+00:00,51.093,50.156,51.093,50.75,0,306,1020,,5520,519,2795,1773,0.2,729
1705.0,2026-08-05T02:48:05.176313+00:00,51.093,50.25,51.437,50.562,0,306,1020,,5480,519,2795,1773,0.7,729
1706.0,2026-08-05T02:48:06.182098+00:00,51.406,50.468,51.406,50.593,0,306,1020,,5480,519,2795,1773,0.5,729
1707.0,2026-08-05T02:48:07.187879+00:00,51.312,50.125,51.312,50.625,0,306,1020,,5471,519,2795,1773,0.2,729
1708.0,2026-08-05T02:48:08.193748+00:00,51.406,50.218,51.406,50.75,0,306,1020,,5471,519,2795,1773,0.2,729
1709.1,2026-08-05T02:48:09.199615+00:00,51.5,50.187,51.5,50.718,0,306,1020,,5511,519,2795,1773,0.7,729
1710.1,2026-08-05T02:48:10.205679+00:00,51.125,50.281,51.125,50.593,0,306,1020,,5471,519,2795,1773,0.5,729
1711.1,2026-08-05T02:48:11.211628+00:00,51.187,50.468,51.187,50.687,0,306,1020,,5480,519,2795,1773,0.3,729
1712.1,2026-08-05T02:48:12.217499+00:00,51.218,50.187,51.218,50.75,0,306,1020,,5471,519,2795,1773,0.3,729
1713.1,2026-08-05T02:48:13.223254+00:00,51.218,50.218,51.218,50.687,0,306,1020,,5480,519,2795,1773,0.2,729
1714.1,2026-08-05T02:48:14.229061+00:00,51.218,50.375,51.218,50.656,0,306,1020,,5520,519,2795,1773,0.7,729
1715.1,2026-08-05T02:48:15.234730+00:00,51.218,50.218,51.218,50.593,0,306,1020,,5471,519,2795,1773,0.2,729
1716.1,2026-08-05T02:48:16.240541+00:00,51.218,50.437,51.062,50.687,0,306,1020,,5471,519,2795,1773,0.2,729
1717.1,2026-08-05T02:48:17.246331+00:00,51.093,50.156,51.093,50.656,0,306,1020,,5511,519,2795,1773,0.3,729
1718.1,2026-08-05T02:48:18.251723+00:00,51.093,50.218,51.093,50.75,0,306,1020,,5480,519,2795,1773,0.3,729
1719.1,2026-08-05T02:48:19.257382+00:00,51.031,50.125,51.031,50.593,0,306,1020,,5471,519,2795,1773,0.3,729
1720.1,2026-08-05T02:48:20.262834+00:00,51.031,50.187,51.031,50.656,0,306,1020,,5471,519,2795,1773,0.3,729
1721.1,2026-08-05T02:48:21.269112+00:00,51.093,50.406,51.093,50.656,0,306,1020,,5471,519,2795,1773,0.7,729
1722.1,2026-08-05T02:48:22.274879+00:00,51.062,50.156,51.062,50.718,0,306,1020,,5471,519,2795,1773,0.5,729
1723.1,2026-08-05T02:48:23.280374+00:00,51,50.156,51.25,50.687,0,306,1020,,5480,519,2795,1773,0.5,729
1724.1,2026-08-05T02:48:24.285891+00:00,51.281,50.343,51.281,50.687,0,306,1020,,5471,479,2795,1773,0.2,729
1725.1,2026-08-05T02:48:25.292186+00:00,51.343,50.218,51.343,50.562,0,306,1020,,5471,519,2795,1772,0.5,729
1726.2,2026-08-05T02:48:26.297558+00:00,51.375,50.468,51.375,50.625,0,306,1020,,5471,519,2795,1772,0.5,729
1727.2,2026-08-05T02:48:27.303276+00:00,51.375,50.125,51.375,50.625,0,306,1020,,5480,519,2795,1772,0.3,729
1728.2,2026-08-05T02:48:28.309033+00:00,51.343,50.218,51.343,50.718,0,306,1020,,5471,519,2795,1772,0.2,729
1729.2,2026-08-05T02:48:29.314797+00:00,51.5,50.218,51.5,50.593,0,306,1020,,5471,519,2795,1772,0.3,729
1730.2,2026-08-05T02:48:30.320354+00:00,51.5,50.187,51.125,50.593,0,306,1020,,5471,519,2795,1772,0.5,729
1731.2,2026-08-05T02:48:31.326395+00:00,51.156,50.406,51.156,50.593,0,306,1020,,5471,519,2795,1772,0.2,729
1732.2,2026-08-05T02:48:32.332108+00:00,51.218,50.156,51.218,50.656,0,306,1020,,5471,519,2795,1772,0.3,729
1733.2,2026-08-05T02:48:33.337831+00:00,51.187,50.125,51.187,50.687,0,306,1020,,5471,479,2795,1772,0.2,729
1734.2,2026-08-05T02:48:34.346275+00:00,51.156,50.343,51.156,50.656,0,306,1020,,5471,519,2795,1772,0.7,729
1735.2,2026-08-05T02:48:35.349306+00:00,51.156,50.187,51.156,50.562,0,306,1020,,5471,519,2795,1772,0.5,729
1736.2,2026-08-05T02:48:36.354864+00:00,51.156,50.468,51.156,50.593,0,306,1020,,5471,519,2795,1772,0.3,729
1737.2,2026-08-05T02:48:37.360701+00:00,51.093,50.093,51.093,50.687,0,306,1020,,5471,479,2795,1772,0.5,729
1738.2,2026-08-05T02:48:38.366120+00:00,51.062,50.187,51.062,50.75,0,306,1020,,5471,519,2795,1772,0.3,729
1739.2,2026-08-05T02:48:39.372004+00:00,51.031,50.156,51.031,50.562,0,306,1020,,5511,519,2795,1773,0.3,729
1740.2,2026-08-05T02:48:40.377335+00:00,51.062,50.218,51.062,50.562,0,306,1020,,5471,519,2795,1773,0.5,729
1741.2,2026-08-05T02:48:41.382917+00:00,51.031,50.343,51.031,50.656,0,306,1020,,5471,519,2795,1773,0.3,729
1742.2,2026-08-05T02:48:42.388431+00:00,51.031,50.156,51.031,50.718,0,306,1020,,5471,519,2795,1773,0.3,729
1743.3,2026-08-05T02:48:43.394535+00:00,51.125,50.156,51.125,50.656,0,306,1020,,5471,519,2795,1773,0.3,729
1744.3,2026-08-05T02:48:44.400624+00:00,51.281,50.343,51.281,50.562,0,306,1020,,5471,519,2795,1773,0.5,729
1745.3,2026-08-05T02:48:45.406755+00:00,51.343,50.218,51.343,50.656,0,306,1020,,5471,519,2795,1773,0.2,729
1746.3,2026-08-05T02:48:46.412535+00:00,51.187,50.437,51.187,50.656,0,306,1020,,5471,519,2795,1773,0.3,729
1747.3,2026-08-05T02:48:47.417942+00:00,51.343,50.187,51.343,50.656,0,306,1020,,5471,519,2795,1773,0.3,729
1748.3,2026-08-05T02:48:48.424015+00:00,51.406,50.218,51.406,50.625,0,306,1020,,5480,519,2795,1773,0.3,729
1749.3,2026-08-05T02:48:49.429873+00:00,51.343,50.281,51.156,50.593,0,306,1020,,5480,519,2795,1773,0.2,729
1750.3,2026-08-05T02:48:50.435277+00:00,51.187,50.281,51.187,50.625,0,306,1020,,5471,519,2795,1773,0.7,729
1751.3,2026-08-05T02:48:51.441370+00:00,51.093,50.406,51.093,50.656,0,306,1020,,5480,519,2795,1772,0.3,729
1752.3,2026-08-05T02:48:52.446822+00:00,51.031,50.125,51.031,50.718,0,306,1020,,5471,519,2795,1772,0.2,729
1753.3,2026-08-05T02:48:53.452940+00:00,51.093,50.218,51.093,50.75,0,306,1020,,5480,519,2795,1772,0.3,729
1754.3,2026-08-05T02:48:54.458935+00:00,51.187,50.437,51.187,50.562,0,306,1020,,5710,599,2875,1772,0.5,1728
1755.3,2026-08-05T02:48:55.464596+00:00,51.125,50.187,51.468,50.531,0,306,1020,,5471,519,2795,1772,0.5,729
1756.3,2026-08-05T02:48:56.469961+00:00,51.531,50.406,51.531,50.656,0,306,1020,,5471,519,2795,1772,0.3,729
1757.3,2026-08-05T02:48:57.475781+00:00,51.031,50.125,51.031,50.687,0,306,1020,,5480,519,2795,1772,0.2,729
1758.3,2026-08-05T02:48:58.481610+00:00,51,50.156,51,50.812,0,306,1020,,5471,519,2795,1772,0.5,729
1759.3,2026-08-05T02:48:59.487650+00:00,50.937,50.25,50.937,50.812,0,306,1020,,5471,519,2795,1772,0.2,729
1760.3,2026-08-05T02:49:00.493046+00:00,51.031,50.218,51.031,50.593,0,306,1020,,5471,519,2795,1772,0.3,729
1761.4,2026-08-05T02:49:01.498884+00:00,51.031,50.406,51.218,50.687,0,306,1020,,5471,519,2795,1772,0.3,729
1762.4,2026-08-05T02:49:02.504678+00:00,51.218,50.156,51.218,50.687,0,306,1020,,5471,519,2795,1772,0.3,729
1763.4,2026-08-05T02:49:03.510448+00:00,51.187,50.187,51.187,50.75,0,306,1020,,5471,519,2795,1772,0.0,729
1764.4,2026-08-05T02:49:04.516576+00:00,51.218,50.218,51.218,50.718,0,306,1020,,5471,519,2795,1772,0.3,729
1765.4,2026-08-05T02:49:05.522257+00:00,51.218,50.531,51.218,50.5,0,306,1020,,5471,519,2795,1772,0.3,729
1766.4,2026-08-05T02:49:06.528067+00:00,51.25,50.281,51.25,50.625,0,306,1020,,5471,519,2795,1772,0.2,729
1767.4,2026-08-05T02:49:07.533627+00:00,51.218,50.093,51,50.656,0,306,1020,,5471,519,2795,1772,0.5,729
1768.4,2026-08-05T02:49:08.539609+00:00,51.093,50.156,51.093,50.687,0,306,1020,,5471,519,2795,1772,0.3,729
1769.4,2026-08-05T02:49:09.545203+00:00,51.093,50.343,51.093,50.781,0,306,1020,,5630,559,2835,1772,0.3,729
1770.4,2026-08-05T02:49:10.551184+00:00,51.062,50.468,51.062,50.562,0,306,1020,,5471,519,2795,1772,0.5,729
1771.4,2026-08-05T02:49:11.556520+00:00,51.062,50.312,51.062,50.562,0,306,1020,,5471,519,2795,1772,0.5,729
1772.4,2026-08-05T02:49:12.562307+00:00,51.062,50.062,51.062,50.625,0,306,1020,,5471,519,2795,1772,0.3,729
1773.4,2026-08-05T02:49:13.568064+00:00,51.093,50.156,51.093,50.718,0,306,1020,,5471,519,2795,1772,0.5,729
1774.4,2026-08-05T02:49:14.573572+00:00,51.062,50.281,51.312,50.718,0,306,1020,,5471,519,2795,1772,0.3,729
1775.4,2026-08-05T02:49:15.579120+00:00,51.343,50.468,51.343,50.562,0,306,1020,,5471,519,2795,1773,0.3,729
1776.4,2026-08-05T02:49:16.584813+00:00,51.375,50.281,51.375,50.593,0,306,1020,,5471,519,2795,1773,0.2,729
1777.4,2026-08-05T02:49:17.590660+00:00,51.375,50.062,51.375,50.531,0,306,1020,,5471,519,2795,1773,0.3,729
1778.5,2026-08-05T02:49:18.596356+00:00,51.5,50.218,51.5,50.75,0,306,1020,,5471,519,2795,1773,0.2,729
1779.5,2026-08-05T02:49:19.602113+00:00,51.375,50.25,51.375,50.718,0,306,1020,,5431,479,2795,1773,0.3,729
1780.5,2026-08-05T02:49:20.607756+00:00,51,50.531,51,50.562,0,306,1020,,5480,479,2795,1773,0.3,729
1781.5,2026-08-05T02:49:21.614341+00:00,51.156,50.281,51.156,50.625,0,306,1020,,5480,519,2795,1773,0.3,729
1782.5,2026-08-05T02:49:22.620221+00:00,51.093,50.093,51.093,50.593,0,306,1020,,5480,519,2795,1773,0.3,729
1783.5,2026-08-05T02:49:23.626285+00:00,51.187,50.093,51.187,50.656,0,306,1020,,5471,479,2795,1772,0.7,729
1784.5,2026-08-05T02:49:24.631957+00:00,51.156,50.187,51.156,50.593,0,306,1020,,5471,519,2795,1773,0.3,729
1785.5,2026-08-05T02:49:25.637725+00:00,51.156,50.468,51.156,50.593,0,306,1020,,5480,519,2795,1772,0.3,729
1786.5,2026-08-05T02:49:26.643598+00:00,51.031,50.25,51.031,50.625,0,306,1020,,5480,519,2795,1772,0.7,729
1787.5,2026-08-05T02:49:27.649180+00:00,50.968,50.031,50.968,50.718,0,306,1020,,5431,479,2795,1772,0.2,729
1788.5,2026-08-05T02:49:28.654702+00:00,51.062,50.062,51.062,50.812,0,306,1020,,5471,479,2795,1772,0.3,729
1789.5,2026-08-05T02:49:29.660504+00:00,50.968,50.218,50.968,50.593,0,306,1020,,5471,479,2795,1772,0.5,729
1790.5,2026-08-05T02:49:30.666064+00:00,50.968,50.406,50.968,50.593,0,306,1020,,5431,479,2795,1772,0.5,729
1791.5,2026-08-05T02:49:31.672185+00:00,51,50.25,51,50.593,0,306,1020,,5431,479,2795,1772,0.2,729
1792.5,2026-08-05T02:49:32.678015+00:00,51.218,50.125,51.218,50.593,0,306,1020,,5480,479,2795,1772,0.3,729
1793.5,2026-08-05T02:49:33.683639+00:00,51.25,50.062,51.25,50.687,0,306,1020,,5431,479,2795,1772,0.5,729
1794.5,2026-08-05T02:49:34.688980+00:00,51.218,50.187,51.218,50.625,0,306,1020,,5471,479,2795,1772,0.2,729
1795.6,2026-08-05T02:49:35.694719+00:00,51.218,50.218,51.218,50.593,0,306,1020,,5471,519,2795,1772,0.3,729
1796.6,2026-08-05T02:49:36.701020+00:00,51.343,50.218,51.343,50.625,0,306,1020,,5480,519,2795,1772,0.3,729
1797.6,2026-08-05T02:49:37.707673+00:00,50.968,50.062,50.968,50.781,0,306,1020,,5440,479,2795,1772,0.3,729
1798.6,2026-08-05T02:49:38.713327+00:00,51.062,50.062,51.062,50.656,0,306,1020,,5440,479,2795,1772,0.3,729
1799.6,2026-08-05T02:49:39.719050+00:00,51.062,50.187,51.062,50.625,0,306,1020,,5520,519,2795,1772,0.2,729
1800.6,2026-08-05T02:49:40.724433+00:00,50.968,50.343,50.968,50.593,0,306,1020,,5471,519,2795,1772,0.5,729
1801.6,2026-08-05T02:49:41.730113+00:00,51.093,50.125,51.093,50.562,0,306,1020,,5471,519,2795,1772,0.3,729
1802.6,2026-08-05T02:49:42.735638+00:00,51.062,50.062,51.062,50.625,0,306,1020,,5480,519,2795,1772,0.3,729
1803.6,2026-08-05T02:49:43.741342+00:00,51.093,50.062,51.093,50.656,0,306,1020,,5471,519,2795,1772,0.3,729
1804.6,2026-08-05T02:49:44.747497+00:00,51.468,50.125,51.468,50.531,0,306,1020,,5471,479,2795,1772,0.5,729
1805.6,2026-08-05T02:49:45.753387+00:00,50.937,50.406,50.937,50.625,0,306,1020,,5471,519,2795,1772,0.3,729
1806.6,2026-08-05T02:49:46.758735+00:00,50.906,50.156,50.906,50.625,0,306,1020,,5471,519,2755,1772,0.2,729
1807.6,2026-08-05T02:49:47.764432+00:00,50.937,50.125,50.937,50.625,0,306,1020,,5480,479,2795,1772,0.5,729
1808.6,2026-08-05T02:49:48.770041+00:00,50.906,50.125,50.906,50.718,0,306,1020,,5480,519,2795,1772,0.5,729
1809.6,2026-08-05T02:49:49.776103+00:00,51.062,50.156,51.062,50.468,0,306,1020,,5431,479,2795,1772,0.2,729
1810.6,2026-08-05T02:49:50.781978+00:00,51.125,50.343,51.125,50.593,0,306,1020,,5471,519,2795,1772,0.7,729
1811.6,2026-08-05T02:49:51.787378+00:00,51.125,50.125,51.125,50.625,0,306,1020,,5480,519,2795,1772,0.2,729
1812.6,2026-08-05T02:49:52.793238+00:00,51.187,50.093,51.187,50.656,0,306,1020,,5471,519,2795,1772,0.3,729
1813.7,2026-08-05T02:49:53.798854+00:00,51.125,50.125,51.125,50.625,0,306,1020,,5431,479,2755,1772,0.3,729
1814.7,2026-08-05T02:49:54.804923+00:00,51.187,50.125,51.187,50.5,0,306,1020,,5471,519,2795,1772,0.3,729
1815.7,2026-08-05T02:49:55.810751+00:00,51.218,50.375,51.093,50.562,0,306,1020,,5480,519,2795,1772,0.2,729
1816.7,2026-08-05T02:49:56.816529+00:00,51.093,50.093,51.093,50.531,0,306,1020,,5471,479,2795,1772,0.3,729
1817.7,2026-08-05T02:49:57.822149+00:00,51,50.125,51,50.656,0,306,1020,,5471,519,2795,1772,0.5,729
1818.7,2026-08-05T02:49:58.827836+00:00,51.093,50.125,51.093,50.625,0,306,1020,,5471,519,2755,1772,0.2,729
1819.7,2026-08-05T02:49:59.833460+00:00,51.031,50.187,51.031,50.562,0,306,1020,,5471,519,2795,1772,0.5,729
1820.7,2026-08-05T02:50:00.839280+00:00,51,50.375,51,50.468,0,306,1020,,5480,479,2795,1772,0.3,729
1821.7,2026-08-05T02:50:01.844766+00:00,51,50.156,51,50.625,0,306,1020,,5511,519,2795,1772,0.2,1728
1822.7,2026-08-05T02:50:02.850307+00:00,51.093,50.093,51.093,50.656,0,306,1020,,5471,519,2795,1772,0.7,729
1823.7,2026-08-05T02:50:03.856223+00:00,51.375,50.062,51.375,50.687,0,306,1020,,5471,479,2795,1772,0.2,729
1824.7,2026-08-05T02:50:04.862188+00:00,51.343,50.156,51.343,50.5,0,306,1020,,5471,519,2755,1772,0.5,729
1825.7,2026-08-05T02:50:05.867697+00:00,51.406,50.375,51.406,50.593,0,306,1020,,5471,519,2755,1772,0.5,729
1826.7,2026-08-05T02:50:06.873408+00:00,51.375,50.093,51.375,50.531,0,306,1020,,5471,519,2755,1772,0.3,729
1827.7,2026-08-05T02:50:07.878969+00:00,50.906,50.093,50.906,50.625,0,306,1020,,5471,519,2795,1772,0.3,729
1828.7,2026-08-05T02:50:08.884727+00:00,50.968,50.031,50.968,50.625,0,306,1020,,5471,519,2795,1772,0.3,729
1829.7,2026-08-05T02:50:09.890195+00:00,50.968,50.406,51.093,50.5,0,306,1020,,5560,559,2795,1773,0.8,1728
1830.8,2026-08-05T02:50:10.896739+00:00,51.156,50.343,51.156,50.593,0,306,1020,,5471,519,2795,1773,0.3,729
1831.8,2026-08-05T02:50:11.902299+00:00,51.093,50.093,51.093,50.656,0,306,1020,,5471,519,2795,1773,0.5,729
1832.8,2026-08-05T02:50:12.908124+00:00,51.156,50.031,51.156,50.625,0,306,1020,,5471,479,2755,1773,0.3,729
1833.8,2026-08-05T02:50:13.913904+00:00,51.125,50.031,51.125,50.562,0,306,1020,,5440,479,2755,1773,0.3,729
1834.8,2026-08-05T02:50:14.919690+00:00,51.125,50.125,51.125,50.562,0,306,1020,,5471,519,2795,1773,0.5,729
1835.8,2026-08-05T02:50:15.925899+00:00,50.937,50.281,50.937,50.531,0,306,1020,,5471,519,2795,1773,0.3,729
1836.8,2026-08-05T02:50:16.931351+00:00,50.906,50.093,50.906,50.562,0,306,1020,,5511,519,2795,1773,0.7,729
1837.8,2026-08-05T02:50:17.937228+00:00,51.062,50.093,51.062,50.593,0,306,1020,,5471,519,2795,1773,0.0,729
1838.8,2026-08-05T02:50:18.943048+00:00,51,50.218,51,50.468,0,306,1020,,5471,519,2795,1773,0.5,729
1839.8,2026-08-05T02:50:19.948931+00:00,50.906,50.125,50.906,50.468,0,306,1020,,5471,519,2795,1772,0.3,729
1840.8,2026-08-05T02:50:20.954884+00:00,51.218,50.218,51.218,50.625,0,306,1020,,5480,519,2755,1772,0.3,729
1841.8,2026-08-05T02:50:21.961410+00:00,51.187,50.031,51.187,50.531,0,306,1020,,5480,519,2795,1772,0.5,729
1842.8,2026-08-05T02:50:22.966981+00:00,51.187,50.125,51.187,50.625,0,306,1020,,5471,479,2795,1772,0.5,729
1843.8,2026-08-05T02:50:23.972401+00:00,51.218,50.187,51.218,50.531,0,306,1020,,5431,479,2795,1772,0.3,729
1844.8,2026-08-05T02:50:24.978516+00:00,51.25,50.062,51.25,50.5,0,306,1020,,5471,519,2795,1772,0.2,729
1845.8,2026-08-05T02:50:25.984022+00:00,51.031,50.281,51.031,50.531,0,306,1020,,5471,479,2795,1772,0.7,729
1846.8,2026-08-05T02:50:26.989815+00:00,51.031,49.968,51.031,50.656,0,306,1020,,5431,479,2795,1772,0.3,729
1847.9,2026-08-05T02:50:27.995898+00:00,51.031,50.031,51.031,50.593,0,306,1020,,5471,519,2795,1772,0.2,729
1848.9,2026-08-05T02:50:29.001608+00:00,51.031,50.25,51.031,50.593,0,306,1020,,5471,519,2795,1772,0.7,729
1849.9,2026-08-05T02:50:30.007788+00:00,51,49.968,51,50.5,0,306,1020,,5431,479,2795,1772,0.0,729
1850.9,2026-08-05T02:50:31.013368+00:00,51.031,50.281,51.031,50.5,0,306,1020,,5431,479,2795,1772,0.3,729
1851.9,2026-08-05T02:50:32.018913+00:00,51.343,50,51.343,50.562,0,306,1020,,5471,519,2795,1772,0.7,729
1852.9,2026-08-05T02:50:33.024908+00:00,50.875,50.125,50.875,50.625,0,306,1020,,5471,519,2795,1772,0.2,729
1853.9,2026-08-05T02:50:34.030845+00:00,50.843,50.218,50.843,50.468,0,306,1020,,5431,479,2755,1772,0.3,729
1854.9,2026-08-05T02:50:35.036293+00:00,50.875,50.031,50.875,50.5,0,306,1020,,5431,479,2755,1772,0.5,729
1855.9,2026-08-05T02:50:36.042281+00:00,50.937,50.25,50.937,50.593,0,306,1020,,5440,479,2755,1772,0.3,729
1856.9,2026-08-05T02:50:37.048165+00:00,50.968,49.968,50.968,50.531,0,306,1020,,5480,479,2755,1772,0.5,729
1857.9,2026-08-05T02:50:38.053747+00:00,51.062,50,51.062,50.593,0,306,1020,,5431,479,2755,1772,0.7,729
1858.9,2026-08-05T02:50:39.059488+00:00,51.062,50.125,51.062,50.531,0,306,1020,,5431,479,2755,1772,0.2,729
1859.9,2026-08-05T02:50:40.065363+00:00,51.093,50.343,51.093,50.437,0,306,1020,,5471,479,2795,1772,0.3,729
1860.9,2026-08-05T02:50:41.070476+00:00,51.093,50.218,51.093,50.406,0,306,1020,,5471,479,2795,1772,0.5,729
1861.9,2026-08-05T02:50:42.076479+00:00,51.093,50,51.093,50.5,0,306,1020,,5431,479,2795,1772,0.7,729
1862.9,2026-08-05T02:50:43.082263+00:00,51.125,50.125,51.125,50.593,0,306,1020,,5431,479,2755,1772,0.2,729
1863.9,2026-08-05T02:50:44.087964+00:00,51.125,50.187,51.125,50.468,0,306,1020,,5471,519,2755,1772,0.2,729
1864.9,2026-08-05T02:50:45.093821+00:00,50.906,50.375,50.906,50.468,0,306,1020,,5440,479,2755,1772,0.3,729
1866.0,2026-08-05T02:50:46.099699+00:00,50.937,50.187,50.937,50.531,0,306,1020,,5480,479,2795,1772,0.2,729
1867.0,2026-08-05T02:50:47.105370+00:00,51,50,51,50.593,0,306,1020,,5471,519,2795,1772,0.3,729
1868.0,2026-08-05T02:50:48.110812+00:00,50.906,49.968,50.906,50.625,0,306,1020,,5471,479,2795,1772,0.3,729
1869.0,2026-08-05T02:50:49.116542+00:00,51,50.125,51,50.406,0,306,1020,,5431,479,2755,1772,0.5,729
1870.0,2026-08-05T02:50:50.126565+00:00,50.968,50.312,51.218,50.5,0,306,1020,,5440,519,2755,1772,0.3,729
1871.0,2026-08-05T02:50:51.128516+00:00,51.25,50.062,51.25,50.593,0,306,1020,,5431,479,2795,1772,0.2,729
1872.0,2026-08-05T02:50:52.133973+00:00,51.25,49.968,51.25,50.562,0,306,1020,,5480,479,2795,1772,0.7,729
1873.0,2026-08-05T02:50:53.139678+00:00,51.312,50,51.312,50.562,0,306,1020,,5480,479,2795,1772,0.5,729
1874.0,2026-08-05T02:50:54.145699+00:00,51.281,50.093,51.281,50.468,0,306,1020,,5440,479,2795,1772,0.2,729
1875.0,2026-08-05T02:50:55.152186+00:00,51.031,50.312,51.031,50.5,0,306,1020,,5471,479,2795,1772,0.3,729
1876.0,2026-08-05T02:50:56.158349+00:00,51,50,51,50.5,0,306,1020,,5440,479,2795,1772,0.2,729
1877.0,2026-08-05T02:50:57.164835+00:00,51.031,50.062,51.031,50.562,0,306,1020,,5480,479,2795,1772,0.2,729
1878.0,2026-08-05T02:50:58.171140+00:00,51.031,50.156,51.031,50.5,0,306,1020,,5431,479,2795,1772,0.3,729
1879.0,2026-08-05T02:50:59.177477+00:00,50.781,50.093,50.781,50.625,0,306,1020,,5471,479,2795,1772,0.3,729
1880.0,2026-08-05T02:51:00.183705+00:00,50.968,50.25,50.968,50.531,0,306,1020,,5471,479,2795,1772,0.2,729
1881.0,2026-08-05T02:51:01.189938+00:00,50.906,49.968,50.906,50.593,0,306,1020,,5480,519,2795,1772,0.7,729
1882.1,2026-08-05T02:51:02.195841+00:00,51.062,50.031,51.062,50.562,0,306,1020,,5471,519,2795,1772,0.3,729
1883.1,2026-08-05T02:51:03.202296+00:00,51.093,50.218,51.093,50.406,0,306,1020,,5480,519,2795,1772,0.3,729
1884.1,2026-08-05T02:51:04.208528+00:00,51.062,50.031,51.062,50.468,0,306,1020,,5471,519,2795,1772,0.3,729
1885.1,2026-08-05T02:51:05.215127+00:00,51,50.031,51,50.468,0,306,1020,,5471,479,2795,1772,0.3,729
1886.1,2026-08-05T02:51:06.220988+00:00,50.875,50.062,50.875,50.656,0,306,1020,,5471,519,2795,1772,0.2,729
1887.1,2026-08-05T02:51:07.226998+00:00,50.875,50.093,50.875,50.406,0,306,1020,,5471,519,2795,1772,0.2,729
1888.1,2026-08-05T02:51:08.232554+00:00,50.906,50.25,50.906,50.531,0,306,1020,,5480,519,2795,1772,0.3,729
1889.1,2026-08-05T02:51:09.238314+00:00,51,50,51,50.5,0,306,1020,,5480,519,2795,1772,0.2,729
1890.1,2026-08-05T02:51:10.244270+00:00,50.875,50.062,50.875,50.593,0,306,1020,,5480,519,2795,1772,0.5,729
1891.1,2026-08-05T02:51:11.250445+00:00,51.156,50.125,51.156,50.625,0,306,1020,,5471,479,2795,1772,0.5,729
1892.1,2026-08-05T02:51:12.256441+00:00,51.187,50.312,51.187,50.437,0,306,1020,,5480,479,2795,1772,0.2,729
1893.1,2026-08-05T02:51:13.262560+00:00,51.218,50.187,51.218,50.5,0,306,1020,,5480,519,2795,1772,0.7,729
1894.1,2026-08-05T02:51:14.268796+00:00,51.187,49.968,50.937,50.593,0,306,1020,,5480,519,2795,1772,0.3,729
1895.1,2026-08-05T02:51:15.275031+00:00,51,50.062,51,50.625,0,306,1020,,5480,519,2795,1772,0.2,729
1896.1,2026-08-05T02:51:16.280946+00:00,50.937,50.125,50.937,50.468,0,306,1020,,5480,519,2795,1772,0.7,729
1897.1,2026-08-05T02:51:17.287293+00:00,51,50.375,51,50.5,0,306,1020,,5471,519,2795,1772,0.3,729
1898.1,2026-08-05T02:51:18.293334+00:00,51.281,50.093,51.281,50.562,0,306,1020,,5480,519,2795,1772,0.2,729
1899.2,2026-08-05T02:51:19.299415+00:00,51.312,50.031,51.312,50.625,0,306,1020,,5471,519,2795,1772,0.5,729
1900.2,2026-08-05T02:51:20.305159+00:00,51.343,50.031,51.343,50.593,0,306,1020,,5471,479,2795,1772,0.3,729
1901.2,2026-08-05T02:51:21.311471+00:00,51.343,50.156,51.343,50.468,0,306,1020,,5471,519,2795,1772,0.3,729
1902.2,2026-08-05T02:51:22.317603+00:00,50.906,50.312,51,50.593,0,306,1020,,5480,519,2795,1772,0.5,729
1903.2,2026-08-05T02:51:23.323897+00:00,51,50.031,51,50.5,0,306,1020,,5471,519,2795,1772,0.3,729
1904.2,2026-08-05T02:51:24.329003+00:00,51.093,50.125,51.093,50.343,0,306,1020,,5480,519,2795,1772,0.3,1728
1905.2,2026-08-05T02:51:25.335501+00:00,50.937,50.156,50.937,50.406,0,306,1020,,5480,519,2795,1772,0.5,729
1906.2,2026-08-05T02:51:26.341578+00:00,51.031,50,51.031,50.531,0,306,1020,,5480,519,2795,1772,0.2,729
1907.2,2026-08-05T02:51:27.347724+00:00,50.875,50.406,50.875,50.5,0,306,1020,,5480,519,2795,1772,0.2,729
1908.2,2026-08-05T02:51:28.353396+00:00,50.937,50.031,50.937,50.593,0,306,1020,,5480,519,2795,1772,0.7,729
1909.2,2026-08-05T02:51:29.359173+00:00,50.906,50.125,50.906,50.687,0,306,1020,,5471,519,2795,1772,0.5,729
1910.2,2026-08-05T02:51:30.364806+00:00,50.906,50.437,50.906,50.437,0,306,1020,,5471,519,2795,1772,0.2,729
1911.2,2026-08-05T02:51:31.370959+00:00,50.875,50.031,50.875,50.531,0,306,1020,,5471,519,2795,1772,0.3,729
1912.2,2026-08-05T02:51:32.376256+00:00,50.968,50.281,51.156,50.5,0,306,1020,,5760,599,2915,1772,0.3,729
1913.2,2026-08-05T02:51:33.382305+00:00,51.218,50.062,51.218,50.656,0,306,1020,,5471,519,2795,1772,0.2,729
1914.2,2026-08-05T02:51:34.387905+00:00,51.218,50.062,51.218,50.625,0,306,1020,,5471,519,2795,1772,0.2,729
1915.2,2026-08-05T02:51:35.393623+00:00,51.218,50.312,51.218,50.468,0,306,1020,,5480,519,2795,1772,0.7,729
1916.3,2026-08-05T02:51:36.398992+00:00,51.218,50.062,51.218,50.468,0,306,1020,,5480,519,2795,1772,0.3,729
1917.3,2026-08-05T02:51:37.404633+00:00,51.218,50.343,51.218,50.468,0,306,1020,,5480,519,2795,1772,0.3,729
1918.3,2026-08-05T02:51:38.410359+00:00,51.218,50.031,51.218,50.656,0,306,1020,,5471,519,2795,1772,0.2,729
1919.3,2026-08-05T02:51:39.416303+00:00,50.968,50.125,50.968,50.625,0,306,1020,,5520,519,2795,1772,0.2,729
1920.3,2026-08-05T02:51:40.421970+00:00,50.968,50.343,50.968,50.531,0,306,1020,,5480,519,2795,1772,0.5,729
1921.3,2026-08-05T02:51:41.427934+00:00,50.968,50.062,50.968,50.468,0,306,1020,,5480,519,2795,1772,0.2,729
1922.3,2026-08-05T02:51:42.433542+00:00,51.062,50.093,51.062,50.468,0,306,1020,,5480,519,2795,1772,0.5,729
1923.3,2026-08-05T02:51:43.439490+00:00,50.968,49.968,50.968,50.562,0,306,1020,,5480,519,2795,1772,0.2,729
1924.3,2026-08-05T02:51:44.445069+00:00,51.062,50,51.062,50.625,0,306,1020,,5480,519,2795,1772,0.7,729
1925.3,2026-08-05T02:51:45.450713+00:00,51.281,50.25,51.281,50.437,0,306,1020,,5480,519,2795,1773,0.2,729
1926.3,2026-08-05T02:51:46.456756+00:00,51.437,50,51.437,50.468,0,306,1020,,5480,519,2795,1772,0.2,729
1927.3,2026-08-05T02:51:47.462467+00:00,50.875,50.125,50.875,50.562,0,306,1020,,5480,519,2795,1772,0.7,729
1928.3,2026-08-05T02:51:48.468357+00:00,50.875,50.031,50.875,50.531,0,306,1020,,5480,519,2795,1772,0.2,729
1929.3,2026-08-05T02:51:49.473710+00:00,50.812,50.062,50.812,50.437,0,306,1020,,5480,519,2795,1772,0.2,729
1930.3,2026-08-05T02:51:50.479900+00:00,50.875,50.187,50.875,50.468,0,306,1020,,5471,519,2795,1772,0.5,729
1931.3,2026-08-05T02:51:51.485571+00:00,51.031,49.968,51.031,50.468,0,306,1020,,5480,519,2795,1772,0.5,729
1932.3,2026-08-05T02:51:52.491227+00:00,51.062,50.031,51.062,50.562,0,306,1020,,5480,519,2795,1772,0.3,729
1933.4,2026-08-05T02:51:53.496918+00:00,51.031,49.968,51.031,50.593,0,306,1020,,5480,519,2795,1772,0.2,729
1934.4,2026-08-05T02:51:54.502304+00:00,51.156,50,51.156,50.375,0,306,1020,,5520,519,2795,1772,0.3,729
1935.4,2026-08-05T02:51:55.508503+00:00,51.031,50.187,51.031,50.468,0,306,1020,,5480,519,2795,1772,0.2,729
1936.4,2026-08-05T02:51:56.514259+00:00,51.156,49.968,51.156,50.437,0,306,1020,,5480,519,2795,1772,0.3,729
1937.4,2026-08-05T02:51:57.519958+00:00,51.156,50.062,50.906,50.562,0,306,1020,,5480,519,2795,1772,0.3,729
1938.4,2026-08-05T02:51:58.525803+00:00,50.906,50,50.906,50.593,0,306,1020,,5480,519,2795,1772,0.3,729
1939.4,2026-08-05T02:51:59.531321+00:00,51,50.062,51,50.437,0,306,1020,,5480,519,2795,1772,0.2,729
1940.4,2026-08-05T02:52:00.537025+00:00,50.875,50.156,50.875,50.468,0,306,1020,,5480,519,2795,1772,0.3,729
1941.4,2026-08-05T02:52:01.543042+00:00,50.968,50,50.968,50.468,0,306,1020,,5480,519,2795,1772,0.5,729
1942.4,2026-08-05T02:52:02.548605+00:00,50.875,50,50.875,50.5,0,306,1020,,5480,519,2795,1772,0.3,729
1943.4,2026-08-05T02:52:03.554902+00:00,51.187,49.968,51.187,50.531,0,306,1020,,5480,479,2795,1772,0.3,729
1944.4,2026-08-05T02:52:04.560323+00:00,51.218,50.062,51.218,50.406,0,306,1020,,5480,519,2795,1772,0.5,729
1945.4,2026-08-05T02:52:05.566071+00:00,51.218,50.187,51.218,50.437,0,306,1020,,5471,479,2795,1772,0.5,729
1946.4,2026-08-05T02:52:06.571959+00:00,51.25,49.968,51.25,50.5,0,306,1020,,5471,479,2795,1772,0.2,729
1947.4,2026-08-05T02:52:07.577540+00:00,51.312,50.25,51.312,50.468,0,306,1020,,5471,519,2795,1772,0.3,729
1948.4,2026-08-05T02:52:08.583381+00:00,51.281,49.968,51.281,50.531,0,306,1020,,5480,519,2795,1772,0.5,729
1949.4,2026-08-05T02:52:09.589109+00:00,51.406,50,51.093,50.468,0,306,1020,,5480,519,2795,1772,0.3,729
1950.5,2026-08-05T02:52:10.594405+00:00,50.968,50.25,50.968,50.468,0,306,1020,,5480,519,2795,1772,0.3,729
1951.5,2026-08-05T02:52:11.600349+00:00,51,49.968,51,50.593,0,306,1020,,5480,519,2795,1772,0.0,729
1952.5,2026-08-05T02:52:12.606159+00:00,51,49.968,51,50.468,0,306,1020,,5480,519,2795,1772,0.5,729
1953.5,2026-08-05T02:52:13.611641+00:00,51.031,50.093,51.031,50.625,0,306,1020,,5480,519,2795,1772,0.3,729
1954.5,2026-08-05T02:52:14.617636+00:00,51.031,50.031,51.031,50.468,0,306,1020,,5480,519,2795,1772,0.7,729
1955.5,2026-08-05T02:52:15.623358+00:00,51.062,50.156,51.062,50.562,0,306,1020,,5480,479,2795,1772,0.2,729
1956.5,2026-08-05T02:52:16.628973+00:00,50.906,49.937,50.906,50.468,0,306,1020,,5480,519,2795,1772,0.7,729
1957.5,2026-08-05T02:52:17.634603+00:00,50.875,50.218,50.875,50.5,0,306,1020,,5480,519,2795,1772,0.5,729
1958.5,2026-08-05T02:52:18.640393+00:00,50.906,50.093,50.906,50.562,0,306,1020,,5480,519,2795,1772,0.3,729
1959.5,2026-08-05T02:52:19.646205+00:00,50.875,50.062,50.875,50.468,0,306,1020,,5480,519,2755,1772,0.2,729
1960.5,2026-08-05T02:52:20.651766+00:00,50.968,50.187,50.968,50.468,0,306,1020,,5480,519,2755,1772,0.5,729
1961.5,2026-08-05T02:52:21.657576+00:00,50.906,49.968,50.906,50.5,0,306,1020,,5480,519,2755,1772,0.5,729
1962.5,2026-08-05T02:52:22.663992+00:00,51.218,50.031,51.218,50.593,0,306,1020,,5480,519,2755,1772,0.7,729
1963.5,2026-08-05T02:52:23.670006+00:00,51.25,50.125,51.25,50.625,0,306,1020,,5480,519,2755,1772,0.5,729
1964.5,2026-08-05T02:52:24.675947+00:00,51.187,50.281,51.187,50.5,0,306,1020,,5480,519,2795,1772,0.2,729
1965.5,2026-08-05T02:52:25.681872+00:00,51.156,50.125,51.156,50.5,0,306,1020,,5480,519,2795,1772,0.7,729
1966.5,2026-08-05T02:52:26.687758+00:00,50.968,49.937,50.968,50.468,0,306,1020,,5480,479,2755,1773,0.2,729
1967.5,2026-08-05T02:52:27.693257+00:00,50.875,50,50.875,50.531,0,306,1020,,5480,519,2795,1773,0.3,729
1968.6,2026-08-05T02:52:28.699131+00:00,50.937,50.125,50.937,50.406,0,306,1020,,5480,519,2755,1772,0.3,729
1969.6,2026-08-05T02:52:29.705173+00:00,51,50.218,51,50.468,0,306,1020,,5480,519,2795,1772,0.3,729
1970.6,2026-08-05T02:52:30.710975+00:00,50.968,50.125,50.968,50.468,0,306,1020,,5471,519,2795,1772,0.3,729
1971.6,2026-08-05T02:52:31.716486+00:00,50.937,49.968,50.937,50.5,0,306,1020,,5480,519,2795,1772,0.3,729
1972.6,2026-08-05T02:52:32.722353+00:00,51.343,49.968,51.343,50.468,0,306,1020,,5480,519,2795,1772,0.3,729
1973.6,2026-08-05T02:52:33.728119+00:00,51.343,50.218,51.343,50.437,0,306,1020,,5480,519,2755,1772,0.3,729
1974.6,2026-08-05T02:52:34.733998+00:00,51.343,50.187,51.343,50.468,0,306,1020,,5480,519,2755,1772,0.5,729
1975.6,2026-08-05T02:52:35.739841+00:00,50.937,50.093,50.937,50.468,0,306,1020,,5480,519,2755,1772,0.2,729
1976.6,2026-08-05T02:52:36.745517+00:00,50.906,49.968,50.906,50.468,0,306,1020,,5480,519,2755,1772,0.2,729
1977.6,2026-08-05T02:52:37.751239+00:00,50.812,50,50.812,50.562,0,306,1020,,5480,519,2755,1772,0.5,729
1978.6,2026-08-05T02:52:38.756672+00:00,51.093,50.125,51.093,50.437,0,306,1020,,5480,519,2755,1772,0.5,729
1979.6,2026-08-05T02:52:39.762868+00:00,50.968,50.312,50.968,50.468,0,306,1020,,5520,519,2795,1772,0.2,729
1980.6,2026-08-05T02:52:40.769844+00:00,51.156,50.062,51.156,50.593,0,306,1020,,5480,519,2795,1773,1.7,729
1981.6,2026-08-05T02:52:41.775442+00:00,51.062,50.031,51.062,50.5,0,306,1020,,5480,519,2795,1773,0.3,729
1982.6,2026-08-05T02:52:42.781192+00:00,51.062,50.062,50.812,50.531,0,306,1020,,5480,519,2795,1773,0.5,729
1983.6,2026-08-05T02:52:43.786965+00:00,50.843,50.093,50.843,50.437,0,306,1020,,5471,519,2755,1773,0.5,729
1984.6,2026-08-05T02:52:44.792470+00:00,50.875,50.281,50.875,50.5,0,306,1020,,5480,519,2755,1773,0.2,729
1985.7,2026-08-05T02:52:45.798216+00:00,50.875,50.031,50.875,50.531,0,306,1020,,5480,519,2755,1773,0.5,729
1986.7,2026-08-05T02:52:46.804332+00:00,50.937,50.062,50.937,50.531,0,306,1020,,5480,519,2755,1773,0.5,729
1987.7,2026-08-05T02:52:47.810169+00:00,50.875,49.968,50.875,50.593,0,306,1020,,5480,519,2795,1773,0.3,729
1988.7,2026-08-05T02:52:48.815846+00:00,51.218,50.031,51.218,50.468,0,306,1020,,5480,519,2795,1773,0.3,729
1989.7,2026-08-05T02:52:49.821943+00:00,51.187,50.312,51.187,50.5,0,306,1020,,5480,519,2795,1773,0.5,729
1990.7,2026-08-05T02:52:50.827591+00:00,51.218,49.968,51.218,50.468,0,306,1020,,5471,519,2795,1773,0.2,729
1991.7,2026-08-05T02:52:51.833333+00:00,51.218,50.062,51.218,50.562,0,306,1020,,5471,519,2795,1773,0.3,729
1992.7,2026-08-05T02:52:52.838779+00:00,51.218,49.968,51.218,50.468,0,306,1020,,5471,519,2755,1773,0.7,729
1993.7,2026-08-05T02:52:53.844754+00:00,51.343,50.125,51.343,50.5,0,306,1020,,5480,519,2795,1773,0.3,729
1994.7,2026-08-05T02:52:54.850535+00:00,51.031,50.281,51.031,50.468,0,306,1020,,5511,519,2795,1773,0.3,729
1995.7,2026-08-05T02:52:55.856268+00:00,51,49.968,51,50.468,0,306,1020,,5480,519,2795,1773,0.2,729
1996.7,2026-08-05T02:52:56.862689+00:00,51.062,50.125,51.062,50.593,0,306,1020,,5480,519,2795,1773,0.2,729
1997.7,2026-08-05T02:52:57.868892+00:00,51,50.156,51,50.468,0,306,1020,,5471,519,2755,1773,0.3,729
1998.7,2026-08-05T02:52:58.874807+00:00,51.343,50.031,51.343,50.468,0,306,1020,,5520,519,2795,1773,0.5,729
1999.7,2026-08-05T02:52:59.880887+00:00,50.875,50.281,50.875,50.5,0,306,1020,,5480,519,2755,1773,0.3,729
2000.7,2026-08-05T02:53:00.887493+00:00,50.875,49.968,50.875,50.5,0,306,1020,,5471,519,2795,1773,0.3,729
2001.7,2026-08-05T02:53:01.893350+00:00,50.875,50.093,50.875,50.625,0,306,1020,,5480,519,2795,1773,0.5,729
2002.8,2026-08-05T02:53:02.899928+00:00,51.093,50.187,51.093,50.531,0,306,1020,,5480,519,2795,1773,0.3,729
2003.8,2026-08-05T02:53:03.905706+00:00,51.125,49.968,51.125,50.562,0,306,1020,,5480,519,2755,1773,0.2,729
2004.8,2026-08-05T02:53:04.911365+00:00,51,50.25,51,50.468,0,306,1020,,5471,519,2795,1773,0.3,729
2005.8,2026-08-05T02:53:05.917814+00:00,51.062,50.156,50.937,50.593,0,306,1020,,5471,479,2795,1773,0.3,729
2006.8,2026-08-05T02:53:06.924497+00:00,50.875,50.312,50.875,50.437,0,306,1020,,5431,519,2795,1773,0.0,729
2007.8,2026-08-05T02:53:07.930101+00:00,50.906,50.125,50.906,50.5,0,306,1020,,5440,479,2755,1773,0.5,729
2008.8,2026-08-05T02:53:08.936013+00:00,50.906,49.968,50.906,50.562,0,306,1020,,5480,519,2755,1773,0.5,729
2009.8,2026-08-05T02:53:09.942683+00:00,50.906,50.062,50.906,50.656,0,306,1020,,5520,519,2795,1773,0.8,729
2010.8,2026-08-05T02:53:10.948552+00:00,51.156,50.156,51.156,50.562,0,306,1020,,5471,519,2795,1773,0.5,729
2011.8,2026-08-05T02:53:11.954338+00:00,51.062,50.281,51.062,50.437,0,306,1020,,5431,479,2795,1773,0.3,729
2012.8,2026-08-05T02:53:12.959854+00:00,51.187,50.125,51.187,50.593,0,306,1020,,5480,519,2755,1773,0.2,729
2013.8,2026-08-05T02:53:13.965653+00:00,51.218,49.968,51.218,50.562,0,306,1020,,5471,519,2755,1773,0.3,729
2014.8,2026-08-05T02:53:14.971468+00:00,51.218,50.062,51.062,50.656,0,306,1020,,5480,519,2755,1773,0.2,729
2015.8,2026-08-05T02:53:15.977286+00:00,50.906,50.125,50.906,50.531,0,306,1020,,5471,519,2755,1773,0.7,729
2016.8,2026-08-05T02:53:16.983088+00:00,51,50.343,51,50.5,0,306,1020,,5591,559,2835,1773,0.2,729
2017.8,2026-08-05T02:53:17.988728+00:00,51.031,50.062,51.031,50.5,0,306,1020,,5471,519,2795,1773,0.3,729
2018.9,2026-08-05T02:53:18.994529+00:00,50.937,50.312,50.937,50.562,0,306,1020,,5480,479,2795,1773,0.5,729
2019.9,2026-08-05T02:53:20.000231+00:00,50.968,50.031,50.968,50.656,0,306,1020,,5480,479,2755,1773,0.5,729
2020.9,2026-08-05T02:53:21.006148+00:00,51.25,50.062,51.25,50.468,0,306,1020,,5471,519,2795,1773,0.3,729
2021.9,2026-08-05T02:53:22.012157+00:00,51.343,50.25,51.343,50.562,0,306,1020,,5431,479,2755,1773,0.5,729
2022.9,2026-08-05T02:53:23.017576+00:00,51.281,50.031,51.281,50.562,0,306,1020,,5440,479,2795,1773,0.5,729
2023.9,2026-08-05T02:53:24.023167+00:00,51.406,50.375,51.406,50.562,0,306,1020,,5431,479,2755,1773,0.2,729
2024.9,2026-08-05T02:53:25.029392+00:00,50.906,49.968,50.906,50.593,0,306,1020,,5520,519,2795,1773,0.3,729
2025.9,2026-08-05T02:53:26.034890+00:00,50.875,50.093,50.875,50.437,0,306,1020,,5480,519,2795,1773,0.3,729
2026.9,2026-08-05T02:53:27.040867+00:00,51.125,50.375,51.125,50.5,0,306,1020,,5471,519,2755,1773,0.2,729
2027.9,2026-08-05T02:53:28.046389+00:00,51.125,50.031,51.125,50.468,0,306,1020,,5480,519,2755,1773,0.3,729
2028.9,2026-08-05T02:53:29.052265+00:00,51.125,50,51.125,50.5,0,306,1020,,5471,519,2755,1773,0.5,729
2029.9,2026-08-05T02:53:30.058067+00:00,51.125,49.968,51.125,50.562,0,306,1020,,5440,479,2755,1773,0.0,729
2030.9,2026-08-05T02:53:31.063744+00:00,51.093,50.062,51.093,50.531,0,306,1020,,5440,519,2755,1773,0.7,729
2031.9,2026-08-05T02:53:32.069598+00:00,51.187,50.25,51.187,50.468,0,306,1020,,5560,519,2795,1773,0.3,729
2032.9,2026-08-05T02:53:33.075287+00:00,51.156,50.062,51.156,50.593,0,306,1020,,5480,519,2795,1773,0.2,729
2033.9,2026-08-05T02:53:34.080747+00:00,50.937,50.093,50.937,50.562,0,306,1020,,5480,519,2755,1773,0.3,729
2034.9,2026-08-05T02:53:35.086743+00:00,51.031,49.968,51.031,50.687,0,306,1020,,5480,519,2755,1773,0.2,729
2035.9,2026-08-05T02:53:36.092489+00:00,50.937,50.125,50.937,50.468,0,306,1020,,5480,519,2755,1773,0.3,729
2037.0,2026-08-05T02:53:37.098017+00:00,50.968,50.281,50.968,50.468,0,306,1020,,5480,519,2755,1773,0.3,729
2038.0,2026-08-05T02:53:38.104121+00:00,50.937,50,50.937,50.531,0,306,1020,,5480,519,2755,1773,0.5,729
2039.0,2026-08-05T02:53:39.109876+00:00,51.25,50,51.25,50.5,0,306,1020,,5480,519,2755,1773,0.0,729
2040.0,2026-08-05T02:53:40.115993+00:00,51.218,50,51.218,50.562,0,306,1020,,5480,519,2795,1773,0.5,729
2041.0,2026-08-05T02:53:41.121725+00:00,51.218,50.031,51.218,50.468,0,306,1020,,5431,479,2755,1773,0.5,729
2042.0,2026-08-05T02:53:42.127903+00:00,51.281,50.281,51.281,50.5,0,306,1020,,5440,479,2755,1773,0.0,729
2043.0,2026-08-05T02:53:43.133355+00:00,51.312,49.968,51.312,50.531,0,306,1020,,5471,519,2755,1773,0.7,729
2044.0,2026-08-05T02:53:44.139378+00:00,51,50.062,51,50.468,0,306,1020,,5431,479,2755,1773,0.2,729
2045.0,2026-08-05T02:53:45.145330+00:00,51,50.125,51,50.687,0,306,1020,,5440,479,2795,1773,0.2,729
2046.0,2026-08-05T02:53:46.151506+00:00,50.906,50.125,50.906,50.468,0,306,1020,,5480,479,2795,1773,0.2,729
2047.0,2026-08-05T02:53:47.157956+00:00,51,50.187,51,50.5,0,306,1020,,5480,519,2795,1773,0.2,729
2048.0,2026-08-05T02:53:48.164119+00:00,51.437,49.968,51.437,50.593,0,306,1020,,5480,479,2795,1773,0.3,729
2049.0,2026-08-05T02:53:49.170530+00:00,51.375,50,51.375,50.5,0,306,1020,,5480,519,2795,1773,0.5,729
2050.0,2026-08-05T02:53:50.176701+00:00,50.906,50.187,50.906,50.468,0,306,1020,,5480,479,2795,1773,0.2,729
2051.0,2026-08-05T02:53:51.182921+00:00,51,50.437,51,50.531,0,306,1020,,5440,479,2795,1773,0.3,729
2052.0,2026-08-05T02:53:52.189135+00:00,51.093,50.031,51.093,50.593,0,306,1020,,5480,519,2795,1773,0.2,729
2053.1,2026-08-05T02:53:53.195488+00:00,51.156,50.156,51.156,50.656,0,306,1020,,5480,519,2795,1773,0.0,729
2054.1,2026-08-05T02:53:54.201944+00:00,51.062,50.25,51.062,50.468,0,306,1020,,5471,519,2795,1773,0.5,729
2055.1,2026-08-05T02:53:55.208278+00:00,50.875,50.125,50.875,50.531,0,306,1020,,5480,519,2795,1773,0.3,729
2056.1,2026-08-05T02:53:56.214206+00:00,50.937,50.437,50.937,50.593,0,306,1020,,5480,519,2795,1773,0.3,729
2057.1,2026-08-05T02:53:57.219984+00:00,50.968,50.031,50.968,50.687,0,306,1020,,5480,519,2795,1773,0.2,729
2058.1,2026-08-05T02:53:58.225910+00:00,51,50.125,51,50.468,0,306,1020,,5480,519,2795,1773,0.5,729
2059.1,2026-08-05T02:53:59.231800+00:00,51.125,50.375,51.125,50.562,0,306,1020,,5480,519,2795,1773,0.2,729
2060.1,2026-08-05T02:54:00.238770+00:00,51.156,50,51.156,50.437,0,306,1020,,5480,519,2795,1773,0.3,729
2061.1,2026-08-05T02:54:01.243704+00:00,51.218,50.343,51.218,50.531,0,306,1020,,5480,519,2795,1773,0.3,729
2062.1,2026-08-05T02:54:02.249702+00:00,51.125,50.062,51.125,50.718,0,306,1020,,5480,519,2795,1773,0.5,729
2063.1,2026-08-05T02:54:03.255375+00:00,51.218,50.062,50.968,50.468,0,306,1020,,5480,519,2795,1773,0.2,729
2064.1,2026-08-05T02:54:04.261137+00:00,50.937,50.281,50.937,50.468,0,306,1020,,5480,479,2795,1773,0.2,729
2065.1,2026-08-05T02:54:05.267000+00:00,51,50,51,50.5,0,306,1020,,5480,519,2795,1773,0.5,729
2066.1,2026-08-05T02:54:06.272527+00:00,50.937,49.968,50.937,50.593,0,306,1020,,5471,479,2795,1773,0.3,729
2067.1,2026-08-05T02:54:07.278288+00:00,51,50.031,51,50.625,0,306,1020,,5431,479,2795,1773,0.2,729
2068.1,2026-08-05T02:54:08.284007+00:00,51,50.125,51,50.5,0,306,1020,,5471,479,2795,1773,0.5,729
2069.1,2026-08-05T02:54:09.289956+00:00,51.25,50.281,51.25,50.531,0,306,1020,,5471,479,2795,1773,0.2,729
2070.2,2026-08-05T02:54:10.295667+00:00,51.218,49.968,51.218,50.656,0,306,1020,,5471,479,2795,1773,0.2,729
2071.2,2026-08-05T02:54:11.301367+00:00,51.312,49.968,51.312,50.562,0,306,1020,,5471,479,2795,1773,0.5,729
2072.2,2026-08-05T02:54:12.307034+00:00,51.343,50.062,51.343,50.562,0,306,1020,,5440,479,2795,1773,0.0,729
2073.2,2026-08-05T02:54:13.312738+00:00,51.312,50.062,51.312,50.531,0,306,1020,,5471,519,2795,1773,0.3,729
2074.2,2026-08-05T02:54:14.318460+00:00,50.812,50.218,50.812,50.5,0,306,1020,,5471,519,2795,1773,0.5,729
2075.2,2026-08-05T02:54:15.324147+00:00,50.843,49.968,50.843,50.593,0,306,1020,,5480,479,2795,1773,0.0,729
2076.2,2026-08-05T02:54:16.330063+00:00,51.093,50,51.093,50.5,0,306,1020,,5471,479,2795,1773,0.2,729
2077.2,2026-08-05T02:54:17.335723+00:00,51.093,50.031,51.093,50.562,0,306,1020,,5471,519,2795,1773,0.5,729
2078.2,2026-08-05T02:54:18.341264+00:00,51.062,50.187,51.062,50.468,0,306,1020,,5480,519,2795,1773,0.3,729
2079.2,2026-08-05T02:54:19.347061+00:00,51.062,50.25,51.062,50.437,0,306,1020,,5480,479,2795,1773,0.8,729
2080.2,2026-08-05T02:54:20.352572+00:00,51.031,49.968,51.031,50.593,0,306,1020,,5480,519,2795,1773,0.2,729
2081.2,2026-08-05T02:54:21.358909+00:00,51.156,50.031,51.156,50.593,0,306,1020,,5471,519,2795,1773,0.3,729
2082.2,2026-08-05T02:54:22.364623+00:00,50.906,50.156,50.906,50.718,0,306,1020,,5471,479,2795,1773,0.5,729
2083.2,2026-08-05T02:54:23.371373+00:00,51.031,49.968,51.031,50.375,0,306,1020,,5471,519,2795,1773,0.7,729
2084.2,2026-08-05T02:54:24.376828+00:00,50.937,50.156,50.937,50.562,0,306,1020,,5471,519,2795,1773,0.5,729
2085.2,2026-08-05T02:54:25.382386+00:00,50.937,50,50.937,50.593,0,306,1020,,5480,519,2795,1773,0.5,729
2086.2,2026-08-05T02:54:26.388102+00:00,50.875,50.031,50.875,50.625,0,306,1020,,5480,519,2795,1773,0.3,729
2087.2,2026-08-05T02:54:27.393846+00:00,51.156,50.093,51.156,50.593,0,306,1020,,5480,519,2795,1773,0.3,729
2088.3,2026-08-05T02:54:28.399460+00:00,51.156,50.093,51.156,50.5,0,306,1020,,5471,519,2795,1773,0.3,729
2089.3,2026-08-05T02:54:29.405128+00:00,51.187,50.25,51.187,50.531,0,306,1020,,5471,519,2795,1773,0.5,729
2090.3,2026-08-05T02:54:30.410783+00:00,51.218,49.968,51.218,50.5,0,306,1020,,5480,519,2795,1773,0.3,729
2091.3,2026-08-05T02:54:31.416582+00:00,51.312,50.062,51.312,50.593,0,306,1020,,5480,519,2795,1773,0.2,729
2092.3,2026-08-05T02:54:32.422240+00:00,51.281,50.093,51.281,50.625,0,306,1020,,5480,519,2795,1773,0.2,729
2093.3,2026-08-05T02:54:33.428030+00:00,51.031,50.031,51.031,50.468,0,306,1020,,5480,519,2795,1773,0.3,729
2094.3,2026-08-05T02:54:34.433643+00:00,51,50.218,51,50.531,0,306,1020,,5480,519,2795,1773,0.3,729
2095.3,2026-08-05T02:54:35.439318+00:00,51.031,50,51.031,50.468,0,306,1020,,5480,519,2795,1773,0.3,729
2096.3,2026-08-05T02:54:36.444952+00:00,51.031,50.125,51.031,50.531,0,306,1020,,5480,519,2795,1773,0.2,729
2097.3,2026-08-05T02:54:37.450558+00:00,51,50.156,51,50.593,0,306,1020,,5471,519,2795,1773,0.3,729
2098.3,2026-08-05T02:54:38.456170+00:00,50.968,50.031,50.968,50.5,0,306,1020,,5471,519,2795,1773,0.3,729
2099.3,2026-08-05T02:54:39.461925+00:00,51.062,50.187,51.062,50.437,0,306,1020,,5520,519,2795,1773,0.2,729
2100.3,2026-08-05T02:54:40.467690+00:00,50.937,49.968,50.937,50.531,0,306,1020,,5480,519,2795,1773,0.3,729
2101.3,2026-08-05T02:54:41.473326+00:00,50.937,50.062,50.937,50.562,0,306,1020,,5480,519,2755,1773,0.5,729
2102.3,2026-08-05T02:54:42.479085+00:00,50.875,50.125,50.875,50.718,0,306,1020,,5480,519,2795,1773,0.0,729
2103.3,2026-08-05T02:54:43.484970+00:00,50.937,50.125,50.937,50.531,0,306,1020,,5480,519,2795,1773,0.3,729
2104.3,2026-08-05T02:54:44.490638+00:00,50.812,50.218,50.812,50.468,0,306,1020,,5480,519,2795,1773,0.5,729
2105.4,2026-08-05T02:54:45.496298+00:00,50.875,49.968,50.875,50.5,0,306,1020,,5480,519,2795,1773,0.3,729
2106.4,2026-08-05T02:54:46.501904+00:00,51.125,50,51.125,50.562,0,306,1020,,5480,519,2795,1773,0.2,729
2107.4,2026-08-05T02:54:47.507594+00:00,51.062,50.093,51.062,50.593,0,306,1020,,5471,519,2795,1773,0.3,729
2108.4,2026-08-05T02:54:48.513212+00:00,51.062,50,51.062,50.5,0,306,1020,,5471,519,2795,1773,0.5,729
2109.4,2026-08-05T02:54:49.519005+00:00,51.187,50.156,51.187,50.468,0,306,1020,,5471,519,2755,1773,0.3,729
2110.4,2026-08-05T02:54:50.524976+00:00,51.093,50,51.093,50.531,0,306,1020,,5480,479,2755,1773,0.5,729
2111.4,2026-08-05T02:54:51.530552+00:00,51.156,50.031,51.156,50.468,0,306,1020,,5480,519,2795,1773,0.2,729
2112.4,2026-08-05T02:54:52.536113+00:00,51.25,50.093,51.25,50.687,0,306,1020,,5480,519,2755,1773,0.3,729
2113.4,2026-08-05T02:54:53.541696+00:00,50.968,50.125,50.968,50.468,0,306,1020,,5480,519,2795,1773,0.3,729
2114.4,2026-08-05T02:54:54.547493+00:00,50.968,50.187,50.968,50.5,0,306,1020,,5480,519,2795,1773,0.8,729
2115.4,2026-08-05T02:54:55.553141+00:00,50.968,49.968,50.968,50.5,0,306,1020,,5480,519,2795,1773,1.2,729
2116.4,2026-08-05T02:54:56.559577+00:00,50.968,50.031,50.968,50.656,0,306,1020,,5480,519,2795,1773,1.2,729
2117.4,2026-08-05T02:54:57.565986+00:00,51.218,50.093,51.218,50.5,0,306,1020,,5480,519,2755,1773,1.0,729
2118.4,2026-08-05T02:54:58.572356+00:00,51.25,50.343,51.25,50.468,0,306,1020,,5480,519,2795,1773,1.0,729
2119.4,2026-08-05T02:54:59.578733+00:00,51.343,50.125,51.343,50.5,0,306,1020,,5480,519,2795,1773,1.2,729
2120.4,2026-08-05T02:55:00.584915+00:00,51.343,50,51.343,50.656,0,306,1020,,5480,479,2795,1773,0.8,729
2121.4,2026-08-05T02:55:01.591178+00:00,51.093,50.031,51.093,50.687,0,306,1020,,5480,519,2795,1773,1.2,729
2122.5,2026-08-05T02:55:02.596032+00:00,51.218,50.718,51.218,50.562,0,306,1020,,7040,1517,3154,1773,16.0,1728
2123.5,2026-08-05T02:55:03.601051+00:00,51.437,50.906,51.437,50.718,0,306,1020,,7280,1637,3194,1773,16.7,1728
2124.5,2026-08-05T02:55:04.606105+00:00,51.437,50.937,51.437,50.75,0,306,1020,,7320,1677,3194,1773,16.5,1728
2125.5,2026-08-05T02:55:05.611116+00:00,51.5,50.718,51.5,50.718,0,306,1020,,7320,1677,3194,1773,16.7,1728
2126.5,2026-08-05T02:55:06.616711+00:00,51.468,50.781,51.468,50.843,0,306,1020,,7360,1357,3354,1773,16.7,1728
2127.5,2026-08-05T02:55:07.625963+00:00,51.375,50.5,51.375,50.75,0,306,1020,,6200,798,2995,1471,10.8,729
2128.5,2026-08-05T02:55:08.631439+00:00,51.156,50.593,51.156,50.843,0,306,1020,,5520,519,2795,1471,0.2,729
2129.5,2026-08-05T02:55:09.637690+00:00,51.187,50.25,51.187,50.843,0,306,1020,,5471,519,2795,1471,0.0,729
2130.5,2026-08-05T02:55:10.646652+00:00,51.343,50.281,51.343,50.906,0,306,1020,,5471,519,2795,1467,1.7,729
2131.5,2026-08-05T02:55:11.652034+00:00,51.218,50.468,51.218,50.718,0,306,1020,,5431,519,2755,1467,0.3,729
2132.5,2026-08-05T02:55:12.657364+00:00,51.343,50.156,51.343,50.812,0,306,1020,,5440,479,2755,1467,0.2,729
2133.5,2026-08-05T02:55:13.663117+00:00,51.156,50.343,51.156,50.843,0,306,1020,,5431,519,2755,1467,0.0,729
2134.5,2026-08-05T02:55:14.668807+00:00,51.093,50.25,51.093,50.781,0,306,1020,,5440,519,2755,1467,0.3,729
2135.5,2026-08-05T02:55:15.674596+00:00,51.218,50.343,51.218,50.718,0,306,1020,,5440,519,2755,1467,0.2,729
2136.5,2026-08-05T02:55:16.680071+00:00,51.187,50.406,51.187,50.75,0,306,1020,,5440,519,2755,1467,0.2,729
2137.5,2026-08-05T02:55:17.685788+00:00,51.218,50.187,51.218,50.75,0,306,1020,,5431,519,2755,1467,0.2,729
2138.5,2026-08-05T02:55:18.691366+00:00,51.187,50.437,51.187,50.75,0,306,1020,,5440,519,2755,1467,0.0,729
2139.6,2026-08-05T02:55:19.697177+00:00,51.187,50.187,51.187,50.875,0,306,1020,,5431,519,2755,1467,0.2,729
2140.6,2026-08-05T02:55:20.702889+00:00,51.468,50.312,51.468,50.718,0,306,1020,,5431,519,2755,1467,0.2,729
2141.6,2026-08-05T02:55:21.708641+00:00,51.437,50.406,51.437,50.656,0,306,1020,,5431,519,2755,1467,0.0,729
2142.6,2026-08-05T02:55:22.714128+00:00,51.437,50.25,51.437,50.718,0,306,1020,,5431,519,2755,1467,0.0,729
2143.6,2026-08-05T02:55:23.719731+00:00,51.593,50.5,51.593,50.718,0,306,1020,,5431,519,2755,1467,0.0,729
2144.6,2026-08-05T02:55:24.725255+00:00,51.531,50.218,51.531,50.875,0,306,1020,,5431,519,2795,1467,0.0,729
2145.6,2026-08-05T02:55:25.731576+00:00,51.593,50.437,51.593,50.687,0,306,1020,,5680,638,2795,1469,3.5,1267
2146.6,2026-08-05T02:55:26.739869+00:00,51.343,50.625,51.343,50.812,0,306,1020,,5920,758,2835,1473,15.0,729
2147.6,2026-08-05T02:55:27.748526+00:00,51.562,50.218,51.562,50.875,0,306,1020,,5560,559,2795,1474,6.2,729
2148.6,2026-08-05T02:55:28.754845+00:00,51.093,50.218,51.093,50.781,0,306,1020,,5440,519,2755,1474,0.2,729
2149.6,2026-08-05T02:55:29.760817+00:00,51.312,50.343,51.312,50.843,0,306,1020,,5440,479,2755,1474,0.2,729
2150.6,2026-08-05T02:55:30.766979+00:00,51.281,50.562,51.281,50.781,0,306,1020,,5440,479,2755,1474,0.2,729
2151.6,2026-08-05T02:55:31.772819+00:00,51.281,50.218,51.281,50.843,0,306,1020,,5431,479,2755,1474,0.2,729
2152.6,2026-08-05T02:55:32.778698+00:00,51.312,50.343,51.312,50.875,0,306,1020,,5431,519,2755,1474,0.2,729
2153.6,2026-08-05T02:55:33.784989+00:00,51.187,50.5,51.187,50.75,0,306,1020,,5431,479,2755,1474,0.0,729
2154.6,2026-08-05T02:55:34.791306+00:00,51.156,50.281,51.156,50.75,0,306,1020,,5440,479,2755,1474,0.0,729
2155.7,2026-08-05T02:55:35.796960+00:00,51.156,50.437,51.156,50.875,0,306,1020,,5431,519,2755,1474,0.2,729
2156.7,2026-08-05T02:55:36.803170+00:00,51.125,50.281,51.125,50.843,0,306,1020,,5431,479,2755,1474,0.2,729
2157.7,2026-08-05T02:55:37.809312+00:00,51.375,50.281,51.375,50.812,0,306,1020,,5431,519,2755,1474,0.3,729
2158.7,2026-08-05T02:55:38.815426+00:00,51.406,50.468,51.406,50.812,0,306,1020,,5431,479,2755,1474,0.0,729
2159.7,2026-08-05T02:55:39.821696+00:00,51.437,50.25,51.437,50.937,0,306,1020,,5431,519,2795,1474,0.2,729
