elapsed_s,timestamp,gpu_temp_c,cpu_temp_c,tj_temp_c,soc0_temp_c,gpu_util_pct,gpu_clock_mhz,gpu_max_mhz,emc_util_pct,vdd_in_mw,vdd_cpu_gpu_cv_mw,vdd_soc_mw,ram_used_mb,cpu_util_mean_pct,cpu_clock_max_mhz
1.0,2026-08-05T04:04:08.363103+00:00,51.25,51,51.25,50.437,0,306,1020,,7440,1597,3234,1686,32.3,1728
2.0,2026-08-05T04:04:09.366770+00:00,51.343,50.656,51.343,50.562,0,306,1020,,7400,1557,3274,1721,16.7,1728
3.0,2026-08-05T04:04:10.372280+00:00,51.312,50.781,51.312,50.593,0,306,1020,,7400,1557,3274,1762,16.7,1728
4.0,2026-08-05T04:04:11.377787+00:00,51.312,50.937,51.312,50.468,0,306,1020,,7480,1517,3314,1806,16.7,1728
5.0,2026-08-05T04:04:12.383084+00:00,51.5,51,51.5,50.562,0,306,1020,,7440,1557,3274,1845,16.7,1728
6.0,2026-08-05T04:04:13.388303+00:00,51.468,51.062,51.468,50.718,0,306,1020,,7360,1557,3234,1853,16.7,1728
7.0,2026-08-05T04:04:14.393696+00:00,51.5,51.031,51.5,50.687,0,306,1020,,7520,1677,3274,1874,22.2,1728
8.1,2026-08-05T04:04:15.402440+00:00,51.281,50.468,51.281,50.812,0,306,1020,,7120,1277,3274,1891,15.2,729
9.1,2026-08-05T04:04:16.409938+00:00,51.218,50.468,51.218,50.656,0,306,1020,,6400,998,2995,1893,7.8,729
10.1,2026-08-05T04:04:17.414340+00:00,51.656,50.937,51.656,50.781,0,306,1020,,7280,1557,3194,2125,15.5,1728
11.1,2026-08-05T04:04:18.419885+00:00,51.687,50.906,51.687,50.843,0,306,1020,,7280,1517,3234,2223,16.7,1728
12.1,2026-08-05T04:04:19.425249+00:00,51.687,50.843,51.687,50.812,0,306,1020,,7080,1397,3194,2223,16.7,1728
13.1,2026-08-05T04:04:20.430763+00:00,51.843,51.093,51.843,50.968,0,306,1020,,7320,1557,3234,2461,16.7,1728
14.1,2026-08-05T04:04:21.436065+00:00,51.875,50.968,51.875,50.843,0,306,1020,,7360,1597,3234,2714,16.7,1728
15.1,2026-08-05T04:04:22.441493+00:00,51.875,51.156,51.875,50.843,0,306,1020,,7400,1637,3234,2911,17.0,1728
16.1,2026-08-05T04:04:23.446756+00:00,51.906,51.093,51.906,51.031,0,306,1020,,7160,1437,3194,2911,16.8,1728
17.1,2026-08-05T04:04:24.452254+00:00,52.031,51.062,52.031,50.968,0,306,1020,,7120,1437,3194,2911,16.7,1728
18.1,2026-08-05T04:04:25.457682+00:00,52.031,51.062,52.031,50.968,0,306,1020,,7160,1437,3194,2911,16.8,1728
19.1,2026-08-05T04:04:26.463015+00:00,52.125,51.125,52.125,50.968,0,306,1020,,7120,1437,3194,2911,16.7,1728
20.1,2026-08-05T04:04:27.468389+00:00,51.687,51.093,51.687,51,0,306,1020,,7120,1437,3194,2911,16.7,1728
21.1,2026-08-05T04:04:28.473739+00:00,51.718,51.312,51.718,51.093,0,306,1020,,7108,1437,3194,2911,16.7,1728
22.1,2026-08-05T04:04:29.479081+00:00,51.687,51.187,51.687,51.062,0,306,1020,,7160,1437,3194,2911,16.7,1728
23.1,2026-08-05T04:04:30.484348+00:00,51.875,51.312,51.875,51.156,0,306,1020,,7120,1437,3194,2911,16.8,1728
24.1,2026-08-05T04:04:31.489831+00:00,51.937,51.156,51.937,51.25,0,306,1020,,7120,1437,3194,2911,16.7,1728
25.2,2026-08-05T04:04:32.495596+00:00,51.875,51.656,51.875,51.156,0,306,1020,,7320,1557,3234,2914,18.2,1728
26.2,2026-08-05T04:04:33.500853+00:00,51.968,51.437,51.968,51.156,0,306,1020,,7160,1437,3234,2916,18.0,1728
27.2,2026-08-05T04:04:34.506190+00:00,51.968,51.406,51.968,51.156,0,306,1020,,7160,1437,3234,2916,16.7,1728
28.2,2026-08-05T04:04:35.511555+00:00,52.093,51.343,52.093,51.156,0,306,1020,,7148,1437,3234,2916,16.7,1728
29.2,2026-08-05T04:04:36.517183+00:00,52.156,51.437,52.156,51.343,0,306,1020,,7348,1597,3234,3006,16.8,1728
30.2,2026-08-05T04:04:37.526484+00:00,51.812,51.25,51.812,51.25,0,306,1020,,6549,1078,3075,3006,12.7,729
31.2,2026-08-05T04:04:38.535010+00:00,51.968,50.875,51.968,51.343,0,306,1020,,5670,638,2835,3008,2.7,729
32.2,2026-08-05T04:04:39.543001+00:00,51.968,50.875,51.687,51.343,0,306,1020,,5790,678,2875,3042,5.3,729
33.2,2026-08-05T04:04:40.547770+00:00,51.875,51.375,51.875,51.187,0,306,1020,,6908,1277,3154,3128,13.2,1728
34.2,2026-08-05T04:04:41.553414+00:00,51.906,51.343,51.906,51.312,0,306,1020,,7240,1477,3234,3128,16.7,1728
35.2,2026-08-05T04:04:42.558820+00:00,52.031,51.531,52.031,51.343,0,306,1020,,7240,1477,3234,3128,16.8,1728
36.2,2026-08-05T04:04:43.564012+00:00,51.968,51.343,51.968,51.375,0,306,1020,,7120,1397,3194,3128,16.7,1728
37.2,2026-08-05T04:04:44.569727+00:00,51.968,51.437,51.968,51.437,0,306,1020,,7120,1397,3194,3128,16.7,1728
38.2,2026-08-05T04:04:45.575298+00:00,52.156,51.562,52.156,51.343,0,306,1020,,7108,1397,3194,3128,16.7,1728
39.2,2026-08-05T04:04:46.584077+00:00,52.218,51.062,52.218,51.437,0,306,1020,,6920,1277,3154,3059,15.3,729
40.2,2026-08-05T04:04:47.588906+00:00,52.5,52.093,52.5,51.437,23,306,1020,,8400,1873,3634,2543,32.7,1728
41.3,2026-08-05T04:04:48.594413+00:00,53.156,51.75,53.156,51.531,99,714,1020,,8092,1760,3485,2889,14.7,1574
42.3,2026-08-05T04:04:49.599740+00:00,52.75,52.375,52.75,51.531,38,306,1020,,8627,2003,3605,3068,15.0,1728
43.3,2026-08-05T04:04:50.605181+00:00,52.968,52.75,52.75,51.687,37,306,1020,,8974,2320,3685,3070,14.8,1728
44.3,2026-08-05T04:04:51.610788+00:00,52.687,52.437,52.687,51.75,40,306,1020,,9214,2400,3685,3070,15.3,1728
45.3,2026-08-05T04:04:52.616177+00:00,52.812,52.812,52.812,51.812,40,306,1020,,9294,2440,3645,3071,15.2,1728
46.3,2026-08-05T04:04:53.621532+00:00,52.906,52.718,52.906,51.937,39,306,1020,,9134,2440,3685,3071,15.3,1728
47.3,2026-08-05T04:04:54.627096+00:00,53,52.906,53,52.031,39,306,1020,,9134,2400,3685,3071,15.7,1728
48.3,2026-08-05T04:04:55.632311+00:00,53.031,52.906,53.031,52.031,39,306,1020,,9014,2400,3685,3071,15.0,1728
49.3,2026-08-05T04:04:56.637674+00:00,53.156,52.968,53.156,51.968,39,306,1020,,9068,2320,3685,3071,15.3,1728
50.3,2026-08-05T04:04:57.643101+00:00,53.218,53.218,53.218,52.187,39,306,1020,,9094,2360,3685,3071,15.3,1728
51.3,2026-08-05T04:04:58.648530+00:00,53.25,52.937,53.25,52.312,40,306,1020,,9094,2400,3645,3071,15.2,1728
52.3,2026-08-05T04:04:59.653885+00:00,53.312,53.093,53.312,52.343,36,306,1020,,9174,2360,3645,3070,15.2,1728
53.3,2026-08-05T04:05:00.659570+00:00,53.343,52.906,53.343,52.343,39,306,1020,,9054,2320,3685,3070,15.2,1728
54.3,2026-08-05T04:05:01.665026+00:00,53.531,52.937,53.281,52.312,36,306,1020,,9054,2360,3645,3070,15.3,1728
55.3,2026-08-05T04:05:02.670454+00:00,53.25,53.093,53.25,52.312,38,306,1020,,9014,2360,3645,3070,15.0,1728
56.3,2026-08-05T04:05:03.676027+00:00,53.375,52.875,53.375,52.562,39,306,1020,,9054,2360,3685,3070,15.3,1728
57.3,2026-08-05T04:05:04.681400+00:00,53.5,53.406,53.5,52.656,38,306,1020,,9094,2400,3685,3070,15.0,1728
58.3,2026-08-05T04:05:05.686765+00:00,53.562,53.062,53.562,52.875,39,306,1020,,9094,2400,3685,3070,15.3,1728
59.3,2026-08-05T04:05:06.692407+00:00,53.593,53.156,53.593,52.718,39,306,1020,,9134,2400,3685,3070,15.5,1728
60.4,2026-08-05T04:05:07.697675+00:00,53.656,53.375,53.656,52.781,36,306,1020,,9134,2400,3685,3070,15.0,1728
61.4,2026-08-05T04:05:08.703448+00:00,53.687,53.218,53.687,52.843,39,306,1020,,9134,2400,3685,3070,15.2,1728
62.4,2026-08-05T04:05:09.708668+00:00,53.718,53.375,53.718,52.906,36,306,1020,,9174,2400,3685,3070,15.3,1728
63.4,2026-08-05T04:05:10.714353+00:00,53.718,53.375,53.718,52.968,39,306,1020,,9134,2440,3685,3070,15.0,1728
64.4,2026-08-05T04:05:11.719898+00:00,54.125,53.437,54.125,52.937,39,306,1020,,9134,2440,3685,3070,15.3,1728
65.4,2026-08-05T04:05:12.725360+00:00,54.25,53.625,54.25,52.968,39,306,1020,,9174,2440,3645,3070,15.0,1728
66.4,2026-08-05T04:05:13.730886+00:00,54.343,53.375,54.343,53.156,37,306,1020,,9214,2440,3685,3070,15.2,1728
67.4,2026-08-05T04:05:14.736335+00:00,53.937,53.843,53.937,53.187,39,306,1020,,9214,2480,3685,3070,15.2,1728
68.4,2026-08-05T04:05:15.741815+00:00,53.906,53.562,53.906,53.25,38,306,1020,,9254,2480,3685,3070,15.3,1728
69.4,2026-08-05T04:05:16.747338+00:00,54.093,53.593,54.093,53.343,38,306,1020,,9254,2480,3685,3070,15.0,1728
70.4,2026-08-05T04:05:17.752855+00:00,54.093,53.812,54.093,53.312,37,306,1020,,9294,2480,3685,3070,15.3,1728
71.4,2026-08-05T04:05:18.758163+00:00,54.125,53.687,54.125,53.25,36,306,1020,,9374,2600,3685,3070,15.5,1728
72.4,2026-08-05T04:05:19.763828+00:00,54.25,53.875,54.25,53.406,36,306,1020,,9334,2520,3685,3070,15.0,1728
73.4,2026-08-05T04:05:20.769081+00:00,54.375,53.812,54.375,53.468,39,306,1020,,9334,2480,3685,3070,15.2,1728
74.4,2026-08-05T04:05:21.774811+00:00,54.5,53.937,54.5,53.656,39,306,1020,,9334,2520,3725,3070,15.3,1728
75.4,2026-08-05T04:05:22.780098+00:00,54.562,54.062,54.562,53.437,39,306,1020,,9374,2560,3725,3070,15.0,1728
76.4,2026-08-05T04:05:23.785622+00:00,54.625,53.968,54.625,53.593,40,306,1020,,9455,2600,3725,3070,15.5,1728
77.4,2026-08-05T04:05:24.791280+00:00,54.625,54.343,54.625,53.593,32,306,1020,,9415,2600,3725,3068,15.0,1728
78.5,2026-08-05T04:05:25.796581+00:00,54.781,54.031,54.781,53.687,28,306,1020,,9455,2640,3720,3068,15.5,1728
79.5,2026-08-05T04:05:26.802194+00:00,54.781,54.25,54.781,53.875,37,306,1020,,9455,2640,3725,3068,15.2,1728
80.5,2026-08-05T04:05:27.807634+00:00,55,54.687,55,53.718,26,306,1020,,10080,3154,3760,3096,26.2,1728
81.5,2026-08-05T04:05:28.813041+00:00,55.093,54.812,55.093,53.718,26,408,1020,,10520,3508,3840,3282,36.5,1728
82.5,2026-08-05T04:05:29.818312+00:00,55.218,54.781,55.218,54,29,408,1020,,10520,3394,3833,3324,31.8,1728
83.5,2026-08-05T04:05:30.823681+00:00,55.031,54.781,55.031,54.031,30,408,1020,,10520,3428,3880,3349,32.0,1728
84.5,2026-08-05T04:05:31.829740+00:00,55,54.25,55,53.968,30,408,1020,,9935,2955,3800,3369,23.7,1728
85.5,2026-08-05T04:05:32.835461+00:00,54.937,54.25,54.937,54,28,408,1020,,9655,2675,3760,3369,15.5,1728
86.5,2026-08-05T04:05:33.841508+00:00,54.968,54.375,54.968,54.031,27,408,1020,,9575,2680,3760,3369,15.3,1728
87.5,2026-08-05T04:05:34.847136+00:00,55.093,54.562,55.093,54.093,27,306,1020,,9575,2680,3760,3373,15.0,1728
88.5,2026-08-05T04:05:35.853005+00:00,55.062,54.312,55.062,54.187,27,306,1020,,9495,2635,3766,3373,15.5,1728
89.5,2026-08-05T04:05:36.859255+00:00,55.5,54.375,55.5,54.25,30,408,1020,,9535,2635,3800,3373,15.5,1728
90.5,2026-08-05T04:05:37.865024+00:00,54.968,54.562,54.968,54.156,30,408,1020,,9495,2635,3760,3373,15.5,1728
91.5,2026-08-05T04:05:38.871048+00:00,55.093,54.593,55.093,54.25,34,306,1020,,9535,2640,3760,3373,15.8,1728
92.5,2026-08-05T04:05:39.876139+00:00,55.093,55.156,55.156,54.375,30,306,1020,,9535,2555,3760,3373,15.5,1728
93.5,2026-08-05T04:05:40.881643+00:00,55.125,54.593,55.125,54.375,39,306,1020,,9415,2560,3766,3373,15.3,1728
94.5,2026-08-05T04:05:41.887302+00:00,55.156,54.687,55.156,54.468,30,306,1020,,9455,2560,3760,3373,15.2,1728
95.5,2026-08-05T04:05:42.892629+00:00,55.5,54.843,55.5,54.406,29,408,1020,,9575,2640,3720,3373,15.2,1728
96.6,2026-08-05T04:05:43.898021+00:00,55.468,54.812,55.468,54.375,31,306,1020,,9535,2640,3760,3373,15.2,1728
97.6,2026-08-05T04:05:44.903564+00:00,55.562,54.875,55.562,54.531,29,306,1020,,9575,2640,3760,3373,15.3,1728
98.6,2026-08-05T04:05:45.908769+00:00,55.562,54.812,55.562,54.531,29,306,1020,,9575,2600,3760,3373,15.5,1728
99.6,2026-08-05T04:05:46.914543+00:00,55.625,54.937,55.625,54.562,39,306,1020,,9495,2600,3760,3373,15.0,1728
100.6,2026-08-05T04:05:47.919762+00:00,55.625,55.375,55.625,54.562,39,306,1020,,9374,2440,3766,3373,14.7,1728
101.6,2026-08-05T04:05:48.927514+00:00,55.75,55.437,55.75,54.593,30,306,1020,,9655,2680,3720,3373,15.2,1728
102.6,2026-08-05T04:05:49.930789+00:00,55.937,55.687,55.937,54.718,30,408,1020,,9575,2760,3760,3373,15.2,1728
103.6,2026-08-05T04:05:50.936257+00:00,55.906,55.406,55.906,54.656,29,408,1020,,9655,2635,3760,3373,15.3,1728
104.6,2026-08-05T04:05:51.941656+00:00,56,55.468,56,54.906,30,306,1020,,9615,2640,3760,3374,15.3,1728
105.6,2026-08-05T04:05:52.947068+00:00,55.593,55.562,55.593,54.843,33,306,1020,,9495,2720,3720,3374,15.3,1728
106.6,2026-08-05T04:05:53.952581+00:00,55.718,55.312,55.718,55,32,306,1020,,9535,2680,3720,3374,15.5,1728
107.6,2026-08-05T04:05:54.958007+00:00,55.812,55.562,55.812,54.812,40,306,1020,,9455,2640,3720,3375,15.3,1728
108.6,2026-08-05T04:05:55.963598+00:00,55.75,55.312,55.75,54.843,39,306,1020,,9374,2560,3766,3376,15.0,1728
109.6,2026-08-05T04:05:56.969623+00:00,55.906,55.406,55.906,54.875,30,306,1020,,9455,2680,3720,3376,15.5,1728
110.6,2026-08-05T04:05:57.975388+00:00,55.875,55.406,55.875,55.125,34,306,1020,,9535,2640,3760,3376,15.7,1728
111.6,2026-08-05T04:05:58.981210+00:00,55.906,55.562,55.906,55.156,37,306,1020,,9535,2600,3720,3376,15.5,1728
112.6,2026-08-05T04:05:59.986913+00:00,56.281,55.562,56.281,55.031,39,306,1020,,9455,2555,3760,3376,15.3,1728
113.6,2026-08-05T04:06:00.992738+00:00,55.75,55.781,55.781,55.125,38,306,1020,,9334,2595,3766,3376,15.3,1728
114.7,2026-08-05T04:06:01.998793+00:00,55.937,55.562,55.937,55.187,36,306,1020,,9455,2600,3720,3376,15.2,1728
115.7,2026-08-05T04:06:03.004625+00:00,55.968,55.562,55.968,55.093,38,306,1020,,9415,2560,3720,3376,15.3,1728
116.7,2026-08-05T04:06:04.010214+00:00,55.937,55.718,55.937,55.093,39,306,1020,,9455,2560,3720,3376,15.5,1728
117.7,2026-08-05T04:06:05.016211+00:00,55.937,55.562,56.187,55.093,36,306,1020,,9374,2560,3725,3376,15.5,1728
118.7,2026-08-05T04:06:06.021820+00:00,56.125,55.843,56.125,55.187,40,306,1020,,9334,2600,3725,3376,15.7,1728
119.7,2026-08-05T04:06:07.027682+00:00,56.125,55.718,56.125,55.062,38,306,1020,,9374,2520,3720,3376,15.2,1728
120.7,2026-08-05T04:06:08.033472+00:00,56.218,55.718,56.218,55.218,40,306,1020,,9294,2600,3725,3376,15.3,1728
121.7,2026-08-05T04:06:09.039300+00:00,56.343,55.875,56.343,55.187,40,306,1020,,9455,2520,3760,3376,15.3,1728
122.7,2026-08-05T04:06:10.045072+00:00,56.312,55.718,56.312,55.218,39,306,1020,,9374,2560,3680,3376,15.3,1728
123.7,2026-08-05T04:06:11.050830+00:00,56.093,55.781,56.093,55.343,36,306,1020,,9334,2600,3725,3376,15.5,1728
124.7,2026-08-05T04:06:12.056731+00:00,56.125,55.875,56.125,55.375,39,306,1020,,9294,2560,3725,3376,15.5,1728
125.7,2026-08-05T04:06:13.062484+00:00,56.218,55.781,56.218,55.5,39,306,1020,,9334,2560,3725,3376,15.3,1728
126.7,2026-08-05T04:06:14.068477+00:00,56.218,56.031,56.218,55.375,39,306,1020,,9374,2560,3680,3376,15.3,1728
127.7,2026-08-05T04:06:15.074022+00:00,56.218,55.781,56.218,55.375,40,306,1020,,9415,2600,3720,3376,15.3,1728
128.7,2026-08-05T04:06:16.079865+00:00,56.562,55.625,56.562,55.468,40,306,1020,,9294,2560,3725,3377,15.8,1728
129.7,2026-08-05T04:06:17.085706+00:00,56.562,55.687,56.562,55.531,40,306,1020,,9334,2520,3725,3377,15.3,1728
130.7,2026-08-05T04:06:18.091714+00:00,56.656,55.75,56.656,55.625,39,306,1020,,9455,2480,3720,3377,15.2,1728
131.8,2026-08-05T04:06:19.097522+00:00,56.562,56,56.562,55.375,40,306,1020,,9334,2520,3720,3377,15.5,1728
132.8,2026-08-05T04:06:20.103271+00:00,56.593,55.937,56.593,55.562,39,306,1020,,9495,2480,3680,3375,15.2,1728
133.8,2026-08-05T04:06:21.109117+00:00,56.718,56.031,56.437,55.687,39,306,1020,,9294,2480,3685,3375,15.5,1728
134.8,2026-08-05T04:06:22.114719+00:00,56.468,56.062,56.468,55.718,37,306,1020,,9374,2440,3720,3375,15.8,1728
135.8,2026-08-05T04:06:23.120530+00:00,56.5,56.156,56.5,55.593,38,306,1020,,9294,2520,3680,3375,15.3,1728
136.8,2026-08-05T04:06:24.126494+00:00,56.531,56.187,56.531,55.593,39,306,1020,,9214,2440,3725,3375,15.7,1728
137.8,2026-08-05T04:06:25.132326+00:00,56.562,56.062,56.562,55.656,39,306,1020,,9214,2480,3685,3375,15.8,1728
138.8,2026-08-05T04:06:26.137994+00:00,56.531,56.156,56.531,55.687,39,306,1020,,9214,2400,3725,3375,15.5,1728
139.8,2026-08-05T04:06:27.143748+00:00,56.343,56.312,56.343,55.75,39,306,1020,,9254,2400,3725,3375,15.5,1728
140.8,2026-08-05T04:06:28.149554+00:00,56.468,56.25,56.5,55.625,38,306,1020,,9254,2440,3685,3375,15.8,1728
141.8,2026-08-05T04:06:29.155422+00:00,56.437,56.343,56.437,55.718,40,306,1020,,9094,2400,3725,3375,15.3,1728
142.8,2026-08-05T04:06:30.161365+00:00,56.5,56.562,56.562,55.718,39,306,1020,,9214,2440,3685,3375,15.7,1728
143.8,2026-08-05T04:06:31.166567+00:00,56.562,55.937,56.562,55.812,40,306,1020,,9174,2400,3685,3375,15.7,1728
144.8,2026-08-05T04:06:32.171991+00:00,56.843,56.093,56.843,56.031,39,306,1020,,9174,2400,3725,3376,15.7,1728
145.8,2026-08-05T04:06:33.177505+00:00,56.781,56.125,56.781,55.781,39,306,1020,,9094,2400,3725,3376,15.3,1728
146.8,2026-08-05T04:06:34.182936+00:00,56.843,56.562,56.843,55.812,39,306,1020,,9174,2400,3685,3376,15.5,1728
147.8,2026-08-05T04:06:35.188337+00:00,56.906,56.937,56.937,55.937,37,306,1020,,9134,2400,3685,3376,15.5,1728
148.8,2026-08-05T04:06:36.193735+00:00,56.906,56.687,56.906,55.875,39,306,1020,,9094,2240,3725,3376,14.8,1728
149.9,2026-08-05T04:06:37.199107+00:00,57,56.75,57,55.937,40,306,1020,,9214,2440,3685,3376,15.5,1728
150.9,2026-08-05T04:06:38.204813+00:00,57.062,56.875,57.062,56.062,40,306,1020,,9254,2440,3720,3376,15.3,1728
151.9,2026-08-05T04:06:39.210030+00:00,57.031,56.875,57.031,55.968,39,306,1020,,9134,2440,3685,3376,15.5,1728
152.9,2026-08-05T04:06:40.215678+00:00,57.156,56.843,57.156,55.906,39,306,1020,,9174,2400,3685,3376,15.5,1728
153.9,2026-08-05T04:06:41.221084+00:00,57.156,56.75,57.156,56.062,39,306,1020,,9214,2400,3685,3376,15.2,1728
154.9,2026-08-05T04:06:42.226665+00:00,57.093,56.437,57.093,56.125,39,306,1020,,9094,2400,3685,3376,15.7,1728
155.9,2026-08-05T04:06:43.232083+00:00,56.968,56.343,56.968,56.25,40,306,1020,,9174,2440,3725,3376,15.7,1728
156.9,2026-08-05T04:06:44.237749+00:00,56.906,56.343,56.906,56.062,40,306,1020,,9294,2400,3725,3376,15.2,1728
157.9,2026-08-05T04:06:45.243462+00:00,56.937,56.656,56.937,56.125,39,306,1020,,9214,2400,3680,3376,15.5,1728
158.9,2026-08-05T04:06:46.248863+00:00,57.031,56.531,57.031,56.062,39,306,1020,,9174,2440,3725,3376,15.7,1728
159.9,2026-08-05T04:06:47.254544+00:00,57,56.562,57,56.218,38,306,1020,,9214,2440,3685,3376,15.0,1728
160.9,2026-08-05T04:06:48.259919+00:00,57.031,56.375,57.031,56.312,40,306,1020,,9254,2520,3685,3376,15.7,1728
161.9,2026-08-05T04:06:49.265665+00:00,57.125,56.593,57.125,56.093,39,306,1020,,9254,2440,3685,3376,15.5,1728
162.9,2026-08-05T04:06:50.270993+00:00,57.031,56.593,57.031,56.125,36,306,1020,,9334,2480,3720,3376,15.7,1728
163.9,2026-08-05T04:06:51.276273+00:00,56.906,56.468,56.906,56.312,40,306,1020,,9334,2436,3760,3376,15.3,1728
164.9,2026-08-05T04:06:52.281724+00:00,56.968,56.781,56.968,56.25,36,306,1020,,9254,2440,3725,3376,15.5,1728
165.9,2026-08-05T04:06:53.287196+00:00,57,56.656,57,56.375,36,306,1020,,9214,2440,3725,3376,15.0,1728
166.9,2026-08-05T04:06:54.292866+00:00,57.031,56.687,57.031,56.187,37,306,1020,,9254,2480,3720,3376,15.2,1728
168.0,2026-08-05T04:06:55.298332+00:00,57.031,56.781,57.031,56.187,35,306,1020,,9254,2360,3720,3376,14.7,1728
169.0,2026-08-05T04:06:56.303452+00:00,57.062,56.531,57.062,56.312,40,306,1020,,9334,2600,3760,3376,15.5,1728
170.0,2026-08-05T04:06:57.309165+00:00,57.031,56.812,57.031,56.343,39,306,1020,,9615,2560,3720,3374,15.7,1728
171.0,2026-08-05T04:06:58.314497+00:00,57.187,57.156,57.187,56.312,39,306,1020,,9415,2600,3720,3374,15.5,1728
172.0,2026-08-05T04:06:59.319942+00:00,57.187,57.218,57.218,56.468,38,306,1020,,9415,2600,3720,3374,15.5,1728
173.0,2026-08-05T04:07:00.325699+00:00,57.187,56.875,57.187,56.343,39,306,1020,,9374,2520,3720,3374,15.5,1728
174.0,2026-08-05T04:07:01.331394+00:00,57.437,56.781,57.437,56.375,38,306,1020,,9415,2520,3720,3374,15.2,1728
175.0,2026-08-05T04:07:02.336690+00:00,57.5,56.937,57.5,56.343,40,306,1020,,9415,2560,3760,3374,15.5,1728
176.0,2026-08-05T04:07:03.342470+00:00,57.5,56.75,57.5,56.468,39,306,1020,,9455,2560,3760,3374,15.3,1728
177.0,2026-08-05T04:07:04.348406+00:00,57.5,56.875,57.5,56.375,39,306,1020,,9455,2560,3760,3374,15.2,1728
178.0,2026-08-05T04:07:05.353636+00:00,57.468,57.031,57.468,56.312,37,306,1020,,9495,2555,3760,3374,15.3,1728
179.0,2026-08-05T04:07:06.359280+00:00,57.656,56.843,57.656,56.406,30,306,1020,,9535,2640,3760,3374,15.5,1728
180.0,2026-08-05T04:07:07.364980+00:00,57.687,57.093,57.687,56.375,31,306,1020,,9575,2635,3760,3374,15.5,1728
181.0,2026-08-05T04:07:08.370428+00:00,57.343,56.781,57.343,56.406,27,408,1020,,9615,2675,3760,3374,15.3,1728
182.0,2026-08-05T04:07:09.375990+00:00,57.375,56.937,57.375,56.562,28,408,1020,,9615,2715,3760,3374,15.3,1728
183.0,2026-08-05T04:07:10.383024+00:00,57.406,57.062,57.406,56.437,29,306,1020,,9615,2675,3800,3374,15.5,1728
184.0,2026-08-05T04:07:11.390239+00:00,57.5,56.906,57.5,56.468,28,408,1020,,9615,2715,3800,3374,15.3,1728
185.0,2026-08-05T04:07:12.393063+00:00,57.531,57.125,57.531,56.562,30,408,1020,,9655,2675,3800,3374,15.2,1728
186.1,2026-08-05T04:07:13.398775+00:00,57.5,56.937,57.5,56.593,28,408,1020,,9735,2715,3800,3374,15.0,1728
187.1,2026-08-05T04:07:14.404759+00:00,57.437,56.906,57.437,56.625,26,408,1020,,9775,2755,3800,3374,15.2,1728
188.1,2026-08-05T04:07:15.410284+00:00,57.281,57.093,57.281,56.468,28,408,1020,,9760,2795,3840,3374,15.3,1728
189.1,2026-08-05T04:07:16.415460+00:00,57.468,56.937,57.468,56.562,28,408,1020,,9975,2835,3840,3374,15.2,1728
190.1,2026-08-05T04:07:17.421256+00:00,57.468,57.187,57.468,56.593,29,408,1020,,9840,2835,3840,3374,16.0,1728
191.1,2026-08-05T04:07:18.426711+00:00,57.5,57.062,57.5,56.625,29,408,1020,,9840,2835,3840,3374,15.0,1728
192.1,2026-08-05T04:07:19.432379+00:00,57.531,57.281,57.531,56.687,30,408,1020,,9960,2915,3840,3374,15.8,1728
193.1,2026-08-05T04:07:20.437975+00:00,57.5,57.187,57.5,56.718,28,408,1020,,9960,2875,3840,3374,15.3,1728
194.1,2026-08-05T04:07:21.443320+00:00,57.5,57.093,57.5,56.656,28,408,1020,,9920,2875,3840,3374,15.3,1728
195.1,2026-08-05T04:07:22.448721+00:00,57.5,57.25,57.5,56.718,29,408,1020,,9880,2835,3840,3374,15.7,1728
196.1,2026-08-05T04:07:23.454109+00:00,57.843,57.031,57.843,56.656,29,408,1020,,9840,2835,3840,3374,15.5,1728
197.1,2026-08-05T04:07:24.459597+00:00,57.906,57.093,57.906,56.781,30,408,1020,,9760,2835,3800,3374,15.5,1728
198.1,2026-08-05T04:07:25.465242+00:00,57.812,57.25,57.812,56.75,29,408,1020,,9760,2755,3800,3374,15.5,1728
199.1,2026-08-05T04:07:26.470756+00:00,58,57.156,58,56.687,28,408,1020,,9760,2755,3800,3374,15.3,1728
200.1,2026-08-05T04:07:27.476278+00:00,58,57.437,58,56.812,26,408,1020,,9760,2755,3840,3374,15.5,1728
201.1,2026-08-05T04:07:28.481946+00:00,58.031,57.125,58.031,56.843,28,408,1020,,9800,2795,3840,3374,15.3,1728
202.1,2026-08-05T04:07:29.487430+00:00,58,57.187,58,56.781,30,408,1020,,9880,2835,3840,3374,14.8,1728
203.1,2026-08-05T04:07:30.492826+00:00,58.093,57.218,58.093,57,28,408,1020,,9880,2875,3840,3374,15.7,1728
204.2,2026-08-05T04:07:31.498364+00:00,57.531,57.218,57.531,56.812,29,408,1020,,9840,2835,3840,3374,14.8,1728
205.2,2026-08-05T04:07:32.503902+00:00,57.781,57.406,57.781,56.718,29,408,1020,,9960,2915,3880,3374,15.5,1728
206.2,2026-08-05T04:07:33.509463+00:00,57.812,57.125,57.812,56.843,28,408,1020,,10040,2915,3840,3374,15.5,1728
207.2,2026-08-05T04:07:34.514683+00:00,57.906,57.593,57.906,56.843,30,408,1020,,10080,2875,3880,3374,15.0,1728
208.2,2026-08-05T04:07:35.520124+00:00,57.906,57.312,57.906,56.875,30,408,1020,,10120,2955,3880,3374,15.3,1728
209.2,2026-08-05T04:07:36.525471+00:00,58,57.312,58,56.812,30,408,1020,,10000,2875,3880,3374,15.7,1728
210.2,2026-08-05T04:07:37.531191+00:00,57.937,57.375,57.937,56.843,30,408,1020,,10040,2875,3840,3374,15.3,1728
211.2,2026-08-05T04:07:38.536643+00:00,57.906,57.375,57.906,56.937,28,408,1020,,9960,2875,3880,3374,15.7,1728
212.2,2026-08-05T04:07:39.542374+00:00,57.937,57.468,57.937,56.906,27,408,1020,,9855,2675,3880,3374,15.0,1728
213.2,2026-08-05T04:07:40.548302+00:00,57.812,57.375,57.812,57.031,30,408,1020,,10080,2915,3880,3374,15.0,1728
214.2,2026-08-05T04:07:41.554055+00:00,57.906,57.312,57.906,56.875,29,408,1020,,10160,2995,3920,3374,15.5,1728
215.2,2026-08-05T04:07:42.559866+00:00,57.906,57.562,57.906,56.781,29,408,1020,,10160,2995,3920,3374,15.7,1728
216.2,2026-08-05T04:07:43.565379+00:00,57.906,57.312,57.906,56.937,29,408,1020,,10160,3035,3920,3374,15.5,1728
217.2,2026-08-05T04:07:44.570822+00:00,57.937,57.5,57.937,57.062,30,408,1020,,10280,3075,3913,3374,15.3,1728
218.2,2026-08-05T04:07:45.576239+00:00,57.906,57.281,57.906,57.093,29,408,1020,,10200,3075,3920,3374,15.5,1728
219.2,2026-08-05T04:07:46.581437+00:00,57.968,57.5,57.968,57.062,28,408,1020,,10240,3030,3913,3374,15.7,1728
220.2,2026-08-05T04:07:47.586837+00:00,57.968,57.468,57.968,57,28,408,1020,,10120,3035,3880,3374,15.5,1728
221.2,2026-08-05T04:07:48.592330+00:00,57.968,57.437,58.187,57.062,30,408,1020,,10160,2995,3880,3374,15.3,1728
222.3,2026-08-05T04:07:49.597651+00:00,58.281,57.5,58.281,56.937,30,408,1020,,10080,2955,3880,3374,15.5,1728
223.3,2026-08-05T04:07:50.602960+00:00,58.281,57.375,58.281,57,29,408,1020,,10120,2955,3840,3374,15.7,1728
224.3,2026-08-05T04:07:51.608371+00:00,58.312,57.406,58.312,57.093,29,408,1020,,10000,2915,3880,3374,15.8,1728
225.3,2026-08-05T04:07:52.613776+00:00,58.343,57.593,58.343,56.968,29,408,1020,,10000,2875,3880,3374,15.7,1728
226.3,2026-08-05T04:07:53.619160+00:00,58.437,57.562,58.437,57,30,408,1020,,10000,2875,3880,3374,15.2,1728
227.3,2026-08-05T04:07:54.624840+00:00,58,58.156,58.156,57.093,30,408,1020,,10000,2835,3880,3374,15.5,1728
228.3,2026-08-05T04:07:55.630393+00:00,58,57.906,58,57.093,29,408,1020,,9840,2915,3880,3374,15.3,1728
229.3,2026-08-05T04:07:56.635860+00:00,57.968,57.968,57.968,57.187,29,408,1020,,9720,2715,3880,3374,14.7,1728
230.3,2026-08-05T04:07:57.641542+00:00,58.031,57.906,58.031,57,29,408,1020,,10040,2915,3880,3374,15.8,1728
231.3,2026-08-05T04:07:58.646959+00:00,58.156,57.968,58.156,57.125,30,408,1020,,10000,2955,3840,3374,15.3,1728
232.3,2026-08-05T04:07:59.652406+00:00,58.125,58.25,58.25,57.25,30,408,1020,,9960,2875,3840,3374,15.8,1728
233.3,2026-08-05T04:08:00.657767+00:00,58.187,57.937,58.187,57.093,27,408,1020,,10000,2835,3840,3374,15.8,1728
234.3,2026-08-05T04:08:01.663299+00:00,58.156,57.468,58.156,57.281,28,408,1020,,9800,2875,3840,3374,15.8,1728
235.3,2026-08-05T04:08:02.668672+00:00,58.187,57.375,58.187,57.281,29,408,1020,,9920,2875,3800,3374,15.5,1728
236.3,2026-08-05T04:08:03.674053+00:00,58.218,57.687,58.218,57.156,30,408,1020,,9920,2835,3800,3374,15.7,1728
237.3,2026-08-05T04:08:04.679621+00:00,58.281,57.75,58.281,57.156,29,408,1020,,9760,2795,3840,3374,15.0,1728
238.3,2026-08-05T04:08:05.685089+00:00,58.281,57.656,58.281,57.187,29,408,1020,,9760,2755,3840,3374,15.7,1728
239.3,2026-08-05T04:08:06.690570+00:00,58.312,57.968,58.312,57.25,27,408,1020,,9800,2795,3800,3374,15.5,1728
240.4,2026-08-05T04:08:07.696560+00:00,58.093,57.531,58.093,57.281,29,408,1020,,9760,2795,3800,3374,15.5,1728
241.4,2026-08-05T04:08:08.702549+00:00,58.125,57.781,58.125,57.281,30,408,1020,,9760,2755,3840,3374,15.3,1728
242.4,2026-08-05T04:08:09.708358+00:00,58.187,57.843,58.187,57.25,28,408,1020,,9800,2795,3840,3374,15.2,1728
243.4,2026-08-05T04:08:10.713867+00:00,58.125,57.625,58.125,57.218,28,408,1020,,9840,2795,3840,3374,15.7,1728
244.4,2026-08-05T04:08:11.719417+00:00,58.25,57.906,58.25,57.312,25,408,1020,,9800,2795,3840,3374,15.0,1728
245.4,2026-08-05T04:08:12.725082+00:00,58.156,57.75,58.156,57.312,26,408,1020,,9880,2835,3840,3374,15.8,1728
246.4,2026-08-05T04:08:13.730831+00:00,58.5,57.812,58.5,57.218,29,408,1020,,9800,2835,3840,3374,15.2,1728
247.4,2026-08-05T04:08:14.736393+00:00,58.531,57.875,58.531,57.343,30,408,1020,,9920,2835,3840,3374,15.5,1728
248.4,2026-08-05T04:08:15.742082+00:00,58.656,57.75,58.656,57.281,30,408,1020,,9920,2875,3880,3374,15.8,1728
249.4,2026-08-05T04:08:16.747796+00:00,58.562,57.937,58.562,57.312,29,408,1020,,9920,2875,3840,3374,15.0,1728
250.4,2026-08-05T04:08:17.753446+00:00,58.125,57.75,58.125,57.375,29,408,1020,,10120,2915,3833,3374,15.3,1728
251.4,2026-08-05T04:08:18.759064+00:00,58.187,57.968,58.187,57.187,30,408,1020,,10000,2910,3920,3374,15.2,1728
252.4,2026-08-05T04:08:19.764587+00:00,58.156,57.968,58.156,57.281,27,408,1020,,10000,2875,3880,3374,15.3,1728
253.4,2026-08-05T04:08:20.770327+00:00,58.343,57.75,58.343,57.468,27,408,1020,,10040,2915,3880,3374,15.0,1728
254.4,2026-08-05T04:08:21.776110+00:00,58.312,57.75,58.312,57.375,27,408,1020,,10040,2995,3920,3374,15.5,1728
255.4,2026-08-05T04:08:22.781645+00:00,58.406,57.75,58.406,57.406,29,408,1020,,10120,2955,3920,3374,15.5,1728
256.4,2026-08-05T04:08:23.787384+00:00,58.437,57.937,58.437,57.343,29,408,1020,,10160,3030,3920,3374,15.3,1728
257.4,2026-08-05T04:08:24.793000+00:00,58.5,57.968,58.5,57.281,29,408,1020,,10240,3030,3953,3374,15.5,1728
258.5,2026-08-05T04:08:25.799026+00:00,58.468,58.062,58.468,57.343,28,408,1020,,10240,3070,4000,3374,15.0,1728
259.5,2026-08-05T04:08:26.805195+00:00,58.343,57.843,58.343,57.312,28,408,1020,,10400,3115,3913,3374,15.5,1728
260.5,2026-08-05T04:08:27.811212+00:00,58.312,57.968,58.312,57.468,30,408,1020,,10320,3110,3953,3374,15.7,1728
261.5,2026-08-05T04:08:28.816562+00:00,58.343,58.156,58.343,57.343,30,408,1020,,10320,3070,3953,3374,15.2,1728
262.5,2026-08-05T04:08:29.822243+00:00,58.343,57.875,58.343,57.312,28,408,1020,,10280,3075,3953,3374,15.5,1728
263.5,2026-08-05T04:08:30.827781+00:00,58.406,57.968,58.406,57.375,29,408,1020,,10320,3110,3953,3374,15.3,1728
264.5,2026-08-05T04:08:31.833384+00:00,58.375,58,58.375,57.375,30,408,1020,,10120,2915,3960,3374,14.8,1728
265.5,2026-08-05T04:08:32.838984+00:00,58.562,57.812,58.562,57.468,30,408,1020,,10480,3229,3993,3374,15.7,1728
266.5,2026-08-05T04:08:33.844582+00:00,58.718,57.937,58.718,57.375,30,408,1020,,10480,3149,3993,3374,15.7,1728
267.5,2026-08-05T04:08:34.850091+00:00,58.75,58,58.75,57.437,28,408,1020,,10440,3149,3953,3374,15.5,1728
268.5,2026-08-05T04:08:35.855792+00:00,58.625,57.843,58.625,57.468,30,408,1020,,10440,3149,3953,3374,15.3,1728
269.5,2026-08-05T04:08:36.861244+00:00,58.718,58.093,58.718,57.468,30,408,1020,,10520,3189,3953,3374,15.3,1728
270.5,2026-08-05T04:08:37.866586+00:00,58.75,57.812,58.75,57.468,29,408,1020,,10520,3229,3993,3374,15.5,1728
271.5,2026-08-05T04:08:38.872068+00:00,58.843,57.781,58.843,57.437,27,408,1020,,10520,3189,3953,3372,15.2,1728
272.5,2026-08-05T04:08:39.877536+00:00,58.343,58.125,58.343,57.468,28,408,1020,,10440,3189,3993,3372,15.5,1728
273.5,2026-08-05T04:08:40.882990+00:00,58.406,57.687,58.406,57.468,30,408,1020,,10480,3189,3953,3372,15.3,1728
274.5,2026-08-05T04:08:41.889335+00:00,58.468,57.968,58.468,57.562,30,408,1020,,10400,3110,3953,3372,16.0,1728
275.6,2026-08-05T04:08:42.895221+00:00,58.5,57.937,58.5,57.531,29,408,1020,,10280,3070,3953,3372,15.8,1728
276.6,2026-08-05T04:08:43.901231+00:00,58.468,58.093,58.468,57.5,30,408,1020,,10240,3070,3913,3372,15.5,1728
277.6,2026-08-05T04:08:44.906505+00:00,58.5,58,58.5,57.468,29,408,1020,,10200,3030,3960,3372,16.0,1728
278.6,2026-08-05T04:08:45.911999+00:00,58.562,57.968,58.562,57.531,29,408,1020,,10040,2795,3920,3372,15.0,1728
279.6,2026-08-05T04:08:46.917444+00:00,58.406,58,58.406,57.5,29,408,1020,,10320,3070,3953,3372,15.3,1728
280.6,2026-08-05T04:08:47.922787+00:00,58.5,58.312,58.5,57.562,27,408,1020,,10360,3149,3953,3372,15.2,1728
281.6,2026-08-05T04:08:48.928405+00:00,58.437,58.468,58.468,57.468,28,408,1020,,10400,3149,3953,3372,15.5,1728
282.6,2026-08-05T04:08:49.934062+00:00,58.5,58.562,58.562,57.5,30,408,1020,,10400,3115,3913,3372,15.5,1728
283.6,2026-08-05T04:08:50.939692+00:00,58.5,58.031,58.5,57.531,30,408,1020,,10320,3110,3913,3372,15.5,1728
284.6,2026-08-05T04:08:51.945075+00:00,58.5,58.468,58.5,57.5,29,408,1020,,10360,3075,3913,3372,15.7,1728
285.6,2026-08-05T04:08:52.950711+00:00,58.5,58.406,58.5,57.625,28,408,1020,,10200,3075,3913,3372,15.3,1728
286.6,2026-08-05T04:08:53.956355+00:00,58.531,58.218,58.531,57.687,28,408,1020,,10160,3035,3920,3372,15.5,1728
287.6,2026-08-05T04:08:54.961833+00:00,58.5,58.187,58.718,57.562,28,408,1020,,10040,2995,3920,3372,15.5,1728
288.6,2026-08-05T04:08:55.967410+00:00,58.781,58.437,58.781,57.593,30,408,1020,,10120,2955,3880,3372,15.7,1728
289.6,2026-08-05T04:08:56.972788+00:00,58.687,58.593,58.687,57.593,30,408,1020,,10120,2995,3880,3372,15.7,1728
290.6,2026-08-05T04:08:57.978185+00:00,58.781,58.406,58.781,57.718,30,408,1020,,10040,2915,3880,3372,15.5,1728
291.6,2026-08-05T04:08:58.983798+00:00,58.906,58.531,58.906,57.75,30,408,1020,,10120,2875,3873,3372,15.5,1728
292.6,2026-08-05T04:08:59.989430+00:00,58.906,58.656,58.906,57.406,29,408,1020,,9960,2875,3880,3372,15.5,1728
293.7,2026-08-05T04:09:00.995001+00:00,58.906,58.593,58.906,57.593,30,408,1020,,10040,2875,3833,3372,15.3,1728
294.7,2026-08-05T04:09:02.000760+00:00,58.937,58.218,58.937,57.718,27,408,1020,,9880,2835,3840,3372,15.3,1728
295.7,2026-08-05T04:09:03.006273+00:00,58.468,58,58.468,57.75,29,408,1020,,9880,2875,3840,3372,15.5,1728
296.7,2026-08-05T04:09:04.011805+00:00,58.593,58,58.593,57.812,29,408,1020,,9920,2875,3880,3372,15.2,1728
297.7,2026-08-05T04:09:05.017477+00:00,58.625,58.187,58.625,57.75,30,408,1020,,9960,2915,3880,3372,15.3,1728
298.7,2026-08-05T04:09:06.022925+00:00,58.593,58.156,58.593,57.718,28,408,1020,,10040,2915,3880,3372,15.3,1728
299.7,2026-08-05T04:09:07.028653+00:00,58.687,58.468,58.687,57.718,27,408,1020,,10080,2915,3873,3372,15.5,1728
300.7,2026-08-05T04:09:08.034317+00:00,58.656,58.093,58.656,57.687,27,408,1020,,10080,2955,3873,3372,15.7,1728
301.7,2026-08-05T04:09:09.039873+00:00,58.656,58.156,58.656,57.812,29,408,1020,,10080,2995,3920,3372,15.5,1728
302.7,2026-08-05T04:09:10.045399+00:00,58.75,58.218,58.75,57.781,30,408,1020,,10200,2990,3913,3372,15.3,1728
303.7,2026-08-05T04:09:11.051004+00:00,58.625,58.218,58.625,57.625,30,408,1020,,10240,3030,3913,3372,15.2,1728
304.7,2026-08-05T04:09:12.056730+00:00,58.593,58.281,58.593,57.75,29,408,1020,,10320,3075,3913,3372,15.3,1728
305.7,2026-08-05T04:09:13.062210+00:00,58.656,58.156,58.656,57.75,29,408,1020,,10280,3110,3953,3372,15.3,1728
306.7,2026-08-05T04:09:14.067716+00:00,58.625,58.218,58.625,57.843,29,408,1020,,10320,3110,3953,3372,15.3,1728
307.7,2026-08-05T04:09:15.073090+00:00,58.718,58.25,58.718,57.937,27,408,1020,,10440,3189,3953,3372,15.5,1728
308.7,2026-08-05T04:09:16.079020+00:00,58.718,58.25,58.718,57.656,30,408,1020,,10400,3189,3953,3372,15.3,1728
309.7,2026-08-05T04:09:17.084762+00:00,58.625,58.375,58.625,57.75,27,408,1020,,10480,3189,3993,3372,15.3,1728
310.7,2026-08-05T04:09:18.090291+00:00,58.937,58.125,58.937,57.75,28,408,1020,,10520,3189,3993,3372,15.2,1728
311.8,2026-08-05T04:09:19.095623+00:00,59,58.218,59,57.843,29,408,1020,,10600,3229,3993,3372,15.3,1728
312.8,2026-08-05T04:09:20.101393+00:00,59,58.062,59,57.875,29,408,1020,,10320,2950,4033,3372,14.7,1728
313.8,2026-08-05T04:09:21.106925+00:00,59.093,58.156,59.093,57.656,23,510,1020,,10902,3389,4073,3372,15.7,1728
314.8,2026-08-05T04:09:22.112242+00:00,59.156,58.375,59.156,57.687,24,510,1020,,10902,3428,4073,3372,15.7,1728
315.8,2026-08-05T04:09:23.117619+00:00,59.187,58.218,59.187,57.75,23,510,1020,,10902,3389,4033,3372,15.3,1728
316.8,2026-08-05T04:09:24.123005+00:00,59.218,58.093,59.218,57.843,22,408,1020,,10862,3389,4033,3372,15.5,1728
317.8,2026-08-05T04:09:25.128449+00:00,59.187,58.093,59.187,57.906,24,408,1020,,10782,3389,4033,3372,15.7,1728
318.8,2026-08-05T04:09:26.133848+00:00,58.781,58.218,58.781,57.718,24,510,1020,,10720,3309,4033,3372,15.7,1728
319.8,2026-08-05T04:09:27.139509+00:00,58.75,58.281,58.75,57.781,29,408,1020,,10720,3309,3993,3372,15.7,1728
320.8,2026-08-05T04:09:28.145193+00:00,58.906,58.187,58.906,57.781,24,408,1020,,10680,3269,3993,3372,15.5,1728
321.8,2026-08-05T04:09:29.150508+00:00,58.937,58.468,58.937,57.937,29,408,1020,,10640,3229,3993,3372,15.5,1728
322.8,2026-08-05T04:09:30.156455+00:00,59,58.343,59,57.875,21,408,1020,,10742,3309,4033,3372,15.5,1728
323.8,2026-08-05T04:09:31.161873+00:00,58.968,58.25,58.968,57.75,21,510,1020,,10742,3349,4033,3372,15.2,1728
324.8,2026-08-05T04:09:32.167692+00:00,59,58.406,59,57.687,24,510,1020,,10822,3389,4073,3372,15.7,1728
325.8,2026-08-05T04:09:33.173262+00:00,59.031,58.25,59.031,57.812,22,510,1020,,10862,3389,4073,3372,15.2,1728
326.8,2026-08-05T04:09:34.178755+00:00,59.093,58.625,59.093,57.812,24,510,1020,,10942,3468,4113,3372,15.0,1728
327.8,2026-08-05T04:09:35.184334+00:00,58.875,58.218,58.875,57.968,23,510,1020,,11062,3468,4113,3372,15.7,1728
328.8,2026-08-05T04:09:36.189679+00:00,59,58.375,59,57.968,23,510,1020,,11142,3508,4106,3372,15.3,1728
329.9,2026-08-05T04:09:37.195153+00:00,59.031,58.656,59.031,57.843,22,510,1020,,11102,3588,4153,3372,15.7,1728
330.9,2026-08-05T04:09:38.200658+00:00,59,58.562,59,57.812,23,510,1020,,11102,3588,4153,3372,15.3,1728
331.9,2026-08-05T04:09:39.206011+00:00,58.968,58.75,58.968,57.875,24,510,1020,,11142,3508,4106,3372,15.5,1728
332.9,2026-08-05T04:09:40.211415+00:00,58.968,58.343,58.968,58.031,24,510,1020,,11022,3548,4113,3372,15.5,1728
333.9,2026-08-05T04:09:41.216801+00:00,59.031,58.531,59.031,57.875,24,510,1020,,10942,3508,4073,3372,15.3,1728
334.9,2026-08-05T04:09:42.222267+00:00,59,58.656,59,57.843,24,510,1020,,10982,3508,4113,3372,15.7,1728
335.9,2026-08-05T04:09:43.227660+00:00,58.968,58.593,58.968,57.843,24,510,1020,,10862,3468,4073,3372,15.5,1728
336.9,2026-08-05T04:09:44.233395+00:00,59.062,58.562,59.312,57.968,24,510,1020,,10902,3389,4033,3372,15.5,1728
337.9,2026-08-05T04:09:45.238965+00:00,59.343,58.406,59.343,57.906,24,510,1020,,10862,3468,4073,3372,15.8,1728
338.9,2026-08-05T04:09:46.245028+00:00,59.281,58.375,59.281,58.031,24,510,1020,,10942,3468,4073,3372,15.2,1728
339.9,2026-08-05T04:09:47.250696+00:00,59.468,58.468,59.468,57.937,22,510,1020,,11022,3428,4113,3372,15.2,1728
340.9,2026-08-05T04:09:48.256292+00:00,59.031,58.406,59.031,57.875,21,510,1020,,11142,3542,4153,3372,15.3,1728
341.9,2026-08-05T04:09:49.261861+00:00,59.156,58.687,59.156,57.937,45,612,1020,,11222,3582,4146,3372,15.5,1728
342.9,2026-08-05T04:09:50.267487+00:00,59.312,58.25,59.312,57.968,40,612,1020,,11182,3582,4146,3372,15.2,1728
343.9,2026-08-05T04:09:51.273351+00:00,59.468,58.375,59.468,58.062,34,612,1020,,11301,3662,4146,3372,15.7,1728
344.9,2026-08-05T04:09:52.279467+00:00,59.656,58.625,59.656,57.906,28,1020,1020,,11261,3582,4146,3372,15.2,1574
345.9,2026-08-05T04:09:53.286960+00:00,59.75,58.312,59.75,57.843,28,612,1020,,11381,3702,4186,3372,15.3,1651
346.9,2026-08-05T04:09:54.290588+00:00,60.062,58.531,60.062,57.812,99,1020,1020,,11261,3542,4186,3372,15.3,1651
348.0,2026-08-05T04:09:55.296627+00:00,60.218,58.343,60.218,57.968,99,1020,1020,,11222,3662,4186,3373,15.3,883
349.0,2026-08-05T04:09:56.302797+00:00,59.875,58.281,59.875,57.968,99,1020,1020,,10742,3349,4113,3373,15.3,960
350.0,2026-08-05T04:09:57.308532+00:00,59.906,58.343,59.906,57.937,99,1020,1020,,10982,3468,4113,3373,15.3,1267
351.0,2026-08-05T04:09:58.313973+00:00,59.531,58.25,59.531,57.937,79,714,1020,,10320,2990,3993,3373,15.7,1728
352.0,2026-08-05T04:09:59.319731+00:00,59.437,58.343,59.437,57.875,99,714,1020,,9720,2675,3880,3373,15.2,1344
353.0,2026-08-05T04:10:00.325274+00:00,59.468,58.031,59.468,57.906,99,714,1020,,10040,2915,3913,3373,15.5,1344
354.0,2026-08-05T04:10:01.330799+00:00,59.437,58.218,59.437,58.062,99,714,1020,,10200,2990,3953,3371,15.3,1036
355.0,2026-08-05T04:10:02.338294+00:00,59.593,58.343,59.593,57.843,99,1020,1020,,10360,3110,3993,3371,15.8,1728
356.0,2026-08-05T04:10:03.341830+00:00,59.968,58.218,59.968,57.843,85,1020,1020,,10640,3189,4033,3371,15.3,1728
357.0,2026-08-05T04:10:04.347477+00:00,60.218,58.468,60.218,57.937,94,1020,1020,,11022,3428,4106,3371,15.5,1344
358.0,2026-08-05T04:10:05.353385+00:00,60.343,58.218,60.343,57.937,99,1020,1020,,11301,3741,4186,3371,15.7,1036
359.0,2026-08-05T04:10:06.359444+00:00,59.625,58.156,59.625,58.062,99,408,1020,,10800,3110,4073,3371,15.2,729
360.0,2026-08-05T04:10:07.364638+00:00,59.781,58.281,59.781,57.843,88,714,1020,,10240,2990,3993,3371,15.5,1728
361.0,2026-08-05T04:10:08.370990+00:00,59.937,58.437,59.937,57.843,87,1020,1020,,10360,3110,3993,3371,15.2,1728
362.0,2026-08-05T04:10:09.376826+00:00,59.656,58.5,59.656,57.968,88,1020,1020,,10520,3149,4033,3371,15.3,1728
363.0,2026-08-05T04:10:10.383003+00:00,59.937,58.187,59.937,57.937,99,1020,1020,,10902,3423,4113,3371,15.3,1344
364.0,2026-08-05T04:10:11.388480+00:00,60.125,58.25,60.125,57.843,99,1020,1020,,11222,3662,4146,3370,15.3,1036
365.0,2026-08-05T04:10:12.393577+00:00,60.156,58.5,60.156,57.875,99,1020,1020,,11381,3702,4186,3370,15.3,960
366.1,2026-08-05T04:10:13.399071+00:00,59.937,58.593,59.937,57.781,99,1020,1020,,11381,3702,4186,3370,15.5,1651
367.1,2026-08-05T04:10:14.406244+00:00,59.75,58.468,59.75,57.906,26,612,1020,,11381,3702,4186,3370,15.7,1651
368.1,2026-08-05T04:10:15.410118+00:00,59.718,58.25,59.718,58.031,99,1020,1020,,11261,3622,4186,3370,15.2,1651
369.1,2026-08-05T04:10:16.415777+00:00,59.812,58.187,59.812,57.937,99,1020,1020,,11341,3702,4186,3370,15.7,1651
370.1,2026-08-05T04:10:17.421185+00:00,59.843,58.437,59.843,57.843,99,1020,1020,,11381,3741,4186,3370,15.7,1651
371.1,2026-08-05T04:10:18.427047+00:00,59.656,58.468,59.656,58,47,612,1020,,11461,3781,4186,3370,15.5,1651
372.1,2026-08-05T04:10:19.432082+00:00,59.468,58.468,59.468,57.875,28,612,1020,,11461,3781,4226,3370,15.7,1651
373.1,2026-08-05T04:10:20.437556+00:00,59.437,58.375,59.437,57.906,42,612,1020,,11381,3741,4186,3370,15.8,1651
374.1,2026-08-05T04:10:21.442895+00:00,59.406,58.437,59.406,57.937,37,612,1020,,11421,3741,4186,3368,15.3,1651
375.1,2026-08-05T04:10:22.448429+00:00,59.312,58.562,59.312,57.937,42,612,1020,,11381,3741,4146,3368,15.7,1651
376.1,2026-08-05T04:10:23.453831+00:00,59.312,58.531,59.312,57.875,41,510,1020,,11301,3662,4186,3368,15.3,1728
377.1,2026-08-05T04:10:24.459465+00:00,59.312,58.531,59.531,57.875,42,612,1020,,11341,3622,4186,3368,15.3,1651
378.1,2026-08-05T04:10:25.465044+00:00,59.531,58.718,59.531,57.906,44,612,1020,,11301,3741,4186,3368,15.7,1728
379.1,2026-08-05T04:10:26.470439+00:00,59.562,58.281,59.562,58,46,612,1020,,11381,3662,4186,3369,15.7,1728
380.1,2026-08-05T04:10:27.476337+00:00,59.562,58.281,59.562,57.937,43,612,1020,,11341,3702,4186,3369,15.3,1728
381.1,2026-08-05T04:10:28.481751+00:00,59.531,58.531,59.531,57.843,45,612,1020,,11381,3622,4186,3369,15.3,1728
382.1,2026-08-05T04:10:29.487692+00:00,59.5,58.687,59.5,57.781,41,510,1020,,11301,3662,4186,3369,15.5,1728
383.1,2026-08-05T04:10:30.493321+00:00,59.468,58.437,59.468,57.875,40,510,1020,,11222,3662,4146,3369,15.5,1728
384.2,2026-08-05T04:10:31.498709+00:00,59.531,58.781,59.531,57.906,29,510,1020,,11182,3622,4186,3369,15.5,1728
385.2,2026-08-05T04:10:32.504096+00:00,59.187,58.687,59.187,58,40,510,1020,,11261,3582,4146,3369,15.5,1728
386.2,2026-08-05T04:10:33.509406+00:00,59.187,58.75,59.187,57.812,21,510,1020,,11261,3582,4146,3369,15.5,1728
387.2,2026-08-05T04:10:34.514805+00:00,59.156,58.968,59.156,57.937,26,510,1020,,11182,3582,4146,3369,15.5,1728
388.2,2026-08-05T04:10:35.520279+00:00,59.156,58.812,59.156,58,24,510,1020,,11261,3622,4106,3369,15.8,1728
389.2,2026-08-05T04:10:36.525925+00:00,59.125,58.562,59.125,57.937,22,510,1020,,11062,3542,4153,3369,15.5,1728
390.2,2026-08-05T04:10:37.531490+00:00,59.156,58.468,59.156,57.968,22,510,1020,,11102,3542,4153,3369,15.2,1728
391.2,2026-08-05T04:10:38.536972+00:00,59.25,58.718,59.25,57.718,39,510,1020,,10862,3229,4153,3369,15.2,1728
392.2,2026-08-05T04:10:39.542994+00:00,59.468,58.625,59.468,57.781,47,510,1020,,11381,3702,4186,3369,15.7,1728
393.2,2026-08-05T04:10:40.548727+00:00,59.281,58.25,59.281,57.843,43,612,1020,,11261,3662,4186,3369,15.0,1728
394.2,2026-08-05T04:10:41.554459+00:00,59.281,58.406,59.281,58,44,612,1020,,11381,3702,4186,3369,15.3,1728
395.2,2026-08-05T04:10:42.560240+00:00,59.187,58.062,59.187,57.968,99,816,1020,,10742,3149,4113,3368,15.2,1651
396.2,2026-08-05T04:10:43.566641+00:00,59.968,58.25,59.968,57.75,99,1020,1020,,11102,3503,4146,3368,15.2,729
397.2,2026-08-05T04:10:44.572714+00:00,59.937,58.312,59.937,57.843,99,1020,1020,,11102,3582,4153,3368,15.5,960
398.2,2026-08-05T04:10:45.578607+00:00,60.062,58.156,60.062,57.875,99,1020,1020,,10982,3503,4113,3368,15.3,960
399.2,2026-08-05T04:10:46.584149+00:00,60.281,58.25,60.281,57.968,99,1020,1020,,11261,3781,4186,3368,15.5,806
400.2,2026-08-05T04:10:47.589568+00:00,60,58.406,60,58.031,99,1020,1020,,11341,3702,4186,3368,15.7,1651
401.3,2026-08-05T04:10:48.595022+00:00,59.937,58.312,59.937,57.781,52,1020,1020,,11381,3781,4146,3368,15.8,1651
402.3,2026-08-05T04:10:49.600652+00:00,59.937,58.312,59.937,57.781,63,1020,1020,,11261,3741,4193,3368,15.3,1651
403.3,2026-08-05T04:10:50.606289+00:00,60,58.25,60,57.968,51,1020,1020,,11341,3741,4186,3368,15.7,1651
404.3,2026-08-05T04:10:51.611824+00:00,60.125,58.25,59.687,57.781,99,1020,1020,,11381,3702,4186,3368,15.7,1651
405.3,2026-08-05T04:10:52.618518+00:00,60,58.312,60,57.968,99,1020,1020,,11062,3542,4153,3368,15.2,883
406.3,2026-08-05T04:10:53.624472+00:00,59.875,58.437,59.875,57.781,99,1020,1020,,10942,3428,4113,3368,16.0,1036
407.3,2026-08-05T04:10:54.630691+00:00,60,58.312,60,57.812,99,1020,1020,,11182,3503,4146,3368,15.3,883
408.3,2026-08-05T04:10:55.636828+00:00,60.281,58.125,60.281,57.968,99,1020,1020,,11022,3542,4153,3368,15.2,960
409.3,2026-08-05T04:10:56.642967+00:00,60.406,58.218,60.406,57.937,99,1020,1020,,11102,3622,4146,3368,15.5,806
410.3,2026-08-05T04:10:57.649157+00:00,60.437,58.25,60.437,57.781,99,1020,1020,,11182,3622,4146,3368,15.5,806
411.3,2026-08-05T04:10:58.654058+00:00,60.375,58.406,60.375,57.843,99,1020,1020,,11301,3702,4186,3368,15.3,1651
412.3,2026-08-05T04:10:59.659585+00:00,59.781,58.312,59.781,57.906,99,1020,1020,,11381,3741,4186,3368,15.5,1651
413.3,2026-08-05T04:11:00.664981+00:00,59.687,58.281,59.687,57.906,66,1020,1020,,11461,3741,4146,3368,15.5,1651
414.3,2026-08-05T04:11:01.670445+00:00,59.687,58.125,59.687,57.812,77,1020,1020,,11341,3702,4186,3368,15.2,1651
415.3,2026-08-05T04:11:02.675878+00:00,59.656,58.281,59.656,57.937,50,1020,1020,,11341,3702,4186,3370,15.7,1651
416.3,2026-08-05T04:11:03.681314+00:00,59.656,58.718,59.656,57.843,63,612,1020,,11381,3702,4186,3370,15.3,1651
417.3,2026-08-05T04:11:04.686785+00:00,59.562,58.406,59.562,57.968,29,612,1020,,11421,3702,4186,3370,15.7,1651
418.3,2026-08-05T04:11:05.692244+00:00,59.625,58.312,59.625,57.875,29,612,1020,,11381,3741,4146,3370,15.8,1651
419.4,2026-08-05T04:11:06.697623+00:00,59.562,58.718,59.562,57.906,39,612,1020,,11341,3741,4186,3370,15.5,1651
420.4,2026-08-05T04:11:07.703513+00:00,59.468,58.812,59.468,58.031,44,612,1020,,11501,3702,4186,3370,15.5,1651
421.4,2026-08-05T04:11:08.708599+00:00,59.531,58.812,59.531,57.812,44,612,1020,,11381,3702,4186,3370,15.2,1728
422.4,2026-08-05T04:11:09.714068+00:00,59.468,58.718,59.468,57.906,37,816,1020,,10862,3269,4113,3370,15.0,1651
423.4,2026-08-05T04:11:10.719978+00:00,59.687,58.687,59.687,57.937,47,612,1020,,11341,3702,4186,3370,15.7,1651
424.4,2026-08-05T04:11:11.724937+00:00,59.375,58.687,59.375,57.968,44,612,1020,,11341,3741,4186,3370,15.3,1728
425.4,2026-08-05T04:11:12.730405+00:00,59.437,58.718,59.437,58.031,47,612,1020,,11421,3702,4186,3370,15.3,1728
426.4,2026-08-05T04:11:13.735796+00:00,59.343,58.875,59.343,58.187,47,510,1020,,11301,3741,4193,3370,15.8,1728
427.4,2026-08-05T04:11:14.741134+00:00,59.281,59.031,59.281,57.937,40,510,1020,,11341,3741,4146,3370,15.5,1728
428.4,2026-08-05T04:11:15.746747+00:00,59.281,58.843,59.281,58.062,24,510,1020,,11182,3662,4146,3370,15.7,1728
429.4,2026-08-05T04:11:16.752125+00:00,59.25,59.187,59.25,58.062,24,510,1020,,11142,3662,4153,3370,15.0,1728
430.4,2026-08-05T04:11:17.757501+00:00,59.156,58.875,59.156,58.093,24,510,1020,,11142,3582,4106,3370,15.8,1728
431.4,2026-08-05T04:11:18.762985+00:00,59.187,58.312,59.187,58.156,24,510,1020,,11142,3548,4106,3370,15.7,1728
432.4,2026-08-05T04:11:19.768419+00:00,59.218,58.593,59.218,57.875,24,510,1020,,11062,3508,4066,3370,15.7,1728
433.4,2026-08-05T04:11:20.773914+00:00,59.125,58.312,59.125,57.875,24,510,1020,,11062,3468,4066,3370,15.7,1728
434.4,2026-08-05T04:11:21.779072+00:00,59.25,59,59.25,58.062,24,510,1020,,10862,3508,4073,3370,15.3,1728
435.4,2026-08-05T04:11:22.784632+00:00,59.031,58.906,59.031,58.125,24,510,1020,,10902,3428,4073,3370,15.5,1728
436.4,2026-08-05T04:11:23.790186+00:00,59.031,58.937,59.031,58.156,22,510,1020,,10862,3428,4073,3368,15.7,1728
437.5,2026-08-05T04:11:24.796148+00:00,59,59,59,58.062,22,408,1020,,10862,3389,4073,3368,15.5,1728
438.5,2026-08-05T04:11:25.801543+00:00,59.031,58.875,59.031,58.031,24,408,1020,,10702,3349,4033,3368,15.2,1728
439.5,2026-08-05T04:11:26.806914+00:00,59.093,59.093,59.093,57.843,24,510,1020,,10742,3309,4033,3368,15.5,1728
440.5,2026-08-05T04:11:27.812343+00:00,59.093,58.843,59.093,58.062,24,408,1020,,10622,3309,3993,3368,15.5,1728
441.5,2026-08-05T04:11:28.817902+00:00,59.062,59,59.062,58.156,24,408,1020,,10583,3309,3993,3368,15.7,1728
442.5,2026-08-05T04:11:29.823302+00:00,59.062,59.093,59.093,58.187,29,408,1020,,10600,3269,3993,3368,15.8,1728
443.5,2026-08-05T04:11:30.828782+00:00,59,58.437,59,58,30,408,1020,,10520,3229,3993,3368,16.0,1728
444.5,2026-08-05T04:11:31.834273+00:00,59.156,58.718,59.156,58.125,27,408,1020,,10440,3189,3953,3368,15.5,1728
445.5,2026-08-05T04:11:32.839798+00:00,59.187,58.406,59.187,58.062,29,408,1020,,10440,3149,3993,3368,14.8,1728
446.5,2026-08-05T04:11:33.845368+00:00,59.375,58.687,59.375,58.093,28,408,1020,,10560,3229,3993,3368,15.5,1728
447.5,2026-08-05T04:11:34.850850+00:00,59.25,58.718,59.25,58.156,29,408,1020,,10600,3229,3993,3368,15.2,1728
448.5,2026-08-05T04:11:35.856377+00:00,59.343,58.531,59.343,57.843,24,408,1020,,10622,3309,4033,3368,15.2,1728
449.5,2026-08-05T04:11:36.861786+00:00,59.375,58.687,59.375,57.937,25,408,1020,,10742,3349,4073,3368,15.8,1728
450.5,2026-08-05T04:11:37.867321+00:00,59.437,58.437,59.437,58.093,24,510,1020,,10902,3389,4073,3368,15.3,1728
451.5,2026-08-05T04:11:38.872866+00:00,59.437,58.593,59.437,58.156,24,510,1020,,10942,3428,4073,3368,15.3,1728
452.5,2026-08-05T04:11:39.878313+00:00,59.625,58.625,59.187,58.062,24,510,1020,,11022,3542,4153,3368,15.2,1728
453.5,2026-08-05T04:11:40.883805+00:00,59.218,58.562,59.218,57.968,24,510,1020,,11022,3542,4153,3368,15.3,1728
454.5,2026-08-05T04:11:41.889440+00:00,59.25,58.75,59.25,58.031,23,510,1020,,11062,3508,4106,3368,15.5,1728
455.6,2026-08-05T04:11:42.894946+00:00,59.187,58.437,59.187,58.125,22,510,1020,,11062,3588,4113,3368,15.7,1728
456.6,2026-08-05T04:11:43.900476+00:00,59.343,58.531,59.343,58.156,25,510,1020,,11102,3588,4153,3370,15.3,1728
457.6,2026-08-05T04:11:44.906855+00:00,59.406,58.375,59.406,58.062,45,510,1020,,11182,3628,4146,3370,15.2,1728
458.6,2026-08-05T04:11:45.911348+00:00,59.406,58.593,59.406,58.031,49,510,1020,,11301,3622,4146,3370,15.7,1728
459.6,2026-08-05T04:11:46.916875+00:00,59.5,58.687,59.5,58.031,45,612,1020,,11301,3622,4146,3370,15.0,1728
460.6,2026-08-05T04:11:47.922360+00:00,59.625,58.531,59.625,58.125,47,612,1020,,11341,3702,4186,3370,15.5,1728
461.6,2026-08-05T04:11:48.928280+00:00,59.437,58.687,59.437,58.125,42,612,1020,,11261,3662,4186,3370,15.3,1651
462.6,2026-08-05T04:11:49.933646+00:00,59.531,58.312,59.531,58.187,31,510,1020,,11301,3622,4186,3370,15.3,1651
463.6,2026-08-05T04:11:50.939753+00:00,59.75,58.468,59.75,58,58,1020,1020,,11182,3582,4146,3370,15.0,1574
464.6,2026-08-05T04:11:51.945213+00:00,60,58.562,60,58.093,99,1020,1020,,11301,3662,4186,3370,15.7,1651
465.6,2026-08-05T04:11:52.950676+00:00,59.843,58.343,59.843,58.125,61,1020,1020,,11341,3781,4146,3370,15.3,1651
466.6,2026-08-05T04:11:53.956394+00:00,59.75,58.718,59.75,58.156,53,612,1020,,11421,3741,4186,3370,15.7,1651
467.6,2026-08-05T04:11:54.961921+00:00,59.687,58.25,59.687,58.156,32,612,1020,,11341,3741,4146,3370,15.7,1651
468.6,2026-08-05T04:11:55.967054+00:00,59.593,58.437,59.593,57.968,31,612,1020,,11381,3741,4146,3370,15.2,1651
469.6,2026-08-05T04:11:56.972644+00:00,59.812,58.625,59.812,58,33,612,1020,,11381,3702,4186,3370,15.5,1651
470.6,2026-08-05T04:11:57.978024+00:00,59.718,58.5,59.718,58.125,37,612,1020,,11341,3702,4146,3370,15.3,1651
471.6,2026-08-05T04:11:58.983492+00:00,59.781,59.093,59.781,58.156,44,612,1020,,11461,3741,4186,3370,15.7,1728
472.6,2026-08-05T04:11:59.988953+00:00,59.875,59.031,59.875,58.187,45,612,1020,,11461,3702,4186,3370,15.3,1728
473.7,2026-08-05T04:12:00.994363+00:00,59.812,59.062,59.812,58.093,45,612,1020,,11381,3702,4186,3370,15.5,1728
474.7,2026-08-05T04:12:02.000775+00:00,59.812,59.187,59.812,58.156,40,510,1020,,11301,3741,4186,3370,15.7,1728
475.7,2026-08-05T04:12:03.006072+00:00,59.781,59.093,59.781,58.156,40,510,1020,,11301,3662,4146,3370,15.5,1728
476.7,2026-08-05T04:12:04.011430+00:00,59.718,59.187,59.718,58.062,24,510,1020,,11261,3622,4146,3370,15.7,1728
477.7,2026-08-05T04:12:05.016900+00:00,59.468,58.843,59.468,58.218,23,510,1020,,11182,3662,4146,3370,15.3,1728
478.7,2026-08-05T04:12:06.022445+00:00,59.375,58.937,59.375,58.218,24,510,1020,,11182,3548,4106,3370,15.3,1728
479.7,2026-08-05T04:12:07.027879+00:00,59.468,59.156,59.468,58.218,23,510,1020,,11022,3542,4153,3370,15.2,1728
480.7,2026-08-05T04:12:08.033284+00:00,59.437,58.875,59.437,58.093,24,510,1020,,11102,3588,4106,3369,15.8,1728
481.7,2026-08-05T04:12:09.038722+00:00,59.343,59,59.343,58.062,24,510,1020,,11062,3503,4113,3369,15.0,1728
482.7,2026-08-05T04:12:10.044427+00:00,59.406,58.718,59.406,58.218,23,510,1020,,11062,3503,4113,3369,15.5,1728
483.7,2026-08-05T04:12:11.050111+00:00,59.468,58.718,59.468,58.156,23,510,1020,,11062,3542,4113,3369,15.2,1728
484.7,2026-08-05T04:12:12.055533+00:00,59.5,58.687,59.5,58.218,20,510,1020,,11102,3582,4153,3369,15.0,1728
485.7,2026-08-05T04:12:13.061033+00:00,59.718,58.687,59.5,58.156,56,510,1020,,11261,3582,4146,3369,15.2,1728
486.7,2026-08-05T04:12:14.066506+00:00,59.531,58.843,59.531,58.187,45,612,1020,,11341,3622,4146,3369,15.3,1728
487.7,2026-08-05T04:12:15.072235+00:00,59.625,58.531,59.625,58.187,34,612,1020,,11301,3582,4146,3368,15.5,1651
488.7,2026-08-05T04:12:16.078097+00:00,59.625,58.656,59.625,58.343,37,612,1020,,11381,3662,4186,3368,15.5,1651
489.7,2026-08-05T04:12:17.083639+00:00,59.843,58.656,59.843,58.281,66,1020,1020,,11222,3662,4186,3368,15.0,1574
490.7,2026-08-05T04:12:18.089610+00:00,60.156,58.531,60.156,58.187,99,1020,1020,,11022,3389,4106,3371,18.3,1036
491.8,2026-08-05T04:12:19.095116+00:00,59.812,59.125,59.812,58.187,99,714,1020,,10320,2990,3993,3371,15.5,1728
492.8,2026-08-05T04:12:20.100483+00:00,59.875,58.437,60.218,58.187,90,1020,1020,,10480,3110,4033,3372,15.2,1728
493.8,2026-08-05T04:12:21.106594+00:00,60.312,58.593,60.312,58.156,99,1020,1020,,10662,3229,4033,3372,15.5,1267
494.8,2026-08-05T04:12:22.112838+00:00,60.218,58.593,60.218,58.187,89,1020,1020,,10400,3149,4033,3372,15.5,1728
495.8,2026-08-05T04:12:23.118622+00:00,60.093,58.718,60.093,58.187,89,1020,1020,,10520,3110,4033,3372,15.3,1728
496.8,2026-08-05T04:12:24.124562+00:00,60.187,58.562,60.187,58.156,89,1020,1020,,10400,3149,4033,3374,15.5,1728
497.8,2026-08-05T04:12:25.129871+00:00,60,58.312,59.75,58.218,96,714,1020,,10040,2795,3953,3374,15.8,1728
498.8,2026-08-05T04:12:26.135852+00:00,59.718,58.375,59.718,58.281,99,714,1020,,9960,2830,3960,3374,15.3,883
499.8,2026-08-05T04:12:27.141832+00:00,59.781,58.437,59.781,58.156,99,714,1020,,10000,2835,3913,3374,15.5,960
500.8,2026-08-05T04:12:28.147594+00:00,59.437,58.687,59.437,58.187,99,714,1020,,9520,2555,3840,3374,15.2,960
501.8,2026-08-05T04:12:29.152700+00:00,59.343,58.5,59.343,58.25,99,714,1020,,9294,2436,3760,3374,15.5,1574
502.8,2026-08-05T04:12:30.159009+00:00,59.343,58.281,59.343,58.281,92,714,1020,,9174,2396,3720,3372,15.8,1728
503.8,2026-08-05T04:12:31.163281+00:00,59.375,58.343,59.375,58.312,99,714,1020,,9415,2476,3760,3372,15.3,1651
504.8,2026-08-05T04:12:32.169268+00:00,59.468,58.468,59.468,58.281,99,714,1020,,9535,2595,3800,3372,15.2,1420
505.8,2026-08-05T04:12:33.175495+00:00,59.718,58.718,59.718,58.156,99,714,1020,,9800,2715,3880,3372,15.2,1113
506.8,2026-08-05T04:12:34.182086+00:00,59.625,58.656,59.625,58.25,99,714,1020,,9880,2835,3880,3372,15.3,960
507.8,2026-08-05T04:12:35.187465+00:00,59.656,58.406,59.656,58.375,99,714,1020,,10200,2835,3913,3372,15.3,806
508.8,2026-08-05T04:12:36.194856+00:00,59.843,58.718,60.031,58.343,99,1020,1020,,10320,3070,3993,3372,15.5,1728
509.9,2026-08-05T04:12:37.199137+00:00,60.25,58.656,60.25,58.187,87,1020,1020,,10560,3149,3993,3372,15.3,1728
510.9,2026-08-05T04:12:38.204396+00:00,59.937,58.656,59.937,58.281,99,714,1020,,10080,2795,3953,3372,15.2,1728
511.9,2026-08-05T04:12:39.210851+00:00,59.937,58.468,59.937,58.312,99,714,1020,,10000,2835,3913,3372,15.7,806
512.9,2026-08-05T04:12:40.216468+00:00,59.718,58.312,59.718,58.25,99,714,1020,,9640,2595,3840,3372,15.3,960
513.9,2026-08-05T04:12:41.221874+00:00,59.906,58.343,59.906,58.312,99,714,1020,,9600,2675,3840,3372,15.7,1420
514.9,2026-08-05T04:12:42.227175+00:00,59.531,58.593,59.531,58.312,99,306,1020,,9374,2436,3720,3372,15.5,1651
515.9,2026-08-05T04:12:43.232688+00:00,59.468,58.968,59.281,58.25,77,306,1020,,9134,2360,3720,3372,15.8,1728
516.9,2026-08-05T04:12:44.238191+00:00,59.062,58.781,59.062,58.281,23,306,1020,,9014,2240,3680,3372,15.3,1728
517.9,2026-08-05T04:12:45.243691+00:00,59.031,58.5,59.031,58.25,35,306,1020,,9014,2280,3680,3372,15.5,1728
518.9,2026-08-05T04:12:46.249036+00:00,59.062,58.718,59.062,58.406,39,306,1020,,8974,2280,3685,3372,15.3,1728
519.9,2026-08-05T04:12:47.254346+00:00,58.968,58.718,58.968,58.156,39,306,1020,,9014,2280,3680,3372,15.7,1728
520.9,2026-08-05T04:12:48.260112+00:00,58.968,58.875,58.968,58.312,39,306,1020,,9054,2280,3680,3372,15.0,1728
521.9,2026-08-05T04:12:49.265802+00:00,59.093,58.875,59.093,58.25,38,306,1020,,9094,2320,3680,3372,15.8,1728
522.9,2026-08-05T04:12:50.271348+00:00,59.156,58.625,59.156,58.25,39,306,1020,,9054,2320,3680,3371,15.3,1728
523.9,2026-08-05T04:12:51.276917+00:00,59.031,58.625,59.031,58.343,38,306,1020,,9214,2436,3680,3375,18.0,1728
524.9,2026-08-05T04:12:52.282163+00:00,59.375,59.218,59.375,58.312,39,306,1020,,9054,2280,3680,3375,14.5,1728
525.9,2026-08-05T04:12:53.287762+00:00,59,58.593,59,58.25,40,306,1020,,9214,2396,3720,3375,15.5,1728
526.9,2026-08-05T04:12:54.293292+00:00,58.906,58.843,58.906,58.25,38,306,1020,,9214,2400,3680,3375,15.7,1728
528.0,2026-08-05T04:12:55.298925+00:00,58.906,58.906,58.906,58.281,39,306,1020,,9054,2436,3720,3375,15.7,1728
529.0,2026-08-05T04:12:56.304323+00:00,59,58.906,59,58.343,40,306,1020,,9174,2400,3680,3375,15.3,1728
530.0,2026-08-05T04:12:57.309852+00:00,59,58.687,59,58.25,38,306,1020,,9054,2280,3680,3375,14.8,1728
531.0,2026-08-05T04:12:58.315296+00:00,58.968,58.687,58.968,58.187,39,306,1020,,9134,2360,3680,3375,15.3,1728
532.0,2026-08-05T04:12:59.320780+00:00,59.031,58.843,59.031,58.25,35,306,1020,,9174,2396,3720,3375,15.5,1728
533.0,2026-08-05T04:13:00.326145+00:00,58.968,58.718,58.968,58.218,39,306,1020,,9134,2320,3720,3375,14.8,1728
534.0,2026-08-05T04:13:01.331635+00:00,59.218,58.656,59.218,58.281,39,306,1020,,9254,2436,3760,3375,15.7,1728
535.0,2026-08-05T04:13:02.336904+00:00,59.25,58.718,59.25,58.281,40,306,1020,,9374,2440,3680,3375,15.3,1728
536.0,2026-08-05T04:13:03.342285+00:00,59.218,58.781,59.218,58.156,37,306,1020,,9160,2476,3720,3375,15.5,1728
537.0,2026-08-05T04:13:04.347698+00:00,59.125,58.843,59.125,58.187,39,306,1020,,9040,2400,3680,3375,14.8,1728
538.0,2026-08-05T04:13:05.353392+00:00,59.25,58.562,59.25,58.281,38,306,1020,,9174,2396,3720,3375,15.3,1728
539.0,2026-08-05T04:13:06.358770+00:00,59.343,58.687,59.343,58.25,39,306,1020,,9374,2480,3680,3375,15.3,1728
540.0,2026-08-05T04:13:07.364352+00:00,59.281,58.406,59.281,58.281,38,306,1020,,9160,2476,3720,3375,15.8,1728
541.0,2026-08-05T04:13:08.370056+00:00,59.343,58.562,59.343,58.093,37,306,1020,,9294,2396,3720,3375,15.5,1728
542.0,2026-08-05T04:13:09.375735+00:00,59.343,58.718,59.343,58.281,38,306,1020,,9174,2436,3720,3375,15.8,1728
543.0,2026-08-05T04:13:10.381188+00:00,59.125,58.625,59.125,58.187,39,306,1020,,9014,2276,3766,3375,15.0,1728
544.0,2026-08-05T04:13:11.386583+00:00,59.031,58.968,59.031,58.312,40,306,1020,,9160,2480,3720,3375,15.7,1728
545.0,2026-08-05T04:13:12.392012+00:00,59,58.625,59,58.281,40,306,1020,,9294,2436,3720,3375,15.8,1728
546.1,2026-08-05T04:13:13.397680+00:00,59,58.562,59,58.218,39,306,1020,,9254,2436,3720,3375,15.3,1728
547.1,2026-08-05T04:13:14.403020+00:00,59.125,58.75,59.125,58.218,36,306,1020,,9254,2436,3720,3375,15.8,1728
548.1,2026-08-05T04:13:15.408575+00:00,59.031,58.687,59.031,58.281,39,306,1020,,9254,2396,3720,3375,15.7,1728
549.1,2026-08-05T04:13:16.414146+00:00,59.062,58.812,59.062,58.343,40,306,1020,,9294,2400,3680,3375,15.5,1728
550.1,2026-08-05T04:13:17.419766+00:00,59.125,58.593,59.125,58.25,39,306,1020,,9094,2436,3720,3375,15.7,1728
551.1,2026-08-05T04:13:18.425343+00:00,59.062,58.656,59.062,58.312,39,306,1020,,9174,2396,3720,3375,15.7,1728
552.1,2026-08-05T04:13:19.430775+00:00,59,58.718,59,58.343,39,306,1020,,9254,2360,3680,3375,15.8,1728
553.1,2026-08-05T04:13:20.435889+00:00,58.968,58.5,58.968,58.281,39,306,1020,,9094,2396,3720,3375,15.5,1728
554.1,2026-08-05T04:13:21.441469+00:00,59,58.812,59,58.25,37,306,1020,,9214,2316,3680,3375,15.5,1728
555.1,2026-08-05T04:13:22.447217+00:00,59,58.406,59,58.343,38,306,1020,,9094,2360,3680,3375,15.7,1728
556.1,2026-08-05T04:13:23.452361+00:00,59.031,58.687,59.031,58.312,37,306,1020,,9174,2360,3680,3375,15.2,1728
557.1,2026-08-05T04:13:24.457708+00:00,59.062,59.093,59.093,58.468,36,306,1020,,9134,2360,3680,3375,15.7,1728
558.1,2026-08-05T04:13:25.462989+00:00,59.093,59.156,59.156,58.25,40,306,1020,,9094,2320,3640,3375,15.0,1728
559.1,2026-08-05T04:13:26.468839+00:00,59.062,58.906,59.062,58.25,39,306,1020,,9094,2320,3680,3375,15.2,1728
560.1,2026-08-05T04:13:27.474961+00:00,58.968,58.437,58.968,58.343,39,306,1020,,9174,2360,3680,3375,15.5,1728
561.1,2026-08-05T04:13:28.481008+00:00,59.25,58.406,59.25,58.281,40,306,1020,,9134,2396,3720,3375,15.2,1728
562.1,2026-08-05T04:13:29.486804+00:00,59.25,58.625,59.25,58.281,39,306,1020,,9134,2356,3720,3375,15.7,1728
563.1,2026-08-05T04:13:30.492317+00:00,59.187,58.5,59.187,58.187,40,306,1020,,9174,2356,3720,3375,15.7,1728
564.2,2026-08-05T04:13:31.498435+00:00,59.25,58.625,59.25,58.25,38,306,1020,,9174,2356,3680,3375,15.3,1728
565.2,2026-08-05T04:13:32.504055+00:00,59.25,58.468,59.25,58.312,37,306,1020,,9094,2356,3680,3375,15.5,1728
566.2,2026-08-05T04:13:33.509861+00:00,59.031,58.5,59.031,58.281,40,306,1020,,9054,2316,3720,3375,15.7,1728
567.2,2026-08-05T04:13:34.515726+00:00,59,58.531,59,58.375,37,306,1020,,9094,2316,3720,3375,15.8,1728
568.2,2026-08-05T04:13:35.521515+00:00,59.125,58.687,59.125,58.25,37,306,1020,,9094,2400,3640,3375,15.3,1728
569.2,2026-08-05T04:13:36.527514+00:00,59.031,58.781,59.031,58.281,38,306,1020,,9054,2356,3680,3375,15.7,1728
570.2,2026-08-05T04:13:37.533344+00:00,59.062,58.468,59.062,58.25,38,306,1020,,9134,2276,3680,3375,15.5,1728
571.2,2026-08-05T04:13:38.538843+00:00,58.968,58.5,58.968,58.25,40,306,1020,,9134,2320,3680,3375,15.5,1728
572.2,2026-08-05T04:13:39.544733+00:00,58.968,58.5,58.968,58.25,39,306,1020,,9094,2320,3680,3375,15.5,1728
573.2,2026-08-05T04:13:40.550937+00:00,58.968,58.718,58.968,58.281,40,306,1020,,9134,2276,3680,3375,16.0,1728
574.2,2026-08-05T04:13:41.556680+00:00,58.968,58.718,58.968,58.25,30,306,1020,,8934,2276,3685,3375,15.2,1728
575.2,2026-08-05T04:13:42.562492+00:00,59.062,58.437,59.062,58.343,20,306,1020,,9134,2360,3640,3375,15.5,1728
576.2,2026-08-05T04:13:43.568520+00:00,59.406,58.531,59.406,58.406,79,306,1020,,9214,2356,3720,3375,15.3,1728
577.2,2026-08-05T04:13:44.574124+00:00,59.437,58.687,59.437,58.281,92,306,1020,,9254,2436,3760,3375,15.7,1728
578.2,2026-08-05T04:13:45.582638+00:00,59.468,58.656,59.468,58.375,99,714,1020,,9294,2436,3760,3375,15.7,1728
579.2,2026-08-05T04:13:46.588441+00:00,59.281,58.5,59.281,58.375,99,714,1020,,9415,2476,3720,3375,15.5,1651
580.2,2026-08-05T04:13:47.594449+00:00,59.312,58.5,59.312,58.375,99,714,1020,,9374,2476,3800,3375,15.5,1344
581.3,2026-08-05T04:13:48.600383+00:00,59.531,58.718,59.531,58.406,99,714,1020,,9480,2555,3800,3375,15.3,1420
582.3,2026-08-05T04:13:49.606697+00:00,59.875,58.593,59.875,58.312,99,714,1020,,9520,2675,3840,3375,15.7,1190
583.3,2026-08-05T04:13:50.612699+00:00,59.937,58.875,59.937,58.343,99,714,1020,,9720,2675,3920,3375,15.3,1036
584.3,2026-08-05T04:13:51.618524+00:00,59.968,58.562,59.968,58.375,99,714,1020,,9960,2835,3960,3375,15.3,883
585.3,2026-08-05T04:13:52.624441+00:00,60,58.656,60,58.343,99,714,1020,,10080,2870,3953,3375,15.2,729
586.3,2026-08-05T04:13:53.630318+00:00,60,58.718,60,58.375,99,714,1020,,10240,2910,3953,3375,15.7,1728
587.3,2026-08-05T04:13:54.645567+00:00,60.156,58.781,60.156,58.25,91,1020,1020,,10760,3110,3987,3375,15.5,1728
588.3,2026-08-05T04:13:55.642510+00:00,60.343,58.687,60.343,58.25,99,1020,1020,,10942,3428,4073,3375,15.5,1113
589.3,2026-08-05T04:13:56.648551+00:00,60.5,58.812,60.5,58.312,99,1020,1020,,11222,3542,4186,3375,15.3,883
590.3,2026-08-05T04:13:57.654322+00:00,60.468,58.875,60.468,58.25,99,1020,1020,,11341,3662,4226,3375,15.5,729
591.3,2026-08-05T04:13:58.660235+00:00,60.468,58.968,60.468,58.343,76,1020,1020,,11421,3622,4186,3375,15.7,1651
592.3,2026-08-05T04:13:59.666832+00:00,60.312,58.593,60.312,58.312,72,612,1020,,11301,3741,4186,3375,15.7,1651
593.3,2026-08-05T04:14:00.672071+00:00,60.25,58.718,60.25,58.406,31,612,1020,,11381,3702,4186,3375,15.5,1651
594.3,2026-08-05T04:14:01.677934+00:00,60.187,58.718,60.187,58.468,32,612,1020,,11301,3702,4186,3375,15.7,1651
595.3,2026-08-05T04:14:02.683858+00:00,59.906,58.781,59.906,58.281,32,612,1020,,11301,3622,4146,3375,15.5,1574
596.3,2026-08-05T04:14:03.689574+00:00,59.906,59.125,59.906,58.375,34,612,1020,,11261,3702,4186,3375,15.3,1651
597.4,2026-08-05T04:14:04.695387+00:00,59.843,58.718,59.843,58.281,39,612,1020,,11261,3702,4186,3375,15.5,1574
598.4,2026-08-05T04:14:05.701288+00:00,59.812,58.843,59.812,58.406,41,612,1020,,11222,3622,4146,3375,15.8,1574
599.4,2026-08-05T04:14:06.707073+00:00,59.906,58.812,59.906,58.25,45,612,1020,,11381,3702,4186,3375,15.8,1728
600.4,2026-08-05T04:14:07.712970+00:00,59.843,58.875,59.687,58.312,46,612,1020,,11301,3622,4186,3375,15.5,1728
601.4,2026-08-05T04:14:08.718732+00:00,59.656,59.125,59.656,58.312,43,612,1020,,11341,3582,4186,3375,15.3,1728
602.4,2026-08-05T04:14:09.724605+00:00,59.718,58.781,59.718,58.312,43,612,1020,,11381,3662,4186,3375,15.7,1728
603.4,2026-08-05T04:14:10.730583+00:00,59.687,58.875,59.687,58.437,46,510,1020,,11301,3662,4186,3375,15.5,1728
604.4,2026-08-05T04:14:11.736826+00:00,59.531,58.781,59.531,58.312,27,510,1020,,11261,3622,4186,3375,15.8,1728
605.4,2026-08-05T04:14:12.742814+00:00,59.75,58.937,59.75,58.343,37,510,1020,,11142,3582,4146,3375,15.5,1728
606.4,2026-08-05T04:14:13.748343+00:00,59.875,58.875,59.875,58.406,26,510,1020,,11261,3702,4106,3375,15.3,1728
607.4,2026-08-05T04:14:14.754376+00:00,59.781,58.75,59.781,58.562,33,510,1020,,11222,3582,4146,3375,15.5,1728
608.4,2026-08-05T04:14:15.760205+00:00,59.781,58.718,59.781,58.468,23,510,1020,,11182,3622,4146,3375,15.7,1728
609.4,2026-08-05T04:14:16.765804+00:00,59.812,58.75,59.812,58.343,23,510,1020,,11102,3503,4146,3375,15.2,1728
610.4,2026-08-05T04:14:17.771684+00:00,59.562,58.875,59.562,58.437,24,510,1020,,11022,3503,4113,3375,15.3,1728
611.4,2026-08-05T04:14:18.777573+00:00,59.406,58.812,59.406,58.5,23,510,1020,,10942,3542,4113,3375,15.8,1728
612.4,2026-08-05T04:14:19.783338+00:00,59.437,58.687,59.437,58.406,24,510,1020,,10982,3508,4113,3375,15.7,1728
613.4,2026-08-05T04:14:20.789150+00:00,59.531,58.781,59.531,58.406,24,510,1020,,10902,3468,4113,3375,15.0,1728
614.5,2026-08-05T04:14:21.795002+00:00,59.468,58.812,59.468,58.343,23,408,1020,,10662,3229,4113,3375,15.2,1728
615.5,2026-08-05T04:14:22.800799+00:00,59.843,58.875,59.843,58.375,24,510,1020,,10942,3508,4113,3375,15.7,1728
616.5,2026-08-05T04:14:23.806590+00:00,59.75,58.625,59.75,58.468,24,510,1020,,11022,3508,4066,3375,15.5,1728
617.5,2026-08-05T04:14:24.812483+00:00,59.781,58.718,59.781,58.5,23,510,1020,,10982,3468,4073,3375,15.7,1728
618.5,2026-08-05T04:14:25.818595+00:00,59.781,58.718,59.781,58.406,24,510,1020,,11022,3468,4066,3375,15.3,1728
619.5,2026-08-05T04:14:26.824453+00:00,59.843,58.812,59.843,58.375,24,510,1020,,10942,3349,4066,3375,15.8,1728
620.5,2026-08-05T04:14:27.830057+00:00,59.437,58.75,59.437,58.531,24,510,1020,,10862,3428,4033,3375,15.8,1728
621.5,2026-08-05T04:14:28.836483+00:00,59.562,58.625,59.562,58.406,22,408,1020,,10702,3468,4073,3375,15.8,1728
622.5,2026-08-05T04:14:29.842549+00:00,59.468,58.656,59.468,58.468,22,408,1020,,10622,3389,4073,3375,15.5,1728
623.5,2026-08-05T04:14:30.848125+00:00,59.468,58.812,59.468,58.406,25,408,1020,,10622,3389,4033,3375,15.7,1728
624.5,2026-08-05T04:14:31.853887+00:00,59.5,58.843,59.5,58.468,24,408,1020,,10662,3428,4033,3375,15.7,1728
625.5,2026-08-05T04:14:32.859753+00:00,59.25,58.718,59.25,58.406,26,408,1020,,10503,3269,4033,3375,15.3,1728
626.5,2026-08-05T04:14:33.865578+00:00,59.281,58.625,59.281,58.468,29,408,1020,,10583,3309,4033,3375,15.7,1728
627.5,2026-08-05T04:14:34.871393+00:00,59.375,58.625,59.375,58.343,30,408,1020,,10423,3309,4033,3375,15.7,1728
628.5,2026-08-05T04:14:35.877237+00:00,59.343,58.781,59.343,58.437,30,408,1020,,10622,3309,3993,3375,15.5,1728
629.5,2026-08-05T04:14:36.883038+00:00,59.312,58.687,59.312,58.406,27,408,1020,,10400,3229,3993,3375,15.8,1728
630.5,2026-08-05T04:14:37.888870+00:00,59.468,58.718,59.468,58.406,27,408,1020,,10480,3189,3953,3375,15.5,1728
631.6,2026-08-05T04:14:38.894651+00:00,59.468,58.718,59.468,58.562,29,408,1020,,10303,3189,3993,3375,15.7,1728
632.6,2026-08-05T04:14:39.900534+00:00,59.5,58.656,59.5,58.343,30,408,1020,,10503,3229,3953,3375,15.7,1728
633.6,2026-08-05T04:14:40.906302+00:00,59.468,58.937,59.468,58.281,29,408,1020,,10240,3149,3993,3375,15.5,1728
634.6,2026-08-05T04:14:41.912122+00:00,59.562,58.562,59.562,58.406,30,408,1020,,10360,3154,3913,3375,15.8,1728
635.6,2026-08-05T04:14:42.917932+00:00,59.218,58.562,59.218,58.375,30,408,1020,,10280,3070,3913,3375,15.7,1728
636.6,2026-08-05T04:14:43.923807+00:00,59.375,58.718,59.375,58.531,30,408,1020,,10240,3070,3913,3375,15.3,1728
637.6,2026-08-05T04:14:44.929612+00:00,59.343,58.843,59.343,58.375,30,408,1020,,10120,3030,3953,3375,15.5,1728
638.6,2026-08-05T04:14:45.935383+00:00,59.312,58.843,59.312,58.375,29,408,1020,,10320,2950,3913,3375,15.5,1728
639.6,2026-08-05T04:14:46.941122+00:00,59.281,58.562,59.281,58.375,29,408,1020,,10280,2995,3873,3375,15.3,1728
640.6,2026-08-05T04:14:47.946355+00:00,59.625,58.906,59.625,58.437,29,408,1020,,10160,2950,3913,3375,15.8,1728
641.6,2026-08-05T04:14:48.951862+00:00,59.625,59.031,59.625,58.531,29,408,1020,,10160,3030,3953,3375,15.3,1728
642.6,2026-08-05T04:14:49.957870+00:00,59.656,58.906,59.656,58.375,27,408,1020,,10280,2990,3953,3375,15.3,1728
643.6,2026-08-05T04:14:50.963318+00:00,59.812,59,59.812,58.531,28,408,1020,,10480,3189,3953,3375,15.3,1728
644.6,2026-08-05T04:14:51.968517+00:00,59.781,58.843,59.781,58.5,28,408,1020,,10440,3189,3953,3375,15.5,1728
645.6,2026-08-05T04:14:52.974027+00:00,59.343,58.968,59.343,58.562,29,408,1020,,10463,3189,3953,3375,15.5,1728
646.6,2026-08-05T04:14:53.979448+00:00,59.281,58.937,59.281,58.531,29,408,1020,,10400,3110,3953,3375,15.3,1728
647.6,2026-08-05T04:14:54.984957+00:00,59.312,59.031,59.312,58.375,29,408,1020,,10383,3189,3953,3375,15.7,1728
648.6,2026-08-05T04:14:55.990479+00:00,59.343,59.062,59.343,58.468,28,408,1020,,10320,3110,3953,3375,15.8,1728
649.7,2026-08-05T04:14:56.996171+00:00,59.468,58.906,59.468,58.375,29,408,1020,,10343,3149,3953,3375,15.8,1728
650.7,2026-08-05T04:14:58.001726+00:00,59.5,58.843,59.5,58.562,29,408,1020,,10400,3110,3953,3375,15.7,1728
651.7,2026-08-05T04:14:59.007396+00:00,59.5,58.937,59.5,58.656,29,408,1020,,10343,3149,3953,3375,15.7,1728
652.7,2026-08-05T04:15:00.012907+00:00,59.593,59,59.593,58.25,27,408,1020,,10360,3110,3953,3375,15.3,1728
653.7,2026-08-05T04:15:01.018649+00:00,59.562,59.125,59.562,58.437,27,408,1020,,10400,3149,3953,3375,15.5,1728
654.7,2026-08-05T04:15:02.024169+00:00,59.625,58.906,59.625,58.5,27,408,1020,,10400,3149,3993,3375,15.2,1728
655.7,2026-08-05T04:15:03.030069+00:00,59.375,58.875,59.375,58.5,30,408,1020,,10520,3189,3993,3375,15.5,1728
656.7,2026-08-05T04:15:04.035788+00:00,59.437,58.75,59.437,58.531,29,408,1020,,10520,3149,3993,3375,15.0,1728
657.7,2026-08-05T04:15:05.041531+00:00,59.437,58.875,59.437,58.437,27,408,1020,,10400,3030,4033,3375,15.0,1728
658.7,2026-08-05T04:15:06.047213+00:00,59.468,59.093,59.468,58.531,24,408,1020,,10742,3309,4073,3375,15.3,1728
659.7,2026-08-05T04:15:07.052671+00:00,59.468,58.812,59.468,58.406,23,510,1020,,10862,3428,4073,3375,15.3,1728
660.7,2026-08-05T04:15:08.058225+00:00,59.531,58.906,59.531,58.468,24,510,1020,,10942,3463,4113,3375,15.3,1728
661.7,2026-08-05T04:15:09.063810+00:00,59.593,58.906,59.593,58.5,23,510,1020,,11022,3468,4106,3375,15.0,1728
662.7,2026-08-05T04:15:10.069771+00:00,59.937,59.031,59.937,58.5,29,510,1020,,11062,3503,4146,3375,15.5,1728
663.7,2026-08-05T04:15:11.075882+00:00,59.906,59.156,59.906,58.312,37,510,1020,,11142,3542,4146,3375,15.2,1728
664.7,2026-08-05T04:15:12.081758+00:00,59.906,58.875,59.906,58.437,24,510,1020,,11102,3542,4193,3375,15.8,1728
665.7,2026-08-05T04:15:13.087631+00:00,59.937,58.906,59.937,58.531,22,510,1020,,11182,3548,4106,3375,15.5,1728
666.7,2026-08-05T04:15:14.093457+00:00,59.937,58.968,59.937,58.593,24,510,1020,,11022,3542,4113,3375,15.7,1728
667.8,2026-08-05T04:15:15.099594+00:00,59.468,59,59.468,58.468,23,510,1020,,10982,3508,4073,3375,15.7,1728
668.8,2026-08-05T04:15:16.105545+00:00,59.656,59.218,59.656,58.468,23,510,1020,,10862,3463,4113,3375,15.7,1728
669.8,2026-08-05T04:15:17.111385+00:00,59.531,58.968,59.531,58.437,24,510,1020,,10822,3463,4113,3375,16.0,1728
670.8,2026-08-05T04:15:18.117274+00:00,59.625,59.031,59.625,58.5,24,510,1020,,10862,3389,4073,3375,15.5,1728
671.8,2026-08-05T04:15:19.123040+00:00,59.531,58.906,59.531,58.437,23,510,1020,,10822,3389,4073,3375,15.3,1728
672.8,2026-08-05T04:15:20.128966+00:00,59.531,59.062,59.531,58.406,22,510,1020,,10742,3309,4073,3375,15.7,1728
673.8,2026-08-05T04:15:21.134836+00:00,59.437,58.812,59.437,58.375,24,408,1020,,10662,3349,4073,3375,15.7,1728
674.8,2026-08-05T04:15:22.142010+00:00,59.468,59.062,59.468,58.531,22,408,1020,,10742,3269,4073,3375,16.3,1728
675.8,2026-08-05T04:15:23.146198+00:00,59.437,58.875,59.437,58.593,24,408,1020,,10742,3349,4033,3375,15.5,1728
676.8,2026-08-05T04:15:24.151532+00:00,59.468,59.156,59.468,58.437,24,408,1020,,10702,3309,4073,3375,15.5,1728
677.8,2026-08-05T04:15:25.157163+00:00,59.687,59.593,59.687,58.343,30,408,1020,,10702,3349,4033,3375,15.3,1728
678.8,2026-08-05T04:15:26.162483+00:00,59.625,59.5,59.625,58.5,29,408,1020,,10662,3269,3993,3375,15.3,1728
679.8,2026-08-05T04:15:27.168120+00:00,59.718,59.187,59.718,58.437,30,408,1020,,10622,3309,3993,3375,15.7,1728
680.8,2026-08-05T04:15:28.173561+00:00,59.718,59.5,59.718,58.531,29,408,1020,,10543,3269,3993,3375,15.7,1728
681.8,2026-08-05T04:15:29.179276+00:00,59.593,59,59.593,58.593,29,408,1020,,10543,3229,3993,3374,15.3,1728
682.8,2026-08-05T04:15:30.185008+00:00,59.718,59.156,59.718,58.5,30,408,1020,,10560,3229,3993,3374,15.2,1728
683.8,2026-08-05T04:15:31.190404+00:00,59.687,58.968,59.687,58.562,30,408,1020,,10622,3269,4033,3374,14.8,1728
684.9,2026-08-05T04:15:32.195737+00:00,59.75,59.375,59.75,58.343,26,408,1020,,10702,3309,4033,3374,15.0,1728
685.9,2026-08-05T04:15:33.201102+00:00,59.812,59.343,59.812,58.562,25,408,1020,,10782,3349,4033,3374,15.7,1728
686.9,2026-08-05T04:15:34.206473+00:00,59.781,59.375,59.562,58.5,24,510,1020,,10720,3269,4033,3374,15.5,1728
687.9,2026-08-05T04:15:35.212097+00:00,59.5,59.062,59.5,58.437,24,408,1020,,10742,3309,3993,3374,15.5,1728
688.9,2026-08-05T04:15:36.217440+00:00,59.468,59.093,59.468,58.437,23,408,1020,,10622,3309,3993,3375,15.7,1728
689.9,2026-08-05T04:15:37.222886+00:00,59.5,58.781,59.5,58.5,29,408,1020,,10543,3229,3953,3375,15.3,1728
690.9,2026-08-05T04:15:38.228262+00:00,59.468,58.718,59.468,58.531,29,408,1020,,10503,3229,3953,3374,15.8,1728
691.9,2026-08-05T04:15:39.233645+00:00,59.468,58.906,59.468,58.5,27,408,1020,,10463,3229,3953,3374,15.7,1728
692.9,2026-08-05T04:15:40.239053+00:00,59.406,58.75,59.406,58.718,29,408,1020,,10383,3189,3953,3374,15.5,1728
693.9,2026-08-05T04:15:41.244488+00:00,59.531,59.031,59.531,58.406,30,408,1020,,10400,3110,3953,3374,15.3,1728
694.9,2026-08-05T04:15:42.249763+00:00,59.468,58.906,59.468,58.5,30,408,1020,,10320,3110,3953,3374,15.5,1728
695.9,2026-08-05T04:15:43.255168+00:00,59.5,59.125,59.5,58.468,29,408,1020,,10280,3070,3953,3374,15.5,1728
696.9,2026-08-05T04:15:44.260741+00:00,59.531,58.843,59.531,58.531,28,408,1020,,10280,3070,3913,3374,15.7,1728
697.9,2026-08-05T04:15:45.266191+00:00,59.375,58.875,59.375,58.562,29,408,1020,,10200,3070,3913,3374,15.3,1728
698.9,2026-08-05T04:15:46.271761+00:00,59.468,59.187,59.468,58.593,28,408,1020,,10240,3030,3913,3374,15.8,1728
699.9,2026-08-05T04:15:47.277372+00:00,59.343,58.937,59.343,58.437,27,408,1020,,10240,2990,3913,3374,15.5,1728
700.9,2026-08-05T04:15:48.282848+00:00,59.406,59.25,59.406,58.468,29,408,1020,,10160,2950,3913,3374,15.5,1728
701.9,2026-08-05T04:15:49.288471+00:00,59.437,59.187,59.437,58.562,30,408,1020,,10120,2995,3873,3374,15.7,1728
702.9,2026-08-05T04:15:50.293838+00:00,59.375,59.468,59.468,58.656,30,408,1020,,10120,2910,3873,3374,15.7,1728
704.0,2026-08-05T04:15:51.299281+00:00,59.375,59.343,59.375,58.468,29,408,1020,,10040,2915,3873,3374,15.7,1728
705.0,2026-08-05T04:15:52.304873+00:00,59.406,59.312,59.406,58.5,29,408,1020,,10080,2915,3833,3374,15.3,1728
706.0,2026-08-05T04:15:53.310512+00:00,59.656,59.593,59.656,58.5,30,408,1020,,9960,2870,3873,3374,15.3,1728
707.0,2026-08-05T04:15:54.316104+00:00,59.687,59.218,59.687,58.593,30,408,1020,,9840,2915,3880,3374,16.0,1728
708.0,2026-08-05T04:15:55.321722+00:00,59.625,59.343,59.625,58.562,29,408,1020,,9880,2830,3880,3374,15.5,1728
709.0,2026-08-05T04:15:56.327223+00:00,59.593,59.5,59.593,58.375,29,408,1020,,9840,2875,3840,3373,15.3,1728
710.0,2026-08-05T04:15:57.332872+00:00,59.687,59.406,59.687,58.5,30,408,1020,,9720,2875,3840,3373,15.8,1728
711.0,2026-08-05T04:15:58.338427+00:00,59.687,59.406,59.687,58.531,30,408,1020,,9840,2755,3833,3373,15.3,1728
712.0,2026-08-05T04:15:59.344024+00:00,59.687,59.343,59.687,58.468,29,408,1020,,9720,2795,3840,3373,15.5,1728
713.0,2026-08-05T04:16:00.349647+00:00,59.75,59.406,59.75,58.625,28,408,1020,,9680,2755,3840,3373,15.5,1728
714.0,2026-08-05T04:16:01.355242+00:00,59.437,59.5,59.5,58.468,27,408,1020,,9720,2715,3800,3373,15.7,1728
715.0,2026-08-05T04:16:02.362285+00:00,59.437,59.312,59.437,58.593,29,306,1020,,9680,2715,3800,3373,15.3,1728
716.0,2026-08-05T04:16:03.366642+00:00,59.437,59.562,59.562,58.531,32,306,1020,,9760,2675,3800,3373,16.0,1728
717.0,2026-08-05T04:16:04.372191+00:00,59.468,59.375,59.468,58.593,34,306,1020,,9680,2675,3800,3373,15.3,1728
718.0,2026-08-05T04:16:05.377801+00:00,59.468,58.937,59.468,58.562,39,306,1020,,9560,2675,3800,3373,15.5,1728
719.0,2026-08-05T04:16:06.383396+00:00,59.375,59.187,59.375,58.593,40,306,1020,,9480,2635,3800,3373,15.5,1728
720.0,2026-08-05T04:16:07.388782+00:00,59.468,58.937,59.468,58.562,37,306,1020,,9560,2595,3800,3373,15.5,1728
721.0,2026-08-05T04:16:08.394200+00:00,59.312,58.937,59.312,58.531,37,306,1020,,9480,2595,3800,3373,15.3,1728
722.1,2026-08-05T04:16:09.399679+00:00,59.312,58.875,59.312,58.593,39,306,1020,,9520,2595,3760,3373,15.7,1728
723.1,2026-08-05T04:16:10.405067+00:00,59.281,58.937,59.281,58.531,40,306,1020,,9440,2595,3760,3373,15.5,1728
724.1,2026-08-05T04:16:11.410653+00:00,59.375,59.375,59.437,58.593,40,306,1020,,9535,2515,3760,3373,15.2,1728
725.1,2026-08-05T04:16:12.416557+00:00,59.312,58.937,59.312,58.468,39,306,1020,,9415,2515,3760,3373,15.5,1728
726.1,2026-08-05T04:16:13.421875+00:00,59.375,59.218,59.375,58.5,40,306,1020,,9415,2515,3800,3373,15.5,1728
727.1,2026-08-05T04:16:14.427350+00:00,59.406,59.25,59.406,58.625,40,306,1020,,9415,2515,3800,3373,15.5,1728
728.1,2026-08-05T04:16:15.432744+00:00,59.406,59.5,59.5,58.562,39,306,1020,,9520,2555,3720,3373,15.5,1728
729.1,2026-08-05T04:16:16.438425+00:00,59.312,59.093,59.312,58.718,37,306,1020,,9374,2476,3720,3373,15.3,1728
730.1,2026-08-05T04:16:17.443713+00:00,59.593,59.031,59.593,58.625,40,306,1020,,9374,2515,3760,3373,15.3,1728
731.1,2026-08-05T04:16:18.449042+00:00,59.562,59,59.562,58.468,40,306,1020,,9440,2555,3720,3373,15.7,1728
732.1,2026-08-05T04:16:19.454634+00:00,59.656,59.062,59.656,58.593,38,306,1020,,9374,2440,3720,3373,14.8,1728
733.1,2026-08-05T04:16:20.460070+00:00,59.75,59.625,59.75,58.593,40,306,1020,,9400,2595,3720,3373,16.0,1728
734.1,2026-08-05T04:16:21.465577+00:00,59.718,58.875,59.718,58.593,39,306,1020,,9400,2595,3720,3373,15.7,1728
735.1,2026-08-05T04:16:22.471136+00:00,59.687,58.75,59.687,58.75,39,306,1020,,9400,2555,3760,3373,15.7,1728
736.1,2026-08-05T04:16:23.476748+00:00,59.812,59.531,59.812,58.593,37,306,1020,,9535,2515,3720,3373,15.5,1728
737.1,2026-08-05T04:16:24.482460+00:00,59.281,58.843,59.281,58.656,36,306,1020,,9374,2476,3760,3373,15.5,1728
738.1,2026-08-05T04:16:25.488123+00:00,59.437,59.031,59.437,58.5,39,306,1020,,9280,2560,3720,3373,15.5,1728
739.1,2026-08-05T04:16:26.493808+00:00,59.437,58.812,59.437,58.531,40,306,1020,,9200,2560,3680,3373,15.5,1728
740.2,2026-08-05T04:16:27.499305+00:00,59.468,59.406,59.468,58.75,39,306,1020,,9334,2476,3720,3373,15.2,1728
741.2,2026-08-05T04:16:28.504738+00:00,59.468,59.125,59.468,58.625,39,306,1020,,9254,2515,3720,3373,15.5,1728
742.2,2026-08-05T04:16:29.510148+00:00,59.5,58.843,59.5,58.468,39,306,1020,,9254,2396,3760,3373,15.5,1728
743.2,2026-08-05T04:16:30.515689+00:00,59.468,59.187,59.468,58.625,39,306,1020,,9294,2436,3720,3373,15.7,1728
744.2,2026-08-05T04:16:31.520987+00:00,59.468,58.937,59.468,58.656,37,306,1020,,9214,2440,3720,3373,15.7,1728
745.2,2026-08-05T04:16:32.526602+00:00,59.437,58.843,59.437,58.718,40,306,1020,,9134,2436,3720,3373,15.3,1728
746.2,2026-08-05T04:16:33.532117+00:00,59.531,58.968,59.531,58.562,39,306,1020,,9334,2396,3680,3373,15.5,1728
747.2,2026-08-05T04:16:34.537767+00:00,59.281,58.937,59.281,58.562,39,306,1020,,9294,2400,3680,3373,15.7,1728
748.2,2026-08-05T04:16:35.543160+00:00,59.218,58.906,59.218,58.625,39,306,1020,,9174,2440,3680,3373,15.2,1728
749.2,2026-08-05T04:16:36.548755+00:00,59.312,58.718,59.312,58.687,39,306,1020,,9134,2356,3720,3373,16.0,1728
750.2,2026-08-05T04:16:37.554369+00:00,59.312,59.437,59.437,58.593,36,306,1020,,9014,2400,3720,3373,15.2,1728
751.2,2026-08-05T04:16:38.559858+00:00,59.312,59.187,59.312,58.718,36,306,1020,,9054,2400,3680,3373,15.5,1728
752.2,2026-08-05T04:16:39.565433+00:00,59.312,58.937,59.312,58.593,39,306,1020,,9054,2400,3680,3373,15.7,1728
753.2,2026-08-05T04:16:40.571053+00:00,59.343,59.187,59.343,58.656,38,306,1020,,9134,2316,3720,3373,15.3,1728
754.2,2026-08-05T04:16:41.576422+00:00,59.281,59.343,59.343,58.531,39,306,1020,,9134,2316,3680,3373,15.7,1728
755.2,2026-08-05T04:16:42.582652+00:00,59.687,59.031,59.687,58.718,40,306,1020,,9174,2320,3680,3373,15.7,1728
756.2,2026-08-05T04:16:43.588455+00:00,59.687,58.937,59.687,58.437,30,306,1020,,9094,2276,3720,3373,15.7,1728
757.2,2026-08-05T04:16:44.593879+00:00,59.843,58.937,59.843,58.625,28,306,1020,,9134,2356,3680,3373,15.5,1728
758.3,2026-08-05T04:16:45.599312+00:00,59.937,59.031,59.937,58.531,92,306,1020,,9214,2436,3720,3373,15.5,1728
759.3,2026-08-05T04:16:46.605468+00:00,60.156,58.687,60.156,58.656,94,714,1020,,9400,2555,3760,3373,15.7,1728
760.3,2026-08-05T04:16:47.610983+00:00,59.812,58.718,59.812,58.656,99,714,1020,,9560,2635,3840,3373,15.3,1420
761.3,2026-08-05T04:16:48.616806+00:00,60.125,58.75,60.125,58.562,99,714,1020,,9920,2755,3833,3373,15.3,1344
762.3,2026-08-05T04:16:49.622542+00:00,60.218,58.937,60.218,58.562,99,714,1020,,10120,2875,3873,3373,15.2,883
763.3,2026-08-05T04:16:50.628519+00:00,60.281,58.937,60.281,58.656,99,714,1020,,10120,2990,3953,3373,15.3,1728
764.3,2026-08-05T04:16:51.634552+00:00,60.093,58.718,60.093,58.562,99,714,1020,,10120,2915,3953,3373,16.0,1728
765.3,2026-08-05T04:16:52.640538+00:00,60.25,58.843,60.25,58.562,89,714,1020,,10280,2990,3993,3373,15.5,1728
766.3,2026-08-05T04:16:53.646444+00:00,60.031,59.031,60.031,58.562,89,714,1020,,10360,2990,3993,3373,15.7,1728
767.3,2026-08-05T04:16:54.652869+00:00,60.312,59.156,60.312,58.5,91,1020,1020,,10520,3110,4033,3373,15.7,1728
768.3,2026-08-05T04:16:55.659154+00:00,60.375,59,60.375,58.531,89,1020,1020,,10622,3229,4113,3373,14.8,1267
769.3,2026-08-05T04:16:56.664972+00:00,60.531,59.062,60.656,58.687,99,1020,1020,,10982,3389,4106,3373,15.8,1113
770.3,2026-08-05T04:16:57.671363+00:00,60.875,59,60.875,58.656,99,1020,1020,,11182,3662,4186,3373,15.3,806
771.3,2026-08-05T04:16:58.677144+00:00,60.718,59.062,60.718,58.468,99,1020,1020,,11421,3662,4186,3373,15.5,729
772.3,2026-08-05T04:16:59.682930+00:00,60.562,59.187,60.562,58.593,99,1020,1020,,11381,3662,4186,3373,15.7,1651
773.3,2026-08-05T04:17:00.689037+00:00,60.5,58.906,60.25,58.562,42,612,1020,,11381,3781,4186,3373,16.2,1651
774.4,2026-08-05T04:17:01.694953+00:00,60.093,58.968,60.093,58.656,38,612,1020,,11301,3702,4186,3373,15.2,1651
775.4,2026-08-05T04:17:02.700848+00:00,60.031,59,60.031,58.562,38,612,1020,,11363,3861,4186,3373,15.8,1651
776.4,2026-08-05T04:17:03.706551+00:00,59.968,59.156,59.968,58.531,47,612,1020,,11341,3662,4226,3373,15.5,1651
777.4,2026-08-05T04:17:04.712378+00:00,59.937,58.968,59.937,58.593,45,612,1020,,11301,3668,4146,3373,15.7,1651
778.4,2026-08-05T04:17:05.718607+00:00,60.187,58.906,60.187,58.625,42,612,1020,,11261,3702,4186,3373,15.7,1728
779.4,2026-08-05T04:17:06.724495+00:00,60.093,59.062,60.093,58.625,41,612,1020,,11182,3622,4186,3373,15.3,1728
780.4,2026-08-05T04:17:07.730071+00:00,60.312,59.093,60.312,58.468,42,612,1020,,11261,3702,4226,3373,15.7,1728
781.4,2026-08-05T04:17:08.735979+00:00,60.25,59.25,60.25,58.562,43,612,1020,,11222,3662,4186,3373,15.5,1728
782.4,2026-08-05T04:17:09.744228+00:00,60.25,59.031,60.25,58.531,47,510,1020,,11301,3662,4226,3373,15.7,1728
783.4,2026-08-05T04:17:10.747818+00:00,59.843,59.156,59.843,58.593,47,510,1020,,11301,3702,4146,3373,15.3,1728
784.4,2026-08-05T04:17:11.753647+00:00,59.812,59.281,59.812,58.531,36,510,1020,,11182,3622,4186,3373,15.5,1728
785.4,2026-08-05T04:17:12.759526+00:00,59.75,59.468,59.75,58.531,40,510,1020,,11261,3582,4146,3373,15.5,1728
786.4,2026-08-05T04:17:13.765465+00:00,59.812,59.281,59.812,58.5,24,510,1020,,11222,3582,4106,3373,15.7,1728
787.4,2026-08-05T04:17:14.771239+00:00,59.812,59.062,59.812,58.562,23,510,1020,,11102,3582,4146,3373,15.7,1728
788.4,2026-08-05T04:17:15.777162+00:00,59.562,59.062,59.562,58.718,23,510,1020,,11102,3582,4106,3373,15.5,1728
789.4,2026-08-05T04:17:16.783104+00:00,59.593,59.093,59.593,58.5,24,510,1020,,10982,3582,4153,3373,15.2,1728
790.4,2026-08-05T04:17:17.789140+00:00,59.593,59.218,59.593,58.437,24,510,1020,,11022,3503,4113,3373,15.7,1728
791.5,2026-08-05T04:17:18.795022+00:00,59.531,59.062,59.531,58.625,23,510,1020,,10982,3503,4113,3373,15.5,1728
792.5,2026-08-05T04:17:19.800945+00:00,59.687,59.031,59.687,58.593,24,510,1020,,11022,3463,4106,3373,15.7,1728
793.5,2026-08-05T04:17:20.806787+00:00,59.687,59.093,59.687,58.625,24,510,1020,,10862,3463,4113,3373,15.5,1728
794.5,2026-08-05T04:17:21.812699+00:00,59.781,59.125,59.781,58.531,24,510,1020,,10942,3468,4113,3373,16.0,1728
795.5,2026-08-05T04:17:22.818896+00:00,59.781,59.437,59.781,58.531,24,510,1020,,10982,3428,4066,3373,15.5,1728
796.5,2026-08-05T04:17:23.824805+00:00,59.812,59.062,59.812,58.562,22,510,1020,,10822,3383,4113,3373,15.7,1728
797.5,2026-08-05T04:17:24.830713+00:00,59.593,59.187,59.593,58.593,22,510,1020,,10822,3389,4073,3373,15.8,1728
798.5,2026-08-05T04:17:25.839696+00:00,59.531,59.187,59.531,58.562,24,408,1020,,10742,3349,4073,3373,15.7,1728
799.5,2026-08-05T04:17:26.842895+00:00,59.562,59.218,59.562,58.5,22,408,1020,,10742,3389,4033,3373,15.7,1728
800.5,2026-08-05T04:17:27.848713+00:00,59.562,59.375,59.562,58.562,26,408,1020,,10742,3349,4033,3373,15.3,1728
801.5,2026-08-05T04:17:28.854760+00:00,59.843,59.156,59.843,58.656,24,510,1020,,10662,3349,4033,3373,15.5,1728
802.5,2026-08-05T04:17:29.860892+00:00,59.781,59.031,59.781,58.687,24,408,1020,,10782,3269,3993,3373,15.7,1728
803.5,2026-08-05T04:17:30.866791+00:00,59.781,59.25,59.781,58.468,30,408,1020,,10622,3269,3993,3373,15.5,1728
804.5,2026-08-05T04:17:31.872636+00:00,59.812,59,59.812,58.531,29,408,1020,,10543,3229,4033,3373,15.8,1728
805.5,2026-08-05T04:17:32.878441+00:00,59.5,59.406,59.5,58.593,29,408,1020,,10560,3189,3993,3373,15.5,1728
806.5,2026-08-05T04:17:33.884237+00:00,59.531,58.968,59.531,58.656,30,408,1020,,10503,3189,3993,3373,15.8,1728
807.5,2026-08-05T04:17:34.890213+00:00,59.562,59.156,59.562,58.5,28,408,1020,,10560,3189,3953,3373,15.3,1728
808.6,2026-08-05T04:17:35.896115+00:00,59.562,59.281,59.562,58.593,28,408,1020,,10423,3189,3953,3373,15.3,1728
809.6,2026-08-05T04:17:36.902160+00:00,59.625,59.062,59.625,58.562,28,408,1020,,10360,3149,3993,3373,15.3,1728
810.6,2026-08-05T04:17:37.907975+00:00,59.875,59.062,59.875,58.625,28,408,1020,,10480,3149,3953,3373,15.5,1728
811.6,2026-08-05T04:17:38.913780+00:00,59.406,59.062,59.406,58.656,30,408,1020,,10343,3189,3953,3373,15.8,1728
812.6,2026-08-05T04:17:39.919650+00:00,59.468,59.093,59.468,58.437,30,408,1020,,10400,3189,3953,3373,15.7,1728
813.6,2026-08-05T04:17:40.925423+00:00,59.437,59.187,59.437,58.562,29,408,1020,,10320,3110,3953,3373,15.5,1728
814.6,2026-08-05T04:17:41.931294+00:00,59.468,59.062,59.468,58.531,30,408,1020,,10360,3070,3953,3373,15.7,1728
815.6,2026-08-05T04:17:42.937262+00:00,59.562,59.125,59.562,58.593,29,408,1020,,10240,3070,3953,3373,15.7,1728
816.6,2026-08-05T04:17:43.943036+00:00,59.562,59.187,59.562,58.656,30,408,1020,,10200,3030,3913,3373,15.5,1728
817.6,2026-08-05T04:17:44.948840+00:00,59.625,59.031,59.625,58.5,29,408,1020,,10320,3070,3913,3373,15.3,1728
818.6,2026-08-05T04:17:45.954921+00:00,59.593,59.156,59.593,58.468,30,408,1020,,10320,3110,3913,3373,15.7,1728
819.6,2026-08-05T04:17:46.961019+00:00,59.625,58.937,59.468,58.593,29,408,1020,,10320,3070,3913,3373,15.3,1728
820.6,2026-08-05T04:17:47.966824+00:00,59.406,59.062,59.406,58.531,30,408,1020,,10320,2990,3913,3373,15.5,1728
821.6,2026-08-05T04:17:48.972753+00:00,59.437,59.062,59.437,58.593,29,408,1020,,10160,2990,3953,3373,15.5,1728
822.6,2026-08-05T04:17:49.978523+00:00,59.468,59.437,59.468,58.468,30,408,1020,,10160,2990,3913,3373,15.5,1728
823.6,2026-08-05T04:17:50.984398+00:00,59.468,59.312,59.468,58.562,29,408,1020,,10120,2990,3953,3373,15.5,1728
824.6,2026-08-05T04:17:51.989612+00:00,59.468,58.968,59.468,58.625,28,408,1020,,10120,2990,3913,3373,16.2,1728
825.7,2026-08-05T04:17:52.995125+00:00,59.656,59.062,59.656,58.531,29,408,1020,,10240,3030,3913,3373,15.5,1728
826.7,2026-08-05T04:17:54.000751+00:00,59.687,59.156,59.687,58.468,30,408,1020,,10280,3030,3953,3373,15.3,1728
827.7,2026-08-05T04:17:55.006193+00:00,59.781,59.343,59.781,58.531,29,408,1020,,10320,3070,3913,3373,15.7,1728
828.7,2026-08-05T04:17:56.011700+00:00,59.781,58.968,59.781,58.531,30,408,1020,,10320,3030,3953,3373,15.2,1728
829.7,2026-08-05T04:17:57.017118+00:00,59.812,59.25,59.812,58.625,30,408,1020,,10240,3030,3913,3373,15.5,1728
830.7,2026-08-05T04:17:58.022630+00:00,59.812,58.968,59.812,58.562,30,408,1020,,10240,3030,3913,3373,15.5,1728
831.7,2026-08-05T04:17:59.028195+00:00,59.875,59.468,59.875,58.562,30,408,1020,,10320,2990,3913,3373,15.5,1728
832.7,2026-08-05T04:18:00.033605+00:00,59.937,59.687,59.937,58.5,27,408,1020,,10160,3030,3913,3373,15.5,1728
833.7,2026-08-05T04:18:01.039099+00:00,59.937,59.406,59.937,58.531,29,408,1020,,10120,2990,3953,3373,15.5,1728
834.7,2026-08-05T04:18:02.044529+00:00,59.562,59.656,59.656,58.656,28,408,1020,,10240,3030,3913,3373,15.3,1728
835.7,2026-08-05T04:18:03.049926+00:00,59.625,59.093,59.625,58.437,29,408,1020,,10080,2990,3913,3373,15.5,1728
836.7,2026-08-05T04:18:04.055363+00:00,59.625,59.125,59.625,58.687,30,408,1020,,10200,2950,3913,3373,15.5,1728
837.7,2026-08-05T04:18:05.061110+00:00,59.625,59.125,59.625,58.656,29,408,1020,,10080,2950,3913,3373,15.8,1728
838.7,2026-08-05T04:18:06.066583+00:00,59.656,59.093,59.656,58.562,27,408,1020,,10120,2950,3913,3373,15.3,1728
839.7,2026-08-05T04:18:07.071798+00:00,59.625,59.687,59.687,58.656,30,408,1020,,9960,2795,3913,3373,14.8,1728
840.7,2026-08-05T04:18:08.077315+00:00,59.656,59.125,59.656,58.656,30,408,1020,,10280,2990,3953,3373,15.7,1728
841.7,2026-08-05T04:18:09.082700+00:00,59.625,59.25,59.625,58.718,28,408,1020,,10160,3030,3953,3373,15.5,1728
842.7,2026-08-05T04:18:10.088807+00:00,59.687,59.187,59.687,58.75,28,408,1020,,10120,3110,3913,3373,15.8,1728
843.8,2026-08-05T04:18:11.094681+00:00,59.437,58.906,59.437,58.531,30,408,1020,,10120,3030,3913,3373,15.8,1728
844.8,2026-08-05T04:18:12.100454+00:00,59.437,58.875,59.437,58.562,30,408,1020,,10000,2955,3873,3373,15.3,1728
845.8,2026-08-05T04:18:13.106302+00:00,59.468,58.718,59.468,58.593,29,408,1020,,10000,2955,3873,3373,15.7,1728
846.8,2026-08-05T04:18:14.112218+00:00,59.437,58.75,59.437,58.687,30,408,1020,,9960,2950,3920,3373,15.3,1728
847.8,2026-08-05T04:18:15.118020+00:00,59.312,58.812,59.312,58.593,30,408,1020,,9920,2870,3920,3373,15.7,1728
848.8,2026-08-05T04:18:16.123864+00:00,59.593,58.906,59.593,58.468,29,408,1020,,10080,2915,3833,3373,15.5,1728
849.8,2026-08-05T04:18:17.129653+00:00,59.687,58.937,59.687,58.593,30,408,1020,,9960,2915,3873,3373,15.2,1728
850.8,2026-08-05T04:18:18.135499+00:00,59.718,58.687,59.718,58.656,30,408,1020,,10000,2791,3873,3373,15.8,1728
851.8,2026-08-05T04:18:19.141302+00:00,59.656,58.75,59.656,58.593,28,408,1020,,9880,2835,3880,3373,15.7,1728
852.8,2026-08-05T04:18:20.147150+00:00,59.781,58.875,59.781,58.593,29,408,1020,,9880,2835,3833,3373,15.3,1728
853.8,2026-08-05T04:18:21.153217+00:00,59.437,59,59.437,58.531,28,408,1020,,9920,2795,3833,3373,15.5,1728
854.8,2026-08-05T04:18:22.159022+00:00,59.468,58.781,59.468,58.593,30,408,1020,,9760,2835,3840,3373,15.5,1728
855.8,2026-08-05T04:18:23.164770+00:00,59.5,58.75,59.5,58.468,30,408,1020,,9800,2875,3880,3373,15.7,1728
856.8,2026-08-05T04:18:24.170630+00:00,59.531,59.093,59.531,58.718,29,408,1020,,9800,2875,3840,3373,15.7,1728
857.8,2026-08-05T04:18:25.176382+00:00,59.5,59.281,59.5,58.562,29,408,1020,,9800,2795,3840,3373,15.8,1728
858.8,2026-08-05T04:18:26.182218+00:00,59.937,58.968,59.937,58.562,30,408,1020,,9840,2755,3840,3373,15.3,1728
859.8,2026-08-05T04:18:27.188040+00:00,59.25,59,59.25,58.625,28,408,1020,,9840,2795,3793,3373,15.5,1728
860.8,2026-08-05T04:18:28.193778+00:00,59.375,59,59.375,58.625,30,408,1020,,9800,2795,3840,3373,15.5,1728
861.9,2026-08-05T04:18:29.199715+00:00,59.406,59.125,59.406,58.656,30,408,1020,,9760,2715,3880,3373,15.5,1728
862.9,2026-08-05T04:18:30.205330+00:00,59.406,59.25,59.406,58.468,29,408,1020,,9760,2755,3840,3373,15.5,1728
863.9,2026-08-05T04:18:31.211259+00:00,59.5,58.906,59.5,58.531,28,408,1020,,9760,2755,3840,3373,15.7,1728
864.9,2026-08-05T04:18:32.216991+00:00,59.468,58.875,59.468,58.593,29,408,1020,,9760,2715,3800,3373,15.7,1728
865.9,2026-08-05T04:18:33.222754+00:00,59.5,58.937,59.5,58.625,28,408,1020,,9680,2715,3840,3373,15.5,1728
866.9,2026-08-05T04:18:34.228536+00:00,59.531,59.062,59.531,58.625,28,408,1020,,9800,2675,3793,3373,15.8,1728
867.9,2026-08-05T04:18:35.234256+00:00,59.625,59.281,59.625,58.562,29,408,1020,,9680,2715,3800,3373,15.5,1728
868.9,2026-08-05T04:18:36.240168+00:00,59.531,59,59.406,58.5,29,306,1020,,9680,2675,3800,3373,15.3,1728
869.9,2026-08-05T04:18:37.246930+00:00,59.406,59.093,59.406,58.656,29,306,1020,,9640,2635,3840,3373,15.8,1728
870.9,2026-08-05T04:18:38.251527+00:00,59.375,59.156,59.375,58.718,29,306,1020,,9600,2675,3800,3373,15.5,1728
871.9,2026-08-05T04:18:39.257516+00:00,59.437,59.125,59.437,58.531,32,306,1020,,9600,2675,3800,3373,16.3,1728
872.9,2026-08-05T04:18:40.263136+00:00,59.343,59.375,59.375,58.593,32,306,1020,,9520,2675,3760,3373,15.3,1728
873.9,2026-08-05T04:18:41.269029+00:00,59.375,58.968,59.375,58.593,36,306,1020,,9560,2635,3800,3373,15.7,1728
874.9,2026-08-05T04:18:42.274667+00:00,59.625,59.031,59.625,58.656,39,306,1020,,9520,2675,3760,3373,15.7,1728
875.9,2026-08-05T04:18:43.280561+00:00,59.656,59.031,59.656,58.687,37,306,1020,,9480,2675,3760,3373,15.3,1728
876.9,2026-08-05T04:18:44.298101+00:00,59.656,59.125,59.656,58.593,37,306,1020,,9480,2675,3800,3373,15.7,1728
877.9,2026-08-05T04:18:45.292199+00:00,59.656,59.281,59.656,58.5,37,306,1020,,9575,2555,3800,3373,15.8,1728
879.0,2026-08-05T04:18:46.297931+00:00,59.656,59.062,59.656,58.562,37,306,1020,,9535,2555,3800,3373,15.8,1728
880.0,2026-08-05T04:18:47.303777+00:00,59.781,58.937,59.343,58.656,38,306,1020,,9615,2555,3760,3373,15.5,1728
881.0,2026-08-05T04:18:48.309392+00:00,59.468,59.281,59.468,58.75,40,306,1020,,9480,2595,3760,3373,15.7,1728
882.0,2026-08-05T04:18:49.315280+00:00,59.437,59.062,59.437,58.656,39,306,1020,,9480,2600,3720,3373,15.5,1728
883.0,2026-08-05T04:18:50.320979+00:00,59.406,59.187,59.406,58.625,39,306,1020,,9535,2515,3720,3373,15.7,1728
884.0,2026-08-05T04:18:51.326764+00:00,59.406,59.062,59.406,58.531,39,306,1020,,9320,2515,3760,3373,15.7,1728
885.0,2026-08-05T04:18:52.332544+00:00,59.468,59.062,59.468,58.656,39,306,1020,,9495,2515,3760,3373,15.5,1728
886.0,2026-08-05T04:18:53.338492+00:00,59.375,59.218,59.375,58.687,40,306,1020,,9455,2515,3760,3373,15.3,1728
887.0,2026-08-05T04:18:54.344146+00:00,59.312,59.062,59.312,58.562,39,306,1020,,9320,2555,3760,3373,15.7,1728
888.0,2026-08-05T04:18:55.349850+00:00,59.406,59.25,59.406,58.593,39,306,1020,,9455,2515,3720,3373,16.0,1728
889.0,2026-08-05T04:18:56.355645+00:00,59.343,59.156,59.343,58.593,36,306,1020,,9320,2515,3760,3373,15.7,1728
890.0,2026-08-05T04:18:57.361580+00:00,59.281,58.937,59.281,58.718,37,306,1020,,9240,2515,3720,3373,15.7,1728
891.0,2026-08-05T04:18:58.367251+00:00,59.25,58.875,59.437,58.625,40,306,1020,,9400,2560,3680,3373,15.7,1728
892.0,2026-08-05T04:18:59.372983+00:00,59.531,58.906,59.531,58.5,40,306,1020,,9294,2476,3760,3373,15.3,1728
893.0,2026-08-05T04:19:00.378735+00:00,59.531,58.937,59.531,58.5,39,306,1020,,9200,2476,3760,3373,15.2,1728
894.0,2026-08-05T04:19:01.384554+00:00,59.5,59.031,59.5,58.656,39,306,1020,,9334,2476,3760,3373,15.7,1728
895.0,2026-08-05T04:19:02.390448+00:00,59.5,59.062,59.5,58.656,40,306,1020,,9334,2436,3720,3373,15.5,1728
896.1,2026-08-05T04:19:03.396212+00:00,59.531,59.187,59.531,58.5,40,306,1020,,9294,2396,3760,3373,15.7,1728
897.1,2026-08-05T04:19:04.426896+00:00,59.437,59.062,59.437,58.531,40,306,1020,,9200,2515,3720,3373,15.5,1728
898.1,2026-08-05T04:19:05.407749+00:00,59.281,59.156,59.281,58.625,39,306,1020,,9254,2436,3760,3373,15.7,1728
899.1,2026-08-05T04:19:06.413135+00:00,59.343,59.062,59.343,58.656,38,306,1020,,9214,2396,3720,3373,15.5,1728
900.1,2026-08-05T04:19:07.418844+00:00,59.375,58.875,59.375,58.75,36,306,1020,,9254,2396,3720,3373,15.5,1728
901.1,2026-08-05T04:19:08.424332+00:00,59.468,59.062,59.468,58.562,36,306,1020,,9254,2436,3720,3373,15.3,1728
902.1,2026-08-05T04:19:09.429944+00:00,59.468,59.218,59.468,58.625,39,306,1020,,9294,2436,3760,3373,15.3,1728
903.1,2026-08-05T04:19:10.435619+00:00,59.687,59.031,59.687,58.562,39,306,1020,,9374,2476,3720,3373,15.3,1728
904.1,2026-08-05T04:19:11.441007+00:00,59.718,59.312,59.718,58.656,40,306,1020,,9520,2515,3720,3373,15.5,1728
905.1,2026-08-05T04:19:12.446572+00:00,59.718,58.968,59.718,58.687,39,306,1020,,9400,2515,3760,3373,15.0,1728
906.1,2026-08-05T04:19:13.452236+00:00,59.812,59.093,59.812,58.562,35,306,1020,,9400,2515,3760,3373,15.5,1728
907.1,2026-08-05T04:19:14.457972+00:00,59.281,59.187,59.281,58.406,34,306,1020,,9440,2555,3760,3374,15.2,1728
908.1,2026-08-05T04:19:15.463207+00:00,59.343,59.375,59.375,58.562,40,306,1020,,9440,2675,3760,3373,15.3,1728
909.1,2026-08-05T04:19:16.468701+00:00,59.281,59.656,59.656,58.5,39,306,1020,,9560,2635,3760,3373,15.5,1728
910.1,2026-08-05T04:19:17.474136+00:00,59.375,59.343,59.375,58.562,38,306,1020,,9520,2675,3760,3373,15.5,1728
911.1,2026-08-05T04:19:18.479739+00:00,59.343,59.437,59.437,58.625,37,306,1020,,9575,2555,3800,3373,15.3,1728
912.1,2026-08-05T04:19:19.484990+00:00,59.562,59.5,59.562,58.625,36,306,1020,,9480,2635,3760,3373,15.2,1728
913.1,2026-08-05T04:19:20.490409+00:00,59.531,58.968,59.531,58.562,39,306,1020,,9440,2555,3760,3373,15.3,1728
914.2,2026-08-05T04:19:21.496147+00:00,59.468,59.406,59.468,58.656,36,306,1020,,9480,2595,3760,3373,15.5,1728
915.2,2026-08-05T04:19:22.501670+00:00,59.531,59.031,59.531,58.718,39,306,1020,,9360,2436,3760,3373,15.0,1728
916.2,2026-08-05T04:19:23.507119+00:00,59.562,58.968,59.562,58.625,38,306,1020,,9520,2595,3800,3373,15.2,1728
917.2,2026-08-05T04:19:24.512671+00:00,59.531,59.156,59.531,58.468,38,306,1020,,9560,2635,3800,3373,15.5,1728
918.2,2026-08-05T04:19:25.518093+00:00,59.656,59.093,59.656,58.562,37,306,1020,,9640,2635,3800,3373,15.3,1728
919.2,2026-08-05T04:19:26.523857+00:00,59.656,59.125,59.656,58.5,30,306,1020,,9680,2675,3800,3373,15.3,1728
920.2,2026-08-05T04:19:27.529389+00:00,59.406,58.843,59.406,58.625,27,408,1020,,9680,2755,3800,3373,15.3,1728
921.2,2026-08-05T04:19:28.534564+00:00,59.468,58.968,59.468,58.656,27,408,1020,,9560,2755,3840,3373,15.2,1728
922.2,2026-08-05T04:19:29.540205+00:00,59.343,58.906,59.343,58.593,39,306,1020,,9520,2595,3800,3373,15.0,1728
923.2,2026-08-05T04:19:30.545559+00:00,59.562,59.031,59.562,58.5,30,408,1020,,9680,2795,3800,3373,15.5,1728
924.2,2026-08-05T04:19:31.550702+00:00,59.5,59.375,59.5,58.5,30,408,1020,,9760,2755,3800,3373,15.3,1728
925.2,2026-08-05T04:19:32.556075+00:00,59.468,59.468,59.468,58.687,30,408,1020,,9800,2755,3793,3373,15.7,1728
926.2,2026-08-05T04:19:33.561395+00:00,59.562,59.5,59.562,58.718,27,408,1020,,9720,2755,3800,3373,15.8,1728
927.2,2026-08-05T04:19:34.566834+00:00,59.562,59.406,59.562,58.5,28,408,1020,,9640,2795,3800,3373,15.3,1728
928.2,2026-08-05T04:19:35.572555+00:00,59.5,59.5,59.5,58.531,30,306,1020,,9680,2715,3800,3373,15.7,1728
929.2,2026-08-05T04:19:36.577512+00:00,59.562,59.687,59.687,58.593,30,306,1020,,9680,2635,3840,3373,15.5,1728
930.2,2026-08-05T04:19:37.583262+00:00,59.468,59.093,59.468,58.718,37,306,1020,,9640,2635,3800,3373,15.3,1728
931.2,2026-08-05T04:19:38.588891+00:00,59.468,59.187,59.468,58.75,27,306,1020,,9640,2635,3800,3373,15.2,1728
932.3,2026-08-05T04:19:39.594699+00:00,59.437,59.031,59.437,58.593,27,408,1020,,9640,2715,3800,3373,15.3,1728
933.3,2026-08-05T04:19:40.602626+00:00,59.375,59.156,59.375,58.625,29,306,1020,,9680,2715,3800,3373,15.3,1728
934.3,2026-08-05T04:19:41.605897+00:00,59.437,59.156,59.437,58.625,29,408,1020,,9760,2755,3800,3373,15.0,1728
935.3,2026-08-05T04:19:42.611575+00:00,59.437,58.937,59.437,58.625,30,408,1020,,9720,2755,3800,3373,15.3,1728
936.3,2026-08-05T04:19:43.617210+00:00,59.437,59.125,59.437,58.718,29,408,1020,,9800,2755,3840,3373,15.3,1728
937.3,2026-08-05T04:19:44.622821+00:00,59.406,59.062,59.406,58.75,29,408,1020,,9880,2795,3833,3373,15.3,1728
938.3,2026-08-05T04:19:45.628545+00:00,59.593,59.093,59.593,58.593,28,408,1020,,9840,2835,3840,3373,15.2,1728
939.3,2026-08-05T04:19:46.633967+00:00,59.75,59.593,59.75,58.531,30,408,1020,,9840,2910,3880,3374,15.3,1728
940.3,2026-08-05T04:19:47.639399+00:00,59.625,59.25,59.625,58.656,30,408,1020,,9760,2755,3880,3374,14.8,1728
941.3,2026-08-05T04:19:48.644936+00:00,59.781,59.281,59.781,58.593,30,408,1020,,9960,2870,3873,3374,15.5,1728
942.3,2026-08-05T04:19:49.650554+00:00,59.75,59.437,59.75,58.656,28,408,1020,,10040,2835,3833,3374,15.3,1728
943.3,2026-08-05T04:19:50.655935+00:00,59.781,59.5,59.781,58.75,28,408,1020,,10000,2875,3873,3374,15.2,1728
944.3,2026-08-05T04:19:51.661524+00:00,59.718,59.656,59.718,58.5,28,408,1020,,9800,2870,3880,3374,15.8,1728
945.3,2026-08-05T04:19:52.666939+00:00,59.781,59.593,59.781,58.593,30,408,1020,,9880,2875,3880,3374,15.3,1728
946.3,2026-08-05T04:19:53.672370+00:00,59.781,59.375,59.562,58.656,29,408,1020,,9880,2835,3840,3374,15.8,1728
947.3,2026-08-05T04:19:54.677818+00:00,59.562,59.375,59.562,58.75,29,408,1020,,9880,2835,3833,3374,15.3,1728
948.3,2026-08-05T04:19:55.683419+00:00,59.468,59.218,59.468,58.625,30,408,1020,,9880,2755,3833,3374,15.7,1728
949.3,2026-08-05T04:19:56.688779+00:00,59.5,59.375,59.5,58.593,29,408,1020,,9840,2795,3800,3373,15.7,1728
950.3,2026-08-05T04:19:57.694216+00:00,59.5,59.375,59.5,58.562,30,408,1020,,9840,2715,3833,3373,15.3,1728
951.4,2026-08-05T04:19:58.699602+00:00,59.531,59.125,59.531,58.531,30,408,1020,,9760,2755,3840,3373,15.2,1728
952.4,2026-08-05T04:19:59.705307+00:00,59.5,59.5,59.5,58.531,28,408,1020,,9760,2755,3800,3373,15.7,1728
953.4,2026-08-05T04:20:00.710721+00:00,59.625,59.468,59.625,58.718,28,408,1020,,9760,2755,3800,3373,15.5,1728
954.4,2026-08-05T04:20:01.718160+00:00,59.531,59.281,59.593,58.656,30,306,1020,,9640,2715,3800,3373,15.8,1728
955.4,2026-08-05T04:20:02.721409+00:00,59.531,59.125,59.531,58.656,30,306,1020,,9600,2755,3800,3373,15.7,1728
956.4,2026-08-05T04:20:03.726782+00:00,59.593,59.062,59.406,58.718,30,306,1020,,9560,2715,3800,3373,15.2,1728
957.4,2026-08-05T04:20:04.732376+00:00,59.468,58.906,59.468,58.687,29,306,1020,,9600,2675,3760,3373,15.5,1728
958.4,2026-08-05T04:20:05.737739+00:00,59.437,58.875,59.437,58.75,39,306,1020,,9520,2675,3800,3373,15.8,1728
959.4,2026-08-05T04:20:06.743115+00:00,59.343,58.937,59.343,58.531,39,306,1020,,9520,2715,3760,3373,15.7,1728
960.4,2026-08-05T04:20:07.748633+00:00,59.437,59.25,59.437,58.625,39,306,1020,,9520,2635,3760,3373,15.3,1728
961.4,2026-08-05T04:20:08.754329+00:00,59.406,59.25,59.406,58.593,39,306,1020,,9520,2635,3800,3374,15.5,1728
962.4,2026-08-05T04:20:09.759903+00:00,59.437,59.125,59.437,58.562,38,306,1020,,9480,2715,3800,3374,15.7,1728
963.4,2026-08-05T04:20:10.765208+00:00,59.437,59.031,59.437,58.687,40,306,1020,,9600,2595,3800,3373,15.7,1728
964.4,2026-08-05T04:20:11.770617+00:00,59.375,59.093,59.375,58.687,39,306,1020,,9560,2595,3760,3373,15.3,1728
965.4,2026-08-05T04:20:12.776861+00:00,59.656,59.218,59.656,58.593,39,306,1020,,9480,2555,3760,3373,15.8,1728
966.4,2026-08-05T04:20:13.782655+00:00,59.625,59.125,59.625,58.625,36,306,1020,,9400,2595,3800,3373,15.3,1728
967.4,2026-08-05T04:20:14.788570+00:00,59.656,59.343,59.656,58.687,36,306,1020,,9440,2555,3800,3374,15.8,1728
968.4,2026-08-05T04:20:15.794566+00:00,59.625,59.062,59.625,58.687,39,306,1020,,9440,2595,3760,3373,15.3,1728
969.5,2026-08-05T04:20:16.800403+00:00,59.718,59.156,59.718,58.5,39,306,1020,,9655,2555,3720,3373,15.3,1728
970.5,2026-08-05T04:20:17.806064+00:00,59.375,59.375,59.375,58.562,39,306,1020,,9535,2555,3760,3373,15.8,1728
971.5,2026-08-05T04:20:18.811868+00:00,59.437,59.031,59.437,58.593,40,306,1020,,9320,2555,3760,3373,15.3,1728
972.5,2026-08-05T04:20:19.817805+00:00,59.437,59.187,59.437,58.656,39,306,1020,,9440,2555,3720,3373,15.8,1728
973.5,2026-08-05T04:20:20.823423+00:00,59.437,59.156,59.437,58.625,40,306,1020,,9440,2555,3760,3373,15.3,1728
974.5,2026-08-05T04:20:21.829404+00:00,59.437,58.906,59.437,58.562,40,306,1020,,9480,2555,3720,3374,16.3,1728
975.5,2026-08-05T04:20:22.835206+00:00,59.25,58.937,59.25,58.625,40,306,1020,,9400,2515,3720,3374,15.3,1728
976.5,2026-08-05T04:20:23.841208+00:00,59.281,59,59.281,58.625,39,306,1020,,9400,2555,3720,3374,15.5,1728
977.5,2026-08-05T04:20:24.847085+00:00,59.375,59.187,59.375,58.625,39,306,1020,,9374,2476,3760,3374,15.7,1728
978.5,2026-08-05T04:20:25.852841+00:00,59.375,59.125,59.375,58.718,37,306,1020,,9455,2515,3720,3374,15.0,1728
979.5,2026-08-05T04:20:26.858666+00:00,59.312,59.125,59.312,58.468,40,306,1020,,9415,2515,3720,3374,15.7,1728
980.5,2026-08-05T04:20:27.864429+00:00,59.5,59.218,59.5,58.593,38,306,1020,,9374,2476,3720,3374,15.3,1728
981.5,2026-08-05T04:20:28.870136+00:00,59.468,59.093,59.468,58.562,39,306,1020,,9415,2476,3720,3374,15.0,1728
982.5,2026-08-05T04:20:29.876312+00:00,59.531,59.031,59.531,58.718,38,306,1020,,9200,2515,3760,3374,15.5,1728
983.5,2026-08-05T04:20:30.882101+00:00,59.562,59.156,59.562,58.687,38,306,1020,,9374,2396,3760,3374,15.5,1728
984.5,2026-08-05T04:20:31.888089+00:00,59.468,59.312,59.468,58.531,39,306,1020,,9254,2436,3760,3374,15.5,1728
985.5,2026-08-05T04:20:32.893966+00:00,59.406,59.218,59.406,58.531,39,306,1020,,9294,2396,3760,3374,15.8,1728
986.6,2026-08-05T04:20:33.900183+00:00,59.406,59.093,59.406,58.625,39,306,1020,,9374,2396,3720,3374,15.8,1728
987.6,2026-08-05T04:20:34.906035+00:00,59.343,59.156,59.343,58.718,39,306,1020,,9254,2396,3760,3374,15.5,1728
988.6,2026-08-05T04:20:35.911915+00:00,59.406,59.25,59.406,58.625,37,306,1020,,9200,2440,3680,3374,15.3,1728
989.6,2026-08-05T04:20:36.917636+00:00,59.437,59.281,59.437,58.593,40,306,1020,,9094,2356,3760,3374,15.7,1728
990.6,2026-08-05T04:20:37.922878+00:00,59.625,58.937,59.625,58.593,39,306,1020,,9094,2356,3680,3374,15.3,1728
991.6,2026-08-05T04:20:38.928379+00:00,59.625,58.937,59.625,58.656,37,306,1020,,9254,2396,3720,3374,15.5,1728
992.6,2026-08-05T04:20:39.933620+00:00,59.718,58.968,59.718,58.781,40,306,1020,,9134,2436,3720,3374,15.3,1728
993.6,2026-08-05T04:20:40.938992+00:00,59.656,58.812,59.656,58.625,40,306,1020,,9174,2396,3720,3374,15.7,1728
994.6,2026-08-05T04:20:41.944363+00:00,59.718,59.156,59.718,58.5,38,306,1020,,9134,2436,3720,3374,15.5,1728
995.6,2026-08-05T04:20:42.950000+00:00,59.75,58.875,59.75,58.656,40,306,1020,,9134,2396,3720,3374,15.8,1728
996.6,2026-08-05T04:20:43.955399+00:00,59.718,59.187,59.718,58.593,39,306,1020,,9294,2320,3680,3374,15.5,1728
997.6,2026-08-05T04:20:44.961184+00:00,59.781,58.781,59.781,58.625,40,306,1020,,9214,2360,3680,3374,15.5,1728
998.6,2026-08-05T04:20:45.966575+00:00,59.312,59,59.312,58.812,39,306,1020,,9014,2396,3720,3374,15.5,1728
999.6,2026-08-05T04:20:46.971928+00:00,59.5,59,59.5,58.531,37,306,1020,,9094,2360,3680,3374,15.3,1728
1000.6,2026-08-05T04:20:47.977514+00:00,59.468,58.937,59.468,58.718,39,306,1020,,9134,2316,3680,3374,15.2,1728
1001.6,2026-08-05T04:20:48.982889+00:00,59.531,59.625,59.625,58.625,38,306,1020,,9094,2356,3680,3374,15.8,1728
1002.6,2026-08-05T04:20:49.988318+00:00,59.562,59.468,59.562,58.687,38,306,1020,,9094,2316,3680,3374,15.3,1728
1003.6,2026-08-05T04:20:50.993719+00:00,59.562,58.968,59.562,58.75,40,306,1020,,9054,2316,3720,3374,15.7,1728
1004.7,2026-08-05T04:20:51.999996+00:00,59.437,58.937,59.437,58.656,29,306,1020,,9214,2320,3640,3374,15.8,1728
1005.7,2026-08-05T04:20:53.005927+00:00,59.625,59.125,59.625,58.718,31,306,1020,,8894,2396,3685,3374,15.7,1728
1006.7,2026-08-05T04:20:54.011769+00:00,59.531,59.031,59.531,58.718,84,306,1020,,9214,2356,3760,3374,15.5,1728
1007.7,2026-08-05T04:20:55.017682+00:00,59.656,58.968,59.656,58.687,92,306,1020,,9254,2436,3760,3374,15.8,1728
1008.7,2026-08-05T04:20:56.023697+00:00,59.875,58.906,59.875,58.781,99,714,1020,,9495,2515,3760,3374,15.5,1728
1009.7,2026-08-05T04:20:57.029686+00:00,59.843,58.968,59.843,58.593,99,714,1020,,9600,2635,3800,3374,15.5,1420
1010.7,2026-08-05T04:20:58.035736+00:00,60.093,59.281,60.281,58.562,99,714,1020,,9760,2715,3880,3374,15.7,1113
1011.7,2026-08-05T04:20:59.042058+00:00,60.312,58.937,60.312,58.687,99,714,1020,,9920,2715,3913,3374,15.7,883
1012.7,2026-08-05T04:21:00.048063+00:00,60.406,59,60.406,58.718,99,714,1020,,10120,2875,3913,3374,15.3,806
1013.7,2026-08-05T04:21:01.053955+00:00,60.437,58.906,60.437,58.781,99,714,1020,,10120,2955,3953,3374,15.7,1728
1014.7,2026-08-05T04:21:02.061340+00:00,60.437,59.187,60.437,58.687,89,1020,1020,,10400,3110,4033,3374,15.7,1728
1015.7,2026-08-05T04:21:03.067363+00:00,60.437,59.437,60.437,58.593,99,1020,1020,,10583,3189,4073,3374,15.5,1728
1016.7,2026-08-05T04:21:04.074431+00:00,60.906,59.187,60.906,58.843,96,1020,1020,,10702,3269,4113,3374,15.2,1267
1017.7,2026-08-05T04:21:05.080351+00:00,61,59.187,61,58.625,99,1020,1020,,11261,3542,4146,3374,15.3,960
1018.7,2026-08-05T04:21:06.086565+00:00,61.031,59.406,61.031,58.625,99,1020,1020,,11102,3503,4186,3374,15.2,883
1019.7,2026-08-05T04:21:07.092349+00:00,61,59.187,61,58.625,99,1020,1020,,11341,3662,4226,3374,15.7,960
1020.8,2026-08-05T04:21:08.098307+00:00,60.531,59.062,60.531,58.718,99,1020,1020,,11421,3702,4186,3374,15.3,1651
1021.8,2026-08-05T04:21:09.104117+00:00,60.468,59.125,60.468,58.375,67,1020,1020,,11421,3622,4186,3374,15.7,1574
1022.8,2026-08-05T04:21:10.110033+00:00,60.437,59.125,60.437,58.593,80,1020,1020,,11421,3702,4186,3374,15.7,1574
1023.8,2026-08-05T04:21:11.115880+00:00,60.375,59.187,60.375,58.656,28,612,1020,,11541,3821,4186,3374,15.5,1651
1024.8,2026-08-05T04:21:12.121820+00:00,60.25,59.093,60.25,58.718,30,612,1020,,11421,3662,4226,3374,15.5,1651
1025.8,2026-08-05T04:21:13.127762+00:00,60.062,59.125,60.062,58.75,43,612,1020,,11341,3702,4186,3374,15.8,1651
1026.8,2026-08-05T04:21:14.133615+00:00,60.031,59.093,60.031,58.625,36,612,1020,,11341,3662,4186,3374,15.8,1651
1027.8,2026-08-05T04:21:15.139119+00:00,59.968,59.281,59.968,58.656,44,612,1020,,11381,3741,4186,3374,15.5,1651
1028.8,2026-08-05T04:21:16.144662+00:00,60.031,59.312,60.031,58.625,47,612,1020,,11301,3702,4186,3374,16.0,1728
1029.8,2026-08-05T04:21:17.150103+00:00,60.062,58.968,60.062,58.718,43,510,1020,,11222,3582,4186,3374,15.0,1651
1030.8,2026-08-05T04:21:18.155808+00:00,60.156,59.093,60.156,58.718,43,612,1020,,11341,3662,4186,3374,15.5,1651
1031.8,2026-08-05T04:21:19.161277+00:00,60.437,59.156,60.437,58.781,30,1020,1020,,11222,3582,4186,3374,15.3,1651
1032.8,2026-08-05T04:21:20.166904+00:00,60.593,59.062,60.593,58.656,28,1020,1020,,11341,3741,4186,3374,15.5,1651
1033.8,2026-08-05T04:21:21.173333+00:00,60.968,59.25,60.968,58.656,99,1020,1020,,11182,3542,4186,3374,15.5,883
1034.8,2026-08-05T04:21:22.178930+00:00,60.906,59.218,60.906,58.718,99,1020,1020,,11421,3702,4186,3374,15.5,1651
1035.8,2026-08-05T04:21:23.184709+00:00,60.781,59.093,60.781,58.687,99,1020,1020,,11381,3622,4186,3374,15.7,1574
1036.8,2026-08-05T04:21:24.190570+00:00,60.812,59.187,60.812,58.687,58,1020,1020,,11421,3741,4226,3374,15.7,1574
1037.9,2026-08-05T04:21:25.198844+00:00,60.375,59.406,60.375,58.593,61,612,1020,,11341,3741,4226,3374,15.3,1651
1038.9,2026-08-05T04:21:26.202990+00:00,60.375,59.25,60.375,58.75,28,612,1020,,11403,3861,4186,3374,15.7,1574
1039.9,2026-08-05T04:21:27.208020+00:00,60.281,58.937,60.281,58.781,29,612,1020,,11341,3702,4186,3374,15.5,1574
1040.9,2026-08-05T04:21:28.213870+00:00,60.187,59.031,60.187,58.843,41,612,1020,,11421,3741,4226,3374,15.7,1651
1041.9,2026-08-05T04:21:29.219816+00:00,60.156,59.125,60.156,58.718,40,612,1020,,11301,3662,4186,3374,15.0,1651
1042.9,2026-08-05T04:21:30.225638+00:00,60.437,59.25,60.437,58.625,46,612,1020,,11341,3622,4186,3374,15.5,1728
1043.9,2026-08-05T04:21:31.231609+00:00,60.375,59.156,60.375,58.718,46,612,1020,,11341,3702,4186,3374,15.5,1728
1044.9,2026-08-05T04:21:32.237468+00:00,60.437,59.093,60.437,58.781,46,612,1020,,11341,3702,4186,3374,15.3,1728
1045.9,2026-08-05T04:21:33.243784+00:00,60.406,59.062,60.406,58.781,47,510,1020,,11261,3702,4186,3374,16.2,1728
1046.9,2026-08-05T04:21:34.249300+00:00,59.968,59.187,59.968,58.625,30,510,1020,,11261,3582,4186,3374,15.7,1728
1047.9,2026-08-05T04:21:35.255201+00:00,59.937,59.281,59.937,58.75,27,510,1020,,11222,3582,4146,3374,15.5,1728
1048.9,2026-08-05T04:21:36.260946+00:00,59.937,58.968,59.937,58.781,24,510,1020,,11142,3542,4106,3374,15.5,1728
1049.9,2026-08-05T04:21:37.266695+00:00,59.875,58.968,59.875,58.625,24,510,1020,,11142,3503,4106,3374,15.7,1728
1050.9,2026-08-05T04:21:38.272598+00:00,59.843,58.968,59.843,58.937,24,510,1020,,10982,3468,4106,3374,15.3,1728
1051.9,2026-08-05T04:21:39.278695+00:00,59.875,59.062,59.812,58.718,24,510,1020,,10982,3503,4106,3374,15.3,1728
1052.9,2026-08-05T04:21:40.284314+00:00,59.718,59.187,59.718,58.656,24,510,1020,,10982,3428,4066,3374,15.0,1728
1053.9,2026-08-05T04:21:41.290410+00:00,59.718,58.875,59.718,58.718,24,510,1020,,10902,3389,4073,3374,15.3,1728
1055.0,2026-08-05T04:21:42.296000+00:00,59.718,59,59.718,58.75,24,510,1020,,10822,3343,4113,3374,15.3,1728
1056.0,2026-08-05T04:21:43.302011+00:00,59.718,59.062,59.718,58.656,22,510,1020,,10942,3428,4073,3374,15.7,1728
1057.0,2026-08-05T04:21:44.307767+00:00,59.906,59.062,59.906,58.687,24,510,1020,,10902,3389,4033,3374,15.3,1728
1058.0,2026-08-05T04:21:45.313584+00:00,59.875,59.156,59.875,58.781,22,510,1020,,10862,3389,4073,3374,15.5,1728
1059.0,2026-08-05T04:21:46.319234+00:00,59.937,58.843,59.937,58.687,24,510,1020,,10862,3428,4073,3374,15.8,1728
1060.0,2026-08-05T04:21:47.324849+00:00,59.843,58.968,59.843,58.843,22,510,1020,,10862,3349,4033,3374,15.3,1728
1061.0,2026-08-05T04:21:48.330997+00:00,59.906,59.125,59.906,58.593,22,408,1020,,10662,3389,4033,3374,15.5,1728
1062.0,2026-08-05T04:21:49.336809+00:00,59.937,59.031,59.687,58.687,27,408,1020,,10782,3428,4033,3374,15.5,1728
1063.0,2026-08-05T04:21:50.342508+00:00,59.718,59.093,59.718,58.718,26,408,1020,,10662,3269,4033,3374,15.5,1728
1064.0,2026-08-05T04:21:51.348220+00:00,59.687,59.25,59.687,58.75,27,408,1020,,10662,3269,4033,3374,15.7,1728
1065.0,2026-08-05T04:21:52.353973+00:00,59.656,59.281,59.656,58.781,25,408,1020,,10622,3229,4033,3374,15.7,1728
1066.0,2026-08-05T04:21:53.359778+00:00,59.656,59.218,59.656,58.687,30,408,1020,,10543,3269,4033,3374,15.3,1728
1067.0,2026-08-05T04:21:54.365501+00:00,59.687,59.437,59.687,58.562,29,408,1020,,10503,3269,4033,3374,16.0,1728
1068.0,2026-08-05T04:21:55.371322+00:00,60,59.187,60,58.75,29,408,1020,,10543,3229,3993,3374,15.5,1728
1069.0,2026-08-05T04:21:56.377077+00:00,59.937,59.125,59.937,58.781,30,408,1020,,10543,3189,3993,3374,15.7,1728
1070.0,2026-08-05T04:21:57.382932+00:00,59.937,59.343,59.937,58.875,28,408,1020,,10440,3189,3993,3374,15.7,1728
1071.0,2026-08-05T04:21:58.388263+00:00,60,59.687,60,58.718,29,408,1020,,10383,3189,3993,3374,15.5,1728
1072.0,2026-08-05T04:21:59.393463+00:00,60.031,59.375,60.031,58.718,30,408,1020,,10423,3110,3953,3374,15.0,1728
1073.1,2026-08-05T04:22:00.398860+00:00,59.593,59.312,59.593,58.781,27,408,1020,,10440,3189,3993,3374,15.5,1728
1074.1,2026-08-05T04:22:01.404311+00:00,59.593,59.312,59.593,58.843,27,408,1020,,10463,3229,3993,3374,15.7,1728
1075.1,2026-08-05T04:22:02.409706+00:00,59.562,59.218,59.562,58.875,29,408,1020,,10240,2870,3993,3374,14.7,1728
1076.1,2026-08-05T04:22:03.415334+00:00,59.75,59.187,59.75,58.656,25,408,1020,,10583,3269,4033,3374,15.5,1728
1077.1,2026-08-05T04:22:04.420781+00:00,59.812,59.187,59.812,58.687,30,408,1020,,10702,3309,4033,3374,15.5,1728
1078.1,2026-08-05T04:22:05.426067+00:00,59.718,59.187,59.718,58.656,28,408,1020,,10423,3030,4033,3374,14.7,1728
1079.1,2026-08-05T04:22:06.431419+00:00,59.875,59.125,59.875,58.718,23,510,1020,,10862,3389,4073,3374,15.7,1728
1080.1,2026-08-05T04:22:07.437660+00:00,59.875,58.937,59.875,58.781,23,510,1020,,10822,3428,4033,3374,15.7,1728
1081.1,2026-08-05T04:22:08.443713+00:00,59.812,59.031,59.812,58.687,24,408,1020,,10782,3349,4033,3374,15.7,1728
1082.1,2026-08-05T04:22:09.449520+00:00,59.75,58.968,59.75,58.75,29,408,1020,,10622,3349,4033,3374,15.8,1728
1083.1,2026-08-05T04:22:10.455108+00:00,59.562,59.156,59.562,58.718,30,408,1020,,10622,3349,4033,3374,15.3,1728
1084.1,2026-08-05T04:22:11.460896+00:00,59.656,58.875,59.656,58.781,24,408,1020,,10702,3428,4033,3374,15.3,1728
1085.1,2026-08-05T04:22:12.466969+00:00,59.531,58.937,59.531,58.75,24,408,1020,,10702,3224,4033,3374,15.7,1728
1086.1,2026-08-05T04:22:13.472777+00:00,59.562,59,59.562,58.625,25,408,1020,,10702,3349,4033,3374,15.3,1728
1087.1,2026-08-05T04:22:14.478265+00:00,59.718,58.875,59.718,58.687,29,408,1020,,10543,3349,4033,3374,15.3,1728
1088.1,2026-08-05T04:22:15.483789+00:00,59.906,58.906,59.906,58.781,27,408,1020,,10622,3349,4033,3374,15.3,1728
1089.1,2026-08-05T04:22:16.489814+00:00,59.875,58.875,59.875,58.687,30,408,1020,,10622,3229,4033,3374,15.5,1728
1090.2,2026-08-05T04:22:17.495826+00:00,59.937,58.937,59.937,58.718,30,408,1020,,10543,3269,3993,3374,15.3,1728
1091.2,2026-08-05T04:22:18.501591+00:00,59.937,59.437,59.937,58.593,29,408,1020,,10640,3229,3993,3374,16.0,1728
1092.2,2026-08-05T04:22:19.506865+00:00,59.968,59.031,59.968,58.593,28,408,1020,,10463,3189,3993,3374,15.2,1728
1093.2,2026-08-05T04:22:20.512889+00:00,60,59.125,60,58.718,25,408,1020,,10622,3229,3993,3374,15.5,1728
1094.2,2026-08-05T04:22:21.518552+00:00,59.656,59.156,59.656,58.812,24,408,1020,,10583,3229,4033,3374,15.3,1728
1095.2,2026-08-05T04:22:22.524468+00:00,59.812,59.25,59.812,58.531,30,408,1020,,10800,3229,4033,3374,15.3,1728
1096.2,2026-08-05T04:22:23.529637+00:00,59.812,59.25,59.812,58.625,30,408,1020,,10622,3229,3993,3374,15.7,1728
1097.2,2026-08-05T04:22:24.535243+00:00,59.75,59.093,59.75,58.625,30,408,1020,,10622,3269,3993,3374,15.2,1728
1098.2,2026-08-05T04:22:25.540714+00:00,59.687,59.312,59.687,58.687,29,408,1020,,10583,3229,4033,3374,15.8,1728
1099.2,2026-08-05T04:22:26.546010+00:00,59.718,59,59.718,58.718,29,408,1020,,10520,3229,4033,3374,15.5,1728
1100.2,2026-08-05T04:22:27.551443+00:00,59.75,59.062,59.75,58.718,30,408,1020,,10543,3229,3953,3374,15.7,1728
1101.2,2026-08-05T04:22:28.557328+00:00,59.718,59.218,59.718,58.687,28,408,1020,,10560,3229,3993,3374,15.2,1728
1102.2,2026-08-05T04:22:29.563203+00:00,59.531,59.468,59.531,58.718,27,408,1020,,10400,3110,3993,3374,15.5,1728
1103.2,2026-08-05T04:22:30.569191+00:00,59.531,59.125,59.531,58.718,28,408,1020,,10320,3070,3993,3374,15.7,1728
1104.2,2026-08-05T04:22:31.574317+00:00,59.593,59.25,59.593,58.718,29,408,1020,,10360,3110,3993,3374,15.0,1728
1105.2,2026-08-05T04:22:32.579858+00:00,59.593,59.031,59.593,58.843,27,408,1020,,10400,3110,3993,3374,15.5,1728
1106.2,2026-08-05T04:22:33.585402+00:00,59.468,59.187,59.468,58.656,29,408,1020,,10383,3149,3953,3374,15.5,1728
1107.2,2026-08-05T04:22:34.591065+00:00,59.593,59.062,59.593,58.656,28,408,1020,,10320,3110,3953,3374,15.7,1728
1108.3,2026-08-05T04:22:35.600087+00:00,59.562,59.437,59.843,58.718,28,408,1020,,10440,3070,3953,3374,15.2,1728
1109.3,2026-08-05T04:22:36.602083+00:00,59.812,59.156,59.812,58.781,27,408,1020,,10463,3189,3953,3374,15.3,1728
1110.3,2026-08-05T04:22:37.607494+00:00,59.875,59.343,59.875,58.781,30,408,1020,,10480,3149,3953,3374,15.7,1728
1111.3,2026-08-05T04:22:38.612991+00:00,59.812,59.25,59.812,58.75,30,408,1020,,10343,3149,3953,3374,15.7,1728
1112.3,2026-08-05T04:22:39.618430+00:00,59.906,59.406,59.906,58.625,30,408,1020,,10343,3189,3913,3374,15.8,1728
1113.3,2026-08-05T04:22:40.624097+00:00,59.875,59.5,59.875,58.718,30,408,1020,,10200,3110,3953,3374,15.5,1728
1114.3,2026-08-05T04:22:41.629698+00:00,59.937,59.062,59.937,58.718,30,408,1020,,10280,3070,3953,3374,15.5,1728
1115.3,2026-08-05T04:22:42.635112+00:00,59.875,58.906,59.875,58.718,30,408,1020,,10200,3030,3953,3374,15.5,1728
1116.3,2026-08-05T04:22:43.640380+00:00,59.937,58.968,59.937,58.593,27,408,1020,,10240,3030,3913,3374,15.7,1728
1117.3,2026-08-05T04:22:44.646060+00:00,59.906,59.062,59.625,58.718,30,408,1020,,10200,2990,3913,3374,15.5,1728
1118.3,2026-08-05T04:22:45.651587+00:00,59.625,59.281,59.625,58.781,29,408,1020,,10000,3030,3920,3374,15.3,1728
1119.3,2026-08-05T04:22:46.656984+00:00,59.656,59.062,59.656,58.718,29,408,1020,,10080,2955,3873,3374,15.8,1728
1120.3,2026-08-05T04:22:47.662186+00:00,59.656,59.625,59.656,58.781,30,408,1020,,10120,3030,3873,3374,15.3,1728
1121.3,2026-08-05T04:22:48.667724+00:00,59.75,59.562,59.75,58.843,30,408,1020,,10120,2950,3913,3374,15.5,1728
1122.3,2026-08-05T04:22:49.673113+00:00,59.75,59.593,59.75,58.718,30,408,1020,,10040,2950,3913,3374,15.5,1728
1123.3,2026-08-05T04:22:50.678553+00:00,59.656,59.437,59.656,58.781,30,408,1020,,10040,2950,3913,3374,15.7,1728
1124.3,2026-08-05T04:22:51.683959+00:00,59.718,59.187,59.718,58.687,29,408,1020,,10160,2910,3873,3374,16.7,1728
1125.3,2026-08-05T04:22:52.689316+00:00,59.781,59.375,59.781,58.718,30,408,1020,,10040,2950,3873,3374,15.7,1728
1126.4,2026-08-05T04:22:53.694790+00:00,59.75,59.281,59.75,58.812,29,408,1020,,10000,2870,3873,3374,15.3,1728
1127.4,2026-08-05T04:22:54.700059+00:00,59.812,59.687,59.812,58.843,30,408,1020,,9960,2955,3833,3374,15.5,1728
1128.4,2026-08-05T04:22:55.705713+00:00,59.562,59.687,59.687,58.843,28,408,1020,,9960,2870,3873,3374,15.7,1728
1129.4,2026-08-05T04:22:56.710921+00:00,59.593,59.656,59.593,58.718,27,408,1020,,9920,2835,3833,3374,15.7,1728
1130.4,2026-08-05T04:22:57.716375+00:00,59.625,59.5,59.625,58.687,30,408,1020,,10000,2835,3833,3374,15.3,1728
1131.4,2026-08-05T04:22:58.722098+00:00,59.625,59.593,59.625,58.781,30,408,1020,,9920,2835,3833,3374,15.7,1728
1132.4,2026-08-05T04:22:59.727433+00:00,59.656,59.312,59.656,58.843,28,408,1020,,9840,2795,3840,3374,15.3,1728
1133.4,2026-08-05T04:23:00.732825+00:00,59.625,59.656,59.656,58.718,30,408,1020,,9880,2795,3873,3374,16.0,1728
1134.4,2026-08-05T04:23:01.738246+00:00,59.593,59.5,59.593,58.718,30,408,1020,,9840,2875,3840,3374,15.7,1728
1135.4,2026-08-05T04:23:02.743720+00:00,59.656,59.156,59.656,58.781,29,408,1020,,9800,2835,3840,3374,15.8,1728
1136.4,2026-08-05T04:23:03.749323+00:00,59.656,59.625,59.656,58.718,30,408,1020,,9800,2835,3840,3374,15.3,1728
1137.4,2026-08-05T04:23:04.754735+00:00,59.562,59.218,59.562,58.906,30,408,1020,,9760,2835,3840,3374,15.5,1728
1138.4,2026-08-05T04:23:05.760410+00:00,59.906,59.125,59.906,58.718,29,408,1020,,9800,2795,3840,3374,15.3,1728
1139.4,2026-08-05T04:23:06.765579+00:00,60,59.343,60,58.718,30,408,1020,,9720,2795,3840,3374,15.8,1728
1140.4,2026-08-05T04:23:07.771001+00:00,59.968,59.25,59.968,58.843,27,408,1020,,9760,2755,3800,3374,15.3,1728
1141.4,2026-08-05T04:23:08.776460+00:00,59.562,59.187,59.562,58.75,28,408,1020,,9680,2755,3840,3374,15.8,1728
1142.4,2026-08-05T04:23:09.781910+00:00,59.562,59.25,59.562,58.843,28,408,1020,,9760,2755,3800,3374,16.0,1728
1143.4,2026-08-05T04:23:10.787265+00:00,59.593,59.406,59.593,58.75,29,306,1020,,9720,2755,3800,3374,15.2,1728
1144.4,2026-08-05T04:23:11.792904+00:00,59.468,59.187,59.468,58.75,35,306,1020,,9600,2715,3800,3374,15.5,1728
1145.5,2026-08-05T04:23:12.798317+00:00,59.562,59.5,59.562,58.812,37,306,1020,,9680,2635,3800,3374,15.8,1728
1146.5,2026-08-05T04:23:13.803728+00:00,59.531,59.687,59.687,58.75,39,306,1020,,9480,2675,3800,3374,15.3,1728
1147.5,2026-08-05T04:23:14.808918+00:00,59.593,59.031,59.593,58.75,31,306,1020,,9640,2715,3800,3374,15.5,1728
1148.5,2026-08-05T04:23:15.814630+00:00,59.656,59.218,59.656,58.812,38,306,1020,,9560,2635,3800,3374,15.3,1728
1149.5,2026-08-05T04:23:16.820522+00:00,59.75,59.281,59.75,58.718,30,306,1020,,9520,2675,3800,3374,15.7,1728
1150.5,2026-08-05T04:23:17.826227+00:00,59.718,59.281,59.718,58.718,40,306,1020,,9760,2635,3753,3374,15.8,1728
1151.5,2026-08-05T04:23:18.832339+00:00,59.75,59.468,59.75,58.812,40,306,1020,,9440,2675,3800,3374,15.8,1728
1152.5,2026-08-05T04:23:19.838112+00:00,59.781,59.156,59.781,58.812,37,306,1020,,9520,2635,3760,3374,15.5,1728
1153.5,2026-08-05T04:23:20.843942+00:00,59.718,59.25,59.718,58.781,36,306,1020,,9680,2595,3714,3374,15.3,1728
1154.5,2026-08-05T04:23:21.850171+00:00,59.5,59.406,59.5,58.718,37,306,1020,,9440,2635,3760,3374,15.3,1728
1155.5,2026-08-05T04:23:22.856218+00:00,59.531,59.218,59.531,58.75,38,306,1020,,9400,2595,3800,3374,15.8,1728
1156.5,2026-08-05T04:23:23.862016+00:00,59.593,58.906,59.593,58.843,39,306,1020,,9535,2555,3760,3374,16.0,1728
1157.5,2026-08-05T04:23:24.867234+00:00,59.562,59.687,59.687,58.75,36,306,1020,,9334,2396,3760,3374,14.5,1728
1158.5,2026-08-05T04:23:25.872645+00:00,59.656,59.562,59.656,58.75,36,306,1020,,9480,2555,3760,3374,15.5,1728
1159.5,2026-08-05T04:23:26.878361+00:00,59.906,59.25,59.906,58.781,39,306,1020,,9440,2595,3760,3374,15.3,1728
1160.5,2026-08-05T04:23:27.883772+00:00,59.937,59.75,59.937,58.718,36,306,1020,,9480,2595,3800,3374,15.7,1728
1161.5,2026-08-05T04:23:28.889131+00:00,59.937,59.562,59.937,58.781,39,306,1020,,9360,2595,3800,3374,15.0,1728
1162.6,2026-08-05T04:23:29.894590+00:00,59.937,59.5,59.937,58.812,40,306,1020,,9440,2555,3760,3374,15.3,1728
1163.6,2026-08-05T04:23:30.899862+00:00,59.968,59.531,59.968,58.843,40,306,1020,,9480,2595,3720,3374,15.5,1728
1164.6,2026-08-05T04:23:31.905576+00:00,59.437,59.125,59.437,58.75,38,306,1020,,9400,2555,3760,3374,15.5,1728
1165.6,2026-08-05T04:23:32.911137+00:00,59.468,59.375,59.468,58.687,38,306,1020,,9360,2555,3760,3374,15.2,1728
1166.6,2026-08-05T04:23:33.916677+00:00,59.468,59.125,59.468,58.781,36,306,1020,,9400,2555,3760,3374,15.2,1728
1167.6,2026-08-05T04:23:34.922162+00:00,59.5,59.593,59.593,58.718,37,306,1020,,9480,2635,3800,3374,15.5,1728
1168.6,2026-08-05T04:23:35.927639+00:00,59.687,59.531,59.687,58.843,37,306,1020,,9480,2635,3760,3374,15.5,1728
1169.6,2026-08-05T04:23:36.932885+00:00,59.687,59.625,59.687,58.968,39,306,1020,,9480,2595,3760,3374,15.5,1728
1170.6,2026-08-05T04:23:37.938523+00:00,59.625,59.687,59.687,58.687,38,306,1020,,9495,2555,3800,3374,15.7,1728
1171.6,2026-08-05T04:23:38.944029+00:00,59.687,59.375,59.687,58.843,39,306,1020,,9440,2595,3720,3374,15.5,1728
1172.6,2026-08-05T04:23:39.949254+00:00,59.718,58.937,59.718,58.781,39,306,1020,,9320,2595,3760,3374,15.5,1728
1173.6,2026-08-05T04:23:40.954640+00:00,59.781,59.062,59.781,58.906,40,306,1020,,9440,2555,3800,3374,15.8,1728
1174.6,2026-08-05T04:23:41.960264+00:00,59.781,59.625,59.781,58.937,40,306,1020,,9400,2555,3760,3374,15.2,1728
1175.6,2026-08-05T04:23:42.965683+00:00,59.812,59.968,59.968,58.812,38,306,1020,,9495,2555,3760,3374,15.2,1728
1176.6,2026-08-05T04:23:43.971105+00:00,59.875,59.375,59.875,58.781,39,306,1020,,9535,2515,3760,3374,15.5,1728
1177.6,2026-08-05T04:23:44.976375+00:00,59.75,58.937,59.75,58.781,38,306,1020,,9400,2595,3760,3374,15.5,1728
1178.6,2026-08-05T04:23:45.981648+00:00,59.75,58.968,59.531,58.75,38,306,1020,,9400,2555,3760,3374,15.3,1728
1179.6,2026-08-05T04:23:46.987182+00:00,59.593,59.312,59.593,58.906,37,306,1020,,9400,2515,3760,3374,15.7,1728
1180.6,2026-08-05T04:23:47.992748+00:00,59.562,59.187,59.562,58.625,40,306,1020,,9495,2555,3760,3374,15.7,1728
1181.7,2026-08-05T04:23:48.998228+00:00,59.593,59.375,59.593,58.718,36,306,1020,,9400,2515,3760,3374,15.7,1728
1182.7,2026-08-05T04:23:50.003645+00:00,59.593,59.375,59.593,58.75,39,306,1020,,9415,2515,3720,3374,15.3,1728
1183.7,2026-08-05T04:23:51.009140+00:00,59.562,59.187,59.562,58.781,39,306,1020,,9400,2515,3760,3374,15.5,1728
1184.7,2026-08-05T04:23:52.014650+00:00,59.625,59.312,59.625,58.843,39,306,1020,,9440,2555,3760,3374,15.5,1728
1185.7,2026-08-05T04:23:53.020172+00:00,59.656,59.125,59.656,58.875,36,306,1020,,9400,2515,3760,3374,15.3,1728
1186.7,2026-08-05T04:23:54.025665+00:00,59.718,59.343,59.718,58.656,38,306,1020,,9480,2555,3760,3374,15.3,1728
1187.7,2026-08-05T04:23:55.031195+00:00,59.687,59.531,59.531,58.718,39,306,1020,,9440,2595,3760,3374,15.2,1728
1188.7,2026-08-05T04:23:56.036847+00:00,59.531,59.187,59.531,58.812,39,306,1020,,9520,2595,3800,3374,15.2,1728
1189.7,2026-08-05T04:23:57.042462+00:00,59.562,59.25,59.562,58.875,30,306,1020,,9560,2635,3800,3374,15.3,1728
1190.7,2026-08-05T04:23:58.047796+00:00,59.531,59.187,59.531,58.968,36,306,1020,,9560,2635,3800,3374,15.3,1728
1191.7,2026-08-05T04:23:59.053224+00:00,59.5,59.281,59.5,58.718,30,306,1020,,9600,2715,3800,3374,15.0,1728
1192.7,2026-08-05T04:24:00.058742+00:00,59.531,59.531,59.531,58.906,28,408,1020,,9680,2755,3800,3374,15.3,1728
1193.7,2026-08-05T04:24:01.066118+00:00,59.593,59.187,59.593,58.843,29,306,1020,,9720,2715,3800,3374,15.5,1728
1194.7,2026-08-05T04:24:02.070098+00:00,59.625,59.187,59.625,58.906,29,408,1020,,9760,2715,3840,3374,15.3,1728
1195.7,2026-08-05T04:24:03.075620+00:00,59.812,59.218,59.812,58.812,29,408,1020,,9800,2755,3840,3374,15.5,1728
1196.7,2026-08-05T04:24:04.081091+00:00,59.843,59.468,59.843,58.687,29,408,1020,,9760,2795,3840,3374,15.2,1728
1197.7,2026-08-05T04:24:05.086612+00:00,59.843,59.593,59.843,58.843,27,408,1020,,9840,2795,3880,3374,15.2,1728
1198.7,2026-08-05T04:24:06.092304+00:00,59.906,59.25,59.906,58.75,28,408,1020,,9920,2875,3873,3374,15.7,1728
1199.8,2026-08-05T04:24:07.098042+00:00,59.937,59.093,59.937,58.843,29,408,1020,,9960,2875,3873,3374,15.3,1728
1200.8,2026-08-05T04:24:08.103585+00:00,59.937,59.218,59.937,58.937,28,408,1020,,9960,2875,3913,3374,15.2,1728
1201.8,2026-08-05T04:24:09.109066+00:00,59.937,59.343,59.937,58.75,27,408,1020,,10080,2910,3913,3374,15.7,1728
1202.8,2026-08-05T04:24:10.114561+00:00,59.937,59.5,59.937,58.781,29,408,1020,,10120,2950,3913,3374,15.2,1728
1203.8,2026-08-05T04:24:11.120056+00:00,59.718,59.312,59.718,58.875,29,408,1020,,10200,2990,3953,3374,15.5,1728
1204.8,2026-08-05T04:24:12.125539+00:00,59.781,59.187,59.781,58.843,29,408,1020,,10280,3030,3913,3374,15.3,1728
1205.8,2026-08-05T04:24:13.130901+00:00,59.843,59.562,59.843,58.968,29,408,1020,,10360,3110,3913,3374,15.3,1728
1206.8,2026-08-05T04:24:14.136296+00:00,59.781,59.125,59.781,58.656,29,408,1020,,10240,3030,3913,3374,15.2,1728
1207.8,2026-08-05T04:24:15.141881+00:00,59.656,59.125,59.656,58.75,28,408,1020,,10200,3070,3913,3374,15.3,1728
1208.8,2026-08-05T04:24:16.147670+00:00,59.75,59.343,59.75,58.875,30,408,1020,,10200,2990,3913,3374,15.7,1728
1209.8,2026-08-05T04:24:17.153385+00:00,59.781,59.125,59.781,58.875,29,408,1020,,10200,2950,3953,3374,15.0,1728
1210.8,2026-08-05T04:24:18.159167+00:00,59.812,59.187,59.468,58.968,29,408,1020,,10280,3070,3953,3374,15.3,1728
1211.8,2026-08-05T04:24:19.164618+00:00,59.687,59.687,59.687,58.75,30,408,1020,,10343,3110,3953,3374,15.7,1728
1212.8,2026-08-05T04:24:20.170022+00:00,59.687,59.687,59.875,58.656,29,408,1020,,10400,3110,3953,3374,15.3,1728
1213.8,2026-08-05T04:24:21.175427+00:00,59.625,59.843,59.843,58.718,30,408,1020,,10383,3149,3953,3374,15.7,1728
1214.8,2026-08-05T04:24:22.180886+00:00,59.656,59.562,59.656,58.718,29,408,1020,,10360,3149,3953,3374,15.5,1728
1215.8,2026-08-05T04:24:23.186398+00:00,59.718,59.187,59.718,58.75,28,408,1020,,10280,3030,3953,3374,15.0,1728
1216.8,2026-08-05T04:24:24.191810+00:00,59.75,59.218,59.75,58.906,29,408,1020,,10360,3149,3993,3374,15.8,1728
1217.9,2026-08-05T04:24:25.197488+00:00,59.718,59.781,59.781,58.718,28,408,1020,,10400,3149,3953,3374,15.7,1728
1218.9,2026-08-05T04:24:26.202848+00:00,59.718,59.812,59.812,58.812,29,408,1020,,10400,3110,3953,3374,15.5,1728
1219.9,2026-08-05T04:24:27.208383+00:00,59.718,59.656,59.718,58.75,29,408,1020,,10320,3070,3913,3374,15.5,1728
1220.9,2026-08-05T04:24:28.213874+00:00,59.843,59.687,59.843,58.812,29,408,1020,,10320,3070,3953,3374,16.0,1728
1221.9,2026-08-05T04:24:29.219352+00:00,59.937,59.562,59.937,58.968,29,408,1020,,10160,3070,3953,3374,15.5,1728
1222.9,2026-08-05T04:24:30.224772+00:00,60.031,59.687,60.031,58.937,27,408,1020,,10240,3070,3913,3374,15.5,1728
1223.9,2026-08-05T04:24:31.230438+00:00,59.937,59.75,59.937,58.843,29,408,1020,,10160,2990,3913,3374,15.7,1728
1224.9,2026-08-05T04:24:32.235942+00:00,59.937,59.656,59.937,58.687,28,408,1020,,10160,3070,3913,3374,15.5,1728
1225.9,2026-08-05T04:24:33.241348+00:00,59.937,59.656,59.937,58.75,29,408,1020,,10160,2950,3913,3374,15.3,1728
1226.9,2026-08-05T04:24:34.246914+00:00,60,59.593,60,58.937,29,408,1020,,10040,2950,3913,3374,15.7,1728
1227.9,2026-08-05T04:24:35.252522+00:00,59.968,59.343,59.968,58.937,28,408,1020,,9960,2910,3873,3374,15.3,1728
1228.9,2026-08-05T04:24:36.258047+00:00,60.062,59.468,59.687,58.781,29,408,1020,,10080,2910,3913,3374,15.5,1728
1229.9,2026-08-05T04:24:37.263489+00:00,59.718,59.031,59.718,58.843,30,408,1020,,10000,2950,3920,3374,15.5,1728
1230.9,2026-08-05T04:24:38.268863+00:00,59.75,59.218,59.75,58.843,29,408,1020,,10000,2950,3913,3374,15.3,1728
1231.9,2026-08-05T04:24:39.274353+00:00,59.718,58.937,59.718,58.906,28,408,1020,,10080,2915,3873,3374,16.0,1728
1232.9,2026-08-05T04:24:40.279875+00:00,59.687,59.218,59.687,58.906,28,408,1020,,10120,2875,3873,3374,15.3,1728
1233.9,2026-08-05T04:24:41.285264+00:00,59.781,59.25,59.781,58.843,28,408,1020,,10080,2875,3833,3374,15.5,1728
1234.9,2026-08-05T04:24:42.290947+00:00,59.812,59.093,59.812,58.781,28,408,1020,,9800,2675,3880,3374,14.8,1728
1236.0,2026-08-05T04:24:43.296398+00:00,59.75,59.312,59.75,58.812,29,408,1020,,10080,2915,3873,3374,15.5,1728
1237.0,2026-08-05T04:24:44.301790+00:00,59.781,59.187,59.781,58.812,29,408,1020,,10120,2955,3873,3374,15.5,1728
1238.0,2026-08-05T04:24:45.307454+00:00,59.812,59.187,59.656,58.843,30,408,1020,,10080,2955,3873,3374,15.3,1728
1239.0,2026-08-05T04:24:46.312993+00:00,59.562,59.281,59.562,58.781,29,408,1020,,9960,2950,3880,3374,15.7,1728
1240.0,2026-08-05T04:24:47.318443+00:00,59.718,59.625,59.718,58.718,28,408,1020,,9960,2915,3873,3374,15.7,1728
1241.0,2026-08-05T04:24:48.323908+00:00,59.656,59.687,59.687,58.812,27,408,1020,,9960,2915,3873,3374,15.7,1728
1242.0,2026-08-05T04:24:49.329507+00:00,59.656,59.562,59.656,58.812,28,408,1020,,9880,2875,3880,3374,15.3,1728
1243.0,2026-08-05T04:24:50.334882+00:00,59.656,59.625,59.656,58.968,28,408,1020,,9880,2875,3793,3374,15.5,1728
1244.0,2026-08-05T04:24:51.340467+00:00,59.656,59.625,59.656,58.718,28,408,1020,,9880,2795,3833,3374,15.8,1728
1245.0,2026-08-05T04:24:52.345830+00:00,59.718,59.656,59.718,58.718,29,408,1020,,9840,2795,3833,3374,15.5,1728
1246.0,2026-08-05T04:24:53.351272+00:00,59.625,59.687,59.687,58.75,30,408,1020,,9800,2755,3840,3374,15.3,1728
1247.0,2026-08-05T04:24:54.356888+00:00,59.75,59.5,59.906,58.937,29,408,1020,,9720,2795,3840,3374,15.7,1728
1248.0,2026-08-05T04:24:55.362539+00:00,59.875,59.562,59.875,58.875,30,408,1020,,9640,2755,3840,3374,15.5,1728
1249.0,2026-08-05T04:24:56.368198+00:00,59.906,59.218,59.906,58.875,27,408,1020,,9720,2755,3800,3374,15.3,1728
1250.0,2026-08-05T04:24:57.373774+00:00,59.937,59.062,59.937,58.718,28,408,1020,,9640,2715,3840,3374,15.7,1728
1251.0,2026-08-05T04:24:58.379353+00:00,60,59.812,60,58.718,30,306,1020,,9720,2715,3800,3374,15.5,1728
1252.0,2026-08-05T04:24:59.384794+00:00,59.906,59.656,59.906,58.812,36,306,1020,,9520,2555,3800,3374,14.8,1728
1253.0,2026-08-05T04:25:00.390214+00:00,59.593,59.625,59.625,58.906,28,408,1020,,9720,2755,3800,3374,15.8,1728
1254.1,2026-08-05T04:25:01.398276+00:00,59.5,59.687,59.687,58.937,30,306,1020,,9640,2715,3840,3374,15.8,1728
1255.1,2026-08-05T04:25:02.401314+00:00,59.75,59.593,59.75,58.687,30,306,1020,,9640,2675,3800,3374,15.7,1728
1256.1,2026-08-05T04:25:03.406929+00:00,59.687,59.75,59.75,58.718,36,306,1020,,9440,2555,3840,3374,14.8,1728
1257.1,2026-08-05T04:25:04.412380+00:00,59.781,59.687,59.781,58.781,28,408,1020,,9560,2795,3840,3374,15.0,1728
1258.1,2026-08-05T04:25:05.417820+00:00,59.718,59.656,59.718,58.906,30,408,1020,,9680,2715,3800,3374,15.7,1728
1259.1,2026-08-05T04:25:06.423169+00:00,59.75,59.531,59.75,58.843,29,306,1020,,9640,2715,3800,3374,15.5,1728
1260.1,2026-08-05T04:25:07.428547+00:00,59.75,59.687,59.75,58.687,33,306,1020,,9680,2755,3760,3374,15.7,1728
1261.1,2026-08-05T04:25:08.433906+00:00,59.781,59.875,59.875,58.812,30,306,1020,,9640,2715,3760,3374,15.2,1728
1262.1,2026-08-05T04:25:09.439226+00:00,59.781,59.593,59.781,58.718,38,306,1020,,9600,2675,3800,3374,15.7,1728
1263.1,2026-08-05T04:25:10.444727+00:00,59.812,59.843,59.843,58.812,39,306,1020,,9640,2635,3760,3374,15.2,1728
1264.1,2026-08-05T04:25:11.450130+00:00,59.718,59.156,59.718,58.843,40,306,1020,,9655,2595,3800,3374,15.7,1728
1265.1,2026-08-05T04:25:12.455716+00:00,59.781,59.125,59.593,58.718,36,306,1020,,9640,2595,3760,3374,15.3,1728
1266.1,2026-08-05T04:25:13.461246+00:00,59.531,59.343,59.531,58.812,36,306,1020,,9520,2595,3760,3374,15.5,1728
1267.1,2026-08-05T04:25:14.467509+00:00,59.5,59,59.5,58.812,37,306,1020,,9560,2635,3760,3374,15.7,1728
1268.1,2026-08-05T04:25:15.473521+00:00,59.531,59.093,59.531,58.875,39,306,1020,,9480,2595,3760,3374,15.3,1728
1269.1,2026-08-05T04:25:16.479250+00:00,59.562,58.968,59.562,58.875,39,306,1020,,9480,2555,3760,3374,15.8,1728
1270.1,2026-08-05T04:25:17.485122+00:00,59.625,58.937,59.625,58.75,39,306,1020,,9440,2595,3760,3374,15.2,1728
1271.1,2026-08-05T04:25:18.490858+00:00,59.843,59.093,59.843,58.75,39,306,1020,,9360,2675,3760,3374,15.5,1728
1272.2,2026-08-05T04:25:19.496656+00:00,59.875,59.25,59.875,58.718,40,306,1020,,9495,2555,3760,3374,15.5,1728
1273.2,2026-08-05T04:25:20.502421+00:00,59.906,59.031,59.906,58.781,40,306,1020,,9440,2555,3760,3374,15.5,1728
1274.2,2026-08-05T04:25:21.508280+00:00,59.906,58.968,59.906,58.968,39,306,1020,,9480,2555,3760,3374,16.5,1728
1275.2,2026-08-05T04:25:22.514017+00:00,60,59.062,60,58.75,40,306,1020,,9400,2595,3760,3374,15.5,1728
1276.2,2026-08-05T04:25:23.519944+00:00,59.593,59.093,59.593,58.812,37,306,1020,,9240,2515,3760,3374,15.2,1728
1277.2,2026-08-05T04:25:24.525743+00:00,59.656,59.281,59.656,58.812,36,306,1020,,9240,2555,3760,3374,15.5,1728
1278.2,2026-08-05T04:25:25.531709+00:00,59.625,58.937,59.625,58.843,37,306,1020,,9360,2515,3720,3374,15.5,1728
1279.2,2026-08-05T04:25:26.537355+00:00,59.593,59.031,59.593,58.968,36,306,1020,,9320,2515,3760,3374,15.5,1728
1280.2,2026-08-05T04:25:27.543218+00:00,59.656,59.187,59.656,58.812,37,306,1020,,9415,2476,3760,3374,15.3,1728
1281.2,2026-08-05T04:25:28.549001+00:00,59.562,59.125,59.562,58.812,40,306,1020,,9240,2515,3760,3374,15.5,1728
1282.2,2026-08-05T04:25:29.554920+00:00,59.531,59.281,59.531,58.843,37,306,1020,,9334,2436,3760,3374,15.3,1728
1283.2,2026-08-05T04:25:30.560887+00:00,59.531,59.062,59.531,58.843,38,306,1020,,9360,2555,3720,3374,15.7,1728
1284.2,2026-08-05T04:25:31.567042+00:00,59.5,59.031,59.5,58.718,38,306,1020,,9294,2436,3760,3374,15.3,1728
1285.2,2026-08-05T04:25:32.573353+00:00,59.75,59.375,59.75,58.843,39,306,1020,,9280,2476,3720,3374,15.3,1728
1286.2,2026-08-05T04:25:33.579184+00:00,59.718,59.125,59.718,58.812,39,306,1020,,9200,2476,3760,3374,15.3,1728
1287.2,2026-08-05T04:25:34.585048+00:00,59.75,59.25,59.75,58.875,39,306,1020,,9320,2480,3680,3374,15.8,1728
1288.2,2026-08-05T04:25:35.590855+00:00,59.75,58.906,59.75,58.906,40,306,1020,,9254,2476,3720,3374,15.5,1728
1289.3,2026-08-05T04:25:36.596847+00:00,59.812,59.437,59.812,59.062,39,306,1020,,9214,2396,3760,3374,15.5,1728
1290.3,2026-08-05T04:25:37.602820+00:00,59.468,59.281,59.468,58.718,40,306,1020,,9160,2436,3720,3374,15.5,1728
1291.3,2026-08-05T04:25:38.608777+00:00,59.5,59.5,59.5,58.718,39,306,1020,,9214,2396,3720,3374,15.7,1728
1292.3,2026-08-05T04:25:39.614649+00:00,59.562,59.312,59.562,58.968,39,306,1020,,9134,2396,3720,3374,15.7,1728
1293.3,2026-08-05T04:25:40.620451+00:00,59.5,58.937,59.5,58.75,40,306,1020,,9254,2356,3720,3374,15.0,1728
1294.3,2026-08-05T04:25:41.626164+00:00,59.531,59,59.531,58.75,39,306,1020,,9214,2396,3680,3374,15.5,1728
1295.3,2026-08-05T04:25:42.631951+00:00,59.843,59.218,59.843,58.843,40,306,1020,,9094,2436,3720,3374,15.5,1728
1296.3,2026-08-05T04:25:43.637731+00:00,59.812,59.468,59.812,58.781,39,306,1020,,9120,2440,3680,3374,15.7,1728
1297.3,2026-08-05T04:25:44.643506+00:00,59.812,58.875,59.812,58.875,39,306,1020,,9000,2436,3680,3374,15.7,1728
1298.3,2026-08-05T04:25:45.648767+00:00,59.937,59.531,59.937,58.843,39,306,1020,,9134,2400,3680,3374,15.3,1728
1299.3,2026-08-05T04:25:46.654124+00:00,59.937,59.687,59.937,58.687,40,306,1020,,9040,2400,3680,3374,15.2,1728
1300.3,2026-08-05T04:25:47.659648+00:00,59.937,59.812,59.937,58.75,37,306,1020,,9174,2360,3680,3374,15.5,1728
1301.3,2026-08-05T04:25:48.665038+00:00,59.531,59.5,59.531,58.812,37,306,1020,,9174,2400,3680,3374,15.3,1728
1302.3,2026-08-05T04:25:49.670675+00:00,59.625,59.5,59.625,58.937,39,306,1020,,9014,2356,3720,3374,15.5,1728
1303.3,2026-08-05T04:25:50.676178+00:00,59.687,59.593,59.687,58.875,39,306,1020,,9054,2316,3720,3374,15.2,1728
1304.3,2026-08-05T04:25:51.681577+00:00,59.625,59.593,59.625,58.781,40,306,1020,,9174,2360,3640,3374,15.7,1728
1305.3,2026-08-05T04:25:52.687006+00:00,59.718,59.843,59.843,58.843,39,306,1020,,9134,2276,3720,3374,15.5,1728
1306.3,2026-08-05T04:25:53.692473+00:00,59.687,59.562,59.687,58.75,39,306,1020,,9014,2316,3680,3374,15.3,1728
1307.4,2026-08-05T04:25:54.699740+00:00,59.625,59.125,59.625,58.75,40,306,1020,,9014,2320,3680,3374,15.8,1728
1308.4,2026-08-05T04:25:55.705764+00:00,59.531,59.312,59.531,58.906,35,306,1020,,9014,2320,3680,3374,15.5,1728
1309.4,2026-08-05T04:25:56.711200+00:00,59.531,59.343,59.531,58.75,36,306,1020,,8974,2356,3720,3374,15.7,1728
1310.4,2026-08-05T04:25:57.716659+00:00,59.718,59.468,59.718,58.781,57,306,1020,,9174,2356,3720,3374,15.7,1728
1311.4,2026-08-05T04:25:58.722200+00:00,59.75,59.093,59.75,58.781,51,306,1020,,9174,2396,3720,3374,15.3,1728
1312.4,2026-08-05T04:25:59.727817+00:00,59.781,59.125,59.781,58.781,79,306,1020,,9174,2356,3720,3374,15.3,1728
1313.4,2026-08-05T04:26:00.733351+00:00,59.531,59.187,59.531,58.718,39,306,1020,,9014,2280,3680,3374,15.0,1728
1314.4,2026-08-05T04:26:01.738798+00:00,59.5,59.187,59.687,58.781,39,306,1020,,9014,2240,3680,3374,15.2,1728
1315.4,2026-08-05T04:26:02.744280+00:00,59.812,59.468,59.812,58.593,39,306,1020,,9014,2280,3680,3374,15.0,1728
1316.4,2026-08-05T04:26:03.749805+00:00,59.781,59.062,59.781,58.781,36,306,1020,,9054,2320,3680,3374,15.7,1728
1317.4,2026-08-05T04:26:04.755232+00:00,59.812,59.25,59.812,58.875,35,306,1020,,9054,2316,3680,3374,15.0,1728
1318.4,2026-08-05T04:26:05.760751+00:00,59.875,59.218,59.875,58.781,40,306,1020,,9094,2316,3680,3374,15.2,1728
1319.4,2026-08-05T04:26:06.766387+00:00,59.906,59.406,59.906,58.812,38,306,1020,,9094,2316,3680,3374,15.2,1728
1320.4,2026-08-05T04:26:07.771907+00:00,59.812,59.375,59.812,58.687,39,306,1020,,9094,2360,3680,3374,15.0,1728
1321.4,2026-08-05T04:26:08.777392+00:00,59.843,59.125,59.843,58.781,36,306,1020,,9134,2356,3720,3374,15.2,1728
1322.4,2026-08-05T04:26:09.783124+00:00,59.937,59.406,59.937,58.781,36,306,1020,,9214,2396,3720,3374,15.5,1728
1323.4,2026-08-05T04:26:10.788792+00:00,59.562,59.156,59.562,58.75,37,306,1020,,9174,2396,3720,3374,15.3,1728
1324.4,2026-08-05T04:26:11.794261+00:00,59.5,59.281,59.5,58.656,39,306,1020,,9214,2396,3720,3374,15.2,1728
1325.5,2026-08-05T04:26:12.800051+00:00,59.625,59.312,59.625,58.812,39,306,1020,,9214,2396,3720,3374,15.2,1728
1326.5,2026-08-05T04:26:13.805369+00:00,59.656,59.187,59.656,58.812,40,306,1020,,9254,2396,3720,3374,15.3,1728
1327.5,2026-08-05T04:26:14.810891+00:00,59.625,59.656,59.656,58.75,35,306,1020,,9334,2476,3720,3374,15.3,1728
1328.5,2026-08-05T04:26:15.816758+00:00,59.593,59.093,59.593,58.875,36,306,1020,,9280,2476,3720,3374,15.2,1728
1329.5,2026-08-05T04:26:16.822002+00:00,59.656,59.25,59.656,58.937,38,306,1020,,9334,2476,3720,3374,15.2,1728
1330.5,2026-08-05T04:26:17.827579+00:00,59.656,59.375,59.562,58.718,39,306,1020,,9280,2476,3760,3374,15.3,1728
1331.5,2026-08-05T04:26:18.833023+00:00,59.531,59.218,59.531,58.656,38,306,1020,,9334,2476,3760,3374,15.3,1728
1332.5,2026-08-05T04:26:19.838489+00:00,59.468,59.5,59.5,58.843,39,306,1020,,9374,2515,3760,3374,15.3,1728
1333.5,2026-08-05T04:26:20.844191+00:00,59.531,59.093,59.531,58.812,36,306,1020,,9374,2515,3760,3374,15.5,1728
1334.5,2026-08-05T04:26:21.849624+00:00,59.531,59.281,59.531,58.875,39,306,1020,,9455,2515,3760,3374,15.3,1728
1335.5,2026-08-05T04:26:22.855144+00:00,59.593,59.5,59.593,58.718,37,306,1020,,9455,2555,3760,3374,15.3,1728
1336.5,2026-08-05T04:26:23.860658+00:00,59.593,59.281,59.593,58.75,38,306,1020,,9440,2555,3760,3374,15.3,1728
1337.5,2026-08-05T04:26:24.865959+00:00,59.531,59.468,59.531,58.875,36,306,1020,,9440,2555,3760,3374,15.2,1728
1338.5,2026-08-05T04:26:25.871770+00:00,59.593,59.218,59.593,58.843,39,306,1020,,9360,2476,3800,3374,15.0,1728
1339.5,2026-08-05T04:26:26.876974+00:00,59.593,59.187,59.843,58.937,36,306,1020,,9560,2635,3800,3374,15.3,1728
1340.5,2026-08-05T04:26:27.882590+00:00,59.906,58.937,59.906,58.812,27,408,1020,,9720,2715,3840,3374,15.5,1728
1341.5,2026-08-05T04:26:28.888003+00:00,59.937,59.687,59.937,58.75,30,408,1020,,9640,2715,3840,3374,15.2,1728
1342.5,2026-08-05T04:26:29.893351+00:00,60.031,59.968,60.031,58.781,29,306,1020,,9720,2715,3800,3374,15.8,1728
1343.6,2026-08-05T04:26:30.898837+00:00,59.968,59.468,59.968,58.875,34,306,1020,,9680,2715,3800,3374,15.5,1728
1344.6,2026-08-05T04:26:31.904166+00:00,60,59.656,60,58.843,36,306,1020,,9520,2635,3840,3374,15.0,1728
1345.6,2026-08-05T04:26:32.909525+00:00,60.062,59.625,60.062,58.687,31,306,1020,,9640,2755,3800,3374,15.5,1728
1346.6,2026-08-05T04:26:33.914905+00:00,59.531,59.187,59.531,58.812,31,306,1020,,9600,2675,3800,3374,15.8,1728
1347.6,2026-08-05T04:26:34.920822+00:00,59.562,59.5,59.562,58.843,39,306,1020,,9600,2635,3800,3374,15.7,1728
1348.6,2026-08-05T04:26:35.926372+00:00,59.5,59.281,59.5,58.812,38,306,1020,,9560,2675,3800,3374,15.7,1728
1349.6,2026-08-05T04:26:36.931782+00:00,59.906,59.656,59.906,58.843,30,306,1020,,9560,2715,3800,3374,15.2,1728
1350.6,2026-08-05T04:26:37.937246+00:00,59.812,59.562,59.812,58.906,33,306,1020,,9600,2635,3800,3374,15.3,1728
1351.6,2026-08-05T04:26:38.942534+00:00,59.75,59.687,59.75,58.718,40,306,1020,,9600,2675,3800,3373,15.3,1728
1352.6,2026-08-05T04:26:39.948167+00:00,59.812,59.843,59.843,58.875,40,306,1020,,9520,2675,3800,3373,15.5,1728
1353.6,2026-08-05T04:26:40.953810+00:00,59.812,59.187,59.812,58.843,36,306,1020,,9480,2595,3760,3373,15.5,1728
1354.6,2026-08-05T04:26:41.959693+00:00,59.718,58.968,59.718,58.843,39,306,1020,,9360,2515,3800,3373,15.3,1728
1355.6,2026-08-05T04:26:42.965643+00:00,59.781,58.968,59.781,58.906,39,306,1020,,9600,2635,3800,3373,16.0,1728
1356.6,2026-08-05T04:26:43.971922+00:00,59.531,59.312,59.531,58.843,29,306,1020,,9720,2635,3793,3373,15.3,1728
1357.6,2026-08-05T04:26:44.977514+00:00,59.562,59.156,59.562,58.875,36,306,1020,,9640,2675,3800,3373,15.7,1728
1358.6,2026-08-05T04:26:45.983248+00:00,59.531,59.156,59.531,58.906,31,306,1020,,9440,2675,3840,3373,15.5,1728
1359.6,2026-08-05T04:26:46.989041+00:00,59.562,58.968,59.562,58.875,39,306,1020,,9520,2675,3800,3373,15.2,1728
1360.7,2026-08-05T04:26:47.995013+00:00,59.625,59.093,59.625,58.937,39,306,1020,,9560,2635,3760,3373,15.5,1728
1361.7,2026-08-05T04:26:49.000849+00:00,59.781,59.5,59.781,58.781,39,306,1020,,9560,2635,3760,3373,15.3,1728
1362.7,2026-08-05T04:26:50.006596+00:00,59.812,59.312,59.812,58.875,39,306,1020,,9560,2635,3760,3373,15.5,1728
1363.7,2026-08-05T04:26:51.012105+00:00,59.937,59.156,59.937,58.843,39,306,1020,,9440,2595,3760,3373,15.5,1728
1364.7,2026-08-05T04:26:52.017606+00:00,59.875,59.218,59.875,59.031,38,306,1020,,9480,2595,3760,3373,15.5,1728
1365.7,2026-08-05T04:26:53.023051+00:00,59.937,59.187,59.937,58.937,39,306,1020,,9520,2595,3800,3373,14.8,1728
1366.7,2026-08-05T04:26:54.028925+00:00,59.687,59.25,59.687,58.718,29,306,1020,,9560,2675,3800,3373,15.5,1728
1367.7,2026-08-05T04:26:55.034391+00:00,59.687,59.343,59.687,58.812,27,306,1020,,9600,2635,3800,3373,15.3,1728
1368.7,2026-08-05T04:26:56.040117+00:00,59.781,59.093,59.781,58.75,27,408,1020,,9640,2675,3800,3373,15.3,1728
1369.7,2026-08-05T04:26:57.045383+00:00,59.718,59.25,59.718,58.906,29,408,1020,,9760,2715,3800,3373,15.3,1728
1370.7,2026-08-05T04:26:58.051092+00:00,59.75,59.375,59.75,58.968,28,408,1020,,9800,2715,3840,3373,15.3,1728
1371.7,2026-08-05T04:26:59.056346+00:00,59.781,59.625,59.781,58.718,30,408,1020,,9880,2795,3873,3373,15.5,1728
1372.7,2026-08-05T04:27:00.061666+00:00,59.812,59.937,59.937,58.875,30,408,1020,,9880,2835,3833,3373,16.0,1728
1373.7,2026-08-05T04:27:01.067103+00:00,59.812,59.656,59.812,58.843,28,408,1020,,9760,2795,3880,3373,15.3,1728
1374.7,2026-08-05T04:27:02.072462+00:00,59.843,59.531,59.843,58.781,29,408,1020,,9800,2795,3840,3373,15.7,1728
1375.7,2026-08-05T04:27:03.078210+00:00,59.593,59.187,59.593,58.843,29,408,1020,,9760,2755,3840,3373,15.5,1728
1376.7,2026-08-05T04:27:04.084294+00:00,59.562,59.312,59.562,58.687,28,408,1020,,9760,2755,3840,3373,15.0,1728
1377.7,2026-08-05T04:27:05.089913+00:00,59.625,59.218,59.625,58.718,30,408,1020,,10040,2795,3793,3373,15.5,1728
1378.8,2026-08-05T04:27:06.098576+00:00,59.625,59.187,59.625,58.906,30,408,1020,,9840,2795,3793,3373,15.8,1728
1379.8,2026-08-05T04:27:07.101638+00:00,59.625,59.093,59.625,58.812,29,408,1020,,9800,2795,3840,3373,15.5,1728
1380.8,2026-08-05T04:27:08.107489+00:00,59.843,59.312,59.843,58.875,29,408,1020,,9680,2751,3880,3373,15.3,1728
1381.8,2026-08-05T04:27:09.113541+00:00,59.781,59.312,59.781,58.781,30,408,1020,,9840,2755,3793,3373,15.7,1728
1382.8,2026-08-05T04:27:10.119149+00:00,59.843,59.656,59.843,58.718,30,408,1020,,9720,2795,3840,3373,16.0,1728
1383.8,2026-08-05T04:27:11.125073+00:00,59.875,59.25,59.875,58.718,30,408,1020,,9640,2751,3840,3373,15.8,1728
1384.8,2026-08-05T04:27:12.131055+00:00,59.875,59.187,59.875,58.656,28,408,1020,,9560,2715,3840,3373,15.5,1728
1385.8,2026-08-05T04:27:13.136665+00:00,59.718,59.156,59.718,58.843,28,408,1020,,9560,2755,3840,3373,15.8,1728
1386.8,2026-08-05T04:27:14.142409+00:00,59.593,59.218,59.593,58.687,29,306,1020,,9775,2635,3793,3373,15.7,1728
1387.8,2026-08-05T04:27:15.148470+00:00,59.625,59.625,59.625,58.843,29,306,1020,,9775,2595,3793,3373,15.7,1728
1388.8,2026-08-05T04:27:16.154464+00:00,59.656,59.156,59.656,58.906,33,306,1020,,9520,2675,3800,3373,15.7,1728
1389.8,2026-08-05T04:27:17.160358+00:00,59.843,59.312,59.843,58.781,30,306,1020,,9640,2635,3760,3373,15.3,1728
1390.8,2026-08-05T04:27:18.166092+00:00,59.875,59.468,59.875,58.75,37,306,1020,,9680,2635,3753,3373,15.5,1728
1391.8,2026-08-05T04:27:19.171928+00:00,59.937,59.343,59.937,58.687,40,306,1020,,9615,2555,3800,3373,15.8,1728
1392.8,2026-08-05T04:27:20.177719+00:00,59.875,59.562,59.875,58.812,39,306,1020,,9520,2595,3760,3373,15.5,1728
1393.8,2026-08-05T04:27:21.183463+00:00,59.937,58.937,59.937,58.937,37,306,1020,,9480,2595,3760,3373,15.5,1728
1394.8,2026-08-05T04:27:22.189237+00:00,59.531,58.968,59.593,58.843,37,306,1020,,9600,2635,3760,3373,15.5,1728
1395.9,2026-08-05T04:27:23.195113+00:00,59.593,59.031,59.593,58.812,39,306,1020,,9480,2595,3760,3373,15.7,1728
1396.9,2026-08-05T04:27:24.200846+00:00,59.656,59.156,59.656,58.75,39,306,1020,,9360,2595,3800,3373,15.3,1728
1397.9,2026-08-05T04:27:25.206595+00:00,59.656,59.187,59.656,58.781,40,306,1020,,9480,2595,3760,3373,15.5,1728
1398.9,2026-08-05T04:27:26.212491+00:00,59.656,58.968,59.656,58.75,40,306,1020,,9520,2555,3760,3373,15.2,1728
1399.9,2026-08-05T04:27:27.218244+00:00,59.468,58.968,59.468,58.968,40,306,1020,,9480,2555,3760,3373,15.5,1728
1400.9,2026-08-05T04:27:28.224115+00:00,59.5,59.125,59.5,58.687,39,306,1020,,9400,2555,3760,3373,15.7,1728
1401.9,2026-08-05T04:27:29.229934+00:00,59.5,59.093,59.5,58.812,39,306,1020,,9415,2515,3760,3373,15.5,1728
1402.9,2026-08-05T04:27:30.235954+00:00,59.468,58.937,59.468,58.718,39,306,1020,,9320,2515,3760,3373,15.3,1728
1403.9,2026-08-05T04:27:31.241579+00:00,59.468,58.968,59.468,58.875,39,306,1020,,9535,2436,3760,3373,15.5,1728
1404.9,2026-08-05T04:27:32.247363+00:00,59.656,59.031,59.656,58.687,39,306,1020,,9240,2515,3760,3373,15.3,1728
1405.9,2026-08-05T04:27:33.253250+00:00,59.687,59,59.687,58.687,37,306,1020,,9360,2555,3720,3373,15.5,1728
1406.9,2026-08-05T04:27:34.259035+00:00,59.75,59.093,59.75,58.718,37,306,1020,,9400,2515,3720,3373,15.7,1728
1407.9,2026-08-05T04:27:35.264885+00:00,59.718,58.906,59.718,58.781,40,306,1020,,9320,2476,3720,3373,15.5,1728
1408.9,2026-08-05T04:27:36.270575+00:00,59.687,58.937,59.687,58.812,39,306,1020,,9200,2515,3760,3373,15.8,1728
1409.9,2026-08-05T04:27:37.276252+00:00,59.468,59.125,59.468,58.687,40,306,1020,,9240,2515,3720,3373,15.5,1728
1410.9,2026-08-05T04:27:38.281996+00:00,59.531,58.937,59.531,58.781,40,306,1020,,9174,2316,3720,3373,15.0,1728
1411.9,2026-08-05T04:27:39.287139+00:00,59.562,59.125,59.562,58.75,40,306,1020,,9334,2436,3720,3373,15.7,1728
1412.9,2026-08-05T04:27:40.292511+00:00,59.593,59.187,59.593,58.812,39,306,1020,,9294,2436,3760,3373,15.3,1728
1414.0,2026-08-05T04:27:41.298202+00:00,59.562,59.218,59.562,58.875,40,306,1020,,9200,2476,3720,3373,15.5,1728
1415.0,2026-08-05T04:27:42.303368+00:00,59.625,59.093,59.625,58.656,40,306,1020,,9320,2476,3720,3373,15.5,1728
1416.0,2026-08-05T04:27:43.308826+00:00,59.562,59.312,59.562,58.75,40,306,1020,,9240,2476,3720,3373,15.7,1728
1417.0,2026-08-05T04:27:44.314413+00:00,59.625,59.156,59.625,58.812,37,306,1020,,9174,2436,3760,3373,15.3,1728
1418.0,2026-08-05T04:27:45.319951+00:00,59.937,59.218,59.937,58.781,37,306,1020,,9240,2480,3680,3373,15.5,1728
1419.0,2026-08-05T04:27:46.325344+00:00,59.468,59.25,59.468,58.968,39,306,1020,,9214,2436,3720,3373,15.5,1728
1420.0,2026-08-05T04:27:47.330708+00:00,59.531,59.187,59.531,58.75,40,306,1020,,9174,2396,3720,3373,15.3,1728
1421.0,2026-08-05T04:27:48.336140+00:00,59.5,59.187,59.5,58.687,39,306,1020,,9254,2356,3720,3373,15.7,1728
1422.0,2026-08-05T04:27:49.341687+00:00,59.468,59.468,59.468,58.812,37,306,1020,,9174,2356,3720,3373,15.3,1728
1423.0,2026-08-05T04:27:50.347130+00:00,59.531,59.125,59.531,58.718,39,306,1020,,9214,2396,3720,3373,15.7,1728
1424.0,2026-08-05T04:27:51.352854+00:00,59.562,59.281,59.562,58.906,35,306,1020,,9174,2396,3720,3374,15.3,1728
1425.0,2026-08-05T04:27:52.358185+00:00,59.468,59.187,59.468,58.75,37,306,1020,,9294,2396,3720,3374,16.2,1728
1426.0,2026-08-05T04:27:53.363784+00:00,59.718,59.25,59.718,58.781,40,306,1020,,9214,2436,3720,3374,15.3,1728
1427.0,2026-08-05T04:27:54.369357+00:00,59.656,59.375,59.656,58.812,36,306,1020,,9294,2436,3720,3374,15.3,1728
1428.0,2026-08-05T04:27:55.374532+00:00,59.687,59.156,59.687,58.812,37,306,1020,,9294,2436,3720,3374,16.2,1728
1429.0,2026-08-05T04:27:56.379934+00:00,59.687,58.937,59.687,58.843,39,306,1020,,9294,2396,3720,3374,15.5,1728
1430.0,2026-08-05T04:27:57.385211+00:00,59.843,59.593,59.843,58.968,38,306,1020,,9214,2436,3720,3374,15.8,1728
1431.0,2026-08-05T04:27:58.391333+00:00,59.781,59.375,59.781,58.781,39,306,1020,,9174,2396,3720,3374,15.3,1728
1432.1,2026-08-05T04:27:59.397389+00:00,59.812,59.187,59.812,58.75,39,306,1020,,9134,2396,3720,3374,15.5,1728
1433.1,2026-08-05T04:28:00.403227+00:00,59.843,59.531,59.531,58.812,38,306,1020,,9174,2356,3720,3374,15.7,1728
1434.1,2026-08-05T04:28:01.409307+00:00,59.468,59.343,59.468,58.875,39,306,1020,,9120,2396,3680,3374,15.7,1728
1435.1,2026-08-05T04:28:02.415214+00:00,59.468,59.281,59.468,58.75,39,306,1020,,9160,2400,3680,3374,15.7,1728
1436.1,2026-08-05T04:28:03.421332+00:00,59.468,59.031,59.468,58.687,39,306,1020,,9174,2396,3720,3374,15.8,1728
1437.1,2026-08-05T04:28:04.427328+00:00,59.812,59.093,59.812,58.812,40,306,1020,,9160,2480,3680,3374,15.5,1728
1438.1,2026-08-05T04:28:05.433287+00:00,59.781,58.843,59.781,58.843,39,306,1020,,9040,2400,3680,3374,15.5,1728
1439.1,2026-08-05T04:28:06.439285+00:00,59.843,59.375,59.843,58.812,36,306,1020,,9254,2316,3680,3374,15.3,1728
1440.1,2026-08-05T04:28:07.445503+00:00,59.937,59.281,59.937,58.75,38,306,1020,,9254,2320,3680,3374,16.0,1728
1441.1,2026-08-05T04:28:08.451417+00:00,59.562,59.062,59.562,58.75,39,306,1020,,9054,2356,3680,3374,15.3,1728
1442.1,2026-08-05T04:28:09.460988+00:00,59.562,59.093,59.562,58.843,39,306,1020,,9134,2316,3680,3374,15.5,1728
1443.1,2026-08-05T04:28:10.463192+00:00,59.625,59.218,59.625,58.843,40,306,1020,,9094,2316,3720,3374,15.8,1728
1444.1,2026-08-05T04:28:11.468546+00:00,59.562,59.187,59.562,58.718,31,306,1020,,8974,2280,3680,3374,15.2,1728
1445.1,2026-08-05T04:28:12.473976+00:00,59.625,59.375,59.625,58.812,35,306,1020,,9014,2280,3680,3374,15.5,1728
1446.1,2026-08-05T04:28:13.479403+00:00,59.625,59.093,59.625,58.812,39,306,1020,,9174,2276,3680,3374,15.3,1728
1447.1,2026-08-05T04:28:14.485436+00:00,59.468,59.093,59.468,58.812,39,306,1020,,9094,2316,3680,3374,15.7,1728
1448.1,2026-08-05T04:28:15.491232+00:00,59.5,59.25,59.5,58.812,39,306,1020,,9094,2276,3720,3374,15.3,1728
1449.2,2026-08-05T04:28:16.497080+00:00,59.5,59.375,59.5,58.718,38,306,1020,,9214,2320,3640,3374,15.8,1728
1450.2,2026-08-05T04:28:17.503092+00:00,59.468,59.343,59.468,58.718,40,306,1020,,8974,2316,3720,3374,15.3,1728
1451.2,2026-08-05T04:28:18.508957+00:00,59.468,59.156,59.468,58.812,40,306,1020,,9054,2276,3680,3374,15.8,1728
1452.2,2026-08-05T04:28:19.514710+00:00,59.656,59.093,59.656,58.781,38,306,1020,,8934,2320,3680,3374,15.5,1728
1453.2,2026-08-05T04:28:20.519806+00:00,59.656,59.031,59.656,58.937,40,306,1020,,9054,2240,3680,3374,14.8,1728
1454.2,2026-08-05T04:28:21.525328+00:00,59.843,59.406,59.843,58.812,22,306,1020,,9054,2320,3680,3374,15.5,1728
1455.2,2026-08-05T04:28:22.530789+00:00,59.906,59.718,59.906,58.718,23,306,1020,,9134,2396,3720,3374,15.3,1728
1456.2,2026-08-05T04:28:23.538718+00:00,60.031,59.218,60.031,58.718,94,714,1020,,9294,2436,3720,3374,15.8,1728
1457.2,2026-08-05T04:28:24.541690+00:00,59.781,58.968,59.781,58.812,38,306,1020,,8934,2280,3680,3374,14.8,1728
1458.2,2026-08-05T04:28:25.547281+00:00,59.843,58.937,59.843,58.75,23,306,1020,,9054,2356,3680,3374,15.5,1728
1459.2,2026-08-05T04:28:26.552726+00:00,59.781,59.187,59.562,58.75,38,306,1020,,8974,2280,3680,3374,15.3,1728
1460.2,2026-08-05T04:28:27.558237+00:00,59.5,59.437,59.5,58.781,39,306,1020,,9054,2320,3640,3374,15.3,729
1461.2,2026-08-05T04:28:28.563990+00:00,59.5,59.031,59.5,58.718,40,306,1020,,8960,2360,3640,3374,15.5,729
1462.2,2026-08-05T04:28:29.569443+00:00,59.593,59.312,59.593,58.843,39,306,1020,,9054,2316,3680,3374,15.5,1728
1463.2,2026-08-05T04:28:30.574822+00:00,59.562,58.937,59.562,58.781,39,306,1020,,9014,2276,3720,3374,15.5,1728
1464.2,2026-08-05T04:28:31.580248+00:00,59.718,59.125,59.718,58.843,26,306,1020,,9054,2356,3680,3374,15.3,1728
1465.2,2026-08-05T04:28:32.585875+00:00,59.687,59.343,59.687,58.781,18,306,1020,,9080,2396,3680,3374,15.7,1728
1466.2,2026-08-05T04:28:33.591359+00:00,59.625,59.25,59.625,58.718,38,306,1020,,8934,2200,3680,3374,14.8,1728
1467.3,2026-08-05T04:28:34.596923+00:00,59.468,59.656,59.656,58.75,39,306,1020,,9134,2276,3680,3374,15.2,1728
1468.3,2026-08-05T04:28:35.602282+00:00,59.468,59.125,59.468,58.812,39,306,1020,,9054,2360,3640,3374,15.7,1728
1469.3,2026-08-05T04:28:36.607768+00:00,59.5,59.187,59.5,58.968,38,306,1020,,9094,2360,3640,3374,15.3,1728
1470.3,2026-08-05T04:28:37.613152+00:00,59.531,59.343,59.531,58.843,39,306,1020,,9094,2320,3640,3374,15.5,1728
1471.3,2026-08-05T04:28:38.618633+00:00,59.562,59.031,59.562,58.781,26,306,1020,,9014,2276,3680,3374,15.3,1728
1472.3,2026-08-05T04:28:39.624311+00:00,59.656,59.562,59.656,58.906,29,306,1020,,9054,2316,3760,3374,15.2,1728
1473.3,2026-08-05T04:28:40.629675+00:00,59.843,59.562,59.843,58.875,99,306,1020,,9294,2396,3720,3374,15.8,1728
1474.3,2026-08-05T04:28:41.635305+00:00,59.75,59.562,59.75,58.812,56,306,1020,,9174,2356,3720,3374,15.2,1728
1475.3,2026-08-05T04:28:42.640823+00:00,59.718,59.781,59.937,58.718,94,306,1020,,9214,2436,3720,3374,15.5,1728
1476.3,2026-08-05T04:28:43.647301+00:00,60.031,59.187,60.031,58.812,94,714,1020,,9455,2436,3720,3374,15.5,1728
1477.3,2026-08-05T04:28:44.652798+00:00,60.375,59.343,60.375,58.875,99,714,1020,,9600,2635,3800,3374,15.2,1651
1478.3,2026-08-05T04:28:45.658337+00:00,60.437,58.968,60.437,58.843,99,714,1020,,9800,2755,3873,3374,15.5,1190
1479.3,2026-08-05T04:28:46.664509+00:00,60.5,58.968,60.5,58.906,99,714,1020,,9920,2795,3913,3374,15.7,1344
1480.3,2026-08-05T04:28:47.670638+00:00,60.343,59.187,60.343,58.75,99,714,1020,,10040,2910,3953,3374,15.2,883
1481.3,2026-08-05T04:28:48.676367+00:00,60.406,59.437,60.406,58.75,99,714,1020,,10120,2990,3993,3374,15.5,1651
1482.3,2026-08-05T04:28:49.682740+00:00,60.218,58.968,60.218,58.875,99,714,1020,,9840,2715,3913,3374,15.2,729
1483.3,2026-08-05T04:28:50.688731+00:00,60.281,59.093,60.281,58.875,99,714,1020,,9880,2715,3873,3374,15.2,883
1484.4,2026-08-05T04:28:51.694835+00:00,60.625,59.187,60.625,58.75,99,714,1020,,10000,2875,3913,3374,15.5,806
1485.4,2026-08-05T04:28:52.700178+00:00,60.562,59.093,60.562,58.812,99,714,1020,,10160,2955,3953,3374,15.5,729
1486.4,2026-08-05T04:28:53.705634+00:00,60.125,59.062,60.125,58.781,99,306,1020,,9294,2396,3760,3374,15.3,1728
1487.4,2026-08-05T04:28:54.710756+00:00,60.218,59.093,60.218,58.843,99,306,1020,,9360,2476,3760,3374,15.2,1728
1488.4,2026-08-05T04:28:55.716201+00:00,60,59.062,60,58.875,28,306,1020,,8974,2280,3680,3374,15.2,1728
1489.4,2026-08-05T04:28:56.721603+00:00,59.656,59.062,59.656,58.875,90,306,1020,,9254,2400,3680,3374,15.3,1728
1490.4,2026-08-05T04:28:57.726994+00:00,59.687,59.218,59.687,58.75,78,306,1020,,9254,2436,3760,3374,15.5,1728
1491.4,2026-08-05T04:28:58.732471+00:00,59.906,59.093,59.906,58.812,99,714,1020,,9320,2555,3800,3374,15.5,1728
1492.4,2026-08-05T04:28:59.737999+00:00,60.062,59.031,60.312,58.812,99,714,1020,,9600,2675,3800,3374,15.3,1497
1493.4,2026-08-05T04:29:00.743483+00:00,59.906,58.843,59.906,58.906,99,306,1020,,9334,2436,3760,3374,15.5,1651
1494.4,2026-08-05T04:29:01.750693+00:00,59.906,58.968,59.906,58.968,99,714,1020,,9400,2515,3720,3374,15.3,1728
1495.4,2026-08-05T04:29:02.755121+00:00,60.093,59.156,60.093,58.843,99,714,1020,,9480,2555,3760,3374,15.5,1728
1496.4,2026-08-05T04:29:03.760662+00:00,60.312,59.156,60.312,58.812,99,714,1020,,9640,2675,3800,3374,15.3,1344
1497.4,2026-08-05T04:29:04.766474+00:00,60.406,59.031,60.406,58.781,99,714,1020,,9760,2791,3920,3374,15.3,1113
1498.4,2026-08-05T04:29:05.772709+00:00,60.375,59.062,60.375,58.812,99,714,1020,,9960,2795,3913,3374,15.0,883
1499.4,2026-08-05T04:29:06.778492+00:00,60.25,58.937,60.25,58.937,99,714,1020,,9800,2675,3873,3374,15.5,1113
1500.4,2026-08-05T04:29:07.784077+00:00,60.281,59.062,60.281,58.812,99,714,1020,,9920,2870,3920,3374,15.2,960
1501.4,2026-08-05T04:29:08.790031+00:00,60.312,59.312,60.312,58.843,99,714,1020,,10120,2870,3953,3374,15.5,1728
1502.5,2026-08-05T04:29:09.798142+00:00,60.406,59.437,60.406,58.968,87,1020,1020,,10320,3030,4033,3373,15.3,1728
1503.5,2026-08-05T04:29:10.801210+00:00,60.625,59.593,60.625,58.812,82,408,1020,,10400,3149,4033,3373,15.5,1728
1504.5,2026-08-05T04:29:11.806957+00:00,60.593,59.156,60.593,58.843,99,714,1020,,10040,2830,3913,3373,14.8,1036
1505.5,2026-08-05T04:29:12.813258+00:00,60.468,59.093,60.468,58.75,99,714,1020,,9960,2795,3913,3373,15.3,729
1506.5,2026-08-05T04:29:13.819055+00:00,60.687,59.343,60.687,58.812,99,714,1020,,10160,2950,3953,3373,15.5,1728
1507.5,2026-08-05T04:29:14.825010+00:00,60.656,59.187,60.656,58.875,95,1020,1020,,10383,3110,3993,3373,15.7,1728
1508.5,2026-08-05T04:29:15.831259+00:00,60.718,59.343,60.718,58.968,99,1020,1020,,10782,3349,4073,3373,15.7,1267
1509.5,2026-08-05T04:29:16.838109+00:00,60.687,59.437,60.687,58.781,94,1020,1020,,10942,3389,4106,3373,15.7,1113
1510.5,2026-08-05T04:29:17.844011+00:00,60.906,59.25,60.906,58.843,99,1020,1020,,11341,3622,4186,3373,15.0,960
1511.5,2026-08-05T04:29:18.849811+00:00,61.093,59.218,61.093,58.875,99,1020,1020,,11501,3741,4186,3373,15.7,1651
1512.5,2026-08-05T04:29:19.855770+00:00,60.937,59.125,60.937,58.968,84,1020,1020,,11461,3741,4146,3373,15.5,1651
1513.5,2026-08-05T04:29:20.861625+00:00,60.906,59.187,60.906,58.781,25,1020,1020,,11381,3741,4186,3373,15.3,1574
1514.5,2026-08-05T04:29:21.867386+00:00,60.468,59.343,60.468,58.812,61,1020,1020,,11222,3662,4186,3373,15.5,1574
1515.5,2026-08-05T04:29:22.874356+00:00,60.468,59.187,60.562,58.875,29,612,1020,,11341,3702,4186,3373,15.7,1651
1516.5,2026-08-05T04:29:23.880041+00:00,60.437,59.187,60.437,58.843,29,612,1020,,11341,3702,4186,3373,15.8,1651
1517.5,2026-08-05T04:29:24.885848+00:00,60.437,59.187,60.437,58.937,37,612,1020,,11483,3821,4186,3373,15.8,1651
1518.5,2026-08-05T04:29:25.891742+00:00,60.437,59.5,60.437,58.75,41,612,1020,,11283,3741,4186,3373,15.5,1651
1519.6,2026-08-05T04:29:26.897736+00:00,60.156,59.218,60.156,58.843,45,612,1020,,11381,3702,4186,3373,15.5,1728
1520.6,2026-08-05T04:29:27.903665+00:00,60.125,59.125,60.125,58.843,41,612,1020,,11341,3622,4186,3373,15.5,1728
1521.6,2026-08-05T04:29:28.909497+00:00,60.156,59.187,60.156,58.875,48,612,1020,,11421,3702,4186,3373,15.8,1728
1522.6,2026-08-05T04:29:29.915446+00:00,60.093,59.25,60.093,58.781,42,612,1020,,11261,3662,4186,3373,15.3,1728
1523.6,2026-08-05T04:29:30.923152+00:00,60.093,59.437,60.312,58.906,45,510,1020,,11341,3662,4186,3373,15.3,1728
1524.6,2026-08-05T04:29:31.929023+00:00,60.218,59.062,60.218,58.812,32,510,1020,,11261,3622,4146,3373,15.7,1728
1525.6,2026-08-05T04:29:32.935105+00:00,60.281,59.187,60.281,58.906,32,510,1020,,11204,3781,4146,3373,15.7,1728
1526.6,2026-08-05T04:29:33.940829+00:00,59.968,59.25,59.968,58.812,23,510,1020,,11222,3582,4146,3373,15.0,1728
1527.6,2026-08-05T04:29:34.946635+00:00,59.937,59.187,59.937,58.781,23,510,1020,,11142,3662,4146,3373,15.5,1728
1528.6,2026-08-05T04:29:35.952497+00:00,59.906,59.406,59.906,58.843,24,510,1020,,11062,3582,4106,3373,16.0,1728
1529.6,2026-08-05T04:29:36.958266+00:00,59.906,59.031,59.906,58.906,24,510,1020,,11062,3582,4106,3373,15.5,1728
1530.6,2026-08-05T04:29:37.964210+00:00,59.906,59.156,59.906,59,23,510,1020,,11022,3503,4146,3373,15.3,1728
1531.6,2026-08-05T04:29:38.969981+00:00,60.218,59.437,60.218,58.906,24,510,1020,,11062,3548,4106,3373,15.8,1728
1532.6,2026-08-05T04:29:39.975924+00:00,60.093,59.437,60.093,58.75,24,510,1020,,11022,3463,4106,3374,15.5,1728
1533.6,2026-08-05T04:29:40.981576+00:00,60.218,59.281,60.218,58.906,24,510,1020,,10902,3423,4113,3374,15.7,1728
1534.6,2026-08-05T04:29:41.987328+00:00,60.218,59.406,60.218,58.906,24,510,1020,,10822,3468,4073,3374,15.3,1728
1535.6,2026-08-05T04:29:42.993265+00:00,60.218,59.5,60.218,59,24,510,1020,,10782,3428,4073,3374,15.3,1728
1536.7,2026-08-05T04:29:43.998433+00:00,59.875,59.531,59.875,58.781,23,510,1020,,10822,3428,4073,3374,15.7,1728
1537.7,2026-08-05T04:29:45.006405+00:00,59.968,59.343,59.968,58.843,22,408,1020,,10782,3389,4073,3374,15.7,1728
1538.7,2026-08-05T04:29:46.009233+00:00,60.031,59.625,60.031,58.937,24,510,1020,,10782,3349,4033,3374,16.0,1728
1539.7,2026-08-05T04:29:47.014577+00:00,60,59.312,60,58.906,23,510,1020,,10702,3349,4033,3374,15.0,1728
1540.7,2026-08-05T04:29:48.020371+00:00,59.937,59.437,59.937,58.843,23,408,1020,,10622,3309,4073,3374,15.3,1728
1541.7,2026-08-05T04:29:49.025746+00:00,59.968,59.625,59.968,58.843,22,408,1020,,10702,3389,4073,3374,15.7,1728
1542.7,2026-08-05T04:29:50.031126+00:00,60,59.593,60,58.875,24,510,1020,,10702,3349,4033,3374,15.3,1728
1543.7,2026-08-05T04:29:51.036549+00:00,59.937,59.437,59.937,59,24,510,1020,,10662,3309,4033,3374,15.8,1728
1544.7,2026-08-05T04:29:52.041986+00:00,59.937,59.25,59.781,58.843,30,408,1020,,10622,3269,4033,3374,15.3,1728
1545.7,2026-08-05T04:29:53.047487+00:00,59.812,59.5,59.812,59.031,30,408,1020,,10583,3229,4033,3374,15.5,1728
1546.7,2026-08-05T04:29:54.053020+00:00,59.843,59.75,59.843,58.812,29,408,1020,,10503,3229,3993,3374,15.5,1728
1547.7,2026-08-05T04:29:55.058665+00:00,59.718,59.375,59.718,58.906,28,408,1020,,10280,2990,3993,3374,14.8,1728
1548.7,2026-08-05T04:29:56.064312+00:00,59.781,59.468,59.781,58.75,29,408,1020,,10583,3229,4033,3374,15.0,1728
1549.7,2026-08-05T04:29:57.069951+00:00,59.781,59.187,59.781,58.937,26,408,1020,,10463,3070,4073,3374,14.8,1728
1550.7,2026-08-05T04:29:58.075508+00:00,59.937,59.312,59.937,59.062,23,510,1020,,10902,3428,4106,3374,15.3,1728
1551.7,2026-08-05T04:29:59.081130+00:00,59.906,59.468,60.156,58.875,25,510,1020,,11022,3503,4146,3374,15.3,1728
1552.7,2026-08-05T04:30:00.086657+00:00,60.218,59.406,60.218,58.781,27,510,1020,,11182,3582,4146,3374,15.3,1728
1553.7,2026-08-05T04:30:01.092169+00:00,60.406,59.5,60.406,58.812,40,612,1020,,11261,3622,4186,3374,15.3,1728
1554.8,2026-08-05T04:30:02.098126+00:00,60.437,59.25,60.437,58.875,45,612,1020,,11301,3662,4186,3374,15.3,1728
1555.8,2026-08-05T04:30:03.103656+00:00,60.437,59.281,60.437,58.843,45,612,1020,,11341,3662,4186,3374,15.5,1728
1556.8,2026-08-05T04:30:04.109200+00:00,60.593,59.375,60.593,58.781,33,510,1020,,11182,3622,4186,3374,15.5,1574
1557.8,2026-08-05T04:30:05.115596+00:00,60.531,59.343,60.531,58.75,43,612,1020,,11421,3622,4186,3374,15.2,1651
1558.8,2026-08-05T04:30:06.121612+00:00,60.343,59.25,60.343,58.937,46,612,1020,,11381,3702,4186,3374,16.2,1651
1559.8,2026-08-05T04:30:07.127470+00:00,60.312,59.312,60.312,58.843,45,612,1020,,11381,3702,4186,3374,15.5,1728
1560.8,2026-08-05T04:30:08.133494+00:00,60.25,59.437,60.25,58.75,43,612,1020,,11341,3702,4186,3374,15.3,1728
1561.8,2026-08-05T04:30:09.139384+00:00,60.343,59.562,60.343,58.812,48,612,1020,,11381,3662,4186,3373,15.5,1728
1562.8,2026-08-05T04:30:10.148133+00:00,60.437,59.25,60.437,58.843,33,510,1020,,10862,3269,4153,3373,14.8,1651
1563.8,2026-08-05T04:30:11.150847+00:00,60.125,59.437,60.125,58.843,43,612,1020,,11381,3702,4186,3373,15.5,1728
1564.8,2026-08-05T04:30:12.156680+00:00,60.093,59.031,60.093,59.031,44,612,1020,,11301,3662,4186,3373,15.3,1651
1565.8,2026-08-05T04:30:13.161920+00:00,60.281,59.718,60.281,58.812,47,612,1020,,11421,3741,4186,3373,15.7,1728
1566.8,2026-08-05T04:30:14.167349+00:00,60.187,59.625,60.187,58.781,46,612,1020,,11341,3702,4226,3373,15.5,1728
1567.8,2026-08-05T04:30:15.172882+00:00,60.187,59.406,60.187,58.937,42,612,1020,,11381,3622,4186,3373,15.3,1728
1568.8,2026-08-05T04:30:16.178385+00:00,60.406,59.625,60.406,58.906,43,612,1020,,11301,3662,4186,3373,15.2,1728
1569.8,2026-08-05T04:30:17.186025+00:00,60.406,59.187,60.406,58.906,49,510,1020,,11381,3662,4186,3373,15.5,1728
1570.8,2026-08-05T04:30:18.190394+00:00,60.25,59.531,60.25,58.781,50,510,1020,,11261,3702,4186,3373,16.3,1728
1571.9,2026-08-05T04:30:19.196190+00:00,60.187,59.593,60.187,58.812,28,510,1020,,11182,3622,4186,3373,15.7,1728
1572.9,2026-08-05T04:30:20.201687+00:00,60.218,59.187,60.218,58.875,30,510,1020,,11062,3622,4146,3373,15.5,1728
1573.9,2026-08-05T04:30:21.206872+00:00,60.375,59.375,60.375,58.875,40,510,1020,,11182,3622,4146,3373,15.3,1728
1574.9,2026-08-05T04:30:22.212310+00:00,60.312,59.406,60,58.906,48,510,1020,,11261,3662,4146,3374,16.3,1728
1575.9,2026-08-05T04:30:23.217764+00:00,59.968,59.25,59.968,58.906,21,510,1020,,11222,3622,4146,3374,15.3,1728
1576.9,2026-08-05T04:30:24.223266+00:00,60.062,59.812,60.062,58.75,21,510,1020,,11142,3582,4146,3374,15.7,1728
1577.9,2026-08-05T04:30:25.228985+00:00,59.937,59.218,59.937,58.843,23,510,1020,,11102,3542,4146,3374,15.5,1728
1578.9,2026-08-05T04:30:26.234418+00:00,59.968,59.5,59.968,58.906,24,510,1020,,11102,3503,4106,3374,15.5,1728
1579.9,2026-08-05T04:30:27.239650+00:00,59.937,59.187,59.937,58.937,24,510,1020,,10982,3542,4106,3374,15.5,1728
1580.9,2026-08-05T04:30:28.245257+00:00,60,59.406,60,58.812,24,510,1020,,10942,3548,4073,3374,15.7,1728
1581.9,2026-08-05T04:30:29.250924+00:00,60,59.593,60,58.781,22,510,1020,,10862,3428,4027,3374,15.5,1728
1582.9,2026-08-05T04:30:30.256331+00:00,59.968,59.468,59.968,59,27,408,1020,,10702,3343,4073,3374,15.7,1728
1583.9,2026-08-05T04:30:31.261938+00:00,60.218,59.437,60.218,59,27,408,1020,,10782,3309,4033,3374,15.7,1728
1584.9,2026-08-05T04:30:32.267380+00:00,60.281,59.468,60.281,58.75,29,408,1020,,10662,3269,4033,3374,15.5,1728
1585.9,2026-08-05T04:30:33.272789+00:00,60.281,59.218,60.281,59,27,408,1020,,10702,3309,4033,3374,15.5,1728
1586.9,2026-08-05T04:30:34.278175+00:00,59.812,59.406,59.812,58.875,29,408,1020,,10662,3309,4033,3374,15.5,1728
1587.9,2026-08-05T04:30:35.283754+00:00,59.812,59.343,59.812,58.906,29,408,1020,,10622,3309,4033,3374,15.5,1728
1588.9,2026-08-05T04:30:36.288901+00:00,59.843,59.437,59.843,58.968,29,408,1020,,10543,3309,4033,3374,15.8,1728
1590.0,2026-08-05T04:30:37.294295+00:00,59.875,59.218,59.875,58.937,29,408,1020,,10583,3229,4033,3374,15.3,1728
1591.0,2026-08-05T04:30:38.299894+00:00,59.781,59.187,59.781,59,28,408,1020,,10543,3189,3993,3374,15.5,1728
1592.0,2026-08-05T04:30:39.305094+00:00,59.812,59.312,59.812,59,28,408,1020,,10543,3229,3993,3374,15.3,1728
1593.0,2026-08-05T04:30:40.310494+00:00,59.875,59.25,59.875,58.937,30,408,1020,,10463,3189,3953,3374,15.7,1728
1594.0,2026-08-05T04:30:41.316131+00:00,59.968,59.437,59.968,58.875,29,408,1020,,10480,3149,3993,3374,15.3,1728
1595.0,2026-08-05T04:30:42.321593+00:00,60.093,59.125,60.093,59.062,30,408,1020,,10400,3149,3953,3374,16.0,1728
1596.0,2026-08-05T04:30:43.326737+00:00,59.968,59.25,59.968,59.062,30,408,1020,,10360,3110,3953,3374,15.5,1728
1597.0,2026-08-05T04:30:44.332319+00:00,59.937,59.25,59.937,59.093,30,408,1020,,10360,3110,3953,3374,15.5,1728
1598.0,2026-08-05T04:30:45.337807+00:00,60.031,59.843,60.031,58.75,29,408,1020,,10360,3110,3953,3374,15.7,1728
1599.0,2026-08-05T04:30:46.343077+00:00,59.968,59.937,59.968,58.906,30,408,1020,,10263,3149,3913,3374,15.7,1728
1600.0,2026-08-05T04:30:47.348630+00:00,60.062,59.687,60.062,58.937,30,408,1020,,10320,3030,3913,3374,15.5,1728
1601.0,2026-08-05T04:30:48.354060+00:00,60.156,59.156,60.156,59.031,28,408,1020,,10160,3030,3913,3374,15.7,1728
1602.0,2026-08-05T04:30:49.359727+00:00,60.031,59.187,59.843,58.875,29,408,1020,,10200,2990,3913,3374,15.7,1728
1603.0,2026-08-05T04:30:50.365319+00:00,59.843,59.312,59.843,58.906,30,408,1020,,10040,2950,3913,3374,15.7,1728
1604.0,2026-08-05T04:30:51.370721+00:00,59.812,59.468,59.812,58.906,29,408,1020,,10160,2995,3873,3374,15.7,1728
1605.0,2026-08-05T04:30:52.376256+00:00,59.781,59.343,59.781,59,29,408,1020,,10000,2955,3873,3374,15.5,1728
1606.0,2026-08-05T04:30:53.382448+00:00,59.875,59.281,59.875,58.937,30,408,1020,,9920,2950,3880,3374,15.3,1728
1607.0,2026-08-05T04:30:54.388299+00:00,59.718,59,59.718,58.906,29,408,1020,,10000,2990,3913,3374,16.0,1728
1608.0,2026-08-05T04:30:55.394266+00:00,59.812,59.156,59.812,58.968,30,408,1020,,9920,2995,3880,3374,15.5,1728
1609.1,2026-08-05T04:30:56.400001+00:00,60.031,59.25,60.031,58.843,30,408,1020,,10000,2870,3873,3374,15.8,1728
1610.1,2026-08-05T04:30:57.405799+00:00,59.593,58.937,59.593,58.906,30,408,1020,,10040,2910,3873,3374,15.3,1728
1611.1,2026-08-05T04:30:58.411624+00:00,59.656,59.062,59.656,58.875,28,408,1020,,10040,2875,3833,3374,15.8,1728
1612.1,2026-08-05T04:30:59.417460+00:00,59.531,59.062,59.531,58.968,29,408,1020,,9760,2870,3880,3374,15.3,1728
1613.1,2026-08-05T04:31:00.423462+00:00,59.875,59.031,59.875,58.718,27,408,1020,,10000,2835,3873,3374,15.5,1728
1614.1,2026-08-05T04:31:01.429194+00:00,59.75,59.187,59.75,58.781,30,408,1020,,9840,2875,3880,3374,15.7,1728
1615.1,2026-08-05T04:31:02.434871+00:00,59.781,58.937,59.781,58.718,28,408,1020,,9880,2875,3840,3374,15.8,1728
1616.1,2026-08-05T04:31:03.440674+00:00,59.843,59,59.843,58.75,28,408,1020,,9800,2830,3880,3374,15.7,1728
1617.1,2026-08-05T04:31:04.446472+00:00,59.781,59,59.781,59,30,408,1020,,9680,2835,3840,3374,15.5,1728
1618.1,2026-08-05T04:31:05.451726+00:00,59.843,59.25,59.843,58.718,29,408,1020,,9800,2795,3793,3374,15.2,1728
1619.1,2026-08-05T04:31:06.457108+00:00,59.625,59.281,59.625,58.718,29,408,1020,,9800,2795,3840,3374,15.7,1728
1620.1,2026-08-05T04:31:07.462521+00:00,59.593,59.093,59.593,58.875,30,408,1020,,9840,2715,3833,3374,15.5,1728
1621.1,2026-08-05T04:31:08.468277+00:00,59.593,59.281,59.593,58.843,29,408,1020,,9720,2715,3840,3374,15.3,1728
1622.1,2026-08-05T04:31:09.473976+00:00,59.625,59.281,59.625,58.906,29,408,1020,,9800,2715,3833,3374,15.2,1728
1623.1,2026-08-05T04:31:10.479508+00:00,59.718,59.187,59.718,58.812,30,408,1020,,9840,2835,3833,3374,15.5,1728
1624.1,2026-08-05T04:31:11.485196+00:00,59.656,59.343,59.656,58.781,28,408,1020,,9840,2795,3833,3374,15.3,1728
1625.1,2026-08-05T04:31:12.490610+00:00,59.687,59,59.687,58.812,29,408,1020,,9960,2835,3873,3374,15.2,1728
1626.2,2026-08-05T04:31:13.496017+00:00,59.687,59,59.875,58.812,30,408,1020,,10040,2870,3873,3374,15.3,1728
1627.2,2026-08-05T04:31:14.501494+00:00,59.875,59.5,59.875,58.843,29,408,1020,,9960,2915,3873,3374,15.3,1728
1628.2,2026-08-05T04:31:15.507025+00:00,59.937,59.218,59.937,58.812,28,408,1020,,9960,2835,3873,3374,15.3,1728
1629.2,2026-08-05T04:31:16.512689+00:00,59.937,59.375,59.937,58.718,29,408,1020,,9960,2835,3873,3374,15.3,1728
1630.2,2026-08-05T04:31:17.518413+00:00,59.968,59.187,59.968,58.718,29,408,1020,,10000,2915,3873,3374,15.5,1728
1631.2,2026-08-05T04:31:18.523962+00:00,59.937,59.156,59.937,58.718,27,408,1020,,10000,2915,3913,3374,15.2,1728
1632.2,2026-08-05T04:31:19.529377+00:00,60.062,59.531,60.062,58.843,29,408,1020,,10040,2990,3953,3374,15.5,1728
1633.2,2026-08-05T04:31:20.534833+00:00,59.562,59.593,59.593,58.781,30,408,1020,,10120,2990,3873,3374,15.5,1728
1634.2,2026-08-05T04:31:21.540254+00:00,59.718,59.468,59.718,58.718,30,408,1020,,10120,2910,3873,3374,15.5,1728
1635.2,2026-08-05T04:31:22.545829+00:00,59.625,59,59.625,58.718,30,408,1020,,9960,2915,3873,3374,15.3,1728
1636.2,2026-08-05T04:31:23.551280+00:00,59.656,59.031,59.656,58.656,30,408,1020,,10040,2950,3873,3374,15.3,1728
1637.2,2026-08-05T04:31:24.556897+00:00,59.718,58.937,59.718,58.75,30,408,1020,,10040,2950,3873,3374,15.7,1728
1638.2,2026-08-05T04:31:25.562452+00:00,59.718,58.968,59.718,58.625,30,408,1020,,9920,2950,3873,3374,15.5,1728
1639.2,2026-08-05T04:31:26.567857+00:00,59.687,59.156,59.687,58.718,30,408,1020,,9920,2915,3833,3374,15.3,1728
1640.2,2026-08-05T04:31:27.573278+00:00,59.687,58.968,59.687,58.625,28,408,1020,,10000,2875,3833,3374,15.7,1728
1641.2,2026-08-05T04:31:28.578854+00:00,59.656,59.218,59.656,58.656,28,408,1020,,9880,2830,3873,3374,15.5,1728
1642.2,2026-08-05T04:31:29.584280+00:00,59.5,59.031,59.5,58.718,30,408,1020,,9920,2835,3833,3374,15.5,1728
1643.2,2026-08-05T04:31:30.590072+00:00,59.468,59.437,59.468,58.593,30,408,1020,,9800,2835,3840,3374,15.8,1728
1644.3,2026-08-05T04:31:31.595331+00:00,59.5,59.656,59.656,58.656,29,408,1020,,9720,2835,3840,3374,14.8,1728
1645.3,2026-08-05T04:31:32.600888+00:00,59.468,58.906,59.468,58.593,28,408,1020,,9760,2755,3840,3374,15.3,1728
1646.3,2026-08-05T04:31:33.606598+00:00,59.468,59.187,59.468,58.718,27,408,1020,,9840,2795,3833,3374,15.2,1728
1647.3,2026-08-05T04:31:34.612103+00:00,59.562,59.062,59.562,58.687,29,408,1020,,9920,2835,3873,3374,15.5,1728
1648.3,2026-08-05T04:31:35.617791+00:00,59.562,59.187,59.562,58.718,29,408,1020,,9960,2835,3873,3374,15.0,1728
1649.3,2026-08-05T04:31:36.623449+00:00,59.843,59.156,59.843,58.656,27,408,1020,,10000,2870,3913,3374,15.0,1728
1650.3,2026-08-05T04:31:37.629005+00:00,59.812,59.125,59.812,58.625,27,408,1020,,10120,2950,3913,3374,15.3,1728
1651.3,2026-08-05T04:31:38.634496+00:00,59.875,59.281,59.875,58.468,28,408,1020,,10120,2990,3913,3374,15.2,1728
1652.3,2026-08-05T04:31:39.640302+00:00,59.843,59.125,59.843,58.718,30,408,1020,,10200,2990,3913,3374,14.8,1728
1653.3,2026-08-05T04:31:40.646475+00:00,59.906,59.187,59.906,58.781,30,408,1020,,10280,3070,3953,3374,15.5,1728
1654.3,2026-08-05T04:31:41.652411+00:00,59.906,59.343,59.906,58.593,29,408,1020,,10400,3070,3953,3374,15.3,1728
1655.3,2026-08-05T04:31:42.658319+00:00,59.562,59.062,59.562,58.656,30,408,1020,,10343,3110,3953,3374,15.7,1728
1656.3,2026-08-05T04:31:43.664114+00:00,59.593,59,59.593,58.625,30,408,1020,,10320,3070,3953,3374,15.8,1728
1657.3,2026-08-05T04:31:44.670162+00:00,59.593,58.968,59.593,58.593,29,408,1020,,10280,3070,3913,3374,15.3,1728
1658.3,2026-08-05T04:31:45.676098+00:00,59.531,59.031,59.531,58.75,30,408,1020,,10320,3035,3913,3374,15.7,1728
1659.3,2026-08-05T04:31:46.681854+00:00,59.531,59.375,59.531,58.656,30,408,1020,,10200,2990,3953,3374,15.5,1728
1660.3,2026-08-05T04:31:47.687135+00:00,59.437,59,59.437,58.562,29,408,1020,,10160,2950,3913,3374,15.3,1728
1661.3,2026-08-05T04:31:48.692634+00:00,59.468,59.093,59.468,58.687,29,408,1020,,10240,3030,3913,3374,15.3,1728
1662.4,2026-08-05T04:31:49.698359+00:00,59.437,59,59.437,58.593,28,408,1020,,10320,3070,3953,3374,15.2,1728
1663.4,2026-08-05T04:31:50.703759+00:00,59.468,59.031,59.468,58.531,29,408,1020,,10263,3149,3953,3374,15.2,1728
1664.4,2026-08-05T04:31:51.709245+00:00,59.468,59.187,59.468,58.468,27,408,1020,,10343,3110,3953,3374,15.7,1728
1665.4,2026-08-05T04:31:52.715655+00:00,59.468,59.031,59.468,58.593,30,408,1020,,10503,3269,3993,3374,15.5,1728
1666.4,2026-08-05T04:31:53.721522+00:00,59.562,59.031,59.562,58.625,30,408,1020,,10303,3189,3953,3374,15.5,1728
1667.4,2026-08-05T04:31:54.727107+00:00,59.625,59.062,59.625,58.531,29,408,1020,,10240,3110,3993,3374,15.7,1728
1668.4,2026-08-05T04:31:55.732369+00:00,59.656,59.031,59.656,58.656,30,408,1020,,10360,3070,3953,3374,15.3,1728
1669.4,2026-08-05T04:31:56.738683+00:00,59.687,59.062,59.687,58.5,29,408,1020,,10360,3070,3953,3374,15.5,1728
1670.4,2026-08-05T04:31:57.744502+00:00,59.718,59.031,59.718,58.468,30,408,1020,,10440,3110,3953,3374,15.3,1728
1671.4,2026-08-05T04:31:58.750143+00:00,59.687,58.812,59.5,58.593,29,408,1020,,10280,3070,3953,3374,15.8,1728
1672.4,2026-08-05T04:31:59.756048+00:00,59.437,58.781,59.437,58.625,29,408,1020,,10320,3030,3953,3374,15.7,1728
1673.4,2026-08-05T04:32:00.761880+00:00,59.437,58.906,59.437,58.531,30,408,1020,,10360,3070,3913,3374,15.5,1728
1674.4,2026-08-05T04:32:01.767928+00:00,59.468,58.937,59.468,58.562,29,408,1020,,10200,3030,3913,3374,15.5,1728
1675.4,2026-08-05T04:32:02.773558+00:00,59.437,59,59.437,58.625,30,408,1020,,10223,3149,3913,3374,15.5,1728
1676.4,2026-08-05T04:32:03.779657+00:00,59.781,58.75,59.781,58.625,30,408,1020,,10280,3070,3913,3374,15.7,1728
1677.4,2026-08-05T04:32:04.785246+00:00,59.75,58.937,59.75,58.718,28,408,1020,,10120,3030,3913,3374,15.3,1728
1678.4,2026-08-05T04:32:05.791056+00:00,59.875,58.875,59.875,58.5,30,408,1020,,10120,3030,3913,3374,16.0,1728
1679.5,2026-08-05T04:32:06.796877+00:00,59.843,58.937,59.843,58.468,29,408,1020,,10120,2990,3913,3374,15.3,1728
1680.5,2026-08-05T04:32:07.802785+00:00,59.375,58.781,59.375,58.562,30,408,1020,,10200,2995,3873,3374,15.3,1728
1681.5,2026-08-05T04:32:08.808501+00:00,59.468,58.718,59.468,58.656,30,408,1020,,10120,2995,3873,3374,15.5,1728
1682.5,2026-08-05T04:32:09.814491+00:00,59.468,58.781,59.468,58.531,29,408,1020,,10080,2990,3873,3374,15.7,1728
1683.5,2026-08-05T04:32:10.820114+00:00,59.5,58.875,59.5,58.5,30,408,1020,,9920,2875,3873,3374,15.3,1728
1684.5,2026-08-05T04:32:11.825817+00:00,59.5,58.781,59.5,58.562,28,408,1020,,9840,2955,3840,3374,15.7,1728
1685.5,2026-08-05T04:32:12.831763+00:00,59.468,58.718,59.468,58.593,29,408,1020,,9880,2835,3833,3374,15.3,1728
1686.5,2026-08-05T04:32:13.837502+00:00,59.312,58.718,59.312,58.593,30,408,1020,,9800,2835,3880,3374,16.0,1728
1687.5,2026-08-05T04:32:14.843618+00:00,59.406,58.812,59.406,58.562,30,408,1020,,9920,2795,3833,3374,15.3,1728
1688.5,2026-08-05T04:32:15.849300+00:00,59.343,58.843,59.343,58.562,30,408,1020,,9800,2835,3840,3374,15.5,1728
1689.5,2026-08-05T04:32:16.855329+00:00,59.312,58.718,59.312,58.562,30,408,1020,,9720,2795,3840,3374,15.3,1728
1690.5,2026-08-05T04:32:17.860928+00:00,59.343,58.75,59.343,58.5,30,408,1020,,9680,2795,3840,3374,15.3,1728
1691.5,2026-08-05T04:32:18.866913+00:00,59.531,58.843,59.531,58.593,30,408,1020,,9760,2715,3840,3374,15.3,1728
1692.5,2026-08-05T04:32:19.872479+00:00,59.5,58.781,59.5,58.437,30,408,1020,,9680,2835,3800,3374,15.7,1728
1693.5,2026-08-05T04:32:20.878379+00:00,59.531,58.906,59.531,58.531,30,408,1020,,9680,2755,3800,3374,15.5,1728
1694.5,2026-08-05T04:32:21.886113+00:00,59.625,58.75,59.625,58.562,28,306,1020,,9760,2715,3793,3374,15.5,1728
1695.5,2026-08-05T04:32:22.890245+00:00,59.562,58.718,59.562,58.625,28,408,1020,,9600,2715,3840,3374,15.7,1728
1696.6,2026-08-05T04:32:23.895938+00:00,59.281,58.812,59.281,58.468,29,408,1020,,9640,2755,3800,3374,15.3,1728
1697.6,2026-08-05T04:32:24.901716+00:00,59.375,58.937,59.375,58.562,36,306,1020,,9600,2755,3760,3374,15.7,1728
1698.6,2026-08-05T04:32:25.907325+00:00,59.312,58.937,59.312,58.468,30,306,1020,,9720,2715,3760,3374,15.8,1728
1699.6,2026-08-05T04:32:26.913504+00:00,59.343,58.656,59.343,58.468,34,306,1020,,9560,2715,3800,3374,15.8,1728
1700.6,2026-08-05T04:32:27.919135+00:00,59.343,58.718,59.343,58.343,39,306,1020,,9520,2675,3800,3374,15.5,1728
1701.6,2026-08-05T04:32:28.925155+00:00,59.625,58.75,59.625,58.562,37,306,1020,,9640,2715,3760,3374,15.8,1728
1702.6,2026-08-05T04:32:29.931019+00:00,59.625,58.906,59.625,58.562,37,306,1020,,9600,2635,3760,3374,15.5,1728
1703.6,2026-08-05T04:32:30.936901+00:00,59.625,58.875,59.625,58.437,37,306,1020,,9560,2635,3800,3374,15.5,1728
1704.6,2026-08-05T04:32:31.942784+00:00,59.718,58.625,59.718,58.625,39,306,1020,,9560,2635,3760,3374,15.7,1728
1705.6,2026-08-05T04:32:32.948636+00:00,59.281,58.687,59.281,58.593,36,306,1020,,9400,2635,3800,3374,15.5,1728
1706.6,2026-08-05T04:32:33.954591+00:00,59.343,58.812,59.343,58.437,40,306,1020,,9480,2675,3760,3374,14.8,1728
1707.6,2026-08-05T04:32:34.960487+00:00,59.281,58.906,59.281,58.437,39,306,1020,,9560,2635,3720,3374,15.5,1728
1708.6,2026-08-05T04:32:35.966379+00:00,59.375,58.937,59.375,58.437,37,306,1020,,9520,2675,3760,3374,15.5,1728
1709.6,2026-08-05T04:32:36.972233+00:00,59.343,58.718,59.343,58.5,39,306,1020,,9480,2595,3800,3374,15.7,1728
1710.6,2026-08-05T04:32:37.977903+00:00,59.125,58.843,59.125,58.281,39,306,1020,,9400,2595,3800,3374,15.3,1728
1711.6,2026-08-05T04:32:38.983750+00:00,59.187,58.875,59.187,58.468,39,306,1020,,9520,2595,3760,3374,15.5,1728
1712.6,2026-08-05T04:32:39.989564+00:00,59.187,58.937,59.187,58.5,40,306,1020,,9535,2515,3760,3375,16.2,1728
1713.7,2026-08-05T04:32:40.995624+00:00,59.218,58.937,59.218,58.531,38,306,1020,,9280,2555,3800,3375,15.0,1728
1714.7,2026-08-05T04:32:42.001470+00:00,59.218,58.937,59.218,58.531,40,306,1020,,9455,2515,3760,3375,16.2,1728
1715.7,2026-08-05T04:32:43.007331+00:00,59.375,58.906,59.375,58.562,38,306,1020,,9320,2515,3760,3375,15.5,1728
1716.7,2026-08-05T04:32:44.013428+00:00,59.468,59.093,59.468,58.468,36,306,1020,,9400,2515,3720,3375,15.5,1728
1717.7,2026-08-05T04:32:45.019297+00:00,59.406,58.906,59.406,58.468,36,306,1020,,9535,2476,3680,3375,15.3,1728
1718.7,2026-08-05T04:32:46.025264+00:00,59.437,58.906,59.437,58.562,39,306,1020,,9254,2476,3760,3375,15.7,1728
1719.7,2026-08-05T04:32:47.031187+00:00,59.093,58.687,59.093,58.343,39,306,1020,,9120,2555,3720,3375,16.0,1728
1720.7,2026-08-05T04:32:48.037220+00:00,59.218,58.781,59.218,58.437,40,306,1020,,9360,2476,3720,3375,15.2,1728
1721.7,2026-08-05T04:32:49.043225+00:00,59.187,58.812,59.187,58.375,40,306,1020,,9240,2520,3720,3375,15.8,1728
1722.7,2026-08-05T04:32:50.049145+00:00,59.156,58.562,59.156,58.406,39,306,1020,,9120,2436,3760,3375,15.0,1728
1723.7,2026-08-05T04:32:51.055214+00:00,59.437,58.718,59.437,58.468,39,306,1020,,9254,2396,3760,3375,15.0,1728
1724.7,2026-08-05T04:32:52.061069+00:00,59.468,58.656,59.468,58.312,40,306,1020,,9240,2476,3720,3375,16.5,1728
1725.7,2026-08-05T04:32:53.066871+00:00,59.531,58.968,59.531,58.406,40,306,1020,,9374,2396,3760,3375,15.2,1728
1726.7,2026-08-05T04:32:54.072907+00:00,59.5,58.562,59.5,58.468,39,306,1020,,9294,2436,3720,3375,15.7,1728
1727.7,2026-08-05T04:32:55.078544+00:00,59.5,58.562,59.5,58.468,40,306,1020,,9200,2476,3720,3375,15.7,1728
1728.7,2026-08-05T04:32:56.084541+00:00,59.187,58.625,59.187,58.468,40,306,1020,,9174,2436,3760,3375,15.7,1728
1729.7,2026-08-05T04:32:57.090113+00:00,59.187,58.625,59.187,58.343,39,306,1020,,9214,2436,3720,3375,15.7,1728
1730.8,2026-08-05T04:32:58.096077+00:00,59.281,58.812,59.281,58.406,40,306,1020,,9134,2436,3760,3375,15.0,1728
1731.8,2026-08-05T04:32:59.101533+00:00,59.25,58.562,59.25,58.343,37,306,1020,,9374,2440,3680,3375,15.7,1728
1732.8,2026-08-05T04:33:00.107527+00:00,59.312,58.531,59.312,58.468,37,306,1020,,9374,2396,3720,3375,15.3,1728
1733.8,2026-08-05T04:33:01.113090+00:00,59,58.625,59,58.562,38,306,1020,,9214,2396,3720,3375,15.8,1728
1734.8,2026-08-05T04:33:02.119033+00:00,59,58.843,59,58.406,37,306,1020,,9214,2440,3680,3374,15.3,1728
1735.8,2026-08-05T04:33:03.124968+00:00,59.031,58.812,59.031,58.375,39,306,1020,,9080,2476,3720,3374,15.8,1728
1736.8,2026-08-05T04:33:04.130482+00:00,59,58.531,59,58.437,38,306,1020,,9174,2396,3720,3374,15.3,1728
1737.8,2026-08-05T04:33:05.136379+00:00,59,58.5,59,58.5,39,306,1020,,9094,2356,3760,3374,15.7,1728
1738.8,2026-08-05T04:33:06.142157+00:00,59.031,58.625,59.031,58.281,40,306,1020,,9254,2436,3680,3374,15.7,1728
1739.8,2026-08-05T04:33:07.147654+00:00,59.218,58.75,59.218,58.312,40,306,1020,,9334,2356,3680,3374,15.5,1728
1740.8,2026-08-05T04:33:08.153559+00:00,59.25,58.718,59.25,58.312,38,306,1020,,9214,2360,3680,3374,15.3,1728
1741.8,2026-08-05T04:33:09.159375+00:00,59.218,58.437,59.218,58.406,38,306,1020,,9134,2396,3720,3374,15.7,1728
1742.8,2026-08-05T04:33:10.165247+00:00,59.343,58.562,59.343,58.562,38,306,1020,,9214,2396,3680,3374,15.8,1728
1743.8,2026-08-05T04:33:11.170811+00:00,59.312,58.687,59.312,58.375,40,306,1020,,9000,2436,3680,3374,15.3,1728
1744.8,2026-08-05T04:33:12.176735+00:00,59.062,58.781,59.062,58.406,39,306,1020,,9094,2396,3680,3374,15.5,1728
1745.8,2026-08-05T04:33:13.182656+00:00,59.031,58.718,59.031,58.312,37,306,1020,,9174,2356,3680,3374,15.5,1728
1746.8,2026-08-05T04:33:14.188453+00:00,59.093,58.5,59.093,58.281,37,306,1020,,9094,2356,3680,3374,15.7,1728
1747.8,2026-08-05T04:33:15.194161+00:00,59.031,58.5,59.031,58.468,37,306,1020,,9014,2316,3720,3374,15.0,1728
1748.9,2026-08-05T04:33:16.200002+00:00,59.156,58.593,59.156,58.25,36,306,1020,,9134,2356,3680,3374,15.7,1728
1749.9,2026-08-05T04:33:17.205497+00:00,59.312,58.781,59.312,58.343,40,306,1020,,9054,2280,3680,3374,15.0,1728
1750.9,2026-08-05T04:33:18.211307+00:00,59.406,58.812,59.406,58.25,37,306,1020,,9094,2356,3680,3374,15.5,1728
1751.9,2026-08-05T04:33:19.217133+00:00,59.437,58.531,59.437,58.437,40,306,1020,,9214,2316,3680,3374,15.5,1728
1752.9,2026-08-05T04:33:20.223185+00:00,59.375,58.531,59.375,58.375,37,306,1020,,9134,2316,3720,3374,15.5,1728
1753.9,2026-08-05T04:33:21.228771+00:00,59.406,58.625,59.406,58.25,38,306,1020,,9094,2316,3680,3374,15.5,1728
1754.9,2026-08-05T04:33:22.234464+00:00,59.156,58.75,59.156,58.312,39,306,1020,,9094,2360,3680,3374,15.8,1728
1755.9,2026-08-05T04:33:23.240393+00:00,59.125,58.781,59.125,58.375,37,306,1020,,9134,2320,3680,3374,15.5,1728
1756.9,2026-08-05T04:33:24.246095+00:00,59.187,58.593,59.187,58.343,40,306,1020,,9214,2360,3640,3374,15.5,1728
1757.9,2026-08-05T04:33:25.252050+00:00,59.187,58.687,59.187,58.375,40,306,1020,,9054,2360,3680,3374,15.3,1728
1758.9,2026-08-05T04:33:26.257917+00:00,59.187,58.718,59.187,58.406,40,306,1020,,9014,2316,3680,3374,15.7,1728
1759.9,2026-08-05T04:33:27.263762+00:00,59,58.906,59,58.406,38,306,1020,,9134,2316,3680,3374,15.2,1728
1760.9,2026-08-05T04:33:28.269500+00:00,58.968,58.937,58.968,58.375,40,306,1020,,9174,2276,3680,3374,15.8,1728
1761.9,2026-08-05T04:33:29.275336+00:00,59,58.812,59,58.375,40,306,1020,,8974,2276,3720,3374,15.0,1728
1762.9,2026-08-05T04:33:30.281129+00:00,59.031,58.843,59.031,58.312,39,306,1020,,9094,2280,3640,3374,15.5,1728
1763.9,2026-08-05T04:33:31.287508+00:00,59.218,58.937,59.218,58.281,39,306,1020,,8934,2316,3680,3374,15.7,1728
1764.9,2026-08-05T04:33:32.292903+00:00,59.187,58.718,59.187,58.281,39,306,1020,,9054,2236,3680,3374,15.5,1728
1766.0,2026-08-05T04:33:33.298271+00:00,59.312,58.75,59.312,58.406,39,306,1020,,9134,2280,3680,3374,15.7,1728
1767.0,2026-08-05T04:33:34.303772+00:00,59.406,58.875,59.406,58.437,29,306,1020,,9054,2356,3680,3374,15.5,1728
1768.0,2026-08-05T04:33:35.309160+00:00,59.406,58.968,59.406,58.375,27,306,1020,,9054,2356,3720,3374,15.2,1728
1769.0,2026-08-05T04:33:36.314483+00:00,59.468,58.875,59.468,58.343,52,306,1020,,9134,2396,3720,3374,15.2,1728
1770.0,2026-08-05T04:33:37.319927+00:00,59.593,59.125,59.593,58.406,55,306,1020,,9294,2440,3680,3374,15.5,1728
1771.0,2026-08-05T04:33:38.325409+00:00,59.656,58.656,59.656,58.343,99,306,1020,,9334,2396,3760,3374,15.7,1728
1772.0,2026-08-05T04:33:39.332272+00:00,59.656,58.718,59.406,58.468,99,714,1020,,9294,2436,3800,3374,15.3,1651
1773.0,2026-08-05T04:33:40.337513+00:00,59.406,59.062,59.406,58.281,94,306,1020,,9174,2396,3720,3375,15.7,1728
1774.0,2026-08-05T04:33:41.343147+00:00,59.406,59.187,59.406,58.375,93,306,1020,,9134,2356,3720,3375,15.0,1728
1775.0,2026-08-05T04:33:42.348569+00:00,59.406,59.406,59.406,58.343,75,306,1020,,9120,2436,3720,3375,15.5,1728
1776.0,2026-08-05T04:33:43.355114+00:00,59.406,58.968,59.406,58.343,99,714,1020,,9200,2436,3720,3375,15.3,1728
1777.0,2026-08-05T04:33:44.359598+00:00,59.562,58.718,59.562,58.531,99,714,1020,,9440,2555,3760,3375,15.3,1728
1778.0,2026-08-05T04:33:45.365015+00:00,59.312,59.031,59.312,58.281,90,306,1020,,9174,2280,3640,3375,15.7,1728
1779.0,2026-08-05T04:33:46.370417+00:00,59.781,59.281,59.781,58.281,94,714,1020,,9254,2476,3760,3375,15.3,1728
1780.0,2026-08-05T04:33:47.375994+00:00,59.5,58.968,59.5,58.375,99,714,1020,,9360,2515,3760,3375,15.3,1651
1781.0,2026-08-05T04:33:48.381928+00:00,59.375,58.437,59.375,58.375,99,714,1020,,9334,2476,3800,3375,15.3,1497
1782.0,2026-08-05T04:33:49.387557+00:00,58.968,58.812,58.968,58.375,19,306,1020,,8894,2200,3640,3375,15.2,1728
1783.0,2026-08-05T04:33:50.392751+00:00,58.906,58.781,58.906,58.281,38,306,1020,,8974,2280,3640,3375,15.7,1728
1784.1,2026-08-05T04:33:51.398617+00:00,59.031,58.75,59.031,58.343,39,306,1020,,9014,2280,3640,3374,15.2,1728
1785.1,2026-08-05T04:33:52.404332+00:00,58.968,58.875,58.968,58.312,39,306,1020,,9054,2280,3640,3374,15.5,1728
1786.1,2026-08-05T04:33:53.410607+00:00,59.125,58.687,59.125,58.312,40,306,1020,,8974,2240,3680,3374,15.3,1728
1787.1,2026-08-05T04:33:54.416715+00:00,59.218,58.906,59.218,58.375,40,306,1020,,9014,2320,3680,3374,15.8,1728
1788.1,2026-08-05T04:33:55.422435+00:00,59.125,58.687,59.125,58.312,38,306,1020,,9174,2280,3640,3374,15.3,1728
1789.1,2026-08-05T04:33:56.429093+00:00,59.218,58.875,59,58.281,39,306,1020,,8974,2276,3680,3374,15.3,1728
1790.1,2026-08-05T04:33:57.435165+00:00,59.031,58.718,59.031,58.437,39,306,1020,,9014,2280,3680,3374,15.2,1728
1791.1,2026-08-05T04:33:58.441364+00:00,59,58.687,59,58.468,39,306,1020,,9014,2276,3680,3374,15.3,1728
1792.1,2026-08-05T04:33:59.447657+00:00,58.968,58.75,58.968,58.25,39,306,1020,,9014,2280,3680,3374,15.5,1728
1793.1,2026-08-05T04:34:00.453270+00:00,59.25,59.062,59.25,58.343,39,306,1020,,9054,2276,3680,3374,15.7,1728
1794.1,2026-08-05T04:34:01.460383+00:00,59.281,58.656,59.281,58.218,39,306,1020,,8934,2316,3685,3374,15.8,1728
1795.1,2026-08-05T04:34:02.466112+00:00,59.25,58.687,59.25,58.406,30,306,1020,,9134,2280,3640,3374,15.7,1728
1796.1,2026-08-05T04:34:03.472070+00:00,59.375,58.562,59.093,58.25,27,306,1020,,9094,2276,3680,3374,15.5,1728
1797.1,2026-08-05T04:34:04.477767+00:00,59.125,58.687,59.125,58.25,36,306,1020,,9134,2280,3640,3374,16.2,1728
1798.1,2026-08-05T04:34:05.483493+00:00,59.187,58.812,59.187,58.281,37,306,1020,,9160,2440,3640,3374,15.5,1728
1799.1,2026-08-05T04:34:06.489407+00:00,59.281,58.75,59.281,58.343,94,306,1020,,9160,2476,3720,3374,15.8,1728
1800.2,2026-08-05T04:34:07.495220+00:00,59.281,58.468,59.281,58.406,94,306,1020,,9214,2436,3760,3374,15.5,1728
1801.2,2026-08-05T04:34:08.501104+00:00,59.375,58.531,59.656,58.25,99,306,1020,,9240,2476,3720,3374,15.3,1728
1802.2,2026-08-05T04:34:09.506996+00:00,59.781,58.781,59.781,58.25,99,714,1020,,9400,2515,3720,3374,15.5,1574
1803.2,2026-08-05T04:34:10.512987+00:00,59.937,58.5,59.937,58.25,99,714,1020,,9480,2595,3800,3374,15.3,1651
1804.2,2026-08-05T04:34:11.518903+00:00,59.562,58.625,59.562,58.343,99,714,1020,,9600,2635,3840,3374,15.3,1497
1805.2,2026-08-05T04:34:12.525039+00:00,59.687,58.625,59.687,58.406,99,714,1020,,9920,2795,3873,3374,15.2,960
1806.2,2026-08-05T04:34:13.530997+00:00,59.906,58.718,59.906,58.218,99,714,1020,,9960,2875,3913,3374,15.5,729
1807.2,2026-08-05T04:34:14.537016+00:00,59.781,58.843,59.781,58.468,99,714,1020,,10240,2791,3953,3374,15.3,1728
1808.2,2026-08-05T04:34:15.542798+00:00,59.906,58.531,59.906,58.312,89,714,1020,,10040,2870,3993,3374,15.2,1728
1809.2,2026-08-05T04:34:16.548677+00:00,59.937,58.718,59.937,58.343,94,714,1020,,10320,2950,3993,3374,15.7,1728
1810.2,2026-08-05T04:34:17.554923+00:00,60,58.781,60,58.281,89,1020,1020,,10400,3070,4033,3374,15.2,1728
1811.2,2026-08-05T04:34:18.560963+00:00,60.187,58.718,60.187,58.281,92,1020,1020,,10782,3309,4073,3374,15.7,1267
1812.2,2026-08-05T04:34:19.567262+00:00,60.281,59,60.281,58.312,99,1020,1020,,10982,3423,4146,3374,15.5,960
1813.2,2026-08-05T04:34:20.573208+00:00,60.375,58.718,60.375,58.343,99,1020,1020,,11182,3542,4186,3374,15.3,806
1814.2,2026-08-05T04:34:21.578950+00:00,60.531,58.718,60.531,58.437,99,1020,1020,,11142,3622,4186,3374,15.5,806
1815.2,2026-08-05T04:34:22.584856+00:00,60.5,58.875,60.5,58.25,99,1020,1020,,11381,3662,4186,3374,15.8,1651
1816.2,2026-08-05T04:34:23.590636+00:00,60.406,58.687,60.406,58.312,99,1020,1020,,11421,3662,4146,3374,15.2,1574
1817.3,2026-08-05T04:34:24.596588+00:00,60.468,58.718,60.468,58.25,99,1020,1020,,11301,3582,4186,3374,15.3,1574
1818.3,2026-08-05T04:34:25.602447+00:00,60.156,58.687,60.156,58.312,99,1020,1020,,11341,3662,4146,3374,15.7,1574
1819.3,2026-08-05T04:34:26.608378+00:00,60.156,58.718,60.156,58.281,99,1020,1020,,11381,3622,4186,3374,15.7,1574
1820.3,2026-08-05T04:34:27.614060+00:00,60.125,58.937,60.125,58.281,66,1020,1020,,11261,3702,4186,3374,15.3,1651
1821.3,2026-08-05T04:34:28.619790+00:00,59.937,58.718,59.937,58.343,57,612,1020,,11341,3662,4186,3374,15.7,1651
1822.3,2026-08-05T04:34:29.625592+00:00,59.937,58.718,59.937,58.343,29,612,1020,,11261,3702,4186,3374,15.3,1574
1823.3,2026-08-05T04:34:30.631261+00:00,60.031,58.718,60.031,58.437,45,612,1020,,11301,3662,4186,3374,15.5,1574
1824.3,2026-08-05T04:34:31.637092+00:00,60.187,58.843,60.187,58.25,32,612,1020,,11381,3662,4186,3374,15.5,1574
1825.3,2026-08-05T04:34:32.642994+00:00,60.187,58.781,60.187,58.25,38,612,1020,,11222,3702,4146,3374,15.7,1574
1826.3,2026-08-05T04:34:33.649113+00:00,60.125,58.718,60.125,58.375,41,612,1020,,11341,3662,4226,3374,15.3,1651
1827.3,2026-08-05T04:34:34.654946+00:00,60.187,58.75,60.187,58.343,46,612,1020,,11301,3622,4186,3374,15.3,1651
1828.3,2026-08-05T04:34:35.660951+00:00,59.812,58.593,59.812,58.531,39,612,1020,,11261,3582,4186,3374,15.0,1574
1829.3,2026-08-05T04:34:36.666789+00:00,59.812,58.906,59.812,58.343,42,612,1020,,11341,3662,4186,3374,15.8,1728
1830.3,2026-08-05T04:34:37.672737+00:00,59.812,58.718,59.812,58.281,45,612,1020,,11501,3741,4186,3374,15.0,1728
1831.3,2026-08-05T04:34:38.678544+00:00,59.812,58.593,59.812,58.437,47,612,1020,,11341,3622,4186,3374,15.5,1728
1832.3,2026-08-05T04:34:39.684381+00:00,59.781,58.593,59.781,58.5,42,612,1020,,11421,3741,4146,3374,15.5,1728
1833.3,2026-08-05T04:34:40.690179+00:00,59.468,58.656,59.468,58.25,49,510,1020,,11261,3662,4186,3374,15.7,1728
1834.4,2026-08-05T04:34:41.696063+00:00,59.468,58.906,59.468,58.187,48,510,1020,,11182,3582,4186,3374,15.2,1728
1835.4,2026-08-05T04:34:42.701795+00:00,59.468,58.687,59.468,58.312,25,510,1020,,11222,3662,4146,3374,15.5,1728
1836.4,2026-08-05T04:34:43.707732+00:00,59.437,58.937,59.437,58.375,23,510,1020,,11102,3582,4146,3374,15.7,1728
1837.4,2026-08-05T04:34:44.713691+00:00,59.406,58.5,59.593,58.406,24,510,1020,,11102,3662,4146,3374,15.3,1728
1838.4,2026-08-05T04:34:45.718946+00:00,59.531,58.781,59.531,58.218,52,510,1020,,10822,3229,4113,3374,15.2,1728
1839.4,2026-08-05T04:34:46.724378+00:00,59.781,59.218,59.781,58.218,46,510,1020,,11301,3622,4186,3374,15.5,1728
1840.4,2026-08-05T04:34:47.729760+00:00,59.656,59.062,59.656,58.343,44,510,1020,,11261,3702,4146,3374,15.3,1728
1841.4,2026-08-05T04:34:48.735319+00:00,59.656,58.812,59.656,58.406,32,510,1020,,11261,3582,4146,3374,15.3,1728
1842.4,2026-08-05T04:34:49.740885+00:00,59.625,58.718,59.625,58.406,35,510,1020,,11102,3582,4146,3374,15.5,1728
1843.4,2026-08-05T04:34:50.746486+00:00,59.562,58.75,59.562,58.25,24,510,1020,,11102,3582,4146,3374,15.3,1728
1844.4,2026-08-05T04:34:51.751745+00:00,59.687,59.156,59.687,58.343,24,510,1020,,11102,3542,4106,3374,15.5,1728
1845.4,2026-08-05T04:34:52.757344+00:00,59.625,58.937,59.625,58.25,23,510,1020,,11022,3542,4106,3374,15.8,1728
1846.4,2026-08-05T04:34:53.762812+00:00,59.343,58.75,59.343,58.343,24,510,1020,,11062,3503,4106,3374,15.5,1728
1847.4,2026-08-05T04:34:54.768126+00:00,59.343,58.687,59.343,58.343,24,510,1020,,11022,3468,4066,3374,15.5,1728
1848.4,2026-08-05T04:34:55.773500+00:00,59.375,58.75,59.375,58.25,24,510,1020,,10942,3423,4066,3374,15.7,1728
1849.4,2026-08-05T04:34:56.779228+00:00,59.25,58.718,59.25,58.343,23,510,1020,,10822,3428,4073,3374,15.2,1728
1850.4,2026-08-05T04:34:57.784484+00:00,59.343,58.75,59.343,58.25,22,510,1020,,10822,3389,4033,3374,15.8,1728
1851.4,2026-08-05T04:34:58.789849+00:00,59.343,58.718,59.343,58.25,24,510,1020,,10742,3349,4033,3374,15.7,1728
1852.5,2026-08-05T04:34:59.795247+00:00,59.312,58.468,59.312,58.25,24,510,1020,,10702,3309,4033,3374,15.5,1728
1853.5,2026-08-05T04:35:00.800637+00:00,59.25,58.687,59.25,58.375,30,408,1020,,10662,3349,3993,3374,16.0,1728
1854.5,2026-08-05T04:35:01.806021+00:00,59.281,58.75,59.281,58.156,29,408,1020,,10622,3269,3993,3374,15.8,1728
1855.5,2026-08-05T04:35:02.811490+00:00,59.375,58.718,59.375,58.218,28,408,1020,,10543,3229,3993,3374,15.3,1728
1856.5,2026-08-05T04:35:03.817202+00:00,59.125,58.718,59.125,58.218,27,408,1020,,10543,3229,3993,3374,15.8,1728
1857.5,2026-08-05T04:35:04.822743+00:00,59.156,58.718,59.156,58.406,29,408,1020,,10383,3189,3993,3374,15.3,1728
1858.5,2026-08-05T04:35:05.827975+00:00,59.156,59.093,59.156,58.281,28,408,1020,,10423,3189,3993,3374,15.7,1728
1859.5,2026-08-05T04:35:06.833319+00:00,59.156,59.093,59.156,58.343,29,408,1020,,10463,3229,3993,3374,15.8,1728
1860.5,2026-08-05T04:35:07.838722+00:00,59.187,59.343,59.343,58.156,30,408,1020,,10360,3149,3953,3374,15.7,1728
1861.5,2026-08-05T04:35:08.844442+00:00,59.156,59.031,59.156,58.25,29,408,1020,,10280,3070,3953,3374,15.7,1728
1862.5,2026-08-05T04:35:09.849921+00:00,59.156,58.593,59.156,58.25,30,408,1020,,10320,3070,3993,3374,15.5,1728
1863.5,2026-08-05T04:35:10.855330+00:00,59.093,58.437,59.093,58.25,30,408,1020,,10360,3110,3953,3374,15.0,1728
1864.5,2026-08-05T04:35:11.860855+00:00,59.093,58.656,59.406,58.437,29,408,1020,,10400,3149,3953,3374,15.5,1728
1865.5,2026-08-05T04:35:12.866506+00:00,59.343,58.718,59.343,58.156,30,408,1020,,10280,3110,3953,3374,15.5,1728
1866.5,2026-08-05T04:35:13.871724+00:00,59.406,58.718,59.406,58.281,29,408,1020,,10400,3110,3953,3374,15.3,1728
1867.5,2026-08-05T04:35:14.877118+00:00,59.406,58.656,59.406,58.281,28,408,1020,,10360,3070,3953,3374,15.3,1728
1868.5,2026-08-05T04:35:15.882565+00:00,59.437,58.531,59.437,58.343,29,408,1020,,10280,3110,3953,3374,16.0,1728
1869.5,2026-08-05T04:35:16.887986+00:00,59.468,58.687,59.468,58.406,30,408,1020,,10280,3070,3913,3374,15.5,1728
1870.5,2026-08-05T04:35:17.893381+00:00,59.437,58.875,59.437,58.218,29,408,1020,,10320,3070,3913,3374,15.7,1728
1871.6,2026-08-05T04:35:18.898812+00:00,59.437,58.718,59.437,58.218,30,408,1020,,10320,3030,3913,3374,15.2,1728
1872.6,2026-08-05T04:35:19.904306+00:00,59.5,58.968,59.5,58.312,29,408,1020,,10200,3030,3913,3374,15.5,1728
1873.6,2026-08-05T04:35:20.909679+00:00,59.468,58.781,59.468,58.25,27,408,1020,,10160,2990,3913,3374,15.5,1728
1874.6,2026-08-05T04:35:21.915176+00:00,59.156,58.781,59.156,58.312,29,408,1020,,10120,3030,3913,3374,16.7,1728
1875.6,2026-08-05T04:35:22.920567+00:00,59.281,58.875,59.281,58.218,28,408,1020,,10120,2950,3873,3374,15.3,1728
1876.6,2026-08-05T04:35:23.925980+00:00,59.156,58.843,59.156,58.218,29,408,1020,,10040,2950,3913,3374,15.3,1728
1877.6,2026-08-05T04:35:24.931384+00:00,59.187,58.906,59.187,58.218,30,408,1020,,10000,2950,3873,3374,15.3,1728
1878.6,2026-08-05T04:35:25.936715+00:00,59.156,58.843,59.156,58.187,28,408,1020,,9960,2915,3873,3374,15.3,1728
1879.6,2026-08-05T04:35:26.942097+00:00,59.25,58.718,59.25,58.281,30,408,1020,,10040,2875,3873,3374,15.7,1728
1880.6,2026-08-05T04:35:27.947450+00:00,59.187,58.656,59.187,58.312,27,408,1020,,9960,2830,3873,3374,15.5,1728
1881.6,2026-08-05T04:35:28.953129+00:00,59.125,58.75,59.125,58.218,29,408,1020,,9840,2875,3873,3374,15.8,1728
1882.6,2026-08-05T04:35:29.958729+00:00,59.25,58.718,59.25,58.25,30,408,1020,,9920,2795,3873,3374,15.0,1728
1883.6,2026-08-05T04:35:30.964141+00:00,59.281,58.437,59.281,58.25,30,408,1020,,10080,2915,3833,3374,15.5,1728
1884.6,2026-08-05T04:35:31.969620+00:00,59.093,58.531,59.093,58.25,29,408,1020,,9960,2910,3873,3374,15.5,1728
1885.6,2026-08-05T04:35:32.975208+00:00,59.062,58.531,59.062,58.375,29,408,1020,,10000,2910,3873,3374,15.3,1728
1886.6,2026-08-05T04:35:33.980413+00:00,59.093,58.593,59.093,58.187,29,408,1020,,9960,2910,3873,3374,15.5,1728
1887.6,2026-08-05T04:35:34.988229+00:00,59.031,58.843,59.031,58.25,28,408,1020,,9960,2910,3873,3374,15.7,1728
1888.6,2026-08-05T04:35:35.991205+00:00,59.031,58.625,59.031,58.218,27,408,1020,,9920,2915,3880,3374,15.3,1728
1889.7,2026-08-05T04:35:36.996642+00:00,59.093,59.281,59.281,58.25,28,408,1020,,9920,2915,3833,3374,15.3,1728
1890.7,2026-08-05T04:35:38.001985+00:00,59.156,59.125,59.156,58.312,38,306,1020,,9760,2635,3833,3374,15.0,1728
1891.7,2026-08-05T04:35:39.007410+00:00,59.156,58.656,59.156,58.156,30,408,1020,,10000,2875,3833,3374,15.7,1728
1892.7,2026-08-05T04:35:40.012906+00:00,59.062,58.75,59.062,58.218,30,408,1020,,9960,2915,3873,3374,15.3,1728
1893.7,2026-08-05T04:35:41.018549+00:00,59.218,58.625,59.218,58.187,28,408,1020,,9920,2915,3840,3374,15.8,1728
1894.7,2026-08-05T04:35:42.023810+00:00,59.468,58.937,59.468,58.343,29,408,1020,,9880,2870,3880,3374,15.5,1728
1895.7,2026-08-05T04:35:43.029294+00:00,59.437,58.5,59.437,58.343,30,408,1020,,9880,2875,3833,3374,15.7,1728
1896.7,2026-08-05T04:35:44.034737+00:00,59.468,58.687,59.468,58.25,30,408,1020,,9800,2835,3840,3374,15.8,1728
1897.7,2026-08-05T04:35:45.040212+00:00,59,58.843,59,58.25,30,408,1020,,9840,2795,3833,3374,15.3,1728
1898.7,2026-08-05T04:35:46.046320+00:00,59,58.75,59,58.187,29,408,1020,,9840,2755,3833,3374,15.8,1728
1899.7,2026-08-05T04:35:47.052238+00:00,59.031,58.718,59.031,58.218,29,408,1020,,9800,2755,3880,3374,15.8,1728
1900.7,2026-08-05T04:35:48.058306+00:00,59,58.718,59,58.218,30,408,1020,,9760,2795,3840,3374,15.5,1728
1901.7,2026-08-05T04:35:49.063272+00:00,59.156,58.75,59.156,58.343,30,408,1020,,9760,2795,3840,3374,15.3,1728
1902.7,2026-08-05T04:35:50.068952+00:00,59.093,58.781,59.093,58.218,30,408,1020,,9720,2795,3840,3374,15.5,1728
1903.7,2026-08-05T04:35:51.074336+00:00,59.25,59.156,59.25,58.281,30,408,1020,,9760,2795,3793,3374,15.2,1728
1904.7,2026-08-05T04:35:52.080081+00:00,59.187,58.875,59.187,58.156,29,408,1020,,9720,2715,3840,3374,15.5,1728
1905.7,2026-08-05T04:35:53.085607+00:00,59.218,58.687,59.218,58.25,30,408,1020,,9760,2755,3840,3374,15.3,1728
1906.7,2026-08-05T04:35:54.091508+00:00,59.156,58.656,59.156,58.281,29,408,1020,,9760,2795,3800,3374,15.3,1728
1907.8,2026-08-05T04:35:55.097045+00:00,58.937,58.406,58.937,58.093,0,306,1020,,8092,1520,3565,3373,17.0,1728
1908.8,2026-08-05T04:35:56.102392+00:00,58.5,58.156,58.5,58.125,0,306,1020,,7704,1282,3485,3373,16.8,1728
1909.8,2026-08-05T04:35:57.108385+00:00,58.343,57.843,58.343,58.031,0,306,1020,,7091,1080,3325,1791,13.5,729
1910.8,2026-08-05T04:35:58.114646+00:00,58.156,57.281,58.156,57.906,0,306,1020,,5790,598,2910,1791,0.3,729
1911.8,2026-08-05T04:35:59.120349+00:00,58.062,57.312,58.062,57.843,0,306,1020,,5582,558,2830,1791,0.3,729
1912.8,2026-08-05T04:36:00.125888+00:00,58,57.281,58,57.718,0,306,1020,,5621,558,2830,1791,0.2,729
1913.8,2026-08-05T04:36:01.131614+00:00,58.187,57.406,58.187,57.625,0,306,1020,,5591,558,2830,1791,0.5,729
1914.8,2026-08-05T04:36:02.137280+00:00,58.062,57.031,58.062,57.468,0,306,1020,,5551,518,2830,1791,0.5,729
1915.8,2026-08-05T04:36:03.142995+00:00,58.031,56.875,58.031,57.468,0,306,1020,,5551,518,2830,1791,0.2,729
1916.8,2026-08-05T04:36:04.149082+00:00,58,56.781,58,57.468,0,306,1020,,5591,558,2830,1791,0.7,729
1917.8,2026-08-05T04:36:05.154804+00:00,58,56.812,58,57.281,0,306,1020,,5551,518,2830,1791,0.0,729
1918.8,2026-08-05T04:36:06.160545+00:00,57.562,56.968,57.562,57.281,0,306,1020,,5551,518,2830,1791,0.2,729
1919.8,2026-08-05T04:36:07.165867+00:00,57.5,56.781,57.5,57.218,0,306,1020,,5542,518,2830,1791,0.2,729
1920.8,2026-08-05T04:36:08.171947+00:00,57.5,56.562,57.5,57.187,0,306,1020,,5551,518,2830,1791,0.5,729
1921.8,2026-08-05T04:36:09.177341+00:00,57.406,56.406,57.406,57.187,0,306,1020,,5551,518,2830,1791,0.0,729
1922.8,2026-08-05T04:36:10.183099+00:00,57.312,56.468,57.312,56.968,0,306,1020,,5551,558,2830,1791,0.3,729
1923.8,2026-08-05T04:36:11.189157+00:00,57.25,56.593,57.25,56.875,0,306,1020,,5551,558,2830,1791,0.3,729
1924.9,2026-08-05T04:36:12.194609+00:00,57.093,56.281,57.093,56.812,0,306,1020,,5551,518,2830,1791,0.2,729
1925.9,2026-08-05T04:36:13.200447+00:00,57.031,56.281,57.031,56.812,0,306,1020,,5551,518,2830,1791,0.0,729
1926.9,2026-08-05T04:36:14.206208+00:00,57.031,56.187,57.031,56.875,0,306,1020,,5542,518,2830,1791,0.2,729
1927.9,2026-08-05T04:36:15.211992+00:00,56.968,56.25,56.968,56.75,0,306,1020,,5551,518,2830,1791,0.3,729
1928.9,2026-08-05T04:36:16.217557+00:00,56.906,56.312,56.906,56.562,0,306,1020,,5582,558,2830,1791,0.5,729
1929.9,2026-08-05T04:36:17.223177+00:00,56.937,56,56.937,56.468,0,306,1020,,5551,558,2830,1791,0.3,729
1930.9,2026-08-05T04:36:18.228845+00:00,57,56,57,56.5,0,306,1020,,5542,518,2830,1791,0.3,729
1931.9,2026-08-05T04:36:19.234497+00:00,57,55.875,57,56.468,0,306,1020,,5551,518,2830,1791,0.2,729
1932.9,2026-08-05T04:36:20.240560+00:00,56.906,55.875,56.906,56.312,0,306,1020,,5551,558,2830,1791,0.5,729
1933.9,2026-08-05T04:36:21.246184+00:00,56.875,56.062,56.875,56.281,0,306,1020,,5551,558,2830,1791,0.3,729
1934.9,2026-08-05T04:36:22.251812+00:00,56.812,55.656,56.812,56.312,0,306,1020,,5551,558,2830,1791,0.7,729
1935.9,2026-08-05T04:36:23.257746+00:00,56.687,55.718,56.437,56.25,0,306,1020,,5551,518,2791,1791,0.5,729
1936.9,2026-08-05T04:36:24.263212+00:00,56.468,55.781,56.468,56.093,0,306,1020,,5542,558,2791,1791,0.2,729
1937.9,2026-08-05T04:36:25.269368+00:00,56.468,55.656,56.468,56.031,0,306,1020,,5542,518,2791,1791,0.5,729
1938.9,2026-08-05T04:36:26.275408+00:00,56.343,55.843,56.343,56,0,306,1020,,5551,518,2791,1791,0.2,729
1939.9,2026-08-05T04:36:27.281579+00:00,56.281,55.406,56.562,56.062,0,306,1020,,5542,518,2791,1791,0.2,729
1940.9,2026-08-05T04:36:28.288209+00:00,56.562,55.406,56.562,56.093,0,306,1020,,5551,518,2830,1791,0.8,729
1942.0,2026-08-05T04:36:29.294430+00:00,56.5,55.625,56.5,55.812,0,306,1020,,5551,518,2791,1791,0.5,729
1943.0,2026-08-05T04:36:30.299881+00:00,56.468,55.312,56.468,55.906,0,306,1020,,5551,518,2791,1791,0.2,729
1944.0,2026-08-05T04:36:31.305963+00:00,56.437,55.343,56.187,55.812,0,306,1020,,5551,518,2791,1791,0.8,729
1945.0,2026-08-05T04:36:32.312311+00:00,56.312,55.843,56.312,55.906,0,306,1020,,7188,1156,3349,1787,16.3,1728
1946.0,2026-08-05T04:36:33.321375+00:00,56.187,55.281,56.187,55.75,0,306,1020,,5750,598,2870,1495,4.2,729
1947.0,2026-08-05T04:36:34.327208+00:00,56.437,55.312,56.437,55.75,0,306,1020,,5551,518,2791,1495,0.3,729
1948.0,2026-08-05T04:36:35.333663+00:00,55.843,55.062,55.843,55.625,0,306,1020,,5591,558,2830,1495,0.2,729
1949.0,2026-08-05T04:36:36.339956+00:00,55.906,55.031,55.906,55.718,0,306,1020,,5511,518,2791,1495,0.0,729
1950.0,2026-08-05T04:36:37.345920+00:00,55.906,55.125,55.906,55.531,0,306,1020,,5511,518,2791,1495,0.2,729
1951.0,2026-08-05T04:36:38.352143+00:00,55.875,55.187,55.875,55.531,0,306,1020,,5511,518,2791,1495,0.0,729
1952.0,2026-08-05T04:36:39.358132+00:00,55.812,54.875,55.656,55.468,0,306,1020,,5511,518,2791,1495,0.0,729
1953.0,2026-08-05T04:36:40.363893+00:00,55.625,54.968,55.625,55.593,0,306,1020,,5511,518,2791,1495,0.5,729
1954.0,2026-08-05T04:36:41.369496+00:00,55.656,55,55.656,55.281,0,306,1020,,5511,518,2791,1495,0.0,729
1955.0,2026-08-05T04:36:42.375522+00:00,55.593,54.843,55.593,55.375,0,306,1020,,5670,558,2870,1495,0.0,729
1956.0,2026-08-05T04:36:43.381520+00:00,55.531,55.031,55.531,55.281,0,306,1020,,5511,518,2791,1495,0.5,729
1957.0,2026-08-05T04:36:44.387134+00:00,55.718,54.718,55.718,55.343,0,306,1020,,5511,518,2791,1495,0.0,729
1958.0,2026-08-05T04:36:45.393264+00:00,55.687,54.718,55.687,55.343,0,306,1020,,5511,518,2791,1495,0.2,729
1959.1,2026-08-05T04:36:46.399271+00:00,55.687,54.875,55.687,55.156,0,306,1020,,5511,518,2791,1495,0.8,729
1960.1,2026-08-05T04:36:47.405805+00:00,55.656,54.562,55.656,55.093,0,306,1020,,5471,518,2791,1495,0.0,729
1961.1,2026-08-05T04:36:48.411345+00:00,55.375,54.437,55.375,55.093,0,306,1020,,5511,518,2791,1495,0.3,729
1962.1,2026-08-05T04:36:49.418105+00:00,55.312,54.531,55.312,55.187,0,306,1020,,5710,598,2870,1495,0.2,729
1963.1,2026-08-05T04:36:50.424356+00:00,55.281,54.781,55.281,55.062,0,306,1020,,5511,518,2791,1495,0.2,729
1964.1,2026-08-05T04:36:51.430182+00:00,55.531,54.531,55.531,55,0,306,1020,,5511,518,2791,1495,0.0,729
1965.1,2026-08-05T04:36:52.436340+00:00,55.531,54.25,55.531,54.937,0,306,1020,,5511,518,2795,1495,0.3,729
1966.1,2026-08-05T04:36:53.441998+00:00,55.562,54.406,55.562,54.906,0,306,1020,,5511,518,2791,1495,0.0,729
1967.1,2026-08-05T04:36:54.447801+00:00,55.562,54.406,55.562,54.812,0,306,1020,,5511,518,2791,1495,0.3,729
1968.1,2026-08-05T04:36:55.453547+00:00,55.406,54.5,55.406,54.843,0,306,1020,,5511,518,2791,1495,0.2,729
1969.1,2026-08-05T04:36:56.459500+00:00,55.093,54.343,55.093,54.781,0,306,1020,,5511,518,2791,1495,0.2,729
1970.1,2026-08-05T04:36:57.465629+00:00,55.093,54.125,55.093,54.843,0,306,1020,,5471,518,2791,1495,0.5,729
1971.1,2026-08-05T04:36:58.471327+00:00,55.156,54.156,55.156,54.875,0,306,1020,,5471,518,2791,1495,0.3,729
1972.1,2026-08-05T04:36:59.476815+00:00,55.031,54.281,55.031,54.656,0,306,1020,,5471,518,2791,1495,0.2,729
1973.1,2026-08-05T04:37:00.482680+00:00,55,54.375,55,54.625,0,306,1020,,5471,518,2791,1495,0.2,729
1974.1,2026-08-05T04:37:01.488365+00:00,54.875,54.125,54.875,54.531,0,306,1020,,5471,518,2791,1495,0.5,729
1975.2,2026-08-05T04:37:02.494565+00:00,54.812,53.875,54.812,54.593,0,306,1020,,5511,518,2791,1495,0.2,729
1976.2,2026-08-05T04:37:03.500498+00:00,54.75,53.875,54.75,54.562,0,306,1020,,5471,518,2791,1495,0.0,729
1977.2,2026-08-05T04:37:04.507436+00:00,54.75,54.031,54.75,54.468,0,306,1020,,5511,518,2791,1495,0.3,729
1978.2,2026-08-05T04:37:05.512460+00:00,54.718,54.218,54.937,54.375,0,306,1020,,5471,518,2791,1495,0.2,729
1979.2,2026-08-05T04:37:06.518149+00:00,54.875,53.875,54.875,54.375,0,306,1020,,5471,518,2791,1495,0.2,729
1980.2,2026-08-05T04:37:07.523563+00:00,54.843,53.843,54.843,54.5,0,306,1020,,5471,518,2791,1495,0.2,729
1981.2,2026-08-05T04:37:08.529588+00:00,54.843,53.718,54.843,54.468,0,306,1020,,5471,518,2791,1495,0.0,729
1982.2,2026-08-05T04:37:09.535126+00:00,54.781,53.812,54.781,54.281,0,306,1020,,5471,518,2795,1495,0.2,729
1983.2,2026-08-05T04:37:10.540844+00:00,54.75,53.968,54.75,54.312,0,306,1020,,5471,518,2791,1495,0.3,729
1984.2,2026-08-05T04:37:11.546406+00:00,54.843,53.75,54.843,54.343,0,306,1020,,5670,558,2870,1495,0.0,729
1985.2,2026-08-05T04:37:12.552099+00:00,54.593,53.656,54.593,54.375,0,306,1020,,5511,518,2791,1495,0.0,729
1986.2,2026-08-05T04:37:13.557499+00:00,54.562,53.687,54.562,54.187,0,306,1020,,5471,518,2791,1495,0.0,729
1987.2,2026-08-05T04:37:14.562904+00:00,54.531,53.718,54.531,54.25,0,306,1020,,5471,518,2791,1495,0.0,729
1988.2,2026-08-05T04:37:15.568717+00:00,54.468,53.843,54.468,54.093,0,306,1020,,5471,518,2791,1495,0.2,729
1989.2,2026-08-05T04:37:16.574644+00:00,54.375,53.468,54.375,54.125,0,306,1020,,5471,518,2795,1496,0.2,729
1990.2,2026-08-05T04:37:17.580794+00:00,54.5,53.656,54.5,54.156,0,306,1020,,5910,717,2875,1504,12.5,1190
1991.2,2026-08-05T04:37:18.586476+00:00,54.718,53.75,54.718,54.062,0,306,1020,,5830,717,2830,1505,8.5,1267
1992.2,2026-08-05T04:37:19.595264+00:00,54.75,53.593,54.75,54.031,0,306,1020,,5551,558,2791,1504,2.3,729
1993.3,2026-08-05T04:37:20.599971+00:00,54.468,53.718,54.468,54.062,0,306,1020,,5471,518,2791,1504,0.0,729
1994.3,2026-08-05T04:37:21.605770+00:00,54.343,53.375,54.343,54.031,0,306,1020,,5471,518,2795,1504,0.2,729
1995.3,2026-08-05T04:37:22.611390+00:00,54.281,53.437,54.281,54,0,306,1020,,5471,518,2791,1504,0.2,729
1996.3,2026-08-05T04:37:23.617017+00:00,54.25,53.562,54.25,53.968,0,306,1020,,5471,518,2795,1504,0.2,729
1997.3,2026-08-05T04:37:24.622686+00:00,54.25,53.281,54.25,53.875,0,306,1020,,5471,518,2795,1504,0.2,729
1998.3,2026-08-05T04:37:25.628330+00:00,54.312,53.375,54.312,53.843,0,306,1020,,5471,518,2791,1504,0.3,729
1999.3,2026-08-05T04:37:26.634076+00:00,54.156,53.218,54.156,54.031,0,306,1020,,5471,518,2795,1504,0.0,729
2000.3,2026-08-05T04:37:27.639742+00:00,54.156,53.25,54.156,53.718,0,306,1020,,5471,518,2795,1504,0.0,729
2001.3,2026-08-05T04:37:28.645304+00:00,54.031,53.375,54.031,53.75,0,306,1020,,5471,518,2791,1504,0.2,729
2002.3,2026-08-05T04:37:29.650757+00:00,54.125,53.218,54.125,53.843,0,306,1020,,5471,518,2795,1504,0.0,729
2003.3,2026-08-05T04:37:30.656266+00:00,54.062,53.187,54.062,53.75,0,306,1020,,5471,518,2795,1504,0.0,729
2004.3,2026-08-05T04:37:31.661823+00:00,54.062,53.156,54.062,53.812,0,306,1020,,5591,558,2830,1504,0.2,729
2005.3,2026-08-05T04:37:32.667266+00:00,54.031,53.156,54.031,53.812,0,306,1020,,5471,518,2791,1504,0.0,729
2006.3,2026-08-05T04:37:33.672949+00:00,54.125,53.343,54.125,53.593,0,306,1020,,5471,518,2795,1504,0.0,729
2007.3,2026-08-05T04:37:34.682402+00:00,54.218,53.218,54.218,53.75,0,306,1020,,5830,717,2830,1504,7.8,729
2008.3,2026-08-05T04:37:35.689253+00:00,54,53.093,54,53.656,0,306,1020,,5511,518,2795,1503,0.5,729
2009.4,2026-08-05T04:37:36.694814+00:00,53.875,53.187,53.875,53.531,0,306,1020,,5471,518,2791,1503,0.5,729
2010.4,2026-08-05T04:37:37.700418+00:00,53.906,53.312,53.906,53.625,0,306,1020,,5471,518,2795,1503,0.2,729
2011.4,2026-08-05T04:37:38.706608+00:00,54.125,53.156,54.125,53.437,0,306,1020,,5471,518,2795,1503,0.2,729
2012.4,2026-08-05T04:37:39.712522+00:00,54.125,53,54.125,53.593,0,306,1020,,5471,518,2791,1503,0.0,729
2013.4,2026-08-05T04:37:40.718586+00:00,54.093,52.937,54.093,53.656,0,306,1020,,5471,518,2791,1503,0.2,729
2014.4,2026-08-05T04:37:41.724313+00:00,54.125,53.031,54.125,53.468,0,306,1020,,5471,518,2791,1503,0.2,729
2015.4,2026-08-05T04:37:42.730083+00:00,54.031,53.125,53.843,53.468,0,306,1020,,5471,518,2795,1503,0.3,729
2016.4,2026-08-05T04:37:43.735703+00:00,53.781,52.843,53.781,53.5,0,306,1020,,5471,518,2795,1503,0.2,729
2017.4,2026-08-05T04:37:44.742634+00:00,53.812,52.906,53.812,53.531,0,306,1020,,5471,518,2791,1503,0.0,729
2018.4,2026-08-05T04:37:45.749016+00:00,53.781,53.093,54.031,53.375,0,306,1020,,5471,518,2751,1503,0.2,729
2019.4,2026-08-05T04:37:46.754765+00:00,54.062,52.812,54.062,53.406,0,306,1020,,5471,518,2751,1503,0.3,729
2020.4,2026-08-05T04:37:47.760301+00:00,54.093,53.093,54.093,53.437,0,306,1020,,5471,518,2755,1503,0.0,729
2021.4,2026-08-05T04:37:48.766375+00:00,54.062,52.781,54.062,53.406,0,306,1020,,5471,518,2755,1503,0.0,729
2022.4,2026-08-05T04:37:49.772562+00:00,53.968,52.781,53.968,53.406,0,306,1020,,5471,518,2755,1503,0.3,729
2023.4,2026-08-05T04:37:50.778645+00:00,53.687,52.906,53.687,53.218,0,306,1020,,5471,518,2751,1503,0.0,729
2024.4,2026-08-05T04:37:51.787481+00:00,53.718,52.687,53.718,53.312,0,306,1020,,5551,558,2791,1500,2.0,729
2025.4,2026-08-05T04:37:52.792954+00:00,54.031,52.656,54.031,53.375,0,306,1020,,5471,518,2755,1500,0.0,729
2026.5,2026-08-05T04:37:53.798782+00:00,53.562,52.906,53.562,53.437,0,306,1020,,5471,518,2751,1500,0.2,729
2027.5,2026-08-05T04:37:54.805004+00:00,53.562,52.937,53.562,53.125,0,306,1020,,5471,518,2755,1500,0.3,729
2028.5,2026-08-05T04:37:55.813110+00:00,53.468,52.75,53.468,53.25,0,306,1020,,5471,518,2751,1500,0.2,729
2029.5,2026-08-05T04:37:56.816830+00:00,53.625,52.625,53.625,53.187,0,306,1020,,5471,518,2755,1500,0.0,729
2030.5,2026-08-05T04:37:57.822528+00:00,53.656,52.625,53.656,53.375,0,306,1020,,5471,518,2755,1500,0.3,729
2031.5,2026-08-05T04:37:58.828756+00:00,53.562,52.75,53.562,53.093,0,306,1020,,5471,518,2751,1500,0.2,729
2032.5,2026-08-05T04:37:59.834895+00:00,53.656,52.906,53.656,53.062,0,306,1020,,5471,518,2755,1500,0.2,729
2033.5,2026-08-05T04:38:00.844133+00:00,53.406,52.531,53.406,53.25,0,306,1020,,5551,558,2795,1499,5.5,729
2034.5,2026-08-05T04:38:01.851195+00:00,53.562,52.593,53.562,53.031,0,306,1020,,5471,518,2755,1499,0.7,729
2035.5,2026-08-05T04:38:02.856695+00:00,53.562,52.75,53.562,52.968,0,306,1020,,5471,518,2755,1499,0.3,729
2036.5,2026-08-05T04:38:03.862772+00:00,53.593,52.5,53.593,53.156,0,306,1020,,5471,518,2751,1499,0.2,729
2037.5,2026-08-05T04:38:04.869153+00:00,53.375,52.468,53.375,53.062,0,306,1020,,5471,519,2755,1499,0.0,729
2038.5,2026-08-05T04:38:05.875233+00:00,53.343,52.593,53.343,52.968,0,306,1020,,5471,518,2755,1499,0.2,729
2039.5,2026-08-05T04:38:06.881399+00:00,53.312,52.406,53.312,53.031,0,306,1020,,5471,518,2755,1499,0.3,729
2040.5,2026-08-05T04:38:07.887172+00:00,53.312,52.593,53.312,52.937,0,306,1020,,5471,518,2755,1499,0.2,729
2041.5,2026-08-05T04:38:08.893276+00:00,53.593,52.375,53.593,53,0,306,1020,,5471,519,2755,1499,0.0,729
2042.6,2026-08-05T04:38:09.899555+00:00,53.531,52.281,53.531,52.812,0,306,1020,,5471,518,2751,1499,0.2,729
2043.6,2026-08-05T04:38:10.908735+00:00,53.531,52.531,53.25,52.906,0,306,1020,,5750,678,2835,1497,5.5,729
2044.6,2026-08-05T04:38:11.914681+00:00,53.281,52.281,53.281,52.906,0,306,1020,,5471,518,2795,1497,0.2,729
2045.6,2026-08-05T04:38:12.920998+00:00,53.312,52.406,53.312,52.968,0,306,1020,,5471,518,2755,1497,0.0,729
2046.6,2026-08-05T04:38:13.927081+00:00,53.468,52.406,53.468,52.906,0,306,1020,,5431,518,2755,1497,0.3,729
2047.6,2026-08-05T04:38:14.933423+00:00,53.531,52.468,53.531,52.843,0,306,1020,,5431,518,2755,1497,0.3,729
2048.6,2026-08-05T04:38:15.939253+00:00,53.531,52.312,53.531,52.843,0,306,1020,,5471,518,2755,1497,0.2,729
2049.6,2026-08-05T04:38:16.945172+00:00,53.125,52.281,53.125,52.875,0,306,1020,,5431,518,2755,1497,0.2,729
2050.6,2026-08-05T04:38:17.950875+00:00,53.218,52.156,53.218,52.875,0,306,1020,,5471,518,2751,1497,0.2,729
2051.6,2026-08-05T04:38:18.956812+00:00,53.156,52.281,53.156,52.718,0,306,1020,,5471,518,2791,1497,0.3,729
2052.6,2026-08-05T04:38:19.962418+00:00,53.218,52.437,53.218,52.75,0,306,1020,,5471,518,2751,1497,0.0,729
2053.6,2026-08-05T04:38:20.968148+00:00,53.156,52.125,53.156,52.718,0,306,1020,,5431,518,2755,1497,0.0,729
2054.6,2026-08-05T04:38:21.974036+00:00,52.968,52.312,52.968,52.843,0,306,1020,,5471,518,2755,1497,0.3,729
2055.6,2026-08-05T04:38:22.979781+00:00,53.031,52.312,53.031,52.656,0,306,1020,,5431,518,2755,1497,0.3,729
2056.6,2026-08-05T04:38:23.986998+00:00,52.968,52.093,52.968,52.687,0,306,1020,,5471,518,2755,1497,0.2,729
2057.6,2026-08-05T04:38:24.993602+00:00,53.156,52.343,53.156,52.781,0,306,1020,,5471,518,2751,1497,0.2,729
2058.7,2026-08-05T04:38:25.999392+00:00,53.125,52.062,53.125,52.718,0,306,1020,,5471,518,2755,1497,0.0,729
2059.7,2026-08-05T04:38:27.004887+00:00,53.031,52.125,53.031,52.5,0,306,1020,,5471,518,2751,1497,0.2,729
2060.7,2026-08-05T04:38:28.011074+00:00,53.062,52.187,53.062,52.656,0,306,1020,,5471,518,2755,1497,0.3,729
2061.7,2026-08-05T04:38:29.017357+00:00,52.937,51.968,52.937,52.625,0,306,1020,,5431,518,2755,1497,0.0,729
2062.7,2026-08-05T04:38:30.023207+00:00,52.875,51.968,52.875,52.593,0,306,1020,,5431,518,2751,1497,0.3,729
2063.7,2026-08-05T04:38:31.028871+00:00,52.906,52.031,52.906,52.687,0,306,1020,,5471,518,2751,1497,0.3,729
2064.7,2026-08-05T04:38:32.034562+00:00,52.875,52.031,52.875,52.562,0,306,1020,,5431,518,2755,1497,0.3,729
2065.7,2026-08-05T04:38:33.040259+00:00,52.906,52.093,52.906,52.5,0,306,1020,,5471,518,2795,1497,0.2,729
2066.7,2026-08-05T04:38:34.045966+00:00,52.875,51.843,52.875,52.531,0,306,1020,,5431,518,2755,1497,0.2,729
2067.7,2026-08-05T04:38:35.051562+00:00,53.093,51.937,53.093,52.656,0,306,1020,,5431,518,2755,1497,0.2,729
2068.7,2026-08-05T04:38:36.057353+00:00,53.062,52.031,53.062,52.687,0,306,1020,,5431,519,2755,1497,0.3,729
2069.7,2026-08-05T04:38:37.062978+00:00,53,51.937,53,52.375,0,306,1020,,5431,478,2755,1497,0.2,729
2070.7,2026-08-05T04:38:38.068552+00:00,53.093,52,53.093,52.437,0,306,1020,,5431,478,2755,1497,0.3,729
2071.7,2026-08-05T04:38:39.074181+00:00,53.093,51.812,53.093,52.468,0,306,1020,,5431,518,2755,1497,0.0,729
2072.7,2026-08-05T04:38:40.080362+00:00,53.156,51.937,53.156,52.531,0,306,1020,,5431,518,2755,1497,0.3,729
2073.7,2026-08-05T04:38:41.085771+00:00,52.812,51.937,52.812,52.531,0,306,1020,,5431,519,2755,1497,0.0,729
2074.7,2026-08-05T04:38:42.091477+00:00,52.812,51.843,52.812,52.437,0,306,1020,,5431,518,2755,1497,0.2,729
2075.8,2026-08-05T04:38:43.097204+00:00,52.75,51.937,52.75,52.406,0,306,1020,,5431,478,2755,1497,0.3,729
2076.8,2026-08-05T04:38:44.102816+00:00,52.75,51.718,52.75,52.406,0,306,1020,,5431,518,2755,1497,0.2,729
2077.8,2026-08-05T04:38:45.108586+00:00,52.75,51.781,52.75,52.437,0,306,1020,,5431,519,2755,1497,0.3,729
2078.8,2026-08-05T04:38:46.114572+00:00,52.781,51.937,53.156,52.437,0,306,1020,,5471,519,2755,1497,0.3,729
2079.8,2026-08-05T04:38:47.120200+00:00,52.656,52,52.656,52.312,0,306,1020,,5431,518,2755,1497,0.0,729
2080.8,2026-08-05T04:38:48.125825+00:00,52.593,51.906,52.593,52.343,0,306,1020,,5431,479,2755,1497,0.2,729
2081.8,2026-08-05T04:38:49.131665+00:00,52.593,51.593,52.593,52.343,0,306,1020,,5431,518,2755,1497,0.3,729
2082.8,2026-08-05T04:38:50.137748+00:00,52.593,51.656,52.593,52.406,0,306,1020,,5431,479,2755,1497,0.2,729
2083.8,2026-08-05T04:38:51.143526+00:00,52.593,51.781,52.687,52.218,0,306,1020,,5431,519,2755,1497,0.0,729
2084.8,2026-08-05T04:38:52.149374+00:00,52.75,51.937,52.75,52.187,0,306,1020,,5431,518,2755,1497,0.3,729
2085.8,2026-08-05T04:38:53.155002+00:00,52.718,51.718,52.718,52.187,0,306,1020,,5471,518,2755,1497,0.2,729
2086.8,2026-08-05T04:38:54.160733+00:00,52.75,51.562,52.75,52.187,0,306,1020,,5431,518,2755,1497,0.3,729
2087.8,2026-08-05T04:38:55.166654+00:00,52.718,51.531,52.718,52.281,0,306,1020,,5431,518,2755,1497,0.2,729
2088.8,2026-08-05T04:38:56.172178+00:00,52.718,51.718,52.718,52.093,0,306,1020,,5431,519,2755,1497,0.0,729
2089.8,2026-08-05T04:38:57.177856+00:00,52.562,51.937,52.562,52.125,0,306,1020,,5431,518,2755,1497,0.5,729
2090.8,2026-08-05T04:38:58.183758+00:00,52.593,51.656,52.593,52.156,0,306,1020,,5431,519,2755,1497,0.2,729
2091.8,2026-08-05T04:38:59.189417+00:00,52.562,51.468,52.562,52.187,0,306,1020,,5431,519,2755,1497,0.0,729
2092.9,2026-08-05T04:39:00.195052+00:00,52.531,51.5,52.531,52.25,0,306,1020,,5471,519,2795,1497,0.2,729
2093.9,2026-08-05T04:39:01.200626+00:00,52.5,51.562,52.5,52.093,0,306,1020,,5471,519,2795,1497,0.0,729
2094.9,2026-08-05T04:39:02.206347+00:00,52.437,51.812,52.437,52.031,0,306,1020,,5471,519,2795,1497,0.2,729
2095.9,2026-08-05T04:39:03.212063+00:00,52.718,51.531,52.718,52.031,0,306,1020,,5471,518,2795,1497,0.2,729
2096.9,2026-08-05T04:39:04.217832+00:00,52.687,51.781,52.687,52.093,0,306,1020,,5471,518,2795,1497,0.3,729
2097.9,2026-08-05T04:39:05.224248+00:00,52.75,51.531,52.75,52.125,0,306,1020,,5471,518,2795,1497,0.0,729
2098.9,2026-08-05T04:39:06.229774+00:00,52.687,51.5,52.687,51.968,0,306,1020,,5471,518,2795,1497,0.5,729
2099.9,2026-08-05T04:39:07.235270+00:00,52.812,51.718,52.812,52,0,306,1020,,5471,519,2795,1497,0.2,729
2100.9,2026-08-05T04:39:08.240831+00:00,52.375,51.437,52.375,52,0,306,1020,,5431,519,2795,1497,0.0,729
2101.9,2026-08-05T04:39:09.246619+00:00,52.375,51.406,52.375,52,0,306,1020,,5471,518,2795,1497,0.0,729
2102.9,2026-08-05T04:39:10.252224+00:00,52.375,51.406,52.375,52.156,0,306,1020,,5471,519,2795,1497,0.2,729
2103.9,2026-08-05T04:39:11.257698+00:00,52.406,51.531,52.406,51.937,0,306,1020,,5471,519,2795,1497,0.2,729
2104.9,2026-08-05T04:39:12.263457+00:00,52.406,51.687,52.406,51.937,0,306,1020,,5471,518,2795,1499,0.0,729
2105.9,2026-08-05T04:39:13.269066+00:00,52.375,51.375,52.375,51.937,0,306,1020,,5471,519,2795,1499,0.2,729
2106.9,2026-08-05T04:39:14.274624+00:00,52.343,51.375,52.343,52,0,306,1020,,5471,519,2795,1499,0.0,729
2107.9,2026-08-05T04:39:15.281305+00:00,52.187,51.343,52.187,51.937,0,306,1020,,5471,518,2795,1499,0.0,729
2108.9,2026-08-05T04:39:16.287518+00:00,52.187,51.437,52.187,51.812,0,306,1020,,5471,518,2795,1497,0.2,729
2109.9,2026-08-05T04:39:17.293583+00:00,52.187,51.593,52.187,51.906,0,306,1020,,5471,519,2795,1497,0.2,729
2111.0,2026-08-05T04:39:18.299303+00:00,52.437,51.312,52.437,51.906,0,306,1020,,5431,479,2795,1497,0.2,729
2112.0,2026-08-05T04:39:19.305487+00:00,52.343,51.312,52.343,51.906,0,306,1020,,5431,479,2795,1497,0.0,729
2113.0,2026-08-05T04:39:20.311649+00:00,52.343,51.5,52.343,51.843,0,306,1020,,5431,478,2795,1497,0.0,729
2114.0,2026-08-05T04:39:21.318424+00:00,52.406,51.187,52.187,51.812,0,306,1020,,5471,519,2795,1497,0.2,729
2115.0,2026-08-05T04:39:22.324506+00:00,52.125,51.406,52.125,51.843,0,306,1020,,5471,518,2795,1497,0.0,729
2116.0,2026-08-05T04:39:23.330598+00:00,52.187,51.218,52.187,51.875,0,306,1020,,5471,518,2795,1497,0.2,729
2117.0,2026-08-05T04:39:24.336971+00:00,52.187,51.375,52.187,51.75,0,306,1020,,5471,518,2795,1497,0.5,729
2118.0,2026-08-05T04:39:25.342444+00:00,52.343,51.375,52.343,51.875,0,306,1020,,5471,518,2795,1497,0.0,729
2119.0,2026-08-05T04:39:26.348614+00:00,52.312,51.187,52.312,51.812,0,306,1020,,5471,519,2795,1497,0.0,729
2120.0,2026-08-05T04:39:27.354758+00:00,52.437,51.312,52.437,51.875,0,306,1020,,5471,519,2795,1497,0.0,729
2121.0,2026-08-05T04:39:28.361087+00:00,52.375,51.375,52.375,51.812,0,306,1020,,5471,518,2795,1497,0.3,729
2122.0,2026-08-05T04:39:29.367283+00:00,52.156,51.5,52.156,51.781,0,306,1020,,5471,519,2795,1497,0.2,729
2123.0,2026-08-05T04:39:30.373198+00:00,52.187,51.218,52.187,51.781,0,306,1020,,5471,519,2795,1497,0.0,729
2124.0,2026-08-05T04:39:31.378716+00:00,52.125,51.125,52.125,51.812,0,306,1020,,5471,519,2795,1497,0.0,729
2125.0,2026-08-05T04:39:32.384229+00:00,52.125,51.125,52.125,51.812,0,306,1020,,5471,518,2795,1497,0.0,729
2126.0,2026-08-05T04:39:33.390001+00:00,52.187,51.281,52.187,51.625,0,306,1020,,5471,518,2795,1497,0.0,729
2127.1,2026-08-05T04:39:34.395763+00:00,52.5,51.437,52.5,51.718,0,306,1020,,5471,519,2795,1497,0.0,729
2128.1,2026-08-05T04:39:35.401259+00:00,52.375,51.187,52.375,51.656,0,306,1020,,5471,518,2795,1497,0.2,729
2129.1,2026-08-05T04:39:36.406962+00:00,52,51.468,52,51.812,0,306,1020,,5471,518,2795,1497,0.2,729
2130.1,2026-08-05T04:39:37.412506+00:00,52,51.125,52,51.781,0,306,1020,,5471,519,2795,1497,0.2,729
2131.1,2026-08-05T04:39:38.418230+00:00,51.906,51.156,51.906,51.593,0,306,1020,,5471,519,2795,1497,0.2,729
2132.1,2026-08-05T04:39:39.424072+00:00,51.937,51.312,51.937,51.656,0,306,1020,,5471,519,2795,1497,0.0,729
2133.1,2026-08-05T04:39:40.429746+00:00,51.968,51.156,52.187,51.562,0,306,1020,,5471,519,2795,1497,0.2,729
2134.1,2026-08-05T04:39:41.435205+00:00,52.156,51.343,52.156,51.593,0,306,1020,,5431,519,2795,1497,0.2,729
2135.1,2026-08-05T04:39:42.440907+00:00,52.031,51.031,52.031,51.656,0,306,1020,,5471,519,2795,1497,0.3,729
2136.1,2026-08-05T04:39:43.446548+00:00,52.093,51.125,52.093,51.531,0,306,1020,,5471,519,2795,1497,0.0,729
2137.1,2026-08-05T04:39:44.452061+00:00,52.093,51.312,52.093,51.593,0,306,1020,,5471,519,2795,1497,0.3,729
2138.1,2026-08-05T04:39:45.457821+00:00,52.125,51.093,52.125,51.531,0,306,1020,,5471,519,2795,1497,0.0,729
2139.1,2026-08-05T04:39:46.463861+00:00,52.093,51.343,52.093,51.531,0,306,1020,,5471,519,2795,1497,0.2,729
2140.1,2026-08-05T04:39:47.469162+00:00,51.937,50.937,51.937,51.625,0,306,1020,,5471,518,2795,1497,0.0,729
2141.1,2026-08-05T04:39:48.475214+00:00,51.937,51.375,51.937,51.656,0,306,1020,,5830,718,2875,1497,2.7,1728
2142.1,2026-08-05T04:39:49.482984+00:00,51.937,51.218,51.937,51.531,0,306,1020,,5551,519,2795,1497,0.7,729
2143.1,2026-08-05T04:39:50.488032+00:00,51.906,50.906,51.906,51.531,0,306,1020,,5431,479,2795,1497,0.2,729
2144.1,2026-08-05T04:39:51.494321+00:00,52.187,50.968,52.187,51.5,0,306,1020,,5471,519,2795,1497,0.2,729
2145.2,2026-08-05T04:39:52.500201+00:00,52.156,51.031,52.156,51.5,0,306,1020,,5471,519,2795,1497,0.2,729
2146.2,2026-08-05T04:39:53.505809+00:00,52.125,50.968,52.125,51.437,0,306,1020,,5471,519,2795,1497,0.2,729
2147.2,2026-08-05T04:39:54.511624+00:00,52.156,51.093,52.156,51.468,0,306,1020,,5471,519,2795,1497,0.0,729
2148.2,2026-08-05T04:39:55.517307+00:00,51.843,50.906,51.843,51.468,0,306,1020,,5471,518,2795,1497,0.2,729
2149.2,2026-08-05T04:39:56.526309+00:00,51.875,51,51.875,51.562,0,306,1020,,5710,638,2835,1499,3.0,806
2150.2,2026-08-05T04:39:57.530502+00:00,51.906,51.375,51.906,51.5,0,306,1020,,5950,757,2875,1499,13.2,1497
2151.2,2026-08-05T04:39:58.539084+00:00,52.125,50.906,52.125,51.437,0,306,1020,,5511,519,2795,1497,1.3,729
2152.2,2026-08-05T04:39:59.543939+00:00,52.218,50.937,52.218,51.437,0,306,1020,,5471,518,2795,1497,0.2,729
2153.2,2026-08-05T04:40:00.550433+00:00,52.218,50.906,52.218,51.562,0,306,1020,,5471,519,2795,1497,0.0,729
2154.2,2026-08-05T04:40:01.556667+00:00,51.843,51.125,51.843,51.406,0,306,1020,,5471,519,2795,1497,0.0,729
2155.2,2026-08-05T04:40:02.562974+00:00,51.875,50.875,51.875,51.437,0,306,1020,,5471,518,2795,1497,0.0,729
2156.2,2026-08-05T04:40:03.569455+00:00,51.843,50.812,51.718,51.468,0,306,1020,,5471,518,2795,1497,0.0,729
2157.2,2026-08-05T04:40:04.575928+00:00,51.687,50.781,51.687,51.531,0,306,1020,,5471,519,2795,1497,0.2,729
2158.2,2026-08-05T04:40:05.581483+00:00,51.687,50.875,51.687,51.312,0,306,1020,,5431,519,2795,1497,0.0,729
2159.2,2026-08-05T04:40:06.587953+00:00,51.687,51.093,51.687,51.343,0,306,1020,,5471,519,2795,1497,0.2,729
