09-02-2026 15:48:53 RAM 1497/7620MB (lfb 116x4MB) SWAP 1/3810MB (cached 0MB) CPU [6%@729,12%@729,4%@729,3%@729,3%@729,8%@729] GR3D_FREQ 0% cpu@55.375C soc2@53.593C soc0@55.468C gpu@56.343C tj@56.343C soc1@55.656C VDD_IN 5908mW/5908mW VDD_CPU_GPU_CV 561mW/561mW VDD_SOC 2934mW/2934mW
09-02-2026 15:48:58 RAM 1459/7620MB (lfb 116x4MB) SWAP 1/3810MB (cached 0MB) CPU [2%@729,0%@729,0%@729,3%@729,0%@729,1%@729] GR3D_FREQ 0% cpu@54.468C soc2@52.875C soc0@54.812C gpu@55.25C tj@55.25C soc1@54.718C VDD_IN 5608mW/5758mW VDD_CPU_GPU_CV 520mW/541mW VDD_SOC 2880mW/2907mW
09-02-2026 15:49:03 RAM 1685/7620MB (lfb 116x4MB) SWAP 1/3810MB (cached 0MB) CPU [4%@1728,4%@1728,30%@1728,3%@1728,2%@729,2%@729] GR3D_FREQ 0% cpu@54.781C soc2@52.5C soc0@54.218C gpu@54.937C tj@54.937C soc1@54.375C VDD_IN 7532mW/6349mW VDD_CPU_GPU_CV 1640mW/907mW VDD_SOC 3320mW/3045mW
09-02-2026 15:49:08 RAM 1685/7620MB (lfb 116x4MB) SWAP 1/3810MB (cached 0MB) CPU [3%@1728,3%@1728,70%@1728,32%@1728,2%@729,2%@729] GR3D_FREQ 0% cpu@54.343C soc2@52.125C soc0@53.625C gpu@54.437C tj@54.437C soc1@53.687C VDD_IN 7612mW/6665mW VDD_CPU_GPU_CV 1640mW/1090mW VDD_SOC 3360mW/3124mW
09-02-2026 15:49:13 RAM 1832/7620MB (lfb 116x4MB) SWAP 1/3810MB (cached 0MB) CPU [2%@729,2%@729,2%@729,84%@729,1%@729,1%@729] GR3D_FREQ 0% cpu@52.906C soc2@51.5C soc0@53.406C gpu@54.218C tj@54.218C soc1@53.343C VDD_IN 5969mW/6526mW VDD_CPU_GPU_CV 680mW/1008mW VDD_SOC 3000mW/3099mW
09-02-2026 15:49:18 RAM 1832/7620MB (lfb 116x4MB) SWAP 1/3810MB (cached 0MB) CPU [0%@729,0%@729,0%@729,1%@729,0%@729,0%@729] GR3D_FREQ 0% cpu@52.468C soc2@50.875C soc0@52.687C gpu@53.187C tj@53.187C soc1@52.625C VDD_IN 5608mW/6373mW VDD_CPU_GPU_CV 520mW/927mW VDD_SOC 2840mW/3056mW
09-02-2026 15:49:23 RAM 1723/7620MB (lfb 115x4MB) SWAP 1/3810MB (cached 0MB) CPU [59%@1728,38%@1728,4%@1728,4%@1728,4%@729,4%@729] GR3D_FREQ 0% cpu@52.75C soc2@50.843C soc0@52.468C gpu@53.406C tj@53.406C soc1@52.25C VDD_IN 7491mW/6533mW VDD_CPU_GPU_CV 1560mW/1017mW VDD_SOC 3360mW/3099mW
09-02-2026 15:49:28 RAM 1863/7620MB (lfb 115x4MB) SWAP 1/3810MB (cached 0MB) CPU [100%@1728,1%@1728,1%@1728,1%@1728,1%@729,1%@729] GR3D_FREQ 0% cpu@52.562C soc2@50.562C soc0@51.968C gpu@52.937C tj@52.937C soc1@51.937C VDD_IN 7572mW/6663mW VDD_CPU_GPU_CV 1560mW/1085mW VDD_SOC 3400mW/3137mW
09-02-2026 15:49:33 RAM 2317/7620MB (lfb 83x4MB) SWAP 1/3810MB (cached 0MB) CPU [32%@729,11%@729,0%@1728,3%@1728,1%@1728,9%@1728] GR3D_FREQ 21% cpu@51.875C soc2@49.937C soc0@51.562C gpu@52.375C tj@52.375C soc1@51.656C VDD_IN 7676mW/6775mW VDD_CPU_GPU_CV 1484mW/1129mW VDD_SOC 3416mW/3168mW
09-02-2026 15:49:38 RAM 2357/7620MB (lfb 80x4MB) SWAP 1/3810MB (cached 0MB) CPU [13%@729,8%@729,8%@729,12%@729,9%@729,32%@729] GR3D_FREQ 14% cpu@51C soc2@49.531C soc0@51.187C gpu@51.906C tj@51.906C soc1@51.25C VDD_IN 6400mW/6738mW VDD_CPU_GPU_CV 803mW/1097mW VDD_SOC 3094mW/3160mW
09-02-2026 15:49:43 RAM 2357/7620MB (lfb 80x4MB) SWAP 1/3810MB (cached 0MB) CPU [9%@729,37%@729,9%@729,11%@729,8%@729,8%@729] GR3D_FREQ 3% cpu@50.562C soc2@49.125C soc0@50.906C gpu@51.468C tj@51.468C soc1@50.687C VDD_IN 6400mW/6707mW VDD_CPU_GPU_CV 763mW/1066mW VDD_SOC 3094mW/3154mW
09-02-2026 15:49:48 RAM 2355/7620MB (lfb 80x4MB) SWAP 1/3810MB (cached 0MB) CPU [19%@729,10%@729,8%@729,25%@729,8%@729,9%@729] GR3D_FREQ 7% cpu@50.343C soc2@48.937C soc0@50.531C gpu@51.062C tj@51.062C soc1@50.5C VDD_IN 6440mW/6685mW VDD_CPU_GPU_CV 803mW/1045mW VDD_SOC 3094mW/3149mW
09-02-2026 15:49:53 RAM 2355/7620MB (lfb 80x4MB) SWAP 1/3810MB (cached 0MB) CPU [17%@729,7%@729,30%@729,8%@729,8%@729,11%@729] GR3D_FREQ 13% cpu@49.968C soc2@48.531C soc0@50.125C gpu@50.812C tj@50.812C soc1@50.281C VDD_IN 6360mW/6660mW VDD_CPU_GPU_CV 763mW/1023mW VDD_SOC 3054mW/3142mW
09-02-2026 15:49:58 RAM 2355/7620MB (lfb 80x4MB) SWAP 1/3810MB (cached 0MB) CPU [10%@729,5%@729,32%@729,9%@729,10%@729,10%@729] GR3D_FREQ 0% cpu@49.75C soc2@48.156C soc0@49.812C gpu@50.468C tj@50.468C soc1@49.812C VDD_IN 6159mW/6624mW VDD_CPU_GPU_CV 683mW/999mW VDD_SOC 3014mW/3133mW
09-02-2026 15:50:03 RAM 2355/7620MB (lfb 80x4MB) SWAP 1/3810MB (cached 0MB) CPU [2%@729,1%@729,0%@729,0%@729,1%@729,2%@729] GR3D_FREQ 0% cpu@49.218C soc2@47.843C soc0@49.562C gpu@50.156C tj@50.156C soc1@49.468C VDD_IN 5877mW/6574mW VDD_CPU_GPU_CV 562mW/969mW VDD_SOC 2893mW/3117mW
09-02-2026 15:50:08 RAM 1719/7620MB (lfb 113x4MB) SWAP 1/3810MB (cached 0MB) CPU [2%@729,0%@729,0%@729,39%@729,2%@1190,3%@1190] GR3D_FREQ 0% cpu@49.562C soc2@47.656C soc0@49.281C gpu@49.968C tj@49.968C soc1@49.156C VDD_IN 7355mW/6623mW VDD_CPU_GPU_CV 1203mW/984mW VDD_SOC 3376mW/3133mW
09-02-2026 15:50:13 RAM 1467/7620MB (lfb 114x4MB) SWAP 1/3810MB (cached 0MB) CPU [5%@1728,96%@1728,3%@1728,3%@1728,5%@1113,4%@1113] GR3D_FREQ 0% cpu@49.5C soc2@47.781C soc0@49.062C gpu@49.875C tj@49.875C soc1@48.75C VDD_IN 7491mW/6674mW VDD_CPU_GPU_CV 1360mW/1006mW VDD_SOC 3400mW/3149mW
09-02-2026 15:50:18 RAM 1456/7620MB (lfb 114x4MB) SWAP 1/3810MB (cached 0MB) CPU [14%@729,1%@729,1%@729,1%@729,1%@729,1%@729] GR3D_FREQ 0% cpu@48.5C soc2@47.093C soc0@48.781C gpu@49.312C tj@49.312C soc1@48.625C VDD_IN 5528mW/6610mW VDD_CPU_GPU_CV 480mW/977mW VDD_SOC 2840mW/3132mW
09-02-2026 15:50:23 RAM 1456/7620MB (lfb 114x4MB) SWAP 1/3810MB (cached 0MB) CPU [0%@729,0%@729,0%@729,0%@729,0%@729,0%@729] GR3D_FREQ 0% cpu@48.031C soc2@46.875C soc0@48.468C gpu@49.031C tj@49.031C soc1@48.093C VDD_IN 5528mW/6553mW VDD_CPU_GPU_CV 480mW/951mW VDD_SOC 2840mW/3116mW
09-02-2026 15:50:28 RAM 1456/7620MB (lfb 114x4MB) SWAP 1/3810MB (cached 0MB) CPU [0%@729,0%@729,0%@729,0%@729,0%@729,0%@729] GR3D_FREQ 0% cpu@47.843C soc2@46.593C soc0@48.187C gpu@48.812C tj@48.812C soc1@47.906C VDD_IN 5528mW/6502mW VDD_CPU_GPU_CV 480mW/927mW VDD_SOC 2840mW/3102mW
09-02-2026 15:50:33 RAM 1461/7620MB (lfb 114x4MB) SWAP 1/3810MB (cached 0MB) CPU [3%@729,3%@729,2%@729,3%@729,1%@729,0%@729] GR3D_FREQ 0% cpu@47.75C soc2@46.343C soc0@47.781C gpu@48.781C tj@48.781C soc1@47.593C VDD_IN 5528mW/6456mW VDD_CPU_GPU_CV 480mW/906mW VDD_SOC 2840mW/3090mW
09-02-2026 15:50:38 RAM 1461/7620MB (lfb 114x4MB) SWAP 1/3810MB (cached 0MB) CPU [0%@729,0%@729,1%@729,0%@729,0%@729,0%@729] GR3D_FREQ 0% cpu@47.5C soc2@46.062C soc0@47.593C gpu@48.687C tj@48.406C soc1@47.375C VDD_IN 5528mW/6414mW VDD_CPU_GPU_CV 480mW/887mW VDD_SOC 2840mW/3079mW
09-02-2026 15:50:43 RAM 1461/7620MB (lfb 114x4MB) SWAP 1/3810MB (cached 0MB) CPU [1%@729,1%@729,1%@729,1%@729,0%@729,0%@729] GR3D_FREQ 0% cpu@47.281C soc2@45.843C soc0@47.406C gpu@48.031C tj@48.031C soc1@47.218C VDD_IN 5528mW/6375mW VDD_CPU_GPU_CV 480mW/869mW VDD_SOC 2840mW/3068mW
09-02-2026 15:50:48 RAM 1461/7620MB (lfb 114x4MB) SWAP 1/3810MB (cached 0MB) CPU [0%@729,0%@729,0%@729,0%@729,0%@729,0%@729] GR3D_FREQ 0% cpu@47.187C soc2@45.625C soc0@47.187C gpu@48.187C tj@47.843C soc1@46.843C VDD_IN 5528mW/6340mW VDD_CPU_GPU_CV 480mW/853mW VDD_SOC 2840mW/3059mW
09-02-2026 15:50:53 RAM 1461/7620MB (lfb 114x4MB) SWAP 1/3810MB (cached 0MB) CPU [0%@729,0%@729,0%@729,0%@729,0%@729,0%@729] GR3D_FREQ 0% cpu@46.718C soc2@45.375C soc0@46.906C gpu@47.687C tj@47.531C soc1@46.593C VDD_IN 5488mW/6306mW VDD_CPU_GPU_CV 480mW/838mW VDD_SOC 2800mW/3048mW
09-02-2026 15:50:58 RAM 1461/7620MB (lfb 114x4MB) SWAP 1/3810MB (cached 0MB) CPU [0%@729,0%@729,0%@729,0%@729,0%@729,0%@729] GR3D_FREQ 0% cpu@46.562C soc2@45.25C soc0@46.781C gpu@47.718C tj@47.718C soc1@46.343C VDD_IN 5488mW/6274mW VDD_CPU_GPU_CV 480mW/824mW VDD_SOC 2804mW/3039mW
09-02-2026 15:51:03 RAM 1461/7620MB (lfb 114x4MB) SWAP 1/3810MB (cached 0MB) CPU [0%@729,0%@729,0%@729,0%@729,0%@729,0%@729] GR3D_FREQ 0% cpu@46.218C soc2@45.062C soc0@46.5C gpu@47.156C tj@47.156C soc1@46.25C VDD_IN 5488mW/6245mW VDD_CPU_GPU_CV 480mW/811mW VDD_SOC 2800mW/3030mW
09-02-2026 15:51:08 RAM 1461/7620MB (lfb 114x4MB) SWAP 1/3810MB (cached 0MB) CPU [0%@729,0%@729,0%@729,0%@729,0%@729,0%@729] GR3D_FREQ 0% cpu@46.125C soc2@44.843C soc0@46.218C gpu@47.062C tj@47.062C soc1@45.968C VDD_IN 5488mW/6218mW VDD_CPU_GPU_CV 480mW/799mW VDD_SOC 2800mW/3022mW
09-02-2026 15:51:13 RAM 1460/7620MB (lfb 114x4MB) SWAP 1/3810MB (cached 0MB) CPU [0%@729,0%@729,0%@729,0%@729,0%@729,0%@729] GR3D_FREQ 0% cpu@45.937C soc2@44.625C soc0@46.25C gpu@46.781C tj@46.781C soc1@45.906C VDD_IN 5488mW/6193mW VDD_CPU_GPU_CV 480mW/788mW VDD_SOC 2800mW/3014mW
09-02-2026 15:51:18 RAM 1460/7620MB (lfb 114x4MB) SWAP 1/3810MB (cached 0MB) CPU [0%@729,0%@729,0%@729,0%@729,0%@729,0%@729] GR3D_FREQ 0% cpu@45.875C soc2@44.593C soc0@45.968C gpu@46.625C tj@46.625C soc1@45.593C VDD_IN 5488mW/6169mW VDD_CPU_GPU_CV 480mW/778mW VDD_SOC 2800mW/3007mW
09-02-2026 15:51:23 RAM 1460/7620MB (lfb 114x4MB) SWAP 1/3810MB (cached 0MB) CPU [0%@729,0%@729,0%@729,0%@729,0%@729,0%@729] GR3D_FREQ 0% cpu@45.625C soc2@44.343C soc0@45.906C gpu@46.5C tj@46.5C soc1@45.437C VDD_IN 5488mW/6147mW VDD_CPU_GPU_CV 480mW/769mW VDD_SOC 2804mW/3001mW
09-02-2026 15:51:28 RAM 1460/7620MB (lfb 114x4MB) SWAP 1/3810MB (cached 0MB) CPU [0%@729,0%@729,0%@729,0%@729,0%@729,0%@729] GR3D_FREQ 0% cpu@45.656C soc2@44.187C soc0@45.625C gpu@46.375C tj@46.375C soc1@45.468C VDD_IN 5488mW/6127mW VDD_CPU_GPU_CV 480mW/760mW VDD_SOC 2804mW/2994mW
09-02-2026 15:51:33 RAM 1460/7620MB (lfb 114x4MB) SWAP 1/3810MB (cached 0MB) CPU [0%@729,0%@729,0%@729,0%@729,0%@729,0%@729] GR3D_FREQ 0% cpu@45.312C soc2@44.125C soc0@45.468C gpu@46.375C tj@46.375C soc1@45.187C VDD_IN 5488mW/6107mW VDD_CPU_GPU_CV 480mW/751mW VDD_SOC 2804mW/2989mW
09-02-2026 15:51:38 RAM 1460/7620MB (lfb 114x4MB) SWAP 1/3810MB (cached 0MB) CPU [0%@729,0%@729,0%@729,0%@729,0%@729,0%@729] GR3D_FREQ 0% cpu@45.187C soc2@43.937C soc0@45.343C gpu@46.375C tj@46.375C soc1@45C VDD_IN 5488mW/6089mW VDD_CPU_GPU_CV 480mW/743mW VDD_SOC 2804mW/2983mW
09-02-2026 15:51:43 RAM 1460/7620MB (lfb 114x4MB) SWAP 1/3810MB (cached 0MB) CPU [0%@729,0%@729,0%@729,0%@729,0%@729,0%@729] GR3D_FREQ 0% cpu@45.062C soc2@43.781C soc0@45.312C gpu@46.031C tj@46.031C soc1@45.062C VDD_IN 5488mW/6072mW VDD_CPU_GPU_CV 480mW/736mW VDD_SOC 2804mW/2978mW
09-02-2026 15:51:48 RAM 1460/7620MB (lfb 114x4MB) SWAP 1/3810MB (cached 0MB) CPU [0%@729,0%@729,0%@729,0%@729,0%@729,0%@729] GR3D_FREQ 0% cpu@44.875C soc2@43.687C soc0@45.156C gpu@46.093C tj@46.093C soc1@44.781C VDD_IN 5488mW/6056mW VDD_CPU_GPU_CV 480mW/728mW VDD_SOC 2804mW/2973mW
09-02-2026 15:51:53 RAM 1460/7620MB (lfb 114x4MB) SWAP 1/3810MB (cached 0MB) CPU [0%@729,0%@729,0%@729,0%@729,0%@729,0%@729] GR3D_FREQ 0% cpu@44.875C soc2@43.562C soc0@44.875C gpu@46.031C tj@46.031C soc1@44.75C VDD_IN 5488mW/6040mW VDD_CPU_GPU_CV 480mW/722mW VDD_SOC 2804mW/2969mW
09-02-2026 15:51:58 RAM 1460/7620MB (lfb 114x4MB) SWAP 1/3810MB (cached 0MB) CPU [0%@729,0%@729,0%@729,0%@729,0%@729,0%@729] GR3D_FREQ 0% cpu@44.625C soc2@43.375C soc0@45C gpu@45.531C tj@45.531C soc1@44.5C VDD_IN 5488mW/6026mW VDD_CPU_GPU_CV 480mW/715mW VDD_SOC 2804mW/2964mW
09-02-2026 15:52:03 RAM 1460/7620MB (lfb 114x4MB) SWAP 1/3810MB (cached 0MB) CPU [0%@729,0%@729,0%@729,0%@729,0%@729,0%@729] GR3D_FREQ 0% cpu@44.625C soc2@43.281C soc0@44.843C gpu@45.406C tj@45.406C soc1@44.437C VDD_IN 5488mW/6012mW VDD_CPU_GPU_CV 480mW/709mW VDD_SOC 2804mW/2960mW
09-02-2026 15:52:08 RAM 1460/7620MB (lfb 114x4MB) SWAP 1/3810MB (cached 0MB) CPU [0%@729,0%@729,0%@729,0%@729,0%@729,0%@729] GR3D_FREQ 0% cpu@44.625C soc2@43.218C soc0@44.625C gpu@45.531C tj@45.531C soc1@44.343C VDD_IN 5488mW/5999mW VDD_CPU_GPU_CV 480mW/704mW VDD_SOC 2804mW/2956mW
09-02-2026 15:52:13 RAM 1460/7620MB (lfb 114x4MB) SWAP 1/3810MB (cached 0MB) CPU [1%@729,1%@729,2%@729,0%@729,0%@729,0%@729] GR3D_FREQ 0% cpu@44.281C soc2@43.125C soc0@44.687C gpu@45.312C tj@45.312C soc1@44.093C VDD_IN 5488mW/5987mW VDD_CPU_GPU_CV 480mW/698mW VDD_SOC 2804mW/2953mW
09-02-2026 15:52:18 RAM 1460/7620MB (lfb 114x4MB) SWAP 1/3810MB (cached 0MB) CPU [1%@729,0%@729,0%@729,0%@729,0%@729,0%@729] GR3D_FREQ 0% cpu@44.531C soc2@42.937C soc0@44.375C gpu@45.125C tj@45.125C soc1@44.218C VDD_IN 5488mW/5975mW VDD_CPU_GPU_CV 480mW/693mW VDD_SOC 2804mW/2949mW
09-02-2026 15:52:23 RAM 1460/7620MB (lfb 114x4MB) SWAP 1/3810MB (cached 0MB) CPU [0%@729,0%@729,0%@729,0%@729,0%@729,0%@729] GR3D_FREQ 0% cpu@44.187C soc2@42.968C soc0@44.187C gpu@45.25C tj@45.25C soc1@44.031C VDD_IN 5448mW/5962mW VDD_CPU_GPU_CV 480mW/688mW VDD_SOC 2804mW/2946mW
09-02-2026 15:52:28 RAM 1459/7620MB (lfb 114x4MB) SWAP 1/3810MB (cached 0MB) CPU [0%@729,0%@729,0%@729,0%@729,0%@729,0%@729] GR3D_FREQ 0% cpu@44.156C soc2@42.843C soc0@44.375C gpu@44.906C tj@44.906C soc1@43.906C VDD_IN 5448mW/5951mW VDD_CPU_GPU_CV 480mW/683mW VDD_SOC 2804mW/2942mW
09-02-2026 15:52:33 RAM 1722/7620MB (lfb 114x4MB) SWAP 1/3810MB (cached 0MB) CPU [3%@1728,4%@1728,3%@1728,56%@1728,3%@729,3%@729] GR3D_FREQ 0% cpu@45.031C soc2@43.062C soc0@44.406C gpu@45.531C tj@45.531C soc1@44.031C VDD_IN 7371mW/5982mW VDD_CPU_GPU_CV 1560mW/703mW VDD_SOC 3285mW/2950mW
09-02-2026 15:52:38 RAM 1728/7620MB (lfb 115x4MB) SWAP 1/3810MB (cached 0MB) CPU [3%@1728,2%@1728,2%@1728,99%@1728,2%@729,2%@729] GR3D_FREQ 0% cpu@45.031C soc2@43.25C soc0@44.531C gpu@45.437C tj@45.437C soc1@44.062C VDD_IN 7411mW/6013mW VDD_CPU_GPU_CV 1560mW/721mW VDD_SOC 3285mW/2957mW
09-02-2026 15:52:43 RAM 1828/7620MB (lfb 115x4MB) SWAP 1/3810MB (cached 0MB) CPU [1%@729,1%@729,1%@729,56%@729,1%@729,1%@729] GR3D_FREQ 0% cpu@44.406C soc2@42.937C soc0@44.375C gpu@45.375C tj@45.375C soc1@44.062C VDD_IN 5488mW/6002mW VDD_CPU_GPU_CV 480mW/716mW VDD_SOC 2804mW/2954mW
09-02-2026 15:52:48 RAM 1828/7620MB (lfb 115x4MB) SWAP 1/3810MB (cached 0MB) CPU [0%@729,0%@729,0%@729,0%@729,22%@1728,0%@1728] GR3D_FREQ 0% cpu@44.531C soc2@43C soc0@44.375C gpu@45.25C tj@45.25C soc1@43.968C VDD_IN 7051mW/6024mW VDD_CPU_GPU_CV 1080mW/724mW VDD_SOC 3365mW/2963mW
09-02-2026 15:52:53 RAM 1785/7620MB (lfb 115x4MB) SWAP 1/3810MB (cached 0MB) CPU [4%@1728,88%@1728,4%@1728,4%@1728,16%@729,4%@729] GR3D_FREQ 0% cpu@44.906C soc2@43.187C soc0@44.437C gpu@45.531C tj@45.531C soc1@44.218C VDD_IN 7411mW/6052mW VDD_CPU_GPU_CV 1440mW/738mW VDD_SOC 3365mW/2971mW
09-02-2026 15:52:58 RAM 2091/7620MB (lfb 88x4MB) SWAP 1/3810MB (cached 0MB) CPU [1%@1728,100%@1728,1%@1728,1%@1728,1%@729,1%@729] GR3D_FREQ 0% cpu@45C soc2@43.375C soc0@44.625C gpu@45.5C tj@45.5C soc1@44.218C VDD_IN 7532mW/6082mW VDD_CPU_GPU_CV 1640mW/756mW VDD_SOC 3325mW/2978mW
09-02-2026 15:53:03 RAM 2335/7620MB (lfb 84x4MB) SWAP 1/3810MB (cached 0MB) CPU [5%@729,14%@729,2%@729,23%@729,1%@729,4%@729] GR3D_FREQ 8% cpu@44.468C soc2@43.093C soc0@44.5C gpu@45.218C tj@45.218C soc1@44.375C VDD_IN 6360mW/6087mW VDD_CPU_GPU_CV 803mW/757mW VDD_SOC 3059mW/2980mW
09-02-2026 15:53:08 RAM 2335/7620MB (lfb 84x4MB) SWAP 1/3810MB (cached 0MB) CPU [10%@729,14%@729,8%@729,7%@729,32%@729,11%@729] GR3D_FREQ 2% cpu@44.531C soc2@43.125C soc0@44.5C gpu@45.25C tj@45.25C soc1@44.312C VDD_IN 6279mW/6091mW VDD_CPU_GPU_CV 723mW/757mW VDD_SOC 3019mW/2980mW
09-02-2026 15:53:13 RAM 2335/7620MB (lfb 84x4MB) SWAP 1/3810MB (cached 0MB) CPU [20%@729,8%@729,21%@729,7%@729,15%@729,11%@729] GR3D_FREQ 18% cpu@44.562C soc2@43.031C soc0@44.468C gpu@45.281C tj@45.281C soc1@44.375C VDD_IN 6320mW/6095mW VDD_CPU_GPU_CV 763mW/757mW VDD_SOC 3019mW/2981mW
09-02-2026 15:53:18 RAM 2335/7620MB (lfb 84x4MB) SWAP 1/3810MB (cached 0MB) CPU [14%@729,8%@729,33%@729,6%@729,11%@729,10%@729] GR3D_FREQ 21% cpu@44.343C soc2@43.031C soc0@44.437C gpu@45.156C tj@45.156C soc1@44.25C VDD_IN 6279mW/6099mW VDD_CPU_GPU_CV 723mW/756mW VDD_SOC 3019mW/2982mW
09-02-2026 15:53:23 RAM 2334/7620MB (lfb 84x4MB) SWAP 1/3810MB (cached 0MB) CPU [15%@729,10%@729,28%@729,9%@729,10%@729,10%@729] GR3D_FREQ 6% cpu@44.718C soc2@43.125C soc0@44.406C gpu@45.156C tj@45.156C soc1@44.406C VDD_IN 6400mW/6104mW VDD_CPU_GPU_CV 803mW/757mW VDD_SOC 3059mW/2983mW
09-02-2026 15:53:28 RAM 2334/7620MB (lfb 84x4MB) SWAP 1/3810MB (cached 0MB) CPU [5%@729,4%@729,23%@729,5%@729,6%@729,8%@729] GR3D_FREQ 0% cpu@44.281C soc2@43C soc0@44.437C gpu@45.062C tj@45.062C soc1@44.281C VDD_IN 5837mW/6100mW VDD_CPU_GPU_CV 562mW/754mW VDD_SOC 2898mW/2982mW
09-02-2026 15:53:33 RAM 2334/7620MB (lfb 84x4MB) SWAP 1/3810MB (cached 0MB) CPU [2%@729,0%@729,1%@729,1%@729,4%@729,1%@729] GR3D_FREQ 0% cpu@44.093C soc2@42.906C soc0@44.312C gpu@45C tj@45C soc1@44.343C VDD_IN 5796mW/6094mW VDD_CPU_GPU_CV 562mW/750mW VDD_SOC 2853mW/2979mW
09-02-2026 15:53:38 RAM 1667/7620MB (lfb 110x4MB) SWAP 1/3810MB (cached 0MB) CPU [7%@1728,42%@1728,28%@1728,2%@1728,5%@729,3%@729] GR3D_FREQ 0% cpu@45.437C soc2@43.281C soc0@44.437C gpu@45.812C tj@45.812C soc1@44.062C VDD_IN 7532mW/6119mW VDD_CPU_GPU_CV 1640mW/766mW VDD_SOC 3325mW/2985mW
09-02-2026 15:53:43 RAM 1450/7620MB (lfb 115x4MB) SWAP 1/3810MB (cached 0MB) CPU [3%@729,16%@729,22%@729,2%@729,50%@729,1%@729] GR3D_FREQ 0% cpu@44.343C soc2@43.093C soc0@44.593C gpu@45.312C tj@45.312C soc1@44.125C VDD_IN 5849mW/6114mW VDD_CPU_GPU_CV 640mW/763mW VDD_SOC 2924mW/2984mW
09-02-2026 15:53:48 RAM 1450/7620MB (lfb 115x4MB) SWAP 1/3810MB (cached 0MB) CPU [0%@729,0%@729,0%@729,0%@729,0%@729,0%@729] GR3D_FREQ 0% cpu@44.156C soc2@42.968C soc0@44.437C gpu@45.125C tj@45.125C soc1@44.062C VDD_IN 5448mW/6103mW VDD_CPU_GPU_CV 480mW/759mW VDD_SOC 2804mW/2981mW
09-02-2026 15:53:53 RAM 1450/7620MB (lfb 115x4MB) SWAP 1/3810MB (cached 0MB) CPU [0%@729,0%@729,0%@729,0%@729,0%@729,0%@729] GR3D_FREQ 0% cpu@44.281C soc2@42.812C soc0@44.312C gpu@44.875C tj@44.875C soc1@43.906C VDD_IN 5488mW/6093mW VDD_CPU_GPU_CV 480mW/754mW VDD_SOC 2804mW/2978mW
09-02-2026 15:53:58 RAM 1450/7620MB (lfb 115x4MB) SWAP 1/3810MB (cached 0MB) CPU [0%@729,0%@729,0%@729,0%@729,0%@729,0%@729] GR3D_FREQ 0% cpu@44C soc2@42.781C soc0@44.25C gpu@44.937C tj@44.937C soc1@43.781C VDD_IN 5488mW/6083mW VDD_CPU_GPU_CV 480mW/750mW VDD_SOC 2804mW/2976mW
09-02-2026 15:54:03 RAM 1450/7620MB (lfb 115x4MB) SWAP 1/3810MB (cached 0MB) CPU [0%@729,0%@729,0%@729,0%@729,0%@729,0%@729] GR3D_FREQ 0% cpu@44.156C soc2@42.656C soc0@44.156C gpu@45C tj@45C soc1@43.843C VDD_IN 5448mW/6073mW VDD_CPU_GPU_CV 480mW/745mW VDD_SOC 2804mW/2973mW
09-02-2026 15:54:08 RAM 1450/7620MB (lfb 115x4MB) SWAP 1/3810MB (cached 0MB) CPU [0%@729,0%@729,0%@729,0%@729,0%@729,0%@729] GR3D_FREQ 0% cpu@43.812C soc2@42.625C soc0@44.031C gpu@45.093C tj@45.093C soc1@43.75C VDD_IN 5448mW/6064mW VDD_CPU_GPU_CV 480mW/741mW VDD_SOC 2804mW/2970mW
09-02-2026 15:54:13 RAM 1450/7620MB (lfb 115x4MB) SWAP 1/3810MB (cached 0MB) CPU [0%@729,0%@729,0%@729,0%@729,0%@729,0%@729] GR3D_FREQ 0% cpu@43.781C soc2@42.468C soc0@44.125C gpu@44.593C tj@44.843C soc1@43.625C VDD_IN 5488mW/6055mW VDD_CPU_GPU_CV 480mW/737mW VDD_SOC 2804mW/2968mW
09-02-2026 15:54:18 RAM 1450/7620MB (lfb 115x4MB) SWAP 1/3810MB (cached 0MB) CPU [0%@729,0%@729,0%@729,0%@729,0%@729,0%@729] GR3D_FREQ 0% cpu@43.718C soc2@42.5C soc0@44.031C gpu@44.906C tj@44.906C soc1@43.781C VDD_IN 5488mW/6046mW VDD_CPU_GPU_CV 480mW/733mW VDD_SOC 2804mW/2965mW
09-02-2026 15:54:23 RAM 1450/7620MB (lfb 115x4MB) SWAP 1/3810MB (cached 0MB) CPU [0%@729,0%@729,0%@729,0%@729,0%@729,0%@729] GR3D_FREQ 0% cpu@43.625C soc2@42.531C soc0@44.125C gpu@44.656C tj@44.656C soc1@43.562C VDD_IN 5448mW/6037mW VDD_CPU_GPU_CV 480mW/730mW VDD_SOC 2804mW/2963mW
09-02-2026 15:54:28 RAM 1450/7620MB (lfb 115x4MB) SWAP 1/3810MB (cached 0MB) CPU [0%@729,0%@729,0%@729,0%@729,0%@729,0%@729] GR3D_FREQ 0% cpu@43.656C soc2@42.312C soc0@43.875C gpu@44.718C tj@44.718C soc1@43.593C VDD_IN 5448mW/6029mW VDD_CPU_GPU_CV 480mW/726mW VDD_SOC 2804mW/2960mW
09-02-2026 15:54:33 RAM 1450/7620MB (lfb 115x4MB) SWAP 1/3810MB (cached 0MB) CPU [0%@729,0%@729,0%@729,0%@729,0%@729,0%@729] GR3D_FREQ 0% cpu@43.687C soc2@42.25C soc0@43.75C gpu@44.531C tj@44.531C soc1@43.5C VDD_IN 5448mW/6020mW VDD_CPU_GPU_CV 480mW/722mW VDD_SOC 2804mW/2958mW
09-02-2026 15:54:38 RAM 1450/7620MB (lfb 115x4MB) SWAP 1/3810MB (cached 0MB) CPU [0%@729,0%@729,0%@729,0%@729,0%@729,0%@729] GR3D_FREQ 0% cpu@43.531C soc2@42.218C soc0@43.906C gpu@44.406C tj@44.406C soc1@43.375C VDD_IN 5488mW/6013mW VDD_CPU_GPU_CV 480mW/719mW VDD_SOC 2804mW/2956mW
09-02-2026 15:54:43 RAM 1450/7620MB (lfb 115x4MB) SWAP 1/3810MB (cached 0MB) CPU [0%@729,0%@729,0%@729,0%@729,0%@729,0%@729] GR3D_FREQ 0% cpu@43.562C soc2@42.093C soc0@43.687C gpu@44.406C tj@44.406C soc1@43.406C VDD_IN 5488mW/6005mW VDD_CPU_GPU_CV 480mW/716mW VDD_SOC 2804mW/2954mW
09-02-2026 15:54:48 RAM 1450/7620MB (lfb 115x4MB) SWAP 1/3810MB (cached 0MB) CPU [0%@729,0%@729,0%@729,0%@729,0%@729,0%@729] GR3D_FREQ 0% cpu@43.656C soc2@42.281C soc0@43.625C gpu@44.312C tj@44.312C soc1@43.25C VDD_IN 5448mW/5997mW VDD_CPU_GPU_CV 480mW/712mW VDD_SOC 2804mW/2952mW
09-02-2026 15:54:53 RAM 1450/7620MB (lfb 115x4MB) SWAP 1/3810MB (cached 0MB) CPU [0%@729,0%@729,0%@729,0%@729,0%@729,0%@729] GR3D_FREQ 0% cpu@43.343C soc2@42.218C soc0@43.625C gpu@44.625C tj@44.625C soc1@43.281C VDD_IN 5448mW/5990mW VDD_CPU_GPU_CV 480mW/709mW VDD_SOC 2804mW/2950mW
09-02-2026 15:54:58 RAM 1450/7620MB (lfb 115x4MB) SWAP 1/3810MB (cached 0MB) CPU [0%@729,0%@729,0%@729,0%@729,0%@729,0%@729] GR3D_FREQ 0% cpu@43.281C soc2@42.125C soc0@43.562C gpu@44.343C tj@44.343C soc1@43.312C VDD_IN 5448mW/5983mW VDD_CPU_GPU_CV 480mW/706mW VDD_SOC 2804mW/2948mW
09-02-2026 15:55:03 RAM 1450/7620MB (lfb 115x4MB) SWAP 1/3810MB (cached 0MB) CPU [0%@729,0%@729,0%@729,0%@729,0%@729,0%@729] GR3D_FREQ 0% cpu@43.25C soc2@41.968C soc0@43.437C gpu@44.281C tj@44.281C soc1@43.187C VDD_IN 5448mW/5975mW VDD_CPU_GPU_CV 480mW/703mW VDD_SOC 2804mW/2946mW
09-02-2026 15:55:08 RAM 1450/7620MB (lfb 115x4MB) SWAP 1/3810MB (cached 0MB) CPU [0%@729,0%@729,0%@729,0%@729,0%@729,0%@729] GR3D_FREQ 0% cpu@43.406C soc2@42.031C soc0@43.437C gpu@44.343C tj@44.343C soc1@43.125C VDD_IN 5448mW/5969mW VDD_CPU_GPU_CV 480mW/700mW VDD_SOC 2804mW/2944mW
09-02-2026 15:55:13 RAM 1449/7620MB (lfb 115x4MB) SWAP 1/3810MB (cached 0MB) CPU [2%@729,1%@729,0%@729,1%@729,0%@729,0%@729] GR3D_FREQ 0% cpu@43.187C soc2@42.031C soc0@43.437C gpu@44.343C tj@44.343C soc1@43.25C VDD_IN 5448mW/5962mW VDD_CPU_GPU_CV 480mW/697mW VDD_SOC 2804mW/2942mW
09-02-2026 15:55:18 RAM 1449/7620MB (lfb 115x4MB) SWAP 1/3810MB (cached 0MB) CPU [1%@729,0%@729,0%@729,0%@729,0%@729,0%@729] GR3D_FREQ 0% cpu@43.281C soc2@42C soc0@43.343C gpu@44.187C tj@44.187C soc1@43C VDD_IN 5448mW/5955mW VDD_CPU_GPU_CV 480mW/694mW VDD_SOC 2804mW/2940mW
09-02-2026 15:55:23 RAM 1449/7620MB (lfb 115x4MB) SWAP 1/3810MB (cached 0MB) CPU [0%@729,0%@729,0%@729,0%@729,0%@729,0%@729] GR3D_FREQ 0% cpu@43.187C soc2@41.875C soc0@43.375C gpu@44.25C tj@44.25C soc1@43.062C VDD_IN 5448mW/5949mW VDD_CPU_GPU_CV 480mW/692mW VDD_SOC 2804mW/2939mW
09-02-2026 15:55:28 RAM 1449/7620MB (lfb 115x4MB) SWAP 1/3810MB (cached 0MB) CPU [0%@729,0%@729,0%@729,0%@729,0%@729,0%@729] GR3D_FREQ 0% cpu@43.312C soc2@41.843C soc0@43.25C gpu@44.156C tj@44.156C soc1@43C VDD_IN 5448mW/5942mW VDD_CPU_GPU_CV 480mW/689mW VDD_SOC 2804mW/2937mW
09-02-2026 15:55:33 RAM 1449/7620MB (lfb 115x4MB) SWAP 1/3810MB (cached 0MB) CPU [0%@729,0%@729,0%@729,0%@729,0%@729,0%@729] GR3D_FREQ 0% cpu@43.281C soc2@41.937C soc0@43.312C gpu@43.937C tj@43.937C soc1@43.031C VDD_IN 5448mW/5936mW VDD_CPU_GPU_CV 480mW/686mW VDD_SOC 2804mW/2935mW
09-02-2026 15:55:38 RAM 1449/7620MB (lfb 115x4MB) SWAP 1/3810MB (cached 0MB) CPU [0%@729,0%@729,0%@729,0%@729,0%@729,0%@729] GR3D_FREQ 0% cpu@43.062C soc2@41.812C soc0@43.375C gpu@44.031C tj@44.031C soc1@42.937C VDD_IN 5448mW/5930mW VDD_CPU_GPU_CV 480mW/684mW VDD_SOC 2804mW/2934mW
09-02-2026 15:55:43 RAM 1449/7620MB (lfb 115x4MB) SWAP 1/3810MB (cached 0MB) CPU [0%@729,0%@729,0%@729,0%@729,0%@729,0%@729] GR3D_FREQ 0% cpu@42.968C soc2@41.812C soc0@43.218C gpu@43.875C tj@43.875C soc1@42.906C VDD_IN 5448mW/5925mW VDD_CPU_GPU_CV 480mW/681mW VDD_SOC 2804mW/2932mW
09-02-2026 15:55:48 RAM 1449/7620MB (lfb 115x4MB) SWAP 1/3810MB (cached 0MB) CPU [0%@729,0%@729,0%@729,0%@729,0%@729,0%@729] GR3D_FREQ 0% cpu@43.093C soc2@41.843C soc0@43.312C gpu@44.312C tj@44.312C soc1@42.906C VDD_IN 5448mW/5919mW VDD_CPU_GPU_CV 480mW/679mW VDD_SOC 2804mW/2931mW
09-02-2026 15:55:53 RAM 1449/7620MB (lfb 115x4MB) SWAP 1/3810MB (cached 0MB) CPU [0%@729,0%@729,0%@729,0%@729,0%@729,0%@729] GR3D_FREQ 0% cpu@43.031C soc2@41.781C soc0@43.125C gpu@43.937C tj@43.937C soc1@42.875C VDD_IN 5448mW/5913mW VDD_CPU_GPU_CV 480mW/677mW VDD_SOC 2804mW/2929mW
09-02-2026 15:55:58 RAM 1449/7620MB (lfb 115x4MB) SWAP 1/3810MB (cached 0MB) CPU [0%@729,0%@729,0%@729,0%@729,0%@729,0%@729] GR3D_FREQ 0% cpu@43C soc2@41.625C soc0@43.25C gpu@43.843C tj@43.843C soc1@42.843C VDD_IN 5448mW/5908mW VDD_CPU_GPU_CV 480mW/674mW VDD_SOC 2804mW/2928mW
09-02-2026 15:56:03 RAM 1449/7620MB (lfb 115x4MB) SWAP 1/3810MB (cached 0MB) CPU [0%@729,0%@729,0%@729,0%@729,0%@729,0%@729] GR3D_FREQ 0% cpu@42.937C soc2@41.718C soc0@43.218C gpu@43.75C tj@43.75C soc1@42.687C VDD_IN 5448mW/5903mW VDD_CPU_GPU_CV 480mW/672mW VDD_SOC 2804mW/2926mW
09-02-2026 15:56:08 RAM 1449/7620MB (lfb 115x4MB) SWAP 1/3810MB (cached 0MB) CPU [0%@729,0%@729,0%@729,0%@729,0%@729,0%@729] GR3D_FREQ 0% cpu@43.093C soc2@41.75C soc0@43.062C gpu@43.906C tj@43.906C soc1@42.812C VDD_IN 5448mW/5898mW VDD_CPU_GPU_CV 480mW/670mW VDD_SOC 2804mW/2925mW
09-02-2026 15:56:13 RAM 1449/7620MB (lfb 115x4MB) SWAP 1/3810MB (cached 0MB) CPU [0%@729,0%@729,0%@729,0%@729,0%@729,0%@729] GR3D_FREQ 0% cpu@42.906C soc2@41.718C soc0@43.25C gpu@43.75C tj@43.75C soc1@42.75C VDD_IN 5488mW/5893mW VDD_CPU_GPU_CV 480mW/668mW VDD_SOC 2804mW/2924mW
09-02-2026 15:56:18 RAM 1449/7620MB (lfb 115x4MB) SWAP 1/3810MB (cached 0MB) CPU [0%@729,0%@729,0%@729,0%@729,0%@729,0%@729] GR3D_FREQ 0% cpu@42.875C soc2@41.656C soc0@43.125C gpu@43.843C tj@43.843C soc1@42.656C VDD_IN 5448mW/5888mW VDD_CPU_GPU_CV 480mW/666mW VDD_SOC 2804mW/2922mW
09-02-2026 15:56:24 RAM 1449/7620MB (lfb 115x4MB) SWAP 1/3810MB (cached 0MB) CPU [0%@729,0%@729,0%@729,0%@729,0%@729,0%@729] GR3D_FREQ 0% cpu@42.812C soc2@41.625C soc0@43.093C gpu@43.687C tj@43.687C soc1@42.781C VDD_IN 5448mW/5883mW VDD_CPU_GPU_CV 480mW/664mW VDD_SOC 2804mW/2921mW
09-02-2026 15:56:29 RAM 1449/7620MB (lfb 115x4MB) SWAP 1/3810MB (cached 0MB) CPU [0%@729,0%@729,0%@729,0%@729,0%@729,0%@729] GR3D_FREQ 0% cpu@42.875C soc2@41.593C soc0@43.062C gpu@43.937C tj@43.937C soc1@42.781C VDD_IN 5448mW/5878mW VDD_CPU_GPU_CV 480mW/662mW VDD_SOC 2804mW/2920mW
09-02-2026 15:56:34 RAM 1449/7620MB (lfb 115x4MB) SWAP 1/3810MB (cached 0MB) CPU [0%@729,0%@729,0%@729,0%@729,0%@729,0%@729] GR3D_FREQ 0% cpu@42.781C soc2@41.531C soc0@43.156C gpu@43.812C tj@43.812C soc1@42.875C VDD_IN 5448mW/5874mW VDD_CPU_GPU_CV 480mW/660mW VDD_SOC 2804mW/2918mW
09-02-2026 15:56:39 RAM 1449/7620MB (lfb 115x4MB) SWAP 1/3810MB (cached 0MB) CPU [0%@729,0%@729,0%@729,0%@729,0%@729,0%@729] GR3D_FREQ 0% cpu@42.875C soc2@41.562C soc0@43.062C gpu@43.843C tj@43.843C soc1@42.718C VDD_IN 5448mW/5869mW VDD_CPU_GPU_CV 480mW/658mW VDD_SOC 2804mW/2917mW
09-02-2026 15:56:44 RAM 1451/7620MB (lfb 115x4MB) SWAP 1/3810MB (cached 0MB) CPU [1%@729,1%@729,1%@729,1%@729,0%@729,0%@729] GR3D_FREQ 0% cpu@42.937C soc2@41.718C soc0@43.062C gpu@43.718C tj@43.718C soc1@42.75C VDD_IN 5448mW/5865mW VDD_CPU_GPU_CV 480mW/656mW VDD_SOC 2804mW/2916mW
09-02-2026 15:56:49 RAM 1451/7620MB (lfb 115x4MB) SWAP 1/3810MB (cached 0MB) CPU [0%@729,0%@729,0%@729,0%@729,0%@729,0%@729] GR3D_FREQ 0% cpu@42.781C soc2@41.656C soc0@43.093C gpu@43.843C tj@43.843C soc1@42.718C VDD_IN 5448mW/5860mW VDD_CPU_GPU_CV 480mW/654mW VDD_SOC 2804mW/2915mW
09-02-2026 15:56:54 RAM 1451/7620MB (lfb 115x4MB) SWAP 1/3810MB (cached 0MB) CPU [0%@729,0%@729,0%@729,0%@729,0%@729,0%@729] GR3D_FREQ 0% cpu@42.875C soc2@41.625C soc0@43.093C gpu@43.968C tj@43.968C soc1@42.781C VDD_IN 5448mW/5856mW VDD_CPU_GPU_CV 480mW/652mW VDD_SOC 2804mW/2914mW
09-02-2026 15:56:59 RAM 1451/7620MB (lfb 115x4MB) SWAP 1/3810MB (cached 0MB) CPU [0%@729,0%@729,0%@729,0%@729,0%@729,0%@729] GR3D_FREQ 0% cpu@43.062C soc2@41.625C soc0@43.093C gpu@43.625C tj@43.625C soc1@42.687C VDD_IN 5448mW/5852mW VDD_CPU_GPU_CV 480mW/651mW VDD_SOC 2804mW/2913mW
09-02-2026 15:57:04 RAM 1451/7620MB (lfb 115x4MB) SWAP 1/3810MB (cached 0MB) CPU [0%@729,0%@729,0%@729,0%@729,0%@729,0%@729] GR3D_FREQ 0% cpu@43.062C soc2@41.656C soc0@42.937C gpu@43.968C tj@43.968C soc1@42.781C VDD_IN 5448mW/5848mW VDD_CPU_GPU_CV 480mW/649mW VDD_SOC 2804mW/2911mW
09-02-2026 15:57:09 RAM 1451/7620MB (lfb 115x4MB) SWAP 1/3810MB (cached 0MB) CPU [0%@729,0%@729,0%@729,0%@729,0%@729,0%@729] GR3D_FREQ 0% cpu@42.906C soc2@41.687C soc0@43.125C gpu@44.125C tj@43.875C soc1@42.843C VDD_IN 5448mW/5844mW VDD_CPU_GPU_CV 480mW/647mW VDD_SOC 2804mW/2910mW
09-02-2026 15:57:14 RAM 1451/7620MB (lfb 115x4MB) SWAP 1/3810MB (cached 0MB) CPU [0%@729,0%@729,0%@729,0%@729,0%@729,0%@729] GR3D_FREQ 0% cpu@43.031C soc2@41.625C soc0@43.031C gpu@43.937C tj@43.843C soc1@42.781C VDD_IN 5448mW/5840mW VDD_CPU_GPU_CV 480mW/646mW VDD_SOC 2804mW/2909mW
09-02-2026 15:57:19 RAM 1483/7620MB (lfb 115x4MB) SWAP 1/3810MB (cached 0MB) CPU [5%@1728,3%@1728,11%@1728,4%@1728,2%@729,2%@729] GR3D_FREQ 0% cpu@43.812C soc2@41.75C soc0@43.156C gpu@44.218C tj@44.218C soc1@42.812C VDD_IN 6770mW/5849mW VDD_CPU_GPU_CV 1282mW/652mW VDD_SOC 3084mW/2911mW
09-02-2026 15:57:24 RAM 1489/7620MB (lfb 115x4MB) SWAP 1/3810MB (cached 0MB) CPU [3%@1728,2%@1728,89%@1728,13%@1728,3%@729,3%@729] GR3D_FREQ 0% cpu@43.968C soc2@42.156C soc0@43.25C gpu@44.437C tj@44.437C soc1@43.062C VDD_IN 7451mW/5865mW VDD_CPU_GPU_CV 1560mW/661mW VDD_SOC 3325mW/2915mW
09-02-2026 15:57:29 RAM 1817/7620MB (lfb 115x4MB) SWAP 1/3810MB (cached 0MB) CPU [3%@1728,2%@1728,2%@1728,99%@1728,3%@729,3%@729] GR3D_FREQ 0% cpu@44.062C soc2@42.218C soc0@43.531C gpu@44.531C tj@44.531C soc1@43.468C VDD_IN 7371mW/5879mW VDD_CPU_GPU_CV 1440mW/668mW VDD_SOC 3325mW/2919mW
09-02-2026 15:57:34 RAM 1820/7620MB (lfb 115x4MB) SWAP 1/3810MB (cached 0MB) CPU [0%@729,0%@729,0%@729,4%@729,0%@729,0%@729] GR3D_FREQ 0% cpu@43.343C soc2@41.968C soc0@43.531C gpu@44.218C tj@44.218C soc1@43.25C VDD_IN 5488mW/5875mW VDD_CPU_GPU_CV 480mW/666mW VDD_SOC 2804mW/2918mW
09-02-2026 15:57:39 RAM 1690/7620MB (lfb 115x4MB) SWAP 1/3810MB (cached 0MB) CPU [7%@1728,4%@1728,37%@1728,38%@1728,4%@729,4%@729] GR3D_FREQ 0% cpu@44.718C soc2@42.437C soc0@43.562C gpu@44.656C tj@44.718C soc1@43.343C VDD_IN 7371mW/5890mW VDD_CPU_GPU_CV 1560mW/675mW VDD_SOC 3285mW/2921mW
09-02-2026 15:57:44 RAM 1829/7620MB (lfb 115x4MB) SWAP 1/3810MB (cached 0MB) CPU [0%@729,0%@729,0%@729,0%@729,99%@1728,0%@1728] GR3D_FREQ 0% cpu@44.281C soc2@42.468C soc0@43.843C gpu@44.593C tj@44.593C soc1@43.625C VDD_IN 7291mW/5903mW VDD_CPU_GPU_CV 1560mW/683mW VDD_SOC 3245mW/2924mW
09-02-2026 15:57:49 RAM 1941/7620MB (lfb 103x4MB) SWAP 1/3810MB (cached 0MB) CPU [2%@729,3%@729,2%@729,2%@729,56%@729,7%@729] GR3D_FREQ 6% cpu@44.062C soc2@42.5C soc0@43.875C gpu@44.562C tj@44.562C soc1@43.781C VDD_IN 5877mW/5902mW VDD_CPU_GPU_CV 562mW/682mW VDD_SOC 2893mW/2924mW
09-02-2026 15:57:54 RAM 2331/7620MB (lfb 85x4MB) SWAP 1/3810MB (cached 0MB) CPU [8%@729,8%@729,8%@729,4%@729,26%@729,19%@729] GR3D_FREQ 16% cpu@44C soc2@42.593C soc0@43.968C gpu@44.687C tj@44.687C soc1@43.937C VDD_IN 6682mW/5910mW VDD_CPU_GPU_CV 924mW/684mW VDD_SOC 3094mW/2926mW
09-02-2026 15:57:59 RAM 2331/7620MB (lfb 84x4MB) SWAP 1/3810MB (cached 0MB) CPU [10%@729,9%@729,10%@729,7%@729,30%@729,13%@729] GR3D_FREQ 24% cpu@43.937C soc2@42.625C soc0@44C gpu@45C tj@45C soc1@43.937C VDD_IN 6239mW/5913mW VDD_CPU_GPU_CV 723mW/685mW VDD_SOC 3014mW/2926mW
09-02-2026 15:58:04 RAM 2332/7620MB (lfb 84x4MB) SWAP 1/3810MB (cached 0MB) CPU [19%@729,11%@729,28%@729,11%@729,8%@729,8%@729] GR3D_FREQ 18% cpu@44.156C soc2@42.718C soc0@44.187C gpu@44.906C tj@44.906C soc1@43.937C VDD_IN 6964mW/5922mW VDD_CPU_GPU_CV 1125mW/688mW VDD_SOC 3175mW/2929mW
09-02-2026 15:58:09 RAM 2332/7620MB (lfb 84x4MB) SWAP 1/3810MB (cached 0MB) CPU [9%@729,7%@729,34%@729,10%@729,8%@729,10%@729] GR3D_FREQ 13% cpu@44.125C soc2@42.718C soc0@44.031C gpu@45.062C tj@44.906C soc1@44C VDD_IN 6279mW/5925mW VDD_CPU_GPU_CV 723mW/689mW VDD_SOC 3019mW/2930mW
09-02-2026 15:58:14 RAM 2337/7620MB (lfb 84x4MB) SWAP 1/3810MB (cached 0MB) CPU [11%@729,23%@729,19%@729,10%@729,9%@729,12%@729] GR3D_FREQ 3% cpu@44.25C soc2@42.75C soc0@44.187C gpu@44.906C tj@44.906C soc1@44C VDD_IN 6279mW/5928mW VDD_CPU_GPU_CV 763mW/689mW VDD_SOC 3019mW/2930mW
09-02-2026 15:58:19 RAM 2337/7620MB (lfb 84x4MB) SWAP 1/3810MB (cached 0MB) CPU [3%@729,3%@729,6%@729,1%@729,1%@729,4%@729] GR3D_FREQ 0% cpu@44.062C soc2@42.656C soc0@44.187C gpu@44.843C tj@44.843C soc1@44.093C VDD_IN 5796mW/5927mW VDD_CPU_GPU_CV 562mW/688mW VDD_SOC 2853mW/2930mW
09-02-2026 15:58:24 RAM 2335/7620MB (lfb 84x4MB) SWAP 1/3810MB (cached 0MB) CPU [2%@1728,1%@1728,21%@1728,2%@1728,0%@729,0%@729] GR3D_FREQ 0% cpu@44.656C soc2@42.781C soc0@44.187C gpu@45.093C tj@45.093C soc1@44.125C VDD_IN 7274mW/5939mW VDD_CPU_GPU_CV 1125mW/692mW VDD_SOC 3376mW/2933mW
09-02-2026 15:58:29 RAM 1752/7620MB (lfb 114x4MB) SWAP 1/3810MB (cached 0MB) CPU [3%@729,5%@729,65%@729,2%@729,34%@1728,6%@1728] GR3D_FREQ 0% cpu@44.875C soc2@43.062C soc0@44.218C gpu@45.406C tj@45.406C soc1@44C VDD_IN 7411mW/5952mW VDD_CPU_GPU_CV 1480mW/699mW VDD_SOC 3325mW/2937mW
09-02-2026 15:58:34 RAM 1454/7620MB (lfb 115x4MB) SWAP 1/3810MB (cached 0MB) CPU [2%@729,15%@729,1%@729,1%@729,21%@729,1%@729] GR3D_FREQ 0% cpu@44.187C soc2@42.812C soc0@44.187C gpu@45.031C tj@45.031C soc1@43.906C VDD_IN 5488mW/5948mW VDD_CPU_GPU_CV 480mW/697mW VDD_SOC 2804mW/2936mW
09-02-2026 15:58:39 RAM 1455/7620MB (lfb 115x4MB) SWAP 1/3810MB (cached 0MB) CPU [0%@729,0%@729,0%@729,0%@729,0%@729,0%@729] GR3D_FREQ 0% cpu@44.125C soc2@42.875C soc0@44.312C gpu@44.906C tj@44.906C soc1@43.906C VDD_IN 5488mW/5944mW VDD_CPU_GPU_CV 480mW/695mW VDD_SOC 2804mW/2935mW
09-02-2026 15:58:44 RAM 1455/7620MB (lfb 115x4MB) SWAP 1/3810MB (cached 0MB) CPU [0%@729,0%@729,0%@729,0%@729,0%@729,0%@729] GR3D_FREQ 0% cpu@44.125C soc2@42.843C soc0@44.218C gpu@45.281C tj@45.281C soc1@43.906C VDD_IN 5488mW/5940mW VDD_CPU_GPU_CV 480mW/693mW VDD_SOC 2804mW/2934mW
09-02-2026 15:58:49 RAM 1455/7620MB (lfb 115x4MB) SWAP 1/3810MB (cached 0MB) CPU [0%@729,0%@729,0%@729,0%@729,0%@729,0%@729] GR3D_FREQ 0% cpu@44.156C soc2@42.718C soc0@44.281C gpu@44.812C tj@44.812C soc1@43.906C VDD_IN 5448mW/5936mW VDD_CPU_GPU_CV 480mW/692mW VDD_SOC 2804mW/2932mW
09-02-2026 15:58:54 RAM 1455/7620MB (lfb 115x4MB) SWAP 1/3810MB (cached 0MB) CPU [0%@729,0%@729,0%@729,0%@729,0%@729,0%@729] GR3D_FREQ 0% cpu@44.031C soc2@42.718C soc0@44.187C gpu@45.062C tj@45.062C soc1@43.812C VDD_IN 5448mW/5932mW VDD_CPU_GPU_CV 480mW/690mW VDD_SOC 2804mW/2931mW
09-02-2026 15:58:59 RAM 1455/7620MB (lfb 115x4MB) SWAP 1/3810MB (cached 0MB) CPU [0%@729,0%@729,0%@729,0%@729,0%@729,0%@729] GR3D_FREQ 0% cpu@44.062C soc2@42.718C soc0@44.218C gpu@44.937C tj@44.937C soc1@43.937C VDD_IN 5488mW/5928mW VDD_CPU_GPU_CV 480mW/688mW VDD_SOC 2804mW/2930mW
09-02-2026 15:59:04 RAM 1455/7620MB (lfb 115x4MB) SWAP 1/3810MB (cached 0MB) CPU [0%@729,0%@729,0%@729,0%@729,0%@729,0%@729] GR3D_FREQ 0% cpu@44.031C soc2@42.687C soc0@44.187C gpu@45.125C tj@45.125C soc1@43.906C VDD_IN 5488mW/5925mW VDD_CPU_GPU_CV 480mW/686mW VDD_SOC 2804mW/2929mW
09-02-2026 15:59:09 RAM 1455/7620MB (lfb 115x4MB) SWAP 1/3810MB (cached 0MB) CPU [0%@729,0%@729,0%@729,0%@729,0%@729,0%@729] GR3D_FREQ 0% cpu@44.187C soc2@42.531C soc0@44C gpu@44.906C tj@44.906C soc1@43.812C VDD_IN 5448mW/5921mW VDD_CPU_GPU_CV 480mW/685mW VDD_SOC 2800mW/2928mW
09-02-2026 15:59:14 RAM 1455/7620MB (lfb 115x4MB) SWAP 1/3810MB (cached 0MB) CPU [0%@729,0%@729,0%@729,0%@729,0%@729,0%@729] GR3D_FREQ 0% cpu@44.093C soc2@42.593C soc0@43.937C gpu@44.781C tj@44.781C soc1@43.656C VDD_IN 5448mW/5917mW VDD_CPU_GPU_CV 480mW/683mW VDD_SOC 2804mW/2927mW
09-02-2026 15:59:19 RAM 1455/7620MB (lfb 115x4MB) SWAP 1/3810MB (cached 0MB) CPU [0%@729,0%@729,0%@729,0%@729,0%@729,0%@729] GR3D_FREQ 0% cpu@43.812C soc2@42.375C soc0@43.968C gpu@44.906C tj@44.906C soc1@43.593C VDD_IN 5488mW/5914mW VDD_CPU_GPU_CV 480mW/682mW VDD_SOC 2804mW/2926mW
09-02-2026 15:59:24 RAM 1455/7620MB (lfb 115x4MB) SWAP 1/3810MB (cached 0MB) CPU [0%@729,0%@729,0%@729,0%@729,0%@729,0%@729] GR3D_FREQ 0% cpu@43.656C soc2@42.281C soc0@43.812C gpu@44.468C tj@44.468C soc1@43.531C VDD_IN 5448mW/5910mW VDD_CPU_GPU_CV 480mW/680mW VDD_SOC 2800mW/2925mW
09-02-2026 15:59:29 RAM 1455/7620MB (lfb 115x4MB) SWAP 1/3810MB (cached 0MB) CPU [0%@729,0%@729,0%@729,0%@729,0%@729,0%@729] GR3D_FREQ 0% cpu@43.531C soc2@42.281C soc0@43.687C gpu@44.593C tj@44.593C soc1@43.531C VDD_IN 5448mW/5906mW VDD_CPU_GPU_CV 480mW/678mW VDD_SOC 2804mW/2924mW
09-02-2026 15:59:34 RAM 1455/7620MB (lfb 115x4MB) SWAP 1/3810MB (cached 0MB) CPU [0%@729,0%@729,0%@729,0%@729,0%@729,0%@729] GR3D_FREQ 0% cpu@43.5C soc2@42.218C soc0@43.593C gpu@44.406C tj@44.406C soc1@43.406C VDD_IN 5448mW/5903mW VDD_CPU_GPU_CV 480mW/677mW VDD_SOC 2804mW/2923mW
09-02-2026 15:59:39 RAM 1455/7620MB (lfb 115x4MB) SWAP 1/3810MB (cached 0MB) CPU [1%@729,0%@729,0%@729,0%@729,0%@729,0%@729] GR3D_FREQ 0% cpu@43.593C soc2@42.218C soc0@43.625C gpu@44.468C tj@44.468C soc1@43.406C VDD_IN 5448mW/5899mW VDD_CPU_GPU_CV 480mW/675mW VDD_SOC 2804mW/2923mW
09-02-2026 15:59:44 RAM 1457/7620MB (lfb 115x4MB) SWAP 1/3810MB (cached 0MB) CPU [1%@729,1%@729,1%@729,1%@729,0%@729,0%@729] GR3D_FREQ 0% cpu@43.593C soc2@42.187C soc0@43.625C gpu@44.312C tj@44.312C soc1@43.406C VDD_IN 5488mW/5896mW VDD_CPU_GPU_CV 480mW/674mW VDD_SOC 2800mW/2922mW
09-02-2026 15:59:49 RAM 1457/7620MB (lfb 115x4MB) SWAP 1/3810MB (cached 0MB) CPU [0%@729,0%@729,0%@729,0%@729,0%@729,0%@729] GR3D_FREQ 0% cpu@43.406C soc2@42.093C soc0@43.468C gpu@44.437C tj@44.437C soc1@43.281C VDD_IN 5448mW/5893mW VDD_CPU_GPU_CV 480mW/672mW VDD_SOC 2800mW/2921mW
09-02-2026 15:59:54 RAM 1457/7620MB (lfb 115x4MB) SWAP 1/3810MB (cached 0MB) CPU [0%@729,0%@729,0%@729,0%@729,0%@729,0%@729] GR3D_FREQ 0% cpu@43.5C soc2@42.031C soc0@43.593C gpu@44.5C tj@44.5C soc1@43.312C VDD_IN 5448mW/5889mW VDD_CPU_GPU_CV 480mW/671mW VDD_SOC 2804mW/2920mW
09-02-2026 15:59:59 RAM 1457/7620MB (lfb 115x4MB) SWAP 1/3810MB (cached 0MB) CPU [0%@729,0%@729,0%@729,0%@729,0%@729,0%@729] GR3D_FREQ 0% cpu@43.593C soc2@42.187C soc0@43.468C gpu@44.093C tj@44.093C soc1@43.25C VDD_IN 5448mW/5886mW VDD_CPU_GPU_CV 480mW/670mW VDD_SOC 2804mW/2919mW
09-02-2026 16:00:04 RAM 1457/7620MB (lfb 115x4MB) SWAP 1/3810MB (cached 0MB) CPU [0%@729,0%@729,0%@729,0%@729,0%@729,0%@729] GR3D_FREQ 0% cpu@43.343C soc2@42.062C soc0@43.5C gpu@44.437C tj@44.437C soc1@43.218C VDD_IN 5448mW/5883mW VDD_CPU_GPU_CV 480mW/668mW VDD_SOC 2804mW/2918mW
09-02-2026 16:00:09 RAM 1457/7620MB (lfb 115x4MB) SWAP 1/3810MB (cached 0MB) CPU [0%@729,0%@729,0%@729,0%@729,0%@729,0%@729] GR3D_FREQ 0% cpu@43.281C soc2@41.968C soc0@43.375C gpu@44.093C tj@44.093C soc1@43.156C VDD_IN 5448mW/5880mW VDD_CPU_GPU_CV 480mW/667mW VDD_SOC 2804mW/2917mW
09-02-2026 16:00:14 RAM 1457/7620MB (lfb 115x4MB) SWAP 1/3810MB (cached 0MB) CPU [0%@729,0%@729,0%@729,0%@729,0%@729,0%@729] GR3D_FREQ 0% cpu@43.343C soc2@42.031C soc0@43.468C gpu@44.156C tj@44.156C soc1@43.156C VDD_IN 5448mW/5876mW VDD_CPU_GPU_CV 480mW/665mW VDD_SOC 2804mW/2916mW
09-02-2026 16:00:19 RAM 1457/7620MB (lfb 115x4MB) SWAP 1/3810MB (cached 0MB) CPU [0%@729,0%@729,0%@729,0%@729,0%@729,0%@729] GR3D_FREQ 0% cpu@43.218C soc2@41.968C soc0@43.531C gpu@44.218C tj@44.218C soc1@43.062C VDD_IN 5448mW/5873mW VDD_CPU_GPU_CV 480mW/664mW VDD_SOC 2804mW/2916mW
09-02-2026 16:00:24 RAM 1457/7620MB (lfb 115x4MB) SWAP 1/3810MB (cached 0MB) CPU [0%@729,0%@729,0%@729,0%@729,0%@729,0%@729] GR3D_FREQ 0% cpu@43.25C soc2@41.968C soc0@43.5C gpu@44.406C tj@44.125C soc1@43.25C VDD_IN 5448mW/5870mW VDD_CPU_GPU_CV 480mW/663mW VDD_SOC 2804mW/2915mW
09-02-2026 16:00:29 RAM 1460/7620MB (lfb 115x4MB) SWAP 1/3810MB (cached 0MB) CPU [3%@729,2%@729,1%@729,1%@729,0%@729,0%@729] GR3D_FREQ 0% cpu@43.437C soc2@42C soc0@43.343C gpu@44.437C tj@44.437C soc1@42.968C VDD_IN 5528mW/5868mW VDD_CPU_GPU_CV 520mW/662mW VDD_SOC 2804mW/2914mW
09-02-2026 16:00:34 RAM 1750/7620MB (lfb 115x4MB) SWAP 1/3810MB (cached 0MB) CPU [4%@1728,3%@1728,4%@1728,87%@1728,3%@729,3%@729] GR3D_FREQ 0% cpu@43.968C soc2@42.281C soc0@43.406C gpu@44.718C tj@44.718C soc1@43.375C VDD_IN 7291mW/5878mW VDD_CPU_GPU_CV 1280mW/666mW VDD_SOC 3405mW/2917mW
09-02-2026 16:00:39 RAM 1791/7620MB (lfb 116x4MB) SWAP 1/3810MB (cached 0MB) CPU [4%@1728,4%@1728,4%@1728,100%@1728,4%@729,4%@729] GR3D_FREQ 0% cpu@44.25C soc2@42.562C soc0@43.656C gpu@44.718C tj@44.718C soc1@43.437C VDD_IN 7451mW/5889mW VDD_CPU_GPU_CV 1520mW/672mW VDD_SOC 3325mW/2920mW
09-02-2026 16:00:44 RAM 1827/7620MB (lfb 116x4MB) SWAP 1/3810MB (cached 0MB) CPU [0%@729,0%@729,0%@729,26%@729,0%@729,0%@729] GR3D_FREQ 0% cpu@43.562C soc2@42.218C soc0@43.812C gpu@44.531C tj@44.531C soc1@43.375C VDD_IN 5488mW/5886mW VDD_CPU_GPU_CV 480mW/671mW VDD_SOC 2804mW/2920mW
09-02-2026 16:00:49 RAM 1617/7620MB (lfb 116x4MB) SWAP 1/3810MB (cached 0MB) CPU [5%@729,16%@729,4%@729,38%@729,6%@1728,4%@1728] GR3D_FREQ 0% cpu@44.468C soc2@42.593C soc0@43.718C gpu@45.156C tj@45.156C soc1@43.468C VDD_IN 7692mW/5899mW VDD_CPU_GPU_CV 1800mW/679mW VDD_SOC 3325mW/2922mW
09-02-2026 16:00:54 RAM 1827/7620MB (lfb 116x4MB) SWAP 1/3810MB (cached 0MB) CPU [0%@729,0%@729,0%@729,0%@729,100%@1728,0%@1728] GR3D_FREQ 0% cpu@44.562C soc2@42.687C soc0@44C gpu@45.062C tj@45.062C soc1@43.687C VDD_IN 7331mW/5909mW VDD_CPU_GPU_CV 1480mW/684mW VDD_SOC 3325mW/2925mW
09-02-2026 16:00:59 RAM 1940/7620MB (lfb 106x4MB) SWAP 1/3810MB (cached 0MB) CPU [2%@729,1%@729,1%@729,1%@729,75%@729,9%@729] GR3D_FREQ 0% cpu@44.031C soc2@42.656C soc0@44.062C gpu@45.187C tj@45.187C soc1@44.031C VDD_IN 5979mW/5909mW VDD_CPU_GPU_CV 642mW/684mW VDD_SOC 2969mW/2925mW
09-02-2026 16:01:04 RAM 2327/7620MB (lfb 86x4MB) SWAP 1/3810MB (cached 0MB) CPU [11%@729,15%@729,8%@729,6%@729,7%@729,18%@729] GR3D_FREQ 8% cpu@44.218C soc2@42.843C soc0@44.281C gpu@45.062C tj@45.062C soc1@43.937C VDD_IN 6279mW/5912mW VDD_CPU_GPU_CV 723mW/684mW VDD_SOC 3014mW/2926mW
09-02-2026 16:01:09 RAM 2327/7620MB (lfb 86x4MB) SWAP 1/3810MB (cached 0MB) CPU [9%@729,19%@729,25%@729,6%@729,10%@729,9%@729] GR3D_FREQ 20% cpu@44.343C soc2@42.875C soc0@44.187C gpu@45C tj@45C soc1@44.187C VDD_IN 6440mW/5915mW VDD_CPU_GPU_CV 803mW/685mW VDD_SOC 3054mW/2927mW
09-02-2026 16:01:14 RAM 2332/7620MB (lfb 86x4MB) SWAP 1/3810MB (cached 0MB) CPU [13%@729,29%@729,9%@729,8%@729,14%@729,12%@729] GR3D_FREQ 24% cpu@44.156C soc2@42.812C soc0@44.343C gpu@45.062C tj@45.062C soc1@44.062C VDD_IN 6279mW/5918mW VDD_CPU_GPU_CV 723mW/685mW VDD_SOC 3019mW/2927mW
09-02-2026 16:01:19 RAM 2332/7620MB (lfb 86x4MB) SWAP 1/3810MB (cached 0MB) CPU [23%@729,17%@729,19%@729,10%@729,8%@729,9%@729] GR3D_FREQ 18% cpu@44.5C soc2@42.843C soc0@44.218C gpu@45.125C tj@45.125C soc1@44.218C VDD_IN 6561mW/5922mW VDD_CPU_GPU_CV 884mW/686mW VDD_SOC 3094mW/2929mW
09-02-2026 16:01:24 RAM 2332/7620MB (lfb 86x4MB) SWAP 1/3810MB (cached 0MB) CPU [16%@729,18%@729,7%@729,20%@729,12%@729,8%@729] GR3D_FREQ 2% cpu@44.437C soc2@43C soc0@44.312C gpu@45.031C tj@45.031C soc1@44.187C VDD_IN 6279mW/5924mW VDD_CPU_GPU_CV 763mW/687mW VDD_SOC 3014mW/2929mW
09-02-2026 16:01:29 RAM 2331/7620MB (lfb 86x4MB) SWAP 1/3810MB (cached 0MB) CPU [4%@729,8%@729,8%@729,3%@729,5%@729,3%@729] GR3D_FREQ 0% cpu@44.218C soc2@42.875C soc0@44.25C gpu@45.093C tj@45.093C soc1@44.281C VDD_IN 5837mW/5924mW VDD_CPU_GPU_CV 562mW/686mW VDD_SOC 2893mW/2929mW
09-02-2026 16:01:34 RAM 2331/7620MB (lfb 86x4MB) SWAP 1/3810MB (cached 0MB) CPU [2%@729,1%@729,0%@729,1%@729,3%@729,1%@729] GR3D_FREQ 0% cpu@44.187C soc2@42.781C soc0@44.187C gpu@45.031C tj@45.031C soc1@44.187C VDD_IN 5827mW/5923mW VDD_CPU_GPU_CV 522mW/685mW VDD_SOC 2893mW/2929mW
09-02-2026 16:01:39 RAM 1713/7620MB (lfb 115x4MB) SWAP 1/3810MB (cached 0MB) CPU [9%@729,2%@729,5%@729,41%@729,51%@1728,2%@1728] GR3D_FREQ 0% cpu@45C soc2@43.093C soc0@44.531C gpu@45.406C tj@45.562C soc1@44.031C VDD_IN 7371mW/5933mW VDD_CPU_GPU_CV 1520mW/690mW VDD_SOC 3320mW/2931mW
09-02-2026 16:01:44 RAM 1452/7620MB (lfb 115x4MB) SWAP 1/3810MB (cached 0MB) CPU [3%@729,1%@729,2%@729,1%@729,57%@729,1%@729] GR3D_FREQ 0% cpu@44.281C soc2@43C soc0@44.468C gpu@45.125C tj@45.125C soc1@44C VDD_IN 5528mW/5930mW VDD_CPU_GPU_CV 480mW/689mW VDD_SOC 2800mW/2930mW
09-02-2026 16:01:49 RAM 1452/7620MB (lfb 115x4MB) SWAP 1/3810MB (cached 0MB) CPU [0%@729,0%@729,0%@729,0%@729,0%@729,0%@729] GR3D_FREQ 0% cpu@44.375C soc2@42.781C soc0@44.343C gpu@45.062C tj@45.062C soc1@44.031C VDD_IN 5488mW/5927mW VDD_CPU_GPU_CV 480mW/688mW VDD_SOC 2800mW/2930mW
09-02-2026 16:01:54 RAM 1452/7620MB (lfb 115x4MB) SWAP 1/3810MB (cached 0MB) CPU [0%@729,0%@729,0%@729,0%@729,0%@729,0%@729] GR3D_FREQ 0% cpu@44.375C soc2@42.875C soc0@44.25C gpu@45.093C tj@45.062C soc1@43.968C VDD_IN 5528mW/5925mW VDD_CPU_GPU_CV 480mW/686mW VDD_SOC 2804mW/2929mW
09-02-2026 16:01:59 RAM 1452/7620MB (lfb 115x4MB) SWAP 1/3810MB (cached 0MB) CPU [0%@729,0%@729,0%@729,0%@729,0%@729,0%@729] GR3D_FREQ 0% cpu@44.125C soc2@42.781C soc0@44.312C gpu@45.281C tj@45.281C soc1@43.906C VDD_IN 5488mW/5922mW VDD_CPU_GPU_CV 480mW/685mW VDD_SOC 2804mW/2928mW
09-02-2026 16:02:04 RAM 1452/7620MB (lfb 115x4MB) SWAP 1/3810MB (cached 0MB) CPU [0%@729,0%@729,0%@729,0%@729,0%@729,0%@729] GR3D_FREQ 0% cpu@44.062C soc2@42.812C soc0@44.281C gpu@45.062C tj@45.062C soc1@43.906C VDD_IN 5488mW/5919mW VDD_CPU_GPU_CV 480mW/684mW VDD_SOC 2804mW/2927mW
09-02-2026 16:02:09 RAM 1452/7620MB (lfb 115x4MB) SWAP 1/3810MB (cached 0MB) CPU [0%@729,0%@729,0%@729,0%@729,0%@729,0%@729] GR3D_FREQ 0% cpu@44C soc2@42.75C soc0@44.218C gpu@44.875C tj@44.875C soc1@43.906C VDD_IN 5488mW/5916mW VDD_CPU_GPU_CV 480mW/683mW VDD_SOC 2804mW/2926mW
09-02-2026 16:02:14 RAM 1452/7620MB (lfb 115x4MB) SWAP 1/3810MB (cached 0MB) CPU [0%@729,0%@729,0%@729,0%@729,0%@729,0%@729] GR3D_FREQ 0% cpu@44.125C soc2@42.718C soc0@44.156C gpu@45.281C tj@45.281C soc1@43.875C VDD_IN 5488mW/5914mW VDD_CPU_GPU_CV 480mW/681mW VDD_SOC 2800mW/2926mW
09-02-2026 16:02:19 RAM 1452/7620MB (lfb 115x4MB) SWAP 1/3810MB (cached 0MB) CPU [0%@729,0%@729,0%@729,0%@729,0%@729,0%@729] GR3D_FREQ 0% cpu@44C soc2@42.687C soc0@44.218C gpu@44.843C tj@44.843C soc1@43.812C VDD_IN 5488mW/5911mW VDD_CPU_GPU_CV 480mW/680mW VDD_SOC 2800mW/2925mW
09-02-2026 16:02:24 RAM 1452/7620MB (lfb 115x4MB) SWAP 1/3810MB (cached 0MB) CPU [0%@729,0%@729,0%@729,0%@729,0%@729,0%@729] GR3D_FREQ 0% cpu@44C soc2@42.625C soc0@44.062C gpu@45.156C tj@45.156C soc1@43.875C VDD_IN 5488mW/5908mW VDD_CPU_GPU_CV 480mW/679mW VDD_SOC 2800mW/2924mW
09-02-2026 16:02:29 RAM 1452/7620MB (lfb 115x4MB) SWAP 1/3810MB (cached 0MB) CPU [0%@729,0%@729,0%@729,0%@729,0%@729,0%@729] GR3D_FREQ 0% cpu@44.093C soc2@42.781C soc0@43.937C gpu@44.75C tj@44.75C soc1@43.75C VDD_IN 5448mW/5906mW VDD_CPU_GPU_CV 480mW/678mW VDD_SOC 2800mW/2923mW
09-02-2026 16:02:34 RAM 1452/7620MB (lfb 115x4MB) SWAP 1/3810MB (cached 0MB) CPU [0%@729,0%@729,0%@729,0%@729,0%@729,0%@729] GR3D_FREQ 0% cpu@44C soc2@42.718C soc0@44C gpu@45C tj@45C soc1@43.781C VDD_IN 5488mW/5903mW VDD_CPU_GPU_CV 480mW/676mW VDD_SOC 2804mW/2923mW
09-02-2026 16:02:39 RAM 1452/7620MB (lfb 115x4MB) SWAP 1/3810MB (cached 0MB) CPU [0%@729,0%@729,0%@729,0%@729,0%@729,0%@729] GR3D_FREQ 0% cpu@43.75C soc2@42.468C soc0@43.968C gpu@44.687C tj@44.687C soc1@43.593C VDD_IN 5448mW/5900mW VDD_CPU_GPU_CV 480mW/675mW VDD_SOC 2804mW/2922mW
09-02-2026 16:02:44 RAM 1461/7620MB (lfb 115x4MB) SWAP 1/3810MB (cached 0MB) CPU [3%@729,2%@729,1%@729,2%@729,1%@729,0%@729] GR3D_FREQ 0% cpu@43.718C soc2@42.343C soc0@43.843C gpu@44.781C tj@44.781C soc1@43.5C VDD_IN 5608mW/5899mW VDD_CPU_GPU_CV 560mW/675mW VDD_SOC 2804mW/2921mW
09-02-2026 16:02:49 RAM 1750/7620MB (lfb 115x4MB) SWAP 1/3810MB (cached 0MB) CPU [5%@1728,3%@1728,3%@1728,82%@1728,2%@729,3%@729] GR3D_FREQ 0% cpu@44.375C soc2@42.718C soc0@44C gpu@45.031C tj@45.031C soc1@43.75C VDD_IN 7411mW/5908mW VDD_CPU_GPU_CV 1360mW/679mW VDD_SOC 3400mW/2924mW
09-02-2026 16:02:54 RAM 1780/7620MB (lfb 115x4MB) SWAP 1/3810MB (cached 0MB) CPU [85%@1728,4%@1728,4%@1728,18%@1728,4%@729,4%@729] GR3D_FREQ 0% cpu@44.437C soc2@43C soc0@44.187C gpu@45.062C tj@45.062C soc1@43.906C VDD_IN 7491mW/5917mW VDD_CPU_GPU_CV 1520mW/684mW VDD_SOC 3365mW/2927mW
09-02-2026 16:02:59 RAM 1831/7620MB (lfb 115x4MB) SWAP 1/3810MB (cached 0MB) CPU [30%@729,1%@729,0%@729,0%@729,0%@729,0%@729] GR3D_FREQ 0% cpu@43.875C soc2@42.625C soc0@44.031C gpu@44.843C tj@44.843C soc1@43.843C VDD_IN 5488mW/5914mW VDD_CPU_GPU_CV 480mW/682mW VDD_SOC 2800mW/2926mW
09-02-2026 16:03:04 RAM 1505/7620MB (lfb 115x4MB) SWAP 1/3810MB (cached 0MB) CPU [38%@1728,12%@1728,3%@1728,2%@1728,3%@729,2%@729] GR3D_FREQ 0% cpu@44.375C soc2@42.937C soc0@44.187C gpu@45.093C tj@45.093C soc1@43.875C VDD_IN 7491mW/5924mW VDD_CPU_GPU_CV 1600mW/688mW VDD_SOC 3325mW/2928mW
09-02-2026 16:03:09 RAM 1820/7620MB (lfb 115x4MB) SWAP 1/3810MB (cached 0MB) CPU [1%@1728,100%@1728,1%@1728,1%@1728,1%@729,1%@729] GR3D_FREQ 0% cpu@44.781C soc2@43.187C soc0@44.187C gpu@45.125C tj@45.125C soc1@44.031C VDD_IN 7411mW/5932mW VDD_CPU_GPU_CV 1440mW/692mW VDD_SOC 3365mW/2931mW
09-02-2026 16:03:14 RAM 1943/7620MB (lfb 104x4MB) SWAP 1/3810MB (cached 0MB) CPU [8%@729,79%@729,1%@729,1%@729,2%@729,1%@729] GR3D_FREQ 0% cpu@44.312C soc2@43.031C soc0@44.406C gpu@45.125C tj@45.125C soc1@44.125C VDD_IN 6219mW/5934mW VDD_CPU_GPU_CV 722mW/692mW VDD_SOC 3049mW/2931mW
09-02-2026 16:03:19 RAM 2325/7620MB (lfb 88x4MB) SWAP 1/3810MB (cached 0MB) CPU [10%@729,14%@729,22%@729,6%@729,5%@729,6%@729] GR3D_FREQ 21% cpu@44.468C soc2@43.031C soc0@44.281C gpu@45.125C tj@45.125C soc1@44.312C VDD_IN 6279mW/5936mW VDD_CPU_GPU_CV 763mW/693mW VDD_SOC 3014mW/2932mW
09-02-2026 16:03:24 RAM 2325/7620MB (lfb 88x4MB) SWAP 1/3810MB (cached 0MB) CPU [14%@729,34%@729,12%@729,8%@729,8%@729,7%@729] GR3D_FREQ 0% cpu@44.625C soc2@43.062C soc0@44.468C gpu@45.468C tj@45.468C soc1@44.281C VDD_IN 6400mW/5939mW VDD_CPU_GPU_CV 803mW/693mW VDD_SOC 3054mW/2933mW
09-02-2026 16:03:29 RAM 2325/7620MB (lfb 88x4MB) SWAP 1/3810MB (cached 0MB) CPU [12%@729,26%@729,16%@729,10%@729,12%@729,8%@729] GR3D_FREQ 7% cpu@44.437C soc2@43.125C soc0@44.437C gpu@45.125C tj@45.125C soc1@44.406C VDD_IN 6279mW/5941mW VDD_CPU_GPU_CV 763mW/694mW VDD_SOC 3014mW/2933mW
09-02-2026 16:03:34 RAM 2325/7620MB (lfb 88x4MB) SWAP 1/3810MB (cached 0MB) CPU [9%@729,7%@729,8%@729,6%@729,32%@729,16%@729] GR3D_FREQ 16% cpu@44.562C soc2@43.062C soc0@44.656C gpu@45.437C tj@45.437C soc1@44.375C VDD_IN 6561mW/5944mW VDD_CPU_GPU_CV 884mW/695mW VDD_SOC 3094mW/2934mW
09-02-2026 16:03:39 RAM 2325/7620MB (lfb 88x4MB) SWAP 1/3810MB (cached 0MB) CPU [13%@729,9%@729,26%@729,7%@729,18%@729,9%@729] GR3D_FREQ 17% cpu@44.625C soc2@43.031C soc0@44.562C gpu@45.375C tj@45.375C soc1@44.468C VDD_IN 6279mW/5946mW VDD_CPU_GPU_CV 763mW/695mW VDD_SOC 3014mW/2934mW
09-02-2026 16:03:44 RAM 2324/7620MB (lfb 88x4MB) SWAP 1/3810MB (cached 0MB) CPU [5%@729,8%@729,12%@729,3%@729,2%@729,3%@729] GR3D_FREQ 6% cpu@44.312C soc2@43.093C soc0@44.406C gpu@45.406C tj@45.406C soc1@44.281C VDD_IN 5827mW/5945mW VDD_CPU_GPU_CV 562mW/694mW VDD_SOC 2893mW/2934mW
09-02-2026 16:03:49 RAM 2324/7620MB (lfb 88x4MB) SWAP 1/3810MB (cached 0MB) CPU [3%@729,1%@729,5%@729,1%@729,1%@729,1%@729] GR3D_FREQ 0% cpu@44.5C soc2@42.968C soc0@44.406C gpu@45.25C tj@45.25C soc1@44.375C VDD_IN 5827mW/5945mW VDD_CPU_GPU_CV 562mW/694mW VDD_SOC 2853mW/2934mW
09-02-2026 16:03:54 RAM 1708/7620MB (lfb 115x4MB) SWAP 1/3810MB (cached 0MB) CPU [52%@1728,41%@1728,2%@1728,5%@1728,7%@729,2%@729] GR3D_FREQ 0% cpu@45.125C soc2@43.625C soc0@44.781C gpu@45.562C tj@45.562C soc1@44.406C VDD_IN 7411mW/5953mW VDD_CPU_GPU_CV 1560mW/699mW VDD_SOC 3320mW/2936mW
09-02-2026 16:03:59 RAM 1452/7620MB (lfb 116x4MB) SWAP 1/3810MB (cached 0MB) CPU [46%@729,15%@729,1%@729,1%@729,1%@729,1%@729] GR3D_FREQ 0% cpu@44.75C soc2@43.187C soc0@44.531C gpu@45.406C tj@45.406C soc1@44.406C VDD_IN 5528mW/5950mW VDD_CPU_GPU_CV 480mW/697mW VDD_SOC 2800mW/2935mW
09-02-2026 16:04:04 RAM 1452/7620MB (lfb 116x4MB) SWAP 1/3810MB (cached 0MB) CPU [0%@729,0%@729,0%@729,0%@729,0%@729,0%@729] GR3D_FREQ 0% cpu@44.406C soc2@43.187C soc0@44.656C gpu@45.5C tj@45.5C soc1@44.375C VDD_IN 5488mW/5948mW VDD_CPU_GPU_CV 480mW/696mW VDD_SOC 2800mW/2934mW
09-02-2026 16:04:09 RAM 1452/7620MB (lfb 116x4MB) SWAP 1/3810MB (cached 0MB) CPU [0%@729,0%@729,0%@729,0%@729,0%@729,0%@729] GR3D_FREQ 0% cpu@44.5C soc2@43.187C soc0@44.687C gpu@45.312C tj@45.312C soc1@44.281C VDD_IN 5488mW/5945mW VDD_CPU_GPU_CV 480mW/695mW VDD_SOC 2804mW/2934mW
09-02-2026 16:04:14 RAM 1457/7620MB (lfb 116x4MB) SWAP 1/3810MB (cached 0MB) CPU [2%@729,1%@729,2%@729,3%@729,0%@729,1%@729] GR3D_FREQ 0% cpu@44.343C soc2@43.093C soc0@44.406C gpu@45.375C tj@45.375C soc1@44.25C VDD_IN 5689mW/5944mW VDD_CPU_GPU_CV 600mW/694mW VDD_SOC 2840mW/2933mW
09-02-2026 16:04:19 RAM 1744/7620MB (lfb 116x4MB) SWAP 1/3810MB (cached 0MB) CPU [5%@1728,78%@1728,5%@1728,4%@1728,3%@729,3%@729] GR3D_FREQ 0% cpu@44.812C soc2@43.437C soc0@44.718C gpu@45.5C tj@45.5C soc1@44.343C VDD_IN 7451mW/5952mW VDD_CPU_GPU_CV 1440mW/698mW VDD_SOC 3360mW/2935mW
09-02-2026 16:04:24 RAM 1772/7620MB (lfb 116x4MB) SWAP 1/3810MB (cached 0MB) CPU [4%@1728,99%@1728,4%@1728,4%@1728,4%@729,4%@729] GR3D_FREQ 0% cpu@45.375C soc2@43.562C soc0@44.656C gpu@45.593C tj@45.593C soc1@44.562C VDD_IN 7532mW/5961mW VDD_CPU_GPU_CV 1680mW/704mW VDD_SOC 3320mW/2938mW
09-02-2026 16:04:29 RAM 1824/7620MB (lfb 116x4MB) SWAP 1/3810MB (cached 0MB) CPU [0%@729,33%@729,0%@729,0%@729,1%@729,0%@729] GR3D_FREQ 0% cpu@44.562C soc2@43.25C soc0@44.875C gpu@45.5C tj@45.5C soc1@44.406C VDD_IN 5488mW/5958mW VDD_CPU_GPU_CV 480mW/703mW VDD_SOC 2800mW/2937mW
09-02-2026 16:04:34 RAM 1489/7620MB (lfb 116x4MB) SWAP 1/3810MB (cached 0MB) CPU [3%@1728,2%@1728,3%@1728,9%@1728,37%@729,2%@729] GR3D_FREQ 0% cpu@45.218C soc2@43.5C soc0@44.75C gpu@45.687C tj@45.687C soc1@44.531C VDD_IN 7572mW/5967mW VDD_CPU_GPU_CV 1680mW/708mW VDD_SOC 3325mW/2939mW
09-02-2026 16:04:39 RAM 1818/7620MB (lfb 116x4MB) SWAP 1/3810MB (cached 0MB) CPU [1%@1728,1%@1728,1%@1728,100%@1728,1%@729,1%@729] GR3D_FREQ 0% cpu@45.437C soc2@43.656C soc0@45C gpu@46.218C tj@46.218C soc1@44.562C VDD_IN 7451mW/5974mW VDD_CPU_GPU_CV 1480mW/712mW VDD_SOC 3360mW/2941mW
09-02-2026 16:04:44 RAM 2065/7620MB (lfb 85x4MB) SWAP 1/3810MB (cached 0MB) CPU [2%@729,1%@729,1%@729,89%@729,1%@729,1%@729] GR3D_FREQ 0% cpu@44.937C soc2@43.625C soc0@45C gpu@46.031C tj@46.031C soc1@44.843C VDD_IN 6460mW/5977mW VDD_CPU_GPU_CV 841mW/712mW VDD_SOC 3129mW/2942mW
09-02-2026 16:04:49 RAM 2462/7620MB (lfb 74x4MB) SWAP 1/3810MB (cached 0MB) CPU [7%@729,30%@729,8%@729,6%@729,4%@729,4%@729] GR3D_FREQ 15% cpu@45.093C soc2@43.687C soc0@45.156C gpu@46.093C tj@46.093C soc1@44.875C VDD_IN 6279mW/5978mW VDD_CPU_GPU_CV 763mW/713mW VDD_SOC 3014mW/2942mW
09-02-2026 16:04:54 RAM 2462/7620MB (lfb 74x4MB) SWAP 1/3810MB (cached 0MB) CPU [11%@729,25%@729,16%@729,15%@729,9%@729,8%@729] GR3D_FREQ 24% cpu@45.156C soc2@43.593C soc0@45C gpu@46C tj@46C soc1@44.906C VDD_IN 6521mW/5981mW VDD_CPU_GPU_CV 844mW/713mW VDD_SOC 3094mW/2943mW
09-02-2026 16:04:59 RAM 2462/7620MB (lfb 74x4MB) SWAP 1/3810MB (cached 0MB) CPU [12%@729,8%@729,19%@729,19%@729,9%@729,15%@729] GR3D_FREQ 14% cpu@44.937C soc2@43.593C soc0@44.906C gpu@45.781C tj@45.781C soc1@44.875C VDD_IN 6279mW/5983mW VDD_CPU_GPU_CV 763mW/714mW VDD_SOC 3014mW/2944mW
09-02-2026 16:05:04 RAM 2462/7620MB (lfb 74x4MB) SWAP 1/3810MB (cached 0MB) CPU [10%@729,7%@729,7%@729,36%@729,9%@729,10%@729] GR3D_FREQ 10% cpu@45.25C soc2@43.687C soc0@45.125C gpu@45.937C tj@45.937C soc1@44.906C VDD_IN 6712mW/5987mW VDD_CPU_GPU_CV 964mW/715mW VDD_SOC 3134mW/2945mW
09-02-2026 16:05:09 RAM 2462/7620MB (lfb 74x4MB) SWAP 1/3810MB (cached 0MB) CPU [8%@729,9%@729,8%@729,32%@729,8%@729,10%@729] GR3D_FREQ 1% cpu@44.937C soc2@43.687C soc0@45.062C gpu@45.718C tj@45.718C soc1@44.843C VDD_IN 6279mW/5988mW VDD_CPU_GPU_CV 763mW/715mW VDD_SOC 3014mW/2945mW
09-02-2026 16:05:14 RAM 2462/7620MB (lfb 74x4MB) SWAP 1/3810MB (cached 0MB) CPU [5%@729,11%@729,2%@729,6%@729,5%@729,4%@729] GR3D_FREQ 0% cpu@44.781C soc2@43.5C soc0@44.968C gpu@45.843C tj@45.843C soc1@44.937C VDD_IN 5877mW/5988mW VDD_CPU_GPU_CV 562mW/714mW VDD_SOC 2934mW/2945mW
09-02-2026 16:05:19 RAM 2462/7620MB (lfb 74x4MB) SWAP 1/3810MB (cached 0MB) CPU [3%@729,0%@729,0%@729,0%@729,6%@729,2%@729] GR3D_FREQ 0% cpu@44.812C soc2@43.562C soc0@44.843C gpu@45.593C tj@45.593C soc1@44.75C VDD_IN 5787mW/5986mW VDD_CPU_GPU_CV 562mW/714mW VDD_SOC 2853mW/2944mW
09-02-2026 16:05:24 RAM 1718/7620MB (lfb 115x4MB) SWAP 1/3810MB (cached 0MB) CPU [3%@1728,41%@1728,3%@1728,53%@1728,4%@729,2%@729] GR3D_FREQ 0% cpu@45.531C soc2@43.656C soc0@44.906C gpu@45.812C tj@45.937C soc1@44.875C VDD_IN 7411mW/5994mW VDD_CPU_GPU_CV 1520mW/718mW VDD_SOC 3320mW/2946mW
09-02-2026 16:05:29 RAM 1460/7620MB (lfb 115x4MB) SWAP 1/3810MB (cached 0MB) CPU [2%@729,14%@729,1%@729,48%@729,1%@729,1%@729] GR3D_FREQ 0% cpu@44.906C soc2@43.656C soc0@44.906C gpu@45.75C tj@45.75C soc1@44.562C VDD_IN 5528mW/5991mW VDD_CPU_GPU_CV 480mW/716mW VDD_SOC 2840mW/2946mW
09-02-2026 16:05:34 RAM 1460/7620MB (lfb 115x4MB) SWAP 1/3810MB (cached 0MB) CPU [0%@729,0%@729,1%@729,0%@729,0%@729,0%@729] GR3D_FREQ 0% cpu@44.812C soc2@43.375C soc0@44.75C gpu@45.781C tj@45.781C soc1@44.468C VDD_IN 5488mW/5989mW VDD_CPU_GPU_CV 480mW/715mW VDD_SOC 2800mW/2945mW
09-02-2026 16:05:39 RAM 1460/7620MB (lfb 115x4MB) SWAP 1/3810MB (cached 0MB) CPU [0%@729,0%@729,0%@729,0%@729,0%@729,0%@729] GR3D_FREQ 0% cpu@44.625C soc2@43.281C soc0@44.875C gpu@45.468C tj@45.468C soc1@44.437C VDD_IN 5488mW/5986mW VDD_CPU_GPU_CV 480mW/714mW VDD_SOC 2800mW/2944mW
09-02-2026 16:05:44 RAM 1460/7620MB (lfb 115x4MB) SWAP 1/3810MB (cached 0MB) CPU [0%@729,0%@729,1%@729,0%@729,0%@729,0%@729] GR3D_FREQ 0% cpu@44.75C soc2@43.343C soc0@44.656C gpu@45.406C tj@45.468C soc1@44.531C VDD_IN 5528mW/5984mW VDD_CPU_GPU_CV 520mW/713mW VDD_SOC 2800mW/2944mW
09-02-2026 16:05:49 RAM 1458/7620MB (lfb 115x4MB) SWAP 1/3810MB (cached 0MB) CPU [1%@729,0%@729,1%@729,0%@729,0%@729,0%@729] GR3D_FREQ 0% cpu@44.718C soc2@43.218C soc0@44.656C gpu@45.406C tj@45.406C soc1@44.531C VDD_IN 5488mW/5982mW VDD_CPU_GPU_CV 480mW/712mW VDD_SOC 2800mW/2943mW
09-02-2026 16:05:55 RAM 1458/7620MB (lfb 115x4MB) SWAP 1/3810MB (cached 0MB) CPU [0%@729,0%@729,0%@729,0%@729,0%@729,0%@729] GR3D_FREQ 0% cpu@44.812C soc2@43.062C soc0@44.625C gpu@45.406C tj@45.406C soc1@44.343C VDD_IN 5488mW/5979mW VDD_CPU_GPU_CV 480mW/711mW VDD_SOC 2800mW/2942mW
09-02-2026 16:06:00 RAM 1458/7620MB (lfb 115x4MB) SWAP 1/3810MB (cached 0MB) CPU [0%@729,0%@729,0%@729,0%@729,0%@729,0%@729] GR3D_FREQ 0% cpu@44.375C soc2@43.187C soc0@44.5C gpu@45.406C tj@45.218C soc1@44.25C VDD_IN 5488mW/5977mW VDD_CPU_GPU_CV 480mW/710mW VDD_SOC 2800mW/2942mW
09-02-2026 16:06:05 RAM 1458/7620MB (lfb 115x4MB) SWAP 1/3810MB (cached 0MB) CPU [0%@729,0%@729,0%@729,0%@729,0%@729,0%@729] GR3D_FREQ 0% cpu@44.312C soc2@43C soc0@44.562C gpu@45.218C tj@45.218C soc1@44.156C VDD_IN 5488mW/5974mW VDD_CPU_GPU_CV 480mW/709mW VDD_SOC 2804mW/2941mW
09-02-2026 16:06:10 RAM 1458/7620MB (lfb 115x4MB) SWAP 1/3810MB (cached 0MB) CPU [0%@729,0%@729,0%@729,0%@729,0%@729,0%@729] GR3D_FREQ 0% cpu@44.343C soc2@43C soc0@44.625C gpu@45.062C tj@45.062C soc1@44.062C VDD_IN 5488mW/5972mW VDD_CPU_GPU_CV 480mW/708mW VDD_SOC 2800mW/2940mW
09-02-2026 16:06:15 RAM 1458/7620MB (lfb 115x4MB) SWAP 1/3810MB (cached 0MB) CPU [0%@729,0%@729,0%@729,0%@729,0%@729,0%@729] GR3D_FREQ 0% cpu@44.218C soc2@42.843C soc0@44.437C gpu@45.187C tj@45.406C soc1@44.062C VDD_IN 5488mW/5970mW VDD_CPU_GPU_CV 480mW/707mW VDD_SOC 2804mW/2940mW
09-02-2026 16:06:20 RAM 1458/7620MB (lfb 115x4MB) SWAP 1/3810MB (cached 0MB) CPU [0%@729,0%@729,0%@729,0%@729,0%@729,0%@729] GR3D_FREQ 0% cpu@44.125C soc2@42.968C soc0@44.281C gpu@45.062C tj@45.062C soc1@44.125C VDD_IN 5448mW/5967mW VDD_CPU_GPU_CV 480mW/705mW VDD_SOC 2800mW/2939mW
09-02-2026 16:06:25 RAM 1458/7620MB (lfb 115x4MB) SWAP 1/3810MB (cached 0MB) CPU [0%@729,0%@729,0%@729,0%@729,0%@729,0%@729] GR3D_FREQ 0% cpu@44.281C soc2@42.906C soc0@44.343C gpu@45.343C tj@45.343C soc1@44.125C VDD_IN 5448mW/5965mW VDD_CPU_GPU_CV 480mW/704mW VDD_SOC 2800mW/2938mW
09-02-2026 16:06:30 RAM 1458/7620MB (lfb 115x4MB) SWAP 1/3810MB (cached 0MB) CPU [0%@729,0%@729,0%@729,0%@729,0%@729,0%@729] GR3D_FREQ 0% cpu@44.375C soc2@42.875C soc0@44.187C gpu@45.468C tj@45.468C soc1@44.031C VDD_IN 5488mW/5963mW VDD_CPU_GPU_CV 480mW/703mW VDD_SOC 2800mW/2938mW
09-02-2026 16:06:35 RAM 1458/7620MB (lfb 115x4MB) SWAP 1/3810MB (cached 0MB) CPU [0%@729,0%@729,0%@729,0%@729,0%@729,0%@729] GR3D_FREQ 0% cpu@44.312C soc2@42.906C soc0@44.343C gpu@45.125C tj@45.125C soc1@43.937C VDD_IN 5488mW/5960mW VDD_CPU_GPU_CV 480mW/702mW VDD_SOC 2800mW/2937mW
09-02-2026 16:06:40 RAM 1458/7620MB (lfb 115x4MB) SWAP 1/3810MB (cached 0MB) CPU [0%@729,0%@729,0%@729,0%@729,0%@729,0%@729] GR3D_FREQ 0% cpu@44.125C soc2@42.843C soc0@44.187C gpu@45.343C tj@45.343C soc1@43.906C VDD_IN 5488mW/5958mW VDD_CPU_GPU_CV 480mW/701mW VDD_SOC 2800mW/2936mW
09-02-2026 16:06:45 RAM 1458/7620MB (lfb 115x4MB) SWAP 1/3810MB (cached 0MB) CPU [0%@729,0%@729,0%@729,0%@729,0%@729,0%@729] GR3D_FREQ 0% cpu@44C soc2@42.75C soc0@44.281C gpu@44.906C tj@44.906C soc1@43.968C VDD_IN 5488mW/5956mW VDD_CPU_GPU_CV 480mW/700mW VDD_SOC 2800mW/2936mW
09-02-2026 16:06:50 RAM 1458/7620MB (lfb 115x4MB) SWAP 1/3810MB (cached 0MB) CPU [0%@729,0%@729,0%@729,0%@729,0%@729,0%@729] GR3D_FREQ 0% cpu@44.062C soc2@42.812C soc0@44.156C gpu@45.187C tj@45.187C soc1@43.843C VDD_IN 5488mW/5954mW VDD_CPU_GPU_CV 480mW/699mW VDD_SOC 2800mW/2935mW
09-02-2026 16:06:55 RAM 1469/7620MB (lfb 115x4MB) SWAP 1/3810MB (cached 0MB) CPU [4%@1728,2%@1728,7%@1728,1%@1728,1%@729,0%@729] GR3D_FREQ 0% cpu@44.625C soc2@42.781C soc0@44.093C gpu@45.156C tj@45.156C soc1@43.937C VDD_IN 6129mW/5955mW VDD_CPU_GPU_CV 840mW/700mW VDD_SOC 2960mW/2935mW
09-02-2026 16:07:00 RAM 1485/7620MB (lfb 115x4MB) SWAP 1/3810MB (cached 0MB) CPU [4%@1728,9%@1728,94%@1728,3%@1728,4%@729,4%@729] GR3D_FREQ 0% cpu@45C soc2@43.062C soc0@44.406C gpu@45.25C tj@45.25C soc1@44.093C VDD_IN 7451mW/5962mW VDD_CPU_GPU_CV 1560mW/704mW VDD_SOC 3325mW/2937mW
09-02-2026 16:07:05 RAM 1815/7620MB (lfb 115x4MB) SWAP 1/3810MB (cached 0MB) CPU [2%@1728,99%@1728,2%@1728,2%@1728,2%@729,3%@729] GR3D_FREQ 0% cpu@44.75C soc2@43.218C soc0@44.531C gpu@45.281C tj@45.281C soc1@44.156C VDD_IN 7411mW/5968mW VDD_CPU_GPU_CV 1440mW/707mW VDD_SOC 3360mW/2939mW
09-02-2026 16:07:10 RAM 1828/7620MB (lfb 115x4MB) SWAP 1/3810MB (cached 0MB) CPU [0%@729,10%@729,0%@729,0%@729,0%@729,0%@729] GR3D_FREQ 0% cpu@44.218C soc2@43C soc0@44.562C gpu@45.375C tj@45.375C soc1@44C VDD_IN 5488mW/5966mW VDD_CPU_GPU_CV 480mW/706mW VDD_SOC 2800mW/2938mW
09-02-2026 16:07:15 RAM 1690/7620MB (lfb 116x4MB) SWAP 1/3810MB (cached 0MB) CPU [4%@1728,4%@1728,38%@1728,34%@1728,4%@729,4%@729] GR3D_FREQ 0% cpu@45.375C soc2@43.281C soc0@44.468C gpu@45.5C tj@45.5C soc1@44.25C VDD_IN 7451mW/5973mW VDD_CPU_GPU_CV 1560mW/710mW VDD_SOC 3325mW/2940mW
09-02-2026 16:07:20 RAM 1835/7620MB (lfb 116x4MB) SWAP 1/3810MB (cached 0MB) CPU [0%@1728,1%@1728,0%@1728,100%@1728,0%@729,0%@729] GR3D_FREQ 0% cpu@45.156C soc2@43.375C soc0@44.625C gpu@45.531C tj@45.531C soc1@44.218C VDD_IN 7331mW/5979mW VDD_CPU_GPU_CV 1600mW/714mW VDD_SOC 3285mW/2942mW
09-02-2026 16:07:25 RAM 1969/7620MB (lfb 103x4MB) SWAP 1/3810MB (cached 0MB) CPU [3%@729,5%@729,1%@729,61%@729,2%@729,2%@729] GR3D_FREQ 6% cpu@44.531C soc2@43.343C soc0@44.687C gpu@45.406C tj@45.406C soc1@44.562C VDD_IN 5917mW/5979mW VDD_CPU_GPU_CV 562mW/713mW VDD_SOC 2934mW/2941mW
09-02-2026 16:07:30 RAM 2352/7620MB (lfb 79x4MB) SWAP 1/3810MB (cached 0MB) CPU [9%@729,8%@729,37%@729,9%@729,6%@729,5%@729] GR3D_FREQ 15% cpu@44.687C soc2@43.281C soc0@44.75C gpu@45.5C tj@45.5C soc1@44.5C VDD_IN 6763mW/5982mW VDD_CPU_GPU_CV 1004mW/715mW VDD_SOC 3134mW/2942mW
09-02-2026 16:07:35 RAM 2352/7620MB (lfb 79x4MB) SWAP 1/3810MB (cached 0MB) CPU [13%@729,16%@729,19%@729,18%@729,8%@729,7%@729] GR3D_FREQ 12% cpu@44.812C soc2@43.343C soc0@44.718C gpu@45.406C tj@45.406C soc1@44.625C VDD_IN 6279mW/5983mW VDD_CPU_GPU_CV 723mW/715mW VDD_SOC 3014mW/2943mW
09-02-2026 16:07:40 RAM 2353/7620MB (lfb 79x4MB) SWAP 1/3810MB (cached 0MB) CPU [11%@729,8%@729,22%@729,25%@729,8%@729,8%@729] GR3D_FREQ 11% cpu@44.781C soc2@43.5C soc0@44.812C gpu@45.937C tj@45.937C soc1@44.625C VDD_IN 7113mW/5988mW VDD_CPU_GPU_CV 1165mW/717mW VDD_SOC 3255mW/2944mW
09-02-2026 16:07:45 RAM 2353/7620MB (lfb 79x4MB) SWAP 1/3810MB (cached 0MB) CPU [11%@729,12%@729,11%@729,21%@729,11%@729,14%@729] GR3D_FREQ 22% cpu@44.875C soc2@43.468C soc0@44.781C gpu@45.468C tj@45.468C soc1@44.718C VDD_IN 6279mW/5990mW VDD_CPU_GPU_CV 763mW/717mW VDD_SOC 3014mW/2944mW
09-02-2026 16:07:50 RAM 2353/7620MB (lfb 79x4MB) SWAP 1/3810MB (cached 0MB) CPU [20%@729,8%@729,27%@729,7%@729,11%@729,8%@729] GR3D_FREQ 1% cpu@44.781C soc2@43.406C soc0@44.937C gpu@45.812C tj@45.812C soc1@44.593C VDD_IN 6279mW/5991mW VDD_CPU_GPU_CV 723mW/717mW VDD_SOC 3014mW/2945mW
09-02-2026 16:07:55 RAM 2353/7620MB (lfb 79x4MB) SWAP 1/3810MB (cached 0MB) CPU [3%@729,4%@729,5%@729,1%@729,2%@729,2%@729] GR3D_FREQ 0% cpu@44.906C soc2@43.187C soc0@44.781C gpu@45.875C tj@45.875C soc1@44.718C VDD_IN 5796mW/5990mW VDD_CPU_GPU_CV 522mW/716mW VDD_SOC 2853mW/2944mW
09-02-2026 16:08:00 RAM 2353/7620MB (lfb 79x4MB) SWAP 1/3810MB (cached 0MB) CPU [2%@1728,3%@1728,17%@1728,1%@1728,0%@729,1%@729] GR3D_FREQ 0% cpu@45.406C soc2@43.468C soc0@44.812C gpu@45.875C tj@45.875C soc1@44.656C VDD_IN 7194mW/5995mW VDD_CPU_GPU_CV 1044mW/717mW VDD_SOC 3335mW/2946mW
09-02-2026 16:08:05 RAM 1747/7620MB (lfb 113x4MB) SWAP 1/3810MB (cached 0MB) CPU [6%@729,4%@729,24%@729,5%@729,72%@1728,2%@1728] GR3D_FREQ 0% cpu@45.625C soc2@43.75C soc0@45.031C gpu@45.937C tj@45.937C soc1@44.781C VDD_IN 7411mW/6001mW VDD_CPU_GPU_CV 1520mW/721mW VDD_SOC 3320mW/2948mW
09-02-2026 16:08:10 RAM 1455/7620MB (lfb 113x4MB) SWAP 1/3810MB (cached 0MB) CPU [1%@729,2%@729,2%@729,1%@729,36%@729,2%@729] GR3D_FREQ 0% cpu@44.906C soc2@43.656C soc0@45C gpu@45.937C tj@45.937C soc1@44.687C VDD_IN 5488mW/5999mW VDD_CPU_GPU_CV 480mW/720mW VDD_SOC 2804mW/2947mW
09-02-2026 16:08:15 RAM 1455/7620MB (lfb 113x4MB) SWAP 1/3810MB (cached 0MB) CPU [0%@729,0%@729,0%@729,0%@729,0%@729,0%@729] GR3D_FREQ 0% cpu@44.718C soc2@43.468C soc0@45.062C gpu@46.125C tj@46.125C soc1@44.687C VDD_IN 5528mW/5997mW VDD_CPU_GPU_CV 480mW/719mW VDD_SOC 2804mW/2946mW
09-02-2026 16:08:20 RAM 1455/7620MB (lfb 113x4MB) SWAP 1/3810MB (cached 0MB) CPU [0%@729,0%@729,0%@729,0%@729,0%@729,0%@729] GR3D_FREQ 0% cpu@44.656C soc2@43.437C soc0@45C gpu@45.812C tj@45.812C soc1@44.593C VDD_IN 5488mW/5995mW VDD_CPU_GPU_CV 480mW/718mW VDD_SOC 2800mW/2946mW
09-02-2026 16:08:25 RAM 1455/7620MB (lfb 113x4MB) SWAP 1/3810MB (cached 0MB) CPU [0%@729,0%@729,0%@729,0%@729,0%@729,0%@729] GR3D_FREQ 0% cpu@44.75C soc2@43.343C soc0@44.906C gpu@45.937C tj@45.937C soc1@44.656C VDD_IN 5488mW/5993mW VDD_CPU_GPU_CV 480mW/717mW VDD_SOC 2804mW/2945mW
09-02-2026 16:08:30 RAM 1455/7620MB (lfb 113x4MB) SWAP 1/3810MB (cached 0MB) CPU [0%@729,0%@729,0%@729,0%@729,0%@729,0%@729] GR3D_FREQ 0% cpu@44.75C soc2@43.343C soc0@44.75C gpu@45.406C tj@45.406C soc1@44.531C VDD_IN 5488mW/5991mW VDD_CPU_GPU_CV 480mW/716mW VDD_SOC 2800mW/2944mW
09-02-2026 16:08:35 RAM 1455/7620MB (lfb 113x4MB) SWAP 1/3810MB (cached 0MB) CPU [0%@729,0%@729,0%@729,0%@729,0%@729,0%@729] GR3D_FREQ 0% cpu@44.843C soc2@43.343C soc0@44.718C gpu@45.781C tj@45.781C soc1@44.5C VDD_IN 5488mW/5989mW VDD_CPU_GPU_CV 480mW/715mW VDD_SOC 2800mW/2944mW
09-02-2026 16:08:40 RAM 1455/7620MB (lfb 113x4MB) SWAP 1/3810MB (cached 0MB) CPU [0%@729,0%@729,0%@729,0%@729,0%@729,0%@729] GR3D_FREQ 0% cpu@44.562C soc2@43.343C soc0@44.687C gpu@45.531C tj@45.531C soc1@44.375C VDD_IN 5488mW/5986mW VDD_CPU_GPU_CV 480mW/714mW VDD_SOC 2804mW/2943mW
09-02-2026 16:08:45 RAM 1455/7620MB (lfb 113x4MB) SWAP 1/3810MB (cached 0MB) CPU [0%@729,0%@729,0%@729,0%@729,0%@729,0%@729] GR3D_FREQ 0% cpu@44.531C soc2@43.218C soc0@44.718C gpu@45.625C tj@45.625C soc1@44.375C VDD_IN 5488mW/5984mW VDD_CPU_GPU_CV 480mW/713mW VDD_SOC 2804mW/2943mW
09-02-2026 16:08:50 RAM 1456/7620MB (lfb 113x4MB) SWAP 1/3810MB (cached 0MB) CPU [1%@729,0%@729,0%@729,0%@729,0%@729,0%@729] GR3D_FREQ 0% cpu@44.312C soc2@43.156C soc0@44.562C gpu@45.312C tj@45.312C soc1@44.218C VDD_IN 5488mW/5982mW VDD_CPU_GPU_CV 480mW/712mW VDD_SOC 2800mW/2942mW
09-02-2026 16:08:55 RAM 1456/7620MB (lfb 113x4MB) SWAP 1/3810MB (cached 0MB) CPU [0%@729,0%@729,0%@729,0%@729,0%@729,0%@729] GR3D_FREQ 0% cpu@44.375C soc2@43.062C soc0@44.5C gpu@45.25C tj@45.25C soc1@44.25C VDD_IN 5488mW/5980mW VDD_CPU_GPU_CV 480mW/711mW VDD_SOC 2800mW/2942mW
09-02-2026 16:09:00 RAM 1458/7620MB (lfb 113x4MB) SWAP 1/3810MB (cached 0MB) CPU [0%@729,0%@729,0%@729,0%@729,0%@729,0%@729] GR3D_FREQ 0% cpu@44.343C soc2@43C soc0@44.468C gpu@45.156C tj@45.156C soc1@44.125C VDD_IN 5528mW/5978mW VDD_CPU_GPU_CV 520mW/710mW VDD_SOC 2804mW/2941mW
09-02-2026 16:09:05 RAM 1729/7620MB (lfb 114x4MB) SWAP 1/3810MB (cached 0MB) CPU [7%@1728,63%@1728,5%@1728,4%@1728,3%@729,3%@729] GR3D_FREQ 0% cpu@44.968C soc2@43.218C soc0@44.375C gpu@45.312C tj@45.312C soc1@44.25C VDD_IN 7411mW/5984mW VDD_CPU_GPU_CV 1600mW/714mW VDD_SOC 3285mW/2942mW
09-02-2026 16:09:10 RAM 1738/7620MB (lfb 115x4MB) SWAP 1/3810MB (cached 0MB) CPU [65%@1728,37%@1728,2%@1728,2%@1728,3%@729,2%@729] GR3D_FREQ 0% cpu@44.843C soc2@43.468C soc0@44.656C gpu@45.843C tj@45.843C soc1@44.312C VDD_IN 7411mW/5990mW VDD_CPU_GPU_CV 1480mW/717mW VDD_SOC 3320mW/2944mW
09-02-2026 16:09:15 RAM 1833/7620MB (lfb 115x4MB) SWAP 1/3810MB (cached 0MB) CPU [52%@729,1%@729,1%@729,1%@729,1%@729,1%@729] GR3D_FREQ 0% cpu@44.593C soc2@43.125C soc0@44.593C gpu@45.218C tj@45.218C soc1@44.312C VDD_IN 5488mW/5988mW VDD_CPU_GPU_CV 480mW/716mW VDD_SOC 2804mW/2943mW
09-02-2026 16:09:20 RAM 1833/7620MB (lfb 115x4MB) SWAP 1/3810MB (cached 0MB) CPU [2%@729,0%@729,0%@729,0%@729,25%@1728,0%@1728] GR3D_FREQ 0% cpu@44.968C soc2@43.25C soc0@44.562C gpu@45.406C tj@45.406C soc1@44.343C VDD_IN 7171mW/5993mW VDD_CPU_GPU_CV 1160mW/718mW VDD_SOC 3360mW/2945mW
09-02-2026 16:09:25 RAM 1802/7620MB (lfb 115x4MB) SWAP 1/3810MB (cached 0MB) CPU [92%@1728,4%@1728,4%@1728,4%@1728,11%@729,4%@729] GR3D_FREQ 0% cpu@45.125C soc2@43.656C soc0@44.718C gpu@45.593C tj@45.593C soc1@44.593C VDD_IN 7451mW/5999mW VDD_CPU_GPU_CV 1520mW/721mW VDD_SOC 3325mW/2947mW
09-02-2026 16:09:30 RAM 2126/7620MB (lfb 84x4MB) SWAP 1/3810MB (cached 0MB) CPU [97%@1728,3%@1728,1%@1728,1%@1728,1%@729,1%@729] GR3D_FREQ 0% cpu@45.125C soc2@43.718C soc0@44.875C gpu@46.218C tj@46.218C soc1@44.593C VDD_IN 7491mW/6005mW VDD_CPU_GPU_CV 1600mW/725mW VDD_SOC 3325mW/2948mW
09-02-2026 16:09:35 RAM 2345/7620MB (lfb 79x4MB) SWAP 1/3810MB (cached 0MB) CPU [9%@729,20%@729,3%@729,3%@729,11%@729,2%@729] GR3D_FREQ 16% cpu@44.718C soc2@43.437C soc0@44.937C gpu@45.625C tj@45.625C soc1@44.75C VDD_IN 6320mW/6006mW VDD_CPU_GPU_CV 763mW/725mW VDD_SOC 3014mW/2948mW
09-02-2026 16:09:40 RAM 2344/7620MB (lfb 79x4MB) SWAP 1/3810MB (cached 0MB) CPU [25%@729,12%@729,14%@729,8%@729,14%@729,9%@729] GR3D_FREQ 10% cpu@45C soc2@43.5C soc0@44.843C gpu@45.937C tj@45.937C soc1@44.812C VDD_IN 6279mW/6007mW VDD_CPU_GPU_CV 723mW/725mW VDD_SOC 3014mW/2949mW
09-02-2026 16:09:45 RAM 2344/7620MB (lfb 79x4MB) SWAP 1/3810MB (cached 0MB) CPU [12%@729,21%@729,21%@729,13%@729,12%@729,9%@729] GR3D_FREQ 26% cpu@44.906C soc2@43.593C soc0@45.031C gpu@45.875C tj@45.875C soc1@44.781C VDD_IN 6360mW/6009mW VDD_CPU_GPU_CV 803mW/725mW VDD_SOC 3014mW/2949mW
09-02-2026 16:09:50 RAM 2345/7620MB (lfb 79x4MB) SWAP 1/3810MB (cached 0MB) CPU [8%@729,35%@729,6%@729,6%@729,7%@729,10%@729] GR3D_FREQ 6% cpu@45.125C soc2@43.562C soc0@44.968C gpu@46.031C tj@46.031C soc1@44.906C VDD_IN 6279mW/6010mW VDD_CPU_GPU_CV 763mW/725mW VDD_SOC 3014mW/2949mW
09-02-2026 16:09:55 RAM 2345/7620MB (lfb 79x4MB) SWAP 1/3810MB (cached 0MB) CPU [9%@729,37%@729,7%@729,7%@729,10%@729,8%@729] GR3D_FREQ 6% cpu@45.062C soc2@43.593C soc0@45.093C gpu@45.906C tj@45.906C soc1@44.812C VDD_IN 6400mW/6011mW VDD_CPU_GPU_CV 803mW/725mW VDD_SOC 3054mW/2950mW
09-02-2026 16:10:00 RAM 2345/7620MB (lfb 79x4MB) SWAP 1/3810MB (cached 0MB) CPU [6%@729,14%@729,11%@729,3%@729,5%@729,7%@729] GR3D_FREQ 0% cpu@44.812C soc2@43.625C soc0@45.031C gpu@45.781C tj@45.781C soc1@44.875C VDD_IN 5877mW/6011mW VDD_CPU_GPU_CV 562mW/725mW VDD_SOC 2934mW/2950mW
09-02-2026 16:10:05 RAM 2345/7620MB (lfb 79x4MB) SWAP 1/3810MB (cached 0MB) CPU [2%@729,1%@729,0%@729,0%@729,1%@729,3%@729] GR3D_FREQ 0% cpu@44.843C soc2@43.531C soc0@45.062C gpu@45.656C tj@45.656C soc1@44.812C VDD_IN 5837mW/6010mW VDD_CPU_GPU_CV 562mW/724mW VDD_SOC 2934mW/2949mW
09-02-2026 16:10:10 RAM 1679/7620MB (lfb 114x4MB) SWAP 1/3810MB (cached 0MB) CPU [3%@1728,4%@1728,3%@1728,5%@1728,71%@1728,3%@1728] GR3D_FREQ 0% cpu@45.843C soc2@43.843C soc0@45.093C gpu@46.062C tj@46.062C soc1@44.812C VDD_IN 7491mW/6016mW VDD_CPU_GPU_CV 1560mW/727mW VDD_SOC 3320mW/2951mW
09-02-2026 16:10:15 RAM 1454/7620MB (lfb 115x4MB) SWAP 1/3810MB (cached 0MB) CPU [2%@729,15%@729,2%@729,1%@729,65%@729,1%@729] GR3D_FREQ 0% cpu@45C soc2@43.812C soc0@45.187C gpu@45.906C tj@45.906C soc1@44.75C VDD_IN 5689mW/6015mW VDD_CPU_GPU_CV 560mW/727mW VDD_SOC 2920mW/2951mW
09-02-2026 16:10:20 RAM 1451/7620MB (lfb 115x4MB) SWAP 1/3810MB (cached 0MB) CPU [2%@729,1%@729,2%@729,0%@729,0%@729,0%@729] GR3D_FREQ 0% cpu@44.843C soc2@43.531C soc0@45.218C gpu@46.093C tj@46.093C soc1@44.656C VDD_IN 5488mW/6012mW VDD_CPU_GPU_CV 480mW/726mW VDD_SOC 2800mW/2950mW
09-02-2026 16:10:25 RAM 1451/7620MB (lfb 115x4MB) SWAP 1/3810MB (cached 0MB) CPU [0%@729,0%@729,0%@729,0%@729,0%@729,0%@729] GR3D_FREQ 0% cpu@44.75C soc2@43.531C soc0@45.125C gpu@45.75C tj@45.75C soc1@44.562C VDD_IN 5488mW/6010mW VDD_CPU_GPU_CV 480mW/725mW VDD_SOC 2800mW/2950mW
09-02-2026 16:10:30 RAM 1451/7620MB (lfb 115x4MB) SWAP 1/3810MB (cached 0MB) CPU [0%@729,0%@729,0%@729,0%@729,0%@729,0%@729] GR3D_FREQ 0% cpu@44.718C soc2@43.437C soc0@45C gpu@45.593C tj@45.593C soc1@44.625C VDD_IN 5488mW/6008mW VDD_CPU_GPU_CV 480mW/724mW VDD_SOC 2800mW/2949mW
09-02-2026 16:10:35 RAM 1451/7620MB (lfb 115x4MB) SWAP 1/3810MB (cached 0MB) CPU [0%@729,0%@729,0%@729,0%@729,0%@729,0%@729] GR3D_FREQ 0% cpu@44.875C soc2@43.375C soc0@44.968C gpu@45.687C tj@45.687C soc1@44.625C VDD_IN 5488mW/6006mW VDD_CPU_GPU_CV 480mW/723mW VDD_SOC 2804mW/2948mW
09-02-2026 16:10:40 RAM 1671/7620MB (lfb 115x4MB) SWAP 1/3810MB (cached 0MB) CPU [6%@1728,30%@1728,6%@1728,4%@1728,3%@729,3%@729] GR3D_FREQ 0% cpu@45.281C soc2@43.687C soc0@45C gpu@45.812C tj@45.812C soc1@44.625C VDD_IN 7451mW/6012mW VDD_CPU_GPU_CV 1640mW/727mW VDD_SOC 3285mW/2950mW
09-02-2026 16:10:45 RAM 1681/7620MB (lfb 115x4MB) SWAP 1/3810MB (cached 0MB) CPU [3%@1728,100%@1728,2%@1728,2%@1728,3%@729,3%@729] GR3D_FREQ 0% cpu@45.5C soc2@43.75C soc0@45.031C gpu@46.406C tj@46.406C soc1@44.781C VDD_IN 7572mW/6018mW VDD_CPU_GPU_CV 1640mW/730mW VDD_SOC 3320mW/2951mW
09-02-2026 16:10:50 RAM 1825/7620MB (lfb 115x4MB) SWAP 1/3810MB (cached 0MB) CPU [1%@729,84%@729,1%@729,1%@729,1%@729,1%@729] GR3D_FREQ 0% cpu@45.093C soc2@43.687C soc0@45.093C gpu@45.875C tj@45.875C soc1@44.75C VDD_IN 5849mW/6017mW VDD_CPU_GPU_CV 640mW/730mW VDD_SOC 2960mW/2951mW
09-02-2026 16:10:55 RAM 1825/7620MB (lfb 115x4MB) SWAP 1/3810MB (cached 0MB) CPU [0%@729,1%@729,0%@729,0%@729,0%@729,0%@729] GR3D_FREQ 0% cpu@44.781C soc2@43.562C soc0@45.062C gpu@46.125C tj@46.125C soc1@44.781C VDD_IN 5488mW/6015mW VDD_CPU_GPU_CV 480mW/729mW VDD_SOC 2804mW/2951mW
09-02-2026 16:11:00 RAM 1718/7620MB (lfb 115x4MB) SWAP 1/3810MB (cached 0MB) CPU [58%@1728,38%@1728,4%@1728,4%@1728,4%@729,4%@729] GR3D_FREQ 0% cpu@45.75C soc2@43.968C soc0@45.156C gpu@46.093C tj@46.093C soc1@44.812C VDD_IN 7411mW/6020mW VDD_CPU_GPU_CV 1520mW/732mW VDD_SOC 3325mW/2952mW
09-02-2026 16:11:05 RAM 1860/7620MB (lfb 115x4MB) SWAP 1/3810MB (cached 0MB) CPU [100%@1728,1%@1728,1%@1728,1%@1728,1%@729,1%@729] GR3D_FREQ 0% cpu@45.875C soc2@44.156C soc0@45.187C gpu@46.531C tj@46.531C soc1@45.062C VDD_IN 7451mW/6026mW VDD_CPU_GPU_CV 1560mW/735mW VDD_SOC 3325mW/2953mW
09-02-2026 16:11:10 RAM 2211/7620MB (lfb 98x4MB) SWAP 1/3810MB (cached 0MB) CPU [33%@729,11%@729,2%@729,2%@729,0%@1728,7%@1728] GR3D_FREQ 74% cpu@45.687C soc2@43.937C soc0@45.406C gpu@46.437C tj@46.437C soc1@45.187C VDD_IN 7556mW/6032mW VDD_CPU_GPU_CV 1444mW/737mW VDD_SOC 3335mW/2955mW
09-02-2026 16:11:15 RAM 2326/7620MB (lfb 85x4MB) SWAP 1/3810MB (cached 0MB) CPU [31%@729,8%@729,9%@729,12%@729,9%@729,12%@729] GR3D_FREQ 4% cpu@45.531C soc2@43.812C soc0@45.343C gpu@46.125C tj@46.125C soc1@45.218C VDD_IN 6320mW/6033mW VDD_CPU_GPU_CV 763mW/738mW VDD_SOC 3019mW/2955mW
09-02-2026 16:11:20 RAM 2326/7620MB (lfb 85x4MB) SWAP 1/3810MB (cached 0MB) CPU [22%@729,26%@729,10%@729,6%@729,10%@729,10%@729] GR3D_FREQ 15% cpu@45.218C soc2@43.843C soc0@45.187C gpu@46.156C tj@46.156C soc1@45.218C VDD_IN 6279mW/6034mW VDD_CPU_GPU_CV 763mW/738mW VDD_SOC 3019mW/2955mW
09-02-2026 16:11:25 RAM 2327/7620MB (lfb 85x4MB) SWAP 1/3810MB (cached 0MB) CPU [15%@729,13%@729,17%@729,16%@729,9%@729,10%@729] GR3D_FREQ 20% cpu@45.125C soc2@43.812C soc0@45.156C gpu@46.125C tj@46.125C soc1@45.281C VDD_IN 6360mW/6035mW VDD_CPU_GPU_CV 763mW/738mW VDD_SOC 3014mW/2956mW
09-02-2026 16:11:30 RAM 2327/7620MB (lfb 85x4MB) SWAP 1/3810MB (cached 0MB) CPU [10%@729,7%@729,21%@729,21%@729,10%@729,10%@729] GR3D_FREQ 13% cpu@45.343C soc2@43.843C soc0@45.156C gpu@46.062C tj@46.062C soc1@45.125C VDD_IN 6279mW/6036mW VDD_CPU_GPU_CV 763mW/738mW VDD_SOC 3019mW/2956mW
09-02-2026 16:11:35 RAM 2327/7620MB (lfb 85x4MB) SWAP 1/3810MB (cached 0MB) CPU [13%@729,19%@729,16%@729,12%@729,9%@729,8%@729] GR3D_FREQ 6% cpu@45.125C soc2@43.843C soc0@45.312C gpu@46.406C tj@46.406C soc1@45.218C VDD_IN 6118mW/6036mW VDD_CPU_GPU_CV 683mW/738mW VDD_SOC 2978mW/2956mW
09-02-2026 16:11:40 RAM 2327/7620MB (lfb 85x4MB) SWAP 1/3810MB (cached 0MB) CPU [2%@729,0%@729,1%@729,0%@729,2%@729,3%@729] GR3D_FREQ 8% cpu@45.281C soc2@43.781C soc0@45.156C gpu@45.875C tj@45.875C soc1@45.093C VDD_IN 5796mW/6035mW VDD_CPU_GPU_CV 562mW/737mW VDD_SOC 2853mW/2956mW
09-02-2026 16:11:45 RAM 1924/7620MB (lfb 107x4MB) SWAP 1/3810MB (cached 0MB) CPU [1%@1728,0%@1728,1%@1728,39%@1728,1%@729,2%@729] GR3D_FREQ 0% cpu@45.593C soc2@44.031C soc0@45.218C gpu@46.468C tj@46.468C soc1@45.281C VDD_IN 7515mW/6040mW VDD_CPU_GPU_CV 1326mW/739mW VDD_SOC 3416mW/2957mW
09-02-2026 16:11:50 RAM 1453/7620MB (lfb 113x4MB) SWAP 1/3810MB (cached 0MB) CPU [5%@1728,6%@1728,4%@1728,6%@1728,96%@729,2%@729] GR3D_FREQ 0% cpu@45.843C soc2@44.156C soc0@45.375C gpu@46.281C tj@46.281C soc1@45.187C VDD_IN 7291mW/6045mW VDD_CPU_GPU_CV 1280mW/741mW VDD_SOC 3360mW/2959mW
09-02-2026 16:11:55 RAM 1450/7620MB (lfb 113x4MB) SWAP 1/3810MB (cached 0MB) CPU [1%@729,1%@729,1%@729,1%@729,13%@729,1%@729] GR3D_FREQ 0% cpu@45.218C soc2@43.812C soc0@45.531C gpu@46.031C tj@46.031C soc1@44.968C VDD_IN 5488mW/6043mW VDD_CPU_GPU_CV 480mW/740mW VDD_SOC 2800mW/2958mW
09-02-2026 16:12:00 RAM 1450/7620MB (lfb 113x4MB) SWAP 1/3810MB (cached 0MB) CPU [0%@729,0%@729,0%@729,0%@729,0%@729,0%@729] GR3D_FREQ 0% cpu@45.062C soc2@43.843C soc0@45.343C gpu@46.093C tj@46.093C soc1@45C VDD_IN 5488mW/6041mW VDD_CPU_GPU_CV 480mW/739mW VDD_SOC 2804mW/2958mW
09-02-2026 16:12:05 RAM 1450/7620MB (lfb 113x4MB) SWAP 1/3810MB (cached 0MB) CPU [0%@729,0%@729,0%@729,0%@729,0%@729,0%@729] GR3D_FREQ 0% cpu@45.093C soc2@43.781C soc0@45.125C gpu@45.875C tj@46.125C soc1@44.875C VDD_IN 5488mW/6039mW VDD_CPU_GPU_CV 480mW/738mW VDD_SOC 2804mW/2957mW
09-02-2026 16:12:10 RAM 1450/7620MB (lfb 113x4MB) SWAP 1/3810MB (cached 0MB) CPU [0%@729,0%@729,0%@729,0%@729,0%@729,0%@729] GR3D_FREQ 0% cpu@45C soc2@43.687C soc0@45.25C gpu@45.718C tj@45.718C soc1@44.781C VDD_IN 5488mW/6037mW VDD_CPU_GPU_CV 480mW/737mW VDD_SOC 2804mW/2956mW
09-02-2026 16:12:15 RAM 1450/7620MB (lfb 113x4MB) SWAP 1/3810MB (cached 0MB) CPU [0%@729,0%@729,0%@729,0%@729,0%@729,0%@729] GR3D_FREQ 0% cpu@44.781C soc2@43.625C soc0@45.093C gpu@45.718C tj@45.718C soc1@44.718C VDD_IN 5488mW/6035mW VDD_CPU_GPU_CV 480mW/736mW VDD_SOC 2804mW/2956mW
09-02-2026 16:12:20 RAM 1450/7620MB (lfb 113x4MB) SWAP 1/3810MB (cached 0MB) CPU [0%@729,0%@729,0%@729,0%@729,0%@729,0%@729] GR3D_FREQ 0% cpu@44.875C soc2@43.5C soc0@45.031C gpu@45.812C tj@45.812C soc1@44.781C VDD_IN 5488mW/6033mW VDD_CPU_GPU_CV 480mW/736mW VDD_SOC 2804mW/2955mW
09-02-2026 16:12:25 RAM 1457/7620MB (lfb 113x4MB) SWAP 1/3810MB (cached 0MB) CPU [1%@729,1%@729,1%@729,2%@729,0%@729,0%@729] GR3D_FREQ 0% cpu@44.906C soc2@43.593C soc0@44.875C gpu@45.875C tj@45.875C soc1@44.593C VDD_IN 5568mW/6031mW VDD_CPU_GPU_CV 520mW/735mW VDD_SOC 2804mW/2955mW
09-02-2026 16:12:30 RAM 1755/7620MB (lfb 113x4MB) SWAP 1/3810MB (cached 0MB) CPU [91%@1728,3%@1728,5%@1728,3%@1728,3%@729,3%@729] GR3D_FREQ 0% cpu@45.5C soc2@43.812C soc0@45.093C gpu@46.031C tj@46.031C soc1@44.875C VDD_IN 7291mW/6036mW VDD_CPU_GPU_CV 1240mW/737mW VDD_SOC 3400mW/2956mW
09-02-2026 16:12:35 RAM 1800/7620MB (lfb 113x4MB) SWAP 1/3810MB (cached 0MB) CPU [100%@1728,4%@1728,4%@1728,4%@1728,4%@729,4%@729] GR3D_FREQ 0% cpu@45.781C soc2@44.062C soc0@45.156C gpu@46.218C tj@46.218C soc1@44.937C VDD_IN 7451mW/6041mW VDD_CPU_GPU_CV 1520mW/739mW VDD_SOC 3320mW/2958mW
09-02-2026 16:12:40 RAM 1829/7620MB (lfb 113x4MB) SWAP 1/3810MB (cached 0MB) CPU [23%@729,0%@729,0%@729,0%@729,0%@729,0%@729] GR3D_FREQ 0% cpu@44.968C soc2@43.687C soc0@45.187C gpu@45.875C tj@45.875C soc1@44.968C VDD_IN 5488mW/6039mW VDD_CPU_GPU_CV 480mW/738mW VDD_SOC 2800mW/2957mW
09-02-2026 16:12:45 RAM 1628/7620MB (lfb 113x4MB) SWAP 1/3810MB (cached 0MB) CPU [39%@1728,4%@1728,21%@1728,4%@1728,4%@729,4%@729] GR3D_FREQ 0% cpu@46.093C soc2@44.093C soc0@45.25C gpu@46.187C tj@46.187C soc1@44.906C VDD_IN 7612mW/6044mW VDD_CPU_GPU_CV 1720mW/742mW VDD_SOC 3325mW/2958mW
09-02-2026 16:12:50 RAM 1826/7620MB (lfb 113x4MB) SWAP 1/3810MB (cached 0MB) CPU [0%@1728,0%@1728,100%@1728,0%@1728,0%@729,0%@729] GR3D_FREQ 0% cpu@46.093C soc2@44.093C soc0@45.531C gpu@46.375C tj@46.375C soc1@44.968C VDD_IN 7371mW/6049mW VDD_CPU_GPU_CV 1520mW/744mW VDD_SOC 3320mW/2960mW
09-02-2026 16:12:55 RAM 2076/7620MB (lfb 85x4MB) SWAP 1/3810MB (cached 0MB) CPU [2%@729,1%@729,79%@729,2%@729,1%@729,1%@729] GR3D_FREQ 6% cpu@45.468C soc2@43.937C soc0@45.343C gpu@46.187C tj@46.187C soc1@45.312C VDD_IN 6109mW/6049mW VDD_CPU_GPU_CV 642mW/744mW VDD_SOC 2974mW/2960mW
09-02-2026 16:13:00 RAM 2461/7620MB (lfb 73x4MB) SWAP 1/3810MB (cached 0MB) CPU [8%@729,10%@729,29%@729,10%@729,5%@729,5%@729] GR3D_FREQ 4% cpu@45.406C soc2@44.062C soc0@45.562C gpu@46.656C tj@46.656C soc1@45.218C VDD_IN 6320mW/6050mW VDD_CPU_GPU_CV 723mW/744mW VDD_SOC 3014mW/2960mW
09-02-2026 16:13:05 RAM 2461/7620MB (lfb 73x4MB) SWAP 1/3810MB (cached 0MB) CPU [12%@729,9%@729,31%@729,13%@729,11%@729,9%@729] GR3D_FREQ 7% cpu@45.593C soc2@44.031C soc0@45.375C gpu@46.187C tj@46.187C soc1@45.343C VDD_IN 6360mW/6051mW VDD_CPU_GPU_CV 803mW/744mW VDD_SOC 3054mW/2960mW
09-02-2026 16:13:10 RAM 2461/7620MB (lfb 73x4MB) SWAP 1/3810MB (cached 0MB) CPU [10%@729,18%@729,25%@729,7%@729,9%@729,9%@729] GR3D_FREQ 9% cpu@45.375C soc2@44.031C soc0@45.593C gpu@46.625C tj@46.625C soc1@45.25C VDD_IN 6279mW/6052mW VDD_CPU_GPU_CV 723mW/744mW VDD_SOC 3014mW/2960mW
09-02-2026 16:13:15 RAM 2462/7620MB (lfb 73x4MB) SWAP 1/3810MB (cached 0MB) CPU [14%@729,15%@729,7%@729,28%@729,7%@729,7%@729] GR3D_FREQ 23% cpu@45.312C soc2@44.093C soc0@45.531C gpu@46.468C tj@46.468C soc1@45.25C VDD_IN 6400mW/6053mW VDD_CPU_GPU_CV 803mW/744mW VDD_SOC 3054mW/2961mW
09-02-2026 16:13:20 RAM 2467/7620MB (lfb 73x4MB) SWAP 1/3810MB (cached 0MB) CPU [16%@729,15%@729,10%@729,27%@729,10%@729,7%@729] GR3D_FREQ 16% cpu@45.5C soc2@44.093C soc0@45.468C gpu@46.718C tj@46.718C soc1@45.281C VDD_IN 6279mW/6054mW VDD_CPU_GPU_CV 763mW/744mW VDD_SOC 3014mW/2961mW
09-02-2026 16:13:25 RAM 2467/7620MB (lfb 73x4MB) SWAP 1/3810MB (cached 0MB) CPU [4%@729,2%@729,3%@729,11%@729,5%@729,2%@729] GR3D_FREQ 0% cpu@45.25C soc2@43.937C soc0@45.406C gpu@46.375C tj@46.375C soc1@45.375C VDD_IN 5827mW/6053mW VDD_CPU_GPU_CV 562mW/744mW VDD_SOC 2853mW/2961mW
09-02-2026 16:13:30 RAM 2465/7620MB (lfb 73x4MB) SWAP 1/3810MB (cached 0MB) CPU [3%@729,2%@729,1%@729,0%@729,5%@1113,1%@1113] GR3D_FREQ 0% cpu@45.343C soc2@43.968C soc0@45.343C gpu@46.5C tj@46.5C soc1@45.343C VDD_IN 5787mW/6052mW VDD_CPU_GPU_CV 561mW/743mW VDD_SOC 2853mW/2960mW
09-02-2026 16:13:35 RAM 1717/7620MB (lfb 112x4MB) SWAP 1/3810MB (cached 0MB) CPU [7%@729,6%@729,3%@729,2%@729,95%@1728,2%@1728] GR3D_FREQ 0% cpu@46.062C soc2@44.281C soc0@45.562C gpu@46.625C tj@46.625C soc1@45.343C VDD_IN 7371mW/6057mW VDD_CPU_GPU_CV 1520mW/746mW VDD_SOC 3320mW/2961mW
09-02-2026 16:13:40 RAM 1450/7620MB (lfb 114x4MB) SWAP 1/3810MB (cached 0MB) CPU [15%@729,2%@729,1%@729,1%@729,37%@729,1%@729] GR3D_FREQ 0% cpu@45.531C soc2@44.062C soc0@45.468C gpu@46.343C tj@46.593C soc1@45.375C VDD_IN 5528mW/6055mW VDD_CPU_GPU_CV 480mW/745mW VDD_SOC 2800mW/2961mW
09-02-2026 16:13:45 RAM 1450/7620MB (lfb 114x4MB) SWAP 1/3810MB (cached 0MB) CPU [0%@729,0%@729,0%@729,0%@729,0%@729,0%@729] GR3D_FREQ 0% cpu@45.218C soc2@43.937C soc0@45.437C gpu@46.25C tj@46.25C soc1@45.218C VDD_IN 5488mW/6053mW VDD_CPU_GPU_CV 480mW/744mW VDD_SOC 2800mW/2960mW
09-02-2026 16:13:50 RAM 1450/7620MB (lfb 114x4MB) SWAP 1/3810MB (cached 0MB) CPU [0%@729,0%@729,0%@729,0%@729,0%@729,0%@729] GR3D_FREQ 0% cpu@45.406C soc2@43.906C soc0@45.437C gpu@46.25C tj@46.25C soc1@45.156C VDD_IN 5488mW/6051mW VDD_CPU_GPU_CV 480mW/743mW VDD_SOC 2800mW/2960mW
09-02-2026 16:13:55 RAM 1673/7620MB (lfb 114x4MB) SWAP 1/3810MB (cached 0MB) CPU [6%@1728,28%@1728,5%@1728,6%@1728,3%@729,2%@729] GR3D_FREQ 0% cpu@45.875C soc2@44.156C soc0@45.375C gpu@46.406C tj@46.406C soc1@45.187C VDD_IN 7491mW/6056mW VDD_CPU_GPU_CV 1640mW/746mW VDD_SOC 3320mW/2961mW
09-02-2026 16:14:00 RAM 1684/7620MB (lfb 115x4MB) SWAP 1/3810MB (cached 0MB) CPU [3%@1728,99%@1728,3%@1728,2%@1728,2%@729,3%@729] GR3D_FREQ 0% cpu@45.843C soc2@44.312C soc0@45.625C gpu@46.437C tj@46.437C soc1@45.281C VDD_IN 7532mW/6061mW VDD_CPU_GPU_CV 1600mW/749mW VDD_SOC 3320mW/2962mW
09-02-2026 16:14:05 RAM 1831/7620MB (lfb 115x4MB) SWAP 1/3810MB (cached 0MB) CPU [1%@729,85%@729,1%@729,1%@729,1%@729,1%@729] GR3D_FREQ 0% cpu@45.593C soc2@44.156C soc0@45.625C gpu@46.468C tj@46.468C soc1@45.312C VDD_IN 5929mW/6060mW VDD_CPU_GPU_CV 680mW/749mW VDD_SOC 2960mW/2962mW
09-02-2026 16:14:10 RAM 1831/7620MB (lfb 115x4MB) SWAP 1/3810MB (cached 0MB) CPU [0%@729,0%@729,0%@729,0%@729,0%@729,0%@729] GR3D_FREQ 0% cpu@45.156C soc2@44.031C soc0@45.593C gpu@46.375C tj@46.375C soc1@45.218C VDD_IN 5528mW/6059mW VDD_CPU_GPU_CV 480mW/748mW VDD_SOC 2800mW/2962mW
09-02-2026 16:14:15 RAM 1712/7620MB (lfb 115x4MB) SWAP 1/3810MB (cached 0MB) CPU [4%@729,4%@729,53%@729,4%@729,43%@1728,3%@1728] GR3D_FREQ 0% cpu@46.312C soc2@44.187C soc0@45.625C gpu@46.906C tj@46.906C soc1@45.312C VDD_IN 7371mW/6063mW VDD_CPU_GPU_CV 1520mW/750mW VDD_SOC 3320mW/2963mW
09-02-2026 16:14:20 RAM 1859/7620MB (lfb 115x4MB) SWAP 1/3810MB (cached 0MB) CPU [1%@729,1%@729,2%@729,1%@729,100%@1728,1%@1728] GR3D_FREQ 0% cpu@46.031C soc2@44.406C soc0@45.781C gpu@46.843C tj@46.843C soc1@45.375C VDD_IN 7411mW/6067mW VDD_CPU_GPU_CV 1560mW/753mW VDD_SOC 3320mW/2964mW
09-02-2026 16:14:25 RAM 2277/7620MB (lfb 82x4MB) SWAP 1/3810MB (cached 0MB) CPU [4%@1728,1%@1728,8%@1728,0%@1728,35%@729,9%@729] GR3D_FREQ 62% cpu@46.312C soc2@44.406C soc0@45.593C gpu@46.812C tj@46.812C soc1@45.562C VDD_IN 7475mW/6072mW VDD_CPU_GPU_CV 1404mW/755mW VDD_SOC 3335mW/2965mW
09-02-2026 16:14:30 RAM 2404/7620MB (lfb 74x4MB) SWAP 1/3810MB (cached 0MB) CPU [19%@729,9%@729,21%@729,19%@729,7%@729,7%@729] GR3D_FREQ 21% cpu@45.593C soc2@44.218C soc0@45.656C gpu@46.375C tj@46.375C soc1@45.5C VDD_IN 6320mW/6073mW VDD_CPU_GPU_CV 763mW/755mW VDD_SOC 3014mW/2965mW
09-02-2026 16:14:35 RAM 2404/7620MB (lfb 74x4MB) SWAP 1/3810MB (cached 0MB) CPU [13%@729,17%@729,9%@729,27%@729,7%@729,7%@729] GR3D_FREQ 0% cpu@45.562C soc2@44.218C soc0@45.593C gpu@46.5C tj@46.5C soc1@45.531C VDD_IN 6320mW/6074mW VDD_CPU_GPU_CV 763mW/755mW VDD_SOC 3014mW/2965mW
09-02-2026 16:14:40 RAM 2404/7620MB (lfb 74x4MB) SWAP 1/3810MB (cached 0MB) CPU [9%@729,17%@729,28%@729,7%@729,11%@729,8%@729] GR3D_FREQ 3% cpu@45.656C soc2@44.25C soc0@45.687C gpu@46.437C tj@46.437C soc1@45.5C VDD_IN 6360mW/6075mW VDD_CPU_GPU_CV 763mW/755mW VDD_SOC 3054mW/2966mW
09-02-2026 16:14:45 RAM 2404/7620MB (lfb 74x4MB) SWAP 1/3810MB (cached 0MB) CPU [11%@729,16%@729,8%@729,14%@729,22%@729,11%@729] GR3D_FREQ 14% cpu@45.687C soc2@44.156C soc0@45.625C gpu@46.5C tj@46.5C soc1@45.562C VDD_IN 6320mW/6075mW VDD_CPU_GPU_CV 763mW/755mW VDD_SOC 3014mW/2966mW
09-02-2026 16:14:50 RAM 2407/7620MB (lfb 74x4MB) SWAP 1/3810MB (cached 0MB) CPU [16%@729,27%@729,18%@729,12%@729,10%@729,9%@729] GR3D_FREQ 0% cpu@45.593C soc2@44.187C soc0@45.656C gpu@46.375C tj@46.375C soc1@45.468C VDD_IN 6109mW/6075mW VDD_CPU_GPU_CV 683mW/755mW VDD_SOC 2974mW/2966mW
09-02-2026 16:14:55 RAM 2407/7620MB (lfb 74x4MB) SWAP 1/3810MB (cached 0MB) CPU [3%@729,0%@729,1%@729,4%@729,1%@729,0%@729] GR3D_FREQ 0% cpu@45.5C soc2@44.093C soc0@45.531C gpu@46.375C tj@46.375C soc1@45.5C VDD_IN 5837mW/6075mW VDD_CPU_GPU_CV 562mW/754mW VDD_SOC 2853mW/2966mW
09-02-2026 16:15:00 RAM 1981/7620MB (lfb 111x4MB) SWAP 1/3810MB (cached 0MB) CPU [2%@729,2%@729,1%@729,39%@729,1%@729,0%@729] GR3D_FREQ 0% cpu@45.937C soc2@44.343C soc0@45.562C gpu@46.406C tj@46.406C soc1@45.5C VDD_IN 7475mW/6079mW VDD_CPU_GPU_CV 1243mW/756mW VDD_SOC 3376mW/2967mW
09-02-2026 16:15:05 RAM 1461/7620MB (lfb 115x4MB) SWAP 1/3810MB (cached 0MB) CPU [6%@1728,3%@1728,96%@1728,2%@1728,5%@729,2%@729] GR3D_FREQ 0% cpu@45.906C soc2@44.375C soc0@45.718C gpu@46.968C tj@46.968C soc1@45.375C VDD_IN 7331mW/6083mW VDD_CPU_GPU_CV 1280mW/758mW VDD_SOC 3400mW/2968mW
09-02-2026 16:15:10 RAM 1456/7620MB (lfb 115x4MB) SWAP 1/3810MB (cached 0MB) CPU [2%@729,14%@729,1%@729,1%@729,1%@729,1%@729] GR3D_FREQ 0% cpu@45.312C soc2@44.093C soc0@45.656C gpu@46.468C tj@46.468C soc1@45.375C VDD_IN 5488mW/6081mW VDD_CPU_GPU_CV 480mW/757mW VDD_SOC 2800mW/2968mW
09-02-2026 16:15:15 RAM 1456/7620MB (lfb 115x4MB) SWAP 1/3810MB (cached 0MB) CPU [0%@729,0%@729,0%@729,0%@729,0%@729,0%@729] GR3D_FREQ 0% cpu@45.343C soc2@44.031C soc0@45.531C gpu@46.281C tj@46.281C soc1@45.187C VDD_IN 5488mW/6079mW VDD_CPU_GPU_CV 480mW/756mW VDD_SOC 2800mW/2967mW
09-02-2026 16:15:20 RAM 1456/7620MB (lfb 115x4MB) SWAP 1/3810MB (cached 0MB) CPU [0%@729,0%@729,0%@729,0%@729,0%@729,0%@729] GR3D_FREQ 0% cpu@45.125C soc2@44.093C soc0@45.531C gpu@46.312C tj@46.312C soc1@45.031C VDD_IN 5488mW/6077mW VDD_CPU_GPU_CV 480mW/755mW VDD_SOC 2800mW/2967mW
09-02-2026 16:15:25 RAM 1712/7620MB (lfb 115x4MB) SWAP 1/3810MB (cached 0MB) CPU [6%@729,36%@729,5%@729,3%@729,21%@1728,3%@1728] GR3D_FREQ 0% cpu@46.375C soc2@44.343C soc0@45.468C gpu@46.75C tj@46.75C soc1@45.312C VDD_IN 7371mW/6082mW VDD_CPU_GPU_CV 1520mW/757mW VDD_SOC 3320mW/2968mW
09-02-2026 16:15:30 RAM 1719/7620MB (lfb 116x4MB) SWAP 1/3810MB (cached 0MB) CPU [3%@1728,3%@1728,54%@1728,1%@1728,48%@729,3%@729] GR3D_FREQ 0% cpu@46.593C soc2@44.468C soc0@45.625C gpu@46.812C tj@46.812C soc1@45.281C VDD_IN 7371mW/6086mW VDD_CPU_GPU_CV 1520mW/760mW VDD_SOC 3320mW/2969mW
09-02-2026 16:15:35 RAM 1825/7620MB (lfb 116x4MB) SWAP 1/3810MB (cached 0MB) CPU [1%@729,1%@729,35%@729,1%@729,27%@729,1%@729] GR3D_FREQ 0% cpu@45.437C soc2@44.156C soc0@45.593C gpu@46.718C tj@46.718C soc1@45.406C VDD_IN 5528mW/6084mW VDD_CPU_GPU_CV 480mW/759mW VDD_SOC 2840mW/2968mW
09-02-2026 16:15:40 RAM 1826/7620MB (lfb 116x4MB) SWAP 1/3810MB (cached 0MB) CPU [0%@729,0%@729,0%@729,0%@729,16%@1728,0%@1728] GR3D_FREQ 0% cpu@46C soc2@44.218C soc0@45.5C gpu@46.312C tj@46.312C soc1@45.343C VDD_IN 6931mW/6086mW VDD_CPU_GPU_CV 1040mW/760mW VDD_SOC 3280mW/2969mW
09-02-2026 16:15:45 RAM 1774/7620MB (lfb 116x4MB) SWAP 1/3810MB (cached 0MB) CPU [4%@1728,81%@1728,4%@1728,4%@1728,22%@729,4%@729] GR3D_FREQ 0% cpu@46.187C soc2@44.468C soc0@45.718C gpu@46.906C tj@46.625C soc1@45.375C VDD_IN 7451mW/6091mW VDD_CPU_GPU_CV 1560mW/762mW VDD_SOC 3320mW/2971mW
09-02-2026 16:15:50 RAM 2000/7620MB (lfb 113x4MB) SWAP 1/3810MB (cached 0MB) CPU [1%@1728,99%@1728,1%@1728,1%@1728,1%@729,1%@729] GR3D_FREQ 0% cpu@46.125C soc2@44.656C soc0@45.812C gpu@46.937C tj@46.593C soc1@45.5C VDD_IN 7411mW/6095mW VDD_CPU_GPU_CV 1600mW/765mW VDD_SOC 3280mW/2971mW
09-02-2026 16:15:55 RAM 2449/7620MB (lfb 73x4MB) SWAP 1/3810MB (cached 0MB) CPU [4%@729,22%@729,5%@729,4%@729,13%@729,6%@729] GR3D_FREQ 17% cpu@45.687C soc2@44.437C soc0@45.812C gpu@46.843C tj@46.843C soc1@45.531C VDD_IN 6481mW/6096mW VDD_CPU_GPU_CV 844mW/765mW VDD_SOC 3054mW/2972mW
09-02-2026 16:16:00 RAM 2449/7620MB (lfb 73x4MB) SWAP 1/3810MB (cached 0MB) CPU [30%@729,9%@729,9%@729,20%@729,8%@729,9%@729] GR3D_FREQ 18% cpu@45.812C soc2@44.375C soc0@45.718C gpu@46.625C tj@46.625C soc1@45.656C VDD_IN 6320mW/6097mW VDD_CPU_GPU_CV 723mW/765mW VDD_SOC 3014mW/2972mW
09-02-2026 16:16:05 RAM 2449/7620MB (lfb 73x4MB) SWAP 1/3810MB (cached 0MB) CPU [11%@729,20%@729,9%@729,10%@729,17%@729,19%@729] GR3D_FREQ 11% cpu@45.687C soc2@44.312C soc0@45.781C gpu@46.593C tj@46.593C soc1@45.562C VDD_IN 6440mW/6098mW VDD_CPU_GPU_CV 803mW/765mW VDD_SOC 3054mW/2972mW
09-02-2026 16:16:11 RAM 2450/7620MB (lfb 73x4MB) SWAP 1/3810MB (cached 0MB) CPU [31%@729,14%@729,9%@729,12%@729,7%@729,7%@729] GR3D_FREQ 13% cpu@45.843C soc2@44.375C soc0@45.718C gpu@46.593C tj@46.593C soc1@45.718C VDD_IN 6279mW/6098mW VDD_CPU_GPU_CV 723mW/765mW VDD_SOC 3014mW/2972mW
09-02-2026 16:16:16 RAM 2450/7620MB (lfb 73x4MB) SWAP 1/3810MB (cached 0MB) CPU [21%@729,10%@729,18%@729,15%@729,7%@729,6%@729] GR3D_FREQ 17% cpu@45.625C soc2@44.312C soc0@45.75C gpu@46.406C tj@46.406C soc1@45.687C VDD_IN 6521mW/6100mW VDD_CPU_GPU_CV 844mW/765mW VDD_SOC 3094mW/2973mW
09-02-2026 16:16:21 RAM 2454/7620MB (lfb 73x4MB) SWAP 1/3810MB (cached 0MB) CPU [13%@729,8%@729,8%@729,20%@729,6%@729,6%@729] GR3D_FREQ 6% cpu@45.781C soc2@44.281C soc0@45.75C gpu@46.375C tj@46.375C soc1@45.562C VDD_IN 5877mW/6099mW VDD_CPU_GPU_CV 562mW/765mW VDD_SOC 2934mW/2972mW
09-02-2026 16:16:26 RAM 2454/7620MB (lfb 73x4MB) SWAP 1/3810MB (cached 0MB) CPU [3%@729,4%@729,3%@729,1%@729,1%@729,0%@729] GR3D_FREQ 8% cpu@45.437C soc2@44.187C soc0@45.656C gpu@46.375C tj@46.375C soc1@45.437C VDD_IN 5827mW/6098mW VDD_CPU_GPU_CV 562mW/764mW VDD_SOC 2853mW/2972mW
09-02-2026 16:16:31 RAM 1627/7620MB (lfb 114x4MB) SWAP 1/3810MB (cached 0MB) CPU [4%@1728,8%@1728,5%@1728,22%@1728,42%@729,3%@729] GR3D_FREQ 0% cpu@46.312C soc2@44.343C soc0@45.656C gpu@46.5C tj@46.5C soc1@45.468C VDD_IN 7732mW/6103mW VDD_CPU_GPU_CV 1800mW/767mW VDD_SOC 3325mW/2973mW
09-02-2026 16:16:36 RAM 1462/7620MB (lfb 114x4MB) SWAP 1/3810MB (cached 0MB) CPU [1%@729,1%@729,15%@729,76%@729,1%@729,1%@729] GR3D_FREQ 0% cpu@45.75C soc2@44.406C soc0@45.937C gpu@46.843C tj@46.843C soc1@45.406C VDD_IN 6169mW/6103mW VDD_CPU_GPU_CV 800mW/767mW VDD_SOC 3040mW/2973mW
09-02-2026 16:16:41 RAM 1462/7620MB (lfb 114x4MB) SWAP 1/3810MB (cached 0MB) CPU [0%@729,0%@729,0%@729,0%@729,0%@729,0%@729] GR3D_FREQ 0% cpu@45.437C soc2@44.156C soc0@45.75C gpu@46.312C tj@46.312C soc1@45.406C VDD_IN 5568mW/6102mW VDD_CPU_GPU_CV 520mW/766mW VDD_SOC 2800mW/2973mW
09-02-2026 16:16:46 RAM 1462/7620MB (lfb 114x4MB) SWAP 1/3810MB (cached 0MB) CPU [0%@729,0%@729,0%@729,0%@729,0%@729,0%@729] GR3D_FREQ 0% cpu@45.5C soc2@44.156C soc0@45.562C gpu@46.281C tj@46.281C soc1@45.312C VDD_IN 5488mW/6100mW VDD_CPU_GPU_CV 480mW/766mW VDD_SOC 2800mW/2972mW
09-02-2026 16:16:51 RAM 1539/7620MB (lfb 114x4MB) SWAP 1/3810MB (cached 0MB) CPU [4%@1728,4%@1728,21%@1728,3%@1728,2%@729,2%@729] GR3D_FREQ 0% cpu@46.25C soc2@44.25C soc0@45.562C gpu@46.843C tj@46.843C soc1@45.375C VDD_IN 7131mW/6103mW VDD_CPU_GPU_CV 1400mW/767mW VDD_SOC 3240mW/2973mW
09-02-2026 16:16:56 RAM 1632/7620MB (lfb 114x4MB) SWAP 1/3810MB (cached 0MB) CPU [23%@1728,4%@1728,80%@1728,3%@1728,4%@729,4%@729] GR3D_FREQ 0% cpu@46.531C soc2@44.625C soc0@45.625C gpu@46.906C tj@46.593C soc1@45.406C VDD_IN 7692mW/6107mW VDD_CPU_GPU_CV 1800mW/771mW VDD_SOC 3320mW/2974mW
09-02-2026 16:17:01 RAM 1833/7620MB (lfb 114x4MB) SWAP 1/3810MB (cached 0MB) CPU [95%@729,1%@729,1%@729,1%@729,1%@729,1%@729] GR3D_FREQ 0% cpu@45.718C soc2@44.468C soc0@45.812C gpu@47C tj@47C soc1@45.656C VDD_IN 6650mW/6109mW VDD_CPU_GPU_CV 1080mW/771mW VDD_SOC 3160mW/2975mW
09-02-2026 16:17:06 RAM 1833/7620MB (lfb 114x4MB) SWAP 1/3810MB (cached 0MB) CPU [0%@729,0%@729,0%@729,0%@729,0%@729,0%@729] GR3D_FREQ 0% cpu@45.406C soc2@44.156C soc0@45.562C gpu@46.343C tj@46.343C soc1@45.343C VDD_IN 5528mW/6107mW VDD_CPU_GPU_CV 480mW/771mW VDD_SOC 2800mW/2974mW
09-02-2026 16:17:11 RAM 1710/7620MB (lfb 114x4MB) SWAP 1/3810MB (cached 0MB) CPU [50%@1728,38%@1728,4%@1728,4%@1728,4%@729,4%@729] GR3D_FREQ 0% cpu@46.093C soc2@44.468C soc0@45.812C gpu@47.031C tj@47.031C soc1@45.562C VDD_IN 7411mW/6111mW VDD_CPU_GPU_CV 1520mW/773mW VDD_SOC 3320mW/2975mW
09-02-2026 16:17:16 RAM 1855/7620MB (lfb 114x4MB) SWAP 1/3810MB (cached 0MB) CPU [9%@729,1%@729,1%@1728,1%@1728,92%@1728,1%@1728] GR3D_FREQ 0% cpu@46.718C soc2@44.5C soc0@45.843C gpu@46.875C tj@46.875C soc1@45.562C VDD_IN 7451mW/6115mW VDD_CPU_GPU_CV 1640mW/775mW VDD_SOC 3285mW/2976mW
09-02-2026 16:17:21 RAM 2052/7620MB (lfb 85x4MB) SWAP 1/3810MB (cached 0MB) CPU [3%@1651,0%@1651,0%@1651,10%@1651,42%@1267,0%@1267] GR3D_FREQ 0% cpu@45.656C soc2@44.312C soc0@45.906C gpu@46.625C tj@46.625C soc1@45.656C VDD_IN 5998mW/6115mW VDD_CPU_GPU_CV 602mW/775mW VDD_SOC 2934mW/2976mW
09-02-2026 16:17:26 RAM 2435/7620MB (lfb 74x4MB) SWAP 1/3810MB (cached 0MB) CPU [15%@729,12%@729,18%@729,23%@729,9%@729,8%@729] GR3D_FREQ 16% cpu@45.937C soc2@44.312C soc0@45.812C gpu@46.75C tj@46.75C soc1@45.75C VDD_IN 6400mW/6116mW VDD_CPU_GPU_CV 803mW/775mW VDD_SOC 3054mW/2976mW
09-02-2026 16:17:31 RAM 2435/7620MB (lfb 74x4MB) SWAP 1/3810MB (cached 0MB) CPU [20%@729,12%@729,26%@729,11%@729,7%@729,7%@729] GR3D_FREQ 6% cpu@45.812C soc2@44.312C soc0@45.906C gpu@46.625C tj@46.625C soc1@45.656C VDD_IN 6320mW/6116mW VDD_CPU_GPU_CV 763mW/775mW VDD_SOC 3054mW/2976mW
09-02-2026 16:17:36 RAM 2435/7620MB (lfb 74x4MB) SWAP 1/3810MB (cached 0MB) CPU [11%@729,9%@729,40%@729,10%@729,7%@729,7%@729] GR3D_FREQ 8% cpu@46.031C soc2@44.406C soc0@45.812C gpu@46.75C tj@46.75C soc1@45.75C VDD_IN 6481mW/6117mW VDD_CPU_GPU_CV 844mW/775mW VDD_SOC 3094mW/2977mW
09-02-2026 16:17:41 RAM 2435/7620MB (lfb 74x4MB) SWAP 1/3810MB (cached 0MB) CPU [27%@729,14%@729,13%@729,12%@729,9%@729,10%@729] GR3D_FREQ 15% cpu@45.75C soc2@44.5C soc0@45.812C gpu@46.906C tj@46.906C soc1@45.718C VDD_IN 6279mW/6118mW VDD_CPU_GPU_CV 763mW/775mW VDD_SOC 3014mW/2977mW
09-02-2026 16:17:46 RAM 2435/7620MB (lfb 74x4MB) SWAP 1/3810MB (cached 0MB) CPU [9%@729,7%@729,6%@729,8%@729,17%@729,31%@729] GR3D_FREQ 0% cpu@45.781C soc2@44.375C soc0@45.812C gpu@46.75C tj@46.75C soc1@45.625C VDD_IN 6551mW/6119mW VDD_CPU_GPU_CV 884mW/775mW VDD_SOC 3094mW/2977mW
09-02-2026 16:17:51 RAM 2439/7620MB (lfb 74x4MB) SWAP 1/3810MB (cached 0MB) CPU [3%@729,1%@729,1%@729,2%@729,1%@729,3%@729] GR3D_FREQ 0% cpu@45.656C soc2@44.312C soc0@45.75C gpu@46.781C tj@46.781C soc1@45.625C VDD_IN 5917mW/6118mW VDD_CPU_GPU_CV 562mW/775mW VDD_SOC 2934mW/2977mW
09-02-2026 16:17:56 RAM 2439/7620MB (lfb 74x4MB) SWAP 1/3810MB (cached 0MB) CPU [1%@729,0%@729,0%@729,0%@729,32%@1728,2%@1728] GR3D_FREQ 0% cpu@45.937C soc2@44.406C soc0@45.781C gpu@46.75C tj@46.75C soc1@45.593C VDD_IN 7435mW/6122mW VDD_CPU_GPU_CV 1165mW/776mW VDD_SOC 3416mW/2978mW
09-02-2026 16:18:01 RAM 1749/7620MB (lfb 117x4MB) SWAP 1/3810MB (cached 0MB) CPU [6%@729,4%@729,47%@729,3%@729,54%@1728,2%@1728] GR3D_FREQ 0% cpu@46.187C soc2@44.5C soc0@45.875C gpu@46.812C tj@46.812C soc1@45.593C VDD_IN 7291mW/6126mW VDD_CPU_GPU_CV 1240mW/777mW VDD_SOC 3400mW/2980mW
09-02-2026 16:18:06 RAM 1453/7620MB (lfb 117x4MB) SWAP 1/3810MB (cached 0MB) CPU [2%@729,2%@729,1%@729,1%@729,21%@729,1%@729] GR3D_FREQ 0% cpu@45.625C soc2@44.312C soc0@45.781C gpu@46.562C tj@46.562C soc1@45.468C VDD_IN 5488mW/6124mW VDD_CPU_GPU_CV 480mW/776mW VDD_SOC 2800mW/2979mW
09-02-2026 16:18:11 RAM 1454/7620MB (lfb 117x4MB) SWAP 1/3810MB (cached 0MB) CPU [0%@729,0%@729,0%@729,0%@729,0%@729,0%@729] GR3D_FREQ 0% cpu@45.468C soc2@44.187C soc0@45.843C gpu@46.75C tj@46.75C soc1@45.312C VDD_IN 5488mW/6122mW VDD_CPU_GPU_CV 480mW/776mW VDD_SOC 2800mW/2979mW
09-02-2026 16:18:16 RAM 1454/7620MB (lfb 117x4MB) SWAP 1/3810MB (cached 0MB) CPU [0%@729,0%@729,0%@729,0%@729,0%@729,0%@729] GR3D_FREQ 0% cpu@45.593C soc2@44.187C soc0@45.625C gpu@46.406C tj@46.406C soc1@45.281C VDD_IN 5488mW/6120mW VDD_CPU_GPU_CV 480mW/775mW VDD_SOC 2804mW/2978mW
09-02-2026 16:18:21 RAM 1454/7620MB (lfb 117x4MB) SWAP 1/3810MB (cached 0MB) CPU [0%@729,0%@729,0%@729,0%@729,0%@729,0%@729] GR3D_FREQ 0% cpu@45.25C soc2@44.031C soc0@45.625C gpu@46.25C tj@46.25C soc1@45.25C VDD_IN 5488mW/6118mW VDD_CPU_GPU_CV 480mW/774mW VDD_SOC 2800mW/2978mW
09-02-2026 16:18:26 RAM 1454/7620MB (lfb 117x4MB) SWAP 1/3810MB (cached 0MB) CPU [0%@729,0%@729,0%@729,0%@729,0%@729,0%@729] GR3D_FREQ 0% cpu@45.375C soc2@44.093C soc0@45.5C gpu@46.187C tj@46.187C soc1@45.125C VDD_IN 5488mW/6117mW VDD_CPU_GPU_CV 480mW/773mW VDD_SOC 2800mW/2977mW
09-02-2026 16:18:31 RAM 1454/7620MB (lfb 117x4MB) SWAP 1/3810MB (cached 0MB) CPU [0%@729,0%@729,0%@729,0%@729,0%@729,0%@729] GR3D_FREQ 0% cpu@45.093C soc2@43.875C soc0@45.281C gpu@46.312C tj@46.312C soc1@45.093C VDD_IN 5488mW/6115mW VDD_CPU_GPU_CV 480mW/772mW VDD_SOC 2800mW/2977mW
09-02-2026 16:18:36 RAM 1454/7620MB (lfb 117x4MB) SWAP 1/3810MB (cached 0MB) CPU [0%@729,0%@729,0%@729,0%@729,0%@729,0%@729] GR3D_FREQ 0% cpu@45.125C soc2@43.875C soc0@45.281C gpu@46.031C tj@46.343C soc1@45.062C VDD_IN 5488mW/6113mW VDD_CPU_GPU_CV 480mW/771mW VDD_SOC 2800mW/2976mW
09-02-2026 16:18:41 RAM 1454/7620MB (lfb 117x4MB) SWAP 1/3810MB (cached 0MB) CPU [0%@729,0%@729,0%@729,0%@729,0%@729,0%@729] GR3D_FREQ 0% cpu@45.125C soc2@43.718C soc0@45.25C gpu@45.875C tj@45.875C soc1@45.031C VDD_IN 5488mW/6111mW VDD_CPU_GPU_CV 480mW/771mW VDD_SOC 2800mW/2976mW
09-02-2026 16:18:46 RAM 1459/7620MB (lfb 117x4MB) SWAP 1/3810MB (cached 0MB) CPU [2%@729,1%@729,2%@729,1%@729,0%@729,0%@729] GR3D_FREQ 0% cpu@45.125C soc2@43.625C soc0@45.156C gpu@46.062C tj@46.062C soc1@44.812C VDD_IN 5568mW/6110mW VDD_CPU_GPU_CV 520mW/770mW VDD_SOC 2800mW/2975mW
09-02-2026 16:18:51 RAM 1754/7620MB (lfb 117x4MB) SWAP 1/3810MB (cached 0MB) CPU [5%@1728,84%@1728,5%@1728,3%@1728,2%@729,2%@729] GR3D_FREQ 0% cpu@45.531C soc2@44.031C soc0@45.25C gpu@46.375C tj@46.375C soc1@44.937C VDD_IN 7331mW/6113mW VDD_CPU_GPU_CV 1320mW/771mW VDD_SOC 3360mW/2976mW
09-02-2026 16:18:56 RAM 1787/7620MB (lfb 117x4MB) SWAP 1/3810MB (cached 0MB) CPU [4%@1728,99%@1728,4%@1728,4%@1728,4%@729,4%@729] GR3D_FREQ 0% cpu@46.031C soc2@44.187C soc0@45.375C gpu@46.25C tj@46.25C soc1@45.218C VDD_IN 7451mW/6117mW VDD_CPU_GPU_CV 1480mW/773mW VDD_SOC 3360mW/2977mW
09-02-2026 16:19:01 RAM 1832/7620MB (lfb 117x4MB) SWAP 1/3810MB (cached 0MB) CPU [0%@729,28%@729,0%@729,0%@729,0%@729,0%@729] GR3D_FREQ 0% cpu@45.125C soc2@43.843C soc0@45.343C gpu@46.031C tj@46.031C soc1@45.031C VDD_IN 5488mW/6115mW VDD_CPU_GPU_CV 480mW/773mW VDD_SOC 2800mW/2977mW
09-02-2026 16:19:06 RAM 1580/7620MB (lfb 117x4MB) SWAP 1/3810MB (cached 0MB) CPU [3%@1728,37%@1728,15%@1728,2%@1728,3%@729,2%@729] GR3D_FREQ 0% cpu@46C soc2@44.125C soc0@45.343C gpu@46.312C tj@46.312C soc1@45.031C VDD_IN 7451mW/6119mW VDD_CPU_GPU_CV 1560mW/775mW VDD_SOC 3325mW/2978mW
09-02-2026 16:19:11 RAM 1827/7620MB (lfb 117x4MB) SWAP 1/3810MB (cached 0MB) CPU [1%@1728,1%@1728,100%@1728,1%@1728,1%@729,1%@729] GR3D_FREQ 0% cpu@46.187C soc2@44.156C soc0@45.437C gpu@46.375C tj@46.375C soc1@45.156C VDD_IN 7371mW/6122mW VDD_CPU_GPU_CV 1440mW/777mW VDD_SOC 3360mW/2979mW
09-02-2026 16:19:16 RAM 1958/7620MB (lfb 103x4MB) SWAP 1/3810MB (cached 0MB) CPU [2%@729,1%@729,85%@729,1%@729,1%@729,1%@729] GR3D_FREQ 0% cpu@45.5C soc2@44.093C soc0@45.562C gpu@46.562C tj@46.562C soc1@45.437C VDD_IN 6179mW/6122mW VDD_CPU_GPU_CV 722mW/776mW VDD_SOC 3049mW/2979mW
09-02-2026 16:19:21 RAM 2348/7620MB (lfb 87x4MB) SWAP 1/3810MB (cached 0MB) CPU [9%@729,8%@729,9%@729,22%@729,11%@729,4%@729] GR3D_FREQ 1% cpu@45.5C soc2@44.156C soc0@45.531C gpu@46.437C tj@46.437C soc1@45.406C VDD_IN 6440mW/6123mW VDD_CPU_GPU_CV 844mW/777mW VDD_SOC 3054mW/2979mW
09-02-2026 16:19:26 RAM 2348/7620MB (lfb 87x4MB) SWAP 1/3810MB (cached 0MB) CPU [11%@729,14%@729,18%@729,15%@729,19%@729,8%@729] GR3D_FREQ 29% cpu@45.562C soc2@44.156C soc0@45.625C gpu@46.343C tj@46.343C soc1@45.343C VDD_IN 6481mW/6124mW VDD_CPU_GPU_CV 844mW/777mW VDD_SOC 3054mW/2979mW
09-02-2026 16:19:31 RAM 2348/7620MB (lfb 87x4MB) SWAP 1/3810MB (cached 0MB) CPU [13%@729,8%@729,7%@729,9%@729,21%@729,23%@729] GR3D_FREQ 21% cpu@45.687C soc2@44.187C soc0@45.562C gpu@46.843C tj@46.843C soc1@45.375C VDD_IN 6279mW/6125mW VDD_CPU_GPU_CV 723mW/777mW VDD_SOC 3014mW/2979mW
09-02-2026 16:19:36 RAM 2348/7620MB (lfb 87x4MB) SWAP 1/3810MB (cached 0MB) CPU [9%@729,9%@729,7%@729,7%@729,11%@729,36%@729] GR3D_FREQ 16% cpu@45.562C soc2@44.187C soc0@45.656C gpu@46.312C tj@46.312C soc1@45.406C VDD_IN 6511mW/6126mW VDD_CPU_GPU_CV 844mW/777mW VDD_SOC 3094mW/2980mW
09-02-2026 16:19:41 RAM 2348/7620MB (lfb 87x4MB) SWAP 1/3810MB (cached 0MB) CPU [15%@729,21%@729,18%@729,7%@729,10%@729,10%@729] GR3D_FREQ 18% cpu@45.843C soc2@44.25C soc0@45.625C gpu@46.687C tj@46.687C soc1@45.5C VDD_IN 6279mW/6126mW VDD_CPU_GPU_CV 723mW/777mW VDD_SOC 3014mW/2980mW
09-02-2026 16:19:46 RAM 2348/7620MB (lfb 87x4MB) SWAP 1/3810MB (cached 0MB) CPU [5%@729,3%@729,7%@729,8%@729,6%@729,3%@729] GR3D_FREQ 6% cpu@45.437C soc2@44.125C soc0@45.625C gpu@46.406C tj@46.406C soc1@45.343C VDD_IN 5837mW/6125mW VDD_CPU_GPU_CV 522mW/776mW VDD_SOC 2934mW/2980mW
09-02-2026 16:19:51 RAM 2348/7620MB (lfb 87x4MB) SWAP 1/3810MB (cached 0MB) CPU [3%@729,2%@729,1%@729,1%@729,2%@729,3%@729] GR3D_FREQ 0% cpu@45.25C soc2@44.062C soc0@45.531C gpu@46.531C tj@46.531C soc1@45.468C VDD_IN 5796mW/6124mW VDD_CPU_GPU_CV 562mW/775mW VDD_SOC 2853mW/2979mW
09-02-2026 16:19:56 RAM 1711/7620MB (lfb 114x4MB) SWAP 1/3810MB (cached 0MB) CPU [3%@1728,56%@1728,3%@1728,41%@1728,5%@729,3%@729] GR3D_FREQ 0% cpu@46.218C soc2@44.468C soc0@45.625C gpu@46.562C tj@46.562C soc1@45.375C VDD_IN 7451mW/6128mW VDD_CPU_GPU_CV 1560mW/777mW VDD_SOC 3320mW/2980mW
09-02-2026 16:20:01 RAM 1453/7620MB (lfb 114x4MB) SWAP 1/3810MB (cached 0MB) CPU [1%@729,59%@729,1%@729,1%@729,1%@729,1%@729] GR3D_FREQ 0% cpu@45.468C soc2@44.281C soc0@45.75C gpu@46.75C tj@46.75C soc1@45.406C VDD_IN 5568mW/6127mW VDD_CPU_GPU_CV 480mW/777mW VDD_SOC 2840mW/2980mW
09-02-2026 16:20:06 RAM 1453/7620MB (lfb 114x4MB) SWAP 1/3810MB (cached 0MB) CPU [0%@729,0%@729,0%@729,0%@729,0%@729,0%@729] GR3D_FREQ 0% cpu@45.656C soc2@44.156C soc0@45.531C gpu@46.312C tj@46.312C soc1@45.281C VDD_IN 5488mW/6125mW VDD_CPU_GPU_CV 480mW/776mW VDD_SOC 2800mW/2979mW
09-02-2026 16:20:11 RAM 1455/7620MB (lfb 115x4MB) SWAP 1/3810MB (cached 0MB) CPU [2%@729,2%@729,1%@729,1%@729,0%@729,0%@729] GR3D_FREQ 0% cpu@45.312C soc2@44.062C soc0@45.625C gpu@46.343C tj@46.343C soc1@45.187C VDD_IN 5608mW/6123mW VDD_CPU_GPU_CV 560mW/775mW VDD_SOC 2800mW/2979mW
09-02-2026 16:20:16 RAM 1752/7620MB (lfb 115x4MB) SWAP 1/3810MB (cached 0MB) CPU [4%@1728,3%@1728,3%@1728,94%@1728,3%@729,3%@729] GR3D_FREQ 0% cpu@46.125C soc2@44.375C soc0@45.75C gpu@46.531C tj@46.531C soc1@45.406C VDD_IN 7411mW/6127mW VDD_CPU_GPU_CV 1320mW/777mW VDD_SOC 3400mW/2980mW
09-02-2026 16:20:21 RAM 1812/7620MB (lfb 115x4MB) SWAP 1/3810MB (cached 0MB) CPU [4%@729,29%@729,4%@729,5%@729,73%@1728,4%@1728] GR3D_FREQ 0% cpu@46.343C soc2@44.406C soc0@45.843C gpu@47.062C tj@47.062C soc1@45.468C VDD_IN 7411mW/6130mW VDD_CPU_GPU_CV 1560mW/779mW VDD_SOC 3320mW/2981mW
09-02-2026 16:20:26 RAM 1830/7620MB (lfb 115x4MB) SWAP 1/3810MB (cached 0MB) CPU [0%@729,0%@729,0%@729,0%@729,18%@729,0%@729] GR3D_FREQ 0% cpu@45.406C soc2@44.218C soc0@45.687C gpu@46.406C tj@46.406C soc1@45.437C VDD_IN 5528mW/6129mW VDD_CPU_GPU_CV 480mW/778mW VDD_SOC 2800mW/2981mW
09-02-2026 16:20:31 RAM 1666/7620MB (lfb 115x4MB) SWAP 1/3810MB (cached 0MB) CPU [4%@1728,26%@1728,4%@1728,4%@1728,38%@729,4%@729] GR3D_FREQ 0% cpu@46.187C soc2@44.625C soc0@45.75C gpu@47.031C tj@47.031C soc1@45.375C VDD_IN 7532mW/6132mW VDD_CPU_GPU_CV 1640mW/780mW VDD_SOC 3320mW/2981mW
09-02-2026 16:20:36 RAM 1827/7620MB (lfb 115x4MB) SWAP 1/3810MB (cached 0MB) CPU [0%@1728,100%@1728,0%@1728,0%@1728,0%@729,0%@729] GR3D_FREQ 0% cpu@46.343C soc2@44.625C soc0@45.906C gpu@47C tj@47C soc1@45.625C VDD_IN 7371mW/6136mW VDD_CPU_GPU_CV 1560mW/782mW VDD_SOC 3280mW/2982mW
09-02-2026 16:20:41 RAM 2073/7620MB (lfb 85x4MB) SWAP 1/3810MB (cached 0MB) CPU [3%@729,71%@729,2%@729,2%@729,1%@729,1%@729] GR3D_FREQ 6% cpu@45.718C soc2@44.5C soc0@46.031C gpu@46.75C tj@46.75C soc1@45.781C VDD_IN 5988mW/6135mW VDD_CPU_GPU_CV 602mW/782mW VDD_SOC 2974mW/2982mW
09-02-2026 16:20:46 RAM 2456/7620MB (lfb 73x4MB) SWAP 1/3810MB (cached 0MB) CPU [8%@729,8%@729,6%@729,5%@729,14%@729,29%@729] GR3D_FREQ 95% cpu@46.093C soc2@44.468C soc0@46C gpu@46.937C tj@46.937C soc1@45.843C VDD_IN 6481mW/6136mW VDD_CPU_GPU_CV 844mW/782mW VDD_SOC 3094mW/2982mW
09-02-2026 16:20:51 RAM 2457/7620MB (lfb 73x4MB) SWAP 1/3810MB (cached 0MB) CPU [10%@729,8%@729,23%@729,18%@729,12%@729,12%@729] GR3D_FREQ 24% cpu@45.781C soc2@44.593C soc0@46.093C gpu@46.625C tj@46.625C soc1@45.812C VDD_IN 6360mW/6137mW VDD_CPU_GPU_CV 803mW/782mW VDD_SOC 3054mW/2983mW
09-02-2026 16:20:56 RAM 2459/7620MB (lfb 73x4MB) SWAP 1/3810MB (cached 0MB) CPU [14%@729,9%@729,11%@729,8%@729,30%@729,10%@729] GR3D_FREQ 1% cpu@46.125C soc2@44.406C soc0@45.812C gpu@46.718C tj@46.718C soc1@45.843C VDD_IN 6320mW/6137mW VDD_CPU_GPU_CV 763mW/782mW VDD_SOC 3054mW/2983mW
09-02-2026 16:21:01 RAM 2459/7620MB (lfb 74x4MB) SWAP 1/3810MB (cached 0MB) CPU [21%@729,24%@729,9%@729,11%@729,13%@729,7%@729] GR3D_FREQ 6% cpu@45.843C soc2@44.468C soc0@45.906C gpu@46.562C tj@46.562C soc1@45.781C VDD_IN 6360mW/6138mW VDD_CPU_GPU_CV 763mW/782mW VDD_SOC 3054mW/2983mW
09-02-2026 16:21:06 RAM 2459/7620MB (lfb 74x4MB) SWAP 1/3810MB (cached 0MB) CPU [11%@729,9%@729,12%@729,29%@729,12%@729,11%@729] GR3D_FREQ 4% cpu@45.718C soc2@44.437C soc0@45.937C gpu@46.531C tj@46.531C soc1@45.875C VDD_IN 6320mW/6138mW VDD_CPU_GPU_CV 763mW/782mW VDD_SOC 3054mW/2983mW
09-02-2026 16:21:11 RAM 2459/7620MB (lfb 74x4MB) SWAP 1/3810MB (cached 0MB) CPU [4%@729,1%@729,1%@729,8%@729,5%@729,2%@729] GR3D_FREQ 0% cpu@45.75C soc2@44.468C soc0@45.812C gpu@46.5C tj@46.5C soc1@45.75C VDD_IN 5868mW/6138mW VDD_CPU_GPU_CV 562mW/781mW VDD_SOC 2934mW/2983mW
09-02-2026 16:21:16 RAM 2457/7620MB (lfb 74x4MB) SWAP 1/3810MB (cached 0MB) CPU [1%@1728,0%@1728,3%@1728,10%@1728,0%@729,0%@729] GR3D_FREQ 0% cpu@46.093C soc2@44.406C soc0@45.687C gpu@46.5C tj@46.5C soc1@45.656C VDD_IN 6872mW/6139mW VDD_CPU_GPU_CV 922mW/782mW VDD_SOC 3255mW/2984mW
09-02-2026 16:21:21 RAM 1737/7620MB (lfb 116x4MB) SWAP 1/3810MB (cached 0MB) CPU [3%@729,3%@729,5%@729,34%@729,68%@1728,2%@1728] GR3D_FREQ 0% cpu@46.375C soc2@44.656C soc0@45.843C gpu@46.812C tj@46.812C soc1@45.625C VDD_IN 7411mW/6143mW VDD_CPU_GPU_CV 1480mW/784mW VDD_SOC 3320mW/2985mW
09-02-2026 16:21:26 RAM 1458/7620MB (lfb 117x4MB) SWAP 1/3810MB (cached 0MB) CPU [15%@729,1%@729,2%@729,1%@729,28%@729,1%@729] GR3D_FREQ 0% cpu@45.625C soc2@44.406C soc0@45.843C gpu@46.468C tj@46.468C soc1@45.437C VDD_IN 5528mW/6141mW VDD_CPU_GPU_CV 480mW/783mW VDD_SOC 2840mW/2984mW
09-02-2026 16:21:31 RAM 1459/7620MB (lfb 117x4MB) SWAP 1/3810MB (cached 0MB) CPU [0%@729,0%@729,0%@729,0%@729,0%@729,0%@729] GR3D_FREQ 0% cpu@45.781C soc2@44.218C soc0@45.687C gpu@46.406C tj@46.406C soc1@45.5C VDD_IN 5488mW/6139mW VDD_CPU_GPU_CV 480mW/782mW VDD_SOC 2800mW/2984mW
09-02-2026 16:21:36 RAM 1459/7620MB (lfb 117x4MB) SWAP 1/3810MB (cached 0MB) CPU [0%@729,0%@729,0%@729,0%@729,0%@729,0%@729] GR3D_FREQ 0% cpu@45.375C soc2@44.156C soc0@45.531C gpu@46.406C tj@46.406C soc1@45.281C VDD_IN 5488mW/6138mW VDD_CPU_GPU_CV 480mW/781mW VDD_SOC 2800mW/2983mW
09-02-2026 16:21:41 RAM 1678/7620MB (lfb 117x4MB) SWAP 1/3810MB (cached 0MB) CPU [8%@1728,4%@1728,6%@1728,30%@1728,2%@729,3%@729] GR3D_FREQ 0% cpu@46.187C soc2@44.468C soc0@45.656C gpu@46.625C tj@46.625C soc1@45.406C VDD_IN 7451mW/6141mW VDD_CPU_GPU_CV 1600mW/783mW VDD_SOC 3320mW/2984mW
09-02-2026 16:21:46 RAM 1686/7620MB (lfb 117x4MB) SWAP 1/3810MB (cached 0MB) CPU [3%@1728,32%@1728,2%@1728,70%@1728,3%@729,2%@729] GR3D_FREQ 0% cpu@46.218C soc2@44.687C soc0@45.781C gpu@46.75C tj@46.75C soc1@45.468C VDD_IN 7491mW/6145mW VDD_CPU_GPU_CV 1600mW/785mW VDD_SOC 3320mW/2985mW
09-02-2026 16:21:51 RAM 1827/7620MB (lfb 117x4MB) SWAP 1/3810MB (cached 0MB) CPU [1%@729,9%@729,2%@729,1%@729,75%@729,1%@729] GR3D_FREQ 0% cpu@45.656C soc2@44.437C soc0@45.75C gpu@46.593C tj@46.593C soc1@45.75C VDD_IN 5889mW/6144mW VDD_CPU_GPU_CV 640mW/785mW VDD_SOC 2960mW/2985mW
09-02-2026 16:21:56 RAM 1827/7620MB (lfb 117x4MB) SWAP 1/3810MB (cached 0MB) CPU [0%@729,0%@729,0%@729,0%@729,0%@729,0%@729] GR3D_FREQ 0% cpu@45.656C soc2@44.281C soc0@45.625C gpu@46.343C tj@46.343C soc1@45.406C VDD_IN 5528mW/6142mW VDD_CPU_GPU_CV 480mW/784mW VDD_SOC 2800mW/2985mW
09-02-2026 16:22:01 RAM 1731/7620MB (lfb 117x4MB) SWAP 1/3810MB (cached 0MB) CPU [60%@1728,4%@1728,4%@1728,4%@1728,37%@729,4%@729] GR3D_FREQ 0% cpu@46.312C soc2@44.656C soc0@45.937C gpu@47.031C tj@47.031C soc1@45.687C VDD_IN 7411mW/6146mW VDD_CPU_GPU_CV 1520mW/786mW VDD_SOC 3320mW/2985mW
09-02-2026 16:22:06 RAM 1866/7620MB (lfb 117x4MB) SWAP 1/3810MB (cached 0MB) CPU [100%@1728,1%@1728,1%@1728,1%@1728,1%@729,1%@729] GR3D_FREQ 0% cpu@46.406C soc2@44.781C soc0@46.031C gpu@46.968C tj@46.968C soc1@45.562C VDD_IN 7451mW/6149mW VDD_CPU_GPU_CV 1520mW/788mW VDD_SOC 3365mW/2986mW
09-02-2026 16:22:11 RAM 2266/7620MB (lfb 93x4MB) SWAP 1/3810MB (cached 0MB) CPU [35%@1728,20%@1728,0%@1728,1%@1728,0%@729,0%@729] GR3D_FREQ 11% cpu@46.218C soc2@44.656C soc0@46C gpu@46.875C tj@46.875C soc1@45.968C VDD_IN 7556mW/6152mW VDD_CPU_GPU_CV 1444mW/790mW VDD_SOC 3376mW/2987mW
09-02-2026 16:22:16 RAM 2333/7620MB (lfb 88x4MB) SWAP 1/3810MB (cached 0MB) CPU [14%@729,32%@729,14%@729,11%@729,9%@729,7%@729] GR3D_FREQ 6% cpu@45.968C soc2@44.625C soc0@45.937C gpu@46.781C tj@46.781C soc1@45.781C VDD_IN 6360mW/6153mW VDD_CPU_GPU_CV 763mW/790mW VDD_SOC 3054mW/2987mW
09-02-2026 16:22:21 RAM 2333/7620MB (lfb 88x4MB) SWAP 1/3810MB (cached 0MB) CPU [24%@729,17%@729,10%@729,15%@729,7%@729,7%@729] GR3D_FREQ 0% cpu@45.812C soc2@44.437C soc0@45.843C gpu@46.687C tj@46.687C soc1@45.843C VDD_IN 6279mW/6153mW VDD_CPU_GPU_CV 723mW/789mW VDD_SOC 3014mW/2988mW
09-02-2026 16:22:26 RAM 2338/7620MB (lfb 88x4MB) SWAP 1/3810MB (cached 0MB) CPU [18%@729,31%@729,8%@729,13%@729,9%@729,8%@729] GR3D_FREQ 21% cpu@46C soc2@44.562C soc0@45.875C gpu@46.625C tj@46.625C soc1@45.843C VDD_IN 6400mW/6154mW VDD_CPU_GPU_CV 803mW/789mW VDD_SOC 3054mW/2988mW
09-02-2026 16:22:31 RAM 2337/7620MB (lfb 88x4MB) SWAP 1/3810MB (cached 0MB) CPU [12%@729,10%@729,30%@729,15%@729,7%@729,7%@729] GR3D_FREQ 16% cpu@45.781C soc2@44.5C soc0@45.843C gpu@46.718C tj@46.718C soc1@45.937C VDD_IN 6320mW/6154mW VDD_CPU_GPU_CV 763mW/789mW VDD_SOC 3014mW/2988mW
09-02-2026 16:22:36 RAM 2337/7620MB (lfb 88x4MB) SWAP 1/3810MB (cached 0MB) CPU [22%@729,13%@729,10%@729,19%@729,9%@729,8%@729] GR3D_FREQ 6% cpu@45.968C soc2@44.437C soc0@45.875C gpu@47.156C tj@47.156C soc1@45.843C VDD_IN 6118mW/6154mW VDD_CPU_GPU_CV 683mW/789mW VDD_SOC 2974mW/2988mW
09-02-2026 16:22:41 RAM 2337/7620MB (lfb 88x4MB) SWAP 1/3810MB (cached 0MB) CPU [5%@729,0%@729,1%@729,1%@729,1%@729,0%@729] GR3D_FREQ 8% cpu@45.625C soc2@44.375C soc0@45.875C gpu@46.75C tj@46.75C soc1@45.656C VDD_IN 5827mW/6153mW VDD_CPU_GPU_CV 562mW/788mW VDD_SOC 2853mW/2987mW
09-02-2026 16:22:46 RAM 1882/7620MB (lfb 111x4MB) SWAP 1/3810MB (cached 0MB) CPU [2%@729,2%@729,39%@729,0%@729,1%@883,0%@883] GR3D_FREQ 0% cpu@46.218C soc2@44.625C soc0@45.843C gpu@47.156C tj@47.156C soc1@45.687C VDD_IN 7355mW/6156mW VDD_CPU_GPU_CV 1205mW/790mW VDD_SOC 3376mW/2988mW
09-02-2026 16:22:51 RAM 1454/7620MB (lfb 117x4MB) SWAP 1/3810MB (cached 0MB) CPU [25%@1420,3%@1420,3%@1420,5%@1420,77%@729,2%@729] GR3D_FREQ 0% cpu@46.093C soc2@44.75C soc0@46C gpu@47C tj@47C soc1@45.812C VDD_IN 7291mW/6159mW VDD_CPU_GPU_CV 1280mW/791mW VDD_SOC 3360mW/2989mW
09-02-2026 16:22:56 RAM 1453/7620MB (lfb 117x4MB) SWAP 1/3810MB (cached 0MB) CPU [15%@729,1%@729,2%@729,1%@729,1%@729,1%@729] GR3D_FREQ 0% cpu@45.625C soc2@44.343C soc0@45.875C gpu@46.906C tj@46.906C soc1@45.531C VDD_IN 5488mW/6157mW VDD_CPU_GPU_CV 480mW/790mW VDD_SOC 2800mW/2989mW
09-02-2026 16:23:01 RAM 1453/7620MB (lfb 117x4MB) SWAP 1/3810MB (cached 0MB) CPU [0%@729,0%@729,0%@729,0%@729,0%@729,0%@729] GR3D_FREQ 0% cpu@45.593C soc2@44.187C soc0@45.687C gpu@46.375C tj@46.375C soc1@45.343C VDD_IN 5488mW/6156mW VDD_CPU_GPU_CV 480mW/789mW VDD_SOC 2800mW/2988mW
09-02-2026 16:23:06 RAM 1453/7620MB (lfb 117x4MB) SWAP 1/3810MB (cached 0MB) CPU [0%@729,0%@729,0%@729,0%@729,0%@729,0%@729] GR3D_FREQ 0% cpu@45.562C soc2@44.156C soc0@45.531C gpu@46.75C tj@46.75C soc1@45.343C VDD_IN 5488mW/6154mW VDD_CPU_GPU_CV 480mW/788mW VDD_SOC 2800mW/2988mW
09-02-2026 16:23:11 RAM 1453/7620MB (lfb 117x4MB) SWAP 1/3810MB (cached 0MB) CPU [0%@729,0%@729,0%@729,0%@729,0%@729,0%@729] GR3D_FREQ 0% cpu@45.281C soc2@44.093C soc0@45.625C gpu@46.187C tj@46.187C soc1@45.187C VDD_IN 5488mW/6153mW VDD_CPU_GPU_CV 480mW/788mW VDD_SOC 2804mW/2987mW
09-02-2026 16:23:16 RAM 1453/7620MB (lfb 117x4MB) SWAP 1/3810MB (cached 0MB) CPU [0%@729,0%@729,0%@729,0%@729,0%@729,0%@729] GR3D_FREQ 0% cpu@45.281C soc2@43.968C soc0@45.468C gpu@46.406C tj@46.406C soc1@45.093C VDD_IN 5488mW/6151mW VDD_CPU_GPU_CV 480mW/787mW VDD_SOC 2800mW/2987mW
09-02-2026 16:23:21 RAM 1453/7620MB (lfb 117x4MB) SWAP 1/3810MB (cached 0MB) CPU [0%@729,0%@729,0%@729,0%@729,0%@729,0%@729] GR3D_FREQ 0% cpu@45.406C soc2@44.062C soc0@45.312C gpu@46.156C tj@46.156C soc1@45.062C VDD_IN 5488mW/6149mW VDD_CPU_GPU_CV 480mW/786mW VDD_SOC 2800mW/2987mW
09-02-2026 16:23:26 RAM 1453/7620MB (lfb 117x4MB) SWAP 1/3810MB (cached 0MB) CPU [1%@729,0%@729,0%@729,0%@729,0%@729,0%@729] GR3D_FREQ 0% cpu@45.406C soc2@43.875C soc0@45.187C gpu@46.093C tj@46.093C soc1@44.968C VDD_IN 5488mW/6148mW VDD_CPU_GPU_CV 480mW/785mW VDD_SOC 2804mW/2986mW
09-02-2026 16:23:31 RAM 1453/7620MB (lfb 117x4MB) SWAP 1/3810MB (cached 0MB) CPU [1%@729,0%@729,0%@729,0%@729,0%@729,0%@729] GR3D_FREQ 0% cpu@45.125C soc2@43.843C soc0@45.406C gpu@46.031C tj@46.031C soc1@44.937C VDD_IN 5488mW/6146mW VDD_CPU_GPU_CV 480mW/785mW VDD_SOC 2804mW/2986mW
09-02-2026 16:23:36 RAM 1453/7620MB (lfb 117x4MB) SWAP 1/3810MB (cached 0MB) CPU [0%@729,0%@729,0%@729,0%@729,0%@729,0%@729] GR3D_FREQ 0% cpu@45.062C soc2@43.718C soc0@45.312C gpu@45.875C tj@45.875C soc1@44.875C VDD_IN 5488mW/6145mW VDD_CPU_GPU_CV 480mW/784mW VDD_SOC 2800mW/2985mW
09-02-2026 16:23:41 RAM 1454/7620MB (lfb 117x4MB) SWAP 1/3810MB (cached 0MB) CPU [2%@729,1%@729,1%@729,0%@729,0%@729,0%@729] GR3D_FREQ 0% cpu@44.843C soc2@43.687C soc0@45.187C gpu@45.875C tj@45.875C soc1@44.812C VDD_IN 5488mW/6143mW VDD_CPU_GPU_CV 480mW/783mW VDD_SOC 2800mW/2985mW
09-02-2026 16:23:46 RAM 1719/7620MB (lfb 117x4MB) SWAP 1/3810MB (cached 0MB) CPU [60%@1728,4%@1728,5%@1728,4%@1728,3%@729,3%@729] GR3D_FREQ 0% cpu@45.968C soc2@44.218C soc0@45.187C gpu@46.25C tj@46.25C soc1@45C VDD_IN 7411mW/6146mW VDD_CPU_GPU_CV 1560mW/785mW VDD_SOC 3320mW/2986mW
09-02-2026 16:23:51 RAM 1729/7620MB (lfb 117x4MB) SWAP 1/3810MB (cached 0MB) CPU [41%@1728,61%@1728,2%@1728,2%@1728,2%@729,2%@729] GR3D_FREQ 0% cpu@45.593C soc2@44.156C soc0@45.312C gpu@46.312C tj@46.312C soc1@45.125C VDD_IN 7411mW/6149mW VDD_CPU_GPU_CV 1560mW/787mW VDD_SOC 3320mW/2986mW
09-02-2026 16:23:56 RAM 1829/7620MB (lfb 117x4MB) SWAP 1/3810MB (cached 0MB) CPU [2%@729,55%@729,2%@729,2%@729,1%@729,1%@729] GR3D_FREQ 0% cpu@45.375C soc2@43.906C soc0@45.218C gpu@46.218C tj@46.218C soc1@45.062C VDD_IN 5528mW/6148mW VDD_CPU_GPU_CV 480mW/786mW VDD_SOC 2800mW/2986mW
09-02-2026 16:24:01 RAM 1829/7620MB (lfb 117x4MB) SWAP 1/3810MB (cached 0MB) CPU [0%@1728,23%@1728,0%@1728,0%@1728,0%@729,0%@729] GR3D_FREQ 0% cpu@45.562C soc2@44.031C soc0@45.375C gpu@46.218C tj@46.5C soc1@44.968C VDD_IN 7091mW/6150mW VDD_CPU_GPU_CV 1120mW/787mW VDD_SOC 3360mW/2987mW
09-02-2026 16:24:06 RAM 1785/7620MB (lfb 117x4MB) SWAP 1/3810MB (cached 0MB) CPU [12%@1728,91%@1728,4%@1728,4%@1728,4%@729,4%@729] GR3D_FREQ 0% cpu@45.968C soc2@44.187C soc0@45.468C gpu@46.312C tj@46.562C soc1@45.218C VDD_IN 7411mW/6153mW VDD_CPU_GPU_CV 1440mW/789mW VDD_SOC 3360mW/2988mW
09-02-2026 16:24:11 RAM 2092/7620MB (lfb 88x4MB) SWAP 1/3810MB (cached 0MB) CPU [1%@1728,100%@1728,1%@1728,1%@1728,1%@729,1%@729] GR3D_FREQ 0% cpu@46.031C soc2@44.437C soc0@45.718C gpu@46.5C tj@46.5C soc1@45.343C VDD_IN 7532mW/6156mW VDD_CPU_GPU_CV 1640mW/791mW VDD_SOC 3320mW/2988mW
09-02-2026 16:24:16 RAM 2325/7620MB (lfb 88x4MB) SWAP 1/3810MB (cached 0MB) CPU [6%@729,31%@729,6%@729,7%@729,2%@729,2%@729] GR3D_FREQ 1% cpu@45.468C soc2@44.156C soc0@45.593C gpu@46.312C tj@46.312C soc1@45.5C VDD_IN 6400mW/6157mW VDD_CPU_GPU_CV 803mW/791mW VDD_SOC 3054mW/2989mW
09-02-2026 16:24:21 RAM 2326/7620MB (lfb 88x4MB) SWAP 1/3810MB (cached 0MB) CPU [15%@729,9%@729,7%@729,33%@729,9%@729,10%@729] GR3D_FREQ 4% cpu@45.562C soc2@44.156C soc0@45.593C gpu@46.593C tj@46.593C soc1@45.343C VDD_IN 6320mW/6157mW VDD_CPU_GPU_CV 763mW/791mW VDD_SOC 3019mW/2989mW
09-02-2026 16:24:26 RAM 2324/7620MB (lfb 88x4MB) SWAP 1/3810MB (cached 0MB) CPU [16%@729,16%@729,11%@729,16%@729,8%@729,16%@729] GR3D_FREQ 16% cpu@45.437C soc2@44.125C soc0@45.5C gpu@46.281C tj@46.281C soc1@45.437C VDD_IN 6360mW/6157mW VDD_CPU_GPU_CV 763mW/790mW VDD_SOC 3054mW/2989mW
09-02-2026 16:24:31 RAM 2324/7620MB (lfb 88x4MB) SWAP 1/3810MB (cached 0MB) CPU [12%@729,8%@729,12%@729,7%@729,15%@729,28%@729] GR3D_FREQ 6% cpu@45.562C soc2@44.093C soc0@45.406C gpu@46.687C tj@46.687C soc1@45.343C VDD_IN 6320mW/6158mW VDD_CPU_GPU_CV 763mW/790mW VDD_SOC 3014mW/2989mW
09-02-2026 16:24:36 RAM 2324/7620MB (lfb 88x4MB) SWAP 1/3810MB (cached 0MB) CPU [10%@729,23%@729,16%@729,11%@729,13%@729,7%@729] GR3D_FREQ 8% cpu@45.656C soc2@44.093C soc0@45.406C gpu@46.375C tj@46.375C soc1@45.531C VDD_IN 6400mW/6158mW VDD_CPU_GPU_CV 803mW/790mW VDD_SOC 3054mW/2989mW
09-02-2026 16:24:41 RAM 2324/7620MB (lfb 88x4MB) SWAP 1/3810MB (cached 0MB) CPU [9%@729,20%@729,10%@729,4%@729,5%@729,5%@729] GR3D_FREQ 6% cpu@45.312C soc2@44.031C soc0@45.562C gpu@46.437C tj@46.437C soc1@45.343C VDD_IN 5837mW/6158mW VDD_CPU_GPU_CV 522mW/790mW VDD_SOC 2934mW/2989mW
09-02-2026 16:24:46 RAM 2324/7620MB (lfb 88x4MB) SWAP 1/3810MB (cached 0MB) CPU [5%@729,1%@729,3%@729,1%@729,0%@729,0%@729] GR3D_FREQ 8% cpu@45.218C soc2@43.906C soc0@45.562C gpu@46.281C tj@46.25C soc1@45.375C VDD_IN 5837mW/6157mW VDD_CPU_GPU_CV 562mW/789mW VDD_SOC 2853mW/2989mW
09-02-2026 16:24:51 RAM 1671/7620MB (lfb 115x4MB) SWAP 1/3810MB (cached 0MB) CPU [4%@1728,3%@1728,28%@1728,41%@1728,5%@729,6%@729] GR3D_FREQ 0% cpu@46.437C soc2@44.25C soc0@45.531C gpu@46.781C tj@46.781C soc1@45.281C VDD_IN 7532mW/6160mW VDD_CPU_GPU_CV 1640mW/791mW VDD_SOC 3320mW/2989mW
09-02-2026 16:24:56 RAM 1455/7620MB (lfb 115x4MB) SWAP 1/3810MB (cached 0MB) CPU [15%@729,1%@729,39%@729,1%@729,33%@729,1%@729] GR3D_FREQ 0% cpu@45.531C soc2@44.156C soc0@45.687C gpu@46.281C tj@46.281C soc1@45.343C VDD_IN 5889mW/6159mW VDD_CPU_GPU_CV 640mW/791mW VDD_SOC 2960mW/2989mW
09-02-2026 16:25:01 RAM 1455/7620MB (lfb 116x4MB) SWAP 1/3810MB (cached 0MB) CPU [2%@729,2%@729,0%@729,1%@729,0%@729,0%@729] GR3D_FREQ 0% cpu@45.281C soc2@43.968C soc0@45.437C gpu@46.406C tj@46.406C soc1@45.218C VDD_IN 5528mW/6158mW VDD_CPU_GPU_CV 480mW/790mW VDD_SOC 2800mW/2989mW
09-02-2026 16:25:06 RAM 1455/7620MB (lfb 116x4MB) SWAP 1/3810MB (cached 0MB) CPU [0%@729,0%@729,0%@729,0%@729,0%@729,0%@729] GR3D_FREQ 0% cpu@45.312C soc2@43.906C soc0@45.343C gpu@45.968C tj@45.968C soc1@45.031C VDD_IN 5488mW/6156mW VDD_CPU_GPU_CV 480mW/790mW VDD_SOC 2800mW/2988mW
09-02-2026 16:25:11 RAM 1456/7620MB (lfb 116x4MB) SWAP 1/3810MB (cached 0MB) CPU [1%@729,0%@729,0%@729,0%@729,0%@729,0%@729] GR3D_FREQ 0% cpu@45.093C soc2@43.781C soc0@45.312C gpu@46C tj@46C soc1@45.062C VDD_IN 5528mW/6155mW VDD_CPU_GPU_CV 520mW/789mW VDD_SOC 2800mW/2988mW
09-02-2026 16:25:16 RAM 1453/7620MB (lfb 117x4MB) SWAP 1/3810MB (cached 0MB) CPU [3%@729,3%@729,2%@729,1%@729,0%@729,1%@729] GR3D_FREQ 0% cpu@45.187C soc2@43.812C soc0@45.218C gpu@46.406C tj@46.406C soc1@44.875C VDD_IN 5488mW/6153mW VDD_CPU_GPU_CV 480mW/788mW VDD_SOC 2800mW/2988mW
09-02-2026 16:25:21 RAM 1453/7620MB (lfb 117x4MB) SWAP 1/3810MB (cached 0MB) CPU [0%@729,0%@729,0%@729,0%@729,0%@729,0%@729] GR3D_FREQ 0% cpu@45.125C soc2@43.656C soc0@45.093C gpu@45.875C tj@45.875C soc1@44.875C VDD_IN 5488mW/6152mW VDD_CPU_GPU_CV 480mW/787mW VDD_SOC 2800mW/2987mW
09-02-2026 16:25:26 RAM 1453/7620MB (lfb 117x4MB) SWAP 1/3810MB (cached 0MB) CPU [1%@729,0%@729,1%@729,1%@729,0%@729,0%@729] GR3D_FREQ 0% cpu@45.156C soc2@43.687C soc0@45.093C gpu@46.25C tj@46.25C soc1@44.781C VDD_IN 5488mW/6150mW VDD_CPU_GPU_CV 480mW/787mW VDD_SOC 2800mW/2987mW
09-02-2026 16:25:31 RAM 1453/7620MB (lfb 117x4MB) SWAP 1/3810MB (cached 0MB) CPU [0%@729,0%@729,0%@729,0%@729,0%@729,0%@729] GR3D_FREQ 0% cpu@45.125C soc2@43.687C soc0@45.031C gpu@45.875C tj@45.875C soc1@44.687C VDD_IN 5488mW/6149mW VDD_CPU_GPU_CV 480mW/786mW VDD_SOC 2800mW/2986mW
09-02-2026 16:25:36 RAM 1453/7620MB (lfb 117x4MB) SWAP 1/3810MB (cached 0MB) CPU [0%@729,0%@729,0%@729,0%@729,0%@729,0%@729] GR3D_FREQ 0% cpu@44.812C soc2@43.468C soc0@44.843C gpu@45.718C tj@45.718C soc1@44.656C VDD_IN 5488mW/6147mW VDD_CPU_GPU_CV 480mW/785mW VDD_SOC 2800mW/2986mW
09-02-2026 16:25:41 RAM 1453/7620MB (lfb 117x4MB) SWAP 1/3810MB (cached 0MB) CPU [0%@729,0%@729,0%@729,0%@729,0%@729,0%@729] GR3D_FREQ 0% cpu@44.75C soc2@43.437C soc0@44.718C gpu@45.687C tj@45.687C soc1@44.625C VDD_IN 5488mW/6146mW VDD_CPU_GPU_CV 480mW/785mW VDD_SOC 2800mW/2985mW
09-02-2026 16:25:46 RAM 1453/7620MB (lfb 117x4MB) SWAP 1/3810MB (cached 0MB) CPU [0%@729,0%@729,0%@729,0%@729,0%@729,0%@729] GR3D_FREQ 0% cpu@44.656C soc2@43.343C soc0@44.906C gpu@45.468C tj@45.468C soc1@44.437C VDD_IN 5488mW/6144mW VDD_CPU_GPU_CV 480mW/784mW VDD_SOC 2804mW/2985mW
09-02-2026 16:25:51 RAM 1453/7620MB (lfb 117x4MB) SWAP 1/3810MB (cached 0MB) CPU [0%@729,0%@729,0%@729,0%@729,0%@729,0%@729] GR3D_FREQ 0% cpu@44.531C soc2@43.281C soc0@44.718C gpu@45.343C tj@45.343C soc1@44.562C VDD_IN 5488mW/6143mW VDD_CPU_GPU_CV 480mW/783mW VDD_SOC 2800mW/2985mW
09-02-2026 16:25:56 RAM 1453/7620MB (lfb 117x4MB) SWAP 1/3810MB (cached 0MB) CPU [0%@729,0%@729,0%@729,0%@729,0%@729,0%@729] GR3D_FREQ 0% cpu@44.656C soc2@43.25C soc0@44.687C gpu@45.375C tj@45.375C soc1@44.5C VDD_IN 5488mW/6142mW VDD_CPU_GPU_CV 480mW/783mW VDD_SOC 2800mW/2984mW
09-02-2026 16:26:01 RAM 1453/7620MB (lfb 117x4MB) SWAP 1/3810MB (cached 0MB) CPU [0%@729,0%@729,0%@729,0%@729,0%@729,0%@729] GR3D_FREQ 0% cpu@44.593C soc2@43.187C soc0@44.593C gpu@45.75C tj@45.75C soc1@44.375C VDD_IN 5488mW/6140mW VDD_CPU_GPU_CV 480mW/782mW VDD_SOC 2800mW/2984mW
09-02-2026 16:26:06 RAM 1453/7620MB (lfb 117x4MB) SWAP 1/3810MB (cached 0MB) CPU [0%@729,0%@729,0%@729,0%@729,0%@729,0%@729] GR3D_FREQ 0% cpu@44.437C soc2@43.187C soc0@44.656C gpu@45.281C tj@45.281C soc1@44.25C VDD_IN 5488mW/6139mW VDD_CPU_GPU_CV 480mW/781mW VDD_SOC 2804mW/2983mW
09-02-2026 16:26:11 RAM 1453/7620MB (lfb 117x4MB) SWAP 1/3810MB (cached 0MB) CPU [0%@729,0%@729,0%@729,0%@729,0%@729,0%@729] GR3D_FREQ 0% cpu@44.437C soc2@43.125C soc0@44.656C gpu@45.625C tj@45.625C soc1@44.218C VDD_IN 5488mW/6137mW VDD_CPU_GPU_CV 480mW/781mW VDD_SOC 2800mW/2983mW
09-02-2026 16:26:16 RAM 1453/7620MB (lfb 117x4MB) SWAP 1/3810MB (cached 0MB) CPU [0%@729,0%@729,0%@729,0%@729,0%@729,0%@729] GR3D_FREQ 0% cpu@44.656C soc2@43.093C soc0@44.5C gpu@45.218C tj@45.218C soc1@44.281C VDD_IN 5488mW/6136mW VDD_CPU_GPU_CV 480mW/780mW VDD_SOC 2800mW/2983mW
09-02-2026 16:26:22 RAM 1453/7620MB (lfb 117x4MB) SWAP 1/3810MB (cached 0MB) CPU [0%@729,0%@729,0%@729,0%@729,0%@729,0%@729] GR3D_FREQ 0% cpu@44.343C soc2@43C soc0@44.531C gpu@45.156C tj@45.156C soc1@44.156C VDD_IN 5488mW/6134mW VDD_CPU_GPU_CV 480mW/779mW VDD_SOC 2800mW/2982mW
09-02-2026 16:26:27 RAM 1453/7620MB (lfb 117x4MB) SWAP 1/3810MB (cached 0MB) CPU [0%@729,0%@729,0%@729,0%@729,0%@729,0%@729] GR3D_FREQ 0% cpu@44.187C soc2@43C soc0@44.406C gpu@45.062C tj@45.062C soc1@44.031C VDD_IN 5488mW/6133mW VDD_CPU_GPU_CV 480mW/779mW VDD_SOC 2800mW/2982mW
09-02-2026 16:26:32 RAM 1453/7620MB (lfb 117x4MB) SWAP 1/3810MB (cached 0MB) CPU [0%@729,0%@729,0%@729,0%@729,0%@729,0%@729] GR3D_FREQ 0% cpu@44.218C soc2@42.937C soc0@44.375C gpu@45.343C tj@45.156C soc1@44.031C VDD_IN 5488mW/6131mW VDD_CPU_GPU_CV 480mW/778mW VDD_SOC 2800mW/2981mW
09-02-2026 16:26:37 RAM 1455/7620MB (lfb 117x4MB) SWAP 1/3810MB (cached 0MB) CPU [1%@729,1%@729,0%@729,1%@729,0%@729,0%@729] GR3D_FREQ 0% cpu@44.218C soc2@42.875C soc0@44.468C gpu@45C tj@45C soc1@44.093C VDD_IN 5649mW/6130mW VDD_CPU_GPU_CV 560mW/777mW VDD_SOC 2840mW/2981mW
09-02-2026 16:26:42 RAM 1454/7620MB (lfb 117x4MB) SWAP 1/3810MB (cached 0MB) CPU [2%@729,1%@729,1%@729,2%@729,0%@729,0%@729] GR3D_FREQ 0% cpu@44.281C soc2@42.843C soc0@44.281C gpu@45.093C tj@45.093C soc1@44C VDD_IN 5528mW/6129mW VDD_CPU_GPU_CV 480mW/777mW VDD_SOC 2800mW/2981mW
09-02-2026 16:26:47 RAM 1454/7620MB (lfb 117x4MB) SWAP 1/3810MB (cached 0MB) CPU [0%@729,0%@729,0%@729,0%@729,0%@729,0%@729] GR3D_FREQ 0% cpu@44.156C soc2@42.75C soc0@44.25C gpu@45.093C tj@45.093C soc1@43.937C VDD_IN 5488mW/6128mW VDD_CPU_GPU_CV 480mW/776mW VDD_SOC 2800mW/2980mW
09-02-2026 16:26:52 RAM 1455/7620MB (lfb 117x4MB) SWAP 1/3810MB (cached 0MB) CPU [1%@729,0%@729,2%@729,0%@729,0%@729,0%@729] GR3D_FREQ 0% cpu@44.281C soc2@42.781C soc0@44.187C gpu@45.156C tj@45.156C soc1@43.968C VDD_IN 5608mW/6126mW VDD_CPU_GPU_CV 560mW/776mW VDD_SOC 2800mW/2980mW
09-02-2026 16:26:57 RAM 1515/7620MB (lfb 117x4MB) SWAP 1/3810MB (cached 0MB) CPU [3%@1728,17%@1728,3%@1728,3%@1728,1%@729,1%@729] GR3D_FREQ 0% cpu@44.531C soc2@43.125C soc0@44.25C gpu@45.531C tj@45.531C soc1@44.062C VDD_IN 7171mW/6129mW VDD_CPU_GPU_CV 1400mW/777mW VDD_SOC 3240mW/2980mW
09-02-2026 16:27:02 RAM 1612/7620MB (lfb 117x4MB) SWAP 1/3810MB (cached 0MB) CPU [4%@1728,99%@1728,4%@1728,3%@1728,4%@1728,4%@1728] GR3D_FREQ 0% cpu@45.437C soc2@43.375C soc0@44.562C gpu@45.593C tj@45.593C soc1@44.218C VDD_IN 7732mW/6132mW VDD_CPU_GPU_CV 1840mW/779mW VDD_SOC 3325mW/2981mW
09-02-2026 16:27:07 RAM 1827/7620MB (lfb 117x4MB) SWAP 1/3810MB (cached 0MB) CPU [1%@729,96%@729,1%@729,1%@729,1%@729,1%@729] GR3D_FREQ 0% cpu@44.625C soc2@43.375C soc0@44.656C gpu@45.437C tj@45.437C soc1@44.343C VDD_IN 6810mW/6134mW VDD_CPU_GPU_CV 1160mW/780mW VDD_SOC 3160mW/2982mW
09-02-2026 16:27:12 RAM 1827/7620MB (lfb 117x4MB) SWAP 1/3810MB (cached 0MB) CPU [0%@729,1%@729,0%@729,0%@729,0%@729,0%@729] GR3D_FREQ 0% cpu@44.312C soc2@43.093C soc0@44.531C gpu@45.406C tj@45.406C soc1@44.343C VDD_IN 5488mW/6132mW VDD_CPU_GPU_CV 480mW/780mW VDD_SOC 2800mW/2981mW
09-02-2026 16:27:17 RAM 1702/7620MB (lfb 117x4MB) SWAP 1/3810MB (cached 0MB) CPU [4%@1728,38%@1728,47%@1728,4%@1728,4%@729,4%@729] GR3D_FREQ 0% cpu@45.687C soc2@43.437C soc0@44.718C gpu@45.718C tj@45.718C soc1@44.375C VDD_IN 7371mW/6135mW VDD_CPU_GPU_CV 1560mW/781mW VDD_SOC 3325mW/2982mW
09-02-2026 16:27:22 RAM 1852/7620MB (lfb 117x4MB) SWAP 1/3810MB (cached 0MB) CPU [1%@1728,1%@1728,100%@1728,1%@1728,1%@729,1%@729] GR3D_FREQ 0% cpu@45.687C soc2@43.625C soc0@44.937C gpu@45.687C tj@45.687C soc1@44.593C VDD_IN 7451mW/6138mW VDD_CPU_GPU_CV 1640mW/783mW VDD_SOC 3285mW/2983mW
09-02-2026 16:27:27 RAM 1940/7620MB (lfb 107x4MB) SWAP 1/3810MB (cached 0MB) CPU [2%@729,0%@729,53%@729,1%@729,1%@729,0%@729] GR3D_FREQ 1% cpu@44.875C soc2@43.5C soc0@44.875C gpu@45.562C tj@45.562C soc1@44.781C VDD_IN 5917mW/6137mW VDD_CPU_GPU_CV 562mW/783mW VDD_SOC 2934mW/2982mW
09-02-2026 16:27:32 RAM 2327/7620MB (lfb 88x4MB) SWAP 1/3810MB (cached 0MB) CPU [12%@729,41%@729,9%@729,9%@729,5%@729,6%@729] GR3D_FREQ 18% cpu@44.843C soc2@43.531C soc0@44.937C gpu@45.656C tj@45.656C soc1@44.875C VDD_IN 6400mW/6138mW VDD_CPU_GPU_CV 803mW/783mW VDD_SOC 3054mW/2983mW
09-02-2026 16:27:37 RAM 2327/7620MB (lfb 88x4MB) SWAP 1/3810MB (cached 0MB) CPU [13%@729,18%@729,14%@729,17%@729,8%@729,11%@729] GR3D_FREQ 20% cpu@44.843C soc2@43.625C soc0@44.843C gpu@45.968C tj@45.968C soc1@44.812C VDD_IN 6279mW/6138mW VDD_CPU_GPU_CV 763mW/783mW VDD_SOC 3014mW/2983mW
09-02-2026 16:27:42 RAM 2327/7620MB (lfb 88x4MB) SWAP 1/3810MB (cached 0MB) CPU [31%@729,11%@729,13%@729,7%@729,9%@729,13%@729] GR3D_FREQ 7% cpu@45C soc2@43.656C soc0@45.093C gpu@45.781C tj@45.781C soc1@44.843C VDD_IN 6521mW/6139mW VDD_CPU_GPU_CV 844mW/783mW VDD_SOC 3094mW/2983mW
09-02-2026 16:27:47 RAM 2327/7620MB (lfb 88x4MB) SWAP 1/3810MB (cached 0MB) CPU [10%@729,31%@729,12%@729,10%@729,11%@729,10%@729] GR3D_FREQ 11% cpu@45.031C soc2@43.718C soc0@44.968C gpu@46.093C tj@46.093C soc1@44.937C VDD_IN 6320mW/6139mW VDD_CPU_GPU_CV 763mW/783mW VDD_SOC 3014mW/2983mW
09-02-2026 16:27:52 RAM 2327/7620MB (lfb 88x4MB) SWAP 1/3810MB (cached 0MB) CPU [15%@729,7%@729,14%@729,26%@729,11%@729,8%@729] GR3D_FREQ 4% cpu@45.031C soc2@43.656C soc0@45.187C gpu@46.031C tj@45.875C soc1@44.906C VDD_IN 6682mW/6141mW VDD_CPU_GPU_CV 964mW/783mW VDD_SOC 3134mW/2983mW
09-02-2026 16:27:57 RAM 2327/7620MB (lfb 88x4MB) SWAP 1/3810MB (cached 0MB) CPU [3%@729,1%@729,1%@729,1%@729,4%@729,1%@729] GR3D_FREQ 0% cpu@45.031C soc2@43.531C soc0@45.031C gpu@46.125C tj@46.125C soc1@44.937C VDD_IN 5787mW/6140mW VDD_CPU_GPU_CV 562mW/783mW VDD_SOC 2853mW/2983mW
09-02-2026 16:28:02 RAM 2327/7620MB (lfb 88x4MB) SWAP 1/3810MB (cached 0MB) CPU [2%@1728,0%@1728,30%@1728,0%@1728,2%@729,2%@729] GR3D_FREQ 0% cpu@45.562C soc2@43.75C soc0@45.218C gpu@45.875C tj@45.875C soc1@44.937C VDD_IN 7366mW/6142mW VDD_CPU_GPU_CV 1125mW/783mW VDD_SOC 3416mW/2984mW
09-02-2026 16:28:07 RAM 1746/7620MB (lfb 114x4MB) SWAP 1/3810MB (cached 0MB) CPU [3%@729,3%@729,15%@729,7%@729,85%@1728,2%@1728] GR3D_FREQ 0% cpu@45.718C soc2@44C soc0@45.187C gpu@46.406C tj@46.406C soc1@45C VDD_IN 7331mW/6145mW VDD_CPU_GPU_CV 1280mW/784mW VDD_SOC 3400mW/2985mW
09-02-2026 16:28:12 RAM 1456/7620MB (lfb 115x4MB) SWAP 1/3810MB (cached 0MB) CPU [0%@729,0%@729,0%@729,0%@729,9%@729,0%@729] GR3D_FREQ 0% cpu@44.968C soc2@43.687C soc0@45.093C gpu@45.968C tj@45.968C soc1@44.843C VDD_IN 5488mW/6144mW VDD_CPU_GPU_CV 480mW/784mW VDD_SOC 2804mW/2984mW
09-02-2026 16:28:17 RAM 1456/7620MB (lfb 115x4MB) SWAP 1/3810MB (cached 0MB) CPU [0%@729,0%@729,0%@729,0%@729,0%@729,0%@729] GR3D_FREQ 0% cpu@44.812C soc2@43.593C soc0@45.031C gpu@46.187C tj@46.187C soc1@44.937C VDD_IN 5488mW/6142mW VDD_CPU_GPU_CV 480mW/783mW VDD_SOC 2804mW/2984mW
09-02-2026 16:28:22 RAM 1456/7620MB (lfb 115x4MB) SWAP 1/3810MB (cached 0MB) CPU [0%@729,0%@729,0%@729,0%@729,0%@729,0%@729] GR3D_FREQ 0% cpu@44.718C soc2@43.5C soc0@45C gpu@45.625C tj@45.625C soc1@44.812C VDD_IN 5488mW/6141mW VDD_CPU_GPU_CV 480mW/782mW VDD_SOC 2804mW/2984mW
09-02-2026 16:28:27 RAM 1603/7620MB (lfb 117x4MB) SWAP 1/3810MB (cached 0MB) CPU [5%@1728,5%@1728,35%@1728,4%@1728,3%@1497,3%@1497] GR3D_FREQ 0% cpu@46C soc2@43.875C soc0@45.125C gpu@46.156C tj@46.156C soc1@44.687C VDD_IN 7331mW/6143mW VDD_CPU_GPU_CV 1560mW/784mW VDD_SOC 3285mW/2984mW
09-02-2026 16:28:32 RAM 1629/7620MB (lfb 117x4MB) SWAP 1/3810MB (cached 0MB) CPU [3%@729,3%@729,79%@1728,3%@1728,23%@1728,3%@1728] GR3D_FREQ 0% cpu@45.875C soc2@43.968C soc0@45C gpu@46.187C tj@46.187C soc1@44.875C VDD_IN 7612mW/6146mW VDD_CPU_GPU_CV 1760mW/786mW VDD_SOC 3325mW/2985mW
09-02-2026 16:28:37 RAM 1833/7620MB (lfb 117x4MB) SWAP 1/3810MB (cached 0MB) CPU [2%@729,2%@729,2%@729,2%@729,93%@729,1%@729] GR3D_FREQ 0% cpu@45.156C soc2@43.968C soc0@45.281C gpu@46.375C tj@46.375C soc1@44.875C VDD_IN 6530mW/6147mW VDD_CPU_GPU_CV 1000mW/787mW VDD_SOC 3124mW/2985mW
09-02-2026 16:28:42 RAM 1833/7620MB (lfb 117x4MB) SWAP 1/3810MB (cached 0MB) CPU [1%@729,0%@729,0%@729,0%@729,0%@729,0%@729] GR3D_FREQ 0% cpu@45.156C soc2@43.593C soc0@45.093C gpu@45.812C tj@45.812C soc1@44.875C VDD_IN 5528mW/6146mW VDD_CPU_GPU_CV 480mW/786mW VDD_SOC 2804mW/2985mW
09-02-2026 16:28:47 RAM 1709/7620MB (lfb 117x4MB) SWAP 1/3810MB (cached 0MB) CPU [5%@1728,50%@1728,4%@1728,4%@1728,38%@729,4%@729] GR3D_FREQ 0% cpu@45.625C soc2@44.093C soc0@45.187C gpu@46.406C tj@46.406C soc1@44.906C VDD_IN 7451mW/6149mW VDD_CPU_GPU_CV 1520mW/788mW VDD_SOC 3325mW/2986mW
09-02-2026 16:28:52 RAM 1859/7620MB (lfb 117x4MB) SWAP 1/3810MB (cached 0MB) CPU [1%@1728,100%@1728,1%@1728,1%@1728,1%@729,1%@729] GR3D_FREQ 0% cpu@45.687C soc2@44.156C soc0@45.406C gpu@46.375C tj@46.375C soc1@45.156C VDD_IN 7491mW/6151mW VDD_CPU_GPU_CV 1680mW/789mW VDD_SOC 3285mW/2986mW
09-02-2026 16:28:57 RAM 1983/7620MB (lfb 104x4MB) SWAP 1/3810MB (cached 0MB) CPU [3%@1190,50%@1190,1%@1190,1%@1190,0%@729,0%@729] GR3D_FREQ 0% cpu@45.468C soc2@43.968C soc0@45.437C gpu@46.187C tj@46.187C soc1@45.218C VDD_IN 6038mW/6151mW VDD_CPU_GPU_CV 643mW/789mW VDD_SOC 2934mW/2986mW
09-02-2026 16:29:02 RAM 2352/7620MB (lfb 83x4MB) SWAP 1/3810MB (cached 0MB) CPU [10%@729,14%@729,27%@729,6%@729,19%@729,10%@729] GR3D_FREQ 6% cpu@45.343C soc2@43.968C soc0@45.437C gpu@46.125C tj@46.125C soc1@45.343C VDD_IN 6360mW/6152mW VDD_CPU_GPU_CV 803mW/789mW VDD_SOC 3054mW/2986mW
09-02-2026 16:29:07 RAM 2352/7620MB (lfb 83x4MB) SWAP 1/3810MB (cached 0MB) CPU [11%@729,11%@729,22%@729,21%@729,8%@729,7%@729] GR3D_FREQ 14% cpu@45.375C soc2@44C soc0@45.468C gpu@46.156C tj@46.156C soc1@45.218C VDD_IN 6279mW/6152mW VDD_CPU_GPU_CV 763mW/789mW VDD_SOC 3014mW/2986mW
09-02-2026 16:29:12 RAM 2353/7620MB (lfb 83x4MB) SWAP 1/3810MB (cached 0MB) CPU [11%@729,11%@729,12%@729,34%@729,8%@729,7%@729] GR3D_FREQ 9% cpu@45.5C soc2@43.937C soc0@45.375C gpu@46.187C tj@46.187C soc1@45.218C VDD_IN 6440mW/6153mW VDD_CPU_GPU_CV 844mW/789mW VDD_SOC 3054mW/2987mW
09-02-2026 16:29:17 RAM 2353/7620MB (lfb 83x4MB) SWAP 1/3810MB (cached 0MB) CPU [10%@729,14%@729,10%@729,12%@729,23%@729,12%@729] GR3D_FREQ 14% cpu@45.281C soc2@44C soc0@45.343C gpu@46.312C tj@46.312C soc1@45.156C VDD_IN 6320mW/6153mW VDD_CPU_GPU_CV 763mW/789mW VDD_SOC 3014mW/2987mW
09-02-2026 16:29:22 RAM 2353/7620MB (lfb 83x4MB) SWAP 1/3810MB (cached 0MB) CPU [13%@729,27%@729,15%@729,9%@729,7%@729,10%@729] GR3D_FREQ 6% cpu@45.531C soc2@43.968C soc0@45.343C gpu@46.031C tj@46.031C soc1@45.343C VDD_IN 6481mW/6154mW VDD_CPU_GPU_CV 844mW/789mW VDD_SOC 3094mW/2987mW
09-02-2026 16:29:27 RAM 2353/7620MB (lfb 83x4MB) SWAP 1/3810MB (cached 0MB) CPU [2%@729,1%@729,0%@729,0%@729,0%@729,5%@729] GR3D_FREQ 8% cpu@45.156C soc2@43.968C soc0@45.281C gpu@46.25C tj@46.25C soc1@45.125C VDD_IN 5837mW/6153mW VDD_CPU_GPU_CV 562mW/789mW VDD_SOC 2853mW/2987mW
09-02-2026 16:29:32 RAM 2353/7620MB (lfb 83x4MB) SWAP 1/3810MB (cached 0MB) CPU [2%@729,25%@729,1%@729,0%@729,10%@1728,1%@1728] GR3D_FREQ 0% cpu@45.468C soc2@44C soc0@45.312C gpu@46.656C tj@46.656C soc1@45.343C VDD_IN 7435mW/6156mW VDD_CPU_GPU_CV 1165mW/790mW VDD_SOC 3416mW/2987mW
09-02-2026 16:29:37 RAM 1756/7620MB (lfb 112x4MB) SWAP 1/3810MB (cached 0MB) CPU [3%@1728,6%@1728,4%@1728,89%@1728,10%@729,3%@729] GR3D_FREQ 0% cpu@45.843C soc2@44.125C soc0@45.406C gpu@46.5C tj@46.5C soc1@45.156C VDD_IN 7331mW/6158mW VDD_CPU_GPU_CV 1280mW/791mW VDD_SOC 3400mW/2988mW
09-02-2026 16:29:42 RAM 1462/7620MB (lfb 113x4MB) SWAP 1/3810MB (cached 0MB) CPU [0%@729,0%@729,0%@729,6%@729,0%@729,0%@729] GR3D_FREQ 0% cpu@45.187C soc2@43.812C soc0@45.312C gpu@46.468C tj@46.468C soc1@44.968C VDD_IN 5488mW/6157mW VDD_CPU_GPU_CV 480mW/790mW VDD_SOC 2800mW/2988mW
09-02-2026 16:29:47 RAM 1462/7620MB (lfb 113x4MB) SWAP 1/3810MB (cached 0MB) CPU [0%@729,0%@729,0%@729,0%@729,0%@729,0%@729] GR3D_FREQ 0% cpu@45.031C soc2@43.687C soc0@45.187C gpu@45.875C tj@45.875C soc1@44.812C VDD_IN 5488mW/6155mW VDD_CPU_GPU_CV 480mW/789mW VDD_SOC 2800mW/2987mW
09-02-2026 16:29:52 RAM 1462/7620MB (lfb 113x4MB) SWAP 1/3810MB (cached 0MB) CPU [0%@729,0%@729,0%@729,0%@729,0%@729,0%@729] GR3D_FREQ 0% cpu@45.218C soc2@43.75C soc0@45.125C gpu@45.937C tj@45.937C soc1@44.906C VDD_IN 5488mW/6154mW VDD_CPU_GPU_CV 480mW/789mW VDD_SOC 2800mW/2987mW
09-02-2026 16:29:57 RAM 1461/7620MB (lfb 114x4MB) SWAP 1/3810MB (cached 0MB) CPU [2%@729,2%@729,3%@729,16%@729,2%@729,2%@729] GR3D_FREQ 0% cpu@45.031C soc2@43.75C soc0@45.312C gpu@46.062C tj@46.062C soc1@44.781C VDD_IN 5528mW/6153mW VDD_CPU_GPU_CV 520mW/788mW VDD_SOC 2804mW/2987mW
09-02-2026 16:30:02 RAM 1461/7620MB (lfb 114x4MB) SWAP 1/3810MB (cached 0MB) CPU [0%@729,0%@729,0%@729,0%@729,0%@729,0%@729] GR3D_FREQ 0% cpu@45.125C soc2@43.593C soc0@45.093C gpu@46.093C tj@46.093C soc1@44.843C VDD_IN 5488mW/6151mW VDD_CPU_GPU_CV 480mW/787mW VDD_SOC 2800mW/2986mW
09-02-2026 16:30:07 RAM 1461/7620MB (lfb 114x4MB) SWAP 1/3810MB (cached 0MB) CPU [0%@729,0%@729,0%@729,0%@729,0%@729,0%@729] GR3D_FREQ 0% cpu@45.125C soc2@43.625C soc0@44.937C gpu@45.875C tj@45.875C soc1@44.687C VDD_IN 5488mW/6150mW VDD_CPU_GPU_CV 480mW/787mW VDD_SOC 2804mW/2986mW
09-02-2026 16:30:12 RAM 1461/7620MB (lfb 114x4MB) SWAP 1/3810MB (cached 0MB) CPU [0%@729,0%@729,0%@729,0%@729,0%@729,0%@729] GR3D_FREQ 0% cpu@44.843C soc2@43.593C soc0@45.156C gpu@46C tj@46C soc1@44.718C VDD_IN 5488mW/6149mW VDD_CPU_GPU_CV 480mW/786mW VDD_SOC 2804mW/2986mW
09-02-2026 16:30:17 RAM 1461/7620MB (lfb 114x4MB) SWAP 1/3810MB (cached 0MB) CPU [0%@729,0%@729,0%@729,0%@729,0%@729,0%@729] GR3D_FREQ 0% cpu@44.656C soc2@43.468C soc0@44.937C gpu@45.531C tj@45.531C soc1@44.718C VDD_IN 5488mW/6147mW VDD_CPU_GPU_CV 480mW/786mW VDD_SOC 2800mW/2985mW
09-02-2026 16:30:22 RAM 1461/7620MB (lfb 114x4MB) SWAP 1/3810MB (cached 0MB) CPU [0%@729,0%@729,0%@729,0%@729,0%@729,0%@729] GR3D_FREQ 0% cpu@44.812C soc2@43.5C soc0@44.875C gpu@45.531C tj@45.531C soc1@44.5C VDD_IN 5488mW/6146mW VDD_CPU_GPU_CV 480mW/785mW VDD_SOC 2804mW/2985mW
09-02-2026 16:30:27 RAM 1461/7620MB (lfb 114x4MB) SWAP 1/3810MB (cached 0MB) CPU [0%@729,0%@729,0%@729,0%@729,0%@729,0%@729] GR3D_FREQ 0% cpu@44.656C soc2@43.406C soc0@45.031C gpu@45.593C tj@45.593C soc1@44.562C VDD_IN 5488mW/6145mW VDD_CPU_GPU_CV 480mW/784mW VDD_SOC 2804mW/2985mW
09-02-2026 16:30:32 RAM 1461/7620MB (lfb 114x4MB) SWAP 1/3810MB (cached 0MB) CPU [0%@729,0%@729,0%@729,0%@729,0%@729,0%@729] GR3D_FREQ 0% cpu@44.687C soc2@43.375C soc0@44.875C gpu@45.718C tj@45.718C soc1@44.593C VDD_IN 5488mW/6143mW VDD_CPU_GPU_CV 480mW/784mW VDD_SOC 2804mW/2984mW
09-02-2026 16:30:37 RAM 1665/7620MB (lfb 114x4MB) SWAP 1/3810MB (cached 0MB) CPU [3%@1728,2%@1728,25%@1728,2%@1728,3%@729,2%@729] GR3D_FREQ 0% cpu@45.406C soc2@43.625C soc0@44.843C gpu@45.843C tj@45.843C soc1@44.5C VDD_IN 7451mW/6146mW VDD_CPU_GPU_CV 1640mW/785mW VDD_SOC 3285mW/2985mW
09-02-2026 16:30:42 RAM 1681/7620MB (lfb 114x4MB) SWAP 1/3810MB (cached 0MB) CPU [3%@1728,2%@1728,99%@1728,3%@1728,3%@729,2%@729] GR3D_FREQ 0% cpu@45.812C soc2@43.75C soc0@44.937C gpu@45.937C tj@45.937C soc1@44.812C VDD_IN 7491mW/6149mW VDD_CPU_GPU_CV 1600mW/787mW VDD_SOC 3325mW/2985mW
09-02-2026 16:30:47 RAM 1831/7620MB (lfb 114x4MB) SWAP 1/3810MB (cached 0MB) CPU [1%@729,1%@729,87%@729,1%@729,1%@729,1%@729] GR3D_FREQ 0% cpu@45.125C soc2@43.687C soc0@45.093C gpu@45.875C tj@45.875C soc1@44.718C VDD_IN 6009mW/6148mW VDD_CPU_GPU_CV 720mW/787mW VDD_SOC 2964mW/2985mW
09-02-2026 16:30:52 RAM 1835/7620MB (lfb 114x4MB) SWAP 1/3810MB (cached 0MB) CPU [1%@729,1%@729,0%@729,0%@729,0%@729,0%@729] GR3D_FREQ 0% cpu@44.687C soc2@43.5C soc0@45C gpu@45.562C tj@45.562C soc1@44.593C VDD_IN 5528mW/6147mW VDD_CPU_GPU_CV 520mW/786mW VDD_SOC 2804mW/2985mW
09-02-2026 16:30:57 RAM 1721/7620MB (lfb 114x4MB) SWAP 1/3810MB (cached 0MB) CPU [5%@729,8%@729,38%@729,4%@729,53%@1728,4%@1728] GR3D_FREQ 0% cpu@45.875C soc2@43.906C soc0@45.093C gpu@46.062C tj@46.062C soc1@44.75C VDD_IN 7411mW/6150mW VDD_CPU_GPU_CV 1520mW/788mW VDD_SOC 3325mW/2986mW
09-02-2026 16:31:02 RAM 1866/7620MB (lfb 114x4MB) SWAP 1/3810MB (cached 0MB) CPU [1%@729,1%@729,1%@729,1%@729,100%@1728,1%@1728] GR3D_FREQ 0% cpu@45.593C soc2@43.875C soc0@45.218C gpu@46.031C tj@46.031C soc1@45.031C VDD_IN 7411mW/6152mW VDD_CPU_GPU_CV 1520mW/789mW VDD_SOC 3325mW/2986mW
09-02-2026 16:31:07 RAM 2399/7620MB (lfb 75x4MB) SWAP 1/3810MB (cached 0MB) CPU [2%@1728,11%@1728,3%@1728,2%@1728,39%@729,0%@729] GR3D_FREQ 11% cpu@45.687C soc2@44C soc0@45.187C gpu@46.093C tj@46.093C soc1@45.125C VDD_IN 7556mW/6155mW VDD_CPU_GPU_CV 1404mW/791mW VDD_SOC 3335mW/2987mW
09-02-2026 16:31:12 RAM 2459/7620MB (lfb 74x4MB) SWAP 1/3810MB (cached 0MB) CPU [14%@729,12%@729,24%@729,15%@729,9%@729,7%@729] GR3D_FREQ 8% cpu@45.25C soc2@43.718C soc0@45.187C gpu@45.937C tj@45.937C soc1@45.093C VDD_IN 6279mW/6155mW VDD_CPU_GPU_CV 763mW/790mW VDD_SOC 3019mW/2987mW
09-02-2026 16:31:17 RAM 2459/7620MB (lfb 74x4MB) SWAP 1/3810MB (cached 0MB) CPU [24%@729,12%@729,17%@729,7%@729,9%@729,10%@729] GR3D_FREQ 18% cpu@45.5C soc2@43.843C soc0@45.187C gpu@46.406C tj@46.406C soc1@45.125C VDD_IN 6279mW/6155mW VDD_CPU_GPU_CV 723mW/790mW VDD_SOC 3019mW/2987mW
09-02-2026 16:31:22 RAM 2460/7620MB (lfb 74x4MB) SWAP 1/3810MB (cached 0MB) CPU [22%@729,14%@729,10%@729,15%@729,13%@729,8%@729] GR3D_FREQ 16% cpu@45.218C soc2@43.906C soc0@45.187C gpu@46.031C tj@46.031C soc1@45.187C VDD_IN 6320mW/6156mW VDD_CPU_GPU_CV 763mW/790mW VDD_SOC 3054mW/2987mW
09-02-2026 16:31:27 RAM 2464/7620MB (lfb 74x4MB) SWAP 1/3810MB (cached 0MB) CPU [13%@729,26%@729,14%@729,13%@729,11%@729,15%@729] GR3D_FREQ 22% cpu@45.218C soc2@43.812C soc0@45.375C gpu@46.531C tj@46.531C soc1@45.25C VDD_IN 6320mW/6156mW VDD_CPU_GPU_CV 723mW/790mW VDD_SOC 3014mW/2987mW
09-02-2026 16:31:32 RAM 2464/7620MB (lfb 74x4MB) SWAP 1/3810MB (cached 0MB) CPU [11%@729,21%@729,7%@729,17%@729,10%@729,6%@729] GR3D_FREQ 6% cpu@45.281C soc2@43.968C soc0@45.406C gpu@46.343C tj@46.343C soc1@45.218C VDD_IN 6078mW/6156mW VDD_CPU_GPU_CV 643mW/790mW VDD_SOC 2978mW/2987mW
09-02-2026 16:31:37 RAM 2464/7620MB (lfb 74x4MB) SWAP 1/3810MB (cached 0MB) CPU [2%@729,0%@729,0%@729,1%@729,1%@729,3%@729] GR3D_FREQ 2% cpu@45.062C soc2@43.781C soc0@45.281C gpu@46.406C tj@46.406C soc1@45.25C VDD_IN 5796mW/6155mW VDD_CPU_GPU_CV 562mW/789mW VDD_SOC 2853mW/2987mW
09-02-2026 16:31:42 RAM 1599/7620MB (lfb 113x4MB) SWAP 1/3810MB (cached 0MB) CPU [1%@1728,39%@1728,0%@1728,1%@1728,2%@1574,4%@1574] GR3D_FREQ 0% cpu@45.593C soc2@44C soc0@45.25C gpu@46.156C tj@46.156C soc1@45.156C VDD_IN 7274mW/6157mW VDD_CPU_GPU_CV 1205mW/790mW VDD_SOC 3335mW/2988mW
09-02-2026 16:31:47 RAM 1461/7620MB (lfb 115x4MB) SWAP 1/3810MB (cached 0MB) CPU [3%@729,2%@729,6%@729,3%@729,95%@729,4%@729] GR3D_FREQ 0% cpu@45.437C soc2@44C soc0@45.562C gpu@46.593C tj@46.593C soc1@45C VDD_IN 7011mW/6159mW VDD_CPU_GPU_CV 1160mW/791mW VDD_SOC 3280mW/2988mW
09-02-2026 16:31:52 RAM 1461/7620MB (lfb 115x4MB) SWAP 1/3810MB (cached 0MB) CPU [0%@729,0%@729,0%@729,0%@729,0%@729,0%@729] GR3D_FREQ 0% cpu@45.25C soc2@43.843C soc0@45.187C gpu@46.093C tj@46.093C soc1@45C VDD_IN 5488mW/6158mW VDD_CPU_GPU_CV 480mW/790mW VDD_SOC 2804mW/2988mW
09-02-2026 16:31:57 RAM 1461/7620MB (lfb 115x4MB) SWAP 1/3810MB (cached 0MB) CPU [0%@729,0%@729,0%@729,0%@729,0%@729,0%@729] GR3D_FREQ 0% cpu@45.187C soc2@43.625C soc0@45.093C gpu@46.156C tj@46.156C soc1@44.875C VDD_IN 5488mW/6156mW VDD_CPU_GPU_CV 480mW/790mW VDD_SOC 2804mW/2988mW
09-02-2026 16:32:02 RAM 1461/7620MB (lfb 115x4MB) SWAP 1/3810MB (cached 0MB) CPU [0%@729,0%@729,0%@729,0%@729,0%@729,0%@729] GR3D_FREQ 0% cpu@45.125C soc2@43.687C soc0@45.062C gpu@45.968C tj@45.968C soc1@44.781C VDD_IN 5488mW/6155mW VDD_CPU_GPU_CV 480mW/789mW VDD_SOC 2804mW/2987mW
09-02-2026 16:32:07 RAM 1465/7620MB (lfb 115x4MB) SWAP 1/3810MB (cached 0MB) CPU [1%@1728,0%@1728,2%@1728,1%@1728,0%@1497,0%@1497] GR3D_FREQ 0% cpu@45.625C soc2@43.687C soc0@45.125C gpu@45.781C tj@45.781C soc1@44.687C VDD_IN 5889mW/6155mW VDD_CPU_GPU_CV 761mW/789mW VDD_SOC 2884mW/2987mW
09-02-2026 16:32:12 RAM 1461/7620MB (lfb 115x4MB) SWAP 1/3810MB (cached 0MB) CPU [0%@729,0%@729,13%@729,0%@729,0%@729,0%@729] GR3D_FREQ 0% cpu@44.781C soc2@43.562C soc0@45.031C gpu@45.593C tj@45.593C soc1@44.656C VDD_IN 5488mW/6153mW VDD_CPU_GPU_CV 480mW/789mW VDD_SOC 2804mW/2987mW
09-02-2026 16:32:17 RAM 1643/7620MB (lfb 115x4MB) SWAP 1/3810MB (cached 0MB) CPU [3%@1728,2%@1728,2%@1728,24%@1728,2%@729,2%@729] GR3D_FREQ 0% cpu@45.625C soc2@43.718C soc0@45.156C gpu@46.156C tj@46.156C soc1@44.781C VDD_IN 7491mW/6156mW VDD_CPU_GPU_CV 1680mW/790mW VDD_SOC 3285mW/2987mW
09-02-2026 16:32:22 RAM 1682/7620MB (lfb 115x4MB) SWAP 1/3810MB (cached 0MB) CPU [2%@1728,28%@1728,2%@1728,74%@1728,2%@729,3%@729] GR3D_FREQ 0% cpu@45.562C soc2@43.937C soc0@45.281C gpu@46.25C tj@46.031C soc1@45.031C VDD_IN 7532mW/6158mW VDD_CPU_GPU_CV 1640mW/792mW VDD_SOC 3325mW/2988mW
09-02-2026 16:32:27 RAM 1832/7620MB (lfb 115x4MB) SWAP 1/3810MB (cached 0MB) CPU [1%@729,88%@729,1%@729,1%@729,1%@729,1%@729] GR3D_FREQ 0% cpu@45.343C soc2@43.812C soc0@45.25C gpu@46.281C tj@46.281C soc1@45C VDD_IN 6089mW/6158mW VDD_CPU_GPU_CV 760mW/792mW VDD_SOC 3004mW/2988mW
09-02-2026 16:32:32 RAM 1832/7620MB (lfb 115x4MB) SWAP 1/3810MB (cached 0MB) CPU [0%@729,0%@729,0%@729,0%@729,0%@729,0%@729] GR3D_FREQ 0% cpu@45.125C soc2@43.687C soc0@45.156C gpu@46.312C tj@46.312C soc1@44.781C VDD_IN 5528mW/6157mW VDD_CPU_GPU_CV 480mW/791mW VDD_SOC 2804mW/2988mW
09-02-2026 16:32:37 RAM 1714/7620MB (lfb 116x4MB) SWAP 1/3810MB (cached 0MB) CPU [5%@729,25%@729,4%@729,4%@729,68%@1728,4%@1728] GR3D_FREQ 0% cpu@45.812C soc2@43.968C soc0@45.218C gpu@46.125C tj@46.125C soc1@44.968C VDD_IN 7411mW/6159mW VDD_CPU_GPU_CV 1520mW/793mW VDD_SOC 3325mW/2988mW
09-02-2026 16:32:42 RAM 1864/7620MB (lfb 116x4MB) SWAP 1/3810MB (cached 0MB) CPU [87%@1728,1%@1728,1%@1728,1%@1728,14%@729,1%@729] GR3D_FREQ 0% cpu@46C soc2@44.343C soc0@45.25C gpu@46.656C tj@46.656C soc1@45.125C VDD_IN 7451mW/6162mW VDD_CPU_GPU_CV 1600mW/794mW VDD_SOC 3280mW/2989mW
09-02-2026 16:32:47 RAM 2278/7620MB (lfb 75x4MB) SWAP 1/3810MB (cached 0MB) CPU [39%@1728,9%@1728,9%@1728,1%@1728,0%@729,0%@729] GR3D_FREQ 14% cpu@45.843C soc2@43.937C soc0@45.281C gpu@46.468C tj@46.468C soc1@45.281C VDD_IN 6883mW/6163mW VDD_CPU_GPU_CV 1085mW/795mW VDD_SOC 3175mW/2989mW
09-02-2026 16:32:52 RAM 2457/7620MB (lfb 74x4MB) SWAP 1/3810MB (cached 0MB) CPU [20%@729,16%@729,23%@729,10%@729,10%@729,8%@729] GR3D_FREQ 21% cpu@45.437C soc2@44.125C soc0@45.25C gpu@46.25C tj@46.25C soc1@45.187C VDD_IN 6320mW/6164mW VDD_CPU_GPU_CV 763mW/795mW VDD_SOC 3019mW/2989mW
09-02-2026 16:32:57 RAM 2458/7620MB (lfb 74x4MB) SWAP 1/3810MB (cached 0MB) CPU [17%@729,10%@729,30%@729,13%@729,8%@729,11%@729] GR3D_FREQ 7% cpu@45.468C soc2@44C soc0@45.468C gpu@46.187C tj@46.187C soc1@45.343C VDD_IN 6360mW/6164mW VDD_CPU_GPU_CV 803mW/795mW VDD_SOC 3059mW/2989mW
09-02-2026 16:33:02 RAM 2458/7620MB (lfb 74x4MB) SWAP 1/3810MB (cached 0MB) CPU [14%@729,19%@729,25%@729,9%@729,9%@729,9%@729] GR3D_FREQ 6% cpu@45.531C soc2@44C soc0@45.375C gpu@46.312C tj@46.312C soc1@45.343C VDD_IN 6360mW/6164mW VDD_CPU_GPU_CV 803mW/795mW VDD_SOC 3054mW/2989mW
09-02-2026 16:33:07 RAM 2457/7620MB (lfb 74x4MB) SWAP 1/3810MB (cached 0MB) CPU [13%@729,15%@729,25%@729,14%@729,9%@729,10%@729] GR3D_FREQ 28% cpu@45.281C soc2@43.968C soc0@45.406C gpu@46.156C tj@46.156C soc1@45.375C VDD_IN 6279mW/6165mW VDD_CPU_GPU_CV 723mW/795mW VDD_SOC 3019mW/2990mW
09-02-2026 16:33:12 RAM 2457/7620MB (lfb 74x4MB) SWAP 1/3810MB (cached 0MB) CPU [15%@729,6%@729,30%@729,7%@729,9%@729,7%@729] GR3D_FREQ 0% cpu@45.531C soc2@43.968C soc0@45.375C gpu@46.562C tj@46.562C soc1@45.218C VDD_IN 6199mW/6165mW VDD_CPU_GPU_CV 723mW/794mW VDD_SOC 3014mW/2990mW
09-02-2026 16:33:17 RAM 2457/7620MB (lfb 74x4MB) SWAP 1/3810MB (cached 0MB) CPU [2%@729,0%@729,1%@729,5%@729,0%@729,1%@729] GR3D_FREQ 0% cpu@45.187C soc2@43.812C soc0@45.406C gpu@46C tj@46C soc1@45.125C VDD_IN 5796mW/6164mW VDD_CPU_GPU_CV 562mW/794mW VDD_SOC 2853mW/2989mW
09-02-2026 16:33:22 RAM 2406/7620MB (lfb 84x4MB) SWAP 1/3810MB (cached 0MB) CPU [2%@1728,1%@1728,39%@1728,1%@1728,0%@729,0%@729] GR3D_FREQ 0% cpu@46.093C soc2@43.906C soc0@45.281C gpu@46.343C tj@46.343C soc1@45.281C VDD_IN 7475mW/6166mW VDD_CPU_GPU_CV 1245mW/795mW VDD_SOC 3416mW/2990mW
09-02-2026 16:33:27 RAM 1750/7620MB (lfb 116x4MB) SWAP 1/3810MB (cached 0MB) CPU [3%@1728,2%@1728,95%@1728,2%@1728,8%@729,2%@729] GR3D_FREQ 0% cpu@46.125C soc2@44.25C soc0@45.343C gpu@46.562C tj@46.562C soc1@45.093C VDD_IN 7331mW/6169mW VDD_CPU_GPU_CV 1280mW/796mW VDD_SOC 3400mW/2991mW
09-02-2026 16:33:32 RAM 1455/7620MB (lfb 116x4MB) SWAP 1/3810MB (cached 0MB) CPU [15%@729,1%@729,3%@729,1%@729,1%@729,1%@729] GR3D_FREQ 0% cpu@45.156C soc2@43.906C soc0@45.25C gpu@46.187C tj@46.187C soc1@45.093C VDD_IN 6330mW/6169mW VDD_CPU_GPU_CV 920mW/796mW VDD_SOC 3044mW/2991mW
09-02-2026 16:33:37 RAM 1713/7620MB (lfb 116x4MB) SWAP 1/3810MB (cached 0MB) CPU [3%@1728,2%@1728,53%@1728,2%@1728,2%@729,2%@729] GR3D_FREQ 0% cpu@46.343C soc2@44.156C soc0@45.343C gpu@46.468C tj@46.468C soc1@45.031C VDD_IN 7371mW/6171mW VDD_CPU_GPU_CV 1520mW/797mW VDD_SOC 3320mW/2992mW
09-02-2026 16:33:42 RAM 1715/7620MB (lfb 117x4MB) SWAP 1/3810MB (cached 0MB) CPU [57%@1728,3%@1728,45%@1728,2%@1728,3%@729,2%@729] GR3D_FREQ 0% cpu@46C soc2@44.375C soc0@45.531C gpu@46.437C tj@46.437C soc1@45.281C VDD_IN 7411mW/6173mW VDD_CPU_GPU_CV 1560mW/799mW VDD_SOC 3320mW/2992mW
09-02-2026 16:33:47 RAM 1823/7620MB (lfb 117x4MB) SWAP 1/3810MB (cached 0MB) CPU [60%@729,1%@729,1%@729,1%@729,1%@729,1%@729] GR3D_FREQ 0% cpu@45.562C soc2@44.156C soc0@45.531C gpu@46.25C tj@46.25C soc1@45.25C VDD_IN 5528mW/6172mW VDD_CPU_GPU_CV 480mW/798mW VDD_SOC 2840mW/2992mW
09-02-2026 16:33:52 RAM 1823/7620MB (lfb 117x4MB) SWAP 1/3810MB (cached 0MB) CPU [1%@1728,18%@1728,0%@1728,0%@1728,0%@729,0%@729] GR3D_FREQ 0% cpu@45.718C soc2@44.156C soc0@45.593C gpu@46.343C tj@46.343C soc1@45.093C VDD_IN 7091mW/6174mW VDD_CPU_GPU_CV 1120mW/799mW VDD_SOC 3325mW/2993mW
09-02-2026 16:33:57 RAM 1780/7620MB (lfb 117x4MB) SWAP 1/3810MB (cached 0MB) CPU [83%@1728,20%@1728,4%@1728,4%@1728,4%@729,4%@729] GR3D_FREQ 0% cpu@46.062C soc2@44.531C soc0@45.531C gpu@46.437C tj@46.437C soc1@45.312C VDD_IN 7411mW/6176mW VDD_CPU_GPU_CV 1520mW/800mW VDD_SOC 3325mW/2993mW
09-02-2026 16:34:02 RAM 1996/7620MB (lfb 114x4MB) SWAP 1/3810MB (cached 0MB) CPU [100%@1728,1%@1728,1%@1728,1%@1728,1%@729,1%@729] GR3D_FREQ 0% cpu@46.093C soc2@44.562C soc0@45.75C gpu@47.062C tj@47.062C soc1@45.531C VDD_IN 7411mW/6178mW VDD_CPU_GPU_CV 1600mW/802mW VDD_SOC 3280mW/2994mW
09-02-2026 16:34:07 RAM 2455/7620MB (lfb 75x4MB) SWAP 1/3810MB (cached 0MB) CPU [22%@729,19%@729,4%@729,3%@729,3%@729,2%@729] GR3D_FREQ 20% cpu@45.75C soc2@44.281C soc0@45.656C gpu@46.531C tj@46.531C soc1@45.593C VDD_IN 6481mW/6179mW VDD_CPU_GPU_CV 844mW/802mW VDD_SOC 3054mW/2994mW
09-02-2026 16:34:12 RAM 2455/7620MB (lfb 75x4MB) SWAP 1/3810MB (cached 0MB) CPU [12%@729,34%@729,10%@729,7%@729,10%@729,10%@729] GR3D_FREQ 2% cpu@45.625C soc2@44.281C soc0@45.75C gpu@46.468C tj@46.468C soc1@45.625C VDD_IN 6320mW/6179mW VDD_CPU_GPU_CV 763mW/802mW VDD_SOC 3014mW/2994mW
09-02-2026 16:34:17 RAM 2456/7620MB (lfb 75x4MB) SWAP 1/3810MB (cached 0MB) CPU [11%@729,22%@729,22%@729,12%@729,8%@729,7%@729] GR3D_FREQ 6% cpu@45.875C soc2@44.312C soc0@45.656C gpu@46.593C tj@46.593C soc1@45.593C VDD_IN 6440mW/6180mW VDD_CPU_GPU_CV 803mW/802mW VDD_SOC 3054mW/2994mW
09-02-2026 16:34:22 RAM 2456/7620MB (lfb 75x4MB) SWAP 1/3810MB (cached 0MB) CPU [23%@729,11%@729,12%@729,21%@729,8%@729,7%@729] GR3D_FREQ 0% cpu@45.687C soc2@44.25C soc0@45.781C gpu@46.406C tj@46.406C soc1@45.531C VDD_IN 6320mW/6180mW VDD_CPU_GPU_CV 763mW/801mW VDD_SOC 3014mW/2994mW
09-02-2026 16:34:27 RAM 2456/7620MB (lfb 75x4MB) SWAP 1/3810MB (cached 0MB) CPU [15%@729,26%@729,16%@729,9%@729,7%@729,7%@729] GR3D_FREQ 26% cpu@45.812C soc2@44.25C soc0@45.718C gpu@46.562C tj@46.562C soc1@45.593C VDD_IN 6521mW/6181mW VDD_CPU_GPU_CV 844mW/802mW VDD_SOC 3094mW/2994mW
09-02-2026 16:34:32 RAM 2459/7620MB (lfb 75x4MB) SWAP 1/3810MB (cached 0MB) CPU [9%@729,9%@729,25%@729,7%@729,4%@729,4%@729] GR3D_FREQ 0% cpu@45.531C soc2@44.187C soc0@45.718C gpu@46.437C tj@46.437C soc1@45.437C VDD_IN 5877mW/6180mW VDD_CPU_GPU_CV 522mW/801mW VDD_SOC 2934mW/2994mW
09-02-2026 16:34:37 RAM 2459/7620MB (lfb 75x4MB) SWAP 1/3810MB (cached 0MB) CPU [4%@729,2%@729,4%@729,1%@729,1%@729,0%@729] GR3D_FREQ 0% cpu@45.343C soc2@44.031C soc0@45.593C gpu@46.375C tj@46.375C soc1@45.468C VDD_IN 5837mW/6179mW VDD_CPU_GPU_CV 562mW/801mW VDD_SOC 2853mW/2994mW
09-02-2026 16:34:42 RAM 1634/7620MB (lfb 116x4MB) SWAP 1/3810MB (cached 0MB) CPU [42%@1728,3%@1728,5%@1728,6%@1728,26%@1728,2%@1728] GR3D_FREQ 0% cpu@46.343C soc2@44.437C soc0@45.625C gpu@46.812C tj@46.812C soc1@45.343C VDD_IN 7652mW/6182mW VDD_CPU_GPU_CV 1760mW/802mW VDD_SOC 3325mW/2994mW
09-02-2026 16:34:47 RAM 1456/7620MB (lfb 116x4MB) SWAP 1/3810MB (cached 0MB) CPU [0%@729,0%@729,0%@729,0%@729,73%@729,0%@729] GR3D_FREQ 0% cpu@45.625C soc2@44.281C soc0@45.75C gpu@46.375C tj@46.375C soc1@45.312C VDD_IN 5608mW/6181mW VDD_CPU_GPU_CV 520mW/802mW VDD_SOC 2880mW/2994mW
09-02-2026 16:34:52 RAM 1456/7620MB (lfb 116x4MB) SWAP 1/3810MB (cached 0MB) CPU [0%@729,0%@729,0%@729,0%@729,0%@729,0%@729] GR3D_FREQ 0% cpu@45.312C soc2@44.062C soc0@45.75C gpu@46.468C tj@46.468C soc1@45.187C VDD_IN 5488mW/6180mW VDD_CPU_GPU_CV 480mW/801mW VDD_SOC 2800mW/2994mW
09-02-2026 16:34:57 RAM 1456/7620MB (lfb 116x4MB) SWAP 1/3810MB (cached 0MB) CPU [0%@729,0%@729,0%@729,0%@729,0%@729,0%@729] GR3D_FREQ 0% cpu@45.437C soc2@43.968C soc0@45.468C gpu@46.25C tj@46.25C soc1@45.25C VDD_IN 5488mW/6179mW VDD_CPU_GPU_CV 480mW/801mW VDD_SOC 2800mW/2993mW
09-02-2026 16:35:02 RAM 1456/7620MB (lfb 116x4MB) SWAP 1/3810MB (cached 0MB) CPU [0%@729,0%@729,0%@729,0%@729,0%@729,0%@729] GR3D_FREQ 0% cpu@45.5C soc2@43.812C soc0@45.343C gpu@46.093C tj@46.093C soc1@45.156C VDD_IN 5488mW/6177mW VDD_CPU_GPU_CV 480mW/800mW VDD_SOC 2800mW/2993mW
09-02-2026 16:35:07 RAM 1456/7620MB (lfb 116x4MB) SWAP 1/3810MB (cached 0MB) CPU [0%@729,0%@729,0%@729,0%@729,0%@729,0%@729] GR3D_FREQ 0% cpu@45.281C soc2@43.937C soc0@45.25C gpu@46.375C tj@46.375C soc1@45.031C VDD_IN 5488mW/6176mW VDD_CPU_GPU_CV 480mW/799mW VDD_SOC 2800mW/2993mW
09-02-2026 16:35:12 RAM 1456/7620MB (lfb 116x4MB) SWAP 1/3810MB (cached 0MB) CPU [0%@729,0%@729,0%@729,0%@729,0%@729,0%@729] GR3D_FREQ 0% cpu@45.031C soc2@43.812C soc0@45.187C gpu@45.906C tj@46.156C soc1@45C VDD_IN 5488mW/6175mW VDD_CPU_GPU_CV 480mW/799mW VDD_SOC 2804mW/2992mW
09-02-2026 16:35:17 RAM 1456/7620MB (lfb 116x4MB) SWAP 1/3810MB (cached 0MB) CPU [0%@729,0%@729,0%@729,0%@729,0%@729,0%@729] GR3D_FREQ 0% cpu@45.062C soc2@43.75C soc0@45.25C gpu@45.843C tj@45.843C soc1@44.812C VDD_IN 5488mW/6174mW VDD_CPU_GPU_CV 480mW/798mW VDD_SOC 2800mW/2992mW
09-02-2026 16:35:22 RAM 1656/7620MB (lfb 116x4MB) SWAP 1/3810MB (cached 0MB) CPU [4%@1728,4%@1728,40%@1728,4%@1728,4%@729,4%@729] GR3D_FREQ 0% cpu@46.093C soc2@43.906C soc0@45.312C gpu@46.281C tj@46.281C soc1@44.937C VDD_IN 7451mW/6176mW VDD_CPU_GPU_CV 1640mW/800mW VDD_SOC 3280mW/2993mW
09-02-2026 16:35:27 RAM 1679/7620MB (lfb 116x4MB) SWAP 1/3810MB (cached 0MB) CPU [29%@1728,2%@1728,73%@1728,3%@1728,2%@729,2%@729] GR3D_FREQ 0% cpu@45.75C soc2@44.187C soc0@45.343C gpu@46.343C tj@46.343C soc1@45.093C VDD_IN 7532mW/6178mW VDD_CPU_GPU_CV 1640mW/801mW VDD_SOC 3320mW/2993mW
09-02-2026 16:35:32 RAM 1829/7620MB (lfb 116x4MB) SWAP 1/3810MB (cached 0MB) CPU [68%@729,1%@729,1%@729,1%@729,21%@729,1%@729] GR3D_FREQ 0% cpu@45.5C soc2@44.093C soc0@45.406C gpu@46.343C tj@46.343C soc1@45.156C VDD_IN 6049mW/6178mW VDD_CPU_GPU_CV 760mW/801mW VDD_SOC 3000mW/2993mW
09-02-2026 16:35:37 RAM 1829/7620MB (lfb 116x4MB) SWAP 1/3810MB (cached 0MB) CPU [0%@729,0%@729,0%@729,0%@729,0%@729,0%@729] GR3D_FREQ 0% cpu@45.125C soc2@43.937C soc0@45.406C gpu@46.343C tj@46.343C soc1@44.968C VDD_IN 5528mW/6177mW VDD_CPU_GPU_CV 480mW/801mW VDD_SOC 2800mW/2993mW
09-02-2026 16:35:42 RAM 1715/7620MB (lfb 117x4MB) SWAP 1/3810MB (cached 0MB) CPU [4%@1728,56%@1728,4%@1728,4%@1728,4%@729,38%@729] GR3D_FREQ 0% cpu@46.062C soc2@44.375C soc0@45.437C gpu@46.531C tj@46.531C soc1@45.218C VDD_IN 7411mW/6179mW VDD_CPU_GPU_CV 1520mW/802mW VDD_SOC 3320mW/2993mW
09-02-2026 16:35:47 RAM 1862/7620MB (lfb 117x4MB) SWAP 1/3810MB (cached 0MB) CPU [1%@1728,100%@1728,1%@1728,1%@1728,1%@729,1%@729] GR3D_FREQ 0% cpu@45.875C soc2@44.5C soc0@45.468C gpu@46.812C tj@46.812C soc1@45.312C VDD_IN 7451mW/6181mW VDD_CPU_GPU_CV 1640mW/803mW VDD_SOC 3325mW/2994mW
09-02-2026 16:35:52 RAM 2186/7620MB (lfb 95x4MB) SWAP 1/3810MB (cached 0MB) CPU [1%@1728,45%@1728,6%@1728,3%@1728,0%@729,0%@729] GR3D_FREQ 40% cpu@46.25C soc2@44.25C soc0@45.562C gpu@46.656C tj@46.656C soc1@45.5C VDD_IN 6964mW/6183mW VDD_CPU_GPU_CV 1125mW/804mW VDD_SOC 3175mW/2994mW
09-02-2026 16:35:57 RAM 2353/7620MB (lfb 81x4MB) SWAP 1/3810MB (cached 0MB) CPU [11%@729,10%@729,41%@729,7%@729,7%@729,7%@729] GR3D_FREQ 1% cpu@45.562C soc2@44.156C soc0@45.625C gpu@46.437C tj@46.437C soc1@45.531C VDD_IN 6360mW/6183mW VDD_CPU_GPU_CV 763mW/804mW VDD_SOC 3054mW/2994mW
09-02-2026 16:36:02 RAM 2357/7620MB (lfb 81x4MB) SWAP 1/3810MB (cached 0MB) CPU [15%@729,17%@729,26%@729,15%@729,8%@729,8%@729] GR3D_FREQ 15% cpu@45.656C soc2@44.312C soc0@45.468C gpu@46.25C tj@46.25C soc1@45.468C VDD_IN 6279mW/6183mW VDD_CPU_GPU_CV 723mW/804mW VDD_SOC 3014mW/2995mW
09-02-2026 16:36:07 RAM 2357/7620MB (lfb 81x4MB) SWAP 1/3810MB (cached 0MB) CPU [21%@729,11%@729,21%@729,16%@729,7%@729,8%@729] GR3D_FREQ 0% cpu@45.625C soc2@44.156C soc0@45.812C gpu@46.406C tj@46.406C soc1@45.625C VDD_IN 6360mW/6184mW VDD_CPU_GPU_CV 763mW/804mW VDD_SOC 3054mW/2995mW
09-02-2026 16:36:12 RAM 2357/7620MB (lfb 81x4MB) SWAP 1/3810MB (cached 0MB) CPU [10%@729,8%@729,38%@729,10%@729,9%@729,8%@729] GR3D_FREQ 7% cpu@45.906C soc2@44.281C soc0@45.562C gpu@46.312C tj@46.312C soc1@45.5C VDD_IN 6279mW/6184mW VDD_CPU_GPU_CV 763mW/804mW VDD_SOC 3014mW/2995mW
09-02-2026 16:36:17 RAM 2357/7620MB (lfb 81x4MB) SWAP 1/3810MB (cached 0MB) CPU [14%@729,12%@729,29%@729,8%@729,8%@729,8%@729] GR3D_FREQ 6% cpu@45.437C soc2@44.187C soc0@45.656C gpu@46.656C tj@46.656C soc1@45.468C VDD_IN 6199mW/6184mW VDD_CPU_GPU_CV 723mW/804mW VDD_SOC 3014mW/2995mW
09-02-2026 16:36:22 RAM 2357/7620MB (lfb 81x4MB) SWAP 1/3810MB (cached 0MB) CPU [3%@729,3%@729,3%@729,0%@729,0%@729,0%@729] GR3D_FREQ 7% cpu@45.562C soc2@44.093C soc0@45.562C gpu@46.187C tj@46.187C soc1@45.375C VDD_IN 5796mW/6183mW VDD_CPU_GPU_CV 562mW/803mW VDD_SOC 2853mW/2994mW
09-02-2026 16:36:27 RAM 2303/7620MB (lfb 83x4MB) SWAP 1/3810MB (cached 0MB) CPU [5%@729,1%@729,3%@729,1%@729,35%@1728,0%@1728] GR3D_FREQ 0% cpu@46.156C soc2@44.218C soc0@45.468C gpu@46.437C tj@46.437C soc1@45.343C VDD_IN 7515mW/6185mW VDD_CPU_GPU_CV 1245mW/804mW VDD_SOC 3416mW/2995mW
09-02-2026 16:36:32 RAM 1752/7620MB (lfb 115x4MB) SWAP 1/3810MB (cached 0MB) CPU [3%@1728,3%@1728,3%@1728,98%@1728,6%@729,2%@729] GR3D_FREQ 0% cpu@46.031C soc2@44.25C soc0@45.5C gpu@46.531C tj@46.531C soc1@45.343C VDD_IN 7371mW/6188mW VDD_CPU_GPU_CV 1320mW/805mW VDD_SOC 3405mW/2996mW
09-02-2026 16:36:37 RAM 1461/7620MB (lfb 116x4MB) SWAP 1/3810MB (cached 0MB) CPU [2%@729,1%@729,15%@729,3%@729,1%@729,1%@729] GR3D_FREQ 0% cpu@45.562C soc2@44.187C soc0@45.5C gpu@46.375C tj@46.375C soc1@45.218C VDD_IN 6770mW/6189mW VDD_CPU_GPU_CV 1120mW/805mW VDD_SOC 3165mW/2996mW
09-02-2026 16:36:42 RAM 1459/7620MB (lfb 116x4MB) SWAP 1/3810MB (cached 0MB) CPU [0%@729,0%@729,0%@729,0%@729,0%@729,0%@729] GR3D_FREQ 0% cpu@45.281C soc2@43.937C soc0@45.437C gpu@46.218C tj@46.218C soc1@45C VDD_IN 5488mW/6187mW VDD_CPU_GPU_CV 480mW/805mW VDD_SOC 2804mW/2996mW
09-02-2026 16:36:47 RAM 1459/7620MB (lfb 116x4MB) SWAP 1/3810MB (cached 0MB) CPU [0%@729,0%@729,0%@729,0%@729,0%@729,0%@729] GR3D_FREQ 0% cpu@45.062C soc2@43.843C soc0@45.406C gpu@46.031C tj@46.031C soc1@44.906C VDD_IN 5488mW/6186mW VDD_CPU_GPU_CV 480mW/804mW VDD_SOC 2804mW/2996mW
09-02-2026 16:36:52 RAM 1459/7620MB (lfb 116x4MB) SWAP 1/3810MB (cached 0MB) CPU [0%@729,0%@729,0%@729,0%@729,0%@729,0%@729] GR3D_FREQ 0% cpu@45C soc2@43.75C soc0@45.281C gpu@46.281C tj@46.281C soc1@44.875C VDD_IN 5488mW/6185mW VDD_CPU_GPU_CV 480mW/804mW VDD_SOC 2800mW/2995mW
09-02-2026 16:36:57 RAM 1459/7620MB (lfb 116x4MB) SWAP 1/3810MB (cached 0MB) CPU [0%@729,0%@729,0%@729,0%@729,0%@729,0%@729] GR3D_FREQ 0% cpu@44.937C soc2@43.656C soc0@45.25C gpu@45.843C tj@45.843C soc1@44.968C VDD_IN 5488mW/6184mW VDD_CPU_GPU_CV 480mW/803mW VDD_SOC 2800mW/2995mW
09-02-2026 16:37:03 RAM 1459/7620MB (lfb 116x4MB) SWAP 1/3810MB (cached 0MB) CPU [0%@729,0%@729,0%@729,0%@729,0%@729,0%@729] GR3D_FREQ 0% cpu@45.093C soc2@43.656C soc0@45.156C gpu@46.093C tj@46.093C soc1@44.875C VDD_IN 5488mW/6182mW VDD_CPU_GPU_CV 480mW/803mW VDD_SOC 2804mW/2995mW
09-02-2026 16:37:08 RAM 1459/7620MB (lfb 116x4MB) SWAP 1/3810MB (cached 0MB) CPU [0%@729,0%@729,0%@729,0%@729,0%@729,0%@729] GR3D_FREQ 0% cpu@45.062C soc2@43.468C soc0@44.937C gpu@45.75C tj@45.75C soc1@44.75C VDD_IN 5488mW/6181mW VDD_CPU_GPU_CV 480mW/802mW VDD_SOC 2804mW/2994mW
09-02-2026 16:37:13 RAM 1490/7620MB (lfb 116x4MB) SWAP 1/3810MB (cached 0MB) CPU [1%@1728,1%@1728,10%@1728,1%@1728,1%@729,1%@729] GR3D_FREQ 0% cpu@45.718C soc2@43.75C soc0@45C gpu@45.843C tj@45.843C soc1@44.593C VDD_IN 6891mW/6183mW VDD_CPU_GPU_CV 1280mW/803mW VDD_SOC 3165mW/2994mW
09-02-2026 16:37:18 RAM 1499/7620MB (lfb 116x4MB) SWAP 1/3810MB (cached 0MB) CPU [3%@1728,2%@1728,86%@1728,15%@1728,2%@729,2%@729] GR3D_FREQ 0% cpu@45.656C soc2@43.843C soc0@45.062C gpu@46.031C tj@46.031C soc1@44.875C VDD_IN 7451mW/6185mW VDD_CPU_GPU_CV 1560mW/804mW VDD_SOC 3325mW/2995mW
09-02-2026 16:37:23 RAM 1822/7620MB (lfb 116x4MB) SWAP 1/3810MB (cached 0MB) CPU [3%@1728,3%@1728,2%@1728,100%@1728,2%@729,2%@729] GR3D_FREQ 0% cpu@45.75C soc2@44.031C soc0@45.312C gpu@46.468C tj@46.468C soc1@44.875C VDD_IN 7411mW/6187mW VDD_CPU_GPU_CV 1520mW/805mW VDD_SOC 3325mW/2996mW
09-02-2026 16:37:28 RAM 1825/7620MB (lfb 116x4MB) SWAP 1/3810MB (cached 0MB) CPU [1%@729,0%@729,0%@729,2%@729,0%@729,0%@729] GR3D_FREQ 0% cpu@44.875C soc2@43.718C soc0@45.093C gpu@45.812C tj@45.906C soc1@44.906C VDD_IN 5528mW/6186mW VDD_CPU_GPU_CV 480mW/805mW VDD_SOC 2804mW/2995mW
09-02-2026 16:37:33 RAM 1691/7620MB (lfb 116x4MB) SWAP 1/3810MB (cached 0MB) CPU [5%@1728,42%@1728,5%@1728,4%@1728,4%@729,38%@729] GR3D_FREQ 0% cpu@45.687C soc2@44.062C soc0@45.187C gpu@46.218C tj@46.218C soc1@44.906C VDD_IN 7411mW/6188mW VDD_CPU_GPU_CV 1560mW/806mW VDD_SOC 3325mW/2996mW
09-02-2026 16:37:38 RAM 1834/7620MB (lfb 116x4MB) SWAP 1/3810MB (cached 0MB) CPU [0%@1728,100%@1728,0%@1728,0%@1728,0%@1113,0%@1113] GR3D_FREQ 0% cpu@45.937C soc2@44.156C soc0@45.312C gpu@46.25C tj@46.25C soc1@45.187C VDD_IN 7371mW/6190mW VDD_CPU_GPU_CV 1600mW/807mW VDD_SOC 3285mW/2996mW
09-02-2026 16:37:43 RAM 1940/7620MB (lfb 106x4MB) SWAP 1/3810MB (cached 0MB) CPU [3%@729,58%@729,1%@729,2%@729,2%@729,2%@729] GR3D_FREQ 6% cpu@45.375C soc2@44C soc0@45.281C gpu@46.375C tj@46.375C soc1@45.218C VDD_IN 5917mW/6189mW VDD_CPU_GPU_CV 562mW/807mW VDD_SOC 2934mW/2996mW
09-02-2026 16:37:48 RAM 2329/7620MB (lfb 86x4MB) SWAP 1/3810MB (cached 0MB) CPU [11%@729,17%@729,33%@729,6%@729,6%@729,5%@729] GR3D_FREQ 24% cpu@45.5C soc2@44C soc0@45.406C gpu@46.281C tj@46.281C soc1@45.375C VDD_IN 6521mW/6190mW VDD_CPU_GPU_CV 844mW/807mW VDD_SOC 3094mW/2996mW
09-02-2026 16:37:53 RAM 2329/7620MB (lfb 86x4MB) SWAP 1/3810MB (cached 0MB) CPU [22%@729,11%@729,19%@729,16%@729,8%@729,8%@729] GR3D_FREQ 0% cpu@45.312C soc2@44C soc0@45.312C gpu@46.406C tj@46.406C soc1@45.187C VDD_IN 6320mW/6190mW VDD_CPU_GPU_CV 763mW/807mW VDD_SOC 3014mW/2996mW
09-02-2026 16:37:58 RAM 2330/7620MB (lfb 86x4MB) SWAP 1/3810MB (cached 0MB) CPU [13%@729,11%@729,23%@729,15%@729,11%@729,8%@729] GR3D_FREQ 10% cpu@45.312C soc2@44.031C soc0@45.406C gpu@46.375C tj@46.375C soc1@45.375C VDD_IN 6763mW/6191mW VDD_CPU_GPU_CV 1004mW/807mW VDD_SOC 3134mW/2997mW
09-02-2026 16:38:03 RAM 2330/7620MB (lfb 86x4MB) SWAP 1/3810MB (cached 0MB) CPU [18%@729,9%@729,9%@729,29%@729,10%@729,8%@729] GR3D_FREQ 19% cpu@45.312C soc2@44.125C soc0@45.343C gpu@46.062C tj@46.062C soc1@45.312C VDD_IN 6279mW/6191mW VDD_CPU_GPU_CV 723mW/807mW VDD_SOC 3014mW/2997mW
09-02-2026 16:38:08 RAM 2327/7620MB (lfb 86x4MB) SWAP 1/3810MB (cached 0MB) CPU [17%@729,10%@729,16%@729,12%@729,10%@729,20%@729] GR3D_FREQ 1% cpu@45.375C soc2@44.093C soc0@45.406C gpu@46.312C tj@46.312C soc1@45.156C VDD_IN 7073mW/6193mW VDD_CPU_GPU_CV 1165mW/808mW VDD_SOC 3215mW/2997mW
09-02-2026 16:38:13 RAM 2327/7620MB (lfb 86x4MB) SWAP 1/3810MB (cached 0MB) CPU [3%@729,3%@729,1%@729,0%@729,2%@729,4%@729] GR3D_FREQ 3% cpu@45.25C soc2@43.906C soc0@45.281C gpu@46.218C tj@46.218C soc1@45.25C VDD_IN 5827mW/6192mW VDD_CPU_GPU_CV 562mW/807mW VDD_SOC 2853mW/2997mW
09-02-2026 16:38:18 RAM 2327/7620MB (lfb 86x4MB) SWAP 1/3810MB (cached 0MB) CPU [2%@1728,2%@1728,23%@1728,2%@1728,1%@729,0%@729] GR3D_FREQ 0% cpu@45.812C soc2@44.031C soc0@45.406C gpu@46.218C tj@46.218C soc1@45.125C VDD_IN 7314mW/6194mW VDD_CPU_GPU_CV 1125mW/808mW VDD_SOC 3376mW/2997mW
09-02-2026 16:38:23 RAM 1750/7620MB (lfb 112x4MB) SWAP 1/3810MB (cached 0MB) CPU [3%@1728,2%@1728,19%@1728,79%@1728,5%@729,6%@729] GR3D_FREQ 0% cpu@45.843C soc2@44.093C soc0@45.375C gpu@46.406C tj@46.406C soc1@45.156C VDD_IN 7411mW/6196mW VDD_CPU_GPU_CV 1400mW/809mW VDD_SOC 3360mW/2998mW
09-02-2026 16:38:28 RAM 1458/7620MB (lfb 114x4MB) SWAP 1/3810MB (cached 0MB) CPU [0%@729,0%@729,0%@729,16%@729,0%@729,0%@729] GR3D_FREQ 0% cpu@45.125C soc2@43.937C soc0@45.406C gpu@46.093C tj@46.093C soc1@44.968C VDD_IN 5488mW/6195mW VDD_CPU_GPU_CV 480mW/808mW VDD_SOC 2800mW/2998mW
09-02-2026 16:38:33 RAM 1453/7620MB (lfb 115x4MB) SWAP 1/3810MB (cached 0MB) CPU [1%@729,1%@729,1%@729,15%@729,1%@729,1%@729] GR3D_FREQ 0% cpu@45.156C soc2@43.968C soc0@45.343C gpu@46.25C tj@46.25C soc1@44.906C VDD_IN 6129mW/6195mW VDD_CPU_GPU_CV 800mW/808mW VDD_SOC 3000mW/2998mW
09-02-2026 16:38:38 RAM 1701/7620MB (lfb 115x4MB) SWAP 1/3810MB (cached 0MB) CPU [3%@1728,2%@1728,44%@1728,2%@1728,2%@729,2%@729] GR3D_FREQ 0% cpu@46.093C soc2@44.156C soc0@45.218C gpu@46.593C tj@46.593C soc1@45C VDD_IN 7411mW/6197mW VDD_CPU_GPU_CV 1520mW/810mW VDD_SOC 3325mW/2998mW
09-02-2026 16:38:43 RAM 1701/7620MB (lfb 116x4MB) SWAP 1/3810MB (cached 0MB) CPU [2%@729,4%@729,21%@729,2%@729,80%@1728,2%@1728] GR3D_FREQ 0% cpu@46.031C soc2@44.125C soc0@45.406C gpu@46.406C tj@46.406C soc1@45.093C VDD_IN 7371mW/6199mW VDD_CPU_GPU_CV 1520mW/811mW VDD_SOC 3320mW/2999mW
09-02-2026 16:38:48 RAM 1820/7620MB (lfb 116x4MB) SWAP 1/3810MB (cached 0MB) CPU [1%@729,1%@729,1%@729,1%@729,69%@729,1%@729] GR3D_FREQ 0% cpu@45.375C soc2@43.906C soc0@45.437C gpu@46.25C tj@46.25C soc1@45.218C VDD_IN 5608mW/6198mW VDD_CPU_GPU_CV 520mW/810mW VDD_SOC 2840mW/2999mW
09-02-2026 16:38:53 RAM 1820/7620MB (lfb 116x4MB) SWAP 1/3810MB (cached 0MB) CPU [8%@1728,0%@1728,0%@1728,0%@1728,0%@729,0%@729] GR3D_FREQ 0% cpu@45.468C soc2@44.093C soc0@45.406C gpu@46.375C tj@46.375C soc1@45.031C VDD_IN 6450mW/6198mW VDD_CPU_GPU_CV 840mW/810mW VDD_SOC 3124mW/2999mW
09-02-2026 16:38:58 RAM 1745/7620MB (lfb 116x4MB) SWAP 1/3810MB (cached 0MB) CPU [31%@1728,4%@1728,4%@1728,73%@1728,4%@729,4%@729] GR3D_FREQ 0% cpu@46.437C soc2@44.218C soc0@45.5C gpu@46.593C tj@46.593C soc1@45.312C VDD_IN 7411mW/6200mW VDD_CPU_GPU_CV 1520mW/811mW VDD_SOC 3320mW/2999mW
09-02-2026 16:39:03 RAM 1862/7620MB (lfb 116x4MB) SWAP 1/3810MB (cached 0MB) CPU [2%@1728,2%@1728,2%@1728,100%@1728,1%@729,1%@729] GR3D_FREQ 0% cpu@46.187C soc2@44.406C soc0@45.656C gpu@46.468C tj@46.468C soc1@45.218C VDD_IN 7532mW/6202mW VDD_CPU_GPU_CV 1600mW/813mW VDD_SOC 3280mW/3000mW
09-02-2026 16:39:08 RAM 2333/7620MB (lfb 87x4MB) SWAP 1/3810MB (cached 0MB) CPU [4%@729,1%@729,3%@729,41%@729,3%@729,3%@729] GR3D_FREQ 17% cpu@45.625C soc2@44.25C soc0@45.562C gpu@46.843C tj@46.843C soc1@45.468C VDD_IN 6722mW/6203mW VDD_CPU_GPU_CV 1004mW/813mW VDD_SOC 3134mW/3000mW
09-02-2026 16:39:13 RAM 2334/7620MB (lfb 87x4MB) SWAP 1/3810MB (cached 0MB) CPU [12%@729,9%@729,23%@729,16%@729,10%@729,9%@729] GR3D_FREQ 5% cpu@45.468C soc2@44.187C soc0@45.656C gpu@46.437C tj@46.437C soc1@45.343C VDD_IN 6320mW/6203mW VDD_CPU_GPU_CV 763mW/813mW VDD_SOC 3019mW/3000mW
09-02-2026 16:39:18 RAM 2334/7620MB (lfb 87x4MB) SWAP 1/3810MB (cached 0MB) CPU [10%@729,17%@729,28%@729,6%@729,8%@729,11%@729] GR3D_FREQ 15% cpu@45.625C soc2@44.25C soc0@45.5C gpu@46.781C tj@46.781C soc1@45.531C VDD_IN 6763mW/6204mW VDD_CPU_GPU_CV 1004mW/813mW VDD_SOC 3134mW/3000mW
09-02-2026 16:39:23 RAM 2333/7620MB (lfb 87x4MB) SWAP 1/3810MB (cached 0MB) CPU [10%@729,14%@729,7%@729,6%@729,23%@729,19%@729] GR3D_FREQ 24% cpu@45.531C soc2@44.156C soc0@45.625C gpu@46.468C tj@46.468C soc1@45.406C VDD_IN 6279mW/6205mW VDD_CPU_GPU_CV 723mW/813mW VDD_SOC 3014mW/3000mW
09-02-2026 16:39:28 RAM 2334/7620MB (lfb 87x4MB) SWAP 1/3810MB (cached 0MB) CPU [17%@729,16%@729,6%@729,19%@729,13%@729,10%@729] GR3D_FREQ 0% cpu@45.75C soc2@44.218C soc0@45.625C gpu@46.843C tj@46.843C soc1@45.5C VDD_IN 7113mW/6206mW VDD_CPU_GPU_CV 1165mW/814mW VDD_SOC 3215mW/3001mW
09-02-2026 16:39:33 RAM 2334/7620MB (lfb 87x4MB) SWAP 1/3810MB (cached 0MB) CPU [11%@729,19%@729,13%@729,7%@729,9%@729,7%@729] GR3D_FREQ 6% cpu@45.343C soc2@44.156C soc0@45.781C gpu@46.406C tj@46.406C soc1@45.406C VDD_IN 5868mW/6205mW VDD_CPU_GPU_CV 562mW/813mW VDD_SOC 2934mW/3001mW
09-02-2026 16:39:38 RAM 2334/7620MB (lfb 87x4MB) SWAP 1/3810MB (cached 0MB) CPU [2%@729,2%@729,4%@729,3%@729,0%@729,0%@729] GR3D_FREQ 4% cpu@45.625C soc2@44.062C soc0@45.5C gpu@46.468C tj@46.468C soc1@45.5C VDD_IN 5837mW/6205mW VDD_CPU_GPU_CV 562mW/813mW VDD_SOC 2853mW/3000mW
09-02-2026 16:39:43 RAM 1494/7620MB (lfb 112x4MB) SWAP 1/3810MB (cached 0MB) CPU [2%@1728,2%@1728,51%@1728,3%@1728,4%@729,5%@729] GR3D_FREQ 0% cpu@46.468C soc2@44.343C soc0@45.593C gpu@46.625C tj@46.625C soc1@45.312C VDD_IN 7624mW/6207mW VDD_CPU_GPU_CV 1562mW/814mW VDD_SOC 3370mW/3001mW
09-02-2026 16:39:48 RAM 1454/7620MB (lfb 114x4MB) SWAP 1/3810MB (cached 0MB) CPU [1%@729,1%@729,25%@729,1%@729,61%@729,1%@729] GR3D_FREQ 0% cpu@45.468C soc2@44.218C soc0@45.718C gpu@46.625C tj@46.625C soc1@45.312C VDD_IN 5849mW/6207mW VDD_CPU_GPU_CV 640mW/814mW VDD_SOC 2960mW/3001mW
09-02-2026 16:39:53 RAM 1454/7620MB (lfb 114x4MB) SWAP 1/3810MB (cached 0MB) CPU [0%@729,0%@729,0%@729,0%@729,0%@729,0%@729] GR3D_FREQ 0% cpu@45.25C soc2@44.062C soc0@45.531C gpu@46.281C tj@46.281C soc1@45.093C VDD_IN 5528mW/6205mW VDD_CPU_GPU_CV 480mW/813mW VDD_SOC 2800mW/3000mW
09-02-2026 16:39:58 RAM 1454/7620MB (lfb 114x4MB) SWAP 1/3810MB (cached 0MB) CPU [0%@729,0%@729,0%@729,0%@729,0%@729,0%@729] GR3D_FREQ 0% cpu@45.281C soc2@43.906C soc0@45.375C gpu@46.031C tj@46.031C soc1@45.062C VDD_IN 5488mW/6204mW VDD_CPU_GPU_CV 480mW/813mW VDD_SOC 2800mW/3000mW
09-02-2026 16:40:03 RAM 1484/7620MB (lfb 114x4MB) SWAP 1/3810MB (cached 0MB) CPU [1%@1728,1%@1728,1%@1728,8%@1728,1%@729,1%@729] GR3D_FREQ 0% cpu@45.875C soc2@44.031C soc0@45.312C gpu@46.093C tj@46.281C soc1@45.062C VDD_IN 6690mW/6205mW VDD_CPU_GPU_CV 1200mW/813mW VDD_SOC 3084mW/3000mW
09-02-2026 16:40:08 RAM 1458/7620MB (lfb 115x4MB) SWAP 1/3810MB (cached 0MB) CPU [0%@729,0%@729,0%@729,7%@729,0%@729,0%@729] GR3D_FREQ 0% cpu@45.25C soc2@43.906C soc0@45.25C gpu@46.031C tj@46.031C soc1@45.031C VDD_IN 5528mW/6204mW VDD_CPU_GPU_CV 480mW/813mW VDD_SOC 2800mW/3000mW
09-02-2026 16:40:13 RAM 1458/7620MB (lfb 115x4MB) SWAP 1/3810MB (cached 0MB) CPU [0%@729,0%@729,0%@729,0%@729,0%@729,0%@729] GR3D_FREQ 0% cpu@45.25C soc2@43.781C soc0@45.281C gpu@45.968C tj@45.968C soc1@44.906C VDD_IN 5488mW/6203mW VDD_CPU_GPU_CV 480mW/812mW VDD_SOC 2804mW/3000mW
09-02-2026 16:40:18 RAM 1458/7620MB (lfb 115x4MB) SWAP 1/3810MB (cached 0MB) CPU [0%@729,0%@729,0%@729,0%@729,0%@729,0%@729] GR3D_FREQ 0% cpu@45.062C soc2@43.687C soc0@45.25C gpu@46.093C tj@46.093C soc1@44.812C VDD_IN 5488mW/6202mW VDD_CPU_GPU_CV 480mW/812mW VDD_SOC 2800mW/2999mW
09-02-2026 16:40:23 RAM 1458/7620MB (lfb 115x4MB) SWAP 1/3810MB (cached 0MB) CPU [0%@729,0%@729,0%@729,0%@729,0%@729,0%@729] GR3D_FREQ 0% cpu@45.187C soc2@43.718C soc0@45.062C gpu@45.781C tj@45.781C soc1@44.812C VDD_IN 5488mW/6201mW VDD_CPU_GPU_CV 480mW/811mW VDD_SOC 2800mW/2999mW
09-02-2026 16:40:28 RAM 1458/7620MB (lfb 115x4MB) SWAP 1/3810MB (cached 0MB) CPU [0%@729,0%@729,0%@729,0%@729,0%@729,0%@729] GR3D_FREQ 0% cpu@44.937C soc2@43.562C soc0@45.093C gpu@45.875C tj@45.875C soc1@44.687C VDD_IN 5488mW/6199mW VDD_CPU_GPU_CV 480mW/811mW VDD_SOC 2804mW/2999mW
09-02-2026 16:40:33 RAM 1459/7620MB (lfb 115x4MB) SWAP 1/3810MB (cached 0MB) CPU [1%@729,1%@729,1%@729,1%@729,0%@729,0%@729] GR3D_FREQ 0% cpu@44.718C soc2@43.531C soc0@44.968C gpu@45.687C tj@45.687C soc1@44.531C VDD_IN 5488mW/6198mW VDD_CPU_GPU_CV 480mW/810mW VDD_SOC 2800mW/2998mW
09-02-2026 16:40:38 RAM 1459/7620MB (lfb 115x4MB) SWAP 1/3810MB (cached 0MB) CPU [0%@729,0%@729,0%@729,0%@729,0%@729,0%@729] GR3D_FREQ 0% cpu@44.781C soc2@43.468C soc0@44.843C gpu@45.5C tj@45.5C soc1@44.625C VDD_IN 5488mW/6197mW VDD_CPU_GPU_CV 480mW/810mW VDD_SOC 2800mW/2998mW
09-02-2026 16:40:43 RAM 1459/7620MB (lfb 115x4MB) SWAP 1/3810MB (cached 0MB) CPU [0%@729,0%@729,0%@729,0%@729,0%@729,0%@729] GR3D_FREQ 0% cpu@44.656C soc2@43.375C soc0@44.781C gpu@45.843C tj@45.843C soc1@44.593C VDD_IN 5488mW/6196mW VDD_CPU_GPU_CV 480mW/809mW VDD_SOC 2804mW/2998mW
09-02-2026 16:40:48 RAM 1459/7620MB (lfb 115x4MB) SWAP 1/3810MB (cached 0MB) CPU [0%@729,0%@729,0%@729,0%@729,0%@729,0%@729] GR3D_FREQ 0% cpu@44.656C soc2@43.281C soc0@44.687C gpu@45.406C tj@45.406C soc1@44.375C VDD_IN 5488mW/6195mW VDD_CPU_GPU_CV 480mW/809mW VDD_SOC 2804mW/2997mW
09-02-2026 16:40:53 RAM 1459/7620MB (lfb 115x4MB) SWAP 1/3810MB (cached 0MB) CPU [0%@729,0%@729,0%@729,0%@729,0%@729,0%@729] GR3D_FREQ 0% cpu@44.437C soc2@43.25C soc0@44.843C gpu@45.656C tj@45.656C soc1@44.406C VDD_IN 5488mW/6194mW VDD_CPU_GPU_CV 480mW/808mW VDD_SOC 2804mW/2997mW
09-02-2026 16:40:58 RAM 1693/7620MB (lfb 115x4MB) SWAP 1/3810MB (cached 0MB) CPU [3%@1728,2%@1728,34%@1728,3%@1728,2%@729,3%@729] GR3D_FREQ 0% cpu@45.531C soc2@43.437C soc0@44.781C gpu@45.75C tj@45.75C soc1@44.406C VDD_IN 7411mW/6196mW VDD_CPU_GPU_CV 1560mW/809mW VDD_SOC 3320mW/2998mW
09-02-2026 16:41:03 RAM 1701/7620MB (lfb 115x4MB) SWAP 1/3810MB (cached 0MB) CPU [2%@1728,2%@1728,38%@1728,38%@1728,28%@729,3%@729] GR3D_FREQ 0% cpu@45.5C soc2@43.656C soc0@44.937C gpu@45.875C tj@45.875C soc1@44.593C VDD_IN 7451mW/6198mW VDD_CPU_GPU_CV 1600mW/811mW VDD_SOC 3320mW/2998mW
09-02-2026 16:41:08 RAM 1832/7620MB (lfb 115x4MB) SWAP 1/3810MB (cached 0MB) CPU [1%@729,1%@729,1%@729,78%@729,1%@729,1%@729] GR3D_FREQ 0% cpu@44.718C soc2@43.5C soc0@44.906C gpu@45.875C tj@45.875C soc1@44.656C VDD_IN 5689mW/6197mW VDD_CPU_GPU_CV 560mW/810mW VDD_SOC 2880mW/2998mW
09-02-2026 16:41:13 RAM 1831/7620MB (lfb 115x4MB) SWAP 1/3810MB (cached 0MB) CPU [0%@729,0%@729,0%@729,0%@729,0%@729,0%@729] GR3D_FREQ 0% cpu@44.687C soc2@43.406C soc0@44.812C gpu@45.75C tj@45.75C soc1@44.625C VDD_IN 5528mW/6196mW VDD_CPU_GPU_CV 480mW/810mW VDD_SOC 2804mW/2998mW
09-02-2026 16:41:18 RAM 1745/7620MB (lfb 115x4MB) SWAP 1/3810MB (cached 0MB) CPU [4%@1728,37%@1728,4%@1728,66%@1728,4%@729,4%@729] GR3D_FREQ 0% cpu@45.562C soc2@43.687C soc0@45C gpu@46.031C tj@46.031C soc1@44.812C VDD_IN 7451mW/6198mW VDD_CPU_GPU_CV 1520mW/811mW VDD_SOC 3320mW/2998mW
09-02-2026 16:41:23 RAM 1872/7620MB (lfb 115x4MB) SWAP 1/3810MB (cached 0MB) CPU [1%@1728,1%@1728,1%@1728,100%@1728,1%@729,1%@729] GR3D_FREQ 0% cpu@45.625C soc2@43.906C soc0@45.156C gpu@46.093C tj@46.093C soc1@44.75C VDD_IN 7371mW/6200mW VDD_CPU_GPU_CV 1480mW/812mW VDD_SOC 3320mW/2999mW
09-02-2026 16:41:28 RAM 2337/7620MB (lfb 84x4MB) SWAP 1/3810MB (cached 0MB) CPU [6%@729,4%@729,1%@729,32%@729,10%@729,2%@729] GR3D_FREQ 22% cpu@45.156C soc2@43.718C soc0@45.093C gpu@45.906C tj@45.906C soc1@45.031C VDD_IN 7234mW/6201mW VDD_CPU_GPU_CV 1286mW/813mW VDD_SOC 3255mW/2999mW
09-02-2026 16:41:33 RAM 2337/7620MB (lfb 84x4MB) SWAP 1/3810MB (cached 0MB) CPU [11%@729,7%@729,7%@729,9%@729,6%@729,35%@729] GR3D_FREQ 15% cpu@45.312C soc2@43.718C soc0@45.062C gpu@45.937C tj@45.937C soc1@45.031C VDD_IN 6279mW/6201mW VDD_CPU_GPU_CV 763mW/812mW VDD_SOC 3014mW/2999mW
09-02-2026 16:41:38 RAM 2337/7620MB (lfb 84x4MB) SWAP 1/3810MB (cached 0MB) CPU [26%@1728,11%@1728,17%@1728,16%@1728,8%@729,8%@729] GR3D_FREQ 57% cpu@45.218C soc2@43.75C soc0@45.125C gpu@46.312C tj@46.312C soc1@45.062C VDD_IN 6953mW/6203mW VDD_CPU_GPU_CV 1085mW/813mW VDD_SOC 3215mW/2999mW
09-02-2026 16:41:43 RAM 2337/7620MB (lfb 84x4MB) SWAP 1/3810MB (cached 0MB) CPU [17%@729,10%@729,9%@729,31%@729,8%@729,7%@729] GR3D_FREQ 19% cpu@45.125C soc2@43.781C soc0@45.156C gpu@46.156C tj@46.156C soc1@44.968C VDD_IN 6320mW/6203mW VDD_CPU_GPU_CV 763mW/813mW VDD_SOC 3014mW/2999mW
09-02-2026 16:41:48 RAM 2337/7620MB (lfb 84x4MB) SWAP 1/3810MB (cached 0MB) CPU [16%@729,9%@729,34%@729,10%@729,12%@729,11%@729] GR3D_FREQ 15% cpu@45.093C soc2@43.875C soc0@45.156C gpu@45.843C tj@45.843C soc1@44.937C VDD_IN 6320mW/6203mW VDD_CPU_GPU_CV 763mW/813mW VDD_SOC 3019mW/2999mW
09-02-2026 16:41:53 RAM 2338/7620MB (lfb 84x4MB) SWAP 1/3810MB (cached 0MB) CPU [15%@729,19%@729,16%@729,8%@729,7%@729,8%@729] GR3D_FREQ 6% cpu@45.125C soc2@43.812C soc0@45.156C gpu@46.093C tj@46.093C soc1@45.031C VDD_IN 5957mW/6203mW VDD_CPU_GPU_CV 602mW/812mW VDD_SOC 2938mW/2999mW
09-02-2026 16:41:58 RAM 2338/7620MB (lfb 84x4MB) SWAP 1/3810MB (cached 0MB) CPU [4%@729,2%@729,1%@729,1%@729,1%@729,0%@729] GR3D_FREQ 8% cpu@45.062C soc2@43.75C soc0@45.187C gpu@46.281C tj@46.281C soc1@44.875C VDD_IN 5837mW/6202mW VDD_CPU_GPU_CV 562mW/812mW VDD_SOC 2853mW/2999mW
09-02-2026 16:42:03 RAM 1477/7620MB (lfb 112x4MB) SWAP 1/3810MB (cached 0MB) CPU [3%@1728,3%@1728,29%@1728,7%@1728,20%@1728,2%@1728] GR3D_FREQ 0% cpu@45.875C soc2@44C soc0@45.25C gpu@46.062C tj@46.062C soc1@45.062C VDD_IN 7797mW/6204mW VDD_CPU_GPU_CV 1645mW/813mW VDD_SOC 3376mW/3000mW
09-02-2026 16:42:08 RAM 1462/7620MB (lfb 114x4MB) SWAP 1/3810MB (cached 0MB) CPU [1%@729,1%@729,1%@729,1%@729,90%@729,1%@729] GR3D_FREQ 0% cpu@45.343C soc2@43.968C soc0@45.218C gpu@46.468C tj@46.468C soc1@44.906C VDD_IN 6169mW/6204mW VDD_CPU_GPU_CV 760mW/813mW VDD_SOC 3040mW/3000mW
09-02-2026 16:42:13 RAM 1462/7620MB (lfb 114x4MB) SWAP 1/3810MB (cached 0MB) CPU [0%@729,0%@729,0%@729,0%@729,0%@729,0%@729] GR3D_FREQ 0% cpu@44.968C soc2@43.687C soc0@45.218C gpu@46C tj@46C soc1@44.781C VDD_IN 5488mW/6203mW VDD_CPU_GPU_CV 480mW/813mW VDD_SOC 2800mW/3000mW
09-02-2026 16:42:18 RAM 1462/7620MB (lfb 114x4MB) SWAP 1/3810MB (cached 0MB) CPU [0%@729,0%@729,0%@729,0%@729,0%@729,0%@729] GR3D_FREQ 0% cpu@44.875C soc2@43.625C soc0@45.093C gpu@45.812C tj@45.812C soc1@44.718C VDD_IN 5488mW/6202mW VDD_CPU_GPU_CV 480mW/812mW VDD_SOC 2800mW/2999mW
09-02-2026 16:42:23 RAM 1706/7620MB (lfb 116x4MB) SWAP 1/3810MB (cached 0MB) CPU [4%@1728,25%@1728,35%@1728,4%@1728,4%@729,4%@729] GR3D_FREQ 0% cpu@45.343C soc2@43.906C soc0@45.156C gpu@45.968C tj@45.968C soc1@44.875C VDD_IN 7411mW/6204mW VDD_CPU_GPU_CV 1560mW/813mW VDD_SOC 3280mW/3000mW
09-02-2026 16:42:28 RAM 1709/7620MB (lfb 116x4MB) SWAP 1/3810MB (cached 0MB) CPU [3%@1728,57%@1728,3%@1728,45%@1728,2%@729,2%@729] GR3D_FREQ 0% cpu@45.718C soc2@44.062C soc0@45.437C gpu@46.593C tj@46.593C soc1@44.937C VDD_IN 7411mW/6206mW VDD_CPU_GPU_CV 1520mW/814mW VDD_SOC 3325mW/3000mW
09-02-2026 16:42:33 RAM 1829/7620MB (lfb 116x4MB) SWAP 1/3810MB (cached 0MB) CPU [1%@729,1%@729,1%@729,71%@729,1%@729,1%@729] GR3D_FREQ 0% cpu@45.218C soc2@44C soc0@45.343C gpu@46.25C tj@46.25C soc1@45C VDD_IN 5608mW/6205mW VDD_CPU_GPU_CV 520mW/814mW VDD_SOC 2880mW/3000mW
09-02-2026 16:42:38 RAM 1829/7620MB (lfb 116x4MB) SWAP 1/3810MB (cached 0MB) CPU [1%@1728,7%@1728,0%@1728,0%@1728,0%@729,0%@729] GR3D_FREQ 0% cpu@45.312C soc2@43.937C soc0@45.312C gpu@46.375C tj@46.375C soc1@44.875C VDD_IN 6410mW/6205mW VDD_CPU_GPU_CV 840mW/814mW VDD_SOC 3084mW/3000mW
09-02-2026 16:42:43 RAM 1756/7620MB (lfb 116x4MB) SWAP 1/3810MB (cached 0MB) CPU [4%@1728,31%@1728,4%@1728,72%@1728,4%@729,4%@729] GR3D_FREQ 0% cpu@46.187C soc2@44.187C soc0@45.406C gpu@46.468C tj@46.468C soc1@45.156C VDD_IN 7411mW/6207mW VDD_CPU_GPU_CV 1520mW/815mW VDD_SOC 3325mW/3001mW
09-02-2026 16:42:48 RAM 1875/7620MB (lfb 116x4MB) SWAP 1/3810MB (cached 0MB) CPU [1%@1728,1%@1728,1%@1728,100%@1728,1%@729,1%@729] GR3D_FREQ 0% cpu@46.187C soc2@44.375C soc0@45.593C gpu@46.5C tj@46.5C soc1@45.25C VDD_IN 7371mW/6209mW VDD_CPU_GPU_CV 1560mW/816mW VDD_SOC 3280mW/3001mW
09-02-2026 16:42:53 RAM 2340/7620MB (lfb 86x4MB) SWAP 1/3810MB (cached 0MB) CPU [3%@729,2%@729,3%@729,44%@729,1%@729,1%@729] GR3D_FREQ 13% cpu@45.781C soc2@44.187C soc0@45.562C gpu@46.312C tj@46.312C soc1@45.406C VDD_IN 6843mW/6210mW VDD_CPU_GPU_CV 1044mW/817mW VDD_SOC 3175mW/3001mW
09-02-2026 16:42:58 RAM 2340/7620MB (lfb 86x4MB) SWAP 1/3810MB (cached 0MB) CPU [13%@729,9%@729,14%@729,9%@729,17%@729,21%@729] GR3D_FREQ 6% cpu@45.625C soc2@44.156C soc0@45.593C gpu@46.562C tj@46.562C soc1@45.343C VDD_IN 6279mW/6210mW VDD_CPU_GPU_CV 763mW/817mW VDD_SOC 3019mW/3001mW
09-02-2026 16:43:03 RAM 2340/7620MB (lfb 86x4MB) SWAP 1/3810MB (cached 0MB) CPU [12%@729,9%@729,20%@729,18%@729,11%@729,11%@729] GR3D_FREQ 14% cpu@45.531C soc2@44.156C soc0@45.5C gpu@46.375C tj@46.375C soc1@45.468C VDD_IN 6843mW/6211mW VDD_CPU_GPU_CV 1004mW/817mW VDD_SOC 3175mW/3002mW
09-02-2026 16:43:08 RAM 2340/7620MB (lfb 86x4MB) SWAP 1/3810MB (cached 0MB) CPU [18%@729,13%@729,23%@729,6%@729,9%@729,10%@729] GR3D_FREQ 6% cpu@45.593C soc2@44.187C soc0@45.625C gpu@46.625C tj@46.625C soc1@45.375C VDD_IN 6320mW/6211mW VDD_CPU_GPU_CV 763mW/817mW VDD_SOC 3019mW/3002mW
09-02-2026 16:43:13 RAM 2340/7620MB (lfb 86x4MB) SWAP 1/3810MB (cached 0MB) CPU [12%@729,9%@729,24%@729,12%@729,14%@729,12%@729] GR3D_FREQ 40% cpu@45.75C soc2@44.156C soc0@45.5C gpu@46.781C tj@46.781C soc1@45.406C VDD_IN 7154mW/6213mW VDD_CPU_GPU_CV 1205mW/817mW VDD_SOC 3255mW/3002mW
09-02-2026 16:43:18 RAM 2340/7620MB (lfb 86x4MB) SWAP 1/3810MB (cached 0MB) CPU [10%@729,21%@729,7%@729,6%@729,11%@729,7%@729] GR3D_FREQ 0% cpu@45.437C soc2@44.125C soc0@45.625C gpu@46.593C tj@46.593C soc1@45.312C VDD_IN 5917mW/6212mW VDD_CPU_GPU_CV 602mW/817mW VDD_SOC 2938mW/3002mW
09-02-2026 16:43:23 RAM 2340/7620MB (lfb 86x4MB) SWAP 1/3810MB (cached 0MB) CPU [2%@729,1%@729,0%@729,0%@729,2%@729,3%@729] GR3D_FREQ 0% cpu@45.5C soc2@43.968C soc0@45.468C gpu@46.312C tj@46.312C soc1@45.406C VDD_IN 5837mW/6212mW VDD_CPU_GPU_CV 562mW/817mW VDD_SOC 2858mW/3002mW
09-02-2026 16:43:28 RAM 1493/7620MB (lfb 116x4MB) SWAP 1/3810MB (cached 0MB) CPU [4%@1728,3%@1728,52%@1728,1%@1728,4%@729,2%@729] GR3D_FREQ 0% cpu@46.406C soc2@44.25C soc0@45.687C gpu@46.781C tj@46.781C soc1@45.25C VDD_IN 7636mW/6214mW VDD_CPU_GPU_CV 1605mW/818mW VDD_SOC 3370mW/3002mW
09-02-2026 16:43:33 RAM 1461/7620MB (lfb 116x4MB) SWAP 1/3810MB (cached 0MB) CPU [2%@729,78%@729,10%@729,1%@729,1%@729,1%@729] GR3D_FREQ 0% cpu@45.781C soc2@44.187C soc0@45.593C gpu@46.468C tj@46.468C soc1@45.375C VDD_IN 6009mW/6213mW VDD_CPU_GPU_CV 720mW/818mW VDD_SOC 2964mW/3002mW
09-02-2026 16:43:38 RAM 1461/7620MB (lfb 116x4MB) SWAP 1/3810MB (cached 0MB) CPU [0%@729,0%@729,0%@729,0%@729,0%@729,0%@729] GR3D_FREQ 0% cpu@45.312C soc2@44.093C soc0@45.437C gpu@46.156C tj@46.156C soc1@45.25C VDD_IN 5528mW/6212mW VDD_CPU_GPU_CV 480mW/817mW VDD_SOC 2804mW/3002mW
09-02-2026 16:43:43 RAM 1461/7620MB (lfb 116x4MB) SWAP 1/3810MB (cached 0MB) CPU [0%@729,0%@729,0%@729,0%@729,0%@729,0%@729] GR3D_FREQ 0% cpu@45.156C soc2@43.875C soc0@45.468C gpu@46.25C tj@46.25C soc1@45.031C VDD_IN 5488mW/6211mW VDD_CPU_GPU_CV 480mW/817mW VDD_SOC 2804mW/3002mW
09-02-2026 16:43:48 RAM 1461/7620MB (lfb 116x4MB) SWAP 1/3810MB (cached 0MB) CPU [0%@729,0%@729,0%@729,0%@729,0%@729,0%@729] GR3D_FREQ 0% cpu@45.156C soc2@43.843C soc0@45.343C gpu@46.25C tj@46.25C soc1@44.906C VDD_IN 5488mW/6210mW VDD_CPU_GPU_CV 480mW/816mW VDD_SOC 2800mW/3001mW
09-02-2026 16:43:53 RAM 1461/7620MB (lfb 116x4MB) SWAP 1/3810MB (cached 0MB) CPU [0%@729,0%@729,0%@729,0%@729,0%@729,0%@729] GR3D_FREQ 0% cpu@45.218C soc2@43.781C soc0@45.25C gpu@45.875C tj@45.875C soc1@44.937C VDD_IN 5488mW/6209mW VDD_CPU_GPU_CV 480mW/816mW VDD_SOC 2804mW/3001mW
09-02-2026 16:43:58 RAM 1461/7620MB (lfb 116x4MB) SWAP 1/3810MB (cached 0MB) CPU [1%@729,1%@729,1%@729,15%@729,1%@729,1%@729] GR3D_FREQ 0% cpu@45.031C soc2@43.75C soc0@45.312C gpu@45.906C tj@45.906C soc1@45.031C VDD_IN 5528mW/6208mW VDD_CPU_GPU_CV 520mW/815mW VDD_SOC 2800mW/3001mW
09-02-2026 16:44:03 RAM 1461/7620MB (lfb 116x4MB) SWAP 1/3810MB (cached 0MB) CPU [3%@1728,3%@1728,2%@1728,96%@1728,2%@729,2%@729] GR3D_FREQ 0% cpu@46.031C soc2@44.125C soc0@45.281C gpu@46.156C tj@46.156C soc1@45.031C VDD_IN 7371mW/6210mW VDD_CPU_GPU_CV 1320mW/816mW VDD_SOC 3405mW/3001mW
09-02-2026 16:44:08 RAM 1812/7620MB (lfb 116x4MB) SWAP 1/3810MB (cached 0MB) CPU [4%@729,92%@729,4%@729,4%@729,11%@1728,4%@1728] GR3D_FREQ 0% cpu@45.875C soc2@44.25C soc0@45.437C gpu@46.562C tj@46.562C soc1@45.125C VDD_IN 7411mW/6212mW VDD_CPU_GPU_CV 1520mW/817mW VDD_SOC 3325mW/3002mW
09-02-2026 16:44:13 RAM 1828/7620MB (lfb 116x4MB) SWAP 1/3810MB (cached 0MB) CPU [0%@729,0%@729,0%@729,0%@729,16%@729,0%@729] GR3D_FREQ 0% cpu@45.5C soc2@43.937C soc0@45.25C gpu@46.468C tj@46.468C soc1@45.031C VDD_IN 5488mW/6211mW VDD_CPU_GPU_CV 480mW/817mW VDD_SOC 2804mW/3001mW
09-02-2026 16:44:18 RAM 1669/7620MB (lfb 116x4MB) SWAP 1/3810MB (cached 0MB) CPU [4%@1728,4%@1728,27%@1728,4%@1728,38%@729,4%@729] GR3D_FREQ 0% cpu@46C soc2@44.187C soc0@45.437C gpu@46.468C tj@46.468C soc1@45.031C VDD_IN 7491mW/6213mW VDD_CPU_GPU_CV 1600mW/818mW VDD_SOC 3325mW/3002mW
09-02-2026 16:44:23 RAM 1824/7620MB (lfb 116x4MB) SWAP 1/3810MB (cached 0MB) CPU [0%@1728,0%@1728,100%@1728,0%@1728,0%@729,0%@729] GR3D_FREQ 0% cpu@46.562C soc2@44.218C soc0@45.5C gpu@46.406C tj@46.562C soc1@45.187C VDD_IN 7331mW/6214mW VDD_CPU_GPU_CV 1560mW/819mW VDD_SOC 3285mW/3002mW
09-02-2026 16:44:28 RAM 1942/7620MB (lfb 103x4MB) SWAP 1/3810MB (cached 0MB) CPU [2%@729,1%@729,38%@729,2%@729,35%@729,5%@729] GR3D_FREQ 6% cpu@45.312C soc2@44.125C soc0@45.593C gpu@46.468C tj@46.468C soc1@45.312C VDD_IN 5988mW/6214mW VDD_CPU_GPU_CV 602mW/819mW VDD_SOC 2974mW/3002mW
09-02-2026 16:44:33 RAM 2323/7620MB (lfb 87x4MB) SWAP 1/3810MB (cached 0MB) CPU [7%@729,4%@729,8%@729,6%@729,21%@729,18%@729] GR3D_FREQ 7% cpu@45.656C soc2@44.125C soc0@45.531C gpu@46.281C tj@46.281C soc1@45.375C VDD_IN 6320mW/6214mW VDD_CPU_GPU_CV 763mW/818mW VDD_SOC 3019mW/3002mW
09-02-2026 16:44:38 RAM 2326/7620MB (lfb 87x4MB) SWAP 1/3810MB (cached 0MB) CPU [16%@729,18%@729,12%@729,8%@729,9%@729,20%@729] GR3D_FREQ 15% cpu@45.437C soc2@44.125C soc0@45.625C gpu@46.281C tj@46.281C soc1@45.281C VDD_IN 6360mW/6214mW VDD_CPU_GPU_CV 763mW/818mW VDD_SOC 3054mW/3002mW
09-02-2026 16:44:43 RAM 2326/7620MB (lfb 87x4MB) SWAP 1/3810MB (cached 0MB) CPU [23%@729,14%@729,13%@729,19%@729,9%@729,8%@729] GR3D_FREQ 0% cpu@45.625C soc2@44.093C soc0@45.406C gpu@46.281C tj@46.281C soc1@45.406C VDD_IN 6279mW/6214mW VDD_CPU_GPU_CV 723mW/818mW VDD_SOC 3014mW/3002mW
09-02-2026 16:44:48 RAM 2326/7620MB (lfb 87x4MB) SWAP 1/3810MB (cached 0MB) CPU [14%@729,23%@729,10%@729,19%@729,7%@729,7%@729] GR3D_FREQ 3% cpu@45.468C soc2@44.156C soc0@45.437C gpu@46.312C tj@46.468C soc1@45.343C VDD_IN 6400mW/6215mW VDD_CPU_GPU_CV 803mW/818mW VDD_SOC 3054mW/3003mW
09-02-2026 16:44:53 RAM 2326/7620MB (lfb 87x4MB) SWAP 1/3810MB (cached 0MB) CPU [11%@729,8%@729,13%@729,34%@729,7%@729,7%@729] GR3D_FREQ 14% cpu@45.343C soc2@44.093C soc0@45.468C gpu@46.312C tj@46.312C soc1@45.406C VDD_IN 6320mW/6215mW VDD_CPU_GPU_CV 763mW/818mW VDD_SOC 3019mW/3003mW
09-02-2026 16:44:58 RAM 2326/7620MB (lfb 87x4MB) SWAP 1/3810MB (cached 0MB) CPU [4%@729,6%@729,2%@729,11%@729,2%@729,2%@729] GR3D_FREQ 0% cpu@45.343C soc2@44.031C soc0@45.406C gpu@46.125C tj@46.125C soc1@45.25C VDD_IN 5827mW/6214mW VDD_CPU_GPU_CV 562mW/818mW VDD_SOC 2853mW/3002mW
09-02-2026 16:45:03 RAM 2330/7620MB (lfb 87x4MB) SWAP 1/3810MB (cached 0MB) CPU [4%@1728,6%@1728,1%@1728,5%@1728,1%@729,2%@729] GR3D_FREQ 0% cpu@45.625C soc2@44C soc0@45.531C gpu@46.187C tj@46.187C soc1@45.375C VDD_IN 6390mW/6214mW VDD_CPU_GPU_CV 802mW/818mW VDD_SOC 3014mW/3002mW
09-02-2026 16:45:08 RAM 1728/7620MB (lfb 114x4MB) SWAP 1/3810MB (cached 0MB) CPU [3%@1728,2%@1728,61%@1728,37%@1728,5%@729,7%@729] GR3D_FREQ 0% cpu@46.656C soc2@44.312C soc0@45.437C gpu@46.375C tj@46.656C soc1@45.187C VDD_IN 7371mW/6216mW VDD_CPU_GPU_CV 1520mW/819mW VDD_SOC 3320mW/3003mW
09-02-2026 16:45:13 RAM 1460/7620MB (lfb 116x4MB) SWAP 1/3810MB (cached 0MB) CPU [0%@729,0%@729,34%@729,0%@729,0%@729,0%@729] GR3D_FREQ 0% cpu@45.218C soc2@44.031C soc0@45.593C gpu@46.218C tj@46.218C soc1@45.093C VDD_IN 5488mW/6215mW VDD_CPU_GPU_CV 480mW/818mW VDD_SOC 2800mW/3003mW
09-02-2026 16:45:18 RAM 1483/7620MB (lfb 116x4MB) SWAP 1/3810MB (cached 0MB) CPU [3%@1728,2%@1728,2%@1728,22%@1728,3%@729,2%@729] GR3D_FREQ 0% cpu@46.093C soc2@44.093C soc0@45.468C gpu@46.25C tj@46.25C soc1@45.187C VDD_IN 6810mW/6216mW VDD_CPU_GPU_CV 1280mW/819mW VDD_SOC 3124mW/3003mW
09-02-2026 16:45:23 RAM 1497/7620MB (lfb 116x4MB) SWAP 1/3810MB (cached 0MB) CPU [2%@1728,12%@1728,2%@1728,90%@1728,3%@729,3%@729] GR3D_FREQ 0% cpu@46.031C soc2@44.375C soc0@45.593C gpu@46.843C tj@46.531C soc1@45.25C VDD_IN 7451mW/6218mW VDD_CPU_GPU_CV 1560mW/820mW VDD_SOC 3320mW/3003mW
09-02-2026 16:45:28 RAM 1834/7620MB (lfb 116x4MB) SWAP 1/3810MB (cached 0MB) CPU [3%@1728,100%@1728,3%@1728,2%@1728,2%@729,2%@729] GR3D_FREQ 0% cpu@46.187C soc2@44.562C soc0@45.687C gpu@46.562C tj@46.562C soc1@45.437C VDD_IN 7411mW/6220mW VDD_CPU_GPU_CV 1440mW/821mW VDD_SOC 3360mW/3004mW
09-02-2026 16:45:33 RAM 1836/7620MB (lfb 116x4MB) SWAP 1/3810MB (cached 0MB) CPU [0%@729,5%@729,0%@729,0%@729,0%@729,0%@729] GR3D_FREQ 0% cpu@45.406C soc2@44.125C soc0@45.656C gpu@46.625C tj@46.625C soc1@45.218C VDD_IN 5528mW/6219mW VDD_CPU_GPU_CV 480mW/820mW VDD_SOC 2800mW/3003mW
09-02-2026 16:45:38 RAM 1692/7620MB (lfb 116x4MB) SWAP 1/3810MB (cached 0MB) CPU [4%@1728,38%@1728,4%@1728,38%@1728,4%@729,4%@729] GR3D_FREQ 0% cpu@46.312C soc2@44.5C soc0@45.625C gpu@46.687C tj@46.687C soc1@45.375C VDD_IN 7451mW/6220mW VDD_CPU_GPU_CV 1600mW/822mW VDD_SOC 3320mW/3004mW
09-02-2026 16:45:43 RAM 1834/7620MB (lfb 116x4MB) SWAP 1/3810MB (cached 0MB) CPU [0%@1728,0%@1728,0%@1728,100%@1728,0%@729,0%@729] GR3D_FREQ 0% cpu@46.343C soc2@44.531C soc0@45.812C gpu@46.625C tj@46.625C soc1@45.562C VDD_IN 7371mW/6222mW VDD_CPU_GPU_CV 1600mW/823mW VDD_SOC 3280mW/3004mW
09-02-2026 16:45:48 RAM 1968/7620MB (lfb 104x4MB) SWAP 1/3810MB (cached 0MB) CPU [2%@729,6%@729,2%@729,57%@729,2%@729,2%@729] GR3D_FREQ 0% cpu@45.812C soc2@44.406C soc0@45.687C gpu@46.437C tj@46.437C soc1@45.593C VDD_IN 5917mW/6222mW VDD_CPU_GPU_CV 562mW/822mW VDD_SOC 2934mW/3004mW
09-02-2026 16:45:53 RAM 2352/7620MB (lfb 81x4MB) SWAP 1/3810MB (cached 0MB) CPU [11%@729,7%@729,13%@729,34%@729,6%@729,6%@729] GR3D_FREQ 7% cpu@45.75C soc2@44.343C soc0@45.781C gpu@46.531C tj@46.531C soc1@45.812C VDD_IN 6682mW/6222mW VDD_CPU_GPU_CV 924mW/822mW VDD_SOC 3134mW/3004mW
09-02-2026 16:45:58 RAM 2353/7620MB (lfb 81x4MB) SWAP 1/3810MB (cached 0MB) CPU [21%@729,10%@729,27%@729,9%@729,9%@729,13%@729] GR3D_FREQ 0% cpu@46.062C soc2@44.375C soc0@45.781C gpu@46.5C tj@46.5C soc1@45.687C VDD_IN 6360mW/6222mW VDD_CPU_GPU_CV 763mW/822mW VDD_SOC 3054mW/3004mW
09-02-2026 16:46:03 RAM 2353/7620MB (lfb 81x4MB) SWAP 1/3810MB (cached 0MB) CPU [9%@729,18%@729,28%@729,7%@729,10%@729,6%@729] GR3D_FREQ 14% cpu@45.843C soc2@44.375C soc0@45.875C gpu@46.906C tj@46.625C soc1@45.593C VDD_IN 6924mW/6223mW VDD_CPU_GPU_CV 1044mW/823mW VDD_SOC 3175mW/3005mW
09-02-2026 16:46:08 RAM 2353/7620MB (lfb 81x4MB) SWAP 1/3810MB (cached 0MB) CPU [14%@729,16%@729,21%@729,10%@729,9%@729,11%@729] GR3D_FREQ 16% cpu@45.687C soc2@44.25C soc0@45.781C gpu@46.5C tj@46.5C soc1@45.718C VDD_IN 6279mW/6224mW VDD_CPU_GPU_CV 763mW/823mW VDD_SOC 3019mW/3005mW
09-02-2026 16:46:13 RAM 2353/7620MB (lfb 81x4MB) SWAP 1/3810MB (cached 0MB) CPU [16%@729,13%@729,8%@729,9%@729,19%@729,17%@729] GR3D_FREQ 99% cpu@45.875C soc2@44.437C soc0@45.718C gpu@46.906C tj@46.906C soc1@45.625C VDD_IN 6481mW/6224mW VDD_CPU_GPU_CV 844mW/823mW VDD_SOC 3094mW/3005mW
09-02-2026 16:46:18 RAM 2353/7620MB (lfb 81x4MB) SWAP 1/3810MB (cached 0MB) CPU [3%@729,6%@729,1%@729,1%@729,5%@729,3%@729] GR3D_FREQ 8% cpu@45.593C soc2@44.218C soc0@45.687C gpu@46.375C tj@46.375C soc1@45.593C VDD_IN 5837mW/6223mW VDD_CPU_GPU_CV 562mW/822mW VDD_SOC 2853mW/3005mW
09-02-2026 16:46:23 RAM 2351/7620MB (lfb 81x4MB) SWAP 1/3810MB (cached 0MB) CPU [2%@1728,0%@1728,1%@1728,21%@1728,3%@729,3%@729] GR3D_FREQ 0% cpu@46.031C soc2@44.343C soc0@45.625C gpu@46.843C tj@46.843C soc1@45.406C VDD_IN 7314mW/6225mW VDD_CPU_GPU_CV 1125mW/823mW VDD_SOC 3376mW/3005mW
09-02-2026 16:46:28 RAM 1752/7620MB (lfb 112x4MB) SWAP 1/3810MB (cached 0MB) CPU [3%@1728,77%@1728,6%@1728,21%@1728,5%@729,2%@729] GR3D_FREQ 0% cpu@46.375C soc2@44.562C soc0@45.812C gpu@46.812C tj@46.812C soc1@45.593C VDD_IN 7451mW/6227mW VDD_CPU_GPU_CV 1480mW/824mW VDD_SOC 3360mW/3006mW
09-02-2026 16:46:33 RAM 1463/7620MB (lfb 113x4MB) SWAP 1/3810MB (cached 0MB) CPU [2%@729,20%@729,2%@729,15%@729,1%@729,1%@729] GR3D_FREQ 0% cpu@45.687C soc2@44.343C soc0@45.812C gpu@46.718C tj@46.718C soc1@45.343C VDD_IN 6450mW/6227mW VDD_CPU_GPU_CV 960mW/824mW VDD_SOC 3080mW/3006mW
09-02-2026 16:46:38 RAM 1462/7620MB (lfb 114x4MB) SWAP 1/3810MB (cached 0MB) CPU [1%@729,0%@729,0%@729,0%@729,0%@729,0%@729] GR3D_FREQ 0% cpu@45.406C soc2@44.093C soc0@45.593C gpu@46.281C tj@46.281C soc1@45.187C VDD_IN 5488mW/6226mW VDD_CPU_GPU_CV 480mW/823mW VDD_SOC 2800mW/3005mW
09-02-2026 16:46:43 RAM 1462/7620MB (lfb 114x4MB) SWAP 1/3810MB (cached 0MB) CPU [0%@729,0%@729,0%@729,0%@729,0%@729,0%@729] GR3D_FREQ 0% cpu@45.25C soc2@43.937C soc0@45.531C gpu@46.218C tj@46.218C soc1@45.187C VDD_IN 5488mW/6225mW VDD_CPU_GPU_CV 480mW/823mW VDD_SOC 2804mW/3005mW
09-02-2026 16:46:48 RAM 1462/7620MB (lfb 114x4MB) SWAP 1/3810MB (cached 0MB) CPU [0%@729,0%@729,0%@729,0%@729,0%@729,0%@729] GR3D_FREQ 0% cpu@45.125C soc2@43.875C soc0@45.312C gpu@46.125C tj@46.125C soc1@45.031C VDD_IN 5488mW/6224mW VDD_CPU_GPU_CV 480mW/822mW VDD_SOC 2804mW/3005mW
09-02-2026 16:46:53 RAM 1462/7620MB (lfb 114x4MB) SWAP 1/3810MB (cached 0MB) CPU [0%@729,0%@729,0%@729,0%@729,0%@729,0%@729] GR3D_FREQ 0% cpu@45.125C soc2@43.812C soc0@45.343C gpu@46.093C tj@46.093C soc1@45C VDD_IN 5488mW/6223mW VDD_CPU_GPU_CV 480mW/822mW VDD_SOC 2804mW/3005mW
09-02-2026 16:46:58 RAM 1462/7620MB (lfb 115x4MB) SWAP 1/3810MB (cached 0MB) CPU [0%@729,0%@729,0%@729,0%@729,0%@729,0%@729] GR3D_FREQ 0% cpu@45.093C soc2@43.687C soc0@45.25C gpu@46C tj@46C soc1@44.906C VDD_IN 5488mW/6222mW VDD_CPU_GPU_CV 480mW/821mW VDD_SOC 2804mW/3004mW
09-02-2026 16:47:03 RAM 1462/7620MB (lfb 115x4MB) SWAP 1/3810MB (cached 0MB) CPU [0%@729,0%@729,0%@729,0%@729,0%@729,0%@729] GR3D_FREQ 0% cpu@44.875C soc2@43.687C soc0@45.093C gpu@46.093C tj@46.093C soc1@44.781C VDD_IN 5488mW/6221mW VDD_CPU_GPU_CV 480mW/821mW VDD_SOC 2800mW/3004mW
09-02-2026 16:47:08 RAM 1462/7620MB (lfb 115x4MB) SWAP 1/3810MB (cached 0MB) CPU [0%@729,0%@729,0%@729,0%@729,0%@729,0%@729] GR3D_FREQ 0% cpu@44.812C soc2@43.687C soc0@45.218C gpu@46.187C tj@46.187C soc1@44.718C VDD_IN 5488mW/6220mW VDD_CPU_GPU_CV 480mW/820mW VDD_SOC 2800mW/3004mW
09-02-2026 16:47:13 RAM 1635/7620MB (lfb 115x4MB) SWAP 1/3810MB (cached 0MB) CPU [3%@1728,23%@1728,3%@1728,2%@1728,2%@729,2%@729] GR3D_FREQ 0% cpu@45.5C soc2@43.906C soc0@45.156C gpu@46.187C tj@45.937C soc1@44.843C VDD_IN 7491mW/6221mW VDD_CPU_GPU_CV 1680mW/822mW VDD_SOC 3285mW/3004mW
09-02-2026 16:47:18 RAM 1674/7620MB (lfb 115x4MB) SWAP 1/3810MB (cached 0MB) CPU [3%@1728,75%@1728,2%@1728,27%@1728,2%@729,2%@729] GR3D_FREQ 0% cpu@45.718C soc2@44.031C soc0@45.281C gpu@46.312C tj@46.5C soc1@44.875C VDD_IN 7532mW/6223mW VDD_CPU_GPU_CV 1680mW/823mW VDD_SOC 3325mW/3005mW
09-02-2026 16:47:23 RAM 1829/7620MB (lfb 115x4MB) SWAP 1/3810MB (cached 0MB) CPU [1%@729,1%@729,1%@729,88%@729,1%@729,1%@729] GR3D_FREQ 0% cpu@45.312C soc2@44.125C soc0@45.406C gpu@46.375C tj@46.375C soc1@45.031C VDD_IN 6089mW/6223mW VDD_CPU_GPU_CV 760mW/823mW VDD_SOC 3004mW/3005mW
09-02-2026 16:47:28 RAM 1829/7620MB (lfb 115x4MB) SWAP 1/3810MB (cached 0MB) CPU [0%@729,0%@729,0%@729,0%@729,0%@729,0%@729] GR3D_FREQ 0% cpu@45.031C soc2@43.812C soc0@45.375C gpu@46C tj@46C soc1@44.906C VDD_IN 5488mW/6222mW VDD_CPU_GPU_CV 480mW/822mW VDD_SOC 2804mW/3004mW
09-02-2026 16:47:33 RAM 1714/7620MB (lfb 116x4MB) SWAP 1/3810MB (cached 0MB) CPU [4%@1728,38%@1728,4%@1728,55%@1728,4%@729,4%@729] GR3D_FREQ 0% cpu@46.125C soc2@44.125C soc0@45.375C gpu@46.375C tj@46.375C soc1@45C VDD_IN 7411mW/6224mW VDD_CPU_GPU_CV 1520mW/823mW VDD_SOC 3320mW/3005mW
09-02-2026 16:47:38 RAM 1868/7620MB (lfb 116x4MB) SWAP 1/3810MB (cached 0MB) CPU [2%@1728,1%@1728,1%@1728,100%@1728,1%@729,1%@729] GR3D_FREQ 0% cpu@46.218C soc2@44.25C soc0@45.625C gpu@46.5C tj@46.5C soc1@45.187C VDD_IN 7451mW/6226mW VDD_CPU_GPU_CV 1600mW/824mW VDD_SOC 3280mW/3005mW
09-02-2026 16:47:43 RAM 2168/7620MB (lfb 102x4MB) SWAP 1/3810MB (cached 0MB) CPU [3%@1728,1%@1728,3%@1728,50%@1728,0%@729,0%@729] GR3D_FREQ 37% cpu@46.281C soc2@44.281C soc0@45.531C gpu@46.437C tj@46.437C soc1@45.343C VDD_IN 6993mW/6227mW VDD_CPU_GPU_CV 1125mW/825mW VDD_SOC 3215mW/3005mW
09-02-2026 16:47:48 RAM 2327/7620MB (lfb 87x4MB) SWAP 1/3810MB (cached 0MB) CPU [11%@729,15%@729,14%@729,19%@729,14%@729,10%@729] GR3D_FREQ 15% cpu@45.5C soc2@44.156C soc0@45.625C gpu@46.75C tj@46.75C soc1@45.593C VDD_IN 6320mW/6227mW VDD_CPU_GPU_CV 763mW/825mW VDD_SOC 3019mW/3005mW
09-02-2026 16:47:53 RAM 2327/7620MB (lfb 87x4MB) SWAP 1/3810MB (cached 0MB) CPU [24%@729,10%@729,17%@729,11%@729,9%@729,10%@729] GR3D_FREQ 15% cpu@45.75C soc2@44.156C soc0@45.562C gpu@46.5C tj@46.5C soc1@45.375C VDD_IN 6279mW/6227mW VDD_CPU_GPU_CV 763mW/825mW VDD_SOC 3014mW/3005mW
09-02-2026 16:47:58 RAM 2327/7620MB (lfb 87x4MB) SWAP 1/3810MB (cached 0MB) CPU [10%@729,8%@729,8%@729,19%@729,12%@729,20%@729] GR3D_FREQ 0% cpu@45.562C soc2@44.156C soc0@45.562C gpu@46.406C tj@46.687C soc1@45.625C VDD_IN 6400mW/6227mW VDD_CPU_GPU_CV 803mW/825mW VDD_SOC 3054mW/3006mW
09-02-2026 16:48:03 RAM 2327/7620MB (lfb 87x4MB) SWAP 1/3810MB (cached 0MB) CPU [9%@729,9%@729,16%@729,18%@729,15%@729,15%@729] GR3D_FREQ 16% cpu@45.593C soc2@44.125C soc0@45.562C gpu@46.468C tj@46.468C soc1@45.5C VDD_IN 6279mW/6227mW VDD_CPU_GPU_CV 763mW/825mW VDD_SOC 3019mW/3006mW
09-02-2026 16:48:08 RAM 2332/7620MB (lfb 87x4MB) SWAP 1/3810MB (cached 0MB) CPU [21%@729,18%@729,10%@729,14%@729,7%@729,11%@729] GR3D_FREQ 0% cpu@45.437C soc2@44.156C soc0@45.656C gpu@46.375C tj@46.375C soc1@45.468C VDD_IN 6159mW/6227mW VDD_CPU_GPU_CV 683mW/824mW VDD_SOC 3014mW/3006mW
09-02-2026 16:48:13 RAM 2332/7620MB (lfb 87x4MB) SWAP 1/3810MB (cached 0MB) CPU [4%@729,3%@729,1%@729,1%@729,0%@729,0%@729] GR3D_FREQ 0% cpu@45.375C soc2@44.093C soc0@45.531C gpu@46.406C tj@46.406C soc1@45.375C VDD_IN 5796mW/6226mW VDD_CPU_GPU_CV 522mW/824mW VDD_SOC 2853mW/3005mW
09-02-2026 16:48:18 RAM 2255/7620MB (lfb 87x4MB) SWAP 1/3810MB (cached 0MB) CPU [4%@1728,1%@1728,1%@1728,38%@1728,0%@729,0%@729] GR3D_FREQ 0% cpu@46.062C soc2@44.187C soc0@45.718C gpu@46.531C tj@46.531C soc1@45.343C VDD_IN 7515mW/6228mW VDD_CPU_GPU_CV 1286mW/825mW VDD_SOC 3416mW/3006mW
09-02-2026 16:48:23 RAM 1658/7620MB (lfb 115x4MB) SWAP 1/3810MB (cached 0MB) CPU [4%@1728,98%@1728,2%@1728,3%@1728,4%@729,3%@729] GR3D_FREQ 0% cpu@46.25C soc2@44.406C soc0@45.687C gpu@46.625C tj@46.625C soc1@45.406C VDD_IN 7371mW/6230mW VDD_CPU_GPU_CV 1320mW/825mW VDD_SOC 3405mW/3006mW
09-02-2026 16:48:29 RAM 1455/7620MB (lfb 115x4MB) SWAP 1/3810MB (cached 0MB) CPU [2%@729,15%@729,1%@729,1%@729,1%@729,1%@729] GR3D_FREQ 0% cpu@45.437C soc2@44.156C soc0@45.625C gpu@46.343C tj@46.343C soc1@45.343C VDD_IN 5528mW/6229mW VDD_CPU_GPU_CV 520mW/825mW VDD_SOC 2844mW/3006mW
09-02-2026 16:48:34 RAM 1726/7620MB (lfb 115x4MB) SWAP 1/3810MB (cached 0MB) CPU [65%@1728,2%@1728,3%@1728,2%@1728,3%@729,3%@729] GR3D_FREQ 0% cpu@45.937C soc2@44.531C soc0@45.718C gpu@46.625C tj@46.625C soc1@45.5C VDD_IN 7411mW/6231mW VDD_CPU_GPU_CV 1480mW/826mW VDD_SOC 3360mW/3007mW
09-02-2026 16:48:39 RAM 1732/7620MB (lfb 115x4MB) SWAP 1/3810MB (cached 0MB) CPU [34%@1728,68%@1728,3%@1728,2%@1728,3%@729,2%@729] GR3D_FREQ 0% cpu@46.312C soc2@44.656C soc0@46.062C gpu@47.093C tj@47.093C soc1@45.562C VDD_IN 7411mW/6232mW VDD_CPU_GPU_CV 1520mW/827mW VDD_SOC 3320mW/3007mW
09-02-2026 16:48:44 RAM 1826/7620MB (lfb 115x4MB) SWAP 1/3810MB (cached 0MB) CPU [1%@729,34%@729,1%@729,1%@729,15%@729,1%@729] GR3D_FREQ 0% cpu@45.531C soc2@44.312C soc0@45.718C gpu@46.406C tj@46.406C soc1@45.5C VDD_IN 5528mW/6231mW VDD_CPU_GPU_CV 480mW/826mW VDD_SOC 2800mW/3007mW
09-02-2026 16:48:49 RAM 1824/7620MB (lfb 116x4MB) SWAP 1/3810MB (cached 0MB) CPU [0%@729,0%@729,0%@729,0%@729,30%@1728,0%@1728] GR3D_FREQ 0% cpu@46.187C soc2@44.375C soc0@45.656C gpu@46.625C tj@46.625C soc1@45.375C VDD_IN 7211mW/6233mW VDD_CPU_GPU_CV 1160mW/827mW VDD_SOC 3400mW/3007mW
09-02-2026 16:48:54 RAM 1803/7620MB (lfb 116x4MB) SWAP 1/3810MB (cached 0MB) CPU [4%@729,4%@729,4%@729,16%@729,87%@1728,4%@1728] GR3D_FREQ 0% cpu@46.406C soc2@44.562C soc0@45.937C gpu@46.812C tj@46.812C soc1@45.531C VDD_IN 7371mW/6234mW VDD_CPU_GPU_CV 1520mW/828mW VDD_SOC 3320mW/3008mW
09-02-2026 16:48:59 RAM 2119/7620MB (lfb 85x4MB) SWAP 1/3810MB (cached 0MB) CPU [1%@729,1%@729,2%@729,1%@729,94%@883,5%@883] GR3D_FREQ 39% cpu@46.125C soc2@44.531C soc0@45.906C gpu@46.75C tj@46.75C soc1@45.5C VDD_IN 7051mW/6235mW VDD_CPU_GPU_CV 1280mW/828mW VDD_SOC 3245mW/3008mW
09-02-2026 16:49:04 RAM 2430/7620MB (lfb 75x4MB) SWAP 1/3810MB (cached 0MB) CPU [7%@729,4%@729,4%@729,3%@729,4%@729,29%@729] GR3D_FREQ 10% cpu@45.812C soc2@44.406C soc0@45.968C gpu@46.562C tj@46.562C soc1@45.687C VDD_IN 6320mW/6235mW VDD_CPU_GPU_CV 763mW/828mW VDD_SOC 3014mW/3008mW
09-02-2026 16:49:09 RAM 2431/7620MB (lfb 75x4MB) SWAP 1/3810MB (cached 0MB) CPU [10%@729,8%@729,8%@729,9%@729,17%@729,30%@729] GR3D_FREQ 7% cpu@46.093C soc2@44.343C soc0@45.843C gpu@46.812C tj@46.812C soc1@45.718C VDD_IN 6320mW/6236mW VDD_CPU_GPU_CV 763mW/828mW VDD_SOC 3014mW/3008mW
09-02-2026 16:49:14 RAM 2431/7620MB (lfb 75x4MB) SWAP 1/3810MB (cached 0MB) CPU [8%@729,7%@729,7%@729,6%@729,22%@729,27%@729] GR3D_FREQ 6% cpu@45.843C soc2@44.406C soc0@45.906C gpu@46.531C tj@46.531C soc1@45.625C VDD_IN 6320mW/6236mW VDD_CPU_GPU_CV 763mW/828mW VDD_SOC 3054mW/3008mW
09-02-2026 16:49:19 RAM 2432/7620MB (lfb 75x4MB) SWAP 1/3810MB (cached 0MB) CPU [11%@729,13%@729,12%@729,7%@729,15%@729,25%@729] GR3D_FREQ 12% cpu@45.656C soc2@44.375C soc0@45.843C gpu@46.843C tj@46.843C soc1@45.656C VDD_IN 6279mW/6236mW VDD_CPU_GPU_CV 723mW/828mW VDD_SOC 3014mW/3008mW
09-02-2026 16:49:24 RAM 2431/7620MB (lfb 75x4MB) SWAP 1/3810MB (cached 0MB) CPU [10%@729,8%@729,8%@729,7%@729,16%@729,33%@729] GR3D_FREQ 18% cpu@45.781C soc2@44.375C soc0@45.906C gpu@46.468C tj@46.468C soc1@45.625C VDD_IN 6360mW/6236mW VDD_CPU_GPU_CV 763mW/828mW VDD_SOC 3054mW/3008mW
09-02-2026 16:49:29 RAM 2431/7620MB (lfb 75x4MB) SWAP 1/3810MB (cached 0MB) CPU [8%@729,9%@729,9%@729,8%@729,9%@729,5%@729] GR3D_FREQ 0% cpu@45.656C soc2@44.218C soc0@45.687C gpu@46.687C tj@46.687C soc1@45.593C VDD_IN 5877mW/6235mW VDD_CPU_GPU_CV 562mW/827mW VDD_SOC 2934mW/3008mW
09-02-2026 16:49:34 RAM 2431/7620MB (lfb 75x4MB) SWAP 1/3810MB (cached 0MB) CPU [3%@729,0%@729,1%@729,1%@729,4%@729,2%@729] GR3D_FREQ 0% cpu@45.625C soc2@44.218C soc0@45.718C gpu@46.5C tj@46.375C soc1@45.468C VDD_IN 5827mW/6235mW VDD_CPU_GPU_CV 562mW/827mW VDD_SOC 2853mW/3008mW
09-02-2026 16:49:39 RAM 1690/7620MB (lfb 117x4MB) SWAP 1/3810MB (cached 0MB) CPU [5%@1728,4%@1728,46%@1728,7%@1728,35%@1728,4%@1728] GR3D_FREQ 0% cpu@46.343C soc2@44.468C soc0@45.812C gpu@47C tj@47C soc1@45.593C VDD_IN 7491mW/6237mW VDD_CPU_GPU_CV 1560mW/828mW VDD_SOC 3320mW/3008mW
09-02-2026 16:49:44 RAM 1451/7620MB (lfb 117x4MB) SWAP 1/3810MB (cached 0MB) CPU [0%@729,0%@729,0%@729,0%@729,60%@729,0%@729] GR3D_FREQ 0% cpu@45.937C soc2@44.468C soc0@45.812C gpu@46.375C tj@46.375C soc1@45.437C VDD_IN 5568mW/6236mW VDD_CPU_GPU_CV 480mW/828mW VDD_SOC 2880mW/3008mW
09-02-2026 16:49:49 RAM 1451/7620MB (lfb 117x4MB) SWAP 1/3810MB (cached 0MB) CPU [0%@729,0%@729,0%@729,0%@729,0%@729,0%@729] GR3D_FREQ 0% cpu@45.468C soc2@44.343C soc0@45.625C gpu@46.375C tj@46.375C soc1@45.375C VDD_IN 5488mW/6235mW VDD_CPU_GPU_CV 480mW/827mW VDD_SOC 2800mW/3008mW
09-02-2026 16:49:54 RAM 1451/7620MB (lfb 117x4MB) SWAP 1/3810MB (cached 0MB) CPU [0%@729,0%@729,0%@729,0%@729,0%@729,0%@729] GR3D_FREQ 0% cpu@45.406C soc2@44.156C soc0@45.625C gpu@46.375C tj@46.375C soc1@45.25C VDD_IN 5488mW/6234mW VDD_CPU_GPU_CV 480mW/827mW VDD_SOC 2800mW/3008mW
09-02-2026 16:49:59 RAM 1455/7620MB (lfb 117x4MB) SWAP 1/3810MB (cached 0MB) CPU [2%@729,1%@729,15%@729,1%@729,1%@729,1%@729] GR3D_FREQ 0% cpu@45.312C soc2@44.125C soc0@45.468C gpu@46.406C tj@46.406C soc1@45.312C VDD_IN 5488mW/6233mW VDD_CPU_GPU_CV 480mW/826mW VDD_SOC 2800mW/3007mW
09-02-2026 16:50:04 RAM 1455/7620MB (lfb 117x4MB) SWAP 1/3810MB (cached 0MB) CPU [0%@729,0%@729,0%@729,0%@729,0%@729,0%@729] GR3D_FREQ 0% cpu@45.343C soc2@44C soc0@45.593C gpu@46.531C tj@46.531C soc1@45.156C VDD_IN 5488mW/6232mW VDD_CPU_GPU_CV 480mW/826mW VDD_SOC 2800mW/3007mW
09-02-2026 16:50:09 RAM 1455/7620MB (lfb 117x4MB) SWAP 1/3810MB (cached 0MB) CPU [0%@729,0%@729,0%@729,0%@729,0%@729,0%@729] GR3D_FREQ 0% cpu@45.156C soc2@44C soc0@45.531C gpu@46.062C tj@46.062C soc1@45.093C VDD_IN 5488mW/6231mW VDD_CPU_GPU_CV 480mW/825mW VDD_SOC 2800mW/3007mW
09-02-2026 16:50:14 RAM 1455/7620MB (lfb 117x4MB) SWAP 1/3810MB (cached 0MB) CPU [0%@729,0%@729,0%@729,0%@729,0%@729,0%@729] GR3D_FREQ 0% cpu@45.281C soc2@43.937C soc0@45.375C gpu@46.125C tj@46.125C soc1@45.093C VDD_IN 5488mW/6230mW VDD_CPU_GPU_CV 480mW/825mW VDD_SOC 2800mW/3007mW
09-02-2026 16:50:19 RAM 1455/7620MB (lfb 117x4MB) SWAP 1/3810MB (cached 0MB) CPU [0%@729,0%@729,0%@729,0%@729,0%@729,0%@729] GR3D_FREQ 0% cpu@45.281C soc2@43.906C soc0@45.375C gpu@45.968C tj@45.968C soc1@44.937C VDD_IN 5488mW/6229mW VDD_CPU_GPU_CV 480mW/824mW VDD_SOC 2800mW/3006mW
09-02-2026 16:50:24 RAM 1455/7620MB (lfb 117x4MB) SWAP 1/3810MB (cached 0MB) CPU [0%@729,0%@729,0%@729,0%@729,0%@729,0%@729] GR3D_FREQ 0% cpu@45.25C soc2@43.781C soc0@45.343C gpu@45.937C tj@45.937C soc1@45C VDD_IN 5488mW/6228mW VDD_CPU_GPU_CV 480mW/824mW VDD_SOC 2800mW/3006mW
09-02-2026 16:50:29 RAM 1455/7620MB (lfb 117x4MB) SWAP 1/3810MB (cached 0MB) CPU [0%@729,0%@729,0%@729,0%@729,0%@729,0%@729] GR3D_FREQ 0% cpu@45.281C soc2@43.718C soc0@45.093C gpu@45.812C tj@45.812C soc1@44.843C VDD_IN 5488mW/6226mW VDD_CPU_GPU_CV 480mW/823mW VDD_SOC 2800mW/3006mW
09-02-2026 16:50:34 RAM 1455/7620MB (lfb 117x4MB) SWAP 1/3810MB (cached 0MB) CPU [0%@729,0%@729,0%@729,0%@729,0%@729,0%@729] GR3D_FREQ 0% cpu@44.875C soc2@43.562C soc0@45.156C gpu@45.781C tj@45.781C soc1@44.75C VDD_IN 5488mW/6226mW VDD_CPU_GPU_CV 480mW/823mW VDD_SOC 2800mW/3005mW
09-02-2026 16:50:39 RAM 1742/7620MB (lfb 117x4MB) SWAP 1/3810MB (cached 0MB) CPU [3%@1728,56%@1728,20%@1728,2%@1728,2%@729,2%@729] GR3D_FREQ 0% cpu@45.562C soc2@43.875C soc0@45.156C gpu@46.187C tj@46.187C soc1@44.875C VDD_IN 7411mW/6227mW VDD_CPU_GPU_CV 1520mW/824mW VDD_SOC 3320mW/3006mW
09-02-2026 16:50:44 RAM 1762/7620MB (lfb 117x4MB) SWAP 1/3810MB (cached 0MB) CPU [4%@1728,99%@1728,4%@1728,4%@1728,4%@1036,4%@1036] GR3D_FREQ 0% cpu@45.593C soc2@44.093C soc0@45.281C gpu@46.218C tj@46.218C soc1@44.875C VDD_IN 7572mW/6229mW VDD_CPU_GPU_CV 1720mW/825mW VDD_SOC 3325mW/3006mW
09-02-2026 16:50:49 RAM 1822/7620MB (lfb 117x4MB) SWAP 1/3810MB (cached 0MB) CPU [0%@729,38%@729,0%@729,0%@729,0%@729,0%@729] GR3D_FREQ 0% cpu@45.125C soc2@43.625C soc0@45.187C gpu@45.843C tj@45.843C soc1@44.875C VDD_IN 5488mW/6228mW VDD_CPU_GPU_CV 480mW/825mW VDD_SOC 2800mW/3006mW
09-02-2026 16:50:54 RAM 1471/7620MB (lfb 117x4MB) SWAP 1/3810MB (cached 0MB) CPU [2%@1728,36%@1728,1%@1728,1%@1728,5%@1728,1%@1728] GR3D_FREQ 0% cpu@45.625C soc2@43.968C soc0@45.281C gpu@46.312C tj@46.312C soc1@44.906C VDD_IN 7451mW/6230mW VDD_CPU_GPU_CV 1560mW/826mW VDD_SOC 3325mW/3006mW
09-02-2026 16:50:59 RAM 1814/7620MB (lfb 117x4MB) SWAP 1/3810MB (cached 0MB) CPU [2%@729,2%@729,3%@729,2%@729,100%@1728,2%@1728] GR3D_FREQ 0% cpu@45.937C soc2@44C soc0@45.375C gpu@46.281C tj@46.281C soc1@44.937C VDD_IN 7371mW/6231mW VDD_CPU_GPU_CV 1560mW/827mW VDD_SOC 3280mW/3007mW
09-02-2026 16:51:04 RAM 2003/7620MB (lfb 91x4MB) SWAP 1/3810MB (cached 0MB) CPU [2%@729,1%@729,2%@729,1%@729,86%@1651,10%@1651] GR3D_FREQ 0% cpu@45.5C soc2@44.125C soc0@45.531C gpu@46.5C tj@46.5C soc1@45.062C VDD_IN 6931mW/6232mW VDD_CPU_GPU_CV 1040mW/827mW VDD_SOC 3280mW/3007mW
09-02-2026 16:51:09 RAM 2408/7620MB (lfb 74x4MB) SWAP 1/3810MB (cached 0MB) CPU [6%@729,4%@729,17%@729,6%@729,13%@729,9%@729] GR3D_FREQ 4% cpu@45.25C soc2@43.875C soc0@45.375C gpu@46.25C tj@46.25C soc1@45.281C VDD_IN 6320mW/6232mW VDD_CPU_GPU_CV 763mW/827mW VDD_SOC 3014mW/3007mW
09-02-2026 16:51:14 RAM 2409/7620MB (lfb 74x4MB) SWAP 1/3810MB (cached 0MB) CPU [11%@729,8%@729,8%@729,19%@729,13%@729,26%@729] GR3D_FREQ 8% cpu@45.406C soc2@43.937C soc0@45.437C gpu@46.218C tj@46.218C soc1@45.156C VDD_IN 6953mW/6233mW VDD_CPU_GPU_CV 1083mW/827mW VDD_SOC 3215mW/3008mW
09-02-2026 16:51:19 RAM 2410/7620MB (lfb 74x4MB) SWAP 1/3810MB (cached 0MB) CPU [9%@729,13%@729,8%@729,9%@729,12%@729,29%@729] GR3D_FREQ 5% cpu@45.375C soc2@43.968C soc0@45.343C gpu@46.25C tj@46.25C soc1@45.218C VDD_IN 6320mW/6233mW VDD_CPU_GPU_CV 763mW/827mW VDD_SOC 3014mW/3008mW
09-02-2026 16:51:24 RAM 2410/7620MB (lfb 74x4MB) SWAP 1/3810MB (cached 0MB) CPU [12%@729,14%@729,30%@729,7%@729,7%@729,12%@729] GR3D_FREQ 6% cpu@45.281C soc2@44.031C soc0@45.5C gpu@46.218C tj@46.218C soc1@45.218C VDD_IN 6279mW/6233mW VDD_CPU_GPU_CV 763mW/827mW VDD_SOC 3014mW/3008mW
09-02-2026 16:51:29 RAM 2411/7620MB (lfb 74x4MB) SWAP 1/3810MB (cached 0MB) CPU [11%@729,8%@729,36%@729,7%@729,7%@729,11%@729] GR3D_FREQ 14% cpu@45.468C soc2@44.031C soc0@45.312C gpu@46.062C tj@46.062C soc1@45.343C VDD_IN 6320mW/6233mW VDD_CPU_GPU_CV 763mW/827mW VDD_SOC 3014mW/3008mW
09-02-2026 16:51:34 RAM 2411/7620MB (lfb 74x4MB) SWAP 1/3810MB (cached 0MB) CPU [6%@729,3%@729,18%@729,4%@729,4%@729,5%@729] GR3D_FREQ 6% cpu@45.156C soc2@43.937C soc0@45.437C gpu@46.343C tj@46.343C soc1@45.156C VDD_IN 5877mW/6233mW VDD_CPU_GPU_CV 562mW/826mW VDD_SOC 2934mW/3007mW
09-02-2026 16:51:39 RAM 2411/7620MB (lfb 74x4MB) SWAP 1/3810MB (cached 0MB) CPU [3%@729,1%@729,1%@729,1%@729,2%@729,4%@729] GR3D_FREQ 8% cpu@45.343C soc2@43.781C soc0@45.25C gpu@45.875C tj@45.875C soc1@45.25C VDD_IN 5827mW/6232mW VDD_CPU_GPU_CV 562mW/826mW VDD_SOC 2853mW/3007mW
09-02-2026 16:51:44 RAM 1702/7620MB (lfb 113x4MB) SWAP 1/3810MB (cached 0MB) CPU [3%@1728,6%@1728,18%@1728,40%@1728,26%@729,6%@729] GR3D_FREQ 0% cpu@45.937C soc2@44.093C soc0@45.25C gpu@46.468C tj@46.468C soc1@45.031C VDD_IN 7451mW/6234mW VDD_CPU_GPU_CV 1560mW/827mW VDD_SOC 3320mW/3008mW
09-02-2026 16:51:49 RAM 1458/7620MB (lfb 113x4MB) SWAP 1/3810MB (cached 0MB) CPU [0%@729,0%@729,0%@729,57%@729,0%@729,0%@729] GR3D_FREQ 0% cpu@45.187C soc2@43.843C soc0@45.343C gpu@46.093C tj@46.093C soc1@45C VDD_IN 5528mW/6233mW VDD_CPU_GPU_CV 480mW/827mW VDD_SOC 2840mW/3007mW
09-02-2026 16:51:54 RAM 1604/7620MB (lfb 113x4MB) SWAP 1/3810MB (cached 0MB) CPU [17%@1728,3%@1728,20%@1728,3%@1728,3%@1344,3%@1344] GR3D_FREQ 0% cpu@46.25C soc2@44C soc0@45.281C gpu@46.125C tj@46.25C soc1@45.031C VDD_IN 7291mW/6234mW VDD_CPU_GPU_CV 1480mW/827mW VDD_SOC 3285mW/3008mW
09-02-2026 16:51:59 RAM 1633/7620MB (lfb 115x4MB) SWAP 1/3810MB (cached 0MB) CPU [24%@1728,3%@1728,79%@1728,4%@1728,3%@729,3%@729] GR3D_FREQ 0% cpu@45.875C soc2@44.343C soc0@45.437C gpu@46.343C tj@46.343C soc1@45.312C VDD_IN 7652mW/6236mW VDD_CPU_GPU_CV 1760mW/829mW VDD_SOC 3320mW/3008mW
09-02-2026 16:52:04 RAM 1829/7620MB (lfb 115x4MB) SWAP 1/3810MB (cached 0MB) CPU [94%@729,1%@729,1%@729,1%@729,1%@729,1%@729] GR3D_FREQ 0% cpu@45.562C soc2@44.093C soc0@45.531C gpu@46.375C tj@46.375C soc1@45.187C VDD_IN 6570mW/6237mW VDD_CPU_GPU_CV 1040mW/829mW VDD_SOC 3120mW/3008mW
09-02-2026 16:52:09 RAM 1830/7620MB (lfb 115x4MB) SWAP 1/3810MB (cached 0MB) CPU [1%@729,0%@729,0%@729,0%@729,0%@729,0%@729] GR3D_FREQ 0% cpu@45.156C soc2@43.812C soc0@45.468C gpu@46.031C tj@46.031C soc1@45.031C VDD_IN 5488mW/6236mW VDD_CPU_GPU_CV 480mW/829mW VDD_SOC 2800mW/3008mW
09-02-2026 16:52:14 RAM 1704/7620MB (lfb 115x4MB) SWAP 1/3810MB (cached 0MB) CPU [38%@1728,4%@1728,50%@1728,4%@1728,4%@729,4%@729] GR3D_FREQ 0% cpu@45.843C soc2@44.156C soc0@45.375C gpu@46.593C tj@46.593C soc1@45.156C VDD_IN 7411mW/6237mW VDD_CPU_GPU_CV 1480mW/829mW VDD_SOC 3360mW/3009mW
09-02-2026 16:52:19 RAM 1856/7620MB (lfb 115x4MB) SWAP 1/3810MB (cached 0MB) CPU [1%@1728,1%@1728,100%@1728,1%@1728,1%@729,1%@729] GR3D_FREQ 0% cpu@46.468C soc2@44.343C soc0@45.625C gpu@46.625C tj@46.625C soc1@45.218C VDD_IN 7451mW/6239mW VDD_CPU_GPU_CV 1640mW/830mW VDD_SOC 3285mW/3009mW
09-02-2026 16:52:24 RAM 1949/7620MB (lfb 104x4MB) SWAP 1/3810MB (cached 0MB) CPU [2%@729,0%@729,51%@729,1%@729,0%@729,1%@729] GR3D_FREQ 0% cpu@45.5C soc2@44.062C soc0@45.5C gpu@46.5C tj@46.5C soc1@45.343C VDD_IN 5917mW/6239mW VDD_CPU_GPU_CV 602mW/830mW VDD_SOC 2893mW/3009mW
09-02-2026 16:52:29 RAM 2329/7620MB (lfb 84x4MB) SWAP 1/3810MB (cached 0MB) CPU [10%@729,18%@729,24%@729,19%@729,7%@729,7%@729] GR3D_FREQ 24% cpu@45.593C soc2@44.156C soc0@45.531C gpu@46.375C tj@46.375C soc1@45.375C VDD_IN 6360mW/6239mW VDD_CPU_GPU_CV 763mW/830mW VDD_SOC 3054mW/3009mW
09-02-2026 16:52:34 RAM 2329/7620MB (lfb 84x4MB) SWAP 1/3810MB (cached 0MB) CPU [21%@729,22%@729,14%@729,9%@729,9%@729,8%@729] GR3D_FREQ 3% cpu@45.5C soc2@44.062C soc0@45.531C gpu@46.406C tj@46.406C soc1@45.437C VDD_IN 6279mW/6239mW VDD_CPU_GPU_CV 723mW/830mW VDD_SOC 3014mW/3009mW
09-02-2026 16:52:39 RAM 2334/7620MB (lfb 84x4MB) SWAP 1/3810MB (cached 0MB) CPU [14%@729,14%@729,16%@729,25%@729,12%@729,9%@729] GR3D_FREQ 15% cpu@45.562C soc2@44.093C soc0@45.468C gpu@46.406C tj@46.406C soc1@45.406C VDD_IN 6481mW/6239mW VDD_CPU_GPU_CV 844mW/830mW VDD_SOC 3094mW/3009mW
09-02-2026 16:52:44 RAM 2334/7620MB (lfb 84x4MB) SWAP 1/3810MB (cached 0MB) CPU [10%@729,9%@729,28%@729,8%@729,12%@729,15%@729] GR3D_FREQ 1% cpu@45.562C soc2@44.187C soc0@45.562C gpu@46.531C tj@46.531C soc1@45.593C VDD_IN 6279mW/6239mW VDD_CPU_GPU_CV 763mW/830mW VDD_SOC 3014mW/3009mW
09-02-2026 16:52:49 RAM 2333/7620MB (lfb 84x4MB) SWAP 1/3810MB (cached 0MB) CPU [14%@729,26%@729,8%@729,17%@729,7%@729,7%@729] GR3D_FREQ 0% cpu@45.625C soc2@44.281C soc0@45.531C gpu@46.375C tj@46.375C soc1@45.437C VDD_IN 6601mW/6240mW VDD_CPU_GPU_CV 924mW/830mW VDD_SOC 3094mW/3009mW
09-02-2026 16:52:54 RAM 2333/7620MB (lfb 84x4MB) SWAP 1/3810MB (cached 0MB) CPU [3%@729,0%@729,4%@729,1%@729,1%@729,0%@729] GR3D_FREQ 0% cpu@45.312C soc2@43.937C soc0@45.468C gpu@46.375C tj@46.375C soc1@45.343C VDD_IN 5787mW/6239mW VDD_CPU_GPU_CV 562mW/830mW VDD_SOC 2853mW/3009mW
09-02-2026 16:52:59 RAM 2333/7620MB (lfb 84x4MB) SWAP 1/3810MB (cached 0MB) CPU [2%@1728,0%@1728,3%@1728,32%@1728,1%@729,0%@729] GR3D_FREQ 0% cpu@45.656C soc2@44.062C soc0@45.281C gpu@46.312C tj@46.312C soc1@45.312C VDD_IN 7475mW/6241mW VDD_CPU_GPU_CV 1205mW/830mW VDD_SOC 3416mW/3009mW
09-02-2026 16:53:04 RAM 1746/7620MB (lfb 113x4MB) SWAP 1/3810MB (cached 0MB) CPU [92%@1728,3%@1728,3%@1728,10%@1728,3%@729,5%@729] GR3D_FREQ 0% cpu@45.625C soc2@44.218C soc0@45.625C gpu@46.375C tj@46.375C soc1@45.156C VDD_IN 7331mW/6242mW VDD_CPU_GPU_CV 1280mW/831mW VDD_SOC 3400mW/3010mW
09-02-2026 16:53:09 RAM 1481/7620MB (lfb 113x4MB) SWAP 1/3810MB (cached 0MB) CPU [15%@1728,1%@1728,1%@1728,1%@1728,1%@729,1%@729] GR3D_FREQ 0% cpu@45.781C soc2@44.187C soc0@45.375C gpu@46.656C tj@46.656C soc1@45.031C VDD_IN 6570mW/6242mW VDD_CPU_GPU_CV 1120mW/831mW VDD_SOC 3044mW/3010mW
09-02-2026 16:53:14 RAM 1457/7620MB (lfb 113x4MB) SWAP 1/3810MB (cached 0MB) CPU [9%@729,0%@729,0%@729,0%@729,0%@729,0%@729] GR3D_FREQ 0% cpu@45.187C soc2@43.812C soc0@45.437C gpu@46.156C tj@46.156C soc1@45.031C VDD_IN 5488mW/6241mW VDD_CPU_GPU_CV 480mW/831mW VDD_SOC 2800mW/3010mW
09-02-2026 16:53:19 RAM 1457/7620MB (lfb 113x4MB) SWAP 1/3810MB (cached 0MB) CPU [0%@729,0%@729,0%@729,0%@729,0%@729,0%@729] GR3D_FREQ 0% cpu@44.968C soc2@43.718C soc0@45.25C gpu@45.875C tj@45.875C soc1@44.937C VDD_IN 5488mW/6240mW VDD_CPU_GPU_CV 480mW/830mW VDD_SOC 2800mW/3009mW
09-02-2026 16:53:24 RAM 1457/7620MB (lfb 113x4MB) SWAP 1/3810MB (cached 0MB) CPU [0%@729,0%@729,0%@729,0%@729,0%@729,0%@729] GR3D_FREQ 0% cpu@45.093C soc2@43.687C soc0@45.156C gpu@45.781C tj@45.781C soc1@44.843C VDD_IN 5488mW/6240mW VDD_CPU_GPU_CV 480mW/830mW VDD_SOC 2800mW/3009mW
09-02-2026 16:53:29 RAM 1457/7620MB (lfb 113x4MB) SWAP 1/3810MB (cached 0MB) CPU [0%@729,0%@729,0%@729,0%@729,0%@729,0%@729] GR3D_FREQ 0% cpu@45C soc2@43.531C soc0@44.937C gpu@45.843C tj@45.843C soc1@44.687C VDD_IN 5488mW/6239mW VDD_CPU_GPU_CV 480mW/829mW VDD_SOC 2804mW/3009mW
09-02-2026 16:53:34 RAM 1457/7620MB (lfb 113x4MB) SWAP 1/3810MB (cached 0MB) CPU [0%@729,0%@729,0%@729,0%@729,0%@729,0%@729] GR3D_FREQ 0% cpu@44.843C soc2@43.531C soc0@44.968C gpu@45.593C tj@45.593C soc1@44.656C VDD_IN 5488mW/6238mW VDD_CPU_GPU_CV 480mW/829mW VDD_SOC 2800mW/3009mW
09-02-2026 16:53:39 RAM 1745/7620MB (lfb 113x4MB) SWAP 1/3810MB (cached 0MB) CPU [3%@1728,3%@1728,2%@1728,73%@1728,3%@729,2%@729] GR3D_FREQ 0% cpu@45.718C soc2@43.875C soc0@45.062C gpu@46.218C tj@46.218C soc1@44.843C VDD_IN 7411mW/6239mW VDD_CPU_GPU_CV 1520mW/830mW VDD_SOC 3320mW/3009mW
09-02-2026 16:53:44 RAM 1761/7620MB (lfb 114x4MB) SWAP 1/3810MB (cached 0MB) CPU [4%@1728,77%@1728,4%@1728,26%@1728,4%@1728,4%@1728] GR3D_FREQ 0% cpu@45.812C soc2@44.031C soc0@45.187C gpu@46.281C tj@46.281C soc1@44.906C VDD_IN 7572mW/6241mW VDD_CPU_GPU_CV 1680mW/831mW VDD_SOC 3325mW/3009mW
09-02-2026 16:53:49 RAM 1822/7620MB (lfb 114x4MB) SWAP 1/3810MB (cached 0MB) CPU [0%@729,39%@729,0%@729,0%@729,0%@729,0%@729] GR3D_FREQ 0% cpu@44.937C soc2@43.687C soc0@45.187C gpu@45.781C tj@45.781C soc1@44.875C VDD_IN 5488mW/6240mW VDD_CPU_GPU_CV 480mW/830mW VDD_SOC 2800mW/3009mW
09-02-2026 16:53:54 RAM 1474/7620MB (lfb 115x4MB) SWAP 1/3810MB (cached 0MB) CPU [2%@1728,36%@1728,4%@1728,1%@1728,1%@729,1%@729] GR3D_FREQ 0% cpu@46C soc2@43.937C soc0@45.156C gpu@46.062C tj@46.062C soc1@44.781C VDD_IN 7491mW/6241mW VDD_CPU_GPU_CV 1600mW/831mW VDD_SOC 3325mW/3010mW
09-02-2026 16:53:59 RAM 1819/7620MB (lfb 115x4MB) SWAP 1/3810MB (cached 0MB) CPU [3%@1728,2%@1728,100%@1728,2%@1728,2%@729,2%@729] GR3D_FREQ 0% cpu@46.312C soc2@44.062C soc0@45.218C gpu@46.156C tj@46.312C soc1@44.906C VDD_IN 7371mW/6243mW VDD_CPU_GPU_CV 1520mW/832mW VDD_SOC 3320mW/3010mW
09-02-2026 16:54:04 RAM 2063/7620MB (lfb 86x4MB) SWAP 1/3810MB (cached 0MB) CPU [4%@729,1%@729,91%@729,1%@729,1%@729,1%@729] GR3D_FREQ 0% cpu@45.343C soc2@44.093C soc0@45.406C gpu@46.562C tj@46.562C soc1@45.125C VDD_IN 6971mW/6244mW VDD_CPU_GPU_CV 1120mW/833mW VDD_SOC 3285mW/3010mW
09-02-2026 16:54:09 RAM 2462/7620MB (lfb 74x4MB) SWAP 1/3810MB (cached 0MB) CPU [8%@729,4%@729,28%@729,4%@729,9%@729,5%@729] GR3D_FREQ 16% cpu@45.531C soc2@43.968C soc0@45.406C gpu@46.156C tj@46.156C soc1@45.343C VDD_IN 6320mW/6244mW VDD_CPU_GPU_CV 763mW/832mW VDD_SOC 3019mW/3010mW
09-02-2026 16:54:14 RAM 2463/7620MB (lfb 74x4MB) SWAP 1/3810MB (cached 0MB) CPU [10%@729,7%@729,25%@729,9%@729,19%@729,13%@729] GR3D_FREQ 6% cpu@45.406C soc2@44.062C soc0@45.531C gpu@46.437C tj@46.437C soc1@45.343C VDD_IN 6722mW/6245mW VDD_CPU_GPU_CV 964mW/833mW VDD_SOC 3134mW/3010mW
09-02-2026 16:54:19 RAM 2463/7620MB (lfb 74x4MB) SWAP 1/3810MB (cached 0MB) CPU [9%@729,7%@729,8%@729,7%@729,31%@729,16%@729] GR3D_FREQ 24% cpu@45.625C soc2@44C soc0@45.375C gpu@46.062C tj@46.062C soc1@45.343C VDD_IN 6279mW/6245mW VDD_CPU_GPU_CV 723mW/833mW VDD_SOC 3014mW/3010mW
09-02-2026 16:54:24 RAM 2463/7620MB (lfb 74x4MB) SWAP 1/3810MB (cached 0MB) CPU [11%@729,12%@729,36%@729,7%@729,10%@729,14%@729] GR3D_FREQ 6% cpu@45.375C soc2@44.062C soc0@45.343C gpu@46.437C tj@46.437C soc1@45.25C VDD_IN 7033mW/6246mW VDD_CPU_GPU_CV 1125mW/833mW VDD_SOC 3215mW/3011mW
09-02-2026 16:54:29 RAM 2463/7620MB (lfb 74x4MB) SWAP 1/3810MB (cached 0MB) CPU [9%@729,6%@729,12%@729,31%@729,6%@729,11%@729] GR3D_FREQ 20% cpu@45.25C soc2@43.937C soc0@45.406C gpu@46.218C tj@46.218C soc1@45.343C VDD_IN 6279mW/6246mW VDD_CPU_GPU_CV 763mW/833mW VDD_SOC 3014mW/3011mW
09-02-2026 16:54:34 RAM 2463/7620MB (lfb 74x4MB) SWAP 1/3810MB (cached 0MB) CPU [8%@729,7%@729,11%@729,7%@729,4%@729,5%@729] GR3D_FREQ 0% cpu@45.312C soc2@43.968C soc0@45.375C gpu@46.031C tj@46.031C soc1@45.281C VDD_IN 5917mW/6245mW VDD_CPU_GPU_CV 563mW/832mW VDD_SOC 2938mW/3011mW
09-02-2026 16:54:39 RAM 2463/7620MB (lfb 74x4MB) SWAP 1/3810MB (cached 0MB) CPU [4%@729,1%@729,2%@729,4%@729,0%@729,0%@729] GR3D_FREQ 0% cpu@45.062C soc2@43.812C soc0@45.312C gpu@46.093C tj@46.093C soc1@45.281C VDD_IN 5837mW/6245mW VDD_CPU_GPU_CV 562mW/832mW VDD_SOC 2853mW/3010mW
09-02-2026 16:54:44 RAM 1704/7620MB (lfb 116x4MB) SWAP 1/3810MB (cached 0MB) CPU [5%@729,3%@729,42%@729,6%@729,46%@1728,2%@1728] GR3D_FREQ 0% cpu@46.187C soc2@44.156C soc0@45.406C gpu@46.531C tj@46.531C soc1@45.062C VDD_IN 7411mW/6246mW VDD_CPU_GPU_CV 1520mW/833mW VDD_SOC 3325mW/3011mW
09-02-2026 16:54:49 RAM 1456/7620MB (lfb 116x4MB) SWAP 1/3810MB (cached 0MB) CPU [0%@729,0%@729,0%@729,0%@729,52%@729,0%@729] GR3D_FREQ 0% cpu@45.437C soc2@44.093C soc0@45.406C gpu@46.25C tj@46.25C soc1@45.156C VDD_IN 5488mW/6245mW VDD_CPU_GPU_CV 480mW/833mW VDD_SOC 2804mW/3011mW
09-02-2026 16:54:54 RAM 1456/7620MB (lfb 117x4MB) SWAP 1/3810MB (cached 0MB) CPU [2%@729,1%@729,15%@729,1%@729,1%@729,1%@729] GR3D_FREQ 0% cpu@45.437C soc2@44C soc0@45.281C gpu@46.062C tj@46.062C soc1@45.062C VDD_IN 5488mW/6244mW VDD_CPU_GPU_CV 480mW/832mW VDD_SOC 2804mW/3010mW
09-02-2026 16:54:59 RAM 1738/7620MB (lfb 117x4MB) SWAP 1/3810MB (cached 0MB) CPU [3%@1728,2%@1728,73%@1728,2%@1728,2%@729,2%@729] GR3D_FREQ 0% cpu@46.406C soc2@44.25C soc0@45.625C gpu@46.5C tj@46.5C soc1@45.031C VDD_IN 7371mW/6246mW VDD_CPU_GPU_CV 1520mW/833mW VDD_SOC 3320mW/3011mW
09-02-2026 16:55:04 RAM 1759/7620MB (lfb 117x4MB) SWAP 1/3810MB (cached 0MB) CPU [3%@1728,2%@1728,26%@1728,76%@1728,3%@1113,3%@1113] GR3D_FREQ 0% cpu@46.093C soc2@44.375C soc0@45.562C gpu@46.437C tj@46.437C soc1@45.406C VDD_IN 7411mW/6247mW VDD_CPU_GPU_CV 1520mW/834mW VDD_SOC 3320mW/3011mW
09-02-2026 16:55:09 RAM 1825/7620MB (lfb 117x4MB) SWAP 1/3810MB (cached 0MB) CPU [1%@729,1%@729,1%@729,41%@729,1%@729,1%@729] GR3D_FREQ 0% cpu@45.312C soc2@44.093C soc0@45.593C gpu@46.468C tj@46.468C soc1@45.281C VDD_IN 5488mW/6246mW VDD_CPU_GPU_CV 480mW/833mW VDD_SOC 2804mW/3011mW
09-02-2026 16:55:14 RAM 1468/7620MB (lfb 117x4MB) SWAP 1/3810MB (cached 0MB) CPU [1%@1728,1%@1728,3%@1728,35%@1728,1%@1651,1%@1651] GR3D_FREQ 0% cpu@46.437C soc2@44.312C soc0@45.625C gpu@46.531C tj@46.531C soc1@45.156C VDD_IN 7451mW/6248mW VDD_CPU_GPU_CV 1520mW/834mW VDD_SOC 3325mW/3011mW
09-02-2026 16:55:19 RAM 1812/7620MB (lfb 117x4MB) SWAP 1/3810MB (cached 0MB) CPU [3%@1728,3%@1728,99%@1728,3%@1728,3%@729,3%@729] GR3D_FREQ 0% cpu@46.656C soc2@44.375C soc0@45.812C gpu@46.593C tj@46.656C soc1@45.343C VDD_IN 7371mW/6249mW VDD_CPU_GPU_CV 1520mW/835mW VDD_SOC 3320mW/3012mW
09-02-2026 16:55:24 RAM 1938/7620MB (lfb 106x4MB) SWAP 1/3810MB (cached 0MB) CPU [1%@729,1%@729,95%@729,1%@729,1%@729,1%@729] GR3D_FREQ 0% cpu@45.718C soc2@44.468C soc0@45.812C gpu@46.781C tj@46.781C soc1@45.531C VDD_IN 7171mW/6250mW VDD_CPU_GPU_CV 1160mW/836mW VDD_SOC 3360mW/3012mW
09-02-2026 16:55:29 RAM 2338/7620MB (lfb 84x4MB) SWAP 1/3810MB (cached 0MB) CPU [10%@729,6%@729,24%@729,9%@729,4%@729,3%@729] GR3D_FREQ 6% cpu@45.843C soc2@44.281C soc0@45.75C gpu@46.5C tj@46.5C soc1@45.562C VDD_IN 6320mW/6250mW VDD_CPU_GPU_CV 763mW/835mW VDD_SOC 3014mW/3012mW
09-02-2026 16:55:34 RAM 2338/7620MB (lfb 84x4MB) SWAP 1/3810MB (cached 0MB) CPU [10%@729,15%@729,9%@729,34%@729,7%@729,7%@729] GR3D_FREQ 1% cpu@45.781C soc2@44.312C soc0@45.937C gpu@46.406C tj@46.406C soc1@45.468C VDD_IN 6883mW/6251mW VDD_CPU_GPU_CV 1044mW/836mW VDD_SOC 3175mW/3012mW
09-02-2026 16:55:39 RAM 2342/7620MB (lfb 84x4MB) SWAP 1/3810MB (cached 0MB) CPU [17%@729,15%@729,9%@729,25%@729,9%@729,9%@729] GR3D_FREQ 16% cpu@45.937C soc2@44.281C soc0@45.718C gpu@46.406C tj@46.406C soc1@45.656C VDD_IN 6320mW/6251mW VDD_CPU_GPU_CV 763mW/836mW VDD_SOC 3019mW/3012mW
09-02-2026 16:55:44 RAM 2341/7620MB (lfb 84x4MB) SWAP 1/3810MB (cached 0MB) CPU [12%@1728,15%@1728,10%@1728,25%@1728,11%@729,11%@729] GR3D_FREQ 99% cpu@45.843C soc2@44.343C soc0@45.812C gpu@46.718C tj@46.718C soc1@45.593C VDD_IN 6722mW/6252mW VDD_CPU_GPU_CV 924mW/836mW VDD_SOC 3134mW/3012mW
09-02-2026 16:55:49 RAM 2343/7620MB (lfb 84x4MB) SWAP 1/3810MB (cached 0MB) CPU [10%@729,32%@729,12%@729,10%@729,8%@729,8%@729] GR3D_FREQ 4% cpu@45.625C soc2@44.343C soc0@45.75C gpu@46.812C tj@46.812C soc1@45.687C VDD_IN 6320mW/6252mW VDD_CPU_GPU_CV 763mW/836mW VDD_SOC 3054mW/3012mW
09-02-2026 16:55:54 RAM 2343/7620MB (lfb 84x4MB) SWAP 1/3810MB (cached 0MB) CPU [5%@729,6%@729,13%@729,6%@729,3%@729,4%@729] GR3D_FREQ 6% cpu@45.593C soc2@44.187C soc0@45.843C gpu@46.5C tj@46.281C soc1@45.468C VDD_IN 5837mW/6251mW VDD_CPU_GPU_CV 522mW/835mW VDD_SOC 2938mW/3012mW
09-02-2026 16:55:59 RAM 2343/7620MB (lfb 84x4MB) SWAP 1/3810MB (cached 0MB) CPU [3%@729,4%@729,0%@729,1%@729,1%@729,0%@729] GR3D_FREQ 8% cpu@45.406C soc2@44.125C soc0@45.625C gpu@46.593C tj@46.593C soc1@45.562C VDD_IN 5837mW/6251mW VDD_CPU_GPU_CV 562mW/835mW VDD_SOC 2853mW/3012mW
09-02-2026 16:56:04 RAM 1708/7620MB (lfb 114x4MB) SWAP 1/3810MB (cached 0MB) CPU [3%@1728,4%@1728,41%@1728,42%@1728,9%@729,2%@729] GR3D_FREQ 0% cpu@46.25C soc2@44.531C soc0@45.656C gpu@46.812C tj@46.812C soc1@45.406C VDD_IN 7451mW/6252mW VDD_CPU_GPU_CV 1600mW/836mW VDD_SOC 3325mW/3013mW
09-02-2026 16:56:09 RAM 1461/7620MB (lfb 115x4MB) SWAP 1/3810MB (cached 0MB) CPU [0%@729,0%@729,0%@729,54%@729,0%@729,0%@729] GR3D_FREQ 0% cpu@45.531C soc2@44.343C soc0@45.812C gpu@46.437C tj@46.437C soc1@45.406C VDD_IN 5568mW/6251mW VDD_CPU_GPU_CV 480mW/835mW VDD_SOC 2884mW/3012mW
09-02-2026 16:56:14 RAM 1461/7620MB (lfb 115x4MB) SWAP 1/3810MB (cached 0MB) CPU [0%@729,0%@729,0%@729,0%@729,0%@729,0%@729] GR3D_FREQ 0% cpu@45.406C soc2@44.125C soc0@45.656C gpu@46.687C tj@46.687C soc1@45.312C VDD_IN 5488mW/6251mW VDD_CPU_GPU_CV 480mW/835mW VDD_SOC 2804mW/3012mW
09-02-2026 16:56:19 RAM 1480/7620MB (lfb 115x4MB) SWAP 1/3810MB (cached 0MB) CPU [3%@1728,21%@1728,3%@1728,3%@1728,2%@729,2%@729] GR3D_FREQ 0% cpu@45.843C soc2@44.093C soc0@45.5C gpu@46.5C tj@46.5C soc1@45.312C VDD_IN 6610mW/6251mW VDD_CPU_GPU_CV 1160mW/835mW VDD_SOC 3044mW/3012mW
09-02-2026 16:56:24 RAM 1495/7620MB (lfb 115x4MB) SWAP 1/3810MB (cached 0MB) CPU [3%@1728,90%@1728,12%@1728,2%@1728,2%@729,2%@729] GR3D_FREQ 0% cpu@46.593C soc2@44.562C soc0@45.843C gpu@47.093C tj@47.093C soc1@45.343C VDD_IN 7451mW/6252mW VDD_CPU_GPU_CV 1560mW/836mW VDD_SOC 3325mW/3013mW
09-02-2026 16:56:29 RAM 1818/7620MB (lfb 115x4MB) SWAP 1/3810MB (cached 0MB) CPU [3%@729,2%@729,45%@729,2%@729,57%@1728,2%@1728] GR3D_FREQ 0% cpu@46.5C soc2@44.5C soc0@45.812C gpu@46.906C tj@46.906C soc1@45.562C VDD_IN 7371mW/6254mW VDD_CPU_GPU_CV 1440mW/837mW VDD_SOC 3360mW/3013mW
09-02-2026 16:56:34 RAM 1826/7620MB (lfb 115x4MB) SWAP 1/3810MB (cached 0MB) CPU [0%@729,0%@729,0%@729,0%@729,6%@729,0%@729] GR3D_FREQ 0% cpu@45.562C soc2@44.25C soc0@45.625C gpu@46.718C tj@46.718C soc1@45.437C VDD_IN 5488mW/6253mW VDD_CPU_GPU_CV 480mW/837mW VDD_SOC 2800mW/3013mW
09-02-2026 16:56:39 RAM 1693/7620MB (lfb 116x4MB) SWAP 1/3810MB (cached 0MB) CPU [5%@1728,4%@1728,4%@1728,37%@1728,38%@729,4%@729] GR3D_FREQ 0% cpu@46.25C soc2@44.5C soc0@45.812C gpu@46.843C tj@46.843C soc1@45.593C VDD_IN 7451mW/6254mW VDD_CPU_GPU_CV 1560mW/837mW VDD_SOC 3325mW/3013mW
09-02-2026 16:56:44 RAM 1834/7620MB (lfb 116x4MB) SWAP 1/3810MB (cached 0MB) CPU [0%@1728,0%@1728,0%@1728,100%@1728,0%@729,0%@729] GR3D_FREQ 0% cpu@46.625C soc2@44.562C soc0@45.843C gpu@46.843C tj@46.843C soc1@45.468C VDD_IN 7371mW/6256mW VDD_CPU_GPU_CV 1600mW/838mW VDD_SOC 3280mW/3013mW
09-02-2026 16:56:49 RAM 2071/7620MB (lfb 86x4MB) SWAP 1/3810MB (cached 0MB) CPU [2%@729,2%@729,1%@729,60%@729,1%@729,2%@729] GR3D_FREQ 6% cpu@45.781C soc2@44.437C soc0@45.906C gpu@46.75C tj@46.75C soc1@45.812C VDD_IN 5908mW/6255mW VDD_CPU_GPU_CV 562mW/838mW VDD_SOC 2934mW/3013mW
09-02-2026 16:56:54 RAM 2457/7620MB (lfb 75x4MB) SWAP 1/3810MB (cached 0MB) CPU [12%@729,29%@729,10%@729,18%@729,8%@729,6%@729] GR3D_FREQ 7% cpu@45.843C soc2@44.468C soc0@45.812C gpu@46.656C tj@46.656C soc1@45.625C VDD_IN 6561mW/6256mW VDD_CPU_GPU_CV 884mW/838mW VDD_SOC 3094mW/3013mW
09-02-2026 16:56:59 RAM 2457/7620MB (lfb 75x4MB) SWAP 1/3810MB (cached 0MB) CPU [12%@729,11%@729,18%@729,19%@729,16%@729,10%@729] GR3D_FREQ 24% cpu@45.625C soc2@44.375C soc0@45.843C gpu@46.562C tj@46.562C soc1@45.781C VDD_IN 6279mW/6256mW VDD_CPU_GPU_CV 723mW/838mW VDD_SOC 3014mW/3013mW
09-02-2026 16:57:04 RAM 2458/7620MB (lfb 75x4MB) SWAP 1/3810MB (cached 0MB) CPU [10%@729,34%@729,7%@729,12%@729,9%@729,10%@729] GR3D_FREQ 2% cpu@45.656C soc2@44.468C soc0@45.718C gpu@46.687C tj@46.687C soc1@45.687C VDD_IN 6763mW/6256mW VDD_CPU_GPU_CV 1004mW/838mW VDD_SOC 3134mW/3014mW
09-02-2026 16:57:09 RAM 2460/7620MB (lfb 75x4MB) SWAP 1/3810MB (cached 0MB) CPU [11%@729,19%@729,11%@729,14%@729,19%@729,13%@729] GR3D_FREQ 14% cpu@45.562C soc2@44.281C soc0@45.781C gpu@46.531C tj@46.531C soc1@45.781C VDD_IN 6320mW/6256mW VDD_CPU_GPU_CV 763mW/838mW VDD_SOC 3014mW/3014mW
09-02-2026 16:57:14 RAM 2459/7620MB (lfb 75x4MB) SWAP 1/3810MB (cached 0MB) CPU [10%@729,14%@729,15%@729,23%@729,9%@729,12%@729] GR3D_FREQ 8% cpu@45.781C soc2@44.468C soc0@45.593C gpu@46.75C tj@46.75C soc1@45.625C VDD_IN 7113mW/6257mW VDD_CPU_GPU_CV 1203mW/839mW VDD_SOC 3255mW/3014mW
09-02-2026 16:57:19 RAM 2459/7620MB (lfb 75x4MB) SWAP 1/3810MB (cached 0MB) CPU [3%@729,1%@729,1%@729,4%@729,2%@729,4%@729] GR3D_FREQ 0% cpu@45.375C soc2@44.187C soc0@45.625C gpu@46.343C tj@46.343C soc1@45.437C VDD_IN 5787mW/6257mW VDD_CPU_GPU_CV 562mW/838mW VDD_SOC 2853mW/3014mW
09-02-2026 16:57:24 RAM 2459/7620MB (lfb 75x4MB) SWAP 1/3810MB (cached 0MB) CPU [3%@1728,1%@1728,1%@1728,22%@1728,3%@729,0%@729] GR3D_FREQ 0% cpu@46.187C soc2@44.312C soc0@45.531C gpu@46.468C tj@46.468C soc1@45.5C VDD_IN 7395mW/6258mW VDD_CPU_GPU_CV 1165mW/839mW VDD_SOC 3416mW/3014mW
09-02-2026 16:57:29 RAM 1752/7620MB (lfb 118x4MB) SWAP 1/3810MB (cached 0MB) CPU [3%@1728,2%@1728,79%@1728,23%@1728,4%@729,2%@729] GR3D_FREQ 0% cpu@46.5C soc2@44.468C soc0@45.906C gpu@46.562C tj@46.562C soc1@45.375C VDD_IN 7411mW/6260mW VDD_CPU_GPU_CV 1400mW/839mW VDD_SOC 3400mW/3015mW
09-02-2026 16:57:34 RAM 1458/7620MB (lfb 118x4MB) SWAP 1/3810MB (cached 0MB) CPU [0%@729,0%@729,16%@729,0%@729,0%@729,0%@729] GR3D_FREQ 0% cpu@45.75C soc2@44.187C soc0@45.687C gpu@46.468C tj@46.468C soc1@45.25C VDD_IN 5488mW/6259mW VDD_CPU_GPU_CV 480mW/839mW VDD_SOC 2800mW/3014mW
09-02-2026 16:57:39 RAM 1458/7620MB (lfb 118x4MB) SWAP 1/3810MB (cached 0MB) CPU [0%@729,0%@729,0%@729,0%@729,0%@729,0%@729] GR3D_FREQ 0% cpu@45.156C soc2@44.156C soc0@45.593C gpu@46.343C tj@46.343C soc1@45.281C VDD_IN 5488mW/6258mW VDD_CPU_GPU_CV 480mW/838mW VDD_SOC 2804mW/3014mW
09-02-2026 16:57:44 RAM 1458/7620MB (lfb 118x4MB) SWAP 1/3810MB (cached 0MB) CPU [0%@729,0%@729,0%@729,0%@729,0%@729,0%@729] GR3D_FREQ 0% cpu@45.281C soc2@44.031C soc0@45.531C gpu@46.375C tj@46.375C soc1@45.031C VDD_IN 5488mW/6257mW VDD_CPU_GPU_CV 480mW/838mW VDD_SOC 2804mW/3014mW
09-02-2026 16:57:49 RAM 1459/7620MB (lfb 118x4MB) SWAP 1/3810MB (cached 0MB) CPU [15%@729,2%@729,1%@729,1%@729,1%@729,1%@729] GR3D_FREQ 0% cpu@45.343C soc2@44.062C soc0@45.437C gpu@46.343C tj@46.343C soc1@45.125C VDD_IN 5568mW/6256mW VDD_CPU_GPU_CV 520mW/838mW VDD_SOC 2840mW/3014mW
09-02-2026 16:57:54 RAM 1488/7620MB (lfb 118x4MB) SWAP 1/3810MB (cached 0MB) CPU [1%@1728,1%@1728,8%@1728,1%@1728,1%@729,1%@729] GR3D_FREQ 0% cpu@46.031C soc2@43.968C soc0@45.375C gpu@46.406C tj@46.406C soc1@45.187C VDD_IN 6770mW/6257mW VDD_CPU_GPU_CV 1240mW/838mW VDD_SOC 3124mW/3014mW
09-02-2026 16:57:59 RAM 1495/7620MB (lfb 118x4MB) SWAP 1/3810MB (cached 0MB) CPU [3%@729,3%@729,88%@729,2%@729,13%@1728,2%@1728] GR3D_FREQ 0% cpu@46.062C soc2@44.187C soc0@45.375C gpu@46.406C tj@46.406C soc1@45.218C VDD_IN 7451mW/6258mW VDD_CPU_GPU_CV 1520mW/839mW VDD_SOC 3320mW/3014mW
09-02-2026 16:58:04 RAM 1825/7620MB (lfb 118x4MB) SWAP 1/3810MB (cached 0MB) CPU [2%@729,3%@729,2%@729,2%@729,99%@1728,2%@1728] GR3D_FREQ 0% cpu@46.125C soc2@44.312C soc0@45.656C gpu@46.437C tj@46.437C soc1@45.406C VDD_IN 7411mW/6259mW VDD_CPU_GPU_CV 1480mW/840mW VDD_SOC 3320mW/3015mW
09-02-2026 16:58:09 RAM 1827/7620MB (lfb 118x4MB) SWAP 1/3810MB (cached 0MB) CPU [0%@729,0%@729,0%@729,0%@729,3%@729,0%@729] GR3D_FREQ 0% cpu@45.531C soc2@43.968C soc0@45.468C gpu@46.5C tj@46.5C soc1@45.218C VDD_IN 5488mW/6259mW VDD_CPU_GPU_CV 480mW/839mW VDD_SOC 2804mW/3014mW
09-02-2026 16:58:14 RAM 1689/7620MB (lfb 118x4MB) SWAP 1/3810MB (cached 0MB) CPU [41%@1728,4%@1728,4%@1728,38%@1728,4%@729,4%@729] GR3D_FREQ 0% cpu@45.968C soc2@44.406C soc0@45.5C gpu@46.687C tj@46.687C soc1@45.25C VDD_IN 7411mW/6260mW VDD_CPU_GPU_CV 1560mW/840mW VDD_SOC 3320mW/3015mW
09-02-2026 16:58:19 RAM 1827/7620MB (lfb 118x4MB) SWAP 1/3810MB (cached 0MB) CPU [100%@1728,0%@1728,0%@1728,0%@1728,0%@729,0%@729] GR3D_FREQ 0% cpu@46.093C soc2@44.5C soc0@45.625C gpu@46.5C tj@46.5C soc1@45.468C VDD_IN 7371mW/6261mW VDD_CPU_GPU_CV 1600mW/841mW VDD_SOC 3285mW/3015mW
09-02-2026 16:58:24 RAM 2066/7620MB (lfb 88x4MB) SWAP 1/3810MB (cached 0MB) CPU [52%@729,10%@729,1%@729,2%@729,1%@729,2%@729] GR3D_FREQ 0% cpu@45.562C soc2@44.25C soc0@45.625C gpu@46.531C tj@46.531C soc1@45.5C VDD_IN 5917mW/6261mW VDD_CPU_GPU_CV 563mW/841mW VDD_SOC 2938mW/3015mW
09-02-2026 16:58:29 RAM 2456/7620MB (lfb 74x4MB) SWAP 1/3810MB (cached 0MB) CPU [19%@729,12%@729,18%@729,8%@729,6%@729,16%@729] GR3D_FREQ 3% cpu@45.625C soc2@44.281C soc0@45.718C gpu@46.437C tj@46.437C soc1@45.562C VDD_IN 6561mW/6261mW VDD_CPU_GPU_CV 884mW/841mW VDD_SOC 3099mW/3015mW
09-02-2026 16:58:34 RAM 2456/7620MB (lfb 74x4MB) SWAP 1/3810MB (cached 0MB) CPU [12%@1728,19%@1728,13%@1728,12%@1728,16%@729,11%@729] GR3D_FREQ 4% cpu@45.625C soc2@44.281C soc0@45.843C gpu@46.375C tj@46.375C soc1@45.593C VDD_IN 6279mW/6261mW VDD_CPU_GPU_CV 723mW/841mW VDD_SOC 3014mW/3015mW
09-02-2026 16:58:39 RAM 2459/7620MB (lfb 74x4MB) SWAP 1/3810MB (cached 0MB) CPU [11%@729,9%@729,17%@729,9%@729,20%@729,21%@729] GR3D_FREQ 1% cpu@45.625C soc2@44.156C soc0@45.687C gpu@46.5C tj@46.5C soc1@45.625C VDD_IN 6763mW/6262mW VDD_CPU_GPU_CV 1004mW/841mW VDD_SOC 3134mW/3015mW
09-02-2026 16:58:44 RAM 2459/7620MB (lfb 74x4MB) SWAP 1/3810MB (cached 0MB) CPU [9%@729,7%@729,8%@729,8%@729,30%@729,18%@729] GR3D_FREQ 16% cpu@45.75C soc2@44.218C soc0@45.562C gpu@46.375C tj@46.375C soc1@45.562C VDD_IN 6320mW/6262mW VDD_CPU_GPU_CV 763mW/841mW VDD_SOC 3014mW/3015mW
09-02-2026 16:58:49 RAM 2459/7620MB (lfb 74x4MB) SWAP 1/3810MB (cached 0MB) CPU [9%@729,7%@729,8%@729,7%@729,37%@729,12%@729] GR3D_FREQ 14% cpu@45.625C soc2@44.281C soc0@45.625C gpu@46.968C tj@46.968C soc1@45.593C VDD_IN 7154mW/6263mW VDD_CPU_GPU_CV 1205mW/841mW VDD_SOC 3255mW/3015mW
09-02-2026 16:58:54 RAM 2459/7620MB (lfb 74x4MB) SWAP 1/3810MB (cached 0MB) CPU [3%@729,1%@729,2%@729,0%@729,6%@729,2%@729] GR3D_FREQ 8% cpu@45.312C soc2@44.187C soc0@45.562C gpu@46.187C tj@46.187C soc1@45.437C VDD_IN 5827mW/6262mW VDD_CPU_GPU_CV 562mW/841mW VDD_SOC 2853mW/3015mW
09-02-2026 16:58:59 RAM 2457/7620MB (lfb 74x4MB) SWAP 1/3810MB (cached 0MB) CPU [24%@1728,1%@1728,1%@1728,0%@1728,4%@729,1%@729] GR3D_FREQ 0% cpu@45.625C soc2@44.187C soc0@45.562C gpu@46.718C tj@46.718C soc1@45.343C VDD_IN 7355mW/6264mW VDD_CPU_GPU_CV 1165mW/841mW VDD_SOC 3376mW/3016mW
09-02-2026 16:59:05 RAM 1751/7620MB (lfb 116x4MB) SWAP 1/3810MB (cached 0MB) CPU [6%@1728,3%@1728,79%@1728,5%@1728,19%@729,2%@729] GR3D_FREQ 0% cpu@46.468C soc2@44.375C soc0@45.562C gpu@46.781C tj@46.781C soc1@45.375C VDD_IN 7411mW/6265mW VDD_CPU_GPU_CV 1400mW/842mW VDD_SOC 3360mW/3016mW
09-02-2026 16:59:10 RAM 1455/7620MB (lfb 116x4MB) SWAP 1/3810MB (cached 0MB) CPU [0%@729,0%@729,17%@729,0%@729,0%@729,0%@729] GR3D_FREQ 0% cpu@45.437C soc2@44.093C soc0@45.468C gpu@46.25C tj@46.25C soc1@45.187C VDD_IN 5488mW/6264mW VDD_CPU_GPU_CV 480mW/841mW VDD_SOC 2800mW/3016mW
09-02-2026 16:59:15 RAM 1702/7620MB (lfb 116x4MB) SWAP 1/3810MB (cached 0MB) CPU [4%@1728,59%@1728,4%@1728,4%@1728,4%@729,3%@729] GR3D_FREQ 0% cpu@46.031C soc2@44.406C soc0@45.625C gpu@46.406C tj@46.406C soc1@45.343C VDD_IN 7411mW/6266mW VDD_CPU_GPU_CV 1520mW/842mW VDD_SOC 3320mW/3016mW
09-02-2026 16:59:20 RAM 1706/7620MB (lfb 116x4MB) SWAP 1/3810MB (cached 0MB) CPU [48%@1728,54%@1728,3%@1728,2%@1728,2%@729,2%@729] GR3D_FREQ 0% cpu@46.218C soc2@44.593C soc0@45.687C gpu@46.875C tj@46.875C soc1@45.5C VDD_IN 7411mW/6267mW VDD_CPU_GPU_CV 1560mW/843mW VDD_SOC 3320mW/3017mW
09-02-2026 16:59:25 RAM 1821/7620MB (lfb 116x4MB) SWAP 1/3810MB (cached 0MB) CPU [68%@729,2%@729,1%@729,1%@729,1%@729,1%@729] GR3D_FREQ 0% cpu@45.687C soc2@44.25C soc0@45.718C gpu@46.375C tj@46.375C soc1@45.406C VDD_IN 5608mW/6266mW VDD_CPU_GPU_CV 520mW/843mW VDD_SOC 2840mW/3016mW
09-02-2026 16:59:30 RAM 1821/7620MB (lfb 116x4MB) SWAP 1/3810MB (cached 0MB) CPU [0%@1728,9%@1728,0%@1728,0%@1728,0%@729,0%@729] GR3D_FREQ 0% cpu@45.75C soc2@44.281C soc0@45.437C gpu@46.656C tj@46.656C soc1@45.343C VDD_IN 6490mW/6266mW VDD_CPU_GPU_CV 880mW/843mW VDD_SOC 3124mW/3016mW
09-02-2026 16:59:35 RAM 1757/7620MB (lfb 116x4MB) SWAP 1/3810MB (cached 0MB) CPU [73%@1728,30%@1728,4%@1728,4%@1728,4%@729,4%@729] GR3D_FREQ 0% cpu@46.187C soc2@44.593C soc0@45.718C gpu@46.781C tj@46.781C soc1@45.531C VDD_IN 7411mW/6268mW VDD_CPU_GPU_CV 1520mW/844mW VDD_SOC 3320mW/3017mW
09-02-2026 16:59:40 RAM 1876/7620MB (lfb 116x4MB) SWAP 1/3810MB (cached 0MB) CPU [100%@1728,1%@1728,1%@1728,1%@1728,1%@729,1%@729] GR3D_FREQ 0% cpu@46.281C soc2@44.718C soc0@45.875C gpu@46.781C tj@46.781C soc1@45.437C VDD_IN 7371mW/6269mW VDD_CPU_GPU_CV 1600mW/844mW VDD_SOC 3280mW/3017mW
09-02-2026 16:59:45 RAM 2326/7620MB (lfb 88x4MB) SWAP 1/3810MB (cached 0MB) CPU [19%@729,26%@729,1%@729,2%@729,3%@729,2%@729] GR3D_FREQ 2% cpu@45.718C soc2@44.343C soc0@45.75C gpu@46.468C tj@46.468C soc1@45.687C VDD_IN 6682mW/6270mW VDD_CPU_GPU_CV 964mW/845mW VDD_SOC 3134mW/3017mW
09-02-2026 16:59:50 RAM 2327/7620MB (lfb 88x4MB) SWAP 1/3810MB (cached 0MB) CPU [12%@729,23%@729,8%@729,18%@729,10%@729,10%@729] GR3D_FREQ 18% cpu@45.562C soc2@44.343C soc0@45.625C gpu@46.75C tj@46.75C soc1@45.531C VDD_IN 6279mW/6270mW VDD_CPU_GPU_CV 763mW/844mW VDD_SOC 3019mW/3017mW
09-02-2026 16:59:55 RAM 2328/7620MB (lfb 88x4MB) SWAP 1/3810MB (cached 0MB) CPU [14%@729,21%@729,21%@729,8%@729,10%@729,9%@729] GR3D_FREQ 11% cpu@45.843C soc2@44.25C soc0@45.75C gpu@46.375C tj@46.375C soc1@45.625C VDD_IN 6682mW/6270mW VDD_CPU_GPU_CV 924mW/845mW VDD_SOC 3134mW/3017mW
09-02-2026 17:00:00 RAM 2328/7620MB (lfb 88x4MB) SWAP 1/3810MB (cached 0MB) CPU [17%@729,9%@729,21%@729,17%@729,10%@729,7%@729] GR3D_FREQ 15% cpu@45.593C soc2@44.312C soc0@45.781C gpu@46.781C tj@46.781C soc1@45.562C VDD_IN 6320mW/6270mW VDD_CPU_GPU_CV 763mW/844mW VDD_SOC 3054mW/3017mW
09-02-2026 17:00:05 RAM 2328/7620MB (lfb 88x4MB) SWAP 1/3810MB (cached 0MB) CPU [23%@729,9%@729,9%@729,21%@729,10%@729,13%@729] GR3D_FREQ 6% cpu@45.968C soc2@44.25C soc0@45.718C gpu@46.468C tj@46.468C soc1@45.625C VDD_IN 6993mW/6271mW VDD_CPU_GPU_CV 1125mW/845mW VDD_SOC 3215mW/3018mW
09-02-2026 17:00:10 RAM 2331/7620MB (lfb 88x4MB) SWAP 1/3810MB (cached 0MB) CPU [9%@729,19%@729,10%@729,9%@729,6%@729,11%@729] GR3D_FREQ 0% cpu@45.5C soc2@44.218C soc0@45.625C gpu@46.656C tj@46.656C soc1@45.531C VDD_IN 5877mW/6270mW VDD_CPU_GPU_CV 562mW/844mW VDD_SOC 2934mW/3018mW
09-02-2026 17:00:15 RAM 2332/7620MB (lfb 88x4MB) SWAP 1/3810MB (cached 0MB) CPU [3%@729,1%@729,1%@729,4%@729,0%@729,0%@729] GR3D_FREQ 0% cpu@45.343C soc2@44.156C soc0@45.625C gpu@46.187C tj@46.187C soc1@45.343C VDD_IN 5796mW/6270mW VDD_CPU_GPU_CV 562mW/844mW VDD_SOC 2853mW/3017mW
09-02-2026 17:00:20 RAM 1505/7620MB (lfb 114x4MB) SWAP 1/3810MB (cached 0MB) CPU [4%@1728,3%@1728,44%@1728,4%@1728,13%@1728,1%@1728] GR3D_FREQ 0% cpu@46.312C soc2@44.343C soc0@45.562C gpu@46.656C tj@46.656C soc1@45.343C VDD_IN 7584mW/6271mW VDD_CPU_GPU_CV 1562mW/845mW VDD_SOC 3330mW/3018mW
09-02-2026 17:00:25 RAM 1458/7620MB (lfb 115x4MB) SWAP 1/3810MB (cached 0MB) CPU [1%@729,1%@729,1%@729,1%@729,82%@729,1%@729] GR3D_FREQ 0% cpu@45.468C soc2@44.25C soc0@45.687C gpu@46.312C tj@46.312C soc1@45.281C VDD_IN 5769mW/6271mW VDD_CPU_GPU_CV 600mW/845mW VDD_SOC 2920mW/3018mW
09-02-2026 17:00:30 RAM 1458/7620MB (lfb 115x4MB) SWAP 1/3810MB (cached 0MB) CPU [0%@729,0%@729,0%@729,0%@729,0%@729,0%@729] GR3D_FREQ 0% cpu@45.25C soc2@44.062C soc0@45.5C gpu@46.406C tj@46.406C soc1@45.156C VDD_IN 5488mW/6270mW VDD_CPU_GPU_CV 480mW/844mW VDD_SOC 2800mW/3017mW
09-02-2026 17:00:35 RAM 1589/7620MB (lfb 115x4MB) SWAP 1/3810MB (cached 0MB) CPU [3%@1728,2%@1728,33%@1728,3%@1728,2%@729,2%@729] GR3D_FREQ 0% cpu@46.406C soc2@44.093C soc0@45.437C gpu@46.375C tj@46.406C soc1@45.187C VDD_IN 7171mW/6271mW VDD_CPU_GPU_CV 1360mW/845mW VDD_SOC 3285mW/3018mW
09-02-2026 17:00:40 RAM 1628/7620MB (lfb 115x4MB) SWAP 1/3810MB (cached 0MB) CPU [9%@729,4%@729,80%@729,4%@729,17%@1728,4%@1728] GR3D_FREQ 0% cpu@46.218C soc2@44.343C soc0@45.625C gpu@46.468C tj@46.718C soc1@45.25C VDD_IN 7692mW/6273mW VDD_CPU_GPU_CV 1760mW/846mW VDD_SOC 3325mW/3018mW
09-02-2026 17:00:45 RAM 1828/7620MB (lfb 115x4MB) SWAP 1/3810MB (cached 0MB) CPU [15%@729,1%@729,1%@729,1%@729,80%@729,1%@729] GR3D_FREQ 0% cpu@45.875C soc2@44.375C soc0@45.718C gpu@46.531C tj@46.531C soc1@45.343C VDD_IN 6690mW/6273mW VDD_CPU_GPU_CV 1120mW/846mW VDD_SOC 3160mW/3018mW
09-02-2026 17:00:50 RAM 1828/7620MB (lfb 115x4MB) SWAP 1/3810MB (cached 0MB) CPU [0%@729,0%@729,0%@729,0%@729,0%@729,0%@729] GR3D_FREQ 0% cpu@45.312C soc2@43.968C soc0@45.468C gpu@46.218C tj@46.218C soc1@45.125C VDD_IN 5528mW/6272mW VDD_CPU_GPU_CV 480mW/846mW VDD_SOC 2804mW/3018mW
09-02-2026 17:00:55 RAM 1706/7620MB (lfb 116x4MB) SWAP 1/3810MB (cached 0MB) CPU [4%@1728,48%@1728,4%@1728,4%@1728,38%@729,4%@729] GR3D_FREQ 0% cpu@45.968C soc2@44.468C soc0@45.75C gpu@46.937C tj@46.937C soc1@45.281C VDD_IN 7451mW/6274mW VDD_CPU_GPU_CV 1520mW/847mW VDD_SOC 3325mW/3018mW
09-02-2026 17:01:00 RAM 1857/7620MB (lfb 116x4MB) SWAP 1/3810MB (cached 0MB) CPU [1%@1728,100%@1728,1%@1728,1%@1728,1%@729,1%@729] GR3D_FREQ 0% cpu@46.156C soc2@44.531C soc0@45.687C gpu@46.75C tj@46.75C soc1@45.437C VDD_IN 7491mW/6275mW VDD_CPU_GPU_CV 1680mW/848mW VDD_SOC 3285mW/3019mW
09-02-2026 17:01:05 RAM 1941/7620MB (lfb 106x4MB) SWAP 1/3810MB (cached 0MB) CPU [2%@1113,48%@1113,5%@1113,1%@1113,0%@960,0%@960] GR3D_FREQ 6% cpu@45.718C soc2@44.25C soc0@45.625C gpu@46.468C tj@46.468C soc1@45.437C VDD_IN 5998mW/6275mW VDD_CPU_GPU_CV 643mW/847mW VDD_SOC 2938mW/3019mW
09-02-2026 17:01:10 RAM 2327/7620MB (lfb 86x4MB) SWAP 1/3810MB (cached 0MB) CPU [14%@729,19%@729,9%@729,29%@729,7%@729,7%@729] GR3D_FREQ 16% cpu@45.812C soc2@44.406C soc0@45.625C gpu@46.375C tj@46.375C soc1@45.593C VDD_IN 6360mW/6275mW VDD_CPU_GPU_CV 803mW/847mW VDD_SOC 3054mW/3019mW
09-02-2026 17:01:15 RAM 2328/7620MB (lfb 86x4MB) SWAP 1/3810MB (cached 0MB) CPU [11%@729,12%@729,22%@729,22%@729,7%@729,9%@729] GR3D_FREQ 6% cpu@45.843C soc2@44.281C soc0@45.718C gpu@46.468C tj@46.468C soc1@45.531C VDD_IN 6320mW/6275mW VDD_CPU_GPU_CV 763mW/847mW VDD_SOC 3014mW/3019mW
09-02-2026 17:01:20 RAM 2328/7620MB (lfb 86x4MB) SWAP 1/3810MB (cached 0MB) CPU [10%@729,10%@729,23%@729,10%@729,15%@729,12%@729] GR3D_FREQ 6% cpu@45.812C soc2@44.343C soc0@45.625C gpu@46.375C tj@46.375C soc1@45.656C VDD_IN 6481mW/6275mW VDD_CPU_GPU_CV 844mW/847mW VDD_SOC 3054mW/3019mW
09-02-2026 17:01:25 RAM 2328/7620MB (lfb 86x4MB) SWAP 1/3810MB (cached 0MB) CPU [16%@729,10%@729,15%@729,25%@729,8%@729,7%@729] GR3D_FREQ 28% cpu@45.625C soc2@44.281C soc0@45.625C gpu@46.468C tj@46.468C soc1@45.5C VDD_IN 6279mW/6275mW VDD_CPU_GPU_CV 723mW/847mW VDD_SOC 3014mW/3019mW
09-02-2026 17:01:30 RAM 2328/7620MB (lfb 86x4MB) SWAP 1/3810MB (cached 0MB) CPU [20%@729,19%@729,14%@729,16%@729,10%@729,10%@729] GR3D_FREQ 0% cpu@45.437C soc2@44.25C soc0@45.625C gpu@46.343C tj@46.343C soc1@45.562C VDD_IN 6561mW/6275mW VDD_CPU_GPU_CV 884mW/847mW VDD_SOC 3094mW/3019mW
09-02-2026 17:01:35 RAM 2328/7620MB (lfb 86x4MB) SWAP 1/3810MB (cached 0MB) CPU [2%@729,3%@729,0%@729,1%@729,0%@729,1%@729] GR3D_FREQ 0% cpu@45.437C soc2@44.156C soc0@45.687C gpu@46.562C tj@46.562C soc1@45.406C VDD_IN 5877mW/6275mW VDD_CPU_GPU_CV 562mW/847mW VDD_SOC 2898mW/3019mW
09-02-2026 17:01:40 RAM 2332/7620MB (lfb 86x4MB) SWAP 1/3810MB (cached 0MB) CPU [34%@1728,2%@1728,2%@1728,0%@1728,0%@729,0%@729] GR3D_FREQ 0% cpu@46C soc2@44.156C soc0@45.562C gpu@46.593C tj@46.593C soc1@45.468C VDD_IN 7435mW/6276mW VDD_CPU_GPU_CV 1205mW/847mW VDD_SOC 3416mW/3019mW
09-02-2026 17:01:45 RAM 1757/7620MB (lfb 114x4MB) SWAP 1/3810MB (cached 0MB) CPU [10%@729,3%@729,3%@729,5%@729,88%@1728,6%@1728] GR3D_FREQ 0% cpu@46.062C soc2@44.375C soc0@45.812C gpu@46.875C tj@46.875C soc1@45.437C VDD_IN 7291mW/6277mW VDD_CPU_GPU_CV 1240mW/848mW VDD_SOC 3400mW/3019mW
09-02-2026 17:01:50 RAM 1467/7620MB (lfb 116x4MB) SWAP 1/3810MB (cached 0MB) CPU [1%@729,15%@729,1%@729,1%@729,8%@729,1%@729] GR3D_FREQ 0% cpu@45.656C soc2@44.156C soc0@45.625C gpu@46.468C tj@46.468C soc1@45.406C VDD_IN 5729mW/6277mW VDD_CPU_GPU_CV 560mW/847mW VDD_SOC 2920mW/3019mW
09-02-2026 17:01:55 RAM 1467/7620MB (lfb 116x4MB) SWAP 1/3810MB (cached 0MB) CPU [0%@729,0%@729,0%@729,0%@729,0%@729,0%@729] GR3D_FREQ 0% cpu@45.562C soc2@44.031C soc0@45.375C gpu@46.562C tj@46.562C soc1@45.218C VDD_IN 5488mW/6276mW VDD_CPU_GPU_CV 480mW/847mW VDD_SOC 2804mW/3019mW
09-02-2026 17:02:00 RAM 1729/7620MB (lfb 116x4MB) SWAP 1/3810MB (cached 0MB) CPU [3%@1728,2%@1728,56%@1728,2%@1728,2%@729,2%@729] GR3D_FREQ 0% cpu@46.312C soc2@44.343C soc0@45.656C gpu@46.437C tj@46.437C soc1@45.187C VDD_IN 7371mW/6277mW VDD_CPU_GPU_CV 1520mW/848mW VDD_SOC 3320mW/3019mW
09-02-2026 17:02:05 RAM 1729/7620MB (lfb 116x4MB) SWAP 1/3810MB (cached 0MB) CPU [3%@1728,59%@1728,43%@1728,2%@1728,2%@729,2%@729] GR3D_FREQ 0% cpu@46.093C soc2@44.468C soc0@45.625C gpu@46.781C tj@46.781C soc1@45.375C VDD_IN 7411mW/6279mW VDD_CPU_GPU_CV 1560mW/848mW VDD_SOC 3320mW/3020mW
09-02-2026 17:02:10 RAM 1832/7620MB (lfb 116x4MB) SWAP 1/3810MB (cached 0MB) CPU [1%@729,57%@729,1%@729,1%@729,1%@729,1%@729] GR3D_FREQ 0% cpu@45.343C soc2@44.156C soc0@45.625C gpu@46.5C tj@46.5C soc1@45.406C VDD_IN 5568mW/6278mW VDD_CPU_GPU_CV 480mW/848mW VDD_SOC 2884mW/3020mW
09-02-2026 17:02:15 RAM 1832/7620MB (lfb 116x4MB) SWAP 1/3810MB (cached 0MB) CPU [0%@1728,21%@1728,0%@1728,0%@1728,0%@729,0%@729] GR3D_FREQ 0% cpu@45.906C soc2@44.25C soc0@45.468C gpu@46.375C tj@46.375C soc1@45.281C VDD_IN 7091mW/6279mW VDD_CPU_GPU_CV 1120mW/848mW VDD_SOC 3365mW/3020mW
09-02-2026 17:02:20 RAM 1786/7620MB (lfb 116x4MB) SWAP 1/3810MB (cached 0MB) CPU [4%@729,17%@729,4%@729,8%@729,83%@1728,4%@1728] GR3D_FREQ 0% cpu@45.937C soc2@44.406C soc0@45.562C gpu@46.593C tj@46.593C soc1@45.406C VDD_IN 7411mW/6280mW VDD_CPU_GPU_CV 1400mW/849mW VDD_SOC 3365mW/3020mW
09-02-2026 17:02:25 RAM 2088/7620MB (lfb 91x4MB) SWAP 1/3810MB (cached 0MB) CPU [1%@729,1%@729,2%@729,1%@729,100%@1728,1%@1728] GR3D_FREQ 0% cpu@46.312C soc2@44.468C soc0@45.687C gpu@46.656C tj@46.656C soc1@45.375C VDD_IN 7532mW/6281mW VDD_CPU_GPU_CV 1640mW/850mW VDD_SOC 3325mW/3021mW
09-02-2026 17:02:30 RAM 2353/7620MB (lfb 79x4MB) SWAP 1/3810MB (cached 0MB) CPU [6%@729,4%@729,3%@729,3%@729,8%@729,28%@729] GR3D_FREQ 7% cpu@45.656C soc2@44.312C soc0@45.718C gpu@46.375C tj@46.375C soc1@45.468C VDD_IN 6360mW/6281mW VDD_CPU_GPU_CV 803mW/850mW VDD_SOC 3054mW/3021mW
09-02-2026 17:02:35 RAM 2354/7620MB (lfb 79x4MB) SWAP 1/3810MB (cached 0MB) CPU [12%@729,9%@729,9%@729,8%@729,24%@729,22%@729] GR3D_FREQ 0% cpu@45.875C soc2@44.312C soc0@45.656C gpu@46.75C tj@46.75C soc1@45.5C VDD_IN 6320mW/6281mW VDD_CPU_GPU_CV 763mW/850mW VDD_SOC 3014mW/3021mW
09-02-2026 17:02:40 RAM 2354/7620MB (lfb 75x4MB) SWAP 1/3810MB (cached 0MB) CPU [12%@729,8%@729,21%@729,7%@729,21%@729,16%@729] GR3D_FREQ 6% cpu@45.625C soc2@44.375C soc0@45.781C gpu@46.437C tj@46.437C soc1@45.687C VDD_IN 6400mW/6282mW VDD_CPU_GPU_CV 803mW/850mW VDD_SOC 3054mW/3021mW
09-02-2026 17:02:45 RAM 2354/7620MB (lfb 75x4MB) SWAP 1/3810MB (cached 0MB) CPU [9%@729,11%@729,7%@729,7%@729,36%@729,7%@729] GR3D_FREQ 3% cpu@45.656C soc2@44.343C soc0@45.625C gpu@46.718C tj@46.718C soc1@45.562C VDD_IN 6279mW/6282mW VDD_CPU_GPU_CV 723mW/849mW VDD_SOC 3014mW/3021mW
09-02-2026 17:02:50 RAM 2356/7620MB (lfb 75x4MB) SWAP 1/3810MB (cached 0MB) CPU [10%@729,9%@729,10%@729,10%@729,22%@729,21%@729] GR3D_FREQ 18% cpu@45.625C soc2@44.375C soc0@45.812C gpu@46.718C tj@46.718C soc1@45.562C VDD_IN 6481mW/6282mW VDD_CPU_GPU_CV 844mW/849mW VDD_SOC 3094mW/3021mW
09-02-2026 17:02:55 RAM 2356/7620MB (lfb 75x4MB) SWAP 1/3810MB (cached 0MB) CPU [8%@729,6%@729,6%@729,22%@729,9%@729,6%@729] GR3D_FREQ 6% cpu@45.656C soc2@44.218C soc0@45.687C gpu@46.718C tj@46.718C soc1@45.593C VDD_IN 5877mW/6281mW VDD_CPU_GPU_CV 562mW/849mW VDD_SOC 2934mW/3021mW
09-02-2026 17:03:00 RAM 2356/7620MB (lfb 75x4MB) SWAP 1/3810MB (cached 0MB) CPU [4%@729,0%@729,1%@729,0%@729,4%@729,1%@729] GR3D_FREQ 2% cpu@45.437C soc2@44.218C soc0@45.687C gpu@46.468C tj@46.468C soc1@45.468C VDD_IN 5837mW/6281mW VDD_CPU_GPU_CV 562mW/849mW VDD_SOC 2853mW/3021mW
09-02-2026 17:03:05 RAM 1669/7620MB (lfb 115x4MB) SWAP 1/3810MB (cached 0MB) CPU [4%@729,3%@729,42%@729,5%@729,26%@1728,7%@1728] GR3D_FREQ 0% cpu@46.25C soc2@44.437C soc0@45.75C gpu@46.875C tj@46.875C soc1@45.5C VDD_IN 7532mW/6282mW VDD_CPU_GPU_CV 1640mW/850mW VDD_SOC 3325mW/3021mW
09-02-2026 17:03:10 RAM 1463/7620MB (lfb 115x4MB) SWAP 1/3810MB (cached 0MB) CPU [0%@729,1%@729,1%@729,1%@729,70%@729,0%@729] GR3D_FREQ 0% cpu@45.906C soc2@44.375C soc0@45.625C gpu@46.375C tj@46.375C soc1@45.312C VDD_IN 5608mW/6282mW VDD_CPU_GPU_CV 520mW/849mW VDD_SOC 2880mW/3021mW
09-02-2026 17:03:15 RAM 1463/7620MB (lfb 115x4MB) SWAP 1/3810MB (cached 0MB) CPU [0%@729,0%@729,0%@729,0%@729,0%@729,0%@729] GR3D_FREQ 0% cpu@45.437C soc2@44.156C soc0@45.531C gpu@46.281C tj@46.281C soc1@45.218C VDD_IN 5488mW/6281mW VDD_CPU_GPU_CV 480mW/849mW VDD_SOC 2804mW/3021mW
09-02-2026 17:03:20 RAM 1463/7620MB (lfb 115x4MB) SWAP 1/3810MB (cached 0MB) CPU [0%@729,0%@729,0%@729,0%@729,0%@729,0%@729] GR3D_FREQ 0% cpu@45.187C soc2@43.968C soc0@45.531C gpu@46.218C tj@46.218C soc1@45.25C VDD_IN 5528mW/6280mW VDD_CPU_GPU_CV 480mW/849mW VDD_SOC 2800mW/3020mW
09-02-2026 17:03:25 RAM 1463/7620MB (lfb 117x4MB) SWAP 1/3810MB (cached 0MB) CPU [1%@729,1%@729,15%@729,1%@729,1%@729,1%@729] GR3D_FREQ 0% cpu@45.281C soc2@44.093C soc0@45.437C gpu@46.156C tj@46.343C soc1@45.093C VDD_IN 5528mW/6279mW VDD_CPU_GPU_CV 520mW/848mW VDD_SOC 2840mW/3020mW
09-02-2026 17:03:30 RAM 1748/7620MB (lfb 117x4MB) SWAP 1/3810MB (cached 0MB) CPU [3%@1728,94%@1728,2%@1728,2%@1728,2%@1728,2%@1728] GR3D_FREQ 0% cpu@45.781C soc2@44.312C soc0@45.562C gpu@46.531C tj@46.531C soc1@45.375C VDD_IN 7371mW/6280mW VDD_CPU_GPU_CV 1320mW/849mW VDD_SOC 3400mW/3020mW
09-02-2026 17:03:35 RAM 1815/7620MB (lfb 117x4MB) SWAP 1/3810MB (cached 0MB) CPU [4%@1728,100%@1728,4%@1728,4%@1728,4%@729,3%@729] GR3D_FREQ 0% cpu@46.093C soc2@44.406C soc0@45.625C gpu@46.593C tj@46.593C soc1@45.406C VDD_IN 7451mW/6281mW VDD_CPU_GPU_CV 1600mW/850mW VDD_SOC 3320mW/3021mW
09-02-2026 17:03:40 RAM 1832/7620MB (lfb 117x4MB) SWAP 1/3810MB (cached 0MB) CPU [1%@729,17%@729,0%@729,0%@729,0%@729,0%@729] GR3D_FREQ 0% cpu@45.375C soc2@44.062C soc0@45.562C gpu@46.656C tj@46.656C soc1@45.375C VDD_IN 5488mW/6281mW VDD_CPU_GPU_CV 480mW/849mW VDD_SOC 2800mW/3021mW
09-02-2026 17:03:45 RAM 1671/7620MB (lfb 117x4MB) SWAP 1/3810MB (cached 0MB) CPU [27%@1728,38%@1728,4%@1728,4%@1728,4%@729,4%@729] GR3D_FREQ 0% cpu@46.343C soc2@44.531C soc0@45.5C gpu@46.531C tj@46.531C soc1@45.343C VDD_IN 7532mW/6282mW VDD_CPU_GPU_CV 1640mW/850mW VDD_SOC 3320mW/3021mW
09-02-2026 17:03:50 RAM 1834/7620MB (lfb 117x4MB) SWAP 1/3810MB (cached 0MB) CPU [100%@1728,0%@1728,0%@1728,0%@1728,0%@729,0%@729] GR3D_FREQ 0% cpu@46.093C soc2@44.593C soc0@45.75C gpu@47.062C tj@47.062C soc1@45.5C VDD_IN 7371mW/6283mW VDD_CPU_GPU_CV 1560mW/851mW VDD_SOC 3280mW/3021mW
09-02-2026 17:03:55 RAM 2049/7620MB (lfb 86x4MB) SWAP 1/3810MB (cached 0MB) CPU [17%@729,2%@729,2%@729,2%@729,55%@729,5%@729] GR3D_FREQ 2% cpu@45.625C soc2@44.375C soc0@45.718C gpu@46.687C tj@46.687C soc1@45.593C VDD_IN 5998mW/6283mW VDD_CPU_GPU_CV 602mW/851mW VDD_SOC 2974mW/3021mW
09-02-2026 17:04:00 RAM 2429/7620MB (lfb 75x4MB) SWAP 1/3810MB (cached 0MB) CPU [12%@729,13%@729,14%@729,12%@729,13%@729,13%@729] GR3D_FREQ 9% cpu@45.75C soc2@44.406C soc0@45.812C gpu@46.593C tj@46.593C soc1@45.656C VDD_IN 6360mW/6283mW VDD_CPU_GPU_CV 763mW/850mW VDD_SOC 3059mW/3021mW
09-02-2026 17:04:05 RAM 2430/7620MB (lfb 75x4MB) SWAP 1/3810MB (cached 0MB) CPU [15%@729,14%@729,28%@729,7%@729,14%@729,12%@729] GR3D_FREQ 4% cpu@45.781C soc2@44.406C soc0@45.781C gpu@46.562C tj@46.562C soc1@45.625C VDD_IN 6400mW/6283mW VDD_CPU_GPU_CV 803mW/850mW VDD_SOC 3054mW/3021mW
09-02-2026 17:04:10 RAM 2430/7620MB (lfb 75x4MB) SWAP 1/3810MB (cached 0MB) CPU [22%@1728,16%@1728,17%@1728,12%@1728,14%@729,9%@729] GR3D_FREQ 11% cpu@45.687C soc2@44.375C soc0@45.843C gpu@46.531C tj@46.531C soc1@45.75C VDD_IN 6400mW/6283mW VDD_CPU_GPU_CV 803mW/850mW VDD_SOC 3054mW/3021mW
09-02-2026 17:04:15 RAM 2430/7620MB (lfb 75x4MB) SWAP 1/3810MB (cached 0MB) CPU [10%@729,27%@729,17%@729,8%@729,13%@729,14%@729] GR3D_FREQ 2% cpu@46.031C soc2@44.281C soc0@45.781C gpu@46.437C tj@46.437C soc1@45.593C VDD_IN 6400mW/6283mW VDD_CPU_GPU_CV 803mW/850mW VDD_SOC 3059mW/3021mW
09-02-2026 17:04:20 RAM 2430/7620MB (lfb 75x4MB) SWAP 1/3810MB (cached 0MB) CPU [17%@729,13%@729,15%@729,9%@729,22%@729,12%@729] GR3D_FREQ 7% cpu@45.625C soc2@44.281C soc0@45.812C gpu@46.843C tj@46.843C soc1@45.718C VDD_IN 6320mW/6283mW VDD_CPU_GPU_CV 763mW/850mW VDD_SOC 3059mW/3021mW
09-02-2026 17:04:25 RAM 2430/7620MB (lfb 75x4MB) SWAP 1/3810MB (cached 0MB) CPU [4%@729,9%@729,2%@729,4%@729,7%@729,3%@729] GR3D_FREQ 0% cpu@45.812C soc2@44.25C soc0@45.687C gpu@46.312C tj@46.312C soc1@45.625C VDD_IN 5917mW/6283mW VDD_CPU_GPU_CV 562mW/850mW VDD_SOC 2938mW/3021mW
09-02-2026 17:04:30 RAM 2430/7620MB (lfb 75x4MB) SWAP 1/3810MB (cached 0MB) CPU [3%@1728,1%@1728,9%@1728,2%@1728,5%@729,1%@729] GR3D_FREQ 0% cpu@45.968C soc2@44.281C soc0@45.656C gpu@46.843C tj@46.843C soc1@45.718C VDD_IN 6752mW/6283mW VDD_CPU_GPU_CV 884mW/850mW VDD_SOC 3215mW/3021mW
09-02-2026 17:04:35 RAM 1733/7620MB (lfb 115x4MB) SWAP 1/3810MB (cached 0MB) CPU [6%@1728,2%@1728,33%@1728,5%@1728,65%@1728,2%@1728] GR3D_FREQ 0% cpu@46.468C soc2@44.593C soc0@45.625C gpu@46.843C tj@46.843C soc1@45.437C VDD_IN 7411mW/6285mW VDD_CPU_GPU_CV 1480mW/851mW VDD_SOC 3325mW/3022mW
09-02-2026 17:04:40 RAM 1453/7620MB (lfb 115x4MB) SWAP 1/3810MB (cached 0MB) CPU [1%@729,0%@729,0%@729,0%@729,29%@729,0%@729] GR3D_FREQ 0% cpu@45.625C soc2@44.312C soc0@45.656C gpu@46.437C tj@46.437C soc1@45.343C VDD_IN 5528mW/6284mW VDD_CPU_GPU_CV 480mW/850mW VDD_SOC 2800mW/3022mW
09-02-2026 17:04:45 RAM 1457/7620MB (lfb 115x4MB) SWAP 1/3810MB (cached 0MB) CPU [0%@729,0%@729,0%@729,0%@729,0%@729,0%@729] GR3D_FREQ 0% cpu@45.312C soc2@44.156C soc0@45.625C gpu@46.406C tj@46.406C soc1@45.343C VDD_IN 5488mW/6283mW VDD_CPU_GPU_CV 480mW/850mW VDD_SOC 2800mW/3021mW
09-02-2026 17:04:50 RAM 1457/7620MB (lfb 115x4MB) SWAP 1/3810MB (cached 0MB) CPU [0%@729,0%@729,0%@729,0%@729,0%@729,0%@729] GR3D_FREQ 0% cpu@45.5C soc2@44.125C soc0@45.468C gpu@46.531C tj@46.531C soc1@45.218C VDD_IN 5488mW/6282mW VDD_CPU_GPU_CV 480mW/849mW VDD_SOC 2800mW/3021mW
09-02-2026 17:04:55 RAM 1453/7620MB (lfb 115x4MB) SWAP 1/3810MB (cached 0MB) CPU [2%@729,15%@729,2%@729,1%@729,1%@729,1%@729] GR3D_FREQ 0% cpu@45.437C soc2@44.062C soc0@45.406C gpu@46.156C tj@46.156C soc1@45.156C VDD_IN 5528mW/6281mW VDD_CPU_GPU_CV 480mW/849mW VDD_SOC 2800mW/3021mW
09-02-2026 17:05:00 RAM 1718/7620MB (lfb 115x4MB) SWAP 1/3810MB (cached 0MB) CPU [3%@1728,2%@1728,3%@1728,56%@1728,2%@729,2%@729] GR3D_FREQ 0% cpu@46.062C soc2@44.25C soc0@45.562C gpu@46.718C tj@46.718C soc1@45.25C VDD_IN 7451mW/6283mW VDD_CPU_GPU_CV 1560mW/850mW VDD_SOC 3320mW/3021mW
09-02-2026 17:05:05 RAM 1726/7620MB (lfb 115x4MB) SWAP 1/3810MB (cached 0MB) CPU [3%@1728,2%@1728,2%@1728,100%@1728,2%@729,2%@729] GR3D_FREQ 0% cpu@46.25C soc2@44.375C soc0@45.625C gpu@46.656C tj@46.656C soc1@45.343C VDD_IN 7411mW/6284mW VDD_CPU_GPU_CV 1560mW/850mW VDD_SOC 3325mW/3021mW
09-02-2026 17:05:10 RAM 1826/7620MB (lfb 115x4MB) SWAP 1/3810MB (cached 0MB) CPU [1%@729,1%@729,1%@729,55%@729,1%@729,1%@729] GR3D_FREQ 0% cpu@45.531C soc2@44.25C soc0@45.625C gpu@46.593C tj@46.593C soc1@45.406C VDD_IN 5528mW/6283mW VDD_CPU_GPU_CV 480mW/850mW VDD_SOC 2844mW/3021mW
09-02-2026 17:05:15 RAM 1826/7620MB (lfb 115x4MB) SWAP 1/3810MB (cached 0MB) CPU [0%@1728,0%@1728,0%@1728,22%@1728,0%@729,0%@729] GR3D_FREQ 0% cpu@45.906C soc2@44.187C soc0@45.531C gpu@46.437C tj@46.437C soc1@45.312C VDD_IN 7091mW/6284mW VDD_CPU_GPU_CV 1120mW/850mW VDD_SOC 3360mW/3022mW
09-02-2026 17:05:20 RAM 1784/7620MB (lfb 115x4MB) SWAP 1/3810MB (cached 0MB) CPU [88%@1728,4%@1728,4%@1728,15%@1728,4%@729,4%@729] GR3D_FREQ 0% cpu@46.031C soc2@44.531C soc0@45.718C gpu@46.562C tj@46.562C soc1@45.5C VDD_IN 7451mW/6285mW VDD_CPU_GPU_CV 1440mW/851mW VDD_SOC 3360mW/3022mW
09-02-2026 17:05:25 RAM 2080/7620MB (lfb 91x4MB) SWAP 1/3810MB (cached 0MB) CPU [100%@1728,1%@1728,1%@1728,1%@1728,1%@729,1%@729] GR3D_FREQ 0% cpu@46.343C soc2@44.718C soc0@45.625C gpu@46.531C tj@46.531C soc1@45.531C VDD_IN 7532mW/6287mW VDD_CPU_GPU_CV 1640mW/852mW VDD_SOC 3320mW/3022mW
09-02-2026 17:05:30 RAM 2362/7620MB (lfb 79x4MB) SWAP 1/3810MB (cached 0MB) CPU [12%@729,13%@729,16%@729,8%@729,2%@729,2%@729] GR3D_FREQ 11% cpu@45.625C soc2@44.218C soc0@45.687C gpu@46.406C tj@46.406C soc1@45.625C VDD_IN 6400mW/6287mW VDD_CPU_GPU_CV 803mW/852mW VDD_SOC 3054mW/3022mW
09-02-2026 17:05:35 RAM 2363/7620MB (lfb 79x4MB) SWAP 1/3810MB (cached 0MB) CPU [21%@729,10%@729,9%@729,12%@729,9%@729,20%@729] GR3D_FREQ 16% cpu@45.843C soc2@44.375C soc0@45.687C gpu@46.343C tj@46.343C soc1@45.5C VDD_IN 6320mW/6287mW VDD_CPU_GPU_CV 763mW/852mW VDD_SOC 3019mW/3022mW
09-02-2026 17:05:40 RAM 2363/7620MB (lfb 79x4MB) SWAP 1/3810MB (cached 0MB) CPU [9%@729,13%@729,33%@729,6%@729,6%@729,11%@729] GR3D_FREQ 0% cpu@45.812C soc2@44.25C soc0@45.843C gpu@46.468C tj@46.468C soc1@45.5C VDD_IN 6360mW/6287mW VDD_CPU_GPU_CV 803mW/852mW VDD_SOC 3059mW/3022mW
09-02-2026 17:05:45 RAM 2364/7620MB (lfb 79x4MB) SWAP 1/3810MB (cached 0MB) CPU [9%@729,8%@729,12%@729,30%@729,8%@729,11%@729] GR3D_FREQ 9% cpu@45.562C soc2@44.281C soc0@45.687C gpu@46.375C tj@46.375C soc1@45.562C VDD_IN 6279mW/6287mW VDD_CPU_GPU_CV 763mW/852mW VDD_SOC 3019mW/3022mW
09-02-2026 17:05:50 RAM 2365/7620MB (lfb 79x4MB) SWAP 1/3810MB (cached 0MB) CPU [17%@729,19%@729,18%@729,7%@729,11%@729,8%@729] GR3D_FREQ 11% cpu@45.718C soc2@44.343C soc0@45.781C gpu@46.718C tj@46.718C soc1@45.562C VDD_IN 6440mW/6287mW VDD_CPU_GPU_CV 803mW/852mW VDD_SOC 3054mW/3022mW
09-02-2026 17:05:55 RAM 2365/7620MB (lfb 79x4MB) SWAP 1/3810MB (cached 0MB) CPU [6%@729,11%@729,12%@729,10%@729,8%@729,5%@729] GR3D_FREQ 0% cpu@45.531C soc2@44.187C soc0@45.687C gpu@46.375C tj@46.375C soc1@45.531C VDD_IN 5877mW/6286mW VDD_CPU_GPU_CV 522mW/851mW VDD_SOC 2934mW/3022mW
09-02-2026 17:06:00 RAM 2365/7620MB (lfb 79x4MB) SWAP 1/3810MB (cached 0MB) CPU [3%@729,1%@729,0%@729,1%@729,0%@729,4%@729] GR3D_FREQ 8% cpu@45.531C soc2@44.156C soc0@45.687C gpu@46.625C tj@46.625C soc1@45.531C VDD_IN 5787mW/6286mW VDD_CPU_GPU_CV 562mW/851mW VDD_SOC 2853mW/3022mW
09-02-2026 17:06:05 RAM 1662/7620MB (lfb 112x4MB) SWAP 1/3810MB (cached 0MB) CPU [4%@1728,3%@1728,26%@1728,41%@1728,5%@729,7%@729] GR3D_FREQ 0% cpu@46.656C soc2@44.406C soc0@45.656C gpu@46.687C tj@46.687C soc1@45.437C VDD_IN 7572mW/6287mW VDD_CPU_GPU_CV 1680mW/852mW VDD_SOC 3325mW/3023mW
09-02-2026 17:06:10 RAM 1454/7620MB (lfb 113x4MB) SWAP 1/3810MB (cached 0MB) CPU [0%@729,0%@729,70%@729,0%@729,0%@729,0%@729] GR3D_FREQ 0% cpu@45.781C soc2@44.187C soc0@45.75C gpu@46.687C tj@46.687C soc1@45.437C VDD_IN 5608mW/6287mW VDD_CPU_GPU_CV 520mW/851mW VDD_SOC 2880mW/3022mW
09-02-2026 17:06:15 RAM 1672/7620MB (lfb 114x4MB) SWAP 1/3810MB (cached 0MB) CPU [45%@1728,4%@1728,4%@1728,4%@1728,4%@729,4%@729] GR3D_FREQ 0% cpu@46.437C soc2@44.562C soc0@45.843C gpu@46.75C tj@46.75C soc1@45.531C VDD_IN 7491mW/6288mW VDD_CPU_GPU_CV 1600mW/852mW VDD_SOC 3325mW/3023mW
09-02-2026 17:06:20 RAM 1688/7620MB (lfb 114x4MB) SWAP 1/3810MB (cached 0MB) CPU [70%@1728,3%@1728,32%@1728,3%@1728,3%@729,3%@729] GR3D_FREQ 0% cpu@46.718C soc2@44.656C soc0@45.906C gpu@47C tj@47C soc1@45.531C VDD_IN 7491mW/6289mW VDD_CPU_GPU_CV 1600mW/853mW VDD_SOC 3320mW/3023mW
09-02-2026 17:06:25 RAM 1831/7620MB (lfb 114x4MB) SWAP 1/3810MB (cached 0MB) CPU [1%@729,1%@729,84%@729,1%@729,1%@729,1%@729] GR3D_FREQ 0% cpu@45.75C soc2@44.406C soc0@45.968C gpu@47.093C tj@47.093C soc1@45.687C VDD_IN 5889mW/6289mW VDD_CPU_GPU_CV 640mW/853mW VDD_SOC 2960mW/3023mW
09-02-2026 17:06:30 RAM 1831/7620MB (lfb 114x4MB) SWAP 1/3810MB (cached 0MB) CPU [0%@729,0%@729,0%@729,0%@729,0%@729,0%@729] GR3D_FREQ 0% cpu@45.562C soc2@44.25C soc0@45.687C gpu@46.625C tj@46.625C soc1@45.375C VDD_IN 5528mW/6288mW VDD_CPU_GPU_CV 480mW/852mW VDD_SOC 2804mW/3023mW
09-02-2026 17:06:35 RAM 1732/7620MB (lfb 114x4MB) SWAP 1/3810MB (cached 0MB) CPU [4%@1728,60%@1728,38%@1728,4%@1728,4%@729,4%@729] GR3D_FREQ 0% cpu@46.156C soc2@44.656C soc0@45.937C gpu@46.843C tj@46.843C soc1@45.625C VDD_IN 7411mW/6289mW VDD_CPU_GPU_CV 1520mW/853mW VDD_SOC 3325mW/3023mW
09-02-2026 17:06:40 RAM 1872/7620MB (lfb 114x4MB) SWAP 1/3810MB (cached 0MB) CPU [2%@1728,100%@1728,1%@1728,1%@1728,1%@729,1%@729] GR3D_FREQ 0% cpu@46.375C soc2@44.875C soc0@46.031C gpu@46.843C tj@46.843C soc1@45.687C VDD_IN 7491mW/6290mW VDD_CPU_GPU_CV 1520mW/854mW VDD_SOC 3365mW/3023mW
09-02-2026 17:06:45 RAM 2307/7620MB (lfb 84x4MB) SWAP 1/3810MB (cached 0MB) CPU [4%@1728,40%@1728,11%@1728,1%@1728,0%@729,0%@729] GR3D_FREQ 15% cpu@46.562C soc2@44.562C soc0@46C gpu@46.906C tj@46.906C soc1@45.75C VDD_IN 7556mW/6292mW VDD_CPU_GPU_CV 1404mW/854mW VDD_SOC 3376mW/3024mW
09-02-2026 17:06:50 RAM 2365/7620MB (lfb 80x4MB) SWAP 1/3810MB (cached 0MB) CPU [14%@729,22%@729,20%@729,9%@729,10%@729,8%@729] GR3D_FREQ 16% cpu@46.062C soc2@44.468C soc0@45.843C gpu@46.656C tj@46.656C soc1@45.812C VDD_IN 6320mW/6292mW VDD_CPU_GPU_CV 763mW/854mW VDD_SOC 3019mW/3024mW
09-02-2026 17:06:55 RAM 2365/7620MB (lfb 80x4MB) SWAP 1/3810MB (cached 0MB) CPU [19%@729,17%@729,18%@729,8%@729,11%@729,9%@729] GR3D_FREQ 10% cpu@45.906C soc2@44.5C soc0@45.906C gpu@47.031C tj@46.718C soc1@45.656C VDD_IN 6320mW/6292mW VDD_CPU_GPU_CV 763mW/854mW VDD_SOC 3019mW/3024mW
09-02-2026 17:07:00 RAM 2365/7620MB (lfb 80x4MB) SWAP 1/3810MB (cached 0MB) CPU [11%@729,8%@729,24%@729,19%@729,11%@729,10%@729] GR3D_FREQ 4% cpu@45.812C soc2@44.343C soc0@45.812C gpu@46.531C tj@46.531C soc1@45.75C VDD_IN 6360mW/6292mW VDD_CPU_GPU_CV 763mW/854mW VDD_SOC 3059mW/3024mW
09-02-2026 17:07:05 RAM 2365/7620MB (lfb 80x4MB) SWAP 1/3810MB (cached 0MB) CPU [12%@729,10%@729,15%@729,26%@729,10%@729,12%@729] GR3D_FREQ 6% cpu@45.937C soc2@44.437C soc0@45.875C gpu@46.968C tj@46.968C soc1@45.656C VDD_IN 6320mW/6292mW VDD_CPU_GPU_CV 763mW/854mW VDD_SOC 3014mW/3024mW
09-02-2026 17:07:10 RAM 2365/7620MB (lfb 80x4MB) SWAP 1/3810MB (cached 0MB) CPU [8%@729,11%@729,22%@729,18%@729,8%@729,7%@729] GR3D_FREQ 0% cpu@45.625C soc2@44.343C soc0@45.843C gpu@46.687C tj@46.687C soc1@45.718C VDD_IN 6118mW/6292mW VDD_CPU_GPU_CV 683mW/854mW VDD_SOC 2974mW/3024mW
09-02-2026 17:07:15 RAM 2365/7620MB (lfb 80x4MB) SWAP 1/3810MB (cached 0MB) CPU [2%@729,0%@729,0%@729,1%@729,3%@729,2%@729] GR3D_FREQ 0% cpu@45.593C soc2@44.25C soc0@45.906C gpu@46.718C tj@46.718C soc1@45.531C VDD_IN 5827mW/6291mW VDD_CPU_GPU_CV 562mW/854mW VDD_SOC 2853mW/3024mW
09-02-2026 17:07:20 RAM 1804/7620MB (lfb 108x4MB) SWAP 1/3810MB (cached 0MB) CPU [1%@729,0%@729,0%@729,39%@729,2%@1036,3%@1036] GR3D_FREQ 0% cpu@45.781C soc2@44.312C soc0@45.687C gpu@46.656C tj@46.656C soc1@45.562C VDD_IN 7314mW/6292mW VDD_CPU_GPU_CV 1203mW/854mW VDD_SOC 3335mW/3024mW
09-02-2026 17:07:25 RAM 1453/7620MB (lfb 115x4MB) SWAP 1/3810MB (cached 0MB) CPU [3%@729,2%@729,96%@729,2%@729,7%@729,2%@729] GR3D_FREQ 0% cpu@46.062C soc2@44.468C soc0@45.687C gpu@47.031C tj@47.031C soc1@45.406C VDD_IN 7211mW/6293mW VDD_CPU_GPU_CV 1240mW/854mW VDD_SOC 3360mW/3024mW
09-02-2026 17:07:30 RAM 1454/7620MB (lfb 115x4MB) SWAP 1/3810MB (cached 0MB) CPU [0%@729,0%@729,0%@729,0%@729,0%@729,0%@729] GR3D_FREQ 0% cpu@45.312C soc2@44.093C soc0@45.562C gpu@46.437C tj@46.437C soc1@45.25C VDD_IN 5488mW/6292mW VDD_CPU_GPU_CV 480mW/854mW VDD_SOC 2800mW/3024mW
09-02-2026 17:07:35 RAM 1455/7620MB (lfb 116x4MB) SWAP 1/3810MB (cached 0MB) CPU [2%@729,1%@729,15%@729,1%@729,1%@729,1%@729] GR3D_FREQ 0% cpu@45.25C soc2@44.031C soc0@45.531C gpu@46.218C tj@46.218C soc1@45.343C VDD_IN 5488mW/6292mW VDD_CPU_GPU_CV 480mW/854mW VDD_SOC 2800mW/3024mW
09-02-2026 17:07:40 RAM 1455/7620MB (lfb 116x4MB) SWAP 1/3810MB (cached 0MB) CPU [0%@729,0%@729,0%@729,0%@729,0%@729,0%@729] GR3D_FREQ 0% cpu@45.125C soc2@43.937C soc0@45.406C gpu@46.281C tj@46.062C soc1@45.187C VDD_IN 5488mW/6291mW VDD_CPU_GPU_CV 480mW/853mW VDD_SOC 2800mW/3024mW
09-02-2026 17:07:45 RAM 1455/7620MB (lfb 116x4MB) SWAP 1/3810MB (cached 0MB) CPU [0%@729,0%@729,0%@729,0%@729,0%@729,0%@729] GR3D_FREQ 0% cpu@45.093C soc2@43.843C soc0@45.281C gpu@46.281C tj@46.281C soc1@44.937C VDD_IN 5488mW/6290mW VDD_CPU_GPU_CV 480mW/853mW VDD_SOC 2800mW/3023mW
09-02-2026 17:07:50 RAM 1696/7620MB (lfb 116x4MB) SWAP 1/3810MB (cached 0MB) CPU [4%@729,15%@729,4%@729,3%@729,25%@1728,3%@1728] GR3D_FREQ 0% cpu@46.125C soc2@44.093C soc0@45.281C gpu@46.281C tj@46.281C soc1@45.093C VDD_IN 7451mW/6291mW VDD_CPU_GPU_CV 1600mW/854mW VDD_SOC 3320mW/3024mW
09-02-2026 17:07:55 RAM 1693/7620MB (lfb 116x4MB) SWAP 1/3810MB (cached 0MB) CPU [5%@729,3%@729,3%@729,2%@729,97%@1728,2%@1728] GR3D_FREQ 0% cpu@46C soc2@44.156C soc0@45.593C gpu@46.562C tj@46.562C soc1@45.062C VDD_IN 7451mW/6292mW VDD_CPU_GPU_CV 1560mW/854mW VDD_SOC 3320mW/3024mW
09-02-2026 17:08:00 RAM 1825/7620MB (lfb 116x4MB) SWAP 1/3810MB (cached 0MB) CPU [1%@729,1%@729,1%@729,1%@729,75%@729,1%@729] GR3D_FREQ 0% cpu@45.562C soc2@44.031C soc0@45.562C gpu@46.406C tj@46.406C soc1@45.343C VDD_IN 5689mW/6292mW VDD_CPU_GPU_CV 560mW/854mW VDD_SOC 2880mW/3024mW
09-02-2026 17:08:05 RAM 1825/7620MB (lfb 116x4MB) SWAP 1/3810MB (cached 0MB) CPU [0%@1728,0%@1728,0%@1728,0%@1728,3%@1574,0%@1574] GR3D_FREQ 0% cpu@45.5C soc2@43.968C soc0@45.343C gpu@46.375C tj@46.375C soc1@45.031C VDD_IN 5649mW/6291mW VDD_CPU_GPU_CV 560mW/854mW VDD_SOC 2844mW/3024mW
09-02-2026 17:08:10 RAM 1741/7620MB (lfb 116x4MB) SWAP 1/3810MB (cached 0MB) CPU [68%@1728,4%@1728,4%@1728,4%@1728,35%@729,4%@729] GR3D_FREQ 0% cpu@45.906C soc2@44.312C soc0@45.531C gpu@46.593C tj@46.593C soc1@45.343C VDD_IN 7411mW/6292mW VDD_CPU_GPU_CV 1480mW/854mW VDD_SOC 3360mW/3024mW
09-02-2026 17:08:15 RAM 1866/7620MB (lfb 116x4MB) SWAP 1/3810MB (cached 0MB) CPU [100%@1728,1%@1728,1%@1728,1%@1728,1%@729,1%@729] GR3D_FREQ 0% cpu@46.218C soc2@44.562C soc0@45.562C gpu@46.5C tj@46.5C soc1@45.312C VDD_IN 7411mW/6293mW VDD_CPU_GPU_CV 1520mW/855mW VDD_SOC 3320mW/3024mW
09-02-2026 17:08:20 RAM 2455/7620MB (lfb 74x4MB) SWAP 1/3810MB (cached 0MB) CPU [26%@729,10%@729,17%@729,2%@729,1%@729,1%@729] GR3D_FREQ 13% cpu@45.718C soc2@44.281C soc0@45.625C gpu@46.375C tj@46.375C soc1@45.593C VDD_IN 7004mW/6294mW VDD_CPU_GPU_CV 1125mW/855mW VDD_SOC 3215mW/3024mW
09-02-2026 17:08:25 RAM 2455/7620MB (lfb 74x4MB) SWAP 1/3810MB (cached 0MB) CPU [21%@729,10%@729,20%@729,11%@729,13%@729,7%@729] GR3D_FREQ 24% cpu@45.625C soc2@44.187C soc0@45.531C gpu@46.343C tj@46.343C soc1@45.375C VDD_IN 6320mW/6294mW VDD_CPU_GPU_CV 723mW/855mW VDD_SOC 3014mW/3024mW
09-02-2026 17:08:30 RAM 2456/7620MB (lfb 74x4MB) SWAP 1/3810MB (cached 0MB) CPU [17%@729,16%@729,9%@729,25%@729,8%@729,7%@729] GR3D_FREQ 19% cpu@45.593C soc2@44.187C soc0@45.593C gpu@46.375C tj@46.375C soc1@45.593C VDD_IN 6953mW/6295mW VDD_CPU_GPU_CV 1085mW/855mW VDD_SOC 3215mW/3025mW
09-02-2026 17:08:35 RAM 2456/7620MB (lfb 74x4MB) SWAP 1/3810MB (cached 0MB) CPU [13%@729,27%@729,15%@729,10%@729,10%@729,9%@729] GR3D_FREQ 17% cpu@45.718C soc2@44.156C soc0@45.531C gpu@46.343C tj@46.343C soc1@45.437C VDD_IN 6320mW/6295mW VDD_CPU_GPU_CV 763mW/855mW VDD_SOC 3019mW/3025mW
09-02-2026 17:08:40 RAM 2457/7620MB (lfb 74x4MB) SWAP 1/3810MB (cached 0MB) CPU [30%@729,12%@729,10%@729,7%@729,14%@729,7%@729] GR3D_FREQ 0% cpu@45.531C soc2@44.093C soc0@45.625C gpu@46.281C tj@46.281C soc1@45.468C VDD_IN 6279mW/6295mW VDD_CPU_GPU_CV 723mW/855mW VDD_SOC 3019mW/3025mW
09-02-2026 17:08:45 RAM 2456/7620MB (lfb 74x4MB) SWAP 1/3810MB (cached 0MB) CPU [7%@729,23%@729,8%@729,10%@729,12%@729,7%@729] GR3D_FREQ 6% cpu@45.656C soc2@44.093C soc0@45.593C gpu@46.5C tj@46.5C soc1@45.343C VDD_IN 5917mW/6294mW VDD_CPU_GPU_CV 562mW/855mW VDD_SOC 2934mW/3025mW
09-02-2026 17:08:50 RAM 2456/7620MB (lfb 74x4MB) SWAP 1/3810MB (cached 0MB) CPU [2%@729,2%@729,1%@729,0%@729,2%@729,2%@729] GR3D_FREQ 8% cpu@45.281C soc2@44.062C soc0@45.562C gpu@46.187C tj@46.187C soc1@45.343C VDD_IN 5796mW/6294mW VDD_CPU_GPU_CV 562mW/855mW VDD_SOC 2853mW/3024mW
09-02-2026 17:08:55 RAM 1486/7620MB (lfb 115x4MB) SWAP 1/3810MB (cached 0MB) CPU [3%@1728,2%@1728,51%@1728,1%@1728,5%@729,2%@729] GR3D_FREQ 0% cpu@46.5C soc2@44.343C soc0@45.562C gpu@46.687C tj@46.687C soc1@45.343C VDD_IN 7716mW/6295mW VDD_CPU_GPU_CV 1605mW/855mW VDD_SOC 3370mW/3025mW
09-02-2026 17:09:00 RAM 1448/7620MB (lfb 115x4MB) SWAP 1/3810MB (cached 0MB) CPU [1%@729,1%@729,53%@729,1%@729,35%@729,1%@729] GR3D_FREQ 0% cpu@45.625C soc2@44.156C soc0@45.812C gpu@46.5C tj@46.5C soc1@45.218C VDD_IN 5969mW/6295mW VDD_CPU_GPU_CV 680mW/855mW VDD_SOC 3000mW/3025mW
09-02-2026 17:09:05 RAM 1448/7620MB (lfb 115x4MB) SWAP 1/3810MB (cached 0MB) CPU [0%@729,0%@729,0%@729,0%@729,0%@729,0%@729] GR3D_FREQ 0% cpu@45.25C soc2@44C soc0@45.468C gpu@46.375C tj@46.375C soc1@45.218C VDD_IN 5488mW/6294mW VDD_CPU_GPU_CV 480mW/855mW VDD_SOC 2804mW/3024mW
09-02-2026 17:09:10 RAM 1452/7620MB (lfb 115x4MB) SWAP 1/3810MB (cached 0MB) CPU [1%@729,1%@729,15%@729,1%@729,1%@729,1%@729] GR3D_FREQ 0% cpu@45.281C soc2@44.062C soc0@45.312C gpu@46.531C tj@46.531C soc1@45.031C VDD_IN 5488mW/6293mW VDD_CPU_GPU_CV 480mW/854mW VDD_SOC 2800mW/3024mW
09-02-2026 17:09:15 RAM 1452/7620MB (lfb 115x4MB) SWAP 1/3810MB (cached 0MB) CPU [0%@729,0%@729,0%@729,0%@729,0%@729,0%@729] GR3D_FREQ 0% cpu@45.125C soc2@43.843C soc0@45.406C gpu@45.968C tj@45.968C soc1@44.968C VDD_IN 5488mW/6293mW VDD_CPU_GPU_CV 480mW/854mW VDD_SOC 2804mW/3024mW
09-02-2026 17:09:20 RAM 1453/7620MB (lfb 116x4MB) SWAP 1/3810MB (cached 0MB) CPU [1%@1728,2%@1728,1%@1728,1%@1728,0%@729,0%@729] GR3D_FREQ 0% cpu@45.25C soc2@43.906C soc0@45.187C gpu@45.937C tj@45.937C soc1@45C VDD_IN 5769mW/6292mW VDD_CPU_GPU_CV 640mW/854mW VDD_SOC 2840mW/3024mW
09-02-2026 17:09:25 RAM 1454/7620MB (lfb 116x4MB) SWAP 1/3810MB (cached 0MB) CPU [0%@729,0%@729,0%@729,0%@729,0%@729,0%@729] GR3D_FREQ 0% cpu@45.125C soc2@43.687C soc0@45.093C gpu@45.906C tj@45.906C soc1@44.75C VDD_IN 5528mW/6291mW VDD_CPU_GPU_CV 480mW/853mW VDD_SOC 2804mW/3024mW
09-02-2026 17:09:30 RAM 1454/7620MB (lfb 116x4MB) SWAP 1/3810MB (cached 0MB) CPU [0%@729,0%@729,0%@729,0%@729,0%@729,0%@729] GR3D_FREQ 0% cpu@44.906C soc2@43.656C soc0@45C gpu@45.781C tj@45.781C soc1@44.718C VDD_IN 5488mW/6290mW VDD_CPU_GPU_CV 480mW/853mW VDD_SOC 2800mW/3023mW
09-02-2026 17:09:35 RAM 1454/7620MB (lfb 116x4MB) SWAP 1/3810MB (cached 0MB) CPU [0%@729,0%@729,0%@729,0%@729,0%@729,0%@729] GR3D_FREQ 0% cpu@44.781C soc2@43.5C soc0@44.843C gpu@45.562C tj@45.562C soc1@44.625C VDD_IN 5488mW/6290mW VDD_CPU_GPU_CV 480mW/853mW VDD_SOC 2800mW/3023mW
09-02-2026 17:09:40 RAM 1454/7620MB (lfb 116x4MB) SWAP 1/3810MB (cached 0MB) CPU [0%@729,0%@729,0%@729,0%@729,0%@729,0%@729] GR3D_FREQ 0% cpu@44.625C soc2@43.375C soc0@45.031C gpu@45.5C tj@45.5C soc1@44.531C VDD_IN 5488mW/6289mW VDD_CPU_GPU_CV 480mW/852mW VDD_SOC 2800mW/3023mW
09-02-2026 17:09:45 RAM 1454/7620MB (lfb 116x4MB) SWAP 1/3810MB (cached 0MB) CPU [0%@729,0%@729,0%@729,0%@729,0%@729,0%@729] GR3D_FREQ 0% cpu@44.656C soc2@43.281C soc0@44.781C gpu@45.406C tj@45.406C soc1@44.375C VDD_IN 5488mW/6288mW VDD_CPU_GPU_CV 480mW/852mW VDD_SOC 2804mW/3023mW
09-02-2026 17:09:50 RAM 1454/7620MB (lfb 116x4MB) SWAP 1/3810MB (cached 0MB) CPU [0%@729,0%@729,0%@729,0%@729,0%@729,0%@729] GR3D_FREQ 0% cpu@44.656C soc2@43.312C soc0@44.656C gpu@45.593C tj@45.593C soc1@44.343C VDD_IN 5488mW/6287mW VDD_CPU_GPU_CV 480mW/851mW VDD_SOC 2804mW/3022mW
09-02-2026 17:09:55 RAM 1454/7620MB (lfb 116x4MB) SWAP 1/3810MB (cached 0MB) CPU [0%@729,0%@729,0%@729,0%@729,0%@729,0%@729] GR3D_FREQ 0% cpu@44.593C soc2@43.187C soc0@44.656C gpu@45.406C tj@45.406C soc1@44.343C VDD_IN 5488mW/6286mW VDD_CPU_GPU_CV 480mW/851mW VDD_SOC 2804mW/3022mW
09-02-2026 17:10:00 RAM 1454/7620MB (lfb 116x4MB) SWAP 1/3810MB (cached 0MB) CPU [0%@729,0%@729,0%@729,0%@729,0%@729,0%@729] GR3D_FREQ 0% cpu@44.562C soc2@43.125C soc0@44.562C gpu@45.218C tj@45.218C soc1@44.343C VDD_IN 5488mW/6285mW VDD_CPU_GPU_CV 480mW/851mW VDD_SOC 2804mW/3022mW
09-02-2026 17:10:05 RAM 1454/7620MB (lfb 116x4MB) SWAP 1/3810MB (cached 0MB) CPU [0%@729,0%@729,0%@729,0%@729,0%@729,0%@729] GR3D_FREQ 0% cpu@44.437C soc2@43C soc0@44.5C gpu@45.531C tj@45.531C soc1@44.125C VDD_IN 5488mW/6285mW VDD_CPU_GPU_CV 480mW/850mW VDD_SOC 2804mW/3022mW
09-02-2026 17:10:10 RAM 1454/7620MB (lfb 116x4MB) SWAP 1/3810MB (cached 0MB) CPU [0%@729,0%@729,0%@729,0%@729,0%@729,0%@729] GR3D_FREQ 0% cpu@44.187C soc2@42.968C soc0@44.531C gpu@45.312C tj@45.312C soc1@44C VDD_IN 5488mW/6284mW VDD_CPU_GPU_CV 480mW/850mW VDD_SOC 2804mW/3022mW
09-02-2026 17:10:16 RAM 1454/7620MB (lfb 116x4MB) SWAP 1/3810MB (cached 0MB) CPU [0%@729,0%@729,0%@729,0%@729,0%@729,0%@729] GR3D_FREQ 0% cpu@44.5C soc2@43.031C soc0@44.343C gpu@45.093C tj@45.093C soc1@43.968C VDD_IN 5488mW/6283mW VDD_CPU_GPU_CV 480mW/850mW VDD_SOC 2804mW/3021mW
09-02-2026 17:10:21 RAM 1454/7620MB (lfb 116x4MB) SWAP 1/3810MB (cached 0MB) CPU [0%@729,0%@729,0%@729,0%@729,0%@729,0%@729] GR3D_FREQ 0% cpu@44.156C soc2@42.937C soc0@44.281C gpu@44.906C tj@44.906C soc1@43.968C VDD_IN 5488mW/6282mW VDD_CPU_GPU_CV 480mW/849mW VDD_SOC 2804mW/3021mW
09-02-2026 17:10:26 RAM 1454/7620MB (lfb 116x4MB) SWAP 1/3810MB (cached 0MB) CPU [0%@729,0%@729,0%@729,0%@729,0%@729,0%@729] GR3D_FREQ 0% cpu@44.093C soc2@42.781C soc0@44.375C gpu@44.937C tj@44.937C soc1@44C VDD_IN 5488mW/6281mW VDD_CPU_GPU_CV 480mW/849mW VDD_SOC 2804mW/3021mW
09-02-2026 17:10:31 RAM 1454/7620MB (lfb 116x4MB) SWAP 1/3810MB (cached 0MB) CPU [0%@729,0%@729,0%@729,0%@729,0%@729,0%@729] GR3D_FREQ 0% cpu@43.968C soc2@42.718C soc0@44.375C gpu@45.437C tj@45.437C soc1@43.812C VDD_IN 5448mW/6281mW VDD_CPU_GPU_CV 480mW/848mW VDD_SOC 2804mW/3021mW
09-02-2026 17:10:36 RAM 1454/7620MB (lfb 116x4MB) SWAP 1/3810MB (cached 0MB) CPU [0%@729,0%@729,0%@729,0%@729,0%@729,0%@729] GR3D_FREQ 0% cpu@43.937C soc2@42.718C soc0@44.281C gpu@45.125C tj@45.125C soc1@43.843C VDD_IN 5488mW/6280mW VDD_CPU_GPU_CV 480mW/848mW VDD_SOC 2804mW/3020mW
09-02-2026 17:10:41 RAM 1454/7620MB (lfb 116x4MB) SWAP 1/3810MB (cached 0MB) CPU [1%@729,0%@729,0%@729,0%@729,0%@729,0%@729] GR3D_FREQ 0% cpu@43.875C soc2@42.718C soc0@44.187C gpu@44.906C tj@44.906C soc1@43.937C VDD_IN 5488mW/6279mW VDD_CPU_GPU_CV 480mW/848mW VDD_SOC 2804mW/3020mW
09-02-2026 17:10:46 RAM 1454/7620MB (lfb 116x4MB) SWAP 1/3810MB (cached 0MB) CPU [0%@729,0%@729,0%@729,0%@729,0%@729,0%@729] GR3D_FREQ 0% cpu@43.968C soc2@42.625C soc0@44.156C gpu@44.687C tj@44.687C soc1@43.875C VDD_IN 5488mW/6278mW VDD_CPU_GPU_CV 480mW/847mW VDD_SOC 2804mW/3020mW
09-02-2026 17:10:51 RAM 1454/7620MB (lfb 116x4MB) SWAP 1/3810MB (cached 0MB) CPU [0%@1344,0%@1344,0%@1344,0%@1344,0%@729,0%@729] GR3D_FREQ 0% cpu@44.125C soc2@42.718C soc0@44.031C gpu@45.031C tj@45.031C soc1@43.718C VDD_IN 5488mW/6277mW VDD_CPU_GPU_CV 520mW/847mW VDD_SOC 2804mW/3020mW
09-02-2026 17:10:56 RAM 1455/7620MB (lfb 116x4MB) SWAP 1/3810MB (cached 0MB) CPU [1%@729,0%@729,1%@729,1%@729,0%@729,0%@729] GR3D_FREQ 0% cpu@43.781C soc2@42.5C soc0@44.093C gpu@44.656C tj@44.656C soc1@43.687C VDD_IN 5448mW/6276mW VDD_CPU_GPU_CV 480mW/847mW VDD_SOC 2804mW/3020mW
09-02-2026 17:11:01 RAM 1455/7620MB (lfb 116x4MB) SWAP 1/3810MB (cached 0MB) CPU [0%@729,0%@729,0%@729,0%@729,0%@729,0%@729] GR3D_FREQ 0% cpu@43.781C soc2@42.593C soc0@44.156C gpu@44.906C tj@44.906C soc1@43.625C VDD_IN 5448mW/6276mW VDD_CPU_GPU_CV 480mW/846mW VDD_SOC 2804mW/3019mW
09-02-2026 17:11:06 RAM 1455/7620MB (lfb 116x4MB) SWAP 1/3810MB (cached 0MB) CPU [0%@729,0%@729,0%@729,0%@729,0%@729,0%@729] GR3D_FREQ 0% cpu@43.718C soc2@42.531C soc0@44C gpu@44.718C tj@44.718C soc1@43.656C VDD_IN 5448mW/6275mW VDD_CPU_GPU_CV 480mW/846mW VDD_SOC 2804mW/3019mW
09-02-2026 17:11:11 RAM 1455/7620MB (lfb 116x4MB) SWAP 1/3810MB (cached 0MB) CPU [0%@729,0%@729,0%@729,0%@729,0%@729,0%@729] GR3D_FREQ 0% cpu@43.656C soc2@42.437C soc0@43.968C gpu@44.593C tj@44.593C soc1@43.593C VDD_IN 5448mW/6274mW VDD_CPU_GPU_CV 480mW/845mW VDD_SOC 2804mW/3019mW
09-02-2026 17:11:16 RAM 1455/7620MB (lfb 116x4MB) SWAP 1/3810MB (cached 0MB) CPU [0%@729,0%@729,0%@729,0%@729,0%@729,0%@729] GR3D_FREQ 0% cpu@43.656C soc2@42.468C soc0@43.906C gpu@44.687C tj@44.687C soc1@43.625C VDD_IN 5488mW/6273mW VDD_CPU_GPU_CV 480mW/845mW VDD_SOC 2804mW/3019mW
09-02-2026 17:11:21 RAM 1455/7620MB (lfb 116x4MB) SWAP 1/3810MB (cached 0MB) CPU [0%@729,0%@729,0%@729,0%@729,0%@729,0%@729] GR3D_FREQ 0% cpu@43.906C soc2@42.437C soc0@43.937C gpu@44.593C tj@44.593C soc1@43.625C VDD_IN 5448mW/6272mW VDD_CPU_GPU_CV 480mW/845mW VDD_SOC 2800mW/3018mW
09-02-2026 17:11:26 RAM 1455/7620MB (lfb 116x4MB) SWAP 1/3810MB (cached 0MB) CPU [0%@729,0%@729,0%@729,0%@729,0%@729,0%@729] GR3D_FREQ 0% cpu@43.781C soc2@42.437C soc0@43.906C gpu@44.625C tj@44.625C soc1@43.562C VDD_IN 5448mW/6272mW VDD_CPU_GPU_CV 480mW/844mW VDD_SOC 2804mW/3018mW
09-02-2026 17:11:31 RAM 1455/7620MB (lfb 116x4MB) SWAP 1/3810MB (cached 0MB) CPU [0%@729,0%@729,0%@729,0%@729,0%@729,0%@729] GR3D_FREQ 0% cpu@43.812C soc2@42.375C soc0@43.906C gpu@44.531C tj@44.531C soc1@43.562C VDD_IN 5448mW/6271mW VDD_CPU_GPU_CV 480mW/844mW VDD_SOC 2800mW/3018mW
09-02-2026 17:11:36 RAM 1455/7620MB (lfb 116x4MB) SWAP 1/3810MB (cached 0MB) CPU [0%@729,0%@729,0%@729,0%@729,0%@729,0%@729] GR3D_FREQ 0% cpu@43.562C soc2@42.406C soc0@43.937C gpu@44.906C tj@44.906C soc1@43.437C VDD_IN 5448mW/6270mW VDD_CPU_GPU_CV 480mW/844mW VDD_SOC 2804mW/3018mW
09-02-2026 17:11:41 RAM 1455/7620MB (lfb 116x4MB) SWAP 1/3810MB (cached 0MB) CPU [0%@729,0%@729,0%@729,0%@729,0%@729,0%@729] GR3D_FREQ 0% cpu@43.843C soc2@42.375C soc0@43.781C gpu@44.468C tj@44.468C soc1@43.5C VDD_IN 5488mW/6269mW VDD_CPU_GPU_CV 480mW/843mW VDD_SOC 2804mW/3018mW
09-02-2026 17:11:46 RAM 1455/7620MB (lfb 116x4MB) SWAP 1/3810MB (cached 0MB) CPU [0%@729,0%@729,0%@729,0%@729,0%@729,0%@729] GR3D_FREQ 0% cpu@43.562C soc2@42.312C soc0@43.937C gpu@44.843C tj@44.843C soc1@43.375C VDD_IN 5488mW/6268mW VDD_CPU_GPU_CV 480mW/843mW VDD_SOC 2804mW/3017mW
09-02-2026 17:11:51 RAM 1454/7620MB (lfb 116x4MB) SWAP 1/3810MB (cached 0MB) CPU [0%@729,1%@729,2%@729,0%@729,0%@729,0%@729] GR3D_FREQ 0% cpu@43.5C soc2@42.218C soc0@43.75C gpu@44.5C tj@44.5C soc1@43.406C VDD_IN 5448mW/6267mW VDD_CPU_GPU_CV 480mW/843mW VDD_SOC 2804mW/3017mW
09-02-2026 17:11:56 RAM 1454/7620MB (lfb 116x4MB) SWAP 1/3810MB (cached 0MB) CPU [0%@729,0%@729,0%@729,0%@729,0%@729,0%@729] GR3D_FREQ 0% cpu@43.625C soc2@42.312C soc0@43.687C gpu@44.812C tj@44.812C soc1@43.375C VDD_IN 5448mW/6267mW VDD_CPU_GPU_CV 480mW/842mW VDD_SOC 2804mW/3017mW
09-02-2026 17:12:01 RAM 1454/7620MB (lfb 116x4MB) SWAP 1/3810MB (cached 0MB) CPU [0%@729,0%@729,0%@729,0%@729,0%@729,0%@729] GR3D_FREQ 0% cpu@43.437C soc2@42.218C soc0@43.781C gpu@44.5C tj@44.5C soc1@43.281C VDD_IN 5448mW/6266mW VDD_CPU_GPU_CV 480mW/842mW VDD_SOC 2804mW/3017mW
09-02-2026 17:12:06 RAM 1737/7620MB (lfb 116x4MB) SWAP 1/3810MB (cached 0MB) CPU [3%@1728,2%@1728,2%@1728,71%@1728,2%@729,3%@729] GR3D_FREQ 0% cpu@44.5C soc2@42.656C soc0@43.875C gpu@44.843C tj@44.843C soc1@43.625C VDD_IN 7371mW/6267mW VDD_CPU_GPU_CV 1520mW/842mW VDD_SOC 3320mW/3017mW
09-02-2026 17:12:11 RAM 1749/7620MB (lfb 116x4MB) SWAP 1/3810MB (cached 0MB) CPU [3%@729,2%@729,3%@729,27%@729,75%@1728,2%@1728] GR3D_FREQ 0% cpu@44.531C soc2@42.718C soc0@44.031C gpu@45.093C tj@45.093C soc1@43.875C VDD_IN 7371mW/6268mW VDD_CPU_GPU_CV 1520mW/843mW VDD_SOC 3325mW/3017mW
09-02-2026 17:12:16 RAM 1826/7620MB (lfb 116x4MB) SWAP 1/3810MB (cached 0MB) CPU [1%@729,1%@729,1%@729,1%@729,41%@729,1%@729] GR3D_FREQ 0% cpu@44.125C soc2@42.625C soc0@43.937C gpu@44.75C tj@44.75C soc1@43.718C VDD_IN 5488mW/6267mW VDD_CPU_GPU_CV 480mW/843mW VDD_SOC 2804mW/3017mW
09-02-2026 17:12:21 RAM 1462/7620MB (lfb 116x4MB) SWAP 1/3810MB (cached 0MB) CPU [0%@1728,0%@1728,3%@1728,0%@1728,34%@729,0%@729] GR3D_FREQ 0% cpu@44.75C soc2@42.812C soc0@44.187C gpu@45C tj@45C soc1@43.843C VDD_IN 7291mW/6268mW VDD_CPU_GPU_CV 1360mW/843mW VDD_SOC 3325mW/3017mW
09-02-2026 17:12:26 RAM 1804/7620MB (lfb 116x4MB) SWAP 1/3810MB (cached 0MB) CPU [4%@1728,4%@1728,65%@1728,5%@1728,38%@1728,4%@1728] GR3D_FREQ 0% cpu@44.875C soc2@42.906C soc0@44.218C gpu@45.281C tj@45.281C soc1@43.937C VDD_IN 7371mW/6269mW VDD_CPU_GPU_CV 1520mW/844mW VDD_SOC 3285mW/3018mW
09-02-2026 17:12:31 RAM 1939/7620MB (lfb 103x4MB) SWAP 1/3810MB (cached 0MB) CPU [2%@729,1%@729,1%@729,1%@729,91%@806,6%@806] GR3D_FREQ 0% cpu@44.656C soc2@43.062C soc0@44.406C gpu@45.125C tj@45.312C soc1@43.968C VDD_IN 7251mW/6270mW VDD_CPU_GPU_CV 1240mW/844mW VDD_SOC 3365mW/3018mW
09-02-2026 17:12:36 RAM 2327/7620MB (lfb 87x4MB) SWAP 1/3810MB (cached 0MB) CPU [16%@729,4%@729,7%@729,11%@729,5%@729,9%@729] GR3D_FREQ 26% cpu@44.312C soc2@42.937C soc0@44.343C gpu@45.187C tj@45.187C soc1@44.281C VDD_IN 6279mW/6270mW VDD_CPU_GPU_CV 723mW/844mW VDD_SOC 3014mW/3018mW
09-02-2026 17:12:41 RAM 2328/7620MB (lfb 87x4MB) SWAP 1/3810MB (cached 0MB) CPU [10%@729,10%@729,21%@729,20%@729,9%@729,12%@729] GR3D_FREQ 15% cpu@44.468C soc2@43.093C soc0@44.375C gpu@45.406C tj@45.406C soc1@44.218C VDD_IN 7004mW/6271mW VDD_CPU_GPU_CV 1125mW/845mW VDD_SOC 3215mW/3018mW
09-02-2026 17:12:46 RAM 2328/7620MB (lfb 87x4MB) SWAP 1/3810MB (cached 0MB) CPU [11%@729,15%@729,14%@729,19%@729,9%@729,10%@729] GR3D_FREQ 22% cpu@44.5C soc2@43.062C soc0@44.406C gpu@45.218C tj@45.218C soc1@44.343C VDD_IN 6279mW/6271mW VDD_CPU_GPU_CV 723mW/844mW VDD_SOC 3019mW/3018mW
09-02-2026 17:12:51 RAM 2329/7620MB (lfb 87x4MB) SWAP 1/3810MB (cached 0MB) CPU [14%@729,16%@729,11%@729,8%@729,15%@729,19%@729] GR3D_FREQ 9% cpu@44.437C soc2@43.031C soc0@44.343C gpu@45.156C tj@45.156C soc1@44.312C VDD_IN 6279mW/6271mW VDD_CPU_GPU_CV 763mW/844mW VDD_SOC 3019mW/3018mW
09-02-2026 17:12:56 RAM 2329/7620MB (lfb 87x4MB) SWAP 1/3810MB (cached 0MB) CPU [8%@729,7%@729,6%@729,7%@729,37%@729,11%@729] GR3D_FREQ 4% cpu@44.343C soc2@43.062C soc0@44.593C gpu@45.187C tj@45.187C soc1@44.406C VDD_IN 6320mW/6271mW VDD_CPU_GPU_CV 763mW/844mW VDD_SOC 3014mW/3018mW
09-02-2026 17:13:01 RAM 2329/7620MB (lfb 87x4MB) SWAP 1/3810MB (cached 0MB) CPU [5%@729,3%@729,3%@729,4%@729,12%@729,12%@729] GR3D_FREQ 6% cpu@44.343C soc2@43.125C soc0@44.406C gpu@45.125C tj@45.125C soc1@44.25C VDD_IN 5837mW/6271mW VDD_CPU_GPU_CV 562mW/844mW VDD_SOC 2893mW/3018mW
09-02-2026 17:13:06 RAM 2329/7620MB (lfb 87x4MB) SWAP 1/3810MB (cached 0MB) CPU [2%@729,2%@729,0%@729,0%@729,2%@729,4%@729] GR3D_FREQ 8% cpu@44.25C soc2@42.968C soc0@44.562C gpu@45.5C tj@45.5C soc1@44.375C VDD_IN 5796mW/6270mW VDD_CPU_GPU_CV 562mW/844mW VDD_SOC 2853mW/3018mW
09-02-2026 17:13:11 RAM 1692/7620MB (lfb 115x4MB) SWAP 1/3810MB (cached 0MB) CPU [3%@729,6%@729,6%@729,3%@729,78%@1728,3%@1728] GR3D_FREQ 0% cpu@45.406C soc2@43.406C soc0@44.656C gpu@45.437C tj@45.437C soc1@44.281C VDD_IN 7411mW/6271mW VDD_CPU_GPU_CV 1560mW/844mW VDD_SOC 3325mW/3018mW
09-02-2026 17:13:16 RAM 1451/7620MB (lfb 117x4MB) SWAP 1/3810MB (cached 0MB) CPU [0%@729,0%@729,0%@729,0%@729,55%@729,0%@729] GR3D_FREQ 0% cpu@44.437C soc2@43.312C soc0@44.718C gpu@45.593C tj@45.593C soc1@44.25C VDD_IN 5488mW/6271mW VDD_CPU_GPU_CV 480mW/844mW VDD_SOC 2804mW/3018mW
09-02-2026 17:13:21 RAM 1451/7620MB (lfb 117x4MB) SWAP 1/3810MB (cached 0MB) CPU [0%@729,0%@729,0%@729,0%@729,0%@729,0%@729] GR3D_FREQ 0% cpu@44.593C soc2@43.031C soc0@44.593C gpu@45.406C tj@45.406C soc1@44.343C VDD_IN 5488mW/6270mW VDD_CPU_GPU_CV 480mW/844mW VDD_SOC 2804mW/3018mW
09-02-2026 17:13:26 RAM 1451/7620MB (lfb 117x4MB) SWAP 1/3810MB (cached 0MB) CPU [0%@729,0%@729,0%@729,0%@729,0%@729,0%@729] GR3D_FREQ 0% cpu@44.562C soc2@43.156C soc0@44.593C gpu@45.25C tj@45.25C soc1@44.187C VDD_IN 5488mW/6269mW VDD_CPU_GPU_CV 480mW/843mW VDD_SOC 2804mW/3018mW
09-02-2026 17:13:31 RAM 1451/7620MB (lfb 117x4MB) SWAP 1/3810MB (cached 0MB) CPU [0%@729,0%@729,0%@729,0%@729,0%@729,0%@729] GR3D_FREQ 0% cpu@44.312C soc2@43.093C soc0@44.656C gpu@45.218C tj@45.218C soc1@44.156C VDD_IN 5488mW/6268mW VDD_CPU_GPU_CV 480mW/843mW VDD_SOC 2804mW/3017mW
09-02-2026 17:13:36 RAM 1451/7620MB (lfb 117x4MB) SWAP 1/3810MB (cached 0MB) CPU [0%@729,0%@729,0%@729,0%@729,0%@729,0%@729] GR3D_FREQ 0% cpu@44.156C soc2@43.031C soc0@44.593C gpu@45.406C tj@45.406C soc1@44.25C VDD_IN 5448mW/6267mW VDD_CPU_GPU_CV 480mW/843mW VDD_SOC 2804mW/3017mW
09-02-2026 17:13:41 RAM 1451/7620MB (lfb 117x4MB) SWAP 1/3810MB (cached 0MB) CPU [0%@729,0%@729,0%@729,0%@729,0%@729,0%@729] GR3D_FREQ 0% cpu@44.312C soc2@43.125C soc0@44.468C gpu@45.625C tj@45.625C soc1@44.125C VDD_IN 5488mW/6267mW VDD_CPU_GPU_CV 480mW/842mW VDD_SOC 2800mW/3017mW
09-02-2026 17:13:46 RAM 1449/7620MB (lfb 117x4MB) SWAP 1/3810MB (cached 0MB) CPU [2%@729,1%@729,1%@729,15%@729,1%@729,1%@729] GR3D_FREQ 0% cpu@44.343C soc2@43.031C soc0@44.625C gpu@45.125C tj@45.125C soc1@44.093C VDD_IN 5488mW/6266mW VDD_CPU_GPU_CV 480mW/842mW VDD_SOC 2804mW/3017mW
09-02-2026 17:13:51 RAM 1449/7620MB (lfb 117x4MB) SWAP 1/3810MB (cached 0MB) CPU [0%@729,0%@729,0%@729,0%@729,0%@729,0%@729] GR3D_FREQ 0% cpu@44.187C soc2@42.968C soc0@44.468C gpu@45.125C tj@45.125C soc1@44.25C VDD_IN 5488mW/6265mW VDD_CPU_GPU_CV 480mW/842mW VDD_SOC 2804mW/3017mW
09-02-2026 17:13:56 RAM 1450/7620MB (lfb 117x4MB) SWAP 1/3810MB (cached 0MB) CPU [2%@729,2%@729,1%@729,1%@729,0%@729,0%@729] GR3D_FREQ 0% cpu@44.187C soc2@42.968C soc0@44.468C gpu@45C tj@45C soc1@44.093C VDD_IN 5488mW/6264mW VDD_CPU_GPU_CV 480mW/841mW VDD_SOC 2804mW/3016mW
09-02-2026 17:14:01 RAM 1450/7620MB (lfb 117x4MB) SWAP 1/3810MB (cached 0MB) CPU [0%@729,0%@729,0%@729,0%@729,0%@729,0%@729] GR3D_FREQ 0% cpu@44.312C soc2@42.968C soc0@44.375C gpu@45.062C tj@45.062C soc1@44.062C VDD_IN 5488mW/6264mW VDD_CPU_GPU_CV 480mW/841mW VDD_SOC 2804mW/3016mW
09-02-2026 17:14:06 RAM 1468/7620MB (lfb 117x4MB) SWAP 1/3810MB (cached 0MB) CPU [1%@1728,5%@1728,1%@1728,1%@1728,1%@729,1%@729] GR3D_FREQ 0% cpu@44.812C soc2@42.937C soc0@44.375C gpu@45.031C tj@45.031C soc1@44.187C VDD_IN 6450mW/6264mW VDD_CPU_GPU_CV 1120mW/841mW VDD_SOC 3004mW/3016mW
09-02-2026 17:14:11 RAM 1484/7620MB (lfb 117x4MB) SWAP 1/3810MB (cached 0MB) CPU [3%@1728,91%@1728,2%@1728,11%@1728,2%@729,2%@729] GR3D_FREQ 0% cpu@45.031C soc2@43.375C soc0@44.406C gpu@45.75C tj@45.75C soc1@44.25C VDD_IN 7451mW/6265mW VDD_CPU_GPU_CV 1560mW/842mW VDD_SOC 3325mW/3016mW
09-02-2026 17:14:16 RAM 1809/7620MB (lfb 117x4MB) SWAP 1/3810MB (cached 0MB) CPU [3%@1728,2%@1728,2%@1728,100%@1728,2%@729,2%@729] GR3D_FREQ 0% cpu@45.031C soc2@43.406C soc0@44.718C gpu@45.75C tj@45.75C soc1@44.375C VDD_IN 7371mW/6266mW VDD_CPU_GPU_CV 1440mW/842mW VDD_SOC 3365mW/3017mW
09-02-2026 17:14:21 RAM 1818/7620MB (lfb 117x4MB) SWAP 1/3810MB (cached 0MB) CPU [1%@729,0%@729,0%@729,8%@729,0%@729,0%@729] GR3D_FREQ 0% cpu@44.375C soc2@43.187C soc0@44.656C gpu@45.375C tj@45.375C soc1@44.25C VDD_IN 5488mW/6265mW VDD_CPU_GPU_CV 480mW/842mW VDD_SOC 2804mW/3017mW
09-02-2026 17:14:26 RAM 1685/7620MB (lfb 117x4MB) SWAP 1/3810MB (cached 0MB) CPU [37%@1728,4%@1728,4%@1728,38%@1728,4%@729,4%@729] GR3D_FREQ 0% cpu@45.187C soc2@43.625C soc0@44.75C gpu@45.625C tj@45.625C soc1@44.437C VDD_IN 7451mW/6266mW VDD_CPU_GPU_CV 1560mW/843mW VDD_SOC 3325mW/3017mW
09-02-2026 17:14:31 RAM 1826/7620MB (lfb 117x4MB) SWAP 1/3810MB (cached 0MB) CPU [100%@1728,0%@1728,0%@1728,0%@1728,0%@729,0%@729] GR3D_FREQ 0% cpu@45.437C soc2@43.75C soc0@45.031C gpu@46.093C tj@46.093C soc1@44.531C VDD_IN 7331mW/6268mW VDD_CPU_GPU_CV 1600mW/843mW VDD_SOC 3280mW/3017mW
09-02-2026 17:14:36 RAM 1949/7620MB (lfb 105x4MB) SWAP 1/3810MB (cached 0MB) CPU [54%@729,10%@729,3%@729,1%@729,1%@729,2%@729] GR3D_FREQ 6% cpu@44.875C soc2@43.468C soc0@44.843C gpu@45.531C tj@45.531C soc1@44.718C VDD_IN 5917mW/6267mW VDD_CPU_GPU_CV 562mW/843mW VDD_SOC 2938mW/3017mW
09-02-2026 17:14:41 RAM 2340/7620MB (lfb 85x4MB) SWAP 1/3810MB (cached 0MB) CPU [20%@729,30%@729,9%@729,8%@729,7%@729,7%@729] GR3D_FREQ 18% cpu@44.843C soc2@43.5C soc0@45.031C gpu@46C tj@46C soc1@44.687C VDD_IN 6722mW/6268mW VDD_CPU_GPU_CV 964mW/843mW VDD_SOC 3134mW/3017mW
09-02-2026 17:14:46 RAM 2341/7620MB (lfb 85x4MB) SWAP 1/3810MB (cached 0MB) CPU [9%@729,9%@729,8%@729,33%@729,10%@729,10%@729] GR3D_FREQ 2% cpu@45.093C soc2@43.531C soc0@44.843C gpu@45.781C tj@45.781C soc1@44.781C VDD_IN 6320mW/6268mW VDD_CPU_GPU_CV 763mW/843mW VDD_SOC 3019mW/3017mW
09-02-2026 17:14:51 RAM 2341/7620MB (lfb 85x4MB) SWAP 1/3810MB (cached 0MB) CPU [9%@729,7%@729,35%@729,14%@729,9%@729,8%@729] GR3D_FREQ 3% cpu@45.031C soc2@43.562C soc0@44.906C gpu@46.093C tj@46.093C soc1@44.718C VDD_IN 7044mW/6268mW VDD_CPU_GPU_CV 1125mW/844mW VDD_SOC 3215mW/3017mW
09-02-2026 17:14:56 RAM 2341/7620MB (lfb 85x4MB) SWAP 1/3810MB (cached 0MB) CPU [9%@729,23%@729,7%@729,20%@729,11%@729,9%@729] GR3D_FREQ 16% cpu@44.843C soc2@43.437C soc0@44.937C gpu@45.812C tj@45.812C soc1@44.843C VDD_IN 6320mW/6268mW VDD_CPU_GPU_CV 763mW/843mW VDD_SOC 3059mW/3017mW
09-02-2026 17:15:01 RAM 2341/7620MB (lfb 85x4MB) SWAP 1/3810MB (cached 0MB) CPU [9%@729,37%@729,7%@729,6%@729,11%@729,8%@729] GR3D_FREQ 17% cpu@44.937C soc2@43.562C soc0@44.937C gpu@45.781C tj@45.781C soc1@44.75C VDD_IN 6320mW/6269mW VDD_CPU_GPU_CV 763mW/843mW VDD_SOC 3014mW/3017mW
09-02-2026 17:15:06 RAM 2341/7620MB (lfb 85x4MB) SWAP 1/3810MB (cached 0MB) CPU [3%@729,5%@729,2%@729,2%@729,3%@729,1%@729] GR3D_FREQ 8% cpu@44.656C soc2@43.437C soc0@44.875C gpu@45.718C tj@45.718C soc1@44.812C VDD_IN 5837mW/6268mW VDD_CPU_GPU_CV 562mW/843mW VDD_SOC 2853mW/3017mW
09-02-2026 17:15:11 RAM 2339/7620MB (lfb 85x4MB) SWAP 1/3810MB (cached 0MB) CPU [2%@1728,19%@1728,1%@1728,0%@1728,1%@729,3%@729] GR3D_FREQ 0% cpu@45.281C soc2@43.468C soc0@44.875C gpu@45.718C tj@45.718C soc1@44.718C VDD_IN 7274mW/6269mW VDD_CPU_GPU_CV 1125mW/843mW VDD_SOC 3376mW/3018mW
09-02-2026 17:15:16 RAM 1753/7620MB (lfb 112x4MB) SWAP 1/3810MB (cached 0MB) CPU [61%@1728,7%@1728,3%@1728,5%@1728,36%@729,2%@729] GR3D_FREQ 0% cpu@45.593C soc2@43.75C soc0@45.031C gpu@45.843C tj@45.843C soc1@44.875C VDD_IN 7411mW/6270mW VDD_CPU_GPU_CV 1520mW/844mW VDD_SOC 3320mW/3018mW
09-02-2026 17:15:21 RAM 1456/7620MB (lfb 114x4MB) SWAP 1/3810MB (cached 0MB) CPU [21%@729,0%@729,0%@729,0%@729,0%@729,0%@729] GR3D_FREQ 0% cpu@44.937C soc2@43.468C soc0@44.906C gpu@45.906C tj@45.906C soc1@44.687C VDD_IN 5488mW/6269mW VDD_CPU_GPU_CV 480mW/844mW VDD_SOC 2800mW/3018mW
09-02-2026 17:15:26 RAM 1458/7620MB (lfb 114x4MB) SWAP 1/3810MB (cached 0MB) CPU [1%@729,1%@729,1%@729,1%@729,0%@729,0%@729] GR3D_FREQ 0% cpu@44.906C soc2@43.5C soc0@44.812C gpu@45.531C tj@45.531C soc1@44.531C VDD_IN 5488mW/6269mW VDD_CPU_GPU_CV 480mW/843mW VDD_SOC 2804mW/3017mW
09-02-2026 17:15:31 RAM 1462/7620MB (lfb 114x4MB) SWAP 1/3810MB (cached 0MB) CPU [0%@729,0%@729,0%@729,0%@729,0%@729,0%@729] GR3D_FREQ 0% cpu@44.593C soc2@43.375C soc0@44.875C gpu@45.468C tj@45.468C soc1@44.406C VDD_IN 5488mW/6268mW VDD_CPU_GPU_CV 480mW/843mW VDD_SOC 2804mW/3017mW
09-02-2026 17:15:36 RAM 1462/7620MB (lfb 114x4MB) SWAP 1/3810MB (cached 0MB) CPU [0%@729,0%@729,0%@729,0%@729,0%@729,0%@729] GR3D_FREQ 0% cpu@44.406C soc2@43.312C soc0@44.718C gpu@45.375C tj@45.5C soc1@44.468C VDD_IN 5448mW/6267mW VDD_CPU_GPU_CV 480mW/843mW VDD_SOC 2804mW/3017mW
09-02-2026 17:15:41 RAM 1462/7620MB (lfb 114x4MB) SWAP 1/3810MB (cached 0MB) CPU [0%@729,0%@729,0%@729,0%@729,0%@729,0%@729] GR3D_FREQ 0% cpu@44.5C soc2@43.218C soc0@44.593C gpu@45.375C tj@45.375C soc1@44.312C VDD_IN 5488mW/6266mW VDD_CPU_GPU_CV 480mW/842mW VDD_SOC 2804mW/3017mW
09-02-2026 17:15:46 RAM 1462/7620MB (lfb 114x4MB) SWAP 1/3810MB (cached 0MB) CPU [0%@729,0%@729,0%@729,0%@729,0%@729,0%@729] GR3D_FREQ 0% cpu@44.343C soc2@43.187C soc0@44.625C gpu@45.406C tj@45.406C soc1@44.437C VDD_IN 5488mW/6266mW VDD_CPU_GPU_CV 480mW/842mW VDD_SOC 2804mW/3017mW
09-02-2026 17:15:51 RAM 1462/7620MB (lfb 114x4MB) SWAP 1/3810MB (cached 0MB) CPU [0%@729,0%@729,0%@729,0%@729,0%@729,0%@729] GR3D_FREQ 0% cpu@44.375C soc2@43C soc0@44.562C gpu@45.437C tj@45.437C soc1@44.375C VDD_IN 5488mW/6265mW VDD_CPU_GPU_CV 480mW/842mW VDD_SOC 2800mW/3016mW
09-02-2026 17:15:56 RAM 1462/7620MB (lfb 114x4MB) SWAP 1/3810MB (cached 0MB) CPU [0%@729,0%@729,0%@729,0%@729,0%@729,0%@729] GR3D_FREQ 0% cpu@44.531C soc2@43.156C soc0@44.531C gpu@45.281C tj@45.281C soc1@44.187C VDD_IN 5488mW/6264mW VDD_CPU_GPU_CV 480mW/841mW VDD_SOC 2800mW/3016mW
09-02-2026 17:16:01 RAM 1462/7620MB (lfb 114x4MB) SWAP 1/3810MB (cached 0MB) CPU [1%@729,0%@729,0%@729,0%@729,0%@729,0%@729] GR3D_FREQ 0% cpu@44.406C soc2@43.093C soc0@44.468C gpu@45.375C tj@45.375C soc1@44.062C VDD_IN 5488mW/6263mW VDD_CPU_GPU_CV 480mW/841mW VDD_SOC 2804mW/3016mW
09-02-2026 17:16:06 RAM 1462/7620MB (lfb 114x4MB) SWAP 1/3810MB (cached 0MB) CPU [0%@729,0%@729,0%@729,0%@729,0%@729,0%@729] GR3D_FREQ 0% cpu@44.281C soc2@43.062C soc0@44.531C gpu@45.437C tj@45.437C soc1@43.968C VDD_IN 5488mW/6263mW VDD_CPU_GPU_CV 480mW/841mW VDD_SOC 2804mW/3016mW
09-02-2026 17:16:11 RAM 1462/7620MB (lfb 114x4MB) SWAP 1/3810MB (cached 0MB) CPU [0%@729,0%@729,0%@729,0%@729,0%@729,0%@729] GR3D_FREQ 0% cpu@44.593C soc2@42.968C soc0@44.437C gpu@45.281C tj@45.281C soc1@44.062C VDD_IN 5488mW/6262mW VDD_CPU_GPU_CV 480mW/840mW VDD_SOC 2804mW/3016mW
09-02-2026 17:16:16 RAM 1462/7620MB (lfb 114x4MB) SWAP 1/3810MB (cached 0MB) CPU [0%@729,0%@729,0%@729,0%@729,0%@729,0%@729] GR3D_FREQ 0% cpu@44.25C soc2@43.031C soc0@44.562C gpu@45.406C tj@45.406C soc1@44.031C VDD_IN 5488mW/6261mW VDD_CPU_GPU_CV 480mW/840mW VDD_SOC 2804mW/3015mW
09-02-2026 17:16:21 RAM 1462/7620MB (lfb 114x4MB) SWAP 1/3810MB (cached 0MB) CPU [0%@729,0%@729,0%@729,0%@729,0%@729,0%@729] GR3D_FREQ 0% cpu@44.156C soc2@42.968C soc0@44.406C gpu@45.062C tj@45.062C soc1@44.125C VDD_IN 5488mW/6260mW VDD_CPU_GPU_CV 480mW/839mW VDD_SOC 2804mW/3015mW
09-02-2026 17:16:26 RAM 1462/7620MB (lfb 114x4MB) SWAP 1/3810MB (cached 0MB) CPU [0%@1728,0%@1728,0%@1728,0%@1728,0%@729,0%@729] GR3D_FREQ 0% cpu@44.25C soc2@43.031C soc0@44.25C gpu@45.156C tj@45.156C soc1@44.062C VDD_IN 5488mW/6260mW VDD_CPU_GPU_CV 480mW/839mW VDD_SOC 2804mW/3015mW
09-02-2026 17:16:31 RAM 1462/7620MB (lfb 114x4MB) SWAP 1/3810MB (cached 0MB) CPU [0%@729,0%@729,0%@729,0%@729,0%@729,0%@729] GR3D_FREQ 0% cpu@44.281C soc2@42.875C soc0@44.343C gpu@45.218C tj@44.968C soc1@44.031C VDD_IN 5448mW/6259mW VDD_CPU_GPU_CV 480mW/839mW VDD_SOC 2804mW/3015mW
09-02-2026 17:16:36 RAM 1462/7620MB (lfb 114x4MB) SWAP 1/3810MB (cached 0MB) CPU [0%@729,0%@729,0%@729,0%@729,0%@729,0%@729] GR3D_FREQ 0% cpu@44.281C soc2@43C soc0@44.406C gpu@45.031C tj@45.343C soc1@44C VDD_IN 5488mW/6258mW VDD_CPU_GPU_CV 480mW/838mW VDD_SOC 2804mW/3015mW
09-02-2026 17:16:41 RAM 1462/7620MB (lfb 114x4MB) SWAP 1/3810MB (cached 0MB) CPU [0%@729,0%@729,0%@729,0%@729,0%@729,0%@729] GR3D_FREQ 0% cpu@44.156C soc2@42.937C soc0@44.281C gpu@45.281C tj@45.281C soc1@43.906C VDD_IN 5448mW/6257mW VDD_CPU_GPU_CV 480mW/838mW VDD_SOC 2804mW/3014mW
09-02-2026 17:16:46 RAM 1462/7620MB (lfb 114x4MB) SWAP 1/3810MB (cached 0MB) CPU [0%@729,0%@729,0%@729,0%@729,0%@729,0%@729] GR3D_FREQ 0% cpu@44.125C soc2@42.875C soc0@44.375C gpu@45.156C tj@45.156C soc1@43.937C VDD_IN 5448mW/6257mW VDD_CPU_GPU_CV 480mW/838mW VDD_SOC 2804mW/3014mW
09-02-2026 17:16:51 RAM 1462/7620MB (lfb 114x4MB) SWAP 1/3810MB (cached 0MB) CPU [0%@729,0%@729,0%@729,0%@729,0%@729,0%@729] GR3D_FREQ 0% cpu@43.968C soc2@42.718C soc0@44.343C gpu@45.25C tj@45.25C soc1@44C VDD_IN 5448mW/6256mW VDD_CPU_GPU_CV 480mW/837mW VDD_SOC 2804mW/3014mW
09-02-2026 17:16:56 RAM 1457/7620MB (lfb 115x4MB) SWAP 1/3810MB (cached 0MB) CPU [2%@729,1%@729,2%@729,1%@729,0%@729,0%@729] GR3D_FREQ 0% cpu@44.312C soc2@42.812C soc0@44.218C gpu@45.062C tj@45.062C soc1@44C VDD_IN 5488mW/6255mW VDD_CPU_GPU_CV 480mW/837mW VDD_SOC 2804mW/3014mW
09-02-2026 17:17:01 RAM 1457/7620MB (lfb 115x4MB) SWAP 1/3810MB (cached 0MB) CPU [1%@729,0%@729,0%@729,0%@729,0%@729,0%@729] GR3D_FREQ 0% cpu@44.062C soc2@42.781C soc0@44.218C gpu@45.125C tj@45.125C soc1@43.906C VDD_IN 5488mW/6254mW VDD_CPU_GPU_CV 480mW/837mW VDD_SOC 2804mW/3014mW
09-02-2026 17:17:06 RAM 1459/7620MB (lfb 115x4MB) SWAP 1/3810MB (cached 0MB) CPU [15%@729,1%@729,1%@729,1%@729,1%@729,1%@729] GR3D_FREQ 0% cpu@44.125C soc2@42.781C soc0@44.187C gpu@44.906C tj@44.906C soc1@43.875C VDD_IN 5568mW/6254mW VDD_CPU_GPU_CV 520mW/836mW VDD_SOC 2804mW/3013mW
09-02-2026 17:17:11 RAM 1707/7620MB (lfb 115x4MB) SWAP 1/3810MB (cached 0MB) CPU [44%@1728,2%@1728,2%@1728,2%@1728,2%@729,2%@729] GR3D_FREQ 0% cpu@44.687C soc2@43.156C soc0@44.406C gpu@45.468C tj@45.468C soc1@44.156C VDD_IN 7411mW/6255mW VDD_CPU_GPU_CV 1560mW/837mW VDD_SOC 3325mW/3014mW
09-02-2026 17:17:16 RAM 1707/7620MB (lfb 115x4MB) SWAP 1/3810MB (cached 0MB) CPU [55%@1728,47%@1728,3%@1728,2%@1728,2%@729,2%@729] GR3D_FREQ 0% cpu@44.843C soc2@43.375C soc0@44.656C gpu@45.5C tj@45.5C soc1@44.125C VDD_IN 7411mW/6256mW VDD_CPU_GPU_CV 1520mW/838mW VDD_SOC 3320mW/3014mW
09-02-2026 17:17:21 RAM 1825/7620MB (lfb 115x4MB) SWAP 1/3810MB (cached 0MB) CPU [1%@729,69%@729,1%@729,1%@729,1%@729,1%@729] GR3D_FREQ 0% cpu@44.468C soc2@43.156C soc0@44.531C gpu@45.5C tj@45.5C soc1@44.312C VDD_IN 5568mW/6255mW VDD_CPU_GPU_CV 520mW/838mW VDD_SOC 2844mW/3014mW
09-02-2026 17:17:26 RAM 1825/7620MB (lfb 115x4MB) SWAP 1/3810MB (cached 0MB) CPU [0%@1728,0%@1728,9%@1728,0%@1728,0%@729,0%@729] GR3D_FREQ 0% cpu@45.281C soc2@43.218C soc0@44.5C gpu@45.375C tj@45.375C soc1@44.125C VDD_IN 6610mW/6256mW VDD_CPU_GPU_CV 920mW/838mW VDD_SOC 3165mW/3014mW
09-02-2026 17:17:31 RAM 1762/7620MB (lfb 116x4MB) SWAP 1/3810MB (cached 0MB) CPU [4%@1728,74%@1728,29%@1728,4%@1728,4%@729,4%@729] GR3D_FREQ 0% cpu@45.125C soc2@43.5C soc0@44.75C gpu@45.562C tj@45.562C soc1@44.437C VDD_IN 7411mW/6257mW VDD_CPU_GPU_CV 1520mW/838mW VDD_SOC 3325mW/3014mW
09-02-2026 17:17:36 RAM 1901/7620MB (lfb 116x4MB) SWAP 1/3810MB (cached 0MB) CPU [1%@1728,100%@1728,1%@1728,1%@1728,1%@729,1%@729] GR3D_FREQ 0% cpu@45.156C soc2@43.687C soc0@44.812C gpu@45.781C tj@45.781C soc1@44.531C VDD_IN 7371mW/6258mW VDD_CPU_GPU_CV 1600mW/839mW VDD_SOC 3285mW/3015mW
09-02-2026 17:17:41 RAM 2336/7620MB (lfb 85x4MB) SWAP 1/3810MB (cached 0MB) CPU [7%@729,36%@729,6%@729,3%@729,1%@729,2%@729] GR3D_FREQ 10% cpu@44.781C soc2@43.5C soc0@44.875C gpu@45.625C tj@45.625C soc1@44.812C VDD_IN 6722mW/6258mW VDD_CPU_GPU_CV 964mW/839mW VDD_SOC 3134mW/3015mW
09-02-2026 17:17:46 RAM 2337/7620MB (lfb 85x4MB) SWAP 1/3810MB (cached 0MB) CPU [25%@729,15%@729,18%@729,7%@729,8%@729,10%@729] GR3D_FREQ 7% cpu@44.906C soc2@43.593C soc0@44.875C gpu@45.468C tj@45.468C soc1@44.718C VDD_IN 6279mW/6258mW VDD_CPU_GPU_CV 723mW/839mW VDD_SOC 3019mW/3015mW
09-02-2026 17:17:51 RAM 2337/7620MB (lfb 85x4MB) SWAP 1/3810MB (cached 0MB) CPU [9%@729,19%@729,10%@729,7%@729,8%@729,25%@729] GR3D_FREQ 3% cpu@44.906C soc2@43.5C soc0@44.937C gpu@45.875C tj@45.875C soc1@44.812C VDD_IN 6682mW/6259mW VDD_CPU_GPU_CV 924mW/839mW VDD_SOC 3134mW/3015mW
09-02-2026 17:17:56 RAM 2337/7620MB (lfb 85x4MB) SWAP 1/3810MB (cached 0MB) CPU [9%@729,7%@729,12%@729,7%@729,6%@729,36%@729] GR3D_FREQ 7% cpu@45.031C soc2@43.593C soc0@44.812C gpu@46.031C tj@46.031C soc1@44.75C VDD_IN 6279mW/6259mW VDD_CPU_GPU_CV 723mW/839mW VDD_SOC 3019mW/3015mW
09-02-2026 17:18:01 RAM 2337/7620MB (lfb 85x4MB) SWAP 1/3810MB (cached 0MB) CPU [20%@729,8%@729,13%@729,8%@729,8%@729,24%@729] GR3D_FREQ 20% cpu@45C soc2@43.406C soc0@45C gpu@45.968C tj@45.968C soc1@44.875C VDD_IN 7004mW/6259mW VDD_CPU_GPU_CV 1125mW/839mW VDD_SOC 3215mW/3015mW
09-02-2026 17:18:06 RAM 2337/7620MB (lfb 85x4MB) SWAP 1/3810MB (cached 0MB) CPU [10%@729,23%@729,7%@729,10%@729,9%@729,6%@729] GR3D_FREQ 6% cpu@44.968C soc2@43.593C soc0@45C gpu@46.093C tj@46.093C soc1@44.781C VDD_IN 5877mW/6259mW VDD_CPU_GPU_CV 562mW/839mW VDD_SOC 2938mW/3015mW
09-02-2026 17:18:11 RAM 2337/7620MB (lfb 85x4MB) SWAP 1/3810MB (cached 0MB) CPU [4%@729,1%@729,1%@729,1%@729,4%@729,0%@729] GR3D_FREQ 8% cpu@44.656C soc2@43.468C soc0@44.937C gpu@45.812C tj@45.812C soc1@44.625C VDD_IN 5796mW/6259mW VDD_CPU_GPU_CV 562mW/839mW VDD_SOC 2853mW/3015mW
09-02-2026 17:18:16 RAM 1497/7620MB (lfb 114x4MB) SWAP 1/3810MB (cached 0MB) CPU [6%@1728,2%@1728,14%@1728,41%@1728,3%@729,2%@729] GR3D_FREQ 0% cpu@45.687C soc2@43.687C soc0@44.875C gpu@46.312C tj@46.312C soc1@44.625C VDD_IN 7503mW/6260mW VDD_CPU_GPU_CV 1562mW/839mW VDD_SOC 3325mW/3015mW
09-02-2026 17:18:21 RAM 1451/7620MB (lfb 115x4MB) SWAP 1/3810MB (cached 0MB) CPU [1%@729,1%@729,33%@729,1%@729,50%@729,1%@729] GR3D_FREQ 0% cpu@44.937C soc2@43.656C soc0@44.906C gpu@45.718C tj@45.718C soc1@44.687C VDD_IN 5769mW/6259mW VDD_CPU_GPU_CV 600mW/839mW VDD_SOC 2924mW/3015mW
09-02-2026 17:18:26 RAM 1456/7620MB (lfb 115x4MB) SWAP 1/3810MB (cached 0MB) CPU [1%@729,0%@729,0%@729,1%@729,0%@729,0%@729] GR3D_FREQ 0% cpu@44.75C soc2@43.406C soc0@44.875C gpu@45.906C tj@45.906C soc1@44.562C VDD_IN 5488mW/6259mW VDD_CPU_GPU_CV 480mW/839mW VDD_SOC 2804mW/3015mW
09-02-2026 17:18:31 RAM 1456/7620MB (lfb 115x4MB) SWAP 1/3810MB (cached 0MB) CPU [0%@729,0%@729,0%@729,0%@729,0%@729,0%@729] GR3D_FREQ 0% cpu@44.531C soc2@43.406C soc0@44.937C gpu@45.437C tj@45.437C soc1@44.562C VDD_IN 5488mW/6258mW VDD_CPU_GPU_CV 480mW/838mW VDD_SOC 2804mW/3015mW
09-02-2026 17:18:36 RAM 1456/7620MB (lfb 115x4MB) SWAP 1/3810MB (cached 0MB) CPU [0%@729,0%@729,0%@729,0%@729,0%@729,0%@729] GR3D_FREQ 0% cpu@44.593C soc2@43.343C soc0@44.906C gpu@45.406C tj@45.406C soc1@44.5C VDD_IN 5488mW/6257mW VDD_CPU_GPU_CV 480mW/838mW VDD_SOC 2804mW/3014mW
09-02-2026 17:18:41 RAM 1456/7620MB (lfb 115x4MB) SWAP 1/3810MB (cached 0MB) CPU [0%@729,0%@729,0%@729,0%@729,0%@729,0%@729] GR3D_FREQ 0% cpu@44.687C soc2@43.187C soc0@44.718C gpu@45.375C tj@45.375C soc1@44.468C VDD_IN 5488mW/6256mW VDD_CPU_GPU_CV 480mW/838mW VDD_SOC 2804mW/3014mW
09-02-2026 17:18:46 RAM 1456/7620MB (lfb 115x4MB) SWAP 1/3810MB (cached 0MB) CPU [0%@729,0%@729,0%@729,0%@729,0%@729,0%@729] GR3D_FREQ 0% cpu@44.656C soc2@43.218C soc0@44.625C gpu@45.562C tj@45.562C soc1@44.437C VDD_IN 5488mW/6256mW VDD_CPU_GPU_CV 480mW/837mW VDD_SOC 2804mW/3014mW
09-02-2026 17:18:51 RAM 1456/7620MB (lfb 115x4MB) SWAP 1/3810MB (cached 0MB) CPU [0%@729,0%@729,0%@729,0%@729,0%@729,0%@729] GR3D_FREQ 0% cpu@44.593C soc2@43.218C soc0@44.531C gpu@45.75C tj@45.75C soc1@44.281C VDD_IN 5448mW/6255mW VDD_CPU_GPU_CV 480mW/837mW VDD_SOC 2804mW/3014mW
09-02-2026 17:18:56 RAM 1456/7620MB (lfb 115x4MB) SWAP 1/3810MB (cached 0MB) CPU [0%@729,0%@729,0%@729,0%@729,0%@729,0%@729] GR3D_FREQ 0% cpu@44.281C soc2@43.187C soc0@44.5C gpu@45.406C tj@45.406C soc1@44.312C VDD_IN 5448mW/6254mW VDD_CPU_GPU_CV 480mW/837mW VDD_SOC 2804mW/3014mW
09-02-2026 17:19:01 RAM 1457/7620MB (lfb 116x4MB) SWAP 1/3810MB (cached 0MB) CPU [1%@729,15%@729,2%@729,1%@729,1%@729,1%@729] GR3D_FREQ 0% cpu@44.375C soc2@43.187C soc0@44.5C gpu@45.656C tj@45.656C soc1@44.375C VDD_IN 5528mW/6254mW VDD_CPU_GPU_CV 520mW/836mW VDD_SOC 2804mW/3013mW
09-02-2026 17:19:06 RAM 1457/7620MB (lfb 116x4MB) SWAP 1/3810MB (cached 0MB) CPU [0%@729,0%@729,0%@729,0%@729,0%@729,0%@729] GR3D_FREQ 0% cpu@44.25C soc2@42.937C soc0@44.5C gpu@45.156C tj@45.156C soc1@44.25C VDD_IN 5488mW/6253mW VDD_CPU_GPU_CV 480mW/836mW VDD_SOC 2804mW/3013mW
09-02-2026 17:19:11 RAM 1457/7620MB (lfb 116x4MB) SWAP 1/3810MB (cached 0MB) CPU [0%@729,0%@729,0%@729,0%@729,0%@729,0%@729] GR3D_FREQ 0% cpu@44.406C soc2@43.062C soc0@44.531C gpu@45.25C tj@45.25C soc1@44.187C VDD_IN 5488mW/6252mW VDD_CPU_GPU_CV 480mW/836mW VDD_SOC 2800mW/3013mW
09-02-2026 17:19:16 RAM 1457/7620MB (lfb 116x4MB) SWAP 1/3810MB (cached 0MB) CPU [0%@729,0%@729,0%@729,0%@729,0%@729,0%@729] GR3D_FREQ 0% cpu@44.093C soc2@43C soc0@44.437C gpu@45.031C tj@45.031C soc1@44.343C VDD_IN 5488mW/6251mW VDD_CPU_GPU_CV 480mW/836mW VDD_SOC 2804mW/3013mW
09-02-2026 17:19:21 RAM 1457/7620MB (lfb 116x4MB) SWAP 1/3810MB (cached 0MB) CPU [0%@729,0%@729,0%@729,0%@729,0%@729,0%@729] GR3D_FREQ 0% cpu@44.375C soc2@42.968C soc0@44.312C gpu@45.031C tj@45.031C soc1@44C VDD_IN 5488mW/6251mW VDD_CPU_GPU_CV 480mW/835mW VDD_SOC 2804mW/3013mW
09-02-2026 17:19:26 RAM 1615/7620MB (lfb 116x4MB) SWAP 1/3810MB (cached 0MB) CPU [3%@1728,20%@1728,3%@1728,3%@1728,2%@1497,2%@1497] GR3D_FREQ 0% cpu@44.937C soc2@43.187C soc0@44.5C gpu@45.218C tj@45.218C soc1@44.156C VDD_IN 7572mW/6252mW VDD_CPU_GPU_CV 1760mW/836mW VDD_SOC 3285mW/3013mW
09-02-2026 17:19:31 RAM 1637/7620MB (lfb 116x4MB) SWAP 1/3810MB (cached 0MB) CPU [3%@1728,99%@1728,3%@1728,2%@1728,3%@729,2%@729] GR3D_FREQ 0% cpu@45.062C soc2@43.437C soc0@44.468C gpu@45.812C tj@45.812C soc1@44.187C VDD_IN 7572mW/6253mW VDD_CPU_GPU_CV 1720mW/837mW VDD_SOC 3325mW/3013mW
09-02-2026 17:19:36 RAM 1831/7620MB (lfb 116x4MB) SWAP 1/3810MB (cached 0MB) CPU [1%@729,91%@729,1%@729,1%@729,1%@729,1%@729] GR3D_FREQ 0% cpu@44.5C soc2@43.218C soc0@44.687C gpu@45.562C tj@45.562C soc1@44.437C VDD_IN 6330mW/6253mW VDD_CPU_GPU_CV 920mW/837mW VDD_SOC 3040mW/3013mW
09-02-2026 17:19:41 RAM 1831/7620MB (lfb 116x4MB) SWAP 1/3810MB (cached 0MB) CPU [0%@729,0%@729,0%@729,0%@729,0%@729,0%@729] GR3D_FREQ 0% cpu@44.437C soc2@43.156C soc0@44.437C gpu@45.281C tj@45.281C soc1@44.156C VDD_IN 5488mW/6253mW VDD_CPU_GPU_CV 480mW/837mW VDD_SOC 2804mW/3013mW
09-02-2026 17:19:46 RAM 1708/7620MB (lfb 116x4MB) SWAP 1/3810MB (cached 0MB) CPU [4%@1728,38%@1728,51%@1728,3%@1728,4%@729,4%@729] GR3D_FREQ 0% cpu@45.531C soc2@43.468C soc0@44.75C gpu@45.687C tj@45.687C soc1@44.25C VDD_IN 7371mW/6254mW VDD_CPU_GPU_CV 1480mW/837mW VDD_SOC 3325mW/3013mW
09-02-2026 17:19:51 RAM 1859/7620MB (lfb 116x4MB) SWAP 1/3810MB (cached 0MB) CPU [1%@1728,1%@1728,100%@1728,1%@1728,1%@729,1%@729] GR3D_FREQ 0% cpu@45.906C soc2@43.625C soc0@44.781C gpu@45.781C tj@45.906C soc1@44.531C VDD_IN 7411mW/6255mW VDD_CPU_GPU_CV 1600mW/838mW VDD_SOC 3285mW/3014mW
09-02-2026 17:19:56 RAM 1968/7620MB (lfb 104x4MB) SWAP 1/3810MB (cached 0MB) CPU [4%@1651,3%@1651,49%@1651,1%@1651,2%@729,0%@729] GR3D_FREQ 4% cpu@45.312C soc2@43.375C soc0@44.875C gpu@45.531C tj@45.531C soc1@44.562C VDD_IN 6078mW/6254mW VDD_CPU_GPU_CV 683mW/838mW VDD_SOC 2978mW/3013mW
09-02-2026 17:20:01 RAM 2336/7620MB (lfb 88x4MB) SWAP 1/3810MB (cached 0MB) CPU [9%@729,7%@729,17%@729,13%@729,13%@729,22%@729] GR3D_FREQ 12% cpu@45.031C soc2@43.406C soc0@44.968C gpu@45.5C tj@45.5C soc1@44.75C VDD_IN 6360mW/6255mW VDD_CPU_GPU_CV 803mW/838mW VDD_SOC 3054mW/3014mW
09-02-2026 17:20:06 RAM 2336/7620MB (lfb 88x4MB) SWAP 1/3810MB (cached 0MB) CPU [16%@729,8%@729,20%@729,20%@729,9%@729,12%@729] GR3D_FREQ 16% cpu@44.781C soc2@43.406C soc0@44.937C gpu@45.5C tj@45.5C soc1@44.656C VDD_IN 6279mW/6255mW VDD_CPU_GPU_CV 763mW/838mW VDD_SOC 3014mW/3014mW
09-02-2026 17:20:11 RAM 2336/7620MB (lfb 88x4MB) SWAP 1/3810MB (cached 0MB) CPU [13%@729,11%@729,15%@729,25%@729,11%@729,10%@729] GR3D_FREQ 6% cpu@45.125C soc2@43.531C soc0@44.937C gpu@45.562C tj@45.562C soc1@44.75C VDD_IN 6440mW/6255mW VDD_CPU_GPU_CV 803mW/838mW VDD_SOC 3054mW/3014mW
09-02-2026 17:20:17 RAM 2336/7620MB (lfb 88x4MB) SWAP 1/3810MB (cached 0MB) CPU [12%@729,16%@729,10%@729,28%@729,8%@729,8%@729] GR3D_FREQ 1% cpu@44.906C soc2@43.5C soc0@44.906C gpu@45.593C tj@45.593C soc1@44.718C VDD_IN 6320mW/6255mW VDD_CPU_GPU_CV 763mW/838mW VDD_SOC 3019mW/3014mW
09-02-2026 17:20:22 RAM 2336/7620MB (lfb 88x4MB) SWAP 1/3810MB (cached 0MB) CPU [12%@729,10%@729,31%@729,12%@729,8%@729,8%@729] GR3D_FREQ 6% cpu@44.812C soc2@43.562C soc0@44.968C gpu@45.937C tj@45.937C soc1@44.812C VDD_IN 6481mW/6255mW VDD_CPU_GPU_CV 844mW/838mW VDD_SOC 3094mW/3014mW
09-02-2026 17:20:27 RAM 2336/7620MB (lfb 88x4MB) SWAP 1/3810MB (cached 0MB) CPU [4%@729,2%@729,0%@729,1%@729,0%@729,0%@729] GR3D_FREQ 6% cpu@44.843C soc2@43.468C soc0@44.843C gpu@45.625C tj@45.625C soc1@44.718C VDD_IN 5877mW/6255mW VDD_CPU_GPU_CV 562mW/837mW VDD_SOC 2934mW/3014mW
09-02-2026 17:20:32 RAM 2334/7620MB (lfb 88x4MB) SWAP 1/3810MB (cached 0MB) CPU [2%@1728,32%@1728,1%@1728,0%@1728,0%@729,0%@729] GR3D_FREQ 0% cpu@45.312C soc2@43.656C soc0@45C gpu@46.125C tj@46.125C soc1@44.875C VDD_IN 7435mW/6256mW VDD_CPU_GPU_CV 1165mW/838mW VDD_SOC 3416mW/3014mW
09-02-2026 17:20:37 RAM 1752/7620MB (lfb 113x4MB) SWAP 1/3810MB (cached 0MB) CPU [8%@729,9%@729,3%@729,2%@729,87%@1728,6%@1728] GR3D_FREQ 0% cpu@45.5C soc2@43.843C soc0@45.031C gpu@46.093C tj@46.093C soc1@44.75C VDD_IN 7331mW/6257mW VDD_CPU_GPU_CV 1240mW/838mW VDD_SOC 3400mW/3014mW
09-02-2026 17:20:42 RAM 1461/7620MB (lfb 114x4MB) SWAP 1/3810MB (cached 0MB) CPU [2%@729,1%@729,15%@729,1%@729,8%@729,1%@729] GR3D_FREQ 0% cpu@44.875C soc2@43.656C soc0@45.156C gpu@45.937C tj@45.937C soc1@44.843C VDD_IN 6129mW/6257mW VDD_CPU_GPU_CV 800mW/838mW VDD_SOC 3004mW/3014mW
09-02-2026 17:20:47 RAM 1729/7620MB (lfb 114x4MB) SWAP 1/3810MB (cached 0MB) CPU [3%@1728,3%@1728,3%@1728,56%@1728,2%@729,2%@729] GR3D_FREQ 0% cpu@45.531C soc2@43.875C soc0@45.031C gpu@45.968C tj@45.968C soc1@44.75C VDD_IN 7411mW/6258mW VDD_CPU_GPU_CV 1560mW/839mW VDD_SOC 3325mW/3015mW
09-02-2026 17:20:52 RAM 1725/7620MB (lfb 115x4MB) SWAP 1/3810MB (cached 0MB) CPU [60%@1728,3%@1728,2%@1728,42%@1728,2%@729,2%@729] GR3D_FREQ 0% cpu@45.718C soc2@44.156C soc0@45.218C gpu@46.437C tj@46.437C soc1@45.031C VDD_IN 7411mW/6259mW VDD_CPU_GPU_CV 1560mW/839mW VDD_SOC 3325mW/3015mW
09-02-2026 17:20:57 RAM 1826/7620MB (lfb 115x4MB) SWAP 1/3810MB (cached 0MB) CPU [56%@729,1%@729,1%@729,1%@729,1%@729,1%@729] GR3D_FREQ 0% cpu@44.968C soc2@43.718C soc0@45.281C gpu@46C tj@46C soc1@45C VDD_IN 5528mW/6258mW VDD_CPU_GPU_CV 480mW/839mW VDD_SOC 2804mW/3015mW
09-02-2026 17:21:02 RAM 1826/7620MB (lfb 115x4MB) SWAP 1/3810MB (cached 0MB) CPU [0%@1728,22%@1728,0%@1728,0%@1728,0%@729,0%@729] GR3D_FREQ 0% cpu@45.5C soc2@43.968C soc0@45.125C gpu@45.937C tj@45.937C soc1@44.75C VDD_IN 7091mW/6259mW VDD_CPU_GPU_CV 1120mW/839mW VDD_SOC 3365mW/3015mW
09-02-2026 17:21:07 RAM 1787/7620MB (lfb 116x4MB) SWAP 1/3810MB (cached 0MB) CPU [86%@1728,17%@1728,4%@1728,4%@1728,4%@729,4%@729] GR3D_FREQ 0% cpu@45.5C soc2@44.062C soc0@45.437C gpu@46.687C tj@46.687C soc1@45.125C VDD_IN 7411mW/6260mW VDD_CPU_GPU_CV 1440mW/840mW VDD_SOC 3360mW/3015mW
09-02-2026 17:21:12 RAM 2066/7620MB (lfb 97x4MB) SWAP 1/3810MB (cached 0MB) CPU [99%@1728,1%@1728,1%@1728,1%@1728,1%@729,1%@729] GR3D_FREQ 0% cpu@46.187C soc2@44.5C soc0@45.406C gpu@46.593C tj@46.593C soc1@45.093C VDD_IN 7532mW/6261mW VDD_CPU_GPU_CV 1640mW/840mW VDD_SOC 3325mW/3016mW
09-02-2026 17:21:17 RAM 2351/7620MB (lfb 82x4MB) SWAP 1/3810MB (cached 0MB) CPU [8%@729,13%@729,20%@729,4%@729,2%@729,3%@729] GR3D_FREQ 4% cpu@45.593C soc2@44.031C soc0@45.406C gpu@46.312C tj@46.312C soc1@45.281C VDD_IN 6400mW/6261mW VDD_CPU_GPU_CV 803mW/840mW VDD_SOC 3059mW/3016mW
09-02-2026 17:21:22 RAM 2352/7620MB (lfb 82x4MB) SWAP 1/3810MB (cached 0MB) CPU [19%@729,17%@729,19%@729,12%@729,8%@729,9%@729] GR3D_FREQ 1% cpu@45.375C soc2@44.093C soc0@45.562C gpu@46.375C tj@46.375C soc1@45.281C VDD_IN 6320mW/6261mW VDD_CPU_GPU_CV 763mW/840mW VDD_SOC 3014mW/3016mW
09-02-2026 17:21:27 RAM 2356/7620MB (lfb 82x4MB) SWAP 1/3810MB (cached 0MB) CPU [14%@729,17%@729,19%@729,13%@729,12%@729,12%@729] GR3D_FREQ 4% cpu@45.718C soc2@44C soc0@45.343C gpu@46.281C tj@46.281C soc1@45.375C VDD_IN 6481mW/6261mW VDD_CPU_GPU_CV 844mW/840mW VDD_SOC 3054mW/3016mW
09-02-2026 17:21:32 RAM 2356/7620MB (lfb 82x4MB) SWAP 1/3810MB (cached 0MB) CPU [10%@729,8%@729,10%@729,12%@729,19%@729,24%@729] GR3D_FREQ 6% cpu@45.406C soc2@44.125C soc0@45.375C gpu@46.218C tj@46.218C soc1@45.25C VDD_IN 6279mW/6261mW VDD_CPU_GPU_CV 763mW/840mW VDD_SOC 3019mW/3016mW
09-02-2026 17:21:37 RAM 2356/7620MB (lfb 82x4MB) SWAP 1/3810MB (cached 0MB) CPU [9%@729,8%@729,12%@729,7%@729,19%@729,24%@729] GR3D_FREQ 15% cpu@45.343C soc2@43.968C soc0@45.375C gpu@46.281C tj@46.281C soc1@45.468C VDD_IN 6440mW/6262mW VDD_CPU_GPU_CV 803mW/840mW VDD_SOC 3054mW/3016mW
09-02-2026 17:21:42 RAM 2356/7620MB (lfb 82x4MB) SWAP 1/3810MB (cached 0MB) CPU [7%@729,4%@729,5%@729,5%@729,15%@729,16%@729] GR3D_FREQ 6% cpu@45.25C soc2@43.968C soc0@45.406C gpu@46.093C tj@46.093C soc1@45.25C VDD_IN 5877mW/6261mW VDD_CPU_GPU_CV 562mW/840mW VDD_SOC 2934mW/3016mW
09-02-2026 17:21:47 RAM 2356/7620MB (lfb 82x4MB) SWAP 1/3810MB (cached 0MB) CPU [3%@729,1%@729,1%@729,1%@729,4%@729,1%@729] GR3D_FREQ 8% cpu@45.187C soc2@43.875C soc0@45.406C gpu@46.062C tj@46.062C soc1@45.187C VDD_IN 5796mW/6261mW VDD_CPU_GPU_CV 562mW/840mW VDD_SOC 2853mW/3015mW
09-02-2026 17:21:52 RAM 1646/7620MB (lfb 115x4MB) SWAP 1/3810MB (cached 0MB) CPU [7%@1728,3%@1728,3%@1728,25%@1728,43%@729,5%@729] GR3D_FREQ 0% cpu@46.312C soc2@44.125C soc0@45.312C gpu@46.375C tj@46.375C soc1@45.218C VDD_IN 7572mW/6262mW VDD_CPU_GPU_CV 1720mW/841mW VDD_SOC 3325mW/3016mW
09-02-2026 17:21:57 RAM 1458/7620MB (lfb 115x4MB) SWAP 1/3810MB (cached 0MB) CPU [0%@729,0%@729,0%@729,71%@729,0%@729,0%@729] GR3D_FREQ 0% cpu@45.312C soc2@44.062C soc0@45.375C gpu@46.218C tj@46.562C soc1@45.187C VDD_IN 5608mW/6261mW VDD_CPU_GPU_CV 520mW/840mW VDD_SOC 2880mW/3016mW
09-02-2026 17:22:02 RAM 1458/7620MB (lfb 115x4MB) SWAP 1/3810MB (cached 0MB) CPU [0%@729,0%@729,0%@729,0%@729,0%@729,0%@729] GR3D_FREQ 0% cpu@45.156C soc2@43.906C soc0@45.312C gpu@46.031C tj@46.031C soc1@45C VDD_IN 5488mW/6261mW VDD_CPU_GPU_CV 480mW/840mW VDD_SOC 2800mW/3015mW
09-02-2026 17:22:07 RAM 1460/7620MB (lfb 116x4MB) SWAP 1/3810MB (cached 0MB) CPU [1%@729,15%@729,1%@729,1%@729,1%@729,1%@729] GR3D_FREQ 0% cpu@45.187C soc2@43.843C soc0@45.25C gpu@46.312C tj@46.312C soc1@44.875C VDD_IN 6089mW/6261mW VDD_CPU_GPU_CV 800mW/840mW VDD_SOC 2960mW/3015mW
09-02-2026 17:22:12 RAM 1460/7620MB (lfb 116x4MB) SWAP 1/3810MB (cached 0MB) CPU [0%@729,0%@729,0%@729,0%@729,0%@729,0%@729] GR3D_FREQ 0% cpu@44.968C soc2@43.75C soc0@45.156C gpu@45.937C tj@45.937C soc1@44.875C VDD_IN 5488mW/6260mW VDD_CPU_GPU_CV 480mW/840mW VDD_SOC 2804mW/3015mW
09-02-2026 17:22:17 RAM 1460/7620MB (lfb 116x4MB) SWAP 1/3810MB (cached 0MB) CPU [0%@729,0%@729,0%@729,0%@729,0%@729,0%@729] GR3D_FREQ 0% cpu@44.968C soc2@43.687C soc0@45.093C gpu@46.093C tj@46.093C soc1@44.781C VDD_IN 5488mW/6259mW VDD_CPU_GPU_CV 480mW/839mW VDD_SOC 2800mW/3015mW
09-02-2026 17:22:22 RAM 1461/7620MB (lfb 116x4MB) SWAP 1/3810MB (cached 0MB) CPU [3%@1728,95%@1728,4%@1728,3%@1728,2%@729,2%@729] GR3D_FREQ 0% cpu@46.093C soc2@44.031C soc0@45.312C gpu@46.281C tj@46.281C soc1@44.937C VDD_IN 7331mW/6260mW VDD_CPU_GPU_CV 1320mW/840mW VDD_SOC 3365mW/3015mW
09-02-2026 17:22:27 RAM 1814/7620MB (lfb 116x4MB) SWAP 1/3810MB (cached 0MB) CPU [4%@1728,4%@1728,100%@1728,4%@1728,4%@729,4%@729] GR3D_FREQ 0% cpu@46.156C soc2@44.156C soc0@45.343C gpu@46.312C tj@46.312C soc1@44.968C VDD_IN 7411mW/6261mW VDD_CPU_GPU_CV 1560mW/840mW VDD_SOC 3325mW/3016mW
09-02-2026 17:22:32 RAM 1828/7620MB (lfb 116x4MB) SWAP 1/3810MB (cached 0MB) CPU [0%@729,0%@729,16%@729,0%@729,0%@729,0%@729] GR3D_FREQ 0% cpu@45.281C soc2@43.812C soc0@45.343C gpu@46.062C tj@46.062C soc1@45.062C VDD_IN 5528mW/6260mW VDD_CPU_GPU_CV 480mW/840mW VDD_SOC 2804mW/3015mW
09-02-2026 17:22:37 RAM 1677/7620MB (lfb 116x4MB) SWAP 1/3810MB (cached 0MB) CPU [4%@1728,4%@1728,38%@1728,28%@1728,4%@729,4%@729] GR3D_FREQ 0% cpu@46C soc2@44.125C soc0@45.312C gpu@46.312C tj@46.312C soc1@44.968C VDD_IN 7491mW/6262mW VDD_CPU_GPU_CV 1600mW/841mW VDD_SOC 3325mW/3016mW
09-02-2026 17:22:42 RAM 1831/7620MB (lfb 116x4MB) SWAP 1/3810MB (cached 0MB) CPU [0%@1728,0%@1728,0%@1728,100%@1728,0%@729,0%@729] GR3D_FREQ 0% cpu@45.906C soc2@44.218C soc0@45.468C gpu@46.343C tj@46.343C soc1@45.156C VDD_IN 7371mW/6263mW VDD_CPU_GPU_CV 1600mW/841mW VDD_SOC 3285mW/3016mW
09-02-2026 17:22:47 RAM 2075/7620MB (lfb 87x4MB) SWAP 1/3810MB (cached 0MB) CPU [3%@729,2%@729,1%@729,68%@729,1%@729,1%@729] GR3D_FREQ 6% cpu@45.468C soc2@44.187C soc0@45.625C gpu@46.531C tj@46.531C soc1@45.343C VDD_IN 5948mW/6262mW VDD_CPU_GPU_CV 602mW/841mW VDD_SOC 2934mW/3016mW
09-02-2026 17:22:52 RAM 2460/7620MB (lfb 75x4MB) SWAP 1/3810MB (cached 0MB) CPU [9%@729,15%@729,17%@729,11%@729,18%@729,8%@729] GR3D_FREQ 5% cpu@45.562C soc2@44.156C soc0@45.593C gpu@46.312C tj@46.312C soc1@45.437C VDD_IN 7033mW/6263mW VDD_CPU_GPU_CV 1125mW/841mW VDD_SOC 3215mW/3016mW
09-02-2026 17:22:57 RAM 2463/7620MB (lfb 75x4MB) SWAP 1/3810MB (cached 0MB) CPU [19%@729,29%@729,14%@729,11%@729,10%@729,8%@729] GR3D_FREQ 8% cpu@45.531C soc2@44.156C soc0@45.562C gpu@46.5C tj@46.5C soc1@45.375C VDD_IN 6360mW/6263mW VDD_CPU_GPU_CV 763mW/841mW VDD_SOC 3059mW/3016mW
09-02-2026 17:23:02 RAM 2463/7620MB (lfb 75x4MB) SWAP 1/3810MB (cached 0MB) CPU [24%@729,18%@729,15%@729,12%@729,10%@729,11%@729] GR3D_FREQ 6% cpu@45.437C soc2@44.093C soc0@45.5C gpu@46.375C tj@46.375C soc1@45.375C VDD_IN 6279mW/6263mW VDD_CPU_GPU_CV 763mW/841mW VDD_SOC 3019mW/3016mW
09-02-2026 17:23:07 RAM 2463/7620MB (lfb 75x4MB) SWAP 1/3810MB (cached 0MB) CPU [9%@729,7%@729,7%@729,14%@729,15%@729,28%@729] GR3D_FREQ 14% cpu@45.593C soc2@44.156C soc0@45.437C gpu@46.437C tj@46.437C soc1@45.375C VDD_IN 6360mW/6263mW VDD_CPU_GPU_CV 763mW/841mW VDD_SOC 3059mW/3016mW
09-02-2026 17:23:12 RAM 2463/7620MB (lfb 75x4MB) SWAP 1/3810MB (cached 0MB) CPU [13%@729,6%@729,7%@729,6%@729,8%@729,36%@729] GR3D_FREQ 11% cpu@45.468C soc2@44.093C soc0@45.468C gpu@46.375C tj@46.375C soc1@45.406C VDD_IN 6320mW/6263mW VDD_CPU_GPU_CV 763mW/841mW VDD_SOC 3019mW/3016mW
09-02-2026 17:23:17 RAM 2463/7620MB (lfb 75x4MB) SWAP 1/3810MB (cached 0MB) CPU [3%@729,2%@729,4%@729,1%@729,2%@729,7%@729] GR3D_FREQ 0% cpu@45.5C soc2@44.031C soc0@45.375C gpu@46.156C tj@46.406C soc1@45.343C VDD_IN 5998mW/6263mW VDD_CPU_GPU_CV 563mW/841mW VDD_SOC 2938mW/3016mW
09-02-2026 17:23:22 RAM 2463/7620MB (lfb 75x4MB) SWAP 1/3810MB (cached 0MB) CPU [1%@729,1%@729,3%@729,1%@729,0%@1728,14%@1728] GR3D_FREQ 0% cpu@45.75C soc2@44.062C soc0@45.437C gpu@46.25C tj@46.25C soc1@45.25C VDD_IN 7395mW/6264mW VDD_CPU_GPU_CV 1043mW/841mW VDD_SOC 3335mW/3016mW
09-02-2026 17:23:27 RAM 1719/7620MB (lfb 114x4MB) SWAP 1/3810MB (cached 0MB) CPU [3%@1728,6%@1728,2%@1728,59%@1728,6%@729,27%@729] GR3D_FREQ 0% cpu@46.125C soc2@44.343C soc0@45.437C gpu@46.437C tj@46.437C soc1@45.187C VDD_IN 7411mW/6265mW VDD_CPU_GPU_CV 1560mW/842mW VDD_SOC 3325mW/3017mW
09-02-2026 17:23:32 RAM 1452/7620MB (lfb 114x4MB) SWAP 1/3810MB (cached 0MB) CPU [0%@729,0%@729,0%@729,36%@729,0%@729,0%@729] GR3D_FREQ 0% cpu@45.281C soc2@44.062C soc0@45.531C gpu@46.156C tj@46.312C soc1@45.093C VDD_IN 5488mW/6264mW VDD_CPU_GPU_CV 480mW/841mW VDD_SOC 2844mW/3016mW
09-02-2026 17:23:37 RAM 1451/7620MB (lfb 115x4MB) SWAP 1/3810MB (cached 0MB) CPU [1%@729,1%@729,2%@729,15%@729,1%@729,1%@729] GR3D_FREQ 0% cpu@45.312C soc2@44.062C soc0@45.437C gpu@46.437C tj@46.437C soc1@45.062C VDD_IN 6410mW/6264mW VDD_CPU_GPU_CV 960mW/841mW VDD_SOC 3084mW/3016mW
09-02-2026 17:23:42 RAM 1451/7620MB (lfb 115x4MB) SWAP 1/3810MB (cached 0MB) CPU [0%@729,0%@729,0%@729,0%@729,0%@729,0%@729] GR3D_FREQ 0% cpu@45.125C soc2@43.906C soc0@45.281C gpu@46.031C tj@46.031C soc1@44.937C VDD_IN 5488mW/6264mW VDD_CPU_GPU_CV 480mW/841mW VDD_SOC 2804mW/3016mW
09-02-2026 17:23:47 RAM 1451/7620MB (lfb 115x4MB) SWAP 1/3810MB (cached 0MB) CPU [0%@729,0%@729,0%@729,0%@729,0%@729,0%@729] GR3D_FREQ 0% cpu@45.031C soc2@43.75C soc0@45.187C gpu@45.875C tj@45.875C soc1@44.906C VDD_IN 5528mW/6263mW VDD_CPU_GPU_CV 480mW/841mW VDD_SOC 2804mW/3016mW
09-02-2026 17:23:52 RAM 1479/7620MB (lfb 115x4MB) SWAP 1/3810MB (cached 0MB) CPU [1%@1728,7%@1728,1%@1728,1%@1728,1%@729,1%@729] GR3D_FREQ 0% cpu@45.468C soc2@43.875C soc0@45.156C gpu@46.312C tj@46.312C soc1@44.875C VDD_IN 6690mW/6263mW VDD_CPU_GPU_CV 1200mW/841mW VDD_SOC 3084mW/3016mW
09-02-2026 17:23:57 RAM 1494/7620MB (lfb 115x4MB) SWAP 1/3810MB (cached 0MB) CPU [2%@1728,99%@1728,3%@1728,2%@1728,2%@729,2%@729] GR3D_FREQ 0% cpu@45.812C soc2@44.125C soc0@45.156C gpu@46.343C tj@46.343C soc1@44.937C VDD_IN 7451mW/6264mW VDD_CPU_GPU_CV 1560mW/842mW VDD_SOC 3325mW/3016mW
09-02-2026 17:24:02 RAM 1821/7620MB (lfb 115x4MB) SWAP 1/3810MB (cached 0MB) CPU [3%@1728,100%@1728,2%@1728,2%@1728,2%@729,2%@729] GR3D_FREQ 0% cpu@45.781C soc2@44.093C soc0@45.343C gpu@46.375C tj@46.375C soc1@45.125C VDD_IN 7411mW/6265mW VDD_CPU_GPU_CV 1480mW/842mW VDD_SOC 3365mW/3017mW
09-02-2026 17:24:07 RAM 1824/7620MB (lfb 115x4MB) SWAP 1/3810MB (cached 0MB) CPU [0%@729,5%@729,0%@729,0%@729,0%@729,0%@729] GR3D_FREQ 0% cpu@45.125C soc2@43.843C soc0@45.156C gpu@45.875C tj@45.875C soc1@44.875C VDD_IN 5488mW/6265mW VDD_CPU_GPU_CV 480mW/842mW VDD_SOC 2800mW/3017mW
09-02-2026 17:24:12 RAM 1685/7620MB (lfb 115x4MB) SWAP 1/3810MB (cached 0MB) CPU [4%@1728,4%@1728,74%@1728,4%@1728,4%@729,4%@729] GR3D_FREQ 0% cpu@46.187C soc2@44.125C soc0@45.343C gpu@46.656C tj@46.656C soc1@45.156C VDD_IN 7411mW/6266mW VDD_CPU_GPU_CV 1560mW/843mW VDD_SOC 3320mW/3017mW
09-02-2026 17:24:17 RAM 1827/7620MB (lfb 115x4MB) SWAP 1/3810MB (cached 0MB) CPU [0%@1728,0%@1728,100%@1728,0%@1728,0%@729,0%@729] GR3D_FREQ 0% cpu@46.5C soc2@44.187C soc0@45.5C gpu@46.593C tj@46.593C soc1@45.062C VDD_IN 7331mW/6267mW VDD_CPU_GPU_CV 1560mW/843mW VDD_SOC 3280mW/3017mW
09-02-2026 17:24:22 RAM 1945/7620MB (lfb 104x4MB) SWAP 1/3810MB (cached 0MB) CPU [3%@729,2%@729,61%@729,2%@729,1%@729,1%@729] GR3D_FREQ 0% cpu@45.375C soc2@44.062C soc0@45.562C gpu@46.281C tj@46.281C soc1@45.312C VDD_IN 5917mW/6266mW VDD_CPU_GPU_CV 562mW/843mW VDD_SOC 2934mW/3017mW
09-02-2026 17:24:27 RAM 2337/7620MB (lfb 86x4MB) SWAP 1/3810MB (cached 0MB) CPU [22%@729,21%@729,12%@729,15%@729,6%@729,6%@729] GR3D_FREQ 4% cpu@45.656C soc2@44.093C soc0@45.437C gpu@46.218C tj@46.218C soc1@45.281C VDD_IN 6682mW/6267mW VDD_CPU_GPU_CV 964mW/843mW VDD_SOC 3134mW/3017mW
09-02-2026 17:24:32 RAM 2337/7620MB (lfb 86x4MB) SWAP 1/3810MB (cached 0MB) CPU [12%@729,10%@729,12%@729,19%@729,22%@729,8%@729] GR3D_FREQ 0% cpu@45.437C soc2@44.125C soc0@45.562C gpu@46.343C tj@46.343C soc1@45.312C VDD_IN 6320mW/6267mW VDD_CPU_GPU_CV 763mW/843mW VDD_SOC 3014mW/3017mW
09-02-2026 17:24:37 RAM 2337/7620MB (lfb 86x4MB) SWAP 1/3810MB (cached 0MB) CPU [12%@729,15%@729,7%@729,28%@729,9%@729,9%@729] GR3D_FREQ 1% cpu@45.812C soc2@44.156C soc0@45.593C gpu@46.25C tj@46.25C soc1@45.343C VDD_IN 6883mW/6267mW VDD_CPU_GPU_CV 1085mW/843mW VDD_SOC 3175mW/3017mW
09-02-2026 17:24:42 RAM 2337/7620MB (lfb 86x4MB) SWAP 1/3810MB (cached 0MB) CPU [20%@729,14%@729,7%@729,20%@729,10%@729,10%@729] GR3D_FREQ 8% cpu@45.437C soc2@44.062C soc0@45.531C gpu@46.218C tj@46.218C soc1@45.281C VDD_IN 6279mW/6267mW VDD_CPU_GPU_CV 723mW/843mW VDD_SOC 3019mW/3017mW
09-02-2026 17:24:47 RAM 2336/7620MB (lfb 86x4MB) SWAP 1/3810MB (cached 0MB) CPU [15%@729,24%@729,7%@729,14%@729,9%@729,9%@729] GR3D_FREQ 83% cpu@45.5C soc2@44.062C soc0@45.437C gpu@46.406C tj@46.406C soc1@45.343C VDD_IN 6642mW/6268mW VDD_CPU_GPU_CV 924mW/843mW VDD_SOC 3134mW/3017mW
09-02-2026 17:24:52 RAM 2336/7620MB (lfb 86x4MB) SWAP 1/3810MB (cached 0MB) CPU [2%@729,3%@729,1%@729,1%@729,3%@729,4%@729] GR3D_FREQ 8% cpu@45.312C soc2@44C soc0@45.437C gpu@46.156C tj@46.156C soc1@45.218C VDD_IN 5796mW/6267mW VDD_CPU_GPU_CV 562mW/843mW VDD_SOC 2853mW/3017mW
09-02-2026 17:24:57 RAM 2336/7620MB (lfb 86x4MB) SWAP 1/3810MB (cached 0MB) CPU [3%@1728,20%@1728,1%@1728,0%@1728,2%@729,4%@729] GR3D_FREQ 0% cpu@45.812C soc2@44.125C soc0@45.406C gpu@46.187C tj@46.187C soc1@45.281C VDD_IN 7355mW/6268mW VDD_CPU_GPU_CV 1165mW/843mW VDD_SOC 3416mW/3017mW
09-02-2026 17:25:02 RAM 1751/7620MB (lfb 114x4MB) SWAP 1/3810MB (cached 0MB) CPU [4%@729,23%@729,6%@729,2%@729,77%@1728,2%@1728] GR3D_FREQ 0% cpu@45.781C soc2@44.281C soc0@45.687C gpu@46.375C tj@46.375C soc1@45.218C VDD_IN 7371mW/6269mW VDD_CPU_GPU_CV 1400mW/844mW VDD_SOC 3365mW/3018mW
09-02-2026 17:25:07 RAM 1460/7620MB (lfb 115x4MB) SWAP 1/3810MB (cached 0MB) CPU [2%@729,1%@729,1%@729,15%@729,19%@729,1%@729] GR3D_FREQ 0% cpu@45.437C soc2@44.093C soc0@45.625C gpu@46.218C tj@46.218C soc1@45.343C VDD_IN 6209mW/6269mW VDD_CPU_GPU_CV 880mW/844mW VDD_SOC 3004mW/3018mW
09-02-2026 17:25:12 RAM 1460/7620MB (lfb 115x4MB) SWAP 1/3810MB (cached 0MB) CPU [0%@729,0%@729,0%@729,0%@729,0%@729,0%@729] GR3D_FREQ 0% cpu@45.593C soc2@44.031C soc0@45.406C gpu@46.093C tj@46.093C soc1@45.093C VDD_IN 5528mW/6269mW VDD_CPU_GPU_CV 480mW/843mW VDD_SOC 2804mW/3018mW
09-02-2026 17:25:17 RAM 1460/7620MB (lfb 115x4MB) SWAP 1/3810MB (cached 0MB) CPU [0%@729,0%@729,0%@729,0%@729,0%@729,0%@729] GR3D_FREQ 0% cpu@45.125C soc2@43.843C soc0@45.468C gpu@46C tj@46C soc1@45.125C VDD_IN 5488mW/6268mW VDD_CPU_GPU_CV 480mW/843mW VDD_SOC 2804mW/3017mW
09-02-2026 17:25:22 RAM 1460/7620MB (lfb 115x4MB) SWAP 1/3810MB (cached 0MB) CPU [0%@729,0%@729,0%@729,0%@729,0%@729,0%@729] GR3D_FREQ 0% cpu@45.125C soc2@43.843C soc0@45.156C gpu@45.906C tj@45.906C soc1@45C VDD_IN 5488mW/6267mW VDD_CPU_GPU_CV 480mW/843mW VDD_SOC 2804mW/3017mW
09-02-2026 17:25:27 RAM 1460/7620MB (lfb 115x4MB) SWAP 1/3810MB (cached 0MB) CPU [0%@729,0%@729,0%@729,0%@729,0%@729,0%@729] GR3D_FREQ 0% cpu@44.906C soc2@43.75C soc0@45.281C gpu@45.875C tj@45.875C soc1@44.843C VDD_IN 5488mW/6266mW VDD_CPU_GPU_CV 480mW/843mW VDD_SOC 2804mW/3017mW
09-02-2026 17:25:32 RAM 1460/7620MB (lfb 115x4MB) SWAP 1/3810MB (cached 0MB) CPU [0%@729,0%@729,0%@729,0%@729,0%@729,0%@729] GR3D_FREQ 0% cpu@44.906C soc2@43.625C soc0@45.125C gpu@45.812C tj@45.812C soc1@44.875C VDD_IN 5488mW/6266mW VDD_CPU_GPU_CV 480mW/842mW VDD_SOC 2804mW/3017mW
09-02-2026 17:25:37 RAM 1460/7620MB (lfb 115x4MB) SWAP 1/3810MB (cached 0MB) CPU [0%@729,0%@729,0%@729,0%@729,0%@729,0%@729] GR3D_FREQ 0% cpu@44.968C soc2@43.687C soc0@45.062C gpu@45.75C tj@45.75C soc1@44.718C VDD_IN 5488mW/6265mW VDD_CPU_GPU_CV 480mW/842mW VDD_SOC 2804mW/3017mW
