step,t_s,state.elbow_flex,state.gripper,state.shoulder_lift,state.shoulder_pan,state.wrist_flex,state.wrist_roll,cmd.elbow_flex,cmd.gripper,cmd.shoulder_lift,cmd.shoulder_pan,cmd.wrist_flex,cmd.wrist_roll
0,0.5922,99.368,93.387,-100.0,0.0,75.287,39.048,101.582,61.772,-104.273,0.119,82.763,39.07
1,0.6039,99.368,93.387,-100.0,0.0,75.287,39.048,101.603,61.794,-104.323,0.122,82.643,39.07
2,0.6375,99.368,93.387,-100.0,0.0,75.287,39.048,101.544,61.781,-104.403,0.093,82.573,39.069
3,0.6717,99.368,93.32,-100.0,0.0,76.136,39.048,101.574,61.797,-104.388,0.101,82.55,39.069
4,0.7052,99.368,93.32,-100.0,0.0,77.07,39.096,101.576,61.682,-104.141,0.136,82.919,39.071
5,0.7387,99.187,92.78,-100.0,0.0,77.834,39.292,101.486,61.612,-104.091,0.121,82.905,39.069
6,0.7722,98.916,91.633,-100.0,-0.074,78.174,39.341,101.634,61.616,-103.918,0.167,83.111,39.071
7,0.8057,98.916,90.418,-100.0,-0.074,78.259,39.389,101.442,61.616,-104.174,0.114,82.794,39.069
8,0.8396,98.916,88.934,-100.0,-0.074,78.344,39.389,101.509,61.657,-104.162,0.136,82.802,39.07
9,0.8745,98.826,87.112,-100.0,0.0,78.344,39.389,101.489,61.579,-104.034,0.142,82.924,39.07
10,0.9083,98.826,85.02,-100.0,0.0,78.344,39.389,101.413,61.466,-104.012,0.124,83.051,39.069
11,0.9372,98.826,82.726,-100.0,0.0,78.344,39.389,101.468,61.56,-104.065,0.123,82.931,39.068
12,0.9726,98.826,79.96,-100.0,0.0,78.344,39.389,101.464,61.64,-104.26,0.092,82.661,39.07
13,1.0058,98.826,77.193,-100.0,0.0,78.344,39.389,101.492,61.645,-104.211,0.115,82.741,39.069
14,1.0393,98.826,74.696,-100.0,0.0,78.344,39.389,101.463,61.468,-103.92,0.129,83.076,39.069
15,1.0726,98.826,72.267,-100.0,0.0,78.344,39.389,101.499,61.551,-104.005,0.126,82.933,39.069
16,1.1062,98.826,70.108,-100.0,0.0,78.344,39.389,101.431,61.474,-103.969,0.128,83.002,39.069
17,1.1393,98.826,68.151,-100.0,0.0,78.344,39.389,101.326,61.468,-104.043,0.127,82.903,39.068
18,1.1728,98.826,66.329,-100.0,0.0,78.344,39.389,101.436,61.445,-103.945,0.14,83.052,39.069
19,1.2061,98.826,64.98,-100.0,0.0,78.344,39.389,101.433,61.513,-103.978,0.142,82.968,39.069
20,1.2397,98.826,63.833,-100.0,0.0,78.344,39.389,101.426,61.449,-103.982,0.128,83.008,39.069
21,1.2731,98.826,63.09,-100.0,0.0,78.344,39.389,101.41,61.295,-103.685,0.152,83.251,39.069
22,1.3066,98.826,62.551,-100.0,0.0,78.344,39.389,101.469,61.438,-103.852,0.139,83.024,39.07
23,1.3407,98.826,62.213,-100.0,0.0,78.344,39.389,101.371,61.297,-103.74,0.136,83.168,39.069
24,1.3736,98.826,61.943,-100.0,0.0,78.344,39.389,101.36,61.292,-103.805,0.135,83.162,39.07
25,1.4076,98.826,61.808,-100.0,0.0,78.344,39.389,101.41,61.452,-103.987,0.141,82.946,39.07
26,1.4405,98.826,61.673,-100.0,0.0,78.344,39.389,101.45,61.376,-103.805,0.134,83.107,39.07
27,1.4739,98.826,61.673,-100.0,0.0,78.344,39.389,101.301,61.301,-103.747,0.149,83.141,39.069
28,1.5071,98.826,61.606,-100.0,0.0,78.344,39.389,101.325,61.264,-103.685,0.135,83.205,39.071
29,1.5406,98.826,61.538,-100.0,0.0,78.344,39.389,101.278,61.213,-103.842,0.115,83.124,39.068
30,1.5741,98.826,61.538,-100.0,0.0,78.344,39.389,101.316,61.169,-103.698,0.114,83.247,39.069
31,1.6074,98.826,61.538,-100.0,0.0,78.344,39.389,101.193,61.256,-103.967,0.119,83.012,39.068
32,1.6406,98.826,61.538,-100.0,0.0,78.344,39.389,101.256,61.219,-103.726,0.144,83.122,39.07
33,1.6742,98.826,61.538,-100.0,0.0,78.344,39.389,101.151,61.248,-103.85,0.113,83.025,39.068
34,1.7076,98.826,61.538,-100.0,0.0,78.344,39.389,101.156,61.339,-103.831,0.167,82.931,39.068
35,1.7408,98.826,61.538,-100.0,0.0,78.344,39.389,101.043,61.129,-103.81,0.123,83.006,39.067
36,1.775,98.826,61.538,-100.0,0.0,78.344,39.389,100.867,61.141,-103.798,0.161,82.874,39.066
37,1.8083,98.826,61.538,-100.0,0.0,78.344,39.389,100.946,61.063,-103.798,0.109,82.985,39.066
38,1.8414,98.826,61.538,-100.0,0.0,78.344,39.389,100.808,61.14,-103.804,0.115,82.818,39.066
39,1.8748,98.826,61.538,-100.0,0.0,78.344,39.389,100.8,61.071,-103.82,0.162,82.845,39.065
40,1.9084,98.826,61.538,-100.0,0.0,78.344,39.389,100.454,60.899,-103.673,0.265,82.705,39.062
41,1.9416,98.826,61.538,-100.0,0.0,78.344,39.389,100.507,60.977,-103.705,0.194,82.656,39.064
42,1.9774,98.826,61.471,-100.0,0.0,78.344,39.389,100.39,61.022,-103.798,0.241,82.597,39.062
43,2.0108,98.826,61.269,-100.0,0.0,78.344,39.389,99.85,60.827,-103.67,0.355,82.298,39.057
44,2.0442,98.826,61.269,-100.0,0.0,78.344,39.389,99.364,60.909,-103.735,0.455,81.732,39.058
45,2.0773,98.826,61.269,-100.0,0.0,78.344,39.389,99.239,60.924,-103.859,0.464,81.74,39.055
46,2.111,98.826,61.201,-100.0,0.0,78.344,39.389,98.341,60.821,-103.938,0.731,80.786,39.048
47,2.1447,98.826,61.201,-100.0,0.0,78.344,39.389,98.003,60.732,-104.057,0.806,80.429,39.047
48,2.1781,98.736,61.201,-100.0,0.0,78.344,39.389,97.205,60.758,-104.236,0.907,79.44,39.043
49,2.2113,98.646,61.201,-100.0,0.074,78.344,39.389,96.647,60.755,-104.323,0.978,78.783,39.043
50,2.2447,98.555,61.201,-100.0,0.221,78.344,39.389,95.152,60.533,-103.664,1.04,76.974,39.036
51,2.2781,98.375,61.201,-100.0,0.516,78.004,39.389,95.358,60.716,-103.756,0.96,77.548,39.039
52,2.3116,97.923,61.134,-100.0,0.59,77.749,39.389,91.767,60.35,-99.514,1.289,69.371,39.031
53,2.3459,97.291,60.999,-100.0,0.811,77.749,39.341,92.5,60.425,-100.719,1.227,72.255,39.033
54,2.3788,97.02,60.999,-100.0,0.811,77.749,39.341,90.861,60.485,-97.88,1.139,68.499,39.03
55,2.4119,95.937,60.729,-99.75,0.885,76.476,38.999,89.701,60.391,-95.429,1.162,64.459,39.03
56,2.4454,94.853,60.729,-99.834,0.959,74.268,39.048,87.599,60.303,-91.665,1.212,60.779,39.035
57,2.4753,93.679,60.729,-100.0,0.959,71.55,39.048,86.373,60.235,-89.412,1.144,57.838,39.039
58,2.5096,92.415,60.729,-100.0,0.959,68.238,39.048,85.148,60.319,-86.705,1.132,54.057,39.041
59,2.5436,90.79,60.729,-99.168,0.885,64.841,39.048,84.077,60.327,-84.217,0.911,51.31,39.042
60,2.5768,89.345,60.729,-98.087,0.885,61.614,39.048,82.984,60.461,-81.534,1.008,47.864,39.047
61,2.6104,88.081,60.729,-96.922,0.885,58.301,39.048,80.129,60.425,-76.205,1.267,43.32,39.056
62,2.6439,86.727,60.729,-94.925,0.885,54.989,39.048,80.09,60.375,-75.197,1.113,42.15,39.053
63,2.6772,85.734,60.729,-92.762,0.885,51.762,39.048,77.367,60.361,-71.018,0.86,38.948,39.058
64,2.7107,84.108,60.729,-89.517,0.959,48.365,38.999,77.024,60.4,-69.416,1.069,36.292,39.064
65,2.7441,82.935,60.729,-87.105,0.885,45.563,38.999,73.697,60.351,-64.455,0.892,33.718,39.064
66,2.7775,81.309,60.729,-83.694,0.885,42.675,38.999,71.185,60.382,-57.318,1.154,25.354,39.067
67,2.8111,79.955,60.729,-81.115,0.885,39.703,38.999,71.491,60.373,-55.994,1.126,21.948,39.065
68,2.8445,77.878,60.729,-78.203,0.959,36.815,38.999,72.029,60.389,-56.694,1.189,21.958,39.065
69,2.878,75.982,60.729,-75.208,0.959,33.248,38.999,68.907,60.42,-48.172,1.208,13.921,39.059
70,2.9116,75.169,60.729,-72.962,0.885,29.427,38.999,67.403,60.39,-46.034,1.306,11.369,39.076
71,2.9448,74.537,60.729,-69.717,0.885,25.945,38.999,67.883,60.408,-45.39,1.485,10.147,39.076
72,2.9782,72.551,60.729,-64.642,0.885,22.293,38.999,65.528,60.351,-40.787,1.593,5.687,39.082
73,3.0116,71.377,60.729,-61.564,0.959,18.386,38.999,62.894,60.408,-36.037,1.681,3.297,39.078
74,3.045,70.655,60.729,-58.819,1.106,14.65,38.999,62.475,60.48,-32.373,2.48,-1.469,39.086
75,3.0787,69.12,60.729,-55.324,1.254,10.998,38.999,62.009,60.423,-33.306,2.171,-2.161,39.092
76,3.1119,67.223,60.729,-51.997,1.401,7.431,38.999,60.711,60.462,-29.518,2.548,-5.834,39.101
77,3.1452,65.869,60.729,-48.752,1.696,4.034,38.999,58.633,60.49,-25.773,2.648,-7.775,39.104
78,3.179,64.786,60.729,-45.591,1.77,0.977,38.999,58.907,60.547,-24.357,2.941,-8.907,39.098
79,3.2121,63.521,60.729,-42.429,1.991,-1.826,38.999,58.075,60.454,-22.983,2.582,-11.382,39.091
80,3.2456,62.348,60.729,-39.185,2.212,-4.374,38.95,57.68,60.527,-20.874,3.034,-12.041,39.096
81,3.279,61.625,60.729,-36.19,2.434,-6.242,38.95,57.4,60.353,-17.655,2.55,-18.41,39.094
82,3.3125,60.813,60.729,-33.028,2.507,-8.28,38.95,54.794,60.401,-16.129,2.862,-16.899,39.106
83,3.3458,60.361,60.729,-29.95,2.507,-9.894,38.95,55.286,60.297,-11.578,2.747,-23.259,39.087
84,3.3801,59.729,60.729,-27.121,2.507,-12.102,38.95,54.84,60.384,-11.094,2.884,-21.992,39.09
85,3.4143,58.646,60.729,-24.459,2.434,-14.735,38.95,53.351,60.208,-6.742,2.494,-27.301,39.084
86,3.447,57.923,60.729,-21.714,2.434,-17.792,38.95,53.203,60.315,-5.249,3.11,-27.802,39.088
87,3.4804,57.201,60.729,-19.052,2.507,-20.51,38.95,51.164,60.279,0.084,3.195,-31.754,39.088
88,3.5137,56.388,60.729,-16.556,2.507,-23.142,38.95,51.446,60.269,0.525,3.315,-32.557,39.087
89,3.5469,55.576,60.729,-13.81,2.507,-25.265,38.95,50.219,60.27,2.17,2.83,-33.774,39.079
90,3.5802,54.492,60.729,-10.899,2.655,-27.813,38.95,47.96,60.335,6.674,3.269,-36.585,39.081
91,3.614,54.041,60.729,-8.153,2.655,-29.936,38.95,48.366,60.335,5.88,2.959,-36.707,39.072
92,3.647,52.596,60.729,-5.241,2.802,-31.55,38.95,46.837,60.393,10.001,3.683,-38.654,39.076
93,3.6802,51.332,60.729,-2.579,2.876,-33.418,38.95,45.539,60.374,11.283,3.355,-39.74,39.074
94,3.7137,50.88,60.729,-0.582,2.95,-34.777,38.95,45.815,60.349,10.721,3.106,-39.5,39.073
95,3.747,49.616,60.729,2.08,3.024,-36.391,38.95,44.669,60.442,13.682,3.846,-40.475,39.08
96,3.7804,48.533,60.729,4.576,3.024,-37.41,38.95,43.998,60.395,14.861,3.545,-41.829,39.078
97,3.8138,48.081,60.729,6.656,3.097,-38.174,38.95,42.735,60.458,17.361,3.844,-42.781,39.082
98,3.8485,47.088,60.729,8.735,3.097,-39.278,38.95,42.832,60.408,16.911,3.638,-42.548,39.078
99,3.8812,46.275,60.729,10.899,3.171,-40.382,38.95,42.334,60.45,17.836,3.871,-42.965,39.08
100,4.0021,45.282,60.729,12.895,3.245,-40.977,38.95,39.752,58.555,18.835,1.973,-41.604,39.048
101,4.0124,43.747,60.729,16.389,3.54,-43.015,38.95,39.537,58.589,19.417,2.102,-41.857,39.05
102,4.0453,43.205,60.729,16.889,3.54,-42.93,38.95,39.626,58.639,19.315,2.024,-41.974,39.049
103,4.0818,42.122,60.661,17.637,3.319,-42.93,38.95,39.05,58.655,20.358,2.052,-42.161,39.052
104,4.1151,40.948,60.121,18.469,3.024,-42.93,38.95,38.324,58.716,21.66,2.146,-42.564,39.054
105,4.1484,40.406,59.649,18.968,2.876,-42.93,38.95,38.455,58.738,21.821,1.905,-42.57,39.057
106,4.1818,39.594,59.312,19.717,2.802,-42.93,38.95,37.82,58.793,23.075,2.012,-43.209,39.054
107,4.2149,38.6,59.177,20.466,2.802,-43.015,38.95,38.065,58.819,22.761,2.02,-43.25,39.053
108,4.2486,38.149,59.177,21.048,2.802,-43.015,38.95,38.507,58.917,22.603,1.866,-43.538,39.052
109,4.282,38.059,59.177,21.298,2.729,-43.1,38.95,37.092,58.949,25.008,1.899,-43.872,39.049
110,4.3152,38.059,59.177,21.464,2.729,-43.439,38.95,36.799,59.013,25.691,1.91,-44.35,39.055
111,4.3492,37.698,59.109,21.88,2.729,-43.779,38.95,36.941,59.076,25.701,1.743,-44.607,39.055
112,4.3821,37.156,59.109,22.546,2.729,-44.119,38.95,34.981,59.119,28.643,1.848,-44.848,39.057
113,4.4162,37.156,59.109,22.712,2.729,-44.459,38.95,35.114,59.213,28.647,1.777,-45.301,39.06
114,4.4497,36.524,59.109,23.627,2.655,-44.798,38.95,35.781,59.076,27.8,1.697,-45.127,39.058
115,4.4827,35.53,59.109,24.542,2.655,-45.138,38.95,35.285,59.215,29.047,1.58,-45.801,39.063
116,4.5167,35.44,59.109,25.291,2.655,-45.308,38.95,34.208,59.452,30.864,1.634,-46.096,39.062
117,4.5495,35.26,59.109,25.957,2.581,-45.732,38.95,34.113,59.738,31.559,1.566,-46.782,39.065
118,4.5827,34.718,59.109,26.539,2.507,-46.157,38.95,34.044,59.727,31.564,1.602,-46.914,39.066
119,4.6168,34.176,59.177,27.205,2.507,-46.752,38.95,33.245,59.931,32.586,1.617,-47.043,39.067
120,4.6501,34.086,59.177,27.787,2.507,-46.921,38.95,32.335,59.989,34.216,1.609,-47.336,39.073
121,4.6835,33.454,59.177,28.286,2.507,-47.176,38.95,32.916,60.365,33.539,1.446,-47.738,39.078
122,4.717,32.731,59.312,29.035,2.507,-47.516,38.95,32.22,60.443,34.513,1.538,-47.743,39.076
123,4.751,32.46,59.514,29.7,2.434,-47.856,38.95,31.938,60.282,35.212,1.352,-48.173,39.081
124,4.7844,32.19,59.784,30.2,2.434,-48.025,38.95,32.379,59.931,34.846,1.487,-48.488,39.075
125,4.8174,31.648,59.852,30.782,2.434,-48.45,38.95,30.925,58.557,36.384,1.703,-48.51,39.089
126,4.8519,31.648,59.852,31.115,2.434,-48.875,38.95,30.889,55.782,37.264,1.5,-48.913,39.087
127,4.8851,31.196,59.784,31.448,2.434,-48.875,38.95,29.92,54.876,38.216,1.489,-49.379,39.1
128,4.9181,30.564,59.784,32.03,2.434,-49.299,38.95,29.93,49.53,38.838,1.448,-49.908,39.117
129,4.9506,29.932,59.244,32.696,2.434,-49.724,38.95,29.506,49.058,39.699,1.483,-49.858,39.125
130,4.984,29.391,58.165,33.361,2.434,-50.149,38.95,29.571,47.465,40.323,1.402,-49.823,39.119
131,5.0171,29.12,56.883,34.027,2.434,-50.318,38.95,29.908,40.974,39.819,1.706,-49.37,39.143
132,5.0506,28.939,55.398,34.526,2.434,-50.403,38.95,28.806,39.521,41.779,1.654,-49.636,39.154
133,5.0841,28.849,53.711,34.775,2.434,-50.403,38.95,30.334,35.04,41.307,1.296,-50.095,39.161
134,5.1175,28.397,51.822,35.108,2.434,-50.403,38.95,29.35,34.728,42.477,1.499,-50.095,39.159
135,5.1516,28.126,49.595,35.524,2.286,-50.658,38.95,29.22,31.611,42.21,1.995,-49.108,39.175
136,5.1853,28.126,47.233,35.857,2.286,-50.828,38.95,29.493,26.061,42.763,2.089,-48.99,39.197
137,5.2222,27.946,44.872,36.106,2.286,-50.828,38.95,28.448,27.351,44.292,1.846,-49.65,39.199
138,5.2531,27.856,42.578,36.106,2.286,-50.828,38.95,28.713,23.016,43.997,2.113,-49.174,39.225
139,5.2858,27.765,40.013,36.106,2.286,-50.828,38.95,29.337,22.651,43.584,1.966,-48.94,39.213
140,5.3197,27.314,37.517,36.606,2.286,-50.828,38.95,28.89,20.323,43.989,2.16,-48.715,39.233
141,5.3523,27.223,35.02,37.022,2.36,-50.913,38.95,28.458,19.917,44.542,2.271,-48.893,39.24
142,5.3861,27.223,32.591,37.022,2.36,-50.913,38.95,29.287,18.624,44.033,1.68,-49.263,39.239
143,5.4208,27.223,30.229,37.022,2.36,-50.913,38.95,28.266,15.417,45.46,2.077,-48.611,39.258
144,5.4532,27.223,28.07,37.105,2.36,-50.913,38.95,29.209,14.479,44.535,2.078,-48.942,39.252
145,5.4864,27.133,25.978,37.105,2.36,-50.913,38.95,28.128,15.711,45.193,2.148,-48.394,39.26
146,5.5202,26.862,23.887,37.521,2.36,-50.913,38.95,28.404,13.193,45.06,2.262,-48.375,39.272
147,5.5541,26.682,21.93,37.77,2.36,-50.913,38.95,28.793,12.941,45.129,1.93,-48.416,39.267
148,5.5875,26.501,20.108,37.77,2.36,-50.913,38.95,28.295,11.753,45.368,2.31,-48.419,39.283
149,5.6205,26.501,18.421,37.77,2.36,-50.913,38.95,27.926,12.179,45.444,1.997,-48.355,39.28
150,5.6537,26.411,16.937,37.77,2.36,-50.913,38.95,27.821,11.453,45.62,2.282,-47.829,39.287
151,5.6871,26.321,15.52,37.77,2.36,-50.913,38.95,27.612,11.144,45.387,2.53,-47.68,39.295
152,5.7206,26.23,14.372,37.854,2.36,-50.913,38.95,28.059,10.746,45.129,2.383,-47.424,39.294
153,5.7549,26.23,13.36,37.854,2.36,-50.913,38.95,27.069,10.554,46.302,2.582,-47.355,39.297
154,5.7887,26.23,12.483,37.854,2.36,-50.913,38.95,27.875,10.584,45.317,2.463,-47.336,39.292
155,5.8211,26.14,11.876,37.854,2.36,-50.913,38.95,28.218,10.338,45.1,2.137,-47.46,39.285
156,5.8542,25.959,11.471,37.937,2.36,-50.913,38.95,28.304,10.194,44.387,2.237,-47.16,39.299
157,5.8876,25.959,11.134,38.02,2.36,-50.913,38.95,28.235,10.101,44.847,2.268,-46.924,39.295
158,5.9215,25.959,10.864,38.02,2.36,-50.913,38.95,28.092,10.055,44.989,2.337,-47.311,39.289
159,5.9543,25.959,10.594,38.02,2.36,-50.913,38.95,27.652,10.064,45.522,2.374,-46.875,39.29
160,5.9873,25.959,10.459,38.02,2.36,-50.913,38.95,27.57,10.074,44.733,2.518,-46.698,39.301
161,6.0209,25.959,10.459,38.02,2.36,-50.913,38.95,27.726,9.985,44.905,2.451,-46.485,39.306
162,6.0556,25.959,10.459,38.103,2.36,-50.913,38.95,27.386,9.99,45.262,2.487,-46.504,39.294
163,6.088,25.959,10.459,38.186,2.36,-50.913,38.95,27.607,9.962,44.457,2.44,-46.304,39.298
164,6.1234,25.959,10.459,38.186,2.36,-50.913,38.95,27.537,9.976,44.776,2.592,-46.178,39.298
165,6.1551,25.959,10.459,38.186,2.36,-50.913,38.95,27.654,9.995,44.123,2.515,-45.962,39.291
166,6.1882,25.959,10.459,38.186,2.36,-50.913,38.95,27.519,9.99,43.997,2.454,-46.053,39.292
167,6.2215,25.959,10.459,38.186,2.36,-50.743,38.95,27.858,10.015,43.272,2.411,-46.139,39.284
168,6.2555,25.959,10.459,38.186,2.36,-50.573,38.95,27.549,10.093,42.93,2.49,-45.867,39.297
169,6.2882,25.959,10.459,38.186,2.36,-50.488,38.95,27.645,9.986,43.773,2.464,-45.903,39.293
170,6.3214,25.959,10.459,38.186,2.36,-50.403,38.95,27.347,10.031,43.738,2.496,-45.829,39.289
171,6.355,25.959,10.459,38.186,2.36,-50.403,38.95,27.895,10.072,42.156,2.59,-45.573,39.283
172,6.3879,25.959,10.459,38.186,2.36,-50.403,38.95,28.094,10.081,41.717,2.441,-45.723,39.28
173,6.4212,25.959,10.459,38.186,2.36,-50.234,38.95,28.746,10.065,41.556,2.691,-45.794,39.281
174,6.4556,25.959,10.459,38.186,2.36,-50.149,38.95,28.902,10.138,40.704,2.401,-45.787,39.268
175,6.4879,25.959,10.459,38.186,2.36,-50.149,38.95,28.501,10.193,40.858,2.661,-45.561,39.28
176,6.521,25.959,10.459,38.186,2.36,-50.149,38.95,29.769,10.106,39.113,2.498,-45.483,39.269
177,6.5547,25.959,10.459,38.186,2.36,-50.149,38.95,29.206,10.155,39.601,2.537,-45.523,39.273
178,6.5887,25.959,10.459,38.103,2.36,-50.149,38.95,30.041,10.165,38.583,2.598,-45.762,39.276
179,6.622,25.959,10.459,37.77,2.36,-50.064,38.95,30.345,10.22,38.144,2.647,-45.122,39.271
180,6.6554,26.05,10.459,37.354,2.36,-50.064,38.95,30.605,10.194,37.996,2.389,-45.279,39.266
181,6.6889,26.14,10.459,37.022,2.36,-49.639,38.95,31.176,10.108,36.766,2.333,-45.474,39.263
182,6.7223,26.23,10.459,36.606,2.36,-49.299,38.95,32.019,10.117,35.55,2.446,-45.805,39.255
183,6.7559,26.321,10.459,36.356,2.286,-49.045,38.95,31.556,10.22,35.781,2.643,-45.123,39.262
184,6.7891,26.862,10.459,35.857,2.286,-48.96,38.95,32.004,10.123,34.71,2.553,-45.177,39.268
185,6.8224,27.314,10.459,35.191,2.286,-48.79,38.95,32.525,10.113,34.475,2.53,-45.203,39.262
186,6.8559,27.765,10.459,34.609,2.286,-48.365,38.95,34.25,10.084,31.559,2.357,-45.063,39.253
187,6.8891,28.397,10.459,34.11,2.286,-48.195,38.95,34.445,10.17,31.558,2.608,-44.75,39.255
188,6.9226,29.21,10.459,33.527,2.286,-47.941,38.95,34.728,10.058,30.979,2.449,-45.155,39.253
189,6.9561,30.293,10.459,32.779,2.286,-47.941,38.95,35.97,10.067,29.404,2.384,-45.076,39.248
190,6.9897,30.926,10.459,31.947,2.286,-47.856,38.95,34.949,10.139,30.518,2.576,-44.582,39.262
191,7.0228,31.919,10.459,31.115,2.286,-47.856,38.95,37.655,10.064,26.339,2.585,-44.3,39.247
192,7.0565,32.551,10.459,30.283,2.286,-47.431,38.95,37.522,10.031,26.861,2.434,-44.852,39.247
193,7.0899,32.822,10.459,29.617,2.286,-46.837,38.95,37.364,10.037,27.197,2.459,-44.873,39.244
194,7.1234,33.995,10.459,28.785,2.286,-46.752,38.95,40.062,10.012,23.367,2.437,-44.255,39.238
195,7.1586,34.989,10.459,27.953,2.286,-46.752,38.95,41.38,9.897,20.571,2.495,-43.959,39.237
196,7.1903,35.711,10.459,27.288,2.212,-46.497,38.95,43.043,10.024,18.675,2.728,-43.333,39.24
197,7.2238,37.517,10.459,26.206,2.212,-46.157,38.95,43.679,9.924,16.952,2.822,-43.068,39.241
198,7.2571,38.962,10.459,25.042,2.212,-45.817,38.95,46.44,9.833,12.741,2.556,-42.886,39.23
199,7.2906,40.316,10.459,23.627,2.212,-45.308,38.95,46.525,9.838,12.881,2.606,-42.904,39.227
200,7.4156,41.58,10.324,22.047,2.212,-44.968,38.95,37.026,9.238,31.77,4.128,-51.35,39.064
201,7.4259,44.831,10.121,18.053,2.212,-44.289,38.95,38.635,9.303,29.262,4.024,-51.333,39.056
202,7.4646,46.185,10.121,16.722,2.212,-44.034,38.95,40.221,9.338,27.386,3.974,-51.347,39.054
203,7.4969,46.366,9.987,15.973,2.434,-43.949,38.95,41.698,9.362,25.454,3.843,-51.278,39.053
204,7.53,44.289,9.717,15.807,2.802,-45.648,38.95,44.654,9.452,20.912,3.935,-51.315,39.053
205,7.5633,43.205,9.649,15.807,3.097,-47.941,38.95,46.798,9.433,17.122,3.986,-51.493,39.056
206,7.5969,43.205,9.649,15.641,3.466,-48.96,38.95,49.28,9.552,13.207,3.711,-50.601,39.049
207,7.6303,44.65,9.649,15.641,3.687,-49.724,38.95,51.148,9.541,10.515,3.721,-50.635,39.049
208,7.6637,46.727,9.649,16.223,3.687,-49.894,38.95,54.283,9.536,6.875,3.766,-50.58,39.048
209,7.6972,48.623,9.649,17.138,3.319,-49.809,38.95,56.024,9.58,4.23,3.695,-50.058,39.046
210,7.7305,50.519,9.649,17.637,3.319,-49.724,38.95,60.913,9.648,-1.374,3.559,-49.55,39.055
211,7.7641,52.867,9.649,17.637,3.319,-49.724,38.95,61.155,9.658,-1.998,3.665,-49.683,39.052
212,7.7974,54.944,9.649,17.637,3.614,-49.724,38.95,64.313,9.6,-5.503,3.586,-49.897,39.055
213,7.8308,57.291,9.649,17.554,3.614,-49.724,38.95,64.762,9.604,-6.216,3.793,-49.603,39.056
214,7.8642,59.91,9.649,16.972,3.614,-49.639,38.95,69.102,9.661,-11.206,3.729,-49.246,39.061
215,7.8974,62.077,9.649,15.807,3.614,-49.639,38.95,71.232,9.75,-15.767,3.454,-48.469,39.054
216,7.9311,63.612,9.649,14.226,3.614,-49.469,38.95,72.432,9.616,-15.264,3.652,-48.967,39.062
217,7.9645,65.779,9.649,11.897,3.614,-49.214,38.95,74.894,9.734,-19.783,3.505,-48.832,39.051
218,7.9977,69.12,9.649,9.151,3.614,-49.045,38.95,75.115,9.76,-20.548,3.571,-48.128,39.054
219,8.0309,71.377,9.649,6.739,3.614,-49.045,38.95,78.127,9.675,-23.931,3.423,-49.037,39.061
220,8.0627,73.093,9.649,3.827,3.614,-48.79,38.95,82.042,9.592,-27.79,3.32,-47.499,39.068
221,8.0963,74.357,9.649,0.499,3.614,-48.62,38.95,82.849,9.736,-31.08,3.143,-47.235,39.057
222,8.1296,76.343,9.649,-2.745,3.614,-48.705,38.95,85.997,9.697,-34.79,3.05,-47.165,39.063
223,8.1631,79.594,9.649,-6.406,3.614,-47.941,38.95,87.696,9.657,-36.054,2.938,-46.955,39.072
224,8.1965,82.212,9.649,-9.484,3.614,-47.516,38.95,87.161,9.728,-36.823,2.914,-46.834,39.062
225,8.2307,84.47,9.649,-13.062,3.614,-47.346,38.95,90.404,9.649,-41.407,2.648,-45.63,39.073
226,8.264,86.185,9.649,-16.556,3.614,-47.006,38.95,91.732,9.605,-42.916,2.633,-45.497,39.077
227,8.2958,86.275,9.649,-19.551,3.466,-46.582,38.95,93.734,9.51,-46.065,2.435,-44.131,39.079
228,8.3305,87.81,9.649,-23.378,3.319,-46.072,38.95,94.951,9.413,-48.212,2.268,-43.362,39.077
229,8.3639,90.519,9.649,-27.205,3.024,-45.478,38.95,96.697,9.362,-51.544,1.944,-41.705,39.083
230,8.3972,92.867,9.649,-30.449,2.802,-44.374,38.95,96.356,9.462,-50.359,2.19,-43.346,39.089
231,8.4307,94.492,9.649,-33.943,2.729,-43.524,38.95,99.236,9.394,-56.524,1.932,-41.196,39.089
232,8.4641,95.485,9.649,-37.271,2.581,-42.675,38.95,99.425,9.323,-58.21,1.746,-39.083,39.093
233,8.4986,96.117,9.649,-40.1,2.507,-42.251,38.95,100.486,9.301,-60.548,1.439,-38.135,39.092
234,8.5317,97.472,9.649,-43.261,2.507,-41.231,38.95,100.661,9.258,-61.428,1.632,-37.903,39.099
235,8.5644,98.555,9.649,-45.84,2.286,-39.618,38.95,101.044,9.207,-63.885,1.477,-35.461,39.104
236,8.5979,98.646,9.649,-48.586,1.991,-38.769,38.95,101.018,9.255,-65.138,1.229,-34.094,39.095
237,8.6315,98.736,9.649,-51.664,1.77,-38.089,38.95,101.341,9.146,-67.16,1.1,-32.841,39.105
238,8.6647,99.007,9.649,-54.243,1.77,-36.391,38.95,101.199,9.113,-67.571,1.129,-31.249,39.108
239,8.6985,99.097,9.649,-56.489,1.77,-34.862,38.95,101.221,9.155,-69.259,1.057,-29.626,39.107
240,8.7313,99.187,9.649,-58.985,1.77,-33.588,38.95,101.123,9.148,-72.333,1.062,-25.88,39.119
241,8.765,99.278,9.649,-61.148,1.549,-31.975,38.95,101.469,9.199,-72.85,0.624,-25.527,39.117
242,8.7986,99.278,9.649,-63.228,1.327,-30.191,38.95,101.201,9.149,-72.696,0.747,-25.561,39.127
243,8.832,99.368,9.649,-65.308,1.254,-28.153,38.95,100.864,9.215,-74.444,0.779,-22.933,39.122
244,8.8654,99.549,9.649,-67.138,1.106,-27.049,38.95,100.448,9.302,-77.618,0.89,-18.845,39.129
245,8.8988,99.639,9.649,-68.885,1.032,-26.03,38.95,100.62,9.3,-77.686,0.868,-19.026,39.135
246,8.9323,99.819,9.649,-70.632,0.959,-23.907,38.95,100.62,9.313,-80.019,0.435,-16.297,39.13
247,8.9659,99.91,9.649,-72.213,0.959,-21.614,38.95,100.287,9.328,-80.767,0.513,-13.544,39.135
248,9.0028,100.0,9.649,-73.96,1.032,-19.745,38.95,100.095,9.397,-83.176,0.447,-11.053,39.137
249,9.0358,100.0,9.649,-75.624,0.737,-17.622,38.95,99.826,9.409,-84.791,0.381,-8.779,39.144
250,9.0689,100.0,9.649,-76.955,0.59,-15.159,38.95,99.89,9.415,-84.799,0.299,-8.561,39.142
251,9.0997,100.0,9.649,-78.453,0.59,-12.781,38.95,99.081,9.399,-90.324,0.205,1.652,39.156
252,9.1329,100.0,9.649,-80.033,0.811,-10.998,38.95,99.083,9.49,-90.484,0.076,2.1,39.15
253,9.1659,100.0,9.649,-81.531,0.811,-9.639,38.95,98.807,9.448,-90.782,0.113,3.311,39.156
254,9.1996,100.0,9.649,-83.195,0.516,-7.091,38.95,98.761,9.444,-92.096,-0.001,5.976,39.158
255,9.233,99.91,9.649,-84.859,0.221,-3.609,38.95,98.668,9.444,-93.638,-0.133,9.397,39.16
256,9.2662,99.91,9.649,-86.439,0.147,-0.127,38.95,98.329,9.446,-94.63,-0.182,11.455,39.168
257,9.2997,99.91,9.649,-88.103,0.295,3.185,38.95,98.348,9.399,-94.14,-0.189,10.446,39.167
258,9.333,99.91,9.649,-89.684,0.369,6.327,38.95,98.389,9.453,-95.881,-0.397,13.637,39.164
259,9.3664,99.91,9.649,-91.015,0.442,8.535,38.95,98.354,9.432,-96.653,-0.543,15.316,39.164
260,9.3999,99.91,9.649,-92.18,0.369,9.724,38.95,98.126,9.486,-98.218,-0.711,18.387,39.166
261,9.4334,99.819,9.649,-93.428,0.074,11.677,38.95,98.299,9.389,-98.435,-0.82,19.83,39.166
262,9.467,99.639,9.649,-94.426,-0.221,13.97,38.95,98.377,9.364,-99.927,-1.106,22.578,39.163
263,9.5003,99.639,9.649,-95.591,-0.295,16.348,38.95,98.256,9.342,-99.824,-1.082,23.06,39.166
264,9.5337,99.549,9.649,-96.672,-0.442,18.556,38.95,98.333,9.326,-99.72,-1.083,22.666,39.164
265,9.5672,99.458,9.649,-97.587,-0.516,20.51,38.95,98.38,9.321,-100.677,-1.251,25.071,39.162
266,9.6004,99.458,9.649,-98.336,-0.59,21.444,38.95,98.294,9.284,-100.16,-1.192,24.031,39.163
267,9.635,99.458,9.649,-98.918,-0.59,22.208,38.95,98.511,9.286,-101.059,-1.364,26.046,39.159
268,9.6679,99.368,9.649,-99.085,-0.516,23.482,38.95,98.544,9.298,-101.568,-1.516,27.466,39.154
269,9.7012,99.368,9.649,-99.168,-0.59,24.501,38.95,98.651,9.285,-101.932,-1.633,28.681,39.148
270,9.7345,99.368,9.649,-99.251,-0.811,25.69,38.95,98.94,9.226,-102.131,-1.763,29.811,39.138
271,9.7681,99.368,9.649,-99.251,-1.032,26.964,38.95,98.799,9.204,-102.053,-1.732,29.536,39.141
272,9.8014,99.368,9.649,-99.251,-1.18,28.153,38.95,98.764,9.285,-102.091,-1.731,29.392,39.14
273,9.8348,99.368,9.649,-99.251,-1.18,28.747,38.95,99.153,9.171,-102.252,-1.915,30.859,39.126
274,9.8684,99.368,9.649,-99.334,-1.254,28.832,38.95,99.197,9.222,-102.315,-1.949,31.226,39.119
275,9.9018,99.368,9.649,-99.501,-1.327,29.427,38.95,99.273,9.192,-102.322,-2.028,31.757,39.113
276,9.9352,99.368,9.649,-99.418,-1.327,30.361,38.95,99.281,9.172,-102.302,-2.007,31.76,39.114
277,9.9686,99.368,9.649,-99.418,-1.327,31.04,38.95,99.186,9.24,-102.292,-2.027,31.844,39.112
278,10.0021,99.368,9.649,-99.418,-1.327,31.38,38.95,99.334,9.237,-102.286,-2.127,32.442,39.101
279,10.0355,99.368,9.649,-99.418,-1.327,31.55,38.95,99.344,9.263,-102.258,-2.122,32.578,39.098
280,10.0686,99.368,9.649,-99.418,-1.327,31.805,38.95,99.505,9.155,-102.251,-2.133,32.775,39.099
281,10.102,99.368,9.649,-99.418,-1.327,32.229,38.95,99.39,9.198,-102.271,-2.115,32.684,39.102
282,10.1358,99.368,9.649,-99.418,-1.327,32.484,38.95,99.516,9.164,-102.202,-2.196,33.106,39.093
283,10.1692,99.368,9.649,-99.418,-1.327,32.569,38.95,99.493,9.198,-102.182,-2.213,33.274,39.089
284,10.2033,99.368,9.649,-99.418,-1.401,32.654,38.95,99.406,9.222,-102.172,-2.237,33.43,39.088
285,10.2365,99.368,9.649,-99.418,-1.622,32.994,38.95,99.491,9.191,-102.171,-2.215,33.474,39.089
286,10.2693,99.368,9.649,-99.418,-1.844,33.248,38.95,99.468,9.217,-102.151,-2.26,33.618,39.083
287,10.3035,99.368,9.649,-99.418,-1.844,33.248,38.95,99.514,9.221,-102.148,-2.25,33.526,39.081
288,10.3364,99.368,9.649,-99.418,-1.77,33.418,38.95,99.532,9.191,-102.133,-2.236,33.652,39.085
289,10.3701,99.368,9.649,-99.418,-1.77,33.418,38.95,99.541,9.172,-102.136,-2.243,33.782,39.084
290,10.4033,99.368,9.649,-99.418,-1.77,33.418,38.95,99.561,9.19,-102.139,-2.254,33.576,39.083
291,10.4367,99.368,9.649,-99.418,-1.77,33.418,38.95,99.475,9.216,-102.106,-2.272,33.883,39.08
292,10.4701,99.368,9.649,-99.418,-1.77,33.418,38.95,99.516,9.204,-102.112,-2.272,33.815,39.081
293,10.5035,99.368,9.649,-99.418,-1.77,33.418,38.95,99.596,9.172,-102.111,-2.245,33.843,39.085
294,10.5371,99.368,9.649,-99.418,-1.77,33.418,38.95,99.521,9.183,-102.111,-2.286,33.957,39.083
295,10.5703,99.368,9.649,-99.418,-1.77,33.418,38.95,99.439,9.225,-102.116,-2.283,34.177,39.078
296,10.6038,99.368,9.649,-99.418,-1.77,33.418,38.95,99.457,9.204,-102.094,-2.283,34.086,39.08
297,10.6376,99.368,9.649,-99.418,-1.77,33.673,38.95,99.419,9.244,-102.142,-2.291,34.079,39.077
298,10.6705,99.368,9.649,-99.418,-1.77,33.673,38.95,99.486,9.221,-102.12,-2.284,34.146,39.079
299,10.7044,99.368,9.649,-99.418,-1.77,33.843,38.95,99.43,9.232,-102.128,-2.292,34.272,39.077
300,10.8267,99.368,9.649,-99.418,-1.77,33.928,38.95,101.959,13.166,-102.933,-0.409,36.893,39.106
301,10.8393,99.368,9.649,-99.418,-1.77,34.183,38.95,101.71,12.882,-102.624,-0.447,36.997,39.103
302,10.8726,99.368,9.649,-99.418,-1.77,34.183,38.95,101.881,12.737,-102.674,-0.357,36.11,39.105
303,10.909,99.458,9.649,-99.418,-1.622,34.947,38.95,101.658,12.729,-102.37,-0.38,35.903,39.102
304,10.9423,99.458,9.649,-99.418,-1.106,36.051,38.95,101.689,12.56,-102.112,-0.266,34.398,39.097
305,10.9756,99.549,9.852,-99.418,-0.737,36.051,38.95,101.573,12.187,-102.031,-0.385,33.988,39.092
306,11.009,99.549,10.661,-99.418,-0.811,35.881,38.95,101.382,12.227,-101.493,-0.344,32.833,39.082
307,11.0424,99.549,11.269,-99.418,-0.959,35.372,38.95,101.462,12.023,-101.101,-0.17,31.808,39.083
308,11.0757,99.549,11.606,-99.418,-0.959,34.862,38.95,101.496,13.143,-98.712,0.306,28.405,39.077
309,11.109,99.549,11.741,-99.418,-0.885,34.013,38.95,101.355,12.187,-99.405,0.07,29.22,39.065
310,11.1422,99.549,11.741,-99.418,-0.737,33.163,38.95,101.722,13.398,-96.811,0.483,24.965,39.073
311,11.1758,99.549,11.741,-99.334,-0.59,31.89,38.95,101.611,13.744,-95.572,0.435,24.001,39.059
312,11.2092,99.549,11.808,-99.334,-0.442,30.786,38.95,100.891,14.915,-91.613,0.881,21.097,39.065
313,11.2423,99.549,12.146,-99.168,-0.221,28.917,38.95,101.082,13.281,-94.591,0.584,24.292,39.051
314,11.2759,99.549,12.686,-98.752,0.0,26.454,38.95,101.546,13.939,-94.388,0.466,22.052,39.049
315,11.3094,99.639,13.293,-97.837,0.221,24.416,38.95,101.302,13.018,-95.171,0.449,23.445,39.038
316,11.3429,99.639,13.765,-97.088,0.295,23.822,38.95,99.308,14.257,-89.572,1.059,19.324,39.026
317,11.3763,99.729,14.035,-96.173,0.295,23.822,38.95,100.314,13.236,-92.083,0.581,21.431,39.022
318,11.4096,99.819,14.103,-95.424,0.295,23.907,38.95,99.367,14.12,-89.606,0.874,18.526,39.011
319,11.4437,99.819,14.103,-94.759,0.295,23.057,38.95,100.061,13.168,-91.29,0.495,19.583,39.001
320,11.4767,99.819,14.103,-93.844,0.295,22.378,38.95,100.035,13.721,-91.829,0.63,20.714,39.011
321,11.51,99.91,14.035,-92.928,0.442,21.189,38.95,100.665,11.077,-95.374,0.217,23.584,38.987
322,11.5432,99.91,13.968,-92.097,0.442,20.849,38.95,100.335,12.669,-92.815,0.26,19.583,38.986
323,11.5772,99.91,13.968,-91.431,0.516,21.699,38.95,99.65,13.249,-91.369,0.422,18.936,38.988
324,11.6101,99.91,13.968,-90.932,0.516,22.718,38.95,98.88,12.926,-89.271,0.43,17.417,38.984
325,11.6436,99.91,13.63,-90.932,0.59,22.633,38.95,98.651,15.011,-88.699,0.3,18.032,38.993
326,11.6771,99.91,13.428,-90.932,0.59,21.274,38.95,98.226,13.882,-88.11,0.526,17.024,38.982
327,11.7087,99.91,13.36,-90.932,0.59,19.745,38.95,98.987,13.741,-88.8,0.168,16.901,38.978
328,11.7422,99.819,13.36,-90.932,0.59,18.981,38.95,98.164,13.634,-87.341,0.176,16.892,38.982
329,11.7753,99.819,13.36,-90.765,0.59,18.556,38.95,98.526,13.945,-88.257,0.256,17.23,38.974
330,11.8092,99.819,13.36,-90.1,0.516,18.301,38.95,96.897,14.741,-83.989,0.21,14.137,38.975
331,11.8426,99.819,13.36,-89.268,0.516,18.217,38.95,97.931,13.557,-86.692,0.215,16.295,38.97
332,11.8759,99.729,13.36,-88.519,0.516,17.792,38.95,96.503,15.04,-82.473,0.378,12.947,38.969
333,11.9092,99.458,13.495,-87.687,0.516,16.688,38.95,95.574,15.343,-80.977,0.137,12.547,38.961
334,11.9423,99.368,13.9,-87.022,0.516,15.754,38.95,96.1,13.994,-82.741,0.318,14.416,38.96
335,11.9762,98.736,14.238,-85.774,0.516,14.82,38.95,95.141,15.192,-80.162,0.264,13.343,38.965
336,12.0091,98.465,14.575,-84.859,0.516,14.565,38.95,93.999,15.969,-77.823,0.287,11.653,38.964
337,12.0426,98.194,14.575,-83.943,0.516,14.82,38.95,95.624,14.413,-81.135,0.185,13.761,38.959
338,12.0759,97.562,14.71,-82.28,0.442,14.225,38.95,92.89,15.628,-75.282,0.182,10.547,38.959
339,12.1094,97.201,15.047,-81.281,0.442,13.291,38.95,93.729,14.198,-77.868,0.135,12.311,38.952
340,12.1428,97.111,15.115,-80.699,0.442,12.696,38.95,92.543,15.179,-74.751,0.285,9.889,38.95
341,12.1762,96.84,15.115,-78.619,0.516,12.102,38.95,91.127,17.718,-70.815,-0.099,7.954,38.961
342,12.2102,96.117,15.115,-77.288,0.442,12.102,38.95,88.486,18.769,-65.064,-0.442,4.315,38.957
343,12.2432,95.305,15.115,-76.373,0.442,10.998,38.95,88.702,17.973,-66.534,-0.163,5.535,38.951
344,12.2766,94.041,15.25,-75.291,0.369,9.299,38.95,88.178,17.414,-65.281,-0.11,5.489,38.948
345,12.3104,92.506,15.789,-73.794,0.147,7.346,38.95,87.593,17.463,-63.502,-0.382,3.959,38.956
346,12.3445,91.783,16.464,-72.962,0.0,6.837,38.95,87.595,17.849,-64.309,-0.378,4.731,38.947
347,12.3771,90.971,16.937,-70.799,-0.074,6.667,38.95,85.651,18.602,-60.513,-0.309,3.091,38.948
348,12.4103,90.339,17.139,-67.97,-0.074,6.072,38.95,85.674,17.018,-61.043,-0.381,3.727,38.961
349,12.4448,90.158,17.341,-66.473,0.0,5.563,38.95,84.891,19.746,-59.186,-0.22,3.445,38.959
350,12.4798,89.255,17.544,-64.975,0.074,4.798,38.95,85.795,19.14,-59.643,-0.386,1.683,38.941
351,12.513,88.352,17.544,-63.81,0.147,4.628,38.95,85.507,17.908,-60.202,-0.217,2.906,38.953
352,12.5467,87.991,17.949,-62.313,0.147,4.034,38.95,83.938,18.533,-56.748,-0.323,0.994,38.939
353,12.5821,88.081,18.219,-61.231,0.074,3.355,38.95,84.416,18.207,-57.989,-0.22,2.568,38.943
354,12.6131,87.81,18.421,-60.233,0.074,3.185,38.95,80.671,20.179,-50.226,-0.493,-2.616,38.95
355,12.6463,87.178,18.421,-59.318,0.147,2.59,38.95,80.54,20.024,-50.291,-0.394,-2.115,38.945
356,12.6785,86.907,18.421,-58.569,0.147,2.505,38.95,81.92,18.699,-52.971,-0.386,-1.282,38.949
357,12.7118,85.914,18.421,-57.321,0.074,1.486,38.95,80.344,20.272,-49.137,-0.369,-3.566,38.944
358,12.7451,84.47,18.421,-56.156,0.147,0.127,38.95,79.322,19.204,-48.619,-0.072,-1.646,38.945
359,12.7785,83.657,18.489,-55.324,0.147,-0.892,38.95,79.841,20.057,-48.128,-0.122,-4.032,38.943
360,12.8117,82.935,18.758,-53.744,0.147,-1.656,38.95,78.752,20.433,-46.32,-0.189,-4.495,38.944
361,12.8452,82.483,19.028,-52.163,0.074,-1.996,38.95,78.542,20.868,-45.163,-0.279,-6.63,38.938
362,12.8796,82.212,19.433,-50.832,0.074,-2.76,38.95,78.498,21.743,-45.493,-0.54,-5.664,38.941
363,12.9134,81.58,19.771,-49.334,0.147,-3.609,38.95,79.59,18.519,-47.579,-0.203,-3.706,38.942
364,12.9463,81.219,20.175,-47.837,0.147,-4.628,38.95,77.359,22.017,-43.525,-0.399,-6.454,38.938
365,12.9797,81.038,20.715,-46.755,0.074,-4.713,38.95,79.561,18.942,-48.101,-0.343,-3.721,38.931
366,13.0133,81.129,21.053,-45.84,0.0,-3.949,38.95,77.529,20.511,-45.474,-0.287,-3.306,38.94
367,13.0469,80.767,21.323,-44.842,0.0,-3.779,38.95,75.504,21.929,-40.04,-0.262,-7.509,38.946
368,13.0802,80.406,21.323,-44.26,0.0,-3.779,38.95,75.861,21.191,-40.815,0.012,-8.034,38.936
369,13.113,79.684,21.323,-43.844,0.0,-3.864,38.95,74.053,20.999,-37.527,-0.166,-9.149,38.933
370,13.1466,78.962,21.323,-43.344,0.0,-5.053,38.95,73.813,21.685,-36.459,-0.106,-10.483,38.932
371,13.1805,78.33,21.255,-42.679,0.0,-6.582,38.95,74.428,21.78,-37.66,-0.031,-9.505,38.925
372,13.2138,77.156,21.255,-41.597,0.0,-7.771,38.95,74.698,21.88,-37.611,-0.201,-10.25,38.93
373,13.2466,76.795,21.255,-40.266,0.0,-8.535,38.95,72.811,20.741,-35.441,0.026,-9.841,38.932
374,13.2806,76.795,21.255,-39.018,0.0,-8.45,38.95,71.753,21.828,-31.067,0.13,-13.932,38.936
375,13.3148,76.614,21.255,-37.687,0.0,-8.535,38.95,74.359,20.158,-38.535,0.155,-8.271,38.927
376,13.3474,75.801,21.255,-36.439,0.0,-9.13,38.95,73.478,21.41,-36.597,-0.087,-9.425,38.923
377,13.3809,75.26,21.255,-35.441,0.0,-10.488,38.95,75.514,17.985,-41.377,0.002,-5.282,38.928
378,13.4147,75.35,21.255,-34.692,0.0,-10.743,38.95,71.798,19.906,-34.061,0.285,-10.983,38.925
379,13.4483,75.621,21.255,-33.86,-0.074,-9.639,38.95,70.447,21.778,-30.277,0.165,-13.566,38.928
380,13.4809,75.892,21.053,-33.611,0.0,-7.601,38.95,74.558,19.503,-38.494,-0.065,-9.31,38.913
381,13.5146,75.44,20.715,-33.611,0.0,-6.497,38.95,73.161,19.063,-36.183,0.335,-9.753,38.921
382,13.5471,74.086,20.445,-33.611,0.0,-6.921,38.95,71.006,20.834,-31.012,0.165,-13.13,38.924
383,13.5806,73.544,20.04,-33.86,0.0,-8.195,38.95,67.718,21.907,-24.597,0.389,-17.018,38.926
384,13.6163,73.905,19.703,-34.276,-0.074,-9.299,38.95,75.162,18.85,-40.482,0.231,-7.83,38.904
385,13.6479,73.995,19.636,-34.359,-0.147,-11.253,38.95,71.616,21.236,-32.725,0.063,-12.227,38.923
386,13.6812,73.093,19.636,-34.359,0.0,-13.291,38.95,69.843,21.276,-29.081,0.227,-14.254,38.914
387,13.7149,72.46,19.636,-34.859,0.0,-14.225,38.95,69.719,21.182,-28.701,0.554,-15.624,38.908
388,13.7492,72.551,19.636,-35.108,0.074,-13.885,38.95,71.671,17.514,-34.188,0.699,-10.542,38.914
389,13.7818,72.641,19.906,-34.775,0.0,-13.8,38.95,68.502,22.224,-25.36,0.21,-18.017,38.912
390,13.8152,72.19,20.31,-34.359,0.0,-14.31,38.95,68.608,20.868,-25.266,0.722,-18.504,38.913
391,13.8489,72.009,20.58,-33.943,0.0,-14.65,38.95,71.805,20.723,-32.944,0.268,-13.48,38.9
392,13.882,71.648,20.85,-33.195,0.147,-15.669,38.95,71.171,17.437,-32.579,1.03,-11.794,38.908
393,13.9149,71.377,20.85,-32.113,0.221,-16.688,38.95,71.145,16.467,-33.151,0.819,-11.462,38.914
394,13.9484,71.738,20.85,-31.364,0.221,-16.178,38.95,67.801,18.556,-25.883,0.848,-16.089,38.914
395,13.9816,72.009,20.783,-30.532,0.221,-14.31,38.95,68.869,20.801,-26.687,0.309,-17.456,38.904
396,14.0153,72.009,19.973,-29.7,0.295,-12.781,38.95,64.349,20.354,-18.528,1.152,-20.685,38.92
397,14.0487,71.467,19.163,-28.952,0.442,-12.611,38.95,69.702,18.733,-29.698,0.926,-13.998,38.913
398,14.0819,70.745,18.691,-28.037,0.664,-14.14,38.95,67.865,20.261,-24.724,0.701,-18.006,38.904
399,14.1161,69.661,18.421,-27.038,0.737,-16.518,38.95,68.293,20.615,-25.877,0.533,-17.417,38.904
400,14.2426,69.21,18.421,-26.373,0.737,-18.217,38.95,69.179,8.894,-21.148,2.279,-16.966,39.091
401,14.2527,69.752,19.366,-24.958,0.664,-17.367,38.95,70.192,8.968,-22.827,2.316,-16.684,39.082
402,14.2883,69.571,19.703,-25.042,0.737,-17.367,38.95,71.203,9.01,-24.407,2.258,-16.381,39.081
403,14.3221,69.842,19.771,-25.208,0.959,-17.282,38.95,73.242,9.008,-27.205,2.243,-16.022,39.08
404,14.3553,70.835,19.771,-25.125,1.327,-16.858,38.95,75.097,9.076,-30.847,2.356,-15.68,39.077
405,14.3886,71.738,19.703,-24.542,1.696,-16.518,38.95,77.317,9.117,-34.872,2.299,-15.514,39.083
406,14.4219,73.273,18.758,-24.376,1.991,-16.178,38.95,80.662,9.209,-40.626,2.137,-13.743,39.077
407,14.4555,75.169,17.544,-24.376,1.991,-15.839,38.95,80.704,9.259,-40.417,2.296,-14.083,39.079
408,14.4887,77.156,16.127,-24.459,1.844,-15.329,38.95,83.567,9.322,-44.116,2.246,-14.059,39.072
409,14.5223,79.323,14.642,-24.875,1.696,-14.48,38.95,85.074,9.281,-45.821,2.265,-14.046,39.073
410,14.5557,80.767,13.225,-25.541,1.622,-14.395,38.95,87.7,9.33,-49.64,2.256,-12.983,39.085
411,14.5891,82.483,12.011,-27.121,1.844,-14.48,38.95,87.473,9.328,-49.77,2.333,-13.181,39.082
412,14.6228,84.74,11.134,-29.035,1.917,-14.14,38.95,89.606,9.415,-53.429,2.074,-12.958,39.081
413,14.6562,86.637,10.526,-31.115,1.917,-13.546,38.95,90.761,9.478,-55.144,2.195,-12.493,39.083
414,14.6895,87.269,10.121,-33.527,1.917,-13.206,38.95,93.093,9.427,-58.37,2.205,-12.327,39.086
415,14.7229,88.352,10.054,-37.022,1.917,-13.206,38.95,93.599,9.428,-59.54,2.112,-12.28,39.084
416,14.7563,90.519,9.919,-40.433,1.844,-12.696,38.95,94.114,9.387,-59.579,2.195,-12.682,39.083
417,14.7894,92.415,9.784,-42.762,1.696,-12.527,38.95,95.685,9.494,-63.086,2.265,-11.897,39.075
418,14.8229,93.499,9.784,-45.341,1.77,-12.527,38.95,95.981,9.528,-63.623,2.307,-12.116,39.075
419,14.8565,94.221,9.784,-48.586,1.917,-12.527,38.95,98.525,9.579,-69.072,2.179,-10.796,39.075
420,14.8897,95.305,9.784,-51.498,1.917,-12.442,38.95,98.865,9.393,-68.707,2.258,-10.641,39.078
421,14.9233,96.388,9.784,-53.993,1.917,-11.847,38.95,99.888,9.451,-72.032,2.331,-9.234,39.067
422,14.9569,97.833,9.784,-56.739,1.917,-11.253,38.95,100.277,9.409,-72.605,2.298,-9.198,39.074
423,14.9903,98.736,9.784,-59.235,1.917,-10.403,38.95,100.84,9.315,-74.004,2.398,-8.773,39.08
424,15.0237,99.097,9.784,-61.73,1.917,-9.809,38.95,101.333,9.413,-76.04,2.417,-7.851,39.068
425,15.0571,99.278,9.717,-64.226,1.917,-9.384,38.95,101.777,9.353,-78.454,2.272,-5.796,39.067
426,15.0905,99.368,9.649,-66.473,1.917,-8.79,38.95,102.031,9.364,-80.226,2.326,-4.734,39.073
427,15.124,99.639,9.649,-68.802,1.917,-7.686,38.95,102.187,9.293,-80.917,2.421,-3.883,39.07
428,15.1571,99.819,9.649,-71.131,1.917,-6.327,38.95,102.079,9.297,-83.065,2.38,-1.924,39.076
429,15.1907,99.91,9.649,-73.295,1.917,-5.223,38.95,102.049,9.27,-84.911,2.367,0.547,39.074
430,15.2241,99.91,9.649,-75.374,1.917,-4.204,38.95,102.116,9.299,-83.85,2.399,-1.835,39.078
431,15.2577,99.91,9.649,-77.288,1.917,-2.505,38.95,101.872,9.284,-86.781,2.565,2.387,39.081
432,15.291,99.91,9.649,-79.035,1.917,-1.062,38.95,101.696,9.281,-87.676,2.624,3.929,39.084
433,15.3243,99.91,9.649,-80.699,1.917,-0.382,38.95,101.65,9.302,-89.075,2.414,4.743,39.082
434,15.3578,99.91,9.649,-82.363,1.917,1.231,38.95,101.438,9.249,-91.119,2.634,8.803,39.084
435,15.3914,99.91,9.649,-83.86,1.917,2.93,38.95,101.368,9.251,-91.881,2.624,9.947,39.087
436,15.4248,99.91,9.649,-85.358,1.917,4.119,38.95,101.401,9.291,-92.556,2.471,11.353,39.079
437,15.4582,99.91,9.649,-87.022,1.991,6.157,38.95,100.955,9.283,-94.096,2.583,14.163,39.095
438,15.4916,99.91,9.649,-88.436,1.991,8.365,38.95,100.758,9.253,-96.067,2.521,17.754,39.089
439,15.5248,99.91,9.649,-89.767,2.065,10.403,38.95,100.766,9.225,-96.095,2.52,18.687,39.093
440,15.5584,99.91,9.649,-91.265,2.065,12.781,38.95,100.339,9.226,-97.169,2.415,20.811,39.099
441,15.5918,99.91,9.649,-92.346,2.065,15.244,38.95,100.226,9.25,-98.219,2.21,22.722,39.095
442,15.6239,99.91,9.649,-93.428,2.065,17.367,38.95,100.043,9.249,-98.215,2.274,22.804,39.105
443,15.66,99.819,9.649,-94.592,2.065,19.406,38.95,99.891,9.221,-99.936,2.031,27.93,39.101
444,15.693,99.819,9.649,-95.591,2.065,21.019,38.95,99.521,9.254,-100.942,1.842,30.221,39.095
445,15.7261,99.729,9.649,-96.589,2.065,22.038,38.95,99.53,9.238,-100.734,1.928,29.649,39.102
446,15.7595,99.639,9.649,-97.587,2.065,24.161,38.95,99.337,9.258,-101.553,1.758,31.738,39.091
447,15.7928,99.639,9.649,-98.253,2.065,26.879,38.95,99.431,9.226,-101.916,1.619,33.405,39.093
448,15.8263,99.549,9.649,-98.669,2.065,28.917,38.95,99.35,9.233,-101.939,1.555,34.18,39.083
449,15.8597,99.549,9.649,-99.002,2.065,30.616,38.95,98.948,9.262,-101.991,1.542,35.235,39.092
450,15.8931,99.549,9.649,-99.085,2.065,32.059,38.95,99.169,9.217,-102.154,1.433,35.16,39.082
451,15.9266,99.549,9.649,-99.168,2.065,33.248,38.95,99.048,9.242,-101.92,1.3,37.21,39.069
452,15.9599,99.549,9.649,-99.168,2.065,34.098,38.95,99.226,9.165,-102.022,1.178,37.546,39.057
453,15.9933,99.549,9.649,-99.168,1.991,34.862,38.95,98.993,9.274,-101.784,1.266,37.397,39.059
454,16.0265,99.549,9.649,-99.251,1.696,36.136,38.95,99.229,9.163,-101.771,1.077,38.191,39.044
455,16.0605,99.549,9.649,-99.251,1.475,36.645,38.95,99.322,9.104,-101.784,0.997,38.355,39.037
456,16.0939,99.458,9.649,-99.251,1.401,37.155,38.95,99.015,9.211,-101.638,1.06,38.57,39.04
457,16.1271,99.458,9.649,-99.251,1.475,37.749,38.95,98.991,9.168,-101.415,1.059,38.637,39.038
458,16.1604,99.458,9.649,-99.251,1.549,38.089,38.95,99.243,9.111,-101.548,0.874,39.354,39.019
459,16.1938,99.458,9.649,-99.251,1.622,38.344,38.95,99.119,9.131,-101.605,0.921,39.174,39.023
460,16.2284,99.458,9.649,-99.251,1.401,38.684,38.95,99.168,9.116,-101.597,0.868,39.463,39.02
461,16.2608,99.458,9.649,-99.251,1.18,38.854,38.95,99.217,9.087,-101.494,0.816,39.596,39.013
462,16.2939,99.458,9.649,-99.251,1.18,39.023,38.95,99.423,9.009,-101.313,0.735,39.946,39.001
463,16.3275,99.458,9.649,-99.251,1.18,39.278,38.95,99.149,9.065,-101.254,0.77,40.297,39.001
464,16.3611,99.458,9.649,-99.251,1.254,39.533,38.95,99.538,8.951,-101.076,0.645,40.367,38.991
465,16.3941,99.458,9.514,-99.251,1.254,39.873,38.95,99.369,8.983,-101.041,0.627,40.71,38.98
466,16.428,99.458,9.379,-99.251,1.032,40.127,38.95,99.508,8.947,-101.106,0.613,40.783,38.984
467,16.4614,99.458,9.312,-99.251,0.959,40.297,38.95,99.57,8.942,-101.103,0.606,40.651,38.976
468,16.4945,99.458,9.312,-99.251,0.885,40.467,38.95,99.42,8.983,-101.138,0.581,40.954,38.976
469,16.5281,99.458,9.312,-99.251,0.885,40.552,38.95,99.415,8.964,-100.915,0.564,41.045,38.97
470,16.5616,99.458,9.312,-99.251,0.885,40.552,38.95,99.579,8.96,-100.94,0.58,40.916,38.969
471,16.595,99.458,9.312,-99.251,0.885,40.552,38.95,99.48,8.984,-101.086,0.554,41.277,38.959
472,16.6283,99.458,9.312,-99.251,0.885,40.552,38.95,99.512,8.988,-101.152,0.506,41.395,38.96
473,16.6617,99.458,9.312,-99.251,0.885,40.637,38.95,99.618,8.952,-101.07,0.431,41.416,38.959
474,16.6961,99.458,9.312,-99.251,0.885,41.062,38.95,99.562,8.99,-101.157,0.527,41.415,38.956
475,16.729,99.458,9.312,-99.251,0.885,41.231,38.95,99.625,8.956,-101.039,0.403,41.872,38.946
476,16.7621,99.458,9.312,-99.251,0.885,41.231,38.95,99.633,8.919,-101.054,0.41,41.811,38.951
477,16.7958,99.458,9.312,-99.251,0.885,41.401,38.95,99.596,8.953,-101.07,0.423,41.866,38.945
478,16.8291,99.458,9.312,-99.251,0.885,41.486,38.95,99.64,8.971,-101.055,0.44,41.746,38.945
479,16.8624,99.458,9.312,-99.251,0.885,41.486,38.95,99.582,9.005,-101.215,0.439,41.814,38.945
480,16.8961,99.458,9.312,-99.251,0.885,41.486,38.95,99.589,8.927,-100.893,0.391,42.026,38.944
481,16.9294,99.458,9.312,-99.251,0.885,41.486,38.95,99.673,8.945,-101.111,0.443,41.891,38.946
482,16.9628,99.458,9.312,-99.251,0.885,41.571,38.95,99.657,8.967,-101.003,0.392,41.782,38.939
483,16.9965,99.458,9.312,-99.251,0.885,41.656,38.95,99.658,8.977,-101.092,0.383,42.002,38.937
484,17.0295,99.458,9.312,-99.251,0.885,41.656,38.95,99.594,8.985,-101.096,0.351,42.258,38.928
485,17.063,99.458,9.312,-99.251,0.885,41.656,38.95,99.581,8.953,-100.971,0.403,42.325,38.938
486,17.0965,99.458,9.312,-99.251,0.885,41.911,38.95,99.656,8.987,-101.228,0.316,42.367,38.925
487,17.13,99.458,9.312,-99.251,0.885,41.996,38.95,99.688,8.979,-101.106,0.378,42.231,38.93
488,17.1633,99.458,9.312,-99.251,0.885,41.996,38.95,99.61,9.003,-101.091,0.351,42.189,38.932
489,17.1967,99.458,9.312,-99.251,0.885,41.996,38.95,99.584,8.983,-101.072,0.316,42.384,38.926
490,17.2302,99.458,9.312,-99.251,0.885,41.996,38.95,99.664,8.964,-101.186,0.308,42.252,38.928
491,17.2636,99.458,9.312,-99.251,0.885,41.996,38.95,99.623,8.998,-101.192,0.328,42.489,38.923
492,17.2971,99.458,9.312,-99.251,0.885,41.996,38.95,99.553,9.003,-101.113,0.342,42.59,38.928
493,17.3305,99.458,9.312,-99.251,0.885,42.081,38.95,99.662,8.989,-101.176,0.355,42.322,38.929
494,17.3642,99.458,9.312,-99.251,0.885,42.251,38.95,99.616,8.995,-101.081,0.303,42.529,38.925
495,17.3973,99.458,9.312,-99.251,0.885,42.251,38.95,99.616,9.011,-101.213,0.27,42.803,38.916
496,17.4308,99.458,9.312,-99.251,0.885,42.42,38.95,99.596,9.027,-101.23,0.269,42.73,38.915
497,17.4642,99.458,9.312,-99.251,0.885,42.59,38.95,99.627,9.012,-101.233,0.263,42.691,38.915
498,17.4975,99.458,9.312,-99.251,0.885,42.59,38.95,99.621,9.008,-101.114,0.308,42.646,38.924
499,17.5311,99.458,9.312,-99.251,0.885,42.59,38.95,99.594,9.032,-101.296,0.258,42.943,38.912
500,17.6559,99.458,9.312,-99.251,0.885,42.59,38.95,102.034,13.681,-105.021,0.544,41.697,39.116
501,17.666,99.458,9.312,-99.251,0.885,42.845,38.95,101.843,13.385,-104.69,0.541,41.713,39.113
502,17.7026,99.458,9.312,-99.251,0.885,42.93,38.95,101.813,13.409,-104.588,0.542,41.188,39.115
503,17.7353,99.458,9.312,-99.251,0.885,42.76,38.95,101.692,13.872,-104.268,0.725,39.757,39.114
504,17.7688,99.458,9.312,-99.251,0.885,42.42,38.95,101.825,14.765,-103.229,1.246,35.796,39.104
505,17.8019,99.458,9.514,-99.251,0.885,41.911,38.95,101.546,14.853,-103.034,1.128,36.141,39.103
506,17.8355,99.458,10.661,-99.251,0.885,40.637,38.95,101.505,16.818,-100.188,1.662,29.95,39.091
507,17.8689,99.458,11.673,-99.251,0.959,38.854,38.95,101.333,14.973,-101.398,1.475,32.965,39.096
508,17.9025,99.549,12.618,-99.251,0.959,37.325,38.95,101.047,17.735,-96.109,2.333,25.968,39.084
509,17.9358,99.549,13.698,-99.251,1.032,35.456,38.95,101.2,16.608,-97.457,2.14,26.58,39.077
510,17.9692,99.549,14.71,-99.251,1.254,33.758,38.95,101.17,18.579,-94.897,2.51,22.07,39.082
511,18.0025,99.549,15.587,-99.168,1.696,31.38,38.95,100.32,20.621,-91.154,2.578,20.505,39.066
512,18.0364,99.549,16.397,-99.002,2.065,28.917,38.95,99.339,21.571,-87.036,2.789,17.091,39.07
513,18.0694,99.549,17.139,-98.087,2.065,26.03,38.95,99.423,20.598,-89.196,2.739,20.153,39.058
514,18.1059,99.639,18.084,-97.005,2.065,23.312,38.95,99.57,22.283,-88.247,2.424,17.693,39.056
515,18.1387,99.729,18.961,-95.507,1.991,21.189,38.95,99.551,21.501,-88.531,2.676,18.187,39.045
516,18.1731,99.91,19.838,-93.927,1.991,20.17,38.95,96.939,22.37,-82.197,3.213,13.116,39.04
517,18.2052,99.91,20.58,-92.512,2.065,19.915,38.95,98.105,22.39,-84.606,2.44,16.558,39.039
518,18.2372,100.0,21.188,-91.181,2.212,19.321,38.95,96.762,23.091,-80.858,3.026,11.738,39.028
519,18.2704,99.458,21.525,-89.684,2.286,18.132,38.95,98.253,20.755,-84.279,2.297,13.699,39.022
520,18.3035,99.187,21.795,-88.186,2.507,17.113,38.95,98.327,22.359,-84.739,2.635,14.824,39.026
521,18.3376,99.187,22.132,-86.689,2.507,15.754,38.95,98.572,19.221,-87.113,2.609,17.769,39.008
522,18.3709,99.368,22.2,-85.191,2.434,15.499,38.95,98.398,21.959,-84.014,2.181,13.192,39.011
523,18.4041,99.368,22.2,-83.943,2.36,16.263,38.95,97.79,23.003,-82.314,2.328,11.976,39.013
524,18.4379,99.458,22.2,-83.028,2.434,17.113,38.95,95.762,23.916,-76.961,2.232,8.906,39.01
525,18.4707,99.458,21.997,-82.363,2.507,16.943,38.95,96.219,24.637,-78.159,1.801,10.203,39.012
526,18.5046,99.368,21.862,-82.113,2.507,15.329,38.95,95.63,21.391,-78.433,2.538,9.76,39.0
527,18.5377,98.736,21.862,-81.864,2.434,13.036,38.95,95.917,24.503,-75.15,1.598,7.09,39.003
528,18.572,98.284,21.862,-81.947,2.286,11.507,38.95,93.82,26.322,-70.887,1.659,6.004,39.009
529,18.6047,98.104,21.997,-81.531,2.212,10.743,38.95,94.903,25.004,-73.419,2.209,6.383,38.995
530,18.638,97.652,22.807,-79.201,2.065,9.384,38.95,92.304,26.364,-67.39,1.714,3.082,38.992
531,18.6714,97.02,23.549,-77.454,1.991,8.28,38.95,93.881,24.675,-70.076,1.886,4.081,38.991
532,18.7052,96.479,24.291,-76.373,2.065,7.771,38.95,91.911,26.126,-64.571,1.921,0.498,38.988
533,18.7389,95.576,24.899,-74.875,2.065,6.667,38.95,90.044,28.364,-60.035,1.575,-1.651,38.973
534,18.772,95.214,25.304,-73.461,2.065,5.138,38.95,90.288,26.985,-60.957,2.037,-0.428,38.977
535,18.8056,94.402,25.574,-71.381,2.065,2.93,38.95,87.962,28.824,-56.144,1.656,-2.643,38.985
536,18.8391,93.499,25.978,-69.634,2.065,1.316,38.95,88.881,28.198,-57.823,1.647,-1.759,38.983
537,18.8733,92.867,26.383,-67.97,2.065,0.382,38.95,90.174,27.821,-59.211,1.592,-1.628,38.979
538,18.9062,91.964,26.923,-65.391,1.991,-0.467,38.95,84.591,30.149,-47.277,1.493,-8.569,38.984
539,18.9397,91.874,27.328,-63.478,1.991,-0.552,38.95,87.441,26.662,-54.795,1.764,-3.942,38.97
540,18.9731,91.874,27.665,-61.398,1.991,-1.062,38.95,86.661,26.909,-52.22,2.008,-6.511,38.972
541,19.0064,91.151,28.003,-59.318,2.065,-1.996,38.95,83.671,31.95,-44.399,0.995,-10.4,38.982
542,19.0399,90.158,28.07,-57.488,2.065,-3.015,38.95,80.644,33.005,-38.441,0.297,-13.785,38.973
543,19.0734,89.255,28.07,-55.657,1.917,-5.053,38.95,82.001,31.368,-41.742,0.987,-11.719,38.968
544,19.1065,87.54,28.07,-53.661,1.327,-7.516,38.95,80.744,31.052,-38.428,1.351,-14.011,38.967
545,19.1401,85.282,28.475,-51.83,0.959,-9.894,38.95,80.364,31.617,-37.034,0.772,-15.31,38.967
546,19.1755,84.108,29.082,-50.582,0.959,-11.253,38.95,80.622,31.186,-37.801,0.925,-14.461,38.964
547,19.2096,83.476,29.757,-47.754,1.254,-12.442,38.95,79.283,31.155,-36.449,1.099,-14.49,38.964
548,19.2424,83.025,30.297,-44.509,1.327,-13.291,38.95,79.03,30.333,-36.027,1.053,-14.921,38.97
549,19.2764,83.025,30.702,-42.762,1.327,-13.206,38.95,79.49,31.903,-36.911,1.172,-13.359,38.968
550,19.3111,82.212,30.769,-40.849,1.254,-13.291,38.95,79.098,32.137,-35.175,0.956,-16.197,38.956
551,19.3434,81.761,30.769,-39.434,1.254,-13.461,38.95,78.834,31.26,-34.633,1.303,-16.051,38.964
552,19.3766,81.67,30.837,-38.02,1.254,-13.206,38.95,77.226,31.758,-31.27,1.066,-18.177,38.952
553,19.4109,81.58,30.837,-36.689,1.254,-13.8,38.95,77.577,31.188,-32.449,1.184,-16.674,38.958
554,19.4433,81.219,30.904,-35.607,1.327,-15.074,38.95,74.404,32.573,-26.281,0.881,-20.499,38.963
555,19.4766,80.226,31.107,-34.443,1.327,-16.178,38.95,74.425,32.511,-26.887,0.967,-19.907,38.959
556,19.5099,79.774,31.309,-33.527,1.327,-16.518,38.95,75.746,31.07,-29.246,1.103,-19.295,38.956
557,19.5435,78.691,31.646,-32.113,1.18,-17.367,38.95,73.968,33.122,-24.623,0.96,-22.002,38.959
558,19.5782,77.607,31.849,-30.782,1.18,-18.047,38.95,72.951,31.653,-24.02,1.481,-20.894,38.961
559,19.6111,77.427,31.849,-29.7,1.327,-18.641,38.95,73.299,32.149,-23.717,1.596,-21.928,38.956
560,19.6444,76.795,32.051,-28.037,1.327,-19.745,38.95,72.799,31.979,-23.085,1.476,-22.359,38.952
561,19.678,75.982,32.119,-26.789,1.327,-20.34,38.95,72.278,31.82,-22.166,1.253,-23.459,38.948
562,19.7114,75.621,32.119,-25.707,1.327,-20.849,38.95,72.009,33.727,-21.935,0.855,-23.164,38.947
563,19.7435,75.079,32.119,-24.459,1.327,-21.444,38.95,72.859,31.63,-23.137,1.279,-21.88,38.951
564,19.7753,74.718,32.119,-23.295,1.327,-21.953,38.95,70.089,33.766,-18.8,1.203,-24.453,38.946
565,19.8086,74.537,32.119,-22.546,1.327,-21.953,38.95,72.209,31.442,-23.462,1.215,-21.873,38.942
566,19.8418,74.357,32.119,-21.797,1.327,-21.868,38.95,70.512,32.536,-21.05,1.383,-22.027,38.948
567,19.8752,73.725,32.254,-21.048,1.327,-21.868,38.95,68.721,33.894,-16.385,1.324,-25.313,38.951
568,19.9087,73.183,32.321,-20.965,1.327,-21.783,38.95,68.948,31.871,-17.894,1.727,-24.329,38.938
569,19.942,72.551,32.321,-20.882,1.327,-22.038,38.95,66.286,33.472,-12.115,1.292,-27.511,38.936
570,19.9754,71.648,32.321,-20.383,1.327,-22.972,38.95,67.507,32.436,-14.264,1.563,-26.661,38.938
571,20.0088,71.106,32.321,-19.634,1.327,-23.737,38.95,67.458,32.947,-14.621,1.66,-25.829,38.929
572,20.0431,70.293,32.321,-18.552,1.327,-24.926,38.95,67.163,33.475,-13.621,1.248,-27.511,38.933
573,20.0764,69.842,32.321,-17.471,1.327,-25.096,38.95,64.668,32.794,-9.847,1.474,-28.408,38.942
574,20.1097,69.571,32.524,-16.223,1.327,-25.265,38.95,64.404,33.29,-7.386,1.651,-30.371,38.948
575,20.144,69.12,32.861,-14.809,1.327,-26.285,38.95,65.208,31.84,-10.734,1.952,-28.27,38.941
576,20.1772,68.036,32.928,-13.311,1.327,-27.389,38.95,65.753,31.2,-11.971,1.717,-27.205,38.93
577,20.2109,67.314,32.928,-11.897,1.401,-28.408,38.95,67.538,29.679,-15.502,1.74,-24.971,38.94
578,20.2431,67.314,32.928,-10.649,1.475,-28.238,38.95,63.149,31.971,-7.921,1.849,-29.191,38.933
579,20.2764,67.765,32.794,-9.318,1.401,-27.049,38.95,62.437,31.93,-5.843,1.82,-30.863,38.938
580,20.3096,68.397,32.051,-8.319,1.401,-25.86,38.95,66.433,30.67,-13.279,1.557,-27.546,38.92
581,20.343,68.126,31.377,-7.488,1.401,-26.115,38.95,64.05,31.064,-9.456,1.901,-28.675,38.926
582,20.3778,66.772,30.904,-6.988,1.475,-27.049,38.95,62.165,31.629,-5.139,1.742,-31.637,38.926
583,20.4101,65.779,30.769,-7.072,1.475,-27.558,38.95,59.142,32.06,-0.216,2.064,-33.737,38.937
584,20.4433,65.688,30.702,-7.155,1.475,-28.153,38.95,66.696,30.215,-15.003,1.879,-26.036,38.912
585,20.4777,64.786,30.769,-6.323,1.401,-29.766,38.95,62.792,33.143,-6.617,1.35,-30.008,38.928
586,20.51,63.16,30.837,-5.657,1.401,-31.125,38.95,60.752,30.991,-3.406,2.005,-32.225,38.925
587,20.5443,62.167,31.309,-5.824,1.549,-31.465,38.95,60.549,31.181,-2.645,2.381,-32.794,38.921
588,20.5783,62.348,31.849,-5.99,1.696,-30.955,38.95,63.15,27.043,-8.449,2.473,-29.235,38.921
589,20.6108,62.438,32.119,-5.158,1.77,-30.87,38.95,59.382,31.762,0.169,1.895,-35.597,38.922
590,20.6445,62.619,32.186,-4.825,1.77,-31.465,38.95,59.857,30.739,-0.542,2.361,-34.938,38.922
591,20.6779,63.07,32.119,-4.825,1.844,-32.144,38.95,62.568,30.233,-6.573,1.984,-31.437,38.907
592,20.7113,62.98,32.119,-4.077,2.065,-33.163,38.95,60.487,27.96,-2.937,2.888,-31.844,38.928
593,20.7445,62.077,31.781,-3.161,2.065,-33.248,38.95,62.055,26.863,-6.253,2.597,-30.698,38.92
594,20.7786,61.896,31.107,-2.745,2.065,-32.399,38.95,58.225,29.263,1.779,2.402,-35.889,38.923
595,20.8125,62.167,30.364,-2.579,2.065,-31.635,38.95,59.152,29.922,0.793,2.049,-36.326,38.913
596,20.8461,62.438,29.42,-2.413,2.139,-31.38,38.95,53.938,30.327,8.98,2.755,-39.617,38.933
597,20.8792,61.986,28.61,-1.83,2.212,-32.314,38.95,58.782,28.585,-0.341,2.944,-34.142,38.928
598,20.9122,60.813,28.07,-1.331,2.286,-34.437,38.95,57.904,29.805,2.55,2.449,-36.48,38.917
599,20.9456,58.736,27.733,-0.832,2.36,-36.306,38.95,57.829,30.554,2.21,2.208,-36.057,38.918
600,21.0629,57.291,27.733,-0.333,2.36,-36.985,38.95,51.296,9.266,16.476,4.522,-42.098,39.131
601,21.0734,58.555,28.543,2.579,1.991,-36.051,38.95,52.332,9.313,15.086,4.628,-42.367,39.126
602,21.109,58.465,29.15,2.995,1.991,-36.051,38.95,54.415,9.303,12.397,4.54,-42.34,39.124
603,21.1429,57.833,29.555,3.161,2.507,-36.645,38.95,55.915,9.3,10.937,4.423,-42.318,39.121
604,21.1762,56.298,29.622,3.744,3.245,-38.684,38.95,58.458,9.286,6.875,4.369,-42.579,39.119
605,21.2094,55.666,29.622,4.409,3.761,-40.212,38.95,60.489,9.367,3.791,4.193,-42.76,39.121
606,21.2439,56.027,29.555,5.241,3.835,-40.892,38.95,63.493,9.283,-0.931,3.916,-42.012,39.113
607,21.2761,57.833,28.61,6.156,3.761,-41.401,38.95,64.402,9.266,-2.098,3.89,-42.187,39.116
608,21.3105,60.181,27.395,6.988,3.319,-41.401,38.95,68.976,9.26,-7.029,3.762,-42.74,39.112
609,21.3442,62.257,25.911,7.238,3.319,-41.401,38.95,68.447,9.263,-6.084,3.829,-42.608,39.115
610,21.3763,63.702,24.224,7.155,3.466,-41.401,38.95,73.766,9.195,-12.183,3.545,-42.403,39.123
611,21.4098,65.418,22.2,6.822,3.614,-41.486,38.95,74.438,9.215,-13.456,3.463,-42.266,39.123
612,21.4429,67.856,20.108,6.489,3.687,-41.486,38.95,78.057,9.262,-17.715,3.23,-42.736,39.12
613,21.4773,70.835,18.016,5.907,3.614,-41.401,38.95,79.29,9.234,-18.998,3.287,-42.706,39.122
614,21.5097,73.363,16.127,5.075,3.614,-41.401,38.95,82.14,9.285,-22.823,3.143,-42.247,39.125
615,21.5432,75.801,14.507,3.245,3.614,-41.401,38.95,84.074,9.247,-25.58,2.937,-42.194,39.124
616,21.578,78.33,12.955,0.832,3.614,-41.401,38.95,85.632,9.261,-26.692,3.034,-42.496,39.128
617,21.6116,80.587,11.808,-1.498,3.54,-41.401,38.95,87.467,9.308,-29.24,3.035,-42.631,39.121
618,21.6444,82.935,10.999,-4.659,3.54,-41.401,38.95,88.509,9.3,-31.303,2.929,-42.269,39.122
619,21.6779,84.65,10.391,-7.903,3.54,-41.401,38.95,91.928,9.373,-36.028,2.732,-42.494,39.124
620,21.7113,86.456,10.054,-11.314,3.614,-41.486,38.95,93.445,9.411,-37.329,2.762,-41.991,39.121
621,21.7456,87.991,9.919,-14.559,3.466,-41.486,38.95,94.192,9.404,-39.385,2.636,-41.515,39.116
622,21.7789,89.977,9.784,-17.97,3.319,-41.486,38.95,96.027,9.409,-41.732,2.588,-41.823,39.115
623,21.8118,92.235,9.784,-21.298,3.171,-41.401,38.95,97.376,9.412,-43.075,2.526,-41.81,39.124
624,21.8448,93.589,9.784,-24.376,3.097,-41.401,38.95,97.368,9.396,-43.861,2.6,-41.744,39.116
625,21.8812,95.124,9.784,-27.454,3.097,-41.401,38.95,99.252,9.442,-47.955,2.424,-40.544,39.114
626,21.9125,96.479,9.784,-30.283,3.097,-41.401,38.95,99.882,9.39,-48.526,2.369,-40.712,39.118
627,21.9453,97.201,9.784,-33.111,3.097,-41.316,38.95,100.681,9.386,-49.723,2.458,-40.504,39.117
628,21.9789,98.284,9.784,-36.023,3.097,-40.892,38.95,101.543,9.342,-53.975,2.22,-37.964,39.118
629,22.0128,98.465,9.784,-38.519,3.097,-40.807,38.95,101.907,9.338,-55.164,2.002,-36.999,39.118
630,22.0459,98.555,9.717,-40.932,2.95,-40.212,38.95,101.785,9.345,-53.426,2.382,-39.257,39.126
631,22.0786,98.826,9.649,-43.428,2.655,-38.854,38.95,102.272,9.343,-56.898,2.082,-36.606,39.124
632,22.1123,98.826,9.649,-45.507,2.434,-38.089,38.95,102.346,9.264,-59.486,1.899,-34.394,39.126
633,22.1458,98.826,9.649,-47.837,2.36,-38.089,38.95,102.518,9.357,-62.011,1.74,-32.539,39.124
634,22.1797,98.916,9.649,-50.333,2.434,-37.325,38.95,102.602,9.343,-61.509,1.932,-33.241,39.127
635,22.2128,99.007,9.649,-52.329,2.507,-35.372,38.95,102.634,9.4,-63.321,1.836,-31.509,39.127
636,22.2458,99.007,9.649,-54.326,2.507,-34.098,38.95,102.503,9.385,-64.208,1.566,-30.43,39.121
637,22.2789,99.097,9.649,-56.323,2.507,-33.588,38.95,102.401,9.497,-66.097,1.593,-28.583,39.128
638,22.3129,99.187,9.649,-58.153,2.286,-32.314,38.95,102.349,9.369,-67.0,1.621,-27.751,39.127
639,22.3459,99.187,9.649,-59.817,2.139,-30.786,38.95,102.275,9.48,-67.734,1.48,-26.075,39.129
640,22.3791,99.278,9.649,-61.481,1.991,-29.427,38.95,101.986,9.545,-70.422,1.502,-23.039,39.135
641,22.4132,99.278,9.649,-62.978,1.991,-28.408,38.95,101.932,9.552,-70.663,1.298,-22.751,39.132
642,22.4464,99.278,9.649,-64.476,1.991,-26.624,38.95,101.687,9.601,-71.646,1.341,-22.029,39.143
643,22.4833,99.458,9.649,-65.89,1.917,-24.841,38.95,101.622,9.436,-73.402,1.347,-18.95,39.14
644,22.514,99.458,9.649,-67.304,1.77,-23.652,38.95,101.079,9.536,-75.767,1.266,-15.985,39.141
645,22.5473,99.639,9.649,-68.719,1.549,-22.633,38.95,101.21,9.487,-74.825,1.345,-17.023,39.146
646,22.5808,99.729,9.649,-70.133,1.549,-20.764,38.95,100.952,9.495,-77.346,1.087,-13.832,39.144
647,22.6147,99.819,9.649,-71.464,1.549,-18.556,38.95,100.865,9.465,-78.996,0.927,-10.081,39.152
648,22.6485,99.91,9.649,-72.962,1.696,-16.943,38.95,100.615,9.49,-79.829,1.027,-9.258,39.151
649,22.6814,100.0,9.649,-74.293,1.475,-14.82,38.95,100.267,9.501,-81.63,0.908,-6.694,39.16
650,22.7142,100.0,9.649,-75.624,1.106,-12.357,38.95,100.151,9.479,-83.075,0.825,-3.887,39.165
651,22.7474,100.0,9.649,-76.789,1.032,-10.488,38.95,99.55,9.473,-87.414,0.583,3.897,39.176
652,22.7812,100.0,9.649,-78.203,1.106,-8.195,38.95,99.516,9.441,-88.963,0.32,6.423,39.181
653,22.8145,100.0,9.649,-79.617,1.254,-5.393,38.95,99.32,9.455,-88.238,0.465,5.796,39.179
654,22.8485,100.0,9.649,-81.198,0.959,-1.741,38.95,99.265,9.435,-90.528,0.139,9.877,39.184
655,22.8812,100.0,9.649,-82.862,0.516,1.741,38.95,99.102,9.465,-91.838,-0.02,12.963,39.185
656,22.9152,100.0,9.649,-84.359,0.369,4.459,38.95,98.68,9.491,-93.378,-0.073,16.427,39.196
657,22.9484,99.91,9.649,-86.106,0.442,7.261,38.95,98.653,9.453,-93.368,-0.106,16.437,39.194
658,22.9817,99.91,9.649,-87.77,0.516,10.488,38.95,98.621,9.473,-96.838,-0.594,23.623,39.198
659,23.0155,99.91,9.649,-89.185,0.369,13.121,38.95,98.637,9.409,-97.26,-0.656,24.42,39.198
660,23.0484,99.91,9.649,-90.599,0.074,14.82,38.95,98.512,9.468,-97.876,-0.699,25.71,39.201
661,23.0816,99.819,9.649,-92.097,-0.221,17.367,38.95,98.566,9.379,-98.441,-0.884,27.896,39.196
662,23.1137,99.819,9.649,-93.428,-0.369,20.594,38.95,98.726,9.327,-99.219,-0.971,29.374,39.192
663,23.1483,99.729,9.649,-94.676,-0.369,23.397,38.95,98.43,9.364,-99.22,-0.999,30.199,39.195
664,23.1822,99.729,9.649,-95.923,-0.147,25.86,38.95,98.77,9.276,-99.785,-1.194,31.691,39.186
665,23.2158,99.549,9.649,-96.922,-0.221,27.728,38.95,98.766,9.288,-100.048,-1.282,32.511,39.18
666,23.2483,99.458,9.649,-97.837,-0.59,29.087,38.95,98.705,9.282,-100.072,-1.297,32.902,39.182
667,23.2823,99.458,9.649,-98.419,-0.885,30.531,38.95,98.958,9.239,-100.372,-1.397,33.76,39.17
668,23.3149,99.458,9.649,-98.835,-0.959,31.55,38.95,98.846,9.287,-100.483,-1.481,34.554,39.166
669,23.3483,99.458,9.649,-99.085,-0.959,32.314,38.95,98.829,9.246,-100.443,-1.501,35.045,39.162
670,23.3815,99.458,9.649,-99.251,-0.811,33.333,38.95,98.986,9.23,-100.477,-1.53,35.194,39.158
671,23.4147,99.458,9.649,-99.251,-0.737,34.013,38.95,98.844,9.269,-100.489,-1.567,35.246,39.154
672,23.4479,99.458,9.649,-99.251,-0.737,34.522,38.95,98.948,9.297,-100.594,-1.598,35.573,39.15
673,23.4816,99.458,9.649,-99.334,-0.811,34.862,38.95,99.115,9.188,-100.484,-1.708,36.037,39.146
674,23.515,99.458,9.649,-99.334,-0.959,35.202,38.95,99.073,9.262,-100.569,-1.648,35.91,39.143
675,23.549,99.458,9.649,-99.334,-1.106,35.541,38.95,99.127,9.237,-100.539,-1.765,36.365,39.132
676,23.5826,99.458,9.649,-99.334,-1.18,35.626,38.95,99.135,9.211,-100.538,-1.741,36.227,39.137
677,23.616,99.368,9.649,-99.334,-1.18,35.966,38.95,99.067,9.233,-100.514,-1.758,36.376,39.132
678,23.6495,99.368,9.649,-99.334,-1.18,36.051,38.95,99.109,9.254,-100.511,-1.753,36.452,39.131
679,23.6827,99.368,9.649,-99.334,-1.18,36.051,38.95,99.123,9.272,-100.622,-1.765,36.35,39.13
680,23.7162,99.368,9.649,-99.334,-1.18,36.051,38.95,99.109,9.198,-100.456,-1.821,36.813,39.131
681,23.7496,99.368,9.649,-99.334,-1.18,36.051,38.95,99.112,9.229,-100.558,-1.789,36.713,39.13
682,23.783,99.368,9.649,-99.334,-1.18,36.306,38.95,99.118,9.213,-100.442,-1.846,36.821,39.125
683,23.8167,99.368,9.649,-99.334,-1.327,36.391,38.95,99.127,9.23,-100.555,-1.861,36.782,39.123
684,23.851,99.368,9.649,-99.334,-1.327,36.476,38.95,99.047,9.26,-100.593,-1.887,36.953,39.116
685,23.8836,99.368,9.649,-99.334,-1.327,36.561,38.95,99.093,9.246,-100.5,-1.851,37.045,39.123
686,23.9167,99.368,9.649,-99.334,-1.327,36.561,38.95,99.084,9.237,-100.76,-1.927,37.053,39.111
687,23.95,99.368,9.649,-99.334,-1.327,36.645,38.95,99.159,9.235,-100.626,-1.865,36.975,39.114
688,23.9836,99.368,9.649,-99.334,-1.327,36.815,38.95,99.069,9.261,-100.503,-1.872,37.091,39.118
689,24.0173,99.368,9.649,-99.334,-1.327,36.815,38.95,99.051,9.242,-100.578,-1.93,37.113,39.112
690,24.0508,99.368,9.649,-99.334,-1.327,36.815,38.95,99.102,9.241,-100.642,-1.928,37.029,39.114
691,24.0846,99.368,9.649,-99.334,-1.327,36.815,38.95,99.05,9.251,-100.704,-1.922,37.26,39.109
692,24.1178,99.368,9.649,-99.334,-1.327,36.815,38.95,99.045,9.262,-100.615,-1.875,37.381,39.115
693,24.151,99.368,9.649,-99.334,-1.327,36.9,38.95,99.112,9.25,-100.591,-1.92,37.17,39.113
694,24.1843,99.368,9.649,-99.334,-1.327,36.9,38.95,99.041,9.263,-100.643,-1.983,37.268,39.112
695,24.2176,99.368,9.649,-99.334,-1.327,36.9,38.95,99.041,9.26,-100.795,-1.988,37.449,39.102
696,24.251,99.368,9.649,-99.334,-1.327,36.9,38.95,98.998,9.27,-100.751,-2.0,37.352,39.103
697,24.2846,99.368,9.649,-99.334,-1.327,36.9,38.95,99.027,9.27,-100.755,-1.984,37.343,39.105
698,24.3178,99.368,9.649,-99.334,-1.327,37.155,38.95,99.059,9.254,-100.735,-1.975,37.457,39.107
699,24.3513,99.368,9.649,-99.334,-1.327,37.24,38.95,99.01,9.267,-100.804,-1.999,37.578,39.103
700,24.4803,99.368,9.649,-99.334,-1.327,37.24,38.95,101.92,15.958,-103.537,-0.195,42.239,39.107
701,24.4904,99.368,9.649,-99.334,-1.327,37.24,38.95,101.703,15.628,-103.225,-0.227,42.259,39.103
702,24.5236,99.368,9.649,-99.334,-1.327,37.24,38.95,101.746,15.557,-103.259,-0.208,41.849,39.105
703,24.5608,99.458,9.649,-99.418,-1.254,38.174,38.95,101.661,15.588,-102.976,-0.13,41.038,39.105
704,24.593,99.458,9.649,-99.418,-0.885,39.873,38.95,101.59,15.475,-102.731,-0.06,39.85,39.1
705,24.6263,99.458,9.919,-99.334,-0.442,40.467,38.95,101.427,14.951,-102.538,-0.155,39.395,39.095
706,24.6598,99.458,10.931,-99.418,-0.516,40.382,38.95,101.225,15.189,-101.9,-0.041,37.496,39.084
707,24.6934,99.458,11.943,-99.418,-0.59,40.212,38.95,101.314,15.178,-101.817,0.047,37.331,39.088
708,24.7266,99.458,12.888,-99.418,-0.59,39.958,38.95,101.362,16.539,-100.274,0.482,34.554,39.082
709,24.7598,99.549,13.698,-99.418,-0.516,39.108,38.95,101.173,15.057,-100.871,0.205,34.904,39.069
710,24.7935,99.549,14.372,-99.418,-0.442,38.344,38.95,101.442,16.725,-99.092,0.614,31.797,39.077
711,24.8266,99.549,15.047,-99.418,-0.369,37.24,38.95,101.441,16.831,-98.534,0.615,31.231,39.064
712,24.8602,99.549,15.587,-99.418,-0.295,36.136,38.95,101.234,18.448,-95.514,1.1,28.51,39.068
713,24.8935,99.549,15.924,-99.334,-0.074,34.522,38.95,101.238,17.433,-96.655,0.923,29.853,39.058
714,24.9269,99.549,16.262,-99.251,0.221,32.824,38.95,101.53,17.535,-96.646,0.807,28.019,39.053
715,24.9607,99.549,16.599,-98.586,0.516,31.465,38.95,101.424,16.781,-97.414,0.777,29.406,39.045
716,24.9938,99.549,16.869,-97.92,0.59,30.616,38.95,100.21,17.817,-93.006,1.331,25.519,39.028
717,25.0271,99.639,16.869,-97.671,0.59,30.191,38.95,100.872,17.11,-95.43,0.908,27.891,39.031
718,25.0607,99.639,16.869,-97.421,0.516,30.276,38.95,99.909,18.406,-92.038,1.281,23.966,39.014
719,25.0942,99.639,16.869,-97.088,0.516,29.682,38.95,100.374,17.504,-93.241,0.884,24.749,39.01
720,25.1278,99.729,16.869,-96.506,0.664,28.493,38.95,100.478,18.04,-93.934,1.066,25.642,39.017
721,25.1609,99.729,17.072,-95.674,0.737,26.879,38.95,100.825,14.893,-96.756,0.559,28.0,38.999
722,25.1947,99.819,17.206,-95.092,0.885,26.115,38.95,100.212,17.332,-93.545,0.729,24.397,38.995
723,25.2282,99.819,17.476,-94.343,0.885,26.879,38.95,99.842,17.865,-92.114,0.855,23.135,38.995
724,25.2617,99.91,17.476,-94.01,0.885,27.728,38.95,99.044,17.624,-90.883,0.852,22.858,38.993
725,25.295,99.91,17.476,-94.093,0.885,27.389,38.95,98.716,19.701,-89.776,0.64,23.009,39.0
726,25.328,99.91,17.476,-93.927,0.885,25.945,38.95,98.095,18.44,-88.577,0.924,21.346,38.991
727,25.3621,99.819,17.544,-93.261,0.885,24.756,38.95,99.1,18.572,-89.742,0.507,21.725,38.99
728,25.3949,99.729,17.746,-92.263,0.885,24.161,38.95,98.428,18.897,-89.021,0.508,22.346,38.999
729,25.4286,99.729,18.016,-91.348,0.885,23.397,38.95,97.966,19.537,-87.863,0.759,21.147,38.987
730,25.462,99.729,18.219,-90.516,0.811,23.312,38.95,97.177,19.809,-85.24,0.463,18.65,38.988
731,25.4952,99.729,18.489,-89.601,0.811,22.972,38.95,97.404,18.774,-86.79,0.577,20.635,38.987
732,25.5288,99.639,18.893,-88.852,0.811,21.868,38.95,96.43,20.046,-83.641,0.696,18.007,38.988
733,25.5618,99.458,19.096,-88.27,0.737,20.679,38.95,95.635,20.753,-82.223,0.431,17.418,38.981
734,25.5958,99.278,19.231,-87.604,0.737,20.17,38.95,96.035,19.214,-83.85,0.7,19.375,38.982
735,25.629,98.736,19.568,-86.689,0.737,19.406,38.95,95.05,20.551,-81.45,0.579,18.256,38.985
736,25.6624,98.375,19.906,-86.19,0.737,19.236,38.95,93.974,21.06,-79.403,0.593,16.55,38.984
737,25.696,98.194,20.108,-85.441,0.737,19.66,38.95,95.909,19.162,-83.236,0.545,19.302,38.98
738,25.7294,97.381,20.108,-83.361,0.737,19.151,38.95,93.457,21.044,-77.633,0.469,16.15,38.983
739,25.763,97.291,20.108,-82.446,0.811,18.217,38.95,93.981,18.991,-79.753,0.471,17.523,38.975
740,25.7962,97.201,20.108,-81.531,0.664,17.707,38.95,92.198,20.694,-75.121,0.656,14.308,38.979
741,25.8298,96.93,20.108,-80.283,0.59,17.707,38.95,91.501,23.213,-72.589,0.152,12.762,38.981
742,25.863,96.117,20.108,-79.201,0.59,17.962,38.95,88.731,24.823,-66.701,-0.254,8.959,38.984
743,25.8968,95.034,20.243,-78.037,0.737,16.773,38.95,89.058,23.735,-68.158,0.086,10.529,38.977
744,25.9301,94.221,20.715,-76.789,0.442,14.65,38.95,87.763,23.939,-65.011,0.195,8.917,38.972
745,25.9634,92.867,21.323,-74.958,0.074,12.527,38.95,88.405,23.131,-66.019,-0.142,9.354,38.974
746,25.9971,91.693,21.997,-73.544,0.0,11.423,38.95,86.663,24.149,-63.32,-0.147,7.981,38.968
747,26.0302,91.061,22.672,-71.797,0.147,10.913,38.95,85.466,24.328,-61.433,-0.119,7.452,38.971
748,26.0636,90.609,23.077,-69.218,0.295,10.234,38.95,86.004,22.653,-62.869,-0.068,8.615,38.977
749,26.0974,89.707,23.414,-67.388,0.295,9.554,38.95,84.632,25.663,-59.837,-0.034,8.069,38.98
750,26.1305,88.894,23.549,-66.057,0.295,9.299,38.95,85.613,25.101,-60.996,-0.257,6.181,38.959
751,26.1641,88.352,23.549,-64.559,0.221,9.214,38.95,85.854,23.834,-62.09,0.002,7.875,38.969
752,26.1977,87.901,23.549,-62.895,0.147,8.535,38.95,83.091,25.028,-56.611,-0.324,4.961,38.96
753,26.231,87.901,23.752,-61.897,0.221,7.771,38.95,82.566,25.239,-55.152,-0.123,4.662,38.969
754,26.2644,87.54,24.022,-60.899,0.221,7.686,38.95,79.779,26.42,-50.09,-0.514,0.959,38.966
755,26.2982,86.546,24.359,-59.734,0.221,6.837,38.95,79.248,26.185,-49.628,-0.398,1.358,38.961
756,26.3313,85.372,24.764,-58.652,0.074,5.732,38.95,80.321,25.091,-51.576,-0.352,2.027,38.968
757,26.3645,83.747,25.169,-56.988,-0.074,4.204,38.95,78.59,27.052,-47.163,-0.434,-1.304,38.96
758,26.3983,82.935,25.439,-55.491,0.0,3.355,38.95,77.248,26.634,-45.207,-0.124,-0.283,38.968
759,26.4318,82.573,25.641,-53.744,0.0,3.27,38.95,77.701,26.742,-45.299,-0.105,-2.037,38.961
760,26.4648,81.67,25.911,-51.581,0.0,2.251,38.95,76.184,27.837,-42.567,-0.244,-3.276,38.959
761,26.4986,80.858,26.113,-49.917,0.0,0.892,38.95,76.162,27.761,-41.905,-0.369,-4.967,38.956
762,26.5316,80.135,26.383,-48.336,0.0,-0.552,38.95,75.022,29.294,-40.132,-0.642,-5.232,38.955
763,26.5662,79.323,26.721,-46.506,0.0,-1.911,38.95,76.593,25.569,-43.542,-0.262,-2.384,38.956
764,26.5989,78.691,27.193,-44.925,0.0,-2.845,38.95,72.851,29.633,-36.448,-0.505,-6.997,38.954
765,26.632,78.059,27.733,-43.677,0.0,-3.185,38.95,75.317,26.79,-41.689,-0.468,-4.204,38.943
766,26.6654,78.149,28.205,-42.512,0.0,-2.76,38.95,72.436,28.404,-36.854,-0.318,-5.216,38.96
767,26.6987,78.059,28.677,-40.765,0.0,-2.76,38.95,70.568,30.353,-30.842,-0.347,-9.997,38.956
768,26.7325,77.607,28.88,-39.434,0.0,-3.609,38.95,71.498,28.595,-33.954,-0.134,-9.04,38.948
769,26.7659,75.892,28.88,-38.186,0.0,-4.374,38.95,68.754,29.922,-28.63,-0.513,-11.621,38.944
770,26.7998,74.357,29.015,-36.855,0.0,-6.072,38.95,68.361,30.273,-27.463,-0.324,-13.07,38.948
771,26.8328,73.634,29.015,-35.691,0.0,-7.856,38.95,67.706,31.066,-25.747,-0.221,-13.91,38.94
772,26.8659,72.46,29.015,-34.11,0.0,-9.554,38.95,68.453,30.804,-26.816,-0.484,-13.743,38.943
773,26.8997,71.287,29.487,-32.363,0.0,-10.998,38.95,66.206,29.827,-23.48,-0.222,-14.248,38.95
774,26.9335,70.745,29.96,-30.699,0.0,-11.847,38.95,64.256,32.055,-17.5,-0.164,-18.942,38.953
775,26.9666,70.293,30.297,-28.869,0.0,-12.357,38.95,66.997,29.417,-24.845,-0.117,-14.076,38.939
776,27.0,69.21,30.567,-26.955,-0.074,-13.206,38.95,66.222,30.062,-23.162,-0.305,-14.949,38.94
777,27.033,67.946,30.837,-25.458,0.0,-14.565,38.95,68.349,26.922,-28.012,-0.117,-11.041,38.949
778,27.0667,67.494,30.837,-23.96,0.0,-14.904,38.95,64.396,28.914,-20.589,0.019,-16.882,38.941
779,27.1,68.126,30.837,-22.546,0.0,-13.8,38.95,62.995,30.764,-16.447,-0.156,-19.287,38.948
780,27.1338,69.029,30.837,-21.048,-0.147,-12.272,38.95,66.685,29.104,-23.364,-0.336,-16.103,38.931
781,27.1671,68.939,30.297,-19.717,-0.074,-11.932,38.95,65.585,28.256,-21.874,0.054,-16.582,38.937
782,27.2004,67.494,29.825,-18.802,0.0,-13.036,38.95,62.305,30.336,-15.008,-0.192,-20.202,38.944
783,27.2339,66.23,29.487,-18.636,0.0,-14.565,38.95,58.747,32.342,-8.314,0.062,-23.809,38.95
784,27.2671,66.05,29.082,-18.386,0.0,-15.669,38.95,66.638,28.376,-23.928,0.03,-15.983,38.918
785,27.3008,65.237,28.947,-17.554,-0.147,-17.622,38.95,63.628,31.013,-18.082,-0.335,-18.604,38.938
786,27.3341,63.431,28.947,-16.805,-0.221,-19.83,38.95,60.887,30.648,-12.246,-0.087,-22.151,38.933
787,27.3676,62.167,28.947,-16.473,-0.074,-21.019,38.95,60.847,30.443,-11.806,0.263,-23.179,38.933
788,27.4011,62.348,28.947,-16.306,0.074,-21.104,38.95,63.39,26.032,-17.893,0.525,-18.799,38.937
789,27.4343,62.528,29.015,-15.308,0.074,-21.444,38.95,58.469,32.397,-6.466,-0.159,-26.675,38.933
790,27.468,62.709,29.487,-14.393,0.0,-21.699,38.95,59.873,30.415,-8.498,0.342,-26.236,38.933
791,27.5011,63.431,29.825,-13.894,0.0,-21.444,38.95,62.533,29.614,-14.768,0.084,-22.072,38.922
792,27.5348,63.612,30.162,-12.978,0.0,-22.038,38.95,61.209,26.786,-13.132,0.902,-21.433,38.94
793,27.5683,62.889,30.229,-11.564,0.0,-23.397,38.95,62.006,25.861,-15.263,0.634,-20.674,38.939
794,27.6015,62.799,30.229,-10.899,0.0,-23.907,38.95,58.199,28.877,-7.327,0.456,-25.404,38.943
795,27.6352,62.799,30.229,-10.316,0.074,-23.057,38.95,57.991,30.626,-5.472,0.109,-27.258,38.936
796,27.6686,62.799,29.622,-9.9,0.074,-21.783,38.95,53.898,30.644,1.465,0.801,-30.632,38.953
797,27.7019,61.806,29.015,-9.068,0.147,-21.529,38.95,59.151,27.819,-9.162,0.916,-24.576,38.938
798,27.7356,60.181,28.543,-8.236,0.221,-22.803,38.95,57.104,29.802,-4.392,0.52,-27.399,38.938
799,27.7687,58.375,28.408,-7.238,0.442,-25.35,38.95,56.889,31.01,-3.741,0.28,-28.013,38.939
800,27.8855,57.381,28.34,-6.406,0.516,-27.134,38.95,55.693,10.76,6.038,1.585,-30.55,39.153
801,27.8982,58.194,28.812,-3.494,0.516,-27.219,38.95,55.831,10.593,5.115,1.669,-30.61,39.149
802,27.9314,58.194,29.555,-3.161,0.516,-27.219,38.95,57.354,10.481,3.459,1.617,-30.509,39.152
803,27.9652,57.923,29.96,-3.078,0.664,-28.068,38.95,58.768,10.251,0.789,1.651,-30.254,39.147
804,27.9981,57.743,30.094,-2.662,0.959,-29.002,38.95,60.834,9.863,-2.377,1.665,-30.18,39.152
805,28.0316,58.465,30.094,-1.913,1.18,-29.172,38.95,61.28,9.647,-3.886,1.524,-30.144,39.16
806,28.0653,59.639,30.094,-0.998,1.327,-29.172,38.95,64.345,9.421,-7.967,1.339,-29.296,39.157
807,28.0983,60.813,29.42,-0.083,1.475,-29.172,38.95,65.168,9.385,-8.772,1.334,-29.634,39.164
808,28.1318,61.625,28.273,0.666,1.475,-29.087,38.95,69.072,9.359,-13.77,1.244,-30.148,39.15
809,28.1652,63.16,26.788,0.666,1.475,-29.172,38.95,68.332,9.284,-12.801,1.179,-29.682,39.159
810,28.1986,65.056,25.169,0.666,1.401,-29.172,38.95,72.939,9.299,-17.099,0.99,-29.72,39.166
811,28.232,67.223,23.279,0.499,1.401,-29.172,38.95,72.432,9.314,-17.249,1.014,-29.673,39.169
812,28.2655,69.12,21.053,0.0,1.401,-29.172,38.95,73.716,9.381,-18.943,0.918,-30.201,39.164
813,28.2988,70.745,18.961,-0.915,1.475,-29.172,38.95,75.806,9.367,-20.908,0.828,-30.299,39.169
814,28.3322,72.099,17.072,-2.329,1.475,-29.172,38.95,76.734,9.386,-22.457,0.804,-29.69,39.176
815,28.3659,73.454,15.182,-4.493,1.401,-29.257,38.95,78.705,9.423,-24.727,0.624,-29.963,39.174
816,28.399,75.079,13.63,-7.072,1.327,-29.257,38.95,78.078,9.412,-23.487,0.691,-30.307,39.179
817,28.4324,76.433,12.348,-9.567,1.106,-29.257,38.95,80.808,9.465,-27.597,0.694,-30.299,39.17
818,28.466,77.788,11.336,-12.23,0.959,-29.257,38.95,80.455,9.478,-26.862,0.682,-30.357,39.174
819,28.4995,78.33,10.661,-14.559,0.959,-29.257,38.95,83.182,9.547,-31.368,0.533,-30.021,39.172
820,28.5328,79.503,10.256,-17.138,1.032,-29.342,38.95,84.128,9.483,-31.503,0.671,-29.934,39.173
821,28.5662,80.677,10.121,-19.301,1.032,-29.342,38.95,85.841,9.529,-34.865,0.637,-29.523,39.166
822,28.5998,82.483,9.919,-21.547,1.032,-29.342,38.95,85.707,9.527,-34.14,0.653,-29.94,39.174
823,28.6334,84.108,9.919,-23.794,0.959,-29.257,38.95,86.03,9.511,-34.318,0.558,-29.88,39.179
824,28.6666,85.192,9.919,-25.874,0.959,-29.257,38.95,86.59,9.539,-35.601,0.588,-30.059,39.169
825,28.7001,85.553,9.784,-27.621,1.032,-29.257,38.95,89.602,9.563,-40.647,0.548,-29.06,39.165
826,28.7334,86.275,9.784,-29.534,1.032,-29.257,38.95,89.978,9.541,-40.63,0.519,-29.381,39.17
827,28.7669,87.178,9.784,-31.198,1.032,-29.257,38.95,90.881,9.531,-41.311,0.611,-29.685,39.168
828,28.8003,88.894,9.649,-32.945,1.032,-29.257,38.95,92.552,9.556,-44.417,0.526,-28.623,39.17
829,28.8337,90.248,9.649,-34.609,1.032,-29.257,38.95,93.045,9.507,-45.297,0.437,-27.855,39.169
830,28.8673,91.151,9.649,-36.273,1.032,-29.172,38.95,92.331,9.533,-43.615,0.504,-29.347,39.178
831,28.9006,92.235,9.649,-38.103,0.959,-28.577,38.95,95.04,9.524,-48.395,0.6,-27.687,39.172
832,28.934,92.506,9.649,-39.601,0.811,-28.493,38.95,95.892,9.509,-49.858,0.505,-27.291,39.168
833,28.9689,92.777,9.649,-41.181,0.811,-28.577,38.95,97.364,9.52,-52.363,0.505,-26.734,39.164
834,29.0016,94.402,9.649,-43.511,0.885,-28.153,38.95,97.832,9.515,-53.054,0.646,-26.822,39.16
835,29.0344,95.847,9.649,-44.426,0.959,-27.389,38.95,99.073,9.504,-55.112,0.611,-26.104,39.161
836,29.0679,97.201,9.649,-46.09,0.885,-27.134,38.95,99.175,9.533,-55.97,0.44,-25.567,39.156
837,29.1014,97.923,9.649,-47.837,0.885,-26.794,38.95,100.473,9.48,-58.279,0.518,-25.095,39.16
838,29.1348,98.555,9.649,-49.667,0.885,-26.2,38.95,100.707,9.433,-59.272,0.501,-24.455,39.152
839,29.1686,98.646,9.649,-51.331,0.885,-25.69,38.95,101.653,9.487,-62.08,0.558,-22.976,39.162
840,29.2015,98.736,9.649,-53.078,0.885,-25.18,38.95,102.2,9.562,-64.401,0.703,-21.302,39.166
841,29.2351,98.916,9.649,-54.742,0.885,-24.416,38.95,102.031,9.531,-63.692,0.473,-22.124,39.158
842,29.2684,99.097,9.649,-56.572,0.885,-23.142,38.95,102.599,9.591,-66.274,0.541,-21.007,39.166
843,29.3019,99.187,9.649,-58.236,0.885,-22.378,38.95,102.39,9.507,-67.178,0.628,-18.654,39.159
844,29.3364,99.187,9.649,-59.9,0.885,-22.293,38.95,102.597,9.584,-70.605,0.779,-16.419,39.158
845,29.3698,99.278,9.649,-61.647,0.885,-21.189,38.95,102.565,9.534,-67.514,0.617,-19.55,39.162
846,29.4026,99.278,9.649,-63.228,0.959,-19.321,38.95,102.638,9.535,-71.765,0.621,-15.972,39.155
847,29.436,99.278,9.649,-64.725,0.959,-17.877,38.95,102.433,9.512,-72.799,0.642,-13.104,39.161
848,29.4693,99.368,9.649,-66.306,0.959,-17.197,38.95,102.487,9.514,-73.548,0.764,-13.059,39.157
849,29.5026,99.549,9.649,-67.887,0.959,-16.178,38.95,102.518,9.547,-74.503,0.75,-12.931,39.162
850,29.536,99.729,9.649,-69.384,0.959,-14.735,38.95,102.458,9.513,-75.372,0.749,-11.301,39.161
851,29.5696,99.729,9.649,-70.632,0.959,-13.8,38.95,101.92,9.464,-80.117,1.073,-4.191,39.165
852,29.6038,99.91,9.649,-71.88,0.959,-13.036,38.95,102.028,9.416,-79.363,0.924,-5.046,39.164
853,29.6382,99.91,9.649,-73.295,0.959,-11.338,38.95,101.77,9.432,-79.734,0.929,-4.307,39.16
854,29.67,100.0,9.649,-74.459,0.959,-8.875,38.95,101.576,9.417,-82.111,0.972,-0.66,39.163
855,29.7032,100.0,9.649,-75.707,0.959,-6.752,38.95,101.455,9.391,-82.464,0.997,0.805,39.165
856,29.7365,100.0,9.649,-76.955,0.959,-5.393,38.95,101.23,9.391,-83.436,1.024,2.205,39.17
857,29.7701,100.0,9.649,-78.286,0.959,-3.1,38.95,100.993,9.417,-85.32,1.066,4.886,39.171
858,29.8037,100.0,9.649,-79.534,0.959,-0.977,38.95,100.348,9.345,-90.724,1.073,14.967,39.186
859,29.8374,100.0,9.649,-80.699,0.959,1.146,38.95,100.438,9.341,-90.226,1.043,13.565,39.183
860,29.8708,100.0,9.649,-82.113,0.959,3.694,38.95,100.076,9.348,-91.693,1.112,16.341,39.192
861,29.904,100.0,9.649,-83.694,0.959,7.091,38.95,99.721,9.332,-93.366,0.99,20.576,39.191
862,29.9375,100.0,9.649,-85.275,0.959,10.488,38.95,100.029,9.25,-94.569,0.863,21.729,39.183
863,29.9711,100.0,9.649,-87.022,0.959,13.8,38.95,99.252,9.286,-96.867,0.867,27.755,39.199
864,30.0051,100.0,9.649,-88.602,0.959,16.858,38.95,99.877,9.211,-95.321,0.688,23.894,39.181
865,30.0378,100.0,9.649,-90.266,0.959,19.745,38.95,99.268,9.234,-98.137,0.518,30.61,39.187
866,30.0717,100.0,9.649,-91.93,0.959,22.803,38.95,99.038,9.253,-98.351,0.576,31.952,39.197
867,30.1052,99.91,9.649,-93.178,0.959,25.52,38.95,99.351,9.2,-98.882,0.371,32.364,39.182
868,30.1383,99.729,9.649,-94.509,0.959,28.068,38.95,99.093,9.192,-99.703,0.285,34.642,39.186
869,30.1718,99.729,9.649,-95.757,0.959,29.936,38.95,99.083,9.158,-100.346,0.09,36.793,39.178
870,30.2049,99.639,9.649,-96.839,0.811,31.21,38.95,99.316,9.16,-100.273,0.13,36.635,39.179
871,30.2384,99.549,9.649,-97.837,0.59,33.248,38.95,99.042,9.205,-100.446,0.046,37.238,39.177
872,30.2718,99.549,9.649,-98.336,0.442,34.862,38.95,99.14,9.167,-100.864,0.014,38.177,39.174
873,30.3052,99.549,9.649,-98.752,0.369,35.626,38.95,99.3,9.067,-100.963,-0.173,39.136,39.159
874,30.3386,99.549,9.649,-99.085,0.369,36.645,38.95,99.264,9.101,-101.025,-0.135,39.118,39.157
875,30.3721,99.549,9.649,-99.168,0.442,37.665,38.95,99.202,9.059,-101.121,-0.312,40.374,39.144
876,30.4056,99.549,9.649,-99.168,0.442,38.344,38.95,99.212,9.036,-101.028,-0.263,39.92,39.147
877,30.4388,99.549,9.649,-99.168,0.442,38.938,38.95,99.144,9.085,-101.142,-0.305,40.319,39.145
878,30.4732,99.549,9.582,-99.168,0.221,39.533,38.95,99.252,9.051,-101.154,-0.355,40.555,39.138
879,30.5062,99.549,9.447,-99.168,0.147,39.618,38.95,99.308,9.074,-101.193,-0.309,40.546,39.138
880,30.5396,99.549,9.379,-99.251,0.147,40.042,38.95,99.149,8.991,-101.01,-0.383,41.018,39.132
881,30.5731,99.549,9.379,-99.168,0.147,40.212,38.95,99.206,9.05,-101.147,-0.382,40.938,39.136
882,30.6076,99.549,9.379,-99.251,0.147,40.382,38.95,99.268,9.012,-101.008,-0.459,41.258,39.123
883,30.6401,99.549,9.379,-99.251,0.147,40.637,38.95,99.257,9.021,-101.084,-0.466,41.189,39.124
884,30.6739,99.549,9.379,-99.251,0.147,40.892,38.95,99.164,9.034,-101.131,-0.507,41.475,39.118
885,30.7072,99.549,9.379,-99.251,0.147,40.977,38.95,99.152,8.979,-100.972,-0.439,41.591,39.123
886,30.7406,99.458,9.379,-99.251,0.147,41.062,38.95,99.242,9.007,-101.193,-0.547,41.862,39.107
887,30.7738,99.458,9.379,-99.251,0.147,41.401,38.95,99.305,9.028,-101.145,-0.486,41.671,39.115
888,30.8072,99.458,9.379,-99.251,0.147,41.571,38.95,99.196,9.023,-101.04,-0.478,41.725,39.116
889,30.8407,99.458,9.379,-99.251,0.147,41.571,38.95,99.18,9.008,-101.105,-0.549,41.935,39.106
890,30.8741,99.458,9.379,-99.251,0.147,41.571,38.95,99.228,8.987,-101.106,-0.531,41.733,39.112
891,30.9077,99.458,9.379,-99.251,0.074,41.571,38.95,99.226,9.013,-101.141,-0.525,42.132,39.107
892,30.9408,99.458,9.379,-99.251,-0.074,41.571,38.95,99.198,9.001,-101.087,-0.495,42.245,39.111
893,30.9742,99.458,9.379,-99.251,-0.074,41.571,38.95,99.245,9.02,-101.082,-0.537,42.05,39.109
894,31.0082,99.458,9.379,-99.251,0.0,41.911,38.95,99.179,9.006,-101.054,-0.572,42.27,39.105
895,31.0411,99.458,9.379,-99.251,0.0,41.911,38.95,99.203,9.019,-101.157,-0.578,42.492,39.099
896,31.0745,99.458,9.379,-99.251,0.0,41.911,38.95,99.199,9.014,-101.196,-0.584,42.464,39.098
897,31.1079,99.458,9.379,-99.251,0.0,41.996,38.95,99.213,9.015,-101.14,-0.571,42.406,39.101
898,31.1416,99.458,9.379,-99.251,0.0,42.251,38.95,99.226,9.009,-101.147,-0.588,42.458,39.1
899,31.1747,99.458,9.379,-99.251,0.0,42.251,38.95,99.196,9.014,-101.178,-0.588,42.665,39.097
900,31.3056,99.458,9.379,-99.251,0.0,42.251,38.95,101.493,13.428,-103.039,0.188,44.911,39.13
901,31.3155,99.458,9.379,-99.251,0.0,42.42,38.95,101.323,13.143,-102.711,0.193,44.912,39.126
902,31.3488,99.458,9.379,-99.251,0.0,42.42,38.95,101.363,13.009,-102.748,0.201,44.597,39.128
903,31.3843,99.458,9.379,-99.251,0.0,43.27,38.95,101.256,12.872,-102.56,0.233,44.181,39.127
904,31.4182,99.458,9.379,-99.251,0.074,44.034,38.95,101.245,12.38,-102.437,0.261,43.278,39.122
905,31.4507,99.458,9.582,-99.251,0.074,44.034,38.95,101.036,11.769,-102.195,0.158,42.931,39.111
906,31.4854,99.458,10.526,-99.251,0.0,44.034,38.95,100.814,11.477,-101.914,0.156,42.273,39.106
907,31.5189,99.458,11.201,-99.251,0.074,43.864,38.95,100.825,11.606,-101.812,0.291,41.567,39.107
908,31.5529,99.549,11.741,-99.251,0.074,43.779,38.95,100.803,12.453,-101.371,0.63,39.714,39.105
909,31.586,99.549,11.943,-99.251,0.074,43.185,38.95,100.712,11.251,-101.498,0.467,39.843,39.094
910,31.6195,99.549,11.943,-99.251,0.074,42.42,38.95,100.846,11.981,-101.15,0.687,38.679,39.103
911,31.6527,99.549,11.943,-99.251,0.074,41.571,38.95,100.928,12.128,-100.819,0.822,37.438,39.09
912,31.6862,99.549,11.943,-99.251,0.074,40.892,38.95,101.007,13.821,-98.602,1.285,34.536,39.094
913,31.7198,99.549,11.943,-99.251,0.074,39.873,38.95,100.979,12.326,-100.118,1.064,36.31,39.084
914,31.753,99.549,11.943,-99.251,0.147,38.684,38.95,101.072,12.2,-100.462,0.953,35.721,39.08
915,31.7865,99.549,12.078,-99.168,0.442,37.24,38.95,101.101,11.536,-100.963,0.943,36.371,39.07
916,31.82,99.549,12.078,-99.251,0.664,36.73,38.95,101.005,12.914,-98.184,1.768,32.507,39.056
917,31.8534,99.549,12.078,-99.251,0.664,36.985,38.95,101.134,12.088,-99.978,1.282,34.537,39.056
918,31.8868,99.549,12.078,-99.251,0.59,36.645,38.95,101.147,13.249,-97.725,1.728,31.169,39.043
919,31.9203,99.549,12.078,-99.334,0.959,35.626,38.95,101.42,12.152,-98.723,1.563,31.659,39.039
920,31.9538,99.549,12.078,-99.334,1.327,34.862,38.95,101.596,12.797,-99.126,1.566,32.423,39.041
921,31.9872,99.549,12.078,-99.334,1.327,33.673,38.95,101.279,10.153,-101.305,1.071,34.91,39.029
922,32.0206,99.549,12.078,-99.251,1.18,33.418,38.95,101.558,11.698,-99.891,1.367,32.056,39.026
923,32.0542,99.549,12.078,-99.251,1.106,33.928,38.95,101.496,12.544,-98.555,1.568,30.836,39.024
924,32.0874,99.549,12.078,-99.251,1.18,34.522,38.95,101.268,12.023,-97.992,1.63,30.333,39.025
925,32.1208,99.549,12.078,-99.251,1.254,34.098,38.95,101.123,14.677,-96.168,1.712,29.478,39.021
926,32.1544,99.549,12.078,-99.168,1.327,32.739,38.95,101.087,13.518,-95.749,1.977,28.113,39.016
927,32.188,99.549,12.078,-99.168,1.327,31.635,38.95,101.387,13.773,-96.339,1.668,28.821,39.015
928,32.2213,99.549,12.348,-98.419,1.327,30.701,38.95,101.202,13.0,-97.004,1.453,29.989,39.023
929,32.2547,99.639,12.753,-97.671,1.327,30.021,38.95,101.113,13.978,-96.103,1.716,28.774,39.013
930,32.2881,99.639,13.09,-97.255,1.327,30.361,38.95,100.899,14.282,-94.202,1.678,26.641,39.013
931,32.3216,99.729,13.293,-96.589,1.401,30.276,38.95,101.024,13.359,-95.453,1.68,28.28,39.013
932,32.355,99.729,13.563,-96.589,1.401,29.172,38.95,100.749,14.59,-93.009,1.802,25.933,39.013
933,32.3884,99.729,13.698,-96.589,1.401,28.323,38.95,100.326,14.94,-92.024,1.586,25.268,39.002
934,32.4219,99.729,13.698,-96.09,1.401,28.238,38.95,100.579,13.117,-94.033,1.695,27.665,39.008
935,32.4552,99.729,13.833,-95.424,1.401,27.304,38.95,100.179,14.654,-91.513,1.733,26.031,39.006
936,32.4887,99.819,14.103,-95.008,1.327,27.134,38.95,99.596,15.851,-88.992,1.784,23.52,39.006
937,32.5223,99.819,14.238,-93.927,1.401,27.643,38.95,100.612,12.809,-94.459,1.458,28.67,39.006
938,32.556,99.91,14.372,-92.679,1.401,27.558,38.95,99.313,14.925,-88.822,1.558,24.598,39.004
939,32.5888,100.0,14.642,-92.013,1.401,26.454,38.95,99.796,13.19,-91.361,1.548,26.089,39.0
940,32.6225,100.0,14.642,-91.514,1.327,25.945,38.95,98.864,15.092,-86.882,1.786,22.132,39.0
941,32.6558,100.0,14.642,-90.266,1.327,26.115,38.95,98.382,17.309,-84.641,1.324,20.952,39.004
942,32.689,99.91,14.642,-89.601,1.327,26.369,38.95,96.319,19.03,-79.462,1.035,17.115,38.998
943,32.7226,99.819,14.642,-88.935,1.327,25.265,38.95,96.216,17.991,-80.131,1.367,18.052,38.994
944,32.7561,99.639,14.642,-87.937,1.327,22.972,38.95,95.709,17.951,-77.973,1.413,16.53,38.995
945,32.7895,99.007,15.047,-86.689,1.327,20.849,38.95,95.853,17.431,-78.572,1.135,16.674,38.991
946,32.8229,98.375,15.722,-85.774,1.327,19.406,38.95,94.166,19.034,-74.827,1.177,14.389,38.984
947,32.8564,98.104,16.397,-84.443,1.327,18.726,38.95,94.047,18.498,-75.103,1.215,15.188,38.987
948,32.8897,97.743,17.004,-81.947,1.327,17.792,38.95,94.049,17.438,-75.672,1.207,15.898,38.994
949,32.9231,97.201,17.611,-79.867,1.327,16.603,38.95,92.936,20.056,-72.852,1.259,15.549,38.996
950,32.9567,96.84,18.084,-78.536,1.327,16.433,38.95,93.866,19.432,-73.437,1.152,13.01,38.981
951,32.9903,96.298,18.421,-77.288,1.327,16.518,38.95,93.961,18.416,-74.602,1.292,15.019,38.996
952,33.0235,96.027,18.758,-75.957,1.327,15.754,38.95,91.019,19.717,-67.946,1.155,10.533,38.975
953,33.0603,96.027,18.826,-74.958,1.327,14.82,38.95,91.589,19.499,-69.13,1.223,11.982,38.983
954,33.0906,95.666,18.826,-73.877,1.327,14.225,38.95,88.36,21.317,-62.461,0.909,7.525,38.983
955,33.1239,94.763,18.826,-72.712,1.327,13.121,38.95,88.429,20.98,-62.714,0.991,7.751,38.979
956,33.1574,93.499,19.028,-71.547,1.327,12.017,38.95,89.258,19.98,-64.451,1.044,8.433,38.982
957,33.1907,92.235,19.568,-70.133,1.327,10.403,38.95,87.731,21.805,-60.482,1.034,5.666,38.979
958,33.2243,91.783,19.973,-69.052,1.327,9.809,38.95,86.605,21.027,-59.339,1.261,7.062,38.982
959,33.2574,91.512,20.378,-66.972,1.327,9.214,38.95,87.034,21.491,-58.295,1.335,4.168,38.981
960,33.291,90.519,20.85,-64.809,1.254,7.941,38.95,85.103,22.487,-54.452,1.237,1.977,38.979
961,33.3246,89.977,21.12,-63.394,1.327,7.006,38.95,84.865,22.474,-53.941,1.043,0.462,38.972
962,33.3579,89.345,21.12,-61.73,1.401,5.478,38.95,84.188,23.901,-52.593,0.689,0.487,38.975
963,33.3913,88.442,21.457,-60.067,1.401,3.694,38.95,86.007,20.461,-56.244,1.13,2.977,38.974
964,33.4248,87.54,21.93,-58.486,1.327,2.675,38.95,82.153,24.196,-48.89,0.98,-1.634,38.972
965,33.4583,87.178,22.47,-56.822,1.18,2.505,38.95,84.53,21.855,-53.891,0.876,0.969,38.964
966,33.4918,87.54,22.942,-55.324,1.106,2.93,38.95,81.399,23.222,-48.988,1.061,-0.083,38.976
967,33.525,87.54,23.279,-53.494,1.032,2.76,38.95,79.701,25.415,-43.066,1.01,-4.759,38.98
968,33.5584,86.817,23.414,-52.163,1.18,1.741,38.95,80.995,23.29,-46.352,1.299,-4.216,38.965
969,33.5919,85.102,23.414,-50.915,1.18,0.892,38.95,77.624,24.794,-39.316,0.992,-8.29,38.958
970,33.6253,83.657,23.414,-49.584,1.18,-0.892,38.95,77.765,24.485,-39.224,1.16,-9.075,38.967
971,33.6588,82.935,23.414,-48.336,1.18,-2.845,38.95,77.479,25.512,-38.211,1.297,-9.468,38.96
972,33.6922,81.851,23.414,-46.672,1.106,-5.053,38.95,78.169,25.312,-38.886,0.905,-9.587,38.964
973,33.7256,80.858,23.684,-45.092,1.18,-6.582,38.95,76.233,24.42,-36.332,1.129,-9.849,38.968
974,33.7591,80.406,24.157,-43.677,1.18,-7.516,38.95,73.946,26.549,-29.724,1.212,-14.924,38.97
975,33.7926,80.135,24.629,-42.013,1.18,-8.025,38.95,76.685,24.454,-36.945,1.335,-10.039,38.962
976,33.8262,78.871,24.966,-39.933,1.18,-8.705,38.95,75.659,24.641,-35.158,1.19,-10.642,38.959
977,33.8599,77.607,25.304,-38.27,1.254,-10.149,38.95,77.985,21.567,-40.316,1.249,-6.382,38.976
978,33.8929,77.246,25.506,-36.855,1.254,-10.573,38.95,73.608,24.163,-31.081,1.461,-13.962,38.961
979,33.9265,77.878,25.506,-35.441,1.18,-9.469,38.95,72.647,25.805,-28.024,1.273,-16.046,38.968
980,33.96,78.6,25.506,-33.86,1.106,-7.856,38.95,75.527,24.251,-33.587,1.214,-13.679,38.956
981,33.9932,78.33,25.236,-32.446,1.18,-7.261,38.95,74.541,23.371,-31.886,1.561,-13.797,38.964
982,34.0266,77.156,24.831,-30.948,1.254,-8.195,38.95,72.354,24.701,-26.677,1.219,-17.392,38.965
983,34.0601,76.524,24.629,-29.95,1.254,-10.318,38.95,68.915,26.938,-20.029,1.428,-21.379,38.968
984,34.0951,76.524,24.291,-29.035,1.106,-12.442,38.95,76.243,23.262,-34.965,1.524,-12.377,38.946
985,34.1277,75.801,24.291,-27.787,1.032,-14.904,38.95,73.252,25.751,-28.471,1.076,-15.857,38.962
986,34.1609,73.905,24.291,-26.622,1.18,-17.367,38.95,70.879,25.419,-23.744,1.305,-19.094,38.95
987,34.1942,72.28,24.291,-25.79,1.254,-18.556,38.95,71.183,25.024,-23.683,1.748,-20.329,38.95
988,34.2314,72.19,24.291,-25.208,1.254,-18.811,38.95,73.768,20.861,-30.279,2.001,-14.843,38.962
989,34.2625,72.641,24.426,-24.126,1.032,-18.556,38.95,68.994,27.117,-18.297,1.209,-24.266,38.952
990,34.2947,72.822,24.494,-23.627,1.18,-18.811,38.95,70.286,25.388,-19.734,1.763,-24.166,38.957
991,34.3281,73.454,24.494,-23.877,1.401,-18.811,38.95,72.267,24.623,-25.316,1.541,-19.909,38.946
992,34.3614,73.634,24.494,-23.877,1.622,-19.406,38.95,71.597,21.59,-25.07,2.314,-18.276,38.966
993,34.3946,73.093,24.629,-23.378,1.696,-20.764,38.95,71.569,20.846,-25.664,2.129,-18.418,38.967
994,34.4281,72.912,24.696,-23.544,1.475,-21.189,38.95,68.244,23.925,-17.703,1.792,-24.263,38.963
995,34.4619,72.912,24.696,-23.71,1.475,-20.425,38.95,68.793,25.241,-17.28,1.432,-25.494,38.956
996,34.4951,72.822,24.629,-23.627,1.622,-19.321,38.95,64.485,25.582,-10.032,2.117,-28.667,38.973
997,34.5285,72.099,24.157,-23.461,1.77,-19.321,38.95,69.246,23.255,-19.786,2.293,-22.348,38.968
998,34.562,71.287,24.022,-23.544,1.844,-20.934,38.95,67.957,24.696,-16.376,1.865,-25.297,38.958
999,34.596,69.842,24.022,-23.544,1.917,-23.397,38.95,67.221,25.846,-14.967,1.646,-25.946,38.962
1000,34.7216,69.12,24.022,-23.544,1.917,-25.52,38.95,70.616,9.219,-14.837,2.373,-26.914,39.071
1001,34.7317,69.12,24.561,-19.301,1.622,-25.52,38.95,71.389,9.166,-16.713,2.415,-26.558,39.065
1002,34.7649,69.12,24.966,-17.887,1.696,-25.52,38.95,72.128,9.087,-17.287,2.434,-26.631,39.066
1003,34.8008,69.391,25.034,-16.805,1.917,-25.605,38.95,73.489,9.075,-19.661,2.519,-26.38,39.061
1004,34.8341,70.926,24.966,-15.89,1.991,-25.86,38.95,74.766,9.022,-21.971,2.631,-26.321,39.057
1005,34.8676,72.46,24.899,-15.141,2.065,-25.86,38.95,75.888,9.027,-24.302,2.679,-26.465,39.057
1006,34.9009,73.725,24.022,-15.058,2.065,-25.86,38.95,79.03,9.075,-29.405,2.577,-25.278,39.048
1007,34.9343,74.808,22.874,-15.225,2.065,-25.86,38.95,79.085,9.106,-29.109,2.655,-25.955,39.051
1008,34.9678,75.892,21.39,-15.557,2.065,-25.86,38.95,82.204,9.13,-33.207,2.764,-25.775,39.045
1009,35.0014,77.788,19.636,-16.057,2.065,-25.69,38.95,82.485,9.099,-33.328,2.793,-26.15,39.043
1010,35.0345,79.323,17.814,-17.055,2.065,-25.605,38.95,84.951,9.193,-36.224,2.675,-25.75,39.049
1011,35.0683,80.948,15.992,-18.636,2.212,-25.605,38.95,85.724,9.245,-37.666,2.675,-25.946,39.044
1012,35.1016,82.483,14.372,-20.882,2.36,-25.605,38.95,86.521,9.256,-39.19,2.654,-26.218,39.044
1013,35.1349,84.199,12.955,-23.295,2.507,-25.605,38.95,88.396,9.317,-41.673,2.666,-25.768,39.043
1014,35.1684,85.463,11.741,-25.707,2.507,-25.605,38.95,90.423,9.337,-44.79,2.589,-25.211,39.039
1015,35.2018,86.546,10.864,-28.203,2.507,-25.605,38.95,91.056,9.327,-45.462,2.516,-25.567,39.036
1016,35.235,88.352,10.256,-31.115,2.507,-25.605,38.95,90.678,9.334,-44.739,2.586,-25.93,39.036
1017,35.2686,90.068,9.919,-33.611,2.507,-25.605,38.95,93.214,9.362,-49.091,2.772,-25.396,39.03
1018,35.3021,90.429,9.919,-35.774,2.507,-25.52,38.95,93.477,9.436,-49.259,2.734,-25.587,39.025
1019,35.3362,90.519,9.717,-38.186,2.507,-25.605,38.95,96.11,9.438,-54.678,2.881,-24.903,39.024
1020,35.3692,92.235,9.649,-41.015,2.434,-25.605,38.95,97.171,9.383,-55.296,2.915,-24.116,39.023
1021,35.4026,93.589,9.649,-42.596,2.286,-25.35,38.95,98.462,9.389,-58.561,3.056,-23.128,39.016
1022,35.436,95.395,9.649,-44.509,2.286,-24.841,38.95,98.582,9.31,-58.478,3.01,-23.503,39.017
1023,35.4694,96.93,9.649,-46.839,2.36,-24.076,38.95,98.767,9.282,-59.145,3.0,-23.226,39.017
1024,35.5018,98.014,9.649,-49.168,2.507,-23.737,38.95,99.485,9.313,-60.893,3.085,-22.911,39.012
1025,35.5367,98.465,9.649,-51.248,2.507,-23.567,38.95,100.556,9.268,-64.324,3.133,-21.019,39.007
1026,35.5694,98.646,9.649,-53.245,2.507,-23.227,38.95,101.461,9.241,-66.78,3.218,-20.659,39.01
1027,35.6029,98.826,9.649,-55.241,2.507,-22.633,38.95,101.257,9.196,-65.545,3.312,-21.046,39.011
1028,35.6368,98.916,9.649,-57.321,2.507,-21.699,38.95,102.034,9.191,-69.65,3.332,-18.793,39.009
1029,35.6703,99.097,9.649,-59.235,2.507,-21.529,38.95,101.931,9.138,-70.933,3.214,-16.622,39.008
1030,35.7033,99.278,9.649,-61.231,2.507,-21.019,38.95,102.16,9.18,-69.778,3.375,-19.441,39.012
1031,35.7367,99.278,9.649,-63.311,2.507,-19.236,38.95,102.292,9.165,-73.657,3.458,-15.421,39.014
1032,35.77,99.368,9.649,-65.058,2.507,-17.962,38.95,102.228,9.159,-74.904,3.519,-14.451,39.014
1033,35.8036,99.458,9.649,-66.722,2.655,-17.452,38.95,102.326,9.201,-76.962,3.429,-13.127,39.012
1034,35.8369,99.639,9.649,-68.552,2.729,-16.093,38.95,102.257,9.164,-77.282,3.547,-12.189,39.01
1035,35.8705,99.729,9.649,-70.216,2.876,-14.735,38.95,102.265,9.21,-77.844,3.515,-11.789,39.014
1036,35.9039,99.91,9.649,-71.963,3.024,-13.631,38.95,102.248,9.169,-79.061,3.443,-9.88,39.009
1037,35.9372,99.91,9.649,-73.627,3.171,-12.781,38.95,101.832,9.253,-80.317,3.576,-8.323,39.019
1038,35.9708,99.91,9.649,-74.958,3.245,-11.932,38.95,101.797,9.209,-82.209,3.545,-6.306,39.015
1039,36.0043,100.0,9.649,-76.206,3.245,-10.488,38.95,101.75,9.229,-82.761,3.501,-5.123,39.02
1040,36.0376,100.0,9.649,-77.454,3.171,-8.875,38.95,101.334,9.285,-85.227,3.603,-2.087,39.024
1041,36.0712,100.0,9.649,-78.702,3.171,-7.176,38.95,101.506,9.234,-84.412,3.458,-3.251,39.02
1042,36.1045,100.0,9.649,-80.033,3.245,-5.648,38.95,101.278,9.335,-85.339,3.535,-3.081,39.027
1043,36.138,100.0,9.649,-81.281,3.245,-4.034,38.95,100.957,9.198,-87.874,3.565,2.771,39.029
1044,36.1719,100.0,9.649,-82.28,3.245,-3.694,38.95,100.511,9.186,-91.286,3.416,7.24,39.031
1045,36.2054,100.0,9.649,-83.444,3.171,-3.185,38.95,100.85,9.18,-89.218,3.474,4.139,39.031
1046,36.2382,100.0,9.649,-84.609,3.245,-1.062,38.95,100.666,9.144,-91.373,3.398,6.818,39.029
1047,36.2718,100.0,9.649,-85.774,3.245,2.081,38.95,100.273,9.112,-93.004,3.246,10.578,39.036
1048,36.3052,100.0,9.649,-87.022,3.245,4.374,38.95,100.12,9.074,-94.872,3.243,13.596,39.042
1049,36.3385,100.0,9.649,-88.27,3.245,5.902,38.95,99.993,9.093,-94.767,3.279,12.462,39.041
1050,36.3719,100.0,9.649,-89.767,3.245,8.195,38.95,100.049,9.073,-94.795,3.159,12.967,39.04
1051,36.4055,100.0,9.649,-91.015,3.245,10.743,38.95,99.563,9.041,-97.704,3.012,19.487,39.045
1052,36.4389,100.0,9.649,-92.013,3.245,11.592,38.95,99.641,8.99,-98.283,2.886,21.119,39.045
1053,36.4724,100.0,9.514,-93.012,3.245,12.187,38.95,99.464,9.023,-98.477,2.849,21.719,39.042
1054,36.5055,99.91,9.379,-94.093,3.245,14.055,38.95,99.592,8.968,-99.892,2.605,25.326,39.044
1055,36.5388,99.819,9.379,-95.341,3.245,16.943,38.95,99.488,8.982,-99.797,2.583,25.077,39.041
1056,36.5726,99.729,9.244,-96.339,3.245,19.745,38.95,99.11,9.029,-100.425,2.546,26.915,39.044
1057,36.6058,99.729,9.244,-97.338,3.245,22.208,38.95,99.088,8.992,-100.762,2.517,27.744,39.042
1058,36.6396,99.639,9.244,-98.087,3.245,23.907,38.95,99.1,9.033,-102.06,2.162,32.254,39.036
1059,36.6728,99.549,9.244,-98.586,3.097,25.52,38.95,99.078,9.003,-102.188,2.178,32.441,39.035
1060,36.706,99.549,9.244,-98.918,2.95,26.879,38.95,99.075,9.036,-102.22,2.151,32.7,39.04
1061,36.7399,99.549,9.244,-99.085,2.802,28.917,38.95,99.194,9.033,-102.347,2.023,33.932,39.03
1062,36.7732,99.549,9.244,-99.085,2.655,30.701,38.95,99.396,9.012,-102.465,2.03,34.097,39.026
1063,36.8065,99.549,9.244,-99.168,2.581,31.805,38.95,98.958,9.058,-102.766,1.987,35.879,39.028
1064,36.8404,99.549,9.244,-99.168,2.507,32.824,38.95,99.509,8.982,-102.451,1.812,35.939,39.016
1065,36.8738,99.549,9.244,-99.168,2.507,33.673,38.95,99.305,9.02,-102.544,1.742,37.307,39.005
1066,36.9067,99.549,9.244,-99.251,2.507,34.777,38.95,99.237,9.025,-102.569,1.671,37.983,39.009
1067,36.94,99.549,9.244,-99.251,2.434,35.541,38.95,99.577,9.019,-102.552,1.65,37.552,38.996
1068,36.9739,99.549,9.244,-99.251,2.286,36.645,38.95,99.346,9.056,-102.578,1.606,38.345,39.001
1069,37.007,99.549,9.244,-99.168,2.139,36.9,38.95,99.355,9.037,-102.334,1.541,38.874,38.992
1070,37.0407,99.549,9.244,-99.251,2.139,37.325,38.95,99.561,9.045,-102.301,1.584,38.557,38.988
1071,37.0742,99.549,9.244,-99.251,2.139,38.089,38.95,99.374,9.078,-102.461,1.525,39.046,38.982
1072,37.1074,99.549,9.244,-99.251,1.917,38.174,38.95,99.587,9.07,-102.474,1.486,39.274,38.982
1073,37.1408,99.549,9.244,-99.251,1.844,38.429,38.95,99.655,9.028,-102.241,1.405,39.556,38.981
1074,37.1744,99.549,9.244,-99.251,1.917,38.854,38.95,99.671,9.057,-102.377,1.487,39.543,38.974
1075,37.2086,99.549,9.244,-99.251,1.991,39.193,38.95,99.794,9.054,-102.205,1.315,40.496,38.964
1076,37.2416,99.549,9.244,-99.251,1.991,39.363,38.95,99.723,9.03,-102.246,1.381,40.246,38.97
1077,37.2749,99.549,9.244,-99.251,1.917,39.618,38.95,99.719,9.06,-102.289,1.336,40.541,38.962
1078,37.3084,99.549,9.244,-99.251,1.77,39.873,38.95,99.837,9.076,-102.228,1.329,40.352,38.961
1079,37.3426,99.549,9.244,-99.251,1.696,40.127,38.95,99.793,9.087,-102.367,1.378,40.198,38.964
1080,37.376,99.549,9.244,-99.251,1.696,40.127,38.95,99.803,9.046,-102.049,1.304,40.969,38.959
1081,37.4093,99.549,9.244,-99.251,1.77,40.127,38.95,99.801,9.06,-102.305,1.328,40.643,38.96
1082,37.4426,99.549,9.244,-99.251,1.77,40.297,38.95,99.868,9.049,-102.17,1.251,40.801,38.95
1083,37.476,99.549,9.244,-99.251,1.77,40.467,38.95,99.924,9.061,-102.229,1.256,40.779,38.951
1084,37.5093,99.549,9.244,-99.251,1.77,40.467,38.95,99.844,9.062,-102.297,1.21,41.243,38.941
1085,37.5427,99.549,9.244,-99.251,1.77,40.467,38.95,99.823,9.054,-102.108,1.302,41.298,38.952
1086,37.5762,99.549,9.244,-99.251,1.77,40.722,38.95,99.951,9.053,-102.37,1.191,41.453,38.937
1087,37.6094,99.549,9.244,-99.251,1.77,40.977,38.95,99.926,9.051,-102.267,1.264,41.257,38.943
1088,37.6427,99.549,9.244,-99.251,1.696,41.146,38.95,99.909,9.083,-102.239,1.206,41.267,38.944
1089,37.6761,99.549,9.244,-99.251,1.549,41.146,38.95,99.894,9.059,-102.272,1.2,41.444,38.938
1090,37.7096,99.549,9.244,-99.251,1.549,41.146,38.95,99.933,9.046,-102.268,1.171,41.249,38.94
1091,37.7427,99.549,9.244,-99.251,1.549,41.146,38.95,99.936,9.048,-102.374,1.204,41.629,38.934
1092,37.7764,99.549,9.244,-99.251,1.622,41.146,38.95,99.885,9.056,-102.306,1.213,41.759,38.939
1093,37.8097,99.549,9.244,-99.251,1.622,41.231,38.95,100.0,9.058,-102.318,1.217,41.52,38.938
1094,37.843,99.549,9.244,-99.251,1.622,41.486,38.95,99.928,9.063,-102.243,1.154,41.787,38.935
1095,37.8764,99.549,9.244,-99.251,1.622,41.486,38.95,99.973,9.049,-102.392,1.141,41.984,38.925
1096,37.9098,99.549,9.244,-99.251,1.622,41.486,38.95,99.982,9.049,-102.438,1.128,41.995,38.925
1097,37.9432,99.549,9.244,-99.251,1.622,41.486,38.95,99.981,9.037,-102.361,1.098,41.928,38.925
1098,37.9771,99.549,9.244,-99.251,1.622,41.486,38.95,99.973,9.062,-102.266,1.177,42.002,38.933
1099,38.0088,99.549,9.244,-99.251,1.622,41.486,38.95,99.967,9.045,-102.392,1.128,42.207,38.923
1100,38.1298,99.549,9.244,-99.251,1.622,41.486,38.95,102.248,12.659,-103.811,0.87,36.383,39.12
1101,38.1407,99.549,9.244,-99.251,1.622,41.911,38.95,102.137,12.374,-103.556,0.822,36.595,39.118
1102,38.1764,99.549,9.244,-99.251,1.622,41.996,38.95,102.068,12.297,-103.463,0.828,36.337,39.118
1103,38.2097,99.549,9.244,-99.251,1.327,41.571,38.95,101.93,12.436,-103.109,0.961,35.356,39.113
1104,38.2435,99.549,9.312,-99.251,1.106,39.788,38.95,101.838,12.639,-102.52,1.242,33.36,39.103
1105,38.2761,99.549,9.649,-99.251,1.032,38.174,38.95,101.629,12.388,-102.436,1.158,33.185,39.096
1106,38.31,99.549,10.526,-99.251,1.032,37.07,38.95,101.444,13.166,-101.151,1.423,30.673,39.085
1107,38.3429,99.549,11.134,-99.251,1.18,35.711,38.95,101.371,12.224,-101.096,1.486,30.914,39.088
1108,38.3768,99.549,11.741,-99.251,1.18,34.692,38.95,100.84,14.15,-97.37,2.205,26.407,39.074
1109,38.4096,99.549,12.146,-99.251,1.18,33.418,38.95,101.096,13.147,-98.588,1.941,27.101,39.066
1110,38.4436,99.549,12.483,-99.251,1.18,32.229,38.95,100.897,14.976,-95.955,2.366,23.551,39.068
1111,38.4773,99.549,12.821,-99.168,1.327,30.531,38.95,100.233,16.041,-93.534,2.453,22.299,39.054
1112,38.5106,99.549,13.09,-99.168,1.622,28.662,38.95,99.188,17.722,-89.004,2.801,18.238,39.055
1113,38.5435,99.549,13.495,-98.502,1.991,26.369,38.95,99.55,16.415,-91.421,2.623,21.287,39.048
1114,38.5769,99.549,14.103,-97.587,2.212,24.246,38.95,99.681,18.482,-90.682,2.331,19.12,39.04
1115,38.6104,99.729,14.845,-96.423,2.286,22.123,38.95,99.553,17.641,-91.213,2.427,20.073,39.031
1116,38.6437,99.729,15.587,-95.092,2.286,21.189,38.95,96.964,18.72,-85.109,2.959,15.634,39.023
1117,38.6771,99.819,16.397,-93.76,2.286,21.189,38.95,98.584,17.94,-87.893,2.325,18.29,39.022
1118,38.7107,99.729,17.072,-92.596,2.212,20.764,38.95,97.789,18.273,-85.787,2.706,14.786,39.01
1119,38.7438,99.278,17.611,-91.514,2.286,19.575,38.95,99.425,16.282,-88.948,2.197,16.61,39.0
1120,38.7777,99.187,17.814,-90.765,2.434,18.641,38.95,98.539,18.222,-87.997,2.473,16.8,39.009
1121,38.8108,99.278,17.814,-89.434,2.507,17.452,38.95,99.591,14.726,-91.773,2.191,19.892,38.993
1122,38.8445,99.639,17.814,-88.27,2.434,17.367,38.95,99.495,17.336,-89.023,1.895,16.269,38.989
1123,38.8778,99.729,17.746,-86.855,2.36,18.217,38.95,98.72,18.315,-87.176,2.028,14.939,38.989
1124,38.9108,99.819,17.409,-86.689,2.36,19.236,38.95,98.126,18.147,-85.155,2.033,13.575,38.986
1125,38.9444,99.819,17.072,-86.689,2.36,19.066,38.95,97.858,19.473,-84.572,1.771,14.116,38.991
1126,38.9781,99.729,17.004,-86.689,2.434,17.622,38.95,97.894,16.818,-85.77,2.157,13.807,38.977
1127,39.0114,99.729,17.004,-86.772,2.434,16.008,38.95,98.51,19.032,-83.627,1.585,12.411,38.981
1128,39.0448,99.639,17.004,-86.772,2.434,15.499,38.95,97.357,19.641,-81.331,1.577,11.131,38.982
1129,39.0779,99.639,17.341,-86.356,2.36,14.82,38.95,98.346,18.544,-84.411,1.795,12.769,38.969
1130,39.1119,99.639,18.084,-85.607,2.065,13.631,38.95,96.86,19.977,-79.359,1.493,9.078,38.965
1131,39.1451,99.458,18.556,-84.692,1.917,13.291,38.95,97.771,17.807,-81.823,1.743,10.403,38.97
1132,39.1785,99.549,18.961,-83.694,1.917,13.376,38.95,96.38,19.642,-77.333,1.78,7.175,38.965
1133,39.213,99.549,19.231,-82.28,2.065,12.527,38.95,95.723,20.693,-75.81,1.399,6.207,38.949
1134,39.2458,99.549,19.231,-81.281,2.212,11.083,38.95,95.397,19.732,-75.509,1.824,6.635,38.956
1135,39.2789,98.826,19.298,-80.033,2.139,9.384,38.95,94.676,20.706,-73.364,1.532,5.699,38.958
1136,39.3121,98.194,19.568,-78.869,1.917,8.365,38.95,94.546,20.446,-73.25,1.587,5.806,38.96
1137,39.3457,97.652,19.771,-77.704,1.844,7.941,38.95,95.866,20.208,-75.171,1.439,6.563,38.951
1138,39.3791,97.381,19.973,-76.456,1.844,7.346,38.95,92.804,21.504,-67.839,1.371,1.812,38.948
1139,39.4126,97.381,20.04,-75.541,1.917,7.261,38.95,93.907,18.828,-71.932,1.468,4.466,38.943
1140,39.4466,97.381,20.04,-74.376,1.991,6.921,38.95,93.211,19.504,-69.52,1.746,2.054,38.94
1141,39.481,97.111,20.04,-73.295,1.991,5.987,38.95,91.375,23.939,-63.277,0.895,-1.082,38.945
1142,39.5145,96.298,20.04,-72.546,2.065,5.138,38.95,89.339,24.685,-58.791,0.391,-4.237,38.937
1143,39.5465,95.576,20.04,-71.381,1.844,3.439,38.95,89.96,23.181,-60.812,0.971,-2.723,38.932
1144,39.581,94.402,20.04,-70.216,1.254,1.146,38.95,88.777,23.187,-57.571,1.054,-4.45,38.929
1145,39.6148,92.957,20.04,-68.968,0.959,-0.977,38.95,88.584,23.321,-56.644,0.643,-5.866,38.928
1146,39.6467,92.506,20.175,-68.552,0.885,-1.996,38.95,88.682,23.17,-57.487,0.77,-4.744,38.925
1147,39.6802,91.693,20.985,-65.474,1.18,-2.93,38.95,87.207,23.266,-55.424,0.806,-5.32,38.923
1148,39.7134,91.151,21.66,-62.562,1.18,-3.864,38.95,86.955,22.315,-54.695,0.791,-6.095,38.932
1149,39.7468,91.151,22.2,-60.899,1.18,-3.864,38.95,86.771,24.44,-54.74,0.815,-4.586,38.935
1150,39.7802,90.248,22.47,-59.318,1.106,-4.374,38.95,87.687,23.991,-54.805,0.728,-7.271,38.916
1151,39.8136,89.616,22.537,-57.987,1.106,-4.544,38.95,87.605,22.872,-55.204,0.991,-6.245,38.923
1152,39.848,89.436,22.807,-56.822,1.18,-4.374,38.95,85.563,23.58,-50.992,0.76,-8.742,38.911
1153,39.8814,89.616,23.144,-55.74,1.18,-4.883,38.95,85.987,22.959,-52.209,0.892,-6.958,38.919
1154,39.9138,89.436,23.347,-55.158,1.18,-5.563,38.95,82.509,24.684,-45.192,0.529,-11.532,38.922
1155,39.9482,88.623,23.347,-54.409,1.18,-6.667,38.95,82.934,24.333,-46.171,0.632,-11.039,38.917
1156,39.9812,88.081,23.347,-53.661,1.106,-7.686,38.95,83.969,22.993,-48.103,0.722,-10.512,38.917
