step,t_s,state.elbow_flex,state.gripper,state.shoulder_lift,state.shoulder_pan,state.wrist_flex,state.wrist_roll,cmd.elbow_flex,cmd.gripper,cmd.shoulder_lift,cmd.shoulder_pan,cmd.wrist_flex,cmd.wrist_roll
0,0.5995,99.458,94.062,-99.917,-0.074,75.456,38.999,96.356,59.484,-89.329,-0.591,34.629,38.937
1,0.6087,99.458,94.062,-99.917,-0.074,75.456,38.999,96.344,59.415,-87.795,-0.364,33.196,38.939
2,0.6418,99.458,94.062,-99.917,-0.074,75.456,38.999,96.356,59.407,-86.854,-0.241,31.854,38.936
3,0.6776,99.187,93.995,-99.834,-0.074,75.456,38.999,96.376,59.348,-84.968,-0.098,29.25,38.938
4,0.7132,98.465,93.995,-97.587,-0.074,75.202,38.999,96.184,59.271,-81.836,0.148,25.051,38.937
5,0.747,98.194,93.387,-94.093,-0.074,74.268,38.999,96.4,59.158,-78.208,0.199,19.231,38.935
6,0.7796,98.104,92.308,-90.433,-0.147,72.654,39.194,96.403,59.111,-75.542,0.427,15.995,38.931
7,0.8133,97.923,91.093,-86.772,-0.147,71.295,39.243,96.333,59.027,-71.578,0.714,10.56,38.936
8,0.8467,97.833,89.609,-83.361,-0.147,69.427,39.145,96.24,59.003,-67.596,0.972,5.823,38.94
9,0.8801,97.833,87.854,-79.95,-0.074,67.389,39.145,96.322,58.963,-63.955,1.252,1.312,38.936
10,0.9136,97.743,85.695,-76.123,0.147,65.35,39.048,96.274,59.023,-62.934,1.208,-1.066,38.94
11,0.9469,97.743,83.333,-72.463,0.516,62.633,38.95,96.184,58.999,-60.639,1.403,-3.412,38.938
12,0.9803,97.743,80.769,-68.136,0.885,59.066,38.999,96.288,58.98,-54.468,1.456,-10.351,38.94
13,1.0139,97.743,77.868,-64.725,0.737,55.414,39.096,96.229,59.031,-54.167,1.626,-11.141,38.94
14,1.0469,97.743,75.034,-62.646,0.885,51.592,39.048,96.186,59.088,-52.753,1.532,-13.549,38.941
15,1.0803,97.743,72.402,-59.817,1.18,47.686,38.852,96.548,59.074,-52.192,1.461,-14.32,38.936
16,1.114,97.743,69.973,-56.739,1.327,43.864,38.852,96.517,59.119,-45.986,1.809,-20.444,38.932
17,1.1477,97.833,67.611,-54.659,1.327,39.958,38.852,96.496,59.024,-44.664,1.76,-21.446,38.935
18,1.1812,97.833,65.587,-53.577,1.401,36.051,38.852,96.329,59.047,-43.169,1.881,-23.239,38.934
19,1.2143,97.743,63.9,-52.163,1.475,32.229,38.852,96.616,59.041,-40.399,1.732,-25.992,38.928
20,1.2478,97.743,62.483,-49.334,1.475,28.238,38.803,96.097,59.074,-39.561,2.015,-26.47,38.928
21,1.2815,97.743,61.404,-45.008,1.475,24.161,38.803,95.846,59.046,-36.175,2.056,-29.569,38.923
22,1.3147,97.923,60.526,-42.429,1.475,20.594,38.803,96.356,59.075,-33.601,2.111,-32.413,38.923
23,1.3481,97.833,59.987,-40.932,1.622,16.603,38.803,95.894,59.118,-32.361,2.422,-33.485,38.922
24,1.3815,97.472,59.784,-39.434,1.696,11.932,38.803,95.841,59.084,-29.819,2.4,-35.407,38.919
25,1.415,97.472,59.649,-36.689,1.622,8.705,38.852,95.147,59.127,-26.792,2.587,-37.403,38.917
26,1.4483,97.381,59.514,-33.028,1.696,4.713,38.803,95.095,59.203,-23.417,2.825,-40.372,38.915
27,1.4818,97.472,59.514,-30.782,2.286,0.977,38.803,95.396,59.17,-23.163,2.591,-41.019,38.911
28,1.5156,96.93,59.514,-28.369,2.434,-2.93,38.803,94.803,59.186,-19.873,2.721,-43.582,38.902
29,1.5485,96.84,59.379,-26.206,2.286,-6.921,38.803,94.638,59.274,-18.997,3.17,-44.005,38.905
30,1.5909,96.84,59.379,-24.376,2.065,-10.658,38.803,94.483,59.305,-16.374,3.074,-45.914,38.901
31,1.6156,96.298,59.379,-22.463,2.212,-14.735,38.803,93.457,59.244,-14.297,3.159,-47.176,38.899
32,1.6492,96.027,59.379,-20.383,2.507,-18.811,38.803,93.157,59.256,-12.288,3.243,-48.617,38.899
33,1.6829,95.666,59.379,-18.053,2.802,-22.548,38.803,92.68,59.209,-11.396,3.44,-48.829,38.901
34,1.7159,94.944,59.379,-15.807,2.802,-26.539,38.803,92.224,59.275,-8.18,3.613,-51.532,38.895
35,1.7492,94.492,59.379,-13.727,2.729,-30.361,38.803,91.35,59.159,-7.488,3.444,-51.491,38.902
36,1.7827,94.221,59.379,-12.063,2.581,-34.268,38.755,92.569,59.234,-7.061,3.104,-53.066,38.887
37,1.8161,93.499,59.379,-10.15,2.802,-38.174,38.755,90.851,59.247,-3.926,3.748,-54.245,38.89
38,1.8499,93.138,59.379,-8.652,3.024,-41.911,38.755,90.45,59.268,-2.378,3.64,-55.11,38.888
39,1.8825,93.318,59.379,-7.404,3.097,-45.053,38.755,89.633,59.26,-0.279,3.609,-56.548,38.88
40,1.9164,92.325,59.379,-5.324,3.245,-47.686,38.755,89.131,59.271,1.185,3.764,-57.514,38.884
41,1.9498,91.603,59.379,-3.078,3.245,-49.809,38.755,87.922,59.12,3.027,3.663,-58.376,38.888
42,1.9834,91.061,59.379,-1.165,3.245,-51.677,38.755,87.556,59.242,4.699,3.713,-59.411,38.882
43,2.0167,90.339,59.379,0.416,3.245,-53.291,38.755,86.333,59.177,6.845,3.878,-60.526,38.887
44,2.0499,89.345,59.379,2.329,3.245,-54.82,38.755,86.137,59.202,7.887,3.748,-61.789,38.879
45,2.0836,88.533,59.379,4.409,3.245,-56.263,38.755,84.755,59.21,10.186,3.796,-62.872,38.876
46,2.117,87.991,59.379,6.24,3.171,-57.452,38.755,83.23,59.174,12.907,3.764,-64.146,38.874
47,2.1503,87.269,59.379,7.321,3.245,-58.641,38.755,82.754,59.185,14.596,3.647,-65.231,38.877
48,2.1836,85.643,59.379,9.235,3.245,-59.915,38.755,82.431,59.211,15.186,3.775,-65.804,38.878
49,2.2175,84.108,59.379,11.98,3.171,-61.189,38.755,81.539,59.187,16.376,3.826,-66.339,38.878
50,2.2507,84.018,59.379,13.644,3.097,-62.378,38.755,80.522,59.183,18.597,3.618,-67.577,38.876
51,2.2842,83.837,59.379,14.892,3.171,-63.227,38.755,78.922,59.209,20.205,3.992,-68.053,38.879
52,2.3174,82.483,59.379,16.057,3.245,-64.161,38.755,78.932,59.2,20.625,3.964,-68.436,38.88
53,2.3508,81.219,59.379,17.804,3.245,-65.35,38.755,79.478,59.263,20.598,3.761,-69.214,38.871
54,2.3845,80.587,59.379,19.717,3.171,-66.115,38.755,77.88,59.25,23.276,3.57,-70.212,38.876
55,2.418,80.677,59.379,20.216,3.171,-66.709,38.755,76.649,59.274,25.165,3.643,-71.39,38.873
56,2.4513,80.045,59.379,20.882,3.466,-67.473,38.755,75.418,59.267,26.491,3.895,-71.563,38.884
57,2.4846,78.42,59.379,22.379,3.54,-68.408,38.755,76.421,59.311,25.976,3.641,-71.795,38.876
58,2.518,77.517,59.379,24.21,3.466,-69.257,38.755,75.597,59.311,26.406,3.808,-71.91,38.883
59,2.5518,77.246,59.379,25.374,3.392,-69.851,38.755,74.129,59.324,28.639,3.891,-72.801,38.881
60,2.5948,77.246,59.379,25.707,3.392,-70.276,38.755,73.625,59.331,29.479,3.845,-73.527,38.881
61,2.6184,76.072,59.379,26.622,3.54,-70.786,38.755,72.656,59.344,31.245,3.636,-74.35,38.877
62,2.6523,74.628,59.379,28.286,3.54,-71.295,38.755,72.223,59.332,31.145,3.842,-74.361,38.879
63,2.6855,74.176,59.379,29.7,3.466,-71.975,38.755,71.863,59.321,31.911,3.929,-74.548,38.88
64,2.7187,74.086,59.379,30.699,3.466,-72.569,38.755,71.148,59.399,32.8,3.871,-74.991,38.886
65,2.7528,73.183,59.379,31.198,3.466,-72.909,38.755,70.711,59.392,33.463,3.563,-75.356,38.88
66,2.7857,72.37,59.379,31.864,3.54,-73.418,38.755,70.312,59.408,34.056,3.851,-75.875,38.884
67,2.8193,71.648,59.379,32.862,3.392,-73.928,38.755,70.699,59.446,33.686,3.579,-76.012,38.881
68,2.8523,71.648,59.379,33.86,3.392,-74.268,38.755,69.415,59.386,34.959,3.832,-76.197,38.889
69,2.8858,71.467,59.379,34.11,3.466,-74.607,38.755,70.204,59.446,34.815,3.557,-76.613,38.877
70,2.9196,70.835,59.379,34.443,3.54,-74.947,38.755,69.636,59.448,35.653,3.475,-77.12,38.874
71,2.9527,70.203,59.379,34.859,3.466,-75.202,38.755,69.476,59.472,35.924,3.5,-77.514,38.879
72,2.9862,70.474,59.379,35.358,3.392,-75.626,38.755,68.787,59.482,36.449,3.525,-77.654,38.876
73,3.02,70.474,59.379,36.023,3.392,-75.966,38.755,67.557,59.483,38.331,3.546,-78.328,38.873
74,3.0533,69.842,59.379,36.522,3.466,-76.306,38.755,67.894,59.493,38.197,3.24,-78.65,38.876
75,3.0865,69.21,59.379,37.105,3.466,-76.645,38.755,67.012,59.494,38.913,3.341,-78.87,38.874
76,3.12,68.217,59.379,37.937,3.466,-77.155,38.755,66.379,59.476,39.638,3.521,-79.123,38.881
77,3.1535,68.126,59.379,38.436,3.392,-77.495,38.755,66.799,59.52,39.59,3.321,-79.515,38.873
78,3.1857,67.765,59.379,39.185,3.466,-77.834,38.755,66.102,59.514,40.098,3.422,-79.466,38.875
79,3.2203,67.133,59.379,39.517,3.466,-78.174,38.755,67.131,59.528,39.186,3.164,-79.355,38.871
80,3.2536,67.223,59.379,39.767,3.466,-78.344,38.755,66.413,59.539,40.419,3.333,-80.212,38.87
81,3.2876,67.223,59.379,39.933,3.466,-78.514,38.755,65.151,59.525,41.623,3.314,-80.519,38.871
82,3.3209,67.133,59.379,40.183,3.466,-78.514,38.755,65.064,59.563,41.799,3.397,-80.89,38.87
83,3.3539,66.501,59.379,41.015,3.466,-78.938,38.755,65.396,59.568,41.367,3.262,-80.633,38.873
84,3.3874,65.869,59.379,41.764,3.466,-79.363,38.755,65.453,59.559,41.6,3.321,-81.001,38.869
85,3.421,66.05,59.379,41.764,3.466,-79.618,38.755,65.105,59.538,41.859,3.269,-80.716,38.872
86,3.4557,65.869,59.379,41.93,3.466,-79.618,38.755,64.487,59.591,42.388,3.325,-81.275,38.875
87,3.4882,65.418,59.379,42.18,3.466,-79.788,38.755,65.03,59.579,42.568,3.293,-81.504,38.865
88,3.5213,65.508,59.379,42.346,3.466,-79.788,38.755,65.458,59.654,42.225,2.973,-81.589,38.864
89,3.5547,65.237,59.379,42.679,3.466,-79.958,38.755,64.23,59.61,43.234,3.151,-81.899,38.866
90,3.5982,65.327,59.379,42.679,3.466,-80.297,38.755,64.668,59.592,42.759,3.117,-81.616,38.867
91,3.6212,65.237,59.379,43.012,3.466,-80.637,38.755,64.029,59.62,43.67,3.189,-82.344,38.865
92,3.6551,64.695,59.379,43.178,3.466,-80.722,38.755,64.368,59.6,43.328,3.023,-82.084,38.867
93,3.6907,64.786,59.379,43.428,3.466,-80.807,38.755,64.303,59.613,43.434,3.072,-82.027,38.869
94,3.725,64.786,59.379,43.76,3.466,-80.977,38.755,64.205,59.654,43.742,3.083,-82.539,38.867
95,3.7587,64.876,59.379,43.844,3.466,-81.062,38.755,63.713,59.657,44.148,3.075,-82.648,38.865
96,3.789,64.786,59.379,43.844,3.466,-81.146,38.755,63.387,59.647,44.333,3.014,-82.599,38.871
97,3.8223,64.334,59.379,44.01,3.466,-81.316,38.755,64.168,59.656,43.406,3.23,-82.198,38.876
98,3.856,64.153,59.379,44.26,3.466,-81.486,38.755,63.322,59.645,44.676,2.904,-82.832,38.862
99,3.8892,64.244,59.379,44.343,3.466,-81.486,38.755,63.566,59.657,44.313,3.051,-82.653,38.87
100,4.0091,64.153,59.379,44.343,3.466,-81.486,38.755,68.2,60.186,45.111,5.382,-90.747,38.767
101,4.0194,63.973,59.379,44.759,3.466,-81.656,38.755,68.166,60.167,45.402,5.479,-90.903,38.769
102,4.0528,63.973,59.379,44.759,3.466,-81.656,38.755,67.792,60.18,45.783,5.587,-90.94,38.769
103,4.0887,63.973,59.379,45.092,3.614,-81.741,38.755,67.432,60.143,46.347,5.652,-90.994,38.773
104,4.1219,65.147,59.379,45.591,4.204,-82.42,38.755,66.721,60.121,47.002,5.823,-91.004,38.776
105,4.1555,67.133,59.447,46.09,5.015,-83.27,38.755,66.458,60.086,47.368,5.869,-91.06,38.781
106,4.1888,67.494,59.514,47.005,5.236,-84.289,38.755,65.722,60.072,47.954,5.943,-91.179,38.781
107,4.2222,66.411,59.514,47.421,5.31,-85.648,38.755,65.955,60.056,47.76,6.076,-91.033,38.783
108,4.2556,65.598,59.582,47.671,5.162,-87.006,38.755,65.874,60.03,47.926,6.088,-91.075,38.784
109,4.2891,65.418,59.582,47.92,5.31,-88.195,38.755,64.943,60.049,48.542,6.24,-91.064,38.79
110,4.3225,66.321,59.582,48.087,5.752,-88.96,38.755,64.596,60.029,48.679,6.26,-90.904,38.789
111,4.3561,66.591,59.582,48.586,5.9,-89.384,38.755,64.357,60.015,48.944,6.301,-90.979,38.79
112,4.3896,65.327,59.582,49.002,5.826,-89.554,38.755,64.411,59.984,48.972,6.328,-91.072,38.796
113,4.423,64.424,59.582,49.085,5.678,-89.724,38.755,64.058,59.992,49.203,6.332,-91.029,38.794
114,4.4566,64.244,59.582,49.168,5.605,-89.894,38.755,63.291,59.983,49.466,6.488,-90.756,38.8
115,4.4902,64.515,59.582,49.418,5.826,-89.979,38.755,63.166,59.984,49.541,6.523,-90.861,38.802
116,4.5233,64.966,59.582,49.667,6.121,-89.979,38.755,63.032,59.966,49.425,6.564,-90.632,38.807
117,4.557,64.244,59.582,49.834,6.268,-89.979,38.755,62.947,59.948,49.537,6.65,-90.689,38.807
118,4.5904,63.521,59.582,49.834,6.268,-89.979,38.755,62.313,59.908,50.05,6.627,-90.831,38.809
119,4.6236,63.07,59.582,49.75,6.121,-89.979,38.755,62.577,59.985,49.955,6.461,-90.893,38.811
120,4.6686,62.438,59.582,50.166,6.047,-89.979,38.755,62.713,59.919,49.544,6.781,-90.56,38.815
121,4.6904,62.438,59.582,50.25,5.973,-89.979,38.755,62.15,59.93,49.825,6.759,-90.755,38.82
122,4.7238,63.16,59.582,50.25,6.121,-89.979,38.755,62.507,59.948,49.806,6.614,-90.813,38.818
123,4.7571,63.341,59.582,50.25,6.268,-89.979,38.755,61.744,59.889,50.119,6.793,-90.586,38.824
124,4.7907,62.799,59.582,50.333,6.416,-89.979,38.755,61.585,59.864,50.041,6.88,-90.558,38.825
125,4.824,62.257,59.582,50.333,6.563,-89.979,38.755,61.334,59.918,50.11,6.847,-90.487,38.833
126,4.8575,61.716,59.582,50.333,6.49,-89.979,38.755,61.145,59.892,50.297,6.898,-90.518,38.828
127,4.8912,61.716,59.582,50.333,6.416,-89.979,38.755,61.334,59.872,50.014,6.903,-90.383,38.832
128,4.9245,61.986,59.582,50.416,6.416,-89.979,38.755,60.857,59.84,50.423,7.031,-90.574,38.837
129,4.9578,62.077,59.582,50.582,6.49,-89.979,38.755,60.916,59.869,50.176,7.022,-90.24,38.837
130,4.9914,61.625,59.582,50.749,6.49,-89.979,38.755,61.19,59.87,49.718,7.114,-89.951,38.839
131,5.0249,61.084,59.582,50.749,6.49,-89.979,38.755,60.822,59.876,50.131,6.943,-90.301,38.843
132,5.0582,60.722,59.582,50.749,6.49,-89.979,38.755,60.482,59.84,50.385,7.035,-90.241,38.846
133,5.0919,60.903,59.582,50.749,6.416,-89.979,38.755,60.469,59.829,50.104,7.247,-89.935,38.846
134,5.1252,61.354,59.582,50.749,6.49,-89.979,38.755,60.082,59.846,50.161,7.205,-89.806,38.85
135,5.1585,61.354,59.582,50.749,6.563,-89.979,38.755,60.55,59.868,50.276,7.003,-90.228,38.849
136,5.192,60.813,59.582,50.749,6.637,-89.979,38.755,60.242,59.886,50.492,6.894,-90.546,38.851
137,5.2258,60.361,59.582,50.749,6.637,-89.979,38.755,60.22,59.867,50.463,7.073,-90.191,38.849
138,5.2595,60.181,59.582,50.749,6.637,-89.979,38.755,59.698,59.885,50.636,7.117,-90.179,38.856
139,5.2931,60.542,59.582,50.749,6.637,-89.979,38.755,60.102,59.881,50.204,7.116,-90.077,38.856
140,5.3269,60.722,59.582,50.749,6.637,-89.979,38.755,60.104,59.854,50.391,7.238,-90.275,38.858
141,5.3603,60.451,59.582,50.749,6.637,-89.979,38.755,60.111,59.841,50.175,7.231,-90.06,38.861
142,5.3937,60.361,59.582,50.749,6.711,-89.979,38.755,60.084,59.918,50.181,7.064,-90.088,38.868
143,5.427,60.361,59.582,50.749,6.637,-89.979,38.755,59.783,59.872,50.334,7.186,-90.008,38.868
144,5.4606,60.542,59.582,50.749,6.637,-89.979,38.755,59.768,59.896,50.157,7.202,-90.091,38.866
145,5.4938,60.542,59.582,50.749,6.637,-89.979,38.755,59.498,59.924,50.578,7.281,-90.283,38.867
146,5.5272,60.361,59.582,50.749,6.785,-89.979,38.755,58.83,59.905,51.02,7.266,-90.282,38.869
147,5.5606,60.09,59.582,50.832,6.785,-89.979,38.755,59.406,59.883,50.449,7.229,-90.06,38.872
148,5.5939,59.639,59.582,51.248,6.785,-89.979,38.755,59.531,59.913,50.275,7.159,-90.154,38.873
149,5.6276,59.639,59.582,51.331,6.785,-89.979,38.755,59.512,59.889,50.492,7.228,-90.16,38.87
150,5.6693,59.819,59.582,51.331,6.785,-89.979,38.755,59.044,59.893,50.876,7.094,-90.342,38.873
151,5.6941,59.639,59.582,51.331,6.785,-89.979,38.755,59.541,59.897,50.262,7.283,-90.198,38.876
152,5.7274,59.639,59.582,51.331,6.785,-89.979,38.755,59.052,59.907,50.949,7.156,-90.607,38.88
153,5.7614,59.729,59.582,51.331,6.785,-89.979,38.755,59.124,59.935,50.735,7.185,-90.539,38.879
154,5.7944,59.639,59.582,51.414,6.785,-89.979,38.755,59.288,59.923,50.833,7.055,-90.747,38.881
155,5.8277,59.458,59.582,51.498,6.785,-89.979,38.755,59.407,59.928,50.767,6.944,-90.838,38.878
156,5.8612,59.549,59.582,51.498,6.785,-89.979,38.755,59.466,59.928,50.631,7.03,-90.749,38.884
157,5.8946,59.549,59.582,51.498,6.785,-89.979,38.755,59.11,59.928,50.84,7.034,-90.677,38.882
158,5.928,59.549,59.582,51.498,6.785,-89.979,38.755,58.934,59.954,50.921,7.113,-90.907,38.889
159,5.9612,59.549,59.582,51.498,6.785,-89.979,38.755,59.047,59.949,51.082,7.02,-90.951,38.887
160,5.9951,59.549,59.582,51.498,6.785,-89.979,38.755,58.846,59.992,51.213,6.989,-91.231,38.888
161,6.0282,59.549,59.582,51.498,6.785,-89.979,38.755,58.583,59.969,51.354,6.881,-91.253,38.887
162,6.0618,59.458,59.582,51.498,6.785,-89.979,38.755,58.982,60.014,51.291,6.857,-91.719,38.89
163,6.0956,59.097,59.582,51.581,6.785,-89.979,38.755,59.255,60.008,50.986,6.821,-91.406,38.884
164,6.1287,59.097,59.582,51.664,6.785,-90.064,38.755,59.257,60.053,50.942,6.78,-91.426,38.891
165,6.1623,59.278,59.582,51.664,6.785,-90.318,38.755,58.694,60.056,51.464,6.663,-91.697,38.891
166,6.1958,59.187,59.582,51.664,6.785,-90.318,38.755,58.683,60.078,51.585,6.652,-91.842,38.893
167,6.2291,59.097,59.582,51.747,6.785,-90.318,38.755,59.273,60.122,51.158,6.48,-91.871,38.892
168,6.2624,59.097,59.582,51.913,6.785,-90.573,38.755,58.859,60.048,51.612,6.619,-92.058,38.897
169,6.2959,59.278,59.582,51.997,6.785,-90.743,38.755,58.606,60.105,51.819,6.453,-92.171,38.893
170,6.3292,59.097,59.582,51.997,6.785,-90.828,38.755,58.586,60.095,51.888,6.497,-92.247,38.893
171,6.3631,58.826,59.582,52.08,6.785,-90.828,38.755,58.693,60.121,52.074,6.481,-92.613,38.897
172,6.3994,59.097,59.582,52.08,6.785,-90.828,38.755,59.566,60.17,51.528,6.517,-92.679,38.893
173,6.4336,59.187,59.582,52.246,6.785,-90.998,38.755,58.756,60.171,52.044,6.395,-92.818,38.891
174,6.4664,59.187,59.582,52.329,6.785,-91.253,38.755,59.054,60.197,51.879,6.281,-92.79,38.898
175,6.4994,59.187,59.582,52.329,6.785,-91.338,38.755,59.17,60.212,52.047,6.325,-93.139,38.895
176,6.5306,59.007,59.582,52.413,6.785,-91.507,38.755,58.671,60.199,52.143,6.36,-93.009,38.897
177,6.5638,59.097,59.582,52.413,6.785,-91.762,38.755,58.774,60.209,52.171,6.357,-93.018,38.896
178,6.5968,59.187,59.582,52.413,6.785,-91.932,38.755,59.139,60.234,52.213,6.222,-93.321,38.893
179,6.6303,59.097,59.582,52.413,6.785,-91.932,38.755,58.791,60.338,52.441,6.194,-93.322,38.895
180,6.6725,59.187,59.582,52.413,6.785,-92.017,38.755,59.078,60.302,52.514,6.117,-93.708,38.895
181,6.697,59.097,59.582,52.579,6.785,-92.102,38.755,58.814,60.357,52.49,6.367,-93.564,38.893
182,6.7316,59.187,59.717,52.662,6.785,-92.102,38.755,59.486,60.401,52.45,6.13,-93.958,38.895
183,6.7646,59.187,59.784,52.745,6.785,-92.357,38.755,59.041,60.47,52.394,6.352,-93.627,38.897
184,6.7979,59.187,59.784,52.745,6.785,-92.527,38.755,59.265,60.466,52.468,6.269,-93.881,38.891
185,6.8324,59.187,59.784,52.745,6.785,-92.781,38.755,59.243,60.537,52.996,6.238,-94.057,38.895
186,6.8648,59.187,59.784,52.745,6.785,-92.781,38.755,58.91,59.833,53.146,6.083,-94.264,38.894
187,6.8992,59.187,59.784,52.995,6.785,-92.866,38.755,59.477,56.933,53.186,6.353,-94.343,38.895
188,6.933,59.097,59.852,53.328,6.785,-93.036,38.755,59.192,53.989,53.062,6.302,-94.521,38.898
189,6.9659,59.278,59.852,53.494,6.785,-93.121,38.755,59.53,51.49,52.84,6.257,-94.549,38.9
190,6.9994,59.187,59.852,53.494,6.785,-93.206,38.755,58.969,43.644,52.521,6.587,-93.914,38.915
191,7.0327,59.097,59.177,53.494,6.785,-93.291,38.755,59.641,45.58,52.942,6.463,-94.565,38.914
192,7.0664,59.097,58.03,53.494,6.785,-93.291,38.755,59.075,38.556,52.784,6.641,-93.916,38.933
193,7.0985,59.187,56.68,53.494,6.785,-93.291,38.755,59.792,34.4,52.048,6.794,-93.231,38.946
194,7.1318,59.187,54.993,53.494,6.785,-93.291,38.755,59.966,28.88,52.093,6.537,-93.046,38.967
195,7.165,59.097,53.104,53.494,6.785,-93.291,38.755,60.158,26.736,51.657,6.688,-92.738,38.972
196,7.1984,59.278,50.877,53.494,6.785,-93.206,38.755,59.933,25.908,51.847,6.64,-92.595,38.978
197,7.2321,59.729,48.313,53.494,6.785,-93.206,38.755,60.153,26.45,51.68,6.724,-92.735,38.974
198,7.2665,60.09,45.479,53.494,6.785,-93.206,38.755,59.8,23.473,51.786,6.567,-92.353,38.984
199,7.2987,60.09,42.78,53.494,6.858,-93.036,38.755,60.065,22.711,51.481,6.677,-92.286,38.989
200,7.4343,60.09,39.946,53.494,6.932,-92.951,38.755,64.723,45.461,51.493,9.843,-99.872,38.774
201,7.4449,60.09,31.377,53.494,6.858,-92.611,38.755,66.03,45.391,50.599,9.843,-100.085,38.767
202,7.4802,60.09,29.487,53.494,6.858,-92.611,38.901,65.602,45.702,50.936,10.015,-99.935,38.77
203,7.5141,60.451,27.733,53.328,6.932,-92.611,38.901,66.329,46.388,49.835,9.97,-99.42,38.771
204,7.5476,61.716,26.316,53.161,7.891,-92.696,38.901,66.07,46.726,50.171,10.168,-99.292,38.775
205,7.5809,63.973,25.236,52.829,8.26,-93.291,38.95,66.259,47.638,49.832,10.427,-98.966,38.788
206,7.6141,65.418,24.426,52.745,8.702,-94.055,38.755,65.517,47.617,50.444,10.235,-98.99,38.788
207,7.6478,65.237,24.022,52.745,9.44,-95.074,38.755,65.624,48.015,50.516,10.566,-98.88,38.79
208,7.6812,65.237,23.954,52.662,9.808,-96.093,38.755,65.955,48.436,50.367,10.397,-98.954,38.791
209,7.7146,65.327,23.954,52.662,9.956,-96.858,38.755,66.029,48.395,49.557,10.528,-98.267,38.8
210,7.7569,65.237,23.954,52.662,9.956,-97.282,38.755,64.722,48.892,50.921,10.612,-98.16,38.802
211,7.7814,65.327,24.696,52.329,9.956,-97.452,38.755,64.619,49.108,50.944,10.638,-98.211,38.804
212,7.8149,65.418,26.046,52.163,9.956,-97.452,38.755,66.231,50.083,49.505,10.63,-97.952,38.812
213,7.8481,65.056,27.598,52.163,10.029,-97.452,38.755,64.834,50.066,50.707,10.688,-98.031,38.811
214,7.8819,64.966,29.42,52.08,10.177,-97.452,38.755,64.967,50.689,50.161,10.809,-97.528,38.822
215,7.9155,64.966,31.579,51.913,10.398,-97.452,38.755,65.058,50.494,50.236,10.817,-97.667,38.819
216,7.9489,64.786,34.076,51.913,10.546,-97.452,38.755,65.352,51.279,49.375,10.905,-97.042,38.829
217,7.9821,64.786,36.572,51.913,10.546,-97.367,38.755,65.49,51.244,49.636,10.85,-97.41,38.821
218,8.0155,65.147,39.001,51.747,10.546,-97.367,38.755,65.086,51.655,50.259,10.753,-97.512,38.827
219,8.049,65.418,41.363,51.664,10.472,-97.367,38.755,65.833,51.222,49.199,10.612,-97.355,38.834
220,8.0827,65.418,43.387,51.664,10.472,-97.367,38.755,66.11,51.994,48.687,10.918,-96.914,38.835
221,8.1154,65.508,45.277,51.581,10.472,-97.367,38.755,65.861,52.153,48.811,10.756,-97.015,38.837
222,8.1491,65.869,46.896,51.331,10.546,-97.367,38.755,67.543,52.145,47.121,10.578,-96.91,38.838
223,8.1812,65.959,48.313,51.165,10.546,-97.367,38.755,66.582,52.782,47.734,10.784,-96.483,38.846
224,8.2163,65.959,49.46,50.915,10.472,-97.367,38.755,66.098,53.101,48.258,10.734,-96.626,38.843
225,8.2493,66.411,50.405,50.25,10.472,-97.282,38.755,66.861,52.866,47.149,10.674,-96.323,38.852
226,8.283,66.501,51.147,50.166,10.546,-97.028,38.755,66.29,53.032,47.996,10.682,-96.396,38.849
227,8.3163,66.23,51.754,50.166,10.546,-96.773,38.755,65.97,53.914,47.828,10.629,-96.028,38.854
228,8.3496,66.682,52.092,49.834,10.546,-96.688,38.755,66.76,53.632,47.241,10.679,-96.34,38.854
229,8.3831,66.591,52.362,49.834,10.546,-96.603,38.755,67.293,53.586,46.619,10.719,-95.994,38.857
230,8.4163,66.321,52.767,49.667,10.472,-96.433,38.755,67.102,53.86,46.647,10.703,-95.982,38.86
231,8.45,66.501,52.969,49.418,10.472,-96.433,38.755,67.339,53.897,46.344,10.475,-95.82,38.862
232,8.4834,66.501,53.171,49.168,10.472,-96.348,38.755,66.8,54.041,46.743,10.545,-95.648,38.869
233,8.5168,66.682,53.374,49.002,10.472,-96.348,38.755,67.228,54.256,46.056,10.792,-95.599,38.865
234,8.5508,66.772,53.374,49.002,10.472,-96.263,38.755,66.669,54.693,46.157,10.662,-95.228,38.871
235,8.5838,66.953,53.576,48.835,10.472,-95.924,38.755,67.465,54.444,45.905,10.454,-95.495,38.869
236,8.6176,67.314,53.846,48.669,10.472,-95.754,38.755,67.873,54.274,45.458,10.187,-95.621,38.876
237,8.6506,67.494,54.049,48.502,10.472,-95.499,38.755,68.041,54.459,45.382,10.455,-95.528,38.87
238,8.684,67.675,54.049,48.336,10.472,-95.499,38.755,67.573,54.644,45.464,10.326,-95.318,38.881
239,8.7174,67.765,54.049,48.17,10.472,-95.499,38.755,67.907,54.416,44.938,10.428,-95.144,38.875
240,8.7599,67.675,54.049,48.003,10.472,-95.499,38.755,67.965,54.709,45.238,10.43,-95.434,38.876
241,8.7845,67.765,54.049,47.754,10.472,-95.499,38.755,67.686,54.974,45.154,10.399,-95.086,38.88
242,8.8179,67.856,54.049,47.587,10.472,-95.499,38.755,68.855,54.567,43.641,10.259,-94.77,38.886
243,8.8512,67.675,54.318,47.504,10.472,-95.499,38.755,68.398,54.815,44.25,10.336,-94.897,38.885
244,8.8847,68.036,54.386,47.005,10.472,-95.499,38.755,67.666,54.993,44.823,10.392,-94.813,38.882
245,8.918,68.397,54.386,46.506,10.472,-95.329,38.755,67.912,54.745,44.798,10.356,-95.122,38.885
246,8.9514,68.036,54.453,46.506,10.472,-95.159,38.755,67.617,54.543,45.002,10.277,-94.947,38.886
247,8.985,67.765,54.453,46.506,10.472,-95.074,38.755,68.085,54.815,44.459,10.291,-94.846,38.886
248,9.0184,67.856,54.453,46.506,10.472,-95.074,38.755,68.755,54.744,43.634,10.235,-94.651,38.888
249,9.0517,68.036,54.453,46.423,10.472,-94.989,38.755,68.915,54.77,43.541,10.235,-94.755,38.886
250,9.0853,68.126,54.453,46.339,10.472,-94.989,38.755,68.272,54.004,43.749,10.134,-94.26,38.885
251,9.1187,68.397,54.453,46.09,10.472,-94.989,38.755,68.874,54.56,43.191,10.318,-94.409,38.884
252,9.152,68.397,54.453,45.923,10.472,-94.989,38.755,69.597,52.687,41.661,10.175,-93.777,38.888
253,9.1856,68.397,54.453,45.757,10.472,-94.989,38.755,68.612,54.028,43.211,10.139,-94.19,38.889
254,9.2191,68.849,54.453,45.258,10.472,-94.735,38.755,69.622,53.851,42.078,10.009,-93.967,38.893
255,9.2524,69.12,54.386,44.676,10.472,-94.48,38.755,68.799,53.988,42.872,10.019,-93.951,38.889
256,9.2858,68.668,54.386,44.509,10.472,-94.395,38.755,69.713,53.19,41.337,9.99,-93.45,38.89
257,9.3195,68.307,54.318,44.509,10.472,-94.395,38.755,69.428,52.36,41.261,10.014,-92.935,38.888
258,9.3528,68.488,54.318,44.26,10.398,-94.31,38.755,69.018,52.758,41.554,10.051,-93.113,38.891
259,9.3863,69.21,53.981,43.844,10.398,-93.97,38.755,70.371,51.284,39.549,10.007,-92.398,38.892
260,9.4197,69.752,53.441,43.677,10.472,-93.631,38.755,69.551,52.426,41.113,9.859,-93.033,38.891
261,9.4532,69.752,53.036,43.344,10.472,-93.376,38.755,70.113,51.208,39.884,9.826,-92.496,38.89
262,9.4872,70.023,52.497,42.596,10.472,-93.121,38.755,70.335,50.962,39.208,9.78,-92.305,38.893
263,9.5204,69.571,52.024,42.346,10.324,-92.951,38.755,70.93,49.933,38.241,9.933,-91.677,38.888
264,9.554,69.391,51.687,42.097,10.177,-92.611,38.755,71.234,48.921,36.975,9.871,-90.682,38.888
265,9.5874,70.023,51.417,41.431,10.177,-92.442,38.755,71.326,47.649,35.969,9.835,-89.875,38.889
266,9.6206,71.196,50.945,40.516,10.177,-92.017,38.755,71.895,45.411,34.236,9.768,-88.656,38.888
267,9.655,71.467,50.405,39.684,10.177,-91.423,38.755,72.193,44.276,32.799,9.798,-87.648,38.89
268,9.6874,71.287,49.528,38.686,10.177,-90.658,38.755,72.802,43.341,31.243,9.876,-86.755,38.89
269,9.7208,71.558,48.448,37.271,10.177,-89.894,38.755,72.429,43.642,32.345,9.732,-87.379,38.891
270,9.764,72.19,47.301,35.774,10.103,-88.96,38.755,72.375,42.199,31.031,9.785,-85.696,38.889
271,9.7876,72.19,46.221,34.942,10.103,-88.195,38.755,73.11,41.71,30.166,9.687,-85.63,38.889
272,9.8217,71.738,45.277,34.859,10.177,-87.601,38.755,73.313,41.636,29.682,9.746,-85.936,38.89
273,9.8543,72.37,44.332,34.193,10.177,-86.921,38.755,72.812,39.282,28.983,9.738,-84.145,38.888
274,9.8878,73.273,43.522,33.195,10.177,-86.242,38.755,73.53,37.126,26.138,9.687,-81.894,38.891
275,9.9213,72.912,42.78,32.529,10.177,-85.902,38.755,74.436,32.004,21.127,9.567,-77.396,38.898
276,9.9547,72.822,41.903,31.448,10.177,-85.393,38.755,73.118,37.367,27.0,9.622,-82.195,38.89
277,9.9882,73.995,40.823,29.617,10.177,-84.628,38.755,74.376,32.97,22.259,9.589,-78.309,38.895
278,10.0216,74.266,39.676,27.288,10.103,-83.609,38.755,75.232,29.349,17.421,9.451,-74.204,38.904
279,10.0552,73.273,38.529,25.374,10.103,-82.675,38.755,74.295,28.69,18.891,9.324,-74.365,38.913
280,10.0885,73.093,37.179,24.21,9.956,-81.571,38.755,75.019,29.511,18.445,9.337,-74.941,38.905
281,10.1219,74.898,35.628,23.045,9.735,-80.212,38.755,75.094,28.299,16.96,9.443,-73.571,38.912
282,10.1554,75.711,34.076,22.379,9.661,-78.599,38.755,75.084,26.071,15.271,9.275,-71.53,38.92
283,10.189,74.989,32.726,21.381,9.735,-77.155,38.755,74.933,25.419,14.536,9.275,-70.691,38.928
284,10.2222,75.26,31.377,19.634,9.735,-75.966,38.755,75.822,24.021,11.973,9.089,-69.028,38.927
285,10.2558,75.35,29.96,18.386,9.735,-74.522,38.755,75.599,24.435,12.325,9.216,-69.038,38.933
286,10.2891,75.35,28.677,17.221,9.661,-73.079,38.755,75.515,23.037,11.631,8.984,-68.473,38.935
287,10.3225,75.621,27.463,15.973,9.661,-71.805,38.755,76.041,22.552,9.655,9.173,-66.57,38.937
288,10.3561,75.53,26.316,15.058,9.661,-70.701,38.901,76.425,21.635,8.277,8.834,-65.861,38.947
289,10.3895,75.621,25.236,14.06,9.661,-69.851,38.901,76.854,21.891,7.285,8.927,-65.37,38.95
290,10.4231,76.253,24.359,12.479,9.587,-68.747,38.901,76.668,21.417,6.001,9.159,-64.017,38.956
291,10.4566,76.524,23.482,11.065,9.587,-67.643,38.901,77.277,20.248,3.277,8.904,-61.602,38.981
292,10.4899,76.524,22.807,9.9,9.587,-66.709,38.901,76.988,19.99,2.122,9.091,-60.09,38.99
293,10.5233,76.975,22.267,8.486,9.587,-65.605,38.755,77.561,19.837,0.13,9.296,-58.598,39.002
294,10.557,77.246,21.592,6.822,9.513,-64.331,38.755,77.81,19.358,-0.111,8.842,-58.949,39.0
295,10.5901,77.156,20.985,5.324,9.513,-62.972,38.755,79.105,18.391,-6.361,8.866,-53.9,39.032
296,10.6236,77.698,20.513,3.827,9.513,-61.614,38.755,78.7,17.727,-7.245,8.87,-52.249,39.046
297,10.6577,78.059,19.973,2.662,9.513,-60.425,38.755,79.184,17.222,-11.11,9.033,-48.86,39.062
298,10.6946,78.871,19.366,0.582,9.513,-59.066,38.755,79.29,17.033,-10.985,8.854,-49.138,39.057
299,10.7278,78.871,18.758,-1.997,9.513,-57.452,38.755,79.911,16.64,-13.9,8.779,-46.586,39.074
300,10.8692,79.233,18.219,-5.158,9.513,-55.669,38.803,90.66,16.208,-9.434,12.242,-62.522,38.792
301,10.88,79.865,17.139,-10.815,9.513,-49.639,38.95,90.909,15.379,-9.973,12.454,-62.397,38.79
302,10.9137,79.865,16.937,-11.314,9.513,-48.535,38.999,91.363,15.481,-10.573,12.591,-62.383,38.791
303,10.9487,80.497,16.734,-11.314,9.735,-48.45,39.048,91.601,16.815,-10.894,12.883,-62.56,38.795
304,10.9822,82.212,16.262,-11.814,10.693,-48.62,39.048,92.039,17.783,-12.696,12.967,-61.571,38.798
305,11.0153,85.463,15.992,-12.313,11.726,-48.535,38.901,92.776,19.587,-12.977,13.027,-62.424,38.812
306,11.0492,89.616,15.992,-10.649,12.316,-47.771,38.803,92.684,20.679,-13.931,13.311,-61.643,38.815
307,11.0823,91.512,15.992,-10.067,12.242,-47.941,38.706,93.074,19.677,-15.316,13.43,-60.911,38.816
308,11.1157,91.693,15.992,-10.899,12.242,-49.214,38.706,93.267,20.665,-15.463,13.482,-60.19,38.821
309,11.1498,91.061,16.667,-12.895,12.537,-51.168,38.852,93.245,21.108,-15.494,13.581,-60.368,38.821
310,11.1827,91.783,17.611,-13.478,12.979,-53.461,38.803,93.534,22.051,-16.662,13.871,-59.094,38.837
311,11.2177,93.86,18.489,-13.644,13.127,-54.735,38.706,93.253,22.617,-16.357,13.836,-59.483,38.834
312,11.2526,94.041,19.366,-13.727,13.127,-56.008,38.706,94.716,25.013,-19.246,13.49,-57.563,38.872
313,11.2857,93.499,20.175,-14.476,13.348,-57.367,38.706,94.076,24.621,-17.506,13.545,-58.917,38.859
314,11.3189,93.679,21.053,-15.391,13.348,-58.386,38.706,94.38,27.445,-16.991,13.751,-59.066,38.882
315,11.352,94.673,21.93,-16.057,13.274,-58.896,38.706,93.913,27.429,-19.063,13.842,-56.46,38.881
316,11.3832,94.582,22.807,-16.14,13.274,-58.981,38.706,94.023,27.811,-19.377,13.663,-55.836,38.892
317,11.4165,94.221,23.819,-16.306,13.274,-58.981,38.706,95.819,26.443,-23.8,13.563,-54.175,38.885
318,11.4505,94.492,24.831,-16.722,13.274,-58.471,38.706,94.621,28.51,-20.62,13.69,-55.423,38.902
319,11.4832,94.853,25.709,-17.97,13.274,-57.622,38.706,95.449,26.905,-24.499,13.138,-53.461,38.903
320,11.5168,95.305,26.518,-19.967,13.274,-56.688,38.706,95.713,28.17,-28.6,13.139,-49.156,38.908
321,11.5503,95.395,27.058,-21.381,13.201,-55.669,38.706,95.565,27.273,-28.853,13.064,-48.821,38.909
322,11.5836,95.485,27.53,-22.546,13.201,-54.735,38.706,96.329,27.559,-32.293,12.545,-46.493,38.911
323,11.617,95.666,27.53,-24.293,13.201,-53.546,38.706,94.172,28.72,-28.581,12.855,-46.642,38.925
324,11.6504,95.937,27.53,-26.539,13.274,-52.187,38.706,94.924,27.796,-29.905,12.702,-46.437,38.92
325,11.684,96.027,27.53,-28.453,13.127,-50.743,38.706,95.299,27.743,-33.322,12.429,-43.531,38.93
326,11.7175,95.666,27.53,-29.118,12.979,-49.469,38.706,94.687,27.412,-33.366,12.252,-42.46,38.932
327,11.7507,95.756,27.53,-29.118,12.906,-48.365,38.706,95.116,27.789,-33.133,12.217,-43.232,38.934
328,11.7843,96.027,27.53,-29.285,12.906,-46.837,38.706,94.869,26.606,-35.077,12.04,-40.73,38.933
329,11.8178,96.027,27.53,-30.366,13.053,-45.478,38.706,95.511,27.931,-36.765,11.918,-39.675,38.941
330,11.8604,95.847,27.53,-31.697,12.979,-44.374,38.706,95.462,29.225,-32.925,12.12,-43.756,38.945
331,11.8846,96.027,27.53,-33.278,12.611,-43.1,38.657,95.768,27.311,-35.687,11.823,-41.664,38.94
332,11.9184,96.117,27.53,-34.11,12.316,-41.996,38.657,94.872,27.183,-35.493,11.716,-40.244,38.945
333,11.9516,96.027,27.733,-34.193,12.242,-41.146,38.657,95.999,28.318,-37.33,11.755,-40.0,38.947
334,11.9863,96.117,27.935,-34.193,12.316,-40.467,38.657,95.115,27.638,-36.907,11.666,-38.991,38.95
335,12.0186,96.208,27.935,-34.443,12.389,-40.467,38.657,95.448,27.4,-36.67,11.474,-39.631,38.95
336,12.0519,96.388,27.935,-35.358,12.463,-40.212,38.657,96.062,25.549,-40.621,11.12,-36.192,38.95
337,12.0854,96.117,27.935,-35.441,12.242,-39.958,38.657,95.897,27.062,-39.784,11.213,-36.582,38.951
338,12.1187,96.659,27.868,-35.857,11.873,-39.533,38.706,95.351,26.992,-38.51,11.0,-37.642,38.962
339,12.1522,96.84,27.665,-36.938,11.652,-39.023,38.755,95.725,25.57,-41.525,10.845,-35.027,38.956
340,12.1857,96.388,27.193,-37.521,11.578,-38.514,38.755,95.107,25.629,-41.343,10.838,-33.907,38.967
341,12.2192,96.388,26.991,-37.604,11.504,-38.004,38.755,95.697,26.71,-41.107,10.848,-35.192,38.965
342,12.2527,96.749,26.586,-38.02,11.357,-36.985,38.755,96.242,27.33,-41.0,10.795,-36.828,38.963
343,12.2867,96.659,26.248,-38.935,11.283,-36.136,38.755,95.756,25.59,-44.086,10.519,-31.988,38.969
344,12.3195,96.479,26.181,-39.517,11.136,-35.372,38.755,95.621,24.742,-45.379,10.395,-30.261,38.968
345,12.3528,96.659,26.248,-40.017,10.988,-34.607,38.755,95.474,24.727,-45.014,10.284,-30.229,38.976
346,12.3863,96.84,26.181,-41.348,10.914,-33.588,38.755,95.216,25.115,-44.027,10.277,-31.006,38.977
347,12.4198,96.479,25.911,-42.762,10.914,-32.739,38.755,94.988,24.172,-44.347,10.243,-29.955,38.976
348,12.4555,96.388,25.506,-43.594,10.619,-31.89,38.755,95.42,23.058,-48.96,9.937,-25.246,38.99
349,12.4895,96.569,25.169,-42.928,10.398,-31.125,38.755,95.762,23.363,-49.782,9.712,-24.821,38.986
350,12.5224,96.84,24.696,-43.261,10.398,-30.361,38.755,95.705,23.267,-48.836,9.883,-26.219,38.982
351,12.5533,96.659,24.224,-44.759,10.472,-29.682,38.755,95.86,23.328,-48.987,9.854,-26.554,38.975
352,12.5875,96.569,23.887,-46.755,10.398,-28.832,38.755,95.772,22.205,-52.149,9.526,-22.266,38.992
353,12.6205,96.569,23.752,-47.587,10.177,-27.983,38.755,95.008,22.478,-49.532,9.592,-23.608,38.991
354,12.6544,96.659,23.617,-47.754,9.882,-27.134,38.755,95.11,22.662,-50.552,9.494,-23.587,38.999
355,12.6876,96.749,23.212,-48.502,9.882,-26.115,38.755,94.858,20.971,-53.962,9.17,-18.917,39.006
356,12.721,96.569,23.009,-49.002,9.882,-25.265,38.755,95.524,21.45,-53.437,9.132,-20.324,38.999
357,12.7543,96.659,22.874,-49.667,9.735,-24.416,38.755,95.572,21.723,-52.463,9.262,-21.647,38.997
358,12.788,96.749,22.537,-50.749,9.513,-23.312,38.803,94.166,21.522,-52.052,9.325,-19.492,39.008
359,12.8218,96.569,22.132,-51.331,9.366,-22.463,38.803,94.674,20.373,-55.432,8.942,-16.329,39.017
360,12.8637,96.388,21.93,-51.331,9.366,-21.529,38.803,95.117,21.283,-52.894,9.092,-20.055,39.001
361,12.8888,96.298,21.727,-51.331,9.292,-20.51,38.803,95.082,20.352,-54.812,8.849,-18.365,39.005
362,12.9216,96.298,21.39,-52.662,9.366,-19.49,38.803,95.158,20.35,-54.385,8.854,-19.138,38.998
363,12.955,96.117,21.053,-53.577,9.44,-18.641,38.803,95.242,18.928,-56.771,8.512,-16.049,39.008
364,12.9883,96.117,20.85,-53.661,9.44,-17.962,38.803,95.377,20.619,-57.031,8.6,-16.054,39.007
365,13.0218,96.298,20.648,-53.744,9.366,-17.367,38.803,95.031,18.742,-58.37,8.386,-14.252,39.01
366,13.0553,96.298,20.378,-54.825,9.218,-16.773,38.803,95.177,19.388,-59.081,8.281,-12.856,39.011
367,13.0896,96.117,20.108,-55.824,8.85,-16.348,38.803,94.965,19.289,-56.928,8.315,-15.378,39.005
368,13.1221,96.208,19.906,-56.905,8.702,-15.669,38.803,95.251,18.219,-59.132,8.206,-13.499,39.008
369,13.1555,96.208,19.636,-57.155,8.776,-14.904,38.803,95.286,17.987,-60.68,7.99,-11.529,39.02
370,13.1889,96.117,19.501,-56.905,8.923,-14.31,38.803,94.882,18.174,-59.224,8.098,-12.886,39.013
371,13.2222,96.298,19.096,-56.988,8.702,-13.715,38.803,95.481,17.73,-61.538,7.683,-10.75,39.005
372,13.2558,96.298,18.691,-57.82,8.407,-13.121,38.803,95.488,17.174,-62.263,7.635,-10.159,39.01
373,13.2894,96.117,18.421,-58.902,8.333,-12.781,38.803,94.371,16.797,-59.944,7.801,-10.424,39.016
374,13.3227,96.208,18.084,-59.983,8.407,-12.102,38.803,94.734,17.524,-60.594,7.918,-10.485,39.02
375,13.3564,96.208,17.679,-60.316,8.481,-11.423,38.803,95.176,16.405,-63.25,7.406,-8.158,39.013
376,13.3897,96.117,17.409,-59.983,8.481,-10.913,38.803,95.225,15.802,-61.589,7.495,-10.599,39.001
377,13.423,96.298,17.206,-60.15,8.333,-10.403,38.803,95.292,15.929,-64.834,7.258,-6.39,39.018
378,13.4564,96.298,16.802,-60.899,8.038,-9.979,38.803,95.219,16.128,-64.211,7.263,-7.285,39.016
379,13.4898,96.208,16.464,-61.897,7.817,-9.724,38.803,94.811,15.84,-62.405,7.35,-8.341,39.022
380,13.5238,96.208,16.329,-62.895,7.596,-9.214,38.803,96.134,14.77,-71.0,6.627,-0.773,39.03
381,13.5572,96.208,16.329,-62.895,7.596,-8.62,38.803,95.34,15.242,-64.753,7.172,-6.657,39.018
382,13.5904,96.298,16.262,-62.646,7.67,-8.025,38.803,95.347,14.629,-67.823,6.691,-2.872,39.025
383,13.6235,96.749,15.857,-62.895,7.375,-7.176,38.803,95.135,15.513,-66.835,6.996,-3.601,39.035
384,13.6572,96.749,15.52,-63.977,7.153,-6.497,38.803,96.225,14.575,-70.669,6.467,-1.161,39.028
385,13.6905,96.569,15.25,-65.641,7.08,-5.817,38.803,95.865,15.72,-67.151,7.022,-4.53,39.022
386,13.7239,96.569,15.047,-66.889,7.08,-4.968,38.803,95.74,13.67,-70.879,6.249,-0.642,39.03
387,13.7574,96.84,14.98,-67.97,7.08,-3.779,38.803,95.642,14.811,-69.097,6.724,-1.566,39.034
388,13.7907,96.84,14.98,-68.802,7.006,-2.76,38.803,96.118,13.764,-70.631,6.333,-1.087,39.026
389,13.8242,96.659,14.98,-69.052,6.711,-2.081,38.803,96.02,13.527,-72.732,6.179,1.342,39.041
390,13.8693,96.749,14.98,-68.885,6.49,-1.486,38.803,95.98,14.299,-71.667,6.504,0.198,39.033
391,13.8915,96.84,14.575,-69.384,6.49,-1.062,38.803,96.255,13.314,-73.632,5.918,2.307,39.039
392,13.9247,96.749,14.17,-70.715,6.785,-0.722,38.803,95.699,14.051,-70.029,6.502,-0.698,39.04
393,13.9578,96.659,13.9,-71.797,6.637,-0.212,38.803,96.098,14.107,-75.866,6.023,5.623,39.061
394,13.9917,96.659,13.833,-72.047,6.342,0.382,38.803,96.468,13.147,-77.047,5.626,6.16,39.055
395,14.0256,96.749,13.833,-71.464,6.195,1.062,38.803,96.963,12.796,-80.099,5.293,9.098,39.056
396,14.0585,96.84,13.833,-71.547,6.268,1.911,38.803,96.377,12.282,-77.73,5.377,6.73,39.053
397,14.0917,97.111,13.833,-73.378,5.973,3.1,38.803,96.72,12.614,-79.562,5.35,8.513,39.054
398,14.1255,97.201,13.563,-75.874,5.605,4.374,38.803,96.875,12.83,-80.349,5.373,9.416,39.062
399,14.1585,97.02,13.09,-77.537,5.457,5.478,38.803,96.725,12.86,-79.579,5.369,8.795,39.061
400,14.281,97.291,12.821,-79.201,5.605,6.667,38.803,101.567,27.212,-78.352,7.342,6.978,38.903
401,14.2917,97.472,12.821,-78.453,5.678,8.705,38.803,101.758,26.445,-80.569,7.201,8.146,38.9
402,14.3271,97.291,12.821,-78.702,5.605,8.705,38.803,101.472,27.342,-80.046,7.438,7.709,38.902
403,14.3605,98.194,12.821,-79.784,5.9,8.62,38.803,100.695,31.264,-76.053,8.256,5.522,38.914
404,14.3939,99.458,12.821,-80.2,6.711,8.62,38.803,100.161,33.237,-73.332,8.542,3.603,38.918
405,14.4276,99.639,13.428,-78.203,7.301,8.62,38.803,98.811,36.584,-68.979,9.221,1.86,38.924
406,14.4609,99.729,14.44,-77.121,7.448,8.195,38.803,98.011,38.493,-65.936,9.635,-1.133,38.936
407,14.4942,99.729,15.655,-75.458,7.817,7.346,38.803,98.266,37.935,-67.917,9.592,0.376,38.933
408,14.5277,99.549,17.206,-71.963,8.702,6.242,38.803,95.734,39.934,-60.137,10.092,-3.302,38.936
409,14.5613,99.368,18.961,-68.802,8.997,5.053,38.803,95.517,40.282,-60.031,10.475,-3.694,38.931
410,14.5947,99.097,21.053,-67.221,8.923,3.524,38.803,96.424,40.739,-61.05,10.356,-4.617,38.945
411,14.6278,98.194,23.414,-64.892,9.292,1.996,38.852,94.533,43.107,-57.825,10.725,-4.72,38.95
412,14.6613,98.014,25.843,-62.812,9.956,0.467,38.852,93.853,44.43,-52.928,10.679,-7.925,38.96
413,14.6947,98.104,28.475,-61.231,10.177,-0.637,38.803,91.786,46.026,-50.657,11.091,-6.897,38.962
414,14.7282,97.201,30.972,-59.151,10.103,-1.741,38.803,92.85,46.572,-50.962,11.248,-9.269,38.969
415,14.7615,96.027,33.333,-56.406,10.103,-3.015,38.803,92.399,46.385,-52.412,11.265,-6.866,38.963
416,14.795,95.034,35.762,-53.577,10.472,-4.204,38.803,90.238,46.96,-47.185,11.737,-10.459,38.969
417,14.8283,95.124,37.922,-52.829,10.988,-5.223,38.803,90.201,48.23,-45.428,11.644,-11.317,38.971
418,14.8618,94.763,39.879,-52.829,11.062,-6.157,38.803,88.14,49.438,-41.949,12.108,-13.018,38.975
419,14.8954,93.499,41.7,-52.08,10.988,-7.346,38.803,89.134,47.591,-44.947,11.682,-11.634,38.97
420,14.9393,92.415,43.387,-50.416,11.136,-8.62,38.803,91.403,48.691,-47.607,11.541,-11.498,38.978
421,14.9621,91.151,44.804,-46.755,11.578,-9.724,38.803,87.29,48.841,-41.6,11.954,-12.902,38.966
422,14.9956,91.242,46.086,-44.093,11.652,-10.658,38.803,90.453,49.088,-44.464,11.493,-14.26,38.975
423,15.0291,92.325,47.166,-43.178,11.578,-10.998,38.803,87.206,50.077,-40.112,12.096,-14.837,38.984
424,15.0628,92.144,47.841,-42.928,11.504,-11.338,38.803,85.449,51.279,-34.076,12.095,-18.936,38.983
425,15.0959,91.603,48.448,-43.428,11.578,-11.932,38.803,86.337,50.587,-37.235,12.002,-16.806,38.982
426,15.1295,90.248,49.055,-43.178,11.578,-12.781,38.803,83.911,49.971,-33.479,12.231,-18.254,38.986
427,15.1627,88.713,49.73,-41.764,11.799,-13.8,38.803,85.104,51.14,-32.475,11.807,-20.794,38.986
428,15.1961,87.901,50.135,-39.601,11.799,-14.904,38.803,83.621,51.601,-30.176,11.959,-21.183,38.986
429,15.2297,87.088,50.405,-36.106,11.652,-15.924,38.803,84.038,52.105,-32.05,12.309,-20.106,38.987
430,15.2633,86.998,50.607,-33.611,11.578,-16.858,38.803,81.633,53.271,-23.989,11.872,-25.926,38.999
431,15.2966,86.456,51.012,-31.78,11.578,-17.962,38.803,83.49,52.12,-28.145,11.93,-23.7,38.99
432,15.3301,86.275,51.417,-31.032,11.726,-18.896,38.803,81.288,52.826,-23.938,11.941,-25.75,38.992
433,15.3636,85.372,51.957,-29.7,11.726,-20.0,38.803,79.256,54.526,-19.849,11.903,-27.532,38.994
434,15.3969,84.831,52.362,-28.203,11.652,-21.104,38.803,77.824,54.671,-17.628,12.02,-27.77,38.994
435,15.4303,83.476,52.632,-25.79,11.652,-22.293,38.803,79.028,54.741,-17.502,11.72,-29.031,38.998
436,15.4638,81.67,53.036,-22.712,11.652,-23.652,38.803,80.406,53.757,-20.617,11.571,-27.699,38.988
437,15.4975,80.858,53.509,-20.133,11.652,-24.926,38.803,80.509,54.056,-20.578,11.753,-27.835,38.994
438,15.5306,81.49,53.914,-19.384,11.652,-25.945,38.803,75.669,55.94,-10.664,11.468,-33.595,38.998
439,15.5642,81.67,53.981,-19.384,11.652,-26.624,38.803,76.232,54.433,-14.406,11.568,-30.489,38.987
440,15.5975,80.948,53.981,-19.384,11.652,-27.304,38.803,75.124,55.05,-12.153,11.728,-31.137,38.998
441,15.631,79.503,54.049,-18.053,11.726,-28.153,38.803,74.692,56.337,-9.556,11.398,-33.485,38.993
442,15.6644,77.968,54.049,-15.724,11.726,-29.002,38.803,74.811,56.136,-8.603,11.193,-35.325,38.996
443,15.6979,77.336,54.521,-13.062,11.726,-29.766,38.803,73.902,56.407,-8.577,11.457,-34.244,38.995
444,15.7313,76.704,54.993,-10.899,11.357,-30.701,38.852,71.9,56.493,-5.025,11.369,-35.57,38.994
445,15.7655,76.343,55.398,-9.567,11.283,-31.72,38.852,72.661,56.775,-4.319,11.163,-37.315,38.995
446,15.7982,75.44,55.668,-8.652,11.283,-32.654,38.852,71.684,55.761,-5.841,11.416,-34.741,38.995
447,15.8316,74.176,56.005,-7.072,11.578,-33.673,38.852,71.607,55.594,-5.519,11.399,-34.807,38.99
448,15.8651,73.725,56.14,-5.408,11.504,-35.117,38.852,71.628,56.659,-3.677,11.232,-37.006,39.0
449,15.8985,73.544,56.14,-5.158,11.283,-35.202,38.852,71.163,55.985,-4.097,11.194,-36.216,38.991
450,15.9426,73.363,56.14,-4.742,11.283,-35.711,38.852,72.854,55.912,-6.214,11.047,-35.474,38.987
451,15.9691,73.002,56.14,-3.91,11.652,-35.881,38.852,70.868,56.495,-3.612,11.386,-36.223,38.992
452,16.0021,72.822,56.14,-3.91,11.504,-35.796,38.852,70.894,56.025,-3.662,11.228,-36.468,38.988
453,16.0355,73.363,56.14,-4.077,11.283,-35.796,38.852,69.228,56.212,-1.051,11.278,-37.05,38.99
454,16.066,73.093,56.14,-3.827,11.209,-35.796,38.852,69.061,56.714,0.202,10.926,-38.297,38.989
455,16.0996,72.009,56.14,-2.662,11.357,-35.796,38.852,68.72,57.098,1.564,10.927,-39.528,38.991
456,16.1326,71.106,56.14,-1.331,11.431,-35.966,38.852,69.644,56.892,0.042,10.94,-39.07,38.988
457,16.1662,70.745,56.14,0.0,11.209,-36.645,38.852,67.364,56.776,3.582,10.999,-40.132,38.997
458,16.1996,70.655,56.343,0.582,11.136,-37.24,38.852,65.039,56.849,5.11,11.334,-38.744,38.996
459,16.2329,70.655,56.41,0.749,11.136,-37.834,38.852,66.417,56.532,3.337,11.176,-38.638,38.99
460,16.2662,69.12,56.41,1.664,11.283,-38.344,38.852,67.788,56.8,2.421,10.884,-39.285,38.987
461,16.2999,67.223,56.41,3.577,11.431,-38.769,38.852,66.007,56.637,5.02,10.848,-40.321,38.984
462,16.3363,67.585,56.41,4.326,11.504,-38.854,38.852,67.568,57.425,4.32,10.598,-41.354,38.982
463,16.37,68.758,56.478,4.742,11.136,-38.769,38.852,66.962,57.847,6.649,10.685,-42.721,38.99
464,16.4038,68.488,56.478,5.241,10.914,-38.854,38.852,66.456,57.644,5.186,10.832,-41.026,38.986
465,16.436,68.307,56.613,5.158,10.914,-39.193,38.852,64.705,58.197,8.685,10.66,-42.539,38.986
466,16.4672,68.217,57.018,5.241,10.988,-40.042,38.852,67.602,56.834,2.372,10.857,-39.185,38.974
467,16.5006,67.675,57.355,5.99,11.062,-40.722,38.852,64.595,57.811,9.042,10.688,-42.79,38.987
468,16.534,66.862,57.49,6.905,11.136,-41.146,38.852,63.96,57.099,8.046,10.887,-41.095,38.986
469,16.5676,66.591,57.49,7.737,11.136,-41.401,38.852,63.705,57.962,11.599,10.388,-44.66,38.983
470,16.6017,66.05,57.49,8.735,11.062,-41.486,38.852,62.879,57.316,11.047,10.566,-43.38,38.979
471,16.6342,65.779,57.49,8.985,10.914,-41.486,38.852,64.287,57.234,8.472,10.567,-41.915,38.97
472,16.6694,65.056,57.49,9.817,10.914,-41.571,38.852,64.076,58.041,11.436,10.28,-44.995,38.974
473,16.7011,64.605,57.49,10.649,10.914,-41.741,38.852,60.513,58.035,16.068,10.338,-45.706,38.974
474,16.7353,65.327,57.49,10.815,10.767,-41.826,38.852,61.831,57.608,13.805,10.414,-44.751,38.975
475,16.7693,64.695,57.49,11.564,10.767,-42.166,38.852,60.553,57.111,13.918,10.588,-43.188,38.972
476,16.8019,63.07,57.49,12.978,10.767,-42.845,38.852,59.766,56.966,15.736,10.562,-43.993,38.974
477,16.8361,62.438,57.49,13.727,10.693,-43.355,38.852,60.969,56.618,13.608,10.576,-43.353,38.968
478,16.8689,62.167,57.49,14.476,10.693,-43.355,38.852,60.607,58.487,17.62,10.03,-47.376,38.969
479,16.9027,61.716,57.49,15.308,10.693,-43.439,38.852,60.366,56.296,14.476,10.278,-44.185,38.969
480,16.9465,61.896,57.355,15.641,10.619,-43.355,38.852,61.082,56.795,13.755,10.453,-43.631,38.962
481,16.9697,61.806,57.22,16.556,10.472,-43.355,38.852,60.833,57.588,16.222,10.286,-45.764,38.967
482,17.0037,61.986,56.95,16.639,10.398,-43.355,38.852,58.253,57.906,19.228,10.399,-46.687,38.962
483,17.0367,61.896,56.883,16.223,10.398,-43.355,38.852,56.177,58.049,22.593,10.228,-47.239,38.971
484,17.0704,61.445,56.883,16.223,10.472,-43.779,38.852,60.834,56.936,14.623,10.176,-44.197,38.958
485,17.1033,59.91,56.883,17.471,10.546,-44.544,38.852,60.015,58.741,19.349,9.974,-48.437,38.965
486,17.1369,58.194,56.95,19.884,10.546,-45.393,38.852,58.461,57.16,19.276,9.957,-46.539,38.959
487,17.1702,58.375,57.355,21.547,10.398,-45.987,38.852,57.156,56.665,20.743,10.46,-45.97,38.962
488,17.2036,60.271,57.76,21.88,10.398,-46.497,38.852,56.35,55.833,20.88,10.286,-45.321,38.96
489,17.2368,60.09,57.962,21.963,10.472,-46.582,38.852,58.128,56.985,19.968,10.148,-46.91,38.96
490,17.2703,58.646,57.962,21.714,10.546,-46.667,38.852,57.324,56.624,19.824,10.444,-45.525,38.96
491,17.3038,57.652,57.895,21.547,10.546,-46.752,38.852,58.033,56.216,19.128,10.226,-45.388,38.956
492,17.3368,57.562,57.827,21.547,10.324,-46.752,38.852,55.812,55.889,21.668,10.449,-45.218,38.965
493,17.3704,58.826,57.355,21.464,10.251,-46.412,38.852,57.231,56.702,20.633,10.244,-46.332,38.964
494,17.4041,58.555,56.883,21.631,10.251,-45.817,38.852,56.414,57.028,23.064,10.019,-48.18,38.96
495,17.4374,57.743,56.613,22.047,10.472,-45.648,38.852,55.988,56.314,22.068,10.09,-46.504,38.957
496,17.4705,57.472,56.545,22.213,10.472,-45.732,38.852,55.169,56.413,23.382,10.052,-47.04,38.96
497,17.5041,57.381,56.613,22.795,10.472,-45.732,38.852,55.984,56.533,22.309,10.234,-45.773,38.959
498,17.5372,57.111,56.613,23.211,10.398,-45.732,38.852,55.183,56.579,23.685,10.265,-46.802,38.959
499,17.5707,57.02,56.613,23.295,10.398,-45.732,38.852,56.103,55.954,21.546,10.18,-45.98,38.957
500,17.6988,56.659,56.613,23.211,10.472,-45.732,38.852,60.462,60.095,24.299,12.654,-57.319,38.882
501,17.7102,56.659,56.343,23.627,10.398,-45.648,38.852,60.599,60.056,24.498,12.737,-57.503,38.885
502,17.747,56.659,56.343,23.544,10.546,-45.648,38.852,60.454,60.082,24.592,12.829,-57.457,38.886
503,17.7812,57.02,56.343,23.794,10.693,-45.732,38.803,59.977,60.082,25.66,12.851,-57.529,38.893
504,17.8146,58.555,56.343,24.542,11.357,-46.157,38.803,59.716,60.111,26.056,12.891,-57.587,38.896
505,17.848,60.0,56.68,25.458,11.799,-46.752,38.803,59.773,60.112,26.045,12.842,-57.455,38.902
506,17.8813,59.729,57.557,26.456,11.873,-47.686,38.803,59.127,60.107,27.109,12.885,-57.852,38.903
507,17.9146,59.729,58.3,26.539,12.094,-49.13,38.803,59.584,60.131,26.602,12.926,-57.823,38.904
508,17.948,59.549,58.839,26.789,12.389,-50.828,38.803,59.61,60.119,26.818,12.838,-57.925,38.908
509,17.9814,59.549,59.177,27.121,12.537,-52.442,38.803,58.999,60.145,27.669,12.93,-57.939,38.911
510,18.0247,59.819,59.379,27.288,12.537,-53.715,38.803,58.371,60.15,28.447,12.936,-58.017,38.914
511,18.0481,59.549,59.582,27.537,12.537,-54.82,38.803,58.666,60.118,27.966,12.916,-57.952,38.915
512,18.0816,59.368,59.649,28.037,12.537,-55.754,38.803,58.508,60.11,28.884,12.803,-58.315,38.922
513,18.1152,59.278,59.784,28.536,12.463,-56.263,38.803,58.504,60.138,28.6,12.796,-58.259,38.92
514,18.1489,59.368,59.784,28.869,12.463,-56.603,38.803,58.063,60.125,29.153,12.753,-58.252,38.925
515,18.1798,59.187,59.784,28.952,12.537,-56.858,38.803,58.095,60.17,29.02,12.759,-58.299,38.928
516,18.2135,59.097,59.784,29.201,12.537,-57.028,38.803,57.909,60.13,29.339,12.725,-58.285,38.929
517,18.2464,59.007,59.784,29.451,12.537,-57.113,38.803,58.041,60.145,29.526,12.772,-58.474,38.933
518,18.2802,59.007,59.784,29.617,12.537,-57.113,38.803,57.856,60.128,29.752,12.621,-58.654,38.937
519,18.316,59.007,59.784,29.784,12.537,-57.197,38.803,57.546,60.207,30.051,12.679,-58.456,38.939
520,18.3478,59.007,59.784,30.033,12.537,-57.452,38.803,57.993,60.143,29.6,12.664,-58.624,38.939
521,18.3838,58.916,59.784,30.2,12.537,-57.452,38.803,57.644,60.179,29.916,12.514,-58.643,38.951
522,18.415,58.916,59.784,30.2,12.537,-57.537,38.803,58.005,60.158,29.783,12.477,-58.683,38.949
523,18.4478,58.826,59.784,30.283,12.537,-57.622,38.803,57.277,60.131,30.37,12.509,-58.646,38.951
524,18.481,58.736,59.784,30.283,12.537,-57.622,38.803,57.443,60.139,30.373,12.485,-58.86,38.956
525,18.5143,58.646,59.784,30.616,12.537,-57.622,38.803,57.375,60.221,30.259,12.43,-58.548,38.96
526,18.5477,58.465,59.784,30.699,12.537,-57.707,38.803,57.209,60.158,30.526,12.464,-58.687,38.959
527,18.5814,58.465,59.784,30.699,12.537,-57.707,38.803,57.039,60.206,30.878,12.273,-59.039,38.968
528,18.615,58.465,59.784,30.699,12.537,-57.707,38.803,57.499,60.248,30.535,12.185,-59.179,38.975
529,18.6484,58.284,59.784,30.865,12.537,-57.707,38.803,56.615,60.213,31.164,12.357,-58.942,38.971
530,18.6817,58.284,59.784,31.032,12.537,-57.877,38.803,56.515,60.213,31.371,12.218,-58.913,38.979
531,18.7153,58.194,59.784,31.281,12.537,-57.962,38.803,57.097,60.278,30.756,12.232,-58.899,38.979
532,18.7486,57.652,59.784,31.614,12.537,-57.962,38.803,56.777,60.258,31.115,12.15,-59.062,38.986
533,18.7818,57.833,59.784,31.614,12.537,-57.962,38.803,56.766,60.28,30.979,12.179,-58.903,38.994
534,18.8152,57.833,59.784,31.614,12.537,-57.962,38.803,56.194,60.331,31.823,12.034,-59.27,38.998
535,18.8485,57.743,59.784,31.614,12.537,-57.962,38.803,57.17,60.276,31.054,11.932,-59.05,38.993
536,18.882,57.562,59.784,31.864,12.537,-57.962,38.803,56.805,60.359,31.451,12.009,-59.378,38.996
537,18.9154,57.472,59.784,31.947,12.537,-57.962,38.803,56.278,60.328,31.915,11.972,-59.494,39.001
538,18.9488,57.652,59.784,32.113,12.537,-57.962,38.803,56.33,60.356,31.605,12.028,-59.049,39.01
539,18.9822,57.472,59.784,32.28,12.537,-57.962,38.803,56.612,60.368,31.387,11.951,-59.0,39.007
540,19.0215,57.381,59.784,32.363,12.537,-57.962,38.803,56.393,60.411,31.614,12.03,-59.354,39.013
541,19.0493,57.291,59.784,32.363,12.537,-57.962,38.803,56.486,60.427,31.701,11.826,-59.543,39.022
542,19.0826,57.291,59.784,32.363,12.537,-57.962,38.803,56.392,60.39,31.47,11.818,-59.357,39.029
543,19.1163,57.291,59.784,32.446,12.537,-58.217,38.803,55.927,60.276,32.021,11.884,-59.634,39.031
544,19.1496,57.291,59.784,32.446,12.537,-58.301,38.803,56.209,60.059,31.899,11.931,-60.069,39.03
545,19.1832,57.201,59.784,32.446,12.537,-58.471,38.803,56.015,60.234,31.867,11.898,-59.706,39.037
546,19.2166,57.111,59.784,32.446,12.537,-58.726,38.803,55.543,59.782,32.276,11.872,-59.816,39.038
547,19.2507,57.111,59.784,32.446,12.537,-58.811,38.803,56.058,59.524,32.163,11.654,-59.92,39.042
548,19.2839,56.93,59.784,32.529,12.537,-58.896,38.803,55.53,58.641,32.272,11.927,-60.179,39.049
549,19.3177,56.749,59.784,32.529,12.463,-58.981,38.803,55.781,58.785,32.386,11.756,-60.29,39.046
550,19.3513,56.749,59.717,32.529,12.389,-58.981,38.803,55.813,57.491,32.723,11.705,-60.695,39.046
551,19.3841,56.659,59.717,32.696,12.389,-58.981,38.803,55.635,57.899,32.471,11.754,-60.259,39.056
552,19.4184,56.569,59.379,33.028,12.389,-58.981,38.803,55.905,55.07,32.615,11.753,-61.024,39.06
553,19.4519,56.569,58.907,33.111,12.389,-59.151,38.803,55.751,54.948,32.937,11.757,-61.194,39.057
554,19.4847,56.569,58.502,33.111,12.389,-59.236,38.803,55.765,52.74,32.752,11.769,-61.216,39.07
555,19.5181,56.569,57.827,33.111,12.389,-59.575,38.803,56.179,50.989,32.8,11.712,-61.901,39.069
556,19.5519,56.569,57.085,33.111,12.389,-59.915,38.803,56.46,49.073,32.835,11.691,-61.915,39.078
557,19.5846,56.569,56.073,33.111,12.389,-60.255,38.803,56.068,48.929,33.069,11.712,-61.818,39.074
558,19.6173,56.659,54.858,33.111,12.389,-60.594,38.803,56.139,46.361,33.296,11.746,-62.337,39.081
559,19.6508,56.569,53.509,33.361,12.389,-60.764,38.803,55.682,44.31,34.171,11.735,-62.412,39.091
560,19.6851,56.569,52.159,33.694,12.316,-60.764,38.803,55.754,40.37,34.346,11.64,-62.76,39.1
561,19.7177,56.659,50.742,34.276,12.316,-61.104,38.803,55.649,38.389,34.468,11.555,-62.905,39.1
562,19.7518,56.659,49.19,34.609,12.316,-61.359,38.803,55.528,34.887,34.81,11.749,-63.298,39.108
563,19.7856,56.659,47.368,34.775,12.316,-61.614,38.803,55.736,32.429,34.954,11.489,-63.348,39.11
564,19.8189,56.569,45.479,34.942,12.316,-61.953,38.803,56.533,32.608,34.371,11.441,-63.038,39.112
565,19.8522,56.569,43.522,35.275,12.242,-62.208,38.803,55.58,27.084,35.747,11.368,-63.326,39.125
566,19.8855,56.749,41.43,35.358,12.094,-62.208,38.803,55.371,26.776,36.279,11.353,-63.622,39.122
567,19.9191,56.659,39.474,35.691,12.094,-62.208,38.803,55.85,21.736,36.249,11.258,-63.465,39.144
568,19.9524,56.388,37.314,36.356,12.094,-62.293,38.803,55.143,21.822,36.475,11.347,-63.729,39.149
569,19.9857,56.479,35.155,36.606,12.094,-62.378,38.803,54.996,19.868,37.18,11.007,-63.874,39.158
570,20.0281,56.388,32.928,36.689,12.094,-62.378,38.803,55.729,17.525,37.054,11.087,-63.77,39.166
571,20.0528,56.117,30.769,37.105,12.094,-62.463,38.803,55.92,16.924,37.081,11.135,-64.181,39.158
572,20.0862,56.027,28.61,37.438,11.799,-62.463,38.803,56.156,14.832,36.903,11.023,-64.201,39.17
573,20.121,56.388,26.586,37.438,11.652,-62.633,38.803,55.771,15.367,37.208,10.888,-64.074,39.172
574,20.1538,56.388,24.696,37.438,11.652,-62.803,38.803,55.265,13.251,37.546,10.855,-64.743,39.177
575,20.187,56.388,22.942,37.521,11.726,-62.803,38.803,55.478,12.322,37.288,11.057,-64.522,39.177
576,20.2201,56.208,21.457,37.937,11.726,-62.972,38.901,56.026,11.55,36.765,11.049,-64.573,39.171
577,20.2539,56.117,20.04,37.937,11.799,-63.312,38.852,55.785,10.832,37.104,10.961,-64.25,39.183
578,20.2882,56.208,18.826,37.937,11.799,-63.312,38.852,55.816,10.738,36.686,10.938,-64.399,39.18
579,20.3201,56.208,17.814,38.02,11.799,-63.397,38.95,55.816,10.481,36.638,10.767,-64.606,39.176
580,20.3537,56.208,16.802,38.02,11.799,-63.397,38.999,55.898,10.107,37.143,11.003,-64.717,39.179
581,20.3872,56.208,16.059,38.02,11.652,-63.397,38.999,55.907,9.297,36.419,10.999,-64.587,39.179
582,20.422,56.208,15.452,38.02,11.652,-63.397,38.999,55.685,9.208,37.162,10.936,-65.216,39.174
583,20.4547,56.208,14.98,38.02,11.652,-63.397,38.999,56.298,9.055,35.84,10.914,-64.795,39.175
584,20.4878,56.208,14.507,38.02,11.652,-63.397,38.999,56.317,9.054,35.928,10.888,-64.904,39.177
585,20.5209,56.208,14.238,38.02,11.652,-63.567,39.048,55.858,9.101,36.038,11.062,-64.853,39.175
586,20.5544,56.208,14.103,38.02,11.652,-63.652,39.048,56.438,9.005,35.33,10.894,-65.007,39.168
587,20.5886,56.208,13.968,38.02,11.652,-63.652,39.048,57.239,9.121,33.604,11.101,-64.833,39.162
588,20.6216,56.208,13.968,38.02,11.652,-63.737,39.048,57.148,9.082,33.575,10.862,-65.026,39.151
589,20.6559,56.479,13.968,37.854,11.652,-63.737,39.048,57.332,9.034,33.324,10.918,-64.721,39.162
590,20.6887,56.93,13.968,37.354,11.652,-63.737,39.048,58.621,9.131,30.439,11.102,-63.914,39.159
591,20.7219,57.02,13.968,37.271,11.578,-63.737,39.048,59.037,9.287,29.686,10.948,-63.817,39.156
592,20.7553,57.562,13.9,36.855,11.578,-63.737,39.048,58.998,9.285,29.537,11.009,-64.022,39.154
593,20.7886,58.555,13.9,35.691,11.578,-63.652,39.048,59.445,9.197,29.295,10.839,-63.773,39.161
594,20.8221,58.736,13.9,35.275,11.578,-63.567,38.901,59.458,9.403,28.753,10.823,-63.929,39.154
595,20.8554,59.007,13.9,35.108,11.578,-63.567,38.852,60.388,9.467,26.803,10.898,-63.346,39.151
596,20.8894,59.458,13.9,34.692,11.578,-63.567,38.852,60.536,9.595,26.321,10.742,-63.301,39.151
597,20.9222,59.91,13.9,34.11,11.578,-63.482,38.852,62.634,9.622,22.155,11.062,-62.973,39.148
598,20.9557,60.632,13.9,33.195,11.504,-63.057,38.852,61.98,9.659,22.902,10.936,-62.832,39.146
599,20.9893,61.084,13.9,32.196,11.504,-62.718,38.852,63.266,9.73,20.433,10.884,-62.652,39.148
600,21.1263,62.167,13.9,30.699,11.504,-62.548,38.852,70.101,8.09,41.085,14.389,-73.018,38.87
601,21.1366,63.341,13.9,26.456,11.504,-62.463,38.852,70.276,8.101,40.807,14.41,-73.084,38.869
602,21.1731,63.431,13.9,25.79,11.504,-62.463,38.852,70.18,8.196,40.684,14.647,-73.271,38.868
603,21.2065,64.334,13.833,25.707,11.652,-62.548,38.803,70.348,8.194,40.209,14.67,-73.188,38.863
604,21.2398,65.598,13.563,26.872,12.611,-62.803,38.95,71.289,8.204,38.401,14.652,-72.678,38.854
605,21.2732,66.862,13.293,29.95,12.979,-63.567,38.999,71.26,8.279,37.239,14.717,-72.687,38.848
606,21.3064,68.217,13.158,33.943,13.643,-66.115,39.145,71.555,8.387,36.487,14.754,-72.586,38.844
607,21.3399,69.932,13.09,35.358,14.159,-67.134,39.145,71.021,8.405,36.455,14.742,-72.765,38.845
608,21.3731,70.745,13.09,36.356,14.307,-68.577,39.096,71.639,8.529,34.868,14.835,-72.786,38.84
609,21.4066,70.564,13.09,37.105,14.307,-69.936,39.096,71.307,8.542,35.188,14.746,-73.009,38.841
610,21.4399,70.113,13.09,37.188,14.233,-70.955,39.096,71.546,8.573,35.155,14.761,-72.911,38.837
611,21.4742,70.384,13.09,36.522,14.233,-70.87,39.096,70.911,8.603,35.412,14.753,-73.022,38.839
612,21.507,70.474,13.09,36.522,14.233,-71.55,39.096,70.034,8.718,33.789,14.502,-73.272,38.834
613,21.5404,70.474,13.09,36.606,14.233,-71.89,39.096,70.496,8.766,34.882,14.582,-73.167,38.833
614,21.5737,70.474,13.09,36.606,14.233,-72.059,39.096,71.601,8.735,33.373,14.59,-72.796,38.833
615,21.608,71.106,13.09,36.356,14.233,-72.229,39.096,72.104,8.825,31.653,14.359,-72.759,38.828
616,21.6405,71.648,13.09,36.19,14.233,-72.229,39.096,71.63,8.854,31.645,14.384,-72.908,38.827
617,21.6745,72.19,13.09,35.441,14.233,-72.229,39.096,71.898,8.944,30.099,14.265,-73.019,38.825
618,21.7082,72.28,13.09,35.025,14.233,-72.144,39.048,71.031,9.062,31.124,14.268,-73.452,38.83
619,21.7407,72.28,13.09,34.692,14.233,-72.144,39.048,72.142,9.022,28.715,14.123,-73.468,38.826
620,21.7747,72.37,13.09,34.359,14.233,-72.144,38.999,72.73,8.954,28.283,14.112,-72.839,38.827
621,21.8077,72.28,13.09,34.193,14.233,-72.059,38.852,75.239,9.119,21.609,13.768,-72.713,38.819
622,21.8412,72.822,13.09,33.444,14.233,-72.059,38.852,74.581,9.029,22.692,13.647,-72.505,38.825
623,21.8755,73.454,13.09,32.696,14.159,-71.975,38.852,74.268,9.081,22.563,13.651,-72.602,38.824
624,21.9081,74.628,13.09,31.115,14.159,-71.975,38.852,74.456,9.112,20.672,13.4,-72.9,38.826
625,21.9412,75.079,13.09,29.617,14.159,-71.975,38.803,76.185,9.076,17.052,13.104,-72.333,38.83
626,21.9753,74.898,13.09,28.286,14.159,-71.975,38.803,76.859,9.08,15.582,13.019,-72.589,38.829
627,22.0086,75.169,13.09,26.29,13.938,-71.975,38.803,76.89,9.215,13.522,12.539,-72.868,38.85
628,22.042,76.163,13.09,23.96,13.864,-71.975,38.803,78.777,9.152,10.256,12.562,-71.985,38.841
629,22.0757,76.795,13.09,21.797,13.569,-71.975,38.803,80.546,9.13,6.262,12.263,-71.586,38.849
630,22.1173,77.517,13.09,19.717,13.422,-71.975,38.803,80.711,9.257,5.303,11.989,-72.297,38.856
631,22.1424,78.871,13.09,17.304,13.127,-71.975,38.755,83.633,9.146,-1.573,11.658,-71.011,38.862
632,22.176,80.045,13.09,14.892,12.832,-71.55,38.755,85.114,9.139,-6.162,11.073,-70.837,38.878
633,22.2093,81.219,13.09,12.562,12.537,-71.04,38.755,85.563,9.121,-6.171,11.284,-70.697,38.879
634,22.2427,83.025,13.09,10.15,12.242,-70.616,38.755,87.252,9.15,-10.815,10.93,-70.386,38.886
635,22.276,84.65,13.09,7.737,11.947,-70.361,38.755,87.555,9.109,-11.056,10.67,-69.785,38.898
636,22.3093,85.914,13.09,5.574,11.652,-70.276,38.755,89.138,9.137,-15.166,10.47,-69.154,38.889
637,22.3427,87.269,13.09,3.245,11.431,-69.936,38.755,90.449,9.087,-18.37,10.132,-67.727,38.903
638,22.3764,88.081,13.09,0.832,11.136,-69.427,38.755,90.686,9.109,-19.283,9.917,-67.688,38.913
639,22.4097,89.345,13.09,-1.664,10.841,-68.832,38.755,91.398,9.085,-20.508,9.813,-67.407,38.913
640,22.4437,90.609,13.09,-4.326,10.619,-68.068,38.755,92.641,9.149,-23.791,9.536,-66.679,38.922
641,22.4804,91.151,13.09,-6.739,10.324,-67.389,38.755,92.779,9.054,-25.321,9.16,-66.001,38.928
642,22.5113,92.054,13.09,-9.068,10.177,-67.049,38.755,94.553,8.994,-29.917,8.955,-64.813,38.944
643,22.5454,92.867,13.09,-11.73,9.882,-66.454,38.755,95.276,8.939,-31.893,8.853,-63.186,38.941
644,22.5787,93.499,13.09,-14.476,9.661,-65.605,38.755,95.612,8.909,-33.298,8.672,-62.208,38.947
645,22.6115,94.853,13.09,-17.304,9.513,-64.841,38.755,96.073,8.938,-34.268,8.513,-63.227,38.958
646,22.6447,95.576,13.09,-20.05,9.292,-63.822,38.755,95.676,8.862,-35.386,8.154,-61.286,38.952
647,22.6797,96.208,13.09,-22.795,9.071,-62.803,38.755,97.274,8.796,-38.945,7.748,-59.47,38.971
648,22.7117,96.569,13.09,-25.374,8.923,-61.953,38.755,97.527,8.821,-41.604,7.599,-57.851,38.981
649,22.7458,96.749,13.09,-27.87,8.702,-61.104,38.755,97.809,8.742,-42.686,7.35,-58.307,38.988
650,22.7791,97.562,13.09,-30.948,8.481,-60.255,38.755,97.962,8.817,-43.066,7.154,-57.274,39.001
651,22.8125,97.833,13.09,-33.86,8.186,-59.151,38.755,98.38,8.739,-45.591,7.069,-55.494,38.999
652,22.8461,98.014,13.09,-36.19,7.965,-58.217,38.755,98.568,8.681,-48.116,6.633,-53.971,39.011
653,22.8794,98.194,13.09,-38.27,7.743,-57.452,38.755,98.633,8.721,-47.721,6.597,-53.779,39.006
654,22.913,98.284,13.09,-40.682,7.448,-56.348,38.755,98.98,8.681,-50.787,6.318,-51.666,39.024
655,22.9461,98.284,13.09,-42.596,7.227,-55.244,38.755,98.956,8.73,-52.939,5.849,-49.335,39.037
656,22.9797,98.375,13.09,-44.01,7.006,-54.31,38.755,99.017,8.678,-51.892,5.927,-50.376,39.03
657,23.0133,98.465,13.09,-46.09,6.711,-53.036,38.755,99.245,8.654,-53.248,5.779,-49.473,39.034
658,23.0458,98.465,13.09,-47.837,6.49,-51.762,38.755,98.936,8.701,-55.137,5.494,-46.222,39.044
659,23.0794,98.555,13.09,-49.085,6.342,-50.743,38.755,99.147,8.701,-60.764,4.612,-40.563,39.061
660,23.1216,98.555,13.09,-50.166,6.121,-49.724,38.755,99.016,8.774,-59.08,4.778,-41.782,39.053
661,23.1475,98.646,13.09,-51.83,5.752,-48.45,38.755,98.926,8.838,-63.965,4.123,-35.637,39.074
662,23.1812,98.646,13.09,-54.243,5.383,-47.006,38.755,99.05,8.776,-66.384,3.776,-34.412,39.079
663,23.2139,98.736,13.09,-56.572,5.088,-45.478,38.755,98.87,8.88,-67.938,3.46,-31.123,39.083
664,23.2474,98.826,13.09,-59.318,4.72,-43.609,38.755,98.911,8.839,-67.277,3.427,-31.595,39.084
665,23.281,99.007,13.09,-61.814,4.351,-41.486,38.755,98.677,8.942,-73.68,2.425,-22.721,39.106
666,23.3143,99.097,13.09,-63.561,4.056,-39.363,38.755,98.241,9.09,-75.666,1.706,-18.165,39.115
667,23.3492,99.187,13.09,-64.476,3.614,-37.325,38.755,98.546,9.026,-76.539,1.78,-18.972,39.117
668,23.3822,99.187,13.09,-65.89,3.097,-34.777,38.803,98.469,9.058,-79.537,1.173,-14.158,39.13
669,23.4137,99.187,13.09,-68.22,2.729,-31.805,38.901,98.14,9.181,-81.756,0.579,-10.133,39.144
670,23.4466,99.278,13.09,-71.048,2.286,-29.002,38.901,98.197,9.206,-82.782,0.446,-8.958,39.148
671,23.48,99.458,13.09,-74.126,1.696,-26.03,38.901,98.073,9.29,-87.259,-0.556,-2.091,39.163
672,23.5141,99.458,13.09,-76.789,1.327,-23.142,38.901,97.95,9.311,-88.023,-0.664,-0.474,39.171
673,23.547,99.458,13.09,-79.118,0.737,-20.17,38.95,98.11,9.33,-89.194,-0.836,1.318,39.178
674,23.58,99.458,13.09,-81.864,0.221,-17.028,38.95,98.119,9.385,-92.571,-1.529,6.306,39.191
675,23.6136,99.458,13.09,-84.027,-0.147,-13.885,38.95,98.105,9.402,-93.885,-1.971,8.845,39.193
676,23.6469,99.458,13.09,-85.774,-0.516,-10.743,38.95,98.197,9.336,-93.294,-1.683,7.329,39.191
677,23.6802,99.458,13.09,-87.77,-0.885,-7.516,38.95,98.074,9.415,-94.968,-2.193,10.445,39.197
678,23.7142,99.458,13.09,-89.351,-1.18,-4.289,38.95,98.21,9.485,-96.965,-2.55,13.502,39.207
679,23.7475,99.458,13.09,-90.516,-1.475,-1.486,38.95,98.307,9.519,-98.013,-2.705,15.231,39.215
680,23.7811,99.458,13.09,-92.097,-1.696,1.401,38.95,98.496,9.452,-99.592,-3.048,18.449,39.217
681,23.8144,99.458,13.09,-93.511,-1.917,4.289,38.95,98.477,9.458,-99.636,-3.066,18.696,39.22
682,23.8477,99.458,13.09,-94.925,-2.212,7.006,38.95,98.914,9.505,-101.502,-3.439,21.949,39.222
683,23.8815,99.368,13.09,-95.923,-2.434,9.554,38.95,99.152,9.483,-102.251,-3.544,23.732,39.226
684,23.9144,99.368,13.09,-96.672,-2.655,12.017,38.95,99.066,9.435,-102.352,-3.648,24.437,39.221
685,23.9495,99.368,13.09,-97.088,-2.95,14.395,38.95,99.325,9.477,-102.553,-3.64,25.055,39.227
686,23.9817,99.368,13.09,-97.421,-3.171,16.688,38.95,99.494,9.566,-102.94,-3.821,26.159,39.22
687,24.0151,99.368,13.09,-97.421,-3.319,19.066,38.95,99.513,9.521,-102.741,-3.755,25.972,39.224
688,24.0484,99.368,13.09,-97.421,-3.466,21.104,38.95,99.672,9.623,-102.965,-3.843,26.535,39.219
689,24.0817,99.368,13.09,-97.421,-3.466,22.887,38.95,99.662,9.579,-103.098,-3.85,27.138,39.22
690,24.1264,99.368,13.09,-97.421,-3.466,24.331,38.95,99.698,9.584,-103.074,-3.851,26.985,39.222
691,24.1502,99.458,13.09,-97.504,-3.466,25.52,38.95,99.686,9.615,-103.041,-3.935,28.026,39.217
692,24.1835,99.458,13.09,-97.504,-3.466,26.624,38.95,99.75,9.597,-103.095,-3.912,28.201,39.217
693,24.2166,99.458,13.09,-97.504,-3.466,27.389,38.95,99.879,9.622,-103.094,-3.908,28.269,39.219
694,24.2511,99.458,13.09,-97.504,-3.466,28.068,38.95,99.845,9.645,-103.133,-3.996,28.867,39.213
695,24.2855,99.458,13.09,-97.504,-3.466,28.238,38.95,99.861,9.65,-103.052,-4.013,29.255,39.211
696,24.3161,99.458,13.09,-97.504,-3.466,28.577,38.95,99.863,9.667,-103.079,-4.021,29.4,39.208
697,24.3515,99.458,13.09,-97.504,-3.466,29.087,38.95,99.894,9.635,-103.142,-4.01,29.324,39.21
698,24.3852,99.458,13.09,-97.504,-3.466,29.512,38.95,99.935,9.679,-103.032,-4.042,29.563,39.208
699,24.419,99.458,13.09,-97.504,-3.466,29.682,38.95,99.909,9.658,-103.084,-4.049,29.755,39.206
700,24.5376,99.458,13.09,-97.504,-3.466,29.766,38.95,100.306,24.57,-101.629,0.399,25.153,39.018
701,24.5484,99.458,13.09,-97.504,-3.466,30.021,38.95,100.362,24.546,-100.625,0.286,23.639,39.015
702,24.5861,99.458,13.09,-97.504,-3.466,30.021,38.95,100.211,24.705,-100.606,0.295,24.28,39.017
703,24.6195,99.458,13.09,-97.504,-3.245,30.021,38.901,100.387,25.438,-98.563,0.042,21.215,39.009
704,24.6526,99.458,13.09,-97.504,-2.139,30.021,39.048,100.613,26.401,-96.008,-0.295,16.891,39.006
705,24.6868,99.458,13.09,-97.504,-1.18,30.021,38.95,100.824,27.52,-93.077,-0.78,14.521,38.999
706,24.7199,99.549,13.698,-97.005,-0.811,29.172,38.901,100.953,26.679,-91.413,-0.904,11.606,39.0
707,24.7532,99.549,14.642,-95.674,-0.811,27.813,38.901,100.974,27.539,-91.086,-0.917,12.042,39.004
708,24.7867,99.639,15.857,-93.844,-1.106,26.03,38.901,101.124,29.321,-85.822,-0.822,7.753,38.993
709,24.8199,99.729,17.341,-92.18,-1.327,24.161,38.901,100.979,29.187,-83.184,-0.892,6.222,38.983
710,24.8532,99.819,18.893,-91.181,-1.327,22.208,39.145,101.302,28.844,-84.837,-1.383,4.814,38.996
711,24.887,99.819,20.648,-89.517,-1.327,19.575,39.096,101.346,29.424,-82.728,-1.387,4.911,38.999
712,24.9199,99.819,22.335,-86.855,-1.327,16.943,38.95,101.666,31.526,-75.843,-2.042,-1.414,39.003
713,24.9537,99.819,23.482,-84.942,-0.959,14.565,38.901,101.143,30.508,-77.722,-1.449,3.472,38.993
714,24.9878,99.819,24.831,-83.943,-0.959,12.187,38.901,101.386,31.425,-75.88,-1.904,0.932,38.999
715,25.0203,99.819,26.518,-82.446,-1.401,9.809,38.901,100.997,29.964,-79.162,-1.317,5.573,38.991
716,25.0545,99.819,27.8,-79.867,-1.475,7.601,38.95,101.048,31.772,-72.117,-1.624,-2.782,38.975
717,25.0881,99.819,28.947,-78.037,-1.401,5.987,38.901,101.051,30.718,-74.406,-1.572,0.719,38.983
718,25.1221,99.819,29.757,-77.787,-1.18,4.459,38.901,100.896,31.195,-72.678,-1.654,-0.378,38.975
719,25.1549,99.819,30.364,-77.454,-1.106,2.93,38.901,101.623,31.732,-69.763,-2.86,-5.636,38.979
720,25.1974,99.819,30.634,-75.79,-1.106,1.571,38.901,101.358,30.495,-75.136,-2.294,1.053,38.981
721,25.2218,99.819,30.634,-73.128,-1.401,0.637,38.901,100.909,30.457,-74.14,-1.94,1.889,38.974
722,25.2548,99.819,30.702,-71.464,-1.917,-0.382,38.901,101.006,30.643,-73.634,-2.441,0.184,38.97
723,25.2886,99.819,30.769,-71.381,-2.139,-1.316,38.901,101.077,31.158,-71.984,-2.435,-1.104,38.972
724,25.3199,99.819,30.769,-72.213,-2.065,-1.996,38.901,100.948,31.256,-69.676,-2.162,-2.949,38.972
725,25.3531,99.819,30.769,-72.795,-1.844,-2.335,38.901,101.36,32.367,-67.192,-3.556,-7.437,38.96
726,25.3873,99.819,30.769,-72.795,-1.844,-2.335,38.901,101.344,32.257,-65.646,-3.327,-9.877,38.962
727,25.4201,99.819,30.904,-71.464,-2.139,-2.335,38.901,101.44,33.304,-63.449,-3.435,-11.072,38.968
728,25.4535,99.549,31.309,-68.719,-2.729,-2.42,38.901,100.853,31.375,-68.963,-2.849,-2.989,38.964
729,25.4873,99.368,31.646,-65.807,-3.171,-2.76,38.901,101.286,33.044,-65.308,-3.058,-9.132,38.963
730,25.5226,99.278,32.119,-64.809,-3.097,-3.355,38.901,101.343,33.258,-62.259,-3.258,-11.096,38.969
731,25.5556,99.278,32.456,-65.058,-2.876,-4.034,38.901,100.985,32.119,-64.534,-3.201,-8.732,38.965
732,25.5878,99.368,32.591,-65.141,-2.802,-4.883,38.901,101.229,33.695,-60.384,-3.995,-15.092,38.956
733,25.6216,99.368,32.591,-64.725,-2.95,-5.987,38.901,101.189,34.099,-59.589,-3.812,-14.492,38.957
734,25.6549,99.368,32.591,-64.393,-3.024,-7.006,38.901,100.852,33.102,-61.086,-3.285,-11.259,38.951
735,25.6885,99.368,32.591,-63.394,-3.245,-8.365,38.901,100.965,34.726,-57.17,-3.852,-15.749,38.949
736,25.7213,99.368,32.726,-61.481,-3.466,-9.724,38.901,100.783,34.359,-57.228,-4.131,-16.064,38.941
737,25.7546,99.368,32.928,-60.399,-3.54,-10.913,38.901,100.425,32.742,-60.559,-3.118,-10.77,38.952
738,25.7882,99.278,33.266,-59.401,-3.54,-12.272,38.901,100.16,35.341,-51.118,-3.75,-20.484,38.939
739,25.8218,99.278,33.603,-58.819,-3.687,-13.206,38.901,100.004,33.473,-56.06,-3.269,-15.62,38.937
740,25.8551,99.278,33.873,-59.068,-3.687,-14.055,38.901,100.131,34.883,-52.651,-3.618,-19.711,38.933
741,25.8884,99.278,34.211,-59.151,-3.614,-15.074,38.901,100.573,36.209,-50.98,-4.252,-21.461,38.932
742,25.9221,99.278,34.345,-57.82,-3.54,-15.924,38.901,100.722,36.972,-47.626,-4.772,-25.359,38.936
743,25.9561,99.187,34.413,-55.075,-3.614,-16.858,38.901,100.166,36.068,-49.555,-3.639,-21.898,38.933
744,25.9894,99.187,34.818,-52.08,-4.056,-17.877,38.901,99.921,36.639,-46.783,-4.358,-24.553,38.915
745,26.0225,99.097,35.358,-50.166,-4.351,-19.151,38.901,99.648,36.603,-44.608,-4.221,-25.08,38.918
746,26.0558,99.097,35.695,-48.835,-4.13,-20.51,38.901,99.44,37.114,-43.644,-4.558,-26.764,38.913
747,26.0892,99.097,35.965,-47.504,-3.909,-21.614,38.901,99.578,37.166,-43.019,-4.303,-28.904,38.919
748,26.1228,99.097,36.167,-45.923,-4.056,-22.718,38.901,99.726,36.253,-47.386,-3.687,-22.663,38.93
749,26.1561,99.097,36.437,-44.592,-4.425,-23.822,38.901,99.443,37.101,-43.561,-4.322,-26.73,38.916
750,26.2027,99.007,36.505,-44.343,-4.499,-25.011,38.901,99.784,36.53,-46.278,-4.196,-24.112,38.913
751,26.2248,99.007,36.505,-44.509,-4.13,-26.115,38.901,99.774,36.997,-43.786,-4.375,-28.369,38.922
752,26.2561,99.007,36.505,-44.509,-3.982,-26.879,38.901,99.77,37.099,-44.342,-4.268,-25.987,38.92
753,26.2893,99.007,36.505,-44.509,-3.982,-27.219,38.901,99.347,38.173,-40.015,-4.601,-30.988,38.911
754,26.3237,99.007,36.572,-44.343,-4.056,-27.219,38.901,99.27,38.602,-36.887,-4.923,-34.678,38.916
755,26.3559,99.007,36.775,-44.093,-4.056,-27.219,38.901,99.286,38.578,-37.511,-4.737,-33.219,38.906
756,26.3894,99.007,37.112,-43.012,-4.277,-27.219,38.901,99.286,37.554,-40.656,-4.199,-30.404,38.919
757,26.4227,98.916,37.517,-40.682,-4.646,-27.219,38.901,99.248,38.155,-38.6,-4.662,-32.329,38.914
758,26.4564,98.916,37.854,-38.852,-4.646,-27.219,38.901,98.268,38.103,-36.561,-4.403,-32.108,38.894
759,26.4897,98.916,37.922,-38.769,-4.277,-27.728,38.901,98.396,38.003,-37.071,-4.053,-32.384,38.904
760,26.5236,98.736,37.922,-38.602,-4.13,-28.747,38.901,98.537,39.279,-34.644,-4.789,-35.235,38.899
761,26.5571,98.646,37.922,-37.521,-4.13,-29.597,38.901,98.463,39.701,-32.198,-5.118,-38.93,38.896
762,26.591,98.646,37.922,-36.855,-4.277,-30.446,38.901,98.7,40.774,-31.178,-5.422,-38.975,38.896
763,26.6237,98.646,38.124,-35.524,-4.499,-31.55,38.901,98.17,39.072,-32.476,-4.374,-34.788,38.908
764,26.6569,98.646,38.664,-33.361,-4.867,-32.739,38.901,98.659,40.817,-30.288,-5.159,-40.672,38.892
765,26.6906,98.555,39.271,-32.28,-4.941,-33.928,38.901,98.865,40.603,-31.59,-5.078,-37.616,38.898
766,26.7239,98.555,39.744,-32.446,-4.867,-35.287,38.901,98.162,39.488,-33.484,-4.39,-35.585,38.883
767,26.7574,98.555,40.013,-32.113,-4.646,-36.73,38.901,97.883,41.947,-26.721,-5.313,-41.475,38.876
768,26.7907,98.465,40.013,-31.947,-4.572,-37.665,38.901,98.183,40.185,-30.554,-4.705,-39.062,38.899
769,26.8244,98.465,40.013,-32.196,-4.646,-38.599,38.901,98.093,40.471,-29.408,-5.099,-38.321,38.887
770,26.8576,98.465,40.013,-32.03,-4.867,-39.448,38.901,97.641,41.706,-25.251,-5.448,-45.28,38.875
771,26.8912,98.465,40.081,-30.616,-4.941,-39.873,38.901,97.404,41.607,-26.266,-5.156,-42.063,38.867
772,26.9247,98.465,40.148,-29.201,-4.941,-39.873,38.901,97.677,42.734,-22.743,-5.552,-45.581,38.876
773,26.958,98.375,40.553,-27.371,-4.941,-40.042,38.901,97.088,41.118,-23.971,-5.262,-44.19,38.874
774,26.9914,98.284,41.026,-25.79,-4.941,-40.552,38.901,96.743,42.147,-21.821,-5.523,-45.704,38.867
775,27.0248,98.284,41.498,-24.376,-4.941,-41.316,38.901,97.072,41.166,-25.254,-4.988,-41.928,38.874
776,27.0582,98.104,41.903,-23.295,-4.941,-42.081,38.901,96.81,41.567,-23.689,-5.246,-44.449,38.87
777,27.0918,98.104,41.97,-22.712,-4.941,-43.015,38.901,96.11,41.207,-22.347,-5.107,-44.374,38.87
778,27.1251,98.104,41.97,-22.795,-4.941,-43.609,38.901,97.011,41.761,-23.721,-5.057,-42.665,38.873
779,27.1587,97.833,41.97,-22.712,-4.941,-44.119,38.901,96.386,40.82,-22.6,-4.935,-44.83,38.88
780,27.2011,97.652,41.97,-22.463,-4.941,-44.204,38.901,97.133,40.539,-26.327,-4.95,-41.599,38.873
781,27.2256,97.743,41.768,-22.463,-4.941,-44.204,38.901,96.058,40.24,-25.157,-4.155,-38.944,38.883
782,27.2594,97.743,41.363,-22.463,-4.941,-44.204,38.901,95.083,42.926,-16.114,-5.279,-49.771,38.86
783,27.2925,97.743,41.026,-23.128,-4.941,-44.034,38.901,95.984,42.854,-17.493,-5.511,-49.586,38.87
784,27.3259,97.111,40.823,-23.211,-4.867,-43.524,38.901,96.206,40.942,-24.203,-4.876,-41.324,38.863
785,27.3599,96.749,40.823,-22.379,-4.941,-43.1,38.901,96.729,41.968,-21.43,-4.919,-44.457,38.88
786,27.3928,96.93,40.823,-20.383,-5.31,-42.675,38.901,95.764,42.629,-19.338,-5.442,-46.337,38.86
787,27.4262,97.201,40.891,-18.719,-5.457,-42.081,38.901,94.238,41.141,-18.515,-4.525,-44.872,38.868
788,27.4594,97.201,41.296,-18.636,-5.31,-41.911,38.901,95.302,40.048,-22.674,-4.583,-41.349,38.876
789,27.4929,96.479,41.7,-18.885,-5.015,-42.081,38.901,94.976,42.783,-15.989,-5.513,-50.395,38.861
790,27.5264,95.937,41.835,-18.885,-5.015,-42.251,38.901,95.974,41.11,-21.827,-4.739,-43.974,38.873
791,27.5599,96.208,41.835,-18.802,-5.162,-42.42,38.901,94.318,40.83,-19.049,-4.594,-44.68,38.871
792,27.5931,96.208,41.835,-18.636,-5.162,-42.845,38.901,94.335,39.192,-23.791,-4.039,-38.668,38.88
793,27.6269,96.298,41.835,-18.719,-5.088,-43.27,38.901,94.114,40.499,-18.925,-4.505,-43.628,38.872
794,27.6627,95.937,41.835,-18.802,-4.867,-43.355,38.901,93.538,42.507,-13.129,-5.093,-50.935,38.866
795,27.6961,95.756,41.43,-19.384,-4.646,-43.355,38.901,93.884,43.251,-12.358,-5.697,-53.048,38.855
796,27.7275,95.305,40.688,-19.551,-4.72,-43.355,38.901,93.298,42.029,-14.243,-4.838,-48.867,38.864
797,27.7607,95.034,40.351,-18.303,-4.941,-43.439,38.901,94.739,40.814,-21.164,-4.376,-41.24,38.874
798,27.7942,95.034,40.283,-15.89,-5.383,-43.694,38.901,94.842,41.879,-17.585,-5.193,-47.614,38.871
799,27.8275,95.034,40.283,-13.81,-5.088,-44.289,38.901,94.315,40.956,-18.857,-4.57,-44.582,38.874
800,27.9573,95.485,40.283,-13.561,-4.72,-44.798,38.901,101.006,48.516,-21.575,-7.359,-66.079,38.919
801,27.9679,95.214,41.026,-16.889,-5.162,-46.242,38.901,100.863,48.543,-20.204,-7.332,-66.982,38.917
802,28.0027,95.395,41.026,-17.055,-5.088,-46.157,38.901,100.697,48.787,-18.634,-7.253,-68.026,38.914
803,28.0371,96.027,41.026,-17.637,-5.162,-45.902,38.901,100.617,49.226,-16.904,-7.441,-68.798,38.912
804,28.0686,97.562,41.026,-17.97,-6.121,-45.902,38.901,100.282,49.938,-14.65,-7.576,-70.056,38.91
805,28.1038,98.465,41.363,-17.138,-6.932,-45.732,38.901,99.727,50.204,-11.564,-8.011,-71.346,38.906
806,28.1373,98.555,42.105,-16.223,-7.006,-45.902,38.901,98.562,51.025,-5.614,-8.017,-74.261,38.897
807,28.1709,98.555,42.982,-14.809,-6.858,-46.582,38.901,98.563,51.417,-6.201,-7.911,-73.922,38.905
808,28.204,98.646,44.197,-12.23,-7.153,-47.516,38.901,97.889,52.191,-3.282,-7.942,-75.001,38.9
809,28.2375,98.736,45.547,-9.235,-7.67,-48.875,38.901,96.53,51.947,0.491,-8.245,-76.684,38.893
810,28.2802,98.826,46.964,-6.822,-7.67,-50.573,38.901,96.179,52.816,0.152,-8.415,-75.549,38.897
811,28.3042,98.646,48.246,-4.077,-7.375,-52.781,38.901,94.603,53.597,4.049,-8.621,-76.663,38.894
812,28.3378,97.923,49.393,-1.747,-7.67,-55.244,38.901,93.285,54.199,7.548,-8.67,-77.599,38.896
813,28.3712,97.201,50.405,-0.416,-8.112,-58.047,38.901,91.857,54.343,9.981,-8.813,-78.123,38.893
814,28.4046,95.576,51.417,1.997,-8.333,-61.189,38.901,88.967,55.456,15.046,-8.844,-78.835,38.889
815,28.4379,94.131,52.227,5.408,-8.407,-64.076,38.901,88.972,55.661,14.605,-9.195,-78.23,38.89
816,28.4715,93.228,53.036,8.153,-8.407,-66.794,38.901,87.628,56.133,17.588,-9.102,-78.956,38.89
817,28.5049,91.332,53.779,11.148,-8.407,-69.257,38.901,85.455,56.46,21.41,-8.908,-81.189,38.892
818,28.5381,89.526,54.453,13.894,-8.555,-71.38,38.901,83.872,57.142,23.827,-9.034,-80.475,38.887
819,28.5716,88.894,55.061,16.057,-8.85,-73.503,38.901,82.206,57.104,26.873,-9.22,-82.394,38.888
820,28.6051,87.359,55.601,19.301,-8.923,-75.372,38.901,83.378,57.823,22.524,-9.01,-78.361,38.894
821,28.6383,85.192,56.073,22.213,-8.85,-76.9,38.901,82.638,57.698,25.464,-9.244,-81.46,38.89
822,28.6721,84.289,56.478,24.126,-8.702,-78.259,38.901,82.116,57.876,25.252,-9.567,-80.146,38.887
823,28.7052,84.199,56.883,24.792,-8.628,-79.363,38.901,79.068,58.843,29.334,-9.37,-80.345,38.89
824,28.7387,83.747,57.152,24.958,-8.85,-80.127,38.901,79.076,58.836,30.024,-9.329,-81.108,38.884
825,28.7722,82.302,57.422,25.458,-9.071,-80.552,38.901,77.956,58.646,31.567,-9.663,-81.791,38.888
826,28.8056,80.316,57.76,27.371,-9.218,-80.637,38.901,76.06,59.097,34.56,-9.416,-82.8,38.891
827,28.8392,79.142,58.097,29.534,-9.292,-80.637,38.901,75.936,59.214,34.894,-9.688,-82.971,38.886
828,28.8728,78.962,58.3,31.281,-9.145,-80.637,38.901,75.068,59.499,35.571,-9.394,-82.76,38.889
829,28.9059,78.239,58.57,33.195,-9.071,-80.807,38.901,75.539,59.412,34.938,-9.426,-82.401,38.893
830,28.9395,76.885,58.772,34.609,-9.145,-81.231,38.901,72.892,59.752,38.359,-9.136,-84.201,38.901
831,28.973,76.614,58.974,34.775,-9.44,-81.486,38.901,73.645,59.449,38.561,-9.687,-84.497,38.887
832,29.0061,75.892,58.974,35.275,-9.44,-81.656,38.901,72.507,59.765,39.831,-9.487,-84.894,38.895
833,29.0397,74.176,59.109,36.938,-9.366,-82.081,38.901,72.099,59.946,39.749,-9.215,-84.348,38.902
834,29.0732,72.912,59.177,38.519,-9.218,-82.675,38.901,70.93,60.138,41.762,-9.347,-85.576,38.901
835,29.1064,72.731,59.379,39.185,-9.218,-83.185,38.901,70.973,60.086,41.903,-9.381,-86.179,38.898
836,29.14,73.002,59.582,39.85,-9.145,-83.694,38.901,71.047,60.011,42.943,-9.697,-87.119,38.89
837,29.1734,72.46,59.649,41.181,-9.145,-84.204,38.901,70.354,60.145,42.673,-9.43,-86.384,38.897
838,29.2068,72.009,59.649,42.18,-9.218,-84.798,38.901,68.938,60.291,44.842,-9.29,-87.701,38.909
839,29.2401,71.558,59.784,42.512,-9.218,-85.223,38.901,70.194,60.174,43.199,-9.562,-87.401,38.905
840,29.284,70.655,59.784,43.012,-9.145,-85.817,38.901,69.929,60.266,42.78,-9.245,-87.018,38.914
841,29.3073,69.029,59.784,44.093,-9.145,-86.242,38.901,68.757,60.281,44.807,-9.308,-88.266,38.91
842,29.341,69.029,59.784,44.176,-9.218,-86.327,38.901,68.124,60.254,45.443,-9.359,-87.99,38.913
843,29.374,69.932,59.784,44.093,-9.218,-86.327,38.901,68.693,60.276,44.277,-9.164,-87.392,38.92
844,29.4076,70.023,59.784,44.592,-9.145,-86.327,38.901,68.318,60.335,45.412,-9.288,-88.943,38.913
845,29.4411,68.939,59.784,45.258,-9.145,-86.497,38.901,66.146,60.356,48.218,-9.187,-89.629,38.915
846,29.4747,68.578,59.784,45.341,-9.145,-86.752,38.901,66.251,60.323,48.001,-9.313,-89.34,38.911
847,29.5079,68.126,59.784,45.674,-9.145,-87.346,38.901,66.723,60.318,47.63,-9.129,-89.3,38.916
848,29.5413,67.133,59.784,46.922,-9.145,-87.941,38.901,67.219,60.313,46.706,-9.244,-89.013,38.921
849,29.5747,66.772,59.784,47.504,-9.145,-88.11,38.901,67.442,60.266,45.988,-9.441,-88.593,38.916
850,29.608,67.494,59.784,47.421,-9.145,-88.11,38.901,66.535,60.3,47.856,-9.357,-89.565,38.913
851,29.6416,67.946,59.784,47.255,-9.145,-88.195,38.901,67.257,60.301,46.209,-9.234,-88.784,38.918
852,29.6752,67.585,59.784,47.671,-9.145,-88.195,38.901,66.549,60.247,47.697,-9.363,-89.467,38.916
853,29.7086,66.772,59.784,48.087,-9.145,-88.195,38.901,65.534,60.334,48.716,-9.073,-90.259,38.916
854,29.7421,66.501,59.784,48.17,-9.145,-88.195,38.901,65.792,60.346,48.889,-9.368,-90.46,38.917
855,29.7754,66.321,59.852,48.419,-9.145,-88.535,38.901,65.781,60.338,49.223,-9.463,-91.084,38.91
856,29.809,66.05,59.919,48.918,-9.145,-88.96,38.901,66.668,60.323,47.878,-9.413,-90.196,38.916
857,29.8421,66.14,59.919,49.251,-9.145,-89.299,38.901,66.132,60.301,48.58,-9.368,-90.45,38.918
858,29.8757,66.682,59.919,49.251,-9.145,-89.724,38.901,64.977,60.245,49.365,-9.303,-90.583,38.918
859,29.9091,66.862,59.919,49.251,-9.145,-89.809,38.901,66.806,60.329,47.475,-9.377,-90.071,38.919
860,29.9426,66.23,59.919,49.667,-9.145,-89.809,38.901,65.916,60.297,48.715,-9.517,-90.886,38.915
861,29.9767,65.418,59.919,49.75,-9.145,-89.809,38.901,65.123,60.308,49.934,-9.506,-91.796,38.912
862,30.0097,65.508,59.919,49.418,-9.145,-89.809,38.901,65.973,60.299,49.135,-9.485,-91.97,38.915
863,30.0433,65.508,59.919,49.667,-9.145,-89.809,38.901,65.078,60.279,50.175,-9.423,-92.11,38.913
864,30.0765,65.237,59.919,50.333,-9.145,-90.064,38.901,66.692,60.369,48.083,-9.555,-91.198,38.917
865,30.1099,65.959,59.919,50.499,-9.145,-90.488,38.901,66.066,60.296,49.07,-9.78,-91.739,38.916
866,30.1434,66.682,59.919,50.333,-9.145,-90.828,38.901,65.502,60.337,49.582,-9.648,-91.979,38.908
867,30.1769,66.682,59.919,50.083,-9.145,-90.828,38.901,65.464,60.289,49.796,-9.858,-92.397,38.91
868,30.2103,66.14,59.919,50.166,-9.145,-90.828,38.901,66.112,60.289,49.093,-9.578,-91.891,38.918
869,30.244,65.418,59.919,50.499,-9.145,-90.913,38.901,66.645,60.312,48.725,-9.952,-91.922,38.913
870,30.2891,65.237,59.919,50.499,-9.145,-91.083,38.901,65.233,60.272,50.475,-9.82,-93.034,38.905
871,30.3138,65.508,59.919,50.499,-9.145,-91.083,38.901,65.752,60.308,50.091,-9.777,-93.1,38.909
872,30.3474,65.869,59.919,50.499,-9.292,-91.083,38.901,66.404,60.32,49.427,-9.891,-92.888,38.908
873,30.3787,66.23,59.919,50.749,-9.366,-91.168,38.901,65.271,60.355,51.381,-9.938,-93.952,38.907
874,30.4109,66.411,59.919,50.749,-9.366,-91.592,38.901,65.379,60.301,50.917,-10.096,-93.703,38.905
875,30.4443,66.05,59.919,50.915,-9.292,-91.932,38.901,66.585,60.31,49.817,-10.011,-93.35,38.908
876,30.4778,65.147,59.919,51.498,-9.292,-92.357,38.901,66.467,60.275,49.747,-10.001,-93.145,38.909
877,30.5113,64.966,59.919,51.498,-9.366,-92.442,38.901,65.135,60.266,50.975,-9.905,-93.537,38.906
878,30.5445,65.598,59.919,51.414,-9.366,-92.527,38.901,65.745,60.304,50.965,-10.035,-93.738,38.906
879,30.5784,66.14,59.919,51.498,-9.366,-92.527,38.901,65.337,60.342,51.633,-9.966,-94.753,38.906
880,30.6116,66.14,59.919,51.747,-9.292,-92.611,38.901,66.451,60.295,50.753,-10.279,-94.505,38.901
881,30.6448,65.779,59.919,51.83,-9.292,-92.866,38.901,65.388,60.241,51.261,-9.683,-93.448,38.911
882,30.6786,65.147,59.919,51.83,-9.513,-93.121,38.901,67.085,60.286,49.918,-10.05,-94.169,38.904
883,30.7118,65.147,59.919,51.83,-9.587,-93.291,38.901,65.096,60.281,51.756,-9.9,-93.953,38.908
884,30.7451,65.598,59.919,51.83,-9.735,-93.291,38.901,66.954,60.227,49.885,-9.959,-93.426,38.907
885,30.7786,66.05,59.919,51.83,-9.661,-93.291,38.901,67.441,60.209,49.868,-10.054,-93.781,38.91
886,30.8123,66.23,59.919,51.83,-9.587,-93.291,38.901,66.342,60.204,50.456,-10.046,-93.635,38.913
887,30.8455,66.321,59.919,51.83,-9.587,-93.206,38.901,65.988,60.242,51.3,-9.87,-94.189,38.91
888,30.8792,66.321,59.919,51.83,-9.587,-93.206,38.901,65.992,60.201,51.285,-10.234,-94.253,38.908
889,30.9123,66.321,59.919,51.83,-9.661,-93.206,38.901,66.833,60.198,50.938,-10.239,-95.305,38.904
890,30.9458,66.14,59.919,51.83,-9.587,-93.206,38.901,66.138,60.186,50.876,-9.884,-94.248,38.906
891,30.9795,66.14,59.919,51.83,-9.587,-93.206,38.901,67.287,60.289,50.57,-10.206,-95.33,38.902
892,31.0141,66.05,59.919,51.83,-9.587,-93.461,38.901,65.729,60.162,51.15,-10.057,-94.306,38.907
893,31.0467,66.05,59.919,51.83,-9.587,-93.715,38.901,66.391,60.249,51.471,-10.231,-94.956,38.905
894,31.0809,66.14,59.919,51.83,-9.587,-93.97,38.901,66.562,60.235,51.252,-10.252,-95.111,38.907
895,31.1142,66.14,59.919,51.83,-9.587,-93.97,38.901,67.325,60.249,50.863,-10.381,-95.44,38.904
896,31.1475,66.14,59.919,51.83,-9.587,-94.055,38.901,66.316,60.242,52.156,-10.216,-96.356,38.904
897,31.1811,66.23,59.919,51.83,-9.587,-94.225,38.901,68.088,60.175,50.155,-10.088,-94.699,38.914
898,31.215,66.411,59.919,51.83,-9.587,-94.48,38.901,67.227,60.137,50.228,-10.166,-93.953,38.913
899,31.2476,66.411,59.919,52.163,-9.587,-94.904,38.901,66.751,60.22,51.507,-10.211,-95.584,38.907
900,31.4077,66.772,59.919,52.08,-9.587,-95.074,38.901,66.964,60.063,47.083,-9.741,-99.642,38.912
901,31.4195,66.772,59.919,52.246,-9.587,-95.074,38.901,66.576,60.023,47.758,-9.618,-99.846,38.915
902,31.4528,66.682,59.919,52.246,-9.587,-95.074,38.901,65.966,60.011,48.446,-9.667,-99.93,38.914
903,31.49,66.772,59.919,51.83,-9.587,-95.074,38.901,65.452,60.01,49.386,-9.651,-99.925,38.915
904,31.5233,67.404,59.919,50.998,-9.587,-95.329,38.901,64.337,59.953,50.475,-9.603,-99.882,38.918
905,31.5569,66.862,59.919,50.832,-9.587,-96.178,38.901,63.552,59.891,51.164,-9.793,-99.744,38.92
906,31.5902,65.418,59.919,51.165,-9.587,-97.028,38.901,61.904,59.869,52.571,-9.376,-99.594,38.921
907,31.6236,64.153,59.919,51.664,-9.587,-97.792,38.901,61.676,59.819,52.821,-9.457,-99.565,38.923
908,31.6569,63.702,59.919,51.83,-9.587,-98.217,38.901,61.489,59.79,52.928,-9.374,-99.367,38.921
909,31.6913,63.251,59.919,52.496,-9.587,-98.386,38.901,59.782,59.857,53.934,-9.29,-99.225,38.927
910,31.724,62.98,59.919,52.995,-9.587,-98.386,38.901,59.624,59.819,53.956,-9.388,-98.972,38.927
911,31.7572,62.348,59.919,53.411,-9.587,-98.386,38.901,58.239,59.733,54.92,-9.288,-98.871,38.929
912,31.7909,60.722,59.919,53.993,-9.587,-98.386,38.901,58.071,59.766,54.973,-9.099,-98.82,38.933
913,31.8246,59.458,59.919,54.493,-9.587,-98.386,38.901,57.229,59.716,55.422,-9.359,-98.689,38.932
914,31.8574,58.826,59.919,54.908,-9.587,-98.386,38.901,55.765,59.734,55.674,-9.041,-97.723,38.937
915,31.8907,58.555,59.919,55.324,-9.587,-98.386,38.901,55.331,59.705,56.004,-8.966,-97.959,38.942
916,31.9242,58.465,59.919,55.824,-9.587,-98.386,38.901,54.747,59.687,56.077,-8.941,-97.477,38.947
917,31.9575,57.291,59.919,56.156,-9.587,-98.301,38.901,54.305,59.639,56.416,-8.733,-97.556,38.949
918,31.9907,55.847,59.919,56.406,-9.587,-98.301,38.901,53.166,59.657,56.962,-8.879,-97.248,38.949
919,32.0247,54.944,59.919,56.489,-9.587,-98.132,38.901,53.277,59.683,56.651,-9.055,-97.114,38.956
920,32.0576,54.312,59.919,56.988,-9.587,-97.792,38.901,53.356,59.583,56.384,-8.689,-96.512,38.955
921,32.0921,54.582,59.919,57.072,-9.587,-97.537,38.901,53.267,59.627,56.493,-8.644,-96.825,38.957
922,32.1248,54.944,59.919,57.155,-9.44,-97.282,38.901,52.707,59.608,56.786,-8.965,-96.563,38.956
923,32.1583,54.041,59.919,57.155,-9.292,-97.028,38.901,51.459,59.536,57.288,-8.799,-95.985,38.962
924,32.192,53.77,59.919,57.072,-9.292,-96.858,38.95,51.957,59.53,56.895,-8.531,-95.984,38.958
925,32.2253,53.228,59.919,57.321,-9.292,-96.688,38.95,51.329,59.539,57.07,-8.723,-95.81,38.97
926,32.2586,52.686,59.919,57.571,-9.292,-96.348,38.95,50.795,59.565,57.288,-8.508,-95.642,38.969
927,32.2921,52.506,59.919,57.571,-9.218,-96.093,38.95,51.079,59.495,57.124,-8.444,-95.506,38.966
928,32.3259,51.874,59.919,57.488,-9.218,-95.924,38.95,50.539,59.439,57.467,-8.3,-95.429,38.972
929,32.3587,51.512,59.919,57.488,-9.145,-95.754,38.95,50.219,59.531,57.343,-8.392,-95.059,38.975
930,32.4017,51.512,59.919,57.654,-9.145,-95.669,38.95,50.037,59.51,57.164,-8.177,-94.724,38.976
931,32.4256,51.061,59.919,57.82,-9.145,-95.584,38.95,50.137,59.482,57.278,-8.474,-95.044,38.977
932,32.4594,50.88,59.919,57.903,-9.145,-95.244,38.95,49.845,59.476,57.405,-8.299,-94.854,38.979
933,32.4916,50.609,59.919,57.82,-9.071,-95.074,38.95,49.654,59.494,57.331,-8.16,-94.51,38.979
934,32.5261,50.429,59.852,57.82,-9.071,-95.074,38.95,49.863,59.454,57.056,-8.012,-94.318,38.984
935,32.5587,50.339,59.852,57.82,-9.071,-94.989,38.95,49.804,59.498,57.213,-8.102,-94.573,38.981
936,32.5923,50.339,59.852,57.82,-8.997,-94.989,38.95,49.474,59.52,57.506,-8.324,-94.941,38.981
937,32.6262,50.248,59.852,57.82,-8.85,-94.989,38.95,49.296,59.506,57.365,-8.131,-94.315,38.98
938,32.6599,50.248,59.852,57.82,-8.85,-94.989,38.95,49.158,59.553,57.343,-8.003,-94.304,38.985
939,32.6925,49.977,59.852,57.82,-8.85,-94.989,38.95,49.392,59.518,57.187,-7.931,-94.403,38.985
940,32.7275,49.797,59.852,57.82,-8.85,-94.989,38.95,49.753,59.487,57.006,-7.84,-94.385,38.985
941,32.7598,49.707,59.852,57.82,-8.702,-94.989,38.95,49.677,59.474,57.11,-7.882,-94.481,38.987
942,32.7913,49.707,59.852,57.82,-8.628,-94.989,38.95,49.289,59.532,57.095,-8.071,-94.154,38.989
943,32.8245,49.707,59.852,57.82,-8.628,-94.989,38.95,49.129,59.511,57.27,-7.908,-94.201,38.99
944,32.8585,49.707,59.852,57.82,-8.555,-94.989,38.95,49.777,59.524,56.826,-7.841,-94.419,38.989
945,32.8924,49.707,59.852,57.82,-8.555,-94.82,38.95,48.966,59.612,57.189,-7.825,-94.308,38.99
946,32.9254,49.707,59.852,57.82,-8.555,-94.735,38.95,48.682,59.573,57.438,-7.758,-94.302,38.989
947,32.9592,49.616,59.852,57.82,-8.555,-94.735,38.95,48.886,59.531,57.32,-7.743,-94.159,38.992
948,32.9922,49.255,59.852,57.82,-8.555,-94.65,38.95,49.525,59.581,57.02,-7.791,-94.404,38.992
949,33.0255,49.255,59.852,57.82,-8.481,-94.65,38.95,49.278,59.532,57.219,-7.824,-94.36,38.988
950,33.06,49.255,59.852,57.82,-8.481,-94.65,38.95,48.766,59.548,57.413,-7.893,-94.335,38.991
951,33.0924,49.255,59.852,57.82,-8.481,-94.65,38.95,49.452,59.553,57.01,-7.765,-94.396,38.988
952,33.1257,49.165,59.852,57.82,-8.407,-94.65,38.95,48.8,59.548,57.488,-8.009,-94.571,38.991
953,33.1594,49.165,59.852,57.82,-8.407,-94.65,38.95,49.409,59.587,57.056,-7.645,-94.542,38.991
954,33.1925,49.165,59.852,57.903,-8.407,-94.65,38.95,49.312,59.574,57.202,-7.751,-94.675,38.994
955,33.2259,49.165,59.852,57.987,-8.407,-94.65,38.95,49.694,59.606,57.08,-8.061,-94.897,38.988
956,33.2584,49.255,59.852,57.987,-8.407,-94.65,38.95,49.541,59.555,57.145,-7.934,-94.765,38.99
957,33.2918,49.255,59.852,57.987,-8.407,-94.65,38.95,49.355,59.579,57.145,-7.723,-94.637,38.995
958,33.3254,49.255,59.852,57.987,-8.407,-94.65,38.95,49.265,59.549,57.21,-7.801,-94.72,38.994
959,33.3589,49.255,59.852,57.987,-8.407,-94.65,38.95,49.403,59.577,57.256,-7.839,-94.715,38.99
960,33.4044,49.255,59.852,57.987,-8.407,-94.65,38.95,49.455,59.639,57.113,-7.906,-95.04,38.992
961,33.4264,49.255,59.852,57.987,-8.407,-94.65,38.95,49.51,59.614,57.011,-7.741,-94.868,38.992
962,33.4596,49.255,59.852,57.987,-8.407,-94.65,38.95,50.016,59.654,56.901,-7.912,-95.476,38.993
963,33.4936,49.255,59.852,57.987,-8.407,-94.65,38.95,50.022,59.677,56.949,-7.992,-95.353,38.99
964,33.5272,49.255,59.852,57.987,-8.407,-94.65,38.95,50.192,59.68,56.656,-7.822,-95.162,38.994
965,33.5604,49.616,59.852,57.987,-8.407,-94.65,38.95,49.748,59.695,56.864,-7.835,-95.123,38.993
966,33.5937,49.797,59.852,57.987,-8.407,-94.65,38.95,50.032,59.686,56.835,-7.949,-95.277,38.991
967,33.6269,49.797,59.852,57.987,-8.407,-94.65,38.95,50.242,59.713,56.702,-7.947,-95.384,38.993
968,33.6612,49.707,59.852,57.987,-8.407,-94.65,38.95,50.553,59.664,56.819,-8.007,-95.759,38.994
969,33.6945,49.707,59.852,57.987,-8.407,-94.65,38.95,49.999,59.741,57.053,-8.126,-95.709,38.991
970,33.7277,49.977,59.852,57.987,-8.407,-94.65,38.95,49.912,59.73,57.003,-7.906,-95.491,38.992
971,33.7618,50.068,59.852,57.987,-8.407,-94.65,38.95,50.133,59.72,57.038,-7.985,-95.744,38.991
972,33.7951,49.977,59.852,57.987,-8.407,-94.65,38.95,50.766,59.731,56.765,-7.928,-96.043,38.99
973,33.8284,49.977,59.852,57.987,-8.407,-94.65,38.95,50.512,59.797,56.776,-8.103,-95.961,38.989
974,33.8615,50.068,59.852,57.987,-8.407,-94.65,38.95,50.524,59.765,56.923,-8.218,-96.101,38.99
975,33.8948,50.158,59.852,57.987,-8.407,-94.735,38.95,51.029,59.741,56.732,-8.054,-96.306,38.992
976,33.9285,50.158,59.852,57.987,-8.407,-94.735,38.95,50.769,59.788,56.672,-7.996,-96.088,38.995
977,33.9616,50.248,59.852,57.987,-8.407,-94.904,38.95,50.636,59.776,56.798,-7.97,-96.155,38.991
978,33.9951,50.519,59.852,57.987,-8.407,-94.989,38.95,50.538,59.773,56.99,-8.051,-96.217,38.99
979,34.0288,50.519,59.852,57.987,-8.407,-94.989,38.95,50.763,59.832,56.863,-8.08,-96.393,38.991
980,34.062,50.519,59.852,57.987,-8.407,-94.989,38.95,51.102,59.831,56.761,-8.215,-96.624,38.989
981,34.0956,50.519,59.852,57.987,-8.407,-94.989,38.95,50.62,59.851,56.854,-7.904,-96.364,38.992
982,34.1289,50.519,59.852,57.987,-8.407,-94.989,38.95,51.743,59.823,56.811,-8.255,-97.078,38.992
983,34.1623,50.519,59.852,57.987,-8.407,-94.989,38.95,50.925,59.839,56.852,-8.063,-96.533,38.993
984,34.1958,50.609,59.852,57.987,-8.407,-95.074,38.95,51.07,59.805,56.995,-8.126,-96.829,38.992
985,34.229,51.061,59.852,57.987,-8.407,-95.414,38.95,51.391,59.809,57.157,-8.15,-97.021,38.994
986,34.2625,51.151,59.852,57.987,-8.407,-95.584,38.95,51.535,59.984,56.878,-8.227,-97.135,38.989
987,34.2954,51.151,59.852,57.987,-8.407,-95.584,38.95,51.451,60.016,57.253,-8.256,-97.177,38.988
988,34.3288,51.151,59.852,57.987,-8.407,-95.839,38.95,51.449,60.149,57.253,-8.395,-97.255,38.986
989,34.3623,51.151,59.852,57.987,-8.407,-95.839,38.95,51.876,60.166,57.308,-8.403,-97.572,38.986
990,34.4044,51.151,59.852,57.987,-8.407,-95.839,38.95,51.643,60.261,57.618,-8.224,-97.412,38.983
991,34.4294,51.242,59.852,57.987,-8.407,-96.093,38.95,52.026,60.328,57.396,-8.377,-97.912,38.987
992,34.4628,51.422,59.852,57.987,-8.407,-96.348,38.95,51.893,60.252,57.793,-8.341,-97.846,38.983
993,34.4966,51.512,59.852,57.987,-8.407,-96.348,38.95,52.231,59.589,58.066,-8.411,-98.261,38.987
994,34.5296,51.603,59.852,58.07,-8.407,-96.433,38.95,52.693,58.099,58.026,-8.499,-98.643,38.99
995,34.5635,51.603,59.852,58.403,-8.407,-96.688,38.95,52.906,56.468,58.038,-8.329,-98.74,38.99
996,34.5946,52.054,59.852,58.486,-8.407,-96.943,38.95,53.007,54.068,58.038,-8.459,-98.994,38.996
997,34.6314,52.415,59.379,58.486,-8.407,-97.282,38.95,53.2,52.654,58.163,-8.391,-99.075,38.997
998,34.6647,52.506,58.57,58.486,-8.333,-97.537,38.95,52.995,49.037,58.341,-8.549,-99.068,38.996
999,34.698,52.777,57.49,58.486,-8.26,-97.792,38.95,53.304,48.313,58.213,-8.432,-99.154,39.005
1000,34.8301,52.867,56.275,58.569,-8.186,-97.877,38.95,54.684,60.559,58.204,-7.762,-103.475,38.934
1001,34.8405,52.957,51.687,58.652,-8.112,-97.877,38.95,54.714,60.535,58.352,-7.641,-103.583,38.936
1002,34.8753,52.957,50.675,58.652,-8.112,-97.877,38.95,54.281,60.518,58.617,-7.655,-103.472,38.936
1003,34.9104,53.228,49.865,58.652,-8.112,-98.132,38.95,54.007,60.544,58.697,-7.573,-103.262,38.94
1004,34.9438,53.679,49.325,58.735,-8.112,-98.471,38.95,53.298,60.514,59.07,-7.534,-102.994,38.942
1005,34.9774,54.041,49.19,58.985,-8.038,-98.556,38.95,52.689,60.472,59.149,-7.555,-102.623,38.948
1006,35.0105,53.95,49.19,59.235,-7.965,-98.556,38.95,51.71,60.452,59.555,-7.182,-102.079,38.949
1007,35.0438,53.499,49.325,59.401,-7.891,-98.556,38.95,51.796,60.416,59.527,-7.262,-102.128,38.951
1008,35.0771,52.867,50.135,59.651,-7.817,-98.556,38.95,51.907,60.391,59.522,-7.206,-102.043,38.95
1009,35.1107,52.415,51.282,59.817,-7.817,-98.556,38.95,50.9,60.418,59.33,-7.104,-101.366,38.96
1010,35.1449,52.415,52.699,59.9,-7.817,-98.556,38.95,50.65,60.391,59.473,-7.172,-101.158,38.958
1011,35.1776,52.325,54.184,59.9,-7.817,-98.556,38.95,49.895,60.318,59.722,-7.072,-100.787,38.96
1012,35.2112,51.512,55.668,59.9,-7.817,-98.556,38.95,50.148,60.336,59.421,-6.894,-100.736,38.965
1013,35.2445,51.061,56.883,59.9,-7.817,-98.556,38.95,49.416,60.298,59.647,-7.056,-100.491,38.967
1014,35.2778,50.79,57.962,59.9,-7.817,-98.556,38.95,48.516,60.307,59.584,-6.814,-99.758,38.97
1015,35.3117,50.519,58.772,59.9,-7.817,-98.556,38.95,48.285,60.269,59.599,-6.763,-99.739,38.975
1016,35.3448,49.887,59.244,59.9,-7.67,-98.556,38.95,48.19,60.263,59.394,-6.607,-99.365,38.979
1017,35.3784,49.345,59.514,59.9,-7.596,-98.556,38.95,47.937,60.235,59.453,-6.519,-99.249,38.981
1018,35.412,48.984,59.649,59.9,-7.596,-98.556,38.95,47.207,60.207,59.767,-6.674,-99.093,38.981
1019,35.4455,48.713,59.784,59.9,-7.448,-98.556,38.95,47.487,60.256,59.376,-6.743,-98.962,38.988
1020,35.4906,48.262,59.784,60.15,-7.375,-98.556,38.95,47.62,60.191,59.461,-6.504,-98.957,38.987
1021,35.5118,48.081,59.784,60.15,-7.301,-98.556,38.95,47.624,60.216,59.313,-6.423,-98.882,38.989
1022,35.5452,48.081,59.784,60.233,-7.301,-98.556,38.95,47.229,60.186,59.383,-6.63,-98.747,38.991
1023,35.5787,47.991,59.784,60.233,-7.301,-98.556,38.95,46.411,60.125,59.597,-6.521,-98.321,38.995
1024,35.6121,47.991,59.784,60.233,-7.301,-98.556,38.95,46.807,60.115,59.379,-6.278,-98.373,38.993
1025,35.6455,47.63,59.784,60.233,-7.301,-98.556,38.95,46.621,60.138,59.357,-6.49,-98.235,39.004
1026,35.6795,47.269,59.784,60.233,-7.301,-98.556,38.95,46.217,60.129,59.355,-6.264,-97.938,39.0
1027,35.7125,47.269,59.784,60.233,-7.301,-98.556,38.95,46.284,60.085,59.326,-6.139,-97.827,39.001
1028,35.7458,47.178,59.784,60.233,-7.08,-98.556,38.95,46.033,60.08,59.468,-6.164,-97.933,39.005
1029,35.7795,46.998,59.784,60.233,-7.006,-98.301,38.95,45.822,60.082,59.31,-6.171,-97.501,39.008
1030,35.8133,46.907,59.784,60.233,-6.932,-98.217,38.95,45.797,60.083,59.224,-5.992,-97.381,39.009
1031,35.8462,46.546,59.784,60.233,-6.858,-98.132,38.95,45.908,60.059,59.227,-6.289,-97.526,39.01
1032,35.8795,46.456,59.784,60.233,-6.858,-97.792,38.95,45.675,60.05,59.227,-6.127,-97.372,39.014
1033,35.913,46.456,59.784,60.233,-6.858,-97.707,38.95,45.526,60.067,59.096,-5.87,-97.092,39.014
1034,35.9468,46.456,59.784,60.233,-6.858,-97.707,38.95,45.642,60.056,58.921,-5.787,-96.925,39.019
1035,35.9803,46.366,59.784,60.233,-6.785,-97.707,38.95,45.809,60.108,59.062,-5.921,-97.22,39.016
1036,36.0137,46.185,59.784,60.233,-6.711,-97.452,38.95,45.647,60.087,59.12,-6.121,-97.395,39.017
1037,36.0471,46.185,59.784,60.233,-6.637,-97.367,38.95,45.329,60.069,59.182,-5.943,-96.993,39.016
1038,36.0804,46.185,59.784,60.233,-6.637,-97.367,38.95,45.285,60.108,58.985,-5.751,-96.849,39.021
1039,36.1138,46.095,59.784,60.233,-6.637,-97.367,38.95,45.693,60.098,58.855,-5.797,-96.98,39.021
1040,36.1473,45.914,59.784,60.233,-6.563,-97.367,38.95,45.889,60.104,58.878,-5.736,-97.205,39.023
1041,36.1807,45.914,59.784,60.233,-6.563,-97.367,38.95,45.91,60.073,58.911,-5.752,-97.194,39.024
1042,36.2142,45.914,59.784,60.233,-6.563,-97.367,38.95,45.848,60.095,58.762,-5.875,-97.023,39.029
1043,36.2476,45.914,59.784,60.233,-6.563,-97.367,38.95,45.45,60.098,58.924,-5.796,-96.916,39.029
1044,36.2811,45.914,59.784,60.233,-6.563,-97.367,38.95,46.156,60.108,58.622,-5.676,-97.169,39.028
1045,36.3145,45.914,59.784,60.233,-6.563,-97.367,38.95,45.518,60.171,58.78,-5.642,-96.986,39.03
1046,36.3481,45.914,59.784,60.233,-6.563,-97.367,38.95,45.249,60.131,58.943,-5.67,-96.831,39.028
1047,36.3815,45.914,59.784,60.233,-6.563,-97.367,38.95,45.387,60.102,58.859,-5.655,-96.859,39.03
1048,36.4149,45.914,59.784,60.233,-6.563,-97.367,38.95,45.91,60.144,58.63,-5.658,-97.001,39.033
1049,36.4484,45.914,59.784,60.233,-6.563,-97.367,38.95,45.867,60.12,58.843,-5.7,-97.177,39.028
1050,36.4924,45.914,59.784,60.233,-6.563,-97.367,38.95,45.27,60.106,58.836,-5.773,-96.829,39.031
1051,36.5182,45.914,59.784,60.233,-6.563,-97.367,38.95,45.958,60.131,58.569,-5.629,-97.035,39.029
1052,36.5517,45.914,59.784,60.233,-6.563,-97.367,38.95,45.454,60.118,58.965,-5.847,-97.202,39.033
1053,36.5849,45.914,59.784,60.233,-6.563,-97.367,38.95,45.922,60.168,58.645,-5.576,-97.157,39.033
1054,36.6183,45.914,59.784,60.233,-6.563,-97.367,38.95,46.095,60.15,58.691,-5.622,-97.236,39.034
1055,36.6519,45.914,59.784,60.233,-6.563,-97.367,38.95,46.347,60.173,58.595,-5.883,-97.451,39.031
1056,36.6851,46.005,59.784,60.233,-6.49,-97.367,38.95,46.223,60.131,58.615,-5.783,-97.407,39.034
1057,36.7159,46.005,59.784,60.233,-6.49,-97.367,38.95,45.954,60.145,58.62,-5.628,-97.092,39.036
1058,36.7495,46.005,59.784,60.233,-6.49,-97.367,38.95,45.939,60.132,58.668,-5.696,-97.309,39.035
1059,36.7827,46.005,59.784,60.233,-6.416,-97.367,38.95,46.128,60.16,58.756,-5.696,-97.391,39.034
1060,36.8201,46.005,59.784,60.233,-6.416,-97.367,38.95,46.247,60.219,58.502,-5.753,-97.411,39.037
1061,36.8525,45.914,59.784,60.233,-6.416,-97.367,38.95,46.324,60.196,58.424,-5.681,-97.354,39.036
1062,36.8858,45.914,59.784,60.233,-6.416,-97.367,38.95,46.849,60.251,58.299,-5.772,-97.799,39.039
1063,36.9187,45.914,59.784,60.233,-6.416,-97.367,38.95,46.758,60.267,58.328,-5.858,-97.672,39.034
1064,36.9527,46.095,59.784,60.233,-6.416,-97.367,38.95,46.98,60.262,58.195,-5.71,-97.639,39.04
1065,36.9854,46.366,59.784,60.233,-6.416,-97.367,38.95,46.59,60.296,58.282,-5.71,-97.527,39.036
1066,37.0189,46.546,59.784,60.233,-6.416,-97.367,38.95,46.738,60.318,58.277,-5.802,-97.54,39.035
1067,37.0521,46.637,59.784,60.233,-6.416,-97.367,38.95,47.193,60.384,58.221,-5.82,-97.738,39.038
1068,37.0859,46.637,59.784,60.233,-6.416,-97.367,38.95,47.257,60.339,58.328,-5.889,-98.16,39.038
1069,37.1172,46.637,59.784,60.233,-6.416,-97.367,38.95,47.247,60.408,58.379,-5.999,-98.115,39.036
1070,37.1506,46.907,59.784,60.233,-6.416,-97.367,38.95,46.862,60.394,58.317,-5.793,-97.769,39.036
1071,37.1838,46.998,59.784,60.233,-6.416,-97.367,38.95,47.1,60.414,58.484,-5.866,-98.091,39.033
1072,37.218,46.998,59.784,60.233,-6.416,-97.367,38.95,47.808,60.415,58.371,-5.847,-98.484,39.032
1073,37.2517,46.998,59.784,60.233,-6.416,-97.367,38.95,47.636,60.446,58.185,-5.959,-98.29,39.031
1074,37.2843,47.088,59.784,60.233,-6.416,-97.367,38.95,47.881,60.207,58.546,-6.126,-98.682,39.033
1075,37.3181,47.359,59.784,60.233,-6.342,-97.367,38.95,48.419,59.145,58.719,-6.054,-99.143,39.032
1076,37.3513,47.359,59.784,60.233,-6.342,-97.367,38.95,48.048,59.618,58.522,-5.967,-98.666,39.035
1077,37.3848,47.63,59.784,60.233,-6.342,-97.367,38.95,48.291,58.282,58.718,-5.959,-99.067,39.033
1078,37.4181,47.81,59.784,60.233,-6.342,-97.622,38.95,48.797,53.358,59.013,-5.995,-99.329,39.028
1079,37.4525,47.81,59.784,60.233,-6.342,-97.622,38.95,48.914,51.421,58.95,-6.153,-99.747,39.033
1080,37.4967,48.081,59.649,60.233,-6.268,-97.877,38.95,49.157,51.531,58.894,-6.286,-99.733,39.032
1081,37.5215,48.352,59.042,60.233,-6.268,-98.132,38.95,49.183,48.738,59.137,-6.018,-99.806,39.035
1082,37.5546,48.623,58.03,60.233,-6.268,-98.386,38.95,50.052,45.172,59.172,-6.369,-100.566,39.04
1083,37.588,48.804,56.815,60.233,-6.195,-98.386,38.95,49.804,40.441,59.377,-6.279,-100.318,39.053
1084,37.6215,49.074,55.398,60.233,-6.195,-98.386,38.95,49.993,40.71,59.443,-6.342,-100.381,39.049
1085,37.6554,49.436,53.644,60.233,-6.195,-98.386,38.95,50.557,36.017,59.305,-6.397,-100.606,39.055
1086,37.6886,49.526,51.687,60.233,-6.195,-98.386,38.95,50.913,32.208,58.987,-6.472,-100.303,39.065
1087,37.7217,49.707,49.663,60.233,-6.121,-98.386,38.95,51.632,27.749,58.298,-6.482,-99.685,39.066
1088,37.7552,50.158,47.368,60.233,-6.121,-98.386,38.95,51.582,25.657,58.353,-6.67,-99.55,39.077
1089,37.7885,50.88,44.872,60.233,-6.121,-98.386,38.95,51.991,25.016,57.896,-6.665,-99.544,39.076
1090,37.8221,51.151,42.24,60.233,-6.121,-98.386,38.95,52.05,22.824,57.424,-6.486,-98.856,39.081
1091,37.8577,51.061,39.541,60.233,-6.121,-98.386,38.95,52.371,21.744,57.365,-6.591,-99.135,39.085
1092,37.8897,51.332,36.977,60.067,-6.121,-98.386,38.95,52.34,20.828,57.179,-6.529,-98.898,39.089
1093,37.923,51.783,34.413,60.067,-6.121,-98.386,38.95,52.659,20.339,56.788,-6.597,-98.758,39.088
1094,37.9568,52.144,32.051,60.067,-6.121,-98.386,38.95,52.992,19.41,56.604,-6.763,-99.095,39.092
1095,37.9887,52.235,29.757,60.067,-6.121,-98.386,38.95,53.078,19.433,56.42,-6.54,-99.075,39.093
1096,38.0205,52.235,27.665,59.9,-6.121,-98.386,38.95,53.097,18.958,56.341,-6.648,-99.238,39.096
1097,38.0542,52.686,25.843,59.651,-6.121,-98.386,38.95,53.598,18.188,55.655,-6.678,-99.565,39.098
1098,38.0874,52.867,24.224,59.484,-5.973,-98.386,38.95,53.416,17.789,55.765,-6.858,-99.542,39.096
1099,38.1206,53.228,22.807,59.151,-5.9,-98.386,39.096,54.21,16.055,54.097,-6.823,-99.392,39.106
1100,38.2478,53.318,21.525,58.985,-5.9,-98.386,39.096,56.339,26.019,55.41,-3.633,-106.112,39.014
1101,38.2592,53.679,17.949,57.238,-6.121,-98.386,38.95,56.845,25.8,55.046,-3.62,-106.271,39.01
1102,38.295,53.77,17.341,57.072,-6.047,-98.386,38.95,56.653,26.37,55.065,-3.527,-106.436,39.011
1103,38.3293,54.402,17.004,57.072,-5.9,-98.471,38.95,56.612,28.769,55.144,-3.238,-106.114,39.011
1104,38.3638,55.305,17.004,57.072,-5.162,-98.556,38.95,57.335,29.441,54.001,-3.254,-106.327,39.01
1105,38.3972,56.117,17.004,57.072,-4.351,-98.556,39.048,56.822,31.989,54.241,-2.983,-106.071,39.018
1106,38.4305,56.117,17.206,57.072,-3.761,-98.556,38.901,56.154,33.08,54.51,-3.126,-105.693,39.018
1107,38.4638,56.117,18.354,56.822,-3.614,-98.556,38.901,57.085,32.058,53.86,-3.028,-106.19,39.019
1108,38.4977,56.298,19.703,56.822,-3.687,-98.641,38.901,56.766,32.573,54.374,-3.035,-106.376,39.015
1109,38.5311,56.479,21.323,56.822,-3.761,-98.641,38.901,57.151,33.218,53.466,-2.811,-105.773,39.027
1110,38.5747,56.659,23.212,56.739,-3.614,-98.641,38.901,57.038,34.08,53.221,-2.844,-105.633,39.033
1111,38.5975,56.569,25.101,56.572,-3.319,-98.641,38.901,56.315,35.337,53.73,-3.005,-105.661,39.029
1112,38.6298,56.749,26.788,56.24,-3.097,-98.641,38.901,57.638,36.468,52.937,-2.746,-106.088,39.034
1113,38.6623,56.749,28.543,56.156,-2.95,-98.641,38.901,57.063,36.973,52.926,-2.795,-105.844,39.043
1114,38.696,56.659,30.162,55.99,-2.95,-98.641,38.901,56.56,39.131,53.162,-2.475,-105.074,39.05
1115,38.7291,57.201,31.714,55.74,-3.024,-98.641,38.901,56.772,38.442,52.757,-2.732,-105.356,39.05
1116,38.7625,56.93,33.198,55.74,-3.024,-98.641,38.901,57.088,39.43,52.435,-2.239,-105.086,39.058
1117,38.7956,56.659,34.615,55.74,-3.024,-98.726,38.901,58.127,38.542,51.583,-2.396,-105.679,39.052
1118,38.829,57.02,35.897,55.324,-2.876,-98.726,38.901,57.105,39.137,52.515,-2.686,-105.451,39.051
1119,38.8649,57.381,36.977,54.908,-2.729,-98.726,38.901,58.503,39.038,50.897,-2.497,-105.314,39.07
1120,38.8978,57.472,37.719,54.825,-2.655,-98.726,38.901,58.828,40.253,50.43,-2.425,-105.134,39.064
1121,38.931,57.291,38.192,54.659,-2.655,-98.726,38.901,59.398,39.148,50.082,-2.482,-105.508,39.058
1122,38.9624,57.833,38.462,53.91,-2.729,-98.726,38.901,61.106,39.809,48.171,-2.827,-105.457,39.063
1123,38.9969,58.646,38.731,53.245,-2.729,-98.726,38.901,59.492,41.366,49.432,-2.472,-104.816,39.073
1124,39.029,59.097,38.866,52.662,-2.729,-98.726,38.901,59.587,41.021,49.68,-2.441,-105.202,39.068
1125,39.0626,60.181,39.204,51.83,-2.655,-98.726,38.901,60.816,41.103,47.694,-2.666,-104.537,39.078
1126,39.0968,59.819,39.676,51.747,-2.655,-98.726,38.901,60.146,41.105,48.792,-2.555,-104.68,39.076
1127,39.1301,59.097,40.081,51.664,-2.655,-98.726,38.901,59.777,41.879,49.123,-2.381,-104.509,39.077
1128,39.1635,59.91,40.418,51.248,-2.655,-98.726,38.901,60.837,41.376,47.548,-2.48,-104.512,39.074
1129,39.1973,60.542,40.688,51.165,-2.655,-98.726,38.901,62.259,41.462,46.125,-2.527,-104.267,39.079
1130,39.2302,60.542,40.958,51.082,-2.729,-98.726,38.901,61.103,41.837,47.173,-2.516,-104.406,39.084
1131,39.2638,61.264,41.026,50.25,-2.729,-98.726,38.901,63.006,40.937,44.848,-2.703,-103.963,39.087
1132,39.2971,61.535,41.026,49.501,-2.655,-98.726,38.901,61.98,40.945,45.946,-2.723,-104.023,39.092
1133,39.3305,61.084,41.228,49.501,-2.655,-98.726,38.901,62.2,41.756,45.377,-2.444,-103.764,39.093
1134,39.3639,61.716,41.296,49.085,-2.729,-98.726,38.901,62.582,41.854,44.834,-2.341,-103.498,39.095
1135,39.3974,62.077,41.296,48.669,-2.729,-98.726,38.901,63.187,41.276,44.215,-2.486,-103.523,39.091
1136,39.4308,61.896,41.296,48.087,-2.729,-98.726,38.901,64.198,40.286,43.0,-2.87,-103.47,39.092
1137,39.4641,62.167,41.296,47.421,-2.729,-98.726,38.901,64.931,40.622,41.653,-2.566,-102.899,39.091
1138,39.4988,63.07,41.296,46.672,-2.729,-98.726,38.901,64.101,40.582,42.775,-2.453,-103.014,39.094
1139,39.5313,64.153,41.296,45.757,-2.729,-98.726,38.901,66.857,39.029,38.851,-2.366,-101.691,39.089
1140,39.5739,63.883,41.228,45.341,-2.655,-98.726,38.901,66.149,39.998,39.792,-2.312,-102.134,39.089
1141,39.5973,63.431,41.026,45.175,-2.655,-98.726,38.901,66.215,40.0,39.669,-2.429,-101.964,39.091
1142,39.6305,64.876,40.621,44.343,-2.655,-98.726,38.901,67.047,39.633,38.103,-2.429,-101.292,39.097
1143,39.6652,66.682,40.418,43.344,-2.655,-98.726,38.901,68.202,38.823,36.435,-2.231,-100.589,39.091
1144,39.6988,66.23,40.418,42.512,-2.655,-98.726,38.901,67.985,38.759,36.649,-2.133,-100.633,39.089
1145,39.7322,66.14,40.013,41.181,-2.655,-98.726,38.901,67.846,38.223,36.743,-2.235,-100.511,39.091
1146,39.7654,66.772,39.609,40.017,-2.729,-98.726,38.901,69.94,36.803,32.925,-2.069,-98.243,39.089
1147,39.7988,67.585,39.204,39.601,-2.729,-98.726,38.901,70.223,36.717,32.357,-2.055,-97.816,39.09
1148,39.8321,69.029,38.799,39.101,-2.729,-98.726,38.901,71.216,36.532,30.915,-2.083,-97.697,39.088
1149,39.8659,69.842,38.192,37.687,-2.655,-98.641,38.901,73.185,36.051,27.364,-2.232,-96.055,39.09
1150,39.9002,69.842,37.652,35.857,-2.655,-98.471,38.901,73.417,35.003,26.181,-2.087,-94.52,39.09
1151,39.9327,70.293,37.179,33.943,-2.729,-97.962,38.901,74.349,34.96,24.823,-1.991,-94.624,39.088
1152,39.9662,72.009,36.64,31.78,-2.802,-97.197,38.901,75.132,34.332,22.993,-2.136,-93.069,39.091
1153,39.9995,73.725,36.1,30.033,-2.729,-96.433,38.901,74.46,34.241,23.762,-1.964,-93.363,39.09
