step,t_s,state.elbow_flex,state.gripper,state.shoulder_lift,state.shoulder_pan,state.wrist_flex,state.wrist_roll,cmd.elbow_flex,cmd.gripper,cmd.shoulder_lift,cmd.shoulder_pan,cmd.wrist_flex,cmd.wrist_roll
0,0.6619,99.368,93.522,-100.0,-0.147,75.711,38.95,99.99,61.707,-103.433,0.146,86.326,39.044
1,0.6701,99.368,93.522,-100.0,-0.147,75.711,38.95,100.007,61.777,-103.423,0.13,86.084,39.044
2,0.7041,99.368,93.522,-100.0,-0.147,75.711,38.95,100.005,61.711,-103.507,0.146,86.245,39.042
3,0.7414,99.368,93.522,-100.0,-0.147,76.391,38.95,99.973,61.711,-103.369,0.142,86.284,39.046
4,0.7744,99.368,93.455,-100.0,-0.147,77.495,39.096,99.889,61.562,-103.274,0.179,86.602,39.049
5,0.8078,98.646,92.982,-100.0,-0.221,78.854,39.292,99.9,61.537,-103.344,0.171,86.517,39.046
6,0.8404,98.646,91.903,-100.0,-0.295,79.193,39.341,99.905,61.549,-103.183,0.179,86.716,39.052
7,0.8749,98.646,90.621,-100.0,-0.147,79.193,39.341,99.848,61.485,-103.357,0.191,86.55,39.045
8,0.9082,98.646,89.136,-100.0,-0.074,79.193,39.341,99.886,61.526,-103.282,0.186,86.584,39.049
9,0.9414,98.646,87.314,-100.0,-0.147,79.193,39.341,99.836,61.487,-103.27,0.196,86.583,39.048
10,0.9752,98.646,85.29,-100.0,-0.147,79.193,39.341,99.869,61.356,-103.326,0.198,86.78,39.047
11,1.0085,98.646,82.996,-100.0,-0.147,79.193,39.341,99.874,61.445,-103.325,0.194,86.644,39.046
12,1.0419,98.646,80.229,-100.0,-0.147,79.193,39.341,99.869,61.537,-103.367,0.179,86.444,39.046
13,1.0754,98.646,77.53,-100.0,-0.147,79.193,39.341,99.864,61.54,-103.322,0.18,86.492,39.047
14,1.1087,98.646,74.966,-100.0,-0.147,79.193,39.341,99.862,61.382,-103.263,0.196,86.747,39.047
15,1.1421,98.646,72.47,-100.0,-0.147,79.193,39.341,99.862,61.461,-103.294,0.19,86.642,39.048
16,1.1753,98.646,70.378,-100.0,-0.147,79.193,39.341,99.85,61.381,-103.348,0.192,86.635,39.045
17,1.2124,98.646,68.421,-100.0,-0.147,79.193,39.341,99.825,61.337,-103.361,0.211,86.629,39.045
18,1.243,98.646,66.464,-100.0,-0.147,79.193,39.341,99.868,61.316,-103.341,0.201,86.752,39.046
19,1.2758,98.646,65.115,-100.0,-0.147,79.193,39.341,99.816,61.379,-103.279,0.201,86.635,39.046
20,1.3094,98.646,63.968,-100.0,-0.147,79.193,39.341,99.858,61.266,-103.289,0.195,86.782,39.046
21,1.3427,98.646,63.09,-100.0,-0.147,79.193,39.341,99.831,61.238,-103.303,0.212,86.818,39.047
22,1.3758,98.646,62.483,-100.0,-0.147,79.193,39.341,99.816,61.332,-103.234,0.195,86.701,39.048
23,1.4103,98.646,62.146,-100.0,-0.147,79.193,39.341,99.847,61.157,-103.321,0.211,86.799,39.046
24,1.4432,98.646,61.943,-100.0,-0.147,79.193,39.341,99.841,61.191,-103.347,0.212,86.795,39.047
25,1.4765,98.646,61.673,-100.0,-0.147,79.193,39.341,99.8,61.31,-103.321,0.212,86.653,39.046
26,1.5099,98.646,61.538,-100.0,-0.147,79.193,39.341,99.813,61.255,-103.242,0.203,86.783,39.048
27,1.5434,98.646,61.538,-100.0,-0.147,79.193,39.341,99.753,61.235,-103.335,0.223,86.651,39.046
28,1.5767,98.646,61.538,-100.0,-0.147,79.193,39.341,99.738,61.126,-103.337,0.228,86.727,39.048
29,1.6101,98.646,61.538,-100.0,-0.147,79.193,39.341,99.805,61.155,-103.39,0.225,86.693,39.045
30,1.6437,98.646,61.538,-100.0,-0.147,79.193,39.341,99.819,61.109,-103.375,0.219,86.781,39.046
31,1.6771,98.646,61.538,-100.0,-0.147,79.193,39.341,99.771,61.163,-103.514,0.23,86.535,39.042
32,1.7104,98.646,61.538,-100.0,-0.147,79.193,39.341,99.691,61.18,-103.381,0.23,86.51,39.046
33,1.7438,98.646,61.538,-100.0,-0.147,79.193,39.341,99.704,61.118,-103.448,0.222,86.525,39.044
34,1.7771,98.646,61.538,-100.0,-0.147,79.193,39.341,99.617,61.207,-103.397,0.229,86.322,39.046
35,1.8108,98.646,61.538,-100.0,-0.147,79.193,39.341,99.673,61.08,-103.493,0.232,86.391,39.044
36,1.8442,98.646,61.538,-100.0,-0.147,79.193,39.341,99.589,61.06,-103.513,0.24,86.152,39.044
37,1.8775,98.646,61.538,-100.0,-0.147,79.193,39.341,99.627,60.999,-103.52,0.246,86.326,39.043
38,1.9113,98.646,61.538,-100.0,-0.147,79.193,39.341,99.512,61.029,-103.551,0.24,86.023,39.042
39,1.9441,98.646,61.538,-100.0,-0.147,79.193,39.341,99.512,61.111,-103.679,0.261,85.713,39.042
40,1.9775,98.646,61.538,-100.0,-0.147,79.193,39.341,99.38,60.967,-103.724,0.303,85.391,39.041
41,2.0114,98.646,61.538,-100.0,-0.147,79.193,39.341,99.351,61.017,-103.786,0.294,85.198,39.041
42,2.0444,98.646,61.538,-100.0,-0.147,79.193,39.341,99.366,60.973,-103.754,0.279,85.278,39.039
43,2.078,98.646,61.404,-100.0,-0.147,79.193,39.341,99.279,60.959,-103.879,0.301,84.939,39.037
44,2.1114,98.646,61.269,-100.0,-0.147,79.193,39.341,99.009,60.895,-104.098,0.32,83.347,39.034
45,2.1446,98.646,61.201,-100.0,-0.147,79.193,39.341,98.971,60.93,-104.061,0.305,83.319,39.032
46,2.1782,98.646,61.134,-100.0,-0.147,79.193,39.341,98.764,60.883,-103.993,0.208,79.044,39.029
47,2.2115,98.646,61.134,-100.0,-0.147,79.193,39.341,98.826,60.824,-104.017,0.183,78.835,39.029
48,2.245,98.555,61.134,-100.0,-0.147,79.108,39.341,98.721,60.775,-103.268,-0.134,72.778,39.022
49,2.279,98.646,61.134,-100.0,-0.147,78.174,39.341,98.9,60.815,-103.32,-0.061,74.387,39.025
50,2.3119,99.187,61.134,-100.0,-0.147,76.985,39.096,98.84,60.584,-101.953,-0.493,67.06,39.023
51,2.3455,99.368,61.134,-99.917,-0.147,76.391,39.096,99.076,60.718,-101.956,-0.68,67.554,39.02
52,2.3788,99.458,61.134,-99.501,-0.147,74.098,39.048,98.809,60.46,-100.721,-0.879,62.285,39.022
53,2.4156,99.458,60.999,-99.584,-0.147,71.72,39.048,98.919,60.397,-99.476,-1.247,59.459,39.024
54,2.4471,99.368,60.931,-99.834,-0.147,69.342,39.048,99.079,60.517,-98.12,-1.608,57.021,39.022
55,2.4801,99.368,60.729,-99.667,-0.369,66.2,39.048,99.406,60.247,-93.422,-2.905,45.438,39.025
56,2.5128,99.368,60.729,-99.334,-0.811,63.227,39.048,99.379,60.261,-92.997,-2.866,43.267,39.025
57,2.5464,99.458,60.729,-98.752,-1.327,60.085,39.048,99.53,60.193,-92.196,-2.937,42.502,39.026
58,2.5796,99.458,60.729,-97.171,-1.991,56.433,39.048,99.863,60.228,-89.989,-3.606,36.723,39.029
59,2.6131,99.549,60.729,-94.676,-2.36,52.611,39.048,100.106,60.198,-86.108,-4.4,31.979,39.036
60,2.6465,99.819,60.729,-92.429,-2.434,48.79,39.048,100.279,60.28,-85.084,-4.793,28.397,39.034
61,2.6802,99.819,60.729,-91.431,-3.024,45.138,38.999,100.167,60.185,-82.619,-4.884,24.367,39.044
62,2.7134,99.91,60.729,-90.1,-4.056,41.146,38.999,100.278,60.048,-79.63,-5.472,20.267,39.046
63,2.7468,99.91,60.661,-87.188,-4.351,37.24,38.999,100.414,59.981,-77.973,-5.779,18.448,39.049
64,2.7805,99.91,60.459,-83.777,-4.351,33.503,38.999,100.696,60.071,-76.557,-5.974,15.866,39.047
65,2.8136,99.91,60.324,-81.614,-4.867,29.682,38.999,100.764,60.017,-71.838,-6.726,10.038,39.051
66,2.8472,99.91,60.324,-79.95,-5.531,25.86,38.999,101.47,60.071,-68.698,-6.922,5.091,39.042
67,2.8807,99.91,60.324,-78.037,-5.826,22.038,38.999,101.586,60.049,-66.807,-6.912,3.044,39.042
68,2.9141,99.91,60.324,-75.458,-5.9,18.047,38.999,100.941,60.022,-66.18,-7.144,1.944,39.051
69,2.9473,99.91,60.324,-72.213,-6.121,14.31,38.999,101.816,60.1,-63.099,-7.369,-1.811,39.04
70,2.981,99.729,60.324,-69.468,-6.49,10.403,38.999,101.396,59.978,-61.12,-7.568,-3.671,39.046
71,3.0145,99.639,60.324,-67.804,-6.637,6.837,38.999,101.93,59.984,-59.541,-7.474,-6.58,39.04
72,3.048,99.458,60.324,-66.14,-6.932,3.185,38.999,101.597,59.95,-57.454,-7.284,-8.409,39.047
73,3.0813,99.278,60.324,-63.727,-7.08,-0.042,38.999,101.115,59.959,-56.343,-7.655,-9.289,39.042
74,3.1146,99.187,60.324,-60.982,-7.227,-2.76,38.999,101.532,59.938,-54.297,-7.122,-11.797,39.042
75,3.1481,99.097,60.324,-59.151,-7.153,-5.053,38.999,100.865,59.901,-52.699,-7.396,-15.083,39.055
76,3.1818,99.187,60.324,-57.571,-7.08,-6.752,38.999,100.549,59.895,-50.55,-7.234,-16.883,39.05
77,3.215,99.187,60.324,-55.657,-7.006,-9.299,38.999,101.039,59.889,-50.233,-7.29,-17.035,39.048
78,3.2498,99.187,60.324,-53.993,-7.08,-11.932,38.999,100.63,59.851,-48.188,-7.271,-18.057,39.04
79,3.2831,99.097,60.324,-52.413,-7.08,-13.715,38.999,99.761,59.813,-46.889,-7.439,-19.291,39.041
80,3.3154,99.097,60.324,-51.165,-7.08,-14.989,38.999,99.763,59.868,-45.373,-7.104,-19.998,39.043
81,3.3488,99.097,60.324,-49.667,-7.08,-16.433,38.999,98.115,59.764,-41.872,-7.42,-23.1,39.037
82,3.382,99.007,60.324,-48.003,-7.08,-17.537,38.95,98.808,59.765,-43.097,-7.2,-23.071,39.048
83,3.416,98.826,60.189,-46.173,-7.08,-18.641,38.95,97.095,59.798,-38.014,-7.706,-25.004,39.023
84,3.4488,98.646,60.054,-44.426,-7.08,-20.255,38.95,96.051,59.779,-36.926,-7.614,-24.981,39.025
85,3.4829,98.646,60.054,-43.012,-7.08,-21.529,38.95,94.609,59.788,-33.408,-7.875,-26.766,39.019
86,3.5158,98.465,60.054,-41.015,-7.153,-22.718,38.95,94.874,59.808,-33.91,-7.483,-26.944,39.024
87,3.549,97.743,60.054,-38.519,-7.301,-23.652,38.95,92.363,59.808,-28.98,-7.443,-28.983,39.015
88,3.5826,97.111,60.054,-36.106,-7.301,-24.841,38.95,90.455,59.832,-25.987,-7.341,-30.186,39.012
89,3.6168,96.569,60.054,-34.359,-7.301,-25.775,38.95,90.53,59.856,-25.733,-7.501,-29.794,39.006
90,3.6494,94.944,60.054,-31.697,-7.301,-27.219,38.95,89.622,59.84,-24.552,-7.404,-30.972,39.012
91,3.683,93.409,60.054,-29.201,-7.301,-28.153,38.95,88.721,59.844,-23.474,-7.683,-31.604,39.009
92,3.7162,92.777,60.054,-27.038,-7.448,-28.832,38.95,87.581,59.9,-21.054,-7.386,-32.507,39.01
93,3.7497,92.054,60.054,-25.374,-7.448,-29.682,38.95,86.62,59.903,-19.854,-7.442,-32.674,39.003
94,3.7832,90.88,60.054,-23.877,-7.375,-30.531,38.95,86.633,59.944,-19.583,-7.442,-32.957,39.004
95,3.8167,89.616,60.054,-22.047,-7.301,-31.21,38.95,85.956,60.023,-17.984,-6.991,-33.787,39.004
96,3.8504,88.984,60.054,-20.632,-7.522,-31.635,38.95,84.885,59.97,-16.458,-7.14,-34.859,39.004
97,3.8837,88.533,60.054,-19.634,-7.596,-32.229,38.95,83.656,60.0,-14.847,-6.787,-35.279,39.006
98,3.9172,87.72,60.054,-18.22,-7.596,-32.994,38.95,83.472,59.955,-14.905,-7.082,-35.317,39.003
99,3.9507,86.637,60.054,-16.805,-7.596,-33.673,38.95,83.437,60.061,-14.219,-6.749,-35.434,39.005
100,4.0691,85.824,60.054,-15.724,-7.596,-34.013,38.95,90.149,58.666,-13.006,-7.661,-41.79,39.004
101,4.0793,85.192,60.054,-14.309,-7.448,-34.437,38.95,90.249,58.671,-12.633,-7.701,-41.978,39.004
102,4.1147,85.192,60.054,-14.226,-7.448,-34.522,38.95,90.119,58.712,-12.448,-7.693,-42.098,39.004
103,4.1481,85.463,60.054,-13.561,-7.448,-35.626,38.95,90.085,58.706,-11.949,-7.773,-42.271,39.005
104,4.1811,87.449,59.649,-12.812,-7.448,-37.919,38.95,89.633,58.8,-10.892,-7.776,-42.651,39.006
105,4.2145,89.345,59.312,-11.98,-7.448,-39.448,38.95,89.436,58.744,-10.395,-7.869,-42.66,39.01
106,4.2479,89.345,59.177,-11.065,-7.448,-40.212,38.95,89.273,58.87,-9.783,-7.91,-43.055,39.006
107,4.2853,89.074,59.109,-10.566,-7.448,-40.892,38.95,89.381,58.849,-9.878,-7.869,-43.144,39.005
108,4.3178,89.165,59.109,-9.983,-7.448,-41.486,38.95,89.356,58.875,-9.398,-7.965,-43.209,39.007
109,4.3509,89.345,59.109,-9.651,-7.448,-41.741,38.95,88.534,58.979,-7.982,-8.075,-43.747,39.006
110,4.3849,89.345,59.109,-9.651,-7.448,-41.996,38.95,88.598,58.944,-7.971,-8.005,-43.645,39.008
111,4.4174,89.074,59.109,-9.235,-7.448,-42.42,38.95,88.538,59.01,-7.564,-8.096,-43.79,39.009
112,4.4499,89.074,59.109,-8.403,-7.448,-42.675,38.95,87.794,58.953,-5.875,-8.107,-44.171,39.014
113,4.4826,89.255,59.109,-7.737,-7.448,-42.76,38.95,88.044,58.995,-6.448,-8.227,-44.126,39.012
114,4.516,89.074,59.109,-7.155,-7.448,-42.845,38.95,87.294,59.076,-5.069,-8.415,-44.607,39.012
115,4.5493,89.074,59.109,-6.323,-7.448,-43.185,38.95,87.381,59.102,-5.196,-8.422,-44.625,39.014
116,4.5827,88.984,59.109,-5.74,-7.596,-43.439,38.95,87.308,59.113,-4.679,-8.437,-44.684,39.011
117,4.617,88.713,59.109,-5.241,-7.743,-43.609,38.95,86.666,59.27,-2.814,-8.584,-45.242,39.017
118,4.6498,88.713,59.109,-5.075,-8.038,-43.694,38.95,86.74,59.184,-3.247,-8.577,-45.075,39.017
119,4.6831,88.442,59.109,-4.326,-8.112,-44.119,38.95,86.298,59.348,-2.392,-8.579,-45.099,39.02
120,4.7165,88.081,59.109,-3.328,-8.186,-44.289,38.95,86.739,59.256,-2.601,-8.679,-45.461,39.016
121,4.7498,87.991,59.109,-2.829,-8.186,-44.289,38.95,86.454,59.387,-1.772,-8.79,-45.239,39.028
122,4.7833,87.901,59.109,-2.745,-8.26,-44.289,38.95,86.515,59.402,-1.746,-8.82,-45.146,39.022
123,4.8166,87.72,59.109,-2.329,-8.333,-44.459,38.95,85.971,59.411,-0.725,-8.882,-45.195,39.025
124,4.85,87.63,59.109,-1.83,-8.407,-44.459,38.95,86.076,59.58,-0.581,-8.923,-45.342,39.027
125,4.8833,87.72,59.109,-1.498,-8.407,-44.459,38.95,85.886,59.744,0.013,-8.877,-45.385,39.028
126,4.917,87.359,59.109,-0.998,-8.407,-44.459,38.95,85.781,59.766,0.479,-8.819,-45.683,39.028
127,4.9508,87.178,59.109,-0.499,-8.481,-44.459,38.95,85.694,59.887,1.31,-8.989,-45.857,39.034
128,4.9838,87.088,59.109,0.166,-8.628,-44.459,38.95,85.901,60.145,1.425,-9.217,-45.727,39.035
129,5.0175,87.088,59.177,0.749,-8.628,-44.798,38.95,84.648,60.05,3.096,-8.932,-45.831,39.042
130,5.051,87.088,59.312,1.331,-8.555,-44.883,38.95,85.247,60.162,2.664,-9.304,-45.799,39.036
131,5.0842,86.727,59.447,2.163,-8.628,-44.883,38.95,85.416,60.594,2.584,-9.268,-46.001,39.039
132,5.1176,86.095,59.514,2.995,-8.702,-44.883,38.95,85.805,60.557,2.292,-9.291,-45.526,39.041
133,5.1509,86.366,59.649,2.995,-8.776,-44.968,38.95,85.561,60.593,3.599,-9.396,-45.766,39.045
134,5.1842,86.456,59.919,2.995,-8.776,-44.968,38.95,85.245,60.574,4.164,-9.386,-45.96,39.039
135,5.2182,86.275,60.054,3.245,-8.85,-45.138,38.95,85.921,60.298,3.173,-9.32,-45.344,39.047
136,5.2515,86.185,60.121,3.993,-9.071,-45.138,38.95,86.502,57.777,3.09,-9.007,-45.824,39.046
137,5.2848,86.456,60.121,4.16,-9.145,-45.053,38.95,84.898,59.247,5.323,-9.463,-45.808,39.044
138,5.3185,86.637,60.121,4.077,-8.997,-45.053,38.95,85.334,55.833,5.131,-9.129,-45.74,39.055
139,5.3517,86.456,60.121,4.326,-8.923,-45.053,38.95,86.07,56.454,4.334,-9.316,-46.328,39.043
140,5.3851,86.005,59.987,5.158,-8.923,-45.053,38.95,85.966,54.077,4.332,-9.088,-46.203,39.055
141,5.4188,86.456,59.244,5.241,-9.071,-45.308,38.95,86.001,52.154,5.08,-9.162,-46.122,39.062
142,5.4517,86.546,58.367,5.241,-8.997,-45.393,38.95,86.18,50.134,4.902,-9.389,-46.367,39.057
143,5.4851,86.185,57.22,5.408,-8.923,-45.393,38.95,85.846,46.173,6.253,-9.097,-46.634,39.066
144,5.5188,86.275,55.938,5.408,-8.923,-45.393,38.95,86.541,43.357,5.733,-8.945,-47.875,39.061
145,5.5522,86.366,54.521,5.74,-8.923,-45.563,38.95,85.97,44.819,6.113,-9.02,-46.716,39.07
146,5.5856,86.366,52.767,6.073,-8.923,-46.157,38.95,86.181,39.891,6.663,-8.919,-46.922,39.078
147,5.6191,86.366,51.08,6.156,-8.923,-46.582,38.95,86.591,36.349,6.466,-8.986,-47.262,39.079
148,5.6528,86.275,49.258,6.406,-8.923,-46.582,38.95,86.503,34.985,7.412,-8.845,-47.857,39.089
149,5.6859,86.366,47.368,6.572,-8.923,-46.582,38.95,86.46,32.209,7.131,-8.91,-47.271,39.094
150,5.7193,86.456,45.209,6.739,-8.923,-46.837,38.95,86.438,29.546,7.789,-8.946,-47.466,39.094
151,5.7529,86.275,43.117,6.905,-8.923,-46.921,38.95,86.758,26.545,7.823,-8.805,-47.844,39.109
152,5.7865,86.275,40.958,7.238,-8.923,-46.921,38.95,86.85,23.773,8.063,-8.774,-47.311,39.113
153,5.8198,86.456,38.731,7.737,-8.923,-46.921,38.95,86.481,22.779,8.501,-8.615,-47.84,39.11
154,5.8532,86.817,36.37,7.737,-8.923,-46.921,38.95,86.362,20.417,8.778,-8.61,-47.982,39.131
155,5.8865,86.727,34.143,8.153,-8.923,-46.921,38.95,86.649,18.337,8.709,-8.941,-48.325,39.122
156,5.9202,86.546,31.781,8.569,-8.923,-46.921,38.95,87.094,16.878,7.613,-8.818,-47.634,39.14
157,5.9533,86.817,29.555,8.652,-8.923,-47.006,38.95,86.867,15.373,8.469,-8.772,-47.92,39.143
158,5.9866,86.907,27.26,8.652,-8.923,-47.091,38.95,87.195,14.143,8.319,-8.556,-48.652,39.143
159,6.0205,86.998,25.169,8.652,-8.776,-47.091,38.95,86.851,13.488,8.667,-8.637,-48.507,39.137
160,6.0537,87.269,23.212,8.819,-8.776,-47.261,38.95,86.478,12.877,9.155,-8.347,-48.406,39.156
161,6.0871,87.269,21.188,8.985,-8.776,-47.346,38.95,86.457,11.958,9.026,-8.479,-48.096,39.167
162,6.1206,86.998,19.298,9.151,-8.776,-47.431,38.95,86.801,11.587,8.663,-8.539,-48.726,39.161
163,6.1543,86.998,17.679,9.235,-8.776,-47.431,38.95,86.07,10.52,9.484,-8.336,-48.636,39.167
164,6.1878,87.088,16.127,9.318,-8.776,-47.516,38.95,86.967,11.458,8.268,-8.546,-48.386,39.166
165,6.2209,87.088,14.71,9.484,-8.776,-47.601,38.95,86.108,10.252,9.316,-8.528,-48.391,39.172
166,6.2545,87.088,13.495,9.484,-8.776,-47.686,38.95,86.5,9.956,9.284,-8.438,-48.575,39.175
167,6.2876,87.178,12.483,9.567,-8.85,-47.686,38.95,86.181,9.88,9.48,-8.473,-48.912,39.175
168,6.3222,86.998,11.673,9.817,-8.85,-47.686,38.95,86.296,9.595,9.027,-8.441,-48.284,39.186
169,6.3556,86.998,11.066,9.817,-8.85,-47.771,38.95,86.197,9.511,10.174,-8.594,-48.807,39.178
170,6.3886,86.998,10.661,9.817,-8.85,-47.771,38.95,86.162,9.542,9.88,-8.549,-49.015,39.175
171,6.4222,86.998,10.256,10.067,-8.85,-47.771,38.95,86.721,9.777,8.872,-8.398,-49.049,39.169
172,6.4558,86.998,10.054,10.399,-8.85,-48.025,38.95,86.663,9.576,8.86,-8.581,-49.247,39.175
173,6.4889,87.088,10.054,10.399,-8.85,-48.11,38.95,87.022,9.461,9.494,-8.234,-49.335,39.183
174,6.5222,87.088,10.054,10.399,-8.85,-48.195,38.95,86.128,9.357,9.309,-8.518,-49.527,39.174
175,6.5555,87.088,9.852,10.399,-8.85,-48.45,38.95,86.793,9.428,8.356,-8.428,-49.424,39.181
176,6.589,87.088,9.649,10.399,-8.776,-48.45,38.95,87.017,9.556,8.599,-8.397,-49.886,39.173
177,6.6226,87.088,9.649,10.233,-8.776,-48.45,38.95,85.909,9.293,9.733,-8.315,-49.831,39.186
178,6.6561,87.269,9.649,10.15,-8.776,-48.705,38.95,87.615,9.256,6.784,-8.437,-49.022,39.183
179,6.689,87.178,9.649,10.233,-8.776,-48.875,38.95,87.629,9.314,6.986,-8.515,-49.688,39.177
180,6.7226,86.998,9.649,10.399,-8.776,-48.875,38.95,86.417,9.411,9.242,-8.32,-50.12,39.182
181,6.7562,87.449,9.649,9.651,-8.776,-48.96,38.95,86.327,9.3,8.821,-8.297,-50.404,39.18
182,6.7895,87.54,9.649,9.318,-8.776,-49.045,38.95,87.331,9.297,7.053,-8.543,-50.769,39.171
183,6.8227,87.178,9.649,9.651,-8.702,-49.384,38.95,87.76,9.213,6.73,-8.537,-50.42,39.176
184,6.8563,87.359,9.649,9.651,-8.776,-49.639,38.95,88.092,9.069,5.921,-8.568,-50.103,39.18
185,6.8895,87.81,9.649,8.985,-8.776,-49.639,38.95,87.336,9.264,6.701,-8.387,-50.285,39.178
186,6.923,87.81,9.649,8.569,-8.776,-49.724,38.95,87.559,9.206,6.188,-8.564,-50.299,39.172
187,6.9567,87.81,9.649,8.486,-8.702,-49.724,38.95,88.384,9.296,5.877,-8.444,-50.926,39.168
188,6.99,87.81,9.649,8.403,-8.702,-49.724,38.95,87.324,9.166,6.813,-8.411,-51.424,39.175
189,7.0236,87.991,9.649,8.07,-8.702,-49.724,38.95,88.046,9.173,4.646,-8.675,-50.664,39.171
190,7.0569,88.081,9.649,8.07,-8.702,-50.149,38.95,88.53,9.228,3.952,-8.654,-50.654,39.174
191,7.0903,88.081,9.649,7.987,-8.702,-50.149,38.95,88.582,9.23,4.143,-8.506,-50.606,39.171
192,7.1237,88.352,9.649,7.072,-8.702,-50.149,38.95,88.617,9.172,4.458,-8.601,-51.315,39.167
193,7.1572,88.442,9.649,6.656,-8.702,-50.149,38.95,88.478,9.118,4.214,-8.784,-51.18,39.173
194,7.1905,88.442,9.649,6.489,-8.702,-50.318,38.95,89.329,9.349,2.528,-8.812,-50.767,39.169
195,7.224,88.533,9.649,6.24,-8.702,-50.403,38.95,89.563,9.201,2.18,-8.95,-50.728,39.174
196,7.2574,88.713,9.649,5.657,-8.702,-50.403,38.95,89.789,9.344,1.719,-8.668,-50.687,39.17
197,7.291,89.255,9.649,4.908,-8.702,-50.403,38.95,90.009,9.217,0.576,-8.821,-50.145,39.169
198,7.3245,89.436,9.649,4.243,-8.702,-50.403,38.95,89.953,9.113,0.261,-8.932,-50.36,39.173
199,7.3596,89.707,9.649,3.661,-8.702,-50.403,38.95,90.499,9.1,-0.523,-9.17,-50.309,39.176
200,7.4769,89.887,9.649,2.995,-8.702,-50.403,38.95,89.318,8.436,14.861,-7.831,-62.571,38.991
201,7.487,90.339,9.649,1.664,-8.702,-50.403,38.95,89.863,8.417,14.083,-7.748,-62.853,38.993
202,7.5211,90.339,9.582,1.581,-8.702,-50.403,38.95,90.382,8.379,13.324,-7.729,-62.64,38.992
203,7.5561,90.339,9.312,1.997,-8.702,-50.998,38.95,90.011,8.427,13.32,-7.578,-62.841,38.994
204,7.5894,90.339,8.974,4.077,-8.407,-53.376,38.95,91.291,8.346,10.983,-7.573,-62.505,38.994
205,7.6228,90.158,8.839,7.155,-8.186,-56.518,38.95,91.797,8.403,9.781,-7.646,-62.64,38.994
206,7.656,90.429,8.704,10.067,-7.817,-58.981,38.95,92.507,8.33,7.938,-7.65,-62.175,38.99
207,7.6896,91.151,8.704,11.814,-7.743,-60.0,38.95,92.453,8.384,7.124,-7.355,-62.427,38.995
208,7.723,92.054,8.57,11.814,-7.743,-60.255,38.95,93.172,8.422,5.536,-7.259,-62.106,38.993
209,7.7563,91.964,8.57,10.566,-7.743,-60.679,38.95,92.87,8.451,5.173,-7.295,-62.336,38.998
210,7.7898,91.783,8.57,8.902,-7.743,-61.019,38.95,93.663,8.383,3.735,-7.176,-61.614,38.997
211,7.8232,91.964,8.57,7.987,-7.743,-61.274,38.95,93.624,8.383,3.692,-7.148,-61.434,38.996
212,7.8567,93.047,8.57,7.238,-7.743,-61.274,38.95,93.891,8.501,1.032,-6.55,-60.954,39.002
213,7.8904,93.86,8.57,6.656,-7.743,-61.104,38.95,93.776,8.425,1.065,-6.754,-60.809,38.998
214,7.9234,93.679,8.57,5.74,-7.596,-61.104,38.95,93.782,8.393,1.222,-6.676,-60.827,39.001
215,7.957,93.589,8.57,4.326,-7.448,-60.934,38.95,95.563,8.41,-3.1,-6.676,-59.865,39.007
216,7.9906,93.589,8.57,3.577,-7.301,-60.934,38.95,94.874,8.504,-2.509,-6.316,-59.892,39.007
217,8.024,94.041,8.57,2.912,-7.153,-60.679,38.95,95.473,8.458,-4.784,-6.275,-59.465,39.007
218,8.0572,95.034,8.57,1.331,-7.153,-60.255,38.95,95.613,8.487,-5.889,-6.275,-58.908,39.009
219,8.0906,94.944,8.57,-0.25,-7.006,-59.915,38.95,96.443,8.529,-9.997,-6.275,-58.433,39.014
220,8.1238,95.124,8.57,-1.83,-6.858,-59.575,38.95,96.441,8.618,-8.708,-5.978,-58.279,39.016
221,8.1574,95.937,8.57,-3.245,-6.858,-59.151,38.95,98.724,8.602,-15.763,-6.192,-56.246,39.019
222,8.191,96.208,8.57,-4.825,-6.785,-58.641,38.95,98.999,8.641,-17.653,-6.242,-56.218,39.022
223,8.2242,96.298,8.57,-6.406,-6.711,-58.132,38.95,98.918,8.632,-19.083,-6.104,-54.984,39.028
224,8.2576,97.743,8.57,-8.902,-6.711,-57.282,38.95,99.242,8.679,-21.355,-5.954,-54.323,39.031
225,8.2913,98.465,8.57,-11.647,-6.637,-56.263,38.95,100.375,8.781,-25.407,-6.019,-52.037,39.036
226,8.3247,98.194,8.57,-14.892,-6.563,-55.414,38.95,100.21,8.789,-28.239,-5.743,-49.47,39.04
227,8.3581,98.465,8.57,-17.804,-6.637,-54.48,38.95,100.495,8.877,-29.538,-5.781,-49.078,39.045
228,8.3916,98.555,8.57,-20.715,-6.711,-52.781,38.95,101.049,8.944,-35.119,-5.656,-44.889,39.052
229,8.4258,98.646,8.57,-23.794,-6.563,-51.083,38.95,101.339,9.041,-39.741,-5.508,-41.577,39.067
230,8.4586,98.646,8.57,-26.29,-6.268,-49.809,38.95,101.296,8.877,-37.503,-5.801,-45.365,39.065
231,8.4918,98.646,8.57,-29.285,-5.973,-47.601,38.95,101.495,8.99,-42.394,-5.51,-41.022,39.078
232,8.5253,98.646,8.57,-32.862,-5.9,-45.053,38.95,101.588,8.964,-46.568,-5.344,-37.569,39.091
233,8.5588,98.646,8.57,-36.023,-5.9,-43.355,38.95,101.74,8.955,-48.895,-5.416,-35.349,39.095
234,8.5925,98.646,8.57,-38.769,-5.973,-41.996,38.95,101.48,8.925,-49.832,-5.236,-33.627,39.101
235,8.6254,98.736,8.57,-42.097,-5.826,-39.788,38.95,101.485,9.043,-51.772,-5.073,-31.721,39.107
236,8.6596,98.736,8.57,-44.592,-5.826,-37.41,38.95,101.766,8.955,-55.471,-5.227,-29.396,39.112
237,8.693,98.736,8.57,-46.755,-5.826,-35.202,38.95,101.438,8.866,-55.918,-5.158,-28.429,39.114
238,8.7269,98.826,8.57,-49.251,-5.752,-33.079,38.95,101.737,8.946,-57.675,-5.165,-26.778,39.125
239,8.7603,98.916,8.57,-51.581,-5.678,-31.125,38.95,101.501,8.92,-60.499,-4.84,-22.518,39.14
240,8.7937,99.007,8.57,-53.494,-5.678,-29.597,38.95,101.215,8.86,-65.347,-4.857,-17.315,39.152
241,8.8271,99.007,8.57,-55.491,-5.678,-27.643,38.95,101.526,8.885,-66.432,-4.999,-17.07,39.159
242,8.8603,99.097,8.57,-58.07,-5.605,-24.756,38.95,101.266,8.845,-66.934,-4.743,-17.711,39.165
243,8.8938,99.187,8.57,-60.815,-5.531,-21.529,38.95,101.059,8.795,-69.855,-4.713,-11.964,39.167
244,8.9271,99.278,8.57,-63.145,-5.457,-19.66,38.95,101.037,8.819,-72.946,-4.556,-8.543,39.181
245,8.9606,99.278,8.57,-64.642,-5.383,-18.641,38.95,100.778,8.876,-75.529,-4.537,-4.611,39.192
246,8.9938,99.458,8.57,-67.055,-5.383,-16.773,38.95,100.795,8.802,-75.864,-4.587,-3.974,39.184
247,9.0273,99.729,8.57,-70.05,-5.383,-13.376,38.95,100.552,8.838,-78.416,-4.689,-1.198,39.197
248,9.0607,99.91,8.57,-72.296,-5.383,-9.809,38.95,100.434,8.868,-84.74,-4.683,7.408,39.214
249,9.0939,100.0,8.57,-74.043,-5.383,-6.667,38.95,100.455,8.886,-85.014,-4.576,8.279,39.216
250,9.1276,100.0,8.57,-76.29,-5.31,-3.439,38.95,100.453,8.896,-86.669,-4.62,10.826,39.221
251,9.1607,100.0,8.57,-79.368,-5.383,0.212,38.95,100.04,8.939,-89.137,-4.666,14.806,39.229
252,9.1941,100.0,8.57,-82.03,-5.383,4.204,38.95,100.293,8.952,-94.364,-4.837,22.663,39.239
253,9.2277,100.0,8.57,-84.193,-5.383,7.686,38.95,100.015,8.963,-94.687,-4.958,24.37,39.241
254,9.2608,100.0,8.57,-86.772,-5.31,11.423,38.95,100.264,8.94,-95.104,-4.969,24.202,39.244
255,9.2948,100.0,8.57,-89.85,-5.31,15.669,38.95,100.56,8.963,-99.036,-5.221,30.372,39.246
256,9.3282,100.0,8.57,-91.93,-5.31,19.236,38.95,100.185,9.026,-98.115,-5.214,29.866,39.254
257,9.3616,100.0,8.57,-93.095,-5.383,22.038,38.95,100.09,8.993,-97.129,-5.113,28.252,39.251
258,9.3951,99.819,8.57,-94.842,-5.383,25.011,38.95,100.681,9.03,-100.301,-5.522,33.523,39.249
259,9.429,99.819,8.57,-95.923,-5.383,27.134,38.95,100.77,9.002,-101.027,-5.698,35.42,39.242
260,9.4622,99.729,8.57,-95.923,-5.383,28.323,38.95,100.806,9.017,-101.058,-5.688,35.134,39.241
261,9.4953,99.729,8.57,-97.255,-5.383,30.361,38.95,100.71,9.009,-100.964,-5.7,35.154,39.242
262,9.5285,99.549,8.57,-98.752,-5.383,32.484,38.95,100.776,8.979,-101.621,-5.834,36.297,39.235
263,9.5643,99.549,8.57,-98.752,-5.383,33.588,38.95,100.772,9.047,-101.365,-5.839,36.623,39.241
264,9.5971,99.549,8.57,-98.669,-5.457,34.522,38.95,101.038,8.994,-101.683,-5.892,37.766,39.227
265,9.6306,99.549,8.57,-99.002,-5.457,35.372,38.95,101.034,9.011,-101.65,-5.853,37.807,39.225
266,9.6636,99.549,8.57,-99.085,-5.383,36.221,38.95,101.153,8.991,-101.631,-5.886,38.86,39.218
267,9.6971,99.549,8.57,-99.251,-5.383,36.985,38.95,101.2,9.006,-101.747,-5.88,38.16,39.218
268,9.7308,99.549,8.57,-99.251,-5.383,37.58,38.95,101.204,9.034,-101.732,-5.932,39.047,39.211
269,9.7639,99.549,8.57,-99.251,-5.383,38.004,38.95,101.386,9.036,-101.558,-5.834,39.185,39.209
270,9.7975,99.549,8.57,-99.251,-5.383,38.004,38.95,101.503,9.052,-101.41,-5.787,39.427,39.203
271,9.8311,99.549,8.57,-99.251,-5.383,38.599,38.95,101.288,9.074,-101.372,-5.877,39.865,39.204
272,9.8641,99.549,8.57,-99.251,-5.383,39.023,38.95,101.436,9.051,-101.606,-5.841,39.541,39.199
273,9.8973,99.549,8.57,-99.251,-5.383,39.363,38.95,101.459,9.018,-101.53,-5.885,39.595,39.207
274,9.9297,99.549,8.57,-99.251,-5.383,39.363,38.95,101.509,9.058,-101.412,-5.832,39.848,39.198
275,9.9643,99.549,8.57,-99.251,-5.383,39.363,38.95,101.554,9.075,-101.364,-5.87,40.321,39.188
276,9.9985,99.549,8.57,-99.251,-5.383,39.618,38.95,101.449,9.062,-101.43,-5.879,40.146,39.194
277,10.0327,99.549,8.57,-99.251,-5.383,39.873,38.95,101.383,9.068,-101.461,-5.881,40.334,39.192
278,10.0659,99.549,8.57,-99.251,-5.383,39.958,38.95,101.651,9.105,-101.259,-5.823,40.531,39.182
279,10.0995,99.549,8.57,-99.251,-5.383,39.958,38.95,101.528,9.086,-101.395,-5.822,40.304,39.187
280,10.1328,99.549,8.57,-99.251,-5.383,40.042,38.95,101.478,9.077,-101.233,-5.871,40.854,39.186
281,10.1663,99.549,8.57,-99.251,-5.383,40.127,38.95,101.541,9.068,-101.35,-5.857,40.601,39.188
282,10.1996,99.549,8.57,-99.251,-5.383,40.297,38.95,101.53,9.104,-101.22,-5.875,40.894,39.181
283,10.2332,99.549,8.57,-99.251,-5.383,40.467,38.95,101.653,9.086,-101.307,-5.881,40.563,39.184
284,10.2663,99.549,8.57,-99.251,-5.383,40.467,38.95,101.511,9.107,-101.247,-5.887,41.106,39.178
285,10.2988,99.549,8.57,-99.251,-5.383,40.467,38.95,101.553,9.09,-101.186,-5.849,40.984,39.183
286,10.3321,99.549,8.57,-99.251,-5.383,40.552,38.95,101.589,9.09,-101.324,-5.885,40.992,39.177
287,10.3654,99.549,8.57,-99.251,-5.383,40.807,38.95,101.535,9.12,-101.152,-5.861,41.181,39.176
288,10.3989,99.549,8.57,-99.251,-5.383,40.807,38.95,101.581,9.121,-101.253,-5.862,41.09,39.175
289,10.4337,99.549,8.57,-99.251,-5.383,40.807,38.95,101.523,9.127,-101.208,-5.871,41.25,39.172
290,10.4654,99.549,8.57,-99.251,-5.383,40.807,38.95,101.534,9.127,-101.248,-5.879,41.223,39.172
291,10.5005,99.549,8.57,-99.251,-5.383,40.807,38.95,101.485,9.125,-101.242,-5.871,41.384,39.171
292,10.5321,99.549,8.57,-99.251,-5.383,40.807,38.95,101.544,9.123,-101.229,-5.871,41.27,39.173
293,10.5655,99.549,8.57,-99.251,-5.383,40.807,38.95,101.677,9.127,-101.157,-5.837,41.237,39.174
294,10.5998,99.549,8.57,-99.251,-5.383,40.807,38.95,101.654,9.132,-101.185,-5.88,41.413,39.173
295,10.6321,99.549,8.57,-99.251,-5.383,40.807,38.95,101.596,9.158,-101.197,-5.841,41.678,39.165
296,10.6666,99.549,8.57,-99.251,-5.383,40.977,38.95,101.498,9.152,-101.192,-5.852,41.64,39.168
297,10.7,99.549,8.57,-99.251,-5.383,41.316,38.95,101.589,9.127,-101.302,-5.898,41.386,39.168
298,10.7338,99.549,8.57,-99.251,-5.383,41.401,38.95,101.626,9.158,-101.211,-5.846,41.649,39.165
299,10.7671,99.549,8.57,-99.251,-5.383,41.401,38.95,101.59,9.16,-101.193,-5.863,41.817,39.164
300,10.8994,99.549,8.57,-99.251,-5.383,41.401,38.95,102.168,11.181,-100.308,-3.136,39.293,39.035
301,10.9097,99.549,8.57,-99.251,-5.383,41.401,38.95,101.928,10.981,-100.585,-3.183,39.726,39.031
302,10.9433,99.549,8.57,-99.251,-5.383,41.401,38.95,102.072,11.004,-100.267,-3.194,38.836,39.03
303,10.9789,99.549,8.637,-99.251,-5.31,41.146,38.95,101.421,10.818,-100.96,-3.436,40.111,39.016
304,11.0136,99.549,8.704,-99.251,-4.351,40.467,38.95,101.513,11.086,-100.04,-3.398,38.771,39.017
305,11.0467,99.549,9.447,-99.251,-3.835,40.382,38.95,101.283,11.282,-100.123,-3.707,38.859,39.004
306,11.0802,99.549,9.919,-99.251,-4.056,40.467,38.95,100.776,10.471,-100.627,-4.025,38.946,38.981
307,11.1133,99.549,10.324,-99.251,-4.204,40.127,38.95,101.273,11.817,-98.807,-3.818,37.039,39.0
308,11.1468,99.549,10.459,-99.251,-3.909,40.042,38.95,101.206,13.295,-96.784,-4.141,34.003,38.988
309,11.18,99.549,10.459,-99.168,-3.835,39.703,38.95,101.012,12.391,-97.228,-3.937,34.298,38.974
310,11.2137,99.549,10.526,-98.586,-3.909,38.174,38.95,101.054,13.195,-96.505,-4.162,33.326,38.984
311,11.2471,99.549,10.864,-97.92,-3.982,36.645,38.95,101.728,13.542,-95.424,-4.312,31.348,38.972
312,11.2803,99.639,11.404,-97.671,-3.982,35.796,38.95,101.936,16.775,-90.618,-4.667,25.657,38.977
313,11.3136,99.639,11.943,-97.171,-3.909,34.777,38.95,101.857,14.503,-93.966,-4.101,30.111,38.961
314,11.3472,99.729,12.483,-96.007,-3.982,32.909,38.95,101.716,14.571,-94.559,-4.409,29.494,38.961
315,11.3802,99.819,13.225,-95.008,-4.13,30.531,38.95,101.773,13.853,-95.197,-4.137,30.24,38.946
316,11.4136,99.819,13.698,-94.676,-4.277,28.832,38.95,101.574,17.729,-89.072,-4.604,22.923,38.937
317,11.4473,99.819,13.968,-94.925,-4.277,28.832,38.95,101.683,15.392,-93.296,-4.417,28.048,38.935
318,11.4808,99.819,14.103,-94.925,-4.056,29.682,38.95,101.53,16.974,-90.879,-4.618,24.36,38.924
319,11.5143,99.91,14.372,-93.76,-4.056,29.851,38.95,101.454,15.458,-92.477,-4.516,25.625,38.922
320,11.5476,99.91,14.777,-93.095,-4.056,29.002,38.95,101.642,15.671,-93.446,-4.592,26.27,38.924
321,11.5778,99.91,15.317,-92.429,-4.056,27.219,38.95,101.424,13.825,-96.022,-4.315,30.269,38.908
322,11.6138,100.0,15.722,-92.429,-4.056,26.539,38.95,101.47,16.401,-93.345,-4.775,26.331,38.91
323,11.6477,100.0,15.857,-93.594,-4.056,27.134,38.95,101.487,16.295,-92.941,-4.729,26.082,38.908
324,11.6807,99.91,15.857,-94.592,-4.056,28.577,38.95,101.531,17.58,-90.202,-4.974,23.273,38.912
325,11.7143,99.91,15.857,-94.343,-4.351,29.257,38.95,101.631,18.378,-90.406,-5.353,22.355,38.905
326,11.7479,99.91,15.924,-93.178,-4.572,28.662,38.95,101.544,17.488,-89.865,-5.03,21.052,38.903
327,11.7814,100.0,16.262,-91.93,-4.572,26.709,38.95,101.65,19.246,-89.138,-5.427,21.177,38.91
328,11.8145,100.0,16.734,-91.265,-4.646,24.756,38.95,101.494,16.329,-92.584,-4.855,25.312,38.901
329,11.8481,100.0,17.206,-90.682,-4.794,23.567,38.95,101.441,18.689,-90.014,-5.126,21.294,38.899
330,11.8815,100.0,17.746,-90.433,-4.941,23.397,38.95,101.515,18.993,-88.481,-5.38,20.461,38.901
331,11.9148,100.0,18.084,-90.849,-5.015,23.822,38.95,101.426,17.604,-90.337,-5.049,21.871,38.902
332,11.9486,100.0,18.286,-90.682,-4.941,23.567,38.95,101.473,19.431,-87.596,-5.367,17.995,38.902
333,11.982,100.0,18.354,-89.684,-4.941,22.803,38.95,101.404,19.557,-87.942,-5.619,18.706,38.891
334,12.015,100.0,18.354,-88.935,-4.941,22.123,38.95,101.237,17.066,-90.219,-4.997,22.912,38.89
335,12.0486,100.0,18.354,-88.686,-4.941,21.019,38.95,101.4,18.352,-88.772,-5.317,21.331,38.894
336,12.0822,100.0,18.489,-88.769,-4.941,20.764,38.95,101.403,20.356,-85.331,-5.795,16.635,38.896
337,12.1157,100.0,18.556,-89.351,-5.015,21.274,38.95,101.146,16.364,-91.582,-4.687,24.763,38.892
338,12.149,100.0,18.556,-89.185,-5.162,21.189,38.95,101.354,18.892,-86.878,-5.433,18.986,38.887
339,12.1827,100.0,18.556,-88.186,-5.236,20.255,38.95,101.164,16.762,-87.835,-4.995,20.609,38.883
340,12.216,100.0,18.556,-87.687,-5.236,20.085,38.95,101.089,18.402,-86.257,-5.183,18.551,38.888
341,12.2497,100.0,18.489,-87.687,-5.088,20.085,38.95,101.198,21.672,-82.921,-6.107,14.401,38.885
342,12.283,100.0,18.286,-87.604,-5.088,20.51,38.95,101.199,23.189,-80.63,-6.583,11.566,38.883
343,12.3166,100.0,18.151,-86.273,-5.162,19.83,38.95,100.975,21.209,-80.937,-6.063,13.305,38.88
344,12.35,100.0,18.151,-84.359,-5.752,17.622,38.95,100.756,21.403,-79.623,-6.065,12.201,38.879
345,12.3832,100.0,18.151,-82.862,-6.195,15.329,38.95,101.081,20.073,-81.904,-5.877,14.497,38.875
346,12.4167,100.0,18.691,-81.864,-6.195,14.225,38.95,100.692,22.043,-78.842,-6.394,10.914,38.878
347,12.4501,100.0,19.568,-81.115,-5.9,14.395,38.95,100.696,22.465,-78.712,-6.437,10.174,38.871
348,12.4843,100.0,20.175,-80.865,-5.826,14.735,38.95,100.823,21.156,-80.755,-6.061,13.134,38.881
349,12.5173,100.0,20.85,-80.2,-5.9,13.97,38.95,100.904,20.67,-81.937,-5.976,14.139,38.875
350,12.5507,100.0,21.323,-79.95,-5.973,12.611,38.95,101.0,21.134,-80.647,-6.131,11.922,38.862
351,12.5838,100.0,21.525,-80.699,-5.973,12.017,38.95,100.882,19.568,-83.77,-5.613,15.859,38.873
352,12.6176,100.0,21.525,-81.281,-5.826,12.357,38.95,100.626,19.969,-79.765,-5.93,11.634,38.858
353,12.6506,100.0,21.525,-80.865,-5.826,12.696,38.95,100.52,21.725,-78.349,-6.326,10.642,38.869
354,12.6844,100.0,21.39,-80.782,-5.9,13.546,38.95,100.158,22.562,-75.083,-6.539,7.558,38.866
355,12.7177,100.0,20.783,-80.033,-5.9,13.546,38.95,100.513,21.638,-77.125,-6.395,9.426,38.86
356,12.751,100.0,20.445,-78.536,-5.9,12.187,38.95,100.403,20.855,-78.282,-6.115,9.888,38.865
357,12.7845,100.0,20.445,-77.121,-5.9,10.403,38.95,100.294,22.154,-75.778,-6.537,8.086,38.862
358,12.818,100.0,20.445,-76.705,-5.9,9.809,38.95,100.312,20.208,-78.498,-6.122,11.977,38.866
359,12.8512,100.0,20.445,-77.038,-5.9,9.809,38.95,100.191,20.247,-77.511,-5.859,10.544,38.865
360,12.8848,100.0,20.513,-77.371,-5.9,9.809,38.95,99.684,23.061,-72.502,-6.435,5.341,38.864
361,12.9184,100.0,20.918,-77.537,-5.973,10.234,38.95,99.712,23.831,-72.028,-6.776,3.596,38.861
362,12.9518,100.0,21.323,-76.705,-5.973,10.064,38.95,99.62,24.855,-70.649,-6.872,3.611,38.862
363,12.9851,100.0,21.66,-74.875,-6.195,8.535,38.95,100.217,20.336,-75.903,-5.927,8.388,38.853
364,13.0187,100.0,22.335,-73.128,-6.416,6.667,38.95,99.131,25.172,-69.495,-7.044,2.0,38.866
365,13.0521,100.0,23.009,-72.13,-6.49,5.987,38.95,100.016,21.766,-74.611,-6.409,7.402,38.852
366,13.0856,100.0,23.617,-72.13,-6.416,5.902,38.95,99.587,21.693,-74.603,-6.437,9.293,38.871
367,13.119,100.0,24.157,-72.296,-6.49,5.817,38.95,99.088,24.523,-68.949,-6.619,4.046,38.871
368,13.1525,100.0,24.291,-73.045,-6.563,6.582,38.95,99.546,21.794,-73.388,-6.382,6.191,38.852
369,13.1859,99.91,24.291,-73.627,-6.563,7.856,38.95,99.129,22.024,-70.182,-6.402,3.462,38.847
370,13.2194,99.91,24.291,-73.128,-6.563,8.195,38.95,98.548,24.776,-67.025,-7.044,-0.131,38.859
371,13.2529,99.91,24.291,-72.795,-6.563,7.176,38.95,98.786,24.434,-67.667,-6.703,1.786,38.852
372,13.2862,99.729,24.089,-71.963,-6.563,5.053,38.95,98.757,24.31,-67.268,-6.793,1.193,38.861
373,13.3197,99.639,23.414,-70.216,-6.563,3.015,38.95,99.145,22.524,-70.068,-6.586,3.972,38.859
374,13.3531,99.549,23.144,-67.97,-6.563,2.251,38.95,98.317,24.716,-64.547,-6.758,-1.135,38.853
375,13.3863,99.458,23.077,-68.053,-6.563,2.93,38.95,98.581,22.102,-69.056,-6.338,4.307,38.853
376,13.4199,99.458,22.942,-68.719,-6.563,3.609,38.95,98.502,23.332,-67.152,-6.765,1.557,38.854
377,13.4534,99.458,22.942,-68.719,-6.563,3.864,38.95,98.506,21.364,-68.99,-6.376,5.03,38.865
378,13.4867,99.368,22.942,-68.386,-6.563,3.864,38.95,97.913,23.307,-64.654,-6.397,0.527,38.851
379,13.5209,99.368,22.942,-67.887,-6.563,3.1,38.95,98.089,23.561,-64.914,-6.659,-0.627,38.86
380,13.5536,99.368,22.942,-67.471,-6.563,2.505,38.95,98.754,21.858,-69.388,-6.353,4.279,38.853
381,13.587,99.278,22.942,-66.473,-6.563,1.486,38.95,97.927,22.095,-65.419,-6.191,1.462,38.851
382,13.6208,99.278,22.942,-66.223,-6.563,1.316,38.95,97.743,22.398,-65.204,-6.484,1.098,38.864
383,13.654,99.278,22.942,-66.639,-6.563,1.826,38.95,97.16,24.777,-61.831,-6.97,-2.135,38.857
384,13.6871,99.187,22.942,-66.556,-6.563,1.826,38.95,97.921,22.882,-65.237,-6.218,1.477,38.843
385,13.721,99.007,22.807,-65.141,-6.563,1.062,38.95,98.57,23.401,-66.276,-6.534,1.113,38.847
386,13.7546,99.007,22.74,-63.478,-6.637,-0.042,38.95,97.021,25.109,-60.661,-6.988,-2.389,38.845
387,13.7877,99.007,22.74,-63.145,-6.637,-0.297,38.95,97.358,23.464,-61.917,-6.238,-2.458,38.843
388,13.8213,98.916,22.807,-63.394,-6.563,0.042,38.95,97.849,20.746,-66.332,-6.006,2.637,38.843
389,13.8547,98.826,22.874,-63.228,-6.563,-0.382,38.95,97.199,25.357,-60.497,-7.047,-4.042,38.85
390,13.8881,98.826,23.347,-62.646,-6.563,-1.146,38.95,97.866,23.275,-63.71,-6.331,-1.127,38.839
391,13.9217,98.826,23.684,-62.396,-6.563,-1.486,38.95,97.442,22.778,-62.762,-6.236,-1.093,38.842
392,13.9547,98.826,23.954,-61.897,-6.785,-2.166,38.95,97.379,20.116,-64.638,-5.748,1.324,38.841
393,13.9881,98.826,24.022,-61.98,-6.858,-1.826,38.95,96.544,20.815,-62.776,-5.884,0.822,38.852
394,14.0217,98.826,24.022,-62.729,-6.563,-0.637,38.95,96.316,22.897,-59.889,-6.342,-2.561,38.847
395,14.0553,98.826,23.954,-63.228,-6.121,0.382,38.95,96.163,23.871,-58.736,-6.513,-3.721,38.855
396,14.0886,98.646,23.279,-62.562,-6.121,0.042,38.95,96.242,22.65,-59.753,-6.158,-2.285,38.85
397,14.1222,98.465,22.47,-61.148,-6.342,-1.316,38.95,96.346,22.854,-60.681,-6.233,-0.23,38.847
398,14.1553,98.375,21.997,-59.983,-6.49,-2.081,38.95,97.011,23.065,-61.879,-6.534,-1.89,38.843
399,14.189,98.375,21.727,-60.15,-6.416,-1.741,38.95,96.283,23.304,-60.35,-6.456,-1.472,38.854
400,14.3177,98.375,21.727,-60.649,-6.195,-0.807,38.95,102.692,9.625,-74.96,-2.474,6.841,38.991
401,14.328,98.375,22.402,-60.399,-6.195,-0.892,38.95,102.755,9.495,-74.242,-2.429,5.971,38.992
402,14.3612,98.375,22.605,-60.399,-6.195,-0.892,38.95,103.018,9.348,-72.469,-2.469,3.478,38.99
403,14.3978,98.736,22.537,-61.065,-5.973,-0.212,38.95,102.454,9.393,-75.595,-2.427,7.564,38.99
404,14.431,99.097,22.537,-63.145,-4.646,1.571,38.95,102.592,9.293,-74.146,-2.377,5.968,38.994
405,14.4644,99.458,22.537,-66.639,-3.392,3.1,38.95,102.378,9.362,-76.705,-2.572,8.984,38.991
406,14.4979,99.729,21.457,-70.133,-3.245,4.968,38.95,102.128,9.239,-77.162,-2.654,9.282,38.989
407,14.5315,99.819,20.175,-72.712,-3.54,6.582,38.95,102.42,9.268,-75.529,-2.512,7.519,38.993
408,14.5646,99.91,18.691,-74.376,-3.466,7.686,38.95,102.03,9.283,-76.684,-2.615,8.252,38.987
409,14.5978,99.91,17.072,-74.958,-2.95,7.856,38.95,101.681,9.25,-78.125,-2.425,10.038,38.992
410,14.6311,99.91,15.452,-74.875,-2.802,7.771,38.95,101.884,9.287,-76.599,-2.618,8.666,38.997
411,14.6648,99.91,13.968,-75.624,-2.95,8.45,38.95,102.337,9.226,-76.315,-2.621,8.237,38.997
412,14.6981,99.91,12.618,-76.539,-2.95,9.214,38.95,102.315,9.55,-75.319,-2.848,7.128,39.007
413,14.7314,99.91,11.606,-76.622,-2.95,9.13,38.95,101.929,9.146,-79.106,-2.389,12.251,39.0
414,14.7647,99.91,10.864,-76.04,-2.876,8.535,38.95,101.901,9.537,-78.972,-2.829,11.02,39.0
415,14.7981,99.91,10.324,-75.957,-2.802,8.535,38.95,101.598,9.104,-81.976,-2.551,14.696,38.988
416,14.8317,99.91,10.054,-76.955,-2.876,9.724,38.95,101.571,9.359,-80.757,-2.595,12.764,38.986
417,14.8652,99.91,9.919,-78.286,-2.876,11.168,38.95,101.458,9.137,-81.417,-2.646,13.11,38.991
418,14.8981,99.91,9.717,-79.784,-2.876,12.781,38.95,101.322,9.048,-83.758,-2.374,15.858,38.984
419,14.9317,99.91,9.582,-80.2,-2.876,13.206,38.95,100.883,8.914,-86.193,-2.49,18.136,38.983
420,14.9649,99.91,9.447,-80.699,-2.876,13.121,38.95,100.911,8.982,-87.716,-1.871,21.359,38.985
421,14.9985,99.91,9.312,-82.446,-2.876,13.715,38.95,100.672,8.978,-91.231,-1.818,25.617,38.971
422,15.0322,99.91,9.244,-84.443,-2.802,15.839,38.95,100.56,8.911,-90.538,-2.128,23.705,38.972
423,15.0656,99.91,9.244,-86.19,-2.655,19.066,38.95,100.608,8.939,-91.278,-1.98,24.915,38.972
424,15.0987,99.91,9.244,-88.103,-2.36,21.868,38.95,100.51,8.883,-90.148,-1.905,22.935,38.975
425,15.1322,99.91,9.244,-89.268,-2.212,23.227,38.95,100.562,8.879,-92.531,-2.105,25.494,38.97
426,15.1656,99.91,9.244,-89.434,-2.286,23.057,38.95,100.275,8.904,-93.437,-1.887,26.769,38.969
427,15.1992,99.91,9.244,-89.601,-2.36,23.057,38.95,100.406,8.861,-91.745,-1.935,24.208,38.978
428,15.2325,99.91,9.244,-90.765,-2.36,23.992,38.95,100.158,8.939,-95.174,-1.69,29.448,38.972
429,15.2663,99.91,9.244,-91.93,-2.286,25.435,38.95,100.253,8.842,-94.763,-1.914,28.905,38.963
430,15.2994,99.91,9.244,-92.097,-2.212,26.454,38.95,100.247,8.852,-94.309,-1.97,27.696,38.979
431,15.3328,99.91,9.244,-92.845,-2.286,27.728,38.95,100.089,8.957,-96.059,-1.763,30.302,38.971
432,15.3663,99.91,9.244,-93.344,-2.286,27.983,38.95,99.944,8.91,-95.744,-1.79,29.482,38.98
433,15.3998,99.91,9.244,-93.677,-2.286,28.068,38.95,100.089,8.803,-96.633,-2.154,30.597,38.971
434,15.4334,99.819,9.244,-94.426,-2.286,28.747,38.95,100.05,8.867,-98.778,-1.774,34.993,38.971
435,15.4669,99.819,9.244,-95.008,-2.286,29.427,38.95,100.018,8.869,-98.375,-1.839,34.144,38.971
436,15.5004,99.729,9.244,-96.007,-2.286,30.701,38.95,100.19,8.821,-96.528,-2.057,30.482,38.971
437,15.5335,99.639,9.244,-97.171,-2.212,32.314,38.95,99.722,8.991,-99.591,-1.71,36.583,38.966
438,15.5672,99.639,9.244,-97.421,-2.212,32.994,38.95,100.434,8.714,-100.132,-2.075,37.324,38.955
439,15.6006,99.729,9.244,-96.339,-2.286,32.909,38.95,100.279,8.834,-100.408,-1.986,37.887,38.954
440,15.6338,99.729,9.244,-97.088,-2.286,33.758,38.95,100.399,8.714,-100.04,-2.195,37.088,38.96
441,15.6675,99.549,9.244,-98.752,-2.286,35.541,38.95,100.532,8.663,-99.438,-2.376,35.951,38.968
442,15.7007,99.549,9.244,-99.002,-2.212,36.476,38.95,100.294,8.678,-99.4,-2.419,35.756,38.972
443,15.7341,99.549,9.109,-98.586,-2.286,36.391,38.95,100.567,8.632,-99.785,-2.244,36.725,38.962
444,15.7677,99.549,9.042,-98.752,-2.36,36.306,38.95,100.428,8.696,-100.06,-2.502,36.984,38.958
445,15.8009,99.549,8.974,-98.918,-2.36,36.476,38.95,100.405,8.747,-100.541,-2.325,37.979,38.956
446,15.8342,99.549,8.974,-99.085,-2.286,36.73,38.95,100.56,8.555,-100.548,-2.478,38.519,38.941
447,15.8678,99.549,8.974,-99.334,-2.286,37.155,38.95,100.717,8.573,-99.637,-2.705,36.207,38.954
448,15.9014,99.549,8.974,-99.251,-2.286,37.834,38.95,100.645,8.661,-100.851,-2.453,38.994,38.942
449,15.9353,99.549,8.974,-99.251,-2.286,37.834,38.95,100.464,8.67,-100.778,-2.435,38.898,38.945
450,15.9688,99.549,8.907,-99.251,-2.286,37.325,38.95,100.668,8.63,-100.819,-2.55,38.76,38.943
451,16.0023,99.549,8.907,-99.251,-2.286,37.41,38.95,100.684,8.651,-100.832,-2.505,39.507,38.927
452,16.0357,99.549,8.907,-99.251,-2.286,38.259,38.95,100.594,8.696,-100.825,-2.516,38.792,38.933
453,16.0687,99.549,8.907,-99.251,-2.286,38.854,38.95,100.653,8.674,-100.875,-2.554,39.729,38.924
454,16.1021,99.549,8.907,-99.251,-2.286,38.854,38.95,100.802,8.609,-100.719,-2.658,39.154,38.932
455,16.137,99.549,8.907,-99.251,-2.286,38.938,38.95,101.049,8.54,-100.76,-2.77,38.847,38.928
456,16.17,99.549,8.907,-99.251,-2.286,39.193,38.95,100.675,8.772,-101.073,-2.578,39.587,38.925
457,16.2034,99.549,8.907,-99.251,-2.286,39.193,38.95,100.979,8.564,-100.879,-2.679,39.756,38.92
458,16.2371,99.549,8.907,-99.251,-2.286,39.193,38.95,101.358,8.545,-101.24,-2.709,40.668,38.904
459,16.2691,99.549,8.907,-99.251,-2.286,39.448,38.95,101.139,8.588,-101.051,-2.675,40.526,38.904
460,16.3035,99.549,8.907,-99.251,-2.286,39.873,38.95,101.093,8.546,-100.878,-2.708,39.624,38.92
461,16.3359,99.549,8.907,-99.251,-2.286,40.212,38.95,100.882,8.544,-100.65,-2.769,38.942,38.927
462,16.3693,99.549,8.907,-99.251,-2.286,40.212,38.95,100.924,8.55,-100.453,-2.851,38.915,38.923
463,16.4026,99.549,8.907,-99.251,-2.286,40.127,38.95,100.503,8.885,-100.873,-2.581,39.191,38.931
464,16.4374,99.549,8.907,-99.251,-2.286,40.042,38.95,101.341,8.447,-100.707,-3.045,39.863,38.902
465,16.471,99.549,8.907,-99.251,-2.286,40.042,38.95,101.05,8.613,-100.862,-2.816,40.133,38.905
466,16.5043,99.549,8.907,-99.251,-2.36,40.042,38.95,101.517,8.471,-101.203,-2.872,41.909,38.878
467,16.5375,99.549,8.907,-99.251,-2.581,40.042,38.95,101.213,8.456,-100.85,-2.961,39.935,38.905
468,16.5749,99.549,8.907,-99.251,-2.655,40.297,38.95,100.897,8.652,-100.976,-2.829,40.302,38.908
469,16.6081,99.549,8.907,-99.251,-2.581,41.146,38.95,101.198,8.596,-101.212,-2.841,41.083,38.888
470,16.6403,99.549,8.907,-99.251,-2.581,41.146,38.95,101.346,8.501,-100.812,-2.96,39.899,38.893
471,16.6726,99.549,8.907,-99.251,-2.581,41.062,38.95,101.225,8.596,-101.089,-2.846,41.068,38.881
472,16.7042,99.549,8.907,-99.251,-2.581,41.062,38.95,101.274,8.522,-100.943,-2.936,40.318,38.899
473,16.7377,99.549,8.907,-99.251,-2.581,40.892,38.95,101.421,8.546,-101.29,-3.03,40.875,38.889
474,16.7706,99.549,8.907,-99.251,-2.581,40.892,38.95,101.364,8.519,-101.209,-2.931,40.517,38.898
475,16.8044,99.549,8.907,-99.251,-2.581,40.892,38.95,101.598,8.556,-101.417,-2.859,42.322,38.869
476,16.838,99.549,8.907,-99.251,-2.581,40.892,38.95,101.387,8.499,-101.163,-3.003,41.241,38.886
477,16.8713,99.549,8.907,-99.251,-2.581,40.977,38.95,101.515,8.553,-101.396,-2.833,41.831,38.872
478,16.9048,99.549,8.907,-99.251,-2.581,41.656,38.95,101.562,8.539,-101.392,-2.829,41.443,38.881
479,16.938,99.549,8.907,-99.251,-2.581,41.656,38.95,101.217,8.575,-101.176,-2.835,40.529,38.895
480,16.9716,99.549,8.907,-99.251,-2.581,41.656,38.95,101.46,8.543,-101.501,-2.9,42.006,38.871
481,17.0048,99.549,8.907,-99.251,-2.581,41.656,38.95,101.38,8.549,-101.268,-2.808,41.575,38.888
482,17.038,99.549,8.907,-99.251,-2.581,41.656,38.95,101.582,8.517,-101.309,-2.869,41.581,38.872
483,17.0717,99.549,8.907,-99.251,-2.581,41.911,38.95,101.602,8.49,-101.285,-3.052,41.146,38.881
484,17.1055,99.549,8.907,-99.251,-2.581,41.911,38.95,101.5,8.468,-101.475,-2.962,42.352,38.872
485,17.1386,99.549,8.907,-99.251,-2.581,41.911,38.95,101.347,8.489,-101.207,-2.928,41.309,38.89
486,17.1722,99.549,8.907,-99.251,-2.581,41.911,38.95,101.535,8.376,-101.239,-3.067,41.984,38.873
487,17.2057,99.549,8.907,-99.251,-2.581,42.166,38.95,101.249,8.557,-101.021,-2.849,40.681,38.897
488,17.2387,99.549,8.907,-99.251,-2.581,42.166,38.95,101.473,8.571,-101.393,-2.882,41.78,38.875
489,17.2721,99.549,8.907,-99.251,-2.581,42.166,38.95,101.479,8.383,-101.043,-3.147,41.037,38.877
490,17.3056,99.549,8.907,-99.251,-2.581,42.166,38.95,101.204,8.579,-101.289,-2.949,41.333,38.885
491,17.339,99.549,8.907,-99.251,-2.581,42.166,38.95,101.386,8.47,-101.197,-2.927,41.97,38.875
492,17.3724,99.549,8.907,-99.251,-2.581,42.166,38.95,101.197,8.649,-101.093,-2.85,41.467,38.889
493,17.4058,99.549,8.907,-99.251,-2.581,42.251,38.95,101.748,8.493,-101.484,-2.87,42.474,38.864
494,17.4395,99.549,8.907,-99.251,-2.581,42.251,38.95,101.705,8.467,-101.499,-2.982,42.44,38.868
495,17.4728,99.549,8.907,-99.251,-2.581,42.335,38.95,101.599,8.435,-101.189,-3.002,42.489,38.861
496,17.5063,99.549,8.907,-99.251,-2.581,42.505,38.95,101.615,8.42,-101.589,-2.974,42.803,38.862
497,17.5419,99.549,8.907,-99.251,-2.581,42.505,38.95,101.648,8.43,-101.522,-3.126,42.829,38.864
498,17.5758,99.549,8.907,-99.251,-2.581,42.59,38.95,101.625,8.423,-101.323,-2.99,42.395,38.86
499,17.6071,99.549,8.907,-99.251,-2.581,42.59,38.95,101.613,8.473,-101.454,-3.032,42.996,38.859
500,17.7363,99.549,8.907,-99.251,-2.581,42.59,38.95,101.208,9.89,-102.294,-1.84,41.964,39.025
501,17.7464,99.549,8.907,-99.251,-2.581,42.76,38.95,101.166,9.749,-102.263,-1.885,41.825,39.02
502,17.78,99.549,8.907,-99.251,-2.581,42.76,38.95,101.404,9.685,-102.242,-1.858,41.057,39.017
503,17.8155,99.549,8.907,-99.251,-2.581,42.675,38.95,101.045,9.363,-102.292,-2.2,41.325,39.002
504,17.849,99.549,8.907,-99.251,-2.36,42.335,38.95,101.005,9.391,-102.2,-2.181,41.049,39.0
505,17.8824,99.549,8.907,-99.251,-2.139,42.251,38.95,100.915,9.144,-102.332,-2.475,40.923,38.981
506,17.9156,99.549,8.907,-99.251,-2.139,42.251,38.95,100.621,9.056,-102.115,-2.614,40.743,38.96
507,17.9492,99.549,8.907,-99.251,-2.139,42.251,38.95,100.882,9.096,-101.857,-2.508,39.911,38.977
508,17.9828,99.549,8.907,-99.251,-2.139,42.251,38.95,100.662,9.077,-101.41,-2.659,38.97,38.968
509,18.0161,99.549,8.907,-99.251,-2.139,41.911,38.95,100.586,8.941,-101.491,-2.654,39.207,38.957
510,18.0495,99.549,8.907,-99.251,-2.139,41.062,38.95,100.469,9.058,-101.4,-2.679,39.165,38.967
511,18.0826,99.549,8.907,-99.251,-2.139,40.722,38.95,100.825,8.99,-101.281,-2.842,37.629,38.954
512,18.1161,99.549,8.907,-99.251,-2.139,40.467,38.95,101.192,9.531,-99.303,-3.006,33.661,38.969
513,18.1498,99.549,8.907,-99.251,-2.139,39.873,38.95,101.087,9.016,-100.859,-2.857,36.764,38.947
514,18.1834,99.549,8.907,-99.168,-2.212,38.514,38.95,100.93,9.055,-100.54,-3.081,35.554,38.949
515,18.2166,99.549,8.974,-99.251,-2.434,36.73,38.95,101.013,8.967,-101.147,-3.111,36.318,38.925
516,18.25,99.549,8.974,-99.418,-2.507,36.051,38.95,101.234,9.737,-98.777,-3.31,32.404,38.932
517,18.2838,99.549,8.974,-99.418,-2.655,36.476,38.95,101.211,9.05,-100.051,-3.259,34.299,38.924
518,18.3169,99.549,8.974,-99.251,-2.802,36.476,38.95,101.268,9.29,-99.358,-3.487,32.491,38.914
519,18.3504,99.549,8.974,-99.168,-2.876,35.796,38.95,100.928,8.946,-99.873,-3.468,33.339,38.911
520,18.3838,99.549,8.974,-99.418,-2.95,35.032,38.95,101.271,9.12,-99.927,-3.555,32.673,38.913
521,18.4173,99.549,8.974,-99.418,-3.024,34.352,38.95,101.014,8.896,-100.976,-3.446,35.351,38.885
522,18.4507,99.549,8.974,-99.418,-3.171,34.183,38.95,101.123,9.144,-99.896,-3.726,33.067,38.895
523,18.4839,99.549,8.974,-99.418,-3.171,34.183,38.95,101.148,9.297,-99.584,-3.903,32.617,38.894
524,18.5178,99.549,8.974,-99.418,-3.245,34.862,38.95,101.206,9.675,-98.96,-3.973,31.208,38.897
525,18.5512,99.549,8.974,-99.334,-3.54,34.777,38.95,101.328,10.457,-98.133,-4.373,29.676,38.893
526,18.5843,99.549,8.974,-99.334,-3.687,33.588,38.95,101.37,9.895,-97.997,-4.158,28.641,38.887
527,18.6205,99.549,9.244,-99.085,-3.687,32.314,38.95,101.115,10.132,-98.156,-4.298,30.454,38.892
528,18.6549,99.549,9.582,-98.669,-3.761,31.21,38.95,101.007,9.044,-99.964,-3.968,33.33,38.878
529,18.6884,99.549,9.784,-98.586,-3.982,30.786,38.95,101.098,9.966,-98.273,-4.395,30.129,38.878
530,18.7194,99.549,9.784,-98.586,-3.982,31.55,38.95,101.135,10.241,-97.927,-4.522,29.84,38.883
531,18.7525,99.549,9.784,-99.085,-3.909,32.569,38.95,101.096,9.729,-98.429,-4.341,30.095,38.882
532,18.7858,99.549,9.784,-98.918,-4.056,32.314,38.95,101.04,10.233,-98.049,-4.487,29.093,38.883
533,18.8192,99.549,9.784,-98.419,-4.277,31.635,38.95,101.004,10.191,-98.066,-4.595,29.399,38.873
534,18.8529,99.549,9.717,-98.419,-4.425,30.955,38.95,100.709,8.967,-99.454,-4.242,32.748,38.864
535,18.8861,99.549,9.717,-98.419,-4.425,30.616,38.95,100.755,9.364,-98.918,-4.373,32.142,38.874
536,18.9196,99.549,9.717,-98.419,-4.204,30.701,38.95,101.11,10.841,-97.135,-4.934,27.947,38.881
537,18.9533,99.549,9.717,-98.752,-4.13,31.465,38.95,100.427,8.92,-99.584,-4.157,33.589,38.864
538,18.9866,99.549,9.717,-98.253,-4.277,31.465,38.95,100.748,9.841,-98.631,-4.693,31.077,38.867
539,19.0203,99.549,9.717,-97.837,-4.499,30.786,38.95,100.733,8.966,-99.501,-4.426,32.65,38.857
540,19.0536,99.549,9.582,-98.003,-4.572,30.87,38.95,100.755,9.519,-98.782,-4.624,31.07,38.864
541,19.0869,99.549,9.447,-98.419,-4.572,31.72,38.95,100.865,11.176,-97.06,-5.231,28.267,38.875
542,19.1204,99.549,9.379,-98.502,-4.425,32.059,38.95,100.952,12.675,-95.192,-5.85,25.814,38.878
543,19.1542,99.549,9.379,-98.087,-4.425,31.295,38.95,100.906,10.89,-96.296,-5.285,27.564,38.87
544,19.1874,99.639,9.379,-97.255,-4.941,29.512,38.95,100.869,11.255,-96.258,-5.425,27.302,38.866
545,19.2207,99.639,9.784,-96.423,-5.383,28.238,38.95,100.639,10.233,-97.544,-5.262,29.712,38.863
546,19.2544,99.639,10.459,-96.423,-5.383,28.153,38.95,100.858,11.904,-95.328,-5.701,25.868,38.865
547,19.2876,99.639,10.864,-96.672,-5.162,28.577,38.95,101.023,12.436,-94.854,-5.924,24.522,38.866
548,19.321,99.639,11.134,-96.839,-5.162,29.257,38.95,100.733,11.27,-96.72,-5.524,28.231,38.867
549,19.3559,99.729,11.404,-96.256,-5.457,28.917,38.95,100.798,10.972,-97.211,-5.401,28.433,38.863
550,19.3875,99.729,11.673,-95.674,-5.678,27.813,38.95,100.763,10.592,-97.06,-5.494,28.363,38.854
551,19.4209,99.729,11.808,-96.09,-5.678,27.473,38.95,100.586,10.569,-97.48,-5.252,29.473,38.86
552,19.4553,99.729,11.741,-96.589,-5.457,27.983,38.95,100.626,10.305,-96.391,-5.501,27.621,38.849
553,19.488,99.729,11.741,-96.589,-5.31,28.747,38.95,100.728,11.364,-95.806,-5.705,27.225,38.856
554,19.5213,99.729,11.471,-96.589,-5.383,28.917,38.95,100.842,12.519,-93.685,-6.209,23.88,38.858
555,19.5548,99.729,11.066,-96.339,-5.383,28.238,38.95,100.906,12.001,-94.565,-6.152,25.145,38.852
556,19.5882,99.729,10.999,-95.757,-5.457,27.728,38.95,100.852,11.216,-95.602,-5.759,26.094,38.854
557,19.6218,99.729,10.999,-95.008,-5.605,26.709,38.95,100.881,12.198,-93.955,-6.246,24.57,38.853
558,19.6561,99.729,10.999,-94.925,-5.752,26.539,38.95,100.872,10.409,-96.831,-5.675,28.746,38.841
559,19.6887,99.729,11.066,-95.092,-5.752,26.539,38.95,100.74,10.821,-95.571,-5.717,26.663,38.849
560,19.7221,99.729,11.269,-95.092,-5.678,26.2,38.95,100.806,12.587,-92.637,-6.204,22.806,38.858
561,19.7552,99.729,11.269,-95.175,-5.678,26.539,38.95,100.956,13.635,-91.295,-6.552,20.114,38.855
562,19.7902,99.729,11.269,-94.925,-5.678,26.369,38.95,100.786,14.213,-90.512,-6.784,20.497,38.855
563,19.8222,99.819,11.269,-93.511,-5.9,24.756,38.95,100.673,11.646,-93.008,-5.923,23.795,38.859
564,19.8557,99.819,11.269,-92.346,-6.121,22.972,38.95,100.973,14.497,-89.714,-7.022,19.102,38.85
565,19.8892,99.91,11.269,-92.013,-6.342,22.378,38.95,100.671,11.783,-93.403,-6.215,24.467,38.846
566,19.9226,99.91,11.269,-92.429,-6.342,22.378,38.95,100.833,12.231,-93.72,-6.469,25.811,38.845
567,19.9561,99.91,11.673,-92.596,-6.416,22.378,38.95,100.842,13.724,-90.922,-6.761,21.814,38.851
568,19.9868,99.91,11.808,-92.845,-6.49,23.227,38.95,100.734,13.37,-90.32,-6.654,20.554,38.846
569,20.023,99.91,11.808,-92.845,-6.563,24.586,38.95,100.595,12.184,-90.654,-6.524,21.309,38.838
570,20.0565,99.91,12.146,-91.93,-6.49,24.756,38.95,100.895,14.113,-87.685,-7.16,16.718,38.845
571,20.0897,99.91,12.551,-91.348,-6.49,23.652,38.95,100.658,14.171,-88.108,-6.948,18.31,38.84
572,20.1233,99.91,12.888,-91.098,-6.563,22.123,38.95,100.84,14.667,-87.759,-7.187,17.703,38.845
573,20.1563,99.91,13.225,-90.1,-6.711,20.085,38.95,100.988,13.132,-89.461,-6.96,20.08,38.84
574,20.19,99.91,13.63,-89.018,-6.858,19.236,38.95,100.722,14.374,-85.567,-7.094,15.61,38.84
575,20.2235,99.91,13.9,-88.935,-6.858,19.66,38.95,100.71,13.053,-88.952,-6.783,20.225,38.836
576,20.2568,99.91,13.968,-89.185,-6.711,19.915,38.95,100.756,13.992,-86.638,-7.138,17.316,38.836
577,20.2901,99.91,13.968,-89.101,-6.711,20.0,38.95,100.72,11.957,-90.239,-6.602,22.321,38.837
578,20.3236,99.91,13.968,-88.769,-6.711,20.0,38.95,100.706,14.048,-85.846,-6.993,16.708,38.837
579,20.357,99.91,13.968,-87.854,-6.785,19.575,38.95,100.699,14.451,-85.395,-7.188,15.567,38.842
580,20.3908,99.91,13.968,-87.105,-6.711,19.406,38.95,100.627,12.715,-88.882,-6.87,20.513,38.832
581,20.4241,99.91,13.968,-86.439,-6.711,18.132,38.95,100.39,13.59,-84.484,-6.792,16.575,38.841
582,20.4583,99.91,13.968,-86.439,-6.711,17.452,38.95,100.615,12.648,-87.12,-6.836,18.744,38.838
583,20.4911,99.91,13.968,-87.022,-6.711,17.452,38.95,100.701,14.694,-83.407,-7.445,13.847,38.834
584,20.5245,99.91,13.833,-87.105,-6.711,17.537,38.95,100.381,13.626,-85.271,-6.878,17.706,38.826
585,20.5579,99.91,13.63,-86.689,-6.785,18.217,38.95,100.587,13.329,-86.368,-6.899,17.279,38.836
586,20.591,99.91,13.563,-85.691,-6.932,18.301,38.95,100.428,15.544,-80.928,-7.573,12.608,38.828
587,20.6246,99.91,13.563,-85.607,-7.006,18.132,38.95,100.382,14.102,-82.274,-6.856,13.026,38.83
588,20.658,99.91,13.563,-85.94,-6.932,17.622,38.95,100.391,11.873,-87.617,-6.431,19.738,38.827
589,20.6929,99.91,13.563,-85.441,-7.006,16.093,38.95,100.525,15.58,-81.559,-7.665,11.85,38.831
590,20.7253,99.91,13.563,-84.276,-7.08,15.074,38.95,100.408,13.706,-84.043,-6.918,14.935,38.824
591,20.7587,99.91,13.563,-83.111,-7.08,14.82,38.95,100.201,13.725,-83.471,-6.864,15.527,38.826
592,20.7925,99.91,13.563,-82.862,-7.153,14.395,38.95,100.274,11.409,-86.432,-6.184,19.097,38.829
593,20.8255,99.91,13.563,-83.444,-7.301,14.65,38.95,100.069,11.846,-85.234,-6.39,18.465,38.833
594,20.8589,99.91,13.563,-83.86,-7.153,15.924,38.95,100.305,14.566,-79.534,-7.231,10.885,38.831
595,20.8922,99.91,13.495,-84.609,-6.637,17.537,38.95,100.053,14.973,-79.726,-7.331,11.274,38.833
596,20.9257,99.91,13.023,-84.775,-6.563,17.877,38.95,100.283,13.066,-83.267,-6.815,15.704,38.829
597,20.9592,99.91,12.686,-83.527,-7.006,16.688,38.95,100.49,13.204,-82.514,-6.784,15.805,38.83
598,20.9927,99.91,12.686,-81.78,-7.153,14.82,38.95,100.256,13.756,-82.313,-7.065,13.301,38.828
599,21.026,99.91,12.686,-81.281,-7.08,13.8,38.95,100.128,13.702,-83.366,-7.051,16.199,38.833
600,21.1546,99.91,12.686,-81.697,-6.932,13.8,38.95,101.989,11.238,-89.765,-1.973,26.637,39.061
601,21.1644,99.91,13.158,-82.612,-6.932,15.754,38.95,101.761,10.948,-90.111,-1.968,27.074,39.058
602,21.198,99.91,13.225,-82.612,-6.932,15.924,38.95,102.157,10.951,-88.81,-1.986,24.739,39.056
603,21.2342,99.91,13.225,-83.611,-6.637,17.028,38.95,101.341,10.768,-91.512,-2.242,28.519,39.048
604,21.27,99.91,13.225,-85.358,-5.015,19.406,38.95,101.603,10.948,-90.332,-2.216,26.985,39.046
605,21.3024,99.91,13.09,-87.271,-3.245,22.378,38.95,101.531,10.954,-91.787,-2.628,28.578,39.032
606,21.3351,99.91,12.281,-88.852,-3.392,25.011,38.95,101.206,10.484,-92.676,-2.918,28.886,39.017
607,21.3698,99.91,11.741,-89.767,-3.761,26.539,38.95,101.825,11.491,-90.162,-2.694,26.814,39.024
608,21.4022,99.91,11.404,-90.599,-3.245,27.389,38.95,101.832,12.402,-89.687,-3.046,26.19,39.008
609,21.4356,99.91,11.201,-90.932,-3.024,27.558,38.95,101.557,11.795,-91.29,-3.046,27.859,38.988
610,21.4699,99.91,11.134,-90.433,-3.245,27.049,38.95,101.655,11.999,-90.465,-3.164,26.789,38.998
611,21.5025,99.91,11.201,-90.183,-3.466,27.219,38.95,102.553,12.484,-89.345,-3.368,26.073,38.975
612,21.5363,99.91,11.201,-90.516,-3.392,27.643,38.95,102.817,15.08,-85.985,-3.895,22.967,38.976
613,21.5697,99.91,11.269,-90.349,-3.245,27.389,38.95,102.651,13.01,-89.841,-3.306,28.393,38.952
614,21.6031,99.91,11.741,-89.101,-3.245,26.369,38.95,102.431,13.131,-90.369,-3.659,27.862,38.952
615,21.6369,99.91,12.281,-87.854,-3.466,25.18,38.95,102.558,12.769,-91.7,-3.575,29.673,38.929
616,21.6699,99.91,12.686,-87.521,-3.466,25.011,38.95,102.195,15.46,-87.774,-4.023,25.381,38.918
617,21.704,99.91,12.821,-88.519,-3.466,26.369,38.95,102.433,13.799,-90.542,-3.95,28.523,38.915
618,21.737,99.91,12.821,-90.017,-3.392,27.898,38.95,102.18,15.488,-88.065,-4.158,25.818,38.899
619,21.7703,99.91,12.821,-90.349,-3.614,28.408,38.95,102.096,13.725,-91.13,-4.219,28.179,38.898
620,21.8034,99.91,13.158,-89.684,-3.835,27.813,38.95,102.437,13.811,-92.254,-4.054,30.381,38.901
621,21.8368,99.91,13.63,-88.935,-3.909,27.134,38.95,102.302,12.474,-94.762,-3.932,33.352,38.879
622,21.8703,99.91,13.968,-89.268,-3.835,27.389,38.95,102.014,14.489,-93.132,-4.403,30.698,38.874
623,21.9039,99.91,14.103,-91.015,-3.687,29.002,38.95,102.165,14.545,-93.022,-4.407,31.346,38.866
624,21.9373,99.91,14.103,-92.512,-3.835,30.955,38.95,102.084,14.71,-90.801,-4.328,28.678,38.875
625,21.9705,99.91,14.103,-92.845,-4.056,31.72,38.95,102.143,15.789,-90.842,-4.855,28.253,38.863
626,22.0043,99.91,14.103,-92.263,-4.056,31.21,38.95,101.993,14.464,-91.52,-4.511,27.96,38.862
627,22.0374,99.91,14.305,-91.597,-4.13,30.106,38.95,101.996,15.642,-90.279,-4.736,27.352,38.869
628,22.0713,99.91,14.642,-91.597,-4.351,29.512,38.95,102.227,13.895,-93.995,-4.276,31.936,38.855
629,22.1044,99.91,14.845,-91.514,-4.425,29.002,38.95,101.887,16.009,-90.891,-4.65,28.131,38.853
630,22.1378,99.91,15.047,-91.098,-4.425,29.002,38.95,101.971,15.536,-90.827,-4.745,28.304,38.856
631,22.1712,99.91,15.047,-91.181,-4.277,29.597,38.95,102.011,14.947,-91.374,-4.583,28.168,38.856
632,22.2045,99.91,15.047,-91.098,-4.277,29.427,38.95,101.909,16.006,-90.207,-4.665,26.592,38.856
633,22.238,99.91,15.047,-91.181,-4.277,29.087,38.95,101.941,15.996,-90.789,-4.901,27.675,38.846
634,22.2714,99.91,15.047,-91.015,-4.277,28.747,38.95,102.055,14.451,-92.847,-4.477,30.857,38.84
635,22.3049,99.91,15.047,-90.849,-4.277,28.153,38.95,101.985,14.597,-92.574,-4.556,30.494,38.848
636,22.3386,99.91,15.047,-91.348,-4.277,28.577,38.95,101.939,15.83,-89.631,-4.911,26.706,38.847
637,22.3715,99.91,15.047,-91.93,-4.277,29.682,38.95,102.068,13.717,-94.901,-4.257,32.902,38.844
638,22.4046,99.91,15.047,-91.597,-4.277,30.021,38.95,101.908,15.475,-91.203,-4.812,29.661,38.835
639,22.4383,99.91,15.047,-90.682,-4.277,29.851,38.95,101.781,13.981,-92.201,-4.597,30.911,38.833
640,22.4713,99.91,15.047,-90.599,-4.351,29.936,38.95,101.785,15.005,-91.721,-4.82,30.173,38.83
641,22.5052,99.91,15.047,-91.348,-4.499,30.106,38.95,101.88,16.993,-89.409,-5.392,27.353,38.831
642,22.5384,99.91,14.845,-91.514,-4.572,30.446,38.95,101.665,17.892,-87.666,-5.68,25.368,38.833
643,22.5719,99.91,14.71,-91.015,-4.572,29.851,38.95,101.435,16.879,-87.261,-5.137,26.074,38.833
644,22.6052,99.91,14.71,-90.1,-4.941,28.323,38.95,101.467,16.737,-87.862,-5.466,26.651,38.822
645,22.6383,99.91,14.71,-89.018,-5.31,27.304,38.95,101.544,15.725,-89.073,-5.204,28.179,38.824
646,22.6719,99.91,15.115,-88.436,-5.383,27.473,38.95,101.229,16.747,-87.023,-5.572,25.565,38.828
647,22.7053,99.91,15.722,-88.519,-5.088,27.473,38.95,101.411,18.251,-85.138,-5.693,23.411,38.822
648,22.7401,99.91,16.059,-88.769,-4.941,27.728,38.95,101.483,16.464,-88.323,-5.366,27.273,38.828
649,22.7725,99.91,16.262,-87.604,-5.088,27.049,38.95,101.751,16.29,-89.507,-5.212,28.234,38.822
650,22.8056,99.91,16.532,-86.356,-5.383,25.69,38.95,101.734,16.365,-88.879,-5.473,26.78,38.815
651,22.8395,99.91,16.599,-86.522,-5.383,25.265,38.95,101.574,15.558,-91.034,-5.166,29.84,38.82
652,22.8724,99.91,16.599,-87.521,-5.31,25.86,38.95,101.433,15.554,-88.837,-5.214,27.397,38.815
653,22.9059,99.91,16.532,-88.436,-5.088,27.219,38.95,101.39,16.032,-88.822,-5.419,27.904,38.817
654,22.9397,99.91,16.532,-89.517,-5.088,28.577,38.95,101.182,16.786,-86.673,-5.741,26.001,38.815
655,22.9729,99.91,16.329,-89.601,-5.088,28.662,38.95,101.276,16.679,-86.593,-5.758,25.853,38.811
656,23.0061,99.91,16.329,-88.353,-5.088,27.813,38.95,101.333,15.83,-88.007,-5.407,26.53,38.817
657,23.0397,99.91,16.329,-87.521,-5.162,27.219,38.95,101.14,16.477,-86.361,-5.672,25.366,38.817
658,23.0732,99.91,16.329,-87.521,-5.31,27.219,38.95,100.725,15.122,-87.693,-5.626,28.681,38.81
659,23.1066,99.91,16.329,-87.687,-5.31,27.049,38.95,100.979,15.467,-88.022,-5.355,27.958,38.814
660,23.1401,99.91,16.329,-87.604,-5.236,26.794,38.95,100.883,16.568,-85.561,-5.705,25.127,38.815
661,23.1742,99.91,16.194,-87.687,-5.236,27.389,38.95,100.948,17.671,-83.789,-6.003,22.175,38.812
662,23.2069,99.91,15.924,-87.438,-5.236,27.558,38.95,100.835,18.025,-83.655,-6.15,23.368,38.812
663,23.2409,99.91,15.924,-86.19,-5.236,26.454,38.95,101.182,15.329,-86.473,-5.313,25.284,38.818
664,23.2741,99.91,15.924,-84.942,-5.383,24.756,38.95,100.595,19.151,-82.287,-6.562,21.428,38.811
665,23.3076,99.91,15.924,-84.859,-5.605,24.161,38.95,101.006,15.097,-87.786,-5.739,27.475,38.809
666,23.3409,99.91,16.127,-85.441,-5.605,24.161,38.95,100.635,15.529,-87.78,-5.834,29.697,38.805
667,23.3743,99.91,16.869,-85.94,-5.752,24.161,38.95,100.03,17.784,-81.599,-6.162,23.292,38.818
668,23.4089,99.91,17.206,-86.689,-5.973,25.18,38.95,101.11,15.741,-86.7,-5.822,25.626,38.807
669,23.4423,99.91,17.341,-87.188,-6.047,27.134,38.95,100.477,15.152,-84.782,-5.799,24.983,38.81
670,23.4757,99.91,17.341,-86.19,-6.047,28.238,38.95,100.204,18.085,-81.142,-6.441,20.518,38.809
671,23.5084,99.91,17.341,-84.859,-5.9,28.153,38.95,100.249,17.124,-82.705,-6.091,23.483,38.803
672,23.5442,99.91,17.206,-84.775,-5.826,26.285,38.95,100.268,16.93,-81.958,-6.209,22.334,38.811
673,23.5776,99.91,16.397,-84.692,-5.9,23.992,38.95,100.593,15.428,-84.82,-6.116,25.614,38.804
674,23.6076,99.91,15.992,-83.86,-5.9,22.887,38.95,99.975,17.407,-79.204,-6.168,20.009,38.808
675,23.6443,99.91,15.857,-82.862,-5.9,23.142,38.95,100.312,15.033,-85.617,-5.858,27.481,38.801
676,23.6773,99.91,15.789,-83.111,-5.826,24.416,38.95,100.395,15.993,-83.096,-6.286,23.863,38.803
677,23.7109,99.91,15.789,-83.444,-5.826,25.605,38.95,100.214,14.538,-84.901,-5.893,26.923,38.806
678,23.7453,99.91,15.789,-83.86,-5.826,26.539,38.95,99.71,15.874,-81.151,-5.93,23.193,38.807
679,23.7779,99.91,15.789,-84.11,-5.826,26.539,38.95,99.813,16.11,-80.581,-6.065,21.601,38.81
680,23.8112,99.91,15.789,-84.11,-5.826,26.454,38.95,100.287,14.883,-84.842,-6.012,25.908,38.8
681,23.8442,99.91,15.789,-83.028,-5.826,25.265,38.95,99.78,15.597,-81.123,-5.787,22.87,38.807
682,23.878,99.91,15.789,-81.864,-5.826,23.822,38.95,99.665,14.688,-82.634,-6.063,24.789,38.812
683,23.9113,99.91,15.789,-81.78,-5.826,23.652,38.95,99.42,16.692,-78.583,-6.595,20.571,38.808
684,23.9449,99.91,15.789,-81.864,-5.826,24.076,38.95,99.896,16.1,-81.455,-6.178,23.231,38.794
685,23.9787,99.91,15.587,-82.03,-5.9,24.501,38.95,100.22,16.644,-81.03,-6.092,21.557,38.803
686,24.0109,99.91,15.52,-82.03,-6.047,24.161,38.95,99.859,16.788,-79.496,-6.817,21.814,38.794
687,24.0441,99.91,15.52,-81.614,-6.121,23.652,38.95,99.626,16.921,-77.5,-6.186,17.935,38.797
688,24.0776,99.91,15.52,-81.198,-6.121,23.057,38.95,99.704,14.976,-81.3,-6.057,22.789,38.801
689,24.111,99.91,15.722,-80.2,-6.121,22.633,38.95,100.02,17.023,-79.864,-6.889,20.073,38.799
690,24.1444,99.91,16.059,-78.869,-6.195,22.038,38.95,99.848,16.366,-78.895,-6.208,18.466,38.799
691,24.1796,99.91,16.127,-79.035,-6.195,21.783,38.95,99.65,16.635,-78.482,-6.235,19.443,38.796
692,24.2124,99.91,16.194,-79.451,-6.416,20.764,38.95,99.366,15.22,-78.555,-5.842,19.788,38.801
693,24.2452,99.91,16.194,-79.201,-6.49,20.085,38.95,98.626,14.519,-79.221,-5.815,22.796,38.813
694,24.2791,99.91,16.194,-78.785,-6.49,20.51,38.95,99.252,15.111,-79.315,-6.168,22.079,38.806
695,24.3154,99.819,16.194,-78.869,-6.195,20.594,38.95,99.108,15.715,-78.629,-6.422,21.09,38.807
696,24.3455,99.819,16.194,-78.952,-6.047,21.444,38.95,99.304,14.866,-79.819,-6.154,21.917,38.804
697,24.3794,99.819,15.992,-78.702,-5.973,21.699,38.95,99.261,15.778,-78.782,-6.345,22.602,38.799
698,24.414,99.819,15.655,-78.952,-6.047,21.614,38.95,99.839,15.766,-80.483,-6.489,21.871,38.796
699,24.4461,99.819,15.452,-79.201,-6.121,21.868,38.95,98.939,15.767,-78.453,-6.384,21.144,38.807
700,24.5669,99.819,15.452,-79.118,-6.047,22.038,38.95,101.799,10.081,-90.422,-4.319,31.301,39.035
701,24.5803,99.819,15.452,-78.869,-6.047,21.953,38.95,101.798,9.937,-90.176,-4.207,30.839,39.034
702,24.6135,99.819,15.452,-78.869,-6.047,21.953,38.95,102.141,9.903,-88.735,-4.225,29.002,39.037
703,24.6471,99.91,15.452,-79.451,-5.9,22.633,38.95,101.702,9.608,-90.66,-4.218,30.673,39.025
704,24.6809,99.91,15.182,-81.614,-5.236,24.671,38.95,101.823,9.689,-89.411,-4.111,29.388,39.033
705,24.7136,99.91,14.575,-84.443,-4.572,27.134,38.95,101.632,9.612,-91.22,-4.135,31.095,39.025
706,24.7472,99.91,13.698,-86.938,-4.572,28.662,38.95,101.306,9.381,-92.114,-4.215,31.639,39.016
707,24.7806,99.91,12.618,-88.519,-4.941,29.342,38.95,101.629,9.466,-90.456,-4.015,29.514,39.022
708,24.8137,99.91,11.741,-89.684,-5.015,30.361,38.95,101.566,9.474,-89.648,-3.974,28.063,39.016
709,24.8469,99.91,11.066,-90.1,-4.867,30.531,38.95,101.388,9.298,-90.505,-3.703,28.976,39.016
710,24.88,99.91,10.526,-89.85,-4.572,29.682,38.95,101.308,9.48,-89.509,-3.94,28.145,39.023
711,24.9136,99.91,10.054,-89.767,-4.13,29.342,38.95,102.039,9.315,-88.725,-3.696,26.626,39.022
712,24.947,99.91,9.919,-89.933,-3.982,29.172,38.95,102.248,10.12,-85.629,-3.846,22.715,39.032
713,24.9803,99.91,9.919,-89.601,-4.056,28.577,38.95,101.82,9.3,-89.893,-3.329,28.287,39.019
714,25.0128,99.91,9.919,-88.935,-4.13,27.304,38.95,101.568,9.392,-89.707,-3.502,27.53,39.023
715,25.0486,99.91,9.919,-87.937,-4.13,25.52,38.95,101.568,9.131,-91.633,-3.308,29.304,39.007
716,25.0829,99.91,9.919,-87.604,-3.982,24.926,38.95,101.754,9.763,-88.463,-3.279,24.639,39.002
717,25.1138,99.91,9.717,-88.852,-3.761,25.775,38.95,101.822,9.393,-88.688,-3.158,24.934,39.009
718,25.1471,99.91,9.582,-90.183,-3.54,27.389,38.95,101.663,9.282,-89.973,-3.03,25.82,38.999
719,25.1812,99.91,9.514,-90.433,-3.54,28.238,38.95,101.194,8.877,-91.927,-2.907,27.41,38.996
720,25.2141,99.91,9.514,-89.684,-3.614,27.898,38.95,101.335,8.962,-92.924,-2.688,29.494,39.0
721,25.2472,99.91,9.514,-89.85,-3.614,27.134,38.95,101.193,8.888,-96.145,-2.731,33.046,38.983
722,25.2806,99.91,9.312,-91.181,-3.54,27.219,38.95,101.11,8.989,-94.059,-2.85,29.99,38.99
723,25.314,99.91,9.244,-92.429,-3.245,28.747,38.95,101.202,8.862,-94.654,-2.685,30.302,38.987
724,25.3477,99.91,9.244,-93.677,-3.024,30.786,38.95,101.16,8.853,-93.625,-2.648,28.804,38.988
725,25.381,99.91,9.244,-94.093,-2.95,31.55,38.95,101.259,9.059,-94.439,-2.962,29.157,38.984
726,25.4144,99.91,9.244,-93.677,-2.95,31.125,38.95,101.088,8.75,-94.005,-2.581,28.128,38.981
727,25.448,99.91,9.244,-93.76,-3.097,30.191,38.95,101.123,9.035,-92.89,-2.789,26.81,38.988
728,25.4812,99.91,9.244,-93.927,-3.097,29.597,38.95,101.063,8.931,-96.026,-2.555,31.523,38.98
729,25.5146,99.91,9.109,-93.677,-3.024,29.002,38.95,101.011,8.929,-94.765,-2.739,28.901,38.98
730,25.5498,99.91,9.109,-93.594,-2.876,28.493,38.95,101.045,8.779,-94.61,-2.713,28.912,38.987
731,25.583,99.91,9.109,-93.927,-2.876,28.917,38.95,100.99,8.812,-95.382,-2.578,29.415,38.983
732,25.6153,99.91,9.109,-94.01,-2.876,29.087,38.95,101.003,8.928,-94.534,-2.619,27.606,38.99
733,25.6511,99.91,9.109,-94.26,-2.876,29.087,38.95,101.004,8.837,-95.497,-2.801,29.172,38.98
734,25.6826,99.91,9.109,-94.343,-2.876,28.917,38.95,100.964,8.805,-97.398,-2.516,32.739,38.976
735,25.7156,99.91,9.109,-94.343,-2.876,28.662,38.95,101.01,8.802,-96.419,-2.66,31.211,38.983
736,25.7504,99.819,9.109,-95.341,-2.876,29.172,38.95,101.208,8.944,-94.334,-2.939,27.033,38.99
737,25.7825,99.729,9.109,-96.09,-2.876,30.616,38.95,100.605,8.893,-98.52,-2.431,34.457,38.973
738,25.8162,99.729,9.109,-95.591,-2.876,31.21,38.95,101.211,8.78,-97.291,-2.803,32.416,38.979
739,25.8494,99.819,9.109,-95.008,-2.876,31.21,38.95,101.161,8.822,-97.528,-2.681,32.879,38.976
740,25.8826,99.819,9.109,-95.258,-2.876,31.805,38.95,101.15,8.733,-97.627,-2.877,32.572,38.977
741,25.9182,99.729,9.109,-96.173,-2.876,32.314,38.95,101.417,9.198,-94.587,-3.244,27.834,38.994
742,25.9494,99.729,9.109,-96.589,-2.876,32.314,38.95,101.407,9.17,-94.174,-3.43,27.13,38.996
743,25.9834,99.729,9.109,-96.506,-2.876,32.314,38.95,101.347,8.807,-94.63,-3.131,28.627,38.99
744,26.0177,99.729,9.109,-95.591,-2.95,31.04,38.95,101.362,8.835,-95.552,-3.365,29.778,38.986
745,26.0506,99.819,9.109,-95.092,-3.097,29.512,38.95,101.253,8.837,-96.681,-3.213,31.606,38.985
746,26.0843,99.819,9.109,-95.258,-3.097,29.257,38.95,101.304,8.852,-95.302,-3.403,29.497,38.983
747,26.1176,99.819,9.109,-95.507,-3.024,30.276,38.95,101.482,9.226,-93.552,-3.664,26.048,38.99
748,26.1512,99.819,9.109,-95.674,-3.024,31.125,38.95,101.381,8.92,-96.166,-3.401,30.414,38.99
749,26.1846,99.819,9.109,-95.175,-3.024,30.701,38.95,101.361,8.85,-96.255,-3.285,30.247,38.986
750,26.218,99.819,9.109,-94.343,-3.097,29.512,38.95,101.43,8.924,-95.339,-3.402,29.034,38.989
751,26.2516,99.819,9.109,-94.842,-3.171,29.172,38.95,101.196,8.867,-96.656,-3.201,30.945,38.985
752,26.2848,99.819,9.109,-95.507,-3.171,29.427,38.95,101.226,8.84,-94.645,-3.226,27.966,38.988
753,26.3184,99.819,9.109,-95.507,-3.097,29.766,38.95,101.29,8.862,-95.993,-3.5,30.928,38.979
754,26.3517,99.819,9.109,-95.507,-3.171,30.361,38.95,101.524,9.04,-93.812,-3.66,27.187,38.994
755,26.3854,99.819,9.109,-95.507,-3.171,30.446,38.95,101.584,8.98,-94.143,-3.826,27.632,38.989
756,26.4189,99.819,9.109,-95.507,-3.171,30.361,38.95,101.406,8.901,-94.957,-3.423,28.481,38.988
757,26.4522,99.819,9.109,-94.925,-3.245,29.427,38.95,101.564,8.843,-94.321,-3.729,28.767,38.987
758,26.4856,99.819,9.109,-94.759,-3.319,29.257,38.95,101.656,8.778,-96.204,-3.609,31.572,38.975
759,26.5195,99.819,9.109,-94.842,-3.392,29.427,38.95,101.403,8.779,-95.286,-3.541,30.045,38.981
760,26.5526,99.819,9.109,-94.842,-3.319,29.597,38.95,101.49,9.044,-91.977,-3.745,25.307,38.995
761,26.5859,99.819,9.109,-95.341,-3.319,30.531,38.95,101.436,9.439,-89.545,-4.0,21.118,38.995
762,26.6199,99.819,9.109,-95.175,-3.319,30.446,38.95,101.48,9.581,-89.982,-4.219,21.988,38.997
763,26.6536,99.91,9.109,-93.594,-3.466,28.917,38.95,101.054,9.05,-92.541,-3.33,26.21,38.999
764,26.6866,99.91,9.109,-91.764,-3.687,26.454,38.95,101.628,9.582,-90.208,-4.456,22.873,38.993
765,26.7198,99.91,9.109,-91.348,-3.835,24.501,38.95,101.423,8.997,-92.797,-3.871,26.796,38.991
766,26.7533,99.91,9.109,-91.597,-3.761,23.992,38.95,101.659,8.794,-95.003,-4.102,30.859,38.971
767,26.7869,99.91,9.109,-91.681,-3.835,24.671,38.95,101.568,9.448,-89.653,-4.518,23.108,38.991
768,26.82,99.91,9.109,-92.512,-4.13,26.624,38.95,101.295,9.26,-90.265,-3.955,22.926,38.993
769,26.8535,99.91,9.109,-93.428,-4.277,28.577,38.95,101.334,8.906,-91.987,-3.859,26.271,38.987
770,26.8872,99.91,9.109,-93.095,-4.277,29.257,38.95,101.57,9.36,-88.313,-4.54,20.255,38.989
771,26.9203,99.91,9.109,-91.93,-4.13,28.577,38.95,101.317,9.082,-90.885,-4.183,24.675,38.984
772,26.9538,99.91,9.109,-90.932,-4.056,26.794,38.95,101.66,9.655,-86.934,-4.659,19.38,38.994
773,26.9873,99.91,9.109,-89.767,-4.204,24.501,38.95,101.747,8.996,-90.767,-4.27,24.839,38.987
774,27.0206,99.91,9.109,-89.601,-4.277,22.718,38.95,101.557,9.525,-86.005,-4.546,18.321,38.992
775,27.0542,99.91,9.109,-89.601,-4.277,22.208,38.95,101.586,8.939,-92.007,-4.207,27.463,38.979
776,27.0882,99.91,9.109,-89.018,-4.13,22.548,38.95,101.561,9.327,-87.202,-4.582,20.635,38.988
777,27.1215,99.91,9.109,-87.687,-4.13,22.887,38.95,101.492,8.902,-91.098,-4.095,26.726,38.979
778,27.155,99.91,9.109,-87.604,-4.13,23.652,38.95,101.6,9.069,-89.893,-4.261,24.806,38.985
779,27.1883,99.91,9.109,-87.854,-4.204,24.416,38.95,101.399,9.317,-87.37,-4.362,20.575,38.99
780,27.2219,99.91,9.109,-88.519,-4.204,25.605,38.95,101.445,8.938,-90.78,-4.222,25.976,38.979
781,27.2553,99.91,9.109,-88.602,-4.13,25.52,38.95,101.147,9.247,-87.438,-4.104,22.502,38.991
782,27.2887,99.91,9.109,-88.02,-4.13,24.756,38.95,101.416,9.057,-87.318,-4.406,22.121,38.987
783,27.3219,99.91,9.109,-87.77,-4.13,24.246,38.95,101.556,9.505,-84.928,-4.83,17.675,38.993
784,27.3561,99.91,9.109,-87.77,-4.13,23.652,38.95,101.056,9.115,-88.141,-4.267,24.132,38.981
785,27.389,99.91,9.109,-87.521,-4.204,22.887,38.95,101.414,9.366,-86.607,-4.399,19.994,38.994
786,27.4229,99.91,9.109,-86.273,-4.499,21.699,38.95,101.376,9.728,-84.262,-5.062,18.524,38.988
787,27.456,99.91,9.109,-86.106,-4.572,21.444,38.95,100.972,9.648,-82.765,-4.257,15.896,38.992
788,27.4892,99.91,9.109,-86.273,-4.499,20.849,38.95,100.997,9.057,-87.763,-4.018,22.985,38.983
789,27.524,99.91,9.177,-85.607,-4.277,19.406,38.95,101.314,10.389,-80.727,-5.303,12.726,38.993
790,27.5566,99.91,9.177,-84.276,-4.277,18.047,38.95,100.832,9.481,-83.948,-4.379,17.42,38.987
791,27.5899,99.91,9.177,-83.278,-4.351,17.452,38.95,100.861,9.444,-84.481,-4.425,19.373,38.984
792,27.6232,99.91,9.177,-82.363,-4.794,16.518,38.95,100.699,9.096,-86.605,-3.865,22.103,38.985
793,27.6564,99.91,9.177,-82.446,-4.941,16.773,38.95,101.093,8.972,-88.367,-4.115,25.411,38.982
794,27.6903,99.91,9.177,-83.86,-4.572,18.386,38.95,101.057,9.194,-84.612,-4.531,19.796,38.991
795,27.7238,99.91,9.177,-85.358,-4.13,20.934,38.95,100.97,9.595,-83.542,-4.818,18.026,38.989
796,27.7571,99.91,9.177,-86.439,-4.13,22.887,38.95,100.96,9.081,-86.792,-4.412,23.071,38.983
797,27.7907,99.91,9.177,-86.356,-4.425,23.482,38.95,101.056,9.139,-85.3,-4.663,21.849,38.986
798,27.824,99.91,9.177,-84.775,-4.499,23.227,38.95,101.26,9.276,-86.417,-4.702,20.378,38.983
799,27.8577,99.91,9.177,-84.193,-4.499,23.057,38.95,100.992,9.231,-86.457,-4.683,21.944,38.985
800,27.9856,99.91,9.177,-85.108,-4.351,22.293,38.95,101.381,9.3,-95.781,-2.378,31.068,38.999
801,27.9956,99.91,9.177,-85.607,-4.351,22.293,38.95,101.392,9.327,-95.659,-2.278,30.784,38.995
802,28.0297,99.91,9.177,-85.607,-4.351,22.378,38.95,101.482,9.362,-94.962,-2.18,29.369,38.988
803,28.0648,99.91,9.177,-86.772,-4.13,22.972,38.95,101.141,9.297,-96.281,-2.401,30.929,38.984
804,28.0983,99.91,9.177,-89.101,-3.319,25.35,38.95,101.168,9.32,-95.964,-2.342,30.489,38.981
805,28.1314,99.91,9.177,-91.681,-2.802,27.558,38.95,101.093,9.241,-97.216,-2.637,31.638,38.972
806,28.165,99.91,9.177,-93.428,-2.876,29.087,38.95,100.925,9.259,-97.801,-2.757,32.199,38.963
807,28.1982,99.91,9.177,-94.26,-3.097,29.766,38.95,101.167,9.222,-96.361,-2.516,30.253,38.963
808,28.232,99.819,9.177,-95.507,-3.097,30.786,38.95,100.876,9.238,-96.911,-2.802,30.397,38.952
809,28.2651,99.819,9.177,-95.84,-2.95,30.955,38.95,100.796,9.169,-97.482,-2.722,31.187,38.952
810,28.2985,99.819,9.177,-95.674,-2.876,30.701,38.95,100.642,9.241,-96.942,-2.801,30.832,38.956
811,28.332,99.729,9.177,-96.256,-2.876,30.955,38.95,101.15,9.216,-96.365,-2.889,29.343,38.945
812,28.3655,99.729,9.177,-96.423,-2.876,31.04,38.95,101.151,9.119,-95.417,-3.058,27.752,38.951
813,28.399,99.729,9.177,-96.256,-2.876,30.87,38.95,101.109,9.201,-97.585,-3.008,30.84,38.934
814,28.4324,99.729,9.177,-96.173,-2.876,29.851,38.95,100.89,9.248,-98.293,-3.208,31.328,38.933
815,28.4658,99.729,9.177,-96.09,-2.876,29.342,38.95,101.026,9.289,-99.198,-3.23,32.237,38.918
816,28.4994,99.729,9.177,-96.839,-2.876,30.106,38.95,100.939,9.099,-98.147,-3.188,30.547,38.92
817,28.5326,99.639,9.177,-97.754,-2.876,31.21,38.95,101.016,9.209,-98.79,-3.194,31.228,38.916
818,28.5661,99.639,9.177,-97.837,-2.876,31.38,38.95,100.929,9.214,-99.573,-3.357,32.066,38.906
819,28.5996,99.639,9.177,-97.837,-2.876,31.21,38.95,100.688,9.211,-99.819,-3.332,32.335,38.91
820,28.6334,99.639,9.177,-98.419,-2.876,31.55,38.95,100.861,9.354,-100.126,-3.392,33.337,38.9
821,28.667,99.549,9.177,-98.752,-2.876,31.975,38.95,100.936,9.396,-100.564,-3.476,34.325,38.886
822,28.7001,99.549,9.177,-98.918,-2.876,32.569,38.95,100.738,9.325,-100.502,-3.55,33.876,38.89
823,28.7341,99.549,9.177,-99.085,-2.876,33.333,38.95,100.705,9.331,-100.503,-3.516,34.3,38.887
824,28.767,99.549,9.177,-99.168,-3.097,33.418,38.95,100.755,9.311,-100.554,-3.478,33.622,38.888
825,28.8004,99.549,9.177,-99.251,-3.245,33.588,38.95,100.684,9.297,-100.508,-3.571,33.926,38.879
826,28.8338,99.549,9.177,-99.251,-3.245,33.673,38.95,100.578,9.29,-100.643,-3.522,33.608,38.884
827,28.8673,99.549,9.177,-99.251,-3.245,33.673,38.95,100.47,9.283,-100.423,-3.503,33.528,38.884
828,28.9007,99.549,9.177,-99.251,-3.171,33.673,38.95,100.543,9.419,-100.53,-3.442,34.615,38.868
829,28.934,99.549,9.177,-99.251,-3.171,33.673,38.95,100.458,9.267,-100.353,-3.554,34.275,38.87
830,28.9675,99.549,9.177,-99.251,-3.171,33.843,38.95,100.441,9.285,-100.447,-3.536,33.842,38.872
831,29.0008,99.549,9.177,-99.251,-3.171,34.183,38.95,100.406,9.341,-100.464,-3.498,34.271,38.871
832,29.0343,99.549,9.177,-99.251,-3.171,34.183,38.95,100.27,9.276,-100.404,-3.511,33.791,38.876
833,29.0677,99.549,9.177,-99.251,-3.171,34.183,38.95,100.366,9.246,-100.419,-3.601,34.137,38.863
834,29.1012,99.549,9.177,-99.251,-3.171,34.183,38.95,100.356,9.317,-100.419,-3.59,34.637,38.858
835,29.1347,99.549,9.177,-99.251,-3.171,34.183,38.95,100.348,9.275,-100.337,-3.597,34.3,38.861
836,29.1681,99.549,9.177,-99.251,-3.171,34.268,38.95,100.48,9.259,-100.468,-3.644,33.874,38.864
837,29.2016,99.549,9.177,-99.251,-3.171,34.268,38.95,100.187,9.378,-100.227,-3.585,34.94,38.856
838,29.2352,99.549,9.177,-99.251,-3.171,34.268,38.95,100.394,9.246,-100.294,-3.738,34.689,38.849
839,29.2686,99.549,9.177,-99.251,-3.171,34.437,38.95,100.524,9.282,-100.517,-3.777,34.785,38.843
840,29.3018,99.549,9.177,-99.251,-3.171,34.692,38.95,100.465,9.202,-100.417,-3.801,34.517,38.848
841,29.3358,99.549,9.177,-99.251,-3.466,34.692,38.95,100.391,9.158,-100.281,-3.89,34.361,38.853
842,29.3688,99.549,9.177,-99.251,-3.614,34.692,38.95,100.39,9.041,-100.287,-3.922,33.84,38.85
843,29.4025,99.549,9.177,-99.251,-3.54,34.692,38.95,100.561,9.118,-100.535,-3.841,34.182,38.843
844,29.4358,99.549,9.177,-99.251,-3.466,34.692,38.95,100.425,9.083,-100.449,-3.997,33.968,38.846
845,29.469,99.549,9.177,-99.251,-3.466,34.692,38.95,100.428,9.121,-100.385,-3.999,34.457,38.84
846,29.5038,99.549,9.177,-99.251,-3.466,34.692,38.95,100.438,9.082,-100.425,-3.98,34.512,38.835
847,29.5362,99.549,9.177,-99.251,-3.466,34.692,38.95,100.57,8.991,-100.359,-4.127,33.986,38.841
848,29.5696,99.549,9.177,-99.251,-3.466,34.692,38.95,100.591,9.086,-100.474,-4.075,34.62,38.833
849,29.6034,99.549,9.177,-99.251,-3.466,34.692,38.95,100.393,9.123,-100.321,-3.994,34.737,38.837
850,29.6365,99.549,9.177,-99.251,-3.466,34.777,38.95,100.491,9.09,-100.479,-4.077,34.489,38.834
851,29.6699,99.549,9.177,-99.251,-3.466,34.777,38.95,100.517,9.097,-100.255,-4.047,35.007,38.827
852,29.7034,99.549,9.177,-99.251,-3.466,34.777,38.95,100.495,9.079,-100.389,-4.027,34.485,38.83
853,29.7368,99.549,9.177,-99.251,-3.466,34.862,38.95,100.527,9.047,-100.317,-4.1,34.9,38.825
854,29.7701,99.549,9.177,-99.251,-3.466,34.862,38.95,100.737,8.979,-100.474,-4.242,34.467,38.828
855,29.8035,99.549,9.177,-99.251,-3.466,34.862,38.95,100.807,8.981,-100.496,-4.238,34.714,38.821
856,29.8372,99.549,9.177,-99.251,-3.614,34.862,38.95,100.622,9.066,-100.439,-4.131,34.636,38.826
857,29.8706,99.549,9.177,-99.251,-3.909,34.862,38.95,100.758,8.954,-100.362,-4.234,34.814,38.821
858,29.9039,99.549,9.177,-99.251,-3.982,34.862,38.95,100.904,8.999,-100.552,-4.279,35.165,38.808
859,29.9371,99.549,9.177,-99.251,-3.909,34.862,38.95,100.782,8.972,-100.412,-4.215,34.956,38.816
860,29.9714,99.549,9.177,-99.251,-3.835,34.862,38.95,100.833,8.942,-100.641,-4.243,34.657,38.823
861,30.004,99.549,9.177,-99.251,-3.835,34.862,38.95,100.735,8.907,-100.466,-4.315,34.417,38.827
862,30.0379,99.549,9.177,-99.251,-3.909,34.862,38.95,100.883,8.865,-100.531,-4.386,34.511,38.824
863,30.0717,99.549,9.177,-99.251,-3.835,34.862,38.95,100.477,9.067,-100.476,-4.179,34.512,38.834
864,30.1037,99.549,9.177,-99.251,-3.835,34.862,38.95,101.125,8.801,-100.479,-4.585,34.578,38.815
865,30.1382,99.549,9.177,-99.251,-3.835,34.862,38.95,100.878,8.974,-100.557,-4.371,35.034,38.814
866,30.1712,99.549,9.177,-99.251,-3.982,34.862,38.95,101.112,8.903,-100.56,-4.522,35.761,38.8
867,30.2048,99.549,9.177,-99.251,-4.204,34.862,38.95,101.05,8.856,-100.714,-4.616,34.901,38.812
868,30.2384,99.549,9.177,-99.251,-4.277,35.202,38.95,100.912,8.932,-100.672,-4.446,35.168,38.815
869,30.2718,99.549,9.177,-99.251,-4.277,35.202,38.95,100.931,8.933,-100.662,-4.436,35.134,38.807
870,30.3048,99.549,9.177,-99.251,-4.13,35.202,38.95,101.153,8.779,-100.537,-4.607,34.496,38.814
871,30.3386,99.549,9.177,-99.251,-4.13,35.202,38.95,100.955,8.875,-100.747,-4.577,35.312,38.807
872,30.3718,99.549,9.177,-99.251,-4.204,35.202,38.95,101.162,8.863,-100.831,-4.62,34.986,38.806
873,30.4057,99.549,9.177,-99.251,-4.204,35.287,38.95,101.218,8.895,-100.845,-4.701,35.396,38.799
874,30.4394,99.549,9.177,-99.251,-4.204,35.372,38.95,101.203,8.852,-100.918,-4.664,34.876,38.808
875,30.4725,99.549,9.177,-99.251,-4.204,35.372,38.95,101.349,8.881,-101.045,-4.665,35.871,38.795
876,30.506,99.549,9.177,-99.251,-4.204,35.372,38.95,101.273,8.851,-100.918,-4.7,35.398,38.804
877,30.5392,99.549,9.177,-99.251,-4.204,35.456,38.95,101.273,8.899,-100.931,-4.62,35.871,38.794
878,30.5726,99.549,9.177,-99.251,-4.204,35.541,38.95,101.297,8.888,-101.069,-4.607,35.656,38.797
879,30.6063,99.549,9.177,-99.251,-4.204,35.541,38.95,101.191,8.875,-100.944,-4.626,34.954,38.808
880,30.6395,99.549,9.177,-99.251,-4.204,35.541,38.95,101.263,8.857,-101.032,-4.75,35.969,38.794
881,30.673,99.549,9.177,-99.251,-4.204,35.541,38.95,101.292,8.849,-101.015,-4.609,35.737,38.806
882,30.7065,99.549,9.177,-99.251,-4.204,35.626,38.95,101.371,8.84,-101.054,-4.702,35.467,38.8
883,30.7399,99.549,9.177,-99.251,-4.204,35.711,38.95,101.399,8.782,-100.987,-4.823,35.393,38.801
884,30.7733,99.549,9.177,-99.251,-4.204,35.711,38.95,101.34,8.793,-101.097,-4.796,36.132,38.797
885,30.8068,99.549,9.177,-99.251,-4.204,35.711,38.95,101.178,8.854,-100.978,-4.665,35.556,38.806
886,30.8402,99.549,9.177,-99.251,-4.204,35.711,38.95,101.449,8.694,-100.978,-4.924,35.652,38.799
887,30.8739,99.549,9.177,-99.251,-4.351,35.711,38.95,101.239,8.844,-100.861,-4.661,35.133,38.81
888,30.9102,99.549,9.177,-99.251,-4.351,35.711,38.95,101.302,8.865,-101.121,-4.677,35.871,38.797
889,30.9434,99.549,9.177,-99.251,-4.351,35.711,38.95,101.372,8.678,-100.9,-5.001,35.095,38.803
890,30.9774,99.549,9.177,-99.251,-4.351,35.711,38.95,101.22,8.805,-101.014,-4.833,35.252,38.806
891,31.0072,99.549,9.177,-99.251,-4.351,35.711,38.95,101.298,8.762,-100.886,-4.812,35.841,38.801
892,31.0409,99.549,9.109,-99.251,-4.351,35.711,38.95,101.149,8.838,-100.848,-4.669,35.718,38.808
893,31.0742,99.549,9.042,-99.251,-4.351,35.711,38.95,101.544,8.797,-101.155,-4.753,36.293,38.795
894,31.1081,99.549,9.042,-99.251,-4.351,35.711,38.95,101.585,8.73,-101.171,-4.905,36.24,38.796
895,31.141,99.549,9.042,-99.251,-4.351,35.796,38.95,101.432,8.7,-100.967,-4.961,36.119,38.799
896,31.1753,99.549,9.042,-99.251,-4.351,36.051,38.95,101.512,8.752,-101.248,-4.905,36.393,38.793
897,31.2081,99.549,8.974,-99.251,-4.351,36.051,38.95,101.577,8.697,-101.077,-5.021,36.178,38.798
898,31.2421,99.549,8.974,-99.251,-4.351,36.051,38.95,101.457,8.744,-101.079,-4.851,36.243,38.793
899,31.275,99.549,8.974,-99.251,-4.351,36.051,38.95,101.486,8.727,-101.113,-4.959,36.869,38.794
900,31.401,99.549,8.974,-99.251,-4.351,36.051,38.95,101.537,9.602,-98.907,-2.824,37.575,38.998
901,31.4114,99.549,8.974,-99.251,-4.351,36.561,38.95,101.433,9.505,-99.188,-2.909,37.676,38.992
902,31.4446,99.549,8.974,-99.251,-4.351,36.645,38.95,101.61,9.473,-98.805,-2.873,36.439,38.987
903,31.4803,99.549,8.974,-99.251,-4.277,37.07,38.95,101.221,9.248,-99.907,-3.239,37.729,38.975
904,31.5138,99.549,8.974,-99.168,-3.614,37.155,38.95,101.21,9.245,-99.403,-3.147,36.86,38.974
905,31.5478,99.549,8.974,-99.251,-3.392,37.07,38.95,101.089,9.059,-100.074,-3.516,37.073,38.958
906,31.5817,99.549,8.974,-99.334,-3.54,37.325,38.95,100.712,8.997,-100.291,-3.72,37.096,38.941
907,31.6137,99.549,8.974,-99.334,-3.687,37.325,38.95,101.094,9.033,-99.377,-3.485,35.909,38.955
908,31.648,99.549,8.974,-99.418,-3.614,37.325,38.95,100.916,9.041,-98.906,-3.681,34.651,38.944
909,31.6804,99.549,8.974,-99.334,-3.466,37.325,38.95,100.769,8.959,-98.909,-3.634,34.753,38.938
910,31.7138,99.549,8.974,-99.334,-3.466,36.476,38.95,100.651,9.007,-99.075,-3.661,35.16,38.943
911,31.748,99.549,8.974,-99.251,-3.466,36.136,38.95,101.198,9.055,-98.028,-3.978,32.783,38.932
912,31.7816,99.549,8.974,-99.251,-3.466,36.136,38.95,101.368,10.196,-95.565,-4.183,29.296,38.942
913,31.8148,99.549,8.974,-99.168,-3.466,35.711,38.95,101.382,9.17,-97.606,-3.995,32.104,38.918
914,31.8481,99.549,8.974,-98.17,-3.54,34.013,38.95,101.327,9.421,-97.409,-4.267,30.958,38.924
915,31.8817,99.639,9.042,-97.171,-3.761,32.229,38.95,101.462,9.172,-97.756,-4.251,31.23,38.909
916,31.9149,99.639,9.042,-97.088,-3.835,31.805,38.95,101.222,10.811,-95.185,-4.337,28.194,38.907
917,31.9488,99.639,9.042,-97.338,-3.835,31.89,38.95,101.475,9.563,-96.943,-4.314,30.106,38.9
918,31.9819,99.639,9.042,-97.255,-3.687,31.55,38.95,101.342,10.404,-95.994,-4.549,28.357,38.887
919,32.0154,99.639,9.042,-96.423,-3.761,30.531,38.95,101.154,10.017,-96.691,-4.554,28.887,38.89
920,32.0489,99.729,9.042,-96.173,-3.982,30.021,38.95,101.504,9.889,-97.02,-4.6,28.927,38.892
921,32.0821,99.729,9.042,-96.256,-4.204,29.936,38.95,101.547,9.186,-98.632,-4.594,31.232,38.873
922,32.1158,99.729,9.177,-96.256,-4.277,29.936,38.95,101.364,10.572,-97.037,-4.846,28.649,38.874
923,32.1492,99.729,9.244,-96.755,-4.277,30.021,38.95,101.411,10.493,-97.084,-4.916,28.855,38.875
924,32.1821,99.639,9.244,-97.421,-4.204,30.701,38.95,101.34,10.873,-95.941,-4.849,27.717,38.876
925,32.2158,99.639,9.244,-97.171,-4.351,30.616,38.95,101.424,12.005,-95.164,-5.221,26.199,38.874
926,32.2492,99.639,9.514,-96.755,-4.499,29.512,38.95,101.291,11.293,-95.247,-4.982,25.546,38.869
927,32.2826,99.729,10.054,-96.173,-4.499,28.493,38.95,101.309,12.062,-95.1,-5.128,26.432,38.877
928,32.3165,99.729,10.594,-95.757,-4.572,27.643,38.95,101.51,10.152,-97.74,-4.911,29.555,38.865
929,32.3496,99.729,10.999,-95.674,-4.572,27.473,38.95,101.245,12.101,-95.457,-5.273,26.042,38.862
930,32.3831,99.729,11.269,-95.757,-4.572,27.558,38.95,101.322,12.411,-94.792,-5.286,25.689,38.868
931,32.4164,99.729,11.269,-96.506,-4.646,28.408,38.95,101.298,11.43,-95.909,-5.143,26.51,38.866
932,32.4497,99.729,11.471,-96.506,-4.794,28.408,38.95,101.163,12.465,-94.612,-5.2,24.467,38.87
933,32.4832,99.729,11.741,-95.757,-4.794,27.728,38.95,101.231,12.458,-95.317,-5.403,25.43,38.861
934,32.5171,99.729,11.808,-95.341,-4.794,27.049,38.95,101.311,10.387,-97.398,-5.064,28.757,38.855
935,32.5508,99.729,11.943,-95.341,-4.794,26.285,38.95,101.315,10.684,-97.027,-5.051,28.863,38.86
936,32.5849,99.729,12.011,-95.591,-4.794,26.454,38.95,101.266,12.657,-94.115,-5.453,24.358,38.865
937,32.6174,99.729,12.011,-96.173,-4.794,27.643,38.95,101.2,10.144,-97.902,-4.945,29.631,38.854
938,32.651,99.729,12.011,-96.173,-4.72,28.153,38.95,101.242,11.704,-96.301,-5.307,27.205,38.855
939,32.686,99.819,11.673,-95.175,-4.794,28.238,38.95,101.391,10.046,-96.972,-5.079,28.466,38.848
940,32.7194,99.819,11.134,-94.925,-4.794,28.238,38.95,101.223,11.096,-96.22,-5.186,27.422,38.853
941,32.7527,99.819,10.796,-95.674,-4.794,28.238,38.95,101.135,13.806,-93.201,-5.745,23.456,38.864
942,32.7858,99.729,10.661,-96.007,-4.794,28.153,38.95,101.102,14.769,-92.046,-5.953,22.106,38.865
943,32.8199,99.729,10.661,-95.424,-4.867,27.813,38.95,101.043,13.511,-92.182,-5.691,22.997,38.859
944,32.8528,99.819,10.661,-94.176,-5.236,26.285,38.95,100.989,13.103,-92.76,-5.628,23.427,38.858
945,32.8868,99.91,10.999,-93.261,-5.531,24.671,38.95,101.117,12.336,-93.882,-5.56,25.18,38.854
946,32.9211,99.91,11.808,-93.261,-5.605,24.416,38.95,101.007,13.925,-91.991,-5.904,22.246,38.857
947,32.954,99.91,12.348,-93.261,-5.383,24.841,38.95,100.997,14.835,-90.712,-6.101,20.708,38.856
948,32.987,99.91,12.686,-93.261,-5.236,25.18,38.95,101.078,13.418,-92.983,-5.782,23.935,38.858
949,33.0213,99.91,13.158,-92.679,-5.383,24.331,38.95,101.138,12.521,-94.676,-5.616,25.436,38.854
950,33.0547,99.91,13.63,-91.847,-5.605,23.057,38.95,101.136,12.471,-93.788,-5.711,24.392,38.849
951,33.0878,99.91,13.968,-92.18,-5.678,22.718,38.95,101.093,11.796,-95.454,-5.489,26.831,38.849
952,33.1208,99.91,14.035,-93.178,-5.605,23.397,38.95,101.005,12.238,-93.213,-5.654,24.169,38.848
953,33.1547,99.91,14.035,-93.927,-5.457,24.586,38.95,101.026,13.153,-92.767,-5.812,24.106,38.85
954,33.1878,99.91,13.968,-94.01,-5.457,25.69,38.95,101.022,14.292,-90.713,-6.151,21.059,38.852
955,33.2212,99.91,13.495,-93.511,-5.605,25.69,38.95,101.048,13.059,-92.326,-6.006,23.212,38.848
956,33.2548,99.91,13.023,-92.845,-5.605,24.416,38.95,101.067,12.879,-92.832,-5.806,23.456,38.851
957,33.2885,99.91,12.955,-92.097,-5.605,23.227,38.95,101.077,13.455,-91.653,-6.084,22.901,38.849
958,33.3213,99.91,12.955,-91.93,-5.531,23.142,38.95,101.105,11.94,-93.842,-5.899,25.68,38.839
959,33.3554,99.91,12.955,-92.18,-5.531,23.482,38.95,101.001,12.387,-92.61,-5.756,24.126,38.845
960,33.3886,99.91,12.955,-92.263,-5.531,23.737,38.95,100.899,14.092,-89.829,-6.051,20.934,38.85
961,33.4219,99.91,12.955,-92.596,-5.531,24.501,38.95,100.974,14.79,-89.527,-6.292,19.515,38.849
962,33.4551,99.91,12.955,-92.346,-5.531,24.501,38.95,100.944,15.214,-88.523,-6.353,19.863,38.85
963,33.4884,99.91,12.955,-91.265,-5.678,23.057,38.95,100.953,13.037,-90.992,-5.727,21.917,38.855
964,33.5216,99.91,12.955,-90.266,-5.826,21.699,38.95,100.972,16.44,-86.738,-6.812,17.601,38.849
965,33.5553,99.91,12.955,-89.85,-5.826,21.529,38.95,101.041,12.659,-91.876,-6.057,23.391,38.843
966,33.5888,99.91,13.225,-89.933,-5.9,21.953,38.95,101.036,13.309,-91.209,-6.355,24.353,38.839
967,33.6217,99.91,13.833,-90.017,-6.342,22.293,38.95,100.947,14.841,-87.854,-6.392,20.151,38.848
968,33.6561,99.91,14.17,-90.433,-6.49,23.227,38.95,100.944,14.082,-89.049,-6.249,20.375,38.845
969,33.6889,99.91,14.305,-90.349,-6.268,23.397,38.95,100.912,13.184,-89.03,-6.236,20.714,38.838
970,33.7222,99.91,14.372,-89.601,-6.121,22.463,38.95,100.799,16.022,-85.518,-6.797,16.398,38.847
971,33.7561,99.91,14.372,-89.351,-6.121,21.783,38.95,100.825,15.668,-85.597,-6.593,17.408,38.839
972,33.7893,99.91,14.305,-89.268,-6.195,21.614,38.95,100.942,15.173,-86.848,-6.539,18.582,38.846
973,33.8228,99.91,14.17,-87.937,-6.342,20.425,38.95,101.091,14.106,-88.049,-6.64,20.133,38.84
974,33.8563,99.91,13.968,-86.772,-6.416,19.406,38.95,100.85,15.315,-84.64,-6.597,16.74,38.843
975,33.8893,99.91,13.968,-87.354,-6.342,19.575,38.95,100.975,13.782,-88.003,-6.462,20.922,38.838
976,33.9227,99.91,13.968,-87.937,-6.342,20.085,38.95,100.934,14.398,-86.639,-6.667,19.185,38.84
977,33.9561,99.91,13.968,-87.271,-6.268,20.17,38.95,100.916,12.846,-88.582,-6.327,22.133,38.839
978,33.9914,99.91,14.035,-87.022,-6.416,20.425,38.95,100.809,14.449,-85.079,-6.47,17.941,38.84
979,34.0234,99.91,14.103,-87.022,-6.416,20.085,38.95,100.764,14.528,-85.543,-6.454,17.616,38.846
980,34.057,99.91,14.103,-87.105,-6.268,20.085,38.95,100.905,13.418,-88.11,-6.548,21.147,38.837
981,34.0908,99.91,14.103,-86.772,-6.268,19.406,38.95,100.68,14.006,-84.825,-6.382,18.455,38.843
982,34.1242,99.91,14.17,-86.356,-6.342,19.151,38.95,100.769,13.691,-86.261,-6.468,19.774,38.845
983,34.1573,99.91,14.17,-86.273,-6.268,19.66,38.95,100.793,15.385,-83.809,-6.982,16.653,38.84
984,34.1908,99.91,14.103,-85.857,-6.268,19.66,38.95,100.721,14.573,-84.45,-6.584,18.316,38.835
985,34.2229,99.91,14.103,-85.691,-6.342,19.575,38.95,100.885,14.283,-85.727,-6.563,18.227,38.84
986,34.2559,99.91,14.103,-85.358,-6.49,18.726,38.95,100.595,16.274,-81.131,-7.044,15.073,38.838
987,34.2892,99.91,14.103,-85.358,-6.563,18.641,38.95,100.687,14.996,-82.405,-6.437,15.097,38.838
988,34.3231,99.91,14.103,-85.441,-6.49,18.726,38.95,100.763,12.98,-86.522,-6.375,20.07,38.837
989,34.3566,99.91,14.44,-84.692,-6.49,17.622,38.95,100.751,15.694,-83.664,-7.057,16.677,38.839
990,34.3899,99.91,14.575,-83.694,-6.49,16.858,38.95,100.788,14.674,-83.685,-6.594,16.327,38.835
991,34.4234,99.91,14.575,-83.611,-6.563,17.028,38.95,100.565,14.787,-82.735,-6.51,16.471,38.837
992,34.4566,99.91,14.575,-83.611,-6.637,16.943,38.95,100.575,13.116,-84.44,-6.221,18.032,38.839
993,34.4894,99.91,14.575,-83.527,-6.563,16.943,38.95,100.34,13.37,-83.715,-6.346,18.756,38.843
994,34.5229,99.91,14.575,-83.444,-6.563,17.197,38.95,100.473,14.454,-81.88,-6.654,16.519,38.842
995,34.5562,99.91,14.507,-83.777,-6.563,17.962,38.95,100.264,14.947,-81.506,-6.681,16.331,38.847
996,34.5901,99.91,14.507,-83.361,-6.563,17.962,38.95,100.545,13.543,-83.677,-6.442,18.158,38.842
997,34.6228,99.91,14.44,-82.529,-6.563,17.452,38.95,100.622,14.447,-82.295,-6.691,17.652,38.839
998,34.6564,99.91,14.17,-82.446,-6.563,17.537,38.95,100.569,14.334,-83.558,-6.704,17.42,38.84
999,34.6908,99.91,14.103,-82.945,-6.563,17.962,38.95,100.35,14.661,-82.477,-6.732,17.794,38.845
1000,34.8166,99.91,14.103,-83.111,-6.563,17.962,38.95,102.393,11.74,-91.248,-3.15,28.394,39.101
1001,34.8266,99.91,14.103,-82.696,-6.563,17.962,38.95,102.007,11.449,-91.798,-3.223,29.076,39.098
1002,34.8613,99.91,14.103,-82.696,-6.563,17.962,38.95,102.277,11.583,-90.735,-3.227,27.382,39.098
1003,34.8958,99.91,14.103,-83.361,-6.416,18.896,38.95,101.506,11.487,-92.101,-3.482,29.558,39.09
1004,34.9291,99.91,14.103,-85.275,-5.162,21.359,38.95,101.814,11.906,-90.879,-3.499,27.836,39.089
1005,34.9625,99.91,13.9,-87.77,-4.13,24.246,38.95,101.76,12.47,-91.184,-3.868,28.274,39.076
1006,34.9962,99.91,13.023,-89.684,-4.425,26.709,38.95,101.391,11.856,-91.729,-4.134,28.137,39.066
1007,35.0304,99.91,12.483,-90.017,-4.72,27.389,38.95,101.914,12.969,-89.446,-3.795,26.264,39.074
1008,35.0633,99.91,12.213,-90.183,-4.425,27.389,38.95,102.203,14.985,-86.743,-3.969,22.989,39.058
1009,35.0963,99.91,12.213,-90.433,-4.204,27.304,38.95,101.833,14.144,-88.409,-3.867,24.588,39.046
1010,35.1303,99.91,12.213,-89.684,-4.351,26.285,38.95,102.215,14.905,-86.595,-4.078,22.246,39.055
1011,35.1631,99.91,12.213,-87.937,-4.499,24.926,38.95,102.835,15.651,-85.602,-4.006,21.938,39.045
1012,35.1967,99.91,12.888,-87.354,-4.572,24.246,38.95,102.998,19.351,-80.923,-4.726,16.572,39.042
1013,35.2298,99.91,13.63,-87.271,-4.499,23.652,38.95,102.771,16.982,-85.42,-3.795,23.299,39.031
1014,35.2634,99.91,14.305,-86.273,-4.351,22.887,38.95,102.548,17.41,-84.725,-4.208,21.276,39.032
1015,35.2967,99.91,15.182,-84.027,-4.351,21.529,38.95,102.527,16.728,-86.945,-3.877,23.677,39.007
1016,35.3302,99.91,15.857,-83.527,-4.425,21.444,38.95,102.578,20.153,-81.734,-4.369,17.399,38.995
1017,35.3638,99.91,16.329,-84.276,-4.277,22.293,38.95,102.486,18.409,-84.269,-4.252,21.218,39.001
1018,35.3973,99.91,16.734,-85.358,-4.204,23.057,38.95,102.547,20.565,-81.38,-4.35,17.599,38.988
1019,35.4304,99.91,17.206,-85.607,-4.204,22.718,38.95,102.256,18.38,-84.529,-4.533,19.994,38.985
1020,35.4639,99.91,17.679,-84.775,-4.204,21.359,38.95,102.401,18.701,-85.68,-4.282,22.195,38.992
1021,35.4983,99.91,18.219,-83.028,-4.204,19.83,38.95,102.225,17.143,-88.373,-4.154,25.759,38.976
1022,35.5343,99.91,18.556,-82.612,-4.204,19.66,38.95,102.232,19.774,-85.748,-4.612,22.164,38.976
1023,35.5655,99.91,18.623,-84.027,-4.204,20.934,38.95,102.42,20.334,-84.532,-4.692,21.246,38.968
1024,35.5991,99.91,18.623,-85.774,-4.204,22.887,38.95,102.357,20.166,-83.007,-4.593,19.613,38.975
1025,35.6319,99.91,18.623,-86.606,-4.277,24.076,38.95,102.453,22.335,-81.793,-5.413,17.495,38.964
1026,35.6658,99.91,18.691,-86.356,-4.425,23.822,38.95,102.262,19.826,-82.932,-4.83,17.394,38.961
1027,35.6989,99.91,19.231,-84.526,-4.499,22.208,38.95,102.404,22.885,-79.947,-5.516,15.246,38.97
1028,35.7323,99.91,19.838,-83.028,-4.72,20.425,38.95,102.454,21.219,-83.156,-4.902,19.764,38.964
1029,35.7659,99.91,20.445,-82.862,-4.794,18.896,38.95,102.136,22.658,-81.168,-5.06,16.276,38.959
1030,35.7996,99.91,21.12,-82.945,-4.867,17.707,38.95,102.308,22.641,-79.761,-5.523,15.259,38.966
1031,35.8328,99.91,21.66,-82.363,-4.794,17.622,38.95,102.285,21.992,-80.257,-5.233,15.078,38.964
1032,35.8661,99.91,21.997,-80.865,-4.794,17.197,38.95,102.262,23.007,-79.488,-5.364,13.536,38.96
1033,35.8997,99.91,22.065,-80.532,-4.794,16.688,38.95,102.198,23.739,-79.181,-5.671,13.708,38.95
1034,35.9329,99.91,21.997,-80.616,-4.794,15.924,38.95,102.179,21.946,-80.684,-5.113,16.877,38.945
1035,35.9662,99.91,21.997,-80.116,-4.867,15.159,38.95,102.303,22.793,-79.477,-5.41,15.528,38.959
1036,35.9996,99.91,21.997,-80.033,-5.088,15.414,38.95,102.216,23.865,-77.372,-5.682,12.353,38.951
1037,36.0343,99.91,21.997,-80.2,-5.162,16.263,38.95,102.167,20.708,-83.659,-4.745,20.016,38.956
1038,36.0666,99.91,22.065,-79.617,-5.162,16.348,38.95,102.11,24.154,-76.852,-5.631,12.895,38.945
1039,36.1,99.91,22.402,-78.453,-5.015,15.839,38.95,101.867,20.882,-79.583,-4.928,16.641,38.947
1040,36.1333,99.91,22.74,-77.953,-4.941,15.414,38.95,101.856,22.433,-79.141,-5.278,15.283,38.946
1041,36.1673,99.91,23.144,-77.87,-5.162,14.565,38.95,101.992,25.896,-74.85,-6.14,9.929,38.942
1042,36.2004,99.91,23.347,-78.369,-5.383,14.65,38.95,101.82,27.214,-71.89,-6.722,6.752,38.95
1043,36.2341,99.91,23.347,-78.369,-5.383,15.159,38.95,101.465,25.702,-72.535,-5.958,8.743,38.944
1044,36.2676,99.91,23.617,-76.622,-5.678,14.735,38.95,101.303,24.699,-73.259,-5.929,9.756,38.938
1045,36.3008,99.91,24.157,-74.542,-6.121,13.121,38.95,101.614,24.248,-74.56,-5.913,11.145,38.941
1046,36.3343,99.91,24.629,-73.627,-6.121,11.423,38.95,101.153,25.126,-72.324,-6.248,8.563,38.941
1047,36.3675,99.91,24.899,-74.043,-6.047,11.083,38.95,101.255,26.64,-71.075,-6.317,6.226,38.934
1048,36.4021,99.91,24.899,-74.21,-5.826,11.338,38.95,101.269,24.721,-73.54,-6.018,10.14,38.945
1049,36.434,99.91,24.899,-73.295,-5.826,10.998,38.95,101.551,25.362,-73.334,-5.927,9.135,38.937
1050,36.4682,99.91,24.966,-72.047,-5.9,9.809,38.95,101.658,25.053,-73.773,-5.977,8.924,38.926
1051,36.5024,99.91,24.966,-72.13,-5.9,9.724,38.95,101.384,24.381,-74.813,-5.706,10.671,38.941
1052,36.5349,99.91,24.966,-72.962,-5.9,9.809,38.95,101.132,24.4,-71.887,-5.831,7.456,38.927
1053,36.5685,99.91,24.966,-73.378,-5.826,9.894,38.95,101.162,24.711,-73.146,-6.093,9.516,38.931
1054,36.602,99.91,24.899,-73.71,-5.826,10.234,38.95,100.715,26.405,-69.503,-6.461,5.726,38.932
1055,36.6351,99.91,24.899,-73.544,-5.826,10.149,38.95,100.937,26.495,-69.629,-6.466,5.778,38.928
1056,36.6695,99.91,24.899,-72.962,-5.826,9.724,38.95,100.855,24.758,-71.123,-6.015,6.742,38.933
1057,36.7018,99.91,24.899,-71.547,-5.826,8.28,38.95,100.702,25.476,-69.422,-6.359,5.992,38.933
1058,36.7356,99.819,25.371,-70.799,-5.9,7.686,38.95,100.489,23.771,-71.932,-6.125,10.046,38.932
1059,36.7688,99.819,25.709,-70.799,-5.9,7.516,38.95,100.508,24.167,-70.965,-5.817,8.445,38.935
1060,36.8028,99.819,25.709,-70.632,-5.826,7.346,38.95,100.218,25.625,-67.961,-6.2,4.797,38.933
1061,36.8358,99.819,25.709,-70.549,-5.826,7.771,38.95,100.067,26.938,-65.725,-6.55,1.116,38.927
1062,36.8694,99.819,25.709,-70.383,-5.9,8.11,38.95,100.233,27.761,-65.82,-6.834,2.003,38.933
1063,36.9027,99.729,25.371,-69.135,-5.826,7.006,38.95,100.972,24.397,-69.342,-5.819,5.816,38.934
1064,36.9363,99.549,25.169,-67.471,-6.047,5.053,38.95,99.82,28.142,-65.501,-7.007,1.338,38.931
1065,36.97,99.549,25.169,-67.388,-6.195,3.779,38.95,100.61,24.008,-70.74,-6.18,7.932,38.928
1066,37.0033,99.549,25.169,-68.053,-6.268,3.27,38.95,99.8,24.527,-70.004,-6.374,9.506,38.939
1067,37.0371,99.549,25.169,-68.636,-6.195,3.185,38.95,99.26,27.759,-63.226,-6.713,1.328,38.939
1068,37.0715,99.639,25.169,-69.551,-6.195,4.544,38.95,100.229,25.14,-68.54,-6.32,4.505,38.92
1069,37.1038,99.729,25.101,-70.05,-6.195,6.582,38.95,99.687,24.804,-65.539,-6.348,3.209,38.926
1070,37.1372,99.729,25.034,-68.636,-6.121,7.856,38.95,99.017,27.866,-62.158,-7.062,-1.623,38.927
1071,37.1707,99.458,25.034,-65.89,-6.195,7.686,38.95,99.457,26.578,-65.152,-6.638,2.783,38.925
1072,37.2041,99.368,25.034,-65.641,-6.195,5.902,38.95,99.329,27.091,-62.693,-6.953,-0.563,38.929
1073,37.2372,99.368,25.034,-65.308,-6.416,3.1,38.95,99.638,25.032,-66.259,-6.632,4.369,38.93
1074,37.2708,99.368,25.101,-64.725,-6.563,1.231,38.95,98.916,27.629,-60.563,-6.759,-1.707,38.926
1075,37.3041,99.278,25.641,-63.727,-6.637,0.892,38.95,99.32,23.849,-67.778,-6.201,6.778,38.922
1076,37.3373,99.278,26.181,-63.81,-6.637,1.571,38.95,99.178,25.688,-63.974,-6.817,1.678,38.919
1077,37.3709,99.278,26.653,-64.725,-6.342,2.166,38.95,99.144,22.849,-67.395,-6.166,7.105,38.935
1078,37.4047,99.368,26.788,-65.89,-6.342,3.355,38.95,98.438,24.791,-62.823,-6.233,2.804,38.933
1079,37.4353,99.368,26.788,-66.306,-6.416,4.289,38.95,98.67,24.913,-62.734,-6.57,1.161,38.93
1080,37.4712,99.368,26.788,-66.14,-6.49,5.648,38.95,99.202,23.52,-66.946,-6.346,6.144,38.928
1081,37.5021,99.278,26.383,-65.058,-6.49,5.817,38.95,98.571,24.039,-63.174,-6.063,2.716,38.927
1082,37.5386,99.278,25.641,-63.977,-6.416,5.308,38.95,98.406,24.433,-62.905,-6.716,1.678,38.932
1083,37.572,99.187,25.034,-63.81,-6.268,4.713,38.95,97.684,26.836,-58.263,-7.142,-2.718,38.925
1084,37.6054,99.097,24.494,-63.727,-6.268,3.609,38.95,98.42,24.071,-63.92,-6.194,3.813,38.919
1085,37.639,99.007,24.224,-63.062,-6.49,2.675,38.95,99.363,25.601,-63.768,-6.465,2.019,38.922
1086,37.6723,99.007,24.224,-61.897,-6.637,1.401,38.95,98.112,26.272,-59.896,-7.193,-0.445,38.911
1087,37.7057,99.007,24.224,-61.647,-6.711,1.316,38.95,98.008,24.902,-60.033,-6.204,-0.672,38.918
1088,37.7391,99.007,24.224,-62.146,-6.637,1.741,38.95,98.333,21.48,-64.529,-5.943,4.713,38.92
1089,37.7726,98.916,24.426,-61.98,-6.563,1.486,38.95,98.263,26.856,-58.821,-7.282,-3.385,38.917
1090,37.8058,98.916,24.966,-61.314,-6.563,0.637,38.95,98.511,23.958,-61.905,-6.091,-0.033,38.916
1091,37.8396,98.916,25.371,-60.566,-6.563,-0.042,38.95,98.073,23.573,-61.725,-6.166,1.436,38.92
1092,37.8728,98.916,25.843,-59.9,-6.637,-0.977,38.95,97.697,21.037,-62.514,-5.52,3.664,38.924
1093,37.9062,98.826,26.046,-60.15,-6.785,-0.977,38.95,97.265,21.467,-61.91,-5.849,3.719,38.932
1094,37.9397,98.826,26.046,-61.065,-6.49,0.467,38.95,97.596,23.179,-60.458,-6.327,1.102,38.922
1095,37.9732,98.826,25.978,-61.314,-5.973,2.081,38.95,97.207,24.64,-58.314,-6.731,-1.846,38.923
1096,38.0067,98.826,25.709,-60.982,-5.973,2.505,38.95,97.538,22.501,-61.014,-6.126,1.957,38.927
1097,38.0397,98.826,24.899,-60.233,-6.121,1.316,38.95,97.18,23.217,-60.323,-6.1,3.041,38.923
1098,38.0767,98.826,24.224,-59.401,-6.342,0.127,38.95,98.225,23.828,-61.64,-6.616,0.945,38.914
1099,38.109,98.826,23.684,-59.567,-6.342,-0.212,38.95,97.13,23.755,-59.546,-6.49,0.654,38.927
1100,38.2401,98.826,23.347,-60.15,-6.195,0.552,38.95,102.915,10.198,-77.501,-3.627,5.745,38.962
1101,38.253,98.646,23.279,-59.734,-6.195,0.722,38.95,103.069,10.02,-76.322,-3.662,4.002,38.963
1102,38.2864,98.646,23.279,-59.734,-6.195,0.722,38.95,103.308,9.827,-74.621,-3.77,1.612,38.964
1103,38.3219,98.916,23.279,-60.316,-6.047,1.486,38.95,102.631,9.866,-77.368,-3.618,5.527,38.963
1104,38.3553,99.097,23.279,-62.479,-5.088,2.845,38.95,102.749,9.76,-75.999,-3.64,3.673,38.971
1105,38.3882,99.368,22.807,-66.057,-4.204,3.609,38.95,102.363,9.876,-78.743,-3.637,7.104,38.971
1106,38.4203,99.729,21.795,-69.717,-4.204,4.459,38.95,102.155,9.666,-78.757,-3.636,7.014,38.969
1107,38.4542,99.91,20.58,-73.128,-4.646,4.798,38.95,102.419,9.741,-77.238,-3.55,5.002,38.977
1108,38.4871,99.91,19.096,-75.957,-4.425,5.648,38.95,101.997,9.7,-78.809,-3.437,6.586,38.973
1109,38.5214,99.91,17.476,-76.955,-3.835,5.817,38.95,101.69,9.672,-79.282,-3.244,7.541,38.98
1110,38.5539,99.91,15.857,-76.206,-3.761,5.563,38.95,101.813,9.683,-78.385,-3.441,6.599,38.986
1111,38.5875,99.91,14.372,-76.456,-4.056,6.157,38.95,102.374,9.767,-77.523,-3.376,5.322,38.991
1112,38.6208,99.91,13.023,-77.371,-4.056,6.921,38.95,102.307,10.181,-77.396,-3.542,4.809,39.0
1113,38.654,99.91,12.011,-77.87,-3.909,6.667,38.95,101.967,9.776,-80.275,-2.973,9.578,39.0
1114,38.6875,99.91,11.201,-77.038,-3.614,6.072,38.95,101.806,10.057,-80.217,-3.139,8.716,38.998
1115,38.721,99.91,10.729,-77.288,-3.54,6.157,38.95,101.561,9.604,-82.59,-2.916,11.726,38.993
1116,38.7544,99.91,10.594,-78.453,-3.466,7.261,38.95,101.785,10.174,-80.68,-2.812,8.976,38.989
1117,38.7878,99.91,10.459,-79.368,-3.392,8.705,38.95,101.498,9.816,-82.095,-2.724,10.49,38.992
1118,38.8212,99.91,10.324,-80.449,-3.245,10.234,38.95,101.377,9.606,-84.123,-2.386,13.265,38.987
1119,38.8546,99.91,10.324,-80.865,-3.245,10.234,38.95,100.809,9.097,-86.843,-2.356,16.198,38.984
1120,38.8883,99.91,10.189,-81.448,-3.171,10.658,38.95,100.988,9.404,-87.976,-2.007,18.911,38.987
1121,38.9217,99.91,9.852,-83.111,-3.024,12.272,38.95,100.742,9.045,-91.481,-1.832,24.032,38.974
1122,38.9553,99.91,9.582,-84.859,-2.655,14.565,38.95,100.707,9.335,-90.318,-1.957,21.665,38.977
1123,38.9886,99.91,9.514,-86.439,-2.434,17.367,38.95,100.789,9.07,-91.643,-1.719,23.689,38.975
1124,39.0218,99.91,9.514,-88.353,-2.139,20.17,38.95,100.634,8.999,-89.951,-1.721,20.751,38.977
1125,39.0553,99.91,9.514,-89.517,-2.065,21.614,38.95,100.687,9.125,-92.113,-1.889,23.585,38.977
1126,39.0902,99.91,9.379,-89.684,-2.065,21.699,38.95,100.465,8.769,-93.175,-1.667,25.05,38.975
1127,39.1248,99.91,9.379,-89.684,-2.065,21.359,38.95,100.499,8.981,-91.397,-1.719,22.298,38.98
1128,39.1572,99.91,9.244,-90.266,-2.065,21.614,38.95,100.527,8.906,-93.28,-1.574,25.459,38.976
1129,39.1905,99.91,9.042,-91.514,-2.065,22.633,38.95,100.444,8.812,-94.1,-1.543,26.775,38.968
1130,39.2234,99.91,9.042,-92.013,-2.065,23.567,38.95,100.274,8.696,-94.426,-1.582,27.169,38.979
1131,39.2567,99.91,9.042,-92.429,-2.065,25.011,38.95,100.247,8.618,-95.107,-1.483,28.062,38.976
1132,39.29,99.91,9.042,-93.012,-2.065,26.03,38.95,100.179,8.822,-94.456,-1.504,27.028,38.983
1133,39.324,99.91,9.042,-93.511,-2.065,26.709,38.95,100.277,8.862,-94.96,-1.784,27.667,38.976
1134,39.3594,99.91,9.042,-93.677,-2.065,27.049,38.95,100.263,8.593,-97.561,-1.451,33.129,38.973
1135,39.3919,99.91,9.042,-93.844,-2.065,27.134,38.95,100.288,8.545,-97.56,-1.473,33.133,38.973
1136,39.4251,99.91,8.974,-94.343,-2.065,27.983,38.95,100.304,8.598,-95.795,-1.643,29.296,38.976
1137,39.4583,99.819,8.974,-95.591,-1.991,29.936,38.95,99.929,8.549,-98.467,-1.301,35.123,38.97
1138,39.4923,99.729,8.907,-95.923,-1.991,31.465,38.95,100.664,8.368,-99.356,-1.75,36.666,38.962
1139,39.5258,99.729,8.839,-95.591,-1.917,32.399,38.95,100.505,8.347,-99.998,-1.658,37.975,38.958
1140,39.5585,99.729,8.839,-96.256,-1.917,33.928,38.95,100.759,8.356,-99.394,-1.899,36.84,38.962
1141,39.592,99.639,8.839,-97.587,-1.917,35.626,38.95,100.747,8.482,-98.634,-2.032,35.211,38.973
1142,39.6253,99.639,8.839,-98.253,-1.917,36.221,38.95,100.581,8.557,-98.009,-1.978,33.937,38.979
1143,39.6585,99.639,8.839,-98.17,-1.917,36.136,38.95,100.828,8.258,-99.355,-1.932,37.157,38.965
1144,39.6925,99.639,8.839,-98.17,-1.917,35.541,38.95,100.851,8.282,-99.85,-2.131,37.576,38.958
1145,39.7259,99.639,8.839,-98.336,-1.917,35.456,38.95,100.737,8.26,-100.498,-2.044,38.843,38.957
1146,39.7597,99.549,8.704,-98.835,-1.917,36.476,38.95,101.022,8.175,-100.289,-2.205,38.64,38.945
1147,39.7929,99.549,8.57,-99.085,-1.917,37.495,38.95,100.95,8.337,-98.849,-2.246,35.608,38.965
1148,39.8263,99.549,8.57,-99.168,-1.917,38.004,38.95,101.096,8.19,-100.782,-2.205,39.688,38.947
1149,39.8598,99.549,8.502,-99.168,-1.917,38.004,38.95,100.971,8.261,-100.846,-2.185,39.891,38.948
1150,39.8934,99.549,8.502,-99.168,-1.917,37.41,38.95,101.135,8.179,-100.5,-2.298,38.951,38.949
1151,39.9266,99.549,8.502,-99.334,-1.991,37.495,38.95,101.277,8.102,-100.941,-2.269,40.419,38.928
1152,39.9599,99.549,8.502,-99.334,-1.991,38.429,38.95,101.05,8.105,-100.906,-2.268,40.004,38.934
1153,39.9933,99.549,8.502,-99.418,-1.991,39.108,38.95,101.155,8.128,-100.909,-2.32,40.368,38.93
