elapsed_s,timestamp,motor,commanded,position,error,temp_c,current,load
0.003,2026-08-05T05:45:42.510275+00:00,left_shoulder_pan,1857,1851,-6,36,1,1060
0.003,2026-08-05T05:45:42.510275+00:00,left_shoulder_lift,2389,2420,31,36,10,136
0.003,2026-08-05T05:45:42.510275+00:00,left_elbow_flex,1629,1635,6,34,1,36
0.003,2026-08-05T05:45:42.510275+00:00,left_wrist_flex,2169,2170,1,34,0,0
0.003,2026-08-05T05:45:42.510275+00:00,left_wrist_roll,1989,1987,-2,33,0,1044
0.003,2026-08-05T05:45:42.510275+00:00,left_gripper,2014,2014,0,36,0,0
0.003,2026-08-05T05:45:42.510275+00:00,right_shoulder_pan,1974,1975,1,37,0,0
0.003,2026-08-05T05:45:42.510275+00:00,right_shoulder_lift,2249,2096,-153,35,8,108
0.003,2026-08-05T05:45:42.510275+00:00,right_elbow_flex,2097,2127,30,37,4,74
0.003,2026-08-05T05:45:42.510275+00:00,right_wrist_flex,1976,1983,7,34,1,28
0.003,2026-08-05T05:45:42.510275+00:00,right_wrist_roll,2114,2111,-3,34,0,1044
0.003,2026-08-05T05:45:42.510275+00:00,right_gripper,2457,2462,5,37,0,24
0.053,2026-08-05T05:45:42.562437+00:00,left_shoulder_pan,1857,1851,-6,37,1,1060
0.053,2026-08-05T05:45:42.562437+00:00,left_shoulder_lift,2389,2420,31,36,9,136
0.053,2026-08-05T05:45:42.562437+00:00,left_elbow_flex,1629,1635,6,34,1,36
0.053,2026-08-05T05:45:42.562437+00:00,left_wrist_flex,2169,2170,1,34,0,0
0.053,2026-08-05T05:45:42.562437+00:00,left_wrist_roll,1989,1987,-2,34,1,1044
0.053,2026-08-05T05:45:42.562437+00:00,left_gripper,2014,2014,0,36,0,0
0.053,2026-08-05T05:45:42.562437+00:00,right_shoulder_pan,1982,1975,-7,37,0,0
0.053,2026-08-05T05:45:42.562437+00:00,right_shoulder_lift,2249,2096,-153,35,4,74
0.053,2026-08-05T05:45:42.562437+00:00,right_elbow_flex,2097,2127,30,37,4,74
0.053,2026-08-05T05:45:42.562437+00:00,right_wrist_flex,1976,1983,7,34,1,28
0.053,2026-08-05T05:45:42.562437+00:00,right_wrist_roll,2114,2111,-3,34,0,1044
0.053,2026-08-05T05:45:42.562437+00:00,right_gripper,2457,2462,5,37,1,24
0.103,2026-08-05T05:45:42.611376+00:00,left_shoulder_pan,1857,1851,-6,37,1,1060
0.103,2026-08-05T05:45:42.611376+00:00,left_shoulder_lift,2389,2420,31,36,10,136
0.103,2026-08-05T05:45:42.611376+00:00,left_elbow_flex,1629,1635,6,34,1,36
0.103,2026-08-05T05:45:42.611376+00:00,left_wrist_flex,2169,2170,1,34,0,0
0.103,2026-08-05T05:45:42.611376+00:00,left_wrist_roll,1989,1987,-2,34,0,1044
0.103,2026-08-05T05:45:42.611376+00:00,left_gripper,2014,2014,0,36,0,0
0.103,2026-08-05T05:45:42.611376+00:00,right_shoulder_pan,1990,1975,-15,37,1,1062
0.103,2026-08-05T05:45:42.611376+00:00,right_shoulder_lift,2248,2099,-149,35,2,40
0.103,2026-08-05T05:45:42.611376+00:00,right_elbow_flex,2097,2127,30,37,4,74
0.103,2026-08-05T05:45:42.611376+00:00,right_wrist_flex,1976,1983,7,34,0,28
0.103,2026-08-05T05:45:42.611376+00:00,right_wrist_roll,2114,2111,-3,34,0,1044
0.103,2026-08-05T05:45:42.611376+00:00,right_gripper,2457,2462,5,37,0,24
0.154,2026-08-05T05:45:42.661812+00:00,left_shoulder_pan,1857,1851,-6,37,1,1060
0.154,2026-08-05T05:45:42.661812+00:00,left_shoulder_lift,2389,2420,31,36,10,136
0.154,2026-08-05T05:45:42.661812+00:00,left_elbow_flex,1629,1635,6,34,1,36
0.154,2026-08-05T05:45:42.661812+00:00,left_wrist_flex,2169,2170,1,34,0,0
0.154,2026-08-05T05:45:42.661812+00:00,left_wrist_roll,1989,1987,-2,34,0,1044
0.154,2026-08-05T05:45:42.661812+00:00,left_gripper,2014,2014,0,36,0,0
0.154,2026-08-05T05:45:42.661812+00:00,right_shoulder_pan,1998,1975,-23,37,1,1078
0.154,2026-08-05T05:45:42.661812+00:00,right_shoulder_lift,2248,2113,-135,35,0,0
0.154,2026-08-05T05:45:42.661812+00:00,right_elbow_flex,2097,2126,29,37,4,68
0.154,2026-08-05T05:45:42.661812+00:00,right_wrist_flex,1976,1983,7,34,1,28
0.154,2026-08-05T05:45:42.661812+00:00,right_wrist_roll,2114,2111,-3,34,0,1044
0.154,2026-08-05T05:45:42.661812+00:00,right_gripper,2457,2462,5,37,1,24
0.204,2026-08-05T05:45:42.714751+00:00,left_shoulder_pan,1857,1851,-6,37,1,1060
0.204,2026-08-05T05:45:42.714751+00:00,left_shoulder_lift,2389,2420,31,37,9,136
0.204,2026-08-05T05:45:42.714751+00:00,left_elbow_flex,1629,1635,6,34,1,36
0.204,2026-08-05T05:45:42.714751+00:00,left_wrist_flex,2169,2170,1,34,0,0
0.204,2026-08-05T05:45:42.714751+00:00,left_wrist_roll,1989,1987,-2,34,1,1044
0.204,2026-08-05T05:45:42.714751+00:00,left_gripper,2014,2014,0,36,0,0
0.204,2026-08-05T05:45:42.714751+00:00,right_shoulder_pan,2006,1977,-29,37,2,1086
0.204,2026-08-05T05:45:42.714751+00:00,right_shoulder_lift,2246,2139,-107,35,0,1058
0.204,2026-08-05T05:45:42.714751+00:00,right_elbow_flex,2097,2126,29,37,4,72
0.204,2026-08-05T05:45:42.714751+00:00,right_wrist_flex,1976,1983,7,34,0,28
0.204,2026-08-05T05:45:42.714751+00:00,right_wrist_roll,2114,2111,-3,34,1,1044
0.204,2026-08-05T05:45:42.714751+00:00,right_gripper,2457,2462,5,37,0,24
0.255,2026-08-05T05:45:42.761962+00:00,left_shoulder_pan,1857,1851,-6,37,1,1060
0.255,2026-08-05T05:45:42.761962+00:00,left_shoulder_lift,2389,2420,31,37,9,136
0.255,2026-08-05T05:45:42.761962+00:00,left_elbow_flex,1629,1635,6,34,1,36
0.255,2026-08-05T05:45:42.761962+00:00,left_wrist_flex,2169,2170,1,34,0,0
0.255,2026-08-05T05:45:42.761962+00:00,left_wrist_roll,1989,1987,-2,34,1,1044
0.255,2026-08-05T05:45:42.761962+00:00,left_gripper,2014,2014,0,36,0,0
0.255,2026-08-05T05:45:42.761962+00:00,right_shoulder_pan,2014,1980,-34,37,3,1096
0.255,2026-08-05T05:45:42.761962+00:00,right_shoulder_lift,2245,2172,-73,35,0,1058
0.255,2026-08-05T05:45:42.761962+00:00,right_elbow_flex,2097,2126,29,37,3,72
0.255,2026-08-05T05:45:42.761962+00:00,right_wrist_flex,1976,1983,7,34,0,28
0.255,2026-08-05T05:45:42.761962+00:00,right_wrist_roll,2114,2111,-3,34,0,1044
0.255,2026-08-05T05:45:42.761962+00:00,right_gripper,2457,2462,5,37,0,24
0.305,2026-08-05T05:45:42.812524+00:00,left_shoulder_pan,1857,1851,-6,37,1,1060
0.305,2026-08-05T05:45:42.812524+00:00,left_shoulder_lift,2389,2420,31,36,9,136
0.305,2026-08-05T05:45:42.812524+00:00,left_elbow_flex,1629,1635,6,34,1,36
0.305,2026-08-05T05:45:42.812524+00:00,left_wrist_flex,2169,2170,1,34,0,0
0.305,2026-08-05T05:45:42.812524+00:00,left_wrist_roll,1989,1987,-2,34,0,1044
0.305,2026-08-05T05:45:42.812524+00:00,left_gripper,2014,2014,0,36,0,0
0.305,2026-08-05T05:45:42.812524+00:00,right_shoulder_pan,2021,1984,-37,37,3,1102
0.305,2026-08-05T05:45:42.812524+00:00,right_shoulder_lift,2243,2207,-36,34,2,26
0.305,2026-08-05T05:45:42.812524+00:00,right_elbow_flex,2097,2127,30,36,4,78
0.305,2026-08-05T05:45:42.812524+00:00,right_wrist_flex,1976,1983,7,34,0,28
0.305,2026-08-05T05:45:42.812524+00:00,right_wrist_roll,2114,2111,-3,33,1,1044
0.305,2026-08-05T05:45:42.812524+00:00,right_gripper,2457,2462,5,37,1,24
0.355,2026-08-05T05:45:42.861921+00:00,left_shoulder_pan,1857,1851,-6,37,1,1060
0.355,2026-08-05T05:45:42.861921+00:00,left_shoulder_lift,2389,2420,31,36,10,136
0.355,2026-08-05T05:45:42.861921+00:00,left_elbow_flex,1629,1635,6,34,1,36
0.355,2026-08-05T05:45:42.861921+00:00,left_wrist_flex,2169,2170,1,34,0,0
0.355,2026-08-05T05:45:42.861921+00:00,left_wrist_roll,1989,1987,-2,34,0,1044
0.355,2026-08-05T05:45:42.861921+00:00,left_gripper,2014,2014,0,37,0,0
0.355,2026-08-05T05:45:42.861921+00:00,right_shoulder_pan,2029,1990,-39,37,3,1102
0.355,2026-08-05T05:45:42.861921+00:00,right_shoulder_lift,2241,2239,-2,35,4,44
0.355,2026-08-05T05:45:42.861921+00:00,right_elbow_flex,2097,2128,31,37,4,82
0.355,2026-08-05T05:45:42.861921+00:00,right_wrist_flex,1976,1984,8,35,1,30
0.355,2026-08-05T05:45:42.861921+00:00,right_wrist_roll,2114,2111,-3,34,0,1044
0.355,2026-08-05T05:45:42.861921+00:00,right_gripper,2457,2462,5,37,1,24
0.406,2026-08-05T05:45:42.912684+00:00,left_shoulder_pan,1857,1851,-6,37,1,1056
0.406,2026-08-05T05:45:42.912684+00:00,left_shoulder_lift,2389,2420,31,36,8,136
0.406,2026-08-05T05:45:42.912684+00:00,left_elbow_flex,1629,1635,6,34,1,36
0.406,2026-08-05T05:45:42.912684+00:00,left_wrist_flex,2169,2170,1,34,0,0
0.406,2026-08-05T05:45:42.912684+00:00,left_wrist_roll,1989,1987,-2,34,0,1044
0.406,2026-08-05T05:45:42.912684+00:00,left_gripper,2014,2014,0,36,0,0
0.406,2026-08-05T05:45:42.912684+00:00,right_shoulder_pan,2037,1997,-40,37,2,1102
0.406,2026-08-05T05:45:42.912684+00:00,right_shoulder_lift,2239,2253,14,35,1,28
0.406,2026-08-05T05:45:42.912684+00:00,right_elbow_flex,2097,2134,37,37,6,98
0.406,2026-08-05T05:45:42.912684+00:00,right_wrist_flex,1976,1985,9,34,1,36
0.406,2026-08-05T05:45:42.912684+00:00,right_wrist_roll,2114,2111,-3,34,0,1044
0.406,2026-08-05T05:45:42.912684+00:00,right_gripper,2457,2462,5,37,0,24
0.456,2026-08-05T05:45:42.963239+00:00,left_shoulder_pan,1857,1852,-5,37,1,1056
0.456,2026-08-05T05:45:42.963239+00:00,left_shoulder_lift,2389,2420,31,36,10,136
0.456,2026-08-05T05:45:42.963239+00:00,left_elbow_flex,1629,1635,6,34,1,36
0.456,2026-08-05T05:45:42.963239+00:00,left_wrist_flex,2169,2170,1,34,0,0
0.456,2026-08-05T05:45:42.963239+00:00,left_wrist_roll,1989,1987,-2,34,0,1044
0.456,2026-08-05T05:45:42.963239+00:00,left_gripper,2014,2014,0,36,0,0
0.456,2026-08-05T05:45:42.963239+00:00,right_shoulder_pan,2044,2006,-38,37,1,1096
0.456,2026-08-05T05:45:42.963239+00:00,right_shoulder_lift,2236,2254,18,35,1,48
0.456,2026-08-05T05:45:42.963239+00:00,right_elbow_flex,2097,2138,41,37,5,104
0.456,2026-08-05T05:45:42.963239+00:00,right_wrist_flex,1976,1985,9,34,1,32
0.456,2026-08-05T05:45:42.963239+00:00,right_wrist_roll,2114,2111,-3,34,0,1044
0.456,2026-08-05T05:45:42.963239+00:00,right_gripper,2457,2462,5,37,1,24
0.507,2026-08-05T05:45:43.013702+00:00,left_shoulder_pan,1857,1852,-5,37,1,1056
0.507,2026-08-05T05:45:43.013702+00:00,left_shoulder_lift,2389,2420,31,36,8,136
0.507,2026-08-05T05:45:43.013702+00:00,left_elbow_flex,1629,1635,6,34,0,36
0.507,2026-08-05T05:45:43.013702+00:00,left_wrist_flex,2169,2170,1,34,0,0
0.507,2026-08-05T05:45:43.013702+00:00,left_wrist_roll,1989,1987,-2,34,1,1044
0.507,2026-08-05T05:45:43.013702+00:00,left_gripper,2014,2014,0,36,0,0
0.507,2026-08-05T05:45:43.013702+00:00,right_shoulder_pan,2052,2016,-36,37,1,1090
0.507,2026-08-05T05:45:43.013702+00:00,right_shoulder_lift,2233,2251,18,35,2,42
0.507,2026-08-05T05:45:43.013702+00:00,right_elbow_flex,2097,2137,40,37,5,94
0.507,2026-08-05T05:45:43.013702+00:00,right_wrist_flex,1976,1984,8,35,0,26
0.507,2026-08-05T05:45:43.013702+00:00,right_wrist_roll,2114,2111,-3,34,0,1044
0.507,2026-08-05T05:45:43.013702+00:00,right_gripper,2457,2462,5,37,1,24
0.557,2026-08-05T05:45:43.064140+00:00,left_shoulder_pan,1857,1851,-6,37,1,1060
0.557,2026-08-05T05:45:43.064140+00:00,left_shoulder_lift,2389,2420,31,36,10,136
0.557,2026-08-05T05:45:43.064140+00:00,left_elbow_flex,1629,1635,6,34,1,36
0.557,2026-08-05T05:45:43.064140+00:00,left_wrist_flex,2169,2170,1,34,0,0
0.557,2026-08-05T05:45:43.064140+00:00,left_wrist_roll,1989,1987,-2,34,0,1044
0.557,2026-08-05T05:45:43.064140+00:00,left_gripper,2014,2014,0,36,0,0
0.557,2026-08-05T05:45:43.064140+00:00,right_shoulder_pan,2059,2025,-34,37,1,1090
0.557,2026-08-05T05:45:43.064140+00:00,right_shoulder_lift,2230,2247,17,35,1,34
0.557,2026-08-05T05:45:43.064140+00:00,right_elbow_flex,2097,2135,38,37,4,86
0.557,2026-08-05T05:45:43.064140+00:00,right_wrist_flex,1976,1983,7,35,0,24
0.557,2026-08-05T05:45:43.064140+00:00,right_wrist_roll,2114,2111,-3,34,1,1044
0.557,2026-08-05T05:45:43.064140+00:00,right_gripper,2457,2462,5,37,1,24
0.607,2026-08-05T05:45:43.115763+00:00,left_shoulder_pan,1857,1851,-6,37,1,1060
0.607,2026-08-05T05:45:43.115763+00:00,left_shoulder_lift,2389,2420,31,36,10,136
0.607,2026-08-05T05:45:43.115763+00:00,left_elbow_flex,1629,1635,6,34,1,36
0.607,2026-08-05T05:45:43.115763+00:00,left_wrist_flex,2169,2170,1,34,0,0
0.607,2026-08-05T05:45:43.115763+00:00,left_wrist_roll,1989,1987,-2,34,1,1044
0.607,2026-08-05T05:45:43.115763+00:00,left_gripper,2014,2014,0,36,0,0
0.607,2026-08-05T05:45:43.115763+00:00,right_shoulder_pan,2066,2032,-34,46,1,1088
0.607,2026-08-05T05:45:43.115763+00:00,right_shoulder_lift,2227,2245,18,35,1,50
0.607,2026-08-05T05:45:43.115763+00:00,right_elbow_flex,2097,2135,38,37,4,90
0.607,2026-08-05T05:45:43.115763+00:00,right_wrist_flex,1976,1983,7,34,0,28
0.607,2026-08-05T05:45:43.115763+00:00,right_wrist_roll,2114,2111,-3,34,0,1044
0.607,2026-08-05T05:45:43.115763+00:00,right_gripper,2457,2462,5,37,1,24
0.658,2026-08-05T05:45:43.164423+00:00,left_shoulder_pan,1857,1851,-6,37,1,1060
0.658,2026-08-05T05:45:43.164423+00:00,left_shoulder_lift,2389,2420,31,36,9,136
0.658,2026-08-05T05:45:43.164423+00:00,left_elbow_flex,1629,1635,6,34,0,36
0.658,2026-08-05T05:45:43.164423+00:00,left_wrist_flex,2169,2170,1,34,0,0
0.658,2026-08-05T05:45:43.164423+00:00,left_wrist_roll,1989,1987,-2,34,0,1044
0.658,2026-08-05T05:45:43.164423+00:00,left_gripper,2014,2014,0,36,0,0
0.658,2026-08-05T05:45:43.164423+00:00,right_shoulder_pan,2073,2039,-34,37,2,1092
0.658,2026-08-05T05:45:43.164423+00:00,right_shoulder_lift,2223,2247,24,35,2,64
0.658,2026-08-05T05:45:43.164423+00:00,right_elbow_flex,2097,2136,39,37,4,96
0.658,2026-08-05T05:45:43.164423+00:00,right_wrist_flex,1976,1983,7,34,1,28
0.658,2026-08-05T05:45:43.164423+00:00,right_wrist_roll,2114,2111,-3,34,0,1044
0.658,2026-08-05T05:45:43.164423+00:00,right_gripper,2457,2462,5,37,0,24
0.708,2026-08-05T05:45:43.214552+00:00,left_shoulder_pan,1857,1851,-6,37,1,1060
0.708,2026-08-05T05:45:43.214552+00:00,left_shoulder_lift,2389,2420,31,36,11,136
0.708,2026-08-05T05:45:43.214552+00:00,left_elbow_flex,1629,1635,6,34,1,36
0.708,2026-08-05T05:45:43.214552+00:00,left_wrist_flex,2169,2170,1,34,0,0
0.708,2026-08-05T05:45:43.214552+00:00,left_wrist_roll,1989,1987,-2,34,0,1044
0.708,2026-08-05T05:45:43.214552+00:00,left_gripper,2014,2014,0,36,0,0
0.708,2026-08-05T05:45:43.214552+00:00,right_shoulder_pan,2080,2046,-34,37,1,1090
0.708,2026-08-05T05:45:43.214552+00:00,right_shoulder_lift,2219,2249,30,35,3,78
0.708,2026-08-05T05:45:43.214552+00:00,right_elbow_flex,2097,2137,40,37,6,94
0.708,2026-08-05T05:45:43.214552+00:00,right_wrist_flex,1976,1984,8,34,1,30
0.708,2026-08-05T05:45:43.214552+00:00,right_wrist_roll,2114,2111,-3,34,0,1044
0.708,2026-08-05T05:45:43.214552+00:00,right_gripper,2457,2462,5,37,1,24
0.758,2026-08-05T05:45:43.264384+00:00,left_shoulder_pan,1857,1851,-6,37,1,1060
0.758,2026-08-05T05:45:43.264384+00:00,left_shoulder_lift,2389,2420,31,36,9,136
0.758,2026-08-05T05:45:43.264384+00:00,left_elbow_flex,1629,1635,6,34,0,36
0.758,2026-08-05T05:45:43.264384+00:00,left_wrist_flex,2169,2170,1,34,0,0
0.758,2026-08-05T05:45:43.264384+00:00,left_wrist_roll,1989,1987,-2,34,0,1044
0.758,2026-08-05T05:45:43.264384+00:00,left_gripper,2014,2014,0,37,0,0
0.758,2026-08-05T05:45:43.264384+00:00,right_shoulder_pan,2086,2053,-33,37,1,1088
0.758,2026-08-05T05:45:43.264384+00:00,right_shoulder_lift,2215,2250,35,35,4,82
0.758,2026-08-05T05:45:43.264384+00:00,right_elbow_flex,2097,2138,41,37,7,96
0.758,2026-08-05T05:45:43.264384+00:00,right_wrist_flex,1976,1984,8,34,1,30
0.758,2026-08-05T05:45:43.264384+00:00,right_wrist_roll,2114,2111,-3,34,1,1044
0.758,2026-08-05T05:45:43.264384+00:00,right_gripper,2457,2462,5,37,1,24
0.808,2026-08-05T05:45:43.314341+00:00,left_shoulder_pan,1857,1851,-6,37,1,1060
0.808,2026-08-05T05:45:43.314341+00:00,left_shoulder_lift,2389,2420,31,36,10,136
0.808,2026-08-05T05:45:43.314341+00:00,left_elbow_flex,1629,1635,6,34,0,36
0.808,2026-08-05T05:45:43.314341+00:00,left_wrist_flex,2169,2170,1,34,0,0
0.808,2026-08-05T05:45:43.314341+00:00,left_wrist_roll,1989,1987,-2,34,1,1044
0.808,2026-08-05T05:45:43.314341+00:00,left_gripper,2014,2014,0,36,0,0
0.808,2026-08-05T05:45:43.314341+00:00,right_shoulder_pan,2093,2061,-32,37,0,1080
0.808,2026-08-05T05:45:43.314341+00:00,right_shoulder_lift,2210,2249,39,35,3,82
0.808,2026-08-05T05:45:43.314341+00:00,right_elbow_flex,2097,2137,40,37,4,90
0.808,2026-08-05T05:45:43.314341+00:00,right_wrist_flex,1976,1984,8,35,1,30
0.808,2026-08-05T05:45:43.314341+00:00,right_wrist_roll,2114,2111,-3,34,1,1044
0.808,2026-08-05T05:45:43.314341+00:00,right_gripper,2457,2462,5,37,0,24
0.858,2026-08-05T05:45:43.364455+00:00,left_shoulder_pan,1857,1851,-6,37,1,1060
0.858,2026-08-05T05:45:43.364455+00:00,left_shoulder_lift,2389,2420,31,36,10,136
0.858,2026-08-05T05:45:43.364455+00:00,left_elbow_flex,1629,1635,6,33,1,36
0.858,2026-08-05T05:45:43.364455+00:00,left_wrist_flex,2169,2170,1,34,0,0
0.858,2026-08-05T05:45:43.364455+00:00,left_wrist_roll,1989,1987,-2,34,0,1044
0.858,2026-08-05T05:45:43.364455+00:00,left_gripper,2014,2014,0,36,0,0
0.858,2026-08-05T05:45:43.364455+00:00,right_shoulder_pan,2099,2069,-30,37,1,1082
0.858,2026-08-05T05:45:43.364455+00:00,right_shoulder_lift,2205,2247,42,35,4,94
0.858,2026-08-05T05:45:43.364455+00:00,right_elbow_flex,2097,2136,39,37,5,92
0.858,2026-08-05T05:45:43.364455+00:00,right_wrist_flex,1976,1984,8,35,0,30
0.858,2026-08-05T05:45:43.364455+00:00,right_wrist_roll,2114,2111,-3,34,0,1044
0.858,2026-08-05T05:45:43.364455+00:00,right_gripper,2457,2462,5,37,0,24
0.908,2026-08-05T05:45:43.414596+00:00,left_shoulder_pan,1857,1851,-6,37,1,1060
0.908,2026-08-05T05:45:43.414596+00:00,left_shoulder_lift,2389,2420,31,36,10,136
0.908,2026-08-05T05:45:43.414596+00:00,left_elbow_flex,1629,1635,6,34,1,36
0.908,2026-08-05T05:45:43.414596+00:00,left_wrist_flex,2169,2170,1,34,0,0
0.908,2026-08-05T05:45:43.414596+00:00,left_wrist_roll,1989,1987,-2,34,0,1044
0.908,2026-08-05T05:45:43.414596+00:00,left_gripper,2014,2014,0,36,0,0
0.908,2026-08-05T05:45:43.414596+00:00,right_shoulder_pan,2105,2075,-30,37,1,1082
0.908,2026-08-05T05:45:43.414596+00:00,right_shoulder_lift,2200,2247,47,35,5,104
0.908,2026-08-05T05:45:43.414596+00:00,right_elbow_flex,2097,2136,39,37,6,92
0.908,2026-08-05T05:45:43.414596+00:00,right_wrist_flex,1976,1984,8,34,0,30
0.908,2026-08-05T05:45:43.414596+00:00,right_wrist_roll,2114,2111,-3,34,0,1044
0.908,2026-08-05T05:45:43.414596+00:00,right_gripper,2457,2462,5,37,1,24
0.958,2026-08-05T05:45:43.464598+00:00,left_shoulder_pan,1857,1851,-6,37,1,1060
0.958,2026-08-05T05:45:43.464598+00:00,left_shoulder_lift,2389,2420,31,36,8,136
0.958,2026-08-05T05:45:43.464598+00:00,left_elbow_flex,1629,1635,6,34,1,36
0.958,2026-08-05T05:45:43.464598+00:00,left_wrist_flex,2169,2170,1,34,0,0
0.958,2026-08-05T05:45:43.464598+00:00,left_wrist_roll,1989,1987,-2,33,1,1044
0.958,2026-08-05T05:45:43.464598+00:00,left_gripper,2014,2014,0,36,0,0
0.958,2026-08-05T05:45:43.464598+00:00,right_shoulder_pan,2111,2081,-30,37,1,1084
0.958,2026-08-05T05:45:43.464598+00:00,right_shoulder_lift,2195,2248,53,35,6,124
0.958,2026-08-05T05:45:43.464598+00:00,right_elbow_flex,2097,2136,39,36,6,92
0.958,2026-08-05T05:45:43.464598+00:00,right_wrist_flex,1976,1984,8,34,1,30
0.958,2026-08-05T05:45:43.464598+00:00,right_wrist_roll,2114,2111,-3,34,1,1044
0.958,2026-08-05T05:45:43.464598+00:00,right_gripper,2457,2462,5,37,1,24
1.008,2026-08-05T05:45:43.514902+00:00,left_shoulder_pan,1857,1851,-6,37,1,1060
1.008,2026-08-05T05:45:43.514902+00:00,left_shoulder_lift,2389,2420,31,36,10,136
1.008,2026-08-05T05:45:43.514902+00:00,left_elbow_flex,1629,1635,6,34,0,36
1.008,2026-08-05T05:45:43.514902+00:00,left_wrist_flex,2169,2170,1,34,0,0
1.008,2026-08-05T05:45:43.514902+00:00,left_wrist_roll,1989,1987,-2,33,0,1044
1.008,2026-08-05T05:45:43.514902+00:00,left_gripper,2014,2014,0,37,0,0
1.008,2026-08-05T05:45:43.514902+00:00,right_shoulder_pan,2116,2087,-29,38,1,1082
1.008,2026-08-05T05:45:43.514902+00:00,right_shoulder_lift,2190,2249,59,35,8,132
1.008,2026-08-05T05:45:43.514902+00:00,right_elbow_flex,2097,2137,40,37,6,94
1.008,2026-08-05T05:45:43.514902+00:00,right_wrist_flex,1976,1984,8,34,1,30
1.008,2026-08-05T05:45:43.514902+00:00,right_wrist_roll,2114,2111,-3,34,1,1044
1.008,2026-08-05T05:45:43.514902+00:00,right_gripper,2457,2462,5,37,1,24
1.058,2026-08-05T05:45:43.564809+00:00,left_shoulder_pan,1857,1851,-6,37,1,1060
1.058,2026-08-05T05:45:43.564809+00:00,left_shoulder_lift,2389,2420,31,36,10,136
1.058,2026-08-05T05:45:43.564809+00:00,left_elbow_flex,1629,1635,6,34,1,36
1.058,2026-08-05T05:45:43.564809+00:00,left_wrist_flex,2169,2170,1,34,0,0
1.058,2026-08-05T05:45:43.564809+00:00,left_wrist_roll,1989,1987,-2,34,1,1044
1.058,2026-08-05T05:45:43.564809+00:00,left_gripper,2014,2014,0,36,0,0
1.058,2026-08-05T05:45:43.564809+00:00,right_shoulder_pan,2122,2093,-29,37,1,1082
1.058,2026-08-05T05:45:43.564809+00:00,right_shoulder_lift,2184,2249,65,35,9,146
1.058,2026-08-05T05:45:43.564809+00:00,right_elbow_flex,2097,2137,40,37,6,94
1.058,2026-08-05T05:45:43.564809+00:00,right_wrist_flex,1976,1984,8,34,0,30
1.058,2026-08-05T05:45:43.564809+00:00,right_wrist_roll,2114,2111,-3,34,0,1044
1.058,2026-08-05T05:45:43.564809+00:00,right_gripper,2457,2462,5,37,0,24
1.109,2026-08-05T05:45:43.615452+00:00,left_shoulder_pan,1857,1852,-5,37,1,1056
1.109,2026-08-05T05:45:43.615452+00:00,left_shoulder_lift,2389,2420,31,36,8,136
1.109,2026-08-05T05:45:43.615452+00:00,left_elbow_flex,1629,1635,6,34,1,36
1.109,2026-08-05T05:45:43.615452+00:00,left_wrist_flex,2169,2170,1,34,0,0
1.109,2026-08-05T05:45:43.615452+00:00,left_wrist_roll,1989,1987,-2,34,0,1044
1.109,2026-08-05T05:45:43.615452+00:00,left_gripper,2014,2014,0,37,0,0
1.109,2026-08-05T05:45:43.615452+00:00,right_shoulder_pan,2127,2099,-28,37,1,1078
1.109,2026-08-05T05:45:43.615452+00:00,right_shoulder_lift,2178,2248,70,35,10,150
1.109,2026-08-05T05:45:43.615452+00:00,right_elbow_flex,2097,2137,40,37,6,94
1.109,2026-08-05T05:45:43.615452+00:00,right_wrist_flex,1976,1984,8,34,0,30
1.109,2026-08-05T05:45:43.615452+00:00,right_wrist_roll,2114,2111,-3,34,0,1044
1.109,2026-08-05T05:45:43.615452+00:00,right_gripper,2457,2462,5,37,0,24
1.159,2026-08-05T05:45:43.665354+00:00,left_shoulder_pan,1857,1852,-5,37,1,1056
1.159,2026-08-05T05:45:43.665354+00:00,left_shoulder_lift,2389,2420,31,36,10,136
1.159,2026-08-05T05:45:43.665354+00:00,left_elbow_flex,1629,1635,6,34,1,36
1.159,2026-08-05T05:45:43.665354+00:00,left_wrist_flex,2169,2170,1,34,0,0
1.159,2026-08-05T05:45:43.665354+00:00,left_wrist_roll,1989,1987,-2,34,0,1044
1.159,2026-08-05T05:45:43.665354+00:00,left_gripper,2014,2014,0,36,0,0
1.159,2026-08-05T05:45:43.665354+00:00,right_shoulder_pan,2132,2105,-27,37,2,1084
1.159,2026-08-05T05:45:43.665354+00:00,right_shoulder_lift,2172,2247,75,35,14,164
1.159,2026-08-05T05:45:43.665354+00:00,right_elbow_flex,2097,2136,39,37,5,92
1.159,2026-08-05T05:45:43.665354+00:00,right_wrist_flex,1976,1984,8,34,1,30
1.159,2026-08-05T05:45:43.665354+00:00,right_wrist_roll,2114,2111,-3,34,1,1044
1.159,2026-08-05T05:45:43.665354+00:00,right_gripper,2457,2462,5,37,0,24
1.209,2026-08-05T05:45:43.716086+00:00,left_shoulder_pan,1857,1851,-6,37,1,1060
1.209,2026-08-05T05:45:43.716086+00:00,left_shoulder_lift,2389,2420,31,36,9,136
1.209,2026-08-05T05:45:43.716086+00:00,left_elbow_flex,1629,1635,6,34,1,36
1.209,2026-08-05T05:45:43.716086+00:00,left_wrist_flex,2169,2170,1,34,0,0
1.209,2026-08-05T05:45:43.716086+00:00,left_wrist_roll,1989,1987,-2,34,1,1044
1.209,2026-08-05T05:45:43.716086+00:00,left_gripper,2014,2014,0,37,0,0
1.209,2026-08-05T05:45:43.716086+00:00,right_shoulder_pan,2137,2111,-26,37,1,1074
1.209,2026-08-05T05:45:43.716086+00:00,right_shoulder_lift,2165,2247,82,35,16,174
1.209,2026-08-05T05:45:43.716086+00:00,right_elbow_flex,2097,2136,39,37,6,92
1.209,2026-08-05T05:45:43.716086+00:00,right_wrist_flex,1976,1984,8,34,1,30
1.209,2026-08-05T05:45:43.716086+00:00,right_wrist_roll,2114,2111,-3,34,1,1044
1.209,2026-08-05T05:45:43.716086+00:00,right_gripper,2457,2462,5,37,0,24
1.260,2026-08-05T05:45:43.768074+00:00,left_shoulder_pan,1857,1851,-6,37,1,1060
1.260,2026-08-05T05:45:43.768074+00:00,left_shoulder_lift,2389,2420,31,36,8,136
1.260,2026-08-05T05:45:43.768074+00:00,left_elbow_flex,1629,1635,6,34,1,36
1.260,2026-08-05T05:45:43.768074+00:00,left_wrist_flex,2169,2170,1,34,0,0
1.260,2026-08-05T05:45:43.768074+00:00,left_wrist_roll,1989,1987,-2,34,0,1044
1.260,2026-08-05T05:45:43.768074+00:00,left_gripper,2014,2014,0,36,0,0
1.260,2026-08-05T05:45:43.768074+00:00,right_shoulder_pan,2141,2116,-25,37,1,1082
1.260,2026-08-05T05:45:43.768074+00:00,right_shoulder_lift,2159,2248,89,35,19,196
1.260,2026-08-05T05:45:43.768074+00:00,right_elbow_flex,2097,2137,40,37,6,98
1.260,2026-08-05T05:45:43.768074+00:00,right_wrist_flex,1976,1984,8,34,0,30
1.260,2026-08-05T05:45:43.768074+00:00,right_wrist_roll,2114,2111,-3,34,0,1044
1.260,2026-08-05T05:45:43.768074+00:00,right_gripper,2457,2462,5,37,0,24
1.310,2026-08-05T05:45:43.816633+00:00,left_shoulder_pan,1857,1851,-6,37,1,1060
1.310,2026-08-05T05:45:43.816633+00:00,left_shoulder_lift,2389,2420,31,36,8,136
1.310,2026-08-05T05:45:43.816633+00:00,left_elbow_flex,1629,1635,6,34,1,36
1.310,2026-08-05T05:45:43.816633+00:00,left_wrist_flex,2169,2170,1,34,0,0
1.310,2026-08-05T05:45:43.816633+00:00,left_wrist_roll,1989,1987,-2,34,0,1044
1.310,2026-08-05T05:45:43.816633+00:00,left_gripper,2014,2014,0,36,0,0
1.310,2026-08-05T05:45:43.816633+00:00,right_shoulder_pan,2145,2121,-24,37,1,1078
1.310,2026-08-05T05:45:43.816633+00:00,right_shoulder_lift,2152,2248,96,35,21,200
1.310,2026-08-05T05:45:43.816633+00:00,right_elbow_flex,2097,2137,40,37,7,94
1.310,2026-08-05T05:45:43.816633+00:00,right_wrist_flex,1976,1984,8,34,0,30
1.310,2026-08-05T05:45:43.816633+00:00,right_wrist_roll,2114,2111,-3,34,0,1044
1.310,2026-08-05T05:45:43.816633+00:00,right_gripper,2457,2462,5,37,0,24
1.360,2026-08-05T05:45:43.866798+00:00,left_shoulder_pan,1857,1851,-6,37,1,1060
1.360,2026-08-05T05:45:43.866798+00:00,left_shoulder_lift,2389,2420,31,36,9,136
1.360,2026-08-05T05:45:43.866798+00:00,left_elbow_flex,1629,1635,6,34,1,36
1.360,2026-08-05T05:45:43.866798+00:00,left_wrist_flex,2169,2170,1,34,0,0
1.360,2026-08-05T05:45:43.866798+00:00,left_wrist_roll,1989,1987,-2,34,0,1044
1.360,2026-08-05T05:45:43.866798+00:00,left_gripper,2014,2014,0,36,0,0
1.360,2026-08-05T05:45:43.866798+00:00,right_shoulder_pan,2149,2126,-23,37,0,1076
1.360,2026-08-05T05:45:43.866798+00:00,right_shoulder_lift,2145,2248,103,35,22,218
1.360,2026-08-05T05:45:43.866798+00:00,right_elbow_flex,2097,2137,40,37,6,94
1.360,2026-08-05T05:45:43.866798+00:00,right_wrist_flex,1976,1984,8,34,0,30
1.360,2026-08-05T05:45:43.866798+00:00,right_wrist_roll,2114,2111,-3,34,0,1044
1.360,2026-08-05T05:45:43.866798+00:00,right_gripper,2457,2462,5,37,1,24
1.410,2026-08-05T05:45:43.916580+00:00,left_shoulder_pan,1857,1851,-6,37,2,1060
1.410,2026-08-05T05:45:43.916580+00:00,left_shoulder_lift,2389,2420,31,36,9,136
1.410,2026-08-05T05:45:43.916580+00:00,left_elbow_flex,1629,1635,6,34,1,36
1.410,2026-08-05T05:45:43.916580+00:00,left_wrist_flex,2169,2170,1,35,0,0
1.410,2026-08-05T05:45:43.916580+00:00,left_wrist_roll,1989,1987,-2,34,0,1044
1.410,2026-08-05T05:45:43.916580+00:00,left_gripper,2014,2014,0,36,0,0
1.410,2026-08-05T05:45:43.916580+00:00,right_shoulder_pan,2153,2131,-22,37,1,1074
1.410,2026-08-05T05:45:43.916580+00:00,right_shoulder_lift,2138,2247,109,35,33,226
1.410,2026-08-05T05:45:43.916580+00:00,right_elbow_flex,2097,2137,40,37,7,94
1.410,2026-08-05T05:45:43.916580+00:00,right_wrist_flex,1976,1984,8,34,1,30
1.410,2026-08-05T05:45:43.916580+00:00,right_wrist_roll,2114,2111,-3,34,0,1044
1.410,2026-08-05T05:45:43.916580+00:00,right_gripper,2457,2462,5,37,0,24
1.460,2026-08-05T05:45:43.966740+00:00,left_shoulder_pan,1857,1851,-6,37,1,1060
1.460,2026-08-05T05:45:43.966740+00:00,left_shoulder_lift,2389,2420,31,36,11,136
1.460,2026-08-05T05:45:43.966740+00:00,left_elbow_flex,1629,1635,6,34,1,36
1.460,2026-08-05T05:45:43.966740+00:00,left_wrist_flex,2169,2170,1,34,0,0
1.460,2026-08-05T05:45:43.966740+00:00,left_wrist_roll,1989,1987,-2,34,1,1044
1.460,2026-08-05T05:45:43.966740+00:00,left_gripper,2014,2014,0,36,0,0
1.460,2026-08-05T05:45:43.966740+00:00,right_shoulder_pan,2156,2135,-21,37,1,1072
1.460,2026-08-05T05:45:43.966740+00:00,right_shoulder_lift,2131,2247,116,35,31,244
1.460,2026-08-05T05:45:43.966740+00:00,right_elbow_flex,2097,2137,40,37,7,94
1.460,2026-08-05T05:45:43.966740+00:00,right_wrist_flex,1976,1984,8,34,1,30
1.460,2026-08-05T05:45:43.966740+00:00,right_wrist_roll,2114,2111,-3,34,0,1044
1.460,2026-08-05T05:45:43.966740+00:00,right_gripper,2457,2462,5,37,0,24
1.510,2026-08-05T05:45:44.016742+00:00,left_shoulder_pan,1857,1851,-6,37,1,1060
1.510,2026-08-05T05:45:44.016742+00:00,left_shoulder_lift,2389,2420,31,36,8,136
1.510,2026-08-05T05:45:44.016742+00:00,left_elbow_flex,1629,1635,6,34,1,36
1.510,2026-08-05T05:45:44.016742+00:00,left_wrist_flex,2169,2170,1,34,0,0
1.510,2026-08-05T05:45:44.016742+00:00,left_wrist_roll,1989,1987,-2,34,0,1044
1.510,2026-08-05T05:45:44.016742+00:00,left_gripper,2014,2014,0,37,0,0
1.510,2026-08-05T05:45:44.016742+00:00,right_shoulder_pan,2159,2139,-20,37,1,1068
1.510,2026-08-05T05:45:44.016742+00:00,right_shoulder_lift,2124,2247,123,35,37,254
1.510,2026-08-05T05:45:44.016742+00:00,right_elbow_flex,2097,2137,40,37,6,94
1.510,2026-08-05T05:45:44.016742+00:00,right_wrist_flex,1976,1984,8,34,0,30
1.510,2026-08-05T05:45:44.016742+00:00,right_wrist_roll,2114,2111,-3,34,1,1044
1.510,2026-08-05T05:45:44.016742+00:00,right_gripper,2457,2462,5,37,1,24
1.561,2026-08-05T05:45:44.067435+00:00,left_shoulder_pan,1857,1851,-6,37,1,1060
1.561,2026-08-05T05:45:44.067435+00:00,left_shoulder_lift,2389,2420,31,36,10,136
1.561,2026-08-05T05:45:44.067435+00:00,left_elbow_flex,1629,1635,6,34,1,36
1.561,2026-08-05T05:45:44.067435+00:00,left_wrist_flex,2169,2170,1,34,0,0
1.561,2026-08-05T05:45:44.067435+00:00,left_wrist_roll,1989,1987,-2,33,0,1044
1.561,2026-08-05T05:45:44.067435+00:00,left_gripper,2014,2014,0,36,0,0
1.561,2026-08-05T05:45:44.067435+00:00,right_shoulder_pan,2162,2142,-20,37,1,1070
1.561,2026-08-05T05:45:44.067435+00:00,right_shoulder_lift,2117,2247,130,35,50,268
1.561,2026-08-05T05:45:44.067435+00:00,right_elbow_flex,2097,2137,40,37,5,94
1.561,2026-08-05T05:45:44.067435+00:00,right_wrist_flex,1976,1984,8,34,0,30
1.561,2026-08-05T05:45:44.067435+00:00,right_wrist_roll,2114,2111,-3,34,0,1044
1.561,2026-08-05T05:45:44.067435+00:00,right_gripper,2457,2462,5,37,0,24
1.611,2026-08-05T05:45:44.118840+00:00,left_shoulder_pan,1857,1851,-6,37,1,1060
1.611,2026-08-05T05:45:44.118840+00:00,left_shoulder_lift,2389,2420,31,36,8,136
1.611,2026-08-05T05:45:44.118840+00:00,left_elbow_flex,1629,1635,6,34,1,36
1.611,2026-08-05T05:45:44.118840+00:00,left_wrist_flex,2169,2170,1,34,0,0
1.611,2026-08-05T05:45:44.118840+00:00,left_wrist_roll,1989,1987,-2,34,1,1044
1.611,2026-08-05T05:45:44.118840+00:00,left_gripper,2014,2014,0,36,0,0
1.611,2026-08-05T05:45:44.118840+00:00,right_shoulder_pan,2165,2146,-19,37,1,1070
1.611,2026-08-05T05:45:44.118840+00:00,right_shoulder_lift,2109,2247,138,35,40,286
1.611,2026-08-05T05:45:44.118840+00:00,right_elbow_flex,2097,2137,40,37,6,94
1.611,2026-08-05T05:45:44.118840+00:00,right_wrist_flex,1976,1984,8,34,1,30
1.611,2026-08-05T05:45:44.118840+00:00,right_wrist_roll,2114,2111,-3,34,0,1044
1.611,2026-08-05T05:45:44.118840+00:00,right_gripper,2457,2462,5,37,1,24
1.661,2026-08-05T05:45:44.167652+00:00,left_shoulder_pan,1857,1851,-6,37,1,1060
1.661,2026-08-05T05:45:44.167652+00:00,left_shoulder_lift,2389,2420,31,36,11,136
1.661,2026-08-05T05:45:44.167652+00:00,left_elbow_flex,1629,1635,6,34,0,36
1.661,2026-08-05T05:45:44.167652+00:00,left_wrist_flex,2169,2170,1,34,0,0
1.661,2026-08-05T05:45:44.167652+00:00,left_wrist_roll,1989,1987,-2,34,0,1044
1.661,2026-08-05T05:45:44.167652+00:00,left_gripper,2014,2014,0,36,0,0
1.661,2026-08-05T05:45:44.167652+00:00,right_shoulder_pan,2167,2149,-18,37,1,1070
1.661,2026-08-05T05:45:44.167652+00:00,right_shoulder_lift,2102,2247,145,35,51,302
1.661,2026-08-05T05:45:44.167652+00:00,right_elbow_flex,2097,2137,40,37,5,94
1.661,2026-08-05T05:45:44.167652+00:00,right_wrist_flex,1976,1984,8,34,1,30
1.661,2026-08-05T05:45:44.167652+00:00,right_wrist_roll,2114,2111,-3,34,0,1044
1.661,2026-08-05T05:45:44.167652+00:00,right_gripper,2457,2462,5,37,0,24
1.711,2026-08-05T05:45:44.217443+00:00,left_shoulder_pan,1857,1851,-6,37,1,1060
1.711,2026-08-05T05:45:44.217443+00:00,left_shoulder_lift,2389,2420,31,36,10,136
1.711,2026-08-05T05:45:44.217443+00:00,left_elbow_flex,1629,1635,6,34,1,36
1.711,2026-08-05T05:45:44.217443+00:00,left_wrist_flex,2169,2170,1,34,0,0
1.711,2026-08-05T05:45:44.217443+00:00,left_wrist_roll,1989,1987,-2,34,0,1044
1.711,2026-08-05T05:45:44.217443+00:00,left_gripper,2014,2014,0,37,0,0
1.711,2026-08-05T05:45:44.217443+00:00,right_shoulder_pan,2169,2152,-17,37,1,1068
1.711,2026-08-05T05:45:44.217443+00:00,right_shoulder_lift,2094,2247,153,35,45,316
1.711,2026-08-05T05:45:44.217443+00:00,right_elbow_flex,2097,2137,40,37,6,94
1.711,2026-08-05T05:45:44.217443+00:00,right_wrist_flex,1976,1984,8,34,1,30
1.711,2026-08-05T05:45:44.217443+00:00,right_wrist_roll,2114,2111,-3,34,0,1044
1.711,2026-08-05T05:45:44.217443+00:00,right_gripper,2457,2462,5,37,0,24
1.761,2026-08-05T05:45:44.269218+00:00,left_shoulder_pan,1857,1851,-6,37,1,1060
1.761,2026-08-05T05:45:44.269218+00:00,left_shoulder_lift,2389,2420,31,36,8,136
1.761,2026-08-05T05:45:44.269218+00:00,left_elbow_flex,1629,1635,6,34,0,36
1.761,2026-08-05T05:45:44.269218+00:00,left_wrist_flex,2169,2170,1,34,0,0
1.761,2026-08-05T05:45:44.269218+00:00,left_wrist_roll,1989,1987,-2,34,0,1044
1.761,2026-08-05T05:45:44.269218+00:00,left_gripper,2014,2014,0,36,0,0
1.761,2026-08-05T05:45:44.269218+00:00,right_shoulder_pan,2170,2155,-15,37,1,1062
1.761,2026-08-05T05:45:44.269218+00:00,right_shoulder_lift,2086,2247,161,35,59,332
1.761,2026-08-05T05:45:44.269218+00:00,right_elbow_flex,2097,2137,40,37,5,94
1.761,2026-08-05T05:45:44.269218+00:00,right_wrist_flex,1976,1984,8,34,1,30
1.761,2026-08-05T05:45:44.269218+00:00,right_wrist_roll,2114,2111,-3,34,0,1044
1.761,2026-08-05T05:45:44.269218+00:00,right_gripper,2457,2462,5,37,1,24
1.811,2026-08-05T05:45:44.319387+00:00,left_shoulder_pan,1857,1851,-6,37,1,1060
1.811,2026-08-05T05:45:44.319387+00:00,left_shoulder_lift,2389,2420,31,36,8,136
1.811,2026-08-05T05:45:44.319387+00:00,left_elbow_flex,1629,1635,6,34,1,36
1.811,2026-08-05T05:45:44.319387+00:00,left_wrist_flex,2169,2170,1,34,0,0
1.811,2026-08-05T05:45:44.319387+00:00,left_wrist_roll,1989,1987,-2,34,0,1044
1.811,2026-08-05T05:45:44.319387+00:00,left_gripper,2014,2014,0,36,0,0
1.811,2026-08-05T05:45:44.319387+00:00,right_shoulder_pan,2172,2156,-16,37,1,1062
1.811,2026-08-05T05:45:44.319387+00:00,right_shoulder_lift,2079,2247,168,35,58,348
1.811,2026-08-05T05:45:44.319387+00:00,right_elbow_flex,2097,2137,40,37,6,94
1.811,2026-08-05T05:45:44.319387+00:00,right_wrist_flex,1976,1984,8,34,1,30
1.811,2026-08-05T05:45:44.319387+00:00,right_wrist_roll,2114,2111,-3,34,0,1044
1.811,2026-08-05T05:45:44.319387+00:00,right_gripper,2457,2462,5,37,1,24
1.861,2026-08-05T05:45:44.367637+00:00,left_shoulder_pan,1857,1851,-6,37,1,1060
1.861,2026-08-05T05:45:44.367637+00:00,left_shoulder_lift,2389,2420,31,36,8,136
1.861,2026-08-05T05:45:44.367637+00:00,left_elbow_flex,1629,1635,6,34,1,36
1.861,2026-08-05T05:45:44.367637+00:00,left_wrist_flex,2169,2170,1,34,0,0
1.861,2026-08-05T05:45:44.367637+00:00,left_wrist_roll,1989,1987,-2,34,1,1044
1.861,2026-08-05T05:45:44.367637+00:00,left_gripper,2014,2014,0,36,0,0
1.861,2026-08-05T05:45:44.367637+00:00,right_shoulder_pan,2173,2157,-16,37,1,1064
1.861,2026-08-05T05:45:44.367637+00:00,right_shoulder_lift,2071,2247,176,35,69,358
1.861,2026-08-05T05:45:44.367637+00:00,right_elbow_flex,2097,2137,40,37,6,94
1.861,2026-08-05T05:45:44.367637+00:00,right_wrist_flex,1976,1984,8,34,0,30
1.861,2026-08-05T05:45:44.367637+00:00,right_wrist_roll,2114,2111,-3,34,0,1044
1.861,2026-08-05T05:45:44.367637+00:00,right_gripper,2457,2462,5,38,0,24
1.911,2026-08-05T05:45:44.417999+00:00,left_shoulder_pan,1857,1851,-6,37,1,1060
1.911,2026-08-05T05:45:44.417999+00:00,left_shoulder_lift,2389,2420,31,36,9,136
1.911,2026-08-05T05:45:44.417999+00:00,left_elbow_flex,1629,1635,6,34,1,36
1.911,2026-08-05T05:45:44.417999+00:00,left_wrist_flex,2169,2170,1,34,0,0
1.911,2026-08-05T05:45:44.417999+00:00,left_wrist_roll,1989,1987,-2,34,0,1044
1.911,2026-08-05T05:45:44.417999+00:00,left_gripper,2014,2014,0,36,0,0
1.911,2026-08-05T05:45:44.417999+00:00,right_shoulder_pan,2174,2159,-15,37,1,1062
1.911,2026-08-05T05:45:44.417999+00:00,right_shoulder_lift,2063,2247,184,35,67,378
1.911,2026-08-05T05:45:44.417999+00:00,right_elbow_flex,2097,2137,40,37,7,94
1.911,2026-08-05T05:45:44.417999+00:00,right_wrist_flex,1976,1984,8,34,1,30
1.911,2026-08-05T05:45:44.417999+00:00,right_wrist_roll,2114,2111,-3,34,0,1044
1.911,2026-08-05T05:45:44.417999+00:00,right_gripper,2457,2462,5,37,0,24
1.962,2026-08-05T05:45:44.468749+00:00,left_shoulder_pan,1857,1851,-6,37,1,1060
1.962,2026-08-05T05:45:44.468749+00:00,left_shoulder_lift,2389,2420,31,36,10,136
1.962,2026-08-05T05:45:44.468749+00:00,left_elbow_flex,1629,1635,6,34,1,36
1.962,2026-08-05T05:45:44.468749+00:00,left_wrist_flex,2169,2170,1,34,0,0
1.962,2026-08-05T05:45:44.468749+00:00,left_wrist_roll,1989,1987,-2,34,0,1044
1.962,2026-08-05T05:45:44.468749+00:00,left_gripper,2014,2014,0,36,0,0
1.962,2026-08-05T05:45:44.468749+00:00,right_shoulder_pan,2174,2159,-15,37,1,1068
1.962,2026-08-05T05:45:44.468749+00:00,right_shoulder_lift,2055,2247,192,35,74,394
1.962,2026-08-05T05:45:44.468749+00:00,right_elbow_flex,2097,2137,40,37,6,94
1.962,2026-08-05T05:45:44.468749+00:00,right_wrist_flex,1976,1984,8,34,0,30
1.962,2026-08-05T05:45:44.468749+00:00,right_wrist_roll,2114,2111,-3,34,0,1044
1.962,2026-08-05T05:45:44.468749+00:00,right_gripper,2457,2462,5,37,0,24
2.012,2026-08-05T05:45:44.519321+00:00,left_shoulder_pan,1857,1851,-6,37,1,1060
2.012,2026-08-05T05:45:44.519321+00:00,left_shoulder_lift,2389,2420,31,36,10,136
2.012,2026-08-05T05:45:44.519321+00:00,left_elbow_flex,1629,1635,6,34,0,36
2.012,2026-08-05T05:45:44.519321+00:00,left_wrist_flex,2169,2170,1,34,0,0
2.012,2026-08-05T05:45:44.519321+00:00,left_wrist_roll,1989,1987,-2,34,0,1044
2.012,2026-08-05T05:45:44.519321+00:00,left_gripper,2014,2014,0,36,0,0
2.012,2026-08-05T05:45:44.519321+00:00,right_shoulder_pan,2174,2160,-14,37,1,1062
2.012,2026-08-05T05:45:44.519321+00:00,right_shoulder_lift,2047,2247,200,35,84,410
2.012,2026-08-05T05:45:44.519321+00:00,right_elbow_flex,2097,2137,40,37,5,94
2.012,2026-08-05T05:45:44.519321+00:00,right_wrist_flex,1976,1984,8,35,1,30
2.012,2026-08-05T05:45:44.519321+00:00,right_wrist_roll,2114,2111,-3,34,0,1044
2.012,2026-08-05T05:45:44.519321+00:00,right_gripper,2457,2462,5,37,1,24
2.062,2026-08-05T05:45:44.569769+00:00,left_shoulder_pan,1857,1851,-6,37,1,1060
2.062,2026-08-05T05:45:44.569769+00:00,left_shoulder_lift,2389,2420,31,36,11,136
2.062,2026-08-05T05:45:44.569769+00:00,left_elbow_flex,1629,1635,6,34,1,36
2.062,2026-08-05T05:45:44.569769+00:00,left_wrist_flex,2169,2170,1,34,0,0
2.062,2026-08-05T05:45:44.569769+00:00,left_wrist_roll,1989,1987,-2,34,1,1044
2.062,2026-08-05T05:45:44.569769+00:00,left_gripper,2014,2014,0,36,0,0
2.062,2026-08-05T05:45:44.569769+00:00,right_shoulder_pan,2174,2160,-14,37,1,1066
2.062,2026-08-05T05:45:44.569769+00:00,right_shoulder_lift,2039,2247,208,35,84,426
2.062,2026-08-05T05:45:44.569769+00:00,right_elbow_flex,2097,2137,40,37,6,94
2.062,2026-08-05T05:45:44.569769+00:00,right_wrist_flex,1976,1984,8,34,0,30
2.062,2026-08-05T05:45:44.569769+00:00,right_wrist_roll,2114,2111,-3,34,0,1044
2.062,2026-08-05T05:45:44.569769+00:00,right_gripper,2457,2462,5,37,1,24
2.113,2026-08-05T05:45:44.619908+00:00,left_shoulder_pan,1857,1851,-6,37,1,1060
2.113,2026-08-05T05:45:44.619908+00:00,left_shoulder_lift,2389,2420,31,36,9,136
2.113,2026-08-05T05:45:44.619908+00:00,left_elbow_flex,1629,1635,6,34,1,36
2.113,2026-08-05T05:45:44.619908+00:00,left_wrist_flex,2169,2170,1,34,0,0
2.113,2026-08-05T05:45:44.619908+00:00,left_wrist_roll,1989,1987,-2,34,0,1044
2.113,2026-08-05T05:45:44.619908+00:00,left_gripper,2014,2014,0,37,0,0
2.113,2026-08-05T05:45:44.619908+00:00,right_shoulder_pan,2173,2160,-13,37,2,1064
2.113,2026-08-05T05:45:44.619908+00:00,right_shoulder_lift,2031,2247,216,35,108,446
2.113,2026-08-05T05:45:44.619908+00:00,right_elbow_flex,2097,2137,40,37,6,94
2.113,2026-08-05T05:45:44.619908+00:00,right_wrist_flex,1976,1984,8,34,0,30
2.113,2026-08-05T05:45:44.619908+00:00,right_wrist_roll,2114,2111,-3,34,0,1044
2.113,2026-08-05T05:45:44.619908+00:00,right_gripper,2457,2462,5,37,0,24
2.163,2026-08-05T05:45:44.670153+00:00,left_shoulder_pan,1857,1851,-6,37,1,1060
2.163,2026-08-05T05:45:44.670153+00:00,left_shoulder_lift,2389,2420,31,36,8,136
2.163,2026-08-05T05:45:44.670153+00:00,left_elbow_flex,1629,1635,6,35,1,36
2.163,2026-08-05T05:45:44.670153+00:00,left_wrist_flex,2169,2170,1,34,0,0
2.163,2026-08-05T05:45:44.670153+00:00,left_wrist_roll,1989,1987,-2,34,0,1044
2.163,2026-08-05T05:45:44.670153+00:00,left_gripper,2014,2014,0,37,0,0
2.163,2026-08-05T05:45:44.670153+00:00,right_shoulder_pan,2172,2160,-12,37,1,1062
2.163,2026-08-05T05:45:44.670153+00:00,right_shoulder_lift,2023,2247,224,35,104,450
2.163,2026-08-05T05:45:44.670153+00:00,right_elbow_flex,2097,2137,40,37,6,94
2.163,2026-08-05T05:45:44.670153+00:00,right_wrist_flex,1976,1984,8,34,1,30
2.163,2026-08-05T05:45:44.670153+00:00,right_wrist_roll,2114,2111,-3,34,0,1044
2.163,2026-08-05T05:45:44.670153+00:00,right_gripper,2457,2462,5,37,1,24
2.213,2026-08-05T05:45:44.720177+00:00,left_shoulder_pan,1857,1851,-6,37,1,1060
2.213,2026-08-05T05:45:44.720177+00:00,left_shoulder_lift,2389,2420,31,36,11,136
2.213,2026-08-05T05:45:44.720177+00:00,left_elbow_flex,1629,1635,6,34,2,36
2.213,2026-08-05T05:45:44.720177+00:00,left_wrist_flex,2169,2170,1,34,0,0
2.213,2026-08-05T05:45:44.720177+00:00,left_wrist_roll,1989,1987,-2,34,1,1044
2.213,2026-08-05T05:45:44.720177+00:00,left_gripper,2014,2014,0,36,0,0
2.213,2026-08-05T05:45:44.720177+00:00,right_shoulder_pan,2171,2160,-11,37,1,1060
2.213,2026-08-05T05:45:44.720177+00:00,right_shoulder_lift,2016,2247,231,35,103,450
2.213,2026-08-05T05:45:44.720177+00:00,right_elbow_flex,2097,2137,40,37,6,94
2.213,2026-08-05T05:45:44.720177+00:00,right_wrist_flex,1976,1984,8,34,1,30
2.213,2026-08-05T05:45:44.720177+00:00,right_wrist_roll,2114,2111,-3,33,0,1044
2.213,2026-08-05T05:45:44.720177+00:00,right_gripper,2457,2462,5,37,1,24
2.264,2026-08-05T05:45:44.770639+00:00,left_shoulder_pan,1857,1851,-6,37,1,1060
2.264,2026-08-05T05:45:44.770639+00:00,left_shoulder_lift,2389,2420,31,36,10,136
2.264,2026-08-05T05:45:44.770639+00:00,left_elbow_flex,1629,1635,6,34,0,36
2.264,2026-08-05T05:45:44.770639+00:00,left_wrist_flex,2169,2170,1,34,0,0
2.264,2026-08-05T05:45:44.770639+00:00,left_wrist_roll,1989,1987,-2,34,0,1044
2.264,2026-08-05T05:45:44.770639+00:00,left_gripper,2014,2014,0,36,0,0
2.264,2026-08-05T05:45:44.770639+00:00,right_shoulder_pan,2170,2160,-10,37,1,1058
2.264,2026-08-05T05:45:44.770639+00:00,right_shoulder_lift,2008,2247,239,35,98,450
2.264,2026-08-05T05:45:44.770639+00:00,right_elbow_flex,2097,2137,40,37,6,94
2.264,2026-08-05T05:45:44.770639+00:00,right_wrist_flex,1976,1984,8,35,0,30
2.264,2026-08-05T05:45:44.770639+00:00,right_wrist_roll,2114,2111,-3,34,0,1044
2.264,2026-08-05T05:45:44.770639+00:00,right_gripper,2457,2462,5,37,0,24
2.314,2026-08-05T05:45:44.820768+00:00,left_shoulder_pan,1857,1851,-6,37,1,1060
2.314,2026-08-05T05:45:44.820768+00:00,left_shoulder_lift,2389,2420,31,36,10,136
2.314,2026-08-05T05:45:44.820768+00:00,left_elbow_flex,1629,1635,6,34,1,36
2.314,2026-08-05T05:45:44.820768+00:00,left_wrist_flex,2169,2170,1,34,0,0
2.314,2026-08-05T05:45:44.820768+00:00,left_wrist_roll,1989,1987,-2,34,0,1044
2.314,2026-08-05T05:45:44.820768+00:00,left_gripper,2014,2014,0,36,0,0
2.314,2026-08-05T05:45:44.820768+00:00,right_shoulder_pan,2168,2160,-8,37,1,1056
2.314,2026-08-05T05:45:44.820768+00:00,right_shoulder_lift,2000,2247,247,35,94,450
2.314,2026-08-05T05:45:44.820768+00:00,right_elbow_flex,2097,2137,40,37,6,94
2.314,2026-08-05T05:45:44.820768+00:00,right_wrist_flex,1976,1984,8,34,0,30
2.314,2026-08-05T05:45:44.820768+00:00,right_wrist_roll,2114,2111,-3,34,0,1044
2.314,2026-08-05T05:45:44.820768+00:00,right_gripper,2457,2462,5,37,0,24
2.364,2026-08-05T05:45:44.870881+00:00,left_shoulder_pan,1857,1851,-6,37,1,1060
2.364,2026-08-05T05:45:44.870881+00:00,left_shoulder_lift,2389,2420,31,36,9,136
2.364,2026-08-05T05:45:44.870881+00:00,left_elbow_flex,1629,1635,6,34,0,36
2.364,2026-08-05T05:45:44.870881+00:00,left_wrist_flex,2169,2170,1,34,0,0
2.364,2026-08-05T05:45:44.870881+00:00,left_wrist_roll,1989,1987,-2,34,0,1044
2.364,2026-08-05T05:45:44.870881+00:00,left_gripper,2014,2014,0,36,0,0
2.364,2026-08-05T05:45:44.870881+00:00,right_shoulder_pan,2166,2160,-6,37,1,1052
2.364,2026-08-05T05:45:44.870881+00:00,right_shoulder_lift,1993,2247,254,35,94,450
2.364,2026-08-05T05:45:44.870881+00:00,right_elbow_flex,2097,2137,40,37,6,94
2.364,2026-08-05T05:45:44.870881+00:00,right_wrist_flex,1976,1984,8,35,0,30
2.364,2026-08-05T05:45:44.870881+00:00,right_wrist_roll,2114,2111,-3,34,0,1044
2.364,2026-08-05T05:45:44.870881+00:00,right_gripper,2457,2462,5,37,1,24
2.414,2026-08-05T05:45:44.921156+00:00,left_shoulder_pan,1857,1851,-6,37,1,1060
2.414,2026-08-05T05:45:44.921156+00:00,left_shoulder_lift,2389,2420,31,36,11,136
2.414,2026-08-05T05:45:44.921156+00:00,left_elbow_flex,1629,1635,6,34,1,36
2.414,2026-08-05T05:45:44.921156+00:00,left_wrist_flex,2169,2170,1,34,0,0
2.414,2026-08-05T05:45:44.921156+00:00,left_wrist_roll,1989,1987,-2,34,0,1044
2.414,2026-08-05T05:45:44.921156+00:00,left_gripper,2014,2014,0,36,0,0
2.414,2026-08-05T05:45:44.921156+00:00,right_shoulder_pan,2164,2160,-4,37,0,1048
2.414,2026-08-05T05:45:44.921156+00:00,right_shoulder_lift,1985,2247,262,35,105,450
2.414,2026-08-05T05:45:44.921156+00:00,right_elbow_flex,2097,2137,40,37,5,94
2.414,2026-08-05T05:45:44.921156+00:00,right_wrist_flex,1976,1984,8,34,0,30
2.414,2026-08-05T05:45:44.921156+00:00,right_wrist_roll,2114,2111,-3,34,0,1044
2.414,2026-08-05T05:45:44.921156+00:00,right_gripper,2457,2462,5,37,0,24
2.465,2026-08-05T05:45:44.971414+00:00,left_shoulder_pan,1857,1851,-6,37,1,1060
2.465,2026-08-05T05:45:44.971414+00:00,left_shoulder_lift,2389,2420,31,36,8,136
2.465,2026-08-05T05:45:44.971414+00:00,left_elbow_flex,1629,1635,6,34,1,36
2.465,2026-08-05T05:45:44.971414+00:00,left_wrist_flex,2169,2170,1,34,0,0
2.465,2026-08-05T05:45:44.971414+00:00,left_wrist_roll,1989,1987,-2,34,0,1044
2.465,2026-08-05T05:45:44.971414+00:00,left_gripper,2014,2014,0,36,0,0
2.465,2026-08-05T05:45:44.971414+00:00,right_shoulder_pan,2161,2160,-1,37,0,1044
2.465,2026-08-05T05:45:44.971414+00:00,right_shoulder_lift,1978,2247,269,35,94,450
2.465,2026-08-05T05:45:44.971414+00:00,right_elbow_flex,2097,2137,40,37,6,94
2.465,2026-08-05T05:45:44.971414+00:00,right_wrist_flex,1976,1984,8,34,0,30
2.465,2026-08-05T05:45:44.971414+00:00,right_wrist_roll,2114,2111,-3,34,0,1044
2.465,2026-08-05T05:45:44.971414+00:00,right_gripper,2457,2462,5,37,0,24
2.515,2026-08-05T05:45:45.021332+00:00,left_shoulder_pan,1857,1851,-6,37,1,1060
2.515,2026-08-05T05:45:45.021332+00:00,left_shoulder_lift,2389,2420,31,36,10,136
2.515,2026-08-05T05:45:45.021332+00:00,left_elbow_flex,1629,1635,6,34,1,36
2.515,2026-08-05T05:45:45.021332+00:00,left_wrist_flex,2169,2170,1,34,0,0
2.515,2026-08-05T05:45:45.021332+00:00,left_wrist_roll,1989,1987,-2,34,0,1044
2.515,2026-08-05T05:45:45.021332+00:00,left_gripper,2014,2014,0,37,0,0
2.515,2026-08-05T05:45:45.021332+00:00,right_shoulder_pan,2158,2160,2,37,0,0
2.515,2026-08-05T05:45:45.021332+00:00,right_shoulder_lift,1970,2247,277,35,99,450
2.515,2026-08-05T05:45:45.021332+00:00,right_elbow_flex,2097,2137,40,37,6,94
2.515,2026-08-05T05:45:45.021332+00:00,right_wrist_flex,1976,1984,8,34,1,30
2.515,2026-08-05T05:45:45.021332+00:00,right_wrist_roll,2114,2111,-3,34,0,1044
2.515,2026-08-05T05:45:45.021332+00:00,right_gripper,2457,2462,5,37,0,24
2.565,2026-08-05T05:45:45.072345+00:00,left_shoulder_pan,1857,1851,-6,37,1,1060
2.565,2026-08-05T05:45:45.072345+00:00,left_shoulder_lift,2389,2420,31,36,8,136
2.565,2026-08-05T05:45:45.072345+00:00,left_elbow_flex,1629,1635,6,34,0,36
2.565,2026-08-05T05:45:45.072345+00:00,left_wrist_flex,2169,2170,1,34,0,0
2.565,2026-08-05T05:45:45.072345+00:00,left_wrist_roll,1989,1987,-2,34,0,1044
2.565,2026-08-05T05:45:45.072345+00:00,left_gripper,2014,2014,0,37,0,0
2.565,2026-08-05T05:45:45.072345+00:00,right_shoulder_pan,2155,2160,5,37,0,20
2.565,2026-08-05T05:45:45.072345+00:00,right_shoulder_lift,1963,2247,284,35,101,450
2.565,2026-08-05T05:45:45.072345+00:00,right_elbow_flex,2097,2137,40,37,7,94
2.565,2026-08-05T05:45:45.072345+00:00,right_wrist_flex,1976,1984,8,35,1,30
2.565,2026-08-05T05:45:45.072345+00:00,right_wrist_roll,2114,2111,-3,34,0,1044
2.565,2026-08-05T05:45:45.072345+00:00,right_gripper,2457,2462,5,37,0,24
2.616,2026-08-05T05:45:45.122620+00:00,left_shoulder_pan,1857,1851,-6,37,0,1060
2.616,2026-08-05T05:45:45.122620+00:00,left_shoulder_lift,2389,2420,31,36,8,136
2.616,2026-08-05T05:45:45.122620+00:00,left_elbow_flex,1629,1635,6,34,0,36
2.616,2026-08-05T05:45:45.122620+00:00,left_wrist_flex,2169,2170,1,34,0,0
2.616,2026-08-05T05:45:45.122620+00:00,left_wrist_roll,1989,1987,-2,34,0,1044
2.616,2026-08-05T05:45:45.122620+00:00,left_gripper,2014,2014,0,36,0,0
2.616,2026-08-05T05:45:45.122620+00:00,right_shoulder_pan,2151,2159,8,37,0,28
2.616,2026-08-05T05:45:45.122620+00:00,right_shoulder_lift,1956,2247,291,35,103,450
2.616,2026-08-05T05:45:45.122620+00:00,right_elbow_flex,2097,2137,40,37,7,94
2.616,2026-08-05T05:45:45.122620+00:00,right_wrist_flex,1976,1984,8,34,0,30
2.616,2026-08-05T05:45:45.122620+00:00,right_wrist_roll,2114,2111,-3,34,0,1044
2.616,2026-08-05T05:45:45.122620+00:00,right_gripper,2457,2462,5,37,1,24
2.666,2026-08-05T05:45:45.175539+00:00,left_shoulder_pan,1857,1851,-6,37,1,1060
2.666,2026-08-05T05:45:45.175539+00:00,left_shoulder_lift,2389,2420,31,36,8,136
2.666,2026-08-05T05:45:45.175539+00:00,left_elbow_flex,1629,1635,6,34,1,36
2.666,2026-08-05T05:45:45.175539+00:00,left_wrist_flex,2169,2170,1,34,0,0
2.666,2026-08-05T05:45:45.175539+00:00,left_wrist_roll,1989,1987,-2,34,1,1044
2.666,2026-08-05T05:45:45.175539+00:00,left_gripper,2014,2014,0,36,0,0
2.666,2026-08-05T05:45:45.175539+00:00,right_shoulder_pan,2147,2159,12,37,1,36
2.666,2026-08-05T05:45:45.175539+00:00,right_shoulder_lift,1949,2247,298,35,92,450
2.666,2026-08-05T05:45:45.175539+00:00,right_elbow_flex,2097,2137,40,37,6,94
2.666,2026-08-05T05:45:45.175539+00:00,right_wrist_flex,1976,1984,8,34,1,30
2.666,2026-08-05T05:45:45.175539+00:00,right_wrist_roll,2114,2111,-3,34,0,1044
2.666,2026-08-05T05:45:45.175539+00:00,right_gripper,2457,2462,5,37,1,24
2.716,2026-08-05T05:45:45.223063+00:00,left_shoulder_pan,1857,1851,-6,37,1,1060
2.716,2026-08-05T05:45:45.223063+00:00,left_shoulder_lift,2389,2420,31,36,8,136
2.716,2026-08-05T05:45:45.223063+00:00,left_elbow_flex,1629,1635,6,34,1,36
2.716,2026-08-05T05:45:45.223063+00:00,left_wrist_flex,2169,2170,1,34,0,0
2.716,2026-08-05T05:45:45.223063+00:00,left_wrist_roll,1989,1987,-2,34,0,1044
2.716,2026-08-05T05:45:45.223063+00:00,left_gripper,2014,2014,0,37,0,0
2.716,2026-08-05T05:45:45.223063+00:00,right_shoulder_pan,2143,2159,16,37,1,44
2.716,2026-08-05T05:45:45.223063+00:00,right_shoulder_lift,1942,2247,305,35,94,450
2.716,2026-08-05T05:45:45.223063+00:00,right_elbow_flex,2097,2137,40,37,5,94
2.716,2026-08-05T05:45:45.223063+00:00,right_wrist_flex,1976,1984,8,34,1,30
2.716,2026-08-05T05:45:45.223063+00:00,right_wrist_roll,2114,2111,-3,34,0,1044
2.716,2026-08-05T05:45:45.223063+00:00,right_gripper,2457,2462,5,37,1,24
2.766,2026-08-05T05:45:45.272627+00:00,left_shoulder_pan,1857,1851,-6,37,1,1060
2.766,2026-08-05T05:45:45.272627+00:00,left_shoulder_lift,2389,2420,31,36,10,136
2.766,2026-08-05T05:45:45.272627+00:00,left_elbow_flex,1629,1635,6,34,0,36
2.766,2026-08-05T05:45:45.272627+00:00,left_wrist_flex,2169,2170,1,33,0,0
2.766,2026-08-05T05:45:45.272627+00:00,left_wrist_roll,1989,1987,-2,34,0,1044
2.766,2026-08-05T05:45:45.272627+00:00,left_gripper,2014,2014,0,37,0,0
2.766,2026-08-05T05:45:45.272627+00:00,right_shoulder_pan,2139,2157,18,36,1,48
2.766,2026-08-05T05:45:45.272627+00:00,right_shoulder_lift,1936,2247,311,35,105,450
2.766,2026-08-05T05:45:45.272627+00:00,right_elbow_flex,2097,2137,40,37,6,94
2.766,2026-08-05T05:45:45.272627+00:00,right_wrist_flex,1976,1984,8,35,1,30
2.766,2026-08-05T05:45:45.272627+00:00,right_wrist_roll,2114,2111,-3,34,0,1044
2.766,2026-08-05T05:45:45.272627+00:00,right_gripper,2457,2462,5,37,0,24
2.816,2026-08-05T05:45:45.323056+00:00,left_shoulder_pan,1857,1851,-6,37,1,1060
2.816,2026-08-05T05:45:45.323056+00:00,left_shoulder_lift,2389,2420,31,36,11,136
2.816,2026-08-05T05:45:45.323056+00:00,left_elbow_flex,1629,1635,6,34,0,36
2.816,2026-08-05T05:45:45.323056+00:00,left_wrist_flex,2169,2170,1,34,0,0
2.816,2026-08-05T05:45:45.323056+00:00,left_wrist_roll,1989,1987,-2,34,0,1044
2.816,2026-08-05T05:45:45.323056+00:00,left_gripper,2014,2014,0,36,0,0
2.816,2026-08-05T05:45:45.323056+00:00,right_shoulder_pan,2134,2154,20,37,1,46
2.816,2026-08-05T05:45:45.323056+00:00,right_shoulder_lift,1929,2247,318,35,96,450
2.816,2026-08-05T05:45:45.323056+00:00,right_elbow_flex,2097,2137,40,37,6,94
2.816,2026-08-05T05:45:45.323056+00:00,right_wrist_flex,1976,1984,8,34,0,30
2.816,2026-08-05T05:45:45.323056+00:00,right_wrist_roll,2114,2111,-3,34,1,1044
2.816,2026-08-05T05:45:45.323056+00:00,right_gripper,2457,2462,5,37,0,24
2.866,2026-08-05T05:45:45.372999+00:00,left_shoulder_pan,1857,1851,-6,37,1,1060
2.866,2026-08-05T05:45:45.372999+00:00,left_shoulder_lift,2389,2420,31,36,9,136
2.866,2026-08-05T05:45:45.372999+00:00,left_elbow_flex,1629,1635,6,34,1,36
2.866,2026-08-05T05:45:45.372999+00:00,left_wrist_flex,2169,2170,1,34,0,0
2.866,2026-08-05T05:45:45.372999+00:00,left_wrist_roll,1989,1987,-2,34,1,1044
2.866,2026-08-05T05:45:45.372999+00:00,left_gripper,2014,2014,0,36,0,0
2.866,2026-08-05T05:45:45.372999+00:00,right_shoulder_pan,2129,2151,22,37,1,48
2.866,2026-08-05T05:45:45.372999+00:00,right_shoulder_lift,1923,2247,324,35,93,450
2.866,2026-08-05T05:45:45.372999+00:00,right_elbow_flex,2097,2137,40,37,7,94
2.866,2026-08-05T05:45:45.372999+00:00,right_wrist_flex,1976,1984,8,34,0,30
2.866,2026-08-05T05:45:45.372999+00:00,right_wrist_roll,2114,2111,-3,34,0,1044
2.866,2026-08-05T05:45:45.372999+00:00,right_gripper,2457,2462,5,37,0,24
2.916,2026-08-05T05:45:45.422887+00:00,left_shoulder_pan,1857,1851,-6,37,0,1060
2.916,2026-08-05T05:45:45.422887+00:00,left_shoulder_lift,2389,2420,31,36,10,136
2.916,2026-08-05T05:45:45.422887+00:00,left_elbow_flex,1629,1635,6,34,1,36
2.916,2026-08-05T05:45:45.422887+00:00,left_wrist_flex,2169,2170,1,34,0,0
2.916,2026-08-05T05:45:45.422887+00:00,left_wrist_roll,1989,1987,-2,33,1,1044
2.916,2026-08-05T05:45:45.422887+00:00,left_gripper,2014,2014,0,36,0,0
2.916,2026-08-05T05:45:45.422887+00:00,right_shoulder_pan,2124,2146,22,37,1,44
2.916,2026-08-05T05:45:45.422887+00:00,right_shoulder_lift,1917,2247,330,35,104,450
2.916,2026-08-05T05:45:45.422887+00:00,right_elbow_flex,2097,2137,40,37,6,94
2.916,2026-08-05T05:45:45.422887+00:00,right_wrist_flex,1976,1984,8,34,0,30
2.916,2026-08-05T05:45:45.422887+00:00,right_wrist_roll,2114,2111,-3,34,0,1044
2.916,2026-08-05T05:45:45.422887+00:00,right_gripper,2457,2462,5,37,0,24
2.966,2026-08-05T05:45:45.472968+00:00,left_shoulder_pan,1857,1851,-6,37,1,1060
2.966,2026-08-05T05:45:45.472968+00:00,left_shoulder_lift,2389,2420,31,36,8,136
2.966,2026-08-05T05:45:45.472968+00:00,left_elbow_flex,1629,1635,6,34,1,36
2.966,2026-08-05T05:45:45.472968+00:00,left_wrist_flex,2169,2170,1,34,0,0
2.966,2026-08-05T05:45:45.472968+00:00,left_wrist_roll,1989,1987,-2,34,0,1044
2.966,2026-08-05T05:45:45.472968+00:00,left_gripper,2014,2014,0,36,0,0
2.966,2026-08-05T05:45:45.472968+00:00,right_shoulder_pan,2119,2140,21,37,1,50
2.966,2026-08-05T05:45:45.472968+00:00,right_shoulder_lift,1911,2247,336,35,95,450
2.966,2026-08-05T05:45:45.472968+00:00,right_elbow_flex,2097,2137,40,37,6,94
2.966,2026-08-05T05:45:45.472968+00:00,right_wrist_flex,1976,1984,8,34,1,30
2.966,2026-08-05T05:45:45.472968+00:00,right_wrist_roll,2114,2111,-3,34,0,1044
2.966,2026-08-05T05:45:45.472968+00:00,right_gripper,2457,2462,5,37,1,24
3.017,2026-08-05T05:45:45.523642+00:00,left_shoulder_pan,1857,1851,-6,37,1,1060
3.017,2026-08-05T05:45:45.523642+00:00,left_shoulder_lift,2389,2420,31,36,8,136
3.017,2026-08-05T05:45:45.523642+00:00,left_elbow_flex,1629,1635,6,34,1,36
3.017,2026-08-05T05:45:45.523642+00:00,left_wrist_flex,2169,2170,1,34,0,0
3.017,2026-08-05T05:45:45.523642+00:00,left_wrist_roll,1989,1987,-2,34,0,1044
3.017,2026-08-05T05:45:45.523642+00:00,left_gripper,2014,2014,0,36,0,0
3.017,2026-08-05T05:45:45.523642+00:00,right_shoulder_pan,2114,2135,21,37,1,42
3.017,2026-08-05T05:45:45.523642+00:00,right_shoulder_lift,1906,2247,341,35,92,450
3.017,2026-08-05T05:45:45.523642+00:00,right_elbow_flex,2097,2137,40,37,6,94
3.017,2026-08-05T05:45:45.523642+00:00,right_wrist_flex,1976,1984,8,35,0,30
3.017,2026-08-05T05:45:45.523642+00:00,right_wrist_roll,2114,2111,-3,34,1,1044
3.017,2026-08-05T05:45:45.523642+00:00,right_gripper,2457,2462,5,37,1,24
3.067,2026-08-05T05:45:45.574356+00:00,left_shoulder_pan,1857,1851,-6,37,1,1060
3.067,2026-08-05T05:45:45.574356+00:00,left_shoulder_lift,2389,2420,31,36,9,136
3.067,2026-08-05T05:45:45.574356+00:00,left_elbow_flex,1629,1635,6,34,1,36
3.067,2026-08-05T05:45:45.574356+00:00,left_wrist_flex,2169,2170,1,34,0,0
3.067,2026-08-05T05:45:45.574356+00:00,left_wrist_roll,1989,1987,-2,34,1,1044
3.067,2026-08-05T05:45:45.574356+00:00,left_gripper,2014,2014,0,36,0,0
3.067,2026-08-05T05:45:45.574356+00:00,right_shoulder_pan,2108,2129,21,37,1,48
3.067,2026-08-05T05:45:45.574356+00:00,right_shoulder_lift,1900,2247,347,35,94,450
3.067,2026-08-05T05:45:45.574356+00:00,right_elbow_flex,2097,2137,40,37,6,94
3.067,2026-08-05T05:45:45.574356+00:00,right_wrist_flex,1976,1984,8,34,0,30
3.067,2026-08-05T05:45:45.574356+00:00,right_wrist_roll,2114,2111,-3,34,0,1044
3.067,2026-08-05T05:45:45.574356+00:00,right_gripper,2457,2462,5,37,1,24
3.118,2026-08-05T05:45:45.624835+00:00,left_shoulder_pan,1857,1851,-6,37,1,1060
3.118,2026-08-05T05:45:45.624835+00:00,left_shoulder_lift,2389,2420,31,36,11,136
3.118,2026-08-05T05:45:45.624835+00:00,left_elbow_flex,1629,1635,6,34,1,36
3.118,2026-08-05T05:45:45.624835+00:00,left_wrist_flex,2169,2170,1,34,0,0
3.118,2026-08-05T05:45:45.624835+00:00,left_wrist_roll,1989,1987,-2,34,0,1044
3.118,2026-08-05T05:45:45.624835+00:00,left_gripper,2014,2014,0,36,0,0
3.118,2026-08-05T05:45:45.624835+00:00,right_shoulder_pan,2102,2123,21,37,1,50
3.118,2026-08-05T05:45:45.624835+00:00,right_shoulder_lift,1895,2247,352,35,99,450
3.118,2026-08-05T05:45:45.624835+00:00,right_elbow_flex,2097,2137,40,37,6,94
3.118,2026-08-05T05:45:45.624835+00:00,right_wrist_flex,1976,1984,8,34,1,30
3.118,2026-08-05T05:45:45.624835+00:00,right_wrist_roll,2114,2111,-3,34,1,1044
3.118,2026-08-05T05:45:45.624835+00:00,right_gripper,2457,2462,5,37,0,24
3.168,2026-08-05T05:45:45.675511+00:00,left_shoulder_pan,1857,1851,-6,37,1,1060
3.168,2026-08-05T05:45:45.675511+00:00,left_shoulder_lift,2389,2420,31,36,10,136
3.168,2026-08-05T05:45:45.675511+00:00,left_elbow_flex,1629,1635,6,34,1,36
3.168,2026-08-05T05:45:45.675511+00:00,left_wrist_flex,2169,2170,1,34,0,0
3.168,2026-08-05T05:45:45.675511+00:00,left_wrist_roll,1989,1987,-2,34,0,1044
3.168,2026-08-05T05:45:45.675511+00:00,left_gripper,2014,2014,0,36,0,0
3.168,2026-08-05T05:45:45.675511+00:00,right_shoulder_pan,2096,2118,22,36,1,52
3.168,2026-08-05T05:45:45.675511+00:00,right_shoulder_lift,1890,2247,357,35,95,450
3.168,2026-08-05T05:45:45.675511+00:00,right_elbow_flex,2097,2137,40,37,6,94
3.168,2026-08-05T05:45:45.675511+00:00,right_wrist_flex,1976,1984,8,34,0,30
3.168,2026-08-05T05:45:45.675511+00:00,right_wrist_roll,2114,2111,-3,34,0,1044
3.168,2026-08-05T05:45:45.675511+00:00,right_gripper,2457,2462,5,37,0,24
3.219,2026-08-05T05:45:45.725716+00:00,left_shoulder_pan,1857,1851,-6,37,1,1060
3.219,2026-08-05T05:45:45.725716+00:00,left_shoulder_lift,2389,2420,31,36,8,136
3.219,2026-08-05T05:45:45.725716+00:00,left_elbow_flex,1629,1635,6,34,0,36
3.219,2026-08-05T05:45:45.725716+00:00,left_wrist_flex,2169,2170,1,34,0,0
3.219,2026-08-05T05:45:45.725716+00:00,left_wrist_roll,1989,1987,-2,33,1,1044
3.219,2026-08-05T05:45:45.725716+00:00,left_gripper,2014,2014,0,36,0,0
3.219,2026-08-05T05:45:45.725716+00:00,right_shoulder_pan,2089,2112,23,37,0,52
3.219,2026-08-05T05:45:45.725716+00:00,right_shoulder_lift,1885,2247,362,35,92,450
3.219,2026-08-05T05:45:45.725716+00:00,right_elbow_flex,2097,2137,40,37,7,94
3.219,2026-08-05T05:45:45.725716+00:00,right_wrist_flex,1976,1984,8,35,1,30
3.219,2026-08-05T05:45:45.725716+00:00,right_wrist_roll,2114,2111,-3,34,1,1044
3.219,2026-08-05T05:45:45.725716+00:00,right_gripper,2457,2462,5,37,1,24
3.269,2026-08-05T05:45:45.776254+00:00,left_shoulder_pan,1857,1851,-6,37,1,1060
3.269,2026-08-05T05:45:45.776254+00:00,left_shoulder_lift,2389,2420,31,36,10,136
3.269,2026-08-05T05:45:45.776254+00:00,left_elbow_flex,1629,1635,6,34,0,36
3.269,2026-08-05T05:45:45.776254+00:00,left_wrist_flex,2169,2170,1,35,0,0
3.269,2026-08-05T05:45:45.776254+00:00,left_wrist_roll,1989,1987,-2,34,1,1044
3.269,2026-08-05T05:45:45.776254+00:00,left_gripper,2014,2014,0,36,0,0
3.269,2026-08-05T05:45:45.776254+00:00,right_shoulder_pan,2083,2107,24,37,1,48
3.269,2026-08-05T05:45:45.776254+00:00,right_shoulder_lift,1881,2247,366,35,96,450
3.269,2026-08-05T05:45:45.776254+00:00,right_elbow_flex,2097,2137,40,37,7,94
3.269,2026-08-05T05:45:45.776254+00:00,right_wrist_flex,1976,1984,8,34,1,30
3.269,2026-08-05T05:45:45.776254+00:00,right_wrist_roll,2114,2111,-3,34,0,1044
3.269,2026-08-05T05:45:45.776254+00:00,right_gripper,2457,2462,5,37,1,24
3.320,2026-08-05T05:45:45.826715+00:00,left_shoulder_pan,1857,1851,-6,37,1,1060
3.320,2026-08-05T05:45:45.826715+00:00,left_shoulder_lift,2389,2420,31,36,8,136
3.320,2026-08-05T05:45:45.826715+00:00,left_elbow_flex,1629,1635,6,34,1,36
3.320,2026-08-05T05:45:45.826715+00:00,left_wrist_flex,2169,2170,1,34,0,0
3.320,2026-08-05T05:45:45.826715+00:00,left_wrist_roll,1989,1987,-2,34,0,1044
3.320,2026-08-05T05:45:45.826715+00:00,left_gripper,2014,2014,0,36,0,0
3.320,2026-08-05T05:45:45.826715+00:00,right_shoulder_pan,2076,2101,25,37,1,54
3.320,2026-08-05T05:45:45.826715+00:00,right_shoulder_lift,1877,2247,370,35,97,450
3.320,2026-08-05T05:45:45.826715+00:00,right_elbow_flex,2097,2137,40,37,6,94
3.320,2026-08-05T05:45:45.826715+00:00,right_wrist_flex,1976,1984,8,34,0,30
3.320,2026-08-05T05:45:45.826715+00:00,right_wrist_roll,2114,2111,-3,34,0,1044
3.320,2026-08-05T05:45:45.826715+00:00,right_gripper,2457,2462,5,37,0,24
3.370,2026-08-05T05:45:45.877397+00:00,left_shoulder_pan,1857,1851,-6,37,1,1060
3.370,2026-08-05T05:45:45.877397+00:00,left_shoulder_lift,2389,2420,31,36,8,136
3.370,2026-08-05T05:45:45.877397+00:00,left_elbow_flex,1629,1635,6,34,1,36
3.370,2026-08-05T05:45:45.877397+00:00,left_wrist_flex,2169,2170,1,34,0,0
3.370,2026-08-05T05:45:45.877397+00:00,left_wrist_roll,1989,1987,-2,34,1,1044
3.370,2026-08-05T05:45:45.877397+00:00,left_gripper,2014,2014,0,36,0,0
3.370,2026-08-05T05:45:45.877397+00:00,right_shoulder_pan,2069,2095,26,37,1,46
3.370,2026-08-05T05:45:45.877397+00:00,right_shoulder_lift,1873,2247,374,35,96,450
3.370,2026-08-05T05:45:45.877397+00:00,right_elbow_flex,2097,2137,40,37,5,94
3.370,2026-08-05T05:45:45.877397+00:00,right_wrist_flex,1976,1984,8,34,1,30
3.370,2026-08-05T05:45:45.877397+00:00,right_wrist_roll,2114,2111,-3,34,1,1044
3.370,2026-08-05T05:45:45.877397+00:00,right_gripper,2457,2462,5,37,0,24
3.421,2026-08-05T05:45:45.928383+00:00,left_shoulder_pan,1857,1851,-6,37,1,1060
3.421,2026-08-05T05:45:45.928383+00:00,left_shoulder_lift,2389,2420,31,36,8,136
3.421,2026-08-05T05:45:45.928383+00:00,left_elbow_flex,1629,1635,6,34,1,36
3.421,2026-08-05T05:45:45.928383+00:00,left_wrist_flex,2169,2170,1,34,0,0
3.421,2026-08-05T05:45:45.928383+00:00,left_wrist_roll,1989,1987,-2,34,0,1044
3.421,2026-08-05T05:45:45.928383+00:00,left_gripper,2014,2014,0,36,0,0
3.421,2026-08-05T05:45:45.928383+00:00,right_shoulder_pan,2062,2089,27,37,1,52
3.421,2026-08-05T05:45:45.928383+00:00,right_shoulder_lift,1869,2247,378,35,91,450
3.421,2026-08-05T05:45:45.928383+00:00,right_elbow_flex,2097,2137,40,37,6,94
3.421,2026-08-05T05:45:45.928383+00:00,right_wrist_flex,1976,1984,8,34,1,30
3.421,2026-08-05T05:45:45.928383+00:00,right_wrist_roll,2114,2111,-3,34,0,1044
3.421,2026-08-05T05:45:45.928383+00:00,right_gripper,2457,2462,5,37,1,24
3.471,2026-08-05T05:45:45.978371+00:00,left_shoulder_pan,1857,1851,-6,37,1,1060
3.471,2026-08-05T05:45:45.978371+00:00,left_shoulder_lift,2389,2420,31,36,11,136
3.471,2026-08-05T05:45:45.978371+00:00,left_elbow_flex,1629,1635,6,34,1,36
3.471,2026-08-05T05:45:45.978371+00:00,left_wrist_flex,2169,2170,1,34,0,0
3.471,2026-08-05T05:45:45.978371+00:00,left_wrist_roll,1989,1987,-2,34,1,1044
3.471,2026-08-05T05:45:45.978371+00:00,left_gripper,2014,2014,0,36,0,0
3.471,2026-08-05T05:45:45.978371+00:00,right_shoulder_pan,2055,2081,26,37,1,48
3.471,2026-08-05T05:45:45.978371+00:00,right_shoulder_lift,1866,2247,381,35,94,450
3.471,2026-08-05T05:45:45.978371+00:00,right_elbow_flex,2097,2137,40,37,6,94
3.471,2026-08-05T05:45:45.978371+00:00,right_wrist_flex,1976,1984,8,34,1,30
3.471,2026-08-05T05:45:45.978371+00:00,right_wrist_roll,2114,2111,-3,34,0,1044
3.471,2026-08-05T05:45:45.978371+00:00,right_gripper,2457,2462,5,37,1,24
3.522,2026-08-05T05:45:46.030852+00:00,left_shoulder_pan,1857,1851,-6,37,1,1060
3.522,2026-08-05T05:45:46.030852+00:00,left_shoulder_lift,2389,2420,31,36,9,136
3.522,2026-08-05T05:45:46.030852+00:00,left_elbow_flex,1629,1635,6,34,1,36
3.522,2026-08-05T05:45:46.030852+00:00,left_wrist_flex,2169,2170,1,34,0,0
3.522,2026-08-05T05:45:46.030852+00:00,left_wrist_roll,1989,1987,-2,34,0,1044
3.522,2026-08-05T05:45:46.030852+00:00,left_gripper,2014,2014,0,36,0,0
3.522,2026-08-05T05:45:46.030852+00:00,right_shoulder_pan,2047,2075,28,37,1,54
3.522,2026-08-05T05:45:46.030852+00:00,right_shoulder_lift,1863,2247,384,35,93,450
3.522,2026-08-05T05:45:46.030852+00:00,right_elbow_flex,2097,2137,40,37,6,94
3.522,2026-08-05T05:45:46.030852+00:00,right_wrist_flex,1976,1984,8,34,0,30
3.522,2026-08-05T05:45:46.030852+00:00,right_wrist_roll,2114,2111,-3,34,0,1044
3.522,2026-08-05T05:45:46.030852+00:00,right_gripper,2457,2462,5,37,0,24
3.572,2026-08-05T05:45:46.080722+00:00,left_shoulder_pan,1857,1851,-6,37,1,1060
3.572,2026-08-05T05:45:46.080722+00:00,left_shoulder_lift,2389,2420,31,36,10,136
3.572,2026-08-05T05:45:46.080722+00:00,left_elbow_flex,1629,1635,6,34,0,36
3.572,2026-08-05T05:45:46.080722+00:00,left_wrist_flex,2169,2170,1,34,0,0
3.572,2026-08-05T05:45:46.080722+00:00,left_wrist_roll,1989,1987,-2,34,1,1044
3.572,2026-08-05T05:45:46.080722+00:00,left_gripper,2014,2014,0,36,0,0
3.572,2026-08-05T05:45:46.080722+00:00,right_shoulder_pan,2040,2068,28,37,2,54
3.572,2026-08-05T05:45:46.080722+00:00,right_shoulder_lift,1860,2247,387,35,92,450
3.572,2026-08-05T05:45:46.080722+00:00,right_elbow_flex,2097,2137,40,37,6,94
3.572,2026-08-05T05:45:46.080722+00:00,right_wrist_flex,1976,1984,8,34,1,30
3.572,2026-08-05T05:45:46.080722+00:00,right_wrist_roll,2114,2111,-3,34,1,1044
3.572,2026-08-05T05:45:46.080722+00:00,right_gripper,2457,2462,5,37,0,24
3.623,2026-08-05T05:45:46.131444+00:00,left_shoulder_pan,1857,1851,-6,37,1,1060
3.623,2026-08-05T05:45:46.131444+00:00,left_shoulder_lift,2389,2420,31,36,9,136
3.623,2026-08-05T05:45:46.131444+00:00,left_elbow_flex,1629,1635,6,34,1,36
3.623,2026-08-05T05:45:46.131444+00:00,left_wrist_flex,2169,2170,1,34,0,0
3.623,2026-08-05T05:45:46.131444+00:00,left_wrist_roll,1989,1987,-2,34,0,1044
3.623,2026-08-05T05:45:46.131444+00:00,left_gripper,2014,2014,0,36,0,0
3.623,2026-08-05T05:45:46.131444+00:00,right_shoulder_pan,2032,2061,29,37,1,56
3.623,2026-08-05T05:45:46.131444+00:00,right_shoulder_lift,1858,2247,389,35,92,450
3.623,2026-08-05T05:45:46.131444+00:00,right_elbow_flex,2097,2137,40,37,6,94
3.623,2026-08-05T05:45:46.131444+00:00,right_wrist_flex,1976,1984,8,34,0,30
3.623,2026-08-05T05:45:46.131444+00:00,right_wrist_roll,2114,2111,-3,34,0,1044
3.623,2026-08-05T05:45:46.131444+00:00,right_gripper,2457,2462,5,37,1,24
3.673,2026-08-05T05:45:46.181405+00:00,left_shoulder_pan,1857,1851,-6,37,1,1060
3.673,2026-08-05T05:45:46.181405+00:00,left_shoulder_lift,2389,2420,31,36,8,136
3.673,2026-08-05T05:45:46.181405+00:00,left_elbow_flex,1629,1635,6,34,1,36
3.673,2026-08-05T05:45:46.181405+00:00,left_wrist_flex,2169,2170,1,34,0,0
3.673,2026-08-05T05:45:46.181405+00:00,left_wrist_roll,1989,1987,-2,34,0,1044
3.673,2026-08-05T05:45:46.181405+00:00,left_gripper,2014,2014,0,36,0,0
3.673,2026-08-05T05:45:46.181405+00:00,right_shoulder_pan,2025,2053,28,37,0,52
3.673,2026-08-05T05:45:46.181405+00:00,right_shoulder_lift,1856,2247,391,35,100,450
3.673,2026-08-05T05:45:46.181405+00:00,right_elbow_flex,2097,2137,40,36,7,94
3.673,2026-08-05T05:45:46.181405+00:00,right_wrist_flex,1976,1984,8,34,1,30
3.673,2026-08-05T05:45:46.181405+00:00,right_wrist_roll,2114,2111,-3,33,0,1044
3.673,2026-08-05T05:45:46.181405+00:00,right_gripper,2457,2462,5,37,0,24
3.724,2026-08-05T05:45:46.232195+00:00,left_shoulder_pan,1857,1851,-6,37,1,1060
3.724,2026-08-05T05:45:46.232195+00:00,left_shoulder_lift,2389,2420,31,36,8,136
3.724,2026-08-05T05:45:46.232195+00:00,left_elbow_flex,1629,1635,6,34,1,36
3.724,2026-08-05T05:45:46.232195+00:00,left_wrist_flex,2169,2170,1,34,0,0
3.724,2026-08-05T05:45:46.232195+00:00,left_wrist_roll,1989,1987,-2,34,1,1044
3.724,2026-08-05T05:45:46.232195+00:00,left_gripper,2014,2014,0,37,0,0
3.724,2026-08-05T05:45:46.232195+00:00,right_shoulder_pan,2017,2046,29,37,1,54
3.724,2026-08-05T05:45:46.232195+00:00,right_shoulder_lift,1854,2247,393,35,100,450
3.724,2026-08-05T05:45:46.232195+00:00,right_elbow_flex,2097,2137,40,37,7,94
3.724,2026-08-05T05:45:46.232195+00:00,right_wrist_flex,1976,1984,8,34,0,30
3.724,2026-08-05T05:45:46.232195+00:00,right_wrist_roll,2114,2111,-3,34,0,1044
3.724,2026-08-05T05:45:46.232195+00:00,right_gripper,2457,2462,5,37,1,24
3.774,2026-08-05T05:45:46.281399+00:00,left_shoulder_pan,1857,1851,-6,37,1,1060
3.774,2026-08-05T05:45:46.281399+00:00,left_shoulder_lift,2389,2420,31,36,11,136
3.774,2026-08-05T05:45:46.281399+00:00,left_elbow_flex,1629,1635,6,34,1,36
3.774,2026-08-05T05:45:46.281399+00:00,left_wrist_flex,2169,2170,1,34,0,0
3.774,2026-08-05T05:45:46.281399+00:00,left_wrist_roll,1989,1987,-2,34,1,1044
3.774,2026-08-05T05:45:46.281399+00:00,left_gripper,2014,2014,0,36,0,0
3.774,2026-08-05T05:45:46.281399+00:00,right_shoulder_pan,2009,2039,30,37,1,56
3.774,2026-08-05T05:45:46.281399+00:00,right_shoulder_lift,1852,2247,395,35,95,450
3.774,2026-08-05T05:45:46.281399+00:00,right_elbow_flex,2097,2137,40,37,6,94
3.774,2026-08-05T05:45:46.281399+00:00,right_wrist_flex,1976,1984,8,35,0,30
3.774,2026-08-05T05:45:46.281399+00:00,right_wrist_roll,2114,2111,-3,34,0,1044
3.774,2026-08-05T05:45:46.281399+00:00,right_gripper,2457,2462,5,37,0,24
3.824,2026-08-05T05:45:46.331477+00:00,left_shoulder_pan,1857,1851,-6,37,1,1060
3.824,2026-08-05T05:45:46.331477+00:00,left_shoulder_lift,2389,2420,31,36,8,136
3.824,2026-08-05T05:45:46.331477+00:00,left_elbow_flex,1629,1635,6,34,1,36
3.824,2026-08-05T05:45:46.331477+00:00,left_wrist_flex,2169,2170,1,34,0,0
3.824,2026-08-05T05:45:46.331477+00:00,left_wrist_roll,1989,1987,-2,34,1,1044
3.824,2026-08-05T05:45:46.331477+00:00,left_gripper,2014,2014,0,36,0,0
3.824,2026-08-05T05:45:46.331477+00:00,right_shoulder_pan,2002,2031,29,37,1,60
3.824,2026-08-05T05:45:46.331477+00:00,right_shoulder_lift,1851,2247,396,35,98,450
3.824,2026-08-05T05:45:46.331477+00:00,right_elbow_flex,2097,2137,40,37,6,94
3.824,2026-08-05T05:45:46.331477+00:00,right_wrist_flex,1976,1984,8,34,0,30
3.824,2026-08-05T05:45:46.331477+00:00,right_wrist_roll,2114,2111,-3,34,1,1044
3.824,2026-08-05T05:45:46.331477+00:00,right_gripper,2457,2462,5,37,1,24
3.874,2026-08-05T05:45:46.380721+00:00,left_shoulder_pan,1857,1851,-6,37,1,1060
3.874,2026-08-05T05:45:46.380721+00:00,left_shoulder_lift,2389,2420,31,36,9,136
3.874,2026-08-05T05:45:46.380721+00:00,left_elbow_flex,1629,1635,6,34,1,36
3.874,2026-08-05T05:45:46.380721+00:00,left_wrist_flex,2169,2170,1,34,0,0
3.874,2026-08-05T05:45:46.380721+00:00,left_wrist_roll,1989,1987,-2,34,0,1044
3.874,2026-08-05T05:45:46.380721+00:00,left_gripper,2014,2014,0,36,0,0
3.874,2026-08-05T05:45:46.380721+00:00,right_shoulder_pan,1994,2023,29,37,1,56
3.874,2026-08-05T05:45:46.380721+00:00,right_shoulder_lift,1850,2247,397,35,92,450
3.874,2026-08-05T05:45:46.380721+00:00,right_elbow_flex,2097,2137,40,37,6,94
3.874,2026-08-05T05:45:46.380721+00:00,right_wrist_flex,1976,1984,8,34,0,30
3.874,2026-08-05T05:45:46.380721+00:00,right_wrist_roll,2114,2111,-3,34,0,1044
3.874,2026-08-05T05:45:46.380721+00:00,right_gripper,2457,2462,5,37,1,24
3.924,2026-08-05T05:45:46.431281+00:00,left_shoulder_pan,1857,1851,-6,37,1,1060
3.924,2026-08-05T05:45:46.431281+00:00,left_shoulder_lift,2389,2420,31,36,8,136
3.924,2026-08-05T05:45:46.431281+00:00,left_elbow_flex,1629,1635,6,34,1,36
3.924,2026-08-05T05:45:46.431281+00:00,left_wrist_flex,2169,2170,1,34,0,0
3.924,2026-08-05T05:45:46.431281+00:00,left_wrist_roll,1989,1987,-2,34,0,1044
3.924,2026-08-05T05:45:46.431281+00:00,left_gripper,2014,2014,0,37,0,0
3.924,2026-08-05T05:45:46.431281+00:00,right_shoulder_pan,1986,2016,30,37,1,60
3.924,2026-08-05T05:45:46.431281+00:00,right_shoulder_lift,1849,2247,398,35,90,450
3.924,2026-08-05T05:45:46.431281+00:00,right_elbow_flex,2097,2137,40,37,6,94
3.924,2026-08-05T05:45:46.431281+00:00,right_wrist_flex,1976,1984,8,34,0,30
3.924,2026-08-05T05:45:46.431281+00:00,right_wrist_roll,2114,2111,-3,34,1,1044
3.924,2026-08-05T05:45:46.431281+00:00,right_gripper,2457,2462,5,37,1,24
3.974,2026-08-05T05:45:46.481288+00:00,left_shoulder_pan,1857,1851,-6,37,0,1060
3.974,2026-08-05T05:45:46.481288+00:00,left_shoulder_lift,2389,2420,31,36,8,136
3.974,2026-08-05T05:45:46.481288+00:00,left_elbow_flex,1629,1635,6,34,1,36
3.974,2026-08-05T05:45:46.481288+00:00,left_wrist_flex,2169,2170,1,34,0,0
3.974,2026-08-05T05:45:46.481288+00:00,left_wrist_roll,1989,1987,-2,34,0,1044
3.974,2026-08-05T05:45:46.481288+00:00,left_gripper,2014,2014,0,36,0,0
3.974,2026-08-05T05:45:46.481288+00:00,right_shoulder_pan,1978,2008,30,37,1,64
3.974,2026-08-05T05:45:46.481288+00:00,right_shoulder_lift,1849,2247,398,35,92,450
3.974,2026-08-05T05:45:46.481288+00:00,right_elbow_flex,2097,2137,40,37,5,94
3.974,2026-08-05T05:45:46.481288+00:00,right_wrist_flex,1976,1984,8,34,0,30
3.974,2026-08-05T05:45:46.481288+00:00,right_wrist_roll,2114,2111,-3,34,0,1044
3.974,2026-08-05T05:45:46.481288+00:00,right_gripper,2457,2462,5,37,0,24
4.025,2026-08-05T05:45:46.532027+00:00,left_shoulder_pan,1857,1851,-6,37,1,1060
4.025,2026-08-05T05:45:46.532027+00:00,left_shoulder_lift,2389,2420,31,36,8,136
4.025,2026-08-05T05:45:46.532027+00:00,left_elbow_flex,1629,1635,6,34,1,36
4.025,2026-08-05T05:45:46.532027+00:00,left_wrist_flex,2169,2170,1,34,0,0
4.025,2026-08-05T05:45:46.532027+00:00,left_wrist_roll,1989,1987,-2,34,0,1044
4.025,2026-08-05T05:45:46.532027+00:00,left_gripper,2014,2014,0,36,0,0
4.025,2026-08-05T05:45:46.532027+00:00,right_shoulder_pan,1970,2000,30,37,1,56
4.025,2026-08-05T05:45:46.532027+00:00,right_shoulder_lift,1849,2247,398,35,97,450
4.025,2026-08-05T05:45:46.532027+00:00,right_elbow_flex,2097,2137,40,37,5,94
4.025,2026-08-05T05:45:46.532027+00:00,right_wrist_flex,1976,1984,8,34,1,30
4.025,2026-08-05T05:45:46.532027+00:00,right_wrist_roll,2114,2111,-3,34,1,1044
4.025,2026-08-05T05:45:46.532027+00:00,right_gripper,2457,2462,5,37,0,24
4.075,2026-08-05T05:45:46.582267+00:00,left_shoulder_pan,1857,1851,-6,37,1,1060
4.075,2026-08-05T05:45:46.582267+00:00,left_shoulder_lift,2389,2420,31,36,8,136
4.075,2026-08-05T05:45:46.582267+00:00,left_elbow_flex,1629,1635,6,34,1,36
4.075,2026-08-05T05:45:46.582267+00:00,left_wrist_flex,2169,2170,1,34,0,0
4.075,2026-08-05T05:45:46.582267+00:00,left_wrist_roll,1989,1987,-2,34,0,1044
4.075,2026-08-05T05:45:46.582267+00:00,left_gripper,2014,2014,0,36,0,0
4.075,2026-08-05T05:45:46.582267+00:00,right_shoulder_pan,1962,1993,31,37,1,62
4.075,2026-08-05T05:45:46.582267+00:00,right_shoulder_lift,1849,2247,398,35,97,450
4.075,2026-08-05T05:45:46.582267+00:00,right_elbow_flex,2097,2137,40,37,6,94
4.075,2026-08-05T05:45:46.582267+00:00,right_wrist_flex,1976,1984,8,34,1,30
4.075,2026-08-05T05:45:46.582267+00:00,right_wrist_roll,2114,2111,-3,34,0,1044
4.075,2026-08-05T05:45:46.582267+00:00,right_gripper,2457,2462,5,37,0,24
4.126,2026-08-05T05:45:46.632307+00:00,left_shoulder_pan,1857,1851,-6,37,1,1060
4.126,2026-08-05T05:45:46.632307+00:00,left_shoulder_lift,2389,2420,31,36,10,136
4.126,2026-08-05T05:45:46.632307+00:00,left_elbow_flex,1629,1635,6,34,1,36
4.126,2026-08-05T05:45:46.632307+00:00,left_wrist_flex,2169,2170,1,34,0,0
4.126,2026-08-05T05:45:46.632307+00:00,left_wrist_roll,1989,1987,-2,34,1,1044
4.126,2026-08-05T05:45:46.632307+00:00,left_gripper,2014,2014,0,36,0,0
4.126,2026-08-05T05:45:46.632307+00:00,right_shoulder_pan,1954,1985,31,37,0,58
4.126,2026-08-05T05:45:46.632307+00:00,right_shoulder_lift,1850,2247,397,35,97,450
4.126,2026-08-05T05:45:46.632307+00:00,right_elbow_flex,2097,2137,40,37,8,94
4.126,2026-08-05T05:45:46.632307+00:00,right_wrist_flex,1976,1984,8,35,1,30
4.126,2026-08-05T05:45:46.632307+00:00,right_wrist_roll,2114,2111,-3,34,1,1044
4.126,2026-08-05T05:45:46.632307+00:00,right_gripper,2457,2462,5,37,1,24
4.176,2026-08-05T05:45:46.683120+00:00,left_shoulder_pan,1857,1851,-6,37,1,1060
4.176,2026-08-05T05:45:46.683120+00:00,left_shoulder_lift,2389,2420,31,36,9,136
4.176,2026-08-05T05:45:46.683120+00:00,left_elbow_flex,1629,1635,6,34,1,36
4.176,2026-08-05T05:45:46.683120+00:00,left_wrist_flex,2169,2170,1,34,0,0
4.176,2026-08-05T05:45:46.683120+00:00,left_wrist_roll,1989,1987,-2,34,0,1044
4.176,2026-08-05T05:45:46.683120+00:00,left_gripper,2014,2014,0,37,0,0
4.176,2026-08-05T05:45:46.683120+00:00,right_shoulder_pan,1946,1977,31,37,1,62
4.176,2026-08-05T05:45:46.683120+00:00,right_shoulder_lift,1851,2247,396,35,97,450
4.176,2026-08-05T05:45:46.683120+00:00,right_elbow_flex,2097,2137,40,37,6,94
4.176,2026-08-05T05:45:46.683120+00:00,right_wrist_flex,1976,1984,8,35,1,30
4.176,2026-08-05T05:45:46.683120+00:00,right_wrist_roll,2114,2111,-3,34,0,1044
4.176,2026-08-05T05:45:46.683120+00:00,right_gripper,2457,2462,5,37,1,24
4.226,2026-08-05T05:45:46.732685+00:00,left_shoulder_pan,1857,1851,-6,37,1,1060
4.226,2026-08-05T05:45:46.732685+00:00,left_shoulder_lift,2389,2420,31,36,11,136
4.226,2026-08-05T05:45:46.732685+00:00,left_elbow_flex,1629,1635,6,34,1,36
4.226,2026-08-05T05:45:46.732685+00:00,left_wrist_flex,2169,2170,1,34,0,0
4.226,2026-08-05T05:45:46.732685+00:00,left_wrist_roll,1989,1987,-2,34,0,1044
4.226,2026-08-05T05:45:46.732685+00:00,left_gripper,2014,2014,0,37,0,0
4.226,2026-08-05T05:45:46.732685+00:00,right_shoulder_pan,1939,1970,31,37,1,60
4.226,2026-08-05T05:45:46.732685+00:00,right_shoulder_lift,1852,2247,395,35,93,450
4.226,2026-08-05T05:45:46.732685+00:00,right_elbow_flex,2097,2137,40,37,6,94
4.226,2026-08-05T05:45:46.732685+00:00,right_wrist_flex,1976,1984,8,34,1,30
4.226,2026-08-05T05:45:46.732685+00:00,right_wrist_roll,2114,2111,-3,34,0,1044
4.226,2026-08-05T05:45:46.732685+00:00,right_gripper,2457,2462,5,37,0,24
4.277,2026-08-05T05:45:46.783419+00:00,left_shoulder_pan,1857,1851,-6,37,1,1060
4.277,2026-08-05T05:45:46.783419+00:00,left_shoulder_lift,2389,2420,31,36,8,136
4.277,2026-08-05T05:45:46.783419+00:00,left_elbow_flex,1629,1635,6,34,1,36
4.277,2026-08-05T05:45:46.783419+00:00,left_wrist_flex,2169,2170,1,34,0,0
4.277,2026-08-05T05:45:46.783419+00:00,left_wrist_roll,1989,1987,-2,34,0,1044
4.277,2026-08-05T05:45:46.783419+00:00,left_gripper,2014,2014,0,36,0,0
4.277,2026-08-05T05:45:46.783419+00:00,right_shoulder_pan,1931,1962,31,37,1,58
4.277,2026-08-05T05:45:46.783419+00:00,right_shoulder_lift,1854,2247,393,35,97,450
4.277,2026-08-05T05:45:46.783419+00:00,right_elbow_flex,2097,2137,40,37,6,94
4.277,2026-08-05T05:45:46.783419+00:00,right_wrist_flex,1976,1984,8,34,0,30
4.277,2026-08-05T05:45:46.783419+00:00,right_wrist_roll,2114,2111,-3,34,0,1044
4.277,2026-08-05T05:45:46.783419+00:00,right_gripper,2457,2462,5,37,0,24
4.327,2026-08-05T05:45:46.833869+00:00,left_shoulder_pan,1857,1851,-6,37,2,1060
4.327,2026-08-05T05:45:46.833869+00:00,left_shoulder_lift,2389,2420,31,36,8,136
4.327,2026-08-05T05:45:46.833869+00:00,left_elbow_flex,1629,1635,6,34,1,36
4.327,2026-08-05T05:45:46.833869+00:00,left_wrist_flex,2169,2170,1,34,0,0
4.327,2026-08-05T05:45:46.833869+00:00,left_wrist_roll,1989,1987,-2,34,0,1044
4.327,2026-08-05T05:45:46.833869+00:00,left_gripper,2014,2014,0,36,0,0
4.327,2026-08-05T05:45:46.833869+00:00,right_shoulder_pan,1923,1954,31,37,0,60
4.327,2026-08-05T05:45:46.833869+00:00,right_shoulder_lift,1856,2247,391,35,94,450
4.327,2026-08-05T05:45:46.833869+00:00,right_elbow_flex,2097,2137,40,37,6,94
4.327,2026-08-05T05:45:46.833869+00:00,right_wrist_flex,1976,1984,8,34,1,30
4.327,2026-08-05T05:45:46.833869+00:00,right_wrist_roll,2114,2111,-3,34,1,1044
4.327,2026-08-05T05:45:46.833869+00:00,right_gripper,2457,2462,5,37,0,24
4.377,2026-08-05T05:45:46.884418+00:00,left_shoulder_pan,1857,1851,-6,37,1,1060
4.377,2026-08-05T05:45:46.884418+00:00,left_shoulder_lift,2389,2420,31,36,8,136
4.377,2026-08-05T05:45:46.884418+00:00,left_elbow_flex,1629,1635,6,34,1,36
4.377,2026-08-05T05:45:46.884418+00:00,left_wrist_flex,2169,2170,1,34,0,0
4.377,2026-08-05T05:45:46.884418+00:00,left_wrist_roll,1989,1987,-2,34,0,1044
4.377,2026-08-05T05:45:46.884418+00:00,left_gripper,2014,2014,0,36,0,0
4.377,2026-08-05T05:45:46.884418+00:00,right_shoulder_pan,1916,1946,30,37,1,64
4.377,2026-08-05T05:45:46.884418+00:00,right_shoulder_lift,1858,2247,389,35,99,450
4.377,2026-08-05T05:45:46.884418+00:00,right_elbow_flex,2097,2137,40,37,5,94
4.377,2026-08-05T05:45:46.884418+00:00,right_wrist_flex,1976,1984,8,34,0,30
4.377,2026-08-05T05:45:46.884418+00:00,right_wrist_roll,2114,2111,-3,34,1,1044
4.377,2026-08-05T05:45:46.884418+00:00,right_gripper,2457,2462,5,37,0,24
4.428,2026-08-05T05:45:46.935092+00:00,left_shoulder_pan,1857,1851,-6,37,1,1060
4.428,2026-08-05T05:45:46.935092+00:00,left_shoulder_lift,2389,2420,31,36,11,136
4.428,2026-08-05T05:45:46.935092+00:00,left_elbow_flex,1629,1635,6,34,1,36
4.428,2026-08-05T05:45:46.935092+00:00,left_wrist_flex,2169,2170,1,34,0,0
4.428,2026-08-05T05:45:46.935092+00:00,left_wrist_roll,1989,1987,-2,34,0,1044
4.428,2026-08-05T05:45:46.935092+00:00,left_gripper,2014,2014,0,36,0,0
4.428,2026-08-05T05:45:46.935092+00:00,right_shoulder_pan,1908,1939,31,37,1,62
4.428,2026-08-05T05:45:46.935092+00:00,right_shoulder_lift,1860,2247,387,35,95,450
4.428,2026-08-05T05:45:46.935092+00:00,right_elbow_flex,2097,2137,40,37,6,94
4.428,2026-08-05T05:45:46.935092+00:00,right_wrist_flex,1976,1984,8,34,0,30
4.428,2026-08-05T05:45:46.935092+00:00,right_wrist_roll,2114,2111,-3,34,0,1044
4.428,2026-08-05T05:45:46.935092+00:00,right_gripper,2457,2462,5,37,0,24
4.478,2026-08-05T05:45:46.984428+00:00,left_shoulder_pan,1857,1851,-6,37,1,1060
4.478,2026-08-05T05:45:46.984428+00:00,left_shoulder_lift,2389,2420,31,36,11,136
4.478,2026-08-05T05:45:46.984428+00:00,left_elbow_flex,1629,1635,6,34,1,36
4.478,2026-08-05T05:45:46.984428+00:00,left_wrist_flex,2169,2170,1,34,0,0
4.478,2026-08-05T05:45:46.984428+00:00,left_wrist_roll,1989,1987,-2,34,1,1044
4.478,2026-08-05T05:45:46.984428+00:00,left_gripper,2014,2014,0,36,0,0
4.478,2026-08-05T05:45:46.984428+00:00,right_shoulder_pan,1901,1931,30,37,1,58
4.478,2026-08-05T05:45:46.984428+00:00,right_shoulder_lift,1863,2247,384,35,93,450
4.478,2026-08-05T05:45:46.984428+00:00,right_elbow_flex,2097,2137,40,37,6,94
4.478,2026-08-05T05:45:46.984428+00:00,right_wrist_flex,1976,1984,8,34,1,30
4.478,2026-08-05T05:45:46.984428+00:00,right_wrist_roll,2114,2111,-3,34,0,1044
4.478,2026-08-05T05:45:46.984428+00:00,right_gripper,2457,2462,5,37,0,24
4.528,2026-08-05T05:45:47.035931+00:00,left_shoulder_pan,1857,1851,-6,37,1,1060
4.528,2026-08-05T05:45:47.035931+00:00,left_shoulder_lift,2389,2420,31,36,9,136
4.528,2026-08-05T05:45:47.035931+00:00,left_elbow_flex,1629,1635,6,34,0,36
4.528,2026-08-05T05:45:47.035931+00:00,left_wrist_flex,2169,2170,1,34,0,0
4.528,2026-08-05T05:45:47.035931+00:00,left_wrist_roll,1989,1987,-2,34,1,1044
4.528,2026-08-05T05:45:47.035931+00:00,left_gripper,2014,2014,0,37,0,0
4.528,2026-08-05T05:45:47.035931+00:00,right_shoulder_pan,1893,1923,30,37,1,56
4.528,2026-08-05T05:45:47.035931+00:00,right_shoulder_lift,1866,2247,381,35,98,450
4.528,2026-08-05T05:45:47.035931+00:00,right_elbow_flex,2097,2137,40,37,6,94
4.528,2026-08-05T05:45:47.035931+00:00,right_wrist_flex,1976,1984,8,34,0,30
4.528,2026-08-05T05:45:47.035931+00:00,right_wrist_roll,2114,2111,-3,34,1,1044
4.528,2026-08-05T05:45:47.035931+00:00,right_gripper,2457,2462,5,37,0,24
4.578,2026-08-05T05:45:47.084876+00:00,left_shoulder_pan,1857,1851,-6,37,1,1060
4.578,2026-08-05T05:45:47.084876+00:00,left_shoulder_lift,2389,2420,31,36,8,136
4.578,2026-08-05T05:45:47.084876+00:00,left_elbow_flex,1629,1635,6,34,1,36
4.578,2026-08-05T05:45:47.084876+00:00,left_wrist_flex,2169,2170,1,34,0,0
4.578,2026-08-05T05:45:47.084876+00:00,left_wrist_roll,1989,1987,-2,34,0,1044
4.578,2026-08-05T05:45:47.084876+00:00,left_gripper,2014,2014,0,37,0,0
4.578,2026-08-05T05:45:47.084876+00:00,right_shoulder_pan,1886,1915,29,37,1,62
4.578,2026-08-05T05:45:47.084876+00:00,right_shoulder_lift,1869,2247,378,35,93,450
4.578,2026-08-05T05:45:47.084876+00:00,right_elbow_flex,2097,2137,40,37,7,94
4.578,2026-08-05T05:45:47.084876+00:00,right_wrist_flex,1976,1984,8,35,0,30
4.578,2026-08-05T05:45:47.084876+00:00,right_wrist_roll,2114,2111,-3,34,0,1044
4.578,2026-08-05T05:45:47.084876+00:00,right_gripper,2457,2462,5,37,0,24
4.628,2026-08-05T05:45:47.137279+00:00,left_shoulder_pan,1857,1851,-6,37,1,1060
4.628,2026-08-05T05:45:47.137279+00:00,left_shoulder_lift,2389,2420,31,36,8,136
4.628,2026-08-05T05:45:47.137279+00:00,left_elbow_flex,1629,1635,6,34,1,36
4.628,2026-08-05T05:45:47.137279+00:00,left_wrist_flex,2169,2170,1,34,0,0
4.628,2026-08-05T05:45:47.137279+00:00,left_wrist_roll,1989,1987,-2,34,0,1044
4.628,2026-08-05T05:45:47.137279+00:00,left_gripper,2014,2014,0,36,0,0
4.628,2026-08-05T05:45:47.137279+00:00,right_shoulder_pan,1879,1908,29,37,1,52
4.628,2026-08-05T05:45:47.137279+00:00,right_shoulder_lift,1873,2247,374,35,93,450
4.628,2026-08-05T05:45:47.137279+00:00,right_elbow_flex,2097,2137,40,37,7,94
4.628,2026-08-05T05:45:47.137279+00:00,right_wrist_flex,1976,1984,8,34,0,30
4.628,2026-08-05T05:45:47.137279+00:00,right_wrist_roll,2114,2111,-3,34,0,1044
4.628,2026-08-05T05:45:47.137279+00:00,right_gripper,2457,2462,5,37,0,24
4.678,2026-08-05T05:45:47.184875+00:00,left_shoulder_pan,1857,1851,-6,37,0,1060
4.678,2026-08-05T05:45:47.184875+00:00,left_shoulder_lift,2389,2420,31,36,8,136
4.678,2026-08-05T05:45:47.184875+00:00,left_elbow_flex,1629,1635,6,34,2,36
4.678,2026-08-05T05:45:47.184875+00:00,left_wrist_flex,2169,2170,1,34,0,0
4.678,2026-08-05T05:45:47.184875+00:00,left_wrist_roll,1989,1987,-2,34,1,1044
4.678,2026-08-05T05:45:47.184875+00:00,left_gripper,2014,2014,0,36,0,0
4.678,2026-08-05T05:45:47.184875+00:00,right_shoulder_pan,1872,1900,28,37,1,54
4.678,2026-08-05T05:45:47.184875+00:00,right_shoulder_lift,1877,2247,370,35,95,450
4.678,2026-08-05T05:45:47.184875+00:00,right_elbow_flex,2097,2137,40,37,7,94
4.678,2026-08-05T05:45:47.184875+00:00,right_wrist_flex,1976,1984,8,34,0,30
4.678,2026-08-05T05:45:47.184875+00:00,right_wrist_roll,2114,2111,-3,34,0,1044
4.678,2026-08-05T05:45:47.184875+00:00,right_gripper,2457,2462,5,37,0,24
4.728,2026-08-05T05:45:47.236507+00:00,left_shoulder_pan,1857,1851,-6,37,1,1060
4.728,2026-08-05T05:45:47.236507+00:00,left_shoulder_lift,2389,2420,31,36,8,136
4.728,2026-08-05T05:45:47.236507+00:00,left_elbow_flex,1629,1635,6,34,1,36
4.728,2026-08-05T05:45:47.236507+00:00,left_wrist_flex,2169,2170,1,34,0,0
4.728,2026-08-05T05:45:47.236507+00:00,left_wrist_roll,1989,1987,-2,34,0,1044
4.728,2026-08-05T05:45:47.236507+00:00,left_gripper,2014,2014,0,36,0,0
4.728,2026-08-05T05:45:47.236507+00:00,right_shoulder_pan,1866,1893,27,37,1,54
4.728,2026-08-05T05:45:47.236507+00:00,right_shoulder_lift,1881,2247,366,35,89,450
4.728,2026-08-05T05:45:47.236507+00:00,right_elbow_flex,2097,2137,40,37,7,94
4.728,2026-08-05T05:45:47.236507+00:00,right_wrist_flex,1976,1984,8,34,0,30
4.728,2026-08-05T05:45:47.236507+00:00,right_wrist_roll,2114,2111,-3,34,0,1044
4.728,2026-08-05T05:45:47.236507+00:00,right_gripper,2457,2462,5,37,1,24
4.778,2026-08-05T05:45:47.284992+00:00,left_shoulder_pan,1857,1851,-6,37,1,1060
4.778,2026-08-05T05:45:47.284992+00:00,left_shoulder_lift,2389,2420,31,36,8,136
4.778,2026-08-05T05:45:47.284992+00:00,left_elbow_flex,1629,1635,6,34,1,36
4.778,2026-08-05T05:45:47.284992+00:00,left_wrist_flex,2169,2170,1,34,0,0
4.778,2026-08-05T05:45:47.284992+00:00,left_wrist_roll,1989,1987,-2,34,0,1044
4.778,2026-08-05T05:45:47.284992+00:00,left_gripper,2014,2014,0,36,0,0
4.778,2026-08-05T05:45:47.284992+00:00,right_shoulder_pan,1859,1886,27,37,1,54
4.778,2026-08-05T05:45:47.284992+00:00,right_shoulder_lift,1885,2247,362,35,92,450
4.778,2026-08-05T05:45:47.284992+00:00,right_elbow_flex,2097,2137,40,37,6,94
4.778,2026-08-05T05:45:47.284992+00:00,right_wrist_flex,1976,1984,8,34,1,30
4.778,2026-08-05T05:45:47.284992+00:00,right_wrist_roll,2114,2111,-3,34,0,1044
4.778,2026-08-05T05:45:47.284992+00:00,right_gripper,2457,2462,5,37,1,24
4.828,2026-08-05T05:45:47.335600+00:00,left_shoulder_pan,1857,1851,-6,37,1,1060
4.828,2026-08-05T05:45:47.335600+00:00,left_shoulder_lift,2389,2420,31,36,8,136
4.828,2026-08-05T05:45:47.335600+00:00,left_elbow_flex,1629,1635,6,34,1,36
4.828,2026-08-05T05:45:47.335600+00:00,left_wrist_flex,2169,2170,1,34,0,0
4.828,2026-08-05T05:45:47.335600+00:00,left_wrist_roll,1989,1987,-2,34,1,1044
4.828,2026-08-05T05:45:47.335600+00:00,left_gripper,2014,2014,0,36,0,0
4.828,2026-08-05T05:45:47.335600+00:00,right_shoulder_pan,1853,1879,26,37,1,56
4.828,2026-08-05T05:45:47.335600+00:00,right_shoulder_lift,1890,2247,357,35,91,450
4.828,2026-08-05T05:45:47.335600+00:00,right_elbow_flex,2097,2137,40,37,6,94
4.828,2026-08-05T05:45:47.335600+00:00,right_wrist_flex,1976,1984,8,35,1,30
4.828,2026-08-05T05:45:47.335600+00:00,right_wrist_roll,2114,2111,-3,34,0,1044
4.828,2026-08-05T05:45:47.335600+00:00,right_gripper,2457,2462,5,37,0,24
4.879,2026-08-05T05:45:47.385091+00:00,left_shoulder_pan,1857,1851,-6,37,1,1060
4.879,2026-08-05T05:45:47.385091+00:00,left_shoulder_lift,2389,2420,31,36,8,136
4.879,2026-08-05T05:45:47.385091+00:00,left_elbow_flex,1629,1635,6,34,1,36
4.879,2026-08-05T05:45:47.385091+00:00,left_wrist_flex,2169,2170,1,34,0,0
4.879,2026-08-05T05:45:47.385091+00:00,left_wrist_roll,1989,1987,-2,34,0,1044
4.879,2026-08-05T05:45:47.385091+00:00,left_gripper,2014,2014,0,36,0,0
4.879,2026-08-05T05:45:47.385091+00:00,right_shoulder_pan,1847,1873,26,37,1,56
4.879,2026-08-05T05:45:47.385091+00:00,right_shoulder_lift,1895,2247,352,35,97,450
4.879,2026-08-05T05:45:47.385091+00:00,right_elbow_flex,2097,2137,40,37,6,94
4.879,2026-08-05T05:45:47.385091+00:00,right_wrist_flex,1976,1984,8,35,1,30
4.879,2026-08-05T05:45:47.385091+00:00,right_wrist_roll,2114,2111,-3,34,0,1044
4.879,2026-08-05T05:45:47.385091+00:00,right_gripper,2457,2462,5,38,1,24
4.929,2026-08-05T05:45:47.436023+00:00,left_shoulder_pan,1857,1851,-6,37,1,1060
4.929,2026-08-05T05:45:47.436023+00:00,left_shoulder_lift,2389,2420,31,36,10,136
4.929,2026-08-05T05:45:47.436023+00:00,left_elbow_flex,1629,1635,6,34,1,36
4.929,2026-08-05T05:45:47.436023+00:00,left_wrist_flex,2169,2170,1,34,0,0
4.929,2026-08-05T05:45:47.436023+00:00,left_wrist_roll,1989,1987,-2,34,0,1044
4.929,2026-08-05T05:45:47.436023+00:00,left_gripper,2014,2014,0,36,0,0
4.929,2026-08-05T05:45:47.436023+00:00,right_shoulder_pan,1841,1867,26,37,1,58
4.929,2026-08-05T05:45:47.436023+00:00,right_shoulder_lift,1900,2247,347,35,95,450
4.929,2026-08-05T05:45:47.436023+00:00,right_elbow_flex,2097,2137,40,37,6,94
4.929,2026-08-05T05:45:47.436023+00:00,right_wrist_flex,1976,1984,8,34,1,30
4.929,2026-08-05T05:45:47.436023+00:00,right_wrist_roll,2114,2111,-3,34,0,1044
4.929,2026-08-05T05:45:47.436023+00:00,right_gripper,2457,2462,5,37,0,24
4.979,2026-08-05T05:45:47.485576+00:00,left_shoulder_pan,1857,1851,-6,37,1,1060
4.979,2026-08-05T05:45:47.485576+00:00,left_shoulder_lift,2389,2420,31,36,8,136
4.979,2026-08-05T05:45:47.485576+00:00,left_elbow_flex,1629,1635,6,34,0,36
4.979,2026-08-05T05:45:47.485576+00:00,left_wrist_flex,2169,2170,1,34,0,0
4.979,2026-08-05T05:45:47.485576+00:00,left_wrist_roll,1989,1987,-2,34,1,1044
4.979,2026-08-05T05:45:47.485576+00:00,left_gripper,2014,2014,0,36,0,0
4.979,2026-08-05T05:45:47.485576+00:00,right_shoulder_pan,1835,1860,25,37,1,54
4.979,2026-08-05T05:45:47.485576+00:00,right_shoulder_lift,1905,2247,342,35,96,450
4.979,2026-08-05T05:45:47.485576+00:00,right_elbow_flex,2097,2137,40,37,6,94
4.979,2026-08-05T05:45:47.485576+00:00,right_wrist_flex,1976,1984,8,34,1,30
4.979,2026-08-05T05:45:47.485576+00:00,right_wrist_roll,2114,2111,-3,34,0,1044
4.979,2026-08-05T05:45:47.485576+00:00,right_gripper,2457,2462,5,37,0,24
5.029,2026-08-05T05:45:47.535375+00:00,left_shoulder_pan,1857,1851,-6,36,1,1060
5.029,2026-08-05T05:45:47.535375+00:00,left_shoulder_lift,2389,2420,31,36,8,136
5.029,2026-08-05T05:45:47.535375+00:00,left_elbow_flex,1629,1635,6,34,1,36
5.029,2026-08-05T05:45:47.535375+00:00,left_wrist_flex,2169,2170,1,34,0,0
5.029,2026-08-05T05:45:47.535375+00:00,left_wrist_roll,1989,1987,-2,34,1,1044
5.029,2026-08-05T05:45:47.535375+00:00,left_gripper,2014,2014,0,36,0,0
5.029,2026-08-05T05:45:47.535375+00:00,right_shoulder_pan,1829,1854,25,37,1,56
5.029,2026-08-05T05:45:47.535375+00:00,right_shoulder_lift,1911,2247,336,35,97,450
5.029,2026-08-05T05:45:47.535375+00:00,right_elbow_flex,2097,2137,40,37,6,94
5.029,2026-08-05T05:45:47.535375+00:00,right_wrist_flex,1976,1984,8,34,0,30
5.029,2026-08-05T05:45:47.535375+00:00,right_wrist_roll,2114,2111,-3,34,0,1044
5.029,2026-08-05T05:45:47.535375+00:00,right_gripper,2457,2462,5,37,0,24
5.079,2026-08-05T05:45:47.585752+00:00,left_shoulder_pan,1857,1851,-6,37,0,1060
5.079,2026-08-05T05:45:47.585752+00:00,left_shoulder_lift,2389,2420,31,36,8,136
5.079,2026-08-05T05:45:47.585752+00:00,left_elbow_flex,1629,1635,6,34,1,36
5.079,2026-08-05T05:45:47.585752+00:00,left_wrist_flex,2169,2170,1,34,0,0
5.079,2026-08-05T05:45:47.585752+00:00,left_wrist_roll,1989,1987,-2,34,0,1044
5.079,2026-08-05T05:45:47.585752+00:00,left_gripper,2014,2014,0,37,0,0
5.079,2026-08-05T05:45:47.585752+00:00,right_shoulder_pan,1824,1848,24,37,1,48
5.079,2026-08-05T05:45:47.585752+00:00,right_shoulder_lift,1917,2247,330,35,97,450
5.079,2026-08-05T05:45:47.585752+00:00,right_elbow_flex,2097,2137,40,37,6,94
5.079,2026-08-05T05:45:47.585752+00:00,right_wrist_flex,1976,1984,8,35,0,30
5.079,2026-08-05T05:45:47.585752+00:00,right_wrist_roll,2114,2111,-3,34,0,1044
5.079,2026-08-05T05:45:47.585752+00:00,right_gripper,2457,2462,5,37,0,24
5.129,2026-08-05T05:45:47.635551+00:00,left_shoulder_pan,1857,1851,-6,36,1,1060
5.129,2026-08-05T05:45:47.635551+00:00,left_shoulder_lift,2389,2420,31,36,9,136
5.129,2026-08-05T05:45:47.635551+00:00,left_elbow_flex,1629,1635,6,34,0,36
5.129,2026-08-05T05:45:47.635551+00:00,left_wrist_flex,2169,2170,1,34,0,0
5.129,2026-08-05T05:45:47.635551+00:00,left_wrist_roll,1989,1987,-2,34,0,1044
5.129,2026-08-05T05:45:47.635551+00:00,left_gripper,2014,2014,0,36,0,0
5.129,2026-08-05T05:45:47.635551+00:00,right_shoulder_pan,1819,1842,23,37,0,46
5.129,2026-08-05T05:45:47.635551+00:00,right_shoulder_lift,1923,2247,324,35,102,450
5.129,2026-08-05T05:45:47.635551+00:00,right_elbow_flex,2097,2137,40,37,6,94
5.129,2026-08-05T05:45:47.635551+00:00,right_wrist_flex,1976,1984,8,35,1,30
5.129,2026-08-05T05:45:47.635551+00:00,right_wrist_roll,2114,2111,-3,34,1,1044
5.129,2026-08-05T05:45:47.635551+00:00,right_gripper,2457,2462,5,37,0,24
5.179,2026-08-05T05:45:47.685559+00:00,left_shoulder_pan,1857,1851,-6,37,1,1060
5.179,2026-08-05T05:45:47.685559+00:00,left_shoulder_lift,2389,2420,31,36,8,136
5.179,2026-08-05T05:45:47.685559+00:00,left_elbow_flex,1629,1635,6,34,1,36
5.179,2026-08-05T05:45:47.685559+00:00,left_wrist_flex,2169,2170,1,34,0,0
5.179,2026-08-05T05:45:47.685559+00:00,left_wrist_roll,1989,1987,-2,34,0,1044
5.179,2026-08-05T05:45:47.685559+00:00,left_gripper,2014,2014,0,37,0,0
5.179,2026-08-05T05:45:47.685559+00:00,right_shoulder_pan,1814,1836,22,37,0,48
5.179,2026-08-05T05:45:47.685559+00:00,right_shoulder_lift,1929,2247,318,35,90,450
5.179,2026-08-05T05:45:47.685559+00:00,right_elbow_flex,2097,2137,40,37,7,94
5.179,2026-08-05T05:45:47.685559+00:00,right_wrist_flex,1976,1984,8,34,0,30
5.179,2026-08-05T05:45:47.685559+00:00,right_wrist_roll,2114,2111,-3,34,0,1044
5.179,2026-08-05T05:45:47.685559+00:00,right_gripper,2457,2462,5,38,0,24
5.229,2026-08-05T05:45:47.738553+00:00,left_shoulder_pan,1857,1851,-6,37,1,1060
5.229,2026-08-05T05:45:47.738553+00:00,left_shoulder_lift,2389,2420,31,36,10,136
5.229,2026-08-05T05:45:47.738553+00:00,left_elbow_flex,1629,1635,6,34,1,36
5.229,2026-08-05T05:45:47.738553+00:00,left_wrist_flex,2169,2170,1,34,0,0
5.229,2026-08-05T05:45:47.738553+00:00,left_wrist_roll,1989,1987,-2,34,0,1044
5.229,2026-08-05T05:45:47.738553+00:00,left_gripper,2014,2014,0,36,0,0
5.229,2026-08-05T05:45:47.738553+00:00,right_shoulder_pan,1810,1830,20,37,1,44
5.229,2026-08-05T05:45:47.738553+00:00,right_shoulder_lift,1935,2247,312,35,88,450
5.229,2026-08-05T05:45:47.738553+00:00,right_elbow_flex,2097,2137,40,37,7,94
5.229,2026-08-05T05:45:47.738553+00:00,right_wrist_flex,1976,1984,8,34,0,30
5.229,2026-08-05T05:45:47.738553+00:00,right_wrist_roll,2114,2111,-3,34,0,1044
5.229,2026-08-05T05:45:47.738553+00:00,right_gripper,2457,2462,5,37,0,24
5.279,2026-08-05T05:45:47.785996+00:00,left_shoulder_pan,1857,1851,-6,37,1,1060
5.279,2026-08-05T05:45:47.785996+00:00,left_shoulder_lift,2389,2420,31,36,10,136
5.279,2026-08-05T05:45:47.785996+00:00,left_elbow_flex,1629,1635,6,34,1,36
5.279,2026-08-05T05:45:47.785996+00:00,left_wrist_flex,2169,2170,1,34,0,0
5.279,2026-08-05T05:45:47.785996+00:00,left_wrist_roll,1989,1987,-2,34,0,1044
5.279,2026-08-05T05:45:47.785996+00:00,left_gripper,2014,2014,0,36,0,0
5.279,2026-08-05T05:45:47.785996+00:00,right_shoulder_pan,1805,1825,20,37,1,40
5.279,2026-08-05T05:45:47.785996+00:00,right_shoulder_lift,1942,2247,305,35,88,450
5.279,2026-08-05T05:45:47.785996+00:00,right_elbow_flex,2097,2137,40,37,6,94
5.279,2026-08-05T05:45:47.785996+00:00,right_wrist_flex,1976,1984,8,34,1,30
5.279,2026-08-05T05:45:47.785996+00:00,right_wrist_roll,2114,2111,-3,34,0,1044
5.279,2026-08-05T05:45:47.785996+00:00,right_gripper,2457,2462,5,37,1,24
5.329,2026-08-05T05:45:47.835917+00:00,left_shoulder_pan,1857,1851,-6,37,0,1060
5.329,2026-08-05T05:45:47.835917+00:00,left_shoulder_lift,2389,2420,31,36,9,136
5.329,2026-08-05T05:45:47.835917+00:00,left_elbow_flex,1629,1635,6,34,0,36
5.329,2026-08-05T05:45:47.835917+00:00,left_wrist_flex,2169,2170,1,34,0,0
5.329,2026-08-05T05:45:47.835917+00:00,left_wrist_roll,1989,1987,-2,34,1,1044
5.329,2026-08-05T05:45:47.835917+00:00,left_gripper,2014,2014,0,36,0,0
5.329,2026-08-05T05:45:47.835917+00:00,right_shoulder_pan,1801,1820,19,37,1,50
5.329,2026-08-05T05:45:47.835917+00:00,right_shoulder_lift,1948,2247,299,35,90,450
5.329,2026-08-05T05:45:47.835917+00:00,right_elbow_flex,2097,2137,40,37,6,94
5.329,2026-08-05T05:45:47.835917+00:00,right_wrist_flex,1976,1984,8,34,1,30
5.329,2026-08-05T05:45:47.835917+00:00,right_wrist_roll,2114,2111,-3,34,0,1044
5.329,2026-08-05T05:45:47.835917+00:00,right_gripper,2457,2462,5,37,0,24
5.379,2026-08-05T05:45:47.886146+00:00,left_shoulder_pan,1857,1851,-6,37,1,1060
5.379,2026-08-05T05:45:47.886146+00:00,left_shoulder_lift,2389,2420,31,36,9,136
5.379,2026-08-05T05:45:47.886146+00:00,left_elbow_flex,1629,1635,6,34,1,36
5.379,2026-08-05T05:45:47.886146+00:00,left_wrist_flex,2169,2170,1,34,0,0
5.379,2026-08-05T05:45:47.886146+00:00,left_wrist_roll,1989,1987,-2,34,0,1044
5.379,2026-08-05T05:45:47.886146+00:00,left_gripper,2014,2014,0,37,0,0
5.379,2026-08-05T05:45:47.886146+00:00,right_shoulder_pan,1797,1815,18,37,0,40
5.379,2026-08-05T05:45:47.886146+00:00,right_shoulder_lift,1955,2247,292,35,97,450
5.379,2026-08-05T05:45:47.886146+00:00,right_elbow_flex,2097,2137,40,37,6,94
5.379,2026-08-05T05:45:47.886146+00:00,right_wrist_flex,1976,1984,8,34,0,30
5.379,2026-08-05T05:45:47.886146+00:00,right_wrist_roll,2114,2111,-3,34,0,1044
5.379,2026-08-05T05:45:47.886146+00:00,right_gripper,2457,2462,5,37,0,24
5.429,2026-08-05T05:45:47.937489+00:00,left_shoulder_pan,1857,1851,-6,37,1,1060
5.429,2026-08-05T05:45:47.937489+00:00,left_shoulder_lift,2389,2420,31,36,9,136
5.429,2026-08-05T05:45:47.937489+00:00,left_elbow_flex,1629,1635,6,34,1,36
5.429,2026-08-05T05:45:47.937489+00:00,left_wrist_flex,2169,2170,1,34,0,0
5.429,2026-08-05T05:45:47.937489+00:00,left_wrist_roll,1989,1987,-2,34,0,1044
5.429,2026-08-05T05:45:47.937489+00:00,left_gripper,2014,2014,0,36,0,0
5.429,2026-08-05T05:45:47.937489+00:00,right_shoulder_pan,1794,1811,17,37,0,42
5.429,2026-08-05T05:45:47.937489+00:00,right_shoulder_lift,1962,2247,285,35,89,450
5.429,2026-08-05T05:45:47.937489+00:00,right_elbow_flex,2097,2137,40,37,5,94
5.429,2026-08-05T05:45:47.937489+00:00,right_wrist_flex,1976,1984,8,34,0,30
5.429,2026-08-05T05:45:47.937489+00:00,right_wrist_roll,2114,2111,-3,34,0,1044
5.429,2026-08-05T05:45:47.937489+00:00,right_gripper,2457,2462,5,37,0,24
5.480,2026-08-05T05:45:47.986477+00:00,left_shoulder_pan,1857,1851,-6,37,1,1060
5.480,2026-08-05T05:45:47.986477+00:00,left_shoulder_lift,2389,2420,31,36,10,136
5.480,2026-08-05T05:45:47.986477+00:00,left_elbow_flex,1629,1635,6,34,1,36
5.480,2026-08-05T05:45:47.986477+00:00,left_wrist_flex,2169,2170,1,34,0,0
5.480,2026-08-05T05:45:47.986477+00:00,left_wrist_roll,1989,1987,-2,34,0,1044
5.480,2026-08-05T05:45:47.986477+00:00,left_gripper,2014,2014,0,36,0,0
5.480,2026-08-05T05:45:47.986477+00:00,right_shoulder_pan,1790,1807,17,37,1,40
5.480,2026-08-05T05:45:47.986477+00:00,right_shoulder_lift,1970,2247,277,35,89,450
5.480,2026-08-05T05:45:47.986477+00:00,right_elbow_flex,2097,2137,40,37,5,94
5.480,2026-08-05T05:45:47.986477+00:00,right_wrist_flex,1976,1984,8,35,1,30
5.480,2026-08-05T05:45:47.986477+00:00,right_wrist_roll,2114,2111,-3,34,0,1044
5.480,2026-08-05T05:45:47.986477+00:00,right_gripper,2457,2462,5,37,0,24
5.530,2026-08-05T05:45:48.036236+00:00,left_shoulder_pan,1857,1851,-6,37,1,1060
5.530,2026-08-05T05:45:48.036236+00:00,left_shoulder_lift,2389,2420,31,36,9,136
5.530,2026-08-05T05:45:48.036236+00:00,left_elbow_flex,1629,1635,6,34,1,36
5.530,2026-08-05T05:45:48.036236+00:00,left_wrist_flex,2169,2170,1,34,0,0
5.530,2026-08-05T05:45:48.036236+00:00,left_wrist_roll,1989,1987,-2,34,0,1044
5.530,2026-08-05T05:45:48.036236+00:00,left_gripper,2014,2014,0,36,0,0
5.530,2026-08-05T05:45:48.036236+00:00,right_shoulder_pan,1787,1803,16,37,1,44
5.530,2026-08-05T05:45:48.036236+00:00,right_shoulder_lift,1977,2247,270,35,94,450
5.530,2026-08-05T05:45:48.036236+00:00,right_elbow_flex,2097,2137,40,37,5,94
5.530,2026-08-05T05:45:48.036236+00:00,right_wrist_flex,1976,1984,8,34,1,30
5.530,2026-08-05T05:45:48.036236+00:00,right_wrist_roll,2114,2111,-3,34,0,1044
5.530,2026-08-05T05:45:48.036236+00:00,right_gripper,2457,2462,5,37,0,24
5.580,2026-08-05T05:45:48.086277+00:00,left_shoulder_pan,1857,1851,-6,37,1,1060
5.580,2026-08-05T05:45:48.086277+00:00,left_shoulder_lift,2389,2420,31,36,8,136
5.580,2026-08-05T05:45:48.086277+00:00,left_elbow_flex,1629,1635,6,34,1,36
5.580,2026-08-05T05:45:48.086277+00:00,left_wrist_flex,2169,2170,1,34,0,0
5.580,2026-08-05T05:45:48.086277+00:00,left_wrist_roll,1989,1987,-2,34,0,1044
5.580,2026-08-05T05:45:48.086277+00:00,left_gripper,2014,2014,0,36,0,0
5.580,2026-08-05T05:45:48.086277+00:00,right_shoulder_pan,1785,1799,14,37,1,34
5.580,2026-08-05T05:45:48.086277+00:00,right_shoulder_lift,1984,2247,263,35,94,450
5.580,2026-08-05T05:45:48.086277+00:00,right_elbow_flex,2097,2137,40,37,6,94
5.580,2026-08-05T05:45:48.086277+00:00,right_wrist_flex,1976,1984,8,34,0,30
5.580,2026-08-05T05:45:48.086277+00:00,right_wrist_roll,2114,2111,-3,34,1,1044
5.580,2026-08-05T05:45:48.086277+00:00,right_gripper,2457,2462,5,38,1,24
5.630,2026-08-05T05:45:48.137619+00:00,left_shoulder_pan,1857,1851,-6,37,1,1060
5.630,2026-08-05T05:45:48.137619+00:00,left_shoulder_lift,2389,2420,31,36,8,136
5.630,2026-08-05T05:45:48.137619+00:00,left_elbow_flex,1629,1635,6,34,1,36
5.630,2026-08-05T05:45:48.137619+00:00,left_wrist_flex,2169,2170,1,34,0,0
5.630,2026-08-05T05:45:48.137619+00:00,left_wrist_roll,1989,1987,-2,34,0,1044
5.630,2026-08-05T05:45:48.137619+00:00,left_gripper,2014,2014,0,36,0,0
5.630,2026-08-05T05:45:48.137619+00:00,right_shoulder_pan,1782,1796,14,37,1,28
5.630,2026-08-05T05:45:48.137619+00:00,right_shoulder_lift,1992,2247,255,35,93,450
5.630,2026-08-05T05:45:48.137619+00:00,right_elbow_flex,2097,2137,40,37,6,94
5.630,2026-08-05T05:45:48.137619+00:00,right_wrist_flex,1976,1984,8,34,1,30
5.630,2026-08-05T05:45:48.137619+00:00,right_wrist_roll,2114,2111,-3,34,0,1044
5.630,2026-08-05T05:45:48.137619+00:00,right_gripper,2457,2462,5,37,0,24
5.680,2026-08-05T05:45:48.186782+00:00,left_shoulder_pan,1857,1851,-6,37,0,1060
5.680,2026-08-05T05:45:48.186782+00:00,left_shoulder_lift,2389,2420,31,36,8,136
5.680,2026-08-05T05:45:48.186782+00:00,left_elbow_flex,1629,1635,6,34,1,36
5.680,2026-08-05T05:45:48.186782+00:00,left_wrist_flex,2169,2170,1,34,0,0
5.680,2026-08-05T05:45:48.186782+00:00,left_wrist_roll,1989,1987,-2,34,1,1044
5.680,2026-08-05T05:45:48.186782+00:00,left_gripper,2014,2014,0,36,0,0
5.680,2026-08-05T05:45:48.186782+00:00,right_shoulder_pan,1780,1793,13,37,1,32
5.680,2026-08-05T05:45:48.186782+00:00,right_shoulder_lift,1999,2247,248,35,97,450
5.680,2026-08-05T05:45:48.186782+00:00,right_elbow_flex,2097,2137,40,37,6,94
5.680,2026-08-05T05:45:48.186782+00:00,right_wrist_flex,1976,1984,8,34,0,30
5.680,2026-08-05T05:45:48.186782+00:00,right_wrist_roll,2114,2111,-3,34,0,1044
5.680,2026-08-05T05:45:48.186782+00:00,right_gripper,2457,2462,5,37,1,24
5.730,2026-08-05T05:45:48.236640+00:00,left_shoulder_pan,1857,1851,-6,37,1,1060
5.730,2026-08-05T05:45:48.236640+00:00,left_shoulder_lift,2389,2420,31,36,8,136
5.730,2026-08-05T05:45:48.236640+00:00,left_elbow_flex,1629,1635,6,34,1,36
5.730,2026-08-05T05:45:48.236640+00:00,left_wrist_flex,2169,2170,1,34,0,0
5.730,2026-08-05T05:45:48.236640+00:00,left_wrist_roll,1989,1987,-2,34,0,1044
5.730,2026-08-05T05:45:48.236640+00:00,left_gripper,2014,2014,0,36,0,0
5.730,2026-08-05T05:45:48.236640+00:00,right_shoulder_pan,1778,1790,12,37,1,28
5.730,2026-08-05T05:45:48.236640+00:00,right_shoulder_lift,2007,2247,240,35,94,450
5.730,2026-08-05T05:45:48.236640+00:00,right_elbow_flex,2097,2137,40,37,5,94
5.730,2026-08-05T05:45:48.236640+00:00,right_wrist_flex,1976,1984,8,35,1,30
5.730,2026-08-05T05:45:48.236640+00:00,right_wrist_roll,2114,2111,-3,34,1,1044
5.730,2026-08-05T05:45:48.236640+00:00,right_gripper,2457,2462,5,37,1,24
5.780,2026-08-05T05:45:48.286629+00:00,left_shoulder_pan,1857,1851,-6,37,1,1060
5.780,2026-08-05T05:45:48.286629+00:00,left_shoulder_lift,2389,2420,31,36,10,136
5.780,2026-08-05T05:45:48.286629+00:00,left_elbow_flex,1629,1635,6,34,1,36
5.780,2026-08-05T05:45:48.286629+00:00,left_wrist_flex,2169,2170,1,34,0,0
5.780,2026-08-05T05:45:48.286629+00:00,left_wrist_roll,1989,1987,-2,34,0,1044
5.780,2026-08-05T05:45:48.286629+00:00,left_gripper,2014,2014,0,36,0,0
5.780,2026-08-05T05:45:48.286629+00:00,right_shoulder_pan,1777,1787,10,37,1,30
5.780,2026-08-05T05:45:48.286629+00:00,right_shoulder_lift,2015,2247,232,35,96,450
5.780,2026-08-05T05:45:48.286629+00:00,right_elbow_flex,2097,2137,40,37,6,94
5.780,2026-08-05T05:45:48.286629+00:00,right_wrist_flex,1976,1984,8,34,1,30
5.780,2026-08-05T05:45:48.286629+00:00,right_wrist_roll,2114,2111,-3,34,0,1044
5.780,2026-08-05T05:45:48.286629+00:00,right_gripper,2457,2462,5,38,0,24
5.830,2026-08-05T05:45:48.337640+00:00,left_shoulder_pan,1857,1851,-6,36,1,1060
5.830,2026-08-05T05:45:48.337640+00:00,left_shoulder_lift,2389,2420,31,36,8,136
5.830,2026-08-05T05:45:48.337640+00:00,left_elbow_flex,1629,1635,6,34,1,36
5.830,2026-08-05T05:45:48.337640+00:00,left_wrist_flex,2169,2170,1,34,0,0
5.830,2026-08-05T05:45:48.337640+00:00,left_wrist_roll,1989,1987,-2,34,0,1044
5.830,2026-08-05T05:45:48.337640+00:00,left_gripper,2014,2014,0,36,0,0
5.830,2026-08-05T05:45:48.337640+00:00,right_shoulder_pan,1776,1786,10,37,1,32
5.830,2026-08-05T05:45:48.337640+00:00,right_shoulder_lift,2022,2247,225,35,93,450
5.830,2026-08-05T05:45:48.337640+00:00,right_elbow_flex,2097,2137,40,37,6,94
5.830,2026-08-05T05:45:48.337640+00:00,right_wrist_flex,1976,1984,8,34,0,30
5.830,2026-08-05T05:45:48.337640+00:00,right_wrist_roll,2114,2111,-3,34,1,1044
5.830,2026-08-05T05:45:48.337640+00:00,right_gripper,2457,2462,5,37,0,24
5.880,2026-08-05T05:45:48.386763+00:00,left_shoulder_pan,1857,1851,-6,37,1,1060
5.880,2026-08-05T05:45:48.386763+00:00,left_shoulder_lift,2389,2420,31,36,9,136
5.880,2026-08-05T05:45:48.386763+00:00,left_elbow_flex,1629,1635,6,34,1,36
5.880,2026-08-05T05:45:48.386763+00:00,left_wrist_flex,2169,2170,1,34,0,0
5.880,2026-08-05T05:45:48.386763+00:00,left_wrist_roll,1989,1987,-2,34,0,1044
5.880,2026-08-05T05:45:48.386763+00:00,left_gripper,2014,2014,0,36,0,0
5.880,2026-08-05T05:45:48.386763+00:00,right_shoulder_pan,1775,1784,9,37,1,28
5.880,2026-08-05T05:45:48.386763+00:00,right_shoulder_lift,2030,2247,217,35,92,450
5.880,2026-08-05T05:45:48.386763+00:00,right_elbow_flex,2097,2137,40,37,6,94
5.880,2026-08-05T05:45:48.386763+00:00,right_wrist_flex,1976,1984,8,35,0,30
5.880,2026-08-05T05:45:48.386763+00:00,right_wrist_roll,2114,2111,-3,34,0,1044
5.880,2026-08-05T05:45:48.386763+00:00,right_gripper,2457,2462,5,37,0,24
5.930,2026-08-05T05:45:48.438095+00:00,left_shoulder_pan,1857,1851,-6,37,1,1060
5.930,2026-08-05T05:45:48.438095+00:00,left_shoulder_lift,2389,2420,31,36,9,136
5.930,2026-08-05T05:45:48.438095+00:00,left_elbow_flex,1629,1635,6,34,1,36
5.930,2026-08-05T05:45:48.438095+00:00,left_wrist_flex,2169,2170,1,34,0,0
5.930,2026-08-05T05:45:48.438095+00:00,left_wrist_roll,1989,1987,-2,34,0,1044
5.930,2026-08-05T05:45:48.438095+00:00,left_gripper,2014,2014,0,37,0,0
5.930,2026-08-05T05:45:48.438095+00:00,right_shoulder_pan,1774,1784,10,37,1,34
5.930,2026-08-05T05:45:48.438095+00:00,right_shoulder_lift,2038,2247,209,35,88,434
5.930,2026-08-05T05:45:48.438095+00:00,right_elbow_flex,2097,2137,40,37,7,94
5.930,2026-08-05T05:45:48.438095+00:00,right_wrist_flex,1976,1984,8,35,1,30
5.930,2026-08-05T05:45:48.438095+00:00,right_wrist_roll,2114,2111,-3,34,0,1044
5.930,2026-08-05T05:45:48.438095+00:00,right_gripper,2457,2462,5,37,1,24
5.980,2026-08-05T05:45:48.487396+00:00,left_shoulder_pan,1857,1851,-6,36,1,1060
5.980,2026-08-05T05:45:48.487396+00:00,left_shoulder_lift,2389,2420,31,36,8,136
5.980,2026-08-05T05:45:48.487396+00:00,left_elbow_flex,1629,1635,6,34,0,36
5.980,2026-08-05T05:45:48.487396+00:00,left_wrist_flex,2169,2170,1,34,0,0
5.980,2026-08-05T05:45:48.487396+00:00,left_wrist_roll,1989,1987,-2,34,1,1044
5.980,2026-08-05T05:45:48.487396+00:00,left_gripper,2014,2014,0,36,0,0
5.980,2026-08-05T05:45:48.487396+00:00,right_shoulder_pan,1774,1784,10,37,1,34
5.980,2026-08-05T05:45:48.487396+00:00,right_shoulder_lift,2046,2247,201,35,84,422
5.980,2026-08-05T05:45:48.487396+00:00,right_elbow_flex,2097,2137,40,37,7,94
5.980,2026-08-05T05:45:48.487396+00:00,right_wrist_flex,1976,1984,8,34,1,30
5.980,2026-08-05T05:45:48.487396+00:00,right_wrist_roll,2114,2111,-3,34,0,1044
5.980,2026-08-05T05:45:48.487396+00:00,right_gripper,2457,2462,5,37,0,24
6.031,2026-08-05T05:45:48.538044+00:00,left_shoulder_pan,1857,1851,-6,37,0,1060
6.031,2026-08-05T05:45:48.538044+00:00,left_shoulder_lift,2389,2420,31,36,8,136
6.031,2026-08-05T05:45:48.538044+00:00,left_elbow_flex,1629,1635,6,34,1,36
6.031,2026-08-05T05:45:48.538044+00:00,left_wrist_flex,2169,2170,1,34,0,0
6.031,2026-08-05T05:45:48.538044+00:00,left_wrist_roll,1989,1987,-2,34,0,1044
6.031,2026-08-05T05:45:48.538044+00:00,left_gripper,2014,2014,0,36,0,0
6.031,2026-08-05T05:45:48.538044+00:00,right_shoulder_pan,1774,1784,10,37,1,34
6.031,2026-08-05T05:45:48.538044+00:00,right_shoulder_lift,2054,2247,193,35,78,402
6.031,2026-08-05T05:45:48.538044+00:00,right_elbow_flex,2097,2137,40,37,6,94
6.031,2026-08-05T05:45:48.538044+00:00,right_wrist_flex,1976,1984,8,34,1,30
6.031,2026-08-05T05:45:48.538044+00:00,right_wrist_roll,2114,2111,-3,34,1,1044
6.031,2026-08-05T05:45:48.538044+00:00,right_gripper,2457,2462,5,37,1,24
6.081,2026-08-05T05:45:48.587767+00:00,left_shoulder_pan,1857,1851,-6,36,1,1060
6.081,2026-08-05T05:45:48.587767+00:00,left_shoulder_lift,2389,2420,31,36,8,136
6.081,2026-08-05T05:45:48.587767+00:00,left_elbow_flex,1629,1635,6,34,1,36
6.081,2026-08-05T05:45:48.587767+00:00,left_wrist_flex,2169,2170,1,34,0,0
6.081,2026-08-05T05:45:48.587767+00:00,left_wrist_roll,1989,1987,-2,34,0,1044
6.081,2026-08-05T05:45:48.587767+00:00,left_gripper,2014,2014,0,36,0,0
6.081,2026-08-05T05:45:48.587767+00:00,right_shoulder_pan,1774,1785,11,37,1,36
6.081,2026-08-05T05:45:48.587767+00:00,right_shoulder_lift,2062,2247,185,35,68,390
6.081,2026-08-05T05:45:48.587767+00:00,right_elbow_flex,2097,2137,40,36,6,94
6.081,2026-08-05T05:45:48.587767+00:00,right_wrist_flex,1976,1984,8,34,0,30
6.081,2026-08-05T05:45:48.587767+00:00,right_wrist_roll,2114,2111,-3,34,0,1044
6.081,2026-08-05T05:45:48.587767+00:00,right_gripper,2457,2462,5,37,1,24
6.131,2026-08-05T05:45:48.637817+00:00,left_shoulder_pan,1857,1851,-6,37,1,1060
6.131,2026-08-05T05:45:48.637817+00:00,left_shoulder_lift,2389,2420,31,36,8,136
6.131,2026-08-05T05:45:48.637817+00:00,left_elbow_flex,1629,1635,6,34,1,36
6.131,2026-08-05T05:45:48.637817+00:00,left_wrist_flex,2169,2170,1,34,0,0
6.131,2026-08-05T05:45:48.637817+00:00,left_wrist_roll,1989,1987,-2,34,0,1044
6.131,2026-08-05T05:45:48.637817+00:00,left_gripper,2014,2014,0,36,0,0
6.131,2026-08-05T05:45:48.637817+00:00,right_shoulder_pan,1775,1785,10,37,1,36
6.131,2026-08-05T05:45:48.637817+00:00,right_shoulder_lift,2070,2247,177,35,66,370
6.131,2026-08-05T05:45:48.637817+00:00,right_elbow_flex,2097,2137,40,37,8,94
6.131,2026-08-05T05:45:48.637817+00:00,right_wrist_flex,1976,1984,8,34,1,30
6.131,2026-08-05T05:45:48.637817+00:00,right_wrist_roll,2114,2111,-3,34,0,1044
6.131,2026-08-05T05:45:48.637817+00:00,right_gripper,2457,2462,5,37,1,24
6.181,2026-08-05T05:45:48.687935+00:00,left_shoulder_pan,1857,1851,-6,37,1,1060
6.181,2026-08-05T05:45:48.687935+00:00,left_shoulder_lift,2389,2420,31,36,10,136
6.181,2026-08-05T05:45:48.687935+00:00,left_elbow_flex,1629,1635,6,34,0,36
6.181,2026-08-05T05:45:48.687935+00:00,left_wrist_flex,2169,2170,1,34,0,0
6.181,2026-08-05T05:45:48.687935+00:00,left_wrist_roll,1989,1987,-2,34,0,1044
6.181,2026-08-05T05:45:48.687935+00:00,left_gripper,2014,2014,0,36,0,0
6.181,2026-08-05T05:45:48.687935+00:00,right_shoulder_pan,1776,1785,9,37,1,34
6.181,2026-08-05T05:45:48.687935+00:00,right_shoulder_lift,2077,2247,170,35,56,358
6.181,2026-08-05T05:45:48.687935+00:00,right_elbow_flex,2097,2137,40,37,6,94
6.181,2026-08-05T05:45:48.687935+00:00,right_wrist_flex,1976,1984,8,34,1,30
6.181,2026-08-05T05:45:48.687935+00:00,right_wrist_roll,2114,2111,-3,34,0,1044
6.181,2026-08-05T05:45:48.687935+00:00,right_gripper,2457,2462,5,37,0,24
6.231,2026-08-05T05:45:48.738502+00:00,left_shoulder_pan,1857,1851,-6,37,1,1060
6.231,2026-08-05T05:45:48.738502+00:00,left_shoulder_lift,2389,2420,31,36,10,136
6.231,2026-08-05T05:45:48.738502+00:00,left_elbow_flex,1629,1635,6,34,1,36
6.231,2026-08-05T05:45:48.738502+00:00,left_wrist_flex,2169,2170,1,34,0,0
6.231,2026-08-05T05:45:48.738502+00:00,left_wrist_roll,1989,1987,-2,34,0,1044
6.231,2026-08-05T05:45:48.738502+00:00,left_gripper,2014,2014,0,36,0,0
6.231,2026-08-05T05:45:48.738502+00:00,right_shoulder_pan,1777,1785,8,37,0,32
6.231,2026-08-05T05:45:48.738502+00:00,right_shoulder_lift,2085,2247,162,35,51,344
6.231,2026-08-05T05:45:48.738502+00:00,right_elbow_flex,2097,2137,40,37,6,94
6.231,2026-08-05T05:45:48.738502+00:00,right_wrist_flex,1976,1984,8,34,1,30
6.231,2026-08-05T05:45:48.738502+00:00,right_wrist_roll,2114,2111,-3,34,0,1044
6.231,2026-08-05T05:45:48.738502+00:00,right_gripper,2457,2462,5,37,1,24
6.282,2026-08-05T05:45:48.788525+00:00,left_shoulder_pan,1857,1851,-6,38,1,1060
6.282,2026-08-05T05:45:48.788525+00:00,left_shoulder_lift,2389,2420,31,36,8,136
6.282,2026-08-05T05:45:48.788525+00:00,left_elbow_flex,1629,1635,6,34,1,36
6.282,2026-08-05T05:45:48.788525+00:00,left_wrist_flex,2169,2170,1,34,0,0
6.282,2026-08-05T05:45:48.788525+00:00,left_wrist_roll,1989,1987,-2,34,1,1044
6.282,2026-08-05T05:45:48.788525+00:00,left_gripper,2014,2014,0,36,0,0
6.282,2026-08-05T05:45:48.788525+00:00,right_shoulder_pan,1779,1785,6,37,1,30
6.282,2026-08-05T05:45:48.788525+00:00,right_shoulder_lift,2093,2247,154,35,46,332
6.282,2026-08-05T05:45:48.788525+00:00,right_elbow_flex,2097,2137,40,37,5,94
6.282,2026-08-05T05:45:48.788525+00:00,right_wrist_flex,1976,1984,8,34,1,30
6.282,2026-08-05T05:45:48.788525+00:00,right_wrist_roll,2114,2111,-3,34,0,1044
6.282,2026-08-05T05:45:48.788525+00:00,right_gripper,2457,2462,5,37,1,24
6.332,2026-08-05T05:45:48.838959+00:00,left_shoulder_pan,1857,1851,-6,37,1,1060
6.332,2026-08-05T05:45:48.838959+00:00,left_shoulder_lift,2389,2420,31,36,8,136
6.332,2026-08-05T05:45:48.838959+00:00,left_elbow_flex,1629,1635,6,34,0,36
6.332,2026-08-05T05:45:48.838959+00:00,left_wrist_flex,2169,2170,1,34,0,0
6.332,2026-08-05T05:45:48.838959+00:00,left_wrist_roll,1989,1987,-2,34,0,1044
6.332,2026-08-05T05:45:48.838959+00:00,left_gripper,2014,2014,0,36,0,0
6.332,2026-08-05T05:45:48.838959+00:00,right_shoulder_pan,1781,1785,4,37,1,26
6.332,2026-08-05T05:45:48.838959+00:00,right_shoulder_lift,2101,2247,146,35,41,312
6.332,2026-08-05T05:45:48.838959+00:00,right_elbow_flex,2097,2137,40,37,6,94
6.332,2026-08-05T05:45:48.838959+00:00,right_wrist_flex,1976,1984,8,34,1,30
6.332,2026-08-05T05:45:48.838959+00:00,right_wrist_roll,2114,2111,-3,34,1,1044
6.332,2026-08-05T05:45:48.838959+00:00,right_gripper,2457,2462,5,37,1,24
6.382,2026-08-05T05:45:48.889092+00:00,left_shoulder_pan,1857,1851,-6,37,1,1060
6.382,2026-08-05T05:45:48.889092+00:00,left_shoulder_lift,2389,2420,31,36,8,136
6.382,2026-08-05T05:45:48.889092+00:00,left_elbow_flex,1629,1635,6,34,1,36
6.382,2026-08-05T05:45:48.889092+00:00,left_wrist_flex,2169,2170,1,34,0,0
6.382,2026-08-05T05:45:48.889092+00:00,left_wrist_roll,1989,1987,-2,34,0,1044
6.382,2026-08-05T05:45:48.889092+00:00,left_gripper,2014,2014,0,36,0,0
6.382,2026-08-05T05:45:48.889092+00:00,right_shoulder_pan,1783,1785,2,37,1,18
6.382,2026-08-05T05:45:48.889092+00:00,right_shoulder_lift,2108,2247,139,35,50,300
6.382,2026-08-05T05:45:48.889092+00:00,right_elbow_flex,2097,2137,40,37,6,94
6.382,2026-08-05T05:45:48.889092+00:00,right_wrist_flex,1976,1984,8,34,1,30
6.382,2026-08-05T05:45:48.889092+00:00,right_wrist_roll,2114,2111,-3,34,1,1044
6.382,2026-08-05T05:45:48.889092+00:00,right_gripper,2457,2462,5,37,1,24
6.433,2026-08-05T05:45:48.939161+00:00,left_shoulder_pan,1857,1851,-6,37,1,1060
6.433,2026-08-05T05:45:48.939161+00:00,left_shoulder_lift,2389,2420,31,36,8,136
6.433,2026-08-05T05:45:48.939161+00:00,left_elbow_flex,1629,1635,6,34,1,36
6.433,2026-08-05T05:45:48.939161+00:00,left_wrist_flex,2169,2170,1,34,0,0
6.433,2026-08-05T05:45:48.939161+00:00,left_wrist_roll,1989,1987,-2,34,0,1044
6.433,2026-08-05T05:45:48.939161+00:00,left_gripper,2014,2014,0,37,0,0
6.433,2026-08-05T05:45:48.939161+00:00,right_shoulder_pan,1785,1785,0,37,0,18
6.433,2026-08-05T05:45:48.939161+00:00,right_shoulder_lift,2116,2247,131,35,36,278
6.433,2026-08-05T05:45:48.939161+00:00,right_elbow_flex,2097,2137,40,37,6,94
6.433,2026-08-05T05:45:48.939161+00:00,right_wrist_flex,1976,1984,8,34,1,30
6.433,2026-08-05T05:45:48.939161+00:00,right_wrist_roll,2114,2111,-3,34,0,1044
6.433,2026-08-05T05:45:48.939161+00:00,right_gripper,2457,2462,5,38,1,24
6.483,2026-08-05T05:45:48.990091+00:00,left_shoulder_pan,1857,1851,-6,37,1,1060
6.483,2026-08-05T05:45:48.990091+00:00,left_shoulder_lift,2389,2420,31,36,8,136
6.483,2026-08-05T05:45:48.990091+00:00,left_elbow_flex,1629,1635,6,34,1,36
6.483,2026-08-05T05:45:48.990091+00:00,left_wrist_flex,2169,2170,1,34,0,0
6.483,2026-08-05T05:45:48.990091+00:00,left_wrist_roll,1989,1987,-2,34,0,1044
6.483,2026-08-05T05:45:48.990091+00:00,left_gripper,2014,2014,0,37,0,0
6.483,2026-08-05T05:45:48.990091+00:00,right_shoulder_pan,1788,1785,-3,37,0,0
6.483,2026-08-05T05:45:48.990091+00:00,right_shoulder_lift,2123,2247,124,35,35,266
6.483,2026-08-05T05:45:48.990091+00:00,right_elbow_flex,2097,2137,40,37,6,94
6.483,2026-08-05T05:45:48.990091+00:00,right_wrist_flex,1976,1984,8,34,1,30
6.483,2026-08-05T05:45:48.990091+00:00,right_wrist_roll,2114,2111,-3,34,1,1044
6.483,2026-08-05T05:45:48.990091+00:00,right_gripper,2457,2462,5,37,1,24
6.533,2026-08-05T05:45:49.040917+00:00,left_shoulder_pan,1857,1851,-6,37,1,1060
6.533,2026-08-05T05:45:49.040917+00:00,left_shoulder_lift,2389,2420,31,36,11,136
6.533,2026-08-05T05:45:49.040917+00:00,left_elbow_flex,1629,1635,6,34,1,36
6.533,2026-08-05T05:45:49.040917+00:00,left_wrist_flex,2169,2170,1,34,0,0
6.533,2026-08-05T05:45:49.040917+00:00,left_wrist_roll,1989,1987,-2,34,0,1044
6.533,2026-08-05T05:45:49.040917+00:00,left_gripper,2014,2014,0,36,0,0
6.533,2026-08-05T05:45:49.040917+00:00,right_shoulder_pan,1791,1786,-5,37,0,1042
6.533,2026-08-05T05:45:49.040917+00:00,right_shoulder_lift,2130,2247,117,35,26,252
6.533,2026-08-05T05:45:49.040917+00:00,right_elbow_flex,2097,2137,40,37,5,94
6.533,2026-08-05T05:45:49.040917+00:00,right_wrist_flex,1976,1984,8,35,0,30
6.533,2026-08-05T05:45:49.040917+00:00,right_wrist_roll,2114,2111,-3,34,0,1044
6.533,2026-08-05T05:45:49.040917+00:00,right_gripper,2457,2462,5,37,0,24
6.584,2026-08-05T05:45:49.090973+00:00,left_shoulder_pan,1857,1851,-6,37,1,1060
6.584,2026-08-05T05:45:49.090973+00:00,left_shoulder_lift,2389,2420,31,36,8,136
6.584,2026-08-05T05:45:49.090973+00:00,left_elbow_flex,1629,1635,6,34,1,36
6.584,2026-08-05T05:45:49.090973+00:00,left_wrist_flex,2169,2170,1,34,0,0
6.584,2026-08-05T05:45:49.090973+00:00,left_wrist_roll,1989,1987,-2,34,0,1044
6.584,2026-08-05T05:45:49.090973+00:00,left_gripper,2014,2014,0,36,0,0
6.584,2026-08-05T05:45:49.090973+00:00,right_shoulder_pan,1795,1786,-9,37,1,1056
6.584,2026-08-05T05:45:49.090973+00:00,right_shoulder_lift,2138,2247,109,35,28,238
6.584,2026-08-05T05:45:49.090973+00:00,right_elbow_flex,2097,2137,40,37,6,94
6.584,2026-08-05T05:45:49.090973+00:00,right_wrist_flex,1976,1984,8,34,0,30
6.584,2026-08-05T05:45:49.090973+00:00,right_wrist_roll,2114,2111,-3,34,1,1044
6.584,2026-08-05T05:45:49.090973+00:00,right_gripper,2457,2462,5,37,1,24
6.634,2026-08-05T05:45:49.140509+00:00,left_shoulder_pan,1857,1851,-6,37,1,1060
6.634,2026-08-05T05:45:49.140509+00:00,left_shoulder_lift,2389,2420,31,36,11,136
6.634,2026-08-05T05:45:49.140509+00:00,left_elbow_flex,1629,1635,6,34,1,36
6.634,2026-08-05T05:45:49.140509+00:00,left_wrist_flex,2169,2170,1,34,0,0
6.634,2026-08-05T05:45:49.140509+00:00,left_wrist_roll,1989,1987,-2,34,0,1044
6.634,2026-08-05T05:45:49.140509+00:00,left_gripper,2014,2014,0,36,0,0
6.634,2026-08-05T05:45:49.140509+00:00,right_shoulder_pan,1798,1786,-12,37,1,1064
6.634,2026-08-05T05:45:49.140509+00:00,right_shoulder_lift,2145,2247,102,35,26,222
6.634,2026-08-05T05:45:49.140509+00:00,right_elbow_flex,2097,2137,40,37,8,94
6.634,2026-08-05T05:45:49.140509+00:00,right_wrist_flex,1976,1984,8,34,0,30
6.634,2026-08-05T05:45:49.140509+00:00,right_wrist_roll,2114,2111,-3,34,0,1044
6.634,2026-08-05T05:45:49.140509+00:00,right_gripper,2457,2462,5,37,1,24
6.684,2026-08-05T05:45:49.191520+00:00,left_shoulder_pan,1857,1851,-6,37,1,1060
6.684,2026-08-05T05:45:49.191520+00:00,left_shoulder_lift,2389,2420,31,36,8,136
6.684,2026-08-05T05:45:49.191520+00:00,left_elbow_flex,1629,1635,6,34,1,36
6.684,2026-08-05T05:45:49.191520+00:00,left_wrist_flex,2169,2170,1,34,0,0
6.684,2026-08-05T05:45:49.191520+00:00,left_wrist_roll,1989,1987,-2,34,0,1044
6.684,2026-08-05T05:45:49.191520+00:00,left_gripper,2014,2014,0,36,0,0
6.684,2026-08-05T05:45:49.191520+00:00,right_shoulder_pan,1802,1786,-16,37,1,1070
6.684,2026-08-05T05:45:49.191520+00:00,right_shoulder_lift,2151,2247,96,35,21,212
6.684,2026-08-05T05:45:49.191520+00:00,right_elbow_flex,2097,2137,40,37,6,94
6.684,2026-08-05T05:45:49.191520+00:00,right_wrist_flex,1976,1984,8,34,1,30
6.684,2026-08-05T05:45:49.191520+00:00,right_wrist_roll,2114,2111,-3,34,0,1044
6.684,2026-08-05T05:45:49.191520+00:00,right_gripper,2457,2462,5,37,1,24
6.735,2026-08-05T05:45:49.241838+00:00,left_shoulder_pan,1857,1851,-6,37,1,1060
6.735,2026-08-05T05:45:49.241838+00:00,left_shoulder_lift,2389,2420,31,36,8,136
6.735,2026-08-05T05:45:49.241838+00:00,left_elbow_flex,1629,1635,6,34,1,36
6.735,2026-08-05T05:45:49.241838+00:00,left_wrist_flex,2169,2170,1,34,0,0
6.735,2026-08-05T05:45:49.241838+00:00,left_wrist_roll,1989,1987,-2,34,0,1044
6.735,2026-08-05T05:45:49.241838+00:00,left_gripper,2014,2014,0,36,0,0
6.735,2026-08-05T05:45:49.241838+00:00,right_shoulder_pan,1806,1786,-20,37,1,1076
6.735,2026-08-05T05:45:49.241838+00:00,right_shoulder_lift,2158,2247,89,35,17,194
6.735,2026-08-05T05:45:49.241838+00:00,right_elbow_flex,2097,2137,40,37,7,94
6.735,2026-08-05T05:45:49.241838+00:00,right_wrist_flex,1976,1984,8,35,1,30
6.735,2026-08-05T05:45:49.241838+00:00,right_wrist_roll,2114,2111,-3,34,0,1044
6.735,2026-08-05T05:45:49.241838+00:00,right_gripper,2457,2462,5,37,0,24
6.785,2026-08-05T05:45:49.292578+00:00,left_shoulder_pan,1857,1851,-6,37,1,1060
6.785,2026-08-05T05:45:49.292578+00:00,left_shoulder_lift,2389,2420,31,36,9,136
6.785,2026-08-05T05:45:49.292578+00:00,left_elbow_flex,1629,1635,6,34,0,36
6.785,2026-08-05T05:45:49.292578+00:00,left_wrist_flex,2169,2170,1,34,0,0
6.785,2026-08-05T05:45:49.292578+00:00,left_wrist_roll,1989,1987,-2,34,0,1044
6.785,2026-08-05T05:45:49.292578+00:00,left_gripper,2014,2014,0,37,0,0
6.785,2026-08-05T05:45:49.292578+00:00,right_shoulder_pan,1811,1788,-23,37,1,1072
6.785,2026-08-05T05:45:49.292578+00:00,right_shoulder_lift,2165,2247,82,35,13,182
6.785,2026-08-05T05:45:49.292578+00:00,right_elbow_flex,2097,2137,40,37,6,94
6.785,2026-08-05T05:45:49.292578+00:00,right_wrist_flex,1976,1984,8,35,0,30
6.785,2026-08-05T05:45:49.292578+00:00,right_wrist_roll,2114,2111,-3,34,1,1044
6.785,2026-08-05T05:45:49.292578+00:00,right_gripper,2457,2462,5,37,0,24
6.836,2026-08-05T05:45:49.342415+00:00,left_shoulder_pan,1857,1851,-6,37,1,1060
6.836,2026-08-05T05:45:49.342415+00:00,left_shoulder_lift,2389,2420,31,36,8,136
6.836,2026-08-05T05:45:49.342415+00:00,left_elbow_flex,1629,1635,6,34,0,36
6.836,2026-08-05T05:45:49.342415+00:00,left_wrist_flex,2169,2170,1,34,0,0
6.836,2026-08-05T05:45:49.342415+00:00,left_wrist_roll,1989,1987,-2,34,0,1044
6.836,2026-08-05T05:45:49.342415+00:00,left_gripper,2014,2014,0,36,0,0
6.836,2026-08-05T05:45:49.342415+00:00,right_shoulder_pan,1816,1791,-25,37,1,1080
6.836,2026-08-05T05:45:49.342415+00:00,right_shoulder_lift,2171,2247,76,35,11,172
6.836,2026-08-05T05:45:49.342415+00:00,right_elbow_flex,2097,2137,40,37,6,94
6.836,2026-08-05T05:45:49.342415+00:00,right_wrist_flex,1976,1984,8,35,1,30
6.836,2026-08-05T05:45:49.342415+00:00,right_wrist_roll,2114,2111,-3,34,0,1044
6.836,2026-08-05T05:45:49.342415+00:00,right_gripper,2457,2462,5,37,1,24
6.886,2026-08-05T05:45:49.392309+00:00,left_shoulder_pan,1857,1851,-6,37,1,1060
6.886,2026-08-05T05:45:49.392309+00:00,left_shoulder_lift,2389,2420,31,36,8,136
6.886,2026-08-05T05:45:49.392309+00:00,left_elbow_flex,1629,1635,6,34,1,36
6.886,2026-08-05T05:45:49.392309+00:00,left_wrist_flex,2169,2170,1,34,0,0
6.886,2026-08-05T05:45:49.392309+00:00,left_wrist_roll,1989,1987,-2,34,1,1044
6.886,2026-08-05T05:45:49.392309+00:00,left_gripper,2014,2014,0,37,0,0
6.886,2026-08-05T05:45:49.392309+00:00,right_shoulder_pan,1820,1795,-25,37,1,1078
6.886,2026-08-05T05:45:49.392309+00:00,right_shoulder_lift,2177,2247,70,35,11,154
6.886,2026-08-05T05:45:49.392309+00:00,right_elbow_flex,2097,2137,40,37,6,94
6.886,2026-08-05T05:45:49.392309+00:00,right_wrist_flex,1976,1984,8,34,0,30
6.886,2026-08-05T05:45:49.392309+00:00,right_wrist_roll,2114,2111,-3,34,0,1044
6.886,2026-08-05T05:45:49.392309+00:00,right_gripper,2457,2462,5,37,0,24
6.936,2026-08-05T05:45:49.442591+00:00,left_shoulder_pan,1857,1851,-6,37,1,1060
6.936,2026-08-05T05:45:49.442591+00:00,left_shoulder_lift,2389,2420,31,36,9,136
6.936,2026-08-05T05:45:49.442591+00:00,left_elbow_flex,1629,1635,6,34,1,36
6.936,2026-08-05T05:45:49.442591+00:00,left_wrist_flex,2169,2170,1,34,0,0
6.936,2026-08-05T05:45:49.442591+00:00,left_wrist_roll,1989,1987,-2,34,1,1044
6.936,2026-08-05T05:45:49.442591+00:00,left_gripper,2014,2014,0,36,0,0
6.936,2026-08-05T05:45:49.442591+00:00,right_shoulder_pan,1826,1800,-26,37,1,1074
6.936,2026-08-05T05:45:49.442591+00:00,right_shoulder_lift,2183,2247,64,35,8,146
6.936,2026-08-05T05:45:49.442591+00:00,right_elbow_flex,2097,2137,40,37,7,94
6.936,2026-08-05T05:45:49.442591+00:00,right_wrist_flex,1976,1984,8,34,1,30
6.936,2026-08-05T05:45:49.442591+00:00,right_wrist_roll,2114,2111,-3,34,0,1044
6.936,2026-08-05T05:45:49.442591+00:00,right_gripper,2457,2462,5,37,1,24
6.986,2026-08-05T05:45:49.492411+00:00,left_shoulder_pan,1857,1851,-6,37,1,1060
6.986,2026-08-05T05:45:49.492411+00:00,left_shoulder_lift,2389,2420,31,36,10,136
6.986,2026-08-05T05:45:49.492411+00:00,left_elbow_flex,1629,1635,6,34,1,36
6.986,2026-08-05T05:45:49.492411+00:00,left_wrist_flex,2169,2170,1,34,0,0
6.986,2026-08-05T05:45:49.492411+00:00,left_wrist_roll,1989,1987,-2,34,0,1044
6.986,2026-08-05T05:45:49.492411+00:00,left_gripper,2014,2014,0,37,0,0
6.986,2026-08-05T05:45:49.492411+00:00,right_shoulder_pan,1831,1805,-26,37,1,1080
6.986,2026-08-05T05:45:49.492411+00:00,right_shoulder_lift,2189,2247,58,36,7,132
6.986,2026-08-05T05:45:49.492411+00:00,right_elbow_flex,2097,2137,40,37,6,94
6.986,2026-08-05T05:45:49.492411+00:00,right_wrist_flex,1976,1984,8,34,1,30
6.986,2026-08-05T05:45:49.492411+00:00,right_wrist_roll,2114,2111,-3,34,0,1044
6.986,2026-08-05T05:45:49.492411+00:00,right_gripper,2457,2462,5,37,1,24
7.036,2026-08-05T05:45:49.543069+00:00,left_shoulder_pan,1857,1851,-6,37,1,1060
7.036,2026-08-05T05:45:49.543069+00:00,left_shoulder_lift,2389,2420,31,36,8,136
7.036,2026-08-05T05:45:49.543069+00:00,left_elbow_flex,1629,1635,6,34,1,36
7.036,2026-08-05T05:45:49.543069+00:00,left_wrist_flex,2169,2170,1,34,0,0
7.036,2026-08-05T05:45:49.543069+00:00,left_wrist_roll,1989,1987,-2,34,1,1044
7.036,2026-08-05T05:45:49.543069+00:00,left_gripper,2014,2014,0,36,0,0
7.036,2026-08-05T05:45:49.543069+00:00,right_shoulder_pan,1837,1811,-26,37,1,1074
7.036,2026-08-05T05:45:49.543069+00:00,right_shoulder_lift,2194,2247,53,35,7,122
7.036,2026-08-05T05:45:49.543069+00:00,right_elbow_flex,2097,2137,40,37,6,94
7.036,2026-08-05T05:45:49.543069+00:00,right_wrist_flex,1976,1984,8,35,0,30
7.036,2026-08-05T05:45:49.543069+00:00,right_wrist_roll,2114,2111,-3,34,0,1044
7.036,2026-08-05T05:45:49.543069+00:00,right_gripper,2457,2462,5,37,0,24
7.086,2026-08-05T05:45:49.593176+00:00,left_shoulder_pan,1857,1851,-6,37,1,1060
7.086,2026-08-05T05:45:49.593176+00:00,left_shoulder_lift,2389,2420,31,36,8,136
7.086,2026-08-05T05:45:49.593176+00:00,left_elbow_flex,1629,1635,6,34,1,36
7.086,2026-08-05T05:45:49.593176+00:00,left_wrist_flex,2169,2170,1,34,0,0
7.086,2026-08-05T05:45:49.593176+00:00,left_wrist_roll,1989,1987,-2,34,1,1044
7.086,2026-08-05T05:45:49.593176+00:00,left_gripper,2014,2014,0,36,0,0
7.086,2026-08-05T05:45:49.593176+00:00,right_shoulder_pan,1842,1816,-26,37,1,1080
7.086,2026-08-05T05:45:49.593176+00:00,right_shoulder_lift,2200,2247,47,35,5,112
7.086,2026-08-05T05:45:49.593176+00:00,right_elbow_flex,2097,2137,40,37,5,94
7.086,2026-08-05T05:45:49.593176+00:00,right_wrist_flex,1976,1984,8,34,0,30
7.086,2026-08-05T05:45:49.593176+00:00,right_wrist_roll,2114,2111,-3,34,0,1044
7.086,2026-08-05T05:45:49.593176+00:00,right_gripper,2457,2462,5,37,0,24
7.137,2026-08-05T05:45:49.643685+00:00,left_shoulder_pan,1857,1851,-6,37,1,1060
7.137,2026-08-05T05:45:49.643685+00:00,left_shoulder_lift,2389,2420,31,36,11,136
7.137,2026-08-05T05:45:49.643685+00:00,left_elbow_flex,1629,1635,6,34,0,36
7.137,2026-08-05T05:45:49.643685+00:00,left_wrist_flex,2169,2170,1,34,0,0
7.137,2026-08-05T05:45:49.643685+00:00,left_wrist_roll,1989,1987,-2,34,1,1044
7.137,2026-08-05T05:45:49.643685+00:00,left_gripper,2014,2014,0,36,0,0
7.137,2026-08-05T05:45:49.643685+00:00,right_shoulder_pan,1849,1821,-28,37,1,1078
7.137,2026-08-05T05:45:49.643685+00:00,right_shoulder_lift,2205,2247,42,35,4,100
7.137,2026-08-05T05:45:49.643685+00:00,right_elbow_flex,2097,2137,40,37,6,94
7.137,2026-08-05T05:45:49.643685+00:00,right_wrist_flex,1976,1984,8,35,0,30
7.137,2026-08-05T05:45:49.643685+00:00,right_wrist_roll,2114,2111,-3,34,1,1044
7.137,2026-08-05T05:45:49.643685+00:00,right_gripper,2457,2462,5,37,1,24
7.187,2026-08-05T05:45:49.694388+00:00,left_shoulder_pan,1857,1851,-6,37,1,1060
7.187,2026-08-05T05:45:49.694388+00:00,left_shoulder_lift,2389,2420,31,36,8,136
7.187,2026-08-05T05:45:49.694388+00:00,left_elbow_flex,1629,1635,6,34,1,36
7.187,2026-08-05T05:45:49.694388+00:00,left_wrist_flex,2169,2170,1,34,0,0
7.187,2026-08-05T05:45:49.694388+00:00,left_wrist_roll,1989,1987,-2,34,0,1044
7.187,2026-08-05T05:45:49.694388+00:00,left_gripper,2014,2014,0,36,0,0
7.187,2026-08-05T05:45:49.694388+00:00,right_shoulder_pan,1855,1827,-28,37,1,1084
7.187,2026-08-05T05:45:49.694388+00:00,right_shoulder_lift,2210,2247,37,35,5,90
7.187,2026-08-05T05:45:49.694388+00:00,right_elbow_flex,2097,2137,40,37,6,94
7.187,2026-08-05T05:45:49.694388+00:00,right_wrist_flex,1976,1984,8,34,1,30
7.187,2026-08-05T05:45:49.694388+00:00,right_wrist_roll,2114,2111,-3,34,0,1044
7.187,2026-08-05T05:45:49.694388+00:00,right_gripper,2457,2462,5,37,0,24
7.237,2026-08-05T05:45:49.744080+00:00,left_shoulder_pan,1857,1851,-6,37,1,1060
7.237,2026-08-05T05:45:49.744080+00:00,left_shoulder_lift,2389,2420,31,36,10,136
7.237,2026-08-05T05:45:49.744080+00:00,left_elbow_flex,1629,1635,6,34,1,36
7.237,2026-08-05T05:45:49.744080+00:00,left_wrist_flex,2169,2170,1,34,0,0
7.237,2026-08-05T05:45:49.744080+00:00,left_wrist_roll,1989,1987,-2,34,0,1044
7.237,2026-08-05T05:45:49.744080+00:00,left_gripper,2014,2014,0,36,0,0
7.237,2026-08-05T05:45:49.744080+00:00,right_shoulder_pan,1861,1833,-28,37,1,1076
7.237,2026-08-05T05:45:49.744080+00:00,right_shoulder_lift,2214,2247,33,35,5,84
7.237,2026-08-05T05:45:49.744080+00:00,right_elbow_flex,2097,2137,40,37,6,94
7.237,2026-08-05T05:45:49.744080+00:00,right_wrist_flex,1976,1984,8,34,1,30
7.237,2026-08-05T05:45:49.744080+00:00,right_wrist_roll,2114,2111,-3,34,1,1044
7.237,2026-08-05T05:45:49.744080+00:00,right_gripper,2457,2462,5,37,1,24
7.288,2026-08-05T05:45:49.794856+00:00,left_shoulder_pan,1857,1851,-6,37,1,1060
7.288,2026-08-05T05:45:49.794856+00:00,left_shoulder_lift,2389,2420,31,36,10,136
7.288,2026-08-05T05:45:49.794856+00:00,left_elbow_flex,1629,1635,6,34,0,36
7.288,2026-08-05T05:45:49.794856+00:00,left_wrist_flex,2169,2170,1,34,0,0
7.288,2026-08-05T05:45:49.794856+00:00,left_wrist_roll,1989,1987,-2,34,0,1044
7.288,2026-08-05T05:45:49.794856+00:00,left_gripper,2014,2014,0,36,0,0
7.288,2026-08-05T05:45:49.794856+00:00,right_shoulder_pan,1868,1839,-29,37,1,1076
7.288,2026-08-05T05:45:49.794856+00:00,right_shoulder_lift,2219,2247,28,35,4,72
7.288,2026-08-05T05:45:49.794856+00:00,right_elbow_flex,2097,2137,40,37,7,94
7.288,2026-08-05T05:45:49.794856+00:00,right_wrist_flex,1976,1984,8,35,1,30
7.288,2026-08-05T05:45:49.794856+00:00,right_wrist_roll,2114,2111,-3,34,1,1044
7.288,2026-08-05T05:45:49.794856+00:00,right_gripper,2457,2462,5,37,1,24
7.338,2026-08-05T05:45:49.844657+00:00,left_shoulder_pan,1857,1851,-6,37,1,1060
7.338,2026-08-05T05:45:49.844657+00:00,left_shoulder_lift,2389,2420,31,36,9,136
7.338,2026-08-05T05:45:49.844657+00:00,left_elbow_flex,1629,1635,6,34,1,36
7.338,2026-08-05T05:45:49.844657+00:00,left_wrist_flex,2169,2170,1,34,0,0
7.338,2026-08-05T05:45:49.844657+00:00,left_wrist_roll,1989,1987,-2,34,1,1044
7.338,2026-08-05T05:45:49.844657+00:00,left_gripper,2014,2014,0,36,0,0
7.338,2026-08-05T05:45:49.844657+00:00,right_shoulder_pan,1875,1845,-30,38,1,1084
7.338,2026-08-05T05:45:49.844657+00:00,right_shoulder_lift,2223,2247,24,35,3,66
7.338,2026-08-05T05:45:49.844657+00:00,right_elbow_flex,2097,2137,40,37,6,94
7.338,2026-08-05T05:45:49.844657+00:00,right_wrist_flex,1976,1984,8,34,0,30
7.338,2026-08-05T05:45:49.844657+00:00,right_wrist_roll,2114,2111,-3,34,0,1044
7.338,2026-08-05T05:45:49.844657+00:00,right_gripper,2457,2462,5,37,1,24
7.389,2026-08-05T05:45:49.895318+00:00,left_shoulder_pan,1857,1851,-6,37,1,1060
7.389,2026-08-05T05:45:49.895318+00:00,left_shoulder_lift,2389,2420,31,36,10,136
7.389,2026-08-05T05:45:49.895318+00:00,left_elbow_flex,1629,1635,6,34,1,36
7.389,2026-08-05T05:45:49.895318+00:00,left_wrist_flex,2169,2170,1,34,0,0
7.389,2026-08-05T05:45:49.895318+00:00,left_wrist_roll,1989,1987,-2,34,0,1044
7.389,2026-08-05T05:45:49.895318+00:00,left_gripper,2014,2014,0,36,0,0
7.389,2026-08-05T05:45:49.895318+00:00,right_shoulder_pan,1882,1852,-30,37,1,1086
7.389,2026-08-05T05:45:49.895318+00:00,right_shoulder_lift,2226,2247,21,35,2,54
7.389,2026-08-05T05:45:49.895318+00:00,right_elbow_flex,2097,2137,40,37,7,94
7.389,2026-08-05T05:45:49.895318+00:00,right_wrist_flex,1976,1984,8,35,0,30
7.389,2026-08-05T05:45:49.895318+00:00,right_wrist_roll,2114,2111,-3,34,0,1044
7.389,2026-08-05T05:45:49.895318+00:00,right_gripper,2457,2462,5,37,1,24
7.439,2026-08-05T05:45:49.945738+00:00,left_shoulder_pan,1857,1851,-6,37,1,1060
7.439,2026-08-05T05:45:49.945738+00:00,left_shoulder_lift,2389,2420,31,36,10,136
7.439,2026-08-05T05:45:49.945738+00:00,left_elbow_flex,1629,1635,6,34,1,36
7.439,2026-08-05T05:45:49.945738+00:00,left_wrist_flex,2169,2170,1,34,0,0
7.439,2026-08-05T05:45:49.945738+00:00,left_wrist_roll,1989,1987,-2,34,1,1044
7.439,2026-08-05T05:45:49.945738+00:00,left_gripper,2014,2014,0,36,0,0
7.439,2026-08-05T05:45:49.945738+00:00,right_shoulder_pan,1889,1858,-31,37,1,1082
7.439,2026-08-05T05:45:49.945738+00:00,right_shoulder_lift,2230,2247,17,35,2,52
7.439,2026-08-05T05:45:49.945738+00:00,right_elbow_flex,2097,2137,40,37,5,94
7.439,2026-08-05T05:45:49.945738+00:00,right_wrist_flex,1976,1984,8,35,0,30
7.439,2026-08-05T05:45:49.945738+00:00,right_wrist_roll,2114,2111,-3,34,1,1044
7.439,2026-08-05T05:45:49.945738+00:00,right_gripper,2457,2462,5,37,0,24
7.489,2026-08-05T05:45:49.996221+00:00,left_shoulder_pan,1857,1851,-6,37,1,1060
7.489,2026-08-05T05:45:49.996221+00:00,left_shoulder_lift,2389,2420,31,36,10,136
7.489,2026-08-05T05:45:49.996221+00:00,left_elbow_flex,1629,1635,6,34,1,36
7.489,2026-08-05T05:45:49.996221+00:00,left_wrist_flex,2169,2170,1,34,0,0
7.489,2026-08-05T05:45:49.996221+00:00,left_wrist_roll,1989,1987,-2,34,0,1044
7.489,2026-08-05T05:45:49.996221+00:00,left_gripper,2014,2014,0,36,0,0
7.489,2026-08-05T05:45:49.996221+00:00,right_shoulder_pan,1896,1865,-31,37,1,1082
7.489,2026-08-05T05:45:49.996221+00:00,right_shoulder_lift,2233,2247,14,35,1,40
7.489,2026-08-05T05:45:49.996221+00:00,right_elbow_flex,2097,2137,40,37,7,94
7.489,2026-08-05T05:45:49.996221+00:00,right_wrist_flex,1976,1984,8,34,1,30
7.489,2026-08-05T05:45:49.996221+00:00,right_wrist_roll,2114,2111,-3,34,0,1044
7.489,2026-08-05T05:45:49.996221+00:00,right_gripper,2457,2462,5,37,1,24
7.540,2026-08-05T05:45:50.046706+00:00,left_shoulder_pan,1857,1851,-6,37,1,1060
7.540,2026-08-05T05:45:50.046706+00:00,left_shoulder_lift,2389,2420,31,36,9,136
7.540,2026-08-05T05:45:50.046706+00:00,left_elbow_flex,1629,1635,6,34,1,36
7.540,2026-08-05T05:45:50.046706+00:00,left_wrist_flex,2169,2170,1,34,0,0
7.540,2026-08-05T05:45:50.046706+00:00,left_wrist_roll,1989,1987,-2,34,0,1044
7.540,2026-08-05T05:45:50.046706+00:00,left_gripper,2014,2014,0,36,0,0
7.540,2026-08-05T05:45:50.046706+00:00,right_shoulder_pan,1903,1872,-31,37,1,1088
7.540,2026-08-05T05:45:50.046706+00:00,right_shoulder_lift,2236,2247,11,35,1,38
7.540,2026-08-05T05:45:50.046706+00:00,right_elbow_flex,2097,2137,40,37,6,94
7.540,2026-08-05T05:45:50.046706+00:00,right_wrist_flex,1976,1984,8,34,0,30
7.540,2026-08-05T05:45:50.046706+00:00,right_wrist_roll,2114,2111,-3,34,0,1044
7.540,2026-08-05T05:45:50.046706+00:00,right_gripper,2457,2462,5,37,0,24
7.590,2026-08-05T05:45:50.096553+00:00,left_shoulder_pan,1857,1851,-6,37,1,1060
7.590,2026-08-05T05:45:50.096553+00:00,left_shoulder_lift,2389,2420,31,36,10,136
7.590,2026-08-05T05:45:50.096553+00:00,left_elbow_flex,1629,1635,6,34,1,36
7.590,2026-08-05T05:45:50.096553+00:00,left_wrist_flex,2169,2170,1,34,0,0
7.590,2026-08-05T05:45:50.096553+00:00,left_wrist_roll,1989,1987,-2,33,1,1044
7.590,2026-08-05T05:45:50.096553+00:00,left_gripper,2014,2014,0,36,0,0
7.590,2026-08-05T05:45:50.096553+00:00,right_shoulder_pan,1911,1878,-33,37,1,1080
7.590,2026-08-05T05:45:50.096553+00:00,right_shoulder_lift,2239,2247,8,35,1,28
7.590,2026-08-05T05:45:50.096553+00:00,right_elbow_flex,2097,2137,40,37,6,94
7.590,2026-08-05T05:45:50.096553+00:00,right_wrist_flex,1976,1984,8,34,1,30
7.590,2026-08-05T05:45:50.096553+00:00,right_wrist_roll,2114,2111,-3,34,0,1044
7.590,2026-08-05T05:45:50.096553+00:00,right_gripper,2457,2462,5,37,0,24
7.641,2026-08-05T05:45:50.147716+00:00,left_shoulder_pan,1857,1851,-6,37,1,1060
7.641,2026-08-05T05:45:50.147716+00:00,left_shoulder_lift,2389,2420,31,36,11,136
7.641,2026-08-05T05:45:50.147716+00:00,left_elbow_flex,1629,1635,6,34,1,36
7.641,2026-08-05T05:45:50.147716+00:00,left_wrist_flex,2169,2170,1,34,0,0
7.641,2026-08-05T05:45:50.147716+00:00,left_wrist_roll,1989,1987,-2,34,0,1044
7.641,2026-08-05T05:45:50.147716+00:00,left_gripper,2014,2014,0,36,0,0
7.641,2026-08-05T05:45:50.147716+00:00,right_shoulder_pan,1918,1885,-33,37,1,1092
7.641,2026-08-05T05:45:50.147716+00:00,right_shoulder_lift,2241,2247,6,35,0,26
7.641,2026-08-05T05:45:50.147716+00:00,right_elbow_flex,2097,2137,40,37,6,94
7.641,2026-08-05T05:45:50.147716+00:00,right_wrist_flex,1976,1984,8,35,0,30
7.641,2026-08-05T05:45:50.147716+00:00,right_wrist_roll,2114,2111,-3,34,0,1044
7.641,2026-08-05T05:45:50.147716+00:00,right_gripper,2457,2462,5,37,1,24
7.691,2026-08-05T05:45:50.197872+00:00,left_shoulder_pan,1857,1851,-6,37,1,1060
7.691,2026-08-05T05:45:50.197872+00:00,left_shoulder_lift,2389,2420,31,36,10,136
7.691,2026-08-05T05:45:50.197872+00:00,left_elbow_flex,1629,1635,6,34,1,36
7.691,2026-08-05T05:45:50.197872+00:00,left_wrist_flex,2169,2170,1,34,0,0
7.691,2026-08-05T05:45:50.197872+00:00,left_wrist_roll,1989,1987,-2,34,0,1044
7.691,2026-08-05T05:45:50.197872+00:00,left_gripper,2014,2014,0,36,0,0
7.691,2026-08-05T05:45:50.197872+00:00,right_shoulder_pan,1926,1892,-34,37,1,1088
7.691,2026-08-05T05:45:50.197872+00:00,right_shoulder_lift,2243,2247,4,35,0,26
7.691,2026-08-05T05:45:50.197872+00:00,right_elbow_flex,2097,2137,40,37,6,94
7.691,2026-08-05T05:45:50.197872+00:00,right_wrist_flex,1976,1984,8,34,0,30
7.691,2026-08-05T05:45:50.197872+00:00,right_wrist_roll,2114,2111,-3,34,0,1044
7.691,2026-08-05T05:45:50.197872+00:00,right_gripper,2457,2462,5,37,0,24
7.741,2026-08-05T05:45:50.248024+00:00,left_shoulder_pan,1857,1851,-6,37,1,1060
7.741,2026-08-05T05:45:50.248024+00:00,left_shoulder_lift,2389,2420,31,36,8,136
7.741,2026-08-05T05:45:50.248024+00:00,left_elbow_flex,1629,1635,6,34,1,36
7.741,2026-08-05T05:45:50.248024+00:00,left_wrist_flex,2169,2170,1,34,0,0
7.741,2026-08-05T05:45:50.248024+00:00,left_wrist_roll,1989,1987,-2,33,0,1044
7.741,2026-08-05T05:45:50.248024+00:00,left_gripper,2014,2014,0,36,0,0
7.741,2026-08-05T05:45:50.248024+00:00,right_shoulder_pan,1934,1898,-36,37,1,1094
7.741,2026-08-05T05:45:50.248024+00:00,right_shoulder_lift,2245,2248,3,35,1,24
7.741,2026-08-05T05:45:50.248024+00:00,right_elbow_flex,2097,2137,40,37,6,94
7.741,2026-08-05T05:45:50.248024+00:00,right_wrist_flex,1976,1984,8,34,0,30
7.741,2026-08-05T05:45:50.248024+00:00,right_wrist_roll,2114,2111,-3,34,0,1044
7.741,2026-08-05T05:45:50.248024+00:00,right_gripper,2457,2462,5,37,0,24
7.791,2026-08-05T05:45:50.297825+00:00,left_shoulder_pan,1857,1851,-6,37,1,1060
7.791,2026-08-05T05:45:50.297825+00:00,left_shoulder_lift,2389,2420,31,36,8,136
7.791,2026-08-05T05:45:50.297825+00:00,left_elbow_flex,1629,1635,6,34,1,36
7.791,2026-08-05T05:45:50.297825+00:00,left_wrist_flex,2169,2170,1,34,0,0
7.791,2026-08-05T05:45:50.297825+00:00,left_wrist_roll,1989,1987,-2,34,1,1044
7.791,2026-08-05T05:45:50.297825+00:00,left_gripper,2014,2014,0,36,0,0
7.791,2026-08-05T05:45:50.297825+00:00,right_shoulder_pan,1941,1906,-35,37,2,1092
7.791,2026-08-05T05:45:50.297825+00:00,right_shoulder_lift,2246,2248,2,35,0,20
7.791,2026-08-05T05:45:50.297825+00:00,right_elbow_flex,2097,2137,40,37,6,94
7.791,2026-08-05T05:45:50.297825+00:00,right_wrist_flex,1976,1984,8,34,1,30
7.791,2026-08-05T05:45:50.297825+00:00,right_wrist_roll,2114,2111,-3,34,0,1044
7.791,2026-08-05T05:45:50.297825+00:00,right_gripper,2457,2462,5,37,1,24
7.841,2026-08-05T05:45:50.348225+00:00,left_shoulder_pan,1857,1851,-6,37,1,1060
7.841,2026-08-05T05:45:50.348225+00:00,left_shoulder_lift,2389,2420,31,36,11,136
7.841,2026-08-05T05:45:50.348225+00:00,left_elbow_flex,1629,1635,6,34,0,36
7.841,2026-08-05T05:45:50.348225+00:00,left_wrist_flex,2169,2170,1,34,0,0
7.841,2026-08-05T05:45:50.348225+00:00,left_wrist_roll,1989,1987,-2,34,1,1044
7.841,2026-08-05T05:45:50.348225+00:00,left_gripper,2014,2014,0,36,0,0
7.841,2026-08-05T05:45:50.348225+00:00,right_shoulder_pan,1949,1913,-36,37,2,1094
7.841,2026-08-05T05:45:50.348225+00:00,right_shoulder_lift,2247,2248,1,35,0,18
7.841,2026-08-05T05:45:50.348225+00:00,right_elbow_flex,2097,2137,40,37,6,94
7.841,2026-08-05T05:45:50.348225+00:00,right_wrist_flex,1976,1984,8,34,1,30
7.841,2026-08-05T05:45:50.348225+00:00,right_wrist_roll,2114,2111,-3,34,0,1044
7.841,2026-08-05T05:45:50.348225+00:00,right_gripper,2457,2462,5,37,1,24
7.892,2026-08-05T05:45:50.398729+00:00,left_shoulder_pan,1857,1851,-6,37,1,1060
7.892,2026-08-05T05:45:50.398729+00:00,left_shoulder_lift,2389,2420,31,36,11,136
7.892,2026-08-05T05:45:50.398729+00:00,left_elbow_flex,1629,1635,6,34,1,36
7.892,2026-08-05T05:45:50.398729+00:00,left_wrist_flex,2169,2170,1,34,0,0
7.892,2026-08-05T05:45:50.398729+00:00,left_wrist_roll,1989,1987,-2,34,0,1044
7.892,2026-08-05T05:45:50.398729+00:00,left_gripper,2014,2014,0,36,0,0
7.892,2026-08-05T05:45:50.398729+00:00,right_shoulder_pan,1957,1921,-36,37,2,1090
7.892,2026-08-05T05:45:50.398729+00:00,right_shoulder_lift,2248,2248,0,35,0,0
7.892,2026-08-05T05:45:50.398729+00:00,right_elbow_flex,2097,2137,40,37,6,94
7.892,2026-08-05T05:45:50.398729+00:00,right_wrist_flex,1976,1984,8,34,1,30
7.892,2026-08-05T05:45:50.398729+00:00,right_wrist_roll,2114,2111,-3,34,0,1044
7.892,2026-08-05T05:45:50.398729+00:00,right_gripper,2457,2462,5,37,0,24
7.942,2026-08-05T05:45:50.448594+00:00,left_shoulder_pan,1857,1851,-6,37,1,1060
7.942,2026-08-05T05:45:50.448594+00:00,left_shoulder_lift,2389,2420,31,36,8,136
7.942,2026-08-05T05:45:50.448594+00:00,left_elbow_flex,1629,1635,6,34,1,36
7.942,2026-08-05T05:45:50.448594+00:00,left_wrist_flex,2169,2170,1,34,0,0
7.942,2026-08-05T05:45:50.448594+00:00,left_wrist_roll,1989,1987,-2,34,0,1044
7.942,2026-08-05T05:45:50.448594+00:00,left_gripper,2014,2014,0,36,0,0
7.942,2026-08-05T05:45:50.448594+00:00,right_shoulder_pan,1965,1929,-36,37,1,1086
7.942,2026-08-05T05:45:50.448594+00:00,right_shoulder_lift,2249,2248,-1,35,0,0
7.942,2026-08-05T05:45:50.448594+00:00,right_elbow_flex,2097,2137,40,37,6,94
7.942,2026-08-05T05:45:50.448594+00:00,right_wrist_flex,1976,1984,8,34,1,30
7.942,2026-08-05T05:45:50.448594+00:00,right_wrist_roll,2114,2111,-3,34,1,1044
7.942,2026-08-05T05:45:50.448594+00:00,right_gripper,2457,2462,5,37,0,24
7.992,2026-08-05T05:45:50.499590+00:00,left_shoulder_pan,1857,1851,-6,37,1,1060
7.992,2026-08-05T05:45:50.499590+00:00,left_shoulder_lift,2389,2420,31,36,9,136
7.992,2026-08-05T05:45:50.499590+00:00,left_elbow_flex,1629,1635,6,34,0,36
7.992,2026-08-05T05:45:50.499590+00:00,left_wrist_flex,2169,2170,1,34,0,0
7.992,2026-08-05T05:45:50.499590+00:00,left_wrist_roll,1989,1987,-2,34,0,1044
7.992,2026-08-05T05:45:50.499590+00:00,left_gripper,2014,2014,0,36,0,0
7.992,2026-08-05T05:45:50.499590+00:00,right_shoulder_pan,1973,1937,-36,37,1,1090
7.992,2026-08-05T05:45:50.499590+00:00,right_shoulder_lift,2249,2248,-1,35,0,0
7.992,2026-08-05T05:45:50.499590+00:00,right_elbow_flex,2097,2137,40,37,6,94
7.992,2026-08-05T05:45:50.499590+00:00,right_wrist_flex,1976,1984,8,34,0,30
7.992,2026-08-05T05:45:50.499590+00:00,right_wrist_roll,2114,2111,-3,34,0,1044
7.992,2026-08-05T05:45:50.499590+00:00,right_gripper,2457,2462,5,37,0,24
8.043,2026-08-05T05:45:50.549784+00:00,left_shoulder_pan,1857,1851,-6,36,1,1060
8.043,2026-08-05T05:45:50.549784+00:00,left_shoulder_lift,2389,2420,31,36,8,136
8.043,2026-08-05T05:45:50.549784+00:00,left_elbow_flex,1629,1635,6,34,0,36
8.043,2026-08-05T05:45:50.549784+00:00,left_wrist_flex,2169,2170,1,34,0,0
8.043,2026-08-05T05:45:50.549784+00:00,left_wrist_roll,1989,1987,-2,34,0,1044
8.043,2026-08-05T05:45:50.549784+00:00,left_gripper,2014,2014,0,36,0,0
8.043,2026-08-05T05:45:50.549784+00:00,right_shoulder_pan,1981,1945,-36,37,2,1090
8.043,2026-08-05T05:45:50.549784+00:00,right_shoulder_lift,2249,2248,-1,35,0,0
8.043,2026-08-05T05:45:50.549784+00:00,right_elbow_flex,2097,2137,40,37,6,94
8.043,2026-08-05T05:45:50.549784+00:00,right_wrist_flex,1976,1984,8,34,1,30
8.043,2026-08-05T05:45:50.549784+00:00,right_wrist_roll,2114,2111,-3,34,0,1044
8.043,2026-08-05T05:45:50.549784+00:00,right_gripper,2457,2462,5,37,0,24
8.093,2026-08-05T05:45:50.600518+00:00,left_shoulder_pan,1857,1851,-6,37,2,1060
8.093,2026-08-05T05:45:50.600518+00:00,left_shoulder_lift,2389,2420,31,36,8,136
8.093,2026-08-05T05:45:50.600518+00:00,left_elbow_flex,1629,1635,6,34,1,36
8.093,2026-08-05T05:45:50.600518+00:00,left_wrist_flex,2169,2170,1,34,0,0
8.093,2026-08-05T05:45:50.600518+00:00,left_wrist_roll,1989,1987,-2,34,1,1044
8.093,2026-08-05T05:45:50.600518+00:00,left_gripper,2014,2014,0,36,0,0
8.093,2026-08-05T05:45:50.600518+00:00,right_shoulder_pan,1989,1953,-36,37,2,1090
8.093,2026-08-05T05:45:50.600518+00:00,right_shoulder_lift,2248,2248,0,35,0,0
8.093,2026-08-05T05:45:50.600518+00:00,right_elbow_flex,2097,2137,40,37,6,94
8.093,2026-08-05T05:45:50.600518+00:00,right_wrist_flex,1976,1984,8,34,0,30
8.093,2026-08-05T05:45:50.600518+00:00,right_wrist_roll,2114,2111,-3,34,0,1044
8.093,2026-08-05T05:45:50.600518+00:00,right_gripper,2457,2462,5,37,0,24
8.144,2026-08-05T05:45:50.650722+00:00,left_shoulder_pan,1857,1851,-6,37,1,1060
8.144,2026-08-05T05:45:50.650722+00:00,left_shoulder_lift,2389,2420,31,36,10,136
8.144,2026-08-05T05:45:50.650722+00:00,left_elbow_flex,1629,1635,6,34,1,36
8.144,2026-08-05T05:45:50.650722+00:00,left_wrist_flex,2169,2170,1,34,0,0
8.144,2026-08-05T05:45:50.650722+00:00,left_wrist_roll,1989,1987,-2,34,0,1044
8.144,2026-08-05T05:45:50.650722+00:00,left_gripper,2014,2014,0,36,0,0
8.144,2026-08-05T05:45:50.650722+00:00,right_shoulder_pan,1997,1961,-36,37,1,1090
8.144,2026-08-05T05:45:50.650722+00:00,right_shoulder_lift,2248,2248,0,35,0,0
8.144,2026-08-05T05:45:50.650722+00:00,right_elbow_flex,2097,2137,40,37,6,94
8.144,2026-08-05T05:45:50.650722+00:00,right_wrist_flex,1976,1984,8,34,1,30
8.144,2026-08-05T05:45:50.650722+00:00,right_wrist_roll,2114,2111,-3,34,1,1044
8.144,2026-08-05T05:45:50.650722+00:00,right_gripper,2457,2462,5,37,0,24
8.194,2026-08-05T05:45:50.701177+00:00,left_shoulder_pan,1857,1851,-6,37,1,1060
8.194,2026-08-05T05:45:50.701177+00:00,left_shoulder_lift,2389,2420,31,36,8,136
8.194,2026-08-05T05:45:50.701177+00:00,left_elbow_flex,1629,1635,6,34,1,36
8.194,2026-08-05T05:45:50.701177+00:00,left_wrist_flex,2169,2170,1,34,0,0
8.194,2026-08-05T05:45:50.701177+00:00,left_wrist_roll,1989,1987,-2,34,0,1044
8.194,2026-08-05T05:45:50.701177+00:00,left_gripper,2014,2014,0,36,0,0
8.194,2026-08-05T05:45:50.701177+00:00,right_shoulder_pan,2004,1969,-35,37,1,1094
8.194,2026-08-05T05:45:50.701177+00:00,right_shoulder_lift,2247,2248,1,35,0,0
8.194,2026-08-05T05:45:50.701177+00:00,right_elbow_flex,2097,2137,40,37,6,94
8.194,2026-08-05T05:45:50.701177+00:00,right_wrist_flex,1976,1984,8,34,0,30
8.194,2026-08-05T05:45:50.701177+00:00,right_wrist_roll,2114,2111,-3,34,1,1044
8.194,2026-08-05T05:45:50.701177+00:00,right_gripper,2457,2462,5,37,0,24
8.245,2026-08-05T05:45:50.751329+00:00,left_shoulder_pan,1857,1851,-6,37,0,1060
8.245,2026-08-05T05:45:50.751329+00:00,left_shoulder_lift,2389,2420,31,36,9,136
8.245,2026-08-05T05:45:50.751329+00:00,left_elbow_flex,1629,1635,6,34,1,36
8.245,2026-08-05T05:45:50.751329+00:00,left_wrist_flex,2169,2170,1,34,0,0
8.245,2026-08-05T05:45:50.751329+00:00,left_wrist_roll,1989,1987,-2,34,0,1044
8.245,2026-08-05T05:45:50.751329+00:00,left_gripper,2014,2014,0,36,0,0
8.245,2026-08-05T05:45:50.751329+00:00,right_shoulder_pan,2012,1977,-35,37,1,1090
8.245,2026-08-05T05:45:50.751329+00:00,right_shoulder_lift,2245,2248,3,35,0,18
8.245,2026-08-05T05:45:50.751329+00:00,right_elbow_flex,2097,2137,40,37,5,94
8.245,2026-08-05T05:45:50.751329+00:00,right_wrist_flex,1976,1984,8,34,0,30
8.245,2026-08-05T05:45:50.751329+00:00,right_wrist_roll,2114,2111,-3,34,0,1044
8.245,2026-08-05T05:45:50.751329+00:00,right_gripper,2457,2462,5,37,1,24
8.295,2026-08-05T05:45:50.801903+00:00,left_shoulder_pan,1857,1851,-6,37,1,1060
8.295,2026-08-05T05:45:50.801903+00:00,left_shoulder_lift,2389,2420,31,36,8,136
8.295,2026-08-05T05:45:50.801903+00:00,left_elbow_flex,1629,1635,6,34,1,36
8.295,2026-08-05T05:45:50.801903+00:00,left_wrist_flex,2169,2170,1,34,0,0
8.295,2026-08-05T05:45:50.801903+00:00,left_wrist_roll,1989,1987,-2,34,1,1044
8.295,2026-08-05T05:45:50.801903+00:00,left_gripper,2014,2014,0,36,0,0
8.295,2026-08-05T05:45:50.801903+00:00,right_shoulder_pan,2020,1984,-36,37,1,1094
8.295,2026-08-05T05:45:50.801903+00:00,right_shoulder_lift,2244,2248,4,35,1,22
8.295,2026-08-05T05:45:50.801903+00:00,right_elbow_flex,2097,2137,40,37,7,94
8.295,2026-08-05T05:45:50.801903+00:00,right_wrist_flex,1976,1984,8,35,0,30
8.295,2026-08-05T05:45:50.801903+00:00,right_wrist_roll,2114,2111,-3,34,0,1044
8.295,2026-08-05T05:45:50.801903+00:00,right_gripper,2457,2462,5,37,0,24
8.346,2026-08-05T05:45:50.852611+00:00,left_shoulder_pan,1857,1851,-6,37,1,1060
8.346,2026-08-05T05:45:50.852611+00:00,left_shoulder_lift,2389,2420,31,36,11,136
8.346,2026-08-05T05:45:50.852611+00:00,left_elbow_flex,1629,1635,6,34,0,36
8.346,2026-08-05T05:45:50.852611+00:00,left_wrist_flex,2169,2170,1,34,0,0
8.346,2026-08-05T05:45:50.852611+00:00,left_wrist_roll,1989,1987,-2,34,0,1044
8.346,2026-08-05T05:45:50.852611+00:00,left_gripper,2014,2014,0,37,0,0
8.346,2026-08-05T05:45:50.852611+00:00,right_shoulder_pan,2028,1992,-36,37,2,1096
8.346,2026-08-05T05:45:50.852611+00:00,right_shoulder_lift,2242,2248,6,35,1,24
8.346,2026-08-05T05:45:50.852611+00:00,right_elbow_flex,2097,2137,40,37,7,94
8.346,2026-08-05T05:45:50.852611+00:00,right_wrist_flex,1976,1984,8,34,1,30
8.346,2026-08-05T05:45:50.852611+00:00,right_wrist_roll,2114,2111,-3,34,0,1044
8.346,2026-08-05T05:45:50.852611+00:00,right_gripper,2457,2462,5,37,1,24
8.396,2026-08-05T05:45:50.903468+00:00,left_shoulder_pan,1857,1851,-6,37,1,1060
8.396,2026-08-05T05:45:50.903468+00:00,left_shoulder_lift,2389,2420,31,36,11,136
8.396,2026-08-05T05:45:50.903468+00:00,left_elbow_flex,1629,1635,6,34,1,36
8.396,2026-08-05T05:45:50.903468+00:00,left_wrist_flex,2169,2170,1,34,0,0
8.396,2026-08-05T05:45:50.903468+00:00,left_wrist_roll,1989,1987,-2,34,0,1044
8.396,2026-08-05T05:45:50.903468+00:00,left_gripper,2014,2014,0,36,0,0
8.396,2026-08-05T05:45:50.903468+00:00,right_shoulder_pan,2035,1999,-36,37,1,1092
8.396,2026-08-05T05:45:50.903468+00:00,right_shoulder_lift,2239,2248,9,35,0,28
8.396,2026-08-05T05:45:50.903468+00:00,right_elbow_flex,2097,2137,40,37,6,94
8.396,2026-08-05T05:45:50.903468+00:00,right_wrist_flex,1976,1984,8,34,0,30
8.396,2026-08-05T05:45:50.903468+00:00,right_wrist_roll,2114,2111,-3,34,0,1044
8.396,2026-08-05T05:45:50.903468+00:00,right_gripper,2457,2462,5,37,0,24
8.446,2026-08-05T05:45:50.952837+00:00,left_shoulder_pan,1857,1851,-6,37,1,1060
8.446,2026-08-05T05:45:50.952837+00:00,left_shoulder_lift,2389,2420,31,36,8,136
8.446,2026-08-05T05:45:50.952837+00:00,left_elbow_flex,1629,1635,6,34,1,36
8.446,2026-08-05T05:45:50.952837+00:00,left_wrist_flex,2169,2170,1,34,0,0
8.446,2026-08-05T05:45:50.952837+00:00,left_wrist_roll,1989,1987,-2,34,1,1044
8.446,2026-08-05T05:45:50.952837+00:00,left_gripper,2014,2014,0,36,0,0
8.446,2026-08-05T05:45:50.952837+00:00,right_shoulder_pan,2043,2007,-36,37,1,1090
8.446,2026-08-05T05:45:50.952837+00:00,right_shoulder_lift,2237,2248,11,35,1,38
8.446,2026-08-05T05:45:50.952837+00:00,right_elbow_flex,2097,2137,40,37,7,94
8.446,2026-08-05T05:45:50.952837+00:00,right_wrist_flex,1976,1984,8,34,1,30
8.446,2026-08-05T05:45:50.952837+00:00,right_wrist_roll,2114,2111,-3,34,0,1044
8.446,2026-08-05T05:45:50.952837+00:00,right_gripper,2457,2462,5,37,1,24
8.497,2026-08-05T05:45:51.003418+00:00,left_shoulder_pan,1857,1851,-6,37,1,1060
8.497,2026-08-05T05:45:51.003418+00:00,left_shoulder_lift,2389,2420,31,36,8,136
8.497,2026-08-05T05:45:51.003418+00:00,left_elbow_flex,1629,1635,6,34,1,36
8.497,2026-08-05T05:45:51.003418+00:00,left_wrist_flex,2169,2170,1,34,0,0
8.497,2026-08-05T05:45:51.003418+00:00,left_wrist_roll,1989,1987,-2,34,0,1044
8.497,2026-08-05T05:45:51.003418+00:00,left_gripper,2014,2014,0,36,0,0
8.497,2026-08-05T05:45:51.003418+00:00,right_shoulder_pan,2050,2014,-36,37,2,1092
8.497,2026-08-05T05:45:51.003418+00:00,right_shoulder_lift,2234,2248,14,35,1,38
8.497,2026-08-05T05:45:51.003418+00:00,right_elbow_flex,2097,2137,40,37,6,94
8.497,2026-08-05T05:45:51.003418+00:00,right_wrist_flex,1976,1984,8,35,0,30
8.497,2026-08-05T05:45:51.003418+00:00,right_wrist_roll,2114,2111,-3,34,0,1044
8.497,2026-08-05T05:45:51.003418+00:00,right_gripper,2457,2462,5,37,1,24
8.547,2026-08-05T05:45:51.054694+00:00,left_shoulder_pan,1857,1851,-6,37,1,1060
8.547,2026-08-05T05:45:51.054694+00:00,left_shoulder_lift,2389,2420,31,36,8,136
8.547,2026-08-05T05:45:51.054694+00:00,left_elbow_flex,1629,1635,6,34,1,36
8.547,2026-08-05T05:45:51.054694+00:00,left_wrist_flex,2169,2170,1,34,0,0
8.547,2026-08-05T05:45:51.054694+00:00,left_wrist_roll,1989,1987,-2,34,1,1044
8.547,2026-08-05T05:45:51.054694+00:00,left_gripper,2014,2014,0,36,0,0
8.547,2026-08-05T05:45:51.054694+00:00,right_shoulder_pan,2057,2022,-35,37,1,1090
8.547,2026-08-05T05:45:51.054694+00:00,right_shoulder_lift,2231,2248,17,35,2,48
8.547,2026-08-05T05:45:51.054694+00:00,right_elbow_flex,2097,2137,40,37,7,94
8.547,2026-08-05T05:45:51.054694+00:00,right_wrist_flex,1976,1984,8,34,1,30
8.547,2026-08-05T05:45:51.054694+00:00,right_wrist_roll,2114,2111,-3,34,0,1044
8.547,2026-08-05T05:45:51.054694+00:00,right_gripper,2457,2462,5,37,1,24
8.597,2026-08-05T05:45:51.103751+00:00,left_shoulder_pan,1857,1851,-6,37,0,1060
8.597,2026-08-05T05:45:51.103751+00:00,left_shoulder_lift,2389,2420,31,36,9,136
8.597,2026-08-05T05:45:51.103751+00:00,left_elbow_flex,1629,1635,6,34,0,36
8.597,2026-08-05T05:45:51.103751+00:00,left_wrist_flex,2169,2170,1,34,0,0
8.597,2026-08-05T05:45:51.103751+00:00,left_wrist_roll,1989,1987,-2,34,1,1044
8.597,2026-08-05T05:45:51.103751+00:00,left_gripper,2014,2014,0,36,0,0
8.597,2026-08-05T05:45:51.103751+00:00,right_shoulder_pan,2064,2030,-34,37,2,1088
8.597,2026-08-05T05:45:51.103751+00:00,right_shoulder_lift,2227,2248,21,35,1,50
8.597,2026-08-05T05:45:51.103751+00:00,right_elbow_flex,2097,2137,40,37,5,94
8.597,2026-08-05T05:45:51.103751+00:00,right_wrist_flex,1976,1984,8,34,0,30
8.597,2026-08-05T05:45:51.103751+00:00,right_wrist_roll,2114,2111,-3,34,0,1044
8.597,2026-08-05T05:45:51.103751+00:00,right_gripper,2457,2462,5,38,1,24
8.647,2026-08-05T05:45:51.153902+00:00,left_shoulder_pan,1857,1851,-6,37,1,1060
8.647,2026-08-05T05:45:51.153902+00:00,left_shoulder_lift,2389,2420,31,36,8,136
8.647,2026-08-05T05:45:51.153902+00:00,left_elbow_flex,1629,1635,6,34,1,36
8.647,2026-08-05T05:45:51.153902+00:00,left_wrist_flex,2169,2170,1,34,0,0
8.647,2026-08-05T05:45:51.153902+00:00,left_wrist_roll,1989,1987,-2,34,0,1044
8.647,2026-08-05T05:45:51.153902+00:00,left_gripper,2014,2014,0,36,0,0
8.647,2026-08-05T05:45:51.153902+00:00,right_shoulder_pan,2071,2038,-33,37,1,1088
8.647,2026-08-05T05:45:51.153902+00:00,right_shoulder_lift,2224,2248,24,35,3,62
8.647,2026-08-05T05:45:51.153902+00:00,right_elbow_flex,2097,2137,40,37,6,94
8.647,2026-08-05T05:45:51.153902+00:00,right_wrist_flex,1976,1984,8,34,0,30
8.647,2026-08-05T05:45:51.153902+00:00,right_wrist_roll,2114,2111,-3,34,1,1044
8.647,2026-08-05T05:45:51.153902+00:00,right_gripper,2457,2462,5,37,1,24
8.698,2026-08-05T05:45:51.204547+00:00,left_shoulder_pan,1857,1851,-6,37,1,1060
8.698,2026-08-05T05:45:51.204547+00:00,left_shoulder_lift,2389,2420,31,36,8,136
8.698,2026-08-05T05:45:51.204547+00:00,left_elbow_flex,1629,1635,6,34,1,36
8.698,2026-08-05T05:45:51.204547+00:00,left_wrist_flex,2169,2170,1,34,0,0
8.698,2026-08-05T05:45:51.204547+00:00,left_wrist_roll,1989,1987,-2,34,0,1044
8.698,2026-08-05T05:45:51.204547+00:00,left_gripper,2014,2014,0,36,0,0
8.698,2026-08-05T05:45:51.204547+00:00,right_shoulder_pan,2078,2045,-33,37,1,1086
8.698,2026-08-05T05:45:51.204547+00:00,right_shoulder_lift,2220,2248,28,35,2,64
8.698,2026-08-05T05:45:51.204547+00:00,right_elbow_flex,2097,2137,40,37,6,94
8.698,2026-08-05T05:45:51.204547+00:00,right_wrist_flex,1976,1984,8,34,0,30
8.698,2026-08-05T05:45:51.204547+00:00,right_wrist_roll,2114,2111,-3,34,0,1044
8.698,2026-08-05T05:45:51.204547+00:00,right_gripper,2457,2462,5,37,0,24
8.748,2026-08-05T05:45:51.255289+00:00,left_shoulder_pan,1857,1851,-6,37,1,1060
8.748,2026-08-05T05:45:51.255289+00:00,left_shoulder_lift,2389,2420,31,36,9,136
8.748,2026-08-05T05:45:51.255289+00:00,left_elbow_flex,1629,1635,6,34,1,36
8.748,2026-08-05T05:45:51.255289+00:00,left_wrist_flex,2169,2170,1,34,0,0
8.748,2026-08-05T05:45:51.255289+00:00,left_wrist_roll,1989,1987,-2,34,1,1044
8.748,2026-08-05T05:45:51.255289+00:00,left_gripper,2014,2014,0,36,0,0
8.748,2026-08-05T05:45:51.255289+00:00,right_shoulder_pan,2085,2052,-33,37,2,1086
8.748,2026-08-05T05:45:51.255289+00:00,right_shoulder_lift,2215,2248,33,35,3,76
8.748,2026-08-05T05:45:51.255289+00:00,right_elbow_flex,2097,2137,40,37,6,94
8.748,2026-08-05T05:45:51.255289+00:00,right_wrist_flex,1976,1984,8,34,0,30
8.748,2026-08-05T05:45:51.255289+00:00,right_wrist_roll,2114,2111,-3,34,0,1044
8.748,2026-08-05T05:45:51.255289+00:00,right_gripper,2457,2462,5,37,1,24
8.798,2026-08-05T05:45:51.308793+00:00,left_shoulder_pan,1857,1851,-6,37,1,1060
8.798,2026-08-05T05:45:51.308793+00:00,left_shoulder_lift,2389,2420,31,36,8,136
8.798,2026-08-05T05:45:51.308793+00:00,left_elbow_flex,1629,1635,6,34,1,36
8.798,2026-08-05T05:45:51.308793+00:00,left_wrist_flex,2169,2170,1,34,0,0
8.798,2026-08-05T05:45:51.308793+00:00,left_wrist_roll,1989,1987,-2,34,0,1044
8.798,2026-08-05T05:45:51.308793+00:00,left_gripper,2014,2014,0,37,0,0
8.798,2026-08-05T05:45:51.308793+00:00,right_shoulder_pan,2091,2059,-32,37,1,1088
8.798,2026-08-05T05:45:51.308793+00:00,right_shoulder_lift,2211,2248,37,35,4,90
8.798,2026-08-05T05:45:51.308793+00:00,right_elbow_flex,2097,2137,40,37,6,94
8.798,2026-08-05T05:45:51.308793+00:00,right_wrist_flex,1976,1984,8,34,1,30
8.798,2026-08-05T05:45:51.308793+00:00,right_wrist_roll,2114,2111,-3,34,1,1044
8.798,2026-08-05T05:45:51.308793+00:00,right_gripper,2457,2462,5,37,0,24
8.848,2026-08-05T05:45:51.355526+00:00,left_shoulder_pan,1857,1851,-6,37,1,1060
8.848,2026-08-05T05:45:51.355526+00:00,left_shoulder_lift,2389,2420,31,36,11,136
8.848,2026-08-05T05:45:51.355526+00:00,left_elbow_flex,1629,1635,6,34,1,36
8.848,2026-08-05T05:45:51.355526+00:00,left_wrist_flex,2169,2170,1,34,0,0
8.848,2026-08-05T05:45:51.355526+00:00,left_wrist_roll,1989,1987,-2,34,0,1044
8.848,2026-08-05T05:45:51.355526+00:00,left_gripper,2014,2014,0,36,0,0
8.848,2026-08-05T05:45:51.355526+00:00,right_shoulder_pan,2098,2066,-32,37,1,1086
8.848,2026-08-05T05:45:51.355526+00:00,right_shoulder_lift,2206,2248,42,35,4,94
8.848,2026-08-05T05:45:51.355526+00:00,right_elbow_flex,2097,2137,40,37,7,94
8.848,2026-08-05T05:45:51.355526+00:00,right_wrist_flex,1976,1984,8,35,1,30
8.848,2026-08-05T05:45:51.355526+00:00,right_wrist_roll,2114,2111,-3,34,0,1044
8.848,2026-08-05T05:45:51.355526+00:00,right_gripper,2457,2462,5,37,0,24
8.899,2026-08-05T05:45:51.405077+00:00,left_shoulder_pan,1857,1851,-6,37,1,1060
8.899,2026-08-05T05:45:51.405077+00:00,left_shoulder_lift,2389,2420,31,36,10,136
8.899,2026-08-05T05:45:51.405077+00:00,left_elbow_flex,1629,1635,6,34,1,36
8.899,2026-08-05T05:45:51.405077+00:00,left_wrist_flex,2169,2170,1,34,0,0
8.899,2026-08-05T05:45:51.405077+00:00,left_wrist_roll,1989,1987,-2,34,0,1044
8.899,2026-08-05T05:45:51.405077+00:00,left_gripper,2014,2014,0,36,0,0
8.899,2026-08-05T05:45:51.405077+00:00,right_shoulder_pan,2104,2073,-31,37,1,1086
8.899,2026-08-05T05:45:51.405077+00:00,right_shoulder_lift,2201,2248,47,35,4,108
8.899,2026-08-05T05:45:51.405077+00:00,right_elbow_flex,2097,2137,40,37,6,94
8.899,2026-08-05T05:45:51.405077+00:00,right_wrist_flex,1976,1984,8,34,1,30
8.899,2026-08-05T05:45:51.405077+00:00,right_wrist_roll,2114,2111,-3,34,0,1044
8.899,2026-08-05T05:45:51.405077+00:00,right_gripper,2457,2462,5,37,0,24
8.949,2026-08-05T05:45:51.455356+00:00,left_shoulder_pan,1857,1851,-6,37,1,1060
8.949,2026-08-05T05:45:51.455356+00:00,left_shoulder_lift,2389,2420,31,36,10,136
8.949,2026-08-05T05:45:51.455356+00:00,left_elbow_flex,1629,1635,6,34,1,36
8.949,2026-08-05T05:45:51.455356+00:00,left_wrist_flex,2169,2170,1,34,0,0
8.949,2026-08-05T05:45:51.455356+00:00,left_wrist_roll,1989,1987,-2,34,0,1044
8.949,2026-08-05T05:45:51.455356+00:00,left_gripper,2014,2014,0,37,0,0
8.949,2026-08-05T05:45:51.455356+00:00,right_shoulder_pan,2110,2079,-31,37,1,1086
8.949,2026-08-05T05:45:51.455356+00:00,right_shoulder_lift,2196,2248,52,35,6,114
8.949,2026-08-05T05:45:51.455356+00:00,right_elbow_flex,2097,2137,40,37,8,94
8.949,2026-08-05T05:45:51.455356+00:00,right_wrist_flex,1976,1984,8,34,1,30
8.949,2026-08-05T05:45:51.455356+00:00,right_wrist_roll,2114,2111,-3,34,0,1044
8.949,2026-08-05T05:45:51.455356+00:00,right_gripper,2457,2462,5,38,0,24
8.999,2026-08-05T05:45:51.505439+00:00,left_shoulder_pan,1857,1851,-6,37,1,1060
8.999,2026-08-05T05:45:51.505439+00:00,left_shoulder_lift,2389,2420,31,36,8,136
8.999,2026-08-05T05:45:51.505439+00:00,left_elbow_flex,1629,1635,6,34,1,36
8.999,2026-08-05T05:45:51.505439+00:00,left_wrist_flex,2169,2170,1,34,0,0
8.999,2026-08-05T05:45:51.505439+00:00,left_wrist_roll,1989,1987,-2,34,0,1044
8.999,2026-08-05T05:45:51.505439+00:00,left_gripper,2014,2014,0,36,0,0
8.999,2026-08-05T05:45:51.505439+00:00,right_shoulder_pan,2115,2085,-30,37,1,1084
8.999,2026-08-05T05:45:51.505439+00:00,right_shoulder_lift,2191,2248,57,35,8,132
8.999,2026-08-05T05:45:51.505439+00:00,right_elbow_flex,2097,2137,40,37,6,94
8.999,2026-08-05T05:45:51.505439+00:00,right_wrist_flex,1976,1984,8,34,0,30
8.999,2026-08-05T05:45:51.505439+00:00,right_wrist_roll,2114,2111,-3,34,1,1044
8.999,2026-08-05T05:45:51.505439+00:00,right_gripper,2457,2462,5,37,1,24
9.049,2026-08-05T05:45:51.555469+00:00,left_shoulder_pan,1857,1851,-6,37,1,1060
9.049,2026-08-05T05:45:51.555469+00:00,left_shoulder_lift,2389,2420,31,36,8,136
9.049,2026-08-05T05:45:51.555469+00:00,left_elbow_flex,1629,1635,6,34,1,36
9.049,2026-08-05T05:45:51.555469+00:00,left_wrist_flex,2169,2170,1,34,0,0
9.049,2026-08-05T05:45:51.555469+00:00,left_wrist_roll,1989,1987,-2,34,0,1044
9.049,2026-08-05T05:45:51.555469+00:00,left_gripper,2014,2014,0,36,0,0
9.049,2026-08-05T05:45:51.555469+00:00,right_shoulder_pan,2121,2091,-30,37,3,1088
9.049,2026-08-05T05:45:51.555469+00:00,right_shoulder_lift,2185,2248,63,35,7,134
9.049,2026-08-05T05:45:51.555469+00:00,right_elbow_flex,2097,2137,40,37,6,94
9.049,2026-08-05T05:45:51.555469+00:00,right_wrist_flex,1976,1984,8,34,0,30
9.049,2026-08-05T05:45:51.555469+00:00,right_wrist_roll,2114,2111,-3,34,0,1044
9.049,2026-08-05T05:45:51.555469+00:00,right_gripper,2457,2462,5,37,0,24
9.099,2026-08-05T05:45:51.605337+00:00,left_shoulder_pan,1857,1851,-6,37,1,1060
9.099,2026-08-05T05:45:51.605337+00:00,left_shoulder_lift,2389,2420,31,36,8,136
9.099,2026-08-05T05:45:51.605337+00:00,left_elbow_flex,1629,1635,6,34,1,36
9.099,2026-08-05T05:45:51.605337+00:00,left_wrist_flex,2169,2170,1,34,0,0
9.099,2026-08-05T05:45:51.605337+00:00,left_wrist_roll,1989,1987,-2,34,0,1044
9.099,2026-08-05T05:45:51.605337+00:00,left_gripper,2014,2014,0,36,0,0
9.099,2026-08-05T05:45:51.605337+00:00,right_shoulder_pan,2126,2097,-29,37,1,1086
9.099,2026-08-05T05:45:51.605337+00:00,right_shoulder_lift,2179,2248,69,35,10,152
9.099,2026-08-05T05:45:51.605337+00:00,right_elbow_flex,2097,2137,40,37,7,94
9.099,2026-08-05T05:45:51.605337+00:00,right_wrist_flex,1976,1984,8,34,0,30
9.099,2026-08-05T05:45:51.605337+00:00,right_wrist_roll,2114,2111,-3,34,0,1044
9.099,2026-08-05T05:45:51.605337+00:00,right_gripper,2457,2462,5,37,1,24
9.149,2026-08-05T05:45:51.656073+00:00,left_shoulder_pan,1857,1851,-6,37,1,1060
9.149,2026-08-05T05:45:51.656073+00:00,left_shoulder_lift,2389,2420,31,36,11,136
9.149,2026-08-05T05:45:51.656073+00:00,left_elbow_flex,1629,1635,6,34,1,36
9.149,2026-08-05T05:45:51.656073+00:00,left_wrist_flex,2169,2170,1,34,0,0
9.149,2026-08-05T05:45:51.656073+00:00,left_wrist_roll,1989,1987,-2,34,1,1044
9.149,2026-08-05T05:45:51.656073+00:00,left_gripper,2014,2014,0,36,0,0
9.149,2026-08-05T05:45:51.656073+00:00,right_shoulder_pan,2131,2103,-28,37,2,1086
9.149,2026-08-05T05:45:51.656073+00:00,right_shoulder_lift,2173,2248,75,35,13,162
9.149,2026-08-05T05:45:51.656073+00:00,right_elbow_flex,2097,2137,40,37,7,94
9.149,2026-08-05T05:45:51.656073+00:00,right_wrist_flex,1976,1984,8,34,1,30
9.149,2026-08-05T05:45:51.656073+00:00,right_wrist_roll,2114,2111,-3,34,0,1044
9.149,2026-08-05T05:45:51.656073+00:00,right_gripper,2457,2462,5,37,0,24
9.200,2026-08-05T05:45:51.707476+00:00,left_shoulder_pan,1857,1851,-6,37,0,1060
9.200,2026-08-05T05:45:51.707476+00:00,left_shoulder_lift,2389,2420,31,36,9,136
9.200,2026-08-05T05:45:51.707476+00:00,left_elbow_flex,1629,1635,6,34,1,36
9.200,2026-08-05T05:45:51.707476+00:00,left_wrist_flex,2169,2170,1,34,0,0
9.200,2026-08-05T05:45:51.707476+00:00,left_wrist_roll,1989,1987,-2,34,1,1044
9.200,2026-08-05T05:45:51.707476+00:00,left_gripper,2014,2014,0,36,0,0
9.200,2026-08-05T05:45:51.707476+00:00,right_shoulder_pan,2136,2109,-27,37,1,1076
9.200,2026-08-05T05:45:51.707476+00:00,right_shoulder_lift,2167,2248,81,35,13,178
9.200,2026-08-05T05:45:51.707476+00:00,right_elbow_flex,2097,2137,40,37,6,94
9.200,2026-08-05T05:45:51.707476+00:00,right_wrist_flex,1976,1984,8,34,0,30
9.200,2026-08-05T05:45:51.707476+00:00,right_wrist_roll,2114,2111,-3,34,0,1044
9.200,2026-08-05T05:45:51.707476+00:00,right_gripper,2457,2462,5,37,0,24
9.250,2026-08-05T05:45:51.757677+00:00,left_shoulder_pan,1857,1851,-6,37,1,1060
9.250,2026-08-05T05:45:51.757677+00:00,left_shoulder_lift,2389,2420,31,36,9,136
9.250,2026-08-05T05:45:51.757677+00:00,left_elbow_flex,1629,1635,6,34,1,36
9.250,2026-08-05T05:45:51.757677+00:00,left_wrist_flex,2169,2170,1,34,0,0
9.250,2026-08-05T05:45:51.757677+00:00,left_wrist_roll,1989,1987,-2,34,0,1044
9.250,2026-08-05T05:45:51.757677+00:00,left_gripper,2014,2014,0,37,0,0
9.250,2026-08-05T05:45:51.757677+00:00,right_shoulder_pan,2140,2115,-25,37,1,1080
9.250,2026-08-05T05:45:51.757677+00:00,right_shoulder_lift,2160,2248,88,35,16,186
9.250,2026-08-05T05:45:51.757677+00:00,right_elbow_flex,2097,2137,40,37,7,94
9.250,2026-08-05T05:45:51.757677+00:00,right_wrist_flex,1976,1984,8,35,0,30
9.250,2026-08-05T05:45:51.757677+00:00,right_wrist_roll,2114,2111,-3,34,0,1044
9.250,2026-08-05T05:45:51.757677+00:00,right_gripper,2457,2462,5,37,1,24
9.300,2026-08-05T05:45:51.807163+00:00,left_shoulder_pan,1857,1851,-6,37,1,1060
9.300,2026-08-05T05:45:51.807163+00:00,left_shoulder_lift,2389,2420,31,36,9,136
9.300,2026-08-05T05:45:51.807163+00:00,left_elbow_flex,1629,1635,6,34,1,36
9.300,2026-08-05T05:45:51.807163+00:00,left_wrist_flex,2169,2170,1,35,0,0
9.300,2026-08-05T05:45:51.807163+00:00,left_wrist_roll,1989,1987,-2,34,0,1044
9.300,2026-08-05T05:45:51.807163+00:00,left_gripper,2014,2014,0,36,0,0
9.300,2026-08-05T05:45:51.807163+00:00,right_shoulder_pan,2145,2120,-25,37,1,1074
9.300,2026-08-05T05:45:51.807163+00:00,right_shoulder_lift,2153,2248,95,35,20,202
9.300,2026-08-05T05:45:51.807163+00:00,right_elbow_flex,2097,2137,40,37,6,94
9.300,2026-08-05T05:45:51.807163+00:00,right_wrist_flex,1976,1984,8,34,1,30
9.300,2026-08-05T05:45:51.807163+00:00,right_wrist_roll,2114,2111,-3,34,0,1044
9.300,2026-08-05T05:45:51.807163+00:00,right_gripper,2457,2462,5,37,1,24
9.351,2026-08-05T05:45:51.857635+00:00,left_shoulder_pan,1857,1851,-6,37,1,1060
9.351,2026-08-05T05:45:51.857635+00:00,left_shoulder_lift,2389,2420,31,36,9,136
9.351,2026-08-05T05:45:51.857635+00:00,left_elbow_flex,1629,1635,6,34,1,36
9.351,2026-08-05T05:45:51.857635+00:00,left_wrist_flex,2169,2170,1,34,0,0
9.351,2026-08-05T05:45:51.857635+00:00,left_wrist_roll,1989,1987,-2,34,1,1044
9.351,2026-08-05T05:45:51.857635+00:00,left_gripper,2014,2014,0,36,0,0
9.351,2026-08-05T05:45:51.857635+00:00,right_shoulder_pan,2149,2124,-25,37,1,1078
9.351,2026-08-05T05:45:51.857635+00:00,right_shoulder_lift,2147,2248,101,35,32,216
9.351,2026-08-05T05:45:51.857635+00:00,right_elbow_flex,2097,2137,40,37,6,94
9.351,2026-08-05T05:45:51.857635+00:00,right_wrist_flex,1976,1984,8,34,1,30
9.351,2026-08-05T05:45:51.857635+00:00,right_wrist_roll,2114,2111,-3,34,0,1044
9.351,2026-08-05T05:45:51.857635+00:00,right_gripper,2457,2462,5,37,1,24
9.401,2026-08-05T05:45:51.908742+00:00,left_shoulder_pan,1857,1851,-6,37,1,1060
9.401,2026-08-05T05:45:51.908742+00:00,left_shoulder_lift,2389,2420,31,36,9,136
9.401,2026-08-05T05:45:51.908742+00:00,left_elbow_flex,1629,1635,6,34,1,36
9.401,2026-08-05T05:45:51.908742+00:00,left_wrist_flex,2169,2170,1,34,0,0
9.401,2026-08-05T05:45:51.908742+00:00,left_wrist_roll,1989,1987,-2,34,0,1044
9.401,2026-08-05T05:45:51.908742+00:00,left_gripper,2014,2014,0,36,0,0
9.401,2026-08-05T05:45:51.908742+00:00,right_shoulder_pan,2152,2130,-22,37,1,1072
9.401,2026-08-05T05:45:51.908742+00:00,right_shoulder_lift,2140,2248,108,34,35,230
9.401,2026-08-05T05:45:51.908742+00:00,right_elbow_flex,2097,2137,40,37,6,94
9.401,2026-08-05T05:45:51.908742+00:00,right_wrist_flex,1976,1984,8,34,1,30
9.401,2026-08-05T05:45:51.908742+00:00,right_wrist_roll,2114,2111,-3,34,1,1044
9.401,2026-08-05T05:45:51.908742+00:00,right_gripper,2457,2462,5,37,0,24
9.452,2026-08-05T05:45:51.959394+00:00,left_shoulder_pan,1857,1851,-6,37,1,1060
9.452,2026-08-05T05:45:51.959394+00:00,left_shoulder_lift,2389,2420,31,36,10,136
9.452,2026-08-05T05:45:51.959394+00:00,left_elbow_flex,1629,1635,6,34,1,36
9.452,2026-08-05T05:45:51.959394+00:00,left_wrist_flex,2169,2170,1,34,0,0
9.452,2026-08-05T05:45:51.959394+00:00,left_wrist_roll,1989,1987,-2,34,0,1044
9.452,2026-08-05T05:45:51.959394+00:00,left_gripper,2014,2014,0,36,0,0
9.452,2026-08-05T05:45:51.959394+00:00,right_shoulder_pan,2156,2134,-22,37,1,1070
9.452,2026-08-05T05:45:51.959394+00:00,right_shoulder_lift,2132,2248,116,35,36,242
9.452,2026-08-05T05:45:51.959394+00:00,right_elbow_flex,2097,2137,40,37,7,94
9.452,2026-08-05T05:45:51.959394+00:00,right_wrist_flex,1976,1984,8,34,0,30
9.452,2026-08-05T05:45:51.959394+00:00,right_wrist_roll,2114,2111,-3,34,1,1044
9.452,2026-08-05T05:45:51.959394+00:00,right_gripper,2457,2462,5,37,0,24
9.502,2026-08-05T05:45:52.009176+00:00,left_shoulder_pan,1857,1851,-6,37,2,1060
9.502,2026-08-05T05:45:52.009176+00:00,left_shoulder_lift,2389,2420,31,36,9,136
9.502,2026-08-05T05:45:52.009176+00:00,left_elbow_flex,1629,1635,6,34,1,36
9.502,2026-08-05T05:45:52.009176+00:00,left_wrist_flex,2169,2170,1,34,0,0
9.502,2026-08-05T05:45:52.009176+00:00,left_wrist_roll,1989,1987,-2,33,0,1044
9.502,2026-08-05T05:45:52.009176+00:00,left_gripper,2014,2014,0,36,0,0
9.502,2026-08-05T05:45:52.009176+00:00,right_shoulder_pan,2159,2137,-22,37,2,1074
9.502,2026-08-05T05:45:52.009176+00:00,right_shoulder_lift,2125,2248,123,35,34,258
9.502,2026-08-05T05:45:52.009176+00:00,right_elbow_flex,2097,2137,40,37,6,94
9.502,2026-08-05T05:45:52.009176+00:00,right_wrist_flex,1976,1984,8,34,0,30
9.502,2026-08-05T05:45:52.009176+00:00,right_wrist_roll,2114,2111,-3,34,0,1044
9.502,2026-08-05T05:45:52.009176+00:00,right_gripper,2457,2462,5,37,1,24
9.553,2026-08-05T05:45:52.059658+00:00,left_shoulder_pan,1857,1851,-6,37,1,1060
9.553,2026-08-05T05:45:52.059658+00:00,left_shoulder_lift,2389,2420,31,36,11,136
9.553,2026-08-05T05:45:52.059658+00:00,left_elbow_flex,1629,1635,6,34,1,36
9.553,2026-08-05T05:45:52.059658+00:00,left_wrist_flex,2169,2170,1,34,0,0
9.553,2026-08-05T05:45:52.059658+00:00,left_wrist_roll,1989,1987,-2,34,0,1044
9.553,2026-08-05T05:45:52.059658+00:00,left_gripper,2014,2014,0,36,0,0
9.553,2026-08-05T05:45:52.059658+00:00,right_shoulder_pan,2162,2142,-20,37,1,1068
9.553,2026-08-05T05:45:52.059658+00:00,right_shoulder_lift,2118,2248,130,35,35,272
9.553,2026-08-05T05:45:52.059658+00:00,right_elbow_flex,2097,2137,40,37,5,94
9.553,2026-08-05T05:45:52.059658+00:00,right_wrist_flex,1976,1984,8,34,1,30
9.553,2026-08-05T05:45:52.059658+00:00,right_wrist_roll,2114,2111,-3,34,0,1044
9.553,2026-08-05T05:45:52.059658+00:00,right_gripper,2457,2462,5,37,1,24
9.603,2026-08-05T05:45:52.110235+00:00,left_shoulder_pan,1857,1851,-6,37,1,1060
9.603,2026-08-05T05:45:52.110235+00:00,left_shoulder_lift,2389,2420,31,36,10,136
9.603,2026-08-05T05:45:52.110235+00:00,left_elbow_flex,1629,1635,6,34,0,36
9.603,2026-08-05T05:45:52.110235+00:00,left_wrist_flex,2169,2170,1,34,0,0
9.603,2026-08-05T05:45:52.110235+00:00,left_wrist_roll,1989,1987,-2,34,0,1044
9.603,2026-08-05T05:45:52.110235+00:00,left_gripper,2014,2014,0,36,0,0
9.603,2026-08-05T05:45:52.110235+00:00,right_shoulder_pan,2164,2145,-19,37,1,1074
9.603,2026-08-05T05:45:52.110235+00:00,right_shoulder_lift,2110,2248,138,35,45,282
9.603,2026-08-05T05:45:52.110235+00:00,right_elbow_flex,2097,2137,40,37,6,94
9.603,2026-08-05T05:45:52.110235+00:00,right_wrist_flex,1976,1984,8,34,1,30
9.603,2026-08-05T05:45:52.110235+00:00,right_wrist_roll,2114,2111,-3,34,1,1044
9.603,2026-08-05T05:45:52.110235+00:00,right_gripper,2457,2462,5,37,1,24
9.653,2026-08-05T05:45:52.160096+00:00,left_shoulder_pan,1857,1851,-6,38,1,1060
9.653,2026-08-05T05:45:52.160096+00:00,left_shoulder_lift,2389,2420,31,36,10,136
9.653,2026-08-05T05:45:52.160096+00:00,left_elbow_flex,1629,1635,6,34,1,36
9.653,2026-08-05T05:45:52.160096+00:00,left_wrist_flex,2169,2170,1,34,0,0
9.653,2026-08-05T05:45:52.160096+00:00,left_wrist_roll,1989,1987,-2,33,0,1044
9.653,2026-08-05T05:45:52.160096+00:00,left_gripper,2014,2014,0,36,0,0
9.653,2026-08-05T05:45:52.160096+00:00,right_shoulder_pan,2167,2148,-19,37,1,1066
9.653,2026-08-05T05:45:52.160096+00:00,right_shoulder_lift,2103,2248,145,35,46,302
9.653,2026-08-05T05:45:52.160096+00:00,right_elbow_flex,2097,2137,40,37,6,94
9.653,2026-08-05T05:45:52.160096+00:00,right_wrist_flex,1976,1984,8,34,1,30
9.653,2026-08-05T05:45:52.160096+00:00,right_wrist_roll,2114,2111,-3,34,0,1044
9.653,2026-08-05T05:45:52.160096+00:00,right_gripper,2457,2462,5,37,1,24
9.704,2026-08-05T05:45:52.210734+00:00,left_shoulder_pan,1857,1851,-6,37,1,1060
9.704,2026-08-05T05:45:52.210734+00:00,left_shoulder_lift,2389,2420,31,36,9,136
9.704,2026-08-05T05:45:52.210734+00:00,left_elbow_flex,1629,1635,6,34,1,36
9.704,2026-08-05T05:45:52.210734+00:00,left_wrist_flex,2169,2170,1,34,0,0
9.704,2026-08-05T05:45:52.210734+00:00,left_wrist_roll,1989,1987,-2,34,1,1044
9.704,2026-08-05T05:45:52.210734+00:00,left_gripper,2014,2014,0,36,0,0
9.704,2026-08-05T05:45:52.210734+00:00,right_shoulder_pan,2169,2151,-18,37,0,1070
9.704,2026-08-05T05:45:52.210734+00:00,right_shoulder_lift,2095,2248,153,35,51,312
9.704,2026-08-05T05:45:52.210734+00:00,right_elbow_flex,2097,2137,40,37,6,94
9.704,2026-08-05T05:45:52.210734+00:00,right_wrist_flex,1976,1984,8,34,1,30
9.704,2026-08-05T05:45:52.210734+00:00,right_wrist_roll,2114,2111,-3,34,0,1044
9.704,2026-08-05T05:45:52.210734+00:00,right_gripper,2457,2462,5,38,1,24
9.754,2026-08-05T05:45:52.260777+00:00,left_shoulder_pan,1857,1851,-6,37,1,1060
9.754,2026-08-05T05:45:52.260777+00:00,left_shoulder_lift,2389,2420,31,36,8,136
9.754,2026-08-05T05:45:52.260777+00:00,left_elbow_flex,1629,1635,6,34,1,36
9.754,2026-08-05T05:45:52.260777+00:00,left_wrist_flex,2169,2170,1,34,0,0
9.754,2026-08-05T05:45:52.260777+00:00,left_wrist_roll,1989,1987,-2,34,0,1044
9.754,2026-08-05T05:45:52.260777+00:00,left_gripper,2014,2014,0,36,0,0
9.754,2026-08-05T05:45:52.260777+00:00,right_shoulder_pan,2170,2153,-17,37,1,1070
9.754,2026-08-05T05:45:52.260777+00:00,right_shoulder_lift,2087,2248,161,35,53,332
9.754,2026-08-05T05:45:52.260777+00:00,right_elbow_flex,2097,2137,40,37,7,94
9.754,2026-08-05T05:45:52.260777+00:00,right_wrist_flex,1976,1984,8,35,0,30
9.754,2026-08-05T05:45:52.260777+00:00,right_wrist_roll,2114,2111,-3,34,1,1044
9.754,2026-08-05T05:45:52.260777+00:00,right_gripper,2457,2462,5,37,0,24
9.805,2026-08-05T05:45:52.312771+00:00,left_shoulder_pan,1857,1851,-6,37,1,1060
9.805,2026-08-05T05:45:52.312771+00:00,left_shoulder_lift,2389,2420,31,36,8,136
9.805,2026-08-05T05:45:52.312771+00:00,left_elbow_flex,1629,1635,6,34,1,36
9.805,2026-08-05T05:45:52.312771+00:00,left_wrist_flex,2169,2170,1,34,0,0
9.805,2026-08-05T05:45:52.312771+00:00,left_wrist_roll,1989,1987,-2,34,0,1044
9.805,2026-08-05T05:45:52.312771+00:00,left_gripper,2014,2014,0,36,0,0
9.805,2026-08-05T05:45:52.312771+00:00,right_shoulder_pan,2172,2154,-18,37,1,1064
9.805,2026-08-05T05:45:52.312771+00:00,right_shoulder_lift,2080,2248,168,35,60,344
9.805,2026-08-05T05:45:52.312771+00:00,right_elbow_flex,2097,2137,40,37,7,94
9.805,2026-08-05T05:45:52.312771+00:00,right_wrist_flex,1976,1984,8,35,0,30
9.805,2026-08-05T05:45:52.312771+00:00,right_wrist_roll,2114,2111,-3,34,1,1044
9.805,2026-08-05T05:45:52.312771+00:00,right_gripper,2457,2462,5,37,0,24
9.855,2026-08-05T05:45:52.361399+00:00,left_shoulder_pan,1857,1851,-6,37,1,1060
9.855,2026-08-05T05:45:52.361399+00:00,left_shoulder_lift,2389,2420,31,36,9,136
9.855,2026-08-05T05:45:52.361399+00:00,left_elbow_flex,1629,1635,6,34,1,36
9.855,2026-08-05T05:45:52.361399+00:00,left_wrist_flex,2169,2170,1,34,0,0
9.855,2026-08-05T05:45:52.361399+00:00,left_wrist_roll,1989,1987,-2,34,0,1044
9.855,2026-08-05T05:45:52.361399+00:00,left_gripper,2014,2014,0,36,0,0
9.855,2026-08-05T05:45:52.361399+00:00,right_shoulder_pan,2173,2156,-17,37,1,1072
9.855,2026-08-05T05:45:52.361399+00:00,right_shoulder_lift,2072,2248,176,35,58,366
9.855,2026-08-05T05:45:52.361399+00:00,right_elbow_flex,2097,2137,40,37,7,94
9.855,2026-08-05T05:45:52.361399+00:00,right_wrist_flex,1976,1984,8,34,1,30
9.855,2026-08-05T05:45:52.361399+00:00,right_wrist_roll,2114,2111,-3,34,0,1044
9.855,2026-08-05T05:45:52.361399+00:00,right_gripper,2457,2462,5,37,1,24
9.905,2026-08-05T05:45:52.411246+00:00,left_shoulder_pan,1857,1851,-6,37,1,1060
9.905,2026-08-05T05:45:52.411246+00:00,left_shoulder_lift,2389,2420,31,36,10,136
9.905,2026-08-05T05:45:52.411246+00:00,left_elbow_flex,1629,1635,6,34,0,36
9.905,2026-08-05T05:45:52.411246+00:00,left_wrist_flex,2169,2170,1,34,0,0
9.905,2026-08-05T05:45:52.411246+00:00,left_wrist_roll,1989,1987,-2,34,0,1044
9.905,2026-08-05T05:45:52.411246+00:00,left_gripper,2014,2014,0,37,0,0
9.905,2026-08-05T05:45:52.411246+00:00,right_shoulder_pan,2173,2158,-15,37,1,1072
9.905,2026-08-05T05:45:52.411246+00:00,right_shoulder_lift,2064,2248,184,35,62,378
9.905,2026-08-05T05:45:52.411246+00:00,right_elbow_flex,2097,2137,40,37,6,94
9.905,2026-08-05T05:45:52.411246+00:00,right_wrist_flex,1976,1984,8,34,0,30
9.905,2026-08-05T05:45:52.411246+00:00,right_wrist_roll,2114,2111,-3,34,0,1044
9.905,2026-08-05T05:45:52.411246+00:00,right_gripper,2457,2462,5,37,0,24
9.955,2026-08-05T05:45:52.461369+00:00,left_shoulder_pan,1857,1851,-6,37,1,1060
9.955,2026-08-05T05:45:52.461369+00:00,left_shoulder_lift,2389,2420,31,36,8,136
9.955,2026-08-05T05:45:52.461369+00:00,left_elbow_flex,1629,1635,6,34,1,36
9.955,2026-08-05T05:45:52.461369+00:00,left_wrist_flex,2169,2170,1,34,0,0
9.955,2026-08-05T05:45:52.461369+00:00,left_wrist_roll,1989,1987,-2,34,0,1044
9.955,2026-08-05T05:45:52.461369+00:00,left_gripper,2014,2014,0,36,0,0
9.955,2026-08-05T05:45:52.461369+00:00,right_shoulder_pan,2174,2159,-15,37,1,1066
9.955,2026-08-05T05:45:52.461369+00:00,right_shoulder_lift,2056,2248,192,35,73,394
9.955,2026-08-05T05:45:52.461369+00:00,right_elbow_flex,2097,2137,40,37,6,94
9.955,2026-08-05T05:45:52.461369+00:00,right_wrist_flex,1976,1984,8,34,1,30
9.955,2026-08-05T05:45:52.461369+00:00,right_wrist_roll,2114,2111,-3,34,0,1044
9.955,2026-08-05T05:45:52.461369+00:00,right_gripper,2457,2462,5,37,1,24
10.005,2026-08-05T05:45:52.511413+00:00,left_shoulder_pan,1857,1851,-6,37,1,1060
10.005,2026-08-05T05:45:52.511413+00:00,left_shoulder_lift,2389,2420,31,36,8,136
10.005,2026-08-05T05:45:52.511413+00:00,left_elbow_flex,1629,1635,6,34,1,36
10.005,2026-08-05T05:45:52.511413+00:00,left_wrist_flex,2169,2170,1,34,0,0
10.005,2026-08-05T05:45:52.511413+00:00,left_wrist_roll,1989,1987,-2,34,0,1044
10.005,2026-08-05T05:45:52.511413+00:00,left_gripper,2014,2014,0,36,0,0
10.005,2026-08-05T05:45:52.511413+00:00,right_shoulder_pan,2174,2160,-14,37,2,1062
10.005,2026-08-05T05:45:52.511413+00:00,right_shoulder_lift,2048,2248,200,35,80,410
10.005,2026-08-05T05:45:52.511413+00:00,right_elbow_flex,2097,2137,40,37,5,94
10.005,2026-08-05T05:45:52.511413+00:00,right_wrist_flex,1976,1984,8,34,0,30
10.005,2026-08-05T05:45:52.511413+00:00,right_wrist_roll,2114,2111,-3,34,0,1044
10.005,2026-08-05T05:45:52.511413+00:00,right_gripper,2457,2462,5,37,1,24
10.055,2026-08-05T05:45:52.562805+00:00,left_shoulder_pan,1857,1851,-6,37,1,1060
10.055,2026-08-05T05:45:52.562805+00:00,left_shoulder_lift,2389,2420,31,36,8,136
10.055,2026-08-05T05:45:52.562805+00:00,left_elbow_flex,1629,1635,6,34,1,36
10.055,2026-08-05T05:45:52.562805+00:00,left_wrist_flex,2169,2170,1,34,0,0
10.055,2026-08-05T05:45:52.562805+00:00,left_wrist_roll,1989,1987,-2,34,0,1044
10.055,2026-08-05T05:45:52.562805+00:00,left_gripper,2014,2014,0,36,0,0
10.055,2026-08-05T05:45:52.562805+00:00,right_shoulder_pan,2174,2160,-14,37,1,1066
10.055,2026-08-05T05:45:52.562805+00:00,right_shoulder_lift,2040,2248,208,35,89,430
10.055,2026-08-05T05:45:52.562805+00:00,right_elbow_flex,2097,2137,40,37,6,94
10.055,2026-08-05T05:45:52.562805+00:00,right_wrist_flex,1976,1984,8,34,0,30
10.055,2026-08-05T05:45:52.562805+00:00,right_wrist_roll,2114,2111,-3,34,0,1044
10.055,2026-08-05T05:45:52.562805+00:00,right_gripper,2457,2462,5,37,0,24
10.105,2026-08-05T05:45:52.611783+00:00,left_shoulder_pan,1857,1851,-6,37,1,1060
10.105,2026-08-05T05:45:52.611783+00:00,left_shoulder_lift,2389,2420,31,37,9,136
10.105,2026-08-05T05:45:52.611783+00:00,left_elbow_flex,1629,1635,6,34,0,36
10.105,2026-08-05T05:45:52.611783+00:00,left_wrist_flex,2169,2170,1,34,0,0
10.105,2026-08-05T05:45:52.611783+00:00,left_wrist_roll,1989,1987,-2,34,0,1044
10.105,2026-08-05T05:45:52.611783+00:00,left_gripper,2014,2014,0,36,0,0
10.105,2026-08-05T05:45:52.611783+00:00,right_shoulder_pan,2173,2160,-13,37,1,1060
10.105,2026-08-05T05:45:52.611783+00:00,right_shoulder_lift,2033,2248,215,35,93,442
10.105,2026-08-05T05:45:52.611783+00:00,right_elbow_flex,2097,2137,40,37,7,94
10.105,2026-08-05T05:45:52.611783+00:00,right_wrist_flex,1976,1984,8,34,1,30
10.105,2026-08-05T05:45:52.611783+00:00,right_wrist_roll,2114,2111,-3,34,0,1044
10.105,2026-08-05T05:45:52.611783+00:00,right_gripper,2457,2462,5,37,1,24
10.155,2026-08-05T05:45:52.661693+00:00,left_shoulder_pan,1857,1851,-6,37,1,1060
10.155,2026-08-05T05:45:52.661693+00:00,left_shoulder_lift,2389,2420,31,36,10,136
10.155,2026-08-05T05:45:52.661693+00:00,left_elbow_flex,1629,1635,6,34,1,36
10.155,2026-08-05T05:45:52.661693+00:00,left_wrist_flex,2169,2170,1,34,0,0
10.155,2026-08-05T05:45:52.661693+00:00,left_wrist_roll,1989,1987,-2,34,0,1044
10.155,2026-08-05T05:45:52.661693+00:00,left_gripper,2014,2014,0,36,0,0
10.155,2026-08-05T05:45:52.661693+00:00,right_shoulder_pan,2173,2160,-13,37,1,1064
10.155,2026-08-05T05:45:52.661693+00:00,right_shoulder_lift,2025,2248,223,35,92,450
10.155,2026-08-05T05:45:52.661693+00:00,right_elbow_flex,2097,2137,40,37,7,94
10.155,2026-08-05T05:45:52.661693+00:00,right_wrist_flex,1976,1984,8,34,0,30
10.155,2026-08-05T05:45:52.661693+00:00,right_wrist_roll,2114,2111,-3,34,0,1044
10.155,2026-08-05T05:45:52.661693+00:00,right_gripper,2457,2462,5,37,0,24
10.205,2026-08-05T05:45:52.711693+00:00,left_shoulder_pan,1857,1851,-6,37,1,1060
10.205,2026-08-05T05:45:52.711693+00:00,left_shoulder_lift,2389,2420,31,36,8,136
10.205,2026-08-05T05:45:52.711693+00:00,left_elbow_flex,1629,1635,6,34,1,36
10.205,2026-08-05T05:45:52.711693+00:00,left_wrist_flex,2169,2170,1,34,0,0
10.205,2026-08-05T05:45:52.711693+00:00,left_wrist_roll,1989,1987,-2,34,1,1044
10.205,2026-08-05T05:45:52.711693+00:00,left_gripper,2014,2014,0,37,0,0
10.205,2026-08-05T05:45:52.711693+00:00,right_shoulder_pan,2171,2160,-11,37,1,1058
10.205,2026-08-05T05:45:52.711693+00:00,right_shoulder_lift,2017,2248,231,35,94,450
10.205,2026-08-05T05:45:52.711693+00:00,right_elbow_flex,2097,2137,40,37,6,94
10.205,2026-08-05T05:45:52.711693+00:00,right_wrist_flex,1976,1984,8,34,1,30
10.205,2026-08-05T05:45:52.711693+00:00,right_wrist_roll,2114,2111,-3,34,1,1044
10.205,2026-08-05T05:45:52.711693+00:00,right_gripper,2457,2462,5,37,1,24
10.255,2026-08-05T05:45:52.762138+00:00,left_shoulder_pan,1857,1851,-6,37,1,1060
10.255,2026-08-05T05:45:52.762138+00:00,left_shoulder_lift,2389,2420,31,36,8,136
10.255,2026-08-05T05:45:52.762138+00:00,left_elbow_flex,1629,1635,6,34,1,36
10.255,2026-08-05T05:45:52.762138+00:00,left_wrist_flex,2169,2170,1,34,0,0
10.255,2026-08-05T05:45:52.762138+00:00,left_wrist_roll,1989,1987,-2,34,0,1044
10.255,2026-08-05T05:45:52.762138+00:00,left_gripper,2014,2014,0,36,0,0
10.255,2026-08-05T05:45:52.762138+00:00,right_shoulder_pan,2170,2160,-10,37,1,1058
10.255,2026-08-05T05:45:52.762138+00:00,right_shoulder_lift,2009,2248,239,35,91,450
10.255,2026-08-05T05:45:52.762138+00:00,right_elbow_flex,2097,2137,40,37,5,94
10.255,2026-08-05T05:45:52.762138+00:00,right_wrist_flex,1976,1984,8,35,1,30
10.255,2026-08-05T05:45:52.762138+00:00,right_wrist_roll,2114,2111,-3,34,0,1044
10.255,2026-08-05T05:45:52.762138+00:00,right_gripper,2457,2462,5,37,1,24
10.305,2026-08-05T05:45:52.812127+00:00,left_shoulder_pan,1857,1851,-6,37,1,1060
10.305,2026-08-05T05:45:52.812127+00:00,left_shoulder_lift,2389,2420,31,36,10,136
10.305,2026-08-05T05:45:52.812127+00:00,left_elbow_flex,1629,1635,6,34,1,36
10.305,2026-08-05T05:45:52.812127+00:00,left_wrist_flex,2169,2170,1,34,0,0
10.305,2026-08-05T05:45:52.812127+00:00,left_wrist_roll,1989,1987,-2,34,0,1044
10.305,2026-08-05T05:45:52.812127+00:00,left_gripper,2014,2014,0,36,0,0
10.305,2026-08-05T05:45:52.812127+00:00,right_shoulder_pan,2168,2160,-8,37,0,1052
10.305,2026-08-05T05:45:52.812127+00:00,right_shoulder_lift,2001,2248,247,35,93,450
10.305,2026-08-05T05:45:52.812127+00:00,right_elbow_flex,2097,2137,40,37,7,94
10.305,2026-08-05T05:45:52.812127+00:00,right_wrist_flex,1976,1984,8,35,0,30
10.305,2026-08-05T05:45:52.812127+00:00,right_wrist_roll,2114,2111,-3,34,0,1044
10.305,2026-08-05T05:45:52.812127+00:00,right_gripper,2457,2462,5,37,0,24
10.355,2026-08-05T05:45:52.861984+00:00,left_shoulder_pan,1857,1851,-6,37,0,1060
10.355,2026-08-05T05:45:52.861984+00:00,left_shoulder_lift,2389,2420,31,36,11,136
10.355,2026-08-05T05:45:52.861984+00:00,left_elbow_flex,1629,1635,6,34,1,36
10.355,2026-08-05T05:45:52.861984+00:00,left_wrist_flex,2169,2170,1,34,0,0
10.355,2026-08-05T05:45:52.861984+00:00,left_wrist_roll,1989,1987,-2,34,0,1044
10.355,2026-08-05T05:45:52.861984+00:00,left_gripper,2014,2014,0,36,0,0
10.355,2026-08-05T05:45:52.861984+00:00,right_shoulder_pan,2166,2160,-6,37,0,1052
10.355,2026-08-05T05:45:52.861984+00:00,right_shoulder_lift,1994,2248,254,35,92,450
10.355,2026-08-05T05:45:52.861984+00:00,right_elbow_flex,2097,2137,40,37,6,94
10.355,2026-08-05T05:45:52.861984+00:00,right_wrist_flex,1976,1984,8,34,1,30
10.355,2026-08-05T05:45:52.861984+00:00,right_wrist_roll,2114,2111,-3,34,0,1044
10.355,2026-08-05T05:45:52.861984+00:00,right_gripper,2457,2462,5,37,1,24
10.406,2026-08-05T05:45:52.912718+00:00,left_shoulder_pan,1857,1851,-6,37,1,1060
10.406,2026-08-05T05:45:52.912718+00:00,left_shoulder_lift,2389,2420,31,35,9,136
10.406,2026-08-05T05:45:52.912718+00:00,left_elbow_flex,1629,1635,6,34,0,36
10.406,2026-08-05T05:45:52.912718+00:00,left_wrist_flex,2169,2170,1,34,0,0
10.406,2026-08-05T05:45:52.912718+00:00,left_wrist_roll,1989,1987,-2,34,0,1044
10.406,2026-08-05T05:45:52.912718+00:00,left_gripper,2014,2014,0,36,0,0
10.406,2026-08-05T05:45:52.912718+00:00,right_shoulder_pan,2164,2160,-4,37,0,1044
10.406,2026-08-05T05:45:52.912718+00:00,right_shoulder_lift,1986,2248,262,35,93,450
10.406,2026-08-05T05:45:52.912718+00:00,right_elbow_flex,2097,2137,40,37,7,94
10.406,2026-08-05T05:45:52.912718+00:00,right_wrist_flex,1976,1984,8,34,1,30
10.406,2026-08-05T05:45:52.912718+00:00,right_wrist_roll,2114,2111,-3,34,0,1044
10.406,2026-08-05T05:45:52.912718+00:00,right_gripper,2457,2462,5,37,0,24
10.456,2026-08-05T05:45:52.963246+00:00,left_shoulder_pan,1857,1851,-6,37,1,1060
10.456,2026-08-05T05:45:52.963246+00:00,left_shoulder_lift,2389,2420,31,36,9,136
10.456,2026-08-05T05:45:52.963246+00:00,left_elbow_flex,1629,1635,6,34,1,36
10.456,2026-08-05T05:45:52.963246+00:00,left_wrist_flex,2169,2170,1,34,0,0
10.456,2026-08-05T05:45:52.963246+00:00,left_wrist_roll,1989,1987,-2,34,0,1044
10.456,2026-08-05T05:45:52.963246+00:00,left_gripper,2014,2014,0,36,0,0
10.456,2026-08-05T05:45:52.963246+00:00,right_shoulder_pan,2161,2160,-1,37,0,1044
10.456,2026-08-05T05:45:52.963246+00:00,right_shoulder_lift,1979,2248,269,35,97,450
10.456,2026-08-05T05:45:52.963246+00:00,right_elbow_flex,2097,2137,40,37,6,94
10.456,2026-08-05T05:45:52.963246+00:00,right_wrist_flex,1976,1984,8,34,0,30
10.456,2026-08-05T05:45:52.963246+00:00,right_wrist_roll,2114,2111,-3,33,0,1044
10.456,2026-08-05T05:45:52.963246+00:00,right_gripper,2457,2462,5,37,1,24
10.507,2026-08-05T05:45:53.013037+00:00,left_shoulder_pan,1857,1851,-6,37,1,1060
10.507,2026-08-05T05:45:53.013037+00:00,left_shoulder_lift,2389,2420,31,36,8,136
10.507,2026-08-05T05:45:53.013037+00:00,left_elbow_flex,1629,1635,6,34,1,36
10.507,2026-08-05T05:45:53.013037+00:00,left_wrist_flex,2169,2170,1,34,0,0
10.507,2026-08-05T05:45:53.013037+00:00,left_wrist_roll,1989,1987,-2,34,1,1044
10.507,2026-08-05T05:45:53.013037+00:00,left_gripper,2014,2014,0,36,0,0
10.507,2026-08-05T05:45:53.013037+00:00,right_shoulder_pan,2158,2160,2,37,0,0
10.507,2026-08-05T05:45:53.013037+00:00,right_shoulder_lift,1972,2248,276,35,96,450
10.507,2026-08-05T05:45:53.013037+00:00,right_elbow_flex,2097,2137,40,37,6,94
10.507,2026-08-05T05:45:53.013037+00:00,right_wrist_flex,1976,1984,8,34,1,30
10.507,2026-08-05T05:45:53.013037+00:00,right_wrist_roll,2114,2111,-3,34,0,1044
10.507,2026-08-05T05:45:53.013037+00:00,right_gripper,2457,2462,5,37,0,24
10.557,2026-08-05T05:45:53.063717+00:00,left_shoulder_pan,1857,1851,-6,37,1,1060
10.557,2026-08-05T05:45:53.063717+00:00,left_shoulder_lift,2389,2420,31,36,8,136
10.557,2026-08-05T05:45:53.063717+00:00,left_elbow_flex,1629,1635,6,34,1,36
10.557,2026-08-05T05:45:53.063717+00:00,left_wrist_flex,2169,2170,1,34,0,0
10.557,2026-08-05T05:45:53.063717+00:00,left_wrist_roll,1989,1987,-2,34,1,1044
10.557,2026-08-05T05:45:53.063717+00:00,left_gripper,2014,2014,0,36,0,0
10.557,2026-08-05T05:45:53.063717+00:00,right_shoulder_pan,2155,2160,5,37,1,24
10.557,2026-08-05T05:45:53.063717+00:00,right_shoulder_lift,1964,2248,284,35,100,450
10.557,2026-08-05T05:45:53.063717+00:00,right_elbow_flex,2097,2137,40,37,6,94
10.557,2026-08-05T05:45:53.063717+00:00,right_wrist_flex,1976,1984,8,34,0,30
10.557,2026-08-05T05:45:53.063717+00:00,right_wrist_roll,2114,2111,-3,34,1,1044
10.557,2026-08-05T05:45:53.063717+00:00,right_gripper,2457,2462,5,37,1,24
10.607,2026-08-05T05:45:53.114301+00:00,left_shoulder_pan,1857,1851,-6,37,0,1060
10.607,2026-08-05T05:45:53.114301+00:00,left_shoulder_lift,2389,2420,31,36,8,136
10.607,2026-08-05T05:45:53.114301+00:00,left_elbow_flex,1629,1635,6,34,1,36
10.607,2026-08-05T05:45:53.114301+00:00,left_wrist_flex,2169,2170,1,34,0,0
10.607,2026-08-05T05:45:53.114301+00:00,left_wrist_roll,1989,1987,-2,34,0,1044
10.607,2026-08-05T05:45:53.114301+00:00,left_gripper,2014,2014,0,36,0,0
10.607,2026-08-05T05:45:53.114301+00:00,right_shoulder_pan,2152,2160,8,37,0,26
10.607,2026-08-05T05:45:53.114301+00:00,right_shoulder_lift,1957,2248,291,35,89,450
10.607,2026-08-05T05:45:53.114301+00:00,right_elbow_flex,2097,2137,40,37,6,94
10.607,2026-08-05T05:45:53.114301+00:00,right_wrist_flex,1976,1984,8,34,0,30
10.607,2026-08-05T05:45:53.114301+00:00,right_wrist_roll,2114,2111,-3,34,0,1044
10.607,2026-08-05T05:45:53.114301+00:00,right_gripper,2457,2462,5,37,0,24
10.658,2026-08-05T05:45:53.164344+00:00,left_shoulder_pan,1857,1851,-6,37,1,1060
10.658,2026-08-05T05:45:53.164344+00:00,left_shoulder_lift,2389,2420,31,36,8,136
10.658,2026-08-05T05:45:53.164344+00:00,left_elbow_flex,1629,1635,6,34,1,36
10.658,2026-08-05T05:45:53.164344+00:00,left_wrist_flex,2169,2170,1,34,0,0
10.658,2026-08-05T05:45:53.164344+00:00,left_wrist_roll,1989,1987,-2,34,0,1044
10.658,2026-08-05T05:45:53.164344+00:00,left_gripper,2014,2014,0,36,0,0
10.658,2026-08-05T05:45:53.164344+00:00,right_shoulder_pan,2148,2159,11,37,0,34
10.658,2026-08-05T05:45:53.164344+00:00,right_shoulder_lift,1950,2248,298,35,88,450
10.658,2026-08-05T05:45:53.164344+00:00,right_elbow_flex,2097,2137,40,37,5,94
10.658,2026-08-05T05:45:53.164344+00:00,right_wrist_flex,1976,1984,8,34,1,30
10.658,2026-08-05T05:45:53.164344+00:00,right_wrist_roll,2114,2111,-3,34,0,1044
10.658,2026-08-05T05:45:53.164344+00:00,right_gripper,2457,2462,5,37,1,24
10.708,2026-08-05T05:45:53.214843+00:00,left_shoulder_pan,1857,1851,-6,37,1,1060
10.708,2026-08-05T05:45:53.214843+00:00,left_shoulder_lift,2389,2420,31,36,10,136
10.708,2026-08-05T05:45:53.214843+00:00,left_elbow_flex,1629,1635,6,34,1,36
10.708,2026-08-05T05:45:53.214843+00:00,left_wrist_flex,2169,2170,1,34,0,0
10.708,2026-08-05T05:45:53.214843+00:00,left_wrist_roll,1989,1987,-2,34,1,1044
10.708,2026-08-05T05:45:53.214843+00:00,left_gripper,2014,2014,0,36,0,0
10.708,2026-08-05T05:45:53.214843+00:00,right_shoulder_pan,2144,2159,15,37,0,42
10.708,2026-08-05T05:45:53.214843+00:00,right_shoulder_lift,1943,2248,305,35,94,450
10.708,2026-08-05T05:45:53.214843+00:00,right_elbow_flex,2097,2137,40,37,6,94
10.708,2026-08-05T05:45:53.214843+00:00,right_wrist_flex,1976,1984,8,34,1,30
10.708,2026-08-05T05:45:53.214843+00:00,right_wrist_roll,2114,2111,-3,34,0,1044
10.708,2026-08-05T05:45:53.214843+00:00,right_gripper,2457,2462,5,37,1,24
10.759,2026-08-05T05:45:53.265339+00:00,left_shoulder_pan,1857,1851,-6,37,1,1060
10.759,2026-08-05T05:45:53.265339+00:00,left_shoulder_lift,2389,2420,31,36,8,136
10.759,2026-08-05T05:45:53.265339+00:00,left_elbow_flex,1629,1635,6,34,1,36
10.759,2026-08-05T05:45:53.265339+00:00,left_wrist_flex,2169,2170,1,34,0,0
10.759,2026-08-05T05:45:53.265339+00:00,left_wrist_roll,1989,1987,-2,34,1,1044
10.759,2026-08-05T05:45:53.265339+00:00,left_gripper,2014,2014,0,37,0,0
10.759,2026-08-05T05:45:53.265339+00:00,right_shoulder_pan,2140,2157,17,37,1,50
10.759,2026-08-05T05:45:53.265339+00:00,right_shoulder_lift,1937,2248,311,35,90,450
10.759,2026-08-05T05:45:53.265339+00:00,right_elbow_flex,2097,2137,40,37,8,94
10.759,2026-08-05T05:45:53.265339+00:00,right_wrist_flex,1976,1984,8,34,0,30
10.759,2026-08-05T05:45:53.265339+00:00,right_wrist_roll,2114,2111,-3,34,0,1044
10.759,2026-08-05T05:45:53.265339+00:00,right_gripper,2457,2462,5,37,0,24
10.809,2026-08-05T05:45:53.315883+00:00,left_shoulder_pan,1857,1851,-6,37,0,1060
10.809,2026-08-05T05:45:53.315883+00:00,left_shoulder_lift,2389,2420,31,36,10,136
10.809,2026-08-05T05:45:53.315883+00:00,left_elbow_flex,1629,1635,6,34,0,36
10.809,2026-08-05T05:45:53.315883+00:00,left_wrist_flex,2169,2170,1,34,0,0
10.809,2026-08-05T05:45:53.315883+00:00,left_wrist_roll,1989,1987,-2,34,1,1044
10.809,2026-08-05T05:45:53.315883+00:00,left_gripper,2014,2014,0,37,0,0
10.809,2026-08-05T05:45:53.315883+00:00,right_shoulder_pan,2135,2155,20,37,0,44
10.809,2026-08-05T05:45:53.315883+00:00,right_shoulder_lift,1930,2248,318,35,92,450
10.809,2026-08-05T05:45:53.315883+00:00,right_elbow_flex,2097,2137,40,37,6,94
10.809,2026-08-05T05:45:53.315883+00:00,right_wrist_flex,1976,1984,8,35,0,30
10.809,2026-08-05T05:45:53.315883+00:00,right_wrist_roll,2114,2111,-3,34,0,1044
10.809,2026-08-05T05:45:53.315883+00:00,right_gripper,2457,2462,5,37,0,24
10.859,2026-08-05T05:45:53.365823+00:00,left_shoulder_pan,1857,1851,-6,37,1,1060
10.859,2026-08-05T05:45:53.365823+00:00,left_shoulder_lift,2389,2420,31,36,8,136
10.859,2026-08-05T05:45:53.365823+00:00,left_elbow_flex,1629,1635,6,34,1,36
10.859,2026-08-05T05:45:53.365823+00:00,left_wrist_flex,2169,2170,1,34,0,0
10.859,2026-08-05T05:45:53.365823+00:00,left_wrist_roll,1989,1987,-2,34,0,1044
10.859,2026-08-05T05:45:53.365823+00:00,left_gripper,2014,2014,0,36,0,0
10.859,2026-08-05T05:45:53.365823+00:00,right_shoulder_pan,2130,2152,22,37,0,48
10.859,2026-08-05T05:45:53.365823+00:00,right_shoulder_lift,1924,2248,324,35,98,450
10.859,2026-08-05T05:45:53.365823+00:00,right_elbow_flex,2097,2137,40,37,6,94
10.859,2026-08-05T05:45:53.365823+00:00,right_wrist_flex,1976,1984,8,34,0,30
10.859,2026-08-05T05:45:53.365823+00:00,right_wrist_roll,2114,2111,-3,34,0,1044
10.859,2026-08-05T05:45:53.365823+00:00,right_gripper,2457,2462,5,37,1,24
10.909,2026-08-05T05:45:53.415871+00:00,left_shoulder_pan,1857,1851,-6,37,1,1060
10.909,2026-08-05T05:45:53.415871+00:00,left_shoulder_lift,2389,2420,31,36,9,136
10.909,2026-08-05T05:45:53.415871+00:00,left_elbow_flex,1629,1635,6,34,1,36
10.909,2026-08-05T05:45:53.415871+00:00,left_wrist_flex,2169,2170,1,34,0,0
10.909,2026-08-05T05:45:53.415871+00:00,left_wrist_roll,1989,1987,-2,34,1,1044
10.909,2026-08-05T05:45:53.415871+00:00,left_gripper,2014,2014,0,36,0,0
10.909,2026-08-05T05:45:53.415871+00:00,right_shoulder_pan,2125,2147,22,37,1,52
10.909,2026-08-05T05:45:53.415871+00:00,right_shoulder_lift,1918,2248,330,35,90,450
10.909,2026-08-05T05:45:53.415871+00:00,right_elbow_flex,2097,2137,40,37,5,94
10.909,2026-08-05T05:45:53.415871+00:00,right_wrist_flex,1976,1984,8,34,0,30
10.909,2026-08-05T05:45:53.415871+00:00,right_wrist_roll,2114,2111,-3,34,0,1044
10.909,2026-08-05T05:45:53.415871+00:00,right_gripper,2457,2462,5,37,1,24
10.959,2026-08-05T05:45:53.465804+00:00,left_shoulder_pan,1857,1851,-6,37,1,1060
10.959,2026-08-05T05:45:53.465804+00:00,left_shoulder_lift,2389,2420,31,36,9,136
10.959,2026-08-05T05:45:53.465804+00:00,left_elbow_flex,1629,1635,6,34,0,36
10.959,2026-08-05T05:45:53.465804+00:00,left_wrist_flex,2169,2170,1,34,0,0
10.959,2026-08-05T05:45:53.465804+00:00,left_wrist_roll,1989,1987,-2,34,0,1044
10.959,2026-08-05T05:45:53.465804+00:00,left_gripper,2014,2014,0,36,0,0
10.959,2026-08-05T05:45:53.465804+00:00,right_shoulder_pan,2120,2142,22,37,1,44
10.959,2026-08-05T05:45:53.465804+00:00,right_shoulder_lift,1912,2248,336,35,89,450
10.959,2026-08-05T05:45:53.465804+00:00,right_elbow_flex,2097,2137,40,37,5,94
10.959,2026-08-05T05:45:53.465804+00:00,right_wrist_flex,1976,1984,8,34,0,30
10.959,2026-08-05T05:45:53.465804+00:00,right_wrist_roll,2114,2111,-3,34,0,1044
10.959,2026-08-05T05:45:53.465804+00:00,right_gripper,2457,2462,5,37,1,24
11.009,2026-08-05T05:45:53.515867+00:00,left_shoulder_pan,1857,1851,-6,37,1,1060
11.009,2026-08-05T05:45:53.515867+00:00,left_shoulder_lift,2389,2420,31,36,9,136
11.009,2026-08-05T05:45:53.515867+00:00,left_elbow_flex,1629,1635,6,34,1,36
11.009,2026-08-05T05:45:53.515867+00:00,left_wrist_flex,2169,2170,1,34,0,0
11.009,2026-08-05T05:45:53.515867+00:00,left_wrist_roll,1989,1987,-2,34,0,1044
11.009,2026-08-05T05:45:53.515867+00:00,left_gripper,2014,2014,0,36,0,0
11.009,2026-08-05T05:45:53.515867+00:00,right_shoulder_pan,2114,2136,22,37,0,48
11.009,2026-08-05T05:45:53.515867+00:00,right_shoulder_lift,1907,2248,341,35,86,450
11.009,2026-08-05T05:45:53.515867+00:00,right_elbow_flex,2097,2137,40,37,5,94
11.009,2026-08-05T05:45:53.515867+00:00,right_wrist_flex,1976,1984,8,34,1,30
11.009,2026-08-05T05:45:53.515867+00:00,right_wrist_roll,2114,2111,-3,34,0,1044
11.009,2026-08-05T05:45:53.515867+00:00,right_gripper,2457,2462,5,37,1,24
11.059,2026-08-05T05:45:53.566717+00:00,left_shoulder_pan,1857,1851,-6,37,1,1060
11.059,2026-08-05T05:45:53.566717+00:00,left_shoulder_lift,2389,2420,31,36,9,136
11.059,2026-08-05T05:45:53.566717+00:00,left_elbow_flex,1629,1635,6,34,1,36
11.059,2026-08-05T05:45:53.566717+00:00,left_wrist_flex,2169,2170,1,34,0,0
11.059,2026-08-05T05:45:53.566717+00:00,left_wrist_roll,1989,1987,-2,34,0,1044
11.059,2026-08-05T05:45:53.566717+00:00,left_gripper,2014,2014,0,36,0,0
11.059,2026-08-05T05:45:53.566717+00:00,right_shoulder_pan,2109,2131,22,37,1,48
11.059,2026-08-05T05:45:53.566717+00:00,right_shoulder_lift,1901,2248,347,35,88,450
11.059,2026-08-05T05:45:53.566717+00:00,right_elbow_flex,2097,2137,40,37,5,94
11.059,2026-08-05T05:45:53.566717+00:00,right_wrist_flex,1976,1984,8,34,1,30
11.059,2026-08-05T05:45:53.566717+00:00,right_wrist_roll,2114,2111,-3,34,1,1044
11.059,2026-08-05T05:45:53.566717+00:00,right_gripper,2457,2462,5,37,1,24
11.110,2026-08-05T05:45:53.616375+00:00,left_shoulder_pan,1857,1851,-6,37,1,1060
11.110,2026-08-05T05:45:53.616375+00:00,left_shoulder_lift,2389,2420,31,36,8,136
11.110,2026-08-05T05:45:53.616375+00:00,left_elbow_flex,1629,1635,6,34,1,36
11.110,2026-08-05T05:45:53.616375+00:00,left_wrist_flex,2169,2170,1,34,0,0
11.110,2026-08-05T05:45:53.616375+00:00,left_wrist_roll,1989,1987,-2,34,0,1044
11.110,2026-08-05T05:45:53.616375+00:00,left_gripper,2014,2014,0,36,0,0
11.110,2026-08-05T05:45:53.616375+00:00,right_shoulder_pan,2103,2125,22,37,1,42
11.110,2026-08-05T05:45:53.616375+00:00,right_shoulder_lift,1896,2248,352,35,97,450
11.110,2026-08-05T05:45:53.616375+00:00,right_elbow_flex,2097,2137,40,37,7,94
11.110,2026-08-05T05:45:53.616375+00:00,right_wrist_flex,1976,1984,8,34,1,30
11.110,2026-08-05T05:45:53.616375+00:00,right_wrist_roll,2114,2111,-3,34,0,1044
11.110,2026-08-05T05:45:53.616375+00:00,right_gripper,2457,2462,5,37,1,24
11.160,2026-08-05T05:45:53.666186+00:00,left_shoulder_pan,1857,1851,-6,37,1,1060
11.160,2026-08-05T05:45:53.666186+00:00,left_shoulder_lift,2389,2420,31,36,8,136
11.160,2026-08-05T05:45:53.666186+00:00,left_elbow_flex,1629,1635,6,34,1,36
11.160,2026-08-05T05:45:53.666186+00:00,left_wrist_flex,2169,2170,1,34,0,0
11.160,2026-08-05T05:45:53.666186+00:00,left_wrist_roll,1989,1987,-2,34,0,1044
11.160,2026-08-05T05:45:53.666186+00:00,left_gripper,2014,2014,0,36,0,0
11.160,2026-08-05T05:45:53.666186+00:00,right_shoulder_pan,2097,2119,22,37,0,46
11.160,2026-08-05T05:45:53.666186+00:00,right_shoulder_lift,1891,2248,357,35,92,450
11.160,2026-08-05T05:45:53.666186+00:00,right_elbow_flex,2097,2137,40,37,6,94
11.160,2026-08-05T05:45:53.666186+00:00,right_wrist_flex,1976,1984,8,34,0,30
11.160,2026-08-05T05:45:53.666186+00:00,right_wrist_roll,2114,2111,-3,34,1,1044
11.160,2026-08-05T05:45:53.666186+00:00,right_gripper,2457,2462,5,37,1,24
11.210,2026-08-05T05:45:53.716464+00:00,left_shoulder_pan,1857,1851,-6,37,1,1060
11.210,2026-08-05T05:45:53.716464+00:00,left_shoulder_lift,2389,2420,31,36,8,136
11.210,2026-08-05T05:45:53.716464+00:00,left_elbow_flex,1629,1635,6,34,1,36
11.210,2026-08-05T05:45:53.716464+00:00,left_wrist_flex,2169,2170,1,34,0,0
11.210,2026-08-05T05:45:53.716464+00:00,left_wrist_roll,1989,1987,-2,34,0,1044
11.210,2026-08-05T05:45:53.716464+00:00,left_gripper,2014,2014,0,36,0,0
11.210,2026-08-05T05:45:53.716464+00:00,right_shoulder_pan,2090,2113,23,37,1,46
11.210,2026-08-05T05:45:53.716464+00:00,right_shoulder_lift,1886,2248,362,35,92,450
11.210,2026-08-05T05:45:53.716464+00:00,right_elbow_flex,2097,2137,40,37,6,94
11.210,2026-08-05T05:45:53.716464+00:00,right_wrist_flex,1976,1984,8,35,0,30
11.210,2026-08-05T05:45:53.716464+00:00,right_wrist_roll,2114,2111,-3,34,0,1044
11.210,2026-08-05T05:45:53.716464+00:00,right_gripper,2457,2462,5,37,1,24
11.260,2026-08-05T05:45:53.766585+00:00,left_shoulder_pan,1857,1851,-6,37,1,1060
11.260,2026-08-05T05:45:53.766585+00:00,left_shoulder_lift,2389,2420,31,36,10,136
11.260,2026-08-05T05:45:53.766585+00:00,left_elbow_flex,1629,1635,6,34,0,36
11.260,2026-08-05T05:45:53.766585+00:00,left_wrist_flex,2169,2170,1,34,0,0
11.260,2026-08-05T05:45:53.766585+00:00,left_wrist_roll,1989,1987,-2,34,1,1044
11.260,2026-08-05T05:45:53.766585+00:00,left_gripper,2014,2014,0,36,0,0
11.260,2026-08-05T05:45:53.766585+00:00,right_shoulder_pan,2084,2108,24,37,1,52
11.260,2026-08-05T05:45:53.766585+00:00,right_shoulder_lift,1882,2248,366,35,99,450
11.260,2026-08-05T05:45:53.766585+00:00,right_elbow_flex,2097,2137,40,37,6,94
11.260,2026-08-05T05:45:53.766585+00:00,right_wrist_flex,1976,1984,8,34,1,30
11.260,2026-08-05T05:45:53.766585+00:00,right_wrist_roll,2114,2111,-3,34,1,1044
11.260,2026-08-05T05:45:53.766585+00:00,right_gripper,2457,2462,5,37,1,24
11.310,2026-08-05T05:45:53.816416+00:00,left_shoulder_pan,1857,1851,-6,37,1,1060
11.310,2026-08-05T05:45:53.816416+00:00,left_shoulder_lift,2389,2420,31,36,11,136
11.310,2026-08-05T05:45:53.816416+00:00,left_elbow_flex,1629,1635,6,34,0,36
11.310,2026-08-05T05:45:53.816416+00:00,left_wrist_flex,2169,2170,1,34,0,0
11.310,2026-08-05T05:45:53.816416+00:00,left_wrist_roll,1989,1987,-2,33,0,1044
11.310,2026-08-05T05:45:53.816416+00:00,left_gripper,2014,2014,0,36,0,0
11.310,2026-08-05T05:45:53.816416+00:00,right_shoulder_pan,2077,2102,25,37,1,50
11.310,2026-08-05T05:45:53.816416+00:00,right_shoulder_lift,1878,2248,370,35,94,450
11.310,2026-08-05T05:45:53.816416+00:00,right_elbow_flex,2097,2137,40,37,6,94
11.310,2026-08-05T05:45:53.816416+00:00,right_wrist_flex,1976,1984,8,35,0,30
11.310,2026-08-05T05:45:53.816416+00:00,right_wrist_roll,2114,2111,-3,34,0,1044
11.310,2026-08-05T05:45:53.816416+00:00,right_gripper,2457,2462,5,37,0,24
11.360,2026-08-05T05:45:53.866853+00:00,left_shoulder_pan,1857,1851,-6,37,1,1060
11.360,2026-08-05T05:45:53.866853+00:00,left_shoulder_lift,2389,2420,31,36,9,136
11.360,2026-08-05T05:45:53.866853+00:00,left_elbow_flex,1629,1635,6,34,1,36
11.360,2026-08-05T05:45:53.866853+00:00,left_wrist_flex,2169,2170,1,34,0,0
11.360,2026-08-05T05:45:53.866853+00:00,left_wrist_roll,1989,1987,-2,34,0,1044
11.360,2026-08-05T05:45:53.866853+00:00,left_gripper,2014,2014,0,36,0,0
11.360,2026-08-05T05:45:53.866853+00:00,right_shoulder_pan,2070,2096,26,37,0,54
11.360,2026-08-05T05:45:53.866853+00:00,right_shoulder_lift,1874,2248,374,35,94,450
11.360,2026-08-05T05:45:53.866853+00:00,right_elbow_flex,2097,2137,40,37,6,94
11.360,2026-08-05T05:45:53.866853+00:00,right_wrist_flex,1976,1984,8,34,0,30
11.360,2026-08-05T05:45:53.866853+00:00,right_wrist_roll,2114,2111,-3,34,1,1044
11.360,2026-08-05T05:45:53.866853+00:00,right_gripper,2457,2462,5,37,0,24
11.410,2026-08-05T05:45:53.917445+00:00,left_shoulder_pan,1857,1851,-6,37,1,1060
11.410,2026-08-05T05:45:53.917445+00:00,left_shoulder_lift,2389,2420,31,36,11,136
11.410,2026-08-05T05:45:53.917445+00:00,left_elbow_flex,1629,1635,6,34,1,36
11.410,2026-08-05T05:45:53.917445+00:00,left_wrist_flex,2169,2170,1,34,0,0
11.410,2026-08-05T05:45:53.917445+00:00,left_wrist_roll,1989,1987,-2,34,0,1044
11.410,2026-08-05T05:45:53.917445+00:00,left_gripper,2014,2014,0,36,0,0
11.410,2026-08-05T05:45:53.917445+00:00,right_shoulder_pan,2063,2090,27,37,1,60
11.410,2026-08-05T05:45:53.917445+00:00,right_shoulder_lift,1870,2248,378,35,96,450
11.410,2026-08-05T05:45:53.917445+00:00,right_elbow_flex,2097,2137,40,37,6,94
11.410,2026-08-05T05:45:53.917445+00:00,right_wrist_flex,1976,1984,8,34,1,30
11.410,2026-08-05T05:45:53.917445+00:00,right_wrist_roll,2114,2111,-3,34,0,1044
11.410,2026-08-05T05:45:53.917445+00:00,right_gripper,2457,2462,5,37,1,24
11.460,2026-08-05T05:45:53.966787+00:00,left_shoulder_pan,1857,1851,-6,37,1,1060
11.460,2026-08-05T05:45:53.966787+00:00,left_shoulder_lift,2389,2420,31,36,8,136
11.460,2026-08-05T05:45:53.966787+00:00,left_elbow_flex,1629,1635,6,34,1,36
11.460,2026-08-05T05:45:53.966787+00:00,left_wrist_flex,2169,2170,1,34,0,0
11.460,2026-08-05T05:45:53.966787+00:00,left_wrist_roll,1989,1987,-2,34,0,1044
11.460,2026-08-05T05:45:53.966787+00:00,left_gripper,2014,2014,0,36,0,0
11.460,2026-08-05T05:45:53.966787+00:00,right_shoulder_pan,2056,2083,27,37,1,52
11.460,2026-08-05T05:45:53.966787+00:00,right_shoulder_lift,1867,2248,381,35,87,450
11.460,2026-08-05T05:45:53.966787+00:00,right_elbow_flex,2097,2137,40,37,6,94
11.460,2026-08-05T05:45:53.966787+00:00,right_wrist_flex,1976,1984,8,34,1,30
11.460,2026-08-05T05:45:53.966787+00:00,right_wrist_roll,2114,2111,-3,34,1,1044
11.460,2026-08-05T05:45:53.966787+00:00,right_gripper,2457,2462,5,37,0,24
11.510,2026-08-05T05:45:54.016619+00:00,left_shoulder_pan,1857,1851,-6,38,1,1060
11.510,2026-08-05T05:45:54.016619+00:00,left_shoulder_lift,2389,2420,31,36,8,136
11.510,2026-08-05T05:45:54.016619+00:00,left_elbow_flex,1629,1635,6,34,1,36
11.510,2026-08-05T05:45:54.016619+00:00,left_wrist_flex,2169,2170,1,34,0,0
11.510,2026-08-05T05:45:54.016619+00:00,left_wrist_roll,1989,1987,-2,34,0,1044
11.510,2026-08-05T05:45:54.016619+00:00,left_gripper,2014,2014,0,37,0,0
11.510,2026-08-05T05:45:54.016619+00:00,right_shoulder_pan,2049,2077,28,37,1,56
11.510,2026-08-05T05:45:54.016619+00:00,right_shoulder_lift,1864,2248,384,35,95,450
11.510,2026-08-05T05:45:54.016619+00:00,right_elbow_flex,2097,2137,40,37,5,94
11.510,2026-08-05T05:45:54.016619+00:00,right_wrist_flex,1976,1984,8,34,1,30
11.510,2026-08-05T05:45:54.016619+00:00,right_wrist_roll,2114,2111,-3,34,0,1044
11.510,2026-08-05T05:45:54.016619+00:00,right_gripper,2457,2462,5,37,1,24
11.560,2026-08-05T05:45:54.067487+00:00,left_shoulder_pan,1857,1851,-6,37,1,1060
11.560,2026-08-05T05:45:54.067487+00:00,left_shoulder_lift,2389,2420,31,36,8,136
11.560,2026-08-05T05:45:54.067487+00:00,left_elbow_flex,1629,1635,6,34,1,36
11.560,2026-08-05T05:45:54.067487+00:00,left_wrist_flex,2169,2170,1,34,0,0
11.560,2026-08-05T05:45:54.067487+00:00,left_wrist_roll,1989,1987,-2,34,0,1044
11.560,2026-08-05T05:45:54.067487+00:00,left_gripper,2014,2014,0,36,0,0
11.560,2026-08-05T05:45:54.067487+00:00,right_shoulder_pan,2042,2070,28,37,0,50
11.560,2026-08-05T05:45:54.067487+00:00,right_shoulder_lift,1861,2248,387,35,92,450
11.560,2026-08-05T05:45:54.067487+00:00,right_elbow_flex,2097,2137,40,37,6,94
11.560,2026-08-05T05:45:54.067487+00:00,right_wrist_flex,1976,1984,8,34,0,30
11.560,2026-08-05T05:45:54.067487+00:00,right_wrist_roll,2114,2111,-3,34,1,1044
11.560,2026-08-05T05:45:54.067487+00:00,right_gripper,2457,2462,5,37,0,24
11.610,2026-08-05T05:45:54.117084+00:00,left_shoulder_pan,1857,1851,-6,37,1,1060
11.610,2026-08-05T05:45:54.117084+00:00,left_shoulder_lift,2389,2420,31,36,9,136
11.610,2026-08-05T05:45:54.117084+00:00,left_elbow_flex,1629,1635,6,34,1,36
11.610,2026-08-05T05:45:54.117084+00:00,left_wrist_flex,2169,2170,1,34,0,0
11.610,2026-08-05T05:45:54.117084+00:00,left_wrist_roll,1989,1987,-2,34,0,1044
11.610,2026-08-05T05:45:54.117084+00:00,left_gripper,2014,2014,0,36,0,0
11.610,2026-08-05T05:45:54.117084+00:00,right_shoulder_pan,2034,2063,29,37,1,54
11.610,2026-08-05T05:45:54.117084+00:00,right_shoulder_lift,1858,2248,390,35,100,450
11.610,2026-08-05T05:45:54.117084+00:00,right_elbow_flex,2097,2137,40,37,5,94
11.610,2026-08-05T05:45:54.117084+00:00,right_wrist_flex,1976,1984,8,34,1,30
11.610,2026-08-05T05:45:54.117084+00:00,right_wrist_roll,2114,2111,-3,34,0,1044
11.610,2026-08-05T05:45:54.117084+00:00,right_gripper,2457,2462,5,37,1,24
11.660,2026-08-05T05:45:54.166904+00:00,left_shoulder_pan,1857,1851,-6,37,1,1060
11.660,2026-08-05T05:45:54.166904+00:00,left_shoulder_lift,2389,2420,31,36,8,136
11.660,2026-08-05T05:45:54.166904+00:00,left_elbow_flex,1629,1635,6,34,1,36
11.660,2026-08-05T05:45:54.166904+00:00,left_wrist_flex,2169,2170,1,34,0,0
11.660,2026-08-05T05:45:54.166904+00:00,left_wrist_roll,1989,1987,-2,34,0,1044
11.660,2026-08-05T05:45:54.166904+00:00,left_gripper,2014,2014,0,37,0,0
11.660,2026-08-05T05:45:54.166904+00:00,right_shoulder_pan,2027,2055,28,37,0,56
11.660,2026-08-05T05:45:54.166904+00:00,right_shoulder_lift,1856,2248,392,35,97,450
11.660,2026-08-05T05:45:54.166904+00:00,right_elbow_flex,2097,2137,40,37,6,94
11.660,2026-08-05T05:45:54.166904+00:00,right_wrist_flex,1976,1984,8,34,1,30
11.660,2026-08-05T05:45:54.166904+00:00,right_wrist_roll,2114,2111,-3,34,1,1044
11.660,2026-08-05T05:45:54.166904+00:00,right_gripper,2457,2462,5,37,1,24
11.710,2026-08-05T05:45:54.217052+00:00,left_shoulder_pan,1857,1851,-6,37,1,1060
11.710,2026-08-05T05:45:54.217052+00:00,left_shoulder_lift,2389,2420,31,36,8,136
11.710,2026-08-05T05:45:54.217052+00:00,left_elbow_flex,1629,1635,6,34,0,36
11.710,2026-08-05T05:45:54.217052+00:00,left_wrist_flex,2169,2170,1,34,0,0
11.710,2026-08-05T05:45:54.217052+00:00,left_wrist_roll,1989,1987,-2,34,1,1044
11.710,2026-08-05T05:45:54.217052+00:00,left_gripper,2014,2014,0,36,0,0
11.710,2026-08-05T05:45:54.217052+00:00,right_shoulder_pan,2019,2048,29,37,1,54
11.710,2026-08-05T05:45:54.217052+00:00,right_shoulder_lift,1854,2248,394,35,92,450
11.710,2026-08-05T05:45:54.217052+00:00,right_elbow_flex,2097,2137,40,37,6,94
11.710,2026-08-05T05:45:54.217052+00:00,right_wrist_flex,1976,1984,8,35,0,30
11.710,2026-08-05T05:45:54.217052+00:00,right_wrist_roll,2114,2111,-3,34,1,1044
11.710,2026-08-05T05:45:54.217052+00:00,right_gripper,2457,2462,5,37,0,24
11.761,2026-08-05T05:45:54.267475+00:00,left_shoulder_pan,1857,1851,-6,37,1,1060
11.761,2026-08-05T05:45:54.267475+00:00,left_shoulder_lift,2389,2420,31,36,9,136
11.761,2026-08-05T05:45:54.267475+00:00,left_elbow_flex,1629,1635,6,34,1,36
11.761,2026-08-05T05:45:54.267475+00:00,left_wrist_flex,2169,2170,1,34,0,0
11.761,2026-08-05T05:45:54.267475+00:00,left_wrist_roll,1989,1987,-2,34,1,1044
11.761,2026-08-05T05:45:54.267475+00:00,left_gripper,2014,2014,0,36,0,0
11.761,2026-08-05T05:45:54.267475+00:00,right_shoulder_pan,2011,2041,30,37,1,56
11.761,2026-08-05T05:45:54.267475+00:00,right_shoulder_lift,1853,2248,395,35,88,450
11.761,2026-08-05T05:45:54.267475+00:00,right_elbow_flex,2097,2137,40,37,6,94
11.761,2026-08-05T05:45:54.267475+00:00,right_wrist_flex,1976,1984,8,34,0,30
11.761,2026-08-05T05:45:54.267475+00:00,right_wrist_roll,2114,2111,-3,34,0,1044
11.761,2026-08-05T05:45:54.267475+00:00,right_gripper,2457,2462,5,37,0,24
11.811,2026-08-05T05:45:54.317308+00:00,left_shoulder_pan,1857,1851,-6,37,1,1060
11.811,2026-08-05T05:45:54.317308+00:00,left_shoulder_lift,2389,2420,31,36,10,136
11.811,2026-08-05T05:45:54.317308+00:00,left_elbow_flex,1629,1635,6,34,0,36
11.811,2026-08-05T05:45:54.317308+00:00,left_wrist_flex,2169,2170,1,34,0,0
11.811,2026-08-05T05:45:54.317308+00:00,left_wrist_roll,1989,1987,-2,34,0,1044
11.811,2026-08-05T05:45:54.317308+00:00,left_gripper,2014,2014,0,36,0,0
11.811,2026-08-05T05:45:54.317308+00:00,right_shoulder_pan,2004,2033,29,37,1,62
11.811,2026-08-05T05:45:54.317308+00:00,right_shoulder_lift,1851,2248,397,35,92,450
11.811,2026-08-05T05:45:54.317308+00:00,right_elbow_flex,2097,2137,40,37,5,94
11.811,2026-08-05T05:45:54.317308+00:00,right_wrist_flex,1976,1984,8,34,0,30
11.811,2026-08-05T05:45:54.317308+00:00,right_wrist_roll,2114,2111,-3,34,1,1044
11.811,2026-08-05T05:45:54.317308+00:00,right_gripper,2457,2462,5,37,0,24
11.861,2026-08-05T05:45:54.367383+00:00,left_shoulder_pan,1857,1851,-6,37,1,1060
11.861,2026-08-05T05:45:54.367383+00:00,left_shoulder_lift,2389,2420,31,36,11,136
11.861,2026-08-05T05:45:54.367383+00:00,left_elbow_flex,1629,1635,6,34,1,36
11.861,2026-08-05T05:45:54.367383+00:00,left_wrist_flex,2169,2170,1,34,0,0
11.861,2026-08-05T05:45:54.367383+00:00,left_wrist_roll,1989,1987,-2,34,1,1044
11.861,2026-08-05T05:45:54.367383+00:00,left_gripper,2014,2014,0,36,0,0
11.861,2026-08-05T05:45:54.367383+00:00,right_shoulder_pan,1996,2026,30,37,1,52
11.861,2026-08-05T05:45:54.367383+00:00,right_shoulder_lift,1850,2248,398,35,87,450
11.861,2026-08-05T05:45:54.367383+00:00,right_elbow_flex,2097,2137,40,37,6,94
11.861,2026-08-05T05:45:54.367383+00:00,right_wrist_flex,1976,1984,8,35,0,30
11.861,2026-08-05T05:45:54.367383+00:00,right_wrist_roll,2114,2111,-3,34,1,1044
11.861,2026-08-05T05:45:54.367383+00:00,right_gripper,2457,2462,5,37,0,24
11.911,2026-08-05T05:45:54.417640+00:00,left_shoulder_pan,1857,1851,-6,37,1,1060
11.911,2026-08-05T05:45:54.417640+00:00,left_shoulder_lift,2389,2420,31,36,11,136
11.911,2026-08-05T05:45:54.417640+00:00,left_elbow_flex,1629,1635,6,34,1,36
11.911,2026-08-05T05:45:54.417640+00:00,left_wrist_flex,2169,2170,1,34,0,0
11.911,2026-08-05T05:45:54.417640+00:00,left_wrist_roll,1989,1987,-2,34,0,1044
11.911,2026-08-05T05:45:54.417640+00:00,left_gripper,2014,2014,0,36,0,0
11.911,2026-08-05T05:45:54.417640+00:00,right_shoulder_pan,1988,2018,30,37,1,56
11.911,2026-08-05T05:45:54.417640+00:00,right_shoulder_lift,1849,2248,399,35,87,450
11.911,2026-08-05T05:45:54.417640+00:00,right_elbow_flex,2097,2137,40,37,8,94
11.911,2026-08-05T05:45:54.417640+00:00,right_wrist_flex,1976,1984,8,34,1,30
11.911,2026-08-05T05:45:54.417640+00:00,right_wrist_roll,2114,2111,-3,34,0,1044
11.911,2026-08-05T05:45:54.417640+00:00,right_gripper,2457,2462,5,37,0,24
11.961,2026-08-05T05:45:54.469554+00:00,left_shoulder_pan,1857,1851,-6,37,0,1060
11.961,2026-08-05T05:45:54.469554+00:00,left_shoulder_lift,2389,2420,31,36,8,136
11.961,2026-08-05T05:45:54.469554+00:00,left_elbow_flex,1629,1635,6,34,0,36
11.961,2026-08-05T05:45:54.469554+00:00,left_wrist_flex,2169,2170,1,34,0,0
11.961,2026-08-05T05:45:54.469554+00:00,left_wrist_roll,1989,1987,-2,34,0,1044
11.961,2026-08-05T05:45:54.469554+00:00,left_gripper,2014,2014,0,37,0,0
11.961,2026-08-05T05:45:54.469554+00:00,right_shoulder_pan,1980,2010,30,37,0,60
11.961,2026-08-05T05:45:54.469554+00:00,right_shoulder_lift,1849,2248,399,35,94,450
11.961,2026-08-05T05:45:54.469554+00:00,right_elbow_flex,2097,2137,40,37,6,94
11.961,2026-08-05T05:45:54.469554+00:00,right_wrist_flex,1976,1984,8,35,0,30
11.961,2026-08-05T05:45:54.469554+00:00,right_wrist_roll,2114,2111,-3,34,0,1044
11.961,2026-08-05T05:45:54.469554+00:00,right_gripper,2457,2462,5,37,0,24
12.011,2026-08-05T05:45:54.517679+00:00,left_shoulder_pan,1857,1851,-6,37,1,1060
12.011,2026-08-05T05:45:54.517679+00:00,left_shoulder_lift,2389,2420,31,36,8,136
12.011,2026-08-05T05:45:54.517679+00:00,left_elbow_flex,1629,1635,6,34,1,36
12.011,2026-08-05T05:45:54.517679+00:00,left_wrist_flex,2169,2170,1,34,0,0
12.011,2026-08-05T05:45:54.517679+00:00,left_wrist_roll,1989,1987,-2,34,0,1044
12.011,2026-08-05T05:45:54.517679+00:00,left_gripper,2014,2014,0,37,0,0
12.011,2026-08-05T05:45:54.517679+00:00,right_shoulder_pan,1972,2003,31,37,1,58
12.011,2026-08-05T05:45:54.517679+00:00,right_shoulder_lift,1849,2248,399,35,85,450
12.011,2026-08-05T05:45:54.517679+00:00,right_elbow_flex,2097,2137,40,37,7,94
12.011,2026-08-05T05:45:54.517679+00:00,right_wrist_flex,1976,1984,8,34,1,30
12.011,2026-08-05T05:45:54.517679+00:00,right_wrist_roll,2114,2111,-3,34,0,1044
12.011,2026-08-05T05:45:54.517679+00:00,right_gripper,2457,2462,5,37,1,24
12.061,2026-08-05T05:45:54.568784+00:00,left_shoulder_pan,1857,1851,-6,37,1,1060
12.061,2026-08-05T05:45:54.568784+00:00,left_shoulder_lift,2389,2420,31,36,8,136
12.061,2026-08-05T05:45:54.568784+00:00,left_elbow_flex,1629,1635,6,34,1,36
12.061,2026-08-05T05:45:54.568784+00:00,left_wrist_flex,2169,2170,1,34,0,0
12.061,2026-08-05T05:45:54.568784+00:00,left_wrist_roll,1989,1987,-2,34,0,1044
12.061,2026-08-05T05:45:54.568784+00:00,left_gripper,2014,2014,0,36,0,0
12.061,2026-08-05T05:45:54.568784+00:00,right_shoulder_pan,1964,1995,31,37,1,62
12.061,2026-08-05T05:45:54.568784+00:00,right_shoulder_lift,1849,2248,399,35,89,450
12.061,2026-08-05T05:45:54.568784+00:00,right_elbow_flex,2097,2137,40,37,5,94
12.061,2026-08-05T05:45:54.568784+00:00,right_wrist_flex,1976,1984,8,34,0,30
12.061,2026-08-05T05:45:54.568784+00:00,right_wrist_roll,2114,2111,-3,34,0,1044
12.061,2026-08-05T05:45:54.568784+00:00,right_gripper,2457,2462,5,37,1,24
12.111,2026-08-05T05:45:54.617907+00:00,left_shoulder_pan,1857,1851,-6,37,1,1060
12.111,2026-08-05T05:45:54.617907+00:00,left_shoulder_lift,2389,2420,31,36,9,136
12.111,2026-08-05T05:45:54.617907+00:00,left_elbow_flex,1629,1635,6,34,1,36
12.111,2026-08-05T05:45:54.617907+00:00,left_wrist_flex,2169,2170,1,34,0,0
12.111,2026-08-05T05:45:54.617907+00:00,left_wrist_roll,1989,1987,-2,34,0,1044
12.111,2026-08-05T05:45:54.617907+00:00,left_gripper,2014,2014,0,36,0,0
12.111,2026-08-05T05:45:54.617907+00:00,right_shoulder_pan,1957,1987,30,37,0,58
12.111,2026-08-05T05:45:54.617907+00:00,right_shoulder_lift,1850,2248,398,35,88,450
12.111,2026-08-05T05:45:54.617907+00:00,right_elbow_flex,2097,2137,40,37,5,94
12.111,2026-08-05T05:45:54.617907+00:00,right_wrist_flex,1976,1984,8,34,1,30
12.111,2026-08-05T05:45:54.617907+00:00,right_wrist_roll,2114,2111,-3,34,0,1044
12.111,2026-08-05T05:45:54.617907+00:00,right_gripper,2457,2462,5,37,0,24
12.161,2026-08-05T05:45:54.667965+00:00,left_shoulder_pan,1857,1851,-6,37,1,1060
12.161,2026-08-05T05:45:54.667965+00:00,left_shoulder_lift,2389,2420,31,36,8,136
12.161,2026-08-05T05:45:54.667965+00:00,left_elbow_flex,1629,1635,6,34,1,36
12.161,2026-08-05T05:45:54.667965+00:00,left_wrist_flex,2169,2170,1,34,0,0
12.161,2026-08-05T05:45:54.667965+00:00,left_wrist_roll,1989,1987,-2,34,0,1044
12.161,2026-08-05T05:45:54.667965+00:00,left_gripper,2014,2014,0,36,0,0
12.161,2026-08-05T05:45:54.667965+00:00,right_shoulder_pan,1949,1980,31,37,1,62
12.161,2026-08-05T05:45:54.667965+00:00,right_shoulder_lift,1851,2248,397,35,98,450
12.161,2026-08-05T05:45:54.667965+00:00,right_elbow_flex,2097,2137,40,37,5,94
12.161,2026-08-05T05:45:54.667965+00:00,right_wrist_flex,1976,1984,8,34,1,30
12.161,2026-08-05T05:45:54.667965+00:00,right_wrist_roll,2114,2111,-3,34,0,1044
12.161,2026-08-05T05:45:54.667965+00:00,right_gripper,2457,2462,5,37,0,24
12.211,2026-08-05T05:45:54.717791+00:00,left_shoulder_pan,1857,1851,-6,37,1,1060
12.211,2026-08-05T05:45:54.717791+00:00,left_shoulder_lift,2389,2420,31,36,8,136
12.211,2026-08-05T05:45:54.717791+00:00,left_elbow_flex,1629,1635,6,34,1,36
12.211,2026-08-05T05:45:54.717791+00:00,left_wrist_flex,2169,2170,1,34,0,0
12.211,2026-08-05T05:45:54.717791+00:00,left_wrist_roll,1989,1987,-2,34,0,1044
12.211,2026-08-05T05:45:54.717791+00:00,left_gripper,2014,2014,0,36,0,0
12.211,2026-08-05T05:45:54.717791+00:00,right_shoulder_pan,1941,1972,31,37,1,58
12.211,2026-08-05T05:45:54.717791+00:00,right_shoulder_lift,1852,2248,396,35,88,450
12.211,2026-08-05T05:45:54.717791+00:00,right_elbow_flex,2097,2137,40,37,6,94
12.211,2026-08-05T05:45:54.717791+00:00,right_wrist_flex,1976,1984,8,35,0,30
12.211,2026-08-05T05:45:54.717791+00:00,right_wrist_roll,2114,2111,-3,34,0,1044
12.211,2026-08-05T05:45:54.717791+00:00,right_gripper,2457,2462,5,37,0,24
12.261,2026-08-05T05:45:54.768044+00:00,left_shoulder_pan,1857,1851,-6,37,1,1060
12.261,2026-08-05T05:45:54.768044+00:00,left_shoulder_lift,2389,2420,31,36,10,136
12.261,2026-08-05T05:45:54.768044+00:00,left_elbow_flex,1629,1635,6,34,0,36
12.261,2026-08-05T05:45:54.768044+00:00,left_wrist_flex,2169,2170,1,34,0,0
12.261,2026-08-05T05:45:54.768044+00:00,left_wrist_roll,1989,1987,-2,34,1,1044
12.261,2026-08-05T05:45:54.768044+00:00,left_gripper,2014,2014,0,36,0,0
12.261,2026-08-05T05:45:54.768044+00:00,right_shoulder_pan,1933,1964,31,37,1,58
12.261,2026-08-05T05:45:54.768044+00:00,right_shoulder_lift,1853,2248,395,35,93,450
12.261,2026-08-05T05:45:54.768044+00:00,right_elbow_flex,2097,2137,40,37,6,94
12.261,2026-08-05T05:45:54.768044+00:00,right_wrist_flex,1976,1984,8,34,1,30
12.261,2026-08-05T05:45:54.768044+00:00,right_wrist_roll,2114,2111,-3,34,1,1044
12.261,2026-08-05T05:45:54.768044+00:00,right_gripper,2457,2462,5,37,1,24
12.311,2026-08-05T05:45:54.817897+00:00,left_shoulder_pan,1857,1851,-6,37,1,1060
12.311,2026-08-05T05:45:54.817897+00:00,left_shoulder_lift,2389,2420,31,36,10,136
12.311,2026-08-05T05:45:54.817897+00:00,left_elbow_flex,1629,1635,6,34,1,36
12.311,2026-08-05T05:45:54.817897+00:00,left_wrist_flex,2169,2170,1,34,0,0
12.311,2026-08-05T05:45:54.817897+00:00,left_wrist_roll,1989,1987,-2,34,1,1044
12.311,2026-08-05T05:45:54.817897+00:00,left_gripper,2014,2014,0,36,0,0
12.311,2026-08-05T05:45:54.817897+00:00,right_shoulder_pan,1926,1957,31,37,1,56
12.311,2026-08-05T05:45:54.817897+00:00,right_shoulder_lift,1855,2248,393,35,91,450
12.311,2026-08-05T05:45:54.817897+00:00,right_elbow_flex,2097,2137,40,37,8,94
12.311,2026-08-05T05:45:54.817897+00:00,right_wrist_flex,1976,1984,8,34,1,30
12.311,2026-08-05T05:45:54.817897+00:00,right_wrist_roll,2114,2111,-3,34,0,1044
12.311,2026-08-05T05:45:54.817897+00:00,right_gripper,2457,2462,5,37,0,24
12.361,2026-08-05T05:45:54.868241+00:00,left_shoulder_pan,1857,1851,-6,37,1,1060
12.361,2026-08-05T05:45:54.868241+00:00,left_shoulder_lift,2389,2420,31,36,10,136
12.361,2026-08-05T05:45:54.868241+00:00,left_elbow_flex,1629,1635,6,34,1,36
12.361,2026-08-05T05:45:54.868241+00:00,left_wrist_flex,2169,2170,1,34,0,0
12.361,2026-08-05T05:45:54.868241+00:00,left_wrist_roll,1989,1987,-2,34,1,1044
12.361,2026-08-05T05:45:54.868241+00:00,left_gripper,2014,2014,0,36,0,0
12.361,2026-08-05T05:45:54.868241+00:00,right_shoulder_pan,1918,1949,31,37,1,58
12.361,2026-08-05T05:45:54.868241+00:00,right_shoulder_lift,1857,2248,391,35,88,450
12.361,2026-08-05T05:45:54.868241+00:00,right_elbow_flex,2097,2137,40,37,8,94
12.361,2026-08-05T05:45:54.868241+00:00,right_wrist_flex,1976,1984,8,34,0,30
12.361,2026-08-05T05:45:54.868241+00:00,right_wrist_roll,2114,2111,-3,34,0,1044
12.361,2026-08-05T05:45:54.868241+00:00,right_gripper,2457,2462,5,37,1,24
12.412,2026-08-05T05:45:54.918075+00:00,left_shoulder_pan,1857,1851,-6,37,1,1060
12.412,2026-08-05T05:45:54.918075+00:00,left_shoulder_lift,2389,2420,31,36,10,136
12.412,2026-08-05T05:45:54.918075+00:00,left_elbow_flex,1629,1635,6,34,1,36
12.412,2026-08-05T05:45:54.918075+00:00,left_wrist_flex,2169,2170,1,34,0,0
12.412,2026-08-05T05:45:54.918075+00:00,left_wrist_roll,1989,1987,-2,34,1,1044
12.412,2026-08-05T05:45:54.918075+00:00,left_gripper,2014,2014,0,36,0,0
12.412,2026-08-05T05:45:54.918075+00:00,right_shoulder_pan,1910,1941,31,37,1,60
12.412,2026-08-05T05:45:54.918075+00:00,right_shoulder_lift,1859,2248,389,35,94,450
12.412,2026-08-05T05:45:54.918075+00:00,right_elbow_flex,2097,2137,40,37,6,94
12.412,2026-08-05T05:45:54.918075+00:00,right_wrist_flex,1976,1984,8,34,0,30
12.412,2026-08-05T05:45:54.918075+00:00,right_wrist_roll,2114,2111,-3,34,1,1044
12.412,2026-08-05T05:45:54.918075+00:00,right_gripper,2457,2462,5,37,0,24
12.462,2026-08-05T05:45:54.968229+00:00,left_shoulder_pan,1857,1851,-6,37,1,1060
12.462,2026-08-05T05:45:54.968229+00:00,left_shoulder_lift,2389,2420,31,36,10,136
12.462,2026-08-05T05:45:54.968229+00:00,left_elbow_flex,1629,1635,6,34,1,36
12.462,2026-08-05T05:45:54.968229+00:00,left_wrist_flex,2169,2170,1,34,0,0
12.462,2026-08-05T05:45:54.968229+00:00,left_wrist_roll,1989,1987,-2,34,0,1044
12.462,2026-08-05T05:45:54.968229+00:00,left_gripper,2014,2014,0,36,0,0
12.462,2026-08-05T05:45:54.968229+00:00,right_shoulder_pan,1903,1934,31,37,1,64
12.462,2026-08-05T05:45:54.968229+00:00,right_shoulder_lift,1862,2248,386,35,89,450
12.462,2026-08-05T05:45:54.968229+00:00,right_elbow_flex,2097,2137,40,37,7,94
12.462,2026-08-05T05:45:54.968229+00:00,right_wrist_flex,1976,1984,8,34,1,30
12.462,2026-08-05T05:45:54.968229+00:00,right_wrist_roll,2114,2111,-3,34,0,1044
12.462,2026-08-05T05:45:54.968229+00:00,right_gripper,2457,2462,5,37,1,24
12.512,2026-08-05T05:45:55.018324+00:00,left_shoulder_pan,1857,1851,-6,37,1,1060
12.512,2026-08-05T05:45:55.018324+00:00,left_shoulder_lift,2389,2420,31,36,9,136
12.512,2026-08-05T05:45:55.018324+00:00,left_elbow_flex,1629,1635,6,34,1,36
12.512,2026-08-05T05:45:55.018324+00:00,left_wrist_flex,2169,2170,1,34,0,0
12.512,2026-08-05T05:45:55.018324+00:00,left_wrist_roll,1989,1987,-2,34,0,1044
12.512,2026-08-05T05:45:55.018324+00:00,left_gripper,2014,2014,0,37,0,0
12.512,2026-08-05T05:45:55.018324+00:00,right_shoulder_pan,1896,1926,30,37,1,58
12.512,2026-08-05T05:45:55.018324+00:00,right_shoulder_lift,1865,2248,383,35,87,450
12.512,2026-08-05T05:45:55.018324+00:00,right_elbow_flex,2097,2137,40,37,6,94
12.512,2026-08-05T05:45:55.018324+00:00,right_wrist_flex,1976,1984,8,34,0,30
12.512,2026-08-05T05:45:55.018324+00:00,right_wrist_roll,2114,2111,-3,34,0,1044
12.512,2026-08-05T05:45:55.018324+00:00,right_gripper,2457,2462,5,37,0,24
12.562,2026-08-05T05:45:55.068348+00:00,left_shoulder_pan,1857,1851,-6,37,1,1060
12.562,2026-08-05T05:45:55.068348+00:00,left_shoulder_lift,2389,2420,31,36,9,136
12.562,2026-08-05T05:45:55.068348+00:00,left_elbow_flex,1629,1635,6,34,1,36
12.562,2026-08-05T05:45:55.068348+00:00,left_wrist_flex,2169,2170,1,34,0,0
12.562,2026-08-05T05:45:55.068348+00:00,left_wrist_roll,1989,1987,-2,34,0,1044
12.562,2026-08-05T05:45:55.068348+00:00,left_gripper,2014,2014,0,36,0,0
12.562,2026-08-05T05:45:55.068348+00:00,right_shoulder_pan,1889,1918,29,37,1,60
12.562,2026-08-05T05:45:55.068348+00:00,right_shoulder_lift,1868,2248,380,35,95,450
12.562,2026-08-05T05:45:55.068348+00:00,right_elbow_flex,2097,2137,40,37,5,94
12.562,2026-08-05T05:45:55.068348+00:00,right_wrist_flex,1976,1984,8,34,0,30
12.562,2026-08-05T05:45:55.068348+00:00,right_wrist_roll,2114,2111,-3,34,0,1044
12.562,2026-08-05T05:45:55.068348+00:00,right_gripper,2457,2462,5,37,1,24
12.612,2026-08-05T05:45:55.118367+00:00,left_shoulder_pan,1857,1851,-6,37,1,1060
12.612,2026-08-05T05:45:55.118367+00:00,left_shoulder_lift,2389,2420,31,36,8,136
12.612,2026-08-05T05:45:55.118367+00:00,left_elbow_flex,1629,1635,6,34,0,36
12.612,2026-08-05T05:45:55.118367+00:00,left_wrist_flex,2169,2170,1,34,0,0
12.612,2026-08-05T05:45:55.118367+00:00,left_wrist_roll,1989,1987,-2,34,0,1044
12.612,2026-08-05T05:45:55.118367+00:00,left_gripper,2014,2014,0,36,0,0
12.612,2026-08-05T05:45:55.118367+00:00,right_shoulder_pan,1882,1910,28,37,1,54
12.612,2026-08-05T05:45:55.118367+00:00,right_shoulder_lift,1872,2248,376,35,90,450
12.612,2026-08-05T05:45:55.118367+00:00,right_elbow_flex,2097,2137,40,37,6,94
12.612,2026-08-05T05:45:55.118367+00:00,right_wrist_flex,1976,1984,8,34,1,30
12.612,2026-08-05T05:45:55.118367+00:00,right_wrist_roll,2114,2111,-3,34,0,1044
12.612,2026-08-05T05:45:55.118367+00:00,right_gripper,2457,2462,5,37,0,24
12.662,2026-08-05T05:45:55.168652+00:00,left_shoulder_pan,1857,1851,-6,37,1,1060
12.662,2026-08-05T05:45:55.168652+00:00,left_shoulder_lift,2389,2420,31,36,9,136
12.662,2026-08-05T05:45:55.168652+00:00,left_elbow_flex,1629,1635,6,34,1,36
12.662,2026-08-05T05:45:55.168652+00:00,left_wrist_flex,2169,2170,1,34,0,0
12.662,2026-08-05T05:45:55.168652+00:00,left_wrist_roll,1989,1987,-2,34,0,1044
12.662,2026-08-05T05:45:55.168652+00:00,left_gripper,2014,2014,0,36,0,0
12.662,2026-08-05T05:45:55.168652+00:00,right_shoulder_pan,1875,1903,28,37,1,58
12.662,2026-08-05T05:45:55.168652+00:00,right_shoulder_lift,1875,2248,373,35,85,450
12.662,2026-08-05T05:45:55.168652+00:00,right_elbow_flex,2097,2137,40,37,7,94
12.662,2026-08-05T05:45:55.168652+00:00,right_wrist_flex,1976,1984,8,35,0,30
12.662,2026-08-05T05:45:55.168652+00:00,right_wrist_roll,2114,2111,-3,34,0,1044
12.662,2026-08-05T05:45:55.168652+00:00,right_gripper,2457,2462,5,37,0,24
12.712,2026-08-05T05:45:55.219104+00:00,left_shoulder_pan,1857,1851,-6,37,0,1060
12.712,2026-08-05T05:45:55.219104+00:00,left_shoulder_lift,2389,2420,31,36,9,136
12.712,2026-08-05T05:45:55.219104+00:00,left_elbow_flex,1629,1635,6,34,1,36
12.712,2026-08-05T05:45:55.219104+00:00,left_wrist_flex,2169,2170,1,34,0,0
12.712,2026-08-05T05:45:55.219104+00:00,left_wrist_roll,1989,1987,-2,34,1,1044
12.712,2026-08-05T05:45:55.219104+00:00,left_gripper,2014,2014,0,36,0,0
12.712,2026-08-05T05:45:55.219104+00:00,right_shoulder_pan,1868,1896,28,37,1,58
12.712,2026-08-05T05:45:55.219104+00:00,right_shoulder_lift,1879,2248,369,35,98,450
12.712,2026-08-05T05:45:55.219104+00:00,right_elbow_flex,2097,2137,40,37,5,94
12.712,2026-08-05T05:45:55.219104+00:00,right_wrist_flex,1976,1984,8,34,0,30
12.712,2026-08-05T05:45:55.219104+00:00,right_wrist_roll,2114,2111,-3,34,0,1044
12.712,2026-08-05T05:45:55.219104+00:00,right_gripper,2457,2462,5,37,0,24
12.762,2026-08-05T05:45:55.268658+00:00,left_shoulder_pan,1857,1851,-6,37,1,1060
12.762,2026-08-05T05:45:55.268658+00:00,left_shoulder_lift,2389,2420,31,36,8,136
12.762,2026-08-05T05:45:55.268658+00:00,left_elbow_flex,1629,1635,6,34,0,36
12.762,2026-08-05T05:45:55.268658+00:00,left_wrist_flex,2169,2170,1,34,0,0
12.762,2026-08-05T05:45:55.268658+00:00,left_wrist_roll,1989,1987,-2,34,1,1044
12.762,2026-08-05T05:45:55.268658+00:00,left_gripper,2014,2014,0,36,0,0
12.762,2026-08-05T05:45:55.268658+00:00,right_shoulder_pan,1861,1889,28,37,1,54
12.762,2026-08-05T05:45:55.268658+00:00,right_shoulder_lift,1884,2248,364,35,88,450
12.762,2026-08-05T05:45:55.268658+00:00,right_elbow_flex,2097,2137,40,37,5,94
12.762,2026-08-05T05:45:55.268658+00:00,right_wrist_flex,1976,1984,8,35,1,30
12.762,2026-08-05T05:45:55.268658+00:00,right_wrist_roll,2114,2111,-3,34,0,1044
12.762,2026-08-05T05:45:55.268658+00:00,right_gripper,2457,2462,5,37,1,24
12.812,2026-08-05T05:45:55.318922+00:00,left_shoulder_pan,1857,1851,-6,37,1,1060
12.812,2026-08-05T05:45:55.318922+00:00,left_shoulder_lift,2389,2420,31,36,7,136
12.812,2026-08-05T05:45:55.318922+00:00,left_elbow_flex,1629,1635,6,34,1,36
12.812,2026-08-05T05:45:55.318922+00:00,left_wrist_flex,2169,2170,1,34,0,0
12.812,2026-08-05T05:45:55.318922+00:00,left_wrist_roll,1989,1987,-2,34,0,1044
12.812,2026-08-05T05:45:55.318922+00:00,left_gripper,2014,2014,0,36,0,0
12.812,2026-08-05T05:45:55.318922+00:00,right_shoulder_pan,1855,1882,27,37,1,56
12.812,2026-08-05T05:45:55.318922+00:00,right_shoulder_lift,1888,2248,360,35,86,450
12.812,2026-08-05T05:45:55.318922+00:00,right_elbow_flex,2097,2137,40,37,6,94
12.812,2026-08-05T05:45:55.318922+00:00,right_wrist_flex,1976,1984,8,35,0,30
12.812,2026-08-05T05:45:55.318922+00:00,right_wrist_roll,2114,2111,-3,34,0,1044
12.812,2026-08-05T05:45:55.318922+00:00,right_gripper,2457,2462,5,37,0,24
12.862,2026-08-05T05:45:55.368693+00:00,left_shoulder_pan,1857,1851,-6,37,1,1060
12.862,2026-08-05T05:45:55.368693+00:00,left_shoulder_lift,2389,2420,31,36,8,136
12.862,2026-08-05T05:45:55.368693+00:00,left_elbow_flex,1629,1635,6,34,1,36
12.862,2026-08-05T05:45:55.368693+00:00,left_wrist_flex,2169,2170,1,34,0,0
12.862,2026-08-05T05:45:55.368693+00:00,left_wrist_roll,1989,1987,-2,33,0,1044
12.862,2026-08-05T05:45:55.368693+00:00,left_gripper,2014,2014,0,36,0,0
12.862,2026-08-05T05:45:55.368693+00:00,right_shoulder_pan,1849,1875,26,37,2,60
12.862,2026-08-05T05:45:55.368693+00:00,right_shoulder_lift,1893,2248,355,35,84,450
12.862,2026-08-05T05:45:55.368693+00:00,right_elbow_flex,2097,2137,40,37,8,94
12.862,2026-08-05T05:45:55.368693+00:00,right_wrist_flex,1976,1984,8,34,0,30
12.862,2026-08-05T05:45:55.368693+00:00,right_wrist_roll,2114,2111,-3,34,0,1044
12.862,2026-08-05T05:45:55.368693+00:00,right_gripper,2457,2462,5,37,1,24
12.912,2026-08-05T05:45:55.418956+00:00,left_shoulder_pan,1857,1851,-6,37,1,1060
12.912,2026-08-05T05:45:55.418956+00:00,left_shoulder_lift,2389,2420,31,36,8,136
12.912,2026-08-05T05:45:55.418956+00:00,left_elbow_flex,1629,1635,6,34,1,36
12.912,2026-08-05T05:45:55.418956+00:00,left_wrist_flex,2169,2170,1,34,0,0
12.912,2026-08-05T05:45:55.418956+00:00,left_wrist_roll,1989,1987,-2,34,0,1044
12.912,2026-08-05T05:45:55.418956+00:00,left_gripper,2014,2014,0,36,0,0
12.912,2026-08-05T05:45:55.418956+00:00,right_shoulder_pan,1843,1869,26,37,1,50
12.912,2026-08-05T05:45:55.418956+00:00,right_shoulder_lift,1898,2248,350,35,86,450
12.912,2026-08-05T05:45:55.418956+00:00,right_elbow_flex,2097,2137,40,37,6,94
12.912,2026-08-05T05:45:55.418956+00:00,right_wrist_flex,1976,1984,8,34,1,30
12.912,2026-08-05T05:45:55.418956+00:00,right_wrist_roll,2114,2111,-3,34,0,1044
12.912,2026-08-05T05:45:55.418956+00:00,right_gripper,2457,2462,5,37,0,24
12.962,2026-08-05T05:45:55.469265+00:00,left_shoulder_pan,1857,1851,-6,37,1,1060
12.962,2026-08-05T05:45:55.469265+00:00,left_shoulder_lift,2389,2420,31,36,10,136
12.962,2026-08-05T05:45:55.469265+00:00,left_elbow_flex,1629,1635,6,34,1,36
12.962,2026-08-05T05:45:55.469265+00:00,left_wrist_flex,2169,2170,1,34,0,0
12.962,2026-08-05T05:45:55.469265+00:00,left_wrist_roll,1989,1987,-2,34,0,1044
12.962,2026-08-05T05:45:55.469265+00:00,left_gripper,2014,2014,0,36,0,0
12.962,2026-08-05T05:45:55.469265+00:00,right_shoulder_pan,1837,1863,26,37,1,58
12.962,2026-08-05T05:45:55.469265+00:00,right_shoulder_lift,1903,2248,345,35,92,450
12.962,2026-08-05T05:45:55.469265+00:00,right_elbow_flex,2097,2137,40,37,5,94
12.962,2026-08-05T05:45:55.469265+00:00,right_wrist_flex,1976,1984,8,34,0,30
12.962,2026-08-05T05:45:55.469265+00:00,right_wrist_roll,2114,2111,-3,34,1,1044
12.962,2026-08-05T05:45:55.469265+00:00,right_gripper,2457,2462,5,37,0,24
13.012,2026-08-05T05:45:55.518968+00:00,left_shoulder_pan,1857,1851,-6,37,1,1060
13.012,2026-08-05T05:45:55.518968+00:00,left_shoulder_lift,2389,2420,31,36,11,136
13.012,2026-08-05T05:45:55.518968+00:00,left_elbow_flex,1629,1635,6,34,1,36
13.012,2026-08-05T05:45:55.518968+00:00,left_wrist_flex,2169,2170,1,34,0,0
13.012,2026-08-05T05:45:55.518968+00:00,left_wrist_roll,1989,1987,-2,34,0,1044
13.012,2026-08-05T05:45:55.518968+00:00,left_gripper,2014,2014,0,36,0,0
13.012,2026-08-05T05:45:55.518968+00:00,right_shoulder_pan,1831,1856,25,36,0,52
13.012,2026-08-05T05:45:55.518968+00:00,right_shoulder_lift,1909,2248,339,35,87,450
13.012,2026-08-05T05:45:55.518968+00:00,right_elbow_flex,2097,2137,40,37,5,94
13.012,2026-08-05T05:45:55.518968+00:00,right_wrist_flex,1976,1984,8,34,0,30
13.012,2026-08-05T05:45:55.518968+00:00,right_wrist_roll,2114,2111,-3,34,0,1044
13.012,2026-08-05T05:45:55.518968+00:00,right_gripper,2457,2462,5,37,1,24
13.063,2026-08-05T05:45:55.569097+00:00,left_shoulder_pan,1857,1851,-6,37,1,1060
13.063,2026-08-05T05:45:55.569097+00:00,left_shoulder_lift,2389,2420,31,36,8,136
13.063,2026-08-05T05:45:55.569097+00:00,left_elbow_flex,1629,1635,6,34,1,36
13.063,2026-08-05T05:45:55.569097+00:00,left_wrist_flex,2169,2170,1,34,0,0
13.063,2026-08-05T05:45:55.569097+00:00,left_wrist_roll,1989,1987,-2,34,1,1044
13.063,2026-08-05T05:45:55.569097+00:00,left_gripper,2014,2014,0,36,0,0
13.063,2026-08-05T05:45:55.569097+00:00,right_shoulder_pan,1826,1850,24,37,0,52
13.063,2026-08-05T05:45:55.569097+00:00,right_shoulder_lift,1915,2248,333,35,91,450
13.063,2026-08-05T05:45:55.569097+00:00,right_elbow_flex,2097,2137,40,37,6,94
13.063,2026-08-05T05:45:55.569097+00:00,right_wrist_flex,1976,1984,8,34,0,30
13.063,2026-08-05T05:45:55.569097+00:00,right_wrist_roll,2114,2111,-3,34,0,1044
13.063,2026-08-05T05:45:55.569097+00:00,right_gripper,2457,2462,5,37,0,24
13.113,2026-08-05T05:45:55.619114+00:00,left_shoulder_pan,1857,1851,-6,37,1,1060
13.113,2026-08-05T05:45:55.619114+00:00,left_shoulder_lift,2389,2420,31,36,10,136
13.113,2026-08-05T05:45:55.619114+00:00,left_elbow_flex,1629,1635,6,34,1,36
13.113,2026-08-05T05:45:55.619114+00:00,left_wrist_flex,2169,2170,1,34,0,0
13.113,2026-08-05T05:45:55.619114+00:00,left_wrist_roll,1989,1987,-2,34,0,1044
13.113,2026-08-05T05:45:55.619114+00:00,left_gripper,2014,2014,0,36,0,0
13.113,2026-08-05T05:45:55.619114+00:00,right_shoulder_pan,1821,1844,23,37,0,46
13.113,2026-08-05T05:45:55.619114+00:00,right_shoulder_lift,1921,2248,327,35,91,450
13.113,2026-08-05T05:45:55.619114+00:00,right_elbow_flex,2097,2137,40,37,7,94
13.113,2026-08-05T05:45:55.619114+00:00,right_wrist_flex,1976,1984,8,34,1,30
13.113,2026-08-05T05:45:55.619114+00:00,right_wrist_roll,2114,2111,-3,34,0,1044
13.113,2026-08-05T05:45:55.619114+00:00,right_gripper,2457,2462,5,37,1,24
13.163,2026-08-05T05:45:55.669159+00:00,left_shoulder_pan,1857,1851,-6,37,1,1060
13.163,2026-08-05T05:45:55.669159+00:00,left_shoulder_lift,2389,2420,31,36,7,136
13.163,2026-08-05T05:45:55.669159+00:00,left_elbow_flex,1629,1635,6,34,1,36
13.163,2026-08-05T05:45:55.669159+00:00,left_wrist_flex,2169,2170,1,34,0,0
13.163,2026-08-05T05:45:55.669159+00:00,left_wrist_roll,1989,1987,-2,34,0,1044
13.163,2026-08-05T05:45:55.669159+00:00,left_gripper,2014,2014,0,37,0,0
13.163,2026-08-05T05:45:55.669159+00:00,right_shoulder_pan,1816,1838,22,37,1,50
13.163,2026-08-05T05:45:55.669159+00:00,right_shoulder_lift,1927,2248,321,35,94,450
13.163,2026-08-05T05:45:55.669159+00:00,right_elbow_flex,2097,2137,40,37,5,94
13.163,2026-08-05T05:45:55.669159+00:00,right_wrist_flex,1976,1984,8,34,1,30
13.163,2026-08-05T05:45:55.669159+00:00,right_wrist_roll,2114,2111,-3,34,1,1044
13.163,2026-08-05T05:45:55.669159+00:00,right_gripper,2457,2462,5,37,0,24
13.213,2026-08-05T05:45:55.719265+00:00,left_shoulder_pan,1857,1851,-6,37,1,1060
13.213,2026-08-05T05:45:55.719265+00:00,left_shoulder_lift,2389,2420,31,36,8,136
13.213,2026-08-05T05:45:55.719265+00:00,left_elbow_flex,1629,1635,6,34,1,36
13.213,2026-08-05T05:45:55.719265+00:00,left_wrist_flex,2169,2170,1,34,0,0
13.213,2026-08-05T05:45:55.719265+00:00,left_wrist_roll,1989,1987,-2,34,0,1044
13.213,2026-08-05T05:45:55.719265+00:00,left_gripper,2014,2014,0,36,0,0
13.213,2026-08-05T05:45:55.719265+00:00,right_shoulder_pan,1811,1833,22,37,1,48
13.213,2026-08-05T05:45:55.719265+00:00,right_shoulder_lift,1933,2248,315,35,84,450
13.213,2026-08-05T05:45:55.719265+00:00,right_elbow_flex,2097,2137,40,37,6,94
13.213,2026-08-05T05:45:55.719265+00:00,right_wrist_flex,1976,1984,8,34,0,30
13.213,2026-08-05T05:45:55.719265+00:00,right_wrist_roll,2114,2111,-3,34,1,1044
13.213,2026-08-05T05:45:55.719265+00:00,right_gripper,2457,2462,5,37,0,24
13.263,2026-08-05T05:45:55.769351+00:00,left_shoulder_pan,1857,1851,-6,37,1,1060
13.263,2026-08-05T05:45:55.769351+00:00,left_shoulder_lift,2389,2420,31,36,11,136
13.263,2026-08-05T05:45:55.769351+00:00,left_elbow_flex,1629,1635,6,34,1,36
13.263,2026-08-05T05:45:55.769351+00:00,left_wrist_flex,2169,2170,1,34,0,0
13.263,2026-08-05T05:45:55.769351+00:00,left_wrist_roll,1989,1987,-2,34,0,1044
13.263,2026-08-05T05:45:55.769351+00:00,left_gripper,2014,2014,0,36,0,0
13.263,2026-08-05T05:45:55.769351+00:00,right_shoulder_pan,1807,1827,20,37,1,48
13.263,2026-08-05T05:45:55.769351+00:00,right_shoulder_lift,1940,2248,308,35,85,450
13.263,2026-08-05T05:45:55.769351+00:00,right_elbow_flex,2097,2137,40,37,5,94
13.263,2026-08-05T05:45:55.769351+00:00,right_wrist_flex,1976,1984,8,34,1,30
13.263,2026-08-05T05:45:55.769351+00:00,right_wrist_roll,2114,2111,-3,34,0,1044
13.263,2026-08-05T05:45:55.769351+00:00,right_gripper,2457,2462,5,37,0,24
13.313,2026-08-05T05:45:55.819389+00:00,left_shoulder_pan,1857,1851,-6,37,1,1060
13.313,2026-08-05T05:45:55.819389+00:00,left_shoulder_lift,2389,2420,31,36,10,136
13.313,2026-08-05T05:45:55.819389+00:00,left_elbow_flex,1629,1635,6,34,1,36
13.313,2026-08-05T05:45:55.819389+00:00,left_wrist_flex,2169,2170,1,34,0,0
13.313,2026-08-05T05:45:55.819389+00:00,left_wrist_roll,1989,1987,-2,34,0,1044
13.313,2026-08-05T05:45:55.819389+00:00,left_gripper,2014,2014,0,37,0,0
13.313,2026-08-05T05:45:55.819389+00:00,right_shoulder_pan,1802,1822,20,37,1,42
13.313,2026-08-05T05:45:55.819389+00:00,right_shoulder_lift,1946,2248,302,35,85,450
13.313,2026-08-05T05:45:55.819389+00:00,right_elbow_flex,2097,2137,40,37,6,94
13.313,2026-08-05T05:45:55.819389+00:00,right_wrist_flex,1976,1984,8,34,0,30
13.313,2026-08-05T05:45:55.819389+00:00,right_wrist_roll,2114,2111,-3,34,0,1044
13.313,2026-08-05T05:45:55.819389+00:00,right_gripper,2457,2462,5,38,1,24
13.363,2026-08-05T05:45:55.869511+00:00,left_shoulder_pan,1857,1851,-6,37,1,1060
13.363,2026-08-05T05:45:55.869511+00:00,left_shoulder_lift,2389,2420,31,36,8,136
13.363,2026-08-05T05:45:55.869511+00:00,left_elbow_flex,1629,1635,6,34,1,36
13.363,2026-08-05T05:45:55.869511+00:00,left_wrist_flex,2169,2170,1,34,0,0
13.363,2026-08-05T05:45:55.869511+00:00,left_wrist_roll,1989,1987,-2,34,0,1044
13.363,2026-08-05T05:45:55.869511+00:00,left_gripper,2014,2014,0,37,0,0
13.363,2026-08-05T05:45:55.869511+00:00,right_shoulder_pan,1799,1817,18,37,1,46
13.363,2026-08-05T05:45:55.869511+00:00,right_shoulder_lift,1953,2248,295,35,93,450
13.363,2026-08-05T05:45:55.869511+00:00,right_elbow_flex,2097,2137,40,37,5,94
13.363,2026-08-05T05:45:55.869511+00:00,right_wrist_flex,1976,1984,8,35,1,30
13.363,2026-08-05T05:45:55.869511+00:00,right_wrist_roll,2114,2111,-3,34,1,1044
13.363,2026-08-05T05:45:55.869511+00:00,right_gripper,2457,2462,5,37,1,24
13.413,2026-08-05T05:45:55.919542+00:00,left_shoulder_pan,1857,1851,-6,37,1,1060
13.413,2026-08-05T05:45:55.919542+00:00,left_shoulder_lift,2389,2420,31,36,8,136
13.413,2026-08-05T05:45:55.919542+00:00,left_elbow_flex,1629,1635,6,34,1,36
13.413,2026-08-05T05:45:55.919542+00:00,left_wrist_flex,2169,2170,1,34,0,0
13.413,2026-08-05T05:45:55.919542+00:00,left_wrist_roll,1989,1987,-2,34,0,1044
13.413,2026-08-05T05:45:55.919542+00:00,left_gripper,2014,2014,0,36,0,0
13.413,2026-08-05T05:45:55.919542+00:00,right_shoulder_pan,1795,1813,18,37,0,34
13.413,2026-08-05T05:45:55.919542+00:00,right_shoulder_lift,1960,2248,288,35,92,450
13.413,2026-08-05T05:45:55.919542+00:00,right_elbow_flex,2097,2137,40,37,6,94
13.413,2026-08-05T05:45:55.919542+00:00,right_wrist_flex,1976,1984,8,34,1,30
13.413,2026-08-05T05:45:55.919542+00:00,right_wrist_roll,2114,2111,-3,34,1,1044
13.413,2026-08-05T05:45:55.919542+00:00,right_gripper,2457,2462,5,37,0,24
13.463,2026-08-05T05:45:55.969724+00:00,left_shoulder_pan,1857,1851,-6,37,1,1060
13.463,2026-08-05T05:45:55.969724+00:00,left_shoulder_lift,2389,2420,31,36,8,136
13.463,2026-08-05T05:45:55.969724+00:00,left_elbow_flex,1629,1635,6,34,1,36
13.463,2026-08-05T05:45:55.969724+00:00,left_wrist_flex,2169,2170,1,34,0,0
13.463,2026-08-05T05:45:55.969724+00:00,left_wrist_roll,1989,1987,-2,34,0,1044
13.463,2026-08-05T05:45:55.969724+00:00,left_gripper,2014,2014,0,37,0,0
13.463,2026-08-05T05:45:55.969724+00:00,right_shoulder_pan,1792,1808,16,37,0,38
13.463,2026-08-05T05:45:55.969724+00:00,right_shoulder_lift,1967,2248,281,35,97,450
13.463,2026-08-05T05:45:55.969724+00:00,right_elbow_flex,2097,2137,40,37,6,94
13.463,2026-08-05T05:45:55.969724+00:00,right_wrist_flex,1976,1984,8,34,0,30
13.463,2026-08-05T05:45:55.969724+00:00,right_wrist_roll,2114,2111,-3,34,0,1044
13.463,2026-08-05T05:45:55.969724+00:00,right_gripper,2457,2462,5,37,1,24
13.513,2026-08-05T05:45:56.019660+00:00,left_shoulder_pan,1857,1851,-6,37,1,1060
13.513,2026-08-05T05:45:56.019660+00:00,left_shoulder_lift,2389,2420,31,36,10,136
13.513,2026-08-05T05:45:56.019660+00:00,left_elbow_flex,1629,1635,6,34,1,36
13.513,2026-08-05T05:45:56.019660+00:00,left_wrist_flex,2169,2170,1,34,0,0
13.513,2026-08-05T05:45:56.019660+00:00,left_wrist_roll,1989,1987,-2,34,0,1044
13.513,2026-08-05T05:45:56.019660+00:00,left_gripper,2014,2014,0,36,0,0
13.513,2026-08-05T05:45:56.019660+00:00,right_shoulder_pan,1788,1804,16,37,0,36
13.513,2026-08-05T05:45:56.019660+00:00,right_shoulder_lift,1974,2248,274,35,92,450
13.513,2026-08-05T05:45:56.019660+00:00,right_elbow_flex,2097,2137,40,37,6,94
13.513,2026-08-05T05:45:56.019660+00:00,right_wrist_flex,1976,1984,8,35,1,30
13.513,2026-08-05T05:45:56.019660+00:00,right_wrist_roll,2114,2111,-3,34,0,1044
13.513,2026-08-05T05:45:56.019660+00:00,right_gripper,2457,2462,5,37,0,24
13.563,2026-08-05T05:45:56.069857+00:00,left_shoulder_pan,1857,1851,-6,37,1,1060
13.563,2026-08-05T05:45:56.069857+00:00,left_shoulder_lift,2389,2420,31,36,10,136
13.563,2026-08-05T05:45:56.069857+00:00,left_elbow_flex,1629,1635,6,34,1,36
13.563,2026-08-05T05:45:56.069857+00:00,left_wrist_flex,2169,2170,1,34,0,0
13.563,2026-08-05T05:45:56.069857+00:00,left_wrist_roll,1989,1987,-2,34,0,1044
13.563,2026-08-05T05:45:56.069857+00:00,left_gripper,2014,2014,0,36,0,0
13.563,2026-08-05T05:45:56.069857+00:00,right_shoulder_pan,1786,1801,15,37,1,36
13.563,2026-08-05T05:45:56.069857+00:00,right_shoulder_lift,1982,2248,266,35,91,450
13.563,2026-08-05T05:45:56.069857+00:00,right_elbow_flex,2097,2137,40,37,6,94
13.563,2026-08-05T05:45:56.069857+00:00,right_wrist_flex,1976,1984,8,34,0,30
13.563,2026-08-05T05:45:56.069857+00:00,right_wrist_roll,2114,2111,-3,34,0,1044
13.563,2026-08-05T05:45:56.069857+00:00,right_gripper,2457,2462,5,38,1,24
13.613,2026-08-05T05:45:56.121263+00:00,left_shoulder_pan,1857,1851,-6,37,1,1060
13.613,2026-08-05T05:45:56.121263+00:00,left_shoulder_lift,2389,2420,31,36,8,136
13.613,2026-08-05T05:45:56.121263+00:00,left_elbow_flex,1629,1635,6,34,1,36
13.613,2026-08-05T05:45:56.121263+00:00,left_wrist_flex,2169,2170,1,34,0,0
13.613,2026-08-05T05:45:56.121263+00:00,left_wrist_roll,1989,1987,-2,33,0,1044
13.613,2026-08-05T05:45:56.121263+00:00,left_gripper,2014,2014,0,37,0,0
13.613,2026-08-05T05:45:56.121263+00:00,right_shoulder_pan,1783,1798,15,37,0,34
13.613,2026-08-05T05:45:56.121263+00:00,right_shoulder_lift,1989,2248,259,35,99,450
13.613,2026-08-05T05:45:56.121263+00:00,right_elbow_flex,2097,2137,40,37,5,94
13.613,2026-08-05T05:45:56.121263+00:00,right_wrist_flex,1976,1984,8,35,0,30
13.613,2026-08-05T05:45:56.121263+00:00,right_wrist_roll,2114,2111,-3,33,1,1044
13.613,2026-08-05T05:45:56.121263+00:00,right_gripper,2457,2462,5,37,1,24
13.663,2026-08-05T05:45:56.170287+00:00,left_shoulder_pan,1857,1851,-6,37,1,1060
13.663,2026-08-05T05:45:56.170287+00:00,left_shoulder_lift,2389,2420,31,36,9,136
13.663,2026-08-05T05:45:56.170287+00:00,left_elbow_flex,1629,1635,6,34,1,36
13.663,2026-08-05T05:45:56.170287+00:00,left_wrist_flex,2169,2170,1,34,0,0
13.663,2026-08-05T05:45:56.170287+00:00,left_wrist_roll,1989,1987,-2,34,0,1044
13.663,2026-08-05T05:45:56.170287+00:00,left_gripper,2014,2014,0,36,0,0
13.663,2026-08-05T05:45:56.170287+00:00,right_shoulder_pan,1781,1794,13,37,1,38
13.663,2026-08-05T05:45:56.170287+00:00,right_shoulder_lift,1997,2248,251,35,84,450
13.663,2026-08-05T05:45:56.170287+00:00,right_elbow_flex,2097,2137,40,37,7,94
13.663,2026-08-05T05:45:56.170287+00:00,right_wrist_flex,1976,1984,8,34,1,30
13.663,2026-08-05T05:45:56.170287+00:00,right_wrist_roll,2114,2111,-3,34,0,1044
13.663,2026-08-05T05:45:56.170287+00:00,right_gripper,2457,2462,5,37,0,24
13.714,2026-08-05T05:45:56.220014+00:00,left_shoulder_pan,1857,1851,-6,37,0,1060
13.714,2026-08-05T05:45:56.220014+00:00,left_shoulder_lift,2389,2420,31,36,11,136
13.714,2026-08-05T05:45:56.220014+00:00,left_elbow_flex,1629,1635,6,34,1,36
13.714,2026-08-05T05:45:56.220014+00:00,left_wrist_flex,2169,2170,1,34,0,0
13.714,2026-08-05T05:45:56.220014+00:00,left_wrist_roll,1989,1987,-2,34,0,1044
13.714,2026-08-05T05:45:56.220014+00:00,left_gripper,2014,2014,0,36,0,0
13.714,2026-08-05T05:45:56.220014+00:00,right_shoulder_pan,1779,1792,13,37,1,34
13.714,2026-08-05T05:45:56.220014+00:00,right_shoulder_lift,2004,2248,244,35,88,450
13.714,2026-08-05T05:45:56.220014+00:00,right_elbow_flex,2097,2137,40,37,6,94
13.714,2026-08-05T05:45:56.220014+00:00,right_wrist_flex,1976,1984,8,34,1,30
13.714,2026-08-05T05:45:56.220014+00:00,right_wrist_roll,2114,2111,-3,34,0,1044
13.714,2026-08-05T05:45:56.220014+00:00,right_gripper,2457,2462,5,37,0,24
13.764,2026-08-05T05:45:56.270309+00:00,left_shoulder_pan,1857,1851,-6,37,1,1060
13.764,2026-08-05T05:45:56.270309+00:00,left_shoulder_lift,2389,2420,31,36,8,136
13.764,2026-08-05T05:45:56.270309+00:00,left_elbow_flex,1629,1635,6,34,1,36
13.764,2026-08-05T05:45:56.270309+00:00,left_wrist_flex,2169,2170,1,34,0,0
13.764,2026-08-05T05:45:56.270309+00:00,left_wrist_roll,1989,1987,-2,34,0,1044
13.764,2026-08-05T05:45:56.270309+00:00,left_gripper,2014,2014,0,36,0,0
13.764,2026-08-05T05:45:56.270309+00:00,right_shoulder_pan,1777,1789,12,37,1,36
13.764,2026-08-05T05:45:56.270309+00:00,right_shoulder_lift,2012,2248,236,35,86,450
13.764,2026-08-05T05:45:56.270309+00:00,right_elbow_flex,2097,2137,40,37,6,94
13.764,2026-08-05T05:45:56.270309+00:00,right_wrist_flex,1976,1984,8,34,1,30
13.764,2026-08-05T05:45:56.270309+00:00,right_wrist_roll,2114,2111,-3,34,0,1044
13.764,2026-08-05T05:45:56.270309+00:00,right_gripper,2457,2462,5,37,0,24
13.814,2026-08-05T05:45:56.320259+00:00,left_shoulder_pan,1857,1851,-6,37,1,1060
13.814,2026-08-05T05:45:56.320259+00:00,left_shoulder_lift,2389,2420,31,36,10,136
13.814,2026-08-05T05:45:56.320259+00:00,left_elbow_flex,1629,1635,6,34,1,36
13.814,2026-08-05T05:45:56.320259+00:00,left_wrist_flex,2169,2170,1,34,0,0
13.814,2026-08-05T05:45:56.320259+00:00,left_wrist_roll,1989,1987,-2,34,0,1044
13.814,2026-08-05T05:45:56.320259+00:00,left_gripper,2014,2014,0,37,0,0
13.814,2026-08-05T05:45:56.320259+00:00,right_shoulder_pan,1776,1787,11,37,1,32
13.814,2026-08-05T05:45:56.320259+00:00,right_shoulder_lift,2020,2248,228,35,91,450
13.814,2026-08-05T05:45:56.320259+00:00,right_elbow_flex,2097,2137,40,37,6,94
13.814,2026-08-05T05:45:56.320259+00:00,right_wrist_flex,1976,1984,8,34,1,30
13.814,2026-08-05T05:45:56.320259+00:00,right_wrist_roll,2114,2111,-3,34,0,1044
13.814,2026-08-05T05:45:56.320259+00:00,right_gripper,2457,2462,5,37,0,24
13.864,2026-08-05T05:45:56.372044+00:00,left_shoulder_pan,1857,1851,-6,37,1,1060
13.864,2026-08-05T05:45:56.372044+00:00,left_shoulder_lift,2389,2420,31,36,9,136
13.864,2026-08-05T05:45:56.372044+00:00,left_elbow_flex,1629,1635,6,34,1,36
13.864,2026-08-05T05:45:56.372044+00:00,left_wrist_flex,2169,2170,1,34,0,0
13.864,2026-08-05T05:45:56.372044+00:00,left_wrist_roll,1989,1987,-2,34,0,1044
13.864,2026-08-05T05:45:56.372044+00:00,left_gripper,2014,2014,0,36,0,0
13.864,2026-08-05T05:45:56.372044+00:00,right_shoulder_pan,1775,1785,10,37,1,30
13.864,2026-08-05T05:45:56.372044+00:00,right_shoulder_lift,2028,2248,220,35,96,450
13.864,2026-08-05T05:45:56.372044+00:00,right_elbow_flex,2097,2137,40,37,6,94
13.864,2026-08-05T05:45:56.372044+00:00,right_wrist_flex,1976,1984,8,35,0,30
13.864,2026-08-05T05:45:56.372044+00:00,right_wrist_roll,2114,2111,-3,34,1,1044
13.864,2026-08-05T05:45:56.372044+00:00,right_gripper,2457,2462,5,37,0,24
13.914,2026-08-05T05:45:56.420123+00:00,left_shoulder_pan,1857,1851,-6,37,1,1060
13.914,2026-08-05T05:45:56.420123+00:00,left_shoulder_lift,2389,2420,31,36,9,136
13.914,2026-08-05T05:45:56.420123+00:00,left_elbow_flex,1629,1635,6,34,1,36
13.914,2026-08-05T05:45:56.420123+00:00,left_wrist_flex,2169,2170,1,34,0,0
13.914,2026-08-05T05:45:56.420123+00:00,left_wrist_roll,1989,1987,-2,34,1,1044
13.914,2026-08-05T05:45:56.420123+00:00,left_gripper,2014,2014,0,36,0,0
13.914,2026-08-05T05:45:56.420123+00:00,right_shoulder_pan,1774,1784,10,37,1,34
13.914,2026-08-05T05:45:56.420123+00:00,right_shoulder_lift,2035,2248,213,35,89,444
13.914,2026-08-05T05:45:56.420123+00:00,right_elbow_flex,2097,2137,40,37,6,94
13.914,2026-08-05T05:45:56.420123+00:00,right_wrist_flex,1976,1984,8,35,0,30
13.914,2026-08-05T05:45:56.420123+00:00,right_wrist_roll,2114,2111,-3,34,1,1044
13.914,2026-08-05T05:45:56.420123+00:00,right_gripper,2457,2462,5,38,0,24
13.964,2026-08-05T05:45:56.470745+00:00,left_shoulder_pan,1857,1851,-6,37,1,1060
13.964,2026-08-05T05:45:56.470745+00:00,left_shoulder_lift,2389,2420,31,36,9,136
13.964,2026-08-05T05:45:56.470745+00:00,left_elbow_flex,1629,1635,6,34,0,36
13.964,2026-08-05T05:45:56.470745+00:00,left_wrist_flex,2169,2170,1,34,0,0
13.964,2026-08-05T05:45:56.470745+00:00,left_wrist_roll,1989,1987,-2,34,0,1044
13.964,2026-08-05T05:45:56.470745+00:00,left_gripper,2014,2014,0,36,0,0
13.964,2026-08-05T05:45:56.470745+00:00,right_shoulder_pan,1774,1784,10,37,1,34
13.964,2026-08-05T05:45:56.470745+00:00,right_shoulder_lift,2043,2248,205,35,85,434
13.964,2026-08-05T05:45:56.470745+00:00,right_elbow_flex,2097,2137,40,37,6,94
13.964,2026-08-05T05:45:56.470745+00:00,right_wrist_flex,1976,1984,8,34,1,30
13.964,2026-08-05T05:45:56.470745+00:00,right_wrist_roll,2114,2111,-3,34,0,1044
13.964,2026-08-05T05:45:56.470745+00:00,right_gripper,2457,2462,5,37,0,24
14.014,2026-08-05T05:45:56.520802+00:00,left_shoulder_pan,1857,1851,-6,37,1,1060
14.014,2026-08-05T05:45:56.520802+00:00,left_shoulder_lift,2389,2420,31,36,10,136
14.014,2026-08-05T05:45:56.520802+00:00,left_elbow_flex,1629,1635,6,34,1,36
14.014,2026-08-05T05:45:56.520802+00:00,left_wrist_flex,2169,2170,1,34,0,0
14.014,2026-08-05T05:45:56.520802+00:00,left_wrist_roll,1989,1987,-2,34,0,1044
14.014,2026-08-05T05:45:56.520802+00:00,left_gripper,2014,2014,0,36,0,0
14.014,2026-08-05T05:45:56.520802+00:00,right_shoulder_pan,1774,1784,10,37,1,34
14.014,2026-08-05T05:45:56.520802+00:00,right_shoulder_lift,2051,2248,197,35,76,414
14.014,2026-08-05T05:45:56.520802+00:00,right_elbow_flex,2097,2137,40,37,6,94
14.014,2026-08-05T05:45:56.520802+00:00,right_wrist_flex,1976,1984,8,35,0,30
14.014,2026-08-05T05:45:56.520802+00:00,right_wrist_roll,2114,2111,-3,34,0,1044
14.014,2026-08-05T05:45:56.520802+00:00,right_gripper,2457,2462,5,37,1,24
14.064,2026-08-05T05:45:56.572181+00:00,left_shoulder_pan,1857,1851,-6,37,1,1060
14.064,2026-08-05T05:45:56.572181+00:00,left_shoulder_lift,2389,2420,31,36,11,136
14.064,2026-08-05T05:45:56.572181+00:00,left_elbow_flex,1629,1635,6,34,1,36
14.064,2026-08-05T05:45:56.572181+00:00,left_wrist_flex,2169,2170,1,34,0,0
14.064,2026-08-05T05:45:56.572181+00:00,left_wrist_roll,1989,1987,-2,34,0,1044
14.064,2026-08-05T05:45:56.572181+00:00,left_gripper,2014,2014,0,36,0,0
14.064,2026-08-05T05:45:56.572181+00:00,right_shoulder_pan,1774,1785,11,37,1,40
14.064,2026-08-05T05:45:56.572181+00:00,right_shoulder_lift,2059,2248,189,35,69,398
14.064,2026-08-05T05:45:56.572181+00:00,right_elbow_flex,2097,2137,40,37,5,94
14.064,2026-08-05T05:45:56.572181+00:00,right_wrist_flex,1976,1984,8,34,1,30
14.064,2026-08-05T05:45:56.572181+00:00,right_wrist_roll,2114,2111,-3,34,0,1044
14.064,2026-08-05T05:45:56.572181+00:00,right_gripper,2457,2462,5,37,0,24
14.114,2026-08-05T05:45:56.622121+00:00,left_shoulder_pan,1857,1851,-6,37,1,1060
14.114,2026-08-05T05:45:56.622121+00:00,left_shoulder_lift,2389,2420,31,36,8,136
14.114,2026-08-05T05:45:56.622121+00:00,left_elbow_flex,1629,1635,6,34,1,36
14.114,2026-08-05T05:45:56.622121+00:00,left_wrist_flex,2169,2170,1,34,0,0
14.114,2026-08-05T05:45:56.622121+00:00,left_wrist_roll,1989,1987,-2,34,1,1044
14.114,2026-08-05T05:45:56.622121+00:00,left_gripper,2014,2014,0,36,0,0
14.114,2026-08-05T05:45:56.622121+00:00,right_shoulder_pan,1775,1785,10,37,1,36
14.114,2026-08-05T05:45:56.622121+00:00,right_shoulder_lift,2067,2248,181,35,66,378
14.114,2026-08-05T05:45:56.622121+00:00,right_elbow_flex,2097,2137,40,37,6,94
14.114,2026-08-05T05:45:56.622121+00:00,right_wrist_flex,1976,1984,8,35,1,30
14.114,2026-08-05T05:45:56.622121+00:00,right_wrist_roll,2114,2111,-3,34,1,1044
14.114,2026-08-05T05:45:56.622121+00:00,right_gripper,2457,2462,5,37,1,24
14.164,2026-08-05T05:45:56.672659+00:00,left_shoulder_pan,1857,1851,-6,37,1,1060
14.164,2026-08-05T05:45:56.672659+00:00,left_shoulder_lift,2389,2420,31,36,8,136
14.164,2026-08-05T05:45:56.672659+00:00,left_elbow_flex,1629,1635,6,34,0,36
14.164,2026-08-05T05:45:56.672659+00:00,left_wrist_flex,2169,2170,1,34,0,0
14.164,2026-08-05T05:45:56.672659+00:00,left_wrist_roll,1989,1987,-2,34,1,1044
14.164,2026-08-05T05:45:56.672659+00:00,left_gripper,2014,2014,0,36,0,0
14.164,2026-08-05T05:45:56.672659+00:00,right_shoulder_pan,1776,1786,10,37,1,40
14.164,2026-08-05T05:45:56.672659+00:00,right_shoulder_lift,2075,2248,173,35,60,366
14.164,2026-08-05T05:45:56.672659+00:00,right_elbow_flex,2097,2137,40,37,6,94
14.164,2026-08-05T05:45:56.672659+00:00,right_wrist_flex,1976,1984,8,34,0,30
14.164,2026-08-05T05:45:56.672659+00:00,right_wrist_roll,2114,2111,-3,34,1,1044
14.164,2026-08-05T05:45:56.672659+00:00,right_gripper,2457,2462,5,37,1,24
14.214,2026-08-05T05:45:56.721161+00:00,left_shoulder_pan,1857,1851,-6,37,1,1060
14.214,2026-08-05T05:45:56.721161+00:00,left_shoulder_lift,2389,2420,31,36,8,136
14.214,2026-08-05T05:45:56.721161+00:00,left_elbow_flex,1629,1635,6,34,1,36
14.214,2026-08-05T05:45:56.721161+00:00,left_wrist_flex,2169,2170,1,34,0,0
14.214,2026-08-05T05:45:56.721161+00:00,left_wrist_roll,1989,1987,-2,34,1,1044
14.214,2026-08-05T05:45:56.721161+00:00,left_gripper,2014,2014,0,36,0,0
14.214,2026-08-05T05:45:56.721161+00:00,right_shoulder_pan,1777,1786,9,37,1,30
14.214,2026-08-05T05:45:56.721161+00:00,right_shoulder_lift,2083,2248,165,35,53,346
14.214,2026-08-05T05:45:56.721161+00:00,right_elbow_flex,2097,2137,40,37,7,94
14.214,2026-08-05T05:45:56.721161+00:00,right_wrist_flex,1976,1984,8,34,1,30
14.214,2026-08-05T05:45:56.721161+00:00,right_wrist_roll,2114,2111,-3,34,1,1044
14.214,2026-08-05T05:45:56.721161+00:00,right_gripper,2457,2462,5,37,1,24
14.265,2026-08-05T05:45:56.771162+00:00,left_shoulder_pan,1857,1851,-6,37,1,1060
14.265,2026-08-05T05:45:56.771162+00:00,left_shoulder_lift,2389,2420,31,36,8,136
14.265,2026-08-05T05:45:56.771162+00:00,left_elbow_flex,1629,1635,6,34,1,36
14.265,2026-08-05T05:45:56.771162+00:00,left_wrist_flex,2169,2170,1,34,0,0
14.265,2026-08-05T05:45:56.771162+00:00,left_wrist_roll,1989,1987,-2,34,0,1044
14.265,2026-08-05T05:45:56.771162+00:00,left_gripper,2014,2014,0,37,0,0
14.265,2026-08-05T05:45:56.771162+00:00,right_shoulder_pan,1778,1785,7,37,0,26
14.265,2026-08-05T05:45:56.771162+00:00,right_shoulder_lift,2090,2248,158,35,45,334
14.265,2026-08-05T05:45:56.771162+00:00,right_elbow_flex,2097,2137,40,37,6,94
14.265,2026-08-05T05:45:56.771162+00:00,right_wrist_flex,1976,1984,8,35,0,30
14.265,2026-08-05T05:45:56.771162+00:00,right_wrist_roll,2114,2111,-3,34,0,1044
14.265,2026-08-05T05:45:56.771162+00:00,right_gripper,2457,2462,5,37,0,24
14.315,2026-08-05T05:45:56.821200+00:00,left_shoulder_pan,1857,1851,-6,37,1,1060
14.315,2026-08-05T05:45:56.821200+00:00,left_shoulder_lift,2389,2420,31,36,10,136
14.315,2026-08-05T05:45:56.821200+00:00,left_elbow_flex,1629,1635,6,34,1,36
14.315,2026-08-05T05:45:56.821200+00:00,left_wrist_flex,2169,2170,1,34,0,0
14.315,2026-08-05T05:45:56.821200+00:00,left_wrist_roll,1989,1987,-2,34,0,1044
14.315,2026-08-05T05:45:56.821200+00:00,left_gripper,2014,2014,0,37,0,0
14.315,2026-08-05T05:45:56.821200+00:00,right_shoulder_pan,1780,1785,5,37,1,24
14.315,2026-08-05T05:45:56.821200+00:00,right_shoulder_lift,2098,2248,150,35,48,316
14.315,2026-08-05T05:45:56.821200+00:00,right_elbow_flex,2097,2137,40,37,6,94
14.315,2026-08-05T05:45:56.821200+00:00,right_wrist_flex,1976,1984,8,35,1,30
14.315,2026-08-05T05:45:56.821200+00:00,right_wrist_roll,2114,2111,-3,34,1,1044
14.315,2026-08-05T05:45:56.821200+00:00,right_gripper,2457,2462,5,37,1,24
14.365,2026-08-05T05:45:56.872454+00:00,left_shoulder_pan,1857,1851,-6,37,2,1060
14.365,2026-08-05T05:45:56.872454+00:00,left_shoulder_lift,2389,2420,31,36,10,136
14.365,2026-08-05T05:45:56.872454+00:00,left_elbow_flex,1629,1635,6,34,1,36
14.365,2026-08-05T05:45:56.872454+00:00,left_wrist_flex,2169,2170,1,34,0,0
14.365,2026-08-05T05:45:56.872454+00:00,left_wrist_roll,1989,1987,-2,34,1,1044
14.365,2026-08-05T05:45:56.872454+00:00,left_gripper,2014,2014,0,36,0,0
14.365,2026-08-05T05:45:56.872454+00:00,right_shoulder_pan,1782,1785,3,37,0,20
14.365,2026-08-05T05:45:56.872454+00:00,right_shoulder_lift,2106,2248,142,35,37,304
14.365,2026-08-05T05:45:56.872454+00:00,right_elbow_flex,2097,2137,40,37,6,94
14.365,2026-08-05T05:45:56.872454+00:00,right_wrist_flex,1976,1984,8,35,1,30
14.365,2026-08-05T05:45:56.872454+00:00,right_wrist_roll,2114,2111,-3,34,0,1044
14.365,2026-08-05T05:45:56.872454+00:00,right_gripper,2457,2462,5,37,0,24
14.415,2026-08-05T05:45:56.921416+00:00,left_shoulder_pan,1857,1851,-6,37,1,1060
14.415,2026-08-05T05:45:56.921416+00:00,left_shoulder_lift,2389,2420,31,36,8,136
14.415,2026-08-05T05:45:56.921416+00:00,left_elbow_flex,1629,1635,6,34,1,36
14.415,2026-08-05T05:45:56.921416+00:00,left_wrist_flex,2169,2170,1,34,0,0
14.415,2026-08-05T05:45:56.921416+00:00,left_wrist_roll,1989,1987,-2,34,0,1044
14.415,2026-08-05T05:45:56.921416+00:00,left_gripper,2014,2014,0,36,0,0
14.415,2026-08-05T05:45:56.921416+00:00,right_shoulder_pan,1785,1785,0,37,0,20
14.415,2026-08-05T05:45:56.921416+00:00,right_shoulder_lift,2113,2248,135,35,36,284
14.415,2026-08-05T05:45:56.921416+00:00,right_elbow_flex,2097,2137,40,37,5,94
14.415,2026-08-05T05:45:56.921416+00:00,right_wrist_flex,1976,1984,8,34,1,30
14.415,2026-08-05T05:45:56.921416+00:00,right_wrist_roll,2114,2111,-3,34,0,1044
14.415,2026-08-05T05:45:56.921416+00:00,right_gripper,2457,2462,5,37,0,24
14.465,2026-08-05T05:45:56.972608+00:00,left_shoulder_pan,1857,1851,-6,37,1,1060
14.465,2026-08-05T05:45:56.972608+00:00,left_shoulder_lift,2389,2420,31,36,9,136
14.465,2026-08-05T05:45:56.972608+00:00,left_elbow_flex,1629,1635,6,34,1,36
14.465,2026-08-05T05:45:56.972608+00:00,left_wrist_flex,2169,2170,1,34,0,0
14.465,2026-08-05T05:45:56.972608+00:00,left_wrist_roll,1989,1987,-2,33,0,1044
14.465,2026-08-05T05:45:56.972608+00:00,left_gripper,2014,2014,0,36,0,0
14.465,2026-08-05T05:45:56.972608+00:00,right_shoulder_pan,1787,1785,-2,37,0,0
14.465,2026-08-05T05:45:56.972608+00:00,right_shoulder_lift,2120,2248,128,35,30,278
14.465,2026-08-05T05:45:56.972608+00:00,right_elbow_flex,2097,2137,40,37,6,94
14.465,2026-08-05T05:45:56.972608+00:00,right_wrist_flex,1976,1984,8,34,0,30
14.465,2026-08-05T05:45:56.972608+00:00,right_wrist_roll,2114,2111,-3,34,1,1044
14.465,2026-08-05T05:45:56.972608+00:00,right_gripper,2457,2462,5,37,0,24
14.515,2026-08-05T05:45:57.021603+00:00,left_shoulder_pan,1857,1851,-6,37,1,1060
14.515,2026-08-05T05:45:57.021603+00:00,left_shoulder_lift,2389,2420,31,36,9,136
14.515,2026-08-05T05:45:57.021603+00:00,left_elbow_flex,1629,1635,6,34,1,36
14.515,2026-08-05T05:45:57.021603+00:00,left_wrist_flex,2169,2170,1,34,0,0
14.515,2026-08-05T05:45:57.021603+00:00,left_wrist_roll,1989,1987,-2,34,0,1044
14.515,2026-08-05T05:45:57.021603+00:00,left_gripper,2014,2014,0,36,0,0
14.515,2026-08-05T05:45:57.021603+00:00,right_shoulder_pan,1790,1786,-4,37,0,0
14.515,2026-08-05T05:45:57.021603+00:00,right_shoulder_lift,2128,2248,120,35,29,260
14.515,2026-08-05T05:45:57.021603+00:00,right_elbow_flex,2097,2137,40,36,5,94
14.515,2026-08-05T05:45:57.021603+00:00,right_wrist_flex,1976,1984,8,34,0,30
14.515,2026-08-05T05:45:57.021603+00:00,right_wrist_roll,2114,2111,-3,34,0,1044
14.515,2026-08-05T05:45:57.021603+00:00,right_gripper,2457,2462,5,37,1,24
14.565,2026-08-05T05:45:57.072469+00:00,left_shoulder_pan,1857,1851,-6,37,1,1060
14.565,2026-08-05T05:45:57.072469+00:00,left_shoulder_lift,2389,2420,31,36,10,136
14.565,2026-08-05T05:45:57.072469+00:00,left_elbow_flex,1629,1635,6,34,1,36
14.565,2026-08-05T05:45:57.072469+00:00,left_wrist_flex,2169,2170,1,34,0,0
14.565,2026-08-05T05:45:57.072469+00:00,left_wrist_roll,1989,1987,-2,34,0,1044
14.565,2026-08-05T05:45:57.072469+00:00,left_gripper,2014,2014,0,36,0,0
14.565,2026-08-05T05:45:57.072469+00:00,right_shoulder_pan,1793,1786,-7,37,0,1050
14.565,2026-08-05T05:45:57.072469+00:00,right_shoulder_lift,2135,2248,113,35,30,244
14.565,2026-08-05T05:45:57.072469+00:00,right_elbow_flex,2097,2137,40,37,6,94
14.565,2026-08-05T05:45:57.072469+00:00,right_wrist_flex,1976,1984,8,34,0,30
14.565,2026-08-05T05:45:57.072469+00:00,right_wrist_roll,2114,2111,-3,34,0,1044
14.565,2026-08-05T05:45:57.072469+00:00,right_gripper,2457,2462,5,37,1,24
14.615,2026-08-05T05:45:57.121977+00:00,left_shoulder_pan,1857,1851,-6,37,1,1060
14.615,2026-08-05T05:45:57.121977+00:00,left_shoulder_lift,2389,2420,31,36,10,136
14.615,2026-08-05T05:45:57.121977+00:00,left_elbow_flex,1629,1635,6,34,1,36
14.615,2026-08-05T05:45:57.121977+00:00,left_wrist_flex,2169,2170,1,34,0,0
14.615,2026-08-05T05:45:57.121977+00:00,left_wrist_roll,1989,1987,-2,34,1,1044
14.615,2026-08-05T05:45:57.121977+00:00,left_gripper,2014,2014,0,36,0,0
14.615,2026-08-05T05:45:57.121977+00:00,right_shoulder_pan,1797,1786,-11,37,1,1056
14.615,2026-08-05T05:45:57.121977+00:00,right_shoulder_lift,2142,2248,106,35,28,230
14.615,2026-08-05T05:45:57.121977+00:00,right_elbow_flex,2097,2137,40,37,7,94
14.615,2026-08-05T05:45:57.121977+00:00,right_wrist_flex,1976,1984,8,34,1,30
14.615,2026-08-05T05:45:57.121977+00:00,right_wrist_roll,2114,2111,-3,34,0,1044
14.615,2026-08-05T05:45:57.121977+00:00,right_gripper,2457,2462,5,37,0,24
14.665,2026-08-05T05:45:57.171907+00:00,left_shoulder_pan,1857,1851,-6,37,0,1060
14.665,2026-08-05T05:45:57.171907+00:00,left_shoulder_lift,2389,2420,31,36,8,136
14.665,2026-08-05T05:45:57.171907+00:00,left_elbow_flex,1629,1635,6,34,0,36
14.665,2026-08-05T05:45:57.171907+00:00,left_wrist_flex,2169,2170,1,34,0,0
14.665,2026-08-05T05:45:57.171907+00:00,left_wrist_roll,1989,1987,-2,34,0,1044
14.665,2026-08-05T05:45:57.171907+00:00,left_gripper,2014,2014,0,37,0,0
14.665,2026-08-05T05:45:57.171907+00:00,right_shoulder_pan,1801,1786,-15,37,1,1064
14.665,2026-08-05T05:45:57.171907+00:00,right_shoulder_lift,2149,2248,99,35,22,220
14.665,2026-08-05T05:45:57.171907+00:00,right_elbow_flex,2097,2137,40,37,6,94
14.665,2026-08-05T05:45:57.171907+00:00,right_wrist_flex,1976,1984,8,34,1,30
14.665,2026-08-05T05:45:57.171907+00:00,right_wrist_roll,2114,2111,-3,34,1,1044
14.665,2026-08-05T05:45:57.171907+00:00,right_gripper,2457,2462,5,37,1,24
14.715,2026-08-05T05:45:57.221909+00:00,left_shoulder_pan,1857,1851,-6,37,1,1060
14.715,2026-08-05T05:45:57.221909+00:00,left_shoulder_lift,2389,2420,31,36,8,136
14.715,2026-08-05T05:45:57.221909+00:00,left_elbow_flex,1629,1635,6,34,1,36
14.715,2026-08-05T05:45:57.221909+00:00,left_wrist_flex,2169,2170,1,34,0,0
14.715,2026-08-05T05:45:57.221909+00:00,left_wrist_roll,1989,1987,-2,34,1,1044
14.715,2026-08-05T05:45:57.221909+00:00,left_gripper,2014,2014,0,37,0,0
14.715,2026-08-05T05:45:57.221909+00:00,right_shoulder_pan,1805,1786,-19,37,0,1072
14.715,2026-08-05T05:45:57.221909+00:00,right_shoulder_lift,2156,2248,92,35,16,202
14.715,2026-08-05T05:45:57.221909+00:00,right_elbow_flex,2097,2137,40,37,6,94
14.715,2026-08-05T05:45:57.221909+00:00,right_wrist_flex,1976,1984,8,35,1,30
14.715,2026-08-05T05:45:57.221909+00:00,right_wrist_roll,2114,2111,-3,34,0,1044
14.715,2026-08-05T05:45:57.221909+00:00,right_gripper,2457,2462,5,37,0,24
14.765,2026-08-05T05:45:57.271962+00:00,left_shoulder_pan,1857,1851,-6,37,1,1060
14.765,2026-08-05T05:45:57.271962+00:00,left_shoulder_lift,2389,2420,31,36,9,136
14.765,2026-08-05T05:45:57.271962+00:00,left_elbow_flex,1629,1635,6,34,1,36
14.765,2026-08-05T05:45:57.271962+00:00,left_wrist_flex,2169,2170,1,34,0,0
14.765,2026-08-05T05:45:57.271962+00:00,left_wrist_roll,1989,1987,-2,34,0,1044
14.765,2026-08-05T05:45:57.271962+00:00,left_gripper,2014,2014,0,36,0,0
14.765,2026-08-05T05:45:57.271962+00:00,right_shoulder_pan,1809,1787,-22,37,2,1074
14.765,2026-08-05T05:45:57.271962+00:00,right_shoulder_lift,2162,2248,86,35,17,192
14.765,2026-08-05T05:45:57.271962+00:00,right_elbow_flex,2097,2137,40,37,6,94
14.765,2026-08-05T05:45:57.271962+00:00,right_wrist_flex,1976,1984,8,34,0,30
14.765,2026-08-05T05:45:57.271962+00:00,right_wrist_roll,2114,2111,-3,34,0,1044
14.765,2026-08-05T05:45:57.271962+00:00,right_gripper,2457,2462,5,37,1,24
14.815,2026-08-05T05:45:57.321974+00:00,left_shoulder_pan,1857,1851,-6,37,1,1060
14.815,2026-08-05T05:45:57.321974+00:00,left_shoulder_lift,2389,2420,31,36,8,136
14.815,2026-08-05T05:45:57.321974+00:00,left_elbow_flex,1629,1635,6,34,1,36
14.815,2026-08-05T05:45:57.321974+00:00,left_wrist_flex,2169,2170,1,34,0,0
14.815,2026-08-05T05:45:57.321974+00:00,left_wrist_roll,1989,1987,-2,34,0,1044
14.815,2026-08-05T05:45:57.321974+00:00,left_gripper,2014,2014,0,36,0,0
14.815,2026-08-05T05:45:57.321974+00:00,right_shoulder_pan,1814,1789,-25,37,2,1082
14.815,2026-08-05T05:45:57.321974+00:00,right_shoulder_lift,2169,2248,79,35,14,174
14.815,2026-08-05T05:45:57.321974+00:00,right_elbow_flex,2097,2137,40,37,6,94
14.815,2026-08-05T05:45:57.321974+00:00,right_wrist_flex,1976,1984,8,34,1,30
14.815,2026-08-05T05:45:57.321974+00:00,right_wrist_roll,2114,2111,-3,34,0,1044
14.815,2026-08-05T05:45:57.321974+00:00,right_gripper,2457,2462,5,37,1,24
14.866,2026-08-05T05:45:57.372036+00:00,left_shoulder_pan,1857,1851,-6,37,1,1060
14.866,2026-08-05T05:45:57.372036+00:00,left_shoulder_lift,2389,2420,31,36,8,136
14.866,2026-08-05T05:45:57.372036+00:00,left_elbow_flex,1629,1635,6,34,1,36
14.866,2026-08-05T05:45:57.372036+00:00,left_wrist_flex,2169,2170,1,34,0,0
14.866,2026-08-05T05:45:57.372036+00:00,left_wrist_roll,1989,1987,-2,34,0,1044
14.866,2026-08-05T05:45:57.372036+00:00,left_gripper,2014,2014,0,37,0,0
14.866,2026-08-05T05:45:57.372036+00:00,right_shoulder_pan,1818,1793,-25,37,1,1084
14.866,2026-08-05T05:45:57.372036+00:00,right_shoulder_lift,2175,2248,73,35,14,162
14.866,2026-08-05T05:45:57.372036+00:00,right_elbow_flex,2097,2137,40,37,6,94
14.866,2026-08-05T05:45:57.372036+00:00,right_wrist_flex,1976,1984,8,34,1,30
14.866,2026-08-05T05:45:57.372036+00:00,right_wrist_roll,2114,2111,-3,34,0,1044
14.866,2026-08-05T05:45:57.372036+00:00,right_gripper,2457,2462,5,37,1,24
14.916,2026-08-05T05:45:57.423541+00:00,left_shoulder_pan,1857,1851,-6,37,1,1060
14.916,2026-08-05T05:45:57.423541+00:00,left_shoulder_lift,2389,2420,31,36,9,136
14.916,2026-08-05T05:45:57.423541+00:00,left_elbow_flex,1629,1635,6,34,1,36
14.916,2026-08-05T05:45:57.423541+00:00,left_wrist_flex,2169,2170,1,34,0,0
14.916,2026-08-05T05:45:57.423541+00:00,left_wrist_roll,1989,1987,-2,34,0,1044
14.916,2026-08-05T05:45:57.423541+00:00,left_gripper,2014,2014,0,36,0,0
14.916,2026-08-05T05:45:57.423541+00:00,right_shoulder_pan,1824,1797,-27,37,1,1082
14.916,2026-08-05T05:45:57.423541+00:00,right_shoulder_lift,2181,2248,67,35,10,152
14.916,2026-08-05T05:45:57.423541+00:00,right_elbow_flex,2097,2137,40,37,5,94
14.916,2026-08-05T05:45:57.423541+00:00,right_wrist_flex,1976,1984,8,34,0,30
14.916,2026-08-05T05:45:57.423541+00:00,right_wrist_roll,2114,2111,-3,34,0,1044
14.916,2026-08-05T05:45:57.423541+00:00,right_gripper,2457,2462,5,37,0,24
14.966,2026-08-05T05:45:57.472757+00:00,left_shoulder_pan,1857,1851,-6,37,1,1060
14.966,2026-08-05T05:45:57.472757+00:00,left_shoulder_lift,2389,2420,31,36,10,136
14.966,2026-08-05T05:45:57.472757+00:00,left_elbow_flex,1629,1635,6,34,1,36
14.966,2026-08-05T05:45:57.472757+00:00,left_wrist_flex,2169,2170,1,34,0,0
14.966,2026-08-05T05:45:57.472757+00:00,left_wrist_roll,1989,1987,-2,34,0,1044
14.966,2026-08-05T05:45:57.472757+00:00,left_gripper,2014,2014,0,36,0,0
14.966,2026-08-05T05:45:57.472757+00:00,right_shoulder_pan,1829,1802,-27,37,1,1084
14.966,2026-08-05T05:45:57.472757+00:00,right_shoulder_lift,2187,2248,61,35,7,136
14.966,2026-08-05T05:45:57.472757+00:00,right_elbow_flex,2097,2137,40,37,6,94
14.966,2026-08-05T05:45:57.472757+00:00,right_wrist_flex,1976,1984,8,35,1,30
14.966,2026-08-05T05:45:57.472757+00:00,right_wrist_roll,2114,2111,-3,34,0,1044
14.966,2026-08-05T05:45:57.472757+00:00,right_gripper,2457,2462,5,37,0,24
15.016,2026-08-05T05:45:57.522368+00:00,left_shoulder_pan,1857,1851,-6,37,1,1060
15.016,2026-08-05T05:45:57.522368+00:00,left_shoulder_lift,2389,2420,31,36,9,136
15.016,2026-08-05T05:45:57.522368+00:00,left_elbow_flex,1629,1635,6,34,0,36
15.016,2026-08-05T05:45:57.522368+00:00,left_wrist_flex,2169,2170,1,34,0,0
15.016,2026-08-05T05:45:57.522368+00:00,left_wrist_roll,1989,1987,-2,34,0,1044
15.016,2026-08-05T05:45:57.522368+00:00,left_gripper,2014,2014,0,37,0,0
15.016,2026-08-05T05:45:57.522368+00:00,right_shoulder_pan,1834,1808,-26,37,1,1076
15.016,2026-08-05T05:45:57.522368+00:00,right_shoulder_lift,2192,2248,56,35,7,128
15.016,2026-08-05T05:45:57.522368+00:00,right_elbow_flex,2097,2137,40,37,6,94
15.016,2026-08-05T05:45:57.522368+00:00,right_wrist_flex,1976,1984,8,34,1,30
15.016,2026-08-05T05:45:57.522368+00:00,right_wrist_roll,2114,2111,-3,34,1,1044
15.016,2026-08-05T05:45:57.522368+00:00,right_gripper,2457,2462,5,37,1,24
15.066,2026-08-05T05:45:57.574955+00:00,left_shoulder_pan,1857,1851,-6,37,1,1060
15.066,2026-08-05T05:45:57.574955+00:00,left_shoulder_lift,2389,2420,31,36,8,136
15.066,2026-08-05T05:45:57.574955+00:00,left_elbow_flex,1629,1635,6,34,1,36
15.066,2026-08-05T05:45:57.574955+00:00,left_wrist_flex,2169,2170,1,34,0,0
15.066,2026-08-05T05:45:57.574955+00:00,left_wrist_roll,1989,1987,-2,34,0,1044
15.066,2026-08-05T05:45:57.574955+00:00,left_gripper,2014,2014,0,36,0,0
15.066,2026-08-05T05:45:57.574955+00:00,right_shoulder_pan,1840,1813,-27,37,1,1082
15.066,2026-08-05T05:45:57.574955+00:00,right_shoulder_lift,2198,2248,50,35,5,118
15.066,2026-08-05T05:45:57.574955+00:00,right_elbow_flex,2097,2137,40,37,6,94
15.066,2026-08-05T05:45:57.574955+00:00,right_wrist_flex,1976,1984,8,35,1,30
15.066,2026-08-05T05:45:57.574955+00:00,right_wrist_roll,2114,2111,-3,34,0,1044
15.066,2026-08-05T05:45:57.574955+00:00,right_gripper,2457,2462,5,37,0,24
15.116,2026-08-05T05:45:57.622810+00:00,left_shoulder_pan,1857,1851,-6,37,1,1060
15.116,2026-08-05T05:45:57.622810+00:00,left_shoulder_lift,2389,2420,31,36,9,136
15.116,2026-08-05T05:45:57.622810+00:00,left_elbow_flex,1629,1635,6,34,1,36
15.116,2026-08-05T05:45:57.622810+00:00,left_wrist_flex,2169,2170,1,34,0,0
15.116,2026-08-05T05:45:57.622810+00:00,left_wrist_roll,1989,1987,-2,34,0,1044
15.116,2026-08-05T05:45:57.622810+00:00,left_gripper,2014,2014,0,37,0,0
15.116,2026-08-05T05:45:57.622810+00:00,right_shoulder_pan,1846,1819,-27,37,2,1080
15.116,2026-08-05T05:45:57.622810+00:00,right_shoulder_lift,2203,2248,45,35,6,106
15.116,2026-08-05T05:45:57.622810+00:00,right_elbow_flex,2097,2137,40,37,6,94
15.116,2026-08-05T05:45:57.622810+00:00,right_wrist_flex,1976,1984,8,34,1,30
15.116,2026-08-05T05:45:57.622810+00:00,right_wrist_roll,2114,2111,-3,34,1,1044
15.116,2026-08-05T05:45:57.622810+00:00,right_gripper,2457,2462,5,37,0,24
15.166,2026-08-05T05:45:57.672635+00:00,left_shoulder_pan,1857,1851,-6,37,1,1060
15.166,2026-08-05T05:45:57.672635+00:00,left_shoulder_lift,2389,2420,31,36,11,136
15.166,2026-08-05T05:45:57.672635+00:00,left_elbow_flex,1629,1635,6,34,1,36
15.166,2026-08-05T05:45:57.672635+00:00,left_wrist_flex,2169,2170,1,34,0,0
15.166,2026-08-05T05:45:57.672635+00:00,left_wrist_roll,1989,1987,-2,34,0,1044
15.166,2026-08-05T05:45:57.672635+00:00,left_gripper,2014,2014,0,36,0,0
15.166,2026-08-05T05:45:57.672635+00:00,right_shoulder_pan,1852,1824,-28,37,2,1090
15.166,2026-08-05T05:45:57.672635+00:00,right_shoulder_lift,2208,2248,40,35,6,96
15.166,2026-08-05T05:45:57.672635+00:00,right_elbow_flex,2097,2137,40,37,6,94
15.166,2026-08-05T05:45:57.672635+00:00,right_wrist_flex,1976,1984,8,34,1,30
15.166,2026-08-05T05:45:57.672635+00:00,right_wrist_roll,2114,2111,-3,34,1,1044
15.166,2026-08-05T05:45:57.672635+00:00,right_gripper,2457,2462,5,37,0,24
15.216,2026-08-05T05:45:57.722946+00:00,left_shoulder_pan,1857,1851,-6,37,1,1060
15.216,2026-08-05T05:45:57.722946+00:00,left_shoulder_lift,2389,2420,31,36,10,136
15.216,2026-08-05T05:45:57.722946+00:00,left_elbow_flex,1629,1635,6,34,1,36
15.216,2026-08-05T05:45:57.722946+00:00,left_wrist_flex,2169,2170,1,34,0,0
15.216,2026-08-05T05:45:57.722946+00:00,left_wrist_roll,1989,1987,-2,34,1,1044
15.216,2026-08-05T05:45:57.722946+00:00,left_gripper,2014,2014,0,37,0,0
15.216,2026-08-05T05:45:57.722946+00:00,right_shoulder_pan,1859,1830,-29,37,1,1076
15.216,2026-08-05T05:45:57.722946+00:00,right_shoulder_lift,2212,2248,36,35,5,86
15.216,2026-08-05T05:45:57.722946+00:00,right_elbow_flex,2097,2137,40,37,5,94
15.216,2026-08-05T05:45:57.722946+00:00,right_wrist_flex,1976,1984,8,34,0,30
15.216,2026-08-05T05:45:57.722946+00:00,right_wrist_roll,2114,2111,-3,34,0,1044
15.216,2026-08-05T05:45:57.722946+00:00,right_gripper,2457,2462,5,37,0,24
15.266,2026-08-05T05:45:57.772750+00:00,left_shoulder_pan,1857,1851,-6,37,1,1060
15.266,2026-08-05T05:45:57.772750+00:00,left_shoulder_lift,2389,2420,31,36,11,136
15.266,2026-08-05T05:45:57.772750+00:00,left_elbow_flex,1629,1635,6,34,1,36
15.266,2026-08-05T05:45:57.772750+00:00,left_wrist_flex,2169,2170,1,34,0,0
15.266,2026-08-05T05:45:57.772750+00:00,left_wrist_roll,1989,1987,-2,34,1,1044
15.266,2026-08-05T05:45:57.772750+00:00,left_gripper,2014,2014,0,36,0,0
15.266,2026-08-05T05:45:57.772750+00:00,right_shoulder_pan,1865,1836,-29,37,1,1086
15.266,2026-08-05T05:45:57.772750+00:00,right_shoulder_lift,2217,2248,31,35,4,82
15.266,2026-08-05T05:45:57.772750+00:00,right_elbow_flex,2097,2137,40,37,6,94
15.266,2026-08-05T05:45:57.772750+00:00,right_wrist_flex,1976,1984,8,34,1,30
15.266,2026-08-05T05:45:57.772750+00:00,right_wrist_roll,2114,2111,-3,34,1,1044
15.266,2026-08-05T05:45:57.772750+00:00,right_gripper,2457,2462,5,37,1,24
15.316,2026-08-05T05:45:57.822774+00:00,left_shoulder_pan,1857,1851,-6,37,1,1060
15.316,2026-08-05T05:45:57.822774+00:00,left_shoulder_lift,2389,2420,31,36,8,136
15.316,2026-08-05T05:45:57.822774+00:00,left_elbow_flex,1629,1635,6,34,1,36
15.316,2026-08-05T05:45:57.822774+00:00,left_wrist_flex,2169,2170,1,34,0,0
15.316,2026-08-05T05:45:57.822774+00:00,left_wrist_roll,1989,1987,-2,34,1,1044
15.316,2026-08-05T05:45:57.822774+00:00,left_gripper,2014,2014,0,36,0,0
15.316,2026-08-05T05:45:57.822774+00:00,right_shoulder_pan,1872,1842,-30,37,1,1078
15.316,2026-08-05T05:45:57.822774+00:00,right_shoulder_lift,2221,2248,27,35,3,72
15.316,2026-08-05T05:45:57.822774+00:00,right_elbow_flex,2097,2137,40,37,6,94
15.316,2026-08-05T05:45:57.822774+00:00,right_wrist_flex,1976,1984,8,34,1,30
15.316,2026-08-05T05:45:57.822774+00:00,right_wrist_roll,2114,2111,-3,34,0,1044
15.316,2026-08-05T05:45:57.822774+00:00,right_gripper,2457,2462,5,37,1,24
15.366,2026-08-05T05:45:57.873760+00:00,left_shoulder_pan,1857,1851,-6,37,1,1060
15.366,2026-08-05T05:45:57.873760+00:00,left_shoulder_lift,2389,2420,31,36,8,136
15.366,2026-08-05T05:45:57.873760+00:00,left_elbow_flex,1629,1635,6,34,1,36
15.366,2026-08-05T05:45:57.873760+00:00,left_wrist_flex,2169,2170,1,34,0,0
15.366,2026-08-05T05:45:57.873760+00:00,left_wrist_roll,1989,1987,-2,34,0,1044
15.366,2026-08-05T05:45:57.873760+00:00,left_gripper,2014,2014,0,36,0,0
15.366,2026-08-05T05:45:57.873760+00:00,right_shoulder_pan,1879,1848,-31,37,1,1082
15.366,2026-08-05T05:45:57.873760+00:00,right_shoulder_lift,2225,2248,23,35,3,64
15.366,2026-08-05T05:45:57.873760+00:00,right_elbow_flex,2097,2137,40,37,6,94
15.366,2026-08-05T05:45:57.873760+00:00,right_wrist_flex,1976,1984,8,34,0,30
15.366,2026-08-05T05:45:57.873760+00:00,right_wrist_roll,2114,2111,-3,34,0,1044
15.366,2026-08-05T05:45:57.873760+00:00,right_gripper,2457,2462,5,37,0,24
15.416,2026-08-05T05:45:57.923204+00:00,left_shoulder_pan,1857,1851,-6,37,1,1060
15.416,2026-08-05T05:45:57.923204+00:00,left_shoulder_lift,2389,2420,31,36,8,136
15.416,2026-08-05T05:45:57.923204+00:00,left_elbow_flex,1629,1635,6,34,1,36
15.416,2026-08-05T05:45:57.923204+00:00,left_wrist_flex,2169,2170,1,34,0,0
15.416,2026-08-05T05:45:57.923204+00:00,left_wrist_roll,1989,1987,-2,34,1,1044
15.416,2026-08-05T05:45:57.923204+00:00,left_gripper,2014,2014,0,36,0,0
15.416,2026-08-05T05:45:57.923204+00:00,right_shoulder_pan,1886,1855,-31,37,2,1082
15.416,2026-08-05T05:45:57.923204+00:00,right_shoulder_lift,2228,2248,20,35,1,56
15.416,2026-08-05T05:45:57.923204+00:00,right_elbow_flex,2097,2137,40,37,6,94
15.416,2026-08-05T05:45:57.923204+00:00,right_wrist_flex,1976,1984,8,34,0,30
15.416,2026-08-05T05:45:57.923204+00:00,right_wrist_roll,2114,2111,-3,34,0,1044
15.416,2026-08-05T05:45:57.923204+00:00,right_gripper,2457,2462,5,37,0,24
15.467,2026-08-05T05:45:57.973090+00:00,left_shoulder_pan,1857,1851,-6,37,1,1060
15.467,2026-08-05T05:45:57.973090+00:00,left_shoulder_lift,2389,2420,31,36,9,136
15.467,2026-08-05T05:45:57.973090+00:00,left_elbow_flex,1629,1635,6,34,1,36
15.467,2026-08-05T05:45:57.973090+00:00,left_wrist_flex,2169,2170,1,34,0,0
15.467,2026-08-05T05:45:57.973090+00:00,left_wrist_roll,1989,1987,-2,34,0,1044
15.467,2026-08-05T05:45:57.973090+00:00,left_gripper,2014,2014,0,36,0,0
15.467,2026-08-05T05:45:57.973090+00:00,right_shoulder_pan,1893,1862,-31,37,1,1084
15.467,2026-08-05T05:45:57.973090+00:00,right_shoulder_lift,2232,2248,16,35,1,46
15.467,2026-08-05T05:45:57.973090+00:00,right_elbow_flex,2097,2137,40,37,7,94
15.467,2026-08-05T05:45:57.973090+00:00,right_wrist_flex,1976,1984,8,35,0,30
15.467,2026-08-05T05:45:57.973090+00:00,right_wrist_roll,2114,2111,-3,34,0,1044
15.467,2026-08-05T05:45:57.973090+00:00,right_gripper,2457,2462,5,37,0,24
15.517,2026-08-05T05:45:58.023831+00:00,left_shoulder_pan,1857,1851,-6,37,1,1060
15.517,2026-08-05T05:45:58.023831+00:00,left_shoulder_lift,2389,2420,31,37,8,136
15.517,2026-08-05T05:45:58.023831+00:00,left_elbow_flex,1629,1635,6,34,1,36
15.517,2026-08-05T05:45:58.023831+00:00,left_wrist_flex,2169,2170,1,34,0,0
15.517,2026-08-05T05:45:58.023831+00:00,left_wrist_roll,1989,1987,-2,34,0,1044
15.517,2026-08-05T05:45:58.023831+00:00,left_gripper,2014,2014,0,36,0,0
15.517,2026-08-05T05:45:58.023831+00:00,right_shoulder_pan,1900,1869,-31,37,1,1080
15.517,2026-08-05T05:45:58.023831+00:00,right_shoulder_lift,2235,2248,13,35,1,42
15.517,2026-08-05T05:45:58.023831+00:00,right_elbow_flex,2097,2137,40,37,7,94
15.517,2026-08-05T05:45:58.023831+00:00,right_wrist_flex,1976,1984,8,34,1,30
15.517,2026-08-05T05:45:58.023831+00:00,right_wrist_roll,2114,2111,-3,34,1,1044
15.517,2026-08-05T05:45:58.023831+00:00,right_gripper,2457,2462,5,38,0,24
15.567,2026-08-05T05:45:58.075580+00:00,left_shoulder_pan,1857,1851,-6,37,2,1060
15.567,2026-08-05T05:45:58.075580+00:00,left_shoulder_lift,2389,2420,31,36,10,136
15.567,2026-08-05T05:45:58.075580+00:00,left_elbow_flex,1629,1635,6,34,0,36
15.567,2026-08-05T05:45:58.075580+00:00,left_wrist_flex,2169,2170,1,34,0,0
15.567,2026-08-05T05:45:58.075580+00:00,left_wrist_roll,1989,1987,-2,34,0,1044
15.567,2026-08-05T05:45:58.075580+00:00,left_gripper,2014,2014,0,36,0,0
15.567,2026-08-05T05:45:58.075580+00:00,right_shoulder_pan,1907,1876,-31,37,1,1080
15.567,2026-08-05T05:45:58.075580+00:00,right_shoulder_lift,2238,2248,10,35,1,32
15.567,2026-08-05T05:45:58.075580+00:00,right_elbow_flex,2097,2137,40,37,6,94
15.567,2026-08-05T05:45:58.075580+00:00,right_wrist_flex,1976,1984,8,34,0,30
15.567,2026-08-05T05:45:58.075580+00:00,right_wrist_roll,2114,2111,-3,34,1,1044
15.567,2026-08-05T05:45:58.075580+00:00,right_gripper,2457,2462,5,37,1,24
15.618,2026-08-05T05:45:58.124390+00:00,left_shoulder_pan,1857,1851,-6,37,1,1060
15.618,2026-08-05T05:45:58.124390+00:00,left_shoulder_lift,2389,2420,31,36,8,136
15.618,2026-08-05T05:45:58.124390+00:00,left_elbow_flex,1629,1635,6,34,1,36
15.618,2026-08-05T05:45:58.124390+00:00,left_wrist_flex,2169,2170,1,34,0,0
15.618,2026-08-05T05:45:58.124390+00:00,left_wrist_roll,1989,1987,-2,34,0,1044
15.618,2026-08-05T05:45:58.124390+00:00,left_gripper,2014,2014,0,36,0,0
15.618,2026-08-05T05:45:58.124390+00:00,right_shoulder_pan,1915,1882,-33,37,1,1084
15.618,2026-08-05T05:45:58.124390+00:00,right_shoulder_lift,2240,2248,8,35,1,30
15.618,2026-08-05T05:45:58.124390+00:00,right_elbow_flex,2097,2137,40,37,6,94
15.618,2026-08-05T05:45:58.124390+00:00,right_wrist_flex,1976,1984,8,34,0,30
15.618,2026-08-05T05:45:58.124390+00:00,right_wrist_roll,2114,2111,-3,34,0,1044
15.618,2026-08-05T05:45:58.124390+00:00,right_gripper,2457,2462,5,37,1,24
15.668,2026-08-05T05:45:58.174542+00:00,left_shoulder_pan,1857,1851,-6,37,1,1060
15.668,2026-08-05T05:45:58.174542+00:00,left_shoulder_lift,2389,2420,31,36,8,136
15.668,2026-08-05T05:45:58.174542+00:00,left_elbow_flex,1629,1635,6,34,1,36
15.668,2026-08-05T05:45:58.174542+00:00,left_wrist_flex,2169,2170,1,34,0,0
15.668,2026-08-05T05:45:58.174542+00:00,left_wrist_roll,1989,1987,-2,34,0,1044
15.668,2026-08-05T05:45:58.174542+00:00,left_gripper,2014,2014,0,36,0,0
15.668,2026-08-05T05:45:58.174542+00:00,right_shoulder_pan,1922,1888,-34,37,1,1088
15.668,2026-08-05T05:45:58.174542+00:00,right_shoulder_lift,2242,2248,6,35,0,26
15.668,2026-08-05T05:45:58.174542+00:00,right_elbow_flex,2097,2137,40,37,6,94
15.668,2026-08-05T05:45:58.174542+00:00,right_wrist_flex,1976,1984,8,34,0,30
15.668,2026-08-05T05:45:58.174542+00:00,right_wrist_roll,2114,2111,-3,34,0,1044
15.668,2026-08-05T05:45:58.174542+00:00,right_gripper,2457,2462,5,38,0,24
15.718,2026-08-05T05:45:58.224514+00:00,left_shoulder_pan,1857,1851,-6,37,1,1060
15.718,2026-08-05T05:45:58.224514+00:00,left_shoulder_lift,2389,2420,31,36,10,136
15.718,2026-08-05T05:45:58.224514+00:00,left_elbow_flex,1629,1635,6,34,1,36
15.718,2026-08-05T05:45:58.224514+00:00,left_wrist_flex,2169,2170,1,34,0,0
15.718,2026-08-05T05:45:58.224514+00:00,left_wrist_roll,1989,1987,-2,34,1,1044
15.718,2026-08-05T05:45:58.224514+00:00,left_gripper,2014,2014,0,36,0,0
15.718,2026-08-05T05:45:58.224514+00:00,right_shoulder_pan,1930,1895,-35,37,1,1088
15.718,2026-08-05T05:45:58.224514+00:00,right_shoulder_lift,2244,2248,4,35,0,26
15.718,2026-08-05T05:45:58.224514+00:00,right_elbow_flex,2097,2137,40,37,6,94
15.718,2026-08-05T05:45:58.224514+00:00,right_wrist_flex,1976,1984,8,34,1,30
15.718,2026-08-05T05:45:58.224514+00:00,right_wrist_roll,2114,2111,-3,34,0,1044
15.718,2026-08-05T05:45:58.224514+00:00,right_gripper,2457,2462,5,37,0,24
15.768,2026-08-05T05:45:58.274690+00:00,left_shoulder_pan,1857,1851,-6,37,1,1060
15.768,2026-08-05T05:45:58.274690+00:00,left_shoulder_lift,2389,2420,31,36,8,136
15.768,2026-08-05T05:45:58.274690+00:00,left_elbow_flex,1629,1635,6,34,1,36
15.768,2026-08-05T05:45:58.274690+00:00,left_wrist_flex,2169,2170,1,34,0,0
15.768,2026-08-05T05:45:58.274690+00:00,left_wrist_roll,1989,1987,-2,34,0,1044
15.768,2026-08-05T05:45:58.274690+00:00,left_gripper,2014,2014,0,36,0,0
15.768,2026-08-05T05:45:58.274690+00:00,right_shoulder_pan,1938,1902,-36,37,2,1094
15.768,2026-08-05T05:45:58.274690+00:00,right_shoulder_lift,2246,2248,2,35,0,18
15.768,2026-08-05T05:45:58.274690+00:00,right_elbow_flex,2097,2137,40,37,6,94
15.768,2026-08-05T05:45:58.274690+00:00,right_wrist_flex,1976,1984,8,35,0,30
15.768,2026-08-05T05:45:58.274690+00:00,right_wrist_roll,2114,2111,-3,34,0,1044
15.768,2026-08-05T05:45:58.274690+00:00,right_gripper,2457,2462,5,37,0,24
15.818,2026-08-05T05:45:58.324411+00:00,left_shoulder_pan,1857,1851,-6,36,1,1060
15.818,2026-08-05T05:45:58.324411+00:00,left_shoulder_lift,2389,2420,31,36,9,136
15.818,2026-08-05T05:45:58.324411+00:00,left_elbow_flex,1629,1635,6,34,1,36
15.818,2026-08-05T05:45:58.324411+00:00,left_wrist_flex,2169,2170,1,34,0,0
15.818,2026-08-05T05:45:58.324411+00:00,left_wrist_roll,1989,1987,-2,34,1,1044
15.818,2026-08-05T05:45:58.324411+00:00,left_gripper,2014,2014,0,36,0,0
15.818,2026-08-05T05:45:58.324411+00:00,right_shoulder_pan,1945,1910,-35,37,2,1092
15.818,2026-08-05T05:45:58.324411+00:00,right_shoulder_lift,2247,2248,1,35,0,18
15.818,2026-08-05T05:45:58.324411+00:00,right_elbow_flex,2097,2137,40,37,7,94
15.818,2026-08-05T05:45:58.324411+00:00,right_wrist_flex,1976,1984,8,34,0,30
15.818,2026-08-05T05:45:58.324411+00:00,right_wrist_roll,2114,2111,-3,34,0,1044
15.818,2026-08-05T05:45:58.324411+00:00,right_gripper,2457,2462,5,37,0,24
15.868,2026-08-05T05:45:58.375442+00:00,left_shoulder_pan,1857,1851,-6,37,2,1060
15.868,2026-08-05T05:45:58.375442+00:00,left_shoulder_lift,2389,2420,31,36,11,136
15.868,2026-08-05T05:45:58.375442+00:00,left_elbow_flex,1629,1635,6,34,1,36
15.868,2026-08-05T05:45:58.375442+00:00,left_wrist_flex,2169,2170,1,34,0,0
15.868,2026-08-05T05:45:58.375442+00:00,left_wrist_roll,1989,1987,-2,34,0,1044
15.868,2026-08-05T05:45:58.375442+00:00,left_gripper,2014,2014,0,37,0,0
15.868,2026-08-05T05:45:58.375442+00:00,right_shoulder_pan,1953,1917,-36,37,1,1090
15.868,2026-08-05T05:45:58.375442+00:00,right_shoulder_lift,2248,2248,0,35,0,0
15.868,2026-08-05T05:45:58.375442+00:00,right_elbow_flex,2097,2137,40,37,7,94
15.868,2026-08-05T05:45:58.375442+00:00,right_wrist_flex,1976,1984,8,34,1,30
15.868,2026-08-05T05:45:58.375442+00:00,right_wrist_roll,2114,2111,-3,34,0,1044
15.868,2026-08-05T05:45:58.375442+00:00,right_gripper,2457,2462,5,37,0,24
15.918,2026-08-05T05:45:58.424708+00:00,left_shoulder_pan,1857,1851,-6,37,1,1060
15.918,2026-08-05T05:45:58.424708+00:00,left_shoulder_lift,2389,2420,31,36,8,136
15.918,2026-08-05T05:45:58.424708+00:00,left_elbow_flex,1629,1635,6,34,1,36
15.918,2026-08-05T05:45:58.424708+00:00,left_wrist_flex,2169,2170,1,34,0,0
15.918,2026-08-05T05:45:58.424708+00:00,left_wrist_roll,1989,1987,-2,34,1,1044
15.918,2026-08-05T05:45:58.424708+00:00,left_gripper,2014,2014,0,36,0,0
15.918,2026-08-05T05:45:58.424708+00:00,right_shoulder_pan,1961,1925,-36,37,2,1090
15.918,2026-08-05T05:45:58.424708+00:00,right_shoulder_lift,2249,2248,-1,35,0,0
15.918,2026-08-05T05:45:58.424708+00:00,right_elbow_flex,2097,2137,40,37,6,94
15.918,2026-08-05T05:45:58.424708+00:00,right_wrist_flex,1976,1984,8,34,1,30
15.918,2026-08-05T05:45:58.424708+00:00,right_wrist_roll,2114,2111,-3,34,0,1044
15.918,2026-08-05T05:45:58.424708+00:00,right_gripper,2457,2462,5,37,0,24
15.968,2026-08-05T05:45:58.475118+00:00,left_shoulder_pan,1857,1851,-6,37,1,1060
15.968,2026-08-05T05:45:58.475118+00:00,left_shoulder_lift,2389,2420,31,36,8,136
15.968,2026-08-05T05:45:58.475118+00:00,left_elbow_flex,1629,1635,6,34,1,36
15.968,2026-08-05T05:45:58.475118+00:00,left_wrist_flex,2169,2170,1,34,0,0
15.968,2026-08-05T05:45:58.475118+00:00,left_wrist_roll,1989,1987,-2,34,0,1044
15.968,2026-08-05T05:45:58.475118+00:00,left_gripper,2014,2014,0,36,0,0
15.968,2026-08-05T05:45:58.475118+00:00,right_shoulder_pan,1969,1933,-36,37,1,1088
15.968,2026-08-05T05:45:58.475118+00:00,right_shoulder_lift,2249,2248,-1,35,0,0
15.968,2026-08-05T05:45:58.475118+00:00,right_elbow_flex,2097,2137,40,37,7,94
15.968,2026-08-05T05:45:58.475118+00:00,right_wrist_flex,1976,1984,8,34,1,30
15.968,2026-08-05T05:45:58.475118+00:00,right_wrist_roll,2114,2111,-3,34,0,1044
15.968,2026-08-05T05:45:58.475118+00:00,right_gripper,2457,2462,5,37,0,24
16.018,2026-08-05T05:45:58.524827+00:00,left_shoulder_pan,1857,1851,-6,37,1,1060
16.018,2026-08-05T05:45:58.524827+00:00,left_shoulder_lift,2389,2420,31,36,8,136
16.018,2026-08-05T05:45:58.524827+00:00,left_elbow_flex,1629,1635,6,34,0,36
16.018,2026-08-05T05:45:58.524827+00:00,left_wrist_flex,2169,2170,1,33,0,0
16.018,2026-08-05T05:45:58.524827+00:00,left_wrist_roll,1989,1987,-2,33,0,1044
16.018,2026-08-05T05:45:58.524827+00:00,left_gripper,2014,2014,0,36,0,0
16.018,2026-08-05T05:45:58.524827+00:00,right_shoulder_pan,1977,1941,-36,37,2,1090
16.018,2026-08-05T05:45:58.524827+00:00,right_shoulder_lift,2249,2248,-1,35,0,0
16.018,2026-08-05T05:45:58.524827+00:00,right_elbow_flex,2097,2137,40,37,6,94
16.018,2026-08-05T05:45:58.524827+00:00,right_wrist_flex,1976,1984,8,35,0,30
16.018,2026-08-05T05:45:58.524827+00:00,right_wrist_roll,2114,2111,-3,34,1,1044
16.018,2026-08-05T05:45:58.524827+00:00,right_gripper,2457,2462,5,37,1,24
16.068,2026-08-05T05:45:58.575208+00:00,left_shoulder_pan,1857,1851,-6,37,1,1060
16.068,2026-08-05T05:45:58.575208+00:00,left_shoulder_lift,2389,2420,31,36,8,136
16.068,2026-08-05T05:45:58.575208+00:00,left_elbow_flex,1629,1635,6,34,1,36
16.068,2026-08-05T05:45:58.575208+00:00,left_wrist_flex,2169,2170,1,34,0,0
16.068,2026-08-05T05:45:58.575208+00:00,left_wrist_roll,1989,1987,-2,34,0,1044
16.068,2026-08-05T05:45:58.575208+00:00,left_gripper,2014,2014,0,36,0,0
16.068,2026-08-05T05:45:58.575208+00:00,right_shoulder_pan,1985,1949,-36,37,1,1086
16.068,2026-08-05T05:45:58.575208+00:00,right_shoulder_lift,2249,2248,-1,35,0,0
16.068,2026-08-05T05:45:58.575208+00:00,right_elbow_flex,2097,2137,40,37,6,94
16.068,2026-08-05T05:45:58.575208+00:00,right_wrist_flex,1976,1984,8,34,1,30
16.068,2026-08-05T05:45:58.575208+00:00,right_wrist_roll,2114,2111,-3,34,0,1044
16.068,2026-08-05T05:45:58.575208+00:00,right_gripper,2457,2462,5,37,1,24
16.118,2026-08-05T05:45:58.625257+00:00,left_shoulder_pan,1857,1851,-6,37,1,1060
16.118,2026-08-05T05:45:58.625257+00:00,left_shoulder_lift,2389,2420,31,36,10,136
16.118,2026-08-05T05:45:58.625257+00:00,left_elbow_flex,1629,1635,6,34,1,36
16.118,2026-08-05T05:45:58.625257+00:00,left_wrist_flex,2169,2170,1,34,0,0
16.118,2026-08-05T05:45:58.625257+00:00,left_wrist_roll,1989,1987,-2,34,1,1044
16.118,2026-08-05T05:45:58.625257+00:00,left_gripper,2014,2014,0,36,0,0
16.118,2026-08-05T05:45:58.625257+00:00,right_shoulder_pan,1993,1957,-36,37,1,1094
16.118,2026-08-05T05:45:58.625257+00:00,right_shoulder_lift,2248,2248,0,35,0,0
16.118,2026-08-05T05:45:58.625257+00:00,right_elbow_flex,2097,2137,40,37,6,94
16.118,2026-08-05T05:45:58.625257+00:00,right_wrist_flex,1976,1984,8,34,0,30
16.118,2026-08-05T05:45:58.625257+00:00,right_wrist_roll,2114,2111,-3,34,0,1044
16.118,2026-08-05T05:45:58.625257+00:00,right_gripper,2457,2462,5,37,0,24
16.168,2026-08-05T05:45:58.675269+00:00,left_shoulder_pan,1857,1851,-6,37,1,1060
16.168,2026-08-05T05:45:58.675269+00:00,left_shoulder_lift,2389,2420,31,36,8,136
16.168,2026-08-05T05:45:58.675269+00:00,left_elbow_flex,1629,1635,6,34,1,36
16.168,2026-08-05T05:45:58.675269+00:00,left_wrist_flex,2169,2170,1,34,0,0
16.168,2026-08-05T05:45:58.675269+00:00,left_wrist_roll,1989,1987,-2,34,0,1044
16.168,2026-08-05T05:45:58.675269+00:00,left_gripper,2014,2014,0,36,0,0
16.168,2026-08-05T05:45:58.675269+00:00,right_shoulder_pan,2000,1965,-35,37,2,1086
16.168,2026-08-05T05:45:58.675269+00:00,right_shoulder_lift,2247,2248,1,35,0,0
16.168,2026-08-05T05:45:58.675269+00:00,right_elbow_flex,2097,2137,40,37,6,94
16.168,2026-08-05T05:45:58.675269+00:00,right_wrist_flex,1976,1984,8,34,0,30
16.168,2026-08-05T05:45:58.675269+00:00,right_wrist_roll,2114,2111,-3,34,1,1044
16.168,2026-08-05T05:45:58.675269+00:00,right_gripper,2457,2462,5,37,0,24
16.219,2026-08-05T05:45:58.725355+00:00,left_shoulder_pan,1857,1851,-6,37,2,1060
16.219,2026-08-05T05:45:58.725355+00:00,left_shoulder_lift,2389,2420,31,36,8,136
16.219,2026-08-05T05:45:58.725355+00:00,left_elbow_flex,1629,1635,6,34,1,36
16.219,2026-08-05T05:45:58.725355+00:00,left_wrist_flex,2169,2170,1,34,0,0
16.219,2026-08-05T05:45:58.725355+00:00,left_wrist_roll,1989,1987,-2,34,0,1044
16.219,2026-08-05T05:45:58.725355+00:00,left_gripper,2014,2014,0,36,0,0
16.219,2026-08-05T05:45:58.725355+00:00,right_shoulder_pan,2008,1972,-36,37,2,1094
16.219,2026-08-05T05:45:58.725355+00:00,right_shoulder_lift,2246,2248,2,35,0,18
16.219,2026-08-05T05:45:58.725355+00:00,right_elbow_flex,2097,2137,40,37,6,94
16.219,2026-08-05T05:45:58.725355+00:00,right_wrist_flex,1976,1984,8,34,1,30
16.219,2026-08-05T05:45:58.725355+00:00,right_wrist_roll,2114,2111,-3,34,0,1044
16.219,2026-08-05T05:45:58.725355+00:00,right_gripper,2457,2462,5,37,0,24
16.269,2026-08-05T05:45:58.775436+00:00,left_shoulder_pan,1857,1851,-6,37,1,1060
16.269,2026-08-05T05:45:58.775436+00:00,left_shoulder_lift,2389,2420,31,36,9,136
16.269,2026-08-05T05:45:58.775436+00:00,left_elbow_flex,1629,1635,6,34,1,36
16.269,2026-08-05T05:45:58.775436+00:00,left_wrist_flex,2169,2170,1,34,0,0
16.269,2026-08-05T05:45:58.775436+00:00,left_wrist_roll,1989,1987,-2,34,0,1044
16.269,2026-08-05T05:45:58.775436+00:00,left_gripper,2014,2014,0,36,0,0
16.269,2026-08-05T05:45:58.775436+00:00,right_shoulder_pan,2016,1980,-36,37,1,1090
16.269,2026-08-05T05:45:58.775436+00:00,right_shoulder_lift,2245,2248,3,35,0,24
16.269,2026-08-05T05:45:58.775436+00:00,right_elbow_flex,2097,2137,40,37,6,94
16.269,2026-08-05T05:45:58.775436+00:00,right_wrist_flex,1976,1984,8,34,0,30
16.269,2026-08-05T05:45:58.775436+00:00,right_wrist_roll,2114,2111,-3,34,0,1044
16.269,2026-08-05T05:45:58.775436+00:00,right_gripper,2457,2462,5,37,0,24
16.319,2026-08-05T05:45:58.825437+00:00,left_shoulder_pan,1857,1851,-6,37,1,1060
16.319,2026-08-05T05:45:58.825437+00:00,left_shoulder_lift,2389,2420,31,36,7,136
16.319,2026-08-05T05:45:58.825437+00:00,left_elbow_flex,1629,1635,6,34,1,36
16.319,2026-08-05T05:45:58.825437+00:00,left_wrist_flex,2169,2170,1,34,0,0
16.319,2026-08-05T05:45:58.825437+00:00,left_wrist_roll,1989,1987,-2,34,1,1044
16.319,2026-08-05T05:45:58.825437+00:00,left_gripper,2014,2014,0,36,0,0
16.319,2026-08-05T05:45:58.825437+00:00,right_shoulder_pan,2024,1988,-36,37,1,1096
16.319,2026-08-05T05:45:58.825437+00:00,right_shoulder_lift,2243,2248,5,35,0,22
16.319,2026-08-05T05:45:58.825437+00:00,right_elbow_flex,2097,2137,40,37,6,94
16.319,2026-08-05T05:45:58.825437+00:00,right_wrist_flex,1976,1984,8,34,0,30
16.319,2026-08-05T05:45:58.825437+00:00,right_wrist_roll,2114,2111,-3,34,0,1044
16.319,2026-08-05T05:45:58.825437+00:00,right_gripper,2457,2462,5,37,1,24
16.369,2026-08-05T05:45:58.875532+00:00,left_shoulder_pan,1857,1851,-6,37,1,1060
16.369,2026-08-05T05:45:58.875532+00:00,left_shoulder_lift,2389,2420,31,36,8,136
16.369,2026-08-05T05:45:58.875532+00:00,left_elbow_flex,1629,1635,6,34,1,36
16.369,2026-08-05T05:45:58.875532+00:00,left_wrist_flex,2169,2170,1,34,0,0
16.369,2026-08-05T05:45:58.875532+00:00,left_wrist_roll,1989,1987,-2,34,1,1044
16.369,2026-08-05T05:45:58.875532+00:00,left_gripper,2014,2014,0,36,0,0
16.369,2026-08-05T05:45:58.875532+00:00,right_shoulder_pan,2031,1995,-36,37,2,1092
16.369,2026-08-05T05:45:58.875532+00:00,right_shoulder_lift,2241,2248,7,35,1,30
16.369,2026-08-05T05:45:58.875532+00:00,right_elbow_flex,2097,2137,40,37,5,94
16.369,2026-08-05T05:45:58.875532+00:00,right_wrist_flex,1976,1984,8,34,0,30
16.369,2026-08-05T05:45:58.875532+00:00,right_wrist_roll,2114,2111,-3,34,1,1044
16.369,2026-08-05T05:45:58.875532+00:00,right_gripper,2457,2462,5,37,0,24
16.419,2026-08-05T05:45:58.925374+00:00,left_shoulder_pan,1857,1851,-6,37,1,1060
16.419,2026-08-05T05:45:58.925374+00:00,left_shoulder_lift,2389,2420,31,36,8,136
16.419,2026-08-05T05:45:58.925374+00:00,left_elbow_flex,1629,1635,6,34,1,36
16.419,2026-08-05T05:45:58.925374+00:00,left_wrist_flex,2169,2170,1,34,0,0
16.419,2026-08-05T05:45:58.925374+00:00,left_wrist_roll,1989,1987,-2,34,0,1044
16.419,2026-08-05T05:45:58.925374+00:00,left_gripper,2014,2014,0,36,0,0
16.419,2026-08-05T05:45:58.925374+00:00,right_shoulder_pan,2039,2002,-37,37,1,1088
16.419,2026-08-05T05:45:58.925374+00:00,right_shoulder_lift,2238,2248,10,35,0,30
16.419,2026-08-05T05:45:58.925374+00:00,right_elbow_flex,2097,2137,40,36,6,94
16.419,2026-08-05T05:45:58.925374+00:00,right_wrist_flex,1976,1984,8,34,1,30
16.419,2026-08-05T05:45:58.925374+00:00,right_wrist_roll,2114,2111,-3,34,0,1044
16.419,2026-08-05T05:45:58.925374+00:00,right_gripper,2457,2462,5,37,0,24
16.469,2026-08-05T05:45:58.975485+00:00,left_shoulder_pan,1857,1851,-6,37,1,1060
16.469,2026-08-05T05:45:58.975485+00:00,left_shoulder_lift,2389,2420,31,36,8,136
16.469,2026-08-05T05:45:58.975485+00:00,left_elbow_flex,1629,1635,6,34,1,36
16.469,2026-08-05T05:45:58.975485+00:00,left_wrist_flex,2169,2170,1,34,0,0
16.469,2026-08-05T05:45:58.975485+00:00,left_wrist_roll,1989,1987,-2,34,0,1044
16.469,2026-08-05T05:45:58.975485+00:00,left_gripper,2014,2014,0,36,0,0
16.469,2026-08-05T05:45:58.975485+00:00,right_shoulder_pan,2046,2010,-36,37,1,1088
16.469,2026-08-05T05:45:58.975485+00:00,right_shoulder_lift,2236,2248,12,35,0,40
16.469,2026-08-05T05:45:58.975485+00:00,right_elbow_flex,2097,2137,40,37,5,94
16.469,2026-08-05T05:45:58.975485+00:00,right_wrist_flex,1976,1984,8,35,1,30
16.469,2026-08-05T05:45:58.975485+00:00,right_wrist_roll,2114,2111,-3,34,1,1044
16.469,2026-08-05T05:45:58.975485+00:00,right_gripper,2457,2462,5,37,1,24
16.519,2026-08-05T05:45:59.025527+00:00,left_shoulder_pan,1857,1851,-6,37,1,1060
16.519,2026-08-05T05:45:59.025527+00:00,left_shoulder_lift,2389,2420,31,36,9,136
16.519,2026-08-05T05:45:59.025527+00:00,left_elbow_flex,1629,1635,6,34,0,36
16.519,2026-08-05T05:45:59.025527+00:00,left_wrist_flex,2169,2170,1,34,0,0
16.519,2026-08-05T05:45:59.025527+00:00,left_wrist_roll,1989,1987,-2,34,1,1044
16.519,2026-08-05T05:45:59.025527+00:00,left_gripper,2014,2014,0,36,0,0
16.519,2026-08-05T05:45:59.025527+00:00,right_shoulder_pan,2053,2017,-36,37,1,1092
16.519,2026-08-05T05:45:59.025527+00:00,right_shoulder_lift,2233,2248,15,35,1,40
16.519,2026-08-05T05:45:59.025527+00:00,right_elbow_flex,2097,2137,40,37,7,94
16.519,2026-08-05T05:45:59.025527+00:00,right_wrist_flex,1976,1984,8,34,1,30
16.519,2026-08-05T05:45:59.025527+00:00,right_wrist_roll,2114,2111,-3,34,0,1044
16.519,2026-08-05T05:45:59.025527+00:00,right_gripper,2457,2462,5,37,0,24
16.569,2026-08-05T05:45:59.078118+00:00,left_shoulder_pan,1857,1851,-6,37,1,1060
16.569,2026-08-05T05:45:59.078118+00:00,left_shoulder_lift,2389,2420,31,36,9,136
16.569,2026-08-05T05:45:59.078118+00:00,left_elbow_flex,1629,1635,6,34,1,36
16.569,2026-08-05T05:45:59.078118+00:00,left_wrist_flex,2169,2170,1,34,0,0
16.569,2026-08-05T05:45:59.078118+00:00,left_wrist_roll,1989,1987,-2,34,0,1044
16.569,2026-08-05T05:45:59.078118+00:00,left_gripper,2014,2014,0,36,0,0
16.569,2026-08-05T05:45:59.078118+00:00,right_shoulder_pan,2060,2026,-34,37,2,1090
16.569,2026-08-05T05:45:59.078118+00:00,right_shoulder_lift,2229,2248,19,35,1,50
16.569,2026-08-05T05:45:59.078118+00:00,right_elbow_flex,2097,2137,40,38,6,94
16.569,2026-08-05T05:45:59.078118+00:00,right_wrist_flex,1976,1984,8,34,1,30
16.569,2026-08-05T05:45:59.078118+00:00,right_wrist_roll,2114,2111,-3,34,0,1044
16.569,2026-08-05T05:45:59.078118+00:00,right_gripper,2457,2462,5,37,0,24
16.619,2026-08-05T05:45:59.125903+00:00,left_shoulder_pan,1857,1851,-6,37,1,1060
16.619,2026-08-05T05:45:59.125903+00:00,left_shoulder_lift,2389,2420,31,36,9,136
16.619,2026-08-05T05:45:59.125903+00:00,left_elbow_flex,1629,1635,6,34,1,36
16.619,2026-08-05T05:45:59.125903+00:00,left_wrist_flex,2169,2170,1,34,0,0
16.619,2026-08-05T05:45:59.125903+00:00,left_wrist_roll,1989,1987,-2,34,0,1044
16.619,2026-08-05T05:45:59.125903+00:00,left_gripper,2014,2014,0,36,0,0
16.619,2026-08-05T05:45:59.125903+00:00,right_shoulder_pan,2067,2033,-34,37,1,1084
16.619,2026-08-05T05:45:59.125903+00:00,right_shoulder_lift,2226,2248,22,35,2,58
16.619,2026-08-05T05:45:59.125903+00:00,right_elbow_flex,2097,2137,40,37,6,94
16.619,2026-08-05T05:45:59.125903+00:00,right_wrist_flex,1976,1984,8,35,1,30
16.619,2026-08-05T05:45:59.125903+00:00,right_wrist_roll,2114,2111,-3,34,1,1044
16.619,2026-08-05T05:45:59.125903+00:00,right_gripper,2457,2462,5,37,0,24
16.669,2026-08-05T05:45:59.176381+00:00,left_shoulder_pan,1857,1851,-6,37,0,1060
16.669,2026-08-05T05:45:59.176381+00:00,left_shoulder_lift,2389,2420,31,36,8,136
16.669,2026-08-05T05:45:59.176381+00:00,left_elbow_flex,1629,1635,6,34,1,36
16.669,2026-08-05T05:45:59.176381+00:00,left_wrist_flex,2169,2170,1,34,0,0
16.669,2026-08-05T05:45:59.176381+00:00,left_wrist_roll,1989,1987,-2,34,0,1044
16.669,2026-08-05T05:45:59.176381+00:00,left_gripper,2014,2014,0,36,0,0
16.669,2026-08-05T05:45:59.176381+00:00,right_shoulder_pan,2074,2041,-33,38,1,1088
16.669,2026-08-05T05:45:59.176381+00:00,right_shoulder_lift,2222,2248,26,35,3,64
16.669,2026-08-05T05:45:59.176381+00:00,right_elbow_flex,2097,2137,40,37,7,94
16.669,2026-08-05T05:45:59.176381+00:00,right_wrist_flex,1976,1984,8,35,1,30
16.669,2026-08-05T05:45:59.176381+00:00,right_wrist_roll,2114,2111,-3,34,0,1044
16.669,2026-08-05T05:45:59.176381+00:00,right_gripper,2457,2462,5,37,1,24
16.719,2026-08-05T05:45:59.225838+00:00,left_shoulder_pan,1857,1851,-6,37,1,1060
16.719,2026-08-05T05:45:59.225838+00:00,left_shoulder_lift,2389,2420,31,36,11,136
16.719,2026-08-05T05:45:59.225838+00:00,left_elbow_flex,1629,1635,6,34,1,36
16.719,2026-08-05T05:45:59.225838+00:00,left_wrist_flex,2169,2170,1,34,0,0
16.719,2026-08-05T05:45:59.225838+00:00,left_wrist_roll,1989,1987,-2,34,0,1044
16.719,2026-08-05T05:45:59.225838+00:00,left_gripper,2014,2014,0,36,0,0
16.719,2026-08-05T05:45:59.225838+00:00,right_shoulder_pan,2081,2048,-33,37,1,1082
16.719,2026-08-05T05:45:59.225838+00:00,right_shoulder_lift,2218,2248,30,35,2,72
16.719,2026-08-05T05:45:59.225838+00:00,right_elbow_flex,2097,2137,40,37,8,94
16.719,2026-08-05T05:45:59.225838+00:00,right_wrist_flex,1976,1984,8,35,0,30
16.719,2026-08-05T05:45:59.225838+00:00,right_wrist_roll,2114,2111,-3,34,1,1044
16.719,2026-08-05T05:45:59.225838+00:00,right_gripper,2457,2462,5,37,0,24
16.769,2026-08-05T05:45:59.276122+00:00,left_shoulder_pan,1857,1851,-6,37,1,1060
16.769,2026-08-05T05:45:59.276122+00:00,left_shoulder_lift,2389,2420,31,36,10,136
16.769,2026-08-05T05:45:59.276122+00:00,left_elbow_flex,1629,1635,6,34,1,36
16.769,2026-08-05T05:45:59.276122+00:00,left_wrist_flex,2169,2170,1,34,0,0
16.769,2026-08-05T05:45:59.276122+00:00,left_wrist_roll,1989,1987,-2,34,0,1044
16.769,2026-08-05T05:45:59.276122+00:00,left_gripper,2014,2014,0,37,0,0
16.769,2026-08-05T05:45:59.276122+00:00,right_shoulder_pan,2088,2055,-33,37,1,1086
16.769,2026-08-05T05:45:59.276122+00:00,right_shoulder_lift,2214,2248,34,35,3,80
16.769,2026-08-05T05:45:59.276122+00:00,right_elbow_flex,2097,2137,40,37,6,94
16.769,2026-08-05T05:45:59.276122+00:00,right_wrist_flex,1976,1984,8,34,0,30
16.769,2026-08-05T05:45:59.276122+00:00,right_wrist_roll,2114,2111,-3,34,0,1044
16.769,2026-08-05T05:45:59.276122+00:00,right_gripper,2457,2462,5,37,1,24
16.819,2026-08-05T05:45:59.326211+00:00,left_shoulder_pan,1857,1851,-6,37,1,1060
16.819,2026-08-05T05:45:59.326211+00:00,left_shoulder_lift,2389,2420,31,36,8,136
16.819,2026-08-05T05:45:59.326211+00:00,left_elbow_flex,1629,1635,6,34,1,36
16.819,2026-08-05T05:45:59.326211+00:00,left_wrist_flex,2169,2170,1,34,0,0
16.819,2026-08-05T05:45:59.326211+00:00,left_wrist_roll,1989,1987,-2,34,1,1044
16.819,2026-08-05T05:45:59.326211+00:00,left_gripper,2014,2014,0,37,0,0
16.819,2026-08-05T05:45:59.326211+00:00,right_shoulder_pan,2094,2062,-32,37,1,1082
16.819,2026-08-05T05:45:59.326211+00:00,right_shoulder_lift,2209,2248,39,35,4,88
16.819,2026-08-05T05:45:59.326211+00:00,right_elbow_flex,2097,2137,40,37,7,94
16.819,2026-08-05T05:45:59.326211+00:00,right_wrist_flex,1976,1984,8,34,1,30
16.819,2026-08-05T05:45:59.326211+00:00,right_wrist_roll,2114,2111,-3,34,0,1044
16.819,2026-08-05T05:45:59.326211+00:00,right_gripper,2457,2462,5,37,1,24
16.870,2026-08-05T05:45:59.376093+00:00,left_shoulder_pan,1857,1851,-6,37,1,1060
16.870,2026-08-05T05:45:59.376093+00:00,left_shoulder_lift,2389,2420,31,36,8,136
16.870,2026-08-05T05:45:59.376093+00:00,left_elbow_flex,1629,1635,6,34,1,36
16.870,2026-08-05T05:45:59.376093+00:00,left_wrist_flex,2169,2170,1,34,0,0
16.870,2026-08-05T05:45:59.376093+00:00,left_wrist_roll,1989,1987,-2,34,0,1044
16.870,2026-08-05T05:45:59.376093+00:00,left_gripper,2014,2014,0,36,0,0
16.870,2026-08-05T05:45:59.376093+00:00,right_shoulder_pan,2100,2069,-31,37,1,1088
16.870,2026-08-05T05:45:59.376093+00:00,right_shoulder_lift,2204,2248,44,35,5,98
16.870,2026-08-05T05:45:59.376093+00:00,right_elbow_flex,2097,2137,40,37,6,94
16.870,2026-08-05T05:45:59.376093+00:00,right_wrist_flex,1976,1984,8,34,0,30
16.870,2026-08-05T05:45:59.376093+00:00,right_wrist_roll,2114,2111,-3,34,0,1044
16.870,2026-08-05T05:45:59.376093+00:00,right_gripper,2457,2462,5,37,1,24
16.920,2026-08-05T05:45:59.426206+00:00,left_shoulder_pan,1857,1851,-6,37,1,1060
16.920,2026-08-05T05:45:59.426206+00:00,left_shoulder_lift,2389,2420,31,36,9,136
16.920,2026-08-05T05:45:59.426206+00:00,left_elbow_flex,1629,1635,6,34,1,36
16.920,2026-08-05T05:45:59.426206+00:00,left_wrist_flex,2169,2170,1,34,0,0
16.920,2026-08-05T05:45:59.426206+00:00,left_wrist_roll,1989,1987,-2,34,0,1044
16.920,2026-08-05T05:45:59.426206+00:00,left_gripper,2014,2014,0,36,0,0
16.920,2026-08-05T05:45:59.426206+00:00,right_shoulder_pan,2106,2075,-31,37,1,1080
16.920,2026-08-05T05:45:59.426206+00:00,right_shoulder_lift,2199,2248,49,35,6,116
16.920,2026-08-05T05:45:59.426206+00:00,right_elbow_flex,2097,2137,40,37,7,94
16.920,2026-08-05T05:45:59.426206+00:00,right_wrist_flex,1976,1984,8,34,1,30
16.920,2026-08-05T05:45:59.426206+00:00,right_wrist_roll,2114,2111,-3,34,0,1044
16.920,2026-08-05T05:45:59.426206+00:00,right_gripper,2457,2462,5,37,0,24
16.970,2026-08-05T05:45:59.476457+00:00,left_shoulder_pan,1857,1851,-6,37,1,1060
16.970,2026-08-05T05:45:59.476457+00:00,left_shoulder_lift,2389,2420,31,36,9,136
16.970,2026-08-05T05:45:59.476457+00:00,left_elbow_flex,1629,1635,6,34,1,36
16.970,2026-08-05T05:45:59.476457+00:00,left_wrist_flex,2169,2170,1,34,0,0
16.970,2026-08-05T05:45:59.476457+00:00,left_wrist_roll,1989,1987,-2,34,0,1044
16.970,2026-08-05T05:45:59.476457+00:00,left_gripper,2014,2014,0,37,0,0
16.970,2026-08-05T05:45:59.476457+00:00,right_shoulder_pan,2112,2082,-30,37,1,1082
16.970,2026-08-05T05:45:59.476457+00:00,right_shoulder_lift,2194,2248,54,35,6,118
16.970,2026-08-05T05:45:59.476457+00:00,right_elbow_flex,2097,2137,40,37,6,94
16.970,2026-08-05T05:45:59.476457+00:00,right_wrist_flex,1976,1984,8,34,0,30
16.970,2026-08-05T05:45:59.476457+00:00,right_wrist_roll,2114,2111,-3,34,0,1044
16.970,2026-08-05T05:45:59.476457+00:00,right_gripper,2457,2462,5,38,0,24
17.020,2026-08-05T05:45:59.526391+00:00,left_shoulder_pan,1857,1851,-6,37,1,1060
17.020,2026-08-05T05:45:59.526391+00:00,left_shoulder_lift,2389,2420,31,36,10,136
17.020,2026-08-05T05:45:59.526391+00:00,left_elbow_flex,1629,1635,6,34,1,36
17.020,2026-08-05T05:45:59.526391+00:00,left_wrist_flex,2169,2170,1,34,0,0
17.020,2026-08-05T05:45:59.526391+00:00,left_wrist_roll,1989,1987,-2,34,0,1044
17.020,2026-08-05T05:45:59.526391+00:00,left_gripper,2014,2014,0,36,0,0
17.020,2026-08-05T05:45:59.526391+00:00,right_shoulder_pan,2118,2088,-30,53,1,1082
17.020,2026-08-05T05:45:59.526391+00:00,right_shoulder_lift,2188,2248,60,35,8,136
17.020,2026-08-05T05:45:59.526391+00:00,right_elbow_flex,2097,2137,40,37,6,94
17.020,2026-08-05T05:45:59.526391+00:00,right_wrist_flex,1976,1984,8,34,1,30
17.020,2026-08-05T05:45:59.526391+00:00,right_wrist_roll,2114,2111,-3,34,0,1044
17.020,2026-08-05T05:45:59.526391+00:00,right_gripper,2457,2462,5,38,0,24
17.070,2026-08-05T05:45:59.576639+00:00,left_shoulder_pan,1857,1851,-6,37,1,1060
17.070,2026-08-05T05:45:59.576639+00:00,left_shoulder_lift,2389,2420,31,36,8,136
17.070,2026-08-05T05:45:59.576639+00:00,left_elbow_flex,1629,1635,6,34,1,36
17.070,2026-08-05T05:45:59.576639+00:00,left_wrist_flex,2169,2170,1,34,0,0
17.070,2026-08-05T05:45:59.576639+00:00,left_wrist_roll,1989,1987,-2,34,0,1044
17.070,2026-08-05T05:45:59.576639+00:00,left_gripper,2014,2014,0,37,0,0
17.070,2026-08-05T05:45:59.576639+00:00,right_shoulder_pan,2123,2094,-29,37,1,1082
17.070,2026-08-05T05:45:59.576639+00:00,right_shoulder_lift,2182,2248,66,35,11,142
17.070,2026-08-05T05:45:59.576639+00:00,right_elbow_flex,2097,2137,40,37,6,94
17.070,2026-08-05T05:45:59.576639+00:00,right_wrist_flex,1976,1984,8,34,1,30
17.070,2026-08-05T05:45:59.576639+00:00,right_wrist_roll,2114,2111,-3,34,0,1044
17.070,2026-08-05T05:45:59.576639+00:00,right_gripper,2457,2462,5,37,0,24
17.120,2026-08-05T05:45:59.626543+00:00,left_shoulder_pan,1857,1851,-6,37,1,1060
17.120,2026-08-05T05:45:59.626543+00:00,left_shoulder_lift,2389,2420,31,36,8,136
17.120,2026-08-05T05:45:59.626543+00:00,left_elbow_flex,1629,1635,6,34,0,36
17.120,2026-08-05T05:45:59.626543+00:00,left_wrist_flex,2169,2170,1,34,0,0
17.120,2026-08-05T05:45:59.626543+00:00,left_wrist_roll,1989,1987,-2,34,0,1044
17.120,2026-08-05T05:45:59.626543+00:00,left_gripper,2014,2014,0,36,0,0
17.120,2026-08-05T05:45:59.626543+00:00,right_shoulder_pan,2128,2100,-28,37,1,1080
17.120,2026-08-05T05:45:59.626543+00:00,right_shoulder_lift,2176,2248,72,35,10,160
17.120,2026-08-05T05:45:59.626543+00:00,right_elbow_flex,2097,2137,40,37,7,94
17.120,2026-08-05T05:45:59.626543+00:00,right_wrist_flex,1976,1984,8,35,1,30
17.120,2026-08-05T05:45:59.626543+00:00,right_wrist_roll,2114,2111,-3,34,1,1044
17.120,2026-08-05T05:45:59.626543+00:00,right_gripper,2457,2462,5,37,1,24
17.170,2026-08-05T05:45:59.676714+00:00,left_shoulder_pan,1857,1851,-6,37,1,1060
17.170,2026-08-05T05:45:59.676714+00:00,left_shoulder_lift,2389,2420,31,36,9,136
17.170,2026-08-05T05:45:59.676714+00:00,left_elbow_flex,1629,1635,6,34,1,36
17.170,2026-08-05T05:45:59.676714+00:00,left_wrist_flex,2169,2170,1,34,0,0
17.170,2026-08-05T05:45:59.676714+00:00,left_wrist_roll,1989,1987,-2,34,0,1044
17.170,2026-08-05T05:45:59.676714+00:00,left_gripper,2014,2014,0,36,0,0
17.170,2026-08-05T05:45:59.676714+00:00,right_shoulder_pan,2133,2106,-27,37,2,1082
17.170,2026-08-05T05:45:59.676714+00:00,right_shoulder_lift,2170,2248,78,35,12,168
17.170,2026-08-05T05:45:59.676714+00:00,right_elbow_flex,2097,2137,40,37,7,94
17.170,2026-08-05T05:45:59.676714+00:00,right_wrist_flex,1976,1984,8,34,1,30
17.170,2026-08-05T05:45:59.676714+00:00,right_wrist_roll,2114,2111,-3,34,0,1044
17.170,2026-08-05T05:45:59.676714+00:00,right_gripper,2457,2462,5,37,0,24
17.220,2026-08-05T05:45:59.727087+00:00,left_shoulder_pan,1857,1851,-6,37,1,1060
17.220,2026-08-05T05:45:59.727087+00:00,left_shoulder_lift,2389,2420,31,37,8,136
17.220,2026-08-05T05:45:59.727087+00:00,left_elbow_flex,1629,1635,6,34,1,36
17.220,2026-08-05T05:45:59.727087+00:00,left_wrist_flex,2169,2170,1,34,0,0
17.220,2026-08-05T05:45:59.727087+00:00,left_wrist_roll,1989,1987,-2,34,0,1044
17.220,2026-08-05T05:45:59.727087+00:00,left_gripper,2014,2014,0,36,0,0
17.220,2026-08-05T05:45:59.727087+00:00,right_shoulder_pan,2138,2111,-27,37,1,1076
17.220,2026-08-05T05:45:59.727087+00:00,right_shoulder_lift,2164,2248,84,35,14,184
17.220,2026-08-05T05:45:59.727087+00:00,right_elbow_flex,2097,2137,40,37,6,94
17.220,2026-08-05T05:45:59.727087+00:00,right_wrist_flex,1976,1984,8,34,1,30
17.220,2026-08-05T05:45:59.727087+00:00,right_wrist_roll,2114,2111,-3,34,0,1044
17.220,2026-08-05T05:45:59.727087+00:00,right_gripper,2457,2462,5,37,0,24
17.270,2026-08-05T05:45:59.776934+00:00,left_shoulder_pan,1857,1851,-6,37,1,1060
17.270,2026-08-05T05:45:59.776934+00:00,left_shoulder_lift,2389,2420,31,36,10,136
17.270,2026-08-05T05:45:59.776934+00:00,left_elbow_flex,1629,1635,6,34,1,36
17.270,2026-08-05T05:45:59.776934+00:00,left_wrist_flex,2169,2170,1,34,0,0
17.270,2026-08-05T05:45:59.776934+00:00,left_wrist_roll,1989,1987,-2,34,1,1044
17.270,2026-08-05T05:45:59.776934+00:00,left_gripper,2014,2014,0,37,0,0
17.270,2026-08-05T05:45:59.776934+00:00,right_shoulder_pan,2142,2116,-26,37,1,1088
17.270,2026-08-05T05:45:59.776934+00:00,right_shoulder_lift,2157,2248,91,35,17,192
17.270,2026-08-05T05:45:59.776934+00:00,right_elbow_flex,2097,2137,40,37,6,94
17.270,2026-08-05T05:45:59.776934+00:00,right_wrist_flex,1976,1984,8,35,0,30
17.270,2026-08-05T05:45:59.776934+00:00,right_wrist_roll,2114,2111,-3,34,1,1044
17.270,2026-08-05T05:45:59.776934+00:00,right_gripper,2457,2462,5,37,0,24
17.320,2026-08-05T05:45:59.826731+00:00,left_shoulder_pan,1857,1851,-6,37,1,1060
17.320,2026-08-05T05:45:59.826731+00:00,left_shoulder_lift,2389,2420,31,36,8,136
17.320,2026-08-05T05:45:59.826731+00:00,left_elbow_flex,1629,1635,6,34,1,36
17.320,2026-08-05T05:45:59.826731+00:00,left_wrist_flex,2169,2170,1,34,0,0
17.320,2026-08-05T05:45:59.826731+00:00,left_wrist_roll,1989,1987,-2,34,0,1044
17.320,2026-08-05T05:45:59.826731+00:00,left_gripper,2014,2014,0,36,0,0
17.320,2026-08-05T05:45:59.826731+00:00,right_shoulder_pan,2146,2122,-24,38,1,1078
17.320,2026-08-05T05:45:59.826731+00:00,right_shoulder_lift,2151,2248,97,35,22,208
17.320,2026-08-05T05:45:59.826731+00:00,right_elbow_flex,2097,2137,40,37,7,94
17.320,2026-08-05T05:45:59.826731+00:00,right_wrist_flex,1976,1984,8,34,0,30
17.320,2026-08-05T05:45:59.826731+00:00,right_wrist_roll,2114,2111,-3,34,0,1044
17.320,2026-08-05T05:45:59.826731+00:00,right_gripper,2457,2462,5,37,0,24
17.370,2026-08-05T05:45:59.876851+00:00,left_shoulder_pan,1857,1851,-6,37,1,1060
17.370,2026-08-05T05:45:59.876851+00:00,left_shoulder_lift,2389,2420,31,36,11,136
17.370,2026-08-05T05:45:59.876851+00:00,left_elbow_flex,1629,1635,6,34,1,36
17.370,2026-08-05T05:45:59.876851+00:00,left_wrist_flex,2169,2170,1,34,0,0
17.370,2026-08-05T05:45:59.876851+00:00,left_wrist_roll,1989,1987,-2,34,0,1044
17.370,2026-08-05T05:45:59.876851+00:00,left_gripper,2014,2014,0,36,0,0
17.370,2026-08-05T05:45:59.876851+00:00,right_shoulder_pan,2150,2126,-24,37,2,1080
17.370,2026-08-05T05:45:59.876851+00:00,right_shoulder_lift,2144,2248,104,35,34,216
17.370,2026-08-05T05:45:59.876851+00:00,right_elbow_flex,2097,2137,40,37,6,94
17.370,2026-08-05T05:45:59.876851+00:00,right_wrist_flex,1976,1984,8,35,0,30
17.370,2026-08-05T05:45:59.876851+00:00,right_wrist_roll,2114,2111,-3,34,0,1044
17.370,2026-08-05T05:45:59.876851+00:00,right_gripper,2457,2462,5,37,1,24
17.420,2026-08-05T05:45:59.927118+00:00,left_shoulder_pan,1857,1851,-6,37,1,1060
17.420,2026-08-05T05:45:59.927118+00:00,left_shoulder_lift,2389,2420,31,36,10,136
17.420,2026-08-05T05:45:59.927118+00:00,left_elbow_flex,1629,1635,6,34,1,36
17.420,2026-08-05T05:45:59.927118+00:00,left_wrist_flex,2169,2170,1,34,0,0
17.420,2026-08-05T05:45:59.927118+00:00,left_wrist_roll,1989,1987,-2,34,0,1044
17.420,2026-08-05T05:45:59.927118+00:00,left_gripper,2014,2014,0,36,0,0
17.420,2026-08-05T05:45:59.927118+00:00,right_shoulder_pan,2154,2131,-23,37,1,1076
17.420,2026-08-05T05:45:59.927118+00:00,right_shoulder_lift,2137,2248,111,35,32,234
17.420,2026-08-05T05:45:59.927118+00:00,right_elbow_flex,2097,2137,40,37,6,94
17.420,2026-08-05T05:45:59.927118+00:00,right_wrist_flex,1976,1984,8,34,0,30
17.420,2026-08-05T05:45:59.927118+00:00,right_wrist_roll,2114,2111,-3,34,0,1044
17.420,2026-08-05T05:45:59.927118+00:00,right_gripper,2457,2462,5,38,0,24
17.470,2026-08-05T05:45:59.977236+00:00,left_shoulder_pan,1857,1851,-6,37,1,1060
17.470,2026-08-05T05:45:59.977236+00:00,left_shoulder_lift,2389,2420,31,36,8,136
17.470,2026-08-05T05:45:59.977236+00:00,left_elbow_flex,1629,1635,6,34,1,36
17.470,2026-08-05T05:45:59.977236+00:00,left_wrist_flex,2169,2170,1,34,0,0
17.470,2026-08-05T05:45:59.977236+00:00,left_wrist_roll,1989,1987,-2,34,0,1044
17.470,2026-08-05T05:45:59.977236+00:00,left_gripper,2014,2014,0,36,0,0
17.470,2026-08-05T05:45:59.977236+00:00,right_shoulder_pan,2157,2135,-22,37,1,1074
17.470,2026-08-05T05:45:59.977236+00:00,right_shoulder_lift,2130,2248,118,35,30,244
17.470,2026-08-05T05:45:59.977236+00:00,right_elbow_flex,2097,2137,40,37,6,94
17.470,2026-08-05T05:45:59.977236+00:00,right_wrist_flex,1976,1984,8,34,0,30
17.470,2026-08-05T05:45:59.977236+00:00,right_wrist_roll,2114,2111,-3,34,1,1044
17.470,2026-08-05T05:45:59.977236+00:00,right_gripper,2457,2462,5,37,1,24
17.521,2026-08-05T05:46:00.027119+00:00,left_shoulder_pan,1857,1851,-6,37,1,1060
17.521,2026-08-05T05:46:00.027119+00:00,left_shoulder_lift,2389,2420,31,36,9,136
17.521,2026-08-05T05:46:00.027119+00:00,left_elbow_flex,1629,1635,6,34,1,36
17.521,2026-08-05T05:46:00.027119+00:00,left_wrist_flex,2169,2170,1,34,0,0
17.521,2026-08-05T05:46:00.027119+00:00,left_wrist_roll,1989,1987,-2,34,1,1044
17.521,2026-08-05T05:46:00.027119+00:00,left_gripper,2014,2014,0,36,0,0
17.521,2026-08-05T05:46:00.027119+00:00,right_shoulder_pan,2160,2139,-21,37,1,1070
17.521,2026-08-05T05:46:00.027119+00:00,right_shoulder_lift,2123,2248,125,35,42,262
17.521,2026-08-05T05:46:00.027119+00:00,right_elbow_flex,2097,2137,40,37,6,94
17.521,2026-08-05T05:46:00.027119+00:00,right_wrist_flex,1976,1984,8,34,0,30
17.521,2026-08-05T05:46:00.027119+00:00,right_wrist_roll,2114,2111,-3,34,0,1044
17.521,2026-08-05T05:46:00.027119+00:00,right_gripper,2457,2462,5,37,0,24
17.571,2026-08-05T05:46:00.077129+00:00,left_shoulder_pan,1857,1851,-6,37,1,1060
17.571,2026-08-05T05:46:00.077129+00:00,left_shoulder_lift,2389,2420,31,36,10,136
17.571,2026-08-05T05:46:00.077129+00:00,left_elbow_flex,1629,1635,6,34,1,36
17.571,2026-08-05T05:46:00.077129+00:00,left_wrist_flex,2169,2170,1,34,0,0
17.571,2026-08-05T05:46:00.077129+00:00,left_wrist_roll,1989,1987,-2,34,0,1044
17.571,2026-08-05T05:46:00.077129+00:00,left_gripper,2014,2014,0,36,0,0
17.571,2026-08-05T05:46:00.077129+00:00,right_shoulder_pan,2163,2143,-20,37,1,1072
17.571,2026-08-05T05:46:00.077129+00:00,right_shoulder_lift,2115,2248,133,35,43,272
17.571,2026-08-05T05:46:00.077129+00:00,right_elbow_flex,2097,2137,40,37,7,94
17.571,2026-08-05T05:46:00.077129+00:00,right_wrist_flex,1976,1984,8,35,1,30
17.571,2026-08-05T05:46:00.077129+00:00,right_wrist_roll,2114,2111,-3,34,0,1044
17.571,2026-08-05T05:46:00.077129+00:00,right_gripper,2457,2462,5,37,1,24
17.621,2026-08-05T05:46:00.127199+00:00,left_shoulder_pan,1857,1851,-6,37,1,1060
17.621,2026-08-05T05:46:00.127199+00:00,left_shoulder_lift,2389,2420,31,36,11,136
17.621,2026-08-05T05:46:00.127199+00:00,left_elbow_flex,1629,1635,6,34,1,36
17.621,2026-08-05T05:46:00.127199+00:00,left_wrist_flex,2169,2170,1,34,0,0
17.621,2026-08-05T05:46:00.127199+00:00,left_wrist_roll,1989,1987,-2,34,0,1044
17.621,2026-08-05T05:46:00.127199+00:00,left_gripper,2014,2014,0,36,0,0
17.621,2026-08-05T05:46:00.127199+00:00,right_shoulder_pan,2165,2146,-19,37,2,1070
17.621,2026-08-05T05:46:00.127199+00:00,right_shoulder_lift,2108,2248,140,35,43,292
17.621,2026-08-05T05:46:00.127199+00:00,right_elbow_flex,2097,2137,40,37,6,94
17.621,2026-08-05T05:46:00.127199+00:00,right_wrist_flex,1976,1984,8,34,0,30
17.621,2026-08-05T05:46:00.127199+00:00,right_wrist_roll,2114,2111,-3,34,0,1044
17.621,2026-08-05T05:46:00.127199+00:00,right_gripper,2457,2462,5,37,0,24
17.671,2026-08-05T05:46:00.178630+00:00,left_shoulder_pan,1857,1851,-6,37,1,1060
17.671,2026-08-05T05:46:00.178630+00:00,left_shoulder_lift,2389,2420,31,36,8,136
17.671,2026-08-05T05:46:00.178630+00:00,left_elbow_flex,1629,1635,6,34,1,36
17.671,2026-08-05T05:46:00.178630+00:00,left_wrist_flex,2169,2170,1,34,0,0
17.671,2026-08-05T05:46:00.178630+00:00,left_wrist_roll,1989,1987,-2,34,0,1044
17.671,2026-08-05T05:46:00.178630+00:00,left_gripper,2014,2014,0,36,0,0
17.671,2026-08-05T05:46:00.178630+00:00,right_shoulder_pan,2167,2149,-18,37,1,1074
17.671,2026-08-05T05:46:00.178630+00:00,right_shoulder_lift,2100,2248,148,35,48,302
17.671,2026-08-05T05:46:00.178630+00:00,right_elbow_flex,2097,2137,40,37,6,94
17.671,2026-08-05T05:46:00.178630+00:00,right_wrist_flex,1976,1984,8,34,0,30
17.671,2026-08-05T05:46:00.178630+00:00,right_wrist_roll,2114,2111,-3,34,0,1044
17.671,2026-08-05T05:46:00.178630+00:00,right_gripper,2457,2462,5,37,1,24
17.721,2026-08-05T05:46:00.227357+00:00,left_shoulder_pan,1857,1851,-6,37,1,1060
17.721,2026-08-05T05:46:00.227357+00:00,left_shoulder_lift,2389,2420,31,36,8,136
17.721,2026-08-05T05:46:00.227357+00:00,left_elbow_flex,1629,1635,6,34,1,36
17.721,2026-08-05T05:46:00.227357+00:00,left_wrist_flex,2169,2170,1,34,0,0
17.721,2026-08-05T05:46:00.227357+00:00,left_wrist_roll,1989,1987,-2,34,1,1044
17.721,2026-08-05T05:46:00.227357+00:00,left_gripper,2014,2014,0,36,0,0
17.721,2026-08-05T05:46:00.227357+00:00,right_shoulder_pan,2169,2152,-17,37,1,1068
17.721,2026-08-05T05:46:00.227357+00:00,right_shoulder_lift,2092,2248,156,35,51,322
17.721,2026-08-05T05:46:00.227357+00:00,right_elbow_flex,2097,2137,40,37,5,94
17.721,2026-08-05T05:46:00.227357+00:00,right_wrist_flex,1976,1984,8,34,1,30
17.721,2026-08-05T05:46:00.227357+00:00,right_wrist_roll,2114,2111,-3,34,0,1044
17.721,2026-08-05T05:46:00.227357+00:00,right_gripper,2457,2462,5,37,1,24
17.771,2026-08-05T05:46:00.277401+00:00,left_shoulder_pan,1857,1851,-6,37,1,1060
17.771,2026-08-05T05:46:00.277401+00:00,left_shoulder_lift,2389,2420,31,36,9,136
17.771,2026-08-05T05:46:00.277401+00:00,left_elbow_flex,1629,1635,6,34,1,36
17.771,2026-08-05T05:46:00.277401+00:00,left_wrist_flex,2169,2170,1,34,0,0
17.771,2026-08-05T05:46:00.277401+00:00,left_wrist_roll,1989,1987,-2,34,0,1044
17.771,2026-08-05T05:46:00.277401+00:00,left_gripper,2014,2014,0,36,0,0
17.771,2026-08-05T05:46:00.277401+00:00,right_shoulder_pan,2171,2153,-18,37,1,1072
17.771,2026-08-05T05:46:00.277401+00:00,right_shoulder_lift,2085,2248,163,35,54,338
17.771,2026-08-05T05:46:00.277401+00:00,right_elbow_flex,2097,2137,40,37,6,94
17.771,2026-08-05T05:46:00.277401+00:00,right_wrist_flex,1976,1984,8,34,0,30
17.771,2026-08-05T05:46:00.277401+00:00,right_wrist_roll,2114,2111,-3,34,0,1044
17.771,2026-08-05T05:46:00.277401+00:00,right_gripper,2457,2462,5,37,1,24
17.821,2026-08-05T05:46:00.327493+00:00,left_shoulder_pan,1857,1851,-6,37,1,1060
17.821,2026-08-05T05:46:00.327493+00:00,left_shoulder_lift,2389,2420,31,36,8,136
17.821,2026-08-05T05:46:00.327493+00:00,left_elbow_flex,1629,1635,6,34,1,36
17.821,2026-08-05T05:46:00.327493+00:00,left_wrist_flex,2169,2170,1,34,0,0
17.821,2026-08-05T05:46:00.327493+00:00,left_wrist_roll,1989,1987,-2,34,1,1044
17.821,2026-08-05T05:46:00.327493+00:00,left_gripper,2014,2014,0,36,0,0
17.821,2026-08-05T05:46:00.327493+00:00,right_shoulder_pan,2172,2155,-17,37,2,1074
17.821,2026-08-05T05:46:00.327493+00:00,right_shoulder_lift,2077,2248,171,35,53,352
17.821,2026-08-05T05:46:00.327493+00:00,right_elbow_flex,2097,2137,40,37,6,94
17.821,2026-08-05T05:46:00.327493+00:00,right_wrist_flex,1976,1984,8,34,0,30
17.821,2026-08-05T05:46:00.327493+00:00,right_wrist_roll,2114,2111,-3,34,1,1044
17.821,2026-08-05T05:46:00.327493+00:00,right_gripper,2457,2462,5,37,1,24
17.871,2026-08-05T05:46:00.377564+00:00,left_shoulder_pan,1857,1851,-6,37,1,1060
17.871,2026-08-05T05:46:00.377564+00:00,left_shoulder_lift,2389,2420,31,36,8,136
17.871,2026-08-05T05:46:00.377564+00:00,left_elbow_flex,1629,1635,6,34,1,36
17.871,2026-08-05T05:46:00.377564+00:00,left_wrist_flex,2169,2170,1,34,0,0
17.871,2026-08-05T05:46:00.377564+00:00,left_wrist_roll,1989,1987,-2,34,0,1044
17.871,2026-08-05T05:46:00.377564+00:00,left_gripper,2014,2014,0,36,0,0
17.871,2026-08-05T05:46:00.377564+00:00,right_shoulder_pan,2173,2156,-17,37,1,1070
17.871,2026-08-05T05:46:00.377564+00:00,right_shoulder_lift,2069,2248,179,35,58,372
17.871,2026-08-05T05:46:00.377564+00:00,right_elbow_flex,2097,2137,40,37,6,94
17.871,2026-08-05T05:46:00.377564+00:00,right_wrist_flex,1976,1984,8,34,0,30
17.871,2026-08-05T05:46:00.377564+00:00,right_wrist_roll,2114,2111,-3,34,0,1044
17.871,2026-08-05T05:46:00.377564+00:00,right_gripper,2457,2462,5,37,1,24
17.921,2026-08-05T05:46:00.427890+00:00,left_shoulder_pan,1857,1851,-6,37,1,1060
17.921,2026-08-05T05:46:00.427890+00:00,left_shoulder_lift,2389,2420,31,36,9,136
17.921,2026-08-05T05:46:00.427890+00:00,left_elbow_flex,1629,1635,6,34,1,36
17.921,2026-08-05T05:46:00.427890+00:00,left_wrist_flex,2169,2170,1,35,0,0
17.921,2026-08-05T05:46:00.427890+00:00,left_wrist_roll,1989,1987,-2,34,1,1044
17.921,2026-08-05T05:46:00.427890+00:00,left_gripper,2014,2014,0,37,0,0
17.921,2026-08-05T05:46:00.427890+00:00,right_shoulder_pan,2174,2156,-18,37,1,1070
17.921,2026-08-05T05:46:00.427890+00:00,right_shoulder_lift,2061,2248,187,35,71,384
17.921,2026-08-05T05:46:00.427890+00:00,right_elbow_flex,2097,2137,40,37,6,94
17.921,2026-08-05T05:46:00.427890+00:00,right_wrist_flex,1976,1984,8,34,1,30
17.921,2026-08-05T05:46:00.427890+00:00,right_wrist_roll,2114,2111,-3,34,0,1044
17.921,2026-08-05T05:46:00.427890+00:00,right_gripper,2457,2462,5,37,1,24
17.971,2026-08-05T05:46:00.477745+00:00,left_shoulder_pan,1857,1851,-6,37,1,1060
17.971,2026-08-05T05:46:00.477745+00:00,left_shoulder_lift,2389,2420,31,36,10,136
17.971,2026-08-05T05:46:00.477745+00:00,left_elbow_flex,1629,1635,6,34,1,36
17.971,2026-08-05T05:46:00.477745+00:00,left_wrist_flex,2169,2170,1,34,0,0
17.971,2026-08-05T05:46:00.477745+00:00,left_wrist_roll,1989,1987,-2,34,0,1044
17.971,2026-08-05T05:46:00.477745+00:00,left_gripper,2014,2014,0,36,0,0
17.971,2026-08-05T05:46:00.477745+00:00,right_shoulder_pan,2174,2157,-17,37,2,1072
17.971,2026-08-05T05:46:00.477745+00:00,right_shoulder_lift,2054,2248,194,35,75,404
17.971,2026-08-05T05:46:00.477745+00:00,right_elbow_flex,2097,2137,40,37,7,94
17.971,2026-08-05T05:46:00.477745+00:00,right_wrist_flex,1976,1984,8,35,1,30
17.971,2026-08-05T05:46:00.477745+00:00,right_wrist_roll,2114,2111,-3,34,0,1044
17.971,2026-08-05T05:46:00.477745+00:00,right_gripper,2457,2462,5,37,1,24
18.021,2026-08-05T05:46:00.528087+00:00,left_shoulder_pan,1857,1851,-6,37,1,1060
18.021,2026-08-05T05:46:00.528087+00:00,left_shoulder_lift,2389,2420,31,36,8,136
18.021,2026-08-05T05:46:00.528087+00:00,left_elbow_flex,1629,1635,6,34,1,36
18.021,2026-08-05T05:46:00.528087+00:00,left_wrist_flex,2169,2170,1,34,0,0
18.021,2026-08-05T05:46:00.528087+00:00,left_wrist_roll,1989,1987,-2,34,0,1044
18.021,2026-08-05T05:46:00.528087+00:00,left_gripper,2014,2014,0,36,0,0
18.021,2026-08-05T05:46:00.528087+00:00,right_shoulder_pan,2174,2158,-16,37,1,1070
18.021,2026-08-05T05:46:00.528087+00:00,right_shoulder_lift,2046,2248,202,35,84,410
18.021,2026-08-05T05:46:00.528087+00:00,right_elbow_flex,2097,2137,40,37,7,94
18.021,2026-08-05T05:46:00.528087+00:00,right_wrist_flex,1976,1984,8,35,1,30
18.021,2026-08-05T05:46:00.528087+00:00,right_wrist_roll,2114,2111,-3,34,1,1044
18.021,2026-08-05T05:46:00.528087+00:00,right_gripper,2457,2462,5,38,0,24
18.071,2026-08-05T05:46:00.577933+00:00,left_shoulder_pan,1857,1851,-6,37,0,1060
18.071,2026-08-05T05:46:00.577933+00:00,left_shoulder_lift,2389,2420,31,36,10,136
18.071,2026-08-05T05:46:00.577933+00:00,left_elbow_flex,1629,1635,6,34,1,36
18.071,2026-08-05T05:46:00.577933+00:00,left_wrist_flex,2169,2170,1,34,0,0
18.071,2026-08-05T05:46:00.577933+00:00,left_wrist_roll,1989,1987,-2,34,1,1044
18.071,2026-08-05T05:46:00.577933+00:00,left_gripper,2014,2014,0,37,0,0
18.071,2026-08-05T05:46:00.577933+00:00,right_shoulder_pan,2174,2158,-16,37,1,1070
18.071,2026-08-05T05:46:00.577933+00:00,right_shoulder_lift,2038,2248,210,35,84,434
18.071,2026-08-05T05:46:00.577933+00:00,right_elbow_flex,2097,2137,40,37,7,94
18.071,2026-08-05T05:46:00.577933+00:00,right_wrist_flex,1976,1984,8,34,1,30
18.071,2026-08-05T05:46:00.577933+00:00,right_wrist_roll,2114,2111,-3,34,0,1044
18.071,2026-08-05T05:46:00.577933+00:00,right_gripper,2457,2462,5,37,1,24
18.121,2026-08-05T05:46:00.628811+00:00,left_shoulder_pan,1857,1851,-6,37,1,1060
18.121,2026-08-05T05:46:00.628811+00:00,left_shoulder_lift,2389,2420,31,36,8,136
18.121,2026-08-05T05:46:00.628811+00:00,left_elbow_flex,1629,1635,6,34,1,36
18.121,2026-08-05T05:46:00.628811+00:00,left_wrist_flex,2169,2170,1,34,0,0
18.121,2026-08-05T05:46:00.628811+00:00,left_wrist_roll,1989,1987,-2,34,0,1044
18.121,2026-08-05T05:46:00.628811+00:00,left_gripper,2014,2014,0,36,0,0
18.121,2026-08-05T05:46:00.628811+00:00,right_shoulder_pan,2173,2159,-14,37,0,1062
18.121,2026-08-05T05:46:00.628811+00:00,right_shoulder_lift,2030,2248,218,35,88,446
18.121,2026-08-05T05:46:00.628811+00:00,right_elbow_flex,2097,2137,40,37,6,94
18.121,2026-08-05T05:46:00.628811+00:00,right_wrist_flex,1976,1984,8,34,0,30
18.121,2026-08-05T05:46:00.628811+00:00,right_wrist_roll,2114,2111,-3,34,0,1044
18.121,2026-08-05T05:46:00.628811+00:00,right_gripper,2457,2462,5,37,0,24
18.172,2026-08-05T05:46:00.678338+00:00,left_shoulder_pan,1857,1851,-6,37,1,1060
18.172,2026-08-05T05:46:00.678338+00:00,left_shoulder_lift,2389,2420,31,36,8,136
18.172,2026-08-05T05:46:00.678338+00:00,left_elbow_flex,1629,1635,6,34,1,36
18.172,2026-08-05T05:46:00.678338+00:00,left_wrist_flex,2169,2170,1,34,0,0
18.172,2026-08-05T05:46:00.678338+00:00,left_wrist_roll,1989,1987,-2,34,0,1044
18.172,2026-08-05T05:46:00.678338+00:00,left_gripper,2014,2014,0,36,0,0
18.172,2026-08-05T05:46:00.678338+00:00,right_shoulder_pan,2172,2159,-13,37,1,1060
18.172,2026-08-05T05:46:00.678338+00:00,right_shoulder_lift,2022,2248,226,35,88,450
18.172,2026-08-05T05:46:00.678338+00:00,right_elbow_flex,2097,2137,40,37,7,94
18.172,2026-08-05T05:46:00.678338+00:00,right_wrist_flex,1976,1984,8,35,1,30
18.172,2026-08-05T05:46:00.678338+00:00,right_wrist_roll,2114,2111,-3,34,0,1044
18.172,2026-08-05T05:46:00.678338+00:00,right_gripper,2457,2462,5,37,1,24
18.222,2026-08-05T05:46:00.728410+00:00,left_shoulder_pan,1857,1851,-6,37,0,1060
18.222,2026-08-05T05:46:00.728410+00:00,left_shoulder_lift,2389,2420,31,36,8,136
18.222,2026-08-05T05:46:00.728410+00:00,left_elbow_flex,1629,1635,6,34,1,36
18.222,2026-08-05T05:46:00.728410+00:00,left_wrist_flex,2169,2170,1,34,0,0
18.222,2026-08-05T05:46:00.728410+00:00,left_wrist_roll,1989,1987,-2,34,1,1044
18.222,2026-08-05T05:46:00.728410+00:00,left_gripper,2014,2014,0,36,0,0
18.222,2026-08-05T05:46:00.728410+00:00,right_shoulder_pan,2171,2159,-12,37,1,1062
18.222,2026-08-05T05:46:00.728410+00:00,right_shoulder_lift,2014,2248,234,35,86,450
18.222,2026-08-05T05:46:00.728410+00:00,right_elbow_flex,2097,2137,40,37,5,94
18.222,2026-08-05T05:46:00.728410+00:00,right_wrist_flex,1976,1984,8,34,1,30
18.222,2026-08-05T05:46:00.728410+00:00,right_wrist_roll,2114,2111,-3,34,1,1044
18.222,2026-08-05T05:46:00.728410+00:00,right_gripper,2457,2462,5,37,0,24
18.272,2026-08-05T05:46:00.778445+00:00,left_shoulder_pan,1857,1851,-6,37,1,1060
18.272,2026-08-05T05:46:00.778445+00:00,left_shoulder_lift,2389,2420,31,36,10,136
18.272,2026-08-05T05:46:00.778445+00:00,left_elbow_flex,1629,1635,6,34,1,36
18.272,2026-08-05T05:46:00.778445+00:00,left_wrist_flex,2169,2170,1,34,0,0
18.272,2026-08-05T05:46:00.778445+00:00,left_wrist_roll,1989,1987,-2,34,1,1044
18.272,2026-08-05T05:46:00.778445+00:00,left_gripper,2014,2014,0,36,0,0
18.272,2026-08-05T05:46:00.778445+00:00,right_shoulder_pan,2169,2159,-10,37,1,1056
18.272,2026-08-05T05:46:00.778445+00:00,right_shoulder_lift,2007,2248,241,35,99,450
18.272,2026-08-05T05:46:00.778445+00:00,right_elbow_flex,2097,2137,40,37,5,94
18.272,2026-08-05T05:46:00.778445+00:00,right_wrist_flex,1976,1984,8,34,0,30
18.272,2026-08-05T05:46:00.778445+00:00,right_wrist_roll,2114,2111,-3,34,0,1044
18.272,2026-08-05T05:46:00.778445+00:00,right_gripper,2457,2462,5,37,1,24
18.322,2026-08-05T05:46:00.828583+00:00,left_shoulder_pan,1857,1851,-6,37,1,1060
18.322,2026-08-05T05:46:00.828583+00:00,left_shoulder_lift,2389,2420,31,36,8,136
18.322,2026-08-05T05:46:00.828583+00:00,left_elbow_flex,1629,1635,6,34,0,36
18.322,2026-08-05T05:46:00.828583+00:00,left_wrist_flex,2169,2170,1,34,0,0
18.322,2026-08-05T05:46:00.828583+00:00,left_wrist_roll,1989,1987,-2,34,0,1044
18.322,2026-08-05T05:46:00.828583+00:00,left_gripper,2014,2014,0,36,0,0
18.322,2026-08-05T05:46:00.828583+00:00,right_shoulder_pan,2168,2159,-9,37,0,1056
18.322,2026-08-05T05:46:00.828583+00:00,right_shoulder_lift,1999,2248,249,35,90,450
18.322,2026-08-05T05:46:00.828583+00:00,right_elbow_flex,2097,2137,40,37,6,94
18.322,2026-08-05T05:46:00.828583+00:00,right_wrist_flex,1976,1984,8,34,0,30
18.322,2026-08-05T05:46:00.828583+00:00,right_wrist_roll,2114,2111,-3,34,0,1044
18.322,2026-08-05T05:46:00.828583+00:00,right_gripper,2457,2462,5,37,0,24
18.372,2026-08-05T05:46:00.878629+00:00,left_shoulder_pan,1857,1851,-6,37,1,1060
18.372,2026-08-05T05:46:00.878629+00:00,left_shoulder_lift,2389,2420,31,36,9,136
18.372,2026-08-05T05:46:00.878629+00:00,left_elbow_flex,1629,1635,6,34,1,36
18.372,2026-08-05T05:46:00.878629+00:00,left_wrist_flex,2169,2170,1,34,0,0
18.372,2026-08-05T05:46:00.878629+00:00,left_wrist_roll,1989,1987,-2,34,0,1044
18.372,2026-08-05T05:46:00.878629+00:00,left_gripper,2014,2014,0,37,0,0
18.372,2026-08-05T05:46:00.878629+00:00,right_shoulder_pan,2166,2159,-7,37,1,1050
18.372,2026-08-05T05:46:00.878629+00:00,right_shoulder_lift,1991,2248,257,35,93,450
18.372,2026-08-05T05:46:00.878629+00:00,right_elbow_flex,2097,2137,40,37,7,94
18.372,2026-08-05T05:46:00.878629+00:00,right_wrist_flex,1976,1984,8,34,0,30
18.372,2026-08-05T05:46:00.878629+00:00,right_wrist_roll,2114,2111,-3,34,0,1044
18.372,2026-08-05T05:46:00.878629+00:00,right_gripper,2457,2462,5,37,1,24
18.422,2026-08-05T05:46:00.928720+00:00,left_shoulder_pan,1857,1851,-6,37,1,1060
18.422,2026-08-05T05:46:00.928720+00:00,left_shoulder_lift,2389,2420,31,36,8,136
18.422,2026-08-05T05:46:00.928720+00:00,left_elbow_flex,1629,1635,6,34,1,36
18.422,2026-08-05T05:46:00.928720+00:00,left_wrist_flex,2169,2170,1,35,0,0
18.422,2026-08-05T05:46:00.928720+00:00,left_wrist_roll,1989,1987,-2,34,0,1044
18.422,2026-08-05T05:46:00.928720+00:00,left_gripper,2014,2014,0,36,0,0
18.422,2026-08-05T05:46:00.928720+00:00,right_shoulder_pan,2163,2159,-4,37,0,1050
18.422,2026-08-05T05:46:00.928720+00:00,right_shoulder_lift,1984,2248,264,35,91,450
18.422,2026-08-05T05:46:00.928720+00:00,right_elbow_flex,2097,2137,40,37,7,94
18.422,2026-08-05T05:46:00.928720+00:00,right_wrist_flex,1976,1984,8,35,1,30
18.422,2026-08-05T05:46:00.928720+00:00,right_wrist_roll,2114,2111,-3,34,0,1044
18.422,2026-08-05T05:46:00.928720+00:00,right_gripper,2457,2462,5,37,1,24
18.472,2026-08-05T05:46:00.978577+00:00,left_shoulder_pan,1857,1851,-6,37,1,1060
18.472,2026-08-05T05:46:00.978577+00:00,left_shoulder_lift,2389,2420,31,36,8,136
18.472,2026-08-05T05:46:00.978577+00:00,left_elbow_flex,1629,1635,6,34,1,36
18.472,2026-08-05T05:46:00.978577+00:00,left_wrist_flex,2169,2170,1,34,0,0
18.472,2026-08-05T05:46:00.978577+00:00,left_wrist_roll,1989,1987,-2,34,0,1044
18.472,2026-08-05T05:46:00.978577+00:00,left_gripper,2014,2014,0,36,0,0
18.472,2026-08-05T05:46:00.978577+00:00,right_shoulder_pan,2160,2159,-1,37,0,1044
18.472,2026-08-05T05:46:00.978577+00:00,right_shoulder_lift,1977,2248,271,35,97,450
18.472,2026-08-05T05:46:00.978577+00:00,right_elbow_flex,2097,2137,40,37,6,94
18.472,2026-08-05T05:46:00.978577+00:00,right_wrist_flex,1976,1984,8,34,1,30
18.472,2026-08-05T05:46:00.978577+00:00,right_wrist_roll,2114,2111,-3,34,0,1044
18.472,2026-08-05T05:46:00.978577+00:00,right_gripper,2457,2462,5,37,0,24
18.522,2026-08-05T05:46:01.028628+00:00,left_shoulder_pan,1857,1851,-6,37,1,1060
18.522,2026-08-05T05:46:01.028628+00:00,left_shoulder_lift,2389,2420,31,36,10,136
18.522,2026-08-05T05:46:01.028628+00:00,left_elbow_flex,1629,1635,6,34,1,36
18.522,2026-08-05T05:46:01.028628+00:00,left_wrist_flex,2169,2170,1,34,0,0
18.522,2026-08-05T05:46:01.028628+00:00,left_wrist_roll,1989,1987,-2,34,0,1044
18.522,2026-08-05T05:46:01.028628+00:00,left_gripper,2014,2014,0,36,0,0
18.522,2026-08-05T05:46:01.028628+00:00,right_shoulder_pan,2157,2159,2,37,0,20
18.522,2026-08-05T05:46:01.028628+00:00,right_shoulder_lift,1969,2248,279,35,89,450
18.522,2026-08-05T05:46:01.028628+00:00,right_elbow_flex,2097,2137,40,37,6,94
18.522,2026-08-05T05:46:01.028628+00:00,right_wrist_flex,1976,1984,8,34,0,30
18.522,2026-08-05T05:46:01.028628+00:00,right_wrist_roll,2114,2111,-3,34,0,1044
18.522,2026-08-05T05:46:01.028628+00:00,right_gripper,2457,2462,5,37,1,24
18.572,2026-08-05T05:46:01.078676+00:00,left_shoulder_pan,1857,1851,-6,37,1,1060
18.572,2026-08-05T05:46:01.078676+00:00,left_shoulder_lift,2389,2420,31,36,8,136
18.572,2026-08-05T05:46:01.078676+00:00,left_elbow_flex,1629,1635,6,34,1,36
18.572,2026-08-05T05:46:01.078676+00:00,left_wrist_flex,2169,2170,1,34,0,0
18.572,2026-08-05T05:46:01.078676+00:00,left_wrist_roll,1989,1987,-2,34,1,1044
18.572,2026-08-05T05:46:01.078676+00:00,left_gripper,2014,2014,0,36,0,0
18.572,2026-08-05T05:46:01.078676+00:00,right_shoulder_pan,2154,2159,5,37,0,20
18.572,2026-08-05T05:46:01.078676+00:00,right_shoulder_lift,1962,2248,286,35,96,450
18.572,2026-08-05T05:46:01.078676+00:00,right_elbow_flex,2097,2137,40,37,6,94
18.572,2026-08-05T05:46:01.078676+00:00,right_wrist_flex,1976,1984,8,34,0,30
18.572,2026-08-05T05:46:01.078676+00:00,right_wrist_roll,2114,2111,-3,34,0,1044
18.572,2026-08-05T05:46:01.078676+00:00,right_gripper,2457,2462,5,37,0,24
18.622,2026-08-05T05:46:01.128734+00:00,left_shoulder_pan,1857,1851,-6,37,1,1060
18.622,2026-08-05T05:46:01.128734+00:00,left_shoulder_lift,2389,2420,31,36,8,136
18.622,2026-08-05T05:46:01.128734+00:00,left_elbow_flex,1629,1635,6,34,1,36
18.622,2026-08-05T05:46:01.128734+00:00,left_wrist_flex,2169,2170,1,34,0,0
18.622,2026-08-05T05:46:01.128734+00:00,left_wrist_roll,1989,1987,-2,33,0,1044
18.622,2026-08-05T05:46:01.128734+00:00,left_gripper,2014,2014,0,36,0,0
18.622,2026-08-05T05:46:01.128734+00:00,right_shoulder_pan,2151,2159,8,37,1,30
18.622,2026-08-05T05:46:01.128734+00:00,right_shoulder_lift,1955,2248,293,35,87,450
18.622,2026-08-05T05:46:01.128734+00:00,right_elbow_flex,2097,2137,40,37,6,94
18.622,2026-08-05T05:46:01.128734+00:00,right_wrist_flex,1976,1984,8,35,1,30
18.622,2026-08-05T05:46:01.128734+00:00,right_wrist_roll,2114,2111,-3,33,0,1044
18.622,2026-08-05T05:46:01.128734+00:00,right_gripper,2457,2462,5,37,0,24
18.672,2026-08-05T05:46:01.178747+00:00,left_shoulder_pan,1857,1851,-6,37,1,1060
18.672,2026-08-05T05:46:01.178747+00:00,left_shoulder_lift,2389,2420,31,36,9,136
18.672,2026-08-05T05:46:01.178747+00:00,left_elbow_flex,1629,1635,6,34,0,36
18.672,2026-08-05T05:46:01.178747+00:00,left_wrist_flex,2169,2170,1,35,0,0
18.672,2026-08-05T05:46:01.178747+00:00,left_wrist_roll,1989,1987,-2,34,0,1044
18.672,2026-08-05T05:46:01.178747+00:00,left_gripper,2014,2014,0,36,0,0
18.672,2026-08-05T05:46:01.178747+00:00,right_shoulder_pan,2147,2159,12,37,1,32
18.672,2026-08-05T05:46:01.178747+00:00,right_shoulder_lift,1948,2248,300,35,91,450
18.672,2026-08-05T05:46:01.178747+00:00,right_elbow_flex,2097,2137,40,37,5,94
18.672,2026-08-05T05:46:01.178747+00:00,right_wrist_flex,1976,1984,8,34,0,30
18.672,2026-08-05T05:46:01.178747+00:00,right_wrist_roll,2114,2111,-3,34,0,1044
18.672,2026-08-05T05:46:01.178747+00:00,right_gripper,2457,2462,5,37,0,24
18.722,2026-08-05T05:46:01.229213+00:00,left_shoulder_pan,1857,1851,-6,37,1,1060
18.722,2026-08-05T05:46:01.229213+00:00,left_shoulder_lift,2389,2420,31,36,10,136
18.722,2026-08-05T05:46:01.229213+00:00,left_elbow_flex,1629,1635,6,34,1,36
18.722,2026-08-05T05:46:01.229213+00:00,left_wrist_flex,2169,2170,1,34,0,0
18.722,2026-08-05T05:46:01.229213+00:00,left_wrist_roll,1989,1987,-2,34,0,1044
18.722,2026-08-05T05:46:01.229213+00:00,left_gripper,2014,2014,0,36,0,0
18.722,2026-08-05T05:46:01.229213+00:00,right_shoulder_pan,2143,2158,15,37,1,42
18.722,2026-08-05T05:46:01.229213+00:00,right_shoulder_lift,1942,2248,306,35,90,450
18.722,2026-08-05T05:46:01.229213+00:00,right_elbow_flex,2097,2137,40,37,6,94
18.722,2026-08-05T05:46:01.229213+00:00,right_wrist_flex,1976,1984,8,34,0,30
18.722,2026-08-05T05:46:01.229213+00:00,right_wrist_roll,2114,2111,-3,34,0,1044
18.722,2026-08-05T05:46:01.229213+00:00,right_gripper,2457,2462,5,37,1,24
18.772,2026-08-05T05:46:01.279750+00:00,left_shoulder_pan,1857,1851,-6,37,1,1060
18.772,2026-08-05T05:46:01.279750+00:00,left_shoulder_lift,2389,2420,31,36,8,136
18.772,2026-08-05T05:46:01.279750+00:00,left_elbow_flex,1629,1635,6,33,0,36
18.772,2026-08-05T05:46:01.279750+00:00,left_wrist_flex,2169,2170,1,34,0,0
18.772,2026-08-05T05:46:01.279750+00:00,left_wrist_roll,1989,1987,-2,34,0,1044
18.772,2026-08-05T05:46:01.279750+00:00,left_gripper,2014,2014,0,37,0,0
18.772,2026-08-05T05:46:01.279750+00:00,right_shoulder_pan,2138,2156,18,37,1,46
18.772,2026-08-05T05:46:01.279750+00:00,right_shoulder_lift,1935,2248,313,35,96,450
18.772,2026-08-05T05:46:01.279750+00:00,right_elbow_flex,2097,2137,40,37,6,94
18.772,2026-08-05T05:46:01.279750+00:00,right_wrist_flex,1976,1984,8,34,0,30
18.772,2026-08-05T05:46:01.279750+00:00,right_wrist_roll,2114,2111,-3,34,0,1044
18.772,2026-08-05T05:46:01.279750+00:00,right_gripper,2457,2462,5,38,0,24
18.823,2026-08-05T05:46:01.329103+00:00,left_shoulder_pan,1857,1851,-6,37,1,1060
18.823,2026-08-05T05:46:01.329103+00:00,left_shoulder_lift,2389,2420,31,36,8,136
18.823,2026-08-05T05:46:01.329103+00:00,left_elbow_flex,1629,1635,6,34,1,36
18.823,2026-08-05T05:46:01.329103+00:00,left_wrist_flex,2169,2170,1,34,0,0
18.823,2026-08-05T05:46:01.329103+00:00,left_wrist_roll,1989,1987,-2,34,0,1044
18.823,2026-08-05T05:46:01.329103+00:00,left_gripper,2014,2014,0,36,0,0
18.823,2026-08-05T05:46:01.329103+00:00,right_shoulder_pan,2134,2154,20,37,2,50
18.823,2026-08-05T05:46:01.329103+00:00,right_shoulder_lift,1929,2248,319,35,85,450
18.823,2026-08-05T05:46:01.329103+00:00,right_elbow_flex,2097,2137,40,37,6,94
18.823,2026-08-05T05:46:01.329103+00:00,right_wrist_flex,1976,1984,8,35,1,30
18.823,2026-08-05T05:46:01.329103+00:00,right_wrist_roll,2114,2111,-3,34,1,1044
18.823,2026-08-05T05:46:01.329103+00:00,right_gripper,2457,2462,5,37,0,24
18.873,2026-08-05T05:46:01.379399+00:00,left_shoulder_pan,1857,1851,-6,37,1,1060
18.873,2026-08-05T05:46:01.379399+00:00,left_shoulder_lift,2389,2420,31,36,9,136
18.873,2026-08-05T05:46:01.379399+00:00,left_elbow_flex,1629,1635,6,34,0,36
18.873,2026-08-05T05:46:01.379399+00:00,left_wrist_flex,2169,2170,1,34,0,0
18.873,2026-08-05T05:46:01.379399+00:00,left_wrist_roll,1989,1987,-2,34,1,1044
18.873,2026-08-05T05:46:01.379399+00:00,left_gripper,2014,2014,0,36,0,0
18.873,2026-08-05T05:46:01.379399+00:00,right_shoulder_pan,2129,2151,22,37,1,48
18.873,2026-08-05T05:46:01.379399+00:00,right_shoulder_lift,1922,2248,326,35,87,450
18.873,2026-08-05T05:46:01.379399+00:00,right_elbow_flex,2097,2137,40,37,6,94
18.873,2026-08-05T05:46:01.379399+00:00,right_wrist_flex,1976,1984,8,34,1,30
18.873,2026-08-05T05:46:01.379399+00:00,right_wrist_roll,2114,2111,-3,34,0,1044
18.873,2026-08-05T05:46:01.379399+00:00,right_gripper,2457,2462,5,37,1,24
18.923,2026-08-05T05:46:01.429653+00:00,left_shoulder_pan,1857,1851,-6,37,1,1060
18.923,2026-08-05T05:46:01.429653+00:00,left_shoulder_lift,2389,2420,31,36,8,136
18.923,2026-08-05T05:46:01.429653+00:00,left_elbow_flex,1629,1635,6,34,1,36
18.923,2026-08-05T05:46:01.429653+00:00,left_wrist_flex,2169,2170,1,34,0,0
18.923,2026-08-05T05:46:01.429653+00:00,left_wrist_roll,1989,1987,-2,34,1,1044
18.923,2026-08-05T05:46:01.429653+00:00,left_gripper,2014,2014,0,36,0,0
18.923,2026-08-05T05:46:01.429653+00:00,right_shoulder_pan,2124,2146,22,37,1,54
18.923,2026-08-05T05:46:01.429653+00:00,right_shoulder_lift,1916,2248,332,35,87,450
18.923,2026-08-05T05:46:01.429653+00:00,right_elbow_flex,2097,2137,40,37,6,94
18.923,2026-08-05T05:46:01.429653+00:00,right_wrist_flex,1976,1984,8,35,1,30
18.923,2026-08-05T05:46:01.429653+00:00,right_wrist_roll,2114,2111,-3,34,0,1044
18.923,2026-08-05T05:46:01.429653+00:00,right_gripper,2457,2462,5,38,0,24
18.973,2026-08-05T05:46:01.479578+00:00,left_shoulder_pan,1857,1851,-6,37,1,1060
18.973,2026-08-05T05:46:01.479578+00:00,left_shoulder_lift,2389,2420,31,36,9,136
18.973,2026-08-05T05:46:01.479578+00:00,left_elbow_flex,1629,1635,6,34,1,36
18.973,2026-08-05T05:46:01.479578+00:00,left_wrist_flex,2169,2170,1,34,0,0
18.973,2026-08-05T05:46:01.479578+00:00,left_wrist_roll,1989,1987,-2,34,0,1044
18.973,2026-08-05T05:46:01.479578+00:00,left_gripper,2014,2014,0,36,0,0
18.973,2026-08-05T05:46:01.479578+00:00,right_shoulder_pan,2118,2141,23,38,1,44
18.973,2026-08-05T05:46:01.479578+00:00,right_shoulder_lift,1911,2248,337,35,85,450
18.973,2026-08-05T05:46:01.479578+00:00,right_elbow_flex,2097,2137,40,37,6,94
18.973,2026-08-05T05:46:01.479578+00:00,right_wrist_flex,1976,1984,8,35,1,30
18.973,2026-08-05T05:46:01.479578+00:00,right_wrist_roll,2114,2111,-3,34,1,1044
18.973,2026-08-05T05:46:01.479578+00:00,right_gripper,2457,2462,5,37,0,24
19.023,2026-08-05T05:46:01.529469+00:00,left_shoulder_pan,1857,1851,-6,37,2,1060
19.023,2026-08-05T05:46:01.529469+00:00,left_shoulder_lift,2389,2420,31,36,8,136
19.023,2026-08-05T05:46:01.529469+00:00,left_elbow_flex,1629,1635,6,34,0,36
19.023,2026-08-05T05:46:01.529469+00:00,left_wrist_flex,2169,2170,1,34,0,0
19.023,2026-08-05T05:46:01.529469+00:00,left_wrist_roll,1989,1987,-2,34,0,1044
19.023,2026-08-05T05:46:01.529469+00:00,left_gripper,2014,2014,0,36,0,0
19.023,2026-08-05T05:46:01.529469+00:00,right_shoulder_pan,2113,2135,22,37,1,52
19.023,2026-08-05T05:46:01.529469+00:00,right_shoulder_lift,1905,2248,343,35,89,450
19.023,2026-08-05T05:46:01.529469+00:00,right_elbow_flex,2097,2137,40,37,6,94
19.023,2026-08-05T05:46:01.529469+00:00,right_wrist_flex,1976,1984,8,34,0,30
19.023,2026-08-05T05:46:01.529469+00:00,right_wrist_roll,2114,2111,-3,34,0,1044
19.023,2026-08-05T05:46:01.529469+00:00,right_gripper,2457,2462,5,37,0,24
19.073,2026-08-05T05:46:01.579453+00:00,left_shoulder_pan,1857,1851,-6,37,1,1060
19.073,2026-08-05T05:46:01.579453+00:00,left_shoulder_lift,2389,2420,31,36,8,136
19.073,2026-08-05T05:46:01.579453+00:00,left_elbow_flex,1629,1635,6,34,1,36
19.073,2026-08-05T05:46:01.579453+00:00,left_wrist_flex,2169,2170,1,34,0,0
19.073,2026-08-05T05:46:01.579453+00:00,left_wrist_roll,1989,1987,-2,34,1,1044
19.073,2026-08-05T05:46:01.579453+00:00,left_gripper,2014,2014,0,36,0,0
19.073,2026-08-05T05:46:01.579453+00:00,right_shoulder_pan,2107,2130,23,37,1,48
19.073,2026-08-05T05:46:01.579453+00:00,right_shoulder_lift,1900,2248,348,35,94,450
19.073,2026-08-05T05:46:01.579453+00:00,right_elbow_flex,2097,2137,40,37,5,94
19.073,2026-08-05T05:46:01.579453+00:00,right_wrist_flex,1976,1984,8,35,1,30
19.073,2026-08-05T05:46:01.579453+00:00,right_wrist_roll,2114,2111,-3,34,0,1044
19.073,2026-08-05T05:46:01.579453+00:00,right_gripper,2457,2462,5,38,0,24
19.123,2026-08-05T05:46:01.629777+00:00,left_shoulder_pan,1857,1851,-6,37,1,1060
19.123,2026-08-05T05:46:01.629777+00:00,left_shoulder_lift,2389,2420,31,36,9,136
19.123,2026-08-05T05:46:01.629777+00:00,left_elbow_flex,1629,1635,6,34,1,36
19.123,2026-08-05T05:46:01.629777+00:00,left_wrist_flex,2169,2170,1,34,0,0
19.123,2026-08-05T05:46:01.629777+00:00,left_wrist_roll,1989,1987,-2,34,0,1044
19.123,2026-08-05T05:46:01.629777+00:00,left_gripper,2014,2014,0,36,0,0
19.123,2026-08-05T05:46:01.629777+00:00,right_shoulder_pan,2101,2124,23,37,1,52
19.123,2026-08-05T05:46:01.629777+00:00,right_shoulder_lift,1895,2248,353,35,91,450
19.123,2026-08-05T05:46:01.629777+00:00,right_elbow_flex,2097,2137,40,37,6,94
19.123,2026-08-05T05:46:01.629777+00:00,right_wrist_flex,1976,1984,8,35,0,30
19.123,2026-08-05T05:46:01.629777+00:00,right_wrist_roll,2114,2111,-3,34,0,1044
19.123,2026-08-05T05:46:01.629777+00:00,right_gripper,2457,2462,5,37,0,24
19.173,2026-08-05T05:46:01.679629+00:00,left_shoulder_pan,1857,1851,-6,37,1,1060
19.173,2026-08-05T05:46:01.679629+00:00,left_shoulder_lift,2389,2420,31,36,8,136
19.173,2026-08-05T05:46:01.679629+00:00,left_elbow_flex,1629,1635,6,34,1,36
19.173,2026-08-05T05:46:01.679629+00:00,left_wrist_flex,2169,2170,1,34,0,0
19.173,2026-08-05T05:46:01.679629+00:00,left_wrist_roll,1989,1987,-2,34,1,1044
19.173,2026-08-05T05:46:01.679629+00:00,left_gripper,2014,2014,0,36,0,0
19.173,2026-08-05T05:46:01.679629+00:00,right_shoulder_pan,2095,2118,23,37,1,48
19.173,2026-08-05T05:46:01.679629+00:00,right_shoulder_lift,1890,2248,358,35,85,450
19.173,2026-08-05T05:46:01.679629+00:00,right_elbow_flex,2097,2137,40,37,6,94
19.173,2026-08-05T05:46:01.679629+00:00,right_wrist_flex,1976,1984,8,35,1,30
19.173,2026-08-05T05:46:01.679629+00:00,right_wrist_roll,2114,2111,-3,34,0,1044
19.173,2026-08-05T05:46:01.679629+00:00,right_gripper,2457,2462,5,37,1,24
19.223,2026-08-05T05:46:01.729660+00:00,left_shoulder_pan,1857,1851,-6,37,1,1060
19.223,2026-08-05T05:46:01.729660+00:00,left_shoulder_lift,2389,2420,31,36,8,136
19.223,2026-08-05T05:46:01.729660+00:00,left_elbow_flex,1629,1635,6,34,1,36
19.223,2026-08-05T05:46:01.729660+00:00,left_wrist_flex,2169,2170,1,34,0,0
19.223,2026-08-05T05:46:01.729660+00:00,left_wrist_roll,1989,1987,-2,34,0,1044
19.223,2026-08-05T05:46:01.729660+00:00,left_gripper,2014,2014,0,36,0,0
19.223,2026-08-05T05:46:01.729660+00:00,right_shoulder_pan,2089,2112,23,37,1,42
19.223,2026-08-05T05:46:01.729660+00:00,right_shoulder_lift,1885,2248,363,35,87,450
19.223,2026-08-05T05:46:01.729660+00:00,right_elbow_flex,2097,2137,40,37,6,94
19.223,2026-08-05T05:46:01.729660+00:00,right_wrist_flex,1976,1984,8,34,1,30
19.223,2026-08-05T05:46:01.729660+00:00,right_wrist_roll,2114,2111,-3,34,0,1044
19.223,2026-08-05T05:46:01.729660+00:00,right_gripper,2457,2462,5,37,1,24
19.273,2026-08-05T05:46:01.780028+00:00,left_shoulder_pan,1857,1851,-6,37,1,1060
19.273,2026-08-05T05:46:01.780028+00:00,left_shoulder_lift,2389,2420,31,36,9,136
19.273,2026-08-05T05:46:01.780028+00:00,left_elbow_flex,1629,1635,6,34,0,36
19.273,2026-08-05T05:46:01.780028+00:00,left_wrist_flex,2169,2170,1,34,0,0
19.273,2026-08-05T05:46:01.780028+00:00,left_wrist_roll,1989,1987,-2,34,0,1044
19.273,2026-08-05T05:46:01.780028+00:00,left_gripper,2014,2014,0,36,0,0
19.273,2026-08-05T05:46:01.780028+00:00,right_shoulder_pan,2082,2106,24,37,0,52
19.273,2026-08-05T05:46:01.780028+00:00,right_shoulder_lift,1881,2248,367,35,88,450
19.273,2026-08-05T05:46:01.780028+00:00,right_elbow_flex,2097,2137,40,37,7,94
19.273,2026-08-05T05:46:01.780028+00:00,right_wrist_flex,1976,1984,8,34,1,30
19.273,2026-08-05T05:46:01.780028+00:00,right_wrist_roll,2114,2111,-3,34,0,1044
19.273,2026-08-05T05:46:01.780028+00:00,right_gripper,2457,2462,5,38,1,24
19.323,2026-08-05T05:46:01.829840+00:00,left_shoulder_pan,1857,1851,-6,37,1,1060
19.323,2026-08-05T05:46:01.829840+00:00,left_shoulder_lift,2389,2420,31,36,8,136
19.323,2026-08-05T05:46:01.829840+00:00,left_elbow_flex,1629,1635,6,34,1,36
19.323,2026-08-05T05:46:01.829840+00:00,left_wrist_flex,2169,2170,1,34,0,0
19.323,2026-08-05T05:46:01.829840+00:00,left_wrist_roll,1989,1987,-2,34,0,1044
19.323,2026-08-05T05:46:01.829840+00:00,left_gripper,2014,2014,0,37,0,0
19.323,2026-08-05T05:46:01.829840+00:00,right_shoulder_pan,2075,2100,25,37,1,50
19.323,2026-08-05T05:46:01.829840+00:00,right_shoulder_lift,1877,2248,371,35,89,450
19.323,2026-08-05T05:46:01.829840+00:00,right_elbow_flex,2097,2137,40,37,7,94
19.323,2026-08-05T05:46:01.829840+00:00,right_wrist_flex,1976,1984,8,35,0,30
19.323,2026-08-05T05:46:01.829840+00:00,right_wrist_roll,2114,2111,-3,34,0,1044
19.323,2026-08-05T05:46:01.829840+00:00,right_gripper,2457,2462,5,37,0,24
19.373,2026-08-05T05:46:01.880141+00:00,left_shoulder_pan,1857,1851,-6,37,1,1060
19.373,2026-08-05T05:46:01.880141+00:00,left_shoulder_lift,2389,2420,31,36,8,136
19.373,2026-08-05T05:46:01.880141+00:00,left_elbow_flex,1629,1635,6,34,1,36
19.373,2026-08-05T05:46:01.880141+00:00,left_wrist_flex,2169,2170,1,34,0,0
19.373,2026-08-05T05:46:01.880141+00:00,left_wrist_roll,1989,1987,-2,34,0,1044
19.373,2026-08-05T05:46:01.880141+00:00,left_gripper,2014,2014,0,36,0,0
19.373,2026-08-05T05:46:01.880141+00:00,right_shoulder_pan,2069,2094,25,37,1,56
19.373,2026-08-05T05:46:01.880141+00:00,right_shoulder_lift,1873,2248,375,35,85,450
19.373,2026-08-05T05:46:01.880141+00:00,right_elbow_flex,2097,2137,40,37,7,94
19.373,2026-08-05T05:46:01.880141+00:00,right_wrist_flex,1976,1984,8,34,1,30
19.373,2026-08-05T05:46:01.880141+00:00,right_wrist_roll,2114,2111,-3,34,0,1044
19.373,2026-08-05T05:46:01.880141+00:00,right_gripper,2457,2462,5,37,0,24
19.423,2026-08-05T05:46:01.929991+00:00,left_shoulder_pan,1857,1851,-6,37,1,1060
19.423,2026-08-05T05:46:01.929991+00:00,left_shoulder_lift,2389,2420,31,36,8,136
19.423,2026-08-05T05:46:01.929991+00:00,left_elbow_flex,1629,1635,6,34,1,36
19.423,2026-08-05T05:46:01.929991+00:00,left_wrist_flex,2169,2170,1,34,0,0
19.423,2026-08-05T05:46:01.929991+00:00,left_wrist_roll,1989,1987,-2,34,0,1044
19.423,2026-08-05T05:46:01.929991+00:00,left_gripper,2014,2014,0,36,0,0
19.423,2026-08-05T05:46:01.929991+00:00,right_shoulder_pan,2061,2088,27,37,1,48
19.423,2026-08-05T05:46:01.929991+00:00,right_shoulder_lift,1869,2248,379,35,93,450
19.423,2026-08-05T05:46:01.929991+00:00,right_elbow_flex,2097,2137,40,37,6,94
19.423,2026-08-05T05:46:01.929991+00:00,right_wrist_flex,1976,1984,8,34,0,30
19.423,2026-08-05T05:46:01.929991+00:00,right_wrist_roll,2114,2111,-3,34,0,1044
19.423,2026-08-05T05:46:01.929991+00:00,right_gripper,2457,2462,5,37,0,24
19.474,2026-08-05T05:46:01.980149+00:00,left_shoulder_pan,1857,1851,-6,37,1,1060
19.474,2026-08-05T05:46:01.980149+00:00,left_shoulder_lift,2389,2420,31,36,9,136
19.474,2026-08-05T05:46:01.980149+00:00,left_elbow_flex,1629,1635,6,34,1,36
19.474,2026-08-05T05:46:01.980149+00:00,left_wrist_flex,2169,2170,1,34,0,0
19.474,2026-08-05T05:46:01.980149+00:00,left_wrist_roll,1989,1987,-2,34,0,1044
19.474,2026-08-05T05:46:01.980149+00:00,left_gripper,2014,2014,0,36,0,0
19.474,2026-08-05T05:46:01.980149+00:00,right_shoulder_pan,2054,2082,28,37,1,62
19.474,2026-08-05T05:46:01.980149+00:00,right_shoulder_lift,1866,2248,382,35,86,450
19.474,2026-08-05T05:46:01.980149+00:00,right_elbow_flex,2097,2137,40,37,6,94
19.474,2026-08-05T05:46:01.980149+00:00,right_wrist_flex,1976,1984,8,35,0,30
19.474,2026-08-05T05:46:01.980149+00:00,right_wrist_roll,2114,2111,-3,34,0,1044
19.474,2026-08-05T05:46:01.980149+00:00,right_gripper,2457,2462,5,37,0,24
19.524,2026-08-05T05:46:02.030220+00:00,left_shoulder_pan,1857,1851,-6,37,1,1060
19.524,2026-08-05T05:46:02.030220+00:00,left_shoulder_lift,2389,2420,31,36,8,136
19.524,2026-08-05T05:46:02.030220+00:00,left_elbow_flex,1629,1635,6,34,1,36
19.524,2026-08-05T05:46:02.030220+00:00,left_wrist_flex,2169,2170,1,34,0,0
19.524,2026-08-05T05:46:02.030220+00:00,left_wrist_roll,1989,1987,-2,34,0,1044
19.524,2026-08-05T05:46:02.030220+00:00,left_gripper,2014,2014,0,36,0,0
19.524,2026-08-05T05:46:02.030220+00:00,right_shoulder_pan,2047,2075,28,37,1,58
19.524,2026-08-05T05:46:02.030220+00:00,right_shoulder_lift,1863,2248,385,35,86,450
19.524,2026-08-05T05:46:02.030220+00:00,right_elbow_flex,2097,2137,40,37,6,94
19.524,2026-08-05T05:46:02.030220+00:00,right_wrist_flex,1976,1984,8,34,0,30
19.524,2026-08-05T05:46:02.030220+00:00,right_wrist_roll,2114,2111,-3,34,0,1044
19.524,2026-08-05T05:46:02.030220+00:00,right_gripper,2457,2462,5,37,0,24
19.574,2026-08-05T05:46:02.080264+00:00,left_shoulder_pan,1857,1851,-6,37,1,1060
19.574,2026-08-05T05:46:02.080264+00:00,left_shoulder_lift,2389,2420,31,36,10,136
19.574,2026-08-05T05:46:02.080264+00:00,left_elbow_flex,1629,1635,6,34,1,36
19.574,2026-08-05T05:46:02.080264+00:00,left_wrist_flex,2169,2170,1,34,0,0
19.574,2026-08-05T05:46:02.080264+00:00,left_wrist_roll,1989,1987,-2,34,0,1044
19.574,2026-08-05T05:46:02.080264+00:00,left_gripper,2014,2014,0,36,0,0
19.574,2026-08-05T05:46:02.080264+00:00,right_shoulder_pan,2040,2068,28,37,0,56
19.574,2026-08-05T05:46:02.080264+00:00,right_shoulder_lift,1860,2248,388,35,90,450
19.574,2026-08-05T05:46:02.080264+00:00,right_elbow_flex,2097,2137,40,37,6,94
19.574,2026-08-05T05:46:02.080264+00:00,right_wrist_flex,1976,1984,8,35,1,30
19.574,2026-08-05T05:46:02.080264+00:00,right_wrist_roll,2114,2111,-3,34,0,1044
19.574,2026-08-05T05:46:02.080264+00:00,right_gripper,2457,2462,5,37,0,24
19.624,2026-08-05T05:46:02.130431+00:00,left_shoulder_pan,1857,1851,-6,37,1,1060
19.624,2026-08-05T05:46:02.130431+00:00,left_shoulder_lift,2389,2420,31,36,8,136
19.624,2026-08-05T05:46:02.130431+00:00,left_elbow_flex,1629,1635,6,34,1,36
19.624,2026-08-05T05:46:02.130431+00:00,left_wrist_flex,2169,2170,1,34,0,0
19.624,2026-08-05T05:46:02.130431+00:00,left_wrist_roll,1989,1987,-2,34,0,1044
19.624,2026-08-05T05:46:02.130431+00:00,left_gripper,2014,2014,0,36,0,0
19.624,2026-08-05T05:46:02.130431+00:00,right_shoulder_pan,2032,2061,29,37,1,54
19.624,2026-08-05T05:46:02.130431+00:00,right_shoulder_lift,1858,2248,390,35,91,450
19.624,2026-08-05T05:46:02.130431+00:00,right_elbow_flex,2097,2137,40,37,6,94
19.624,2026-08-05T05:46:02.130431+00:00,right_wrist_flex,1976,1984,8,35,1,30
19.624,2026-08-05T05:46:02.130431+00:00,right_wrist_roll,2114,2111,-3,34,0,1044
19.624,2026-08-05T05:46:02.130431+00:00,right_gripper,2457,2462,5,37,1,24
19.674,2026-08-05T05:46:02.180669+00:00,left_shoulder_pan,1857,1851,-6,37,1,1060
19.674,2026-08-05T05:46:02.180669+00:00,left_shoulder_lift,2389,2420,31,36,8,136
19.674,2026-08-05T05:46:02.180669+00:00,left_elbow_flex,1629,1635,6,34,1,36
19.674,2026-08-05T05:46:02.180669+00:00,left_wrist_flex,2169,2170,1,35,0,0
19.674,2026-08-05T05:46:02.180669+00:00,left_wrist_roll,1989,1987,-2,34,0,1044
19.674,2026-08-05T05:46:02.180669+00:00,left_gripper,2014,2014,0,36,0,0
19.674,2026-08-05T05:46:02.180669+00:00,right_shoulder_pan,2025,2053,28,37,1,56
19.674,2026-08-05T05:46:02.180669+00:00,right_shoulder_lift,1856,2248,392,35,90,450
19.674,2026-08-05T05:46:02.180669+00:00,right_elbow_flex,2097,2137,40,37,6,94
19.674,2026-08-05T05:46:02.180669+00:00,right_wrist_flex,1976,1984,8,34,0,30
19.674,2026-08-05T05:46:02.180669+00:00,right_wrist_roll,2114,2111,-3,34,1,1044
19.674,2026-08-05T05:46:02.180669+00:00,right_gripper,2457,2462,5,37,0,24
19.724,2026-08-05T05:46:02.230478+00:00,left_shoulder_pan,1857,1851,-6,37,1,1060
19.724,2026-08-05T05:46:02.230478+00:00,left_shoulder_lift,2389,2420,31,36,8,136
19.724,2026-08-05T05:46:02.230478+00:00,left_elbow_flex,1629,1635,6,34,1,36
19.724,2026-08-05T05:46:02.230478+00:00,left_wrist_flex,2169,2170,1,34,0,0
19.724,2026-08-05T05:46:02.230478+00:00,left_wrist_roll,1989,1987,-2,34,1,1044
19.724,2026-08-05T05:46:02.230478+00:00,left_gripper,2014,2014,0,36,0,0
19.724,2026-08-05T05:46:02.230478+00:00,right_shoulder_pan,2017,2046,29,37,1,56
19.724,2026-08-05T05:46:02.230478+00:00,right_shoulder_lift,1854,2248,394,35,85,450
19.724,2026-08-05T05:46:02.230478+00:00,right_elbow_flex,2097,2137,40,37,5,94
19.724,2026-08-05T05:46:02.230478+00:00,right_wrist_flex,1976,1984,8,34,1,30
19.724,2026-08-05T05:46:02.230478+00:00,right_wrist_roll,2114,2111,-3,34,0,1044
19.724,2026-08-05T05:46:02.230478+00:00,right_gripper,2457,2462,5,37,0,24
19.774,2026-08-05T05:46:02.280718+00:00,left_shoulder_pan,1857,1851,-6,37,1,1060
19.774,2026-08-05T05:46:02.280718+00:00,left_shoulder_lift,2389,2420,31,36,8,136
19.774,2026-08-05T05:46:02.280718+00:00,left_elbow_flex,1629,1635,6,34,1,36
19.774,2026-08-05T05:46:02.280718+00:00,left_wrist_flex,2169,2170,1,34,0,0
19.774,2026-08-05T05:46:02.280718+00:00,left_wrist_roll,1989,1987,-2,34,0,1044
19.774,2026-08-05T05:46:02.280718+00:00,left_gripper,2014,2014,0,36,0,0
19.774,2026-08-05T05:46:02.280718+00:00,right_shoulder_pan,2009,2039,30,37,1,56
19.774,2026-08-05T05:46:02.280718+00:00,right_shoulder_lift,1852,2248,396,35,84,450
19.774,2026-08-05T05:46:02.280718+00:00,right_elbow_flex,2097,2137,40,37,5,94
19.774,2026-08-05T05:46:02.280718+00:00,right_wrist_flex,1976,1984,8,34,0,30
19.774,2026-08-05T05:46:02.280718+00:00,right_wrist_roll,2114,2111,-3,34,0,1044
19.774,2026-08-05T05:46:02.280718+00:00,right_gripper,2457,2462,5,37,0,24
19.824,2026-08-05T05:46:02.330662+00:00,left_shoulder_pan,1857,1851,-6,37,1,1060
19.824,2026-08-05T05:46:02.330662+00:00,left_shoulder_lift,2389,2420,31,36,11,136
19.824,2026-08-05T05:46:02.330662+00:00,left_elbow_flex,1629,1635,6,34,1,36
19.824,2026-08-05T05:46:02.330662+00:00,left_wrist_flex,2169,2170,1,34,0,0
19.824,2026-08-05T05:46:02.330662+00:00,left_wrist_roll,1989,1987,-2,34,1,1044
19.824,2026-08-05T05:46:02.330662+00:00,left_gripper,2014,2014,0,36,0,0
19.824,2026-08-05T05:46:02.330662+00:00,right_shoulder_pan,2002,2032,30,37,1,58
19.824,2026-08-05T05:46:02.330662+00:00,right_shoulder_lift,1851,2248,397,35,87,450
19.824,2026-08-05T05:46:02.330662+00:00,right_elbow_flex,2097,2137,40,37,6,94
19.824,2026-08-05T05:46:02.330662+00:00,right_wrist_flex,1976,1984,8,34,0,30
19.824,2026-08-05T05:46:02.330662+00:00,right_wrist_roll,2114,2111,-3,34,1,1044
19.824,2026-08-05T05:46:02.330662+00:00,right_gripper,2457,2462,5,38,0,24
19.874,2026-08-05T05:46:02.380745+00:00,left_shoulder_pan,1857,1851,-6,37,1,1060
19.874,2026-08-05T05:46:02.380745+00:00,left_shoulder_lift,2389,2420,31,36,10,136
19.874,2026-08-05T05:46:02.380745+00:00,left_elbow_flex,1629,1635,6,34,1,36
19.874,2026-08-05T05:46:02.380745+00:00,left_wrist_flex,2169,2170,1,34,0,0
19.874,2026-08-05T05:46:02.380745+00:00,left_wrist_roll,1989,1987,-2,34,0,1044
19.874,2026-08-05T05:46:02.380745+00:00,left_gripper,2014,2014,0,36,0,0
19.874,2026-08-05T05:46:02.380745+00:00,right_shoulder_pan,1994,2024,30,37,2,60
19.874,2026-08-05T05:46:02.380745+00:00,right_shoulder_lift,1850,2248,398,35,91,450
19.874,2026-08-05T05:46:02.380745+00:00,right_elbow_flex,2097,2137,40,37,6,94
19.874,2026-08-05T05:46:02.380745+00:00,right_wrist_flex,1976,1984,8,34,1,30
19.874,2026-08-05T05:46:02.380745+00:00,right_wrist_roll,2114,2111,-3,34,1,1044
19.874,2026-08-05T05:46:02.380745+00:00,right_gripper,2457,2462,5,37,1,24
19.924,2026-08-05T05:46:02.430824+00:00,left_shoulder_pan,1857,1851,-6,37,0,1060
19.924,2026-08-05T05:46:02.430824+00:00,left_shoulder_lift,2389,2420,31,36,9,136
19.924,2026-08-05T05:46:02.430824+00:00,left_elbow_flex,1629,1635,6,34,0,36
19.924,2026-08-05T05:46:02.430824+00:00,left_wrist_flex,2169,2170,1,34,0,0
19.924,2026-08-05T05:46:02.430824+00:00,left_wrist_roll,1989,1987,-2,34,0,1044
19.924,2026-08-05T05:46:02.430824+00:00,left_gripper,2014,2014,0,36,0,0
19.924,2026-08-05T05:46:02.430824+00:00,right_shoulder_pan,1986,2016,30,37,0,56
19.924,2026-08-05T05:46:02.430824+00:00,right_shoulder_lift,1849,2248,399,35,86,450
19.924,2026-08-05T05:46:02.430824+00:00,right_elbow_flex,2097,2137,40,37,6,94
19.924,2026-08-05T05:46:02.430824+00:00,right_wrist_flex,1976,1984,8,34,1,30
19.924,2026-08-05T05:46:02.430824+00:00,right_wrist_roll,2114,2111,-3,34,0,1044
19.924,2026-08-05T05:46:02.430824+00:00,right_gripper,2457,2462,5,37,0,24
19.974,2026-08-05T05:46:02.482447+00:00,left_shoulder_pan,1857,1851,-6,37,1,1060
19.974,2026-08-05T05:46:02.482447+00:00,left_shoulder_lift,2389,2420,31,36,8,136
19.974,2026-08-05T05:46:02.482447+00:00,left_elbow_flex,1629,1635,6,34,1,36
19.974,2026-08-05T05:46:02.482447+00:00,left_wrist_flex,2169,2170,1,34,0,0
19.974,2026-08-05T05:46:02.482447+00:00,left_wrist_roll,1989,1987,-2,34,0,1044
19.974,2026-08-05T05:46:02.482447+00:00,left_gripper,2014,2014,0,36,0,0
19.974,2026-08-05T05:46:02.482447+00:00,right_shoulder_pan,1978,2009,31,37,1,64
19.974,2026-08-05T05:46:02.482447+00:00,right_shoulder_lift,1849,2248,399,35,90,450
19.974,2026-08-05T05:46:02.482447+00:00,right_elbow_flex,2097,2137,40,37,6,94
19.974,2026-08-05T05:46:02.482447+00:00,right_wrist_flex,1976,1984,8,34,0,30
19.974,2026-08-05T05:46:02.482447+00:00,right_wrist_roll,2114,2111,-3,34,0,1044
19.974,2026-08-05T05:46:02.482447+00:00,right_gripper,2457,2462,5,37,1,24
20.024,2026-08-05T05:46:02.531247+00:00,left_shoulder_pan,1857,1851,-6,37,1,1060
20.024,2026-08-05T05:46:02.531247+00:00,left_shoulder_lift,2389,2420,31,36,8,136
20.024,2026-08-05T05:46:02.531247+00:00,left_elbow_flex,1629,1635,6,34,1,36
20.024,2026-08-05T05:46:02.531247+00:00,left_wrist_flex,2169,2170,1,34,0,0
20.024,2026-08-05T05:46:02.531247+00:00,left_wrist_roll,1989,1987,-2,34,0,1044
20.024,2026-08-05T05:46:02.531247+00:00,left_gripper,2014,2014,0,36,0,0
20.024,2026-08-05T05:46:02.531247+00:00,right_shoulder_pan,1970,2001,31,37,1,58
20.024,2026-08-05T05:46:02.531247+00:00,right_shoulder_lift,1849,2248,399,35,92,450
20.024,2026-08-05T05:46:02.531247+00:00,right_elbow_flex,2097,2137,40,37,6,94
20.024,2026-08-05T05:46:02.531247+00:00,right_wrist_flex,1976,1984,8,34,1,30
20.024,2026-08-05T05:46:02.531247+00:00,right_wrist_roll,2114,2111,-3,34,1,1044
20.024,2026-08-05T05:46:02.531247+00:00,right_gripper,2457,2462,5,37,0,24
20.075,2026-08-05T05:46:02.581246+00:00,left_shoulder_pan,1857,1851,-6,37,0,1060
20.075,2026-08-05T05:46:02.581246+00:00,left_shoulder_lift,2389,2420,31,36,9,136
20.075,2026-08-05T05:46:02.581246+00:00,left_elbow_flex,1629,1635,6,34,1,36
20.075,2026-08-05T05:46:02.581246+00:00,left_wrist_flex,2169,2170,1,34,0,0
20.075,2026-08-05T05:46:02.581246+00:00,left_wrist_roll,1989,1987,-2,34,0,1044
20.075,2026-08-05T05:46:02.581246+00:00,left_gripper,2014,2014,0,36,0,0
20.075,2026-08-05T05:46:02.581246+00:00,right_shoulder_pan,1962,1993,31,37,1,62
20.075,2026-08-05T05:46:02.581246+00:00,right_shoulder_lift,1849,2248,399,35,93,450
20.075,2026-08-05T05:46:02.581246+00:00,right_elbow_flex,2097,2137,40,37,6,94
20.075,2026-08-05T05:46:02.581246+00:00,right_wrist_flex,1976,1984,8,34,1,30
20.075,2026-08-05T05:46:02.581246+00:00,right_wrist_roll,2114,2111,-3,34,0,1044
20.075,2026-08-05T05:46:02.581246+00:00,right_gripper,2457,2462,5,37,0,24
20.125,2026-08-05T05:46:02.631175+00:00,left_shoulder_pan,1857,1851,-6,37,1,1060
20.125,2026-08-05T05:46:02.631175+00:00,left_shoulder_lift,2389,2420,31,36,10,136
20.125,2026-08-05T05:46:02.631175+00:00,left_elbow_flex,1629,1635,6,34,1,36
20.125,2026-08-05T05:46:02.631175+00:00,left_wrist_flex,2169,2170,1,34,0,0
20.125,2026-08-05T05:46:02.631175+00:00,left_wrist_roll,1989,1987,-2,34,1,1044
20.125,2026-08-05T05:46:02.631175+00:00,left_gripper,2014,2014,0,36,0,0
20.125,2026-08-05T05:46:02.631175+00:00,right_shoulder_pan,1954,1985,31,37,0,58
20.125,2026-08-05T05:46:02.631175+00:00,right_shoulder_lift,1850,2248,398,36,91,450
20.125,2026-08-05T05:46:02.631175+00:00,right_elbow_flex,2097,2137,40,37,7,94
20.125,2026-08-05T05:46:02.631175+00:00,right_wrist_flex,1976,1984,8,35,1,30
20.125,2026-08-05T05:46:02.631175+00:00,right_wrist_roll,2114,2111,-3,34,0,1044
20.125,2026-08-05T05:46:02.631175+00:00,right_gripper,2457,2462,5,37,1,24
20.175,2026-08-05T05:46:02.681271+00:00,left_shoulder_pan,1857,1851,-6,37,1,1060
20.175,2026-08-05T05:46:02.681271+00:00,left_shoulder_lift,2389,2420,31,36,9,136
20.175,2026-08-05T05:46:02.681271+00:00,left_elbow_flex,1629,1635,6,34,1,36
20.175,2026-08-05T05:46:02.681271+00:00,left_wrist_flex,2169,2170,1,34,0,0
20.175,2026-08-05T05:46:02.681271+00:00,left_wrist_roll,1989,1987,-2,34,0,1044
20.175,2026-08-05T05:46:02.681271+00:00,left_gripper,2014,2014,0,36,0,0
20.175,2026-08-05T05:46:02.681271+00:00,right_shoulder_pan,1947,1978,31,37,0,60
20.175,2026-08-05T05:46:02.681271+00:00,right_shoulder_lift,1851,2248,397,35,85,450
20.175,2026-08-05T05:46:02.681271+00:00,right_elbow_flex,2097,2137,40,37,6,94
20.175,2026-08-05T05:46:02.681271+00:00,right_wrist_flex,1976,1984,8,34,1,30
20.175,2026-08-05T05:46:02.681271+00:00,right_wrist_roll,2114,2111,-3,34,0,1044
20.175,2026-08-05T05:46:02.681271+00:00,right_gripper,2457,2462,5,37,1,24
20.225,2026-08-05T05:46:02.731290+00:00,left_shoulder_pan,1857,1851,-6,37,1,1060
20.225,2026-08-05T05:46:02.731290+00:00,left_shoulder_lift,2389,2420,31,36,8,136
20.225,2026-08-05T05:46:02.731290+00:00,left_elbow_flex,1629,1635,6,34,0,36
20.225,2026-08-05T05:46:02.731290+00:00,left_wrist_flex,2169,2170,1,34,0,0
20.225,2026-08-05T05:46:02.731290+00:00,left_wrist_roll,1989,1987,-2,34,1,1044
20.225,2026-08-05T05:46:02.731290+00:00,left_gripper,2014,2014,0,36,0,0
20.225,2026-08-05T05:46:02.731290+00:00,right_shoulder_pan,1939,1970,31,37,1,58
20.225,2026-08-05T05:46:02.731290+00:00,right_shoulder_lift,1852,2248,396,35,85,450
20.225,2026-08-05T05:46:02.731290+00:00,right_elbow_flex,2097,2137,40,37,6,94
20.225,2026-08-05T05:46:02.731290+00:00,right_wrist_flex,1976,1984,8,34,0,30
20.225,2026-08-05T05:46:02.731290+00:00,right_wrist_roll,2114,2111,-3,34,0,1044
20.225,2026-08-05T05:46:02.731290+00:00,right_gripper,2457,2462,5,37,0,24
20.275,2026-08-05T05:46:02.781476+00:00,left_shoulder_pan,1857,1851,-6,37,1,1060
20.275,2026-08-05T05:46:02.781476+00:00,left_shoulder_lift,2389,2420,31,36,8,136
20.275,2026-08-05T05:46:02.781476+00:00,left_elbow_flex,1629,1635,6,34,1,36
20.275,2026-08-05T05:46:02.781476+00:00,left_wrist_flex,2169,2170,1,34,0,0
20.275,2026-08-05T05:46:02.781476+00:00,left_wrist_roll,1989,1987,-2,34,0,1044
20.275,2026-08-05T05:46:02.781476+00:00,left_gripper,2014,2014,0,36,0,0
20.275,2026-08-05T05:46:02.781476+00:00,right_shoulder_pan,1931,1962,31,37,1,64
20.275,2026-08-05T05:46:02.781476+00:00,right_shoulder_lift,1854,2248,394,35,86,450
20.275,2026-08-05T05:46:02.781476+00:00,right_elbow_flex,2097,2137,40,37,7,94
20.275,2026-08-05T05:46:02.781476+00:00,right_wrist_flex,1976,1984,8,34,1,30
20.275,2026-08-05T05:46:02.781476+00:00,right_wrist_roll,2114,2111,-3,34,0,1044
20.275,2026-08-05T05:46:02.781476+00:00,right_gripper,2457,2462,5,37,0,24
20.325,2026-08-05T05:46:02.831452+00:00,left_shoulder_pan,1857,1851,-6,37,1,1060
20.325,2026-08-05T05:46:02.831452+00:00,left_shoulder_lift,2389,2420,31,36,10,136
20.325,2026-08-05T05:46:02.831452+00:00,left_elbow_flex,1629,1635,6,34,1,36
20.325,2026-08-05T05:46:02.831452+00:00,left_wrist_flex,2169,2170,1,34,0,0
20.325,2026-08-05T05:46:02.831452+00:00,left_wrist_roll,1989,1987,-2,34,0,1044
20.325,2026-08-05T05:46:02.831452+00:00,left_gripper,2014,2014,0,36,0,0
20.325,2026-08-05T05:46:02.831452+00:00,right_shoulder_pan,1924,1955,31,37,0,60
20.325,2026-08-05T05:46:02.831452+00:00,right_shoulder_lift,1855,2248,393,35,92,450
20.325,2026-08-05T05:46:02.831452+00:00,right_elbow_flex,2097,2137,40,37,5,94
20.325,2026-08-05T05:46:02.831452+00:00,right_wrist_flex,1976,1984,8,34,0,30
20.325,2026-08-05T05:46:02.831452+00:00,right_wrist_roll,2114,2111,-3,34,0,1044
20.325,2026-08-05T05:46:02.831452+00:00,right_gripper,2457,2462,5,37,0,24
20.375,2026-08-05T05:46:02.881506+00:00,left_shoulder_pan,1857,1851,-6,37,1,1060
20.375,2026-08-05T05:46:02.881506+00:00,left_shoulder_lift,2389,2420,31,36,8,136
20.375,2026-08-05T05:46:02.881506+00:00,left_elbow_flex,1629,1635,6,34,1,36
20.375,2026-08-05T05:46:02.881506+00:00,left_wrist_flex,2169,2170,1,34,0,0
20.375,2026-08-05T05:46:02.881506+00:00,left_wrist_roll,1989,1987,-2,34,0,1044
20.375,2026-08-05T05:46:02.881506+00:00,left_gripper,2014,2014,0,36,0,0
20.375,2026-08-05T05:46:02.881506+00:00,right_shoulder_pan,1916,1947,31,37,1,54
20.375,2026-08-05T05:46:02.881506+00:00,right_shoulder_lift,1858,2248,390,35,92,450
20.375,2026-08-05T05:46:02.881506+00:00,right_elbow_flex,2097,2137,40,37,6,94
20.375,2026-08-05T05:46:02.881506+00:00,right_wrist_flex,1976,1984,8,34,0,30
20.375,2026-08-05T05:46:02.881506+00:00,right_wrist_roll,2114,2111,-3,34,1,1044
20.375,2026-08-05T05:46:02.881506+00:00,right_gripper,2457,2462,5,37,1,24
20.425,2026-08-05T05:46:02.931641+00:00,left_shoulder_pan,1857,1851,-6,37,1,1060
20.425,2026-08-05T05:46:02.931641+00:00,left_shoulder_lift,2389,2420,31,36,9,136
20.425,2026-08-05T05:46:02.931641+00:00,left_elbow_flex,1629,1635,6,34,1,36
20.425,2026-08-05T05:46:02.931641+00:00,left_wrist_flex,2169,2170,1,34,0,0
20.425,2026-08-05T05:46:02.931641+00:00,left_wrist_roll,1989,1987,-2,34,0,1044
20.425,2026-08-05T05:46:02.931641+00:00,left_gripper,2014,2014,0,36,0,0
20.425,2026-08-05T05:46:02.931641+00:00,right_shoulder_pan,1908,1939,31,37,1,60
20.425,2026-08-05T05:46:02.931641+00:00,right_shoulder_lift,1860,2248,388,35,84,450
20.425,2026-08-05T05:46:02.931641+00:00,right_elbow_flex,2097,2137,40,37,6,94
20.425,2026-08-05T05:46:02.931641+00:00,right_wrist_flex,1976,1984,8,34,0,30
20.425,2026-08-05T05:46:02.931641+00:00,right_wrist_roll,2114,2111,-3,34,0,1044
20.425,2026-08-05T05:46:02.931641+00:00,right_gripper,2457,2462,5,37,0,24
20.475,2026-08-05T05:46:02.981689+00:00,left_shoulder_pan,1857,1851,-6,37,0,1060
20.475,2026-08-05T05:46:02.981689+00:00,left_shoulder_lift,2389,2420,31,36,8,136
20.475,2026-08-05T05:46:02.981689+00:00,left_elbow_flex,1629,1635,6,34,1,36
20.475,2026-08-05T05:46:02.981689+00:00,left_wrist_flex,2169,2170,1,34,0,0
20.475,2026-08-05T05:46:02.981689+00:00,left_wrist_roll,1989,1987,-2,34,0,1044
20.475,2026-08-05T05:46:02.981689+00:00,left_gripper,2014,2014,0,36,0,0
20.475,2026-08-05T05:46:02.981689+00:00,right_shoulder_pan,1901,1932,31,37,1,60
20.475,2026-08-05T05:46:02.981689+00:00,right_shoulder_lift,1863,2248,385,35,85,450
20.475,2026-08-05T05:46:02.981689+00:00,right_elbow_flex,2097,2137,40,37,6,94
20.475,2026-08-05T05:46:02.981689+00:00,right_wrist_flex,1976,1984,8,34,0,30
20.475,2026-08-05T05:46:02.981689+00:00,right_wrist_roll,2114,2111,-3,34,0,1044
20.475,2026-08-05T05:46:02.981689+00:00,right_gripper,2457,2462,5,37,1,24
20.525,2026-08-05T05:46:03.031701+00:00,left_shoulder_pan,1857,1851,-6,37,2,1060
20.525,2026-08-05T05:46:03.031701+00:00,left_shoulder_lift,2389,2420,31,36,10,136
20.525,2026-08-05T05:46:03.031701+00:00,left_elbow_flex,1629,1635,6,34,1,36
20.525,2026-08-05T05:46:03.031701+00:00,left_wrist_flex,2169,2170,1,34,0,0
20.525,2026-08-05T05:46:03.031701+00:00,left_wrist_roll,1989,1987,-2,34,1,1044
20.525,2026-08-05T05:46:03.031701+00:00,left_gripper,2014,2014,0,37,0,0
20.525,2026-08-05T05:46:03.031701+00:00,right_shoulder_pan,1894,1924,30,37,0,58
20.525,2026-08-05T05:46:03.031701+00:00,right_shoulder_lift,1866,2248,382,35,85,450
20.525,2026-08-05T05:46:03.031701+00:00,right_elbow_flex,2097,2137,40,37,6,94
20.525,2026-08-05T05:46:03.031701+00:00,right_wrist_flex,1976,1984,8,34,1,30
20.525,2026-08-05T05:46:03.031701+00:00,right_wrist_roll,2114,2111,-3,34,0,1044
20.525,2026-08-05T05:46:03.031701+00:00,right_gripper,2457,2462,5,37,0,24
20.575,2026-08-05T05:46:03.083581+00:00,left_shoulder_pan,1857,1851,-6,37,1,1060
20.575,2026-08-05T05:46:03.083581+00:00,left_shoulder_lift,2389,2420,31,36,8,136
20.575,2026-08-05T05:46:03.083581+00:00,left_elbow_flex,1629,1635,6,34,1,36
20.575,2026-08-05T05:46:03.083581+00:00,left_wrist_flex,2169,2170,1,34,0,0
20.575,2026-08-05T05:46:03.083581+00:00,left_wrist_roll,1989,1987,-2,34,0,1044
20.575,2026-08-05T05:46:03.083581+00:00,left_gripper,2014,2014,0,36,0,0
20.575,2026-08-05T05:46:03.083581+00:00,right_shoulder_pan,1887,1916,29,37,0,48
20.575,2026-08-05T05:46:03.083581+00:00,right_shoulder_lift,1869,2248,379,35,91,450
20.575,2026-08-05T05:46:03.083581+00:00,right_elbow_flex,2097,2137,40,37,6,94
20.575,2026-08-05T05:46:03.083581+00:00,right_wrist_flex,1976,1984,8,35,1,30
20.575,2026-08-05T05:46:03.083581+00:00,right_wrist_roll,2114,2111,-3,34,0,1044
20.575,2026-08-05T05:46:03.083581+00:00,right_gripper,2457,2462,5,37,1,24
20.625,2026-08-05T05:46:03.132309+00:00,left_shoulder_pan,1857,1851,-6,37,1,1060
20.625,2026-08-05T05:46:03.132309+00:00,left_shoulder_lift,2389,2420,31,36,9,136
20.625,2026-08-05T05:46:03.132309+00:00,left_elbow_flex,1629,1635,6,34,1,36
20.625,2026-08-05T05:46:03.132309+00:00,left_wrist_flex,2169,2170,1,34,0,0
20.625,2026-08-05T05:46:03.132309+00:00,left_wrist_roll,1989,1987,-2,34,1,1044
20.625,2026-08-05T05:46:03.132309+00:00,left_gripper,2014,2014,0,36,0,0
20.625,2026-08-05T05:46:03.132309+00:00,right_shoulder_pan,1880,1908,28,37,1,54
20.625,2026-08-05T05:46:03.132309+00:00,right_shoulder_lift,1873,2248,375,35,89,450
20.625,2026-08-05T05:46:03.132309+00:00,right_elbow_flex,2097,2137,40,37,6,94
20.625,2026-08-05T05:46:03.132309+00:00,right_wrist_flex,1976,1984,8,34,0,30
20.625,2026-08-05T05:46:03.132309+00:00,right_wrist_roll,2114,2111,-3,34,1,1044
20.625,2026-08-05T05:46:03.132309+00:00,right_gripper,2457,2462,5,37,0,24
20.675,2026-08-05T05:46:03.182282+00:00,left_shoulder_pan,1857,1851,-6,37,1,1060
20.675,2026-08-05T05:46:03.182282+00:00,left_shoulder_lift,2389,2420,31,36,10,136
20.675,2026-08-05T05:46:03.182282+00:00,left_elbow_flex,1629,1635,6,34,1,36
20.675,2026-08-05T05:46:03.182282+00:00,left_wrist_flex,2169,2170,1,34,0,0
20.675,2026-08-05T05:46:03.182282+00:00,left_wrist_roll,1989,1987,-2,34,0,1044
20.675,2026-08-05T05:46:03.182282+00:00,left_gripper,2014,2014,0,36,0,0
20.675,2026-08-05T05:46:03.182282+00:00,right_shoulder_pan,1873,1901,28,37,1,50
20.675,2026-08-05T05:46:03.182282+00:00,right_shoulder_lift,1876,2248,372,35,97,450
20.675,2026-08-05T05:46:03.182282+00:00,right_elbow_flex,2097,2137,40,37,6,94
20.675,2026-08-05T05:46:03.182282+00:00,right_wrist_flex,1976,1984,8,35,0,30
20.675,2026-08-05T05:46:03.182282+00:00,right_wrist_roll,2114,2111,-3,34,1,1044
20.675,2026-08-05T05:46:03.182282+00:00,right_gripper,2457,2462,5,38,1,24
20.726,2026-08-05T05:46:03.232275+00:00,left_shoulder_pan,1857,1851,-6,37,0,1060
20.726,2026-08-05T05:46:03.232275+00:00,left_shoulder_lift,2389,2420,31,36,9,136
20.726,2026-08-05T05:46:03.232275+00:00,left_elbow_flex,1629,1635,6,34,1,36
20.726,2026-08-05T05:46:03.232275+00:00,left_wrist_flex,2169,2170,1,34,0,0
20.726,2026-08-05T05:46:03.232275+00:00,left_wrist_roll,1989,1987,-2,34,0,1044
20.726,2026-08-05T05:46:03.232275+00:00,left_gripper,2014,2014,0,37,0,0
20.726,2026-08-05T05:46:03.232275+00:00,right_shoulder_pan,1866,1893,27,37,0,56
20.726,2026-08-05T05:46:03.232275+00:00,right_shoulder_lift,1881,2248,367,35,89,450
20.726,2026-08-05T05:46:03.232275+00:00,right_elbow_flex,2097,2137,40,37,6,94
20.726,2026-08-05T05:46:03.232275+00:00,right_wrist_flex,1976,1984,8,34,0,30
20.726,2026-08-05T05:46:03.232275+00:00,right_wrist_roll,2114,2111,-3,34,0,1044
20.726,2026-08-05T05:46:03.232275+00:00,right_gripper,2457,2462,5,37,1,24
20.776,2026-08-05T05:46:03.282508+00:00,left_shoulder_pan,1857,1851,-6,37,1,1060
20.776,2026-08-05T05:46:03.282508+00:00,left_shoulder_lift,2389,2420,31,36,10,136
20.776,2026-08-05T05:46:03.282508+00:00,left_elbow_flex,1629,1635,6,34,1,36
20.776,2026-08-05T05:46:03.282508+00:00,left_wrist_flex,2169,2170,1,34,0,0
20.776,2026-08-05T05:46:03.282508+00:00,left_wrist_roll,1989,1987,-2,34,1,1044
20.776,2026-08-05T05:46:03.282508+00:00,left_gripper,2014,2014,0,37,0,0
20.776,2026-08-05T05:46:03.282508+00:00,right_shoulder_pan,1860,1886,26,37,0,50
20.776,2026-08-05T05:46:03.282508+00:00,right_shoulder_lift,1885,2248,363,35,83,450
20.776,2026-08-05T05:46:03.282508+00:00,right_elbow_flex,2097,2137,40,37,6,94
20.776,2026-08-05T05:46:03.282508+00:00,right_wrist_flex,1976,1984,8,34,0,30
20.776,2026-08-05T05:46:03.282508+00:00,right_wrist_roll,2114,2111,-3,34,0,1044
20.776,2026-08-05T05:46:03.282508+00:00,right_gripper,2457,2462,5,37,0,24
20.826,2026-08-05T05:46:03.332508+00:00,left_shoulder_pan,1857,1851,-6,37,1,1060
20.826,2026-08-05T05:46:03.332508+00:00,left_shoulder_lift,2389,2420,31,36,8,136
20.826,2026-08-05T05:46:03.332508+00:00,left_elbow_flex,1629,1635,6,34,1,36
20.826,2026-08-05T05:46:03.332508+00:00,left_wrist_flex,2169,2170,1,34,0,0
20.826,2026-08-05T05:46:03.332508+00:00,left_wrist_roll,1989,1987,-2,34,1,1044
20.826,2026-08-05T05:46:03.332508+00:00,left_gripper,2014,2014,0,36,0,0
20.826,2026-08-05T05:46:03.332508+00:00,right_shoulder_pan,1853,1880,27,37,0,50
20.826,2026-08-05T05:46:03.332508+00:00,right_shoulder_lift,1890,2248,358,35,92,450
20.826,2026-08-05T05:46:03.332508+00:00,right_elbow_flex,2097,2137,40,37,6,94
20.826,2026-08-05T05:46:03.332508+00:00,right_wrist_flex,1976,1984,8,34,0,30
20.826,2026-08-05T05:46:03.332508+00:00,right_wrist_roll,2114,2111,-3,34,0,1044
20.826,2026-08-05T05:46:03.332508+00:00,right_gripper,2457,2462,5,37,0,24
20.876,2026-08-05T05:46:03.382455+00:00,left_shoulder_pan,1857,1851,-6,37,0,1060
20.876,2026-08-05T05:46:03.382455+00:00,left_shoulder_lift,2389,2420,31,36,9,136
20.876,2026-08-05T05:46:03.382455+00:00,left_elbow_flex,1629,1635,6,34,1,36
20.876,2026-08-05T05:46:03.382455+00:00,left_wrist_flex,2169,2170,1,34,0,0
20.876,2026-08-05T05:46:03.382455+00:00,left_wrist_roll,1989,1987,-2,34,1,1044
20.876,2026-08-05T05:46:03.382455+00:00,left_gripper,2014,2014,0,36,0,0
20.876,2026-08-05T05:46:03.382455+00:00,right_shoulder_pan,1847,1874,27,37,1,58
20.876,2026-08-05T05:46:03.382455+00:00,right_shoulder_lift,1894,2248,354,35,84,450
20.876,2026-08-05T05:46:03.382455+00:00,right_elbow_flex,2097,2137,40,37,5,94
20.876,2026-08-05T05:46:03.382455+00:00,right_wrist_flex,1976,1984,8,34,1,30
20.876,2026-08-05T05:46:03.382455+00:00,right_wrist_roll,2114,2111,-3,34,0,1044
20.876,2026-08-05T05:46:03.382455+00:00,right_gripper,2457,2462,5,37,0,24
20.926,2026-08-05T05:46:03.432553+00:00,left_shoulder_pan,1857,1851,-6,37,1,1060
20.926,2026-08-05T05:46:03.432553+00:00,left_shoulder_lift,2389,2420,31,36,9,136
20.926,2026-08-05T05:46:03.432553+00:00,left_elbow_flex,1629,1635,6,34,1,36
20.926,2026-08-05T05:46:03.432553+00:00,left_wrist_flex,2169,2170,1,34,0,0
20.926,2026-08-05T05:46:03.432553+00:00,left_wrist_roll,1989,1987,-2,34,0,1044
20.926,2026-08-05T05:46:03.432553+00:00,left_gripper,2014,2014,0,36,0,0
20.926,2026-08-05T05:46:03.432553+00:00,right_shoulder_pan,1841,1867,26,37,1,56
20.926,2026-08-05T05:46:03.432553+00:00,right_shoulder_lift,1900,2248,348,36,87,450
20.926,2026-08-05T05:46:03.432553+00:00,right_elbow_flex,2097,2137,40,37,6,94
20.926,2026-08-05T05:46:03.432553+00:00,right_wrist_flex,1976,1984,8,34,0,30
20.926,2026-08-05T05:46:03.432553+00:00,right_wrist_roll,2114,2111,-3,34,0,1044
20.926,2026-08-05T05:46:03.432553+00:00,right_gripper,2457,2462,5,37,0,24
20.976,2026-08-05T05:46:03.483263+00:00,left_shoulder_pan,1857,1851,-6,37,1,1060
20.976,2026-08-05T05:46:03.483263+00:00,left_shoulder_lift,2389,2420,31,36,8,136
20.976,2026-08-05T05:46:03.483263+00:00,left_elbow_flex,1629,1635,6,34,1,36
20.976,2026-08-05T05:46:03.483263+00:00,left_wrist_flex,2169,2170,1,34,0,0
20.976,2026-08-05T05:46:03.483263+00:00,left_wrist_roll,1989,1987,-2,34,0,1044
20.976,2026-08-05T05:46:03.483263+00:00,left_gripper,2014,2014,0,36,0,0
20.976,2026-08-05T05:46:03.483263+00:00,right_shoulder_pan,1835,1861,26,37,1,54
20.976,2026-08-05T05:46:03.483263+00:00,right_shoulder_lift,1905,2248,343,35,90,450
20.976,2026-08-05T05:46:03.483263+00:00,right_elbow_flex,2097,2137,40,37,6,94
20.976,2026-08-05T05:46:03.483263+00:00,right_wrist_flex,1976,1984,8,35,1,30
20.976,2026-08-05T05:46:03.483263+00:00,right_wrist_roll,2114,2111,-3,34,1,1044
20.976,2026-08-05T05:46:03.483263+00:00,right_gripper,2457,2462,5,37,0,24
21.026,2026-08-05T05:46:03.532515+00:00,left_shoulder_pan,1857,1851,-6,37,1,1060
21.026,2026-08-05T05:46:03.532515+00:00,left_shoulder_lift,2389,2420,31,36,10,136
21.026,2026-08-05T05:46:03.532515+00:00,left_elbow_flex,1629,1635,6,34,1,36
21.026,2026-08-05T05:46:03.532515+00:00,left_wrist_flex,2169,2170,1,34,0,0
21.026,2026-08-05T05:46:03.532515+00:00,left_wrist_roll,1989,1987,-2,34,0,1044
21.026,2026-08-05T05:46:03.532515+00:00,left_gripper,2014,2014,0,36,1,0
21.026,2026-08-05T05:46:03.532515+00:00,right_shoulder_pan,1830,1855,25,37,1,52
21.026,2026-08-05T05:46:03.532515+00:00,right_shoulder_lift,1910,2248,338,35,96,450
21.026,2026-08-05T05:46:03.532515+00:00,right_elbow_flex,2097,2137,40,37,7,94
21.026,2026-08-05T05:46:03.532515+00:00,right_wrist_flex,1976,1984,8,35,1,30
21.026,2026-08-05T05:46:03.532515+00:00,right_wrist_roll,2114,2111,-3,34,1,1044
21.026,2026-08-05T05:46:03.532515+00:00,right_gripper,2457,2462,5,37,0,24
21.076,2026-08-05T05:46:03.582785+00:00,left_shoulder_pan,1857,1851,-6,37,1,1060
21.076,2026-08-05T05:46:03.582785+00:00,left_shoulder_lift,2389,2420,31,36,10,136
21.076,2026-08-05T05:46:03.582785+00:00,left_elbow_flex,1629,1635,6,34,0,36
21.076,2026-08-05T05:46:03.582785+00:00,left_wrist_flex,2169,2170,1,34,0,0
21.076,2026-08-05T05:46:03.582785+00:00,left_wrist_roll,1989,1987,-2,34,0,1044
21.076,2026-08-05T05:46:03.582785+00:00,left_gripper,2014,2014,0,36,0,0
21.076,2026-08-05T05:46:03.582785+00:00,right_shoulder_pan,1824,1848,24,37,1,44
21.076,2026-08-05T05:46:03.582785+00:00,right_shoulder_lift,1916,2248,332,35,91,450
21.076,2026-08-05T05:46:03.582785+00:00,right_elbow_flex,2097,2137,40,37,6,94
21.076,2026-08-05T05:46:03.582785+00:00,right_wrist_flex,1976,1984,8,34,1,30
21.076,2026-08-05T05:46:03.582785+00:00,right_wrist_roll,2114,2111,-3,34,0,1044
21.076,2026-08-05T05:46:03.582785+00:00,right_gripper,2457,2462,5,37,0,24
21.126,2026-08-05T05:46:03.632739+00:00,left_shoulder_pan,1857,1851,-6,37,1,1060
21.126,2026-08-05T05:46:03.632739+00:00,left_shoulder_lift,2389,2420,31,36,10,136
21.126,2026-08-05T05:46:03.632739+00:00,left_elbow_flex,1629,1635,6,34,1,36
21.126,2026-08-05T05:46:03.632739+00:00,left_wrist_flex,2169,2170,1,34,0,0
21.126,2026-08-05T05:46:03.632739+00:00,left_wrist_roll,1989,1987,-2,34,0,1044
21.126,2026-08-05T05:46:03.632739+00:00,left_gripper,2014,2014,0,36,0,0
21.126,2026-08-05T05:46:03.632739+00:00,right_shoulder_pan,1819,1842,23,37,1,54
21.126,2026-08-05T05:46:03.632739+00:00,right_shoulder_lift,1922,2248,326,35,92,450
21.126,2026-08-05T05:46:03.632739+00:00,right_elbow_flex,2097,2137,40,37,7,94
21.126,2026-08-05T05:46:03.632739+00:00,right_wrist_flex,1976,1984,8,34,0,30
21.126,2026-08-05T05:46:03.632739+00:00,right_wrist_roll,2114,2111,-3,34,1,1044
21.126,2026-08-05T05:46:03.632739+00:00,right_gripper,2457,2462,5,37,1,24
21.176,2026-08-05T05:46:03.682796+00:00,left_shoulder_pan,1857,1851,-6,37,1,1060
21.176,2026-08-05T05:46:03.682796+00:00,left_shoulder_lift,2389,2420,31,36,8,136
21.176,2026-08-05T05:46:03.682796+00:00,left_elbow_flex,1629,1635,6,34,0,36
21.176,2026-08-05T05:46:03.682796+00:00,left_wrist_flex,2169,2170,1,34,0,0
21.176,2026-08-05T05:46:03.682796+00:00,left_wrist_roll,1989,1987,-2,34,0,1044
21.176,2026-08-05T05:46:03.682796+00:00,left_gripper,2014,2014,0,36,0,0
21.176,2026-08-05T05:46:03.682796+00:00,right_shoulder_pan,1814,1836,22,37,1,50
21.176,2026-08-05T05:46:03.682796+00:00,right_shoulder_lift,1928,2248,320,35,91,450
21.176,2026-08-05T05:46:03.682796+00:00,right_elbow_flex,2097,2137,40,37,6,94
21.176,2026-08-05T05:46:03.682796+00:00,right_wrist_flex,1976,1984,8,35,0,30
21.176,2026-08-05T05:46:03.682796+00:00,right_wrist_roll,2114,2111,-3,34,1,1044
21.176,2026-08-05T05:46:03.682796+00:00,right_gripper,2457,2462,5,37,1,24
21.226,2026-08-05T05:46:03.732828+00:00,left_shoulder_pan,1857,1851,-6,37,1,1060
21.226,2026-08-05T05:46:03.732828+00:00,left_shoulder_lift,2389,2420,31,36,8,136
21.226,2026-08-05T05:46:03.732828+00:00,left_elbow_flex,1629,1635,6,34,1,36
21.226,2026-08-05T05:46:03.732828+00:00,left_wrist_flex,2169,2170,1,34,0,0
21.226,2026-08-05T05:46:03.732828+00:00,left_wrist_roll,1989,1987,-2,34,0,1044
21.226,2026-08-05T05:46:03.732828+00:00,left_gripper,2014,2014,0,36,0,0
21.226,2026-08-05T05:46:03.732828+00:00,right_shoulder_pan,1810,1831,21,37,2,48
21.226,2026-08-05T05:46:03.732828+00:00,right_shoulder_lift,1935,2248,313,35,85,450
21.226,2026-08-05T05:46:03.732828+00:00,right_elbow_flex,2097,2137,40,37,7,94
21.226,2026-08-05T05:46:03.732828+00:00,right_wrist_flex,1976,1984,8,34,0,30
21.226,2026-08-05T05:46:03.732828+00:00,right_wrist_roll,2114,2111,-3,34,0,1044
21.226,2026-08-05T05:46:03.732828+00:00,right_gripper,2457,2462,5,37,0,24
21.276,2026-08-05T05:46:03.782894+00:00,left_shoulder_pan,1857,1851,-6,37,1,1060
21.276,2026-08-05T05:46:03.782894+00:00,left_shoulder_lift,2389,2420,31,36,10,136
21.276,2026-08-05T05:46:03.782894+00:00,left_elbow_flex,1629,1635,6,34,1,36
21.276,2026-08-05T05:46:03.782894+00:00,left_wrist_flex,2169,2170,1,34,0,0
21.276,2026-08-05T05:46:03.782894+00:00,left_wrist_roll,1989,1987,-2,34,0,1044
21.276,2026-08-05T05:46:03.782894+00:00,left_gripper,2014,2014,0,36,0,0
21.276,2026-08-05T05:46:03.782894+00:00,right_shoulder_pan,1805,1826,21,37,1,42
21.276,2026-08-05T05:46:03.782894+00:00,right_shoulder_lift,1941,2248,307,35,92,450
21.276,2026-08-05T05:46:03.782894+00:00,right_elbow_flex,2097,2137,40,37,7,94
21.276,2026-08-05T05:46:03.782894+00:00,right_wrist_flex,1976,1984,8,34,0,30
21.276,2026-08-05T05:46:03.782894+00:00,right_wrist_roll,2114,2111,-3,34,0,1044
21.276,2026-08-05T05:46:03.782894+00:00,right_gripper,2457,2462,5,37,1,24
21.326,2026-08-05T05:46:03.833486+00:00,left_shoulder_pan,1857,1851,-6,37,1,1060
21.326,2026-08-05T05:46:03.833486+00:00,left_shoulder_lift,2389,2420,31,36,8,136
21.326,2026-08-05T05:46:03.833486+00:00,left_elbow_flex,1629,1635,6,34,1,36
21.326,2026-08-05T05:46:03.833486+00:00,left_wrist_flex,2169,2170,1,34,0,0
21.326,2026-08-05T05:46:03.833486+00:00,left_wrist_roll,1989,1987,-2,34,0,1044
21.326,2026-08-05T05:46:03.833486+00:00,left_gripper,2014,2014,0,36,0,0
21.326,2026-08-05T05:46:03.833486+00:00,right_shoulder_pan,1801,1820,19,37,1,46
21.326,2026-08-05T05:46:03.833486+00:00,right_shoulder_lift,1948,2248,300,35,87,450
21.326,2026-08-05T05:46:03.833486+00:00,right_elbow_flex,2097,2137,40,37,6,94
21.326,2026-08-05T05:46:03.833486+00:00,right_wrist_flex,1976,1984,8,35,1,30
21.326,2026-08-05T05:46:03.833486+00:00,right_wrist_roll,2114,2111,-3,34,0,1044
21.326,2026-08-05T05:46:03.833486+00:00,right_gripper,2457,2462,5,37,0,24
21.377,2026-08-05T05:46:03.884524+00:00,left_shoulder_pan,1857,1851,-6,37,1,1060
21.377,2026-08-05T05:46:03.884524+00:00,left_shoulder_lift,2389,2420,31,36,8,136
21.377,2026-08-05T05:46:03.884524+00:00,left_elbow_flex,1629,1635,6,34,1,36
21.377,2026-08-05T05:46:03.884524+00:00,left_wrist_flex,2169,2170,1,34,0,0
21.377,2026-08-05T05:46:03.884524+00:00,left_wrist_roll,1989,1987,-2,34,0,1044
21.377,2026-08-05T05:46:03.884524+00:00,left_gripper,2014,2014,0,36,0,0
21.377,2026-08-05T05:46:03.884524+00:00,right_shoulder_pan,1798,1815,17,37,0,40
21.377,2026-08-05T05:46:03.884524+00:00,right_shoulder_lift,1955,2248,293,35,92,450
21.377,2026-08-05T05:46:03.884524+00:00,right_elbow_flex,2097,2137,40,37,6,94
21.377,2026-08-05T05:46:03.884524+00:00,right_wrist_flex,1976,1984,8,34,0,30
21.377,2026-08-05T05:46:03.884524+00:00,right_wrist_roll,2114,2111,-3,34,0,1044
21.377,2026-08-05T05:46:03.884524+00:00,right_gripper,2457,2462,5,37,0,24
21.427,2026-08-05T05:46:03.934078+00:00,left_shoulder_pan,1857,1851,-6,37,1,1060
21.427,2026-08-05T05:46:03.934078+00:00,left_shoulder_lift,2389,2420,31,36,9,136
21.427,2026-08-05T05:46:03.934078+00:00,left_elbow_flex,1629,1635,6,34,1,36
21.427,2026-08-05T05:46:03.934078+00:00,left_wrist_flex,2169,2170,1,34,0,0
21.427,2026-08-05T05:46:03.934078+00:00,left_wrist_roll,1989,1987,-2,34,0,1044
21.427,2026-08-05T05:46:03.934078+00:00,left_gripper,2014,2014,0,36,0,0
21.427,2026-08-05T05:46:03.934078+00:00,right_shoulder_pan,1794,1811,17,37,1,36
21.427,2026-08-05T05:46:03.934078+00:00,right_shoulder_lift,1962,2248,286,35,90,450
21.427,2026-08-05T05:46:03.934078+00:00,right_elbow_flex,2097,2137,40,37,6,94
21.427,2026-08-05T05:46:03.934078+00:00,right_wrist_flex,1976,1984,8,34,0,30
21.427,2026-08-05T05:46:03.934078+00:00,right_wrist_roll,2114,2111,-3,34,0,1044
21.427,2026-08-05T05:46:03.934078+00:00,right_gripper,2457,2462,5,37,1,24
21.477,2026-08-05T05:46:03.983912+00:00,left_shoulder_pan,1857,1851,-6,37,1,1060
21.477,2026-08-05T05:46:03.983912+00:00,left_shoulder_lift,2389,2420,31,36,8,136
21.477,2026-08-05T05:46:03.983912+00:00,left_elbow_flex,1629,1635,6,34,1,36
21.477,2026-08-05T05:46:03.983912+00:00,left_wrist_flex,2169,2170,1,34,0,0
21.477,2026-08-05T05:46:03.983912+00:00,left_wrist_roll,1989,1987,-2,34,1,1044
21.477,2026-08-05T05:46:03.983912+00:00,left_gripper,2014,2014,0,36,0,0
21.477,2026-08-05T05:46:03.983912+00:00,right_shoulder_pan,1791,1807,16,37,0,38
21.477,2026-08-05T05:46:03.983912+00:00,right_shoulder_lift,1969,2248,279,35,85,450
21.477,2026-08-05T05:46:03.983912+00:00,right_elbow_flex,2097,2137,40,37,6,94
21.477,2026-08-05T05:46:03.983912+00:00,right_wrist_flex,1976,1984,8,34,0,30
21.477,2026-08-05T05:46:03.983912+00:00,right_wrist_roll,2114,2111,-3,34,0,1044
21.477,2026-08-05T05:46:03.983912+00:00,right_gripper,2457,2462,5,38,1,24
21.527,2026-08-05T05:46:04.033700+00:00,left_shoulder_pan,1857,1851,-6,37,1,1060
21.527,2026-08-05T05:46:04.033700+00:00,left_shoulder_lift,2389,2420,31,36,8,136
21.527,2026-08-05T05:46:04.033700+00:00,left_elbow_flex,1629,1635,6,34,1,36
21.527,2026-08-05T05:46:04.033700+00:00,left_wrist_flex,2169,2170,1,34,0,0
21.527,2026-08-05T05:46:04.033700+00:00,left_wrist_roll,1989,1987,-2,34,0,1044
21.527,2026-08-05T05:46:04.033700+00:00,left_gripper,2014,2014,0,36,0,0
21.527,2026-08-05T05:46:04.033700+00:00,right_shoulder_pan,1788,1803,15,37,1,34
21.527,2026-08-05T05:46:04.033700+00:00,right_shoulder_lift,1976,2248,272,35,88,450
21.527,2026-08-05T05:46:04.033700+00:00,right_elbow_flex,2097,2137,40,37,6,94
21.527,2026-08-05T05:46:04.033700+00:00,right_wrist_flex,1976,1984,8,34,1,30
21.527,2026-08-05T05:46:04.033700+00:00,right_wrist_roll,2114,2111,-3,34,0,1044
21.527,2026-08-05T05:46:04.033700+00:00,right_gripper,2457,2462,5,38,0,24
21.578,2026-08-05T05:46:04.084439+00:00,left_shoulder_pan,1857,1851,-6,37,1,1060
21.578,2026-08-05T05:46:04.084439+00:00,left_shoulder_lift,2389,2420,31,36,8,136
21.578,2026-08-05T05:46:04.084439+00:00,left_elbow_flex,1629,1635,6,34,1,36
21.578,2026-08-05T05:46:04.084439+00:00,left_wrist_flex,2169,2170,1,34,0,0
21.578,2026-08-05T05:46:04.084439+00:00,left_wrist_roll,1989,1987,-2,34,0,1044
21.578,2026-08-05T05:46:04.084439+00:00,left_gripper,2014,2014,0,37,0,0
21.578,2026-08-05T05:46:04.084439+00:00,right_shoulder_pan,1785,1799,14,37,1,34
21.578,2026-08-05T05:46:04.084439+00:00,right_shoulder_lift,1984,2248,264,35,83,450
21.578,2026-08-05T05:46:04.084439+00:00,right_elbow_flex,2097,2137,40,37,5,94
21.578,2026-08-05T05:46:04.084439+00:00,right_wrist_flex,1976,1984,8,35,1,30
21.578,2026-08-05T05:46:04.084439+00:00,right_wrist_roll,2114,2111,-3,34,0,1044
21.578,2026-08-05T05:46:04.084439+00:00,right_gripper,2457,2462,5,38,0,24
21.628,2026-08-05T05:46:04.136118+00:00,left_shoulder_pan,1857,1851,-6,37,1,1060
21.628,2026-08-05T05:46:04.136118+00:00,left_shoulder_lift,2389,2420,31,36,9,136
21.628,2026-08-05T05:46:04.136118+00:00,left_elbow_flex,1629,1635,6,34,1,36
21.628,2026-08-05T05:46:04.136118+00:00,left_wrist_flex,2169,2170,1,34,0,0
21.628,2026-08-05T05:46:04.136118+00:00,left_wrist_roll,1989,1987,-2,34,0,1044
21.628,2026-08-05T05:46:04.136118+00:00,left_gripper,2014,2014,0,37,0,0
21.628,2026-08-05T05:46:04.136118+00:00,right_shoulder_pan,1782,1797,15,37,0,38
21.628,2026-08-05T05:46:04.136118+00:00,right_shoulder_lift,1991,2248,257,35,90,450
21.628,2026-08-05T05:46:04.136118+00:00,right_elbow_flex,2097,2137,40,37,6,94
21.628,2026-08-05T05:46:04.136118+00:00,right_wrist_flex,1976,1984,8,34,0,30
21.628,2026-08-05T05:46:04.136118+00:00,right_wrist_roll,2114,2111,-3,34,0,1044
21.628,2026-08-05T05:46:04.136118+00:00,right_gripper,2457,2462,5,37,0,24
21.678,2026-08-05T05:46:04.186453+00:00,left_shoulder_pan,1857,1851,-6,37,1,1060
21.678,2026-08-05T05:46:04.186453+00:00,left_shoulder_lift,2389,2420,31,36,8,136
21.678,2026-08-05T05:46:04.186453+00:00,left_elbow_flex,1629,1635,6,34,1,36
21.678,2026-08-05T05:46:04.186453+00:00,left_wrist_flex,2169,2170,1,34,0,0
21.678,2026-08-05T05:46:04.186453+00:00,left_wrist_roll,1989,1987,-2,34,1,1044
21.678,2026-08-05T05:46:04.186453+00:00,left_gripper,2014,2014,0,36,0,0
21.678,2026-08-05T05:46:04.186453+00:00,right_shoulder_pan,1780,1793,13,37,0,34
21.678,2026-08-05T05:46:04.186453+00:00,right_shoulder_lift,1999,2248,249,35,83,450
21.678,2026-08-05T05:46:04.186453+00:00,right_elbow_flex,2097,2137,40,37,7,94
21.678,2026-08-05T05:46:04.186453+00:00,right_wrist_flex,1976,1984,8,34,1,30
21.678,2026-08-05T05:46:04.186453+00:00,right_wrist_roll,2114,2111,-3,34,0,1044
21.678,2026-08-05T05:46:04.186453+00:00,right_gripper,2457,2462,5,37,0,24
21.728,2026-08-05T05:46:04.234868+00:00,left_shoulder_pan,1857,1851,-6,37,1,1060
21.728,2026-08-05T05:46:04.234868+00:00,left_shoulder_lift,2389,2420,31,37,11,136
21.728,2026-08-05T05:46:04.234868+00:00,left_elbow_flex,1629,1635,6,34,1,36
21.728,2026-08-05T05:46:04.234868+00:00,left_wrist_flex,2169,2170,1,34,0,0
21.728,2026-08-05T05:46:04.234868+00:00,left_wrist_roll,1989,1987,-2,34,0,1044
21.728,2026-08-05T05:46:04.234868+00:00,left_gripper,2014,2014,0,37,0,0
21.728,2026-08-05T05:46:04.234868+00:00,right_shoulder_pan,1779,1792,13,37,1,38
21.728,2026-08-05T05:46:04.234868+00:00,right_shoulder_lift,2007,2248,241,35,88,450
21.728,2026-08-05T05:46:04.234868+00:00,right_elbow_flex,2097,2137,40,37,6,94
21.728,2026-08-05T05:46:04.234868+00:00,right_wrist_flex,1976,1984,8,34,1,30
21.728,2026-08-05T05:46:04.234868+00:00,right_wrist_roll,2114,2111,-3,34,0,1044
21.728,2026-08-05T05:46:04.234868+00:00,right_gripper,2457,2462,5,37,0,24
21.778,2026-08-05T05:46:04.285475+00:00,left_shoulder_pan,1857,1851,-6,37,1,1060
21.778,2026-08-05T05:46:04.285475+00:00,left_shoulder_lift,2389,2420,31,36,8,136
21.778,2026-08-05T05:46:04.285475+00:00,left_elbow_flex,1629,1635,6,34,1,36
21.778,2026-08-05T05:46:04.285475+00:00,left_wrist_flex,2169,2170,1,34,0,0
21.778,2026-08-05T05:46:04.285475+00:00,left_wrist_roll,1989,1987,-2,34,0,1044
21.778,2026-08-05T05:46:04.285475+00:00,left_gripper,2014,2014,0,36,0,0
21.778,2026-08-05T05:46:04.285475+00:00,right_shoulder_pan,1777,1789,12,37,1,36
21.778,2026-08-05T05:46:04.285475+00:00,right_shoulder_lift,2014,2248,234,35,88,450
21.778,2026-08-05T05:46:04.285475+00:00,right_elbow_flex,2097,2137,40,37,5,94
21.778,2026-08-05T05:46:04.285475+00:00,right_wrist_flex,1976,1984,8,35,1,30
21.778,2026-08-05T05:46:04.285475+00:00,right_wrist_roll,2114,2111,-3,34,0,1044
21.778,2026-08-05T05:46:04.285475+00:00,right_gripper,2457,2462,5,37,1,24
21.828,2026-08-05T05:46:04.335077+00:00,left_shoulder_pan,1857,1851,-6,37,0,1060
21.828,2026-08-05T05:46:04.335077+00:00,left_shoulder_lift,2389,2420,31,36,10,136
21.828,2026-08-05T05:46:04.335077+00:00,left_elbow_flex,1629,1635,6,34,0,36
21.828,2026-08-05T05:46:04.335077+00:00,left_wrist_flex,2169,2170,1,34,0,0
21.828,2026-08-05T05:46:04.335077+00:00,left_wrist_roll,1989,1987,-2,34,0,1044
21.828,2026-08-05T05:46:04.335077+00:00,left_gripper,2014,2014,0,36,0,0
21.828,2026-08-05T05:46:04.335077+00:00,right_shoulder_pan,1776,1788,12,37,1,38
21.828,2026-08-05T05:46:04.335077+00:00,right_shoulder_lift,2022,2248,226,35,87,450
21.828,2026-08-05T05:46:04.335077+00:00,right_elbow_flex,2097,2137,40,37,7,94
21.828,2026-08-05T05:46:04.335077+00:00,right_wrist_flex,1976,1984,8,34,1,30
21.828,2026-08-05T05:46:04.335077+00:00,right_wrist_roll,2114,2111,-3,34,0,1044
21.828,2026-08-05T05:46:04.335077+00:00,right_gripper,2457,2462,5,37,1,24
21.879,2026-08-05T05:46:04.385097+00:00,left_shoulder_pan,1857,1851,-6,37,1,1060
21.879,2026-08-05T05:46:04.385097+00:00,left_shoulder_lift,2389,2420,31,36,9,136
21.879,2026-08-05T05:46:04.385097+00:00,left_elbow_flex,1629,1635,6,34,1,36
21.879,2026-08-05T05:46:04.385097+00:00,left_wrist_flex,2169,2170,1,34,0,0
21.879,2026-08-05T05:46:04.385097+00:00,left_wrist_roll,1989,1987,-2,33,1,1044
21.879,2026-08-05T05:46:04.385097+00:00,left_gripper,2014,2014,0,36,0,0
21.879,2026-08-05T05:46:04.385097+00:00,right_shoulder_pan,1775,1788,13,37,1,40
21.879,2026-08-05T05:46:04.385097+00:00,right_shoulder_lift,2030,2248,218,35,82,450
21.879,2026-08-05T05:46:04.385097+00:00,right_elbow_flex,2097,2137,40,37,5,94
21.879,2026-08-05T05:46:04.385097+00:00,right_wrist_flex,1976,1984,8,34,0,30
21.879,2026-08-05T05:46:04.385097+00:00,right_wrist_roll,2114,2111,-3,34,0,1044
21.879,2026-08-05T05:46:04.385097+00:00,right_gripper,2457,2462,5,37,0,24
21.929,2026-08-05T05:46:04.435548+00:00,left_shoulder_pan,1857,1851,-6,37,1,1060
21.929,2026-08-05T05:46:04.435548+00:00,left_shoulder_lift,2389,2420,31,36,8,136
21.929,2026-08-05T05:46:04.435548+00:00,left_elbow_flex,1629,1635,6,34,1,36
21.929,2026-08-05T05:46:04.435548+00:00,left_wrist_flex,2169,2170,1,34,0,0
21.929,2026-08-05T05:46:04.435548+00:00,left_wrist_roll,1989,1987,-2,34,0,1044
21.929,2026-08-05T05:46:04.435548+00:00,left_gripper,2014,2014,0,36,0,0
21.929,2026-08-05T05:46:04.435548+00:00,right_shoulder_pan,1774,1787,13,37,1,40
21.929,2026-08-05T05:46:04.435548+00:00,right_shoulder_lift,2038,2248,210,35,86,440
21.929,2026-08-05T05:46:04.435548+00:00,right_elbow_flex,2097,2137,40,37,6,94
21.929,2026-08-05T05:46:04.435548+00:00,right_wrist_flex,1976,1984,8,34,0,30
21.929,2026-08-05T05:46:04.435548+00:00,right_wrist_roll,2114,2111,-3,34,1,1044
21.929,2026-08-05T05:46:04.435548+00:00,right_gripper,2457,2462,5,37,0,24
21.979,2026-08-05T05:46:04.485265+00:00,left_shoulder_pan,1857,1851,-6,37,1,1060
21.979,2026-08-05T05:46:04.485265+00:00,left_shoulder_lift,2389,2420,31,36,8,136
21.979,2026-08-05T05:46:04.485265+00:00,left_elbow_flex,1629,1635,6,34,1,36
21.979,2026-08-05T05:46:04.485265+00:00,left_wrist_flex,2169,2170,1,34,0,0
21.979,2026-08-05T05:46:04.485265+00:00,left_wrist_roll,1989,1987,-2,34,1,1044
21.979,2026-08-05T05:46:04.485265+00:00,left_gripper,2014,2014,0,36,0,0
21.979,2026-08-05T05:46:04.485265+00:00,right_shoulder_pan,1774,1786,12,37,1,38
21.979,2026-08-05T05:46:04.485265+00:00,right_shoulder_lift,2046,2248,202,35,83,424
21.979,2026-08-05T05:46:04.485265+00:00,right_elbow_flex,2097,2137,40,37,6,94
21.979,2026-08-05T05:46:04.485265+00:00,right_wrist_flex,1976,1984,8,34,1,30
21.979,2026-08-05T05:46:04.485265+00:00,right_wrist_roll,2114,2111,-3,34,0,1044
21.979,2026-08-05T05:46:04.485265+00:00,right_gripper,2457,2462,5,37,1,24
22.029,2026-08-05T05:46:04.536825+00:00,left_shoulder_pan,1857,1851,-6,37,1,1060
22.029,2026-08-05T05:46:04.536825+00:00,left_shoulder_lift,2389,2420,31,36,8,136
22.029,2026-08-05T05:46:04.536825+00:00,left_elbow_flex,1629,1635,6,34,1,36
22.029,2026-08-05T05:46:04.536825+00:00,left_wrist_flex,2169,2170,1,34,0,0
22.029,2026-08-05T05:46:04.536825+00:00,left_wrist_roll,1989,1987,-2,34,1,1044
22.029,2026-08-05T05:46:04.536825+00:00,left_gripper,2014,2014,0,37,0,0
22.029,2026-08-05T05:46:04.536825+00:00,right_shoulder_pan,1774,1785,11,37,0,32
22.029,2026-08-05T05:46:04.536825+00:00,right_shoulder_lift,2054,2248,194,35,73,408
22.029,2026-08-05T05:46:04.536825+00:00,right_elbow_flex,2097,2137,40,37,6,94
22.029,2026-08-05T05:46:04.536825+00:00,right_wrist_flex,1976,1984,8,34,0,30
22.029,2026-08-05T05:46:04.536825+00:00,right_wrist_roll,2114,2111,-3,34,0,1044
22.029,2026-08-05T05:46:04.536825+00:00,right_gripper,2457,2462,5,37,1,24
22.079,2026-08-05T05:46:04.586815+00:00,left_shoulder_pan,1857,1851,-6,37,1,1060
22.079,2026-08-05T05:46:04.586815+00:00,left_shoulder_lift,2389,2420,31,36,9,136
22.079,2026-08-05T05:46:04.586815+00:00,left_elbow_flex,1629,1635,6,34,1,36
22.079,2026-08-05T05:46:04.586815+00:00,left_wrist_flex,2169,2170,1,34,0,0
22.079,2026-08-05T05:46:04.586815+00:00,left_wrist_roll,1989,1987,-2,34,1,1044
22.079,2026-08-05T05:46:04.586815+00:00,left_gripper,2014,2014,0,36,0,0
22.079,2026-08-05T05:46:04.586815+00:00,right_shoulder_pan,1774,1785,11,37,0,36
22.079,2026-08-05T05:46:04.586815+00:00,right_shoulder_lift,2061,2248,187,35,73,392
22.079,2026-08-05T05:46:04.586815+00:00,right_elbow_flex,2097,2137,40,37,6,94
22.079,2026-08-05T05:46:04.586815+00:00,right_wrist_flex,1976,1984,8,35,0,30
22.079,2026-08-05T05:46:04.586815+00:00,right_wrist_roll,2114,2111,-3,34,0,1044
22.079,2026-08-05T05:46:04.586815+00:00,right_gripper,2457,2462,5,37,1,24
22.129,2026-08-05T05:46:04.635577+00:00,left_shoulder_pan,1857,1851,-6,37,0,1060
22.129,2026-08-05T05:46:04.635577+00:00,left_shoulder_lift,2389,2420,31,36,10,136
22.129,2026-08-05T05:46:04.635577+00:00,left_elbow_flex,1629,1635,6,34,1,36
22.129,2026-08-05T05:46:04.635577+00:00,left_wrist_flex,2169,2170,1,34,0,0
22.129,2026-08-05T05:46:04.635577+00:00,left_wrist_roll,1989,1987,-2,34,0,1044
22.129,2026-08-05T05:46:04.635577+00:00,left_gripper,2014,2014,0,36,0,0
22.129,2026-08-05T05:46:04.635577+00:00,right_shoulder_pan,1775,1784,9,37,1,34
22.129,2026-08-05T05:46:04.635577+00:00,right_shoulder_lift,2069,2248,179,35,67,382
22.129,2026-08-05T05:46:04.635577+00:00,right_elbow_flex,2097,2137,40,37,5,94
22.129,2026-08-05T05:46:04.635577+00:00,right_wrist_flex,1976,1984,8,34,0,30
22.129,2026-08-05T05:46:04.635577+00:00,right_wrist_roll,2114,2111,-3,34,0,1044
22.129,2026-08-05T05:46:04.635577+00:00,right_gripper,2457,2462,5,37,0,24
22.179,2026-08-05T05:46:04.687631+00:00,left_shoulder_pan,1857,1851,-6,37,1,1060
22.179,2026-08-05T05:46:04.687631+00:00,left_shoulder_lift,2389,2420,31,36,9,136
22.179,2026-08-05T05:46:04.687631+00:00,left_elbow_flex,1629,1635,6,34,0,36
22.179,2026-08-05T05:46:04.687631+00:00,left_wrist_flex,2169,2170,1,34,0,0
22.179,2026-08-05T05:46:04.687631+00:00,left_wrist_roll,1989,1987,-2,34,0,1044
22.179,2026-08-05T05:46:04.687631+00:00,left_gripper,2014,2014,0,36,0,0
22.179,2026-08-05T05:46:04.687631+00:00,right_shoulder_pan,1776,1784,8,37,1,32
22.179,2026-08-05T05:46:04.687631+00:00,right_shoulder_lift,2077,2248,171,35,55,362
22.179,2026-08-05T05:46:04.687631+00:00,right_elbow_flex,2097,2137,40,37,7,94
22.179,2026-08-05T05:46:04.687631+00:00,right_wrist_flex,1976,1984,8,34,1,30
22.179,2026-08-05T05:46:04.687631+00:00,right_wrist_roll,2114,2111,-3,34,1,1044
22.179,2026-08-05T05:46:04.687631+00:00,right_gripper,2457,2462,5,37,1,24
22.229,2026-08-05T05:46:04.736006+00:00,left_shoulder_pan,1857,1851,-6,37,1,1060
22.229,2026-08-05T05:46:04.736006+00:00,left_shoulder_lift,2389,2420,31,36,8,136
22.229,2026-08-05T05:46:04.736006+00:00,left_elbow_flex,1629,1635,6,34,1,36
22.229,2026-08-05T05:46:04.736006+00:00,left_wrist_flex,2169,2170,1,34,0,0
22.229,2026-08-05T05:46:04.736006+00:00,left_wrist_roll,1989,1987,-2,34,1,1044
22.229,2026-08-05T05:46:04.736006+00:00,left_gripper,2014,2014,0,36,0,0
22.229,2026-08-05T05:46:04.736006+00:00,right_shoulder_pan,1777,1784,7,37,1,30
22.229,2026-08-05T05:46:04.736006+00:00,right_shoulder_lift,2085,2248,163,35,55,346
22.229,2026-08-05T05:46:04.736006+00:00,right_elbow_flex,2097,2137,40,37,6,94
22.229,2026-08-05T05:46:04.736006+00:00,right_wrist_flex,1976,1984,8,34,0,30
22.229,2026-08-05T05:46:04.736006+00:00,right_wrist_roll,2114,2111,-3,34,0,1044
22.229,2026-08-05T05:46:04.736006+00:00,right_gripper,2457,2462,5,37,0,24
22.279,2026-08-05T05:46:04.786290+00:00,left_shoulder_pan,1857,1851,-6,37,1,1060
22.279,2026-08-05T05:46:04.786290+00:00,left_shoulder_lift,2389,2420,31,36,9,136
22.279,2026-08-05T05:46:04.786290+00:00,left_elbow_flex,1629,1635,6,34,1,36
22.279,2026-08-05T05:46:04.786290+00:00,left_wrist_flex,2169,2170,1,34,0,0
22.279,2026-08-05T05:46:04.786290+00:00,left_wrist_roll,1989,1987,-2,34,0,1044
22.279,2026-08-05T05:46:04.786290+00:00,left_gripper,2014,2014,0,36,0,0
22.279,2026-08-05T05:46:04.786290+00:00,right_shoulder_pan,1779,1784,5,37,1,28
22.279,2026-08-05T05:46:04.786290+00:00,right_shoulder_lift,2093,2248,155,35,50,330
22.279,2026-08-05T05:46:04.786290+00:00,right_elbow_flex,2097,2137,40,37,5,94
22.279,2026-08-05T05:46:04.786290+00:00,right_wrist_flex,1976,1984,8,34,0,30
22.279,2026-08-05T05:46:04.786290+00:00,right_wrist_roll,2114,2111,-3,34,1,1044
22.279,2026-08-05T05:46:04.786290+00:00,right_gripper,2457,2462,5,37,0,24
22.329,2026-08-05T05:46:04.837452+00:00,left_shoulder_pan,1857,1851,-6,37,1,1060
22.329,2026-08-05T05:46:04.837452+00:00,left_shoulder_lift,2389,2420,31,36,8,136
22.329,2026-08-05T05:46:04.837452+00:00,left_elbow_flex,1629,1635,6,34,1,36
22.329,2026-08-05T05:46:04.837452+00:00,left_wrist_flex,2169,2170,1,34,0,0
22.329,2026-08-05T05:46:04.837452+00:00,left_wrist_roll,1989,1987,-2,34,0,1044
22.329,2026-08-05T05:46:04.837452+00:00,left_gripper,2014,2014,0,36,0,0
22.329,2026-08-05T05:46:04.837452+00:00,right_shoulder_pan,1781,1784,3,37,0,20
22.329,2026-08-05T05:46:04.837452+00:00,right_shoulder_lift,2100,2248,148,35,45,314
22.329,2026-08-05T05:46:04.837452+00:00,right_elbow_flex,2097,2137,40,37,5,94
22.329,2026-08-05T05:46:04.837452+00:00,right_wrist_flex,1976,1984,8,34,0,30
22.329,2026-08-05T05:46:04.837452+00:00,right_wrist_roll,2114,2111,-3,34,0,1044
22.329,2026-08-05T05:46:04.837452+00:00,right_gripper,2457,2462,5,37,0,24
22.379,2026-08-05T05:46:04.886444+00:00,left_shoulder_pan,1857,1851,-6,37,1,1060
22.379,2026-08-05T05:46:04.886444+00:00,left_shoulder_lift,2389,2420,31,36,10,136
22.379,2026-08-05T05:46:04.886444+00:00,left_elbow_flex,1629,1635,6,34,1,36
22.379,2026-08-05T05:46:04.886444+00:00,left_wrist_flex,2169,2170,1,34,0,0
22.379,2026-08-05T05:46:04.886444+00:00,left_wrist_roll,1989,1987,-2,34,1,1044
22.379,2026-08-05T05:46:04.886444+00:00,left_gripper,2014,2014,0,36,0,0
22.379,2026-08-05T05:46:04.886444+00:00,right_shoulder_pan,1783,1784,1,37,0,0
22.379,2026-08-05T05:46:04.886444+00:00,right_shoulder_lift,2108,2248,140,35,37,302
22.379,2026-08-05T05:46:04.886444+00:00,right_elbow_flex,2097,2137,40,37,5,94
22.379,2026-08-05T05:46:04.886444+00:00,right_wrist_flex,1976,1984,8,34,0,30
22.379,2026-08-05T05:46:04.886444+00:00,right_wrist_roll,2114,2111,-3,34,0,1044
22.379,2026-08-05T05:46:04.886444+00:00,right_gripper,2457,2462,5,37,0,24
22.429,2026-08-05T05:46:04.936133+00:00,left_shoulder_pan,1857,1851,-6,37,1,1060
22.429,2026-08-05T05:46:04.936133+00:00,left_shoulder_lift,2389,2420,31,36,9,136
22.429,2026-08-05T05:46:04.936133+00:00,left_elbow_flex,1629,1635,6,34,1,36
22.429,2026-08-05T05:46:04.936133+00:00,left_wrist_flex,2169,2170,1,34,0,0
22.429,2026-08-05T05:46:04.936133+00:00,left_wrist_roll,1989,1987,-2,34,0,1044
22.429,2026-08-05T05:46:04.936133+00:00,left_gripper,2014,2014,0,36,0,0
22.429,2026-08-05T05:46:04.936133+00:00,right_shoulder_pan,1785,1784,-1,37,0,1044
22.429,2026-08-05T05:46:04.936133+00:00,right_shoulder_lift,2115,2248,133,35,37,280
22.429,2026-08-05T05:46:04.936133+00:00,right_elbow_flex,2097,2137,40,37,6,94
22.429,2026-08-05T05:46:04.936133+00:00,right_wrist_flex,1976,1984,8,34,0,30
22.429,2026-08-05T05:46:04.936133+00:00,right_wrist_roll,2114,2111,-3,34,0,1044
22.429,2026-08-05T05:46:04.936133+00:00,right_gripper,2457,2462,5,37,0,24
22.480,2026-08-05T05:46:04.986618+00:00,left_shoulder_pan,1857,1851,-6,37,1,1060
22.480,2026-08-05T05:46:04.986618+00:00,left_shoulder_lift,2389,2420,31,36,8,136
22.480,2026-08-05T05:46:04.986618+00:00,left_elbow_flex,1629,1635,6,34,1,36
22.480,2026-08-05T05:46:04.986618+00:00,left_wrist_flex,2169,2170,1,34,0,0
22.480,2026-08-05T05:46:04.986618+00:00,left_wrist_roll,1989,1987,-2,34,0,1044
22.480,2026-08-05T05:46:04.986618+00:00,left_gripper,2014,2014,0,36,0,0
22.480,2026-08-05T05:46:04.986618+00:00,right_shoulder_pan,1788,1784,-4,37,0,0
22.480,2026-08-05T05:46:04.986618+00:00,right_shoulder_lift,2123,2248,125,35,32,274
22.480,2026-08-05T05:46:04.986618+00:00,right_elbow_flex,2097,2137,40,37,6,94
22.480,2026-08-05T05:46:04.986618+00:00,right_wrist_flex,1976,1984,8,34,1,30
22.480,2026-08-05T05:46:04.986618+00:00,right_wrist_roll,2114,2111,-3,34,1,1044
22.480,2026-08-05T05:46:04.986618+00:00,right_gripper,2457,2462,5,37,0,24
22.530,2026-08-05T05:46:05.036434+00:00,left_shoulder_pan,1857,1851,-6,37,1,1060
22.530,2026-08-05T05:46:05.036434+00:00,left_shoulder_lift,2389,2420,31,36,10,136
22.530,2026-08-05T05:46:05.036434+00:00,left_elbow_flex,1629,1635,6,34,1,36
22.530,2026-08-05T05:46:05.036434+00:00,left_wrist_flex,2169,2170,1,34,0,0
22.530,2026-08-05T05:46:05.036434+00:00,left_wrist_roll,1989,1987,-2,34,1,1044
22.530,2026-08-05T05:46:05.036434+00:00,left_gripper,2014,2014,0,36,0,0
22.530,2026-08-05T05:46:05.036434+00:00,right_shoulder_pan,1791,1784,-7,37,0,1050
22.530,2026-08-05T05:46:05.036434+00:00,right_shoulder_lift,2130,2248,118,35,25,254
22.530,2026-08-05T05:46:05.036434+00:00,right_elbow_flex,2097,2137,40,37,8,94
22.530,2026-08-05T05:46:05.036434+00:00,right_wrist_flex,1976,1984,8,34,0,30
22.530,2026-08-05T05:46:05.036434+00:00,right_wrist_roll,2114,2111,-3,34,0,1044
22.530,2026-08-05T05:46:05.036434+00:00,right_gripper,2457,2462,5,37,0,24
22.580,2026-08-05T05:46:05.086800+00:00,left_shoulder_pan,1857,1851,-6,37,1,1060
22.580,2026-08-05T05:46:05.086800+00:00,left_shoulder_lift,2389,2420,31,36,10,136
22.580,2026-08-05T05:46:05.086800+00:00,left_elbow_flex,1629,1635,6,34,1,36
22.580,2026-08-05T05:46:05.086800+00:00,left_wrist_flex,2169,2170,1,34,0,0
22.580,2026-08-05T05:46:05.086800+00:00,left_wrist_roll,1989,1987,-2,34,0,1044
22.580,2026-08-05T05:46:05.086800+00:00,left_gripper,2014,2014,0,36,0,0
22.580,2026-08-05T05:46:05.086800+00:00,right_shoulder_pan,1794,1784,-10,37,1,1056
22.580,2026-08-05T05:46:05.086800+00:00,right_shoulder_lift,2137,2248,111,35,27,244
22.580,2026-08-05T05:46:05.086800+00:00,right_elbow_flex,2097,2137,40,37,6,94
22.580,2026-08-05T05:46:05.086800+00:00,right_wrist_flex,1976,1984,8,34,0,30
22.580,2026-08-05T05:46:05.086800+00:00,right_wrist_roll,2114,2111,-3,33,0,1044
22.580,2026-08-05T05:46:05.086800+00:00,right_gripper,2457,2462,5,37,0,24
22.630,2026-08-05T05:46:05.137637+00:00,left_shoulder_pan,1857,1851,-6,37,1,1060
22.630,2026-08-05T05:46:05.137637+00:00,left_shoulder_lift,2389,2420,31,36,8,136
22.630,2026-08-05T05:46:05.137637+00:00,left_elbow_flex,1629,1635,6,34,1,36
22.630,2026-08-05T05:46:05.137637+00:00,left_wrist_flex,2169,2170,1,34,0,0
22.630,2026-08-05T05:46:05.137637+00:00,left_wrist_roll,1989,1987,-2,34,0,1044
22.630,2026-08-05T05:46:05.137637+00:00,left_gripper,2014,2014,0,36,0,0
22.630,2026-08-05T05:46:05.137637+00:00,right_shoulder_pan,1798,1785,-13,37,1,1060
22.630,2026-08-05T05:46:05.137637+00:00,right_shoulder_lift,2144,2248,104,35,20,226
22.630,2026-08-05T05:46:05.137637+00:00,right_elbow_flex,2097,2137,40,37,6,94
22.630,2026-08-05T05:46:05.137637+00:00,right_wrist_flex,1976,1984,8,34,1,30
22.630,2026-08-05T05:46:05.137637+00:00,right_wrist_roll,2114,2111,-3,34,0,1044
22.630,2026-08-05T05:46:05.137637+00:00,right_gripper,2457,2462,5,37,0,24
22.680,2026-08-05T05:46:05.187599+00:00,left_shoulder_pan,1857,1851,-6,37,1,1060
22.680,2026-08-05T05:46:05.187599+00:00,left_shoulder_lift,2389,2420,31,36,8,136
22.680,2026-08-05T05:46:05.187599+00:00,left_elbow_flex,1629,1635,6,34,1,36
22.680,2026-08-05T05:46:05.187599+00:00,left_wrist_flex,2169,2170,1,34,0,0
22.680,2026-08-05T05:46:05.187599+00:00,left_wrist_roll,1989,1987,-2,34,0,1044
22.680,2026-08-05T05:46:05.187599+00:00,left_gripper,2014,2014,0,36,0,0
22.680,2026-08-05T05:46:05.187599+00:00,right_shoulder_pan,1802,1785,-17,37,1,1068
22.680,2026-08-05T05:46:05.187599+00:00,right_shoulder_lift,2151,2248,97,35,24,212
22.680,2026-08-05T05:46:05.187599+00:00,right_elbow_flex,2097,2137,40,37,7,94
22.680,2026-08-05T05:46:05.187599+00:00,right_wrist_flex,1976,1984,8,34,1,30
22.680,2026-08-05T05:46:05.187599+00:00,right_wrist_roll,2114,2111,-3,34,0,1044
22.680,2026-08-05T05:46:05.187599+00:00,right_gripper,2457,2462,5,38,0,24
22.730,2026-08-05T05:46:05.237164+00:00,left_shoulder_pan,1857,1851,-6,37,1,1060
22.730,2026-08-05T05:46:05.237164+00:00,left_shoulder_lift,2389,2420,31,36,11,136
22.730,2026-08-05T05:46:05.237164+00:00,left_elbow_flex,1629,1635,6,34,1,36
22.730,2026-08-05T05:46:05.237164+00:00,left_wrist_flex,2169,2170,1,34,0,0
22.730,2026-08-05T05:46:05.237164+00:00,left_wrist_roll,1989,1987,-2,34,0,1044
22.730,2026-08-05T05:46:05.237164+00:00,left_gripper,2014,2014,0,36,0,0
22.730,2026-08-05T05:46:05.237164+00:00,right_shoulder_pan,1806,1785,-21,37,1,1074
22.730,2026-08-05T05:46:05.237164+00:00,right_shoulder_lift,2158,2248,90,35,14,198
22.730,2026-08-05T05:46:05.237164+00:00,right_elbow_flex,2097,2137,40,37,6,94
22.730,2026-08-05T05:46:05.237164+00:00,right_wrist_flex,1976,1984,8,34,1,30
22.730,2026-08-05T05:46:05.237164+00:00,right_wrist_roll,2114,2111,-3,34,1,1044
22.730,2026-08-05T05:46:05.237164+00:00,right_gripper,2457,2462,5,37,0,24
22.780,2026-08-05T05:46:05.287164+00:00,left_shoulder_pan,1857,1851,-6,37,1,1060
22.780,2026-08-05T05:46:05.287164+00:00,left_shoulder_lift,2389,2420,31,36,9,136
22.780,2026-08-05T05:46:05.287164+00:00,left_elbow_flex,1629,1635,6,34,1,36
22.780,2026-08-05T05:46:05.287164+00:00,left_wrist_flex,2169,2170,1,34,0,0
22.780,2026-08-05T05:46:05.287164+00:00,left_wrist_roll,1989,1987,-2,34,1,1044
22.780,2026-08-05T05:46:05.287164+00:00,left_gripper,2014,2014,0,37,0,0
22.780,2026-08-05T05:46:05.287164+00:00,right_shoulder_pan,1810,1787,-23,37,1,1074
22.780,2026-08-05T05:46:05.287164+00:00,right_shoulder_lift,2164,2248,84,35,17,184
22.780,2026-08-05T05:46:05.287164+00:00,right_elbow_flex,2097,2137,40,37,6,94
22.780,2026-08-05T05:46:05.287164+00:00,right_wrist_flex,1976,1984,8,34,1,30
22.780,2026-08-05T05:46:05.287164+00:00,right_wrist_roll,2114,2111,-3,34,1,1044
22.780,2026-08-05T05:46:05.287164+00:00,right_gripper,2457,2462,5,37,1,24
22.830,2026-08-05T05:46:05.337404+00:00,left_shoulder_pan,1857,1851,-6,37,0,1060
22.830,2026-08-05T05:46:05.337404+00:00,left_shoulder_lift,2389,2420,31,36,11,136
22.830,2026-08-05T05:46:05.337404+00:00,left_elbow_flex,1629,1635,6,34,1,36
22.830,2026-08-05T05:46:05.337404+00:00,left_wrist_flex,2169,2170,1,34,0,0
22.830,2026-08-05T05:46:05.337404+00:00,left_wrist_roll,1989,1987,-2,34,0,1044
22.830,2026-08-05T05:46:05.337404+00:00,left_gripper,2014,2014,0,37,0,0
22.830,2026-08-05T05:46:05.337404+00:00,right_shoulder_pan,1815,1791,-24,37,1,1076
22.830,2026-08-05T05:46:05.337404+00:00,right_shoulder_lift,2170,2248,78,35,16,170
22.830,2026-08-05T05:46:05.337404+00:00,right_elbow_flex,2097,2137,40,37,6,94
22.830,2026-08-05T05:46:05.337404+00:00,right_wrist_flex,1976,1984,8,34,1,30
22.830,2026-08-05T05:46:05.337404+00:00,right_wrist_roll,2114,2111,-3,34,0,1044
22.830,2026-08-05T05:46:05.337404+00:00,right_gripper,2457,2462,5,37,1,24
22.881,2026-08-05T05:46:05.387898+00:00,left_shoulder_pan,1857,1851,-6,37,1,1060
22.881,2026-08-05T05:46:05.387898+00:00,left_shoulder_lift,2389,2420,31,36,8,136
22.881,2026-08-05T05:46:05.387898+00:00,left_elbow_flex,1629,1635,6,34,1,36
22.881,2026-08-05T05:46:05.387898+00:00,left_wrist_flex,2169,2170,1,34,0,0
22.881,2026-08-05T05:46:05.387898+00:00,left_wrist_roll,1989,1987,-2,34,0,1044
22.881,2026-08-05T05:46:05.387898+00:00,left_gripper,2014,2014,0,36,0,0
22.881,2026-08-05T05:46:05.387898+00:00,right_shoulder_pan,1820,1794,-26,37,1,1080
22.881,2026-08-05T05:46:05.387898+00:00,right_shoulder_lift,2177,2248,71,35,10,162
22.881,2026-08-05T05:46:05.387898+00:00,right_elbow_flex,2097,2137,40,37,6,94
22.881,2026-08-05T05:46:05.387898+00:00,right_wrist_flex,1976,1984,8,34,1,30
22.881,2026-08-05T05:46:05.387898+00:00,right_wrist_roll,2114,2111,-3,34,0,1044
22.881,2026-08-05T05:46:05.387898+00:00,right_gripper,2457,2462,5,37,1,24
22.931,2026-08-05T05:46:05.437169+00:00,left_shoulder_pan,1857,1851,-6,37,1,1060
22.931,2026-08-05T05:46:05.437169+00:00,left_shoulder_lift,2389,2420,31,36,9,136
22.931,2026-08-05T05:46:05.437169+00:00,left_elbow_flex,1629,1635,6,34,1,36
22.931,2026-08-05T05:46:05.437169+00:00,left_wrist_flex,2169,2170,1,34,0,0
22.931,2026-08-05T05:46:05.437169+00:00,left_wrist_roll,1989,1987,-2,34,0,1044
22.931,2026-08-05T05:46:05.437169+00:00,left_gripper,2014,2014,0,36,0,0
22.931,2026-08-05T05:46:05.437169+00:00,right_shoulder_pan,1825,1798,-27,37,1,1084
22.931,2026-08-05T05:46:05.437169+00:00,right_shoulder_lift,2183,2248,65,36,10,146
22.931,2026-08-05T05:46:05.437169+00:00,right_elbow_flex,2097,2137,40,37,6,94
22.931,2026-08-05T05:46:05.437169+00:00,right_wrist_flex,1976,1984,8,35,1,30
22.931,2026-08-05T05:46:05.437169+00:00,right_wrist_roll,2114,2111,-3,34,0,1044
22.931,2026-08-05T05:46:05.437169+00:00,right_gripper,2457,2462,5,37,0,24
22.981,2026-08-05T05:46:05.487456+00:00,left_shoulder_pan,1857,1851,-6,37,1,1060
22.981,2026-08-05T05:46:05.487456+00:00,left_shoulder_lift,2389,2420,31,36,8,136
22.981,2026-08-05T05:46:05.487456+00:00,left_elbow_flex,1629,1635,6,34,1,36
22.981,2026-08-05T05:46:05.487456+00:00,left_wrist_flex,2169,2170,1,34,0,0
22.981,2026-08-05T05:46:05.487456+00:00,left_wrist_roll,1989,1987,-2,34,0,1044
22.981,2026-08-05T05:46:05.487456+00:00,left_gripper,2014,2014,0,37,0,0
22.981,2026-08-05T05:46:05.487456+00:00,right_shoulder_pan,1830,1804,-26,37,0,1076
22.981,2026-08-05T05:46:05.487456+00:00,right_shoulder_lift,2188,2248,60,35,7,138
22.981,2026-08-05T05:46:05.487456+00:00,right_elbow_flex,2097,2137,40,37,5,94
22.981,2026-08-05T05:46:05.487456+00:00,right_wrist_flex,1976,1984,8,34,1,30
22.981,2026-08-05T05:46:05.487456+00:00,right_wrist_roll,2114,2111,-3,34,0,1044
22.981,2026-08-05T05:46:05.487456+00:00,right_gripper,2457,2462,5,37,0,24
23.031,2026-08-05T05:46:05.537424+00:00,left_shoulder_pan,1857,1851,-6,37,1,1060
23.031,2026-08-05T05:46:05.537424+00:00,left_shoulder_lift,2389,2420,31,36,11,136
23.031,2026-08-05T05:46:05.537424+00:00,left_elbow_flex,1629,1635,6,33,1,36
23.031,2026-08-05T05:46:05.537424+00:00,left_wrist_flex,2169,2170,1,34,0,0
23.031,2026-08-05T05:46:05.537424+00:00,left_wrist_roll,1989,1987,-2,34,1,1044
23.031,2026-08-05T05:46:05.537424+00:00,left_gripper,2014,2014,0,36,0,0
23.031,2026-08-05T05:46:05.537424+00:00,right_shoulder_pan,1836,1809,-27,37,1,1082
23.031,2026-08-05T05:46:05.537424+00:00,right_shoulder_lift,2194,2248,54,35,7,122
23.031,2026-08-05T05:46:05.537424+00:00,right_elbow_flex,2097,2137,40,37,6,94
23.031,2026-08-05T05:46:05.537424+00:00,right_wrist_flex,1976,1984,8,34,1,30
23.031,2026-08-05T05:46:05.537424+00:00,right_wrist_roll,2114,2111,-3,34,0,1044
23.031,2026-08-05T05:46:05.537424+00:00,right_gripper,2457,2462,5,37,0,24
23.081,2026-08-05T05:46:05.587431+00:00,left_shoulder_pan,1857,1851,-6,37,0,1060
23.081,2026-08-05T05:46:05.587431+00:00,left_shoulder_lift,2389,2420,31,36,11,136
23.081,2026-08-05T05:46:05.587431+00:00,left_elbow_flex,1629,1635,6,34,1,36
23.081,2026-08-05T05:46:05.587431+00:00,left_wrist_flex,2169,2170,1,34,0,0
23.081,2026-08-05T05:46:05.587431+00:00,left_wrist_roll,1989,1987,-2,34,0,1044
23.081,2026-08-05T05:46:05.587431+00:00,left_gripper,2014,2014,0,36,0,0
23.081,2026-08-05T05:46:05.587431+00:00,right_shoulder_pan,1842,1815,-27,37,1,1078
23.081,2026-08-05T05:46:05.587431+00:00,right_shoulder_lift,2199,2248,49,35,7,116
23.081,2026-08-05T05:46:05.587431+00:00,right_elbow_flex,2097,2137,40,37,5,94
23.081,2026-08-05T05:46:05.587431+00:00,right_wrist_flex,1976,1984,8,35,0,30
23.081,2026-08-05T05:46:05.587431+00:00,right_wrist_roll,2114,2111,-3,34,0,1044
23.081,2026-08-05T05:46:05.587431+00:00,right_gripper,2457,2462,5,37,0,24
23.131,2026-08-05T05:46:05.637648+00:00,left_shoulder_pan,1857,1851,-6,37,1,1060
23.131,2026-08-05T05:46:05.637648+00:00,left_shoulder_lift,2389,2420,31,36,9,136
23.131,2026-08-05T05:46:05.637648+00:00,left_elbow_flex,1629,1635,6,34,1,36
23.131,2026-08-05T05:46:05.637648+00:00,left_wrist_flex,2169,2170,1,34,0,0
23.131,2026-08-05T05:46:05.637648+00:00,left_wrist_roll,1989,1987,-2,34,1,1044
23.131,2026-08-05T05:46:05.637648+00:00,left_gripper,2014,2014,0,36,0,0
23.131,2026-08-05T05:46:05.637648+00:00,right_shoulder_pan,1848,1820,-28,37,2,1082
23.131,2026-08-05T05:46:05.637648+00:00,right_shoulder_lift,2204,2248,44,35,6,100
23.131,2026-08-05T05:46:05.637648+00:00,right_elbow_flex,2097,2137,40,37,6,94
23.131,2026-08-05T05:46:05.637648+00:00,right_wrist_flex,1976,1984,8,35,0,30
23.131,2026-08-05T05:46:05.637648+00:00,right_wrist_roll,2114,2111,-3,34,0,1044
23.131,2026-08-05T05:46:05.637648+00:00,right_gripper,2457,2462,5,37,0,24
23.181,2026-08-05T05:46:05.687792+00:00,left_shoulder_pan,1857,1851,-6,37,1,1060
23.181,2026-08-05T05:46:05.687792+00:00,left_shoulder_lift,2389,2420,31,36,11,136
23.181,2026-08-05T05:46:05.687792+00:00,left_elbow_flex,1629,1635,6,34,1,36
23.181,2026-08-05T05:46:05.687792+00:00,left_wrist_flex,2169,2170,1,34,0,0
23.181,2026-08-05T05:46:05.687792+00:00,left_wrist_roll,1989,1987,-2,34,1,1044
23.181,2026-08-05T05:46:05.687792+00:00,left_gripper,2014,2014,0,36,0,0
23.181,2026-08-05T05:46:05.687792+00:00,right_shoulder_pan,1854,1826,-28,37,1,1076
23.181,2026-08-05T05:46:05.687792+00:00,right_shoulder_lift,2209,2248,39,35,5,98
23.181,2026-08-05T05:46:05.687792+00:00,right_elbow_flex,2097,2137,40,37,6,94
23.181,2026-08-05T05:46:05.687792+00:00,right_wrist_flex,1976,1984,8,34,1,30
23.181,2026-08-05T05:46:05.687792+00:00,right_wrist_roll,2114,2111,-3,33,0,1044
23.181,2026-08-05T05:46:05.687792+00:00,right_gripper,2457,2462,5,37,0,24
23.231,2026-08-05T05:46:05.737602+00:00,left_shoulder_pan,1857,1851,-6,37,1,1060
23.231,2026-08-05T05:46:05.737602+00:00,left_shoulder_lift,2389,2420,31,36,11,136
23.231,2026-08-05T05:46:05.737602+00:00,left_elbow_flex,1629,1635,6,34,1,36
23.231,2026-08-05T05:46:05.737602+00:00,left_wrist_flex,2169,2170,1,34,0,0
23.231,2026-08-05T05:46:05.737602+00:00,left_wrist_roll,1989,1987,-2,34,1,1044
23.231,2026-08-05T05:46:05.737602+00:00,left_gripper,2014,2014,0,36,0,0
23.231,2026-08-05T05:46:05.737602+00:00,right_shoulder_pan,1860,1831,-29,37,1,1084
23.231,2026-08-05T05:46:05.737602+00:00,right_shoulder_lift,2214,2248,34,35,4,80
23.231,2026-08-05T05:46:05.737602+00:00,right_elbow_flex,2097,2137,40,37,6,94
23.231,2026-08-05T05:46:05.737602+00:00,right_wrist_flex,1976,1984,8,34,1,30
23.231,2026-08-05T05:46:05.737602+00:00,right_wrist_roll,2114,2111,-3,34,0,1044
23.231,2026-08-05T05:46:05.737602+00:00,right_gripper,2457,2462,5,37,0,24
23.281,2026-08-05T05:46:05.788447+00:00,left_shoulder_pan,1857,1851,-6,37,1,1060
23.281,2026-08-05T05:46:05.788447+00:00,left_shoulder_lift,2389,2420,31,36,8,136
23.281,2026-08-05T05:46:05.788447+00:00,left_elbow_flex,1629,1635,6,34,1,36
23.281,2026-08-05T05:46:05.788447+00:00,left_wrist_flex,2169,2170,1,34,0,0
23.281,2026-08-05T05:46:05.788447+00:00,left_wrist_roll,1989,1987,-2,34,0,1044
23.281,2026-08-05T05:46:05.788447+00:00,left_gripper,2014,2014,0,36,0,0
23.281,2026-08-05T05:46:05.788447+00:00,right_shoulder_pan,1867,1838,-29,37,1,1082
23.281,2026-08-05T05:46:05.788447+00:00,right_shoulder_lift,2218,2248,30,35,4,74
23.281,2026-08-05T05:46:05.788447+00:00,right_elbow_flex,2097,2137,40,37,6,94
23.281,2026-08-05T05:46:05.788447+00:00,right_wrist_flex,1976,1984,8,34,1,30
23.281,2026-08-05T05:46:05.788447+00:00,right_wrist_roll,2114,2111,-3,34,0,1044
23.281,2026-08-05T05:46:05.788447+00:00,right_gripper,2457,2462,5,37,1,24
23.331,2026-08-05T05:46:05.837774+00:00,left_shoulder_pan,1857,1851,-6,36,1,1060
23.331,2026-08-05T05:46:05.837774+00:00,left_shoulder_lift,2389,2420,31,36,10,136
23.331,2026-08-05T05:46:05.837774+00:00,left_elbow_flex,1629,1635,6,34,0,36
23.331,2026-08-05T05:46:05.837774+00:00,left_wrist_flex,2169,2170,1,34,0,0
23.331,2026-08-05T05:46:05.837774+00:00,left_wrist_roll,1989,1987,-2,34,1,1044
23.331,2026-08-05T05:46:05.837774+00:00,left_gripper,2014,2014,0,36,0,0
23.331,2026-08-05T05:46:05.837774+00:00,right_shoulder_pan,1874,1844,-30,37,1,1086
23.331,2026-08-05T05:46:05.837774+00:00,right_shoulder_lift,2222,2248,26,35,3,66
23.331,2026-08-05T05:46:05.837774+00:00,right_elbow_flex,2097,2137,40,37,7,94
23.331,2026-08-05T05:46:05.837774+00:00,right_wrist_flex,1976,1984,8,34,1,30
23.331,2026-08-05T05:46:05.837774+00:00,right_wrist_roll,2114,2111,-3,34,0,1044
23.331,2026-08-05T05:46:05.837774+00:00,right_gripper,2457,2462,5,37,0,24
23.381,2026-08-05T05:46:05.888507+00:00,left_shoulder_pan,1857,1851,-6,37,1,1060
23.381,2026-08-05T05:46:05.888507+00:00,left_shoulder_lift,2389,2420,31,36,8,136
23.381,2026-08-05T05:46:05.888507+00:00,left_elbow_flex,1629,1635,6,34,1,36
23.381,2026-08-05T05:46:05.888507+00:00,left_wrist_flex,2169,2170,1,34,0,0
23.381,2026-08-05T05:46:05.888507+00:00,left_wrist_roll,1989,1987,-2,34,0,1044
23.381,2026-08-05T05:46:05.888507+00:00,left_gripper,2014,2014,0,36,0,0
23.381,2026-08-05T05:46:05.888507+00:00,right_shoulder_pan,1881,1850,-31,37,2,1082
23.381,2026-08-05T05:46:05.888507+00:00,right_shoulder_lift,2226,2248,22,35,3,58
23.381,2026-08-05T05:46:05.888507+00:00,right_elbow_flex,2097,2137,40,37,7,94
23.381,2026-08-05T05:46:05.888507+00:00,right_wrist_flex,1976,1984,8,34,0,30
23.381,2026-08-05T05:46:05.888507+00:00,right_wrist_roll,2114,2111,-3,34,0,1044
23.381,2026-08-05T05:46:05.888507+00:00,right_gripper,2457,2462,5,37,1,24
23.431,2026-08-05T05:46:05.938185+00:00,left_shoulder_pan,1857,1851,-6,37,1,1060
23.431,2026-08-05T05:46:05.938185+00:00,left_shoulder_lift,2389,2420,31,36,8,136
23.431,2026-08-05T05:46:05.938185+00:00,left_elbow_flex,1629,1635,6,34,1,36
23.431,2026-08-05T05:46:05.938185+00:00,left_wrist_flex,2169,2170,1,34,0,0
23.431,2026-08-05T05:46:05.938185+00:00,left_wrist_roll,1989,1987,-2,34,0,1044
23.431,2026-08-05T05:46:05.938185+00:00,left_gripper,2014,2014,0,36,0,0
23.431,2026-08-05T05:46:05.938185+00:00,right_shoulder_pan,1888,1857,-31,37,1,1088
23.431,2026-08-05T05:46:05.938185+00:00,right_shoulder_lift,2229,2248,19,35,2,50
23.431,2026-08-05T05:46:05.938185+00:00,right_elbow_flex,2097,2137,40,37,7,94
23.431,2026-08-05T05:46:05.938185+00:00,right_wrist_flex,1976,1984,8,34,1,30
23.431,2026-08-05T05:46:05.938185+00:00,right_wrist_roll,2114,2111,-3,34,0,1044
23.431,2026-08-05T05:46:05.938185+00:00,right_gripper,2457,2462,5,37,0,24
23.481,2026-08-05T05:46:05.988157+00:00,left_shoulder_pan,1857,1851,-6,37,1,1060
23.481,2026-08-05T05:46:05.988157+00:00,left_shoulder_lift,2389,2420,31,36,8,136
23.481,2026-08-05T05:46:05.988157+00:00,left_elbow_flex,1629,1635,6,34,1,36
23.481,2026-08-05T05:46:05.988157+00:00,left_wrist_flex,2169,2170,1,34,0,0
23.481,2026-08-05T05:46:05.988157+00:00,left_wrist_roll,1989,1987,-2,34,1,1044
23.481,2026-08-05T05:46:05.988157+00:00,left_gripper,2014,2014,0,36,0,0
23.481,2026-08-05T05:46:05.988157+00:00,right_shoulder_pan,1895,1863,-32,37,1,1084
23.481,2026-08-05T05:46:05.988157+00:00,right_shoulder_lift,2233,2248,15,35,0,48
23.481,2026-08-05T05:46:05.988157+00:00,right_elbow_flex,2097,2137,40,37,6,94
23.481,2026-08-05T05:46:05.988157+00:00,right_wrist_flex,1976,1984,8,35,0,30
23.481,2026-08-05T05:46:05.988157+00:00,right_wrist_roll,2114,2111,-3,34,0,1044
23.481,2026-08-05T05:46:05.988157+00:00,right_gripper,2457,2462,5,37,1,24
23.532,2026-08-05T05:46:06.038248+00:00,left_shoulder_pan,1857,1851,-6,37,1,1060
23.532,2026-08-05T05:46:06.038248+00:00,left_shoulder_lift,2389,2420,31,36,8,136
23.532,2026-08-05T05:46:06.038248+00:00,left_elbow_flex,1629,1635,6,34,1,36
23.532,2026-08-05T05:46:06.038248+00:00,left_wrist_flex,2169,2170,1,34,0,0
23.532,2026-08-05T05:46:06.038248+00:00,left_wrist_roll,1989,1987,-2,34,0,1044
23.532,2026-08-05T05:46:06.038248+00:00,left_gripper,2014,2014,0,36,0,0
23.532,2026-08-05T05:46:06.038248+00:00,right_shoulder_pan,1902,1870,-32,37,1,1084
23.532,2026-08-05T05:46:06.038248+00:00,right_shoulder_lift,2236,2248,12,35,1,36
23.532,2026-08-05T05:46:06.038248+00:00,right_elbow_flex,2097,2137,40,37,6,94
23.532,2026-08-05T05:46:06.038248+00:00,right_wrist_flex,1976,1984,8,35,0,30
23.532,2026-08-05T05:46:06.038248+00:00,right_wrist_roll,2114,2111,-3,34,0,1044
23.532,2026-08-05T05:46:06.038248+00:00,right_gripper,2457,2462,5,37,0,24
23.582,2026-08-05T05:46:06.090690+00:00,left_shoulder_pan,1857,1851,-6,37,1,1060
23.582,2026-08-05T05:46:06.090690+00:00,left_shoulder_lift,2389,2420,31,36,8,136
23.582,2026-08-05T05:46:06.090690+00:00,left_elbow_flex,1629,1635,6,34,1,36
23.582,2026-08-05T05:46:06.090690+00:00,left_wrist_flex,2169,2170,1,34,0,0
23.582,2026-08-05T05:46:06.090690+00:00,left_wrist_roll,1989,1987,-2,34,0,1044
23.582,2026-08-05T05:46:06.090690+00:00,left_gripper,2014,2014,0,36,0,0
23.582,2026-08-05T05:46:06.090690+00:00,right_shoulder_pan,1909,1877,-32,37,1,1084
23.582,2026-08-05T05:46:06.090690+00:00,right_shoulder_lift,2238,2248,10,36,1,34
23.582,2026-08-05T05:46:06.090690+00:00,right_elbow_flex,2097,2137,40,37,6,94
23.582,2026-08-05T05:46:06.090690+00:00,right_wrist_flex,1976,1984,8,34,1,30
23.582,2026-08-05T05:46:06.090690+00:00,right_wrist_roll,2114,2111,-3,34,1,1044
23.582,2026-08-05T05:46:06.090690+00:00,right_gripper,2457,2462,5,37,0,24
23.632,2026-08-05T05:46:06.138378+00:00,left_shoulder_pan,1857,1851,-6,37,1,1060
23.632,2026-08-05T05:46:06.138378+00:00,left_shoulder_lift,2389,2420,31,36,8,136
23.632,2026-08-05T05:46:06.138378+00:00,left_elbow_flex,1629,1635,6,34,1,36
23.632,2026-08-05T05:46:06.138378+00:00,left_wrist_flex,2169,2170,1,34,0,0
23.632,2026-08-05T05:46:06.138378+00:00,left_wrist_roll,1989,1987,-2,34,0,1044
23.632,2026-08-05T05:46:06.138378+00:00,left_gripper,2014,2014,0,36,0,0
23.632,2026-08-05T05:46:06.138378+00:00,right_shoulder_pan,1917,1884,-33,37,1,1086
23.632,2026-08-05T05:46:06.138378+00:00,right_shoulder_lift,2241,2248,7,35,0,30
23.632,2026-08-05T05:46:06.138378+00:00,right_elbow_flex,2097,2137,40,37,7,94
23.632,2026-08-05T05:46:06.138378+00:00,right_wrist_flex,1976,1984,8,34,1,30
23.632,2026-08-05T05:46:06.138378+00:00,right_wrist_roll,2114,2111,-3,34,0,1044
23.632,2026-08-05T05:46:06.138378+00:00,right_gripper,2457,2462,5,39,0,24
23.682,2026-08-05T05:46:06.188741+00:00,left_shoulder_pan,1857,1851,-6,37,1,1060
23.682,2026-08-05T05:46:06.188741+00:00,left_shoulder_lift,2389,2420,31,36,10,136
23.682,2026-08-05T05:46:06.188741+00:00,left_elbow_flex,1629,1635,6,34,0,36
23.682,2026-08-05T05:46:06.188741+00:00,left_wrist_flex,2169,2170,1,34,0,0
23.682,2026-08-05T05:46:06.188741+00:00,left_wrist_roll,1989,1987,-2,34,0,1044
23.682,2026-08-05T05:46:06.188741+00:00,left_gripper,2014,2014,0,36,0,0
23.682,2026-08-05T05:46:06.188741+00:00,right_shoulder_pan,1925,1890,-35,37,1,1090
23.682,2026-08-05T05:46:06.188741+00:00,right_shoulder_lift,2243,2248,5,35,0,24
23.682,2026-08-05T05:46:06.188741+00:00,right_elbow_flex,2097,2137,40,37,6,94
23.682,2026-08-05T05:46:06.188741+00:00,right_wrist_flex,1976,1984,8,34,1,30
23.682,2026-08-05T05:46:06.188741+00:00,right_wrist_roll,2114,2111,-3,34,0,1044
23.682,2026-08-05T05:46:06.188741+00:00,right_gripper,2457,2462,5,37,1,24
23.732,2026-08-05T05:46:06.240078+00:00,left_shoulder_pan,1857,1851,-6,37,1,1060
23.732,2026-08-05T05:46:06.240078+00:00,left_shoulder_lift,2389,2420,31,36,8,136
23.732,2026-08-05T05:46:06.240078+00:00,left_elbow_flex,1629,1635,6,34,1,36
23.732,2026-08-05T05:46:06.240078+00:00,left_wrist_flex,2169,2170,1,34,0,0
23.732,2026-08-05T05:46:06.240078+00:00,left_wrist_roll,1989,1987,-2,34,0,1044
23.732,2026-08-05T05:46:06.240078+00:00,left_gripper,2014,2014,0,36,0,0
23.732,2026-08-05T05:46:06.240078+00:00,right_shoulder_pan,1932,1897,-35,37,1,1090
23.732,2026-08-05T05:46:06.240078+00:00,right_shoulder_lift,2245,2248,3,35,0,24
23.732,2026-08-05T05:46:06.240078+00:00,right_elbow_flex,2097,2137,40,37,6,94
23.732,2026-08-05T05:46:06.240078+00:00,right_wrist_flex,1976,1984,8,34,1,30
23.732,2026-08-05T05:46:06.240078+00:00,right_wrist_roll,2114,2111,-3,34,1,1044
23.732,2026-08-05T05:46:06.240078+00:00,right_gripper,2457,2462,5,38,0,24
23.782,2026-08-05T05:46:06.289647+00:00,left_shoulder_pan,1857,1851,-6,37,1,1060
23.782,2026-08-05T05:46:06.289647+00:00,left_shoulder_lift,2389,2420,31,36,8,136
23.782,2026-08-05T05:46:06.289647+00:00,left_elbow_flex,1629,1635,6,34,1,36
23.782,2026-08-05T05:46:06.289647+00:00,left_wrist_flex,2169,2170,1,34,0,0
23.782,2026-08-05T05:46:06.289647+00:00,left_wrist_roll,1989,1987,-2,34,0,1044
23.782,2026-08-05T05:46:06.289647+00:00,left_gripper,2014,2014,0,36,0,0
23.782,2026-08-05T05:46:06.289647+00:00,right_shoulder_pan,1940,1904,-36,37,2,1090
23.782,2026-08-05T05:46:06.289647+00:00,right_shoulder_lift,2246,2248,2,35,0,0
23.782,2026-08-05T05:46:06.289647+00:00,right_elbow_flex,2097,2137,40,37,6,94
23.782,2026-08-05T05:46:06.289647+00:00,right_wrist_flex,1976,1984,8,34,0,30
23.782,2026-08-05T05:46:06.289647+00:00,right_wrist_roll,2114,2111,-3,34,0,1044
23.782,2026-08-05T05:46:06.289647+00:00,right_gripper,2457,2462,5,37,0,24
23.833,2026-08-05T05:46:06.339896+00:00,left_shoulder_pan,1857,1851,-6,37,1,1060
23.833,2026-08-05T05:46:06.339896+00:00,left_shoulder_lift,2389,2420,31,36,8,136
23.833,2026-08-05T05:46:06.339896+00:00,left_elbow_flex,1629,1635,6,34,1,36
23.833,2026-08-05T05:46:06.339896+00:00,left_wrist_flex,2169,2170,1,34,0,0
23.833,2026-08-05T05:46:06.339896+00:00,left_wrist_roll,1989,1987,-2,34,0,1044
23.833,2026-08-05T05:46:06.339896+00:00,left_gripper,2014,2014,0,36,0,0
23.833,2026-08-05T05:46:06.339896+00:00,right_shoulder_pan,1948,1912,-36,37,2,1092
23.833,2026-08-05T05:46:06.339896+00:00,right_shoulder_lift,2247,2248,1,35,0,18
23.833,2026-08-05T05:46:06.339896+00:00,right_elbow_flex,2097,2137,40,37,7,94
23.833,2026-08-05T05:46:06.339896+00:00,right_wrist_flex,1976,1984,8,34,1,30
23.833,2026-08-05T05:46:06.339896+00:00,right_wrist_roll,2114,2111,-3,34,0,1044
23.833,2026-08-05T05:46:06.339896+00:00,right_gripper,2457,2462,5,37,1,24
23.883,2026-08-05T05:46:06.389454+00:00,left_shoulder_pan,1857,1851,-6,37,1,1060
23.883,2026-08-05T05:46:06.389454+00:00,left_shoulder_lift,2389,2420,31,36,8,136
23.883,2026-08-05T05:46:06.389454+00:00,left_elbow_flex,1629,1635,6,34,1,36
23.883,2026-08-05T05:46:06.389454+00:00,left_wrist_flex,2169,2170,1,35,0,0
23.883,2026-08-05T05:46:06.389454+00:00,left_wrist_roll,1989,1987,-2,34,1,1044
23.883,2026-08-05T05:46:06.389454+00:00,left_gripper,2014,2014,0,37,0,0
23.883,2026-08-05T05:46:06.389454+00:00,right_shoulder_pan,1956,1919,-37,37,2,1092
23.883,2026-08-05T05:46:06.389454+00:00,right_shoulder_lift,2248,2248,0,36,0,0
23.883,2026-08-05T05:46:06.389454+00:00,right_elbow_flex,2097,2137,40,37,5,94
23.883,2026-08-05T05:46:06.389454+00:00,right_wrist_flex,1976,1984,8,35,0,30
23.883,2026-08-05T05:46:06.389454+00:00,right_wrist_roll,2114,2111,-3,34,1,1044
23.883,2026-08-05T05:46:06.389454+00:00,right_gripper,2457,2462,5,37,1,24
23.933,2026-08-05T05:46:06.440463+00:00,left_shoulder_pan,1857,1851,-6,37,1,1060
23.933,2026-08-05T05:46:06.440463+00:00,left_shoulder_lift,2389,2420,31,36,11,136
23.933,2026-08-05T05:46:06.440463+00:00,left_elbow_flex,1629,1635,6,34,1,36
23.933,2026-08-05T05:46:06.440463+00:00,left_wrist_flex,2169,2170,1,34,0,0
23.933,2026-08-05T05:46:06.440463+00:00,left_wrist_roll,1989,1987,-2,34,0,1044
23.933,2026-08-05T05:46:06.440463+00:00,left_gripper,2014,2014,0,36,0,0
23.933,2026-08-05T05:46:06.440463+00:00,right_shoulder_pan,1964,1927,-37,37,1,1096
23.933,2026-08-05T05:46:06.440463+00:00,right_shoulder_lift,2249,2248,-1,35,0,0
23.933,2026-08-05T05:46:06.440463+00:00,right_elbow_flex,2097,2137,40,37,6,94
23.933,2026-08-05T05:46:06.440463+00:00,right_wrist_flex,1976,1984,8,34,1,30
23.933,2026-08-05T05:46:06.440463+00:00,right_wrist_roll,2114,2111,-3,34,0,1044
23.933,2026-08-05T05:46:06.440463+00:00,right_gripper,2457,2462,5,37,1,24
23.984,2026-08-05T05:46:06.490633+00:00,left_shoulder_pan,1857,1851,-6,37,1,1060
23.984,2026-08-05T05:46:06.490633+00:00,left_shoulder_lift,2389,2420,31,36,9,136
23.984,2026-08-05T05:46:06.490633+00:00,left_elbow_flex,1629,1635,6,34,1,36
23.984,2026-08-05T05:46:06.490633+00:00,left_wrist_flex,2169,2170,1,34,0,0
23.984,2026-08-05T05:46:06.490633+00:00,left_wrist_roll,1989,1987,-2,34,0,1044
23.984,2026-08-05T05:46:06.490633+00:00,left_gripper,2014,2014,0,36,0,0
23.984,2026-08-05T05:46:06.490633+00:00,right_shoulder_pan,1971,1935,-36,37,2,1092
23.984,2026-08-05T05:46:06.490633+00:00,right_shoulder_lift,2249,2248,-1,35,0,0
23.984,2026-08-05T05:46:06.490633+00:00,right_elbow_flex,2097,2137,40,37,6,94
23.984,2026-08-05T05:46:06.490633+00:00,right_wrist_flex,1976,1984,8,34,1,30
23.984,2026-08-05T05:46:06.490633+00:00,right_wrist_roll,2114,2111,-3,34,0,1044
23.984,2026-08-05T05:46:06.490633+00:00,right_gripper,2457,2462,5,37,0,24
24.034,2026-08-05T05:46:06.540513+00:00,left_shoulder_pan,1857,1851,-6,37,1,1060
24.034,2026-08-05T05:46:06.540513+00:00,left_shoulder_lift,2389,2420,31,36,8,136
24.034,2026-08-05T05:46:06.540513+00:00,left_elbow_flex,1629,1635,6,34,1,36
24.034,2026-08-05T05:46:06.540513+00:00,left_wrist_flex,2169,2170,1,34,0,0
24.034,2026-08-05T05:46:06.540513+00:00,left_wrist_roll,1989,1987,-2,34,0,1044
24.034,2026-08-05T05:46:06.540513+00:00,left_gripper,2014,2014,0,37,0,0
24.034,2026-08-05T05:46:06.540513+00:00,right_shoulder_pan,1979,1944,-35,37,1,1084
24.034,2026-08-05T05:46:06.540513+00:00,right_shoulder_lift,2249,2248,-1,35,0,0
24.034,2026-08-05T05:46:06.540513+00:00,right_elbow_flex,2097,2137,40,37,6,94
24.034,2026-08-05T05:46:06.540513+00:00,right_wrist_flex,1976,1984,8,34,1,30
24.034,2026-08-05T05:46:06.540513+00:00,right_wrist_roll,2114,2111,-3,34,0,1044
24.034,2026-08-05T05:46:06.540513+00:00,right_gripper,2457,2462,5,37,0,24
24.084,2026-08-05T05:46:06.592683+00:00,left_shoulder_pan,1857,1851,-6,37,1,1060
24.084,2026-08-05T05:46:06.592683+00:00,left_shoulder_lift,2389,2420,31,36,9,136
24.084,2026-08-05T05:46:06.592683+00:00,left_elbow_flex,1629,1635,6,34,1,36
24.084,2026-08-05T05:46:06.592683+00:00,left_wrist_flex,2169,2170,1,34,0,0
24.084,2026-08-05T05:46:06.592683+00:00,left_wrist_roll,1989,1987,-2,34,0,1044
24.084,2026-08-05T05:46:06.592683+00:00,left_gripper,2014,2014,0,36,0,0
24.084,2026-08-05T05:46:06.592683+00:00,right_shoulder_pan,1987,1952,-35,37,1,1088
24.084,2026-08-05T05:46:06.592683+00:00,right_shoulder_lift,2249,2248,-1,35,0,0
24.084,2026-08-05T05:46:06.592683+00:00,right_elbow_flex,2097,2137,40,37,7,94
24.084,2026-08-05T05:46:06.592683+00:00,right_wrist_flex,1976,1984,8,34,0,30
24.084,2026-08-05T05:46:06.592683+00:00,right_wrist_roll,2114,2111,-3,34,1,1044
24.084,2026-08-05T05:46:06.592683+00:00,right_gripper,2457,2462,5,37,1,24
24.135,2026-08-05T05:46:06.641842+00:00,left_shoulder_pan,1857,1851,-6,37,1,1060
24.135,2026-08-05T05:46:06.641842+00:00,left_shoulder_lift,2389,2420,31,36,9,136
24.135,2026-08-05T05:46:06.641842+00:00,left_elbow_flex,1629,1635,6,34,1,36
24.135,2026-08-05T05:46:06.641842+00:00,left_wrist_flex,2169,2170,1,34,0,0
24.135,2026-08-05T05:46:06.641842+00:00,left_wrist_roll,1989,1987,-2,34,0,1044
24.135,2026-08-05T05:46:06.641842+00:00,left_gripper,2014,2014,0,36,0,0
24.135,2026-08-05T05:46:06.641842+00:00,right_shoulder_pan,1995,1959,-36,37,2,1090
24.135,2026-08-05T05:46:06.641842+00:00,right_shoulder_lift,2248,2248,0,35,0,0
24.135,2026-08-05T05:46:06.641842+00:00,right_elbow_flex,2097,2137,40,37,6,94
24.135,2026-08-05T05:46:06.641842+00:00,right_wrist_flex,1976,1984,8,34,0,30
24.135,2026-08-05T05:46:06.641842+00:00,right_wrist_roll,2114,2111,-3,34,0,1044
24.135,2026-08-05T05:46:06.641842+00:00,right_gripper,2457,2462,5,37,1,24
24.185,2026-08-05T05:46:06.691903+00:00,left_shoulder_pan,1857,1851,-6,37,1,1060
24.185,2026-08-05T05:46:06.691903+00:00,left_shoulder_lift,2389,2420,31,36,8,136
24.185,2026-08-05T05:46:06.691903+00:00,left_elbow_flex,1629,1635,6,34,1,36
24.185,2026-08-05T05:46:06.691903+00:00,left_wrist_flex,2169,2170,1,34,0,0
24.185,2026-08-05T05:46:06.691903+00:00,left_wrist_roll,1989,1987,-2,34,0,1044
24.185,2026-08-05T05:46:06.691903+00:00,left_gripper,2014,2014,0,36,0,0
24.185,2026-08-05T05:46:06.691903+00:00,right_shoulder_pan,2003,1967,-36,37,1,1094
24.185,2026-08-05T05:46:06.691903+00:00,right_shoulder_lift,2247,2248,1,35,0,0
24.185,2026-08-05T05:46:06.691903+00:00,right_elbow_flex,2097,2137,40,37,6,94
24.185,2026-08-05T05:46:06.691903+00:00,right_wrist_flex,1976,1984,8,34,1,30
24.185,2026-08-05T05:46:06.691903+00:00,right_wrist_roll,2114,2111,-3,34,0,1044
24.185,2026-08-05T05:46:06.691903+00:00,right_gripper,2457,2462,5,37,0,24
24.235,2026-08-05T05:46:06.741751+00:00,left_shoulder_pan,1857,1851,-6,37,1,1060
24.235,2026-08-05T05:46:06.741751+00:00,left_shoulder_lift,2389,2420,31,36,8,136
24.235,2026-08-05T05:46:06.741751+00:00,left_elbow_flex,1629,1635,6,34,1,36
24.235,2026-08-05T05:46:06.741751+00:00,left_wrist_flex,2169,2170,1,34,0,0
24.235,2026-08-05T05:46:06.741751+00:00,left_wrist_roll,1989,1987,-2,34,1,1044
24.235,2026-08-05T05:46:06.741751+00:00,left_gripper,2014,2014,0,36,0,0
24.235,2026-08-05T05:46:06.741751+00:00,right_shoulder_pan,2011,1975,-36,37,2,1096
24.235,2026-08-05T05:46:06.741751+00:00,right_shoulder_lift,2246,2248,2,35,0,18
24.235,2026-08-05T05:46:06.741751+00:00,right_elbow_flex,2097,2137,40,37,6,94
24.235,2026-08-05T05:46:06.741751+00:00,right_wrist_flex,1976,1984,8,34,0,30
24.235,2026-08-05T05:46:06.741751+00:00,right_wrist_roll,2114,2111,-3,34,0,1044
24.235,2026-08-05T05:46:06.741751+00:00,right_gripper,2457,2462,5,37,1,24
24.285,2026-08-05T05:46:06.791837+00:00,left_shoulder_pan,1857,1851,-6,37,1,1060
24.285,2026-08-05T05:46:06.791837+00:00,left_shoulder_lift,2389,2420,31,36,10,136
24.285,2026-08-05T05:46:06.791837+00:00,left_elbow_flex,1629,1635,6,34,0,36
24.285,2026-08-05T05:46:06.791837+00:00,left_wrist_flex,2169,2170,1,34,0,0
24.285,2026-08-05T05:46:06.791837+00:00,left_wrist_roll,1989,1987,-2,34,0,1044
24.285,2026-08-05T05:46:06.791837+00:00,left_gripper,2014,2014,0,36,0,0
24.285,2026-08-05T05:46:06.791837+00:00,right_shoulder_pan,2018,1982,-36,37,1,1096
24.285,2026-08-05T05:46:06.791837+00:00,right_shoulder_lift,2244,2248,4,35,0,20
24.285,2026-08-05T05:46:06.791837+00:00,right_elbow_flex,2097,2137,40,37,6,94
24.285,2026-08-05T05:46:06.791837+00:00,right_wrist_flex,1976,1984,8,34,1,30
24.285,2026-08-05T05:46:06.791837+00:00,right_wrist_roll,2114,2111,-3,34,0,1044
24.285,2026-08-05T05:46:06.791837+00:00,right_gripper,2457,2462,5,37,1,24
24.335,2026-08-05T05:46:06.842148+00:00,left_shoulder_pan,1857,1851,-6,37,1,1060
24.335,2026-08-05T05:46:06.842148+00:00,left_shoulder_lift,2389,2420,31,36,10,136
24.335,2026-08-05T05:46:06.842148+00:00,left_elbow_flex,1629,1635,6,34,1,36
24.335,2026-08-05T05:46:06.842148+00:00,left_wrist_flex,2169,2170,1,34,0,0
24.335,2026-08-05T05:46:06.842148+00:00,left_wrist_roll,1989,1987,-2,34,0,1044
24.335,2026-08-05T05:46:06.842148+00:00,left_gripper,2014,2014,0,36,0,0
24.335,2026-08-05T05:46:06.842148+00:00,right_shoulder_pan,2026,1990,-36,37,1,1092
24.335,2026-08-05T05:46:06.842148+00:00,right_shoulder_lift,2242,2248,6,35,0,24
24.335,2026-08-05T05:46:06.842148+00:00,right_elbow_flex,2097,2137,40,37,6,94
24.335,2026-08-05T05:46:06.842148+00:00,right_wrist_flex,1976,1984,8,34,0,30
24.335,2026-08-05T05:46:06.842148+00:00,right_wrist_roll,2114,2111,-3,34,1,1044
24.335,2026-08-05T05:46:06.842148+00:00,right_gripper,2457,2462,5,37,1,24
24.385,2026-08-05T05:46:06.891976+00:00,left_shoulder_pan,1857,1851,-6,37,1,1060
24.385,2026-08-05T05:46:06.891976+00:00,left_shoulder_lift,2389,2420,31,36,11,136
24.385,2026-08-05T05:46:06.891976+00:00,left_elbow_flex,1629,1635,6,34,2,36
24.385,2026-08-05T05:46:06.891976+00:00,left_wrist_flex,2169,2170,1,34,0,0
24.385,2026-08-05T05:46:06.891976+00:00,left_wrist_roll,1989,1987,-2,34,1,1044
24.385,2026-08-05T05:46:06.891976+00:00,left_gripper,2014,2014,0,36,0,0
24.385,2026-08-05T05:46:06.891976+00:00,right_shoulder_pan,2034,1997,-37,37,1,1092
24.385,2026-08-05T05:46:06.891976+00:00,right_shoulder_lift,2240,2248,8,35,0,28
24.385,2026-08-05T05:46:06.891976+00:00,right_elbow_flex,2097,2137,40,37,7,94
24.385,2026-08-05T05:46:06.891976+00:00,right_wrist_flex,1976,1984,8,34,1,30
24.385,2026-08-05T05:46:06.891976+00:00,right_wrist_roll,2114,2111,-3,34,1,1044
24.385,2026-08-05T05:46:06.891976+00:00,right_gripper,2457,2462,5,38,0,24
24.436,2026-08-05T05:46:06.942125+00:00,left_shoulder_pan,1857,1851,-6,37,1,1060
24.436,2026-08-05T05:46:06.942125+00:00,left_shoulder_lift,2389,2420,31,36,8,136
24.436,2026-08-05T05:46:06.942125+00:00,left_elbow_flex,1629,1635,6,34,0,36
24.436,2026-08-05T05:46:06.942125+00:00,left_wrist_flex,2169,2170,1,34,0,0
24.436,2026-08-05T05:46:06.942125+00:00,left_wrist_roll,1989,1987,-2,34,0,1044
24.436,2026-08-05T05:46:06.942125+00:00,left_gripper,2014,2014,0,37,0,0
24.436,2026-08-05T05:46:06.942125+00:00,right_shoulder_pan,2041,2005,-36,37,1,1092
24.436,2026-08-05T05:46:06.942125+00:00,right_shoulder_lift,2237,2248,11,35,1,32
24.436,2026-08-05T05:46:06.942125+00:00,right_elbow_flex,2097,2137,40,37,5,94
24.436,2026-08-05T05:46:06.942125+00:00,right_wrist_flex,1976,1984,8,34,1,30
24.436,2026-08-05T05:46:06.942125+00:00,right_wrist_roll,2114,2111,-3,34,0,1044
24.436,2026-08-05T05:46:06.942125+00:00,right_gripper,2457,2462,5,37,1,24
24.486,2026-08-05T05:46:06.992853+00:00,left_shoulder_pan,1857,1851,-6,37,1,1060
24.486,2026-08-05T05:46:06.992853+00:00,left_shoulder_lift,2389,2420,31,36,8,136
24.486,2026-08-05T05:46:06.992853+00:00,left_elbow_flex,1629,1635,6,34,1,36
24.486,2026-08-05T05:46:06.992853+00:00,left_wrist_flex,2169,2170,1,34,0,0
24.486,2026-08-05T05:46:06.992853+00:00,left_wrist_roll,1989,1987,-2,34,0,1044
24.486,2026-08-05T05:46:06.992853+00:00,left_gripper,2014,2014,0,36,1,0
24.486,2026-08-05T05:46:06.992853+00:00,right_shoulder_pan,2049,2012,-37,37,2,1088
24.486,2026-08-05T05:46:06.992853+00:00,right_shoulder_lift,2235,2248,13,35,1,42
24.486,2026-08-05T05:46:06.992853+00:00,right_elbow_flex,2097,2137,40,37,6,94
24.486,2026-08-05T05:46:06.992853+00:00,right_wrist_flex,1976,1984,8,35,1,30
24.486,2026-08-05T05:46:06.992853+00:00,right_wrist_roll,2114,2111,-3,34,1,1044
24.486,2026-08-05T05:46:06.992853+00:00,right_gripper,2457,2462,5,37,0,24
24.537,2026-08-05T05:46:07.045426+00:00,left_shoulder_pan,1857,1851,-6,37,1,1060
24.537,2026-08-05T05:46:07.045426+00:00,left_shoulder_lift,2389,2420,31,36,8,136
24.537,2026-08-05T05:46:07.045426+00:00,left_elbow_flex,1629,1635,6,34,1,36
24.537,2026-08-05T05:46:07.045426+00:00,left_wrist_flex,2169,2170,1,34,0,0
24.537,2026-08-05T05:46:07.045426+00:00,left_wrist_roll,1989,1987,-2,34,0,1044
24.537,2026-08-05T05:46:07.045426+00:00,left_gripper,2014,2014,0,36,0,0
24.537,2026-08-05T05:46:07.045426+00:00,right_shoulder_pan,2056,2020,-36,37,2,1098
24.537,2026-08-05T05:46:07.045426+00:00,right_shoulder_lift,2232,2248,16,35,1,42
24.537,2026-08-05T05:46:07.045426+00:00,right_elbow_flex,2097,2137,40,37,7,94
24.537,2026-08-05T05:46:07.045426+00:00,right_wrist_flex,1976,1984,8,34,1,30
24.537,2026-08-05T05:46:07.045426+00:00,right_wrist_roll,2114,2111,-3,34,1,1044
24.537,2026-08-05T05:46:07.045426+00:00,right_gripper,2457,2462,5,37,0,24
24.587,2026-08-05T05:46:07.095351+00:00,left_shoulder_pan,1857,1851,-6,36,1,1060
24.587,2026-08-05T05:46:07.095351+00:00,left_shoulder_lift,2389,2420,31,36,8,136
24.587,2026-08-05T05:46:07.095351+00:00,left_elbow_flex,1629,1635,6,34,1,36
24.587,2026-08-05T05:46:07.095351+00:00,left_wrist_flex,2169,2170,1,34,0,0
24.587,2026-08-05T05:46:07.095351+00:00,left_wrist_roll,1989,1987,-2,34,0,1044
24.587,2026-08-05T05:46:07.095351+00:00,left_gripper,2014,2014,0,36,0,0
24.587,2026-08-05T05:46:07.095351+00:00,right_shoulder_pan,2063,2028,-35,51,0,1088
24.587,2026-08-05T05:46:07.095351+00:00,right_shoulder_lift,2228,2248,20,35,1,52
24.587,2026-08-05T05:46:07.095351+00:00,right_elbow_flex,2097,2137,40,37,6,94
24.587,2026-08-05T05:46:07.095351+00:00,right_wrist_flex,1976,1984,8,34,1,30
24.587,2026-08-05T05:46:07.095351+00:00,right_wrist_roll,2114,2111,-3,34,0,1044
24.587,2026-08-05T05:46:07.095351+00:00,right_gripper,2457,2462,5,37,1,24
24.637,2026-08-05T05:46:07.144071+00:00,left_shoulder_pan,1857,1851,-6,37,0,1060
24.637,2026-08-05T05:46:07.144071+00:00,left_shoulder_lift,2389,2420,31,36,9,136
24.637,2026-08-05T05:46:07.144071+00:00,left_elbow_flex,1629,1635,6,34,1,36
24.637,2026-08-05T05:46:07.144071+00:00,left_wrist_flex,2169,2170,1,34,0,0
24.637,2026-08-05T05:46:07.144071+00:00,left_wrist_roll,1989,1987,-2,34,0,1044
24.637,2026-08-05T05:46:07.144071+00:00,left_gripper,2014,2014,0,36,0,0
24.637,2026-08-05T05:46:07.144071+00:00,right_shoulder_pan,2070,2036,-34,37,2,1088
24.637,2026-08-05T05:46:07.144071+00:00,right_shoulder_lift,2224,2248,24,35,2,60
24.637,2026-08-05T05:46:07.144071+00:00,right_elbow_flex,2097,2137,40,37,7,94
24.637,2026-08-05T05:46:07.144071+00:00,right_wrist_flex,1976,1984,8,34,1,30
24.637,2026-08-05T05:46:07.144071+00:00,right_wrist_roll,2114,2111,-3,34,0,1044
24.637,2026-08-05T05:46:07.144071+00:00,right_gripper,2457,2462,5,37,1,24
24.687,2026-08-05T05:46:07.193755+00:00,left_shoulder_pan,1857,1851,-6,37,1,1060
24.687,2026-08-05T05:46:07.193755+00:00,left_shoulder_lift,2389,2420,31,36,10,136
24.687,2026-08-05T05:46:07.193755+00:00,left_elbow_flex,1629,1635,6,34,0,36
24.687,2026-08-05T05:46:07.193755+00:00,left_wrist_flex,2169,2170,1,34,0,0
24.687,2026-08-05T05:46:07.193755+00:00,left_wrist_roll,1989,1987,-2,34,0,1044
24.687,2026-08-05T05:46:07.193755+00:00,left_gripper,2014,2014,0,36,0,0
24.687,2026-08-05T05:46:07.193755+00:00,right_shoulder_pan,2077,2043,-34,37,1,1084
24.687,2026-08-05T05:46:07.193755+00:00,right_shoulder_lift,2221,2248,27,35,3,72
24.687,2026-08-05T05:46:07.193755+00:00,right_elbow_flex,2097,2137,40,37,5,94
24.687,2026-08-05T05:46:07.193755+00:00,right_wrist_flex,1976,1984,8,35,0,30
24.687,2026-08-05T05:46:07.193755+00:00,right_wrist_roll,2114,2111,-3,34,0,1044
24.687,2026-08-05T05:46:07.193755+00:00,right_gripper,2457,2462,5,37,1,24
24.737,2026-08-05T05:46:07.244066+00:00,left_shoulder_pan,1857,1851,-6,37,1,1060
24.737,2026-08-05T05:46:07.244066+00:00,left_shoulder_lift,2389,2420,31,36,8,136
24.737,2026-08-05T05:46:07.244066+00:00,left_elbow_flex,1629,1635,6,34,1,36
24.737,2026-08-05T05:46:07.244066+00:00,left_wrist_flex,2169,2170,1,34,0,0
24.737,2026-08-05T05:46:07.244066+00:00,left_wrist_roll,1989,1987,-2,34,0,1044
24.737,2026-08-05T05:46:07.244066+00:00,left_gripper,2014,2014,0,36,0,0
24.737,2026-08-05T05:46:07.244066+00:00,right_shoulder_pan,2083,2051,-32,37,1,1092
24.737,2026-08-05T05:46:07.244066+00:00,right_shoulder_lift,2216,2248,32,35,2,70
24.737,2026-08-05T05:46:07.244066+00:00,right_elbow_flex,2097,2137,40,37,7,94
24.737,2026-08-05T05:46:07.244066+00:00,right_wrist_flex,1976,1984,8,34,0,30
24.737,2026-08-05T05:46:07.244066+00:00,right_wrist_roll,2114,2111,-3,34,0,1044
24.737,2026-08-05T05:46:07.244066+00:00,right_gripper,2457,2462,5,37,0,24
24.787,2026-08-05T05:46:07.293876+00:00,left_shoulder_pan,1857,1851,-6,37,1,1060
24.787,2026-08-05T05:46:07.293876+00:00,left_shoulder_lift,2389,2420,31,36,10,136
24.787,2026-08-05T05:46:07.293876+00:00,left_elbow_flex,1629,1635,6,34,1,36
24.787,2026-08-05T05:46:07.293876+00:00,left_wrist_flex,2169,2170,1,34,0,0
24.787,2026-08-05T05:46:07.293876+00:00,left_wrist_roll,1989,1987,-2,34,0,1044
24.787,2026-08-05T05:46:07.293876+00:00,left_gripper,2014,2014,0,36,0,0
24.787,2026-08-05T05:46:07.293876+00:00,right_shoulder_pan,2090,2058,-32,37,1,1082
24.787,2026-08-05T05:46:07.293876+00:00,right_shoulder_lift,2212,2248,36,35,4,88
24.787,2026-08-05T05:46:07.293876+00:00,right_elbow_flex,2097,2137,40,37,5,94
24.787,2026-08-05T05:46:07.293876+00:00,right_wrist_flex,1976,1984,8,34,0,30
24.787,2026-08-05T05:46:07.293876+00:00,right_wrist_roll,2114,2111,-3,34,0,1044
24.787,2026-08-05T05:46:07.293876+00:00,right_gripper,2457,2462,5,37,0,24
24.837,2026-08-05T05:46:07.344288+00:00,left_shoulder_pan,1857,1851,-6,37,1,1060
24.837,2026-08-05T05:46:07.344288+00:00,left_shoulder_lift,2389,2420,31,36,9,136
24.837,2026-08-05T05:46:07.344288+00:00,left_elbow_flex,1629,1635,6,34,0,36
24.837,2026-08-05T05:46:07.344288+00:00,left_wrist_flex,2169,2170,1,34,0,0
24.837,2026-08-05T05:46:07.344288+00:00,left_wrist_roll,1989,1987,-2,34,0,1044
24.837,2026-08-05T05:46:07.344288+00:00,left_gripper,2014,2014,0,36,0,0
24.837,2026-08-05T05:46:07.344288+00:00,right_shoulder_pan,2096,2065,-31,37,1,1084
24.837,2026-08-05T05:46:07.344288+00:00,right_shoulder_lift,2207,2248,41,35,4,92
24.837,2026-08-05T05:46:07.344288+00:00,right_elbow_flex,2097,2137,40,37,6,94
24.837,2026-08-05T05:46:07.344288+00:00,right_wrist_flex,1976,1984,8,35,0,30
24.837,2026-08-05T05:46:07.344288+00:00,right_wrist_roll,2114,2111,-3,34,0,1044
24.837,2026-08-05T05:46:07.344288+00:00,right_gripper,2457,2462,5,37,1,24
24.888,2026-08-05T05:46:07.394269+00:00,left_shoulder_pan,1857,1851,-6,37,1,1060
24.888,2026-08-05T05:46:07.394269+00:00,left_shoulder_lift,2389,2420,31,36,8,136
24.888,2026-08-05T05:46:07.394269+00:00,left_elbow_flex,1629,1635,6,34,1,36
24.888,2026-08-05T05:46:07.394269+00:00,left_wrist_flex,2169,2170,1,34,0,0
24.888,2026-08-05T05:46:07.394269+00:00,left_wrist_roll,1989,1987,-2,34,0,1044
24.888,2026-08-05T05:46:07.394269+00:00,left_gripper,2014,2014,0,37,0,0
24.888,2026-08-05T05:46:07.394269+00:00,right_shoulder_pan,2102,2072,-30,37,1,1082
24.888,2026-08-05T05:46:07.394269+00:00,right_shoulder_lift,2202,2248,46,35,5,106
24.888,2026-08-05T05:46:07.394269+00:00,right_elbow_flex,2097,2137,40,37,7,94
24.888,2026-08-05T05:46:07.394269+00:00,right_wrist_flex,1976,1984,8,34,1,30
24.888,2026-08-05T05:46:07.394269+00:00,right_wrist_roll,2114,2111,-3,34,0,1044
24.888,2026-08-05T05:46:07.394269+00:00,right_gripper,2457,2462,5,37,1,24
24.938,2026-08-05T05:46:07.444439+00:00,left_shoulder_pan,1857,1851,-6,37,1,1060
24.938,2026-08-05T05:46:07.444439+00:00,left_shoulder_lift,2389,2420,31,36,8,136
24.938,2026-08-05T05:46:07.444439+00:00,left_elbow_flex,1629,1635,6,34,1,36
24.938,2026-08-05T05:46:07.444439+00:00,left_wrist_flex,2169,2170,1,34,0,0
24.938,2026-08-05T05:46:07.444439+00:00,left_wrist_roll,1989,1987,-2,34,1,1044
24.938,2026-08-05T05:46:07.444439+00:00,left_gripper,2014,2014,0,36,0,0
24.938,2026-08-05T05:46:07.444439+00:00,right_shoulder_pan,2108,2078,-30,37,0,1080
24.938,2026-08-05T05:46:07.444439+00:00,right_shoulder_lift,2197,2248,51,35,6,116
24.938,2026-08-05T05:46:07.444439+00:00,right_elbow_flex,2097,2137,40,37,6,94
24.938,2026-08-05T05:46:07.444439+00:00,right_wrist_flex,1976,1984,8,35,0,30
24.938,2026-08-05T05:46:07.444439+00:00,right_wrist_roll,2114,2111,-3,34,1,1044
24.938,2026-08-05T05:46:07.444439+00:00,right_gripper,2457,2462,5,37,0,24
24.988,2026-08-05T05:46:07.494739+00:00,left_shoulder_pan,1857,1851,-6,37,1,1060
24.988,2026-08-05T05:46:07.494739+00:00,left_shoulder_lift,2389,2420,31,36,11,136
24.988,2026-08-05T05:46:07.494739+00:00,left_elbow_flex,1629,1635,6,34,2,36
24.988,2026-08-05T05:46:07.494739+00:00,left_wrist_flex,2169,2170,1,34,0,0
24.988,2026-08-05T05:46:07.494739+00:00,left_wrist_roll,1989,1987,-2,34,0,1044
24.988,2026-08-05T05:46:07.494739+00:00,left_gripper,2014,2014,0,36,0,0
24.988,2026-08-05T05:46:07.494739+00:00,right_shoulder_pan,2114,2084,-30,37,1,1082
24.988,2026-08-05T05:46:07.494739+00:00,right_shoulder_lift,2192,2248,56,35,7,126
24.988,2026-08-05T05:46:07.494739+00:00,right_elbow_flex,2097,2137,40,37,6,94
24.988,2026-08-05T05:46:07.494739+00:00,right_wrist_flex,1976,1984,8,34,0,30
24.988,2026-08-05T05:46:07.494739+00:00,right_wrist_roll,2114,2111,-3,34,0,1044
24.988,2026-08-05T05:46:07.494739+00:00,right_gripper,2457,2462,5,37,1,24
25.038,2026-08-05T05:46:07.544446+00:00,left_shoulder_pan,1857,1851,-6,37,1,1060
25.038,2026-08-05T05:46:07.544446+00:00,left_shoulder_lift,2389,2420,31,36,10,136
25.038,2026-08-05T05:46:07.544446+00:00,left_elbow_flex,1629,1635,6,34,1,36
25.038,2026-08-05T05:46:07.544446+00:00,left_wrist_flex,2169,2170,1,34,0,0
25.038,2026-08-05T05:46:07.544446+00:00,left_wrist_roll,1989,1987,-2,34,0,1044
25.038,2026-08-05T05:46:07.544446+00:00,left_gripper,2014,2014,0,36,0,0
25.038,2026-08-05T05:46:07.544446+00:00,right_shoulder_pan,2120,2090,-30,37,2,1086
25.038,2026-08-05T05:46:07.544446+00:00,right_shoulder_lift,2186,2248,62,36,8,136
25.038,2026-08-05T05:46:07.544446+00:00,right_elbow_flex,2097,2137,40,37,7,94
25.038,2026-08-05T05:46:07.544446+00:00,right_wrist_flex,1976,1984,8,34,1,30
25.038,2026-08-05T05:46:07.544446+00:00,right_wrist_roll,2114,2111,-3,34,1,1044
25.038,2026-08-05T05:46:07.544446+00:00,right_gripper,2457,2462,5,37,1,24
25.088,2026-08-05T05:46:07.595824+00:00,left_shoulder_pan,1857,1851,-6,37,2,1060
25.088,2026-08-05T05:46:07.595824+00:00,left_shoulder_lift,2389,2420,31,36,8,136
25.088,2026-08-05T05:46:07.595824+00:00,left_elbow_flex,1629,1635,6,34,1,36
25.088,2026-08-05T05:46:07.595824+00:00,left_wrist_flex,2169,2170,1,34,0,0
25.088,2026-08-05T05:46:07.595824+00:00,left_wrist_roll,1989,1987,-2,34,0,1044
25.088,2026-08-05T05:46:07.595824+00:00,left_gripper,2014,2014,0,36,0,0
25.088,2026-08-05T05:46:07.595824+00:00,right_shoulder_pan,2125,2096,-29,37,2,1082
25.088,2026-08-05T05:46:07.595824+00:00,right_shoulder_lift,2180,2248,68,35,13,148
25.088,2026-08-05T05:46:07.595824+00:00,right_elbow_flex,2097,2137,40,37,6,94
25.088,2026-08-05T05:46:07.595824+00:00,right_wrist_flex,1976,1984,8,34,0,30
25.088,2026-08-05T05:46:07.595824+00:00,right_wrist_roll,2114,2111,-3,34,0,1044
25.088,2026-08-05T05:46:07.595824+00:00,right_gripper,2457,2462,5,38,1,24
25.138,2026-08-05T05:46:07.644932+00:00,left_shoulder_pan,1857,1851,-6,37,1,1060
25.138,2026-08-05T05:46:07.644932+00:00,left_shoulder_lift,2389,2420,31,36,9,136
25.138,2026-08-05T05:46:07.644932+00:00,left_elbow_flex,1629,1635,6,35,0,36
25.138,2026-08-05T05:46:07.644932+00:00,left_wrist_flex,2169,2170,1,34,0,0
25.138,2026-08-05T05:46:07.644932+00:00,left_wrist_roll,1989,1987,-2,34,1,1044
25.138,2026-08-05T05:46:07.644932+00:00,left_gripper,2014,2014,0,36,0,0
25.138,2026-08-05T05:46:07.644932+00:00,right_shoulder_pan,2130,2101,-29,37,1,1088
25.138,2026-08-05T05:46:07.644932+00:00,right_shoulder_lift,2174,2248,74,35,10,158
25.138,2026-08-05T05:46:07.644932+00:00,right_elbow_flex,2097,2137,40,37,6,94
25.138,2026-08-05T05:46:07.644932+00:00,right_wrist_flex,1976,1984,8,35,0,30
25.138,2026-08-05T05:46:07.644932+00:00,right_wrist_roll,2114,2111,-3,34,0,1044
25.138,2026-08-05T05:46:07.644932+00:00,right_gripper,2457,2462,5,37,1,24
25.189,2026-08-05T05:46:07.695764+00:00,left_shoulder_pan,1857,1851,-6,37,1,1060
25.189,2026-08-05T05:46:07.695764+00:00,left_shoulder_lift,2389,2420,31,36,8,136
25.189,2026-08-05T05:46:07.695764+00:00,left_elbow_flex,1629,1635,6,34,0,36
25.189,2026-08-05T05:46:07.695764+00:00,left_wrist_flex,2169,2170,1,34,0,0
25.189,2026-08-05T05:46:07.695764+00:00,left_wrist_roll,1989,1987,-2,34,0,1044
25.189,2026-08-05T05:46:07.695764+00:00,left_gripper,2014,2014,0,37,0,0
25.189,2026-08-05T05:46:07.695764+00:00,right_shoulder_pan,2135,2108,-27,37,2,1082
25.189,2026-08-05T05:46:07.695764+00:00,right_shoulder_lift,2168,2248,80,35,12,172
25.189,2026-08-05T05:46:07.695764+00:00,right_elbow_flex,2097,2137,40,37,8,94
25.189,2026-08-05T05:46:07.695764+00:00,right_wrist_flex,1976,1984,8,34,0,30
25.189,2026-08-05T05:46:07.695764+00:00,right_wrist_roll,2114,2111,-3,34,0,1044
25.189,2026-08-05T05:46:07.695764+00:00,right_gripper,2457,2462,5,37,1,24
25.239,2026-08-05T05:46:07.746157+00:00,left_shoulder_pan,1857,1851,-6,37,1,1060
25.239,2026-08-05T05:46:07.746157+00:00,left_shoulder_lift,2389,2420,31,36,8,136
25.239,2026-08-05T05:46:07.746157+00:00,left_elbow_flex,1629,1635,6,34,1,36
25.239,2026-08-05T05:46:07.746157+00:00,left_wrist_flex,2169,2170,1,34,0,0
25.239,2026-08-05T05:46:07.746157+00:00,left_wrist_roll,1989,1987,-2,34,1,1044
25.239,2026-08-05T05:46:07.746157+00:00,left_gripper,2014,2014,0,36,0,0
25.239,2026-08-05T05:46:07.746157+00:00,right_shoulder_pan,2139,2113,-26,37,1,1084
25.239,2026-08-05T05:46:07.746157+00:00,right_shoulder_lift,2161,2248,87,35,13,184
25.239,2026-08-05T05:46:07.746157+00:00,right_elbow_flex,2097,2137,40,37,6,94
25.239,2026-08-05T05:46:07.746157+00:00,right_wrist_flex,1976,1984,8,34,1,30
25.239,2026-08-05T05:46:07.746157+00:00,right_wrist_roll,2114,2111,-3,34,1,1044
25.239,2026-08-05T05:46:07.746157+00:00,right_gripper,2457,2462,5,37,0,24
25.289,2026-08-05T05:46:07.795989+00:00,left_shoulder_pan,1857,1851,-6,37,1,1060
25.289,2026-08-05T05:46:07.795989+00:00,left_shoulder_lift,2389,2420,31,36,8,136
25.289,2026-08-05T05:46:07.795989+00:00,left_elbow_flex,1629,1635,6,34,1,36
25.289,2026-08-05T05:46:07.795989+00:00,left_wrist_flex,2169,2170,1,34,0,0
25.289,2026-08-05T05:46:07.795989+00:00,left_wrist_roll,1989,1987,-2,34,0,1044
25.289,2026-08-05T05:46:07.795989+00:00,left_gripper,2014,2014,0,36,0,0
25.289,2026-08-05T05:46:07.795989+00:00,right_shoulder_pan,2144,2118,-26,37,1,1078
25.289,2026-08-05T05:46:07.795989+00:00,right_shoulder_lift,2155,2248,93,36,23,200
25.289,2026-08-05T05:46:07.795989+00:00,right_elbow_flex,2097,2137,40,37,5,94
25.289,2026-08-05T05:46:07.795989+00:00,right_wrist_flex,1976,1984,8,34,0,30
25.289,2026-08-05T05:46:07.795989+00:00,right_wrist_roll,2114,2111,-3,34,0,1044
25.289,2026-08-05T05:46:07.795989+00:00,right_gripper,2457,2462,5,37,0,24
25.340,2026-08-05T05:46:07.846740+00:00,left_shoulder_pan,1857,1851,-6,37,0,1060
25.340,2026-08-05T05:46:07.846740+00:00,left_shoulder_lift,2389,2420,31,36,8,136
25.340,2026-08-05T05:46:07.846740+00:00,left_elbow_flex,1629,1635,6,34,1,36
25.340,2026-08-05T05:46:07.846740+00:00,left_wrist_flex,2169,2170,1,34,0,0
25.340,2026-08-05T05:46:07.846740+00:00,left_wrist_roll,1989,1987,-2,34,0,1044
25.340,2026-08-05T05:46:07.846740+00:00,left_gripper,2014,2014,0,36,0,0
25.340,2026-08-05T05:46:07.846740+00:00,right_shoulder_pan,2148,2123,-25,37,2,1078
25.340,2026-08-05T05:46:07.846740+00:00,right_shoulder_lift,2148,2248,100,35,18,210
25.340,2026-08-05T05:46:07.846740+00:00,right_elbow_flex,2097,2137,40,37,6,94
25.340,2026-08-05T05:46:07.846740+00:00,right_wrist_flex,1976,1984,8,34,1,30
25.340,2026-08-05T05:46:07.846740+00:00,right_wrist_roll,2114,2111,-3,34,0,1044
25.340,2026-08-05T05:46:07.846740+00:00,right_gripper,2457,2462,5,37,1,24
25.390,2026-08-05T05:46:07.896810+00:00,left_shoulder_pan,1857,1851,-6,37,1,1060
25.390,2026-08-05T05:46:07.896810+00:00,left_shoulder_lift,2389,2420,31,36,11,136
25.390,2026-08-05T05:46:07.896810+00:00,left_elbow_flex,1629,1635,6,34,1,36
25.390,2026-08-05T05:46:07.896810+00:00,left_wrist_flex,2169,2170,1,34,0,0
25.390,2026-08-05T05:46:07.896810+00:00,left_wrist_roll,1989,1987,-2,34,0,1044
25.390,2026-08-05T05:46:07.896810+00:00,left_gripper,2014,2014,0,36,0,0
25.390,2026-08-05T05:46:07.896810+00:00,right_shoulder_pan,2151,2128,-23,37,0,1072
25.390,2026-08-05T05:46:07.896810+00:00,right_shoulder_lift,2141,2248,107,35,27,226
25.390,2026-08-05T05:46:07.896810+00:00,right_elbow_flex,2097,2137,40,37,7,94
25.390,2026-08-05T05:46:07.896810+00:00,right_wrist_flex,1976,1984,8,34,0,30
25.390,2026-08-05T05:46:07.896810+00:00,right_wrist_roll,2114,2111,-3,34,0,1044
25.390,2026-08-05T05:46:07.896810+00:00,right_gripper,2457,2462,5,38,1,24
25.441,2026-08-05T05:46:07.947174+00:00,left_shoulder_pan,1857,1851,-6,37,1,1060
25.441,2026-08-05T05:46:07.947174+00:00,left_shoulder_lift,2389,2420,31,37,8,136
25.441,2026-08-05T05:46:07.947174+00:00,left_elbow_flex,1629,1635,6,34,1,36
25.441,2026-08-05T05:46:07.947174+00:00,left_wrist_flex,2169,2170,1,34,0,0
25.441,2026-08-05T05:46:07.947174+00:00,left_wrist_roll,1989,1987,-2,34,0,1044
25.441,2026-08-05T05:46:07.947174+00:00,left_gripper,2014,2014,0,36,0,0
25.441,2026-08-05T05:46:07.947174+00:00,right_shoulder_pan,2155,2132,-23,37,1,1070
25.441,2026-08-05T05:46:07.947174+00:00,right_shoulder_lift,2134,2248,114,36,32,244
25.441,2026-08-05T05:46:07.947174+00:00,right_elbow_flex,2097,2137,40,37,6,94
25.441,2026-08-05T05:46:07.947174+00:00,right_wrist_flex,1976,1984,8,34,1,30
25.441,2026-08-05T05:46:07.947174+00:00,right_wrist_roll,2114,2111,-3,34,0,1044
25.441,2026-08-05T05:46:07.947174+00:00,right_gripper,2457,2462,5,37,0,24
25.491,2026-08-05T05:46:07.998091+00:00,left_shoulder_pan,1857,1851,-6,37,1,1060
25.491,2026-08-05T05:46:07.998091+00:00,left_shoulder_lift,2389,2420,31,36,8,136
25.491,2026-08-05T05:46:07.998091+00:00,left_elbow_flex,1629,1635,6,34,1,36
25.491,2026-08-05T05:46:07.998091+00:00,left_wrist_flex,2169,2170,1,34,0,0
25.491,2026-08-05T05:46:07.998091+00:00,left_wrist_roll,1989,1987,-2,34,0,1044
25.491,2026-08-05T05:46:07.998091+00:00,left_gripper,2014,2014,0,37,0,0
25.491,2026-08-05T05:46:07.998091+00:00,right_shoulder_pan,2158,2136,-22,37,0,1074
25.491,2026-08-05T05:46:07.998091+00:00,right_shoulder_lift,2127,2248,121,35,39,254
25.491,2026-08-05T05:46:07.998091+00:00,right_elbow_flex,2097,2137,40,37,6,94
25.491,2026-08-05T05:46:07.998091+00:00,right_wrist_flex,1976,1984,8,35,0,30
25.491,2026-08-05T05:46:07.998091+00:00,right_wrist_roll,2114,2111,-3,34,0,1044
25.491,2026-08-05T05:46:07.998091+00:00,right_gripper,2457,2462,5,36,0,24
25.541,2026-08-05T05:46:08.048346+00:00,left_shoulder_pan,1857,1851,-6,37,1,1060
25.541,2026-08-05T05:46:08.048346+00:00,left_shoulder_lift,2389,2420,31,36,8,136
25.541,2026-08-05T05:46:08.048346+00:00,left_elbow_flex,1629,1635,6,34,1,36
25.541,2026-08-05T05:46:08.048346+00:00,left_wrist_flex,2169,2170,1,34,0,0
25.541,2026-08-05T05:46:08.048346+00:00,left_wrist_roll,1989,1987,-2,34,0,1044
25.541,2026-08-05T05:46:08.048346+00:00,left_gripper,2014,2014,0,36,0,0
25.541,2026-08-05T05:46:08.048346+00:00,right_shoulder_pan,2161,2140,-21,37,1,1068
25.541,2026-08-05T05:46:08.048346+00:00,right_shoulder_lift,2119,2248,129,36,38,272
25.541,2026-08-05T05:46:08.048346+00:00,right_elbow_flex,2097,2137,40,37,6,94
25.541,2026-08-05T05:46:08.048346+00:00,right_wrist_flex,1976,1984,8,34,0,30
25.541,2026-08-05T05:46:08.048346+00:00,right_wrist_roll,2114,2111,-3,34,0,1044
25.541,2026-08-05T05:46:08.048346+00:00,right_gripper,2457,2462,5,38,1,24
25.592,2026-08-05T05:46:08.098748+00:00,left_shoulder_pan,1857,1851,-6,37,1,1060
25.592,2026-08-05T05:46:08.098748+00:00,left_shoulder_lift,2389,2420,31,36,10,136
25.592,2026-08-05T05:46:08.098748+00:00,left_elbow_flex,1629,1635,6,34,1,36
25.592,2026-08-05T05:46:08.098748+00:00,left_wrist_flex,2169,2170,1,34,0,0
25.592,2026-08-05T05:46:08.098748+00:00,left_wrist_roll,1989,1987,-2,34,0,1044
25.592,2026-08-05T05:46:08.098748+00:00,left_gripper,2014,2014,0,36,0,0
25.592,2026-08-05T05:46:08.098748+00:00,right_shoulder_pan,2164,2144,-20,37,1,1072
25.592,2026-08-05T05:46:08.098748+00:00,right_shoulder_lift,2112,2248,136,35,42,284
25.592,2026-08-05T05:46:08.098748+00:00,right_elbow_flex,2097,2137,40,37,6,94
25.592,2026-08-05T05:46:08.098748+00:00,right_wrist_flex,1976,1984,8,34,1,30
25.592,2026-08-05T05:46:08.098748+00:00,right_wrist_roll,2114,2111,-3,34,0,1044
25.592,2026-08-05T05:46:08.098748+00:00,right_gripper,2457,2462,5,38,1,24
25.642,2026-08-05T05:46:08.148831+00:00,left_shoulder_pan,1857,1851,-6,37,1,1060
25.642,2026-08-05T05:46:08.148831+00:00,left_shoulder_lift,2389,2420,31,36,11,136
25.642,2026-08-05T05:46:08.148831+00:00,left_elbow_flex,1629,1635,6,34,1,36
25.642,2026-08-05T05:46:08.148831+00:00,left_wrist_flex,2169,2170,1,34,0,0
25.642,2026-08-05T05:46:08.148831+00:00,left_wrist_roll,1989,1987,-2,34,0,1044
25.642,2026-08-05T05:46:08.148831+00:00,left_gripper,2014,2014,0,36,0,0
25.642,2026-08-05T05:46:08.148831+00:00,right_shoulder_pan,2166,2147,-19,37,1,1070
25.642,2026-08-05T05:46:08.148831+00:00,right_shoulder_lift,2104,2248,144,36,41,298
25.642,2026-08-05T05:46:08.148831+00:00,right_elbow_flex,2097,2137,40,37,7,94
25.642,2026-08-05T05:46:08.148831+00:00,right_wrist_flex,1976,1984,8,34,0,30
25.642,2026-08-05T05:46:08.148831+00:00,right_wrist_roll,2114,2111,-3,34,0,1044
25.642,2026-08-05T05:46:08.148831+00:00,right_gripper,2457,2462,5,37,1,24
25.693,2026-08-05T05:46:08.199684+00:00,left_shoulder_pan,1857,1851,-6,37,1,1060
25.693,2026-08-05T05:46:08.199684+00:00,left_shoulder_lift,2389,2420,31,36,9,136
25.693,2026-08-05T05:46:08.199684+00:00,left_elbow_flex,1629,1635,6,34,0,36
25.693,2026-08-05T05:46:08.199684+00:00,left_wrist_flex,2169,2170,1,34,0,0
25.693,2026-08-05T05:46:08.199684+00:00,left_wrist_roll,1989,1987,-2,34,1,1044
25.693,2026-08-05T05:46:08.199684+00:00,left_gripper,2014,2014,0,36,0,0
25.693,2026-08-05T05:46:08.199684+00:00,right_shoulder_pan,2168,2150,-18,37,0,1066
25.693,2026-08-05T05:46:08.199684+00:00,right_shoulder_lift,2097,2248,151,35,43,318
25.693,2026-08-05T05:46:08.199684+00:00,right_elbow_flex,2097,2137,40,37,6,94
25.693,2026-08-05T05:46:08.199684+00:00,right_wrist_flex,1976,1984,8,34,0,30
25.693,2026-08-05T05:46:08.199684+00:00,right_wrist_roll,2114,2111,-3,34,0,1044
25.693,2026-08-05T05:46:08.199684+00:00,right_gripper,2457,2462,5,37,1,24
25.743,2026-08-05T05:46:08.250313+00:00,left_shoulder_pan,1857,1851,-6,37,1,1060
25.743,2026-08-05T05:46:08.250313+00:00,left_shoulder_lift,2389,2420,31,36,8,136
25.743,2026-08-05T05:46:08.250313+00:00,left_elbow_flex,1629,1635,6,34,0,36
25.743,2026-08-05T05:46:08.250313+00:00,left_wrist_flex,2169,2170,1,34,0,0
25.743,2026-08-05T05:46:08.250313+00:00,left_wrist_roll,1989,1987,-2,34,1,1044
25.743,2026-08-05T05:46:08.250313+00:00,left_gripper,2014,2014,0,36,0,0
25.743,2026-08-05T05:46:08.250313+00:00,right_shoulder_pan,2170,2152,-18,37,1,1070
25.743,2026-08-05T05:46:08.250313+00:00,right_shoulder_lift,2089,2248,159,36,49,324
25.743,2026-08-05T05:46:08.250313+00:00,right_elbow_flex,2097,2137,40,37,6,94
25.743,2026-08-05T05:46:08.250313+00:00,right_wrist_flex,1976,1984,8,34,1,30
25.743,2026-08-05T05:46:08.250313+00:00,right_wrist_roll,2114,2111,-3,34,0,1044
25.743,2026-08-05T05:46:08.250313+00:00,right_gripper,2457,2462,5,37,0,24
25.793,2026-08-05T05:46:08.299728+00:00,left_shoulder_pan,1857,1851,-6,37,2,1060
25.793,2026-08-05T05:46:08.299728+00:00,left_shoulder_lift,2389,2420,31,36,9,136
25.793,2026-08-05T05:46:08.299728+00:00,left_elbow_flex,1629,1635,6,34,1,36
25.793,2026-08-05T05:46:08.299728+00:00,left_wrist_flex,2169,2170,1,34,0,0
25.793,2026-08-05T05:46:08.299728+00:00,left_wrist_roll,1989,1987,-2,34,1,1044
25.793,2026-08-05T05:46:08.299728+00:00,left_gripper,2014,2014,0,36,0,0
25.793,2026-08-05T05:46:08.299728+00:00,right_shoulder_pan,2171,2155,-16,37,0,1068
25.793,2026-08-05T05:46:08.299728+00:00,right_shoulder_lift,2081,2248,167,36,51,348
25.793,2026-08-05T05:46:08.299728+00:00,right_elbow_flex,2097,2137,40,37,7,94
25.793,2026-08-05T05:46:08.299728+00:00,right_wrist_flex,1976,1984,8,34,1,30
25.793,2026-08-05T05:46:08.299728+00:00,right_wrist_roll,2114,2111,-3,34,0,1044
25.793,2026-08-05T05:46:08.299728+00:00,right_gripper,2457,2462,5,37,0,24
25.844,2026-08-05T05:46:08.351276+00:00,left_shoulder_pan,1857,1851,-6,37,1,1060
25.844,2026-08-05T05:46:08.351276+00:00,left_shoulder_lift,2389,2420,31,36,10,136
25.844,2026-08-05T05:46:08.351276+00:00,left_elbow_flex,1629,1635,6,34,1,36
25.844,2026-08-05T05:46:08.351276+00:00,left_wrist_flex,2169,2170,1,34,0,0
25.844,2026-08-05T05:46:08.351276+00:00,left_wrist_roll,1989,1987,-2,34,0,1044
25.844,2026-08-05T05:46:08.351276+00:00,left_gripper,2014,2014,0,36,0,0
25.844,2026-08-05T05:46:08.351276+00:00,right_shoulder_pan,2172,2156,-16,37,1,1068
25.844,2026-08-05T05:46:08.351276+00:00,right_shoulder_lift,2074,2248,174,35,62,360
25.844,2026-08-05T05:46:08.351276+00:00,right_elbow_flex,2097,2137,40,37,6,94
25.844,2026-08-05T05:46:08.351276+00:00,right_wrist_flex,1976,1984,8,34,1,30
25.844,2026-08-05T05:46:08.351276+00:00,right_wrist_roll,2114,2111,-3,34,0,1044
25.844,2026-08-05T05:46:08.351276+00:00,right_gripper,2457,2462,5,37,0,24
25.894,2026-08-05T05:46:08.401133+00:00,left_shoulder_pan,1857,1851,-6,37,1,1060
25.894,2026-08-05T05:46:08.401133+00:00,left_shoulder_lift,2389,2420,31,37,7,136
25.894,2026-08-05T05:46:08.401133+00:00,left_elbow_flex,1629,1635,6,34,0,36
25.894,2026-08-05T05:46:08.401133+00:00,left_wrist_flex,2169,2170,1,34,0,0
25.894,2026-08-05T05:46:08.401133+00:00,left_wrist_roll,1989,1987,-2,34,0,1044
25.894,2026-08-05T05:46:08.401133+00:00,left_gripper,2014,2014,0,36,0,0
25.894,2026-08-05T05:46:08.401133+00:00,right_shoulder_pan,2173,2157,-16,37,2,1068
25.894,2026-08-05T05:46:08.401133+00:00,right_shoulder_lift,2066,2248,182,36,69,374
25.894,2026-08-05T05:46:08.401133+00:00,right_elbow_flex,2097,2137,40,37,6,94
25.894,2026-08-05T05:46:08.401133+00:00,right_wrist_flex,1976,1984,8,34,0,30
25.894,2026-08-05T05:46:08.401133+00:00,right_wrist_roll,2114,2111,-3,34,1,1044
25.894,2026-08-05T05:46:08.401133+00:00,right_gripper,2457,2462,5,37,0,24
25.945,2026-08-05T05:46:08.451583+00:00,left_shoulder_pan,1857,1851,-6,37,1,1060
25.945,2026-08-05T05:46:08.451583+00:00,left_shoulder_lift,2389,2420,31,36,9,136
25.945,2026-08-05T05:46:08.451583+00:00,left_elbow_flex,1629,1635,6,34,1,36
25.945,2026-08-05T05:46:08.451583+00:00,left_wrist_flex,2169,2170,1,34,0,0
25.945,2026-08-05T05:46:08.451583+00:00,left_wrist_roll,1989,1987,-2,34,0,1044
25.945,2026-08-05T05:46:08.451583+00:00,left_gripper,2014,2014,0,36,0,0
25.945,2026-08-05T05:46:08.451583+00:00,right_shoulder_pan,2174,2158,-16,37,2,1068
25.945,2026-08-05T05:46:08.451583+00:00,right_shoulder_lift,2058,2248,190,36,70,390
25.945,2026-08-05T05:46:08.451583+00:00,right_elbow_flex,2097,2137,40,37,6,94
25.945,2026-08-05T05:46:08.451583+00:00,right_wrist_flex,1976,1984,8,34,0,30
25.945,2026-08-05T05:46:08.451583+00:00,right_wrist_roll,2114,2111,-3,34,0,1044
25.945,2026-08-05T05:46:08.451583+00:00,right_gripper,2457,2462,5,37,1,24
25.995,2026-08-05T05:46:08.501822+00:00,left_shoulder_pan,1857,1851,-6,37,1,1060
25.995,2026-08-05T05:46:08.501822+00:00,left_shoulder_lift,2389,2420,31,36,10,136
25.995,2026-08-05T05:46:08.501822+00:00,left_elbow_flex,1629,1635,6,34,1,36
25.995,2026-08-05T05:46:08.501822+00:00,left_wrist_flex,2169,2170,1,34,0,0
25.995,2026-08-05T05:46:08.501822+00:00,left_wrist_roll,1989,1987,-2,34,1,1044
25.995,2026-08-05T05:46:08.501822+00:00,left_gripper,2014,2014,0,37,0,0
25.995,2026-08-05T05:46:08.501822+00:00,right_shoulder_pan,2174,2158,-16,37,2,1074
25.995,2026-08-05T05:46:08.501822+00:00,right_shoulder_lift,2050,2248,198,35,76,406
25.995,2026-08-05T05:46:08.501822+00:00,right_elbow_flex,2097,2137,40,37,6,94
25.995,2026-08-05T05:46:08.501822+00:00,right_wrist_flex,1976,1984,8,34,1,30
25.995,2026-08-05T05:46:08.501822+00:00,right_wrist_roll,2114,2111,-3,34,0,1044
25.995,2026-08-05T05:46:08.501822+00:00,right_gripper,2457,2462,5,38,0,24
26.046,2026-08-05T05:46:08.552560+00:00,left_shoulder_pan,1857,1851,-6,37,1,1060
26.046,2026-08-05T05:46:08.552560+00:00,left_shoulder_lift,2389,2420,31,36,10,136
26.046,2026-08-05T05:46:08.552560+00:00,left_elbow_flex,1629,1635,6,34,0,36
26.046,2026-08-05T05:46:08.552560+00:00,left_wrist_flex,2169,2170,1,34,0,0
26.046,2026-08-05T05:46:08.552560+00:00,left_wrist_roll,1989,1987,-2,34,0,1044
26.046,2026-08-05T05:46:08.552560+00:00,left_gripper,2014,2014,0,36,0,0
26.046,2026-08-05T05:46:08.552560+00:00,right_shoulder_pan,2174,2159,-15,37,1,1068
26.046,2026-08-05T05:46:08.552560+00:00,right_shoulder_lift,2042,2248,206,35,83,422
26.046,2026-08-05T05:46:08.552560+00:00,right_elbow_flex,2097,2137,40,37,5,94
26.046,2026-08-05T05:46:08.552560+00:00,right_wrist_flex,1976,1984,8,34,0,30
26.046,2026-08-05T05:46:08.552560+00:00,right_wrist_roll,2114,2111,-3,34,1,1044
26.046,2026-08-05T05:46:08.552560+00:00,right_gripper,2457,2462,5,37,1,24
26.096,2026-08-05T05:46:08.602826+00:00,left_shoulder_pan,1857,1851,-6,37,1,1060
26.096,2026-08-05T05:46:08.602826+00:00,left_shoulder_lift,2389,2420,31,36,9,136
26.096,2026-08-05T05:46:08.602826+00:00,left_elbow_flex,1629,1635,6,34,1,36
26.096,2026-08-05T05:46:08.602826+00:00,left_wrist_flex,2169,2170,1,34,0,0
26.096,2026-08-05T05:46:08.602826+00:00,left_wrist_roll,1989,1987,-2,34,0,1044
26.096,2026-08-05T05:46:08.602826+00:00,left_gripper,2014,2014,0,36,0,0
26.096,2026-08-05T05:46:08.602826+00:00,right_shoulder_pan,2173,2159,-14,37,1,1062
26.096,2026-08-05T05:46:08.602826+00:00,right_shoulder_lift,2034,2248,214,36,91,442
26.096,2026-08-05T05:46:08.602826+00:00,right_elbow_flex,2097,2137,40,37,6,94
26.096,2026-08-05T05:46:08.602826+00:00,right_wrist_flex,1976,1984,8,35,0,30
26.096,2026-08-05T05:46:08.602826+00:00,right_wrist_roll,2114,2111,-3,34,1,1044
26.096,2026-08-05T05:46:08.602826+00:00,right_gripper,2457,2462,5,37,1,24
26.146,2026-08-05T05:46:08.652680+00:00,left_shoulder_pan,1857,1851,-6,37,1,1060
26.146,2026-08-05T05:46:08.652680+00:00,left_shoulder_lift,2389,2420,31,36,9,136
26.146,2026-08-05T05:46:08.652680+00:00,left_elbow_flex,1629,1635,6,34,1,36
26.146,2026-08-05T05:46:08.652680+00:00,left_wrist_flex,2169,2170,1,34,0,0
26.146,2026-08-05T05:46:08.652680+00:00,left_wrist_roll,1989,1987,-2,34,0,1044
26.146,2026-08-05T05:46:08.652680+00:00,left_gripper,2014,2014,0,36,0,0
26.146,2026-08-05T05:46:08.652680+00:00,right_shoulder_pan,2173,2159,-14,37,1,1066
26.146,2026-08-05T05:46:08.652680+00:00,right_shoulder_lift,2026,2248,222,36,85,450
26.146,2026-08-05T05:46:08.652680+00:00,right_elbow_flex,2097,2137,40,37,5,94
26.146,2026-08-05T05:46:08.652680+00:00,right_wrist_flex,1976,1984,8,34,1,30
26.146,2026-08-05T05:46:08.652680+00:00,right_wrist_roll,2114,2111,-3,34,0,1044
26.146,2026-08-05T05:46:08.652680+00:00,right_gripper,2457,2462,5,37,1,24
26.197,2026-08-05T05:46:08.704714+00:00,left_shoulder_pan,1857,1851,-6,37,0,1060
26.197,2026-08-05T05:46:08.704714+00:00,left_shoulder_lift,2389,2420,31,36,8,136
26.197,2026-08-05T05:46:08.704714+00:00,left_elbow_flex,1629,1635,6,34,1,36
26.197,2026-08-05T05:46:08.704714+00:00,left_wrist_flex,2169,2170,1,34,0,0
26.197,2026-08-05T05:46:08.704714+00:00,left_wrist_roll,1989,1987,-2,34,0,1044
26.197,2026-08-05T05:46:08.704714+00:00,left_gripper,2014,2014,0,36,0,0
26.197,2026-08-05T05:46:08.704714+00:00,right_shoulder_pan,2172,2159,-13,37,1,1060
26.197,2026-08-05T05:46:08.704714+00:00,right_shoulder_lift,2018,2248,230,36,86,450
26.197,2026-08-05T05:46:08.704714+00:00,right_elbow_flex,2097,2137,40,37,7,94
26.197,2026-08-05T05:46:08.704714+00:00,right_wrist_flex,1976,1984,8,34,0,30
26.197,2026-08-05T05:46:08.704714+00:00,right_wrist_roll,2114,2111,-3,34,0,1044
26.197,2026-08-05T05:46:08.704714+00:00,right_gripper,2457,2462,5,37,0,24
26.247,2026-08-05T05:46:08.753519+00:00,left_shoulder_pan,1857,1851,-6,37,1,1060
26.247,2026-08-05T05:46:08.753519+00:00,left_shoulder_lift,2389,2420,31,36,8,136
26.247,2026-08-05T05:46:08.753519+00:00,left_elbow_flex,1629,1635,6,34,1,36
26.247,2026-08-05T05:46:08.753519+00:00,left_wrist_flex,2169,2170,1,34,0,0
26.247,2026-08-05T05:46:08.753519+00:00,left_wrist_roll,1989,1987,-2,34,1,1044
26.247,2026-08-05T05:46:08.753519+00:00,left_gripper,2014,2014,0,36,0,0
26.247,2026-08-05T05:46:08.753519+00:00,right_shoulder_pan,2170,2159,-11,37,1,1062
26.247,2026-08-05T05:46:08.753519+00:00,right_shoulder_lift,2010,2248,238,36,92,450
26.247,2026-08-05T05:46:08.753519+00:00,right_elbow_flex,2097,2137,40,37,6,94
26.247,2026-08-05T05:46:08.753519+00:00,right_wrist_flex,1976,1984,8,34,1,30
26.247,2026-08-05T05:46:08.753519+00:00,right_wrist_roll,2114,2111,-3,34,1,1044
26.247,2026-08-05T05:46:08.753519+00:00,right_gripper,2457,2462,5,38,0,24
26.297,2026-08-05T05:46:08.802939+00:00,left_shoulder_pan,1857,1851,-6,37,1,1060
26.297,2026-08-05T05:46:08.802939+00:00,left_shoulder_lift,2389,2420,31,36,8,136
26.297,2026-08-05T05:46:08.802939+00:00,left_elbow_flex,1629,1635,6,34,1,36
26.297,2026-08-05T05:46:08.802939+00:00,left_wrist_flex,2169,2170,1,34,0,0
26.297,2026-08-05T05:46:08.802939+00:00,left_wrist_roll,1989,1987,-2,34,1,1044
26.297,2026-08-05T05:46:08.802939+00:00,left_gripper,2014,2014,0,36,0,0
26.297,2026-08-05T05:46:08.802939+00:00,right_shoulder_pan,2169,2159,-10,37,1,1054
26.297,2026-08-05T05:46:08.802939+00:00,right_shoulder_lift,2003,2248,245,36,91,450
26.297,2026-08-05T05:46:08.802939+00:00,right_elbow_flex,2097,2137,40,37,7,94
26.297,2026-08-05T05:46:08.802939+00:00,right_wrist_flex,1976,1984,8,34,1,30
26.297,2026-08-05T05:46:08.802939+00:00,right_wrist_roll,2114,2111,-3,34,0,1044
26.297,2026-08-05T05:46:08.802939+00:00,right_gripper,2457,2462,5,37,0,24
26.347,2026-08-05T05:46:08.853782+00:00,left_shoulder_pan,1857,1851,-6,37,1,1060
26.347,2026-08-05T05:46:08.853782+00:00,left_shoulder_lift,2389,2420,31,36,10,136
26.347,2026-08-05T05:46:08.853782+00:00,left_elbow_flex,1629,1635,6,34,1,36
26.347,2026-08-05T05:46:08.853782+00:00,left_wrist_flex,2169,2170,1,34,0,0
26.347,2026-08-05T05:46:08.853782+00:00,left_wrist_roll,1989,1987,-2,34,1,1044
26.347,2026-08-05T05:46:08.853782+00:00,left_gripper,2014,2014,0,36,0,0
26.347,2026-08-05T05:46:08.853782+00:00,right_shoulder_pan,2167,2159,-8,37,1,1056
26.347,2026-08-05T05:46:08.853782+00:00,right_shoulder_lift,1995,2248,253,35,90,450
26.347,2026-08-05T05:46:08.853782+00:00,right_elbow_flex,2097,2137,40,37,6,94
26.347,2026-08-05T05:46:08.853782+00:00,right_wrist_flex,1976,1984,8,34,0,30
26.347,2026-08-05T05:46:08.853782+00:00,right_wrist_roll,2114,2111,-3,34,0,1044
26.347,2026-08-05T05:46:08.853782+00:00,right_gripper,2457,2462,5,37,0,24
26.397,2026-08-05T05:46:08.903579+00:00,left_shoulder_pan,1857,1851,-6,37,1,1060
26.397,2026-08-05T05:46:08.903579+00:00,left_shoulder_lift,2389,2420,31,36,9,136
26.397,2026-08-05T05:46:08.903579+00:00,left_elbow_flex,1629,1635,6,34,1,36
26.397,2026-08-05T05:46:08.903579+00:00,left_wrist_flex,2169,2170,1,34,0,0
26.397,2026-08-05T05:46:08.903579+00:00,left_wrist_roll,1989,1987,-2,34,1,1044
26.397,2026-08-05T05:46:08.903579+00:00,left_gripper,2014,2014,0,36,0,0
26.397,2026-08-05T05:46:08.903579+00:00,right_shoulder_pan,2164,2159,-5,37,0,1048
26.397,2026-08-05T05:46:08.903579+00:00,right_shoulder_lift,1988,2248,260,36,92,450
26.397,2026-08-05T05:46:08.903579+00:00,right_elbow_flex,2097,2137,40,37,7,94
26.397,2026-08-05T05:46:08.903579+00:00,right_wrist_flex,1976,1984,8,35,0,30
26.397,2026-08-05T05:46:08.903579+00:00,right_wrist_roll,2114,2111,-3,34,1,1044
26.397,2026-08-05T05:46:08.903579+00:00,right_gripper,2457,2462,5,37,0,24
26.447,2026-08-05T05:46:08.953877+00:00,left_shoulder_pan,1857,1851,-6,37,1,1060
26.447,2026-08-05T05:46:08.953877+00:00,left_shoulder_lift,2389,2420,31,36,11,136
26.447,2026-08-05T05:46:08.953877+00:00,left_elbow_flex,1629,1635,6,34,1,36
26.447,2026-08-05T05:46:08.953877+00:00,left_wrist_flex,2169,2170,1,34,0,0
26.447,2026-08-05T05:46:08.953877+00:00,left_wrist_roll,1989,1987,-2,34,1,1044
26.447,2026-08-05T05:46:08.953877+00:00,left_gripper,2014,2014,0,37,0,0
26.447,2026-08-05T05:46:08.953877+00:00,right_shoulder_pan,2162,2159,-3,37,0,1042
26.447,2026-08-05T05:46:08.953877+00:00,right_shoulder_lift,1980,2248,268,35,92,450
26.447,2026-08-05T05:46:08.953877+00:00,right_elbow_flex,2097,2137,40,37,6,94
26.447,2026-08-05T05:46:08.953877+00:00,right_wrist_flex,1976,1984,8,34,0,30
26.447,2026-08-05T05:46:08.953877+00:00,right_wrist_roll,2114,2111,-3,34,0,1044
26.447,2026-08-05T05:46:08.953877+00:00,right_gripper,2457,2462,5,37,0,24
26.498,2026-08-05T05:46:09.004628+00:00,left_shoulder_pan,1857,1851,-6,37,1,1060
26.498,2026-08-05T05:46:09.004628+00:00,left_shoulder_lift,2389,2420,31,36,8,136
26.498,2026-08-05T05:46:09.004628+00:00,left_elbow_flex,1629,1635,6,34,1,36
26.498,2026-08-05T05:46:09.004628+00:00,left_wrist_flex,2169,2170,1,34,0,0
26.498,2026-08-05T05:46:09.004628+00:00,left_wrist_roll,1989,1987,-2,34,0,1044
26.498,2026-08-05T05:46:09.004628+00:00,left_gripper,2014,2014,0,36,0,0
26.498,2026-08-05T05:46:09.004628+00:00,right_shoulder_pan,2159,2159,0,37,0,1042
26.498,2026-08-05T05:46:09.004628+00:00,right_shoulder_lift,1973,2248,275,35,96,450
26.498,2026-08-05T05:46:09.004628+00:00,right_elbow_flex,2097,2137,40,37,6,94
26.498,2026-08-05T05:46:09.004628+00:00,right_wrist_flex,1976,1984,8,34,1,30
26.498,2026-08-05T05:46:09.004628+00:00,right_wrist_roll,2114,2111,-3,34,0,1044
26.498,2026-08-05T05:46:09.004628+00:00,right_gripper,2457,2462,5,37,0,24
26.548,2026-08-05T05:46:09.055082+00:00,left_shoulder_pan,1857,1851,-6,37,1,1060
26.548,2026-08-05T05:46:09.055082+00:00,left_shoulder_lift,2389,2420,31,36,11,136
26.548,2026-08-05T05:46:09.055082+00:00,left_elbow_flex,1629,1635,6,34,1,36
26.548,2026-08-05T05:46:09.055082+00:00,left_wrist_flex,2169,2170,1,34,0,0
26.548,2026-08-05T05:46:09.055082+00:00,left_wrist_roll,1989,1987,-2,34,1,1044
26.548,2026-08-05T05:46:09.055082+00:00,left_gripper,2014,2014,0,36,0,0
26.548,2026-08-05T05:46:09.055082+00:00,right_shoulder_pan,2156,2159,3,37,0,0
26.548,2026-08-05T05:46:09.055082+00:00,right_shoulder_lift,1966,2248,282,35,86,450
26.548,2026-08-05T05:46:09.055082+00:00,right_elbow_flex,2097,2137,40,37,6,94
26.548,2026-08-05T05:46:09.055082+00:00,right_wrist_flex,1976,1984,8,35,1,30
26.548,2026-08-05T05:46:09.055082+00:00,right_wrist_roll,2114,2111,-3,34,0,1044
26.548,2026-08-05T05:46:09.055082+00:00,right_gripper,2457,2462,5,37,1,24
26.598,2026-08-05T05:46:09.104693+00:00,left_shoulder_pan,1857,1851,-6,37,1,1060
26.598,2026-08-05T05:46:09.104693+00:00,left_shoulder_lift,2389,2420,31,36,8,136
26.598,2026-08-05T05:46:09.104693+00:00,left_elbow_flex,1629,1635,6,34,1,36
26.598,2026-08-05T05:46:09.104693+00:00,left_wrist_flex,2169,2170,1,34,0,0
26.598,2026-08-05T05:46:09.104693+00:00,left_wrist_roll,1989,1987,-2,34,0,1044
26.598,2026-08-05T05:46:09.104693+00:00,left_gripper,2014,2014,0,37,0,0
26.598,2026-08-05T05:46:09.104693+00:00,right_shoulder_pan,2152,2159,7,37,1,22
26.598,2026-08-05T05:46:09.104693+00:00,right_shoulder_lift,1958,2248,290,36,88,450
26.598,2026-08-05T05:46:09.104693+00:00,right_elbow_flex,2097,2137,40,37,6,94
26.598,2026-08-05T05:46:09.104693+00:00,right_wrist_flex,1976,1984,8,34,1,30
26.598,2026-08-05T05:46:09.104693+00:00,right_wrist_roll,2114,2111,-3,34,0,1044
26.598,2026-08-05T05:46:09.104693+00:00,right_gripper,2457,2462,5,37,1,24
26.649,2026-08-05T05:46:09.155403+00:00,left_shoulder_pan,1857,1851,-6,37,1,1060
26.649,2026-08-05T05:46:09.155403+00:00,left_shoulder_lift,2389,2420,31,36,9,136
26.649,2026-08-05T05:46:09.155403+00:00,left_elbow_flex,1629,1635,6,34,1,36
26.649,2026-08-05T05:46:09.155403+00:00,left_wrist_flex,2169,2170,1,34,0,0
26.649,2026-08-05T05:46:09.155403+00:00,left_wrist_roll,1989,1987,-2,34,0,1044
26.649,2026-08-05T05:46:09.155403+00:00,left_gripper,2014,2014,0,36,0,0
26.649,2026-08-05T05:46:09.155403+00:00,right_shoulder_pan,2149,2159,10,37,1,38
26.649,2026-08-05T05:46:09.155403+00:00,right_shoulder_lift,1951,2248,297,36,85,450
26.649,2026-08-05T05:46:09.155403+00:00,right_elbow_flex,2097,2137,40,37,7,94
26.649,2026-08-05T05:46:09.155403+00:00,right_wrist_flex,1976,1984,8,34,1,30
26.649,2026-08-05T05:46:09.155403+00:00,right_wrist_roll,2114,2111,-3,34,1,1044
26.649,2026-08-05T05:46:09.155403+00:00,right_gripper,2457,2462,5,37,1,24
26.699,2026-08-05T05:46:09.205981+00:00,left_shoulder_pan,1857,1851,-6,37,1,1060
26.699,2026-08-05T05:46:09.205981+00:00,left_shoulder_lift,2389,2420,31,36,9,136
26.699,2026-08-05T05:46:09.205981+00:00,left_elbow_flex,1629,1635,6,34,1,36
26.699,2026-08-05T05:46:09.205981+00:00,left_wrist_flex,2169,2170,1,34,0,0
26.699,2026-08-05T05:46:09.205981+00:00,left_wrist_roll,1989,1987,-2,34,0,1044
26.699,2026-08-05T05:46:09.205981+00:00,left_gripper,2014,2014,0,36,0,0
26.699,2026-08-05T05:46:09.205981+00:00,right_shoulder_pan,2145,2158,13,37,0,34
26.699,2026-08-05T05:46:09.205981+00:00,right_shoulder_lift,1945,2248,303,35,88,450
26.699,2026-08-05T05:46:09.205981+00:00,right_elbow_flex,2097,2137,40,37,6,94
26.699,2026-08-05T05:46:09.205981+00:00,right_wrist_flex,1976,1984,8,34,0,30
26.699,2026-08-05T05:46:09.205981+00:00,right_wrist_roll,2114,2111,-3,34,0,1044
26.699,2026-08-05T05:46:09.205981+00:00,right_gripper,2457,2462,5,37,1,24
26.750,2026-08-05T05:46:09.257181+00:00,left_shoulder_pan,1857,1851,-6,37,0,1060
26.750,2026-08-05T05:46:09.257181+00:00,left_shoulder_lift,2389,2420,31,36,9,136
26.750,2026-08-05T05:46:09.257181+00:00,left_elbow_flex,1629,1635,6,34,1,36
26.750,2026-08-05T05:46:09.257181+00:00,left_wrist_flex,2169,2170,1,34,0,0
26.750,2026-08-05T05:46:09.257181+00:00,left_wrist_roll,1989,1987,-2,34,0,1044
26.750,2026-08-05T05:46:09.257181+00:00,left_gripper,2014,2014,0,37,0,0
26.750,2026-08-05T05:46:09.257181+00:00,right_shoulder_pan,2140,2157,17,37,1,44
26.750,2026-08-05T05:46:09.257181+00:00,right_shoulder_lift,1938,2248,310,36,89,450
26.750,2026-08-05T05:46:09.257181+00:00,right_elbow_flex,2097,2137,40,37,5,94
26.750,2026-08-05T05:46:09.257181+00:00,right_wrist_flex,1976,1984,8,34,0,30
26.750,2026-08-05T05:46:09.257181+00:00,right_wrist_roll,2114,2111,-3,34,0,1044
26.750,2026-08-05T05:46:09.257181+00:00,right_gripper,2457,2462,5,37,0,24
26.800,2026-08-05T05:46:09.307173+00:00,left_shoulder_pan,1857,1851,-6,37,1,1060
26.800,2026-08-05T05:46:09.307173+00:00,left_shoulder_lift,2389,2420,31,36,8,136
26.800,2026-08-05T05:46:09.307173+00:00,left_elbow_flex,1629,1635,6,34,1,36
26.800,2026-08-05T05:46:09.307173+00:00,left_wrist_flex,2169,2170,1,34,0,0
26.800,2026-08-05T05:46:09.307173+00:00,left_wrist_roll,1989,1987,-2,34,1,1044
26.800,2026-08-05T05:46:09.307173+00:00,left_gripper,2014,2014,0,36,0,0
26.800,2026-08-05T05:46:09.307173+00:00,right_shoulder_pan,2136,2155,19,37,1,50
26.800,2026-08-05T05:46:09.307173+00:00,right_shoulder_lift,1931,2248,317,36,90,450
26.800,2026-08-05T05:46:09.307173+00:00,right_elbow_flex,2097,2137,40,37,7,94
26.800,2026-08-05T05:46:09.307173+00:00,right_wrist_flex,1976,1984,8,34,1,30
26.800,2026-08-05T05:46:09.307173+00:00,right_wrist_roll,2114,2111,-3,34,0,1044
26.800,2026-08-05T05:46:09.307173+00:00,right_gripper,2457,2462,5,37,0,24
26.850,2026-08-05T05:46:09.356731+00:00,left_shoulder_pan,1857,1851,-6,37,1,1060
26.850,2026-08-05T05:46:09.356731+00:00,left_shoulder_lift,2389,2420,31,36,11,136
26.850,2026-08-05T05:46:09.356731+00:00,left_elbow_flex,1629,1635,6,34,1,36
26.850,2026-08-05T05:46:09.356731+00:00,left_wrist_flex,2169,2170,1,34,0,0
26.850,2026-08-05T05:46:09.356731+00:00,left_wrist_roll,1989,1987,-2,34,0,1044
26.850,2026-08-05T05:46:09.356731+00:00,left_gripper,2014,2014,0,36,0,0
26.850,2026-08-05T05:46:09.356731+00:00,right_shoulder_pan,2131,2152,21,37,1,48
26.850,2026-08-05T05:46:09.356731+00:00,right_shoulder_lift,1925,2248,323,35,84,450
26.850,2026-08-05T05:46:09.356731+00:00,right_elbow_flex,2097,2137,40,37,6,94
26.850,2026-08-05T05:46:09.356731+00:00,right_wrist_flex,1976,1984,8,34,0,30
26.850,2026-08-05T05:46:09.356731+00:00,right_wrist_roll,2114,2111,-3,34,0,1044
26.850,2026-08-05T05:46:09.356731+00:00,right_gripper,2457,2462,5,37,0,24
26.901,2026-08-05T05:46:09.407725+00:00,left_shoulder_pan,1857,1851,-6,37,0,1060
26.901,2026-08-05T05:46:09.407725+00:00,left_shoulder_lift,2389,2420,31,36,8,136
26.901,2026-08-05T05:46:09.407725+00:00,left_elbow_flex,1629,1635,6,34,1,36
26.901,2026-08-05T05:46:09.407725+00:00,left_wrist_flex,2169,2170,1,34,0,0
26.901,2026-08-05T05:46:09.407725+00:00,left_wrist_roll,1989,1987,-2,34,0,1044
26.901,2026-08-05T05:46:09.407725+00:00,left_gripper,2014,2014,0,36,0,0
26.901,2026-08-05T05:46:09.407725+00:00,right_shoulder_pan,2126,2148,22,37,0,48
26.901,2026-08-05T05:46:09.407725+00:00,right_shoulder_lift,1919,2248,329,36,86,450
26.901,2026-08-05T05:46:09.407725+00:00,right_elbow_flex,2097,2137,40,37,6,94
26.901,2026-08-05T05:46:09.407725+00:00,right_wrist_flex,1976,1984,8,34,0,30
26.901,2026-08-05T05:46:09.407725+00:00,right_wrist_roll,2114,2111,-3,34,0,1044
26.901,2026-08-05T05:46:09.407725+00:00,right_gripper,2457,2462,5,37,0,24
26.951,2026-08-05T05:46:09.457999+00:00,left_shoulder_pan,1857,1851,-6,37,1,1060
26.951,2026-08-05T05:46:09.457999+00:00,left_shoulder_lift,2389,2420,31,36,10,136
26.951,2026-08-05T05:46:09.457999+00:00,left_elbow_flex,1629,1635,6,34,1,36
26.951,2026-08-05T05:46:09.457999+00:00,left_wrist_flex,2169,2170,1,34,0,0
26.951,2026-08-05T05:46:09.457999+00:00,left_wrist_roll,1989,1987,-2,34,0,1044
26.951,2026-08-05T05:46:09.457999+00:00,left_gripper,2014,2014,0,37,0,0
26.951,2026-08-05T05:46:09.457999+00:00,right_shoulder_pan,2121,2143,22,37,1,44
26.951,2026-08-05T05:46:09.457999+00:00,right_shoulder_lift,1913,2248,335,35,94,450
26.951,2026-08-05T05:46:09.457999+00:00,right_elbow_flex,2097,2137,40,37,5,94
26.951,2026-08-05T05:46:09.457999+00:00,right_wrist_flex,1976,1984,8,35,0,30
26.951,2026-08-05T05:46:09.457999+00:00,right_wrist_roll,2114,2111,-3,34,0,1044
26.951,2026-08-05T05:46:09.457999+00:00,right_gripper,2457,2462,5,37,0,24
27.002,2026-08-05T05:46:09.508440+00:00,left_shoulder_pan,1857,1851,-6,37,1,1060
27.002,2026-08-05T05:46:09.508440+00:00,left_shoulder_lift,2389,2420,31,36,8,136
27.002,2026-08-05T05:46:09.508440+00:00,left_elbow_flex,1629,1635,6,34,1,36
27.002,2026-08-05T05:46:09.508440+00:00,left_wrist_flex,2169,2170,1,34,0,0
27.002,2026-08-05T05:46:09.508440+00:00,left_wrist_roll,1989,1987,-2,34,0,1044
27.002,2026-08-05T05:46:09.508440+00:00,left_gripper,2014,2014,0,36,0,0
27.002,2026-08-05T05:46:09.508440+00:00,right_shoulder_pan,2115,2138,23,37,1,48
27.002,2026-08-05T05:46:09.508440+00:00,right_shoulder_lift,1907,2248,341,36,92,450
27.002,2026-08-05T05:46:09.508440+00:00,right_elbow_flex,2097,2137,40,37,5,94
27.002,2026-08-05T05:46:09.508440+00:00,right_wrist_flex,1976,1984,8,34,0,30
27.002,2026-08-05T05:46:09.508440+00:00,right_wrist_roll,2114,2111,-3,34,1,1044
27.002,2026-08-05T05:46:09.508440+00:00,right_gripper,2457,2462,5,37,1,24
27.052,2026-08-05T05:46:09.559274+00:00,left_shoulder_pan,1857,1851,-6,37,1,1060
27.052,2026-08-05T05:46:09.559274+00:00,left_shoulder_lift,2389,2420,31,36,8,136
27.052,2026-08-05T05:46:09.559274+00:00,left_elbow_flex,1629,1635,6,34,0,36
27.052,2026-08-05T05:46:09.559274+00:00,left_wrist_flex,2169,2170,1,34,0,0
27.052,2026-08-05T05:46:09.559274+00:00,left_wrist_roll,1989,1987,-2,34,0,1044
27.052,2026-08-05T05:46:09.559274+00:00,left_gripper,2014,2014,0,36,0,0
27.052,2026-08-05T05:46:09.559274+00:00,right_shoulder_pan,2110,2132,22,37,0,48
27.052,2026-08-05T05:46:09.559274+00:00,right_shoulder_lift,1902,2248,346,36,90,450
27.052,2026-08-05T05:46:09.559274+00:00,right_elbow_flex,2097,2137,40,37,6,94
27.052,2026-08-05T05:46:09.559274+00:00,right_wrist_flex,1976,1984,8,34,0,30
27.052,2026-08-05T05:46:09.559274+00:00,right_wrist_roll,2114,2111,-3,34,0,1044
27.052,2026-08-05T05:46:09.559274+00:00,right_gripper,2457,2462,5,37,0,24
27.103,2026-08-05T05:46:09.609413+00:00,left_shoulder_pan,1857,1851,-6,37,1,1060
27.103,2026-08-05T05:46:09.609413+00:00,left_shoulder_lift,2389,2420,31,36,8,136
27.103,2026-08-05T05:46:09.609413+00:00,left_elbow_flex,1629,1635,6,34,1,36
27.103,2026-08-05T05:46:09.609413+00:00,left_wrist_flex,2169,2170,1,34,0,0
27.103,2026-08-05T05:46:09.609413+00:00,left_wrist_roll,1989,1987,-2,34,0,1044
27.103,2026-08-05T05:46:09.609413+00:00,left_gripper,2014,2014,0,37,0,0
27.103,2026-08-05T05:46:09.609413+00:00,right_shoulder_pan,2104,2126,22,37,1,46
27.103,2026-08-05T05:46:09.609413+00:00,right_shoulder_lift,1897,2248,351,35,87,450
27.103,2026-08-05T05:46:09.609413+00:00,right_elbow_flex,2097,2137,40,37,6,94
27.103,2026-08-05T05:46:09.609413+00:00,right_wrist_flex,1976,1984,8,34,1,30
27.103,2026-08-05T05:46:09.609413+00:00,right_wrist_roll,2114,2111,-3,34,0,1044
27.103,2026-08-05T05:46:09.609413+00:00,right_gripper,2457,2462,5,37,0,24
27.153,2026-08-05T05:46:09.660147+00:00,left_shoulder_pan,1857,1851,-6,37,1,1060
27.153,2026-08-05T05:46:09.660147+00:00,left_shoulder_lift,2389,2420,31,36,10,136
27.153,2026-08-05T05:46:09.660147+00:00,left_elbow_flex,1629,1635,6,34,1,36
27.153,2026-08-05T05:46:09.660147+00:00,left_wrist_flex,2169,2170,1,34,0,0
27.153,2026-08-05T05:46:09.660147+00:00,left_wrist_roll,1989,1987,-2,34,0,1044
27.153,2026-08-05T05:46:09.660147+00:00,left_gripper,2014,2014,0,36,0,0
27.153,2026-08-05T05:46:09.660147+00:00,right_shoulder_pan,2097,2120,23,37,1,44
27.153,2026-08-05T05:46:09.660147+00:00,right_shoulder_lift,1892,2248,356,36,88,450
27.153,2026-08-05T05:46:09.660147+00:00,right_elbow_flex,2097,2137,40,37,5,94
27.153,2026-08-05T05:46:09.660147+00:00,right_wrist_flex,1976,1984,8,35,0,30
27.153,2026-08-05T05:46:09.660147+00:00,right_wrist_roll,2114,2111,-3,34,1,1044
27.153,2026-08-05T05:46:09.660147+00:00,right_gripper,2457,2462,5,37,0,24
27.204,2026-08-05T05:46:09.710419+00:00,left_shoulder_pan,1857,1851,-6,37,1,1060
27.204,2026-08-05T05:46:09.710419+00:00,left_shoulder_lift,2389,2420,31,36,10,136
27.204,2026-08-05T05:46:09.710419+00:00,left_elbow_flex,1629,1635,6,34,1,36
27.204,2026-08-05T05:46:09.710419+00:00,left_wrist_flex,2169,2170,1,34,0,0
27.204,2026-08-05T05:46:09.710419+00:00,left_wrist_roll,1989,1987,-2,34,0,1044
27.204,2026-08-05T05:46:09.710419+00:00,left_gripper,2014,2014,0,36,0,0
27.204,2026-08-05T05:46:09.710419+00:00,right_shoulder_pan,2091,2115,24,37,1,56
27.204,2026-08-05T05:46:09.710419+00:00,right_shoulder_lift,1887,2248,361,36,97,450
27.204,2026-08-05T05:46:09.710419+00:00,right_elbow_flex,2097,2137,40,37,5,94
27.204,2026-08-05T05:46:09.710419+00:00,right_wrist_flex,1976,1984,8,34,0,30
27.204,2026-08-05T05:46:09.710419+00:00,right_wrist_roll,2114,2111,-3,34,0,1044
27.204,2026-08-05T05:46:09.710419+00:00,right_gripper,2457,2462,5,37,0,24
27.254,2026-08-05T05:46:09.760302+00:00,left_shoulder_pan,1857,1851,-6,37,1,1060
27.254,2026-08-05T05:46:09.760302+00:00,left_shoulder_lift,2389,2420,31,36,9,136
27.254,2026-08-05T05:46:09.760302+00:00,left_elbow_flex,1629,1635,6,34,1,36
27.254,2026-08-05T05:46:09.760302+00:00,left_wrist_flex,2169,2170,1,34,0,0
27.254,2026-08-05T05:46:09.760302+00:00,left_wrist_roll,1989,1987,-2,34,0,1044
27.254,2026-08-05T05:46:09.760302+00:00,left_gripper,2014,2014,0,36,0,0
27.254,2026-08-05T05:46:09.760302+00:00,right_shoulder_pan,2085,2109,24,37,1,50
27.254,2026-08-05T05:46:09.760302+00:00,right_shoulder_lift,1882,2248,366,35,89,450
27.254,2026-08-05T05:46:09.760302+00:00,right_elbow_flex,2097,2137,40,37,6,94
27.254,2026-08-05T05:46:09.760302+00:00,right_wrist_flex,1976,1984,8,34,0,30
27.254,2026-08-05T05:46:09.760302+00:00,right_wrist_roll,2114,2111,-3,34,0,1044
27.254,2026-08-05T05:46:09.760302+00:00,right_gripper,2457,2462,5,37,1,24
27.304,2026-08-05T05:46:09.810669+00:00,left_shoulder_pan,1857,1851,-6,37,1,1060
27.304,2026-08-05T05:46:09.810669+00:00,left_shoulder_lift,2389,2420,31,36,10,136
27.304,2026-08-05T05:46:09.810669+00:00,left_elbow_flex,1629,1635,6,34,1,36
27.304,2026-08-05T05:46:09.810669+00:00,left_wrist_flex,2169,2170,1,34,0,0
27.304,2026-08-05T05:46:09.810669+00:00,left_wrist_roll,1989,1987,-2,34,0,1044
27.304,2026-08-05T05:46:09.810669+00:00,left_gripper,2014,2014,0,36,0,0
27.304,2026-08-05T05:46:09.810669+00:00,right_shoulder_pan,2078,2103,25,37,1,50
27.304,2026-08-05T05:46:09.810669+00:00,right_shoulder_lift,1878,2248,370,36,84,450
27.304,2026-08-05T05:46:09.810669+00:00,right_elbow_flex,2097,2137,40,37,5,94
27.304,2026-08-05T05:46:09.810669+00:00,right_wrist_flex,1976,1984,8,34,0,30
27.304,2026-08-05T05:46:09.810669+00:00,right_wrist_roll,2114,2111,-3,34,0,1044
27.304,2026-08-05T05:46:09.810669+00:00,right_gripper,2457,2462,5,37,0,24
27.354,2026-08-05T05:46:09.860717+00:00,left_shoulder_pan,1857,1851,-6,37,0,1060
27.354,2026-08-05T05:46:09.860717+00:00,left_shoulder_lift,2389,2420,31,36,8,136
27.354,2026-08-05T05:46:09.860717+00:00,left_elbow_flex,1629,1635,6,34,1,36
27.354,2026-08-05T05:46:09.860717+00:00,left_wrist_flex,2169,2170,1,34,0,0
27.354,2026-08-05T05:46:09.860717+00:00,left_wrist_roll,1989,1987,-2,34,0,1044
27.354,2026-08-05T05:46:09.860717+00:00,left_gripper,2014,2014,0,36,0,0
27.354,2026-08-05T05:46:09.860717+00:00,right_shoulder_pan,2071,2097,26,37,1,50
27.354,2026-08-05T05:46:09.860717+00:00,right_shoulder_lift,1874,2248,374,35,87,450
27.354,2026-08-05T05:46:09.860717+00:00,right_elbow_flex,2097,2137,40,37,6,94
27.354,2026-08-05T05:46:09.860717+00:00,right_wrist_flex,1976,1984,8,34,0,30
27.354,2026-08-05T05:46:09.860717+00:00,right_wrist_roll,2114,2111,-3,34,0,1044
27.354,2026-08-05T05:46:09.860717+00:00,right_gripper,2457,2462,5,37,0,24
27.404,2026-08-05T05:46:09.911464+00:00,left_shoulder_pan,1857,1851,-6,37,1,1060
27.404,2026-08-05T05:46:09.911464+00:00,left_shoulder_lift,2389,2420,31,36,8,136
27.404,2026-08-05T05:46:09.911464+00:00,left_elbow_flex,1629,1635,6,34,1,36
27.404,2026-08-05T05:46:09.911464+00:00,left_wrist_flex,2169,2170,1,34,0,0
27.404,2026-08-05T05:46:09.911464+00:00,left_wrist_roll,1989,1987,-2,34,1,1044
27.404,2026-08-05T05:46:09.911464+00:00,left_gripper,2014,2014,0,36,0,0
27.404,2026-08-05T05:46:09.911464+00:00,right_shoulder_pan,2064,2090,26,37,1,52
27.404,2026-08-05T05:46:09.911464+00:00,right_shoulder_lift,1870,2248,378,36,93,450
27.404,2026-08-05T05:46:09.911464+00:00,right_elbow_flex,2097,2137,40,37,7,94
27.404,2026-08-05T05:46:09.911464+00:00,right_wrist_flex,1976,1984,8,34,0,30
27.404,2026-08-05T05:46:09.911464+00:00,right_wrist_roll,2114,2111,-3,34,0,1044
27.404,2026-08-05T05:46:09.911464+00:00,right_gripper,2457,2462,5,37,0,24
27.455,2026-08-05T05:46:09.961393+00:00,left_shoulder_pan,1857,1851,-6,37,1,1060
27.455,2026-08-05T05:46:09.961393+00:00,left_shoulder_lift,2389,2420,31,36,11,136
27.455,2026-08-05T05:46:09.961393+00:00,left_elbow_flex,1629,1635,6,34,1,36
27.455,2026-08-05T05:46:09.961393+00:00,left_wrist_flex,2169,2170,1,34,0,0
27.455,2026-08-05T05:46:09.961393+00:00,left_wrist_roll,1989,1987,-2,34,1,1044
27.455,2026-08-05T05:46:09.961393+00:00,left_gripper,2014,2014,0,36,0,0
27.455,2026-08-05T05:46:09.961393+00:00,right_shoulder_pan,2057,2084,27,37,2,52
27.455,2026-08-05T05:46:09.961393+00:00,right_shoulder_lift,1867,2248,381,36,95,450
27.455,2026-08-05T05:46:09.961393+00:00,right_elbow_flex,2097,2137,40,37,7,94
27.455,2026-08-05T05:46:09.961393+00:00,right_wrist_flex,1976,1984,8,35,1,30
27.455,2026-08-05T05:46:09.961393+00:00,right_wrist_roll,2114,2111,-3,34,1,1044
27.455,2026-08-05T05:46:09.961393+00:00,right_gripper,2457,2462,5,38,0,24
27.505,2026-08-05T05:46:10.012107+00:00,left_shoulder_pan,1857,1851,-6,37,1,1060
27.505,2026-08-05T05:46:10.012107+00:00,left_shoulder_lift,2389,2420,31,36,8,136
27.505,2026-08-05T05:46:10.012107+00:00,left_elbow_flex,1629,1635,6,34,1,36
27.505,2026-08-05T05:46:10.012107+00:00,left_wrist_flex,2169,2170,1,34,0,0
27.505,2026-08-05T05:46:10.012107+00:00,left_wrist_roll,1989,1987,-2,34,0,1044
27.505,2026-08-05T05:46:10.012107+00:00,left_gripper,2014,2014,0,36,0,0
27.505,2026-08-05T05:46:10.012107+00:00,right_shoulder_pan,2050,2078,28,37,0,54
27.505,2026-08-05T05:46:10.012107+00:00,right_shoulder_lift,1864,2248,384,36,93,450
27.505,2026-08-05T05:46:10.012107+00:00,right_elbow_flex,2097,2137,40,37,5,94
27.505,2026-08-05T05:46:10.012107+00:00,right_wrist_flex,1976,1984,8,34,0,30
27.505,2026-08-05T05:46:10.012107+00:00,right_wrist_roll,2114,2111,-3,34,0,1044
27.505,2026-08-05T05:46:10.012107+00:00,right_gripper,2457,2462,5,37,0,24
27.556,2026-08-05T05:46:10.062616+00:00,left_shoulder_pan,1857,1851,-6,37,1,1060
27.556,2026-08-05T05:46:10.062616+00:00,left_shoulder_lift,2389,2420,31,36,9,136
27.556,2026-08-05T05:46:10.062616+00:00,left_elbow_flex,1629,1635,6,34,0,36
27.556,2026-08-05T05:46:10.062616+00:00,left_wrist_flex,2169,2170,1,34,0,0
27.556,2026-08-05T05:46:10.062616+00:00,left_wrist_roll,1989,1987,-2,34,0,1044
27.556,2026-08-05T05:46:10.062616+00:00,left_gripper,2014,2014,0,36,0,0
27.556,2026-08-05T05:46:10.062616+00:00,right_shoulder_pan,2042,2071,29,37,1,54
27.556,2026-08-05T05:46:10.062616+00:00,right_shoulder_lift,1861,2248,387,36,89,450
27.556,2026-08-05T05:46:10.062616+00:00,right_elbow_flex,2097,2137,40,37,6,94
27.556,2026-08-05T05:46:10.062616+00:00,right_wrist_flex,1976,1984,8,34,1,30
27.556,2026-08-05T05:46:10.062616+00:00,right_wrist_roll,2114,2111,-3,34,1,1044
27.556,2026-08-05T05:46:10.062616+00:00,right_gripper,2457,2462,5,37,0,24
27.606,2026-08-05T05:46:10.112138+00:00,left_shoulder_pan,1857,1851,-6,37,1,1060
27.606,2026-08-05T05:46:10.112138+00:00,left_shoulder_lift,2389,2420,31,36,9,136
27.606,2026-08-05T05:46:10.112138+00:00,left_elbow_flex,1629,1635,6,34,1,36
27.606,2026-08-05T05:46:10.112138+00:00,left_wrist_flex,2169,2170,1,34,0,0
27.606,2026-08-05T05:46:10.112138+00:00,left_wrist_roll,1989,1987,-2,34,0,1044
27.606,2026-08-05T05:46:10.112138+00:00,left_gripper,2014,2014,0,36,0,0
27.606,2026-08-05T05:46:10.112138+00:00,right_shoulder_pan,2035,2064,29,37,1,56
27.606,2026-08-05T05:46:10.112138+00:00,right_shoulder_lift,1859,2248,389,36,93,450
27.606,2026-08-05T05:46:10.112138+00:00,right_elbow_flex,2097,2137,40,37,7,94
27.606,2026-08-05T05:46:10.112138+00:00,right_wrist_flex,1976,1984,8,34,1,30
27.606,2026-08-05T05:46:10.112138+00:00,right_wrist_roll,2114,2111,-3,34,1,1044
27.606,2026-08-05T05:46:10.112138+00:00,right_gripper,2457,2462,5,37,1,24
27.656,2026-08-05T05:46:10.162863+00:00,left_shoulder_pan,1857,1851,-6,37,1,1060
27.656,2026-08-05T05:46:10.162863+00:00,left_shoulder_lift,2389,2420,31,36,10,136
27.656,2026-08-05T05:46:10.162863+00:00,left_elbow_flex,1629,1635,6,34,1,36
27.656,2026-08-05T05:46:10.162863+00:00,left_wrist_flex,2169,2170,1,34,0,0
27.656,2026-08-05T05:46:10.162863+00:00,left_wrist_roll,1989,1987,-2,34,0,1044
27.656,2026-08-05T05:46:10.162863+00:00,left_gripper,2014,2014,0,36,0,0
27.656,2026-08-05T05:46:10.162863+00:00,right_shoulder_pan,2027,2056,29,37,1,54
27.656,2026-08-05T05:46:10.162863+00:00,right_shoulder_lift,1856,2248,392,36,86,450
27.656,2026-08-05T05:46:10.162863+00:00,right_elbow_flex,2097,2137,40,37,5,94
27.656,2026-08-05T05:46:10.162863+00:00,right_wrist_flex,1976,1984,8,34,0,30
27.656,2026-08-05T05:46:10.162863+00:00,right_wrist_roll,2114,2111,-3,34,0,1044
27.656,2026-08-05T05:46:10.162863+00:00,right_gripper,2457,2462,5,37,0,24
27.706,2026-08-05T05:46:10.212710+00:00,left_shoulder_pan,1857,1851,-6,37,1,1060
27.706,2026-08-05T05:46:10.212710+00:00,left_shoulder_lift,2389,2420,31,36,8,136
27.706,2026-08-05T05:46:10.212710+00:00,left_elbow_flex,1629,1635,6,34,1,36
27.706,2026-08-05T05:46:10.212710+00:00,left_wrist_flex,2169,2170,1,34,0,0
27.706,2026-08-05T05:46:10.212710+00:00,left_wrist_roll,1989,1987,-2,34,0,1044
27.706,2026-08-05T05:46:10.212710+00:00,left_gripper,2014,2014,0,36,0,0
27.706,2026-08-05T05:46:10.212710+00:00,right_shoulder_pan,2020,2049,29,37,0,52
27.706,2026-08-05T05:46:10.212710+00:00,right_shoulder_lift,1854,2248,394,36,84,450
27.706,2026-08-05T05:46:10.212710+00:00,right_elbow_flex,2097,2137,40,37,6,94
27.706,2026-08-05T05:46:10.212710+00:00,right_wrist_flex,1976,1984,8,35,0,30
27.706,2026-08-05T05:46:10.212710+00:00,right_wrist_roll,2114,2111,-3,34,1,1044
27.706,2026-08-05T05:46:10.212710+00:00,right_gripper,2457,2462,5,37,1,24
27.757,2026-08-05T05:46:10.264911+00:00,left_shoulder_pan,1857,1851,-6,37,1,1060
27.757,2026-08-05T05:46:10.264911+00:00,left_shoulder_lift,2389,2420,31,36,9,136
27.757,2026-08-05T05:46:10.264911+00:00,left_elbow_flex,1629,1635,6,34,1,36
27.757,2026-08-05T05:46:10.264911+00:00,left_wrist_flex,2169,2170,1,34,0,0
27.757,2026-08-05T05:46:10.264911+00:00,left_wrist_roll,1989,1987,-2,34,0,1044
27.757,2026-08-05T05:46:10.264911+00:00,left_gripper,2014,2014,0,36,0,0
27.757,2026-08-05T05:46:10.264911+00:00,right_shoulder_pan,2012,2042,30,37,0,56
27.757,2026-08-05T05:46:10.264911+00:00,right_shoulder_lift,1853,2248,395,36,91,450
27.757,2026-08-05T05:46:10.264911+00:00,right_elbow_flex,2097,2137,40,37,5,94
27.757,2026-08-05T05:46:10.264911+00:00,right_wrist_flex,1976,1984,8,35,1,30
27.757,2026-08-05T05:46:10.264911+00:00,right_wrist_roll,2114,2111,-3,34,0,1044
27.757,2026-08-05T05:46:10.264911+00:00,right_gripper,2457,2462,5,38,1,24
27.807,2026-08-05T05:46:10.314197+00:00,left_shoulder_pan,1857,1851,-6,37,1,1060
27.807,2026-08-05T05:46:10.314197+00:00,left_shoulder_lift,2389,2420,31,36,8,136
27.807,2026-08-05T05:46:10.314197+00:00,left_elbow_flex,1629,1635,6,34,1,36
27.807,2026-08-05T05:46:10.314197+00:00,left_wrist_flex,2169,2170,1,34,0,0
27.807,2026-08-05T05:46:10.314197+00:00,left_wrist_roll,1989,1987,-2,34,0,1044
27.807,2026-08-05T05:46:10.314197+00:00,left_gripper,2014,2014,0,36,0,0
27.807,2026-08-05T05:46:10.314197+00:00,right_shoulder_pan,2004,2034,30,37,0,56
27.807,2026-08-05T05:46:10.314197+00:00,right_shoulder_lift,1851,2248,397,36,92,450
27.807,2026-08-05T05:46:10.314197+00:00,right_elbow_flex,2097,2137,40,37,6,94
27.807,2026-08-05T05:46:10.314197+00:00,right_wrist_flex,1976,1984,8,34,1,30
27.807,2026-08-05T05:46:10.314197+00:00,right_wrist_roll,2114,2111,-3,34,1,1044
27.807,2026-08-05T05:46:10.314197+00:00,right_gripper,2457,2462,5,37,0,24
27.857,2026-08-05T05:46:10.363861+00:00,left_shoulder_pan,1857,1851,-6,37,1,1060
27.857,2026-08-05T05:46:10.363861+00:00,left_shoulder_lift,2389,2420,31,36,8,136
27.857,2026-08-05T05:46:10.363861+00:00,left_elbow_flex,1629,1635,6,34,0,36
27.857,2026-08-05T05:46:10.363861+00:00,left_wrist_flex,2169,2170,1,34,0,0
27.857,2026-08-05T05:46:10.363861+00:00,left_wrist_roll,1989,1987,-2,34,1,1044
27.857,2026-08-05T05:46:10.363861+00:00,left_gripper,2014,2014,0,37,0,0
27.857,2026-08-05T05:46:10.363861+00:00,right_shoulder_pan,1996,2026,30,37,1,58
27.857,2026-08-05T05:46:10.363861+00:00,right_shoulder_lift,1850,2248,398,36,88,450
27.857,2026-08-05T05:46:10.363861+00:00,right_elbow_flex,2097,2137,40,37,6,94
27.857,2026-08-05T05:46:10.363861+00:00,right_wrist_flex,1976,1984,8,34,0,30
27.857,2026-08-05T05:46:10.363861+00:00,right_wrist_roll,2114,2111,-3,34,1,1044
27.857,2026-08-05T05:46:10.363861+00:00,right_gripper,2457,2462,5,37,0,24
27.908,2026-08-05T05:46:10.414864+00:00,left_shoulder_pan,1857,1851,-6,37,2,1060
27.908,2026-08-05T05:46:10.414864+00:00,left_shoulder_lift,2389,2420,31,36,8,136
27.908,2026-08-05T05:46:10.414864+00:00,left_elbow_flex,1629,1635,6,34,1,36
27.908,2026-08-05T05:46:10.414864+00:00,left_wrist_flex,2169,2170,1,34,0,0
27.908,2026-08-05T05:46:10.414864+00:00,left_wrist_roll,1989,1987,-2,34,0,1044
27.908,2026-08-05T05:46:10.414864+00:00,left_gripper,2014,2014,0,36,0,0
27.908,2026-08-05T05:46:10.414864+00:00,right_shoulder_pan,1988,2018,30,37,1,54
27.908,2026-08-05T05:46:10.414864+00:00,right_shoulder_lift,1850,2248,398,36,82,450
27.908,2026-08-05T05:46:10.414864+00:00,right_elbow_flex,2097,2137,40,37,6,94
27.908,2026-08-05T05:46:10.414864+00:00,right_wrist_flex,1976,1984,8,34,0,30
27.908,2026-08-05T05:46:10.414864+00:00,right_wrist_roll,2114,2111,-3,34,0,1044
27.908,2026-08-05T05:46:10.414864+00:00,right_gripper,2457,2462,5,37,0,24
27.958,2026-08-05T05:46:10.464429+00:00,left_shoulder_pan,1857,1851,-6,37,1,1060
27.958,2026-08-05T05:46:10.464429+00:00,left_shoulder_lift,2389,2420,31,36,10,136
27.958,2026-08-05T05:46:10.464429+00:00,left_elbow_flex,1629,1635,6,34,1,36
27.958,2026-08-05T05:46:10.464429+00:00,left_wrist_flex,2169,2170,1,34,0,0
27.958,2026-08-05T05:46:10.464429+00:00,left_wrist_roll,1989,1987,-2,34,1,1044
27.958,2026-08-05T05:46:10.464429+00:00,left_gripper,2014,2014,0,36,0,0
27.958,2026-08-05T05:46:10.464429+00:00,right_shoulder_pan,1981,2011,30,37,1,62
27.958,2026-08-05T05:46:10.464429+00:00,right_shoulder_lift,1849,2248,399,36,85,450
27.958,2026-08-05T05:46:10.464429+00:00,right_elbow_flex,2097,2137,40,37,7,94
27.958,2026-08-05T05:46:10.464429+00:00,right_wrist_flex,1976,1984,8,34,0,30
27.958,2026-08-05T05:46:10.464429+00:00,right_wrist_roll,2114,2111,-3,34,0,1044
27.958,2026-08-05T05:46:10.464429+00:00,right_gripper,2457,2462,5,37,1,24
28.008,2026-08-05T05:46:10.515107+00:00,left_shoulder_pan,1857,1851,-6,37,1,1060
28.008,2026-08-05T05:46:10.515107+00:00,left_shoulder_lift,2389,2420,31,36,11,136
28.008,2026-08-05T05:46:10.515107+00:00,left_elbow_flex,1629,1635,6,34,1,36
28.008,2026-08-05T05:46:10.515107+00:00,left_wrist_flex,2169,2170,1,34,0,0
28.008,2026-08-05T05:46:10.515107+00:00,left_wrist_roll,1989,1987,-2,34,1,1044
28.008,2026-08-05T05:46:10.515107+00:00,left_gripper,2014,2014,0,36,0,0
28.008,2026-08-05T05:46:10.515107+00:00,right_shoulder_pan,1973,2003,30,37,1,56
28.008,2026-08-05T05:46:10.515107+00:00,right_shoulder_lift,1849,2248,399,36,83,450
28.008,2026-08-05T05:46:10.515107+00:00,right_elbow_flex,2097,2137,40,37,7,94
28.008,2026-08-05T05:46:10.515107+00:00,right_wrist_flex,1976,1984,8,34,1,30
28.008,2026-08-05T05:46:10.515107+00:00,right_wrist_roll,2114,2111,-3,34,1,1044
28.008,2026-08-05T05:46:10.515107+00:00,right_gripper,2457,2462,5,37,1,24
28.058,2026-08-05T05:46:10.565493+00:00,left_shoulder_pan,1857,1851,-6,37,1,1060
28.058,2026-08-05T05:46:10.565493+00:00,left_shoulder_lift,2389,2420,31,36,8,136
28.058,2026-08-05T05:46:10.565493+00:00,left_elbow_flex,1629,1635,6,34,1,36
28.058,2026-08-05T05:46:10.565493+00:00,left_wrist_flex,2169,2170,1,34,0,0
28.058,2026-08-05T05:46:10.565493+00:00,left_wrist_roll,1989,1987,-2,34,0,1044
28.058,2026-08-05T05:46:10.565493+00:00,left_gripper,2014,2014,0,36,0,0
28.058,2026-08-05T05:46:10.565493+00:00,right_shoulder_pan,1965,1996,31,37,0,62
28.058,2026-08-05T05:46:10.565493+00:00,right_shoulder_lift,1849,2248,399,36,89,450
28.058,2026-08-05T05:46:10.565493+00:00,right_elbow_flex,2097,2137,40,37,5,94
28.058,2026-08-05T05:46:10.565493+00:00,right_wrist_flex,1976,1984,8,35,1,30
28.058,2026-08-05T05:46:10.565493+00:00,right_wrist_roll,2114,2111,-3,34,0,1044
28.058,2026-08-05T05:46:10.565493+00:00,right_gripper,2457,2462,5,38,1,24
28.109,2026-08-05T05:46:10.615686+00:00,left_shoulder_pan,1857,1851,-6,37,1,1060
28.109,2026-08-05T05:46:10.615686+00:00,left_shoulder_lift,2389,2420,31,36,8,136
28.109,2026-08-05T05:46:10.615686+00:00,left_elbow_flex,1629,1635,6,34,1,36
28.109,2026-08-05T05:46:10.615686+00:00,left_wrist_flex,2169,2170,1,34,0,0
28.109,2026-08-05T05:46:10.615686+00:00,left_wrist_roll,1989,1987,-2,34,1,1044
28.109,2026-08-05T05:46:10.615686+00:00,left_gripper,2014,2014,0,36,0,0
28.109,2026-08-05T05:46:10.615686+00:00,right_shoulder_pan,1957,1988,31,37,1,58
28.109,2026-08-05T05:46:10.615686+00:00,right_shoulder_lift,1850,2248,398,36,95,450
28.109,2026-08-05T05:46:10.615686+00:00,right_elbow_flex,2097,2137,40,37,6,94
28.109,2026-08-05T05:46:10.615686+00:00,right_wrist_flex,1976,1984,8,34,1,30
28.109,2026-08-05T05:46:10.615686+00:00,right_wrist_roll,2114,2111,-3,34,0,1044
28.109,2026-08-05T05:46:10.615686+00:00,right_gripper,2457,2462,5,37,0,24
28.159,2026-08-05T05:46:10.666468+00:00,left_shoulder_pan,1857,1851,-6,37,2,1060
28.159,2026-08-05T05:46:10.666468+00:00,left_shoulder_lift,2389,2420,31,36,8,136
28.159,2026-08-05T05:46:10.666468+00:00,left_elbow_flex,1629,1635,6,34,1,36
28.159,2026-08-05T05:46:10.666468+00:00,left_wrist_flex,2169,2170,1,34,0,0
28.159,2026-08-05T05:46:10.666468+00:00,left_wrist_roll,1989,1987,-2,34,0,1044
28.159,2026-08-05T05:46:10.666468+00:00,left_gripper,2014,2014,0,36,0,0
28.159,2026-08-05T05:46:10.666468+00:00,right_shoulder_pan,1949,1980,31,37,1,62
28.159,2026-08-05T05:46:10.666468+00:00,right_shoulder_lift,1851,2248,397,36,87,450
28.159,2026-08-05T05:46:10.666468+00:00,right_elbow_flex,2097,2137,40,37,5,94
28.159,2026-08-05T05:46:10.666468+00:00,right_wrist_flex,1976,1984,8,35,0,30
28.159,2026-08-05T05:46:10.666468+00:00,right_wrist_roll,2114,2111,-3,34,0,1044
28.159,2026-08-05T05:46:10.666468+00:00,right_gripper,2457,2462,5,37,1,24
28.209,2026-08-05T05:46:10.716063+00:00,left_shoulder_pan,1857,1851,-6,37,1,1060
28.209,2026-08-05T05:46:10.716063+00:00,left_shoulder_lift,2389,2420,31,36,11,136
28.209,2026-08-05T05:46:10.716063+00:00,left_elbow_flex,1629,1635,6,34,0,36
28.209,2026-08-05T05:46:10.716063+00:00,left_wrist_flex,2169,2170,1,34,0,0
28.209,2026-08-05T05:46:10.716063+00:00,left_wrist_roll,1989,1987,-2,34,1,1044
28.209,2026-08-05T05:46:10.716063+00:00,left_gripper,2014,2014,0,36,0,0
28.209,2026-08-05T05:46:10.716063+00:00,right_shoulder_pan,1941,1973,32,37,1,60
28.209,2026-08-05T05:46:10.716063+00:00,right_shoulder_lift,1852,2248,396,36,90,450
28.209,2026-08-05T05:46:10.716063+00:00,right_elbow_flex,2097,2137,40,37,5,94
28.209,2026-08-05T05:46:10.716063+00:00,right_wrist_flex,1976,1984,8,35,0,30
28.209,2026-08-05T05:46:10.716063+00:00,right_wrist_roll,2114,2111,-3,34,0,1044
28.209,2026-08-05T05:46:10.716063+00:00,right_gripper,2457,2462,5,37,0,24
28.260,2026-08-05T05:46:10.766786+00:00,left_shoulder_pan,1857,1851,-6,37,1,1060
28.260,2026-08-05T05:46:10.766786+00:00,left_shoulder_lift,2389,2420,31,36,8,136
28.260,2026-08-05T05:46:10.766786+00:00,left_elbow_flex,1629,1635,6,34,1,36
28.260,2026-08-05T05:46:10.766786+00:00,left_wrist_flex,2169,2170,1,34,0,0
28.260,2026-08-05T05:46:10.766786+00:00,left_wrist_roll,1989,1987,-2,34,0,1044
28.260,2026-08-05T05:46:10.766786+00:00,left_gripper,2014,2014,0,37,0,0
28.260,2026-08-05T05:46:10.766786+00:00,right_shoulder_pan,1933,1965,32,37,2,64
28.260,2026-08-05T05:46:10.766786+00:00,right_shoulder_lift,1853,2248,395,36,85,450
28.260,2026-08-05T05:46:10.766786+00:00,right_elbow_flex,2097,2137,40,37,6,94
28.260,2026-08-05T05:46:10.766786+00:00,right_wrist_flex,1976,1984,8,34,0,30
28.260,2026-08-05T05:46:10.766786+00:00,right_wrist_roll,2114,2111,-3,34,0,1044
28.260,2026-08-05T05:46:10.766786+00:00,right_gripper,2457,2462,5,37,0,24
28.310,2026-08-05T05:46:10.816603+00:00,left_shoulder_pan,1857,1851,-6,37,1,1060
28.310,2026-08-05T05:46:10.816603+00:00,left_shoulder_lift,2389,2420,31,36,8,136
28.310,2026-08-05T05:46:10.816603+00:00,left_elbow_flex,1629,1635,6,34,1,36
28.310,2026-08-05T05:46:10.816603+00:00,left_wrist_flex,2169,2170,1,34,0,0
28.310,2026-08-05T05:46:10.816603+00:00,left_wrist_roll,1989,1987,-2,34,0,1044
28.310,2026-08-05T05:46:10.816603+00:00,left_gripper,2014,2014,0,37,0,0
28.310,2026-08-05T05:46:10.816603+00:00,right_shoulder_pan,1926,1957,31,37,1,60
28.310,2026-08-05T05:46:10.816603+00:00,right_shoulder_lift,1855,2248,393,36,89,450
28.310,2026-08-05T05:46:10.816603+00:00,right_elbow_flex,2097,2137,40,37,6,94
28.310,2026-08-05T05:46:10.816603+00:00,right_wrist_flex,1976,1984,8,35,1,30
28.310,2026-08-05T05:46:10.816603+00:00,right_wrist_roll,2114,2111,-3,34,0,1044
28.310,2026-08-05T05:46:10.816603+00:00,right_gripper,2457,2462,5,37,0,24
28.360,2026-08-05T05:46:10.868646+00:00,left_shoulder_pan,1857,1851,-6,37,1,1060
28.360,2026-08-05T05:46:10.868646+00:00,left_shoulder_lift,2389,2420,31,36,8,136
28.360,2026-08-05T05:46:10.868646+00:00,left_elbow_flex,1629,1635,6,34,1,36
28.360,2026-08-05T05:46:10.868646+00:00,left_wrist_flex,2169,2170,1,34,0,0
28.360,2026-08-05T05:46:10.868646+00:00,left_wrist_roll,1989,1987,-2,34,0,1044
28.360,2026-08-05T05:46:10.868646+00:00,left_gripper,2014,2014,0,36,0,0
28.360,2026-08-05T05:46:10.868646+00:00,right_shoulder_pan,1918,1949,31,37,1,60
28.360,2026-08-05T05:46:10.868646+00:00,right_shoulder_lift,1857,2248,391,36,90,450
28.360,2026-08-05T05:46:10.868646+00:00,right_elbow_flex,2097,2137,40,37,7,94
28.360,2026-08-05T05:46:10.868646+00:00,right_wrist_flex,1976,1984,8,34,1,30
28.360,2026-08-05T05:46:10.868646+00:00,right_wrist_roll,2114,2111,-3,34,1,1044
28.360,2026-08-05T05:46:10.868646+00:00,right_gripper,2457,2462,5,38,1,24
28.410,2026-08-05T05:46:10.917046+00:00,left_shoulder_pan,1857,1851,-6,37,1,1060
28.410,2026-08-05T05:46:10.917046+00:00,left_shoulder_lift,2389,2420,31,36,9,136
28.410,2026-08-05T05:46:10.917046+00:00,left_elbow_flex,1629,1635,6,34,1,36
28.410,2026-08-05T05:46:10.917046+00:00,left_wrist_flex,2169,2170,1,34,0,0
28.410,2026-08-05T05:46:10.917046+00:00,left_wrist_roll,1989,1987,-2,34,0,1044
28.410,2026-08-05T05:46:10.917046+00:00,left_gripper,2014,2014,0,36,0,0
28.410,2026-08-05T05:46:10.917046+00:00,right_shoulder_pan,1911,1941,30,37,2,64
28.410,2026-08-05T05:46:10.917046+00:00,right_shoulder_lift,1859,2248,389,36,88,450
28.410,2026-08-05T05:46:10.917046+00:00,right_elbow_flex,2097,2137,40,37,6,94
28.410,2026-08-05T05:46:10.917046+00:00,right_wrist_flex,1976,1984,8,34,0,30
28.410,2026-08-05T05:46:10.917046+00:00,right_wrist_roll,2114,2111,-3,34,1,1044
28.410,2026-08-05T05:46:10.917046+00:00,right_gripper,2457,2462,5,37,1,24
28.461,2026-08-05T05:46:10.967791+00:00,left_shoulder_pan,1857,1851,-6,37,1,1060
28.461,2026-08-05T05:46:10.967791+00:00,left_shoulder_lift,2389,2420,31,36,11,136
28.461,2026-08-05T05:46:10.967791+00:00,left_elbow_flex,1629,1635,6,34,1,36
28.461,2026-08-05T05:46:10.967791+00:00,left_wrist_flex,2169,2170,1,34,0,0
28.461,2026-08-05T05:46:10.967791+00:00,left_wrist_roll,1989,1987,-2,33,0,1044
28.461,2026-08-05T05:46:10.967791+00:00,left_gripper,2014,2014,0,37,0,0
28.461,2026-08-05T05:46:10.967791+00:00,right_shoulder_pan,1903,1933,30,37,1,54
28.461,2026-08-05T05:46:10.967791+00:00,right_shoulder_lift,1862,2248,386,36,88,450
28.461,2026-08-05T05:46:10.967791+00:00,right_elbow_flex,2097,2137,40,37,6,94
28.461,2026-08-05T05:46:10.967791+00:00,right_wrist_flex,1976,1984,8,34,1,30
28.461,2026-08-05T05:46:10.967791+00:00,right_wrist_roll,2114,2111,-3,34,0,1044
28.461,2026-08-05T05:46:10.967791+00:00,right_gripper,2457,2462,5,37,1,24
28.511,2026-08-05T05:46:11.017959+00:00,left_shoulder_pan,1857,1851,-6,37,1,1060
28.511,2026-08-05T05:46:11.017959+00:00,left_shoulder_lift,2389,2420,31,36,8,136
28.511,2026-08-05T05:46:11.017959+00:00,left_elbow_flex,1629,1635,6,34,0,36
28.511,2026-08-05T05:46:11.017959+00:00,left_wrist_flex,2169,2170,1,34,0,0
28.511,2026-08-05T05:46:11.017959+00:00,left_wrist_roll,1989,1987,-2,34,1,1044
28.511,2026-08-05T05:46:11.017959+00:00,left_gripper,2014,2014,0,37,0,0
28.511,2026-08-05T05:46:11.017959+00:00,right_shoulder_pan,1896,1926,30,37,1,62
28.511,2026-08-05T05:46:11.017959+00:00,right_shoulder_lift,1865,2248,383,36,82,450
28.511,2026-08-05T05:46:11.017959+00:00,right_elbow_flex,2097,2137,40,37,6,94
28.511,2026-08-05T05:46:11.017959+00:00,right_wrist_flex,1976,1984,8,34,0,30
28.511,2026-08-05T05:46:11.017959+00:00,right_wrist_roll,2114,2111,-3,34,0,1044
28.511,2026-08-05T05:46:11.017959+00:00,right_gripper,2457,2462,5,37,0,24
28.562,2026-08-05T05:46:11.068484+00:00,left_shoulder_pan,1857,1851,-6,37,2,1060
28.562,2026-08-05T05:46:11.068484+00:00,left_shoulder_lift,2389,2420,31,36,9,136
28.562,2026-08-05T05:46:11.068484+00:00,left_elbow_flex,1629,1635,6,34,1,36
28.562,2026-08-05T05:46:11.068484+00:00,left_wrist_flex,2169,2170,1,34,0,0
28.562,2026-08-05T05:46:11.068484+00:00,left_wrist_roll,1989,1987,-2,34,0,1044
28.562,2026-08-05T05:46:11.068484+00:00,left_gripper,2014,2014,0,36,0,0
28.562,2026-08-05T05:46:11.068484+00:00,right_shoulder_pan,1889,1918,29,37,0,52
28.562,2026-08-05T05:46:11.068484+00:00,right_shoulder_lift,1868,2248,380,36,87,450
28.562,2026-08-05T05:46:11.068484+00:00,right_elbow_flex,2097,2137,40,37,6,94
28.562,2026-08-05T05:46:11.068484+00:00,right_wrist_flex,1976,1984,8,35,0,30
28.562,2026-08-05T05:46:11.068484+00:00,right_wrist_roll,2114,2111,-3,34,1,1044
28.562,2026-08-05T05:46:11.068484+00:00,right_gripper,2457,2462,5,38,0,24
28.612,2026-08-05T05:46:11.118925+00:00,left_shoulder_pan,1857,1851,-6,37,1,1060
28.612,2026-08-05T05:46:11.118925+00:00,left_shoulder_lift,2389,2420,31,36,12,136
28.612,2026-08-05T05:46:11.118925+00:00,left_elbow_flex,1629,1635,6,34,1,36
28.612,2026-08-05T05:46:11.118925+00:00,left_wrist_flex,2169,2170,1,34,0,0
28.612,2026-08-05T05:46:11.118925+00:00,left_wrist_roll,1989,1987,-2,34,0,1044
28.612,2026-08-05T05:46:11.118925+00:00,left_gripper,2014,2014,0,36,0,0
28.612,2026-08-05T05:46:11.118925+00:00,right_shoulder_pan,1881,1910,29,37,1,58
28.612,2026-08-05T05:46:11.118925+00:00,right_shoulder_lift,1872,2248,376,36,90,450
28.612,2026-08-05T05:46:11.118925+00:00,right_elbow_flex,2097,2137,40,37,6,94
28.612,2026-08-05T05:46:11.118925+00:00,right_wrist_flex,1976,1984,8,35,1,30
28.612,2026-08-05T05:46:11.118925+00:00,right_wrist_roll,2114,2111,-3,34,1,1044
28.612,2026-08-05T05:46:11.118925+00:00,right_gripper,2457,2462,5,37,0,24
28.662,2026-08-05T05:46:11.168813+00:00,left_shoulder_pan,1857,1851,-6,37,1,1060
28.662,2026-08-05T05:46:11.168813+00:00,left_shoulder_lift,2389,2420,31,36,8,136
28.662,2026-08-05T05:46:11.168813+00:00,left_elbow_flex,1629,1635,6,34,1,36
28.662,2026-08-05T05:46:11.168813+00:00,left_wrist_flex,2169,2170,1,34,0,0
28.662,2026-08-05T05:46:11.168813+00:00,left_wrist_roll,1989,1987,-2,34,0,1044
28.662,2026-08-05T05:46:11.168813+00:00,left_gripper,2014,2014,0,37,0,0
28.662,2026-08-05T05:46:11.168813+00:00,right_shoulder_pan,1875,1903,28,37,0,52
28.662,2026-08-05T05:46:11.168813+00:00,right_shoulder_lift,1875,2248,373,36,89,450
28.662,2026-08-05T05:46:11.168813+00:00,right_elbow_flex,2097,2137,40,37,6,94
28.662,2026-08-05T05:46:11.168813+00:00,right_wrist_flex,1976,1984,8,35,1,30
28.662,2026-08-05T05:46:11.168813+00:00,right_wrist_roll,2114,2111,-3,34,1,1044
28.662,2026-08-05T05:46:11.168813+00:00,right_gripper,2457,2462,5,37,0,24
28.713,2026-08-05T05:46:11.219482+00:00,left_shoulder_pan,1857,1851,-6,37,1,1060
28.713,2026-08-05T05:46:11.219482+00:00,left_shoulder_lift,2389,2420,31,36,8,136
28.713,2026-08-05T05:46:11.219482+00:00,left_elbow_flex,1629,1635,6,34,2,36
28.713,2026-08-05T05:46:11.219482+00:00,left_wrist_flex,2169,2170,1,34,0,0
28.713,2026-08-05T05:46:11.219482+00:00,left_wrist_roll,1989,1987,-2,34,0,1044
28.713,2026-08-05T05:46:11.219482+00:00,left_gripper,2014,2014,0,37,0,0
28.713,2026-08-05T05:46:11.219482+00:00,right_shoulder_pan,1868,1895,27,37,1,60
28.713,2026-08-05T05:46:11.219482+00:00,right_shoulder_lift,1880,2248,368,36,83,450
28.713,2026-08-05T05:46:11.219482+00:00,right_elbow_flex,2097,2137,40,37,6,94
28.713,2026-08-05T05:46:11.219482+00:00,right_wrist_flex,1976,1984,8,34,0,30
28.713,2026-08-05T05:46:11.219482+00:00,right_wrist_roll,2114,2111,-3,34,0,1044
28.713,2026-08-05T05:46:11.219482+00:00,right_gripper,2457,2462,5,38,0,24
28.763,2026-08-05T05:46:11.270398+00:00,left_shoulder_pan,1857,1851,-6,37,1,1060
28.763,2026-08-05T05:46:11.270398+00:00,left_shoulder_lift,2389,2420,31,36,8,136
28.763,2026-08-05T05:46:11.270398+00:00,left_elbow_flex,1629,1635,6,34,1,36
28.763,2026-08-05T05:46:11.270398+00:00,left_wrist_flex,2169,2170,1,34,0,0
28.763,2026-08-05T05:46:11.270398+00:00,left_wrist_roll,1989,1987,-2,34,1,1044
28.763,2026-08-05T05:46:11.270398+00:00,left_gripper,2014,2014,0,37,0,0
28.763,2026-08-05T05:46:11.270398+00:00,right_shoulder_pan,1861,1889,28,37,1,58
28.763,2026-08-05T05:46:11.270398+00:00,right_shoulder_lift,1884,2248,364,36,82,450
28.763,2026-08-05T05:46:11.270398+00:00,right_elbow_flex,2097,2137,40,37,6,94
28.763,2026-08-05T05:46:11.270398+00:00,right_wrist_flex,1976,1984,8,34,0,30
28.763,2026-08-05T05:46:11.270398+00:00,right_wrist_roll,2114,2111,-3,34,0,1044
28.763,2026-08-05T05:46:11.270398+00:00,right_gripper,2457,2462,5,37,1,24
28.814,2026-08-05T05:46:11.320554+00:00,left_shoulder_pan,1857,1851,-6,37,1,1060
28.814,2026-08-05T05:46:11.320554+00:00,left_shoulder_lift,2389,2420,31,36,11,136
28.814,2026-08-05T05:46:11.320554+00:00,left_elbow_flex,1629,1635,6,34,1,36
28.814,2026-08-05T05:46:11.320554+00:00,left_wrist_flex,2169,2170,1,34,0,0
28.814,2026-08-05T05:46:11.320554+00:00,left_wrist_roll,1989,1987,-2,34,1,1044
28.814,2026-08-05T05:46:11.320554+00:00,left_gripper,2014,2014,0,36,0,0
28.814,2026-08-05T05:46:11.320554+00:00,right_shoulder_pan,1855,1882,27,37,1,54
28.814,2026-08-05T05:46:11.320554+00:00,right_shoulder_lift,1888,2248,360,36,96,450
28.814,2026-08-05T05:46:11.320554+00:00,right_elbow_flex,2097,2137,40,37,6,94
28.814,2026-08-05T05:46:11.320554+00:00,right_wrist_flex,1976,1984,8,34,1,30
28.814,2026-08-05T05:46:11.320554+00:00,right_wrist_roll,2114,2111,-3,34,1,1044
28.814,2026-08-05T05:46:11.320554+00:00,right_gripper,2457,2462,5,37,1,24
28.864,2026-08-05T05:46:11.370972+00:00,left_shoulder_pan,1857,1851,-6,37,1,1060
28.864,2026-08-05T05:46:11.370972+00:00,left_shoulder_lift,2389,2420,31,36,10,136
28.864,2026-08-05T05:46:11.370972+00:00,left_elbow_flex,1629,1635,6,34,0,36
28.864,2026-08-05T05:46:11.370972+00:00,left_wrist_flex,2169,2170,1,34,0,0
28.864,2026-08-05T05:46:11.370972+00:00,left_wrist_roll,1989,1987,-2,34,0,1044
28.864,2026-08-05T05:46:11.370972+00:00,left_gripper,2014,2014,0,36,0,0
28.864,2026-08-05T05:46:11.370972+00:00,right_shoulder_pan,1848,1875,27,37,0,48
28.864,2026-08-05T05:46:11.370972+00:00,right_shoulder_lift,1893,2248,355,36,82,450
28.864,2026-08-05T05:46:11.370972+00:00,right_elbow_flex,2097,2137,40,37,6,94
28.864,2026-08-05T05:46:11.370972+00:00,right_wrist_flex,1976,1984,8,35,1,30
28.864,2026-08-05T05:46:11.370972+00:00,right_wrist_roll,2114,2111,-3,34,0,1044
28.864,2026-08-05T05:46:11.370972+00:00,right_gripper,2457,2462,5,37,1,24
28.914,2026-08-05T05:46:11.421082+00:00,left_shoulder_pan,1857,1851,-6,37,1,1060
28.914,2026-08-05T05:46:11.421082+00:00,left_shoulder_lift,2389,2420,31,36,8,136
28.914,2026-08-05T05:46:11.421082+00:00,left_elbow_flex,1629,1635,6,34,1,36
28.914,2026-08-05T05:46:11.421082+00:00,left_wrist_flex,2169,2170,1,34,0,0
28.914,2026-08-05T05:46:11.421082+00:00,left_wrist_roll,1989,1987,-2,34,0,1044
28.914,2026-08-05T05:46:11.421082+00:00,left_gripper,2014,2014,0,36,0,0
28.914,2026-08-05T05:46:11.421082+00:00,right_shoulder_pan,1842,1869,27,37,1,54
28.914,2026-08-05T05:46:11.421082+00:00,right_shoulder_lift,1898,2248,350,36,93,450
28.914,2026-08-05T05:46:11.421082+00:00,right_elbow_flex,2097,2137,40,37,7,94
28.914,2026-08-05T05:46:11.421082+00:00,right_wrist_flex,1976,1984,8,34,1,30
28.914,2026-08-05T05:46:11.421082+00:00,right_wrist_roll,2114,2111,-3,34,1,1044
28.914,2026-08-05T05:46:11.421082+00:00,right_gripper,2457,2462,5,37,0,24
28.965,2026-08-05T05:46:11.471906+00:00,left_shoulder_pan,1857,1851,-6,37,2,1060
28.965,2026-08-05T05:46:11.471906+00:00,left_shoulder_lift,2389,2420,31,36,11,136
28.965,2026-08-05T05:46:11.471906+00:00,left_elbow_flex,1629,1635,6,34,1,36
28.965,2026-08-05T05:46:11.471906+00:00,left_wrist_flex,2169,2170,1,35,0,0
28.965,2026-08-05T05:46:11.471906+00:00,left_wrist_roll,1989,1987,-2,34,0,1044
28.965,2026-08-05T05:46:11.471906+00:00,left_gripper,2014,2014,0,36,0,0
28.965,2026-08-05T05:46:11.471906+00:00,right_shoulder_pan,1837,1862,25,37,1,56
28.965,2026-08-05T05:46:11.471906+00:00,right_shoulder_lift,1904,2248,344,36,94,450
28.965,2026-08-05T05:46:11.471906+00:00,right_elbow_flex,2097,2137,40,37,5,94
28.965,2026-08-05T05:46:11.471906+00:00,right_wrist_flex,1976,1984,8,34,0,30
28.965,2026-08-05T05:46:11.471906+00:00,right_wrist_roll,2114,2111,-3,34,1,1044
28.965,2026-08-05T05:46:11.471906+00:00,right_gripper,2457,2462,5,37,0,24
29.015,2026-08-05T05:46:11.522102+00:00,left_shoulder_pan,1857,1851,-6,37,1,1060
29.015,2026-08-05T05:46:11.522102+00:00,left_shoulder_lift,2389,2420,31,36,11,136
29.015,2026-08-05T05:46:11.522102+00:00,left_elbow_flex,1629,1635,6,34,1,36
29.015,2026-08-05T05:46:11.522102+00:00,left_wrist_flex,2169,2170,1,34,0,0
29.015,2026-08-05T05:46:11.522102+00:00,left_wrist_roll,1989,1987,-2,34,1,1044
29.015,2026-08-05T05:46:11.522102+00:00,left_gripper,2014,2014,0,36,0,0
29.015,2026-08-05T05:46:11.522102+00:00,right_shoulder_pan,1831,1856,25,37,1,48
29.015,2026-08-05T05:46:11.522102+00:00,right_shoulder_lift,1909,2248,339,35,87,450
29.015,2026-08-05T05:46:11.522102+00:00,right_elbow_flex,2097,2137,40,37,5,94
29.015,2026-08-05T05:46:11.522102+00:00,right_wrist_flex,1976,1984,8,34,1,30
29.015,2026-08-05T05:46:11.522102+00:00,right_wrist_roll,2114,2111,-3,34,0,1044
29.015,2026-08-05T05:46:11.522102+00:00,right_gripper,2457,2462,5,38,1,24
29.065,2026-08-05T05:46:11.572148+00:00,left_shoulder_pan,1857,1851,-6,37,1,1060
29.065,2026-08-05T05:46:11.572148+00:00,left_shoulder_lift,2389,2420,31,36,8,136
29.065,2026-08-05T05:46:11.572148+00:00,left_elbow_flex,1629,1635,6,34,0,36
29.065,2026-08-05T05:46:11.572148+00:00,left_wrist_flex,2169,2170,1,34,0,0
29.065,2026-08-05T05:46:11.572148+00:00,left_wrist_roll,1989,1987,-2,34,0,1044
29.065,2026-08-05T05:46:11.572148+00:00,left_gripper,2014,2014,0,36,0,0
29.065,2026-08-05T05:46:11.572148+00:00,right_shoulder_pan,1826,1850,24,37,0,50
29.065,2026-08-05T05:46:11.572148+00:00,right_shoulder_lift,1915,2248,333,36,87,450
29.065,2026-08-05T05:46:11.572148+00:00,right_elbow_flex,2097,2137,40,37,5,94
29.065,2026-08-05T05:46:11.572148+00:00,right_wrist_flex,1976,1984,8,34,0,30
29.065,2026-08-05T05:46:11.572148+00:00,right_wrist_roll,2114,2111,-3,34,1,1044
29.065,2026-08-05T05:46:11.572148+00:00,right_gripper,2457,2462,5,37,0,24
29.116,2026-08-05T05:46:11.622321+00:00,left_shoulder_pan,1857,1851,-6,37,1,1060
29.116,2026-08-05T05:46:11.622321+00:00,left_shoulder_lift,2389,2420,31,36,8,136
29.116,2026-08-05T05:46:11.622321+00:00,left_elbow_flex,1629,1635,6,34,1,36
29.116,2026-08-05T05:46:11.622321+00:00,left_wrist_flex,2169,2170,1,34,0,0
29.116,2026-08-05T05:46:11.622321+00:00,left_wrist_roll,1989,1987,-2,34,0,1044
29.116,2026-08-05T05:46:11.622321+00:00,left_gripper,2014,2014,0,36,0,0
29.116,2026-08-05T05:46:11.622321+00:00,right_shoulder_pan,1820,1844,24,37,1,50
29.116,2026-08-05T05:46:11.622321+00:00,right_shoulder_lift,1921,2248,327,36,88,450
29.116,2026-08-05T05:46:11.622321+00:00,right_elbow_flex,2097,2137,40,37,6,94
29.116,2026-08-05T05:46:11.622321+00:00,right_wrist_flex,1976,1984,8,35,0,30
29.116,2026-08-05T05:46:11.622321+00:00,right_wrist_roll,2114,2111,-3,34,0,1044
29.116,2026-08-05T05:46:11.622321+00:00,right_gripper,2457,2462,5,37,0,24
29.166,2026-08-05T05:46:11.672161+00:00,left_shoulder_pan,1857,1851,-6,37,1,1060
29.166,2026-08-05T05:46:11.672161+00:00,left_shoulder_lift,2389,2420,31,37,8,136
29.166,2026-08-05T05:46:11.672161+00:00,left_elbow_flex,1629,1635,6,34,1,36
29.166,2026-08-05T05:46:11.672161+00:00,left_wrist_flex,2169,2170,1,34,0,0
29.166,2026-08-05T05:46:11.672161+00:00,left_wrist_roll,1989,1987,-2,34,1,1044
29.166,2026-08-05T05:46:11.672161+00:00,left_gripper,2014,2014,0,36,0,0
29.166,2026-08-05T05:46:11.672161+00:00,right_shoulder_pan,1815,1838,23,37,1,50
29.166,2026-08-05T05:46:11.672161+00:00,right_shoulder_lift,1927,2248,321,36,87,450
29.166,2026-08-05T05:46:11.672161+00:00,right_elbow_flex,2097,2137,40,37,7,94
29.166,2026-08-05T05:46:11.672161+00:00,right_wrist_flex,1976,1984,8,35,0,30
29.166,2026-08-05T05:46:11.672161+00:00,right_wrist_roll,2114,2111,-3,34,0,1044
29.166,2026-08-05T05:46:11.672161+00:00,right_gripper,2457,2462,5,37,0,24
29.216,2026-08-05T05:46:11.723109+00:00,left_shoulder_pan,1857,1851,-6,37,1,1060
29.216,2026-08-05T05:46:11.723109+00:00,left_shoulder_lift,2389,2420,31,36,8,136
29.216,2026-08-05T05:46:11.723109+00:00,left_elbow_flex,1629,1635,6,34,1,36
29.216,2026-08-05T05:46:11.723109+00:00,left_wrist_flex,2169,2170,1,34,0,0
29.216,2026-08-05T05:46:11.723109+00:00,left_wrist_roll,1989,1987,-2,34,0,1044
29.216,2026-08-05T05:46:11.723109+00:00,left_gripper,2014,2014,0,36,0,0
29.216,2026-08-05T05:46:11.723109+00:00,right_shoulder_pan,1811,1832,21,37,1,50
29.216,2026-08-05T05:46:11.723109+00:00,right_shoulder_lift,1933,2248,315,36,91,450
29.216,2026-08-05T05:46:11.723109+00:00,right_elbow_flex,2097,2137,40,37,7,94
29.216,2026-08-05T05:46:11.723109+00:00,right_wrist_flex,1976,1984,8,35,1,30
29.216,2026-08-05T05:46:11.723109+00:00,right_wrist_roll,2114,2111,-3,34,0,1044
29.216,2026-08-05T05:46:11.723109+00:00,right_gripper,2457,2462,5,37,0,24
29.266,2026-08-05T05:46:11.772780+00:00,left_shoulder_pan,1857,1851,-6,37,1,1060
29.266,2026-08-05T05:46:11.772780+00:00,left_shoulder_lift,2389,2420,31,36,8,136
29.266,2026-08-05T05:46:11.772780+00:00,left_elbow_flex,1629,1635,6,34,1,36
29.266,2026-08-05T05:46:11.772780+00:00,left_wrist_flex,2169,2170,1,34,0,0
29.266,2026-08-05T05:46:11.772780+00:00,left_wrist_roll,1989,1987,-2,34,0,1044
29.266,2026-08-05T05:46:11.772780+00:00,left_gripper,2014,2014,0,36,0,0
29.266,2026-08-05T05:46:11.772780+00:00,right_shoulder_pan,1806,1827,21,37,1,42
29.266,2026-08-05T05:46:11.772780+00:00,right_shoulder_lift,1940,2248,308,36,85,450
29.266,2026-08-05T05:46:11.772780+00:00,right_elbow_flex,2097,2137,40,37,7,94
29.266,2026-08-05T05:46:11.772780+00:00,right_wrist_flex,1976,1984,8,35,0,30
29.266,2026-08-05T05:46:11.772780+00:00,right_wrist_roll,2114,2111,-3,34,0,1044
29.266,2026-08-05T05:46:11.772780+00:00,right_gripper,2457,2462,5,37,1,24
29.317,2026-08-05T05:46:11.823517+00:00,left_shoulder_pan,1857,1851,-6,37,1,1060
29.317,2026-08-05T05:46:11.823517+00:00,left_shoulder_lift,2389,2420,31,36,8,136
29.317,2026-08-05T05:46:11.823517+00:00,left_elbow_flex,1629,1635,6,34,1,36
29.317,2026-08-05T05:46:11.823517+00:00,left_wrist_flex,2169,2170,1,34,0,0
29.317,2026-08-05T05:46:11.823517+00:00,left_wrist_roll,1989,1987,-2,34,1,1044
29.317,2026-08-05T05:46:11.823517+00:00,left_gripper,2014,2014,0,36,0,0
29.317,2026-08-05T05:46:11.823517+00:00,right_shoulder_pan,1802,1822,20,37,1,46
29.317,2026-08-05T05:46:11.823517+00:00,right_shoulder_lift,1947,2248,301,36,82,450
29.317,2026-08-05T05:46:11.823517+00:00,right_elbow_flex,2097,2137,40,37,6,94
29.317,2026-08-05T05:46:11.823517+00:00,right_wrist_flex,1976,1984,8,35,1,30
29.317,2026-08-05T05:46:11.823517+00:00,right_wrist_roll,2114,2111,-3,34,1,1044
29.317,2026-08-05T05:46:11.823517+00:00,right_gripper,2457,2462,5,37,0,24
29.367,2026-08-05T05:46:11.874683+00:00,left_shoulder_pan,1857,1851,-6,37,1,1060
29.367,2026-08-05T05:46:11.874683+00:00,left_shoulder_lift,2389,2420,31,36,8,136
29.367,2026-08-05T05:46:11.874683+00:00,left_elbow_flex,1629,1635,6,34,1,36
29.367,2026-08-05T05:46:11.874683+00:00,left_wrist_flex,2169,2170,1,34,0,0
29.367,2026-08-05T05:46:11.874683+00:00,left_wrist_roll,1989,1987,-2,34,1,1044
29.367,2026-08-05T05:46:11.874683+00:00,left_gripper,2014,2014,0,36,0,0
29.367,2026-08-05T05:46:11.874683+00:00,right_shoulder_pan,1798,1817,19,37,0,44
29.367,2026-08-05T05:46:11.874683+00:00,right_shoulder_lift,1954,2248,294,36,89,450
29.367,2026-08-05T05:46:11.874683+00:00,right_elbow_flex,2097,2137,40,37,7,94
29.367,2026-08-05T05:46:11.874683+00:00,right_wrist_flex,1976,1984,8,34,1,30
29.367,2026-08-05T05:46:11.874683+00:00,right_wrist_roll,2114,2111,-3,34,0,1044
29.367,2026-08-05T05:46:11.874683+00:00,right_gripper,2457,2462,5,38,0,24
29.418,2026-08-05T05:46:11.924752+00:00,left_shoulder_pan,1857,1851,-6,37,1,1060
29.418,2026-08-05T05:46:11.924752+00:00,left_shoulder_lift,2389,2420,31,36,8,136
29.418,2026-08-05T05:46:11.924752+00:00,left_elbow_flex,1629,1635,6,34,1,36
29.418,2026-08-05T05:46:11.924752+00:00,left_wrist_flex,2169,2170,1,34,0,0
29.418,2026-08-05T05:46:11.924752+00:00,left_wrist_roll,1989,1987,-2,34,0,1044
29.418,2026-08-05T05:46:11.924752+00:00,left_gripper,2014,2014,0,36,0,0
29.418,2026-08-05T05:46:11.924752+00:00,right_shoulder_pan,1795,1812,17,37,1,34
29.418,2026-08-05T05:46:11.924752+00:00,right_shoulder_lift,1961,2248,287,36,87,450
29.418,2026-08-05T05:46:11.924752+00:00,right_elbow_flex,2097,2137,40,37,5,94
29.418,2026-08-05T05:46:11.924752+00:00,right_wrist_flex,1976,1984,8,34,1,30
29.418,2026-08-05T05:46:11.924752+00:00,right_wrist_roll,2114,2111,-3,34,0,1044
29.418,2026-08-05T05:46:11.924752+00:00,right_gripper,2457,2462,5,37,1,24
29.468,2026-08-05T05:46:11.975138+00:00,left_shoulder_pan,1857,1851,-6,37,1,1060
29.468,2026-08-05T05:46:11.975138+00:00,left_shoulder_lift,2389,2420,31,36,8,136
29.468,2026-08-05T05:46:11.975138+00:00,left_elbow_flex,1629,1635,6,34,1,36
29.468,2026-08-05T05:46:11.975138+00:00,left_wrist_flex,2169,2170,1,34,0,0
29.468,2026-08-05T05:46:11.975138+00:00,left_wrist_roll,1989,1987,-2,34,0,1044
29.468,2026-08-05T05:46:11.975138+00:00,left_gripper,2014,2014,0,36,0,0
29.468,2026-08-05T05:46:11.975138+00:00,right_shoulder_pan,1791,1808,17,37,1,40
29.468,2026-08-05T05:46:11.975138+00:00,right_shoulder_lift,1968,2248,280,36,83,450
29.468,2026-08-05T05:46:11.975138+00:00,right_elbow_flex,2097,2137,40,37,7,94
29.468,2026-08-05T05:46:11.975138+00:00,right_wrist_flex,1976,1984,8,35,0,30
29.468,2026-08-05T05:46:11.975138+00:00,right_wrist_roll,2114,2111,-3,34,0,1044
29.468,2026-08-05T05:46:11.975138+00:00,right_gripper,2457,2462,5,37,0,24
29.518,2026-08-05T05:46:12.025123+00:00,left_shoulder_pan,1857,1851,-6,37,1,1060
29.518,2026-08-05T05:46:12.025123+00:00,left_shoulder_lift,2389,2420,31,36,9,136
29.518,2026-08-05T05:46:12.025123+00:00,left_elbow_flex,1629,1635,6,34,1,36
29.518,2026-08-05T05:46:12.025123+00:00,left_wrist_flex,2169,2170,1,34,0,0
29.518,2026-08-05T05:46:12.025123+00:00,left_wrist_roll,1989,1987,-2,34,0,1044
29.518,2026-08-05T05:46:12.025123+00:00,left_gripper,2014,2014,0,36,0,0
29.518,2026-08-05T05:46:12.025123+00:00,right_shoulder_pan,1788,1804,16,37,1,36
29.518,2026-08-05T05:46:12.025123+00:00,right_shoulder_lift,1975,2248,273,36,82,450
29.518,2026-08-05T05:46:12.025123+00:00,right_elbow_flex,2097,2137,40,37,6,94
29.518,2026-08-05T05:46:12.025123+00:00,right_wrist_flex,1976,1984,8,35,1,30
29.518,2026-08-05T05:46:12.025123+00:00,right_wrist_roll,2114,2111,-3,34,1,1044
29.518,2026-08-05T05:46:12.025123+00:00,right_gripper,2457,2462,5,38,0,24
29.569,2026-08-05T05:46:12.075971+00:00,left_shoulder_pan,1857,1851,-6,37,0,1060
29.569,2026-08-05T05:46:12.075971+00:00,left_shoulder_lift,2389,2420,31,36,10,136
29.569,2026-08-05T05:46:12.075971+00:00,left_elbow_flex,1629,1635,6,34,1,36
29.569,2026-08-05T05:46:12.075971+00:00,left_wrist_flex,2169,2170,1,34,0,0
29.569,2026-08-05T05:46:12.075971+00:00,left_wrist_roll,1989,1987,-2,34,0,1044
29.569,2026-08-05T05:46:12.075971+00:00,left_gripper,2014,2014,0,37,0,0
29.569,2026-08-05T05:46:12.075971+00:00,right_shoulder_pan,1785,1800,15,37,1,38
29.569,2026-08-05T05:46:12.075971+00:00,right_shoulder_lift,1983,2248,265,36,87,450
29.569,2026-08-05T05:46:12.075971+00:00,right_elbow_flex,2097,2137,40,37,6,94
29.569,2026-08-05T05:46:12.075971+00:00,right_wrist_flex,1976,1984,8,35,0,30
29.569,2026-08-05T05:46:12.075971+00:00,right_wrist_roll,2114,2111,-3,34,0,1044
29.569,2026-08-05T05:46:12.075971+00:00,right_gripper,2457,2462,5,37,0,24
29.619,2026-08-05T05:46:12.125964+00:00,left_shoulder_pan,1857,1851,-6,37,1,1060
29.619,2026-08-05T05:46:12.125964+00:00,left_shoulder_lift,2389,2420,31,36,8,136
29.619,2026-08-05T05:46:12.125964+00:00,left_elbow_flex,1629,1635,6,34,1,36
29.619,2026-08-05T05:46:12.125964+00:00,left_wrist_flex,2169,2170,1,34,0,0
29.619,2026-08-05T05:46:12.125964+00:00,left_wrist_roll,1989,1987,-2,34,0,1044
29.619,2026-08-05T05:46:12.125964+00:00,left_gripper,2014,2014,0,36,0,0
29.619,2026-08-05T05:46:12.125964+00:00,right_shoulder_pan,1783,1797,14,37,0,36
29.619,2026-08-05T05:46:12.125964+00:00,right_shoulder_lift,1990,2248,258,36,83,450
29.619,2026-08-05T05:46:12.125964+00:00,right_elbow_flex,2097,2137,40,37,6,94
29.619,2026-08-05T05:46:12.125964+00:00,right_wrist_flex,1976,1984,8,34,0,30
29.619,2026-08-05T05:46:12.125964+00:00,right_wrist_roll,2114,2111,-3,34,0,1044
29.619,2026-08-05T05:46:12.125964+00:00,right_gripper,2457,2462,5,37,1,24
29.670,2026-08-05T05:46:12.178605+00:00,left_shoulder_pan,1857,1851,-6,37,1,1060
29.670,2026-08-05T05:46:12.178605+00:00,left_shoulder_lift,2389,2420,31,36,10,136
29.670,2026-08-05T05:46:12.178605+00:00,left_elbow_flex,1629,1635,6,34,1,36
29.670,2026-08-05T05:46:12.178605+00:00,left_wrist_flex,2169,2170,1,34,0,0
29.670,2026-08-05T05:46:12.178605+00:00,left_wrist_roll,1989,1987,-2,34,0,1044
29.670,2026-08-05T05:46:12.178605+00:00,left_gripper,2014,2014,0,36,0,0
29.670,2026-08-05T05:46:12.178605+00:00,right_shoulder_pan,1781,1794,13,37,0,36
29.670,2026-08-05T05:46:12.178605+00:00,right_shoulder_lift,1998,2248,250,36,89,450
29.670,2026-08-05T05:46:12.178605+00:00,right_elbow_flex,2097,2137,40,37,6,94
29.670,2026-08-05T05:46:12.178605+00:00,right_wrist_flex,1976,1984,8,34,0,30
29.670,2026-08-05T05:46:12.178605+00:00,right_wrist_roll,2114,2111,-3,34,0,1044
29.670,2026-08-05T05:46:12.178605+00:00,right_gripper,2457,2462,5,37,0,24
29.720,2026-08-05T05:46:12.226794+00:00,left_shoulder_pan,1857,1851,-6,37,1,1060
29.720,2026-08-05T05:46:12.226794+00:00,left_shoulder_lift,2389,2420,31,36,11,136
29.720,2026-08-05T05:46:12.226794+00:00,left_elbow_flex,1629,1635,6,34,0,36
29.720,2026-08-05T05:46:12.226794+00:00,left_wrist_flex,2169,2170,1,34,0,0
29.720,2026-08-05T05:46:12.226794+00:00,left_wrist_roll,1989,1987,-2,34,1,1044
29.720,2026-08-05T05:46:12.226794+00:00,left_gripper,2014,2014,0,36,0,0
29.720,2026-08-05T05:46:12.226794+00:00,right_shoulder_pan,1779,1792,13,37,1,36
29.720,2026-08-05T05:46:12.226794+00:00,right_shoulder_lift,2005,2248,243,36,82,450
29.720,2026-08-05T05:46:12.226794+00:00,right_elbow_flex,2097,2137,40,37,5,94
29.720,2026-08-05T05:46:12.226794+00:00,right_wrist_flex,1976,1984,8,34,0,30
29.720,2026-08-05T05:46:12.226794+00:00,right_wrist_roll,2114,2111,-3,34,0,1044
29.720,2026-08-05T05:46:12.226794+00:00,right_gripper,2457,2462,5,37,0,24
29.770,2026-08-05T05:46:12.277373+00:00,left_shoulder_pan,1857,1851,-6,37,0,1060
29.770,2026-08-05T05:46:12.277373+00:00,left_shoulder_lift,2389,2420,31,36,8,136
29.770,2026-08-05T05:46:12.277373+00:00,left_elbow_flex,1629,1635,6,34,1,36
29.770,2026-08-05T05:46:12.277373+00:00,left_wrist_flex,2169,2170,1,34,0,0
29.770,2026-08-05T05:46:12.277373+00:00,left_wrist_roll,1989,1987,-2,34,0,1044
29.770,2026-08-05T05:46:12.277373+00:00,left_gripper,2014,2014,0,36,0,0
29.770,2026-08-05T05:46:12.277373+00:00,right_shoulder_pan,1777,1789,12,37,1,36
29.770,2026-08-05T05:46:12.277373+00:00,right_shoulder_lift,2013,2248,235,36,86,450
29.770,2026-08-05T05:46:12.277373+00:00,right_elbow_flex,2097,2137,40,37,5,94
29.770,2026-08-05T05:46:12.277373+00:00,right_wrist_flex,1976,1984,8,34,1,30
29.770,2026-08-05T05:46:12.277373+00:00,right_wrist_roll,2114,2111,-3,34,0,1044
29.770,2026-08-05T05:46:12.277373+00:00,right_gripper,2457,2462,5,37,0,24
29.821,2026-08-05T05:46:12.328076+00:00,left_shoulder_pan,1857,1851,-6,37,1,1060
29.821,2026-08-05T05:46:12.328076+00:00,left_shoulder_lift,2389,2420,31,36,10,136
29.821,2026-08-05T05:46:12.328076+00:00,left_elbow_flex,1629,1635,6,34,1,36
29.821,2026-08-05T05:46:12.328076+00:00,left_wrist_flex,2169,2170,1,34,0,0
29.821,2026-08-05T05:46:12.328076+00:00,left_wrist_roll,1989,1987,-2,34,0,1044
29.821,2026-08-05T05:46:12.328076+00:00,left_gripper,2014,2014,0,36,0,0
29.821,2026-08-05T05:46:12.328076+00:00,right_shoulder_pan,1776,1788,12,37,0,34
29.821,2026-08-05T05:46:12.328076+00:00,right_shoulder_lift,2021,2248,227,36,86,450
29.821,2026-08-05T05:46:12.328076+00:00,right_elbow_flex,2097,2137,40,37,6,94
29.821,2026-08-05T05:46:12.328076+00:00,right_wrist_flex,1976,1984,8,34,0,30
29.821,2026-08-05T05:46:12.328076+00:00,right_wrist_roll,2114,2111,-3,34,1,1044
29.821,2026-08-05T05:46:12.328076+00:00,right_gripper,2457,2462,5,37,1,24
29.871,2026-08-05T05:46:12.378287+00:00,left_shoulder_pan,1857,1851,-6,37,1,1060
29.871,2026-08-05T05:46:12.378287+00:00,left_shoulder_lift,2389,2420,31,36,8,136
29.871,2026-08-05T05:46:12.378287+00:00,left_elbow_flex,1629,1635,6,34,1,36
29.871,2026-08-05T05:46:12.378287+00:00,left_wrist_flex,2169,2170,1,34,0,0
29.871,2026-08-05T05:46:12.378287+00:00,left_wrist_roll,1989,1987,-2,34,0,1044
29.871,2026-08-05T05:46:12.378287+00:00,left_gripper,2014,2014,0,36,0,0
29.871,2026-08-05T05:46:12.378287+00:00,right_shoulder_pan,1775,1787,12,37,1,42
29.871,2026-08-05T05:46:12.378287+00:00,right_shoulder_lift,2029,2248,219,36,86,450
29.871,2026-08-05T05:46:12.378287+00:00,right_elbow_flex,2097,2137,40,37,5,94
29.871,2026-08-05T05:46:12.378287+00:00,right_wrist_flex,1976,1984,8,34,1,30
29.871,2026-08-05T05:46:12.378287+00:00,right_wrist_roll,2114,2111,-3,34,0,1044
29.871,2026-08-05T05:46:12.378287+00:00,right_gripper,2457,2462,5,37,0,24
29.921,2026-08-05T05:46:12.427965+00:00,left_shoulder_pan,1857,1851,-6,37,1,1060
29.921,2026-08-05T05:46:12.427965+00:00,left_shoulder_lift,2389,2420,31,36,9,136
29.921,2026-08-05T05:46:12.427965+00:00,left_elbow_flex,1629,1635,6,34,1,36
29.921,2026-08-05T05:46:12.427965+00:00,left_wrist_flex,2169,2170,1,34,0,0
29.921,2026-08-05T05:46:12.427965+00:00,left_wrist_roll,1989,1987,-2,34,0,1044
29.921,2026-08-05T05:46:12.427965+00:00,left_gripper,2014,2014,0,37,0,0
29.921,2026-08-05T05:46:12.427965+00:00,right_shoulder_pan,1774,1786,12,37,1,38
29.921,2026-08-05T05:46:12.427965+00:00,right_shoulder_lift,2037,2248,211,36,83,442
29.921,2026-08-05T05:46:12.427965+00:00,right_elbow_flex,2097,2137,40,37,6,94
29.921,2026-08-05T05:46:12.427965+00:00,right_wrist_flex,1976,1984,8,35,0,30
29.921,2026-08-05T05:46:12.427965+00:00,right_wrist_roll,2114,2111,-3,34,0,1044
29.921,2026-08-05T05:46:12.427965+00:00,right_gripper,2457,2462,5,37,0,24
29.972,2026-08-05T05:46:12.478976+00:00,left_shoulder_pan,1857,1851,-6,37,1,1060
29.972,2026-08-05T05:46:12.478976+00:00,left_shoulder_lift,2389,2420,31,36,10,136
29.972,2026-08-05T05:46:12.478976+00:00,left_elbow_flex,1629,1635,6,34,1,36
29.972,2026-08-05T05:46:12.478976+00:00,left_wrist_flex,2169,2170,1,34,0,0
29.972,2026-08-05T05:46:12.478976+00:00,left_wrist_roll,1989,1987,-2,34,0,1044
29.972,2026-08-05T05:46:12.478976+00:00,left_gripper,2014,2014,0,36,0,0
29.972,2026-08-05T05:46:12.478976+00:00,right_shoulder_pan,1774,1786,12,37,1,38
29.972,2026-08-05T05:46:12.478976+00:00,right_shoulder_lift,2045,2248,203,36,83,426
29.972,2026-08-05T05:46:12.478976+00:00,right_elbow_flex,2097,2137,40,37,6,94
29.972,2026-08-05T05:46:12.478976+00:00,right_wrist_flex,1976,1984,8,35,0,30
29.972,2026-08-05T05:46:12.478976+00:00,right_wrist_roll,2114,2111,-3,34,1,1044
29.972,2026-08-05T05:46:12.478976+00:00,right_gripper,2457,2462,5,37,1,24
30.022,2026-08-05T05:46:12.528800+00:00,left_shoulder_pan,1857,1851,-6,37,1,1060
30.022,2026-08-05T05:46:12.528800+00:00,left_shoulder_lift,2389,2420,31,36,8,136
30.022,2026-08-05T05:46:12.528800+00:00,left_elbow_flex,1629,1635,6,34,1,36
30.022,2026-08-05T05:46:12.528800+00:00,left_wrist_flex,2169,2170,1,34,0,0
30.022,2026-08-05T05:46:12.528800+00:00,left_wrist_roll,1989,1987,-2,34,0,1044
30.022,2026-08-05T05:46:12.528800+00:00,left_gripper,2014,2014,0,36,0,0
30.022,2026-08-05T05:46:12.528800+00:00,right_shoulder_pan,1774,1785,11,37,1,36
30.022,2026-08-05T05:46:12.528800+00:00,right_shoulder_lift,2052,2248,196,36,65,410
30.022,2026-08-05T05:46:12.528800+00:00,right_elbow_flex,2097,2137,40,37,6,94
30.022,2026-08-05T05:46:12.528800+00:00,right_wrist_flex,1976,1984,8,34,1,30
30.022,2026-08-05T05:46:12.528800+00:00,right_wrist_roll,2114,2111,-3,34,0,1044
30.022,2026-08-05T05:46:12.528800+00:00,right_gripper,2457,2462,5,37,1,24
30.072,2026-08-05T05:46:12.579443+00:00,left_shoulder_pan,1857,1851,-6,37,1,1060
30.072,2026-08-05T05:46:12.579443+00:00,left_shoulder_lift,2389,2420,31,37,8,136
30.072,2026-08-05T05:46:12.579443+00:00,left_elbow_flex,1629,1635,6,34,1,36
30.072,2026-08-05T05:46:12.579443+00:00,left_wrist_flex,2169,2170,1,34,0,0
30.072,2026-08-05T05:46:12.579443+00:00,left_wrist_roll,1989,1987,-2,34,0,1044
30.072,2026-08-05T05:46:12.579443+00:00,left_gripper,2014,2014,0,36,0,0
30.072,2026-08-05T05:46:12.579443+00:00,right_shoulder_pan,1774,1785,11,37,1,36
30.072,2026-08-05T05:46:12.579443+00:00,right_shoulder_lift,2060,2248,188,36,62,396
30.072,2026-08-05T05:46:12.579443+00:00,right_elbow_flex,2097,2137,40,37,7,94
30.072,2026-08-05T05:46:12.579443+00:00,right_wrist_flex,1976,1984,8,34,0,30
30.072,2026-08-05T05:46:12.579443+00:00,right_wrist_roll,2114,2111,-3,34,0,1044
30.072,2026-08-05T05:46:12.579443+00:00,right_gripper,2457,2462,5,37,1,24
30.123,2026-08-05T05:46:12.629845+00:00,left_shoulder_pan,1857,1851,-6,37,1,1060
30.123,2026-08-05T05:46:12.629845+00:00,left_shoulder_lift,2389,2420,31,36,8,136
30.123,2026-08-05T05:46:12.629845+00:00,left_elbow_flex,1629,1635,6,34,1,36
30.123,2026-08-05T05:46:12.629845+00:00,left_wrist_flex,2169,2170,1,34,0,0
30.123,2026-08-05T05:46:12.629845+00:00,left_wrist_roll,1989,1987,-2,34,1,1044
30.123,2026-08-05T05:46:12.629845+00:00,left_gripper,2014,2014,0,36,0,0
30.123,2026-08-05T05:46:12.629845+00:00,right_shoulder_pan,1775,1784,9,37,1,34
30.123,2026-08-05T05:46:12.629845+00:00,right_shoulder_lift,2068,2248,180,36,61,380
30.123,2026-08-05T05:46:12.629845+00:00,right_elbow_flex,2097,2137,40,37,5,94
30.123,2026-08-05T05:46:12.629845+00:00,right_wrist_flex,1976,1984,8,34,0,30
30.123,2026-08-05T05:46:12.629845+00:00,right_wrist_roll,2114,2111,-3,34,1,1044
30.123,2026-08-05T05:46:12.629845+00:00,right_gripper,2457,2462,5,37,0,24
30.173,2026-08-05T05:46:12.680292+00:00,left_shoulder_pan,1857,1851,-6,37,1,1060
30.173,2026-08-05T05:46:12.680292+00:00,left_shoulder_lift,2389,2420,31,36,10,136
30.173,2026-08-05T05:46:12.680292+00:00,left_elbow_flex,1629,1635,6,34,1,36
30.173,2026-08-05T05:46:12.680292+00:00,left_wrist_flex,2169,2170,1,34,0,0
30.173,2026-08-05T05:46:12.680292+00:00,left_wrist_roll,1989,1987,-2,34,0,1044
30.173,2026-08-05T05:46:12.680292+00:00,left_gripper,2014,2014,0,36,0,0
30.173,2026-08-05T05:46:12.680292+00:00,right_shoulder_pan,1776,1784,8,37,1,32
30.173,2026-08-05T05:46:12.680292+00:00,right_shoulder_lift,2076,2248,172,36,53,364
30.173,2026-08-05T05:46:12.680292+00:00,right_elbow_flex,2097,2137,40,37,7,94
30.173,2026-08-05T05:46:12.680292+00:00,right_wrist_flex,1976,1984,8,34,0,30
30.173,2026-08-05T05:46:12.680292+00:00,right_wrist_roll,2114,2111,-3,34,1,1044
30.173,2026-08-05T05:46:12.680292+00:00,right_gripper,2457,2462,5,37,0,24
30.224,2026-08-05T05:46:12.730887+00:00,left_shoulder_pan,1857,1851,-6,37,1,1060
30.224,2026-08-05T05:46:12.730887+00:00,left_shoulder_lift,2389,2420,31,36,8,136
30.224,2026-08-05T05:46:12.730887+00:00,left_elbow_flex,1629,1635,6,34,1,36
30.224,2026-08-05T05:46:12.730887+00:00,left_wrist_flex,2169,2170,1,34,0,0
30.224,2026-08-05T05:46:12.730887+00:00,left_wrist_roll,1989,1987,-2,34,0,1044
30.224,2026-08-05T05:46:12.730887+00:00,left_gripper,2014,2014,0,36,0,0
30.224,2026-08-05T05:46:12.730887+00:00,right_shoulder_pan,1777,1784,7,37,0,30
30.224,2026-08-05T05:46:12.730887+00:00,right_shoulder_lift,2084,2248,164,36,49,352
30.224,2026-08-05T05:46:12.730887+00:00,right_elbow_flex,2097,2137,40,37,6,94
30.224,2026-08-05T05:46:12.730887+00:00,right_wrist_flex,1976,1984,8,34,1,30
30.224,2026-08-05T05:46:12.730887+00:00,right_wrist_roll,2114,2111,-3,34,1,1044
30.224,2026-08-05T05:46:12.730887+00:00,right_gripper,2457,2462,5,37,0,24
30.274,2026-08-05T05:46:12.780569+00:00,left_shoulder_pan,1857,1851,-6,37,1,1060
30.274,2026-08-05T05:46:12.780569+00:00,left_shoulder_lift,2389,2420,31,36,10,136
30.274,2026-08-05T05:46:12.780569+00:00,left_elbow_flex,1629,1635,6,34,1,36
30.274,2026-08-05T05:46:12.780569+00:00,left_wrist_flex,2169,2170,1,34,0,0
30.274,2026-08-05T05:46:12.780569+00:00,left_wrist_roll,1989,1987,-2,34,1,1044
30.274,2026-08-05T05:46:12.780569+00:00,left_gripper,2014,2014,0,36,0,0
30.274,2026-08-05T05:46:12.780569+00:00,right_shoulder_pan,1779,1784,5,37,1,28
30.274,2026-08-05T05:46:12.780569+00:00,right_shoulder_lift,2092,2248,156,36,43,332
30.274,2026-08-05T05:46:12.780569+00:00,right_elbow_flex,2097,2137,40,37,5,94
30.274,2026-08-05T05:46:12.780569+00:00,right_wrist_flex,1976,1984,8,35,1,30
30.274,2026-08-05T05:46:12.780569+00:00,right_wrist_roll,2114,2111,-3,34,0,1044
30.274,2026-08-05T05:46:12.780569+00:00,right_gripper,2457,2462,5,37,1,24
30.324,2026-08-05T05:46:12.831531+00:00,left_shoulder_pan,1857,1851,-6,37,1,1060
30.324,2026-08-05T05:46:12.831531+00:00,left_shoulder_lift,2389,2420,31,36,8,136
30.324,2026-08-05T05:46:12.831531+00:00,left_elbow_flex,1629,1635,6,34,1,36
30.324,2026-08-05T05:46:12.831531+00:00,left_wrist_flex,2169,2170,1,34,0,0
30.324,2026-08-05T05:46:12.831531+00:00,left_wrist_roll,1989,1987,-2,34,1,1044
30.324,2026-08-05T05:46:12.831531+00:00,left_gripper,2014,2014,0,36,0,0
30.324,2026-08-05T05:46:12.831531+00:00,right_shoulder_pan,1780,1784,4,37,1,20
30.324,2026-08-05T05:46:12.831531+00:00,right_shoulder_lift,2099,2248,149,36,40,320
30.324,2026-08-05T05:46:12.831531+00:00,right_elbow_flex,2097,2137,40,37,7,94
30.324,2026-08-05T05:46:12.831531+00:00,right_wrist_flex,1976,1984,8,34,1,30
30.324,2026-08-05T05:46:12.831531+00:00,right_wrist_roll,2114,2111,-3,34,0,1044
30.324,2026-08-05T05:46:12.831531+00:00,right_gripper,2457,2462,5,37,1,24
30.375,2026-08-05T05:46:12.883101+00:00,left_shoulder_pan,1857,1851,-6,37,1,1060
30.375,2026-08-05T05:46:12.883101+00:00,left_shoulder_lift,2389,2420,31,36,8,136
30.375,2026-08-05T05:46:12.883101+00:00,left_elbow_flex,1629,1635,6,34,1,36
30.375,2026-08-05T05:46:12.883101+00:00,left_wrist_flex,2169,2170,1,34,0,0
30.375,2026-08-05T05:46:12.883101+00:00,left_wrist_roll,1989,1987,-2,34,0,1044
30.375,2026-08-05T05:46:12.883101+00:00,left_gripper,2014,2014,0,37,0,0
30.375,2026-08-05T05:46:12.883101+00:00,right_shoulder_pan,1783,1784,1,37,1,22
30.375,2026-08-05T05:46:12.883101+00:00,right_shoulder_lift,2107,2248,141,36,39,300
30.375,2026-08-05T05:46:12.883101+00:00,right_elbow_flex,2097,2137,40,37,6,94
30.375,2026-08-05T05:46:12.883101+00:00,right_wrist_flex,1976,1984,8,35,1,30
30.375,2026-08-05T05:46:12.883101+00:00,right_wrist_roll,2114,2111,-3,34,0,1044
30.375,2026-08-05T05:46:12.883101+00:00,right_gripper,2457,2462,5,37,0,24
30.425,2026-08-05T05:46:12.931875+00:00,left_shoulder_pan,1857,1851,-6,37,1,1060
30.425,2026-08-05T05:46:12.931875+00:00,left_shoulder_lift,2389,2420,31,36,9,136
30.425,2026-08-05T05:46:12.931875+00:00,left_elbow_flex,1629,1635,6,34,1,36
30.425,2026-08-05T05:46:12.931875+00:00,left_wrist_flex,2169,2170,1,34,0,0
30.425,2026-08-05T05:46:12.931875+00:00,left_wrist_roll,1989,1987,-2,34,0,1044
30.425,2026-08-05T05:46:12.931875+00:00,left_gripper,2014,2014,0,36,0,0
30.425,2026-08-05T05:46:12.931875+00:00,right_shoulder_pan,1785,1784,-1,37,1,1048
30.425,2026-08-05T05:46:12.931875+00:00,right_shoulder_lift,2115,2248,133,36,38,286
30.425,2026-08-05T05:46:12.931875+00:00,right_elbow_flex,2097,2137,40,36,6,94
30.425,2026-08-05T05:46:12.931875+00:00,right_wrist_flex,1976,1984,8,34,1,30
30.425,2026-08-05T05:46:12.931875+00:00,right_wrist_roll,2114,2111,-3,34,0,1044
30.425,2026-08-05T05:46:12.931875+00:00,right_gripper,2457,2462,5,38,0,24
30.475,2026-08-05T05:46:12.981874+00:00,left_shoulder_pan,1857,1851,-6,37,1,1060
30.475,2026-08-05T05:46:12.981874+00:00,left_shoulder_lift,2389,2420,31,36,11,136
30.475,2026-08-05T05:46:12.981874+00:00,left_elbow_flex,1629,1635,6,34,1,36
30.475,2026-08-05T05:46:12.981874+00:00,left_wrist_flex,2169,2170,1,34,0,0
30.475,2026-08-05T05:46:12.981874+00:00,left_wrist_roll,1989,1987,-2,34,1,1044
30.475,2026-08-05T05:46:12.981874+00:00,left_gripper,2014,2014,0,36,0,0
30.475,2026-08-05T05:46:12.981874+00:00,right_shoulder_pan,1788,1784,-4,37,0,0
30.475,2026-08-05T05:46:12.981874+00:00,right_shoulder_lift,2122,2248,126,36,27,266
30.475,2026-08-05T05:46:12.981874+00:00,right_elbow_flex,2097,2137,40,37,7,94
30.475,2026-08-05T05:46:12.981874+00:00,right_wrist_flex,1976,1984,8,35,1,30
30.475,2026-08-05T05:46:12.981874+00:00,right_wrist_roll,2114,2111,-3,34,1,1044
30.475,2026-08-05T05:46:12.981874+00:00,right_gripper,2457,2462,5,37,1,24
30.526,2026-08-05T05:46:13.033485+00:00,left_shoulder_pan,1857,1851,-6,37,1,1060
30.526,2026-08-05T05:46:13.033485+00:00,left_shoulder_lift,2389,2420,31,36,11,136
30.526,2026-08-05T05:46:13.033485+00:00,left_elbow_flex,1629,1635,6,34,1,36
30.526,2026-08-05T05:46:13.033485+00:00,left_wrist_flex,2169,2170,1,34,0,0
30.526,2026-08-05T05:46:13.033485+00:00,left_wrist_roll,1989,1987,-2,34,1,1044
30.526,2026-08-05T05:46:13.033485+00:00,left_gripper,2014,2014,0,36,0,0
30.526,2026-08-05T05:46:13.033485+00:00,right_shoulder_pan,1791,1784,-7,37,1,1050
30.526,2026-08-05T05:46:13.033485+00:00,right_shoulder_lift,2129,2248,119,36,27,256
30.526,2026-08-05T05:46:13.033485+00:00,right_elbow_flex,2097,2137,40,37,6,94
30.526,2026-08-05T05:46:13.033485+00:00,right_wrist_flex,1976,1984,8,34,0,30
30.526,2026-08-05T05:46:13.033485+00:00,right_wrist_roll,2114,2111,-3,34,0,1044
30.526,2026-08-05T05:46:13.033485+00:00,right_gripper,2457,2462,5,37,0,24
30.576,2026-08-05T05:46:13.083733+00:00,left_shoulder_pan,1857,1851,-6,37,1,1060
30.576,2026-08-05T05:46:13.083733+00:00,left_shoulder_lift,2389,2420,31,36,8,136
30.576,2026-08-05T05:46:13.083733+00:00,left_elbow_flex,1629,1635,6,34,1,36
30.576,2026-08-05T05:46:13.083733+00:00,left_wrist_flex,2169,2170,1,34,0,0
30.576,2026-08-05T05:46:13.083733+00:00,left_wrist_roll,1989,1987,-2,34,0,1044
30.576,2026-08-05T05:46:13.083733+00:00,left_gripper,2014,2014,0,36,0,0
30.576,2026-08-05T05:46:13.083733+00:00,right_shoulder_pan,1794,1784,-10,37,1,1056
30.576,2026-08-05T05:46:13.083733+00:00,right_shoulder_lift,2136,2248,112,36,24,242
30.576,2026-08-05T05:46:13.083733+00:00,right_elbow_flex,2097,2137,40,37,6,94
30.576,2026-08-05T05:46:13.083733+00:00,right_wrist_flex,1976,1984,8,34,0,30
30.576,2026-08-05T05:46:13.083733+00:00,right_wrist_roll,2114,2111,-3,34,1,1044
30.576,2026-08-05T05:46:13.083733+00:00,right_gripper,2457,2462,5,37,0,24
30.626,2026-08-05T05:46:13.132401+00:00,left_shoulder_pan,1857,1851,-6,37,1,1060
30.626,2026-08-05T05:46:13.132401+00:00,left_shoulder_lift,2389,2420,31,36,8,136
30.626,2026-08-05T05:46:13.132401+00:00,left_elbow_flex,1629,1635,6,34,1,36
30.626,2026-08-05T05:46:13.132401+00:00,left_wrist_flex,2169,2170,1,34,0,0
30.626,2026-08-05T05:46:13.132401+00:00,left_wrist_roll,1989,1987,-2,34,0,1044
30.626,2026-08-05T05:46:13.132401+00:00,left_gripper,2014,2014,0,36,0,0
30.626,2026-08-05T05:46:13.132401+00:00,right_shoulder_pan,1798,1785,-13,37,1,1060
30.626,2026-08-05T05:46:13.132401+00:00,right_shoulder_lift,2143,2248,105,36,23,228
30.626,2026-08-05T05:46:13.132401+00:00,right_elbow_flex,2097,2137,40,37,6,94
30.626,2026-08-05T05:46:13.132401+00:00,right_wrist_flex,1976,1984,8,34,0,30
30.626,2026-08-05T05:46:13.132401+00:00,right_wrist_roll,2114,2111,-3,34,0,1044
30.626,2026-08-05T05:46:13.132401+00:00,right_gripper,2457,2462,5,37,1,24
30.676,2026-08-05T05:46:13.182908+00:00,left_shoulder_pan,1857,1851,-6,37,1,1060
30.676,2026-08-05T05:46:13.182908+00:00,left_shoulder_lift,2389,2420,31,36,9,136
30.676,2026-08-05T05:46:13.182908+00:00,left_elbow_flex,1629,1635,6,34,1,36
30.676,2026-08-05T05:46:13.182908+00:00,left_wrist_flex,2169,2170,1,34,0,0
30.676,2026-08-05T05:46:13.182908+00:00,left_wrist_roll,1989,1987,-2,34,0,1044
30.676,2026-08-05T05:46:13.182908+00:00,left_gripper,2014,2014,0,36,0,0
30.676,2026-08-05T05:46:13.182908+00:00,right_shoulder_pan,1802,1785,-17,37,1,1068
30.676,2026-08-05T05:46:13.182908+00:00,right_shoulder_lift,2150,2248,98,36,18,214
30.676,2026-08-05T05:46:13.182908+00:00,right_elbow_flex,2097,2137,40,37,6,94
30.676,2026-08-05T05:46:13.182908+00:00,right_wrist_flex,1976,1984,8,34,0,30
30.676,2026-08-05T05:46:13.182908+00:00,right_wrist_roll,2114,2111,-3,34,0,1044
30.676,2026-08-05T05:46:13.182908+00:00,right_gripper,2457,2462,5,37,0,24
30.726,2026-08-05T05:46:13.232827+00:00,left_shoulder_pan,1857,1851,-6,37,1,1060
30.726,2026-08-05T05:46:13.232827+00:00,left_shoulder_lift,2389,2420,31,36,9,136
30.726,2026-08-05T05:46:13.232827+00:00,left_elbow_flex,1629,1635,6,34,1,36
30.726,2026-08-05T05:46:13.232827+00:00,left_wrist_flex,2169,2170,1,34,0,0
30.726,2026-08-05T05:46:13.232827+00:00,left_wrist_roll,1989,1987,-2,34,0,1044
30.726,2026-08-05T05:46:13.232827+00:00,left_gripper,2014,2014,0,36,0,0
30.726,2026-08-05T05:46:13.232827+00:00,right_shoulder_pan,1806,1785,-21,37,1,1076
30.726,2026-08-05T05:46:13.232827+00:00,right_shoulder_lift,2157,2248,91,36,16,200
30.726,2026-08-05T05:46:13.232827+00:00,right_elbow_flex,2097,2137,40,37,6,94
30.726,2026-08-05T05:46:13.232827+00:00,right_wrist_flex,1976,1984,8,34,0,30
30.726,2026-08-05T05:46:13.232827+00:00,right_wrist_roll,2114,2111,-3,34,0,1044
30.726,2026-08-05T05:46:13.232827+00:00,right_gripper,2457,2462,5,37,0,24
30.776,2026-08-05T05:46:13.282828+00:00,left_shoulder_pan,1857,1851,-6,37,1,1060
30.776,2026-08-05T05:46:13.282828+00:00,left_shoulder_lift,2389,2420,31,37,8,136
30.776,2026-08-05T05:46:13.282828+00:00,left_elbow_flex,1629,1635,6,34,1,36
30.776,2026-08-05T05:46:13.282828+00:00,left_wrist_flex,2169,2170,1,34,0,0
30.776,2026-08-05T05:46:13.282828+00:00,left_wrist_roll,1989,1987,-2,34,1,1044
30.776,2026-08-05T05:46:13.282828+00:00,left_gripper,2014,2014,0,36,0,0
30.776,2026-08-05T05:46:13.282828+00:00,right_shoulder_pan,1810,1787,-23,37,1,1074
30.776,2026-08-05T05:46:13.282828+00:00,right_shoulder_lift,2163,2248,85,36,13,186
30.776,2026-08-05T05:46:13.282828+00:00,right_elbow_flex,2097,2137,40,37,7,94
30.776,2026-08-05T05:46:13.282828+00:00,right_wrist_flex,1976,1984,8,35,1,30
30.776,2026-08-05T05:46:13.282828+00:00,right_wrist_roll,2114,2111,-3,34,0,1044
30.776,2026-08-05T05:46:13.282828+00:00,right_gripper,2457,2462,5,37,1,24
30.826,2026-08-05T05:46:13.332742+00:00,left_shoulder_pan,1857,1851,-6,37,1,1060
30.826,2026-08-05T05:46:13.332742+00:00,left_shoulder_lift,2389,2420,31,36,8,136
30.826,2026-08-05T05:46:13.332742+00:00,left_elbow_flex,1629,1635,6,34,1,36
30.826,2026-08-05T05:46:13.332742+00:00,left_wrist_flex,2169,2170,1,34,0,0
30.826,2026-08-05T05:46:13.332742+00:00,left_wrist_roll,1989,1987,-2,34,0,1044
30.826,2026-08-05T05:46:13.332742+00:00,left_gripper,2014,2014,0,36,0,0
30.826,2026-08-05T05:46:13.332742+00:00,right_shoulder_pan,1815,1790,-25,37,1,1078
30.826,2026-08-05T05:46:13.332742+00:00,right_shoulder_lift,2170,2248,78,36,16,174
30.826,2026-08-05T05:46:13.332742+00:00,right_elbow_flex,2097,2137,40,37,7,94
30.826,2026-08-05T05:46:13.332742+00:00,right_wrist_flex,1976,1984,8,35,1,30
30.826,2026-08-05T05:46:13.332742+00:00,right_wrist_roll,2114,2111,-3,34,0,1044
30.826,2026-08-05T05:46:13.332742+00:00,right_gripper,2457,2462,5,37,0,24
30.876,2026-08-05T05:46:13.383026+00:00,left_shoulder_pan,1857,1851,-6,37,0,1060
30.876,2026-08-05T05:46:13.383026+00:00,left_shoulder_lift,2389,2420,31,36,8,136
30.876,2026-08-05T05:46:13.383026+00:00,left_elbow_flex,1629,1635,6,34,1,36
30.876,2026-08-05T05:46:13.383026+00:00,left_wrist_flex,2169,2170,1,34,0,0
30.876,2026-08-05T05:46:13.383026+00:00,left_wrist_roll,1989,1987,-2,34,1,1044
30.876,2026-08-05T05:46:13.383026+00:00,left_gripper,2014,2014,0,36,0,0
30.876,2026-08-05T05:46:13.383026+00:00,right_shoulder_pan,1820,1794,-26,37,1,1084
30.876,2026-08-05T05:46:13.383026+00:00,right_shoulder_lift,2176,2248,72,36,10,160
30.876,2026-08-05T05:46:13.383026+00:00,right_elbow_flex,2097,2137,40,37,6,94
30.876,2026-08-05T05:46:13.383026+00:00,right_wrist_flex,1976,1984,8,34,0,30
30.876,2026-08-05T05:46:13.383026+00:00,right_wrist_roll,2114,2111,-3,34,1,1044
30.876,2026-08-05T05:46:13.383026+00:00,right_gripper,2457,2462,5,37,1,24
30.926,2026-08-05T05:46:13.433550+00:00,left_shoulder_pan,1857,1851,-6,37,1,1060
30.926,2026-08-05T05:46:13.433550+00:00,left_shoulder_lift,2389,2420,31,36,8,136
30.926,2026-08-05T05:46:13.433550+00:00,left_elbow_flex,1629,1635,6,34,1,36
30.926,2026-08-05T05:46:13.433550+00:00,left_wrist_flex,2169,2170,1,34,0,0
30.926,2026-08-05T05:46:13.433550+00:00,left_wrist_roll,1989,1987,-2,34,1,1044
30.926,2026-08-05T05:46:13.433550+00:00,left_gripper,2014,2014,0,36,0,0
30.926,2026-08-05T05:46:13.433550+00:00,right_shoulder_pan,1825,1798,-27,37,1,1080
30.926,2026-08-05T05:46:13.433550+00:00,right_shoulder_lift,2182,2248,66,36,8,146
30.926,2026-08-05T05:46:13.433550+00:00,right_elbow_flex,2097,2137,40,38,6,94
30.926,2026-08-05T05:46:13.433550+00:00,right_wrist_flex,1976,1984,8,35,1,30
30.926,2026-08-05T05:46:13.433550+00:00,right_wrist_roll,2114,2111,-3,34,1,1044
30.926,2026-08-05T05:46:13.433550+00:00,right_gripper,2457,2462,5,37,0,24
30.976,2026-08-05T05:46:13.482838+00:00,left_shoulder_pan,1857,1851,-6,37,1,1060
30.976,2026-08-05T05:46:13.482838+00:00,left_shoulder_lift,2389,2420,31,36,9,136
30.976,2026-08-05T05:46:13.482838+00:00,left_elbow_flex,1629,1635,6,34,1,36
30.976,2026-08-05T05:46:13.482838+00:00,left_wrist_flex,2169,2170,1,34,0,0
30.976,2026-08-05T05:46:13.482838+00:00,left_wrist_roll,1989,1987,-2,34,0,1044
30.976,2026-08-05T05:46:13.482838+00:00,left_gripper,2014,2014,0,36,0,0
30.976,2026-08-05T05:46:13.482838+00:00,right_shoulder_pan,1830,1803,-27,37,2,1088
30.976,2026-08-05T05:46:13.482838+00:00,right_shoulder_lift,2188,2248,60,36,8,136
30.976,2026-08-05T05:46:13.482838+00:00,right_elbow_flex,2097,2137,40,37,5,94
30.976,2026-08-05T05:46:13.482838+00:00,right_wrist_flex,1976,1984,8,34,1,30
30.976,2026-08-05T05:46:13.482838+00:00,right_wrist_roll,2114,2111,-3,34,0,1044
30.976,2026-08-05T05:46:13.482838+00:00,right_gripper,2457,2462,5,37,0,24
31.026,2026-08-05T05:46:13.534153+00:00,left_shoulder_pan,1857,1851,-6,37,1,1060
31.026,2026-08-05T05:46:13.534153+00:00,left_shoulder_lift,2389,2420,31,36,10,136
31.026,2026-08-05T05:46:13.534153+00:00,left_elbow_flex,1629,1635,6,34,1,36
31.026,2026-08-05T05:46:13.534153+00:00,left_wrist_flex,2169,2170,1,35,0,0
31.026,2026-08-05T05:46:13.534153+00:00,left_wrist_roll,1989,1987,-2,34,1,1044
31.026,2026-08-05T05:46:13.534153+00:00,left_gripper,2014,2014,0,37,0,0
31.026,2026-08-05T05:46:13.534153+00:00,right_shoulder_pan,1836,1809,-27,37,1,1074
31.026,2026-08-05T05:46:13.534153+00:00,right_shoulder_lift,2193,2248,55,36,7,122
31.026,2026-08-05T05:46:13.534153+00:00,right_elbow_flex,2097,2137,40,37,5,94
31.026,2026-08-05T05:46:13.534153+00:00,right_wrist_flex,1976,1984,8,35,0,30
31.026,2026-08-05T05:46:13.534153+00:00,right_wrist_roll,2114,2111,-3,34,0,1044
31.026,2026-08-05T05:46:13.534153+00:00,right_gripper,2457,2462,5,37,0,24
31.077,2026-08-05T05:46:13.583220+00:00,left_shoulder_pan,1857,1851,-6,37,1,1060
31.077,2026-08-05T05:46:13.583220+00:00,left_shoulder_lift,2389,2420,31,36,9,136
31.077,2026-08-05T05:46:13.583220+00:00,left_elbow_flex,1629,1635,6,34,1,36
31.077,2026-08-05T05:46:13.583220+00:00,left_wrist_flex,2169,2170,1,34,0,0
31.077,2026-08-05T05:46:13.583220+00:00,left_wrist_roll,1989,1987,-2,34,1,1044
31.077,2026-08-05T05:46:13.583220+00:00,left_gripper,2014,2014,0,36,0,0
31.077,2026-08-05T05:46:13.583220+00:00,right_shoulder_pan,1841,1814,-27,37,1,1082
31.077,2026-08-05T05:46:13.583220+00:00,right_shoulder_lift,2199,2248,49,36,7,116
31.077,2026-08-05T05:46:13.583220+00:00,right_elbow_flex,2097,2137,40,37,6,94
31.077,2026-08-05T05:46:13.583220+00:00,right_wrist_flex,1976,1984,8,35,0,30
31.077,2026-08-05T05:46:13.583220+00:00,right_wrist_roll,2114,2111,-3,34,1,1044
31.077,2026-08-05T05:46:13.583220+00:00,right_gripper,2457,2462,5,37,0,24
31.127,2026-08-05T05:46:13.633123+00:00,left_shoulder_pan,1857,1851,-6,37,1,1060
31.127,2026-08-05T05:46:13.633123+00:00,left_shoulder_lift,2389,2420,31,36,10,136
31.127,2026-08-05T05:46:13.633123+00:00,left_elbow_flex,1629,1635,6,34,1,36
31.127,2026-08-05T05:46:13.633123+00:00,left_wrist_flex,2169,2170,1,34,0,0
31.127,2026-08-05T05:46:13.633123+00:00,left_wrist_roll,1989,1987,-2,34,0,1044
31.127,2026-08-05T05:46:13.633123+00:00,left_gripper,2014,2014,0,37,0,0
31.127,2026-08-05T05:46:13.633123+00:00,right_shoulder_pan,1847,1820,-27,37,1,1076
31.127,2026-08-05T05:46:13.633123+00:00,right_shoulder_lift,2204,2248,44,36,6,102
31.127,2026-08-05T05:46:13.633123+00:00,right_elbow_flex,2097,2137,40,37,6,94
31.127,2026-08-05T05:46:13.633123+00:00,right_wrist_flex,1976,1984,8,34,1,30
31.127,2026-08-05T05:46:13.633123+00:00,right_wrist_roll,2114,2111,-3,34,1,1044
31.127,2026-08-05T05:46:13.633123+00:00,right_gripper,2457,2462,5,37,1,24
31.177,2026-08-05T05:46:13.683133+00:00,left_shoulder_pan,1857,1851,-6,37,0,1060
31.177,2026-08-05T05:46:13.683133+00:00,left_shoulder_lift,2389,2420,31,36,9,136
31.177,2026-08-05T05:46:13.683133+00:00,left_elbow_flex,1629,1635,6,34,1,36
31.177,2026-08-05T05:46:13.683133+00:00,left_wrist_flex,2169,2170,1,34,0,0
31.177,2026-08-05T05:46:13.683133+00:00,left_wrist_roll,1989,1987,-2,34,0,1044
31.177,2026-08-05T05:46:13.683133+00:00,left_gripper,2014,2014,0,37,0,0
31.177,2026-08-05T05:46:13.683133+00:00,right_shoulder_pan,1853,1825,-28,37,1,1082
31.177,2026-08-05T05:46:13.683133+00:00,right_shoulder_lift,2209,2248,39,36,5,94
31.177,2026-08-05T05:46:13.683133+00:00,right_elbow_flex,2097,2137,40,37,7,94
31.177,2026-08-05T05:46:13.683133+00:00,right_wrist_flex,1976,1984,8,34,0,30
31.177,2026-08-05T05:46:13.683133+00:00,right_wrist_roll,2114,2111,-3,34,0,1044
31.177,2026-08-05T05:46:13.683133+00:00,right_gripper,2457,2462,5,37,1,24
31.227,2026-08-05T05:46:13.733247+00:00,left_shoulder_pan,1857,1851,-6,37,1,1060
31.227,2026-08-05T05:46:13.733247+00:00,left_shoulder_lift,2389,2420,31,36,10,136
31.227,2026-08-05T05:46:13.733247+00:00,left_elbow_flex,1629,1635,6,34,1,36
31.227,2026-08-05T05:46:13.733247+00:00,left_wrist_flex,2169,2170,1,34,0,0
31.227,2026-08-05T05:46:13.733247+00:00,left_wrist_roll,1989,1987,-2,34,0,1044
31.227,2026-08-05T05:46:13.733247+00:00,left_gripper,2014,2014,0,36,0,0
31.227,2026-08-05T05:46:13.733247+00:00,right_shoulder_pan,1860,1831,-29,37,1,1074
31.227,2026-08-05T05:46:13.733247+00:00,right_shoulder_lift,2213,2248,35,36,5,84
31.227,2026-08-05T05:46:13.733247+00:00,right_elbow_flex,2097,2137,40,37,5,94
31.227,2026-08-05T05:46:13.733247+00:00,right_wrist_flex,1976,1984,8,34,1,30
31.227,2026-08-05T05:46:13.733247+00:00,right_wrist_roll,2114,2111,-3,34,0,1044
31.227,2026-08-05T05:46:13.733247+00:00,right_gripper,2457,2462,5,37,0,24
31.277,2026-08-05T05:46:13.784044+00:00,left_shoulder_pan,1857,1851,-6,37,1,1060
31.277,2026-08-05T05:46:13.784044+00:00,left_shoulder_lift,2389,2420,31,36,10,136
31.277,2026-08-05T05:46:13.784044+00:00,left_elbow_flex,1629,1635,6,34,1,36
31.277,2026-08-05T05:46:13.784044+00:00,left_wrist_flex,2169,2170,1,34,0,0
31.277,2026-08-05T05:46:13.784044+00:00,left_wrist_roll,1989,1987,-2,34,0,1044
31.277,2026-08-05T05:46:13.784044+00:00,left_gripper,2014,2014,0,36,0,0
31.277,2026-08-05T05:46:13.784044+00:00,right_shoulder_pan,1866,1837,-29,37,1,1086
31.277,2026-08-05T05:46:13.784044+00:00,right_shoulder_lift,2218,2248,30,36,3,80
31.277,2026-08-05T05:46:13.784044+00:00,right_elbow_flex,2097,2137,40,37,7,94
31.277,2026-08-05T05:46:13.784044+00:00,right_wrist_flex,1976,1984,8,35,1,30
31.277,2026-08-05T05:46:13.784044+00:00,right_wrist_roll,2114,2111,-3,34,0,1044
31.277,2026-08-05T05:46:13.784044+00:00,right_gripper,2457,2462,5,38,0,24
31.328,2026-08-05T05:46:13.835002+00:00,left_shoulder_pan,1857,1851,-6,37,1,1060
31.328,2026-08-05T05:46:13.835002+00:00,left_shoulder_lift,2389,2420,31,36,11,136
31.328,2026-08-05T05:46:13.835002+00:00,left_elbow_flex,1629,1635,6,34,1,36
31.328,2026-08-05T05:46:13.835002+00:00,left_wrist_flex,2169,2170,1,34,0,0
31.328,2026-08-05T05:46:13.835002+00:00,left_wrist_roll,1989,1987,-2,34,0,1044
31.328,2026-08-05T05:46:13.835002+00:00,left_gripper,2014,2014,0,36,0,0
31.328,2026-08-05T05:46:13.835002+00:00,right_shoulder_pan,1873,1843,-30,37,1,1082
31.328,2026-08-05T05:46:13.835002+00:00,right_shoulder_lift,2222,2248,26,36,3,66
31.328,2026-08-05T05:46:13.835002+00:00,right_elbow_flex,2097,2137,40,37,6,94
31.328,2026-08-05T05:46:13.835002+00:00,right_wrist_flex,1976,1984,8,35,0,30
31.328,2026-08-05T05:46:13.835002+00:00,right_wrist_roll,2114,2111,-3,34,0,1044
31.328,2026-08-05T05:46:13.835002+00:00,right_gripper,2457,2462,5,37,1,24
31.378,2026-08-05T05:46:13.884396+00:00,left_shoulder_pan,1857,1851,-6,37,1,1060
31.378,2026-08-05T05:46:13.884396+00:00,left_shoulder_lift,2389,2420,31,36,9,136
31.378,2026-08-05T05:46:13.884396+00:00,left_elbow_flex,1629,1635,6,34,1,36
31.378,2026-08-05T05:46:13.884396+00:00,left_wrist_flex,2169,2170,1,34,0,0
31.378,2026-08-05T05:46:13.884396+00:00,left_wrist_roll,1989,1987,-2,34,0,1044
31.378,2026-08-05T05:46:13.884396+00:00,left_gripper,2014,2014,0,36,0,0
31.378,2026-08-05T05:46:13.884396+00:00,right_shoulder_pan,1880,1849,-31,37,1,1086
31.378,2026-08-05T05:46:13.884396+00:00,right_shoulder_lift,2226,2248,22,36,2,62
31.378,2026-08-05T05:46:13.884396+00:00,right_elbow_flex,2097,2137,40,37,6,94
31.378,2026-08-05T05:46:13.884396+00:00,right_wrist_flex,1976,1984,8,34,0,30
31.378,2026-08-05T05:46:13.884396+00:00,right_wrist_roll,2114,2111,-3,34,1,1044
31.378,2026-08-05T05:46:13.884396+00:00,right_gripper,2457,2462,5,37,0,24
31.428,2026-08-05T05:46:13.934386+00:00,left_shoulder_pan,1857,1851,-6,37,1,1060
31.428,2026-08-05T05:46:13.934386+00:00,left_shoulder_lift,2389,2420,31,36,8,136
31.428,2026-08-05T05:46:13.934386+00:00,left_elbow_flex,1629,1635,6,34,1,36
31.428,2026-08-05T05:46:13.934386+00:00,left_wrist_flex,2169,2170,1,34,0,0
31.428,2026-08-05T05:46:13.934386+00:00,left_wrist_roll,1989,1987,-2,34,0,1044
31.428,2026-08-05T05:46:13.934386+00:00,left_gripper,2014,2014,0,36,0,0
31.428,2026-08-05T05:46:13.934386+00:00,right_shoulder_pan,1887,1855,-32,37,1,1086
31.428,2026-08-05T05:46:13.934386+00:00,right_shoulder_lift,2229,2248,19,36,1,54
31.428,2026-08-05T05:46:13.934386+00:00,right_elbow_flex,2097,2137,40,37,7,94
31.428,2026-08-05T05:46:13.934386+00:00,right_wrist_flex,1976,1984,8,34,0,30
31.428,2026-08-05T05:46:13.934386+00:00,right_wrist_roll,2114,2111,-3,34,1,1044
31.428,2026-08-05T05:46:13.934386+00:00,right_gripper,2457,2462,5,38,0,24
31.478,2026-08-05T05:46:13.984322+00:00,left_shoulder_pan,1857,1851,-6,37,0,1060
31.478,2026-08-05T05:46:13.984322+00:00,left_shoulder_lift,2389,2420,31,36,8,136
31.478,2026-08-05T05:46:13.984322+00:00,left_elbow_flex,1629,1635,6,34,1,36
31.478,2026-08-05T05:46:13.984322+00:00,left_wrist_flex,2169,2170,1,34,0,0
31.478,2026-08-05T05:46:13.984322+00:00,left_wrist_roll,1989,1987,-2,34,1,1044
31.478,2026-08-05T05:46:13.984322+00:00,left_gripper,2014,2014,0,36,0,0
31.478,2026-08-05T05:46:13.984322+00:00,right_shoulder_pan,1894,1862,-32,37,1,1084
31.478,2026-08-05T05:46:13.984322+00:00,right_shoulder_lift,2232,2248,16,36,1,48
31.478,2026-08-05T05:46:13.984322+00:00,right_elbow_flex,2097,2137,40,37,6,94
31.478,2026-08-05T05:46:13.984322+00:00,right_wrist_flex,1976,1984,8,34,1,30
31.478,2026-08-05T05:46:13.984322+00:00,right_wrist_roll,2114,2111,-3,34,0,1044
31.478,2026-08-05T05:46:13.984322+00:00,right_gripper,2457,2462,5,38,0,24
31.528,2026-08-05T05:46:14.034693+00:00,left_shoulder_pan,1857,1851,-6,37,1,1060
31.528,2026-08-05T05:46:14.034693+00:00,left_shoulder_lift,2389,2420,31,36,8,136
31.528,2026-08-05T05:46:14.034693+00:00,left_elbow_flex,1629,1635,6,34,1,36
31.528,2026-08-05T05:46:14.034693+00:00,left_wrist_flex,2169,2170,1,34,0,0
31.528,2026-08-05T05:46:14.034693+00:00,left_wrist_roll,1989,1987,-2,34,1,1044
31.528,2026-08-05T05:46:14.034693+00:00,left_gripper,2014,2014,0,37,0,0
31.528,2026-08-05T05:46:14.034693+00:00,right_shoulder_pan,1902,1869,-33,37,2,1084
31.528,2026-08-05T05:46:14.034693+00:00,right_shoulder_lift,2235,2248,13,36,0,38
31.528,2026-08-05T05:46:14.034693+00:00,right_elbow_flex,2097,2137,40,37,6,94
31.528,2026-08-05T05:46:14.034693+00:00,right_wrist_flex,1976,1984,8,34,0,30
31.528,2026-08-05T05:46:14.034693+00:00,right_wrist_roll,2114,2111,-3,34,0,1044
31.528,2026-08-05T05:46:14.034693+00:00,right_gripper,2457,2462,5,37,0,24
31.578,2026-08-05T05:46:14.084880+00:00,left_shoulder_pan,1857,1851,-6,37,1,1060
31.578,2026-08-05T05:46:14.084880+00:00,left_shoulder_lift,2389,2420,31,36,10,136
31.578,2026-08-05T05:46:14.084880+00:00,left_elbow_flex,1629,1635,6,34,1,36
31.578,2026-08-05T05:46:14.084880+00:00,left_wrist_flex,2169,2170,1,34,0,0
31.578,2026-08-05T05:46:14.084880+00:00,left_wrist_roll,1989,1987,-2,34,0,1044
31.578,2026-08-05T05:46:14.084880+00:00,left_gripper,2014,2014,0,36,0,0
31.578,2026-08-05T05:46:14.084880+00:00,right_shoulder_pan,1909,1876,-33,37,2,1086
31.578,2026-08-05T05:46:14.084880+00:00,right_shoulder_lift,2238,2248,10,36,0,36
31.578,2026-08-05T05:46:14.084880+00:00,right_elbow_flex,2097,2137,40,37,7,94
31.578,2026-08-05T05:46:14.084880+00:00,right_wrist_flex,1976,1984,8,34,0,30
31.578,2026-08-05T05:46:14.084880+00:00,right_wrist_roll,2114,2111,-3,34,0,1044
31.578,2026-08-05T05:46:14.084880+00:00,right_gripper,2457,2462,5,38,0,24
31.628,2026-08-05T05:46:14.135163+00:00,left_shoulder_pan,1857,1851,-6,37,1,1060
31.628,2026-08-05T05:46:14.135163+00:00,left_shoulder_lift,2389,2420,31,36,11,136
31.628,2026-08-05T05:46:14.135163+00:00,left_elbow_flex,1629,1635,6,34,1,36
31.628,2026-08-05T05:46:14.135163+00:00,left_wrist_flex,2169,2170,1,34,0,0
31.628,2026-08-05T05:46:14.135163+00:00,left_wrist_roll,1989,1987,-2,34,0,1044
31.628,2026-08-05T05:46:14.135163+00:00,left_gripper,2014,2014,0,36,0,0
31.628,2026-08-05T05:46:14.135163+00:00,right_shoulder_pan,1916,1883,-33,37,1,1086
31.628,2026-08-05T05:46:14.135163+00:00,right_shoulder_lift,2241,2248,7,36,0,26
31.628,2026-08-05T05:46:14.135163+00:00,right_elbow_flex,2097,2137,40,37,7,94
31.628,2026-08-05T05:46:14.135163+00:00,right_wrist_flex,1976,1984,8,34,1,30
31.628,2026-08-05T05:46:14.135163+00:00,right_wrist_roll,2114,2111,-3,34,0,1044
31.628,2026-08-05T05:46:14.135163+00:00,right_gripper,2457,2462,5,37,1,24
31.678,2026-08-05T05:46:14.185236+00:00,left_shoulder_pan,1857,1851,-6,37,1,1060
31.678,2026-08-05T05:46:14.185236+00:00,left_shoulder_lift,2389,2420,31,36,9,136
31.678,2026-08-05T05:46:14.185236+00:00,left_elbow_flex,1629,1635,6,34,1,36
31.678,2026-08-05T05:46:14.185236+00:00,left_wrist_flex,2169,2170,1,34,0,0
31.678,2026-08-05T05:46:14.185236+00:00,left_wrist_roll,1989,1987,-2,34,1,1044
31.678,2026-08-05T05:46:14.185236+00:00,left_gripper,2014,2014,0,36,0,0
31.678,2026-08-05T05:46:14.185236+00:00,right_shoulder_pan,1924,1890,-34,49,2,1084
31.678,2026-08-05T05:46:14.185236+00:00,right_shoulder_lift,2243,2248,5,36,0,24
31.678,2026-08-05T05:46:14.185236+00:00,right_elbow_flex,2097,2137,40,37,6,94
31.678,2026-08-05T05:46:14.185236+00:00,right_wrist_flex,1976,1984,8,34,0,30
31.678,2026-08-05T05:46:14.185236+00:00,right_wrist_roll,2114,2111,-3,34,0,1044
31.678,2026-08-05T05:46:14.185236+00:00,right_gripper,2457,2462,5,37,0,24
31.729,2026-08-05T05:46:14.235800+00:00,left_shoulder_pan,1857,1851,-6,37,1,1060
31.729,2026-08-05T05:46:14.235800+00:00,left_shoulder_lift,2389,2420,31,36,11,136
31.729,2026-08-05T05:46:14.235800+00:00,left_elbow_flex,1629,1635,6,34,1,36
31.729,2026-08-05T05:46:14.235800+00:00,left_wrist_flex,2169,2170,1,34,0,0
31.729,2026-08-05T05:46:14.235800+00:00,left_wrist_roll,1989,1987,-2,34,0,1044
31.729,2026-08-05T05:46:14.235800+00:00,left_gripper,2014,2014,0,36,0,0
31.729,2026-08-05T05:46:14.235800+00:00,right_shoulder_pan,1932,1896,-36,37,2,1098
31.729,2026-08-05T05:46:14.235800+00:00,right_shoulder_lift,2244,2248,4,36,0,20
31.729,2026-08-05T05:46:14.235800+00:00,right_elbow_flex,2097,2137,40,37,5,94
31.729,2026-08-05T05:46:14.235800+00:00,right_wrist_flex,1976,1984,8,34,0,30
31.729,2026-08-05T05:46:14.235800+00:00,right_wrist_roll,2114,2111,-3,34,0,1044
31.729,2026-08-05T05:46:14.235800+00:00,right_gripper,2457,2462,5,37,1,24
31.779,2026-08-05T05:46:14.286374+00:00,left_shoulder_pan,1857,1851,-6,37,1,1060
31.779,2026-08-05T05:46:14.286374+00:00,left_shoulder_lift,2389,2420,31,36,9,136
31.779,2026-08-05T05:46:14.286374+00:00,left_elbow_flex,1629,1635,6,34,1,36
31.779,2026-08-05T05:46:14.286374+00:00,left_wrist_flex,2169,2170,1,34,0,0
31.779,2026-08-05T05:46:14.286374+00:00,left_wrist_roll,1989,1987,-2,34,0,1044
31.779,2026-08-05T05:46:14.286374+00:00,left_gripper,2014,2014,0,36,0,0
31.779,2026-08-05T05:46:14.286374+00:00,right_shoulder_pan,1940,1904,-36,37,2,1090
31.779,2026-08-05T05:46:14.286374+00:00,right_shoulder_lift,2246,2248,2,36,1,22
31.779,2026-08-05T05:46:14.286374+00:00,right_elbow_flex,2097,2137,40,37,6,94
31.779,2026-08-05T05:46:14.286374+00:00,right_wrist_flex,1976,1984,8,34,0,30
31.779,2026-08-05T05:46:14.286374+00:00,right_wrist_roll,2114,2111,-3,34,0,1044
31.779,2026-08-05T05:46:14.286374+00:00,right_gripper,2457,2462,5,37,0,24
31.830,2026-08-05T05:46:14.336063+00:00,left_shoulder_pan,1857,1851,-6,37,1,1060
31.830,2026-08-05T05:46:14.336063+00:00,left_shoulder_lift,2389,2420,31,36,10,136
31.830,2026-08-05T05:46:14.336063+00:00,left_elbow_flex,1629,1635,6,34,1,36
31.830,2026-08-05T05:46:14.336063+00:00,left_wrist_flex,2169,2170,1,34,0,0
31.830,2026-08-05T05:46:14.336063+00:00,left_wrist_roll,1989,1987,-2,34,0,1044
31.830,2026-08-05T05:46:14.336063+00:00,left_gripper,2014,2014,0,36,0,0
31.830,2026-08-05T05:46:14.336063+00:00,right_shoulder_pan,1947,1911,-36,37,1,1092
31.830,2026-08-05T05:46:14.336063+00:00,right_shoulder_lift,2247,2248,1,36,1,1042
31.830,2026-08-05T05:46:14.336063+00:00,right_elbow_flex,2097,2137,40,37,6,94
31.830,2026-08-05T05:46:14.336063+00:00,right_wrist_flex,1976,1984,8,35,1,30
31.830,2026-08-05T05:46:14.336063+00:00,right_wrist_roll,2114,2111,-3,34,0,1044
31.830,2026-08-05T05:46:14.336063+00:00,right_gripper,2457,2462,5,37,0,24
31.880,2026-08-05T05:46:14.386818+00:00,left_shoulder_pan,1857,1851,-6,37,1,1060
31.880,2026-08-05T05:46:14.386818+00:00,left_shoulder_lift,2389,2420,31,36,11,136
31.880,2026-08-05T05:46:14.386818+00:00,left_elbow_flex,1629,1635,6,34,1,36
31.880,2026-08-05T05:46:14.386818+00:00,left_wrist_flex,2169,2170,1,34,0,0
31.880,2026-08-05T05:46:14.386818+00:00,left_wrist_roll,1989,1987,-2,34,0,1044
31.880,2026-08-05T05:46:14.386818+00:00,left_gripper,2014,2014,0,36,0,0
31.880,2026-08-05T05:46:14.386818+00:00,right_shoulder_pan,1955,1919,-36,37,1,1090
31.880,2026-08-05T05:46:14.386818+00:00,right_shoulder_lift,2248,2248,0,36,0,0
31.880,2026-08-05T05:46:14.386818+00:00,right_elbow_flex,2097,2137,40,37,5,94
31.880,2026-08-05T05:46:14.386818+00:00,right_wrist_flex,1976,1984,8,34,0,30
31.880,2026-08-05T05:46:14.386818+00:00,right_wrist_roll,2114,2111,-3,34,0,1044
31.880,2026-08-05T05:46:14.386818+00:00,right_gripper,2457,2462,5,37,1,24
31.930,2026-08-05T05:46:14.436647+00:00,left_shoulder_pan,1857,1851,-6,37,1,1060
31.930,2026-08-05T05:46:14.436647+00:00,left_shoulder_lift,2389,2420,31,36,8,136
31.930,2026-08-05T05:46:14.436647+00:00,left_elbow_flex,1629,1635,6,34,0,36
31.930,2026-08-05T05:46:14.436647+00:00,left_wrist_flex,2169,2170,1,34,0,0
31.930,2026-08-05T05:46:14.436647+00:00,left_wrist_roll,1989,1987,-2,34,0,1044
31.930,2026-08-05T05:46:14.436647+00:00,left_gripper,2014,2014,0,36,0,0
31.930,2026-08-05T05:46:14.436647+00:00,right_shoulder_pan,1963,1927,-36,37,2,1094
31.930,2026-08-05T05:46:14.436647+00:00,right_shoulder_lift,2249,2248,-1,36,0,0
31.930,2026-08-05T05:46:14.436647+00:00,right_elbow_flex,2097,2137,40,37,7,94
31.930,2026-08-05T05:46:14.436647+00:00,right_wrist_flex,1976,1984,8,34,0,30
31.930,2026-08-05T05:46:14.436647+00:00,right_wrist_roll,2114,2111,-3,34,0,1044
31.930,2026-08-05T05:46:14.436647+00:00,right_gripper,2457,2462,5,37,1,24
31.981,2026-08-05T05:46:14.487383+00:00,left_shoulder_pan,1857,1851,-6,37,1,1060
31.981,2026-08-05T05:46:14.487383+00:00,left_shoulder_lift,2389,2420,31,36,10,136
31.981,2026-08-05T05:46:14.487383+00:00,left_elbow_flex,1629,1635,6,34,1,36
31.981,2026-08-05T05:46:14.487383+00:00,left_wrist_flex,2169,2170,1,34,0,0
31.981,2026-08-05T05:46:14.487383+00:00,left_wrist_roll,1989,1987,-2,34,0,1044
31.981,2026-08-05T05:46:14.487383+00:00,left_gripper,2014,2014,0,36,0,0
31.981,2026-08-05T05:46:14.487383+00:00,right_shoulder_pan,1971,1935,-36,37,1,1086
31.981,2026-08-05T05:46:14.487383+00:00,right_shoulder_lift,2249,2248,-1,36,0,0
31.981,2026-08-05T05:46:14.487383+00:00,right_elbow_flex,2097,2137,40,37,6,94
31.981,2026-08-05T05:46:14.487383+00:00,right_wrist_flex,1976,1984,8,34,1,30
31.981,2026-08-05T05:46:14.487383+00:00,right_wrist_roll,2114,2111,-3,34,0,1044
31.981,2026-08-05T05:46:14.487383+00:00,right_gripper,2457,2462,5,37,0,24
32.031,2026-08-05T05:46:14.537918+00:00,left_shoulder_pan,1857,1851,-6,37,1,1060
32.031,2026-08-05T05:46:14.537918+00:00,left_shoulder_lift,2389,2420,31,36,10,136
32.031,2026-08-05T05:46:14.537918+00:00,left_elbow_flex,1629,1635,6,34,1,36
32.031,2026-08-05T05:46:14.537918+00:00,left_wrist_flex,2169,2170,1,34,0,0
32.031,2026-08-05T05:46:14.537918+00:00,left_wrist_roll,1989,1987,-2,34,0,1044
32.031,2026-08-05T05:46:14.537918+00:00,left_gripper,2014,2014,0,36,0,0
32.031,2026-08-05T05:46:14.537918+00:00,right_shoulder_pan,1979,1943,-36,37,2,1094
32.031,2026-08-05T05:46:14.537918+00:00,right_shoulder_lift,2249,2248,-1,36,0,0
32.031,2026-08-05T05:46:14.537918+00:00,right_elbow_flex,2097,2137,40,37,7,94
32.031,2026-08-05T05:46:14.537918+00:00,right_wrist_flex,1976,1984,8,35,0,30
32.031,2026-08-05T05:46:14.537918+00:00,right_wrist_roll,2114,2111,-3,34,1,1044
32.031,2026-08-05T05:46:14.537918+00:00,right_gripper,2457,2462,5,37,0,24
32.082,2026-08-05T05:46:14.588389+00:00,left_shoulder_pan,1857,1851,-6,37,1,1060
32.082,2026-08-05T05:46:14.588389+00:00,left_shoulder_lift,2389,2420,31,36,9,136
32.082,2026-08-05T05:46:14.588389+00:00,left_elbow_flex,1629,1635,6,34,1,36
32.082,2026-08-05T05:46:14.588389+00:00,left_wrist_flex,2169,2170,1,34,0,0
32.082,2026-08-05T05:46:14.588389+00:00,left_wrist_roll,1989,1987,-2,34,1,1044
32.082,2026-08-05T05:46:14.588389+00:00,left_gripper,2014,2014,0,37,0,0
32.082,2026-08-05T05:46:14.588389+00:00,right_shoulder_pan,1987,1951,-36,37,1,1090
32.082,2026-08-05T05:46:14.588389+00:00,right_shoulder_lift,2249,2248,-1,36,0,0
32.082,2026-08-05T05:46:14.588389+00:00,right_elbow_flex,2097,2137,40,37,7,94
32.082,2026-08-05T05:46:14.588389+00:00,right_wrist_flex,1976,1984,8,34,0,30
32.082,2026-08-05T05:46:14.588389+00:00,right_wrist_roll,2114,2111,-3,34,0,1044
32.082,2026-08-05T05:46:14.588389+00:00,right_gripper,2457,2462,5,37,0,24
32.132,2026-08-05T05:46:14.639126+00:00,left_shoulder_pan,1857,1851,-6,37,1,1060
32.132,2026-08-05T05:46:14.639126+00:00,left_shoulder_lift,2389,2420,31,36,8,136
32.132,2026-08-05T05:46:14.639126+00:00,left_elbow_flex,1629,1635,6,34,1,36
32.132,2026-08-05T05:46:14.639126+00:00,left_wrist_flex,2169,2170,1,34,0,0
32.132,2026-08-05T05:46:14.639126+00:00,left_wrist_roll,1989,1987,-2,34,0,1044
32.132,2026-08-05T05:46:14.639126+00:00,left_gripper,2014,2014,0,36,0,0
32.132,2026-08-05T05:46:14.639126+00:00,right_shoulder_pan,1995,1959,-36,37,2,1094
32.132,2026-08-05T05:46:14.639126+00:00,right_shoulder_lift,2248,2248,0,36,0,0
32.132,2026-08-05T05:46:14.639126+00:00,right_elbow_flex,2097,2137,40,37,6,94
32.132,2026-08-05T05:46:14.639126+00:00,right_wrist_flex,1976,1984,8,34,1,30
32.132,2026-08-05T05:46:14.639126+00:00,right_wrist_roll,2114,2111,-3,34,0,1044
32.132,2026-08-05T05:46:14.639126+00:00,right_gripper,2457,2462,5,37,0,24
32.182,2026-08-05T05:46:14.688938+00:00,left_shoulder_pan,1857,1851,-6,37,1,1060
32.182,2026-08-05T05:46:14.688938+00:00,left_shoulder_lift,2389,2420,31,36,11,136
32.182,2026-08-05T05:46:14.688938+00:00,left_elbow_flex,1629,1635,6,34,1,36
32.182,2026-08-05T05:46:14.688938+00:00,left_wrist_flex,2169,2170,1,34,0,0
32.182,2026-08-05T05:46:14.688938+00:00,left_wrist_roll,1989,1987,-2,34,0,1044
32.182,2026-08-05T05:46:14.688938+00:00,left_gripper,2014,2014,0,36,0,0
32.182,2026-08-05T05:46:14.688938+00:00,right_shoulder_pan,2003,1967,-36,37,1,1090
32.182,2026-08-05T05:46:14.688938+00:00,right_shoulder_lift,2247,2248,1,36,0,0
32.182,2026-08-05T05:46:14.688938+00:00,right_elbow_flex,2097,2137,40,37,5,94
32.182,2026-08-05T05:46:14.688938+00:00,right_wrist_flex,1976,1984,8,35,1,30
32.182,2026-08-05T05:46:14.688938+00:00,right_wrist_roll,2114,2111,-3,34,1,1044
32.182,2026-08-05T05:46:14.688938+00:00,right_gripper,2457,2462,5,37,1,24
32.233,2026-08-05T05:46:14.739928+00:00,left_shoulder_pan,1857,1851,-6,36,1,1060
32.233,2026-08-05T05:46:14.739928+00:00,left_shoulder_lift,2389,2420,31,36,10,136
32.233,2026-08-05T05:46:14.739928+00:00,left_elbow_flex,1629,1635,6,34,1,36
32.233,2026-08-05T05:46:14.739928+00:00,left_wrist_flex,2169,2170,1,34,0,0
32.233,2026-08-05T05:46:14.739928+00:00,left_wrist_roll,1989,1987,-2,34,0,1044
32.233,2026-08-05T05:46:14.739928+00:00,left_gripper,2014,2014,0,36,0,0
32.233,2026-08-05T05:46:14.739928+00:00,right_shoulder_pan,2010,1974,-36,38,2,1088
32.233,2026-08-05T05:46:14.739928+00:00,right_shoulder_lift,2246,2248,2,36,0,22
32.233,2026-08-05T05:46:14.739928+00:00,right_elbow_flex,2097,2137,40,37,5,94
32.233,2026-08-05T05:46:14.739928+00:00,right_wrist_flex,1976,1984,8,34,1,30
32.233,2026-08-05T05:46:14.739928+00:00,right_wrist_roll,2114,2111,-3,34,1,1044
32.233,2026-08-05T05:46:14.739928+00:00,right_gripper,2457,2462,5,38,1,24
32.283,2026-08-05T05:46:14.789911+00:00,left_shoulder_pan,1857,1851,-6,37,1,1060
32.283,2026-08-05T05:46:14.789911+00:00,left_shoulder_lift,2389,2420,31,36,10,136
32.283,2026-08-05T05:46:14.789911+00:00,left_elbow_flex,1629,1635,6,34,1,36
32.283,2026-08-05T05:46:14.789911+00:00,left_wrist_flex,2169,2170,1,34,0,0
32.283,2026-08-05T05:46:14.789911+00:00,left_wrist_roll,1989,1987,-2,34,0,1044
32.283,2026-08-05T05:46:14.789911+00:00,left_gripper,2014,2014,0,36,0,0
32.283,2026-08-05T05:46:14.789911+00:00,right_shoulder_pan,2018,1982,-36,37,1,1086
32.283,2026-08-05T05:46:14.789911+00:00,right_shoulder_lift,2244,2248,4,36,1,20
32.283,2026-08-05T05:46:14.789911+00:00,right_elbow_flex,2097,2137,40,37,5,94
32.283,2026-08-05T05:46:14.789911+00:00,right_wrist_flex,1976,1984,8,34,0,30
32.283,2026-08-05T05:46:14.789911+00:00,right_wrist_roll,2114,2111,-3,33,0,1044
32.283,2026-08-05T05:46:14.789911+00:00,right_gripper,2457,2462,5,37,0,24
32.334,2026-08-05T05:46:14.840506+00:00,left_shoulder_pan,1857,1851,-6,37,1,1060
32.334,2026-08-05T05:46:14.840506+00:00,left_shoulder_lift,2389,2420,31,36,8,136
32.334,2026-08-05T05:46:14.840506+00:00,left_elbow_flex,1629,1635,6,34,0,36
32.334,2026-08-05T05:46:14.840506+00:00,left_wrist_flex,2169,2170,1,34,0,0
32.334,2026-08-05T05:46:14.840506+00:00,left_wrist_roll,1989,1987,-2,34,1,1044
32.334,2026-08-05T05:46:14.840506+00:00,left_gripper,2014,2014,0,36,0,0
32.334,2026-08-05T05:46:14.840506+00:00,right_shoulder_pan,2026,1990,-36,37,1,1092
32.334,2026-08-05T05:46:14.840506+00:00,right_shoulder_lift,2242,2248,6,36,0,28
32.334,2026-08-05T05:46:14.840506+00:00,right_elbow_flex,2097,2137,40,37,6,94
32.334,2026-08-05T05:46:14.840506+00:00,right_wrist_flex,1976,1984,8,34,0,30
32.334,2026-08-05T05:46:14.840506+00:00,right_wrist_roll,2114,2111,-3,34,0,1044
32.334,2026-08-05T05:46:14.840506+00:00,right_gripper,2457,2462,5,37,0,24
32.384,2026-08-05T05:46:14.890573+00:00,left_shoulder_pan,1857,1851,-6,37,1,1060
32.384,2026-08-05T05:46:14.890573+00:00,left_shoulder_lift,2389,2420,31,36,8,136
32.384,2026-08-05T05:46:14.890573+00:00,left_elbow_flex,1629,1635,6,34,1,36
32.384,2026-08-05T05:46:14.890573+00:00,left_wrist_flex,2169,2170,1,34,0,0
32.384,2026-08-05T05:46:14.890573+00:00,left_wrist_roll,1989,1987,-2,34,0,1044
32.384,2026-08-05T05:46:14.890573+00:00,left_gripper,2014,2014,0,36,0,0
32.384,2026-08-05T05:46:14.890573+00:00,right_shoulder_pan,2033,1997,-36,37,1,1092
32.384,2026-08-05T05:46:14.890573+00:00,right_shoulder_lift,2240,2248,8,36,1,28
32.384,2026-08-05T05:46:14.890573+00:00,right_elbow_flex,2097,2137,40,37,6,94
32.384,2026-08-05T05:46:14.890573+00:00,right_wrist_flex,1976,1984,8,34,0,30
32.384,2026-08-05T05:46:14.890573+00:00,right_wrist_roll,2114,2111,-3,34,0,1044
32.384,2026-08-05T05:46:14.890573+00:00,right_gripper,2457,2462,5,37,0,24
32.434,2026-08-05T05:46:14.940839+00:00,left_shoulder_pan,1857,1851,-6,37,1,1060
32.434,2026-08-05T05:46:14.940839+00:00,left_shoulder_lift,2389,2420,31,36,8,136
32.434,2026-08-05T05:46:14.940839+00:00,left_elbow_flex,1629,1635,6,34,1,36
32.434,2026-08-05T05:46:14.940839+00:00,left_wrist_flex,2169,2170,1,34,0,0
32.434,2026-08-05T05:46:14.940839+00:00,left_wrist_roll,1989,1987,-2,34,1,1044
32.434,2026-08-05T05:46:14.940839+00:00,left_gripper,2014,2014,0,37,0,0
32.434,2026-08-05T05:46:14.940839+00:00,right_shoulder_pan,2041,2004,-37,37,1,1088
32.434,2026-08-05T05:46:14.940839+00:00,right_shoulder_lift,2237,2248,11,36,0,36
32.434,2026-08-05T05:46:14.940839+00:00,right_elbow_flex,2097,2137,40,37,6,94
32.434,2026-08-05T05:46:14.940839+00:00,right_wrist_flex,1976,1984,8,34,0,30
32.434,2026-08-05T05:46:14.940839+00:00,right_wrist_roll,2114,2111,-3,34,0,1044
32.434,2026-08-05T05:46:14.940839+00:00,right_gripper,2457,2462,5,37,0,24
32.484,2026-08-05T05:46:14.990577+00:00,left_shoulder_pan,1857,1851,-6,37,1,1060
32.484,2026-08-05T05:46:14.990577+00:00,left_shoulder_lift,2389,2420,31,36,10,136
32.484,2026-08-05T05:46:14.990577+00:00,left_elbow_flex,1629,1635,6,34,1,36
32.484,2026-08-05T05:46:14.990577+00:00,left_wrist_flex,2169,2170,1,34,0,0
32.484,2026-08-05T05:46:14.990577+00:00,left_wrist_roll,1989,1987,-2,34,0,1044
32.484,2026-08-05T05:46:14.990577+00:00,left_gripper,2014,2014,0,36,0,0
32.484,2026-08-05T05:46:14.990577+00:00,right_shoulder_pan,2048,2012,-36,37,1,1092
32.484,2026-08-05T05:46:14.990577+00:00,right_shoulder_lift,2235,2248,13,36,1,42
32.484,2026-08-05T05:46:14.990577+00:00,right_elbow_flex,2097,2137,40,37,6,94
32.484,2026-08-05T05:46:14.990577+00:00,right_wrist_flex,1976,1984,8,34,1,30
32.484,2026-08-05T05:46:14.990577+00:00,right_wrist_roll,2114,2111,-3,34,0,1044
32.484,2026-08-05T05:46:14.990577+00:00,right_gripper,2457,2462,5,37,1,24
32.534,2026-08-05T05:46:15.040669+00:00,left_shoulder_pan,1857,1851,-6,37,1,1060
32.534,2026-08-05T05:46:15.040669+00:00,left_shoulder_lift,2389,2420,31,37,11,136
32.534,2026-08-05T05:46:15.040669+00:00,left_elbow_flex,1629,1635,6,34,1,36
32.534,2026-08-05T05:46:15.040669+00:00,left_wrist_flex,2169,2170,1,34,0,0
32.534,2026-08-05T05:46:15.040669+00:00,left_wrist_roll,1989,1987,-2,34,1,1044
32.534,2026-08-05T05:46:15.040669+00:00,left_gripper,2014,2014,0,36,0,0
32.534,2026-08-05T05:46:15.040669+00:00,right_shoulder_pan,2055,2020,-35,37,1,1086
32.534,2026-08-05T05:46:15.040669+00:00,right_shoulder_lift,2232,2248,16,36,1,42
32.534,2026-08-05T05:46:15.040669+00:00,right_elbow_flex,2097,2137,40,37,7,94
32.534,2026-08-05T05:46:15.040669+00:00,right_wrist_flex,1976,1984,8,34,0,30
32.534,2026-08-05T05:46:15.040669+00:00,right_wrist_roll,2114,2111,-3,34,1,1044
32.534,2026-08-05T05:46:15.040669+00:00,right_gripper,2457,2462,5,37,0,24
32.584,2026-08-05T05:46:15.090714+00:00,left_shoulder_pan,1857,1851,-6,37,1,1060
32.584,2026-08-05T05:46:15.090714+00:00,left_shoulder_lift,2389,2420,31,36,9,136
32.584,2026-08-05T05:46:15.090714+00:00,left_elbow_flex,1629,1635,6,34,1,36
32.584,2026-08-05T05:46:15.090714+00:00,left_wrist_flex,2169,2170,1,34,0,0
32.584,2026-08-05T05:46:15.090714+00:00,left_wrist_roll,1989,1987,-2,34,0,1044
32.584,2026-08-05T05:46:15.090714+00:00,left_gripper,2014,2014,0,37,0,0
32.584,2026-08-05T05:46:15.090714+00:00,right_shoulder_pan,2063,2028,-35,37,2,1090
32.584,2026-08-05T05:46:15.090714+00:00,right_shoulder_lift,2228,2248,20,36,1,52
32.584,2026-08-05T05:46:15.090714+00:00,right_elbow_flex,2097,2137,40,37,6,94
32.584,2026-08-05T05:46:15.090714+00:00,right_wrist_flex,1976,1984,8,34,0,30
32.584,2026-08-05T05:46:15.090714+00:00,right_wrist_roll,2114,2111,-3,34,1,1044
32.584,2026-08-05T05:46:15.090714+00:00,right_gripper,2457,2462,5,37,1,24
32.634,2026-08-05T05:46:15.140757+00:00,left_shoulder_pan,1857,1851,-6,37,1,1060
32.634,2026-08-05T05:46:15.140757+00:00,left_shoulder_lift,2389,2420,31,36,8,136
32.634,2026-08-05T05:46:15.140757+00:00,left_elbow_flex,1629,1635,6,34,1,36
32.634,2026-08-05T05:46:15.140757+00:00,left_wrist_flex,2169,2170,1,34,0,0
32.634,2026-08-05T05:46:15.140757+00:00,left_wrist_roll,1989,1987,-2,34,0,1044
32.634,2026-08-05T05:46:15.140757+00:00,left_gripper,2014,2014,0,37,0,0
32.634,2026-08-05T05:46:15.140757+00:00,right_shoulder_pan,2070,2035,-35,37,1,1086
32.634,2026-08-05T05:46:15.140757+00:00,right_shoulder_lift,2225,2248,23,36,2,60
32.634,2026-08-05T05:46:15.140757+00:00,right_elbow_flex,2097,2137,40,37,7,94
32.634,2026-08-05T05:46:15.140757+00:00,right_wrist_flex,1976,1984,8,34,0,30
32.634,2026-08-05T05:46:15.140757+00:00,right_wrist_roll,2114,2111,-3,34,0,1044
32.634,2026-08-05T05:46:15.140757+00:00,right_gripper,2457,2462,5,37,1,24
32.684,2026-08-05T05:46:15.190847+00:00,left_shoulder_pan,1857,1851,-6,37,1,1060
32.684,2026-08-05T05:46:15.190847+00:00,left_shoulder_lift,2389,2420,31,36,10,136
32.684,2026-08-05T05:46:15.190847+00:00,left_elbow_flex,1629,1635,6,34,1,36
32.684,2026-08-05T05:46:15.190847+00:00,left_wrist_flex,2169,2170,1,34,0,0
32.684,2026-08-05T05:46:15.190847+00:00,left_wrist_roll,1989,1987,-2,34,1,1044
32.684,2026-08-05T05:46:15.190847+00:00,left_gripper,2014,2014,0,36,0,0
32.684,2026-08-05T05:46:15.190847+00:00,right_shoulder_pan,2076,2043,-33,37,1,1088
32.684,2026-08-05T05:46:15.190847+00:00,right_shoulder_lift,2221,2248,27,36,3,66
32.684,2026-08-05T05:46:15.190847+00:00,right_elbow_flex,2097,2137,40,37,7,94
32.684,2026-08-05T05:46:15.190847+00:00,right_wrist_flex,1976,1984,8,34,1,30
32.684,2026-08-05T05:46:15.190847+00:00,right_wrist_roll,2114,2111,-3,34,0,1044
32.684,2026-08-05T05:46:15.190847+00:00,right_gripper,2457,2462,5,38,0,24
32.734,2026-08-05T05:46:15.241146+00:00,left_shoulder_pan,1857,1851,-6,37,1,1060
32.734,2026-08-05T05:46:15.241146+00:00,left_shoulder_lift,2389,2420,31,36,11,136
32.734,2026-08-05T05:46:15.241146+00:00,left_elbow_flex,1629,1635,6,34,1,36
32.734,2026-08-05T05:46:15.241146+00:00,left_wrist_flex,2169,2170,1,34,0,0
32.734,2026-08-05T05:46:15.241146+00:00,left_wrist_roll,1989,1987,-2,34,1,1044
32.734,2026-08-05T05:46:15.241146+00:00,left_gripper,2014,2014,0,36,0,0
32.734,2026-08-05T05:46:15.241146+00:00,right_shoulder_pan,2083,2050,-33,37,1,1084
32.734,2026-08-05T05:46:15.241146+00:00,right_shoulder_lift,2217,2248,31,36,3,74
32.734,2026-08-05T05:46:15.241146+00:00,right_elbow_flex,2097,2137,40,37,6,94
32.734,2026-08-05T05:46:15.241146+00:00,right_wrist_flex,1976,1984,8,34,0,30
32.734,2026-08-05T05:46:15.241146+00:00,right_wrist_roll,2114,2111,-3,34,0,1044
32.734,2026-08-05T05:46:15.241146+00:00,right_gripper,2457,2462,5,37,1,24
32.784,2026-08-05T05:46:15.291524+00:00,left_shoulder_pan,1857,1851,-6,37,1,1060
32.784,2026-08-05T05:46:15.291524+00:00,left_shoulder_lift,2389,2420,31,36,8,136
32.784,2026-08-05T05:46:15.291524+00:00,left_elbow_flex,1629,1635,6,34,0,36
32.784,2026-08-05T05:46:15.291524+00:00,left_wrist_flex,2169,2170,1,34,0,0
32.784,2026-08-05T05:46:15.291524+00:00,left_wrist_roll,1989,1987,-2,34,0,1044
32.784,2026-08-05T05:46:15.291524+00:00,left_gripper,2014,2014,0,36,0,0
32.784,2026-08-05T05:46:15.291524+00:00,right_shoulder_pan,2090,2057,-33,37,1,1086
32.784,2026-08-05T05:46:15.291524+00:00,right_shoulder_lift,2212,2248,36,36,3,86
32.784,2026-08-05T05:46:15.291524+00:00,right_elbow_flex,2097,2137,40,37,6,94
32.784,2026-08-05T05:46:15.291524+00:00,right_wrist_flex,1976,1984,8,34,1,30
32.784,2026-08-05T05:46:15.291524+00:00,right_wrist_roll,2114,2111,-3,34,0,1044
32.784,2026-08-05T05:46:15.291524+00:00,right_gripper,2457,2462,5,38,0,24
32.835,2026-08-05T05:46:15.341599+00:00,left_shoulder_pan,1857,1851,-6,37,1,1060
32.835,2026-08-05T05:46:15.341599+00:00,left_shoulder_lift,2389,2420,31,36,9,136
32.835,2026-08-05T05:46:15.341599+00:00,left_elbow_flex,1629,1635,6,34,0,36
32.835,2026-08-05T05:46:15.341599+00:00,left_wrist_flex,2169,2170,1,34,0,0
32.835,2026-08-05T05:46:15.341599+00:00,left_wrist_roll,1989,1987,-2,34,0,1044
32.835,2026-08-05T05:46:15.341599+00:00,left_gripper,2014,2014,0,36,0,0
32.835,2026-08-05T05:46:15.341599+00:00,right_shoulder_pan,2096,2064,-32,37,1,1086
32.835,2026-08-05T05:46:15.341599+00:00,right_shoulder_lift,2208,2248,40,36,4,96
32.835,2026-08-05T05:46:15.341599+00:00,right_elbow_flex,2097,2137,40,37,6,94
32.835,2026-08-05T05:46:15.341599+00:00,right_wrist_flex,1976,1984,8,35,1,30
32.835,2026-08-05T05:46:15.341599+00:00,right_wrist_roll,2114,2111,-3,34,0,1044
32.835,2026-08-05T05:46:15.341599+00:00,right_gripper,2457,2462,5,37,0,24
32.885,2026-08-05T05:46:15.391148+00:00,left_shoulder_pan,1857,1851,-6,37,1,1060
32.885,2026-08-05T05:46:15.391148+00:00,left_shoulder_lift,2389,2420,31,36,9,136
32.885,2026-08-05T05:46:15.391148+00:00,left_elbow_flex,1629,1635,6,34,1,36
32.885,2026-08-05T05:46:15.391148+00:00,left_wrist_flex,2169,2170,1,34,0,0
32.885,2026-08-05T05:46:15.391148+00:00,left_wrist_roll,1989,1987,-2,34,1,1044
32.885,2026-08-05T05:46:15.391148+00:00,left_gripper,2014,2014,0,36,0,0
32.885,2026-08-05T05:46:15.391148+00:00,right_shoulder_pan,2102,2071,-31,37,2,1090
32.885,2026-08-05T05:46:15.391148+00:00,right_shoulder_lift,2203,2248,45,36,5,104
32.885,2026-08-05T05:46:15.391148+00:00,right_elbow_flex,2097,2137,40,37,7,94
32.885,2026-08-05T05:46:15.391148+00:00,right_wrist_flex,1976,1984,8,34,0,30
32.885,2026-08-05T05:46:15.391148+00:00,right_wrist_roll,2114,2111,-3,34,1,1044
32.885,2026-08-05T05:46:15.391148+00:00,right_gripper,2457,2462,5,37,1,24
32.935,2026-08-05T05:46:15.441444+00:00,left_shoulder_pan,1857,1851,-6,37,0,1060
32.935,2026-08-05T05:46:15.441444+00:00,left_shoulder_lift,2389,2420,31,36,10,136
32.935,2026-08-05T05:46:15.441444+00:00,left_elbow_flex,1629,1635,6,34,1,36
32.935,2026-08-05T05:46:15.441444+00:00,left_wrist_flex,2169,2170,1,34,0,0
32.935,2026-08-05T05:46:15.441444+00:00,left_wrist_roll,1989,1987,-2,34,0,1044
32.935,2026-08-05T05:46:15.441444+00:00,left_gripper,2014,2014,0,37,0,0
32.935,2026-08-05T05:46:15.441444+00:00,right_shoulder_pan,2108,2077,-31,37,1,1084
32.935,2026-08-05T05:46:15.441444+00:00,right_shoulder_lift,2197,2248,51,36,6,114
32.935,2026-08-05T05:46:15.441444+00:00,right_elbow_flex,2097,2137,40,37,6,94
32.935,2026-08-05T05:46:15.441444+00:00,right_wrist_flex,1976,1984,8,34,1,30
32.935,2026-08-05T05:46:15.441444+00:00,right_wrist_roll,2114,2111,-3,34,1,1044
32.935,2026-08-05T05:46:15.441444+00:00,right_gripper,2457,2462,5,37,0,24
32.985,2026-08-05T05:46:15.491325+00:00,left_shoulder_pan,1857,1851,-6,37,1,1060
32.985,2026-08-05T05:46:15.491325+00:00,left_shoulder_lift,2389,2420,31,36,8,136
32.985,2026-08-05T05:46:15.491325+00:00,left_elbow_flex,1629,1635,6,34,1,36
32.985,2026-08-05T05:46:15.491325+00:00,left_wrist_flex,2169,2170,1,34,0,0
32.985,2026-08-05T05:46:15.491325+00:00,left_wrist_roll,1989,1987,-2,34,0,1044
32.985,2026-08-05T05:46:15.491325+00:00,left_gripper,2014,2014,0,36,0,0
32.985,2026-08-05T05:46:15.491325+00:00,right_shoulder_pan,2114,2083,-31,37,1,1090
32.985,2026-08-05T05:46:15.491325+00:00,right_shoulder_lift,2192,2248,56,36,7,128
32.985,2026-08-05T05:46:15.491325+00:00,right_elbow_flex,2097,2137,40,37,6,94
32.985,2026-08-05T05:46:15.491325+00:00,right_wrist_flex,1976,1984,8,35,0,30
32.985,2026-08-05T05:46:15.491325+00:00,right_wrist_roll,2114,2111,-3,34,0,1044
32.985,2026-08-05T05:46:15.491325+00:00,right_gripper,2457,2462,5,37,0,24
33.035,2026-08-05T05:46:15.541408+00:00,left_shoulder_pan,1857,1851,-6,37,1,1060
33.035,2026-08-05T05:46:15.541408+00:00,left_shoulder_lift,2389,2420,31,36,9,136
33.035,2026-08-05T05:46:15.541408+00:00,left_elbow_flex,1629,1635,6,34,2,36
33.035,2026-08-05T05:46:15.541408+00:00,left_wrist_flex,2169,2170,1,34,0,0
33.035,2026-08-05T05:46:15.541408+00:00,left_wrist_roll,1989,1987,-2,34,1,1044
33.035,2026-08-05T05:46:15.541408+00:00,left_gripper,2014,2014,0,37,0,0
33.035,2026-08-05T05:46:15.541408+00:00,right_shoulder_pan,2119,2090,-29,37,2,1086
33.035,2026-08-05T05:46:15.541408+00:00,right_shoulder_lift,2186,2248,62,36,9,136
33.035,2026-08-05T05:46:15.541408+00:00,right_elbow_flex,2097,2137,40,37,6,94
33.035,2026-08-05T05:46:15.541408+00:00,right_wrist_flex,1976,1984,8,34,0,30
33.035,2026-08-05T05:46:15.541408+00:00,right_wrist_roll,2114,2111,-3,34,0,1044
33.035,2026-08-05T05:46:15.541408+00:00,right_gripper,2457,2462,5,37,1,24
33.085,2026-08-05T05:46:15.591953+00:00,left_shoulder_pan,1857,1851,-6,37,1,1060
33.085,2026-08-05T05:46:15.591953+00:00,left_shoulder_lift,2389,2420,31,36,8,136
33.085,2026-08-05T05:46:15.591953+00:00,left_elbow_flex,1629,1635,6,34,1,36
33.085,2026-08-05T05:46:15.591953+00:00,left_wrist_flex,2169,2170,1,34,0,0
33.085,2026-08-05T05:46:15.591953+00:00,left_wrist_roll,1989,1987,-2,34,0,1044
33.085,2026-08-05T05:46:15.591953+00:00,left_gripper,2014,2014,0,36,0,0
33.085,2026-08-05T05:46:15.591953+00:00,right_shoulder_pan,2125,2095,-30,37,2,1088
33.085,2026-08-05T05:46:15.591953+00:00,right_shoulder_lift,2181,2248,67,36,9,150
33.085,2026-08-05T05:46:15.591953+00:00,right_elbow_flex,2097,2137,40,37,7,94
33.085,2026-08-05T05:46:15.591953+00:00,right_wrist_flex,1976,1984,8,34,0,30
33.085,2026-08-05T05:46:15.591953+00:00,right_wrist_roll,2114,2111,-3,34,0,1044
33.085,2026-08-05T05:46:15.591953+00:00,right_gripper,2457,2462,5,37,0,24
33.135,2026-08-05T05:46:15.641517+00:00,left_shoulder_pan,1857,1851,-6,37,1,1060
33.135,2026-08-05T05:46:15.641517+00:00,left_shoulder_lift,2389,2420,31,36,9,136
33.135,2026-08-05T05:46:15.641517+00:00,left_elbow_flex,1629,1635,6,34,1,36
33.135,2026-08-05T05:46:15.641517+00:00,left_wrist_flex,2169,2170,1,34,0,0
33.135,2026-08-05T05:46:15.641517+00:00,left_wrist_roll,1989,1987,-2,34,1,1044
33.135,2026-08-05T05:46:15.641517+00:00,left_gripper,2014,2014,0,37,0,0
33.135,2026-08-05T05:46:15.641517+00:00,right_shoulder_pan,2130,2101,-29,37,2,1084
33.135,2026-08-05T05:46:15.641517+00:00,right_shoulder_lift,2175,2248,73,36,10,158
33.135,2026-08-05T05:46:15.641517+00:00,right_elbow_flex,2097,2137,40,37,6,94
33.135,2026-08-05T05:46:15.641517+00:00,right_wrist_flex,1976,1984,8,34,1,30
33.135,2026-08-05T05:46:15.641517+00:00,right_wrist_roll,2114,2111,-3,34,1,1044
33.135,2026-08-05T05:46:15.641517+00:00,right_gripper,2457,2462,5,37,0,24
33.185,2026-08-05T05:46:15.692052+00:00,left_shoulder_pan,1857,1851,-6,37,1,1060
33.185,2026-08-05T05:46:15.692052+00:00,left_shoulder_lift,2389,2420,31,36,9,136
33.185,2026-08-05T05:46:15.692052+00:00,left_elbow_flex,1629,1635,6,34,1,36
33.185,2026-08-05T05:46:15.692052+00:00,left_wrist_flex,2169,2170,1,34,0,0
33.185,2026-08-05T05:46:15.692052+00:00,left_wrist_roll,1989,1987,-2,34,0,1044
33.185,2026-08-05T05:46:15.692052+00:00,left_gripper,2014,2014,0,37,0,0
33.185,2026-08-05T05:46:15.692052+00:00,right_shoulder_pan,2134,2107,-27,37,1,1082
33.185,2026-08-05T05:46:15.692052+00:00,right_shoulder_lift,2168,2248,80,36,16,172
33.185,2026-08-05T05:46:15.692052+00:00,right_elbow_flex,2097,2137,40,37,5,94
33.185,2026-08-05T05:46:15.692052+00:00,right_wrist_flex,1976,1984,8,35,1,30
33.185,2026-08-05T05:46:15.692052+00:00,right_wrist_roll,2114,2111,-3,34,0,1044
33.185,2026-08-05T05:46:15.692052+00:00,right_gripper,2457,2462,5,37,0,24
33.235,2026-08-05T05:46:15.741721+00:00,left_shoulder_pan,1857,1851,-6,37,1,1060
33.235,2026-08-05T05:46:15.741721+00:00,left_shoulder_lift,2389,2420,31,36,8,136
33.235,2026-08-05T05:46:15.741721+00:00,left_elbow_flex,1629,1635,6,34,1,36
33.235,2026-08-05T05:46:15.741721+00:00,left_wrist_flex,2169,2170,1,34,0,0
33.235,2026-08-05T05:46:15.741721+00:00,left_wrist_roll,1989,1987,-2,34,1,1044
33.235,2026-08-05T05:46:15.741721+00:00,left_gripper,2014,2014,0,37,0,0
33.235,2026-08-05T05:46:15.741721+00:00,right_shoulder_pan,2139,2113,-26,37,1,1080
33.235,2026-08-05T05:46:15.741721+00:00,right_shoulder_lift,2162,2248,86,36,14,186
33.235,2026-08-05T05:46:15.741721+00:00,right_elbow_flex,2097,2137,40,37,6,94
33.235,2026-08-05T05:46:15.741721+00:00,right_wrist_flex,1976,1984,8,34,1,30
33.235,2026-08-05T05:46:15.741721+00:00,right_wrist_roll,2114,2111,-3,34,1,1044
33.235,2026-08-05T05:46:15.741721+00:00,right_gripper,2457,2462,5,37,1,24
33.285,2026-08-05T05:46:15.792002+00:00,left_shoulder_pan,1857,1851,-6,37,1,1060
33.285,2026-08-05T05:46:15.792002+00:00,left_shoulder_lift,2389,2420,31,36,10,136
33.285,2026-08-05T05:46:15.792002+00:00,left_elbow_flex,1629,1635,6,34,0,36
33.285,2026-08-05T05:46:15.792002+00:00,left_wrist_flex,2169,2170,1,34,0,0
33.285,2026-08-05T05:46:15.792002+00:00,left_wrist_roll,1989,1987,-2,34,1,1044
33.285,2026-08-05T05:46:15.792002+00:00,left_gripper,2014,2014,0,37,0,0
33.285,2026-08-05T05:46:15.792002+00:00,right_shoulder_pan,2143,2118,-25,37,1,1080
33.285,2026-08-05T05:46:15.792002+00:00,right_shoulder_lift,2155,2248,93,36,16,190
33.285,2026-08-05T05:46:15.792002+00:00,right_elbow_flex,2097,2137,40,37,6,94
33.285,2026-08-05T05:46:15.792002+00:00,right_wrist_flex,1976,1984,8,34,1,30
33.285,2026-08-05T05:46:15.792002+00:00,right_wrist_roll,2114,2111,-3,34,1,1044
33.285,2026-08-05T05:46:15.792002+00:00,right_gripper,2457,2462,5,37,0,24
33.335,2026-08-05T05:46:15.841823+00:00,left_shoulder_pan,1857,1851,-6,37,1,1060
33.335,2026-08-05T05:46:15.841823+00:00,left_shoulder_lift,2389,2420,31,36,11,136
33.335,2026-08-05T05:46:15.841823+00:00,left_elbow_flex,1629,1635,6,34,1,36
33.335,2026-08-05T05:46:15.841823+00:00,left_wrist_flex,2169,2170,1,34,0,0
33.335,2026-08-05T05:46:15.841823+00:00,left_wrist_roll,1989,1987,-2,34,0,1044
33.335,2026-08-05T05:46:15.841823+00:00,left_gripper,2014,2014,0,36,0,0
33.335,2026-08-05T05:46:15.841823+00:00,right_shoulder_pan,2147,2123,-24,37,1,1072
33.335,2026-08-05T05:46:15.841823+00:00,right_shoulder_lift,2149,2248,99,36,25,212
33.335,2026-08-05T05:46:15.841823+00:00,right_elbow_flex,2097,2137,40,37,6,94
33.335,2026-08-05T05:46:15.841823+00:00,right_wrist_flex,1976,1984,8,34,0,30
33.335,2026-08-05T05:46:15.841823+00:00,right_wrist_roll,2114,2111,-3,34,0,1044
33.335,2026-08-05T05:46:15.841823+00:00,right_gripper,2457,2462,5,37,1,24
33.385,2026-08-05T05:46:15.892064+00:00,left_shoulder_pan,1857,1851,-6,37,1,1060
33.385,2026-08-05T05:46:15.892064+00:00,left_shoulder_lift,2389,2420,31,36,11,136
33.385,2026-08-05T05:46:15.892064+00:00,left_elbow_flex,1629,1635,6,34,1,36
33.385,2026-08-05T05:46:15.892064+00:00,left_wrist_flex,2169,2170,1,34,0,0
33.385,2026-08-05T05:46:15.892064+00:00,left_wrist_roll,1989,1987,-2,34,0,1044
33.385,2026-08-05T05:46:15.892064+00:00,left_gripper,2014,2014,0,36,0,0
33.385,2026-08-05T05:46:15.892064+00:00,right_shoulder_pan,2151,2128,-23,37,1,1072
33.385,2026-08-05T05:46:15.892064+00:00,right_shoulder_lift,2142,2248,106,36,36,216
33.385,2026-08-05T05:46:15.892064+00:00,right_elbow_flex,2097,2137,40,37,6,94
33.385,2026-08-05T05:46:15.892064+00:00,right_wrist_flex,1976,1984,8,34,1,30
33.385,2026-08-05T05:46:15.892064+00:00,right_wrist_roll,2114,2111,-3,34,0,1044
33.385,2026-08-05T05:46:15.892064+00:00,right_gripper,2457,2462,5,37,0,24
33.435,2026-08-05T05:46:15.942009+00:00,left_shoulder_pan,1857,1851,-6,37,1,1060
33.435,2026-08-05T05:46:15.942009+00:00,left_shoulder_lift,2389,2420,31,36,9,136
33.435,2026-08-05T05:46:15.942009+00:00,left_elbow_flex,1629,1635,6,34,1,36
33.435,2026-08-05T05:46:15.942009+00:00,left_wrist_flex,2169,2170,1,34,0,0
33.435,2026-08-05T05:46:15.942009+00:00,left_wrist_roll,1989,1987,-2,34,0,1044
33.435,2026-08-05T05:46:15.942009+00:00,left_gripper,2014,2014,0,36,0,0
33.435,2026-08-05T05:46:15.942009+00:00,right_shoulder_pan,2155,2132,-23,37,2,1080
33.435,2026-08-05T05:46:15.942009+00:00,right_shoulder_lift,2135,2248,113,36,38,238
33.435,2026-08-05T05:46:15.942009+00:00,right_elbow_flex,2097,2137,40,37,6,94
33.435,2026-08-05T05:46:15.942009+00:00,right_wrist_flex,1976,1984,8,34,1,30
33.435,2026-08-05T05:46:15.942009+00:00,right_wrist_roll,2114,2111,-3,34,0,1044
33.435,2026-08-05T05:46:15.942009+00:00,right_gripper,2457,2462,5,37,0,24
33.486,2026-08-05T05:46:15.992066+00:00,left_shoulder_pan,1857,1851,-6,37,1,1060
33.486,2026-08-05T05:46:15.992066+00:00,left_shoulder_lift,2389,2420,31,36,9,136
33.486,2026-08-05T05:46:15.992066+00:00,left_elbow_flex,1629,1635,6,34,1,36
33.486,2026-08-05T05:46:15.992066+00:00,left_wrist_flex,2169,2170,1,34,0,0
33.486,2026-08-05T05:46:15.992066+00:00,left_wrist_roll,1989,1987,-2,34,1,1044
33.486,2026-08-05T05:46:15.992066+00:00,left_gripper,2014,2014,0,36,0,0
33.486,2026-08-05T05:46:15.992066+00:00,right_shoulder_pan,2158,2136,-22,37,2,1076
33.486,2026-08-05T05:46:15.992066+00:00,right_shoulder_lift,2128,2248,120,36,36,248
33.486,2026-08-05T05:46:15.992066+00:00,right_elbow_flex,2097,2137,40,37,6,94
33.486,2026-08-05T05:46:15.992066+00:00,right_wrist_flex,1976,1984,8,34,1,30
33.486,2026-08-05T05:46:15.992066+00:00,right_wrist_roll,2114,2111,-3,34,0,1044
33.486,2026-08-05T05:46:15.992066+00:00,right_gripper,2457,2462,5,37,1,24
33.536,2026-08-05T05:46:16.042726+00:00,left_shoulder_pan,1857,1851,-6,37,1,1060
33.536,2026-08-05T05:46:16.042726+00:00,left_shoulder_lift,2389,2420,31,36,8,136
33.536,2026-08-05T05:46:16.042726+00:00,left_elbow_flex,1629,1635,6,34,0,36
33.536,2026-08-05T05:46:16.042726+00:00,left_wrist_flex,2169,2170,1,34,0,0
33.536,2026-08-05T05:46:16.042726+00:00,left_wrist_roll,1989,1987,-2,34,1,1044
33.536,2026-08-05T05:46:16.042726+00:00,left_gripper,2014,2014,0,37,0,0
33.536,2026-08-05T05:46:16.042726+00:00,right_shoulder_pan,2161,2140,-21,37,0,1070
33.536,2026-08-05T05:46:16.042726+00:00,right_shoulder_lift,2120,2248,128,36,39,266
33.536,2026-08-05T05:46:16.042726+00:00,right_elbow_flex,2097,2137,40,37,6,94
33.536,2026-08-05T05:46:16.042726+00:00,right_wrist_flex,1976,1984,8,34,0,30
33.536,2026-08-05T05:46:16.042726+00:00,right_wrist_roll,2114,2111,-3,34,1,1044
33.536,2026-08-05T05:46:16.042726+00:00,right_gripper,2457,2462,5,37,0,24
33.586,2026-08-05T05:46:16.092256+00:00,left_shoulder_pan,1857,1851,-6,37,1,1060
33.586,2026-08-05T05:46:16.092256+00:00,left_shoulder_lift,2389,2420,31,37,8,136
33.586,2026-08-05T05:46:16.092256+00:00,left_elbow_flex,1629,1635,6,34,1,36
33.586,2026-08-05T05:46:16.092256+00:00,left_wrist_flex,2169,2170,1,34,0,0
33.586,2026-08-05T05:46:16.092256+00:00,left_wrist_roll,1989,1987,-2,34,1,1044
33.586,2026-08-05T05:46:16.092256+00:00,left_gripper,2014,2014,0,36,0,0
33.586,2026-08-05T05:46:16.092256+00:00,right_shoulder_pan,2164,2143,-21,37,1,1074
33.586,2026-08-05T05:46:16.092256+00:00,right_shoulder_lift,2113,2248,135,36,40,282
33.586,2026-08-05T05:46:16.092256+00:00,right_elbow_flex,2097,2137,40,37,6,94
33.586,2026-08-05T05:46:16.092256+00:00,right_wrist_flex,1976,1984,8,34,0,30
33.586,2026-08-05T05:46:16.092256+00:00,right_wrist_roll,2114,2111,-3,34,0,1044
33.586,2026-08-05T05:46:16.092256+00:00,right_gripper,2457,2462,5,37,1,24
33.636,2026-08-05T05:46:16.142365+00:00,left_shoulder_pan,1857,1851,-6,37,1,1060
33.636,2026-08-05T05:46:16.142365+00:00,left_shoulder_lift,2389,2420,31,36,8,136
33.636,2026-08-05T05:46:16.142365+00:00,left_elbow_flex,1629,1635,6,34,1,36
33.636,2026-08-05T05:46:16.142365+00:00,left_wrist_flex,2169,2170,1,34,0,0
33.636,2026-08-05T05:46:16.142365+00:00,left_wrist_roll,1989,1987,-2,34,0,1044
33.636,2026-08-05T05:46:16.142365+00:00,left_gripper,2014,2014,0,36,1,0
33.636,2026-08-05T05:46:16.142365+00:00,right_shoulder_pan,2166,2147,-19,37,1,1072
33.636,2026-08-05T05:46:16.142365+00:00,right_shoulder_lift,2105,2248,143,36,39,296
33.636,2026-08-05T05:46:16.142365+00:00,right_elbow_flex,2097,2137,40,37,6,94
33.636,2026-08-05T05:46:16.142365+00:00,right_wrist_flex,1976,1984,8,34,0,30
33.636,2026-08-05T05:46:16.142365+00:00,right_wrist_roll,2114,2111,-3,34,0,1044
33.636,2026-08-05T05:46:16.142365+00:00,right_gripper,2457,2462,5,37,0,24
33.686,2026-08-05T05:46:16.194430+00:00,left_shoulder_pan,1857,1851,-6,37,1,1060
33.686,2026-08-05T05:46:16.194430+00:00,left_shoulder_lift,2389,2420,31,36,9,136
33.686,2026-08-05T05:46:16.194430+00:00,left_elbow_flex,1629,1635,6,34,1,36
33.686,2026-08-05T05:46:16.194430+00:00,left_wrist_flex,2169,2170,1,34,0,0
33.686,2026-08-05T05:46:16.194430+00:00,left_wrist_roll,1989,1987,-2,34,1,1044
33.686,2026-08-05T05:46:16.194430+00:00,left_gripper,2014,2014,0,36,0,0
33.686,2026-08-05T05:46:16.194430+00:00,right_shoulder_pan,2168,2149,-19,37,1,1062
33.686,2026-08-05T05:46:16.194430+00:00,right_shoulder_lift,2098,2248,150,36,46,312
33.686,2026-08-05T05:46:16.194430+00:00,right_elbow_flex,2097,2137,40,37,6,94
33.686,2026-08-05T05:46:16.194430+00:00,right_wrist_flex,1976,1984,8,34,0,30
33.686,2026-08-05T05:46:16.194430+00:00,right_wrist_roll,2114,2111,-3,34,1,1044
33.686,2026-08-05T05:46:16.194430+00:00,right_gripper,2457,2462,5,37,1,24
33.736,2026-08-05T05:46:16.242763+00:00,left_shoulder_pan,1857,1851,-6,37,1,1060
33.736,2026-08-05T05:46:16.242763+00:00,left_shoulder_lift,2389,2420,31,36,9,136
33.736,2026-08-05T05:46:16.242763+00:00,left_elbow_flex,1629,1635,6,34,1,36
33.736,2026-08-05T05:46:16.242763+00:00,left_wrist_flex,2169,2170,1,34,0,0
33.736,2026-08-05T05:46:16.242763+00:00,left_wrist_roll,1989,1987,-2,34,0,1044
33.736,2026-08-05T05:46:16.242763+00:00,left_gripper,2014,2014,0,36,0,0
33.736,2026-08-05T05:46:16.242763+00:00,right_shoulder_pan,2170,2152,-18,37,2,1070
33.736,2026-08-05T05:46:16.242763+00:00,right_shoulder_lift,2090,2248,158,36,43,326
33.736,2026-08-05T05:46:16.242763+00:00,right_elbow_flex,2097,2137,40,37,7,94
33.736,2026-08-05T05:46:16.242763+00:00,right_wrist_flex,1976,1984,8,34,1,30
33.736,2026-08-05T05:46:16.242763+00:00,right_wrist_roll,2114,2111,-3,34,0,1044
33.736,2026-08-05T05:46:16.242763+00:00,right_gripper,2457,2462,5,37,0,24
33.786,2026-08-05T05:46:16.292807+00:00,left_shoulder_pan,1857,1851,-6,37,1,1060
33.786,2026-08-05T05:46:16.292807+00:00,left_shoulder_lift,2389,2420,31,36,8,136
33.786,2026-08-05T05:46:16.292807+00:00,left_elbow_flex,1629,1635,6,34,1,36
33.786,2026-08-05T05:46:16.292807+00:00,left_wrist_flex,2169,2170,1,34,0,0
33.786,2026-08-05T05:46:16.292807+00:00,left_wrist_roll,1989,1987,-2,34,0,1044
33.786,2026-08-05T05:46:16.292807+00:00,left_gripper,2014,2014,0,36,0,0
33.786,2026-08-05T05:46:16.292807+00:00,right_shoulder_pan,2171,2154,-17,37,0,1064
33.786,2026-08-05T05:46:16.292807+00:00,right_shoulder_lift,2082,2248,166,36,57,342
33.786,2026-08-05T05:46:16.292807+00:00,right_elbow_flex,2097,2137,40,37,6,94
33.786,2026-08-05T05:46:16.292807+00:00,right_wrist_flex,1976,1984,8,34,0,30
33.786,2026-08-05T05:46:16.292807+00:00,right_wrist_roll,2114,2111,-3,34,0,1044
33.786,2026-08-05T05:46:16.292807+00:00,right_gripper,2457,2462,5,37,1,24
33.836,2026-08-05T05:46:16.342938+00:00,left_shoulder_pan,1857,1851,-6,37,1,1060
33.836,2026-08-05T05:46:16.342938+00:00,left_shoulder_lift,2389,2420,31,36,9,136
33.836,2026-08-05T05:46:16.342938+00:00,left_elbow_flex,1629,1635,6,34,1,36
33.836,2026-08-05T05:46:16.342938+00:00,left_wrist_flex,2169,2170,1,34,0,0
33.836,2026-08-05T05:46:16.342938+00:00,left_wrist_roll,1989,1987,-2,34,1,1044
33.836,2026-08-05T05:46:16.342938+00:00,left_gripper,2014,2014,0,36,0,0
33.836,2026-08-05T05:46:16.342938+00:00,right_shoulder_pan,2172,2155,-17,37,1,1070
33.836,2026-08-05T05:46:16.342938+00:00,right_shoulder_lift,2075,2248,173,36,58,358
33.836,2026-08-05T05:46:16.342938+00:00,right_elbow_flex,2097,2137,40,37,7,94
33.836,2026-08-05T05:46:16.342938+00:00,right_wrist_flex,1976,1984,8,34,0,30
33.836,2026-08-05T05:46:16.342938+00:00,right_wrist_roll,2114,2111,-3,34,0,1044
33.836,2026-08-05T05:46:16.342938+00:00,right_gripper,2457,2462,5,37,1,24
33.886,2026-08-05T05:46:16.392755+00:00,left_shoulder_pan,1857,1851,-6,37,1,1060
33.886,2026-08-05T05:46:16.392755+00:00,left_shoulder_lift,2389,2420,31,36,8,136
33.886,2026-08-05T05:46:16.392755+00:00,left_elbow_flex,1629,1635,6,34,1,36
33.886,2026-08-05T05:46:16.392755+00:00,left_wrist_flex,2169,2170,1,34,0,0
33.886,2026-08-05T05:46:16.392755+00:00,left_wrist_roll,1989,1987,-2,34,1,1044
33.886,2026-08-05T05:46:16.392755+00:00,left_gripper,2014,2014,0,36,0,0
33.886,2026-08-05T05:46:16.392755+00:00,right_shoulder_pan,2173,2156,-17,37,1,1070
33.886,2026-08-05T05:46:16.392755+00:00,right_shoulder_lift,2067,2248,181,36,64,368
33.886,2026-08-05T05:46:16.392755+00:00,right_elbow_flex,2097,2137,40,37,5,94
33.886,2026-08-05T05:46:16.392755+00:00,right_wrist_flex,1976,1984,8,34,1,30
33.886,2026-08-05T05:46:16.392755+00:00,right_wrist_roll,2114,2111,-3,34,0,1044
33.886,2026-08-05T05:46:16.392755+00:00,right_gripper,2457,2462,5,37,1,24
33.936,2026-08-05T05:46:16.442785+00:00,left_shoulder_pan,1857,1851,-6,37,1,1060
33.936,2026-08-05T05:46:16.442785+00:00,left_shoulder_lift,2389,2420,31,36,8,136
33.936,2026-08-05T05:46:16.442785+00:00,left_elbow_flex,1629,1635,6,34,1,36
33.936,2026-08-05T05:46:16.442785+00:00,left_wrist_flex,2169,2170,1,34,0,0
33.936,2026-08-05T05:46:16.442785+00:00,left_wrist_roll,1989,1987,-2,34,1,1044
33.936,2026-08-05T05:46:16.442785+00:00,left_gripper,2014,2014,0,36,0,0
33.936,2026-08-05T05:46:16.442785+00:00,right_shoulder_pan,2174,2158,-16,37,1,1068
33.936,2026-08-05T05:46:16.442785+00:00,right_shoulder_lift,2059,2248,189,36,61,388
33.936,2026-08-05T05:46:16.442785+00:00,right_elbow_flex,2097,2137,40,36,6,94
33.936,2026-08-05T05:46:16.442785+00:00,right_wrist_flex,1976,1984,8,34,0,30
33.936,2026-08-05T05:46:16.442785+00:00,right_wrist_roll,2114,2111,-3,34,1,1044
33.936,2026-08-05T05:46:16.442785+00:00,right_gripper,2457,2462,5,37,0,24
33.986,2026-08-05T05:46:16.493092+00:00,left_shoulder_pan,1857,1851,-6,37,1,1060
33.986,2026-08-05T05:46:16.493092+00:00,left_shoulder_lift,2389,2420,31,36,8,136
33.986,2026-08-05T05:46:16.493092+00:00,left_elbow_flex,1629,1635,6,34,1,36
33.986,2026-08-05T05:46:16.493092+00:00,left_wrist_flex,2169,2170,1,34,0,0
33.986,2026-08-05T05:46:16.493092+00:00,left_wrist_roll,1989,1987,-2,34,0,1044
33.986,2026-08-05T05:46:16.493092+00:00,left_gripper,2014,2014,0,36,0,0
33.986,2026-08-05T05:46:16.493092+00:00,right_shoulder_pan,2174,2158,-16,37,2,1070
33.986,2026-08-05T05:46:16.493092+00:00,right_shoulder_lift,2051,2248,197,36,76,400
33.986,2026-08-05T05:46:16.493092+00:00,right_elbow_flex,2097,2137,40,37,6,94
33.986,2026-08-05T05:46:16.493092+00:00,right_wrist_flex,1976,1984,8,34,0,30
33.986,2026-08-05T05:46:16.493092+00:00,right_wrist_roll,2114,2111,-3,34,0,1044
33.986,2026-08-05T05:46:16.493092+00:00,right_gripper,2457,2462,5,37,0,24
34.036,2026-08-05T05:46:16.543115+00:00,left_shoulder_pan,1857,1851,-6,37,1,1060
34.036,2026-08-05T05:46:16.543115+00:00,left_shoulder_lift,2389,2420,31,36,11,136
34.036,2026-08-05T05:46:16.543115+00:00,left_elbow_flex,1629,1635,6,34,1,36
34.036,2026-08-05T05:46:16.543115+00:00,left_wrist_flex,2169,2170,1,34,0,0
34.036,2026-08-05T05:46:16.543115+00:00,left_wrist_roll,1989,1987,-2,34,0,1044
34.036,2026-08-05T05:46:16.543115+00:00,left_gripper,2014,2014,0,36,0,0
34.036,2026-08-05T05:46:16.543115+00:00,right_shoulder_pan,2174,2158,-16,37,1,1070
34.036,2026-08-05T05:46:16.543115+00:00,right_shoulder_lift,2043,2248,205,36,78,420
34.036,2026-08-05T05:46:16.543115+00:00,right_elbow_flex,2097,2137,40,37,6,94
34.036,2026-08-05T05:46:16.543115+00:00,right_wrist_flex,1976,1984,8,35,0,30
34.036,2026-08-05T05:46:16.543115+00:00,right_wrist_roll,2114,2111,-3,34,0,1044
34.036,2026-08-05T05:46:16.543115+00:00,right_gripper,2457,2462,5,37,0,24
34.086,2026-08-05T05:46:16.593023+00:00,left_shoulder_pan,1857,1851,-6,37,1,1060
34.086,2026-08-05T05:46:16.593023+00:00,left_shoulder_lift,2389,2420,31,36,10,136
34.086,2026-08-05T05:46:16.593023+00:00,left_elbow_flex,1629,1635,6,34,0,36
34.086,2026-08-05T05:46:16.593023+00:00,left_wrist_flex,2169,2170,1,34,0,0
34.086,2026-08-05T05:46:16.593023+00:00,left_wrist_roll,1989,1987,-2,34,0,1044
34.086,2026-08-05T05:46:16.593023+00:00,left_gripper,2014,2014,0,37,0,0
34.086,2026-08-05T05:46:16.593023+00:00,right_shoulder_pan,2174,2159,-15,37,1,1068
34.086,2026-08-05T05:46:16.593023+00:00,right_shoulder_lift,2035,2248,213,36,76,432
34.086,2026-08-05T05:46:16.593023+00:00,right_elbow_flex,2097,2137,40,37,6,94
34.086,2026-08-05T05:46:16.593023+00:00,right_wrist_flex,1976,1984,8,34,0,30
34.086,2026-08-05T05:46:16.593023+00:00,right_wrist_roll,2114,2111,-3,34,0,1044
34.086,2026-08-05T05:46:16.593023+00:00,right_gripper,2457,2462,5,38,1,24
34.137,2026-08-05T05:46:16.643084+00:00,left_shoulder_pan,1857,1851,-6,37,2,1060
34.137,2026-08-05T05:46:16.643084+00:00,left_shoulder_lift,2389,2420,31,36,8,136
34.137,2026-08-05T05:46:16.643084+00:00,left_elbow_flex,1629,1635,6,34,1,36
34.137,2026-08-05T05:46:16.643084+00:00,left_wrist_flex,2169,2170,1,34,0,0
34.137,2026-08-05T05:46:16.643084+00:00,left_wrist_roll,1989,1987,-2,34,0,1044
34.137,2026-08-05T05:46:16.643084+00:00,left_gripper,2014,2014,0,36,0,0
34.137,2026-08-05T05:46:16.643084+00:00,right_shoulder_pan,2173,2159,-14,37,1,1066
34.137,2026-08-05T05:46:16.643084+00:00,right_shoulder_lift,2028,2248,220,36,95,450
34.137,2026-08-05T05:46:16.643084+00:00,right_elbow_flex,2097,2137,40,37,7,94
34.137,2026-08-05T05:46:16.643084+00:00,right_wrist_flex,1976,1984,8,34,1,30
34.137,2026-08-05T05:46:16.643084+00:00,right_wrist_roll,2114,2111,-3,34,0,1044
34.137,2026-08-05T05:46:16.643084+00:00,right_gripper,2457,2462,5,37,1,24
34.187,2026-08-05T05:46:16.693808+00:00,left_shoulder_pan,1857,1851,-6,37,1,1060
34.187,2026-08-05T05:46:16.693808+00:00,left_shoulder_lift,2389,2420,31,36,9,136
34.187,2026-08-05T05:46:16.693808+00:00,left_elbow_flex,1629,1635,6,34,1,36
34.187,2026-08-05T05:46:16.693808+00:00,left_wrist_flex,2169,2170,1,34,0,0
34.187,2026-08-05T05:46:16.693808+00:00,left_wrist_roll,1989,1987,-2,34,1,1044
34.187,2026-08-05T05:46:16.693808+00:00,left_gripper,2014,2014,0,36,0,0
34.187,2026-08-05T05:46:16.693808+00:00,right_shoulder_pan,2172,2159,-13,37,1,1064
34.187,2026-08-05T05:46:16.693808+00:00,right_shoulder_lift,2020,2248,228,36,91,450
34.187,2026-08-05T05:46:16.693808+00:00,right_elbow_flex,2097,2137,40,37,6,94
34.187,2026-08-05T05:46:16.693808+00:00,right_wrist_flex,1976,1984,8,35,1,30
34.187,2026-08-05T05:46:16.693808+00:00,right_wrist_roll,2114,2111,-3,34,0,1044
34.187,2026-08-05T05:46:16.693808+00:00,right_gripper,2457,2462,5,37,0,24
34.237,2026-08-05T05:46:16.743404+00:00,left_shoulder_pan,1857,1851,-6,37,1,1060
34.237,2026-08-05T05:46:16.743404+00:00,left_shoulder_lift,2389,2420,31,36,8,136
34.237,2026-08-05T05:46:16.743404+00:00,left_elbow_flex,1629,1635,6,34,1,36
34.237,2026-08-05T05:46:16.743404+00:00,left_wrist_flex,2169,2170,1,34,0,0
34.237,2026-08-05T05:46:16.743404+00:00,left_wrist_roll,1989,1987,-2,34,1,1044
34.237,2026-08-05T05:46:16.743404+00:00,left_gripper,2014,2014,0,36,0,0
34.237,2026-08-05T05:46:16.743404+00:00,right_shoulder_pan,2171,2159,-12,37,1,1062
34.237,2026-08-05T05:46:16.743404+00:00,right_shoulder_lift,2012,2248,236,36,88,450
34.237,2026-08-05T05:46:16.743404+00:00,right_elbow_flex,2097,2137,40,37,7,94
34.237,2026-08-05T05:46:16.743404+00:00,right_wrist_flex,1976,1984,8,35,1,30
34.237,2026-08-05T05:46:16.743404+00:00,right_wrist_roll,2114,2111,-3,34,0,1044
34.237,2026-08-05T05:46:16.743404+00:00,right_gripper,2457,2462,5,37,1,24
34.287,2026-08-05T05:46:16.793402+00:00,left_shoulder_pan,1857,1851,-6,37,1,1060
34.287,2026-08-05T05:46:16.793402+00:00,left_shoulder_lift,2389,2420,31,36,8,136
34.287,2026-08-05T05:46:16.793402+00:00,left_elbow_flex,1629,1635,6,34,1,36
34.287,2026-08-05T05:46:16.793402+00:00,left_wrist_flex,2169,2170,1,34,0,0
34.287,2026-08-05T05:46:16.793402+00:00,left_wrist_roll,1989,1987,-2,34,0,1044
34.287,2026-08-05T05:46:16.793402+00:00,left_gripper,2014,2014,0,36,0,0
34.287,2026-08-05T05:46:16.793402+00:00,right_shoulder_pan,2169,2159,-10,37,1,1060
34.287,2026-08-05T05:46:16.793402+00:00,right_shoulder_lift,2004,2248,244,36,94,450
34.287,2026-08-05T05:46:16.793402+00:00,right_elbow_flex,2097,2137,40,37,6,94
34.287,2026-08-05T05:46:16.793402+00:00,right_wrist_flex,1976,1984,8,34,0,30
34.287,2026-08-05T05:46:16.793402+00:00,right_wrist_roll,2114,2111,-3,34,0,1044
34.287,2026-08-05T05:46:16.793402+00:00,right_gripper,2457,2462,5,38,0,24
34.337,2026-08-05T05:46:16.843671+00:00,left_shoulder_pan,1857,1851,-6,37,1,1060
34.337,2026-08-05T05:46:16.843671+00:00,left_shoulder_lift,2389,2420,31,36,10,136
34.337,2026-08-05T05:46:16.843671+00:00,left_elbow_flex,1629,1635,6,34,1,36
34.337,2026-08-05T05:46:16.843671+00:00,left_wrist_flex,2169,2170,1,34,0,0
34.337,2026-08-05T05:46:16.843671+00:00,left_wrist_roll,1989,1987,-2,34,0,1044
34.337,2026-08-05T05:46:16.843671+00:00,left_gripper,2014,2014,0,36,0,0
34.337,2026-08-05T05:46:16.843671+00:00,right_shoulder_pan,2167,2159,-8,37,1,1056
34.337,2026-08-05T05:46:16.843671+00:00,right_shoulder_lift,1997,2248,251,36,87,450
34.337,2026-08-05T05:46:16.843671+00:00,right_elbow_flex,2097,2137,40,37,6,94
34.337,2026-08-05T05:46:16.843671+00:00,right_wrist_flex,1976,1984,8,34,1,30
34.337,2026-08-05T05:46:16.843671+00:00,right_wrist_roll,2114,2111,-3,34,0,1044
34.337,2026-08-05T05:46:16.843671+00:00,right_gripper,2457,2462,5,37,0,24
34.387,2026-08-05T05:46:16.893653+00:00,left_shoulder_pan,1857,1851,-6,37,1,1060
34.387,2026-08-05T05:46:16.893653+00:00,left_shoulder_lift,2389,2420,31,36,10,136
34.387,2026-08-05T05:46:16.893653+00:00,left_elbow_flex,1629,1635,6,34,1,36
34.387,2026-08-05T05:46:16.893653+00:00,left_wrist_flex,2169,2170,1,34,0,0
34.387,2026-08-05T05:46:16.893653+00:00,left_wrist_roll,1989,1987,-2,34,0,1044
34.387,2026-08-05T05:46:16.893653+00:00,left_gripper,2014,2014,0,36,0,0
34.387,2026-08-05T05:46:16.893653+00:00,right_shoulder_pan,2165,2159,-6,37,1,1052
34.387,2026-08-05T05:46:16.893653+00:00,right_shoulder_lift,1989,2248,259,36,92,450
34.387,2026-08-05T05:46:16.893653+00:00,right_elbow_flex,2097,2137,40,37,6,94
34.387,2026-08-05T05:46:16.893653+00:00,right_wrist_flex,1976,1984,8,34,1,30
34.387,2026-08-05T05:46:16.893653+00:00,right_wrist_roll,2114,2111,-3,34,0,1044
34.387,2026-08-05T05:46:16.893653+00:00,right_gripper,2457,2462,5,37,1,24
34.437,2026-08-05T05:46:16.943665+00:00,left_shoulder_pan,1857,1851,-6,37,1,1060
34.437,2026-08-05T05:46:16.943665+00:00,left_shoulder_lift,2389,2420,31,36,11,136
34.437,2026-08-05T05:46:16.943665+00:00,left_elbow_flex,1629,1635,6,34,1,36
34.437,2026-08-05T05:46:16.943665+00:00,left_wrist_flex,2169,2170,1,34,0,0
34.437,2026-08-05T05:46:16.943665+00:00,left_wrist_roll,1989,1987,-2,34,0,1044
34.437,2026-08-05T05:46:16.943665+00:00,left_gripper,2014,2014,0,36,0,0
34.437,2026-08-05T05:46:16.943665+00:00,right_shoulder_pan,2162,2159,-3,37,1,1048
34.437,2026-08-05T05:46:16.943665+00:00,right_shoulder_lift,1982,2248,266,36,93,450
34.437,2026-08-05T05:46:16.943665+00:00,right_elbow_flex,2097,2137,40,37,6,94
34.437,2026-08-05T05:46:16.943665+00:00,right_wrist_flex,1976,1984,8,34,1,30
34.437,2026-08-05T05:46:16.943665+00:00,right_wrist_roll,2114,2111,-3,34,0,1044
34.437,2026-08-05T05:46:16.943665+00:00,right_gripper,2457,2462,5,37,0,24
34.487,2026-08-05T05:46:16.993794+00:00,left_shoulder_pan,1857,1851,-6,37,1,1060
34.487,2026-08-05T05:46:16.993794+00:00,left_shoulder_lift,2389,2420,31,36,10,136
34.487,2026-08-05T05:46:16.993794+00:00,left_elbow_flex,1629,1635,6,34,0,36
34.487,2026-08-05T05:46:16.993794+00:00,left_wrist_flex,2169,2170,1,34,0,0
34.487,2026-08-05T05:46:16.993794+00:00,left_wrist_roll,1989,1987,-2,34,0,1044
34.487,2026-08-05T05:46:16.993794+00:00,left_gripper,2014,2014,0,36,0,0
34.487,2026-08-05T05:46:16.993794+00:00,right_shoulder_pan,2160,2159,-1,37,0,1042
34.487,2026-08-05T05:46:16.993794+00:00,right_shoulder_lift,1974,2248,274,36,82,450
34.487,2026-08-05T05:46:16.993794+00:00,right_elbow_flex,2097,2137,40,37,6,94
34.487,2026-08-05T05:46:16.993794+00:00,right_wrist_flex,1976,1984,8,34,0,30
34.487,2026-08-05T05:46:16.993794+00:00,right_wrist_roll,2114,2111,-3,34,0,1044
34.487,2026-08-05T05:46:16.993794+00:00,right_gripper,2457,2462,5,37,0,24
34.537,2026-08-05T05:46:17.043804+00:00,left_shoulder_pan,1857,1851,-6,37,1,1060
34.537,2026-08-05T05:46:17.043804+00:00,left_shoulder_lift,2389,2420,31,36,8,136
34.537,2026-08-05T05:46:17.043804+00:00,left_elbow_flex,1629,1635,6,34,1,36
34.537,2026-08-05T05:46:17.043804+00:00,left_wrist_flex,2169,2170,1,34,0,0
34.537,2026-08-05T05:46:17.043804+00:00,left_wrist_roll,1989,1987,-2,34,0,1044
34.537,2026-08-05T05:46:17.043804+00:00,left_gripper,2014,2014,0,36,0,0
34.537,2026-08-05T05:46:17.043804+00:00,right_shoulder_pan,2156,2159,3,37,0,0
34.537,2026-08-05T05:46:17.043804+00:00,right_shoulder_lift,1967,2248,281,36,89,450
34.537,2026-08-05T05:46:17.043804+00:00,right_elbow_flex,2097,2137,40,37,6,94
34.537,2026-08-05T05:46:17.043804+00:00,right_wrist_flex,1976,1984,8,34,0,30
34.537,2026-08-05T05:46:17.043804+00:00,right_wrist_roll,2114,2111,-3,34,0,1044
34.537,2026-08-05T05:46:17.043804+00:00,right_gripper,2457,2462,5,38,1,24
34.587,2026-08-05T05:46:17.093850+00:00,left_shoulder_pan,1857,1851,-6,37,1,1060
34.587,2026-08-05T05:46:17.093850+00:00,left_shoulder_lift,2389,2420,31,36,8,136
34.587,2026-08-05T05:46:17.093850+00:00,left_elbow_flex,1629,1635,6,34,1,36
34.587,2026-08-05T05:46:17.093850+00:00,left_wrist_flex,2169,2170,1,34,0,0
34.587,2026-08-05T05:46:17.093850+00:00,left_wrist_roll,1989,1987,-2,34,0,1044
34.587,2026-08-05T05:46:17.093850+00:00,left_gripper,2014,2014,0,36,0,0
34.587,2026-08-05T05:46:17.093850+00:00,right_shoulder_pan,2153,2159,6,37,1,26
34.587,2026-08-05T05:46:17.093850+00:00,right_shoulder_lift,1960,2248,288,36,92,450
34.587,2026-08-05T05:46:17.093850+00:00,right_elbow_flex,2097,2137,40,37,8,94
34.587,2026-08-05T05:46:17.093850+00:00,right_wrist_flex,1976,1984,8,35,1,30
34.587,2026-08-05T05:46:17.093850+00:00,right_wrist_roll,2114,2111,-3,34,0,1044
34.587,2026-08-05T05:46:17.093850+00:00,right_gripper,2457,2462,5,37,0,24
34.637,2026-08-05T05:46:17.143949+00:00,left_shoulder_pan,1857,1851,-6,37,1,1060
34.637,2026-08-05T05:46:17.143949+00:00,left_shoulder_lift,2389,2420,31,36,9,136
34.637,2026-08-05T05:46:17.143949+00:00,left_elbow_flex,1629,1635,6,34,0,36
34.637,2026-08-05T05:46:17.143949+00:00,left_wrist_flex,2169,2170,1,34,0,0
34.637,2026-08-05T05:46:17.143949+00:00,left_wrist_roll,1989,1987,-2,34,0,1044
34.637,2026-08-05T05:46:17.143949+00:00,left_gripper,2014,2014,0,36,0,0
34.637,2026-08-05T05:46:17.143949+00:00,right_shoulder_pan,2149,2159,10,37,0,32
34.637,2026-08-05T05:46:17.143949+00:00,right_shoulder_lift,1953,2248,295,36,90,450
34.637,2026-08-05T05:46:17.143949+00:00,right_elbow_flex,2097,2137,40,37,5,94
34.637,2026-08-05T05:46:17.143949+00:00,right_wrist_flex,1976,1984,8,34,1,30
34.637,2026-08-05T05:46:17.143949+00:00,right_wrist_roll,2114,2111,-3,34,0,1044
34.637,2026-08-05T05:46:17.143949+00:00,right_gripper,2457,2462,5,37,1,24
34.687,2026-08-05T05:46:17.194074+00:00,left_shoulder_pan,1857,1851,-6,37,1,1060
34.687,2026-08-05T05:46:17.194074+00:00,left_shoulder_lift,2389,2420,31,36,7,136
34.687,2026-08-05T05:46:17.194074+00:00,left_elbow_flex,1629,1635,6,34,1,36
34.687,2026-08-05T05:46:17.194074+00:00,left_wrist_flex,2169,2170,1,34,0,0
34.687,2026-08-05T05:46:17.194074+00:00,left_wrist_roll,1989,1987,-2,34,0,1044
34.687,2026-08-05T05:46:17.194074+00:00,left_gripper,2014,2014,0,36,0,0
34.687,2026-08-05T05:46:17.194074+00:00,right_shoulder_pan,2146,2158,12,37,1,38
34.687,2026-08-05T05:46:17.194074+00:00,right_shoulder_lift,1946,2248,302,36,89,450
34.687,2026-08-05T05:46:17.194074+00:00,right_elbow_flex,2097,2137,40,37,5,94
34.687,2026-08-05T05:46:17.194074+00:00,right_wrist_flex,1976,1984,8,35,1,30
34.687,2026-08-05T05:46:17.194074+00:00,right_wrist_roll,2114,2111,-3,34,0,1044
34.687,2026-08-05T05:46:17.194074+00:00,right_gripper,2457,2462,5,38,0,24
34.738,2026-08-05T05:46:17.244050+00:00,left_shoulder_pan,1857,1851,-6,37,1,1060
34.738,2026-08-05T05:46:17.244050+00:00,left_shoulder_lift,2389,2420,31,36,10,136
34.738,2026-08-05T05:46:17.244050+00:00,left_elbow_flex,1629,1635,6,34,1,36
34.738,2026-08-05T05:46:17.244050+00:00,left_wrist_flex,2169,2170,1,34,0,0
34.738,2026-08-05T05:46:17.244050+00:00,left_wrist_roll,1989,1987,-2,34,0,1044
34.738,2026-08-05T05:46:17.244050+00:00,left_gripper,2014,2014,0,36,0,0
34.738,2026-08-05T05:46:17.244050+00:00,right_shoulder_pan,2141,2157,16,37,1,36
34.738,2026-08-05T05:46:17.244050+00:00,right_shoulder_lift,1940,2248,308,36,87,450
34.738,2026-08-05T05:46:17.244050+00:00,right_elbow_flex,2097,2137,40,37,7,94
34.738,2026-08-05T05:46:17.244050+00:00,right_wrist_flex,1976,1984,8,35,1,30
34.738,2026-08-05T05:46:17.244050+00:00,right_wrist_roll,2114,2111,-3,34,0,1044
34.738,2026-08-05T05:46:17.244050+00:00,right_gripper,2457,2462,5,37,0,24
34.788,2026-08-05T05:46:17.294251+00:00,left_shoulder_pan,1857,1851,-6,37,1,1060
34.788,2026-08-05T05:46:17.294251+00:00,left_shoulder_lift,2389,2420,31,36,8,136
34.788,2026-08-05T05:46:17.294251+00:00,left_elbow_flex,1629,1635,6,34,1,36
34.788,2026-08-05T05:46:17.294251+00:00,left_wrist_flex,2169,2170,1,34,0,0
34.788,2026-08-05T05:46:17.294251+00:00,left_wrist_roll,1989,1987,-2,34,0,1044
34.788,2026-08-05T05:46:17.294251+00:00,left_gripper,2014,2014,0,36,0,0
34.788,2026-08-05T05:46:17.294251+00:00,right_shoulder_pan,2137,2155,18,37,0,48
34.788,2026-08-05T05:46:17.294251+00:00,right_shoulder_lift,1933,2248,315,36,84,450
34.788,2026-08-05T05:46:17.294251+00:00,right_elbow_flex,2097,2137,40,37,6,94
34.788,2026-08-05T05:46:17.294251+00:00,right_wrist_flex,1976,1984,8,34,1,30
34.788,2026-08-05T05:46:17.294251+00:00,right_wrist_roll,2114,2111,-3,34,0,1044
34.788,2026-08-05T05:46:17.294251+00:00,right_gripper,2457,2462,5,38,1,24
34.838,2026-08-05T05:46:17.344259+00:00,left_shoulder_pan,1857,1851,-6,37,1,1060
34.838,2026-08-05T05:46:17.344259+00:00,left_shoulder_lift,2389,2420,31,37,10,136
34.838,2026-08-05T05:46:17.344259+00:00,left_elbow_flex,1629,1635,6,34,1,36
34.838,2026-08-05T05:46:17.344259+00:00,left_wrist_flex,2169,2170,1,34,0,0
34.838,2026-08-05T05:46:17.344259+00:00,left_wrist_roll,1989,1987,-2,34,0,1044
34.838,2026-08-05T05:46:17.344259+00:00,left_gripper,2014,2014,0,36,0,0
34.838,2026-08-05T05:46:17.344259+00:00,right_shoulder_pan,2132,2153,21,37,2,46
34.838,2026-08-05T05:46:17.344259+00:00,right_shoulder_lift,1927,2248,321,36,91,450
34.838,2026-08-05T05:46:17.344259+00:00,right_elbow_flex,2097,2137,40,37,6,94
34.838,2026-08-05T05:46:17.344259+00:00,right_wrist_flex,1976,1984,8,34,0,30
34.838,2026-08-05T05:46:17.344259+00:00,right_wrist_roll,2114,2111,-3,34,0,1044
34.838,2026-08-05T05:46:17.344259+00:00,right_gripper,2457,2462,5,39,0,24
34.888,2026-08-05T05:46:17.394289+00:00,left_shoulder_pan,1857,1851,-6,37,1,1060
34.888,2026-08-05T05:46:17.394289+00:00,left_shoulder_lift,2389,2420,31,36,9,136
34.888,2026-08-05T05:46:17.394289+00:00,left_elbow_flex,1629,1635,6,34,0,36
34.888,2026-08-05T05:46:17.394289+00:00,left_wrist_flex,2169,2170,1,34,0,0
34.888,2026-08-05T05:46:17.394289+00:00,left_wrist_roll,1989,1987,-2,34,1,1044
34.888,2026-08-05T05:46:17.394289+00:00,left_gripper,2014,2014,0,36,0,0
34.888,2026-08-05T05:46:17.394289+00:00,right_shoulder_pan,2127,2149,22,37,2,54
34.888,2026-08-05T05:46:17.394289+00:00,right_shoulder_lift,1921,2248,327,36,91,450
34.888,2026-08-05T05:46:17.394289+00:00,right_elbow_flex,2097,2137,40,37,6,94
34.888,2026-08-05T05:46:17.394289+00:00,right_wrist_flex,1976,1984,8,35,0,30
34.888,2026-08-05T05:46:17.394289+00:00,right_wrist_roll,2114,2111,-3,34,0,1044
34.888,2026-08-05T05:46:17.394289+00:00,right_gripper,2457,2462,5,37,0,24
34.938,2026-08-05T05:46:17.444574+00:00,left_shoulder_pan,1857,1851,-6,37,1,1060
34.938,2026-08-05T05:46:17.444574+00:00,left_shoulder_lift,2389,2420,31,36,10,136
34.938,2026-08-05T05:46:17.444574+00:00,left_elbow_flex,1629,1635,6,34,1,36
34.938,2026-08-05T05:46:17.444574+00:00,left_wrist_flex,2169,2170,1,34,0,0
34.938,2026-08-05T05:46:17.444574+00:00,left_wrist_roll,1989,1987,-2,34,0,1044
34.938,2026-08-05T05:46:17.444574+00:00,left_gripper,2014,2014,0,36,0,0
34.938,2026-08-05T05:46:17.444574+00:00,right_shoulder_pan,2122,2145,23,37,1,46
34.938,2026-08-05T05:46:17.444574+00:00,right_shoulder_lift,1915,2248,333,36,85,450
34.938,2026-08-05T05:46:17.444574+00:00,right_elbow_flex,2097,2137,40,37,6,94
34.938,2026-08-05T05:46:17.444574+00:00,right_wrist_flex,1976,1984,8,35,0,30
34.938,2026-08-05T05:46:17.444574+00:00,right_wrist_roll,2114,2111,-3,34,1,1044
34.938,2026-08-05T05:46:17.444574+00:00,right_gripper,2457,2462,5,37,1,24
34.988,2026-08-05T05:46:17.494691+00:00,left_shoulder_pan,1857,1851,-6,37,1,1060
34.988,2026-08-05T05:46:17.494691+00:00,left_shoulder_lift,2389,2420,31,36,8,136
34.988,2026-08-05T05:46:17.494691+00:00,left_elbow_flex,1629,1635,6,34,1,36
34.988,2026-08-05T05:46:17.494691+00:00,left_wrist_flex,2169,2170,1,34,0,0
34.988,2026-08-05T05:46:17.494691+00:00,left_wrist_roll,1989,1987,-2,34,0,1044
34.988,2026-08-05T05:46:17.494691+00:00,left_gripper,2014,2014,0,36,0,0
34.988,2026-08-05T05:46:17.494691+00:00,right_shoulder_pan,2117,2139,22,37,1,52
34.988,2026-08-05T05:46:17.494691+00:00,right_shoulder_lift,1909,2248,339,36,82,450
34.988,2026-08-05T05:46:17.494691+00:00,right_elbow_flex,2097,2137,40,36,5,94
34.988,2026-08-05T05:46:17.494691+00:00,right_wrist_flex,1976,1984,8,34,1,30
34.988,2026-08-05T05:46:17.494691+00:00,right_wrist_roll,2114,2111,-3,34,0,1044
34.988,2026-08-05T05:46:17.494691+00:00,right_gripper,2457,2462,5,37,0,24
35.038,2026-08-05T05:46:17.544568+00:00,left_shoulder_pan,1857,1851,-6,37,1,1060
35.038,2026-08-05T05:46:17.544568+00:00,left_shoulder_lift,2389,2420,31,36,11,136
35.038,2026-08-05T05:46:17.544568+00:00,left_elbow_flex,1629,1635,6,34,1,36
35.038,2026-08-05T05:46:17.544568+00:00,left_wrist_flex,2169,2170,1,34,0,0
35.038,2026-08-05T05:46:17.544568+00:00,left_wrist_roll,1989,1987,-2,34,0,1044
35.038,2026-08-05T05:46:17.544568+00:00,left_gripper,2014,2014,0,36,0,0
35.038,2026-08-05T05:46:17.544568+00:00,right_shoulder_pan,2111,2134,23,37,0,40
35.038,2026-08-05T05:46:17.544568+00:00,right_shoulder_lift,1903,2248,345,36,85,450
35.038,2026-08-05T05:46:17.544568+00:00,right_elbow_flex,2097,2137,40,37,5,94
35.038,2026-08-05T05:46:17.544568+00:00,right_wrist_flex,1976,1984,8,34,1,30
35.038,2026-08-05T05:46:17.544568+00:00,right_wrist_roll,2114,2111,-3,34,0,1044
35.038,2026-08-05T05:46:17.544568+00:00,right_gripper,2457,2462,5,37,0,24
35.088,2026-08-05T05:46:17.594882+00:00,left_shoulder_pan,1857,1851,-6,37,1,1060
35.088,2026-08-05T05:46:17.594882+00:00,left_shoulder_lift,2389,2420,31,36,9,136
35.088,2026-08-05T05:46:17.594882+00:00,left_elbow_flex,1629,1635,6,34,1,36
35.088,2026-08-05T05:46:17.594882+00:00,left_wrist_flex,2169,2170,1,34,0,0
35.088,2026-08-05T05:46:17.594882+00:00,left_wrist_roll,1989,1987,-2,34,1,1044
35.088,2026-08-05T05:46:17.594882+00:00,left_gripper,2014,2014,0,36,0,0
35.088,2026-08-05T05:46:17.594882+00:00,right_shoulder_pan,2105,2128,23,37,0,52
35.088,2026-08-05T05:46:17.594882+00:00,right_shoulder_lift,1898,2248,350,36,82,450
35.088,2026-08-05T05:46:17.594882+00:00,right_elbow_flex,2097,2137,40,37,5,94
35.088,2026-08-05T05:46:17.594882+00:00,right_wrist_flex,1976,1984,8,35,0,30
35.088,2026-08-05T05:46:17.594882+00:00,right_wrist_roll,2114,2111,-3,34,1,1044
35.088,2026-08-05T05:46:17.594882+00:00,right_gripper,2457,2462,5,37,0,24
35.138,2026-08-05T05:46:17.644902+00:00,left_shoulder_pan,1857,1851,-6,37,1,1060
35.138,2026-08-05T05:46:17.644902+00:00,left_shoulder_lift,2389,2420,31,36,11,136
35.138,2026-08-05T05:46:17.644902+00:00,left_elbow_flex,1629,1635,6,34,0,36
35.138,2026-08-05T05:46:17.644902+00:00,left_wrist_flex,2169,2170,1,34,0,0
35.138,2026-08-05T05:46:17.644902+00:00,left_wrist_roll,1989,1987,-2,34,1,1044
35.138,2026-08-05T05:46:17.644902+00:00,left_gripper,2014,2014,0,36,0,0
35.138,2026-08-05T05:46:17.644902+00:00,right_shoulder_pan,2099,2122,23,37,1,48
35.138,2026-08-05T05:46:17.644902+00:00,right_shoulder_lift,1893,2248,355,36,93,450
35.138,2026-08-05T05:46:17.644902+00:00,right_elbow_flex,2097,2137,40,37,5,94
35.138,2026-08-05T05:46:17.644902+00:00,right_wrist_flex,1976,1984,8,34,0,30
35.138,2026-08-05T05:46:17.644902+00:00,right_wrist_roll,2114,2111,-3,34,1,1044
35.138,2026-08-05T05:46:17.644902+00:00,right_gripper,2457,2462,5,37,0,24
35.188,2026-08-05T05:46:17.694818+00:00,left_shoulder_pan,1857,1851,-6,37,0,1060
35.188,2026-08-05T05:46:17.694818+00:00,left_shoulder_lift,2389,2420,31,36,8,136
35.188,2026-08-05T05:46:17.694818+00:00,left_elbow_flex,1629,1635,6,34,1,36
35.188,2026-08-05T05:46:17.694818+00:00,left_wrist_flex,2169,2170,1,34,0,0
35.188,2026-08-05T05:46:17.694818+00:00,left_wrist_roll,1989,1987,-2,34,1,1044
35.188,2026-08-05T05:46:17.694818+00:00,left_gripper,2014,2014,0,36,0,0
35.188,2026-08-05T05:46:17.694818+00:00,right_shoulder_pan,2093,2116,23,37,1,54
35.188,2026-08-05T05:46:17.694818+00:00,right_shoulder_lift,1888,2248,360,36,91,450
35.188,2026-08-05T05:46:17.694818+00:00,right_elbow_flex,2097,2137,40,37,7,94
35.188,2026-08-05T05:46:17.694818+00:00,right_wrist_flex,1976,1984,8,34,1,30
35.188,2026-08-05T05:46:17.694818+00:00,right_wrist_roll,2114,2111,-3,34,0,1044
35.188,2026-08-05T05:46:17.694818+00:00,right_gripper,2457,2462,5,37,1,24
35.238,2026-08-05T05:46:17.745268+00:00,left_shoulder_pan,1857,1851,-6,37,1,1060
35.238,2026-08-05T05:46:17.745268+00:00,left_shoulder_lift,2389,2420,31,36,8,136
35.238,2026-08-05T05:46:17.745268+00:00,left_elbow_flex,1629,1635,6,34,1,36
35.238,2026-08-05T05:46:17.745268+00:00,left_wrist_flex,2169,2170,1,34,0,0
35.238,2026-08-05T05:46:17.745268+00:00,left_wrist_roll,1989,1987,-2,34,0,1044
35.238,2026-08-05T05:46:17.745268+00:00,left_gripper,2014,2014,0,36,0,0
35.238,2026-08-05T05:46:17.745268+00:00,right_shoulder_pan,2087,2111,24,37,1,50
35.238,2026-08-05T05:46:17.745268+00:00,right_shoulder_lift,1884,2248,364,36,87,450
35.238,2026-08-05T05:46:17.745268+00:00,right_elbow_flex,2097,2137,40,37,6,94
35.238,2026-08-05T05:46:17.745268+00:00,right_wrist_flex,1976,1984,8,34,0,30
35.238,2026-08-05T05:46:17.745268+00:00,right_wrist_roll,2114,2111,-3,34,0,1044
35.238,2026-08-05T05:46:17.745268+00:00,right_gripper,2457,2462,5,37,0,24
35.288,2026-08-05T05:46:17.795158+00:00,left_shoulder_pan,1857,1851,-6,37,1,1060
35.288,2026-08-05T05:46:17.795158+00:00,left_shoulder_lift,2389,2420,31,36,8,136
35.288,2026-08-05T05:46:17.795158+00:00,left_elbow_flex,1629,1635,6,34,1,36
35.288,2026-08-05T05:46:17.795158+00:00,left_wrist_flex,2169,2170,1,34,0,0
35.288,2026-08-05T05:46:17.795158+00:00,left_wrist_roll,1989,1987,-2,34,0,1044
35.288,2026-08-05T05:46:17.795158+00:00,left_gripper,2014,2014,0,37,0,0
35.288,2026-08-05T05:46:17.795158+00:00,right_shoulder_pan,2080,2105,25,37,1,54
35.288,2026-08-05T05:46:17.795158+00:00,right_shoulder_lift,1879,2248,369,36,90,450
35.288,2026-08-05T05:46:17.795158+00:00,right_elbow_flex,2097,2137,40,37,6,94
35.288,2026-08-05T05:46:17.795158+00:00,right_wrist_flex,1976,1984,8,35,1,30
35.288,2026-08-05T05:46:17.795158+00:00,right_wrist_roll,2114,2111,-3,34,0,1044
35.288,2026-08-05T05:46:17.795158+00:00,right_gripper,2457,2462,5,37,0,24
35.338,2026-08-05T05:46:17.845186+00:00,left_shoulder_pan,1857,1851,-6,37,1,1060
35.338,2026-08-05T05:46:17.845186+00:00,left_shoulder_lift,2389,2420,31,36,9,136
35.338,2026-08-05T05:46:17.845186+00:00,left_elbow_flex,1629,1635,6,34,1,36
35.338,2026-08-05T05:46:17.845186+00:00,left_wrist_flex,2169,2170,1,34,0,0
35.338,2026-08-05T05:46:17.845186+00:00,left_wrist_roll,1989,1987,-2,34,1,1044
35.338,2026-08-05T05:46:17.845186+00:00,left_gripper,2014,2014,0,37,0,0
35.338,2026-08-05T05:46:17.845186+00:00,right_shoulder_pan,2073,2099,26,37,1,54
35.338,2026-08-05T05:46:17.845186+00:00,right_shoulder_lift,1875,2248,373,36,82,450
35.338,2026-08-05T05:46:17.845186+00:00,right_elbow_flex,2097,2137,40,37,7,94
35.338,2026-08-05T05:46:17.845186+00:00,right_wrist_flex,1976,1984,8,34,0,30
35.338,2026-08-05T05:46:17.845186+00:00,right_wrist_roll,2114,2111,-3,34,1,1044
35.338,2026-08-05T05:46:17.845186+00:00,right_gripper,2457,2462,5,37,0,24
35.389,2026-08-05T05:46:17.895086+00:00,left_shoulder_pan,1857,1851,-6,37,1,1060
35.389,2026-08-05T05:46:17.895086+00:00,left_shoulder_lift,2389,2420,31,36,8,136
35.389,2026-08-05T05:46:17.895086+00:00,left_elbow_flex,1629,1635,6,34,0,36
35.389,2026-08-05T05:46:17.895086+00:00,left_wrist_flex,2169,2170,1,34,0,0
35.389,2026-08-05T05:46:17.895086+00:00,left_wrist_roll,1989,1987,-2,34,0,1044
35.389,2026-08-05T05:46:17.895086+00:00,left_gripper,2014,2014,0,36,0,0
35.389,2026-08-05T05:46:17.895086+00:00,right_shoulder_pan,2066,2092,26,37,1,56
35.389,2026-08-05T05:46:17.895086+00:00,right_shoulder_lift,1872,2248,376,36,82,450
35.389,2026-08-05T05:46:17.895086+00:00,right_elbow_flex,2097,2137,40,37,5,94
35.389,2026-08-05T05:46:17.895086+00:00,right_wrist_flex,1976,1984,8,34,1,30
35.389,2026-08-05T05:46:17.895086+00:00,right_wrist_roll,2114,2111,-3,34,0,1044
35.389,2026-08-05T05:46:17.895086+00:00,right_gripper,2457,2462,5,37,1,24
35.439,2026-08-05T05:46:17.945276+00:00,left_shoulder_pan,1857,1851,-6,37,0,1060
35.439,2026-08-05T05:46:17.945276+00:00,left_shoulder_lift,2389,2420,31,37,10,136
35.439,2026-08-05T05:46:17.945276+00:00,left_elbow_flex,1629,1635,6,34,1,36
35.439,2026-08-05T05:46:17.945276+00:00,left_wrist_flex,2169,2170,1,34,0,0
35.439,2026-08-05T05:46:17.945276+00:00,left_wrist_roll,1989,1987,-2,34,0,1044
35.439,2026-08-05T05:46:17.945276+00:00,left_gripper,2014,2014,0,36,0,0
35.439,2026-08-05T05:46:17.945276+00:00,right_shoulder_pan,2059,2086,27,37,1,52
35.439,2026-08-05T05:46:17.945276+00:00,right_shoulder_lift,1868,2248,380,36,90,450
35.439,2026-08-05T05:46:17.945276+00:00,right_elbow_flex,2097,2137,40,37,7,94
35.439,2026-08-05T05:46:17.945276+00:00,right_wrist_flex,1976,1984,8,34,1,30
35.439,2026-08-05T05:46:17.945276+00:00,right_wrist_roll,2114,2111,-3,34,1,1044
35.439,2026-08-05T05:46:17.945276+00:00,right_gripper,2457,2462,5,37,1,24
35.489,2026-08-05T05:46:17.996602+00:00,left_shoulder_pan,1857,1851,-6,37,2,1060
35.489,2026-08-05T05:46:17.996602+00:00,left_shoulder_lift,2389,2420,31,36,8,136
35.489,2026-08-05T05:46:17.996602+00:00,left_elbow_flex,1629,1635,6,34,1,36
35.489,2026-08-05T05:46:17.996602+00:00,left_wrist_flex,2169,2170,1,34,0,0
35.489,2026-08-05T05:46:17.996602+00:00,left_wrist_roll,1989,1987,-2,34,1,1044
35.489,2026-08-05T05:46:17.996602+00:00,left_gripper,2014,2014,0,36,0,0
35.489,2026-08-05T05:46:17.996602+00:00,right_shoulder_pan,2052,2080,28,37,1,58
35.489,2026-08-05T05:46:17.996602+00:00,right_shoulder_lift,1865,2248,383,36,90,450
35.489,2026-08-05T05:46:17.996602+00:00,right_elbow_flex,2097,2137,40,37,7,94
35.489,2026-08-05T05:46:17.996602+00:00,right_wrist_flex,1976,1984,8,35,0,30
35.489,2026-08-05T05:46:17.996602+00:00,right_wrist_roll,2114,2111,-3,34,0,1044
35.489,2026-08-05T05:46:17.996602+00:00,right_gripper,2457,2462,5,37,0,24
35.539,2026-08-05T05:46:18.045839+00:00,left_shoulder_pan,1857,1851,-6,37,1,1060
35.539,2026-08-05T05:46:18.045839+00:00,left_shoulder_lift,2389,2420,31,36,9,136
35.539,2026-08-05T05:46:18.045839+00:00,left_elbow_flex,1629,1635,6,34,1,36
35.539,2026-08-05T05:46:18.045839+00:00,left_wrist_flex,2169,2170,1,34,0,0
35.539,2026-08-05T05:46:18.045839+00:00,left_wrist_roll,1989,1987,-2,34,1,1044
35.539,2026-08-05T05:46:18.045839+00:00,left_gripper,2014,2014,0,36,0,0
35.539,2026-08-05T05:46:18.045839+00:00,right_shoulder_pan,2045,2073,28,37,1,54
35.539,2026-08-05T05:46:18.045839+00:00,right_shoulder_lift,1862,2248,386,36,91,450
35.539,2026-08-05T05:46:18.045839+00:00,right_elbow_flex,2097,2137,40,37,7,94
35.539,2026-08-05T05:46:18.045839+00:00,right_wrist_flex,1976,1984,8,34,0,30
35.539,2026-08-05T05:46:18.045839+00:00,right_wrist_roll,2114,2111,-3,34,1,1044
35.539,2026-08-05T05:46:18.045839+00:00,right_gripper,2457,2462,5,38,1,24
35.589,2026-08-05T05:46:18.095474+00:00,left_shoulder_pan,1857,1851,-6,37,1,1060
35.589,2026-08-05T05:46:18.095474+00:00,left_shoulder_lift,2389,2420,31,36,10,136
35.589,2026-08-05T05:46:18.095474+00:00,left_elbow_flex,1629,1635,6,34,1,36
35.589,2026-08-05T05:46:18.095474+00:00,left_wrist_flex,2169,2170,1,34,0,0
35.589,2026-08-05T05:46:18.095474+00:00,left_wrist_roll,1989,1987,-2,34,0,1044
35.589,2026-08-05T05:46:18.095474+00:00,left_gripper,2014,2014,0,36,0,0
35.589,2026-08-05T05:46:18.095474+00:00,right_shoulder_pan,2037,2066,29,37,1,54
35.589,2026-08-05T05:46:18.095474+00:00,right_shoulder_lift,1859,2248,389,36,83,450
35.589,2026-08-05T05:46:18.095474+00:00,right_elbow_flex,2097,2137,40,37,6,94
35.589,2026-08-05T05:46:18.095474+00:00,right_wrist_flex,1976,1984,8,34,1,30
35.589,2026-08-05T05:46:18.095474+00:00,right_wrist_roll,2114,2111,-3,34,1,1044
35.589,2026-08-05T05:46:18.095474+00:00,right_gripper,2457,2462,5,38,0,24
35.639,2026-08-05T05:46:18.147350+00:00,left_shoulder_pan,1857,1851,-6,37,0,1060
35.639,2026-08-05T05:46:18.147350+00:00,left_shoulder_lift,2389,2420,31,36,8,136
35.639,2026-08-05T05:46:18.147350+00:00,left_elbow_flex,1629,1635,6,34,1,36
35.639,2026-08-05T05:46:18.147350+00:00,left_wrist_flex,2169,2170,1,34,0,0
35.639,2026-08-05T05:46:18.147350+00:00,left_wrist_roll,1989,1987,-2,34,0,1044
35.639,2026-08-05T05:46:18.147350+00:00,left_gripper,2014,2014,0,37,0,0
35.639,2026-08-05T05:46:18.147350+00:00,right_shoulder_pan,2030,2059,29,37,1,56
35.639,2026-08-05T05:46:18.147350+00:00,right_shoulder_lift,1857,2248,391,36,85,450
35.639,2026-08-05T05:46:18.147350+00:00,right_elbow_flex,2097,2137,40,37,6,94
35.639,2026-08-05T05:46:18.147350+00:00,right_wrist_flex,1976,1984,8,34,0,30
35.639,2026-08-05T05:46:18.147350+00:00,right_wrist_roll,2114,2111,-3,34,0,1044
35.639,2026-08-05T05:46:18.147350+00:00,right_gripper,2457,2462,5,37,0,24
35.689,2026-08-05T05:46:18.195837+00:00,left_shoulder_pan,1857,1851,-6,37,0,1060
35.689,2026-08-05T05:46:18.195837+00:00,left_shoulder_lift,2389,2420,31,36,9,136
35.689,2026-08-05T05:46:18.195837+00:00,left_elbow_flex,1629,1635,6,34,0,36
35.689,2026-08-05T05:46:18.195837+00:00,left_wrist_flex,2169,2170,1,34,0,0
35.689,2026-08-05T05:46:18.195837+00:00,left_wrist_roll,1989,1987,-2,34,0,1044
35.689,2026-08-05T05:46:18.195837+00:00,left_gripper,2014,2014,0,36,0,0
35.689,2026-08-05T05:46:18.195837+00:00,right_shoulder_pan,2022,2051,29,37,1,54
35.689,2026-08-05T05:46:18.195837+00:00,right_shoulder_lift,1855,2248,393,36,86,450
35.689,2026-08-05T05:46:18.195837+00:00,right_elbow_flex,2097,2137,40,37,5,94
35.689,2026-08-05T05:46:18.195837+00:00,right_wrist_flex,1976,1984,8,34,0,30
35.689,2026-08-05T05:46:18.195837+00:00,right_wrist_roll,2114,2111,-3,34,0,1044
35.689,2026-08-05T05:46:18.195837+00:00,right_gripper,2457,2462,5,37,1,24
35.739,2026-08-05T05:46:18.245827+00:00,left_shoulder_pan,1857,1851,-6,37,1,1060
35.739,2026-08-05T05:46:18.245827+00:00,left_shoulder_lift,2389,2420,31,36,8,136
35.739,2026-08-05T05:46:18.245827+00:00,left_elbow_flex,1629,1635,6,34,1,36
35.739,2026-08-05T05:46:18.245827+00:00,left_wrist_flex,2169,2170,1,34,0,0
35.739,2026-08-05T05:46:18.245827+00:00,left_wrist_roll,1989,1987,-2,34,0,1044
35.739,2026-08-05T05:46:18.245827+00:00,left_gripper,2014,2014,0,36,0,0
35.739,2026-08-05T05:46:18.245827+00:00,right_shoulder_pan,2015,2044,29,37,1,60
35.739,2026-08-05T05:46:18.245827+00:00,right_shoulder_lift,1853,2248,395,36,82,450
35.739,2026-08-05T05:46:18.245827+00:00,right_elbow_flex,2097,2137,40,37,7,94
35.739,2026-08-05T05:46:18.245827+00:00,right_wrist_flex,1976,1984,8,35,1,30
35.739,2026-08-05T05:46:18.245827+00:00,right_wrist_roll,2114,2111,-3,34,1,1044
35.739,2026-08-05T05:46:18.245827+00:00,right_gripper,2457,2462,5,37,1,24
35.789,2026-08-05T05:46:18.295927+00:00,left_shoulder_pan,1857,1851,-6,37,1,1060
35.789,2026-08-05T05:46:18.295927+00:00,left_shoulder_lift,2389,2420,31,36,8,136
35.789,2026-08-05T05:46:18.295927+00:00,left_elbow_flex,1629,1635,6,34,1,36
35.789,2026-08-05T05:46:18.295927+00:00,left_wrist_flex,2169,2170,1,34,0,0
35.789,2026-08-05T05:46:18.295927+00:00,left_wrist_roll,1989,1987,-2,34,0,1044
35.789,2026-08-05T05:46:18.295927+00:00,left_gripper,2014,2014,0,36,0,0
35.789,2026-08-05T05:46:18.295927+00:00,right_shoulder_pan,2007,2037,30,37,1,52
35.789,2026-08-05T05:46:18.295927+00:00,right_shoulder_lift,1852,2248,396,36,84,450
35.789,2026-08-05T05:46:18.295927+00:00,right_elbow_flex,2097,2137,40,37,6,94
35.789,2026-08-05T05:46:18.295927+00:00,right_wrist_flex,1976,1984,8,34,0,30
35.789,2026-08-05T05:46:18.295927+00:00,right_wrist_roll,2114,2111,-3,34,1,1044
35.789,2026-08-05T05:46:18.295927+00:00,right_gripper,2457,2462,5,37,1,24
35.839,2026-08-05T05:46:18.346130+00:00,left_shoulder_pan,1857,1851,-6,37,1,1060
35.839,2026-08-05T05:46:18.346130+00:00,left_shoulder_lift,2389,2420,31,36,11,136
35.839,2026-08-05T05:46:18.346130+00:00,left_elbow_flex,1629,1635,6,34,0,36
35.839,2026-08-05T05:46:18.346130+00:00,left_wrist_flex,2169,2170,1,34,0,0
35.839,2026-08-05T05:46:18.346130+00:00,left_wrist_roll,1989,1987,-2,34,0,1044
35.839,2026-08-05T05:46:18.346130+00:00,left_gripper,2014,2014,0,36,0,0
35.839,2026-08-05T05:46:18.346130+00:00,right_shoulder_pan,1999,2029,30,37,1,60
35.839,2026-08-05T05:46:18.346130+00:00,right_shoulder_lift,1851,2248,397,36,92,450
35.839,2026-08-05T05:46:18.346130+00:00,right_elbow_flex,2097,2137,40,37,6,94
35.839,2026-08-05T05:46:18.346130+00:00,right_wrist_flex,1976,1984,8,34,1,30
35.839,2026-08-05T05:46:18.346130+00:00,right_wrist_roll,2114,2111,-3,34,0,1044
35.839,2026-08-05T05:46:18.346130+00:00,right_gripper,2457,2462,5,37,1,24
35.889,2026-08-05T05:46:18.395858+00:00,left_shoulder_pan,1857,1851,-6,37,1,1060
35.889,2026-08-05T05:46:18.395858+00:00,left_shoulder_lift,2389,2420,31,36,9,136
35.889,2026-08-05T05:46:18.395858+00:00,left_elbow_flex,1629,1635,6,34,1,36
35.889,2026-08-05T05:46:18.395858+00:00,left_wrist_flex,2169,2170,1,34,0,0
35.889,2026-08-05T05:46:18.395858+00:00,left_wrist_roll,1989,1987,-2,34,0,1044
35.889,2026-08-05T05:46:18.395858+00:00,left_gripper,2014,2014,0,36,0,0
35.889,2026-08-05T05:46:18.395858+00:00,right_shoulder_pan,1991,2021,30,37,1,56
35.889,2026-08-05T05:46:18.395858+00:00,right_shoulder_lift,1850,2248,398,36,82,450
35.889,2026-08-05T05:46:18.395858+00:00,right_elbow_flex,2097,2137,40,37,3,94
35.889,2026-08-05T05:46:18.395858+00:00,right_wrist_flex,1976,1984,8,35,1,30
35.889,2026-08-05T05:46:18.395858+00:00,right_wrist_roll,2114,2111,-3,34,1,1044
35.889,2026-08-05T05:46:18.395858+00:00,right_gripper,2457,2462,5,38,1,24
35.939,2026-08-05T05:46:18.445921+00:00,left_shoulder_pan,1857,1851,-6,37,1,1060
35.939,2026-08-05T05:46:18.445921+00:00,left_shoulder_lift,2389,2420,31,36,8,136
35.939,2026-08-05T05:46:18.445921+00:00,left_elbow_flex,1629,1635,6,34,1,36
35.939,2026-08-05T05:46:18.445921+00:00,left_wrist_flex,2169,2170,1,34,0,0
35.939,2026-08-05T05:46:18.445921+00:00,left_wrist_roll,1989,1987,-2,34,0,1044
35.939,2026-08-05T05:46:18.445921+00:00,left_gripper,2014,2014,0,37,0,0
35.939,2026-08-05T05:46:18.445921+00:00,right_shoulder_pan,1984,2014,30,37,1,62
35.939,2026-08-05T05:46:18.445921+00:00,right_shoulder_lift,1849,2248,399,36,84,450
35.939,2026-08-05T05:46:18.445921+00:00,right_elbow_flex,2097,2137,40,37,6,94
35.939,2026-08-05T05:46:18.445921+00:00,right_wrist_flex,1976,1984,8,35,0,30
35.939,2026-08-05T05:46:18.445921+00:00,right_wrist_roll,2114,2111,-3,34,0,1044
35.939,2026-08-05T05:46:18.445921+00:00,right_gripper,2457,2462,5,37,0,24
35.989,2026-08-05T05:46:18.496053+00:00,left_shoulder_pan,1857,1851,-6,37,1,1060
35.989,2026-08-05T05:46:18.496053+00:00,left_shoulder_lift,2389,2420,31,36,8,136
35.989,2026-08-05T05:46:18.496053+00:00,left_elbow_flex,1629,1635,6,34,1,36
35.989,2026-08-05T05:46:18.496053+00:00,left_wrist_flex,2169,2170,1,34,0,0
35.989,2026-08-05T05:46:18.496053+00:00,left_wrist_roll,1989,1987,-2,34,0,1044
35.989,2026-08-05T05:46:18.496053+00:00,left_gripper,2014,2014,0,36,0,0
35.989,2026-08-05T05:46:18.496053+00:00,right_shoulder_pan,1976,2006,30,37,0,52
35.989,2026-08-05T05:46:18.496053+00:00,right_shoulder_lift,1849,2248,399,36,88,450
35.989,2026-08-05T05:46:18.496053+00:00,right_elbow_flex,2097,2137,40,37,5,94
35.989,2026-08-05T05:46:18.496053+00:00,right_wrist_flex,1976,1984,8,34,1,30
35.989,2026-08-05T05:46:18.496053+00:00,right_wrist_roll,2114,2111,-3,34,0,1044
35.989,2026-08-05T05:46:18.496053+00:00,right_gripper,2457,2462,5,38,0,24
36.040,2026-08-05T05:46:18.546305+00:00,left_shoulder_pan,1857,1851,-6,37,1,1060
36.040,2026-08-05T05:46:18.546305+00:00,left_shoulder_lift,2389,2420,31,36,8,136
36.040,2026-08-05T05:46:18.546305+00:00,left_elbow_flex,1629,1635,6,34,0,36
36.040,2026-08-05T05:46:18.546305+00:00,left_wrist_flex,2169,2170,1,34,0,0
36.040,2026-08-05T05:46:18.546305+00:00,left_wrist_roll,1989,1987,-2,34,1,1044
36.040,2026-08-05T05:46:18.546305+00:00,left_gripper,2014,2014,0,36,0,0
36.040,2026-08-05T05:46:18.546305+00:00,right_shoulder_pan,1968,1998,30,37,1,52
36.040,2026-08-05T05:46:18.546305+00:00,right_shoulder_lift,1849,2248,399,36,84,450
36.040,2026-08-05T05:46:18.546305+00:00,right_elbow_flex,2097,2137,40,37,6,94
36.040,2026-08-05T05:46:18.546305+00:00,right_wrist_flex,1976,1984,8,34,1,30
36.040,2026-08-05T05:46:18.546305+00:00,right_wrist_roll,2114,2111,-3,33,0,1044
36.040,2026-08-05T05:46:18.546305+00:00,right_gripper,2457,2462,5,37,1,24
36.090,2026-08-05T05:46:18.596508+00:00,left_shoulder_pan,1857,1851,-6,36,1,1060
36.090,2026-08-05T05:46:18.596508+00:00,left_shoulder_lift,2389,2420,31,36,8,136
36.090,2026-08-05T05:46:18.596508+00:00,left_elbow_flex,1629,1635,6,34,1,36
36.090,2026-08-05T05:46:18.596508+00:00,left_wrist_flex,2169,2170,1,34,0,0
36.090,2026-08-05T05:46:18.596508+00:00,left_wrist_roll,1989,1987,-2,34,0,1044
36.090,2026-08-05T05:46:18.596508+00:00,left_gripper,2014,2014,0,37,0,0
36.090,2026-08-05T05:46:18.596508+00:00,right_shoulder_pan,1960,1991,31,37,1,58
36.090,2026-08-05T05:46:18.596508+00:00,right_shoulder_lift,1849,2248,399,36,88,450
36.090,2026-08-05T05:46:18.596508+00:00,right_elbow_flex,2097,2137,40,37,6,94
36.090,2026-08-05T05:46:18.596508+00:00,right_wrist_flex,1976,1984,8,35,1,30
36.090,2026-08-05T05:46:18.596508+00:00,right_wrist_roll,2114,2111,-3,34,0,1044
36.090,2026-08-05T05:46:18.596508+00:00,right_gripper,2457,2462,5,37,0,24
36.140,2026-08-05T05:46:18.646527+00:00,left_shoulder_pan,1857,1851,-6,37,1,1060
36.140,2026-08-05T05:46:18.646527+00:00,left_shoulder_lift,2389,2420,31,37,8,136
36.140,2026-08-05T05:46:18.646527+00:00,left_elbow_flex,1629,1635,6,34,1,36
36.140,2026-08-05T05:46:18.646527+00:00,left_wrist_flex,2169,2170,1,34,0,0
36.140,2026-08-05T05:46:18.646527+00:00,left_wrist_roll,1989,1987,-2,34,0,1044
36.140,2026-08-05T05:46:18.646527+00:00,left_gripper,2014,2014,0,36,0,0
36.140,2026-08-05T05:46:18.646527+00:00,right_shoulder_pan,1952,1983,31,37,1,54
36.140,2026-08-05T05:46:18.646527+00:00,right_shoulder_lift,1850,2248,398,36,84,450
36.140,2026-08-05T05:46:18.646527+00:00,right_elbow_flex,2097,2137,40,37,5,94
36.140,2026-08-05T05:46:18.646527+00:00,right_wrist_flex,1976,1984,8,34,1,30
36.140,2026-08-05T05:46:18.646527+00:00,right_wrist_roll,2114,2111,-3,34,0,1044
36.140,2026-08-05T05:46:18.646527+00:00,right_gripper,2457,2462,5,37,1,24
36.190,2026-08-05T05:46:18.696571+00:00,left_shoulder_pan,1857,1851,-6,37,1,1060
36.190,2026-08-05T05:46:18.696571+00:00,left_shoulder_lift,2389,2420,31,36,8,136
36.190,2026-08-05T05:46:18.696571+00:00,left_elbow_flex,1629,1635,6,34,0,36
36.190,2026-08-05T05:46:18.696571+00:00,left_wrist_flex,2169,2170,1,34,0,0
36.190,2026-08-05T05:46:18.696571+00:00,left_wrist_roll,1989,1987,-2,34,0,1044
36.190,2026-08-05T05:46:18.696571+00:00,left_gripper,2014,2014,0,36,0,0
36.190,2026-08-05T05:46:18.696571+00:00,right_shoulder_pan,1944,1976,32,37,1,60
36.190,2026-08-05T05:46:18.696571+00:00,right_shoulder_lift,1851,2248,397,36,82,450
36.190,2026-08-05T05:46:18.696571+00:00,right_elbow_flex,2097,2137,40,37,5,94
36.190,2026-08-05T05:46:18.696571+00:00,right_wrist_flex,1976,1984,8,35,0,30
36.190,2026-08-05T05:46:18.696571+00:00,right_wrist_roll,2114,2111,-3,34,0,1044
36.190,2026-08-05T05:46:18.696571+00:00,right_gripper,2457,2462,5,37,0,24
36.240,2026-08-05T05:46:18.747834+00:00,left_shoulder_pan,1857,1851,-6,37,1,1060
36.240,2026-08-05T05:46:18.747834+00:00,left_shoulder_lift,2389,2420,31,36,10,136
36.240,2026-08-05T05:46:18.747834+00:00,left_elbow_flex,1629,1635,6,34,1,36
36.240,2026-08-05T05:46:18.747834+00:00,left_wrist_flex,2169,2170,1,34,0,0
36.240,2026-08-05T05:46:18.747834+00:00,left_wrist_roll,1989,1987,-2,34,0,1044
36.240,2026-08-05T05:46:18.747834+00:00,left_gripper,2014,2014,0,36,0,0
36.240,2026-08-05T05:46:18.747834+00:00,right_shoulder_pan,1937,1968,31,37,1,56
36.240,2026-08-05T05:46:18.747834+00:00,right_shoulder_lift,1853,2248,395,36,87,450
36.240,2026-08-05T05:46:18.747834+00:00,right_elbow_flex,2097,2137,40,37,7,94
36.240,2026-08-05T05:46:18.747834+00:00,right_wrist_flex,1976,1984,8,34,0,30
36.240,2026-08-05T05:46:18.747834+00:00,right_wrist_roll,2114,2111,-3,34,0,1044
36.240,2026-08-05T05:46:18.747834+00:00,right_gripper,2457,2462,5,37,0,24
36.290,2026-08-05T05:46:18.796657+00:00,left_shoulder_pan,1857,1851,-6,37,1,1060
36.290,2026-08-05T05:46:18.796657+00:00,left_shoulder_lift,2389,2420,31,36,10,136
36.290,2026-08-05T05:46:18.796657+00:00,left_elbow_flex,1629,1635,6,34,1,36
36.290,2026-08-05T05:46:18.796657+00:00,left_wrist_flex,2169,2170,1,34,0,0
36.290,2026-08-05T05:46:18.796657+00:00,left_wrist_roll,1989,1987,-2,34,0,1044
36.290,2026-08-05T05:46:18.796657+00:00,left_gripper,2014,2014,0,36,0,0
36.290,2026-08-05T05:46:18.796657+00:00,right_shoulder_pan,1929,1960,31,37,1,60
36.290,2026-08-05T05:46:18.796657+00:00,right_shoulder_lift,1854,2248,394,36,83,450
36.290,2026-08-05T05:46:18.796657+00:00,right_elbow_flex,2097,2137,40,37,6,94
36.290,2026-08-05T05:46:18.796657+00:00,right_wrist_flex,1976,1984,8,34,0,30
36.290,2026-08-05T05:46:18.796657+00:00,right_wrist_roll,2114,2111,-3,34,1,1044
36.290,2026-08-05T05:46:18.796657+00:00,right_gripper,2457,2462,5,37,0,24
36.340,2026-08-05T05:46:18.846550+00:00,left_shoulder_pan,1857,1851,-6,37,1,1060
36.340,2026-08-05T05:46:18.846550+00:00,left_shoulder_lift,2389,2420,31,36,8,136
36.340,2026-08-05T05:46:18.846550+00:00,left_elbow_flex,1629,1635,6,34,1,36
36.340,2026-08-05T05:46:18.846550+00:00,left_wrist_flex,2169,2170,1,34,0,0
36.340,2026-08-05T05:46:18.846550+00:00,left_wrist_roll,1989,1987,-2,34,0,1044
36.340,2026-08-05T05:46:18.846550+00:00,left_gripper,2014,2014,0,37,0,0
36.340,2026-08-05T05:46:18.846550+00:00,right_shoulder_pan,1921,1953,32,37,1,64
36.340,2026-08-05T05:46:18.846550+00:00,right_shoulder_lift,1856,2248,392,36,81,450
36.340,2026-08-05T05:46:18.846550+00:00,right_elbow_flex,2097,2137,40,37,6,94
36.340,2026-08-05T05:46:18.846550+00:00,right_wrist_flex,1976,1984,8,34,1,30
36.340,2026-08-05T05:46:18.846550+00:00,right_wrist_roll,2114,2111,-3,34,1,1044
36.340,2026-08-05T05:46:18.846550+00:00,right_gripper,2457,2462,5,37,0,24
36.390,2026-08-05T05:46:18.896791+00:00,left_shoulder_pan,1857,1851,-6,37,1,1060
36.390,2026-08-05T05:46:18.896791+00:00,left_shoulder_lift,2389,2420,31,36,11,136
36.390,2026-08-05T05:46:18.896791+00:00,left_elbow_flex,1629,1635,6,34,1,36
36.390,2026-08-05T05:46:18.896791+00:00,left_wrist_flex,2169,2170,1,34,0,0
36.390,2026-08-05T05:46:18.896791+00:00,left_wrist_roll,1989,1987,-2,34,0,1044
36.390,2026-08-05T05:46:18.896791+00:00,left_gripper,2014,2014,0,36,0,0
36.390,2026-08-05T05:46:18.896791+00:00,right_shoulder_pan,1914,1945,31,37,2,60
36.390,2026-08-05T05:46:18.896791+00:00,right_shoulder_lift,1858,2248,390,36,86,450
36.390,2026-08-05T05:46:18.896791+00:00,right_elbow_flex,2097,2137,40,37,7,94
36.390,2026-08-05T05:46:18.896791+00:00,right_wrist_flex,1976,1984,8,34,0,30
36.390,2026-08-05T05:46:18.896791+00:00,right_wrist_roll,2114,2111,-3,34,0,1044
36.390,2026-08-05T05:46:18.896791+00:00,right_gripper,2457,2462,5,37,1,24
36.440,2026-08-05T05:46:18.946781+00:00,left_shoulder_pan,1857,1851,-6,37,1,1060
36.440,2026-08-05T05:46:18.946781+00:00,left_shoulder_lift,2389,2420,31,36,8,136
36.440,2026-08-05T05:46:18.946781+00:00,left_elbow_flex,1629,1635,6,34,1,36
36.440,2026-08-05T05:46:18.946781+00:00,left_wrist_flex,2169,2170,1,34,0,0
36.440,2026-08-05T05:46:18.946781+00:00,left_wrist_roll,1989,1987,-2,34,0,1044
36.440,2026-08-05T05:46:18.946781+00:00,left_gripper,2014,2014,0,37,0,0
36.440,2026-08-05T05:46:18.946781+00:00,right_shoulder_pan,1906,1937,31,37,1,62
36.440,2026-08-05T05:46:18.946781+00:00,right_shoulder_lift,1861,2248,387,36,90,450
36.440,2026-08-05T05:46:18.946781+00:00,right_elbow_flex,2097,2137,40,37,7,94
36.440,2026-08-05T05:46:18.946781+00:00,right_wrist_flex,1976,1984,8,34,0,30
36.440,2026-08-05T05:46:18.946781+00:00,right_wrist_roll,2114,2111,-3,34,1,1044
36.440,2026-08-05T05:46:18.946781+00:00,right_gripper,2457,2462,5,37,1,24
36.490,2026-08-05T05:46:18.996765+00:00,left_shoulder_pan,1857,1851,-6,37,1,1060
36.490,2026-08-05T05:46:18.996765+00:00,left_shoulder_lift,2389,2420,31,36,9,136
36.490,2026-08-05T05:46:18.996765+00:00,left_elbow_flex,1629,1635,6,34,1,36
36.490,2026-08-05T05:46:18.996765+00:00,left_wrist_flex,2169,2170,1,34,0,0
36.490,2026-08-05T05:46:18.996765+00:00,left_wrist_roll,1989,1987,-2,34,0,1044
36.490,2026-08-05T05:46:18.996765+00:00,left_gripper,2014,2014,0,36,0,0
36.490,2026-08-05T05:46:18.996765+00:00,right_shoulder_pan,1899,1929,30,37,1,58
36.490,2026-08-05T05:46:18.996765+00:00,right_shoulder_lift,1864,2248,384,36,90,450
36.490,2026-08-05T05:46:18.996765+00:00,right_elbow_flex,2097,2137,40,37,6,94
36.490,2026-08-05T05:46:18.996765+00:00,right_wrist_flex,1976,1984,8,34,1,30
36.490,2026-08-05T05:46:18.996765+00:00,right_wrist_roll,2114,2111,-3,34,0,1044
36.490,2026-08-05T05:46:18.996765+00:00,right_gripper,2457,2462,5,38,0,24
36.540,2026-08-05T05:46:19.048530+00:00,left_shoulder_pan,1857,1851,-6,37,1,1060
36.540,2026-08-05T05:46:19.048530+00:00,left_shoulder_lift,2389,2420,31,36,8,136
36.540,2026-08-05T05:46:19.048530+00:00,left_elbow_flex,1629,1635,6,34,1,36
36.540,2026-08-05T05:46:19.048530+00:00,left_wrist_flex,2169,2170,1,34,0,0
36.540,2026-08-05T05:46:19.048530+00:00,left_wrist_roll,1989,1987,-2,34,0,1044
36.540,2026-08-05T05:46:19.048530+00:00,left_gripper,2014,2014,0,36,0,0
36.540,2026-08-05T05:46:19.048530+00:00,right_shoulder_pan,1892,1921,29,37,1,56
36.540,2026-08-05T05:46:19.048530+00:00,right_shoulder_lift,1867,2248,381,36,91,450
36.540,2026-08-05T05:46:19.048530+00:00,right_elbow_flex,2097,2137,40,37,6,94
36.540,2026-08-05T05:46:19.048530+00:00,right_wrist_flex,1976,1984,8,34,0,30
36.540,2026-08-05T05:46:19.048530+00:00,right_wrist_roll,2114,2111,-3,34,0,1044
36.540,2026-08-05T05:46:19.048530+00:00,right_gripper,2457,2462,5,37,1,24
36.590,2026-08-05T05:46:19.097159+00:00,left_shoulder_pan,1857,1851,-6,37,1,1060
36.590,2026-08-05T05:46:19.097159+00:00,left_shoulder_lift,2389,2420,31,36,9,136
36.590,2026-08-05T05:46:19.097159+00:00,left_elbow_flex,1629,1635,6,34,1,36
36.590,2026-08-05T05:46:19.097159+00:00,left_wrist_flex,2169,2170,1,34,0,0
36.590,2026-08-05T05:46:19.097159+00:00,left_wrist_roll,1989,1987,-2,34,0,1044
36.590,2026-08-05T05:46:19.097159+00:00,left_gripper,2014,2014,0,36,0,0
36.590,2026-08-05T05:46:19.097159+00:00,right_shoulder_pan,1885,1914,29,37,0,52
36.590,2026-08-05T05:46:19.097159+00:00,right_shoulder_lift,1870,2248,378,36,86,450
36.590,2026-08-05T05:46:19.097159+00:00,right_elbow_flex,2097,2137,40,37,6,94
36.590,2026-08-05T05:46:19.097159+00:00,right_wrist_flex,1976,1984,8,35,0,30
36.590,2026-08-05T05:46:19.097159+00:00,right_wrist_roll,2114,2111,-3,34,0,1044
36.590,2026-08-05T05:46:19.097159+00:00,right_gripper,2457,2462,5,37,1,24
36.640,2026-08-05T05:46:19.147213+00:00,left_shoulder_pan,1857,1851,-6,37,1,1060
36.640,2026-08-05T05:46:19.147213+00:00,left_shoulder_lift,2389,2420,31,36,11,136
36.640,2026-08-05T05:46:19.147213+00:00,left_elbow_flex,1629,1635,6,34,1,36
36.640,2026-08-05T05:46:19.147213+00:00,left_wrist_flex,2169,2170,1,34,0,0
36.640,2026-08-05T05:46:19.147213+00:00,left_wrist_roll,1989,1987,-2,34,0,1044
36.640,2026-08-05T05:46:19.147213+00:00,left_gripper,2014,2014,0,37,0,0
36.640,2026-08-05T05:46:19.147213+00:00,right_shoulder_pan,1878,1906,28,37,1,54
36.640,2026-08-05T05:46:19.147213+00:00,right_shoulder_lift,1874,2248,374,36,90,450
36.640,2026-08-05T05:46:19.147213+00:00,right_elbow_flex,2097,2137,40,37,7,94
36.640,2026-08-05T05:46:19.147213+00:00,right_wrist_flex,1976,1984,8,34,0,30
36.640,2026-08-05T05:46:19.147213+00:00,right_wrist_roll,2114,2111,-3,34,1,1044
36.640,2026-08-05T05:46:19.147213+00:00,right_gripper,2457,2462,5,38,1,24
36.691,2026-08-05T05:46:19.197269+00:00,left_shoulder_pan,1857,1851,-6,37,1,1060
36.691,2026-08-05T05:46:19.197269+00:00,left_shoulder_lift,2389,2420,31,36,8,136
36.691,2026-08-05T05:46:19.197269+00:00,left_elbow_flex,1629,1635,6,34,1,36
36.691,2026-08-05T05:46:19.197269+00:00,left_wrist_flex,2169,2170,1,34,0,0
36.691,2026-08-05T05:46:19.197269+00:00,left_wrist_roll,1989,1987,-2,34,0,1044
36.691,2026-08-05T05:46:19.197269+00:00,left_gripper,2014,2014,0,36,0,0
36.691,2026-08-05T05:46:19.197269+00:00,right_shoulder_pan,1871,1898,27,37,0,50
36.691,2026-08-05T05:46:19.197269+00:00,right_shoulder_lift,1878,2248,370,36,81,450
36.691,2026-08-05T05:46:19.197269+00:00,right_elbow_flex,2097,2137,40,37,7,94
36.691,2026-08-05T05:46:19.197269+00:00,right_wrist_flex,1976,1984,8,34,1,30
36.691,2026-08-05T05:46:19.197269+00:00,right_wrist_roll,2114,2111,-3,34,0,1044
36.691,2026-08-05T05:46:19.197269+00:00,right_gripper,2457,2462,5,37,0,24
36.741,2026-08-05T05:46:19.247364+00:00,left_shoulder_pan,1857,1851,-6,37,1,1060
36.741,2026-08-05T05:46:19.247364+00:00,left_shoulder_lift,2389,2420,31,36,9,136
36.741,2026-08-05T05:46:19.247364+00:00,left_elbow_flex,1629,1635,6,34,1,36
36.741,2026-08-05T05:46:19.247364+00:00,left_wrist_flex,2169,2170,1,34,0,0
36.741,2026-08-05T05:46:19.247364+00:00,left_wrist_roll,1989,1987,-2,34,0,1044
36.741,2026-08-05T05:46:19.247364+00:00,left_gripper,2014,2014,0,36,0,0
36.741,2026-08-05T05:46:19.247364+00:00,right_shoulder_pan,1864,1892,28,37,2,54
36.741,2026-08-05T05:46:19.247364+00:00,right_shoulder_lift,1882,2248,366,36,86,450
36.741,2026-08-05T05:46:19.247364+00:00,right_elbow_flex,2097,2137,40,37,7,94
36.741,2026-08-05T05:46:19.247364+00:00,right_wrist_flex,1976,1984,8,34,1,30
36.741,2026-08-05T05:46:19.247364+00:00,right_wrist_roll,2114,2111,-3,34,0,1044
36.741,2026-08-05T05:46:19.247364+00:00,right_gripper,2457,2462,5,37,0,24
36.791,2026-08-05T05:46:19.297230+00:00,left_shoulder_pan,1857,1851,-6,37,1,1060
36.791,2026-08-05T05:46:19.297230+00:00,left_shoulder_lift,2389,2420,31,36,8,136
36.791,2026-08-05T05:46:19.297230+00:00,left_elbow_flex,1629,1635,6,34,1,36
36.791,2026-08-05T05:46:19.297230+00:00,left_wrist_flex,2169,2170,1,34,0,0
36.791,2026-08-05T05:46:19.297230+00:00,left_wrist_roll,1989,1987,-2,34,0,1044
36.791,2026-08-05T05:46:19.297230+00:00,left_gripper,2014,2014,0,36,0,0
36.791,2026-08-05T05:46:19.297230+00:00,right_shoulder_pan,1858,1885,27,37,1,56
36.791,2026-08-05T05:46:19.297230+00:00,right_shoulder_lift,1886,2248,362,36,85,450
36.791,2026-08-05T05:46:19.297230+00:00,right_elbow_flex,2097,2137,40,37,6,94
36.791,2026-08-05T05:46:19.297230+00:00,right_wrist_flex,1976,1984,8,35,1,30
36.791,2026-08-05T05:46:19.297230+00:00,right_wrist_roll,2114,2111,-3,34,0,1044
36.791,2026-08-05T05:46:19.297230+00:00,right_gripper,2457,2462,5,37,0,24
36.841,2026-08-05T05:46:19.347545+00:00,left_shoulder_pan,1857,1851,-6,37,1,1060
36.841,2026-08-05T05:46:19.347545+00:00,left_shoulder_lift,2389,2420,31,36,8,136
36.841,2026-08-05T05:46:19.347545+00:00,left_elbow_flex,1629,1635,6,34,1,36
36.841,2026-08-05T05:46:19.347545+00:00,left_wrist_flex,2169,2170,1,34,0,0
36.841,2026-08-05T05:46:19.347545+00:00,left_wrist_roll,1989,1987,-2,34,0,1044
36.841,2026-08-05T05:46:19.347545+00:00,left_gripper,2014,2014,0,36,0,0
36.841,2026-08-05T05:46:19.347545+00:00,right_shoulder_pan,1851,1878,27,37,1,56
36.841,2026-08-05T05:46:19.347545+00:00,right_shoulder_lift,1891,2248,357,36,87,450
36.841,2026-08-05T05:46:19.347545+00:00,right_elbow_flex,2097,2137,40,37,6,94
36.841,2026-08-05T05:46:19.347545+00:00,right_wrist_flex,1976,1984,8,35,1,30
36.841,2026-08-05T05:46:19.347545+00:00,right_wrist_roll,2114,2111,-3,34,1,1044
36.841,2026-08-05T05:46:19.347545+00:00,right_gripper,2457,2462,5,37,0,24
36.891,2026-08-05T05:46:19.397405+00:00,left_shoulder_pan,1857,1851,-6,37,1,1060
36.891,2026-08-05T05:46:19.397405+00:00,left_shoulder_lift,2389,2420,31,36,9,136
36.891,2026-08-05T05:46:19.397405+00:00,left_elbow_flex,1629,1635,6,34,1,36
36.891,2026-08-05T05:46:19.397405+00:00,left_wrist_flex,2169,2170,1,34,0,0
36.891,2026-08-05T05:46:19.397405+00:00,left_wrist_roll,1989,1987,-2,34,1,1044
36.891,2026-08-05T05:46:19.397405+00:00,left_gripper,2014,2014,0,36,0,0
36.891,2026-08-05T05:46:19.397405+00:00,right_shoulder_pan,1845,1872,27,37,1,58
36.891,2026-08-05T05:46:19.397405+00:00,right_shoulder_lift,1896,2248,352,36,86,450
36.891,2026-08-05T05:46:19.397405+00:00,right_elbow_flex,2097,2137,40,37,7,94
36.891,2026-08-05T05:46:19.397405+00:00,right_wrist_flex,1976,1984,8,34,1,30
36.891,2026-08-05T05:46:19.397405+00:00,right_wrist_roll,2114,2111,-3,34,1,1044
36.891,2026-08-05T05:46:19.397405+00:00,right_gripper,2457,2462,5,37,0,24
36.941,2026-08-05T05:46:19.447711+00:00,left_shoulder_pan,1857,1851,-6,37,1,1060
36.941,2026-08-05T05:46:19.447711+00:00,left_shoulder_lift,2389,2420,31,36,9,136
36.941,2026-08-05T05:46:19.447711+00:00,left_elbow_flex,1629,1635,6,34,1,36
36.941,2026-08-05T05:46:19.447711+00:00,left_wrist_flex,2169,2170,1,34,0,0
36.941,2026-08-05T05:46:19.447711+00:00,left_wrist_roll,1989,1987,-2,34,0,1044
36.941,2026-08-05T05:46:19.447711+00:00,left_gripper,2014,2014,0,36,0,0
36.941,2026-08-05T05:46:19.447711+00:00,right_shoulder_pan,1839,1865,26,37,1,50
36.941,2026-08-05T05:46:19.447711+00:00,right_shoulder_lift,1901,2248,347,36,84,450
36.941,2026-08-05T05:46:19.447711+00:00,right_elbow_flex,2097,2137,40,37,5,94
36.941,2026-08-05T05:46:19.447711+00:00,right_wrist_flex,1976,1984,8,34,0,30
36.941,2026-08-05T05:46:19.447711+00:00,right_wrist_roll,2114,2111,-3,34,0,1044
36.941,2026-08-05T05:46:19.447711+00:00,right_gripper,2457,2462,5,37,0,24
36.991,2026-08-05T05:46:19.497555+00:00,left_shoulder_pan,1857,1851,-6,37,1,1060
36.991,2026-08-05T05:46:19.497555+00:00,left_shoulder_lift,2389,2420,31,36,8,136
36.991,2026-08-05T05:46:19.497555+00:00,left_elbow_flex,1629,1635,6,34,1,36
36.991,2026-08-05T05:46:19.497555+00:00,left_wrist_flex,2169,2170,1,34,0,0
36.991,2026-08-05T05:46:19.497555+00:00,left_wrist_roll,1989,1987,-2,34,1,1044
36.991,2026-08-05T05:46:19.497555+00:00,left_gripper,2014,2014,0,36,0,0
36.991,2026-08-05T05:46:19.497555+00:00,right_shoulder_pan,1834,1859,25,37,1,56
36.991,2026-08-05T05:46:19.497555+00:00,right_shoulder_lift,1907,2248,341,36,88,450
36.991,2026-08-05T05:46:19.497555+00:00,right_elbow_flex,2097,2137,40,37,5,94
36.991,2026-08-05T05:46:19.497555+00:00,right_wrist_flex,1976,1984,8,35,0,30
36.991,2026-08-05T05:46:19.497555+00:00,right_wrist_roll,2114,2111,-3,34,0,1044
36.991,2026-08-05T05:46:19.497555+00:00,right_gripper,2457,2462,5,37,1,24
37.041,2026-08-05T05:46:19.547861+00:00,left_shoulder_pan,1857,1851,-6,37,0,1060
37.041,2026-08-05T05:46:19.547861+00:00,left_shoulder_lift,2389,2420,31,36,11,136
37.041,2026-08-05T05:46:19.547861+00:00,left_elbow_flex,1629,1635,6,34,1,36
37.041,2026-08-05T05:46:19.547861+00:00,left_wrist_flex,2169,2170,1,34,0,0
37.041,2026-08-05T05:46:19.547861+00:00,left_wrist_roll,1989,1987,-2,34,0,1044
37.041,2026-08-05T05:46:19.547861+00:00,left_gripper,2014,2014,0,36,0,0
37.041,2026-08-05T05:46:19.547861+00:00,right_shoulder_pan,1828,1853,25,37,1,48
37.041,2026-08-05T05:46:19.547861+00:00,right_shoulder_lift,1912,2248,336,36,83,450
37.041,2026-08-05T05:46:19.547861+00:00,right_elbow_flex,2097,2137,40,37,6,94
37.041,2026-08-05T05:46:19.547861+00:00,right_wrist_flex,1976,1984,8,35,0,30
37.041,2026-08-05T05:46:19.547861+00:00,right_wrist_roll,2114,2111,-3,34,0,1044
37.041,2026-08-05T05:46:19.547861+00:00,right_gripper,2457,2462,5,37,0,24
37.091,2026-08-05T05:46:19.597686+00:00,left_shoulder_pan,1857,1851,-6,37,2,1060
37.091,2026-08-05T05:46:19.597686+00:00,left_shoulder_lift,2389,2420,31,36,11,136
37.091,2026-08-05T05:46:19.597686+00:00,left_elbow_flex,1629,1635,6,34,1,36
37.091,2026-08-05T05:46:19.597686+00:00,left_wrist_flex,2169,2170,1,34,0,0
37.091,2026-08-05T05:46:19.597686+00:00,left_wrist_roll,1989,1987,-2,34,1,1044
37.091,2026-08-05T05:46:19.597686+00:00,left_gripper,2014,2014,0,36,0,0
37.091,2026-08-05T05:46:19.597686+00:00,right_shoulder_pan,1823,1846,23,37,1,52
37.091,2026-08-05T05:46:19.597686+00:00,right_shoulder_lift,1918,2248,330,36,81,450
37.091,2026-08-05T05:46:19.597686+00:00,right_elbow_flex,2097,2137,40,37,6,94
37.091,2026-08-05T05:46:19.597686+00:00,right_wrist_flex,1976,1984,8,35,0,30
37.091,2026-08-05T05:46:19.597686+00:00,right_wrist_roll,2114,2111,-3,34,0,1044
37.091,2026-08-05T05:46:19.597686+00:00,right_gripper,2457,2462,5,37,0,24
37.141,2026-08-05T05:46:19.647752+00:00,left_shoulder_pan,1857,1851,-6,37,1,1060
37.141,2026-08-05T05:46:19.647752+00:00,left_shoulder_lift,2389,2420,31,36,8,136
37.141,2026-08-05T05:46:19.647752+00:00,left_elbow_flex,1629,1635,6,34,1,36
37.141,2026-08-05T05:46:19.647752+00:00,left_wrist_flex,2169,2170,1,34,0,0
37.141,2026-08-05T05:46:19.647752+00:00,left_wrist_roll,1989,1987,-2,34,0,1044
37.141,2026-08-05T05:46:19.647752+00:00,left_gripper,2014,2014,0,37,0,0
37.141,2026-08-05T05:46:19.647752+00:00,right_shoulder_pan,1818,1841,23,37,1,50
37.141,2026-08-05T05:46:19.647752+00:00,right_shoulder_lift,1924,2248,324,36,85,450
37.141,2026-08-05T05:46:19.647752+00:00,right_elbow_flex,2097,2137,40,37,7,94
37.141,2026-08-05T05:46:19.647752+00:00,right_wrist_flex,1976,1984,8,34,0,30
37.141,2026-08-05T05:46:19.647752+00:00,right_wrist_roll,2114,2111,-3,34,0,1044
37.141,2026-08-05T05:46:19.647752+00:00,right_gripper,2457,2462,5,37,0,24
37.191,2026-08-05T05:46:19.697832+00:00,left_shoulder_pan,1857,1851,-6,37,1,1060
37.191,2026-08-05T05:46:19.697832+00:00,left_shoulder_lift,2389,2420,31,36,8,136
37.191,2026-08-05T05:46:19.697832+00:00,left_elbow_flex,1629,1635,6,34,0,36
37.191,2026-08-05T05:46:19.697832+00:00,left_wrist_flex,2169,2170,1,34,0,0
37.191,2026-08-05T05:46:19.697832+00:00,left_wrist_roll,1989,1987,-2,34,0,1044
37.191,2026-08-05T05:46:19.697832+00:00,left_gripper,2014,2014,0,36,0,0
37.191,2026-08-05T05:46:19.697832+00:00,right_shoulder_pan,1813,1835,22,37,1,44
37.191,2026-08-05T05:46:19.697832+00:00,right_shoulder_lift,1930,2248,318,36,86,450
37.191,2026-08-05T05:46:19.697832+00:00,right_elbow_flex,2097,2137,40,37,6,94
37.191,2026-08-05T05:46:19.697832+00:00,right_wrist_flex,1976,1984,8,34,1,30
37.191,2026-08-05T05:46:19.697832+00:00,right_wrist_roll,2114,2111,-3,34,0,1044
37.191,2026-08-05T05:46:19.697832+00:00,right_gripper,2457,2462,5,37,0,24
37.241,2026-08-05T05:46:19.747961+00:00,left_shoulder_pan,1857,1851,-6,37,1,1060
37.241,2026-08-05T05:46:19.747961+00:00,left_shoulder_lift,2389,2420,31,36,10,136
37.241,2026-08-05T05:46:19.747961+00:00,left_elbow_flex,1629,1635,6,34,1,36
37.241,2026-08-05T05:46:19.747961+00:00,left_wrist_flex,2169,2170,1,34,0,0
37.241,2026-08-05T05:46:19.747961+00:00,left_wrist_roll,1989,1987,-2,34,0,1044
37.241,2026-08-05T05:46:19.747961+00:00,left_gripper,2014,2014,0,36,0,0
37.241,2026-08-05T05:46:19.747961+00:00,right_shoulder_pan,1808,1830,22,37,1,44
37.241,2026-08-05T05:46:19.747961+00:00,right_shoulder_lift,1937,2248,311,36,90,450
37.241,2026-08-05T05:46:19.747961+00:00,right_elbow_flex,2097,2137,40,37,7,94
37.241,2026-08-05T05:46:19.747961+00:00,right_wrist_flex,1976,1984,8,34,1,30
37.241,2026-08-05T05:46:19.747961+00:00,right_wrist_roll,2114,2111,-3,34,0,1044
37.241,2026-08-05T05:46:19.747961+00:00,right_gripper,2457,2462,5,38,0,24
37.291,2026-08-05T05:46:19.798758+00:00,left_shoulder_pan,1857,1851,-6,37,1,1060
37.291,2026-08-05T05:46:19.798758+00:00,left_shoulder_lift,2389,2420,31,36,8,136
37.291,2026-08-05T05:46:19.798758+00:00,left_elbow_flex,1629,1635,6,34,1,36
37.291,2026-08-05T05:46:19.798758+00:00,left_wrist_flex,2169,2170,1,34,0,0
37.291,2026-08-05T05:46:19.798758+00:00,left_wrist_roll,1989,1987,-2,34,0,1044
37.291,2026-08-05T05:46:19.798758+00:00,left_gripper,2014,2014,0,36,0,0
37.291,2026-08-05T05:46:19.798758+00:00,right_shoulder_pan,1804,1824,20,37,1,48
37.291,2026-08-05T05:46:19.798758+00:00,right_shoulder_lift,1943,2248,305,36,88,450
37.291,2026-08-05T05:46:19.798758+00:00,right_elbow_flex,2097,2137,40,37,6,94
37.291,2026-08-05T05:46:19.798758+00:00,right_wrist_flex,1976,1984,8,34,1,30
37.291,2026-08-05T05:46:19.798758+00:00,right_wrist_roll,2114,2111,-3,34,0,1044
37.291,2026-08-05T05:46:19.798758+00:00,right_gripper,2457,2462,5,37,1,24
37.342,2026-08-05T05:46:19.848120+00:00,left_shoulder_pan,1857,1851,-6,37,1,1060
37.342,2026-08-05T05:46:19.848120+00:00,left_shoulder_lift,2389,2420,31,36,8,136
37.342,2026-08-05T05:46:19.848120+00:00,left_elbow_flex,1629,1635,6,34,1,36
37.342,2026-08-05T05:46:19.848120+00:00,left_wrist_flex,2169,2170,1,34,0,0
37.342,2026-08-05T05:46:19.848120+00:00,left_wrist_roll,1989,1987,-2,34,0,1044
37.342,2026-08-05T05:46:19.848120+00:00,left_gripper,2014,2014,0,36,0,0
37.342,2026-08-05T05:46:19.848120+00:00,right_shoulder_pan,1800,1819,19,37,0,42
37.342,2026-08-05T05:46:19.848120+00:00,right_shoulder_lift,1950,2248,298,36,82,450
37.342,2026-08-05T05:46:19.848120+00:00,right_elbow_flex,2097,2137,40,37,6,94
37.342,2026-08-05T05:46:19.848120+00:00,right_wrist_flex,1976,1984,8,34,1,30
37.342,2026-08-05T05:46:19.848120+00:00,right_wrist_roll,2114,2111,-3,34,1,1044
37.342,2026-08-05T05:46:19.848120+00:00,right_gripper,2457,2462,5,37,0,24
37.392,2026-08-05T05:46:19.898255+00:00,left_shoulder_pan,1857,1851,-6,37,1,1060
37.392,2026-08-05T05:46:19.898255+00:00,left_shoulder_lift,2389,2420,31,36,8,136
37.392,2026-08-05T05:46:19.898255+00:00,left_elbow_flex,1629,1635,6,34,1,36
37.392,2026-08-05T05:46:19.898255+00:00,left_wrist_flex,2169,2170,1,34,0,0
37.392,2026-08-05T05:46:19.898255+00:00,left_wrist_roll,1989,1987,-2,34,0,1044
37.392,2026-08-05T05:46:19.898255+00:00,left_gripper,2014,2014,0,36,0,0
37.392,2026-08-05T05:46:19.898255+00:00,right_shoulder_pan,1796,1814,18,37,1,40
37.392,2026-08-05T05:46:19.898255+00:00,right_shoulder_lift,1957,2248,291,36,89,450
37.392,2026-08-05T05:46:19.898255+00:00,right_elbow_flex,2097,2137,40,37,6,94
37.392,2026-08-05T05:46:19.898255+00:00,right_wrist_flex,1976,1984,8,34,0,30
37.392,2026-08-05T05:46:19.898255+00:00,right_wrist_roll,2114,2111,-3,34,0,1044
37.392,2026-08-05T05:46:19.898255+00:00,right_gripper,2457,2462,5,37,1,24
37.442,2026-08-05T05:46:19.948258+00:00,left_shoulder_pan,1857,1851,-6,37,1,1060
37.442,2026-08-05T05:46:19.948258+00:00,left_shoulder_lift,2389,2420,31,36,10,136
37.442,2026-08-05T05:46:19.948258+00:00,left_elbow_flex,1629,1635,6,34,1,36
37.442,2026-08-05T05:46:19.948258+00:00,left_wrist_flex,2169,2170,1,34,0,0
37.442,2026-08-05T05:46:19.948258+00:00,left_wrist_roll,1989,1987,-2,34,0,1044
37.442,2026-08-05T05:46:19.948258+00:00,left_gripper,2014,2014,0,36,0,0
37.442,2026-08-05T05:46:19.948258+00:00,right_shoulder_pan,1793,1810,17,37,1,38
37.442,2026-08-05T05:46:19.948258+00:00,right_shoulder_lift,1964,2248,284,36,82,450
37.442,2026-08-05T05:46:19.948258+00:00,right_elbow_flex,2097,2137,40,37,6,94
37.442,2026-08-05T05:46:19.948258+00:00,right_wrist_flex,1976,1984,8,35,1,30
37.442,2026-08-05T05:46:19.948258+00:00,right_wrist_roll,2114,2111,-3,34,0,1044
37.442,2026-08-05T05:46:19.948258+00:00,right_gripper,2457,2462,5,37,0,24
37.492,2026-08-05T05:46:19.998413+00:00,left_shoulder_pan,1857,1851,-6,37,1,1060
37.492,2026-08-05T05:46:19.998413+00:00,left_shoulder_lift,2389,2420,31,36,9,136
37.492,2026-08-05T05:46:19.998413+00:00,left_elbow_flex,1629,1635,6,34,1,36
37.492,2026-08-05T05:46:19.998413+00:00,left_wrist_flex,2169,2170,1,34,0,0
37.492,2026-08-05T05:46:19.998413+00:00,left_wrist_roll,1989,1987,-2,34,0,1044
37.492,2026-08-05T05:46:19.998413+00:00,left_gripper,2014,2014,0,36,0,0
37.492,2026-08-05T05:46:19.998413+00:00,right_shoulder_pan,1790,1806,16,37,1,40
37.492,2026-08-05T05:46:19.998413+00:00,right_shoulder_lift,1971,2248,277,36,87,450
37.492,2026-08-05T05:46:19.998413+00:00,right_elbow_flex,2097,2137,40,37,6,94
37.492,2026-08-05T05:46:19.998413+00:00,right_wrist_flex,1976,1984,8,34,0,30
37.492,2026-08-05T05:46:19.998413+00:00,right_wrist_roll,2114,2111,-3,34,1,1044
37.492,2026-08-05T05:46:19.998413+00:00,right_gripper,2457,2462,5,37,0,24
37.542,2026-08-05T05:46:20.048847+00:00,left_shoulder_pan,1857,1851,-6,37,1,1060
37.542,2026-08-05T05:46:20.048847+00:00,left_shoulder_lift,2389,2420,31,36,10,136
37.542,2026-08-05T05:46:20.048847+00:00,left_elbow_flex,1629,1635,6,34,1,36
37.542,2026-08-05T05:46:20.048847+00:00,left_wrist_flex,2169,2170,1,34,0,0
37.542,2026-08-05T05:46:20.048847+00:00,left_wrist_roll,1989,1987,-2,34,0,1044
37.542,2026-08-05T05:46:20.048847+00:00,left_gripper,2014,2014,0,37,0,0
37.542,2026-08-05T05:46:20.048847+00:00,right_shoulder_pan,1787,1802,15,37,1,34
37.542,2026-08-05T05:46:20.048847+00:00,right_shoulder_lift,1979,2248,269,36,84,450
37.542,2026-08-05T05:46:20.048847+00:00,right_elbow_flex,2097,2137,40,37,7,94
37.542,2026-08-05T05:46:20.048847+00:00,right_wrist_flex,1976,1984,8,34,0,30
37.542,2026-08-05T05:46:20.048847+00:00,right_wrist_roll,2114,2111,-3,34,0,1044
37.542,2026-08-05T05:46:20.048847+00:00,right_gripper,2457,2462,5,37,0,24
37.592,2026-08-05T05:46:20.098612+00:00,left_shoulder_pan,1857,1851,-6,37,1,1060
37.592,2026-08-05T05:46:20.098612+00:00,left_shoulder_lift,2389,2420,31,36,11,136
37.592,2026-08-05T05:46:20.098612+00:00,left_elbow_flex,1629,1635,6,34,0,36
37.592,2026-08-05T05:46:20.098612+00:00,left_wrist_flex,2169,2170,1,34,0,0
37.592,2026-08-05T05:46:20.098612+00:00,left_wrist_roll,1989,1987,-2,34,0,1044
37.592,2026-08-05T05:46:20.098612+00:00,left_gripper,2014,2014,0,37,0,0
37.592,2026-08-05T05:46:20.098612+00:00,right_shoulder_pan,1784,1798,14,37,1,38
37.592,2026-08-05T05:46:20.098612+00:00,right_shoulder_lift,1986,2248,262,36,83,450
37.592,2026-08-05T05:46:20.098612+00:00,right_elbow_flex,2097,2137,40,37,6,94
37.592,2026-08-05T05:46:20.098612+00:00,right_wrist_flex,1976,1984,8,34,1,30
37.592,2026-08-05T05:46:20.098612+00:00,right_wrist_roll,2114,2111,-3,34,0,1044
37.592,2026-08-05T05:46:20.098612+00:00,right_gripper,2457,2462,5,37,1,24
37.642,2026-08-05T05:46:20.148939+00:00,left_shoulder_pan,1857,1851,-6,37,1,1060
37.642,2026-08-05T05:46:20.148939+00:00,left_shoulder_lift,2389,2420,31,36,9,136
37.642,2026-08-05T05:46:20.148939+00:00,left_elbow_flex,1629,1635,6,34,1,36
37.642,2026-08-05T05:46:20.148939+00:00,left_wrist_flex,2169,2170,1,34,0,0
37.642,2026-08-05T05:46:20.148939+00:00,left_wrist_roll,1989,1987,-2,34,1,1044
37.642,2026-08-05T05:46:20.148939+00:00,left_gripper,2014,2014,0,37,0,0
37.642,2026-08-05T05:46:20.148939+00:00,right_shoulder_pan,1782,1795,13,37,1,32
37.642,2026-08-05T05:46:20.148939+00:00,right_shoulder_lift,1994,2248,254,36,89,450
37.642,2026-08-05T05:46:20.148939+00:00,right_elbow_flex,2097,2137,40,37,7,94
37.642,2026-08-05T05:46:20.148939+00:00,right_wrist_flex,1976,1984,8,34,1,30
37.642,2026-08-05T05:46:20.148939+00:00,right_wrist_roll,2114,2111,-3,34,0,1044
37.642,2026-08-05T05:46:20.148939+00:00,right_gripper,2457,2462,5,38,0,24
37.692,2026-08-05T05:46:20.198652+00:00,left_shoulder_pan,1857,1851,-6,37,1,1060
37.692,2026-08-05T05:46:20.198652+00:00,left_shoulder_lift,2389,2420,31,36,8,136
37.692,2026-08-05T05:46:20.198652+00:00,left_elbow_flex,1629,1635,6,34,1,36
37.692,2026-08-05T05:46:20.198652+00:00,left_wrist_flex,2169,2170,1,34,0,0
37.692,2026-08-05T05:46:20.198652+00:00,left_wrist_roll,1989,1987,-2,34,0,1044
37.692,2026-08-05T05:46:20.198652+00:00,left_gripper,2014,2014,0,36,0,0
37.692,2026-08-05T05:46:20.198652+00:00,right_shoulder_pan,1780,1792,12,37,1,32
37.692,2026-08-05T05:46:20.198652+00:00,right_shoulder_lift,2001,2248,247,36,82,450
37.692,2026-08-05T05:46:20.198652+00:00,right_elbow_flex,2097,2137,40,37,7,94
37.692,2026-08-05T05:46:20.198652+00:00,right_wrist_flex,1976,1984,8,35,1,30
37.692,2026-08-05T05:46:20.198652+00:00,right_wrist_roll,2114,2111,-3,34,1,1044
37.692,2026-08-05T05:46:20.198652+00:00,right_gripper,2457,2462,5,37,0,24
37.742,2026-08-05T05:46:20.248665+00:00,left_shoulder_pan,1857,1851,-6,37,1,1060
37.742,2026-08-05T05:46:20.248665+00:00,left_shoulder_lift,2389,2420,31,36,9,136
37.742,2026-08-05T05:46:20.248665+00:00,left_elbow_flex,1629,1635,6,34,1,36
37.742,2026-08-05T05:46:20.248665+00:00,left_wrist_flex,2169,2170,1,34,0,0
37.742,2026-08-05T05:46:20.248665+00:00,left_wrist_roll,1989,1987,-2,33,0,1044
37.742,2026-08-05T05:46:20.248665+00:00,left_gripper,2014,2014,0,36,0,0
37.742,2026-08-05T05:46:20.248665+00:00,right_shoulder_pan,1778,1790,12,37,0,32
37.742,2026-08-05T05:46:20.248665+00:00,right_shoulder_lift,2009,2248,239,36,93,450
37.742,2026-08-05T05:46:20.248665+00:00,right_elbow_flex,2097,2137,40,37,5,94
37.742,2026-08-05T05:46:20.248665+00:00,right_wrist_flex,1976,1984,8,34,0,30
37.742,2026-08-05T05:46:20.248665+00:00,right_wrist_roll,2114,2111,-3,34,0,1044
37.742,2026-08-05T05:46:20.248665+00:00,right_gripper,2457,2462,5,38,0,24
37.792,2026-08-05T05:46:20.298980+00:00,left_shoulder_pan,1857,1851,-6,37,1,1060
37.792,2026-08-05T05:46:20.298980+00:00,left_shoulder_lift,2389,2420,31,36,11,136
37.792,2026-08-05T05:46:20.298980+00:00,left_elbow_flex,1629,1635,6,34,1,36
37.792,2026-08-05T05:46:20.298980+00:00,left_wrist_flex,2169,2170,1,34,0,0
37.792,2026-08-05T05:46:20.298980+00:00,left_wrist_roll,1989,1987,-2,34,1,1044
37.792,2026-08-05T05:46:20.298980+00:00,left_gripper,2014,2014,0,36,0,0
37.792,2026-08-05T05:46:20.298980+00:00,right_shoulder_pan,1777,1787,10,37,0,30
37.792,2026-08-05T05:46:20.298980+00:00,right_shoulder_lift,2017,2248,231,36,82,450
37.792,2026-08-05T05:46:20.298980+00:00,right_elbow_flex,2097,2137,40,37,6,94
37.792,2026-08-05T05:46:20.298980+00:00,right_wrist_flex,1976,1984,8,34,0,30
37.792,2026-08-05T05:46:20.298980+00:00,right_wrist_roll,2114,2111,-3,34,1,1044
37.792,2026-08-05T05:46:20.298980+00:00,right_gripper,2457,2462,5,38,1,24
37.842,2026-08-05T05:46:20.348883+00:00,left_shoulder_pan,1857,1851,-6,37,1,1060
37.842,2026-08-05T05:46:20.348883+00:00,left_shoulder_lift,2389,2420,31,36,8,136
37.842,2026-08-05T05:46:20.348883+00:00,left_elbow_flex,1629,1635,6,34,0,36
37.842,2026-08-05T05:46:20.348883+00:00,left_wrist_flex,2169,2170,1,34,0,0
37.842,2026-08-05T05:46:20.348883+00:00,left_wrist_roll,1989,1987,-2,34,0,1044
37.842,2026-08-05T05:46:20.348883+00:00,left_gripper,2014,2014,0,36,0,0
37.842,2026-08-05T05:46:20.348883+00:00,right_shoulder_pan,1776,1786,10,37,1,34
37.842,2026-08-05T05:46:20.348883+00:00,right_shoulder_lift,2024,2248,224,36,86,450
37.842,2026-08-05T05:46:20.348883+00:00,right_elbow_flex,2097,2137,40,36,6,94
37.842,2026-08-05T05:46:20.348883+00:00,right_wrist_flex,1976,1984,8,34,1,30
37.842,2026-08-05T05:46:20.348883+00:00,right_wrist_roll,2114,2111,-3,34,0,1044
37.842,2026-08-05T05:46:20.348883+00:00,right_gripper,2457,2462,5,37,1,24
37.892,2026-08-05T05:46:20.398969+00:00,left_shoulder_pan,1857,1851,-6,37,1,1060
37.892,2026-08-05T05:46:20.398969+00:00,left_shoulder_lift,2389,2420,31,36,10,136
37.892,2026-08-05T05:46:20.398969+00:00,left_elbow_flex,1629,1635,6,34,1,36
37.892,2026-08-05T05:46:20.398969+00:00,left_wrist_flex,2169,2170,1,34,0,0
37.892,2026-08-05T05:46:20.398969+00:00,left_wrist_roll,1989,1987,-2,34,0,1044
37.892,2026-08-05T05:46:20.398969+00:00,left_gripper,2014,2014,0,36,0,0
37.892,2026-08-05T05:46:20.398969+00:00,right_shoulder_pan,1775,1785,10,37,1,34
37.892,2026-08-05T05:46:20.398969+00:00,right_shoulder_lift,2032,2248,216,36,87,450
37.892,2026-08-05T05:46:20.398969+00:00,right_elbow_flex,2097,2137,40,37,7,94
37.892,2026-08-05T05:46:20.398969+00:00,right_wrist_flex,1976,1984,8,34,1,30
37.892,2026-08-05T05:46:20.398969+00:00,right_wrist_roll,2114,2111,-3,34,0,1044
37.892,2026-08-05T05:46:20.398969+00:00,right_gripper,2457,2462,5,37,1,24
37.942,2026-08-05T05:46:20.450295+00:00,left_shoulder_pan,1857,1851,-6,37,1,1060
37.942,2026-08-05T05:46:20.450295+00:00,left_shoulder_lift,2389,2420,31,36,10,136
37.942,2026-08-05T05:46:20.450295+00:00,left_elbow_flex,1629,1635,6,34,1,36
37.942,2026-08-05T05:46:20.450295+00:00,left_wrist_flex,2169,2170,1,34,0,0
37.942,2026-08-05T05:46:20.450295+00:00,left_wrist_roll,1989,1987,-2,34,1,1044
37.942,2026-08-05T05:46:20.450295+00:00,left_gripper,2014,2014,0,36,0,0
37.942,2026-08-05T05:46:20.450295+00:00,right_shoulder_pan,1774,1785,11,37,1,36
37.942,2026-08-05T05:46:20.450295+00:00,right_shoulder_lift,2040,2248,208,36,82,436
37.942,2026-08-05T05:46:20.450295+00:00,right_elbow_flex,2097,2137,40,37,6,94
37.942,2026-08-05T05:46:20.450295+00:00,right_wrist_flex,1976,1984,8,35,1,30
37.942,2026-08-05T05:46:20.450295+00:00,right_wrist_roll,2114,2111,-3,34,0,1044
37.942,2026-08-05T05:46:20.450295+00:00,right_gripper,2457,2462,5,37,0,24
37.993,2026-08-05T05:46:20.499162+00:00,left_shoulder_pan,1857,1851,-6,37,2,1060
37.993,2026-08-05T05:46:20.499162+00:00,left_shoulder_lift,2389,2420,31,36,8,136
37.993,2026-08-05T05:46:20.499162+00:00,left_elbow_flex,1629,1635,6,34,1,36
37.993,2026-08-05T05:46:20.499162+00:00,left_wrist_flex,2169,2170,1,34,0,0
37.993,2026-08-05T05:46:20.499162+00:00,left_wrist_roll,1989,1987,-2,34,0,1044
37.993,2026-08-05T05:46:20.499162+00:00,left_gripper,2014,2014,0,37,0,0
37.993,2026-08-05T05:46:20.499162+00:00,right_shoulder_pan,1774,1785,11,37,0,36
37.993,2026-08-05T05:46:20.499162+00:00,right_shoulder_lift,2048,2248,200,36,69,416
37.993,2026-08-05T05:46:20.499162+00:00,right_elbow_flex,2097,2137,40,37,6,94
37.993,2026-08-05T05:46:20.499162+00:00,right_wrist_flex,1976,1984,8,34,1,30
37.993,2026-08-05T05:46:20.499162+00:00,right_wrist_roll,2114,2111,-3,34,1,1044
37.993,2026-08-05T05:46:20.499162+00:00,right_gripper,2457,2462,5,37,0,24
38.043,2026-08-05T05:46:20.549175+00:00,left_shoulder_pan,1857,1851,-6,37,1,1060
38.043,2026-08-05T05:46:20.549175+00:00,left_shoulder_lift,2389,2420,31,36,11,136
38.043,2026-08-05T05:46:20.549175+00:00,left_elbow_flex,1629,1635,6,34,1,36
38.043,2026-08-05T05:46:20.549175+00:00,left_wrist_flex,2169,2170,1,34,0,0
38.043,2026-08-05T05:46:20.549175+00:00,left_wrist_roll,1989,1987,-2,34,0,1044
38.043,2026-08-05T05:46:20.549175+00:00,left_gripper,2014,2014,0,37,0,0
38.043,2026-08-05T05:46:20.549175+00:00,right_shoulder_pan,1774,1785,11,37,1,36
38.043,2026-08-05T05:46:20.549175+00:00,right_shoulder_lift,2056,2248,192,36,67,404
38.043,2026-08-05T05:46:20.549175+00:00,right_elbow_flex,2097,2137,40,37,7,94
38.043,2026-08-05T05:46:20.549175+00:00,right_wrist_flex,1976,1984,8,34,1,30
38.043,2026-08-05T05:46:20.549175+00:00,right_wrist_roll,2114,2111,-3,34,0,1044
38.043,2026-08-05T05:46:20.549175+00:00,right_gripper,2457,2462,5,37,0,24
38.093,2026-08-05T05:46:20.600522+00:00,left_shoulder_pan,1857,1851,-6,37,1,1060
38.093,2026-08-05T05:46:20.600522+00:00,left_shoulder_lift,2389,2420,31,36,10,136
38.093,2026-08-05T05:46:20.600522+00:00,left_elbow_flex,1629,1635,6,34,1,36
38.093,2026-08-05T05:46:20.600522+00:00,left_wrist_flex,2169,2170,1,34,0,0
38.093,2026-08-05T05:46:20.600522+00:00,left_wrist_roll,1989,1987,-2,34,0,1044
38.093,2026-08-05T05:46:20.600522+00:00,left_gripper,2014,2014,0,36,0,0
38.093,2026-08-05T05:46:20.600522+00:00,right_shoulder_pan,1775,1786,11,37,1,42
38.093,2026-08-05T05:46:20.600522+00:00,right_shoulder_lift,2064,2248,184,36,60,384
38.093,2026-08-05T05:46:20.600522+00:00,right_elbow_flex,2097,2137,40,37,6,94
38.093,2026-08-05T05:46:20.600522+00:00,right_wrist_flex,1976,1984,8,35,0,30
38.093,2026-08-05T05:46:20.600522+00:00,right_wrist_roll,2114,2111,-3,34,1,1044
38.093,2026-08-05T05:46:20.600522+00:00,right_gripper,2457,2462,5,37,0,24
38.143,2026-08-05T05:46:20.649603+00:00,left_shoulder_pan,1857,1851,-6,37,1,1060
38.143,2026-08-05T05:46:20.649603+00:00,left_shoulder_lift,2389,2420,31,36,9,136
38.143,2026-08-05T05:46:20.649603+00:00,left_elbow_flex,1629,1635,6,34,1,36
38.143,2026-08-05T05:46:20.649603+00:00,left_wrist_flex,2169,2170,1,34,0,0
38.143,2026-08-05T05:46:20.649603+00:00,left_wrist_roll,1989,1987,-2,34,1,1044
38.143,2026-08-05T05:46:20.649603+00:00,left_gripper,2014,2014,0,36,0,0
38.143,2026-08-05T05:46:20.649603+00:00,right_shoulder_pan,1775,1786,11,37,1,36
38.143,2026-08-05T05:46:20.649603+00:00,right_shoulder_lift,2071,2248,177,36,55,372
38.143,2026-08-05T05:46:20.649603+00:00,right_elbow_flex,2097,2137,40,37,6,94
38.143,2026-08-05T05:46:20.649603+00:00,right_wrist_flex,1976,1984,8,35,0,30
38.143,2026-08-05T05:46:20.649603+00:00,right_wrist_roll,2114,2111,-3,34,0,1044
38.143,2026-08-05T05:46:20.649603+00:00,right_gripper,2457,2462,5,37,0,24
38.193,2026-08-05T05:46:20.699865+00:00,left_shoulder_pan,1857,1851,-6,37,0,1060
38.193,2026-08-05T05:46:20.699865+00:00,left_shoulder_lift,2389,2420,31,36,8,136
38.193,2026-08-05T05:46:20.699865+00:00,left_elbow_flex,1629,1635,6,34,1,36
38.193,2026-08-05T05:46:20.699865+00:00,left_wrist_flex,2169,2170,1,34,0,0
38.193,2026-08-05T05:46:20.699865+00:00,left_wrist_roll,1989,1987,-2,34,1,1044
38.193,2026-08-05T05:46:20.699865+00:00,left_gripper,2014,2014,0,36,0,0
38.193,2026-08-05T05:46:20.699865+00:00,right_shoulder_pan,1776,1786,10,37,1,36
38.193,2026-08-05T05:46:20.699865+00:00,right_shoulder_lift,2079,2248,169,36,51,358
38.193,2026-08-05T05:46:20.699865+00:00,right_elbow_flex,2097,2137,40,37,5,94
38.193,2026-08-05T05:46:20.699865+00:00,right_wrist_flex,1976,1984,8,34,1,30
38.193,2026-08-05T05:46:20.699865+00:00,right_wrist_roll,2114,2111,-3,34,1,1044
38.193,2026-08-05T05:46:20.699865+00:00,right_gripper,2457,2462,5,37,1,24
38.243,2026-08-05T05:46:20.749690+00:00,left_shoulder_pan,1857,1851,-6,37,1,1060
38.243,2026-08-05T05:46:20.749690+00:00,left_shoulder_lift,2389,2420,31,36,8,136
38.243,2026-08-05T05:46:20.749690+00:00,left_elbow_flex,1629,1635,6,34,1,36
38.243,2026-08-05T05:46:20.749690+00:00,left_wrist_flex,2169,2170,1,34,0,0
38.243,2026-08-05T05:46:20.749690+00:00,left_wrist_roll,1989,1987,-2,34,0,1044
38.243,2026-08-05T05:46:20.749690+00:00,left_gripper,2014,2014,0,36,0,0
38.243,2026-08-05T05:46:20.749690+00:00,right_shoulder_pan,1778,1786,8,37,1,34
38.243,2026-08-05T05:46:20.749690+00:00,right_shoulder_lift,2087,2248,161,36,48,342
38.243,2026-08-05T05:46:20.749690+00:00,right_elbow_flex,2097,2137,40,37,6,94
38.243,2026-08-05T05:46:20.749690+00:00,right_wrist_flex,1976,1984,8,35,0,30
38.243,2026-08-05T05:46:20.749690+00:00,right_wrist_roll,2114,2111,-3,34,0,1044
38.243,2026-08-05T05:46:20.749690+00:00,right_gripper,2457,2462,5,37,0,24
38.293,2026-08-05T05:46:20.800519+00:00,left_shoulder_pan,1857,1851,-6,37,1,1060
38.293,2026-08-05T05:46:20.800519+00:00,left_shoulder_lift,2389,2420,31,36,8,136
38.293,2026-08-05T05:46:20.800519+00:00,left_elbow_flex,1629,1635,6,34,1,36
38.293,2026-08-05T05:46:20.800519+00:00,left_wrist_flex,2169,2170,1,34,0,0
38.293,2026-08-05T05:46:20.800519+00:00,left_wrist_roll,1989,1987,-2,34,1,1044
38.293,2026-08-05T05:46:20.800519+00:00,left_gripper,2014,2014,0,36,0,0
38.293,2026-08-05T05:46:20.800519+00:00,right_shoulder_pan,1779,1785,6,37,0,28
38.293,2026-08-05T05:46:20.800519+00:00,right_shoulder_lift,2095,2248,153,36,39,322
38.293,2026-08-05T05:46:20.800519+00:00,right_elbow_flex,2097,2137,40,37,6,94
38.293,2026-08-05T05:46:20.800519+00:00,right_wrist_flex,1976,1984,8,34,1,30
38.293,2026-08-05T05:46:20.800519+00:00,right_wrist_roll,2114,2111,-3,34,0,1044
38.293,2026-08-05T05:46:20.800519+00:00,right_gripper,2457,2462,5,37,1,24
38.343,2026-08-05T05:46:20.849625+00:00,left_shoulder_pan,1857,1851,-6,37,1,1060
38.343,2026-08-05T05:46:20.849625+00:00,left_shoulder_lift,2389,2420,31,36,10,136
38.343,2026-08-05T05:46:20.849625+00:00,left_elbow_flex,1629,1635,6,34,1,36
38.343,2026-08-05T05:46:20.849625+00:00,left_wrist_flex,2169,2170,1,34,0,0
38.343,2026-08-05T05:46:20.849625+00:00,left_wrist_roll,1989,1987,-2,34,0,1044
38.343,2026-08-05T05:46:20.849625+00:00,left_gripper,2014,2014,0,37,0,0
38.343,2026-08-05T05:46:20.849625+00:00,right_shoulder_pan,1781,1785,4,37,1,26
38.343,2026-08-05T05:46:20.849625+00:00,right_shoulder_lift,2102,2248,146,36,44,310
38.343,2026-08-05T05:46:20.849625+00:00,right_elbow_flex,2097,2137,40,37,6,94
38.343,2026-08-05T05:46:20.849625+00:00,right_wrist_flex,1976,1984,8,35,0,30
38.343,2026-08-05T05:46:20.849625+00:00,right_wrist_roll,2114,2111,-3,34,0,1044
38.343,2026-08-05T05:46:20.849625+00:00,right_gripper,2457,2462,5,37,0,24
38.393,2026-08-05T05:46:20.899833+00:00,left_shoulder_pan,1857,1851,-6,37,1,1060
38.393,2026-08-05T05:46:20.899833+00:00,left_shoulder_lift,2389,2420,31,36,9,136
38.393,2026-08-05T05:46:20.899833+00:00,left_elbow_flex,1629,1635,6,34,1,36
38.393,2026-08-05T05:46:20.899833+00:00,left_wrist_flex,2169,2170,1,34,0,0
38.393,2026-08-05T05:46:20.899833+00:00,left_wrist_roll,1989,1987,-2,34,1,1044
38.393,2026-08-05T05:46:20.899833+00:00,left_gripper,2014,2014,0,36,0,0
38.393,2026-08-05T05:46:20.899833+00:00,right_shoulder_pan,1783,1785,2,37,0,22
38.393,2026-08-05T05:46:20.899833+00:00,right_shoulder_lift,2110,2248,138,36,40,296
38.393,2026-08-05T05:46:20.899833+00:00,right_elbow_flex,2097,2137,40,37,6,94
38.393,2026-08-05T05:46:20.899833+00:00,right_wrist_flex,1976,1984,8,35,1,30
38.393,2026-08-05T05:46:20.899833+00:00,right_wrist_roll,2114,2111,-3,34,1,1044
38.393,2026-08-05T05:46:20.899833+00:00,right_gripper,2457,2462,5,38,1,24
38.443,2026-08-05T05:46:20.949763+00:00,left_shoulder_pan,1857,1851,-6,37,1,1060
38.443,2026-08-05T05:46:20.949763+00:00,left_shoulder_lift,2389,2420,31,36,8,136
38.443,2026-08-05T05:46:20.949763+00:00,left_elbow_flex,1629,1635,6,34,0,36
38.443,2026-08-05T05:46:20.949763+00:00,left_wrist_flex,2169,2170,1,34,0,0
38.443,2026-08-05T05:46:20.949763+00:00,left_wrist_roll,1989,1987,-2,34,0,1044
38.443,2026-08-05T05:46:20.949763+00:00,left_gripper,2014,2014,0,36,0,0
38.443,2026-08-05T05:46:20.949763+00:00,right_shoulder_pan,1786,1786,0,37,0,0
38.443,2026-08-05T05:46:20.949763+00:00,right_shoulder_lift,2117,2248,131,36,38,280
38.443,2026-08-05T05:46:20.949763+00:00,right_elbow_flex,2097,2137,40,37,6,94
38.443,2026-08-05T05:46:20.949763+00:00,right_wrist_flex,1976,1984,8,34,1,30
38.443,2026-08-05T05:46:20.949763+00:00,right_wrist_roll,2114,2111,-3,34,0,1044
38.443,2026-08-05T05:46:20.949763+00:00,right_gripper,2457,2462,5,38,1,24
38.493,2026-08-05T05:46:20.999887+00:00,left_shoulder_pan,1857,1851,-6,37,1,1060
38.493,2026-08-05T05:46:20.999887+00:00,left_shoulder_lift,2389,2420,31,36,11,136
38.493,2026-08-05T05:46:20.999887+00:00,left_elbow_flex,1629,1635,6,34,1,36
38.493,2026-08-05T05:46:20.999887+00:00,left_wrist_flex,2169,2170,1,34,0,0
38.493,2026-08-05T05:46:20.999887+00:00,left_wrist_roll,1989,1987,-2,34,0,1044
38.493,2026-08-05T05:46:20.999887+00:00,left_gripper,2014,2014,0,36,0,0
38.493,2026-08-05T05:46:20.999887+00:00,right_shoulder_pan,1789,1786,-3,37,0,0
38.493,2026-08-05T05:46:20.999887+00:00,right_shoulder_lift,2125,2248,123,36,34,266
38.493,2026-08-05T05:46:20.999887+00:00,right_elbow_flex,2097,2137,40,37,6,94
38.493,2026-08-05T05:46:20.999887+00:00,right_wrist_flex,1976,1984,8,34,0,30
38.493,2026-08-05T05:46:20.999887+00:00,right_wrist_roll,2114,2111,-3,34,0,1044
38.493,2026-08-05T05:46:20.999887+00:00,right_gripper,2457,2462,5,37,0,24
38.543,2026-08-05T05:46:21.049907+00:00,left_shoulder_pan,1857,1851,-6,37,1,1060
38.543,2026-08-05T05:46:21.049907+00:00,left_shoulder_lift,2389,2420,31,36,9,136
38.543,2026-08-05T05:46:21.049907+00:00,left_elbow_flex,1629,1635,6,34,1,36
38.543,2026-08-05T05:46:21.049907+00:00,left_wrist_flex,2169,2170,1,34,0,0
38.543,2026-08-05T05:46:21.049907+00:00,left_wrist_roll,1989,1987,-2,34,0,1044
38.543,2026-08-05T05:46:21.049907+00:00,left_gripper,2014,2014,0,36,0,0
38.543,2026-08-05T05:46:21.049907+00:00,right_shoulder_pan,1792,1786,-6,37,1,1052
38.543,2026-08-05T05:46:21.049907+00:00,right_shoulder_lift,2132,2248,116,36,29,254
38.543,2026-08-05T05:46:21.049907+00:00,right_elbow_flex,2097,2137,40,37,7,94
38.543,2026-08-05T05:46:21.049907+00:00,right_wrist_flex,1976,1984,8,35,0,30
38.543,2026-08-05T05:46:21.049907+00:00,right_wrist_roll,2114,2111,-3,34,1,1044
38.543,2026-08-05T05:46:21.049907+00:00,right_gripper,2457,2462,5,37,0,24
38.593,2026-08-05T05:46:21.100910+00:00,left_shoulder_pan,1857,1851,-6,37,1,1060
38.593,2026-08-05T05:46:21.100910+00:00,left_shoulder_lift,2389,2420,31,36,8,136
38.593,2026-08-05T05:46:21.100910+00:00,left_elbow_flex,1629,1635,6,34,0,36
38.593,2026-08-05T05:46:21.100910+00:00,left_wrist_flex,2169,2170,1,34,0,0
38.593,2026-08-05T05:46:21.100910+00:00,left_wrist_roll,1989,1987,-2,34,0,1044
38.593,2026-08-05T05:46:21.100910+00:00,left_gripper,2014,2014,0,36,0,0
38.593,2026-08-05T05:46:21.100910+00:00,right_shoulder_pan,1795,1786,-9,37,1,1054
38.593,2026-08-05T05:46:21.100910+00:00,right_shoulder_lift,2139,2248,109,36,26,236
38.593,2026-08-05T05:46:21.100910+00:00,right_elbow_flex,2097,2137,40,37,6,94
38.593,2026-08-05T05:46:21.100910+00:00,right_wrist_flex,1976,1984,8,34,0,30
38.593,2026-08-05T05:46:21.100910+00:00,right_wrist_roll,2114,2111,-3,34,0,1044
38.593,2026-08-05T05:46:21.100910+00:00,right_gripper,2457,2462,5,37,1,24
38.644,2026-08-05T05:46:21.150369+00:00,left_shoulder_pan,1857,1851,-6,37,1,1060
38.644,2026-08-05T05:46:21.150369+00:00,left_shoulder_lift,2389,2420,31,36,9,136
38.644,2026-08-05T05:46:21.150369+00:00,left_elbow_flex,1629,1635,6,34,1,36
38.644,2026-08-05T05:46:21.150369+00:00,left_wrist_flex,2169,2170,1,34,0,0
38.644,2026-08-05T05:46:21.150369+00:00,left_wrist_roll,1989,1987,-2,34,1,1044
38.644,2026-08-05T05:46:21.150369+00:00,left_gripper,2014,2014,0,36,0,0
38.644,2026-08-05T05:46:21.150369+00:00,right_shoulder_pan,1799,1786,-13,37,1,1064
38.644,2026-08-05T05:46:21.150369+00:00,right_shoulder_lift,2146,2248,102,36,19,222
38.644,2026-08-05T05:46:21.150369+00:00,right_elbow_flex,2097,2137,40,37,7,94
38.644,2026-08-05T05:46:21.150369+00:00,right_wrist_flex,1976,1984,8,34,1,30
38.644,2026-08-05T05:46:21.150369+00:00,right_wrist_roll,2114,2111,-3,34,1,1044
38.644,2026-08-05T05:46:21.150369+00:00,right_gripper,2457,2462,5,37,0,24
38.694,2026-08-05T05:46:21.200478+00:00,left_shoulder_pan,1857,1851,-6,37,1,1060
38.694,2026-08-05T05:46:21.200478+00:00,left_shoulder_lift,2389,2420,31,36,8,136
38.694,2026-08-05T05:46:21.200478+00:00,left_elbow_flex,1629,1635,6,34,1,36
38.694,2026-08-05T05:46:21.200478+00:00,left_wrist_flex,2169,2170,1,34,0,0
38.694,2026-08-05T05:46:21.200478+00:00,left_wrist_roll,1989,1987,-2,34,0,1044
38.694,2026-08-05T05:46:21.200478+00:00,left_gripper,2014,2014,0,36,0,0
38.694,2026-08-05T05:46:21.200478+00:00,right_shoulder_pan,1803,1786,-17,37,1,1068
38.694,2026-08-05T05:46:21.200478+00:00,right_shoulder_lift,2153,2248,95,36,19,208
38.694,2026-08-05T05:46:21.200478+00:00,right_elbow_flex,2097,2137,40,37,6,94
38.694,2026-08-05T05:46:21.200478+00:00,right_wrist_flex,1976,1984,8,34,0,30
38.694,2026-08-05T05:46:21.200478+00:00,right_wrist_roll,2114,2111,-3,34,1,1044
38.694,2026-08-05T05:46:21.200478+00:00,right_gripper,2457,2462,5,37,1,24
38.744,2026-08-05T05:46:21.250862+00:00,left_shoulder_pan,1857,1851,-6,37,1,1060
38.744,2026-08-05T05:46:21.250862+00:00,left_shoulder_lift,2389,2420,31,36,12,136
38.744,2026-08-05T05:46:21.250862+00:00,left_elbow_flex,1629,1635,6,34,1,36
38.744,2026-08-05T05:46:21.250862+00:00,left_wrist_flex,2169,2170,1,34,0,0
38.744,2026-08-05T05:46:21.250862+00:00,left_wrist_roll,1989,1987,-2,34,0,1044
38.744,2026-08-05T05:46:21.250862+00:00,left_gripper,2014,2014,0,36,0,0
38.744,2026-08-05T05:46:21.250862+00:00,right_shoulder_pan,1807,1787,-20,37,3,1078
38.744,2026-08-05T05:46:21.250862+00:00,right_shoulder_lift,2159,2248,89,36,19,194
38.744,2026-08-05T05:46:21.250862+00:00,right_elbow_flex,2097,2137,40,37,5,94
38.744,2026-08-05T05:46:21.250862+00:00,right_wrist_flex,1976,1984,8,34,1,30
38.744,2026-08-05T05:46:21.250862+00:00,right_wrist_roll,2114,2111,-3,34,0,1044
38.744,2026-08-05T05:46:21.250862+00:00,right_gripper,2457,2462,5,37,0,24
38.794,2026-08-05T05:46:21.300565+00:00,left_shoulder_pan,1857,1851,-6,36,2,1060
38.794,2026-08-05T05:46:21.300565+00:00,left_shoulder_lift,2389,2420,31,36,9,136
38.794,2026-08-05T05:46:21.300565+00:00,left_elbow_flex,1629,1635,6,34,1,36
38.794,2026-08-05T05:46:21.300565+00:00,left_wrist_flex,2169,2170,1,34,0,0
38.794,2026-08-05T05:46:21.300565+00:00,left_wrist_roll,1989,1987,-2,34,0,1044
38.794,2026-08-05T05:46:21.300565+00:00,left_gripper,2014,2014,0,37,0,0
38.794,2026-08-05T05:46:21.300565+00:00,right_shoulder_pan,1812,1789,-23,37,2,1078
38.794,2026-08-05T05:46:21.300565+00:00,right_shoulder_lift,2166,2248,82,36,12,180
38.794,2026-08-05T05:46:21.300565+00:00,right_elbow_flex,2097,2137,40,37,6,94
38.794,2026-08-05T05:46:21.300565+00:00,right_wrist_flex,1976,1984,8,34,0,30
38.794,2026-08-05T05:46:21.300565+00:00,right_wrist_roll,2114,2111,-3,34,0,1044
38.794,2026-08-05T05:46:21.300565+00:00,right_gripper,2457,2462,5,37,0,24
38.844,2026-08-05T05:46:21.350453+00:00,left_shoulder_pan,1857,1851,-6,37,1,1060
38.844,2026-08-05T05:46:21.350453+00:00,left_shoulder_lift,2389,2420,31,36,10,136
38.844,2026-08-05T05:46:21.350453+00:00,left_elbow_flex,1629,1635,6,34,1,36
38.844,2026-08-05T05:46:21.350453+00:00,left_wrist_flex,2169,2170,1,34,0,0
38.844,2026-08-05T05:46:21.350453+00:00,left_wrist_roll,1989,1987,-2,34,0,1044
38.844,2026-08-05T05:46:21.350453+00:00,left_gripper,2014,2014,0,36,0,0
38.844,2026-08-05T05:46:21.350453+00:00,right_shoulder_pan,1816,1792,-24,37,2,1086
38.844,2026-08-05T05:46:21.350453+00:00,right_shoulder_lift,2172,2248,76,36,14,168
38.844,2026-08-05T05:46:21.350453+00:00,right_elbow_flex,2097,2137,40,37,6,94
38.844,2026-08-05T05:46:21.350453+00:00,right_wrist_flex,1976,1984,8,34,0,30
38.844,2026-08-05T05:46:21.350453+00:00,right_wrist_roll,2114,2111,-3,34,1,1044
38.844,2026-08-05T05:46:21.350453+00:00,right_gripper,2457,2462,5,37,1,24
38.894,2026-08-05T05:46:21.400758+00:00,left_shoulder_pan,1857,1851,-6,37,1,1060
38.894,2026-08-05T05:46:21.400758+00:00,left_shoulder_lift,2389,2420,31,36,8,136
38.894,2026-08-05T05:46:21.400758+00:00,left_elbow_flex,1629,1635,6,34,1,36
38.894,2026-08-05T05:46:21.400758+00:00,left_wrist_flex,2169,2170,1,34,0,0
38.894,2026-08-05T05:46:21.400758+00:00,left_wrist_roll,1989,1987,-2,34,0,1044
38.894,2026-08-05T05:46:21.400758+00:00,left_gripper,2014,2014,0,36,0,0
38.894,2026-08-05T05:46:21.400758+00:00,right_shoulder_pan,1821,1796,-25,38,1,1076
38.894,2026-08-05T05:46:21.400758+00:00,right_shoulder_lift,2178,2248,70,36,9,156
38.894,2026-08-05T05:46:21.400758+00:00,right_elbow_flex,2097,2137,40,37,7,94
38.894,2026-08-05T05:46:21.400758+00:00,right_wrist_flex,1976,1984,8,34,1,30
38.894,2026-08-05T05:46:21.400758+00:00,right_wrist_roll,2114,2111,-3,34,0,1044
38.894,2026-08-05T05:46:21.400758+00:00,right_gripper,2457,2462,5,37,0,24
38.944,2026-08-05T05:46:21.450773+00:00,left_shoulder_pan,1857,1851,-6,37,1,1060
38.944,2026-08-05T05:46:21.450773+00:00,left_shoulder_lift,2389,2420,31,36,8,136
38.944,2026-08-05T05:46:21.450773+00:00,left_elbow_flex,1629,1635,6,34,1,36
38.944,2026-08-05T05:46:21.450773+00:00,left_wrist_flex,2169,2170,1,34,0,0
38.944,2026-08-05T05:46:21.450773+00:00,left_wrist_roll,1989,1987,-2,34,0,1044
38.944,2026-08-05T05:46:21.450773+00:00,left_gripper,2014,2014,0,37,0,0
38.944,2026-08-05T05:46:21.450773+00:00,right_shoulder_pan,1827,1800,-27,37,2,1082
38.944,2026-08-05T05:46:21.450773+00:00,right_shoulder_lift,2184,2248,64,36,9,148
38.944,2026-08-05T05:46:21.450773+00:00,right_elbow_flex,2097,2137,40,37,6,94
38.944,2026-08-05T05:46:21.450773+00:00,right_wrist_flex,1976,1984,8,34,1,30
38.944,2026-08-05T05:46:21.450773+00:00,right_wrist_roll,2114,2111,-3,34,1,1044
38.944,2026-08-05T05:46:21.450773+00:00,right_gripper,2457,2462,5,37,1,24
38.994,2026-08-05T05:46:21.500874+00:00,left_shoulder_pan,1857,1851,-6,37,1,1060
38.994,2026-08-05T05:46:21.500874+00:00,left_shoulder_lift,2389,2420,31,36,8,136
38.994,2026-08-05T05:46:21.500874+00:00,left_elbow_flex,1629,1635,6,34,1,36
38.994,2026-08-05T05:46:21.500874+00:00,left_wrist_flex,2169,2170,1,34,0,0
38.994,2026-08-05T05:46:21.500874+00:00,left_wrist_roll,1989,1987,-2,34,1,1044
38.994,2026-08-05T05:46:21.500874+00:00,left_gripper,2014,2014,0,36,0,0
38.994,2026-08-05T05:46:21.500874+00:00,right_shoulder_pan,1832,1806,-26,37,1,1082
38.994,2026-08-05T05:46:21.500874+00:00,right_shoulder_lift,2190,2248,58,36,7,130
38.994,2026-08-05T05:46:21.500874+00:00,right_elbow_flex,2097,2137,40,37,5,94
38.994,2026-08-05T05:46:21.500874+00:00,right_wrist_flex,1976,1984,8,34,1,30
38.994,2026-08-05T05:46:21.500874+00:00,right_wrist_roll,2114,2111,-3,34,0,1044
38.994,2026-08-05T05:46:21.500874+00:00,right_gripper,2457,2462,5,37,1,24
39.044,2026-08-05T05:46:21.550918+00:00,left_shoulder_pan,1857,1851,-6,37,1,1060
39.044,2026-08-05T05:46:21.550918+00:00,left_shoulder_lift,2389,2420,31,36,9,136
39.044,2026-08-05T05:46:21.550918+00:00,left_elbow_flex,1629,1635,6,34,1,36
39.044,2026-08-05T05:46:21.550918+00:00,left_wrist_flex,2169,2170,1,34,0,0
39.044,2026-08-05T05:46:21.550918+00:00,left_wrist_roll,1989,1987,-2,34,1,1044
39.044,2026-08-05T05:46:21.550918+00:00,left_gripper,2014,2014,0,36,0,0
39.044,2026-08-05T05:46:21.550918+00:00,right_shoulder_pan,1838,1811,-27,37,2,1080
39.044,2026-08-05T05:46:21.550918+00:00,right_shoulder_lift,2195,2248,53,36,11,122
39.044,2026-08-05T05:46:21.550918+00:00,right_elbow_flex,2097,2137,40,37,7,94
39.044,2026-08-05T05:46:21.550918+00:00,right_wrist_flex,1976,1984,8,34,0,30
39.044,2026-08-05T05:46:21.550918+00:00,right_wrist_roll,2114,2111,-3,34,0,1044
39.044,2026-08-05T05:46:21.550918+00:00,right_gripper,2457,2462,5,38,1,24
39.094,2026-08-05T05:46:21.601057+00:00,left_shoulder_pan,1857,1851,-6,37,0,1060
39.094,2026-08-05T05:46:21.601057+00:00,left_shoulder_lift,2389,2420,31,36,8,136
39.094,2026-08-05T05:46:21.601057+00:00,left_elbow_flex,1629,1635,6,34,1,36
39.094,2026-08-05T05:46:21.601057+00:00,left_wrist_flex,2169,2170,1,34,0,0
39.094,2026-08-05T05:46:21.601057+00:00,left_wrist_roll,1989,1987,-2,34,0,1044
39.094,2026-08-05T05:46:21.601057+00:00,left_gripper,2014,2014,0,36,0,0
39.094,2026-08-05T05:46:21.601057+00:00,right_shoulder_pan,1843,1816,-27,37,2,1088
39.094,2026-08-05T05:46:21.601057+00:00,right_shoulder_lift,2200,2248,48,36,8,108
39.094,2026-08-05T05:46:21.601057+00:00,right_elbow_flex,2097,2137,40,37,7,94
39.094,2026-08-05T05:46:21.601057+00:00,right_wrist_flex,1976,1984,8,35,1,30
39.094,2026-08-05T05:46:21.601057+00:00,right_wrist_roll,2114,2111,-3,34,0,1044
39.094,2026-08-05T05:46:21.601057+00:00,right_gripper,2457,2462,5,37,0,24
39.144,2026-08-05T05:46:21.650843+00:00,left_shoulder_pan,1857,1851,-6,37,1,1060
39.144,2026-08-05T05:46:21.650843+00:00,left_shoulder_lift,2389,2420,31,36,8,136
39.144,2026-08-05T05:46:21.650843+00:00,left_elbow_flex,1629,1635,6,34,1,36
39.144,2026-08-05T05:46:21.650843+00:00,left_wrist_flex,2169,2170,1,34,0,0
39.144,2026-08-05T05:46:21.650843+00:00,left_wrist_roll,1989,1987,-2,34,0,1044
39.144,2026-08-05T05:46:21.650843+00:00,left_gripper,2014,2014,0,36,0,0
39.144,2026-08-05T05:46:21.650843+00:00,right_shoulder_pan,1849,1821,-28,37,1,1080
39.144,2026-08-05T05:46:21.650843+00:00,right_shoulder_lift,2206,2248,42,36,6,102
39.144,2026-08-05T05:46:21.650843+00:00,right_elbow_flex,2097,2137,40,37,7,94
39.144,2026-08-05T05:46:21.650843+00:00,right_wrist_flex,1976,1984,8,34,0,30
39.144,2026-08-05T05:46:21.650843+00:00,right_wrist_roll,2114,2111,-3,34,0,1044
39.144,2026-08-05T05:46:21.650843+00:00,right_gripper,2457,2462,5,37,1,24
39.194,2026-08-05T05:46:21.701232+00:00,left_shoulder_pan,1857,1851,-6,37,1,1060
39.194,2026-08-05T05:46:21.701232+00:00,left_shoulder_lift,2389,2420,31,36,9,136
39.194,2026-08-05T05:46:21.701232+00:00,left_elbow_flex,1629,1635,6,34,1,36
39.194,2026-08-05T05:46:21.701232+00:00,left_wrist_flex,2169,2170,1,34,0,0
39.194,2026-08-05T05:46:21.701232+00:00,left_wrist_roll,1989,1987,-2,34,0,1044
39.194,2026-08-05T05:46:21.701232+00:00,left_gripper,2014,2014,0,36,0,0
39.194,2026-08-05T05:46:21.701232+00:00,right_shoulder_pan,1856,1827,-29,37,1,1080
39.194,2026-08-05T05:46:21.701232+00:00,right_shoulder_lift,2210,2248,38,36,4,86
39.194,2026-08-05T05:46:21.701232+00:00,right_elbow_flex,2097,2137,40,37,6,94
39.194,2026-08-05T05:46:21.701232+00:00,right_wrist_flex,1976,1984,8,34,0,30
39.194,2026-08-05T05:46:21.701232+00:00,right_wrist_roll,2114,2111,-3,34,1,1044
39.194,2026-08-05T05:46:21.701232+00:00,right_gripper,2457,2462,5,37,1,24
39.244,2026-08-05T05:46:21.751068+00:00,left_shoulder_pan,1857,1851,-6,37,1,1060
39.244,2026-08-05T05:46:21.751068+00:00,left_shoulder_lift,2389,2420,31,36,10,136
39.244,2026-08-05T05:46:21.751068+00:00,left_elbow_flex,1629,1635,6,34,0,36
39.244,2026-08-05T05:46:21.751068+00:00,left_wrist_flex,2169,2170,1,34,0,0
39.244,2026-08-05T05:46:21.751068+00:00,left_wrist_roll,1989,1987,-2,34,1,1044
39.244,2026-08-05T05:46:21.751068+00:00,left_gripper,2014,2014,0,37,0,0
39.244,2026-08-05T05:46:21.751068+00:00,right_shoulder_pan,1862,1833,-29,37,1,1084
39.244,2026-08-05T05:46:21.751068+00:00,right_shoulder_lift,2215,2248,33,36,3,82
39.244,2026-08-05T05:46:21.751068+00:00,right_elbow_flex,2097,2137,40,37,6,94
39.244,2026-08-05T05:46:21.751068+00:00,right_wrist_flex,1976,1984,8,34,1,30
39.244,2026-08-05T05:46:21.751068+00:00,right_wrist_roll,2114,2111,-3,33,1,1044
39.244,2026-08-05T05:46:21.751068+00:00,right_gripper,2457,2462,5,37,0,24
39.295,2026-08-05T05:46:21.801080+00:00,left_shoulder_pan,1857,1851,-6,37,1,1060
39.295,2026-08-05T05:46:21.801080+00:00,left_shoulder_lift,2389,2420,31,36,8,136
39.295,2026-08-05T05:46:21.801080+00:00,left_elbow_flex,1629,1635,6,34,1,36
39.295,2026-08-05T05:46:21.801080+00:00,left_wrist_flex,2169,2170,1,34,0,0
39.295,2026-08-05T05:46:21.801080+00:00,left_wrist_roll,1989,1987,-2,34,0,1044
39.295,2026-08-05T05:46:21.801080+00:00,left_gripper,2014,2014,0,36,0,0
39.295,2026-08-05T05:46:21.801080+00:00,right_shoulder_pan,1869,1839,-30,37,0,1080
39.295,2026-08-05T05:46:21.801080+00:00,right_shoulder_lift,2219,2248,29,36,3,72
39.295,2026-08-05T05:46:21.801080+00:00,right_elbow_flex,2097,2137,40,37,6,94
39.295,2026-08-05T05:46:21.801080+00:00,right_wrist_flex,1976,1984,8,34,1,30
39.295,2026-08-05T05:46:21.801080+00:00,right_wrist_roll,2114,2111,-3,34,1,1044
39.295,2026-08-05T05:46:21.801080+00:00,right_gripper,2457,2462,5,38,0,24
39.345,2026-08-05T05:46:21.851136+00:00,left_shoulder_pan,1857,1851,-6,37,1,1060
39.345,2026-08-05T05:46:21.851136+00:00,left_shoulder_lift,2389,2420,31,36,8,136
39.345,2026-08-05T05:46:21.851136+00:00,left_elbow_flex,1629,1635,6,34,1,36
39.345,2026-08-05T05:46:21.851136+00:00,left_wrist_flex,2169,2170,1,34,0,0
39.345,2026-08-05T05:46:21.851136+00:00,left_wrist_roll,1989,1987,-2,34,0,1044
39.345,2026-08-05T05:46:21.851136+00:00,left_gripper,2014,2014,0,36,0,0
39.345,2026-08-05T05:46:21.851136+00:00,right_shoulder_pan,1876,1845,-31,37,2,1078
39.345,2026-08-05T05:46:21.851136+00:00,right_shoulder_lift,2223,2248,25,36,3,64
39.345,2026-08-05T05:46:21.851136+00:00,right_elbow_flex,2097,2137,40,37,5,94
39.345,2026-08-05T05:46:21.851136+00:00,right_wrist_flex,1976,1984,8,34,1,30
39.345,2026-08-05T05:46:21.851136+00:00,right_wrist_roll,2114,2111,-3,34,0,1044
39.345,2026-08-05T05:46:21.851136+00:00,right_gripper,2457,2462,5,37,1,24
39.395,2026-08-05T05:46:21.901245+00:00,left_shoulder_pan,1857,1851,-6,37,1,1060
39.395,2026-08-05T05:46:21.901245+00:00,left_shoulder_lift,2389,2420,31,36,10,136
39.395,2026-08-05T05:46:21.901245+00:00,left_elbow_flex,1629,1635,6,34,0,36
39.395,2026-08-05T05:46:21.901245+00:00,left_wrist_flex,2169,2170,1,34,0,0
39.395,2026-08-05T05:46:21.901245+00:00,left_wrist_roll,1989,1987,-2,34,0,1044
39.395,2026-08-05T05:46:21.901245+00:00,left_gripper,2014,2014,0,36,0,0
39.395,2026-08-05T05:46:21.901245+00:00,right_shoulder_pan,1882,1852,-30,37,2,1084
39.395,2026-08-05T05:46:21.901245+00:00,right_shoulder_lift,2227,2248,21,36,1,56
39.395,2026-08-05T05:46:21.901245+00:00,right_elbow_flex,2097,2137,40,37,6,94
39.395,2026-08-05T05:46:21.901245+00:00,right_wrist_flex,1976,1984,8,34,1,30
39.395,2026-08-05T05:46:21.901245+00:00,right_wrist_roll,2114,2111,-3,34,1,1044
39.395,2026-08-05T05:46:21.901245+00:00,right_gripper,2457,2462,5,38,0,24
39.445,2026-08-05T05:46:21.951535+00:00,left_shoulder_pan,1857,1851,-6,37,1,1060
39.445,2026-08-05T05:46:21.951535+00:00,left_shoulder_lift,2389,2420,31,37,8,136
39.445,2026-08-05T05:46:21.951535+00:00,left_elbow_flex,1629,1635,6,34,1,36
39.445,2026-08-05T05:46:21.951535+00:00,left_wrist_flex,2169,2170,1,34,0,0
39.445,2026-08-05T05:46:21.951535+00:00,left_wrist_roll,1989,1987,-2,34,0,1044
39.445,2026-08-05T05:46:21.951535+00:00,left_gripper,2014,2014,0,37,0,0
39.445,2026-08-05T05:46:21.951535+00:00,right_shoulder_pan,1890,1858,-32,37,1,1080
39.445,2026-08-05T05:46:21.951535+00:00,right_shoulder_lift,2230,2248,18,36,1,48
39.445,2026-08-05T05:46:21.951535+00:00,right_elbow_flex,2097,2137,40,37,6,94
39.445,2026-08-05T05:46:21.951535+00:00,right_wrist_flex,1976,1984,8,34,0,30
39.445,2026-08-05T05:46:21.951535+00:00,right_wrist_roll,2114,2111,-3,34,0,1044
39.445,2026-08-05T05:46:21.951535+00:00,right_gripper,2457,2462,5,37,1,24
39.495,2026-08-05T05:46:22.001442+00:00,left_shoulder_pan,1857,1851,-6,37,1,1060
39.495,2026-08-05T05:46:22.001442+00:00,left_shoulder_lift,2389,2420,31,36,8,136
39.495,2026-08-05T05:46:22.001442+00:00,left_elbow_flex,1629,1635,6,34,1,36
39.495,2026-08-05T05:46:22.001442+00:00,left_wrist_flex,2169,2170,1,34,0,0
39.495,2026-08-05T05:46:22.001442+00:00,left_wrist_roll,1989,1987,-2,34,0,1044
39.495,2026-08-05T05:46:22.001442+00:00,left_gripper,2014,2014,0,37,0,0
39.495,2026-08-05T05:46:22.001442+00:00,right_shoulder_pan,1897,1865,-32,37,1,1092
39.495,2026-08-05T05:46:22.001442+00:00,right_shoulder_lift,2233,2248,15,36,0,46
39.495,2026-08-05T05:46:22.001442+00:00,right_elbow_flex,2097,2137,40,37,6,94
39.495,2026-08-05T05:46:22.001442+00:00,right_wrist_flex,1976,1984,8,34,0,30
39.495,2026-08-05T05:46:22.001442+00:00,right_wrist_roll,2114,2111,-3,34,1,1044
39.495,2026-08-05T05:46:22.001442+00:00,right_gripper,2457,2462,5,37,0,24
39.545,2026-08-05T05:46:22.052046+00:00,left_shoulder_pan,1857,1851,-6,37,1,1060
39.545,2026-08-05T05:46:22.052046+00:00,left_shoulder_lift,2389,2420,31,36,11,136
39.545,2026-08-05T05:46:22.052046+00:00,left_elbow_flex,1629,1635,6,34,1,36
39.545,2026-08-05T05:46:22.052046+00:00,left_wrist_flex,2169,2170,1,34,0,0
39.545,2026-08-05T05:46:22.052046+00:00,left_wrist_roll,1989,1987,-2,34,0,1044
39.545,2026-08-05T05:46:22.052046+00:00,left_gripper,2014,2014,0,36,0,0
39.545,2026-08-05T05:46:22.052046+00:00,right_shoulder_pan,1904,1872,-32,37,2,1086
39.545,2026-08-05T05:46:22.052046+00:00,right_shoulder_lift,2236,2248,12,36,1,40
39.545,2026-08-05T05:46:22.052046+00:00,right_elbow_flex,2097,2137,40,37,6,94
39.545,2026-08-05T05:46:22.052046+00:00,right_wrist_flex,1976,1984,8,34,0,30
39.545,2026-08-05T05:46:22.052046+00:00,right_wrist_roll,2114,2111,-3,34,0,1044
39.545,2026-08-05T05:46:22.052046+00:00,right_gripper,2457,2462,5,37,1,24
39.595,2026-08-05T05:46:22.101546+00:00,left_shoulder_pan,1857,1851,-6,37,1,1060
39.595,2026-08-05T05:46:22.101546+00:00,left_shoulder_lift,2389,2420,31,36,9,136
39.595,2026-08-05T05:46:22.101546+00:00,left_elbow_flex,1629,1635,6,34,1,36
39.595,2026-08-05T05:46:22.101546+00:00,left_wrist_flex,2169,2170,1,34,0,0
39.595,2026-08-05T05:46:22.101546+00:00,left_wrist_roll,1989,1987,-2,34,0,1044
39.595,2026-08-05T05:46:22.101546+00:00,left_gripper,2014,2014,0,36,0,0
39.595,2026-08-05T05:46:22.101546+00:00,right_shoulder_pan,1911,1879,-32,37,1,1086
39.595,2026-08-05T05:46:22.101546+00:00,right_shoulder_lift,2239,2248,9,36,0,34
39.595,2026-08-05T05:46:22.101546+00:00,right_elbow_flex,2097,2137,40,37,5,94
39.595,2026-08-05T05:46:22.101546+00:00,right_wrist_flex,1976,1984,8,35,1,30
39.595,2026-08-05T05:46:22.101546+00:00,right_wrist_roll,2114,2111,-3,34,0,1044
39.595,2026-08-05T05:46:22.101546+00:00,right_gripper,2457,2462,5,37,1,24
39.645,2026-08-05T05:46:22.151706+00:00,left_shoulder_pan,1857,1851,-6,37,1,1060
39.645,2026-08-05T05:46:22.151706+00:00,left_shoulder_lift,2389,2420,31,36,8,136
39.645,2026-08-05T05:46:22.151706+00:00,left_elbow_flex,1629,1635,6,34,1,36
39.645,2026-08-05T05:46:22.151706+00:00,left_wrist_flex,2169,2170,1,34,0,0
39.645,2026-08-05T05:46:22.151706+00:00,left_wrist_roll,1989,1987,-2,34,1,1044
39.645,2026-08-05T05:46:22.151706+00:00,left_gripper,2014,2014,0,36,0,0
39.645,2026-08-05T05:46:22.151706+00:00,right_shoulder_pan,1919,1885,-34,38,1,1086
39.645,2026-08-05T05:46:22.151706+00:00,right_shoulder_lift,2241,2248,7,36,1,28
39.645,2026-08-05T05:46:22.151706+00:00,right_elbow_flex,2097,2137,40,37,7,94
39.645,2026-08-05T05:46:22.151706+00:00,right_wrist_flex,1976,1984,8,34,1,30
39.645,2026-08-05T05:46:22.151706+00:00,right_wrist_roll,2114,2111,-3,34,0,1044
39.645,2026-08-05T05:46:22.151706+00:00,right_gripper,2457,2462,5,37,0,24
39.695,2026-08-05T05:46:22.201953+00:00,left_shoulder_pan,1857,1851,-6,37,1,1060
39.695,2026-08-05T05:46:22.201953+00:00,left_shoulder_lift,2389,2420,31,36,10,136
39.695,2026-08-05T05:46:22.201953+00:00,left_elbow_flex,1629,1635,6,34,1,36
39.695,2026-08-05T05:46:22.201953+00:00,left_wrist_flex,2169,2170,1,35,0,0
39.695,2026-08-05T05:46:22.201953+00:00,left_wrist_roll,1989,1987,-2,34,0,1044
39.695,2026-08-05T05:46:22.201953+00:00,left_gripper,2014,2014,0,36,0,0
39.695,2026-08-05T05:46:22.201953+00:00,right_shoulder_pan,1927,1892,-35,37,1,1088
39.695,2026-08-05T05:46:22.201953+00:00,right_shoulder_lift,2243,2248,5,36,0,28
39.695,2026-08-05T05:46:22.201953+00:00,right_elbow_flex,2097,2137,40,37,6,94
39.695,2026-08-05T05:46:22.201953+00:00,right_wrist_flex,1976,1984,8,34,0,30
39.695,2026-08-05T05:46:22.201953+00:00,right_wrist_roll,2114,2111,-3,34,0,1044
39.695,2026-08-05T05:46:22.201953+00:00,right_gripper,2457,2462,5,37,1,24
39.745,2026-08-05T05:46:22.251841+00:00,left_shoulder_pan,1857,1851,-6,37,1,1060
39.745,2026-08-05T05:46:22.251841+00:00,left_shoulder_lift,2389,2420,31,36,10,136
39.745,2026-08-05T05:46:22.251841+00:00,left_elbow_flex,1629,1635,6,34,0,36
39.745,2026-08-05T05:46:22.251841+00:00,left_wrist_flex,2169,2170,1,34,0,0
39.745,2026-08-05T05:46:22.251841+00:00,left_wrist_roll,1989,1987,-2,34,0,1044
39.745,2026-08-05T05:46:22.251841+00:00,left_gripper,2014,2014,0,36,0,0
39.745,2026-08-05T05:46:22.251841+00:00,right_shoulder_pan,1934,1899,-35,64,1,1090
39.745,2026-08-05T05:46:22.251841+00:00,right_shoulder_lift,2245,2248,3,36,0,20
39.745,2026-08-05T05:46:22.251841+00:00,right_elbow_flex,2097,2137,40,37,6,94
39.745,2026-08-05T05:46:22.251841+00:00,right_wrist_flex,1976,1984,8,34,0,30
39.745,2026-08-05T05:46:22.251841+00:00,right_wrist_roll,2114,2111,-3,34,0,1044
39.745,2026-08-05T05:46:22.251841+00:00,right_gripper,2457,2462,5,37,0,24
39.795,2026-08-05T05:46:22.302113+00:00,left_shoulder_pan,1857,1851,-6,37,1,1060
39.795,2026-08-05T05:46:22.302113+00:00,left_shoulder_lift,2389,2420,31,36,8,136
39.795,2026-08-05T05:46:22.302113+00:00,left_elbow_flex,1629,1635,6,34,1,36
39.795,2026-08-05T05:46:22.302113+00:00,left_wrist_flex,2169,2170,1,34,0,0
39.795,2026-08-05T05:46:22.302113+00:00,left_wrist_roll,1989,1987,-2,34,0,1044
39.795,2026-08-05T05:46:22.302113+00:00,left_gripper,2014,2014,0,36,0,0
39.795,2026-08-05T05:46:22.302113+00:00,right_shoulder_pan,1942,1906,-36,37,2,1090
39.795,2026-08-05T05:46:22.302113+00:00,right_shoulder_lift,2246,2248,2,36,0,20
39.795,2026-08-05T05:46:22.302113+00:00,right_elbow_flex,2097,2137,40,37,6,94
39.795,2026-08-05T05:46:22.302113+00:00,right_wrist_flex,1976,1984,8,34,1,30
39.795,2026-08-05T05:46:22.302113+00:00,right_wrist_roll,2114,2111,-3,34,1,1044
39.795,2026-08-05T05:46:22.302113+00:00,right_gripper,2457,2462,5,37,0,24
39.845,2026-08-05T05:46:22.351930+00:00,left_shoulder_pan,1857,1851,-6,37,1,1060
39.845,2026-08-05T05:46:22.351930+00:00,left_shoulder_lift,2389,2420,31,35,10,136
39.845,2026-08-05T05:46:22.351930+00:00,left_elbow_flex,1629,1635,6,34,1,36
39.845,2026-08-05T05:46:22.351930+00:00,left_wrist_flex,2169,2170,1,34,0,0
39.845,2026-08-05T05:46:22.351930+00:00,left_wrist_roll,1989,1987,-2,34,0,1044
39.845,2026-08-05T05:46:22.351930+00:00,left_gripper,2014,2014,0,36,0,0
39.845,2026-08-05T05:46:22.351930+00:00,right_shoulder_pan,1950,1913,-37,37,1,1096
39.845,2026-08-05T05:46:22.351930+00:00,right_shoulder_lift,2248,2248,0,36,0,18
39.845,2026-08-05T05:46:22.351930+00:00,right_elbow_flex,2097,2137,40,37,6,94
39.845,2026-08-05T05:46:22.351930+00:00,right_wrist_flex,1976,1984,8,34,0,30
39.845,2026-08-05T05:46:22.351930+00:00,right_wrist_roll,2114,2111,-3,34,0,1044
39.845,2026-08-05T05:46:22.351930+00:00,right_gripper,2457,2462,5,37,1,24
39.895,2026-08-05T05:46:22.402299+00:00,left_shoulder_pan,1857,1851,-6,37,1,1060
39.895,2026-08-05T05:46:22.402299+00:00,left_shoulder_lift,2389,2420,31,36,8,136
39.895,2026-08-05T05:46:22.402299+00:00,left_elbow_flex,1629,1635,6,34,1,36
39.895,2026-08-05T05:46:22.402299+00:00,left_wrist_flex,2169,2170,1,34,0,0
39.895,2026-08-05T05:46:22.402299+00:00,left_wrist_roll,1989,1987,-2,34,0,1044
39.895,2026-08-05T05:46:22.402299+00:00,left_gripper,2014,2014,0,36,0,0
39.895,2026-08-05T05:46:22.402299+00:00,right_shoulder_pan,1958,1921,-37,37,2,1096
39.895,2026-08-05T05:46:22.402299+00:00,right_shoulder_lift,2248,2248,0,36,0,0
39.895,2026-08-05T05:46:22.402299+00:00,right_elbow_flex,2097,2137,40,37,6,94
39.895,2026-08-05T05:46:22.402299+00:00,right_wrist_flex,1976,1984,8,34,0,30
39.895,2026-08-05T05:46:22.402299+00:00,right_wrist_roll,2114,2111,-3,34,1,1044
39.895,2026-08-05T05:46:22.402299+00:00,right_gripper,2457,2462,5,37,1,24
39.946,2026-08-05T05:46:22.452592+00:00,left_shoulder_pan,1857,1851,-6,37,0,1060
39.946,2026-08-05T05:46:22.452592+00:00,left_shoulder_lift,2389,2420,31,36,8,136
39.946,2026-08-05T05:46:22.452592+00:00,left_elbow_flex,1629,1635,6,34,1,36
39.946,2026-08-05T05:46:22.452592+00:00,left_wrist_flex,2169,2170,1,34,0,0
39.946,2026-08-05T05:46:22.452592+00:00,left_wrist_roll,1989,1987,-2,34,1,1044
39.946,2026-08-05T05:46:22.452592+00:00,left_gripper,2014,2014,0,37,0,0
39.946,2026-08-05T05:46:22.452592+00:00,right_shoulder_pan,1965,1929,-36,37,2,1092
39.946,2026-08-05T05:46:22.452592+00:00,right_shoulder_lift,2249,2248,-1,36,0,0
39.946,2026-08-05T05:46:22.452592+00:00,right_elbow_flex,2097,2137,40,37,5,94
39.946,2026-08-05T05:46:22.452592+00:00,right_wrist_flex,1976,1984,8,34,0,30
39.946,2026-08-05T05:46:22.452592+00:00,right_wrist_roll,2114,2111,-3,34,0,1044
39.946,2026-08-05T05:46:22.452592+00:00,right_gripper,2457,2462,5,38,1,24
39.996,2026-08-05T05:46:22.502416+00:00,left_shoulder_pan,1857,1851,-6,37,1,1060
39.996,2026-08-05T05:46:22.502416+00:00,left_shoulder_lift,2389,2420,31,36,9,136
39.996,2026-08-05T05:46:22.502416+00:00,left_elbow_flex,1629,1635,6,34,1,36
39.996,2026-08-05T05:46:22.502416+00:00,left_wrist_flex,2169,2170,1,34,0,0
39.996,2026-08-05T05:46:22.502416+00:00,left_wrist_roll,1989,1987,-2,34,1,1044
39.996,2026-08-05T05:46:22.502416+00:00,left_gripper,2014,2014,0,36,0,0
39.996,2026-08-05T05:46:22.502416+00:00,right_shoulder_pan,1973,1937,-36,45,2,1090
39.996,2026-08-05T05:46:22.502416+00:00,right_shoulder_lift,2249,2248,-1,36,0,0
39.996,2026-08-05T05:46:22.502416+00:00,right_elbow_flex,2097,2137,40,37,7,94
39.996,2026-08-05T05:46:22.502416+00:00,right_wrist_flex,1976,1984,8,35,1,30
39.996,2026-08-05T05:46:22.502416+00:00,right_wrist_roll,2114,2111,-3,34,0,1044
39.996,2026-08-05T05:46:22.502416+00:00,right_gripper,2457,2462,5,38,1,24
