elapsed_s,timestamp,gpu_temp_c,cpu_temp_c,tj_temp_c,soc0_temp_c,gpu_util_pct,gpu_clock_mhz,gpu_max_mhz,emc_util_pct,vdd_in_mw,vdd_cpu_gpu_cv_mw,vdd_soc_mw,ram_used_mb,cpu_util_mean_pct,cpu_clock_max_mhz
1.0,2026-08-02T00:13:27.525004+00:00,50.375,49.812,50.375,50.125,0,306,1020,,5568,600,2800,473,0.0,729
2.0,2026-08-02T00:13:28.528038+00:00,50.687,49.812,50.687,50,0,306,1020,,5528,560,2760,473,0.5,729
3.0,2026-08-02T00:13:29.533964+00:00,50.625,49.625,50.625,50.062,0,306,1020,,5528,560,2760,473,0.2,729
4.0,2026-08-02T00:13:30.539786+00:00,50.625,49.437,50.625,50,0,306,1020,,5488,560,2760,473,0.3,729
5.0,2026-08-02T00:13:31.545502+00:00,50.468,49.531,50.468,50.031,0,306,1020,,5488,560,2760,473,0.2,729
6.0,2026-08-02T00:13:32.551207+00:00,50.562,49.593,50.562,50.125,0,306,1020,,5488,560,2760,473,0.0,729
7.1,2026-08-02T00:13:33.556965+00:00,50.625,49.812,50.437,49.937,0,306,1020,,5488,560,2760,473,0.0,729
8.1,2026-08-02T00:13:34.562730+00:00,50.406,49.656,50.406,50,0,306,1020,,5528,560,2760,473,0.3,729
9.1,2026-08-02T00:13:35.568403+00:00,50.406,49.406,50.406,49.937,0,306,1020,,5528,560,2760,473,0.0,729
10.1,2026-08-02T00:13:36.573989+00:00,50.437,49.5,50.437,50.031,0,306,1020,,5488,560,2760,473,0.0,729
11.1,2026-08-02T00:13:37.579400+00:00,50.437,49.656,50.437,50.031,0,306,1020,,5488,560,2764,473,0.0,729
12.1,2026-08-02T00:13:38.585493+00:00,50.5,49.812,50.5,49.843,0,306,1020,,5528,560,2760,473,0.0,729
13.1,2026-08-02T00:13:39.590738+00:00,50.406,49.593,50.406,49.937,0,306,1020,,5488,560,2760,473,0.7,729
14.1,2026-08-02T00:13:40.596759+00:00,50.625,49.375,50.625,49.906,0,306,1020,,5488,560,2760,473,0.0,729
15.1,2026-08-02T00:13:41.602609+00:00,50.718,49.5,50.718,49.968,0,306,1020,,5528,560,2760,473,0.2,729
16.1,2026-08-02T00:13:42.607812+00:00,50.718,49.593,50.718,50.031,0,306,1020,,5488,560,2760,473,0.0,729
17.1,2026-08-02T00:13:43.613491+00:00,50.687,49.718,50.687,49.812,0,306,1020,,5488,560,2760,473,0.2,729
18.1,2026-08-02T00:13:44.619589+00:00,50.656,49.625,50.656,49.875,0,306,1020,,5488,560,2760,473,0.0,729
19.1,2026-08-02T00:13:45.624954+00:00,50.718,49.375,50.718,49.875,0,306,1020,,5488,560,2760,473,0.2,729
20.1,2026-08-02T00:13:46.630464+00:00,50.843,49.968,50.843,49.906,0,306,1020,,6249,1000,2924,486,8.3,1728
21.1,2026-08-02T00:13:47.639678+00:00,50.468,49.593,50.468,49.875,0,306,1020,,6249,800,2884,489,9.0,729
22.1,2026-08-02T00:13:48.643639+00:00,50.656,50.218,50.656,49.875,0,306,1020,,7371,1600,3205,671,20.3,1728
23.1,2026-08-02T00:13:49.648947+00:00,50.718,50.406,50.718,49.968,0,306,1020,,7491,1640,3280,709,16.8,1728
24.2,2026-08-02T00:13:50.654277+00:00,50.781,50.343,50.781,50,0,306,1020,,7532,1640,3280,744,16.3,1728
25.2,2026-08-02T00:13:51.660407+00:00,50.718,50.187,50.718,50.062,0,306,1020,,6850,1200,3080,774,13.7,1728
26.2,2026-08-02T00:13:52.669059+00:00,50.437,49.781,50.437,49.937,0,306,1020,,5969,680,2804,776,3.3,729
27.2,2026-08-02T00:13:53.679014+00:00,50.531,49.875,50.531,49.968,0,306,1020,,5929,720,2804,783,7.7,1190
28.2,2026-08-02T00:13:54.682451+00:00,50.656,49.875,50.656,50.031,0,306,1020,,6650,1040,3044,799,13.3,1036
29.2,2026-08-02T00:13:55.688164+00:00,50.875,50.343,50.875,50.187,0,306,1020,,6971,1200,3124,820,12.3,1344
30.2,2026-08-02T00:13:56.693390+00:00,50.875,50.781,50.875,49.968,0,306,1020,,7411,1480,3285,838,14.8,1728
31.2,2026-08-02T00:13:57.699055+00:00,50.843,49.968,50.625,50,0,306,1020,,6891,1080,3080,843,10.0,1113
32.2,2026-08-02T00:13:58.707401+00:00,50.625,49.843,50.625,50.093,0,306,1020,,6049,760,2844,846,9.5,729
33.2,2026-08-02T00:13:59.711733+00:00,50.75,50.656,50.75,50,0,306,1020,,6770,1280,3044,848,13.5,1728
34.2,2026-08-02T00:14:00.718766+00:00,50.718,49.937,50.843,50,0,306,1020,,6650,1080,3004,864,15.5,1190
35.2,2026-08-02T00:14:01.727333+00:00,50.781,49.812,50.781,50.125,0,306,1020,,6009,720,2844,863,8.0,729
36.2,2026-08-02T00:14:02.732291+00:00,50.812,49.843,50.812,50.187,0,306,1020,,6450,920,2924,871,11.2,1728
37.2,2026-08-02T00:14:03.741338+00:00,50.718,49.843,50.718,50.312,0,306,1020,,6770,1120,3084,882,12.5,729
38.2,2026-08-02T00:14:04.748941+00:00,51,49.906,51,50.187,0,306,1020,,6490,1040,3000,888,10.8,729
39.3,2026-08-02T00:14:05.754473+00:00,51.031,50.312,51.031,50.218,0,306,1020,,7291,1520,3200,1117,15.5,1728
40.3,2026-08-02T00:14:06.760833+00:00,51.062,50.312,51.062,50.281,0,306,1020,,6931,1240,3080,1123,13.2,1420
41.3,2026-08-02T00:14:07.766082+00:00,50.937,50.593,50.937,50.187,0,306,1020,,7211,1480,3200,1215,16.7,1728
42.3,2026-08-02T00:14:08.771668+00:00,51.062,51.281,51.281,50.218,0,306,1020,,7371,1640,3240,1335,16.7,1728
43.3,2026-08-02T00:14:09.776920+00:00,51.093,50.843,51.093,50.281,0,306,1020,,7451,1680,3240,1588,16.7,1728
44.3,2026-08-02T00:14:10.782477+00:00,51.156,50.812,51.156,50.406,0,306,1020,,7451,1680,3240,1845,16.7,1728
45.3,2026-08-02T00:14:11.787774+00:00,51.062,50.468,51.062,50.437,0,306,1020,,7291,1560,3240,1905,15.7,1728
46.3,2026-08-02T00:14:12.793070+00:00,51.093,50.656,51.093,50.531,0,306,1020,,7211,1520,3200,1905,16.7,1728
47.3,2026-08-02T00:14:13.798495+00:00,51.218,50.968,51.218,50.437,0,306,1020,,7251,1520,3240,1905,16.8,1728
48.3,2026-08-02T00:14:14.803787+00:00,51.218,50.687,51.218,50.468,0,306,1020,,7251,1560,3200,1905,16.8,1728
49.3,2026-08-02T00:14:15.809198+00:00,51.187,50.625,51.187,50.468,0,306,1020,,7251,1520,3240,1905,16.7,1728
50.3,2026-08-02T00:14:16.814605+00:00,51.281,50.656,51.281,50.531,0,306,1020,,7251,1560,3200,1905,16.8,1728
51.3,2026-08-02T00:14:17.819940+00:00,51.218,50.843,51.218,50.593,0,306,1020,,7251,1560,3240,1905,16.7,1728
52.3,2026-08-02T00:14:18.825504+00:00,51.375,50.843,51.375,50.562,0,306,1020,,7251,1560,3200,1905,16.8,1728
53.3,2026-08-02T00:14:19.830731+00:00,51.375,50.875,51.218,50.562,0,306,1020,,7251,1560,3240,1905,16.7,1728
54.3,2026-08-02T00:14:20.836109+00:00,51.218,50.781,51.218,50.593,0,306,1020,,7251,1560,3200,1905,16.7,1728
55.3,2026-08-02T00:14:21.841502+00:00,51.25,50.781,51.25,50.593,0,306,1020,,7251,1560,3240,1905,16.7,1728
56.3,2026-08-02T00:14:22.846828+00:00,51.281,50.875,51.281,50.687,0,306,1020,,7291,1560,3240,1905,16.7,1728
57.4,2026-08-02T00:14:23.852224+00:00,51.343,50.906,51.343,50.781,0,306,1020,,7291,1600,3240,1905,16.7,1728
58.4,2026-08-02T00:14:24.857649+00:00,51.406,51.156,51.406,50.625,0,306,1020,,7331,1600,3240,1913,16.7,1728
59.4,2026-08-02T00:14:25.863031+00:00,51.375,50.906,51.375,50.687,0,306,1020,,7331,1600,3240,1998,16.7,1728
60.4,2026-08-02T00:14:26.871866+00:00,51.187,50.406,51.437,50.625,0,306,1020,,5969,800,2880,1998,5.8,729
61.4,2026-08-02T00:14:27.879279+00:00,51.343,50.312,51.343,50.812,0,306,1020,,5649,640,2800,2001,3.3,729
62.4,2026-08-02T00:14:28.887561+00:00,51.218,50.468,51.218,50.562,0,306,1020,,5849,720,2840,2039,5.7,729
63.4,2026-08-02T00:14:29.892079+00:00,51.375,50.75,51.375,50.687,0,306,1020,,7131,1440,3200,2121,16.0,1728
64.4,2026-08-02T00:14:30.897424+00:00,51.406,51.031,51.406,50.781,0,306,1020,,7451,1680,3240,2121,16.7,1728
65.4,2026-08-02T00:14:31.902665+00:00,51.468,50.812,51.468,50.875,0,306,1020,,7331,1560,3240,2121,16.7,1728
66.4,2026-08-02T00:14:32.907981+00:00,51.468,51.031,51.468,50.875,0,306,1020,,7251,1560,3200,2121,16.8,1728
67.4,2026-08-02T00:14:33.913322+00:00,51.593,51.25,51.593,50.656,0,306,1020,,7251,1560,3240,2121,16.8,1728
68.4,2026-08-02T00:14:34.918555+00:00,51.468,50.937,51.468,50.812,0,306,1020,,7251,1560,3200,2121,16.7,1728
69.4,2026-08-02T00:14:35.927315+00:00,51.687,50.5,51.687,50.906,0,306,1020,,6570,1120,3040,2054,12.0,729
70.4,2026-08-02T00:14:36.934553+00:00,51.656,50.656,51.343,50.937,0,306,1020,,6009,640,2844,2054,2.2,729
71.4,2026-08-02T00:14:37.941571+00:00,51.312,50.687,51.312,50.718,0,306,1020,,5929,600,2804,2054,1.8,729
72.4,2026-08-02T00:14:38.948397+00:00,51.281,50.437,51.281,50.75,0,306,1020,,5929,600,2804,2055,1.3,729
73.5,2026-08-02T00:14:39.955237+00:00,51.593,50.468,51.593,50.843,0,306,1020,,5929,600,2804,2055,1.7,729
74.5,2026-08-02T00:14:40.962961+00:00,51.625,50.718,51.312,50.625,0,306,1020,,5929,600,2804,2055,1.3,729
75.5,2026-08-02T00:14:41.970481+00:00,51.25,50.25,51.25,50.75,0,306,1020,,5929,600,2804,2055,1.2,729
76.5,2026-08-02T00:14:42.977359+00:00,51.531,50.312,51.531,50.687,0,306,1020,,5929,600,2804,2056,1.8,729
77.5,2026-08-02T00:14:43.984374+00:00,51.625,50.468,51.625,50.625,0,306,1020,,5929,600,2804,2057,1.5,729
78.5,2026-08-02T00:14:44.994032+00:00,51.312,50.281,51.312,50.687,0,306,1020,,6049,680,2844,2056,7.2,729
79.5,2026-08-02T00:14:46.002064+00:00,51.625,50.343,51.625,50.75,0,306,1020,,6089,680,2844,2057,11.3,729
80.5,2026-08-02T00:14:47.010535+00:00,51.312,50.406,51.312,50.656,0,306,1020,,6009,640,2804,2057,3.2,729
81.5,2026-08-02T00:14:48.018903+00:00,51.25,50.468,51.25,50.781,0,306,1020,,6290,800,2884,2058,18.8,729
82.5,2026-08-02T00:14:49.027033+00:00,51.593,50.312,51.593,50.75,0,306,1020,,6049,640,2844,2058,4.8,729
83.5,2026-08-02T00:14:50.035444+00:00,51.218,50.593,51.218,50.687,0,306,1020,,6009,600,2804,2058,2.3,729
84.5,2026-08-02T00:14:51.039480+00:00,51.531,51.093,51.531,50.781,14,306,1020,,7732,1480,3400,2257,27.5,1728
85.5,2026-08-02T00:14:52.046149+00:00,51.25,50.5,51.25,50.781,4,306,1020,,6511,882,3049,2348,13.5,729
86.5,2026-08-02T00:14:53.052258+00:00,51.281,50.625,51.281,50.937,0,306,1020,,6249,644,2938,2391,4.8,729
87.6,2026-08-02T00:14:54.062221+00:00,51.375,50.593,51.375,50.75,10,306,1020,,6249,684,2898,2591,8.5,883
88.6,2026-08-02T00:14:55.065936+00:00,51.781,51.031,51.781,50.875,87,306,1020,,7676,1487,3295,2948,11.0,1728
89.6,2026-08-02T00:14:56.072153+00:00,52.531,51.156,52.531,50.968,99,714,1020,,9389,2483,3772,2985,15.0,1728
90.6,2026-08-02T00:14:57.078584+00:00,53.093,51.656,53.093,51.093,88,1020,1020,,10496,3120,4000,2983,15.3,1267
91.6,2026-08-02T00:14:58.084526+00:00,53.312,51.875,53.312,51.031,99,1020,1020,,11017,3554,4080,2983,14.8,806
92.6,2026-08-02T00:14:59.090261+00:00,53.125,51.656,53.125,51.125,99,1020,1020,,11240,3714,4120,2983,15.2,1651
93.6,2026-08-02T00:15:00.096805+00:00,53.125,51.75,53.125,51.281,33,612,1020,,11280,3793,4120,2983,15.3,1574
94.6,2026-08-02T00:15:01.102214+00:00,53,51.937,53,51.437,42,612,1020,,11320,3674,4120,2983,15.3,1651
95.6,2026-08-02T00:15:02.108106+00:00,52.75,51.875,52.75,51.343,46,510,1020,,11240,3753,4160,2983,15.5,1728
96.6,2026-08-02T00:15:03.114067+00:00,53,52.062,53,51.437,25,510,1020,,11017,3554,4120,2983,15.0,1728
97.6,2026-08-02T00:15:04.120055+00:00,53.093,52,53.093,51.562,24,510,1020,,11017,3514,4080,2983,15.3,1728
98.6,2026-08-02T00:15:05.126284+00:00,53.093,52.281,53.093,51.687,24,510,1020,,10777,3394,4040,2983,15.2,1728
99.6,2026-08-02T00:15:06.132442+00:00,53.125,52.312,53.125,51.812,24,510,1020,,10737,3434,4040,2983,15.8,1728
100.6,2026-08-02T00:15:07.138302+00:00,52.906,52.281,52.906,51.687,25,408,1020,,10616,3354,4000,2983,15.3,1728
101.6,2026-08-02T00:15:08.143988+00:00,53,52.312,53,51.781,27,408,1020,,10456,3240,3966,2983,15.2,1728
102.6,2026-08-02T00:15:09.149873+00:00,52.968,52.375,52.968,51.75,30,408,1020,,10416,3160,3966,2984,15.0,1728
103.7,2026-08-02T00:15:10.155645+00:00,53.031,52.437,53.031,51.937,30,408,1020,,10336,3160,3926,2984,15.3,1728
104.7,2026-08-02T00:15:11.161475+00:00,53.093,52.875,53.093,52,30,408,1020,,10256,3120,3926,2984,15.8,1728
105.7,2026-08-02T00:15:12.167579+00:00,53.343,52.531,53.343,52,30,408,1020,,10136,3040,3886,2984,15.0,1728
106.7,2026-08-02T00:15:13.173203+00:00,53.468,52.468,53.468,52.093,30,408,1020,,10096,3000,3886,2984,15.5,1728
107.7,2026-08-02T00:15:14.179188+00:00,53.531,52.312,53.531,52.187,30,408,1020,,10016,2960,3846,2984,15.3,1728
108.7,2026-08-02T00:15:15.185043+00:00,53.531,52.468,53.531,52.343,30,408,1020,,9975,2920,3846,2984,15.3,1728
109.7,2026-08-02T00:15:16.191087+00:00,53.593,52.656,53.593,52.125,28,408,1020,,9855,2880,3806,2984,15.5,1728
110.7,2026-08-02T00:15:17.196605+00:00,53.281,52.843,53.281,52.281,28,408,1020,,9791,2840,3806,2984,15.3,1728
111.7,2026-08-02T00:15:18.202577+00:00,53.375,52.5,53.375,52.343,30,408,1020,,9710,2800,3766,2984,14.8,1728
112.7,2026-08-02T00:15:19.208438+00:00,53.468,52.718,53.468,52.375,30,408,1020,,9710,2800,3766,2984,15.7,1728
113.7,2026-08-02T00:15:20.214297+00:00,53.5,52.656,53.5,52.5,31,408,1020,,9630,2680,3766,2984,15.0,1728
114.7,2026-08-02T00:15:21.220067+00:00,53.531,52.812,53.531,52.437,31,408,1020,,9590,2640,3766,2984,15.0,1728
115.7,2026-08-02T00:15:22.225761+00:00,53.468,52.968,53.468,52.5,29,408,1020,,9550,2680,3766,2984,15.2,1728
116.7,2026-08-02T00:15:23.234717+00:00,53.593,52.843,53.593,52.625,30,306,1020,,9550,2644,3725,2984,15.3,1728
117.7,2026-08-02T00:15:24.236598+00:00,53.593,53.375,53.593,52.718,30,306,1020,,9470,2604,3725,2984,15.0,1728
118.7,2026-08-02T00:15:25.242033+00:00,53.656,53.25,53.656,52.812,40,306,1020,,9470,2644,3725,2984,15.2,1728
119.7,2026-08-02T00:15:26.247544+00:00,53.656,53.281,53.656,52.687,36,306,1020,,9389,2604,3725,2984,15.2,1728
120.8,2026-08-02T00:15:27.253158+00:00,53.656,53.593,53.656,52.718,38,306,1020,,9389,2564,3725,2984,15.0,1728
121.8,2026-08-02T00:15:28.258655+00:00,53.75,53.593,53.75,52.812,38,306,1020,,9389,2564,3725,2984,15.2,1728
122.8,2026-08-02T00:15:29.264097+00:00,53.812,53.718,53.812,52.843,40,306,1020,,9349,2564,3691,2984,15.3,1728
123.8,2026-08-02T00:15:30.269584+00:00,53.812,53.406,53.812,52.906,39,306,1020,,9389,2564,3685,2984,15.2,1728
124.8,2026-08-02T00:15:31.275109+00:00,53.875,53.718,53.875,53.093,40,306,1020,,9349,2564,3691,2984,15.3,1728
125.8,2026-08-02T00:15:32.280544+00:00,54.156,53.531,54.156,52.906,40,306,1020,,9309,2524,3691,2984,15.0,1728
126.8,2026-08-02T00:15:33.285989+00:00,54.25,53.968,54.25,52.968,40,306,1020,,9349,2564,3685,2990,18.3,1728
127.8,2026-08-02T00:15:34.291454+00:00,54.25,53.312,54.25,53.062,37,306,1020,,9269,2524,3651,2990,15.7,1728
128.8,2026-08-02T00:15:35.296835+00:00,54.437,53.406,54.437,53.25,40,306,1020,,9109,2363,3651,2990,14.5,1728
129.8,2026-08-02T00:15:36.302195+00:00,54.437,53.625,54.437,53.187,40,306,1020,,9229,2483,3651,2990,15.3,1728
130.8,2026-08-02T00:15:37.307590+00:00,54.468,53.593,54.468,53.156,40,306,1020,,9109,2323,3651,2990,14.5,1728
131.8,2026-08-02T00:15:38.313022+00:00,54.5,53.812,54.5,53.281,37,306,1020,,9269,2483,3691,2990,15.3,1728
132.8,2026-08-02T00:15:39.318457+00:00,54.562,53.468,54.562,53.406,40,306,1020,,9269,2483,3651,2990,15.0,1728
133.8,2026-08-02T00:15:40.324013+00:00,54.125,53.718,54.125,53.375,39,306,1020,,9109,2363,3611,2990,14.5,1728
134.8,2026-08-02T00:15:41.329529+00:00,54.093,53.625,54.093,53.406,39,306,1020,,9189,2363,3651,2990,14.8,1728
135.8,2026-08-02T00:15:42.335246+00:00,54.125,53.812,54.125,53.343,40,306,1020,,9229,2483,3691,2990,15.3,1728
136.8,2026-08-02T00:15:43.340461+00:00,54.25,53.968,54.437,53.343,40,306,1020,,9309,2524,3685,2990,15.2,1728
137.8,2026-08-02T00:15:44.345861+00:00,54.406,53.75,54.406,53.468,40,306,1020,,9229,2524,3691,2990,15.0,1728
138.8,2026-08-02T00:15:45.351484+00:00,54.5,53.812,54.5,53.5,38,306,1020,,9229,2483,3691,2990,15.0,1728
139.9,2026-08-02T00:15:46.356744+00:00,54.593,53.843,54.593,53.531,37,306,1020,,9269,2564,3691,2992,18.0,1728
140.9,2026-08-02T00:15:47.362190+00:00,54.593,53.843,54.593,53.593,40,306,1020,,9229,2483,3651,2992,15.5,1728
141.9,2026-08-02T00:15:48.367849+00:00,54.531,53.875,54.531,53.5,38,306,1020,,9109,2323,3651,2992,14.3,1728
142.9,2026-08-02T00:15:49.373325+00:00,54.656,53.968,54.656,53.562,37,306,1020,,9269,2483,3645,2992,15.3,1728
143.9,2026-08-02T00:15:50.378498+00:00,54.625,54.187,54.625,53.593,40,306,1020,,9229,2483,3651,2992,15.2,1728
144.9,2026-08-02T00:15:51.384173+00:00,54.75,53.968,54.75,53.656,40,306,1020,,9189,2443,3651,2992,15.3,1728
145.9,2026-08-02T00:15:52.389685+00:00,54.812,53.937,54.812,53.75,39,306,1020,,9149,2443,3651,2992,15.2,1728
146.9,2026-08-02T00:15:53.395056+00:00,54.843,54.218,54.843,53.781,40,306,1020,,9149,2403,3651,2992,15.2,1728
147.9,2026-08-02T00:15:54.400559+00:00,54.875,54.031,54.875,53.75,40,306,1020,,8988,2283,3651,2992,14.8,1728
148.9,2026-08-02T00:15:55.405991+00:00,54.656,54.343,54.656,53.718,40,306,1020,,9068,2403,3651,2992,15.2,1728
149.9,2026-08-02T00:15:56.411393+00:00,54.718,54.125,54.718,53.812,37,306,1020,,9028,2283,3651,2992,14.8,1728
150.9,2026-08-02T00:15:57.416865+00:00,54.75,54.125,54.75,53.875,39,306,1020,,8988,2283,3651,2992,14.3,1728
151.9,2026-08-02T00:15:58.422396+00:00,54.718,54.125,54.718,53.875,37,306,1020,,9149,2403,3651,2992,15.2,1728
152.9,2026-08-02T00:15:59.427850+00:00,54.812,54.218,54.812,53.875,40,306,1020,,9028,2323,3651,2992,14.7,1728
153.9,2026-08-02T00:16:00.433216+00:00,54.875,54.5,54.875,53.843,40,306,1020,,9149,2403,3651,2992,15.3,1728
154.9,2026-08-02T00:16:01.438669+00:00,54.937,54.281,54.937,53.875,40,306,1020,,9149,2443,3651,2992,15.0,1728
155.9,2026-08-02T00:16:02.444634+00:00,54.937,54.406,54.937,53.906,38,306,1020,,9109,2363,3651,2992,15.0,1728
156.9,2026-08-02T00:16:03.450705+00:00,54.968,54.468,54.781,54.062,37,306,1020,,9068,2363,3651,2992,15.2,1728
158.0,2026-08-02T00:16:04.456570+00:00,54.843,54.687,54.843,53.968,40,306,1020,,9068,2363,3651,2992,15.5,1728
159.0,2026-08-02T00:16:05.462238+00:00,54.875,54.5,54.875,53.968,40,306,1020,,9068,2363,3611,2992,15.3,1728
160.0,2026-08-02T00:16:06.467758+00:00,54.906,54.406,54.906,54.062,39,306,1020,,9028,2323,3611,2992,14.8,1728
161.0,2026-08-02T00:16:07.472931+00:00,54.937,54.593,54.937,54.218,37,306,1020,,8948,2363,3651,2992,15.2,1728
162.0,2026-08-02T00:16:08.478255+00:00,55.031,54.656,55.031,54.25,40,306,1020,,9068,2363,3651,2992,15.2,1728
163.0,2026-08-02T00:16:09.483721+00:00,55.031,54.781,55.031,54.375,39,306,1020,,9068,2363,3611,2992,15.2,1728
164.0,2026-08-02T00:16:10.489094+00:00,55.093,55,55.093,54.156,39,306,1020,,9068,2363,3611,2992,15.0,1728
165.0,2026-08-02T00:16:11.494663+00:00,55.125,54.718,55.125,54.281,38,306,1020,,9028,2363,3611,2992,15.2,1728
166.0,2026-08-02T00:16:12.500081+00:00,55.093,54.625,55.375,54.218,40,306,1020,,8988,2323,3611,2992,15.3,1728
167.0,2026-08-02T00:16:13.505763+00:00,55.281,54.687,55.281,54.281,40,306,1020,,8908,2283,3611,2992,14.5,1728
168.0,2026-08-02T00:16:14.511254+00:00,55.375,54.875,55.375,54.437,39,306,1020,,8988,2323,3611,2992,15.3,1728
169.0,2026-08-02T00:16:15.516435+00:00,55.468,55.187,55.468,54.343,40,306,1020,,8988,2323,3611,2992,15.2,1728
170.0,2026-08-02T00:16:16.522049+00:00,55.531,54.937,55.531,54.312,39,306,1020,,8948,2283,3611,2992,15.3,1728
171.0,2026-08-02T00:16:17.528036+00:00,55.531,55.125,55.531,54.343,38,306,1020,,8988,2243,3611,2992,15.2,1728
172.0,2026-08-02T00:16:18.533181+00:00,55.656,54.625,55.656,54.5,40,306,1020,,8948,2323,3611,2992,15.2,1728
173.0,2026-08-02T00:16:19.538764+00:00,55.812,54.843,55.812,54.562,46,306,1020,,8988,2323,3611,2992,15.2,1728
174.0,2026-08-02T00:16:20.544158+00:00,56.062,54.875,56.062,54.437,99,306,1020,,9229,2483,3691,2992,15.2,1728
175.0,2026-08-02T00:16:21.551827+00:00,56.062,54.812,56.062,54.5,99,714,1020,,9349,2524,3685,2992,15.0,1420
176.1,2026-08-02T00:16:22.555679+00:00,55.968,54.843,55.968,54.5,99,714,1020,,9430,2564,3725,2992,15.2,1267
177.1,2026-08-02T00:16:23.561738+00:00,56.218,54.718,56.218,54.593,99,714,1020,,9670,2680,3806,2992,15.2,883
178.1,2026-08-02T00:16:24.567751+00:00,56.187,54.843,56.187,54.75,99,714,1020,,9935,2800,3886,2992,15.2,729
179.1,2026-08-02T00:16:25.573743+00:00,56.406,55,56.406,54.468,96,714,1020,,10136,3040,3926,2992,15.3,1728
180.1,2026-08-02T00:16:26.579623+00:00,56.5,55.093,56.5,54.562,94,714,1020,,10256,3000,3920,2992,15.0,1728
181.1,2026-08-02T00:16:27.585712+00:00,56.531,55.062,56.531,54.562,94,1020,1020,,10456,3154,4000,2992,15.2,1190
182.1,2026-08-02T00:16:28.591989+00:00,56.812,55.031,56.812,54.781,99,1020,1020,,10760,3394,4040,2992,15.0,960
183.1,2026-08-02T00:16:29.597979+00:00,56.75,55.187,56.75,54.843,99,1020,1020,,11200,3714,4120,2992,15.0,1651
184.1,2026-08-02T00:16:30.603974+00:00,56.593,55.312,56.593,54.718,42,1020,1020,,11160,3634,4120,2992,15.0,1574
185.1,2026-08-02T00:16:31.609997+00:00,56.5,55.093,56.5,54.718,38,612,1020,,11320,3747,4120,2992,15.7,1651
186.1,2026-08-02T00:16:32.616249+00:00,56.531,55.125,56.531,54.843,44,612,1020,,11160,3634,4120,2992,15.0,1651
187.1,2026-08-02T00:16:33.622038+00:00,56.468,55.281,56.468,54.875,42,612,1020,,11240,3714,4120,2992,15.2,1728
188.1,2026-08-02T00:16:34.627810+00:00,56.593,55.468,56.593,54.843,47,612,1020,,11160,3634,4120,2992,15.2,1728
189.1,2026-08-02T00:16:35.632936+00:00,56.531,55.531,56.531,54.843,48,510,1020,,11120,3634,4080,2992,15.2,1728
190.1,2026-08-02T00:16:36.638349+00:00,56.25,55.468,56.25,54.906,22,510,1020,,11120,3594,4080,2992,15.3,1728
191.1,2026-08-02T00:16:37.643707+00:00,56.218,55.656,56.218,54.968,20,510,1020,,10960,3554,4080,2992,15.3,1728
192.1,2026-08-02T00:16:38.649099+00:00,56.25,55.281,56.25,54.875,53,510,1020,,10616,3154,4040,2992,14.5,1728
193.2,2026-08-02T00:16:39.654890+00:00,56.312,55.468,56.312,54.968,56,510,1020,,11040,3474,4080,2992,15.2,1728
194.2,2026-08-02T00:16:40.660133+00:00,56.406,55.687,56.406,54.937,35,510,1020,,10737,3234,4080,2994,14.7,1651
195.2,2026-08-02T00:16:41.665563+00:00,56.5,55.625,56.5,55,49,612,1020,,11200,3634,4120,2992,15.0,1728
196.2,2026-08-02T00:16:42.670908+00:00,56.468,55.875,56.468,55.031,40,510,1020,,11200,3634,4080,2992,15.7,1728
197.2,2026-08-02T00:16:43.676264+00:00,56.437,55.656,56.437,55.062,20,510,1020,,11040,3554,4080,2992,14.8,1728
198.2,2026-08-02T00:16:44.681786+00:00,56.531,55.812,56.531,55.125,20,510,1020,,11000,3554,4080,2992,15.0,1728
199.2,2026-08-02T00:16:45.687167+00:00,56.5,55.843,56.5,55.031,24,510,1020,,11000,3514,4040,2992,15.5,1728
200.2,2026-08-02T00:16:46.692593+00:00,56.375,55.812,56.375,55.031,24,510,1020,,10937,3474,4040,2992,15.2,1728
201.2,2026-08-02T00:16:47.698093+00:00,56.5,55.968,56.5,55.187,24,510,1020,,10817,3434,4040,2992,15.0,1728
202.2,2026-08-02T00:16:48.703521+00:00,56.25,55.812,56.25,55.218,22,510,1020,,10817,3434,4000,2992,15.2,1728
203.2,2026-08-02T00:16:49.709126+00:00,56.281,55.812,56.281,55.125,24,408,1020,,10657,3314,4000,2992,15.2,1728
204.2,2026-08-02T00:16:50.714642+00:00,56.312,56,56.312,55.093,24,408,1020,,10616,3274,3960,2996,15.0,1728
205.2,2026-08-02T00:16:51.719906+00:00,56.25,55.906,56.25,55.187,30,408,1020,,10256,2920,3960,2996,14.8,1728
206.2,2026-08-02T00:16:52.725349+00:00,56.375,56.093,56.375,55.125,30,408,1020,,10536,3274,3960,2996,15.2,1728
207.2,2026-08-02T00:16:53.731050+00:00,56.343,55.687,56.343,55.343,27,408,1020,,10576,3234,3960,2996,15.0,1728
208.2,2026-08-02T00:16:54.736700+00:00,56.25,55.718,56.25,55.218,30,408,1020,,10336,3000,3960,2996,14.5,1728
209.2,2026-08-02T00:16:55.742194+00:00,56.375,55.875,56.375,55.343,22,408,1020,,10737,3234,3960,2996,15.2,1728
210.2,2026-08-02T00:16:56.747528+00:00,56.375,55.812,56.375,55.281,24,510,1020,,10817,3274,4000,2996,15.2,1728
211.3,2026-08-02T00:16:57.753273+00:00,56.5,55.937,56.593,55.25,24,510,1020,,10697,3354,4000,2996,14.8,1728
212.3,2026-08-02T00:16:58.758608+00:00,56.687,55.812,56.687,55.187,24,510,1020,,10737,3354,4000,2996,15.3,1728
213.3,2026-08-02T00:16:59.764123+00:00,56.687,55.843,56.687,55.375,23,510,1020,,10737,3354,4000,2996,15.0,1728
214.3,2026-08-02T00:17:00.769847+00:00,56.718,55.812,56.718,55.343,24,510,1020,,10817,3354,4000,2994,15.3,1728
215.3,2026-08-02T00:17:01.775066+00:00,56.812,55.906,56.812,55.375,24,510,1020,,10777,3394,4000,2994,15.5,1728
216.3,2026-08-02T00:17:02.780673+00:00,56.843,55.875,56.843,55.25,24,510,1020,,10720,3434,4000,2992,15.0,1728
217.3,2026-08-02T00:17:03.785923+00:00,56.812,56,56.812,55.343,24,408,1020,,10657,3354,4000,2993,15.2,1728
218.3,2026-08-02T00:17:04.791346+00:00,56.843,55.843,56.843,55.343,24,408,1020,,10657,3314,3960,2993,15.3,1728
219.3,2026-08-02T00:17:05.796769+00:00,56.843,55.968,56.843,55.343,28,408,1020,,10576,3274,3960,2993,14.8,1728
220.3,2026-08-02T00:17:06.802169+00:00,56.812,56.156,56.812,55.468,30,408,1020,,10496,3234,3960,2993,15.3,1728
221.3,2026-08-02T00:17:07.807612+00:00,56.906,56.281,56.906,55.343,30,408,1020,,10456,3194,3920,2993,15.0,1728
222.3,2026-08-02T00:17:08.813003+00:00,56.5,56.156,56.531,55.312,28,408,1020,,10416,3154,3920,2993,15.0,1728
223.3,2026-08-02T00:17:09.818496+00:00,56.593,55.843,56.593,55.468,28,408,1020,,10376,3154,3920,2993,15.3,1728
224.3,2026-08-02T00:17:10.823867+00:00,56.531,56.187,56.531,55.437,30,408,1020,,10296,3160,3880,2993,15.2,1728
225.3,2026-08-02T00:17:11.829321+00:00,56.562,55.906,56.562,55.468,30,408,1020,,10256,3080,3880,2992,15.3,1728
226.3,2026-08-02T00:17:12.835191+00:00,56.562,56.062,56.562,55.656,30,408,1020,,10216,3080,3886,2992,15.3,1728
227.3,2026-08-02T00:17:13.840442+00:00,56.562,56.187,56.562,55.375,28,408,1020,,9975,2840,3886,2992,14.5,1728
228.3,2026-08-02T00:17:14.846116+00:00,56.625,55.937,56.625,55.375,30,408,1020,,10256,3120,3886,2992,15.2,1728
229.3,2026-08-02T00:17:15.851631+00:00,56.687,55.968,56.687,55.437,29,408,1020,,10176,3080,3886,2992,15.0,1728
230.4,2026-08-02T00:17:16.857078+00:00,56.656,56.187,56.656,55.593,30,408,1020,,10176,3040,3886,2992,15.2,1728
231.4,2026-08-02T00:17:17.862581+00:00,56.625,56.031,56.625,55.718,30,408,1020,,10136,3040,3886,2992,15.3,1728
232.4,2026-08-02T00:17:18.868108+00:00,56.656,56.468,56.656,55.375,28,408,1020,,10056,3000,3846,2992,15.3,1728
233.4,2026-08-02T00:17:19.873605+00:00,56.562,56.406,56.562,55.5,28,408,1020,,10016,2960,3846,2992,15.3,1728
234.4,2026-08-02T00:17:20.879253+00:00,56.562,56.343,56.562,55.593,30,408,1020,,10016,2960,3846,2992,15.5,1728
235.4,2026-08-02T00:17:21.884765+00:00,56.593,56.375,56.593,55.437,30,408,1020,,9975,2920,3846,2992,15.3,1728
236.4,2026-08-02T00:17:22.890002+00:00,56.562,56.562,56.562,55.625,30,408,1020,,9935,2880,3806,2992,14.8,1728
237.4,2026-08-02T00:17:23.895677+00:00,56.625,56.062,56.625,55.468,29,408,1020,,9935,2880,3806,2992,15.2,1728
238.4,2026-08-02T00:17:24.901438+00:00,56.656,56.156,56.656,55.5,30,408,1020,,9895,2880,3806,2992,15.0,1728
239.4,2026-08-02T00:17:25.906996+00:00,56.625,56,56.625,55.531,30,408,1020,,9775,2840,3806,2992,15.7,1728
240.4,2026-08-02T00:17:26.912625+00:00,56.656,55.875,56.875,55.593,30,408,1020,,9735,2800,3766,2992,15.0,1728
241.4,2026-08-02T00:17:27.918063+00:00,56.906,55.968,56.906,55.656,30,408,1020,,9695,2760,3766,2992,14.8,1728
242.4,2026-08-02T00:17:28.923807+00:00,57.031,56.281,57.031,55.593,29,408,1020,,9751,2720,3766,2992,15.5,1728
243.4,2026-08-02T00:17:29.929795+00:00,56.968,56.062,56.968,55.531,28,408,1020,,9655,2760,3766,2992,15.2,1728
244.4,2026-08-02T00:17:30.935539+00:00,57.031,56.093,57.031,55.593,28,408,1020,,9575,2720,3766,2992,15.0,1728
245.4,2026-08-02T00:17:31.944075+00:00,56.562,55.843,56.562,55.687,30,306,1020,,9575,2720,3725,2992,15.3,1728
246.4,2026-08-02T00:17:32.947654+00:00,56.562,55.906,56.562,55.75,30,306,1020,,9590,2720,3725,2992,15.3,1728
247.5,2026-08-02T00:17:33.953659+00:00,56.687,56.031,56.687,55.687,32,306,1020,,9470,2600,3725,2992,15.0,1728
248.5,2026-08-02T00:17:34.959560+00:00,56.781,56.062,56.781,55.687,40,306,1020,,9470,2600,3725,2992,15.2,1728
249.5,2026-08-02T00:17:35.965459+00:00,56.687,55.906,56.687,55.687,36,306,1020,,9470,2640,3725,2992,15.7,1728
250.5,2026-08-02T00:17:36.971363+00:00,56.687,56.031,56.687,55.781,40,306,1020,,9389,2560,3685,2992,15.0,1728
251.5,2026-08-02T00:17:37.977314+00:00,56.562,56.062,56.562,55.812,40,306,1020,,9389,2560,3685,2992,15.0,1728
252.5,2026-08-02T00:17:38.983357+00:00,56.593,56.062,56.593,55.593,40,306,1020,,9349,2520,3685,2992,15.7,1728
253.5,2026-08-02T00:17:39.989345+00:00,56.593,56.187,56.593,55.687,40,306,1020,,9309,2560,3685,2992,15.0,1728
254.5,2026-08-02T00:17:40.994889+00:00,56.531,55.906,56.531,55.687,39,306,1020,,9349,2524,3685,2992,15.3,1728
255.5,2026-08-02T00:17:42.001207+00:00,56.593,56.031,56.593,55.843,40,306,1020,,9229,2483,3685,2992,15.2,1728
256.5,2026-08-02T00:17:43.007046+00:00,56.781,56.125,56.781,55.687,41,306,1020,,9229,2443,3685,2992,15.7,1728
257.5,2026-08-02T00:17:44.012990+00:00,56.75,56.031,56.75,55.718,37,306,1020,,9189,2403,3645,2992,15.2,1728
258.5,2026-08-02T00:17:45.018962+00:00,56.843,56.218,56.843,55.718,40,306,1020,,9149,2403,3645,2992,15.0,1728
259.5,2026-08-02T00:17:46.024846+00:00,56.906,56,56.906,55.812,40,306,1020,,9109,2403,3645,2992,15.8,1728
260.5,2026-08-02T00:17:47.030512+00:00,57,56.031,57,55.875,40,306,1020,,9109,2363,3645,2992,15.0,1728
261.5,2026-08-02T00:17:48.036304+00:00,56.687,56.437,56.687,55.812,37,306,1020,,9028,2363,3651,2992,15.3,1728
262.5,2026-08-02T00:17:49.042349+00:00,56.656,56.25,56.656,55.906,39,306,1020,,9028,2323,3605,2992,15.2,1728
263.5,2026-08-02T00:17:50.048489+00:00,56.687,56.125,56.687,55.781,40,306,1020,,8988,2323,3611,2992,15.3,1728
264.6,2026-08-02T00:17:51.054324+00:00,56.75,56.125,56.75,55.937,40,306,1020,,8988,2323,3611,2992,15.5,1728
265.6,2026-08-02T00:17:52.060333+00:00,56.906,56.093,57.25,55.937,92,306,1020,,9149,2403,3645,2992,15.5,1728
266.6,2026-08-02T00:17:53.066369+00:00,57.281,56.312,57.281,55.812,94,306,1020,,9189,2443,3645,2992,14.8,1728
267.6,2026-08-02T00:17:54.072578+00:00,57.468,56.031,57.468,55.875,99,714,1020,,9269,2483,3685,2992,14.7,1728
268.6,2026-08-02T00:17:55.078456+00:00,57.718,56.281,57.718,55.812,99,714,1020,,9590,2640,3766,2992,15.2,1036
269.6,2026-08-02T00:17:56.084337+00:00,58.156,56.281,58.156,55.875,99,714,1020,,10176,3080,3880,2992,14.8,806
270.6,2026-08-02T00:17:57.090633+00:00,58,56.75,58,55.843,90,1020,1020,,10857,3394,4040,2992,15.5,1267
271.6,2026-08-02T00:17:58.096280+00:00,58.093,56.593,58.093,55.906,99,1020,1020,,11360,3708,4113,2992,15.3,1651
272.6,2026-08-02T00:17:59.103910+00:00,57.875,56.343,57.875,55.843,55,612,1020,,11240,3753,4120,2992,15.2,1651
273.6,2026-08-02T00:18:00.108385+00:00,57.75,56.468,57.75,56,33,612,1020,,11200,3674,4120,2992,15.7,1574
274.6,2026-08-02T00:18:01.113930+00:00,57.562,56.468,57.562,56.125,45,612,1020,,11280,3714,4113,2992,15.2,1728
275.6,2026-08-02T00:18:02.119896+00:00,57.406,56.593,57.406,55.968,43,612,1020,,11200,3628,4120,2992,15.2,1728
276.6,2026-08-02T00:18:03.125643+00:00,57.468,56.75,57.468,56,45,612,1020,,11160,3634,4120,2992,15.3,1728
277.6,2026-08-02T00:18:04.131539+00:00,57.343,56.531,57.343,55.937,53,510,1020,,11120,3554,4120,2992,15.7,1728
278.6,2026-08-02T00:18:05.137498+00:00,57.312,56.781,57.312,56.062,23,510,1020,,11240,3674,4073,2992,15.7,1728
279.6,2026-08-02T00:18:06.143362+00:00,57.281,56.812,57.281,56.156,23,510,1020,,10920,3514,4080,2992,15.8,1728
280.6,2026-08-02T00:18:07.149199+00:00,57.437,56.593,57.437,55.968,24,510,1020,,10960,3514,4040,2992,15.5,1728
281.7,2026-08-02T00:18:08.155042+00:00,57.343,56.937,57.343,55.906,24,510,1020,,10777,3394,4000,2992,15.2,1728
282.7,2026-08-02T00:18:09.160920+00:00,57.406,56.593,57.406,56.062,24,510,1020,,10737,3394,4000,2992,15.5,1728
283.7,2026-08-02T00:18:10.166660+00:00,57.406,56.625,57.406,56.062,23,408,1020,,10616,3274,3960,2992,15.5,1728
284.7,2026-08-02T00:18:11.172513+00:00,57.281,56.843,57.281,56.031,30,408,1020,,10536,3234,3960,2992,15.0,1728
285.7,2026-08-02T00:18:12.178706+00:00,57.156,56.593,57.156,55.937,27,408,1020,,10496,3194,3960,2992,15.5,1728
286.7,2026-08-02T00:18:13.184179+00:00,57.062,56.906,57.062,56.031,29,408,1020,,10456,3154,3960,2992,15.3,1728
287.7,2026-08-02T00:18:14.190008+00:00,57.218,56.687,57.218,56.062,30,408,1020,,10456,3234,3920,2992,15.2,1728
288.7,2026-08-02T00:18:15.195712+00:00,57.125,56.656,57.125,56.125,28,408,1020,,10376,3154,3920,2992,15.5,1728
289.7,2026-08-02T00:18:16.201547+00:00,57.125,56.812,57.125,56,30,408,1020,,10296,3075,3920,2992,14.8,1728
290.7,2026-08-02T00:18:17.207179+00:00,57.125,56.593,57.125,55.968,29,408,1020,,10256,3035,3880,2992,15.2,1728
291.7,2026-08-02T00:18:18.212998+00:00,57.437,56.906,57.437,56.093,30,408,1020,,10176,3040,3880,2992,15.2,1728
292.7,2026-08-02T00:18:19.218832+00:00,57.531,56.625,57.531,56.031,30,408,1020,,10136,2960,3880,2992,15.5,1728
293.7,2026-08-02T00:18:20.224771+00:00,57.5,56.656,57.5,56.218,30,408,1020,,10096,3000,3840,2992,15.3,1728
294.7,2026-08-02T00:18:21.230298+00:00,56.968,56.843,56.968,55.968,29,408,1020,,9975,2960,3846,2992,15.2,1728
295.7,2026-08-02T00:18:22.236137+00:00,57.031,56.687,57.031,56.031,30,408,1020,,9935,2880,3806,2992,15.5,1728
296.7,2026-08-02T00:18:23.241619+00:00,57.187,56.687,57.187,56.156,30,408,1020,,9855,2840,3806,2992,15.3,1728
297.7,2026-08-02T00:18:24.248094+00:00,57.187,56.531,57.187,56.187,30,408,1020,,9815,2840,3806,2992,15.7,1728
298.8,2026-08-02T00:18:25.253653+00:00,57.125,56.781,57.125,56.187,30,408,1020,,9815,2800,3806,2992,15.3,1728
299.8,2026-08-02T00:18:26.259363+00:00,57.125,56.781,57.125,56.25,30,408,1020,,9775,2800,3806,2992,14.8,1728
300.8,2026-08-02T00:18:27.265336+00:00,57.156,56.687,57.156,56.093,30,408,1020,,9735,2800,3806,2992,15.2,1728
301.8,2026-08-02T00:18:28.271113+00:00,57.187,56.718,57.187,56.093,30,408,1020,,9735,2760,3766,2992,15.2,1728
302.8,2026-08-02T00:18:29.277036+00:00,56.968,56.625,56.968,56.093,30,408,1020,,9695,2760,3766,2992,15.5,1728
303.8,2026-08-02T00:18:30.282907+00:00,57.031,56.625,57.031,56.156,28,408,1020,,9615,2720,3725,2992,15.3,1728
304.8,2026-08-02T00:18:31.288710+00:00,56.968,56.75,56.968,56.093,30,408,1020,,9575,2680,3766,2992,15.3,1728
305.8,2026-08-02T00:18:32.294590+00:00,57.031,56.656,57.031,56.062,30,408,1020,,9590,2720,3725,2992,15.3,1728
306.8,2026-08-02T00:18:33.300644+00:00,57,56.625,57,56.093,40,306,1020,,9510,2640,3725,2992,15.2,1728
307.8,2026-08-02T00:18:34.306424+00:00,57.25,56.781,57.25,56.062,30,306,1020,,9510,2640,3725,2992,15.5,1728
308.8,2026-08-02T00:18:35.312099+00:00,57.25,56.718,57.25,56.25,37,306,1020,,9430,2600,3725,2992,15.3,1728
309.8,2026-08-02T00:18:36.318194+00:00,57.281,56.75,57.281,56.062,40,306,1020,,9389,2560,3725,2992,15.3,1728
310.8,2026-08-02T00:18:37.324518+00:00,57.281,56.531,57.281,56.125,40,306,1020,,9349,2560,3685,2992,15.3,1728
311.8,2026-08-02T00:18:38.330360+00:00,57.031,56.718,57.031,56.125,40,306,1020,,9349,2520,3685,2992,15.2,1728
312.8,2026-08-02T00:18:39.336189+00:00,56.968,56.718,56.968,56.156,38,306,1020,,9309,2480,3685,2992,15.5,1728
313.8,2026-08-02T00:18:40.342075+00:00,57,56.906,57,56.312,40,306,1020,,9269,2440,3685,2992,15.2,1728
314.8,2026-08-02T00:18:41.347201+00:00,57.062,56.937,57.062,56.093,39,306,1020,,9189,2400,3685,2992,15.5,1728
315.9,2026-08-02T00:18:42.352646+00:00,57.062,57.187,57.187,56.031,39,306,1020,,9189,2443,3645,2992,15.2,1728
316.9,2026-08-02T00:18:43.358227+00:00,57.031,56.562,57.031,56.125,39,306,1020,,9149,2403,3685,2992,15.3,1728
317.9,2026-08-02T00:18:44.363754+00:00,57.031,56.562,57.031,56.281,39,306,1020,,9189,2403,3645,2992,15.2,1728
318.9,2026-08-02T00:18:45.369324+00:00,57.062,56.781,57.062,56.312,40,306,1020,,9189,2400,3645,2992,15.2,1728
319.9,2026-08-02T00:18:46.374777+00:00,56.906,56.625,56.906,56.156,38,306,1020,,9068,2323,3645,2992,15.0,1728
320.9,2026-08-02T00:18:47.380295+00:00,56.906,56.812,56.906,56.156,38,306,1020,,9109,2443,3691,2992,15.0,1728
321.9,2026-08-02T00:18:48.386495+00:00,56.937,56.718,56.937,56.125,40,306,1020,,9229,2440,3685,2992,15.0,1728
322.9,2026-08-02T00:18:49.392263+00:00,56.906,56.75,56.906,56.218,40,306,1020,,9269,2483,3645,2992,15.7,1728
323.9,2026-08-02T00:18:50.398087+00:00,57.031,56.75,57.031,56.281,40,306,1020,,9269,2443,3645,2992,15.3,1728
324.9,2026-08-02T00:18:51.403835+00:00,57,56.75,57,56.062,40,306,1020,,9189,2443,3645,2992,15.2,1728
325.9,2026-08-02T00:18:52.409594+00:00,57.187,56.687,57.187,56.125,40,306,1020,,9149,2443,3645,2992,16.0,1728
326.9,2026-08-02T00:18:53.415349+00:00,57.093,56.656,57.093,56.187,39,306,1020,,9109,2363,3645,2992,15.2,1728
327.9,2026-08-02T00:18:54.421476+00:00,57.125,56.781,57.125,56.187,40,306,1020,,9109,2363,3645,2992,15.7,1728
328.9,2026-08-02T00:18:55.427137+00:00,57.125,57,57.125,56.281,39,306,1020,,9028,2363,3651,2992,15.5,1728
329.9,2026-08-02T00:18:56.432954+00:00,57.187,56.812,57.187,56.125,40,306,1020,,9068,2363,3645,2992,15.2,1728
330.9,2026-08-02T00:18:57.439107+00:00,57,56.656,57,56.156,40,306,1020,,9028,2323,3605,2992,15.0,1728
331.9,2026-08-02T00:18:58.445102+00:00,57.031,56.75,57.031,56.25,40,306,1020,,9028,2323,3611,2992,15.5,1728
332.9,2026-08-02T00:18:59.451366+00:00,56.968,56.625,56.968,56.187,30,306,1020,,8948,2283,3605,2992,15.0,1728
334.0,2026-08-02T00:19:00.456968+00:00,57.031,56.875,57.031,56.093,22,306,1020,,9028,2363,3605,2992,15.3,1728
335.0,2026-08-02T00:19:01.463129+00:00,57.218,56.75,57.218,56.156,88,306,1020,,9149,2443,3645,2992,15.5,1728
336.0,2026-08-02T00:19:02.469133+00:00,57.781,56.437,57.781,56.187,99,714,1020,,9389,2560,3725,2992,15.0,1497
337.0,2026-08-02T00:19:03.475819+00:00,57.906,56.5,57.906,56.218,99,714,1020,,9615,2640,3766,2992,15.0,1036
338.0,2026-08-02T00:19:04.481509+00:00,58.031,56.687,58.031,56.312,99,714,1020,,10056,2880,3880,2992,15.0,1728
339.0,2026-08-02T00:19:05.486949+00:00,58.187,56.656,58.187,56.187,94,714,1020,,10216,2995,3960,2992,15.2,1728
340.0,2026-08-02T00:19:06.492915+00:00,58.187,56.843,58.187,56.218,99,1020,1020,,10576,3234,4000,2992,15.2,1728
341.0,2026-08-02T00:19:07.498645+00:00,58.375,56.531,58.375,56.125,99,1020,1020,,10880,3434,4080,2992,14.8,960
342.0,2026-08-02T00:19:08.503974+00:00,58.531,56.687,58.531,56.25,99,1020,1020,,11200,3588,4113,2992,14.8,960
343.0,2026-08-02T00:19:09.509512+00:00,58.312,56.75,58.312,56.218,99,1020,1020,,11200,3594,4120,2992,15.0,1574
344.0,2026-08-02T00:19:10.514925+00:00,58.187,56.75,58.187,56.125,68,1020,1020,,11160,3634,4120,2992,15.0,1574
345.0,2026-08-02T00:19:11.520626+00:00,58.312,56.75,58.312,56.187,99,1020,1020,,11160,3628,4120,2992,15.0,1651
346.0,2026-08-02T00:19:12.525987+00:00,58.25,56.531,58.25,56.156,72,1020,1020,,11200,3668,4120,2992,15.2,1651
347.0,2026-08-02T00:19:13.531469+00:00,58.343,56.625,58.343,56.218,99,1020,1020,,11280,3634,4113,2992,15.2,1651
348.0,2026-08-02T00:19:14.537135+00:00,58.031,56.968,58.031,56.406,64,1020,1020,,11240,3668,4153,2992,15.3,1651
349.0,2026-08-02T00:19:15.542579+00:00,57.906,57.218,57.906,56.156,37,612,1020,,11320,3674,4113,2992,15.2,1651
350.0,2026-08-02T00:19:16.548182+00:00,57.75,57.031,57.75,56.093,34,612,1020,,11280,3588,4113,2992,15.2,1574
351.1,2026-08-02T00:19:17.553879+00:00,57.781,57.187,57.781,56.25,32,510,1020,,11200,3668,4120,2992,15.3,1651
352.1,2026-08-02T00:19:18.559328+00:00,57.718,56.968,57.718,56.218,45,612,1020,,11240,3588,4113,2992,15.2,1651
353.1,2026-08-02T00:19:19.565025+00:00,57.687,57.218,57.687,56.312,48,612,1020,,11240,3634,4113,2992,15.3,1728
354.1,2026-08-02T00:19:20.570767+00:00,57.781,56.843,57.781,56.187,47,612,1020,,11280,3634,4113,2992,15.0,1728
355.1,2026-08-02T00:19:21.576084+00:00,57.718,57.062,57.718,56.25,41,612,1020,,11160,3674,4120,2992,15.0,1728
356.1,2026-08-02T00:19:22.581655+00:00,57.75,56.656,57.937,56.281,43,612,1020,,11200,3628,4120,2992,15.2,1728
357.1,2026-08-02T00:19:23.587064+00:00,57.875,56.531,57.875,56.125,41,510,1020,,11160,3634,4113,2992,15.2,1728
358.1,2026-08-02T00:19:24.592528+00:00,57.812,56.687,57.812,56.375,40,510,1020,,11120,3594,4120,2992,15.2,1728
359.1,2026-08-02T00:19:25.598006+00:00,57.718,56.843,57.718,56.218,23,510,1020,,11080,3514,4080,2992,15.0,1728
360.1,2026-08-02T00:19:26.603666+00:00,57.812,57.125,57.812,56.218,20,510,1020,,10960,3514,4080,2992,15.3,1728
361.1,2026-08-02T00:19:27.609101+00:00,57.718,57.343,57.718,56.25,24,510,1020,,11000,3474,4080,2992,15.3,1728
362.1,2026-08-02T00:19:28.614862+00:00,57.875,56.687,57.875,56.25,23,510,1020,,10960,3514,4080,2992,15.0,1728
363.1,2026-08-02T00:19:29.620959+00:00,57.906,56.75,57.906,56.312,24,510,1020,,10960,3514,4080,2992,14.8,1728
364.1,2026-08-02T00:19:30.626704+00:00,57.781,57,57.781,56.375,24,510,1020,,10920,3434,4040,2992,15.2,1728
365.1,2026-08-02T00:19:31.632387+00:00,57.5,56.781,57.5,56.156,24,510,1020,,11000,3514,4080,2995,17.0,1728
366.1,2026-08-02T00:19:32.638387+00:00,57.468,56.625,57.468,56.125,24,510,1020,,10960,3514,4040,2995,16.7,1728
367.1,2026-08-02T00:19:33.644269+00:00,57.5,56.531,57.5,56.218,23,510,1020,,10760,3434,4040,2995,15.2,1728
368.1,2026-08-02T00:19:34.650416+00:00,57.468,56.531,57.468,56.312,24,510,1020,,10640,3314,4000,2997,15.2,1728
369.2,2026-08-02T00:19:35.656524+00:00,57.5,56.656,57.5,56.093,24,408,1020,,10560,3314,3960,2997,15.7,1728
370.2,2026-08-02T00:19:36.662272+00:00,57.25,56.781,57.25,56.187,30,408,1020,,10496,3194,3960,2997,15.0,1728
371.2,2026-08-02T00:19:37.668225+00:00,57.218,56.656,57.218,56.312,30,408,1020,,10416,3154,3920,2997,15.2,1728
372.2,2026-08-02T00:19:38.674241+00:00,57.218,56.437,57.218,56.25,30,408,1020,,10376,3194,3920,2997,15.5,1728
373.2,2026-08-02T00:19:39.682850+00:00,57.218,56.687,57.218,56.312,30,408,1020,,10296,3115,3880,2997,15.5,1728
374.2,2026-08-02T00:19:40.686047+00:00,57.437,56.625,57.437,56.218,30,408,1020,,10216,3040,3880,2997,15.3,1728
375.2,2026-08-02T00:19:41.691886+00:00,57.343,56.687,57.343,56.218,30,408,1020,,10056,3000,3846,2997,15.5,1728
376.2,2026-08-02T00:19:42.697908+00:00,57.5,56.375,57.5,56.281,30,408,1020,,9975,2920,3846,2997,15.2,1728
377.2,2026-08-02T00:19:43.703738+00:00,57.437,56.468,57.437,56.312,30,408,1020,,9935,2880,3806,2997,15.2,1728
378.2,2026-08-02T00:19:44.709915+00:00,57.437,56.687,57.437,56.312,30,408,1020,,9975,2880,3806,2997,15.2,1728
379.2,2026-08-02T00:19:45.716020+00:00,57.25,56.656,57.25,56.187,30,408,1020,,9855,2880,3806,2997,15.7,1728
380.2,2026-08-02T00:19:46.721799+00:00,57.156,56.625,57.156,56.25,30,408,1020,,9815,2800,3806,2997,15.0,1728
381.2,2026-08-02T00:19:47.727626+00:00,57.187,56.531,57.187,56.312,30,408,1020,,9695,2800,3766,2997,15.5,1728
382.2,2026-08-02T00:19:48.733414+00:00,57.218,56.5,57.218,56.312,28,408,1020,,9615,2720,3766,2997,15.3,1728
383.2,2026-08-02T00:19:49.739475+00:00,57.25,56.656,57.25,56.156,30,408,1020,,9655,2760,3725,2997,15.5,1728
384.2,2026-08-02T00:19:50.745045+00:00,57.437,56.562,57.437,56.281,29,306,1020,,9535,2680,3725,2997,15.3,1728
385.2,2026-08-02T00:19:51.750846+00:00,57.437,56.562,57.437,56.312,35,306,1020,,9510,2600,3725,2997,15.2,1728
386.3,2026-08-02T00:19:52.756856+00:00,57.531,56.468,57.531,56.218,35,306,1020,,9510,2640,3725,2997,15.3,1728
387.3,2026-08-02T00:19:53.762344+00:00,57.468,56.531,57.468,56.375,39,306,1020,,9430,2560,3685,2997,15.5,1728
388.3,2026-08-02T00:19:54.768209+00:00,57.5,56.656,57.5,56.156,40,306,1020,,9389,2560,3685,2997,15.2,1728
389.3,2026-08-02T00:19:55.773934+00:00,57.593,56.656,57.25,56.281,40,306,1020,,9349,2560,3685,2997,15.2,1728
390.3,2026-08-02T00:19:56.779808+00:00,57.25,56.625,57.25,56.312,40,306,1020,,9269,2524,3685,2997,15.5,1728
391.3,2026-08-02T00:19:57.785633+00:00,57.218,56.5,57.218,56.343,40,306,1020,,9309,2524,3685,2997,15.3,1728
392.3,2026-08-02T00:19:58.791594+00:00,57.218,56.531,57.218,56.343,40,306,1020,,9229,2443,3645,2997,15.2,1728
393.3,2026-08-02T00:19:59.797190+00:00,57.25,56.843,57.25,56.218,40,306,1020,,9189,2443,3645,2997,15.3,1728
394.3,2026-08-02T00:20:00.803135+00:00,57.312,56.5,57.312,56.281,40,306,1020,,9149,2443,3645,2997,15.5,1728
395.3,2026-08-02T00:20:01.808913+00:00,57.062,56.562,57.062,56.25,40,306,1020,,9109,2403,3645,2997,15.2,1728
396.3,2026-08-02T00:20:02.814763+00:00,57.031,56.593,57.031,56.281,39,306,1020,,9149,2403,3645,2997,15.0,1728
397.3,2026-08-02T00:20:03.820537+00:00,57.125,56.875,57.125,56.312,40,306,1020,,9109,2403,3645,2997,15.7,1728
398.3,2026-08-02T00:20:04.826449+00:00,57.062,57.093,57.093,56.218,40,306,1020,,9068,2363,3645,2997,15.3,1728
399.3,2026-08-02T00:20:05.832099+00:00,57.125,56.812,57.125,56.312,40,306,1020,,9028,2323,3645,2997,15.5,1728
400.3,2026-08-02T00:20:06.837929+00:00,57.093,56.812,57.281,56.312,40,306,1020,,9028,2323,3605,2997,15.5,1728
401.3,2026-08-02T00:20:07.843625+00:00,57.281,56.875,57.281,56.343,40,306,1020,,8988,2323,3605,2997,15.2,1728
402.3,2026-08-02T00:20:08.851245+00:00,57.281,56.906,57.281,56.25,40,306,1020,,8988,2323,3605,2997,15.3,1728
403.4,2026-08-02T00:20:09.857119+00:00,57.343,56.718,57.062,56.312,29,306,1020,,8988,2323,3611,2997,15.3,1728
404.4,2026-08-02T00:20:10.863204+00:00,57.156,56.406,57.156,56.312,31,306,1020,,8988,2323,3605,2997,15.2,1728
405.4,2026-08-02T00:20:11.868892+00:00,57.218,56.531,57.218,56.312,55,306,1020,,9068,2363,3645,2997,15.3,1728
406.4,2026-08-02T00:20:12.875006+00:00,57.5,56.593,57.5,56.343,99,306,1020,,9349,2520,3685,2997,15.0,1728
407.4,2026-08-02T00:20:13.881183+00:00,57.812,56.843,57.812,56.25,99,714,1020,,9695,2760,3806,2997,14.8,1267
408.4,2026-08-02T00:20:14.887307+00:00,58.156,56.687,58.156,56.312,99,714,1020,,9935,2840,3886,2997,15.2,729
409.4,2026-08-02T00:20:15.893005+00:00,58.125,56.625,58.125,56.375,99,714,1020,,9975,2840,3886,2997,15.2,1728
410.4,2026-08-02T00:20:16.899419+00:00,58.25,56.687,58.25,56.406,99,714,1020,,10256,3035,3920,2997,15.3,1728
411.4,2026-08-02T00:20:17.905171+00:00,58.718,56.843,58.718,56.156,99,1020,1020,,10960,3514,4080,2997,15.0,1036
412.4,2026-08-02T00:20:18.911073+00:00,57.906,56.843,57.906,56.25,99,408,1020,,10657,3154,4040,2997,15.3,729
413.4,2026-08-02T00:20:19.917053+00:00,58.468,56.812,58.468,56.312,99,1020,1020,,10697,3274,4040,2997,15.2,960
414.4,2026-08-02T00:20:20.923044+00:00,58.468,56.781,58.468,56.312,84,1020,1020,,11240,3747,4153,2997,15.0,1651
415.4,2026-08-02T00:20:21.928955+00:00,58.281,56.843,58.281,56.375,75,1020,1020,,11200,3548,4113,2997,15.2,1574
416.4,2026-08-02T00:20:22.934714+00:00,58.156,56.781,58.156,56.281,29,1020,1020,,11200,3594,4113,2997,15.0,1574
417.4,2026-08-02T00:20:23.940677+00:00,57.781,56.968,57.781,56.343,39,612,1020,,11360,3827,4153,2997,15.5,1651
418.4,2026-08-02T00:20:24.946820+00:00,57.781,56.656,57.781,56.312,41,612,1020,,11200,3668,4153,2997,15.5,1651
419.5,2026-08-02T00:20:25.952872+00:00,57.687,56.687,57.687,56.406,47,510,1020,,11280,3708,4113,2997,15.3,1728
420.5,2026-08-02T00:20:26.958610+00:00,57.5,56.75,57.5,56.312,22,510,1020,,11080,3594,4080,2997,15.3,1728
421.5,2026-08-02T00:20:27.964577+00:00,57.468,56.656,57.75,56.281,23,510,1020,,10960,3474,4080,2997,15.0,1728
422.5,2026-08-02T00:20:28.970359+00:00,57.687,56.812,57.687,56.312,24,510,1020,,10920,3474,4040,2997,15.0,1728
423.5,2026-08-02T00:20:29.976274+00:00,57.718,56.625,57.718,56.406,24,510,1020,,10760,3474,4000,2997,15.8,1728
424.5,2026-08-02T00:20:30.982108+00:00,57.625,56.593,57.625,56.375,22,510,1020,,10680,3394,4000,2997,15.0,1728
425.5,2026-08-02T00:20:31.987951+00:00,57.625,56.75,57.625,56.281,24,510,1020,,10616,3354,3960,2997,15.3,1728
426.5,2026-08-02T00:20:32.993420+00:00,57.656,57.187,57.656,56.312,28,408,1020,,10456,3274,3920,2997,15.7,1728
427.5,2026-08-02T00:20:33.998660+00:00,57.687,57.25,57.437,56.375,28,408,1020,,10376,3154,3920,2998,15.3,1728
428.5,2026-08-02T00:20:35.004262+00:00,57.468,56.812,57.468,56.375,27,408,1020,,10256,3115,3880,2998,15.3,1728
429.5,2026-08-02T00:20:36.009760+00:00,57.5,56.906,57.5,56.437,30,408,1020,,10256,3160,3880,2998,15.0,1728
430.5,2026-08-02T00:20:37.015242+00:00,57.437,57.031,57.437,56.312,27,408,1020,,10256,3115,3880,2998,15.2,1728
431.5,2026-08-02T00:20:38.021061+00:00,57.437,56.875,57.437,56.343,30,408,1020,,10256,3080,3920,2997,15.0,1728
432.5,2026-08-02T00:20:39.026450+00:00,57.531,57.187,57.531,56.5,28,408,1020,,10296,3075,3920,2997,15.0,1728
433.5,2026-08-02T00:20:40.031937+00:00,57.468,57.187,57.468,56.406,30,408,1020,,10336,3075,3920,2997,15.5,1728
434.5,2026-08-02T00:20:41.037354+00:00,57.531,57.406,57.531,56.562,28,408,1020,,10016,2840,3886,2997,14.7,1728
435.5,2026-08-02T00:20:42.042753+00:00,57.5,57.25,57.5,56.5,29,408,1020,,10256,3120,3880,2997,15.5,1728
436.5,2026-08-02T00:20:43.048225+00:00,57.531,57.437,57.531,56.343,30,408,1020,,10256,3080,3880,2997,15.3,1728
437.6,2026-08-02T00:20:44.054054+00:00,57.781,57.562,57.781,56.375,30,408,1020,,10256,3035,3880,2997,15.2,1728
438.6,2026-08-02T00:20:45.059520+00:00,57.75,57.218,57.75,56.375,30,408,1020,,10176,3040,3880,2997,15.2,1728
439.6,2026-08-02T00:20:46.064823+00:00,57.875,57,57.875,56.406,29,408,1020,,10136,3040,3880,2997,15.2,1728
440.6,2026-08-02T00:20:47.071089+00:00,57.437,56.937,57.437,56.468,30,408,1020,,10216,3075,3880,2997,15.3,1728
441.6,2026-08-02T00:20:48.076658+00:00,57.312,57.062,57.312,56.562,30,408,1020,,10096,3000,3840,2997,15.2,1728
442.6,2026-08-02T00:20:49.082418+00:00,57.312,56.781,57.312,56.406,28,408,1020,,10096,3000,3840,2997,15.3,1728
443.6,2026-08-02T00:20:50.092020+00:00,57.281,56.562,57.281,56.343,29,408,1020,,10016,3000,3846,2997,15.5,1728
444.6,2026-08-02T00:20:51.093956+00:00,57.5,56.625,57.5,56.406,30,408,1020,,9935,2920,3806,2997,15.0,1728
445.6,2026-08-02T00:20:52.099134+00:00,57.531,57.343,57.531,56.468,30,408,1020,,9815,2880,3806,2997,15.7,1728
446.6,2026-08-02T00:20:53.104596+00:00,57.531,57.312,57.531,56.531,28,408,1020,,9895,2840,3806,2997,15.0,1728
447.6,2026-08-02T00:20:54.110079+00:00,57.593,57.531,57.593,56.343,28,408,1020,,9815,2840,3806,2997,15.5,1728
448.6,2026-08-02T00:20:55.115784+00:00,57.562,57.218,57.562,56.437,29,408,1020,,9815,2760,3806,2997,15.3,1728
449.6,2026-08-02T00:20:56.121236+00:00,57.531,57.187,57.531,56.375,29,408,1020,,9735,2800,3766,2997,15.3,1728
450.6,2026-08-02T00:20:57.126662+00:00,57.687,57.312,57.687,56.5,29,408,1020,,9735,2760,3766,2997,15.3,1728
451.6,2026-08-02T00:20:58.132190+00:00,57.593,57.343,57.593,56.531,28,408,1020,,9655,2760,3766,2997,15.5,1728
452.6,2026-08-02T00:20:59.137679+00:00,57.687,57.5,57.687,56.406,30,408,1020,,9615,2720,3766,2997,15.0,1728
453.6,2026-08-02T00:21:00.144877+00:00,57.625,56.937,57.437,56.5,30,306,1020,,9615,2680,3725,2997,15.5,1728
454.6,2026-08-02T00:21:01.148347+00:00,57.312,56.906,57.312,56.406,31,306,1020,,9575,2680,3725,2997,15.0,1728
455.7,2026-08-02T00:21:02.153852+00:00,57.343,56.875,57.343,56.5,31,306,1020,,9470,2600,3766,2997,15.2,1728
456.7,2026-08-02T00:21:03.159558+00:00,57.343,56.937,57.343,56.562,38,306,1020,,9510,2600,3725,2997,15.2,1728
457.7,2026-08-02T00:21:04.164860+00:00,57.406,57.156,57.406,56.531,40,306,1020,,9470,2600,3725,2997,15.2,1728
458.7,2026-08-02T00:21:05.171014+00:00,57.406,57.125,57.406,56.468,40,306,1020,,9455,2640,3725,2997,15.2,1728
459.7,2026-08-02T00:21:06.177092+00:00,57.375,57,57.375,56.468,40,306,1020,,9455,2640,3725,2996,15.5,1728
460.7,2026-08-02T00:21:07.182905+00:00,57.375,56.968,57.375,56.531,40,306,1020,,9430,2560,3725,2996,15.3,1728
461.7,2026-08-02T00:21:08.188521+00:00,57.75,57,57.75,56.593,40,306,1020,,9389,2560,3685,2996,15.3,1728
462.7,2026-08-02T00:21:09.194745+00:00,57.187,56.812,57.187,56.468,40,306,1020,,9389,2560,3685,2996,15.3,1728
463.7,2026-08-02T00:21:10.202566+00:00,57.343,56.781,57.343,56.437,40,306,1020,,9389,2520,3685,2996,15.5,1728
464.7,2026-08-02T00:21:11.205970+00:00,57.218,56.781,57.218,56.406,40,306,1020,,9349,2560,3685,2996,15.3,1728
465.7,2026-08-02T00:21:12.211721+00:00,57.375,56.687,57.375,56.343,40,306,1020,,9309,2520,3685,2996,15.5,1728
466.7,2026-08-02T00:21:13.217587+00:00,57.281,56.718,57.375,56.593,40,306,1020,,9269,2480,3685,2996,15.3,1728
467.7,2026-08-02T00:21:14.223337+00:00,57.468,56.968,57.468,56.406,40,306,1020,,9269,2480,3685,2996,15.2,1728
468.7,2026-08-02T00:21:15.228934+00:00,57.406,56.875,57.406,56.375,40,306,1020,,9229,2440,3645,2996,15.3,1728
469.7,2026-08-02T00:21:16.234907+00:00,57.468,56.875,57.468,56.468,40,306,1020,,9189,2403,3645,2996,15.2,1728
470.7,2026-08-02T00:21:17.240700+00:00,57.468,56.687,57.468,56.468,40,306,1020,,9189,2403,3645,2997,15.0,1728
471.7,2026-08-02T00:21:18.246524+00:00,57.437,56.75,57.437,56.625,38,306,1020,,9189,2443,3645,2997,15.0,1728
472.8,2026-08-02T00:21:19.252302+00:00,57.312,57,57.312,56.437,39,306,1020,,9149,2443,3645,2997,15.7,1728
473.8,2026-08-02T00:21:20.258316+00:00,57.281,56.843,57.281,56.562,40,306,1020,,9068,2363,3645,2997,15.3,1728
474.8,2026-08-02T00:21:21.264344+00:00,57.25,56.656,57.25,56.406,40,306,1020,,9109,2363,3645,2997,15.2,1728
475.8,2026-08-02T00:21:22.270364+00:00,57.312,56.75,57.312,56.5,40,306,1020,,9068,2363,3645,2997,15.3,1728
476.8,2026-08-02T00:21:23.276351+00:00,57.343,57.156,57.343,56.468,40,306,1020,,9068,2323,3645,2997,15.2,1728
477.8,2026-08-02T00:21:24.282146+00:00,57.531,57.312,57.531,56.375,37,306,1020,,9028,2323,3651,2997,15.0,1728
478.8,2026-08-02T00:21:25.288003+00:00,57.593,57.093,57.593,56.531,40,306,1020,,9028,2323,3611,2997,15.7,1728
479.8,2026-08-02T00:21:26.293800+00:00,57.593,57,57.593,56.5,40,306,1020,,8988,2323,3605,2997,15.0,1728
480.8,2026-08-02T00:21:27.299778+00:00,57.625,57.031,57.625,56.531,39,306,1020,,8988,2323,3611,2995,15.5,1728
481.8,2026-08-02T00:21:28.305382+00:00,57.906,57.25,57.906,56.406,27,306,1020,,9068,2363,3645,2995,15.3,1728
482.8,2026-08-02T00:21:29.310758+00:00,57.75,57.593,57.75,56.468,92,306,1020,,9149,2403,3645,2995,15.0,1728
483.8,2026-08-02T00:21:30.316201+00:00,57.781,56.906,57.781,56.5,99,306,1020,,9309,2403,3685,2995,15.0,1728
484.8,2026-08-02T00:21:31.321767+00:00,57.906,56.843,57.906,56.437,99,714,1020,,9349,2520,3685,2995,15.3,1651
485.8,2026-08-02T00:21:32.328256+00:00,58.093,56.75,58.093,56.656,99,714,1020,,9590,2640,3766,2995,15.2,1036
486.8,2026-08-02T00:21:33.334382+00:00,58.25,57.031,58.25,56.437,99,714,1020,,9815,2720,3846,2995,15.0,806
487.8,2026-08-02T00:21:34.339815+00:00,58.218,56.875,58.218,56.531,99,714,1020,,9975,2840,3886,2995,15.2,1728
488.8,2026-08-02T00:21:35.348200+00:00,58.25,57.187,58.25,56.531,94,714,1020,,10256,3040,3960,2995,15.2,1728
489.8,2026-08-02T00:21:36.353322+00:00,58.312,57.281,58.312,56.593,92,1020,1020,,10376,3115,3960,2995,15.3,1728
490.9,2026-08-02T00:21:37.358081+00:00,58.406,56.937,58.406,56.656,87,1020,1020,,10496,3154,4000,2995,15.0,1190
491.9,2026-08-02T00:21:38.364538+00:00,58.5,57.25,58.5,56.5,99,1020,1020,,10657,3314,4040,2995,15.3,1036
492.9,2026-08-02T00:21:39.370670+00:00,58.687,56.906,58.687,56.531,99,1020,1020,,11320,3747,4153,2995,15.2,1651
493.9,2026-08-02T00:21:40.376397+00:00,58.531,56.968,58.531,56.531,55,1020,1020,,11320,3668,4113,2995,15.3,1574
494.9,2026-08-02T00:21:41.382199+00:00,58.312,56.968,58.312,56.687,44,612,1020,,11480,3867,4153,2995,15.7,1651
495.9,2026-08-02T00:21:42.388044+00:00,58.187,57.062,58.187,56.468,42,612,1020,,11240,3668,4120,2995,15.2,1728
496.9,2026-08-02T00:21:43.394074+00:00,58.156,57.125,58.156,56.593,33,510,1020,,11320,3747,4113,2995,15.8,1728
497.9,2026-08-02T00:21:44.399911+00:00,57.75,57,57.75,56.593,24,510,1020,,11120,3634,4080,2995,15.2,1728
498.9,2026-08-02T00:21:45.405821+00:00,57.781,56.875,57.781,56.687,24,510,1020,,10960,3514,4040,2995,15.3,1728
499.9,2026-08-02T00:21:46.411835+00:00,57.781,57,57.781,56.625,24,510,1020,,10840,3354,4040,2995,15.5,1728
500.9,2026-08-02T00:21:47.417573+00:00,57.687,56.937,57.687,56.406,23,510,1020,,10760,3394,4000,2995,15.2,1728
501.9,2026-08-02T00:21:48.423306+00:00,57.781,57.093,57.781,56.531,24,510,1020,,10680,3354,4000,2996,15.3,1728
502.9,2026-08-02T00:21:49.429150+00:00,57.937,56.781,57.937,56.656,28,408,1020,,10616,3274,3960,2996,15.3,1728
503.9,2026-08-02T00:21:50.435075+00:00,57.906,57,57.906,56.718,28,408,1020,,10536,3154,3960,2996,15.0,1728
504.9,2026-08-02T00:21:51.440900+00:00,57.937,57.218,57.937,56.687,30,408,1020,,10456,3154,3960,2996,15.2,1728
505.9,2026-08-02T00:21:52.447001+00:00,58,57.375,58,56.562,30,408,1020,,10416,3194,3920,2996,15.5,1728
507.0,2026-08-02T00:21:53.452587+00:00,57.937,57,57.937,56.593,30,408,1020,,10336,3115,3880,2996,15.2,1728
508.0,2026-08-02T00:21:54.458371+00:00,57.625,57.25,57.625,56.687,30,408,1020,,10256,3080,3880,2996,15.0,1728
509.0,2026-08-02T00:21:55.464468+00:00,57.593,57.031,57.593,56.625,30,408,1020,,10136,3000,3880,2996,15.0,1728
510.0,2026-08-02T00:21:56.470088+00:00,57.656,57.25,57.656,56.531,30,408,1020,,10136,3000,3880,2996,15.0,1728
511.0,2026-08-02T00:21:57.475925+00:00,57.562,57.406,57.562,56.5,28,408,1020,,10016,3000,3846,2996,15.3,1728
512.0,2026-08-02T00:21:58.481676+00:00,57.625,57.187,57.625,56.593,30,408,1020,,10016,3000,3846,2996,15.3,1728
513.0,2026-08-02T00:21:59.487352+00:00,57.593,57.218,57.593,56.625,29,408,1020,,9975,2880,3846,2996,15.3,1728
514.0,2026-08-02T00:22:00.493313+00:00,57.5,57.312,57.5,56.687,30,408,1020,,9895,2880,3806,2996,15.3,1728
515.0,2026-08-02T00:22:01.498408+00:00,57.531,57.406,57.531,56.593,30,408,1020,,9935,2840,3806,2996,15.2,1728
516.0,2026-08-02T00:22:02.504051+00:00,57.593,57.25,57.593,56.625,30,408,1020,,9855,2880,3806,2996,15.5,1728
517.0,2026-08-02T00:22:03.509650+00:00,57.531,57.75,57.75,56.656,30,408,1020,,9855,2840,3806,2996,15.0,1728
518.0,2026-08-02T00:22:04.514903+00:00,57.562,57.25,57.562,56.562,28,408,1020,,9815,2840,3806,2996,15.3,1728
519.0,2026-08-02T00:22:05.520278+00:00,57.625,57.375,57.625,56.718,28,408,1020,,9815,2840,3806,2996,15.2,1728
520.0,2026-08-02T00:22:06.525940+00:00,57.531,57.218,57.531,56.656,30,408,1020,,9775,2800,3806,2996,15.3,1728
521.0,2026-08-02T00:22:07.531363+00:00,57.625,57.312,57.625,56.562,30,408,1020,,9735,2800,3766,2996,15.2,1728
522.0,2026-08-02T00:22:08.536553+00:00,57.625,57.5,57.625,56.781,30,408,1020,,9735,2800,3766,2996,15.0,1728
523.0,2026-08-02T00:22:09.541980+00:00,57.562,57.156,57.812,56.593,28,408,1020,,9655,2760,3766,2996,15.3,1728
524.0,2026-08-02T00:22:10.547422+00:00,57.781,57.156,57.781,56.687,28,408,1020,,9655,2720,3766,2996,14.8,1728
525.1,2026-08-02T00:22:11.552986+00:00,57.812,57.125,57.812,56.781,30,408,1020,,9615,2720,3725,2996,15.3,1728
526.1,2026-08-02T00:22:12.558178+00:00,57.812,57.343,57.812,56.781,30,306,1020,,9615,2720,3725,2996,15.2,1728
527.1,2026-08-02T00:22:13.563745+00:00,57.875,57.531,57.875,56.593,37,306,1020,,9495,2680,3725,2996,15.2,1728
528.1,2026-08-02T00:22:14.569148+00:00,57.875,57.187,57.875,56.687,40,306,1020,,9389,2520,3725,2996,14.7,1728
529.1,2026-08-02T00:22:15.574610+00:00,57.937,57.156,57.937,56.718,40,306,1020,,9590,2640,3725,2996,15.0,1728
530.1,2026-08-02T00:22:16.580007+00:00,58,57.281,58,56.718,30,306,1020,,9535,2680,3725,2996,15.2,1728
531.1,2026-08-02T00:22:17.585499+00:00,58,57.125,58,56.812,40,306,1020,,9535,2640,3725,2996,15.0,1728
532.1,2026-08-02T00:22:18.590988+00:00,57.968,57.375,57.968,56.593,40,306,1020,,9349,2480,3725,2996,15.2,1728
533.1,2026-08-02T00:22:19.596633+00:00,57.531,57.156,57.531,56.687,39,306,1020,,9470,2600,3725,2996,15.2,1728
534.1,2026-08-02T00:22:20.601970+00:00,57.531,57.468,57.625,56.718,30,306,1020,,9535,2640,3725,2996,15.5,1728
535.1,2026-08-02T00:22:21.607363+00:00,57.625,57,57.625,56.75,37,306,1020,,9510,2640,3725,2996,15.2,1728
536.1,2026-08-02T00:22:22.612807+00:00,57.656,57.093,57.656,56.718,36,306,1020,,9470,2640,3725,2996,15.2,1728
537.1,2026-08-02T00:22:23.618333+00:00,57.656,57.093,57.656,56.781,40,306,1020,,9430,2600,3725,2996,15.3,1728
538.1,2026-08-02T00:22:24.623862+00:00,57.562,57.187,57.562,56.75,39,306,1020,,9430,2600,3725,2996,14.8,1728
539.1,2026-08-02T00:22:25.629372+00:00,57.687,57.25,57.687,56.718,39,306,1020,,9389,2560,3685,2996,15.2,1728
540.1,2026-08-02T00:22:26.634842+00:00,57.75,56.906,57.75,56.656,40,306,1020,,9389,2560,3685,2996,15.5,1728
541.1,2026-08-02T00:22:27.640327+00:00,57.687,57.062,57.687,56.75,40,306,1020,,9229,2443,3685,2996,14.5,1728
542.1,2026-08-02T00:22:28.645815+00:00,57.718,56.968,57.718,56.781,40,306,1020,,9389,2560,3685,2996,15.2,1728
543.1,2026-08-02T00:22:29.651273+00:00,57.718,57.187,57.718,56.593,40,306,1020,,9389,2560,3685,2996,15.2,1728
544.2,2026-08-02T00:22:30.657074+00:00,57.718,57.5,57.656,56.687,40,306,1020,,9269,2400,3685,2996,14.8,1728
545.2,2026-08-02T00:22:31.662363+00:00,57.625,57.531,57.625,56.625,40,306,1020,,9389,2560,3685,2996,15.0,1728
546.2,2026-08-02T00:22:32.668075+00:00,57.531,57.625,57.625,56.781,37,306,1020,,9349,2520,3685,2996,14.8,1728
547.2,2026-08-02T00:22:33.673409+00:00,57.843,57.75,57.843,56.593,37,306,1020,,9309,2520,3685,2996,15.0,1728
548.2,2026-08-02T00:22:34.679086+00:00,57.593,56.875,57.593,56.781,40,306,1020,,9309,2520,3685,2996,15.3,1728
549.2,2026-08-02T00:22:35.684567+00:00,57.781,57.125,57.781,56.843,40,306,1020,,9189,2403,3685,2996,15.2,1728
550.2,2026-08-02T00:22:36.690074+00:00,57.562,57.156,57.562,56.687,40,306,1020,,9269,2520,3685,2996,15.3,1728
551.2,2026-08-02T00:22:37.695667+00:00,57.781,57.093,57.781,56.781,40,306,1020,,9189,2483,3645,2996,15.3,1728
552.2,2026-08-02T00:22:38.701036+00:00,57.531,57.218,57.531,56.781,40,306,1020,,9189,2443,3645,2996,15.0,1728
553.2,2026-08-02T00:22:39.706184+00:00,57.812,57.156,57.812,56.781,40,306,1020,,9189,2443,3645,2996,15.0,1728
554.2,2026-08-02T00:22:40.711856+00:00,57.562,57.812,57.812,56.625,40,306,1020,,9149,2403,3645,2996,15.0,1728
555.2,2026-08-02T00:22:41.716960+00:00,57.812,57.5,57.812,56.656,39,306,1020,,9109,2403,3645,2996,15.5,1728
556.2,2026-08-02T00:22:42.722346+00:00,57.843,57.625,57.843,56.843,38,306,1020,,9109,2403,3645,2996,15.5,1728
557.2,2026-08-02T00:22:43.727820+00:00,57.531,57.187,57.531,56.656,40,306,1020,,9068,2363,3645,2996,15.0,1728
558.2,2026-08-02T00:22:44.733526+00:00,57.781,57.187,57.781,56.718,39,306,1020,,8948,2323,3651,2996,15.0,1728
559.2,2026-08-02T00:22:45.739037+00:00,57.625,57.437,57.625,56.75,40,306,1020,,9470,2600,3645,3017,22.8,1728
560.2,2026-08-02T00:22:46.744969+00:00,57.562,57.5,57.562,56.75,40,306,1020,,9495,2680,3685,2998,29.2,1728
561.2,2026-08-02T00:22:47.750695+00:00,57.843,57.187,57.843,56.656,38,306,1020,,8988,2283,3645,2999,14.3,1728
562.3,2026-08-02T00:22:48.756474+00:00,57.562,57.406,57.562,56.812,40,306,1020,,9068,2363,3605,3000,15.5,1728
563.3,2026-08-02T00:22:49.762093+00:00,57.531,57.187,57.531,56.843,40,306,1020,,9028,2323,3605,3000,15.2,1728
564.3,2026-08-02T00:22:50.767401+00:00,57.906,57.281,57.906,56.781,39,306,1020,,8908,2363,3611,3000,15.5,1728
565.3,2026-08-02T00:22:51.772772+00:00,57.968,57.218,57.687,56.843,24,306,1020,,9028,2283,3605,3000,15.7,1728
566.3,2026-08-02T00:22:52.778267+00:00,57.718,57.281,57.718,56.687,22,306,1020,,8988,2363,3651,3000,15.5,1728
567.3,2026-08-02T00:22:53.783957+00:00,58.156,57.187,58.156,56.75,92,306,1020,,9189,2400,3685,3000,15.3,1728
568.3,2026-08-02T00:22:54.789055+00:00,58.187,57.062,58.187,56.843,94,714,1020,,9189,2480,3685,3000,15.0,1728
569.3,2026-08-02T00:22:55.794669+00:00,58.5,57.062,58.5,56.656,99,714,1020,,9550,2600,3725,3000,15.2,1574
570.3,2026-08-02T00:22:56.800313+00:00,58.281,57.25,58.281,56.781,99,714,1020,,9575,2640,3766,3000,15.2,1267
571.3,2026-08-02T00:22:57.807887+00:00,57.968,57.062,57.968,56.75,94,306,1020,,9229,2363,3645,3000,15.0,1728
572.3,2026-08-02T00:22:58.810932+00:00,58.468,57.093,58.468,56.812,99,714,1020,,9389,2520,3725,3000,15.3,1728
573.3,2026-08-02T00:22:59.816409+00:00,58.437,57.218,58.437,56.781,99,714,1020,,9430,2560,3725,3000,15.0,1420
574.3,2026-08-02T00:23:00.822900+00:00,58.343,56.906,58.343,56.75,99,714,1020,,9775,2760,3806,3000,14.8,883
575.3,2026-08-02T00:23:01.828538+00:00,58.281,57,58.281,56.781,99,714,1020,,9895,2800,3886,3000,14.8,960
576.3,2026-08-02T00:23:02.834080+00:00,58.218,57.125,58.218,56.843,99,714,1020,,10016,2840,3886,3001,15.2,1728
577.3,2026-08-02T00:23:03.839972+00:00,58.156,56.843,58.156,56.781,99,714,1020,,9670,2600,3766,3001,15.3,1420
578.3,2026-08-02T00:23:04.846371+00:00,58.375,56.968,58.375,56.75,99,714,1020,,9935,2840,3886,2999,15.0,729
579.3,2026-08-02T00:23:05.851516+00:00,58.437,57.093,58.437,56.781,99,714,1020,,10096,2920,3880,2999,15.7,1728
580.4,2026-08-02T00:23:06.857466+00:00,58.468,57.218,58.468,56.75,99,714,1020,,9855,2760,3846,2999,14.5,1036
581.4,2026-08-02T00:23:07.862727+00:00,57.968,56.906,57.968,56.781,99,714,1020,,9470,2560,3725,2999,15.0,1113
582.4,2026-08-02T00:23:08.868792+00:00,58.218,56.968,58.218,56.718,99,714,1020,,9735,2720,3806,2999,14.8,883
583.4,2026-08-02T00:23:09.874570+00:00,58.437,57.156,58.437,56.812,99,714,1020,,9935,2880,3846,2999,15.0,806
584.4,2026-08-02T00:23:10.879866+00:00,58.406,56.968,58.406,56.625,99,714,1020,,10056,2880,3880,2999,15.0,1728
585.4,2026-08-02T00:23:11.888944+00:00,58.625,57.5,58.625,56.781,89,714,1020,,10376,3075,3960,2999,15.5,1728
586.4,2026-08-02T00:23:12.892074+00:00,58.781,57.125,58.781,56.781,99,1020,1020,,10777,3274,4040,2999,15.3,1113
587.4,2026-08-02T00:23:13.898340+00:00,58.75,57.187,58.75,56.781,99,1020,1020,,10840,3474,4080,2999,15.0,883
588.4,2026-08-02T00:23:14.904378+00:00,59.187,57.437,59.187,56.718,99,1020,1020,,11080,3554,4120,2999,15.2,729
589.4,2026-08-02T00:23:15.910046+00:00,58.968,57.187,58.968,56.812,99,1020,1020,,11200,3588,4113,2999,15.3,1574
590.4,2026-08-02T00:23:16.916142+00:00,58.906,57.218,58.906,56.781,99,1020,1020,,11160,3628,4120,2999,15.3,1574
591.4,2026-08-02T00:23:17.922042+00:00,58.312,57.406,58.312,56.75,40,612,1020,,11320,3787,4113,2999,15.3,1651
592.4,2026-08-02T00:23:18.928504+00:00,58.25,57.218,58.25,56.781,44,612,1020,,11240,3628,4113,2999,15.3,1651
593.4,2026-08-02T00:23:19.934104+00:00,58.562,57.343,58.562,56.781,43,612,1020,,11200,3674,4120,2999,15.3,1728
594.4,2026-08-02T00:23:20.939768+00:00,58.468,57.437,58.468,56.875,46,612,1020,,11240,3668,4113,2999,15.2,1728
595.4,2026-08-02T00:23:21.947859+00:00,58.343,57.25,58.343,56.781,50,510,1020,,11080,3588,4120,2999,15.2,1728
596.4,2026-08-02T00:23:22.951424+00:00,58,57.593,58,56.812,23,510,1020,,11120,3588,4080,2999,15.7,1728
597.5,2026-08-02T00:23:23.956650+00:00,58.031,57.375,58.031,56.843,24,510,1020,,10960,3434,4080,2999,15.2,1728
598.5,2026-08-02T00:23:24.961996+00:00,58.031,57.75,58.031,56.906,24,510,1020,,10880,3434,4080,2999,15.3,1728
599.5,2026-08-02T00:23:25.967418+00:00,58.031,57.375,58.343,56.781,24,510,1020,,10880,3474,4040,2999,15.2,1728
600.5,2026-08-02T00:23:26.972802+00:00,58.25,57.656,58.25,56.781,24,510,1020,,10840,3434,4040,2999,14.8,1728
601.5,2026-08-02T00:23:27.978242+00:00,58.312,57.312,58.312,56.781,24,510,1020,,10800,3434,4040,2999,15.0,1728
602.5,2026-08-02T00:23:28.983635+00:00,58.312,57.5,58.312,56.875,24,408,1020,,10800,3354,4040,2999,15.2,1728
603.5,2026-08-02T00:23:29.989241+00:00,58.406,57.593,58.406,57,23,510,1020,,10720,3394,4000,2999,15.2,1728
604.5,2026-08-02T00:23:30.994336+00:00,57.937,57.406,57.937,56.875,24,408,1020,,10600,3274,3960,2999,15.2,1728
605.5,2026-08-02T00:23:31.999730+00:00,58,57.656,58,56.781,28,408,1020,,10560,3314,3960,2999,15.5,1728
606.5,2026-08-02T00:23:33.005179+00:00,58.031,57.375,58.031,56.968,28,408,1020,,10456,3194,3920,2999,15.0,1728
607.5,2026-08-02T00:23:34.010611+00:00,57.968,57.437,57.968,56.875,28,408,1020,,10336,3115,3920,2999,15.2,1728
608.5,2026-08-02T00:23:35.015956+00:00,57.812,57.656,57.812,56.812,30,408,1020,,10296,3115,3920,2999,15.0,1728
609.5,2026-08-02T00:23:36.021644+00:00,57.781,57.375,57.781,56.75,30,408,1020,,10216,3075,3880,2999,15.2,1728
610.5,2026-08-02T00:23:37.027074+00:00,57.843,57.437,57.843,56.812,30,408,1020,,10256,3040,3880,2999,14.8,1728
611.5,2026-08-02T00:23:38.032529+00:00,57.812,57.281,57.812,56.937,30,408,1020,,10176,3035,3880,2999,15.0,1728
612.5,2026-08-02T00:23:39.038098+00:00,57.75,57.312,57.75,56.906,28,408,1020,,10096,3040,3840,2999,15.3,1728
613.5,2026-08-02T00:23:40.043992+00:00,57.75,57.437,57.75,57,30,408,1020,,10136,2955,3880,2999,14.8,1728
614.5,2026-08-02T00:23:41.049792+00:00,57.781,57.406,57.781,56.718,28,408,1020,,10176,2960,3840,2999,15.2,1728
615.6,2026-08-02T00:23:42.056286+00:00,57.75,57.5,57.75,56.781,30,408,1020,,9935,2760,3886,2998,14.5,1728
616.6,2026-08-02T00:23:43.062292+00:00,57.781,57.5,57.781,56.812,30,408,1020,,10136,3000,3880,2998,15.7,1728
617.6,2026-08-02T00:23:44.067523+00:00,57.781,57.468,57.781,56.75,30,408,1020,,9975,2840,3886,2998,14.3,1728
618.6,2026-08-02T00:23:45.072749+00:00,57.75,57.093,57.75,56.843,30,408,1020,,9935,2760,3886,2998,14.5,1728
619.6,2026-08-02T00:23:46.078160+00:00,58.062,57.312,57.843,56.843,30,408,1020,,10256,3115,3880,2998,15.7,1728
620.6,2026-08-02T00:23:47.084227+00:00,58.062,57.468,58.062,56.843,30,408,1020,,10216,3080,3880,2998,15.5,1728
621.6,2026-08-02T00:23:48.090366+00:00,58.156,57.5,57.843,56.781,30,408,1020,,10096,3000,3886,2998,15.3,1728
622.6,2026-08-02T00:23:49.095953+00:00,57.843,57.343,57.843,56.75,30,408,1020,,10096,2960,3840,2998,15.7,1728
623.6,2026-08-02T00:23:50.101767+00:00,57.875,57.687,57.875,56.75,30,408,1020,,9975,2920,3846,2998,15.2,1728
624.6,2026-08-02T00:23:51.107498+00:00,57.812,57.343,57.812,56.906,30,408,1020,,9815,2760,3846,2998,14.7,1728
625.6,2026-08-02T00:23:52.113563+00:00,57.937,57.375,57.937,56.906,30,408,1020,,10016,2960,3846,2998,15.3,1728
626.6,2026-08-02T00:23:53.119233+00:00,57.937,57.5,57.937,56.875,30,408,1020,,9935,2920,3846,2998,15.0,1728
627.6,2026-08-02T00:23:54.125120+00:00,57.875,57.468,57.875,56.812,30,408,1020,,9895,2880,3806,2998,15.2,1728
628.6,2026-08-02T00:23:55.130949+00:00,57.843,57.531,57.843,56.812,30,408,1020,,9895,2840,3806,2998,15.3,1728
629.6,2026-08-02T00:23:56.136689+00:00,57.906,57.281,57.906,56.843,28,408,1020,,9855,2880,3806,2998,15.3,1728
630.6,2026-08-02T00:23:57.142630+00:00,57.875,57.062,57.875,56.906,30,408,1020,,9775,2800,3806,2998,15.3,1728
631.6,2026-08-02T00:23:58.148402+00:00,57.968,57.437,57.968,56.937,30,408,1020,,9735,2800,3766,2998,15.2,1728
632.7,2026-08-02T00:23:59.154277+00:00,57.843,57.437,57.843,57,30,408,1020,,9695,2720,3806,2998,15.0,1728
633.7,2026-08-02T00:24:00.159948+00:00,57.937,57.531,57.937,56.781,30,408,1020,,9735,2760,3766,2998,15.7,1728
634.7,2026-08-02T00:24:01.165709+00:00,58,57.281,58,56.875,30,408,1020,,9615,2720,3766,2998,15.2,1728
635.7,2026-08-02T00:24:02.171554+00:00,57.843,57.343,57.843,56.843,29,408,1020,,9655,2760,3725,2998,15.7,1728
636.7,2026-08-02T00:24:03.177243+00:00,57.656,57.406,57.656,56.906,39,306,1020,,9575,2680,3725,2998,15.3,1728
637.7,2026-08-02T00:24:04.184202+00:00,57.718,57.593,57.718,57,30,306,1020,,9550,2640,3725,2998,15.5,1728
638.7,2026-08-02T00:24:05.188930+00:00,57.781,57.656,57.781,56.781,28,306,1020,,9550,2640,3725,2998,15.5,1728
639.7,2026-08-02T00:24:06.194891+00:00,57.718,57.281,57.718,56.781,40,306,1020,,9470,2600,3725,2998,15.2,1728
640.7,2026-08-02T00:24:07.200819+00:00,57.656,57.343,57.656,56.937,39,306,1020,,9470,2600,3725,2998,15.5,1728
641.7,2026-08-02T00:24:08.207053+00:00,57.718,57.093,57.718,56.906,40,306,1020,,9389,2560,3685,2998,15.3,1728
642.7,2026-08-02T00:24:09.212948+00:00,57.937,57.187,57.937,56.968,38,306,1020,,9309,2520,3685,2998,15.3,1728
643.7,2026-08-02T00:24:10.218807+00:00,58.031,57.125,58.031,56.75,40,306,1020,,9269,2520,3685,2999,15.3,1728
644.7,2026-08-02T00:24:11.224630+00:00,57.968,57.343,57.968,56.812,40,306,1020,,9269,2483,3685,2999,15.2,1728
645.7,2026-08-02T00:24:12.229872+00:00,58.062,57.312,58.062,56.875,39,306,1020,,9189,2403,3645,2999,15.0,1728
646.7,2026-08-02T00:24:13.235516+00:00,58.156,57.781,58.156,56.906,40,306,1020,,9189,2443,3645,2999,15.5,1728
647.7,2026-08-02T00:24:14.240859+00:00,58.093,57.281,58.093,57.062,40,306,1020,,9109,2323,3645,2999,14.5,1728
648.7,2026-08-02T00:24:15.246454+00:00,57.625,57.312,57.625,56.875,40,306,1020,,9229,2440,3685,2999,15.2,1728
649.7,2026-08-02T00:24:16.251756+00:00,57.656,57.343,57.656,56.906,39,306,1020,,9189,2443,3645,2999,15.2,1728
650.8,2026-08-02T00:24:17.257418+00:00,57.718,57.375,57.718,56.843,37,306,1020,,9229,2443,3645,2999,15.0,1728
651.8,2026-08-02T00:24:18.262659+00:00,57.906,57.25,57.906,56.843,40,306,1020,,9189,2443,3645,2999,15.3,1728
652.8,2026-08-02T00:24:19.268324+00:00,57.843,57.375,57.843,56.937,40,306,1020,,9149,2403,3645,2999,15.2,1728
653.8,2026-08-02T00:24:20.274269+00:00,57.843,57.406,57.843,56.781,39,306,1020,,9149,2363,3605,2999,15.2,1728
654.8,2026-08-02T00:24:21.279809+00:00,57.812,57.625,57.812,56.812,37,306,1020,,8988,2283,3651,2999,14.8,1728
655.8,2026-08-02T00:24:22.285286+00:00,57.937,57.343,57.937,56.781,39,306,1020,,9068,2403,3645,2999,15.2,1728
656.8,2026-08-02T00:24:23.290689+00:00,57.875,57.187,57.875,56.906,40,306,1020,,9189,2443,3645,2999,15.5,1728
657.8,2026-08-02T00:24:24.296199+00:00,57.843,57.343,57.843,56.875,39,306,1020,,9149,2403,3605,2999,15.0,1728
658.8,2026-08-02T00:24:25.302118+00:00,57.968,57.406,57.968,56.968,40,306,1020,,9028,2320,3691,2999,15.2,1728
659.8,2026-08-02T00:24:26.307814+00:00,57.656,57.718,57.718,56.812,40,306,1020,,9189,2323,3605,2999,15.2,1728
660.8,2026-08-02T00:24:27.313381+00:00,57.75,57.343,57.75,56.812,38,306,1020,,9028,2363,3645,2999,15.2,1728
661.8,2026-08-02T00:24:28.319068+00:00,57.687,57.312,57.687,57,39,306,1020,,9068,2363,3605,2999,15.2,1728
662.8,2026-08-02T00:24:29.325406+00:00,57.625,57,57.625,56.875,40,306,1020,,9109,2363,3645,2999,15.5,1728
663.8,2026-08-02T00:24:30.330877+00:00,57.75,57.218,57.75,56.875,40,306,1020,,9028,2363,3605,2999,15.3,1728
664.8,2026-08-02T00:24:31.337072+00:00,58,57.281,58,56.812,40,306,1020,,9028,2363,3605,2999,15.5,1728
665.8,2026-08-02T00:24:32.342935+00:00,58.093,57.187,58.093,56.875,29,306,1020,,9028,2323,3605,2999,15.5,1728
666.8,2026-08-02T00:24:33.348840+00:00,58.593,57.281,58.593,56.906,99,714,1020,,9430,2600,3725,2999,15.0,1728
667.9,2026-08-02T00:24:34.354845+00:00,58.562,57.156,58.562,56.843,99,714,1020,,9655,2680,3806,2999,15.0,960
668.9,2026-08-02T00:24:35.360470+00:00,58.781,57.281,58.781,56.781,99,714,1020,,10056,2840,3880,2999,15.3,729
669.9,2026-08-02T00:24:36.367942+00:00,58.812,57.531,58.812,56.812,99,1020,1020,,10376,3075,3960,2999,15.0,1728
670.9,2026-08-02T00:24:37.372793+00:00,58.812,57.343,58.812,56.875,95,1020,1020,,10680,3314,4000,2999,15.3,1190
671.9,2026-08-02T00:24:38.378550+00:00,59.187,57.406,59.187,56.843,99,1020,1020,,11280,3708,4153,2999,14.8,806
672.9,2026-08-02T00:24:39.384444+00:00,59.156,57.468,59.156,56.781,99,1020,1020,,11400,3708,4153,2999,15.5,1574
673.9,2026-08-02T00:24:40.390355+00:00,58.5,57.218,58.5,56.812,38,612,1020,,11360,3747,4153,2999,16.0,1651
674.9,2026-08-02T00:24:41.396270+00:00,58.375,57.25,58.375,56.812,41,612,1020,,11280,3674,4113,2999,15.2,1651
675.9,2026-08-02T00:24:42.402434+00:00,58.343,57.218,58.343,56.937,44,612,1020,,11240,3628,4153,2999,15.2,1728
676.9,2026-08-02T00:24:43.408190+00:00,58.312,57.187,58.312,57,48,510,1020,,11280,3708,4113,2999,15.7,1728
677.9,2026-08-02T00:24:44.414074+00:00,58.375,57.875,58.375,56.843,26,510,1020,,11200,3634,4113,2999,15.2,1728
678.9,2026-08-02T00:24:45.420005+00:00,58.281,57.531,58.281,56.875,24,510,1020,,11000,3514,4080,2999,15.2,1728
679.9,2026-08-02T00:24:46.425766+00:00,58.218,57.375,58.218,57,23,510,1020,,11040,3594,4080,2999,15.5,1728
680.9,2026-08-02T00:24:47.431559+00:00,58.281,57.406,58.031,57.031,24,510,1020,,10880,3508,4040,2999,15.5,1728
681.9,2026-08-02T00:24:48.437562+00:00,58,57.5,58,56.875,24,510,1020,,10840,3354,4000,2999,15.5,1728
682.9,2026-08-02T00:24:49.443409+00:00,58.031,57.781,58.031,56.968,25,510,1020,,10680,3354,4000,2999,15.0,1728
683.9,2026-08-02T00:24:50.449443+00:00,58,57.437,58,56.875,24,510,1020,,10720,3354,4000,2999,15.2,1728
685.0,2026-08-02T00:24:51.454968+00:00,58,57.531,58,56.968,22,510,1020,,10737,3314,4000,2999,15.3,1728
686.0,2026-08-02T00:24:52.461003+00:00,58.218,57.187,58.218,56.968,23,408,1020,,10720,3354,4000,2999,15.3,1728
687.0,2026-08-02T00:24:53.466808+00:00,58.187,57.406,58.187,56.875,25,408,1020,,10600,3274,3960,2999,15.0,1728
688.0,2026-08-02T00:24:54.472417+00:00,58.218,57.406,58.218,56.875,24,408,1020,,10560,3314,3960,2999,15.5,1728
689.0,2026-08-02T00:24:55.478138+00:00,58.156,57.093,58.156,56.843,30,408,1020,,10416,3194,3920,2999,15.3,1728
690.0,2026-08-02T00:24:56.483823+00:00,58,57.187,58,56.937,30,408,1020,,10376,3194,3920,2999,15.2,1728
691.0,2026-08-02T00:24:57.489666+00:00,57.906,57.281,57.906,56.937,30,408,1020,,10376,3194,3920,2999,15.5,1728
692.0,2026-08-02T00:24:58.495451+00:00,57.906,57.281,57.906,56.875,30,408,1020,,10176,2995,3880,2999,15.0,1728
693.0,2026-08-02T00:24:59.501322+00:00,57.937,57.343,57.937,56.968,30,408,1020,,10136,3035,3880,2999,15.2,1728
694.0,2026-08-02T00:25:00.507224+00:00,58.125,57.25,58.125,56.937,30,408,1020,,10096,3000,3840,2999,15.5,1728
695.0,2026-08-02T00:25:01.513068+00:00,58.25,57.281,58.25,57.125,30,408,1020,,10056,3000,3840,2999,15.3,1728
696.0,2026-08-02T00:25:02.518906+00:00,58.187,57.281,58.187,56.937,30,408,1020,,9975,2920,3846,2999,15.2,1728
697.0,2026-08-02T00:25:03.524790+00:00,58.218,57.312,58.218,56.843,30,408,1020,,9935,2960,3806,2999,15.2,1728
698.0,2026-08-02T00:25:04.530623+00:00,57.906,57.093,57.906,56.968,30,408,1020,,9855,2880,3846,2999,15.3,1728
699.0,2026-08-02T00:25:05.536437+00:00,57.843,57.218,57.843,57,30,408,1020,,9895,2880,3806,2999,15.7,1728
700.0,2026-08-02T00:25:06.542423+00:00,57.968,57.531,57.968,56.875,30,408,1020,,9855,2800,3806,2999,14.8,1728
701.0,2026-08-02T00:25:07.548229+00:00,57.968,57.593,57.968,56.937,30,408,1020,,9735,2800,3806,2999,15.5,1728
702.1,2026-08-02T00:25:08.554113+00:00,57.75,57.343,57.75,56.937,29,408,1020,,9695,2760,3766,2999,15.5,1728
703.1,2026-08-02T00:25:09.559323+00:00,57.875,57.343,57.875,56.906,30,408,1020,,9575,2680,3725,2999,15.3,1728
704.1,2026-08-02T00:25:10.565096+00:00,57.812,57.437,57.812,56.968,29,408,1020,,9575,2680,3766,2999,15.5,1728
705.1,2026-08-02T00:25:11.570380+00:00,57.812,57.875,57.875,56.843,28,306,1020,,9470,2600,3766,2999,15.0,1728
706.1,2026-08-02T00:25:12.575831+00:00,57.875,57.625,57.875,56.875,30,306,1020,,9590,2640,3725,2999,15.5,1728
707.1,2026-08-02T00:25:13.582115+00:00,57.937,57.406,57.937,56.875,39,306,1020,,9389,2480,3725,2999,14.8,1728
708.1,2026-08-02T00:25:14.588212+00:00,57.968,57.187,57.968,57,31,306,1020,,9535,2680,3725,2999,15.3,1728
709.1,2026-08-02T00:25:15.594351+00:00,57.937,57.187,57.937,56.875,36,306,1020,,9575,2680,3725,2999,15.5,1728
710.1,2026-08-02T00:25:16.600307+00:00,57.781,57.812,57.812,56.968,39,306,1020,,9470,2600,3725,2999,15.7,1728
711.1,2026-08-02T00:25:17.605833+00:00,57.812,57.5,57.812,56.875,40,306,1020,,9430,2600,3685,2999,15.3,1728
712.1,2026-08-02T00:25:18.611637+00:00,57.75,57.437,57.75,57,40,306,1020,,9349,2520,3685,2999,15.0,1728
713.1,2026-08-02T00:25:19.617510+00:00,57.812,57.468,57.812,57.031,38,306,1020,,9349,2520,3685,2999,15.8,1728
714.1,2026-08-02T00:25:20.623243+00:00,57.75,57.375,58,56.937,40,306,1020,,9269,2480,3685,2999,15.5,1728
715.1,2026-08-02T00:25:21.629038+00:00,58,57.437,58,56.906,40,306,1020,,9269,2483,3645,2999,15.5,1728
716.1,2026-08-02T00:25:22.634848+00:00,58.062,57.125,58.062,56.937,38,306,1020,,9189,2483,3645,2999,15.7,1728
717.1,2026-08-02T00:25:23.640831+00:00,58,57.125,58,57,40,306,1020,,9189,2403,3645,2999,14.8,1728
718.1,2026-08-02T00:25:24.646561+00:00,57.812,57.312,57.812,56.875,40,306,1020,,9149,2403,3645,2999,15.2,1728
719.2,2026-08-02T00:25:25.652345+00:00,57.843,57.343,57.843,56.906,39,306,1020,,9109,2443,3645,2999,15.2,1728
720.2,2026-08-02T00:25:26.658106+00:00,57.75,57.156,57.75,56.968,40,306,1020,,9109,2363,3645,2999,15.3,1728
721.2,2026-08-02T00:25:27.663899+00:00,57.875,57.156,57.875,56.968,40,306,1020,,9068,2363,3605,2999,15.5,1728
722.2,2026-08-02T00:25:28.670221+00:00,58.062,57.281,58.062,57.062,40,306,1020,,9028,2323,3645,2999,14.8,1728
723.2,2026-08-02T00:25:29.675353+00:00,58.125,57.593,58.125,56.875,40,306,1020,,9028,2363,3605,2999,15.3,1728
724.2,2026-08-02T00:25:30.681565+00:00,58.125,57.343,58.125,56.937,40,306,1020,,8948,2283,3611,2999,15.3,1728
725.2,2026-08-02T00:25:31.687664+00:00,57.656,57.218,57.656,56.906,40,306,1020,,8988,2323,3611,2999,15.8,1728
726.2,2026-08-02T00:25:32.693522+00:00,57.906,57.156,57.906,57.031,20,306,1020,,8988,2323,3605,2999,15.2,1728
727.2,2026-08-02T00:25:33.699442+00:00,57.843,57.281,57.843,56.843,40,306,1020,,8908,2203,3611,2999,14.7,1728
728.2,2026-08-02T00:25:34.705058+00:00,57.812,57.343,57.812,56.875,40,306,1020,,8988,2323,3611,2999,15.5,1728
729.2,2026-08-02T00:25:35.711107+00:00,57.937,57.187,57.937,56.968,51,306,1020,,9189,2443,3645,2999,15.5,1728
730.2,2026-08-02T00:25:36.718757+00:00,58,57.281,58,57.125,99,714,1020,,9269,2483,3685,2999,15.0,1728
731.2,2026-08-02T00:25:37.724970+00:00,58.468,57.468,58.468,56.968,99,714,1020,,9590,2640,3766,2999,15.0,1651
732.2,2026-08-02T00:25:38.731789+00:00,58.5,57.156,58.5,56.875,99,714,1020,,9655,2680,3806,2999,14.8,883
733.2,2026-08-02T00:25:39.737774+00:00,58.812,57.218,58.812,56.968,99,714,1020,,9935,2880,3886,2999,15.3,1728
734.2,2026-08-02T00:25:40.743819+00:00,58.5,57.5,58.5,57,99,714,1020,,9975,2800,3886,2999,15.3,1190
735.2,2026-08-02T00:25:41.750018+00:00,58.5,57.281,58.5,56.906,95,714,1020,,10136,2880,3920,2999,15.3,1728
736.3,2026-08-02T00:25:42.756001+00:00,59,57.812,59,56.875,89,1020,1020,,10800,3514,4040,2999,15.2,1267
737.3,2026-08-02T00:25:43.762237+00:00,59.156,57.468,59.156,57.031,99,1020,1020,,10960,3514,4120,2997,15.0,806
738.3,2026-08-02T00:25:44.767761+00:00,58.968,57.437,58.968,57.031,46,1020,1020,,11280,3747,4153,2997,15.2,1651
739.3,2026-08-02T00:25:45.772973+00:00,58.75,57.656,58.75,56.906,33,612,1020,,11280,3747,4153,2997,15.3,1651
740.3,2026-08-02T00:25:46.778507+00:00,58.843,57.437,58.843,56.968,32,612,1020,,11320,3628,4113,2997,15.5,1651
741.3,2026-08-02T00:25:47.783943+00:00,58.5,57.312,58.5,57,47,612,1020,,11400,3708,4153,2997,15.3,1728
742.3,2026-08-02T00:25:48.789387+00:00,58.531,57.656,58.531,56.968,47,612,1020,,11280,3668,4153,2997,15.3,1728
743.3,2026-08-02T00:25:49.795064+00:00,58.312,57.406,58.312,57.093,47,510,1020,,11160,3628,4120,2997,15.7,1728
744.3,2026-08-02T00:25:50.800452+00:00,58.281,57.656,58.281,56.937,20,510,1020,,11120,3588,4120,2997,15.2,1728
745.3,2026-08-02T00:25:51.805977+00:00,58.218,57.437,58.218,56.968,20,510,1020,,11000,3554,4080,2997,15.2,1728
746.3,2026-08-02T00:25:52.811398+00:00,58.25,57.312,58.25,56.843,24,510,1020,,11000,3514,4080,2997,15.0,1728
747.3,2026-08-02T00:25:53.817106+00:00,58.5,57.531,58.5,57.031,23,510,1020,,10920,3514,4080,2997,15.2,1728
748.3,2026-08-02T00:25:54.822578+00:00,58.5,57.593,58.5,57.093,23,510,1020,,10920,3514,4080,2997,15.2,1728
749.3,2026-08-02T00:25:55.828113+00:00,58.562,57.75,58.562,57,24,510,1020,,10880,3514,4040,2997,15.2,1728
750.3,2026-08-02T00:25:56.833596+00:00,58.625,57.468,58.625,56.968,24,510,1020,,10920,3474,4080,2997,15.0,1728
751.3,2026-08-02T00:25:57.838791+00:00,58.562,57.718,58.562,57.093,24,510,1020,,10920,3514,4040,2997,15.5,1728
752.3,2026-08-02T00:25:58.844187+00:00,58.125,57.656,58.125,57.031,24,510,1020,,10920,3514,4040,2997,15.0,1728
753.3,2026-08-02T00:25:59.849932+00:00,58.25,57.75,58.25,57.031,24,510,1020,,10840,3434,4040,2997,15.2,1728
754.4,2026-08-02T00:26:00.855094+00:00,58.25,57.75,58.25,57.031,24,510,1020,,10840,3354,4040,2997,15.2,1728
755.4,2026-08-02T00:26:01.860567+00:00,58.218,57.468,58.218,57,22,510,1020,,10720,3354,4000,2997,14.8,1728
756.4,2026-08-02T00:26:02.866125+00:00,58.187,57.625,58.187,56.968,22,510,1020,,10720,3354,4000,2997,15.0,1728
757.4,2026-08-02T00:26:03.871529+00:00,58.25,57.625,58.25,57.187,24,408,1020,,10640,3394,4000,2997,15.7,1728
758.4,2026-08-02T00:26:04.877015+00:00,58.25,57.687,58.25,57,23,408,1020,,10680,3354,4000,2997,15.2,1728
759.4,2026-08-02T00:26:05.882369+00:00,58,57.906,58,56.937,30,408,1020,,10657,3314,3960,2997,15.3,1728
760.4,2026-08-02T00:26:06.887780+00:00,58.093,57.593,58.093,57,30,408,1020,,10536,3194,3960,2997,15.2,1728
761.4,2026-08-02T00:26:07.893220+00:00,58,57.687,58,57.062,30,408,1020,,10496,3154,3960,2997,14.8,1728
762.4,2026-08-02T00:26:08.898628+00:00,58.031,57.593,58.031,57.125,29,408,1020,,10456,3194,3920,2997,15.3,1728
763.4,2026-08-02T00:26:09.904161+00:00,58,57.718,58,57.062,30,408,1020,,10376,3115,3920,2997,15.3,1728
764.4,2026-08-02T00:26:10.909567+00:00,58.031,57.812,58.031,56.968,30,408,1020,,10256,3115,3920,2997,15.2,1728
765.4,2026-08-02T00:26:11.915060+00:00,58.218,57.437,58.218,57,30,408,1020,,10176,3075,3880,2997,15.5,1728
766.4,2026-08-02T00:26:12.920282+00:00,58.312,57.968,58.312,57.031,28,408,1020,,10176,3080,3880,2997,15.7,1728
767.4,2026-08-02T00:26:13.926008+00:00,58.25,57.843,58.25,57.062,29,408,1020,,10056,2960,3846,2997,15.2,1728
768.4,2026-08-02T00:26:14.931127+00:00,58.343,58.031,58.343,57,30,408,1020,,10056,3000,3846,2997,15.3,1728
769.4,2026-08-02T00:26:15.936752+00:00,58.312,58.187,58.312,56.937,30,408,1020,,10016,2920,3846,2997,15.2,1728
770.4,2026-08-02T00:26:16.942047+00:00,58.375,57.875,58.375,56.906,30,408,1020,,9975,2920,3846,2997,15.0,1728
771.4,2026-08-02T00:26:17.948162+00:00,58,57.5,58,57.062,30,408,1020,,10016,2920,3846,2995,15.2,1728
772.5,2026-08-02T00:26:18.953953+00:00,58,57.531,58,57.093,30,408,1020,,9935,2920,3806,2995,15.7,1728
773.5,2026-08-02T00:26:19.960087+00:00,58,57.625,58,56.843,28,408,1020,,9855,2880,3806,2995,15.5,1728
774.5,2026-08-02T00:26:20.965681+00:00,58.062,57.843,58.062,56.906,30,408,1020,,9775,2840,3806,2995,15.8,1728
775.5,2026-08-02T00:26:21.970791+00:00,58.375,57.531,58.375,57.062,30,408,1020,,9695,2760,3806,2995,15.8,1728
776.5,2026-08-02T00:26:22.976239+00:00,58.375,57.625,58.375,57.031,30,408,1020,,9695,2760,3766,2995,14.8,1728
777.5,2026-08-02T00:26:23.981814+00:00,57.906,57.718,57.906,57.187,30,408,1020,,9735,2800,3766,2995,15.3,1728
778.5,2026-08-02T00:26:24.987200+00:00,57.968,57.468,57.968,56.968,30,408,1020,,9695,2760,3766,2995,15.3,1728
779.5,2026-08-02T00:26:25.992820+00:00,57.937,57.75,57.937,57,28,408,1020,,9655,2760,3766,2995,15.2,1728
780.5,2026-08-02T00:26:26.998509+00:00,57.968,57.468,57.968,57.125,29,306,1020,,9575,2720,3766,2995,15.3,1728
781.5,2026-08-02T00:26:28.003707+00:00,58.125,57.5,58.125,57.062,28,408,1020,,9655,2720,3725,2995,15.3,1728
782.5,2026-08-02T00:26:29.009428+00:00,58.093,57.656,58.093,57.031,29,408,1020,,9655,2720,3725,2995,14.8,1728
783.5,2026-08-02T00:26:30.015348+00:00,58.062,57.812,58.062,56.968,28,408,1020,,9575,2720,3725,2995,15.2,1728
784.5,2026-08-02T00:26:31.020740+00:00,58.062,57.375,58.062,57.062,30,408,1020,,9655,2760,3766,2995,15.7,1728
785.5,2026-08-02T00:26:32.026450+00:00,58.093,57.625,58.093,57.125,36,306,1020,,9495,2680,3766,2995,15.2,1728
786.5,2026-08-02T00:26:33.031980+00:00,57.906,57.468,57.906,57.218,28,408,1020,,9535,2680,3725,2995,15.0,1728
787.5,2026-08-02T00:26:34.037319+00:00,57.906,57.718,57.906,57.093,29,408,1020,,9575,2680,3725,2995,15.0,1728
788.5,2026-08-02T00:26:35.044255+00:00,58,57.5,58,57.187,30,306,1020,,9615,2760,3766,2995,15.3,1728
789.5,2026-08-02T00:26:36.048709+00:00,58,57.656,58,57,30,306,1020,,9575,2680,3725,2995,15.2,1728
790.6,2026-08-02T00:26:37.054134+00:00,57.937,57.718,57.937,57.156,40,306,1020,,9535,2640,3725,2995,14.8,1728
791.6,2026-08-02T00:26:38.059557+00:00,58.187,57.531,58.187,57.218,40,306,1020,,9575,2640,3725,2995,15.2,1728
792.6,2026-08-02T00:26:39.064954+00:00,58.156,57.531,58.156,57,40,306,1020,,9535,2640,3725,2995,15.0,1728
793.6,2026-08-02T00:26:40.070728+00:00,58.187,57.843,58.187,57.031,39,306,1020,,9455,2600,3725,2995,14.8,1728
794.6,2026-08-02T00:26:41.075901+00:00,58.25,57.406,58.25,57.031,41,306,1020,,9535,2640,3725,2995,15.2,1728
795.6,2026-08-02T00:26:42.081696+00:00,58.281,57.562,58.281,57.218,39,306,1020,,9455,2640,3725,2995,14.7,1728
796.6,2026-08-02T00:26:43.087247+00:00,58.343,57.906,58,57.125,37,306,1020,,9575,2640,3685,2995,15.5,1728
797.6,2026-08-02T00:26:44.092638+00:00,58,58.031,58.031,57.031,39,306,1020,,9510,2640,3725,2995,15.2,1728
798.6,2026-08-02T00:26:45.098096+00:00,58.062,57.906,58.062,57.031,39,306,1020,,9470,2600,3725,2995,15.2,1728
799.6,2026-08-02T00:26:46.103434+00:00,58.062,57.906,58.062,57.093,39,306,1020,,9389,2560,3685,2995,15.7,1728
800.6,2026-08-02T00:26:47.108826+00:00,57.968,58.062,58.062,57.156,40,306,1020,,9349,2520,3685,2995,15.0,1728
801.6,2026-08-02T00:26:48.114197+00:00,58,57.812,58.093,57.125,39,306,1020,,9349,2560,3685,2995,15.5,1728
802.6,2026-08-02T00:26:49.119987+00:00,57.937,58.031,58.031,57.062,37,306,1020,,9349,2560,3685,2995,14.8,1728
803.6,2026-08-02T00:26:50.125449+00:00,57.937,58.281,58.281,57,38,306,1020,,9349,2520,3685,2995,15.5,1728
804.6,2026-08-02T00:26:51.130732+00:00,57.937,57.937,57.937,57.093,39,306,1020,,9309,2520,3645,2995,15.3,1728
805.6,2026-08-02T00:26:52.136022+00:00,57.906,58.031,58.031,57.187,39,306,1020,,9269,2483,3645,2995,15.2,1728
806.6,2026-08-02T00:26:53.141513+00:00,57.875,57.75,57.875,57.031,39,306,1020,,9229,2443,3645,2995,15.2,1728
807.6,2026-08-02T00:26:54.146752+00:00,57.937,57.5,57.937,56.968,40,306,1020,,9189,2443,3645,2995,15.3,1728
808.7,2026-08-02T00:26:55.152196+00:00,57.875,57.75,57.875,57.062,39,306,1020,,9189,2403,3645,2995,15.5,1728
809.7,2026-08-02T00:26:56.157625+00:00,58.093,57.343,58.093,57.125,40,306,1020,,9068,2283,3645,2995,14.5,1728
810.7,2026-08-02T00:26:57.163389+00:00,58.093,57.562,58.093,57.093,40,306,1020,,9068,2323,3645,2995,14.5,1728
811.7,2026-08-02T00:26:58.168653+00:00,58.125,57.718,58.125,57.031,38,306,1020,,9189,2440,3645,2995,15.5,1728
812.7,2026-08-02T00:26:59.174165+00:00,58.125,57.937,58.125,57.093,38,306,1020,,9189,2443,3645,2995,15.3,1728
813.7,2026-08-02T00:27:00.179660+00:00,58.062,57.75,58.062,57.093,40,306,1020,,9068,2323,3645,2995,14.7,1728
814.7,2026-08-02T00:27:01.185244+00:00,57.968,57.343,57.968,57.156,38,306,1020,,9189,2440,3645,2995,14.8,1728
815.7,2026-08-02T00:27:02.190670+00:00,57.968,57.687,57.968,57.093,38,306,1020,,9189,2480,3645,2995,15.3,1728
816.7,2026-08-02T00:27:03.196413+00:00,57.875,57.718,57.875,57.093,38,306,1020,,9109,2443,3645,2995,15.2,1728
817.7,2026-08-02T00:27:04.201691+00:00,57.968,57.531,57.968,57,39,306,1020,,9149,2363,3645,2995,15.2,1728
818.7,2026-08-02T00:27:05.207562+00:00,58.062,58.125,58.125,57.125,39,306,1020,,9149,2403,3645,2995,15.3,1728
819.7,2026-08-02T00:27:06.212822+00:00,58,57.406,58.218,57.031,39,306,1020,,9068,2323,3645,2995,14.8,1728
820.7,2026-08-02T00:27:07.218534+00:00,58.312,57.625,58.312,57.125,39,306,1020,,9109,2403,3645,2995,14.8,1728
821.7,2026-08-02T00:27:08.224084+00:00,58.281,57.75,58.281,57,40,306,1020,,8988,2363,3605,2995,14.5,1728
822.7,2026-08-02T00:27:09.229695+00:00,58.281,57.625,58.281,57.031,40,306,1020,,9269,2403,3645,2995,15.2,1728
823.7,2026-08-02T00:27:10.235435+00:00,58.312,57.75,58.312,57.125,39,306,1020,,9189,2443,3645,2995,15.3,1728
824.7,2026-08-02T00:27:11.241065+00:00,57.968,57.437,57.968,57.093,39,306,1020,,9189,2403,3645,2995,15.2,1728
825.7,2026-08-02T00:27:12.246591+00:00,58,57.593,58,57.187,37,306,1020,,9189,2403,3645,2995,15.0,1728
826.8,2026-08-02T00:27:13.252105+00:00,58.062,57.75,58.062,57,37,306,1020,,9109,2400,3685,2995,15.3,1728
827.8,2026-08-02T00:27:14.257657+00:00,58.093,57.531,58.093,57.062,39,306,1020,,9109,2400,3685,2995,15.3,1728
828.8,2026-08-02T00:27:15.263167+00:00,58.062,57.562,58.062,57.125,36,306,1020,,9109,2403,3645,2995,15.2,1728
829.8,2026-08-02T00:27:16.268299+00:00,58.062,57.875,58.062,57.031,39,306,1020,,9149,2443,3645,2995,15.0,1728
830.8,2026-08-02T00:27:17.274529+00:00,57.812,57.406,57.812,57.062,40,306,1020,,9109,2403,3645,2995,15.2,1728
831.8,2026-08-02T00:27:18.280550+00:00,57.843,57.625,57.843,57.031,40,306,1020,,9109,2363,3645,2995,15.0,1728
832.8,2026-08-02T00:27:19.286719+00:00,57.875,57.25,57.875,57.093,41,306,1020,,9109,2403,3645,2995,15.3,1728
833.8,2026-08-02T00:27:20.292348+00:00,58.062,57.406,58.062,57.062,40,306,1020,,9068,2363,3645,2995,15.3,1728
834.8,2026-08-02T00:27:21.298050+00:00,58.031,57.406,58.031,57.156,34,306,1020,,9028,2323,3605,2995,15.7,1728
835.8,2026-08-02T00:27:22.303818+00:00,58.312,57.562,58.312,57,72,306,1020,,9149,2443,3645,2995,15.7,1728
836.8,2026-08-02T00:27:23.309586+00:00,58.406,57.437,58.406,57.093,99,306,1020,,9269,2480,3685,2995,15.0,1728
837.8,2026-08-02T00:27:24.316053+00:00,58,57.343,58,57.093,34,306,1020,,9028,2323,3645,2995,15.0,1728
838.8,2026-08-02T00:27:25.321810+00:00,58.093,57.343,58.093,57.156,98,306,1020,,9189,2443,3685,2995,15.3,1728
839.8,2026-08-02T00:27:26.327604+00:00,58.5,57.531,58.5,57.031,99,714,1020,,9510,2600,3725,2995,14.8,1728
840.8,2026-08-02T00:27:27.333560+00:00,58.687,57.531,58.687,56.968,99,714,1020,,9695,2720,3806,2995,15.0,883
841.8,2026-08-02T00:27:28.339483+00:00,58.812,57.312,58.812,57.093,99,714,1020,,9815,2720,3846,2995,15.0,1420
842.8,2026-08-02T00:27:29.345557+00:00,59.031,57.5,59.031,57.031,92,1020,1020,,10256,3035,3960,2995,15.5,1728
843.8,2026-08-02T00:27:30.351792+00:00,59.125,57.75,59.125,57.031,99,1020,1020,,10760,3314,4040,2995,15.0,1113
844.9,2026-08-02T00:27:31.358391+00:00,59.25,57.562,59.25,57,99,1020,1020,,10920,3394,4080,2995,15.0,883
845.9,2026-08-02T00:27:32.363986+00:00,59.031,57.468,59.031,57.093,61,1020,1020,,11440,3867,4153,2995,15.5,1651
846.9,2026-08-02T00:27:33.369901+00:00,58.843,57.593,59,57.062,30,612,1020,,11360,3708,4153,2995,15.5,1651
847.9,2026-08-02T00:27:34.376220+00:00,58.937,57.75,58.937,56.968,41,612,1020,,11320,3668,4153,2995,15.2,1574
848.9,2026-08-02T00:27:35.383810+00:00,58.937,57.625,58.937,57.093,47,510,1020,,11360,3708,4153,2995,15.7,1728
849.9,2026-08-02T00:27:36.387982+00:00,58.812,57.406,58.812,57,40,510,1020,,11160,3628,4113,2995,15.2,1728
850.9,2026-08-02T00:27:37.394002+00:00,58.437,57.375,58.437,57.093,22,510,1020,,11080,3594,4120,2995,15.3,1728
851.9,2026-08-02T00:27:38.399931+00:00,58.375,57.5,58.375,57.156,22,510,1020,,11040,3554,4080,2995,15.3,1728
852.9,2026-08-02T00:27:39.405887+00:00,58.406,57.656,58.406,56.968,24,510,1020,,11040,3588,4080,2996,15.3,1728
853.9,2026-08-02T00:27:40.411752+00:00,58.093,57.562,58.093,57.093,24,510,1020,,10840,3514,4040,2996,15.5,1728
854.9,2026-08-02T00:27:41.417567+00:00,58.218,57.406,58.218,57.093,22,510,1020,,10760,3354,4000,2996,15.2,1728
855.9,2026-08-02T00:27:42.425533+00:00,58.093,57.437,58.093,57.25,24,408,1020,,10680,3354,3960,2996,15.5,1728
856.9,2026-08-02T00:27:43.429129+00:00,58.062,57.5,58.062,57.093,30,408,1020,,10536,3194,3960,2996,15.7,1728
857.9,2026-08-02T00:27:44.434943+00:00,58.218,57.5,58.218,57,30,408,1020,,10536,3274,3920,2996,15.3,1728
858.9,2026-08-02T00:27:45.441010+00:00,58.218,57.281,58.218,57.125,30,408,1020,,10336,3115,3920,2996,15.2,1728
859.9,2026-08-02T00:27:46.446874+00:00,58.218,57.5,58.218,57.125,30,408,1020,,10376,3194,3920,2996,15.2,1728
861.0,2026-08-02T00:27:47.452854+00:00,58.062,57.437,58.062,57.031,30,408,1020,,10216,3075,3920,2996,14.8,1728
862.0,2026-08-02T00:27:48.458451+00:00,58.031,57.5,58.031,57.125,30,408,1020,,10216,3075,3880,2996,15.7,1728
863.0,2026-08-02T00:27:49.464174+00:00,58.062,57.25,58.062,57.156,29,408,1020,,10096,3000,3880,2996,15.0,1728
864.0,2026-08-02T00:27:50.470005+00:00,58.062,57.343,58.062,57.187,30,408,1020,,10096,3035,3840,2996,15.0,1728
865.0,2026-08-02T00:27:51.475821+00:00,58.25,57.406,58.25,57.156,29,408,1020,,10016,2960,3840,2996,15.7,1728
866.0,2026-08-02T00:27:52.481745+00:00,58.218,57.531,58.218,57.031,30,408,1020,,9935,2880,3806,2996,15.3,1728
867.0,2026-08-02T00:27:53.487546+00:00,58.25,57.25,58.25,57.125,30,408,1020,,9855,2840,3806,2996,15.3,1728
868.0,2026-08-02T00:27:54.493399+00:00,58.218,57.375,58.218,57.093,30,408,1020,,9815,2800,3806,2996,15.5,1728
869.0,2026-08-02T00:27:55.499292+00:00,58,57.343,58,57.156,30,408,1020,,9775,2840,3806,2996,15.2,1728
870.0,2026-08-02T00:27:56.505174+00:00,58.062,57.562,58.062,57.031,29,408,1020,,9735,2760,3766,2996,15.7,1728
871.0,2026-08-02T00:27:57.511011+00:00,57.968,57.593,57.968,57.093,30,408,1020,,9695,2760,3766,2996,15.2,1728
872.0,2026-08-02T00:27:58.516866+00:00,58.062,57.406,58.25,57.125,28,408,1020,,9695,2760,3766,2996,15.5,1728
873.0,2026-08-02T00:27:59.522694+00:00,58.281,57.312,58.281,57.156,29,408,1020,,9575,2680,3766,2996,14.8,1728
874.0,2026-08-02T00:28:00.528595+00:00,58.343,57.5,58.343,57.062,30,408,1020,,9615,2680,3725,2996,15.3,1728
875.0,2026-08-02T00:28:01.534975+00:00,58.406,57.625,58.406,57.031,30,306,1020,,9535,2680,3725,2996,15.5,1728
876.0,2026-08-02T00:28:02.540572+00:00,58,57.281,58,57.093,37,306,1020,,9495,2680,3725,2996,15.2,1728
877.0,2026-08-02T00:28:03.546679+00:00,58,57.343,58,57.062,38,306,1020,,9470,2560,3725,2996,15.2,1728
878.1,2026-08-02T00:28:04.552339+00:00,58,57.468,58,57.093,40,306,1020,,9455,2600,3685,2996,16.0,1728
879.1,2026-08-02T00:28:05.558066+00:00,58,57.5,58,57,39,306,1020,,9349,2520,3685,2996,15.2,1728
880.1,2026-08-02T00:28:06.563922+00:00,57.906,57.343,57.906,57.156,39,306,1020,,9309,2520,3685,2996,16.0,1728
881.1,2026-08-02T00:28:07.569807+00:00,57.875,57.281,57.875,57.156,40,306,1020,,9309,2480,3685,2996,15.3,1728
882.1,2026-08-02T00:28:08.575755+00:00,57.906,57.406,57.906,57.218,40,306,1020,,9229,2483,3685,2996,15.5,1728
883.1,2026-08-02T00:28:09.581623+00:00,58,57.5,58,57.031,37,306,1020,,9189,2440,3685,2996,15.5,1728
884.1,2026-08-02T00:28:10.587322+00:00,58,57.25,58,57.031,37,306,1020,,9189,2403,3645,2996,15.5,1728
885.1,2026-08-02T00:28:11.593122+00:00,58.031,57.281,58.031,57.156,40,306,1020,,9189,2440,3645,2996,15.2,1728
886.1,2026-08-02T00:28:12.598852+00:00,58.062,57.312,58.062,57.093,40,306,1020,,9149,2403,3645,2996,15.7,1728
887.1,2026-08-02T00:28:13.604767+00:00,57.843,57.593,57.843,57.062,40,306,1020,,9109,2403,3645,2996,15.2,1728
888.1,2026-08-02T00:28:14.610656+00:00,57.843,57.5,57.843,57.031,40,306,1020,,9109,2403,3645,2996,15.2,1728
889.1,2026-08-02T00:28:15.616447+00:00,57.843,57.312,57.843,57.187,40,306,1020,,9109,2403,3645,2996,15.2,1728
890.1,2026-08-02T00:28:16.622227+00:00,57.875,57.281,57.875,57.125,40,306,1020,,9028,2363,3645,2996,15.2,1728
891.1,2026-08-02T00:28:17.628016+00:00,58.062,57.406,58.062,57.125,40,306,1020,,9068,2363,3645,2996,15.5,1728
892.1,2026-08-02T00:28:18.633841+00:00,58.093,57.593,58.093,57.125,40,306,1020,,9028,2323,3645,2996,15.2,1728
893.1,2026-08-02T00:28:19.639637+00:00,58.125,57.312,58.125,57.093,40,306,1020,,9028,2323,3605,2996,15.3,1728
894.1,2026-08-02T00:28:20.645451+00:00,58.343,57.375,58.343,57.062,53,306,1020,,9068,2403,3645,2996,15.3,1728
895.1,2026-08-02T00:28:21.651245+00:00,58.125,57.593,58.125,57.281,70,306,1020,,9189,2440,3685,2996,15.3,1728
896.2,2026-08-02T00:28:22.658329+00:00,58.156,57.437,58.156,57.062,99,714,1020,,9389,2520,3725,2996,14.8,1344
897.2,2026-08-02T00:28:23.663694+00:00,58.406,57.625,58.406,57.031,99,714,1020,,9510,2560,3766,2996,15.5,1651
898.2,2026-08-02T00:28:24.669554+00:00,58.937,57.468,58.937,57.062,99,714,1020,,9975,2880,3886,2996,15.2,883
899.2,2026-08-02T00:28:25.675496+00:00,59,57.593,59,57.156,90,714,1020,,10216,2995,3960,2996,15.5,1728
900.2,2026-08-02T00:28:26.684794+00:00,59.187,57.75,59.187,57,89,1020,1020,,10376,3035,3960,2996,14.8,1728
901.2,2026-08-02T00:28:27.687831+00:00,59.375,57.625,59.375,57.093,99,1020,1020,,11160,3588,4113,2996,15.0,960
902.2,2026-08-02T00:28:28.695971+00:00,58.968,57.625,58.968,57,69,1020,1020,,11360,3747,4153,2996,16.0,1651
903.2,2026-08-02T00:28:29.699492+00:00,58.875,57.593,58.875,57.187,29,612,1020,,11240,3628,4113,2996,15.0,1574
904.2,2026-08-02T00:28:30.705230+00:00,59.031,57.468,59.031,57,47,612,1020,,11480,3747,4153,2996,15.3,1728
905.2,2026-08-02T00:28:31.711264+00:00,58.968,57.656,58.968,57.031,46,612,1020,,11320,3588,4113,2996,15.2,1728
906.2,2026-08-02T00:28:32.717059+00:00,58.875,57.375,58.875,57.156,22,510,1020,,11200,3668,4113,2996,15.5,1728
907.2,2026-08-02T00:28:33.723040+00:00,58.187,57.406,58.187,57.187,24,510,1020,,11080,3554,4080,2996,15.2,1728
908.2,2026-08-02T00:28:34.728668+00:00,58.343,57.656,58.343,57.281,24,510,1020,,11000,3514,4040,2996,15.3,1728
909.2,2026-08-02T00:28:35.736522+00:00,58.437,57.437,58.437,57.093,24,408,1020,,10800,3434,4040,2996,15.3,1728
910.2,2026-08-02T00:28:36.740503+00:00,58.281,57.406,58.281,57.062,24,510,1020,,10720,3394,4000,2996,15.7,1728
911.2,2026-08-02T00:28:37.746269+00:00,58.25,57.375,58.25,57.125,24,408,1020,,10640,3274,3960,2996,15.0,1728
912.2,2026-08-02T00:28:38.752035+00:00,58.156,57.437,58.156,57.031,26,408,1020,,10536,3274,3960,2996,15.5,1728
913.3,2026-08-02T00:28:39.757834+00:00,58.125,57.531,58.125,57.093,29,408,1020,,10416,3234,3920,2996,15.5,1728
914.3,2026-08-02T00:28:40.763600+00:00,58.031,57.718,58.031,57.062,29,408,1020,,10256,3115,3920,2996,15.5,1728
915.3,2026-08-02T00:28:41.769640+00:00,58.125,57.406,58.25,57.187,30,408,1020,,10256,3075,3880,2996,15.0,1728
916.3,2026-08-02T00:28:42.775401+00:00,58.25,57.468,58.25,57.281,28,408,1020,,10176,3035,3880,2996,16.0,1728
917.3,2026-08-02T00:28:43.781201+00:00,58.218,57.562,58.218,57.125,30,408,1020,,10056,2920,3840,2996,15.3,1728
918.3,2026-08-02T00:28:44.787238+00:00,58.281,57.5,58.281,57.125,30,408,1020,,10016,2920,3840,2996,15.2,1728
919.3,2026-08-02T00:28:45.793098+00:00,58,57.406,58,57.156,30,408,1020,,9975,2880,3840,2996,15.2,1728
920.3,2026-08-02T00:28:46.798837+00:00,58.031,57.406,58.031,57.187,30,408,1020,,9935,2920,3806,2996,15.2,1728
921.3,2026-08-02T00:28:47.804707+00:00,58,57.375,58,57.093,28,408,1020,,9855,2880,3806,2996,15.7,1728
922.3,2026-08-02T00:28:48.810963+00:00,58.218,57.625,58.218,57.125,30,408,1020,,9775,2800,3806,2996,15.3,1728
923.3,2026-08-02T00:28:49.816813+00:00,58.406,57.5,58.406,57.156,30,408,1020,,9815,2800,3806,2996,15.0,1728
924.3,2026-08-02T00:28:50.822640+00:00,58.343,57.468,58.343,57.25,30,408,1020,,9695,2800,3766,2996,15.7,1728
925.3,2026-08-02T00:28:51.828655+00:00,58.343,57.468,58.343,57.093,28,408,1020,,9695,2760,3766,2996,15.0,1728
926.3,2026-08-02T00:28:52.834682+00:00,58.031,57.5,58.031,57.093,30,408,1020,,9575,2680,3766,2996,15.0,1728
927.3,2026-08-02T00:28:53.840461+00:00,58.031,57.468,58.031,57.093,29,408,1020,,9575,2720,3725,2996,15.7,1728
928.3,2026-08-02T00:28:54.846304+00:00,58,57.437,58,57.218,33,306,1020,,9535,2640,3725,2996,15.0,1728
929.3,2026-08-02T00:28:55.852120+00:00,58.281,57.531,58.281,57.218,34,306,1020,,9455,2640,3725,2996,15.3,1728
930.4,2026-08-02T00:28:56.858028+00:00,58.312,57.562,58.312,57.062,40,306,1020,,9415,2600,3725,2996,15.0,1728
931.4,2026-08-02T00:28:57.863827+00:00,58.375,57.25,58.375,57.156,40,306,1020,,9430,2560,3725,2996,15.5,1728
932.4,2026-08-02T00:28:58.869684+00:00,58.375,57.437,58.375,57.125,40,306,1020,,9309,2520,3685,2996,15.3,1728
933.4,2026-08-02T00:28:59.874926+00:00,58.031,57.625,58.031,57.187,36,306,1020,,9309,2480,3685,2996,15.2,1728
934.4,2026-08-02T00:29:00.881141+00:00,58.093,57.656,58.093,57.125,40,306,1020,,9309,2443,3685,2996,15.2,1728
935.4,2026-08-02T00:29:01.887171+00:00,58.093,57.937,58.093,57.093,37,306,1020,,9309,2520,3685,2996,15.3,1728
936.4,2026-08-02T00:29:02.892976+00:00,58.062,57.625,58.062,57.125,40,306,1020,,9309,2480,3685,2996,15.0,1728
937.4,2026-08-02T00:29:03.898233+00:00,57.906,57.531,57.906,57.187,35,306,1020,,9229,2440,3685,2996,15.3,1728
938.4,2026-08-02T00:29:04.903776+00:00,58,58.093,58.093,57.062,39,306,1020,,9349,2440,3685,2996,15.3,1728
939.4,2026-08-02T00:29:05.909180+00:00,58,57.875,58,57.125,40,306,1020,,9309,2480,3685,2996,15.5,1728
940.4,2026-08-02T00:29:06.914695+00:00,57.937,57.656,57.937,57.125,39,306,1020,,9269,2440,3685,2996,15.0,1728
941.4,2026-08-02T00:29:07.920308+00:00,58,57.593,58,57.125,39,306,1020,,9189,2443,3645,2996,15.2,1728
942.4,2026-08-02T00:29:08.925893+00:00,58.125,57.687,58.125,57.25,39,306,1020,,9269,2443,3645,2996,15.2,1728
943.4,2026-08-02T00:29:09.931157+00:00,58.218,58.156,58.218,57.156,39,306,1020,,9229,2440,3645,2996,15.3,1728
944.4,2026-08-02T00:29:10.936599+00:00,58.156,58.062,58.156,57.156,37,306,1020,,9229,2443,3645,2996,15.0,1728
945.4,2026-08-02T00:29:11.942193+00:00,58.218,57.437,58.218,57.156,40,306,1020,,9189,2480,3685,2996,15.7,1728
946.4,2026-08-02T00:29:12.947621+00:00,58.156,57.687,58.156,57.218,39,306,1020,,9149,2403,3605,2996,15.0,1728
947.5,2026-08-02T00:29:13.953300+00:00,58,57.593,58,57.281,40,306,1020,,9149,2403,3645,2996,15.3,1728
948.5,2026-08-02T00:29:14.958905+00:00,58.031,57.781,58.031,57.156,40,306,1020,,9189,2443,3645,2996,15.5,1728
949.5,2026-08-02T00:29:15.964624+00:00,58.031,58.25,58.25,57.156,40,306,1020,,9109,2403,3645,2996,15.2,1728
950.5,2026-08-02T00:29:16.969722+00:00,58,57.75,58,57.156,40,306,1020,,9149,2403,3645,2996,15.3,1728
951.5,2026-08-02T00:29:17.975116+00:00,58.062,57.812,58.062,57.281,37,306,1020,,9149,2403,3645,2996,14.8,1728
952.5,2026-08-02T00:29:18.980690+00:00,58.093,57.843,58.093,57.281,37,306,1020,,9068,2323,3645,2996,15.3,1728
953.5,2026-08-02T00:29:19.986361+00:00,58.343,57.75,58.343,57.187,37,306,1020,,9028,2323,3651,2996,15.2,1728
954.5,2026-08-02T00:29:20.992018+00:00,58.343,57.906,58.343,57.281,37,306,1020,,9109,2323,3605,2996,15.2,1728
955.5,2026-08-02T00:29:21.997434+00:00,58.281,57.75,58.281,57.125,38,306,1020,,9068,2363,3645,2996,15.3,1728
956.5,2026-08-02T00:29:23.002825+00:00,58.406,57.812,58.406,57.218,40,306,1020,,9109,2363,3605,2996,15.2,1728
957.5,2026-08-02T00:29:24.008250+00:00,58.437,57.781,58.437,57.218,40,306,1020,,9068,2363,3645,2996,15.3,1728
958.5,2026-08-02T00:29:25.013759+00:00,58.156,57.625,58.156,57.156,27,306,1020,,9068,2363,3605,2996,15.3,1728
959.5,2026-08-02T00:29:26.019544+00:00,58.062,57.906,58.062,57.218,39,306,1020,,8828,2243,3611,2996,14.7,1728
960.5,2026-08-02T00:29:27.025287+00:00,58.031,57.625,58.031,57.25,40,306,1020,,9068,2323,3565,2996,15.2,1728
961.5,2026-08-02T00:29:28.032865+00:00,58.156,58.062,58.062,57.25,39,306,1020,,9028,2283,3605,2996,15.5,1728
962.5,2026-08-02T00:29:29.038861+00:00,57.937,57.531,57.937,57.218,20,306,1020,,8988,2323,3605,2996,14.8,1728
963.5,2026-08-02T00:29:30.044818+00:00,58.125,57.687,58.125,57.125,35,306,1020,,9109,2363,3645,2996,15.3,1728
964.5,2026-08-02T00:29:31.050729+00:00,58.5,57.375,58.5,57.218,99,306,1020,,9349,2520,3685,2996,15.2,1728
965.6,2026-08-02T00:29:32.056851+00:00,58.5,57.468,58.5,57.281,99,714,1020,,9430,2520,3725,2996,15.0,1420
966.6,2026-08-02T00:29:33.063260+00:00,58.906,57.75,58.906,57.187,99,714,1020,,9775,2800,3806,2996,15.2,1113
967.6,2026-08-02T00:29:34.069683+00:00,58.812,57.375,58.812,57.25,99,714,1020,,10096,2995,3886,2996,14.8,1651
968.6,2026-08-02T00:29:35.075615+00:00,58.781,57.656,58.781,57.25,92,714,1020,,10136,2955,3920,2996,15.2,1728
969.6,2026-08-02T00:29:36.081244+00:00,58.906,57.781,58.906,57.25,92,714,1020,,10376,3075,3960,2996,15.2,1728
970.6,2026-08-02T00:29:37.087333+00:00,59.5,57.781,59.5,57.218,99,1020,1020,,11080,3628,4113,2996,15.0,960
971.6,2026-08-02T00:29:38.092687+00:00,59.25,57.781,59.25,57.156,82,1020,1020,,11240,3668,4153,2996,15.2,1728
972.6,2026-08-02T00:29:39.097871+00:00,59.375,57.593,59.375,57.218,99,1020,1020,,11240,3628,4153,2996,15.2,1574
973.6,2026-08-02T00:29:40.103367+00:00,59.25,57.656,59.25,57.312,63,1020,1020,,11200,3628,4120,2996,15.3,1651
974.6,2026-08-02T00:29:41.109400+00:00,59.375,57.625,59.375,57.312,99,1020,1020,,11160,3588,4160,2996,15.3,1574
975.6,2026-08-02T00:29:42.115232+00:00,58.968,57.718,58.968,57.093,47,1020,1020,,11200,3628,4120,2996,15.7,1574
976.6,2026-08-02T00:29:43.121172+00:00,58.781,57.75,58.781,57.156,28,612,1020,,11240,3708,4113,2996,15.2,1574
977.6,2026-08-02T00:29:44.127140+00:00,58.781,57.5,58.781,57.218,31,612,1020,,11200,3668,4113,2996,15.5,1574
978.6,2026-08-02T00:29:45.133015+00:00,58.781,57.593,58.968,57.375,41,612,1020,,11240,3628,4113,2996,15.2,1574
979.6,2026-08-02T00:29:46.138858+00:00,59.031,57.968,59.031,57.125,45,612,1020,,11320,3827,4113,2996,15.7,1728
980.6,2026-08-02T00:29:47.144638+00:00,58.875,57.75,58.875,57.281,38,510,1020,,11200,3594,4113,2996,15.5,1728
981.6,2026-08-02T00:29:48.150584+00:00,58.875,57.687,58.875,57.281,40,510,1020,,11080,3548,4120,2996,15.2,1728
982.7,2026-08-02T00:29:49.156419+00:00,58.531,57.687,58.531,57.281,23,510,1020,,11040,3508,4080,2996,15.5,1728
983.7,2026-08-02T00:29:50.162251+00:00,58.468,57.75,58.468,57.187,23,510,1020,,11000,3474,4080,2996,15.0,1728
984.7,2026-08-02T00:29:51.168214+00:00,58.437,57.75,58.437,57.281,24,510,1020,,10960,3434,4040,2996,15.2,1728
985.7,2026-08-02T00:29:52.174128+00:00,58.375,57.75,58.375,57.187,22,510,1020,,10880,3474,4040,2996,15.2,1728
986.7,2026-08-02T00:29:53.179697+00:00,58.718,57.875,58.718,57.343,24,510,1020,,10720,3394,4000,2996,15.5,1728
987.7,2026-08-02T00:29:54.185611+00:00,58.218,58,58.218,57.25,28,408,1020,,10616,3234,3960,2996,15.3,1728
988.7,2026-08-02T00:29:55.191444+00:00,58.25,57.812,58.25,57.187,29,408,1020,,10496,3234,3960,2996,15.3,1728
989.7,2026-08-02T00:29:56.197492+00:00,58.25,57.718,58.281,57.312,30,408,1020,,10576,3234,3960,2996,15.2,1728
990.7,2026-08-02T00:29:57.203030+00:00,58.406,57.5,58.406,57.281,29,408,1020,,10496,3274,3960,2996,15.2,1728
991.7,2026-08-02T00:29:58.208948+00:00,58.406,57.656,58.406,57.343,30,408,1020,,10376,3194,3920,2996,15.8,1728
992.7,2026-08-02T00:29:59.214731+00:00,58.437,57.875,58.437,57.25,30,408,1020,,10336,3115,3920,2996,15.3,1728
993.7,2026-08-02T00:30:00.220646+00:00,58.093,57.75,58.093,57.156,30,408,1020,,10216,3035,3880,2996,15.3,1728
994.7,2026-08-02T00:30:01.225827+00:00,58.125,57.75,58.125,57.281,28,408,1020,,10096,2955,3880,2996,15.2,1728
995.7,2026-08-02T00:30:02.232123+00:00,58.187,57.937,58.187,57.218,29,408,1020,,10136,3000,3880,2996,15.3,1728
996.7,2026-08-02T00:30:03.237810+00:00,58.218,57.843,58.218,57.218,28,408,1020,,10096,3000,3840,2996,15.5,1728
997.7,2026-08-02T00:30:04.243579+00:00,58.343,57.968,58.343,57.156,28,408,1020,,10056,2960,3840,2996,15.3,1728
998.7,2026-08-02T00:30:05.249459+00:00,58.375,57.718,58.375,57.187,30,408,1020,,10016,2960,3846,2996,15.5,1728
999.8,2026-08-02T00:30:06.255244+00:00,58.437,57.687,58.437,57.281,30,408,1020,,10016,2960,3846,2996,15.7,1728
1000.8,2026-08-02T00:30:07.261007+00:00,58.406,57.875,58.406,57.281,30,408,1020,,9895,2840,3806,2996,15.3,1728
1001.8,2026-08-02T00:30:08.266765+00:00,58.093,57.75,58.093,57.156,28,408,1020,,9815,2800,3806,2996,15.0,1728
1002.8,2026-08-02T00:30:09.272534+00:00,58.093,57.75,58.093,57.218,30,408,1020,,9775,2800,3806,2996,15.0,1728
1003.8,2026-08-02T00:30:10.278614+00:00,58.125,57.687,58.125,57.187,30,408,1020,,9775,2800,3806,2996,15.5,1728
1004.8,2026-08-02T00:30:11.283775+00:00,58.125,57.843,58.125,57.281,30,408,1020,,9735,2720,3806,2996,15.2,1728
1005.8,2026-08-02T00:30:12.289244+00:00,58.468,57.656,58.468,57.125,29,408,1020,,9655,2640,3766,2996,14.5,1728
1006.8,2026-08-02T00:30:13.294583+00:00,58.406,57.875,58.406,57.093,30,408,1020,,9775,2800,3806,2996,15.5,1728
1007.8,2026-08-02T00:30:14.299923+00:00,58.468,57.625,58.468,57.156,30,408,1020,,9775,2800,3766,2996,15.3,1728
1008.8,2026-08-02T00:30:15.305499+00:00,58.5,57.75,58.5,57.218,29,408,1020,,9535,2760,3806,2996,15.5,1728
1009.8,2026-08-02T00:30:16.311774+00:00,58.437,57.406,58.437,57.312,30,408,1020,,9655,2720,3766,2996,15.5,1728
1010.8,2026-08-02T00:30:17.317549+00:00,58.062,57.656,58.062,57.187,28,408,1020,,9615,2680,3766,2996,14.8,1728
1011.8,2026-08-02T00:30:18.323197+00:00,58.156,58.156,58.156,57.187,30,306,1020,,9575,2720,3766,2996,15.7,1728
1012.8,2026-08-02T00:30:19.328987+00:00,58.187,57.812,58.187,57.093,38,306,1020,,9575,2680,3725,2996,15.3,1728
1013.8,2026-08-02T00:30:20.335141+00:00,58.093,57.843,58.093,57.25,39,306,1020,,9495,2640,3725,2996,15.5,1728
1014.8,2026-08-02T00:30:21.340673+00:00,57.937,57.968,57.968,57.156,37,306,1020,,9470,2600,3725,2996,15.2,1728
1015.8,2026-08-02T00:30:22.346764+00:00,58,57.656,58,57.125,37,306,1020,,9430,2560,3725,2996,15.3,1728
1016.9,2026-08-02T00:30:23.352587+00:00,58,57.968,58,57.218,40,306,1020,,9430,2560,3725,2996,15.2,1728
1017.9,2026-08-02T00:30:24.358353+00:00,58,57.843,58,57.187,40,306,1020,,9389,2560,3685,2996,15.3,1728
1018.9,2026-08-02T00:30:25.364035+00:00,58.125,57.75,58.125,57.281,38,306,1020,,9309,2480,3685,2996,15.5,1728
1019.9,2026-08-02T00:30:26.369727+00:00,58.187,57.906,58.187,57.187,38,306,1020,,9309,2480,3685,2996,15.2,1728
1020.9,2026-08-02T00:30:27.375746+00:00,58.125,57.718,58.125,57.218,40,306,1020,,9269,2480,3685,2996,15.2,1728
1021.9,2026-08-02T00:30:28.381357+00:00,58.062,57.75,58.031,57.125,39,306,1020,,9309,2480,3685,2996,15.7,1728
1022.9,2026-08-02T00:30:29.387052+00:00,58,57.781,58,57.25,37,306,1020,,9189,2440,3645,2996,15.2,1728
1023.9,2026-08-02T00:30:30.393100+00:00,58,57.625,58,57.125,39,306,1020,,9189,2440,3645,2996,15.7,1728
1024.9,2026-08-02T00:30:31.398633+00:00,57.968,57.5,57.968,57.156,40,306,1020,,9149,2443,3645,2996,15.2,1728
1025.9,2026-08-02T00:30:32.404401+00:00,58.25,57.468,58.25,57.156,40,306,1020,,9149,2403,3645,2996,15.0,1728
1026.9,2026-08-02T00:30:33.410152+00:00,58.25,57.468,58.25,57.218,39,306,1020,,9109,2443,3645,2996,15.3,1728
1027.9,2026-08-02T00:30:34.415980+00:00,58.343,57.531,58.343,57.281,39,306,1020,,9109,2363,3645,2996,15.2,1728
1028.9,2026-08-02T00:30:35.421825+00:00,58.25,57.625,58.25,57.187,37,306,1020,,9068,2363,3645,2996,15.0,1728
1029.9,2026-08-02T00:30:36.427621+00:00,58,57.406,58,57.125,40,306,1020,,9109,2363,3645,2997,15.7,1728
1030.9,2026-08-02T00:30:37.432724+00:00,58,57.562,58,57.187,40,306,1020,,9028,2323,3645,2997,15.2,1728
1031.9,2026-08-02T00:30:38.438746+00:00,58,57.593,58,57.281,39,306,1020,,8988,2283,3605,2997,15.2,1728
1032.9,2026-08-02T00:30:39.445015+00:00,58.062,57.718,58.25,57.218,40,306,1020,,9028,2323,3605,2997,15.5,1728
1033.9,2026-08-02T00:30:40.451397+00:00,58.25,57.406,58.25,57.093,40,306,1020,,8988,2323,3605,2997,15.2,1728
1035.0,2026-08-02T00:30:41.456902+00:00,58.531,57.625,58.531,57.125,79,306,1020,,9189,2403,3645,2997,15.2,1728
1036.0,2026-08-02T00:30:42.463300+00:00,58.718,57.437,58.718,57.281,92,306,1020,,9269,2480,3685,2997,15.2,1728
1037.0,2026-08-02T00:30:43.469966+00:00,58.281,57.75,58.281,57.281,78,306,1020,,9028,2363,3645,2997,15.0,1728
1038.0,2026-08-02T00:30:44.474871+00:00,58.375,57.625,58.375,57.187,99,306,1020,,9189,2443,3645,2997,15.3,1728
1039.0,2026-08-02T00:30:45.480694+00:00,58.718,57.375,58.718,57.125,99,714,1020,,9495,2640,3766,2997,15.0,1728
1040.0,2026-08-02T00:30:46.486904+00:00,59.062,57.625,59.062,57.281,99,714,1020,,9735,2720,3806,2997,15.0,960
1041.0,2026-08-02T00:30:47.493206+00:00,58.625,57.687,58.625,57.156,99,714,1020,,9815,2760,3846,2997,14.8,729
1042.0,2026-08-02T00:30:48.498633+00:00,58.75,57.625,58.75,57.093,95,714,1020,,10136,2960,3920,2997,15.5,1728
1043.0,2026-08-02T00:30:49.504562+00:00,59.187,57.781,59.187,57.187,90,1020,1020,,10800,3434,4080,2997,15.5,1113
1044.0,2026-08-02T00:30:50.510156+00:00,59.25,57.687,59.25,57.218,99,1020,1020,,11400,3747,4153,2997,15.2,1651
1045.0,2026-08-02T00:30:51.515921+00:00,59.062,57.687,59.062,57.312,93,1020,1020,,11280,3668,4153,2997,15.2,1574
1046.0,2026-08-02T00:30:52.521990+00:00,59.031,57.781,59.031,57.125,29,612,1020,,11280,3628,4113,2997,15.2,1574
1047.0,2026-08-02T00:30:53.527592+00:00,58.843,57.625,58.718,57.156,45,612,1020,,11320,3668,4153,2997,15.7,1651
1048.0,2026-08-02T00:30:54.533985+00:00,58.593,57.875,58.593,57.25,44,612,1020,,11280,3628,4153,2997,15.3,1728
1049.0,2026-08-02T00:30:55.543182+00:00,58.5,57.968,58.5,57.343,32,510,1020,,11240,3668,4113,2997,15.3,1728
1050.0,2026-08-02T00:30:56.546164+00:00,58.656,57.875,58.656,57.156,25,510,1020,,11120,3548,4120,2996,15.3,1728
1051.1,2026-08-02T00:30:57.552550+00:00,58.562,57.781,58.562,57.281,24,510,1020,,10920,3508,4080,2996,15.2,1728
1052.1,2026-08-02T00:30:58.558976+00:00,58.531,57.812,58.531,57.218,24,510,1020,,10960,3474,4080,2997,15.2,1728
1053.1,2026-08-02T00:30:59.565397+00:00,58.406,57.812,58.406,57.156,24,510,1020,,10880,3434,4080,2997,15.2,1728
1054.1,2026-08-02T00:31:00.571838+00:00,58.406,58.031,58.406,57.187,24,510,1020,,10840,3394,4040,2997,15.5,1728
1055.1,2026-08-02T00:31:01.579220+00:00,58.5,58.031,58.5,57.125,24,510,1020,,10760,3434,4040,2997,15.2,1728
1056.1,2026-08-02T00:31:02.584902+00:00,58.562,58.156,58.562,57.281,22,510,1020,,10800,3354,4040,2997,15.0,1728
1057.1,2026-08-02T00:31:03.590907+00:00,58.562,58.25,58.562,57.281,24,510,1020,,10760,3394,4000,2997,15.5,1728
1058.1,2026-08-02T00:31:04.596802+00:00,58.375,58.5,58.5,57.156,29,408,1020,,10600,3314,4000,2997,15.5,1728
1059.1,2026-08-02T00:31:05.602820+00:00,58.312,57.75,58.312,57.312,30,408,1020,,10496,3194,3960,2997,15.0,1728
1060.1,2026-08-02T00:31:06.608805+00:00,58.343,57.812,58.343,57.281,30,408,1020,,10480,3234,3960,2997,15.2,1728
1061.1,2026-08-02T00:31:07.614745+00:00,58.5,57.875,58.5,57.218,30,408,1020,,10496,3194,3960,2997,15.0,1728
1062.1,2026-08-02T00:31:08.620777+00:00,58.531,57.687,58.531,57.187,30,408,1020,,10416,3194,3960,2997,15.2,1728
1063.1,2026-08-02T00:31:09.626978+00:00,58.656,58.218,58.656,57.218,30,408,1020,,10416,3234,3960,2997,15.5,1728
1064.1,2026-08-02T00:31:10.632609+00:00,58.281,58.156,58.343,57.281,30,408,1020,,10376,3154,3960,2997,15.0,1728
1065.1,2026-08-02T00:31:11.638654+00:00,58.312,58.218,58.312,57.156,28,408,1020,,10376,3194,3920,2997,15.2,1728
1066.1,2026-08-02T00:31:12.644766+00:00,58.281,58.343,58.343,57.25,30,408,1020,,10376,3154,3920,2997,15.0,1728
1067.1,2026-08-02T00:31:13.650680+00:00,58.375,58.125,58.375,57.218,30,408,1020,,10296,3115,3880,2997,15.5,1728
1068.2,2026-08-02T00:31:14.656636+00:00,58.593,58.156,58.593,57.281,30,408,1020,,10216,3035,3880,2997,15.0,1728
1069.2,2026-08-02T00:31:15.663195+00:00,58.687,57.843,58.687,57.156,28,408,1020,,9975,2840,3880,2997,14.8,1728
1070.2,2026-08-02T00:31:16.668994+00:00,58.156,57.75,58.156,57.281,30,408,1020,,10216,3115,3920,2997,15.5,1728
1071.2,2026-08-02T00:31:17.675143+00:00,58.25,57.656,58.25,57.281,28,408,1020,,10016,2840,3880,2997,14.8,1728
1072.2,2026-08-02T00:31:18.681539+00:00,58.437,58.218,58.437,57.281,30,408,1020,,10296,3075,3920,2997,15.5,1728
1073.2,2026-08-02T00:31:19.687544+00:00,58.25,58.5,58.5,57.25,30,408,1020,,10336,3075,3920,2997,15.0,1728
1074.2,2026-08-02T00:31:20.693548+00:00,58.156,58.281,58.156,57.218,29,408,1020,,10256,3115,3920,2997,15.2,1728
1075.2,2026-08-02T00:31:21.699535+00:00,58.218,58.156,58.218,57.281,30,408,1020,,10256,3040,3880,2997,15.2,1728
1076.2,2026-08-02T00:31:22.705765+00:00,58.406,58.218,58.406,57.312,30,408,1020,,10176,3035,3880,2997,15.0,1728
1077.2,2026-08-02T00:31:23.711740+00:00,58.437,58.281,58.437,57.312,27,408,1020,,10136,3040,3880,2997,15.2,1728
1078.2,2026-08-02T00:31:24.717927+00:00,58.437,58.343,58.437,57.281,29,408,1020,,10136,2960,3840,2997,15.3,1728
1079.2,2026-08-02T00:31:25.724039+00:00,58.218,58.156,58.218,57.281,29,408,1020,,10096,2960,3840,2997,15.2,1728
1080.2,2026-08-02T00:31:26.730118+00:00,58.187,58.218,58.218,57.25,30,408,1020,,10016,2960,3840,2997,15.2,1728
1081.2,2026-08-02T00:31:27.736036+00:00,58.156,58.25,58.25,57.406,30,408,1020,,9935,2920,3846,2997,15.5,1728
1082.2,2026-08-02T00:31:28.742204+00:00,58.406,58.093,58.406,57.125,28,408,1020,,9895,2880,3806,2997,15.2,1728
1083.2,2026-08-02T00:31:29.748387+00:00,58.468,58.125,58.468,57.281,29,408,1020,,9855,2880,3806,2997,15.3,1728
1084.3,2026-08-02T00:31:30.754806+00:00,58.468,58.218,58.468,57.187,30,408,1020,,9775,2760,3806,2997,15.0,1728
1085.3,2026-08-02T00:31:31.760736+00:00,58.25,58.125,58.468,57.343,30,408,1020,,9735,2800,3806,2997,15.8,1728
1086.3,2026-08-02T00:31:32.766719+00:00,58.25,57.968,58.25,57.25,30,408,1020,,9735,2760,3766,2997,15.0,1728
1087.3,2026-08-02T00:31:33.772790+00:00,58.218,58.093,58.218,57.281,30,408,1020,,9695,2720,3766,2997,15.0,1728
1088.3,2026-08-02T00:31:34.778727+00:00,58.5,57.718,58.5,57.281,27,408,1020,,9655,2760,3766,2997,15.3,1728
1089.3,2026-08-02T00:31:35.784406+00:00,58.437,57.75,58.437,57.468,38,306,1020,,9615,2720,3766,2997,15.0,1728
1090.3,2026-08-02T00:31:36.792095+00:00,58.468,58,58.468,57.25,29,306,1020,,9575,2720,3766,2997,15.0,1728
1091.3,2026-08-02T00:31:37.796552+00:00,58.468,58,58.468,57.281,39,306,1020,,9510,2600,3766,2997,15.2,1728
1092.3,2026-08-02T00:31:38.802537+00:00,58.218,58.156,58.218,57.281,33,306,1020,,9510,2640,3725,2997,15.3,1728
1093.3,2026-08-02T00:31:39.808599+00:00,58.218,58.343,58.343,57.343,38,306,1020,,9470,2600,3725,2997,15.0,1728
1094.3,2026-08-02T00:31:40.814679+00:00,58.218,58.281,58.218,57.187,39,306,1020,,9430,2600,3725,2997,14.8,1728
1095.3,2026-08-02T00:31:41.820706+00:00,58.5,58.375,58.5,57.187,39,306,1020,,9470,2600,3725,2997,15.7,1728
1096.3,2026-08-02T00:31:42.826871+00:00,58.5,58.093,58.5,57.343,40,306,1020,,9374,2600,3685,2997,15.3,1728
1097.3,2026-08-02T00:31:43.832769+00:00,58.562,58.187,58.562,57.312,37,306,1020,,9349,2560,3685,2997,15.5,1728
1098.3,2026-08-02T00:31:44.838698+00:00,58.281,58,58.281,57.25,40,306,1020,,9389,2520,3685,2997,15.3,1728
1099.3,2026-08-02T00:31:45.846935+00:00,58.218,58.125,58.218,57.312,39,306,1020,,9269,2480,3685,2997,15.5,1728
1100.3,2026-08-02T00:31:46.851126+00:00,58.25,58.187,58.25,57.281,40,306,1020,,9229,2440,3685,2997,15.2,1728
1101.4,2026-08-02T00:31:47.857387+00:00,58.093,58.125,58.125,57.312,40,306,1020,,9309,2440,3685,2997,15.0,1728
1102.4,2026-08-02T00:31:48.863360+00:00,58.125,58.375,58.375,57.25,39,306,1020,,9229,2480,3685,2997,15.7,1728
1103.4,2026-08-02T00:31:49.869397+00:00,58.125,58.156,58.156,57.343,38,306,1020,,9189,2440,3685,2997,15.0,1728
1104.4,2026-08-02T00:31:50.875173+00:00,58.312,58.093,58.312,57.312,39,306,1020,,9189,2440,3685,2997,15.3,1728
1105.4,2026-08-02T00:31:51.881247+00:00,58.312,58.187,58.312,57.375,37,306,1020,,9189,2443,3645,2997,15.2,1728
1106.4,2026-08-02T00:31:52.887451+00:00,58.312,58.281,58.312,57.218,40,306,1020,,9149,2443,3645,2997,15.2,1728
1107.4,2026-08-02T00:31:53.893947+00:00,58.093,58.468,58.468,57.25,40,306,1020,,9189,2403,3645,2997,15.3,1728
1108.4,2026-08-02T00:31:54.899826+00:00,58.125,58.093,58.125,57.281,40,306,1020,,9189,2403,3645,2997,15.5,1728
1109.4,2026-08-02T00:31:55.905972+00:00,58.187,58.218,58.218,57.281,39,306,1020,,9109,2403,3645,2997,15.2,1728
1110.4,2026-08-02T00:31:56.912046+00:00,58.468,58.281,58.468,57.312,37,306,1020,,9109,2403,3645,2997,15.5,1728
1111.4,2026-08-02T00:31:57.918069+00:00,58.375,58,58.375,57.25,37,306,1020,,9068,2363,3645,2997,15.0,1728
1112.4,2026-08-02T00:31:58.924070+00:00,58.343,58.218,58.343,57.312,39,306,1020,,9109,2363,3605,2997,15.2,1728
1113.4,2026-08-02T00:31:59.930147+00:00,58.093,57.968,58.093,57.343,39,306,1020,,9109,2403,3605,2997,15.0,1728
1114.4,2026-08-02T00:32:00.936112+00:00,58.187,58.125,58.187,57.281,39,306,1020,,9068,2363,3605,2997,15.2,1728
1115.4,2026-08-02T00:32:01.943219+00:00,58.343,57.875,58.343,57.281,40,306,1020,,9028,2363,3645,2997,15.5,1728
1116.4,2026-08-02T00:32:02.949323+00:00,58.437,57.812,58.437,57.375,33,306,1020,,9068,2363,3645,2997,15.0,1728
1117.5,2026-08-02T00:32:03.955543+00:00,58.375,57.906,58.375,57.406,40,306,1020,,8948,2283,3605,2997,15.0,1728
1118.5,2026-08-02T00:32:04.961795+00:00,58.281,57.812,58.281,57.218,39,306,1020,,8988,2283,3605,2997,15.0,1728
1119.5,2026-08-02T00:32:05.968280+00:00,58.218,57.937,58.218,57.343,31,306,1020,,8948,2323,3651,2997,15.3,1728
1120.5,2026-08-02T00:32:06.974378+00:00,58.187,57.562,58.187,57.312,35,306,1020,,8908,2320,3651,2997,15.3,1728
1121.5,2026-08-02T00:32:07.980445+00:00,58.5,57.781,58.5,57.437,33,306,1020,,8988,2403,3645,2997,15.2,1728
1122.5,2026-08-02T00:32:08.986606+00:00,58.593,57.937,58.593,57.281,77,306,1020,,9109,2403,3645,2997,15.0,1728
1123.5,2026-08-02T00:32:09.992668+00:00,58.656,57.75,58.656,57.343,35,306,1020,,8988,2400,3691,2997,15.0,1728
1124.5,2026-08-02T00:32:10.999094+00:00,58.5,57.687,58.5,57.281,94,306,1020,,9269,2443,3645,2997,15.2,1728
1125.5,2026-08-02T00:32:12.006677+00:00,58.812,57.75,58.812,57.25,99,714,1020,,9349,2443,3685,2997,15.2,1728
1126.5,2026-08-02T00:32:13.012800+00:00,59,57.687,59,57.25,99,714,1020,,9510,2520,3725,2997,15.2,1574
1127.5,2026-08-02T00:32:14.018828+00:00,59.031,57.5,59.031,57.25,99,714,1020,,9630,2560,3806,2997,15.0,1420
1128.5,2026-08-02T00:32:15.024924+00:00,58.875,57.531,58.875,57.343,99,714,1020,,9751,2680,3806,2997,15.0,1267
1129.5,2026-08-02T00:32:16.031103+00:00,58.937,57.75,58.937,57.281,99,714,1020,,9855,2760,3806,2997,15.0,1113
1130.5,2026-08-02T00:32:17.037467+00:00,58.5,57.406,58.5,57.25,99,714,1020,,9269,2443,3685,2997,15.2,1574
1131.5,2026-08-02T00:32:18.043334+00:00,58.75,57.875,58.75,57.218,36,306,1020,,8948,2323,3651,2997,15.2,1728
1132.5,2026-08-02T00:32:19.049305+00:00,58.343,57.812,58.343,57.312,96,306,1020,,9149,2443,3645,2997,15.3,1728
1133.6,2026-08-02T00:32:20.056705+00:00,58.468,57.687,58.468,57.281,93,714,1020,,9309,2483,3685,2997,15.0,1728
1134.6,2026-08-02T00:32:21.061590+00:00,58.562,57.781,58.562,57.25,99,714,1020,,9309,2480,3685,2997,15.0,1651
1135.6,2026-08-02T00:32:22.068668+00:00,58.593,57.468,58.593,57.343,99,714,1020,,9309,2480,3725,2997,15.3,1728
1136.6,2026-08-02T00:32:23.073737+00:00,58.562,57.593,58.562,57.375,99,714,1020,,9349,2480,3685,2997,15.2,1651
1137.6,2026-08-02T00:32:24.080052+00:00,58.468,57.75,58.468,57.218,99,714,1020,,9269,2520,3685,2997,15.2,1651
1138.6,2026-08-02T00:32:25.086270+00:00,58.593,57.75,58.593,57.281,99,714,1020,,9575,2640,3766,2997,15.0,1036
1139.6,2026-08-02T00:32:26.092549+00:00,58.781,57.593,58.781,57.375,99,714,1020,,9735,2720,3806,2997,14.8,806
1140.6,2026-08-02T00:32:27.098908+00:00,59.093,57.625,59.093,57.406,99,714,1020,,10176,2995,3880,2997,15.2,1728
1141.6,2026-08-02T00:32:28.108105+00:00,59.156,57.843,59.156,57.218,89,714,1020,,10376,3075,3960,2997,15.2,1728
1142.6,2026-08-02T00:32:29.112232+00:00,59.093,57.625,59.093,57.281,99,1020,1020,,10496,3115,3960,2997,15.2,1728
1143.6,2026-08-02T00:32:30.118543+00:00,59.281,57.718,59.281,57.343,89,1020,1020,,10520,3274,4040,2997,15.0,1728
1144.6,2026-08-02T00:32:31.124883+00:00,59.593,57.843,59.593,57.218,99,1020,1020,,10800,3434,4080,2997,15.2,1113
1145.6,2026-08-02T00:32:32.131888+00:00,59.656,57.718,59.656,57.281,99,1020,1020,,11080,3554,4073,2997,15.2,960
1146.6,2026-08-02T00:32:33.138117+00:00,59.468,57.75,59.468,57.281,99,1020,1020,,11320,3708,4153,2997,14.8,806
1147.6,2026-08-02T00:32:34.144508+00:00,59.218,57.843,59.218,57.437,68,1020,1020,,11320,3668,4153,2997,15.3,1574
1148.6,2026-08-02T00:32:35.150300+00:00,58.968,58.062,58.968,57.343,28,612,1020,,11320,3747,4153,2997,15.0,1651
1149.7,2026-08-02T00:32:36.155916+00:00,58.968,57.906,58.968,57.281,40,612,1020,,11320,3708,4113,2997,15.2,1651
1150.7,2026-08-02T00:32:37.161457+00:00,59.093,57.75,59.093,57.343,35,612,1020,,11280,3668,4153,2997,15.3,1651
1151.7,2026-08-02T00:32:38.166826+00:00,59.125,57.781,59.125,57.375,47,612,1020,,11240,3668,4160,2997,15.2,1651
1152.7,2026-08-02T00:32:39.172549+00:00,59.218,57.937,59.218,57.375,30,510,1020,,11240,3668,4153,2997,15.2,1651
1153.7,2026-08-02T00:32:40.177862+00:00,59.281,58.093,59.281,57.281,31,612,1020,,11200,3668,4120,2997,15.2,1574
1154.7,2026-08-02T00:32:41.183382+00:00,59.406,57.937,59.406,57.312,31,612,1020,,11200,3668,4113,2997,15.0,1574
1155.7,2026-08-02T00:32:42.188863+00:00,58.968,57.656,58.968,57.437,33,612,1020,,11320,3708,4153,2997,15.2,1651
1156.7,2026-08-02T00:32:43.194311+00:00,58.906,57.718,58.906,57.312,33,612,1020,,11280,3668,4153,2997,15.2,1574
1157.7,2026-08-02T00:32:44.199691+00:00,58.906,57.906,58.906,57.375,41,612,1020,,11200,3668,4160,2997,15.0,1728
1158.7,2026-08-02T00:32:45.205317+00:00,58.875,58.218,58.875,57.281,47,612,1020,,11280,3708,4153,2997,15.3,1728
1159.7,2026-08-02T00:32:46.210762+00:00,58.906,58.5,58.906,57.281,44,612,1020,,11240,3668,4153,2997,15.0,1728
1160.7,2026-08-02T00:32:47.216259+00:00,58.75,57.843,58.75,57.406,23,510,1020,,11240,3668,4113,2997,15.3,1728
1161.7,2026-08-02T00:32:48.221812+00:00,58.531,57.968,58.531,57.375,26,510,1020,,11160,3628,4120,2997,15.7,1728
1162.7,2026-08-02T00:32:49.227108+00:00,58.562,58,58.562,57.281,24,510,1020,,11200,3594,4073,2997,15.3,1728
1163.7,2026-08-02T00:32:50.232874+00:00,58.531,58.218,58.531,57.437,23,510,1020,,11000,3548,4080,2997,15.2,1728
1164.7,2026-08-02T00:32:51.238615+00:00,58.562,57.812,58.562,57.343,24,510,1020,,11000,3514,4080,2997,15.2,1728
1165.7,2026-08-02T00:32:52.244888+00:00,58.687,57.625,58.687,57.5,24,510,1020,,11120,3554,4073,2997,15.3,1728
1166.7,2026-08-02T00:32:53.250654+00:00,58.625,57.781,58.625,57.343,24,510,1020,,10880,3474,4040,2997,15.3,1728
1167.8,2026-08-02T00:32:54.256313+00:00,58.687,57.687,58.687,57.312,24,510,1020,,10800,3434,4040,2997,15.3,1728
1168.8,2026-08-02T00:32:55.262335+00:00,58.656,57.812,58.656,57.312,25,510,1020,,10800,3434,4040,2997,15.3,1728
1169.8,2026-08-02T00:32:56.268041+00:00,58.375,57.625,58.375,57.312,28,408,1020,,10800,3434,4000,2997,15.5,1728
1170.8,2026-08-02T00:32:57.274006+00:00,58.5,57.718,58.5,57.343,26,408,1020,,10697,3314,3960,2997,15.2,1728
1171.8,2026-08-02T00:32:58.279614+00:00,58.406,57.718,58.406,57.312,29,408,1020,,10536,3274,3960,2997,15.8,1728
1172.8,2026-08-02T00:32:59.285414+00:00,58.5,57.812,58.5,57.312,28,408,1020,,10376,3154,3920,2997,15.2,1728
1173.8,2026-08-02T00:33:00.291195+00:00,58.656,57.656,58.656,57.406,29,408,1020,,10336,3115,3920,2997,15.0,1728
1174.8,2026-08-02T00:33:01.297021+00:00,58.656,57.968,58.656,57.281,30,408,1020,,10296,3035,3920,2997,15.0,1728
1175.8,2026-08-02T00:33:02.302791+00:00,58.593,58.062,58.593,57.375,29,408,1020,,10216,3080,3880,2997,15.2,1728
1176.8,2026-08-02T00:33:03.308614+00:00,58.562,58.312,58.562,57.281,29,408,1020,,10176,3040,3880,2997,15.2,1728
1177.8,2026-08-02T00:33:04.314630+00:00,58.437,57.937,58.437,57.312,28,408,1020,,10136,3040,3880,2997,15.8,1728
1178.8,2026-08-02T00:33:05.320127+00:00,58.406,57.937,58.406,57.375,30,408,1020,,10096,3000,3840,2997,15.5,1728
1179.8,2026-08-02T00:33:06.325919+00:00,58.343,57.875,58.343,57.5,30,408,1020,,10016,2920,3840,2997,15.0,1728
1180.8,2026-08-02T00:33:07.331982+00:00,58.406,57.968,58.687,57.312,30,408,1020,,9895,2880,3846,2997,15.5,1728
1181.8,2026-08-02T00:33:08.337756+00:00,58.562,58.125,58.562,57.375,30,408,1020,,9855,2840,3846,2997,15.0,1728
1182.8,2026-08-02T00:33:09.343422+00:00,58.656,57.843,58.656,57.343,28,408,1020,,9855,2840,3846,2997,15.2,1728
1183.8,2026-08-02T00:33:10.349212+00:00,58.687,57.968,58.687,57.343,28,408,1020,,9815,2800,3806,2997,15.2,1728
1184.9,2026-08-02T00:33:11.355278+00:00,58.312,58.062,58.312,57.281,30,408,1020,,9775,2800,3806,2997,15.7,1728
1185.9,2026-08-02T00:33:12.361088+00:00,58.343,57.875,58.343,57.343,30,408,1020,,9735,2760,3806,2997,15.3,1728
1186.9,2026-08-02T00:33:13.366958+00:00,58.437,58.156,58.437,57.312,30,408,1020,,9695,2760,3766,2997,15.3,1728
1187.9,2026-08-02T00:33:14.372974+00:00,58.343,58.125,58.343,57.281,28,408,1020,,9695,2800,3766,2997,15.7,1728
1188.9,2026-08-02T00:33:15.379062+00:00,58.5,57.968,58.5,57.281,29,408,1020,,9655,2760,3766,2997,15.3,1728
1189.9,2026-08-02T00:33:16.384916+00:00,58.281,57.968,58.281,57.281,30,408,1020,,9655,2760,3766,2997,15.7,1728
1190.9,2026-08-02T00:33:17.390851+00:00,58.375,58.031,58.375,57.343,28,408,1020,,9655,2720,3766,2997,15.3,1728
1191.9,2026-08-02T00:33:18.396816+00:00,58.281,57.843,58.281,57.375,28,408,1020,,9615,2720,3766,2997,15.3,1728
1192.9,2026-08-02T00:33:19.402803+00:00,58.406,57.937,58.406,57.375,28,408,1020,,9615,2720,3766,2997,15.3,1728
1193.9,2026-08-02T00:33:20.408620+00:00,58.468,58.156,58.468,57.468,29,408,1020,,9655,2760,3766,2997,15.5,1728
1194.9,2026-08-02T00:33:21.414582+00:00,58.5,58.125,58.5,57.468,30,408,1020,,9615,2680,3725,2997,15.7,1728
1195.9,2026-08-02T00:33:22.420418+00:00,58.593,57.937,58.593,57.343,36,306,1020,,9535,2680,3725,2997,15.5,1728
1196.9,2026-08-02T00:33:23.426192+00:00,58.156,58.093,58.156,57.312,39,306,1020,,9495,2640,3725,2997,15.2,1728
1197.9,2026-08-02T00:33:24.432103+00:00,58.375,57.968,58.375,57.468,40,306,1020,,9455,2640,3725,2997,15.3,1728
1198.9,2026-08-02T00:33:25.437930+00:00,58.312,57.968,58.312,57.5,40,306,1020,,9510,2600,3725,2997,15.3,1728
1199.9,2026-08-02T00:33:26.443778+00:00,58.156,57.906,58.156,57.437,39,306,1020,,9389,2560,3725,2997,15.3,1728
1200.9,2026-08-02T00:33:27.449667+00:00,58.468,57.906,58.468,57.468,40,306,1020,,9430,2520,3685,2997,15.3,1728
1202.0,2026-08-02T00:33:28.455452+00:00,58.437,58.187,58.437,57.343,40,306,1020,,9389,2520,3685,2997,15.3,1728
1203.0,2026-08-02T00:33:29.461297+00:00,58.218,57.906,58.218,57.343,40,306,1020,,9349,2560,3685,2997,15.3,1728
1204.0,2026-08-02T00:33:30.467053+00:00,58.5,57.843,58.5,57.375,38,306,1020,,9389,2520,3685,2997,15.2,1728
1205.0,2026-08-02T00:33:31.472585+00:00,58.5,58.156,58.5,57.343,40,306,1020,,9269,2480,3685,2997,14.8,1728
1206.0,2026-08-02T00:33:32.478734+00:00,58.281,57.937,58.281,57.468,40,306,1020,,9269,2480,3685,2997,15.5,1728
1207.0,2026-08-02T00:33:33.484266+00:00,58.281,57.812,58.281,57.281,38,306,1020,,9149,2400,3685,2997,15.0,1728
1208.0,2026-08-02T00:33:34.490373+00:00,58.343,57.75,58.343,57.406,40,306,1020,,9189,2440,3685,2997,15.7,1728
1209.0,2026-08-02T00:33:35.496165+00:00,58.093,57.937,58.093,57.406,40,306,1020,,9269,2440,3685,2997,15.2,1728
1210.0,2026-08-02T00:33:36.502175+00:00,58.187,57.968,58.187,57.437,40,306,1020,,9269,2483,3645,2997,15.8,1728
1211.0,2026-08-02T00:33:37.508189+00:00,58.125,57.656,58.125,57.5,40,306,1020,,9229,2440,3685,2997,15.3,1728
1212.0,2026-08-02T00:33:38.514074+00:00,58.156,57.75,58.156,57.281,38,306,1020,,9149,2440,3645,2997,15.2,1728
1213.0,2026-08-02T00:33:39.520028+00:00,58.156,57.687,58.156,57.343,40,306,1020,,9149,2400,3645,2997,15.3,1728
1214.0,2026-08-02T00:33:40.525881+00:00,58.156,57.812,58.156,57.312,40,306,1020,,9149,2400,3645,2997,15.3,1728
1215.0,2026-08-02T00:33:41.531735+00:00,58.156,57.812,58.156,57.343,40,306,1020,,9109,2363,3645,2997,14.8,1728
1216.0,2026-08-02T00:33:42.537492+00:00,58.125,57.593,58.125,57.343,38,306,1020,,9149,2403,3645,2997,15.7,1728
1217.0,2026-08-02T00:33:43.543568+00:00,58.218,57.562,58.218,57.468,40,306,1020,,9068,2363,3645,2997,15.7,1728
1218.0,2026-08-02T00:33:44.548947+00:00,58.218,57.812,58.218,57.468,40,306,1020,,9068,2363,3645,2997,15.3,1728
1219.1,2026-08-02T00:33:45.555001+00:00,58.156,57.75,58.156,57.5,40,306,1020,,9068,2363,3605,2997,15.7,1728
1220.1,2026-08-02T00:33:46.560813+00:00,58.281,57.687,58.281,57.312,24,306,1020,,8988,2323,3645,2997,15.5,1728
1221.1,2026-08-02T00:33:47.566605+00:00,58.437,58,58.437,57.375,34,306,1020,,9109,2403,3645,2997,14.8,1728
1222.1,2026-08-02T00:33:48.572640+00:00,58.5,57.625,58.5,57.437,94,714,1020,,9229,2440,3685,2997,15.3,1728
1223.1,2026-08-02T00:33:49.578662+00:00,58.875,57.718,58.875,57.281,99,714,1020,,9510,2560,3725,2997,14.8,1267
1224.1,2026-08-02T00:33:50.584556+00:00,59.093,57.875,59.093,57.312,99,714,1020,,9695,2680,3806,2997,14.8,883
1225.1,2026-08-02T00:33:51.591908+00:00,59.125,57.75,59.125,57.375,90,1020,1020,,10256,3035,3920,2997,15.2,1728
1226.1,2026-08-02T00:33:52.596883+00:00,59.437,57.937,59.437,57.343,90,1020,1020,,10680,3314,4040,2997,15.2,1190
1227.1,2026-08-02T00:33:53.602984+00:00,59.593,58,59.593,57.343,99,1020,1020,,11080,3474,4120,2997,14.8,806
1228.1,2026-08-02T00:33:54.609838+00:00,59.531,57.75,59.531,57.406,89,612,1020,,11400,3708,4153,2997,15.7,1651
1229.1,2026-08-02T00:33:55.615650+00:00,59.468,57.781,59.468,57.312,29,612,1020,,11280,3668,4153,2997,15.5,1574
1230.1,2026-08-02T00:33:56.621573+00:00,59.031,57.843,59.031,57.5,36,612,1020,,11200,3668,4160,2997,15.0,1574
1231.1,2026-08-02T00:33:57.627263+00:00,58.875,57.937,58.875,57.343,45,612,1020,,11480,3827,4153,2997,15.5,1728
1232.1,2026-08-02T00:33:58.633058+00:00,58.843,57.937,58.843,57.437,38,510,1020,,11240,3634,4113,2997,15.2,1728
1233.1,2026-08-02T00:33:59.638939+00:00,58.812,57.937,58.812,57.406,33,510,1020,,11160,3674,4113,2997,15.7,1728
1234.1,2026-08-02T00:34:00.644618+00:00,58.531,57.937,58.531,57.406,24,510,1020,,11040,3548,4080,2997,15.3,1728
1235.1,2026-08-02T00:34:01.650624+00:00,58.5,58.062,58.5,57.343,23,510,1020,,10880,3394,4040,2997,15.2,1728
1236.2,2026-08-02T00:34:02.656354+00:00,58.531,57.781,58.531,57.375,24,510,1020,,10760,3434,4040,2997,15.3,1728
1237.2,2026-08-02T00:34:03.662230+00:00,58.468,58.218,58.468,57.406,22,510,1020,,10720,3394,4000,2997,15.2,1728
1238.2,2026-08-02T00:34:04.668157+00:00,58.562,57.656,58.562,57.406,28,408,1020,,10416,3035,4000,2997,14.8,1728
1239.2,2026-08-02T00:34:05.676298+00:00,58.687,57.75,58.687,57.5,22,408,1020,,10840,3474,4000,2997,15.5,1728
1240.2,2026-08-02T00:34:06.679836+00:00,58.562,57.812,58.562,57.406,24,408,1020,,10680,3314,4000,2997,15.7,1728
1241.2,2026-08-02T00:34:07.685721+00:00,58.625,57.812,58.625,57.406,26,408,1020,,10616,3274,4000,2997,15.2,1728
1242.2,2026-08-02T00:34:08.691566+00:00,58.562,57.625,58.562,57.406,28,408,1020,,10536,3234,3960,2997,15.2,1728
1243.2,2026-08-02T00:34:09.697524+00:00,58.5,57.687,58.5,57.5,30,408,1020,,10536,3194,3960,2997,15.2,1728
1244.2,2026-08-02T00:34:10.703302+00:00,58.375,57.75,58.375,57.468,30,408,1020,,10536,3194,3960,2997,15.5,1728
1245.2,2026-08-02T00:34:11.709084+00:00,58.375,57.718,58.375,57.406,28,408,1020,,10416,3154,3920,2997,15.0,1728
1246.2,2026-08-02T00:34:12.714912+00:00,58.375,57.843,58.375,57.343,30,408,1020,,10336,3154,3880,2997,15.7,1728
1247.2,2026-08-02T00:34:13.720775+00:00,58.343,57.593,58.343,57.375,30,408,1020,,10216,3035,3880,2997,15.3,1728
1248.2,2026-08-02T00:34:14.726893+00:00,58.593,57.687,58.593,57.437,30,408,1020,,10256,3035,3880,2997,15.3,1728
1249.2,2026-08-02T00:34:15.732669+00:00,58.625,57.75,58.625,57.437,30,408,1020,,10136,3000,3880,2997,15.0,1728
1250.2,2026-08-02T00:34:16.738572+00:00,58.718,57.687,58.718,57.375,30,408,1020,,10176,2995,3840,2997,15.5,1728
1251.2,2026-08-02T00:34:17.744393+00:00,58.656,57.843,58.656,57.343,30,408,1020,,9975,2920,3846,2997,15.2,1728
1252.2,2026-08-02T00:34:18.750259+00:00,58.625,57.656,58.625,57.437,28,408,1020,,9975,2880,3806,2997,15.8,1728
1253.3,2026-08-02T00:34:19.756119+00:00,58.625,57.718,58.375,57.437,28,408,1020,,9855,2800,3806,2997,15.3,1728
1254.3,2026-08-02T00:34:20.761912+00:00,58.406,57.687,58.406,57.375,30,408,1020,,9815,2840,3766,2997,15.5,1728
1255.3,2026-08-02T00:34:21.767582+00:00,58.343,58.093,58.343,57.312,30,408,1020,,9735,2760,3766,2997,15.2,1728
1256.3,2026-08-02T00:34:22.773408+00:00,58.375,57.843,58.375,57.312,30,408,1020,,9695,2760,3766,2997,15.3,1728
1257.3,2026-08-02T00:34:23.779120+00:00,58.468,57.968,58.468,57.375,30,408,1020,,9615,2720,3766,2997,15.2,1728
1258.3,2026-08-02T00:34:24.784959+00:00,58.343,57.687,58.343,57.437,37,306,1020,,9575,2720,3766,2997,14.8,1728
1259.3,2026-08-02T00:34:25.790616+00:00,58.375,57.75,58.375,57.375,30,306,1020,,9535,2680,3766,2997,15.5,1728
1260.3,2026-08-02T00:34:26.796294+00:00,58.375,57.718,58.375,57.343,39,306,1020,,9455,2640,3725,2997,15.2,1728
1261.3,2026-08-02T00:34:27.802065+00:00,58.343,57.75,58.187,57.375,38,306,1020,,9510,2640,3725,2997,15.3,1728
1262.3,2026-08-02T00:34:28.807887+00:00,58.218,57.562,58.218,57.375,40,306,1020,,9374,2600,3725,2997,15.5,1728
1263.3,2026-08-02T00:34:29.813616+00:00,58.218,57.5,58.218,57.375,37,306,1020,,9389,2560,3685,2997,15.0,1728
1264.3,2026-08-02T00:34:30.819368+00:00,58.156,57.718,58.156,57.5,37,306,1020,,9349,2480,3685,2997,15.3,1728
1265.3,2026-08-02T00:34:31.825215+00:00,58.281,57.718,58.281,57.343,40,306,1020,,9309,2520,3685,2997,15.0,1728
1266.3,2026-08-02T00:34:32.831087+00:00,58.187,57.75,58.187,57.375,39,306,1020,,9309,2480,3685,2997,15.3,1728
1267.3,2026-08-02T00:34:33.836926+00:00,58.187,57.593,58.187,57.468,37,306,1020,,9229,2440,3685,2997,15.2,1728
1268.3,2026-08-02T00:34:34.842824+00:00,58.218,57.593,58.218,57.406,37,306,1020,,9189,2443,3645,2997,15.3,1728
1269.3,2026-08-02T00:34:35.848923+00:00,58.375,57.718,58.375,57.468,40,306,1020,,9189,2403,3645,2997,15.0,1728
1270.4,2026-08-02T00:34:36.854679+00:00,58.5,57.75,58.5,57.437,40,306,1020,,9149,2403,3645,2997,15.8,1728
1271.4,2026-08-02T00:34:37.860498+00:00,58.468,57.781,58.468,57.281,37,306,1020,,9068,2403,3645,2997,15.3,1728
1272.4,2026-08-02T00:34:38.866105+00:00,58.468,57.562,58.468,57.375,37,306,1020,,9109,2363,3645,2997,15.3,1728
1273.4,2026-08-02T00:34:39.872028+00:00,58.531,57.687,58.531,57.343,39,306,1020,,9068,2363,3605,2997,15.8,1728
1274.4,2026-08-02T00:34:40.877891+00:00,58.531,57.718,58.531,57.437,40,306,1020,,9028,2323,3605,2997,15.0,1728
1275.4,2026-08-02T00:34:41.883823+00:00,58.593,57.656,58.593,57.312,35,306,1020,,8988,2323,3605,2997,15.2,1728
1276.4,2026-08-02T00:34:42.889883+00:00,58.75,57.843,58.5,57.406,36,306,1020,,9149,2403,3685,2997,15.5,1728
1277.4,2026-08-02T00:34:43.895678+00:00,58.5,57.562,58.5,57.406,98,306,1020,,9229,2440,3685,2997,15.0,1728
1278.4,2026-08-02T00:34:44.901514+00:00,58.875,57.718,58.875,57.406,94,714,1020,,9430,2600,3725,2997,15.2,1728
1279.4,2026-08-02T00:34:45.908051+00:00,58.906,57.843,58.906,57.437,99,714,1020,,9615,2640,3766,2997,15.3,1574
1280.4,2026-08-02T00:34:46.914025+00:00,58.906,57.75,58.906,57.343,99,714,1020,,9815,2760,3846,2997,15.2,960
1281.4,2026-08-02T00:34:47.919623+00:00,59.031,57.906,59.031,57.281,99,714,1020,,9935,2800,3886,2997,15.2,729
1282.4,2026-08-02T00:34:48.925134+00:00,59,57.687,58.875,57.312,99,714,1020,,9975,2840,3926,2997,14.8,1728
1283.4,2026-08-02T00:34:49.931090+00:00,59.031,57.781,59.031,57.437,99,714,1020,,10216,2960,3920,2997,15.2,1728
1284.4,2026-08-02T00:34:50.936367+00:00,58.906,57.656,58.906,57.468,99,714,1020,,9975,2840,3880,2997,15.2,1728
1285.4,2026-08-02T00:34:51.942608+00:00,59.156,58.062,59.156,57.375,99,714,1020,,10216,2955,3960,2997,15.2,1728
1286.4,2026-08-02T00:34:52.948376+00:00,59.281,57.75,59.281,57.375,89,714,1020,,10456,3035,3960,2997,15.3,1728
1287.5,2026-08-02T00:34:53.954661+00:00,59.687,57.875,59.687,57.406,99,1020,1020,,10920,3514,4080,2997,14.8,1036
1288.5,2026-08-02T00:34:54.960939+00:00,59.531,58.093,59.531,57.5,99,1020,1020,,11200,3674,4153,2997,15.0,806
1289.5,2026-08-02T00:34:55.966690+00:00,59.156,57.812,59.156,57.375,30,612,1020,,11400,3747,4153,2997,15.7,1651
1290.5,2026-08-02T00:34:56.972208+00:00,59.187,57.75,59.187,57.406,32,612,1020,,11160,3668,4160,2997,15.3,1574
1291.5,2026-08-02T00:34:57.978262+00:00,59.125,57.843,59.125,57.5,32,612,1020,,11200,3668,4113,2997,15.3,1574
1292.5,2026-08-02T00:34:58.983917+00:00,58.875,57.75,58.875,57.375,45,612,1020,,11360,3747,4153,2997,15.5,1728
1293.5,2026-08-02T00:34:59.989786+00:00,58.781,57.875,58.781,57.343,46,510,1020,,11160,3628,4120,2997,15.0,1728
1294.5,2026-08-02T00:35:00.994936+00:00,58.875,57.843,58.875,57.468,37,510,1020,,11040,3514,4080,2997,15.5,1728
1295.5,2026-08-02T00:35:02.000471+00:00,58.875,58.031,58.875,57.375,38,510,1020,,11040,3554,4120,2997,14.8,1728
1296.5,2026-08-02T00:35:03.006234+00:00,58.875,58.125,58.656,57.375,23,510,1020,,11200,3554,4073,2997,15.2,1728
1297.5,2026-08-02T00:35:04.011723+00:00,58.718,57.812,58.718,57.468,24,510,1020,,11040,3594,4080,2997,15.5,1728
1298.5,2026-08-02T00:35:05.017472+00:00,58.625,57.937,58.625,57.5,23,510,1020,,10920,3514,4080,2997,15.2,1728
1299.5,2026-08-02T00:35:06.023335+00:00,58.875,58.25,58.875,57.406,24,510,1020,,11120,3634,4080,2999,16.7,1728
1300.5,2026-08-02T00:35:07.028718+00:00,58.937,58.25,58.937,57.375,24,408,1020,,11520,3947,4113,3017,31.7,1728
1301.5,2026-08-02T00:35:08.034928+00:00,58.968,57.718,58.968,57.375,24,510,1020,,11040,3554,4080,2999,17.5,1728
1302.5,2026-08-02T00:35:09.041235+00:00,58.625,58.125,58.625,57.468,24,510,1020,,10920,3474,4040,2999,15.3,1728
1303.5,2026-08-02T00:35:10.047075+00:00,58.625,58.281,58.625,57.375,24,510,1020,,10760,3394,4040,2999,15.2,1728
1304.6,2026-08-02T00:35:11.052906+00:00,58.781,58.218,58.781,57.468,24,510,1020,,10760,3394,4000,2999,15.5,1728
1305.6,2026-08-02T00:35:12.058628+00:00,58.843,58.031,58.843,57.5,26,408,1020,,10560,3314,4000,2999,15.3,1728
1306.6,2026-08-02T00:35:13.064139+00:00,58.781,58.25,58.781,57.5,25,408,1020,,10416,2995,4000,3000,15.7,1728
1307.6,2026-08-02T00:35:14.069792+00:00,58.593,58.031,58.593,57.437,23,510,1020,,10800,3434,4040,3000,17.0,1728
1308.6,2026-08-02T00:35:15.075114+00:00,58.656,58.062,58.656,57.406,24,510,1020,,10800,3394,4040,3000,15.0,1728
1309.6,2026-08-02T00:35:16.080474+00:00,58.656,58.25,58.656,57.468,24,510,1020,,10880,3514,4040,3000,15.0,1728
1310.6,2026-08-02T00:35:17.086071+00:00,58.656,58.281,58.656,57.531,24,510,1020,,10840,3434,4000,3000,15.0,1728
1311.6,2026-08-02T00:35:18.091313+00:00,58.531,58.562,58.562,57.375,24,510,1020,,10760,3354,4000,3000,15.2,1728
1312.6,2026-08-02T00:35:19.096783+00:00,58.5,58.312,58.5,57.468,27,408,1020,,10720,3354,4000,3000,15.0,1728
1313.6,2026-08-02T00:35:20.102462+00:00,58.5,58.343,58.5,57.406,30,408,1020,,10600,3354,4000,3000,15.2,1728
1314.6,2026-08-02T00:35:21.108000+00:00,58.468,58.218,58.468,57.437,30,408,1020,,10536,3234,3960,3000,15.0,1728
1315.6,2026-08-02T00:35:22.113438+00:00,58.5,58.343,58.625,57.531,30,408,1020,,10456,3234,3960,3000,15.0,1728
1316.6,2026-08-02T00:35:23.118825+00:00,58.687,58.5,58.687,57.312,28,408,1020,,10416,3154,3920,3000,15.3,1728
1317.6,2026-08-02T00:35:24.124309+00:00,58.625,58.25,58.625,57.5,30,408,1020,,10376,3154,3920,3000,15.5,1728
1318.6,2026-08-02T00:35:25.129834+00:00,58.625,57.937,58.625,57.437,30,408,1020,,10216,3035,3920,3000,14.8,1728
1319.6,2026-08-02T00:35:26.135583+00:00,58.625,58,58.625,57.562,29,408,1020,,10336,3080,3880,3000,15.0,1728
1320.6,2026-08-02T00:35:27.141072+00:00,58.437,58.312,58.625,57.593,30,408,1020,,10256,3154,3920,3000,15.2,1728
1321.6,2026-08-02T00:35:28.146326+00:00,58.468,58.468,58.468,57.437,30,408,1020,,10256,3080,3880,3000,15.3,1728
1322.6,2026-08-02T00:35:29.151973+00:00,58.5,58.218,58.5,57.406,29,408,1020,,10176,3035,3880,3000,15.5,1728
1323.7,2026-08-02T00:35:30.157947+00:00,58.5,57.968,58.5,57.437,30,408,1020,,10056,2920,3840,3000,15.5,1728
1324.7,2026-08-02T00:35:31.163803+00:00,58.437,58.125,58.437,57.468,30,408,1020,,9975,2920,3840,3000,15.5,1728
1325.7,2026-08-02T00:35:32.169949+00:00,58.625,58.093,58.625,57.375,28,408,1020,,9895,2840,3806,3000,15.3,1728
1326.7,2026-08-02T00:35:33.175849+00:00,58.593,58.125,58.593,57.437,30,408,1020,,9775,2800,3806,3000,15.7,1728
1327.7,2026-08-02T00:35:34.181971+00:00,58.625,57.875,58.625,57.468,30,408,1020,,9735,2800,3806,3000,15.7,1728
1328.7,2026-08-02T00:35:35.188108+00:00,58.406,57.906,58.406,57.437,30,408,1020,,9695,2760,3766,3000,15.5,1728
1329.7,2026-08-02T00:35:36.193721+00:00,58.312,57.781,58.312,57.343,30,408,1020,,9655,2760,3766,3000,15.7,1728
1330.7,2026-08-02T00:35:37.199597+00:00,58.406,57.781,58.406,57.312,30,408,1020,,9575,2680,3766,3000,15.5,1728
1331.7,2026-08-02T00:35:38.205454+00:00,58.687,57.593,58.687,57.5,30,306,1020,,9535,2720,3766,3000,15.3,1728
1332.7,2026-08-02T00:35:39.211526+00:00,58.656,57.625,58.656,57.5,30,306,1020,,9535,2680,3725,3000,15.3,1728
1333.7,2026-08-02T00:35:40.217215+00:00,58.625,57.812,58.625,57.437,37,306,1020,,9455,2640,3725,3000,15.3,1728
1334.7,2026-08-02T00:35:41.223145+00:00,58.625,57.875,58.625,57.281,40,306,1020,,9430,2600,3725,3000,15.5,1728
1335.7,2026-08-02T00:35:42.228378+00:00,58.312,58,58.312,57.468,39,306,1020,,9349,2520,3685,3000,15.0,1728
1336.7,2026-08-02T00:35:43.234047+00:00,58.375,57.812,58.375,57.437,38,306,1020,,9189,2480,3725,3000,14.8,1728
1337.7,2026-08-02T00:35:44.239599+00:00,58.312,58.218,58.312,57.437,39,306,1020,,9430,2520,3725,3000,15.2,1728
1338.7,2026-08-02T00:35:45.244864+00:00,58.406,58.375,58.406,57.531,40,306,1020,,9349,2520,3725,3000,15.5,1728
1339.7,2026-08-02T00:35:46.250404+00:00,58.375,57.625,58.375,57.281,39,306,1020,,9229,2440,3725,3000,14.8,1728
1340.8,2026-08-02T00:35:47.256319+00:00,58.468,58.031,58.468,57.375,39,306,1020,,9349,2520,3725,3000,15.3,1728
1341.8,2026-08-02T00:35:48.261846+00:00,58.5,57.843,58.218,57.375,38,306,1020,,9430,2520,3725,3000,15.0,1728
1342.8,2026-08-02T00:35:49.267352+00:00,58.343,57.937,58.343,57.5,39,306,1020,,9430,2480,3685,3000,15.0,1728
1343.8,2026-08-02T00:35:50.272888+00:00,58.343,57.968,58.343,57.406,39,306,1020,,9389,2520,3725,3000,15.2,1728
1344.8,2026-08-02T00:35:51.278374+00:00,58.187,58.218,58.218,57.312,40,306,1020,,9349,2520,3725,3000,15.0,1728
1345.8,2026-08-02T00:35:52.283974+00:00,58.281,57.906,58.281,57.437,39,306,1020,,9294,2600,3685,3000,15.2,1728
1346.8,2026-08-02T00:35:53.289488+00:00,58.281,57.812,58.281,57.375,37,306,1020,,9309,2520,3725,3000,15.2,1728
1347.8,2026-08-02T00:35:54.294929+00:00,58.281,57.875,58.281,57.468,40,306,1020,,9349,2520,3685,3000,15.0,1728
1348.8,2026-08-02T00:35:55.300427+00:00,58.531,58.062,58.531,57.406,38,306,1020,,9389,2520,3685,3000,15.7,1728
1349.8,2026-08-02T00:35:56.305910+00:00,58.562,58.218,58.562,57.437,37,306,1020,,9294,2520,3685,3000,14.8,1728
1350.8,2026-08-02T00:35:57.311669+00:00,58.531,58.062,58.531,57.343,38,306,1020,,9389,2520,3685,3000,15.2,1728
1351.8,2026-08-02T00:35:58.317394+00:00,58.562,57.875,58.562,57.531,39,306,1020,,9430,2520,3685,3000,15.2,1728
1352.8,2026-08-02T00:35:59.322907+00:00,58.593,57.843,58.593,57.531,36,306,1020,,9470,2564,3645,3000,15.3,1728
1353.8,2026-08-02T00:36:00.328496+00:00,58.562,57.906,58.562,57.406,39,306,1020,,9430,2520,3685,3000,15.3,1728
1354.8,2026-08-02T00:36:01.333773+00:00,58.593,58.218,58.593,57.375,39,306,1020,,9349,2480,3725,3000,15.3,1728
1355.8,2026-08-02T00:36:02.339344+00:00,58.375,57.968,58.375,57.406,39,306,1020,,9389,2520,3685,3000,15.3,1728
1356.8,2026-08-02T00:36:03.345147+00:00,58.406,57.843,58.406,57.437,38,306,1020,,9309,2520,3685,3000,15.2,1728
1357.8,2026-08-02T00:36:04.350680+00:00,58.437,57.875,58.437,57.5,39,306,1020,,9309,2480,3685,3000,15.3,1728
1358.9,2026-08-02T00:36:05.356465+00:00,58.375,58,58.375,57.406,40,306,1020,,9349,2520,3685,3000,15.0,1728
1359.9,2026-08-02T00:36:06.362007+00:00,58.312,58.218,58.312,57.312,39,306,1020,,9349,2520,3685,3000,15.3,1728
1360.9,2026-08-02T00:36:07.367534+00:00,58.406,57.906,58.406,57.343,38,306,1020,,9349,2480,3685,3000,15.2,1728
1361.9,2026-08-02T00:36:08.373087+00:00,58.343,57.843,58.343,57.531,38,306,1020,,9309,2524,3685,3000,15.2,1728
1362.9,2026-08-02T00:36:09.378431+00:00,58.468,57.937,58.25,57.437,39,306,1020,,9349,2480,3685,3000,15.0,1728
1363.9,2026-08-02T00:36:10.384279+00:00,58.312,57.906,58.312,57.468,40,306,1020,,9269,2480,3685,3000,15.2,1728
1364.9,2026-08-02T00:36:11.389974+00:00,58.218,58.187,58.218,57.406,39,306,1020,,9309,2480,3685,3000,15.0,1728
1365.9,2026-08-02T00:36:12.395530+00:00,58.187,57.906,58.187,57.406,40,306,1020,,9229,2403,3685,3000,14.5,1728
1366.9,2026-08-02T00:36:13.401087+00:00,58.25,57.843,58.25,57.375,40,306,1020,,9269,2480,3725,3000,15.3,1728
1367.9,2026-08-02T00:36:14.406633+00:00,58.218,57.906,58.218,57.531,39,306,1020,,9389,2520,3685,3000,15.0,1728
1368.9,2026-08-02T00:36:15.412249+00:00,58.281,57.968,58.281,57.562,39,306,1020,,9389,2480,3685,3000,15.0,1728
1369.9,2026-08-02T00:36:16.417752+00:00,58.281,58.031,58.281,57.437,39,306,1020,,9269,2520,3685,3000,15.0,1728
1370.9,2026-08-02T00:36:17.423496+00:00,58.5,57.937,58.5,57.468,36,306,1020,,9309,2480,3725,3000,15.2,1728
1371.9,2026-08-02T00:36:18.428755+00:00,58.5,57.812,58.5,57.468,37,306,1020,,9389,2483,3685,3000,15.3,1728
1372.9,2026-08-02T00:36:19.434278+00:00,58.531,57.843,58.531,57.5,39,306,1020,,9269,2480,3685,3000,15.2,1728
1373.9,2026-08-02T00:36:20.439793+00:00,58.531,58.031,58.531,57.562,37,306,1020,,9309,2480,3685,3000,15.2,1728
1374.9,2026-08-02T00:36:21.445205+00:00,58.531,58.187,58.531,57.312,38,306,1020,,9269,2524,3645,3000,15.0,1728
1375.9,2026-08-02T00:36:22.450807+00:00,58.562,57.937,58.562,57.468,39,306,1020,,9309,2440,3685,3000,15.2,1728
1377.0,2026-08-02T00:36:23.456758+00:00,58.5,57.75,58.5,57.437,40,306,1020,,9229,2360,3685,3000,14.5,1728
1378.0,2026-08-02T00:36:24.462334+00:00,58.593,57.843,58.593,57.468,40,306,1020,,9309,2520,3685,3000,15.2,1728
1379.0,2026-08-02T00:36:25.468081+00:00,58.343,57.906,58.343,57.562,40,306,1020,,9254,2560,3685,3000,15.0,1728
1380.0,2026-08-02T00:36:26.473458+00:00,58.375,58.218,58.375,57.562,39,306,1020,,9254,2560,3685,3000,15.3,1728
1381.0,2026-08-02T00:36:27.479222+00:00,58.343,57.968,58.343,57.343,35,306,1020,,9269,2520,3685,3000,15.2,1728
1382.0,2026-08-02T00:36:28.484801+00:00,58.281,57.906,58.281,57.562,39,306,1020,,9389,2480,3685,3000,15.2,1728
1383.0,2026-08-02T00:36:29.490535+00:00,58.343,57.906,58.343,57.406,37,306,1020,,9349,2480,3685,2999,15.0,1728
1384.0,2026-08-02T00:36:30.496174+00:00,58.343,57.968,58.343,57.468,37,306,1020,,9309,2480,3685,2998,15.5,1728
1385.0,2026-08-02T00:36:31.501488+00:00,58.406,57.812,58.406,57.656,37,306,1020,,9309,2480,3685,2998,15.2,1728
1386.0,2026-08-02T00:36:32.507082+00:00,58.437,58,58.437,57.375,37,306,1020,,9174,2524,3645,2998,15.3,1728
1387.0,2026-08-02T00:36:33.512791+00:00,58.281,57.781,58.281,57.406,39,306,1020,,9174,2520,3685,2998,15.0,1728
1388.0,2026-08-02T00:36:34.518357+00:00,58.25,57.937,58.25,57.531,40,306,1020,,9229,2480,3685,2998,15.0,1728
1389.0,2026-08-02T00:36:35.524229+00:00,58.312,58.218,58.406,57.375,39,306,1020,,9229,2480,3685,2998,15.3,1728
1390.0,2026-08-02T00:36:36.529490+00:00,58.187,57.75,58.187,57.593,40,306,1020,,9269,2480,3685,2998,14.8,1728
1391.0,2026-08-02T00:36:37.534991+00:00,58.218,57.812,58.218,57.437,38,306,1020,,9149,2363,3685,2998,15.0,1728
1392.0,2026-08-02T00:36:38.540456+00:00,58.312,58.25,58.312,57.375,40,306,1020,,9269,2483,3685,2998,15.3,1728
1393.0,2026-08-02T00:36:39.545973+00:00,58.25,58.25,58.25,57.406,39,306,1020,,9309,2524,3685,2998,15.0,1728
1394.0,2026-08-02T00:36:40.551448+00:00,58.343,58.218,58.343,57.437,40,306,1020,,9309,2480,3685,2998,15.3,1728
1395.1,2026-08-02T00:36:41.556852+00:00,58.281,58.25,58.281,57.5,40,306,1020,,9309,2480,3685,2998,15.0,1728
1396.1,2026-08-02T00:36:42.562312+00:00,58.25,58.343,58.343,57.437,40,306,1020,,9309,2480,3645,2998,15.2,1728
1397.1,2026-08-02T00:36:43.567980+00:00,58.5,58.218,58.5,57.343,37,306,1020,,9229,2480,3685,2998,15.5,1728
1398.1,2026-08-02T00:36:44.573455+00:00,58.562,58.5,58.562,57.468,40,306,1020,,9189,2443,3645,2998,15.2,1728
1399.1,2026-08-02T00:36:45.578911+00:00,58.562,58.375,58.562,57.406,39,306,1020,,9229,2443,3645,2998,15.5,1728
1400.1,2026-08-02T00:36:46.584360+00:00,58.625,58.281,58.625,57.593,39,306,1020,,9149,2403,3645,2998,15.3,1728
1401.1,2026-08-02T00:36:47.589924+00:00,58.656,58.5,58.656,57.593,40,306,1020,,9149,2403,3645,2998,14.8,1728
1402.1,2026-08-02T00:36:48.595326+00:00,58.718,58.375,58.718,57.468,40,306,1020,,9149,2403,3645,2999,15.2,1728
1403.1,2026-08-02T00:36:49.600757+00:00,58.781,58.531,58.781,57.437,39,306,1020,,9109,2363,3645,2999,15.2,1728
1404.1,2026-08-02T00:36:50.606141+00:00,58.75,58.312,58.75,57.562,37,306,1020,,9109,2363,3645,2999,15.2,1728
1405.1,2026-08-02T00:36:51.612098+00:00,58.187,57.843,58.187,57.468,37,306,1020,,9109,2323,3645,2999,15.0,1728
1406.1,2026-08-02T00:36:52.618021+00:00,58.187,57.906,58.187,57.562,37,306,1020,,9028,2323,3605,2999,15.2,1728
1407.1,2026-08-02T00:36:53.623809+00:00,58.375,58.031,58.375,57.406,40,306,1020,,9068,2363,3645,2999,15.7,1728
1408.1,2026-08-02T00:36:54.630877+00:00,58.468,58.218,58.468,57.468,39,306,1020,,9068,2323,3645,2999,15.3,1728
1409.1,2026-08-02T00:36:55.636626+00:00,58.406,57.812,58.406,57.468,20,306,1020,,9028,2323,3645,2999,15.3,1728
1410.1,2026-08-02T00:36:56.642448+00:00,58.562,58,58.562,57.437,69,306,1020,,9189,2443,3645,2999,15.3,1728
1411.1,2026-08-02T00:36:57.647602+00:00,58.593,57.968,58.593,57.562,99,306,1020,,9269,2480,3685,2999,14.7,1728
1412.2,2026-08-02T00:36:58.653123+00:00,58.5,57.781,58.5,57.468,99,306,1020,,9389,2520,3725,2999,15.0,1574
1413.2,2026-08-02T00:36:59.661105+00:00,58.531,57.781,58.531,57.5,99,714,1020,,9309,2480,3685,2999,15.3,1651
1414.2,2026-08-02T00:37:00.664903+00:00,58.656,57.593,58.656,57.468,99,714,1020,,9349,2480,3725,2999,15.0,1651
1415.2,2026-08-02T00:37:01.670576+00:00,58.75,57.656,58.75,57.468,99,714,1020,,9575,2640,3766,2999,15.0,1344
1416.2,2026-08-02T00:37:02.676614+00:00,59.218,57.75,59.218,57.437,99,714,1020,,9775,2720,3846,2999,14.7,883
1417.2,2026-08-02T00:37:03.682594+00:00,59.25,57.906,59.25,57.531,99,714,1020,,9975,2800,3886,2999,15.0,729
1418.2,2026-08-02T00:37:04.688862+00:00,59.5,58.125,59.218,57.437,90,1020,1020,,10416,3075,3960,2999,15.3,1728
1419.2,2026-08-02T00:37:05.694759+00:00,59.468,57.968,59.468,57.531,94,1020,1020,,10697,3274,4040,2999,14.8,1113
1420.2,2026-08-02T00:37:06.700643+00:00,59.656,58,59.656,57.375,99,1020,1020,,11320,3747,4153,2999,15.0,806
1421.2,2026-08-02T00:37:07.706354+00:00,59.625,57.968,59.625,57.375,99,1020,1020,,11280,3668,4153,2998,15.2,1651
1422.2,2026-08-02T00:37:08.711737+00:00,59.625,57.781,59.625,57.437,64,1020,1020,,11280,3674,4113,2998,15.0,1574
1423.2,2026-08-02T00:37:09.717306+00:00,59.531,58.312,59.531,57.531,60,1020,1020,,11240,3668,4153,2999,15.3,1574
1424.2,2026-08-02T00:37:10.723095+00:00,59.375,58.375,59.375,57.656,48,612,1020,,11400,3747,4153,2999,15.5,1651
1425.2,2026-08-02T00:37:11.728462+00:00,59.25,58.343,59.25,57.437,46,612,1020,,11280,3668,4153,2999,15.2,1728
1426.2,2026-08-02T00:37:12.734017+00:00,58.968,58.062,58.968,57.5,58,510,1020,,11280,3668,4153,2999,15.2,1728
1427.2,2026-08-02T00:37:13.739423+00:00,58.875,58.125,58.875,57.468,23,510,1020,,11280,3708,4113,2999,15.7,1728
1428.2,2026-08-02T00:37:14.744889+00:00,58.812,57.875,58.812,57.5,41,510,1020,,10800,3274,4120,2999,14.7,1728
1429.2,2026-08-02T00:37:15.750427+00:00,58.937,58.031,58.937,57.5,45,612,1020,,11240,3628,4153,2999,15.3,1728
1430.3,2026-08-02T00:37:16.755806+00:00,58.937,58.218,58.937,57.437,48,612,1020,,11200,3747,4160,2999,15.3,1728
1431.3,2026-08-02T00:37:17.761418+00:00,58.718,57.906,58.718,57.406,39,510,1020,,11280,3628,4113,2999,15.2,1728
1432.3,2026-08-02T00:37:18.767133+00:00,58.812,57.968,58.812,57.562,43,510,1020,,11240,3588,4113,2998,15.2,1728
1433.3,2026-08-02T00:37:19.772617+00:00,58.718,58.093,58.718,57.625,35,510,1020,,11200,3588,4113,2998,15.2,1728
1434.3,2026-08-02T00:37:20.778110+00:00,58.75,57.968,58.75,57.468,37,510,1020,,11160,3634,4113,2998,15.2,1728
1435.3,2026-08-02T00:37:21.783662+00:00,58.656,58.218,58.656,57.437,20,510,1020,,11200,3548,4113,2998,15.2,1728
1436.3,2026-08-02T00:37:22.789183+00:00,58.906,58.062,58.906,57.375,24,510,1020,,11160,3548,4113,2998,15.2,1728
1437.3,2026-08-02T00:37:23.794711+00:00,58.843,58.062,58.843,57.562,23,510,1020,,11080,3508,4080,2998,15.0,1728
1438.3,2026-08-02T00:37:24.800267+00:00,58.906,58.125,58.906,57.625,23,510,1020,,11080,3548,4120,2998,15.2,1728
1439.3,2026-08-02T00:37:25.805868+00:00,58.812,58.218,58.812,57.406,24,510,1020,,11000,3514,4080,2998,15.2,1728
1440.3,2026-08-02T00:37:26.811544+00:00,58.875,58.187,58.875,57.437,23,510,1020,,11000,3554,4080,2998,15.3,1728
1441.3,2026-08-02T00:37:27.817033+00:00,58.593,58.343,58.593,57.562,24,510,1020,,10920,3514,4040,2998,15.5,1728
1442.3,2026-08-02T00:37:28.822498+00:00,58.593,58.406,58.593,57.625,24,510,1020,,10880,3434,4040,2998,15.2,1728
1443.3,2026-08-02T00:37:29.828921+00:00,58.562,58.156,58.562,57.468,24,408,1020,,10840,3354,4040,2998,15.0,1728
1444.3,2026-08-02T00:37:30.834673+00:00,58.593,58.281,58.593,57.468,24,510,1020,,10880,3354,4040,2998,15.5,1728
1445.3,2026-08-02T00:37:31.840955+00:00,58.843,58.312,58.843,57.531,24,510,1020,,10880,3434,4040,2998,15.3,1728
1446.3,2026-08-02T00:37:32.846806+00:00,58.812,57.718,58.812,57.5,23,510,1020,,10760,3394,4000,2998,15.2,1728
1447.4,2026-08-02T00:37:33.852709+00:00,58.75,57.781,58.75,57.593,24,408,1020,,10640,3314,4000,2998,15.5,1728
1448.4,2026-08-02T00:37:34.858617+00:00,58.843,57.906,58.843,57.406,24,408,1020,,10600,3274,3960,2998,15.5,1728
1449.4,2026-08-02T00:37:35.864541+00:00,58.531,57.937,58.531,57.406,30,408,1020,,10456,3194,3960,2998,15.2,1728
1450.4,2026-08-02T00:37:36.870296+00:00,58.5,57.75,58.5,57.531,28,408,1020,,10416,3234,3960,2998,15.3,1728
1451.4,2026-08-02T00:37:37.876170+00:00,58.531,57.781,58.531,57.468,30,408,1020,,10256,3115,3920,2998,15.3,1728
1452.4,2026-08-02T00:37:38.882079+00:00,58.5,58.062,58.5,57.468,30,408,1020,,10256,3115,3920,2998,15.2,1728
1453.4,2026-08-02T00:37:39.887936+00:00,58.843,58.093,58.843,57.437,30,408,1020,,10216,3075,3880,2998,15.2,1728
1454.4,2026-08-02T00:37:40.893728+00:00,58.843,58,58.843,57.531,29,408,1020,,10216,3000,3880,2998,15.3,1728
1455.4,2026-08-02T00:37:41.899696+00:00,58.875,57.968,58.875,57.531,30,408,1020,,10136,2995,3880,2998,15.3,1728
1456.4,2026-08-02T00:37:42.905479+00:00,58.437,58.218,58.593,57.562,30,408,1020,,10056,2995,3840,2998,15.8,1728
1457.4,2026-08-02T00:37:43.911364+00:00,58.5,57.875,58.5,57.468,30,408,1020,,10016,2960,3840,2998,15.5,1728
1458.4,2026-08-02T00:37:44.917361+00:00,58.468,57.687,58.468,57.468,30,408,1020,,9935,2880,3846,2998,15.0,1728
1459.4,2026-08-02T00:37:45.923251+00:00,58.5,57.781,58.5,57.5,30,408,1020,,9935,2880,3846,2998,14.8,1728
1460.4,2026-08-02T00:37:46.928899+00:00,58.5,58,58.406,57.656,28,408,1020,,9855,2880,3806,2998,15.5,1728
1461.4,2026-08-02T00:37:47.934720+00:00,58.375,58,58.375,57.437,30,408,1020,,9775,2840,3806,2998,15.3,1728
1462.4,2026-08-02T00:37:48.940466+00:00,58.375,58.406,58.406,57.5,30,408,1020,,9775,2840,3806,2998,15.5,1728
1463.4,2026-08-02T00:37:49.946232+00:00,58.343,57.968,58.343,57.468,30,408,1020,,9735,2760,3766,2998,15.3,1728
1464.4,2026-08-02T00:37:50.951959+00:00,58.343,58.062,58.343,57.531,28,408,1020,,9695,2720,3766,2998,15.7,1728
1465.5,2026-08-02T00:37:51.957767+00:00,58.562,58.218,58.562,57.593,28,408,1020,,9695,2720,3766,2998,15.2,1728
1466.5,2026-08-02T00:37:52.963505+00:00,58.5,58.062,58.5,57.375,28,408,1020,,9615,2680,3766,2998,15.5,1728
1467.5,2026-08-02T00:37:53.969368+00:00,58.5,57.968,58.5,57.562,39,306,1020,,9535,2640,3766,2998,15.3,1728
1468.5,2026-08-02T00:37:54.975045+00:00,58.562,57.687,58.562,57.562,30,408,1020,,9615,2680,3766,2998,15.5,1728
1469.5,2026-08-02T00:37:55.980818+00:00,58.625,57.75,58.281,57.625,30,408,1020,,9655,2720,3766,2998,15.5,1728
1470.5,2026-08-02T00:37:56.986662+00:00,58.312,57.875,58.312,57.468,34,306,1020,,9535,2640,3725,2998,15.3,1728
1471.5,2026-08-02T00:37:57.992619+00:00,58.312,57.937,58.312,57.468,40,306,1020,,9495,2640,3725,2998,15.0,1728
1472.5,2026-08-02T00:37:58.998597+00:00,58.406,57.843,58.406,57.468,40,306,1020,,9389,2560,3725,2998,15.5,1728
1473.5,2026-08-02T00:38:00.004156+00:00,58.343,57.656,58.343,57.5,40,306,1020,,9430,2560,3725,2998,15.2,1728
1474.5,2026-08-02T00:38:01.010022+00:00,58.562,57.875,58.562,57.625,40,306,1020,,9389,2520,3725,2998,15.0,1728
1475.5,2026-08-02T00:38:02.016036+00:00,58.656,57.875,58.656,57.5,37,306,1020,,9389,2560,3725,2998,15.7,1728
1476.5,2026-08-02T00:38:03.021783+00:00,58.593,58,58.593,57.437,39,306,1020,,9349,2520,3685,2998,15.3,1728
1477.5,2026-08-02T00:38:04.027620+00:00,58.625,57.687,58.625,57.562,40,306,1020,,9389,2560,3685,2999,15.5,1728
1478.5,2026-08-02T00:38:05.033743+00:00,58.312,57.781,58.312,57.593,37,306,1020,,9269,2480,3685,2999,15.7,1728
1479.5,2026-08-02T00:38:06.039402+00:00,58.375,57.875,58.375,57.406,38,306,1020,,9229,2483,3685,2999,15.3,1728
1480.5,2026-08-02T00:38:07.045155+00:00,58.406,57.968,58.406,57.562,40,306,1020,,9189,2443,3685,2999,15.3,1728
1481.5,2026-08-02T00:38:08.051031+00:00,58.375,57.687,58.375,57.406,39,306,1020,,9189,2403,3645,2999,16.0,1728
1482.6,2026-08-02T00:38:09.056783+00:00,58.406,57.718,58.75,57.375,39,306,1020,,9149,2403,3645,2999,15.8,1728
1483.6,2026-08-02T00:38:10.062566+00:00,58.281,57.781,58.281,57.687,40,306,1020,,9068,2363,3645,2999,15.3,1728
1484.6,2026-08-02T00:38:11.068384+00:00,58.25,57.843,58.25,57.25,40,306,1020,,9028,2363,3645,2999,15.2,1728
1485.6,2026-08-02T00:38:12.074136+00:00,58.218,57.812,58.218,57.562,40,306,1020,,9068,2323,3645,2999,15.0,1728
1486.6,2026-08-02T00:38:13.079989+00:00,58.343,57.718,58.343,57.531,22,306,1020,,9068,2363,3645,2999,16.0,1728
1487.6,2026-08-02T00:38:14.085729+00:00,58.593,57.843,58.593,57.656,79,306,1020,,9109,2363,3645,2999,15.0,1728
1488.6,2026-08-02T00:38:15.093960+00:00,58.843,57.75,58.843,57.468,99,714,1020,,9349,2520,3725,2999,15.3,1728
1489.6,2026-08-02T00:38:16.100174+00:00,58.906,57.812,58.906,57.468,99,714,1020,,9655,2720,3806,2999,15.0,1651
1490.6,2026-08-02T00:38:17.106059+00:00,58.875,57.812,58.875,57.562,99,714,1020,,9815,2720,3846,2999,15.0,729
1491.6,2026-08-02T00:38:18.112018+00:00,59.031,57.906,59.031,57.593,99,714,1020,,10256,2995,3960,2999,15.2,1728
1492.6,2026-08-02T00:38:19.118183+00:00,59.593,58.156,59.593,57.468,99,1020,1020,,11160,3714,4113,2999,15.0,1036
1493.6,2026-08-02T00:38:20.123935+00:00,59.718,58.281,59.718,57.531,99,1020,1020,,11280,3708,4153,2999,15.2,729
1494.6,2026-08-02T00:38:21.129824+00:00,59.625,57.843,59.625,57.531,65,1020,1020,,11200,3628,4160,2999,15.2,1574
1495.6,2026-08-02T00:38:22.135672+00:00,59.468,57.906,59.468,57.5,51,1020,1020,,11200,3668,4160,2999,15.5,1574
1496.6,2026-08-02T00:38:23.141627+00:00,59.437,58.031,59.437,57.625,30,612,1020,,11360,3787,4153,2999,15.0,1574
1497.6,2026-08-02T00:38:24.147527+00:00,58.875,57.875,58.875,57.468,32,612,1020,,11240,3588,4113,2999,15.5,1574
1498.7,2026-08-02T00:38:25.153401+00:00,58.968,58.218,58.968,57.531,43,612,1020,,11240,3588,4153,2998,15.2,1651
1499.7,2026-08-02T00:38:26.159356+00:00,58.968,57.843,58.968,57.531,41,612,1020,,11280,3628,4153,2998,15.5,1728
1500.7,2026-08-02T00:38:27.165315+00:00,59.031,57.875,59.031,57.625,49,612,1020,,11360,3668,4113,2998,15.3,1728
1501.7,2026-08-02T00:38:28.172178+00:00,59.187,58,59.187,57.468,37,510,1020,,11200,3588,4113,2998,15.7,1728
1502.7,2026-08-02T00:38:29.177207+00:00,59.062,57.906,59.062,57.437,33,510,1020,,11280,3588,4113,2998,14.8,1728
1503.7,2026-08-02T00:38:30.182995+00:00,59.093,57.781,59.093,57.593,23,510,1020,,11080,3554,4080,2998,15.5,1728
1504.7,2026-08-02T00:38:31.188857+00:00,59,57.781,59,57.531,53,510,1020,,10720,3194,4080,2998,14.7,1728
1505.7,2026-08-02T00:38:32.194719+00:00,59.156,57.875,59.156,57.593,29,510,1020,,11040,3514,4120,2998,15.3,1728
1506.7,2026-08-02T00:38:33.200619+00:00,58.781,57.875,58.781,57.468,19,510,1020,,11120,3554,4080,2999,15.0,1728
1507.7,2026-08-02T00:38:34.206579+00:00,58.812,57.937,58.812,57.468,24,510,1020,,10960,3554,4040,2999,15.7,1728
1508.7,2026-08-02T00:38:35.212372+00:00,58.75,57.75,58.75,57.5,24,510,1020,,10840,3434,4040,2999,15.3,1728
1509.7,2026-08-02T00:38:36.218264+00:00,58.718,57.843,58.718,57.625,24,408,1020,,10680,3354,4000,2999,15.2,1728
1510.7,2026-08-02T00:38:37.223992+00:00,58.5,57.906,58.5,57.625,28,408,1020,,10600,3314,4000,2999,15.3,1728
1511.7,2026-08-02T00:38:38.229893+00:00,58.531,57.875,58.531,57.531,30,408,1020,,10520,3234,3960,2999,15.2,1728
1512.7,2026-08-02T00:38:39.235770+00:00,58.5,57.718,58.5,57.593,30,408,1020,,10536,3194,3960,2999,15.2,1728
1513.7,2026-08-02T00:38:40.241636+00:00,58.5,57.75,58.5,57.593,30,408,1020,,10456,3154,3960,2999,15.0,1728
1514.7,2026-08-02T00:38:41.247365+00:00,58.5,57.781,58.5,57.593,30,408,1020,,10416,3154,3920,2999,15.7,1728
1515.8,2026-08-02T00:38:42.253183+00:00,58.687,58.093,58.687,57.5,30,408,1020,,10256,3115,3920,2999,15.2,1728
1516.8,2026-08-02T00:38:43.258905+00:00,58.656,57.843,58.656,57.406,30,408,1020,,10216,3035,3880,2999,15.3,1728
1517.8,2026-08-02T00:38:44.264772+00:00,58.656,57.718,58.656,57.562,30,408,1020,,10136,2995,3880,2999,15.2,1728
1518.8,2026-08-02T00:38:45.270544+00:00,58.593,57.75,58.593,57.593,29,408,1020,,10136,2955,3880,2999,15.5,1728
1519.8,2026-08-02T00:38:46.276357+00:00,58.625,57.843,58.625,57.75,29,408,1020,,10056,2960,3880,2999,15.0,1728
1520.8,2026-08-02T00:38:47.282198+00:00,58.5,57.968,58.5,57.437,30,408,1020,,10016,2960,3840,2999,15.2,1728
1521.8,2026-08-02T00:38:48.288072+00:00,58.468,57.781,58.468,57.437,30,408,1020,,9975,2920,3846,2999,15.2,1728
1522.8,2026-08-02T00:38:49.293897+00:00,58.531,57.687,58.531,57.593,29,408,1020,,9975,2960,3846,2999,15.3,1728
1523.8,2026-08-02T00:38:50.299816+00:00,58.5,57.781,58.5,57.562,28,408,1020,,9895,2840,3806,2999,15.2,1728
1524.8,2026-08-02T00:38:51.305694+00:00,58.5,57.968,58.5,57.687,30,408,1020,,9855,2880,3806,2999,15.3,1728
1525.8,2026-08-02T00:38:52.311501+00:00,58.687,58,58.687,57.562,30,408,1020,,9775,2800,3806,2999,15.3,1728
1526.8,2026-08-02T00:38:53.317325+00:00,58.781,57.968,58.781,57.5,30,408,1020,,9735,2760,3806,2999,15.2,1728
1527.8,2026-08-02T00:38:54.323238+00:00,58.718,57.812,58.718,57.5,28,408,1020,,9695,2720,3766,2999,15.5,1728
1528.8,2026-08-02T00:38:55.328990+00:00,58.718,57.75,58.718,57.687,30,408,1020,,9615,2720,3766,2999,15.5,1728
1529.8,2026-08-02T00:38:56.334755+00:00,58.718,58,58.718,57.562,34,306,1020,,9615,2680,3766,2999,15.2,1728
1530.8,2026-08-02T00:38:57.340545+00:00,58.437,58.062,58.437,57.468,37,306,1020,,9495,2640,3725,2999,15.0,1728
1531.8,2026-08-02T00:38:58.346422+00:00,58.468,58.031,58.468,57.593,37,306,1020,,9495,2640,3725,2999,15.5,1728
1532.8,2026-08-02T00:38:59.352199+00:00,58.468,57.875,58.468,57.687,40,306,1020,,9455,2600,3725,2999,15.3,1728
1533.9,2026-08-02T00:39:00.358017+00:00,58.468,57.75,58.468,57.656,40,306,1020,,9430,2560,3725,2999,15.3,1728
1534.9,2026-08-02T00:39:01.363934+00:00,58.312,57.875,58.312,57.531,39,306,1020,,9349,2520,3725,2999,15.2,1728
1535.9,2026-08-02T00:39:02.370016+00:00,58.312,58,58.312,57.437,40,306,1020,,9349,2560,3685,2999,15.5,1728
1536.9,2026-08-02T00:39:03.375694+00:00,58.312,57.718,58.312,57.562,40,306,1020,,9309,2520,3685,2999,15.5,1728
1537.9,2026-08-02T00:39:04.381601+00:00,58.375,57.812,58.375,57.531,40,306,1020,,9269,2480,3685,2999,15.3,1728
1538.9,2026-08-02T00:39:05.387338+00:00,58.312,57.875,58.312,57.5,40,306,1020,,9229,2483,3645,2999,15.3,1728
1539.9,2026-08-02T00:39:06.393091+00:00,58.375,57.875,58.375,57.468,40,306,1020,,9149,2400,3645,2999,15.3,1728
1540.9,2026-08-02T00:39:07.399086+00:00,58.437,58.062,58.437,57.468,37,306,1020,,9109,2363,3645,2999,15.2,1728
1541.9,2026-08-02T00:39:08.404764+00:00,58.531,57.718,58.531,57.562,37,306,1020,,9068,2363,3645,2999,15.5,1728
1542.9,2026-08-02T00:39:09.410569+00:00,58.531,57.906,58.531,57.593,39,306,1020,,9109,2363,3645,2999,15.0,1728
1543.9,2026-08-02T00:39:10.416380+00:00,58.5,57.875,58.5,57.437,40,306,1020,,9068,2363,3645,2999,15.0,1728
1544.9,2026-08-02T00:39:11.422128+00:00,58.5,57.875,58.5,57.562,40,306,1020,,9068,2363,3645,2999,15.3,1728
1545.9,2026-08-02T00:39:12.427772+00:00,58.343,57.968,58.343,57.437,40,306,1020,,9068,2323,3645,2999,15.2,1728
1546.9,2026-08-02T00:39:13.433893+00:00,58.437,57.75,58.437,57.625,30,306,1020,,9068,2363,3645,2999,15.7,1728
1547.9,2026-08-02T00:39:14.439866+00:00,58.562,57.812,58.562,57.687,77,306,1020,,9109,2363,3645,2999,15.2,1728
1548.9,2026-08-02T00:39:15.446295+00:00,58.625,57.968,58.625,57.468,92,714,1020,,9229,2440,3685,2999,15.2,1728
1549.9,2026-08-02T00:39:16.452307+00:00,59.031,57.781,59.031,57.437,99,714,1020,,9575,2640,3766,2999,15.0,1113
1551.0,2026-08-02T00:39:17.458203+00:00,59.343,57.906,59.343,57.5,99,714,1020,,10016,2920,3880,2999,14.8,1420
1552.0,2026-08-02T00:39:18.464166+00:00,59.312,57.968,59.312,57.656,99,714,1020,,9655,2640,3806,2999,15.2,1574
1553.0,2026-08-02T00:39:19.470415+00:00,59.468,57.968,59.468,57.5,99,714,1020,,10176,2915,3920,2999,15.2,1728
1554.0,2026-08-02T00:39:20.477299+00:00,59.437,58.187,59.437,57.5,83,1020,1020,,10616,3234,4000,2999,15.5,1728
1555.0,2026-08-02T00:39:21.483202+00:00,59.593,58.031,59.593,57.593,99,1020,1020,,10800,3354,4080,2999,14.8,1036
1556.0,2026-08-02T00:39:22.489447+00:00,59.687,58.031,59.687,57.625,99,1020,1020,,11120,3588,4120,2999,15.2,806
1557.0,2026-08-02T00:39:23.497857+00:00,59.75,58.031,59.75,57.562,40,612,1020,,11360,3787,4153,2999,15.5,1651
1558.0,2026-08-02T00:39:24.502852+00:00,59.625,58.218,59.625,57.5,28,612,1020,,11280,3628,4153,2999,15.2,1574
1559.0,2026-08-02T00:39:25.508685+00:00,59.531,58.281,59.531,57.531,47,612,1020,,11360,3708,4153,2999,15.8,1728
1560.0,2026-08-02T00:39:26.514657+00:00,59.125,58.031,59.125,57.562,41,612,1020,,11280,3628,4113,2999,15.5,1728
1561.0,2026-08-02T00:39:27.520538+00:00,58.968,58.125,58.968,57.718,39,510,1020,,11360,3787,4153,2999,15.5,1728
1562.0,2026-08-02T00:39:28.526488+00:00,58.906,58.343,58.906,57.5,24,510,1020,,11080,3634,4120,2999,15.5,1728
1563.0,2026-08-02T00:39:29.532441+00:00,58.875,58.062,58.875,57.531,24,510,1020,,11000,3474,4040,2999,15.0,1728
1564.0,2026-08-02T00:39:30.537676+00:00,58.843,58.062,58.843,57.562,23,510,1020,,10920,3474,4080,2999,15.2,1728
1565.0,2026-08-02T00:39:31.543358+00:00,58.812,58.125,58.812,57.562,41,510,1020,,10680,3154,4080,2999,14.7,1728
1566.0,2026-08-02T00:39:32.549539+00:00,58.781,58.125,58.781,57.656,23,510,1020,,11040,3474,4120,2999,15.0,1728
1567.1,2026-08-02T00:39:33.555372+00:00,58.75,57.937,58.75,57.5,22,510,1020,,11040,3508,4073,2999,15.2,1728
1568.1,2026-08-02T00:39:34.561309+00:00,58.687,58.125,58.687,57.593,24,510,1020,,10960,3514,4080,2999,15.3,1728
1569.1,2026-08-02T00:39:35.567079+00:00,58.718,57.781,58.718,57.562,24,510,1020,,10880,3474,4080,2999,15.0,1728
1570.1,2026-08-02T00:39:36.572663+00:00,58.718,57.875,58.906,57.625,23,510,1020,,10840,3474,4040,2999,15.3,1728
1571.1,2026-08-02T00:39:37.578558+00:00,58.875,57.937,58.875,57.593,24,510,1020,,10680,3354,4000,2999,15.5,1728
1572.1,2026-08-02T00:39:38.584392+00:00,58.875,57.968,58.875,57.531,30,408,1020,,10640,3314,3960,2999,15.5,1728
1573.1,2026-08-02T00:39:39.590337+00:00,58.843,58.062,58.843,57.531,30,408,1020,,10480,3234,3960,2999,15.2,1728
1574.1,2026-08-02T00:39:40.596140+00:00,58.843,57.781,58.843,57.625,29,408,1020,,10496,3234,3920,2999,15.5,1728
1575.1,2026-08-02T00:39:41.601959+00:00,58.906,57.843,58.906,57.656,30,408,1020,,10336,3154,3920,2999,15.5,1728
1576.1,2026-08-02T00:39:42.607712+00:00,58.562,57.968,58.562,57.562,30,408,1020,,10256,3075,3880,2999,15.5,1728
1577.1,2026-08-02T00:39:43.613604+00:00,58.593,57.968,58.593,57.531,29,408,1020,,10176,3035,3880,2999,15.3,1728
1578.1,2026-08-02T00:39:44.619684+00:00,58.562,57.75,58.562,57.656,31,408,1020,,10136,2995,3880,2999,15.0,1728
1579.1,2026-08-02T00:39:45.625204+00:00,58.656,57.781,58.656,57.687,30,408,1020,,10056,2960,3840,2999,14.8,1728
1580.1,2026-08-02T00:39:46.630970+00:00,58.531,57.937,58.531,57.687,30,408,1020,,10016,2960,3840,2999,15.3,1728
1581.1,2026-08-02T00:39:47.636966+00:00,58.875,58,58.875,57.593,30,408,1020,,9975,2920,3846,2999,15.0,1728
1582.1,2026-08-02T00:39:48.642608+00:00,58.906,57.937,58.906,57.593,29,408,1020,,9975,2920,3846,2999,15.2,1728
1583.1,2026-08-02T00:39:49.648496+00:00,58.968,57.75,58.968,57.531,30,408,1020,,9975,2880,3840,2999,15.3,1728
1584.2,2026-08-02T00:39:50.654504+00:00,58.5,57.843,58.5,57.687,28,408,1020,,9895,2880,3806,2999,15.3,1728
1585.2,2026-08-02T00:39:51.660299+00:00,58.5,57.812,58.5,57.75,30,408,1020,,9815,2800,3806,2999,15.5,1728
1586.2,2026-08-02T00:39:52.665979+00:00,58.562,57.937,58.562,57.531,30,408,1020,,9775,2800,3806,2999,15.8,1728
1587.2,2026-08-02T00:39:53.671753+00:00,58.593,57.906,58.593,57.531,29,408,1020,,9695,2800,3766,2999,15.0,1728
1588.2,2026-08-02T00:39:54.677580+00:00,58.531,57.75,58.531,57.593,30,408,1020,,9655,2760,3766,2999,15.7,1728
1589.2,2026-08-02T00:39:55.683217+00:00,58.625,57.843,58.625,57.718,30,306,1020,,9575,2680,3766,2999,15.5,1728
1590.2,2026-08-02T00:39:56.689000+00:00,58.531,57.781,58.531,57.75,37,306,1020,,9535,2640,3725,2999,15.0,1728
1591.2,2026-08-02T00:39:57.694802+00:00,58.656,58.062,58.656,57.562,34,306,1020,,9495,2640,3725,2999,15.5,1728
1592.2,2026-08-02T00:39:58.700570+00:00,58.468,57.718,58.468,57.562,40,306,1020,,9455,2640,3725,2999,15.5,1728
1593.2,2026-08-02T00:39:59.706395+00:00,58.468,57.812,58.468,57.656,40,306,1020,,9455,2600,3725,2999,15.2,1728
1594.2,2026-08-02T00:40:00.712048+00:00,58.468,57.812,58.468,57.718,40,306,1020,,9430,2560,3685,2999,15.7,1728
1595.2,2026-08-02T00:40:01.717910+00:00,58.468,57.843,58.468,57.531,37,306,1020,,9349,2520,3685,2999,15.0,1728
1596.2,2026-08-02T00:40:02.723709+00:00,58.375,58.093,58.375,57.593,40,306,1020,,9309,2520,3685,2999,15.5,1728
1597.2,2026-08-02T00:40:03.729462+00:00,58.5,57.75,58.5,57.593,40,306,1020,,9309,2483,3685,2999,15.0,1728
1598.2,2026-08-02T00:40:04.735200+00:00,58.625,57.781,58.625,57.687,40,306,1020,,9309,2480,3685,2999,15.5,1728
1599.2,2026-08-02T00:40:05.740930+00:00,58.625,57.781,58.625,57.75,37,306,1020,,9229,2440,3685,2999,15.0,1728
1600.2,2026-08-02T00:40:06.746697+00:00,58.625,57.812,58.625,57.625,38,306,1020,,9229,2440,3685,2999,15.5,1728
1601.3,2026-08-02T00:40:07.752537+00:00,58.687,58.062,58.687,57.531,40,306,1020,,9189,2400,3685,2999,15.2,1728
1602.3,2026-08-02T00:40:08.758404+00:00,58.625,57.75,58.625,57.625,40,306,1020,,9189,2400,3685,2999,15.2,1728
1603.3,2026-08-02T00:40:09.764354+00:00,58.5,57.75,58.5,57.531,40,306,1020,,9149,2403,3645,2999,15.7,1728
1604.3,2026-08-02T00:40:10.770172+00:00,58.531,57.843,58.531,57.687,37,306,1020,,9109,2403,3645,2999,15.5,1728
1605.3,2026-08-02T00:40:11.776025+00:00,58.468,58,58.468,57.5,38,306,1020,,9068,2363,3645,2999,15.2,1728
1606.3,2026-08-02T00:40:12.782127+00:00,58.468,58.062,58.468,57.625,40,306,1020,,9068,2323,3645,2999,15.2,1728
1607.3,2026-08-02T00:40:13.788027+00:00,58.437,57.718,58.437,57.625,40,306,1020,,9068,2363,3645,2999,15.5,1728
1608.3,2026-08-02T00:40:14.793933+00:00,58.843,57.812,58.843,57.656,40,306,1020,,9068,2323,3645,2999,15.3,1728
1609.3,2026-08-02T00:40:15.799806+00:00,58.5,57.937,58.5,57.75,35,306,1020,,9109,2403,3645,2999,15.2,1728
1610.3,2026-08-02T00:40:16.805592+00:00,58.625,58.062,58.625,57.531,99,306,1020,,9349,2520,3725,2999,14.7,1728
1611.3,2026-08-02T00:40:17.811816+00:00,58.781,57.843,58.781,57.593,99,714,1020,,9415,2560,3766,2999,15.2,1420
1612.3,2026-08-02T00:40:18.817837+00:00,59.093,57.875,59.093,57.656,99,714,1020,,10056,2955,3880,2999,14.7,883
1613.3,2026-08-02T00:40:19.824166+00:00,59.625,58.125,59.625,57.625,90,1020,1020,,10697,3234,4040,2999,15.7,1267
1614.3,2026-08-02T00:40:20.829881+00:00,59.906,58.218,59.906,57.531,99,1020,1020,,11360,3787,4153,2999,15.0,883
1615.3,2026-08-02T00:40:21.835851+00:00,59.593,58.156,59.593,57.593,96,1020,1020,,11320,3668,4153,2999,15.3,1574
1616.3,2026-08-02T00:40:22.841948+00:00,59.312,57.906,59.312,57.656,37,612,1020,,11360,3708,4153,2999,15.5,1651
1617.3,2026-08-02T00:40:23.847790+00:00,59,57.937,59,57.687,38,612,1020,,11400,3747,4153,2999,15.3,1574
1618.4,2026-08-02T00:40:24.853691+00:00,59.031,58.093,59.031,57.625,42,612,1020,,11240,3588,4153,2999,15.5,1728
1619.4,2026-08-02T00:40:25.859385+00:00,59,57.937,59,57.656,46,612,1020,,11240,3628,4153,2999,15.3,1728
1620.4,2026-08-02T00:40:26.865419+00:00,58.906,58.125,58.906,57.625,46,612,1020,,11240,3548,4113,2999,15.2,1728
1621.4,2026-08-02T00:40:27.871282+00:00,58.937,57.875,58.937,57.562,26,510,1020,,11280,3668,4113,2999,15.3,1728
1622.4,2026-08-02T00:40:28.877337+00:00,59,57.875,59,57.593,24,510,1020,,11160,3588,4073,2999,15.3,1728
1623.4,2026-08-02T00:40:29.883025+00:00,59,58,59,57.656,24,510,1020,,10960,3468,4080,2999,15.2,1728
1624.4,2026-08-02T00:40:30.889037+00:00,58.968,57.937,58.968,57.531,24,510,1020,,11000,3554,4040,2999,15.5,1728
1625.4,2026-08-02T00:40:31.894891+00:00,58.968,58.093,58.968,57.531,22,510,1020,,10720,3354,4000,2999,15.2,1728
1626.4,2026-08-02T00:40:32.900905+00:00,58.937,57.75,58.937,57.656,24,510,1020,,10720,3394,4000,2999,15.2,1728
1627.4,2026-08-02T00:40:33.906581+00:00,58.687,57.968,58.687,57.656,25,408,1020,,10680,3434,3960,2998,20.0,1728
1628.4,2026-08-02T00:40:34.912685+00:00,58.656,58,58.656,57.531,29,408,1020,,10456,3194,3960,2998,15.2,1728
1629.4,2026-08-02T00:40:35.918225+00:00,58.656,58.031,58.656,57.625,28,408,1020,,10456,3234,3960,2998,15.3,1728
1630.4,2026-08-02T00:40:36.924169+00:00,58.562,58.062,58.562,57.625,30,408,1020,,10336,3154,3920,2999,15.5,1728
1631.4,2026-08-02T00:40:37.929920+00:00,58.687,57.781,58.687,57.625,30,408,1020,,10296,3075,3880,2999,15.3,1728
1632.4,2026-08-02T00:40:38.935786+00:00,58.593,57.968,58.968,57.75,30,408,1020,,10136,3035,3880,2999,15.3,1728
1633.4,2026-08-02T00:40:39.941547+00:00,59.031,57.906,59.031,57.562,28,408,1020,,10056,2955,3880,2999,15.5,1728
1634.4,2026-08-02T00:40:40.947587+00:00,58.5,57.937,58.5,57.468,30,408,1020,,10016,2960,3840,2999,15.5,1728
1635.5,2026-08-02T00:40:41.953175+00:00,58.468,57.968,58.468,57.562,30,408,1020,,9975,2920,3840,2999,15.3,1728
1636.5,2026-08-02T00:40:42.958944+00:00,58.5,57.75,58.5,57.687,30,408,1020,,9855,2840,3806,2999,15.3,1728
1637.5,2026-08-02T00:40:43.965049+00:00,58.468,57.812,58.468,57.75,30,408,1020,,9815,2800,3806,2999,15.2,1728
1638.5,2026-08-02T00:40:44.970937+00:00,58.656,57.968,58.656,57.562,30,408,1020,,9775,2800,3806,2999,15.3,1728
1639.5,2026-08-02T00:40:45.976580+00:00,58.593,57.906,58.593,57.531,30,408,1020,,9735,2800,3806,2999,15.2,1728
1640.5,2026-08-02T00:40:46.982378+00:00,58.593,57.937,58.593,57.593,29,408,1020,,9775,2800,3766,2999,15.3,1728
1641.5,2026-08-02T00:40:47.988179+00:00,58.531,57.718,58.531,57.687,28,408,1020,,9615,2720,3766,2999,15.2,1728
1642.5,2026-08-02T00:40:48.994028+00:00,58.656,57.843,58.656,57.656,29,408,1020,,9655,2720,3766,2999,15.3,1728
1643.5,2026-08-02T00:40:50.000046+00:00,58.468,57.968,58.468,57.531,30,306,1020,,9535,2680,3725,2999,15.7,1728
1644.5,2026-08-02T00:40:51.005588+00:00,58.468,57.906,58.468,57.562,37,306,1020,,9495,2640,3725,2999,15.2,1728
1645.5,2026-08-02T00:40:52.011747+00:00,58.437,57.781,58.437,57.562,40,306,1020,,9415,2600,3725,2999,15.7,1728
1646.5,2026-08-02T00:40:53.017625+00:00,58.375,57.781,58.375,57.593,40,306,1020,,9349,2560,3725,2999,15.2,1728
1647.5,2026-08-02T00:40:54.023448+00:00,58.468,57.843,58.468,57.75,39,306,1020,,9349,2560,3685,2999,15.3,1728
1648.5,2026-08-02T00:40:55.029338+00:00,58.687,57.937,58.687,57.468,40,306,1020,,9349,2560,3685,2999,15.5,1728
1649.5,2026-08-02T00:40:56.034843+00:00,58.625,57.718,58.625,57.5,40,306,1020,,9309,2480,3685,2999,15.5,1728
1650.5,2026-08-02T00:40:57.040535+00:00,58.687,57.75,58.687,57.468,40,306,1020,,9269,2480,3685,2999,15.2,1728
1651.5,2026-08-02T00:40:58.046481+00:00,58.656,57.75,58.656,57.625,40,306,1020,,9229,2440,3685,2999,15.3,1728
1652.6,2026-08-02T00:40:59.052238+00:00,58.656,57.781,58.656,57.562,37,306,1020,,9229,2440,3685,2999,15.7,1728
1653.6,2026-08-02T00:41:00.058099+00:00,58.718,58.031,58.718,57.5,40,306,1020,,9149,2443,3645,2999,15.0,1728
1654.6,2026-08-02T00:41:01.063985+00:00,58.5,57.718,58.5,57.593,39,306,1020,,9149,2400,3645,2999,15.7,1728
1655.6,2026-08-02T00:41:02.070065+00:00,58.406,57.75,58.406,57.5,39,306,1020,,9068,2363,3645,2999,14.8,1728
1656.6,2026-08-02T00:41:03.075892+00:00,58.468,57.781,58.468,57.656,40,306,1020,,9109,2400,3645,2999,15.3,1728
1657.6,2026-08-02T00:41:04.081781+00:00,58.468,57.906,58.468,57.5,40,306,1020,,9068,2363,3645,2999,15.2,1728
1658.6,2026-08-02T00:41:05.087215+00:00,58.312,57.906,58.312,57.531,40,306,1020,,9028,2323,3645,2999,15.2,1728
1659.6,2026-08-02T00:41:06.093419+00:00,58.406,57.718,58.406,57.593,22,306,1020,,9068,2363,3645,2999,15.7,1728
1660.6,2026-08-02T00:41:07.099286+00:00,58.593,57.812,58.593,57.5,99,306,1020,,9269,2440,3685,2999,15.2,1728
1661.6,2026-08-02T00:41:08.105307+00:00,58.687,57.812,58.687,57.625,99,306,1020,,9349,2480,3685,2999,14.8,1651
1662.6,2026-08-02T00:41:09.111289+00:00,58.906,58.218,58.906,57.468,99,714,1020,,9575,2680,3766,2999,15.3,1497
1663.6,2026-08-02T00:41:10.117307+00:00,58.937,57.875,58.937,57.5,99,714,1020,,9855,2760,3846,2999,14.7,883
1664.6,2026-08-02T00:41:11.123434+00:00,59.375,57.781,59.375,57.687,99,714,1020,,10136,2955,3880,2999,15.7,1728
1665.6,2026-08-02T00:41:12.129372+00:00,59.281,57.781,59.281,57.656,99,714,1020,,10176,2875,3920,2999,15.2,1728
1666.6,2026-08-02T00:41:13.136042+00:00,59.781,58.062,59.781,57.468,99,1020,1020,,10960,3474,4040,2999,15.0,1190
1667.6,2026-08-02T00:41:14.141980+00:00,59.687,58.281,59.687,57.562,99,1020,1020,,11200,3588,4153,2999,15.2,729
1668.6,2026-08-02T00:41:15.147924+00:00,59.312,57.937,59.312,57.593,54,612,1020,,11360,3787,4153,2999,15.7,1651
1669.7,2026-08-02T00:41:16.154033+00:00,59.156,57.843,59.156,57.593,29,612,1020,,11280,3668,4153,2999,15.3,1574
1670.7,2026-08-02T00:41:17.160013+00:00,59,57.968,59,57.75,29,612,1020,,11280,3668,4153,2999,15.3,1574
1671.7,2026-08-02T00:41:18.165933+00:00,59,57.937,59,57.593,48,612,1020,,11280,3708,4153,2999,15.0,1728
1672.7,2026-08-02T00:41:19.171771+00:00,58.968,58.125,58.968,57.5,49,510,1020,,11280,3668,4113,2999,15.5,1728
1673.7,2026-08-02T00:41:20.177778+00:00,58.968,57.75,58.968,57.625,23,510,1020,,11080,3548,4120,2999,15.2,1728
1674.7,2026-08-02T00:41:21.183595+00:00,58.968,57.843,58.968,57.593,24,510,1020,,11040,3514,4080,2999,15.5,1728
1675.7,2026-08-02T00:41:22.189537+00:00,59,57.906,59,57.656,22,510,1020,,10840,3474,4040,2999,15.3,1728
1676.7,2026-08-02T00:41:23.195476+00:00,58.937,57.875,58.937,57.562,24,408,1020,,10680,3354,4000,2999,15.7,1728
1677.7,2026-08-02T00:41:24.201368+00:00,58.968,57.937,58.968,57.531,24,408,1020,,10640,3354,4000,2999,15.7,1728
1678.7,2026-08-02T00:41:25.207281+00:00,58.687,57.781,58.687,57.593,30,408,1020,,10496,3194,3960,2999,15.7,1728
1679.7,2026-08-02T00:41:26.213132+00:00,58.562,57.843,58.562,57.625,28,408,1020,,10376,3154,3960,2999,15.2,1728
1680.7,2026-08-02T00:41:27.218959+00:00,58.593,57.843,58.593,57.5,30,408,1020,,10376,3194,3920,2999,15.3,1728
1681.7,2026-08-02T00:41:28.224960+00:00,58.656,57.875,58.656,57.5,30,408,1020,,10256,3115,3920,2999,15.3,1728
1682.7,2026-08-02T00:41:29.230804+00:00,58.687,58,58.687,57.625,30,408,1020,,10296,3075,3920,2999,15.0,1728
1683.7,2026-08-02T00:41:30.236772+00:00,58.437,57.718,58.437,57.531,30,408,1020,,10216,3035,3880,2999,15.2,1728
1684.7,2026-08-02T00:41:31.242601+00:00,58.5,57.906,58.5,57.562,30,408,1020,,10176,3035,3880,2999,15.2,1728
1685.7,2026-08-02T00:41:32.248451+00:00,58.437,57.843,58.437,57.625,30,408,1020,,10136,3035,3880,2999,15.0,1728
1686.8,2026-08-02T00:41:33.254436+00:00,58.468,57.843,58.468,57.562,28,408,1020,,10096,2995,3880,2999,15.3,1728
1687.8,2026-08-02T00:41:34.260327+00:00,58.437,57.875,58.437,57.625,30,408,1020,,10056,3000,3840,2999,15.5,1728
1688.8,2026-08-02T00:41:35.266158+00:00,58.5,57.781,58.5,57.625,30,408,1020,,9895,2880,3846,2999,15.2,1728
1689.8,2026-08-02T00:41:36.272165+00:00,58.593,57.812,58.593,57.687,30,408,1020,,9935,2880,3846,2999,15.5,1728
1690.8,2026-08-02T00:41:37.278283+00:00,58.593,57.937,58.593,57.468,28,408,1020,,9895,2840,3806,2999,15.0,1728
1691.8,2026-08-02T00:41:38.284427+00:00,58.687,57.937,58.687,57.531,30,408,1020,,9815,2840,3806,2999,15.5,1728
1692.8,2026-08-02T00:41:39.290626+00:00,58.562,57.875,58.562,57.593,30,408,1020,,9735,2800,3806,2999,15.3,1728
1693.8,2026-08-02T00:41:40.296676+00:00,58.406,57.843,58.406,57.562,29,408,1020,,9775,2800,3766,2999,15.0,1728
1694.8,2026-08-02T00:41:41.302452+00:00,58.531,57.812,58.531,57.656,30,408,1020,,9655,2720,3766,2999,15.2,1728
1695.8,2026-08-02T00:41:42.308337+00:00,58.437,58.031,58.437,57.468,30,408,1020,,9655,2720,3766,2999,15.3,1728
1696.8,2026-08-02T00:41:43.314291+00:00,58.406,57.781,58.406,57.531,38,306,1020,,9535,2680,3766,2999,15.3,1728
1697.8,2026-08-02T00:41:44.320102+00:00,58.343,57.875,58.343,57.625,38,306,1020,,9535,2640,3725,2999,15.7,1728
1698.8,2026-08-02T00:41:45.326103+00:00,58.5,57.75,58.687,57.5,37,306,1020,,9470,2600,3725,2999,15.3,1728
1699.8,2026-08-02T00:41:46.331845+00:00,58.656,57.781,58.656,57.5,40,306,1020,,9430,2600,3725,2999,15.5,1728
1700.8,2026-08-02T00:41:47.337669+00:00,58.625,57.968,58.625,57.562,40,306,1020,,9389,2560,3725,2999,15.0,1728
1701.8,2026-08-02T00:41:48.343633+00:00,58.687,58.031,58.687,57.5,40,306,1020,,9349,2520,3685,2999,15.0,1728
1702.8,2026-08-02T00:41:49.349518+00:00,58.718,57.781,58.718,57.562,37,306,1020,,9349,2520,3685,2999,15.5,1728
1703.9,2026-08-02T00:41:50.355421+00:00,58.75,57.75,58.75,57.593,40,306,1020,,9309,2480,3685,2999,15.3,1728
1704.9,2026-08-02T00:41:51.361201+00:00,58.437,57.937,58.437,57.656,40,306,1020,,9269,2480,3685,2999,15.7,1728
1705.9,2026-08-02T00:41:52.366986+00:00,58.5,57.968,58.5,57.531,40,306,1020,,9229,2480,3685,2999,15.3,1728
1706.9,2026-08-02T00:41:53.372677+00:00,58.437,58.093,58.437,57.468,40,306,1020,,9229,2480,3685,2999,15.3,1728
1707.9,2026-08-02T00:41:54.378542+00:00,58.468,57.781,58.468,57.5,40,306,1020,,9189,2400,3645,2999,15.7,1728
1708.9,2026-08-02T00:41:55.384325+00:00,58.437,57.75,58.437,57.531,40,306,1020,,9149,2403,3645,2999,15.3,1728
1709.9,2026-08-02T00:41:56.390090+00:00,58.5,57.968,58.5,57.625,39,306,1020,,9109,2363,3645,2999,15.0,1728
1710.9,2026-08-02T00:41:57.396170+00:00,58.468,57.843,58.468,57.468,40,306,1020,,9109,2363,3645,3000,15.5,1728
1711.9,2026-08-02T00:41:58.401682+00:00,58.25,58.093,58.25,57.5,40,306,1020,,9068,2363,3645,3000,15.3,1728
1712.9,2026-08-02T00:41:59.407502+00:00,58.375,57.781,58.375,57.625,36,306,1020,,9028,2363,3645,3000,15.7,1728
1713.9,2026-08-02T00:42:00.413140+00:00,58.406,57.843,58.406,57.593,52,306,1020,,9068,2363,3645,3000,15.2,1728
1714.9,2026-08-02T00:42:01.419229+00:00,58.531,57.906,58.531,57.625,95,714,1020,,9269,2480,3685,3000,15.3,1728
1715.9,2026-08-02T00:42:02.425478+00:00,58.781,57.812,58.781,57.5,99,714,1020,,9455,2560,3766,3000,15.0,1267
1716.9,2026-08-02T00:42:03.432067+00:00,59.093,58.093,59.093,57.5,99,714,1020,,9575,2640,3806,3000,15.0,1036
1717.9,2026-08-02T00:42:04.438144+00:00,59.375,57.843,59.375,57.625,99,714,1020,,10056,2920,3920,3000,15.2,806
1718.9,2026-08-02T00:42:05.443982+00:00,59.468,58.031,59.468,57.718,99,714,1020,,10256,3035,3960,3000,15.2,1728
1719.9,2026-08-02T00:42:06.451918+00:00,59.562,58.156,59.562,57.593,89,1020,1020,,10536,3234,4000,3000,15.5,1728
1721.0,2026-08-02T00:42:07.456277+00:00,59.75,58.062,59.75,57.5,99,1020,1020,,11160,3674,4113,3000,15.2,960
1722.0,2026-08-02T00:42:08.462227+00:00,59.625,57.968,59.625,57.656,99,1020,1020,,11280,3708,4153,3000,15.0,883
1723.0,2026-08-02T00:42:09.468281+00:00,59.281,57.906,59.281,57.531,50,612,1020,,11520,3867,4153,3000,15.5,1651
1724.0,2026-08-02T00:42:10.474485+00:00,59.187,57.968,59.187,57.687,33,612,1020,,11240,3668,4153,3000,15.3,1574
1725.0,2026-08-02T00:42:11.480334+00:00,59.312,58.093,59.312,57.5,44,612,1020,,11400,3708,4153,3000,15.5,1728
1726.0,2026-08-02T00:42:12.486228+00:00,59.281,57.937,59.281,57.5,48,612,1020,,11200,3668,4113,3000,15.0,1728
1727.0,2026-08-02T00:42:13.492285+00:00,59.062,57.75,59.062,57.5,24,510,1020,,11200,3628,4113,3000,15.7,1728
1728.0,2026-08-02T00:42:14.498101+00:00,59.031,57.937,59.031,57.656,23,510,1020,,10960,3508,4080,3000,15.2,1728
1729.0,2026-08-02T00:42:15.504106+00:00,59.062,57.906,59.062,57.656,24,510,1020,,10960,3474,4080,3000,15.3,1728
1730.0,2026-08-02T00:42:16.509925+00:00,59.031,57.937,59.031,57.5,24,510,1020,,10760,3394,4040,3000,15.2,1728
1731.0,2026-08-02T00:42:17.516003+00:00,58.75,57.812,58.75,57.5,23,510,1020,,10760,3394,4000,3000,15.3,1728
1732.0,2026-08-02T00:42:18.522212+00:00,58.781,57.843,58.781,57.656,22,408,1020,,10640,3314,4000,3000,15.2,1728
1733.0,2026-08-02T00:42:19.528297+00:00,58.687,57.875,58.687,57.718,27,408,1020,,10697,3314,4000,3000,15.3,1728
1734.0,2026-08-02T00:42:20.534287+00:00,58.718,58.125,58.718,57.562,27,408,1020,,10520,3234,4000,3000,15.2,1728
1735.0,2026-08-02T00:42:21.540137+00:00,58.625,58.031,58.625,57.593,28,408,1020,,10616,3234,3960,3000,15.5,1728
1736.0,2026-08-02T00:42:22.546019+00:00,58.531,57.875,58.531,57.562,30,408,1020,,10376,3154,3920,3000,15.5,1728
1737.0,2026-08-02T00:42:23.552163+00:00,58.5,57.812,58.5,57.625,30,408,1020,,10296,3075,3880,3000,15.5,1728
1738.1,2026-08-02T00:42:24.557959+00:00,58.5,57.968,58.5,57.75,30,408,1020,,10136,2995,3880,3000,15.5,1728
1739.1,2026-08-02T00:42:25.563727+00:00,58.468,58.093,58.468,57.531,30,408,1020,,10056,2960,3840,3000,15.3,1728
1740.1,2026-08-02T00:42:26.569836+00:00,58.656,57.906,58.656,57.593,30,408,1020,,9975,2880,3846,3000,15.3,1728
1741.1,2026-08-02T00:42:27.575496+00:00,58.687,57.75,58.687,57.593,28,408,1020,,9895,2880,3806,3000,15.3,1728
1742.1,2026-08-02T00:42:28.581369+00:00,58.656,57.812,58.656,57.687,30,408,1020,,9815,2800,3806,3000,15.3,1728
1743.1,2026-08-02T00:42:29.587151+00:00,58.656,57.906,58.656,57.75,30,408,1020,,9775,2800,3806,3000,15.7,1728
1744.1,2026-08-02T00:42:30.592924+00:00,58.718,58.031,58.718,57.531,30,408,1020,,9735,2760,3766,3000,15.3,1728
1745.1,2026-08-02T00:42:31.598911+00:00,58.75,57.843,58.75,57.656,29,408,1020,,9695,2760,3766,3000,15.3,1728
1746.1,2026-08-02T00:42:32.604445+00:00,58.718,57.781,58.5,57.562,30,408,1020,,9655,2680,3766,3000,15.3,1728
1747.1,2026-08-02T00:42:33.610328+00:00,58.437,57.875,58.437,57.625,40,306,1020,,9535,2680,3725,3000,15.3,1728
1748.1,2026-08-02T00:42:34.616111+00:00,58.468,57.906,58.468,57.718,40,306,1020,,9495,2640,3725,3000,15.5,1728
1749.1,2026-08-02T00:42:35.622180+00:00,58.437,58,58.437,57.562,39,306,1020,,9415,2600,3725,3000,15.5,1728
1750.1,2026-08-02T00:42:36.627758+00:00,58.437,58.062,58.437,57.593,37,306,1020,,9389,2560,3685,3000,15.5,1728
1751.1,2026-08-02T00:42:37.633771+00:00,58.437,57.781,58.437,57.593,40,306,1020,,9309,2480,3685,3000,15.3,1728
1752.1,2026-08-02T00:42:38.639399+00:00,58.718,57.843,58.718,57.625,39,306,1020,,9269,2480,3685,3000,15.5,1728
1753.1,2026-08-02T00:42:39.645206+00:00,58.75,57.968,58.75,57.687,40,306,1020,,9269,2440,3685,3000,15.2,1728
1754.1,2026-08-02T00:42:40.650995+00:00,58.812,58.031,58.812,57.625,39,306,1020,,9269,2480,3685,3000,15.3,1728
1755.2,2026-08-02T00:42:41.656763+00:00,58.75,58.156,58.75,57.593,40,306,1020,,9229,2440,3685,3000,15.3,1728
1756.2,2026-08-02T00:42:42.662735+00:00,58.312,57.687,58.312,57.593,40,306,1020,,9189,2403,3645,3000,15.7,1728
1757.2,2026-08-02T00:42:43.668707+00:00,58.281,57.812,58.281,57.656,41,306,1020,,9149,2363,3645,3000,15.5,1728
1758.2,2026-08-02T00:42:44.674657+00:00,58.5,57.968,58.5,57.468,37,306,1020,,9109,2363,3645,3000,15.5,1728
1759.2,2026-08-02T00:42:45.680508+00:00,58.531,58.062,58.531,57.5,39,306,1020,,9068,2363,3645,3000,15.3,1728
1760.2,2026-08-02T00:42:46.686411+00:00,58.5,57.968,58.5,57.531,40,306,1020,,8988,2283,3645,3000,14.7,1728
1761.2,2026-08-02T00:42:47.692112+00:00,58.5,57.75,58.5,57.562,40,306,1020,,9068,2363,3645,3000,15.3,1728
1762.2,2026-08-02T00:42:48.697998+00:00,58.468,57.75,58.468,57.531,18,306,1020,,9068,2323,3645,3000,15.2,1728
1763.2,2026-08-02T00:42:49.703743+00:00,58.718,57.875,58.718,57.5,39,306,1020,,9149,2400,3685,3000,15.5,1728
1764.2,2026-08-02T00:42:50.709830+00:00,58.75,58,58.75,57.562,99,714,1020,,9430,2520,3725,3000,15.2,1420
1765.2,2026-08-02T00:42:51.715705+00:00,59.093,57.937,59.093,57.562,99,714,1020,,9935,2840,3886,3000,15.0,1190
1766.2,2026-08-02T00:42:52.721607+00:00,58.906,57.906,58.906,57.625,99,714,1020,,9535,2560,3766,3000,14.8,1190
1767.2,2026-08-02T00:42:53.727663+00:00,59,58.062,59,57.625,99,714,1020,,9735,2680,3846,3000,14.8,806
1768.2,2026-08-02T00:42:54.733610+00:00,58.968,57.906,58.968,57.5,99,714,1020,,9895,2760,3886,3000,15.2,729
1769.2,2026-08-02T00:42:55.739538+00:00,59.281,58.156,59.281,57.5,99,714,1020,,9975,2760,3920,3000,15.3,729
1770.2,2026-08-02T00:42:56.745354+00:00,59.531,57.812,59.531,57.562,99,714,1020,,10216,2995,3920,3000,15.2,1728
1771.2,2026-08-02T00:42:57.751285+00:00,59.75,58.218,59.75,57.593,87,1020,1020,,10800,3354,4040,3000,15.2,1728
1772.3,2026-08-02T00:42:58.757228+00:00,60.093,58.25,60.093,57.75,99,1020,1020,,11240,3747,4153,3000,14.8,729
1773.3,2026-08-02T00:42:59.763074+00:00,59.781,58.062,59.781,57.625,66,1020,1020,,11240,3628,4153,3000,15.2,1574
1774.3,2026-08-02T00:43:00.769218+00:00,59.218,58.187,59.218,57.562,38,612,1020,,11440,3747,4153,3000,15.5,1651
1775.3,2026-08-02T00:43:01.775293+00:00,59.093,57.937,59.093,57.562,42,612,1020,,11280,3588,4153,3000,15.0,1574
1776.3,2026-08-02T00:43:02.781178+00:00,59.062,58,59.062,57.687,44,612,1020,,11440,3827,4153,3000,15.7,1728
1777.3,2026-08-02T00:43:03.787043+00:00,58.968,58.031,58.968,57.5,41,612,1020,,11200,3588,4113,3000,15.3,1728
1778.3,2026-08-02T00:43:04.792970+00:00,58.875,58,58.875,57.5,22,510,1020,,11160,3548,4113,3000,15.3,1728
1779.3,2026-08-02T00:43:05.798981+00:00,59.125,58.156,59.125,57.5,23,510,1020,,10960,3508,4080,3000,15.0,1728
1780.3,2026-08-02T00:43:06.805106+00:00,59.125,57.75,59.125,57.75,24,408,1020,,10640,3154,4080,3000,14.8,1728
1781.3,2026-08-02T00:43:07.811273+00:00,58.687,57.875,58.687,57.718,24,510,1020,,10960,3514,4080,3000,15.5,1728
1782.3,2026-08-02T00:43:08.817200+00:00,58.593,57.968,58.593,57.562,24,510,1020,,10840,3434,4040,3000,15.0,1728
1783.3,2026-08-02T00:43:09.823235+00:00,58.75,58.312,58.75,57.656,23,510,1020,,10880,3514,4040,3000,15.5,1728
1784.3,2026-08-02T00:43:10.830115+00:00,58.781,58.093,58.781,57.625,24,408,1020,,10720,3314,4000,3000,15.5,1728
1785.3,2026-08-02T00:43:11.835696+00:00,58.781,58.062,58.781,57.687,24,408,1020,,10640,3354,4000,3000,15.5,1728
1786.3,2026-08-02T00:43:12.841649+00:00,58.718,58.25,58.718,57.562,30,408,1020,,10456,3194,3960,3000,15.5,1728
1787.3,2026-08-02T00:43:13.847569+00:00,58.5,58.375,58.5,57.625,28,408,1020,,10416,3154,3960,3000,15.5,1728
1788.4,2026-08-02T00:43:14.853553+00:00,58.562,58.125,58.562,57.562,30,408,1020,,10296,3115,3920,3000,15.3,1728
1789.4,2026-08-02T00:43:15.859548+00:00,58.531,58.156,58.531,57.718,30,408,1020,,10336,3075,3920,2999,15.2,1728
1790.4,2026-08-02T00:43:16.865459+00:00,58.562,58.125,58.562,57.562,30,408,1020,,10216,3075,3920,2999,15.7,1728
1791.4,2026-08-02T00:43:17.871448+00:00,58.562,58.156,58.562,57.593,30,408,1020,,10176,3035,3880,2999,15.3,1728
1792.4,2026-08-02T00:43:18.877371+00:00,58.781,58.375,58.781,57.562,28,408,1020,,10096,2955,3880,2999,15.7,1728
1793.4,2026-08-02T00:43:19.883295+00:00,58.75,57.968,58.75,57.593,30,408,1020,,10056,2960,3840,2999,15.5,1728
1794.4,2026-08-02T00:43:20.889202+00:00,58.75,57.875,58.75,57.531,29,408,1020,,9975,2960,3846,2999,15.5,1728
1795.4,2026-08-02T00:43:21.895132+00:00,58.718,57.843,58.718,57.75,30,408,1020,,9895,2880,3846,2999,15.0,1728
1796.4,2026-08-02T00:43:22.901044+00:00,58.781,58.031,58.781,57.593,28,408,1020,,9895,2920,3806,2999,15.3,1728
1797.4,2026-08-02T00:43:23.906932+00:00,58.562,58,58.562,57.531,30,408,1020,,9815,2800,3806,2999,15.3,1728
1798.4,2026-08-02T00:43:24.912852+00:00,58.562,57.75,58.562,57.625,30,408,1020,,9815,2840,3806,2999,15.7,1728
1799.4,2026-08-02T00:43:25.918711+00:00,58.562,57.812,58.562,57.625,30,408,1020,,9655,2760,3766,2999,15.3,1728
1800.4,2026-08-02T00:43:26.924477+00:00,58.5,57.875,58.5,57.718,30,408,1020,,9655,2720,3766,2999,15.5,1728
1801.4,2026-08-02T00:43:27.930410+00:00,58.5,57.906,58.5,57.5,30,408,1020,,9615,2680,3766,2999,15.3,1728
1802.4,2026-08-02T00:43:28.936406+00:00,58.468,58,58.468,57.5,34,306,1020,,9575,2640,3725,2999,15.3,1728
1803.4,2026-08-02T00:43:29.942097+00:00,58.875,57.718,58.875,57.656,40,306,1020,,9495,2640,3725,2999,15.2,1728
1804.4,2026-08-02T00:43:30.947864+00:00,58.781,57.875,58.781,57.625,40,306,1020,,9430,2560,3725,2999,15.3,1728
1805.5,2026-08-02T00:43:31.953718+00:00,58.875,57.843,58.875,57.687,40,306,1020,,9430,2560,3725,2999,15.2,1728
1806.5,2026-08-02T00:43:32.959613+00:00,58.343,58.093,58.343,57.593,38,306,1020,,9349,2520,3685,2999,15.5,1728
1807.5,2026-08-02T00:43:33.965565+00:00,58.343,58,58.343,57.531,38,306,1020,,9349,2520,3685,2999,15.3,1728
1808.5,2026-08-02T00:43:34.971608+00:00,58.5,57.843,58.5,57.625,40,306,1020,,9349,2520,3685,2999,15.2,1728
1809.5,2026-08-02T00:43:35.977216+00:00,58.5,57.75,58.5,57.687,40,306,1020,,9269,2480,3685,2999,15.5,1728
1810.5,2026-08-02T00:43:36.983322+00:00,58.562,57.875,58.562,57.5,37,306,1020,,9229,2440,3685,3000,15.5,1728
1811.5,2026-08-02T00:43:37.988286+00:00,58.531,58.093,58.531,57.718,37,306,1020,,9189,2443,3685,3000,14.8,1728
1812.5,2026-08-02T00:43:38.994427+00:00,58.593,58.25,58.593,57.5,38,306,1020,,9028,2443,3645,3000,15.0,1728
1813.5,2026-08-02T00:43:39.999944+00:00,58.531,57.968,58.531,57.656,37,306,1020,,9068,2363,3685,3000,15.3,1728
1814.5,2026-08-02T00:43:41.006127+00:00,58.5,57.968,58.5,57.687,37,306,1020,,9068,2360,3685,3000,15.0,1728
1815.5,2026-08-02T00:43:42.011706+00:00,58.437,58.218,58.437,57.531,39,306,1020,,9149,2440,3685,3000,15.3,1728
1816.5,2026-08-02T00:43:43.017836+00:00,58.343,58,58.343,57.593,40,306,1020,,9149,2443,3645,3000,15.5,1728
1817.5,2026-08-02T00:43:44.023035+00:00,58.375,58.406,58.406,57.562,39,306,1020,,9149,2403,3645,3000,15.3,1728
1818.5,2026-08-02T00:43:45.029354+00:00,58.406,58.125,58.406,57.562,37,306,1020,,9068,2363,3645,3000,15.5,1728
1819.5,2026-08-02T00:43:46.034299+00:00,58.437,58.031,58.437,57.593,40,306,1020,,9028,2323,3645,3000,15.2,1728
1820.5,2026-08-02T00:43:47.039693+00:00,58.375,58,58.375,57.593,38,306,1020,,9068,2363,3645,3000,15.5,1728
1821.5,2026-08-02T00:43:48.045116+00:00,58.406,58.218,58.406,57.625,39,306,1020,,9068,2323,3645,3000,15.0,1728
1822.5,2026-08-02T00:43:49.050581+00:00,58.406,58.218,58.406,57.531,38,306,1020,,9028,2323,3645,3000,15.2,1728
1823.6,2026-08-02T00:43:50.056094+00:00,58.687,57.937,58.687,57.593,38,306,1020,,9028,2283,3645,3000,14.8,1728
1824.6,2026-08-02T00:43:51.061532+00:00,58.75,57.906,58.75,57.656,40,306,1020,,9028,2323,3645,3000,15.0,1728
1825.6,2026-08-02T00:43:52.066856+00:00,58.687,58.062,58.687,57.75,39,306,1020,,8948,2283,3645,3000,14.8,1728
1826.6,2026-08-02T00:43:53.072289+00:00,58.781,57.937,58.781,57.531,39,306,1020,,9028,2323,3645,3000,15.2,1728
1827.6,2026-08-02T00:43:54.077715+00:00,58.781,58.062,58.781,57.593,40,306,1020,,9068,2283,3605,3000,15.5,1728
1828.6,2026-08-02T00:43:55.083030+00:00,58.375,57.906,58.375,57.625,40,306,1020,,9028,2323,3645,3000,15.3,1728
1829.6,2026-08-02T00:43:56.088441+00:00,58.562,57.906,58.562,57.656,82,306,1020,,9149,2400,3685,3000,15.3,1728
1830.6,2026-08-02T00:43:57.093798+00:00,58.625,57.781,58.625,57.687,94,306,1020,,9269,2440,3685,3000,14.8,1728
1831.6,2026-08-02T00:43:58.099238+00:00,58.562,57.906,58.562,57.687,39,306,1020,,8948,2283,3645,3000,14.7,1728
1832.6,2026-08-02T00:43:59.104644+00:00,58.25,57.906,58.25,57.593,40,306,1020,,8908,2243,3605,3000,14.8,1728
1833.6,2026-08-02T00:44:00.110191+00:00,58.375,57.781,58.375,57.5,24,306,1020,,8988,2323,3645,3000,15.0,1728
1834.6,2026-08-02T00:44:01.115903+00:00,58.281,58.156,58.281,57.656,38,306,1020,,8948,2203,3645,3000,14.7,1728
1835.6,2026-08-02T00:44:02.121424+00:00,58.312,58,58.312,57.625,38,306,1020,,9028,2283,3605,3000,15.2,1728
1836.6,2026-08-02T00:44:03.126919+00:00,58.5,58.062,58.5,57.5,39,306,1020,,8908,2283,3651,3000,15.0,1728
1837.6,2026-08-02T00:44:04.132488+00:00,58.5,58.125,58.5,57.593,39,306,1020,,9028,2283,3645,3000,15.2,1728
1838.6,2026-08-02T00:44:05.138038+00:00,58.5,58.031,58.5,57.468,39,306,1020,,9028,2283,3645,3000,15.3,1728
1839.6,2026-08-02T00:44:06.143777+00:00,58.593,57.937,58.593,57.531,39,306,1020,,8988,2283,3645,3000,15.5,1728
1840.6,2026-08-02T00:44:07.149959+00:00,58.718,58.031,58.718,57.562,26,306,1020,,9068,2363,3645,3000,15.3,1728
1841.7,2026-08-02T00:44:08.155878+00:00,58.875,58.125,58.875,57.625,80,306,1020,,9149,2403,3685,3000,15.3,1728
1842.7,2026-08-02T00:44:09.161608+00:00,58.593,57.968,58.593,57.5,99,306,1020,,9229,2440,3685,3000,14.8,1728
1843.7,2026-08-02T00:44:10.167723+00:00,58.656,58,58.656,57.5,99,306,1020,,9309,2480,3685,3000,15.3,1728
1844.7,2026-08-02T00:44:11.173813+00:00,58.875,57.906,58.875,57.562,99,714,1020,,9415,2560,3766,3000,15.3,1497
1845.7,2026-08-02T00:44:12.179759+00:00,59.093,57.875,59.093,57.625,99,714,1020,,9815,2760,3806,3000,15.0,1651
1846.7,2026-08-02T00:44:13.185686+00:00,59.125,57.812,59.125,57.656,99,714,1020,,9935,2880,3886,3000,14.8,729
1847.7,2026-08-02T00:44:14.191825+00:00,59.718,58.062,59.718,57.375,84,1020,1020,,10416,3194,3960,3000,15.3,1728
1848.7,2026-08-02T00:44:15.198061+00:00,59.843,58.281,59.843,57.406,99,1020,1020,,10720,3354,4080,3000,15.7,1036
1849.7,2026-08-02T00:44:16.203694+00:00,60.062,58.031,60.062,57.562,99,1020,1020,,11040,3474,4113,3000,15.3,883
1850.7,2026-08-02T00:44:17.209478+00:00,59.875,58.031,59.875,57.562,85,1020,1020,,11280,3747,4153,3000,15.0,1651
1851.7,2026-08-02T00:44:18.215457+00:00,59,58.062,59,57.625,34,612,1020,,11400,3747,4153,3000,16.0,1651
1852.7,2026-08-02T00:44:19.221334+00:00,59.125,57.875,59.125,57.437,42,612,1020,,11280,3668,4153,3000,15.3,1651
1853.7,2026-08-02T00:44:20.227228+00:00,59.093,58.125,59.093,57.5,48,612,1020,,11360,3747,4153,3000,15.2,1728
1854.7,2026-08-02T00:44:21.233030+00:00,59.031,57.812,59.031,57.562,44,612,1020,,11280,3628,4153,3000,15.2,1728
1855.7,2026-08-02T00:44:22.238988+00:00,58.968,57.875,58.968,57.656,33,510,1020,,11280,3628,4113,3000,15.3,1728
1856.7,2026-08-02T00:44:23.244807+00:00,58.968,57.937,58.968,57.625,27,510,1020,,11080,3594,4120,3000,15.3,1728
1857.7,2026-08-02T00:44:24.250680+00:00,58.875,57.843,58.875,57.531,24,510,1020,,11120,3588,4080,3000,15.5,1728
1858.8,2026-08-02T00:44:25.256577+00:00,58.625,58.062,58.625,57.593,24,510,1020,,10880,3474,4040,3000,15.5,1728
1859.8,2026-08-02T00:44:26.262357+00:00,58.625,57.781,58.625,57.593,22,510,1020,,10880,3434,4000,3000,15.3,1728
1860.8,2026-08-02T00:44:27.268235+00:00,58.531,57.75,58.531,57.656,24,510,1020,,10720,3354,4000,3000,15.7,1728
1861.8,2026-08-02T00:44:28.274047+00:00,58.562,58,58.562,57.593,30,408,1020,,10640,3314,3960,3000,15.2,1728
1862.8,2026-08-02T00:44:29.279902+00:00,58.562,57.875,58.562,57.593,30,408,1020,,10536,3234,3960,3000,15.2,1728
1863.8,2026-08-02T00:44:30.285757+00:00,58.75,58.125,58.75,57.562,28,408,1020,,10416,3194,3960,3000,15.7,1728
1864.8,2026-08-02T00:44:31.291025+00:00,58.75,58,58.75,57.593,27,408,1020,,10296,3115,3920,3000,15.3,1728
1865.8,2026-08-02T00:44:32.296590+00:00,58.875,58.156,58.875,57.687,27,408,1020,,10296,3075,3920,3000,15.0,1728
1866.8,2026-08-02T00:44:33.302681+00:00,58.812,57.937,58.812,57.625,28,408,1020,,10336,3115,3920,3000,15.5,1728
1867.8,2026-08-02T00:44:34.308534+00:00,58.75,57.906,58.75,57.5,30,408,1020,,10296,3115,3920,3000,15.0,1728
1868.8,2026-08-02T00:44:35.314396+00:00,58.843,57.937,58.843,57.375,30,408,1020,,10296,3154,3920,3000,15.3,1728
1869.8,2026-08-02T00:44:36.320410+00:00,58.875,57.781,58.875,57.531,29,408,1020,,10216,2995,3880,3000,15.3,1728
1870.8,2026-08-02T00:44:37.326011+00:00,58.5,57.875,58.5,57.625,28,408,1020,,10136,3000,3880,3000,15.0,1728
1871.8,2026-08-02T00:44:38.331804+00:00,58.5,57.906,58.5,57.406,28,408,1020,,10096,2960,3880,3000,15.0,1728
1872.8,2026-08-02T00:44:39.337675+00:00,58.593,57.875,58.593,57.531,30,408,1020,,10056,2960,3880,3000,15.3,1728
1873.8,2026-08-02T00:44:40.343381+00:00,58.562,57.937,58.562,57.562,30,408,1020,,10056,2920,3840,3000,15.3,1728
1874.8,2026-08-02T00:44:41.348837+00:00,58.562,58.156,58.562,57.562,30,408,1020,,9935,2880,3846,3000,15.0,1728
1875.9,2026-08-02T00:44:42.354231+00:00,58.5,58.093,58.5,57.656,29,408,1020,,9935,2920,3846,3000,15.0,1728
1876.9,2026-08-02T00:44:43.359959+00:00,58.656,58.218,58.468,57.625,29,408,1020,,9895,2920,3846,3000,15.3,1728
1877.9,2026-08-02T00:44:44.366049+00:00,58.468,58.312,58.468,57.562,29,408,1020,,9975,2920,3840,3000,15.2,1728
1878.9,2026-08-02T00:44:45.371668+00:00,58.437,58.031,58.437,57.562,30,408,1020,,9935,2880,3846,3000,15.5,1728
1879.9,2026-08-02T00:44:46.377631+00:00,58.531,57.812,58.531,57.593,30,408,1020,,9975,2960,3806,3000,15.3,1728
1880.9,2026-08-02T00:44:47.383314+00:00,58.437,58.156,58.437,57.656,29,408,1020,,9895,2840,3806,3000,15.3,1728
1881.9,2026-08-02T00:44:48.389121+00:00,58.437,58.125,58.437,57.437,30,408,1020,,9855,2800,3806,3000,15.5,1728
1882.9,2026-08-02T00:44:49.395071+00:00,58.468,58.218,58.562,57.5,30,408,1020,,9735,2800,3806,3000,15.7,1728
1883.9,2026-08-02T00:44:50.403023+00:00,58.562,57.906,58.562,57.468,30,408,1020,,9695,2720,3766,3000,14.8,1728
1884.9,2026-08-02T00:44:51.406073+00:00,58.656,58.093,58.656,57.625,30,408,1020,,9655,2760,3766,3000,15.2,1728
1885.9,2026-08-02T00:44:52.411528+00:00,58.656,58.062,58.656,57.625,30,408,1020,,9615,2720,3766,3000,15.2,1728
1886.9,2026-08-02T00:44:53.418604+00:00,58.312,57.687,58.312,57.468,0,306,1020,,7958,1484,3491,3000,16.5,1728
1887.9,2026-08-02T00:44:54.424541+00:00,58.281,57.562,58.281,57.375,0,306,1020,,7636,1284,3410,2949,17.0,1728
1888.9,2026-08-02T00:44:55.430929+00:00,57.781,57.218,57.781,57.281,0,306,1020,,6810,1000,3200,1456,11.8,806
1889.9,2026-08-02T00:44:56.435933+00:00,57.593,56.687,57.593,57.25,0,306,1020,,5760,560,2920,1456,0.0,729
1890.9,2026-08-02T00:44:57.441685+00:00,57.593,56.562,57.593,57.187,0,306,1020,,5600,560,2840,1456,0.3,729
1891.9,2026-08-02T00:44:58.448879+00:00,57.375,56.781,57.687,56.937,0,306,1020,,5560,520,2840,1456,0.2,729
1893.0,2026-08-02T00:44:59.454905+00:00,57.625,56.343,57.625,56.906,0,306,1020,,5520,520,2840,1456,0.0,729
1894.0,2026-08-02T00:45:00.460689+00:00,57.5,56.343,57.5,56.812,0,306,1020,,5560,520,2840,1456,0.2,729
1895.0,2026-08-02T00:45:01.466694+00:00,57.531,56.312,57.531,56.781,0,306,1020,,5560,520,2840,1456,0.2,729
1896.0,2026-08-02T00:45:02.472619+00:00,57.406,56.343,57.406,56.625,0,306,1020,,5520,520,2840,1456,0.2,729
1897.0,2026-08-02T00:45:03.478413+00:00,57.031,56.187,57.031,56.625,0,306,1020,,5520,520,2800,1456,0.2,729
1898.0,2026-08-02T00:45:04.484390+00:00,56.968,55.906,56.968,56.468,0,306,1020,,5520,520,2800,1456,0.3,729
1899.0,2026-08-02T00:45:05.489964+00:00,56.906,55.968,56.906,56.5,0,306,1020,,5520,520,2800,1456,0.2,729
1900.0,2026-08-02T00:45:06.495808+00:00,56.843,56.031,56.843,56.437,0,306,1020,,5520,520,2800,1456,0.2,729
1901.0,2026-08-02T00:45:07.501413+00:00,56.843,56,56.843,56.312,0,306,1020,,5560,560,2800,1456,0.3,729
1902.0,2026-08-02T00:45:08.507605+00:00,56.718,56,56.718,56.187,0,306,1020,,5560,520,2840,1456,0.0,1728
1903.0,2026-08-02T00:45:09.513543+00:00,56.531,55.562,56.531,56.218,0,306,1020,,5520,520,2800,1456,0.2,729
1904.0,2026-08-02T00:45:10.519129+00:00,56.5,55.562,56.5,56.125,0,306,1020,,5520,520,2800,1456,0.3,729
1905.0,2026-08-02T00:45:11.524239+00:00,56.375,55.625,56.375,56.156,0,306,1020,,5520,520,2800,1456,0.2,729
1906.0,2026-08-02T00:45:12.530001+00:00,56.343,55.687,56.343,55.968,0,306,1020,,5520,520,2800,1456,0.0,729
1907.0,2026-08-02T00:45:13.535710+00:00,56.281,55.562,56.281,55.906,0,306,1020,,5520,520,2800,1456,0.3,729
1908.0,2026-08-02T00:45:14.541194+00:00,56.156,55.312,56.156,55.875,0,306,1020,,5520,520,2800,1456,0.0,729
1909.0,2026-08-02T00:45:15.547209+00:00,56.187,55.312,56.187,55.843,0,306,1020,,5520,520,2800,1456,0.2,729
1910.1,2026-08-02T00:45:16.552828+00:00,56.062,55.312,56.062,55.875,0,306,1020,,5520,520,2800,1456,0.0,729
1911.1,2026-08-02T00:45:17.558166+00:00,56.281,55.343,56.281,55.687,0,306,1020,,5520,520,2800,1456,0.2,729
1912.1,2026-08-02T00:45:18.564239+00:00,56.218,55.156,56.218,55.593,0,306,1020,,5520,520,2800,1456,0.3,729
1913.1,2026-08-02T00:45:19.570030+00:00,56.156,54.906,56.156,55.531,0,306,1020,,5520,520,2800,1456,0.2,729
1914.1,2026-08-02T00:45:20.575541+00:00,56.125,55.031,56.125,55.531,0,306,1020,,5520,520,2800,1456,0.0,729
1915.1,2026-08-02T00:45:21.581144+00:00,56.062,55,56.062,55.5,0,306,1020,,5520,520,2800,1456,0.0,729
1916.1,2026-08-02T00:45:22.587903+00:00,56.125,55.062,55.75,55.312,0,306,1020,,5520,520,2800,1456,0.5,729
1917.1,2026-08-02T00:45:23.593428+00:00,55.687,54.968,55.687,55.343,0,306,1020,,5520,520,2800,1456,0.2,729
1918.1,2026-08-02T00:45:24.599183+00:00,55.687,54.75,55.687,55.281,0,306,1020,,5520,520,2800,1456,0.3,729
1919.1,2026-08-02T00:45:25.605580+00:00,55.593,54.718,55.593,55.218,0,306,1020,,5520,520,2800,1456,0.2,729
1920.1,2026-08-02T00:45:26.611579+00:00,55.625,54.718,55.625,55.25,0,306,1020,,5520,520,2800,1456,0.0,729
1921.1,2026-08-02T00:45:27.617466+00:00,55.625,54.843,55.625,55.156,0,306,1020,,5520,520,2800,1456,0.3,729
1922.1,2026-08-02T00:45:28.622747+00:00,55.906,54.687,55.906,55.062,0,306,1020,,5520,520,2800,1456,0.2,729
1923.1,2026-08-02T00:45:29.628588+00:00,55.781,54.843,55.781,55.062,0,306,1020,,5520,520,2800,1456,0.2,729
1924.1,2026-08-02T00:45:30.634927+00:00,55.312,54.375,55.312,55.031,0,306,1020,,5520,520,2800,1456,0.0,729
1925.1,2026-08-02T00:45:31.640752+00:00,55.218,54.468,55.218,54.968,0,306,1020,,5520,520,2800,1456,0.2,729
1926.1,2026-08-02T00:45:32.646686+00:00,55.187,54.625,55.187,54.843,0,306,1020,,5480,520,2800,1456,0.2,729
1927.2,2026-08-02T00:45:33.652857+00:00,55.25,54.343,55.25,54.843,0,306,1020,,5480,520,2800,1456,0.2,729
1928.2,2026-08-02T00:45:34.658681+00:00,55.281,54.156,55.281,54.843,0,306,1020,,5520,520,2800,1456,0.3,729
1929.2,2026-08-02T00:45:35.664623+00:00,55.25,54.156,55.25,54.812,0,306,1020,,5520,520,2800,1456,0.2,729
1930.2,2026-08-02T00:45:36.670504+00:00,55.187,54.187,55.187,54.562,0,306,1020,,5520,520,2800,1456,0.0,729
1931.2,2026-08-02T00:45:37.676314+00:00,55.218,54.281,55.218,54.562,0,306,1020,,5480,520,2800,1456,0.2,729
1932.2,2026-08-02T00:45:38.681558+00:00,54.937,54,54.937,54.656,0,306,1020,,5520,520,2800,1456,0.2,729
1933.2,2026-08-02T00:45:39.687312+00:00,54.875,53.968,54.875,54.531,0,306,1020,,5520,520,2800,1456,0.3,729
1934.2,2026-08-02T00:45:40.692883+00:00,54.875,53.906,54.875,54.593,0,306,1020,,5520,560,2800,1456,0.2,729
1935.2,2026-08-02T00:45:41.698521+00:00,54.812,53.875,54.812,54.718,0,306,1020,,5520,520,2800,1456,0.2,729
1936.2,2026-08-02T00:45:42.704852+00:00,54.781,54.093,54.781,54.375,0,306,1020,,5520,560,2800,1456,0.2,729
1937.2,2026-08-02T00:45:43.710397+00:00,54.687,53.843,54.687,54.343,0,306,1020,,5520,520,2800,1456,0.3,729
1938.2,2026-08-02T00:45:44.715891+00:00,54.687,53.75,54.687,54.312,0,306,1020,,5480,520,2800,1456,0.0,729
1939.2,2026-08-02T00:45:45.721524+00:00,54.968,53.718,54.968,54.218,0,306,1020,,5520,520,2800,1456,0.3,729
1940.2,2026-08-02T00:45:46.727236+00:00,54.843,53.75,54.843,54.375,0,306,1020,,5520,520,2800,1456,0.3,729
1941.2,2026-08-02T00:45:47.733016+00:00,54.937,53.875,54.937,54.187,0,306,1020,,5480,520,2800,1456,0.0,729
1942.2,2026-08-02T00:45:48.738878+00:00,54.906,53.593,54.906,54.156,0,306,1020,,5480,520,2800,1456,0.0,729
1943.2,2026-08-02T00:45:49.745400+00:00,54.781,53.562,54.781,54.156,0,306,1020,,5480,520,2800,1456,0.0,729
1944.2,2026-08-02T00:45:50.751273+00:00,54.5,53.593,54.5,54.093,0,306,1020,,5480,520,2800,1456,0.2,729
1945.3,2026-08-02T00:45:51.757582+00:00,54.468,53.531,54.468,54.187,0,306,1020,,5480,520,2800,1456,0.2,729
1946.3,2026-08-02T00:45:52.762642+00:00,54.5,53.656,54.5,53.875,0,306,1020,,5480,520,2800,1456,0.2,729
1947.3,2026-08-02T00:45:53.768630+00:00,54.468,53.375,54.468,53.906,0,306,1020,,5480,520,2800,1456,0.0,729
1948.3,2026-08-02T00:45:54.774013+00:00,54.406,53.343,54.406,53.843,0,306,1020,,5480,520,2800,1456,0.0,729
1949.3,2026-08-02T00:45:55.780187+00:00,54.375,53.406,54.375,53.906,0,306,1020,,5480,520,2800,1456,0.2,729
1950.3,2026-08-02T00:45:56.785709+00:00,54.281,53.312,54.187,53.968,0,306,1020,,5480,520,2800,1456,0.2,729
1951.3,2026-08-02T00:45:57.791532+00:00,54.218,53.468,54.218,53.781,0,306,1020,,5480,520,2800,1456,0.3,729
1952.3,2026-08-02T00:45:58.797128+00:00,54.125,53.25,54.125,53.812,0,306,1020,,5480,520,2800,1456,0.2,729
1953.3,2026-08-02T00:45:59.802807+00:00,54.031,53.156,54.031,53.656,0,306,1020,,5480,520,2800,1456,0.0,729
1954.3,2026-08-02T00:46:00.808495+00:00,54.093,53.093,54.093,53.812,0,306,1020,,5480,520,2800,1456,0.5,729
1955.3,2026-08-02T00:46:01.814085+00:00,53.968,53.125,53.968,53.781,0,306,1020,,5520,520,2800,1456,0.2,729
1956.3,2026-08-02T00:46:02.819936+00:00,54,53.281,54,53.593,0,306,1020,,5480,520,2800,1456,0.0,729
1957.3,2026-08-02T00:46:03.825639+00:00,53.937,52.937,53.937,53.625,0,306,1020,,5480,520,2800,1456,0.2,729
1958.3,2026-08-02T00:46:04.830901+00:00,54.031,52.968,54.031,53.687,0,306,1020,,5480,520,2800,1456,0.2,729
1959.3,2026-08-02T00:46:05.836898+00:00,54.125,52.875,54.125,53.562,0,306,1020,,5480,520,2800,1456,0.0,729
1960.3,2026-08-02T00:46:06.842798+00:00,54.062,53,54.062,53.625,0,306,1020,,5520,560,2800,1456,0.2,729
1961.3,2026-08-02T00:46:07.847962+00:00,54.125,53,54.125,53.406,0,306,1020,,5480,520,2800,1456,0.2,729
1962.4,2026-08-02T00:46:08.853594+00:00,54.125,52.906,54.125,53.437,0,306,1020,,5480,520,2800,1456,0.0,729
1963.4,2026-08-02T00:46:09.859114+00:00,54.031,52.812,54.031,53.406,0,306,1020,,5480,520,2800,1456,0.3,729
1964.4,2026-08-02T00:46:10.864681+00:00,54.031,52.812,54.031,53.406,0,306,1020,,5480,520,2760,1456,0.0,729
1965.4,2026-08-02T00:46:11.872622+00:00,53.718,52.781,53.718,53.406,0,306,1020,,5520,520,2800,1456,0.5,1728
1966.4,2026-08-02T00:46:12.877570+00:00,53.75,52.906,53.75,53.093,0,306,1020,,5480,520,2760,1456,0.5,729
1967.4,2026-08-02T00:46:13.883302+00:00,53.656,52.625,53.656,53.218,0,306,1020,,5480,520,2760,1456,0.2,729
1968.4,2026-08-02T00:46:14.888501+00:00,53.718,52.781,53.718,53.218,0,306,1020,,5480,520,2760,1456,0.0,729
1969.4,2026-08-02T00:46:15.894566+00:00,53.625,52.781,53.625,53.312,0,306,1020,,5480,520,2760,1456,0.2,729
1970.4,2026-08-02T00:46:16.899884+00:00,53.593,52.687,53.593,53.312,0,306,1020,,5520,520,2800,1456,0.3,729
1971.4,2026-08-02T00:46:17.905474+00:00,53.406,52.781,53.406,53.093,0,306,1020,,5480,520,2760,1456,0.0,729
1972.4,2026-08-02T00:46:18.911536+00:00,53.375,52.531,53.375,53.156,0,306,1020,,5480,520,2760,1456,0.5,729
1973.4,2026-08-02T00:46:19.917172+00:00,53.468,52.75,53.468,53.031,0,306,1020,,5480,520,2760,1456,0.3,729
1974.4,2026-08-02T00:46:20.922880+00:00,53.343,52.437,53.343,53.062,0,306,1020,,5480,520,2760,1456,0.0,729
1975.4,2026-08-02T00:46:21.928279+00:00,53.312,52.5,53.312,53.062,0,306,1020,,5480,520,2760,1456,0.0,729
1976.4,2026-08-02T00:46:22.934036+00:00,53.312,52.625,53.312,52.875,0,306,1020,,5480,520,2760,1456,0.3,729
1977.4,2026-08-02T00:46:23.939998+00:00,53.375,52.406,53.375,52.968,0,306,1020,,5480,520,2800,1456,0.2,729
1978.4,2026-08-02T00:46:24.945547+00:00,53.437,52.625,53.437,52.906,0,306,1020,,5480,520,2760,1456,0.0,729
1979.4,2026-08-02T00:46:25.951472+00:00,53.437,52.343,53.437,53,0,306,1020,,5480,520,2760,1456,0.2,729
1980.5,2026-08-02T00:46:26.957024+00:00,53.468,52.375,53.468,52.906,0,306,1020,,5480,520,2760,1456,0.0,729
1981.5,2026-08-02T00:46:27.962468+00:00,53.406,52.406,53.406,52.843,0,306,1020,,5480,520,2760,1456,0.3,729
1982.5,2026-08-02T00:46:28.968382+00:00,53.437,52.187,53.437,52.843,0,306,1020,,5480,520,2760,1456,0.2,729
1983.5,2026-08-02T00:46:29.974023+00:00,53.406,52.5,53.406,52.781,0,306,1020,,5480,520,2760,1456,0.0,729
1984.5,2026-08-02T00:46:30.979666+00:00,53.406,52.187,53.406,52.812,0,306,1020,,5480,520,2800,1456,0.3,729
1985.5,2026-08-02T00:46:31.985619+00:00,53.125,52.281,53.125,52.812,0,306,1020,,5480,520,2760,1456,0.3,729
1986.5,2026-08-02T00:46:32.991104+00:00,53.093,52.343,53.093,52.625,0,306,1020,,5488,520,2760,1456,0.0,729
1987.5,2026-08-02T00:46:33.996783+00:00,53.031,52.062,53.031,52.781,0,306,1020,,5480,520,2760,1456,0.0,729
1988.5,2026-08-02T00:46:35.002520+00:00,53.125,52.343,53.125,52.718,0,306,1020,,5440,520,2760,1456,0.2,729
1989.5,2026-08-02T00:46:36.008254+00:00,53,52,53,52.656,0,306,1020,,5480,520,2760,1456,0.3,729
1990.5,2026-08-02T00:46:37.014079+00:00,53,52.031,53,52.781,0,306,1020,,5480,520,2760,1456,0.2,729
1991.5,2026-08-02T00:46:38.019672+00:00,53.031,52.125,53.281,52.531,0,306,1020,,5480,520,2760,1456,0.2,729
1992.5,2026-08-02T00:46:39.025326+00:00,53.375,51.937,53.375,52.437,0,306,1020,,5480,520,2760,1456,0.3,729
1993.5,2026-08-02T00:46:40.030871+00:00,53.375,52.25,53.375,52.531,0,306,1020,,5480,520,2760,1456,0.2,729
1994.5,2026-08-02T00:46:41.036945+00:00,52.781,51.937,52.781,52.468,0,306,1020,,5488,520,2760,1456,0.2,729
1995.5,2026-08-02T00:46:42.042085+00:00,52.843,51.937,52.843,52.5,0,306,1020,,5488,520,2760,1456,0.3,729
1996.5,2026-08-02T00:46:43.048936+00:00,52.812,52.062,52.812,52.5,0,306,1020,,5480,520,2760,1456,0.3,729
1997.6,2026-08-02T00:46:44.053991+00:00,52.781,51.812,52.781,52.437,0,306,1020,,5480,520,2760,1456,0.3,729
1998.6,2026-08-02T00:46:45.059704+00:00,52.687,52.062,52.875,52.312,0,306,1020,,5480,520,2760,1456,0.3,729
1999.6,2026-08-02T00:46:46.065748+00:00,52.906,51.75,52.906,52.437,0,306,1020,,5480,520,2760,1456,0.2,729
2000.6,2026-08-02T00:46:47.071486+00:00,52.937,51.812,52.937,52.406,0,306,1020,,5440,520,2760,1456,0.0,729
2001.6,2026-08-02T00:46:48.077154+00:00,52.937,51.906,52.937,52.281,0,306,1020,,5448,520,2760,1456,0.2,729
2002.6,2026-08-02T00:46:49.083059+00:00,52.875,51.718,52.875,52.281,0,306,1020,,5448,520,2760,1456,0.2,729
2003.6,2026-08-02T00:46:50.088695+00:00,52.812,51.875,52.812,52.25,0,306,1020,,5440,520,2760,1456,0.2,729
2004.6,2026-08-02T00:46:51.094382+00:00,52.937,51.625,52.937,52.281,0,306,1020,,5440,520,2760,1456,0.0,729
2005.6,2026-08-02T00:46:52.099773+00:00,52.531,51.718,52.531,52.312,0,306,1020,,5488,520,2760,1456,0.0,729
2006.6,2026-08-02T00:46:53.105816+00:00,52.562,51.781,52.562,52.281,0,306,1020,,5480,520,2760,1456,0.2,729
2007.6,2026-08-02T00:46:54.111094+00:00,52.531,51.625,52.531,52.156,0,306,1020,,5440,520,2760,1456,0.2,729
2008.6,2026-08-02T00:46:55.117434+00:00,52.531,51.812,52.531,52.156,0,306,1020,,5440,520,2760,1456,0.3,729
2009.6,2026-08-02T00:46:56.122981+00:00,52.531,51.593,52.531,52.187,0,306,1020,,5440,520,2760,1456,0.0,729
2010.6,2026-08-02T00:46:57.128642+00:00,52.593,51.625,52.593,52.25,0,306,1020,,5480,520,2800,1456,0.0,729
2011.6,2026-08-02T00:46:58.134398+00:00,52.531,51.75,52.875,52.125,0,306,1020,,5488,520,2800,1456,0.3,729
2012.6,2026-08-02T00:46:59.140233+00:00,52.812,51.937,52.812,52.031,0,306,1020,,5488,520,2800,1456,0.2,729
2013.6,2026-08-02T00:47:00.146032+00:00,52.843,51.718,52.843,52.093,0,306,1020,,5488,520,2800,1456,0.0,729
2014.7,2026-08-02T00:47:01.152093+00:00,52.875,51.5,52.875,52.125,0,306,1020,,5488,520,2800,1456,0.0,729
2015.7,2026-08-02T00:47:02.157494+00:00,52.812,51.531,52.812,52.031,0,306,1020,,5480,520,2800,1456,0.2,729
2016.7,2026-08-02T00:47:03.163100+00:00,52.843,51.531,52.843,52,0,306,1020,,5480,520,2800,1456,0.2,729
2017.7,2026-08-02T00:47:04.169082+00:00,52.25,51.812,52.437,52,0,306,1020,,5480,520,2800,1456,0.3,729
2018.7,2026-08-02T00:47:05.174360+00:00,52.437,51.562,52.437,51.968,0,306,1020,,5488,520,2800,1456,0.2,729
2019.7,2026-08-02T00:47:06.180387+00:00,52.531,51.5,52.531,51.968,0,306,1020,,5480,520,2800,1456,0.0,729
2020.7,2026-08-02T00:47:07.186049+00:00,52.5,51.437,52.5,52.031,0,306,1020,,5480,520,2800,1456,0.3,729
2021.7,2026-08-02T00:47:08.191768+00:00,52.468,51.468,52.468,51.906,0,306,1020,,5480,520,2800,1456,0.0,729
2022.7,2026-08-02T00:47:09.197421+00:00,52.5,51.718,52.5,51.875,0,306,1020,,5488,520,2800,1456,0.0,729
2023.7,2026-08-02T00:47:10.203220+00:00,52.437,51.5,52.437,51.812,0,306,1020,,5488,520,2800,1456,0.3,729
2024.7,2026-08-02T00:47:11.208866+00:00,52.375,51.25,52.218,51.906,0,306,1020,,5488,520,2800,1456,0.0,729
2025.7,2026-08-02T00:47:12.214414+00:00,52.218,51.343,52.218,51.875,0,306,1020,,5488,520,2800,1456,0.0,729
2026.7,2026-08-02T00:47:13.220446+00:00,52.218,51.406,52.218,51.875,0,306,1020,,5480,520,2800,1457,0.2,729
2027.7,2026-08-02T00:47:14.226026+00:00,52.25,51.562,52.25,51.718,0,306,1020,,5488,520,2800,1457,0.2,729
2028.7,2026-08-02T00:47:15.231627+00:00,52.187,51.437,52.187,51.843,0,306,1020,,5488,520,2800,1457,0.0,729
2029.7,2026-08-02T00:47:16.237253+00:00,52.187,51.25,52.187,51.843,0,306,1020,,5488,520,2800,1457,0.3,729
2030.7,2026-08-02T00:47:17.243041+00:00,52.156,51.187,52.156,51.781,0,306,1020,,5488,520,2800,1457,0.2,729
2031.7,2026-08-02T00:47:18.249213+00:00,52.343,51.406,52.343,51.718,0,306,1020,,5448,520,2800,1457,0.0,729
2032.8,2026-08-02T00:47:19.255879+00:00,52.375,51.437,52.375,51.625,0,306,1020,,5488,520,2800,1457,0.0,729
2033.8,2026-08-02T00:47:20.261770+00:00,52.406,51.187,52.406,51.75,0,306,1020,,5488,520,2800,1457,0.3,729
2034.8,2026-08-02T00:47:21.267453+00:00,52.437,51.312,52.437,51.781,0,306,1020,,5488,520,2800,1457,0.0,729
2035.8,2026-08-02T00:47:22.273664+00:00,52.062,51.343,52.062,51.75,0,306,1020,,5488,520,2800,1457,0.2,729
2036.8,2026-08-02T00:47:23.279139+00:00,52.093,51.156,52.093,51.625,0,306,1020,,5480,520,2800,1457,0.2,729
2037.8,2026-08-02T00:47:24.284763+00:00,52.125,51.437,52.125,51.656,0,306,1020,,5480,520,2800,1457,0.0,729
2038.8,2026-08-02T00:47:25.290270+00:00,52.093,51.062,52.093,51.656,0,306,1020,,5480,520,2800,1457,0.2,729
2039.8,2026-08-02T00:47:26.296194+00:00,52.031,51.062,52.031,51.656,0,306,1020,,5488,520,2800,1457,0.2,729
2040.8,2026-08-02T00:47:27.301699+00:00,51.937,51.218,51.937,51.656,0,306,1020,,5488,520,2800,1457,0.0,729
2041.8,2026-08-02T00:47:28.307600+00:00,52.031,51.156,52.031,51.5,0,306,1020,,5488,520,2800,1457,0.0,729
2042.8,2026-08-02T00:47:29.313178+00:00,51.937,51.187,51.937,51.468,0,306,1020,,5488,520,2800,1457,0.2,729
2043.8,2026-08-02T00:47:30.318863+00:00,51.906,50.937,51.906,51.5,0,306,1020,,5488,520,2800,1457,0.2,729
2044.8,2026-08-02T00:47:31.324279+00:00,51.937,51.031,51.937,51.5,0,306,1020,,5488,520,2800,1457,0.3,729
2045.8,2026-08-02T00:47:32.330044+00:00,51.812,50.906,51.812,51.531,0,306,1020,,5488,520,2800,1457,0.0,729
2046.8,2026-08-02T00:47:33.335947+00:00,51.875,51.093,51.875,51.343,0,306,1020,,5488,520,2800,1457,0.5,729
2047.8,2026-08-02T00:47:34.341577+00:00,51.781,51.187,51.781,51.437,0,306,1020,,5488,520,2800,1457,0.0,729
2048.8,2026-08-02T00:47:35.347171+00:00,51.812,50.968,51.812,51.437,0,306,1020,,5488,520,2800,1457,0.0,729
2049.9,2026-08-02T00:47:36.352812+00:00,51.75,50.937,52.031,51.437,0,306,1020,,5488,520,2800,1457,0.0,729
2050.9,2026-08-02T00:47:37.358562+00:00,52.031,50.875,52.031,51.437,0,306,1020,,5480,520,2800,1457,0.3,729
2051.9,2026-08-02T00:47:38.364117+00:00,52,50.937,52,51.281,0,306,1020,,5480,520,2800,1457,0.0,729
2052.9,2026-08-02T00:47:39.369866+00:00,52.062,51.156,52.062,51.375,0,306,1020,,5488,520,2800,1457,0.2,729
2053.9,2026-08-02T00:47:40.375055+00:00,52.031,50.875,52.031,51.281,0,306,1020,,5488,520,2800,1457,0.0,729
2054.9,2026-08-02T00:47:41.380676+00:00,52.062,50.875,52.062,51.406,0,306,1020,,5480,520,2800,1457,0.0,729
2055.9,2026-08-02T00:47:42.386371+00:00,52,50.781,52,51.437,0,306,1020,,5480,520,2800,1457,0.3,729
2056.9,2026-08-02T00:47:43.392554+00:00,52.031,50.843,52.031,51.312,0,306,1020,,5480,520,2800,1457,0.2,729
2057.9,2026-08-02T00:47:44.398024+00:00,51.781,50.968,51.781,51.312,0,306,1020,,5488,520,2800,1457,0.0,729
2058.9,2026-08-02T00:47:45.403896+00:00,51.718,50.75,51.718,51.312,0,306,1020,,5488,520,2800,1457,0.2,729
2059.9,2026-08-02T00:47:46.409384+00:00,51.75,50.843,51.75,51.437,0,306,1020,,5448,520,2800,1457,0.2,729
2060.9,2026-08-02T00:47:47.415292+00:00,51.718,50.718,51.718,51.25,0,306,1020,,5448,480,2800,1457,0.3,729
2061.9,2026-08-02T00:47:48.420992+00:00,51.75,50.781,51.75,51.218,0,306,1020,,5488,520,2800,1457,0.3,729
2062.9,2026-08-02T00:47:49.426743+00:00,51.687,50.937,51.687,51.187,0,306,1020,,5488,520,2800,1457,0.3,729
2063.9,2026-08-02T00:47:50.432260+00:00,51.781,50.718,51.781,51.218,0,306,1020,,5440,480,2800,1457,0.0,729
2064.9,2026-08-02T00:47:51.437977+00:00,51.687,50.75,51.687,51.281,0,306,1020,,5488,520,2800,1457,0.3,729
2065.9,2026-08-02T00:47:52.443358+00:00,51.656,50.687,51.656,51.25,0,306,1020,,5488,520,2800,1457,0.0,729
2066.9,2026-08-02T00:47:53.449288+00:00,51.656,50.75,51.656,51.187,0,306,1020,,5448,520,2800,1457,0.2,729
2068.0,2026-08-02T00:47:54.454617+00:00,51.531,51,51.531,51.156,0,306,1020,,5488,520,2800,1457,0.0,729
2069.0,2026-08-02T00:47:55.460572+00:00,51.625,50.781,51.625,51.187,0,306,1020,,5448,520,2800,1457,0.0,729
2070.0,2026-08-02T00:47:56.465731+00:00,51.562,50.562,51.562,51.156,0,306,1020,,5448,520,2800,1457,0.2,729
2071.0,2026-08-02T00:47:57.471346+00:00,51.593,50.656,51.593,51.25,0,306,1020,,5488,520,2800,1457,0.2,729
2072.0,2026-08-02T00:47:58.476838+00:00,51.593,50.656,51.593,51.281,0,306,1020,,5488,520,2800,1457,0.2,729
2073.0,2026-08-02T00:47:59.482889+00:00,51.718,50.875,51.718,51.062,0,306,1020,,5440,520,2800,1457,0.2,729
2074.0,2026-08-02T00:48:00.488542+00:00,51.812,50.687,51.812,51.187,0,306,1020,,5448,520,2800,1457,0.2,729
2075.0,2026-08-02T00:48:01.494048+00:00,51.75,50.937,51.75,51.125,0,306,1020,,5488,520,2800,1457,0.3,729
2076.0,2026-08-02T00:48:02.499915+00:00,51.812,50.562,51.812,51.218,0,306,1020,,5448,520,2800,1457,0.0,729
2077.0,2026-08-02T00:48:03.505669+00:00,51.781,50.656,51.781,51.281,0,306,1020,,5448,520,2800,1457,0.2,729
2078.0,2026-08-02T00:48:04.513163+00:00,51.812,50.875,51.5,51.125,0,306,1020,,5488,520,2800,1457,0.7,729
2079.0,2026-08-02T00:48:05.518675+00:00,51.531,50.531,51.531,51.031,0,306,1020,,5448,520,2800,1457,0.3,729
2080.0,2026-08-02T00:48:06.523912+00:00,51.531,50.531,51.531,51.093,0,306,1020,,5448,520,2800,1457,0.2,729
2081.0,2026-08-02T00:48:07.529923+00:00,51.437,50.5,51.437,51.156,0,306,1020,,5488,520,2800,1457,0.3,729
2082.0,2026-08-02T00:48:08.535536+00:00,51.531,50.593,51.531,51,0,306,1020,,5448,520,2800,1457,0.2,729
2083.0,2026-08-02T00:48:09.541269+00:00,51.468,50.75,51.468,50.968,0,306,1020,,5488,520,2800,1457,0.2,729
2084.0,2026-08-02T00:48:10.547067+00:00,51.75,50.5,51.75,50.968,0,306,1020,,5448,520,2800,1457,0.2,729
2085.1,2026-08-02T00:48:11.552794+00:00,51.812,50.5,51.812,51.093,0,306,1020,,5448,520,2800,1457,0.2,729
2086.1,2026-08-02T00:48:12.559257+00:00,51.875,50.468,51.875,50.968,0,306,1020,,5488,520,2800,1457,0.5,729
2087.1,2026-08-02T00:48:13.564681+00:00,51.875,50.5,51.875,51.062,0,306,1020,,5488,520,2760,1457,0.2,729
2088.1,2026-08-02T00:48:14.570289+00:00,51.343,50.718,51.343,50.968,0,306,1020,,5488,520,2800,1457,0.2,729
2089.1,2026-08-02T00:48:15.576180+00:00,51.312,50.437,51.312,50.906,0,306,1020,,5488,520,2800,1457,0.0,729
2090.1,2026-08-02T00:48:16.583908+00:00,51.562,50.531,51.562,51,0,306,1020,,5528,560,2800,1458,0.5,1036
2091.1,2026-08-02T00:48:17.592127+00:00,51.562,50.625,51.562,50.937,0,306,1020,,5568,560,2800,1459,5.2,729
2092.1,2026-08-02T00:48:18.597598+00:00,51.343,50.437,51.343,51,0,306,1020,,5488,520,2800,1459,0.2,729
2093.1,2026-08-02T00:48:19.603437+00:00,51.375,50.593,51.375,50.968,0,306,1020,,5488,520,2800,1459,0.5,729
2094.1,2026-08-02T00:48:20.609078+00:00,51.312,50.312,51.312,50.968,0,306,1020,,5448,520,2800,1459,0.0,729
2095.1,2026-08-02T00:48:21.614867+00:00,51.281,50.468,51.281,51.125,0,306,1020,,5440,520,2800,1459,0.3,729
2096.1,2026-08-02T00:48:22.620654+00:00,51.5,50.468,51.5,50.875,0,306,1020,,5448,520,2760,1459,0.2,729
2097.1,2026-08-02T00:48:23.626578+00:00,51.562,50.437,51.562,50.843,0,306,1020,,5440,520,2800,1459,0.3,729
2098.1,2026-08-02T00:48:24.631964+00:00,51.531,50.468,51.531,50.906,0,306,1020,,5480,520,2800,1459,0.0,729
2099.1,2026-08-02T00:48:25.637623+00:00,51.468,50.531,51.468,50.937,0,306,1020,,5488,520,2800,1459,0.3,729
