08-01-2026 20:13:27 RAM 473/7620MB (lfb 15x4MB) SWAP 0/3810MB (cached 0MB) CPU [0%@729,0%@729,0%@729,0%@729,0%@729,0%@729] GR3D_FREQ 0% cpu@49.812C soc2@48.281C soc0@50.125C gpu@50.375C tj@50.375C soc1@49.562C VDD_IN 5568mW/5568mW VDD_CPU_GPU_CV 600mW/600mW VDD_SOC 2800mW/2800mW
08-01-2026 20:13:28 RAM 473/7620MB (lfb 15x4MB) SWAP 0/3810MB (cached 0MB) CPU [1%@729,0%@729,1%@729,1%@729,0%@729,0%@729] GR3D_FREQ 0% cpu@49.812C soc2@48.156C soc0@50C gpu@50.687C tj@50.687C soc1@49.625C VDD_IN 5528mW/5548mW VDD_CPU_GPU_CV 560mW/580mW VDD_SOC 2760mW/2780mW
08-01-2026 20:13:29 RAM 473/7620MB (lfb 15x4MB) SWAP 0/3810MB (cached 0MB) CPU [1%@729,0%@729,0%@729,0%@729,0%@729,0%@729] GR3D_FREQ 0% cpu@49.625C soc2@48.25C soc0@50.062C gpu@50.625C tj@50.625C soc1@49.687C VDD_IN 5528mW/5541mW VDD_CPU_GPU_CV 560mW/573mW VDD_SOC 2760mW/2773mW
08-01-2026 20:13:30 RAM 473/7620MB (lfb 15x4MB) SWAP 0/3810MB (cached 0MB) CPU [1%@729,0%@729,0%@729,1%@729,0%@729,0%@729] GR3D_FREQ 0% cpu@49.437C soc2@48.281C soc0@50C gpu@50.625C tj@50.625C soc1@49.656C VDD_IN 5488mW/5528mW VDD_CPU_GPU_CV 560mW/570mW VDD_SOC 2760mW/2770mW
08-01-2026 20:13:31 RAM 473/7620MB (lfb 15x4MB) SWAP 0/3810MB (cached 0MB) CPU [1%@729,0%@729,0%@729,0%@729,0%@729,0%@729] GR3D_FREQ 0% cpu@49.531C soc2@48.281C soc0@50.031C gpu@50.468C tj@50.468C soc1@49.531C VDD_IN 5488mW/5520mW VDD_CPU_GPU_CV 560mW/568mW VDD_SOC 2760mW/2768mW
08-01-2026 20:13:32 RAM 473/7620MB (lfb 15x4MB) SWAP 0/3810MB (cached 0MB) CPU [0%@729,0%@729,0%@729,0%@729,0%@729,0%@729] GR3D_FREQ 0% cpu@49.593C soc2@48.187C soc0@50.125C gpu@50.562C tj@50.562C soc1@49.593C VDD_IN 5488mW/5515mW VDD_CPU_GPU_CV 560mW/567mW VDD_SOC 2760mW/2767mW
08-01-2026 20:13:33 RAM 473/7620MB (lfb 15x4MB) SWAP 0/3810MB (cached 0MB) CPU [0%@729,0%@729,0%@729,0%@729,0%@729,0%@729] GR3D_FREQ 0% cpu@49.812C soc2@48.281C soc0@49.937C gpu@50.625C tj@50.437C soc1@49.593C VDD_IN 5488mW/5511mW VDD_CPU_GPU_CV 560mW/566mW VDD_SOC 2760mW/2766mW
08-01-2026 20:13:34 RAM 473/7620MB (lfb 15x4MB) SWAP 0/3810MB (cached 0MB) CPU [1%@729,0%@729,0%@729,1%@729,0%@729,0%@729] GR3D_FREQ 0% cpu@49.656C soc2@48.218C soc0@50C gpu@50.406C tj@50.406C soc1@49.687C VDD_IN 5528mW/5513mW VDD_CPU_GPU_CV 560mW/565mW VDD_SOC 2760mW/2765mW
08-01-2026 20:13:35 RAM 473/7620MB (lfb 15x4MB) SWAP 0/3810MB (cached 0MB) CPU [0%@729,0%@729,0%@729,0%@729,0%@729,0%@729] GR3D_FREQ 0% cpu@49.406C soc2@48.312C soc0@49.937C gpu@50.406C tj@50.406C soc1@49.687C VDD_IN 5528mW/5515mW VDD_CPU_GPU_CV 560mW/564mW VDD_SOC 2760mW/2764mW
08-01-2026 20:13:36 RAM 473/7620MB (lfb 15x4MB) SWAP 0/3810MB (cached 0MB) CPU [0%@729,0%@729,0%@729,0%@729,0%@729,0%@729] GR3D_FREQ 0% cpu@49.5C soc2@48.187C soc0@50.031C gpu@50.437C tj@50.437C soc1@49.5C VDD_IN 5488mW/5512mW VDD_CPU_GPU_CV 560mW/564mW VDD_SOC 2760mW/2764mW
08-01-2026 20:13:37 RAM 473/7620MB (lfb 15x4MB) SWAP 0/3810MB (cached 0MB) CPU [0%@729,0%@729,0%@729,0%@729,0%@729,0%@729] GR3D_FREQ 0% cpu@49.656C soc2@48.093C soc0@50.031C gpu@50.437C tj@50.437C soc1@49.562C VDD_IN 5488mW/5510mW VDD_CPU_GPU_CV 560mW/564mW VDD_SOC 2764mW/2764mW
08-01-2026 20:13:38 RAM 473/7620MB (lfb 15x4MB) SWAP 0/3810MB (cached 0MB) CPU [0%@729,0%@729,0%@729,0%@729,0%@729,0%@729] GR3D_FREQ 0% cpu@49.812C soc2@48.187C soc0@49.843C gpu@50.5C tj@50.5C soc1@49.562C VDD_IN 5528mW/5511mW VDD_CPU_GPU_CV 560mW/563mW VDD_SOC 2760mW/2764mW
08-01-2026 20:13:39 RAM 473/7620MB (lfb 15x4MB) SWAP 0/3810MB (cached 0MB) CPU [2%@729,1%@729,0%@729,1%@729,0%@729,0%@729] GR3D_FREQ 0% cpu@49.593C soc2@48.187C soc0@49.937C gpu@50.406C tj@50.406C soc1@49.687C VDD_IN 5488mW/5510mW VDD_CPU_GPU_CV 560mW/563mW VDD_SOC 2760mW/2763mW
08-01-2026 20:13:40 RAM 473/7620MB (lfb 15x4MB) SWAP 0/3810MB (cached 0MB) CPU [0%@729,0%@729,0%@729,0%@729,0%@729,0%@729] GR3D_FREQ 0% cpu@49.375C soc2@48.187C soc0@49.906C gpu@50.625C tj@50.625C soc1@49.656C VDD_IN 5488mW/5508mW VDD_CPU_GPU_CV 560mW/563mW VDD_SOC 2760mW/2763mW
08-01-2026 20:13:41 RAM 473/7620MB (lfb 15x4MB) SWAP 0/3810MB (cached 0MB) CPU [0%@729,0%@729,0%@729,1%@729,0%@729,0%@729] GR3D_FREQ 0% cpu@49.5C soc2@48.093C soc0@49.968C gpu@50.718C tj@50.718C soc1@49.531C VDD_IN 5528mW/5509mW VDD_CPU_GPU_CV 560mW/563mW VDD_SOC 2760mW/2763mW
08-01-2026 20:13:42 RAM 473/7620MB (lfb 15x4MB) SWAP 0/3810MB (cached 0MB) CPU [0%@729,0%@729,0%@729,0%@729,0%@729,0%@729] GR3D_FREQ 0% cpu@49.593C soc2@48.156C soc0@50.031C gpu@50.718C tj@50.718C soc1@49.593C VDD_IN 5488mW/5508mW VDD_CPU_GPU_CV 560mW/563mW VDD_SOC 2760mW/2763mW
08-01-2026 20:13:43 RAM 473/7620MB (lfb 15x4MB) SWAP 0/3810MB (cached 0MB) CPU [0%@729,1%@729,0%@729,0%@729,0%@729,0%@729] GR3D_FREQ 0% cpu@49.718C soc2@48.25C soc0@49.812C gpu@50.687C tj@50.687C soc1@49.562C VDD_IN 5488mW/5507mW VDD_CPU_GPU_CV 560mW/562mW VDD_SOC 2760mW/2763mW
08-01-2026 20:13:44 RAM 473/7620MB (lfb 15x4MB) SWAP 0/3810MB (cached 0MB) CPU [0%@729,0%@729,0%@729,0%@729,0%@729,0%@729] GR3D_FREQ 0% cpu@49.625C soc2@48.093C soc0@49.875C gpu@50.656C tj@50.656C soc1@49.593C VDD_IN 5488mW/5506mW VDD_CPU_GPU_CV 560mW/562mW VDD_SOC 2760mW/2762mW
08-01-2026 20:13:45 RAM 473/7620MB (lfb 15x4MB) SWAP 0/3810MB (cached 0MB) CPU [1%@729,0%@729,0%@729,0%@729,0%@729,0%@729] GR3D_FREQ 0% cpu@49.375C soc2@48.156C soc0@49.875C gpu@50.718C tj@50.718C soc1@49.625C VDD_IN 5488mW/5505mW VDD_CPU_GPU_CV 560mW/562mW VDD_SOC 2760mW/2762mW
08-01-2026 20:13:46 RAM 486/7620MB (lfb 15x4MB) SWAP 0/3810MB (cached 0MB) CPU [7%@1728,8%@1728,15%@1728,8%@1728,6%@806,6%@806] GR3D_FREQ 0% cpu@49.968C soc2@48.156C soc0@49.906C gpu@50.843C tj@50.843C soc1@49.5C VDD_IN 6249mW/5542mW VDD_CPU_GPU_CV 1000mW/584mW VDD_SOC 2924mW/2770mW
08-01-2026 20:13:47 RAM 489/7620MB (lfb 15x4MB) SWAP 0/3810MB (cached 0MB) CPU [8%@729,7%@729,17%@729,9%@729,6%@729,7%@729] GR3D_FREQ 0% cpu@49.593C soc2@48.156C soc0@49.875C gpu@50.468C tj@50.468C soc1@49.593C VDD_IN 6249mW/5576mW VDD_CPU_GPU_CV 800mW/594mW VDD_SOC 2884mW/2776mW
08-01-2026 20:13:48 RAM 671/7620MB (lfb 5x4MB) SWAP 0/3810MB (cached 0MB) CPU [8%@1728,7%@1728,9%@1728,86%@1728,6%@729,6%@729] GR3D_FREQ 0% cpu@50.218C soc2@48.406C soc0@49.875C gpu@50.656C tj@50.656C soc1@49.625C VDD_IN 7371mW/5657mW VDD_CPU_GPU_CV 1600mW/640mW VDD_SOC 3205mW/2795mW
08-01-2026 20:13:49 RAM 709/7620MB (lfb 5x4MB) SWAP 0/3810MB (cached 0MB) CPU [1%@1728,0%@1728,0%@1728,100%@1728,0%@729,0%@729] GR3D_FREQ 0% cpu@50.406C soc2@48.531C soc0@49.968C gpu@50.718C tj@50.718C soc1@49.75C VDD_IN 7491mW/5737mW VDD_CPU_GPU_CV 1640mW/683mW VDD_SOC 3280mW/2816mW
08-01-2026 20:13:50 RAM 744/7620MB (lfb 6x4MB) SWAP 0/3810MB (cached 0MB) CPU [1%@1728,0%@1728,0%@1728,97%@1728,0%@729,0%@729] GR3D_FREQ 0% cpu@50.343C soc2@48.531C soc0@50C gpu@50.781C tj@50.781C soc1@49.75C VDD_IN 7532mW/5812mW VDD_CPU_GPU_CV 1640mW/723mW VDD_SOC 3280mW/2836mW
08-01-2026 20:13:51 RAM 774/7620MB (lfb 6x4MB) SWAP 0/3810MB (cached 0MB) CPU [1%@1728,0%@1728,15%@1728,66%@1728,0%@729,0%@729] GR3D_FREQ 0% cpu@50.187C soc2@48.343C soc0@50.062C gpu@50.718C tj@50.718C soc1@49.687C VDD_IN 6850mW/5853mW VDD_CPU_GPU_CV 1200mW/742mW VDD_SOC 3080mW/2845mW
08-01-2026 20:13:52 RAM 776/7620MB (lfb 5x4MB) SWAP 0/3810MB (cached 0MB) CPU [2%@729,1%@729,10%@729,7%@729,0%@729,0%@729] GR3D_FREQ 0% cpu@49.781C soc2@48.281C soc0@49.937C gpu@50.437C tj@50.437C soc1@49.687C VDD_IN 5969mW/5858mW VDD_CPU_GPU_CV 680mW/740mW VDD_SOC 2804mW/2844mW
08-01-2026 20:13:53 RAM 783/7620MB (lfb 6x4MB) SWAP 0/3810MB (cached 0MB) CPU [2%@1190,1%@1190,24%@1190,19%@1190,0%@729,0%@729] GR3D_FREQ 0% cpu@49.875C soc2@48.25C soc0@49.968C gpu@50.531C tj@50.531C soc1@49.718C VDD_IN 5929mW/5860mW VDD_CPU_GPU_CV 720mW/739mW VDD_SOC 2804mW/2842mW
08-01-2026 20:13:54 RAM 799/7620MB (lfb 5x4MB) SWAP 0/3810MB (cached 0MB) CPU [4%@1036,3%@1036,9%@1036,64%@1036,0%@729,0%@729] GR3D_FREQ 0% cpu@49.875C soc2@48.375C soc0@50.031C gpu@50.656C tj@50.656C soc1@49.656C VDD_IN 6650mW/5889mW VDD_CPU_GPU_CV 1040mW/750mW VDD_SOC 3044mW/2850mW
08-01-2026 20:13:55 RAM 820/7620MB (lfb 6x4MB) SWAP 0/3810MB (cached 0MB) CPU [2%@1344,3%@1344,61%@1344,8%@1344,0%@729,0%@729] GR3D_FREQ 0% cpu@50.343C soc2@48.312C soc0@50.187C gpu@50.875C tj@50.875C soc1@49.656C VDD_IN 6971mW/5926mW VDD_CPU_GPU_CV 1200mW/766mW VDD_SOC 3124mW/2859mW
08-01-2026 20:13:56 RAM 838/7620MB (lfb 5x4MB) SWAP 0/3810MB (cached 0MB) CPU [1%@1728,0%@1728,88%@1728,0%@1728,0%@729,0%@729] GR3D_FREQ 0% cpu@50.781C soc2@48.562C soc0@49.968C gpu@50.875C tj@50.875C soc1@49.718C VDD_IN 7411mW/5975mW VDD_CPU_GPU_CV 1480mW/789mW VDD_SOC 3285mW/2873mW
08-01-2026 20:13:57 RAM 843/7620MB (lfb 5x4MB) SWAP 0/3810MB (cached 0MB) CPU [4%@1113,2%@1113,13%@1113,41%@1113,0%@729,0%@729] GR3D_FREQ 0% cpu@49.968C soc2@48.468C soc0@50C gpu@50.843C tj@50.625C soc1@49.812C VDD_IN 6891mW/6005mW VDD_CPU_GPU_CV 1080mW/799mW VDD_SOC 3080mW/2880mW
08-01-2026 20:13:58 RAM 846/7620MB (lfb 6x4MB) SWAP 0/3810MB (cached 0MB) CPU [2%@729,1%@729,1%@729,53%@729,0%@729,0%@729] GR3D_FREQ 0% cpu@49.843C soc2@48.437C soc0@50.093C gpu@50.625C tj@50.625C soc1@49.906C VDD_IN 6049mW/6006mW VDD_CPU_GPU_CV 760mW/798mW VDD_SOC 2844mW/2879mW
08-01-2026 20:13:59 RAM 848/7620MB (lfb 7x4MB) SWAP 0/3810MB (cached 0MB) CPU [2%@1728,2%@1728,76%@1728,1%@1728,0%@729,0%@729] GR3D_FREQ 0% cpu@50.656C soc2@48.531C soc0@50C gpu@50.75C tj@50.75C soc1@49.718C VDD_IN 6770mW/6030mW VDD_CPU_GPU_CV 1280mW/812mW VDD_SOC 3044mW/2884mW
08-01-2026 20:14:00 RAM 864/7620MB (lfb 7x4MB) SWAP 0/3810MB (cached 0MB) CPU [7%@1190,8%@1190,47%@1190,19%@1190,6%@729,6%@729] GR3D_FREQ 0% cpu@49.937C soc2@48.406C soc0@50C gpu@50.718C tj@50.843C soc1@49.781C VDD_IN 6650mW/6048mW VDD_CPU_GPU_CV 1080mW/820mW VDD_SOC 3004mW/2887mW
08-01-2026 20:14:01 RAM 863/7620MB (lfb 5x4MB) SWAP 0/3810MB (cached 0MB) CPU [3%@729,1%@729,9%@729,8%@729,13%@729,14%@729] GR3D_FREQ 0% cpu@49.812C soc2@48.437C soc0@50.125C gpu@50.781C tj@50.781C soc1@49.812C VDD_IN 6009mW/6047mW VDD_CPU_GPU_CV 720mW/817mW VDD_SOC 2844mW/2886mW
08-01-2026 20:14:02 RAM 871/7620MB (lfb 6x4MB) SWAP 0/3810MB (cached 0MB) CPU [1%@729,1%@729,0%@729,0%@729,24%@1728,41%@1728] GR3D_FREQ 0% cpu@49.843C soc2@48.531C soc0@50.187C gpu@50.812C tj@50.812C soc1@49.843C VDD_IN 6450mW/6058mW VDD_CPU_GPU_CV 920mW/820mW VDD_SOC 2924mW/2887mW
08-01-2026 20:14:03 RAM 882/7620MB (lfb 6x4MB) SWAP 0/3810MB (cached 0MB) CPU [1%@729,2%@729,17%@729,40%@729,1%@729,14%@729] GR3D_FREQ 0% cpu@49.843C soc2@48.468C soc0@50.312C gpu@50.718C tj@50.718C soc1@49.781C VDD_IN 6770mW/6077mW VDD_CPU_GPU_CV 1120mW/828mW VDD_SOC 3084mW/2892mW
08-01-2026 20:14:04 RAM 888/7620MB (lfb 5x4MB) SWAP 0/3810MB (cached 0MB) CPU [2%@729,1%@729,2%@729,1%@729,59%@729,0%@729] GR3D_FREQ 0% cpu@49.906C soc2@48.531C soc0@50.187C gpu@51C tj@51C soc1@49.875C VDD_IN 6490mW/6088mW VDD_CPU_GPU_CV 1040mW/834mW VDD_SOC 3000mW/2895mW
08-01-2026 20:14:05 RAM 1117/7620MB (lfb 4x4MB) SWAP 0/3810MB (cached 0MB) CPU [1%@729,0%@729,0%@729,0%@729,74%@1728,18%@1728] GR3D_FREQ 0% cpu@50.312C soc2@48.593C soc0@50.218C gpu@51.031C tj@51.031C soc1@49.906C VDD_IN 7291mW/6119mW VDD_CPU_GPU_CV 1520mW/851mW VDD_SOC 3200mW/2903mW
08-01-2026 20:14:06 RAM 1123/7620MB (lfb 4x4MB) SWAP 0/3810MB (cached 0MB) CPU [2%@1420,2%@1420,21%@1420,0%@1420,2%@729,52%@729] GR3D_FREQ 0% cpu@50.312C soc2@48.5C soc0@50.281C gpu@51.062C tj@51.062C soc1@49.812C VDD_IN 6931mW/6139mW VDD_CPU_GPU_CV 1240mW/861mW VDD_SOC 3080mW/2908mW
08-01-2026 20:14:07 RAM 1215/7620MB (lfb 5x4MB) SWAP 0/3810MB (cached 0MB) CPU [0%@1728,0%@1728,100%@1728,0%@1728,0%@729,0%@729] GR3D_FREQ 0% cpu@50.593C soc2@48.625C soc0@50.187C gpu@50.937C tj@50.937C soc1@49.781C VDD_IN 7211mW/6165mW VDD_CPU_GPU_CV 1480mW/876mW VDD_SOC 3200mW/2915mW
08-01-2026 20:14:08 RAM 1335/7620MB (lfb 5x4MB) SWAP 0/3810MB (cached 0MB) CPU [0%@1728,0%@1728,100%@1728,0%@1728,0%@729,0%@729] GR3D_FREQ 0% cpu@51.281C soc2@48.656C soc0@50.218C gpu@51.062C tj@51.281C soc1@49.968C VDD_IN 7371mW/6194mW VDD_CPU_GPU_CV 1640mW/894mW VDD_SOC 3240mW/2922mW
08-01-2026 20:14:09 RAM 1588/7620MB (lfb 4x4MB) SWAP 0/3810MB (cached 0MB) CPU [0%@1728,0%@1728,100%@1728,0%@1728,0%@729,0%@729] GR3D_FREQ 0% cpu@50.843C soc2@48.812C soc0@50.281C gpu@51.093C tj@51.093C soc1@50.062C VDD_IN 7451mW/6223mW VDD_CPU_GPU_CV 1680mW/913mW VDD_SOC 3240mW/2930mW
08-01-2026 20:14:10 RAM 1845/7620MB (lfb 4x4MB) SWAP 0/3810MB (cached 0MB) CPU [0%@1728,0%@1728,100%@1728,0%@1728,0%@729,0%@729] GR3D_FREQ 0% cpu@50.812C soc2@48.875C soc0@50.406C gpu@51.156C tj@51.156C soc1@50.156C VDD_IN 7451mW/6251mW VDD_CPU_GPU_CV 1680mW/930mW VDD_SOC 3240mW/2937mW
08-01-2026 20:14:11 RAM 1905/7620MB (lfb 5x4MB) SWAP 0/3810MB (cached 0MB) CPU [1%@1728,0%@1728,23%@1728,70%@1728,0%@729,0%@729] GR3D_FREQ 0% cpu@50.468C soc2@48.812C soc0@50.437C gpu@51.062C tj@51.062C soc1@50.031C VDD_IN 7291mW/6274mW VDD_CPU_GPU_CV 1560mW/944mW VDD_SOC 3240mW/2944mW
08-01-2026 20:14:12 RAM 1905/7620MB (lfb 5x4MB) SWAP 0/3810MB (cached 0MB) CPU [0%@1728,0%@1728,0%@1728,100%@1728,0%@729,0%@729] GR3D_FREQ 0% cpu@50.656C soc2@48.718C soc0@50.531C gpu@51.093C tj@51.093C soc1@50C VDD_IN 7211mW/6295mW VDD_CPU_GPU_CV 1520mW/957mW VDD_SOC 3200mW/2949mW
08-01-2026 20:14:13 RAM 1905/7620MB (lfb 5x4MB) SWAP 0/3810MB (cached 0MB) CPU [0%@1728,1%@1728,0%@1728,100%@1728,0%@729,0%@729] GR3D_FREQ 0% cpu@50.968C soc2@48.687C soc0@50.437C gpu@51.218C tj@51.218C soc1@50.156C VDD_IN 7251mW/6315mW VDD_CPU_GPU_CV 1520mW/969mW VDD_SOC 3240mW/2955mW
08-01-2026 20:14:14 RAM 1905/7620MB (lfb 5x4MB) SWAP 0/3810MB (cached 0MB) CPU [0%@1728,0%@1728,0%@1728,100%@1728,0%@729,1%@729] GR3D_FREQ 0% cpu@50.687C soc2@48.843C soc0@50.468C gpu@51.218C tj@51.218C soc1@50.156C VDD_IN 7251mW/6334mW VDD_CPU_GPU_CV 1560mW/981mW VDD_SOC 3200mW/2960mW
08-01-2026 20:14:15 RAM 1905/7620MB (lfb 5x4MB) SWAP 0/3810MB (cached 0MB) CPU [0%@1728,0%@1728,0%@1728,100%@1728,0%@729,0%@729] GR3D_FREQ 0% cpu@50.625C soc2@48.906C soc0@50.468C gpu@51.187C tj@51.187C soc1@50.187C VDD_IN 7251mW/6353mW VDD_CPU_GPU_CV 1520mW/992mW VDD_SOC 3240mW/2966mW
08-01-2026 20:14:16 RAM 1905/7620MB (lfb 5x4MB) SWAP 0/3810MB (cached 0MB) CPU [1%@1728,0%@1728,0%@1728,100%@1728,0%@729,0%@729] GR3D_FREQ 0% cpu@50.656C soc2@49C soc0@50.531C gpu@51.281C tj@51.281C soc1@50.218C VDD_IN 7251mW/6371mW VDD_CPU_GPU_CV 1560mW/1003mW VDD_SOC 3200mW/2971mW
08-01-2026 20:14:17 RAM 1905/7620MB (lfb 5x4MB) SWAP 0/3810MB (cached 0MB) CPU [0%@1728,0%@1728,0%@1728,100%@1728,0%@729,0%@729] GR3D_FREQ 0% cpu@50.843C soc2@48.875C soc0@50.593C gpu@51.218C tj@51.218C soc1@50.156C VDD_IN 7251mW/6388mW VDD_CPU_GPU_CV 1560mW/1014mW VDD_SOC 3240mW/2976mW
08-01-2026 20:14:18 RAM 1905/7620MB (lfb 5x4MB) SWAP 0/3810MB (cached 0MB) CPU [0%@1728,0%@1728,1%@1728,100%@1728,0%@729,0%@729] GR3D_FREQ 0% cpu@50.843C soc2@48.968C soc0@50.562C gpu@51.375C tj@51.375C soc1@50.25C VDD_IN 7251mW/6405mW VDD_CPU_GPU_CV 1560mW/1025mW VDD_SOC 3200mW/2980mW
08-01-2026 20:14:19 RAM 1905/7620MB (lfb 5x4MB) SWAP 0/3810MB (cached 0MB) CPU [0%@1728,0%@1728,0%@1728,100%@1728,0%@729,0%@729] GR3D_FREQ 0% cpu@50.875C soc2@48.937C soc0@50.562C gpu@51.375C tj@51.218C soc1@50.25C VDD_IN 7251mW/6421mW VDD_CPU_GPU_CV 1560mW/1035mW VDD_SOC 3240mW/2985mW
08-01-2026 20:14:20 RAM 1905/7620MB (lfb 5x4MB) SWAP 0/3810MB (cached 0MB) CPU [0%@1728,0%@1728,0%@1728,100%@1728,0%@729,0%@729] GR3D_FREQ 0% cpu@50.781C soc2@49C soc0@50.593C gpu@51.218C tj@51.218C soc1@50.312C VDD_IN 7251mW/6436mW VDD_CPU_GPU_CV 1560mW/1044mW VDD_SOC 3200mW/2989mW
08-01-2026 20:14:21 RAM 1905/7620MB (lfb 5x4MB) SWAP 0/3810MB (cached 0MB) CPU [0%@1728,0%@1728,0%@1728,100%@1728,0%@729,0%@729] GR3D_FREQ 0% cpu@50.781C soc2@49.062C soc0@50.593C gpu@51.25C tj@51.25C soc1@50.406C VDD_IN 7251mW/6451mW VDD_CPU_GPU_CV 1560mW/1054mW VDD_SOC 3240mW/2994mW
08-01-2026 20:14:22 RAM 1905/7620MB (lfb 5x4MB) SWAP 0/3810MB (cached 0MB) CPU [0%@1728,0%@1728,0%@1728,100%@1728,0%@729,0%@729] GR3D_FREQ 0% cpu@50.875C soc2@49.062C soc0@50.687C gpu@51.281C tj@51.281C soc1@50.312C VDD_IN 7291mW/6466mW VDD_CPU_GPU_CV 1560mW/1063mW VDD_SOC 3240mW/2998mW
08-01-2026 20:14:23 RAM 1905/7620MB (lfb 5x4MB) SWAP 0/3810MB (cached 0MB) CPU [0%@1728,0%@1728,0%@1728,100%@1728,0%@729,0%@729] GR3D_FREQ 0% cpu@50.906C soc2@49C soc0@50.781C gpu@51.343C tj@51.343C soc1@50.312C VDD_IN 7291mW/6481mW VDD_CPU_GPU_CV 1600mW/1072mW VDD_SOC 3240mW/3002mW
08-01-2026 20:14:24 RAM 1913/7620MB (lfb 5x4MB) SWAP 0/3810MB (cached 0MB) CPU [0%@1728,0%@1728,0%@1728,100%@1728,0%@729,0%@729] GR3D_FREQ 0% cpu@51.156C soc2@49.031C soc0@50.625C gpu@51.406C tj@51.406C soc1@50.312C VDD_IN 7331mW/6495mW VDD_CPU_GPU_CV 1600mW/1081mW VDD_SOC 3240mW/3007mW
08-01-2026 20:14:25 RAM 1998/7620MB (lfb 4x4MB) SWAP 0/3810MB (cached 0MB) CPU [0%@1728,0%@1728,0%@1728,100%@1728,0%@729,0%@729] GR3D_FREQ 0% cpu@50.906C soc2@49.062C soc0@50.687C gpu@51.375C tj@51.375C soc1@50.406C VDD_IN 7331mW/6509mW VDD_CPU_GPU_CV 1600mW/1090mW VDD_SOC 3240mW/3011mW
08-01-2026 20:14:26 RAM 1998/7620MB (lfb 4x4MB) SWAP 0/3810MB (cached 0MB) CPU [1%@729,0%@729,0%@729,34%@729,0%@729,0%@729] GR3D_FREQ 0% cpu@50.406C soc2@49C soc0@50.625C gpu@51.187C tj@51.437C soc1@50.5C VDD_IN 5969mW/6500mW VDD_CPU_GPU_CV 800mW/1085mW VDD_SOC 2880mW/3008mW
08-01-2026 20:14:27 RAM 2001/7620MB (lfb 5x4MB) SWAP 0/3810MB (cached 0MB) CPU [2%@729,0%@729,0%@729,18%@729,0%@729,0%@729] GR3D_FREQ 0% cpu@50.312C soc2@48.843C soc0@50.812C gpu@51.343C tj@51.343C soc1@50.281C VDD_IN 5649mW/6486mW VDD_CPU_GPU_CV 640mW/1078mW VDD_SOC 2800mW/3005mW
08-01-2026 20:14:28 RAM 2039/7620MB (lfb 4x4MB) SWAP 0/3810MB (cached 0MB) CPU [1%@729,1%@729,0%@729,32%@729,0%@729,0%@729] GR3D_FREQ 0% cpu@50.468C soc2@48.968C soc0@50.562C gpu@51.218C tj@51.218C soc1@50.312C VDD_IN 5849mW/6476mW VDD_CPU_GPU_CV 720mW/1072mW VDD_SOC 2840mW/3002mW
08-01-2026 20:14:29 RAM 2121/7620MB (lfb 4x4MB) SWAP 0/3810MB (cached 0MB) CPU [0%@1728,0%@1728,0%@1728,96%@1728,0%@729,0%@729] GR3D_FREQ 0% cpu@50.75C soc2@49.062C soc0@50.687C gpu@51.375C tj@51.375C soc1@50.468C VDD_IN 7131mW/6487mW VDD_CPU_GPU_CV 1440mW/1078mW VDD_SOC 3200mW/3005mW
08-01-2026 20:14:30 RAM 2121/7620MB (lfb 4x4MB) SWAP 0/3810MB (cached 0MB) CPU [0%@1728,0%@1728,0%@1728,100%@1728,0%@729,0%@729] GR3D_FREQ 0% cpu@51.031C soc2@49.156C soc0@50.781C gpu@51.406C tj@51.406C soc1@50.531C VDD_IN 7451mW/6502mW VDD_CPU_GPU_CV 1680mW/1088mW VDD_SOC 3240mW/3009mW
08-01-2026 20:14:31 RAM 2121/7620MB (lfb 4x4MB) SWAP 0/3810MB (cached 0MB) CPU [0%@1728,0%@1728,0%@1728,100%@1728,0%@729,0%@729] GR3D_FREQ 0% cpu@50.812C soc2@49.093C soc0@50.875C gpu@51.468C tj@51.468C soc1@50.468C VDD_IN 7331mW/6514mW VDD_CPU_GPU_CV 1560mW/1095mW VDD_SOC 3240mW/3013mW
08-01-2026 20:14:32 RAM 2121/7620MB (lfb 4x4MB) SWAP 0/3810MB (cached 0MB) CPU [1%@1728,0%@1728,0%@1728,100%@1728,0%@729,0%@729] GR3D_FREQ 0% cpu@51.031C soc2@49.125C soc0@50.875C gpu@51.468C tj@51.468C soc1@50.5C VDD_IN 7251mW/6526mW VDD_CPU_GPU_CV 1560mW/1102mW VDD_SOC 3200mW/3015mW
08-01-2026 20:14:33 RAM 2121/7620MB (lfb 4x4MB) SWAP 0/3810MB (cached 0MB) CPU [0%@1728,1%@1728,0%@1728,100%@1728,0%@729,0%@729] GR3D_FREQ 0% cpu@51.25C soc2@49.218C soc0@50.656C gpu@51.593C tj@51.593C soc1@50.531C VDD_IN 7251mW/6536mW VDD_CPU_GPU_CV 1560mW/1109mW VDD_SOC 3240mW/3019mW
08-01-2026 20:14:34 RAM 2121/7620MB (lfb 4x4MB) SWAP 0/3810MB (cached 0MB) CPU [0%@1728,0%@1728,0%@1728,100%@1728,0%@729,0%@729] GR3D_FREQ 0% cpu@50.937C soc2@49.25C soc0@50.812C gpu@51.468C tj@51.468C soc1@50.531C VDD_IN 7251mW/6547mW VDD_CPU_GPU_CV 1560mW/1115mW VDD_SOC 3200mW/3021mW
08-01-2026 20:14:35 RAM 2054/7620MB (lfb 4x4MB) SWAP 0/3810MB (cached 0MB) CPU [0%@729,0%@729,0%@729,72%@729,0%@729,0%@729] GR3D_FREQ 0% cpu@50.5C soc2@49.187C soc0@50.906C gpu@51.687C tj@51.687C soc1@50.593C VDD_IN 6570mW/6547mW VDD_CPU_GPU_CV 1120mW/1115mW VDD_SOC 3040mW/3022mW
08-01-2026 20:14:36 RAM 2054/7620MB (lfb 4x4MB) SWAP 0/3810MB (cached 0MB) CPU [2%@729,0%@729,3%@729,8%@729,0%@729,0%@729] GR3D_FREQ 0% cpu@50.656C soc2@49.093C soc0@50.937C gpu@51.656C tj@51.343C soc1@50.5C VDD_IN 6009mW/6540mW VDD_CPU_GPU_CV 640mW/1109mW VDD_SOC 2844mW/3019mW
08-01-2026 20:14:37 RAM 2054/7620MB (lfb 4x4MB) SWAP 0/3810MB (cached 0MB) CPU [1%@729,0%@729,1%@729,9%@729,0%@729,0%@729] GR3D_FREQ 0% cpu@50.687C soc2@49C soc0@50.718C gpu@51.312C tj@51.312C soc1@50.406C VDD_IN 5929mW/6531mW VDD_CPU_GPU_CV 600mW/1101mW VDD_SOC 2804mW/3016mW
08-01-2026 20:14:38 RAM 2055/7620MB (lfb 5x4MB) SWAP 0/3810MB (cached 0MB) CPU [0%@729,0%@729,6%@729,2%@729,0%@729,0%@729] GR3D_FREQ 0% cpu@50.437C soc2@48.968C soc0@50.75C gpu@51.281C tj@51.281C soc1@50.593C VDD_IN 5929mW/6523mW VDD_CPU_GPU_CV 600mW/1094mW VDD_SOC 2804mW/3013mW
08-01-2026 20:14:39 RAM 2055/7620MB (lfb 6x4MB) SWAP 0/3810MB (cached 0MB) CPU [2%@729,0%@729,3%@729,5%@729,0%@729,0%@729] GR3D_FREQ 0% cpu@50.468C soc2@48.906C soc0@50.843C gpu@51.593C tj@51.593C soc1@50.468C VDD_IN 5929mW/6514mW VDD_CPU_GPU_CV 600mW/1088mW VDD_SOC 2804mW/3010mW
08-01-2026 20:14:40 RAM 2055/7620MB (lfb 6x4MB) SWAP 0/3810MB (cached 0MB) CPU [0%@729,0%@729,4%@729,4%@729,0%@729,0%@729] GR3D_FREQ 0% cpu@50.718C soc2@49C soc0@50.625C gpu@51.625C tj@51.312C soc1@50.468C VDD_IN 5929mW/6507mW VDD_CPU_GPU_CV 600mW/1081mW VDD_SOC 2804mW/3008mW
08-01-2026 20:14:41 RAM 2055/7620MB (lfb 6x4MB) SWAP 0/3810MB (cached 0MB) CPU [1%@729,0%@729,6%@729,0%@729,0%@729,0%@729] GR3D_FREQ 0% cpu@50.25C soc2@49C soc0@50.75C gpu@51.25C tj@51.25C soc1@50.5C VDD_IN 5929mW/6499mW VDD_CPU_GPU_CV 600mW/1075mW VDD_SOC 2804mW/3005mW
08-01-2026 20:14:42 RAM 2056/7620MB (lfb 6x4MB) SWAP 0/3810MB (cached 0MB) CPU [2%@729,1%@729,4%@729,4%@729,0%@729,0%@729] GR3D_FREQ 0% cpu@50.312C soc2@49C soc0@50.687C gpu@51.531C tj@51.531C soc1@50.5C VDD_IN 5929mW/6491mW VDD_CPU_GPU_CV 600mW/1068mW VDD_SOC 2804mW/3002mW
08-01-2026 20:14:43 RAM 2057/7620MB (lfb 5x4MB) SWAP 0/3810MB (cached 0MB) CPU [1%@729,1%@729,4%@729,3%@729,0%@729,0%@729] GR3D_FREQ 0% cpu@50.468C soc2@48.937C soc0@50.625C gpu@51.625C tj@51.625C soc1@50.312C VDD_IN 5929mW/6484mW VDD_CPU_GPU_CV 600mW/1062mW VDD_SOC 2804mW/3000mW
08-01-2026 20:14:44 RAM 2056/7620MB (lfb 6x4MB) SWAP 0/3810MB (cached 0MB) CPU [7%@729,5%@729,7%@729,13%@729,6%@729,5%@729] GR3D_FREQ 0% cpu@50.281C soc2@49C soc0@50.687C gpu@51.312C tj@51.312C soc1@50.375C VDD_IN 6049mW/6478mW VDD_CPU_GPU_CV 680mW/1057mW VDD_SOC 2844mW/2998mW
08-01-2026 20:14:45 RAM 2057/7620MB (lfb 5x4MB) SWAP 0/3810MB (cached 0MB) CPU [15%@729,12%@729,12%@729,8%@729,10%@729,11%@729] GR3D_FREQ 0% cpu@50.343C soc2@48.906C soc0@50.75C gpu@51.625C tj@51.625C soc1@50.625C VDD_IN 6089mW/6474mW VDD_CPU_GPU_CV 680mW/1053mW VDD_SOC 2844mW/2996mW
08-01-2026 20:14:47 RAM 2057/7620MB (lfb 5x4MB) SWAP 0/3810MB (cached 0MB) CPU [6%@729,1%@729,1%@729,5%@729,3%@729,3%@729] GR3D_FREQ 0% cpu@50.406C soc2@48.906C soc0@50.656C gpu@51.312C tj@51.312C soc1@50.406C VDD_IN 6009mW/6468mW VDD_CPU_GPU_CV 640mW/1048mW VDD_SOC 2804mW/2993mW
08-01-2026 20:14:48 RAM 2058/7620MB (lfb 6x4MB) SWAP 0/3810MB (cached 0MB) CPU [23%@729,19%@729,17%@729,19%@729,17%@729,18%@729] GR3D_FREQ 0% cpu@50.468C soc2@48.937C soc0@50.781C gpu@51.25C tj@51.25C soc1@50.5C VDD_IN 6290mW/6466mW VDD_CPU_GPU_CV 800mW/1044mW VDD_SOC 2884mW/2992mW
08-01-2026 20:14:49 RAM 2058/7620MB (lfb 7x4MB) SWAP 0/3810MB (cached 0MB) CPU [8%@729,4%@729,4%@729,5%@729,4%@729,4%@729] GR3D_FREQ 0% cpu@50.312C soc2@48.968C soc0@50.75C gpu@51.593C tj@51.593C soc1@50.406C VDD_IN 6049mW/6460mW VDD_CPU_GPU_CV 640mW/1040mW VDD_SOC 2844mW/2990mW
08-01-2026 20:14:50 RAM 2058/7620MB (lfb 6x4MB) SWAP 0/3810MB (cached 0MB) CPU [5%@729,1%@729,1%@729,3%@729,2%@729,2%@729] GR3D_FREQ 0% cpu@50.593C soc2@49C soc0@50.687C gpu@51.218C tj@51.218C soc1@50.375C VDD_IN 6009mW/6455mW VDD_CPU_GPU_CV 600mW/1034mW VDD_SOC 2804mW/2988mW
08-01-2026 20:14:51 RAM 2257/7620MB (lfb 25x4MB) SWAP 0/3810MB (cached 0MB) CPU [19%@1728,17%@1728,18%@1728,71%@1728,21%@729,19%@729] GR3D_FREQ 14% cpu@51.093C soc2@49.218C soc0@50.781C gpu@51.531C tj@51.531C soc1@50.437C VDD_IN 7732mW/6470mW VDD_CPU_GPU_CV 1480mW/1040mW VDD_SOC 3400mW/2993mW
08-01-2026 20:14:52 RAM 2348/7620MB (lfb 35x4MB) SWAP 0/3810MB (cached 0MB) CPU [20%@729,8%@729,5%@729,24%@729,12%@729,12%@729] GR3D_FREQ 4% cpu@50.5C soc2@49.062C soc0@50.781C gpu@51.25C tj@51.25C soc1@50.531C VDD_IN 6511mW/6471mW VDD_CPU_GPU_CV 882mW/1038mW VDD_SOC 3049mW/2993mW
08-01-2026 20:14:53 RAM 2391/7620MB (lfb 20x4MB) SWAP 0/3810MB (cached 0MB) CPU [2%@729,0%@729,0%@729,27%@729,0%@729,0%@729] GR3D_FREQ 0% cpu@50.625C soc2@49C soc0@50.937C gpu@51.281C tj@51.281C soc1@50.656C VDD_IN 6249mW/6468mW VDD_CPU_GPU_CV 644mW/1033mW VDD_SOC 2938mW/2993mW
08-01-2026 20:14:54 RAM 2591/7620MB (lfb 6x4MB) SWAP 0/3810MB (cached 0MB) CPU [8%@883,1%@883,0%@883,42%@883,0%@729,0%@729] GR3D_FREQ 10% cpu@50.593C soc2@49C soc0@50.75C gpu@51.375C tj@51.375C soc1@50.593C VDD_IN 6249mW/6466mW VDD_CPU_GPU_CV 684mW/1029mW VDD_SOC 2898mW/2992mW
08-01-2026 20:14:55 RAM 2948/7620MB (lfb 5x4MB) SWAP 0/3810MB (cached 0MB) CPU [11%@1728,2%@1728,1%@1728,52%@1728,0%@729,0%@729] GR3D_FREQ 87% cpu@51.031C soc2@49.25C soc0@50.875C gpu@51.781C tj@51.781C soc1@50.781C VDD_IN 7676mW/6479mW VDD_CPU_GPU_CV 1487mW/1034mW VDD_SOC 3295mW/2995mW
08-01-2026 20:14:56 RAM 2985/7620MB (lfb 5x4MB) SWAP 0/3810MB (cached 0MB) CPU [47%@729,0%@729,1%@729,5%@729,33%@1728,4%@1728] GR3D_FREQ 99% cpu@51.156C soc2@49.406C soc0@50.968C gpu@52.531C tj@52.531C soc1@50.781C VDD_IN 9389mW/6512mW VDD_CPU_GPU_CV 2483mW/1051mW VDD_SOC 3772mW/3004mW
08-01-2026 20:14:57 RAM 2983/7620MB (lfb 4x4MB) SWAP 0/3810MB (cached 0MB) CPU [1%@729,1%@729,0%@729,0%@729,0%@1267,90%@1267] GR3D_FREQ 88% cpu@51.656C soc2@49.562C soc0@51.093C gpu@53.093C tj@53.093C soc1@50.781C VDD_IN 10496mW/6556mW VDD_CPU_GPU_CV 3120mW/1074mW VDD_SOC 4000mW/3015mW
08-01-2026 20:14:58 RAM 2983/7620MB (lfb 4x4MB) SWAP 0/3810MB (cached 0MB) CPU [0%@729,0%@729,1%@729,0%@729,0%@806,88%@806] GR3D_FREQ 99% cpu@51.875C soc2@49.75C soc0@51.031C gpu@53.312C tj@53.312C soc1@50.875C VDD_IN 11017mW/6605mW VDD_CPU_GPU_CV 3554mW/1101mW VDD_SOC 4080mW/3027mW
08-01-2026 20:14:59 RAM 2983/7620MB (lfb 4x4MB) SWAP 0/3810MB (cached 0MB) CPU [1%@729,0%@729,0%@729,0%@729,0%@1651,90%@1651] GR3D_FREQ 99% cpu@51.656C soc2@49.812C soc0@51.125C gpu@53.125C tj@53.125C soc1@51.093C VDD_IN 11240mW/6656mW VDD_CPU_GPU_CV 3714mW/1129mW VDD_SOC 4120mW/3039mW
08-01-2026 20:15:00 RAM 2983/7620MB (lfb 4x4MB) SWAP 0/3810MB (cached 0MB) CPU [1%@729,0%@729,1%@729,0%@729,0%@1574,90%@1574] GR3D_FREQ 33% cpu@51.75C soc2@49.968C soc0@51.281C gpu@53.125C tj@53.125C soc1@51.25C VDD_IN 11280mW/6705mW VDD_CPU_GPU_CV 3793mW/1158mW VDD_SOC 4120mW/3050mW
08-01-2026 20:15:01 RAM 2983/7620MB (lfb 4x4MB) SWAP 0/3810MB (cached 0MB) CPU [1%@729,0%@729,0%@729,0%@729,0%@1651,91%@1651] GR3D_FREQ 42% cpu@51.937C soc2@49.875C soc0@51.437C gpu@53C tj@53C soc1@51.156C VDD_IN 11320mW/6755mW VDD_CPU_GPU_CV 3674mW/1185mW VDD_SOC 4120mW/3062mW
08-01-2026 20:15:02 RAM 2983/7620MB (lfb 4x4MB) SWAP 0/3810MB (cached 0MB) CPU [1%@729,1%@729,0%@729,0%@729,0%@1728,91%@1728] GR3D_FREQ 46% cpu@51.875C soc2@49.968C soc0@51.343C gpu@52.75C tj@52.75C soc1@51.187C VDD_IN 11240mW/6802mW VDD_CPU_GPU_CV 3753mW/1212mW VDD_SOC 4160mW/3073mW
08-01-2026 20:15:03 RAM 2983/7620MB (lfb 4x4MB) SWAP 0/3810MB (cached 0MB) CPU [1%@729,0%@729,0%@729,0%@729,0%@1728,89%@1728] GR3D_FREQ 25% cpu@52.062C soc2@50C soc0@51.437C gpu@53C tj@53C soc1@51.312C VDD_IN 11017mW/6846mW VDD_CPU_GPU_CV 3554mW/1236mW VDD_SOC 4120mW/3084mW
08-01-2026 20:15:04 RAM 2983/7620MB (lfb 4x4MB) SWAP 0/3810MB (cached 0MB) CPU [1%@729,0%@729,0%@729,1%@729,18%@1728,72%@1728] GR3D_FREQ 24% cpu@52C soc2@50.125C soc0@51.562C gpu@53.093C tj@53.093C soc1@51.375C VDD_IN 11017mW/6889mW VDD_CPU_GPU_CV 3514mW/1260mW VDD_SOC 4080mW/3094mW
08-01-2026 20:15:05 RAM 2983/7620MB (lfb 4x4MB) SWAP 0/3810MB (cached 0MB) CPU [1%@729,0%@729,0%@729,0%@729,90%@1728,0%@1728] GR3D_FREQ 24% cpu@52.281C soc2@50.125C soc0@51.687C gpu@53.093C tj@53.093C soc1@51.5C VDD_IN 10777mW/6928mW VDD_CPU_GPU_CV 3394mW/1281mW VDD_SOC 4040mW/3104mW
08-01-2026 20:15:06 RAM 2983/7620MB (lfb 4x4MB) SWAP 0/3810MB (cached 0MB) CPU [1%@729,0%@729,1%@729,2%@729,91%@1728,0%@1728] GR3D_FREQ 24% cpu@52.312C soc2@50.156C soc0@51.812C gpu@53.125C tj@53.125C soc1@51.406C VDD_IN 10737mW/6967mW VDD_CPU_GPU_CV 3434mW/1303mW VDD_SOC 4040mW/3113mW
08-01-2026 20:15:07 RAM 2983/7620MB (lfb 4x4MB) SWAP 0/3810MB (cached 0MB) CPU [1%@729,0%@729,0%@729,0%@729,91%@1728,0%@1728] GR3D_FREQ 25% cpu@52.281C soc2@50.25C soc0@51.687C gpu@52.906C tj@52.906C soc1@51.562C VDD_IN 10616mW/7003mW VDD_CPU_GPU_CV 3354mW/1324mW VDD_SOC 4000mW/3122mW
08-01-2026 20:15:08 RAM 2983/7620MB (lfb 4x4MB) SWAP 0/3810MB (cached 0MB) CPU [0%@729,1%@729,0%@729,0%@729,90%@1728,0%@1728] GR3D_FREQ 27% cpu@52.312C soc2@50.312C soc0@51.781C gpu@53C tj@53C soc1@51.625C VDD_IN 10456mW/7037mW VDD_CPU_GPU_CV 3240mW/1343mW VDD_SOC 3966mW/3131mW
08-01-2026 20:15:09 RAM 2984/7620MB (lfb 4x4MB) SWAP 0/3810MB (cached 0MB) CPU [1%@729,0%@729,0%@729,0%@729,89%@1728,0%@1728] GR3D_FREQ 30% cpu@52.375C soc2@50.468C soc0@51.75C gpu@52.968C tj@52.968C soc1@51.812C VDD_IN 10416mW/7071mW VDD_CPU_GPU_CV 3160mW/1360mW VDD_SOC 3966mW/3139mW
08-01-2026 20:15:10 RAM 2984/7620MB (lfb 4x4MB) SWAP 0/3810MB (cached 0MB) CPU [0%@729,0%@729,0%@729,1%@729,91%@1728,0%@1728] GR3D_FREQ 30% cpu@52.437C soc2@50.375C soc0@51.937C gpu@53.031C tj@53.031C soc1@51.687C VDD_IN 10336mW/7102mW VDD_CPU_GPU_CV 3160mW/1378mW VDD_SOC 3926mW/3146mW
08-01-2026 20:15:11 RAM 2984/7620MB (lfb 4x4MB) SWAP 0/3810MB (cached 0MB) CPU [2%@729,1%@729,1%@729,0%@729,91%@1728,0%@1728] GR3D_FREQ 30% cpu@52.875C soc2@50.375C soc0@52C gpu@53.093C tj@53.093C soc1@51.812C VDD_IN 10256mW/7133mW VDD_CPU_GPU_CV 3120mW/1395mW VDD_SOC 3926mW/3154mW
08-01-2026 20:15:12 RAM 2984/7620MB (lfb 4x4MB) SWAP 0/3810MB (cached 0MB) CPU [0%@729,1%@729,0%@729,0%@729,58%@1728,31%@1728] GR3D_FREQ 30% cpu@52.531C soc2@50.468C soc0@52C gpu@53.343C tj@53.343C soc1@51.812C VDD_IN 10136mW/7161mW VDD_CPU_GPU_CV 3040mW/1410mW VDD_SOC 3886mW/3161mW
08-01-2026 20:15:13 RAM 2984/7620MB (lfb 4x4MB) SWAP 0/3810MB (cached 0MB) CPU [1%@729,0%@729,0%@729,1%@729,1%@1728,90%@1728] GR3D_FREQ 30% cpu@52.468C soc2@50.562C soc0@52.093C gpu@53.468C tj@53.468C soc1@51.875C VDD_IN 10096mW/7189mW VDD_CPU_GPU_CV 3000mW/1425mW VDD_SOC 3886mW/3168mW
08-01-2026 20:15:14 RAM 2984/7620MB (lfb 4x4MB) SWAP 0/3810MB (cached 0MB) CPU [1%@729,0%@729,0%@729,0%@729,0%@1728,91%@1728] GR3D_FREQ 30% cpu@52.312C soc2@50.468C soc0@52.187C gpu@53.531C tj@53.531C soc1@52.031C VDD_IN 10016mW/7215mW VDD_CPU_GPU_CV 2960mW/1440mW VDD_SOC 3846mW/3174mW
08-01-2026 20:15:15 RAM 2984/7620MB (lfb 4x4MB) SWAP 0/3810MB (cached 0MB) CPU [0%@729,0%@729,0%@729,1%@729,0%@1728,91%@1728] GR3D_FREQ 30% cpu@52.468C soc2@50.593C soc0@52.343C gpu@53.531C tj@53.531C soc1@51.937C VDD_IN 9975mW/7241mW VDD_CPU_GPU_CV 2920mW/1453mW VDD_SOC 3846mW/3180mW
08-01-2026 20:15:16 RAM 2984/7620MB (lfb 4x4MB) SWAP 0/3810MB (cached 0MB) CPU [1%@729,0%@729,1%@729,0%@729,0%@1728,91%@1728] GR3D_FREQ 28% cpu@52.656C soc2@50.687C soc0@52.125C gpu@53.593C tj@53.593C soc1@52.031C VDD_IN 9855mW/7265mW VDD_CPU_GPU_CV 2880mW/1466mW VDD_SOC 3806mW/3186mW
08-01-2026 20:15:17 RAM 2984/7620MB (lfb 4x4MB) SWAP 0/3810MB (cached 0MB) CPU [1%@729,1%@729,0%@729,0%@729,0%@1728,90%@1728] GR3D_FREQ 28% cpu@52.843C soc2@50.781C soc0@52.281C gpu@53.281C tj@53.281C soc1@52.125C VDD_IN 9791mW/7288mW VDD_CPU_GPU_CV 2840mW/1479mW VDD_SOC 3806mW/3192mW
08-01-2026 20:15:18 RAM 2984/7620MB (lfb 4x4MB) SWAP 0/3810MB (cached 0MB) CPU [0%@729,0%@729,0%@729,0%@729,0%@1728,89%@1728] GR3D_FREQ 30% cpu@52.5C soc2@50.843C soc0@52.343C gpu@53.375C tj@53.375C soc1@52.281C VDD_IN 9710mW/7310mW VDD_CPU_GPU_CV 2800mW/1491mW VDD_SOC 3766mW/3197mW
08-01-2026 20:15:19 RAM 2984/7620MB (lfb 4x4MB) SWAP 0/3810MB (cached 0MB) CPU [1%@729,1%@729,1%@729,0%@729,0%@1728,91%@1728] GR3D_FREQ 30% cpu@52.718C soc2@50.937C soc0@52.375C gpu@53.468C tj@53.468C soc1@52.156C VDD_IN 9710mW/7331mW VDD_CPU_GPU_CV 2800mW/1502mW VDD_SOC 3766mW/3202mW
08-01-2026 20:15:20 RAM 2984/7620MB (lfb 4x4MB) SWAP 0/3810MB (cached 0MB) CPU [1%@729,0%@729,0%@729,0%@729,0%@1728,89%@1728] GR3D_FREQ 31% cpu@52.656C soc2@50.781C soc0@52.5C gpu@53.5C tj@53.5C soc1@52.25C VDD_IN 9630mW/7351mW VDD_CPU_GPU_CV 2680mW/1513mW VDD_SOC 3766mW/3207mW
08-01-2026 20:15:21 RAM 2984/7620MB (lfb 4x4MB) SWAP 0/3810MB (cached 0MB) CPU [1%@729,0%@729,0%@729,0%@729,0%@1728,89%@1728] GR3D_FREQ 31% cpu@52.812C soc2@50.937C soc0@52.437C gpu@53.531C tj@53.531C soc1@52.218C VDD_IN 9590mW/7371mW VDD_CPU_GPU_CV 2640mW/1523mW VDD_SOC 3766mW/3212mW
08-01-2026 20:15:22 RAM 2984/7620MB (lfb 4x4MB) SWAP 0/3810MB (cached 0MB) CPU [0%@729,1%@729,1%@729,0%@729,0%@1728,89%@1728] GR3D_FREQ 29% cpu@52.968C soc2@50.937C soc0@52.5C gpu@53.468C tj@53.468C soc1@52.406C VDD_IN 9550mW/7390mW VDD_CPU_GPU_CV 2680mW/1533mW VDD_SOC 3766mW/3217mW
08-01-2026 20:15:23 RAM 2984/7620MB (lfb 4x4MB) SWAP 0/3810MB (cached 0MB) CPU [1%@1728,57%@1728,1%@1728,0%@1728,0%@729,33%@729] GR3D_FREQ 30% cpu@52.843C soc2@51.093C soc0@52.625C gpu@53.593C tj@53.593C soc1@52.468C VDD_IN 9550mW/7409mW VDD_CPU_GPU_CV 2644mW/1542mW VDD_SOC 3725mW/3221mW
08-01-2026 20:15:24 RAM 2984/7620MB (lfb 4x4MB) SWAP 0/3810MB (cached 0MB) CPU [1%@1728,31%@1728,58%@1728,0%@1728,0%@729,0%@729] GR3D_FREQ 30% cpu@53.375C soc2@51.062C soc0@52.718C gpu@53.593C tj@53.593C soc1@52.468C VDD_IN 9470mW/7426mW VDD_CPU_GPU_CV 2604mW/1552mW VDD_SOC 3725mW/3225mW
08-01-2026 20:15:25 RAM 2984/7620MB (lfb 4x4MB) SWAP 0/3810MB (cached 0MB) CPU [1%@1728,0%@1728,31%@1728,59%@1728,0%@729,0%@729] GR3D_FREQ 40% cpu@53.25C soc2@51.031C soc0@52.812C gpu@53.656C tj@53.656C soc1@52.5C VDD_IN 9470mW/7444mW VDD_CPU_GPU_CV 2644mW/1561mW VDD_SOC 3725mW/3230mW
08-01-2026 20:15:26 RAM 2984/7620MB (lfb 4x4MB) SWAP 0/3810MB (cached 0MB) CPU [61%@1728,0%@1728,0%@1728,29%@1728,1%@729,0%@729] GR3D_FREQ 36% cpu@53.281C soc2@51.312C soc0@52.687C gpu@53.656C tj@53.656C soc1@52.562C VDD_IN 9389mW/7460mW VDD_CPU_GPU_CV 2604mW/1570mW VDD_SOC 3725mW/3234mW
08-01-2026 20:15:27 RAM 2984/7620MB (lfb 4x4MB) SWAP 0/3810MB (cached 0MB) CPU [29%@1728,0%@1728,61%@1728,0%@1728,0%@729,0%@729] GR3D_FREQ 38% cpu@53.593C soc2@51.281C soc0@52.718C gpu@53.656C tj@53.656C soc1@52.687C VDD_IN 9389mW/7476mW VDD_CPU_GPU_CV 2564mW/1578mW VDD_SOC 3725mW/3238mW
08-01-2026 20:15:28 RAM 2984/7620MB (lfb 4x4MB) SWAP 0/3810MB (cached 0MB) CPU [1%@1728,1%@1728,89%@1728,0%@1728,0%@729,0%@729] GR3D_FREQ 38% cpu@53.593C soc2@51.312C soc0@52.812C gpu@53.75C tj@53.75C soc1@52.781C VDD_IN 9389mW/7492mW VDD_CPU_GPU_CV 2564mW/1586mW VDD_SOC 3725mW/3242mW
08-01-2026 20:15:29 RAM 2984/7620MB (lfb 4x4MB) SWAP 0/3810MB (cached 0MB) CPU [0%@1728,0%@1728,90%@1728,0%@1728,1%@729,1%@729] GR3D_FREQ 40% cpu@53.718C soc2@51.437C soc0@52.843C gpu@53.812C tj@53.812C soc1@52.875C VDD_IN 9349mW/7507mW VDD_CPU_GPU_CV 2564mW/1594mW VDD_SOC 3691mW/3246mW
08-01-2026 20:15:30 RAM 2984/7620MB (lfb 4x4MB) SWAP 0/3810MB (cached 0MB) CPU [1%@1728,1%@1728,26%@1728,63%@1728,0%@729,0%@729] GR3D_FREQ 39% cpu@53.406C soc2@51.375C soc0@52.906C gpu@53.812C tj@53.812C soc1@52.718C VDD_IN 9389mW/7522mW VDD_CPU_GPU_CV 2564mW/1602mW VDD_SOC 3685mW/3249mW
08-01-2026 20:15:31 RAM 2984/7620MB (lfb 4x4MB) SWAP 0/3810MB (cached 0MB) CPU [5%@1728,0%@1728,0%@1728,86%@1728,0%@729,1%@729] GR3D_FREQ 40% cpu@53.718C soc2@51.406C soc0@53.093C gpu@53.875C tj@53.875C soc1@52.781C VDD_IN 9349mW/7537mW VDD_CPU_GPU_CV 2564mW/1610mW VDD_SOC 3691mW/3253mW
08-01-2026 20:15:32 RAM 2984/7620MB (lfb 4x4MB) SWAP 0/3810MB (cached 0MB) CPU [0%@1728,0%@1728,0%@1728,90%@1728,0%@729,0%@729] GR3D_FREQ 40% cpu@53.531C soc2@51.437C soc0@52.906C gpu@54.156C tj@54.156C soc1@52.906C VDD_IN 9309mW/7551mW VDD_CPU_GPU_CV 2524mW/1617mW VDD_SOC 3691mW/3256mW
08-01-2026 20:15:33 RAM 2990/7620MB (lfb 3x4MB) SWAP 0/3810MB (cached 0MB) CPU [5%@1728,7%@1728,4%@1728,90%@1728,2%@729,2%@729] GR3D_FREQ 40% cpu@53.968C soc2@51.468C soc0@52.968C gpu@54.25C tj@54.25C soc1@53C VDD_IN 9349mW/7565mW VDD_CPU_GPU_CV 2564mW/1624mW VDD_SOC 3685mW/3260mW
08-01-2026 20:15:34 RAM 2990/7620MB (lfb 3x4MB) SWAP 0/3810MB (cached 0MB) CPU [1%@1728,69%@1728,0%@1728,24%@1728,0%@729,0%@729] GR3D_FREQ 37% cpu@53.312C soc2@51.562C soc0@53.062C gpu@54.25C tj@54.25C soc1@53.125C VDD_IN 9269mW/7579mW VDD_CPU_GPU_CV 2524mW/1632mW VDD_SOC 3651mW/3263mW
08-01-2026 20:15:35 RAM 2990/7620MB (lfb 3x4MB) SWAP 0/3810MB (cached 0MB) CPU [0%@1728,87%@1728,0%@1728,0%@1728,0%@729,0%@729] GR3D_FREQ 40% cpu@53.406C soc2@51.468C soc0@53.25C gpu@54.437C tj@54.437C soc1@53.031C VDD_IN 9109mW/7591mW VDD_CPU_GPU_CV 2363mW/1637mW VDD_SOC 3651mW/3266mW
08-01-2026 20:15:36 RAM 2990/7620MB (lfb 3x4MB) SWAP 0/3810MB (cached 0MB) CPU [1%@1728,90%@1728,1%@1728,0%@1728,0%@729,0%@729] GR3D_FREQ 40% cpu@53.625C soc2@51.531C soc0@53.187C gpu@54.437C tj@54.437C soc1@53.062C VDD_IN 9229mW/7604mW VDD_CPU_GPU_CV 2483mW/1644mW VDD_SOC 3651mW/3269mW
08-01-2026 20:15:37 RAM 2990/7620MB (lfb 3x4MB) SWAP 0/3810MB (cached 0MB) CPU [0%@1728,87%@1728,0%@1728,0%@1728,0%@729,0%@729] GR3D_FREQ 40% cpu@53.593C soc2@51.625C soc0@53.156C gpu@54.468C tj@54.468C soc1@53.031C VDD_IN 9109mW/7615mW VDD_CPU_GPU_CV 2323mW/1649mW VDD_SOC 3651mW/3272mW
08-01-2026 20:15:38 RAM 2990/7620MB (lfb 3x4MB) SWAP 0/3810MB (cached 0MB) CPU [1%@1728,91%@1728,0%@1728,0%@1728,0%@729,0%@729] GR3D_FREQ 37% cpu@53.812C soc2@51.687C soc0@53.281C gpu@54.5C tj@54.5C soc1@53.093C VDD_IN 9269mW/7628mW VDD_CPU_GPU_CV 2483mW/1655mW VDD_SOC 3691mW/3275mW
08-01-2026 20:15:39 RAM 2990/7620MB (lfb 3x4MB) SWAP 0/3810MB (cached 0MB) CPU [0%@1728,90%@1728,0%@1728,0%@1728,0%@729,0%@729] GR3D_FREQ 40% cpu@53.468C soc2@51.687C soc0@53.406C gpu@54.562C tj@54.562C soc1@53.125C VDD_IN 9269mW/7640mW VDD_CPU_GPU_CV 2483mW/1662mW VDD_SOC 3651mW/3278mW
08-01-2026 20:15:40 RAM 2990/7620MB (lfb 3x4MB) SWAP 0/3810MB (cached 0MB) CPU [66%@1728,21%@1728,0%@1728,0%@1728,0%@729,0%@729] GR3D_FREQ 39% cpu@53.718C soc2@51.875C soc0@53.375C gpu@54.125C tj@54.125C soc1@53.25C VDD_IN 9109mW/7651mW VDD_CPU_GPU_CV 2363mW/1667mW VDD_SOC 3611mW/3280mW
08-01-2026 20:15:41 RAM 2990/7620MB (lfb 3x4MB) SWAP 0/3810MB (cached 0MB) CPU [22%@1728,0%@1728,0%@1728,66%@1728,0%@729,1%@729] GR3D_FREQ 39% cpu@53.625C soc2@51.656C soc0@53.406C gpu@54.093C tj@54.093C soc1@53.125C VDD_IN 9189mW/7663mW VDD_CPU_GPU_CV 2363mW/1672mW VDD_SOC 3651mW/3283mW
08-01-2026 20:15:42 RAM 2990/7620MB (lfb 3x4MB) SWAP 0/3810MB (cached 0MB) CPU [67%@1728,1%@1728,0%@1728,23%@1728,0%@729,1%@729] GR3D_FREQ 40% cpu@53.812C soc2@51.843C soc0@53.343C gpu@54.125C tj@54.125C soc1@53.25C VDD_IN 9229mW/7674mW VDD_CPU_GPU_CV 2483mW/1678mW VDD_SOC 3691mW/3286mW
08-01-2026 20:15:43 RAM 2990/7620MB (lfb 3x4MB) SWAP 0/3810MB (cached 0MB) CPU [24%@1728,0%@1728,0%@1728,66%@1728,1%@729,0%@729] GR3D_FREQ 40% cpu@53.968C soc2@51.812C soc0@53.343C gpu@54.25C tj@54.437C soc1@53.343C VDD_IN 9309mW/7686mW VDD_CPU_GPU_CV 2524mW/1684mW VDD_SOC 3685mW/3289mW
08-01-2026 20:15:44 RAM 2990/7620MB (lfb 3x4MB) SWAP 0/3810MB (cached 0MB) CPU [0%@1728,68%@1728,0%@1728,22%@1728,0%@729,0%@729] GR3D_FREQ 40% cpu@53.75C soc2@51.781C soc0@53.468C gpu@54.406C tj@54.406C soc1@53.406C VDD_IN 9229mW/7698mW VDD_CPU_GPU_CV 2524mW/1690mW VDD_SOC 3691mW/3292mW
08-01-2026 20:15:45 RAM 2990/7620MB (lfb 3x4MB) SWAP 0/3810MB (cached 0MB) CPU [1%@1728,89%@1728,0%@1728,0%@1728,0%@729,0%@729] GR3D_FREQ 38% cpu@53.812C soc2@51.937C soc0@53.5C gpu@54.5C tj@54.5C soc1@53.437C VDD_IN 9229mW/7709mW VDD_CPU_GPU_CV 2483mW/1696mW VDD_SOC 3691mW/3295mW
08-01-2026 20:15:46 RAM 2992/7620MB (lfb 4x4MB) SWAP 0/3810MB (cached 0MB) CPU [7%@1728,90%@1728,2%@1728,3%@1728,3%@729,3%@729] GR3D_FREQ 37% cpu@53.843C soc2@51.906C soc0@53.531C gpu@54.593C tj@54.593C soc1@53.531C VDD_IN 9269mW/7720mW VDD_CPU_GPU_CV 2564mW/1702mW VDD_SOC 3691mW/3298mW
08-01-2026 20:15:47 RAM 2992/7620MB (lfb 4x4MB) SWAP 0/3810MB (cached 0MB) CPU [1%@1728,90%@1728,0%@1728,0%@1728,1%@729,1%@729] GR3D_FREQ 40% cpu@53.843C soc2@51.968C soc0@53.593C gpu@54.593C tj@54.593C soc1@53.375C VDD_IN 9229mW/7731mW VDD_CPU_GPU_CV 2483mW/1708mW VDD_SOC 3651mW/3300mW
08-01-2026 20:15:48 RAM 2992/7620MB (lfb 4x4MB) SWAP 0/3810MB (cached 0MB) CPU [0%@1728,86%@1728,0%@1728,0%@1728,0%@729,0%@729] GR3D_FREQ 38% cpu@53.875C soc2@51.937C soc0@53.5C gpu@54.531C tj@54.531C soc1@53.375C VDD_IN 9109mW/7740mW VDD_CPU_GPU_CV 2323mW/1712mW VDD_SOC 3651mW/3303mW
08-01-2026 20:15:49 RAM 2992/7620MB (lfb 4x4MB) SWAP 0/3810MB (cached 0MB) CPU [1%@1728,90%@1728,1%@1728,0%@1728,0%@729,0%@729] GR3D_FREQ 37% cpu@53.968C soc2@51.937C soc0@53.562C gpu@54.656C tj@54.656C soc1@53.437C VDD_IN 9269mW/7751mW VDD_CPU_GPU_CV 2483mW/1718mW VDD_SOC 3645mW/3305mW
08-01-2026 20:15:50 RAM 2992/7620MB (lfb 4x4MB) SWAP 0/3810MB (cached 0MB) CPU [0%@1728,90%@1728,0%@1728,0%@1728,0%@729,1%@729] GR3D_FREQ 40% cpu@54.187C soc2@52.093C soc0@53.593C gpu@54.625C tj@54.625C soc1@53.593C VDD_IN 9229mW/7762mW VDD_CPU_GPU_CV 2483mW/1723mW VDD_SOC 3651mW/3307mW
08-01-2026 20:15:51 RAM 2992/7620MB (lfb 4x4MB) SWAP 0/3810MB (cached 0MB) CPU [1%@1728,91%@1728,0%@1728,0%@1728,0%@729,0%@729] GR3D_FREQ 40% cpu@53.968C soc2@52.156C soc0@53.656C gpu@54.75C tj@54.75C soc1@53.656C VDD_IN 9189mW/7771mW VDD_CPU_GPU_CV 2443mW/1728mW VDD_SOC 3651mW/3310mW
08-01-2026 20:15:52 RAM 2992/7620MB (lfb 4x4MB) SWAP 0/3810MB (cached 0MB) CPU [1%@1728,90%@1728,0%@1728,0%@1728,0%@729,0%@729] GR3D_FREQ 39% cpu@53.937C soc2@52.062C soc0@53.75C gpu@54.812C tj@54.812C soc1@53.531C VDD_IN 9149mW/7781mW VDD_CPU_GPU_CV 2443mW/1733mW VDD_SOC 3651mW/3312mW
08-01-2026 20:15:53 RAM 2992/7620MB (lfb 4x4MB) SWAP 0/3810MB (cached 0MB) CPU [0%@1728,91%@1728,0%@1728,0%@1728,0%@729,0%@729] GR3D_FREQ 40% cpu@54.218C soc2@52.156C soc0@53.781C gpu@54.843C tj@54.843C soc1@53.562C VDD_IN 9149mW/7790mW VDD_CPU_GPU_CV 2403mW/1738mW VDD_SOC 3651mW/3315mW
08-01-2026 20:15:54 RAM 2992/7620MB (lfb 4x4MB) SWAP 0/3810MB (cached 0MB) CPU [1%@1728,87%@1728,0%@1728,0%@1728,0%@729,1%@729] GR3D_FREQ 40% cpu@54.031C soc2@52.125C soc0@53.75C gpu@54.875C tj@54.875C soc1@53.562C VDD_IN 8988mW/7799mW VDD_CPU_GPU_CV 2283mW/1741mW VDD_SOC 3651mW/3317mW
08-01-2026 20:15:55 RAM 2992/7620MB (lfb 4x4MB) SWAP 0/3810MB (cached 0MB) CPU [1%@1728,90%@1728,0%@1728,0%@1728,0%@729,0%@729] GR3D_FREQ 40% cpu@54.343C soc2@52.187C soc0@53.718C gpu@54.656C tj@54.656C soc1@53.718C VDD_IN 9068mW/7807mW VDD_CPU_GPU_CV 2403mW/1746mW VDD_SOC 3651mW/3319mW
08-01-2026 20:15:56 RAM 2992/7620MB (lfb 4x4MB) SWAP 0/3810MB (cached 0MB) CPU [0%@1728,88%@1728,0%@1728,0%@1728,0%@729,1%@729] GR3D_FREQ 37% cpu@54.125C soc2@52.218C soc0@53.812C gpu@54.718C tj@54.718C soc1@53.75C VDD_IN 9028mW/7815mW VDD_CPU_GPU_CV 2283mW/1749mW VDD_SOC 3651mW/3321mW
08-01-2026 20:15:57 RAM 2992/7620MB (lfb 4x4MB) SWAP 0/3810MB (cached 0MB) CPU [0%@1728,86%@1728,0%@1728,0%@1728,0%@729,0%@729] GR3D_FREQ 39% cpu@54.125C soc2@52.281C soc0@53.875C gpu@54.75C tj@54.75C soc1@53.75C VDD_IN 8988mW/7823mW VDD_CPU_GPU_CV 2283mW/1753mW VDD_SOC 3651mW/3324mW
08-01-2026 20:15:58 RAM 2992/7620MB (lfb 4x4MB) SWAP 0/3810MB (cached 0MB) CPU [1%@1728,89%@1728,0%@1728,0%@1728,1%@729,0%@729] GR3D_FREQ 37% cpu@54.125C soc2@52.281C soc0@53.875C gpu@54.718C tj@54.718C soc1@53.781C VDD_IN 9149mW/7832mW VDD_CPU_GPU_CV 2403mW/1757mW VDD_SOC 3651mW/3326mW
08-01-2026 20:15:59 RAM 2992/7620MB (lfb 4x4MB) SWAP 0/3810MB (cached 0MB) CPU [0%@1728,87%@1728,0%@1728,0%@1728,1%@729,0%@729] GR3D_FREQ 40% cpu@54.218C soc2@52.218C soc0@53.875C gpu@54.812C tj@54.812C soc1@53.718C VDD_IN 9028mW/7840mW VDD_CPU_GPU_CV 2323mW/1761mW VDD_SOC 3651mW/3328mW
08-01-2026 20:16:00 RAM 2992/7620MB (lfb 4x4MB) SWAP 0/3810MB (cached 0MB) CPU [1%@1728,89%@1728,1%@1728,0%@1728,0%@729,1%@729] GR3D_FREQ 40% cpu@54.5C soc2@52.25C soc0@53.843C gpu@54.875C tj@54.875C soc1@53.937C VDD_IN 9149mW/7848mW VDD_CPU_GPU_CV 2403mW/1765mW VDD_SOC 3651mW/3330mW
08-01-2026 20:16:01 RAM 2992/7620MB (lfb 4x4MB) SWAP 0/3810MB (cached 0MB) CPU [0%@1728,90%@1728,0%@1728,0%@1728,0%@729,0%@729] GR3D_FREQ 40% cpu@54.281C soc2@52.375C soc0@53.875C gpu@54.937C tj@54.937C soc1@54.031C VDD_IN 9149mW/7857mW VDD_CPU_GPU_CV 2443mW/1770mW VDD_SOC 3651mW/3332mW
08-01-2026 20:16:02 RAM 2992/7620MB (lfb 4x4MB) SWAP 0/3810MB (cached 0MB) CPU [1%@729,20%@729,0%@729,0%@729,69%@1728,0%@1728] GR3D_FREQ 38% cpu@54.406C soc2@52.187C soc0@53.906C gpu@54.937C tj@54.937C soc1@54C VDD_IN 9109mW/7865mW VDD_CPU_GPU_CV 2363mW/1774mW VDD_SOC 3651mW/3334mW
08-01-2026 20:16:03 RAM 2992/7620MB (lfb 4x4MB) SWAP 0/3810MB (cached 0MB) CPU [0%@729,0%@729,0%@729,1%@729,90%@1728,0%@1728] GR3D_FREQ 37% cpu@54.468C soc2@52.312C soc0@54.062C gpu@54.968C tj@54.781C soc1@53.843C VDD_IN 9068mW/7873mW VDD_CPU_GPU_CV 2363mW/1777mW VDD_SOC 3651mW/3336mW
08-01-2026 20:16:04 RAM 2992/7620MB (lfb 4x4MB) SWAP 0/3810MB (cached 0MB) CPU [1%@729,0%@729,0%@729,1%@729,91%@1728,0%@1728] GR3D_FREQ 40% cpu@54.687C soc2@52.343C soc0@53.968C gpu@54.843C tj@54.843C soc1@54C VDD_IN 9068mW/7880mW VDD_CPU_GPU_CV 2363mW/1781mW VDD_SOC 3651mW/3338mW
08-01-2026 20:16:05 RAM 2992/7620MB (lfb 4x4MB) SWAP 0/3810MB (cached 0MB) CPU [1%@729,0%@729,1%@729,0%@729,90%@1728,0%@1728] GR3D_FREQ 40% cpu@54.5C soc2@52.406C soc0@53.968C gpu@54.875C tj@54.875C soc1@54.031C VDD_IN 9068mW/7888mW VDD_CPU_GPU_CV 2363mW/1785mW VDD_SOC 3611mW/3340mW
08-01-2026 20:16:06 RAM 2992/7620MB (lfb 4x4MB) SWAP 0/3810MB (cached 0MB) CPU [74%@1728,0%@1728,0%@1728,0%@1728,15%@729,0%@729] GR3D_FREQ 39% cpu@54.406C soc2@52.562C soc0@54.062C gpu@54.906C tj@54.906C soc1@54.062C VDD_IN 9028mW/7895mW VDD_CPU_GPU_CV 2323mW/1788mW VDD_SOC 3611mW/3342mW
08-01-2026 20:16:07 RAM 2992/7620MB (lfb 4x4MB) SWAP 0/3810MB (cached 0MB) CPU [90%@1728,0%@1728,0%@1728,1%@1728,0%@729,0%@729] GR3D_FREQ 37% cpu@54.593C soc2@52.656C soc0@54.218C gpu@54.937C tj@54.937C soc1@54.125C VDD_IN 8948mW/7901mW VDD_CPU_GPU_CV 2363mW/1792mW VDD_SOC 3651mW/3343mW
08-01-2026 20:16:08 RAM 2992/7620MB (lfb 4x4MB) SWAP 0/3810MB (cached 0MB) CPU [11%@1728,0%@1728,0%@1728,80%@1728,0%@729,0%@729] GR3D_FREQ 40% cpu@54.656C soc2@52.468C soc0@54.25C gpu@55.031C tj@55.031C soc1@54.093C VDD_IN 9068mW/7909mW VDD_CPU_GPU_CV 2363mW/1795mW VDD_SOC 3651mW/3345mW
08-01-2026 20:16:09 RAM 2992/7620MB (lfb 4x4MB) SWAP 0/3810MB (cached 0MB) CPU [1%@1728,0%@1728,0%@1728,89%@1728,0%@729,1%@729] GR3D_FREQ 39% cpu@54.781C soc2@52.531C soc0@54.375C gpu@55.031C tj@55.031C soc1@54.031C VDD_IN 9068mW/7916mW VDD_CPU_GPU_CV 2363mW/1799mW VDD_SOC 3611mW/3347mW
08-01-2026 20:16:10 RAM 2992/7620MB (lfb 4x4MB) SWAP 0/3810MB (cached 0MB) CPU [1%@1728,0%@1728,0%@1728,89%@1728,0%@729,0%@729] GR3D_FREQ 39% cpu@55C soc2@52.5C soc0@54.156C gpu@55.093C tj@55.093C soc1@54.281C VDD_IN 9068mW/7923mW VDD_CPU_GPU_CV 2363mW/1802mW VDD_SOC 3611mW/3349mW
08-01-2026 20:16:11 RAM 2992/7620MB (lfb 4x4MB) SWAP 0/3810MB (cached 0MB) CPU [0%@1728,0%@1728,0%@1728,91%@1728,0%@729,0%@729] GR3D_FREQ 38% cpu@54.718C soc2@52.531C soc0@54.281C gpu@55.125C tj@55.125C soc1@54.125C VDD_IN 9028mW/7930mW VDD_CPU_GPU_CV 2363mW/1806mW VDD_SOC 3611mW/3350mW
08-01-2026 20:16:12 RAM 2992/7620MB (lfb 4x4MB) SWAP 0/3810MB (cached 0MB) CPU [1%@1728,0%@1728,0%@1728,90%@1728,0%@729,1%@729] GR3D_FREQ 40% cpu@54.625C soc2@52.687C soc0@54.218C gpu@55.093C tj@55.375C soc1@54.375C VDD_IN 8988mW/7936mW VDD_CPU_GPU_CV 2323mW/1809mW VDD_SOC 3611mW/3352mW
08-01-2026 20:16:13 RAM 2992/7620MB (lfb 4x4MB) SWAP 0/3810MB (cached 0MB) CPU [1%@1728,0%@1728,0%@1728,86%@1728,0%@729,0%@729] GR3D_FREQ 40% cpu@54.687C soc2@52.562C soc0@54.281C gpu@55.281C tj@55.281C soc1@54.187C VDD_IN 8908mW/7942mW VDD_CPU_GPU_CV 2283mW/1812mW VDD_SOC 3611mW/3353mW
08-01-2026 20:16:14 RAM 2992/7620MB (lfb 4x4MB) SWAP 0/3810MB (cached 0MB) CPU [1%@1728,0%@1728,0%@1728,90%@1728,0%@729,1%@729] GR3D_FREQ 39% cpu@54.875C soc2@52.625C soc0@54.437C gpu@55.375C tj@55.375C soc1@54.187C VDD_IN 8988mW/7948mW VDD_CPU_GPU_CV 2323mW/1815mW VDD_SOC 3611mW/3355mW
08-01-2026 20:16:15 RAM 2992/7620MB (lfb 4x4MB) SWAP 0/3810MB (cached 0MB) CPU [1%@1728,0%@1728,0%@1728,90%@1728,0%@729,0%@729] GR3D_FREQ 40% cpu@55.187C soc2@52.656C soc0@54.343C gpu@55.468C tj@55.468C soc1@54.281C VDD_IN 8988mW/7954mW VDD_CPU_GPU_CV 2323mW/1818mW VDD_SOC 3611mW/3356mW
08-01-2026 20:16:16 RAM 2992/7620MB (lfb 4x4MB) SWAP 0/3810MB (cached 0MB) CPU [2%@1728,0%@1728,0%@1728,90%@1728,0%@729,0%@729] GR3D_FREQ 39% cpu@54.937C soc2@52.687C soc0@54.312C gpu@55.531C tj@55.531C soc1@54.406C VDD_IN 8948mW/7960mW VDD_CPU_GPU_CV 2283mW/1820mW VDD_SOC 3611mW/3358mW
08-01-2026 20:16:17 RAM 2992/7620MB (lfb 4x4MB) SWAP 0/3810MB (cached 0MB) CPU [90%@1728,0%@1728,0%@1728,0%@1728,0%@729,1%@729] GR3D_FREQ 38% cpu@55.125C soc2@52.906C soc0@54.343C gpu@55.531C tj@55.531C soc1@54.468C VDD_IN 8988mW/7966mW VDD_CPU_GPU_CV 2243mW/1823mW VDD_SOC 3611mW/3359mW
08-01-2026 20:16:18 RAM 2992/7620MB (lfb 4x4MB) SWAP 0/3810MB (cached 0MB) CPU [0%@1728,90%@1728,0%@1728,0%@1728,1%@729,0%@729] GR3D_FREQ 40% cpu@54.625C soc2@52.75C soc0@54.5C gpu@55.656C tj@55.656C soc1@54.25C VDD_IN 8948mW/7972mW VDD_CPU_GPU_CV 2323mW/1826mW VDD_SOC 3611mW/3361mW
08-01-2026 20:16:19 RAM 2992/7620MB (lfb 4x4MB) SWAP 0/3810MB (cached 0MB) CPU [1%@1728,89%@1728,1%@1728,0%@1728,0%@729,0%@729] GR3D_FREQ 46% cpu@54.843C soc2@52.718C soc0@54.562C gpu@55.812C tj@55.812C soc1@54.312C VDD_IN 8988mW/7978mW VDD_CPU_GPU_CV 2323mW/1829mW VDD_SOC 3611mW/3362mW
08-01-2026 20:16:20 RAM 2992/7620MB (lfb 4x4MB) SWAP 0/3810MB (cached 0MB) CPU [1%@1728,90%@1728,0%@1728,0%@1728,0%@729,0%@729] GR3D_FREQ 99% cpu@54.875C soc2@52.875C soc0@54.437C gpu@56.062C tj@56.062C soc1@54.375C VDD_IN 9229mW/7985mW VDD_CPU_GPU_CV 2483mW/1833mW VDD_SOC 3691mW/3364mW
08-01-2026 20:16:21 RAM 2992/7620MB (lfb 4x4MB) SWAP 0/3810MB (cached 0MB) CPU [0%@1420,89%@1420,0%@1420,0%@1420,0%@729,1%@729] GR3D_FREQ 99% cpu@54.812C soc2@52.968C soc0@54.5C gpu@56.062C tj@56.062C soc1@54.5C VDD_IN 9349mW/7993mW VDD_CPU_GPU_CV 2524mW/1836mW VDD_SOC 3685mW/3366mW
08-01-2026 20:16:22 RAM 2992/7620MB (lfb 4x4MB) SWAP 0/3810MB (cached 0MB) CPU [1%@1267,89%@1267,0%@1267,1%@1267,0%@729,0%@729] GR3D_FREQ 99% cpu@54.843C soc2@52.906C soc0@54.5C gpu@55.968C tj@55.968C soc1@54.531C VDD_IN 9430mW/8001mW VDD_CPU_GPU_CV 2564mW/1841mW VDD_SOC 3725mW/3368mW
08-01-2026 20:16:23 RAM 2992/7620MB (lfb 4x4MB) SWAP 0/3810MB (cached 0MB) CPU [1%@883,89%@883,0%@883,0%@883,0%@729,1%@729] GR3D_FREQ 99% cpu@54.718C soc2@53C soc0@54.593C gpu@56.218C tj@56.218C soc1@54.468C VDD_IN 9670mW/8011mW VDD_CPU_GPU_CV 2680mW/1845mW VDD_SOC 3806mW/3371mW
08-01-2026 20:16:24 RAM 2992/7620MB (lfb 4x4MB) SWAP 0/3810MB (cached 0MB) CPU [1%@729,89%@729,1%@729,0%@729,0%@729,0%@729] GR3D_FREQ 99% cpu@54.843C soc2@53C soc0@54.75C gpu@56.187C tj@56.187C soc1@54.437C VDD_IN 9935mW/8022mW VDD_CPU_GPU_CV 2800mW/1851mW VDD_SOC 3886mW/3374mW
08-01-2026 20:16:25 RAM 2992/7620MB (lfb 4x4MB) SWAP 0/3810MB (cached 0MB) CPU [1%@729,2%@729,0%@729,1%@729,87%@1728,1%@1728] GR3D_FREQ 96% cpu@55C soc2@52.968C soc0@54.468C gpu@56.406C tj@56.406C soc1@54.562C VDD_IN 10136mW/8033mW VDD_CPU_GPU_CV 3040mW/1857mW VDD_SOC 3926mW/3377mW
08-01-2026 20:16:26 RAM 2992/7620MB (lfb 4x4MB) SWAP 0/3810MB (cached 0MB) CPU [0%@729,0%@729,0%@729,0%@729,90%@1728,0%@1728] GR3D_FREQ 94% cpu@55.093C soc2@52.968C soc0@54.562C gpu@56.5C tj@56.5C soc1@54.593C VDD_IN 10256mW/8046mW VDD_CPU_GPU_CV 3000mW/1864mW VDD_SOC 3920mW/3380mW
08-01-2026 20:16:27 RAM 2992/7620MB (lfb 4x4MB) SWAP 0/3810MB (cached 0MB) CPU [1%@729,0%@729,1%@729,0%@729,89%@1190,0%@1190] GR3D_FREQ 94% cpu@55.062C soc2@53.156C soc0@54.562C gpu@56.531C tj@56.531C soc1@54.718C VDD_IN 10456mW/8059mW VDD_CPU_GPU_CV 3154mW/1871mW VDD_SOC 4000mW/3383mW
08-01-2026 20:16:28 RAM 2992/7620MB (lfb 4x4MB) SWAP 0/3810MB (cached 0MB) CPU [1%@729,0%@729,0%@729,0%@729,89%@960,0%@960] GR3D_FREQ 99% cpu@55.031C soc2@53.093C soc0@54.781C gpu@56.812C tj@56.812C soc1@54.531C VDD_IN 10760mW/8074mW VDD_CPU_GPU_CV 3394mW/1879mW VDD_SOC 4040mW/3387mW
08-01-2026 20:16:29 RAM 2992/7620MB (lfb 4x4MB) SWAP 0/3810MB (cached 0MB) CPU [0%@729,0%@729,0%@729,0%@729,90%@1651,0%@1651] GR3D_FREQ 99% cpu@55.187C soc2@53.187C soc0@54.843C gpu@56.75C tj@56.75C soc1@54.562C VDD_IN 11200mW/8091mW VDD_CPU_GPU_CV 3714mW/1890mW VDD_SOC 4120mW/3391mW
08-01-2026 20:16:30 RAM 2992/7620MB (lfb 4x4MB) SWAP 0/3810MB (cached 0MB) CPU [1%@729,0%@729,0%@729,0%@729,82%@1574,7%@1574] GR3D_FREQ 42% cpu@55.312C soc2@53.125C soc0@54.718C gpu@56.593C tj@56.593C soc1@54.718C VDD_IN 11160mW/8108mW VDD_CPU_GPU_CV 3634mW/1899mW VDD_SOC 4120mW/3395mW
08-01-2026 20:16:31 RAM 2992/7620MB (lfb 4x4MB) SWAP 0/3810MB (cached 0MB) CPU [0%@729,1%@729,0%@729,1%@729,0%@1651,92%@1651] GR3D_FREQ 38% cpu@55.093C soc2@53.218C soc0@54.718C gpu@56.5C tj@56.5C soc1@54.718C VDD_IN 11320mW/8126mW VDD_CPU_GPU_CV 3747mW/1909mW VDD_SOC 4120mW/3399mW
08-01-2026 20:16:32 RAM 2992/7620MB (lfb 4x4MB) SWAP 0/3810MB (cached 0MB) CPU [0%@729,0%@729,0%@729,0%@729,1%@1651,89%@1651] GR3D_FREQ 44% cpu@55.125C soc2@53.281C soc0@54.843C gpu@56.531C tj@56.531C soc1@54.687C VDD_IN 11160mW/8142mW VDD_CPU_GPU_CV 3634mW/1918mW VDD_SOC 4120mW/3403mW
08-01-2026 20:16:33 RAM 2992/7620MB (lfb 4x4MB) SWAP 0/3810MB (cached 0MB) CPU [1%@729,0%@729,0%@729,0%@729,0%@1728,90%@1728] GR3D_FREQ 42% cpu@55.281C soc2@53.187C soc0@54.875C gpu@56.468C tj@56.468C soc1@54.687C VDD_IN 11240mW/8159mW VDD_CPU_GPU_CV 3714mW/1928mW VDD_SOC 4120mW/3406mW
08-01-2026 20:16:34 RAM 2992/7620MB (lfb 4x4MB) SWAP 0/3810MB (cached 0MB) CPU [1%@729,0%@729,0%@729,0%@729,0%@1728,90%@1728] GR3D_FREQ 47% cpu@55.468C soc2@53.187C soc0@54.843C gpu@56.593C tj@56.593C soc1@54.781C VDD_IN 11160mW/8175mW VDD_CPU_GPU_CV 3634mW/1937mW VDD_SOC 4120mW/3410mW
08-01-2026 20:16:35 RAM 2992/7620MB (lfb 4x4MB) SWAP 0/3810MB (cached 0MB) CPU [1%@1728,2%@1728,0%@1728,12%@1728,2%@1728,74%@1728] GR3D_FREQ 48% cpu@55.531C soc2@53.281C soc0@54.843C gpu@56.531C tj@56.531C soc1@54.937C VDD_IN 11120mW/8190mW VDD_CPU_GPU_CV 3634mW/1946mW VDD_SOC 4080mW/3414mW
08-01-2026 20:16:36 RAM 2992/7620MB (lfb 4x4MB) SWAP 0/3810MB (cached 0MB) CPU [1%@1728,0%@1728,0%@1728,90%@1728,1%@729,0%@729] GR3D_FREQ 22% cpu@55.468C soc2@53.406C soc0@54.906C gpu@56.25C tj@56.25C soc1@54.906C VDD_IN 11120mW/8206mW VDD_CPU_GPU_CV 3594mW/1955mW VDD_SOC 4080mW/3417mW
08-01-2026 20:16:37 RAM 2992/7620MB (lfb 4x4MB) SWAP 0/3810MB (cached 0MB) CPU [1%@1728,1%@1728,0%@1728,90%@1728,0%@729,0%@729] GR3D_FREQ 20% cpu@55.656C soc2@53.375C soc0@54.968C gpu@56.218C tj@56.218C soc1@55C VDD_IN 10960mW/8220mW VDD_CPU_GPU_CV 3554mW/1963mW VDD_SOC 4080mW/3421mW
08-01-2026 20:16:38 RAM 2992/7620MB (lfb 4x4MB) SWAP 0/3810MB (cached 0MB) CPU [0%@1728,16%@1728,0%@1728,71%@1728,0%@729,0%@729] GR3D_FREQ 53% cpu@55.281C soc2@53.406C soc0@54.875C gpu@56.25C tj@56.25C soc1@54.937C VDD_IN 10616mW/8233mW VDD_CPU_GPU_CV 3154mW/1970mW VDD_SOC 4040mW/3424mW
08-01-2026 20:16:39 RAM 2992/7620MB (lfb 4x4MB) SWAP 0/3810MB (cached 0MB) CPU [12%@1728,79%@1728,0%@1728,0%@1728,0%@729,0%@729] GR3D_FREQ 56% cpu@55.468C soc2@53.5C soc0@54.968C gpu@56.312C tj@56.312C soc1@54.906C VDD_IN 11040mW/8248mW VDD_CPU_GPU_CV 3474mW/1977mW VDD_SOC 4080mW/3428mW
08-01-2026 20:16:40 RAM 2994/7620MB (lfb 5x4MB) SWAP 0/3810MB (cached 0MB) CPU [74%@1651,1%@1651,0%@1651,12%@1651,1%@729,0%@729] GR3D_FREQ 35% cpu@55.687C soc2@53.406C soc0@54.937C gpu@56.406C tj@56.406C soc1@54.937C VDD_IN 10737mW/8260mW VDD_CPU_GPU_CV 3234mW/1984mW VDD_SOC 4080mW/3431mW
08-01-2026 20:16:41 RAM 2992/7620MB (lfb 5x4MB) SWAP 0/3810MB (cached 0MB) CPU [1%@1728,0%@1728,0%@1728,89%@1728,0%@729,0%@729] GR3D_FREQ 49% cpu@55.625C soc2@53.375C soc0@55C gpu@56.5C tj@56.5C soc1@55.062C VDD_IN 11200mW/8276mW VDD_CPU_GPU_CV 3634mW/1992mW VDD_SOC 4120mW/3434mW
08-01-2026 20:16:42 RAM 2992/7620MB (lfb 5x4MB) SWAP 0/3810MB (cached 0MB) CPU [2%@1728,1%@1728,0%@1728,90%@1728,0%@729,1%@729] GR3D_FREQ 40% cpu@55.875C soc2@53.468C soc0@55.031C gpu@56.468C tj@56.468C soc1@55.093C VDD_IN 11200mW/8291mW VDD_CPU_GPU_CV 3634mW/2001mW VDD_SOC 4080mW/3438mW
08-01-2026 20:16:43 RAM 2992/7620MB (lfb 5x4MB) SWAP 0/3810MB (cached 0MB) CPU [0%@1728,0%@1728,0%@1728,89%@1728,0%@729,0%@729] GR3D_FREQ 20% cpu@55.656C soc2@53.437C soc0@55.062C gpu@56.437C tj@56.437C soc1@55.125C VDD_IN 11040mW/8305mW VDD_CPU_GPU_CV 3554mW/2009mW VDD_SOC 4080mW/3441mW
08-01-2026 20:16:44 RAM 2992/7620MB (lfb 5x4MB) SWAP 0/3810MB (cached 0MB) CPU [1%@1728,0%@1728,0%@1728,89%@1728,0%@729,0%@729] GR3D_FREQ 20% cpu@55.812C soc2@53.468C soc0@55.125C gpu@56.531C tj@56.531C soc1@55C VDD_IN 11000mW/8318mW VDD_CPU_GPU_CV 3554mW/2017mW VDD_SOC 4080mW/3444mW
08-01-2026 20:16:45 RAM 2992/7620MB (lfb 5x4MB) SWAP 0/3810MB (cached 0MB) CPU [0%@1728,1%@1728,1%@1728,90%@1728,1%@729,0%@729] GR3D_FREQ 24% cpu@55.843C soc2@53.562C soc0@55.031C gpu@56.5C tj@56.5C soc1@55C VDD_IN 11000mW/8332mW VDD_CPU_GPU_CV 3514mW/2024mW VDD_SOC 4040mW/3447mW
08-01-2026 20:16:46 RAM 2992/7620MB (lfb 5x4MB) SWAP 0/3810MB (cached 0MB) CPU [1%@1728,0%@1728,0%@1728,90%@1728,0%@729,0%@729] GR3D_FREQ 24% cpu@55.812C soc2@53.562C soc0@55.031C gpu@56.375C tj@56.375C soc1@55.125C VDD_IN 10937mW/8345mW VDD_CPU_GPU_CV 3474mW/2031mW VDD_SOC 4040mW/3450mW
08-01-2026 20:16:47 RAM 2992/7620MB (lfb 5x4MB) SWAP 0/3810MB (cached 0MB) CPU [0%@1728,0%@1728,0%@1728,89%@1728,0%@729,1%@729] GR3D_FREQ 24% cpu@55.968C soc2@53.625C soc0@55.187C gpu@56.5C tj@56.5C soc1@55.187C VDD_IN 10817mW/8357mW VDD_CPU_GPU_CV 3434mW/2039mW VDD_SOC 4040mW/3453mW
08-01-2026 20:16:48 RAM 2992/7620MB (lfb 5x4MB) SWAP 0/3810MB (cached 0MB) CPU [0%@1728,0%@1728,0%@1728,91%@1728,0%@729,0%@729] GR3D_FREQ 22% cpu@55.812C soc2@53.625C soc0@55.218C gpu@56.25C tj@56.25C soc1@55.25C VDD_IN 10817mW/8369mW VDD_CPU_GPU_CV 3434mW/2045mW VDD_SOC 4000mW/3456mW
08-01-2026 20:16:49 RAM 2992/7620MB (lfb 5x4MB) SWAP 0/3810MB (cached 0MB) CPU [1%@1728,0%@1728,0%@1728,90%@1728,0%@729,0%@729] GR3D_FREQ 24% cpu@55.812C soc2@53.593C soc0@55.125C gpu@56.281C tj@56.281C soc1@55.062C VDD_IN 10657mW/8381mW VDD_CPU_GPU_CV 3314mW/2052mW VDD_SOC 4000mW/3459mW
08-01-2026 20:16:50 RAM 2996/7620MB (lfb 4x4MB) SWAP 0/3810MB (cached 0MB) CPU [0%@1728,0%@1728,0%@1728,89%@1728,0%@729,1%@729] GR3D_FREQ 24% cpu@56C soc2@53.593C soc0@55.093C gpu@56.312C tj@56.312C soc1@55.062C VDD_IN 10616mW/8392mW VDD_CPU_GPU_CV 3274mW/2058mW VDD_SOC 3960mW/3461mW
08-01-2026 20:16:51 RAM 2996/7620MB (lfb 4x4MB) SWAP 0/3810MB (cached 0MB) CPU [0%@1728,0%@1728,0%@1728,87%@1728,0%@729,2%@729] GR3D_FREQ 30% cpu@55.906C soc2@53.593C soc0@55.187C gpu@56.25C tj@56.25C soc1@55.156C VDD_IN 10256mW/8401mW VDD_CPU_GPU_CV 2920mW/2062mW VDD_SOC 3960mW/3464mW
08-01-2026 20:16:52 RAM 2996/7620MB (lfb 4x4MB) SWAP 0/3810MB (cached 0MB) CPU [2%@1728,0%@1728,0%@1728,89%@1728,0%@729,0%@729] GR3D_FREQ 30% cpu@56.093C soc2@53.593C soc0@55.125C gpu@56.375C tj@56.375C soc1@55.125C VDD_IN 10536mW/8411mW VDD_CPU_GPU_CV 3274mW/2068mW VDD_SOC 3960mW/3466mW
08-01-2026 20:16:53 RAM 2996/7620MB (lfb 4x4MB) SWAP 0/3810MB (cached 0MB) CPU [26%@1728,1%@1728,0%@1728,63%@1728,0%@729,0%@729] GR3D_FREQ 27% cpu@55.687C soc2@53.75C soc0@55.343C gpu@56.343C tj@56.343C soc1@55.281C VDD_IN 10576mW/8422mW VDD_CPU_GPU_CV 3234mW/2074mW VDD_SOC 3960mW/3468mW
08-01-2026 20:16:54 RAM 2996/7620MB (lfb 4x4MB) SWAP 0/3810MB (cached 0MB) CPU [87%@1728,0%@1728,0%@1728,0%@1728,0%@729,0%@729] GR3D_FREQ 30% cpu@55.718C soc2@53.625C soc0@55.218C gpu@56.25C tj@56.25C soc1@55.375C VDD_IN 10336mW/8431mW VDD_CPU_GPU_CV 3000mW/2078mW VDD_SOC 3960mW/3471mW
08-01-2026 20:16:55 RAM 2996/7620MB (lfb 4x4MB) SWAP 0/3810MB (cached 0MB) CPU [90%@1728,1%@1728,0%@1728,0%@1728,0%@729,0%@729] GR3D_FREQ 22% cpu@55.875C soc2@53.687C soc0@55.343C gpu@56.375C tj@56.375C soc1@55.187C VDD_IN 10737mW/8442mW VDD_CPU_GPU_CV 3234mW/2084mW VDD_SOC 3960mW/3473mW
08-01-2026 20:16:56 RAM 2996/7620MB (lfb 4x4MB) SWAP 0/3810MB (cached 0MB) CPU [91%@1728,0%@1728,0%@1728,0%@1728,0%@729,0%@729] GR3D_FREQ 24% cpu@55.812C soc2@53.781C soc0@55.281C gpu@56.375C tj@56.375C soc1@55.218C VDD_IN 10817mW/8454mW VDD_CPU_GPU_CV 3274mW/2089mW VDD_SOC 4000mW/3476mW
08-01-2026 20:16:57 RAM 2996/7620MB (lfb 4x4MB) SWAP 0/3810MB (cached 0MB) CPU [89%@1728,0%@1728,0%@1728,0%@1728,0%@729,0%@729] GR3D_FREQ 24% cpu@55.937C soc2@53.75C soc0@55.25C gpu@56.5C tj@56.593C soc1@55.218C VDD_IN 10697mW/8464mW VDD_CPU_GPU_CV 3354mW/2095mW VDD_SOC 4000mW/3478mW
08-01-2026 20:16:58 RAM 2996/7620MB (lfb 4x4MB) SWAP 0/3810MB (cached 0MB) CPU [91%@1728,0%@1728,0%@1728,0%@1728,0%@729,1%@729] GR3D_FREQ 24% cpu@55.812C soc2@53.812C soc0@55.187C gpu@56.687C tj@56.687C soc1@55.312C VDD_IN 10737mW/8475mW VDD_CPU_GPU_CV 3354mW/2101mW VDD_SOC 4000mW/3481mW
08-01-2026 20:16:59 RAM 2996/7620MB (lfb 4x4MB) SWAP 0/3810MB (cached 0MB) CPU [90%@1728,0%@1728,0%@1728,0%@1728,0%@729,0%@729] GR3D_FREQ 23% cpu@55.843C soc2@53.875C soc0@55.375C gpu@56.687C tj@56.687C soc1@55.437C VDD_IN 10737mW/8486mW VDD_CPU_GPU_CV 3354mW/2107mW VDD_SOC 4000mW/3483mW
08-01-2026 20:17:00 RAM 2994/7620MB (lfb 4x4MB) SWAP 0/3810MB (cached 0MB) CPU [91%@1728,0%@1728,1%@1728,0%@1728,0%@729,0%@729] GR3D_FREQ 24% cpu@55.812C soc2@53.75C soc0@55.343C gpu@56.718C tj@56.718C soc1@55.218C VDD_IN 10817mW/8497mW VDD_CPU_GPU_CV 3354mW/2113mW VDD_SOC 4000mW/3485mW
08-01-2026 20:17:01 RAM 2994/7620MB (lfb 4x4MB) SWAP 0/3810MB (cached 0MB) CPU [91%@1728,0%@1728,1%@1728,0%@1728,1%@729,0%@729] GR3D_FREQ 24% cpu@55.906C soc2@53.75C soc0@55.375C gpu@56.812C tj@56.812C soc1@55.281C VDD_IN 10777mW/8507mW VDD_CPU_GPU_CV 3394mW/2119mW VDD_SOC 4000mW/3488mW
08-01-2026 20:17:02 RAM 2992/7620MB (lfb 4x4MB) SWAP 0/3810MB (cached 0MB) CPU [67%@1728,23%@1728,0%@1728,0%@1728,0%@729,0%@729] GR3D_FREQ 24% cpu@55.875C soc2@53.75C soc0@55.25C gpu@56.843C tj@56.843C soc1@55.343C VDD_IN 10720mW/8518mW VDD_CPU_GPU_CV 3434mW/2125mW VDD_SOC 4000mW/3490mW
08-01-2026 20:17:03 RAM 2993/7620MB (lfb 4x4MB) SWAP 0/3810MB (cached 0MB) CPU [0%@1728,65%@1728,1%@1728,25%@1728,0%@729,0%@729] GR3D_FREQ 24% cpu@56C soc2@53.718C soc0@55.343C gpu@56.812C tj@56.812C soc1@55.312C VDD_IN 10657mW/8528mW VDD_CPU_GPU_CV 3354mW/2131mW VDD_SOC 4000mW/3493mW
08-01-2026 20:17:04 RAM 2993/7620MB (lfb 4x4MB) SWAP 0/3810MB (cached 0MB) CPU [1%@1728,0%@1728,0%@1728,90%@1728,1%@729,0%@729] GR3D_FREQ 24% cpu@55.843C soc2@53.718C soc0@55.343C gpu@56.843C tj@56.843C soc1@55.5C VDD_IN 10657mW/8537mW VDD_CPU_GPU_CV 3314mW/2136mW VDD_SOC 3960mW/3495mW
08-01-2026 20:17:05 RAM 2993/7620MB (lfb 4x4MB) SWAP 0/3810MB (cached 0MB) CPU [0%@1728,0%@1728,0%@1728,89%@1728,0%@729,0%@729] GR3D_FREQ 28% cpu@55.968C soc2@53.687C soc0@55.343C gpu@56.843C tj@56.843C soc1@55.218C VDD_IN 10576mW/8547mW VDD_CPU_GPU_CV 3274mW/2141mW VDD_SOC 3960mW/3497mW
08-01-2026 20:17:06 RAM 2993/7620MB (lfb 4x4MB) SWAP 0/3810MB (cached 0MB) CPU [1%@1728,1%@1728,0%@1728,90%@1728,0%@729,0%@729] GR3D_FREQ 30% cpu@56.156C soc2@53.718C soc0@55.468C gpu@56.812C tj@56.812C soc1@55.25C VDD_IN 10496mW/8556mW VDD_CPU_GPU_CV 3234mW/2146mW VDD_SOC 3960mW/3499mW
08-01-2026 20:17:07 RAM 2993/7620MB (lfb 4x4MB) SWAP 0/3810MB (cached 0MB) CPU [0%@1728,0%@1728,0%@1728,90%@1728,0%@729,0%@729] GR3D_FREQ 30% cpu@56.281C soc2@53.75C soc0@55.343C gpu@56.906C tj@56.906C soc1@55.375C VDD_IN 10456mW/8564mW VDD_CPU_GPU_CV 3194mW/2151mW VDD_SOC 3920mW/3501mW
08-01-2026 20:17:08 RAM 2993/7620MB (lfb 4x4MB) SWAP 0/3810MB (cached 0MB) CPU [0%@1728,0%@1728,0%@1728,89%@1728,0%@729,1%@729] GR3D_FREQ 28% cpu@56.156C soc2@53.812C soc0@55.312C gpu@56.5C tj@56.531C soc1@55.343C VDD_IN 10416mW/8573mW VDD_CPU_GPU_CV 3154mW/2156mW VDD_SOC 3920mW/3503mW
08-01-2026 20:17:09 RAM 2993/7620MB (lfb 4x4MB) SWAP 0/3810MB (cached 0MB) CPU [0%@1728,1%@1728,0%@1728,90%@1728,1%@729,0%@729] GR3D_FREQ 28% cpu@55.843C soc2@53.875C soc0@55.468C gpu@56.593C tj@56.593C soc1@55.468C VDD_IN 10376mW/8581mW VDD_CPU_GPU_CV 3154mW/2160mW VDD_SOC 3920mW/3505mW
08-01-2026 20:17:10 RAM 2993/7620MB (lfb 4x4MB) SWAP 0/3810MB (cached 0MB) CPU [1%@1728,0%@1728,1%@1728,89%@1728,0%@729,0%@729] GR3D_FREQ 30% cpu@56.187C soc2@53.875C soc0@55.437C gpu@56.531C tj@56.531C soc1@55.531C VDD_IN 10296mW/8588mW VDD_CPU_GPU_CV 3160mW/2165mW VDD_SOC 3880mW/3506mW
08-01-2026 20:17:11 RAM 2992/7620MB (lfb 4x4MB) SWAP 0/3810MB (cached 0MB) CPU [0%@1728,34%@1728,2%@1728,56%@1728,0%@729,0%@729] GR3D_FREQ 30% cpu@55.906C soc2@53.656C soc0@55.468C gpu@56.562C tj@56.562C soc1@55.406C VDD_IN 10256mW/8596mW VDD_CPU_GPU_CV 3080mW/2169mW VDD_SOC 3880mW/3508mW
08-01-2026 20:17:12 RAM 2992/7620MB (lfb 4x4MB) SWAP 0/3810MB (cached 0MB) CPU [1%@1728,55%@1728,0%@1728,36%@1728,0%@729,0%@729] GR3D_FREQ 30% cpu@56.062C soc2@53.781C soc0@55.656C gpu@56.562C tj@56.562C soc1@55.375C VDD_IN 10216mW/8603mW VDD_CPU_GPU_CV 3080mW/2173mW VDD_SOC 3886mW/3510mW
08-01-2026 20:17:13 RAM 2992/7620MB (lfb 4x4MB) SWAP 0/3810MB (cached 0MB) CPU [0%@1728,0%@1728,0%@1728,86%@1728,0%@729,1%@729] GR3D_FREQ 28% cpu@56.187C soc2@53.812C soc0@55.375C gpu@56.562C tj@56.562C soc1@55.437C VDD_IN 9975mW/8609mW VDD_CPU_GPU_CV 2840mW/2176mW VDD_SOC 3886mW/3511mW
08-01-2026 20:17:14 RAM 2992/7620MB (lfb 4x4MB) SWAP 0/3810MB (cached 0MB) CPU [1%@1728,1%@1728,0%@1728,89%@1728,0%@729,0%@729] GR3D_FREQ 30% cpu@55.937C soc2@53.875C soc0@55.375C gpu@56.625C tj@56.625C soc1@55.531C VDD_IN 10256mW/8616mW VDD_CPU_GPU_CV 3120mW/2180mW VDD_SOC 3886mW/3513mW
08-01-2026 20:17:15 RAM 2992/7620MB (lfb 4x4MB) SWAP 0/3810MB (cached 0MB) CPU [1%@1728,0%@1728,0%@1728,89%@1728,0%@729,0%@729] GR3D_FREQ 29% cpu@55.968C soc2@53.906C soc0@55.437C gpu@56.687C tj@56.687C soc1@55.562C VDD_IN 10176mW/8623mW VDD_CPU_GPU_CV 3080mW/2184mW VDD_SOC 3886mW/3515mW
08-01-2026 20:17:16 RAM 2992/7620MB (lfb 4x4MB) SWAP 0/3810MB (cached 0MB) CPU [0%@1728,0%@1728,0%@1728,90%@1728,1%@729,0%@729] GR3D_FREQ 30% cpu@56.187C soc2@53.812C soc0@55.593C gpu@56.656C tj@56.656C soc1@55.468C VDD_IN 10176mW/8630mW VDD_CPU_GPU_CV 3040mW/2188mW VDD_SOC 3886mW/3516mW
08-01-2026 20:17:17 RAM 2992/7620MB (lfb 4x4MB) SWAP 0/3810MB (cached 0MB) CPU [1%@1728,0%@1728,0%@1728,90%@1728,1%@729,0%@729] GR3D_FREQ 30% cpu@56.031C soc2@53.812C soc0@55.718C gpu@56.625C tj@56.625C soc1@55.343C VDD_IN 10136mW/8637mW VDD_CPU_GPU_CV 3040mW/2191mW VDD_SOC 3886mW/3518mW
08-01-2026 20:17:18 RAM 2992/7620MB (lfb 4x4MB) SWAP 0/3810MB (cached 0MB) CPU [1%@1728,0%@1728,39%@1728,52%@1728,0%@729,0%@729] GR3D_FREQ 28% cpu@56.468C soc2@53.968C soc0@55.375C gpu@56.656C tj@56.656C soc1@55.437C VDD_IN 10056mW/8643mW VDD_CPU_GPU_CV 3000mW/2195mW VDD_SOC 3846mW/3519mW
08-01-2026 20:17:19 RAM 2992/7620MB (lfb 4x4MB) SWAP 0/3810MB (cached 0MB) CPU [0%@1728,1%@1728,90%@1728,0%@1728,0%@729,1%@729] GR3D_FREQ 28% cpu@56.406C soc2@53.906C soc0@55.5C gpu@56.562C tj@56.562C soc1@55.531C VDD_IN 10016mW/8649mW VDD_CPU_GPU_CV 2960mW/2198mW VDD_SOC 3846mW/3521mW
08-01-2026 20:17:20 RAM 2992/7620MB (lfb 4x4MB) SWAP 0/3810MB (cached 0MB) CPU [1%@1728,0%@1728,90%@1728,0%@1728,1%@729,1%@729] GR3D_FREQ 30% cpu@56.343C soc2@53.906C soc0@55.593C gpu@56.562C tj@56.562C soc1@55.562C VDD_IN 10016mW/8654mW VDD_CPU_GPU_CV 2960mW/2201mW VDD_SOC 3846mW/3522mW
08-01-2026 20:17:21 RAM 2992/7620MB (lfb 4x4MB) SWAP 0/3810MB (cached 0MB) CPU [1%@1728,0%@1728,90%@1728,0%@1728,1%@729,0%@729] GR3D_FREQ 30% cpu@56.375C soc2@54C soc0@55.437C gpu@56.593C tj@56.593C soc1@55.531C VDD_IN 9975mW/8660mW VDD_CPU_GPU_CV 2920mW/2205mW VDD_SOC 3846mW/3524mW
08-01-2026 20:17:22 RAM 2992/7620MB (lfb 4x4MB) SWAP 0/3810MB (cached 0MB) CPU [0%@1728,0%@1728,89%@1728,0%@1728,0%@729,0%@729] GR3D_FREQ 30% cpu@56.562C soc2@53.875C soc0@55.625C gpu@56.562C tj@56.562C soc1@55.437C VDD_IN 9935mW/8666mW VDD_CPU_GPU_CV 2880mW/2207mW VDD_SOC 3806mW/3525mW
08-01-2026 20:17:23 RAM 2992/7620MB (lfb 4x4MB) SWAP 0/3810MB (cached 0MB) CPU [1%@1728,44%@1728,46%@1728,0%@1728,0%@729,0%@729] GR3D_FREQ 29% cpu@56.062C soc2@53.906C soc0@55.468C gpu@56.625C tj@56.625C soc1@55.593C VDD_IN 9935mW/8671mW VDD_CPU_GPU_CV 2880mW/2210mW VDD_SOC 3806mW/3526mW
08-01-2026 20:17:24 RAM 2992/7620MB (lfb 4x4MB) SWAP 0/3810MB (cached 0MB) CPU [0%@1728,89%@1728,1%@1728,0%@1728,0%@729,0%@729] GR3D_FREQ 30% cpu@56.156C soc2@54.031C soc0@55.5C gpu@56.656C tj@56.656C soc1@55.531C VDD_IN 9895mW/8676mW VDD_CPU_GPU_CV 2880mW/2213mW VDD_SOC 3806mW/3527mW
08-01-2026 20:17:25 RAM 2992/7620MB (lfb 4x4MB) SWAP 0/3810MB (cached 0MB) CPU [2%@1728,92%@1728,0%@1728,0%@1728,0%@729,0%@729] GR3D_FREQ 30% cpu@56C soc2@54.031C soc0@55.531C gpu@56.625C tj@56.625C soc1@55.625C VDD_IN 9775mW/8681mW VDD_CPU_GPU_CV 2840mW/2216mW VDD_SOC 3806mW/3528mW
08-01-2026 20:17:26 RAM 2992/7620MB (lfb 4x4MB) SWAP 0/3810MB (cached 0MB) CPU [0%@1728,90%@1728,0%@1728,0%@1728,0%@729,0%@729] GR3D_FREQ 30% cpu@55.875C soc2@54C soc0@55.593C gpu@56.656C tj@56.875C soc1@55.75C VDD_IN 9735mW/8685mW VDD_CPU_GPU_CV 2800mW/2218mW VDD_SOC 3766mW/3529mW
08-01-2026 20:17:27 RAM 2992/7620MB (lfb 4x4MB) SWAP 0/3810MB (cached 0MB) CPU [0%@1728,89%@1728,0%@1728,0%@1728,0%@729,0%@729] GR3D_FREQ 30% cpu@55.968C soc2@53.906C soc0@55.656C gpu@56.906C tj@56.906C soc1@55.562C VDD_IN 9695mW/8689mW VDD_CPU_GPU_CV 2760mW/2220mW VDD_SOC 3766mW/3530mW
08-01-2026 20:17:28 RAM 2992/7620MB (lfb 4x4MB) SWAP 0/3810MB (cached 0MB) CPU [53%@1728,38%@1728,1%@1728,1%@1728,0%@729,0%@729] GR3D_FREQ 29% cpu@56.281C soc2@54.062C soc0@55.593C gpu@57.031C tj@57.031C soc1@55.593C VDD_IN 9751mW/8694mW VDD_CPU_GPU_CV 2720mW/2222mW VDD_SOC 3766mW/3531mW
08-01-2026 20:17:29 RAM 2992/7620MB (lfb 4x4MB) SWAP 0/3810MB (cached 0MB) CPU [38%@729,0%@729,0%@729,0%@729,1%@1728,52%@1728] GR3D_FREQ 28% cpu@56.062C soc2@53.968C soc0@55.531C gpu@56.968C tj@56.968C soc1@55.625C VDD_IN 9655mW/8698mW VDD_CPU_GPU_CV 2760mW/2225mW VDD_SOC 3766mW/3532mW
08-01-2026 20:17:30 RAM 2992/7620MB (lfb 4x4MB) SWAP 0/3810MB (cached 0MB) CPU [1%@729,0%@729,0%@729,0%@729,0%@1728,89%@1728] GR3D_FREQ 28% cpu@56.093C soc2@54C soc0@55.593C gpu@57.031C tj@57.031C soc1@55.625C VDD_IN 9575mW/8701mW VDD_CPU_GPU_CV 2720mW/2227mW VDD_SOC 3766mW/3533mW
08-01-2026 20:17:31 RAM 2992/7620MB (lfb 4x4MB) SWAP 0/3810MB (cached 0MB) CPU [1%@729,0%@729,1%@729,0%@729,0%@1728,90%@1728] GR3D_FREQ 30% cpu@55.843C soc2@54C soc0@55.687C gpu@56.562C tj@56.562C soc1@55.812C VDD_IN 9575mW/8705mW VDD_CPU_GPU_CV 2720mW/2229mW VDD_SOC 3725mW/3534mW
08-01-2026 20:17:32 RAM 2992/7620MB (lfb 4x4MB) SWAP 0/3810MB (cached 0MB) CPU [0%@729,0%@729,1%@729,0%@729,0%@1728,91%@1728] GR3D_FREQ 30% cpu@55.906C soc2@53.968C soc0@55.75C gpu@56.562C tj@56.562C soc1@55.531C VDD_IN 9590mW/8709mW VDD_CPU_GPU_CV 2720mW/2231mW VDD_SOC 3725mW/3535mW
08-01-2026 20:17:33 RAM 2992/7620MB (lfb 4x4MB) SWAP 0/3810MB (cached 0MB) CPU [1%@729,0%@729,0%@729,0%@729,0%@1728,89%@1728] GR3D_FREQ 32% cpu@56.031C soc2@53.875C soc0@55.687C gpu@56.687C tj@56.687C soc1@55.562C VDD_IN 9470mW/8712mW VDD_CPU_GPU_CV 2600mW/2232mW VDD_SOC 3725mW/3536mW
08-01-2026 20:17:34 RAM 2992/7620MB (lfb 4x4MB) SWAP 0/3810MB (cached 0MB) CPU [1%@729,0%@729,0%@729,0%@729,0%@1728,90%@1728] GR3D_FREQ 40% cpu@56.062C soc2@53.968C soc0@55.687C gpu@56.781C tj@56.781C soc1@55.687C VDD_IN 9470mW/8715mW VDD_CPU_GPU_CV 2600mW/2234mW VDD_SOC 3725mW/3536mW
08-01-2026 20:17:35 RAM 2992/7620MB (lfb 4x4MB) SWAP 0/3810MB (cached 0MB) CPU [1%@729,1%@729,1%@729,1%@729,0%@1728,90%@1728] GR3D_FREQ 36% cpu@55.906C soc2@54C soc0@55.687C gpu@56.687C tj@56.687C soc1@55.718C VDD_IN 9470mW/8718mW VDD_CPU_GPU_CV 2640mW/2235mW VDD_SOC 3725mW/3537mW
08-01-2026 20:17:36 RAM 2992/7620MB (lfb 4x4MB) SWAP 0/3810MB (cached 0MB) CPU [1%@729,0%@729,0%@729,0%@729,0%@1728,89%@1728] GR3D_FREQ 40% cpu@56.031C soc2@53.968C soc0@55.781C gpu@56.687C tj@56.687C soc1@55.875C VDD_IN 9389mW/8720mW VDD_CPU_GPU_CV 2560mW/2237mW VDD_SOC 3685mW/3538mW
08-01-2026 20:17:37 RAM 2992/7620MB (lfb 4x4MB) SWAP 0/3810MB (cached 0MB) CPU [1%@729,0%@729,0%@729,0%@729,0%@1728,89%@1728] GR3D_FREQ 40% cpu@56.062C soc2@54C soc0@55.812C gpu@56.562C tj@56.562C soc1@55.687C VDD_IN 9389mW/8723mW VDD_CPU_GPU_CV 2560mW/2238mW VDD_SOC 3685mW/3538mW
08-01-2026 20:17:38 RAM 2992/7620MB (lfb 4x4MB) SWAP 0/3810MB (cached 0MB) CPU [1%@729,1%@729,0%@729,1%@729,1%@1728,90%@1728] GR3D_FREQ 40% cpu@56.062C soc2@53.937C soc0@55.593C gpu@56.593C tj@56.593C soc1@55.687C VDD_IN 9349mW/8726mW VDD_CPU_GPU_CV 2520mW/2239mW VDD_SOC 3685mW/3539mW
08-01-2026 20:17:39 RAM 2992/7620MB (lfb 4x4MB) SWAP 0/3810MB (cached 0MB) CPU [1%@729,0%@729,0%@729,0%@729,0%@1728,89%@1728] GR3D_FREQ 40% cpu@56.187C soc2@54.031C soc0@55.687C gpu@56.593C tj@56.593C soc1@55.687C VDD_IN 9309mW/8728mW VDD_CPU_GPU_CV 2560mW/2240mW VDD_SOC 3685mW/3539mW
08-01-2026 20:17:40 RAM 2992/7620MB (lfb 4x4MB) SWAP 0/3810MB (cached 0MB) CPU [1%@729,0%@729,0%@729,0%@729,0%@1728,91%@1728] GR3D_FREQ 39% cpu@55.906C soc2@54.156C soc0@55.687C gpu@56.531C tj@56.531C soc1@55.75C VDD_IN 9349mW/8730mW VDD_CPU_GPU_CV 2524mW/2242mW VDD_SOC 3685mW/3540mW
08-01-2026 20:17:41 RAM 2992/7620MB (lfb 4x4MB) SWAP 0/3810MB (cached 0MB) CPU [0%@729,0%@729,0%@729,1%@729,0%@1728,90%@1728] GR3D_FREQ 40% cpu@56.031C soc2@53.968C soc0@55.843C gpu@56.593C tj@56.593C soc1@55.781C VDD_IN 9229mW/8732mW VDD_CPU_GPU_CV 2483mW/2242mW VDD_SOC 3685mW/3541mW
08-01-2026 20:17:43 RAM 2992/7620MB (lfb 4x4MB) SWAP 0/3810MB (cached 0MB) CPU [2%@729,0%@729,1%@729,0%@729,0%@1728,91%@1728] GR3D_FREQ 41% cpu@56.125C soc2@54.062C soc0@55.687C gpu@56.781C tj@56.781C soc1@55.656C VDD_IN 9229mW/8734mW VDD_CPU_GPU_CV 2443mW/2243mW VDD_SOC 3685mW/3541mW
08-01-2026 20:17:44 RAM 2992/7620MB (lfb 4x4MB) SWAP 0/3810MB (cached 0MB) CPU [1%@729,0%@729,0%@729,0%@729,0%@1728,90%@1728] GR3D_FREQ 37% cpu@56.031C soc2@54.031C soc0@55.718C gpu@56.75C tj@56.75C soc1@55.75C VDD_IN 9189mW/8736mW VDD_CPU_GPU_CV 2403mW/2244mW VDD_SOC 3645mW/3542mW
08-01-2026 20:17:45 RAM 2992/7620MB (lfb 4x4MB) SWAP 0/3810MB (cached 0MB) CPU [0%@729,0%@729,0%@729,1%@729,0%@1728,89%@1728] GR3D_FREQ 40% cpu@56.218C soc2@54.062C soc0@55.718C gpu@56.843C tj@56.843C soc1@55.812C VDD_IN 9149mW/8738mW VDD_CPU_GPU_CV 2403mW/2245mW VDD_SOC 3645mW/3542mW
08-01-2026 20:17:46 RAM 2992/7620MB (lfb 4x4MB) SWAP 0/3810MB (cached 0MB) CPU [2%@729,0%@729,1%@729,0%@729,0%@1728,92%@1728] GR3D_FREQ 40% cpu@56C soc2@54.125C soc0@55.812C gpu@56.906C tj@56.906C soc1@55.906C VDD_IN 9109mW/8739mW VDD_CPU_GPU_CV 2403mW/2245mW VDD_SOC 3645mW/3542mW
08-01-2026 20:17:47 RAM 2992/7620MB (lfb 4x4MB) SWAP 0/3810MB (cached 0MB) CPU [0%@729,0%@729,0%@729,0%@729,0%@1728,90%@1728] GR3D_FREQ 40% cpu@56.031C soc2@54.093C soc0@55.875C gpu@57C tj@57C soc1@55.75C VDD_IN 9109mW/8741mW VDD_CPU_GPU_CV 2363mW/2246mW VDD_SOC 3645mW/3543mW
08-01-2026 20:17:48 RAM 2992/7620MB (lfb 4x4MB) SWAP 0/3810MB (cached 0MB) CPU [1%@729,0%@729,0%@729,0%@729,0%@1728,91%@1728] GR3D_FREQ 37% cpu@56.437C soc2@54.062C soc0@55.812C gpu@56.687C tj@56.687C soc1@55.781C VDD_IN 9028mW/8742mW VDD_CPU_GPU_CV 2363mW/2246mW VDD_SOC 3651mW/3543mW
08-01-2026 20:17:49 RAM 2992/7620MB (lfb 4x4MB) SWAP 0/3810MB (cached 0MB) CPU [1%@729,0%@729,0%@729,1%@729,0%@1728,89%@1728] GR3D_FREQ 39% cpu@56.25C soc2@54.062C soc0@55.906C gpu@56.656C tj@56.656C soc1@55.843C VDD_IN 9028mW/8743mW VDD_CPU_GPU_CV 2323mW/2246mW VDD_SOC 3605mW/3543mW
08-01-2026 20:17:50 RAM 2992/7620MB (lfb 4x4MB) SWAP 0/3810MB (cached 0MB) CPU [1%@729,0%@729,0%@729,0%@729,0%@1728,91%@1728] GR3D_FREQ 40% cpu@56.125C soc2@54.156C soc0@55.781C gpu@56.687C tj@56.687C soc1@55.906C VDD_IN 8988mW/8744mW VDD_CPU_GPU_CV 2323mW/2247mW VDD_SOC 3611mW/3544mW
08-01-2026 20:17:51 RAM 2992/7620MB (lfb 4x4MB) SWAP 0/3810MB (cached 0MB) CPU [1%@729,1%@729,1%@729,0%@729,0%@1728,90%@1728] GR3D_FREQ 40% cpu@56.125C soc2@54.062C soc0@55.937C gpu@56.75C tj@56.75C soc1@55.968C VDD_IN 8988mW/8745mW VDD_CPU_GPU_CV 2323mW/2247mW VDD_SOC 3611mW/3544mW
08-01-2026 20:17:52 RAM 2992/7620MB (lfb 4x4MB) SWAP 0/3810MB (cached 0MB) CPU [1%@729,0%@729,2%@729,0%@729,0%@1728,90%@1728] GR3D_FREQ 92% cpu@56.093C soc2@54.031C soc0@55.937C gpu@56.906C tj@57.25C soc1@55.875C VDD_IN 9149mW/8746mW VDD_CPU_GPU_CV 2403mW/2247mW VDD_SOC 3645mW/3544mW
08-01-2026 20:17:53 RAM 2992/7620MB (lfb 4x4MB) SWAP 0/3810MB (cached 0MB) CPU [1%@729,0%@729,0%@729,0%@729,0%@1728,88%@1728] GR3D_FREQ 94% cpu@56.312C soc2@54.156C soc0@55.812C gpu@57.281C tj@57.281C soc1@55.75C VDD_IN 9189mW/8748mW VDD_CPU_GPU_CV 2443mW/2248mW VDD_SOC 3645mW/3545mW
08-01-2026 20:17:54 RAM 2992/7620MB (lfb 4x4MB) SWAP 0/3810MB (cached 0MB) CPU [0%@729,0%@729,0%@729,0%@729,0%@1728,88%@1728] GR3D_FREQ 99% cpu@56.031C soc2@54.156C soc0@55.875C gpu@57.468C tj@57.468C soc1@55.937C VDD_IN 9269mW/8750mW VDD_CPU_GPU_CV 2483mW/2249mW VDD_SOC 3685mW/3545mW
08-01-2026 20:17:55 RAM 2992/7620MB (lfb 4x4MB) SWAP 0/3810MB (cached 0MB) CPU [2%@729,0%@729,1%@729,0%@729,0%@1036,88%@1036] GR3D_FREQ 99% cpu@56.281C soc2@54.218C soc0@55.812C gpu@57.718C tj@57.718C soc1@56C VDD_IN 9590mW/8753mW VDD_CPU_GPU_CV 2640mW/2251mW VDD_SOC 3766mW/3546mW
08-01-2026 20:17:56 RAM 2992/7620MB (lfb 4x4MB) SWAP 0/3810MB (cached 0MB) CPU [0%@729,0%@729,0%@729,0%@729,0%@806,89%@806] GR3D_FREQ 99% cpu@56.281C soc2@54.218C soc0@55.875C gpu@58.156C tj@58.156C soc1@55.781C VDD_IN 10176mW/8758mW VDD_CPU_GPU_CV 3080mW/2254mW VDD_SOC 3880mW/3547mW
08-01-2026 20:17:57 RAM 2992/7620MB (lfb 4x4MB) SWAP 0/3810MB (cached 0MB) CPU [1%@729,0%@729,1%@729,1%@729,0%@1267,90%@1267] GR3D_FREQ 90% cpu@56.75C soc2@54.312C soc0@55.843C gpu@58C tj@58C soc1@55.937C VDD_IN 10857mW/8766mW VDD_CPU_GPU_CV 3394mW/2258mW VDD_SOC 4040mW/3549mW
08-01-2026 20:17:58 RAM 2992/7620MB (lfb 4x4MB) SWAP 0/3810MB (cached 0MB) CPU [2%@729,0%@729,1%@729,0%@729,0%@1651,89%@1651] GR3D_FREQ 99% cpu@56.593C soc2@54.343C soc0@55.906C gpu@58.093C tj@58.093C soc1@55.968C VDD_IN 11360mW/8776mW VDD_CPU_GPU_CV 3708mW/2263mW VDD_SOC 4113mW/3551mW
08-01-2026 20:17:59 RAM 2992/7620MB (lfb 4x4MB) SWAP 0/3810MB (cached 0MB) CPU [1%@729,0%@729,0%@729,0%@729,9%@1651,81%@1651] GR3D_FREQ 55% cpu@56.343C soc2@54.437C soc0@55.843C gpu@57.875C tj@57.875C soc1@55.968C VDD_IN 11240mW/8785mW VDD_CPU_GPU_CV 3753mW/2269mW VDD_SOC 4120mW/3553mW
08-01-2026 20:18:00 RAM 2992/7620MB (lfb 4x4MB) SWAP 0/3810MB (cached 0MB) CPU [2%@729,1%@729,1%@729,1%@729,89%@1574,0%@1574] GR3D_FREQ 33% cpu@56.468C soc2@54.343C soc0@56C gpu@57.75C tj@57.75C soc1@56.093C VDD_IN 11200mW/8794mW VDD_CPU_GPU_CV 3674mW/2274mW VDD_SOC 4120mW/3555mW
08-01-2026 20:18:01 RAM 2992/7620MB (lfb 4x4MB) SWAP 0/3810MB (cached 0MB) CPU [1%@729,0%@729,0%@729,0%@729,90%@1728,0%@1728] GR3D_FREQ 45% cpu@56.468C soc2@54.343C soc0@56.125C gpu@57.562C tj@57.562C soc1@55.968C VDD_IN 11280mW/8803mW VDD_CPU_GPU_CV 3714mW/2279mW VDD_SOC 4113mW/3557mW
08-01-2026 20:18:02 RAM 2992/7620MB (lfb 4x4MB) SWAP 0/3810MB (cached 0MB) CPU [0%@729,1%@729,0%@729,0%@729,90%@1728,0%@1728] GR3D_FREQ 43% cpu@56.593C soc2@54.312C soc0@55.968C gpu@57.406C tj@57.406C soc1@55.875C VDD_IN 11200mW/8811mW VDD_CPU_GPU_CV 3628mW/2284mW VDD_SOC 4120mW/3559mW
08-01-2026 20:18:03 RAM 2992/7620MB (lfb 4x4MB) SWAP 0/3810MB (cached 0MB) CPU [0%@729,0%@729,1%@729,1%@729,90%@1728,0%@1728] GR3D_FREQ 45% cpu@56.75C soc2@54.375C soc0@56C gpu@57.468C tj@57.468C soc1@56C VDD_IN 11160mW/8820mW VDD_CPU_GPU_CV 3634mW/2289mW VDD_SOC 4120mW/3561mW
08-01-2026 20:18:04 RAM 2992/7620MB (lfb 4x4MB) SWAP 0/3810MB (cached 0MB) CPU [2%@729,2%@729,0%@729,0%@729,90%@1728,0%@1728] GR3D_FREQ 53% cpu@56.531C soc2@54.406C soc0@55.937C gpu@57.343C tj@57.343C soc1@56.062C VDD_IN 11120mW/8828mW VDD_CPU_GPU_CV 3554mW/2294mW VDD_SOC 4120mW/3563mW
08-01-2026 20:18:05 RAM 2992/7620MB (lfb 4x4MB) SWAP 0/3810MB (cached 0MB) CPU [1%@729,0%@729,1%@729,1%@729,91%@1728,0%@1728] GR3D_FREQ 23% cpu@56.781C soc2@54.343C soc0@56.062C gpu@57.312C tj@57.312C soc1@56.093C VDD_IN 11240mW/8837mW VDD_CPU_GPU_CV 3674mW/2299mW VDD_SOC 4073mW/3565mW
08-01-2026 20:18:06 RAM 2992/7620MB (lfb 4x4MB) SWAP 0/3810MB (cached 0MB) CPU [2%@729,1%@729,2%@729,0%@729,90%@1728,0%@1728] GR3D_FREQ 23% cpu@56.812C soc2@54.375C soc0@56.156C gpu@57.281C tj@57.281C soc1@56.062C VDD_IN 10920mW/8845mW VDD_CPU_GPU_CV 3514mW/2303mW VDD_SOC 4080mW/3567mW
08-01-2026 20:18:07 RAM 2992/7620MB (lfb 4x4MB) SWAP 0/3810MB (cached 0MB) CPU [1%@729,0%@729,1%@729,0%@729,91%@1728,0%@1728] GR3D_FREQ 24% cpu@56.593C soc2@54.343C soc0@55.968C gpu@57.437C tj@57.437C soc1@56C VDD_IN 10960mW/8852mW VDD_CPU_GPU_CV 3514mW/2307mW VDD_SOC 4040mW/3569mW
08-01-2026 20:18:08 RAM 2992/7620MB (lfb 4x4MB) SWAP 0/3810MB (cached 0MB) CPU [1%@729,0%@729,0%@729,0%@729,90%@1728,0%@1728] GR3D_FREQ 24% cpu@56.937C soc2@54.437C soc0@55.906C gpu@57.343C tj@57.343C soc1@56.062C VDD_IN 10777mW/8859mW VDD_CPU_GPU_CV 3394mW/2311mW VDD_SOC 4000mW/3570mW
08-01-2026 20:18:09 RAM 2992/7620MB (lfb 4x4MB) SWAP 0/3810MB (cached 0MB) CPU [1%@729,0%@729,1%@729,0%@729,91%@1728,0%@1728] GR3D_FREQ 24% cpu@56.593C soc2@54.437C soc0@56.062C gpu@57.406C tj@57.406C soc1@56.062C VDD_IN 10737mW/8866mW VDD_CPU_GPU_CV 3394mW/2315mW VDD_SOC 4000mW/3572mW
08-01-2026 20:18:10 RAM 2992/7620MB (lfb 4x4MB) SWAP 0/3810MB (cached 0MB) CPU [1%@729,1%@729,0%@729,0%@729,91%@1728,0%@1728] GR3D_FREQ 23% cpu@56.625C soc2@54.375C soc0@56.062C gpu@57.406C tj@57.406C soc1@56C VDD_IN 10616mW/8872mW VDD_CPU_GPU_CV 3274mW/2318mW VDD_SOC 3960mW/3573mW
08-01-2026 20:18:11 RAM 2992/7620MB (lfb 4x4MB) SWAP 0/3810MB (cached 0MB) CPU [0%@729,0%@729,0%@729,0%@729,89%@1728,1%@1728] GR3D_FREQ 30% cpu@56.843C soc2@54.312C soc0@56.031C gpu@57.281C tj@57.281C soc1@56.031C VDD_IN 10536mW/8878mW VDD_CPU_GPU_CV 3234mW/2322mW VDD_SOC 3960mW/3575mW
08-01-2026 20:18:12 RAM 2992/7620MB (lfb 4x4MB) SWAP 0/3810MB (cached 0MB) CPU [2%@729,1%@729,1%@729,0%@729,89%@1728,0%@1728] GR3D_FREQ 27% cpu@56.593C soc2@54.343C soc0@55.937C gpu@57.156C tj@57.156C soc1@56.031C VDD_IN 10496mW/8883mW VDD_CPU_GPU_CV 3194mW/2325mW VDD_SOC 3960mW/3576mW
08-01-2026 20:18:13 RAM 2992/7620MB (lfb 4x4MB) SWAP 0/3810MB (cached 0MB) CPU [2%@729,0%@729,0%@729,0%@729,90%@1728,0%@1728] GR3D_FREQ 29% cpu@56.906C soc2@54.406C soc0@56.031C gpu@57.062C tj@57.062C soc1@56.062C VDD_IN 10456mW/8889mW VDD_CPU_GPU_CV 3154mW/2328mW VDD_SOC 3960mW/3577mW
08-01-2026 20:18:14 RAM 2992/7620MB (lfb 4x4MB) SWAP 0/3810MB (cached 0MB) CPU [1%@729,0%@729,0%@729,0%@729,90%@1728,0%@1728] GR3D_FREQ 30% cpu@56.687C soc2@54.531C soc0@56.062C gpu@57.218C tj@57.218C soc1@56.062C VDD_IN 10456mW/8894mW VDD_CPU_GPU_CV 3234mW/2331mW VDD_SOC 3920mW/3579mW
08-01-2026 20:18:15 RAM 2992/7620MB (lfb 4x4MB) SWAP 0/3810MB (cached 0MB) CPU [1%@729,0%@729,1%@729,0%@729,91%@1728,0%@1728] GR3D_FREQ 28% cpu@56.656C soc2@54.406C soc0@56.125C gpu@57.125C tj@57.125C soc1@55.968C VDD_IN 10376mW/8900mW VDD_CPU_GPU_CV 3154mW/2334mW VDD_SOC 3920mW/3580mW
08-01-2026 20:18:16 RAM 2992/7620MB (lfb 4x4MB) SWAP 0/3810MB (cached 0MB) CPU [0%@729,0%@729,0%@729,0%@729,89%@1728,0%@1728] GR3D_FREQ 30% cpu@56.812C soc2@54.343C soc0@56C gpu@57.125C tj@57.125C soc1@56.093C VDD_IN 10296mW/8904mW VDD_CPU_GPU_CV 3075mW/2336mW VDD_SOC 3920mW/3581mW
08-01-2026 20:18:17 RAM 2992/7620MB (lfb 4x4MB) SWAP 0/3810MB (cached 0MB) CPU [1%@729,1%@729,0%@729,0%@729,89%@1728,0%@1728] GR3D_FREQ 29% cpu@56.593C soc2@54.343C soc0@55.968C gpu@57.125C tj@57.125C soc1@56.062C VDD_IN 10256mW/8909mW VDD_CPU_GPU_CV 3035mW/2339mW VDD_SOC 3880mW/3582mW
08-01-2026 20:18:18 RAM 2992/7620MB (lfb 4x4MB) SWAP 0/3810MB (cached 0MB) CPU [0%@729,0%@729,0%@729,0%@729,91%@1728,0%@1728] GR3D_FREQ 30% cpu@56.906C soc2@54.468C soc0@56.093C gpu@57.437C tj@57.437C soc1@56.093C VDD_IN 10176mW/8913mW VDD_CPU_GPU_CV 3040mW/2341mW VDD_SOC 3880mW/3583mW
08-01-2026 20:18:19 RAM 2992/7620MB (lfb 4x4MB) SWAP 0/3810MB (cached 0MB) CPU [1%@729,1%@729,1%@729,0%@729,90%@1728,0%@1728] GR3D_FREQ 30% cpu@56.625C soc2@54.406C soc0@56.031C gpu@57.531C tj@57.531C soc1@56.125C VDD_IN 10136mW/8918mW VDD_CPU_GPU_CV 2960mW/2343mW VDD_SOC 3880mW/3584mW
08-01-2026 20:18:20 RAM 2992/7620MB (lfb 4x4MB) SWAP 0/3810MB (cached 0MB) CPU [1%@729,0%@729,0%@729,0%@729,91%@1728,0%@1728] GR3D_FREQ 30% cpu@56.656C soc2@54.343C soc0@56.218C gpu@57.5C tj@57.5C soc1@56.031C VDD_IN 10096mW/8922mW VDD_CPU_GPU_CV 3000mW/2346mW VDD_SOC 3840mW/3585mW
08-01-2026 20:18:21 RAM 2992/7620MB (lfb 4x4MB) SWAP 0/3810MB (cached 0MB) CPU [0%@729,0%@729,1%@729,0%@729,90%@1728,0%@1728] GR3D_FREQ 29% cpu@56.843C soc2@54.343C soc0@55.968C gpu@56.968C tj@56.968C soc1@56.093C VDD_IN 9975mW/8925mW VDD_CPU_GPU_CV 2960mW/2348mW VDD_SOC 3846mW/3586mW
08-01-2026 20:18:22 RAM 2992/7620MB (lfb 4x4MB) SWAP 0/3810MB (cached 0MB) CPU [1%@729,0%@729,1%@729,0%@729,91%@1728,0%@1728] GR3D_FREQ 30% cpu@56.687C soc2@54.406C soc0@56.031C gpu@57.031C tj@57.031C soc1@56.125C VDD_IN 9935mW/8929mW VDD_CPU_GPU_CV 2880mW/2349mW VDD_SOC 3806mW/3587mW
08-01-2026 20:18:23 RAM 2992/7620MB (lfb 4x4MB) SWAP 0/3810MB (cached 0MB) CPU [1%@729,0%@729,1%@729,1%@729,89%@1728,0%@1728] GR3D_FREQ 30% cpu@56.687C soc2@54.406C soc0@56.156C gpu@57.187C tj@57.187C soc1@56.125C VDD_IN 9855mW/8932mW VDD_CPU_GPU_CV 2840mW/2351mW VDD_SOC 3806mW/3587mW
08-01-2026 20:18:24 RAM 2992/7620MB (lfb 4x4MB) SWAP 0/3810MB (cached 0MB) CPU [1%@729,1%@729,1%@729,1%@729,90%@1728,0%@1728] GR3D_FREQ 30% cpu@56.531C soc2@54.375C soc0@56.187C gpu@57.187C tj@57.187C soc1@56.156C VDD_IN 9815mW/8935mW VDD_CPU_GPU_CV 2840mW/2353mW VDD_SOC 3806mW/3588mW
08-01-2026 20:18:25 RAM 2992/7620MB (lfb 4x4MB) SWAP 0/3810MB (cached 0MB) CPU [1%@729,0%@729,1%@729,0%@729,90%@1728,0%@1728] GR3D_FREQ 30% cpu@56.781C soc2@54.375C soc0@56.187C gpu@57.125C tj@57.125C soc1@56.031C VDD_IN 9815mW/8938mW VDD_CPU_GPU_CV 2800mW/2354mW VDD_SOC 3806mW/3589mW
08-01-2026 20:18:26 RAM 2992/7620MB (lfb 4x4MB) SWAP 0/3810MB (cached 0MB) CPU [0%@729,0%@729,0%@729,0%@729,89%@1728,0%@1728] GR3D_FREQ 30% cpu@56.781C soc2@54.468C soc0@56.25C gpu@57.125C tj@57.125C soc1@56.125C VDD_IN 9775mW/8941mW VDD_CPU_GPU_CV 2800mW/2356mW VDD_SOC 3806mW/3590mW
08-01-2026 20:18:27 RAM 2992/7620MB (lfb 4x4MB) SWAP 0/3810MB (cached 0MB) CPU [1%@729,0%@729,0%@729,0%@729,90%@1728,0%@1728] GR3D_FREQ 30% cpu@56.687C soc2@54.375C soc0@56.093C gpu@57.156C tj@57.156C soc1@56.031C VDD_IN 9735mW/8943mW VDD_CPU_GPU_CV 2800mW/2357mW VDD_SOC 3806mW/3590mW
08-01-2026 20:18:28 RAM 2992/7620MB (lfb 4x4MB) SWAP 0/3810MB (cached 0MB) CPU [1%@729,0%@729,1%@729,0%@729,89%@1728,0%@1728] GR3D_FREQ 30% cpu@56.718C soc2@54.375C soc0@56.093C gpu@57.187C tj@57.187C soc1@56.093C VDD_IN 9735mW/8946mW VDD_CPU_GPU_CV 2760mW/2359mW VDD_SOC 3766mW/3591mW
08-01-2026 20:18:29 RAM 2992/7620MB (lfb 4x4MB) SWAP 0/3810MB (cached 0MB) CPU [1%@729,0%@729,0%@729,0%@729,92%@1728,0%@1728] GR3D_FREQ 30% cpu@56.625C soc2@54.593C soc0@56.093C gpu@56.968C tj@56.968C soc1@56.218C VDD_IN 9695mW/8948mW VDD_CPU_GPU_CV 2760mW/2360mW VDD_SOC 3766mW/3591mW
08-01-2026 20:18:30 RAM 2992/7620MB (lfb 4x4MB) SWAP 0/3810MB (cached 0MB) CPU [0%@729,0%@729,0%@729,1%@729,91%@1728,0%@1728] GR3D_FREQ 28% cpu@56.625C soc2@54.343C soc0@56.156C gpu@57.031C tj@57.031C soc1@56.031C VDD_IN 9615mW/8951mW VDD_CPU_GPU_CV 2720mW/2361mW VDD_SOC 3725mW/3592mW
08-01-2026 20:18:31 RAM 2992/7620MB (lfb 4x4MB) SWAP 0/3810MB (cached 0MB) CPU [1%@729,0%@729,1%@729,0%@729,90%@1728,0%@1728] GR3D_FREQ 30% cpu@56.75C soc2@54.343C soc0@56.093C gpu@56.968C tj@56.968C soc1@56.093C VDD_IN 9575mW/8953mW VDD_CPU_GPU_CV 2680mW/2362mW VDD_SOC 3766mW/3592mW
08-01-2026 20:18:32 RAM 2992/7620MB (lfb 4x4MB) SWAP 0/3810MB (cached 0MB) CPU [1%@729,0%@729,1%@729,0%@729,90%@1728,0%@1728] GR3D_FREQ 30% cpu@56.656C soc2@54.406C soc0@56.062C gpu@57.031C tj@57.031C soc1@56.187C VDD_IN 9590mW/8955mW VDD_CPU_GPU_CV 2720mW/2363mW VDD_SOC 3725mW/3593mW
08-01-2026 20:18:33 RAM 2992/7620MB (lfb 4x4MB) SWAP 0/3810MB (cached 0MB) CPU [0%@729,0%@729,0%@729,1%@729,90%@1728,0%@1728] GR3D_FREQ 40% cpu@56.625C soc2@54.437C soc0@56.093C gpu@57C tj@57C soc1@56.156C VDD_IN 9510mW/8957mW VDD_CPU_GPU_CV 2640mW/2364mW VDD_SOC 3725mW/3593mW
08-01-2026 20:18:34 RAM 2992/7620MB (lfb 4x4MB) SWAP 0/3810MB (cached 0MB) CPU [0%@729,0%@729,1%@729,0%@729,92%@1728,0%@1728] GR3D_FREQ 30% cpu@56.781C soc2@54.343C soc0@56.062C gpu@57.25C tj@57.25C soc1@56.093C VDD_IN 9510mW/8958mW VDD_CPU_GPU_CV 2640mW/2365mW VDD_SOC 3725mW/3594mW
08-01-2026 20:18:35 RAM 2992/7620MB (lfb 4x4MB) SWAP 0/3810MB (cached 0MB) CPU [1%@729,0%@729,1%@729,0%@729,90%@1728,0%@1728] GR3D_FREQ 37% cpu@56.718C soc2@54.343C soc0@56.25C gpu@57.25C tj@57.25C soc1@56.093C VDD_IN 9430mW/8960mW VDD_CPU_GPU_CV 2600mW/2366mW VDD_SOC 3725mW/3594mW
08-01-2026 20:18:36 RAM 2992/7620MB (lfb 4x4MB) SWAP 0/3810MB (cached 0MB) CPU [1%@729,0%@729,1%@729,0%@729,90%@1728,0%@1728] GR3D_FREQ 40% cpu@56.75C soc2@54.375C soc0@56.062C gpu@57.281C tj@57.281C soc1@56.062C VDD_IN 9389mW/8961mW VDD_CPU_GPU_CV 2560mW/2367mW VDD_SOC 3725mW/3595mW
08-01-2026 20:18:37 RAM 2992/7620MB (lfb 4x4MB) SWAP 0/3810MB (cached 0MB) CPU [0%@729,0%@729,1%@729,0%@729,91%@1728,0%@1728] GR3D_FREQ 40% cpu@56.531C soc2@54.375C soc0@56.125C gpu@57.281C tj@57.281C soc1@56.187C VDD_IN 9349mW/8963mW VDD_CPU_GPU_CV 2560mW/2367mW VDD_SOC 3685mW/3595mW
08-01-2026 20:18:38 RAM 2992/7620MB (lfb 4x4MB) SWAP 0/3810MB (cached 0MB) CPU [1%@729,0%@729,0%@729,0%@729,90%@1728,0%@1728] GR3D_FREQ 40% cpu@56.718C soc2@54.468C soc0@56.125C gpu@57.031C tj@57.031C soc1@56.312C VDD_IN 9349mW/8964mW VDD_CPU_GPU_CV 2520mW/2368mW VDD_SOC 3685mW/3595mW
08-01-2026 20:18:39 RAM 2992/7620MB (lfb 4x4MB) SWAP 0/3810MB (cached 0MB) CPU [1%@1728,0%@729,1%@729,0%@729,91%@1728,0%@1728] GR3D_FREQ 38% cpu@56.718C soc2@54.406C soc0@56.156C gpu@56.968C tj@56.968C soc1@56.125C VDD_IN 9309mW/8965mW VDD_CPU_GPU_CV 2480mW/2368mW VDD_SOC 3685mW/3595mW
08-01-2026 20:18:40 RAM 2992/7620MB (lfb 4x4MB) SWAP 0/3810MB (cached 0MB) CPU [0%@729,0%@729,1%@729,0%@729,90%@1728,0%@1728] GR3D_FREQ 40% cpu@56.906C soc2@54.343C soc0@56.312C gpu@57C tj@57C soc1@56C VDD_IN 9269mW/8966mW VDD_CPU_GPU_CV 2440mW/2368mW VDD_SOC 3685mW/3596mW
08-01-2026 20:18:41 RAM 2992/7620MB (lfb 4x4MB) SWAP 0/3810MB (cached 0MB) CPU [1%@1728,1%@1728,66%@1728,0%@1728,25%@729,0%@729] GR3D_FREQ 39% cpu@56.937C soc2@54.5C soc0@56.093C gpu@57.062C tj@57.062C soc1@56.031C VDD_IN 9189mW/8967mW VDD_CPU_GPU_CV 2400mW/2368mW VDD_SOC 3685mW/3596mW
08-01-2026 20:18:42 RAM 2992/7620MB (lfb 4x4MB) SWAP 0/3810MB (cached 0MB) CPU [0%@1728,0%@1728,91%@1728,0%@1728,0%@729,0%@729] GR3D_FREQ 39% cpu@57.187C soc2@54.312C soc0@56.031C gpu@57.062C tj@57.187C soc1@56.156C VDD_IN 9189mW/8967mW VDD_CPU_GPU_CV 2443mW/2369mW VDD_SOC 3645mW/3596mW
08-01-2026 20:18:43 RAM 2992/7620MB (lfb 4x4MB) SWAP 0/3810MB (cached 0MB) CPU [75%@1728,0%@1728,17%@1728,0%@1728,0%@729,0%@729] GR3D_FREQ 39% cpu@56.562C soc2@54.625C soc0@56.125C gpu@57.031C tj@57.031C soc1@56.218C VDD_IN 9149mW/8968mW VDD_CPU_GPU_CV 2403mW/2369mW VDD_SOC 3685mW/3596mW
08-01-2026 20:18:44 RAM 2992/7620MB (lfb 4x4MB) SWAP 0/3810MB (cached 0MB) CPU [91%@1728,0%@1728,0%@1728,0%@1728,0%@729,0%@729] GR3D_FREQ 39% cpu@56.562C soc2@54.468C soc0@56.281C gpu@57.031C tj@57.031C soc1@56.031C VDD_IN 9189mW/8969mW VDD_CPU_GPU_CV 2403mW/2369mW VDD_SOC 3645mW/3597mW
08-01-2026 20:18:45 RAM 2992/7620MB (lfb 4x4MB) SWAP 0/3810MB (cached 0MB) CPU [90%@1728,0%@1728,1%@1728,0%@1728,0%@729,0%@729] GR3D_FREQ 40% cpu@56.781C soc2@54.5C soc0@56.312C gpu@57.062C tj@57.062C soc1@56.062C VDD_IN 9189mW/8969mW VDD_CPU_GPU_CV 2400mW/2369mW VDD_SOC 3645mW/3597mW
08-01-2026 20:18:46 RAM 2992/7620MB (lfb 4x4MB) SWAP 0/3810MB (cached 0MB) CPU [88%@1728,1%@1728,1%@1728,0%@1728,0%@729,0%@729] GR3D_FREQ 38% cpu@56.625C soc2@54.5C soc0@56.156C gpu@56.906C tj@56.906C soc1@56.093C VDD_IN 9068mW/8970mW VDD_CPU_GPU_CV 2323mW/2369mW VDD_SOC 3645mW/3597mW
08-01-2026 20:18:47 RAM 2992/7620MB (lfb 4x4MB) SWAP 0/3810MB (cached 0MB) CPU [90%@1728,0%@1728,0%@1728,0%@1728,0%@729,0%@729] GR3D_FREQ 38% cpu@56.812C soc2@54.562C soc0@56.156C gpu@56.906C tj@56.906C soc1@56.187C VDD_IN 9109mW/8970mW VDD_CPU_GPU_CV 2443mW/2369mW VDD_SOC 3691mW/3597mW
08-01-2026 20:18:48 RAM 2992/7620MB (lfb 4x4MB) SWAP 0/3810MB (cached 0MB) CPU [17%@729,0%@729,0%@729,0%@729,73%@1728,0%@1728] GR3D_FREQ 40% cpu@56.718C soc2@54.468C soc0@56.125C gpu@56.937C tj@56.937C soc1@56.187C VDD_IN 9229mW/8971mW VDD_CPU_GPU_CV 2440mW/2369mW VDD_SOC 3685mW/3597mW
08-01-2026 20:18:49 RAM 2992/7620MB (lfb 4x4MB) SWAP 0/3810MB (cached 0MB) CPU [1%@729,2%@729,1%@729,0%@729,90%@1728,0%@1728] GR3D_FREQ 40% cpu@56.75C soc2@54.375C soc0@56.218C gpu@56.906C tj@56.906C soc1@56.062C VDD_IN 9269mW/8972mW VDD_CPU_GPU_CV 2483mW/2370mW VDD_SOC 3645mW/3598mW
08-01-2026 20:18:50 RAM 2992/7620MB (lfb 4x4MB) SWAP 0/3810MB (cached 0MB) CPU [1%@729,0%@729,0%@729,0%@729,91%@1728,0%@1728] GR3D_FREQ 40% cpu@56.75C soc2@54.437C soc0@56.281C gpu@57.031C tj@57.031C soc1@56.125C VDD_IN 9269mW/8973mW VDD_CPU_GPU_CV 2443mW/2370mW VDD_SOC 3645mW/3598mW
08-01-2026 20:18:51 RAM 2992/7620MB (lfb 4x4MB) SWAP 0/3810MB (cached 0MB) CPU [1%@729,0%@729,0%@729,0%@729,90%@1728,0%@1728] GR3D_FREQ 40% cpu@56.75C soc2@54.375C soc0@56.062C gpu@57C tj@57C soc1@56.093C VDD_IN 9189mW/8973mW VDD_CPU_GPU_CV 2443mW/2370mW VDD_SOC 3645mW/3598mW
08-01-2026 20:18:52 RAM 2992/7620MB (lfb 4x4MB) SWAP 0/3810MB (cached 0MB) CPU [3%@729,0%@729,1%@729,0%@729,92%@1728,0%@1728] GR3D_FREQ 40% cpu@56.687C soc2@54.375C soc0@56.125C gpu@57.187C tj@57.187C soc1@56.093C VDD_IN 9149mW/8974mW VDD_CPU_GPU_CV 2443mW/2370mW VDD_SOC 3645mW/3598mW
08-01-2026 20:18:53 RAM 2992/7620MB (lfb 4x4MB) SWAP 0/3810MB (cached 0MB) CPU [1%@729,0%@729,0%@729,0%@729,90%@1728,0%@1728] GR3D_FREQ 39% cpu@56.656C soc2@54.531C soc0@56.187C gpu@57.093C tj@57.093C soc1@56.25C VDD_IN 9109mW/8974mW VDD_CPU_GPU_CV 2363mW/2370mW VDD_SOC 3645mW/3598mW
08-01-2026 20:18:54 RAM 2992/7620MB (lfb 4x4MB) SWAP 0/3810MB (cached 0MB) CPU [1%@729,1%@729,1%@729,1%@729,90%@1728,0%@1728] GR3D_FREQ 40% cpu@56.781C soc2@54.343C soc0@56.187C gpu@57.125C tj@57.125C soc1@56.062C VDD_IN 9109mW/8975mW VDD_CPU_GPU_CV 2363mW/2370mW VDD_SOC 3645mW/3598mW
08-01-2026 20:18:55 RAM 2992/7620MB (lfb 4x4MB) SWAP 0/3810MB (cached 0MB) CPU [2%@729,0%@729,0%@729,0%@729,91%@1728,0%@1728] GR3D_FREQ 39% cpu@57C soc2@54.281C soc0@56.281C gpu@57.125C tj@57.125C soc1@56.125C VDD_IN 9028mW/8975mW VDD_CPU_GPU_CV 2363mW/2370mW VDD_SOC 3651mW/3599mW
08-01-2026 20:18:56 RAM 2992/7620MB (lfb 4x4MB) SWAP 0/3810MB (cached 0MB) CPU [0%@729,0%@729,0%@729,0%@729,91%@1728,0%@1728] GR3D_FREQ 40% cpu@56.812C soc2@54.437C soc0@56.125C gpu@57.187C tj@57.187C soc1@56.156C VDD_IN 9068mW/8975mW VDD_CPU_GPU_CV 2363mW/2370mW VDD_SOC 3645mW/3599mW
08-01-2026 20:18:57 RAM 2992/7620MB (lfb 4x4MB) SWAP 0/3810MB (cached 0MB) CPU [1%@729,0%@729,0%@729,0%@729,89%@1728,0%@1728] GR3D_FREQ 40% cpu@56.656C soc2@54.437C soc0@56.156C gpu@57C tj@57C soc1@56.25C VDD_IN 9028mW/8975mW VDD_CPU_GPU_CV 2323mW/2370mW VDD_SOC 3605mW/3599mW
08-01-2026 20:18:58 RAM 2992/7620MB (lfb 4x4MB) SWAP 0/3810MB (cached 0MB) CPU [1%@729,0%@729,1%@729,0%@729,91%@1728,0%@1728] GR3D_FREQ 40% cpu@56.75C soc2@54.375C soc0@56.25C gpu@57.031C tj@57.031C soc1@56.062C VDD_IN 9028mW/8976mW VDD_CPU_GPU_CV 2323mW/2370mW VDD_SOC 3611mW/3599mW
08-01-2026 20:18:59 RAM 2992/7620MB (lfb 4x4MB) SWAP 0/3810MB (cached 0MB) CPU [0%@729,1%@729,0%@729,0%@729,89%@1728,0%@1728] GR3D_FREQ 30% cpu@56.625C soc2@54.406C soc0@56.187C gpu@56.968C tj@56.968C soc1@56.187C VDD_IN 8948mW/8975mW VDD_CPU_GPU_CV 2283mW/2370mW VDD_SOC 3605mW/3599mW
08-01-2026 20:19:00 RAM 2992/7620MB (lfb 4x4MB) SWAP 0/3810MB (cached 0MB) CPU [1%@729,1%@729,1%@729,0%@729,89%@1728,0%@1728] GR3D_FREQ 22% cpu@56.875C soc2@54.468C soc0@56.093C gpu@57.031C tj@57.031C soc1@56.125C VDD_IN 9028mW/8976mW VDD_CPU_GPU_CV 2363mW/2370mW VDD_SOC 3605mW/3599mW
08-01-2026 20:19:01 RAM 2992/7620MB (lfb 4x4MB) SWAP 0/3810MB (cached 0MB) CPU [1%@729,0%@729,2%@729,0%@729,90%@1728,0%@1728] GR3D_FREQ 88% cpu@56.75C soc2@54.468C soc0@56.156C gpu@57.218C tj@57.218C soc1@56.25C VDD_IN 9149mW/8976mW VDD_CPU_GPU_CV 2443mW/2370mW VDD_SOC 3645mW/3599mW
08-01-2026 20:19:02 RAM 2992/7620MB (lfb 4x4MB) SWAP 0/3810MB (cached 0MB) CPU [1%@729,0%@729,0%@729,0%@729,89%@1497,0%@1497] GR3D_FREQ 99% cpu@56.437C soc2@54.531C soc0@56.187C gpu@57.781C tj@57.781C soc1@56.218C VDD_IN 9389mW/8977mW VDD_CPU_GPU_CV 2560mW/2370mW VDD_SOC 3725mW/3599mW
08-01-2026 20:19:03 RAM 2992/7620MB (lfb 4x4MB) SWAP 0/3810MB (cached 0MB) CPU [2%@729,0%@729,0%@729,0%@729,88%@1036,0%@1036] GR3D_FREQ 99% cpu@56.5C soc2@54.531C soc0@56.218C gpu@57.906C tj@57.906C soc1@56.156C VDD_IN 9615mW/8979mW VDD_CPU_GPU_CV 2640mW/2371mW VDD_SOC 3766mW/3600mW
08-01-2026 20:19:04 RAM 2992/7620MB (lfb 4x4MB) SWAP 0/3810MB (cached 0MB) CPU [1%@729,0%@729,0%@729,0%@729,89%@1728,0%@1728] GR3D_FREQ 99% cpu@56.687C soc2@54.468C soc0@56.312C gpu@58.031C tj@58.031C soc1@56.156C VDD_IN 10056mW/8982mW VDD_CPU_GPU_CV 2880mW/2373mW VDD_SOC 3880mW/3601mW
08-01-2026 20:19:05 RAM 2992/7620MB (lfb 4x4MB) SWAP 0/3810MB (cached 0MB) CPU [1%@1728,0%@1728,0%@1728,90%@1728,0%@729,0%@729] GR3D_FREQ 94% cpu@56.656C soc2@54.593C soc0@56.187C gpu@58.187C tj@58.187C soc1@56.156C VDD_IN 10216mW/8986mW VDD_CPU_GPU_CV 2995mW/2375mW VDD_SOC 3960mW/3602mW
08-01-2026 20:19:06 RAM 2992/7620MB (lfb 4x4MB) SWAP 0/3810MB (cached 0MB) CPU [1%@1728,1%@1728,0%@1728,89%@1728,0%@729,0%@729] GR3D_FREQ 99% cpu@56.843C soc2@54.656C soc0@56.218C gpu@58.187C tj@58.187C soc1@56.218C VDD_IN 10576mW/8991mW VDD_CPU_GPU_CV 3234mW/2377mW VDD_SOC 4000mW/3603mW
08-01-2026 20:19:07 RAM 2992/7620MB (lfb 4x4MB) SWAP 0/3810MB (cached 0MB) CPU [0%@960,0%@960,0%@960,89%@960,0%@729,0%@729] GR3D_FREQ 99% cpu@56.531C soc2@54.656C soc0@56.125C gpu@58.375C tj@58.375C soc1@56.25C VDD_IN 10880mW/8996mW VDD_CPU_GPU_CV 3434mW/2380mW VDD_SOC 4080mW/3604mW
08-01-2026 20:19:08 RAM 2992/7620MB (lfb 4x4MB) SWAP 0/3810MB (cached 0MB) CPU [0%@960,0%@960,0%@960,89%@960,0%@729,0%@729] GR3D_FREQ 99% cpu@56.687C soc2@54.562C soc0@56.25C gpu@58.531C tj@58.531C soc1@56.093C VDD_IN 11200mW/9003mW VDD_CPU_GPU_CV 3588mW/2384mW VDD_SOC 4113mW/3606mW
08-01-2026 20:19:09 RAM 2992/7620MB (lfb 4x4MB) SWAP 0/3810MB (cached 0MB) CPU [1%@1574,6%@1574,0%@1574,83%@1574,0%@729,0%@729] GR3D_FREQ 99% cpu@56.75C soc2@54.625C soc0@56.218C gpu@58.312C tj@58.312C soc1@56.187C VDD_IN 11200mW/9009mW VDD_CPU_GPU_CV 3594mW/2387mW VDD_SOC 4120mW/3607mW
08-01-2026 20:19:10 RAM 2992/7620MB (lfb 4x4MB) SWAP 0/3810MB (cached 0MB) CPU [2%@1574,88%@1574,0%@1574,0%@1574,0%@729,0%@729] GR3D_FREQ 68% cpu@56.75C soc2@54.687C soc0@56.125C gpu@58.187C tj@58.187C soc1@56.187C VDD_IN 11160mW/9016mW VDD_CPU_GPU_CV 3634mW/2391mW VDD_SOC 4120mW/3609mW
08-01-2026 20:19:11 RAM 2992/7620MB (lfb 4x4MB) SWAP 0/3810MB (cached 0MB) CPU [90%@1651,0%@1651,0%@1651,0%@1651,0%@729,0%@729] GR3D_FREQ 99% cpu@56.75C soc2@54.656C soc0@56.187C gpu@58.312C tj@58.312C soc1@56.156C VDD_IN 11160mW/9022mW VDD_CPU_GPU_CV 3628mW/2395mW VDD_SOC 4120mW/3610mW
08-01-2026 20:19:12 RAM 2992/7620MB (lfb 4x4MB) SWAP 0/3810MB (cached 0MB) CPU [91%@1651,0%@1651,0%@1651,0%@1651,0%@729,0%@729] GR3D_FREQ 72% cpu@56.531C soc2@54.718C soc0@56.156C gpu@58.25C tj@58.25C soc1@56.281C VDD_IN 11200mW/9028mW VDD_CPU_GPU_CV 3668mW/2398mW VDD_SOC 4120mW/3612mW
08-01-2026 20:19:13 RAM 2992/7620MB (lfb 4x4MB) SWAP 0/3810MB (cached 0MB) CPU [90%@1651,0%@1651,1%@1651,0%@1651,0%@729,0%@729] GR3D_FREQ 99% cpu@56.625C soc2@54.625C soc0@56.218C gpu@58.343C tj@58.343C soc1@56.125C VDD_IN 11280mW/9035mW VDD_CPU_GPU_CV 3634mW/2402mW VDD_SOC 4113mW/3613mW
08-01-2026 20:19:14 RAM 2992/7620MB (lfb 4x4MB) SWAP 0/3810MB (cached 0MB) CPU [83%@1651,0%@1651,8%@1651,0%@1651,0%@729,1%@729] GR3D_FREQ 64% cpu@56.968C soc2@54.718C soc0@56.406C gpu@58.031C tj@58.031C soc1@56.187C VDD_IN 11240mW/9041mW VDD_CPU_GPU_CV 3668mW/2405mW VDD_SOC 4153mW/3615mW
08-01-2026 20:19:15 RAM 2992/7620MB (lfb 4x4MB) SWAP 0/3810MB (cached 0MB) CPU [0%@1651,0%@1651,91%@1651,0%@1651,0%@729,0%@729] GR3D_FREQ 37% cpu@57.218C soc2@54.625C soc0@56.156C gpu@57.906C tj@57.906C soc1@56.187C VDD_IN 11320mW/9048mW VDD_CPU_GPU_CV 3674mW/2409mW VDD_SOC 4113mW/3616mW
08-01-2026 20:19:16 RAM 2992/7620MB (lfb 4x4MB) SWAP 0/3810MB (cached 0MB) CPU [1%@1574,0%@1574,90%@1574,0%@1574,0%@729,0%@729] GR3D_FREQ 34% cpu@57.031C soc2@54.656C soc0@56.093C gpu@57.75C tj@57.75C soc1@56.25C VDD_IN 11280mW/9054mW VDD_CPU_GPU_CV 3588mW/2413mW VDD_SOC 4113mW/3618mW
08-01-2026 20:19:17 RAM 2992/7620MB (lfb 4x4MB) SWAP 0/3810MB (cached 0MB) CPU [1%@1651,0%@1651,90%@1651,0%@1651,0%@729,1%@729] GR3D_FREQ 32% cpu@57.187C soc2@54.781C soc0@56.25C gpu@57.781C tj@57.781C soc1@56.187C VDD_IN 11200mW/9060mW VDD_CPU_GPU_CV 3668mW/2416mW VDD_SOC 4120mW/3619mW
08-01-2026 20:19:18 RAM 2992/7620MB (lfb 4x4MB) SWAP 0/3810MB (cached 0MB) CPU [1%@1651,0%@1651,89%@1651,1%@1651,0%@729,0%@729] GR3D_FREQ 45% cpu@56.968C soc2@54.75C soc0@56.218C gpu@57.718C tj@57.718C soc1@56.062C VDD_IN 11240mW/9066mW VDD_CPU_GPU_CV 3588mW/2419mW VDD_SOC 4113mW/3620mW
08-01-2026 20:19:19 RAM 2992/7620MB (lfb 4x4MB) SWAP 0/3810MB (cached 0MB) CPU [1%@1728,0%@1728,90%@1728,0%@1728,0%@729,1%@729] GR3D_FREQ 48% cpu@57.218C soc2@54.562C soc0@56.312C gpu@57.687C tj@57.687C soc1@56.062C VDD_IN 11240mW/9073mW VDD_CPU_GPU_CV 3634mW/2423mW VDD_SOC 4113mW/3622mW
08-01-2026 20:19:20 RAM 2992/7620MB (lfb 4x4MB) SWAP 0/3810MB (cached 0MB) CPU [15%@1728,0%@1728,75%@1728,0%@1728,0%@729,0%@729] GR3D_FREQ 47% cpu@56.843C soc2@54.75C soc0@56.187C gpu@57.781C tj@57.781C soc1@56.218C VDD_IN 11280mW/9079mW VDD_CPU_GPU_CV 3634mW/2426mW VDD_SOC 4113mW/3623mW
08-01-2026 20:19:21 RAM 2992/7620MB (lfb 4x4MB) SWAP 0/3810MB (cached 0MB) CPU [90%@1728,0%@1728,0%@1728,0%@1728,0%@729,0%@729] GR3D_FREQ 41% cpu@57.062C soc2@54.718C soc0@56.25C gpu@57.718C tj@57.718C soc1@56.093C VDD_IN 11160mW/9085mW VDD_CPU_GPU_CV 3674mW/2430mW VDD_SOC 4120mW/3625mW
08-01-2026 20:19:22 RAM 2992/7620MB (lfb 4x4MB) SWAP 0/3810MB (cached 0MB) CPU [76%@1728,14%@1728,1%@1728,0%@1728,0%@729,0%@729] GR3D_FREQ 43% cpu@56.656C soc2@54.718C soc0@56.281C gpu@57.75C tj@57.937C soc1@56.25C VDD_IN 11200mW/9091mW VDD_CPU_GPU_CV 3628mW/2433mW VDD_SOC 4120mW/3626mW
08-01-2026 20:19:23 RAM 2992/7620MB (lfb 4x4MB) SWAP 0/3810MB (cached 0MB) CPU [1%@1728,90%@1728,0%@1728,0%@1728,0%@729,0%@729] GR3D_FREQ 41% cpu@56.531C soc2@54.718C soc0@56.125C gpu@57.875C tj@57.875C soc1@56.25C VDD_IN 11160mW/9097mW VDD_CPU_GPU_CV 3634mW/2437mW VDD_SOC 4113mW/3627mW
08-01-2026 20:19:24 RAM 2992/7620MB (lfb 4x4MB) SWAP 0/3810MB (cached 0MB) CPU [1%@1728,90%@1728,0%@1728,0%@1728,0%@729,0%@729] GR3D_FREQ 40% cpu@56.687C soc2@54.593C soc0@56.375C gpu@57.812C tj@57.812C soc1@56.187C VDD_IN 11120mW/9102mW VDD_CPU_GPU_CV 3594mW/2440mW VDD_SOC 4120mW/3629mW
08-01-2026 20:19:25 RAM 2992/7620MB (lfb 4x4MB) SWAP 0/3810MB (cached 0MB) CPU [1%@1728,89%@1728,0%@1728,0%@1728,0%@729,0%@729] GR3D_FREQ 23% cpu@56.843C soc2@54.593C soc0@56.218C gpu@57.718C tj@57.718C soc1@56.156C VDD_IN 11080mW/9108mW VDD_CPU_GPU_CV 3514mW/2443mW VDD_SOC 4080mW/3630mW
08-01-2026 20:19:26 RAM 2992/7620MB (lfb 4x4MB) SWAP 0/3810MB (cached 0MB) CPU [1%@1728,72%@1728,18%@1728,0%@1728,0%@729,1%@729] GR3D_FREQ 20% cpu@57.125C soc2@54.593C soc0@56.218C gpu@57.812C tj@57.812C soc1@56.187C VDD_IN 10960mW/9113mW VDD_CPU_GPU_CV 3514mW/2446mW VDD_SOC 4080mW/3631mW
08-01-2026 20:19:27 RAM 2992/7620MB (lfb 4x4MB) SWAP 0/3810MB (cached 0MB) CPU [1%@1728,0%@1728,89%@1728,1%@1728,1%@729,0%@729] GR3D_FREQ 24% cpu@57.343C soc2@54.562C soc0@56.25C gpu@57.718C tj@57.718C soc1@56.218C VDD_IN 11000mW/9118mW VDD_CPU_GPU_CV 3474mW/2449mW VDD_SOC 4080mW/3633mW
08-01-2026 20:19:28 RAM 2992/7620MB (lfb 4x4MB) SWAP 0/3810MB (cached 0MB) CPU [20%@1728,0%@1728,70%@1728,0%@1728,0%@729,0%@729] GR3D_FREQ 23% cpu@56.687C soc2@54.75C soc0@56.25C gpu@57.875C tj@57.875C soc1@56.218C VDD_IN 10960mW/9123mW VDD_CPU_GPU_CV 3514mW/2452mW VDD_SOC 4080mW/3634mW
08-01-2026 20:19:29 RAM 2992/7620MB (lfb 4x4MB) SWAP 0/3810MB (cached 0MB) CPU [71%@729,0%@729,0%@729,0%@729,18%@1728,0%@1728] GR3D_FREQ 24% cpu@56.75C soc2@54.5C soc0@56.312C gpu@57.906C tj@57.906C soc1@56.375C VDD_IN 10960mW/9129mW VDD_CPU_GPU_CV 3514mW/2455mW VDD_SOC 4080mW/3635mW
08-01-2026 20:19:30 RAM 2992/7620MB (lfb 4x4MB) SWAP 0/3810MB (cached 0MB) CPU [0%@729,1%@729,0%@729,0%@729,90%@1728,0%@1728] GR3D_FREQ 24% cpu@57C soc2@54.562C soc0@56.375C gpu@57.781C tj@57.781C soc1@56.125C VDD_IN 10920mW/9133mW VDD_CPU_GPU_CV 3434mW/2457mW VDD_SOC 4040mW/3636mW
08-01-2026 20:19:31 RAM 2995/7620MB (lfb 5x4MB) SWAP 0/3810MB (cached 0MB) CPU [4%@729,3%@729,1%@729,5%@729,75%@1728,14%@1728] GR3D_FREQ 24% cpu@56.781C soc2@54.531C soc0@56.156C gpu@57.5C tj@57.5C soc1@56.218C VDD_IN 11000mW/9139mW VDD_CPU_GPU_CV 3514mW/2460mW VDD_SOC 4080mW/3637mW
08-01-2026 20:19:32 RAM 2995/7620MB (lfb 5x4MB) SWAP 0/3810MB (cached 0MB) CPU [2%@729,3%@729,2%@729,2%@729,1%@1728,90%@1728] GR3D_FREQ 24% cpu@56.625C soc2@54.562C soc0@56.125C gpu@57.468C tj@57.468C soc1@56.312C VDD_IN 10960mW/9144mW VDD_CPU_GPU_CV 3514mW/2463mW VDD_SOC 4040mW/3639mW
08-01-2026 20:19:33 RAM 2995/7620MB (lfb 5x4MB) SWAP 0/3810MB (cached 0MB) CPU [1%@729,0%@729,0%@729,0%@729,0%@1728,90%@1728] GR3D_FREQ 23% cpu@56.531C soc2@54.562C soc0@56.218C gpu@57.5C tj@57.5C soc1@56.25C VDD_IN 10760mW/9148mW VDD_CPU_GPU_CV 3434mW/2466mW VDD_SOC 4040mW/3640mW
08-01-2026 20:19:34 RAM 2997/7620MB (lfb 6x4MB) SWAP 0/3810MB (cached 0MB) CPU [1%@729,1%@729,0%@729,0%@729,0%@1728,89%@1728] GR3D_FREQ 24% cpu@56.531C soc2@54.5C soc0@56.312C gpu@57.468C tj@57.468C soc1@56.093C VDD_IN 10640mW/9152mW VDD_CPU_GPU_CV 3314mW/2468mW VDD_SOC 4000mW/3641mW
08-01-2026 20:19:35 RAM 2997/7620MB (lfb 6x4MB) SWAP 0/3810MB (cached 0MB) CPU [1%@729,0%@729,1%@729,1%@729,0%@1728,91%@1728] GR3D_FREQ 24% cpu@56.656C soc2@54.5C soc0@56.093C gpu@57.5C tj@57.5C soc1@56.125C VDD_IN 10560mW/9156mW VDD_CPU_GPU_CV 3314mW/2470mW VDD_SOC 3960mW/3641mW
08-01-2026 20:19:36 RAM 2997/7620MB (lfb 6x4MB) SWAP 0/3810MB (cached 0MB) CPU [1%@729,0%@729,0%@729,0%@729,0%@1728,89%@1728] GR3D_FREQ 30% cpu@56.781C soc2@54.531C soc0@56.187C gpu@57.25C tj@57.25C soc1@56.281C VDD_IN 10496mW/9160mW VDD_CPU_GPU_CV 3194mW/2472mW VDD_SOC 3960mW/3642mW
08-01-2026 20:19:37 RAM 2997/7620MB (lfb 6x4MB) SWAP 0/3810MB (cached 0MB) CPU [1%@729,0%@729,0%@729,0%@729,0%@1728,90%@1728] GR3D_FREQ 30% cpu@56.656C soc2@54.656C soc0@56.312C gpu@57.218C tj@57.218C soc1@56.281C VDD_IN 10416mW/9163mW VDD_CPU_GPU_CV 3154mW/2474mW VDD_SOC 3920mW/3643mW
08-01-2026 20:19:38 RAM 2997/7620MB (lfb 6x4MB) SWAP 0/3810MB (cached 0MB) CPU [1%@729,1%@729,0%@729,0%@729,0%@1728,91%@1728] GR3D_FREQ 30% cpu@56.437C soc2@54.562C soc0@56.25C gpu@57.218C tj@57.218C soc1@56.343C VDD_IN 10376mW/9166mW VDD_CPU_GPU_CV 3194mW/2476mW VDD_SOC 3920mW/3644mW
08-01-2026 20:19:39 RAM 2997/7620MB (lfb 6x4MB) SWAP 0/3810MB (cached 0MB) CPU [2%@729,1%@729,0%@729,0%@729,0%@1728,90%@1728] GR3D_FREQ 30% cpu@56.687C soc2@54.562C soc0@56.312C gpu@57.218C tj@57.218C soc1@56.156C VDD_IN 10296mW/9169mW VDD_CPU_GPU_CV 3115mW/2478mW VDD_SOC 3880mW/3644mW
08-01-2026 20:19:40 RAM 2997/7620MB (lfb 6x4MB) SWAP 0/3810MB (cached 0MB) CPU [1%@729,1%@729,0%@729,0%@729,0%@1728,90%@1728] GR3D_FREQ 30% cpu@56.625C soc2@54.531C soc0@56.218C gpu@57.437C tj@57.437C soc1@56.218C VDD_IN 10216mW/9172mW VDD_CPU_GPU_CV 3040mW/2479mW VDD_SOC 3880mW/3645mW
08-01-2026 20:19:41 RAM 2997/7620MB (lfb 6x4MB) SWAP 0/3810MB (cached 0MB) CPU [1%@729,0%@729,0%@729,1%@729,0%@1728,91%@1728] GR3D_FREQ 30% cpu@56.687C soc2@54.562C soc0@56.218C gpu@57.343C tj@57.343C soc1@56.281C VDD_IN 10056mW/9174mW VDD_CPU_GPU_CV 3000mW/2481mW VDD_SOC 3846mW/3646mW
08-01-2026 20:19:42 RAM 2997/7620MB (lfb 6x4MB) SWAP 0/3810MB (cached 0MB) CPU [1%@729,0%@729,1%@729,0%@729,0%@1728,89%@1728] GR3D_FREQ 30% cpu@56.375C soc2@54.562C soc0@56.281C gpu@57.5C tj@57.5C soc1@56.406C VDD_IN 9975mW/9177mW VDD_CPU_GPU_CV 2920mW/2482mW VDD_SOC 3846mW/3646mW
08-01-2026 20:19:43 RAM 2997/7620MB (lfb 6x4MB) SWAP 0/3810MB (cached 0MB) CPU [1%@729,0%@729,1%@729,0%@729,0%@1728,89%@1728] GR3D_FREQ 30% cpu@56.468C soc2@54.468C soc0@56.312C gpu@57.437C tj@57.437C soc1@56.218C VDD_IN 9935mW/9179mW VDD_CPU_GPU_CV 2880mW/2483mW VDD_SOC 3806mW/3647mW
08-01-2026 20:19:44 RAM 2997/7620MB (lfb 6x4MB) SWAP 0/3810MB (cached 0MB) CPU [1%@729,0%@729,0%@729,0%@729,0%@1728,90%@1728] GR3D_FREQ 30% cpu@56.687C soc2@54.562C soc0@56.312C gpu@57.437C tj@57.437C soc1@56.281C VDD_IN 9975mW/9181mW VDD_CPU_GPU_CV 2880mW/2484mW VDD_SOC 3806mW/3647mW
08-01-2026 20:19:45 RAM 2997/7620MB (lfb 6x4MB) SWAP 0/3810MB (cached 0MB) CPU [2%@729,1%@729,0%@729,0%@729,0%@1728,91%@1728] GR3D_FREQ 30% cpu@56.656C soc2@54.5C soc0@56.187C gpu@57.25C tj@57.25C soc1@56.25C VDD_IN 9855mW/9183mW VDD_CPU_GPU_CV 2880mW/2485mW VDD_SOC 3806mW/3647mW
08-01-2026 20:19:46 RAM 2997/7620MB (lfb 6x4MB) SWAP 0/3810MB (cached 0MB) CPU [0%@729,0%@729,0%@729,0%@729,0%@1728,90%@1728] GR3D_FREQ 30% cpu@56.625C soc2@54.437C soc0@56.25C gpu@57.156C tj@57.156C soc1@56.281C VDD_IN 9815mW/9184mW VDD_CPU_GPU_CV 2800mW/2486mW VDD_SOC 3806mW/3648mW
08-01-2026 20:19:47 RAM 2997/7620MB (lfb 6x4MB) SWAP 0/3810MB (cached 0MB) CPU [1%@729,1%@729,0%@729,0%@729,0%@1728,91%@1728] GR3D_FREQ 30% cpu@56.531C soc2@54.625C soc0@56.312C gpu@57.187C tj@57.187C soc1@56.343C VDD_IN 9695mW/9186mW VDD_CPU_GPU_CV 2800mW/2487mW VDD_SOC 3766mW/3648mW
08-01-2026 20:19:48 RAM 2997/7620MB (lfb 6x4MB) SWAP 0/3810MB (cached 0MB) CPU [1%@729,1%@729,0%@729,0%@729,0%@1728,90%@1728] GR3D_FREQ 28% cpu@56.5C soc2@54.562C soc0@56.312C gpu@57.218C tj@57.218C soc1@56.218C VDD_IN 9615mW/9187mW VDD_CPU_GPU_CV 2720mW/2487mW VDD_SOC 3766mW/3648mW
08-01-2026 20:19:49 RAM 2997/7620MB (lfb 6x4MB) SWAP 0/3810MB (cached 0MB) CPU [1%@729,1%@729,0%@729,0%@729,0%@1728,91%@1728] GR3D_FREQ 30% cpu@56.656C soc2@54.531C soc0@56.156C gpu@57.25C tj@57.25C soc1@56.25C VDD_IN 9655mW/9188mW VDD_CPU_GPU_CV 2760mW/2488mW VDD_SOC 3725mW/3649mW
08-01-2026 20:19:50 RAM 2997/7620MB (lfb 6x4MB) SWAP 0/3810MB (cached 0MB) CPU [0%@729,1%@729,1%@729,0%@729,0%@1728,90%@1728] GR3D_FREQ 29% cpu@56.562C soc2@54.531C soc0@56.281C gpu@57.437C tj@57.437C soc1@56.312C VDD_IN 9535mW/9189mW VDD_CPU_GPU_CV 2680mW/2489mW VDD_SOC 3725mW/3649mW
08-01-2026 20:19:51 RAM 2997/7620MB (lfb 6x4MB) SWAP 0/3810MB (cached 0MB) CPU [1%@729,1%@729,0%@729,0%@729,0%@1728,89%@1728] GR3D_FREQ 35% cpu@56.562C soc2@54.531C soc0@56.312C gpu@57.437C tj@57.437C soc1@56.281C VDD_IN 9510mW/9190mW VDD_CPU_GPU_CV 2600mW/2489mW VDD_SOC 3725mW/3649mW
08-01-2026 20:19:52 RAM 2997/7620MB (lfb 6x4MB) SWAP 0/3810MB (cached 0MB) CPU [1%@729,0%@729,0%@729,0%@729,0%@1728,91%@1728] GR3D_FREQ 35% cpu@56.468C soc2@54.593C soc0@56.218C gpu@57.531C tj@57.531C soc1@56.375C VDD_IN 9510mW/9191mW VDD_CPU_GPU_CV 2640mW/2489mW VDD_SOC 3725mW/3649mW
08-01-2026 20:19:53 RAM 2997/7620MB (lfb 6x4MB) SWAP 0/3810MB (cached 0MB) CPU [1%@729,1%@729,0%@729,0%@729,1%@1728,90%@1728] GR3D_FREQ 39% cpu@56.531C soc2@54.531C soc0@56.375C gpu@57.468C tj@57.468C soc1@56.281C VDD_IN 9430mW/9191mW VDD_CPU_GPU_CV 2560mW/2490mW VDD_SOC 3685mW/3649mW
08-01-2026 20:19:54 RAM 2997/7620MB (lfb 6x4MB) SWAP 0/3810MB (cached 0MB) CPU [1%@729,0%@729,0%@729,0%@729,0%@1728,90%@1728] GR3D_FREQ 40% cpu@56.656C soc2@54.468C soc0@56.156C gpu@57.5C tj@57.5C soc1@56.25C VDD_IN 9389mW/9192mW VDD_CPU_GPU_CV 2560mW/2490mW VDD_SOC 3685mW/3649mW
08-01-2026 20:19:55 RAM 2997/7620MB (lfb 6x4MB) SWAP 0/3810MB (cached 0MB) CPU [1%@729,0%@729,0%@729,0%@729,0%@1728,90%@1728] GR3D_FREQ 40% cpu@56.656C soc2@54.531C soc0@56.281C gpu@57.593C tj@57.25C soc1@56.25C VDD_IN 9349mW/9192mW VDD_CPU_GPU_CV 2560mW/2490mW VDD_SOC 3685mW/3650mW
08-01-2026 20:19:56 RAM 2997/7620MB (lfb 6x4MB) SWAP 0/3810MB (cached 0MB) CPU [1%@729,1%@729,1%@729,0%@729,0%@1728,90%@1728] GR3D_FREQ 40% cpu@56.625C soc2@54.562C soc0@56.312C gpu@57.25C tj@57.25C soc1@56.468C VDD_IN 9269mW/9192mW VDD_CPU_GPU_CV 2524mW/2490mW VDD_SOC 3685mW/3650mW
08-01-2026 20:19:57 RAM 2997/7620MB (lfb 6x4MB) SWAP 0/3810MB (cached 0MB) CPU [1%@729,0%@729,0%@729,0%@729,0%@1728,91%@1728] GR3D_FREQ 40% cpu@56.5C soc2@54.562C soc0@56.343C gpu@57.218C tj@57.218C soc1@56.343C VDD_IN 9309mW/9193mW VDD_CPU_GPU_CV 2524mW/2490mW VDD_SOC 3685mW/3650mW
08-01-2026 20:19:58 RAM 2997/7620MB (lfb 6x4MB) SWAP 0/3810MB (cached 0MB) CPU [1%@729,1%@729,0%@729,0%@729,0%@1728,89%@1728] GR3D_FREQ 40% cpu@56.531C soc2@54.531C soc0@56.343C gpu@57.218C tj@57.218C soc1@56.187C VDD_IN 9229mW/9193mW VDD_CPU_GPU_CV 2443mW/2490mW VDD_SOC 3645mW/3650mW
08-01-2026 20:19:59 RAM 2997/7620MB (lfb 6x4MB) SWAP 0/3810MB (cached 0MB) CPU [2%@729,1%@729,0%@729,0%@729,0%@1728,89%@1728] GR3D_FREQ 40% cpu@56.843C soc2@54.625C soc0@56.218C gpu@57.25C tj@57.25C soc1@56.25C VDD_IN 9189mW/9193mW VDD_CPU_GPU_CV 2443mW/2490mW VDD_SOC 3645mW/3650mW
08-01-2026 20:20:00 RAM 2997/7620MB (lfb 6x4MB) SWAP 0/3810MB (cached 0MB) CPU [1%@729,0%@729,1%@729,0%@729,1%@1728,90%@1728] GR3D_FREQ 40% cpu@56.5C soc2@54.562C soc0@56.281C gpu@57.312C tj@57.312C soc1@56.281C VDD_IN 9149mW/9193mW VDD_CPU_GPU_CV 2443mW/2490mW VDD_SOC 3645mW/3650mW
08-01-2026 20:20:01 RAM 2997/7620MB (lfb 6x4MB) SWAP 0/3810MB (cached 0MB) CPU [1%@729,0%@729,1%@729,0%@729,0%@1728,89%@1728] GR3D_FREQ 40% cpu@56.562C soc2@54.562C soc0@56.25C gpu@57.062C tj@57.062C soc1@56.375C VDD_IN 9109mW/9192mW VDD_CPU_GPU_CV 2403mW/2490mW VDD_SOC 3645mW/3650mW
08-01-2026 20:20:02 RAM 2997/7620MB (lfb 6x4MB) SWAP 0/3810MB (cached 0MB) CPU [1%@729,0%@729,0%@729,0%@729,0%@1728,89%@1728] GR3D_FREQ 39% cpu@56.593C soc2@54.5C soc0@56.281C gpu@57.031C tj@57.031C soc1@56.468C VDD_IN 9149mW/9192mW VDD_CPU_GPU_CV 2403mW/2489mW VDD_SOC 3645mW/3650mW
08-01-2026 20:20:03 RAM 2997/7620MB (lfb 6x4MB) SWAP 0/3810MB (cached 0MB) CPU [1%@729,1%@729,0%@729,0%@729,82%@1728,10%@1728] GR3D_FREQ 40% cpu@56.875C soc2@54.5C soc0@56.312C gpu@57.125C tj@57.125C soc1@56.156C VDD_IN 9109mW/9192mW VDD_CPU_GPU_CV 2403mW/2489mW VDD_SOC 3645mW/3650mW
08-01-2026 20:20:04 RAM 2997/7620MB (lfb 6x4MB) SWAP 0/3810MB (cached 0MB) CPU [2%@729,0%@729,1%@729,0%@729,89%@1728,0%@1728] GR3D_FREQ 40% cpu@57.093C soc2@54.562C soc0@56.218C gpu@57.062C tj@57.093C soc1@56.343C VDD_IN 9068mW/9192mW VDD_CPU_GPU_CV 2363mW/2489mW VDD_SOC 3645mW/3650mW
08-01-2026 20:20:05 RAM 2997/7620MB (lfb 6x4MB) SWAP 0/3810MB (cached 0MB) CPU [1%@729,1%@729,1%@729,0%@729,90%@1728,0%@1728] GR3D_FREQ 40% cpu@56.812C soc2@54.531C soc0@56.312C gpu@57.125C tj@57.125C soc1@56.343C VDD_IN 9028mW/9191mW VDD_CPU_GPU_CV 2323mW/2488mW VDD_SOC 3645mW/3650mW
08-01-2026 20:20:06 RAM 2997/7620MB (lfb 6x4MB) SWAP 0/3810MB (cached 0MB) CPU [2%@729,0%@729,0%@729,0%@729,91%@1728,0%@1728] GR3D_FREQ 40% cpu@56.812C soc2@54.593C soc0@56.312C gpu@57.093C tj@57.281C soc1@56.312C VDD_IN 9028mW/9191mW VDD_CPU_GPU_CV 2323mW/2488mW VDD_SOC 3605mW/3650mW
08-01-2026 20:20:07 RAM 2997/7620MB (lfb 6x4MB) SWAP 0/3810MB (cached 0MB) CPU [0%@729,1%@729,0%@729,0%@729,90%@1728,0%@1728] GR3D_FREQ 40% cpu@56.875C soc2@54.562C soc0@56.343C gpu@57.281C tj@57.281C soc1@56.312C VDD_IN 8988mW/9190mW VDD_CPU_GPU_CV 2323mW/2488mW VDD_SOC 3605mW/3649mW
08-01-2026 20:20:08 RAM 2997/7620MB (lfb 6x4MB) SWAP 0/3810MB (cached 0MB) CPU [3%@729,0%@729,0%@729,0%@729,89%@1728,0%@1728] GR3D_FREQ 40% cpu@56.906C soc2@54.562C soc0@56.25C gpu@57.281C tj@57.281C soc1@56.25C VDD_IN 8988mW/9190mW VDD_CPU_GPU_CV 2323mW/2487mW VDD_SOC 3605mW/3649mW
08-01-2026 20:20:09 RAM 2997/7620MB (lfb 6x4MB) SWAP 0/3810MB (cached 0MB) CPU [1%@729,1%@729,0%@729,0%@729,0%@1728,90%@1728] GR3D_FREQ 29% cpu@56.718C soc2@54.531C soc0@56.312C gpu@57.343C tj@57.062C soc1@56.375C VDD_IN 8988mW/9189mW VDD_CPU_GPU_CV 2323mW/2487mW VDD_SOC 3611mW/3649mW
08-01-2026 20:20:10 RAM 2997/7620MB (lfb 6x4MB) SWAP 0/3810MB (cached 0MB) CPU [1%@729,0%@729,1%@729,1%@729,0%@1728,88%@1728] GR3D_FREQ 31% cpu@56.406C soc2@54.531C soc0@56.312C gpu@57.156C tj@57.156C soc1@56.343C VDD_IN 8988mW/9189mW VDD_CPU_GPU_CV 2323mW/2486mW VDD_SOC 3605mW/3649mW
08-01-2026 20:20:11 RAM 2997/7620MB (lfb 6x4MB) SWAP 0/3810MB (cached 0MB) CPU [1%@729,1%@729,0%@729,0%@729,0%@1728,90%@1728] GR3D_FREQ 55% cpu@56.531C soc2@54.5C soc0@56.312C gpu@57.218C tj@57.218C soc1@56.468C VDD_IN 9068mW/9189mW VDD_CPU_GPU_CV 2363mW/2486mW VDD_SOC 3645mW/3649mW
08-01-2026 20:20:12 RAM 2997/7620MB (lfb 6x4MB) SWAP 0/3810MB (cached 0MB) CPU [0%@729,0%@729,1%@729,0%@729,0%@1728,89%@1728] GR3D_FREQ 99% cpu@56.593C soc2@54.562C soc0@56.343C gpu@57.5C tj@57.5C soc1@56.281C VDD_IN 9349mW/9189mW VDD_CPU_GPU_CV 2520mW/2486mW VDD_SOC 3685mW/3649mW
08-01-2026 20:20:13 RAM 2997/7620MB (lfb 6x4MB) SWAP 0/3810MB (cached 0MB) CPU [2%@729,0%@729,0%@729,0%@729,2%@1267,85%@1267] GR3D_FREQ 99% cpu@56.843C soc2@54.562C soc0@56.25C gpu@57.812C tj@57.812C soc1@56.281C VDD_IN 9695mW/9190mW VDD_CPU_GPU_CV 2760mW/2487mW VDD_SOC 3806mW/3650mW
08-01-2026 20:20:14 RAM 2997/7620MB (lfb 6x4MB) SWAP 0/3810MB (cached 0MB) CPU [1%@729,0%@729,0%@729,1%@729,89%@729,0%@729] GR3D_FREQ 99% cpu@56.687C soc2@54.75C soc0@56.312C gpu@58.156C tj@58.156C soc1@56.343C VDD_IN 9935mW/9192mW VDD_CPU_GPU_CV 2840mW/2488mW VDD_SOC 3886mW/3650mW
08-01-2026 20:20:15 RAM 2997/7620MB (lfb 6x4MB) SWAP 0/3810MB (cached 0MB) CPU [0%@729,0%@729,2%@729,0%@729,85%@1728,4%@1728] GR3D_FREQ 99% cpu@56.625C soc2@54.75C soc0@56.375C gpu@58.125C tj@58.125C soc1@56.375C VDD_IN 9975mW/9194mW VDD_CPU_GPU_CV 2840mW/2488mW VDD_SOC 3886mW/3651mW
08-01-2026 20:20:16 RAM 2997/7620MB (lfb 6x4MB) SWAP 0/3810MB (cached 0MB) CPU [2%@729,1%@729,0%@729,0%@729,0%@1728,89%@1728] GR3D_FREQ 99% cpu@56.687C soc2@54.718C soc0@56.406C gpu@58.25C tj@58.25C soc1@56.25C VDD_IN 10256mW/9197mW VDD_CPU_GPU_CV 3035mW/2490mW VDD_SOC 3920mW/3651mW
08-01-2026 20:20:17 RAM 2997/7620MB (lfb 6x4MB) SWAP 0/3810MB (cached 0MB) CPU [1%@729,0%@729,0%@729,0%@729,0%@1036,89%@1036] GR3D_FREQ 99% cpu@56.843C soc2@54.687C soc0@56.156C gpu@58.718C tj@58.718C soc1@56.281C VDD_IN 10960mW/9201mW VDD_CPU_GPU_CV 3514mW/2492mW VDD_SOC 4080mW/3652mW
08-01-2026 20:20:18 RAM 2997/7620MB (lfb 6x4MB) SWAP 0/3810MB (cached 0MB) CPU [1%@729,2%@729,1%@729,0%@729,3%@729,85%@729] GR3D_FREQ 99% cpu@56.843C soc2@54.593C soc0@56.25C gpu@57.906C tj@57.906C soc1@56.343C VDD_IN 10657mW/9204mW VDD_CPU_GPU_CV 3154mW/2494mW VDD_SOC 4040mW/3653mW
08-01-2026 20:20:19 RAM 2997/7620MB (lfb 6x4MB) SWAP 0/3810MB (cached 0MB) CPU [1%@729,0%@729,0%@729,1%@729,0%@960,89%@960] GR3D_FREQ 99% cpu@56.812C soc2@54.656C soc0@56.312C gpu@58.468C tj@58.468C soc1@56.312C VDD_IN 10697mW/9208mW VDD_CPU_GPU_CV 3274mW/2496mW VDD_SOC 4040mW/3654mW
08-01-2026 20:20:20 RAM 2997/7620MB (lfb 6x4MB) SWAP 0/3810MB (cached 0MB) CPU [1%@729,0%@729,0%@729,0%@729,0%@1651,89%@1651] GR3D_FREQ 84% cpu@56.781C soc2@54.625C soc0@56.312C gpu@58.468C tj@58.468C soc1@56.468C VDD_IN 11240mW/9213mW VDD_CPU_GPU_CV 3747mW/2499mW VDD_SOC 4153mW/3656mW
08-01-2026 20:20:21 RAM 2997/7620MB (lfb 6x4MB) SWAP 0/3810MB (cached 0MB) CPU [1%@729,0%@729,1%@729,0%@729,0%@1574,89%@1574] GR3D_FREQ 75% cpu@56.843C soc2@54.656C soc0@56.375C gpu@58.281C tj@58.281C soc1@56.25C VDD_IN 11200mW/9218mW VDD_CPU_GPU_CV 3548mW/2501mW VDD_SOC 4113mW/3657mW
08-01-2026 20:20:22 RAM 2997/7620MB (lfb 6x4MB) SWAP 0/3810MB (cached 0MB) CPU [1%@729,0%@729,0%@729,0%@729,0%@1574,89%@1574] GR3D_FREQ 29% cpu@56.781C soc2@54.687C soc0@56.281C gpu@58.156C tj@58.156C soc1@56.312C VDD_IN 11200mW/9223mW VDD_CPU_GPU_CV 3594mW/2504mW VDD_SOC 4113mW/3658mW
08-01-2026 20:20:23 RAM 2997/7620MB (lfb 6x4MB) SWAP 0/3810MB (cached 0MB) CPU [1%@729,0%@729,1%@729,0%@729,0%@1651,91%@1651] GR3D_FREQ 39% cpu@56.968C soc2@54.812C soc0@56.343C gpu@57.781C tj@57.781C soc1@56.406C VDD_IN 11360mW/9228mW VDD_CPU_GPU_CV 3827mW/2507mW VDD_SOC 4153mW/3659mW
08-01-2026 20:20:24 RAM 2997/7620MB (lfb 6x4MB) SWAP 0/3810MB (cached 0MB) CPU [3%@729,0%@729,0%@729,0%@729,0%@1651,90%@1651] GR3D_FREQ 41% cpu@56.656C soc2@54.687C soc0@56.312C gpu@57.781C tj@57.781C soc1@56.375C VDD_IN 11200mW/9232mW VDD_CPU_GPU_CV 3668mW/2510mW VDD_SOC 4153mW/3660mW
08-01-2026 20:20:25 RAM 2997/7620MB (lfb 6x4MB) SWAP 0/3810MB (cached 0MB) CPU [0%@729,0%@729,0%@729,1%@729,0%@1728,91%@1728] GR3D_FREQ 47% cpu@56.687C soc2@54.75C soc0@56.406C gpu@57.687C tj@57.687C soc1@56.281C VDD_IN 11280mW/9237mW VDD_CPU_GPU_CV 3708mW/2513mW VDD_SOC 4113mW/3661mW
08-01-2026 20:20:26 RAM 2997/7620MB (lfb 6x4MB) SWAP 0/3810MB (cached 0MB) CPU [1%@729,0%@729,0%@729,1%@729,0%@1728,90%@1728] GR3D_FREQ 22% cpu@56.75C soc2@54.718C soc0@56.312C gpu@57.5C tj@57.5C soc1@56.281C VDD_IN 11080mW/9242mW VDD_CPU_GPU_CV 3594mW/2515mW VDD_SOC 4080mW/3662mW
08-01-2026 20:20:27 RAM 2997/7620MB (lfb 6x4MB) SWAP 0/3810MB (cached 0MB) CPU [1%@729,0%@729,0%@729,0%@729,0%@1728,89%@1728] GR3D_FREQ 23% cpu@56.656C soc2@54.687C soc0@56.281C gpu@57.468C tj@57.75C soc1@56.343C VDD_IN 10960mW/9246mW VDD_CPU_GPU_CV 3474mW/2518mW VDD_SOC 4080mW/3663mW
08-01-2026 20:20:28 RAM 2997/7620MB (lfb 6x4MB) SWAP 0/3810MB (cached 0MB) CPU [0%@729,0%@729,0%@729,1%@729,0%@1728,89%@1728] GR3D_FREQ 24% cpu@56.812C soc2@54.75C soc0@56.312C gpu@57.687C tj@57.687C soc1@56.437C VDD_IN 10920mW/9250mW VDD_CPU_GPU_CV 3474mW/2520mW VDD_SOC 4040mW/3664mW
08-01-2026 20:20:29 RAM 2997/7620MB (lfb 6x4MB) SWAP 0/3810MB (cached 0MB) CPU [2%@729,1%@729,0%@729,1%@729,0%@1728,91%@1728] GR3D_FREQ 24% cpu@56.625C soc2@54.781C soc0@56.406C gpu@57.718C tj@57.718C soc1@56.437C VDD_IN 10760mW/9253mW VDD_CPU_GPU_CV 3474mW/2522mW VDD_SOC 4000mW/3665mW
08-01-2026 20:20:30 RAM 2997/7620MB (lfb 6x4MB) SWAP 0/3810MB (cached 0MB) CPU [0%@729,0%@729,0%@729,0%@729,0%@1728,90%@1728] GR3D_FREQ 22% cpu@56.593C soc2@54.625C soc0@56.375C gpu@57.625C tj@57.625C soc1@56.375C VDD_IN 10680mW/9257mW VDD_CPU_GPU_CV 3394mW/2524mW VDD_SOC 4000mW/3666mW
08-01-2026 20:20:31 RAM 2997/7620MB (lfb 6x4MB) SWAP 0/3810MB (cached 0MB) CPU [1%@729,0%@729,0%@729,0%@729,0%@1728,91%@1728] GR3D_FREQ 24% cpu@56.75C soc2@54.625C soc0@56.281C gpu@57.625C tj@57.625C soc1@56.343C VDD_IN 10616mW/9260mW VDD_CPU_GPU_CV 3354mW/2526mW VDD_SOC 3960mW/3666mW
08-01-2026 20:20:32 RAM 2997/7620MB (lfb 6x4MB) SWAP 0/3810MB (cached 0MB) CPU [1%@1728,1%@1728,31%@1728,0%@1728,0%@729,61%@729] GR3D_FREQ 28% cpu@57.187C soc2@54.781C soc0@56.312C gpu@57.656C tj@57.656C soc1@56.406C VDD_IN 10456mW/9263mW VDD_CPU_GPU_CV 3274mW/2528mW VDD_SOC 3920mW/3667mW
08-01-2026 20:20:33 RAM 2998/7620MB (lfb 6x4MB) SWAP 0/3810MB (cached 0MB) CPU [1%@1728,0%@1728,58%@1728,33%@1728,0%@729,0%@729] GR3D_FREQ 28% cpu@57.25C soc2@54.781C soc0@56.375C gpu@57.687C tj@57.437C soc1@56.468C VDD_IN 10376mW/9265mW VDD_CPU_GPU_CV 3154mW/2530mW VDD_SOC 3920mW/3668mW
08-01-2026 20:20:34 RAM 2998/7620MB (lfb 6x4MB) SWAP 0/3810MB (cached 0MB) CPU [34%@1728,0%@1728,1%@1728,57%@1728,0%@729,0%@729] GR3D_FREQ 27% cpu@56.812C soc2@54.875C soc0@56.375C gpu@57.468C tj@57.468C soc1@56.468C VDD_IN 10256mW/9268mW VDD_CPU_GPU_CV 3115mW/2531mW VDD_SOC 3880mW/3668mW
08-01-2026 20:20:36 RAM 2998/7620MB (lfb 6x4MB) SWAP 0/3810MB (cached 0MB) CPU [90%@1728,0%@1728,0%@1728,0%@1728,0%@729,0%@729] GR3D_FREQ 30% cpu@56.906C soc2@54.812C soc0@56.437C gpu@57.5C tj@57.5C soc1@56.312C VDD_IN 10256mW/9270mW VDD_CPU_GPU_CV 3160mW/2532mW VDD_SOC 3880mW/3669mW
08-01-2026 20:20:37 RAM 2998/7620MB (lfb 6x4MB) SWAP 0/3810MB (cached 0MB) CPU [91%@1728,0%@1728,0%@1728,0%@1728,0%@729,0%@729] GR3D_FREQ 27% cpu@57.031C soc2@54.812C soc0@56.312C gpu@57.437C tj@57.437C soc1@56.406C VDD_IN 10256mW/9272mW VDD_CPU_GPU_CV 3115mW/2534mW VDD_SOC 3880mW/3669mW
08-01-2026 20:20:38 RAM 2997/7620MB (lfb 6x4MB) SWAP 0/3810MB (cached 0MB) CPU [90%@1728,0%@1728,0%@1728,0%@1728,0%@729,0%@729] GR3D_FREQ 30% cpu@56.875C soc2@54.843C soc0@56.343C gpu@57.437C tj@57.437C soc1@56.5C VDD_IN 10256mW/9275mW VDD_CPU_GPU_CV 3080mW/2535mW VDD_SOC 3920mW/3670mW
08-01-2026 20:20:39 RAM 2997/7620MB (lfb 6x4MB) SWAP 0/3810MB (cached 0MB) CPU [90%@1728,0%@1728,0%@1728,0%@1728,0%@729,0%@729] GR3D_FREQ 28% cpu@57.187C soc2@54.875C soc0@56.5C gpu@57.531C tj@57.531C soc1@56.437C VDD_IN 10296mW/9277mW VDD_CPU_GPU_CV 3075mW/2536mW VDD_SOC 3920mW/3670mW
08-01-2026 20:20:40 RAM 2997/7620MB (lfb 6x4MB) SWAP 0/3810MB (cached 0MB) CPU [57%@1728,0%@1728,35%@1728,1%@1728,0%@729,0%@729] GR3D_FREQ 30% cpu@57.187C soc2@54.781C soc0@56.406C gpu@57.468C tj@57.468C soc1@56.468C VDD_IN 10336mW/9280mW VDD_CPU_GPU_CV 3075mW/2538mW VDD_SOC 3920mW/3671mW
08-01-2026 20:20:41 RAM 2997/7620MB (lfb 6x4MB) SWAP 0/3810MB (cached 0MB) CPU [1%@1728,0%@1728,87%@1728,0%@1728,0%@729,0%@729] GR3D_FREQ 28% cpu@57.406C soc2@54.656C soc0@56.562C gpu@57.531C tj@57.531C soc1@56.281C VDD_IN 10016mW/9281mW VDD_CPU_GPU_CV 2840mW/2538mW VDD_SOC 3886mW/3671mW
08-01-2026 20:20:42 RAM 2997/7620MB (lfb 6x4MB) SWAP 0/3810MB (cached 0MB) CPU [0%@1728,2%@1728,90%@1728,1%@1728,0%@729,0%@729] GR3D_FREQ 29% cpu@57.25C soc2@54.781C soc0@56.5C gpu@57.5C tj@57.5C soc1@56.406C VDD_IN 10256mW/9284mW VDD_CPU_GPU_CV 3120mW/2540mW VDD_SOC 3880mW/3672mW
08-01-2026 20:20:43 RAM 2997/7620MB (lfb 6x4MB) SWAP 0/3810MB (cached 0MB) CPU [1%@1728,0%@1728,89%@1728,2%@1728,0%@729,0%@729] GR3D_FREQ 30% cpu@57.437C soc2@54.843C soc0@56.343C gpu@57.531C tj@57.531C soc1@56.281C VDD_IN 10256mW/9286mW VDD_CPU_GPU_CV 3080mW/2541mW VDD_SOC 3880mW/3672mW
08-01-2026 20:20:44 RAM 2997/7620MB (lfb 6x4MB) SWAP 0/3810MB (cached 0MB) CPU [0%@1728,0%@1728,90%@1728,1%@1728,0%@729,0%@729] GR3D_FREQ 30% cpu@57.562C soc2@54.718C soc0@56.375C gpu@57.781C tj@57.781C soc1@56.437C VDD_IN 10256mW/9288mW VDD_CPU_GPU_CV 3035mW/2542mW VDD_SOC 3880mW/3673mW
08-01-2026 20:20:45 RAM 2997/7620MB (lfb 6x4MB) SWAP 0/3810MB (cached 0MB) CPU [0%@1728,1%@1728,90%@1728,0%@1728,0%@729,0%@729] GR3D_FREQ 30% cpu@57.218C soc2@54.781C soc0@56.375C gpu@57.75C tj@57.75C soc1@56.468C VDD_IN 10176mW/9290mW VDD_CPU_GPU_CV 3040mW/2543mW VDD_SOC 3880mW/3673mW
08-01-2026 20:20:46 RAM 2997/7620MB (lfb 6x4MB) SWAP 0/3810MB (cached 0MB) CPU [38%@1728,0%@1728,53%@1728,0%@1728,0%@729,0%@729] GR3D_FREQ 29% cpu@57C soc2@54.906C soc0@56.406C gpu@57.875C tj@57.875C soc1@56.5C VDD_IN 10136mW/9292mW VDD_CPU_GPU_CV 3040mW/2544mW VDD_SOC 3880mW/3674mW
08-01-2026 20:20:47 RAM 2997/7620MB (lfb 6x4MB) SWAP 0/3810MB (cached 0MB) CPU [40%@729,0%@729,0%@729,1%@729,51%@1728,0%@1728] GR3D_FREQ 30% cpu@56.937C soc2@54.656C soc0@56.468C gpu@57.437C tj@57.437C soc1@56.312C VDD_IN 10216mW/9294mW VDD_CPU_GPU_CV 3075mW/2545mW VDD_SOC 3880mW/3674mW
08-01-2026 20:20:48 RAM 2997/7620MB (lfb 6x4MB) SWAP 0/3810MB (cached 0MB) CPU [1%@729,0%@729,0%@729,0%@729,90%@1728,0%@1728] GR3D_FREQ 30% cpu@57.062C soc2@54.687C soc0@56.562C gpu@57.312C tj@57.312C soc1@56.437C VDD_IN 10096mW/9296mW VDD_CPU_GPU_CV 3000mW/2547mW VDD_SOC 3840mW/3675mW
08-01-2026 20:20:49 RAM 2997/7620MB (lfb 6x4MB) SWAP 0/3810MB (cached 0MB) CPU [1%@729,1%@729,0%@729,0%@729,51%@1728,39%@1728] GR3D_FREQ 28% cpu@56.781C soc2@54.687C soc0@56.406C gpu@57.312C tj@57.312C soc1@56.468C VDD_IN 10096mW/9298mW VDD_CPU_GPU_CV 3000mW/2548mW VDD_SOC 3840mW/3675mW
08-01-2026 20:20:50 RAM 2997/7620MB (lfb 6x4MB) SWAP 0/3810MB (cached 0MB) CPU [1%@729,0%@729,1%@729,0%@729,0%@1728,91%@1728] GR3D_FREQ 29% cpu@56.562C soc2@54.687C soc0@56.343C gpu@57.281C tj@57.281C soc1@56.5C VDD_IN 10016mW/9299mW VDD_CPU_GPU_CV 3000mW/2549mW VDD_SOC 3846mW/3675mW
08-01-2026 20:20:51 RAM 2997/7620MB (lfb 6x4MB) SWAP 0/3810MB (cached 0MB) CPU [1%@729,0%@729,0%@729,0%@729,0%@1728,89%@1728] GR3D_FREQ 30% cpu@56.625C soc2@54.687C soc0@56.406C gpu@57.5C tj@57.5C soc1@56.531C VDD_IN 9935mW/9301mW VDD_CPU_GPU_CV 2920mW/2549mW VDD_SOC 3806mW/3676mW
08-01-2026 20:20:52 RAM 2997/7620MB (lfb 6x4MB) SWAP 0/3810MB (cached 0MB) CPU [3%@1728,1%@1728,39%@1728,0%@1728,6%@729,45%@729] GR3D_FREQ 30% cpu@57.343C soc2@54.781C soc0@56.468C gpu@57.531C tj@57.531C soc1@56.343C VDD_IN 9815mW/9302mW VDD_CPU_GPU_CV 2880mW/2550mW VDD_SOC 3806mW/3676mW
08-01-2026 20:20:53 RAM 2997/7620MB (lfb 6x4MB) SWAP 0/3810MB (cached 0MB) CPU [0%@1728,0%@1728,90%@1728,0%@1728,0%@729,0%@729] GR3D_FREQ 28% cpu@57.312C soc2@54.812C soc0@56.531C gpu@57.531C tj@57.531C soc1@56.343C VDD_IN 9895mW/9303mW VDD_CPU_GPU_CV 2840mW/2551mW VDD_SOC 3806mW/3676mW
08-01-2026 20:20:54 RAM 2997/7620MB (lfb 6x4MB) SWAP 0/3810MB (cached 0MB) CPU [2%@1728,1%@1728,90%@1728,0%@1728,0%@729,0%@729] GR3D_FREQ 28% cpu@57.531C soc2@54.75C soc0@56.343C gpu@57.593C tj@57.593C soc1@56.406C VDD_IN 9815mW/9304mW VDD_CPU_GPU_CV 2840mW/2551mW VDD_SOC 3806mW/3677mW
08-01-2026 20:20:55 RAM 2997/7620MB (lfb 6x4MB) SWAP 0/3810MB (cached 0MB) CPU [1%@1728,0%@1728,90%@1728,1%@1728,0%@729,0%@729] GR3D_FREQ 29% cpu@57.218C soc2@54.75C soc0@56.437C gpu@57.562C tj@57.562C soc1@56.531C VDD_IN 9815mW/9306mW VDD_CPU_GPU_CV 2760mW/2552mW VDD_SOC 3806mW/3677mW
08-01-2026 20:20:56 RAM 2997/7620MB (lfb 6x4MB) SWAP 0/3810MB (cached 0MB) CPU [1%@1728,0%@1728,91%@1728,0%@1728,0%@729,0%@729] GR3D_FREQ 29% cpu@57.187C soc2@54.75C soc0@56.375C gpu@57.531C tj@57.531C soc1@56.5C VDD_IN 9735mW/9307mW VDD_CPU_GPU_CV 2800mW/2552mW VDD_SOC 3766mW/3677mW
08-01-2026 20:20:57 RAM 2997/7620MB (lfb 6x4MB) SWAP 0/3810MB (cached 0MB) CPU [1%@1728,0%@1728,91%@1728,0%@1728,0%@729,0%@729] GR3D_FREQ 29% cpu@57.312C soc2@54.593C soc0@56.5C gpu@57.687C tj@57.687C soc1@56.375C VDD_IN 9735mW/9307mW VDD_CPU_GPU_CV 2760mW/2553mW VDD_SOC 3766mW/3677mW
08-01-2026 20:20:58 RAM 2997/7620MB (lfb 6x4MB) SWAP 0/3810MB (cached 0MB) CPU [2%@1728,0%@1728,91%@1728,0%@1728,0%@729,0%@729] GR3D_FREQ 28% cpu@57.343C soc2@54.812C soc0@56.531C gpu@57.593C tj@57.593C soc1@56.468C VDD_IN 9655mW/9308mW VDD_CPU_GPU_CV 2760mW/2553mW VDD_SOC 3766mW/3677mW
08-01-2026 20:20:59 RAM 2997/7620MB (lfb 6x4MB) SWAP 0/3810MB (cached 0MB) CPU [0%@1728,0%@1728,90%@1728,0%@1728,0%@729,0%@729] GR3D_FREQ 30% cpu@57.5C soc2@54.812C soc0@56.406C gpu@57.687C tj@57.687C soc1@56.5C VDD_IN 9615mW/9309mW VDD_CPU_GPU_CV 2720mW/2554mW VDD_SOC 3766mW/3678mW
08-01-2026 20:21:00 RAM 2997/7620MB (lfb 6x4MB) SWAP 0/3810MB (cached 0MB) CPU [1%@1728,2%@1728,33%@1728,57%@1728,0%@729,0%@729] GR3D_FREQ 30% cpu@56.937C soc2@54.75C soc0@56.5C gpu@57.625C tj@57.437C soc1@56.406C VDD_IN 9615mW/9310mW VDD_CPU_GPU_CV 2680mW/2554mW VDD_SOC 3725mW/3678mW
08-01-2026 20:21:01 RAM 2997/7620MB (lfb 6x4MB) SWAP 0/3810MB (cached 0MB) CPU [0%@1728,0%@1728,0%@1728,90%@1728,0%@729,0%@729] GR3D_FREQ 31% cpu@56.906C soc2@54.812C soc0@56.406C gpu@57.312C tj@57.312C soc1@56.5C VDD_IN 9575mW/9310mW VDD_CPU_GPU_CV 2680mW/2554mW VDD_SOC 3725mW/3678mW
08-01-2026 20:21:02 RAM 2997/7620MB (lfb 6x4MB) SWAP 0/3810MB (cached 0MB) CPU [60%@1728,0%@1728,0%@1728,31%@1728,0%@729,0%@729] GR3D_FREQ 31% cpu@56.875C soc2@54.781C soc0@56.5C gpu@57.343C tj@57.343C soc1@56.437C VDD_IN 9470mW/9311mW VDD_CPU_GPU_CV 2600mW/2554mW VDD_SOC 3766mW/3678mW
08-01-2026 20:21:03 RAM 2997/7620MB (lfb 6x4MB) SWAP 0/3810MB (cached 0MB) CPU [91%@1728,0%@1728,0%@1728,0%@1728,0%@729,0%@729] GR3D_FREQ 38% cpu@56.937C soc2@54.812C soc0@56.562C gpu@57.343C tj@57.343C soc1@56.406C VDD_IN 9510mW/9311mW VDD_CPU_GPU_CV 2600mW/2555mW VDD_SOC 3725mW/3678mW
08-01-2026 20:21:04 RAM 2997/7620MB (lfb 6x4MB) SWAP 0/3810MB (cached 0MB) CPU [90%@1728,0%@1728,1%@1728,0%@1728,0%@729,0%@729] GR3D_FREQ 40% cpu@57.156C soc2@54.812C soc0@56.531C gpu@57.406C tj@57.406C soc1@56.437C VDD_IN 9470mW/9311mW VDD_CPU_GPU_CV 2600mW/2555mW VDD_SOC 3725mW/3678mW
08-01-2026 20:21:05 RAM 2997/7620MB (lfb 6x4MB) SWAP 0/3810MB (cached 0MB) CPU [31%@729,0%@729,0%@729,0%@729,60%@1728,0%@1728] GR3D_FREQ 40% cpu@57.125C soc2@54.687C soc0@56.468C gpu@57.406C tj@57.406C soc1@56.531C VDD_IN 9455mW/9312mW VDD_CPU_GPU_CV 2640mW/2555mW VDD_SOC 3725mW/3678mW
08-01-2026 20:21:06 RAM 2996/7620MB (lfb 6x4MB) SWAP 0/3810MB (cached 0MB) CPU [1%@729,1%@729,0%@729,1%@729,90%@1728,0%@1728] GR3D_FREQ 40% cpu@57C soc2@54.781C soc0@56.468C gpu@57.375C tj@57.375C soc1@56.437C VDD_IN 9455mW/9312mW VDD_CPU_GPU_CV 2640mW/2555mW VDD_SOC 3725mW/3678mW
08-01-2026 20:21:07 RAM 2996/7620MB (lfb 6x4MB) SWAP 0/3810MB (cached 0MB) CPU [1%@729,1%@729,1%@729,0%@729,89%@1728,0%@1728] GR3D_FREQ 40% cpu@56.968C soc2@54.75C soc0@56.531C gpu@57.375C tj@57.375C soc1@56.468C VDD_IN 9430mW/9312mW VDD_CPU_GPU_CV 2560mW/2555mW VDD_SOC 3725mW/3679mW
08-01-2026 20:21:08 RAM 2996/7620MB (lfb 6x4MB) SWAP 0/3810MB (cached 0MB) CPU [0%@729,0%@729,1%@729,1%@729,90%@1728,0%@1728] GR3D_FREQ 40% cpu@57C soc2@54.718C soc0@56.593C gpu@57.75C tj@57.75C soc1@56.437C VDD_IN 9389mW/9312mW VDD_CPU_GPU_CV 2560mW/2555mW VDD_SOC 3685mW/3679mW
08-01-2026 20:21:09 RAM 2996/7620MB (lfb 6x4MB) SWAP 0/3810MB (cached 0MB) CPU [1%@729,1%@729,1%@729,0%@729,25%@1728,64%@1728] GR3D_FREQ 40% cpu@56.812C soc2@54.718C soc0@56.468C gpu@57.187C tj@57.187C soc1@56.437C VDD_IN 9389mW/9313mW VDD_CPU_GPU_CV 2560mW/2555mW VDD_SOC 3685mW/3679mW
08-01-2026 20:21:10 RAM 2996/7620MB (lfb 6x4MB) SWAP 0/3810MB (cached 0MB) CPU [1%@729,0%@729,2%@729,0%@729,1%@1728,89%@1728] GR3D_FREQ 40% cpu@56.781C soc2@54.812C soc0@56.437C gpu@57.343C tj@57.343C soc1@56.437C VDD_IN 9389mW/9313mW VDD_CPU_GPU_CV 2520mW/2555mW VDD_SOC 3685mW/3679mW
08-01-2026 20:21:11 RAM 2996/7620MB (lfb 6x4MB) SWAP 0/3810MB (cached 0MB) CPU [0%@729,1%@729,0%@729,0%@729,0%@1728,91%@1728] GR3D_FREQ 40% cpu@56.781C soc2@54.718C soc0@56.406C gpu@57.218C tj@57.218C soc1@56.593C VDD_IN 9349mW/9313mW VDD_CPU_GPU_CV 2560mW/2555mW VDD_SOC 3685mW/3679mW
08-01-2026 20:21:12 RAM 2996/7620MB (lfb 6x4MB) SWAP 0/3810MB (cached 0MB) CPU [3%@729,0%@729,0%@729,0%@729,0%@1728,90%@1728] GR3D_FREQ 40% cpu@56.687C soc2@54.812C soc0@56.343C gpu@57.375C tj@57.375C soc1@56.5C VDD_IN 9309mW/9313mW VDD_CPU_GPU_CV 2520mW/2555mW VDD_SOC 3685mW/3679mW
08-01-2026 20:21:13 RAM 2996/7620MB (lfb 6x4MB) SWAP 0/3810MB (cached 0MB) CPU [2%@729,0%@729,0%@729,0%@729,0%@1728,90%@1728] GR3D_FREQ 40% cpu@56.718C soc2@54.687C soc0@56.593C gpu@57.281C tj@57.375C soc1@56.406C VDD_IN 9269mW/9313mW VDD_CPU_GPU_CV 2480mW/2555mW VDD_SOC 3685mW/3679mW
08-01-2026 20:21:14 RAM 2996/7620MB (lfb 6x4MB) SWAP 0/3810MB (cached 0MB) CPU [1%@729,1%@729,0%@729,0%@729,0%@1728,89%@1728] GR3D_FREQ 40% cpu@56.968C soc2@54.656C soc0@56.406C gpu@57.468C tj@57.468C soc1@56.5C VDD_IN 9269mW/9313mW VDD_CPU_GPU_CV 2480mW/2555mW VDD_SOC 3685mW/3679mW
08-01-2026 20:21:15 RAM 2996/7620MB (lfb 6x4MB) SWAP 0/3810MB (cached 0MB) CPU [1%@729,1%@729,0%@729,0%@729,0%@1728,90%@1728] GR3D_FREQ 40% cpu@56.875C soc2@54.718C soc0@56.375C gpu@57.406C tj@57.406C soc1@56.5C VDD_IN 9229mW/9312mW VDD_CPU_GPU_CV 2440mW/2554mW VDD_SOC 3645mW/3679mW
08-01-2026 20:21:16 RAM 2996/7620MB (lfb 6x4MB) SWAP 0/3810MB (cached 0MB) CPU [0%@729,0%@729,1%@729,0%@729,0%@1728,90%@1728] GR3D_FREQ 40% cpu@56.875C soc2@54.812C soc0@56.468C gpu@57.468C tj@57.468C soc1@56.593C VDD_IN 9189mW/9312mW VDD_CPU_GPU_CV 2403mW/2554mW VDD_SOC 3645mW/3678mW
08-01-2026 20:21:17 RAM 2997/7620MB (lfb 6x4MB) SWAP 0/3810MB (cached 0MB) CPU [1%@729,0%@729,0%@729,0%@729,0%@1728,89%@1728] GR3D_FREQ 40% cpu@56.687C soc2@54.718C soc0@56.468C gpu@57.468C tj@57.468C soc1@56.625C VDD_IN 9189mW/9312mW VDD_CPU_GPU_CV 2403mW/2554mW VDD_SOC 3645mW/3678mW
08-01-2026 20:21:18 RAM 2997/7620MB (lfb 6x4MB) SWAP 0/3810MB (cached 0MB) CPU [1%@729,0%@729,0%@729,0%@729,0%@1728,89%@1728] GR3D_FREQ 38% cpu@56.75C soc2@54.687C soc0@56.625C gpu@57.437C tj@57.437C soc1@56.406C VDD_IN 9189mW/9312mW VDD_CPU_GPU_CV 2443mW/2553mW VDD_SOC 3645mW/3678mW
08-01-2026 20:21:19 RAM 2997/7620MB (lfb 6x4MB) SWAP 0/3810MB (cached 0MB) CPU [1%@729,1%@729,1%@729,0%@729,0%@1728,91%@1728] GR3D_FREQ 39% cpu@57C soc2@54.781C soc0@56.437C gpu@57.312C tj@57.312C soc1@56.437C VDD_IN 9149mW/9311mW VDD_CPU_GPU_CV 2443mW/2553mW VDD_SOC 3645mW/3678mW
08-01-2026 20:21:20 RAM 2997/7620MB (lfb 6x4MB) SWAP 0/3810MB (cached 0MB) CPU [2%@729,0%@729,1%@729,0%@729,0%@1728,89%@1728] GR3D_FREQ 40% cpu@56.843C soc2@54.75C soc0@56.562C gpu@57.281C tj@57.281C soc1@56.531C VDD_IN 9068mW/9311mW VDD_CPU_GPU_CV 2363mW/2553mW VDD_SOC 3645mW/3678mW
08-01-2026 20:21:21 RAM 2997/7620MB (lfb 6x4MB) SWAP 0/3810MB (cached 0MB) CPU [0%@729,1%@729,0%@729,0%@729,0%@1728,90%@1728] GR3D_FREQ 40% cpu@56.656C soc2@54.75C soc0@56.406C gpu@57.25C tj@57.25C soc1@56.593C VDD_IN 9109mW/9310mW VDD_CPU_GPU_CV 2363mW/2552mW VDD_SOC 3645mW/3678mW
08-01-2026 20:21:22 RAM 2997/7620MB (lfb 6x4MB) SWAP 0/3810MB (cached 0MB) CPU [1%@729,0%@729,1%@729,1%@729,0%@1728,89%@1728] GR3D_FREQ 40% cpu@56.75C soc2@54.718C soc0@56.5C gpu@57.312C tj@57.312C soc1@56.5C VDD_IN 9068mW/9310mW VDD_CPU_GPU_CV 2363mW/2552mW VDD_SOC 3645mW/3678mW
08-01-2026 20:21:23 RAM 2997/7620MB (lfb 6x4MB) SWAP 0/3810MB (cached 0MB) CPU [1%@729,0%@729,0%@729,0%@729,84%@1728,6%@1728] GR3D_FREQ 40% cpu@57.156C soc2@54.687C soc0@56.468C gpu@57.343C tj@57.343C soc1@56.5C VDD_IN 9068mW/9309mW VDD_CPU_GPU_CV 2323mW/2552mW VDD_SOC 3645mW/3678mW
08-01-2026 20:21:24 RAM 2997/7620MB (lfb 6x4MB) SWAP 0/3810MB (cached 0MB) CPU [0%@729,0%@729,0%@729,1%@729,89%@1728,0%@1728] GR3D_FREQ 37% cpu@57.312C soc2@54.718C soc0@56.375C gpu@57.531C tj@57.531C soc1@56.5C VDD_IN 9028mW/9309mW VDD_CPU_GPU_CV 2323mW/2551mW VDD_SOC 3651mW/3678mW
08-01-2026 20:21:25 RAM 2997/7620MB (lfb 6x4MB) SWAP 0/3810MB (cached 0MB) CPU [1%@729,0%@729,1%@729,1%@729,91%@1728,0%@1728] GR3D_FREQ 40% cpu@57.093C soc2@54.781C soc0@56.531C gpu@57.593C tj@57.593C soc1@56.5C VDD_IN 9028mW/9308mW VDD_CPU_GPU_CV 2323mW/2551mW VDD_SOC 3611mW/3678mW
08-01-2026 20:21:26 RAM 2997/7620MB (lfb 6x4MB) SWAP 0/3810MB (cached 0MB) CPU [0%@729,0%@729,0%@729,0%@729,90%@1728,0%@1728] GR3D_FREQ 40% cpu@57C soc2@54.75C soc0@56.5C gpu@57.593C tj@57.593C soc1@56.687C VDD_IN 8988mW/9307mW VDD_CPU_GPU_CV 2323mW/2550mW VDD_SOC 3605mW/3678mW
08-01-2026 20:21:27 RAM 2995/7620MB (lfb 6x4MB) SWAP 0/3810MB (cached 0MB) CPU [1%@729,1%@729,1%@729,1%@729,89%@1728,0%@1728] GR3D_FREQ 39% cpu@57.031C soc2@54.718C soc0@56.531C gpu@57.625C tj@57.625C soc1@56.531C VDD_IN 8988mW/9307mW VDD_CPU_GPU_CV 2323mW/2550mW VDD_SOC 3611mW/3677mW
08-01-2026 20:21:28 RAM 2995/7620MB (lfb 6x4MB) SWAP 0/3810MB (cached 0MB) CPU [1%@1728,0%@1728,91%@1728,0%@1728,0%@729,0%@729] GR3D_FREQ 27% cpu@57.25C soc2@54.843C soc0@56.406C gpu@57.906C tj@57.906C soc1@56.5C VDD_IN 9068mW/9306mW VDD_CPU_GPU_CV 2363mW/2549mW VDD_SOC 3645mW/3677mW
08-01-2026 20:21:29 RAM 2995/7620MB (lfb 6x4MB) SWAP 0/3810MB (cached 0MB) CPU [0%@1728,0%@1728,90%@1728,0%@1728,0%@729,0%@729] GR3D_FREQ 92% cpu@57.593C soc2@54.843C soc0@56.468C gpu@57.75C tj@57.75C soc1@56.5C VDD_IN 9149mW/9306mW VDD_CPU_GPU_CV 2403mW/2549mW VDD_SOC 3645mW/3677mW
08-01-2026 20:21:30 RAM 2995/7620MB (lfb 6x4MB) SWAP 0/3810MB (cached 0MB) CPU [0%@1728,0%@1728,90%@1728,0%@1728,0%@729,0%@729] GR3D_FREQ 99% cpu@56.906C soc2@54.875C soc0@56.5C gpu@57.781C tj@57.781C soc1@56.625C VDD_IN 9309mW/9306mW VDD_CPU_GPU_CV 2403mW/2549mW VDD_SOC 3685mW/3677mW
08-01-2026 20:21:31 RAM 2995/7620MB (lfb 6x4MB) SWAP 0/3810MB (cached 0MB) CPU [2%@1651,1%@1651,89%@1651,0%@1651,0%@729,0%@729] GR3D_FREQ 99% cpu@56.843C soc2@54.843C soc0@56.437C gpu@57.906C tj@57.906C soc1@56.625C VDD_IN 9349mW/9306mW VDD_CPU_GPU_CV 2520mW/2549mW VDD_SOC 3685mW/3677mW
08-01-2026 20:21:32 RAM 2995/7620MB (lfb 6x4MB) SWAP 0/3810MB (cached 0MB) CPU [2%@1036,0%@1036,89%@1036,0%@1036,0%@729,0%@729] GR3D_FREQ 99% cpu@56.75C soc2@54.843C soc0@56.656C gpu@58.093C tj@58.093C soc1@56.437C VDD_IN 9590mW/9307mW VDD_CPU_GPU_CV 2640mW/2549mW VDD_SOC 3766mW/3678mW
08-01-2026 20:21:33 RAM 2995/7620MB (lfb 6x4MB) SWAP 0/3810MB (cached 0MB) CPU [0%@806,0%@806,89%@806,1%@806,0%@729,0%@729] GR3D_FREQ 99% cpu@57.031C soc2@54.875C soc0@56.437C gpu@58.25C tj@58.25C soc1@56.5C VDD_IN 9815mW/9308mW VDD_CPU_GPU_CV 2720mW/2549mW VDD_SOC 3846mW/3678mW
08-01-2026 20:21:34 RAM 2995/7620MB (lfb 6x4MB) SWAP 0/3810MB (cached 0MB) CPU [1%@1728,0%@1728,89%@1728,1%@1728,0%@729,0%@729] GR3D_FREQ 99% cpu@56.875C soc2@54.843C soc0@56.531C gpu@58.218C tj@58.218C soc1@56.5C VDD_IN 9975mW/9309mW VDD_CPU_GPU_CV 2840mW/2550mW VDD_SOC 3886mW/3678mW
08-01-2026 20:21:35 RAM 2995/7620MB (lfb 6x4MB) SWAP 0/3810MB (cached 0MB) CPU [0%@1728,0%@1728,91%@1728,0%@1728,0%@729,0%@729] GR3D_FREQ 94% cpu@57.187C soc2@54.937C soc0@56.531C gpu@58.25C tj@58.25C soc1@56.656C VDD_IN 10256mW/9311mW VDD_CPU_GPU_CV 3040mW/2551mW VDD_SOC 3960mW/3679mW
08-01-2026 20:21:36 RAM 2995/7620MB (lfb 6x4MB) SWAP 0/3810MB (cached 0MB) CPU [2%@1728,1%@1728,89%@1728,0%@1728,0%@729,0%@729] GR3D_FREQ 92% cpu@57.281C soc2@54.875C soc0@56.593C gpu@58.312C tj@58.312C soc1@56.625C VDD_IN 10376mW/9313mW VDD_CPU_GPU_CV 3115mW/2552mW VDD_SOC 3960mW/3679mW
08-01-2026 20:21:37 RAM 2995/7620MB (lfb 6x4MB) SWAP 0/3810MB (cached 0MB) CPU [0%@729,0%@729,34%@729,1%@729,55%@1190,0%@1190] GR3D_FREQ 87% cpu@56.937C soc2@54.843C soc0@56.656C gpu@58.406C tj@58.406C soc1@56.437C VDD_IN 10496mW/9316mW VDD_CPU_GPU_CV 3154mW/2553mW VDD_SOC 4000mW/3680mW
08-01-2026 20:21:38 RAM 2995/7620MB (lfb 6x4MB) SWAP 0/3810MB (cached 0MB) CPU [2%@729,0%@729,0%@729,0%@729,89%@1036,1%@1036] GR3D_FREQ 99% cpu@57.25C soc2@54.906C soc0@56.5C gpu@58.5C tj@58.5C soc1@56.468C VDD_IN 10657mW/9318mW VDD_CPU_GPU_CV 3314mW/2555mW VDD_SOC 4040mW/3681mW
08-01-2026 20:21:39 RAM 2995/7620MB (lfb 6x4MB) SWAP 0/3810MB (cached 0MB) CPU [1%@729,0%@729,0%@729,0%@729,90%@1651,0%@1651] GR3D_FREQ 99% cpu@56.906C soc2@54.968C soc0@56.531C gpu@58.687C tj@58.687C soc1@56.562C VDD_IN 11320mW/9322mW VDD_CPU_GPU_CV 3747mW/2557mW VDD_SOC 4153mW/3682mW
08-01-2026 20:21:40 RAM 2995/7620MB (lfb 6x4MB) SWAP 0/3810MB (cached 0MB) CPU [2%@729,0%@729,0%@729,0%@729,82%@1574,8%@1574] GR3D_FREQ 55% cpu@56.968C soc2@55.062C soc0@56.531C gpu@58.531C tj@58.531C soc1@56.562C VDD_IN 11320mW/9327mW VDD_CPU_GPU_CV 3668mW/2559mW VDD_SOC 4113mW/3683mW
08-01-2026 20:21:41 RAM 2995/7620MB (lfb 6x4MB) SWAP 0/3810MB (cached 0MB) CPU [2%@729,1%@729,0%@729,0%@729,0%@1651,91%@1651] GR3D_FREQ 44% cpu@56.968C soc2@54.906C soc0@56.687C gpu@58.312C tj@58.312C soc1@56.531C VDD_IN 11480mW/9331mW VDD_CPU_GPU_CV 3867mW/2562mW VDD_SOC 4153mW/3684mW
08-01-2026 20:21:42 RAM 2995/7620MB (lfb 6x4MB) SWAP 0/3810MB (cached 0MB) CPU [1%@729,0%@729,0%@729,0%@729,0%@1728,90%@1728] GR3D_FREQ 42% cpu@57.062C soc2@54.906C soc0@56.468C gpu@58.187C tj@58.187C soc1@56.5C VDD_IN 11240mW/9335mW VDD_CPU_GPU_CV 3668mW/2564mW VDD_SOC 4120mW/3685mW
08-01-2026 20:21:43 RAM 2995/7620MB (lfb 6x4MB) SWAP 0/3810MB (cached 0MB) CPU [1%@729,2%@729,0%@729,0%@729,1%@1728,91%@1728] GR3D_FREQ 33% cpu@57.125C soc2@54.906C soc0@56.593C gpu@58.156C tj@58.156C soc1@56.593C VDD_IN 11320mW/9339mW VDD_CPU_GPU_CV 3747mW/2567mW VDD_SOC 4113mW/3685mW
08-01-2026 20:21:44 RAM 2995/7620MB (lfb 6x4MB) SWAP 0/3810MB (cached 0MB) CPU [0%@729,0%@729,0%@729,0%@729,0%@1728,91%@1728] GR3D_FREQ 24% cpu@57C soc2@54.937C soc0@56.593C gpu@57.75C tj@57.75C soc1@56.625C VDD_IN 11120mW/9342mW VDD_CPU_GPU_CV 3634mW/2569mW VDD_SOC 4080mW/3686mW
08-01-2026 20:21:45 RAM 2995/7620MB (lfb 6x4MB) SWAP 0/3810MB (cached 0MB) CPU [1%@729,1%@729,0%@729,0%@729,0%@1728,90%@1728] GR3D_FREQ 24% cpu@56.875C soc2@54.906C soc0@56.687C gpu@57.781C tj@57.781C soc1@56.718C VDD_IN 10960mW/9346mW VDD_CPU_GPU_CV 3514mW/2571mW VDD_SOC 4040mW/3687mW
08-01-2026 20:21:46 RAM 2995/7620MB (lfb 6x4MB) SWAP 0/3810MB (cached 0MB) CPU [2%@729,1%@729,0%@729,0%@729,0%@1728,90%@1728] GR3D_FREQ 24% cpu@57C soc2@54.843C soc0@56.625C gpu@57.781C tj@57.781C soc1@56.531C VDD_IN 10840mW/9349mW VDD_CPU_GPU_CV 3354mW/2572mW VDD_SOC 4040mW/3688mW
08-01-2026 20:21:47 RAM 2995/7620MB (lfb 6x4MB) SWAP 0/3810MB (cached 0MB) CPU [1%@729,1%@729,0%@729,0%@729,0%@1728,89%@1728] GR3D_FREQ 23% cpu@56.937C soc2@54.875C soc0@56.406C gpu@57.687C tj@57.687C soc1@56.5C VDD_IN 10760mW/9352mW VDD_CPU_GPU_CV 3394mW/2574mW VDD_SOC 4000mW/3688mW
08-01-2026 20:21:48 RAM 2996/7620MB (lfb 6x4MB) SWAP 0/3810MB (cached 0MB) CPU [0%@729,1%@729,0%@729,0%@729,0%@1728,91%@1728] GR3D_FREQ 24% cpu@57.093C soc2@54.968C soc0@56.531C gpu@57.781C tj@57.781C soc1@56.562C VDD_IN 10680mW/9354mW VDD_CPU_GPU_CV 3354mW/2576mW VDD_SOC 4000mW/3689mW
08-01-2026 20:21:49 RAM 2996/7620MB (lfb 6x4MB) SWAP 0/3810MB (cached 0MB) CPU [1%@729,1%@729,1%@729,0%@729,0%@1728,89%@1728] GR3D_FREQ 28% cpu@56.781C soc2@54.968C soc0@56.656C gpu@57.937C tj@57.937C soc1@56.625C VDD_IN 10616mW/9357mW VDD_CPU_GPU_CV 3274mW/2577mW VDD_SOC 3960mW/3689mW
08-01-2026 20:21:50 RAM 2996/7620MB (lfb 6x4MB) SWAP 0/3810MB (cached 0MB) CPU [0%@729,1%@729,0%@729,0%@729,28%@1728,61%@1728] GR3D_FREQ 28% cpu@57C soc2@54.843C soc0@56.718C gpu@57.906C tj@57.906C soc1@56.718C VDD_IN 10536mW/9359mW VDD_CPU_GPU_CV 3154mW/2578mW VDD_SOC 3960mW/3690mW
08-01-2026 20:21:51 RAM 2996/7620MB (lfb 6x4MB) SWAP 0/3810MB (cached 0MB) CPU [1%@729,1%@729,0%@729,0%@729,89%@1728,0%@1728] GR3D_FREQ 30% cpu@57.218C soc2@54.843C soc0@56.687C gpu@57.937C tj@57.937C soc1@56.5C VDD_IN 10456mW/9361mW VDD_CPU_GPU_CV 3154mW/2579mW VDD_SOC 3960mW/3691mW
08-01-2026 20:21:52 RAM 2996/7620MB (lfb 6x4MB) SWAP 0/3810MB (cached 0MB) CPU [1%@729,1%@729,0%@729,0%@729,91%@1728,0%@1728] GR3D_FREQ 30% cpu@57.375C soc2@54.968C soc0@56.562C gpu@58C tj@58C soc1@56.531C VDD_IN 10416mW/9363mW VDD_CPU_GPU_CV 3194mW/2580mW VDD_SOC 3920mW/3691mW
08-01-2026 20:21:53 RAM 2996/7620MB (lfb 6x4MB) SWAP 0/3810MB (cached 0MB) CPU [0%@729,1%@729,0%@729,0%@729,56%@1728,34%@1728] GR3D_FREQ 30% cpu@57C soc2@54.906C soc0@56.593C gpu@57.937C tj@57.937C soc1@56.593C VDD_IN 10336mW/9365mW VDD_CPU_GPU_CV 3115mW/2581mW VDD_SOC 3880mW/3691mW
08-01-2026 20:21:54 RAM 2996/7620MB (lfb 6x4MB) SWAP 0/3810MB (cached 0MB) CPU [0%@729,1%@729,0%@729,0%@729,35%@1728,54%@1728] GR3D_FREQ 30% cpu@57.25C soc2@54.906C soc0@56.687C gpu@57.625C tj@57.625C soc1@56.687C VDD_IN 10256mW/9367mW VDD_CPU_GPU_CV 3080mW/2582mW VDD_SOC 3880mW/3692mW
08-01-2026 20:21:55 RAM 2996/7620MB (lfb 6x4MB) SWAP 0/3810MB (cached 0MB) CPU [1%@729,0%@729,0%@729,0%@729,89%@1728,0%@1728] GR3D_FREQ 30% cpu@57.031C soc2@54.843C soc0@56.625C gpu@57.593C tj@57.593C soc1@56.531C VDD_IN 10136mW/9369mW VDD_CPU_GPU_CV 3000mW/2583mW VDD_SOC 3880mW/3692mW
08-01-2026 20:21:56 RAM 2996/7620MB (lfb 6x4MB) SWAP 0/3810MB (cached 0MB) CPU [0%@729,0%@729,0%@729,0%@729,90%@1728,0%@1728] GR3D_FREQ 30% cpu@57.25C soc2@54.875C soc0@56.531C gpu@57.656C tj@57.656C soc1@56.531C VDD_IN 10136mW/9370mW VDD_CPU_GPU_CV 3000mW/2584mW VDD_SOC 3880mW/3692mW
08-01-2026 20:21:57 RAM 2996/7620MB (lfb 6x4MB) SWAP 0/3810MB (cached 0MB) CPU [0%@729,0%@729,1%@729,1%@729,90%@1728,0%@1728] GR3D_FREQ 28% cpu@57.406C soc2@54.812C soc0@56.5C gpu@57.562C tj@57.562C soc1@56.687C VDD_IN 10016mW/9371mW VDD_CPU_GPU_CV 3000mW/2585mW VDD_SOC 3846mW/3693mW
08-01-2026 20:21:58 RAM 2996/7620MB (lfb 6x4MB) SWAP 0/3810MB (cached 0MB) CPU [1%@729,0%@729,0%@729,0%@729,91%@1728,0%@1728] GR3D_FREQ 30% cpu@57.187C soc2@54.906C soc0@56.593C gpu@57.625C tj@57.625C soc1@56.625C VDD_IN 10016mW/9373mW VDD_CPU_GPU_CV 3000mW/2586mW VDD_SOC 3846mW/3693mW
08-01-2026 20:21:59 RAM 2996/7620MB (lfb 6x4MB) SWAP 0/3810MB (cached 0MB) CPU [0%@729,0%@729,1%@729,1%@729,90%@1728,0%@1728] GR3D_FREQ 29% cpu@57.218C soc2@54.875C soc0@56.625C gpu@57.593C tj@57.593C soc1@56.687C VDD_IN 9975mW/9374mW VDD_CPU_GPU_CV 2880mW/2586mW VDD_SOC 3846mW/3693mW
08-01-2026 20:22:00 RAM 2996/7620MB (lfb 6x4MB) SWAP 0/3810MB (cached 0MB) CPU [1%@729,0%@729,0%@729,1%@729,90%@1728,0%@1728] GR3D_FREQ 30% cpu@57.312C soc2@54.843C soc0@56.687C gpu@57.5C tj@57.5C soc1@56.593C VDD_IN 9895mW/9375mW VDD_CPU_GPU_CV 2880mW/2587mW VDD_SOC 3806mW/3694mW
08-01-2026 20:22:01 RAM 2996/7620MB (lfb 6x4MB) SWAP 0/3810MB (cached 0MB) CPU [1%@1728,1%@1728,0%@1728,38%@1728,51%@729,0%@729] GR3D_FREQ 30% cpu@57.406C soc2@54.875C soc0@56.593C gpu@57.531C tj@57.531C soc1@56.531C VDD_IN 9935mW/9376mW VDD_CPU_GPU_CV 2840mW/2587mW VDD_SOC 3806mW/3694mW
08-01-2026 20:22:02 RAM 2996/7620MB (lfb 6x4MB) SWAP 0/3810MB (cached 0MB) CPU [1%@1728,1%@1728,0%@1728,90%@1728,0%@729,1%@729] GR3D_FREQ 30% cpu@57.25C soc2@54.875C soc0@56.625C gpu@57.593C tj@57.593C soc1@56.531C VDD_IN 9855mW/9377mW VDD_CPU_GPU_CV 2880mW/2588mW VDD_SOC 3806mW/3694mW
08-01-2026 20:22:03 RAM 2996/7620MB (lfb 6x4MB) SWAP 0/3810MB (cached 0MB) CPU [1%@1728,0%@1728,46%@1728,43%@1728,0%@729,0%@729] GR3D_FREQ 30% cpu@57.75C soc2@54.906C soc0@56.656C gpu@57.531C tj@57.75C soc1@56.656C VDD_IN 9855mW/9378mW VDD_CPU_GPU_CV 2840mW/2588mW VDD_SOC 3806mW/3694mW
08-01-2026 20:22:04 RAM 2996/7620MB (lfb 6x4MB) SWAP 0/3810MB (cached 0MB) CPU [1%@1728,1%@1728,44%@1728,46%@1728,0%@729,0%@729] GR3D_FREQ 28% cpu@57.25C soc2@54.906C soc0@56.562C gpu@57.562C tj@57.562C soc1@56.687C VDD_IN 9815mW/9379mW VDD_CPU_GPU_CV 2840mW/2589mW VDD_SOC 3806mW/3694mW
08-01-2026 20:22:05 RAM 2996/7620MB (lfb 6x4MB) SWAP 0/3810MB (cached 0MB) CPU [1%@1728,0%@1728,0%@1728,90%@1728,0%@729,0%@729] GR3D_FREQ 28% cpu@57.375C soc2@55.031C soc0@56.718C gpu@57.625C tj@57.625C soc1@56.625C VDD_IN 9815mW/9379mW VDD_CPU_GPU_CV 2840mW/2589mW VDD_SOC 3806mW/3695mW
08-01-2026 20:22:06 RAM 2996/7620MB (lfb 6x4MB) SWAP 0/3810MB (cached 0MB) CPU [0%@1728,0%@1728,1%@1728,91%@1728,0%@729,0%@729] GR3D_FREQ 30% cpu@57.218C soc2@54.968C soc0@56.656C gpu@57.531C tj@57.531C soc1@56.531C VDD_IN 9775mW/9380mW VDD_CPU_GPU_CV 2800mW/2590mW VDD_SOC 3806mW/3695mW
08-01-2026 20:22:07 RAM 2996/7620MB (lfb 6x4MB) SWAP 0/3810MB (cached 0MB) CPU [2%@1728,0%@1728,0%@1728,89%@1728,0%@729,0%@729] GR3D_FREQ 30% cpu@57.312C soc2@54.906C soc0@56.562C gpu@57.625C tj@57.625C soc1@56.562C VDD_IN 9735mW/9381mW VDD_CPU_GPU_CV 2800mW/2590mW VDD_SOC 3766mW/3695mW
08-01-2026 20:22:08 RAM 2996/7620MB (lfb 6x4MB) SWAP 0/3810MB (cached 0MB) CPU [0%@1728,0%@1728,0%@1728,90%@1728,0%@729,0%@729] GR3D_FREQ 30% cpu@57.5C soc2@54.968C soc0@56.781C gpu@57.625C tj@57.625C soc1@56.656C VDD_IN 9735mW/9382mW VDD_CPU_GPU_CV 2800mW/2591mW VDD_SOC 3766mW/3695mW
08-01-2026 20:22:09 RAM 2996/7620MB (lfb 6x4MB) SWAP 0/3810MB (cached 0MB) CPU [1%@1728,1%@1728,0%@1728,90%@1728,0%@729,0%@729] GR3D_FREQ 28% cpu@57.156C soc2@54.968C soc0@56.593C gpu@57.562C tj@57.812C soc1@56.656C VDD_IN 9655mW/9382mW VDD_CPU_GPU_CV 2760mW/2591mW VDD_SOC 3766mW/3695mW
08-01-2026 20:22:10 RAM 2996/7620MB (lfb 6x4MB) SWAP 0/3810MB (cached 0MB) CPU [0%@1728,0%@1728,0%@1728,89%@1728,0%@729,0%@729] GR3D_FREQ 28% cpu@57.156C soc2@54.968C soc0@56.687C gpu@57.781C tj@57.781C soc1@56.718C VDD_IN 9655mW/9383mW VDD_CPU_GPU_CV 2720mW/2591mW VDD_SOC 3766mW/3695mW
08-01-2026 20:22:11 RAM 2996/7620MB (lfb 6x4MB) SWAP 0/3810MB (cached 0MB) CPU [1%@1728,1%@1728,0%@1728,90%@1728,0%@729,0%@729] GR3D_FREQ 30% cpu@57.125C soc2@54.906C soc0@56.781C gpu@57.812C tj@57.812C soc1@56.531C VDD_IN 9615mW/9383mW VDD_CPU_GPU_CV 2720mW/2591mW VDD_SOC 3725mW/3696mW
08-01-2026 20:22:12 RAM 2996/7620MB (lfb 6x4MB) SWAP 0/3810MB (cached 0MB) CPU [1%@1728,0%@1728,0%@1728,90%@1728,0%@729,0%@729] GR3D_FREQ 30% cpu@57.343C soc2@55C soc0@56.781C gpu@57.812C tj@57.812C soc1@56.562C VDD_IN 9615mW/9384mW VDD_CPU_GPU_CV 2720mW/2592mW VDD_SOC 3725mW/3696mW
08-01-2026 20:22:13 RAM 2996/7620MB (lfb 6x4MB) SWAP 0/3810MB (cached 0MB) CPU [1%@1728,0%@1728,0%@1728,90%@1728,0%@729,0%@729] GR3D_FREQ 37% cpu@57.531C soc2@54.937C soc0@56.593C gpu@57.875C tj@57.875C soc1@56.593C VDD_IN 9495mW/9384mW VDD_CPU_GPU_CV 2680mW/2592mW VDD_SOC 3725mW/3696mW
08-01-2026 20:22:14 RAM 2996/7620MB (lfb 6x4MB) SWAP 0/3810MB (cached 0MB) CPU [1%@1728,0%@1728,0%@1728,87%@1728,0%@729,0%@729] GR3D_FREQ 40% cpu@57.187C soc2@54.968C soc0@56.687C gpu@57.875C tj@57.875C soc1@56.687C VDD_IN 9389mW/9384mW VDD_CPU_GPU_CV 2520mW/2592mW VDD_SOC 3725mW/3696mW
08-01-2026 20:22:15 RAM 2996/7620MB (lfb 6x4MB) SWAP 0/3810MB (cached 0MB) CPU [1%@1728,0%@1728,0%@1728,89%@1728,0%@729,0%@729] GR3D_FREQ 40% cpu@57.156C soc2@55C soc0@56.718C gpu@57.937C tj@57.937C soc1@56.718C VDD_IN 9590mW/9384mW VDD_CPU_GPU_CV 2640mW/2592mW VDD_SOC 3725mW/3696mW
08-01-2026 20:22:16 RAM 2996/7620MB (lfb 6x4MB) SWAP 0/3810MB (cached 0MB) CPU [1%@1728,0%@1728,0%@1728,90%@1728,0%@729,0%@729] GR3D_FREQ 30% cpu@57.281C soc2@54.875C soc0@56.718C gpu@58C tj@58C soc1@56.593C VDD_IN 9535mW/9384mW VDD_CPU_GPU_CV 2680mW/2592mW VDD_SOC 3725mW/3696mW
08-01-2026 20:22:17 RAM 2996/7620MB (lfb 6x4MB) SWAP 0/3810MB (cached 0MB) CPU [0%@1728,60%@1728,0%@1728,30%@1728,0%@729,0%@729] GR3D_FREQ 40% cpu@57.125C soc2@55C soc0@56.812C gpu@58C tj@58C soc1@56.593C VDD_IN 9535mW/9385mW VDD_CPU_GPU_CV 2640mW/2592mW VDD_SOC 3725mW/3696mW
08-01-2026 20:22:18 RAM 2996/7620MB (lfb 6x4MB) SWAP 0/3810MB (cached 0MB) CPU [60%@1728,30%@1728,1%@1728,0%@1728,0%@729,0%@729] GR3D_FREQ 40% cpu@57.375C soc2@54.968C soc0@56.593C gpu@57.968C tj@57.968C soc1@56.593C VDD_IN 9349mW/9385mW VDD_CPU_GPU_CV 2480mW/2592mW VDD_SOC 3725mW/3696mW
08-01-2026 20:22:19 RAM 2996/7620MB (lfb 6x4MB) SWAP 0/3810MB (cached 0MB) CPU [91%@1728,0%@1728,0%@1728,0%@1728,0%@729,0%@729] GR3D_FREQ 39% cpu@57.156C soc2@55.093C soc0@56.687C gpu@57.531C tj@57.531C soc1@56.625C VDD_IN 9470mW/9385mW VDD_CPU_GPU_CV 2600mW/2592mW VDD_SOC 3725mW/3696mW
08-01-2026 20:22:20 RAM 2996/7620MB (lfb 6x4MB) SWAP 0/3810MB (cached 0MB) CPU [32%@1728,1%@1728,60%@1728,0%@1728,0%@729,0%@729] GR3D_FREQ 30% cpu@57.468C soc2@55C soc0@56.718C gpu@57.531C tj@57.625C soc1@56.687C VDD_IN 9535mW/9385mW VDD_CPU_GPU_CV 2640mW/2592mW VDD_SOC 3725mW/3696mW
08-01-2026 20:22:21 RAM 2996/7620MB (lfb 6x4MB) SWAP 0/3810MB (cached 0MB) CPU [1%@1728,62%@1728,28%@1728,0%@1728,0%@729,0%@729] GR3D_FREQ 37% cpu@57C soc2@55.031C soc0@56.75C gpu@57.625C tj@57.625C soc1@56.812C VDD_IN 9510mW/9385mW VDD_CPU_GPU_CV 2640mW/2592mW VDD_SOC 3725mW/3696mW
08-01-2026 20:22:22 RAM 2996/7620MB (lfb 6x4MB) SWAP 0/3810MB (cached 0MB) CPU [0%@1728,90%@1728,0%@1728,1%@1728,0%@729,0%@729] GR3D_FREQ 36% cpu@57.093C soc2@54.937C soc0@56.718C gpu@57.656C tj@57.656C soc1@56.593C VDD_IN 9470mW/9385mW VDD_CPU_GPU_CV 2640mW/2592mW VDD_SOC 3725mW/3696mW
08-01-2026 20:22:23 RAM 2996/7620MB (lfb 6x4MB) SWAP 0/3810MB (cached 0MB) CPU [2%@1728,90%@1728,0%@1728,0%@1728,0%@729,0%@729] GR3D_FREQ 40% cpu@57.093C soc2@54.937C soc0@56.781C gpu@57.656C tj@57.656C soc1@56.687C VDD_IN 9430mW/9386mW VDD_CPU_GPU_CV 2600mW/2592mW VDD_SOC 3725mW/3696mW
08-01-2026 20:22:24 RAM 2996/7620MB (lfb 6x4MB) SWAP 0/3810MB (cached 0MB) CPU [0%@1728,89%@1728,0%@1728,0%@1728,0%@729,0%@729] GR3D_FREQ 39% cpu@57.187C soc2@55C soc0@56.75C gpu@57.562C tj@57.562C soc1@56.75C VDD_IN 9430mW/9386mW VDD_CPU_GPU_CV 2600mW/2592mW VDD_SOC 3725mW/3696mW
08-01-2026 20:22:25 RAM 2996/7620MB (lfb 6x4MB) SWAP 0/3810MB (cached 0MB) CPU [0%@1728,90%@1728,0%@1728,0%@1728,0%@729,1%@729] GR3D_FREQ 39% cpu@57.25C soc2@54.937C soc0@56.718C gpu@57.687C tj@57.687C soc1@56.687C VDD_IN 9389mW/9386mW VDD_CPU_GPU_CV 2560mW/2592mW VDD_SOC 3685mW/3696mW
08-01-2026 20:22:26 RAM 2996/7620MB (lfb 6x4MB) SWAP 0/3810MB (cached 0MB) CPU [1%@1728,90%@1728,1%@1728,1%@1728,0%@729,0%@729] GR3D_FREQ 40% cpu@56.906C soc2@55.031C soc0@56.656C gpu@57.75C tj@57.75C soc1@56.781C VDD_IN 9389mW/9386mW VDD_CPU_GPU_CV 2560mW/2592mW VDD_SOC 3685mW/3696mW
08-01-2026 20:22:27 RAM 2996/7620MB (lfb 6x4MB) SWAP 0/3810MB (cached 0MB) CPU [1%@1728,86%@1728,0%@1728,0%@1728,0%@729,0%@729] GR3D_FREQ 40% cpu@57.062C soc2@55C soc0@56.75C gpu@57.687C tj@57.687C soc1@56.531C VDD_IN 9229mW/9385mW VDD_CPU_GPU_CV 2443mW/2592mW VDD_SOC 3685mW/3696mW
08-01-2026 20:22:28 RAM 2996/7620MB (lfb 6x4MB) SWAP 0/3810MB (cached 0MB) CPU [0%@1728,91%@1728,0%@1728,0%@1728,0%@729,0%@729] GR3D_FREQ 40% cpu@56.968C soc2@55.031C soc0@56.781C gpu@57.718C tj@57.718C soc1@56.656C VDD_IN 9389mW/9385mW VDD_CPU_GPU_CV 2560mW/2592mW VDD_SOC 3685mW/3696mW
08-01-2026 20:22:29 RAM 2996/7620MB (lfb 6x4MB) SWAP 0/3810MB (cached 0MB) CPU [1%@1728,90%@1728,0%@1728,0%@1728,0%@729,0%@729] GR3D_FREQ 40% cpu@57.187C soc2@54.906C soc0@56.593C gpu@57.718C tj@57.718C soc1@56.687C VDD_IN 9389mW/9385mW VDD_CPU_GPU_CV 2560mW/2592mW VDD_SOC 3685mW/3696mW
08-01-2026 20:22:30 RAM 2996/7620MB (lfb 6x4MB) SWAP 0/3810MB (cached 0MB) CPU [1%@1728,21%@1728,67%@1728,0%@1728,0%@729,0%@729] GR3D_FREQ 40% cpu@57.5C soc2@55C soc0@56.687C gpu@57.718C tj@57.656C soc1@56.625C VDD_IN 9269mW/9385mW VDD_CPU_GPU_CV 2400mW/2591mW VDD_SOC 3685mW/3696mW
08-01-2026 20:22:31 RAM 2996/7620MB (lfb 6x4MB) SWAP 0/3810MB (cached 0MB) CPU [0%@1728,0%@1728,90%@1728,0%@1728,0%@729,0%@729] GR3D_FREQ 40% cpu@57.531C soc2@54.968C soc0@56.625C gpu@57.625C tj@57.625C soc1@56.687C VDD_IN 9389mW/9385mW VDD_CPU_GPU_CV 2560mW/2591mW VDD_SOC 3685mW/3696mW
08-01-2026 20:22:32 RAM 2996/7620MB (lfb 6x4MB) SWAP 0/3810MB (cached 0MB) CPU [0%@1728,0%@1728,89%@1728,0%@1728,0%@729,0%@729] GR3D_FREQ 37% cpu@57.625C soc2@55C soc0@56.781C gpu@57.531C tj@57.625C soc1@56.687C VDD_IN 9349mW/9385mW VDD_CPU_GPU_CV 2520mW/2591mW VDD_SOC 3685mW/3696mW
08-01-2026 20:22:33 RAM 2996/7620MB (lfb 6x4MB) SWAP 0/3810MB (cached 0MB) CPU [1%@1728,0%@1728,89%@1728,0%@1728,0%@729,0%@729] GR3D_FREQ 37% cpu@57.75C soc2@55.031C soc0@56.593C gpu@57.843C tj@57.843C soc1@56.593C VDD_IN 9309mW/9385mW VDD_CPU_GPU_CV 2520mW/2591mW VDD_SOC 3685mW/3696mW
08-01-2026 20:22:34 RAM 2996/7620MB (lfb 6x4MB) SWAP 0/3810MB (cached 0MB) CPU [1%@1728,71%@1728,20%@1728,0%@1728,0%@729,0%@729] GR3D_FREQ 40% cpu@56.875C soc2@54.968C soc0@56.781C gpu@57.593C tj@57.593C soc1@56.781C VDD_IN 9309mW/9385mW VDD_CPU_GPU_CV 2520mW/2591mW VDD_SOC 3685mW/3696mW
08-01-2026 20:22:35 RAM 2996/7620MB (lfb 6x4MB) SWAP 0/3810MB (cached 0MB) CPU [2%@1728,88%@1728,0%@1728,0%@1728,0%@729,1%@729] GR3D_FREQ 40% cpu@57.125C soc2@55C soc0@56.843C gpu@57.781C tj@57.781C soc1@56.687C VDD_IN 9189mW/9384mW VDD_CPU_GPU_CV 2403mW/2591mW VDD_SOC 3685mW/3696mW
08-01-2026 20:22:36 RAM 2996/7620MB (lfb 6x4MB) SWAP 0/3810MB (cached 0MB) CPU [0%@1728,91%@1728,0%@1728,0%@1728,1%@729,0%@729] GR3D_FREQ 40% cpu@57.156C soc2@55.031C soc0@56.687C gpu@57.562C tj@57.562C soc1@56.812C VDD_IN 9269mW/9384mW VDD_CPU_GPU_CV 2520mW/2590mW VDD_SOC 3685mW/3696mW
08-01-2026 20:22:37 RAM 2996/7620MB (lfb 6x4MB) SWAP 0/3810MB (cached 0MB) CPU [1%@1728,90%@1728,0%@1728,0%@1728,1%@729,0%@729] GR3D_FREQ 40% cpu@57.093C soc2@54.937C soc0@56.781C gpu@57.781C tj@57.781C soc1@56.718C VDD_IN 9189mW/9384mW VDD_CPU_GPU_CV 2483mW/2590mW VDD_SOC 3645mW/3696mW
08-01-2026 20:22:38 RAM 2996/7620MB (lfb 6x4MB) SWAP 0/3810MB (cached 0MB) CPU [0%@1728,90%@1728,0%@1728,0%@1728,0%@729,0%@729] GR3D_FREQ 40% cpu@57.218C soc2@54.968C soc0@56.781C gpu@57.531C tj@57.531C soc1@56.718C VDD_IN 9189mW/9384mW VDD_CPU_GPU_CV 2443mW/2590mW VDD_SOC 3645mW/3696mW
08-01-2026 20:22:39 RAM 2996/7620MB (lfb 6x4MB) SWAP 0/3810MB (cached 0MB) CPU [0%@1728,89%@1728,1%@1728,0%@1728,0%@729,0%@729] GR3D_FREQ 40% cpu@57.156C soc2@54.906C soc0@56.781C gpu@57.812C tj@57.812C soc1@56.718C VDD_IN 9189mW/9383mW VDD_CPU_GPU_CV 2443mW/2590mW VDD_SOC 3645mW/3696mW
08-01-2026 20:22:40 RAM 2996/7620MB (lfb 6x4MB) SWAP 0/3810MB (cached 0MB) CPU [0%@1728,10%@1728,79%@1728,0%@1728,1%@729,0%@729] GR3D_FREQ 40% cpu@57.812C soc2@54.937C soc0@56.625C gpu@57.562C tj@57.812C soc1@56.687C VDD_IN 9149mW/9383mW VDD_CPU_GPU_CV 2403mW/2589mW VDD_SOC 3645mW/3696mW
08-01-2026 20:22:41 RAM 2996/7620MB (lfb 6x4MB) SWAP 0/3810MB (cached 0MB) CPU [2%@1728,0%@1728,90%@1728,0%@1728,0%@729,1%@729] GR3D_FREQ 39% cpu@57.5C soc2@55.093C soc0@56.656C gpu@57.812C tj@57.812C soc1@56.718C VDD_IN 9109mW/9382mW VDD_CPU_GPU_CV 2403mW/2589mW VDD_SOC 3645mW/3696mW
08-01-2026 20:22:42 RAM 2996/7620MB (lfb 6x4MB) SWAP 0/3810MB (cached 0MB) CPU [1%@1728,0%@1728,92%@1728,0%@1728,0%@729,0%@729] GR3D_FREQ 38% cpu@57.625C soc2@54.968C soc0@56.843C gpu@57.843C tj@57.843C soc1@56.656C VDD_IN 9109mW/9382mW VDD_CPU_GPU_CV 2403mW/2589mW VDD_SOC 3645mW/3695mW
08-01-2026 20:22:43 RAM 2996/7620MB (lfb 6x4MB) SWAP 0/3810MB (cached 0MB) CPU [0%@1728,86%@1728,4%@1728,0%@1728,0%@729,0%@729] GR3D_FREQ 40% cpu@57.187C soc2@55.031C soc0@56.656C gpu@57.531C tj@57.531C soc1@56.687C VDD_IN 9068mW/9381mW VDD_CPU_GPU_CV 2363mW/2588mW VDD_SOC 3645mW/3695mW
08-01-2026 20:22:44 RAM 2996/7620MB (lfb 6x4MB) SWAP 0/3810MB (cached 0MB) CPU [87%@1728,3%@1728,0%@1728,0%@1728,0%@729,0%@729] GR3D_FREQ 39% cpu@57.187C soc2@55.125C soc0@56.718C gpu@57.781C tj@57.781C soc1@56.843C VDD_IN 8948mW/9380mW VDD_CPU_GPU_CV 2323mW/2588mW VDD_SOC 3651mW/3695mW
08-01-2026 20:22:45 RAM 3017/7620MB (lfb 5x4MB) SWAP 0/3810MB (cached 0MB) CPU [89%@1728,2%@1728,6%@1728,2%@1728,37%@1728,1%@1728] GR3D_FREQ 40% cpu@57.437C soc2@55.093C soc0@56.75C gpu@57.625C tj@57.625C soc1@56.687C VDD_IN 9470mW/9381mW VDD_CPU_GPU_CV 2600mW/2588mW VDD_SOC 3645mW/3695mW
08-01-2026 20:22:46 RAM 2998/7620MB (lfb 7x4MB) SWAP 0/3810MB (cached 0MB) CPU [76%@729,5%@729,4%@729,0%@729,90%@1728,0%@1728] GR3D_FREQ 40% cpu@57.5C soc2@55.031C soc0@56.75C gpu@57.562C tj@57.562C soc1@56.718C VDD_IN 9495mW/9381mW VDD_CPU_GPU_CV 2680mW/2588mW VDD_SOC 3685mW/3695mW
08-01-2026 20:22:47 RAM 2999/7620MB (lfb 7x4MB) SWAP 0/3810MB (cached 0MB) CPU [0%@729,0%@729,0%@729,0%@729,86%@1728,0%@1728] GR3D_FREQ 38% cpu@57.187C soc2@54.906C soc0@56.656C gpu@57.843C tj@57.843C soc1@56.875C VDD_IN 8988mW/9380mW VDD_CPU_GPU_CV 2283mW/2587mW VDD_SOC 3645mW/3695mW
08-01-2026 20:22:48 RAM 3000/7620MB (lfb 7x4MB) SWAP 0/3810MB (cached 0MB) CPU [1%@729,1%@729,0%@729,0%@729,91%@1728,0%@1728] GR3D_FREQ 40% cpu@57.406C soc2@54.937C soc0@56.812C gpu@57.562C tj@57.562C soc1@56.656C VDD_IN 9068mW/9380mW VDD_CPU_GPU_CV 2363mW/2587mW VDD_SOC 3605mW/3695mW
08-01-2026 20:22:49 RAM 3000/7620MB (lfb 7x4MB) SWAP 0/3810MB (cached 0MB) CPU [0%@729,0%@729,1%@729,0%@729,89%@1728,1%@1728] GR3D_FREQ 40% cpu@57.187C soc2@54.875C soc0@56.843C gpu@57.531C tj@57.531C soc1@56.75C VDD_IN 9028mW/9379mW VDD_CPU_GPU_CV 2323mW/2587mW VDD_SOC 3605mW/3695mW
08-01-2026 20:22:50 RAM 3000/7620MB (lfb 7x4MB) SWAP 0/3810MB (cached 0MB) CPU [90%@1728,0%@1728,0%@1728,0%@1728,2%@729,1%@729] GR3D_FREQ 39% cpu@57.281C soc2@55.187C soc0@56.781C gpu@57.906C tj@57.906C soc1@56.812C VDD_IN 8908mW/9378mW VDD_CPU_GPU_CV 2363mW/2586mW VDD_SOC 3611mW/3695mW
08-01-2026 20:22:51 RAM 3000/7620MB (lfb 7x4MB) SWAP 0/3810MB (cached 0MB) CPU [92%@1728,0%@1728,1%@1728,0%@1728,0%@729,1%@729] GR3D_FREQ 24% cpu@57.218C soc2@55.062C soc0@56.843C gpu@57.968C tj@57.687C soc1@56.656C VDD_IN 9028mW/9377mW VDD_CPU_GPU_CV 2283mW/2586mW VDD_SOC 3605mW/3694mW
08-01-2026 20:22:52 RAM 3000/7620MB (lfb 7x4MB) SWAP 0/3810MB (cached 0MB) CPU [91%@1728,1%@1728,0%@1728,0%@1728,1%@729,0%@729] GR3D_FREQ 22% cpu@57.281C soc2@55.218C soc0@56.687C gpu@57.718C tj@57.718C soc1@56.812C VDD_IN 8988mW/9377mW VDD_CPU_GPU_CV 2363mW/2585mW VDD_SOC 3651mW/3694mW
08-01-2026 20:22:53 RAM 3000/7620MB (lfb 7x4MB) SWAP 0/3810MB (cached 0MB) CPU [91%@1728,0%@1728,1%@1728,0%@1728,0%@729,0%@729] GR3D_FREQ 92% cpu@57.187C soc2@55.125C soc0@56.75C gpu@58.156C tj@58.156C soc1@56.843C VDD_IN 9189mW/9376mW VDD_CPU_GPU_CV 2400mW/2585mW VDD_SOC 3685mW/3694mW
08-01-2026 20:22:54 RAM 3000/7620MB (lfb 7x4MB) SWAP 0/3810MB (cached 0MB) CPU [90%@1728,0%@1728,0%@1728,0%@1728,0%@729,0%@729] GR3D_FREQ 94% cpu@57.062C soc2@55.125C soc0@56.843C gpu@58.187C tj@58.187C soc1@56.781C VDD_IN 9189mW/9376mW VDD_CPU_GPU_CV 2480mW/2585mW VDD_SOC 3685mW/3694mW
08-01-2026 20:22:55 RAM 3000/7620MB (lfb 7x4MB) SWAP 0/3810MB (cached 0MB) CPU [90%@1574,0%@1574,1%@1574,0%@1574,0%@729,0%@729] GR3D_FREQ 99% cpu@57.062C soc2@55.093C soc0@56.656C gpu@58.5C tj@58.5C soc1@56.687C VDD_IN 9550mW/9376mW VDD_CPU_GPU_CV 2600mW/2585mW VDD_SOC 3725mW/3694mW
08-01-2026 20:22:56 RAM 3000/7620MB (lfb 7x4MB) SWAP 0/3810MB (cached 0MB) CPU [90%@1267,0%@1267,0%@1267,0%@1267,0%@729,1%@729] GR3D_FREQ 99% cpu@57.25C soc2@55.125C soc0@56.781C gpu@58.281C tj@58.281C soc1@56.781C VDD_IN 9575mW/9377mW VDD_CPU_GPU_CV 2640mW/2585mW VDD_SOC 3766mW/3694mW
08-01-2026 20:22:57 RAM 3000/7620MB (lfb 7x4MB) SWAP 0/3810MB (cached 0MB) CPU [90%@1728,0%@1728,0%@1728,0%@1728,0%@729,0%@729] GR3D_FREQ 94% cpu@57.062C soc2@55.125C soc0@56.75C gpu@57.968C tj@57.968C soc1@56.843C VDD_IN 9229mW/9377mW VDD_CPU_GPU_CV 2363mW/2584mW VDD_SOC 3645mW/3694mW
08-01-2026 20:22:58 RAM 3000/7620MB (lfb 7x4MB) SWAP 0/3810MB (cached 0MB) CPU [91%@1728,0%@1728,0%@1728,1%@1728,0%@729,0%@729] GR3D_FREQ 99% cpu@57.093C soc2@55.156C soc0@56.812C gpu@58.468C tj@58.468C soc1@56.687C VDD_IN 9389mW/9377mW VDD_CPU_GPU_CV 2520mW/2584mW VDD_SOC 3725mW/3694mW
08-01-2026 20:22:59 RAM 3000/7620MB (lfb 7x4MB) SWAP 0/3810MB (cached 0MB) CPU [87%@1420,0%@1420,0%@1420,2%@1420,1%@729,0%@729] GR3D_FREQ 99% cpu@57.218C soc2@55.093C soc0@56.781C gpu@58.437C tj@58.437C soc1@56.843C VDD_IN 9430mW/9377mW VDD_CPU_GPU_CV 2560mW/2584mW VDD_SOC 3725mW/3695mW
08-01-2026 20:23:00 RAM 3000/7620MB (lfb 7x4MB) SWAP 0/3810MB (cached 0MB) CPU [0%@883,0%@883,1%@883,88%@883,0%@729,0%@729] GR3D_FREQ 99% cpu@56.906C soc2@55.156C soc0@56.75C gpu@58.343C tj@58.343C soc1@56.718C VDD_IN 9775mW/9377mW VDD_CPU_GPU_CV 2760mW/2585mW VDD_SOC 3806mW/3695mW
08-01-2026 20:23:01 RAM 3000/7620MB (lfb 7x4MB) SWAP 0/3810MB (cached 0MB) CPU [0%@960,0%@960,0%@960,88%@960,1%@729,0%@729] GR3D_FREQ 99% cpu@57C soc2@55.031C soc0@56.781C gpu@58.281C tj@58.281C soc1@56.656C VDD_IN 9895mW/9378mW VDD_CPU_GPU_CV 2800mW/2585mW VDD_SOC 3886mW/3695mW
08-01-2026 20:23:02 RAM 3001/7620MB (lfb 7x4MB) SWAP 0/3810MB (cached 0MB) CPU [1%@1728,1%@1728,3%@1728,86%@1728,0%@729,0%@729] GR3D_FREQ 99% cpu@57.125C soc2@55.125C soc0@56.843C gpu@58.218C tj@58.218C soc1@56.656C VDD_IN 10016mW/9379mW VDD_CPU_GPU_CV 2840mW/2585mW VDD_SOC 3886mW/3695mW
08-01-2026 20:23:03 RAM 3001/7620MB (lfb 7x4MB) SWAP 0/3810MB (cached 0MB) CPU [86%@1420,1%@1420,4%@1420,0%@1420,1%@729,0%@729] GR3D_FREQ 99% cpu@56.843C soc2@55.062C soc0@56.781C gpu@58.156C tj@58.156C soc1@56.75C VDD_IN 9670mW/9380mW VDD_CPU_GPU_CV 2600mW/2585mW VDD_SOC 3766mW/3695mW
08-01-2026 20:23:04 RAM 2999/7620MB (lfb 7x4MB) SWAP 0/3810MB (cached 0MB) CPU [1%@729,1%@729,88%@729,0%@729,0%@729,0%@729] GR3D_FREQ 99% cpu@56.968C soc2@55.125C soc0@56.75C gpu@58.375C tj@58.375C soc1@56.843C VDD_IN 9935mW/9381mW VDD_CPU_GPU_CV 2840mW/2586mW VDD_SOC 3886mW/3696mW
08-01-2026 20:23:05 RAM 2999/7620MB (lfb 7x4MB) SWAP 0/3810MB (cached 0MB) CPU [1%@1728,5%@1728,85%@1728,1%@1728,0%@729,2%@729] GR3D_FREQ 99% cpu@57.093C soc2@55.062C soc0@56.781C gpu@58.437C tj@58.437C soc1@56.718C VDD_IN 10096mW/9382mW VDD_CPU_GPU_CV 2920mW/2586mW VDD_SOC 3880mW/3696mW
08-01-2026 20:23:06 RAM 2999/7620MB (lfb 7x4MB) SWAP 0/3810MB (cached 0MB) CPU [0%@1036,84%@1036,0%@1036,3%@1036,0%@729,0%@729] GR3D_FREQ 99% cpu@57.218C soc2@55.062C soc0@56.75C gpu@58.468C tj@58.468C soc1@56.812C VDD_IN 9855mW/9383mW VDD_CPU_GPU_CV 2760mW/2587mW VDD_SOC 3846mW/3696mW
08-01-2026 20:23:07 RAM 2999/7620MB (lfb 7x4MB) SWAP 0/3810MB (cached 0MB) CPU [0%@1113,0%@1113,1%@1113,89%@1113,0%@729,0%@729] GR3D_FREQ 99% cpu@56.906C soc2@55C soc0@56.781C gpu@57.968C tj@57.968C soc1@56.812C VDD_IN 9470mW/9383mW VDD_CPU_GPU_CV 2560mW/2587mW VDD_SOC 3725mW/3696mW
08-01-2026 20:23:08 RAM 2999/7620MB (lfb 7x4MB) SWAP 0/3810MB (cached 0MB) CPU [1%@883,0%@883,0%@883,88%@883,0%@729,0%@729] GR3D_FREQ 99% cpu@56.968C soc2@55.125C soc0@56.718C gpu@58.218C tj@58.218C soc1@56.906C VDD_IN 9735mW/9384mW VDD_CPU_GPU_CV 2720mW/2587mW VDD_SOC 3806mW/3697mW
08-01-2026 20:23:09 RAM 2999/7620MB (lfb 7x4MB) SWAP 0/3810MB (cached 0MB) CPU [0%@806,0%@806,1%@806,89%@806,0%@729,0%@729] GR3D_FREQ 99% cpu@57.156C soc2@55.062C soc0@56.812C gpu@58.437C tj@58.437C soc1@56.718C VDD_IN 9935mW/9385mW VDD_CPU_GPU_CV 2880mW/2587mW VDD_SOC 3846mW/3697mW
08-01-2026 20:23:10 RAM 2999/7620MB (lfb 7x4MB) SWAP 0/3810MB (cached 0MB) CPU [0%@1728,0%@1728,0%@1728,89%@1728,0%@729,1%@729] GR3D_FREQ 99% cpu@56.968C soc2@55.062C soc0@56.625C gpu@58.406C tj@58.406C soc1@56.687C VDD_IN 10056mW/9386mW VDD_CPU_GPU_CV 2880mW/2588mW VDD_SOC 3880mW/3697mW
08-01-2026 20:23:11 RAM 2999/7620MB (lfb 7x4MB) SWAP 0/3810MB (cached 0MB) CPU [1%@1728,0%@1728,1%@1728,90%@1728,0%@729,1%@729] GR3D_FREQ 89% cpu@57.5C soc2@55.187C soc0@56.781C gpu@58.625C tj@58.625C soc1@56.781C VDD_IN 10376mW/9387mW VDD_CPU_GPU_CV 3075mW/2589mW VDD_SOC 3960mW/3698mW
08-01-2026 20:23:12 RAM 2999/7620MB (lfb 7x4MB) SWAP 0/3810MB (cached 0MB) CPU [2%@1113,0%@1113,0%@1113,89%@1113,1%@729,0%@729] GR3D_FREQ 99% cpu@57.125C soc2@55.062C soc0@56.781C gpu@58.781C tj@58.781C soc1@56.906C VDD_IN 10777mW/9390mW VDD_CPU_GPU_CV 3274mW/2590mW VDD_SOC 4040mW/3698mW
08-01-2026 20:23:13 RAM 2999/7620MB (lfb 7x4MB) SWAP 0/3810MB (cached 0MB) CPU [1%@883,1%@883,0%@883,88%@883,0%@729,0%@729] GR3D_FREQ 99% cpu@57.187C soc2@55.093C soc0@56.781C gpu@58.75C tj@58.75C soc1@56.656C VDD_IN 10840mW/9392mW VDD_CPU_GPU_CV 3474mW/2591mW VDD_SOC 4080mW/3699mW
08-01-2026 20:23:14 RAM 2999/7620MB (lfb 7x4MB) SWAP 0/3810MB (cached 0MB) CPU [1%@729,0%@729,1%@729,83%@729,6%@729,0%@729] GR3D_FREQ 99% cpu@57.437C soc2@55.156C soc0@56.718C gpu@59.187C tj@59.187C soc1@56.718C VDD_IN 11080mW/9395mW VDD_CPU_GPU_CV 3554mW/2593mW VDD_SOC 4120mW/3700mW
08-01-2026 20:23:15 RAM 2999/7620MB (lfb 7x4MB) SWAP 0/3810MB (cached 0MB) CPU [1%@729,1%@729,0%@729,0%@729,90%@1574,0%@1574] GR3D_FREQ 99% cpu@57.187C soc2@55.156C soc0@56.812C gpu@58.968C tj@58.968C soc1@56.812C VDD_IN 11200mW/9398mW VDD_CPU_GPU_CV 3588mW/2595mW VDD_SOC 4113mW/3700mW
08-01-2026 20:23:16 RAM 2999/7620MB (lfb 7x4MB) SWAP 0/3810MB (cached 0MB) CPU [1%@729,0%@729,0%@729,0%@729,90%@1574,1%@1574] GR3D_FREQ 99% cpu@57.218C soc2@55.156C soc0@56.781C gpu@58.906C tj@58.906C soc1@56.718C VDD_IN 11160mW/9401mW VDD_CPU_GPU_CV 3628mW/2597mW VDD_SOC 4120mW/3701mW
08-01-2026 20:23:17 RAM 2999/7620MB (lfb 7x4MB) SWAP 0/3810MB (cached 0MB) CPU [1%@729,0%@729,0%@729,0%@729,91%@1651,0%@1651] GR3D_FREQ 40% cpu@57.406C soc2@55.125C soc0@56.75C gpu@58.312C tj@58.312C soc1@56.812C VDD_IN 11320mW/9405mW VDD_CPU_GPU_CV 3787mW/2599mW VDD_SOC 4113mW/3702mW
08-01-2026 20:23:18 RAM 2999/7620MB (lfb 7x4MB) SWAP 0/3810MB (cached 0MB) CPU [1%@729,0%@729,0%@729,0%@729,91%@1651,0%@1651] GR3D_FREQ 44% cpu@57.218C soc2@55.125C soc0@56.781C gpu@58.25C tj@58.25C soc1@56.781C VDD_IN 11240mW/9408mW VDD_CPU_GPU_CV 3628mW/2600mW VDD_SOC 4113mW/3702mW
08-01-2026 20:23:19 RAM 2999/7620MB (lfb 7x4MB) SWAP 0/3810MB (cached 0MB) CPU [1%@729,0%@729,1%@729,0%@729,90%@1728,0%@1728] GR3D_FREQ 43% cpu@57.343C soc2@55.187C soc0@56.781C gpu@58.562C tj@58.562C soc1@56.843C VDD_IN 11200mW/9411mW VDD_CPU_GPU_CV 3674mW/2602mW VDD_SOC 4120mW/3703mW
08-01-2026 20:23:20 RAM 2999/7620MB (lfb 7x4MB) SWAP 0/3810MB (cached 0MB) CPU [1%@729,0%@729,0%@729,0%@729,90%@1728,0%@1728] GR3D_FREQ 46% cpu@57.437C soc2@55.125C soc0@56.875C gpu@58.468C tj@58.468C soc1@56.656C VDD_IN 11240mW/9414mW VDD_CPU_GPU_CV 3668mW/2604mW VDD_SOC 4113mW/3704mW
08-01-2026 20:23:21 RAM 2999/7620MB (lfb 7x4MB) SWAP 0/3810MB (cached 0MB) CPU [0%@729,0%@729,1%@729,1%@729,89%@1728,0%@1728] GR3D_FREQ 50% cpu@57.25C soc2@55.125C soc0@56.781C gpu@58.343C tj@58.343C soc1@56.781C VDD_IN 11080mW/9417mW VDD_CPU_GPU_CV 3588mW/2606mW VDD_SOC 4120mW/3705mW
08-01-2026 20:23:22 RAM 2999/7620MB (lfb 7x4MB) SWAP 0/3810MB (cached 0MB) CPU [1%@729,1%@729,0%@729,1%@729,91%@1728,0%@1728] GR3D_FREQ 23% cpu@57.593C soc2@55.187C soc0@56.812C gpu@58C tj@58C soc1@56.843C VDD_IN 11120mW/9419mW VDD_CPU_GPU_CV 3588mW/2607mW VDD_SOC 4080mW/3705mW
08-01-2026 20:23:23 RAM 2999/7620MB (lfb 7x4MB) SWAP 0/3810MB (cached 0MB) CPU [0%@1728,0%@1728,0%@1728,17%@1728,74%@729,0%@729] GR3D_FREQ 24% cpu@57.375C soc2@55.25C soc0@56.843C gpu@58.031C tj@58.031C soc1@56.875C VDD_IN 10960mW/9422mW VDD_CPU_GPU_CV 3434mW/2609mW VDD_SOC 4080mW/3706mW
08-01-2026 20:23:24 RAM 2999/7620MB (lfb 7x4MB) SWAP 0/3810MB (cached 0MB) CPU [2%@1728,1%@1728,19%@1728,70%@1728,0%@729,0%@729] GR3D_FREQ 24% cpu@57.75C soc2@55.125C soc0@56.906C gpu@58.031C tj@58.031C soc1@56.718C VDD_IN 10880mW/9425mW VDD_CPU_GPU_CV 3434mW/2610mW VDD_SOC 4080mW/3706mW
08-01-2026 20:23:25 RAM 2999/7620MB (lfb 7x4MB) SWAP 0/3810MB (cached 0MB) CPU [1%@1728,0%@1728,70%@1728,20%@1728,0%@729,0%@729] GR3D_FREQ 24% cpu@57.375C soc2@55.156C soc0@56.781C gpu@58.031C tj@58.343C soc1@56.812C VDD_IN 10880mW/9427mW VDD_CPU_GPU_CV 3474mW/2612mW VDD_SOC 4040mW/3707mW
08-01-2026 20:23:26 RAM 2999/7620MB (lfb 7x4MB) SWAP 0/3810MB (cached 0MB) CPU [0%@1728,0%@1728,0%@1728,89%@1728,0%@729,0%@729] GR3D_FREQ 24% cpu@57.656C soc2@55.125C soc0@56.781C gpu@58.25C tj@58.25C soc1@56.875C VDD_IN 10840mW/9429mW VDD_CPU_GPU_CV 3434mW/2613mW VDD_SOC 4040mW/3708mW
08-01-2026 20:23:27 RAM 2999/7620MB (lfb 7x4MB) SWAP 0/3810MB (cached 0MB) CPU [1%@1728,0%@1728,0%@1728,89%@1728,0%@729,0%@729] GR3D_FREQ 24% cpu@57.312C soc2@55.125C soc0@56.781C gpu@58.312C tj@58.312C soc1@56.875C VDD_IN 10800mW/9432mW VDD_CPU_GPU_CV 3434mW/2614mW VDD_SOC 4040mW/3708mW
08-01-2026 20:23:28 RAM 2999/7620MB (lfb 7x4MB) SWAP 0/3810MB (cached 0MB) CPU [1%@1728,0%@1728,0%@1728,90%@1728,0%@729,0%@729] GR3D_FREQ 24% cpu@57.5C soc2@55.156C soc0@56.875C gpu@58.312C tj@58.312C soc1@56.625C VDD_IN 10800mW/9434mW VDD_CPU_GPU_CV 3354mW/2616mW VDD_SOC 4040mW/3709mW
08-01-2026 20:23:29 RAM 2999/7620MB (lfb 7x4MB) SWAP 0/3810MB (cached 0MB) CPU [1%@1728,0%@1728,0%@1728,90%@1728,0%@729,0%@729] GR3D_FREQ 23% cpu@57.593C soc2@55.125C soc0@57C gpu@58.406C tj@58.406C soc1@56.875C VDD_IN 10720mW/9436mW VDD_CPU_GPU_CV 3394mW/2617mW VDD_SOC 4000mW/3709mW
08-01-2026 20:23:30 RAM 2999/7620MB (lfb 7x4MB) SWAP 0/3810MB (cached 0MB) CPU [0%@1728,0%@1728,0%@1728,90%@1728,0%@729,1%@729] GR3D_FREQ 24% cpu@57.406C soc2@55.187C soc0@56.875C gpu@57.937C tj@57.937C soc1@56.781C VDD_IN 10600mW/9438mW VDD_CPU_GPU_CV 3274mW/2618mW VDD_SOC 3960mW/3710mW
08-01-2026 20:23:31 RAM 2999/7620MB (lfb 7x4MB) SWAP 0/3810MB (cached 0MB) CPU [2%@1728,0%@1728,0%@1728,91%@1728,0%@729,0%@729] GR3D_FREQ 28% cpu@57.656C soc2@55.187C soc0@56.781C gpu@58C tj@58C soc1@56.781C VDD_IN 10560mW/9440mW VDD_CPU_GPU_CV 3314mW/2619mW VDD_SOC 3960mW/3710mW
08-01-2026 20:23:33 RAM 2999/7620MB (lfb 7x4MB) SWAP 0/3810MB (cached 0MB) CPU [0%@1728,0%@1728,0%@1728,90%@1728,0%@729,0%@729] GR3D_FREQ 28% cpu@57.375C soc2@55.281C soc0@56.968C gpu@58.031C tj@58.031C soc1@56.875C VDD_IN 10456mW/9442mW VDD_CPU_GPU_CV 3194mW/2620mW VDD_SOC 3920mW/3710mW
08-01-2026 20:23:34 RAM 2999/7620MB (lfb 7x4MB) SWAP 0/3810MB (cached 0MB) CPU [1%@1728,1%@1728,0%@1728,89%@1728,0%@729,0%@729] GR3D_FREQ 28% cpu@57.437C soc2@55.156C soc0@56.875C gpu@57.968C tj@57.968C soc1@56.781C VDD_IN 10336mW/9443mW VDD_CPU_GPU_CV 3115mW/2621mW VDD_SOC 3920mW/3711mW
08-01-2026 20:23:35 RAM 2999/7620MB (lfb 7x4MB) SWAP 0/3810MB (cached 0MB) CPU [0%@1728,0%@1728,0%@1728,89%@1728,1%@729,0%@729] GR3D_FREQ 30% cpu@57.656C soc2@55.156C soc0@56.812C gpu@57.812C tj@57.812C soc1@56.75C VDD_IN 10296mW/9444mW VDD_CPU_GPU_CV 3115mW/2622mW VDD_SOC 3920mW/3711mW
08-01-2026 20:23:36 RAM 2999/7620MB (lfb 7x4MB) SWAP 0/3810MB (cached 0MB) CPU [1%@1728,0%@1728,0%@1728,90%@1728,0%@729,0%@729] GR3D_FREQ 30% cpu@57.375C soc2@55.125C soc0@56.75C gpu@57.781C tj@57.781C soc1@56.718C VDD_IN 10216mW/9446mW VDD_CPU_GPU_CV 3075mW/2622mW VDD_SOC 3880mW/3711mW
08-01-2026 20:23:37 RAM 2999/7620MB (lfb 7x4MB) SWAP 0/3810MB (cached 0MB) CPU [0%@1728,0%@1728,0%@1728,89%@1728,0%@729,0%@729] GR3D_FREQ 30% cpu@57.437C soc2@55.25C soc0@56.812C gpu@57.843C tj@57.843C soc1@56.812C VDD_IN 10256mW/9447mW VDD_CPU_GPU_CV 3040mW/2623mW VDD_SOC 3880mW/3712mW
08-01-2026 20:23:38 RAM 2999/7620MB (lfb 7x4MB) SWAP 0/3810MB (cached 0MB) CPU [1%@1728,0%@1728,0%@1728,89%@1728,0%@729,0%@729] GR3D_FREQ 30% cpu@57.281C soc2@55.156C soc0@56.937C gpu@57.812C tj@57.812C soc1@56.875C VDD_IN 10176mW/9448mW VDD_CPU_GPU_CV 3035mW/2624mW VDD_SOC 3880mW/3712mW
08-01-2026 20:23:39 RAM 2999/7620MB (lfb 7x4MB) SWAP 0/3810MB (cached 0MB) CPU [33%@1728,1%@1728,0%@1728,58%@1728,0%@729,0%@729] GR3D_FREQ 28% cpu@57.312C soc2@55.25C soc0@56.906C gpu@57.75C tj@57.75C soc1@56.812C VDD_IN 10096mW/9449mW VDD_CPU_GPU_CV 3040mW/2624mW VDD_SOC 3840mW/3712mW
08-01-2026 20:23:40 RAM 2999/7620MB (lfb 7x4MB) SWAP 0/3810MB (cached 0MB) CPU [89%@1728,0%@1728,0%@1728,0%@1728,0%@729,0%@729] GR3D_FREQ 30% cpu@57.437C soc2@55.187C soc0@57C gpu@57.75C tj@57.75C soc1@56.718C VDD_IN 10136mW/9450mW VDD_CPU_GPU_CV 2955mW/2625mW VDD_SOC 3880mW/3712mW
08-01-2026 20:23:41 RAM 2999/7620MB (lfb 7x4MB) SWAP 0/3810MB (cached 0MB) CPU [91%@1728,0%@1728,0%@1728,0%@1728,0%@729,0%@729] GR3D_FREQ 28% cpu@57.406C soc2@55.312C soc0@56.718C gpu@57.781C tj@57.781C soc1@56.781C VDD_IN 10176mW/9452mW VDD_CPU_GPU_CV 2960mW/2626mW VDD_SOC 3840mW/3713mW
08-01-2026 20:23:42 RAM 2998/7620MB (lfb 7x4MB) SWAP 0/3810MB (cached 0MB) CPU [42%@729,0%@729,0%@729,0%@729,45%@1728,0%@1728] GR3D_FREQ 30% cpu@57.5C soc2@55C soc0@56.781C gpu@57.75C tj@57.75C soc1@56.812C VDD_IN 9935mW/9452mW VDD_CPU_GPU_CV 2760mW/2626mW VDD_SOC 3886mW/3713mW
08-01-2026 20:23:43 RAM 2998/7620MB (lfb 7x4MB) SWAP 0/3810MB (cached 0MB) CPU [2%@729,0%@729,1%@729,0%@729,91%@1728,0%@1728] GR3D_FREQ 30% cpu@57.5C soc2@55.031C soc0@56.812C gpu@57.781C tj@57.781C soc1@56.812C VDD_IN 10136mW/9454mW VDD_CPU_GPU_CV 3000mW/2626mW VDD_SOC 3880mW/3713mW
08-01-2026 20:23:44 RAM 2998/7620MB (lfb 7x4MB) SWAP 0/3810MB (cached 0MB) CPU [0%@1728,35%@1728,0%@1728,0%@1728,51%@729,0%@729] GR3D_FREQ 30% cpu@57.468C soc2@55.218C soc0@56.75C gpu@57.781C tj@57.781C soc1@56.875C VDD_IN 9975mW/9454mW VDD_CPU_GPU_CV 2840mW/2627mW VDD_SOC 3886mW/3713mW
08-01-2026 20:23:45 RAM 2998/7620MB (lfb 7x4MB) SWAP 0/3810MB (cached 0MB) CPU [1%@1728,86%@1728,0%@1728,0%@1728,0%@729,0%@729] GR3D_FREQ 30% cpu@57.093C soc2@55.281C soc0@56.843C gpu@57.75C tj@57.75C soc1@56.937C VDD_IN 9935mW/9455mW VDD_CPU_GPU_CV 2760mW/2627mW VDD_SOC 3886mW/3714mW
08-01-2026 20:23:46 RAM 2998/7620MB (lfb 7x4MB) SWAP 0/3810MB (cached 0MB) CPU [1%@1728,92%@1728,1%@1728,0%@1728,0%@729,0%@729] GR3D_FREQ 30% cpu@57.312C soc2@55.156C soc0@56.843C gpu@58.062C tj@57.843C soc1@56.781C VDD_IN 10256mW/9456mW VDD_CPU_GPU_CV 3115mW/2628mW VDD_SOC 3880mW/3714mW
08-01-2026 20:23:47 RAM 2998/7620MB (lfb 7x4MB) SWAP 0/3810MB (cached 0MB) CPU [2%@729,1%@729,0%@729,0%@729,90%@1728,0%@1728] GR3D_FREQ 30% cpu@57.468C soc2@55.156C soc0@56.843C gpu@58.062C tj@58.062C soc1@56.781C VDD_IN 10216mW/9458mW VDD_CPU_GPU_CV 3080mW/2628mW VDD_SOC 3880mW/3714mW
08-01-2026 20:23:48 RAM 2998/7620MB (lfb 7x4MB) SWAP 0/3810MB (cached 0MB) CPU [0%@729,0%@729,1%@729,1%@729,90%@1728,0%@1728] GR3D_FREQ 30% cpu@57.5C soc2@55.093C soc0@56.781C gpu@58.156C tj@57.843C soc1@56.781C VDD_IN 10096mW/9459mW VDD_CPU_GPU_CV 3000mW/2629mW VDD_SOC 3886mW/3715mW
08-01-2026 20:23:49 RAM 2998/7620MB (lfb 7x4MB) SWAP 0/3810MB (cached 0MB) CPU [1%@729,0%@729,0%@729,1%@729,92%@1728,0%@1728] GR3D_FREQ 30% cpu@57.343C soc2@55.125C soc0@56.75C gpu@57.843C tj@57.843C soc1@56.781C VDD_IN 10096mW/9460mW VDD_CPU_GPU_CV 2960mW/2630mW VDD_SOC 3840mW/3715mW
08-01-2026 20:23:50 RAM 2998/7620MB (lfb 7x4MB) SWAP 0/3810MB (cached 0MB) CPU [1%@729,0%@729,0%@729,0%@729,90%@1728,0%@1728] GR3D_FREQ 30% cpu@57.687C soc2@55.031C soc0@56.75C gpu@57.875C tj@57.875C soc1@56.843C VDD_IN 9975mW/9461mW VDD_CPU_GPU_CV 2920mW/2630mW VDD_SOC 3846mW/3715mW
08-01-2026 20:23:51 RAM 2998/7620MB (lfb 7x4MB) SWAP 0/3810MB (cached 0MB) CPU [0%@729,0%@729,0%@729,1%@729,87%@1728,0%@1728] GR3D_FREQ 30% cpu@57.343C soc2@55.218C soc0@56.906C gpu@57.812C tj@57.812C soc1@56.906C VDD_IN 9815mW/9461mW VDD_CPU_GPU_CV 2760mW/2630mW VDD_SOC 3846mW/3715mW
08-01-2026 20:23:52 RAM 2998/7620MB (lfb 7x4MB) SWAP 0/3810MB (cached 0MB) CPU [2%@729,0%@729,0%@729,0%@729,90%@1728,0%@1728] GR3D_FREQ 30% cpu@57.375C soc2@55.062C soc0@56.906C gpu@57.937C tj@57.937C soc1@56.75C VDD_IN 10016mW/9462mW VDD_CPU_GPU_CV 2960mW/2631mW VDD_SOC 3846mW/3715mW
08-01-2026 20:23:53 RAM 2998/7620MB (lfb 7x4MB) SWAP 0/3810MB (cached 0MB) CPU [0%@729,0%@729,0%@729,0%@729,90%@1728,0%@1728] GR3D_FREQ 30% cpu@57.5C soc2@55C soc0@56.875C gpu@57.937C tj@57.937C soc1@56.781C VDD_IN 9935mW/9463mW VDD_CPU_GPU_CV 2920mW/2631mW VDD_SOC 3846mW/3716mW
08-01-2026 20:23:54 RAM 2998/7620MB (lfb 7x4MB) SWAP 0/3810MB (cached 0MB) CPU [1%@729,0%@729,0%@729,0%@729,90%@1728,0%@1728] GR3D_FREQ 30% cpu@57.468C soc2@55.062C soc0@56.812C gpu@57.875C tj@57.875C soc1@56.843C VDD_IN 9895mW/9463mW VDD_CPU_GPU_CV 2880mW/2632mW VDD_SOC 3806mW/3716mW
08-01-2026 20:23:55 RAM 2998/7620MB (lfb 7x4MB) SWAP 0/3810MB (cached 0MB) CPU [2%@729,0%@729,0%@729,1%@729,89%@1728,0%@1728] GR3D_FREQ 30% cpu@57.531C soc2@55.062C soc0@56.812C gpu@57.843C tj@57.843C soc1@56.781C VDD_IN 9895mW/9464mW VDD_CPU_GPU_CV 2840mW/2632mW VDD_SOC 3806mW/3716mW
08-01-2026 20:23:56 RAM 2998/7620MB (lfb 7x4MB) SWAP 0/3810MB (cached 0MB) CPU [1%@729,0%@729,0%@729,0%@729,91%@1728,0%@1728] GR3D_FREQ 28% cpu@57.281C soc2@55.093C soc0@56.843C gpu@57.906C tj@57.906C soc1@56.906C VDD_IN 9855mW/9465mW VDD_CPU_GPU_CV 2880mW/2632mW VDD_SOC 3806mW/3716mW
08-01-2026 20:23:57 RAM 2998/7620MB (lfb 7x4MB) SWAP 0/3810MB (cached 0MB) CPU [1%@729,0%@729,0%@729,1%@729,45%@1728,45%@1728] GR3D_FREQ 30% cpu@57.062C soc2@55.093C soc0@56.906C gpu@57.875C tj@57.875C soc1@56.968C VDD_IN 9775mW/9465mW VDD_CPU_GPU_CV 2800mW/2633mW VDD_SOC 3806mW/3716mW
08-01-2026 20:23:58 RAM 2998/7620MB (lfb 7x4MB) SWAP 0/3810MB (cached 0MB) CPU [1%@729,0%@729,0%@729,1%@729,49%@1728,40%@1728] GR3D_FREQ 30% cpu@57.437C soc2@55.156C soc0@56.937C gpu@57.968C tj@57.968C soc1@56.75C VDD_IN 9735mW/9466mW VDD_CPU_GPU_CV 2800mW/2633mW VDD_SOC 3766mW/3716mW
08-01-2026 20:23:59 RAM 2998/7620MB (lfb 7x4MB) SWAP 0/3810MB (cached 0MB) CPU [1%@729,0%@729,0%@729,0%@729,89%@1728,0%@1728] GR3D_FREQ 30% cpu@57.437C soc2@55.125C soc0@57C gpu@57.843C tj@57.843C soc1@56.781C VDD_IN 9695mW/9466mW VDD_CPU_GPU_CV 2720mW/2633mW VDD_SOC 3806mW/3716mW
08-01-2026 20:24:00 RAM 2998/7620MB (lfb 7x4MB) SWAP 0/3810MB (cached 0MB) CPU [2%@729,0%@729,1%@729,0%@729,91%@1728,0%@1728] GR3D_FREQ 30% cpu@57.531C soc2@55.062C soc0@56.781C gpu@57.937C tj@57.937C soc1@56.906C VDD_IN 9735mW/9467mW VDD_CPU_GPU_CV 2760mW/2633mW VDD_SOC 3766mW/3716mW
08-01-2026 20:24:01 RAM 2998/7620MB (lfb 7x4MB) SWAP 0/3810MB (cached 0MB) CPU [1%@729,0%@729,0%@729,0%@729,90%@1728,0%@1728] GR3D_FREQ 30% cpu@57.281C soc2@55.156C soc0@56.875C gpu@58C tj@58C soc1@56.875C VDD_IN 9615mW/9467mW VDD_CPU_GPU_CV 2720mW/2633mW VDD_SOC 3766mW/3717mW
08-01-2026 20:24:02 RAM 2998/7620MB (lfb 7x4MB) SWAP 0/3810MB (cached 0MB) CPU [1%@729,0%@729,0%@729,1%@729,91%@1728,1%@1728] GR3D_FREQ 29% cpu@57.343C soc2@55.156C soc0@56.843C gpu@57.843C tj@57.843C soc1@56.906C VDD_IN 9655mW/9467mW VDD_CPU_GPU_CV 2760mW/2634mW VDD_SOC 3725mW/3717mW
08-01-2026 20:24:03 RAM 2998/7620MB (lfb 7x4MB) SWAP 0/3810MB (cached 0MB) CPU [1%@729,0%@729,1%@729,0%@729,90%@1728,0%@1728] GR3D_FREQ 39% cpu@57.406C soc2@55.031C soc0@56.906C gpu@57.656C tj@57.656C soc1@56.781C VDD_IN 9575mW/9467mW VDD_CPU_GPU_CV 2680mW/2634mW VDD_SOC 3725mW/3717mW
08-01-2026 20:24:04 RAM 2998/7620MB (lfb 7x4MB) SWAP 0/3810MB (cached 0MB) CPU [1%@729,0%@729,0%@729,2%@729,90%@1728,0%@1728] GR3D_FREQ 30% cpu@57.593C soc2@55.125C soc0@57C gpu@57.718C tj@57.718C soc1@56.843C VDD_IN 9550mW/9467mW VDD_CPU_GPU_CV 2640mW/2634mW VDD_SOC 3725mW/3717mW
08-01-2026 20:24:05 RAM 2998/7620MB (lfb 7x4MB) SWAP 0/3810MB (cached 0MB) CPU [1%@729,0%@729,1%@729,0%@729,91%@1728,0%@1728] GR3D_FREQ 28% cpu@57.656C soc2@55.062C soc0@56.781C gpu@57.781C tj@57.781C soc1@56.812C VDD_IN 9550mW/9467mW VDD_CPU_GPU_CV 2640mW/2634mW VDD_SOC 3725mW/3717mW
08-01-2026 20:24:06 RAM 2998/7620MB (lfb 7x4MB) SWAP 0/3810MB (cached 0MB) CPU [0%@729,0%@729,0%@729,0%@729,29%@1728,62%@1728] GR3D_FREQ 40% cpu@57.281C soc2@55.125C soc0@56.781C gpu@57.718C tj@57.718C soc1@56.875C VDD_IN 9470mW/9467mW VDD_CPU_GPU_CV 2600mW/2634mW VDD_SOC 3725mW/3717mW
08-01-2026 20:24:07 RAM 2998/7620MB (lfb 7x4MB) SWAP 0/3810MB (cached 0MB) CPU [2%@729,0%@729,0%@729,0%@729,0%@1728,91%@1728] GR3D_FREQ 39% cpu@57.343C soc2@55.062C soc0@56.937C gpu@57.656C tj@57.656C soc1@57C VDD_IN 9470mW/9467mW VDD_CPU_GPU_CV 2600mW/2634mW VDD_SOC 3725mW/3717mW
08-01-2026 20:24:08 RAM 2998/7620MB (lfb 7x4MB) SWAP 0/3810MB (cached 0MB) CPU [2%@729,0%@729,0%@729,0%@729,0%@1728,90%@1728] GR3D_FREQ 40% cpu@57.093C soc2@55.062C soc0@56.906C gpu@57.718C tj@57.718C soc1@56.75C VDD_IN 9389mW/9467mW VDD_CPU_GPU_CV 2560mW/2633mW VDD_SOC 3685mW/3717mW
08-01-2026 20:24:09 RAM 2998/7620MB (lfb 7x4MB) SWAP 0/3810MB (cached 0MB) CPU [0%@729,0%@729,0%@729,1%@729,0%@1728,91%@1728] GR3D_FREQ 38% cpu@57.187C soc2@55.093C soc0@56.968C gpu@57.937C tj@57.937C soc1@56.843C VDD_IN 9309mW/9467mW VDD_CPU_GPU_CV 2520mW/2633mW VDD_SOC 3685mW/3716mW
08-01-2026 20:24:10 RAM 2999/7620MB (lfb 7x4MB) SWAP 0/3810MB (cached 0MB) CPU [2%@729,0%@729,0%@729,1%@729,0%@1728,89%@1728] GR3D_FREQ 40% cpu@57.125C soc2@55.093C soc0@56.75C gpu@58.031C tj@58.031C soc1@56.843C VDD_IN 9269mW/9467mW VDD_CPU_GPU_CV 2520mW/2633mW VDD_SOC 3685mW/3716mW
08-01-2026 20:24:11 RAM 2999/7620MB (lfb 7x4MB) SWAP 0/3810MB (cached 0MB) CPU [0%@729,0%@729,0%@729,0%@729,0%@1728,91%@1728] GR3D_FREQ 40% cpu@57.343C soc2@55.156C soc0@56.812C gpu@57.968C tj@57.968C soc1@56.875C VDD_IN 9269mW/9466mW VDD_CPU_GPU_CV 2483mW/2633mW VDD_SOC 3685mW/3716mW
08-01-2026 20:24:12 RAM 2999/7620MB (lfb 7x4MB) SWAP 0/3810MB (cached 0MB) CPU [74%@1728,0%@1728,0%@1728,0%@1728,0%@729,16%@729] GR3D_FREQ 39% cpu@57.312C soc2@55.312C soc0@56.875C gpu@58.062C tj@58.062C soc1@57C VDD_IN 9189mW/9466mW VDD_CPU_GPU_CV 2403mW/2633mW VDD_SOC 3645mW/3716mW
08-01-2026 20:24:13 RAM 2999/7620MB (lfb 7x4MB) SWAP 0/3810MB (cached 0MB) CPU [18%@1728,1%@1728,74%@1728,0%@1728,0%@729,0%@729] GR3D_FREQ 40% cpu@57.781C soc2@55.187C soc0@56.906C gpu@58.156C tj@58.156C soc1@56.812C VDD_IN 9189mW/9466mW VDD_CPU_GPU_CV 2443mW/2632mW VDD_SOC 3645mW/3716mW
08-01-2026 20:24:14 RAM 2999/7620MB (lfb 7x4MB) SWAP 0/3810MB (cached 0MB) CPU [0%@1728,73%@1728,14%@1728,0%@1728,0%@729,0%@729] GR3D_FREQ 40% cpu@57.281C soc2@55.125C soc0@57.062C gpu@58.093C tj@58.093C soc1@56.843C VDD_IN 9109mW/9465mW VDD_CPU_GPU_CV 2323mW/2632mW VDD_SOC 3645mW/3716mW
08-01-2026 20:24:15 RAM 2999/7620MB (lfb 7x4MB) SWAP 0/3810MB (cached 0MB) CPU [1%@1728,90%@1728,0%@1728,0%@1728,0%@729,0%@729] GR3D_FREQ 40% cpu@57.312C soc2@55.187C soc0@56.875C gpu@57.625C tj@57.625C soc1@56.843C VDD_IN 9229mW/9465mW VDD_CPU_GPU_CV 2440mW/2631mW VDD_SOC 3685mW/3716mW
08-01-2026 20:24:16 RAM 2999/7620MB (lfb 7x4MB) SWAP 0/3810MB (cached 0MB) CPU [0%@1728,90%@1728,0%@1728,1%@1728,0%@729,0%@729] GR3D_FREQ 39% cpu@57.343C soc2@55.156C soc0@56.906C gpu@57.656C tj@57.656C soc1@56.875C VDD_IN 9189mW/9464mW VDD_CPU_GPU_CV 2443mW/2631mW VDD_SOC 3645mW/3716mW
08-01-2026 20:24:17 RAM 2999/7620MB (lfb 7x4MB) SWAP 0/3810MB (cached 0MB) CPU [1%@1728,13%@1728,0%@1728,76%@1728,0%@729,0%@729] GR3D_FREQ 37% cpu@57.375C soc2@55.156C soc0@56.843C gpu@57.718C tj@57.718C soc1@56.906C VDD_IN 9229mW/9464mW VDD_CPU_GPU_CV 2443mW/2631mW VDD_SOC 3645mW/3716mW
08-01-2026 20:24:18 RAM 2999/7620MB (lfb 7x4MB) SWAP 0/3810MB (cached 0MB) CPU [0%@1728,1%@1728,0%@1728,91%@1728,0%@729,0%@729] GR3D_FREQ 40% cpu@57.25C soc2@55.187C soc0@56.843C gpu@57.906C tj@57.906C soc1@57C VDD_IN 9189mW/9463mW VDD_CPU_GPU_CV 2443mW/2631mW VDD_SOC 3645mW/3716mW
08-01-2026 20:24:19 RAM 2999/7620MB (lfb 7x4MB) SWAP 0/3810MB (cached 0MB) CPU [0%@1728,1%@1728,0%@1728,90%@1728,0%@729,0%@729] GR3D_FREQ 40% cpu@57.375C soc2@55.093C soc0@56.937C gpu@57.843C tj@57.843C soc1@56.875C VDD_IN 9149mW/9463mW VDD_CPU_GPU_CV 2403mW/2630mW VDD_SOC 3645mW/3716mW
08-01-2026 20:24:20 RAM 2999/7620MB (lfb 7x4MB) SWAP 0/3810MB (cached 0MB) CPU [76%@1728,0%@1728,0%@1728,15%@1728,0%@729,0%@729] GR3D_FREQ 39% cpu@57.406C soc2@55.187C soc0@56.781C gpu@57.843C tj@57.843C soc1@56.843C VDD_IN 9149mW/9463mW VDD_CPU_GPU_CV 2363mW/2630mW VDD_SOC 3605mW/3715mW
08-01-2026 20:24:21 RAM 2999/7620MB (lfb 7x4MB) SWAP 0/3810MB (cached 0MB) CPU [87%@1728,2%@1728,0%@1728,0%@1728,0%@729,0%@729] GR3D_FREQ 37% cpu@57.625C soc2@55.25C soc0@56.812C gpu@57.812C tj@57.812C soc1@56.906C VDD_IN 8988mW/9462mW VDD_CPU_GPU_CV 2283mW/2629mW VDD_SOC 3651mW/3715mW
08-01-2026 20:24:22 RAM 2999/7620MB (lfb 7x4MB) SWAP 0/3810MB (cached 0MB) CPU [91%@1728,0%@1728,0%@1728,0%@1728,0%@729,0%@729] GR3D_FREQ 39% cpu@57.343C soc2@55.343C soc0@56.781C gpu@57.937C tj@57.937C soc1@56.968C VDD_IN 9068mW/9461mW VDD_CPU_GPU_CV 2403mW/2629mW VDD_SOC 3645mW/3715mW
08-01-2026 20:24:23 RAM 2999/7620MB (lfb 7x4MB) SWAP 0/3810MB (cached 0MB) CPU [13%@1728,80%@1728,0%@1728,0%@1728,0%@729,0%@729] GR3D_FREQ 40% cpu@57.187C soc2@55.25C soc0@56.906C gpu@57.875C tj@57.875C soc1@56.937C VDD_IN 9189mW/9461mW VDD_CPU_GPU_CV 2443mW/2629mW VDD_SOC 3645mW/3715mW
08-01-2026 20:24:24 RAM 2999/7620MB (lfb 7x4MB) SWAP 0/3810MB (cached 0MB) CPU [81%@1728,9%@1728,0%@1728,0%@1728,0%@729,0%@729] GR3D_FREQ 39% cpu@57.343C soc2@55.187C soc0@56.875C gpu@57.843C tj@57.843C soc1@56.968C VDD_IN 9149mW/9460mW VDD_CPU_GPU_CV 2403mW/2628mW VDD_SOC 3605mW/3715mW
08-01-2026 20:24:25 RAM 2999/7620MB (lfb 7x4MB) SWAP 0/3810MB (cached 0MB) CPU [91%@1728,0%@1728,0%@1728,0%@1728,0%@729,0%@729] GR3D_FREQ 40% cpu@57.406C soc2@55.187C soc0@56.968C gpu@57.968C tj@57.968C soc1@56.843C VDD_IN 9028mW/9460mW VDD_CPU_GPU_CV 2320mW/2628mW VDD_SOC 3691mW/3715mW
08-01-2026 20:24:26 RAM 2999/7620MB (lfb 7x4MB) SWAP 0/3810MB (cached 0MB) CPU [91%@1728,0%@1728,0%@1728,0%@1728,0%@729,0%@729] GR3D_FREQ 40% cpu@57.718C soc2@55.187C soc0@56.812C gpu@57.656C tj@57.718C soc1@56.812C VDD_IN 9189mW/9459mW VDD_CPU_GPU_CV 2323mW/2627mW VDD_SOC 3605mW/3715mW
08-01-2026 20:24:27 RAM 2999/7620MB (lfb 7x4MB) SWAP 0/3810MB (cached 0MB) CPU [90%@1728,0%@1728,0%@1728,1%@1728,0%@729,0%@729] GR3D_FREQ 38% cpu@57.343C soc2@55.25C soc0@56.812C gpu@57.75C tj@57.75C soc1@56.968C VDD_IN 9028mW/9459mW VDD_CPU_GPU_CV 2363mW/2627mW VDD_SOC 3645mW/3715mW
08-01-2026 20:24:28 RAM 2999/7620MB (lfb 7x4MB) SWAP 0/3810MB (cached 0MB) CPU [91%@1728,0%@1728,0%@1728,0%@1728,0%@729,0%@729] GR3D_FREQ 39% cpu@57.312C soc2@55.218C soc0@57C gpu@57.687C tj@57.687C soc1@57C VDD_IN 9068mW/9458mW VDD_CPU_GPU_CV 2363mW/2627mW VDD_SOC 3605mW/3714mW
08-01-2026 20:24:29 RAM 2999/7620MB (lfb 7x4MB) SWAP 0/3810MB (cached 0MB) CPU [7%@729,0%@729,0%@729,1%@729,1%@1728,84%@1728] GR3D_FREQ 40% cpu@57C soc2@55.031C soc0@56.875C gpu@57.625C tj@57.625C soc1@56.906C VDD_IN 9109mW/9457mW VDD_CPU_GPU_CV 2363mW/2626mW VDD_SOC 3645mW/3714mW
08-01-2026 20:24:30 RAM 2999/7620MB (lfb 7x4MB) SWAP 0/3810MB (cached 0MB) CPU [1%@729,0%@729,0%@729,1%@729,0%@1728,90%@1728] GR3D_FREQ 40% cpu@57.218C soc2@55.093C soc0@56.875C gpu@57.75C tj@57.75C soc1@56.843C VDD_IN 9028mW/9457mW VDD_CPU_GPU_CV 2363mW/2626mW VDD_SOC 3605mW/3714mW
08-01-2026 20:24:31 RAM 2999/7620MB (lfb 7x4MB) SWAP 0/3810MB (cached 0MB) CPU [1%@729,0%@729,0%@729,1%@729,0%@1728,91%@1728] GR3D_FREQ 40% cpu@57.281C soc2@55.187C soc0@56.812C gpu@58C tj@58C soc1@56.937C VDD_IN 9028mW/9456mW VDD_CPU_GPU_CV 2363mW/2625mW VDD_SOC 3605mW/3714mW
08-01-2026 20:24:32 RAM 2999/7620MB (lfb 7x4MB) SWAP 0/3810MB (cached 0MB) CPU [1%@729,0%@729,1%@729,1%@729,0%@1728,90%@1728] GR3D_FREQ 29% cpu@57.187C soc2@55.156C soc0@56.875C gpu@58.093C tj@58.093C soc1@56.937C VDD_IN 9028mW/9455mW VDD_CPU_GPU_CV 2323mW/2625mW VDD_SOC 3605mW/3714mW
08-01-2026 20:24:33 RAM 2999/7620MB (lfb 7x4MB) SWAP 0/3810MB (cached 0MB) CPU [1%@729,0%@729,0%@729,0%@729,0%@1728,89%@1728] GR3D_FREQ 99% cpu@57.281C soc2@55.25C soc0@56.906C gpu@58.593C tj@58.593C soc1@57C VDD_IN 9430mW/9455mW VDD_CPU_GPU_CV 2600mW/2625mW VDD_SOC 3725mW/3714mW
08-01-2026 20:24:34 RAM 2999/7620MB (lfb 7x4MB) SWAP 0/3810MB (cached 0MB) CPU [1%@729,0%@729,0%@729,1%@729,0%@960,88%@960] GR3D_FREQ 99% cpu@57.156C soc2@55.062C soc0@56.843C gpu@58.562C tj@58.562C soc1@56.875C VDD_IN 9655mW/9456mW VDD_CPU_GPU_CV 2680mW/2625mW VDD_SOC 3806mW/3714mW
08-01-2026 20:24:35 RAM 2999/7620MB (lfb 7x4MB) SWAP 0/3810MB (cached 0MB) CPU [1%@729,0%@729,0%@729,1%@729,1%@729,89%@729] GR3D_FREQ 99% cpu@57.281C soc2@55.156C soc0@56.781C gpu@58.781C tj@58.781C soc1@56.906C VDD_IN 10056mW/9457mW VDD_CPU_GPU_CV 2840mW/2625mW VDD_SOC 3880mW/3714mW
08-01-2026 20:24:36 RAM 2999/7620MB (lfb 7x4MB) SWAP 0/3810MB (cached 0MB) CPU [0%@729,0%@729,0%@729,0%@729,0%@1728,90%@1728] GR3D_FREQ 99% cpu@57.531C soc2@55.187C soc0@56.812C gpu@58.812C tj@58.812C soc1@56.843C VDD_IN 10376mW/9458mW VDD_CPU_GPU_CV 3075mW/2626mW VDD_SOC 3960mW/3715mW
08-01-2026 20:24:37 RAM 2999/7620MB (lfb 7x4MB) SWAP 0/3810MB (cached 0MB) CPU [1%@729,1%@729,1%@729,0%@729,0%@1190,89%@1190] GR3D_FREQ 95% cpu@57.343C soc2@55.312C soc0@56.875C gpu@58.812C tj@58.812C soc1@56.843C VDD_IN 10680mW/9460mW VDD_CPU_GPU_CV 3314mW/2627mW VDD_SOC 4000mW/3715mW
08-01-2026 20:24:38 RAM 2999/7620MB (lfb 7x4MB) SWAP 0/3810MB (cached 0MB) CPU [1%@729,0%@729,0%@729,1%@729,0%@806,87%@806] GR3D_FREQ 99% cpu@57.406C soc2@55.25C soc0@56.843C gpu@59.187C tj@59.187C soc1@56.843C VDD_IN 11280mW/9463mW VDD_CPU_GPU_CV 3708mW/2629mW VDD_SOC 4153mW/3716mW
08-01-2026 20:24:39 RAM 2999/7620MB (lfb 7x4MB) SWAP 0/3810MB (cached 0MB) CPU [0%@729,2%@729,0%@729,1%@729,0%@1574,90%@1574] GR3D_FREQ 99% cpu@57.468C soc2@55.25C soc0@56.781C gpu@59.156C tj@59.156C soc1@56.812C VDD_IN 11400mW/9465mW VDD_CPU_GPU_CV 3708mW/2630mW VDD_SOC 4153mW/3716mW
08-01-2026 20:24:40 RAM 2999/7620MB (lfb 7x4MB) SWAP 0/3810MB (cached 0MB) CPU [2%@729,0%@729,1%@729,2%@729,0%@1651,91%@1651] GR3D_FREQ 38% cpu@57.218C soc2@55.312C soc0@56.812C gpu@58.5C tj@58.5C soc1@56.875C VDD_IN 11360mW/9468mW VDD_CPU_GPU_CV 3747mW/2632mW VDD_SOC 4153mW/3717mW
08-01-2026 20:24:41 RAM 2999/7620MB (lfb 7x4MB) SWAP 0/3810MB (cached 0MB) CPU [0%@729,0%@729,0%@729,1%@729,0%@1651,90%@1651] GR3D_FREQ 41% cpu@57.25C soc2@55.312C soc0@56.812C gpu@58.375C tj@58.375C soc1@56.875C VDD_IN 11280mW/9471mW VDD_CPU_GPU_CV 3674mW/2633mW VDD_SOC 4113mW/3718mW
08-01-2026 20:24:42 RAM 2999/7620MB (lfb 7x4MB) SWAP 0/3810MB (cached 0MB) CPU [1%@729,0%@729,0%@729,1%@729,0%@1728,89%@1728] GR3D_FREQ 44% cpu@57.218C soc2@55.25C soc0@56.937C gpu@58.343C tj@58.343C soc1@56.937C VDD_IN 11240mW/9474mW VDD_CPU_GPU_CV 3628mW/2635mW VDD_SOC 4153mW/3718mW
08-01-2026 20:24:43 RAM 2999/7620MB (lfb 7x4MB) SWAP 0/3810MB (cached 0MB) CPU [1%@729,1%@729,0%@729,1%@729,0%@1728,91%@1728] GR3D_FREQ 48% cpu@57.187C soc2@55.187C soc0@57C gpu@58.312C tj@58.312C soc1@56.812C VDD_IN 11280mW/9476mW VDD_CPU_GPU_CV 3708mW/2637mW VDD_SOC 4113mW/3719mW
08-01-2026 20:24:44 RAM 2999/7620MB (lfb 7x4MB) SWAP 0/3810MB (cached 0MB) CPU [2%@729,0%@729,0%@729,0%@729,17%@1728,72%@1728] GR3D_FREQ 26% cpu@57.875C soc2@55.218C soc0@56.843C gpu@58.375C tj@58.375C soc1@56.812C VDD_IN 11200mW/9479mW VDD_CPU_GPU_CV 3634mW/2638mW VDD_SOC 4113mW/3719mW
08-01-2026 20:24:45 RAM 2999/7620MB (lfb 7x4MB) SWAP 0/3810MB (cached 0MB) CPU [2%@729,0%@729,0%@729,0%@729,89%@1728,0%@1728] GR3D_FREQ 24% cpu@57.531C soc2@55.281C soc0@56.875C gpu@58.281C tj@58.281C soc1@56.875C VDD_IN 11000mW/9481mW VDD_CPU_GPU_CV 3514mW/2639mW VDD_SOC 4080mW/3720mW
08-01-2026 20:24:46 RAM 2999/7620MB (lfb 7x4MB) SWAP 0/3810MB (cached 0MB) CPU [1%@729,1%@729,1%@729,0%@729,90%@1728,0%@1728] GR3D_FREQ 23% cpu@57.375C soc2@55.25C soc0@57C gpu@58.218C tj@58.218C soc1@56.968C VDD_IN 11040mW/9483mW VDD_CPU_GPU_CV 3594mW/2641mW VDD_SOC 4080mW/3720mW
08-01-2026 20:24:47 RAM 2999/7620MB (lfb 7x4MB) SWAP 0/3810MB (cached 0MB) CPU [1%@729,0%@729,0%@729,0%@729,92%@1728,0%@1728] GR3D_FREQ 24% cpu@57.406C soc2@55.187C soc0@57.031C gpu@58.281C tj@58.031C soc1@56.843C VDD_IN 10880mW/9486mW VDD_CPU_GPU_CV 3508mW/2642mW VDD_SOC 4040mW/3721mW
08-01-2026 20:24:48 RAM 2999/7620MB (lfb 7x4MB) SWAP 0/3810MB (cached 0MB) CPU [1%@729,1%@729,0%@729,1%@729,90%@1728,0%@1728] GR3D_FREQ 24% cpu@57.5C soc2@55.25C soc0@56.875C gpu@58C tj@58C soc1@56.843C VDD_IN 10840mW/9488mW VDD_CPU_GPU_CV 3354mW/2643mW VDD_SOC 4000mW/3721mW
08-01-2026 20:24:49 RAM 2999/7620MB (lfb 7x4MB) SWAP 0/3810MB (cached 0MB) CPU [2%@729,0%@729,0%@729,0%@729,88%@1728,0%@1728] GR3D_FREQ 25% cpu@57.781C soc2@55.218C soc0@56.968C gpu@58.031C tj@58.031C soc1@56.875C VDD_IN 10680mW/9489mW VDD_CPU_GPU_CV 3354mW/2644mW VDD_SOC 4000mW/3722mW
08-01-2026 20:24:50 RAM 2999/7620MB (lfb 7x4MB) SWAP 0/3810MB (cached 0MB) CPU [1%@729,0%@729,0%@729,0%@729,90%@1728,0%@1728] GR3D_FREQ 24% cpu@57.437C soc2@55.343C soc0@56.875C gpu@58C tj@58C soc1@56.906C VDD_IN 10720mW/9491mW VDD_CPU_GPU_CV 3354mW/2645mW VDD_SOC 4000mW/3722mW
08-01-2026 20:24:51 RAM 2999/7620MB (lfb 7x4MB) SWAP 0/3810MB (cached 0MB) CPU [2%@729,0%@729,0%@729,0%@729,90%@1728,0%@1728] GR3D_FREQ 22% cpu@57.531C soc2@55.281C soc0@56.968C gpu@58C tj@58C soc1@57C VDD_IN 10737mW/9493mW VDD_CPU_GPU_CV 3314mW/2646mW VDD_SOC 4000mW/3723mW
08-01-2026 20:24:52 RAM 2999/7620MB (lfb 7x4MB) SWAP 0/3810MB (cached 0MB) CPU [1%@729,0%@729,0%@729,1%@729,64%@1728,26%@1728] GR3D_FREQ 23% cpu@57.187C soc2@55.187C soc0@56.968C gpu@58.218C tj@58.218C soc1@56.781C VDD_IN 10720mW/9495mW VDD_CPU_GPU_CV 3354mW/2647mW VDD_SOC 4000mW/3723mW
08-01-2026 20:24:53 RAM 2999/7620MB (lfb 7x4MB) SWAP 0/3810MB (cached 0MB) CPU [0%@729,0%@729,0%@729,0%@729,0%@1728,90%@1728] GR3D_FREQ 25% cpu@57.406C soc2@55.25C soc0@56.875C gpu@58.187C tj@58.187C soc1@56.875C VDD_IN 10600mW/9496mW VDD_CPU_GPU_CV 3274mW/2648mW VDD_SOC 3960mW/3723mW
08-01-2026 20:24:54 RAM 2999/7620MB (lfb 6x4MB) SWAP 0/3810MB (cached 0MB) CPU [1%@729,0%@729,1%@729,0%@729,0%@1728,91%@1728] GR3D_FREQ 24% cpu@57.406C soc2@55.218C soc0@56.875C gpu@58.218C tj@58.218C soc1@56.968C VDD_IN 10560mW/9498mW VDD_CPU_GPU_CV 3314mW/2649mW VDD_SOC 3960mW/3724mW
08-01-2026 20:24:55 RAM 2999/7620MB (lfb 6x4MB) SWAP 0/3810MB (cached 0MB) CPU [1%@729,0%@729,1%@729,1%@729,0%@1728,89%@1728] GR3D_FREQ 30% cpu@57.093C soc2@55.218C soc0@56.843C gpu@58.156C tj@58.156C soc1@56.968C VDD_IN 10416mW/9499mW VDD_CPU_GPU_CV 3194mW/2650mW VDD_SOC 3920mW/3724mW
08-01-2026 20:24:56 RAM 2999/7620MB (lfb 6x4MB) SWAP 0/3810MB (cached 0MB) CPU [0%@729,0%@729,0%@729,0%@729,0%@1728,91%@1728] GR3D_FREQ 30% cpu@57.187C soc2@55.156C soc0@56.937C gpu@58C tj@58C soc1@56.781C VDD_IN 10376mW/9501mW VDD_CPU_GPU_CV 3194mW/2651mW VDD_SOC 3920mW/3724mW
08-01-2026 20:24:57 RAM 2999/7620MB (lfb 6x4MB) SWAP 0/3810MB (cached 0MB) CPU [1%@729,0%@729,1%@729,0%@729,0%@1728,91%@1728] GR3D_FREQ 30% cpu@57.281C soc2@55.125C soc0@56.937C gpu@57.906C tj@57.906C soc1@56.875C VDD_IN 10376mW/9502mW VDD_CPU_GPU_CV 3194mW/2651mW VDD_SOC 3920mW/3725mW
08-01-2026 20:24:58 RAM 2999/7620MB (lfb 6x4MB) SWAP 0/3810MB (cached 0MB) CPU [0%@729,1%@729,0%@729,0%@729,0%@1728,89%@1728] GR3D_FREQ 30% cpu@57.281C soc2@55.218C soc0@56.875C gpu@57.906C tj@57.906C soc1@56.906C VDD_IN 10176mW/9503mW VDD_CPU_GPU_CV 2995mW/2652mW VDD_SOC 3880mW/3725mW
08-01-2026 20:24:59 RAM 2999/7620MB (lfb 6x4MB) SWAP 0/3810MB (cached 0MB) CPU [1%@729,0%@729,0%@729,0%@729,0%@1728,90%@1728] GR3D_FREQ 30% cpu@57.343C soc2@55.218C soc0@56.968C gpu@57.937C tj@57.937C soc1@56.906C VDD_IN 10136mW/9504mW VDD_CPU_GPU_CV 3035mW/2652mW VDD_SOC 3880mW/3725mW
08-01-2026 20:25:00 RAM 2999/7620MB (lfb 6x4MB) SWAP 0/3810MB (cached 0MB) CPU [2%@729,0%@729,0%@729,0%@729,0%@1728,91%@1728] GR3D_FREQ 30% cpu@57.25C soc2@55.281C soc0@56.937C gpu@58.125C tj@58.125C soc1@56.781C VDD_IN 10096mW/9505mW VDD_CPU_GPU_CV 3000mW/2653mW VDD_SOC 3840mW/3725mW
08-01-2026 20:25:01 RAM 2999/7620MB (lfb 6x4MB) SWAP 0/3810MB (cached 0MB) CPU [2%@729,1%@729,0%@729,0%@729,0%@1728,89%@1728] GR3D_FREQ 30% cpu@57.281C soc2@55.187C soc0@57.125C gpu@58.25C tj@58.25C soc1@56.843C VDD_IN 10056mW/9505mW VDD_CPU_GPU_CV 3000mW/2653mW VDD_SOC 3840mW/3725mW
08-01-2026 20:25:02 RAM 2999/7620MB (lfb 6x4MB) SWAP 0/3810MB (cached 0MB) CPU [1%@729,0%@729,0%@729,0%@729,0%@1728,90%@1728] GR3D_FREQ 30% cpu@57.281C soc2@55.187C soc0@56.937C gpu@58.187C tj@58.187C soc1@56.937C VDD_IN 9975mW/9506mW VDD_CPU_GPU_CV 2920mW/2654mW VDD_SOC 3846mW/3726mW
08-01-2026 20:25:03 RAM 2999/7620MB (lfb 6x4MB) SWAP 0/3810MB (cached 0MB) CPU [1%@729,0%@729,1%@729,0%@729,0%@1728,89%@1728] GR3D_FREQ 30% cpu@57.312C soc2@55.156C soc0@56.843C gpu@58.218C tj@58.218C soc1@57C VDD_IN 9935mW/9507mW VDD_CPU_GPU_CV 2960mW/2654mW VDD_SOC 3806mW/3726mW
08-01-2026 20:25:04 RAM 2999/7620MB (lfb 6x4MB) SWAP 0/3810MB (cached 0MB) CPU [2%@729,1%@729,0%@729,0%@729,0%@1728,89%@1728] GR3D_FREQ 30% cpu@57.093C soc2@55.281C soc0@56.968C gpu@57.906C tj@57.906C soc1@57C VDD_IN 9855mW/9507mW VDD_CPU_GPU_CV 2880mW/2655mW VDD_SOC 3846mW/3726mW
08-01-2026 20:25:05 RAM 2999/7620MB (lfb 6x4MB) SWAP 0/3810MB (cached 0MB) CPU [1%@729,1%@729,0%@729,0%@729,0%@1728,92%@1728] GR3D_FREQ 30% cpu@57.218C soc2@55.125C soc0@57C gpu@57.843C tj@57.843C soc1@56.906C VDD_IN 9895mW/9508mW VDD_CPU_GPU_CV 2880mW/2655mW VDD_SOC 3806mW/3726mW
08-01-2026 20:25:06 RAM 2999/7620MB (lfb 6x4MB) SWAP 0/3810MB (cached 0MB) CPU [2%@729,0%@729,0%@729,0%@729,47%@1728,40%@1728] GR3D_FREQ 30% cpu@57.531C soc2@55.218C soc0@56.875C gpu@57.968C tj@57.968C soc1@56.843C VDD_IN 9855mW/9508mW VDD_CPU_GPU_CV 2800mW/2655mW VDD_SOC 3806mW/3726mW
08-01-2026 20:25:07 RAM 2999/7620MB (lfb 6x4MB) SWAP 0/3810MB (cached 0MB) CPU [2%@729,0%@729,0%@729,0%@729,91%@1728,0%@1728] GR3D_FREQ 30% cpu@57.593C soc2@55.218C soc0@56.937C gpu@57.968C tj@57.968C soc1@56.875C VDD_IN 9735mW/9509mW VDD_CPU_GPU_CV 2800mW/2655mW VDD_SOC 3806mW/3726mW
08-01-2026 20:25:08 RAM 2999/7620MB (lfb 6x4MB) SWAP 0/3810MB (cached 0MB) CPU [1%@729,0%@729,0%@729,0%@729,92%@1728,0%@1728] GR3D_FREQ 29% cpu@57.343C soc2@55.25C soc0@56.937C gpu@57.75C tj@57.75C soc1@57C VDD_IN 9695mW/9509mW VDD_CPU_GPU_CV 2760mW/2656mW VDD_SOC 3766mW/3726mW
08-01-2026 20:25:09 RAM 2999/7620MB (lfb 6x4MB) SWAP 0/3810MB (cached 0MB) CPU [1%@1728,0%@1728,1%@1728,50%@1728,40%@729,0%@729] GR3D_FREQ 30% cpu@57.343C soc2@55.218C soc0@56.906C gpu@57.875C tj@57.875C soc1@56.875C VDD_IN 9575mW/9509mW VDD_CPU_GPU_CV 2680mW/2656mW VDD_SOC 3725mW/3726mW
08-01-2026 20:25:10 RAM 2999/7620MB (lfb 6x4MB) SWAP 0/3810MB (cached 0MB) CPU [3%@1728,0%@1728,0%@1728,90%@1728,0%@729,0%@729] GR3D_FREQ 29% cpu@57.437C soc2@55.218C soc0@56.968C gpu@57.812C tj@57.812C soc1@56.875C VDD_IN 9575mW/9509mW VDD_CPU_GPU_CV 2680mW/2656mW VDD_SOC 3766mW/3726mW
08-01-2026 20:25:11 RAM 2999/7620MB (lfb 6x4MB) SWAP 0/3810MB (cached 0MB) CPU [0%@1728,1%@1728,57%@1728,32%@1728,0%@729,0%@729] GR3D_FREQ 28% cpu@57.875C soc2@55.25C soc0@56.843C gpu@57.812C tj@57.875C soc1@56.937C VDD_IN 9470mW/9509mW VDD_CPU_GPU_CV 2600mW/2656mW VDD_SOC 3766mW/3726mW
08-01-2026 20:25:12 RAM 2999/7620MB (lfb 6x4MB) SWAP 0/3810MB (cached 0MB) CPU [1%@1728,0%@1728,91%@1728,1%@1728,0%@729,0%@729] GR3D_FREQ 30% cpu@57.625C soc2@55.281C soc0@56.875C gpu@57.875C tj@57.875C soc1@56.968C VDD_IN 9590mW/9509mW VDD_CPU_GPU_CV 2640mW/2656mW VDD_SOC 3725mW/3726mW
08-01-2026 20:25:13 RAM 2999/7620MB (lfb 6x4MB) SWAP 0/3810MB (cached 0MB) CPU [1%@729,0%@729,35%@729,1%@729,52%@1728,0%@1728] GR3D_FREQ 39% cpu@57.406C soc2@55.187C soc0@56.875C gpu@57.937C tj@57.937C soc1@57C VDD_IN 9389mW/9509mW VDD_CPU_GPU_CV 2480mW/2655mW VDD_SOC 3725mW/3726mW
08-01-2026 20:25:14 RAM 2999/7620MB (lfb 6x4MB) SWAP 0/3810MB (cached 0MB) CPU [2%@729,0%@729,0%@729,0%@729,33%@1728,57%@1728] GR3D_FREQ 31% cpu@57.187C soc2@55.156C soc0@57C gpu@57.968C tj@57.968C soc1@56.906C VDD_IN 9535mW/9509mW VDD_CPU_GPU_CV 2680mW/2655mW VDD_SOC 3725mW/3726mW
08-01-2026 20:25:15 RAM 2999/7620MB (lfb 6x4MB) SWAP 0/3810MB (cached 0MB) CPU [2%@729,1%@729,0%@729,0%@729,0%@1728,90%@1728] GR3D_FREQ 36% cpu@57.187C soc2@55.125C soc0@56.875C gpu@57.937C tj@57.937C soc1@56.906C VDD_IN 9575mW/9509mW VDD_CPU_GPU_CV 2680mW/2655mW VDD_SOC 3725mW/3726mW
08-01-2026 20:25:16 RAM 2999/7620MB (lfb 6x4MB) SWAP 0/3810MB (cached 0MB) CPU [1%@729,0%@729,0%@729,1%@729,63%@1728,29%@1728] GR3D_FREQ 39% cpu@57.812C soc2@55.093C soc0@56.968C gpu@57.781C tj@57.812C soc1@56.875C VDD_IN 9470mW/9509mW VDD_CPU_GPU_CV 2600mW/2655mW VDD_SOC 3725mW/3726mW
08-01-2026 20:25:17 RAM 2999/7620MB (lfb 6x4MB) SWAP 0/3810MB (cached 0MB) CPU [1%@729,0%@729,0%@729,0%@729,91%@1728,0%@1728] GR3D_FREQ 40% cpu@57.5C soc2@55.187C soc0@56.875C gpu@57.812C tj@57.812C soc1@56.937C VDD_IN 9430mW/9509mW VDD_CPU_GPU_CV 2600mW/2655mW VDD_SOC 3685mW/3726mW
08-01-2026 20:25:18 RAM 2999/7620MB (lfb 6x4MB) SWAP 0/3810MB (cached 0MB) CPU [0%@729,0%@729,0%@729,0%@729,90%@1728,0%@1728] GR3D_FREQ 40% cpu@57.437C soc2@55.187C soc0@57C gpu@57.75C tj@57.75C soc1@56.843C VDD_IN 9349mW/9509mW VDD_CPU_GPU_CV 2520mW/2655mW VDD_SOC 3685mW/3726mW
08-01-2026 20:25:19 RAM 2999/7620MB (lfb 6x4MB) SWAP 0/3810MB (cached 0MB) CPU [4%@729,0%@729,0%@729,0%@729,91%@1728,0%@1728] GR3D_FREQ 38% cpu@57.468C soc2@55.187C soc0@57.031C gpu@57.812C tj@57.812C soc1@56.875C VDD_IN 9349mW/9508mW VDD_CPU_GPU_CV 2520mW/2655mW VDD_SOC 3685mW/3726mW
08-01-2026 20:25:20 RAM 2999/7620MB (lfb 6x4MB) SWAP 0/3810MB (cached 0MB) CPU [1%@729,1%@729,1%@729,0%@729,19%@1728,71%@1728] GR3D_FREQ 40% cpu@57.375C soc2@55.125C soc0@56.937C gpu@57.75C tj@58C soc1@56.968C VDD_IN 9269mW/9508mW VDD_CPU_GPU_CV 2480mW/2655mW VDD_SOC 3685mW/3726mW
08-01-2026 20:25:21 RAM 2999/7620MB (lfb 6x4MB) SWAP 0/3810MB (cached 0MB) CPU [2%@729,0%@729,0%@729,0%@729,0%@1728,91%@1728] GR3D_FREQ 40% cpu@57.437C soc2@55.156C soc0@56.906C gpu@58C tj@58C soc1@56.968C VDD_IN 9269mW/9508mW VDD_CPU_GPU_CV 2483mW/2654mW VDD_SOC 3645mW/3726mW
08-01-2026 20:25:22 RAM 2999/7620MB (lfb 6x4MB) SWAP 0/3810MB (cached 0MB) CPU [2%@729,1%@729,0%@729,0%@729,0%@1728,91%@1728] GR3D_FREQ 38% cpu@57.125C soc2@55.218C soc0@56.937C gpu@58.062C tj@58.062C soc1@56.968C VDD_IN 9189mW/9507mW VDD_CPU_GPU_CV 2483mW/2654mW VDD_SOC 3645mW/3726mW
08-01-2026 20:25:23 RAM 2999/7620MB (lfb 6x4MB) SWAP 0/3810MB (cached 0MB) CPU [0%@729,0%@729,0%@729,0%@729,0%@1728,89%@1728] GR3D_FREQ 40% cpu@57.125C soc2@55.093C soc0@57C gpu@58C tj@58C soc1@56.937C VDD_IN 9189mW/9507mW VDD_CPU_GPU_CV 2403mW/2654mW VDD_SOC 3645mW/3726mW
08-01-2026 20:25:24 RAM 2999/7620MB (lfb 6x4MB) SWAP 0/3810MB (cached 0MB) CPU [1%@729,0%@729,0%@729,0%@729,0%@1728,90%@1728] GR3D_FREQ 40% cpu@57.312C soc2@55.187C soc0@56.875C gpu@57.812C tj@57.812C soc1@56.937C VDD_IN 9149mW/9506mW VDD_CPU_GPU_CV 2403mW/2653mW VDD_SOC 3645mW/3726mW
08-01-2026 20:25:25 RAM 2999/7620MB (lfb 6x4MB) SWAP 0/3810MB (cached 0MB) CPU [1%@729,0%@729,0%@729,0%@729,0%@1728,90%@1728] GR3D_FREQ 39% cpu@57.343C soc2@55.156C soc0@56.906C gpu@57.843C tj@57.843C soc1@57C VDD_IN 9109mW/9506mW VDD_CPU_GPU_CV 2443mW/2653mW VDD_SOC 3645mW/3725mW
08-01-2026 20:25:26 RAM 2999/7620MB (lfb 6x4MB) SWAP 0/3810MB (cached 0MB) CPU [0%@729,1%@729,0%@729,0%@729,0%@1728,91%@1728] GR3D_FREQ 40% cpu@57.156C soc2@55.25C soc0@56.968C gpu@57.75C tj@57.75C soc1@57.031C VDD_IN 9109mW/9505mW VDD_CPU_GPU_CV 2363mW/2653mW VDD_SOC 3645mW/3725mW
08-01-2026 20:25:27 RAM 2999/7620MB (lfb 6x4MB) SWAP 0/3810MB (cached 0MB) CPU [3%@729,0%@729,0%@729,0%@729,0%@1728,90%@1728] GR3D_FREQ 40% cpu@57.156C soc2@55.093C soc0@56.968C gpu@57.875C tj@57.875C soc1@56.906C VDD_IN 9068mW/9505mW VDD_CPU_GPU_CV 2363mW/2652mW VDD_SOC 3605mW/3725mW
08-01-2026 20:25:28 RAM 2999/7620MB (lfb 6x4MB) SWAP 0/3810MB (cached 0MB) CPU [0%@729,0%@729,0%@729,0%@729,0%@1728,89%@1728] GR3D_FREQ 40% cpu@57.281C soc2@55.125C soc0@57.062C gpu@58.062C tj@58.062C soc1@56.968C VDD_IN 9028mW/9504mW VDD_CPU_GPU_CV 2323mW/2652mW VDD_SOC 3645mW/3725mW
08-01-2026 20:25:29 RAM 2999/7620MB (lfb 6x4MB) SWAP 0/3810MB (cached 0MB) CPU [1%@1728,0%@1728,0%@1728,89%@1728,0%@729,2%@729] GR3D_FREQ 40% cpu@57.593C soc2@55.156C soc0@56.875C gpu@58.125C tj@58.125C soc1@57C VDD_IN 9028mW/9503mW VDD_CPU_GPU_CV 2363mW/2651mW VDD_SOC 3605mW/3725mW
08-01-2026 20:25:30 RAM 2999/7620MB (lfb 6x4MB) SWAP 0/3810MB (cached 0MB) CPU [67%@729,1%@729,1%@729,0%@729,23%@1728,0%@1728] GR3D_FREQ 40% cpu@57.343C soc2@55.218C soc0@56.937C gpu@58.125C tj@58.125C soc1@56.968C VDD_IN 8948mW/9502mW VDD_CPU_GPU_CV 2283mW/2651mW VDD_SOC 3611mW/3725mW
08-01-2026 20:25:31 RAM 2999/7620MB (lfb 6x4MB) SWAP 0/3810MB (cached 0MB) CPU [1%@729,2%@729,0%@729,1%@729,91%@1728,0%@1728] GR3D_FREQ 40% cpu@57.218C soc2@55.25C soc0@56.906C gpu@57.656C tj@57.656C soc1@56.843C VDD_IN 8988mW/9502mW VDD_CPU_GPU_CV 2323mW/2650mW VDD_SOC 3611mW/3725mW
08-01-2026 20:25:32 RAM 2999/7620MB (lfb 6x4MB) SWAP 0/3810MB (cached 0MB) CPU [1%@729,1%@729,0%@729,0%@729,88%@1728,1%@1728] GR3D_FREQ 20% cpu@57.156C soc2@55.187C soc0@57.031C gpu@57.906C tj@57.906C soc1@56.875C VDD_IN 8988mW/9501mW VDD_CPU_GPU_CV 2323mW/2650mW VDD_SOC 3605mW/3724mW
08-01-2026 20:25:33 RAM 2999/7620MB (lfb 6x4MB) SWAP 0/3810MB (cached 0MB) CPU [0%@729,1%@729,0%@729,0%@729,0%@1728,87%@1728] GR3D_FREQ 40% cpu@57.281C soc2@55.187C soc0@56.843C gpu@57.843C tj@57.843C soc1@57C VDD_IN 8908mW/9500mW VDD_CPU_GPU_CV 2203mW/2649mW VDD_SOC 3611mW/3724mW
08-01-2026 20:25:34 RAM 2999/7620MB (lfb 6x4MB) SWAP 0/3810MB (cached 0MB) CPU [1%@729,2%@729,0%@729,0%@729,0%@1728,90%@1728] GR3D_FREQ 40% cpu@57.343C soc2@55.093C soc0@56.875C gpu@57.812C tj@57.812C soc1@57C VDD_IN 8988mW/9500mW VDD_CPU_GPU_CV 2323mW/2649mW VDD_SOC 3611mW/3724mW
08-01-2026 20:25:35 RAM 2999/7620MB (lfb 6x4MB) SWAP 0/3810MB (cached 0MB) CPU [2%@729,1%@729,0%@729,0%@729,0%@1728,90%@1728] GR3D_FREQ 51% cpu@57.187C soc2@55.281C soc0@56.968C gpu@57.937C tj@57.937C soc1@57C VDD_IN 9189mW/9499mW VDD_CPU_GPU_CV 2443mW/2649mW VDD_SOC 3645mW/3724mW
08-01-2026 20:25:36 RAM 2999/7620MB (lfb 6x4MB) SWAP 0/3810MB (cached 0MB) CPU [0%@729,2%@729,0%@729,0%@729,0%@1728,88%@1728] GR3D_FREQ 99% cpu@57.281C soc2@55.156C soc0@57.125C gpu@58C tj@58C soc1@56.968C VDD_IN 9269mW/9499mW VDD_CPU_GPU_CV 2483mW/2648mW VDD_SOC 3685mW/3724mW
08-01-2026 20:25:37 RAM 2999/7620MB (lfb 6x4MB) SWAP 0/3810MB (cached 0MB) CPU [1%@729,0%@729,0%@729,0%@729,4%@1651,85%@1651] GR3D_FREQ 99% cpu@57.468C soc2@55.156C soc0@56.968C gpu@58.468C tj@58.468C soc1@56.937C VDD_IN 9590mW/9499mW VDD_CPU_GPU_CV 2640mW/2648mW VDD_SOC 3766mW/3724mW
08-01-2026 20:25:38 RAM 2999/7620MB (lfb 6x4MB) SWAP 0/3810MB (cached 0MB) CPU [0%@729,1%@729,0%@729,0%@729,88%@883,0%@883] GR3D_FREQ 99% cpu@57.156C soc2@55.312C soc0@56.875C gpu@58.5C tj@58.5C soc1@56.937C VDD_IN 9655mW/9499mW VDD_CPU_GPU_CV 2680mW/2648mW VDD_SOC 3806mW/3724mW
08-01-2026 20:25:39 RAM 2999/7620MB (lfb 6x4MB) SWAP 0/3810MB (cached 0MB) CPU [2%@729,1%@729,0%@729,0%@729,89%@1728,0%@1728] GR3D_FREQ 99% cpu@57.218C soc2@55.25C soc0@56.968C gpu@58.812C tj@58.812C soc1@56.843C VDD_IN 9935mW/9500mW VDD_CPU_GPU_CV 2880mW/2649mW VDD_SOC 3886mW/3724mW
08-01-2026 20:25:40 RAM 2999/7620MB (lfb 6x4MB) SWAP 0/3810MB (cached 0MB) CPU [1%@729,0%@729,0%@729,0%@729,86%@1190,5%@1190] GR3D_FREQ 99% cpu@57.5C soc2@55.281C soc0@57C gpu@58.5C tj@58.5C soc1@56.937C VDD_IN 9975mW/9500mW VDD_CPU_GPU_CV 2800mW/2649mW VDD_SOC 3886mW/3725mW
08-01-2026 20:25:41 RAM 2999/7620MB (lfb 6x4MB) SWAP 0/3810MB (cached 0MB) CPU [1%@729,0%@729,1%@729,0%@729,0%@1728,90%@1728] GR3D_FREQ 95% cpu@57.281C soc2@55.312C soc0@56.906C gpu@58.5C tj@58.5C soc1@56.937C VDD_IN 10136mW/9501mW VDD_CPU_GPU_CV 2880mW/2649mW VDD_SOC 3920mW/3725mW
08-01-2026 20:25:42 RAM 2999/7620MB (lfb 6x4MB) SWAP 0/3810MB (cached 0MB) CPU [1%@729,1%@729,0%@729,0%@729,0%@1267,89%@1267] GR3D_FREQ 89% cpu@57.812C soc2@55.312C soc0@56.875C gpu@59C tj@59C soc1@57C VDD_IN 10800mW/9503mW VDD_CPU_GPU_CV 3514mW/2650mW VDD_SOC 4040mW/3725mW
08-01-2026 20:25:43 RAM 2997/7620MB (lfb 6x4MB) SWAP 0/3810MB (cached 0MB) CPU [1%@729,1%@729,0%@729,0%@729,0%@806,88%@806] GR3D_FREQ 99% cpu@57.468C soc2@55.312C soc0@57.031C gpu@59.156C tj@59.156C soc1@56.906C VDD_IN 10960mW/9505mW VDD_CPU_GPU_CV 3514mW/2652mW VDD_SOC 4120mW/3726mW
08-01-2026 20:25:44 RAM 2997/7620MB (lfb 6x4MB) SWAP 0/3810MB (cached 0MB) CPU [0%@729,1%@729,0%@729,0%@729,0%@1651,90%@1651] GR3D_FREQ 46% cpu@57.437C soc2@55.312C soc0@57.031C gpu@58.968C tj@58.968C soc1@56.968C VDD_IN 11280mW/9507mW VDD_CPU_GPU_CV 3747mW/2653mW VDD_SOC 4153mW/3726mW
08-01-2026 20:25:45 RAM 2997/7620MB (lfb 6x4MB) SWAP 0/3810MB (cached 0MB) CPU [6%@1651,0%@1651,0%@1651,0%@1651,6%@729,80%@729] GR3D_FREQ 33% cpu@57.656C soc2@55.375C soc0@56.906C gpu@58.75C tj@58.75C soc1@56.875C VDD_IN 11280mW/9510mW VDD_CPU_GPU_CV 3747mW/2655mW VDD_SOC 4153mW/3727mW
08-01-2026 20:25:46 RAM 2997/7620MB (lfb 6x4MB) SWAP 0/3810MB (cached 0MB) CPU [81%@1651,1%@1651,0%@1651,10%@1651,0%@729,1%@729] GR3D_FREQ 32% cpu@57.437C soc2@55.406C soc0@56.968C gpu@58.843C tj@58.843C soc1@57C VDD_IN 11320mW/9512mW VDD_CPU_GPU_CV 3628mW/2656mW VDD_SOC 4113mW/3728mW
08-01-2026 20:25:47 RAM 2997/7620MB (lfb 6x4MB) SWAP 0/3810MB (cached 0MB) CPU [0%@1728,13%@1728,0%@1728,79%@1728,0%@729,0%@729] GR3D_FREQ 47% cpu@57.312C soc2@55.468C soc0@57C gpu@58.5C tj@58.5C soc1@57.031C VDD_IN 11400mW/9515mW VDD_CPU_GPU_CV 3708mW/2657mW VDD_SOC 4153mW/3728mW
08-01-2026 20:25:48 RAM 2997/7620MB (lfb 6x4MB) SWAP 0/3810MB (cached 0MB) CPU [1%@1728,77%@1728,0%@1728,14%@1728,0%@729,0%@729] GR3D_FREQ 47% cpu@57.656C soc2@55.312C soc0@56.968C gpu@58.531C tj@58.531C soc1@56.812C VDD_IN 11280mW/9517mW VDD_CPU_GPU_CV 3668mW/2659mW VDD_SOC 4153mW/3729mW
08-01-2026 20:25:49 RAM 2997/7620MB (lfb 6x4MB) SWAP 0/3810MB (cached 0MB) CPU [3%@1728,16%@1728,1%@1728,74%@1728,0%@729,0%@729] GR3D_FREQ 47% cpu@57.406C soc2@55.406C soc0@57.093C gpu@58.312C tj@58.312C soc1@56.968C VDD_IN 11160mW/9519mW VDD_CPU_GPU_CV 3628mW/2660mW VDD_SOC 4120mW/3729mW
08-01-2026 20:25:50 RAM 2997/7620MB (lfb 6x4MB) SWAP 0/3810MB (cached 0MB) CPU [1%@1728,90%@1728,0%@1728,0%@1728,0%@729,0%@729] GR3D_FREQ 20% cpu@57.656C soc2@55.406C soc0@56.937C gpu@58.281C tj@58.281C soc1@57C VDD_IN 11120mW/9522mW VDD_CPU_GPU_CV 3588mW/2661mW VDD_SOC 4120mW/3730mW
08-01-2026 20:25:51 RAM 2997/7620MB (lfb 6x4MB) SWAP 0/3810MB (cached 0MB) CPU [1%@1728,90%@1728,0%@1728,0%@1728,0%@729,0%@729] GR3D_FREQ 20% cpu@57.437C soc2@55.437C soc0@56.968C gpu@58.218C tj@58.218C soc1@56.968C VDD_IN 11000mW/9524mW VDD_CPU_GPU_CV 3554mW/2662mW VDD_SOC 4080mW/3730mW
08-01-2026 20:25:52 RAM 2997/7620MB (lfb 6x4MB) SWAP 0/3810MB (cached 0MB) CPU [0%@1728,90%@1728,0%@1728,0%@1728,0%@729,0%@729] GR3D_FREQ 24% cpu@57.312C soc2@55.343C soc0@56.843C gpu@58.25C tj@58.25C soc1@57.031C VDD_IN 11000mW/9526mW VDD_CPU_GPU_CV 3514mW/2664mW VDD_SOC 4080mW/3731mW
08-01-2026 20:25:53 RAM 2997/7620MB (lfb 6x4MB) SWAP 0/3810MB (cached 0MB) CPU [16%@1728,71%@1728,4%@1728,0%@1728,0%@729,0%@729] GR3D_FREQ 23% cpu@57.531C soc2@55.375C soc0@57.031C gpu@58.5C tj@58.5C soc1@56.937C VDD_IN 10920mW/9528mW VDD_CPU_GPU_CV 3514mW/2665mW VDD_SOC 4080mW/3731mW
08-01-2026 20:25:54 RAM 2997/7620MB (lfb 6x4MB) SWAP 0/3810MB (cached 0MB) CPU [91%@1728,0%@1728,0%@1728,0%@1728,0%@729,0%@729] GR3D_FREQ 23% cpu@57.593C soc2@55.468C soc0@57.093C gpu@58.5C tj@58.5C soc1@56.875C VDD_IN 10920mW/9529mW VDD_CPU_GPU_CV 3514mW/2666mW VDD_SOC 4080mW/3732mW
08-01-2026 20:25:55 RAM 2997/7620MB (lfb 6x4MB) SWAP 0/3810MB (cached 0MB) CPU [91%@1728,0%@1728,0%@1728,0%@1728,0%@729,0%@729] GR3D_FREQ 24% cpu@57.75C soc2@55.406C soc0@57C gpu@58.562C tj@58.562C soc1@56.968C VDD_IN 10880mW/9531mW VDD_CPU_GPU_CV 3514mW/2667mW VDD_SOC 4040mW/3732mW
08-01-2026 20:25:56 RAM 2997/7620MB (lfb 6x4MB) SWAP 0/3810MB (cached 0MB) CPU [90%@1728,0%@1728,0%@1728,0%@1728,0%@729,0%@729] GR3D_FREQ 24% cpu@57.468C soc2@55.406C soc0@56.968C gpu@58.625C tj@58.625C soc1@57C VDD_IN 10920mW/9533mW VDD_CPU_GPU_CV 3474mW/2668mW VDD_SOC 4080mW/3732mW
08-01-2026 20:25:57 RAM 2997/7620MB (lfb 6x4MB) SWAP 0/3810MB (cached 0MB) CPU [71%@1728,0%@1728,1%@1728,21%@1728,0%@729,0%@729] GR3D_FREQ 24% cpu@57.718C soc2@55.375C soc0@57.093C gpu@58.562C tj@58.562C soc1@57.062C VDD_IN 10920mW/9535mW VDD_CPU_GPU_CV 3514mW/2669mW VDD_SOC 4040mW/3733mW
08-01-2026 20:25:58 RAM 2997/7620MB (lfb 6x4MB) SWAP 0/3810MB (cached 0MB) CPU [0%@1728,0%@1728,0%@1728,90%@1728,0%@729,0%@729] GR3D_FREQ 24% cpu@57.656C soc2@55.25C soc0@57.031C gpu@58.125C tj@58.125C soc1@56.937C VDD_IN 10920mW/9537mW VDD_CPU_GPU_CV 3514mW/2670mW VDD_SOC 4040mW/3733mW
08-01-2026 20:25:59 RAM 2997/7620MB (lfb 6x4MB) SWAP 0/3810MB (cached 0MB) CPU [1%@1728,0%@1728,1%@1728,89%@1728,0%@729,0%@729] GR3D_FREQ 24% cpu@57.75C soc2@55.312C soc0@57.031C gpu@58.25C tj@58.25C soc1@57C VDD_IN 10840mW/9538mW VDD_CPU_GPU_CV 3434mW/2671mW VDD_SOC 4040mW/3734mW
08-01-2026 20:26:00 RAM 2997/7620MB (lfb 6x4MB) SWAP 0/3810MB (cached 0MB) CPU [1%@1728,0%@1728,0%@1728,90%@1728,0%@729,0%@729] GR3D_FREQ 24% cpu@57.75C soc2@55.375C soc0@57.031C gpu@58.25C tj@58.25C soc1@56.968C VDD_IN 10840mW/9540mW VDD_CPU_GPU_CV 3354mW/2672mW VDD_SOC 4040mW/3734mW
08-01-2026 20:26:01 RAM 2997/7620MB (lfb 6x4MB) SWAP 0/3810MB (cached 0MB) CPU [24%@1728,0%@1728,0%@1728,65%@1728,0%@729,0%@729] GR3D_FREQ 22% cpu@57.468C soc2@55.468C soc0@57C gpu@58.218C tj@58.218C soc1@57.031C VDD_IN 10720mW/9542mW VDD_CPU_GPU_CV 3354mW/2673mW VDD_SOC 4000mW/3734mW
08-01-2026 20:26:02 RAM 2997/7620MB (lfb 6x4MB) SWAP 0/3810MB (cached 0MB) CPU [90%@1728,0%@1728,0%@1728,0%@1728,0%@729,0%@729] GR3D_FREQ 22% cpu@57.625C soc2@55.468C soc0@56.968C gpu@58.187C tj@58.187C soc1@57.125C VDD_IN 10720mW/9543mW VDD_CPU_GPU_CV 3354mW/2674mW VDD_SOC 4000mW/3735mW
08-01-2026 20:26:03 RAM 2997/7620MB (lfb 6x4MB) SWAP 0/3810MB (cached 0MB) CPU [67%@1728,1%@1728,1%@1728,25%@1728,0%@729,0%@729] GR3D_FREQ 24% cpu@57.625C soc2@55.406C soc0@57.187C gpu@58.25C tj@58.25C soc1@56.906C VDD_IN 10640mW/9545mW VDD_CPU_GPU_CV 3394mW/2675mW VDD_SOC 4000mW/3735mW
08-01-2026 20:26:04 RAM 2997/7620MB (lfb 6x4MB) SWAP 0/3810MB (cached 0MB) CPU [1%@1728,0%@1728,0%@1728,90%@1728,0%@729,0%@729] GR3D_FREQ 23% cpu@57.687C soc2@55.312C soc0@57C gpu@58.25C tj@58.25C soc1@57C VDD_IN 10680mW/9546mW VDD_CPU_GPU_CV 3354mW/2676mW VDD_SOC 4000mW/3736mW
08-01-2026 20:26:05 RAM 2997/7620MB (lfb 6x4MB) SWAP 0/3810MB (cached 0MB) CPU [1%@1728,0%@1728,0%@1728,91%@1728,0%@729,0%@729] GR3D_FREQ 30% cpu@57.906C soc2@55.375C soc0@56.937C gpu@58C tj@58C soc1@56.968C VDD_IN 10657mW/9548mW VDD_CPU_GPU_CV 3314mW/2677mW VDD_SOC 3960mW/3736mW
08-01-2026 20:26:06 RAM 2997/7620MB (lfb 6x4MB) SWAP 0/3810MB (cached 0MB) CPU [1%@1728,0%@1728,0%@1728,90%@1728,0%@729,0%@729] GR3D_FREQ 30% cpu@57.593C soc2@55.312C soc0@57C gpu@58.093C tj@58.093C soc1@57C VDD_IN 10536mW/9549mW VDD_CPU_GPU_CV 3194mW/2678mW VDD_SOC 3960mW/3736mW
08-01-2026 20:26:07 RAM 2997/7620MB (lfb 6x4MB) SWAP 0/3810MB (cached 0MB) CPU [0%@1728,0%@1728,0%@1728,89%@1728,0%@729,0%@729] GR3D_FREQ 30% cpu@57.687C soc2@55.375C soc0@57.062C gpu@58C tj@58C soc1@57.031C VDD_IN 10496mW/9550mW VDD_CPU_GPU_CV 3154mW/2678mW VDD_SOC 3960mW/3736mW
08-01-2026 20:26:08 RAM 2997/7620MB (lfb 6x4MB) SWAP 0/3810MB (cached 0MB) CPU [1%@1728,0%@1728,0%@1728,91%@1728,0%@729,0%@729] GR3D_FREQ 29% cpu@57.593C soc2@55.312C soc0@57.125C gpu@58.031C tj@58.031C soc1@56.968C VDD_IN 10456mW/9552mW VDD_CPU_GPU_CV 3194mW/2679mW VDD_SOC 3920mW/3737mW
08-01-2026 20:26:09 RAM 2997/7620MB (lfb 6x4MB) SWAP 0/3810MB (cached 0MB) CPU [2%@1728,0%@1728,0%@1728,90%@1728,0%@729,0%@729] GR3D_FREQ 30% cpu@57.718C soc2@55.343C soc0@57.062C gpu@58C tj@58C soc1@56.875C VDD_IN 10376mW/9553mW VDD_CPU_GPU_CV 3115mW/2679mW VDD_SOC 3920mW/3737mW
08-01-2026 20:26:10 RAM 2997/7620MB (lfb 6x4MB) SWAP 0/3810MB (cached 0MB) CPU [0%@1728,0%@1728,1%@1728,90%@1728,0%@729,0%@729] GR3D_FREQ 30% cpu@57.812C soc2@55.312C soc0@56.968C gpu@58.031C tj@58.031C soc1@56.968C VDD_IN 10256mW/9554mW VDD_CPU_GPU_CV 3115mW/2680mW VDD_SOC 3920mW/3737mW
08-01-2026 20:26:11 RAM 2997/7620MB (lfb 6x4MB) SWAP 0/3810MB (cached 0MB) CPU [39%@1728,0%@1728,0%@1728,54%@1728,0%@729,0%@729] GR3D_FREQ 30% cpu@57.437C soc2@55.5C soc0@57C gpu@58.218C tj@58.218C soc1@57C VDD_IN 10176mW/9554mW VDD_CPU_GPU_CV 3075mW/2681mW VDD_SOC 3880mW/3737mW
08-01-2026 20:26:12 RAM 2997/7620MB (lfb 6x4MB) SWAP 0/3810MB (cached 0MB) CPU [53%@1728,1%@1728,39%@1728,1%@1728,0%@729,0%@729] GR3D_FREQ 28% cpu@57.968C soc2@55.375C soc0@57.031C gpu@58.312C tj@58.312C soc1@57.031C VDD_IN 10176mW/9555mW VDD_CPU_GPU_CV 3080mW/2681mW VDD_SOC 3880mW/3738mW
08-01-2026 20:26:13 RAM 2997/7620MB (lfb 6x4MB) SWAP 0/3810MB (cached 0MB) CPU [1%@1728,0%@1728,90%@1728,0%@1728,0%@729,0%@729] GR3D_FREQ 29% cpu@57.843C soc2@55.312C soc0@57.062C gpu@58.25C tj@58.25C soc1@56.937C VDD_IN 10056mW/9556mW VDD_CPU_GPU_CV 2960mW/2681mW VDD_SOC 3846mW/3738mW
08-01-2026 20:26:14 RAM 2997/7620MB (lfb 6x4MB) SWAP 0/3810MB (cached 0MB) CPU [1%@1728,0%@1728,90%@1728,1%@1728,0%@729,0%@729] GR3D_FREQ 30% cpu@58.031C soc2@55.375C soc0@57C gpu@58.343C tj@58.343C soc1@56.968C VDD_IN 10056mW/9557mW VDD_CPU_GPU_CV 3000mW/2682mW VDD_SOC 3846mW/3738mW
08-01-2026 20:26:15 RAM 2997/7620MB (lfb 6x4MB) SWAP 0/3810MB (cached 0MB) CPU [1%@1728,0%@1728,90%@1728,0%@1728,0%@729,0%@729] GR3D_FREQ 30% cpu@58.187C soc2@55.375C soc0@56.937C gpu@58.312C tj@58.312C soc1@56.968C VDD_IN 10016mW/9557mW VDD_CPU_GPU_CV 2920mW/2682mW VDD_SOC 3846mW/3738mW
08-01-2026 20:26:16 RAM 2997/7620MB (lfb 6x4MB) SWAP 0/3810MB (cached 0MB) CPU [1%@1728,0%@1728,89%@1728,0%@1728,0%@729,0%@729] GR3D_FREQ 30% cpu@57.875C soc2@55.343C soc0@56.906C gpu@58.375C tj@58.375C soc1@57C VDD_IN 9975mW/9558mW VDD_CPU_GPU_CV 2920mW/2682mW VDD_SOC 3846mW/3738mW
08-01-2026 20:26:17 RAM 2995/7620MB (lfb 6x4MB) SWAP 0/3810MB (cached 0MB) CPU [1%@729,0%@729,1%@729,0%@729,89%@1728,0%@1728] GR3D_FREQ 30% cpu@57.5C soc2@55.343C soc0@57.062C gpu@58C tj@58C soc1@56.906C VDD_IN 10016mW/9558mW VDD_CPU_GPU_CV 2920mW/2683mW VDD_SOC 3846mW/3738mW
08-01-2026 20:26:18 RAM 2995/7620MB (lfb 6x4MB) SWAP 0/3810MB (cached 0MB) CPU [1%@729,1%@729,0%@729,1%@729,91%@1728,0%@1728] GR3D_FREQ 30% cpu@57.531C soc2@55.281C soc0@57.093C gpu@58C tj@58C soc1@57.031C VDD_IN 9935mW/9559mW VDD_CPU_GPU_CV 2920mW/2683mW VDD_SOC 3806mW/3738mW
08-01-2026 20:26:19 RAM 2995/7620MB (lfb 6x4MB) SWAP 0/3810MB (cached 0MB) CPU [1%@729,0%@729,1%@729,1%@729,90%@1728,0%@1728] GR3D_FREQ 28% cpu@57.625C soc2@55.312C soc0@56.843C gpu@58C tj@58C soc1@56.968C VDD_IN 9855mW/9559mW VDD_CPU_GPU_CV 2880mW/2683mW VDD_SOC 3806mW/3738mW
08-01-2026 20:26:20 RAM 2995/7620MB (lfb 6x4MB) SWAP 0/3810MB (cached 0MB) CPU [2%@729,1%@729,0%@729,0%@729,92%@1728,0%@1728] GR3D_FREQ 30% cpu@57.843C soc2@55.375C soc0@56.906C gpu@58.062C tj@58.062C soc1@57C VDD_IN 9775mW/9559mW VDD_CPU_GPU_CV 2840mW/2684mW VDD_SOC 3806mW/3739mW
08-01-2026 20:26:21 RAM 2995/7620MB (lfb 6x4MB) SWAP 0/3810MB (cached 0MB) CPU [3%@1728,1%@1728,0%@1728,45%@1728,46%@729,0%@729] GR3D_FREQ 30% cpu@57.531C soc2@55.312C soc0@57.062C gpu@58.375C tj@58.375C soc1@57.031C VDD_IN 9695mW/9560mW VDD_CPU_GPU_CV 2760mW/2684mW VDD_SOC 3806mW/3739mW
08-01-2026 20:26:22 RAM 2995/7620MB (lfb 6x4MB) SWAP 0/3810MB (cached 0MB) CPU [0%@1728,0%@1728,0%@1728,89%@1728,0%@729,0%@729] GR3D_FREQ 30% cpu@57.625C soc2@55.218C soc0@57.031C gpu@58.375C tj@58.375C soc1@56.968C VDD_IN 9695mW/9560mW VDD_CPU_GPU_CV 2760mW/2684mW VDD_SOC 3766mW/3739mW
08-01-2026 20:26:23 RAM 2995/7620MB (lfb 6x4MB) SWAP 0/3810MB (cached 0MB) CPU [1%@1728,1%@1728,0%@1728,90%@1728,0%@729,0%@729] GR3D_FREQ 30% cpu@57.718C soc2@55.343C soc0@57.187C gpu@57.906C tj@57.906C soc1@56.937C VDD_IN 9735mW/9560mW VDD_CPU_GPU_CV 2800mW/2684mW VDD_SOC 3766mW/3739mW
08-01-2026 20:26:24 RAM 2995/7620MB (lfb 6x4MB) SWAP 0/3810MB (cached 0MB) CPU [0%@1728,2%@1728,0%@1728,90%@1728,0%@729,0%@729] GR3D_FREQ 30% cpu@57.468C soc2@55.343C soc0@56.968C gpu@57.968C tj@57.968C soc1@57C VDD_IN 9695mW/9560mW VDD_CPU_GPU_CV 2760mW/2684mW VDD_SOC 3766mW/3739mW
08-01-2026 20:26:25 RAM 2995/7620MB (lfb 6x4MB) SWAP 0/3810MB (cached 0MB) CPU [1%@1728,0%@1728,0%@1728,90%@1728,0%@729,0%@729] GR3D_FREQ 28% cpu@57.75C soc2@55.25C soc0@57C gpu@57.937C tj@57.937C soc1@57.093C VDD_IN 9655mW/9560mW VDD_CPU_GPU_CV 2760mW/2684mW VDD_SOC 3766mW/3739mW
08-01-2026 20:26:26 RAM 2995/7620MB (lfb 6x4MB) SWAP 0/3810MB (cached 0MB) CPU [55%@1728,1%@1728,1%@1728,35%@1728,0%@729,0%@729] GR3D_FREQ 29% cpu@57.468C soc2@55.437C soc0@57.125C gpu@57.968C tj@57.968C soc1@57.156C VDD_IN 9575mW/9560mW VDD_CPU_GPU_CV 2720mW/2684mW VDD_SOC 3766mW/3739mW
08-01-2026 20:26:27 RAM 2995/7620MB (lfb 6x4MB) SWAP 0/3810MB (cached 0MB) CPU [85%@1728,7%@1728,0%@1728,0%@1728,0%@729,0%@729] GR3D_FREQ 28% cpu@57.5C soc2@55.343C soc0@57.062C gpu@58.125C tj@58.125C soc1@57C VDD_IN 9655mW/9560mW VDD_CPU_GPU_CV 2720mW/2684mW VDD_SOC 3725mW/3739mW
08-01-2026 20:26:29 RAM 2995/7620MB (lfb 6x4MB) SWAP 0/3810MB (cached 0MB) CPU [89%@1728,0%@1728,0%@1728,0%@1728,0%@729,0%@729] GR3D_FREQ 29% cpu@57.656C soc2@55.375C soc0@57.031C gpu@58.093C tj@58.093C soc1@57C VDD_IN 9655mW/9561mW VDD_CPU_GPU_CV 2720mW/2684mW VDD_SOC 3725mW/3739mW
08-01-2026 20:26:30 RAM 2995/7620MB (lfb 6x4MB) SWAP 0/3810MB (cached 0MB) CPU [91%@1728,0%@1728,0%@1728,0%@1728,0%@729,0%@729] GR3D_FREQ 28% cpu@57.812C soc2@55.437C soc0@56.968C gpu@58.062C tj@58.062C soc1@57C VDD_IN 9575mW/9561mW VDD_CPU_GPU_CV 2720mW/2684mW VDD_SOC 3725mW/3739mW
08-01-2026 20:26:31 RAM 2995/7620MB (lfb 6x4MB) SWAP 0/3810MB (cached 0MB) CPU [1%@1728,91%@1728,0%@1728,1%@1728,0%@729,1%@729] GR3D_FREQ 30% cpu@57.375C soc2@55.468C soc0@57.062C gpu@58.062C tj@58.062C soc1@57.125C VDD_IN 9655mW/9561mW VDD_CPU_GPU_CV 2760mW/2684mW VDD_SOC 3766mW/3739mW
08-01-2026 20:26:32 RAM 2995/7620MB (lfb 6x4MB) SWAP 0/3810MB (cached 0MB) CPU [57%@1728,33%@1728,0%@1728,0%@1728,0%@729,1%@729] GR3D_FREQ 36% cpu@57.625C soc2@55.437C soc0@57.125C gpu@58.093C tj@58.093C soc1@56.968C VDD_IN 9495mW/9561mW VDD_CPU_GPU_CV 2680mW/2684mW VDD_SOC 3766mW/3739mW
08-01-2026 20:26:33 RAM 2995/7620MB (lfb 6x4MB) SWAP 0/3810MB (cached 0MB) CPU [90%@1728,0%@1728,0%@1728,0%@1728,0%@729,0%@729] GR3D_FREQ 28% cpu@57.468C soc2@55.406C soc0@57.218C gpu@57.906C tj@57.906C soc1@56.968C VDD_IN 9535mW/9561mW VDD_CPU_GPU_CV 2680mW/2684mW VDD_SOC 3725mW/3739mW
08-01-2026 20:26:34 RAM 2995/7620MB (lfb 6x4MB) SWAP 0/3810MB (cached 0MB) CPU [90%@1728,0%@1728,0%@1728,0%@1728,0%@729,0%@729] GR3D_FREQ 29% cpu@57.718C soc2@55.375C soc0@57.093C gpu@57.906C tj@57.906C soc1@57C VDD_IN 9575mW/9561mW VDD_CPU_GPU_CV 2680mW/2684mW VDD_SOC 3725mW/3739mW
08-01-2026 20:26:35 RAM 2995/7620MB (lfb 6x4MB) SWAP 0/3810MB (cached 0MB) CPU [35%@1728,1%@1728,0%@1728,56%@1728,0%@729,0%@729] GR3D_FREQ 30% cpu@57.5C soc2@55.312C soc0@57.187C gpu@58C tj@58C soc1@57.062C VDD_IN 9615mW/9561mW VDD_CPU_GPU_CV 2760mW/2684mW VDD_SOC 3766mW/3739mW
08-01-2026 20:26:36 RAM 2995/7620MB (lfb 6x4MB) SWAP 0/3810MB (cached 0MB) CPU [0%@1728,1%@1728,0%@1728,90%@1728,0%@729,0%@729] GR3D_FREQ 30% cpu@57.656C soc2@55.375C soc0@57C gpu@58C tj@58C soc1@57.031C VDD_IN 9575mW/9561mW VDD_CPU_GPU_CV 2680mW/2684mW VDD_SOC 3725mW/3739mW
08-01-2026 20:26:37 RAM 2995/7620MB (lfb 6x4MB) SWAP 0/3810MB (cached 0MB) CPU [0%@1728,0%@1728,0%@1728,89%@1728,0%@729,0%@729] GR3D_FREQ 40% cpu@57.718C soc2@55.25C soc0@57.156C gpu@57.937C tj@57.937C soc1@57.031C VDD_IN 9535mW/9561mW VDD_CPU_GPU_CV 2640mW/2684mW VDD_SOC 3725mW/3739mW
08-01-2026 20:26:38 RAM 2995/7620MB (lfb 6x4MB) SWAP 0/3810MB (cached 0MB) CPU [1%@1728,0%@1728,0%@1728,90%@1728,0%@729,0%@729] GR3D_FREQ 40% cpu@57.531C soc2@55.312C soc0@57.218C gpu@58.187C tj@58.187C soc1@56.937C VDD_IN 9575mW/9561mW VDD_CPU_GPU_CV 2640mW/2684mW VDD_SOC 3725mW/3739mW
08-01-2026 20:26:39 RAM 2995/7620MB (lfb 6x4MB) SWAP 0/3810MB (cached 0MB) CPU [0%@1728,60%@1728,0%@1728,30%@1728,0%@729,0%@729] GR3D_FREQ 40% cpu@57.531C soc2@55.343C soc0@57C gpu@58.156C tj@58.156C soc1@57.062C VDD_IN 9535mW/9561mW VDD_CPU_GPU_CV 2640mW/2684mW VDD_SOC 3725mW/3739mW
08-01-2026 20:26:40 RAM 2995/7620MB (lfb 6x4MB) SWAP 0/3810MB (cached 0MB) CPU [57%@1728,32%@1728,0%@1728,0%@1728,0%@729,0%@729] GR3D_FREQ 39% cpu@57.843C soc2@55.468C soc0@57.031C gpu@58.187C tj@58.187C soc1@57.031C VDD_IN 9455mW/9560mW VDD_CPU_GPU_CV 2600mW/2684mW VDD_SOC 3725mW/3739mW
08-01-2026 20:26:41 RAM 2995/7620MB (lfb 6x4MB) SWAP 0/3810MB (cached 0MB) CPU [31%@1728,60%@1728,0%@1728,0%@1728,0%@729,0%@729] GR3D_FREQ 41% cpu@57.406C soc2@55.406C soc0@57.031C gpu@58.25C tj@58.25C soc1@57.093C VDD_IN 9535mW/9560mW VDD_CPU_GPU_CV 2640mW/2684mW VDD_SOC 3725mW/3739mW
08-01-2026 20:26:42 RAM 2995/7620MB (lfb 6x4MB) SWAP 0/3810MB (cached 0MB) CPU [60%@1728,28%@1728,0%@1728,0%@1728,0%@729,0%@729] GR3D_FREQ 39% cpu@57.562C soc2@55.406C soc0@57.218C gpu@58.281C tj@58.281C soc1@57.218C VDD_IN 9455mW/9560mW VDD_CPU_GPU_CV 2640mW/2684mW VDD_SOC 3725mW/3739mW
08-01-2026 20:26:43 RAM 2995/7620MB (lfb 6x4MB) SWAP 0/3810MB (cached 0MB) CPU [30%@1728,0%@1728,61%@1728,2%@1728,0%@729,0%@729] GR3D_FREQ 37% cpu@57.906C soc2@55.375C soc0@57.125C gpu@58.343C tj@58C soc1@56.968C VDD_IN 9575mW/9560mW VDD_CPU_GPU_CV 2640mW/2684mW VDD_SOC 3685mW/3739mW
08-01-2026 20:26:44 RAM 2995/7620MB (lfb 6x4MB) SWAP 0/3810MB (cached 0MB) CPU [1%@1728,0%@1728,90%@1728,0%@1728,0%@729,0%@729] GR3D_FREQ 39% cpu@58.031C soc2@55.406C soc0@57.031C gpu@58C tj@58.031C soc1@57C VDD_IN 9510mW/9560mW VDD_CPU_GPU_CV 2640mW/2684mW VDD_SOC 3725mW/3739mW
08-01-2026 20:26:45 RAM 2995/7620MB (lfb 6x4MB) SWAP 0/3810MB (cached 0MB) CPU [0%@1728,0%@1728,91%@1728,0%@1728,0%@729,0%@729] GR3D_FREQ 39% cpu@57.906C soc2@55.312C soc0@57.031C gpu@58.062C tj@58.062C soc1@57.062C VDD_IN 9470mW/9560mW VDD_CPU_GPU_CV 2600mW/2684mW VDD_SOC 3725mW/3739mW
08-01-2026 20:26:46 RAM 2995/7620MB (lfb 6x4MB) SWAP 0/3810MB (cached 0MB) CPU [3%@1728,0%@1728,91%@1728,0%@1728,0%@729,0%@729] GR3D_FREQ 39% cpu@57.906C soc2@55.343C soc0@57.093C gpu@58.062C tj@58.062C soc1@57.093C VDD_IN 9389mW/9560mW VDD_CPU_GPU_CV 2560mW/2684mW VDD_SOC 3685mW/3738mW
08-01-2026 20:26:47 RAM 2995/7620MB (lfb 6x4MB) SWAP 0/3810MB (cached 0MB) CPU [0%@1728,0%@1728,90%@1728,0%@1728,0%@729,0%@729] GR3D_FREQ 40% cpu@58.062C soc2@55.312C soc0@57.156C gpu@57.968C tj@58.062C soc1@57.156C VDD_IN 9349mW/9560mW VDD_CPU_GPU_CV 2520mW/2683mW VDD_SOC 3685mW/3738mW
08-01-2026 20:26:48 RAM 2995/7620MB (lfb 6x4MB) SWAP 0/3810MB (cached 0MB) CPU [1%@1728,1%@1728,90%@1728,1%@1728,0%@729,0%@729] GR3D_FREQ 39% cpu@57.812C soc2@55.312C soc0@57.125C gpu@58C tj@58.093C soc1@57C VDD_IN 9349mW/9559mW VDD_CPU_GPU_CV 2560mW/2683mW VDD_SOC 3685mW/3738mW
08-01-2026 20:26:49 RAM 2995/7620MB (lfb 6x4MB) SWAP 0/3810MB (cached 0MB) CPU [0%@1728,0%@1728,89%@1728,0%@1728,0%@729,0%@729] GR3D_FREQ 37% cpu@58.031C soc2@55.312C soc0@57.062C gpu@57.937C tj@58.031C soc1@57C VDD_IN 9349mW/9559mW VDD_CPU_GPU_CV 2560mW/2683mW VDD_SOC 3685mW/3738mW
08-01-2026 20:26:50 RAM 2995/7620MB (lfb 6x4MB) SWAP 0/3810MB (cached 0MB) CPU [1%@1728,0%@1728,92%@1728,0%@1728,0%@729,0%@729] GR3D_FREQ 38% cpu@58.281C soc2@55.312C soc0@57C gpu@57.937C tj@58.281C soc1@57.125C VDD_IN 9349mW/9559mW VDD_CPU_GPU_CV 2520mW/2683mW VDD_SOC 3685mW/3738mW
08-01-2026 20:26:51 RAM 2995/7620MB (lfb 6x4MB) SWAP 0/3810MB (cached 0MB) CPU [1%@1728,0%@1728,90%@1728,1%@1728,0%@729,0%@729] GR3D_FREQ 39% cpu@57.937C soc2@55.468C soc0@57.093C gpu@57.937C tj@57.937C soc1@57.156C VDD_IN 9309mW/9559mW VDD_CPU_GPU_CV 2520mW/2683mW VDD_SOC 3645mW/3738mW
08-01-2026 20:26:52 RAM 2995/7620MB (lfb 6x4MB) SWAP 0/3810MB (cached 0MB) CPU [1%@1728,0%@1728,90%@1728,0%@1728,0%@729,0%@729] GR3D_FREQ 39% cpu@58.031C soc2@55.281C soc0@57.187C gpu@57.906C tj@58.031C soc1@57C VDD_IN 9269mW/9558mW VDD_CPU_GPU_CV 2483mW/2682mW VDD_SOC 3645mW/3738mW
08-01-2026 20:26:53 RAM 2995/7620MB (lfb 6x4MB) SWAP 0/3810MB (cached 0MB) CPU [1%@1728,76%@1728,14%@1728,0%@1728,0%@729,0%@729] GR3D_FREQ 39% cpu@57.75C soc2@55.343C soc0@57.031C gpu@57.875C tj@57.875C soc1@57.031C VDD_IN 9229mW/9558mW VDD_CPU_GPU_CV 2443mW/2682mW VDD_SOC 3645mW/3738mW
08-01-2026 20:26:54 RAM 2995/7620MB (lfb 6x4MB) SWAP 0/3810MB (cached 0MB) CPU [1%@1728,91%@1728,0%@1728,0%@1728,0%@729,0%@729] GR3D_FREQ 40% cpu@57.5C soc2@55.343C soc0@56.968C gpu@57.937C tj@57.937C soc1@57.093C VDD_IN 9189mW/9557mW VDD_CPU_GPU_CV 2443mW/2682mW VDD_SOC 3645mW/3738mW
08-01-2026 20:26:55 RAM 2995/7620MB (lfb 6x4MB) SWAP 0/3810MB (cached 0MB) CPU [2%@1728,91%@1728,0%@1728,0%@1728,0%@729,0%@729] GR3D_FREQ 39% cpu@57.75C soc2@55.375C soc0@57.062C gpu@57.875C tj@57.875C soc1@57.218C VDD_IN 9189mW/9557mW VDD_CPU_GPU_CV 2403mW/2682mW VDD_SOC 3645mW/3738mW
08-01-2026 20:26:56 RAM 2995/7620MB (lfb 6x4MB) SWAP 0/3810MB (cached 0MB) CPU [0%@1728,87%@1728,0%@1728,0%@1728,0%@729,0%@729] GR3D_FREQ 40% cpu@57.343C soc2@55.437C soc0@57.125C gpu@58.093C tj@58.093C soc1@57.156C VDD_IN 9068mW/9556mW VDD_CPU_GPU_CV 2283mW/2681mW VDD_SOC 3645mW/3738mW
08-01-2026 20:26:57 RAM 2995/7620MB (lfb 6x4MB) SWAP 0/3810MB (cached 0MB) CPU [73%@1728,14%@1728,0%@1728,0%@1728,0%@729,0%@729] GR3D_FREQ 40% cpu@57.562C soc2@55.437C soc0@57.093C gpu@58.093C tj@58.093C soc1@57.062C VDD_IN 9068mW/9556mW VDD_CPU_GPU_CV 2323mW/2681mW VDD_SOC 3645mW/3737mW
08-01-2026 20:26:58 RAM 2995/7620MB (lfb 6x4MB) SWAP 0/3810MB (cached 0MB) CPU [16%@1728,76%@1728,0%@1728,1%@1728,0%@729,0%@729] GR3D_FREQ 38% cpu@57.718C soc2@55.312C soc0@57.031C gpu@58.125C tj@58.125C soc1@57C VDD_IN 9189mW/9555mW VDD_CPU_GPU_CV 2440mW/2680mW VDD_SOC 3645mW/3737mW
08-01-2026 20:26:59 RAM 2995/7620MB (lfb 6x4MB) SWAP 0/3810MB (cached 0MB) CPU [2%@1728,13%@1728,77%@1728,0%@1728,0%@729,0%@729] GR3D_FREQ 38% cpu@57.937C soc2@55.375C soc0@57.093C gpu@58.125C tj@58.125C soc1@57C VDD_IN 9189mW/9555mW VDD_CPU_GPU_CV 2443mW/2680mW VDD_SOC 3645mW/3737mW
08-01-2026 20:27:00 RAM 2995/7620MB (lfb 6x4MB) SWAP 0/3810MB (cached 0MB) CPU [1%@1728,75%@1728,12%@1728,0%@1728,0%@729,0%@729] GR3D_FREQ 40% cpu@57.75C soc2@55.406C soc0@57.093C gpu@58.062C tj@58.062C soc1@57.187C VDD_IN 9068mW/9554mW VDD_CPU_GPU_CV 2323mW/2680mW VDD_SOC 3645mW/3737mW
08-01-2026 20:27:01 RAM 2995/7620MB (lfb 6x4MB) SWAP 0/3810MB (cached 0MB) CPU [0%@1728,89%@1728,0%@1728,0%@1728,0%@729,0%@729] GR3D_FREQ 38% cpu@57.343C soc2@55.468C soc0@57.156C gpu@57.968C tj@57.968C soc1@57.25C VDD_IN 9189mW/9554mW VDD_CPU_GPU_CV 2440mW/2679mW VDD_SOC 3645mW/3737mW
08-01-2026 20:27:02 RAM 2995/7620MB (lfb 6x4MB) SWAP 0/3810MB (cached 0MB) CPU [2%@1728,14%@1728,0%@1728,76%@1728,0%@729,0%@729] GR3D_FREQ 38% cpu@57.687C soc2@55.312C soc0@57.093C gpu@57.968C tj@57.968C soc1@57.031C VDD_IN 9189mW/9553mW VDD_CPU_GPU_CV 2480mW/2679mW VDD_SOC 3645mW/3737mW
08-01-2026 20:27:03 RAM 2995/7620MB (lfb 6x4MB) SWAP 0/3810MB (cached 0MB) CPU [77%@1728,0%@1728,0%@1728,14%@1728,0%@729,0%@729] GR3D_FREQ 38% cpu@57.718C soc2@55.406C soc0@57.093C gpu@57.875C tj@57.875C soc1@57.062C VDD_IN 9109mW/9553mW VDD_CPU_GPU_CV 2443mW/2679mW VDD_SOC 3645mW/3737mW
08-01-2026 20:27:04 RAM 2995/7620MB (lfb 6x4MB) SWAP 0/3810MB (cached 0MB) CPU [91%@1728,0%@1728,0%@1728,0%@1728,0%@729,0%@729] GR3D_FREQ 39% cpu@57.531C soc2@55.375C soc0@57C gpu@57.968C tj@57.968C soc1@57.156C VDD_IN 9149mW/9552mW VDD_CPU_GPU_CV 2363mW/2678mW VDD_SOC 3645mW/3737mW
08-01-2026 20:27:05 RAM 2995/7620MB (lfb 6x4MB) SWAP 0/3810MB (cached 0MB) CPU [11%@1728,1%@1728,80%@1728,0%@1728,0%@729,0%@729] GR3D_FREQ 39% cpu@58.125C soc2@55.375C soc0@57.125C gpu@58.062C tj@58.125C soc1@57.156C VDD_IN 9149mW/9552mW VDD_CPU_GPU_CV 2403mW/2678mW VDD_SOC 3645mW/3737mW
08-01-2026 20:27:06 RAM 2995/7620MB (lfb 6x4MB) SWAP 0/3810MB (cached 0MB) CPU [1%@1728,79%@1728,9%@1728,0%@1728,0%@729,0%@729] GR3D_FREQ 39% cpu@57.406C soc2@55.312C soc0@57.031C gpu@58C tj@58.218C soc1@57.25C VDD_IN 9068mW/9551mW VDD_CPU_GPU_CV 2323mW/2678mW VDD_SOC 3645mW/3736mW
08-01-2026 20:27:07 RAM 2995/7620MB (lfb 6x4MB) SWAP 0/3810MB (cached 0MB) CPU [75%@1728,14%@1728,0%@1728,0%@1728,0%@729,0%@729] GR3D_FREQ 39% cpu@57.625C soc2@55.406C soc0@57.125C gpu@58.312C tj@58.312C soc1@57C VDD_IN 9109mW/9551mW VDD_CPU_GPU_CV 2403mW/2677mW VDD_SOC 3645mW/3736mW
08-01-2026 20:27:08 RAM 2995/7620MB (lfb 6x4MB) SWAP 0/3810MB (cached 0MB) CPU [87%@1728,0%@1728,0%@1728,0%@1728,0%@729,0%@729] GR3D_FREQ 40% cpu@57.75C soc2@55.437C soc0@57C gpu@58.281C tj@58.281C soc1@57.093C VDD_IN 8988mW/9550mW VDD_CPU_GPU_CV 2363mW/2677mW VDD_SOC 3605mW/3736mW
08-01-2026 20:27:09 RAM 2995/7620MB (lfb 6x4MB) SWAP 0/3810MB (cached 0MB) CPU [90%@1728,0%@1728,1%@1728,0%@1728,0%@729,0%@729] GR3D_FREQ 40% cpu@57.625C soc2@55.406C soc0@57.031C gpu@58.281C tj@58.281C soc1@57.062C VDD_IN 9269mW/9550mW VDD_CPU_GPU_CV 2403mW/2677mW VDD_SOC 3645mW/3736mW
08-01-2026 20:27:10 RAM 2995/7620MB (lfb 6x4MB) SWAP 0/3810MB (cached 0MB) CPU [91%@1728,0%@1728,1%@1728,0%@1728,0%@729,0%@729] GR3D_FREQ 39% cpu@57.75C soc2@55.468C soc0@57.125C gpu@58.312C tj@58.312C soc1@57.218C VDD_IN 9189mW/9549mW VDD_CPU_GPU_CV 2443mW/2676mW VDD_SOC 3645mW/3736mW
08-01-2026 20:27:11 RAM 2995/7620MB (lfb 6x4MB) SWAP 0/3810MB (cached 0MB) CPU [90%@1728,0%@1728,0%@1728,1%@1728,0%@729,0%@729] GR3D_FREQ 39% cpu@57.437C soc2@55.375C soc0@57.093C gpu@57.968C tj@57.968C soc1@57.187C VDD_IN 9189mW/9549mW VDD_CPU_GPU_CV 2403mW/2676mW VDD_SOC 3645mW/3736mW
08-01-2026 20:27:12 RAM 2995/7620MB (lfb 6x4MB) SWAP 0/3810MB (cached 0MB) CPU [90%@1728,0%@1728,0%@1728,0%@1728,0%@729,0%@729] GR3D_FREQ 37% cpu@57.593C soc2@55.406C soc0@57.187C gpu@58C tj@58C soc1@57.062C VDD_IN 9189mW/9548mW VDD_CPU_GPU_CV 2403mW/2676mW VDD_SOC 3645mW/3736mW
08-01-2026 20:27:13 RAM 2995/7620MB (lfb 6x4MB) SWAP 0/3810MB (cached 0MB) CPU [92%@1728,0%@1728,0%@1728,0%@1728,0%@729,0%@729] GR3D_FREQ 37% cpu@57.75C soc2@55.406C soc0@57C gpu@58.062C tj@58.062C soc1@57.125C VDD_IN 9109mW/9548mW VDD_CPU_GPU_CV 2400mW/2675mW VDD_SOC 3685mW/3736mW
08-01-2026 20:27:14 RAM 2995/7620MB (lfb 6x4MB) SWAP 0/3810MB (cached 0MB) CPU [91%@1728,0%@1728,0%@1728,1%@1728,0%@729,0%@729] GR3D_FREQ 39% cpu@57.531C soc2@55.437C soc0@57.062C gpu@58.093C tj@58.093C soc1@57.125C VDD_IN 9109mW/9547mW VDD_CPU_GPU_CV 2400mW/2675mW VDD_SOC 3685mW/3736mW
08-01-2026 20:27:15 RAM 2995/7620MB (lfb 6x4MB) SWAP 0/3810MB (cached 0MB) CPU [91%@1728,0%@1728,0%@1728,0%@1728,0%@729,0%@729] GR3D_FREQ 36% cpu@57.562C soc2@55.468C soc0@57.125C gpu@58.062C tj@58.062C soc1@57.187C VDD_IN 9109mW/9547mW VDD_CPU_GPU_CV 2403mW/2675mW VDD_SOC 3645mW/3735mW
08-01-2026 20:27:16 RAM 2995/7620MB (lfb 6x4MB) SWAP 0/3810MB (cached 0MB) CPU [12%@1728,0%@1728,78%@1728,0%@1728,0%@729,0%@729] GR3D_FREQ 39% cpu@57.875C soc2@55.343C soc0@57.031C gpu@58.062C tj@58.062C soc1@57.031C VDD_IN 9149mW/9546mW VDD_CPU_GPU_CV 2443mW/2674mW VDD_SOC 3645mW/3735mW
08-01-2026 20:27:17 RAM 2995/7620MB (lfb 6x4MB) SWAP 0/3810MB (cached 0MB) CPU [1%@729,0%@729,10%@729,0%@729,0%@1728,80%@1728] GR3D_FREQ 40% cpu@57.406C soc2@55.25C soc0@57.062C gpu@57.812C tj@57.812C soc1@57C VDD_IN 9109mW/9546mW VDD_CPU_GPU_CV 2403mW/2674mW VDD_SOC 3645mW/3735mW
08-01-2026 20:27:18 RAM 2995/7620MB (lfb 6x4MB) SWAP 0/3810MB (cached 0MB) CPU [0%@729,1%@729,0%@729,1%@729,0%@1728,88%@1728] GR3D_FREQ 40% cpu@57.625C soc2@55.281C soc0@57.031C gpu@57.843C tj@57.843C soc1@57.125C VDD_IN 9109mW/9545mW VDD_CPU_GPU_CV 2363mW/2674mW VDD_SOC 3645mW/3735mW
08-01-2026 20:27:19 RAM 2995/7620MB (lfb 6x4MB) SWAP 0/3810MB (cached 0MB) CPU [1%@729,1%@729,0%@729,0%@729,0%@1728,90%@1728] GR3D_FREQ 41% cpu@57.25C soc2@55.312C soc0@57.093C gpu@57.875C tj@57.875C soc1@57.125C VDD_IN 9109mW/9545mW VDD_CPU_GPU_CV 2403mW/2673mW VDD_SOC 3645mW/3735mW
08-01-2026 20:27:20 RAM 2995/7620MB (lfb 6x4MB) SWAP 0/3810MB (cached 0MB) CPU [1%@729,0%@729,0%@729,0%@729,0%@1728,91%@1728] GR3D_FREQ 40% cpu@57.406C soc2@55.343C soc0@57.062C gpu@58.062C tj@58.062C soc1@57.281C VDD_IN 9068mW/9544mW VDD_CPU_GPU_CV 2363mW/2673mW VDD_SOC 3645mW/3735mW
08-01-2026 20:27:21 RAM 2995/7620MB (lfb 6x4MB) SWAP 0/3810MB (cached 0MB) CPU [1%@729,1%@729,0%@729,1%@729,0%@1728,91%@1728] GR3D_FREQ 34% cpu@57.406C soc2@55.25C soc0@57.156C gpu@58.031C tj@58.031C soc1@57C VDD_IN 9028mW/9543mW VDD_CPU_GPU_CV 2323mW/2672mW VDD_SOC 3605mW/3735mW
08-01-2026 20:27:22 RAM 2995/7620MB (lfb 6x4MB) SWAP 0/3810MB (cached 0MB) CPU [1%@729,1%@729,0%@729,0%@729,1%@1728,91%@1728] GR3D_FREQ 72% cpu@57.562C soc2@55.312C soc0@57C gpu@58.312C tj@58.312C soc1@57.062C VDD_IN 9149mW/9543mW VDD_CPU_GPU_CV 2443mW/2672mW VDD_SOC 3645mW/3735mW
08-01-2026 20:27:23 RAM 2995/7620MB (lfb 6x4MB) SWAP 0/3810MB (cached 0MB) CPU [0%@729,1%@729,0%@729,1%@729,3%@1728,85%@1728] GR3D_FREQ 99% cpu@57.437C soc2@55.312C soc0@57.093C gpu@58.406C tj@58.406C soc1@57.125C VDD_IN 9269mW/9543mW VDD_CPU_GPU_CV 2480mW/2672mW VDD_SOC 3685mW/3735mW
08-01-2026 20:27:24 RAM 2995/7620MB (lfb 6x4MB) SWAP 0/3810MB (cached 0MB) CPU [1%@729,1%@729,0%@729,0%@729,0%@1728,88%@1728] GR3D_FREQ 34% cpu@57.343C soc2@55.343C soc0@57.093C gpu@58C tj@58C soc1@57.218C VDD_IN 9028mW/9542mW VDD_CPU_GPU_CV 2323mW/2672mW VDD_SOC 3645mW/3734mW
08-01-2026 20:27:25 RAM 2995/7620MB (lfb 6x4MB) SWAP 0/3810MB (cached 0MB) CPU [1%@729,2%@729,0%@729,0%@729,0%@1728,89%@1728] GR3D_FREQ 98% cpu@57.343C soc2@55.312C soc0@57.156C gpu@58.093C tj@58.093C soc1@57.031C VDD_IN 9189mW/9542mW VDD_CPU_GPU_CV 2443mW/2671mW VDD_SOC 3685mW/3734mW
08-01-2026 20:27:26 RAM 2995/7620MB (lfb 6x4MB) SWAP 0/3810MB (cached 0MB) CPU [0%@729,0%@729,1%@729,0%@729,0%@1728,88%@1728] GR3D_FREQ 99% cpu@57.531C soc2@55.343C soc0@57.031C gpu@58.5C tj@58.5C soc1@57.031C VDD_IN 9510mW/9542mW VDD_CPU_GPU_CV 2600mW/2671mW VDD_SOC 3725mW/3734mW
08-01-2026 20:27:27 RAM 2995/7620MB (lfb 6x4MB) SWAP 0/3810MB (cached 0MB) CPU [2%@729,0%@729,0%@729,0%@729,0%@883,88%@883] GR3D_FREQ 99% cpu@57.531C soc2@55.375C soc0@56.968C gpu@58.687C tj@58.687C soc1@57.156C VDD_IN 9695mW/9542mW VDD_CPU_GPU_CV 2720mW/2671mW VDD_SOC 3806mW/3734mW
08-01-2026 20:27:28 RAM 2995/7620MB (lfb 6x4MB) SWAP 0/3810MB (cached 0MB) CPU [1%@729,0%@729,0%@729,1%@729,0%@1420,88%@1420] GR3D_FREQ 99% cpu@57.312C soc2@55.343C soc0@57.093C gpu@58.812C tj@58.812C soc1@57.187C VDD_IN 9815mW/9542mW VDD_CPU_GPU_CV 2720mW/2671mW VDD_SOC 3846mW/3735mW
08-01-2026 20:27:29 RAM 2995/7620MB (lfb 6x4MB) SWAP 0/3810MB (cached 0MB) CPU [0%@729,0%@729,1%@729,2%@729,0%@1728,90%@1728] GR3D_FREQ 92% cpu@57.5C soc2@55.406C soc0@57.031C gpu@59.031C tj@59.031C soc1@56.968C VDD_IN 10256mW/9543mW VDD_CPU_GPU_CV 3035mW/2672mW VDD_SOC 3960mW/3735mW
08-01-2026 20:27:30 RAM 2995/7620MB (lfb 6x4MB) SWAP 0/3810MB (cached 0MB) CPU [2%@729,0%@729,0%@729,0%@729,0%@1113,88%@1113] GR3D_FREQ 99% cpu@57.75C soc2@55.437C soc0@57.031C gpu@59.125C tj@59.125C soc1@57.062C VDD_IN 10760mW/9544mW VDD_CPU_GPU_CV 3314mW/2672mW VDD_SOC 4040mW/3735mW
08-01-2026 20:27:31 RAM 2995/7620MB (lfb 6x4MB) SWAP 0/3810MB (cached 0MB) CPU [1%@729,0%@729,0%@729,0%@729,0%@883,89%@883] GR3D_FREQ 99% cpu@57.562C soc2@55.437C soc0@57C gpu@59.25C tj@59.25C soc1@57.062C VDD_IN 10920mW/9546mW VDD_CPU_GPU_CV 3394mW/2673mW VDD_SOC 4080mW/3736mW
08-01-2026 20:27:32 RAM 2995/7620MB (lfb 6x4MB) SWAP 0/3810MB (cached 0MB) CPU [1%@729,0%@729,1%@729,1%@729,0%@1651,90%@1651] GR3D_FREQ 61% cpu@57.468C soc2@55.531C soc0@57.093C gpu@59.031C tj@59.031C soc1@57.125C VDD_IN 11440mW/9548mW VDD_CPU_GPU_CV 3867mW/2675mW VDD_SOC 4153mW/3736mW
08-01-2026 20:27:33 RAM 2995/7620MB (lfb 6x4MB) SWAP 0/3810MB (cached 0MB) CPU [1%@729,1%@729,0%@729,0%@729,1%@1651,90%@1651] GR3D_FREQ 30% cpu@57.593C soc2@55.437C soc0@57.062C gpu@58.843C tj@59C soc1@57.031C VDD_IN 11360mW/9550mW VDD_CPU_GPU_CV 3708mW/2676mW VDD_SOC 4153mW/3737mW
08-01-2026 20:27:34 RAM 2995/7620MB (lfb 6x4MB) SWAP 0/3810MB (cached 0MB) CPU [0%@729,1%@729,0%@729,0%@729,0%@1574,90%@1574] GR3D_FREQ 41% cpu@57.75C soc2@55.437C soc0@56.968C gpu@58.937C tj@58.937C soc1@57.093C VDD_IN 11320mW/9552mW VDD_CPU_GPU_CV 3668mW/2677mW VDD_SOC 4153mW/3737mW
08-01-2026 20:27:35 RAM 2995/7620MB (lfb 6x4MB) SWAP 0/3810MB (cached 0MB) CPU [2%@729,1%@729,0%@729,0%@729,0%@1728,91%@1728] GR3D_FREQ 47% cpu@57.625C soc2@55.5C soc0@57.093C gpu@58.937C tj@58.937C soc1@57.062C VDD_IN 11360mW/9555mW VDD_CPU_GPU_CV 3708mW/2678mW VDD_SOC 4153mW/3738mW
08-01-2026 20:27:36 RAM 2995/7620MB (lfb 6x4MB) SWAP 0/3810MB (cached 0MB) CPU [0%@729,0%@729,1%@729,0%@729,0%@1728,90%@1728] GR3D_FREQ 40% cpu@57.406C soc2@55.437C soc0@57C gpu@58.812C tj@58.812C soc1@57.218C VDD_IN 11160mW/9557mW VDD_CPU_GPU_CV 3628mW/2680mW VDD_SOC 4113mW/3738mW
08-01-2026 20:27:37 RAM 2995/7620MB (lfb 6x4MB) SWAP 0/3810MB (cached 0MB) CPU [2%@729,1%@729,0%@729,0%@729,0%@1728,89%@1728] GR3D_FREQ 22% cpu@57.375C soc2@55.343C soc0@57.093C gpu@58.437C tj@58.437C soc1@57.156C VDD_IN 11080mW/9558mW VDD_CPU_GPU_CV 3594mW/2681mW VDD_SOC 4120mW/3739mW
08-01-2026 20:27:38 RAM 2995/7620MB (lfb 6x4MB) SWAP 0/3810MB (cached 0MB) CPU [1%@729,0%@729,0%@729,0%@729,1%@1728,90%@1728] GR3D_FREQ 22% cpu@57.5C soc2@55.343C soc0@57.156C gpu@58.375C tj@58.375C soc1@57.031C VDD_IN 11040mW/9560mW VDD_CPU_GPU_CV 3554mW/2682mW VDD_SOC 4080mW/3739mW
08-01-2026 20:27:39 RAM 2996/7620MB (lfb 6x4MB) SWAP 0/3810MB (cached 0MB) CPU [1%@729,1%@729,0%@729,0%@729,0%@1728,90%@1728] GR3D_FREQ 24% cpu@57.656C soc2@55.375C soc0@56.968C gpu@58.406C tj@58.406C soc1@57.062C VDD_IN 11040mW/9562mW VDD_CPU_GPU_CV 3588mW/2683mW VDD_SOC 4080mW/3739mW
08-01-2026 20:27:40 RAM 2996/7620MB (lfb 6x4MB) SWAP 0/3810MB (cached 0MB) CPU [1%@729,1%@729,0%@729,0%@729,0%@1728,91%@1728] GR3D_FREQ 24% cpu@57.562C soc2@55.531C soc0@57.093C gpu@58.093C tj@58.093C soc1@57.156C VDD_IN 10840mW/9563mW VDD_CPU_GPU_CV 3514mW/2684mW VDD_SOC 4040mW/3740mW
08-01-2026 20:27:41 RAM 2996/7620MB (lfb 6x4MB) SWAP 0/3810MB (cached 0MB) CPU [0%@729,1%@729,0%@729,0%@729,0%@1728,90%@1728] GR3D_FREQ 22% cpu@57.406C soc2@55.375C soc0@57.093C gpu@58.218C tj@58.218C soc1@57.031C VDD_IN 10760mW/9565mW VDD_CPU_GPU_CV 3354mW/2684mW VDD_SOC 4000mW/3740mW
08-01-2026 20:27:42 RAM 2996/7620MB (lfb 6x4MB) SWAP 0/3810MB (cached 0MB) CPU [1%@729,1%@729,0%@729,0%@729,0%@1728,91%@1728] GR3D_FREQ 24% cpu@57.437C soc2@55.375C soc0@57.25C gpu@58.093C tj@58.093C soc1@57.062C VDD_IN 10680mW/9566mW VDD_CPU_GPU_CV 3354mW/2685mW VDD_SOC 3960mW/3740mW
08-01-2026 20:27:43 RAM 2996/7620MB (lfb 6x4MB) SWAP 0/3810MB (cached 0MB) CPU [2%@729,2%@729,0%@729,0%@729,0%@1728,90%@1728] GR3D_FREQ 30% cpu@57.5C soc2@55.406C soc0@57.093C gpu@58.062C tj@58.062C soc1@57.062C VDD_IN 10536mW/9567mW VDD_CPU_GPU_CV 3194mW/2686mW VDD_SOC 3960mW/3741mW
08-01-2026 20:27:44 RAM 2996/7620MB (lfb 6x4MB) SWAP 0/3810MB (cached 0MB) CPU [0%@729,1%@729,0%@729,0%@729,0%@1728,91%@1728] GR3D_FREQ 30% cpu@57.5C soc2@55.468C soc0@57C gpu@58.218C tj@58.218C soc1@57.093C VDD_IN 10536mW/9568mW VDD_CPU_GPU_CV 3274mW/2687mW VDD_SOC 3920mW/3741mW
08-01-2026 20:27:45 RAM 2996/7620MB (lfb 6x4MB) SWAP 0/3810MB (cached 0MB) CPU [1%@729,1%@729,0%@729,0%@729,0%@1728,89%@1728] GR3D_FREQ 30% cpu@57.281C soc2@55.406C soc0@57.125C gpu@58.218C tj@58.218C soc1@57.187C VDD_IN 10336mW/9569mW VDD_CPU_GPU_CV 3115mW/2687mW VDD_SOC 3920mW/3741mW
08-01-2026 20:27:46 RAM 2996/7620MB (lfb 6x4MB) SWAP 0/3810MB (cached 0MB) CPU [1%@729,0%@729,0%@729,0%@729,0%@1728,90%@1728] GR3D_FREQ 30% cpu@57.5C soc2@55.406C soc0@57.125C gpu@58.218C tj@58.218C soc1@57.062C VDD_IN 10376mW/9570mW VDD_CPU_GPU_CV 3194mW/2688mW VDD_SOC 3920mW/3741mW
08-01-2026 20:27:47 RAM 2996/7620MB (lfb 6x4MB) SWAP 0/3810MB (cached 0MB) CPU [0%@729,1%@729,0%@729,0%@729,0%@1728,88%@1728] GR3D_FREQ 30% cpu@57.437C soc2@55.343C soc0@57.031C gpu@58.062C tj@58.062C soc1@57C VDD_IN 10216mW/9571mW VDD_CPU_GPU_CV 3075mW/2688mW VDD_SOC 3920mW/3741mW
08-01-2026 20:27:48 RAM 2996/7620MB (lfb 6x4MB) SWAP 0/3810MB (cached 0MB) CPU [2%@729,0%@729,1%@729,0%@729,0%@1728,91%@1728] GR3D_FREQ 30% cpu@57.5C soc2@55.343C soc0@57.125C gpu@58.031C tj@58.031C soc1@57C VDD_IN 10216mW/9572mW VDD_CPU_GPU_CV 3075mW/2689mW VDD_SOC 3880mW/3742mW
08-01-2026 20:27:49 RAM 2996/7620MB (lfb 6x4MB) SWAP 0/3810MB (cached 0MB) CPU [0%@729,0%@729,0%@729,0%@729,0%@1728,90%@1728] GR3D_FREQ 29% cpu@57.25C soc2@55.406C soc0@57.156C gpu@58.062C tj@58.062C soc1@57.187C VDD_IN 10096mW/9572mW VDD_CPU_GPU_CV 3000mW/2689mW VDD_SOC 3880mW/3742mW
08-01-2026 20:27:50 RAM 2996/7620MB (lfb 6x4MB) SWAP 0/3810MB (cached 0MB) CPU [0%@729,1%@729,0%@729,0%@729,0%@1728,89%@1728] GR3D_FREQ 30% cpu@57.343C soc2@55.312C soc0@57.187C gpu@58.062C tj@58.062C soc1@57C VDD_IN 10096mW/9573mW VDD_CPU_GPU_CV 3035mW/2689mW VDD_SOC 3840mW/3742mW
08-01-2026 20:27:51 RAM 2996/7620MB (lfb 6x4MB) SWAP 0/3810MB (cached 0MB) CPU [1%@729,1%@729,0%@729,1%@729,0%@1728,91%@1728] GR3D_FREQ 29% cpu@57.406C soc2@55.312C soc0@57.156C gpu@58.25C tj@58.25C soc1@57C VDD_IN 10016mW/9573mW VDD_CPU_GPU_CV 2960mW/2690mW VDD_SOC 3840mW/3742mW
08-01-2026 20:27:52 RAM 2996/7620MB (lfb 6x4MB) SWAP 0/3810MB (cached 0MB) CPU [1%@729,1%@729,0%@729,0%@729,0%@1728,90%@1728] GR3D_FREQ 30% cpu@57.531C soc2@55.375C soc0@57.031C gpu@58.218C tj@58.218C soc1@57.218C VDD_IN 9935mW/9574mW VDD_CPU_GPU_CV 2880mW/2690mW VDD_SOC 3806mW/3742mW
08-01-2026 20:27:53 RAM 2996/7620MB (lfb 6x4MB) SWAP 0/3810MB (cached 0MB) CPU [0%@729,1%@729,0%@729,0%@729,0%@1728,91%@1728] GR3D_FREQ 30% cpu@57.25C soc2@55.375C soc0@57.125C gpu@58.25C tj@58.25C soc1@57.125C VDD_IN 9855mW/9574mW VDD_CPU_GPU_CV 2840mW/2690mW VDD_SOC 3806mW/3742mW
08-01-2026 20:27:54 RAM 2996/7620MB (lfb 6x4MB) SWAP 0/3810MB (cached 0MB) CPU [2%@729,1%@729,1%@729,0%@729,0%@1728,89%@1728] GR3D_FREQ 30% cpu@57.375C soc2@55.375C soc0@57.093C gpu@58.218C tj@58.218C soc1@57.062C VDD_IN 9815mW/9574mW VDD_CPU_GPU_CV 2800mW/2690mW VDD_SOC 3806mW/3742mW
08-01-2026 20:27:55 RAM 2996/7620MB (lfb 6x4MB) SWAP 0/3810MB (cached 0MB) CPU [2%@729,0%@729,0%@729,0%@729,0%@1728,89%@1728] GR3D_FREQ 30% cpu@57.343C soc2@55.312C soc0@57.156C gpu@58C tj@58C soc1@57.062C VDD_IN 9775mW/9575mW VDD_CPU_GPU_CV 2840mW/2690mW VDD_SOC 3806mW/3742mW
08-01-2026 20:27:56 RAM 2996/7620MB (lfb 6x4MB) SWAP 0/3810MB (cached 0MB) CPU [2%@729,1%@729,1%@729,0%@729,0%@1728,90%@1728] GR3D_FREQ 29% cpu@57.562C soc2@55.312C soc0@57.031C gpu@58.062C tj@58.062C soc1@57.093C VDD_IN 9735mW/9575mW VDD_CPU_GPU_CV 2760mW/2690mW VDD_SOC 3766mW/3742mW
08-01-2026 20:27:57 RAM 2996/7620MB (lfb 6x4MB) SWAP 0/3810MB (cached 0MB) CPU [1%@729,1%@729,0%@729,0%@729,0%@1728,89%@1728] GR3D_FREQ 30% cpu@57.593C soc2@55.312C soc0@57.093C gpu@57.968C tj@57.968C soc1@57.125C VDD_IN 9695mW/9575mW VDD_CPU_GPU_CV 2760mW/2690mW VDD_SOC 3766mW/3742mW
08-01-2026 20:27:58 RAM 2996/7620MB (lfb 6x4MB) SWAP 0/3810MB (cached 0MB) CPU [1%@729,1%@729,0%@729,0%@729,0%@1728,91%@1728] GR3D_FREQ 28% cpu@57.406C soc2@55.312C soc0@57.125C gpu@58.062C tj@58.25C soc1@57.093C VDD_IN 9695mW/9575mW VDD_CPU_GPU_CV 2760mW/2691mW VDD_SOC 3766mW/3742mW
08-01-2026 20:27:59 RAM 2996/7620MB (lfb 6x4MB) SWAP 0/3810MB (cached 0MB) CPU [0%@729,0%@729,0%@729,0%@729,0%@1728,89%@1728] GR3D_FREQ 29% cpu@57.312C soc2@55.312C soc0@57.156C gpu@58.281C tj@58.281C soc1@57.093C VDD_IN 9575mW/9575mW VDD_CPU_GPU_CV 2680mW/2691mW VDD_SOC 3766mW/3742mW
08-01-2026 20:28:00 RAM 2996/7620MB (lfb 6x4MB) SWAP 0/3810MB (cached 0MB) CPU [1%@729,1%@729,0%@729,0%@729,0%@1728,90%@1728] GR3D_FREQ 30% cpu@57.5C soc2@55.312C soc0@57.062C gpu@58.343C tj@58.343C soc1@57.062C VDD_IN 9615mW/9575mW VDD_CPU_GPU_CV 2680mW/2691mW VDD_SOC 3725mW/3742mW
08-01-2026 20:28:01 RAM 2996/7620MB (lfb 6x4MB) SWAP 0/3810MB (cached 0MB) CPU [1%@729,1%@729,0%@729,0%@729,0%@1728,91%@1728] GR3D_FREQ 30% cpu@57.625C soc2@55.312C soc0@57.031C gpu@58.406C tj@58.406C soc1@57.125C VDD_IN 9535mW/9575mW VDD_CPU_GPU_CV 2680mW/2691mW VDD_SOC 3725mW/3742mW
08-01-2026 20:28:02 RAM 2996/7620MB (lfb 6x4MB) SWAP 0/3810MB (cached 0MB) CPU [0%@729,1%@729,0%@729,0%@729,0%@1728,90%@1728] GR3D_FREQ 37% cpu@57.281C soc2@55.312C soc0@57.093C gpu@58C tj@58C soc1@57.125C VDD_IN 9495mW/9575mW VDD_CPU_GPU_CV 2680mW/2691mW VDD_SOC 3725mW/3742mW
08-01-2026 20:28:03 RAM 2996/7620MB (lfb 6x4MB) SWAP 0/3810MB (cached 0MB) CPU [2%@729,0%@729,0%@729,0%@729,0%@1728,89%@1728] GR3D_FREQ 38% cpu@57.343C soc2@55.312C soc0@57.062C gpu@58C tj@58C soc1@57.093C VDD_IN 9470mW/9575mW VDD_CPU_GPU_CV 2560mW/2690mW VDD_SOC 3725mW/3742mW
08-01-2026 20:28:04 RAM 2996/7620MB (lfb 6x4MB) SWAP 0/3810MB (cached 0MB) CPU [3%@729,2%@729,0%@729,0%@729,0%@1728,91%@1728] GR3D_FREQ 40% cpu@57.468C soc2@55.312C soc0@57.093C gpu@58C tj@58C soc1@57.093C VDD_IN 9455mW/9575mW VDD_CPU_GPU_CV 2600mW/2690mW VDD_SOC 3685mW/3742mW
08-01-2026 20:28:05 RAM 2996/7620MB (lfb 6x4MB) SWAP 0/3810MB (cached 0MB) CPU [0%@729,1%@729,0%@729,0%@729,0%@1728,90%@1728] GR3D_FREQ 39% cpu@57.5C soc2@55.312C soc0@57C gpu@58C tj@58C soc1@57.125C VDD_IN 9349mW/9574mW VDD_CPU_GPU_CV 2520mW/2690mW VDD_SOC 3685mW/3742mW
08-01-2026 20:28:06 RAM 2996/7620MB (lfb 6x4MB) SWAP 0/3810MB (cached 0MB) CPU [1%@729,1%@729,2%@729,1%@729,0%@1728,91%@1728] GR3D_FREQ 39% cpu@57.343C soc2@55.281C soc0@57.156C gpu@57.906C tj@57.906C soc1@57.187C VDD_IN 9309mW/9574mW VDD_CPU_GPU_CV 2520mW/2690mW VDD_SOC 3685mW/3742mW
08-01-2026 20:28:07 RAM 2996/7620MB (lfb 6x4MB) SWAP 0/3810MB (cached 0MB) CPU [1%@729,0%@729,1%@729,1%@729,0%@1728,89%@1728] GR3D_FREQ 40% cpu@57.281C soc2@55.406C soc0@57.156C gpu@57.875C tj@57.875C soc1@57C VDD_IN 9309mW/9574mW VDD_CPU_GPU_CV 2480mW/2690mW VDD_SOC 3685mW/3742mW
08-01-2026 20:28:08 RAM 2996/7620MB (lfb 6x4MB) SWAP 0/3810MB (cached 0MB) CPU [1%@729,0%@729,0%@729,0%@729,1%@1728,91%@1728] GR3D_FREQ 40% cpu@57.406C soc2@55.312C soc0@57.218C gpu@57.906C tj@57.906C soc1@57.062C VDD_IN 9229mW/9573mW VDD_CPU_GPU_CV 2483mW/2689mW VDD_SOC 3685mW/3742mW
08-01-2026 20:28:09 RAM 2996/7620MB (lfb 6x4MB) SWAP 0/3810MB (cached 0MB) CPU [2%@729,1%@729,0%@729,1%@729,0%@1728,89%@1728] GR3D_FREQ 37% cpu@57.5C soc2@55.343C soc0@57.031C gpu@58C tj@58C soc1@57.031C VDD_IN 9189mW/9573mW VDD_CPU_GPU_CV 2440mW/2689mW VDD_SOC 3685mW/3742mW
08-01-2026 20:28:10 RAM 2996/7620MB (lfb 6x4MB) SWAP 0/3810MB (cached 0MB) CPU [1%@729,1%@729,1%@729,0%@729,0%@1728,90%@1728] GR3D_FREQ 37% cpu@57.25C soc2@55.343C soc0@57.031C gpu@58C tj@58C soc1@57.187C VDD_IN 9189mW/9573mW VDD_CPU_GPU_CV 2403mW/2689mW VDD_SOC 3645mW/3742mW
08-01-2026 20:28:11 RAM 2996/7620MB (lfb 6x4MB) SWAP 0/3810MB (cached 0MB) CPU [1%@729,0%@729,0%@729,1%@729,0%@1728,89%@1728] GR3D_FREQ 40% cpu@57.281C soc2@55.312C soc0@57.156C gpu@58.031C tj@58.031C soc1@57.156C VDD_IN 9189mW/9572mW VDD_CPU_GPU_CV 2440mW/2689mW VDD_SOC 3645mW/3742mW
08-01-2026 20:28:12 RAM 2996/7620MB (lfb 6x4MB) SWAP 0/3810MB (cached 0MB) CPU [1%@729,1%@729,1%@729,0%@729,1%@1728,90%@1728] GR3D_FREQ 40% cpu@57.312C soc2@55.281C soc0@57.093C gpu@58.062C tj@58.062C soc1@57.062C VDD_IN 9149mW/9572mW VDD_CPU_GPU_CV 2403mW/2688mW VDD_SOC 3645mW/3742mW
08-01-2026 20:28:13 RAM 2996/7620MB (lfb 6x4MB) SWAP 0/3810MB (cached 0MB) CPU [0%@729,1%@729,0%@729,1%@729,0%@1728,89%@1728] GR3D_FREQ 40% cpu@57.593C soc2@55.25C soc0@57.062C gpu@57.843C tj@57.843C soc1@57.093C VDD_IN 9109mW/9571mW VDD_CPU_GPU_CV 2403mW/2688mW VDD_SOC 3645mW/3741mW
08-01-2026 20:28:14 RAM 2996/7620MB (lfb 6x4MB) SWAP 0/3810MB (cached 0MB) CPU [1%@729,0%@729,0%@729,0%@729,0%@1728,90%@1728] GR3D_FREQ 40% cpu@57.5C soc2@55.312C soc0@57.031C gpu@57.843C tj@57.843C soc1@57.125C VDD_IN 9109mW/9571mW VDD_CPU_GPU_CV 2403mW/2688mW VDD_SOC 3645mW/3741mW
08-01-2026 20:28:15 RAM 2996/7620MB (lfb 6x4MB) SWAP 0/3810MB (cached 0MB) CPU [1%@729,0%@729,0%@729,1%@729,0%@1728,89%@1728] GR3D_FREQ 40% cpu@57.312C soc2@55.343C soc0@57.187C gpu@57.843C tj@57.843C soc1@57.218C VDD_IN 9109mW/9570mW VDD_CPU_GPU_CV 2403mW/2687mW VDD_SOC 3645mW/3741mW
08-01-2026 20:28:16 RAM 2996/7620MB (lfb 6x4MB) SWAP 0/3810MB (cached 0MB) CPU [1%@729,0%@729,0%@729,1%@729,0%@1728,89%@1728] GR3D_FREQ 40% cpu@57.281C soc2@55.281C soc0@57.125C gpu@57.875C tj@57.875C soc1@57.093C VDD_IN 9028mW/9570mW VDD_CPU_GPU_CV 2363mW/2687mW VDD_SOC 3645mW/3741mW
08-01-2026 20:28:17 RAM 2996/7620MB (lfb 6x4MB) SWAP 0/3810MB (cached 0MB) CPU [1%@729,0%@729,0%@729,1%@729,0%@1728,91%@1728] GR3D_FREQ 40% cpu@57.406C soc2@55.187C soc0@57.125C gpu@58.062C tj@58.062C soc1@57C VDD_IN 9068mW/9569mW VDD_CPU_GPU_CV 2363mW/2686mW VDD_SOC 3645mW/3741mW
08-01-2026 20:28:18 RAM 2996/7620MB (lfb 6x4MB) SWAP 0/3810MB (cached 0MB) CPU [0%@729,0%@729,0%@729,1%@729,0%@1728,90%@1728] GR3D_FREQ 40% cpu@57.593C soc2@55.312C soc0@57.125C gpu@58.093C tj@58.093C soc1@57.156C VDD_IN 9028mW/9568mW VDD_CPU_GPU_CV 2323mW/2686mW VDD_SOC 3645mW/3741mW
08-01-2026 20:28:19 RAM 2996/7620MB (lfb 6x4MB) SWAP 0/3810MB (cached 0MB) CPU [1%@729,0%@729,0%@729,1%@729,0%@1728,90%@1728] GR3D_FREQ 40% cpu@57.312C soc2@55.281C soc0@57.093C gpu@58.125C tj@58.125C soc1@57.093C VDD_IN 9028mW/9568mW VDD_CPU_GPU_CV 2323mW/2686mW VDD_SOC 3605mW/3741mW
08-01-2026 20:28:20 RAM 2996/7620MB (lfb 6x4MB) SWAP 0/3810MB (cached 0MB) CPU [1%@729,1%@729,0%@729,0%@729,0%@1728,90%@1728] GR3D_FREQ 53% cpu@57.375C soc2@55.281C soc0@57.062C gpu@58.343C tj@58.343C soc1@57C VDD_IN 9068mW/9567mW VDD_CPU_GPU_CV 2403mW/2685mW VDD_SOC 3645mW/3741mW
08-01-2026 20:28:21 RAM 2996/7620MB (lfb 6x4MB) SWAP 0/3810MB (cached 0MB) CPU [1%@729,0%@729,0%@729,1%@729,0%@1728,90%@1728] GR3D_FREQ 70% cpu@57.593C soc2@55.312C soc0@57.281C gpu@58.125C tj@58.125C soc1@57.093C VDD_IN 9189mW/9567mW VDD_CPU_GPU_CV 2440mW/2685mW VDD_SOC 3685mW/3741mW
08-01-2026 20:28:22 RAM 2996/7620MB (lfb 6x4MB) SWAP 0/3810MB (cached 0MB) CPU [0%@729,1%@729,0%@729,0%@729,0%@1344,88%@1344] GR3D_FREQ 99% cpu@57.437C soc2@55.312C soc0@57.062C gpu@58.156C tj@58.156C soc1@57.125C VDD_IN 9389mW/9567mW VDD_CPU_GPU_CV 2520mW/2685mW VDD_SOC 3725mW/3741mW
08-01-2026 20:28:23 RAM 2996/7620MB (lfb 6x4MB) SWAP 0/3810MB (cached 0MB) CPU [1%@729,1%@729,2%@729,1%@729,0%@1651,88%@1651] GR3D_FREQ 99% cpu@57.625C soc2@55.312C soc0@57.031C gpu@58.406C tj@58.406C soc1@57.062C VDD_IN 9510mW/9566mW VDD_CPU_GPU_CV 2560mW/2685mW VDD_SOC 3766mW/3741mW
08-01-2026 20:28:24 RAM 2996/7620MB (lfb 6x4MB) SWAP 0/3810MB (cached 0MB) CPU [2%@729,0%@729,0%@729,1%@729,0%@883,88%@883] GR3D_FREQ 99% cpu@57.468C soc2@55.312C soc0@57.062C gpu@58.937C tj@58.937C soc1@57.25C VDD_IN 9975mW/9567mW VDD_CPU_GPU_CV 2880mW/2685mW VDD_SOC 3886mW/3741mW
08-01-2026 20:28:25 RAM 2996/7620MB (lfb 6x4MB) SWAP 0/3810MB (cached 0MB) CPU [1%@729,0%@729,1%@729,1%@729,0%@1728,90%@1728] GR3D_FREQ 90% cpu@57.593C soc2@55.406C soc0@57.156C gpu@59C tj@59C soc1@57C VDD_IN 10216mW/9568mW VDD_CPU_GPU_CV 2995mW/2685mW VDD_SOC 3960mW/3741mW
08-01-2026 20:28:26 RAM 2996/7620MB (lfb 6x4MB) SWAP 0/3810MB (cached 0MB) CPU [0%@729,0%@729,0%@729,0%@729,0%@1728,89%@1728] GR3D_FREQ 89% cpu@57.75C soc2@55.343C soc0@57C gpu@59.187C tj@59.187C soc1@57.093C VDD_IN 10376mW/9569mW VDD_CPU_GPU_CV 3035mW/2686mW VDD_SOC 3960mW/3741mW
08-01-2026 20:28:27 RAM 2996/7620MB (lfb 6x4MB) SWAP 0/3810MB (cached 0MB) CPU [1%@729,0%@729,0%@729,1%@729,0%@960,88%@960] GR3D_FREQ 99% cpu@57.625C soc2@55.468C soc0@57.093C gpu@59.375C tj@59.375C soc1@57.125C VDD_IN 11160mW/9570mW VDD_CPU_GPU_CV 3588mW/2687mW VDD_SOC 4113mW/3742mW
08-01-2026 20:28:28 RAM 2996/7620MB (lfb 6x4MB) SWAP 0/3810MB (cached 0MB) CPU [2%@729,1%@729,1%@729,1%@729,0%@1651,91%@1651] GR3D_FREQ 69% cpu@57.625C soc2@55.531C soc0@57C gpu@58.968C tj@58.968C soc1@57.218C VDD_IN 11360mW/9572mW VDD_CPU_GPU_CV 3747mW/2688mW VDD_SOC 4153mW/3742mW
08-01-2026 20:28:29 RAM 2996/7620MB (lfb 6x4MB) SWAP 0/3810MB (cached 0MB) CPU [1%@729,0%@729,0%@729,0%@729,0%@1574,89%@1574] GR3D_FREQ 29% cpu@57.593C soc2@55.406C soc0@57.187C gpu@58.875C tj@58.875C soc1@57.093C VDD_IN 11240mW/9574mW VDD_CPU_GPU_CV 3628mW/2689mW VDD_SOC 4113mW/3742mW
08-01-2026 20:28:30 RAM 2996/7620MB (lfb 6x4MB) SWAP 0/3810MB (cached 0MB) CPU [1%@729,0%@729,0%@729,0%@729,0%@1728,91%@1728] GR3D_FREQ 47% cpu@57.468C soc2@55.5C soc0@57C gpu@59.031C tj@59.031C soc1@57.031C VDD_IN 11480mW/9576mW VDD_CPU_GPU_CV 3747mW/2690mW VDD_SOC 4153mW/3743mW
08-01-2026 20:28:31 RAM 2996/7620MB (lfb 6x4MB) SWAP 0/3810MB (cached 0MB) CPU [1%@729,1%@729,0%@729,0%@729,0%@1728,89%@1728] GR3D_FREQ 46% cpu@57.656C soc2@55.343C soc0@57.031C gpu@58.968C tj@58.968C soc1@57.062C VDD_IN 11320mW/9578mW VDD_CPU_GPU_CV 3588mW/2691mW VDD_SOC 4113mW/3743mW
08-01-2026 20:28:32 RAM 2996/7620MB (lfb 6x4MB) SWAP 0/3810MB (cached 0MB) CPU [1%@729,0%@729,0%@729,1%@729,0%@1728,91%@1728] GR3D_FREQ 22% cpu@57.375C soc2@55.5C soc0@57.156C gpu@58.875C tj@58.875C soc1@57.218C VDD_IN 11200mW/9580mW VDD_CPU_GPU_CV 3668mW/2692mW VDD_SOC 4113mW/3744mW
08-01-2026 20:28:33 RAM 2996/7620MB (lfb 6x4MB) SWAP 0/3810MB (cached 0MB) CPU [1%@729,0%@729,0%@729,0%@729,0%@1728,90%@1728] GR3D_FREQ 24% cpu@57.406C soc2@55.406C soc0@57.187C gpu@58.187C tj@58.187C soc1@57.125C VDD_IN 11080mW/9582mW VDD_CPU_GPU_CV 3554mW/2693mW VDD_SOC 4080mW/3744mW
08-01-2026 20:28:34 RAM 2996/7620MB (lfb 6x4MB) SWAP 0/3810MB (cached 0MB) CPU [1%@729,0%@729,0%@729,0%@729,0%@1728,91%@1728] GR3D_FREQ 24% cpu@57.656C soc2@55.437C soc0@57.281C gpu@58.343C tj@58.343C soc1@57.031C VDD_IN 11000mW/9583mW VDD_CPU_GPU_CV 3514mW/2694mW VDD_SOC 4040mW/3744mW
08-01-2026 20:28:35 RAM 2996/7620MB (lfb 6x4MB) SWAP 0/3810MB (cached 0MB) CPU [1%@729,0%@729,0%@729,1%@729,0%@1728,90%@1728] GR3D_FREQ 24% cpu@57.437C soc2@55.437C soc0@57.093C gpu@58.437C tj@58.437C soc1@57.093C VDD_IN 10800mW/9585mW VDD_CPU_GPU_CV 3434mW/2695mW VDD_SOC 4040mW/3745mW
08-01-2026 20:28:36 RAM 2996/7620MB (lfb 6x4MB) SWAP 0/3810MB (cached 0MB) CPU [1%@729,0%@729,1%@729,0%@729,1%@1728,91%@1728] GR3D_FREQ 24% cpu@57.406C soc2@55.437C soc0@57.062C gpu@58.281C tj@58.281C soc1@57.218C VDD_IN 10720mW/9586mW VDD_CPU_GPU_CV 3394mW/2696mW VDD_SOC 4000mW/3745mW
08-01-2026 20:28:37 RAM 2996/7620MB (lfb 6x4MB) SWAP 0/3810MB (cached 0MB) CPU [1%@729,0%@729,0%@729,0%@729,0%@1728,89%@1728] GR3D_FREQ 24% cpu@57.375C soc2@55.312C soc0@57.125C gpu@58.25C tj@58.25C soc1@57.031C VDD_IN 10640mW/9587mW VDD_CPU_GPU_CV 3274mW/2696mW VDD_SOC 3960mW/3745mW
08-01-2026 20:28:38 RAM 2996/7620MB (lfb 6x4MB) SWAP 0/3810MB (cached 0MB) CPU [1%@729,0%@729,0%@729,1%@729,0%@1728,91%@1728] GR3D_FREQ 26% cpu@57.437C soc2@55.343C soc0@57.031C gpu@58.156C tj@58.156C soc1@57.031C VDD_IN 10536mW/9588mW VDD_CPU_GPU_CV 3274mW/2697mW VDD_SOC 3960mW/3746mW
08-01-2026 20:28:39 RAM 2996/7620MB (lfb 6x4MB) SWAP 0/3810MB (cached 0MB) CPU [1%@729,0%@729,0%@729,0%@729,0%@1728,92%@1728] GR3D_FREQ 29% cpu@57.531C soc2@55.375C soc0@57.093C gpu@58.125C tj@58.125C soc1@57.062C VDD_IN 10416mW/9589mW VDD_CPU_GPU_CV 3234mW/2698mW VDD_SOC 3920mW/3746mW
08-01-2026 20:28:40 RAM 2996/7620MB (lfb 6x4MB) SWAP 0/3810MB (cached 0MB) CPU [1%@729,1%@729,1%@729,1%@729,0%@1728,89%@1728] GR3D_FREQ 29% cpu@57.718C soc2@55.375C soc0@57.062C gpu@58.031C tj@58.031C soc1@57.187C VDD_IN 10256mW/9590mW VDD_CPU_GPU_CV 3115mW/2698mW VDD_SOC 3920mW/3746mW
08-01-2026 20:28:41 RAM 2996/7620MB (lfb 6x4MB) SWAP 0/3810MB (cached 0MB) CPU [0%@729,0%@729,0%@729,0%@729,0%@1728,90%@1728] GR3D_FREQ 30% cpu@57.406C soc2@55.406C soc0@57.187C gpu@58.125C tj@58.25C soc1@57.25C VDD_IN 10256mW/9590mW VDD_CPU_GPU_CV 3075mW/2698mW VDD_SOC 3880mW/3746mW
08-01-2026 20:28:42 RAM 2996/7620MB (lfb 6x4MB) SWAP 0/3810MB (cached 0MB) CPU [2%@729,2%@729,0%@729,1%@729,0%@1728,91%@1728] GR3D_FREQ 28% cpu@57.468C soc2@55.343C soc0@57.281C gpu@58.25C tj@58.25C soc1@57.031C VDD_IN 10176mW/9591mW VDD_CPU_GPU_CV 3035mW/2699mW VDD_SOC 3880mW/3746mW
08-01-2026 20:28:43 RAM 2996/7620MB (lfb 6x4MB) SWAP 0/3810MB (cached 0MB) CPU [1%@729,1%@729,0%@729,0%@729,0%@1728,90%@1728] GR3D_FREQ 30% cpu@57.562C soc2@55.312C soc0@57.125C gpu@58.218C tj@58.218C soc1@57C VDD_IN 10056mW/9592mW VDD_CPU_GPU_CV 2920mW/2699mW VDD_SOC 3840mW/3746mW
08-01-2026 20:28:44 RAM 2996/7620MB (lfb 6x4MB) SWAP 0/3810MB (cached 0MB) CPU [1%@960,0%@960,0%@960,1%@960,0%@1728,89%@1728] GR3D_FREQ 30% cpu@57.5C soc2@55.343C soc0@57.125C gpu@58.281C tj@58.281C soc1@57.093C VDD_IN 10016mW/9592mW VDD_CPU_GPU_CV 2920mW/2699mW VDD_SOC 3840mW/3746mW
08-01-2026 20:28:45 RAM 2996/7620MB (lfb 6x4MB) SWAP 0/3810MB (cached 0MB) CPU [1%@729,1%@729,0%@729,0%@729,0%@1728,89%@1728] GR3D_FREQ 30% cpu@57.406C soc2@55.312C soc0@57.156C gpu@58C tj@58C soc1@57.281C VDD_IN 9975mW/9593mW VDD_CPU_GPU_CV 2880mW/2699mW VDD_SOC 3840mW/3747mW
08-01-2026 20:28:46 RAM 2996/7620MB (lfb 6x4MB) SWAP 0/3810MB (cached 0MB) CPU [1%@729,1%@729,0%@729,0%@729,0%@1728,89%@1728] GR3D_FREQ 30% cpu@57.406C soc2@55.343C soc0@57.187C gpu@58.031C tj@58.031C soc1@57.062C VDD_IN 9935mW/9593mW VDD_CPU_GPU_CV 2920mW/2700mW VDD_SOC 3806mW/3747mW
08-01-2026 20:28:47 RAM 2996/7620MB (lfb 6x4MB) SWAP 0/3810MB (cached 0MB) CPU [2%@729,1%@729,0%@729,0%@729,0%@1728,91%@1728] GR3D_FREQ 28% cpu@57.375C soc2@55.343C soc0@57.093C gpu@58C tj@58C soc1@57.062C VDD_IN 9855mW/9593mW VDD_CPU_GPU_CV 2880mW/2700mW VDD_SOC 3806mW/3747mW
08-01-2026 20:28:48 RAM 2996/7620MB (lfb 6x4MB) SWAP 0/3810MB (cached 0MB) CPU [0%@729,1%@729,0%@729,1%@729,0%@1728,90%@1728] GR3D_FREQ 30% cpu@57.625C soc2@55.343C soc0@57.125C gpu@58.218C tj@58.218C soc1@57.125C VDD_IN 9775mW/9593mW VDD_CPU_GPU_CV 2800mW/2700mW VDD_SOC 3806mW/3747mW
08-01-2026 20:28:49 RAM 2996/7620MB (lfb 6x4MB) SWAP 0/3810MB (cached 0MB) CPU [0%@729,1%@729,0%@729,0%@729,0%@1728,89%@1728] GR3D_FREQ 30% cpu@57.5C soc2@55.343C soc0@57.156C gpu@58.406C tj@58.406C soc1@57.125C VDD_IN 9815mW/9594mW VDD_CPU_GPU_CV 2800mW/2700mW VDD_SOC 3806mW/3747mW
08-01-2026 20:28:50 RAM 2996/7620MB (lfb 6x4MB) SWAP 0/3810MB (cached 0MB) CPU [2%@729,0%@729,0%@729,1%@729,0%@1728,91%@1728] GR3D_FREQ 30% cpu@57.468C soc2@55.343C soc0@57.25C gpu@58.343C tj@58.343C soc1@57.062C VDD_IN 9695mW/9594mW VDD_CPU_GPU_CV 2800mW/2700mW VDD_SOC 3766mW/3747mW
08-01-2026 20:28:51 RAM 2996/7620MB (lfb 6x4MB) SWAP 0/3810MB (cached 0MB) CPU [0%@729,0%@729,0%@729,0%@729,0%@1728,90%@1728] GR3D_FREQ 28% cpu@57.468C soc2@55.343C soc0@57.093C gpu@58.343C tj@58.343C soc1@57.125C VDD_IN 9695mW/9594mW VDD_CPU_GPU_CV 2760mW/2700mW VDD_SOC 3766mW/3747mW
08-01-2026 20:28:52 RAM 2996/7620MB (lfb 6x4MB) SWAP 0/3810MB (cached 0MB) CPU [1%@729,0%@729,0%@729,0%@729,0%@1728,89%@1728] GR3D_FREQ 30% cpu@57.5C soc2@55.437C soc0@57.093C gpu@58.031C tj@58.031C soc1@57.187C VDD_IN 9575mW/9594mW VDD_CPU_GPU_CV 2680mW/2700mW VDD_SOC 3766mW/3747mW
08-01-2026 20:28:53 RAM 2996/7620MB (lfb 6x4MB) SWAP 0/3810MB (cached 0MB) CPU [1%@729,1%@729,0%@729,1%@729,0%@1728,91%@1728] GR3D_FREQ 29% cpu@57.468C soc2@55.437C soc0@57.093C gpu@58.031C tj@58.031C soc1@57.218C VDD_IN 9575mW/9594mW VDD_CPU_GPU_CV 2720mW/2700mW VDD_SOC 3725mW/3747mW
08-01-2026 20:28:54 RAM 2996/7620MB (lfb 6x4MB) SWAP 0/3810MB (cached 0MB) CPU [0%@729,0%@729,0%@729,0%@729,0%@1728,90%@1728] GR3D_FREQ 33% cpu@57.437C soc2@55.312C soc0@57.218C gpu@58C tj@58C soc1@57.25C VDD_IN 9535mW/9594mW VDD_CPU_GPU_CV 2640mW/2700mW VDD_SOC 3725mW/3747mW
08-01-2026 20:28:55 RAM 2996/7620MB (lfb 6x4MB) SWAP 0/3810MB (cached 0MB) CPU [1%@729,0%@729,0%@729,0%@729,0%@1728,91%@1728] GR3D_FREQ 34% cpu@57.531C soc2@55.406C soc0@57.218C gpu@58.281C tj@58.281C soc1@57.062C VDD_IN 9455mW/9594mW VDD_CPU_GPU_CV 2640mW/2700mW VDD_SOC 3725mW/3747mW
08-01-2026 20:28:56 RAM 2996/7620MB (lfb 6x4MB) SWAP 0/3810MB (cached 0MB) CPU [0%@729,0%@729,0%@729,0%@729,0%@1728,90%@1728] GR3D_FREQ 40% cpu@57.562C soc2@55.375C soc0@57.062C gpu@58.312C tj@58.312C soc1@57.187C VDD_IN 9415mW/9593mW VDD_CPU_GPU_CV 2600mW/2700mW VDD_SOC 3725mW/3747mW
08-01-2026 20:28:57 RAM 2996/7620MB (lfb 6x4MB) SWAP 0/3810MB (cached 0MB) CPU [1%@729,0%@729,0%@729,1%@729,0%@1728,91%@1728] GR3D_FREQ 40% cpu@57.25C soc2@55.343C soc0@57.156C gpu@58.375C tj@58.375C soc1@57.218C VDD_IN 9430mW/9593mW VDD_CPU_GPU_CV 2560mW/2700mW VDD_SOC 3725mW/3747mW
08-01-2026 20:28:58 RAM 2996/7620MB (lfb 6x4MB) SWAP 0/3810MB (cached 0MB) CPU [2%@729,0%@729,0%@729,1%@729,0%@1728,89%@1728] GR3D_FREQ 40% cpu@57.437C soc2@55.406C soc0@57.125C gpu@58.375C tj@58.375C soc1@57.218C VDD_IN 9309mW/9593mW VDD_CPU_GPU_CV 2520mW/2700mW VDD_SOC 3685mW/3747mW
08-01-2026 20:28:59 RAM 2996/7620MB (lfb 6x4MB) SWAP 0/3810MB (cached 0MB) CPU [15%@1728,0%@1728,1%@1728,0%@1728,54%@729,21%@729] GR3D_FREQ 36% cpu@57.625C soc2@55.468C soc0@57.187C gpu@58.031C tj@58.031C soc1@57.031C VDD_IN 9309mW/9593mW VDD_CPU_GPU_CV 2480mW/2699mW VDD_SOC 3685mW/3747mW
08-01-2026 20:29:00 RAM 2996/7620MB (lfb 6x4MB) SWAP 0/3810MB (cached 0MB) CPU [81%@729,1%@729,0%@729,0%@729,9%@1728,0%@1728] GR3D_FREQ 40% cpu@57.656C soc2@55.406C soc0@57.125C gpu@58.093C tj@58.093C soc1@57.125C VDD_IN 9309mW/9592mW VDD_CPU_GPU_CV 2443mW/2699mW VDD_SOC 3685mW/3747mW
08-01-2026 20:29:01 RAM 2996/7620MB (lfb 6x4MB) SWAP 0/3810MB (cached 0MB) CPU [0%@729,1%@729,0%@729,0%@729,91%@1728,0%@1728] GR3D_FREQ 37% cpu@57.937C soc2@55.375C soc0@57.093C gpu@58.093C tj@58.093C soc1@57.218C VDD_IN 9309mW/9592mW VDD_CPU_GPU_CV 2520mW/2699mW VDD_SOC 3685mW/3746mW
08-01-2026 20:29:02 RAM 2996/7620MB (lfb 6x4MB) SWAP 0/3810MB (cached 0MB) CPU [0%@729,1%@729,0%@729,0%@729,89%@1728,0%@1728] GR3D_FREQ 40% cpu@57.625C soc2@55.468C soc0@57.125C gpu@58.062C tj@58.062C soc1@57.156C VDD_IN 9309mW/9592mW VDD_CPU_GPU_CV 2480mW/2699mW VDD_SOC 3685mW/3746mW
08-01-2026 20:29:03 RAM 2996/7620MB (lfb 6x4MB) SWAP 0/3810MB (cached 0MB) CPU [87%@1728,1%@1728,0%@1728,0%@1728,4%@729,0%@729] GR3D_FREQ 35% cpu@57.531C soc2@55.406C soc0@57.187C gpu@57.906C tj@57.906C soc1@57.093C VDD_IN 9229mW/9591mW VDD_CPU_GPU_CV 2440mW/2698mW VDD_SOC 3685mW/3746mW
08-01-2026 20:29:04 RAM 2996/7620MB (lfb 6x4MB) SWAP 0/3810MB (cached 0MB) CPU [20%@1728,0%@1728,71%@1728,1%@1728,0%@729,0%@729] GR3D_FREQ 39% cpu@58.093C soc2@55.406C soc0@57.062C gpu@58C tj@58.093C soc1@57.062C VDD_IN 9349mW/9591mW VDD_CPU_GPU_CV 2440mW/2698mW VDD_SOC 3685mW/3746mW
08-01-2026 20:29:05 RAM 2996/7620MB (lfb 6x4MB) SWAP 0/3810MB (cached 0MB) CPU [0%@1728,1%@1728,90%@1728,0%@1728,2%@729,0%@729] GR3D_FREQ 40% cpu@57.875C soc2@55.343C soc0@57.125C gpu@58C tj@58C soc1@57.156C VDD_IN 9309mW/9591mW VDD_CPU_GPU_CV 2480mW/2698mW VDD_SOC 3685mW/3746mW
08-01-2026 20:29:06 RAM 2996/7620MB (lfb 6x4MB) SWAP 0/3810MB (cached 0MB) CPU [73%@1728,0%@1728,17%@1728,0%@1728,0%@729,0%@729] GR3D_FREQ 39% cpu@57.656C soc2@55.468C soc0@57.125C gpu@57.937C tj@57.937C soc1@57.156C VDD_IN 9269mW/9590mW VDD_CPU_GPU_CV 2440mW/2698mW VDD_SOC 3685mW/3746mW
08-01-2026 20:29:07 RAM 2996/7620MB (lfb 6x4MB) SWAP 0/3810MB (cached 0MB) CPU [91%@1728,0%@1728,0%@1728,0%@1728,0%@729,0%@729] GR3D_FREQ 39% cpu@57.593C soc2@55.562C soc0@57.125C gpu@58C tj@58C soc1@57.375C VDD_IN 9189mW/9590mW VDD_CPU_GPU_CV 2443mW/2697mW VDD_SOC 3645mW/3746mW
08-01-2026 20:29:08 RAM 2996/7620MB (lfb 6x4MB) SWAP 0/3810MB (cached 0MB) CPU [90%@1728,0%@1728,0%@1728,1%@1728,0%@729,0%@729] GR3D_FREQ 39% cpu@57.687C soc2@55.562C soc0@57.25C gpu@58.125C tj@58.125C soc1@57.062C VDD_IN 9269mW/9590mW VDD_CPU_GPU_CV 2443mW/2697mW VDD_SOC 3645mW/3746mW
08-01-2026 20:29:09 RAM 2996/7620MB (lfb 6x4MB) SWAP 0/3810MB (cached 0MB) CPU [17%@1728,2%@1728,73%@1728,0%@1728,0%@729,0%@729] GR3D_FREQ 39% cpu@58.156C soc2@55.406C soc0@57.156C gpu@58.218C tj@58.218C soc1@57.125C VDD_IN 9229mW/9589mW VDD_CPU_GPU_CV 2440mW/2697mW VDD_SOC 3645mW/3746mW
08-01-2026 20:29:10 RAM 2996/7620MB (lfb 6x4MB) SWAP 0/3810MB (cached 0MB) CPU [0%@1728,1%@1728,14%@1728,75%@1728,0%@729,0%@729] GR3D_FREQ 37% cpu@58.062C soc2@55.343C soc0@57.156C gpu@58.156C tj@58.156C soc1@57.187C VDD_IN 9229mW/9589mW VDD_CPU_GPU_CV 2443mW/2697mW VDD_SOC 3645mW/3746mW
08-01-2026 20:29:11 RAM 2996/7620MB (lfb 6x4MB) SWAP 0/3810MB (cached 0MB) CPU [1%@1728,78%@1728,0%@1728,15%@1728,0%@729,0%@729] GR3D_FREQ 40% cpu@57.437C soc2@55.5C soc0@57.156C gpu@58.218C tj@58.218C soc1@57.25C VDD_IN 9189mW/9588mW VDD_CPU_GPU_CV 2480mW/2696mW VDD_SOC 3685mW/3746mW
08-01-2026 20:29:12 RAM 2996/7620MB (lfb 6x4MB) SWAP 0/3810MB (cached 0MB) CPU [73%@1728,16%@1728,0%@1728,0%@1728,0%@729,1%@729] GR3D_FREQ 39% cpu@57.687C soc2@55.562C soc0@57.218C gpu@58.156C tj@58.156C soc1@57.281C VDD_IN 9149mW/9588mW VDD_CPU_GPU_CV 2403mW/2696mW VDD_SOC 3605mW/3745mW
08-01-2026 20:29:13 RAM 2996/7620MB (lfb 6x4MB) SWAP 0/3810MB (cached 0MB) CPU [91%@1728,0%@1728,0%@1728,0%@1728,1%@729,0%@729] GR3D_FREQ 40% cpu@57.593C soc2@55.468C soc0@57.281C gpu@58C tj@58C soc1@57.062C VDD_IN 9149mW/9587mW VDD_CPU_GPU_CV 2403mW/2696mW VDD_SOC 3645mW/3745mW
08-01-2026 20:29:14 RAM 2996/7620MB (lfb 6x4MB) SWAP 0/3810MB (cached 0MB) CPU [12%@1728,0%@1728,1%@1728,80%@1728,0%@729,0%@729] GR3D_FREQ 40% cpu@57.781C soc2@55.375C soc0@57.156C gpu@58.031C tj@58.031C soc1@57.125C VDD_IN 9189mW/9587mW VDD_CPU_GPU_CV 2443mW/2695mW VDD_SOC 3645mW/3745mW
08-01-2026 20:29:15 RAM 2996/7620MB (lfb 6x4MB) SWAP 0/3810MB (cached 0MB) CPU [1%@1728,1%@1728,80%@1728,8%@1728,0%@729,1%@729] GR3D_FREQ 40% cpu@58.25C soc2@55.406C soc0@57.156C gpu@58.031C tj@58.25C soc1@57.218C VDD_IN 9109mW/9587mW VDD_CPU_GPU_CV 2403mW/2695mW VDD_SOC 3645mW/3745mW
08-01-2026 20:29:16 RAM 2996/7620MB (lfb 6x4MB) SWAP 0/3810MB (cached 0MB) CPU [1%@1728,0%@1728,8%@1728,82%@1728,0%@729,1%@729] GR3D_FREQ 40% cpu@57.75C soc2@55.406C soc0@57.156C gpu@58C tj@58C soc1@57.281C VDD_IN 9149mW/9586mW VDD_CPU_GPU_CV 2403mW/2695mW VDD_SOC 3645mW/3745mW
08-01-2026 20:29:17 RAM 2996/7620MB (lfb 6x4MB) SWAP 0/3810MB (cached 0MB) CPU [0%@1728,0%@1728,0%@1728,89%@1728,0%@729,0%@729] GR3D_FREQ 37% cpu@57.812C soc2@55.531C soc0@57.281C gpu@58.062C tj@58.062C soc1@57.218C VDD_IN 9149mW/9586mW VDD_CPU_GPU_CV 2403mW/2695mW VDD_SOC 3645mW/3745mW
08-01-2026 20:29:18 RAM 2996/7620MB (lfb 6x4MB) SWAP 0/3810MB (cached 0MB) CPU [86%@1728,0%@1728,0%@1728,6%@1728,0%@729,0%@729] GR3D_FREQ 37% cpu@57.843C soc2@55.5C soc0@57.281C gpu@58.093C tj@58.093C soc1@57.187C VDD_IN 9068mW/9585mW VDD_CPU_GPU_CV 2323mW/2694mW VDD_SOC 3645mW/3745mW
08-01-2026 20:29:19 RAM 2996/7620MB (lfb 6x4MB) SWAP 0/3810MB (cached 0MB) CPU [90%@1728,1%@1728,0%@1728,0%@1728,0%@729,0%@729] GR3D_FREQ 37% cpu@57.75C soc2@55.531C soc0@57.187C gpu@58.343C tj@58.343C soc1@57.187C VDD_IN 9028mW/9585mW VDD_CPU_GPU_CV 2323mW/2694mW VDD_SOC 3651mW/3745mW
08-01-2026 20:29:20 RAM 2996/7620MB (lfb 6x4MB) SWAP 0/3810MB (cached 0MB) CPU [90%@1728,0%@1728,0%@1728,0%@1728,0%@729,1%@729] GR3D_FREQ 37% cpu@57.906C soc2@55.531C soc0@57.281C gpu@58.343C tj@58.343C soc1@57.25C VDD_IN 9109mW/9584mW VDD_CPU_GPU_CV 2323mW/2693mW VDD_SOC 3605mW/3745mW
08-01-2026 20:29:21 RAM 2996/7620MB (lfb 6x4MB) SWAP 0/3810MB (cached 0MB) CPU [7%@1728,0%@1728,0%@1728,84%@1728,1%@729,0%@729] GR3D_FREQ 38% cpu@57.75C soc2@55.468C soc0@57.125C gpu@58.281C tj@58.281C soc1@57.25C VDD_IN 9068mW/9583mW VDD_CPU_GPU_CV 2363mW/2693mW VDD_SOC 3645mW/3745mW
08-01-2026 20:29:22 RAM 2996/7620MB (lfb 6x4MB) SWAP 0/3810MB (cached 0MB) CPU [0%@1728,1%@1728,0%@1728,90%@1728,0%@729,0%@729] GR3D_FREQ 40% cpu@57.812C soc2@55.437C soc0@57.218C gpu@58.406C tj@58.406C soc1@57.125C VDD_IN 9109mW/9583mW VDD_CPU_GPU_CV 2363mW/2693mW VDD_SOC 3605mW/3744mW
08-01-2026 20:29:24 RAM 2996/7620MB (lfb 6x4MB) SWAP 0/3810MB (cached 0MB) CPU [1%@1728,0%@1728,0%@1728,90%@1728,1%@729,0%@729] GR3D_FREQ 40% cpu@57.781C soc2@55.343C soc0@57.218C gpu@58.437C tj@58.437C soc1@57.062C VDD_IN 9068mW/9582mW VDD_CPU_GPU_CV 2363mW/2692mW VDD_SOC 3645mW/3744mW
08-01-2026 20:29:25 RAM 2996/7620MB (lfb 6x4MB) SWAP 0/3810MB (cached 0MB) CPU [1%@1728,1%@1728,0%@1728,89%@1728,1%@729,0%@729] GR3D_FREQ 27% cpu@57.625C soc2@55.437C soc0@57.156C gpu@58.156C tj@58.156C soc1@57.156C VDD_IN 9068mW/9582mW VDD_CPU_GPU_CV 2363mW/2692mW VDD_SOC 3605mW/3744mW
08-01-2026 20:29:26 RAM 2996/7620MB (lfb 6x4MB) SWAP 0/3810MB (cached 0MB) CPU [88%@1728,0%@1728,0%@1728,0%@1728,0%@729,0%@729] GR3D_FREQ 39% cpu@57.906C soc2@55.5C soc0@57.218C gpu@58.062C tj@58.062C soc1@57.281C VDD_IN 8828mW/9581mW VDD_CPU_GPU_CV 2243mW/2692mW VDD_SOC 3611mW/3744mW
08-01-2026 20:29:27 RAM 2996/7620MB (lfb 6x4MB) SWAP 0/3810MB (cached 0MB) CPU [91%@1728,0%@1728,0%@1728,0%@1728,0%@729,0%@729] GR3D_FREQ 40% cpu@57.625C soc2@55.625C soc0@57.25C gpu@58.031C tj@58.031C soc1@57.343C VDD_IN 9068mW/9581mW VDD_CPU_GPU_CV 2323mW/2691mW VDD_SOC 3565mW/3744mW
08-01-2026 20:29:28 RAM 2996/7620MB (lfb 6x4MB) SWAP 0/3810MB (cached 0MB) CPU [8%@1728,0%@1728,83%@1728,0%@1728,1%@729,1%@729] GR3D_FREQ 39% cpu@58.062C soc2@55.343C soc0@57.25C gpu@58.156C tj@58.062C soc1@57.125C VDD_IN 9028mW/9580mW VDD_CPU_GPU_CV 2283mW/2691mW VDD_SOC 3605mW/3744mW
08-01-2026 20:29:29 RAM 2996/7620MB (lfb 6x4MB) SWAP 0/3810MB (cached 0MB) CPU [0%@729,0%@729,0%@729,0%@729,0%@1728,89%@1728] GR3D_FREQ 20% cpu@57.531C soc2@55.343C soc0@57.218C gpu@57.937C tj@57.937C soc1@57.187C VDD_IN 8988mW/9579mW VDD_CPU_GPU_CV 2323mW/2690mW VDD_SOC 3605mW/3743mW
08-01-2026 20:29:30 RAM 2996/7620MB (lfb 6x4MB) SWAP 0/3810MB (cached 0MB) CPU [1%@729,0%@729,1%@729,0%@729,3%@1728,87%@1728] GR3D_FREQ 35% cpu@57.687C soc2@55.468C soc0@57.125C gpu@58.125C tj@58.125C soc1@57.187C VDD_IN 9109mW/9579mW VDD_CPU_GPU_CV 2363mW/2690mW VDD_SOC 3645mW/3743mW
08-01-2026 20:29:31 RAM 2996/7620MB (lfb 6x4MB) SWAP 0/3810MB (cached 0MB) CPU [2%@729,0%@729,0%@729,0%@729,89%@1728,0%@1728] GR3D_FREQ 99% cpu@57.375C soc2@55.5C soc0@57.218C gpu@58.5C tj@58.5C soc1@57.375C VDD_IN 9349mW/9579mW VDD_CPU_GPU_CV 2520mW/2690mW VDD_SOC 3685mW/3743mW
08-01-2026 20:29:32 RAM 2996/7620MB (lfb 6x4MB) SWAP 0/3810MB (cached 0MB) CPU [1%@729,0%@729,0%@729,0%@729,89%@1420,0%@1420] GR3D_FREQ 99% cpu@57.468C soc2@55.468C soc0@57.281C gpu@58.5C tj@58.5C soc1@57.156C VDD_IN 9430mW/9578mW VDD_CPU_GPU_CV 2520mW/2690mW VDD_SOC 3725mW/3743mW
08-01-2026 20:29:33 RAM 2996/7620MB (lfb 6x4MB) SWAP 0/3810MB (cached 0MB) CPU [2%@729,0%@729,0%@729,0%@729,85%@1113,4%@1113] GR3D_FREQ 99% cpu@57.75C soc2@55.406C soc0@57.187C gpu@58.906C tj@58.906C soc1@57.25C VDD_IN 9775mW/9579mW VDD_CPU_GPU_CV 2800mW/2690mW VDD_SOC 3806mW/3743mW
08-01-2026 20:29:34 RAM 2996/7620MB (lfb 6x4MB) SWAP 0/3810MB (cached 0MB) CPU [0%@729,0%@729,0%@729,1%@729,0%@1651,88%@1651] GR3D_FREQ 99% cpu@57.375C soc2@55.468C soc0@57.25C gpu@58.812C tj@58.812C soc1@57.187C VDD_IN 10096mW/9579mW VDD_CPU_GPU_CV 2995mW/2690mW VDD_SOC 3886mW/3744mW
08-01-2026 20:29:35 RAM 2996/7620MB (lfb 6x4MB) SWAP 0/3810MB (cached 0MB) CPU [1%@729,0%@729,0%@729,1%@729,0%@1728,89%@1728] GR3D_FREQ 92% cpu@57.656C soc2@55.531C soc0@57.25C gpu@58.781C tj@58.781C soc1@57.343C VDD_IN 10136mW/9580mW VDD_CPU_GPU_CV 2955mW/2690mW VDD_SOC 3920mW/3744mW
08-01-2026 20:29:36 RAM 2996/7620MB (lfb 6x4MB) SWAP 0/3810MB (cached 0MB) CPU [1%@729,1%@729,0%@729,0%@729,0%@1728,89%@1728] GR3D_FREQ 92% cpu@57.781C soc2@55.531C soc0@57.25C gpu@58.906C tj@58.906C soc1@57.093C VDD_IN 10376mW/9581mW VDD_CPU_GPU_CV 3075mW/2691mW VDD_SOC 3960mW/3744mW
08-01-2026 20:29:37 RAM 2996/7620MB (lfb 6x4MB) SWAP 0/3810MB (cached 0MB) CPU [1%@729,0%@729,1%@729,1%@729,5%@960,82%@960] GR3D_FREQ 99% cpu@57.781C soc2@55.5C soc0@57.218C gpu@59.5C tj@59.5C soc1@57.156C VDD_IN 11080mW/9582mW VDD_CPU_GPU_CV 3628mW/2692mW VDD_SOC 4113mW/3744mW
08-01-2026 20:29:38 RAM 2996/7620MB (lfb 6x4MB) SWAP 0/3810MB (cached 0MB) CPU [4%@1651,1%@1651,0%@1651,0%@1651,86%@1728,0%@1728] GR3D_FREQ 82% cpu@57.781C soc2@55.625C soc0@57.156C gpu@59.25C tj@59.25C soc1@57.187C VDD_IN 11240mW/9584mW VDD_CPU_GPU_CV 3668mW/2693mW VDD_SOC 4153mW/3745mW
08-01-2026 20:29:39 RAM 2996/7620MB (lfb 6x4MB) SWAP 0/3810MB (cached 0MB) CPU [1%@1574,82%@1574,1%@1574,7%@1574,0%@729,0%@729] GR3D_FREQ 99% cpu@57.593C soc2@55.593C soc0@57.218C gpu@59.375C tj@59.375C soc1@57.218C VDD_IN 11240mW/9586mW VDD_CPU_GPU_CV 3628mW/2694mW VDD_SOC 4153mW/3745mW
08-01-2026 20:29:40 RAM 2996/7620MB (lfb 6x4MB) SWAP 0/3810MB (cached 0MB) CPU [6%@1651,0%@1651,0%@1651,86%@1651,0%@729,0%@729] GR3D_FREQ 63% cpu@57.656C soc2@55.531C soc0@57.312C gpu@59.25C tj@59.25C soc1@57.312C VDD_IN 11200mW/9587mW VDD_CPU_GPU_CV 3628mW/2695mW VDD_SOC 4120mW/3746mW
08-01-2026 20:29:41 RAM 2996/7620MB (lfb 6x4MB) SWAP 0/3810MB (cached 0MB) CPU [72%@729,0%@729,0%@729,1%@729,19%@1574,0%@1574] GR3D_FREQ 99% cpu@57.625C soc2@55.531C soc0@57.312C gpu@59.375C tj@59.375C soc1@57.156C VDD_IN 11160mW/9589mW VDD_CPU_GPU_CV 3588mW/2696mW VDD_SOC 4160mW/3746mW
08-01-2026 20:29:42 RAM 2996/7620MB (lfb 6x4MB) SWAP 0/3810MB (cached 0MB) CPU [1%@729,1%@729,1%@729,1%@729,90%@1574,0%@1574] GR3D_FREQ 47% cpu@57.718C soc2@55.468C soc0@57.093C gpu@58.968C tj@58.968C soc1@57.156C VDD_IN 11200mW/9591mW VDD_CPU_GPU_CV 3628mW/2697mW VDD_SOC 4120mW/3746mW
08-01-2026 20:29:43 RAM 2996/7620MB (lfb 6x4MB) SWAP 0/3810MB (cached 0MB) CPU [1%@729,0%@729,0%@729,0%@729,90%@1574,0%@1574] GR3D_FREQ 28% cpu@57.75C soc2@55.531C soc0@57.156C gpu@58.781C tj@58.781C soc1@57.125C VDD_IN 11240mW/9592mW VDD_CPU_GPU_CV 3708mW/2698mW VDD_SOC 4113mW/3747mW
08-01-2026 20:29:44 RAM 2996/7620MB (lfb 6x4MB) SWAP 0/3810MB (cached 0MB) CPU [2%@729,0%@729,1%@729,0%@729,79%@1574,11%@1574] GR3D_FREQ 31% cpu@57.5C soc2@55.5C soc0@57.218C gpu@58.781C tj@58.781C soc1@57.125C VDD_IN 11200mW/9594mW VDD_CPU_GPU_CV 3668mW/2699mW VDD_SOC 4113mW/3747mW
08-01-2026 20:29:45 RAM 2996/7620MB (lfb 6x4MB) SWAP 0/3810MB (cached 0MB) CPU [1%@729,1%@729,0%@729,0%@729,0%@1574,89%@1574] GR3D_FREQ 41% cpu@57.593C soc2@55.468C soc0@57.375C gpu@58.781C tj@58.968C soc1@57.093C VDD_IN 11240mW/9596mW VDD_CPU_GPU_CV 3628mW/2700mW VDD_SOC 4113mW/3747mW
08-01-2026 20:29:46 RAM 2996/7620MB (lfb 6x4MB) SWAP 0/3810MB (cached 0MB) CPU [1%@729,1%@729,0%@729,1%@729,14%@1728,77%@1728] GR3D_FREQ 45% cpu@57.968C soc2@55.562C soc0@57.125C gpu@59.031C tj@59.031C soc1@57.281C VDD_IN 11320mW/9597mW VDD_CPU_GPU_CV 3827mW/2701mW VDD_SOC 4113mW/3748mW
08-01-2026 20:29:47 RAM 2996/7620MB (lfb 6x4MB) SWAP 0/3810MB (cached 0MB) CPU [0%@729,1%@729,1%@729,0%@729,91%@1728,0%@1728] GR3D_FREQ 38% cpu@57.75C soc2@55.531C soc0@57.281C gpu@58.875C tj@58.875C soc1@57.218C VDD_IN 11200mW/9599mW VDD_CPU_GPU_CV 3594mW/2702mW VDD_SOC 4113mW/3748mW
08-01-2026 20:29:48 RAM 2996/7620MB (lfb 6x4MB) SWAP 0/3810MB (cached 0MB) CPU [1%@729,0%@729,1%@729,0%@729,89%@1728,0%@1728] GR3D_FREQ 40% cpu@57.687C soc2@55.5C soc0@57.281C gpu@58.875C tj@58.875C soc1@57.281C VDD_IN 11080mW/9601mW VDD_CPU_GPU_CV 3548mW/2702mW VDD_SOC 4120mW/3749mW
08-01-2026 20:29:49 RAM 2996/7620MB (lfb 6x4MB) SWAP 0/3810MB (cached 0MB) CPU [1%@729,1%@729,0%@729,1%@729,90%@1728,0%@1728] GR3D_FREQ 23% cpu@57.687C soc2@55.5C soc0@57.281C gpu@58.531C tj@58.531C soc1@57.156C VDD_IN 11040mW/9602mW VDD_CPU_GPU_CV 3508mW/2703mW VDD_SOC 4080mW/3749mW
08-01-2026 20:29:50 RAM 2996/7620MB (lfb 6x4MB) SWAP 0/3810MB (cached 0MB) CPU [1%@729,0%@729,0%@729,0%@729,71%@1728,18%@1728] GR3D_FREQ 23% cpu@57.75C soc2@55.468C soc0@57.187C gpu@58.468C tj@58.468C soc1@57.062C VDD_IN 11000mW/9603mW VDD_CPU_GPU_CV 3474mW/2704mW VDD_SOC 4080mW/3749mW
08-01-2026 20:29:51 RAM 2996/7620MB (lfb 6x4MB) SWAP 0/3810MB (cached 0MB) CPU [1%@729,0%@729,0%@729,0%@729,0%@1728,90%@1728] GR3D_FREQ 24% cpu@57.75C soc2@55.531C soc0@57.281C gpu@58.437C tj@58.437C soc1@57.156C VDD_IN 10960mW/9605mW VDD_CPU_GPU_CV 3434mW/2705mW VDD_SOC 4040mW/3750mW
08-01-2026 20:29:52 RAM 2996/7620MB (lfb 6x4MB) SWAP 0/3810MB (cached 0MB) CPU [1%@729,0%@729,0%@729,0%@729,22%@1728,68%@1728] GR3D_FREQ 22% cpu@57.75C soc2@55.468C soc0@57.187C gpu@58.375C tj@58.375C soc1@57.312C VDD_IN 10880mW/9606mW VDD_CPU_GPU_CV 3474mW/2706mW VDD_SOC 4040mW/3750mW
08-01-2026 20:29:53 RAM 2996/7620MB (lfb 6x4MB) SWAP 0/3810MB (cached 0MB) CPU [1%@729,0%@729,0%@729,0%@729,92%@1728,0%@1728] GR3D_FREQ 24% cpu@57.875C soc2@55.437C soc0@57.343C gpu@58.718C tj@58.718C soc1@57.156C VDD_IN 10720mW/9607mW VDD_CPU_GPU_CV 3394mW/2706mW VDD_SOC 4000mW/3750mW
08-01-2026 20:29:54 RAM 2996/7620MB (lfb 6x4MB) SWAP 0/3810MB (cached 0MB) CPU [1%@729,0%@729,0%@729,1%@729,90%@1728,0%@1728] GR3D_FREQ 28% cpu@58C soc2@55.437C soc0@57.25C gpu@58.218C tj@58.218C soc1@57.156C VDD_IN 10616mW/9608mW VDD_CPU_GPU_CV 3234mW/2707mW VDD_SOC 3960mW/3750mW
08-01-2026 20:29:55 RAM 2996/7620MB (lfb 6x4MB) SWAP 0/3810MB (cached 0MB) CPU [1%@729,0%@729,0%@729,1%@729,90%@1728,0%@1728] GR3D_FREQ 29% cpu@57.812C soc2@55.437C soc0@57.187C gpu@58.25C tj@58.25C soc1@57.25C VDD_IN 10496mW/9609mW VDD_CPU_GPU_CV 3234mW/2707mW VDD_SOC 3960mW/3751mW
08-01-2026 20:29:56 RAM 2996/7620MB (lfb 6x4MB) SWAP 0/3810MB (cached 0MB) CPU [1%@729,0%@729,0%@729,1%@729,60%@1728,29%@1728] GR3D_FREQ 30% cpu@57.718C soc2@55.468C soc0@57.312C gpu@58.25C tj@58.281C soc1@57.281C VDD_IN 10576mW/9610mW VDD_CPU_GPU_CV 3234mW/2708mW VDD_SOC 3960mW/3751mW
08-01-2026 20:29:57 RAM 2996/7620MB (lfb 6x4MB) SWAP 0/3810MB (cached 0MB) CPU [0%@729,0%@729,1%@729,0%@729,0%@1728,90%@1728] GR3D_FREQ 29% cpu@57.5C soc2@55.562C soc0@57.281C gpu@58.406C tj@58.406C soc1@57.093C VDD_IN 10496mW/9611mW VDD_CPU_GPU_CV 3274mW/2708mW VDD_SOC 3960mW/3751mW
08-01-2026 20:29:58 RAM 2996/7620MB (lfb 6x4MB) SWAP 0/3810MB (cached 0MB) CPU [2%@729,0%@729,1%@729,1%@729,0%@1728,91%@1728] GR3D_FREQ 30% cpu@57.656C soc2@55.406C soc0@57.343C gpu@58.406C tj@58.406C soc1@57.156C VDD_IN 10376mW/9612mW VDD_CPU_GPU_CV 3194mW/2709mW VDD_SOC 3920mW/3751mW
08-01-2026 20:29:59 RAM 2996/7620MB (lfb 6x4MB) SWAP 0/3810MB (cached 0MB) CPU [1%@729,0%@729,0%@729,1%@729,35%@1728,55%@1728] GR3D_FREQ 30% cpu@57.875C soc2@55.437C soc0@57.25C gpu@58.437C tj@58.437C soc1@57.218C VDD_IN 10336mW/9613mW VDD_CPU_GPU_CV 3115mW/2709mW VDD_SOC 3920mW/3751mW
08-01-2026 20:30:00 RAM 2996/7620MB (lfb 6x4MB) SWAP 0/3810MB (cached 0MB) CPU [0%@729,0%@729,0%@729,1%@729,91%@1728,0%@1728] GR3D_FREQ 30% cpu@57.75C soc2@55.562C soc0@57.156C gpu@58.093C tj@58.093C soc1@57.218C VDD_IN 10216mW/9613mW VDD_CPU_GPU_CV 3035mW/2710mW VDD_SOC 3880mW/3751mW
08-01-2026 20:30:01 RAM 2996/7620MB (lfb 6x4MB) SWAP 0/3810MB (cached 0MB) CPU [33%@1728,0%@1728,0%@1728,1%@1728,57%@729,0%@729] GR3D_FREQ 28% cpu@57.75C soc2@55.656C soc0@57.281C gpu@58.125C tj@58.125C soc1@57.312C VDD_IN 10096mW/9614mW VDD_CPU_GPU_CV 2955mW/2710mW VDD_SOC 3880mW/3752mW
08-01-2026 20:30:02 RAM 2996/7620MB (lfb 6x4MB) SWAP 0/3810MB (cached 0MB) CPU [46%@729,2%@729,0%@729,0%@729,44%@1728,0%@1728] GR3D_FREQ 29% cpu@57.937C soc2@55.406C soc0@57.218C gpu@58.187C tj@58.187C soc1@57.187C VDD_IN 10136mW/9614mW VDD_CPU_GPU_CV 3000mW/2710mW VDD_SOC 3880mW/3752mW
08-01-2026 20:30:03 RAM 2996/7620MB (lfb 6x4MB) SWAP 0/3810MB (cached 0MB) CPU [1%@729,1%@729,0%@729,1%@729,90%@1728,0%@1728] GR3D_FREQ 28% cpu@57.843C soc2@55.437C soc0@57.218C gpu@58.218C tj@58.218C soc1@57.187C VDD_IN 10096mW/9615mW VDD_CPU_GPU_CV 3000mW/2711mW VDD_SOC 3840mW/3752mW
08-01-2026 20:30:04 RAM 2996/7620MB (lfb 6x4MB) SWAP 0/3810MB (cached 0MB) CPU [1%@729,1%@729,0%@729,0%@729,90%@1728,0%@1728] GR3D_FREQ 28% cpu@57.968C soc2@55.468C soc0@57.156C gpu@58.343C tj@58.343C soc1@57.156C VDD_IN 10056mW/9615mW VDD_CPU_GPU_CV 2960mW/2711mW VDD_SOC 3840mW/3752mW
08-01-2026 20:30:05 RAM 2996/7620MB (lfb 6x4MB) SWAP 0/3810MB (cached 0MB) CPU [1%@729,1%@729,1%@729,0%@729,90%@1728,0%@1728] GR3D_FREQ 30% cpu@57.718C soc2@55.5C soc0@57.187C gpu@58.375C tj@58.375C soc1@57.25C VDD_IN 10016mW/9616mW VDD_CPU_GPU_CV 2960mW/2711mW VDD_SOC 3846mW/3752mW
08-01-2026 20:30:06 RAM 2996/7620MB (lfb 6x4MB) SWAP 0/3810MB (cached 0MB) CPU [1%@729,1%@729,0%@729,0%@729,92%@1728,0%@1728] GR3D_FREQ 30% cpu@57.687C soc2@55.406C soc0@57.281C gpu@58.437C tj@58.437C soc1@57.062C VDD_IN 10016mW/9616mW VDD_CPU_GPU_CV 2960mW/2711mW VDD_SOC 3846mW/3752mW
08-01-2026 20:30:07 RAM 2996/7620MB (lfb 6x4MB) SWAP 0/3810MB (cached 0MB) CPU [1%@729,1%@729,0%@729,0%@729,90%@1728,0%@1728] GR3D_FREQ 30% cpu@57.875C soc2@55.437C soc0@57.281C gpu@58.406C tj@58.406C soc1@57.187C VDD_IN 9895mW/9616mW VDD_CPU_GPU_CV 2840mW/2711mW VDD_SOC 3806mW/3752mW
08-01-2026 20:30:08 RAM 2996/7620MB (lfb 6x4MB) SWAP 0/3810MB (cached 0MB) CPU [0%@729,0%@729,0%@729,0%@729,90%@1728,0%@1728] GR3D_FREQ 28% cpu@57.75C soc2@55.437C soc0@57.156C gpu@58.093C tj@58.093C soc1@57.187C VDD_IN 9815mW/9616mW VDD_CPU_GPU_CV 2800mW/2712mW VDD_SOC 3806mW/3752mW
08-01-2026 20:30:09 RAM 2996/7620MB (lfb 6x4MB) SWAP 0/3810MB (cached 0MB) CPU [1%@729,0%@729,0%@729,0%@729,89%@1728,0%@1728] GR3D_FREQ 30% cpu@57.75C soc2@55.5C soc0@57.218C gpu@58.093C tj@58.093C soc1@57.218C VDD_IN 9775mW/9617mW VDD_CPU_GPU_CV 2800mW/2712mW VDD_SOC 3806mW/3752mW
08-01-2026 20:30:10 RAM 2996/7620MB (lfb 6x4MB) SWAP 0/3810MB (cached 0MB) CPU [2%@729,0%@729,0%@729,0%@729,90%@1728,1%@1728] GR3D_FREQ 30% cpu@57.687C soc2@55.531C soc0@57.187C gpu@58.125C tj@58.125C soc1@57.093C VDD_IN 9775mW/9617mW VDD_CPU_GPU_CV 2800mW/2712mW VDD_SOC 3806mW/3752mW
08-01-2026 20:30:11 RAM 2996/7620MB (lfb 6x4MB) SWAP 0/3810MB (cached 0MB) CPU [47%@1728,0%@1728,0%@1728,1%@1728,43%@729,0%@729] GR3D_FREQ 30% cpu@57.843C soc2@55.625C soc0@57.281C gpu@58.125C tj@58.125C soc1@57.187C VDD_IN 9735mW/9617mW VDD_CPU_GPU_CV 2720mW/2712mW VDD_SOC 3806mW/3752mW
08-01-2026 20:30:12 RAM 2996/7620MB (lfb 6x4MB) SWAP 0/3810MB (cached 0MB) CPU [41%@1728,46%@1728,0%@1728,0%@1728,0%@729,0%@729] GR3D_FREQ 29% cpu@57.656C soc2@55.468C soc0@57.125C gpu@58.468C tj@58.468C soc1@57.125C VDD_IN 9655mW/9617mW VDD_CPU_GPU_CV 2640mW/2712mW VDD_SOC 3766mW/3752mW
08-01-2026 20:30:13 RAM 2996/7620MB (lfb 6x4MB) SWAP 0/3810MB (cached 0MB) CPU [1%@1728,91%@1728,0%@1728,0%@1728,0%@729,1%@729] GR3D_FREQ 30% cpu@57.875C soc2@55.5C soc0@57.093C gpu@58.406C tj@58.406C soc1@57.187C VDD_IN 9775mW/9617mW VDD_CPU_GPU_CV 2800mW/2712mW VDD_SOC 3806mW/3752mW
08-01-2026 20:30:14 RAM 2996/7620MB (lfb 6x4MB) SWAP 0/3810MB (cached 0MB) CPU [1%@1728,91%@1728,0%@1728,0%@1728,0%@729,0%@729] GR3D_FREQ 30% cpu@57.625C soc2@55.562C soc0@57.156C gpu@58.468C tj@58.468C soc1@57.343C VDD_IN 9775mW/9617mW VDD_CPU_GPU_CV 2800mW/2712mW VDD_SOC 3766mW/3752mW
08-01-2026 20:30:15 RAM 2996/7620MB (lfb 6x4MB) SWAP 0/3810MB (cached 0MB) CPU [50%@1728,42%@1728,0%@1728,0%@1728,1%@729,0%@729] GR3D_FREQ 29% cpu@57.75C soc2@55.656C soc0@57.218C gpu@58.5C tj@58.5C soc1@57.093C VDD_IN 9535mW/9617mW VDD_CPU_GPU_CV 2760mW/2712mW VDD_SOC 3806mW/3753mW
08-01-2026 20:30:16 RAM 2996/7620MB (lfb 6x4MB) SWAP 0/3810MB (cached 0MB) CPU [2%@729,1%@729,0%@729,1%@729,36%@1728,53%@1728] GR3D_FREQ 30% cpu@57.406C soc2@55.343C soc0@57.312C gpu@58.437C tj@58.437C soc1@57.156C VDD_IN 9655mW/9617mW VDD_CPU_GPU_CV 2720mW/2712mW VDD_SOC 3766mW/3753mW
08-01-2026 20:30:17 RAM 2996/7620MB (lfb 6x4MB) SWAP 0/3810MB (cached 0MB) CPU [0%@729,0%@729,0%@729,0%@729,0%@1728,89%@1728] GR3D_FREQ 28% cpu@57.656C soc2@55.406C soc0@57.187C gpu@58.062C tj@58.062C soc1@57.218C VDD_IN 9615mW/9617mW VDD_CPU_GPU_CV 2680mW/2712mW VDD_SOC 3766mW/3753mW
08-01-2026 20:30:18 RAM 2996/7620MB (lfb 6x4MB) SWAP 0/3810MB (cached 0MB) CPU [1%@729,0%@729,1%@729,1%@729,57%@1728,34%@1728] GR3D_FREQ 30% cpu@58.156C soc2@55.468C soc0@57.187C gpu@58.156C tj@58.156C soc1@57.187C VDD_IN 9575mW/9617mW VDD_CPU_GPU_CV 2720mW/2712mW VDD_SOC 3766mW/3753mW
08-01-2026 20:30:19 RAM 2996/7620MB (lfb 6x4MB) SWAP 0/3810MB (cached 0MB) CPU [0%@729,0%@729,0%@729,2%@729,90%@1728,0%@1728] GR3D_FREQ 38% cpu@57.812C soc2@55.468C soc0@57.093C gpu@58.187C tj@58.187C soc1@57.312C VDD_IN 9575mW/9617mW VDD_CPU_GPU_CV 2680mW/2712mW VDD_SOC 3725mW/3753mW
08-01-2026 20:30:20 RAM 2996/7620MB (lfb 6x4MB) SWAP 0/3810MB (cached 0MB) CPU [2%@729,0%@729,1%@729,0%@729,90%@1728,0%@1728] GR3D_FREQ 39% cpu@57.843C soc2@55.437C soc0@57.25C gpu@58.093C tj@58.093C soc1@57.125C VDD_IN 9495mW/9617mW VDD_CPU_GPU_CV 2640mW/2712mW VDD_SOC 3725mW/3752mW
08-01-2026 20:30:21 RAM 2996/7620MB (lfb 6x4MB) SWAP 0/3810MB (cached 0MB) CPU [1%@729,0%@729,0%@729,1%@729,89%@1728,0%@1728] GR3D_FREQ 37% cpu@57.968C soc2@55.406C soc0@57.156C gpu@57.937C tj@57.968C soc1@57.093C VDD_IN 9470mW/9617mW VDD_CPU_GPU_CV 2600mW/2712mW VDD_SOC 3725mW/3752mW
08-01-2026 20:30:22 RAM 2996/7620MB (lfb 6x4MB) SWAP 0/3810MB (cached 0MB) CPU [1%@729,0%@729,0%@729,1%@729,90%@1728,0%@1728] GR3D_FREQ 37% cpu@57.656C soc2@55.437C soc0@57.125C gpu@58C tj@58C soc1@57.125C VDD_IN 9430mW/9617mW VDD_CPU_GPU_CV 2560mW/2711mW VDD_SOC 3725mW/3752mW
08-01-2026 20:30:23 RAM 2996/7620MB (lfb 6x4MB) SWAP 0/3810MB (cached 0MB) CPU [1%@729,0%@729,0%@729,0%@729,90%@1728,0%@1728] GR3D_FREQ 40% cpu@57.968C soc2@55.437C soc0@57.218C gpu@58C tj@58C soc1@57.406C VDD_IN 9430mW/9616mW VDD_CPU_GPU_CV 2560mW/2711mW VDD_SOC 3725mW/3752mW
08-01-2026 20:30:24 RAM 2996/7620MB (lfb 6x4MB) SWAP 0/3810MB (cached 0MB) CPU [1%@729,0%@729,0%@729,0%@729,91%@1728,0%@1728] GR3D_FREQ 40% cpu@57.843C soc2@55.343C soc0@57.187C gpu@58C tj@58C soc1@57.156C VDD_IN 9389mW/9616mW VDD_CPU_GPU_CV 2560mW/2711mW VDD_SOC 3685mW/3752mW
08-01-2026 20:30:25 RAM 2996/7620MB (lfb 6x4MB) SWAP 0/3810MB (cached 0MB) CPU [3%@729,0%@729,0%@729,0%@729,90%@1728,0%@1728] GR3D_FREQ 38% cpu@57.75C soc2@55.406C soc0@57.281C gpu@58.125C tj@58.125C soc1@57.125C VDD_IN 9309mW/9616mW VDD_CPU_GPU_CV 2480mW/2711mW VDD_SOC 3685mW/3752mW
08-01-2026 20:30:26 RAM 2996/7620MB (lfb 6x4MB) SWAP 0/3810MB (cached 0MB) CPU [1%@729,0%@729,0%@729,0%@729,90%@1728,0%@1728] GR3D_FREQ 38% cpu@57.906C soc2@55.406C soc0@57.187C gpu@58.187C tj@58.187C soc1@57.187C VDD_IN 9309mW/9616mW VDD_CPU_GPU_CV 2480mW/2711mW VDD_SOC 3685mW/3752mW
08-01-2026 20:30:27 RAM 2996/7620MB (lfb 6x4MB) SWAP 0/3810MB (cached 0MB) CPU [1%@729,0%@729,0%@729,0%@729,90%@1728,0%@1728] GR3D_FREQ 40% cpu@57.718C soc2@55.468C soc0@57.218C gpu@58.125C tj@58.125C soc1@57.281C VDD_IN 9269mW/9615mW VDD_CPU_GPU_CV 2480mW/2711mW VDD_SOC 3685mW/3752mW
08-01-2026 20:30:28 RAM 2996/7620MB (lfb 6x4MB) SWAP 0/3810MB (cached 0MB) CPU [2%@729,1%@729,0%@729,0%@729,91%@1728,0%@1728] GR3D_FREQ 39% cpu@57.75C soc2@55.437C soc0@57.125C gpu@58.062C tj@58.031C soc1@57.281C VDD_IN 9309mW/9615mW VDD_CPU_GPU_CV 2480mW/2710mW VDD_SOC 3685mW/3752mW
08-01-2026 20:30:29 RAM 2996/7620MB (lfb 6x4MB) SWAP 0/3810MB (cached 0MB) CPU [0%@729,1%@729,0%@729,0%@729,90%@1728,0%@1728] GR3D_FREQ 37% cpu@57.781C soc2@55.375C soc0@57.25C gpu@58C tj@58C soc1@57.156C VDD_IN 9189mW/9615mW VDD_CPU_GPU_CV 2440mW/2710mW VDD_SOC 3645mW/3752mW
08-01-2026 20:30:30 RAM 2996/7620MB (lfb 6x4MB) SWAP 0/3810MB (cached 0MB) CPU [2%@729,1%@729,1%@729,0%@729,13%@1728,77%@1728] GR3D_FREQ 39% cpu@57.625C soc2@55.406C soc0@57.125C gpu@58C tj@58C soc1@57.187C VDD_IN 9189mW/9614mW VDD_CPU_GPU_CV 2440mW/2710mW VDD_SOC 3645mW/3752mW
08-01-2026 20:30:31 RAM 2996/7620MB (lfb 6x4MB) SWAP 0/3810MB (cached 0MB) CPU [1%@729,0%@729,0%@729,0%@729,0%@1728,90%@1728] GR3D_FREQ 40% cpu@57.5C soc2@55.343C soc0@57.156C gpu@57.968C tj@57.968C soc1@57.281C VDD_IN 9149mW/9614mW VDD_CPU_GPU_CV 2443mW/2709mW VDD_SOC 3645mW/3752mW
08-01-2026 20:30:32 RAM 2996/7620MB (lfb 6x4MB) SWAP 0/3810MB (cached 0MB) CPU [0%@729,1%@729,0%@729,0%@729,0%@1728,89%@1728] GR3D_FREQ 40% cpu@57.468C soc2@55.468C soc0@57.156C gpu@58.25C tj@58.25C soc1@57.406C VDD_IN 9149mW/9613mW VDD_CPU_GPU_CV 2403mW/2709mW VDD_SOC 3645mW/3752mW
08-01-2026 20:30:33 RAM 2996/7620MB (lfb 6x4MB) SWAP 0/3810MB (cached 0MB) CPU [2%@729,0%@729,0%@729,0%@729,0%@1728,90%@1728] GR3D_FREQ 39% cpu@57.468C soc2@55.343C soc0@57.218C gpu@58.25C tj@58.25C soc1@57.125C VDD_IN 9109mW/9613mW VDD_CPU_GPU_CV 2443mW/2709mW VDD_SOC 3645mW/3752mW
08-01-2026 20:30:34 RAM 2996/7620MB (lfb 6x4MB) SWAP 0/3810MB (cached 0MB) CPU [1%@729,0%@729,0%@729,0%@729,0%@1728,90%@1728] GR3D_FREQ 39% cpu@57.531C soc2@55.312C soc0@57.281C gpu@58.343C tj@58.343C soc1@57.156C VDD_IN 9109mW/9612mW VDD_CPU_GPU_CV 2363mW/2709mW VDD_SOC 3645mW/3751mW
08-01-2026 20:30:35 RAM 2996/7620MB (lfb 6x4MB) SWAP 0/3810MB (cached 0MB) CPU [1%@729,0%@729,0%@729,0%@729,0%@1728,89%@1728] GR3D_FREQ 37% cpu@57.625C soc2@55.437C soc0@57.187C gpu@58.25C tj@58.25C soc1@57.187C VDD_IN 9068mW/9612mW VDD_CPU_GPU_CV 2363mW/2708mW VDD_SOC 3645mW/3751mW
08-01-2026 20:30:36 RAM 2997/7620MB (lfb 6x4MB) SWAP 0/3810MB (cached 0MB) CPU [2%@729,0%@729,0%@729,1%@729,0%@1728,91%@1728] GR3D_FREQ 40% cpu@57.406C soc2@55.406C soc0@57.125C gpu@58C tj@58C soc1@57.25C VDD_IN 9109mW/9611mW VDD_CPU_GPU_CV 2363mW/2708mW VDD_SOC 3645mW/3751mW
08-01-2026 20:30:37 RAM 2997/7620MB (lfb 6x4MB) SWAP 0/3810MB (cached 0MB) CPU [1%@1728,88%@1728,0%@1728,0%@1728,0%@729,2%@729] GR3D_FREQ 40% cpu@57.562C soc2@55.437C soc0@57.187C gpu@58C tj@58C soc1@57.218C VDD_IN 9028mW/9611mW VDD_CPU_GPU_CV 2323mW/2708mW VDD_SOC 3645mW/3751mW
08-01-2026 20:30:38 RAM 2997/7620MB (lfb 6x4MB) SWAP 0/3810MB (cached 0MB) CPU [50%@729,4%@729,0%@729,0%@729,37%@1728,0%@1728] GR3D_FREQ 39% cpu@57.593C soc2@55.375C soc0@57.281C gpu@58C tj@58C soc1@57.156C VDD_IN 8988mW/9610mW VDD_CPU_GPU_CV 2283mW/2707mW VDD_SOC 3605mW/3751mW
08-01-2026 20:30:39 RAM 2997/7620MB (lfb 6x4MB) SWAP 0/3810MB (cached 0MB) CPU [1%@729,1%@729,1%@729,1%@729,1%@1728,88%@1728] GR3D_FREQ 40% cpu@57.718C soc2@55.437C soc0@57.218C gpu@58.062C tj@58.25C soc1@57.281C VDD_IN 9028mW/9609mW VDD_CPU_GPU_CV 2323mW/2707mW VDD_SOC 3605mW/3751mW
08-01-2026 20:30:40 RAM 2997/7620MB (lfb 6x4MB) SWAP 0/3810MB (cached 0MB) CPU [1%@729,1%@729,0%@729,1%@729,1%@1728,87%@1728] GR3D_FREQ 40% cpu@57.406C soc2@55.375C soc0@57.093C gpu@58.25C tj@58.25C soc1@57.312C VDD_IN 8988mW/9609mW VDD_CPU_GPU_CV 2323mW/2706mW VDD_SOC 3605mW/3751mW
08-01-2026 20:30:41 RAM 2997/7620MB (lfb 6x4MB) SWAP 0/3810MB (cached 0MB) CPU [1%@729,0%@729,0%@729,0%@729,90%@1728,0%@1728] GR3D_FREQ 79% cpu@57.625C soc2@55.343C soc0@57.125C gpu@58.531C tj@58.531C soc1@57.25C VDD_IN 9189mW/9608mW VDD_CPU_GPU_CV 2403mW/2706mW VDD_SOC 3645mW/3751mW
08-01-2026 20:30:42 RAM 2997/7620MB (lfb 6x4MB) SWAP 0/3810MB (cached 0MB) CPU [1%@729,1%@729,0%@729,0%@729,89%@1728,0%@1728] GR3D_FREQ 92% cpu@57.437C soc2@55.375C soc0@57.281C gpu@58.718C tj@58.718C soc1@57.156C VDD_IN 9269mW/9608mW VDD_CPU_GPU_CV 2480mW/2706mW VDD_SOC 3685mW/3751mW
08-01-2026 20:30:43 RAM 2997/7620MB (lfb 6x4MB) SWAP 0/3810MB (cached 0MB) CPU [88%@1728,0%@1728,0%@1728,0%@1728,2%@729,0%@729] GR3D_FREQ 78% cpu@57.75C soc2@55.5C soc0@57.281C gpu@58.281C tj@58.281C soc1@57.156C VDD_IN 9028mW/9608mW VDD_CPU_GPU_CV 2363mW/2706mW VDD_SOC 3645mW/3750mW
08-01-2026 20:30:44 RAM 2997/7620MB (lfb 6x4MB) SWAP 0/3810MB (cached 0MB) CPU [55%@729,0%@729,0%@729,1%@729,36%@1728,0%@1728] GR3D_FREQ 99% cpu@57.625C soc2@55.5C soc0@57.187C gpu@58.375C tj@58.375C soc1@57.25C VDD_IN 9189mW/9607mW VDD_CPU_GPU_CV 2443mW/2705mW VDD_SOC 3645mW/3750mW
08-01-2026 20:30:45 RAM 2997/7620MB (lfb 6x4MB) SWAP 0/3810MB (cached 0MB) CPU [1%@729,0%@729,0%@729,0%@729,89%@1728,0%@1728] GR3D_FREQ 99% cpu@57.375C soc2@55.531C soc0@57.125C gpu@58.718C tj@58.718C soc1@57.281C VDD_IN 9495mW/9607mW VDD_CPU_GPU_CV 2640mW/2705mW VDD_SOC 3766mW/3750mW
08-01-2026 20:30:46 RAM 2997/7620MB (lfb 6x4MB) SWAP 0/3810MB (cached 0MB) CPU [2%@729,0%@729,0%@729,0%@729,88%@960,0%@960] GR3D_FREQ 99% cpu@57.625C soc2@55.531C soc0@57.281C gpu@59.062C tj@59.062C soc1@57.156C VDD_IN 9735mW/9607mW VDD_CPU_GPU_CV 2720mW/2705mW VDD_SOC 3806mW/3750mW
08-01-2026 20:30:47 RAM 2997/7620MB (lfb 6x4MB) SWAP 0/3810MB (cached 0MB) CPU [1%@729,0%@729,0%@729,0%@729,85%@729,3%@729] GR3D_FREQ 99% cpu@57.687C soc2@55.468C soc0@57.156C gpu@58.625C tj@58.625C soc1@57.125C VDD_IN 9815mW/9607mW VDD_CPU_GPU_CV 2760mW/2705mW VDD_SOC 3846mW/3751mW
08-01-2026 20:30:48 RAM 2997/7620MB (lfb 6x4MB) SWAP 0/3810MB (cached 0MB) CPU [2%@729,1%@729,0%@729,0%@729,0%@1728,90%@1728] GR3D_FREQ 95% cpu@57.625C soc2@55.468C soc0@57.093C gpu@58.75C tj@58.75C soc1@57.187C VDD_IN 10136mW/9608mW VDD_CPU_GPU_CV 2960mW/2706mW VDD_SOC 3920mW/3751mW
08-01-2026 20:30:49 RAM 2997/7620MB (lfb 6x4MB) SWAP 0/3810MB (cached 0MB) CPU [2%@729,0%@729,1%@729,1%@729,0%@1113,89%@1113] GR3D_FREQ 90% cpu@57.781C soc2@55.593C soc0@57.187C gpu@59.187C tj@59.187C soc1@57.281C VDD_IN 10800mW/9609mW VDD_CPU_GPU_CV 3434mW/2706mW VDD_SOC 4080mW/3751mW
08-01-2026 20:30:50 RAM 2997/7620MB (lfb 6x4MB) SWAP 0/3810MB (cached 0MB) CPU [0%@729,0%@729,0%@729,1%@729,7%@1651,83%@1651] GR3D_FREQ 99% cpu@57.687C soc2@55.593C soc0@57.218C gpu@59.25C tj@59.25C soc1@57.218C VDD_IN 11400mW/9611mW VDD_CPU_GPU_CV 3747mW/2707mW VDD_SOC 4153mW/3751mW
08-01-2026 20:30:51 RAM 2997/7620MB (lfb 6x4MB) SWAP 0/3810MB (cached 0MB) CPU [1%@729,0%@729,0%@729,0%@729,90%@1574,0%@1574] GR3D_FREQ 93% cpu@57.687C soc2@55.468C soc0@57.312C gpu@59.062C tj@59.062C soc1@57.218C VDD_IN 11280mW/9612mW VDD_CPU_GPU_CV 3668mW/2708mW VDD_SOC 4153mW/3752mW
08-01-2026 20:30:52 RAM 2997/7620MB (lfb 6x4MB) SWAP 0/3810MB (cached 0MB) CPU [1%@729,0%@729,0%@729,0%@729,90%@1574,0%@1574] GR3D_FREQ 29% cpu@57.781C soc2@55.625C soc0@57.125C gpu@59.031C tj@59.031C soc1@57.093C VDD_IN 11280mW/9614mW VDD_CPU_GPU_CV 3628mW/2709mW VDD_SOC 4113mW/3752mW
08-01-2026 20:30:53 RAM 2997/7620MB (lfb 6x4MB) SWAP 0/3810MB (cached 0MB) CPU [2%@729,0%@729,0%@729,0%@729,92%@1651,0%@1651] GR3D_FREQ 45% cpu@57.625C soc2@55.562C soc0@57.156C gpu@58.843C tj@58.718C soc1@57.187C VDD_IN 11320mW/9616mW VDD_CPU_GPU_CV 3668mW/2710mW VDD_SOC 4153mW/3752mW
08-01-2026 20:30:54 RAM 2997/7620MB (lfb 6x4MB) SWAP 0/3810MB (cached 0MB) CPU [3%@729,0%@729,0%@729,0%@729,89%@1728,0%@1728] GR3D_FREQ 44% cpu@57.875C soc2@55.5C soc0@57.25C gpu@58.593C tj@58.593C soc1@57.156C VDD_IN 11280mW/9617mW VDD_CPU_GPU_CV 3628mW/2711mW VDD_SOC 4153mW/3753mW
08-01-2026 20:30:55 RAM 2997/7620MB (lfb 6x4MB) SWAP 0/3810MB (cached 0MB) CPU [1%@729,0%@729,0%@729,0%@729,91%@1728,0%@1728] GR3D_FREQ 32% cpu@57.968C soc2@55.468C soc0@57.343C gpu@58.5C tj@58.5C soc1@57.187C VDD_IN 11240mW/9619mW VDD_CPU_GPU_CV 3668mW/2712mW VDD_SOC 4113mW/3753mW
08-01-2026 20:30:56 RAM 2996/7620MB (lfb 6x4MB) SWAP 0/3810MB (cached 0MB) CPU [1%@729,1%@729,0%@729,0%@729,90%@1728,0%@1728] GR3D_FREQ 25% cpu@57.875C soc2@55.5C soc0@57.156C gpu@58.656C tj@58.656C soc1@57.187C VDD_IN 11120mW/9620mW VDD_CPU_GPU_CV 3548mW/2713mW VDD_SOC 4120mW/3754mW
08-01-2026 20:30:57 RAM 2996/7620MB (lfb 6x4MB) SWAP 0/3810MB (cached 0MB) CPU [1%@729,0%@729,0%@729,0%@729,90%@1728,0%@1728] GR3D_FREQ 24% cpu@57.781C soc2@55.531C soc0@57.281C gpu@58.562C tj@58.562C soc1@57.218C VDD_IN 10920mW/9621mW VDD_CPU_GPU_CV 3508mW/2713mW VDD_SOC 4080mW/3754mW
08-01-2026 20:30:58 RAM 2997/7620MB (lfb 6x4MB) SWAP 0/3810MB (cached 0MB) CPU [2%@729,0%@729,0%@729,0%@729,89%@1728,0%@1728] GR3D_FREQ 24% cpu@57.812C soc2@55.468C soc0@57.218C gpu@58.531C tj@58.531C soc1@57.093C VDD_IN 10960mW/9623mW VDD_CPU_GPU_CV 3474mW/2714mW VDD_SOC 4080mW/3754mW
08-01-2026 20:30:59 RAM 2997/7620MB (lfb 6x4MB) SWAP 0/3810MB (cached 0MB) CPU [1%@729,0%@729,0%@729,0%@729,90%@1728,0%@1728] GR3D_FREQ 24% cpu@57.812C soc2@55.468C soc0@57.156C gpu@58.406C tj@58.406C soc1@57.093C VDD_IN 10880mW/9624mW VDD_CPU_GPU_CV 3434mW/2715mW VDD_SOC 4080mW/3755mW
08-01-2026 20:31:00 RAM 2997/7620MB (lfb 6x4MB) SWAP 0/3810MB (cached 0MB) CPU [1%@729,1%@729,0%@729,0%@729,90%@1728,1%@1728] GR3D_FREQ 24% cpu@58.031C soc2@55.593C soc0@57.187C gpu@58.406C tj@58.406C soc1@57.218C VDD_IN 10840mW/9625mW VDD_CPU_GPU_CV 3394mW/2715mW VDD_SOC 4040mW/3755mW
08-01-2026 20:31:01 RAM 2997/7620MB (lfb 6x4MB) SWAP 0/3810MB (cached 0MB) CPU [0%@1728,1%@1728,23%@1728,0%@1728,67%@729,0%@729] GR3D_FREQ 24% cpu@58.031C soc2@55.625C soc0@57.125C gpu@58.5C tj@58.5C soc1@57.25C VDD_IN 10760mW/9626mW VDD_CPU_GPU_CV 3434mW/2716mW VDD_SOC 4040mW/3755mW
08-01-2026 20:31:02 RAM 2997/7620MB (lfb 6x4MB) SWAP 0/3810MB (cached 0MB) CPU [0%@1728,0%@1728,90%@1728,0%@1728,0%@729,0%@729] GR3D_FREQ 22% cpu@58.156C soc2@55.5C soc0@57.281C gpu@58.562C tj@58.562C soc1@57.093C VDD_IN 10800mW/9627mW VDD_CPU_GPU_CV 3354mW/2717mW VDD_SOC 4040mW/3755mW
08-01-2026 20:31:03 RAM 2997/7620MB (lfb 6x4MB) SWAP 0/3810MB (cached 0MB) CPU [1%@1728,0%@1728,91%@1728,0%@1728,0%@729,1%@729] GR3D_FREQ 24% cpu@58.25C soc2@55.656C soc0@57.281C gpu@58.562C tj@58.562C soc1@57.187C VDD_IN 10760mW/9628mW VDD_CPU_GPU_CV 3394mW/2717mW VDD_SOC 4000mW/3756mW
08-01-2026 20:31:04 RAM 2997/7620MB (lfb 6x4MB) SWAP 0/3810MB (cached 0MB) CPU [2%@1728,0%@1728,90%@1728,1%@1728,0%@729,0%@729] GR3D_FREQ 29% cpu@58.5C soc2@55.625C soc0@57.156C gpu@58.375C tj@58.5C soc1@57.25C VDD_IN 10600mW/9629mW VDD_CPU_GPU_CV 3314mW/2718mW VDD_SOC 4000mW/3756mW
08-01-2026 20:31:05 RAM 2997/7620MB (lfb 6x4MB) SWAP 0/3810MB (cached 0MB) CPU [29%@1728,0%@1728,61%@1728,0%@1728,0%@729,0%@729] GR3D_FREQ 30% cpu@57.75C soc2@55.656C soc0@57.312C gpu@58.312C tj@58.312C soc1@57.343C VDD_IN 10496mW/9630mW VDD_CPU_GPU_CV 3194mW/2718mW VDD_SOC 3960mW/3756mW
08-01-2026 20:31:06 RAM 2997/7620MB (lfb 6x4MB) SWAP 0/3810MB (cached 0MB) CPU [91%@1728,0%@1728,0%@1728,0%@1728,0%@729,0%@729] GR3D_FREQ 30% cpu@57.812C soc2@55.562C soc0@57.281C gpu@58.343C tj@58.343C soc1@57.187C VDD_IN 10480mW/9631mW VDD_CPU_GPU_CV 3234mW/2719mW VDD_SOC 3960mW/3756mW
08-01-2026 20:31:07 RAM 2997/7620MB (lfb 6x4MB) SWAP 0/3810MB (cached 0MB) CPU [90%@1728,0%@1728,0%@1728,0%@1728,0%@729,0%@729] GR3D_FREQ 30% cpu@57.875C soc2@55.656C soc0@57.218C gpu@58.5C tj@58.5C soc1@57.312C VDD_IN 10496mW/9632mW VDD_CPU_GPU_CV 3194mW/2719mW VDD_SOC 3960mW/3756mW
08-01-2026 20:31:08 RAM 2997/7620MB (lfb 6x4MB) SWAP 0/3810MB (cached 0MB) CPU [90%@1728,0%@1728,0%@1728,0%@1728,0%@729,1%@729] GR3D_FREQ 30% cpu@57.687C soc2@55.656C soc0@57.187C gpu@58.531C tj@58.531C soc1@57.187C VDD_IN 10416mW/9632mW VDD_CPU_GPU_CV 3194mW/2720mW VDD_SOC 3960mW/3757mW
08-01-2026 20:31:09 RAM 2997/7620MB (lfb 6x4MB) SWAP 0/3810MB (cached 0MB) CPU [61%@1728,1%@1728,30%@1728,0%@1728,1%@729,0%@729] GR3D_FREQ 30% cpu@58.218C soc2@55.625C soc0@57.218C gpu@58.656C tj@58.656C soc1@57.218C VDD_IN 10416mW/9633mW VDD_CPU_GPU_CV 3234mW/2720mW VDD_SOC 3960mW/3757mW
08-01-2026 20:31:10 RAM 2997/7620MB (lfb 6x4MB) SWAP 0/3810MB (cached 0MB) CPU [0%@1728,1%@1728,89%@1728,0%@1728,0%@729,0%@729] GR3D_FREQ 30% cpu@58.156C soc2@55.5C soc0@57.281C gpu@58.281C tj@58.343C soc1@57.156C VDD_IN 10376mW/9634mW VDD_CPU_GPU_CV 3154mW/2721mW VDD_SOC 3960mW/3757mW
08-01-2026 20:31:11 RAM 2997/7620MB (lfb 6x4MB) SWAP 0/3810MB (cached 0MB) CPU [0%@1728,1%@1728,90%@1728,0%@1728,0%@729,0%@729] GR3D_FREQ 28% cpu@58.218C soc2@55.593C soc0@57.156C gpu@58.312C tj@58.312C soc1@57.125C VDD_IN 10376mW/9635mW VDD_CPU_GPU_CV 3194mW/2721mW VDD_SOC 3920mW/3757mW
08-01-2026 20:31:12 RAM 2997/7620MB (lfb 6x4MB) SWAP 0/3810MB (cached 0MB) CPU [1%@1728,0%@1728,89%@1728,0%@1728,0%@729,0%@729] GR3D_FREQ 30% cpu@58.343C soc2@55.593C soc0@57.25C gpu@58.281C tj@58.343C soc1@57.156C VDD_IN 10376mW/9635mW VDD_CPU_GPU_CV 3154mW/2721mW VDD_SOC 3920mW/3757mW
08-01-2026 20:31:13 RAM 2997/7620MB (lfb 6x4MB) SWAP 0/3810MB (cached 0MB) CPU [1%@1728,0%@1728,90%@1728,0%@1728,1%@729,1%@729] GR3D_FREQ 30% cpu@58.125C soc2@55.593C soc0@57.218C gpu@58.375C tj@58.375C soc1@57.468C VDD_IN 10296mW/9636mW VDD_CPU_GPU_CV 3115mW/2722mW VDD_SOC 3880mW/3757mW
08-01-2026 20:31:14 RAM 2997/7620MB (lfb 6x4MB) SWAP 0/3810MB (cached 0MB) CPU [0%@1728,0%@1728,90%@1728,0%@1728,0%@729,0%@729] GR3D_FREQ 30% cpu@58.156C soc2@55.468C soc0@57.281C gpu@58.593C tj@58.593C soc1@57.343C VDD_IN 10216mW/9636mW VDD_CPU_GPU_CV 3035mW/2722mW VDD_SOC 3880mW/3757mW
08-01-2026 20:31:15 RAM 2997/7620MB (lfb 6x4MB) SWAP 0/3810MB (cached 0MB) CPU [32%@1728,4%@1728,53%@1728,0%@1728,0%@729,0%@729] GR3D_FREQ 28% cpu@57.843C soc2@55.625C soc0@57.156C gpu@58.687C tj@58.687C soc1@57.187C VDD_IN 9975mW/9637mW VDD_CPU_GPU_CV 2840mW/2722mW VDD_SOC 3880mW/3758mW
08-01-2026 20:31:16 RAM 2997/7620MB (lfb 6x4MB) SWAP 0/3810MB (cached 0MB) CPU [56%@1728,35%@1728,0%@1728,1%@1728,0%@729,1%@729] GR3D_FREQ 30% cpu@57.75C soc2@55.531C soc0@57.281C gpu@58.156C tj@58.156C soc1@57.156C VDD_IN 10216mW/9637mW VDD_CPU_GPU_CV 3115mW/2723mW VDD_SOC 3920mW/3758mW
08-01-2026 20:31:17 RAM 2997/7620MB (lfb 6x4MB) SWAP 0/3810MB (cached 0MB) CPU [1%@1728,87%@1728,0%@1728,0%@1728,0%@729,1%@729] GR3D_FREQ 28% cpu@57.656C soc2@55.593C soc0@57.281C gpu@58.25C tj@58.25C soc1@57.312C VDD_IN 10016mW/9638mW VDD_CPU_GPU_CV 2840mW/2723mW VDD_SOC 3880mW/3758mW
08-01-2026 20:31:18 RAM 2997/7620MB (lfb 6x4MB) SWAP 0/3810MB (cached 0MB) CPU [2%@1728,60%@1728,30%@1728,1%@1728,0%@729,0%@729] GR3D_FREQ 30% cpu@58.218C soc2@55.593C soc0@57.281C gpu@58.437C tj@58.437C soc1@57.187C VDD_IN 10296mW/9638mW VDD_CPU_GPU_CV 3075mW/2723mW VDD_SOC 3920mW/3758mW
08-01-2026 20:31:19 RAM 2997/7620MB (lfb 6x4MB) SWAP 0/3810MB (cached 0MB) CPU [0%@1728,0%@1728,90%@1728,0%@1728,0%@729,0%@729] GR3D_FREQ 30% cpu@58.5C soc2@55.5C soc0@57.25C gpu@58.25C tj@58.5C soc1@57.093C VDD_IN 10336mW/9639mW VDD_CPU_GPU_CV 3075mW/2723mW VDD_SOC 3920mW/3758mW
08-01-2026 20:31:20 RAM 2997/7620MB (lfb 6x4MB) SWAP 0/3810MB (cached 0MB) CPU [1%@1728,0%@1728,90%@1728,0%@1728,0%@729,0%@729] GR3D_FREQ 29% cpu@58.281C soc2@55.531C soc0@57.218C gpu@58.156C tj@58.156C soc1@57.25C VDD_IN 10256mW/9640mW VDD_CPU_GPU_CV 3115mW/2724mW VDD_SOC 3920mW/3758mW
08-01-2026 20:31:21 RAM 2997/7620MB (lfb 6x4MB) SWAP 0/3810MB (cached 0MB) CPU [1%@1728,0%@1728,90%@1728,0%@1728,0%@729,0%@729] GR3D_FREQ 30% cpu@58.156C soc2@55.593C soc0@57.281C gpu@58.218C tj@58.218C soc1@57.375C VDD_IN 10256mW/9640mW VDD_CPU_GPU_CV 3040mW/2724mW VDD_SOC 3880mW/3758mW
08-01-2026 20:31:22 RAM 2997/7620MB (lfb 6x4MB) SWAP 0/3810MB (cached 0MB) CPU [1%@1728,0%@1728,89%@1728,0%@1728,0%@729,0%@729] GR3D_FREQ 30% cpu@58.218C soc2@55.593C soc0@57.312C gpu@58.406C tj@58.406C soc1@57.218C VDD_IN 10176mW/9641mW VDD_CPU_GPU_CV 3035mW/2724mW VDD_SOC 3880mW/3759mW
08-01-2026 20:31:23 RAM 2997/7620MB (lfb 6x4MB) SWAP 0/3810MB (cached 0MB) CPU [0%@1728,0%@1728,90%@1728,1%@1728,0%@729,0%@729] GR3D_FREQ 27% cpu@58.281C soc2@55.593C soc0@57.312C gpu@58.437C tj@58.437C soc1@57.156C VDD_IN 10136mW/9641mW VDD_CPU_GPU_CV 3040mW/2725mW VDD_SOC 3880mW/3759mW
08-01-2026 20:31:24 RAM 2997/7620MB (lfb 6x4MB) SWAP 0/3810MB (cached 0MB) CPU [1%@1728,0%@1728,90%@1728,0%@1728,0%@729,1%@729] GR3D_FREQ 29% cpu@58.343C soc2@55.656C soc0@57.281C gpu@58.437C tj@58.437C soc1@57.281C VDD_IN 10136mW/9642mW VDD_CPU_GPU_CV 2960mW/2725mW VDD_SOC 3840mW/3759mW
08-01-2026 20:31:25 RAM 2997/7620MB (lfb 6x4MB) SWAP 0/3810MB (cached 0MB) CPU [0%@1728,1%@1728,90%@1728,0%@1728,0%@729,0%@729] GR3D_FREQ 29% cpu@58.156C soc2@55.593C soc0@57.281C gpu@58.218C tj@58.218C soc1@57.281C VDD_IN 10096mW/9642mW VDD_CPU_GPU_CV 2960mW/2725mW VDD_SOC 3840mW/3759mW
08-01-2026 20:31:26 RAM 2997/7620MB (lfb 6x4MB) SWAP 0/3810MB (cached 0MB) CPU [1%@1728,0%@1728,90%@1728,0%@1728,0%@729,0%@729] GR3D_FREQ 30% cpu@58.218C soc2@55.5C soc0@57.25C gpu@58.187C tj@58.218C soc1@57.156C VDD_IN 10016mW/9642mW VDD_CPU_GPU_CV 2960mW/2725mW VDD_SOC 3840mW/3759mW
08-01-2026 20:31:27 RAM 2997/7620MB (lfb 6x4MB) SWAP 0/3810MB (cached 0MB) CPU [1%@1728,0%@1728,92%@1728,0%@1728,0%@729,0%@729] GR3D_FREQ 30% cpu@58.25C soc2@55.468C soc0@57.406C gpu@58.156C tj@58.25C soc1@57.156C VDD_IN 9935mW/9643mW VDD_CPU_GPU_CV 2920mW/2725mW VDD_SOC 3846mW/3759mW
08-01-2026 20:31:28 RAM 2997/7620MB (lfb 6x4MB) SWAP 0/3810MB (cached 0MB) CPU [1%@1728,0%@1728,90%@1728,0%@1728,0%@729,0%@729] GR3D_FREQ 28% cpu@58.093C soc2@55.562C soc0@57.125C gpu@58.406C tj@58.406C soc1@57.281C VDD_IN 9895mW/9643mW VDD_CPU_GPU_CV 2880mW/2726mW VDD_SOC 3806mW/3759mW
08-01-2026 20:31:29 RAM 2997/7620MB (lfb 6x4MB) SWAP 0/3810MB (cached 0MB) CPU [0%@1728,1%@1728,91%@1728,0%@1728,0%@729,0%@729] GR3D_FREQ 29% cpu@58.125C soc2@55.656C soc0@57.281C gpu@58.468C tj@58.468C soc1@57.375C VDD_IN 9855mW/9643mW VDD_CPU_GPU_CV 2880mW/2726mW VDD_SOC 3806mW/3759mW
08-01-2026 20:31:30 RAM 2997/7620MB (lfb 6x4MB) SWAP 0/3810MB (cached 0MB) CPU [1%@1728,0%@1728,89%@1728,0%@1728,0%@729,0%@729] GR3D_FREQ 30% cpu@58.218C soc2@55.5C soc0@57.187C gpu@58.468C tj@58.468C soc1@57.156C VDD_IN 9775mW/9643mW VDD_CPU_GPU_CV 2760mW/2726mW VDD_SOC 3806mW/3759mW
08-01-2026 20:31:31 RAM 2997/7620MB (lfb 6x4MB) SWAP 0/3810MB (cached 0MB) CPU [2%@1728,2%@1728,90%@1728,0%@1728,0%@729,1%@729] GR3D_FREQ 30% cpu@58.125C soc2@55.531C soc0@57.343C gpu@58.25C tj@58.468C soc1@57.25C VDD_IN 9735mW/9643mW VDD_CPU_GPU_CV 2800mW/2726mW VDD_SOC 3806mW/3759mW
08-01-2026 20:31:32 RAM 2997/7620MB (lfb 6x4MB) SWAP 0/3810MB (cached 0MB) CPU [0%@1728,0%@1728,38%@1728,52%@1728,0%@729,0%@729] GR3D_FREQ 30% cpu@57.968C soc2@55.531C soc0@57.25C gpu@58.25C tj@58.25C soc1@57.312C VDD_IN 9735mW/9643mW VDD_CPU_GPU_CV 2760mW/2726mW VDD_SOC 3766mW/3759mW
08-01-2026 20:31:33 RAM 2997/7620MB (lfb 6x4MB) SWAP 0/3810MB (cached 0MB) CPU [0%@1728,1%@1728,52%@1728,37%@1728,0%@729,0%@729] GR3D_FREQ 30% cpu@58.093C soc2@55.5C soc0@57.281C gpu@58.218C tj@58.218C soc1@57.281C VDD_IN 9695mW/9643mW VDD_CPU_GPU_CV 2720mW/2726mW VDD_SOC 3766mW/3759mW
08-01-2026 20:31:34 RAM 2997/7620MB (lfb 6x4MB) SWAP 0/3810MB (cached 0MB) CPU [1%@1728,55%@1728,36%@1728,0%@1728,0%@729,0%@729] GR3D_FREQ 27% cpu@57.718C soc2@55.531C soc0@57.281C gpu@58.5C tj@58.5C soc1@57.218C VDD_IN 9655mW/9643mW VDD_CPU_GPU_CV 2760mW/2726mW VDD_SOC 3766mW/3759mW
08-01-2026 20:31:35 RAM 2997/7620MB (lfb 6x4MB) SWAP 0/3810MB (cached 0MB) CPU [1%@1728,89%@1728,0%@1728,0%@1728,0%@1036,0%@1036] GR3D_FREQ 38% cpu@57.75C soc2@55.531C soc0@57.468C gpu@58.437C tj@58.437C soc1@57.187C VDD_IN 9615mW/9643mW VDD_CPU_GPU_CV 2720mW/2726mW VDD_SOC 3766mW/3759mW
08-01-2026 20:31:36 RAM 2997/7620MB (lfb 6x4MB) SWAP 0/3810MB (cached 0MB) CPU [0%@1728,33%@1728,0%@1728,57%@1728,0%@729,0%@729] GR3D_FREQ 29% cpu@58C soc2@55.531C soc0@57.25C gpu@58.468C tj@58.468C soc1@57.25C VDD_IN 9575mW/9643mW VDD_CPU_GPU_CV 2720mW/2726mW VDD_SOC 3766mW/3759mW
08-01-2026 20:31:37 RAM 2997/7620MB (lfb 6x4MB) SWAP 0/3810MB (cached 0MB) CPU [1%@1728,0%@1728,59%@1728,31%@1728,0%@729,0%@729] GR3D_FREQ 39% cpu@58C soc2@55.625C soc0@57.281C gpu@58.468C tj@58.468C soc1@57.406C VDD_IN 9510mW/9643mW VDD_CPU_GPU_CV 2600mW/2726mW VDD_SOC 3766mW/3759mW
08-01-2026 20:31:38 RAM 2997/7620MB (lfb 6x4MB) SWAP 0/3810MB (cached 0MB) CPU [1%@1728,0%@1728,91%@1728,0%@1728,0%@729,0%@729] GR3D_FREQ 33% cpu@58.156C soc2@55.625C soc0@57.281C gpu@58.218C tj@58.218C soc1@57.25C VDD_IN 9510mW/9643mW VDD_CPU_GPU_CV 2640mW/2726mW VDD_SOC 3725mW/3759mW
08-01-2026 20:31:39 RAM 2997/7620MB (lfb 6x4MB) SWAP 0/3810MB (cached 0MB) CPU [1%@1728,0%@1728,89%@1728,0%@1728,0%@729,0%@729] GR3D_FREQ 38% cpu@58.343C soc2@55.593C soc0@57.343C gpu@58.218C tj@58.343C soc1@57.25C VDD_IN 9470mW/9643mW VDD_CPU_GPU_CV 2600mW/2726mW VDD_SOC 3725mW/3759mW
08-01-2026 20:31:40 RAM 2997/7620MB (lfb 6x4MB) SWAP 0/3810MB (cached 0MB) CPU [0%@1728,0%@1728,89%@1728,0%@1728,0%@729,0%@729] GR3D_FREQ 39% cpu@58.281C soc2@55.531C soc0@57.187C gpu@58.218C tj@58.218C soc1@57.156C VDD_IN 9430mW/9643mW VDD_CPU_GPU_CV 2600mW/2725mW VDD_SOC 3725mW/3759mW
08-01-2026 20:31:41 RAM 2997/7620MB (lfb 6x4MB) SWAP 0/3810MB (cached 0MB) CPU [2%@1728,0%@1728,92%@1728,0%@1728,0%@729,0%@729] GR3D_FREQ 39% cpu@58.375C soc2@55.656C soc0@57.187C gpu@58.5C tj@58.5C soc1@57.281C VDD_IN 9470mW/9643mW VDD_CPU_GPU_CV 2600mW/2725mW VDD_SOC 3725mW/3759mW
08-01-2026 20:31:42 RAM 2997/7620MB (lfb 6x4MB) SWAP 0/3810MB (cached 0MB) CPU [1%@1728,2%@1728,89%@1728,0%@1728,0%@729,0%@729] GR3D_FREQ 40% cpu@58.093C soc2@55.5C soc0@57.343C gpu@58.5C tj@58.5C soc1@57.375C VDD_IN 9374mW/9642mW VDD_CPU_GPU_CV 2600mW/2725mW VDD_SOC 3685mW/3759mW
08-01-2026 20:31:43 RAM 2997/7620MB (lfb 6x4MB) SWAP 0/3810MB (cached 0MB) CPU [0%@1728,1%@1728,92%@1728,0%@1728,0%@729,0%@729] GR3D_FREQ 37% cpu@58.187C soc2@55.531C soc0@57.312C gpu@58.562C tj@58.562C soc1@57.25C VDD_IN 9349mW/9642mW VDD_CPU_GPU_CV 2560mW/2725mW VDD_SOC 3685mW/3759mW
08-01-2026 20:31:44 RAM 2997/7620MB (lfb 6x4MB) SWAP 0/3810MB (cached 0MB) CPU [1%@1728,1%@1728,20%@1728,70%@1728,0%@729,0%@729] GR3D_FREQ 40% cpu@58C soc2@55.468C soc0@57.25C gpu@58.281C tj@58.281C soc1@57.218C VDD_IN 9389mW/9642mW VDD_CPU_GPU_CV 2520mW/2725mW VDD_SOC 3685mW/3759mW
08-01-2026 20:31:45 RAM 2997/7620MB (lfb 6x4MB) SWAP 0/3810MB (cached 0MB) CPU [1%@1728,0%@1728,72%@1728,20%@1728,0%@729,0%@729] GR3D_FREQ 39% cpu@58.125C soc2@55.625C soc0@57.312C gpu@58.218C tj@58.218C soc1@57.312C VDD_IN 9269mW/9641mW VDD_CPU_GPU_CV 2480mW/2725mW VDD_SOC 3685mW/3759mW
08-01-2026 20:31:46 RAM 2997/7620MB (lfb 6x4MB) SWAP 0/3810MB (cached 0MB) CPU [1%@1728,0%@1728,89%@1728,0%@1728,1%@729,0%@729] GR3D_FREQ 40% cpu@58.187C soc2@55.656C soc0@57.281C gpu@58.25C tj@58.25C soc1@57.375C VDD_IN 9229mW/9641mW VDD_CPU_GPU_CV 2440mW/2724mW VDD_SOC 3685mW/3759mW
08-01-2026 20:31:47 RAM 2997/7620MB (lfb 6x4MB) SWAP 0/3810MB (cached 0MB) CPU [1%@1728,0%@1728,89%@1728,0%@1728,0%@729,0%@729] GR3D_FREQ 40% cpu@58.125C soc2@55.468C soc0@57.312C gpu@58.093C tj@58.125C soc1@57.218C VDD_IN 9309mW/9641mW VDD_CPU_GPU_CV 2440mW/2724mW VDD_SOC 3685mW/3759mW
08-01-2026 20:31:48 RAM 2997/7620MB (lfb 6x4MB) SWAP 0/3810MB (cached 0MB) CPU [1%@1728,1%@1728,90%@1728,0%@1728,1%@729,1%@729] GR3D_FREQ 39% cpu@58.375C soc2@55.531C soc0@57.25C gpu@58.125C tj@58.375C soc1@57.343C VDD_IN 9229mW/9640mW VDD_CPU_GPU_CV 2480mW/2724mW VDD_SOC 3685mW/3759mW
08-01-2026 20:31:49 RAM 2997/7620MB (lfb 6x4MB) SWAP 0/3810MB (cached 0MB) CPU [0%@1728,1%@1728,89%@1728,0%@1728,0%@729,0%@729] GR3D_FREQ 38% cpu@58.156C soc2@55.562C soc0@57.343C gpu@58.125C tj@58.156C soc1@57.218C VDD_IN 9189mW/9640mW VDD_CPU_GPU_CV 2440mW/2724mW VDD_SOC 3685mW/3759mW
08-01-2026 20:31:50 RAM 2997/7620MB (lfb 6x4MB) SWAP 0/3810MB (cached 0MB) CPU [0%@1728,0%@1728,90%@1728,0%@1728,0%@729,2%@729] GR3D_FREQ 39% cpu@58.093C soc2@55.625C soc0@57.312C gpu@58.312C tj@58.312C soc1@57.468C VDD_IN 9189mW/9640mW VDD_CPU_GPU_CV 2440mW/2723mW VDD_SOC 3685mW/3758mW
08-01-2026 20:31:51 RAM 2997/7620MB (lfb 6x4MB) SWAP 0/3810MB (cached 0MB) CPU [1%@1728,0%@1728,90%@1728,0%@1728,0%@729,0%@729] GR3D_FREQ 37% cpu@58.187C soc2@55.5C soc0@57.375C gpu@58.312C tj@58.312C soc1@57.218C VDD_IN 9189mW/9639mW VDD_CPU_GPU_CV 2443mW/2723mW VDD_SOC 3645mW/3758mW
08-01-2026 20:31:52 RAM 2997/7620MB (lfb 6x4MB) SWAP 0/3810MB (cached 0MB) CPU [1%@1728,1%@1728,89%@1728,0%@1728,0%@729,0%@729] GR3D_FREQ 40% cpu@58.281C soc2@55.562C soc0@57.218C gpu@58.312C tj@58.312C soc1@57.25C VDD_IN 9149mW/9639mW VDD_CPU_GPU_CV 2443mW/2723mW VDD_SOC 3645mW/3758mW
08-01-2026 20:31:53 RAM 2997/7620MB (lfb 6x4MB) SWAP 0/3810MB (cached 0MB) CPU [0%@1728,1%@1728,90%@1728,1%@1728,0%@729,0%@729] GR3D_FREQ 40% cpu@58.468C soc2@55.593C soc0@57.25C gpu@58.093C tj@58.468C soc1@57.25C VDD_IN 9189mW/9638mW VDD_CPU_GPU_CV 2403mW/2723mW VDD_SOC 3645mW/3758mW
08-01-2026 20:31:54 RAM 2997/7620MB (lfb 6x4MB) SWAP 0/3810MB (cached 0MB) CPU [1%@1728,0%@1728,91%@1728,0%@1728,1%@729,0%@729] GR3D_FREQ 40% cpu@58.093C soc2@55.531C soc0@57.281C gpu@58.125C tj@58.125C soc1@57.375C VDD_IN 9189mW/9638mW VDD_CPU_GPU_CV 2403mW/2722mW VDD_SOC 3645mW/3758mW
08-01-2026 20:31:55 RAM 2997/7620MB (lfb 6x4MB) SWAP 0/3810MB (cached 0MB) CPU [0%@1728,1%@1728,89%@1728,0%@1728,0%@729,1%@729] GR3D_FREQ 39% cpu@58.218C soc2@55.531C soc0@57.281C gpu@58.187C tj@58.218C soc1@57.312C VDD_IN 9109mW/9637mW VDD_CPU_GPU_CV 2403mW/2722mW VDD_SOC 3645mW/3758mW
08-01-2026 20:31:56 RAM 2997/7620MB (lfb 6x4MB) SWAP 0/3810MB (cached 0MB) CPU [1%@1728,0%@1728,91%@1728,0%@1728,0%@729,1%@729] GR3D_FREQ 37% cpu@58.281C soc2@55.562C soc0@57.312C gpu@58.468C tj@58.468C soc1@57.156C VDD_IN 9109mW/9637mW VDD_CPU_GPU_CV 2403mW/2722mW VDD_SOC 3645mW/3758mW
08-01-2026 20:31:57 RAM 2997/7620MB (lfb 6x4MB) SWAP 0/3810MB (cached 0MB) CPU [0%@1728,1%@1728,89%@1728,0%@1728,0%@729,0%@729] GR3D_FREQ 37% cpu@58C soc2@55.562C soc0@57.25C gpu@58.375C tj@58.375C soc1@57.437C VDD_IN 9068mW/9636mW VDD_CPU_GPU_CV 2363mW/2721mW VDD_SOC 3645mW/3758mW
08-01-2026 20:31:58 RAM 2997/7620MB (lfb 6x4MB) SWAP 0/3810MB (cached 0MB) CPU [1%@1728,0%@1728,90%@1728,0%@1728,0%@729,0%@729] GR3D_FREQ 39% cpu@58.218C soc2@55.656C soc0@57.312C gpu@58.343C tj@58.343C soc1@57.375C VDD_IN 9109mW/9636mW VDD_CPU_GPU_CV 2363mW/2721mW VDD_SOC 3605mW/3758mW
08-01-2026 20:31:59 RAM 2997/7620MB (lfb 6x4MB) SWAP 0/3810MB (cached 0MB) CPU [0%@1728,1%@1728,4%@1728,85%@1728,0%@729,0%@729] GR3D_FREQ 39% cpu@57.968C soc2@55.5C soc0@57.343C gpu@58.093C tj@58.093C soc1@57.187C VDD_IN 9109mW/9635mW VDD_CPU_GPU_CV 2403mW/2721mW VDD_SOC 3605mW/3757mW
08-01-2026 20:32:00 RAM 2997/7620MB (lfb 6x4MB) SWAP 0/3810MB (cached 0MB) CPU [0%@1728,0%@1728,87%@1728,3%@1728,0%@729,1%@729] GR3D_FREQ 39% cpu@58.125C soc2@55.531C soc0@57.281C gpu@58.187C tj@58.187C soc1@57.312C VDD_IN 9068mW/9635mW VDD_CPU_GPU_CV 2363mW/2721mW VDD_SOC 3605mW/3757mW
08-01-2026 20:32:01 RAM 2997/7620MB (lfb 6x4MB) SWAP 0/3810MB (cached 0MB) CPU [1%@1728,1%@1728,91%@1728,0%@1728,0%@729,0%@729] GR3D_FREQ 40% cpu@57.875C soc2@55.593C soc0@57.281C gpu@58.343C tj@58.343C soc1@57.375C VDD_IN 9028mW/9634mW VDD_CPU_GPU_CV 2363mW/2720mW VDD_SOC 3645mW/3757mW
08-01-2026 20:32:02 RAM 2997/7620MB (lfb 6x4MB) SWAP 0/3810MB (cached 0MB) CPU [2%@1728,0%@1728,88%@1728,0%@1728,0%@729,0%@729] GR3D_FREQ 33% cpu@57.812C soc2@55.656C soc0@57.375C gpu@58.437C tj@58.437C soc1@57.468C VDD_IN 9068mW/9634mW VDD_CPU_GPU_CV 2363mW/2720mW VDD_SOC 3645mW/3757mW
08-01-2026 20:32:03 RAM 2997/7620MB (lfb 6x4MB) SWAP 0/3810MB (cached 0MB) CPU [90%@1728,0%@1728,0%@1728,0%@1728,0%@729,0%@729] GR3D_FREQ 40% cpu@57.906C soc2@55.625C soc0@57.406C gpu@58.375C tj@58.375C soc1@57.281C VDD_IN 8948mW/9633mW VDD_CPU_GPU_CV 2283mW/2719mW VDD_SOC 3605mW/3757mW
08-01-2026 20:32:04 RAM 2997/7620MB (lfb 6x4MB) SWAP 0/3810MB (cached 0MB) CPU [90%@1728,0%@1728,0%@1728,0%@1728,0%@729,0%@729] GR3D_FREQ 39% cpu@57.812C soc2@55.593C soc0@57.218C gpu@58.281C tj@58.281C soc1@57.343C VDD_IN 8988mW/9633mW VDD_CPU_GPU_CV 2283mW/2719mW VDD_SOC 3605mW/3757mW
08-01-2026 20:32:05 RAM 2997/7620MB (lfb 6x4MB) SWAP 0/3810MB (cached 0MB) CPU [90%@1728,0%@1728,0%@1728,0%@1728,1%@729,1%@729] GR3D_FREQ 31% cpu@57.937C soc2@55.718C soc0@57.343C gpu@58.218C tj@58.218C soc1@57.375C VDD_IN 8948mW/9632mW VDD_CPU_GPU_CV 2323mW/2719mW VDD_SOC 3651mW/3757mW
08-01-2026 20:32:06 RAM 2997/7620MB (lfb 6x4MB) SWAP 0/3810MB (cached 0MB) CPU [91%@1728,1%@1728,0%@1728,0%@1728,0%@729,0%@729] GR3D_FREQ 35% cpu@57.562C soc2@55.562C soc0@57.312C gpu@58.187C tj@58.187C soc1@57.312C VDD_IN 8908mW/9631mW VDD_CPU_GPU_CV 2320mW/2718mW VDD_SOC 3651mW/3757mW
08-01-2026 20:32:07 RAM 2997/7620MB (lfb 6x4MB) SWAP 0/3810MB (cached 0MB) CPU [91%@1728,0%@1728,0%@1728,0%@1728,0%@729,0%@729] GR3D_FREQ 33% cpu@57.781C soc2@55.687C soc0@57.437C gpu@58.5C tj@58.5C soc1@57.343C VDD_IN 8988mW/9631mW VDD_CPU_GPU_CV 2403mW/2718mW VDD_SOC 3645mW/3757mW
08-01-2026 20:32:08 RAM 2997/7620MB (lfb 6x4MB) SWAP 0/3810MB (cached 0MB) CPU [90%@1728,0%@1728,0%@1728,0%@1728,0%@729,0%@729] GR3D_FREQ 77% cpu@57.937C soc2@55.687C soc0@57.281C gpu@58.593C tj@58.593C soc1@57.437C VDD_IN 9109mW/9630mW VDD_CPU_GPU_CV 2403mW/2718mW VDD_SOC 3645mW/3756mW
08-01-2026 20:32:09 RAM 2997/7620MB (lfb 6x4MB) SWAP 0/3810MB (cached 0MB) CPU [90%@1728,0%@1728,0%@1728,0%@1728,0%@729,0%@729] GR3D_FREQ 35% cpu@57.75C soc2@55.718C soc0@57.343C gpu@58.656C tj@58.656C soc1@57.375C VDD_IN 8988mW/9630mW VDD_CPU_GPU_CV 2400mW/2718mW VDD_SOC 3691mW/3756mW
08-01-2026 20:32:10 RAM 2997/7620MB (lfb 6x4MB) SWAP 0/3810MB (cached 0MB) CPU [91%@1728,0%@1728,0%@1728,0%@1728,0%@729,0%@729] GR3D_FREQ 94% cpu@57.687C soc2@55.562C soc0@57.281C gpu@58.5C tj@58.5C soc1@57.312C VDD_IN 9269mW/9629mW VDD_CPU_GPU_CV 2443mW/2717mW VDD_SOC 3645mW/3756mW
08-01-2026 20:32:12 RAM 2997/7620MB (lfb 6x4MB) SWAP 0/3810MB (cached 0MB) CPU [90%@1728,0%@1728,0%@1728,0%@1728,0%@729,1%@729] GR3D_FREQ 99% cpu@57.75C soc2@55.687C soc0@57.25C gpu@58.812C tj@58.812C soc1@57.375C VDD_IN 9349mW/9629mW VDD_CPU_GPU_CV 2443mW/2717mW VDD_SOC 3685mW/3756mW
08-01-2026 20:32:13 RAM 2997/7620MB (lfb 6x4MB) SWAP 0/3810MB (cached 0MB) CPU [90%@1574,1%@1574,0%@1574,0%@1574,0%@729,0%@729] GR3D_FREQ 99% cpu@57.687C soc2@55.625C soc0@57.25C gpu@59C tj@59C soc1@57.437C VDD_IN 9510mW/9629mW VDD_CPU_GPU_CV 2520mW/2717mW VDD_SOC 3725mW/3756mW
08-01-2026 20:32:14 RAM 2997/7620MB (lfb 6x4MB) SWAP 0/3810MB (cached 0MB) CPU [90%@1420,0%@1420,0%@1420,0%@1420,0%@729,0%@729] GR3D_FREQ 99% cpu@57.5C soc2@55.75C soc0@57.25C gpu@59.031C tj@59.031C soc1@57.5C VDD_IN 9630mW/9629mW VDD_CPU_GPU_CV 2560mW/2717mW VDD_SOC 3806mW/3756mW
08-01-2026 20:32:15 RAM 2997/7620MB (lfb 6x4MB) SWAP 0/3810MB (cached 0MB) CPU [90%@1267,0%@1267,0%@1267,0%@1267,0%@729,0%@729] GR3D_FREQ 99% cpu@57.531C soc2@55.656C soc0@57.343C gpu@58.875C tj@58.875C soc1@57.281C VDD_IN 9751mW/9629mW VDD_CPU_GPU_CV 2680mW/2717mW VDD_SOC 3806mW/3756mW
08-01-2026 20:32:16 RAM 2997/7620MB (lfb 6x4MB) SWAP 0/3810MB (cached 0MB) CPU [90%@1113,0%@1113,0%@1113,0%@1113,0%@729,0%@729] GR3D_FREQ 99% cpu@57.75C soc2@55.687C soc0@57.281C gpu@58.937C tj@58.937C soc1@57.343C VDD_IN 9855mW/9629mW VDD_CPU_GPU_CV 2760mW/2717mW VDD_SOC 3806mW/3756mW
08-01-2026 20:32:17 RAM 2997/7620MB (lfb 6x4MB) SWAP 0/3810MB (cached 0MB) CPU [90%@1574,0%@1574,0%@1574,1%@1574,0%@729,0%@729] GR3D_FREQ 99% cpu@57.406C soc2@55.593C soc0@57.25C gpu@58.5C tj@58.5C soc1@57.375C VDD_IN 9269mW/9629mW VDD_CPU_GPU_CV 2443mW/2716mW VDD_SOC 3685mW/3756mW
08-01-2026 20:32:18 RAM 2997/7620MB (lfb 6x4MB) SWAP 0/3810MB (cached 0MB) CPU [90%@1728,1%@1728,0%@1728,0%@1728,0%@729,0%@729] GR3D_FREQ 36% cpu@57.875C soc2@55.656C soc0@57.218C gpu@58.75C tj@58.75C soc1@57.406C VDD_IN 8948mW/9629mW VDD_CPU_GPU_CV 2323mW/2716mW VDD_SOC 3651mW/3756mW
08-01-2026 20:32:19 RAM 2997/7620MB (lfb 6x4MB) SWAP 0/3810MB (cached 0MB) CPU [91%@1728,1%@1728,0%@1728,0%@1728,0%@729,0%@729] GR3D_FREQ 96% cpu@57.812C soc2@55.593C soc0@57.312C gpu@58.343C tj@58.343C soc1@57.312C VDD_IN 9149mW/9628mW VDD_CPU_GPU_CV 2443mW/2716mW VDD_SOC 3645mW/3756mW
08-01-2026 20:32:20 RAM 2997/7620MB (lfb 6x4MB) SWAP 0/3810MB (cached 0MB) CPU [90%@1728,0%@1728,0%@1728,0%@1728,0%@729,0%@729] GR3D_FREQ 93% cpu@57.687C soc2@55.687C soc0@57.281C gpu@58.468C tj@58.468C soc1@57.343C VDD_IN 9309mW/9628mW VDD_CPU_GPU_CV 2483mW/2716mW VDD_SOC 3685mW/3756mW
08-01-2026 20:32:21 RAM 2997/7620MB (lfb 6x4MB) SWAP 0/3810MB (cached 0MB) CPU [90%@1651,0%@1651,0%@1651,0%@1651,0%@729,0%@729] GR3D_FREQ 99% cpu@57.781C soc2@55.656C soc0@57.25C gpu@58.562C tj@58.562C soc1@57.375C VDD_IN 9309mW/9628mW VDD_CPU_GPU_CV 2480mW/2715mW VDD_SOC 3685mW/3756mW
08-01-2026 20:32:22 RAM 2997/7620MB (lfb 6x4MB) SWAP 0/3810MB (cached 0MB) CPU [91%@1728,1%@1728,0%@1728,0%@1728,0%@729,0%@729] GR3D_FREQ 99% cpu@57.468C soc2@55.656C soc0@57.343C gpu@58.593C tj@58.593C soc1@57.406C VDD_IN 9309mW/9627mW VDD_CPU_GPU_CV 2480mW/2715mW VDD_SOC 3725mW/3756mW
08-01-2026 20:32:23 RAM 2997/7620MB (lfb 6x4MB) SWAP 0/3810MB (cached 0MB) CPU [90%@1651,1%@1651,0%@1651,0%@1651,0%@729,0%@729] GR3D_FREQ 99% cpu@57.593C soc2@55.593C soc0@57.375C gpu@58.562C tj@58.562C soc1@57.281C VDD_IN 9349mW/9627mW VDD_CPU_GPU_CV 2480mW/2715mW VDD_SOC 3685mW/3756mW
08-01-2026 20:32:24 RAM 2997/7620MB (lfb 6x4MB) SWAP 0/3810MB (cached 0MB) CPU [87%@1651,3%@1651,0%@1651,0%@1651,1%@729,0%@729] GR3D_FREQ 99% cpu@57.75C soc2@55.656C soc0@57.218C gpu@58.468C tj@58.468C soc1@57.312C VDD_IN 9269mW/9627mW VDD_CPU_GPU_CV 2520mW/2715mW VDD_SOC 3685mW/3756mW
08-01-2026 20:32:25 RAM 2997/7620MB (lfb 6x4MB) SWAP 0/3810MB (cached 0MB) CPU [0%@1036,85%@1036,0%@1036,4%@1036,0%@729,1%@729] GR3D_FREQ 99% cpu@57.75C soc2@55.625C soc0@57.281C gpu@58.593C tj@58.593C soc1@57.312C VDD_IN 9575mW/9627mW VDD_CPU_GPU_CV 2640mW/2715mW VDD_SOC 3766mW/3756mW
08-01-2026 20:32:26 RAM 2997/7620MB (lfb 6x4MB) SWAP 0/3810MB (cached 0MB) CPU [1%@806,0%@806,0%@806,88%@806,0%@729,0%@729] GR3D_FREQ 99% cpu@57.593C soc2@55.687C soc0@57.375C gpu@58.781C tj@58.781C soc1@57.468C VDD_IN 9735mW/9627mW VDD_CPU_GPU_CV 2720mW/2715mW VDD_SOC 3806mW/3756mW
08-01-2026 20:32:27 RAM 2997/7620MB (lfb 6x4MB) SWAP 0/3810MB (cached 0MB) CPU [0%@1728,5%@1728,0%@1728,85%@1728,1%@729,0%@729] GR3D_FREQ 99% cpu@57.625C soc2@55.656C soc0@57.406C gpu@59.093C tj@59.093C soc1@57.312C VDD_IN 10176mW/9627mW VDD_CPU_GPU_CV 2995mW/2715mW VDD_SOC 3880mW/3756mW
08-01-2026 20:32:28 RAM 2997/7620MB (lfb 6x4MB) SWAP 0/3810MB (cached 0MB) CPU [5%@1728,86%@1728,0%@1728,0%@1728,0%@729,0%@729] GR3D_FREQ 89% cpu@57.843C soc2@55.687C soc0@57.218C gpu@59.156C tj@59.156C soc1@57.312C VDD_IN 10376mW/9628mW VDD_CPU_GPU_CV 3075mW/2715mW VDD_SOC 3960mW/3756mW
08-01-2026 20:32:29 RAM 2997/7620MB (lfb 6x4MB) SWAP 0/3810MB (cached 0MB) CPU [91%@1728,0%@1728,0%@1728,0%@1728,0%@729,0%@729] GR3D_FREQ 99% cpu@57.625C soc2@55.812C soc0@57.281C gpu@59.093C tj@59.093C soc1@57.375C VDD_IN 10496mW/9629mW VDD_CPU_GPU_CV 3115mW/2716mW VDD_SOC 3960mW/3756mW
08-01-2026 20:32:30 RAM 2997/7620MB (lfb 6x4MB) SWAP 0/3810MB (cached 0MB) CPU [89%@1728,0%@1728,0%@1728,0%@1728,0%@729,1%@729] GR3D_FREQ 89% cpu@57.718C soc2@55.687C soc0@57.343C gpu@59.281C tj@59.281C soc1@57.468C VDD_IN 10520mW/9629mW VDD_CPU_GPU_CV 3274mW/2716mW VDD_SOC 4040mW/3757mW
08-01-2026 20:32:31 RAM 2997/7620MB (lfb 6x4MB) SWAP 0/3810MB (cached 0MB) CPU [91%@1113,0%@1113,0%@1113,0%@1113,0%@729,0%@729] GR3D_FREQ 99% cpu@57.843C soc2@55.843C soc0@57.218C gpu@59.593C tj@59.593C soc1@57.312C VDD_IN 10800mW/9630mW VDD_CPU_GPU_CV 3434mW/2717mW VDD_SOC 4080mW/3757mW
08-01-2026 20:32:32 RAM 2997/7620MB (lfb 6x4MB) SWAP 0/3810MB (cached 0MB) CPU [90%@960,0%@960,0%@960,0%@960,1%@729,0%@729] GR3D_FREQ 99% cpu@57.718C soc2@55.75C soc0@57.281C gpu@59.656C tj@59.656C soc1@57.437C VDD_IN 11080mW/9632mW VDD_CPU_GPU_CV 3554mW/2718mW VDD_SOC 4073mW/3757mW
08-01-2026 20:32:33 RAM 2997/7620MB (lfb 6x4MB) SWAP 0/3810MB (cached 0MB) CPU [84%@806,0%@806,0%@806,5%@806,0%@729,0%@729] GR3D_FREQ 99% cpu@57.75C soc2@55.812C soc0@57.281C gpu@59.468C tj@59.468C soc1@57.437C VDD_IN 11320mW/9633mW VDD_CPU_GPU_CV 3708mW/2718mW VDD_SOC 4153mW/3757mW
08-01-2026 20:32:34 RAM 2997/7620MB (lfb 6x4MB) SWAP 0/3810MB (cached 0MB) CPU [0%@1574,0%@1574,1%@1574,90%@1574,0%@729,1%@729] GR3D_FREQ 68% cpu@57.843C soc2@55.718C soc0@57.437C gpu@59.218C tj@59.218C soc1@57.343C VDD_IN 11320mW/9635mW VDD_CPU_GPU_CV 3668mW/2719mW VDD_SOC 4153mW/3758mW
08-01-2026 20:32:35 RAM 2997/7620MB (lfb 6x4MB) SWAP 0/3810MB (cached 0MB) CPU [9%@1651,0%@1651,0%@1651,81%@1651,0%@729,0%@729] GR3D_FREQ 28% cpu@58.062C soc2@55.687C soc0@57.343C gpu@58.968C tj@58.968C soc1@57.312C VDD_IN 11320mW/9636mW VDD_CPU_GPU_CV 3747mW/2720mW VDD_SOC 4153mW/3758mW
08-01-2026 20:32:36 RAM 2997/7620MB (lfb 6x4MB) SWAP 0/3810MB (cached 0MB) CPU [91%@1651,0%@1651,0%@1651,0%@1651,0%@729,0%@729] GR3D_FREQ 40% cpu@57.906C soc2@55.781C soc0@57.281C gpu@58.968C tj@58.968C soc1@57.375C VDD_IN 11320mW/9638mW VDD_CPU_GPU_CV 3708mW/2721mW VDD_SOC 4113mW/3758mW
08-01-2026 20:32:37 RAM 2997/7620MB (lfb 6x4MB) SWAP 0/3810MB (cached 0MB) CPU [91%@1651,0%@1651,0%@1651,1%@1651,0%@729,0%@729] GR3D_FREQ 35% cpu@57.75C soc2@55.812C soc0@57.343C gpu@59.093C tj@59.093C soc1@57.375C VDD_IN 11280mW/9639mW VDD_CPU_GPU_CV 3668mW/2722mW VDD_SOC 4153mW/3759mW
08-01-2026 20:32:38 RAM 2997/7620MB (lfb 6x4MB) SWAP 0/3810MB (cached 0MB) CPU [91%@1651,0%@1651,0%@1651,0%@1651,0%@729,0%@729] GR3D_FREQ 47% cpu@57.781C soc2@55.781C soc0@57.375C gpu@59.125C tj@59.125C soc1@57.468C VDD_IN 11240mW/9640mW VDD_CPU_GPU_CV 3668mW/2723mW VDD_SOC 4160mW/3759mW
08-01-2026 20:32:39 RAM 2997/7620MB (lfb 6x4MB) SWAP 0/3810MB (cached 0MB) CPU [89%@1651,0%@1651,1%@1651,0%@1651,0%@729,1%@729] GR3D_FREQ 30% cpu@57.937C soc2@55.812C soc0@57.375C gpu@59.218C tj@59.218C soc1@57.343C VDD_IN 11240mW/9642mW VDD_CPU_GPU_CV 3668mW/2724mW VDD_SOC 4153mW/3760mW
08-01-2026 20:32:40 RAM 2997/7620MB (lfb 6x4MB) SWAP 0/3810MB (cached 0MB) CPU [89%@1574,1%@1574,0%@1574,0%@1574,0%@729,1%@729] GR3D_FREQ 31% cpu@58.093C soc2@55.812C soc0@57.281C gpu@59.281C tj@59.281C soc1@57.312C VDD_IN 11200mW/9643mW VDD_CPU_GPU_CV 3668mW/2724mW VDD_SOC 4120mW/3760mW
08-01-2026 20:32:41 RAM 2997/7620MB (lfb 6x4MB) SWAP 0/3810MB (cached 0MB) CPU [90%@1574,0%@1574,0%@1574,0%@1574,0%@729,0%@729] GR3D_FREQ 31% cpu@57.937C soc2@55.843C soc0@57.312C gpu@59.406C tj@59.406C soc1@57.375C VDD_IN 11200mW/9645mW VDD_CPU_GPU_CV 3668mW/2725mW VDD_SOC 4113mW/3760mW
08-01-2026 20:32:42 RAM 2997/7620MB (lfb 6x4MB) SWAP 0/3810MB (cached 0MB) CPU [81%@1651,10%@1651,0%@1651,0%@1651,0%@729,0%@729] GR3D_FREQ 33% cpu@57.656C soc2@55.75C soc0@57.437C gpu@58.968C tj@58.968C soc1@57.468C VDD_IN 11320mW/9646mW VDD_CPU_GPU_CV 3708mW/2726mW VDD_SOC 4153mW/3760mW
08-01-2026 20:32:43 RAM 2997/7620MB (lfb 6x4MB) SWAP 0/3810MB (cached 0MB) CPU [1%@1574,90%@1574,0%@1574,0%@1574,0%@729,0%@729] GR3D_FREQ 33% cpu@57.718C soc2@55.718C soc0@57.312C gpu@58.906C tj@58.906C soc1@57.468C VDD_IN 11280mW/9647mW VDD_CPU_GPU_CV 3668mW/2727mW VDD_SOC 4153mW/3761mW
08-01-2026 20:32:44 RAM 2997/7620MB (lfb 6x4MB) SWAP 0/3810MB (cached 0MB) CPU [0%@1728,90%@1728,0%@1728,0%@1728,0%@729,0%@729] GR3D_FREQ 41% cpu@57.906C soc2@55.75C soc0@57.375C gpu@58.906C tj@58.906C soc1@57.281C VDD_IN 11200mW/9649mW VDD_CPU_GPU_CV 3668mW/2728mW VDD_SOC 4160mW/3761mW
08-01-2026 20:32:45 RAM 2997/7620MB (lfb 6x4MB) SWAP 0/3810MB (cached 0MB) CPU [1%@1728,76%@1728,15%@1728,0%@1728,0%@729,0%@729] GR3D_FREQ 47% cpu@58.218C soc2@55.687C soc0@57.281C gpu@58.875C tj@58.875C soc1@57.281C VDD_IN 11280mW/9650mW VDD_CPU_GPU_CV 3708mW/2729mW VDD_SOC 4153mW/3762mW
08-01-2026 20:32:46 RAM 2997/7620MB (lfb 6x4MB) SWAP 0/3810MB (cached 0MB) CPU [1%@1728,0%@1728,89%@1728,0%@1728,0%@729,0%@729] GR3D_FREQ 44% cpu@58.5C soc2@55.812C soc0@57.281C gpu@58.906C tj@58.906C soc1@57.343C VDD_IN 11240mW/9652mW VDD_CPU_GPU_CV 3668mW/2729mW VDD_SOC 4153mW/3762mW
08-01-2026 20:32:47 RAM 2997/7620MB (lfb 6x4MB) SWAP 0/3810MB (cached 0MB) CPU [17%@1728,0%@1728,75%@1728,0%@1728,0%@729,0%@729] GR3D_FREQ 23% cpu@57.843C soc2@55.906C soc0@57.406C gpu@58.75C tj@58.75C soc1@57.406C VDD_IN 11240mW/9653mW VDD_CPU_GPU_CV 3668mW/2730mW VDD_SOC 4113mW/3762mW
08-01-2026 20:32:48 RAM 2997/7620MB (lfb 6x4MB) SWAP 0/3810MB (cached 0MB) CPU [92%@1728,1%@1728,0%@1728,0%@1728,0%@729,1%@729] GR3D_FREQ 26% cpu@57.968C soc2@55.781C soc0@57.375C gpu@58.531C tj@58.531C soc1@57.312C VDD_IN 11160mW/9654mW VDD_CPU_GPU_CV 3628mW/2731mW VDD_SOC 4120mW/3762mW
08-01-2026 20:32:49 RAM 2997/7620MB (lfb 6x4MB) SWAP 0/3810MB (cached 0MB) CPU [91%@1728,0%@1728,0%@1728,1%@1728,0%@729,0%@729] GR3D_FREQ 24% cpu@58C soc2@55.843C soc0@57.281C gpu@58.562C tj@58.562C soc1@57.25C VDD_IN 11200mW/9656mW VDD_CPU_GPU_CV 3594mW/2732mW VDD_SOC 4073mW/3763mW
08-01-2026 20:32:50 RAM 2997/7620MB (lfb 6x4MB) SWAP 0/3810MB (cached 0MB) CPU [91%@1728,0%@1728,0%@1728,0%@1728,0%@729,0%@729] GR3D_FREQ 23% cpu@58.218C soc2@55.843C soc0@57.437C gpu@58.531C tj@58.531C soc1@57.406C VDD_IN 11000mW/9657mW VDD_CPU_GPU_CV 3548mW/2732mW VDD_SOC 4080mW/3763mW
08-01-2026 20:32:51 RAM 2997/7620MB (lfb 6x4MB) SWAP 0/3810MB (cached 0MB) CPU [91%@1728,0%@1728,0%@1728,0%@1728,0%@729,0%@729] GR3D_FREQ 24% cpu@57.812C soc2@55.781C soc0@57.343C gpu@58.562C tj@58.562C soc1@57.468C VDD_IN 11000mW/9658mW VDD_CPU_GPU_CV 3514mW/2733mW VDD_SOC 4080mW/3763mW
08-01-2026 20:32:52 RAM 2997/7620MB (lfb 6x4MB) SWAP 0/3810MB (cached 0MB) CPU [71%@729,0%@729,0%@729,0%@729,0%@1728,21%@1728] GR3D_FREQ 24% cpu@57.625C soc2@55.687C soc0@57.5C gpu@58.687C tj@58.687C soc1@57.531C VDD_IN 11120mW/9659mW VDD_CPU_GPU_CV 3554mW/2734mW VDD_SOC 4073mW/3764mW
08-01-2026 20:32:53 RAM 2997/7620MB (lfb 6x4MB) SWAP 0/3810MB (cached 0MB) CPU [1%@729,0%@729,1%@729,1%@729,0%@1728,89%@1728] GR3D_FREQ 24% cpu@57.781C soc2@55.656C soc0@57.343C gpu@58.625C tj@58.625C soc1@57.25C VDD_IN 10880mW/9660mW VDD_CPU_GPU_CV 3474mW/2734mW VDD_SOC 4040mW/3764mW
08-01-2026 20:32:54 RAM 2997/7620MB (lfb 6x4MB) SWAP 0/3810MB (cached 0MB) CPU [1%@729,0%@729,1%@729,0%@729,0%@1728,90%@1728] GR3D_FREQ 24% cpu@57.687C soc2@55.687C soc0@57.312C gpu@58.687C tj@58.687C soc1@57.281C VDD_IN 10800mW/9661mW VDD_CPU_GPU_CV 3434mW/2735mW VDD_SOC 4040mW/3764mW
08-01-2026 20:32:55 RAM 2997/7620MB (lfb 6x4MB) SWAP 0/3810MB (cached 0MB) CPU [1%@729,1%@729,0%@729,1%@729,0%@1728,89%@1728] GR3D_FREQ 25% cpu@57.812C soc2@55.718C soc0@57.312C gpu@58.656C tj@58.656C soc1@57.312C VDD_IN 10800mW/9662mW VDD_CPU_GPU_CV 3434mW/2736mW VDD_SOC 4040mW/3764mW
08-01-2026 20:32:56 RAM 2997/7620MB (lfb 6x4MB) SWAP 0/3810MB (cached 0MB) CPU [1%@729,0%@729,1%@729,0%@729,0%@1728,91%@1728] GR3D_FREQ 28% cpu@57.625C soc2@55.718C soc0@57.312C gpu@58.375C tj@58.375C soc1@57.468C VDD_IN 10800mW/9663mW VDD_CPU_GPU_CV 3434mW/2736mW VDD_SOC 4000mW/3764mW
08-01-2026 20:32:57 RAM 2997/7620MB (lfb 6x4MB) SWAP 0/3810MB (cached 0MB) CPU [0%@729,0%@729,0%@729,1%@729,0%@1728,90%@1728] GR3D_FREQ 26% cpu@57.718C soc2@55.593C soc0@57.343C gpu@58.5C tj@58.5C soc1@57.343C VDD_IN 10697mW/9664mW VDD_CPU_GPU_CV 3314mW/2737mW VDD_SOC 3960mW/3765mW
08-01-2026 20:32:58 RAM 2997/7620MB (lfb 6x4MB) SWAP 0/3810MB (cached 0MB) CPU [2%@729,2%@729,0%@729,0%@729,0%@1728,91%@1728] GR3D_FREQ 29% cpu@57.718C soc2@55.625C soc0@57.312C gpu@58.406C tj@58.406C soc1@57.343C VDD_IN 10536mW/9665mW VDD_CPU_GPU_CV 3274mW/2737mW VDD_SOC 3960mW/3765mW
08-01-2026 20:32:59 RAM 2997/7620MB (lfb 6x4MB) SWAP 0/3810MB (cached 0MB) CPU [1%@729,1%@729,0%@729,0%@729,0%@1728,89%@1728] GR3D_FREQ 28% cpu@57.812C soc2@55.75C soc0@57.312C gpu@58.5C tj@58.5C soc1@57.375C VDD_IN 10376mW/9665mW VDD_CPU_GPU_CV 3154mW/2738mW VDD_SOC 3920mW/3765mW
08-01-2026 20:33:00 RAM 2997/7620MB (lfb 6x4MB) SWAP 0/3810MB (cached 0MB) CPU [0%@729,0%@729,0%@729,0%@729,0%@1728,90%@1728] GR3D_FREQ 29% cpu@57.656C soc2@55.593C soc0@57.406C gpu@58.656C tj@58.656C soc1@57.375C VDD_IN 10336mW/9666mW VDD_CPU_GPU_CV 3115mW/2738mW VDD_SOC 3920mW/3765mW
08-01-2026 20:33:01 RAM 2997/7620MB (lfb 6x4MB) SWAP 0/3810MB (cached 0MB) CPU [1%@729,0%@729,0%@729,1%@729,34%@1728,54%@1728] GR3D_FREQ 30% cpu@57.968C soc2@55.812C soc0@57.281C gpu@58.656C tj@58.656C soc1@57.468C VDD_IN 10296mW/9667mW VDD_CPU_GPU_CV 3035mW/2738mW VDD_SOC 3920mW/3765mW
08-01-2026 20:33:02 RAM 2997/7620MB (lfb 6x4MB) SWAP 0/3810MB (cached 0MB) CPU [1%@729,0%@729,0%@729,0%@729,90%@1728,0%@1728] GR3D_FREQ 29% cpu@58.062C soc2@55.75C soc0@57.375C gpu@58.593C tj@58.593C soc1@57.312C VDD_IN 10216mW/9667mW VDD_CPU_GPU_CV 3080mW/2738mW VDD_SOC 3880mW/3765mW
08-01-2026 20:33:03 RAM 2997/7620MB (lfb 6x4MB) SWAP 0/3810MB (cached 0MB) CPU [1%@729,0%@729,0%@729,1%@729,89%@1728,0%@1728] GR3D_FREQ 29% cpu@58.312C soc2@55.687C soc0@57.281C gpu@58.562C tj@58.562C soc1@57.375C VDD_IN 10176mW/9667mW VDD_CPU_GPU_CV 3040mW/2739mW VDD_SOC 3880mW/3765mW
08-01-2026 20:33:04 RAM 2997/7620MB (lfb 6x4MB) SWAP 0/3810MB (cached 0MB) CPU [2%@729,1%@729,0%@729,1%@729,91%@1728,0%@1728] GR3D_FREQ 28% cpu@57.937C soc2@55.625C soc0@57.312C gpu@58.437C tj@58.437C soc1@57.343C VDD_IN 10136mW/9668mW VDD_CPU_GPU_CV 3040mW/2739mW VDD_SOC 3880mW/3765mW
08-01-2026 20:33:05 RAM 2997/7620MB (lfb 6x4MB) SWAP 0/3810MB (cached 0MB) CPU [1%@729,0%@729,0%@729,1%@729,91%@1728,0%@1728] GR3D_FREQ 30% cpu@57.937C soc2@55.781C soc0@57.375C gpu@58.406C tj@58.406C soc1@57.562C VDD_IN 10096mW/9668mW VDD_CPU_GPU_CV 3000mW/2739mW VDD_SOC 3840mW/3766mW
08-01-2026 20:33:06 RAM 2997/7620MB (lfb 6x4MB) SWAP 0/3810MB (cached 0MB) CPU [1%@729,0%@729,0%@729,0%@729,89%@1728,0%@1728] GR3D_FREQ 30% cpu@57.875C soc2@55.531C soc0@57.5C gpu@58.343C tj@58.343C soc1@57.375C VDD_IN 10016mW/9669mW VDD_CPU_GPU_CV 2920mW/2739mW VDD_SOC 3840mW/3766mW
08-01-2026 20:33:07 RAM 2997/7620MB (lfb 6x4MB) SWAP 0/3810MB (cached 0MB) CPU [3%@729,0%@729,0%@729,0%@729,90%@1728,0%@1728] GR3D_FREQ 30% cpu@57.968C soc2@55.625C soc0@57.312C gpu@58.406C tj@58.687C soc1@57.375C VDD_IN 9895mW/9669mW VDD_CPU_GPU_CV 2880mW/2739mW VDD_SOC 3846mW/3766mW
08-01-2026 20:33:08 RAM 2997/7620MB (lfb 6x4MB) SWAP 0/3810MB (cached 0MB) CPU [1%@729,0%@729,0%@729,0%@729,89%@1728,0%@1728] GR3D_FREQ 30% cpu@58.125C soc2@55.625C soc0@57.375C gpu@58.562C tj@58.562C soc1@57.375C VDD_IN 9855mW/9669mW VDD_CPU_GPU_CV 2840mW/2739mW VDD_SOC 3846mW/3766mW
08-01-2026 20:33:09 RAM 2997/7620MB (lfb 6x4MB) SWAP 0/3810MB (cached 0MB) CPU [1%@729,0%@729,0%@729,0%@729,90%@1728,0%@1728] GR3D_FREQ 28% cpu@57.843C soc2@55.656C soc0@57.343C gpu@58.656C tj@58.656C soc1@57.375C VDD_IN 9855mW/9669mW VDD_CPU_GPU_CV 2840mW/2740mW VDD_SOC 3846mW/3766mW
08-01-2026 20:33:10 RAM 2997/7620MB (lfb 6x4MB) SWAP 0/3810MB (cached 0MB) CPU [2%@729,0%@729,0%@729,0%@729,89%@1728,0%@1728] GR3D_FREQ 28% cpu@57.968C soc2@55.5C soc0@57.343C gpu@58.687C tj@58.687C soc1@57.468C VDD_IN 9815mW/9669mW VDD_CPU_GPU_CV 2800mW/2740mW VDD_SOC 3806mW/3766mW
08-01-2026 20:33:11 RAM 2997/7620MB (lfb 6x4MB) SWAP 0/3810MB (cached 0MB) CPU [1%@729,1%@729,0%@729,0%@729,92%@1728,0%@1728] GR3D_FREQ 30% cpu@58.062C soc2@55.656C soc0@57.281C gpu@58.312C tj@58.312C soc1@57.312C VDD_IN 9775mW/9669mW VDD_CPU_GPU_CV 2800mW/2740mW VDD_SOC 3806mW/3766mW
08-01-2026 20:33:12 RAM 2997/7620MB (lfb 6x4MB) SWAP 0/3810MB (cached 0MB) CPU [1%@729,0%@729,1%@729,0%@729,90%@1728,0%@1728] GR3D_FREQ 30% cpu@57.875C soc2@55.593C soc0@57.343C gpu@58.343C tj@58.343C soc1@57.468C VDD_IN 9735mW/9669mW VDD_CPU_GPU_CV 2760mW/2740mW VDD_SOC 3806mW/3766mW
08-01-2026 20:33:13 RAM 2997/7620MB (lfb 6x4MB) SWAP 0/3810MB (cached 0MB) CPU [1%@729,1%@729,0%@729,0%@729,90%@1728,0%@1728] GR3D_FREQ 30% cpu@58.156C soc2@55.562C soc0@57.312C gpu@58.437C tj@58.437C soc1@57.437C VDD_IN 9695mW/9669mW VDD_CPU_GPU_CV 2760mW/2740mW VDD_SOC 3766mW/3766mW
08-01-2026 20:33:14 RAM 2997/7620MB (lfb 6x4MB) SWAP 0/3810MB (cached 0MB) CPU [1%@729,1%@729,1%@729,0%@729,91%@1728,0%@1728] GR3D_FREQ 28% cpu@58.125C soc2@55.562C soc0@57.281C gpu@58.343C tj@58.343C soc1@57.406C VDD_IN 9695mW/9669mW VDD_CPU_GPU_CV 2800mW/2740mW VDD_SOC 3766mW/3766mW
08-01-2026 20:33:15 RAM 2997/7620MB (lfb 6x4MB) SWAP 0/3810MB (cached 0MB) CPU [1%@729,1%@729,0%@729,0%@729,90%@1728,0%@1728] GR3D_FREQ 29% cpu@57.968C soc2@55.625C soc0@57.281C gpu@58.5C tj@58.5C soc1@57.281C VDD_IN 9655mW/9669mW VDD_CPU_GPU_CV 2760mW/2740mW VDD_SOC 3766mW/3766mW
08-01-2026 20:33:16 RAM 2997/7620MB (lfb 6x4MB) SWAP 0/3810MB (cached 0MB) CPU [1%@729,2%@729,0%@729,0%@729,91%@1728,0%@1728] GR3D_FREQ 30% cpu@57.968C soc2@55.562C soc0@57.281C gpu@58.281C tj@58.281C soc1@57.375C VDD_IN 9655mW/9669mW VDD_CPU_GPU_CV 2760mW/2740mW VDD_SOC 3766mW/3766mW
08-01-2026 20:33:17 RAM 2997/7620MB (lfb 6x4MB) SWAP 0/3810MB (cached 0MB) CPU [2%@729,0%@729,0%@729,0%@729,90%@1728,0%@1728] GR3D_FREQ 28% cpu@58.031C soc2@55.593C soc0@57.343C gpu@58.375C tj@58.375C soc1@57.343C VDD_IN 9655mW/9669mW VDD_CPU_GPU_CV 2720mW/2740mW VDD_SOC 3766mW/3766mW
08-01-2026 20:33:18 RAM 2997/7620MB (lfb 6x4MB) SWAP 0/3810MB (cached 0MB) CPU [1%@729,1%@729,0%@729,0%@729,90%@1728,0%@1728] GR3D_FREQ 28% cpu@57.843C soc2@55.625C soc0@57.375C gpu@58.281C tj@58.281C soc1@57.343C VDD_IN 9615mW/9669mW VDD_CPU_GPU_CV 2720mW/2740mW VDD_SOC 3766mW/3766mW
08-01-2026 20:33:19 RAM 2997/7620MB (lfb 6x4MB) SWAP 0/3810MB (cached 0MB) CPU [1%@729,0%@729,0%@729,0%@729,91%@1728,0%@1728] GR3D_FREQ 28% cpu@57.937C soc2@55.562C soc0@57.375C gpu@58.406C tj@58.406C soc1@57.281C VDD_IN 9615mW/9669mW VDD_CPU_GPU_CV 2720mW/2740mW VDD_SOC 3766mW/3766mW
08-01-2026 20:33:20 RAM 2997/7620MB (lfb 6x4MB) SWAP 0/3810MB (cached 0MB) CPU [1%@729,1%@729,0%@729,0%@729,91%@1728,0%@1728] GR3D_FREQ 29% cpu@58.156C soc2@55.562C soc0@57.468C gpu@58.468C tj@58.468C soc1@57.406C VDD_IN 9655mW/9669mW VDD_CPU_GPU_CV 2760mW/2740mW VDD_SOC 3766mW/3766mW
08-01-2026 20:33:21 RAM 2997/7620MB (lfb 6x4MB) SWAP 0/3810MB (cached 0MB) CPU [1%@729,1%@729,1%@729,0%@729,91%@1728,0%@1728] GR3D_FREQ 30% cpu@58.125C soc2@55.562C soc0@57.468C gpu@58.5C tj@58.5C soc1@57.281C VDD_IN 9615mW/9669mW VDD_CPU_GPU_CV 2680mW/2740mW VDD_SOC 3725mW/3766mW
08-01-2026 20:33:22 RAM 2997/7620MB (lfb 6x4MB) SWAP 0/3810MB (cached 0MB) CPU [1%@729,1%@729,0%@729,0%@729,91%@1728,0%@1728] GR3D_FREQ 36% cpu@57.937C soc2@55.625C soc0@57.343C gpu@58.593C tj@58.593C soc1@57.406C VDD_IN 9535mW/9669mW VDD_CPU_GPU_CV 2680mW/2740mW VDD_SOC 3725mW/3766mW
08-01-2026 20:33:23 RAM 2997/7620MB (lfb 6x4MB) SWAP 0/3810MB (cached 0MB) CPU [0%@729,1%@729,0%@729,0%@729,90%@1728,0%@1728] GR3D_FREQ 39% cpu@58.093C soc2@55.656C soc0@57.312C gpu@58.156C tj@58.156C soc1@57.406C VDD_IN 9495mW/9669mW VDD_CPU_GPU_CV 2640mW/2740mW VDD_SOC 3725mW/3766mW
08-01-2026 20:33:24 RAM 2997/7620MB (lfb 6x4MB) SWAP 0/3810MB (cached 0MB) CPU [2%@729,0%@729,0%@729,0%@729,90%@1728,0%@1728] GR3D_FREQ 40% cpu@57.968C soc2@55.593C soc0@57.468C gpu@58.375C tj@58.375C soc1@57.437C VDD_IN 9455mW/9669mW VDD_CPU_GPU_CV 2640mW/2739mW VDD_SOC 3725mW/3766mW
08-01-2026 20:33:25 RAM 2997/7620MB (lfb 6x4MB) SWAP 0/3810MB (cached 0MB) CPU [1%@729,1%@729,0%@729,0%@729,90%@1728,0%@1728] GR3D_FREQ 40% cpu@57.968C soc2@55.562C soc0@57.5C gpu@58.312C tj@58.312C soc1@57.406C VDD_IN 9510mW/9669mW VDD_CPU_GPU_CV 2600mW/2739mW VDD_SOC 3725mW/3766mW
08-01-2026 20:33:26 RAM 2997/7620MB (lfb 6x4MB) SWAP 0/3810MB (cached 0MB) CPU [1%@729,0%@729,0%@729,0%@729,91%@1728,0%@1728] GR3D_FREQ 39% cpu@57.906C soc2@55.656C soc0@57.437C gpu@58.156C tj@58.156C soc1@57.468C VDD_IN 9389mW/9668mW VDD_CPU_GPU_CV 2560mW/2739mW VDD_SOC 3725mW/3766mW
08-01-2026 20:33:27 RAM 2997/7620MB (lfb 6x4MB) SWAP 0/3810MB (cached 0MB) CPU [2%@729,0%@729,0%@729,0%@729,90%@1728,0%@1728] GR3D_FREQ 40% cpu@57.906C soc2@55.593C soc0@57.468C gpu@58.468C tj@58.468C soc1@57.5C VDD_IN 9430mW/9668mW VDD_CPU_GPU_CV 2520mW/2739mW VDD_SOC 3685mW/3766mW
08-01-2026 20:33:28 RAM 2997/7620MB (lfb 6x4MB) SWAP 0/3810MB (cached 0MB) CPU [1%@729,0%@729,1%@729,0%@729,90%@1728,0%@1728] GR3D_FREQ 40% cpu@58.187C soc2@55.625C soc0@57.343C gpu@58.437C tj@58.437C soc1@57.531C VDD_IN 9389mW/9668mW VDD_CPU_GPU_CV 2520mW/2739mW VDD_SOC 3685mW/3766mW
08-01-2026 20:33:29 RAM 2997/7620MB (lfb 6x4MB) SWAP 0/3810MB (cached 0MB) CPU [1%@729,1%@729,0%@729,0%@729,90%@1728,0%@1728] GR3D_FREQ 40% cpu@57.906C soc2@55.625C soc0@57.343C gpu@58.218C tj@58.218C soc1@57.468C VDD_IN 9349mW/9668mW VDD_CPU_GPU_CV 2560mW/2739mW VDD_SOC 3685mW/3766mW
08-01-2026 20:33:30 RAM 2997/7620MB (lfb 6x4MB) SWAP 0/3810MB (cached 0MB) CPU [1%@729,0%@729,0%@729,0%@729,90%@1728,0%@1728] GR3D_FREQ 38% cpu@57.843C soc2@55.656C soc0@57.375C gpu@58.5C tj@58.5C soc1@57.437C VDD_IN 9389mW/9667mW VDD_CPU_GPU_CV 2520mW/2739mW VDD_SOC 3685mW/3765mW
08-01-2026 20:33:31 RAM 2997/7620MB (lfb 6x4MB) SWAP 0/3810MB (cached 0MB) CPU [0%@729,0%@729,0%@729,0%@729,89%@1728,0%@1728] GR3D_FREQ 40% cpu@58.156C soc2@55.687C soc0@57.343C gpu@58.5C tj@58.5C soc1@57.437C VDD_IN 9269mW/9667mW VDD_CPU_GPU_CV 2480mW/2738mW VDD_SOC 3685mW/3765mW
08-01-2026 20:33:32 RAM 2997/7620MB (lfb 6x4MB) SWAP 0/3810MB (cached 0MB) CPU [2%@729,1%@729,0%@729,0%@729,90%@1728,0%@1728] GR3D_FREQ 40% cpu@57.937C soc2@55.593C soc0@57.468C gpu@58.281C tj@58.281C soc1@57.468C VDD_IN 9269mW/9667mW VDD_CPU_GPU_CV 2480mW/2738mW VDD_SOC 3685mW/3765mW
08-01-2026 20:33:33 RAM 2997/7620MB (lfb 6x4MB) SWAP 0/3810MB (cached 0MB) CPU [56%@1728,0%@1728,0%@1728,0%@1728,34%@729,0%@729] GR3D_FREQ 38% cpu@57.812C soc2@55.812C soc0@57.281C gpu@58.281C tj@58.281C soc1@57.468C VDD_IN 9149mW/9666mW VDD_CPU_GPU_CV 2400mW/2738mW VDD_SOC 3685mW/3765mW
08-01-2026 20:33:34 RAM 2997/7620MB (lfb 6x4MB) SWAP 0/3810MB (cached 0MB) CPU [65%@729,1%@729,1%@729,0%@729,27%@1728,0%@1728] GR3D_FREQ 40% cpu@57.75C soc2@55.718C soc0@57.406C gpu@58.343C tj@58.343C soc1@57.5C VDD_IN 9189mW/9666mW VDD_CPU_GPU_CV 2440mW/2738mW VDD_SOC 3685mW/3765mW
08-01-2026 20:33:35 RAM 2997/7620MB (lfb 6x4MB) SWAP 0/3810MB (cached 0MB) CPU [0%@729,0%@729,1%@729,0%@729,90%@1728,0%@1728] GR3D_FREQ 40% cpu@57.937C soc2@55.437C soc0@57.406C gpu@58.093C tj@58.093C soc1@57.375C VDD_IN 9269mW/9666mW VDD_CPU_GPU_CV 2440mW/2737mW VDD_SOC 3685mW/3765mW
08-01-2026 20:33:36 RAM 2997/7620MB (lfb 6x4MB) SWAP 0/3810MB (cached 0MB) CPU [1%@729,3%@729,0%@729,0%@729,91%@1728,0%@1728] GR3D_FREQ 40% cpu@57.968C soc2@55.531C soc0@57.437C gpu@58.187C tj@58.187C soc1@57.375C VDD_IN 9269mW/9665mW VDD_CPU_GPU_CV 2483mW/2737mW VDD_SOC 3645mW/3765mW
08-01-2026 20:33:37 RAM 2997/7620MB (lfb 6x4MB) SWAP 0/3810MB (cached 0MB) CPU [1%@729,1%@729,0%@729,0%@729,15%@1728,75%@1728] GR3D_FREQ 40% cpu@57.656C soc2@55.468C soc0@57.5C gpu@58.125C tj@58.125C soc1@57.406C VDD_IN 9229mW/9665mW VDD_CPU_GPU_CV 2440mW/2737mW VDD_SOC 3685mW/3765mW
08-01-2026 20:33:38 RAM 2997/7620MB (lfb 6x4MB) SWAP 0/3810MB (cached 0MB) CPU [0%@729,1%@729,0%@729,0%@729,0%@1728,90%@1728] GR3D_FREQ 38% cpu@57.75C soc2@55.5C soc0@57.281C gpu@58.156C tj@58.156C soc1@57.375C VDD_IN 9149mW/9664mW VDD_CPU_GPU_CV 2440mW/2737mW VDD_SOC 3645mW/3765mW
08-01-2026 20:33:39 RAM 2997/7620MB (lfb 6x4MB) SWAP 0/3810MB (cached 0MB) CPU [2%@729,0%@729,1%@729,0%@729,0%@1728,89%@1728] GR3D_FREQ 40% cpu@57.687C soc2@55.531C soc0@57.343C gpu@58.156C tj@58.156C soc1@57.406C VDD_IN 9149mW/9664mW VDD_CPU_GPU_CV 2400mW/2736mW VDD_SOC 3645mW/3765mW
08-01-2026 20:33:40 RAM 2997/7620MB (lfb 6x4MB) SWAP 0/3810MB (cached 0MB) CPU [1%@729,0%@729,1%@729,0%@729,0%@1728,90%@1728] GR3D_FREQ 40% cpu@57.812C soc2@55.625C soc0@57.312C gpu@58.156C tj@58.156C soc1@57.437C VDD_IN 9149mW/9664mW VDD_CPU_GPU_CV 2400mW/2736mW VDD_SOC 3645mW/3765mW
08-01-2026 20:33:41 RAM 2997/7620MB (lfb 6x4MB) SWAP 0/3810MB (cached 0MB) CPU [0%@729,0%@729,0%@729,0%@729,0%@1728,89%@1728] GR3D_FREQ 40% cpu@57.812C soc2@55.531C soc0@57.343C gpu@58.156C tj@58.156C soc1@57.375C VDD_IN 9109mW/9663mW VDD_CPU_GPU_CV 2363mW/2736mW VDD_SOC 3645mW/3765mW
08-01-2026 20:33:42 RAM 2997/7620MB (lfb 6x4MB) SWAP 0/3810MB (cached 0MB) CPU [1%@729,1%@729,0%@729,0%@729,1%@1728,91%@1728] GR3D_FREQ 38% cpu@57.593C soc2@55.625C soc0@57.343C gpu@58.125C tj@58.125C soc1@57.468C VDD_IN 9149mW/9663mW VDD_CPU_GPU_CV 2403mW/2735mW VDD_SOC 3645mW/3764mW
08-01-2026 20:33:43 RAM 2997/7620MB (lfb 6x4MB) SWAP 0/3810MB (cached 0MB) CPU [1%@1728,1%@1728,1%@1728,0%@1728,0%@1728,91%@1728] GR3D_FREQ 40% cpu@57.562C soc2@55.531C soc0@57.468C gpu@58.218C tj@58.218C soc1@57.406C VDD_IN 9068mW/9662mW VDD_CPU_GPU_CV 2363mW/2735mW VDD_SOC 3645mW/3764mW
08-01-2026 20:33:44 RAM 2997/7620MB (lfb 6x4MB) SWAP 0/3810MB (cached 0MB) CPU [1%@729,1%@729,1%@729,0%@729,0%@1728,89%@1728] GR3D_FREQ 40% cpu@57.812C soc2@55.593C soc0@57.468C gpu@58.218C tj@58.218C soc1@57.406C VDD_IN 9068mW/9662mW VDD_CPU_GPU_CV 2363mW/2735mW VDD_SOC 3645mW/3764mW
08-01-2026 20:33:45 RAM 2997/7620MB (lfb 6x4MB) SWAP 0/3810MB (cached 0MB) CPU [1%@729,1%@729,1%@729,0%@729,0%@1728,91%@1728] GR3D_FREQ 40% cpu@57.75C soc2@55.468C soc0@57.5C gpu@58.156C tj@58.156C soc1@57.343C VDD_IN 9068mW/9661mW VDD_CPU_GPU_CV 2363mW/2735mW VDD_SOC 3605mW/3764mW
08-01-2026 20:33:46 RAM 2997/7620MB (lfb 6x4MB) SWAP 0/3810MB (cached 0MB) CPU [1%@729,1%@729,1%@729,0%@729,0%@1728,90%@1728] GR3D_FREQ 24% cpu@57.687C soc2@55.562C soc0@57.312C gpu@58.281C tj@58.281C soc1@57.437C VDD_IN 8988mW/9661mW VDD_CPU_GPU_CV 2323mW/2734mW VDD_SOC 3645mW/3764mW
08-01-2026 20:33:47 RAM 2997/7620MB (lfb 6x4MB) SWAP 0/3810MB (cached 0MB) CPU [0%@729,0%@729,0%@729,0%@729,0%@1728,89%@1728] GR3D_FREQ 34% cpu@58C soc2@55.593C soc0@57.375C gpu@58.437C tj@58.437C soc1@57.468C VDD_IN 9109mW/9660mW VDD_CPU_GPU_CV 2403mW/2734mW VDD_SOC 3645mW/3764mW
08-01-2026 20:33:48 RAM 2997/7620MB (lfb 6x4MB) SWAP 0/3810MB (cached 0MB) CPU [2%@729,1%@729,0%@729,1%@729,0%@1728,88%@1728] GR3D_FREQ 94% cpu@57.625C soc2@55.5C soc0@57.437C gpu@58.5C tj@58.5C soc1@57.5C VDD_IN 9229mW/9660mW VDD_CPU_GPU_CV 2440mW/2734mW VDD_SOC 3685mW/3764mW
08-01-2026 20:33:49 RAM 2997/7620MB (lfb 6x4MB) SWAP 0/3810MB (cached 0MB) CPU [1%@729,0%@729,0%@729,0%@729,0%@1267,88%@1267] GR3D_FREQ 99% cpu@57.718C soc2@55.562C soc0@57.281C gpu@58.875C tj@58.875C soc1@57.312C VDD_IN 9510mW/9660mW VDD_CPU_GPU_CV 2560mW/2734mW VDD_SOC 3725mW/3764mW
08-01-2026 20:33:50 RAM 2997/7620MB (lfb 6x4MB) SWAP 0/3810MB (cached 0MB) CPU [0%@729,0%@729,0%@729,1%@729,0%@883,88%@883] GR3D_FREQ 99% cpu@57.875C soc2@55.718C soc0@57.312C gpu@59.093C tj@59.093C soc1@57.437C VDD_IN 9695mW/9660mW VDD_CPU_GPU_CV 2680mW/2734mW VDD_SOC 3806mW/3764mW
08-01-2026 20:33:51 RAM 2997/7620MB (lfb 6x4MB) SWAP 0/3810MB (cached 0MB) CPU [1%@729,1%@729,0%@729,0%@729,0%@1728,89%@1728] GR3D_FREQ 90% cpu@57.75C soc2@55.625C soc0@57.375C gpu@59.125C tj@59.125C soc1@57.531C VDD_IN 10256mW/9660mW VDD_CPU_GPU_CV 3035mW/2734mW VDD_SOC 3920mW/3764mW
08-01-2026 20:33:52 RAM 2997/7620MB (lfb 6x4MB) SWAP 0/3810MB (cached 0MB) CPU [1%@729,1%@729,0%@729,0%@729,0%@1190,89%@1190] GR3D_FREQ 90% cpu@57.937C soc2@55.75C soc0@57.343C gpu@59.437C tj@59.437C soc1@57.437C VDD_IN 10680mW/9661mW VDD_CPU_GPU_CV 3314mW/2734mW VDD_SOC 4040mW/3764mW
08-01-2026 20:33:53 RAM 2997/7620MB (lfb 6x4MB) SWAP 0/3810MB (cached 0MB) CPU [0%@729,1%@729,0%@729,0%@729,0%@806,88%@806] GR3D_FREQ 99% cpu@58C soc2@55.812C soc0@57.343C gpu@59.593C tj@59.593C soc1@57.406C VDD_IN 11080mW/9662mW VDD_CPU_GPU_CV 3474mW/2735mW VDD_SOC 4120mW/3765mW
08-01-2026 20:33:54 RAM 2997/7620MB (lfb 6x4MB) SWAP 0/3810MB (cached 0MB) CPU [2%@729,1%@729,0%@729,0%@729,0%@1651,91%@1651] GR3D_FREQ 89% cpu@57.75C soc2@55.781C soc0@57.406C gpu@59.531C tj@59.531C soc1@57.437C VDD_IN 11400mW/9664mW VDD_CPU_GPU_CV 3708mW/2736mW VDD_SOC 4153mW/3765mW
08-01-2026 20:33:55 RAM 2997/7620MB (lfb 6x4MB) SWAP 0/3810MB (cached 0MB) CPU [2%@729,0%@729,1%@729,0%@729,0%@1574,90%@1574] GR3D_FREQ 29% cpu@57.781C soc2@55.812C soc0@57.312C gpu@59.468C tj@59.468C soc1@57.468C VDD_IN 11280mW/9665mW VDD_CPU_GPU_CV 3668mW/2736mW VDD_SOC 4153mW/3765mW
08-01-2026 20:33:56 RAM 2997/7620MB (lfb 6x4MB) SWAP 0/3810MB (cached 0MB) CPU [2%@729,0%@729,0%@729,0%@729,0%@1574,88%@1574] GR3D_FREQ 36% cpu@57.843C soc2@55.718C soc0@57.5C gpu@59.031C tj@59.031C soc1@57.343C VDD_IN 11200mW/9666mW VDD_CPU_GPU_CV 3668mW/2737mW VDD_SOC 4160mW/3765mW
08-01-2026 20:33:57 RAM 2997/7620MB (lfb 6x4MB) SWAP 0/3810MB (cached 0MB) CPU [1%@729,0%@729,0%@729,1%@729,0%@1728,91%@1728] GR3D_FREQ 45% cpu@57.937C soc2@55.718C soc0@57.343C gpu@58.875C tj@58.875C soc1@57.468C VDD_IN 11480mW/9668mW VDD_CPU_GPU_CV 3827mW/2738mW VDD_SOC 4153mW/3766mW
08-01-2026 20:33:58 RAM 2997/7620MB (lfb 6x4MB) SWAP 0/3810MB (cached 0MB) CPU [1%@729,0%@729,0%@729,0%@729,0%@1728,90%@1728] GR3D_FREQ 38% cpu@57.937C soc2@55.75C soc0@57.437C gpu@58.843C tj@58.843C soc1@57.468C VDD_IN 11240mW/9669mW VDD_CPU_GPU_CV 3634mW/2739mW VDD_SOC 4113mW/3766mW
08-01-2026 20:33:59 RAM 2997/7620MB (lfb 6x4MB) SWAP 0/3810MB (cached 0MB) CPU [2%@729,0%@729,0%@729,2%@729,17%@1728,73%@1728] GR3D_FREQ 33% cpu@57.937C soc2@55.718C soc0@57.406C gpu@58.812C tj@58.812C soc1@57.468C VDD_IN 11160mW/9670mW VDD_CPU_GPU_CV 3674mW/2740mW VDD_SOC 4113mW/3766mW
08-01-2026 20:34:00 RAM 2997/7620MB (lfb 6x4MB) SWAP 0/3810MB (cached 0MB) CPU [1%@729,0%@729,0%@729,0%@729,91%@1728,0%@1728] GR3D_FREQ 24% cpu@57.937C soc2@55.718C soc0@57.406C gpu@58.531C tj@58.531C soc1@57.312C VDD_IN 11040mW/9671mW VDD_CPU_GPU_CV 3548mW/2740mW VDD_SOC 4080mW/3767mW
08-01-2026 20:34:01 RAM 2997/7620MB (lfb 6x4MB) SWAP 0/3810MB (cached 0MB) CPU [1%@729,0%@729,0%@729,0%@729,90%@1728,0%@1728] GR3D_FREQ 23% cpu@58.062C soc2@55.75C soc0@57.343C gpu@58.5C tj@58.5C soc1@57.312C VDD_IN 10880mW/9672mW VDD_CPU_GPU_CV 3394mW/2741mW VDD_SOC 4040mW/3767mW
08-01-2026 20:34:02 RAM 2997/7620MB (lfb 6x4MB) SWAP 0/3810MB (cached 0MB) CPU [1%@729,0%@729,0%@729,0%@729,91%@1728,0%@1728] GR3D_FREQ 24% cpu@57.781C soc2@55.781C soc0@57.375C gpu@58.531C tj@58.531C soc1@57.406C VDD_IN 10760mW/9673mW VDD_CPU_GPU_CV 3434mW/2741mW VDD_SOC 4040mW/3767mW
08-01-2026 20:34:03 RAM 2997/7620MB (lfb 6x4MB) SWAP 0/3810MB (cached 0MB) CPU [2%@729,0%@729,0%@729,0%@729,89%@1728,0%@1728] GR3D_FREQ 22% cpu@58.218C soc2@55.75C soc0@57.406C gpu@58.468C tj@58.468C soc1@57.468C VDD_IN 10720mW/9674mW VDD_CPU_GPU_CV 3394mW/2742mW VDD_SOC 4000mW/3767mW
08-01-2026 20:34:04 RAM 2997/7620MB (lfb 6x4MB) SWAP 0/3810MB (cached 0MB) CPU [1%@729,0%@729,0%@729,1%@729,65%@1728,22%@1728] GR3D_FREQ 28% cpu@57.656C soc2@55.687C soc0@57.406C gpu@58.562C tj@58.562C soc1@57.5C VDD_IN 10416mW/9675mW VDD_CPU_GPU_CV 3035mW/2742mW VDD_SOC 4000mW/3767mW
08-01-2026 20:34:05 RAM 2997/7620MB (lfb 6x4MB) SWAP 0/3810MB (cached 0MB) CPU [1%@729,0%@729,1%@729,0%@729,0%@1728,91%@1728] GR3D_FREQ 22% cpu@57.75C soc2@55.656C soc0@57.5C gpu@58.687C tj@58.687C soc1@57.406C VDD_IN 10840mW/9676mW VDD_CPU_GPU_CV 3474mW/2743mW VDD_SOC 4000mW/3768mW
08-01-2026 20:34:06 RAM 2997/7620MB (lfb 6x4MB) SWAP 0/3810MB (cached 0MB) CPU [1%@729,1%@729,1%@729,1%@729,0%@1728,90%@1728] GR3D_FREQ 24% cpu@57.812C soc2@55.656C soc0@57.406C gpu@58.562C tj@58.562C soc1@57.406C VDD_IN 10680mW/9676mW VDD_CPU_GPU_CV 3314mW/2743mW VDD_SOC 4000mW/3768mW
08-01-2026 20:34:07 RAM 2997/7620MB (lfb 6x4MB) SWAP 0/3810MB (cached 0MB) CPU [1%@729,0%@729,0%@729,1%@729,0%@1728,89%@1728] GR3D_FREQ 26% cpu@57.812C soc2@55.687C soc0@57.406C gpu@58.625C tj@58.625C soc1@57.375C VDD_IN 10616mW/9677mW VDD_CPU_GPU_CV 3274mW/2744mW VDD_SOC 4000mW/3768mW
08-01-2026 20:34:08 RAM 2997/7620MB (lfb 6x4MB) SWAP 0/3810MB (cached 0MB) CPU [1%@729,0%@729,0%@729,1%@729,0%@1728,89%@1728] GR3D_FREQ 28% cpu@57.625C soc2@55.562C soc0@57.406C gpu@58.562C tj@58.562C soc1@57.468C VDD_IN 10536mW/9678mW VDD_CPU_GPU_CV 3234mW/2744mW VDD_SOC 3960mW/3768mW
08-01-2026 20:34:09 RAM 2997/7620MB (lfb 6x4MB) SWAP 0/3810MB (cached 0MB) CPU [1%@729,0%@729,0%@729,0%@729,0%@1728,90%@1728] GR3D_FREQ 30% cpu@57.687C soc2@55.656C soc0@57.5C gpu@58.5C tj@58.5C soc1@57.562C VDD_IN 10536mW/9679mW VDD_CPU_GPU_CV 3194mW/2744mW VDD_SOC 3960mW/3768mW
08-01-2026 20:34:10 RAM 2997/7620MB (lfb 6x4MB) SWAP 0/3810MB (cached 0MB) CPU [1%@729,1%@729,1%@729,1%@729,0%@1728,89%@1728] GR3D_FREQ 30% cpu@57.75C soc2@55.656C soc0@57.468C gpu@58.375C tj@58.375C soc1@57.343C VDD_IN 10536mW/9679mW VDD_CPU_GPU_CV 3194mW/2745mW VDD_SOC 3960mW/3768mW
08-01-2026 20:34:11 RAM 2997/7620MB (lfb 6x4MB) SWAP 0/3810MB (cached 0MB) CPU [0%@729,0%@729,0%@729,0%@729,0%@1728,90%@1728] GR3D_FREQ 28% cpu@57.718C soc2@55.718C soc0@57.406C gpu@58.375C tj@58.375C soc1@57.375C VDD_IN 10416mW/9680mW VDD_CPU_GPU_CV 3154mW/2745mW VDD_SOC 3920mW/3769mW
08-01-2026 20:34:12 RAM 2997/7620MB (lfb 6x4MB) SWAP 0/3810MB (cached 0MB) CPU [2%@729,1%@729,0%@729,0%@729,0%@1728,91%@1728] GR3D_FREQ 30% cpu@57.843C soc2@55.687C soc0@57.343C gpu@58.375C tj@58.375C soc1@57.437C VDD_IN 10336mW/9680mW VDD_CPU_GPU_CV 3154mW/2745mW VDD_SOC 3880mW/3769mW
08-01-2026 20:34:13 RAM 2997/7620MB (lfb 6x4MB) SWAP 0/3810MB (cached 0MB) CPU [1%@729,0%@729,1%@729,1%@729,0%@1728,89%@1728] GR3D_FREQ 30% cpu@57.593C soc2@55.75C soc0@57.375C gpu@58.343C tj@58.343C soc1@57.437C VDD_IN 10216mW/9681mW VDD_CPU_GPU_CV 3035mW/2746mW VDD_SOC 3880mW/3769mW
08-01-2026 20:34:14 RAM 2997/7620MB (lfb 6x4MB) SWAP 0/3810MB (cached 0MB) CPU [2%@729,0%@729,0%@729,0%@729,0%@1728,90%@1728] GR3D_FREQ 30% cpu@57.687C soc2@55.593C soc0@57.437C gpu@58.593C tj@58.593C soc1@57.406C VDD_IN 10256mW/9681mW VDD_CPU_GPU_CV 3035mW/2746mW VDD_SOC 3880mW/3769mW
08-01-2026 20:34:15 RAM 2997/7620MB (lfb 6x4MB) SWAP 0/3810MB (cached 0MB) CPU [1%@729,0%@729,0%@729,0%@729,0%@1728,89%@1728] GR3D_FREQ 30% cpu@57.75C soc2@55.687C soc0@57.437C gpu@58.625C tj@58.625C soc1@57.343C VDD_IN 10136mW/9682mW VDD_CPU_GPU_CV 3000mW/2746mW VDD_SOC 3880mW/3769mW
08-01-2026 20:34:16 RAM 2997/7620MB (lfb 6x4MB) SWAP 0/3810MB (cached 0MB) CPU [2%@729,0%@729,0%@729,0%@729,0%@1728,91%@1728] GR3D_FREQ 30% cpu@57.687C soc2@55.562C soc0@57.375C gpu@58.718C tj@58.718C soc1@57.437C VDD_IN 10176mW/9682mW VDD_CPU_GPU_CV 2995mW/2746mW VDD_SOC 3840mW/3769mW
08-01-2026 20:34:17 RAM 2997/7620MB (lfb 6x4MB) SWAP 0/3810MB (cached 0MB) CPU [1%@729,0%@729,0%@729,0%@729,0%@1728,90%@1728] GR3D_FREQ 30% cpu@57.843C soc2@55.656C soc0@57.343C gpu@58.656C tj@58.656C soc1@57.468C VDD_IN 9975mW/9682mW VDD_CPU_GPU_CV 2920mW/2746mW VDD_SOC 3846mW/3769mW
08-01-2026 20:34:18 RAM 2997/7620MB (lfb 6x4MB) SWAP 0/3810MB (cached 0MB) CPU [1%@729,0%@729,2%@729,0%@729,0%@1728,92%@1728] GR3D_FREQ 28% cpu@57.656C soc2@55.656C soc0@57.437C gpu@58.625C tj@58.625C soc1@57.531C VDD_IN 9975mW/9683mW VDD_CPU_GPU_CV 2880mW/2746mW VDD_SOC 3806mW/3769mW
08-01-2026 20:34:19 RAM 2997/7620MB (lfb 6x4MB) SWAP 0/3810MB (cached 0MB) CPU [1%@729,0%@729,1%@729,1%@729,0%@1728,89%@1728] GR3D_FREQ 28% cpu@57.718C soc2@55.656C soc0@57.437C gpu@58.625C tj@58.375C soc1@57.312C VDD_IN 9855mW/9683mW VDD_CPU_GPU_CV 2800mW/2746mW VDD_SOC 3806mW/3769mW
08-01-2026 20:34:20 RAM 2997/7620MB (lfb 6x4MB) SWAP 0/3810MB (cached 0MB) CPU [1%@729,0%@729,1%@729,0%@729,0%@1728,91%@1728] GR3D_FREQ 30% cpu@57.687C soc2@55.625C soc0@57.375C gpu@58.406C tj@58.406C soc1@57.375C VDD_IN 9815mW/9683mW VDD_CPU_GPU_CV 2840mW/2747mW VDD_SOC 3766mW/3769mW
08-01-2026 20:34:21 RAM 2997/7620MB (lfb 6x4MB) SWAP 0/3810MB (cached 0MB) CPU [1%@729,0%@729,0%@729,0%@729,52%@1728,38%@1728] GR3D_FREQ 30% cpu@58.093C soc2@55.593C soc0@57.312C gpu@58.343C tj@58.343C soc1@57.312C VDD_IN 9735mW/9683mW VDD_CPU_GPU_CV 2760mW/2747mW VDD_SOC 3766mW/3769mW
08-01-2026 20:34:22 RAM 2997/7620MB (lfb 6x4MB) SWAP 0/3810MB (cached 0MB) CPU [1%@729,0%@729,0%@729,0%@729,91%@1728,0%@1728] GR3D_FREQ 30% cpu@57.843C soc2@55.718C soc0@57.312C gpu@58.375C tj@58.375C soc1@57.406C VDD_IN 9695mW/9683mW VDD_CPU_GPU_CV 2760mW/2747mW VDD_SOC 3766mW/3769mW
08-01-2026 20:34:23 RAM 2997/7620MB (lfb 6x4MB) SWAP 0/3810MB (cached 0MB) CPU [1%@729,0%@729,0%@729,0%@729,90%@1728,0%@1728] GR3D_FREQ 30% cpu@57.968C soc2@55.625C soc0@57.375C gpu@58.468C tj@58.468C soc1@57.531C VDD_IN 9615mW/9683mW VDD_CPU_GPU_CV 2720mW/2747mW VDD_SOC 3766mW/3769mW
08-01-2026 20:34:24 RAM 2997/7620MB (lfb 6x4MB) SWAP 0/3810MB (cached 0MB) CPU [0%@729,0%@729,0%@729,0%@729,33%@1728,56%@1728] GR3D_FREQ 37% cpu@57.687C soc2@55.562C soc0@57.437C gpu@58.343C tj@58.343C soc1@57.343C VDD_IN 9575mW/9683mW VDD_CPU_GPU_CV 2720mW/2747mW VDD_SOC 3766mW/3769mW
08-01-2026 20:34:25 RAM 2997/7620MB (lfb 6x4MB) SWAP 0/3810MB (cached 0MB) CPU [2%@729,0%@729,0%@729,0%@729,0%@1728,91%@1728] GR3D_FREQ 30% cpu@57.75C soc2@55.593C soc0@57.375C gpu@58.375C tj@58.375C soc1@57.437C VDD_IN 9535mW/9683mW VDD_CPU_GPU_CV 2680mW/2747mW VDD_SOC 3766mW/3769mW
08-01-2026 20:34:26 RAM 2997/7620MB (lfb 6x4MB) SWAP 0/3810MB (cached 0MB) CPU [1%@729,0%@729,1%@729,0%@729,0%@1728,89%@1728] GR3D_FREQ 39% cpu@57.718C soc2@55.562C soc0@57.343C gpu@58.375C tj@58.375C soc1@57.375C VDD_IN 9455mW/9682mW VDD_CPU_GPU_CV 2640mW/2746mW VDD_SOC 3725mW/3769mW
08-01-2026 20:34:27 RAM 2997/7620MB (lfb 6x4MB) SWAP 0/3810MB (cached 0MB) CPU [1%@729,0%@729,0%@729,0%@729,0%@1728,91%@1728] GR3D_FREQ 38% cpu@57.75C soc2@55.593C soc0@57.375C gpu@58.343C tj@58.187C soc1@57.343C VDD_IN 9510mW/9682mW VDD_CPU_GPU_CV 2640mW/2746mW VDD_SOC 3725mW/3769mW
08-01-2026 20:34:28 RAM 2997/7620MB (lfb 6x4MB) SWAP 0/3810MB (cached 0MB) CPU [1%@729,0%@729,1%@729,0%@729,0%@1728,91%@1728] GR3D_FREQ 40% cpu@57.562C soc2@55.625C soc0@57.375C gpu@58.218C tj@58.218C soc1@57.437C VDD_IN 9374mW/9682mW VDD_CPU_GPU_CV 2600mW/2746mW VDD_SOC 3725mW/3769mW
08-01-2026 20:34:29 RAM 2997/7620MB (lfb 6x4MB) SWAP 0/3810MB (cached 0MB) CPU [0%@729,0%@729,0%@729,0%@729,0%@1728,90%@1728] GR3D_FREQ 37% cpu@57.5C soc2@55.687C soc0@57.375C gpu@58.218C tj@58.218C soc1@57.375C VDD_IN 9389mW/9682mW VDD_CPU_GPU_CV 2560mW/2746mW VDD_SOC 3685mW/3769mW
08-01-2026 20:34:30 RAM 2997/7620MB (lfb 6x4MB) SWAP 0/3810MB (cached 0MB) CPU [2%@729,0%@729,1%@729,0%@729,0%@1728,89%@1728] GR3D_FREQ 37% cpu@57.718C soc2@55.593C soc0@57.5C gpu@58.156C tj@58.156C soc1@57.437C VDD_IN 9349mW/9682mW VDD_CPU_GPU_CV 2480mW/2746mW VDD_SOC 3685mW/3769mW
08-01-2026 20:34:31 RAM 2997/7620MB (lfb 6x4MB) SWAP 0/3810MB (cached 0MB) CPU [1%@729,0%@729,0%@729,0%@729,0%@1728,89%@1728] GR3D_FREQ 40% cpu@57.718C soc2@55.593C soc0@57.343C gpu@58.281C tj@58.281C soc1@57.375C VDD_IN 9309mW/9681mW VDD_CPU_GPU_CV 2520mW/2746mW VDD_SOC 3685mW/3769mW
08-01-2026 20:34:32 RAM 2997/7620MB (lfb 6x4MB) SWAP 0/3810MB (cached 0MB) CPU [0%@729,0%@729,1%@729,0%@729,0%@1728,91%@1728] GR3D_FREQ 39% cpu@57.75C soc2@55.593C soc0@57.375C gpu@58.187C tj@58.187C soc1@57.437C VDD_IN 9309mW/9681mW VDD_CPU_GPU_CV 2480mW/2745mW VDD_SOC 3685mW/3769mW
08-01-2026 20:34:33 RAM 2997/7620MB (lfb 6x4MB) SWAP 0/3810MB (cached 0MB) CPU [1%@729,0%@729,0%@729,0%@729,0%@1728,90%@1728] GR3D_FREQ 37% cpu@57.593C soc2@55.625C soc0@57.468C gpu@58.187C tj@58.187C soc1@57.5C VDD_IN 9229mW/9681mW VDD_CPU_GPU_CV 2440mW/2745mW VDD_SOC 3685mW/3769mW
08-01-2026 20:34:34 RAM 2997/7620MB (lfb 6x4MB) SWAP 0/3810MB (cached 0MB) CPU [1%@729,0%@729,1%@729,0%@729,0%@1728,90%@1728] GR3D_FREQ 37% cpu@57.593C soc2@55.531C soc0@57.406C gpu@58.218C tj@58.218C soc1@57.5C VDD_IN 9189mW/9680mW VDD_CPU_GPU_CV 2443mW/2745mW VDD_SOC 3645mW/3769mW
08-01-2026 20:34:35 RAM 2997/7620MB (lfb 6x4MB) SWAP 0/3810MB (cached 0MB) CPU [0%@729,0%@729,1%@729,0%@729,0%@1728,89%@1728] GR3D_FREQ 40% cpu@57.718C soc2@55.531C soc0@57.468C gpu@58.375C tj@58.375C soc1@57.437C VDD_IN 9189mW/9680mW VDD_CPU_GPU_CV 2403mW/2745mW VDD_SOC 3645mW/3768mW
08-01-2026 20:34:36 RAM 2997/7620MB (lfb 6x4MB) SWAP 0/3810MB (cached 0MB) CPU [1%@729,1%@729,1%@729,1%@729,0%@1728,91%@1728] GR3D_FREQ 40% cpu@57.75C soc2@55.625C soc0@57.437C gpu@58.5C tj@58.5C soc1@57.437C VDD_IN 9149mW/9679mW VDD_CPU_GPU_CV 2403mW/2744mW VDD_SOC 3645mW/3768mW
08-01-2026 20:34:37 RAM 2997/7620MB (lfb 6x4MB) SWAP 0/3810MB (cached 0MB) CPU [1%@729,0%@729,0%@729,0%@729,0%@1728,91%@1728] GR3D_FREQ 37% cpu@57.781C soc2@55.625C soc0@57.281C gpu@58.468C tj@58.468C soc1@57.531C VDD_IN 9068mW/9679mW VDD_CPU_GPU_CV 2403mW/2744mW VDD_SOC 3645mW/3768mW
08-01-2026 20:34:38 RAM 2997/7620MB (lfb 6x4MB) SWAP 0/3810MB (cached 0MB) CPU [0%@729,1%@729,0%@729,1%@729,0%@1728,90%@1728] GR3D_FREQ 37% cpu@57.562C soc2@55.625C soc0@57.375C gpu@58.468C tj@58.468C soc1@57.437C VDD_IN 9109mW/9678mW VDD_CPU_GPU_CV 2363mW/2744mW VDD_SOC 3645mW/3768mW
08-01-2026 20:34:39 RAM 2997/7620MB (lfb 6x4MB) SWAP 0/3810MB (cached 0MB) CPU [2%@729,0%@729,0%@729,2%@729,0%@1728,91%@1728] GR3D_FREQ 39% cpu@57.687C soc2@55.625C soc0@57.343C gpu@58.531C tj@58.531C soc1@57.468C VDD_IN 9068mW/9678mW VDD_CPU_GPU_CV 2363mW/2744mW VDD_SOC 3605mW/3768mW
08-01-2026 20:34:40 RAM 2997/7620MB (lfb 6x4MB) SWAP 0/3810MB (cached 0MB) CPU [0%@729,1%@729,0%@729,0%@729,0%@1728,89%@1728] GR3D_FREQ 40% cpu@57.718C soc2@55.562C soc0@57.437C gpu@58.531C tj@58.531C soc1@57.468C VDD_IN 9028mW/9677mW VDD_CPU_GPU_CV 2323mW/2743mW VDD_SOC 3605mW/3768mW
08-01-2026 20:34:41 RAM 2997/7620MB (lfb 6x4MB) SWAP 0/3810MB (cached 0MB) CPU [1%@729,1%@729,0%@729,0%@729,0%@1728,89%@1728] GR3D_FREQ 35% cpu@57.656C soc2@55.593C soc0@57.312C gpu@58.593C tj@58.593C soc1@57.468C VDD_IN 8988mW/9677mW VDD_CPU_GPU_CV 2323mW/2743mW VDD_SOC 3605mW/3768mW
08-01-2026 20:34:42 RAM 2997/7620MB (lfb 6x4MB) SWAP 0/3810MB (cached 0MB) CPU [1%@729,0%@729,1%@729,0%@729,0%@1728,91%@1728] GR3D_FREQ 36% cpu@57.843C soc2@55.625C soc0@57.406C gpu@58.75C tj@58.5C soc1@57.406C VDD_IN 9149mW/9677mW VDD_CPU_GPU_CV 2403mW/2743mW VDD_SOC 3685mW/3768mW
08-01-2026 20:34:43 RAM 2997/7620MB (lfb 6x4MB) SWAP 0/3810MB (cached 0MB) CPU [1%@729,1%@729,0%@729,0%@729,3%@1728,85%@1728] GR3D_FREQ 98% cpu@57.562C soc2@55.593C soc0@57.406C gpu@58.5C tj@58.5C soc1@57.437C VDD_IN 9229mW/9676mW VDD_CPU_GPU_CV 2440mW/2742mW VDD_SOC 3685mW/3768mW
08-01-2026 20:34:44 RAM 2997/7620MB (lfb 6x4MB) SWAP 0/3810MB (cached 0MB) CPU [1%@729,1%@729,0%@729,0%@729,89%@1728,0%@1728] GR3D_FREQ 94% cpu@57.718C soc2@55.718C soc0@57.406C gpu@58.875C tj@58.875C soc1@57.531C VDD_IN 9430mW/9676mW VDD_CPU_GPU_CV 2600mW/2742mW VDD_SOC 3725mW/3768mW
08-01-2026 20:34:45 RAM 2997/7620MB (lfb 6x4MB) SWAP 0/3810MB (cached 0MB) CPU [1%@729,1%@729,1%@729,0%@729,89%@1574,0%@1574] GR3D_FREQ 99% cpu@57.843C soc2@55.531C soc0@57.437C gpu@58.906C tj@58.906C soc1@57.281C VDD_IN 9615mW/9676mW VDD_CPU_GPU_CV 2640mW/2742mW VDD_SOC 3766mW/3768mW
08-01-2026 20:34:46 RAM 2997/7620MB (lfb 6x4MB) SWAP 0/3810MB (cached 0MB) CPU [1%@729,2%@729,0%@729,0%@729,88%@960,0%@960] GR3D_FREQ 99% cpu@57.75C soc2@55.656C soc0@57.343C gpu@58.906C tj@58.906C soc1@57.437C VDD_IN 9815mW/9676mW VDD_CPU_GPU_CV 2760mW/2742mW VDD_SOC 3846mW/3768mW
08-01-2026 20:34:47 RAM 2997/7620MB (lfb 6x4MB) SWAP 0/3810MB (cached 0MB) CPU [1%@729,1%@729,0%@729,0%@729,89%@729,0%@729] GR3D_FREQ 99% cpu@57.906C soc2@55.687C soc0@57.281C gpu@59.031C tj@59.031C soc1@57.437C VDD_IN 9935mW/9676mW VDD_CPU_GPU_CV 2800mW/2742mW VDD_SOC 3886mW/3768mW
08-01-2026 20:34:48 RAM 2997/7620MB (lfb 6x4MB) SWAP 0/3810MB (cached 0MB) CPU [0%@1728,0%@1728,0%@1728,89%@1728,0%@729,0%@729] GR3D_FREQ 99% cpu@57.687C soc2@55.718C soc0@57.312C gpu@59C tj@58.875C soc1@57.468C VDD_IN 9975mW/9676mW VDD_CPU_GPU_CV 2840mW/2742mW VDD_SOC 3926mW/3768mW
08-01-2026 20:34:49 RAM 2997/7620MB (lfb 6x4MB) SWAP 0/3810MB (cached 0MB) CPU [5%@1728,1%@1728,0%@1728,85%@1728,0%@729,0%@729] GR3D_FREQ 99% cpu@57.781C soc2@55.843C soc0@57.437C gpu@59.031C tj@59.031C soc1@57.437C VDD_IN 10216mW/9677mW VDD_CPU_GPU_CV 2960mW/2743mW VDD_SOC 3920mW/3768mW
08-01-2026 20:34:50 RAM 2997/7620MB (lfb 6x4MB) SWAP 0/3810MB (cached 0MB) CPU [86%@1728,0%@1728,4%@1728,1%@1728,0%@729,0%@729] GR3D_FREQ 99% cpu@57.656C soc2@55.718C soc0@57.468C gpu@58.906C tj@58.906C soc1@57.343C VDD_IN 9975mW/9677mW VDD_CPU_GPU_CV 2840mW/2743mW VDD_SOC 3880mW/3768mW
08-01-2026 20:34:51 RAM 2997/7620MB (lfb 6x4MB) SWAP 0/3810MB (cached 0MB) CPU [1%@729,0%@729,85%@729,0%@729,5%@1728,0%@1728] GR3D_FREQ 99% cpu@58.062C soc2@55.75C soc0@57.375C gpu@59.156C tj@59.156C soc1@57.437C VDD_IN 10216mW/9678mW VDD_CPU_GPU_CV 2955mW/2743mW VDD_SOC 3960mW/3768mW
08-01-2026 20:34:52 RAM 2997/7620MB (lfb 6x4MB) SWAP 0/3810MB (cached 0MB) CPU [2%@729,0%@729,0%@729,1%@729,89%@1728,0%@1728] GR3D_FREQ 89% cpu@57.75C soc2@55.75C soc0@57.375C gpu@59.281C tj@59.281C soc1@57.468C VDD_IN 10456mW/9678mW VDD_CPU_GPU_CV 3035mW/2743mW VDD_SOC 3960mW/3768mW
08-01-2026 20:34:53 RAM 2997/7620MB (lfb 6x4MB) SWAP 0/3810MB (cached 0MB) CPU [6%@1036,0%@1036,0%@1036,0%@1036,83%@729,0%@729] GR3D_FREQ 99% cpu@57.875C soc2@55.812C soc0@57.406C gpu@59.687C tj@59.687C soc1@57.343C VDD_IN 10920mW/9679mW VDD_CPU_GPU_CV 3514mW/2744mW VDD_SOC 4080mW/3769mW
08-01-2026 20:34:54 RAM 2997/7620MB (lfb 6x4MB) SWAP 0/3810MB (cached 0MB) CPU [25%@729,0%@729,0%@729,0%@729,60%@806,5%@806] GR3D_FREQ 99% cpu@58.093C soc2@55.812C soc0@57.5C gpu@59.531C tj@59.531C soc1@57.406C VDD_IN 11200mW/9680mW VDD_CPU_GPU_CV 3674mW/2744mW VDD_SOC 4153mW/3769mW
08-01-2026 20:34:55 RAM 2997/7620MB (lfb 6x4MB) SWAP 0/3810MB (cached 0MB) CPU [1%@729,1%@729,0%@729,1%@729,0%@1651,91%@1651] GR3D_FREQ 30% cpu@57.812C soc2@55.906C soc0@57.375C gpu@59.156C tj@59.156C soc1@57.437C VDD_IN 11400mW/9682mW VDD_CPU_GPU_CV 3747mW/2745mW VDD_SOC 4153mW/3769mW
08-01-2026 20:34:56 RAM 2997/7620MB (lfb 6x4MB) SWAP 0/3810MB (cached 0MB) CPU [1%@729,1%@729,0%@729,1%@729,0%@1574,89%@1574] GR3D_FREQ 32% cpu@57.75C soc2@55.812C soc0@57.406C gpu@59.187C tj@59.187C soc1@57.562C VDD_IN 11160mW/9683mW VDD_CPU_GPU_CV 3668mW/2746mW VDD_SOC 4160mW/3770mW
08-01-2026 20:34:57 RAM 2997/7620MB (lfb 6x4MB) SWAP 0/3810MB (cached 0MB) CPU [1%@729,0%@729,0%@729,1%@729,0%@1574,90%@1574] GR3D_FREQ 32% cpu@57.843C soc2@55.812C soc0@57.5C gpu@59.125C tj@59.125C soc1@57.343C VDD_IN 11200mW/9684mW VDD_CPU_GPU_CV 3668mW/2747mW VDD_SOC 4113mW/3770mW
08-01-2026 20:34:58 RAM 2997/7620MB (lfb 6x4MB) SWAP 0/3810MB (cached 0MB) CPU [1%@729,0%@729,1%@729,0%@729,0%@1728,91%@1728] GR3D_FREQ 45% cpu@57.75C soc2@55.781C soc0@57.375C gpu@58.875C tj@58.875C soc1@57.406C VDD_IN 11360mW/9685mW VDD_CPU_GPU_CV 3747mW/2747mW VDD_SOC 4153mW/3770mW
08-01-2026 20:34:59 RAM 2997/7620MB (lfb 6x4MB) SWAP 0/3810MB (cached 0MB) CPU [0%@729,0%@729,0%@729,0%@729,0%@1728,90%@1728] GR3D_FREQ 46% cpu@57.875C soc2@55.781C soc0@57.343C gpu@58.781C tj@58.781C soc1@57.5C VDD_IN 11160mW/9686mW VDD_CPU_GPU_CV 3628mW/2748mW VDD_SOC 4120mW/3770mW
08-01-2026 20:35:00 RAM 2997/7620MB (lfb 6x4MB) SWAP 0/3810MB (cached 0MB) CPU [3%@1728,17%@1728,0%@1728,1%@1728,0%@729,72%@729] GR3D_FREQ 37% cpu@57.843C soc2@55.687C soc0@57.468C gpu@58.875C tj@58.875C soc1@57.406C VDD_IN 11040mW/9687mW VDD_CPU_GPU_CV 3514mW/2749mW VDD_SOC 4080mW/3771mW
08-01-2026 20:35:01 RAM 2997/7620MB (lfb 6x4MB) SWAP 0/3810MB (cached 0MB) CPU [13%@1728,76%@1728,0%@1728,0%@1728,0%@729,0%@729] GR3D_FREQ 38% cpu@58.031C soc2@55.937C soc0@57.375C gpu@58.875C tj@58.875C soc1@57.437C VDD_IN 11040mW/9689mW VDD_CPU_GPU_CV 3554mW/2749mW VDD_SOC 4120mW/3771mW
08-01-2026 20:35:03 RAM 2997/7620MB (lfb 6x4MB) SWAP 0/3810MB (cached 0MB) CPU [91%@1728,0%@1728,0%@1728,0%@1728,0%@729,0%@729] GR3D_FREQ 23% cpu@58.125C soc2@55.875C soc0@57.375C gpu@58.875C tj@58.656C soc1@57.437C VDD_IN 11200mW/9690mW VDD_CPU_GPU_CV 3554mW/2750mW VDD_SOC 4073mW/3771mW
08-01-2026 20:35:04 RAM 2997/7620MB (lfb 6x4MB) SWAP 0/3810MB (cached 0MB) CPU [92%@1728,0%@1728,1%@1728,0%@1728,0%@729,0%@729] GR3D_FREQ 24% cpu@57.812C soc2@55.937C soc0@57.468C gpu@58.718C tj@58.718C soc1@57.468C VDD_IN 11040mW/9691mW VDD_CPU_GPU_CV 3594mW/2750mW VDD_SOC 4080mW/3771mW
08-01-2026 20:35:05 RAM 2997/7620MB (lfb 6x4MB) SWAP 0/3810MB (cached 0MB) CPU [91%@1728,0%@1728,0%@1728,0%@1728,0%@729,0%@729] GR3D_FREQ 23% cpu@57.937C soc2@55.781C soc0@57.5C gpu@58.625C tj@58.625C soc1@57.343C VDD_IN 10920mW/9692mW VDD_CPU_GPU_CV 3514mW/2751mW VDD_SOC 4080mW/3772mW
08-01-2026 20:35:06 RAM 2999/7620MB (lfb 6x4MB) SWAP 0/3810MB (cached 0MB) CPU [52%@1651,3%@1651,2%@1651,1%@1651,42%@1728,0%@1728] GR3D_FREQ 24% cpu@58.25C soc2@55.75C soc0@57.406C gpu@58.875C tj@58.875C soc1@57.406C VDD_IN 11120mW/9693mW VDD_CPU_GPU_CV 3634mW/2752mW VDD_SOC 4080mW/3772mW
08-01-2026 20:35:07 RAM 3017/7620MB (lfb 5x4MB) SWAP 0/3810MB (cached 0MB) CPU [2%@1728,2%@1728,2%@1728,96%@1728,88%@1728,0%@1728] GR3D_FREQ 24% cpu@58.25C soc2@55.781C soc0@57.375C gpu@58.937C tj@58.937C soc1@57.468C VDD_IN 11520mW/9694mW VDD_CPU_GPU_CV 3947mW/2753mW VDD_SOC 4113mW/3772mW
08-01-2026 20:35:08 RAM 2999/7620MB (lfb 6x4MB) SWAP 0/3810MB (cached 0MB) CPU [2%@729,5%@729,2%@729,7%@729,70%@1728,19%@1728] GR3D_FREQ 24% cpu@57.718C soc2@55.875C soc0@57.375C gpu@58.968C tj@58.968C soc1@57.468C VDD_IN 11040mW/9695mW VDD_CPU_GPU_CV 3554mW/2753mW VDD_SOC 4080mW/3772mW
08-01-2026 20:35:09 RAM 2999/7620MB (lfb 6x4MB) SWAP 0/3810MB (cached 0MB) CPU [1%@729,0%@729,0%@729,0%@729,22%@1728,69%@1728] GR3D_FREQ 24% cpu@58.125C soc2@55.781C soc0@57.468C gpu@58.625C tj@58.625C soc1@57.406C VDD_IN 10920mW/9696mW VDD_CPU_GPU_CV 3474mW/2754mW VDD_SOC 4040mW/3773mW
08-01-2026 20:35:10 RAM 2999/7620MB (lfb 6x4MB) SWAP 0/3810MB (cached 0MB) CPU [0%@729,0%@729,1%@729,0%@729,90%@1728,0%@1728] GR3D_FREQ 24% cpu@58.281C soc2@55.687C soc0@57.375C gpu@58.625C tj@58.625C soc1@57.375C VDD_IN 10760mW/9697mW VDD_CPU_GPU_CV 3394mW/2754mW VDD_SOC 4040mW/3773mW
08-01-2026 20:35:11 RAM 2999/7620MB (lfb 6x4MB) SWAP 0/3810MB (cached 0MB) CPU [2%@729,0%@729,0%@729,0%@729,91%@1728,0%@1728] GR3D_FREQ 24% cpu@58.218C soc2@55.781C soc0@57.468C gpu@58.781C tj@58.781C soc1@57.5C VDD_IN 10760mW/9698mW VDD_CPU_GPU_CV 3394mW/2755mW VDD_SOC 4000mW/3773mW
08-01-2026 20:35:12 RAM 2999/7620MB (lfb 6x4MB) SWAP 0/3810MB (cached 0MB) CPU [2%@729,0%@729,0%@729,0%@729,90%@1728,0%@1728] GR3D_FREQ 26% cpu@58.031C soc2@55.843C soc0@57.5C gpu@58.843C tj@58.843C soc1@57.531C VDD_IN 10560mW/9699mW VDD_CPU_GPU_CV 3314mW/2755mW VDD_SOC 4000mW/3773mW
08-01-2026 20:35:13 RAM 3000/7620MB (lfb 6x4MB) SWAP 0/3810MB (cached 0MB) CPU [71%@1728,1%@1728,1%@1728,3%@1728,17%@729,1%@729] GR3D_FREQ 25% cpu@58.25C soc2@55.781C soc0@57.5C gpu@58.781C tj@58.781C soc1@57.375C VDD_IN 10416mW/9699mW VDD_CPU_GPU_CV 2995mW/2755mW VDD_SOC 4000mW/3773mW
08-01-2026 20:35:14 RAM 3000/7620MB (lfb 6x4MB) SWAP 0/3810MB (cached 0MB) CPU [68%@1728,3%@1728,2%@1728,27%@1728,1%@729,1%@729] GR3D_FREQ 23% cpu@58.031C soc2@55.812C soc0@57.437C gpu@58.593C tj@58.593C soc1@57.468C VDD_IN 10800mW/9700mW VDD_CPU_GPU_CV 3434mW/2756mW VDD_SOC 4040mW/3774mW
08-01-2026 20:35:15 RAM 3000/7620MB (lfb 6x4MB) SWAP 0/3810MB (cached 0MB) CPU [22%@1728,0%@1728,0%@1728,67%@1728,1%@729,0%@729] GR3D_FREQ 24% cpu@58.062C soc2@55.875C soc0@57.406C gpu@58.656C tj@58.656C soc1@57.5C VDD_IN 10800mW/9701mW VDD_CPU_GPU_CV 3394mW/2756mW VDD_SOC 4040mW/3774mW
08-01-2026 20:35:16 RAM 3000/7620MB (lfb 6x4MB) SWAP 0/3810MB (cached 0MB) CPU [69%@1728,1%@1728,20%@1728,0%@1728,0%@729,0%@729] GR3D_FREQ 24% cpu@58.25C soc2@55.875C soc0@57.468C gpu@58.656C tj@58.656C soc1@57.5C VDD_IN 10880mW/9702mW VDD_CPU_GPU_CV 3514mW/2757mW VDD_SOC 4040mW/3774mW
08-01-2026 20:35:17 RAM 3000/7620MB (lfb 6x4MB) SWAP 0/3810MB (cached 0MB) CPU [0%@1728,0%@1728,90%@1728,0%@1728,0%@729,0%@729] GR3D_FREQ 24% cpu@58.281C soc2@55.843C soc0@57.531C gpu@58.656C tj@58.656C soc1@57.406C VDD_IN 10840mW/9703mW VDD_CPU_GPU_CV 3434mW/2758mW VDD_SOC 4000mW/3774mW
08-01-2026 20:35:18 RAM 3000/7620MB (lfb 6x4MB) SWAP 0/3810MB (cached 0MB) CPU [1%@1728,0%@1728,90%@1728,0%@1728,0%@729,0%@729] GR3D_FREQ 24% cpu@58.562C soc2@55.812C soc0@57.375C gpu@58.531C tj@58.562C soc1@57.406C VDD_IN 10760mW/9703mW VDD_CPU_GPU_CV 3354mW/2758mW VDD_SOC 4000mW/3774mW
08-01-2026 20:35:19 RAM 3000/7620MB (lfb 6x4MB) SWAP 0/3810MB (cached 0MB) CPU [0%@1728,0%@1728,89%@1728,0%@1728,0%@729,1%@729] GR3D_FREQ 27% cpu@58.312C soc2@55.812C soc0@57.468C gpu@58.5C tj@58.5C soc1@57.375C VDD_IN 10720mW/9704mW VDD_CPU_GPU_CV 3354mW/2758mW VDD_SOC 4000mW/3774mW
08-01-2026 20:35:20 RAM 3000/7620MB (lfb 6x4MB) SWAP 0/3810MB (cached 0MB) CPU [1%@1728,0%@1728,90%@1728,0%@1728,0%@729,0%@729] GR3D_FREQ 30% cpu@58.343C soc2@55.812C soc0@57.406C gpu@58.5C tj@58.5C soc1@57.468C VDD_IN 10600mW/9705mW VDD_CPU_GPU_CV 3354mW/2759mW VDD_SOC 4000mW/3775mW
08-01-2026 20:35:21 RAM 3000/7620MB (lfb 6x4MB) SWAP 0/3810MB (cached 0MB) CPU [0%@1728,0%@1728,90%@1728,0%@1728,0%@729,0%@729] GR3D_FREQ 30% cpu@58.218C soc2@55.812C soc0@57.437C gpu@58.468C tj@58.468C soc1@57.406C VDD_IN 10536mW/9705mW VDD_CPU_GPU_CV 3234mW/2759mW VDD_SOC 3960mW/3775mW
08-01-2026 20:35:22 RAM 3000/7620MB (lfb 6x4MB) SWAP 0/3810MB (cached 0MB) CPU [1%@1728,0%@1728,89%@1728,0%@1728,0%@729,0%@729] GR3D_FREQ 30% cpu@58.343C soc2@55.781C soc0@57.531C gpu@58.5C tj@58.625C soc1@57.343C VDD_IN 10456mW/9706mW VDD_CPU_GPU_CV 3234mW/2760mW VDD_SOC 3960mW/3775mW
08-01-2026 20:35:23 RAM 3000/7620MB (lfb 6x4MB) SWAP 0/3810MB (cached 0MB) CPU [0%@1728,1%@1728,90%@1728,0%@1728,0%@729,1%@729] GR3D_FREQ 28% cpu@58.5C soc2@55.687C soc0@57.312C gpu@58.687C tj@58.687C soc1@57.375C VDD_IN 10416mW/9707mW VDD_CPU_GPU_CV 3154mW/2760mW VDD_SOC 3920mW/3775mW
08-01-2026 20:35:24 RAM 3000/7620MB (lfb 6x4MB) SWAP 0/3810MB (cached 0MB) CPU [1%@1728,0%@1728,91%@1728,0%@1728,0%@729,1%@729] GR3D_FREQ 30% cpu@58.25C soc2@55.812C soc0@57.5C gpu@58.625C tj@58.625C soc1@57.343C VDD_IN 10376mW/9707mW VDD_CPU_GPU_CV 3154mW/2760mW VDD_SOC 3920mW/3775mW
08-01-2026 20:35:25 RAM 3000/7620MB (lfb 6x4MB) SWAP 0/3810MB (cached 0MB) CPU [35%@1728,0%@1728,54%@1728,0%@1728,0%@729,0%@729] GR3D_FREQ 30% cpu@57.937C soc2@55.843C soc0@57.437C gpu@58.625C tj@58.625C soc1@57.468C VDD_IN 10216mW/9707mW VDD_CPU_GPU_CV 3035mW/2760mW VDD_SOC 3920mW/3775mW
08-01-2026 20:35:26 RAM 3000/7620MB (lfb 6x4MB) SWAP 0/3810MB (cached 0MB) CPU [90%@1728,0%@1728,0%@1728,0%@1728,0%@729,0%@729] GR3D_FREQ 29% cpu@58C soc2@55.812C soc0@57.562C gpu@58.625C tj@58.625C soc1@57.281C VDD_IN 10336mW/9708mW VDD_CPU_GPU_CV 3080mW/2761mW VDD_SOC 3880mW/3775mW
08-01-2026 20:35:27 RAM 3000/7620MB (lfb 6x4MB) SWAP 0/3810MB (cached 0MB) CPU [56%@1728,0%@1728,35%@1728,0%@1728,0%@729,0%@729] GR3D_FREQ 30% cpu@58.312C soc2@55.687C soc0@57.593C gpu@58.437C tj@58.625C soc1@57.406C VDD_IN 10256mW/9708mW VDD_CPU_GPU_CV 3154mW/2761mW VDD_SOC 3920mW/3775mW
08-01-2026 20:35:28 RAM 3000/7620MB (lfb 6x4MB) SWAP 0/3810MB (cached 0MB) CPU [1%@1728,0%@1728,90%@1728,0%@1728,0%@729,1%@729] GR3D_FREQ 30% cpu@58.468C soc2@55.687C soc0@57.437C gpu@58.468C tj@58.468C soc1@57.437C VDD_IN 10256mW/9709mW VDD_CPU_GPU_CV 3080mW/2761mW VDD_SOC 3880mW/3776mW
08-01-2026 20:35:29 RAM 3000/7620MB (lfb 6x4MB) SWAP 0/3810MB (cached 0MB) CPU [2%@1728,0%@1728,91%@1728,0%@1728,0%@729,0%@729] GR3D_FREQ 29% cpu@58.218C soc2@55.687C soc0@57.406C gpu@58.5C tj@58.5C soc1@57.5C VDD_IN 10176mW/9709mW VDD_CPU_GPU_CV 3035mW/2761mW VDD_SOC 3880mW/3776mW
08-01-2026 20:35:30 RAM 3000/7620MB (lfb 6x4MB) SWAP 0/3810MB (cached 0MB) CPU [1%@729,0%@729,49%@729,1%@729,42%@1728,0%@1728] GR3D_FREQ 30% cpu@57.968C soc2@55.718C soc0@57.437C gpu@58.5C tj@58.5C soc1@57.468C VDD_IN 10056mW/9709mW VDD_CPU_GPU_CV 2920mW/2762mW VDD_SOC 3840mW/3776mW
08-01-2026 20:35:31 RAM 3000/7620MB (lfb 6x4MB) SWAP 0/3810MB (cached 0MB) CPU [1%@729,0%@729,0%@729,0%@729,92%@1728,0%@1728] GR3D_FREQ 30% cpu@58.125C soc2@55.625C soc0@57.468C gpu@58.437C tj@58.437C soc1@57.375C VDD_IN 9975mW/9710mW VDD_CPU_GPU_CV 2920mW/2762mW VDD_SOC 3840mW/3776mW
08-01-2026 20:35:32 RAM 3000/7620MB (lfb 6x4MB) SWAP 0/3810MB (cached 0MB) CPU [1%@729,1%@729,0%@729,0%@729,90%@1728,0%@1728] GR3D_FREQ 28% cpu@58.093C soc2@55.656C soc0@57.375C gpu@58.625C tj@58.625C soc1@57.468C VDD_IN 9895mW/9710mW VDD_CPU_GPU_CV 2840mW/2762mW VDD_SOC 3806mW/3776mW
08-01-2026 20:35:33 RAM 3000/7620MB (lfb 6x4MB) SWAP 0/3810MB (cached 0MB) CPU [1%@729,1%@729,1%@729,1%@729,90%@1728,0%@1728] GR3D_FREQ 30% cpu@58.125C soc2@55.625C soc0@57.437C gpu@58.593C tj@58.593C soc1@57.406C VDD_IN 9775mW/9710mW VDD_CPU_GPU_CV 2800mW/2762mW VDD_SOC 3806mW/3776mW
08-01-2026 20:35:34 RAM 3000/7620MB (lfb 6x4MB) SWAP 0/3810MB (cached 0MB) CPU [0%@729,1%@729,0%@729,1%@729,92%@1728,0%@1728] GR3D_FREQ 30% cpu@57.875C soc2@55.625C soc0@57.468C gpu@58.625C tj@58.625C soc1@57.468C VDD_IN 9735mW/9710mW VDD_CPU_GPU_CV 2800mW/2762mW VDD_SOC 3806mW/3776mW
08-01-2026 20:35:35 RAM 3000/7620MB (lfb 6x4MB) SWAP 0/3810MB (cached 0MB) CPU [1%@729,1%@729,0%@729,0%@729,90%@1728,1%@1728] GR3D_FREQ 30% cpu@57.906C soc2@55.625C soc0@57.437C gpu@58.406C tj@58.406C soc1@57.406C VDD_IN 9695mW/9710mW VDD_CPU_GPU_CV 2760mW/2762mW VDD_SOC 3766mW/3776mW
08-01-2026 20:35:36 RAM 3000/7620MB (lfb 6x4MB) SWAP 0/3810MB (cached 0MB) CPU [1%@729,0%@729,1%@729,1%@729,40%@1728,51%@1728] GR3D_FREQ 30% cpu@57.781C soc2@55.656C soc0@57.343C gpu@58.312C tj@58.312C soc1@57.343C VDD_IN 9655mW/9710mW VDD_CPU_GPU_CV 2760mW/2762mW VDD_SOC 3766mW/3776mW
08-01-2026 20:35:37 RAM 3000/7620MB (lfb 6x4MB) SWAP 0/3810MB (cached 0MB) CPU [2%@729,2%@729,0%@729,0%@729,0%@1728,89%@1728] GR3D_FREQ 30% cpu@57.781C soc2@55.656C soc0@57.312C gpu@58.406C tj@58.406C soc1@57.375C VDD_IN 9575mW/9710mW VDD_CPU_GPU_CV 2680mW/2762mW VDD_SOC 3766mW/3776mW
08-01-2026 20:35:38 RAM 3000/7620MB (lfb 6x4MB) SWAP 0/3810MB (cached 0MB) CPU [1%@729,1%@729,0%@729,0%@729,0%@1728,90%@1728] GR3D_FREQ 30% cpu@57.593C soc2@55.718C soc0@57.5C gpu@58.687C tj@58.687C soc1@57.437C VDD_IN 9535mW/9710mW VDD_CPU_GPU_CV 2720mW/2762mW VDD_SOC 3766mW/3776mW
08-01-2026 20:35:39 RAM 3000/7620MB (lfb 6x4MB) SWAP 0/3810MB (cached 0MB) CPU [0%@729,1%@729,0%@729,1%@729,0%@1728,90%@1728] GR3D_FREQ 30% cpu@57.625C soc2@55.593C soc0@57.5C gpu@58.656C tj@58.656C soc1@57.312C VDD_IN 9535mW/9709mW VDD_CPU_GPU_CV 2680mW/2762mW VDD_SOC 3725mW/3776mW
08-01-2026 20:35:40 RAM 3000/7620MB (lfb 6x4MB) SWAP 0/3810MB (cached 0MB) CPU [1%@729,1%@729,0%@729,0%@729,0%@1728,90%@1728] GR3D_FREQ 37% cpu@57.812C soc2@55.625C soc0@57.437C gpu@58.625C tj@58.625C soc1@57.406C VDD_IN 9455mW/9709mW VDD_CPU_GPU_CV 2640mW/2762mW VDD_SOC 3725mW/3776mW
08-01-2026 20:35:41 RAM 3000/7620MB (lfb 6x4MB) SWAP 0/3810MB (cached 0MB) CPU [1%@729,1%@729,0%@729,0%@729,0%@1728,91%@1728] GR3D_FREQ 40% cpu@57.875C soc2@55.625C soc0@57.281C gpu@58.625C tj@58.625C soc1@57.406C VDD_IN 9430mW/9709mW VDD_CPU_GPU_CV 2600mW/2761mW VDD_SOC 3725mW/3776mW
08-01-2026 20:35:42 RAM 3000/7620MB (lfb 6x4MB) SWAP 0/3810MB (cached 0MB) CPU [66%@1728,0%@1728,0%@1728,0%@1728,0%@729,24%@729] GR3D_FREQ 39% cpu@58C soc2@55.843C soc0@57.468C gpu@58.312C tj@58.312C soc1@57.5C VDD_IN 9349mW/9709mW VDD_CPU_GPU_CV 2520mW/2761mW VDD_SOC 3685mW/3776mW
08-01-2026 20:35:43 RAM 3000/7620MB (lfb 6x4MB) SWAP 0/3810MB (cached 0MB) CPU [89%@1728,0%@1728,0%@1728,0%@1728,0%@729,0%@729] GR3D_FREQ 38% cpu@57.812C soc2@55.875C soc0@57.437C gpu@58.375C tj@58.375C soc1@57.468C VDD_IN 9189mW/9708mW VDD_CPU_GPU_CV 2480mW/2761mW VDD_SOC 3725mW/3775mW
08-01-2026 20:35:44 RAM 3000/7620MB (lfb 6x4MB) SWAP 0/3810MB (cached 0MB) CPU [26%@1728,0%@1728,65%@1728,0%@1728,0%@729,0%@729] GR3D_FREQ 39% cpu@58.218C soc2@55.593C soc0@57.437C gpu@58.312C tj@58.312C soc1@57.343C VDD_IN 9430mW/9708mW VDD_CPU_GPU_CV 2520mW/2761mW VDD_SOC 3725mW/3775mW
08-01-2026 20:35:45 RAM 3000/7620MB (lfb 6x4MB) SWAP 0/3810MB (cached 0MB) CPU [1%@1728,1%@1728,90%@1728,1%@1728,0%@729,0%@729] GR3D_FREQ 40% cpu@58.375C soc2@55.656C soc0@57.531C gpu@58.406C tj@58.406C soc1@57.406C VDD_IN 9349mW/9708mW VDD_CPU_GPU_CV 2520mW/2761mW VDD_SOC 3725mW/3775mW
08-01-2026 20:35:46 RAM 3000/7620MB (lfb 6x4MB) SWAP 0/3810MB (cached 0MB) CPU [2%@1728,63%@1728,24%@1728,0%@1728,0%@729,0%@729] GR3D_FREQ 39% cpu@57.625C soc2@55.687C soc0@57.281C gpu@58.375C tj@58.375C soc1@57.343C VDD_IN 9229mW/9707mW VDD_CPU_GPU_CV 2440mW/2760mW VDD_SOC 3725mW/3775mW
08-01-2026 20:35:47 RAM 3000/7620MB (lfb 6x4MB) SWAP 0/3810MB (cached 0MB) CPU [65%@1728,26%@1728,1%@1728,0%@1728,0%@729,0%@729] GR3D_FREQ 39% cpu@58.031C soc2@55.718C soc0@57.375C gpu@58.468C tj@58.468C soc1@57.468C VDD_IN 9349mW/9707mW VDD_CPU_GPU_CV 2520mW/2760mW VDD_SOC 3725mW/3775mW
08-01-2026 20:35:48 RAM 3000/7620MB (lfb 6x4MB) SWAP 0/3810MB (cached 0MB) CPU [90%@1728,0%@1728,0%@1728,0%@1728,0%@729,0%@729] GR3D_FREQ 38% cpu@57.843C soc2@55.812C soc0@57.375C gpu@58.5C tj@58.218C soc1@57.5C VDD_IN 9430mW/9707mW VDD_CPU_GPU_CV 2520mW/2760mW VDD_SOC 3725mW/3775mW
08-01-2026 20:35:49 RAM 3000/7620MB (lfb 6x4MB) SWAP 0/3810MB (cached 0MB) CPU [90%@1728,0%@1728,0%@1728,0%@1728,0%@729,0%@729] GR3D_FREQ 39% cpu@57.937C soc2@55.75C soc0@57.5C gpu@58.343C tj@58.343C soc1@57.375C VDD_IN 9430mW/9707mW VDD_CPU_GPU_CV 2480mW/2760mW VDD_SOC 3685mW/3775mW
08-01-2026 20:35:50 RAM 3000/7620MB (lfb 6x4MB) SWAP 0/3810MB (cached 0MB) CPU [91%@1728,0%@1728,0%@1728,0%@1728,0%@729,0%@729] GR3D_FREQ 39% cpu@57.968C soc2@55.781C soc0@57.406C gpu@58.343C tj@58.343C soc1@57.531C VDD_IN 9389mW/9707mW VDD_CPU_GPU_CV 2520mW/2760mW VDD_SOC 3725mW/3775mW
08-01-2026 20:35:51 RAM 3000/7620MB (lfb 6x4MB) SWAP 0/3810MB (cached 0MB) CPU [90%@1728,0%@1728,0%@1728,0%@1728,0%@729,0%@729] GR3D_FREQ 40% cpu@58.218C soc2@55.812C soc0@57.312C gpu@58.187C tj@58.218C soc1@57.468C VDD_IN 9349mW/9706mW VDD_CPU_GPU_CV 2520mW/2760mW VDD_SOC 3725mW/3775mW
08-01-2026 20:35:52 RAM 3000/7620MB (lfb 6x4MB) SWAP 0/3810MB (cached 0MB) CPU [91%@1728,0%@1728,0%@1728,0%@1728,0%@729,0%@729] GR3D_FREQ 39% cpu@57.906C soc2@55.812C soc0@57.437C gpu@58.281C tj@58.281C soc1@57.5C VDD_IN 9294mW/9706mW VDD_CPU_GPU_CV 2600mW/2759mW VDD_SOC 3685mW/3775mW
08-01-2026 20:35:53 RAM 3000/7620MB (lfb 6x4MB) SWAP 0/3810MB (cached 0MB) CPU [90%@1728,1%@1728,0%@1728,0%@1728,0%@729,0%@729] GR3D_FREQ 37% cpu@57.812C soc2@55.843C soc0@57.375C gpu@58.281C tj@58.281C soc1@57.468C VDD_IN 9309mW/9706mW VDD_CPU_GPU_CV 2520mW/2759mW VDD_SOC 3725mW/3775mW
08-01-2026 20:35:54 RAM 3000/7620MB (lfb 6x4MB) SWAP 0/3810MB (cached 0MB) CPU [90%@1728,0%@1728,0%@1728,0%@1728,0%@729,0%@729] GR3D_FREQ 40% cpu@57.875C soc2@55.812C soc0@57.468C gpu@58.281C tj@58.281C soc1@57.437C VDD_IN 9349mW/9705mW VDD_CPU_GPU_CV 2520mW/2759mW VDD_SOC 3685mW/3775mW
08-01-2026 20:35:55 RAM 3000/7620MB (lfb 6x4MB) SWAP 0/3810MB (cached 0MB) CPU [91%@1728,1%@1728,2%@1728,0%@1728,0%@729,0%@729] GR3D_FREQ 38% cpu@58.062C soc2@55.75C soc0@57.406C gpu@58.531C tj@58.531C soc1@57.468C VDD_IN 9389mW/9705mW VDD_CPU_GPU_CV 2520mW/2759mW VDD_SOC 3685mW/3775mW
08-01-2026 20:35:56 RAM 3000/7620MB (lfb 6x4MB) SWAP 0/3810MB (cached 0MB) CPU [89%@1728,0%@1728,0%@1728,0%@1728,0%@729,0%@729] GR3D_FREQ 37% cpu@58.218C soc2@55.75C soc0@57.437C gpu@58.562C tj@58.562C soc1@57.437C VDD_IN 9294mW/9705mW VDD_CPU_GPU_CV 2520mW/2759mW VDD_SOC 3685mW/3775mW
08-01-2026 20:35:57 RAM 3000/7620MB (lfb 6x4MB) SWAP 0/3810MB (cached 0MB) CPU [90%@1728,1%@1728,0%@1728,0%@1728,0%@729,0%@729] GR3D_FREQ 38% cpu@58.062C soc2@55.718C soc0@57.343C gpu@58.531C tj@58.531C soc1@57.468C VDD_IN 9389mW/9705mW VDD_CPU_GPU_CV 2520mW/2759mW VDD_SOC 3685mW/3775mW
08-01-2026 20:35:58 RAM 3000/7620MB (lfb 6x4MB) SWAP 0/3810MB (cached 0MB) CPU [91%@1728,0%@1728,0%@1728,0%@1728,0%@729,0%@729] GR3D_FREQ 39% cpu@57.875C soc2@55.812C soc0@57.531C gpu@58.562C tj@58.562C soc1@57.5C VDD_IN 9430mW/9704mW VDD_CPU_GPU_CV 2520mW/2758mW VDD_SOC 3685mW/3775mW
08-01-2026 20:35:59 RAM 3000/7620MB (lfb 6x4MB) SWAP 0/3810MB (cached 0MB) CPU [91%@1728,0%@1728,1%@1728,0%@1728,0%@729,0%@729] GR3D_FREQ 36% cpu@57.843C soc2@55.75C soc0@57.531C gpu@58.593C tj@58.593C soc1@57.343C VDD_IN 9470mW/9704mW VDD_CPU_GPU_CV 2564mW/2758mW VDD_SOC 3645mW/3775mW
08-01-2026 20:36:00 RAM 3000/7620MB (lfb 6x4MB) SWAP 0/3810MB (cached 0MB) CPU [91%@1728,1%@1728,0%@1728,0%@1728,0%@729,0%@729] GR3D_FREQ 39% cpu@57.906C soc2@55.812C soc0@57.406C gpu@58.562C tj@58.562C soc1@57.468C VDD_IN 9430mW/9704mW VDD_CPU_GPU_CV 2520mW/2758mW VDD_SOC 3685mW/3775mW
08-01-2026 20:36:01 RAM 3000/7620MB (lfb 6x4MB) SWAP 0/3810MB (cached 0MB) CPU [91%@1728,0%@1728,1%@1728,0%@1728,0%@729,0%@729] GR3D_FREQ 39% cpu@58.218C soc2@55.812C soc0@57.375C gpu@58.593C tj@58.593C soc1@57.468C VDD_IN 9349mW/9704mW VDD_CPU_GPU_CV 2480mW/2758mW VDD_SOC 3725mW/3775mW
08-01-2026 20:36:02 RAM 3000/7620MB (lfb 6x4MB) SWAP 0/3810MB (cached 0MB) CPU [91%@1728,1%@1728,0%@1728,0%@1728,0%@729,0%@729] GR3D_FREQ 39% cpu@57.968C soc2@55.718C soc0@57.406C gpu@58.375C tj@58.375C soc1@57.5C VDD_IN 9389mW/9704mW VDD_CPU_GPU_CV 2520mW/2758mW VDD_SOC 3685mW/3774mW
08-01-2026 20:36:03 RAM 3000/7620MB (lfb 6x4MB) SWAP 0/3810MB (cached 0MB) CPU [91%@1728,0%@1728,0%@1728,0%@1728,0%@729,0%@729] GR3D_FREQ 38% cpu@57.843C soc2@55.906C soc0@57.437C gpu@58.406C tj@58.406C soc1@57.5C VDD_IN 9309mW/9703mW VDD_CPU_GPU_CV 2520mW/2757mW VDD_SOC 3685mW/3774mW
08-01-2026 20:36:04 RAM 3000/7620MB (lfb 6x4MB) SWAP 0/3810MB (cached 0MB) CPU [91%@1728,0%@1728,0%@1728,1%@1728,0%@729,0%@729] GR3D_FREQ 39% cpu@57.875C soc2@55.781C soc0@57.5C gpu@58.437C tj@58.437C soc1@57.375C VDD_IN 9309mW/9703mW VDD_CPU_GPU_CV 2480mW/2757mW VDD_SOC 3685mW/3774mW
08-01-2026 20:36:05 RAM 3000/7620MB (lfb 6x4MB) SWAP 0/3810MB (cached 0MB) CPU [90%@1728,0%@1728,0%@1728,0%@1728,0%@729,0%@729] GR3D_FREQ 40% cpu@58C soc2@55.781C soc0@57.406C gpu@58.375C tj@58.375C soc1@57.375C VDD_IN 9349mW/9703mW VDD_CPU_GPU_CV 2520mW/2757mW VDD_SOC 3685mW/3774mW
08-01-2026 20:36:06 RAM 3000/7620MB (lfb 6x4MB) SWAP 0/3810MB (cached 0MB) CPU [90%@1728,1%@1728,0%@1728,0%@1728,1%@729,0%@729] GR3D_FREQ 39% cpu@58.218C soc2@55.781C soc0@57.312C gpu@58.312C tj@58.312C soc1@57.437C VDD_IN 9349mW/9702mW VDD_CPU_GPU_CV 2520mW/2757mW VDD_SOC 3685mW/3774mW
08-01-2026 20:36:07 RAM 3000/7620MB (lfb 6x4MB) SWAP 0/3810MB (cached 0MB) CPU [91%@1728,0%@1728,0%@1728,0%@1728,0%@729,0%@729] GR3D_FREQ 38% cpu@57.906C soc2@55.75C soc0@57.343C gpu@58.406C tj@58.406C soc1@57.468C VDD_IN 9349mW/9702mW VDD_CPU_GPU_CV 2480mW/2757mW VDD_SOC 3685mW/3774mW
08-01-2026 20:36:08 RAM 3000/7620MB (lfb 6x4MB) SWAP 0/3810MB (cached 0MB) CPU [90%@1728,0%@1728,0%@1728,0%@1728,0%@729,1%@729] GR3D_FREQ 38% cpu@57.843C soc2@55.812C soc0@57.531C gpu@58.343C tj@58.343C soc1@57.5C VDD_IN 9309mW/9702mW VDD_CPU_GPU_CV 2524mW/2757mW VDD_SOC 3685mW/3774mW
08-01-2026 20:36:09 RAM 3000/7620MB (lfb 6x4MB) SWAP 0/3810MB (cached 0MB) CPU [90%@1728,0%@1728,0%@1728,0%@1728,0%@729,0%@729] GR3D_FREQ 39% cpu@57.937C soc2@55.781C soc0@57.437C gpu@58.468C tj@58.25C soc1@57.593C VDD_IN 9349mW/9702mW VDD_CPU_GPU_CV 2480mW/2756mW VDD_SOC 3685mW/3774mW
08-01-2026 20:36:10 RAM 3000/7620MB (lfb 6x4MB) SWAP 0/3810MB (cached 0MB) CPU [90%@1728,0%@1728,1%@1728,0%@1728,0%@729,0%@729] GR3D_FREQ 40% cpu@57.906C soc2@55.718C soc0@57.468C gpu@58.312C tj@58.312C soc1@57.406C VDD_IN 9269mW/9701mW VDD_CPU_GPU_CV 2480mW/2756mW VDD_SOC 3685mW/3774mW
08-01-2026 20:36:11 RAM 3000/7620MB (lfb 6x4MB) SWAP 0/3810MB (cached 0MB) CPU [90%@1728,0%@1728,0%@1728,0%@1728,0%@729,0%@729] GR3D_FREQ 39% cpu@58.187C soc2@55.812C soc0@57.406C gpu@58.218C tj@58.218C soc1@57.406C VDD_IN 9309mW/9701mW VDD_CPU_GPU_CV 2480mW/2756mW VDD_SOC 3685mW/3774mW
08-01-2026 20:36:12 RAM 3000/7620MB (lfb 6x4MB) SWAP 0/3810MB (cached 0MB) CPU [87%@1728,0%@1728,0%@1728,0%@1728,0%@729,0%@729] GR3D_FREQ 40% cpu@57.906C soc2@55.843C soc0@57.406C gpu@58.187C tj@58.187C soc1@57.5C VDD_IN 9229mW/9701mW VDD_CPU_GPU_CV 2403mW/2756mW VDD_SOC 3685mW/3774mW
08-01-2026 20:36:13 RAM 3000/7620MB (lfb 6x4MB) SWAP 0/3810MB (cached 0MB) CPU [92%@1728,0%@1728,0%@1728,0%@1728,0%@729,0%@729] GR3D_FREQ 40% cpu@57.843C soc2@55.812C soc0@57.375C gpu@58.25C tj@58.25C soc1@57.562C VDD_IN 9269mW/9700mW VDD_CPU_GPU_CV 2480mW/2755mW VDD_SOC 3725mW/3774mW
08-01-2026 20:36:14 RAM 3000/7620MB (lfb 6x4MB) SWAP 0/3810MB (cached 0MB) CPU [90%@1728,0%@1728,0%@1728,0%@1728,0%@729,0%@729] GR3D_FREQ 39% cpu@57.906C soc2@55.718C soc0@57.531C gpu@58.218C tj@58.218C soc1@57.593C VDD_IN 9389mW/9700mW VDD_CPU_GPU_CV 2520mW/2755mW VDD_SOC 3685mW/3774mW
08-01-2026 20:36:15 RAM 3000/7620MB (lfb 6x4MB) SWAP 0/3810MB (cached 0MB) CPU [90%@1728,0%@1728,0%@1728,0%@1728,0%@729,0%@729] GR3D_FREQ 39% cpu@57.968C soc2@55.812C soc0@57.562C gpu@58.281C tj@58.281C soc1@57.5C VDD_IN 9389mW/9700mW VDD_CPU_GPU_CV 2480mW/2755mW VDD_SOC 3685mW/3774mW
08-01-2026 20:36:16 RAM 3000/7620MB (lfb 6x4MB) SWAP 0/3810MB (cached 0MB) CPU [90%@1728,0%@1728,0%@1728,0%@1728,0%@729,0%@729] GR3D_FREQ 39% cpu@58.031C soc2@55.781C soc0@57.437C gpu@58.281C tj@58.281C soc1@57.437C VDD_IN 9269mW/9700mW VDD_CPU_GPU_CV 2520mW/2755mW VDD_SOC 3685mW/3774mW
08-01-2026 20:36:17 RAM 3000/7620MB (lfb 6x4MB) SWAP 0/3810MB (cached 0MB) CPU [91%@1728,0%@1728,0%@1728,0%@1728,0%@729,0%@729] GR3D_FREQ 36% cpu@57.937C soc2@55.812C soc0@57.468C gpu@58.5C tj@58.5C soc1@57.468C VDD_IN 9309mW/9699mW VDD_CPU_GPU_CV 2480mW/2755mW VDD_SOC 3725mW/3774mW
08-01-2026 20:36:18 RAM 3000/7620MB (lfb 6x4MB) SWAP 0/3810MB (cached 0MB) CPU [91%@1728,1%@1728,0%@1728,0%@1728,0%@729,0%@729] GR3D_FREQ 37% cpu@57.812C soc2@55.843C soc0@57.468C gpu@58.5C tj@58.5C soc1@57.468C VDD_IN 9389mW/9699mW VDD_CPU_GPU_CV 2483mW/2755mW VDD_SOC 3685mW/3773mW
08-01-2026 20:36:19 RAM 3000/7620MB (lfb 6x4MB) SWAP 0/3810MB (cached 0MB) CPU [90%@1728,0%@1728,1%@1728,0%@1728,0%@729,0%@729] GR3D_FREQ 39% cpu@57.843C soc2@55.812C soc0@57.5C gpu@58.531C tj@58.531C soc1@57.531C VDD_IN 9269mW/9699mW VDD_CPU_GPU_CV 2480mW/2754mW VDD_SOC 3685mW/3773mW
08-01-2026 20:36:20 RAM 3000/7620MB (lfb 6x4MB) SWAP 0/3810MB (cached 0MB) CPU [90%@1728,0%@1728,1%@1728,0%@1728,0%@729,0%@729] GR3D_FREQ 37% cpu@58.031C soc2@55.812C soc0@57.562C gpu@58.531C tj@58.531C soc1@57.468C VDD_IN 9309mW/9698mW VDD_CPU_GPU_CV 2480mW/2754mW VDD_SOC 3685mW/3773mW
08-01-2026 20:36:21 RAM 3000/7620MB (lfb 6x4MB) SWAP 0/3810MB (cached 0MB) CPU [90%@1728,0%@1728,0%@1728,0%@1728,0%@729,0%@729] GR3D_FREQ 38% cpu@58.187C soc2@55.781C soc0@57.312C gpu@58.531C tj@58.531C soc1@57.437C VDD_IN 9269mW/9698mW VDD_CPU_GPU_CV 2524mW/2754mW VDD_SOC 3645mW/3773mW
08-01-2026 20:36:22 RAM 3000/7620MB (lfb 6x4MB) SWAP 0/3810MB (cached 0MB) CPU [90%@1728,1%@1728,0%@1728,0%@1728,0%@729,0%@729] GR3D_FREQ 39% cpu@57.937C soc2@55.843C soc0@57.468C gpu@58.562C tj@58.562C soc1@57.468C VDD_IN 9309mW/9698mW VDD_CPU_GPU_CV 2440mW/2754mW VDD_SOC 3685mW/3773mW
08-01-2026 20:36:23 RAM 3000/7620MB (lfb 6x4MB) SWAP 0/3810MB (cached 0MB) CPU [87%@1728,0%@1728,0%@1728,0%@1728,0%@729,0%@729] GR3D_FREQ 40% cpu@57.75C soc2@55.812C soc0@57.437C gpu@58.5C tj@58.5C soc1@57.531C VDD_IN 9229mW/9698mW VDD_CPU_GPU_CV 2360mW/2753mW VDD_SOC 3685mW/3773mW
08-01-2026 20:36:24 RAM 3000/7620MB (lfb 6x4MB) SWAP 0/3810MB (cached 0MB) CPU [90%@1728,1%@1728,0%@1728,0%@1728,0%@729,0%@729] GR3D_FREQ 40% cpu@57.843C soc2@55.875C soc0@57.468C gpu@58.593C tj@58.593C soc1@57.5C VDD_IN 9309mW/9697mW VDD_CPU_GPU_CV 2520mW/2753mW VDD_SOC 3685mW/3773mW
08-01-2026 20:36:25 RAM 3000/7620MB (lfb 6x4MB) SWAP 0/3810MB (cached 0MB) CPU [90%@1728,0%@1728,0%@1728,0%@1728,0%@729,0%@729] GR3D_FREQ 40% cpu@57.906C soc2@55.781C soc0@57.562C gpu@58.343C tj@58.343C soc1@57.375C VDD_IN 9254mW/9697mW VDD_CPU_GPU_CV 2560mW/2753mW VDD_SOC 3685mW/3773mW
08-01-2026 20:36:26 RAM 3000/7620MB (lfb 6x4MB) SWAP 0/3810MB (cached 0MB) CPU [91%@1728,1%@1728,0%@1728,0%@1728,0%@729,0%@729] GR3D_FREQ 39% cpu@58.218C soc2@55.718C soc0@57.562C gpu@58.375C tj@58.375C soc1@57.437C VDD_IN 9254mW/9697mW VDD_CPU_GPU_CV 2560mW/2753mW VDD_SOC 3685mW/3773mW
08-01-2026 20:36:27 RAM 3000/7620MB (lfb 6x4MB) SWAP 0/3810MB (cached 0MB) CPU [91%@1728,0%@1728,0%@1728,0%@1728,0%@729,0%@729] GR3D_FREQ 35% cpu@57.968C soc2@55.75C soc0@57.343C gpu@58.343C tj@58.343C soc1@57.468C VDD_IN 9269mW/9696mW VDD_CPU_GPU_CV 2520mW/2753mW VDD_SOC 3685mW/3773mW
08-01-2026 20:36:28 RAM 3000/7620MB (lfb 6x4MB) SWAP 0/3810MB (cached 0MB) CPU [91%@1728,0%@1728,0%@1728,0%@1728,0%@729,0%@729] GR3D_FREQ 39% cpu@57.906C soc2@55.812C soc0@57.562C gpu@58.281C tj@58.281C soc1@57.468C VDD_IN 9389mW/9696mW VDD_CPU_GPU_CV 2480mW/2753mW VDD_SOC 3685mW/3773mW
08-01-2026 20:36:29 RAM 2999/7620MB (lfb 6x4MB) SWAP 0/3810MB (cached 0MB) CPU [90%@1728,0%@1728,0%@1728,0%@1728,0%@729,0%@729] GR3D_FREQ 37% cpu@57.906C soc2@55.812C soc0@57.406C gpu@58.343C tj@58.343C soc1@57.562C VDD_IN 9349mW/9696mW VDD_CPU_GPU_CV 2480mW/2752mW VDD_SOC 3685mW/3773mW
08-01-2026 20:36:30 RAM 2998/7620MB (lfb 6x4MB) SWAP 0/3810MB (cached 0MB) CPU [91%@1728,1%@1728,0%@1728,1%@1728,0%@729,0%@729] GR3D_FREQ 37% cpu@57.968C soc2@55.718C soc0@57.468C gpu@58.343C tj@58.343C soc1@57.375C VDD_IN 9309mW/9696mW VDD_CPU_GPU_CV 2480mW/2752mW VDD_SOC 3685mW/3773mW
08-01-2026 20:36:31 RAM 2998/7620MB (lfb 6x4MB) SWAP 0/3810MB (cached 0MB) CPU [91%@1728,0%@1728,0%@1728,0%@1728,0%@729,0%@729] GR3D_FREQ 37% cpu@57.812C soc2@55.687C soc0@57.656C gpu@58.406C tj@58.406C soc1@57.312C VDD_IN 9309mW/9695mW VDD_CPU_GPU_CV 2480mW/2752mW VDD_SOC 3685mW/3773mW
08-01-2026 20:36:32 RAM 2998/7620MB (lfb 6x4MB) SWAP 0/3810MB (cached 0MB) CPU [91%@1728,1%@1728,0%@1728,0%@1728,0%@729,0%@729] GR3D_FREQ 37% cpu@58C soc2@55.812C soc0@57.375C gpu@58.437C tj@58.437C soc1@57.375C VDD_IN 9174mW/9695mW VDD_CPU_GPU_CV 2524mW/2752mW VDD_SOC 3645mW/3773mW
08-01-2026 20:36:33 RAM 2998/7620MB (lfb 6x4MB) SWAP 0/3810MB (cached 0MB) CPU [90%@1728,0%@1728,0%@1728,0%@1728,0%@729,0%@729] GR3D_FREQ 39% cpu@57.781C soc2@55.718C soc0@57.406C gpu@58.281C tj@58.281C soc1@57.468C VDD_IN 9174mW/9695mW VDD_CPU_GPU_CV 2520mW/2752mW VDD_SOC 3685mW/3772mW
08-01-2026 20:36:34 RAM 2998/7620MB (lfb 6x4MB) SWAP 0/3810MB (cached 0MB) CPU [90%@1728,0%@1728,0%@1728,0%@1728,0%@729,0%@729] GR3D_FREQ 40% cpu@57.937C soc2@55.812C soc0@57.531C gpu@58.25C tj@58.25C soc1@57.531C VDD_IN 9229mW/9694mW VDD_CPU_GPU_CV 2480mW/2751mW VDD_SOC 3685mW/3772mW
08-01-2026 20:36:35 RAM 2998/7620MB (lfb 6x4MB) SWAP 0/3810MB (cached 0MB) CPU [20%@1728,1%@1728,71%@1728,0%@1728,0%@729,0%@729] GR3D_FREQ 39% cpu@58.218C soc2@55.656C soc0@57.375C gpu@58.312C tj@58.406C soc1@57.375C VDD_IN 9229mW/9694mW VDD_CPU_GPU_CV 2480mW/2751mW VDD_SOC 3685mW/3772mW
08-01-2026 20:36:36 RAM 2998/7620MB (lfb 6x4MB) SWAP 0/3810MB (cached 0MB) CPU [0%@1728,72%@1728,17%@1728,0%@1728,0%@729,0%@729] GR3D_FREQ 40% cpu@57.75C soc2@55.656C soc0@57.593C gpu@58.187C tj@58.187C soc1@57.406C VDD_IN 9269mW/9694mW VDD_CPU_GPU_CV 2480mW/2751mW VDD_SOC 3685mW/3772mW
08-01-2026 20:36:37 RAM 2998/7620MB (lfb 6x4MB) SWAP 0/3810MB (cached 0MB) CPU [2%@1728,87%@1728,0%@1728,1%@1728,0%@729,0%@729] GR3D_FREQ 38% cpu@57.812C soc2@55.593C soc0@57.437C gpu@58.218C tj@58.218C soc1@57.406C VDD_IN 9149mW/9693mW VDD_CPU_GPU_CV 2363mW/2751mW VDD_SOC 3685mW/3772mW
08-01-2026 20:36:38 RAM 2998/7620MB (lfb 6x4MB) SWAP 0/3810MB (cached 0MB) CPU [2%@1728,19%@1728,71%@1728,0%@1728,0%@729,0%@729] GR3D_FREQ 40% cpu@58.25C soc2@55.75C soc0@57.375C gpu@58.312C tj@58.312C soc1@57.468C VDD_IN 9269mW/9693mW VDD_CPU_GPU_CV 2483mW/2751mW VDD_SOC 3685mW/3772mW
08-01-2026 20:36:39 RAM 2998/7620MB (lfb 6x4MB) SWAP 0/3810MB (cached 0MB) CPU [1%@1728,0%@1728,89%@1728,0%@1728,0%@729,0%@729] GR3D_FREQ 39% cpu@58.25C soc2@55.718C soc0@57.406C gpu@58.25C tj@58.25C soc1@57.437C VDD_IN 9309mW/9693mW VDD_CPU_GPU_CV 2524mW/2750mW VDD_SOC 3685mW/3772mW
08-01-2026 20:36:40 RAM 2998/7620MB (lfb 6x4MB) SWAP 0/3810MB (cached 0MB) CPU [1%@1728,1%@1728,90%@1728,0%@1728,0%@729,0%@729] GR3D_FREQ 40% cpu@58.218C soc2@55.718C soc0@57.437C gpu@58.343C tj@58.343C soc1@57.468C VDD_IN 9309mW/9692mW VDD_CPU_GPU_CV 2480mW/2750mW VDD_SOC 3685mW/3772mW
08-01-2026 20:36:41 RAM 2998/7620MB (lfb 6x4MB) SWAP 0/3810MB (cached 0MB) CPU [1%@1728,0%@1728,89%@1728,0%@1728,0%@729,0%@729] GR3D_FREQ 40% cpu@58.25C soc2@55.656C soc0@57.5C gpu@58.281C tj@58.281C soc1@57.375C VDD_IN 9309mW/9692mW VDD_CPU_GPU_CV 2480mW/2750mW VDD_SOC 3685mW/3772mW
08-01-2026 20:36:42 RAM 2998/7620MB (lfb 6x4MB) SWAP 0/3810MB (cached 0MB) CPU [1%@1728,0%@1728,90%@1728,0%@1728,0%@729,0%@729] GR3D_FREQ 40% cpu@58.343C soc2@55.718C soc0@57.437C gpu@58.25C tj@58.343C soc1@57.437C VDD_IN 9309mW/9692mW VDD_CPU_GPU_CV 2480mW/2750mW VDD_SOC 3645mW/3772mW
08-01-2026 20:36:43 RAM 2998/7620MB (lfb 6x4MB) SWAP 0/3810MB (cached 0MB) CPU [0%@1728,1%@1728,92%@1728,0%@1728,0%@729,0%@729] GR3D_FREQ 37% cpu@58.218C soc2@55.75C soc0@57.343C gpu@58.5C tj@58.5C soc1@57.406C VDD_IN 9229mW/9691mW VDD_CPU_GPU_CV 2480mW/2750mW VDD_SOC 3685mW/3772mW
08-01-2026 20:36:44 RAM 2998/7620MB (lfb 6x4MB) SWAP 0/3810MB (cached 0MB) CPU [1%@1728,0%@1728,90%@1728,0%@1728,0%@729,0%@729] GR3D_FREQ 40% cpu@58.5C soc2@55.656C soc0@57.468C gpu@58.562C tj@58.562C soc1@57.468C VDD_IN 9189mW/9691mW VDD_CPU_GPU_CV 2443mW/2749mW VDD_SOC 3645mW/3772mW
08-01-2026 20:36:45 RAM 2998/7620MB (lfb 6x4MB) SWAP 0/3810MB (cached 0MB) CPU [1%@1728,1%@1728,90%@1728,1%@1728,0%@729,0%@729] GR3D_FREQ 39% cpu@58.375C soc2@55.718C soc0@57.406C gpu@58.562C tj@58.562C soc1@57.593C VDD_IN 9229mW/9691mW VDD_CPU_GPU_CV 2443mW/2749mW VDD_SOC 3645mW/3772mW
08-01-2026 20:36:46 RAM 2998/7620MB (lfb 6x4MB) SWAP 0/3810MB (cached 0MB) CPU [1%@1728,1%@1728,90%@1728,0%@1728,0%@729,0%@729] GR3D_FREQ 39% cpu@58.281C soc2@55.718C soc0@57.593C gpu@58.625C tj@58.625C soc1@57.437C VDD_IN 9149mW/9690mW VDD_CPU_GPU_CV 2403mW/2749mW VDD_SOC 3645mW/3772mW
08-01-2026 20:36:47 RAM 2998/7620MB (lfb 6x4MB) SWAP 0/3810MB (cached 0MB) CPU [0%@1728,0%@1728,89%@1728,0%@1728,0%@729,0%@729] GR3D_FREQ 40% cpu@58.5C soc2@55.718C soc0@57.593C gpu@58.656C tj@58.656C soc1@57.375C VDD_IN 9149mW/9690mW VDD_CPU_GPU_CV 2403mW/2749mW VDD_SOC 3645mW/3771mW
08-01-2026 20:36:48 RAM 2999/7620MB (lfb 6x4MB) SWAP 0/3810MB (cached 0MB) CPU [0%@1728,1%@1728,90%@1728,0%@1728,0%@729,0%@729] GR3D_FREQ 40% cpu@58.375C soc2@55.687C soc0@57.468C gpu@58.718C tj@58.718C soc1@57.343C VDD_IN 9149mW/9690mW VDD_CPU_GPU_CV 2403mW/2748mW VDD_SOC 3645mW/3771mW
08-01-2026 20:36:49 RAM 2999/7620MB (lfb 6x4MB) SWAP 0/3810MB (cached 0MB) CPU [0%@1728,1%@1728,90%@1728,0%@1728,0%@729,0%@729] GR3D_FREQ 39% cpu@58.531C soc2@55.781C soc0@57.437C gpu@58.781C tj@58.781C soc1@57.468C VDD_IN 9109mW/9689mW VDD_CPU_GPU_CV 2363mW/2748mW VDD_SOC 3645mW/3771mW
08-01-2026 20:36:50 RAM 2999/7620MB (lfb 6x4MB) SWAP 0/3810MB (cached 0MB) CPU [1%@1728,0%@1728,90%@1728,0%@1728,0%@729,0%@729] GR3D_FREQ 37% cpu@58.312C soc2@55.75C soc0@57.562C gpu@58.75C tj@58.75C soc1@57.468C VDD_IN 9109mW/9689mW VDD_CPU_GPU_CV 2363mW/2748mW VDD_SOC 3645mW/3771mW
08-01-2026 20:36:51 RAM 2999/7620MB (lfb 6x4MB) SWAP 0/3810MB (cached 0MB) CPU [85%@1728,0%@1728,4%@1728,1%@1728,0%@729,0%@729] GR3D_FREQ 37% cpu@57.843C soc2@55.781C soc0@57.468C gpu@58.187C tj@58.187C soc1@57.468C VDD_IN 9109mW/9688mW VDD_CPU_GPU_CV 2323mW/2748mW VDD_SOC 3645mW/3771mW
08-01-2026 20:36:52 RAM 2999/7620MB (lfb 6x4MB) SWAP 0/3810MB (cached 0MB) CPU [60%@729,0%@729,0%@729,0%@729,31%@1728,0%@1728] GR3D_FREQ 37% cpu@57.906C soc2@55.656C soc0@57.562C gpu@58.187C tj@58.187C soc1@57.406C VDD_IN 9028mW/9688mW VDD_CPU_GPU_CV 2323mW/2747mW VDD_SOC 3605mW/3771mW
08-01-2026 20:36:53 RAM 2999/7620MB (lfb 6x4MB) SWAP 0/3810MB (cached 0MB) CPU [1%@729,2%@729,0%@729,0%@729,91%@1728,0%@1728] GR3D_FREQ 40% cpu@58.031C soc2@55.562C soc0@57.406C gpu@58.375C tj@58.375C soc1@57.343C VDD_IN 9068mW/9687mW VDD_CPU_GPU_CV 2363mW/2747mW VDD_SOC 3645mW/3771mW
08-01-2026 20:36:54 RAM 2999/7620MB (lfb 6x4MB) SWAP 0/3810MB (cached 0MB) CPU [0%@729,1%@729,0%@729,0%@729,91%@1728,0%@1728] GR3D_FREQ 39% cpu@58.218C soc2@55.656C soc0@57.468C gpu@58.468C tj@58.468C soc1@57.468C VDD_IN 9068mW/9687mW VDD_CPU_GPU_CV 2323mW/2747mW VDD_SOC 3645mW/3771mW
08-01-2026 20:36:55 RAM 2999/7620MB (lfb 6x4MB) SWAP 0/3810MB (cached 0MB) CPU [1%@729,1%@729,0%@729,0%@729,90%@1728,0%@1728] GR3D_FREQ 20% cpu@57.812C soc2@55.625C soc0@57.468C gpu@58.406C tj@58.406C soc1@57.531C VDD_IN 9028mW/9686mW VDD_CPU_GPU_CV 2323mW/2746mW VDD_SOC 3645mW/3771mW
08-01-2026 20:36:56 RAM 2999/7620MB (lfb 6x4MB) SWAP 0/3810MB (cached 0MB) CPU [1%@729,0%@729,0%@729,0%@729,91%@1728,0%@1728] GR3D_FREQ 69% cpu@58C soc2@55.562C soc0@57.437C gpu@58.562C tj@58.562C soc1@57.375C VDD_IN 9189mW/9686mW VDD_CPU_GPU_CV 2443mW/2746mW VDD_SOC 3645mW/3771mW
08-01-2026 20:36:57 RAM 2999/7620MB (lfb 6x4MB) SWAP 0/3810MB (cached 0MB) CPU [0%@1728,0%@1728,0%@1728,86%@1728,2%@729,0%@729] GR3D_FREQ 99% cpu@57.968C soc2@55.656C soc0@57.562C gpu@58.593C tj@58.593C soc1@57.468C VDD_IN 9269mW/9686mW VDD_CPU_GPU_CV 2480mW/2746mW VDD_SOC 3685mW/3771mW
08-01-2026 20:36:58 RAM 2999/7620MB (lfb 6x4MB) SWAP 0/3810MB (cached 0MB) CPU [5%@1574,0%@1574,0%@1574,85%@1574,0%@729,0%@729] GR3D_FREQ 99% cpu@57.781C soc2@55.75C soc0@57.468C gpu@58.5C tj@58.5C soc1@57.468C VDD_IN 9389mW/9686mW VDD_CPU_GPU_CV 2520mW/2746mW VDD_SOC 3725mW/3770mW
08-01-2026 20:36:59 RAM 2999/7620MB (lfb 6x4MB) SWAP 0/3810MB (cached 0MB) CPU [90%@1651,1%@1651,0%@1651,1%@1651,0%@729,0%@729] GR3D_FREQ 99% cpu@57.781C soc2@55.781C soc0@57.5C gpu@58.531C tj@58.531C soc1@57.468C VDD_IN 9309mW/9685mW VDD_CPU_GPU_CV 2480mW/2746mW VDD_SOC 3685mW/3770mW
08-01-2026 20:37:00 RAM 2999/7620MB (lfb 6x4MB) SWAP 0/3810MB (cached 0MB) CPU [87%@1651,0%@1651,3%@1651,0%@1651,0%@729,0%@729] GR3D_FREQ 99% cpu@57.593C soc2@55.843C soc0@57.468C gpu@58.656C tj@58.656C soc1@57.468C VDD_IN 9349mW/9685mW VDD_CPU_GPU_CV 2480mW/2746mW VDD_SOC 3725mW/3770mW
08-01-2026 20:37:01 RAM 2999/7620MB (lfb 6x4MB) SWAP 0/3810MB (cached 0MB) CPU [1%@1344,0%@1344,89%@1344,0%@1344,0%@729,0%@729] GR3D_FREQ 99% cpu@57.656C soc2@55.687C soc0@57.468C gpu@58.75C tj@58.75C soc1@57.437C VDD_IN 9575mW/9685mW VDD_CPU_GPU_CV 2640mW/2745mW VDD_SOC 3766mW/3770mW
08-01-2026 20:37:02 RAM 2999/7620MB (lfb 6x4MB) SWAP 0/3810MB (cached 0MB) CPU [0%@883,0%@883,88%@883,0%@883,0%@729,0%@729] GR3D_FREQ 99% cpu@57.75C soc2@55.718C soc0@57.437C gpu@59.218C tj@59.218C soc1@57.468C VDD_IN 9775mW/9685mW VDD_CPU_GPU_CV 2720mW/2745mW VDD_SOC 3846mW/3770mW
08-01-2026 20:37:03 RAM 2999/7620MB (lfb 6x4MB) SWAP 0/3810MB (cached 0MB) CPU [1%@729,0%@729,89%@729,0%@729,0%@729,0%@729] GR3D_FREQ 99% cpu@57.906C soc2@55.781C soc0@57.531C gpu@59.25C tj@59.25C soc1@57.468C VDD_IN 9975mW/9685mW VDD_CPU_GPU_CV 2800mW/2745mW VDD_SOC 3886mW/3771mW
08-01-2026 20:37:04 RAM 2999/7620MB (lfb 6x4MB) SWAP 0/3810MB (cached 0MB) CPU [1%@1728,0%@1728,91%@1728,0%@1728,0%@729,0%@729] GR3D_FREQ 90% cpu@58.125C soc2@55.843C soc0@57.437C gpu@59.5C tj@59.218C soc1@57.437C VDD_IN 10416mW/9686mW VDD_CPU_GPU_CV 3075mW/2746mW VDD_SOC 3960mW/3771mW
08-01-2026 20:37:05 RAM 2999/7620MB (lfb 6x4MB) SWAP 0/3810MB (cached 0MB) CPU [0%@1113,0%@1113,89%@1113,0%@1113,0%@729,0%@729] GR3D_FREQ 94% cpu@57.968C soc2@55.718C soc0@57.531C gpu@59.468C tj@59.468C soc1@57.406C VDD_IN 10697mW/9687mW VDD_CPU_GPU_CV 3274mW/2746mW VDD_SOC 4040mW/3771mW
08-01-2026 20:37:06 RAM 2999/7620MB (lfb 6x4MB) SWAP 0/3810MB (cached 0MB) CPU [7%@806,0%@806,83%@806,0%@806,0%@729,0%@729] GR3D_FREQ 99% cpu@58C soc2@55.937C soc0@57.375C gpu@59.656C tj@59.656C soc1@57.406C VDD_IN 11320mW/9688mW VDD_CPU_GPU_CV 3747mW/2747mW VDD_SOC 4153mW/3771mW
08-01-2026 20:37:07 RAM 2998/7620MB (lfb 6x4MB) SWAP 0/3810MB (cached 0MB) CPU [84%@1651,0%@1651,7%@1651,0%@1651,0%@729,0%@729] GR3D_FREQ 99% cpu@57.968C soc2@55.875C soc0@57.375C gpu@59.625C tj@59.625C soc1@57.468C VDD_IN 11280mW/9689mW VDD_CPU_GPU_CV 3668mW/2747mW VDD_SOC 4153mW/3771mW
08-01-2026 20:37:08 RAM 2998/7620MB (lfb 6x4MB) SWAP 0/3810MB (cached 0MB) CPU [0%@1574,8%@1574,81%@1574,0%@1574,0%@729,1%@729] GR3D_FREQ 64% cpu@57.781C soc2@55.843C soc0@57.437C gpu@59.625C tj@59.625C soc1@57.468C VDD_IN 11280mW/9690mW VDD_CPU_GPU_CV 3674mW/2748mW VDD_SOC 4113mW/3772mW
08-01-2026 20:37:09 RAM 2999/7620MB (lfb 6x4MB) SWAP 0/3810MB (cached 0MB) CPU [1%@1574,82%@1574,9%@1574,0%@1574,0%@729,0%@729] GR3D_FREQ 60% cpu@58.312C soc2@55.812C soc0@57.531C gpu@59.531C tj@59.531C soc1@57.437C VDD_IN 11240mW/9691mW VDD_CPU_GPU_CV 3668mW/2749mW VDD_SOC 4153mW/3772mW
08-01-2026 20:37:10 RAM 2999/7620MB (lfb 6x4MB) SWAP 0/3810MB (cached 0MB) CPU [2%@1651,0%@1651,91%@1651,0%@1651,0%@729,0%@729] GR3D_FREQ 48% cpu@58.375C soc2@55.843C soc0@57.656C gpu@59.375C tj@59.375C soc1@57.406C VDD_IN 11400mW/9692mW VDD_CPU_GPU_CV 3747mW/2749mW VDD_SOC 4153mW/3772mW
08-01-2026 20:37:11 RAM 2999/7620MB (lfb 6x4MB) SWAP 0/3810MB (cached 0MB) CPU [1%@1728,0%@1728,77%@1728,13%@1728,0%@729,0%@729] GR3D_FREQ 46% cpu@58.343C soc2@55.812C soc0@57.437C gpu@59.25C tj@59.25C soc1@57.468C VDD_IN 11280mW/9693mW VDD_CPU_GPU_CV 3668mW/2750mW VDD_SOC 4153mW/3772mW
08-01-2026 20:37:12 RAM 2999/7620MB (lfb 6x4MB) SWAP 0/3810MB (cached 0MB) CPU [1%@1728,1%@1728,0%@1728,89%@1728,0%@729,0%@729] GR3D_FREQ 58% cpu@58.062C soc2@55.812C soc0@57.5C gpu@58.968C tj@58.968C soc1@57.468C VDD_IN 11280mW/9694mW VDD_CPU_GPU_CV 3668mW/2751mW VDD_SOC 4153mW/3773mW
08-01-2026 20:37:13 RAM 2999/7620MB (lfb 6x4MB) SWAP 0/3810MB (cached 0MB) CPU [1%@1728,1%@1728,0%@1728,91%@1728,0%@729,1%@729] GR3D_FREQ 23% cpu@58.125C soc2@55.875C soc0@57.468C gpu@58.875C tj@58.875C soc1@57.531C VDD_IN 11280mW/9696mW VDD_CPU_GPU_CV 3708mW/2751mW VDD_SOC 4113mW/3773mW
08-01-2026 20:37:14 RAM 2999/7620MB (lfb 6x4MB) SWAP 0/3810MB (cached 0MB) CPU [15%@1728,1%@1728,0%@1728,72%@1728,0%@729,0%@729] GR3D_FREQ 41% cpu@57.875C soc2@55.812C soc0@57.5C gpu@58.812C tj@58.812C soc1@57.375C VDD_IN 10800mW/9696mW VDD_CPU_GPU_CV 3274mW/2752mW VDD_SOC 4120mW/3773mW
08-01-2026 20:37:15 RAM 2999/7620MB (lfb 6x4MB) SWAP 0/3810MB (cached 0MB) CPU [91%@1728,0%@1728,0%@1728,0%@1728,0%@729,1%@729] GR3D_FREQ 45% cpu@58.031C soc2@55.937C soc0@57.5C gpu@58.937C tj@58.937C soc1@57.437C VDD_IN 11240mW/9697mW VDD_CPU_GPU_CV 3628mW/2752mW VDD_SOC 4153mW/3773mW
08-01-2026 20:37:16 RAM 2999/7620MB (lfb 6x4MB) SWAP 0/3810MB (cached 0MB) CPU [91%@1728,1%@1728,0%@1728,0%@1728,0%@729,0%@729] GR3D_FREQ 48% cpu@58.218C soc2@55.906C soc0@57.437C gpu@58.937C tj@58.937C soc1@57.468C VDD_IN 11200mW/9699mW VDD_CPU_GPU_CV 3747mW/2753mW VDD_SOC 4160mW/3774mW
08-01-2026 20:37:17 RAM 2999/7620MB (lfb 6x4MB) SWAP 0/3810MB (cached 0MB) CPU [91%@1728,0%@1728,0%@1728,0%@1728,0%@729,0%@729] GR3D_FREQ 39% cpu@57.906C soc2@55.906C soc0@57.406C gpu@58.718C tj@58.718C soc1@57.562C VDD_IN 11280mW/9700mW VDD_CPU_GPU_CV 3628mW/2754mW VDD_SOC 4113mW/3774mW
08-01-2026 20:37:18 RAM 2998/7620MB (lfb 6x4MB) SWAP 0/3810MB (cached 0MB) CPU [90%@1728,0%@1728,1%@1728,0%@1728,0%@729,0%@729] GR3D_FREQ 43% cpu@57.968C soc2@55.968C soc0@57.562C gpu@58.812C tj@58.812C soc1@57.468C VDD_IN 11240mW/9701mW VDD_CPU_GPU_CV 3588mW/2754mW VDD_SOC 4113mW/3774mW
08-01-2026 20:37:19 RAM 2998/7620MB (lfb 6x4MB) SWAP 0/3810MB (cached 0MB) CPU [91%@1728,0%@1728,0%@1728,0%@1728,0%@729,0%@729] GR3D_FREQ 35% cpu@58.093C soc2@55.843C soc0@57.625C gpu@58.718C tj@58.718C soc1@57.468C VDD_IN 11200mW/9702mW VDD_CPU_GPU_CV 3588mW/2755mW VDD_SOC 4113mW/3774mW
08-01-2026 20:37:20 RAM 2998/7620MB (lfb 6x4MB) SWAP 0/3810MB (cached 0MB) CPU [91%@1728,0%@1728,0%@1728,0%@1728,0%@729,0%@729] GR3D_FREQ 37% cpu@57.968C soc2@55.875C soc0@57.468C gpu@58.75C tj@58.75C soc1@57.468C VDD_IN 11160mW/9703mW VDD_CPU_GPU_CV 3634mW/2755mW VDD_SOC 4113mW/3775mW
08-01-2026 20:37:21 RAM 2998/7620MB (lfb 6x4MB) SWAP 0/3810MB (cached 0MB) CPU [91%@1728,0%@1728,0%@1728,0%@1728,0%@729,0%@729] GR3D_FREQ 20% cpu@58.218C soc2@55.843C soc0@57.437C gpu@58.656C tj@58.656C soc1@57.437C VDD_IN 11200mW/9704mW VDD_CPU_GPU_CV 3548mW/2756mW VDD_SOC 4113mW/3775mW
08-01-2026 20:37:22 RAM 2998/7620MB (lfb 6x4MB) SWAP 0/3810MB (cached 0MB) CPU [91%@1728,0%@1728,0%@1728,0%@1728,0%@729,0%@729] GR3D_FREQ 24% cpu@58.062C soc2@56C soc0@57.375C gpu@58.906C tj@58.906C soc1@57.531C VDD_IN 11160mW/9705mW VDD_CPU_GPU_CV 3548mW/2757mW VDD_SOC 4113mW/3775mW
08-01-2026 20:37:23 RAM 2998/7620MB (lfb 6x4MB) SWAP 0/3810MB (cached 0MB) CPU [90%@1728,0%@1728,0%@1728,0%@1728,0%@729,0%@729] GR3D_FREQ 23% cpu@58.062C soc2@55.875C soc0@57.562C gpu@58.843C tj@58.843C soc1@57.468C VDD_IN 11080mW/9706mW VDD_CPU_GPU_CV 3508mW/2757mW VDD_SOC 4080mW/3775mW
08-01-2026 20:37:24 RAM 2998/7620MB (lfb 6x4MB) SWAP 0/3810MB (cached 0MB) CPU [91%@1728,0%@1728,0%@1728,0%@1728,0%@729,0%@729] GR3D_FREQ 23% cpu@58.125C soc2@55.812C soc0@57.625C gpu@58.906C tj@58.906C soc1@57.468C VDD_IN 11080mW/9707mW VDD_CPU_GPU_CV 3548mW/2758mW VDD_SOC 4120mW/3776mW
08-01-2026 20:37:25 RAM 2998/7620MB (lfb 6x4MB) SWAP 0/3810MB (cached 0MB) CPU [91%@1728,0%@1728,0%@1728,0%@1728,0%@729,0%@729] GR3D_FREQ 24% cpu@58.218C soc2@55.875C soc0@57.406C gpu@58.812C tj@58.812C soc1@57.406C VDD_IN 11000mW/9708mW VDD_CPU_GPU_CV 3514mW/2758mW VDD_SOC 4080mW/3776mW
08-01-2026 20:37:26 RAM 2998/7620MB (lfb 6x4MB) SWAP 0/3810MB (cached 0MB) CPU [91%@1728,0%@1728,1%@1728,0%@1728,0%@729,0%@729] GR3D_FREQ 23% cpu@58.187C soc2@55.906C soc0@57.437C gpu@58.875C tj@58.875C soc1@57.437C VDD_IN 11000mW/9709mW VDD_CPU_GPU_CV 3554mW/2759mW VDD_SOC 4080mW/3776mW
08-01-2026 20:37:27 RAM 2998/7620MB (lfb 6x4MB) SWAP 0/3810MB (cached 0MB) CPU [16%@1728,0%@1728,16%@1728,0%@1728,60%@729,1%@729] GR3D_FREQ 24% cpu@58.343C soc2@55.906C soc0@57.562C gpu@58.593C tj@58.593C soc1@57.562C VDD_IN 10920mW/9709mW VDD_CPU_GPU_CV 3514mW/2759mW VDD_SOC 4040mW/3776mW
08-01-2026 20:37:28 RAM 2998/7620MB (lfb 6x4MB) SWAP 0/3810MB (cached 0MB) CPU [0%@1728,1%@1728,90%@1728,0%@1728,0%@729,0%@729] GR3D_FREQ 24% cpu@58.406C soc2@55.781C soc0@57.625C gpu@58.593C tj@58.593C soc1@57.375C VDD_IN 10880mW/9710mW VDD_CPU_GPU_CV 3434mW/2760mW VDD_SOC 4040mW/3776mW
08-01-2026 20:37:29 RAM 2998/7620MB (lfb 6x4MB) SWAP 0/3810MB (cached 0MB) CPU [23%@1728,0%@1728,67%@1728,0%@1728,0%@729,0%@729] GR3D_FREQ 24% cpu@58.156C soc2@55.937C soc0@57.468C gpu@58.562C tj@58.562C soc1@57.437C VDD_IN 10840mW/9711mW VDD_CPU_GPU_CV 3354mW/2760mW VDD_SOC 4040mW/3777mW
08-01-2026 20:37:30 RAM 2998/7620MB (lfb 6x4MB) SWAP 0/3810MB (cached 0MB) CPU [90%@1728,2%@1728,0%@1728,1%@1728,0%@729,0%@729] GR3D_FREQ 24% cpu@58.281C soc2@55.906C soc0@57.468C gpu@58.593C tj@58.593C soc1@57.468C VDD_IN 10880mW/9712mW VDD_CPU_GPU_CV 3354mW/2761mW VDD_SOC 4040mW/3777mW
08-01-2026 20:37:31 RAM 2998/7620MB (lfb 6x4MB) SWAP 0/3810MB (cached 0MB) CPU [49%@729,0%@729,1%@729,0%@729,42%@1728,0%@1728] GR3D_FREQ 24% cpu@58.312C soc2@55.812C soc0@57.531C gpu@58.843C tj@58.843C soc1@57.468C VDD_IN 10880mW/9713mW VDD_CPU_GPU_CV 3434mW/2761mW VDD_SOC 4040mW/3777mW
08-01-2026 20:37:32 RAM 2998/7620MB (lfb 6x4MB) SWAP 0/3810MB (cached 0MB) CPU [1%@729,0%@729,0%@729,0%@729,70%@1728,20%@1728] GR3D_FREQ 23% cpu@57.718C soc2@55.718C soc0@57.5C gpu@58.812C tj@58.812C soc1@57.437C VDD_IN 10760mW/9713mW VDD_CPU_GPU_CV 3394mW/2761mW VDD_SOC 4000mW/3777mW
08-01-2026 20:37:33 RAM 2998/7620MB (lfb 6x4MB) SWAP 0/3810MB (cached 0MB) CPU [1%@729,1%@729,1%@729,0%@729,0%@1728,90%@1728] GR3D_FREQ 24% cpu@57.781C soc2@55.625C soc0@57.593C gpu@58.75C tj@58.75C soc1@57.375C VDD_IN 10640mW/9714mW VDD_CPU_GPU_CV 3314mW/2762mW VDD_SOC 4000mW/3777mW
08-01-2026 20:37:34 RAM 2998/7620MB (lfb 6x4MB) SWAP 0/3810MB (cached 0MB) CPU [1%@729,1%@729,0%@729,0%@729,0%@1728,91%@1728] GR3D_FREQ 24% cpu@57.906C soc2@55.781C soc0@57.406C gpu@58.843C tj@58.843C soc1@57.437C VDD_IN 10600mW/9715mW VDD_CPU_GPU_CV 3274mW/2762mW VDD_SOC 3960mW/3777mW
08-01-2026 20:37:35 RAM 2998/7620MB (lfb 6x4MB) SWAP 0/3810MB (cached 0MB) CPU [1%@729,0%@729,1%@729,0%@729,0%@1728,89%@1728] GR3D_FREQ 30% cpu@57.937C soc2@55.812C soc0@57.406C gpu@58.531C tj@58.531C soc1@57.5C VDD_IN 10456mW/9715mW VDD_CPU_GPU_CV 3194mW/2763mW VDD_SOC 3960mW/3778mW
08-01-2026 20:37:36 RAM 2998/7620MB (lfb 6x4MB) SWAP 0/3810MB (cached 0MB) CPU [0%@729,1%@729,0%@729,0%@729,0%@1728,91%@1728] GR3D_FREQ 28% cpu@57.75C soc2@55.812C soc0@57.531C gpu@58.5C tj@58.5C soc1@57.531C VDD_IN 10416mW/9716mW VDD_CPU_GPU_CV 3234mW/2763mW VDD_SOC 3960mW/3778mW
08-01-2026 20:37:37 RAM 2998/7620MB (lfb 6x4MB) SWAP 0/3810MB (cached 0MB) CPU [2%@729,0%@729,0%@729,0%@729,0%@1728,90%@1728] GR3D_FREQ 30% cpu@57.781C soc2@55.687C soc0@57.468C gpu@58.531C tj@58.531C soc1@57.468C VDD_IN 10256mW/9716mW VDD_CPU_GPU_CV 3115mW/2763mW VDD_SOC 3920mW/3778mW
08-01-2026 20:37:38 RAM 2998/7620MB (lfb 6x4MB) SWAP 0/3810MB (cached 0MB) CPU [1%@729,0%@729,0%@729,0%@729,36%@1728,54%@1728] GR3D_FREQ 30% cpu@58.062C soc2@55.687C soc0@57.468C gpu@58.5C tj@58.5C soc1@57.5C VDD_IN 10256mW/9716mW VDD_CPU_GPU_CV 3115mW/2763mW VDD_SOC 3920mW/3778mW
08-01-2026 20:37:39 RAM 2998/7620MB (lfb 6x4MB) SWAP 0/3810MB (cached 0MB) CPU [2%@729,0%@729,0%@729,0%@729,89%@1728,0%@1728] GR3D_FREQ 30% cpu@58.093C soc2@55.781C soc0@57.437C gpu@58.843C tj@58.843C soc1@57.468C VDD_IN 10216mW/9717mW VDD_CPU_GPU_CV 3075mW/2764mW VDD_SOC 3880mW/3778mW
08-01-2026 20:37:40 RAM 2998/7620MB (lfb 6x4MB) SWAP 0/3810MB (cached 0MB) CPU [1%@729,1%@729,0%@729,0%@729,90%@1728,0%@1728] GR3D_FREQ 29% cpu@58C soc2@55.75C soc0@57.531C gpu@58.843C tj@58.843C soc1@57.562C VDD_IN 10216mW/9717mW VDD_CPU_GPU_CV 3000mW/2764mW VDD_SOC 3880mW/3778mW
08-01-2026 20:37:41 RAM 2998/7620MB (lfb 6x4MB) SWAP 0/3810MB (cached 0MB) CPU [1%@729,1%@729,0%@729,0%@729,90%@1728,0%@1728] GR3D_FREQ 30% cpu@57.968C soc2@55.656C soc0@57.531C gpu@58.875C tj@58.875C soc1@57.437C VDD_IN 10136mW/9717mW VDD_CPU_GPU_CV 2995mW/2764mW VDD_SOC 3880mW/3778mW
08-01-2026 20:37:42 RAM 2998/7620MB (lfb 6x4MB) SWAP 0/3810MB (cached 0MB) CPU [2%@729,0%@729,1%@729,1%@729,91%@1728,0%@1728] GR3D_FREQ 30% cpu@58.218C soc2@55.75C soc0@57.562C gpu@58.437C tj@58.593C soc1@57.437C VDD_IN 10056mW/9718mW VDD_CPU_GPU_CV 2995mW/2764mW VDD_SOC 3840mW/3778mW
08-01-2026 20:37:43 RAM 2998/7620MB (lfb 6x4MB) SWAP 0/3810MB (cached 0MB) CPU [1%@729,0%@729,0%@729,1%@729,48%@1728,43%@1728] GR3D_FREQ 30% cpu@57.875C soc2@55.75C soc0@57.468C gpu@58.5C tj@58.5C soc1@57.531C VDD_IN 10016mW/9718mW VDD_CPU_GPU_CV 2960mW/2764mW VDD_SOC 3840mW/3778mW
08-01-2026 20:37:44 RAM 2998/7620MB (lfb 6x4MB) SWAP 0/3810MB (cached 0MB) CPU [1%@729,0%@729,0%@729,0%@729,0%@1728,89%@1728] GR3D_FREQ 30% cpu@57.687C soc2@55.718C soc0@57.468C gpu@58.468C tj@58.468C soc1@57.5C VDD_IN 9935mW/9718mW VDD_CPU_GPU_CV 2880mW/2764mW VDD_SOC 3846mW/3778mW
08-01-2026 20:37:45 RAM 2998/7620MB (lfb 6x4MB) SWAP 0/3810MB (cached 0MB) CPU [1%@729,0%@729,0%@729,0%@729,0%@1728,88%@1728] GR3D_FREQ 30% cpu@57.781C soc2@55.656C soc0@57.5C gpu@58.5C tj@58.5C soc1@57.437C VDD_IN 9935mW/9718mW VDD_CPU_GPU_CV 2880mW/2764mW VDD_SOC 3846mW/3778mW
08-01-2026 20:37:46 RAM 2998/7620MB (lfb 6x4MB) SWAP 0/3810MB (cached 0MB) CPU [2%@729,1%@729,0%@729,1%@729,46%@1728,43%@1728] GR3D_FREQ 28% cpu@58C soc2@55.718C soc0@57.656C gpu@58.5C tj@58.406C soc1@57.468C VDD_IN 9855mW/9718mW VDD_CPU_GPU_CV 2880mW/2764mW VDD_SOC 3806mW/3778mW
08-01-2026 20:37:47 RAM 2998/7620MB (lfb 6x4MB) SWAP 0/3810MB (cached 0MB) CPU [0%@729,0%@729,1%@729,0%@729,91%@1728,0%@1728] GR3D_FREQ 30% cpu@58C soc2@55.75C soc0@57.437C gpu@58.375C tj@58.375C soc1@57.468C VDD_IN 9775mW/9718mW VDD_CPU_GPU_CV 2840mW/2764mW VDD_SOC 3806mW/3778mW
08-01-2026 20:37:48 RAM 2998/7620MB (lfb 6x4MB) SWAP 0/3810MB (cached 0MB) CPU [2%@729,0%@729,1%@729,0%@729,90%@1728,0%@1728] GR3D_FREQ 30% cpu@58.406C soc2@55.781C soc0@57.5C gpu@58.375C tj@58.406C soc1@57.468C VDD_IN 9775mW/9718mW VDD_CPU_GPU_CV 2840mW/2765mW VDD_SOC 3806mW/3778mW
08-01-2026 20:37:49 RAM 2998/7620MB (lfb 6x4MB) SWAP 0/3810MB (cached 0MB) CPU [1%@729,0%@729,0%@729,1%@729,90%@1728,0%@1728] GR3D_FREQ 30% cpu@57.968C soc2@55.75C soc0@57.468C gpu@58.343C tj@58.343C soc1@57.531C VDD_IN 9735mW/9718mW VDD_CPU_GPU_CV 2760mW/2765mW VDD_SOC 3766mW/3778mW
08-01-2026 20:37:50 RAM 2998/7620MB (lfb 6x4MB) SWAP 0/3810MB (cached 0MB) CPU [2%@729,0%@729,2%@729,0%@729,90%@1728,0%@1728] GR3D_FREQ 28% cpu@58.062C soc2@55.781C soc0@57.531C gpu@58.343C tj@58.343C soc1@57.468C VDD_IN 9695mW/9718mW VDD_CPU_GPU_CV 2720mW/2764mW VDD_SOC 3766mW/3778mW
08-01-2026 20:37:51 RAM 2998/7620MB (lfb 6x4MB) SWAP 0/3810MB (cached 0MB) CPU [1%@729,0%@729,0%@729,1%@729,89%@1728,0%@1728] GR3D_FREQ 28% cpu@58.218C soc2@55.687C soc0@57.593C gpu@58.562C tj@58.562C soc1@57.437C VDD_IN 9695mW/9718mW VDD_CPU_GPU_CV 2720mW/2764mW VDD_SOC 3766mW/3778mW
08-01-2026 20:37:52 RAM 2998/7620MB (lfb 6x4MB) SWAP 0/3810MB (cached 0MB) CPU [1%@729,1%@729,0%@729,1%@729,90%@1728,0%@1728] GR3D_FREQ 28% cpu@58.062C soc2@55.656C soc0@57.375C gpu@58.5C tj@58.5C soc1@57.468C VDD_IN 9615mW/9718mW VDD_CPU_GPU_CV 2680mW/2764mW VDD_SOC 3766mW/3778mW
08-01-2026 20:37:53 RAM 2998/7620MB (lfb 6x4MB) SWAP 0/3810MB (cached 0MB) CPU [54%@1728,0%@1728,1%@1728,1%@1728,36%@729,0%@729] GR3D_FREQ 39% cpu@57.968C soc2@55.812C soc0@57.562C gpu@58.5C tj@58.5C soc1@57.468C VDD_IN 9535mW/9718mW VDD_CPU_GPU_CV 2640mW/2764mW VDD_SOC 3766mW/3778mW
08-01-2026 20:37:54 RAM 2998/7620MB (lfb 6x4MB) SWAP 0/3810MB (cached 0MB) CPU [1%@729,0%@729,0%@729,1%@729,1%@1728,90%@1728] GR3D_FREQ 30% cpu@57.687C soc2@55.812C soc0@57.562C gpu@58.562C tj@58.562C soc1@57.562C VDD_IN 9615mW/9718mW VDD_CPU_GPU_CV 2680mW/2764mW VDD_SOC 3766mW/3778mW
08-01-2026 20:37:55 RAM 2998/7620MB (lfb 6x4MB) SWAP 0/3810MB (cached 0MB) CPU [1%@729,0%@729,0%@729,1%@729,0%@1728,91%@1728] GR3D_FREQ 30% cpu@57.75C soc2@55.625C soc0@57.625C gpu@58.625C tj@58.281C soc1@57.468C VDD_IN 9655mW/9718mW VDD_CPU_GPU_CV 2720mW/2764mW VDD_SOC 3766mW/3778mW
08-01-2026 20:37:56 RAM 2998/7620MB (lfb 6x4MB) SWAP 0/3810MB (cached 0MB) CPU [1%@729,0%@729,1%@729,0%@729,0%@1728,90%@1728] GR3D_FREQ 34% cpu@57.875C soc2@55.656C soc0@57.468C gpu@58.312C tj@58.312C soc1@57.437C VDD_IN 9535mW/9718mW VDD_CPU_GPU_CV 2640mW/2764mW VDD_SOC 3725mW/3778mW
08-01-2026 20:37:57 RAM 2998/7620MB (lfb 6x4MB) SWAP 0/3810MB (cached 0MB) CPU [0%@729,0%@729,0%@729,0%@729,0%@1728,90%@1728] GR3D_FREQ 40% cpu@57.937C soc2@55.718C soc0@57.468C gpu@58.312C tj@58.312C soc1@57.437C VDD_IN 9495mW/9718mW VDD_CPU_GPU_CV 2640mW/2764mW VDD_SOC 3725mW/3778mW
08-01-2026 20:37:58 RAM 2998/7620MB (lfb 6x4MB) SWAP 0/3810MB (cached 0MB) CPU [2%@729,0%@729,0%@729,1%@729,0%@1728,90%@1728] GR3D_FREQ 40% cpu@57.843C soc2@55.75C soc0@57.468C gpu@58.406C tj@58.406C soc1@57.5C VDD_IN 9389mW/9717mW VDD_CPU_GPU_CV 2560mW/2764mW VDD_SOC 3725mW/3778mW
08-01-2026 20:38:00 RAM 2998/7620MB (lfb 6x4MB) SWAP 0/3810MB (cached 0MB) CPU [0%@729,0%@729,1%@729,1%@729,0%@1728,89%@1728] GR3D_FREQ 40% cpu@57.656C soc2@55.656C soc0@57.5C gpu@58.343C tj@58.343C soc1@57.406C VDD_IN 9430mW/9717mW VDD_CPU_GPU_CV 2560mW/2764mW VDD_SOC 3725mW/3778mW
08-01-2026 20:38:01 RAM 2998/7620MB (lfb 6x4MB) SWAP 0/3810MB (cached 0MB) CPU [1%@729,0%@729,0%@729,0%@729,0%@1728,89%@1728] GR3D_FREQ 40% cpu@57.875C soc2@55.687C soc0@57.625C gpu@58.562C tj@58.562C soc1@57.468C VDD_IN 9389mW/9717mW VDD_CPU_GPU_CV 2520mW/2764mW VDD_SOC 3725mW/3778mW
08-01-2026 20:38:02 RAM 2998/7620MB (lfb 6x4MB) SWAP 0/3810MB (cached 0MB) CPU [2%@729,0%@729,0%@729,1%@729,0%@1728,91%@1728] GR3D_FREQ 37% cpu@57.875C soc2@55.593C soc0@57.5C gpu@58.656C tj@58.656C soc1@57.531C VDD_IN 9389mW/9717mW VDD_CPU_GPU_CV 2560mW/2763mW VDD_SOC 3725mW/3778mW
08-01-2026 20:38:03 RAM 2998/7620MB (lfb 6x4MB) SWAP 0/3810MB (cached 0MB) CPU [1%@729,0%@729,1%@729,1%@729,0%@1728,89%@1728] GR3D_FREQ 39% cpu@58C soc2@55.593C soc0@57.437C gpu@58.593C tj@58.593C soc1@57.625C VDD_IN 9349mW/9717mW VDD_CPU_GPU_CV 2520mW/2763mW VDD_SOC 3685mW/3778mW
08-01-2026 20:38:04 RAM 2999/7620MB (lfb 6x4MB) SWAP 0/3810MB (cached 0MB) CPU [2%@729,0%@729,0%@729,0%@729,0%@1728,91%@1728] GR3D_FREQ 40% cpu@57.687C soc2@55.687C soc0@57.562C gpu@58.625C tj@58.625C soc1@57.531C VDD_IN 9389mW/9716mW VDD_CPU_GPU_CV 2560mW/2763mW VDD_SOC 3685mW/3778mW
08-01-2026 20:38:05 RAM 2999/7620MB (lfb 6x4MB) SWAP 0/3810MB (cached 0MB) CPU [1%@729,1%@729,1%@729,1%@729,0%@1728,90%@1728] GR3D_FREQ 37% cpu@57.781C soc2@55.656C soc0@57.593C gpu@58.312C tj@58.312C soc1@57.468C VDD_IN 9269mW/9716mW VDD_CPU_GPU_CV 2480mW/2763mW VDD_SOC 3685mW/3778mW
08-01-2026 20:38:06 RAM 2999/7620MB (lfb 6x4MB) SWAP 0/3810MB (cached 0MB) CPU [1%@729,0%@729,0%@729,1%@729,0%@1728,90%@1728] GR3D_FREQ 38% cpu@57.875C soc2@55.562C soc0@57.406C gpu@58.375C tj@58.375C soc1@57.406C VDD_IN 9229mW/9716mW VDD_CPU_GPU_CV 2483mW/2763mW VDD_SOC 3685mW/3778mW
08-01-2026 20:38:07 RAM 2999/7620MB (lfb 6x4MB) SWAP 0/3810MB (cached 0MB) CPU [1%@729,0%@729,0%@729,0%@729,0%@1728,91%@1728] GR3D_FREQ 40% cpu@57.968C soc2@55.656C soc0@57.562C gpu@58.406C tj@58.406C soc1@57.531C VDD_IN 9189mW/9715mW VDD_CPU_GPU_CV 2443mW/2763mW VDD_SOC 3685mW/3778mW
08-01-2026 20:38:08 RAM 2999/7620MB (lfb 6x4MB) SWAP 0/3810MB (cached 0MB) CPU [2%@729,1%@729,1%@729,1%@729,1%@1728,90%@1728] GR3D_FREQ 39% cpu@57.687C soc2@55.593C soc0@57.406C gpu@58.375C tj@58.375C soc1@57.562C VDD_IN 9189mW/9715mW VDD_CPU_GPU_CV 2403mW/2762mW VDD_SOC 3645mW/3778mW
08-01-2026 20:38:09 RAM 2999/7620MB (lfb 6x4MB) SWAP 0/3810MB (cached 0MB) CPU [1%@729,2%@729,0%@729,1%@729,0%@1728,91%@1728] GR3D_FREQ 39% cpu@57.718C soc2@55.75C soc0@57.375C gpu@58.406C tj@58.75C soc1@57.468C VDD_IN 9149mW/9715mW VDD_CPU_GPU_CV 2403mW/2762mW VDD_SOC 3645mW/3778mW
08-01-2026 20:38:10 RAM 2999/7620MB (lfb 6x4MB) SWAP 0/3810MB (cached 0MB) CPU [2%@729,1%@729,0%@729,0%@729,0%@1728,89%@1728] GR3D_FREQ 40% cpu@57.781C soc2@55.625C soc0@57.687C gpu@58.281C tj@58.281C soc1@57.468C VDD_IN 9068mW/9714mW VDD_CPU_GPU_CV 2363mW/2762mW VDD_SOC 3645mW/3777mW
08-01-2026 20:38:11 RAM 2999/7620MB (lfb 6x4MB) SWAP 0/3810MB (cached 0MB) CPU [1%@729,0%@729,0%@729,1%@729,0%@1728,89%@1728] GR3D_FREQ 40% cpu@57.843C soc2@55.593C soc0@57.25C gpu@58.25C tj@58.25C soc1@57.468C VDD_IN 9028mW/9714mW VDD_CPU_GPU_CV 2363mW/2762mW VDD_SOC 3645mW/3777mW
08-01-2026 20:38:12 RAM 2999/7620MB (lfb 6x4MB) SWAP 0/3810MB (cached 0MB) CPU [1%@729,0%@729,0%@729,0%@729,0%@1728,89%@1728] GR3D_FREQ 40% cpu@57.812C soc2@55.718C soc0@57.562C gpu@58.218C tj@58.218C soc1@57.5C VDD_IN 9068mW/9713mW VDD_CPU_GPU_CV 2323mW/2761mW VDD_SOC 3645mW/3777mW
08-01-2026 20:38:13 RAM 2999/7620MB (lfb 6x4MB) SWAP 0/3810MB (cached 0MB) CPU [2%@729,1%@729,1%@729,1%@729,0%@1728,91%@1728] GR3D_FREQ 22% cpu@57.718C soc2@55.718C soc0@57.531C gpu@58.343C tj@58.343C soc1@57.593C VDD_IN 9068mW/9713mW VDD_CPU_GPU_CV 2363mW/2761mW VDD_SOC 3645mW/3777mW
08-01-2026 20:38:14 RAM 2999/7620MB (lfb 6x4MB) SWAP 0/3810MB (cached 0MB) CPU [1%@729,1%@729,0%@729,0%@729,0%@1728,88%@1728] GR3D_FREQ 79% cpu@57.843C soc2@55.656C soc0@57.656C gpu@58.593C tj@58.593C soc1@57.437C VDD_IN 9109mW/9712mW VDD_CPU_GPU_CV 2363mW/2761mW VDD_SOC 3645mW/3777mW
08-01-2026 20:38:15 RAM 2999/7620MB (lfb 6x4MB) SWAP 0/3810MB (cached 0MB) CPU [2%@729,0%@729,0%@729,1%@729,0%@1728,89%@1728] GR3D_FREQ 99% cpu@57.75C soc2@55.781C soc0@57.468C gpu@58.843C tj@58.843C soc1@57.5C VDD_IN 9349mW/9712mW VDD_CPU_GPU_CV 2520mW/2761mW VDD_SOC 3725mW/3777mW
08-01-2026 20:38:16 RAM 2999/7620MB (lfb 6x4MB) SWAP 0/3810MB (cached 0MB) CPU [1%@729,0%@729,0%@729,1%@729,0%@1651,88%@1651] GR3D_FREQ 99% cpu@57.812C soc2@55.75C soc0@57.468C gpu@58.906C tj@58.906C soc1@57.5C VDD_IN 9655mW/9712mW VDD_CPU_GPU_CV 2720mW/2761mW VDD_SOC 3806mW/3777mW
08-01-2026 20:38:17 RAM 2999/7620MB (lfb 6x4MB) SWAP 0/3810MB (cached 0MB) CPU [1%@729,0%@729,0%@729,1%@729,0%@729,88%@729] GR3D_FREQ 99% cpu@57.812C soc2@55.812C soc0@57.562C gpu@58.875C tj@58.875C soc1@57.593C VDD_IN 9815mW/9712mW VDD_CPU_GPU_CV 2720mW/2760mW VDD_SOC 3846mW/3777mW
08-01-2026 20:38:18 RAM 2999/7620MB (lfb 6x4MB) SWAP 0/3810MB (cached 0MB) CPU [1%@729,0%@729,0%@729,0%@729,0%@1728,90%@1728] GR3D_FREQ 99% cpu@57.906C soc2@55.812C soc0@57.593C gpu@59.031C tj@59.031C soc1@57.468C VDD_IN 10256mW/9713mW VDD_CPU_GPU_CV 2995mW/2761mW VDD_SOC 3960mW/3777mW
08-01-2026 20:38:19 RAM 2999/7620MB (lfb 6x4MB) SWAP 0/3810MB (cached 0MB) CPU [1%@729,0%@729,0%@729,0%@729,0%@1036,89%@1036] GR3D_FREQ 99% cpu@58.156C soc2@55.875C soc0@57.468C gpu@59.593C tj@59.593C soc1@57.468C VDD_IN 11160mW/9714mW VDD_CPU_GPU_CV 3714mW/2761mW VDD_SOC 4113mW/3777mW
08-01-2026 20:38:20 RAM 2999/7620MB (lfb 6x4MB) SWAP 0/3810MB (cached 0MB) CPU [1%@729,1%@729,0%@729,0%@729,0%@729,89%@729] GR3D_FREQ 99% cpu@58.281C soc2@55.906C soc0@57.531C gpu@59.718C tj@59.718C soc1@57.468C VDD_IN 11280mW/9715mW VDD_CPU_GPU_CV 3708mW/2762mW VDD_SOC 4153mW/3778mW
08-01-2026 20:38:21 RAM 2999/7620MB (lfb 6x4MB) SWAP 0/3810MB (cached 0MB) CPU [1%@729,0%@729,0%@729,1%@729,0%@1574,89%@1574] GR3D_FREQ 65% cpu@57.843C soc2@55.875C soc0@57.531C gpu@59.625C tj@59.625C soc1@57.562C VDD_IN 11200mW/9716mW VDD_CPU_GPU_CV 3628mW/2763mW VDD_SOC 4160mW/3778mW
08-01-2026 20:38:22 RAM 2999/7620MB (lfb 6x4MB) SWAP 0/3810MB (cached 0MB) CPU [2%@729,1%@729,0%@729,0%@729,0%@1574,90%@1574] GR3D_FREQ 51% cpu@57.906C soc2@55.75C soc0@57.5C gpu@59.468C tj@59.468C soc1@57.468C VDD_IN 11200mW/9717mW VDD_CPU_GPU_CV 3668mW/2763mW VDD_SOC 4160mW/3778mW
08-01-2026 20:38:23 RAM 2999/7620MB (lfb 6x4MB) SWAP 0/3810MB (cached 0MB) CPU [1%@729,0%@729,0%@729,0%@729,0%@1574,89%@1574] GR3D_FREQ 30% cpu@58.031C soc2@55.812C soc0@57.625C gpu@59.437C tj@59.437C soc1@57.5C VDD_IN 11360mW/9718mW VDD_CPU_GPU_CV 3787mW/2764mW VDD_SOC 4153mW/3778mW
08-01-2026 20:38:24 RAM 2999/7620MB (lfb 6x4MB) SWAP 0/3810MB (cached 0MB) CPU [2%@729,1%@729,0%@729,0%@729,0%@1574,90%@1574] GR3D_FREQ 32% cpu@57.875C soc2@55.781C soc0@57.468C gpu@58.875C tj@58.875C soc1@57.5C VDD_IN 11240mW/9719mW VDD_CPU_GPU_CV 3588mW/2764mW VDD_SOC 4113mW/3779mW
08-01-2026 20:38:25 RAM 2998/7620MB (lfb 6x4MB) SWAP 0/3810MB (cached 0MB) CPU [1%@729,0%@729,0%@729,0%@729,0%@1651,90%@1651] GR3D_FREQ 43% cpu@58.218C soc2@55.843C soc0@57.531C gpu@58.968C tj@58.968C soc1@57.5C VDD_IN 11240mW/9720mW VDD_CPU_GPU_CV 3588mW/2765mW VDD_SOC 4153mW/3779mW
08-01-2026 20:38:26 RAM 2998/7620MB (lfb 6x4MB) SWAP 0/3810MB (cached 0MB) CPU [2%@729,1%@729,0%@729,0%@729,0%@1728,90%@1728] GR3D_FREQ 41% cpu@57.843C soc2@55.781C soc0@57.531C gpu@58.968C tj@58.968C soc1@57.593C VDD_IN 11280mW/9721mW VDD_CPU_GPU_CV 3628mW/2765mW VDD_SOC 4153mW/3779mW
08-01-2026 20:38:27 RAM 2998/7620MB (lfb 6x4MB) SWAP 0/3810MB (cached 0MB) CPU [1%@729,0%@729,1%@729,1%@729,0%@1728,89%@1728] GR3D_FREQ 49% cpu@57.875C soc2@55.843C soc0@57.625C gpu@59.031C tj@59.031C soc1@57.468C VDD_IN 11360mW/9722mW VDD_CPU_GPU_CV 3668mW/2766mW VDD_SOC 4113mW/3779mW
08-01-2026 20:38:28 RAM 2998/7620MB (lfb 6x4MB) SWAP 0/3810MB (cached 0MB) CPU [2%@729,0%@729,1%@729,1%@729,0%@1728,90%@1728] GR3D_FREQ 37% cpu@58C soc2@55.843C soc0@57.468C gpu@59.187C tj@59.187C soc1@57.5C VDD_IN 11200mW/9723mW VDD_CPU_GPU_CV 3588mW/2767mW VDD_SOC 4113mW/3780mW
08-01-2026 20:38:29 RAM 2998/7620MB (lfb 6x4MB) SWAP 0/3810MB (cached 0MB) CPU [0%@729,0%@729,0%@729,0%@729,0%@1728,89%@1728] GR3D_FREQ 33% cpu@57.906C soc2@55.875C soc0@57.437C gpu@59.062C tj@59.062C soc1@57.531C VDD_IN 11280mW/9724mW VDD_CPU_GPU_CV 3588mW/2767mW VDD_SOC 4113mW/3780mW
08-01-2026 20:38:30 RAM 2998/7620MB (lfb 6x4MB) SWAP 0/3810MB (cached 0MB) CPU [1%@729,1%@729,1%@729,0%@729,0%@1728,90%@1728] GR3D_FREQ 23% cpu@57.781C soc2@55.968C soc0@57.593C gpu@59.093C tj@59.093C soc1@57.531C VDD_IN 11080mW/9725mW VDD_CPU_GPU_CV 3554mW/2768mW VDD_SOC 4080mW/3780mW
08-01-2026 20:38:31 RAM 2998/7620MB (lfb 6x4MB) SWAP 0/3810MB (cached 0MB) CPU [2%@729,0%@729,0%@729,0%@729,0%@1728,86%@1728] GR3D_FREQ 53% cpu@57.781C soc2@55.718C soc0@57.531C gpu@59C tj@59C soc1@57.468C VDD_IN 10720mW/9725mW VDD_CPU_GPU_CV 3194mW/2768mW VDD_SOC 4080mW/3780mW
08-01-2026 20:38:32 RAM 2998/7620MB (lfb 6x4MB) SWAP 0/3810MB (cached 0MB) CPU [1%@729,0%@729,0%@729,0%@729,1%@1728,90%@1728] GR3D_FREQ 29% cpu@57.875C soc2@55.718C soc0@57.593C gpu@59.156C tj@59.156C soc1@57.406C VDD_IN 11040mW/9726mW VDD_CPU_GPU_CV 3514mW/2769mW VDD_SOC 4120mW/3780mW
08-01-2026 20:38:33 RAM 2999/7620MB (lfb 6x4MB) SWAP 0/3810MB (cached 0MB) CPU [1%@729,0%@729,0%@729,0%@729,0%@1728,89%@1728] GR3D_FREQ 19% cpu@57.875C soc2@55.781C soc0@57.468C gpu@58.781C tj@58.781C soc1@57.468C VDD_IN 11120mW/9727mW VDD_CPU_GPU_CV 3554mW/2769mW VDD_SOC 4080mW/3781mW
08-01-2026 20:38:34 RAM 2999/7620MB (lfb 6x4MB) SWAP 0/3810MB (cached 0MB) CPU [0%@729,0%@729,2%@729,0%@729,0%@1728,92%@1728] GR3D_FREQ 24% cpu@57.937C soc2@55.875C soc0@57.468C gpu@58.812C tj@58.812C soc1@57.468C VDD_IN 10960mW/9728mW VDD_CPU_GPU_CV 3554mW/2770mW VDD_SOC 4040mW/3781mW
08-01-2026 20:38:35 RAM 2999/7620MB (lfb 6x4MB) SWAP 0/3810MB (cached 0MB) CPU [1%@729,0%@729,0%@729,0%@729,0%@1728,91%@1728] GR3D_FREQ 24% cpu@57.75C soc2@55.906C soc0@57.5C gpu@58.75C tj@58.75C soc1@57.687C VDD_IN 10840mW/9729mW VDD_CPU_GPU_CV 3434mW/2770mW VDD_SOC 4040mW/3781mW
08-01-2026 20:38:36 RAM 2999/7620MB (lfb 6x4MB) SWAP 0/3810MB (cached 0MB) CPU [1%@729,0%@729,0%@729,0%@729,0%@1728,90%@1728] GR3D_FREQ 24% cpu@57.843C soc2@55.843C soc0@57.625C gpu@58.718C tj@58.718C soc1@57.468C VDD_IN 10680mW/9729mW VDD_CPU_GPU_CV 3354mW/2770mW VDD_SOC 4000mW/3781mW
08-01-2026 20:38:37 RAM 2999/7620MB (lfb 6x4MB) SWAP 0/3810MB (cached 0MB) CPU [2%@729,0%@729,1%@729,0%@729,0%@1728,89%@1728] GR3D_FREQ 28% cpu@57.906C soc2@55.781C soc0@57.625C gpu@58.5C tj@58.5C soc1@57.468C VDD_IN 10600mW/9730mW VDD_CPU_GPU_CV 3314mW/2771mW VDD_SOC 4000mW/3781mW
08-01-2026 20:38:38 RAM 2999/7620MB (lfb 6x4MB) SWAP 0/3810MB (cached 0MB) CPU [1%@729,0%@729,0%@729,0%@729,0%@1728,90%@1728] GR3D_FREQ 30% cpu@57.875C soc2@55.812C soc0@57.531C gpu@58.531C tj@58.531C soc1@57.468C VDD_IN 10520mW/9731mW VDD_CPU_GPU_CV 3234mW/2771mW VDD_SOC 3960mW/3781mW
08-01-2026 20:38:39 RAM 2999/7620MB (lfb 6x4MB) SWAP 0/3810MB (cached 0MB) CPU [1%@729,0%@729,1%@729,0%@729,0%@1728,89%@1728] GR3D_FREQ 30% cpu@57.718C soc2@55.812C soc0@57.593C gpu@58.5C tj@58.5C soc1@57.593C VDD_IN 10536mW/9731mW VDD_CPU_GPU_CV 3194mW/2771mW VDD_SOC 3960mW/3782mW
08-01-2026 20:38:40 RAM 2999/7620MB (lfb 6x4MB) SWAP 0/3810MB (cached 0MB) CPU [1%@729,0%@729,0%@729,0%@729,0%@1728,89%@1728] GR3D_FREQ 30% cpu@57.75C soc2@55.843C soc0@57.593C gpu@58.5C tj@58.5C soc1@57.437C VDD_IN 10456mW/9732mW VDD_CPU_GPU_CV 3154mW/2772mW VDD_SOC 3960mW/3782mW
08-01-2026 20:38:41 RAM 2999/7620MB (lfb 6x4MB) SWAP 0/3810MB (cached 0MB) CPU [1%@729,0%@729,1%@729,0%@729,0%@1728,92%@1728] GR3D_FREQ 30% cpu@57.781C soc2@55.75C soc0@57.593C gpu@58.5C tj@58.5C soc1@57.375C VDD_IN 10416mW/9732mW VDD_CPU_GPU_CV 3154mW/2772mW VDD_SOC 3920mW/3782mW
08-01-2026 20:38:42 RAM 2999/7620MB (lfb 6x4MB) SWAP 0/3810MB (cached 0MB) CPU [2%@729,0%@729,0%@729,0%@729,0%@1728,89%@1728] GR3D_FREQ 30% cpu@58.093C soc2@55.718C soc0@57.5C gpu@58.687C tj@58.687C soc1@57.531C VDD_IN 10256mW/9732mW VDD_CPU_GPU_CV 3115mW/2772mW VDD_SOC 3920mW/3782mW
08-01-2026 20:38:43 RAM 2999/7620MB (lfb 6x4MB) SWAP 0/3810MB (cached 0MB) CPU [1%@729,0%@729,1%@729,0%@729,0%@1728,90%@1728] GR3D_FREQ 30% cpu@57.843C soc2@55.718C soc0@57.406C gpu@58.656C tj@58.656C soc1@57.468C VDD_IN 10216mW/9733mW VDD_CPU_GPU_CV 3035mW/2772mW VDD_SOC 3880mW/3782mW
08-01-2026 20:38:44 RAM 2999/7620MB (lfb 6x4MB) SWAP 0/3810MB (cached 0MB) CPU [2%@729,0%@729,0%@729,0%@729,0%@1728,89%@1728] GR3D_FREQ 30% cpu@57.718C soc2@55.812C soc0@57.562C gpu@58.656C tj@58.656C soc1@57.562C VDD_IN 10136mW/9733mW VDD_CPU_GPU_CV 2995mW/2772mW VDD_SOC 3880mW/3782mW
08-01-2026 20:38:45 RAM 2999/7620MB (lfb 6x4MB) SWAP 0/3810MB (cached 0MB) CPU [2%@729,0%@729,1%@729,0%@729,0%@1728,90%@1728] GR3D_FREQ 29% cpu@57.75C soc2@55.875C soc0@57.593C gpu@58.593C tj@58.593C soc1@57.468C VDD_IN 10136mW/9733mW VDD_CPU_GPU_CV 2955mW/2773mW VDD_SOC 3880mW/3782mW
08-01-2026 20:38:46 RAM 2999/7620MB (lfb 6x4MB) SWAP 0/3810MB (cached 0MB) CPU [0%@729,0%@729,0%@729,1%@729,0%@1728,89%@1728] GR3D_FREQ 29% cpu@57.843C soc2@55.781C soc0@57.75C gpu@58.625C tj@58.625C soc1@57.531C VDD_IN 10056mW/9733mW VDD_CPU_GPU_CV 2960mW/2773mW VDD_SOC 3880mW/3782mW
08-01-2026 20:38:47 RAM 2999/7620MB (lfb 6x4MB) SWAP 0/3810MB (cached 0MB) CPU [2%@729,0%@729,0%@729,0%@729,0%@1728,89%@1728] GR3D_FREQ 30% cpu@57.968C soc2@55.687C soc0@57.437C gpu@58.5C tj@58.5C soc1@57.468C VDD_IN 10016mW/9734mW VDD_CPU_GPU_CV 2960mW/2773mW VDD_SOC 3840mW/3782mW
08-01-2026 20:38:48 RAM 2999/7620MB (lfb 6x4MB) SWAP 0/3810MB (cached 0MB) CPU [1%@729,0%@729,0%@729,1%@729,0%@1728,89%@1728] GR3D_FREQ 30% cpu@57.781C soc2@55.781C soc0@57.437C gpu@58.468C tj@58.468C soc1@57.5C VDD_IN 9975mW/9734mW VDD_CPU_GPU_CV 2920mW/2773mW VDD_SOC 3846mW/3782mW
08-01-2026 20:38:49 RAM 2999/7620MB (lfb 6x4MB) SWAP 0/3810MB (cached 0MB) CPU [1%@729,0%@729,0%@729,0%@729,0%@1728,91%@1728] GR3D_FREQ 29% cpu@57.687C soc2@55.781C soc0@57.593C gpu@58.531C tj@58.531C soc1@57.531C VDD_IN 9975mW/9734mW VDD_CPU_GPU_CV 2960mW/2773mW VDD_SOC 3846mW/3782mW
08-01-2026 20:38:50 RAM 2999/7620MB (lfb 6x4MB) SWAP 0/3810MB (cached 0MB) CPU [2%@729,0%@729,0%@729,0%@729,0%@1728,89%@1728] GR3D_FREQ 28% cpu@57.781C soc2@55.656C soc0@57.562C gpu@58.5C tj@58.5C soc1@57.437C VDD_IN 9895mW/9734mW VDD_CPU_GPU_CV 2840mW/2773mW VDD_SOC 3806mW/3782mW
08-01-2026 20:38:51 RAM 2999/7620MB (lfb 6x4MB) SWAP 0/3810MB (cached 0MB) CPU [0%@729,0%@729,0%@729,0%@729,0%@1728,92%@1728] GR3D_FREQ 30% cpu@57.968C soc2@55.718C soc0@57.687C gpu@58.5C tj@58.5C soc1@57.5C VDD_IN 9855mW/9734mW VDD_CPU_GPU_CV 2880mW/2773mW VDD_SOC 3806mW/3782mW
08-01-2026 20:38:52 RAM 2999/7620MB (lfb 6x4MB) SWAP 0/3810MB (cached 0MB) CPU [2%@729,0%@729,0%@729,0%@729,0%@1728,90%@1728] GR3D_FREQ 30% cpu@58C soc2@55.75C soc0@57.562C gpu@58.687C tj@58.687C soc1@57.5C VDD_IN 9775mW/9734mW VDD_CPU_GPU_CV 2800mW/2773mW VDD_SOC 3806mW/3782mW
08-01-2026 20:38:53 RAM 2999/7620MB (lfb 6x4MB) SWAP 0/3810MB (cached 0MB) CPU [1%@729,0%@729,0%@729,0%@729,0%@1728,90%@1728] GR3D_FREQ 30% cpu@57.968C soc2@55.781C soc0@57.5C gpu@58.781C tj@58.781C soc1@57.625C VDD_IN 9735mW/9734mW VDD_CPU_GPU_CV 2760mW/2773mW VDD_SOC 3806mW/3782mW
08-01-2026 20:38:54 RAM 2999/7620MB (lfb 6x4MB) SWAP 0/3810MB (cached 0MB) CPU [2%@729,0%@729,1%@729,1%@729,0%@1728,89%@1728] GR3D_FREQ 28% cpu@57.812C soc2@55.812C soc0@57.5C gpu@58.718C tj@58.718C soc1@57.625C VDD_IN 9695mW/9734mW VDD_CPU_GPU_CV 2720mW/2773mW VDD_SOC 3766mW/3782mW
08-01-2026 20:38:55 RAM 2999/7620MB (lfb 6x4MB) SWAP 0/3810MB (cached 0MB) CPU [2%@729,0%@729,0%@729,0%@729,0%@1728,91%@1728] GR3D_FREQ 30% cpu@57.75C soc2@55.656C soc0@57.687C gpu@58.718C tj@58.718C soc1@57.406C VDD_IN 9615mW/9734mW VDD_CPU_GPU_CV 2720mW/2773mW VDD_SOC 3766mW/3782mW
08-01-2026 20:38:56 RAM 2999/7620MB (lfb 6x4MB) SWAP 0/3810MB (cached 0MB) CPU [1%@729,0%@729,0%@729,0%@729,0%@1728,90%@1728] GR3D_FREQ 34% cpu@58C soc2@55.718C soc0@57.562C gpu@58.718C tj@58.718C soc1@57.5C VDD_IN 9615mW/9734mW VDD_CPU_GPU_CV 2680mW/2773mW VDD_SOC 3766mW/3782mW
08-01-2026 20:38:57 RAM 2999/7620MB (lfb 6x4MB) SWAP 0/3810MB (cached 0MB) CPU [1%@729,0%@729,0%@729,0%@729,0%@1728,89%@1728] GR3D_FREQ 37% cpu@58.062C soc2@55.75C soc0@57.468C gpu@58.437C tj@58.437C soc1@57.562C VDD_IN 9495mW/9734mW VDD_CPU_GPU_CV 2640mW/2773mW VDD_SOC 3725mW/3782mW
08-01-2026 20:38:58 RAM 2999/7620MB (lfb 6x4MB) SWAP 0/3810MB (cached 0MB) CPU [3%@729,0%@729,0%@729,1%@729,0%@1728,89%@1728] GR3D_FREQ 37% cpu@58.031C soc2@55.781C soc0@57.593C gpu@58.468C tj@58.468C soc1@57.531C VDD_IN 9495mW/9734mW VDD_CPU_GPU_CV 2640mW/2773mW VDD_SOC 3725mW/3782mW
08-01-2026 20:38:59 RAM 2999/7620MB (lfb 6x4MB) SWAP 0/3810MB (cached 0MB) CPU [0%@729,0%@729,1%@729,0%@729,0%@1728,91%@1728] GR3D_FREQ 40% cpu@57.875C soc2@55.687C soc0@57.687C gpu@58.468C tj@58.468C soc1@57.468C VDD_IN 9455mW/9734mW VDD_CPU_GPU_CV 2600mW/2773mW VDD_SOC 3725mW/3782mW
08-01-2026 20:39:00 RAM 2999/7620MB (lfb 6x4MB) SWAP 0/3810MB (cached 0MB) CPU [2%@729,0%@729,0%@729,1%@729,0%@1728,89%@1728] GR3D_FREQ 40% cpu@57.75C soc2@55.781C soc0@57.656C gpu@58.468C tj@58.468C soc1@57.468C VDD_IN 9430mW/9733mW VDD_CPU_GPU_CV 2560mW/2773mW VDD_SOC 3725mW/3782mW
08-01-2026 20:39:01 RAM 2999/7620MB (lfb 6x4MB) SWAP 0/3810MB (cached 0MB) CPU [0%@729,0%@729,1%@729,0%@729,0%@1728,90%@1728] GR3D_FREQ 39% cpu@57.875C soc2@55.718C soc0@57.531C gpu@58.312C tj@58.312C soc1@57.468C VDD_IN 9349mW/9733mW VDD_CPU_GPU_CV 2520mW/2772mW VDD_SOC 3725mW/3782mW
08-01-2026 20:39:02 RAM 2999/7620MB (lfb 6x4MB) SWAP 0/3810MB (cached 0MB) CPU [1%@729,0%@729,0%@729,1%@729,0%@1728,91%@1728] GR3D_FREQ 40% cpu@58C soc2@55.812C soc0@57.437C gpu@58.312C tj@58.312C soc1@57.625C VDD_IN 9349mW/9733mW VDD_CPU_GPU_CV 2560mW/2772mW VDD_SOC 3685mW/3782mW
08-01-2026 20:39:03 RAM 2999/7620MB (lfb 6x4MB) SWAP 0/3810MB (cached 0MB) CPU [2%@729,0%@729,1%@729,0%@729,0%@1728,90%@1728] GR3D_FREQ 40% cpu@57.718C soc2@55.75C soc0@57.562C gpu@58.312C tj@58.312C soc1@57.562C VDD_IN 9309mW/9733mW VDD_CPU_GPU_CV 2520mW/2772mW VDD_SOC 3685mW/3782mW
08-01-2026 20:39:04 RAM 2999/7620MB (lfb 6x4MB) SWAP 0/3810MB (cached 0MB) CPU [0%@729,0%@729,0%@729,1%@729,0%@1728,91%@1728] GR3D_FREQ 40% cpu@57.812C soc2@55.656C soc0@57.531C gpu@58.375C tj@58.375C soc1@57.468C VDD_IN 9269mW/9732mW VDD_CPU_GPU_CV 2480mW/2772mW VDD_SOC 3685mW/3782mW
08-01-2026 20:39:05 RAM 2999/7620MB (lfb 6x4MB) SWAP 0/3810MB (cached 0MB) CPU [1%@729,0%@729,0%@729,0%@729,0%@1728,91%@1728] GR3D_FREQ 40% cpu@57.875C soc2@55.812C soc0@57.5C gpu@58.312C tj@58.312C soc1@57.5C VDD_IN 9229mW/9732mW VDD_CPU_GPU_CV 2483mW/2772mW VDD_SOC 3645mW/3782mW
08-01-2026 20:39:06 RAM 2999/7620MB (lfb 6x4MB) SWAP 0/3810MB (cached 0MB) CPU [1%@729,0%@729,0%@729,0%@729,0%@1728,91%@1728] GR3D_FREQ 40% cpu@57.875C soc2@55.687C soc0@57.468C gpu@58.375C tj@58.375C soc1@57.562C VDD_IN 9149mW/9732mW VDD_CPU_GPU_CV 2400mW/2771mW VDD_SOC 3645mW/3782mW
08-01-2026 20:39:07 RAM 2999/7620MB (lfb 6x4MB) SWAP 0/3810MB (cached 0MB) CPU [1%@729,0%@729,0%@729,0%@729,0%@1728,90%@1728] GR3D_FREQ 37% cpu@58.062C soc2@55.718C soc0@57.468C gpu@58.437C tj@58.437C soc1@57.656C VDD_IN 9109mW/9731mW VDD_CPU_GPU_CV 2363mW/2771mW VDD_SOC 3645mW/3782mW
08-01-2026 20:39:08 RAM 2999/7620MB (lfb 6x4MB) SWAP 0/3810MB (cached 0MB) CPU [2%@729,1%@729,1%@729,0%@729,0%@1728,89%@1728] GR3D_FREQ 37% cpu@57.718C soc2@55.75C soc0@57.562C gpu@58.531C tj@58.531C soc1@57.593C VDD_IN 9068mW/9731mW VDD_CPU_GPU_CV 2363mW/2771mW VDD_SOC 3645mW/3782mW
08-01-2026 20:39:09 RAM 2999/7620MB (lfb 6x4MB) SWAP 0/3810MB (cached 0MB) CPU [1%@729,0%@729,0%@729,0%@729,0%@1728,89%@1728] GR3D_FREQ 39% cpu@57.906C soc2@55.718C soc0@57.593C gpu@58.531C tj@58.531C soc1@57.468C VDD_IN 9109mW/9730mW VDD_CPU_GPU_CV 2363mW/2771mW VDD_SOC 3645mW/3781mW
08-01-2026 20:39:10 RAM 2999/7620MB (lfb 6x4MB) SWAP 0/3810MB (cached 0MB) CPU [1%@729,0%@729,0%@729,0%@729,0%@1728,89%@1728] GR3D_FREQ 40% cpu@57.875C soc2@55.656C soc0@57.437C gpu@58.5C tj@58.5C soc1@57.5C VDD_IN 9068mW/9730mW VDD_CPU_GPU_CV 2363mW/2770mW VDD_SOC 3645mW/3781mW
08-01-2026 20:39:11 RAM 2999/7620MB (lfb 6x4MB) SWAP 0/3810MB (cached 0MB) CPU [1%@729,0%@729,0%@729,0%@729,1%@1728,90%@1728] GR3D_FREQ 40% cpu@57.875C soc2@55.687C soc0@57.562C gpu@58.5C tj@58.5C soc1@57.593C VDD_IN 9068mW/9729mW VDD_CPU_GPU_CV 2363mW/2770mW VDD_SOC 3645mW/3781mW
08-01-2026 20:39:12 RAM 2999/7620MB (lfb 6x4MB) SWAP 0/3810MB (cached 0MB) CPU [1%@729,0%@729,1%@729,0%@729,0%@1728,89%@1728] GR3D_FREQ 40% cpu@57.968C soc2@55.75C soc0@57.437C gpu@58.343C tj@58.343C soc1@57.593C VDD_IN 9068mW/9729mW VDD_CPU_GPU_CV 2323mW/2770mW VDD_SOC 3645mW/3781mW
08-01-2026 20:39:13 RAM 2999/7620MB (lfb 6x4MB) SWAP 0/3810MB (cached 0MB) CPU [3%@729,1%@729,0%@729,0%@729,0%@1728,90%@1728] GR3D_FREQ 30% cpu@57.75C soc2@55.812C soc0@57.625C gpu@58.437C tj@58.437C soc1@57.531C VDD_IN 9068mW/9729mW VDD_CPU_GPU_CV 2363mW/2770mW VDD_SOC 3645mW/3781mW
08-01-2026 20:39:14 RAM 2999/7620MB (lfb 6x4MB) SWAP 0/3810MB (cached 0MB) CPU [0%@729,0%@729,0%@729,1%@729,0%@1728,90%@1728] GR3D_FREQ 77% cpu@57.812C soc2@55.781C soc0@57.687C gpu@58.562C tj@58.562C soc1@57.468C VDD_IN 9109mW/9728mW VDD_CPU_GPU_CV 2363mW/2769mW VDD_SOC 3645mW/3781mW
08-01-2026 20:39:15 RAM 2999/7620MB (lfb 6x4MB) SWAP 0/3810MB (cached 0MB) CPU [2%@729,1%@729,0%@729,0%@729,0%@1728,88%@1728] GR3D_FREQ 92% cpu@57.968C soc2@55.687C soc0@57.468C gpu@58.625C tj@58.625C soc1@57.5C VDD_IN 9229mW/9728mW VDD_CPU_GPU_CV 2440mW/2769mW VDD_SOC 3685mW/3781mW
08-01-2026 20:39:16 RAM 2999/7620MB (lfb 6x4MB) SWAP 0/3810MB (cached 0MB) CPU [1%@729,0%@729,0%@729,1%@729,0%@1113,88%@1113] GR3D_FREQ 99% cpu@57.781C soc2@55.75C soc0@57.437C gpu@59.031C tj@59.031C soc1@57.562C VDD_IN 9575mW/9728mW VDD_CPU_GPU_CV 2640mW/2769mW VDD_SOC 3766mW/3781mW
08-01-2026 20:39:17 RAM 2999/7620MB (lfb 6x4MB) SWAP 0/3810MB (cached 0MB) CPU [0%@729,0%@729,0%@729,1%@729,0%@1420,88%@1420] GR3D_FREQ 99% cpu@57.906C soc2@55.875C soc0@57.5C gpu@59.343C tj@59.343C soc1@57.625C VDD_IN 10016mW/9728mW VDD_CPU_GPU_CV 2920mW/2769mW VDD_SOC 3880mW/3781mW
08-01-2026 20:39:18 RAM 2999/7620MB (lfb 6x4MB) SWAP 0/3810MB (cached 0MB) CPU [1%@729,1%@729,0%@729,1%@729,0%@1574,88%@1574] GR3D_FREQ 99% cpu@57.968C soc2@55.75C soc0@57.656C gpu@59.312C tj@59.312C soc1@57.5C VDD_IN 9655mW/9728mW VDD_CPU_GPU_CV 2640mW/2769mW VDD_SOC 3806mW/3781mW
08-01-2026 20:39:19 RAM 2999/7620MB (lfb 6x4MB) SWAP 0/3810MB (cached 0MB) CPU [1%@729,0%@729,0%@729,1%@729,0%@1728,89%@1728] GR3D_FREQ 99% cpu@57.968C soc2@55.812C soc0@57.5C gpu@59.468C tj@59.468C soc1@57.468C VDD_IN 10176mW/9728mW VDD_CPU_GPU_CV 2915mW/2769mW VDD_SOC 3920mW/3781mW
08-01-2026 20:39:20 RAM 2999/7620MB (lfb 6x4MB) SWAP 0/3810MB (cached 0MB) CPU [1%@729,0%@729,1%@729,1%@729,0%@1728,90%@1728] GR3D_FREQ 83% cpu@58.187C soc2@55.812C soc0@57.5C gpu@59.437C tj@59.437C soc1@57.562C VDD_IN 10616mW/9729mW VDD_CPU_GPU_CV 3234mW/2769mW VDD_SOC 4000mW/3781mW
08-01-2026 20:39:21 RAM 2999/7620MB (lfb 6x4MB) SWAP 0/3810MB (cached 0MB) CPU [1%@729,0%@729,0%@729,0%@729,0%@1036,88%@1036] GR3D_FREQ 99% cpu@58.031C soc2@55.968C soc0@57.593C gpu@59.593C tj@59.593C soc1@57.687C VDD_IN 10800mW/9729mW VDD_CPU_GPU_CV 3354mW/2770mW VDD_SOC 4080mW/3781mW
08-01-2026 20:39:22 RAM 2999/7620MB (lfb 6x4MB) SWAP 0/3810MB (cached 0MB) CPU [1%@729,1%@729,0%@729,1%@729,0%@806,88%@806] GR3D_FREQ 99% cpu@58.031C soc2@55.937C soc0@57.625C gpu@59.687C tj@59.687C soc1@57.531C VDD_IN 11120mW/9730mW VDD_CPU_GPU_CV 3588mW/2770mW VDD_SOC 4120mW/3782mW
08-01-2026 20:39:23 RAM 2999/7620MB (lfb 6x4MB) SWAP 0/3810MB (cached 0MB) CPU [2%@729,0%@729,0%@729,1%@729,0%@1651,90%@1651] GR3D_FREQ 40% cpu@58.031C soc2@55.937C soc0@57.562C gpu@59.75C tj@59.75C soc1@57.468C VDD_IN 11360mW/9731mW VDD_CPU_GPU_CV 3787mW/2771mW VDD_SOC 4153mW/3782mW
08-01-2026 20:39:24 RAM 2999/7620MB (lfb 6x4MB) SWAP 0/3810MB (cached 0MB) CPU [0%@729,0%@729,0%@729,1%@729,0%@1574,90%@1574] GR3D_FREQ 28% cpu@58.218C soc2@56C soc0@57.5C gpu@59.625C tj@59.625C soc1@57.531C VDD_IN 11280mW/9732mW VDD_CPU_GPU_CV 3628mW/2772mW VDD_SOC 4153mW/3782mW
08-01-2026 20:39:25 RAM 2999/7620MB (lfb 6x4MB) SWAP 0/3810MB (cached 0MB) CPU [1%@729,0%@729,0%@729,2%@729,13%@1728,79%@1728] GR3D_FREQ 47% cpu@58.281C soc2@55.906C soc0@57.531C gpu@59.531C tj@59.531C soc1@57.656C VDD_IN 11360mW/9733mW VDD_CPU_GPU_CV 3708mW/2772mW VDD_SOC 4153mW/3782mW
08-01-2026 20:39:26 RAM 2999/7620MB (lfb 6x4MB) SWAP 0/3810MB (cached 0MB) CPU [1%@729,1%@729,0%@729,1%@729,90%@1728,0%@1728] GR3D_FREQ 41% cpu@58.031C soc2@55.812C soc0@57.562C gpu@59.125C tj@59.125C soc1@57.437C VDD_IN 11280mW/9734mW VDD_CPU_GPU_CV 3628mW/2773mW VDD_SOC 4113mW/3783mW
08-01-2026 20:39:27 RAM 2999/7620MB (lfb 6x4MB) SWAP 0/3810MB (cached 0MB) CPU [1%@729,0%@729,0%@729,0%@729,92%@1728,0%@1728] GR3D_FREQ 39% cpu@58.125C soc2@55.812C soc0@57.718C gpu@58.968C tj@58.968C soc1@57.5C VDD_IN 11360mW/9735mW VDD_CPU_GPU_CV 3787mW/2773mW VDD_SOC 4153mW/3783mW
08-01-2026 20:39:28 RAM 2999/7620MB (lfb 6x4MB) SWAP 0/3810MB (cached 0MB) CPU [1%@729,1%@729,0%@729,1%@729,90%@1728,0%@1728] GR3D_FREQ 24% cpu@58.343C soc2@55.937C soc0@57.5C gpu@58.906C tj@58.906C soc1@57.562C VDD_IN 11080mW/9736mW VDD_CPU_GPU_CV 3634mW/2774mW VDD_SOC 4120mW/3783mW
08-01-2026 20:39:29 RAM 2999/7620MB (lfb 6x4MB) SWAP 0/3810MB (cached 0MB) CPU [0%@729,0%@729,0%@729,0%@729,90%@1728,0%@1728] GR3D_FREQ 24% cpu@58.062C soc2@55.812C soc0@57.531C gpu@58.875C tj@58.875C soc1@57.531C VDD_IN 11000mW/9737mW VDD_CPU_GPU_CV 3474mW/2774mW VDD_SOC 4040mW/3783mW
08-01-2026 20:39:30 RAM 2999/7620MB (lfb 6x4MB) SWAP 0/3810MB (cached 0MB) CPU [16%@1728,0%@1728,0%@1728,0%@1728,75%@729,0%@729] GR3D_FREQ 23% cpu@58.062C soc2@55.968C soc0@57.562C gpu@58.843C tj@58.843C soc1@57.718C VDD_IN 10920mW/9738mW VDD_CPU_GPU_CV 3474mW/2775mW VDD_SOC 4080mW/3783mW
08-01-2026 20:39:31 RAM 2999/7620MB (lfb 6x4MB) SWAP 0/3810MB (cached 0MB) CPU [87%@1728,0%@1728,0%@1728,1%@1728,0%@729,0%@729] GR3D_FREQ 41% cpu@58.125C soc2@55.843C soc0@57.562C gpu@58.812C tj@58.812C soc1@57.562C VDD_IN 10680mW/9739mW VDD_CPU_GPU_CV 3154mW/2775mW VDD_SOC 4080mW/3784mW
08-01-2026 20:39:32 RAM 2999/7620MB (lfb 6x4MB) SWAP 0/3810MB (cached 0MB) CPU [1%@729,0%@729,0%@729,0%@729,89%@1728,0%@1728] GR3D_FREQ 23% cpu@58.125C soc2@55.843C soc0@57.656C gpu@58.781C tj@58.781C soc1@57.468C VDD_IN 11040mW/9739mW VDD_CPU_GPU_CV 3474mW/2776mW VDD_SOC 4120mW/3784mW
08-01-2026 20:39:33 RAM 2999/7620MB (lfb 6x4MB) SWAP 0/3810MB (cached 0MB) CPU [1%@729,0%@729,1%@729,0%@729,71%@1728,18%@1728] GR3D_FREQ 22% cpu@57.937C soc2@55.875C soc0@57.5C gpu@58.75C tj@58.75C soc1@57.531C VDD_IN 11040mW/9740mW VDD_CPU_GPU_CV 3508mW/2776mW VDD_SOC 4073mW/3784mW
08-01-2026 20:39:34 RAM 2999/7620MB (lfb 6x4MB) SWAP 0/3810MB (cached 0MB) CPU [1%@729,0%@729,1%@729,1%@729,0%@1728,89%@1728] GR3D_FREQ 24% cpu@58.125C soc2@55.875C soc0@57.593C gpu@58.687C tj@58.687C soc1@57.625C VDD_IN 10960mW/9741mW VDD_CPU_GPU_CV 3514mW/2776mW VDD_SOC 4080mW/3784mW
08-01-2026 20:39:35 RAM 2999/7620MB (lfb 6x4MB) SWAP 0/3810MB (cached 0MB) CPU [0%@729,0%@729,0%@729,1%@729,0%@1728,89%@1728] GR3D_FREQ 24% cpu@57.781C soc2@55.937C soc0@57.562C gpu@58.718C tj@58.718C soc1@57.625C VDD_IN 10880mW/9742mW VDD_CPU_GPU_CV 3474mW/2777mW VDD_SOC 4080mW/3784mW
08-01-2026 20:39:36 RAM 2999/7620MB (lfb 6x4MB) SWAP 0/3810MB (cached 0MB) CPU [2%@729,0%@729,0%@729,0%@729,0%@1728,90%@1728] GR3D_FREQ 23% cpu@57.875C soc2@55.812C soc0@57.625C gpu@58.718C tj@58.906C soc1@57.5C VDD_IN 10840mW/9742mW VDD_CPU_GPU_CV 3474mW/2777mW VDD_SOC 4040mW/3785mW
08-01-2026 20:39:37 RAM 2999/7620MB (lfb 6x4MB) SWAP 0/3810MB (cached 0MB) CPU [0%@729,1%@729,0%@729,1%@729,0%@1728,91%@1728] GR3D_FREQ 24% cpu@57.937C soc2@55.906C soc0@57.593C gpu@58.875C tj@58.875C soc1@57.468C VDD_IN 10680mW/9743mW VDD_CPU_GPU_CV 3354mW/2778mW VDD_SOC 4000mW/3785mW
08-01-2026 20:39:38 RAM 2999/7620MB (lfb 6x4MB) SWAP 0/3810MB (cached 0MB) CPU [2%@729,1%@729,0%@729,0%@729,0%@1728,90%@1728] GR3D_FREQ 30% cpu@57.968C soc2@55.812C soc0@57.531C gpu@58.875C tj@58.875C soc1@57.625C VDD_IN 10640mW/9744mW VDD_CPU_GPU_CV 3314mW/2778mW VDD_SOC 3960mW/3785mW
08-01-2026 20:39:39 RAM 2999/7620MB (lfb 6x4MB) SWAP 0/3810MB (cached 0MB) CPU [1%@729,0%@729,1%@729,0%@729,0%@1728,89%@1728] GR3D_FREQ 30% cpu@58.062C soc2@55.906C soc0@57.531C gpu@58.843C tj@58.843C soc1@57.593C VDD_IN 10480mW/9744mW VDD_CPU_GPU_CV 3234mW/2778mW VDD_SOC 3960mW/3785mW
08-01-2026 20:39:40 RAM 2999/7620MB (lfb 6x4MB) SWAP 0/3810MB (cached 0MB) CPU [1%@729,0%@729,0%@729,1%@729,0%@1728,91%@1728] GR3D_FREQ 29% cpu@57.781C soc2@55.968C soc0@57.625C gpu@58.843C tj@58.843C soc1@57.593C VDD_IN 10496mW/9745mW VDD_CPU_GPU_CV 3234mW/2779mW VDD_SOC 3920mW/3785mW
08-01-2026 20:39:41 RAM 2999/7620MB (lfb 6x4MB) SWAP 0/3810MB (cached 0MB) CPU [1%@729,0%@729,0%@729,1%@729,0%@1728,91%@1728] GR3D_FREQ 30% cpu@57.843C soc2@55.843C soc0@57.656C gpu@58.906C tj@58.906C soc1@57.5C VDD_IN 10336mW/9745mW VDD_CPU_GPU_CV 3154mW/2779mW VDD_SOC 3920mW/3785mW
08-01-2026 20:39:42 RAM 2999/7620MB (lfb 6x4MB) SWAP 0/3810MB (cached 0MB) CPU [1%@729,1%@729,1%@729,0%@729,0%@1728,90%@1728] GR3D_FREQ 30% cpu@57.968C soc2@55.781C soc0@57.562C gpu@58.562C tj@58.562C soc1@57.531C VDD_IN 10256mW/9745mW VDD_CPU_GPU_CV 3075mW/2779mW VDD_SOC 3880mW/3785mW
08-01-2026 20:39:43 RAM 2999/7620MB (lfb 6x4MB) SWAP 0/3810MB (cached 0MB) CPU [2%@729,0%@729,0%@729,2%@729,0%@1728,88%@1728] GR3D_FREQ 29% cpu@57.968C soc2@55.843C soc0@57.531C gpu@58.593C tj@58.593C soc1@57.656C VDD_IN 10176mW/9746mW VDD_CPU_GPU_CV 3035mW/2779mW VDD_SOC 3880mW/3785mW
08-01-2026 20:39:44 RAM 2999/7620MB (lfb 6x4MB) SWAP 0/3810MB (cached 0MB) CPU [1%@729,0%@729,0%@729,0%@729,0%@1728,89%@1728] GR3D_FREQ 31% cpu@57.75C soc2@55.875C soc0@57.656C gpu@58.562C tj@58.562C soc1@57.625C VDD_IN 10136mW/9746mW VDD_CPU_GPU_CV 2995mW/2779mW VDD_SOC 3880mW/3785mW
08-01-2026 20:39:45 RAM 2999/7620MB (lfb 6x4MB) SWAP 0/3810MB (cached 0MB) CPU [0%@729,0%@729,0%@729,0%@729,0%@1728,89%@1728] GR3D_FREQ 30% cpu@57.781C soc2@55.812C soc0@57.687C gpu@58.656C tj@58.656C soc1@57.5C VDD_IN 10056mW/9746mW VDD_CPU_GPU_CV 2960mW/2779mW VDD_SOC 3840mW/3785mW
08-01-2026 20:39:46 RAM 2999/7620MB (lfb 6x4MB) SWAP 0/3810MB (cached 0MB) CPU [1%@729,0%@729,0%@729,1%@729,0%@1728,90%@1728] GR3D_FREQ 30% cpu@57.937C soc2@55.812C soc0@57.687C gpu@58.531C tj@58.531C soc1@57.531C VDD_IN 10016mW/9746mW VDD_CPU_GPU_CV 2960mW/2780mW VDD_SOC 3840mW/3785mW
08-01-2026 20:39:47 RAM 2999/7620MB (lfb 6x4MB) SWAP 0/3810MB (cached 0MB) CPU [0%@729,0%@729,0%@729,0%@729,0%@1728,90%@1728] GR3D_FREQ 30% cpu@58C soc2@55.812C soc0@57.593C gpu@58.875C tj@58.875C soc1@57.625C VDD_IN 9975mW/9746mW VDD_CPU_GPU_CV 2920mW/2780mW VDD_SOC 3846mW/3785mW
08-01-2026 20:39:48 RAM 2999/7620MB (lfb 6x4MB) SWAP 0/3810MB (cached 0MB) CPU [0%@729,1%@729,0%@729,1%@729,0%@1728,89%@1728] GR3D_FREQ 29% cpu@57.937C soc2@55.812C soc0@57.593C gpu@58.906C tj@58.906C soc1@57.593C VDD_IN 9975mW/9746mW VDD_CPU_GPU_CV 2920mW/2780mW VDD_SOC 3846mW/3785mW
08-01-2026 20:39:49 RAM 2999/7620MB (lfb 6x4MB) SWAP 0/3810MB (cached 0MB) CPU [1%@729,0%@729,1%@729,1%@729,0%@1728,89%@1728] GR3D_FREQ 30% cpu@57.75C soc2@55.812C soc0@57.531C gpu@58.968C tj@58.968C soc1@57.718C VDD_IN 9975mW/9747mW VDD_CPU_GPU_CV 2880mW/2780mW VDD_SOC 3840mW/3785mW
08-01-2026 20:39:50 RAM 2999/7620MB (lfb 6x4MB) SWAP 0/3810MB (cached 0MB) CPU [1%@729,0%@729,0%@729,0%@729,0%@1728,91%@1728] GR3D_FREQ 28% cpu@57.843C soc2@55.781C soc0@57.687C gpu@58.5C tj@58.5C soc1@57.5C VDD_IN 9895mW/9747mW VDD_CPU_GPU_CV 2880mW/2780mW VDD_SOC 3806mW/3785mW
08-01-2026 20:39:51 RAM 2999/7620MB (lfb 6x4MB) SWAP 0/3810MB (cached 0MB) CPU [1%@729,0%@729,2%@729,0%@729,0%@1728,90%@1728] GR3D_FREQ 30% cpu@57.812C soc2@55.843C soc0@57.75C gpu@58.5C tj@58.5C soc1@57.5C VDD_IN 9815mW/9747mW VDD_CPU_GPU_CV 2800mW/2780mW VDD_SOC 3806mW/3785mW
08-01-2026 20:39:52 RAM 2999/7620MB (lfb 6x4MB) SWAP 0/3810MB (cached 0MB) CPU [2%@729,0%@729,1%@729,1%@729,0%@1728,91%@1728] GR3D_FREQ 30% cpu@57.937C soc2@55.812C soc0@57.531C gpu@58.562C tj@58.562C soc1@57.593C VDD_IN 9775mW/9747mW VDD_CPU_GPU_CV 2800mW/2780mW VDD_SOC 3806mW/3785mW
08-01-2026 20:39:53 RAM 2999/7620MB (lfb 6x4MB) SWAP 0/3810MB (cached 0MB) CPU [0%@729,0%@729,0%@729,1%@729,0%@1728,89%@1728] GR3D_FREQ 29% cpu@57.906C soc2@55.843C soc0@57.531C gpu@58.593C tj@58.593C soc1@57.656C VDD_IN 9695mW/9747mW VDD_CPU_GPU_CV 2800mW/2780mW VDD_SOC 3766mW/3785mW
08-01-2026 20:39:54 RAM 2999/7620MB (lfb 6x4MB) SWAP 0/3810MB (cached 0MB) CPU [1%@729,1%@729,1%@729,0%@729,0%@1728,91%@1728] GR3D_FREQ 30% cpu@57.75C soc2@55.812C soc0@57.593C gpu@58.531C tj@58.531C soc1@57.593C VDD_IN 9655mW/9747mW VDD_CPU_GPU_CV 2760mW/2780mW VDD_SOC 3766mW/3785mW
08-01-2026 20:39:55 RAM 2999/7620MB (lfb 6x4MB) SWAP 0/3810MB (cached 0MB) CPU [1%@729,0%@729,0%@729,2%@729,0%@1728,90%@1728] GR3D_FREQ 30% cpu@57.843C soc2@55.781C soc0@57.718C gpu@58.625C tj@58.625C soc1@57.468C VDD_IN 9575mW/9747mW VDD_CPU_GPU_CV 2680mW/2780mW VDD_SOC 3766mW/3785mW
08-01-2026 20:39:56 RAM 2999/7620MB (lfb 6x4MB) SWAP 0/3810MB (cached 0MB) CPU [0%@729,0%@729,0%@729,0%@729,0%@1728,90%@1728] GR3D_FREQ 37% cpu@57.781C soc2@55.781C soc0@57.75C gpu@58.531C tj@58.531C soc1@57.468C VDD_IN 9535mW/9746mW VDD_CPU_GPU_CV 2640mW/2780mW VDD_SOC 3725mW/3785mW
08-01-2026 20:39:57 RAM 2999/7620MB (lfb 6x4MB) SWAP 0/3810MB (cached 0MB) CPU [3%@729,0%@729,0%@729,0%@729,0%@1728,90%@1728] GR3D_FREQ 34% cpu@58.062C soc2@55.781C soc0@57.562C gpu@58.656C tj@58.656C soc1@57.5C VDD_IN 9495mW/9746mW VDD_CPU_GPU_CV 2640mW/2780mW VDD_SOC 3725mW/3785mW
08-01-2026 20:39:58 RAM 2999/7620MB (lfb 6x4MB) SWAP 0/3810MB (cached 0MB) CPU [1%@729,0%@729,0%@729,0%@729,1%@1728,91%@1728] GR3D_FREQ 40% cpu@57.718C soc2@55.812C soc0@57.562C gpu@58.468C tj@58.468C soc1@57.562C VDD_IN 9455mW/9746mW VDD_CPU_GPU_CV 2640mW/2780mW VDD_SOC 3725mW/3785mW
08-01-2026 20:39:59 RAM 2999/7620MB (lfb 6x4MB) SWAP 0/3810MB (cached 0MB) CPU [1%@729,0%@729,1%@729,0%@729,0%@1728,89%@1728] GR3D_FREQ 40% cpu@57.812C soc2@55.875C soc0@57.656C gpu@58.468C tj@58.468C soc1@57.656C VDD_IN 9455mW/9746mW VDD_CPU_GPU_CV 2600mW/2779mW VDD_SOC 3725mW/3785mW
08-01-2026 20:40:00 RAM 2999/7620MB (lfb 6x4MB) SWAP 0/3810MB (cached 0MB) CPU [2%@729,1%@729,0%@729,0%@729,0%@1728,91%@1728] GR3D_FREQ 40% cpu@57.812C soc2@55.812C soc0@57.718C gpu@58.468C tj@58.468C soc1@57.531C VDD_IN 9430mW/9746mW VDD_CPU_GPU_CV 2560mW/2779mW VDD_SOC 3685mW/3785mW
08-01-2026 20:40:01 RAM 2999/7620MB (lfb 6x4MB) SWAP 0/3810MB (cached 0MB) CPU [1%@729,0%@729,0%@729,0%@729,0%@1728,89%@1728] GR3D_FREQ 37% cpu@57.843C soc2@55.812C soc0@57.531C gpu@58.468C tj@58.468C soc1@57.531C VDD_IN 9349mW/9745mW VDD_CPU_GPU_CV 2520mW/2779mW VDD_SOC 3685mW/3785mW
08-01-2026 20:40:02 RAM 2999/7620MB (lfb 6x4MB) SWAP 0/3810MB (cached 0MB) CPU [1%@729,0%@729,1%@729,0%@729,0%@1728,91%@1728] GR3D_FREQ 40% cpu@58.093C soc2@55.781C soc0@57.593C gpu@58.375C tj@58.375C soc1@57.562C VDD_IN 9309mW/9745mW VDD_CPU_GPU_CV 2520mW/2779mW VDD_SOC 3685mW/3785mW
08-01-2026 20:40:03 RAM 2999/7620MB (lfb 6x4MB) SWAP 0/3810MB (cached 0MB) CPU [0%@729,0%@729,1%@729,0%@729,0%@1728,89%@1728] GR3D_FREQ 40% cpu@57.75C soc2@55.812C soc0@57.593C gpu@58.5C tj@58.5C soc1@57.531C VDD_IN 9309mW/9745mW VDD_CPU_GPU_CV 2483mW/2779mW VDD_SOC 3685mW/3785mW
08-01-2026 20:40:04 RAM 2999/7620MB (lfb 6x4MB) SWAP 0/3810MB (cached 0MB) CPU [1%@729,1%@729,1%@729,0%@729,0%@1728,90%@1728] GR3D_FREQ 40% cpu@57.781C soc2@55.812C soc0@57.687C gpu@58.625C tj@58.625C soc1@57.656C VDD_IN 9309mW/9745mW VDD_CPU_GPU_CV 2480mW/2779mW VDD_SOC 3685mW/3785mW
08-01-2026 20:40:05 RAM 2999/7620MB (lfb 6x4MB) SWAP 0/3810MB (cached 0MB) CPU [0%@729,0%@729,1%@729,0%@729,0%@1728,89%@1728] GR3D_FREQ 37% cpu@57.781C soc2@55.687C soc0@57.75C gpu@58.625C tj@58.625C soc1@57.562C VDD_IN 9229mW/9744mW VDD_CPU_GPU_CV 2440mW/2778mW VDD_SOC 3685mW/3785mW
08-01-2026 20:40:06 RAM 2999/7620MB (lfb 6x4MB) SWAP 0/3810MB (cached 0MB) CPU [2%@729,1%@729,0%@729,0%@729,0%@1728,90%@1728] GR3D_FREQ 38% cpu@57.812C soc2@55.781C soc0@57.625C gpu@58.625C tj@58.625C soc1@57.656C VDD_IN 9229mW/9744mW VDD_CPU_GPU_CV 2440mW/2778mW VDD_SOC 3685mW/3785mW
08-01-2026 20:40:07 RAM 2999/7620MB (lfb 6x4MB) SWAP 0/3810MB (cached 0MB) CPU [0%@729,1%@729,1%@729,0%@729,0%@1728,89%@1728] GR3D_FREQ 40% cpu@58.062C soc2@55.718C soc0@57.531C gpu@58.687C tj@58.687C soc1@57.5C VDD_IN 9189mW/9744mW VDD_CPU_GPU_CV 2400mW/2778mW VDD_SOC 3685mW/3785mW
08-01-2026 20:40:08 RAM 2999/7620MB (lfb 6x4MB) SWAP 0/3810MB (cached 0MB) CPU [0%@729,1%@729,0%@729,0%@729,0%@1728,90%@1728] GR3D_FREQ 40% cpu@57.75C soc2@55.843C soc0@57.625C gpu@58.625C tj@58.625C soc1@57.562C VDD_IN 9189mW/9743mW VDD_CPU_GPU_CV 2400mW/2778mW VDD_SOC 3685mW/3785mW
08-01-2026 20:40:09 RAM 2999/7620MB (lfb 6x4MB) SWAP 0/3810MB (cached 0MB) CPU [2%@729,0%@729,1%@729,0%@729,0%@1728,91%@1728] GR3D_FREQ 40% cpu@57.75C soc2@55.781C soc0@57.531C gpu@58.5C tj@58.5C soc1@57.5C VDD_IN 9149mW/9743mW VDD_CPU_GPU_CV 2403mW/2778mW VDD_SOC 3645mW/3785mW
08-01-2026 20:40:10 RAM 2999/7620MB (lfb 6x4MB) SWAP 0/3810MB (cached 0MB) CPU [2%@729,0%@729,0%@729,1%@729,0%@1728,90%@1728] GR3D_FREQ 37% cpu@57.843C soc2@55.781C soc0@57.687C gpu@58.531C tj@58.531C soc1@57.468C VDD_IN 9109mW/9742mW VDD_CPU_GPU_CV 2403mW/2777mW VDD_SOC 3645mW/3785mW
08-01-2026 20:40:11 RAM 2999/7620MB (lfb 6x4MB) SWAP 0/3810MB (cached 0MB) CPU [1%@729,0%@729,0%@729,0%@729,0%@1728,90%@1728] GR3D_FREQ 38% cpu@58C soc2@55.75C soc0@57.5C gpu@58.468C tj@58.468C soc1@57.5C VDD_IN 9068mW/9742mW VDD_CPU_GPU_CV 2363mW/2777mW VDD_SOC 3645mW/3784mW
08-01-2026 20:40:12 RAM 2999/7620MB (lfb 6x4MB) SWAP 0/3810MB (cached 0MB) CPU [2%@729,0%@729,0%@729,0%@729,0%@1728,89%@1728] GR3D_FREQ 40% cpu@58.062C soc2@55.75C soc0@57.625C gpu@58.468C tj@58.468C soc1@57.562C VDD_IN 9068mW/9742mW VDD_CPU_GPU_CV 2323mW/2777mW VDD_SOC 3645mW/3784mW
08-01-2026 20:40:13 RAM 2999/7620MB (lfb 6x4MB) SWAP 0/3810MB (cached 0MB) CPU [1%@729,0%@729,0%@729,0%@729,1%@1728,91%@1728] GR3D_FREQ 40% cpu@57.718C soc2@55.812C soc0@57.625C gpu@58.437C tj@58.437C soc1@57.656C VDD_IN 9068mW/9741mW VDD_CPU_GPU_CV 2363mW/2776mW VDD_SOC 3645mW/3784mW
08-01-2026 20:40:14 RAM 2999/7620MB (lfb 6x4MB) SWAP 0/3810MB (cached 0MB) CPU [2%@729,0%@729,0%@729,0%@729,0%@1728,90%@1728] GR3D_FREQ 40% cpu@57.812C soc2@55.843C soc0@57.656C gpu@58.843C tj@58.843C soc1@57.468C VDD_IN 9068mW/9741mW VDD_CPU_GPU_CV 2323mW/2776mW VDD_SOC 3645mW/3784mW
08-01-2026 20:40:15 RAM 2999/7620MB (lfb 6x4MB) SWAP 0/3810MB (cached 0MB) CPU [1%@729,0%@729,0%@729,0%@729,0%@1728,90%@1728] GR3D_FREQ 35% cpu@57.937C soc2@55.812C soc0@57.75C gpu@58.5C tj@58.5C soc1@57.531C VDD_IN 9109mW/9740mW VDD_CPU_GPU_CV 2403mW/2776mW VDD_SOC 3645mW/3784mW
08-01-2026 20:40:16 RAM 2999/7620MB (lfb 6x4MB) SWAP 0/3810MB (cached 0MB) CPU [0%@729,0%@729,0%@729,0%@729,0%@1728,88%@1728] GR3D_FREQ 99% cpu@58.062C soc2@55.75C soc0@57.531C gpu@58.625C tj@58.625C soc1@57.531C VDD_IN 9349mW/9740mW VDD_CPU_GPU_CV 2520mW/2776mW VDD_SOC 3725mW/3784mW
08-01-2026 20:40:17 RAM 2999/7620MB (lfb 6x4MB) SWAP 0/3810MB (cached 0MB) CPU [2%@729,1%@729,0%@729,0%@729,0%@1420,88%@1420] GR3D_FREQ 99% cpu@57.843C soc2@55.812C soc0@57.593C gpu@58.781C tj@58.781C soc1@57.531C VDD_IN 9415mW/9740mW VDD_CPU_GPU_CV 2560mW/2776mW VDD_SOC 3766mW/3784mW
08-01-2026 20:40:18 RAM 2999/7620MB (lfb 6x4MB) SWAP 0/3810MB (cached 0MB) CPU [0%@729,0%@729,0%@729,0%@729,0%@883,88%@883] GR3D_FREQ 99% cpu@57.875C soc2@55.812C soc0@57.656C gpu@59.093C tj@59.093C soc1@57.531C VDD_IN 10056mW/9740mW VDD_CPU_GPU_CV 2955mW/2776mW VDD_SOC 3880mW/3784mW
08-01-2026 20:40:19 RAM 2999/7620MB (lfb 6x4MB) SWAP 0/3810MB (cached 0MB) CPU [3%@729,1%@729,0%@729,0%@729,0%@1267,90%@1267] GR3D_FREQ 90% cpu@58.125C soc2@55.812C soc0@57.625C gpu@59.625C tj@59.625C soc1@57.468C VDD_IN 10697mW/9741mW VDD_CPU_GPU_CV 3234mW/2776mW VDD_SOC 4040mW/3784mW
08-01-2026 20:40:20 RAM 2999/7620MB (lfb 6x4MB) SWAP 0/3810MB (cached 0MB) CPU [0%@729,1%@729,0%@729,0%@729,0%@883,89%@883] GR3D_FREQ 99% cpu@58.218C soc2@55.968C soc0@57.531C gpu@59.906C tj@59.906C soc1@57.5C VDD_IN 11360mW/9742mW VDD_CPU_GPU_CV 3787mW/2777mW VDD_SOC 4153mW/3785mW
08-01-2026 20:40:21 RAM 2999/7620MB (lfb 6x4MB) SWAP 0/3810MB (cached 0MB) CPU [1%@729,1%@729,0%@729,0%@729,0%@1574,90%@1574] GR3D_FREQ 96% cpu@58.156C soc2@56C soc0@57.593C gpu@59.593C tj@59.593C soc1@57.625C VDD_IN 11320mW/9743mW VDD_CPU_GPU_CV 3668mW/2777mW VDD_SOC 4153mW/3785mW
08-01-2026 20:40:22 RAM 2999/7620MB (lfb 6x4MB) SWAP 0/3810MB (cached 0MB) CPU [2%@729,1%@729,0%@729,0%@729,0%@1651,90%@1651] GR3D_FREQ 37% cpu@57.906C soc2@56.062C soc0@57.656C gpu@59.312C tj@59.312C soc1@57.593C VDD_IN 11360mW/9744mW VDD_CPU_GPU_CV 3708mW/2778mW VDD_SOC 4153mW/3785mW
08-01-2026 20:40:23 RAM 2999/7620MB (lfb 6x4MB) SWAP 0/3810MB (cached 0MB) CPU [1%@729,1%@729,0%@729,0%@729,0%@1574,90%@1574] GR3D_FREQ 38% cpu@57.937C soc2@55.843C soc0@57.687C gpu@59C tj@59C soc1@57.437C VDD_IN 11400mW/9745mW VDD_CPU_GPU_CV 3747mW/2778mW VDD_SOC 4153mW/3785mW
08-01-2026 20:40:24 RAM 2999/7620MB (lfb 6x4MB) SWAP 0/3810MB (cached 0MB) CPU [1%@729,1%@729,1%@729,1%@729,0%@1728,89%@1728] GR3D_FREQ 42% cpu@58.093C soc2@55.812C soc0@57.625C gpu@59.031C tj@59.031C soc1@57.5C VDD_IN 11240mW/9746mW VDD_CPU_GPU_CV 3588mW/2779mW VDD_SOC 4153mW/3785mW
08-01-2026 20:40:25 RAM 2999/7620MB (lfb 6x4MB) SWAP 0/3810MB (cached 0MB) CPU [1%@729,0%@729,0%@729,1%@729,0%@1728,90%@1728] GR3D_FREQ 46% cpu@57.937C soc2@55.906C soc0@57.656C gpu@59C tj@59C soc1@57.5C VDD_IN 11240mW/9747mW VDD_CPU_GPU_CV 3628mW/2779mW VDD_SOC 4153mW/3786mW
08-01-2026 20:40:26 RAM 2999/7620MB (lfb 6x4MB) SWAP 0/3810MB (cached 0MB) CPU [1%@729,0%@729,0%@729,1%@729,0%@1728,89%@1728] GR3D_FREQ 46% cpu@58.125C soc2@55.875C soc0@57.625C gpu@58.906C tj@58.906C soc1@57.562C VDD_IN 11240mW/9748mW VDD_CPU_GPU_CV 3548mW/2780mW VDD_SOC 4113mW/3786mW
08-01-2026 20:40:27 RAM 2999/7620MB (lfb 6x4MB) SWAP 0/3810MB (cached 0MB) CPU [1%@729,0%@729,1%@729,0%@729,0%@1728,90%@1728] GR3D_FREQ 26% cpu@57.875C soc2@55.937C soc0@57.562C gpu@58.937C tj@58.937C soc1@57.687C VDD_IN 11280mW/9749mW VDD_CPU_GPU_CV 3668mW/2780mW VDD_SOC 4113mW/3786mW
08-01-2026 20:40:28 RAM 2999/7620MB (lfb 6x4MB) SWAP 0/3810MB (cached 0MB) CPU [1%@729,0%@729,0%@729,1%@729,0%@1728,90%@1728] GR3D_FREQ 24% cpu@57.875C soc2@55.843C soc0@57.593C gpu@59C tj@59C soc1@57.718C VDD_IN 11160mW/9749mW VDD_CPU_GPU_CV 3588mW/2781mW VDD_SOC 4073mW/3786mW
08-01-2026 20:40:29 RAM 2999/7620MB (lfb 6x4MB) SWAP 0/3810MB (cached 0MB) CPU [1%@729,0%@729,0%@729,0%@729,0%@1728,90%@1728] GR3D_FREQ 24% cpu@58C soc2@55.875C soc0@57.656C gpu@59C tj@59C soc1@57.468C VDD_IN 10960mW/9750mW VDD_CPU_GPU_CV 3468mW/2781mW VDD_SOC 4080mW/3786mW
08-01-2026 20:40:30 RAM 2999/7620MB (lfb 6x4MB) SWAP 0/3810MB (cached 0MB) CPU [0%@729,1%@729,1%@729,0%@729,0%@1728,91%@1728] GR3D_FREQ 24% cpu@57.937C soc2@55.875C soc0@57.531C gpu@58.968C tj@58.968C soc1@57.593C VDD_IN 11000mW/9751mW VDD_CPU_GPU_CV 3554mW/2782mW VDD_SOC 4040mW/3787mW
08-01-2026 20:40:31 RAM 2999/7620MB (lfb 6x4MB) SWAP 0/3810MB (cached 0MB) CPU [1%@729,0%@729,0%@729,0%@729,0%@1728,90%@1728] GR3D_FREQ 22% cpu@58.093C soc2@55.937C soc0@57.531C gpu@58.968C tj@58.968C soc1@57.562C VDD_IN 10720mW/9752mW VDD_CPU_GPU_CV 3354mW/2782mW VDD_SOC 4000mW/3787mW
08-01-2026 20:40:32 RAM 2999/7620MB (lfb 6x4MB) SWAP 0/3810MB (cached 0MB) CPU [0%@729,0%@729,0%@729,0%@729,0%@1728,91%@1728] GR3D_FREQ 24% cpu@57.75C soc2@55.875C soc0@57.656C gpu@58.937C tj@58.937C soc1@57.593C VDD_IN 10720mW/9752mW VDD_CPU_GPU_CV 3394mW/2783mW VDD_SOC 4000mW/3787mW
08-01-2026 20:40:33 RAM 2998/7620MB (lfb 6x4MB) SWAP 0/3810MB (cached 0MB) CPU [12%@729,7%@729,4%@729,5%@729,1%@1728,91%@1728] GR3D_FREQ 25% cpu@57.968C soc2@55.875C soc0@57.656C gpu@58.687C tj@58.687C soc1@57.5C VDD_IN 10680mW/9753mW VDD_CPU_GPU_CV 3434mW/2783mW VDD_SOC 3960mW/3787mW
08-01-2026 20:40:34 RAM 2998/7620MB (lfb 6x4MB) SWAP 0/3810MB (cached 0MB) CPU [1%@729,0%@729,1%@729,0%@729,0%@1728,89%@1728] GR3D_FREQ 29% cpu@58C soc2@55.812C soc0@57.531C gpu@58.656C tj@58.656C soc1@57.562C VDD_IN 10456mW/9753mW VDD_CPU_GPU_CV 3194mW/2783mW VDD_SOC 3960mW/3787mW
08-01-2026 20:40:35 RAM 2998/7620MB (lfb 6x4MB) SWAP 0/3810MB (cached 0MB) CPU [1%@729,1%@729,0%@729,0%@729,1%@1728,89%@1728] GR3D_FREQ 28% cpu@58.031C soc2@55.843C soc0@57.625C gpu@58.656C tj@58.656C soc1@57.562C VDD_IN 10456mW/9754mW VDD_CPU_GPU_CV 3234mW/2784mW VDD_SOC 3960mW/3787mW
08-01-2026 20:40:36 RAM 2999/7620MB (lfb 6x4MB) SWAP 0/3810MB (cached 0MB) CPU [1%@729,1%@729,1%@729,0%@729,0%@1728,90%@1728] GR3D_FREQ 30% cpu@58.062C soc2@55.875C soc0@57.625C gpu@58.562C tj@58.562C soc1@57.531C VDD_IN 10336mW/9754mW VDD_CPU_GPU_CV 3154mW/2784mW VDD_SOC 3920mW/3787mW
08-01-2026 20:40:37 RAM 2999/7620MB (lfb 6x4MB) SWAP 0/3810MB (cached 0MB) CPU [0%@729,0%@729,1%@729,0%@729,0%@1728,91%@1728] GR3D_FREQ 30% cpu@57.781C soc2@55.906C soc0@57.625C gpu@58.687C tj@58.687C soc1@57.468C VDD_IN 10296mW/9754mW VDD_CPU_GPU_CV 3075mW/2784mW VDD_SOC 3880mW/3787mW
08-01-2026 20:40:38 RAM 2999/7620MB (lfb 6x4MB) SWAP 0/3810MB (cached 0MB) CPU [1%@729,0%@729,0%@729,1%@729,0%@1728,90%@1728] GR3D_FREQ 30% cpu@57.968C soc2@55.812C soc0@57.75C gpu@58.593C tj@58.968C soc1@57.531C VDD_IN 10136mW/9754mW VDD_CPU_GPU_CV 3035mW/2784mW VDD_SOC 3880mW/3787mW
08-01-2026 20:40:39 RAM 2999/7620MB (lfb 6x4MB) SWAP 0/3810MB (cached 0MB) CPU [1%@729,2%@729,0%@729,0%@729,1%@1728,89%@1728] GR3D_FREQ 28% cpu@57.906C soc2@55.75C soc0@57.562C gpu@59.031C tj@59.031C soc1@57.468C VDD_IN 10056mW/9755mW VDD_CPU_GPU_CV 2955mW/2784mW VDD_SOC 3880mW/3787mW
08-01-2026 20:40:40 RAM 2999/7620MB (lfb 6x4MB) SWAP 0/3810MB (cached 0MB) CPU [1%@729,0%@729,1%@729,0%@729,0%@1728,91%@1728] GR3D_FREQ 30% cpu@57.937C soc2@55.718C soc0@57.468C gpu@58.5C tj@58.5C soc1@57.593C VDD_IN 10016mW/9755mW VDD_CPU_GPU_CV 2960mW/2784mW VDD_SOC 3840mW/3787mW
08-01-2026 20:40:41 RAM 2999/7620MB (lfb 6x4MB) SWAP 0/3810MB (cached 0MB) CPU [1%@729,0%@729,1%@729,0%@729,0%@1728,90%@1728] GR3D_FREQ 30% cpu@57.968C soc2@55.812C soc0@57.562C gpu@58.468C tj@58.468C soc1@57.625C VDD_IN 9975mW/9755mW VDD_CPU_GPU_CV 2920mW/2784mW VDD_SOC 3840mW/3787mW
08-01-2026 20:40:42 RAM 2999/7620MB (lfb 6x4MB) SWAP 0/3810MB (cached 0MB) CPU [1%@729,1%@729,0%@729,0%@729,0%@1728,90%@1728] GR3D_FREQ 30% cpu@57.75C soc2@55.812C soc0@57.687C gpu@58.5C tj@58.5C soc1@57.718C VDD_IN 9855mW/9755mW VDD_CPU_GPU_CV 2840mW/2784mW VDD_SOC 3806mW/3788mW
08-01-2026 20:40:43 RAM 2999/7620MB (lfb 6x4MB) SWAP 0/3810MB (cached 0MB) CPU [1%@729,1%@729,0%@729,0%@729,0%@1728,89%@1728] GR3D_FREQ 30% cpu@57.812C soc2@55.75C soc0@57.75C gpu@58.468C tj@58.468C soc1@57.468C VDD_IN 9815mW/9755mW VDD_CPU_GPU_CV 2800mW/2784mW VDD_SOC 3806mW/3788mW
08-01-2026 20:40:44 RAM 2999/7620MB (lfb 6x4MB) SWAP 0/3810MB (cached 0MB) CPU [1%@729,1%@729,0%@729,0%@729,0%@1728,90%@1728] GR3D_FREQ 30% cpu@57.968C soc2@55.781C soc0@57.562C gpu@58.656C tj@58.656C soc1@57.5C VDD_IN 9775mW/9755mW VDD_CPU_GPU_CV 2800mW/2784mW VDD_SOC 3806mW/3788mW
08-01-2026 20:40:45 RAM 2999/7620MB (lfb 6x4MB) SWAP 0/3810MB (cached 0MB) CPU [1%@729,1%@729,0%@729,0%@729,0%@1728,89%@1728] GR3D_FREQ 30% cpu@57.906C soc2@55.843C soc0@57.531C gpu@58.593C tj@58.593C soc1@57.593C VDD_IN 9735mW/9755mW VDD_CPU_GPU_CV 2800mW/2784mW VDD_SOC 3806mW/3788mW
08-01-2026 20:40:46 RAM 2999/7620MB (lfb 6x4MB) SWAP 0/3810MB (cached 0MB) CPU [1%@729,1%@729,0%@729,0%@729,0%@1728,90%@1728] GR3D_FREQ 29% cpu@57.937C soc2@55.812C soc0@57.593C gpu@58.593C tj@58.593C soc1@57.593C VDD_IN 9775mW/9755mW VDD_CPU_GPU_CV 2800mW/2784mW VDD_SOC 3766mW/3788mW
08-01-2026 20:40:47 RAM 2999/7620MB (lfb 6x4MB) SWAP 0/3810MB (cached 0MB) CPU [1%@729,0%@729,0%@729,0%@729,0%@1728,90%@1728] GR3D_FREQ 28% cpu@57.718C soc2@55.75C soc0@57.687C gpu@58.531C tj@58.531C soc1@57.593C VDD_IN 9615mW/9755mW VDD_CPU_GPU_CV 2720mW/2784mW VDD_SOC 3766mW/3788mW
08-01-2026 20:40:48 RAM 2999/7620MB (lfb 6x4MB) SWAP 0/3810MB (cached 0MB) CPU [1%@729,0%@729,0%@729,0%@729,0%@1728,91%@1728] GR3D_FREQ 29% cpu@57.843C soc2@55.687C soc0@57.656C gpu@58.656C tj@58.656C soc1@57.468C VDD_IN 9655mW/9755mW VDD_CPU_GPU_CV 2720mW/2784mW VDD_SOC 3766mW/3787mW
08-01-2026 20:40:49 RAM 2999/7620MB (lfb 6x4MB) SWAP 0/3810MB (cached 0MB) CPU [1%@729,1%@729,0%@729,0%@729,1%@1728,91%@1728] GR3D_FREQ 30% cpu@57.968C soc2@55.812C soc0@57.531C gpu@58.468C tj@58.468C soc1@57.5C VDD_IN 9535mW/9755mW VDD_CPU_GPU_CV 2680mW/2784mW VDD_SOC 3725mW/3787mW
08-01-2026 20:40:50 RAM 2999/7620MB (lfb 6x4MB) SWAP 0/3810MB (cached 0MB) CPU [1%@729,0%@729,0%@729,0%@729,0%@1728,90%@1728] GR3D_FREQ 37% cpu@57.906C soc2@55.812C soc0@57.562C gpu@58.468C tj@58.468C soc1@57.593C VDD_IN 9495mW/9755mW VDD_CPU_GPU_CV 2640mW/2784mW VDD_SOC 3725mW/3787mW
08-01-2026 20:40:52 RAM 2999/7620MB (lfb 6x4MB) SWAP 0/3810MB (cached 0MB) CPU [2%@729,1%@729,0%@729,1%@729,0%@1728,90%@1728] GR3D_FREQ 40% cpu@57.781C soc2@55.781C soc0@57.562C gpu@58.437C tj@58.437C soc1@57.562C VDD_IN 9415mW/9754mW VDD_CPU_GPU_CV 2600mW/2784mW VDD_SOC 3725mW/3787mW
08-01-2026 20:40:53 RAM 2999/7620MB (lfb 6x4MB) SWAP 0/3810MB (cached 0MB) CPU [0%@729,0%@729,0%@729,1%@729,0%@1728,90%@1728] GR3D_FREQ 40% cpu@57.781C soc2@55.656C soc0@57.593C gpu@58.375C tj@58.375C soc1@57.5C VDD_IN 9349mW/9754mW VDD_CPU_GPU_CV 2560mW/2784mW VDD_SOC 3725mW/3787mW
08-01-2026 20:40:54 RAM 2999/7620MB (lfb 6x4MB) SWAP 0/3810MB (cached 0MB) CPU [1%@729,0%@729,1%@729,1%@729,0%@1728,89%@1728] GR3D_FREQ 39% cpu@57.843C soc2@55.75C soc0@57.75C gpu@58.468C tj@58.468C soc1@57.5C VDD_IN 9349mW/9754mW VDD_CPU_GPU_CV 2560mW/2784mW VDD_SOC 3685mW/3787mW
08-01-2026 20:40:55 RAM 2999/7620MB (lfb 6x4MB) SWAP 0/3810MB (cached 0MB) CPU [1%@729,0%@729,0%@729,0%@729,1%@1728,91%@1728] GR3D_FREQ 40% cpu@57.937C soc2@55.812C soc0@57.468C gpu@58.687C tj@58.687C soc1@57.5C VDD_IN 9349mW/9754mW VDD_CPU_GPU_CV 2560mW/2784mW VDD_SOC 3685mW/3787mW
08-01-2026 20:40:56 RAM 2999/7620MB (lfb 6x4MB) SWAP 0/3810MB (cached 0MB) CPU [1%@729,1%@729,0%@729,1%@729,0%@1728,90%@1728] GR3D_FREQ 40% cpu@57.718C soc2@55.812C soc0@57.5C gpu@58.625C tj@58.625C soc1@57.531C VDD_IN 9309mW/9753mW VDD_CPU_GPU_CV 2480mW/2784mW VDD_SOC 3685mW/3787mW
08-01-2026 20:40:57 RAM 2999/7620MB (lfb 6x4MB) SWAP 0/3810MB (cached 0MB) CPU [1%@729,0%@729,0%@729,1%@729,0%@1728,89%@1728] GR3D_FREQ 40% cpu@57.75C soc2@55.781C soc0@57.468C gpu@58.687C tj@58.687C soc1@57.687C VDD_IN 9269mW/9753mW VDD_CPU_GPU_CV 2480mW/2783mW VDD_SOC 3685mW/3787mW
08-01-2026 20:40:58 RAM 2999/7620MB (lfb 6x4MB) SWAP 0/3810MB (cached 0MB) CPU [1%@729,1%@729,0%@729,0%@729,0%@1728,90%@1728] GR3D_FREQ 40% cpu@57.75C soc2@55.718C soc0@57.625C gpu@58.656C tj@58.656C soc1@57.5C VDD_IN 9229mW/9753mW VDD_CPU_GPU_CV 2440mW/2783mW VDD_SOC 3685mW/3787mW
08-01-2026 20:40:59 RAM 2999/7620MB (lfb 6x4MB) SWAP 0/3810MB (cached 0MB) CPU [2%@729,1%@729,0%@729,0%@729,0%@1728,91%@1728] GR3D_FREQ 37% cpu@57.781C soc2@55.75C soc0@57.562C gpu@58.656C tj@58.656C soc1@57.5C VDD_IN 9229mW/9752mW VDD_CPU_GPU_CV 2440mW/2783mW VDD_SOC 3685mW/3787mW
08-01-2026 20:41:00 RAM 2999/7620MB (lfb 6x4MB) SWAP 0/3810MB (cached 0MB) CPU [0%@729,1%@729,0%@729,0%@729,0%@1728,89%@1728] GR3D_FREQ 40% cpu@58.031C soc2@55.781C soc0@57.5C gpu@58.718C tj@58.718C soc1@57.562C VDD_IN 9149mW/9752mW VDD_CPU_GPU_CV 2443mW/2783mW VDD_SOC 3645mW/3787mW
08-01-2026 20:41:01 RAM 2999/7620MB (lfb 6x4MB) SWAP 0/3810MB (cached 0MB) CPU [1%@729,1%@729,0%@729,0%@729,1%@1728,91%@1728] GR3D_FREQ 39% cpu@57.718C soc2@55.781C soc0@57.593C gpu@58.5C tj@58.5C soc1@57.593C VDD_IN 9149mW/9752mW VDD_CPU_GPU_CV 2400mW/2783mW VDD_SOC 3645mW/3787mW
08-01-2026 20:41:02 RAM 2999/7620MB (lfb 6x4MB) SWAP 0/3810MB (cached 0MB) CPU [1%@729,0%@729,0%@729,0%@729,0%@1728,88%@1728] GR3D_FREQ 39% cpu@57.75C soc2@55.843C soc0@57.5C gpu@58.406C tj@58.406C soc1@57.625C VDD_IN 9068mW/9751mW VDD_CPU_GPU_CV 2363mW/2782mW VDD_SOC 3645mW/3787mW
08-01-2026 20:41:03 RAM 2999/7620MB (lfb 6x4MB) SWAP 0/3810MB (cached 0MB) CPU [1%@729,0%@729,0%@729,0%@729,0%@1728,91%@1728] GR3D_FREQ 40% cpu@57.781C soc2@55.687C soc0@57.656C gpu@58.468C tj@58.468C soc1@57.468C VDD_IN 9109mW/9751mW VDD_CPU_GPU_CV 2400mW/2782mW VDD_SOC 3645mW/3787mW
08-01-2026 20:41:04 RAM 2999/7620MB (lfb 6x4MB) SWAP 0/3810MB (cached 0MB) CPU [1%@729,1%@729,0%@729,0%@729,0%@1728,89%@1728] GR3D_FREQ 40% cpu@57.906C soc2@55.687C soc0@57.5C gpu@58.468C tj@58.468C soc1@57.5C VDD_IN 9068mW/9751mW VDD_CPU_GPU_CV 2363mW/2782mW VDD_SOC 3645mW/3787mW
08-01-2026 20:41:05 RAM 2999/7620MB (lfb 6x4MB) SWAP 0/3810MB (cached 0MB) CPU [0%@729,1%@729,0%@729,0%@729,0%@1728,90%@1728] GR3D_FREQ 40% cpu@57.906C soc2@55.781C soc0@57.531C gpu@58.312C tj@58.312C soc1@57.562C VDD_IN 9028mW/9750mW VDD_CPU_GPU_CV 2323mW/2781mW VDD_SOC 3645mW/3786mW
08-01-2026 20:41:06 RAM 2999/7620MB (lfb 6x4MB) SWAP 0/3810MB (cached 0MB) CPU [2%@729,1%@729,0%@729,0%@729,1%@1728,90%@1728] GR3D_FREQ 22% cpu@57.718C soc2@55.718C soc0@57.593C gpu@58.406C tj@58.406C soc1@57.593C VDD_IN 9068mW/9750mW VDD_CPU_GPU_CV 2363mW/2781mW VDD_SOC 3645mW/3786mW
08-01-2026 20:41:07 RAM 2999/7620MB (lfb 6x4MB) SWAP 0/3810MB (cached 0MB) CPU [2%@729,0%@729,0%@729,0%@729,0%@1728,89%@1728] GR3D_FREQ 99% cpu@57.812C soc2@55.718C soc0@57.5C gpu@58.593C tj@58.593C soc1@57.625C VDD_IN 9269mW/9749mW VDD_CPU_GPU_CV 2440mW/2781mW VDD_SOC 3685mW/3786mW
08-01-2026 20:41:08 RAM 2999/7620MB (lfb 6x4MB) SWAP 0/3810MB (cached 0MB) CPU [1%@729,0%@729,0%@729,0%@729,0%@1651,88%@1651] GR3D_FREQ 99% cpu@57.812C soc2@55.75C soc0@57.625C gpu@58.687C tj@58.687C soc1@57.5C VDD_IN 9349mW/9749mW VDD_CPU_GPU_CV 2480mW/2781mW VDD_SOC 3685mW/3786mW
08-01-2026 20:41:09 RAM 2999/7620MB (lfb 6x4MB) SWAP 0/3810MB (cached 0MB) CPU [2%@729,1%@729,1%@729,0%@729,0%@1497,88%@1497] GR3D_FREQ 99% cpu@58.218C soc2@55.812C soc0@57.468C gpu@58.906C tj@58.906C soc1@57.5C VDD_IN 9575mW/9749mW VDD_CPU_GPU_CV 2680mW/2781mW VDD_SOC 3766mW/3786mW
08-01-2026 20:41:10 RAM 2999/7620MB (lfb 6x4MB) SWAP 0/3810MB (cached 0MB) CPU [0%@729,0%@729,0%@729,0%@729,0%@883,88%@883] GR3D_FREQ 99% cpu@57.875C soc2@55.781C soc0@57.5C gpu@58.937C tj@58.937C soc1@57.625C VDD_IN 9855mW/9749mW VDD_CPU_GPU_CV 2760mW/2781mW VDD_SOC 3846mW/3786mW
08-01-2026 20:41:11 RAM 2999/7620MB (lfb 6x4MB) SWAP 0/3810MB (cached 0MB) CPU [3%@729,2%@729,0%@729,0%@729,0%@1728,89%@1728] GR3D_FREQ 99% cpu@57.781C soc2@55.843C soc0@57.687C gpu@59.375C tj@59.375C soc1@57.625C VDD_IN 10136mW/9749mW VDD_CPU_GPU_CV 2955mW/2781mW VDD_SOC 3880mW/3786mW
08-01-2026 20:41:12 RAM 2999/7620MB (lfb 6x4MB) SWAP 0/3810MB (cached 0MB) CPU [1%@729,1%@729,0%@729,0%@729,0%@1728,89%@1728] GR3D_FREQ 99% cpu@57.781C soc2@55.812C soc0@57.656C gpu@59.281C tj@59.281C soc1@57.468C VDD_IN 10176mW/9750mW VDD_CPU_GPU_CV 2875mW/2781mW VDD_SOC 3920mW/3786mW
08-01-2026 20:41:13 RAM 2999/7620MB (lfb 6x4MB) SWAP 0/3810MB (cached 0MB) CPU [0%@729,1%@729,0%@729,0%@729,0%@1190,89%@1190] GR3D_FREQ 99% cpu@58.062C soc2@55.906C soc0@57.468C gpu@59.781C tj@59.781C soc1@57.437C VDD_IN 10960mW/9750mW VDD_CPU_GPU_CV 3474mW/2781mW VDD_SOC 4040mW/3787mW
08-01-2026 20:41:14 RAM 2999/7620MB (lfb 6x4MB) SWAP 0/3810MB (cached 0MB) CPU [2%@729,1%@729,0%@729,0%@729,0%@729,88%@729] GR3D_FREQ 99% cpu@58.281C soc2@55.843C soc0@57.562C gpu@59.687C tj@59.687C soc1@57.531C VDD_IN 11200mW/9751mW VDD_CPU_GPU_CV 3588mW/2782mW VDD_SOC 4153mW/3787mW
08-01-2026 20:41:15 RAM 2999/7620MB (lfb 6x4MB) SWAP 0/3810MB (cached 0MB) CPU [0%@729,1%@729,2%@729,0%@729,0%@1651,91%@1651] GR3D_FREQ 54% cpu@57.937C soc2@55.937C soc0@57.593C gpu@59.312C tj@59.312C soc1@57.531C VDD_IN 11360mW/9752mW VDD_CPU_GPU_CV 3787mW/2782mW VDD_SOC 4153mW/3787mW
08-01-2026 20:41:16 RAM 2999/7620MB (lfb 6x4MB) SWAP 0/3810MB (cached 0MB) CPU [1%@729,2%@729,0%@729,0%@729,0%@1574,89%@1574] GR3D_FREQ 29% cpu@57.843C soc2@55.843C soc0@57.593C gpu@59.156C tj@59.156C soc1@57.687C VDD_IN 11280mW/9753mW VDD_CPU_GPU_CV 3668mW/2783mW VDD_SOC 4153mW/3787mW
08-01-2026 20:41:17 RAM 2999/7620MB (lfb 6x4MB) SWAP 0/3810MB (cached 0MB) CPU [1%@729,0%@729,0%@729,1%@729,0%@1574,90%@1574] GR3D_FREQ 29% cpu@57.968C soc2@55.843C soc0@57.75C gpu@59C tj@59C soc1@57.437C VDD_IN 11280mW/9754mW VDD_CPU_GPU_CV 3668mW/2784mW VDD_SOC 4153mW/3787mW
08-01-2026 20:41:18 RAM 2999/7620MB (lfb 6x4MB) SWAP 0/3810MB (cached 0MB) CPU [0%@729,1%@729,0%@729,0%@729,0%@1728,89%@1728] GR3D_FREQ 48% cpu@57.937C soc2@55.812C soc0@57.593C gpu@59C tj@59C soc1@57.468C VDD_IN 11280mW/9755mW VDD_CPU_GPU_CV 3708mW/2784mW VDD_SOC 4153mW/3788mW
08-01-2026 20:41:19 RAM 2999/7620MB (lfb 6x4MB) SWAP 0/3810MB (cached 0MB) CPU [1%@729,1%@729,0%@729,0%@729,0%@1728,91%@1728] GR3D_FREQ 49% cpu@58.125C soc2@55.875C soc0@57.5C gpu@58.968C tj@58.968C soc1@57.593C VDD_IN 11280mW/9756mW VDD_CPU_GPU_CV 3668mW/2785mW VDD_SOC 4113mW/3788mW
08-01-2026 20:41:20 RAM 2999/7620MB (lfb 6x4MB) SWAP 0/3810MB (cached 0MB) CPU [1%@729,0%@729,0%@729,0%@729,0%@1728,90%@1728] GR3D_FREQ 23% cpu@57.75C soc2@55.906C soc0@57.625C gpu@58.968C tj@58.968C soc1@57.5C VDD_IN 11080mW/9757mW VDD_CPU_GPU_CV 3548mW/2785mW VDD_SOC 4120mW/3788mW
08-01-2026 20:41:21 RAM 2999/7620MB (lfb 6x4MB) SWAP 0/3810MB (cached 0MB) CPU [1%@729,1%@729,0%@729,0%@729,0%@1728,91%@1728] GR3D_FREQ 24% cpu@57.843C soc2@55.875C soc0@57.593C gpu@58.968C tj@58.968C soc1@57.625C VDD_IN 11040mW/9757mW VDD_CPU_GPU_CV 3514mW/2785mW VDD_SOC 4080mW/3788mW
08-01-2026 20:41:22 RAM 2999/7620MB (lfb 6x4MB) SWAP 0/3810MB (cached 0MB) CPU [1%@729,0%@729,0%@729,0%@729,0%@1728,91%@1728] GR3D_FREQ 22% cpu@57.906C soc2@55.781C soc0@57.656C gpu@59C tj@59C soc1@57.562C VDD_IN 10840mW/9758mW VDD_CPU_GPU_CV 3474mW/2786mW VDD_SOC 4040mW/3788mW
08-01-2026 20:41:23 RAM 2999/7620MB (lfb 6x4MB) SWAP 0/3810MB (cached 0MB) CPU [2%@729,1%@729,0%@729,1%@729,0%@1728,90%@1728] GR3D_FREQ 24% cpu@57.875C soc2@55.781C soc0@57.562C gpu@58.937C tj@58.937C soc1@57.437C VDD_IN 10680mW/9759mW VDD_CPU_GPU_CV 3354mW/2786mW VDD_SOC 4000mW/3789mW
08-01-2026 20:41:24 RAM 2999/7620MB (lfb 6x4MB) SWAP 0/3810MB (cached 0MB) CPU [2%@729,1%@729,0%@729,0%@729,0%@1728,91%@1728] GR3D_FREQ 24% cpu@57.937C soc2@55.812C soc0@57.531C gpu@58.968C tj@58.968C soc1@57.468C VDD_IN 10640mW/9759mW VDD_CPU_GPU_CV 3354mW/2787mW VDD_SOC 4000mW/3789mW
08-01-2026 20:41:25 RAM 2999/7620MB (lfb 6x4MB) SWAP 0/3810MB (cached 0MB) CPU [2%@729,0%@729,0%@729,2%@729,0%@1728,90%@1728] GR3D_FREQ 30% cpu@57.781C soc2@55.812C soc0@57.593C gpu@58.687C tj@58.687C soc1@57.593C VDD_IN 10496mW/9760mW VDD_CPU_GPU_CV 3194mW/2787mW VDD_SOC 3960mW/3789mW
08-01-2026 20:41:26 RAM 2999/7620MB (lfb 6x4MB) SWAP 0/3810MB (cached 0MB) CPU [2%@729,0%@729,0%@729,0%@729,0%@1728,89%@1728] GR3D_FREQ 28% cpu@57.843C soc2@55.812C soc0@57.625C gpu@58.562C tj@58.562C soc1@57.468C VDD_IN 10376mW/9760mW VDD_CPU_GPU_CV 3154mW/2787mW VDD_SOC 3960mW/3789mW
08-01-2026 20:41:27 RAM 2999/7620MB (lfb 6x4MB) SWAP 0/3810MB (cached 0MB) CPU [2%@729,1%@729,0%@729,0%@729,0%@1728,89%@1728] GR3D_FREQ 30% cpu@57.843C soc2@55.875C soc0@57.5C gpu@58.593C tj@58.593C soc1@57.468C VDD_IN 10376mW/9760mW VDD_CPU_GPU_CV 3194mW/2787mW VDD_SOC 3920mW/3789mW
08-01-2026 20:41:28 RAM 2999/7620MB (lfb 6x4MB) SWAP 0/3810MB (cached 0MB) CPU [2%@729,0%@729,0%@729,0%@729,0%@1728,90%@1728] GR3D_FREQ 30% cpu@57.875C soc2@55.812C soc0@57.5C gpu@58.656C tj@58.656C soc1@57.5C VDD_IN 10256mW/9761mW VDD_CPU_GPU_CV 3115mW/2787mW VDD_SOC 3920mW/3789mW
08-01-2026 20:41:29 RAM 2999/7620MB (lfb 6x4MB) SWAP 0/3810MB (cached 0MB) CPU [0%@729,1%@729,0%@729,0%@729,0%@1728,89%@1728] GR3D_FREQ 30% cpu@58C soc2@55.843C soc0@57.625C gpu@58.687C tj@58.687C soc1@57.625C VDD_IN 10296mW/9761mW VDD_CPU_GPU_CV 3075mW/2788mW VDD_SOC 3920mW/3789mW
08-01-2026 20:41:30 RAM 2999/7620MB (lfb 6x4MB) SWAP 0/3810MB (cached 0MB) CPU [1%@729,1%@729,0%@729,0%@729,0%@1728,89%@1728] GR3D_FREQ 30% cpu@57.718C soc2@55.843C soc0@57.531C gpu@58.437C tj@58.437C soc1@57.656C VDD_IN 10216mW/9761mW VDD_CPU_GPU_CV 3035mW/2788mW VDD_SOC 3880mW/3789mW
08-01-2026 20:41:31 RAM 2999/7620MB (lfb 6x4MB) SWAP 0/3810MB (cached 0MB) CPU [1%@729,0%@729,0%@729,0%@729,1%@1728,89%@1728] GR3D_FREQ 30% cpu@57.906C soc2@55.812C soc0@57.562C gpu@58.5C tj@58.5C soc1@57.5C VDD_IN 10176mW/9761mW VDD_CPU_GPU_CV 3035mW/2788mW VDD_SOC 3880mW/3789mW
08-01-2026 20:41:32 RAM 2999/7620MB (lfb 6x4MB) SWAP 0/3810MB (cached 0MB) CPU [0%@729,1%@729,0%@729,0%@729,0%@1728,89%@1728] GR3D_FREQ 30% cpu@57.843C soc2@55.843C soc0@57.625C gpu@58.437C tj@58.437C soc1@57.468C VDD_IN 10136mW/9762mW VDD_CPU_GPU_CV 3035mW/2788mW VDD_SOC 3880mW/3789mW
08-01-2026 20:41:33 RAM 2999/7620MB (lfb 6x4MB) SWAP 0/3810MB (cached 0MB) CPU [1%@729,1%@729,0%@729,0%@729,0%@1728,90%@1728] GR3D_FREQ 28% cpu@57.843C soc2@55.781C soc0@57.562C gpu@58.468C tj@58.468C soc1@57.593C VDD_IN 10096mW/9762mW VDD_CPU_GPU_CV 2995mW/2788mW VDD_SOC 3880mW/3789mW
08-01-2026 20:41:34 RAM 2999/7620MB (lfb 6x4MB) SWAP 0/3810MB (cached 0MB) CPU [1%@729,1%@729,0%@729,0%@729,0%@1728,91%@1728] GR3D_FREQ 30% cpu@57.875C soc2@55.875C soc0@57.625C gpu@58.437C tj@58.437C soc1@57.531C VDD_IN 10056mW/9762mW VDD_CPU_GPU_CV 3000mW/2788mW VDD_SOC 3840mW/3789mW
08-01-2026 20:41:35 RAM 2999/7620MB (lfb 6x4MB) SWAP 0/3810MB (cached 0MB) CPU [0%@729,1%@729,0%@729,0%@729,0%@1728,90%@1728] GR3D_FREQ 30% cpu@57.781C soc2@55.812C soc0@57.625C gpu@58.5C tj@58.5C soc1@57.593C VDD_IN 9895mW/9762mW VDD_CPU_GPU_CV 2880mW/2788mW VDD_SOC 3846mW/3789mW
08-01-2026 20:41:36 RAM 2999/7620MB (lfb 6x4MB) SWAP 0/3810MB (cached 0MB) CPU [3%@729,0%@729,0%@729,0%@729,0%@1728,90%@1728] GR3D_FREQ 30% cpu@57.812C soc2@55.781C soc0@57.687C gpu@58.593C tj@58.593C soc1@57.5C VDD_IN 9935mW/9762mW VDD_CPU_GPU_CV 2880mW/2788mW VDD_SOC 3846mW/3789mW
08-01-2026 20:41:37 RAM 2999/7620MB (lfb 6x4MB) SWAP 0/3810MB (cached 0MB) CPU [0%@729,1%@729,0%@729,0%@729,0%@1728,89%@1728] GR3D_FREQ 28% cpu@57.937C soc2@55.781C soc0@57.468C gpu@58.593C tj@58.593C soc1@57.593C VDD_IN 9895mW/9762mW VDD_CPU_GPU_CV 2840mW/2788mW VDD_SOC 3806mW/3789mW
08-01-2026 20:41:38 RAM 2999/7620MB (lfb 6x4MB) SWAP 0/3810MB (cached 0MB) CPU [1%@729,0%@729,0%@729,1%@729,0%@1728,91%@1728] GR3D_FREQ 30% cpu@57.937C soc2@55.812C soc0@57.531C gpu@58.687C tj@58.687C soc1@57.468C VDD_IN 9815mW/9762mW VDD_CPU_GPU_CV 2840mW/2789mW VDD_SOC 3806mW/3789mW
08-01-2026 20:41:39 RAM 2999/7620MB (lfb 6x4MB) SWAP 0/3810MB (cached 0MB) CPU [1%@729,1%@729,0%@729,0%@729,0%@1728,90%@1728] GR3D_FREQ 30% cpu@57.875C soc2@55.781C soc0@57.593C gpu@58.562C tj@58.562C soc1@57.625C VDD_IN 9735mW/9762mW VDD_CPU_GPU_CV 2800mW/2789mW VDD_SOC 3806mW/3789mW
08-01-2026 20:41:40 RAM 2999/7620MB (lfb 6x4MB) SWAP 0/3810MB (cached 0MB) CPU [0%@729,0%@729,0%@729,0%@729,0%@1728,90%@1728] GR3D_FREQ 29% cpu@57.843C soc2@55.687C soc0@57.562C gpu@58.406C tj@58.406C soc1@57.562C VDD_IN 9775mW/9762mW VDD_CPU_GPU_CV 2800mW/2789mW VDD_SOC 3766mW/3789mW
08-01-2026 20:41:41 RAM 2999/7620MB (lfb 6x4MB) SWAP 0/3810MB (cached 0MB) CPU [1%@729,1%@729,0%@729,0%@729,0%@1728,89%@1728] GR3D_FREQ 30% cpu@57.812C soc2@55.75C soc0@57.656C gpu@58.531C tj@58.531C soc1@57.531C VDD_IN 9655mW/9762mW VDD_CPU_GPU_CV 2720mW/2788mW VDD_SOC 3766mW/3789mW
08-01-2026 20:41:42 RAM 2999/7620MB (lfb 6x4MB) SWAP 0/3810MB (cached 0MB) CPU [2%@729,0%@729,0%@729,0%@729,0%@1728,90%@1728] GR3D_FREQ 30% cpu@58.031C soc2@55.812C soc0@57.468C gpu@58.437C tj@58.437C soc1@57.562C VDD_IN 9655mW/9762mW VDD_CPU_GPU_CV 2720mW/2788mW VDD_SOC 3766mW/3789mW
08-01-2026 20:41:43 RAM 2999/7620MB (lfb 6x4MB) SWAP 0/3810MB (cached 0MB) CPU [1%@729,0%@729,1%@729,1%@729,0%@1728,89%@1728] GR3D_FREQ 38% cpu@57.781C soc2@55.718C soc0@57.531C gpu@58.406C tj@58.406C soc1@57.531C VDD_IN 9535mW/9762mW VDD_CPU_GPU_CV 2680mW/2788mW VDD_SOC 3766mW/3789mW
08-01-2026 20:41:44 RAM 2999/7620MB (lfb 6x4MB) SWAP 0/3810MB (cached 0MB) CPU [1%@729,0%@729,1%@729,1%@729,0%@1728,91%@1728] GR3D_FREQ 38% cpu@57.875C soc2@55.781C soc0@57.625C gpu@58.343C tj@58.343C soc1@57.625C VDD_IN 9535mW/9762mW VDD_CPU_GPU_CV 2640mW/2788mW VDD_SOC 3725mW/3789mW
08-01-2026 20:41:45 RAM 2999/7620MB (lfb 6x4MB) SWAP 0/3810MB (cached 0MB) CPU [0%@729,1%@729,1%@729,0%@729,0%@1728,90%@1728] GR3D_FREQ 37% cpu@57.75C soc2@55.75C soc0@57.5C gpu@58.5C tj@58.687C soc1@57.437C VDD_IN 9470mW/9762mW VDD_CPU_GPU_CV 2600mW/2788mW VDD_SOC 3725mW/3789mW
08-01-2026 20:41:46 RAM 2999/7620MB (lfb 6x4MB) SWAP 0/3810MB (cached 0MB) CPU [1%@729,0%@729,0%@729,1%@729,0%@1728,91%@1728] GR3D_FREQ 40% cpu@57.781C soc2@55.75C soc0@57.5C gpu@58.656C tj@58.656C soc1@57.531C VDD_IN 9430mW/9762mW VDD_CPU_GPU_CV 2600mW/2788mW VDD_SOC 3725mW/3789mW
08-01-2026 20:41:47 RAM 2999/7620MB (lfb 6x4MB) SWAP 0/3810MB (cached 0MB) CPU [1%@729,0%@729,0%@729,0%@729,0%@1728,89%@1728] GR3D_FREQ 40% cpu@57.968C soc2@55.812C soc0@57.562C gpu@58.625C tj@58.625C soc1@57.5C VDD_IN 9389mW/9761mW VDD_CPU_GPU_CV 2560mW/2788mW VDD_SOC 3725mW/3789mW
08-01-2026 20:41:48 RAM 2999/7620MB (lfb 6x4MB) SWAP 0/3810MB (cached 0MB) CPU [1%@729,0%@729,0%@729,0%@729,0%@1728,89%@1728] GR3D_FREQ 40% cpu@58.031C soc2@55.781C soc0@57.5C gpu@58.687C tj@58.687C soc1@57.468C VDD_IN 9349mW/9761mW VDD_CPU_GPU_CV 2520mW/2788mW VDD_SOC 3685mW/3789mW
08-01-2026 20:41:49 RAM 2999/7620MB (lfb 6x4MB) SWAP 0/3810MB (cached 0MB) CPU [1%@729,0%@729,0%@729,2%@729,0%@1728,90%@1728] GR3D_FREQ 37% cpu@57.781C soc2@55.781C soc0@57.562C gpu@58.718C tj@58.718C soc1@57.593C VDD_IN 9349mW/9761mW VDD_CPU_GPU_CV 2520mW/2788mW VDD_SOC 3685mW/3789mW
08-01-2026 20:41:50 RAM 2999/7620MB (lfb 6x4MB) SWAP 0/3810MB (cached 0MB) CPU [0%@729,0%@729,0%@729,0%@729,0%@1728,92%@1728] GR3D_FREQ 40% cpu@57.75C soc2@55.718C soc0@57.593C gpu@58.75C tj@58.75C soc1@57.562C VDD_IN 9309mW/9761mW VDD_CPU_GPU_CV 2480mW/2787mW VDD_SOC 3685mW/3789mW
08-01-2026 20:41:51 RAM 2999/7620MB (lfb 6x4MB) SWAP 0/3810MB (cached 0MB) CPU [1%@729,1%@729,1%@729,1%@729,0%@1728,90%@1728] GR3D_FREQ 40% cpu@57.937C soc2@55.718C soc0@57.656C gpu@58.437C tj@58.437C soc1@57.562C VDD_IN 9269mW/9760mW VDD_CPU_GPU_CV 2480mW/2787mW VDD_SOC 3685mW/3789mW
08-01-2026 20:41:52 RAM 2999/7620MB (lfb 6x4MB) SWAP 0/3810MB (cached 0MB) CPU [1%@729,0%@729,0%@729,1%@729,0%@1728,90%@1728] GR3D_FREQ 40% cpu@57.968C soc2@55.687C soc0@57.531C gpu@58.5C tj@58.5C soc1@57.531C VDD_IN 9229mW/9760mW VDD_CPU_GPU_CV 2480mW/2787mW VDD_SOC 3685mW/3789mW
08-01-2026 20:41:53 RAM 2999/7620MB (lfb 6x4MB) SWAP 0/3810MB (cached 0MB) CPU [0%@729,1%@729,0%@729,1%@729,0%@1728,90%@1728] GR3D_FREQ 40% cpu@58.093C soc2@55.781C soc0@57.468C gpu@58.437C tj@58.437C soc1@57.593C VDD_IN 9229mW/9760mW VDD_CPU_GPU_CV 2480mW/2787mW VDD_SOC 3685mW/3789mW
08-01-2026 20:41:54 RAM 2999/7620MB (lfb 6x4MB) SWAP 0/3810MB (cached 0MB) CPU [1%@729,1%@729,0%@729,1%@729,0%@1728,91%@1728] GR3D_FREQ 40% cpu@57.781C soc2@55.812C soc0@57.5C gpu@58.468C tj@58.468C soc1@57.656C VDD_IN 9189mW/9759mW VDD_CPU_GPU_CV 2400mW/2787mW VDD_SOC 3645mW/3789mW
08-01-2026 20:41:55 RAM 2999/7620MB (lfb 6x4MB) SWAP 0/3810MB (cached 0MB) CPU [1%@729,0%@729,0%@729,1%@729,0%@1728,90%@1728] GR3D_FREQ 40% cpu@57.75C soc2@55.781C soc0@57.531C gpu@58.437C tj@58.437C soc1@57.562C VDD_IN 9149mW/9759mW VDD_CPU_GPU_CV 2403mW/2786mW VDD_SOC 3645mW/3789mW
08-01-2026 20:41:56 RAM 2999/7620MB (lfb 6x4MB) SWAP 0/3810MB (cached 0MB) CPU [1%@729,0%@729,0%@729,0%@729,0%@1728,89%@1728] GR3D_FREQ 39% cpu@57.968C soc2@55.718C soc0@57.625C gpu@58.5C tj@58.5C soc1@57.5C VDD_IN 9109mW/9759mW VDD_CPU_GPU_CV 2363mW/2786mW VDD_SOC 3645mW/3789mW
08-01-2026 20:41:57 RAM 3000/7620MB (lfb 6x4MB) SWAP 0/3810MB (cached 0MB) CPU [1%@729,0%@729,1%@729,0%@729,0%@1728,91%@1728] GR3D_FREQ 40% cpu@57.843C soc2@55.75C soc0@57.468C gpu@58.468C tj@58.468C soc1@57.531C VDD_IN 9109mW/9758mW VDD_CPU_GPU_CV 2363mW/2786mW VDD_SOC 3645mW/3789mW
08-01-2026 20:41:58 RAM 3000/7620MB (lfb 6x4MB) SWAP 0/3810MB (cached 0MB) CPU [2%@729,0%@729,0%@729,1%@729,0%@1728,89%@1728] GR3D_FREQ 40% cpu@58.093C soc2@55.812C soc0@57.5C gpu@58.25C tj@58.25C soc1@57.593C VDD_IN 9068mW/9758mW VDD_CPU_GPU_CV 2363mW/2786mW VDD_SOC 3645mW/3788mW
08-01-2026 20:41:59 RAM 3000/7620MB (lfb 6x4MB) SWAP 0/3810MB (cached 0MB) CPU [1%@729,1%@729,1%@729,0%@729,1%@1728,90%@1728] GR3D_FREQ 36% cpu@57.781C soc2@55.718C soc0@57.625C gpu@58.375C tj@58.375C soc1@57.718C VDD_IN 9028mW/9757mW VDD_CPU_GPU_CV 2363mW/2785mW VDD_SOC 3645mW/3788mW
08-01-2026 20:42:00 RAM 3000/7620MB (lfb 6x4MB) SWAP 0/3810MB (cached 0MB) CPU [1%@729,1%@729,0%@729,0%@729,1%@1728,88%@1728] GR3D_FREQ 52% cpu@57.843C soc2@55.687C soc0@57.593C gpu@58.406C tj@58.406C soc1@57.562C VDD_IN 9068mW/9757mW VDD_CPU_GPU_CV 2363mW/2785mW VDD_SOC 3645mW/3788mW
08-01-2026 20:42:01 RAM 3000/7620MB (lfb 6x4MB) SWAP 0/3810MB (cached 0MB) CPU [1%@729,0%@729,1%@729,0%@729,90%@1728,0%@1728] GR3D_FREQ 95% cpu@57.906C soc2@55.781C soc0@57.625C gpu@58.531C tj@58.531C soc1@57.468C VDD_IN 9269mW/9757mW VDD_CPU_GPU_CV 2480mW/2785mW VDD_SOC 3685mW/3788mW
08-01-2026 20:42:02 RAM 3000/7620MB (lfb 6x4MB) SWAP 0/3810MB (cached 0MB) CPU [1%@729,0%@729,0%@729,0%@729,89%@1267,0%@1267] GR3D_FREQ 99% cpu@57.812C soc2@55.843C soc0@57.5C gpu@58.781C tj@58.781C soc1@57.531C VDD_IN 9455mW/9757mW VDD_CPU_GPU_CV 2560mW/2785mW VDD_SOC 3766mW/3788mW
08-01-2026 20:42:03 RAM 3000/7620MB (lfb 6x4MB) SWAP 0/3810MB (cached 0MB) CPU [1%@729,0%@729,1%@729,0%@729,88%@1036,0%@1036] GR3D_FREQ 99% cpu@58.093C soc2@55.812C soc0@57.5C gpu@59.093C tj@59.093C soc1@57.593C VDD_IN 9575mW/9756mW VDD_CPU_GPU_CV 2640mW/2785mW VDD_SOC 3806mW/3788mW
08-01-2026 20:42:04 RAM 3000/7620MB (lfb 6x4MB) SWAP 0/3810MB (cached 0MB) CPU [1%@729,0%@729,1%@729,0%@729,89%@806,0%@806] GR3D_FREQ 99% cpu@57.843C soc2@55.875C soc0@57.625C gpu@59.375C tj@59.375C soc1@57.656C VDD_IN 10056mW/9757mW VDD_CPU_GPU_CV 2920mW/2785mW VDD_SOC 3920mW/3788mW
08-01-2026 20:42:05 RAM 3000/7620MB (lfb 6x4MB) SWAP 0/3810MB (cached 0MB) CPU [0%@729,0%@729,0%@729,0%@729,91%@1728,0%@1728] GR3D_FREQ 99% cpu@58.031C soc2@55.812C soc0@57.718C gpu@59.468C tj@59.468C soc1@57.562C VDD_IN 10256mW/9757mW VDD_CPU_GPU_CV 3035mW/2785mW VDD_SOC 3960mW/3788mW
08-01-2026 20:42:06 RAM 3000/7620MB (lfb 6x4MB) SWAP 0/3810MB (cached 0MB) CPU [1%@729,1%@729,1%@729,1%@729,84%@1728,5%@1728] GR3D_FREQ 89% cpu@58.156C soc2@55.875C soc0@57.593C gpu@59.562C tj@59.562C soc1@57.5C VDD_IN 10536mW/9757mW VDD_CPU_GPU_CV 3234mW/2785mW VDD_SOC 4000mW/3788mW
08-01-2026 20:42:07 RAM 3000/7620MB (lfb 6x4MB) SWAP 0/3810MB (cached 0MB) CPU [2%@729,0%@729,0%@729,0%@729,0%@960,89%@960] GR3D_FREQ 99% cpu@58.062C soc2@55.875C soc0@57.5C gpu@59.75C tj@59.75C soc1@57.593C VDD_IN 11160mW/9758mW VDD_CPU_GPU_CV 3674mW/2786mW VDD_SOC 4113mW/3789mW
08-01-2026 20:42:08 RAM 3000/7620MB (lfb 6x4MB) SWAP 0/3810MB (cached 0MB) CPU [1%@729,0%@729,0%@729,0%@729,0%@883,89%@883] GR3D_FREQ 99% cpu@57.968C soc2@55.906C soc0@57.656C gpu@59.625C tj@59.625C soc1@57.593C VDD_IN 11280mW/9759mW VDD_CPU_GPU_CV 3708mW/2786mW VDD_SOC 4153mW/3789mW
08-01-2026 20:42:09 RAM 3000/7620MB (lfb 6x4MB) SWAP 0/3810MB (cached 0MB) CPU [1%@729,1%@729,0%@729,0%@729,0%@1651,91%@1651] GR3D_FREQ 50% cpu@57.906C soc2@55.906C soc0@57.531C gpu@59.281C tj@59.281C soc1@57.562C VDD_IN 11520mW/9760mW VDD_CPU_GPU_CV 3867mW/2787mW VDD_SOC 4153mW/3789mW
08-01-2026 20:42:10 RAM 3000/7620MB (lfb 6x4MB) SWAP 0/3810MB (cached 0MB) CPU [1%@729,0%@729,1%@729,0%@729,0%@1574,90%@1574] GR3D_FREQ 33% cpu@57.968C soc2@55.781C soc0@57.687C gpu@59.187C tj@59.187C soc1@57.468C VDD_IN 11240mW/9761mW VDD_CPU_GPU_CV 3668mW/2788mW VDD_SOC 4153mW/3789mW
08-01-2026 20:42:11 RAM 3000/7620MB (lfb 6x4MB) SWAP 0/3810MB (cached 0MB) CPU [1%@729,0%@729,1%@729,0%@729,0%@1728,91%@1728] GR3D_FREQ 44% cpu@58.093C soc2@55.843C soc0@57.5C gpu@59.312C tj@59.312C soc1@57.531C VDD_IN 11400mW/9762mW VDD_CPU_GPU_CV 3708mW/2788mW VDD_SOC 4153mW/3790mW
08-01-2026 20:42:12 RAM 3000/7620MB (lfb 6x4MB) SWAP 0/3810MB (cached 0MB) CPU [1%@729,0%@729,0%@729,0%@729,0%@1728,89%@1728] GR3D_FREQ 48% cpu@57.937C soc2@55.843C soc0@57.5C gpu@59.281C tj@59.281C soc1@57.531C VDD_IN 11200mW/9763mW VDD_CPU_GPU_CV 3668mW/2789mW VDD_SOC 4113mW/3790mW
08-01-2026 20:42:13 RAM 3000/7620MB (lfb 6x4MB) SWAP 0/3810MB (cached 0MB) CPU [1%@729,0%@729,1%@729,1%@729,0%@1728,91%@1728] GR3D_FREQ 24% cpu@57.75C soc2@55.968C soc0@57.5C gpu@59.062C tj@59.062C soc1@57.625C VDD_IN 11200mW/9764mW VDD_CPU_GPU_CV 3628mW/2789mW VDD_SOC 4113mW/3790mW
08-01-2026 20:42:14 RAM 3000/7620MB (lfb 6x4MB) SWAP 0/3810MB (cached 0MB) CPU [1%@729,0%@729,0%@729,0%@729,0%@1728,90%@1728] GR3D_FREQ 23% cpu@57.937C soc2@55.843C soc0@57.656C gpu@59.031C tj@59.031C soc1@57.5C VDD_IN 10960mW/9764mW VDD_CPU_GPU_CV 3508mW/2789mW VDD_SOC 4080mW/3790mW
08-01-2026 20:42:15 RAM 3000/7620MB (lfb 6x4MB) SWAP 0/3810MB (cached 0MB) CPU [1%@729,0%@729,1%@729,0%@729,0%@1728,90%@1728] GR3D_FREQ 24% cpu@57.906C soc2@55.875C soc0@57.656C gpu@59.062C tj@59.062C soc1@57.5C VDD_IN 10960mW/9765mW VDD_CPU_GPU_CV 3474mW/2790mW VDD_SOC 4080mW/3790mW
08-01-2026 20:42:16 RAM 3000/7620MB (lfb 6x4MB) SWAP 0/3810MB (cached 0MB) CPU [1%@729,0%@729,1%@729,0%@729,0%@1728,89%@1728] GR3D_FREQ 24% cpu@57.937C soc2@55.843C soc0@57.5C gpu@59.031C tj@59.031C soc1@57.531C VDD_IN 10760mW/9766mW VDD_CPU_GPU_CV 3394mW/2790mW VDD_SOC 4040mW/3790mW
08-01-2026 20:42:17 RAM 3000/7620MB (lfb 6x4MB) SWAP 0/3810MB (cached 0MB) CPU [2%@729,0%@729,0%@729,0%@729,0%@1728,90%@1728] GR3D_FREQ 23% cpu@57.812C soc2@55.843C soc0@57.5C gpu@58.75C tj@58.75C soc1@57.562C VDD_IN 10760mW/9766mW VDD_CPU_GPU_CV 3394mW/2791mW VDD_SOC 4000mW/3791mW
08-01-2026 20:42:18 RAM 3000/7620MB (lfb 6x4MB) SWAP 0/3810MB (cached 0MB) CPU [1%@729,0%@729,1%@729,0%@729,0%@1728,89%@1728] GR3D_FREQ 22% cpu@57.843C soc2@55.812C soc0@57.656C gpu@58.781C tj@58.781C soc1@57.468C VDD_IN 10640mW/9767mW VDD_CPU_GPU_CV 3314mW/2791mW VDD_SOC 4000mW/3791mW
08-01-2026 20:42:19 RAM 3000/7620MB (lfb 6x4MB) SWAP 0/3810MB (cached 0MB) CPU [0%@729,1%@729,0%@729,1%@729,0%@1728,90%@1728] GR3D_FREQ 27% cpu@57.875C soc2@55.812C soc0@57.718C gpu@58.687C tj@58.687C soc1@57.468C VDD_IN 10697mW/9767mW VDD_CPU_GPU_CV 3314mW/2791mW VDD_SOC 4000mW/3791mW
08-01-2026 20:42:20 RAM 3000/7620MB (lfb 6x4MB) SWAP 0/3810MB (cached 0MB) CPU [1%@729,0%@729,1%@729,0%@729,0%@1728,89%@1728] GR3D_FREQ 27% cpu@58.125C soc2@55.812C soc0@57.562C gpu@58.718C tj@58.718C soc1@57.531C VDD_IN 10520mW/9768mW VDD_CPU_GPU_CV 3234mW/2791mW VDD_SOC 4000mW/3791mW
08-01-2026 20:42:21 RAM 3000/7620MB (lfb 6x4MB) SWAP 0/3810MB (cached 0MB) CPU [1%@729,0%@729,0%@729,1%@729,0%@1728,91%@1728] GR3D_FREQ 28% cpu@58.031C soc2@55.906C soc0@57.593C gpu@58.625C tj@58.625C soc1@57.468C VDD_IN 10616mW/9768mW VDD_CPU_GPU_CV 3234mW/2792mW VDD_SOC 3960mW/3791mW
08-01-2026 20:42:22 RAM 3000/7620MB (lfb 6x4MB) SWAP 0/3810MB (cached 0MB) CPU [2%@729,0%@729,0%@729,0%@729,0%@1728,91%@1728] GR3D_FREQ 30% cpu@57.875C soc2@55.875C soc0@57.562C gpu@58.531C tj@58.531C soc1@57.562C VDD_IN 10376mW/9768mW VDD_CPU_GPU_CV 3154mW/2792mW VDD_SOC 3920mW/3791mW
08-01-2026 20:42:23 RAM 3000/7620MB (lfb 6x4MB) SWAP 0/3810MB (cached 0MB) CPU [2%@729,0%@729,0%@729,0%@729,0%@1728,91%@1728] GR3D_FREQ 30% cpu@57.812C soc2@55.812C soc0@57.625C gpu@58.5C tj@58.5C soc1@57.531C VDD_IN 10296mW/9769mW VDD_CPU_GPU_CV 3075mW/2792mW VDD_SOC 3880mW/3791mW
08-01-2026 20:42:24 RAM 3000/7620MB (lfb 6x4MB) SWAP 0/3810MB (cached 0MB) CPU [2%@729,0%@729,1%@729,0%@729,0%@1728,90%@1728] GR3D_FREQ 30% cpu@57.968C soc2@55.718C soc0@57.75C gpu@58.5C tj@58.5C soc1@57.468C VDD_IN 10136mW/9769mW VDD_CPU_GPU_CV 2995mW/2792mW VDD_SOC 3880mW/3791mW
08-01-2026 20:42:25 RAM 3000/7620MB (lfb 6x4MB) SWAP 0/3810MB (cached 0MB) CPU [1%@729,0%@729,0%@729,0%@729,0%@1728,91%@1728] GR3D_FREQ 30% cpu@58.093C soc2@55.812C soc0@57.531C gpu@58.468C tj@58.468C soc1@57.5C VDD_IN 10056mW/9769mW VDD_CPU_GPU_CV 2960mW/2792mW VDD_SOC 3840mW/3791mW
08-01-2026 20:42:26 RAM 3000/7620MB (lfb 6x4MB) SWAP 0/3810MB (cached 0MB) CPU [1%@729,0%@729,0%@729,1%@729,0%@1728,90%@1728] GR3D_FREQ 30% cpu@57.906C soc2@55.843C soc0@57.593C gpu@58.656C tj@58.656C soc1@57.531C VDD_IN 9975mW/9769mW VDD_CPU_GPU_CV 2880mW/2792mW VDD_SOC 3846mW/3791mW
08-01-2026 20:42:27 RAM 3000/7620MB (lfb 6x4MB) SWAP 0/3810MB (cached 0MB) CPU [0%@729,0%@729,1%@729,1%@729,0%@1728,90%@1728] GR3D_FREQ 28% cpu@57.75C soc2@55.843C soc0@57.593C gpu@58.687C tj@58.687C soc1@57.656C VDD_IN 9895mW/9769mW VDD_CPU_GPU_CV 2880mW/2792mW VDD_SOC 3806mW/3791mW
08-01-2026 20:42:28 RAM 3000/7620MB (lfb 6x4MB) SWAP 0/3810MB (cached 0MB) CPU [1%@729,0%@729,1%@729,0%@729,0%@1728,90%@1728] GR3D_FREQ 30% cpu@57.812C soc2@55.718C soc0@57.687C gpu@58.656C tj@58.656C soc1@57.437C VDD_IN 9815mW/9769mW VDD_CPU_GPU_CV 2800mW/2792mW VDD_SOC 3806mW/3791mW
08-01-2026 20:42:29 RAM 3000/7620MB (lfb 6x4MB) SWAP 0/3810MB (cached 0MB) CPU [0%@729,1%@729,1%@729,1%@729,0%@1728,91%@1728] GR3D_FREQ 30% cpu@57.906C soc2@55.687C soc0@57.75C gpu@58.656C tj@58.656C soc1@57.468C VDD_IN 9775mW/9769mW VDD_CPU_GPU_CV 2800mW/2792mW VDD_SOC 3806mW/3791mW
08-01-2026 20:42:30 RAM 3000/7620MB (lfb 6x4MB) SWAP 0/3810MB (cached 0MB) CPU [1%@1728,1%@1728,1%@1728,0%@1728,0%@1728,89%@1728] GR3D_FREQ 30% cpu@58.031C soc2@55.75C soc0@57.531C gpu@58.718C tj@58.718C soc1@57.5C VDD_IN 9735mW/9769mW VDD_CPU_GPU_CV 2760mW/2792mW VDD_SOC 3766mW/3791mW
08-01-2026 20:42:31 RAM 3000/7620MB (lfb 6x4MB) SWAP 0/3810MB (cached 0MB) CPU [1%@729,0%@729,0%@729,0%@729,0%@1728,91%@1728] GR3D_FREQ 29% cpu@57.843C soc2@55.843C soc0@57.656C gpu@58.75C tj@58.75C soc1@57.593C VDD_IN 9695mW/9769mW VDD_CPU_GPU_CV 2760mW/2792mW VDD_SOC 3766mW/3791mW
08-01-2026 20:42:32 RAM 3000/7620MB (lfb 6x4MB) SWAP 0/3810MB (cached 0MB) CPU [0%@729,0%@729,1%@729,0%@729,0%@1728,91%@1728] GR3D_FREQ 30% cpu@57.781C soc2@55.812C soc0@57.562C gpu@58.718C tj@58.5C soc1@57.625C VDD_IN 9655mW/9769mW VDD_CPU_GPU_CV 2680mW/2792mW VDD_SOC 3766mW/3791mW
08-01-2026 20:42:33 RAM 3000/7620MB (lfb 6x4MB) SWAP 0/3810MB (cached 0MB) CPU [1%@729,0%@729,1%@729,0%@729,0%@1728,90%@1728] GR3D_FREQ 40% cpu@57.875C soc2@55.656C soc0@57.625C gpu@58.437C tj@58.437C soc1@57.562C VDD_IN 9535mW/9769mW VDD_CPU_GPU_CV 2680mW/2792mW VDD_SOC 3725mW/3791mW
08-01-2026 20:42:34 RAM 3000/7620MB (lfb 6x4MB) SWAP 0/3810MB (cached 0MB) CPU [1%@729,0%@729,1%@729,0%@729,0%@1728,91%@1728] GR3D_FREQ 40% cpu@57.906C soc2@55.75C soc0@57.718C gpu@58.468C tj@58.468C soc1@57.5C VDD_IN 9495mW/9769mW VDD_CPU_GPU_CV 2640mW/2792mW VDD_SOC 3725mW/3791mW
08-01-2026 20:42:35 RAM 3000/7620MB (lfb 6x4MB) SWAP 0/3810MB (cached 0MB) CPU [1%@729,0%@729,0%@729,1%@729,0%@1728,91%@1728] GR3D_FREQ 39% cpu@58C soc2@55.812C soc0@57.562C gpu@58.437C tj@58.437C soc1@57.531C VDD_IN 9415mW/9769mW VDD_CPU_GPU_CV 2600mW/2792mW VDD_SOC 3725mW/3791mW
08-01-2026 20:42:36 RAM 3000/7620MB (lfb 6x4MB) SWAP 0/3810MB (cached 0MB) CPU [1%@729,0%@729,1%@729,0%@729,0%@1728,91%@1728] GR3D_FREQ 37% cpu@58.062C soc2@55.75C soc0@57.593C gpu@58.437C tj@58.437C soc1@57.625C VDD_IN 9389mW/9769mW VDD_CPU_GPU_CV 2560mW/2792mW VDD_SOC 3685mW/3791mW
08-01-2026 20:42:37 RAM 3000/7620MB (lfb 6x4MB) SWAP 0/3810MB (cached 0MB) CPU [2%@729,0%@729,0%@729,0%@729,0%@1728,90%@1728] GR3D_FREQ 40% cpu@57.781C soc2@55.812C soc0@57.593C gpu@58.437C tj@58.437C soc1@57.687C VDD_IN 9309mW/9768mW VDD_CPU_GPU_CV 2480mW/2792mW VDD_SOC 3685mW/3791mW
08-01-2026 20:42:38 RAM 3000/7620MB (lfb 6x4MB) SWAP 0/3810MB (cached 0MB) CPU [2%@729,0%@729,0%@729,1%@729,0%@1728,90%@1728] GR3D_FREQ 39% cpu@57.843C soc2@55.812C soc0@57.625C gpu@58.718C tj@58.718C soc1@57.531C VDD_IN 9269mW/9768mW VDD_CPU_GPU_CV 2480mW/2792mW VDD_SOC 3685mW/3791mW
08-01-2026 20:42:39 RAM 3000/7620MB (lfb 6x4MB) SWAP 0/3810MB (cached 0MB) CPU [2%@729,0%@729,0%@729,0%@729,0%@1728,89%@1728] GR3D_FREQ 40% cpu@57.968C soc2@55.75C soc0@57.687C gpu@58.75C tj@58.75C soc1@57.468C VDD_IN 9269mW/9768mW VDD_CPU_GPU_CV 2440mW/2791mW VDD_SOC 3685mW/3791mW
08-01-2026 20:42:40 RAM 3000/7620MB (lfb 6x4MB) SWAP 0/3810MB (cached 0MB) CPU [1%@729,0%@729,0%@729,1%@729,0%@1728,90%@1728] GR3D_FREQ 39% cpu@58.031C soc2@55.75C soc0@57.625C gpu@58.812C tj@58.812C soc1@57.562C VDD_IN 9269mW/9767mW VDD_CPU_GPU_CV 2480mW/2791mW VDD_SOC 3685mW/3791mW
08-01-2026 20:42:41 RAM 3000/7620MB (lfb 6x4MB) SWAP 0/3810MB (cached 0MB) CPU [1%@729,0%@729,0%@729,0%@729,0%@1728,91%@1728] GR3D_FREQ 40% cpu@58.156C soc2@55.781C soc0@57.593C gpu@58.75C tj@58.75C soc1@57.593C VDD_IN 9229mW/9767mW VDD_CPU_GPU_CV 2440mW/2791mW VDD_SOC 3685mW/3791mW
08-01-2026 20:42:42 RAM 3000/7620MB (lfb 6x4MB) SWAP 0/3810MB (cached 0MB) CPU [1%@729,0%@729,1%@729,1%@729,0%@1728,91%@1728] GR3D_FREQ 40% cpu@57.687C soc2@55.843C soc0@57.593C gpu@58.312C tj@58.312C soc1@57.687C VDD_IN 9189mW/9767mW VDD_CPU_GPU_CV 2403mW/2791mW VDD_SOC 3645mW/3791mW
08-01-2026 20:42:43 RAM 3000/7620MB (lfb 6x4MB) SWAP 0/3810MB (cached 0MB) CPU [1%@729,0%@729,1%@729,0%@729,0%@1728,91%@1728] GR3D_FREQ 41% cpu@57.812C soc2@55.812C soc0@57.656C gpu@58.281C tj@58.281C soc1@57.531C VDD_IN 9149mW/9766mW VDD_CPU_GPU_CV 2363mW/2790mW VDD_SOC 3645mW/3791mW
08-01-2026 20:42:44 RAM 3000/7620MB (lfb 6x4MB) SWAP 0/3810MB (cached 0MB) CPU [2%@729,0%@729,1%@729,0%@729,0%@1728,90%@1728] GR3D_FREQ 37% cpu@57.968C soc2@55.718C soc0@57.468C gpu@58.5C tj@58.5C soc1@57.437C VDD_IN 9109mW/9766mW VDD_CPU_GPU_CV 2363mW/2790mW VDD_SOC 3645mW/3790mW
08-01-2026 20:42:45 RAM 3000/7620MB (lfb 6x4MB) SWAP 0/3810MB (cached 0MB) CPU [0%@729,0%@729,1%@729,1%@729,0%@1728,90%@1728] GR3D_FREQ 39% cpu@58.062C soc2@55.781C soc0@57.5C gpu@58.531C tj@58.531C soc1@57.562C VDD_IN 9068mW/9766mW VDD_CPU_GPU_CV 2363mW/2790mW VDD_SOC 3645mW/3790mW
08-01-2026 20:42:46 RAM 3000/7620MB (lfb 6x4MB) SWAP 0/3810MB (cached 0MB) CPU [1%@729,0%@729,0%@729,0%@729,0%@1728,87%@1728] GR3D_FREQ 40% cpu@57.968C soc2@55.75C soc0@57.531C gpu@58.5C tj@58.5C soc1@57.562C VDD_IN 8988mW/9765mW VDD_CPU_GPU_CV 2283mW/2790mW VDD_SOC 3645mW/3790mW
08-01-2026 20:42:47 RAM 3000/7620MB (lfb 6x4MB) SWAP 0/3810MB (cached 0MB) CPU [1%@729,0%@729,0%@729,1%@729,0%@1728,90%@1728] GR3D_FREQ 40% cpu@57.75C soc2@55.875C soc0@57.562C gpu@58.5C tj@58.5C soc1@57.593C VDD_IN 9068mW/9765mW VDD_CPU_GPU_CV 2363mW/2789mW VDD_SOC 3645mW/3790mW
08-01-2026 20:42:48 RAM 3000/7620MB (lfb 6x4MB) SWAP 0/3810MB (cached 0MB) CPU [0%@729,0%@729,0%@729,0%@729,0%@1728,91%@1728] GR3D_FREQ 18% cpu@57.75C soc2@55.656C soc0@57.531C gpu@58.468C tj@58.468C soc1@57.5C VDD_IN 9068mW/9764mW VDD_CPU_GPU_CV 2323mW/2789mW VDD_SOC 3645mW/3790mW
08-01-2026 20:42:49 RAM 3000/7620MB (lfb 6x4MB) SWAP 0/3810MB (cached 0MB) CPU [1%@729,0%@729,2%@729,0%@729,0%@1728,90%@1728] GR3D_FREQ 39% cpu@57.875C soc2@55.75C soc0@57.5C gpu@58.718C tj@58.718C soc1@57.5C VDD_IN 9149mW/9764mW VDD_CPU_GPU_CV 2400mW/2789mW VDD_SOC 3685mW/3790mW
08-01-2026 20:42:50 RAM 3000/7620MB (lfb 6x4MB) SWAP 0/3810MB (cached 0MB) CPU [0%@729,0%@729,0%@729,2%@729,0%@1420,89%@1420] GR3D_FREQ 99% cpu@58C soc2@55.718C soc0@57.562C gpu@58.75C tj@58.75C soc1@57.531C VDD_IN 9430mW/9764mW VDD_CPU_GPU_CV 2520mW/2789mW VDD_SOC 3725mW/3790mW
08-01-2026 20:42:51 RAM 3000/7620MB (lfb 6x4MB) SWAP 0/3810MB (cached 0MB) CPU [1%@729,1%@729,0%@729,0%@729,0%@1190,88%@1190] GR3D_FREQ 99% cpu@57.937C soc2@55.937C soc0@57.562C gpu@59.093C tj@59.093C soc1@57.5C VDD_IN 9935mW/9764mW VDD_CPU_GPU_CV 2840mW/2789mW VDD_SOC 3886mW/3790mW
08-01-2026 20:42:52 RAM 3000/7620MB (lfb 6x4MB) SWAP 0/3810MB (cached 0MB) CPU [1%@729,0%@729,0%@729,0%@729,0%@1190,88%@1190] GR3D_FREQ 99% cpu@57.906C soc2@55.687C soc0@57.625C gpu@58.906C tj@58.906C soc1@57.468C VDD_IN 9535mW/9764mW VDD_CPU_GPU_CV 2560mW/2789mW VDD_SOC 3766mW/3790mW
08-01-2026 20:42:53 RAM 3000/7620MB (lfb 6x4MB) SWAP 0/3810MB (cached 0MB) CPU [1%@729,0%@729,0%@729,0%@729,0%@806,88%@806] GR3D_FREQ 99% cpu@58.062C soc2@55.781C soc0@57.625C gpu@59C tj@59C soc1@57.468C VDD_IN 9735mW/9764mW VDD_CPU_GPU_CV 2680mW/2789mW VDD_SOC 3846mW/3790mW
08-01-2026 20:42:54 RAM 3000/7620MB (lfb 6x4MB) SWAP 0/3810MB (cached 0MB) CPU [1%@729,0%@729,0%@729,1%@729,3%@729,86%@729] GR3D_FREQ 99% cpu@57.906C soc2@55.812C soc0@57.5C gpu@58.968C tj@58.968C soc1@57.562C VDD_IN 9895mW/9764mW VDD_CPU_GPU_CV 2760mW/2789mW VDD_SOC 3886mW/3790mW
08-01-2026 20:42:55 RAM 3000/7620MB (lfb 6x4MB) SWAP 0/3810MB (cached 0MB) CPU [3%@729,0%@729,1%@729,0%@729,88%@729,0%@729] GR3D_FREQ 99% cpu@58.156C soc2@55.812C soc0@57.5C gpu@59.281C tj@59.281C soc1@57.562C VDD_IN 9975mW/9764mW VDD_CPU_GPU_CV 2760mW/2789mW VDD_SOC 3920mW/3790mW
08-01-2026 20:42:56 RAM 3000/7620MB (lfb 6x4MB) SWAP 0/3810MB (cached 0MB) CPU [0%@729,0%@729,0%@729,0%@729,86%@1728,5%@1728] GR3D_FREQ 99% cpu@57.812C soc2@55.875C soc0@57.562C gpu@59.531C tj@59.531C soc1@57.625C VDD_IN 10216mW/9764mW VDD_CPU_GPU_CV 2995mW/2789mW VDD_SOC 3920mW/3790mW
08-01-2026 20:42:57 RAM 3000/7620MB (lfb 6x4MB) SWAP 0/3810MB (cached 0MB) CPU [1%@729,1%@729,0%@729,0%@729,0%@1728,89%@1728] GR3D_FREQ 87% cpu@58.218C soc2@55.843C soc0@57.593C gpu@59.75C tj@59.75C soc1@57.5C VDD_IN 10800mW/9765mW VDD_CPU_GPU_CV 3354mW/2789mW VDD_SOC 4040mW/3790mW
08-01-2026 20:42:58 RAM 3000/7620MB (lfb 6x4MB) SWAP 0/3810MB (cached 0MB) CPU [1%@729,0%@729,0%@729,0%@729,0%@729,88%@729] GR3D_FREQ 99% cpu@58.25C soc2@55.843C soc0@57.75C gpu@60.093C tj@60.093C soc1@57.531C VDD_IN 11240mW/9766mW VDD_CPU_GPU_CV 3747mW/2790mW VDD_SOC 4153mW/3791mW
08-01-2026 20:42:59 RAM 3000/7620MB (lfb 6x4MB) SWAP 0/3810MB (cached 0MB) CPU [1%@729,0%@729,0%@729,0%@729,0%@1574,90%@1574] GR3D_FREQ 66% cpu@58.062C soc2@55.875C soc0@57.625C gpu@59.781C tj@59.781C soc1@57.5C VDD_IN 11240mW/9766mW VDD_CPU_GPU_CV 3628mW/2790mW VDD_SOC 4153mW/3791mW
08-01-2026 20:43:00 RAM 3000/7620MB (lfb 6x4MB) SWAP 0/3810MB (cached 0MB) CPU [2%@729,0%@729,0%@729,0%@729,0%@1651,91%@1651] GR3D_FREQ 38% cpu@58.187C soc2@55.937C soc0@57.562C gpu@59.218C tj@59.218C soc1@57.625C VDD_IN 11440mW/9767mW VDD_CPU_GPU_CV 3747mW/2791mW VDD_SOC 4153mW/3791mW
08-01-2026 20:43:01 RAM 3000/7620MB (lfb 6x4MB) SWAP 0/3810MB (cached 0MB) CPU [1%@729,0%@729,0%@729,0%@729,0%@1574,89%@1574] GR3D_FREQ 42% cpu@57.937C soc2@55.968C soc0@57.562C gpu@59.093C tj@59.093C soc1@57.687C VDD_IN 11280mW/9768mW VDD_CPU_GPU_CV 3588mW/2791mW VDD_SOC 4153mW/3791mW
08-01-2026 20:43:02 RAM 3000/7620MB (lfb 6x4MB) SWAP 0/3810MB (cached 0MB) CPU [1%@729,1%@729,1%@729,0%@729,0%@1728,91%@1728] GR3D_FREQ 44% cpu@58C soc2@55.781C soc0@57.687C gpu@59.062C tj@59.062C soc1@57.5C VDD_IN 11440mW/9769mW VDD_CPU_GPU_CV 3827mW/2792mW VDD_SOC 4153mW/3791mW
08-01-2026 20:43:03 RAM 3000/7620MB (lfb 6x4MB) SWAP 0/3810MB (cached 0MB) CPU [2%@729,0%@729,1%@729,0%@729,0%@1728,89%@1728] GR3D_FREQ 41% cpu@58.031C soc2@55.812C soc0@57.5C gpu@58.968C tj@58.968C soc1@57.593C VDD_IN 11200mW/9770mW VDD_CPU_GPU_CV 3588mW/2792mW VDD_SOC 4113mW/3792mW
08-01-2026 20:43:04 RAM 3000/7620MB (lfb 6x4MB) SWAP 0/3810MB (cached 0MB) CPU [0%@729,2%@729,0%@729,0%@729,0%@1728,90%@1728] GR3D_FREQ 22% cpu@58C soc2@55.937C soc0@57.5C gpu@58.875C tj@58.875C soc1@57.593C VDD_IN 11160mW/9771mW VDD_CPU_GPU_CV 3548mW/2793mW VDD_SOC 4113mW/3792mW
08-01-2026 20:43:05 RAM 3000/7620MB (lfb 6x4MB) SWAP 0/3810MB (cached 0MB) CPU [0%@729,0%@729,0%@729,0%@729,0%@1728,90%@1728] GR3D_FREQ 23% cpu@58.156C soc2@55.812C soc0@57.5C gpu@59.125C tj@59.125C soc1@57.5C VDD_IN 10960mW/9772mW VDD_CPU_GPU_CV 3508mW/2793mW VDD_SOC 4080mW/3792mW
08-01-2026 20:43:06 RAM 3000/7620MB (lfb 6x4MB) SWAP 0/3810MB (cached 0MB) CPU [1%@729,0%@729,0%@729,0%@729,0%@1728,88%@1728] GR3D_FREQ 24% cpu@57.75C soc2@55.875C soc0@57.75C gpu@59.125C tj@59.125C soc1@57.468C VDD_IN 10640mW/9772mW VDD_CPU_GPU_CV 3154mW/2793mW VDD_SOC 4080mW/3792mW
08-01-2026 20:43:07 RAM 3000/7620MB (lfb 6x4MB) SWAP 0/3810MB (cached 0MB) CPU [2%@729,0%@729,0%@729,1%@729,0%@1728,90%@1728] GR3D_FREQ 24% cpu@57.875C soc2@55.875C soc0@57.718C gpu@58.687C tj@58.687C soc1@57.5C VDD_IN 10960mW/9773mW VDD_CPU_GPU_CV 3514mW/2794mW VDD_SOC 4080mW/3792mW
08-01-2026 20:43:08 RAM 3000/7620MB (lfb 6x4MB) SWAP 0/3810MB (cached 0MB) CPU [1%@729,0%@729,0%@729,0%@729,0%@1728,89%@1728] GR3D_FREQ 24% cpu@57.968C soc2@55.812C soc0@57.562C gpu@58.593C tj@58.593C soc1@57.531C VDD_IN 10840mW/9773mW VDD_CPU_GPU_CV 3434mW/2794mW VDD_SOC 4040mW/3792mW
08-01-2026 20:43:09 RAM 3000/7620MB (lfb 6x4MB) SWAP 0/3810MB (cached 0MB) CPU [1%@729,1%@729,0%@729,0%@729,24%@1728,67%@1728] GR3D_FREQ 23% cpu@58.312C soc2@55.843C soc0@57.656C gpu@58.75C tj@58.75C soc1@57.531C VDD_IN 10880mW/9774mW VDD_CPU_GPU_CV 3514mW/2794mW VDD_SOC 4040mW/3793mW
08-01-2026 20:43:10 RAM 3000/7620MB (lfb 6x4MB) SWAP 0/3810MB (cached 0MB) CPU [1%@729,1%@729,1%@729,0%@729,90%@1728,0%@1728] GR3D_FREQ 24% cpu@58.093C soc2@55.968C soc0@57.625C gpu@58.781C tj@58.781C soc1@57.656C VDD_IN 10720mW/9774mW VDD_CPU_GPU_CV 3314mW/2795mW VDD_SOC 4000mW/3793mW
08-01-2026 20:43:11 RAM 3000/7620MB (lfb 6x4MB) SWAP 0/3810MB (cached 0MB) CPU [1%@729,0%@729,0%@729,0%@729,92%@1728,0%@1728] GR3D_FREQ 24% cpu@58.062C soc2@55.781C soc0@57.687C gpu@58.781C tj@58.781C soc1@57.468C VDD_IN 10640mW/9775mW VDD_CPU_GPU_CV 3354mW/2795mW VDD_SOC 4000mW/3793mW
08-01-2026 20:43:12 RAM 3000/7620MB (lfb 6x4MB) SWAP 0/3810MB (cached 0MB) CPU [1%@729,1%@729,0%@729,1%@729,90%@1728,0%@1728] GR3D_FREQ 30% cpu@58.25C soc2@55.812C soc0@57.562C gpu@58.718C tj@58.718C soc1@57.531C VDD_IN 10456mW/9775mW VDD_CPU_GPU_CV 3194mW/2795mW VDD_SOC 3960mW/3793mW
08-01-2026 20:43:13 RAM 3000/7620MB (lfb 6x4MB) SWAP 0/3810MB (cached 0MB) CPU [2%@729,0%@729,0%@729,0%@729,91%@1728,0%@1728] GR3D_FREQ 28% cpu@58.375C soc2@55.812C soc0@57.625C gpu@58.5C tj@58.5C soc1@57.562C VDD_IN 10416mW/9776mW VDD_CPU_GPU_CV 3154mW/2795mW VDD_SOC 3960mW/3793mW
08-01-2026 20:43:14 RAM 3000/7620MB (lfb 6x4MB) SWAP 0/3810MB (cached 0MB) CPU [1%@729,1%@729,0%@729,0%@729,90%@1728,0%@1728] GR3D_FREQ 30% cpu@58.125C soc2@55.875C soc0@57.562C gpu@58.562C tj@58.562C soc1@57.562C VDD_IN 10296mW/9776mW VDD_CPU_GPU_CV 3115mW/2796mW VDD_SOC 3920mW/3793mW
08-01-2026 20:43:15 RAM 2999/7620MB (lfb 6x4MB) SWAP 0/3810MB (cached 0MB) CPU [1%@729,1%@729,0%@729,0%@729,89%@1728,0%@1728] GR3D_FREQ 30% cpu@58.156C soc2@55.875C soc0@57.718C gpu@58.531C tj@58.531C soc1@57.468C VDD_IN 10336mW/9776mW VDD_CPU_GPU_CV 3075mW/2796mW VDD_SOC 3920mW/3793mW
08-01-2026 20:43:16 RAM 2999/7620MB (lfb 6x4MB) SWAP 0/3810MB (cached 0MB) CPU [1%@729,0%@729,1%@729,0%@729,92%@1728,0%@1728] GR3D_FREQ 30% cpu@58.125C soc2@55.781C soc0@57.562C gpu@58.562C tj@58.562C soc1@57.468C VDD_IN 10216mW/9777mW VDD_CPU_GPU_CV 3075mW/2796mW VDD_SOC 3920mW/3793mW
08-01-2026 20:43:17 RAM 2999/7620MB (lfb 6x4MB) SWAP 0/3810MB (cached 0MB) CPU [0%@729,1%@729,0%@729,0%@729,91%@1728,0%@1728] GR3D_FREQ 30% cpu@58.156C soc2@55.843C soc0@57.593C gpu@58.562C tj@58.562C soc1@57.593C VDD_IN 10176mW/9777mW VDD_CPU_GPU_CV 3035mW/2796mW VDD_SOC 3880mW/3793mW
08-01-2026 20:43:18 RAM 2999/7620MB (lfb 6x4MB) SWAP 0/3810MB (cached 0MB) CPU [3%@729,0%@729,0%@729,1%@729,90%@1728,0%@1728] GR3D_FREQ 28% cpu@58.375C soc2@55.812C soc0@57.562C gpu@58.781C tj@58.781C soc1@57.531C VDD_IN 10096mW/9777mW VDD_CPU_GPU_CV 2955mW/2796mW VDD_SOC 3880mW/3793mW
08-01-2026 20:43:19 RAM 2999/7620MB (lfb 6x4MB) SWAP 0/3810MB (cached 0MB) CPU [1%@729,0%@729,1%@729,0%@729,91%@1728,0%@1728] GR3D_FREQ 30% cpu@57.968C soc2@55.812C soc0@57.593C gpu@58.75C tj@58.75C soc1@57.562C VDD_IN 10056mW/9777mW VDD_CPU_GPU_CV 2960mW/2796mW VDD_SOC 3840mW/3793mW
08-01-2026 20:43:20 RAM 2999/7620MB (lfb 6x4MB) SWAP 0/3810MB (cached 0MB) CPU [2%@729,0%@729,0%@729,0%@729,47%@1728,44%@1728] GR3D_FREQ 29% cpu@57.875C soc2@55.812C soc0@57.531C gpu@58.75C tj@58.75C soc1@57.468C VDD_IN 9975mW/9777mW VDD_CPU_GPU_CV 2960mW/2796mW VDD_SOC 3846mW/3793mW
08-01-2026 20:43:21 RAM 2999/7620MB (lfb 6x4MB) SWAP 0/3810MB (cached 0MB) CPU [1%@729,0%@729,0%@729,0%@729,0%@1728,89%@1728] GR3D_FREQ 30% cpu@57.843C soc2@55.75C soc0@57.75C gpu@58.718C tj@58.718C soc1@57.562C VDD_IN 9895mW/9777mW VDD_CPU_GPU_CV 2880mW/2796mW VDD_SOC 3846mW/3793mW
08-01-2026 20:43:22 RAM 2999/7620MB (lfb 6x4MB) SWAP 0/3810MB (cached 0MB) CPU [0%@729,0%@729,1%@729,0%@729,0%@1728,91%@1728] GR3D_FREQ 28% cpu@58.031C soc2@55.812C soc0@57.593C gpu@58.781C tj@58.781C soc1@57.531C VDD_IN 9895mW/9777mW VDD_CPU_GPU_CV 2920mW/2796mW VDD_SOC 3806mW/3793mW
08-01-2026 20:43:23 RAM 2999/7620MB (lfb 6x4MB) SWAP 0/3810MB (cached 0MB) CPU [2%@729,0%@729,0%@729,0%@729,0%@1728,90%@1728] GR3D_FREQ 30% cpu@58C soc2@55.843C soc0@57.531C gpu@58.562C tj@58.562C soc1@57.531C VDD_IN 9815mW/9777mW VDD_CPU_GPU_CV 2800mW/2796mW VDD_SOC 3806mW/3793mW
08-01-2026 20:43:24 RAM 2999/7620MB (lfb 6x4MB) SWAP 0/3810MB (cached 0MB) CPU [1%@729,1%@729,0%@729,1%@729,0%@1728,91%@1728] GR3D_FREQ 30% cpu@57.75C soc2@55.812C soc0@57.625C gpu@58.562C tj@58.562C soc1@57.625C VDD_IN 9815mW/9777mW VDD_CPU_GPU_CV 2840mW/2796mW VDD_SOC 3806mW/3793mW
08-01-2026 20:43:25 RAM 2999/7620MB (lfb 6x4MB) SWAP 0/3810MB (cached 0MB) CPU [1%@729,0%@729,0%@729,0%@729,0%@1728,91%@1728] GR3D_FREQ 30% cpu@57.812C soc2@55.812C soc0@57.625C gpu@58.562C tj@58.562C soc1@57.531C VDD_IN 9655mW/9777mW VDD_CPU_GPU_CV 2760mW/2796mW VDD_SOC 3766mW/3793mW
08-01-2026 20:43:26 RAM 2999/7620MB (lfb 6x4MB) SWAP 0/3810MB (cached 0MB) CPU [3%@729,0%@729,0%@729,0%@729,0%@1728,90%@1728] GR3D_FREQ 30% cpu@57.875C soc2@55.75C soc0@57.718C gpu@58.5C tj@58.5C soc1@57.593C VDD_IN 9655mW/9777mW VDD_CPU_GPU_CV 2720mW/2796mW VDD_SOC 3766mW/3793mW
08-01-2026 20:43:27 RAM 2999/7620MB (lfb 6x4MB) SWAP 0/3810MB (cached 0MB) CPU [1%@729,0%@729,0%@729,0%@729,0%@1728,91%@1728] GR3D_FREQ 30% cpu@57.906C soc2@55.812C soc0@57.5C gpu@58.5C tj@58.5C soc1@57.468C VDD_IN 9615mW/9777mW VDD_CPU_GPU_CV 2680mW/2796mW VDD_SOC 3766mW/3793mW
08-01-2026 20:43:28 RAM 2999/7620MB (lfb 6x4MB) SWAP 0/3810MB (cached 0MB) CPU [2%@729,0%@729,0%@729,0%@729,0%@1728,90%@1728] GR3D_FREQ 34% cpu@58C soc2@55.812C soc0@57.5C gpu@58.468C tj@58.468C soc1@57.625C VDD_IN 9575mW/9777mW VDD_CPU_GPU_CV 2640mW/2796mW VDD_SOC 3725mW/3793mW
08-01-2026 20:43:29 RAM 2999/7620MB (lfb 6x4MB) SWAP 0/3810MB (cached 0MB) CPU [1%@729,0%@729,0%@729,0%@729,0%@1728,90%@1728] GR3D_FREQ 40% cpu@57.718C soc2@55.812C soc0@57.656C gpu@58.875C tj@58.875C soc1@57.687C VDD_IN 9495mW/9777mW VDD_CPU_GPU_CV 2640mW/2796mW VDD_SOC 3725mW/3793mW
08-01-2026 20:43:30 RAM 2999/7620MB (lfb 6x4MB) SWAP 0/3810MB (cached 0MB) CPU [2%@729,0%@729,0%@729,0%@729,0%@1728,90%@1728] GR3D_FREQ 40% cpu@57.875C soc2@55.75C soc0@57.625C gpu@58.781C tj@58.781C soc1@57.5C VDD_IN 9430mW/9777mW VDD_CPU_GPU_CV 2560mW/2796mW VDD_SOC 3725mW/3793mW
08-01-2026 20:43:31 RAM 2999/7620MB (lfb 6x4MB) SWAP 0/3810MB (cached 0MB) CPU [1%@729,1%@729,0%@729,0%@729,0%@1728,89%@1728] GR3D_FREQ 40% cpu@57.843C soc2@55.812C soc0@57.687C gpu@58.875C tj@58.875C soc1@57.531C VDD_IN 9430mW/9776mW VDD_CPU_GPU_CV 2560mW/2796mW VDD_SOC 3725mW/3793mW
08-01-2026 20:43:32 RAM 2999/7620MB (lfb 6x4MB) SWAP 0/3810MB (cached 0MB) CPU [1%@729,0%@729,0%@729,0%@729,0%@1728,92%@1728] GR3D_FREQ 38% cpu@58.093C soc2@55.812C soc0@57.593C gpu@58.343C tj@58.343C soc1@57.5C VDD_IN 9349mW/9776mW VDD_CPU_GPU_CV 2520mW/2796mW VDD_SOC 3685mW/3793mW
08-01-2026 20:43:33 RAM 2999/7620MB (lfb 6x4MB) SWAP 0/3810MB (cached 0MB) CPU [2%@729,1%@729,0%@729,0%@729,0%@1728,89%@1728] GR3D_FREQ 38% cpu@58C soc2@55.718C soc0@57.531C gpu@58.343C tj@58.343C soc1@57.562C VDD_IN 9349mW/9776mW VDD_CPU_GPU_CV 2520mW/2796mW VDD_SOC 3685mW/3793mW
08-01-2026 20:43:34 RAM 2999/7620MB (lfb 6x4MB) SWAP 0/3810MB (cached 0MB) CPU [1%@729,0%@729,0%@729,0%@729,0%@1728,90%@1728] GR3D_FREQ 40% cpu@57.843C soc2@55.75C soc0@57.625C gpu@58.5C tj@58.5C soc1@57.531C VDD_IN 9349mW/9776mW VDD_CPU_GPU_CV 2520mW/2795mW VDD_SOC 3685mW/3793mW
08-01-2026 20:43:35 RAM 2999/7620MB (lfb 6x4MB) SWAP 0/3810MB (cached 0MB) CPU [1%@729,1%@729,0%@729,0%@729,0%@1728,91%@1728] GR3D_FREQ 40% cpu@57.75C soc2@55.781C soc0@57.687C gpu@58.5C tj@58.5C soc1@57.468C VDD_IN 9269mW/9775mW VDD_CPU_GPU_CV 2480mW/2795mW VDD_SOC 3685mW/3793mW
08-01-2026 20:43:36 RAM 3000/7620MB (lfb 6x4MB) SWAP 0/3810MB (cached 0MB) CPU [2%@729,0%@729,0%@729,1%@729,0%@1728,90%@1728] GR3D_FREQ 37% cpu@57.875C soc2@55.812C soc0@57.5C gpu@58.562C tj@58.562C soc1@57.531C VDD_IN 9229mW/9775mW VDD_CPU_GPU_CV 2440mW/2795mW VDD_SOC 3685mW/3793mW
08-01-2026 20:43:37 RAM 3000/7620MB (lfb 6x4MB) SWAP 0/3810MB (cached 0MB) CPU [0%@1728,0%@1728,0%@1728,77%@1728,0%@729,12%@729] GR3D_FREQ 37% cpu@58.093C soc2@55.843C soc0@57.718C gpu@58.531C tj@58.531C soc1@57.562C VDD_IN 9189mW/9775mW VDD_CPU_GPU_CV 2443mW/2795mW VDD_SOC 3685mW/3793mW
08-01-2026 20:43:38 RAM 3000/7620MB (lfb 6x4MB) SWAP 0/3810MB (cached 0MB) CPU [69%@729,0%@729,0%@729,12%@729,9%@1728,0%@1728] GR3D_FREQ 38% cpu@58.25C soc2@55.843C soc0@57.5C gpu@58.593C tj@58.593C soc1@57.593C VDD_IN 9028mW/9774mW VDD_CPU_GPU_CV 2443mW/2795mW VDD_SOC 3645mW/3793mW
08-01-2026 20:43:39 RAM 3000/7620MB (lfb 6x4MB) SWAP 0/3810MB (cached 0MB) CPU [74%@1728,1%@1728,1%@1728,0%@1728,16%@729,0%@729] GR3D_FREQ 37% cpu@57.968C soc2@56.062C soc0@57.656C gpu@58.531C tj@58.531C soc1@57.593C VDD_IN 9068mW/9774mW VDD_CPU_GPU_CV 2363mW/2794mW VDD_SOC 3685mW/3793mW
08-01-2026 20:43:41 RAM 3000/7620MB (lfb 6x4MB) SWAP 0/3810MB (cached 0MB) CPU [64%@729,0%@729,0%@729,0%@729,26%@1728,0%@1728] GR3D_FREQ 37% cpu@57.968C soc2@55.718C soc0@57.687C gpu@58.5C tj@58.5C soc1@57.531C VDD_IN 9068mW/9774mW VDD_CPU_GPU_CV 2360mW/2794mW VDD_SOC 3685mW/3793mW
08-01-2026 20:43:42 RAM 3000/7620MB (lfb 6x4MB) SWAP 0/3810MB (cached 0MB) CPU [0%@729,0%@729,1%@729,1%@729,90%@1728,0%@1728] GR3D_FREQ 39% cpu@58.218C soc2@55.75C soc0@57.531C gpu@58.437C tj@58.437C soc1@57.531C VDD_IN 9149mW/9773mW VDD_CPU_GPU_CV 2440mW/2794mW VDD_SOC 3685mW/3793mW
08-01-2026 20:43:43 RAM 3000/7620MB (lfb 6x4MB) SWAP 0/3810MB (cached 0MB) CPU [2%@729,0%@729,1%@729,0%@729,90%@1728,0%@1728] GR3D_FREQ 40% cpu@58C soc2@55.781C soc0@57.593C gpu@58.343C tj@58.343C soc1@57.625C VDD_IN 9149mW/9773mW VDD_CPU_GPU_CV 2443mW/2794mW VDD_SOC 3645mW/3793mW
08-01-2026 20:43:44 RAM 3000/7620MB (lfb 6x4MB) SWAP 0/3810MB (cached 0MB) CPU [0%@729,1%@729,1%@729,0%@729,90%@1728,0%@1728] GR3D_FREQ 39% cpu@58.406C soc2@55.812C soc0@57.562C gpu@58.375C tj@58.406C soc1@57.593C VDD_IN 9149mW/9773mW VDD_CPU_GPU_CV 2403mW/2794mW VDD_SOC 3645mW/3792mW
08-01-2026 20:43:45 RAM 3000/7620MB (lfb 6x4MB) SWAP 0/3810MB (cached 0MB) CPU [2%@729,0%@729,0%@729,0%@729,91%@1728,0%@1728] GR3D_FREQ 37% cpu@58.125C soc2@55.843C soc0@57.562C gpu@58.406C tj@58.406C soc1@57.593C VDD_IN 9068mW/9772mW VDD_CPU_GPU_CV 2363mW/2793mW VDD_SOC 3645mW/3792mW
08-01-2026 20:43:46 RAM 3000/7620MB (lfb 6x4MB) SWAP 0/3810MB (cached 0MB) CPU [1%@1728,0%@1728,0%@1728,79%@1728,11%@729,0%@729] GR3D_FREQ 40% cpu@58.031C soc2@55.75C soc0@57.593C gpu@58.437C tj@58.437C soc1@57.562C VDD_IN 9028mW/9772mW VDD_CPU_GPU_CV 2323mW/2793mW VDD_SOC 3645mW/3792mW
08-01-2026 20:43:47 RAM 3000/7620MB (lfb 6x4MB) SWAP 0/3810MB (cached 0MB) CPU [1%@1728,86%@1728,1%@1728,4%@1728,1%@729,0%@729] GR3D_FREQ 38% cpu@58C soc2@55.781C soc0@57.593C gpu@58.375C tj@58.375C soc1@57.531C VDD_IN 9068mW/9771mW VDD_CPU_GPU_CV 2363mW/2793mW VDD_SOC 3645mW/3792mW
08-01-2026 20:43:48 RAM 3000/7620MB (lfb 6x4MB) SWAP 0/3810MB (cached 0MB) CPU [1%@1728,89%@1728,0%@1728,0%@1728,0%@729,0%@729] GR3D_FREQ 39% cpu@58.218C soc2@55.812C soc0@57.625C gpu@58.406C tj@58.406C soc1@57.562C VDD_IN 9068mW/9771mW VDD_CPU_GPU_CV 2323mW/2793mW VDD_SOC 3645mW/3792mW
08-01-2026 20:43:49 RAM 3000/7620MB (lfb 6x4MB) SWAP 0/3810MB (cached 0MB) CPU [1%@1728,2%@1728,0%@1728,88%@1728,0%@729,0%@729] GR3D_FREQ 38% cpu@58.218C soc2@55.75C soc0@57.531C gpu@58.406C tj@58.406C soc1@57.625C VDD_IN 9028mW/9771mW VDD_CPU_GPU_CV 2323mW/2792mW VDD_SOC 3645mW/3792mW
08-01-2026 20:43:50 RAM 3000/7620MB (lfb 6x4MB) SWAP 0/3810MB (cached 0MB) CPU [89%@1728,0%@1728,0%@1728,0%@1728,0%@729,0%@729] GR3D_FREQ 38% cpu@57.937C soc2@56C soc0@57.593C gpu@58.687C tj@58.687C soc1@57.687C VDD_IN 9028mW/9770mW VDD_CPU_GPU_CV 2283mW/2792mW VDD_SOC 3645mW/3792mW
08-01-2026 20:43:51 RAM 3000/7620MB (lfb 6x4MB) SWAP 0/3810MB (cached 0MB) CPU [2%@1728,88%@1728,0%@1728,0%@1728,0%@729,0%@729] GR3D_FREQ 40% cpu@57.906C soc2@55.781C soc0@57.656C gpu@58.75C tj@58.75C soc1@57.656C VDD_IN 9028mW/9770mW VDD_CPU_GPU_CV 2323mW/2792mW VDD_SOC 3645mW/3792mW
08-01-2026 20:43:52 RAM 3000/7620MB (lfb 6x4MB) SWAP 0/3810MB (cached 0MB) CPU [1%@1728,87%@1728,1%@1728,0%@1728,0%@729,0%@729] GR3D_FREQ 39% cpu@58.062C soc2@55.812C soc0@57.75C gpu@58.687C tj@58.687C soc1@57.562C VDD_IN 8948mW/9769mW VDD_CPU_GPU_CV 2283mW/2791mW VDD_SOC 3645mW/3792mW
08-01-2026 20:43:53 RAM 3000/7620MB (lfb 6x4MB) SWAP 0/3810MB (cached 0MB) CPU [1%@1728,90%@1728,0%@1728,0%@1728,0%@729,0%@729] GR3D_FREQ 39% cpu@57.937C soc2@55.781C soc0@57.531C gpu@58.781C tj@58.781C soc1@57.531C VDD_IN 9028mW/9769mW VDD_CPU_GPU_CV 2323mW/2791mW VDD_SOC 3645mW/3792mW
08-01-2026 20:43:54 RAM 3000/7620MB (lfb 6x4MB) SWAP 0/3810MB (cached 0MB) CPU [1%@1728,90%@1728,2%@1728,0%@1728,0%@729,0%@729] GR3D_FREQ 40% cpu@58.062C soc2@55.875C soc0@57.593C gpu@58.781C tj@58.781C soc1@57.531C VDD_IN 9068mW/9769mW VDD_CPU_GPU_CV 2283mW/2791mW VDD_SOC 3605mW/3792mW
08-01-2026 20:43:55 RAM 3000/7620MB (lfb 6x4MB) SWAP 0/3810MB (cached 0MB) CPU [1%@1728,90%@1728,1%@1728,0%@1728,0%@729,0%@729] GR3D_FREQ 40% cpu@57.906C soc2@55.812C soc0@57.625C gpu@58.375C tj@58.375C soc1@57.593C VDD_IN 9028mW/9768mW VDD_CPU_GPU_CV 2323mW/2791mW VDD_SOC 3645mW/3792mW
08-01-2026 20:43:56 RAM 3000/7620MB (lfb 6x4MB) SWAP 0/3810MB (cached 0MB) CPU [1%@1728,91%@1728,0%@1728,0%@1728,0%@729,0%@729] GR3D_FREQ 82% cpu@57.906C soc2@55.906C soc0@57.656C gpu@58.562C tj@58.562C soc1@57.656C VDD_IN 9149mW/9768mW VDD_CPU_GPU_CV 2400mW/2790mW VDD_SOC 3685mW/3791mW
08-01-2026 20:43:57 RAM 3000/7620MB (lfb 6x4MB) SWAP 0/3810MB (cached 0MB) CPU [0%@1728,89%@1728,0%@1728,0%@1728,0%@729,0%@729] GR3D_FREQ 94% cpu@57.781C soc2@55.812C soc0@57.687C gpu@58.625C tj@58.625C soc1@57.5C VDD_IN 9269mW/9768mW VDD_CPU_GPU_CV 2440mW/2790mW VDD_SOC 3685mW/3791mW
08-01-2026 20:43:58 RAM 3000/7620MB (lfb 6x4MB) SWAP 0/3810MB (cached 0MB) CPU [1%@1728,87%@1728,0%@1728,0%@1728,0%@729,0%@729] GR3D_FREQ 39% cpu@57.906C soc2@55.875C soc0@57.687C gpu@58.562C tj@58.562C soc1@57.562C VDD_IN 8948mW/9767mW VDD_CPU_GPU_CV 2283mW/2790mW VDD_SOC 3645mW/3791mW
08-01-2026 20:43:59 RAM 3000/7620MB (lfb 6x4MB) SWAP 0/3810MB (cached 0MB) CPU [1%@1728,88%@1728,0%@1728,0%@1728,0%@729,0%@729] GR3D_FREQ 40% cpu@57.906C soc2@55.812C soc0@57.593C gpu@58.25C tj@58.25C soc1@57.593C VDD_IN 8908mW/9767mW VDD_CPU_GPU_CV 2243mW/2790mW VDD_SOC 3605mW/3791mW
08-01-2026 20:44:00 RAM 3000/7620MB (lfb 6x4MB) SWAP 0/3810MB (cached 0MB) CPU [1%@1728,89%@1728,0%@1728,0%@1728,0%@729,0%@729] GR3D_FREQ 24% cpu@57.781C soc2@55.812C soc0@57.5C gpu@58.375C tj@58.375C soc1@57.625C VDD_IN 8988mW/9766mW VDD_CPU_GPU_CV 2323mW/2789mW VDD_SOC 3645mW/3791mW
08-01-2026 20:44:01 RAM 3000/7620MB (lfb 6x4MB) SWAP 0/3810MB (cached 0MB) CPU [86%@1728,2%@1728,0%@1728,0%@1728,0%@729,0%@729] GR3D_FREQ 38% cpu@58.156C soc2@55.906C soc0@57.656C gpu@58.281C tj@58.281C soc1@57.593C VDD_IN 8948mW/9766mW VDD_CPU_GPU_CV 2203mW/2789mW VDD_SOC 3645mW/3791mW
08-01-2026 20:44:02 RAM 3000/7620MB (lfb 6x4MB) SWAP 0/3810MB (cached 0MB) CPU [91%@1728,0%@1728,0%@1728,0%@1728,0%@729,0%@729] GR3D_FREQ 38% cpu@58C soc2@55.875C soc0@57.625C gpu@58.312C tj@58.312C soc1@57.656C VDD_IN 9028mW/9765mW VDD_CPU_GPU_CV 2283mW/2789mW VDD_SOC 3605mW/3791mW
08-01-2026 20:44:03 RAM 3000/7620MB (lfb 6x4MB) SWAP 0/3810MB (cached 0MB) CPU [90%@1728,0%@1728,0%@1728,0%@1728,0%@729,0%@729] GR3D_FREQ 39% cpu@58.062C soc2@55.812C soc0@57.5C gpu@58.5C tj@58.5C soc1@57.5C VDD_IN 8908mW/9765mW VDD_CPU_GPU_CV 2283mW/2789mW VDD_SOC 3651mW/3791mW
08-01-2026 20:44:04 RAM 3000/7620MB (lfb 6x4MB) SWAP 0/3810MB (cached 0MB) CPU [90%@1728,1%@1728,0%@1728,0%@1728,0%@729,0%@729] GR3D_FREQ 39% cpu@58.125C soc2@55.875C soc0@57.593C gpu@58.5C tj@58.5C soc1@57.5C VDD_IN 9028mW/9764mW VDD_CPU_GPU_CV 2283mW/2788mW VDD_SOC 3645mW/3791mW
08-01-2026 20:44:05 RAM 3000/7620MB (lfb 6x4MB) SWAP 0/3810MB (cached 0MB) CPU [91%@1728,1%@1728,0%@1728,0%@1728,0%@729,0%@729] GR3D_FREQ 39% cpu@58.031C soc2@55.937C soc0@57.468C gpu@58.5C tj@58.5C soc1@57.593C VDD_IN 9028mW/9764mW VDD_CPU_GPU_CV 2283mW/2788mW VDD_SOC 3645mW/3791mW
08-01-2026 20:44:06 RAM 3000/7620MB (lfb 6x4MB) SWAP 0/3810MB (cached 0MB) CPU [56%@729,0%@729,1%@729,0%@729,36%@1728,0%@1728] GR3D_FREQ 39% cpu@57.937C soc2@55.812C soc0@57.531C gpu@58.593C tj@58.593C soc1@57.625C VDD_IN 8988mW/9764mW VDD_CPU_GPU_CV 2283mW/2788mW VDD_SOC 3645mW/3791mW
08-01-2026 20:44:07 RAM 3000/7620MB (lfb 6x4MB) SWAP 0/3810MB (cached 0MB) CPU [1%@729,1%@729,0%@729,0%@729,90%@1728,0%@1728] GR3D_FREQ 26% cpu@58.031C soc2@55.812C soc0@57.562C gpu@58.718C tj@58.718C soc1@57.593C VDD_IN 9068mW/9763mW VDD_CPU_GPU_CV 2363mW/2787mW VDD_SOC 3645mW/3791mW
08-01-2026 20:44:08 RAM 3000/7620MB (lfb 6x4MB) SWAP 0/3810MB (cached 0MB) CPU [0%@729,1%@729,1%@729,0%@729,90%@1728,0%@1728] GR3D_FREQ 80% cpu@58.125C soc2@55.718C soc0@57.625C gpu@58.875C tj@58.875C soc1@57.593C VDD_IN 9149mW/9763mW VDD_CPU_GPU_CV 2403mW/2787mW VDD_SOC 3685mW/3791mW
08-01-2026 20:44:09 RAM 3000/7620MB (lfb 6x4MB) SWAP 0/3810MB (cached 0MB) CPU [0%@729,0%@729,1%@729,0%@729,88%@1728,0%@1728] GR3D_FREQ 99% cpu@57.968C soc2@55.718C soc0@57.5C gpu@58.593C tj@58.593C soc1@57.5C VDD_IN 9229mW/9763mW VDD_CPU_GPU_CV 2440mW/2787mW VDD_SOC 3685mW/3790mW
08-01-2026 20:44:10 RAM 3000/7620MB (lfb 6x4MB) SWAP 0/3810MB (cached 0MB) CPU [3%@729,0%@729,0%@729,0%@729,89%@1728,0%@1728] GR3D_FREQ 99% cpu@58C soc2@55.75C soc0@57.5C gpu@58.656C tj@58.656C soc1@57.531C VDD_IN 9309mW/9762mW VDD_CPU_GPU_CV 2480mW/2787mW VDD_SOC 3685mW/3790mW
08-01-2026 20:44:11 RAM 3000/7620MB (lfb 6x4MB) SWAP 0/3810MB (cached 0MB) CPU [0%@729,0%@729,2%@729,1%@729,86%@1497,3%@1497] GR3D_FREQ 99% cpu@57.906C soc2@55.718C soc0@57.562C gpu@58.875C tj@58.875C soc1@57.531C VDD_IN 9415mW/9762mW VDD_CPU_GPU_CV 2560mW/2787mW VDD_SOC 3766mW/3790mW
08-01-2026 20:44:12 RAM 3000/7620MB (lfb 6x4MB) SWAP 0/3810MB (cached 0MB) CPU [1%@729,0%@729,0%@729,1%@729,0%@1651,88%@1651] GR3D_FREQ 99% cpu@57.875C soc2@55.843C soc0@57.625C gpu@59.093C tj@59.093C soc1@57.656C VDD_IN 9815mW/9762mW VDD_CPU_GPU_CV 2760mW/2787mW VDD_SOC 3806mW/3790mW
08-01-2026 20:44:13 RAM 3000/7620MB (lfb 6x4MB) SWAP 0/3810MB (cached 0MB) CPU [1%@729,0%@729,0%@729,0%@729,0%@729,88%@729] GR3D_FREQ 99% cpu@57.812C soc2@55.812C soc0@57.656C gpu@59.125C tj@59.125C soc1@57.5C VDD_IN 9935mW/9762mW VDD_CPU_GPU_CV 2880mW/2787mW VDD_SOC 3886mW/3790mW
08-01-2026 20:44:14 RAM 3000/7620MB (lfb 6x4MB) SWAP 0/3810MB (cached 0MB) CPU [1%@729,0%@729,0%@729,0%@729,0%@1728,91%@1728] GR3D_FREQ 84% cpu@58.062C soc2@55.812C soc0@57.375C gpu@59.718C tj@59.718C soc1@57.531C VDD_IN 10416mW/9763mW VDD_CPU_GPU_CV 3194mW/2787mW VDD_SOC 3960mW/3791mW
08-01-2026 20:44:15 RAM 3000/7620MB (lfb 6x4MB) SWAP 0/3810MB (cached 0MB) CPU [2%@729,2%@729,1%@729,1%@729,0%@1036,88%@1036] GR3D_FREQ 99% cpu@58.281C soc2@55.843C soc0@57.406C gpu@59.843C tj@59.843C soc1@57.562C VDD_IN 10720mW/9763mW VDD_CPU_GPU_CV 3354mW/2787mW VDD_SOC 4080mW/3791mW
08-01-2026 20:44:16 RAM 3000/7620MB (lfb 6x4MB) SWAP 0/3810MB (cached 0MB) CPU [1%@729,0%@729,0%@729,2%@729,0%@883,89%@883] GR3D_FREQ 99% cpu@58.031C soc2@56C soc0@57.562C gpu@60.062C tj@60.062C soc1@57.562C VDD_IN 11040mW/9764mW VDD_CPU_GPU_CV 3474mW/2788mW VDD_SOC 4113mW/3791mW
08-01-2026 20:44:17 RAM 3000/7620MB (lfb 6x4MB) SWAP 0/3810MB (cached 0MB) CPU [1%@729,0%@729,0%@729,0%@729,0%@1651,89%@1651] GR3D_FREQ 85% cpu@58.031C soc2@55.812C soc0@57.562C gpu@59.875C tj@59.875C soc1@57.468C VDD_IN 11280mW/9765mW VDD_CPU_GPU_CV 3747mW/2788mW VDD_SOC 4153mW/3791mW
08-01-2026 20:44:18 RAM 3000/7620MB (lfb 6x4MB) SWAP 0/3810MB (cached 0MB) CPU [1%@729,1%@729,1%@729,1%@729,0%@1651,92%@1651] GR3D_FREQ 34% cpu@58.062C soc2@55.812C soc0@57.625C gpu@59C tj@59C soc1@57.468C VDD_IN 11400mW/9766mW VDD_CPU_GPU_CV 3747mW/2789mW VDD_SOC 4153mW/3791mW
08-01-2026 20:44:19 RAM 3000/7620MB (lfb 6x4MB) SWAP 0/3810MB (cached 0MB) CPU [1%@729,0%@729,0%@729,1%@729,0%@1651,90%@1651] GR3D_FREQ 42% cpu@57.875C soc2@55.875C soc0@57.437C gpu@59.125C tj@59.125C soc1@57.5C VDD_IN 11280mW/9766mW VDD_CPU_GPU_CV 3668mW/2789mW VDD_SOC 4153mW/3791mW
08-01-2026 20:44:20 RAM 3000/7620MB (lfb 6x4MB) SWAP 0/3810MB (cached 0MB) CPU [1%@729,0%@729,0%@729,1%@729,0%@1728,89%@1728] GR3D_FREQ 48% cpu@58.125C soc2@55.937C soc0@57.5C gpu@59.093C tj@59.093C soc1@57.468C VDD_IN 11360mW/9767mW VDD_CPU_GPU_CV 3747mW/2790mW VDD_SOC 4153mW/3792mW
08-01-2026 20:44:21 RAM 3000/7620MB (lfb 6x4MB) SWAP 0/3810MB (cached 0MB) CPU [1%@729,0%@729,0%@729,0%@729,0%@1728,90%@1728] GR3D_FREQ 44% cpu@57.812C soc2@55.968C soc0@57.562C gpu@59.031C tj@59.031C soc1@57.625C VDD_IN 11280mW/9768mW VDD_CPU_GPU_CV 3628mW/2790mW VDD_SOC 4153mW/3792mW
08-01-2026 20:44:22 RAM 3000/7620MB (lfb 6x4MB) SWAP 0/3810MB (cached 0MB) CPU [1%@729,0%@729,0%@729,2%@729,0%@1728,89%@1728] GR3D_FREQ 33% cpu@57.875C soc2@55.906C soc0@57.656C gpu@58.968C tj@58.968C soc1@57.531C VDD_IN 11280mW/9769mW VDD_CPU_GPU_CV 3628mW/2791mW VDD_SOC 4113mW/3792mW
08-01-2026 20:44:23 RAM 3000/7620MB (lfb 6x4MB) SWAP 0/3810MB (cached 0MB) CPU [1%@729,0%@729,0%@729,1%@729,0%@1728,90%@1728] GR3D_FREQ 27% cpu@57.937C soc2@55.812C soc0@57.625C gpu@58.968C tj@58.968C soc1@57.468C VDD_IN 11080mW/9770mW VDD_CPU_GPU_CV 3594mW/2791mW VDD_SOC 4120mW/3792mW
08-01-2026 20:44:24 RAM 3000/7620MB (lfb 6x4MB) SWAP 0/3810MB (cached 0MB) CPU [1%@729,0%@729,1%@729,0%@729,0%@1728,91%@1728] GR3D_FREQ 24% cpu@57.843C soc2@55.843C soc0@57.531C gpu@58.875C tj@58.875C soc1@57.468C VDD_IN 11120mW/9770mW VDD_CPU_GPU_CV 3588mW/2792mW VDD_SOC 4080mW/3792mW
08-01-2026 20:44:25 RAM 3000/7620MB (lfb 6x4MB) SWAP 0/3810MB (cached 0MB) CPU [1%@729,0%@729,0%@729,1%@729,0%@1728,91%@1728] GR3D_FREQ 24% cpu@58.062C soc2@55.875C soc0@57.593C gpu@58.625C tj@58.625C soc1@57.625C VDD_IN 10880mW/9771mW VDD_CPU_GPU_CV 3474mW/2792mW VDD_SOC 4040mW/3793mW
08-01-2026 20:44:26 RAM 3000/7620MB (lfb 6x4MB) SWAP 0/3810MB (cached 0MB) CPU [1%@729,0%@729,0%@729,2%@729,0%@1728,89%@1728] GR3D_FREQ 22% cpu@57.781C soc2@55.843C soc0@57.593C gpu@58.625C tj@58.625C soc1@57.593C VDD_IN 10880mW/9772mW VDD_CPU_GPU_CV 3434mW/2792mW VDD_SOC 4000mW/3793mW
08-01-2026 20:44:27 RAM 3000/7620MB (lfb 6x4MB) SWAP 0/3810MB (cached 0MB) CPU [1%@729,0%@729,1%@729,1%@729,0%@1728,91%@1728] GR3D_FREQ 24% cpu@57.75C soc2@55.75C soc0@57.656C gpu@58.531C tj@58.531C soc1@57.468C VDD_IN 10720mW/9772mW VDD_CPU_GPU_CV 3354mW/2793mW VDD_SOC 4000mW/3793mW
08-01-2026 20:44:28 RAM 3000/7620MB (lfb 6x4MB) SWAP 0/3810MB (cached 0MB) CPU [1%@729,0%@729,0%@729,0%@729,0%@1728,90%@1728] GR3D_FREQ 30% cpu@58C soc2@55.812C soc0@57.593C gpu@58.562C tj@58.562C soc1@57.531C VDD_IN 10640mW/9773mW VDD_CPU_GPU_CV 3314mW/2793mW VDD_SOC 3960mW/3793mW
08-01-2026 20:44:29 RAM 3000/7620MB (lfb 6x4MB) SWAP 0/3810MB (cached 0MB) CPU [1%@729,0%@729,0%@729,0%@729,0%@1728,90%@1728] GR3D_FREQ 30% cpu@57.875C soc2@55.812C soc0@57.593C gpu@58.562C tj@58.562C soc1@57.593C VDD_IN 10536mW/9773mW VDD_CPU_GPU_CV 3234mW/2793mW VDD_SOC 3960mW/3793mW
08-01-2026 20:44:30 RAM 3000/7620MB (lfb 6x4MB) SWAP 0/3810MB (cached 0MB) CPU [1%@729,0%@729,0%@729,1%@729,33%@1728,59%@1728] GR3D_FREQ 28% cpu@58.125C soc2@55.843C soc0@57.562C gpu@58.75C tj@58.75C soc1@57.531C VDD_IN 10416mW/9773mW VDD_CPU_GPU_CV 3194mW/2793mW VDD_SOC 3960mW/3793mW
08-01-2026 20:44:31 RAM 3000/7620MB (lfb 6x4MB) SWAP 0/3810MB (cached 0MB) CPU [28%@1728,0%@1728,0%@1728,1%@1728,63%@729,0%@729] GR3D_FREQ 27% cpu@58C soc2@56.062C soc0@57.593C gpu@58.75C tj@58.75C soc1@57.656C VDD_IN 10296mW/9774mW VDD_CPU_GPU_CV 3115mW/2793mW VDD_SOC 3920mW/3793mW
08-01-2026 20:44:32 RAM 3000/7620MB (lfb 6x4MB) SWAP 0/3810MB (cached 0MB) CPU [90%@1728,0%@1728,0%@1728,0%@1728,0%@729,0%@729] GR3D_FREQ 27% cpu@58.156C soc2@55.937C soc0@57.687C gpu@58.875C tj@58.875C soc1@57.468C VDD_IN 10296mW/9774mW VDD_CPU_GPU_CV 3075mW/2794mW VDD_SOC 3920mW/3793mW
08-01-2026 20:44:33 RAM 3000/7620MB (lfb 6x4MB) SWAP 0/3810MB (cached 0MB) CPU [10%@729,0%@729,1%@729,3%@729,47%@1728,32%@1728] GR3D_FREQ 28% cpu@57.937C soc2@55.75C soc0@57.625C gpu@58.812C tj@58.812C soc1@57.531C VDD_IN 10336mW/9774mW VDD_CPU_GPU_CV 3115mW/2794mW VDD_SOC 3920mW/3793mW
08-01-2026 20:44:34 RAM 3000/7620MB (lfb 6x4MB) SWAP 0/3810MB (cached 0MB) CPU [1%@729,0%@729,0%@729,0%@729,0%@1728,89%@1728] GR3D_FREQ 30% cpu@57.906C soc2@55.812C soc0@57.5C gpu@58.75C tj@58.75C soc1@57.593C VDD_IN 10296mW/9774mW VDD_CPU_GPU_CV 3115mW/2794mW VDD_SOC 3920mW/3793mW
08-01-2026 20:44:35 RAM 3000/7620MB (lfb 6x4MB) SWAP 0/3810MB (cached 0MB) CPU [0%@729,0%@729,0%@729,1%@729,0%@1728,91%@1728] GR3D_FREQ 30% cpu@57.937C soc2@55.781C soc0@57.375C gpu@58.843C tj@58.843C soc1@57.656C VDD_IN 10296mW/9775mW VDD_CPU_GPU_CV 3154mW/2794mW VDD_SOC 3920mW/3793mW
08-01-2026 20:44:36 RAM 3000/7620MB (lfb 6x4MB) SWAP 0/3810MB (cached 0MB) CPU [1%@729,1%@729,1%@729,0%@729,0%@1728,89%@1728] GR3D_FREQ 29% cpu@57.781C soc2@55.843C soc0@57.531C gpu@58.875C tj@58.875C soc1@57.531C VDD_IN 10216mW/9775mW VDD_CPU_GPU_CV 2995mW/2794mW VDD_SOC 3880mW/3793mW
08-01-2026 20:44:37 RAM 3000/7620MB (lfb 6x4MB) SWAP 0/3810MB (cached 0MB) CPU [1%@729,0%@729,0%@729,0%@729,0%@1728,89%@1728] GR3D_FREQ 28% cpu@57.875C soc2@55.812C soc0@57.625C gpu@58.5C tj@58.5C soc1@57.562C VDD_IN 10136mW/9775mW VDD_CPU_GPU_CV 3000mW/2794mW VDD_SOC 3880mW/3793mW
08-01-2026 20:44:38 RAM 3000/7620MB (lfb 6x4MB) SWAP 0/3810MB (cached 0MB) CPU [0%@729,0%@729,0%@729,0%@729,0%@1728,90%@1728] GR3D_FREQ 28% cpu@57.906C soc2@55.75C soc0@57.406C gpu@58.5C tj@58.5C soc1@57.531C VDD_IN 10096mW/9775mW VDD_CPU_GPU_CV 2960mW/2794mW VDD_SOC 3880mW/3793mW
08-01-2026 20:44:39 RAM 3000/7620MB (lfb 6x4MB) SWAP 0/3810MB (cached 0MB) CPU [1%@729,0%@729,0%@729,1%@729,0%@1728,90%@1728] GR3D_FREQ 30% cpu@57.875C soc2@55.812C soc0@57.531C gpu@58.593C tj@58.593C soc1@57.5C VDD_IN 10056mW/9775mW VDD_CPU_GPU_CV 2960mW/2795mW VDD_SOC 3880mW/3794mW
08-01-2026 20:44:40 RAM 3000/7620MB (lfb 6x4MB) SWAP 0/3810MB (cached 0MB) CPU [1%@729,1%@729,1%@729,0%@729,0%@1728,89%@1728] GR3D_FREQ 30% cpu@57.937C soc2@55.781C soc0@57.562C gpu@58.562C tj@58.562C soc1@57.593C VDD_IN 10056mW/9776mW VDD_CPU_GPU_CV 2920mW/2795mW VDD_SOC 3840mW/3794mW
08-01-2026 20:44:41 RAM 3000/7620MB (lfb 6x4MB) SWAP 0/3810MB (cached 0MB) CPU [42%@1728,1%@1728,0%@1728,0%@1728,0%@729,47%@729] GR3D_FREQ 30% cpu@58.156C soc2@56.062C soc0@57.562C gpu@58.562C tj@58.562C soc1@57.5C VDD_IN 9935mW/9776mW VDD_CPU_GPU_CV 2880mW/2795mW VDD_SOC 3846mW/3794mW
08-01-2026 20:44:42 RAM 3000/7620MB (lfb 6x4MB) SWAP 0/3810MB (cached 0MB) CPU [90%@1728,0%@1728,0%@1728,0%@1728,0%@729,0%@729] GR3D_FREQ 29% cpu@58.093C soc2@55.906C soc0@57.656C gpu@58.5C tj@58.5C soc1@57.5C VDD_IN 9935mW/9776mW VDD_CPU_GPU_CV 2920mW/2795mW VDD_SOC 3846mW/3794mW
08-01-2026 20:44:43 RAM 3000/7620MB (lfb 6x4MB) SWAP 0/3810MB (cached 0MB) CPU [90%@1728,1%@1728,0%@1728,1%@1728,0%@729,0%@729] GR3D_FREQ 29% cpu@58.218C soc2@55.875C soc0@57.625C gpu@58.656C tj@58.468C soc1@57.468C VDD_IN 9895mW/9776mW VDD_CPU_GPU_CV 2920mW/2795mW VDD_SOC 3846mW/3794mW
08-01-2026 20:44:44 RAM 3000/7620MB (lfb 6x4MB) SWAP 0/3810MB (cached 0MB) CPU [6%@729,0%@729,0%@729,0%@729,85%@1728,0%@1728] GR3D_FREQ 29% cpu@58.312C soc2@55.843C soc0@57.562C gpu@58.468C tj@58.468C soc1@57.468C VDD_IN 9975mW/9776mW VDD_CPU_GPU_CV 2920mW/2795mW VDD_SOC 3840mW/3794mW
08-01-2026 20:44:45 RAM 3000/7620MB (lfb 6x4MB) SWAP 0/3810MB (cached 0MB) CPU [2%@729,1%@729,0%@729,0%@729,90%@1728,0%@1728] GR3D_FREQ 30% cpu@58.031C soc2@55.812C soc0@57.562C gpu@58.437C tj@58.437C soc1@57.468C VDD_IN 9935mW/9776mW VDD_CPU_GPU_CV 2880mW/2795mW VDD_SOC 3846mW/3794mW
08-01-2026 20:44:46 RAM 3000/7620MB (lfb 6x4MB) SWAP 0/3810MB (cached 0MB) CPU [1%@729,1%@729,0%@729,0%@729,45%@1728,45%@1728] GR3D_FREQ 30% cpu@57.812C soc2@55.781C soc0@57.593C gpu@58.531C tj@58.531C soc1@57.593C VDD_IN 9975mW/9776mW VDD_CPU_GPU_CV 2960mW/2795mW VDD_SOC 3806mW/3794mW
08-01-2026 20:44:47 RAM 3000/7620MB (lfb 6x4MB) SWAP 0/3810MB (cached 0MB) CPU [1%@729,1%@729,0%@729,0%@729,43%@1728,47%@1728] GR3D_FREQ 29% cpu@58.156C soc2@55.75C soc0@57.656C gpu@58.437C tj@58.437C soc1@57.468C VDD_IN 9895mW/9776mW VDD_CPU_GPU_CV 2840mW/2795mW VDD_SOC 3806mW/3794mW
08-01-2026 20:44:48 RAM 3000/7620MB (lfb 6x4MB) SWAP 0/3810MB (cached 0MB) CPU [2%@729,0%@729,0%@729,0%@729,91%@1728,0%@1728] GR3D_FREQ 30% cpu@58.125C soc2@55.781C soc0@57.437C gpu@58.437C tj@58.437C soc1@57.562C VDD_IN 9855mW/9776mW VDD_CPU_GPU_CV 2800mW/2795mW VDD_SOC 3806mW/3794mW
08-01-2026 20:44:49 RAM 3000/7620MB (lfb 6x4MB) SWAP 0/3810MB (cached 0MB) CPU [1%@729,0%@729,1%@729,1%@729,91%@1728,0%@1728] GR3D_FREQ 30% cpu@58.218C soc2@55.781C soc0@57.5C gpu@58.468C tj@58.562C soc1@57.468C VDD_IN 9735mW/9776mW VDD_CPU_GPU_CV 2800mW/2795mW VDD_SOC 3806mW/3794mW
08-01-2026 20:44:50 RAM 3000/7620MB (lfb 6x4MB) SWAP 0/3810MB (cached 0MB) CPU [1%@729,0%@729,0%@729,0%@729,37%@1728,51%@1728] GR3D_FREQ 30% cpu@57.906C soc2@55.812C soc0@57.468C gpu@58.562C tj@58.562C soc1@57.531C VDD_IN 9695mW/9776mW VDD_CPU_GPU_CV 2720mW/2795mW VDD_SOC 3766mW/3794mW
08-01-2026 20:44:51 RAM 3000/7620MB (lfb 6x4MB) SWAP 0/3810MB (cached 0MB) CPU [1%@1728,0%@1728,0%@1728,53%@1728,0%@729,37%@729] GR3D_FREQ 30% cpu@58.093C soc2@55.843C soc0@57.625C gpu@58.656C tj@58.656C soc1@57.656C VDD_IN 9655mW/9776mW VDD_CPU_GPU_CV 2760mW/2795mW VDD_SOC 3766mW/3794mW
08-01-2026 20:44:52 RAM 3000/7620MB (lfb 6x4MB) SWAP 0/3810MB (cached 0MB) CPU [0%@1728,55%@1728,0%@1728,36%@1728,0%@729,0%@729] GR3D_FREQ 30% cpu@58.062C soc2@55.812C soc0@57.625C gpu@58.656C tj@58.656C soc1@57.468C VDD_IN 9615mW/9776mW VDD_CPU_GPU_CV 2720mW/2795mW VDD_SOC 3766mW/3794mW
08-01-2026 20:44:53 RAM 3000/7620MB (lfb 6x4MB) SWAP 0/3810MB (cached 0MB) CPU [0%@729,53%@729,0%@729,0%@729,46%@1728,0%@1728] GR3D_FREQ 0% cpu@57.687C soc2@55.5C soc0@57.468C gpu@58.312C tj@58.312C soc1@57.468C VDD_IN 7958mW/9775mW VDD_CPU_GPU_CV 1484mW/2794mW VDD_SOC 3491mW/3794mW
08-01-2026 20:44:54 RAM 2949/7620MB (lfb 11x4MB) SWAP 0/3810MB (cached 0MB) CPU [2%@729,0%@729,0%@729,0%@729,100%@1728,0%@1728] GR3D_FREQ 0% cpu@57.562C soc2@55.406C soc0@57.375C gpu@58.281C tj@58.281C soc1@57.5C VDD_IN 7636mW/9774mW VDD_CPU_GPU_CV 1284mW/2793mW VDD_SOC 3410mW/3793mW
08-01-2026 20:44:55 RAM 1456/7620MB (lfb 70x4MB) SWAP 0/3810MB (cached 0MB) CPU [18%@729,7%@729,0%@729,1%@729,45%@806,0%@806] GR3D_FREQ 0% cpu@57.218C soc2@55.406C soc0@57.281C gpu@57.781C tj@57.781C soc1@57.25C VDD_IN 6810mW/9772mW VDD_CPU_GPU_CV 1000mW/2792mW VDD_SOC 3200mW/3793mW
08-01-2026 20:44:56 RAM 1456/7620MB (lfb 70x4MB) SWAP 0/3810MB (cached 0MB) CPU [0%@729,0%@729,0%@729,0%@729,0%@729,0%@729] GR3D_FREQ 0% cpu@56.687C soc2@55.25C soc0@57.25C gpu@57.593C tj@57.593C soc1@57.187C VDD_IN 5760mW/9770mW VDD_CPU_GPU_CV 560mW/2791mW VDD_SOC 2920mW/3793mW
08-01-2026 20:44:57 RAM 1456/7620MB (lfb 70x4MB) SWAP 0/3810MB (cached 0MB) CPU [1%@729,0%@729,0%@729,1%@729,0%@729,0%@729] GR3D_FREQ 0% cpu@56.562C soc2@55C soc0@57.187C gpu@57.593C tj@57.593C soc1@56.937C VDD_IN 5600mW/9768mW VDD_CPU_GPU_CV 560mW/2790mW VDD_SOC 2840mW/3792mW
08-01-2026 20:44:58 RAM 1456/7620MB (lfb 70x4MB) SWAP 0/3810MB (cached 0MB) CPU [0%@729,0%@729,0%@729,1%@729,0%@729,0%@729] GR3D_FREQ 0% cpu@56.781C soc2@54.937C soc0@56.937C gpu@57.375C tj@57.687C soc1@56.843C VDD_IN 5560mW/9766mW VDD_CPU_GPU_CV 520mW/2789mW VDD_SOC 2840mW/3792mW
08-01-2026 20:44:59 RAM 1456/7620MB (lfb 70x4MB) SWAP 0/3810MB (cached 0MB) CPU [0%@729,0%@729,0%@729,0%@729,0%@729,0%@729] GR3D_FREQ 0% cpu@56.343C soc2@54.843C soc0@56.906C gpu@57.625C tj@57.625C soc1@56.875C VDD_IN 5520mW/9764mW VDD_CPU_GPU_CV 520mW/2788mW VDD_SOC 2840mW/3791mW
08-01-2026 20:45:00 RAM 1456/7620MB (lfb 70x4MB) SWAP 0/3810MB (cached 0MB) CPU [1%@729,0%@729,0%@729,0%@729,0%@729,0%@729] GR3D_FREQ 0% cpu@56.343C soc2@54.812C soc0@56.812C gpu@57.5C tj@57.5C soc1@56.875C VDD_IN 5560mW/9761mW VDD_CPU_GPU_CV 520mW/2786mW VDD_SOC 2840mW/3791mW
08-01-2026 20:45:01 RAM 1456/7620MB (lfb 70x4MB) SWAP 0/3810MB (cached 0MB) CPU [1%@729,0%@729,0%@729,0%@729,0%@729,0%@729] GR3D_FREQ 0% cpu@56.312C soc2@54.656C soc0@56.781C gpu@57.531C tj@57.531C soc1@56.656C VDD_IN 5560mW/9759mW VDD_CPU_GPU_CV 520mW/2785mW VDD_SOC 2840mW/3790mW
08-01-2026 20:45:02 RAM 1456/7620MB (lfb 70x4MB) SWAP 0/3810MB (cached 0MB) CPU [1%@729,0%@729,0%@729,0%@729,0%@729,0%@729] GR3D_FREQ 0% cpu@56.343C soc2@54.5C soc0@56.625C gpu@57.406C tj@57.406C soc1@56.5C VDD_IN 5520mW/9757mW VDD_CPU_GPU_CV 520mW/2784mW VDD_SOC 2840mW/3790mW
08-01-2026 20:45:03 RAM 1456/7620MB (lfb 70x4MB) SWAP 0/3810MB (cached 0MB) CPU [0%@729,1%@729,0%@729,0%@729,0%@729,0%@729] GR3D_FREQ 0% cpu@56.187C soc2@54.562C soc0@56.625C gpu@57.031C tj@57.031C soc1@56.562C VDD_IN 5520mW/9755mW VDD_CPU_GPU_CV 520mW/2783mW VDD_SOC 2800mW/3789mW
08-01-2026 20:45:04 RAM 1456/7620MB (lfb 70x4MB) SWAP 0/3810MB (cached 0MB) CPU [1%@729,0%@729,0%@729,1%@729,0%@729,0%@729] GR3D_FREQ 0% cpu@55.906C soc2@54.468C soc0@56.468C gpu@56.968C tj@56.968C soc1@56.437C VDD_IN 5520mW/9752mW VDD_CPU_GPU_CV 520mW/2782mW VDD_SOC 2800mW/3788mW
08-01-2026 20:45:05 RAM 1456/7620MB (lfb 70x4MB) SWAP 0/3810MB (cached 0MB) CPU [0%@729,0%@729,0%@729,1%@729,0%@729,0%@729] GR3D_FREQ 0% cpu@55.968C soc2@54.406C soc0@56.5C gpu@56.906C tj@56.906C soc1@56.562C VDD_IN 5520mW/9750mW VDD_CPU_GPU_CV 520mW/2780mW VDD_SOC 2800mW/3788mW
08-01-2026 20:45:06 RAM 1456/7620MB (lfb 70x4MB) SWAP 0/3810MB (cached 0MB) CPU [0%@729,0%@729,0%@729,1%@729,0%@729,0%@729] GR3D_FREQ 0% cpu@56.031C soc2@54.312C soc0@56.437C gpu@56.843C tj@56.843C soc1@56.25C VDD_IN 5520mW/9748mW VDD_CPU_GPU_CV 520mW/2779mW VDD_SOC 2800mW/3787mW
08-01-2026 20:45:07 RAM 1456/7620MB (lfb 70x4MB) SWAP 0/3810MB (cached 0MB) CPU [1%@729,1%@729,0%@729,0%@729,0%@729,0%@729] GR3D_FREQ 0% cpu@56C soc2@54.218C soc0@56.312C gpu@56.843C tj@56.843C soc1@56.156C VDD_IN 5560mW/9746mW VDD_CPU_GPU_CV 560mW/2778mW VDD_SOC 2800mW/3787mW
08-01-2026 20:45:08 RAM 1456/7620MB (lfb 70x4MB) SWAP 0/3810MB (cached 0MB) CPU [0%@1728,0%@1728,0%@1728,0%@1728,0%@729,0%@729] GR3D_FREQ 0% cpu@56C soc2@54.218C soc0@56.187C gpu@56.718C tj@56.718C soc1@56.125C VDD_IN 5560mW/9743mW VDD_CPU_GPU_CV 520mW/2777mW VDD_SOC 2840mW/3786mW
08-01-2026 20:45:09 RAM 1456/7620MB (lfb 70x4MB) SWAP 0/3810MB (cached 0MB) CPU [0%@729,1%@729,0%@729,0%@729,0%@729,0%@729] GR3D_FREQ 0% cpu@55.562C soc2@54.125C soc0@56.218C gpu@56.531C tj@56.531C soc1@56.156C VDD_IN 5520mW/9741mW VDD_CPU_GPU_CV 520mW/2776mW VDD_SOC 2800mW/3786mW
08-01-2026 20:45:10 RAM 1456/7620MB (lfb 70x4MB) SWAP 0/3810MB (cached 0MB) CPU [1%@729,0%@729,1%@729,0%@729,0%@729,0%@729] GR3D_FREQ 0% cpu@55.562C soc2@54C soc0@56.125C gpu@56.5C tj@56.5C soc1@56.187C VDD_IN 5520mW/9739mW VDD_CPU_GPU_CV 520mW/2775mW VDD_SOC 2800mW/3785mW
08-01-2026 20:45:11 RAM 1456/7620MB (lfb 70x4MB) SWAP 0/3810MB (cached 0MB) CPU [0%@729,0%@729,1%@729,0%@729,0%@729,0%@729] GR3D_FREQ 0% cpu@55.625C soc2@54C soc0@56.156C gpu@56.375C tj@56.375C soc1@56.031C VDD_IN 5520mW/9737mW VDD_CPU_GPU_CV 520mW/2773mW VDD_SOC 2800mW/3785mW
08-01-2026 20:45:12 RAM 1456/7620MB (lfb 70x4MB) SWAP 0/3810MB (cached 0MB) CPU [0%@729,0%@729,0%@729,0%@729,0%@729,0%@729] GR3D_FREQ 0% cpu@55.687C soc2@53.875C soc0@55.968C gpu@56.343C tj@56.343C soc1@55.875C VDD_IN 5520mW/9735mW VDD_CPU_GPU_CV 520mW/2772mW VDD_SOC 2800mW/3784mW
08-01-2026 20:45:13 RAM 1456/7620MB (lfb 70x4MB) SWAP 0/3810MB (cached 0MB) CPU [1%@729,1%@729,0%@729,0%@729,0%@729,0%@729] GR3D_FREQ 0% cpu@55.562C soc2@53.843C soc0@55.906C gpu@56.281C tj@56.281C soc1@55.843C VDD_IN 5520mW/9732mW VDD_CPU_GPU_CV 520mW/2771mW VDD_SOC 2800mW/3784mW
08-01-2026 20:45:14 RAM 1456/7620MB (lfb 70x4MB) SWAP 0/3810MB (cached 0MB) CPU [0%@729,0%@729,0%@729,0%@729,0%@729,0%@729] GR3D_FREQ 0% cpu@55.312C soc2@53.781C soc0@55.875C gpu@56.156C tj@56.156C soc1@55.875C VDD_IN 5520mW/9730mW VDD_CPU_GPU_CV 520mW/2770mW VDD_SOC 2800mW/3783mW
08-01-2026 20:45:15 RAM 1456/7620MB (lfb 70x4MB) SWAP 0/3810MB (cached 0MB) CPU [1%@729,0%@729,0%@729,0%@729,0%@729,0%@729] GR3D_FREQ 0% cpu@55.312C soc2@53.812C soc0@55.843C gpu@56.187C tj@56.187C soc1@55.843C VDD_IN 5520mW/9728mW VDD_CPU_GPU_CV 520mW/2769mW VDD_SOC 2800mW/3783mW
08-01-2026 20:45:16 RAM 1456/7620MB (lfb 70x4MB) SWAP 0/3810MB (cached 0MB) CPU [0%@729,0%@729,0%@729,0%@729,0%@729,0%@729] GR3D_FREQ 0% cpu@55.312C soc2@53.687C soc0@55.875C gpu@56.062C tj@56.062C soc1@55.593C VDD_IN 5520mW/9726mW VDD_CPU_GPU_CV 520mW/2767mW VDD_SOC 2800mW/3782mW
08-01-2026 20:45:17 RAM 1456/7620MB (lfb 70x4MB) SWAP 0/3810MB (cached 0MB) CPU [0%@729,0%@729,1%@729,0%@729,0%@729,0%@729] GR3D_FREQ 0% cpu@55.343C soc2@53.562C soc0@55.687C gpu@56.281C tj@56.281C soc1@55.562C VDD_IN 5520mW/9723mW VDD_CPU_GPU_CV 520mW/2766mW VDD_SOC 2800mW/3782mW
08-01-2026 20:45:18 RAM 1456/7620MB (lfb 70x4MB) SWAP 0/3810MB (cached 0MB) CPU [1%@729,0%@729,1%@729,0%@729,0%@729,0%@729] GR3D_FREQ 0% cpu@55.156C soc2@53.562C soc0@55.593C gpu@56.218C tj@56.218C soc1@55.531C VDD_IN 5520mW/9721mW VDD_CPU_GPU_CV 520mW/2765mW VDD_SOC 2800mW/3781mW
08-01-2026 20:45:19 RAM 1456/7620MB (lfb 70x4MB) SWAP 0/3810MB (cached 0MB) CPU [1%@729,0%@729,0%@729,0%@729,0%@729,0%@729] GR3D_FREQ 0% cpu@54.906C soc2@53.468C soc0@55.531C gpu@56.156C tj@56.156C soc1@55.531C VDD_IN 5520mW/9719mW VDD_CPU_GPU_CV 520mW/2764mW VDD_SOC 2800mW/3781mW
08-01-2026 20:45:20 RAM 1456/7620MB (lfb 70x4MB) SWAP 0/3810MB (cached 0MB) CPU [0%@729,0%@729,0%@729,0%@729,0%@729,0%@729] GR3D_FREQ 0% cpu@55.031C soc2@53.468C soc0@55.531C gpu@56.125C tj@56.125C soc1@55.562C VDD_IN 5520mW/9717mW VDD_CPU_GPU_CV 520mW/2763mW VDD_SOC 2800mW/3780mW
08-01-2026 20:45:21 RAM 1456/7620MB (lfb 70x4MB) SWAP 0/3810MB (cached 0MB) CPU [0%@729,0%@729,0%@729,0%@729,0%@729,0%@729] GR3D_FREQ 0% cpu@55C soc2@53.437C soc0@55.5C gpu@56.062C tj@56.062C soc1@55.375C VDD_IN 5520mW/9715mW VDD_CPU_GPU_CV 520mW/2762mW VDD_SOC 2800mW/3780mW
08-01-2026 20:45:22 RAM 1456/7620MB (lfb 70x4MB) SWAP 0/3810MB (cached 0MB) CPU [1%@729,2%@729,0%@729,0%@729,0%@729,0%@729] GR3D_FREQ 0% cpu@55.062C soc2@53.406C soc0@55.312C gpu@56.125C tj@55.75C soc1@55.375C VDD_IN 5520mW/9712mW VDD_CPU_GPU_CV 520mW/2760mW VDD_SOC 2800mW/3779mW
08-01-2026 20:45:23 RAM 1456/7620MB (lfb 70x4MB) SWAP 0/3810MB (cached 0MB) CPU [0%@729,1%@729,0%@729,0%@729,0%@729,0%@729] GR3D_FREQ 0% cpu@54.968C soc2@53.25C soc0@55.343C gpu@55.687C tj@55.687C soc1@55.25C VDD_IN 5520mW/9710mW VDD_CPU_GPU_CV 520mW/2759mW VDD_SOC 2800mW/3779mW
08-01-2026 20:45:24 RAM 1456/7620MB (lfb 70x4MB) SWAP 0/3810MB (cached 0MB) CPU [0%@729,1%@729,0%@729,1%@729,0%@729,0%@729] GR3D_FREQ 0% cpu@54.75C soc2@53.312C soc0@55.281C gpu@55.687C tj@55.687C soc1@55.343C VDD_IN 5520mW/9708mW VDD_CPU_GPU_CV 520mW/2758mW VDD_SOC 2800mW/3778mW
08-01-2026 20:45:25 RAM 1456/7620MB (lfb 70x4MB) SWAP 0/3810MB (cached 0MB) CPU [0%@729,0%@729,0%@729,1%@729,0%@729,0%@729] GR3D_FREQ 0% cpu@54.718C soc2@53.156C soc0@55.218C gpu@55.593C tj@55.593C soc1@55.281C VDD_IN 5520mW/9706mW VDD_CPU_GPU_CV 520mW/2757mW VDD_SOC 2800mW/3778mW
08-01-2026 20:45:26 RAM 1456/7620MB (lfb 70x4MB) SWAP 0/3810MB (cached 0MB) CPU [0%@729,0%@729,0%@729,0%@729,0%@729,0%@729] GR3D_FREQ 0% cpu@54.718C soc2@53.093C soc0@55.25C gpu@55.625C tj@55.625C soc1@55.062C VDD_IN 5520mW/9704mW VDD_CPU_GPU_CV 520mW/2756mW VDD_SOC 2800mW/3777mW
08-01-2026 20:45:27 RAM 1456/7620MB (lfb 70x4MB) SWAP 0/3810MB (cached 0MB) CPU [0%@729,1%@729,1%@729,0%@729,0%@729,0%@729] GR3D_FREQ 0% cpu@54.843C soc2@53.093C soc0@55.156C gpu@55.625C tj@55.625C soc1@55C VDD_IN 5520mW/9701mW VDD_CPU_GPU_CV 520mW/2754mW VDD_SOC 2800mW/3777mW
08-01-2026 20:45:28 RAM 1456/7620MB (lfb 70x4MB) SWAP 0/3810MB (cached 0MB) CPU [0%@729,1%@729,0%@729,0%@729,0%@729,0%@729] GR3D_FREQ 0% cpu@54.687C soc2@53.093C soc0@55.062C gpu@55.906C tj@55.906C soc1@55C VDD_IN 5520mW/9699mW VDD_CPU_GPU_CV 520mW/2753mW VDD_SOC 2800mW/3776mW
08-01-2026 20:45:29 RAM 1456/7620MB (lfb 70x4MB) SWAP 0/3810MB (cached 0MB) CPU [0%@729,1%@729,0%@729,0%@729,0%@729,0%@729] GR3D_FREQ 0% cpu@54.843C soc2@52.937C soc0@55.062C gpu@55.781C tj@55.781C soc1@54.968C VDD_IN 5520mW/9697mW VDD_CPU_GPU_CV 520mW/2752mW VDD_SOC 2800mW/3776mW
08-01-2026 20:45:30 RAM 1456/7620MB (lfb 70x4MB) SWAP 0/3810MB (cached 0MB) CPU [0%@729,0%@729,0%@729,0%@729,0%@729,0%@729] GR3D_FREQ 0% cpu@54.375C soc2@53C soc0@55.031C gpu@55.312C tj@55.312C soc1@55.031C VDD_IN 5520mW/9695mW VDD_CPU_GPU_CV 520mW/2751mW VDD_SOC 2800mW/3775mW
08-01-2026 20:45:31 RAM 1456/7620MB (lfb 70x4MB) SWAP 0/3810MB (cached 0MB) CPU [0%@729,0%@729,0%@729,1%@729,0%@729,0%@729] GR3D_FREQ 0% cpu@54.468C soc2@52.906C soc0@54.968C gpu@55.218C tj@55.218C soc1@54.781C VDD_IN 5520mW/9693mW VDD_CPU_GPU_CV 520mW/2750mW VDD_SOC 2800mW/3775mW
08-01-2026 20:45:32 RAM 1456/7620MB (lfb 70x4MB) SWAP 0/3810MB (cached 0MB) CPU [0%@729,0%@729,0%@729,1%@729,0%@729,0%@729] GR3D_FREQ 0% cpu@54.625C soc2@52.843C soc0@54.843C gpu@55.187C tj@55.187C soc1@54.781C VDD_IN 5480mW/9690mW VDD_CPU_GPU_CV 520mW/2749mW VDD_SOC 2800mW/3774mW
08-01-2026 20:45:33 RAM 1456/7620MB (lfb 70x4MB) SWAP 0/3810MB (cached 0MB) CPU [0%@729,0%@729,1%@729,0%@729,0%@729,0%@729] GR3D_FREQ 0% cpu@54.343C soc2@52.781C soc0@54.843C gpu@55.25C tj@55.25C soc1@54.843C VDD_IN 5480mW/9688mW VDD_CPU_GPU_CV 520mW/2747mW VDD_SOC 2800mW/3774mW
08-01-2026 20:45:34 RAM 1456/7620MB (lfb 70x4MB) SWAP 0/3810MB (cached 0MB) CPU [1%@729,0%@729,0%@729,1%@729,0%@729,0%@729] GR3D_FREQ 0% cpu@54.156C soc2@52.781C soc0@54.843C gpu@55.281C tj@55.281C soc1@54.781C VDD_IN 5520mW/9686mW VDD_CPU_GPU_CV 520mW/2746mW VDD_SOC 2800mW/3773mW
08-01-2026 20:45:35 RAM 1456/7620MB (lfb 70x4MB) SWAP 0/3810MB (cached 0MB) CPU [0%@729,0%@729,1%@729,0%@729,0%@729,0%@729] GR3D_FREQ 0% cpu@54.156C soc2@52.718C soc0@54.812C gpu@55.25C tj@55.25C soc1@54.562C VDD_IN 5520mW/9684mW VDD_CPU_GPU_CV 520mW/2745mW VDD_SOC 2800mW/3773mW
08-01-2026 20:45:36 RAM 1456/7620MB (lfb 70x4MB) SWAP 0/3810MB (cached 0MB) CPU [0%@729,0%@729,0%@729,0%@729,0%@729,0%@729] GR3D_FREQ 0% cpu@54.187C soc2@52.687C soc0@54.562C gpu@55.187C tj@55.187C soc1@54.562C VDD_IN 5520mW/9682mW VDD_CPU_GPU_CV 520mW/2744mW VDD_SOC 2800mW/3772mW
08-01-2026 20:45:37 RAM 1456/7620MB (lfb 70x4MB) SWAP 0/3810MB (cached 0MB) CPU [0%@729,0%@729,0%@729,1%@729,0%@729,0%@729] GR3D_FREQ 0% cpu@54.281C soc2@52.562C soc0@54.562C gpu@55.218C tj@55.218C soc1@54.5C VDD_IN 5480mW/9680mW VDD_CPU_GPU_CV 520mW/2743mW VDD_SOC 2800mW/3771mW
08-01-2026 20:45:38 RAM 1456/7620MB (lfb 70x4MB) SWAP 0/3810MB (cached 0MB) CPU [1%@729,0%@729,0%@729,0%@729,0%@729,0%@729] GR3D_FREQ 0% cpu@54C soc2@52.562C soc0@54.656C gpu@54.937C tj@54.937C soc1@54.531C VDD_IN 5520mW/9677mW VDD_CPU_GPU_CV 520mW/2742mW VDD_SOC 2800mW/3771mW
08-01-2026 20:45:39 RAM 1456/7620MB (lfb 70x4MB) SWAP 0/3810MB (cached 0MB) CPU [0%@729,0%@729,0%@729,2%@729,0%@729,0%@729] GR3D_FREQ 0% cpu@53.968C soc2@52.625C soc0@54.531C gpu@54.875C tj@54.875C soc1@54.562C VDD_IN 5520mW/9675mW VDD_CPU_GPU_CV 520mW/2741mW VDD_SOC 2800mW/3770mW
08-01-2026 20:45:40 RAM 1456/7620MB (lfb 70x4MB) SWAP 0/3810MB (cached 0MB) CPU [0%@729,0%@729,0%@729,1%@729,0%@729,0%@729] GR3D_FREQ 0% cpu@53.906C soc2@52.468C soc0@54.593C gpu@54.875C tj@54.875C soc1@54.375C VDD_IN 5520mW/9673mW VDD_CPU_GPU_CV 560mW/2739mW VDD_SOC 2800mW/3770mW
08-01-2026 20:45:41 RAM 1456/7620MB (lfb 70x4MB) SWAP 0/3810MB (cached 0MB) CPU [0%@729,0%@729,0%@729,1%@729,0%@729,0%@729] GR3D_FREQ 0% cpu@53.875C soc2@52.343C soc0@54.718C gpu@54.812C tj@54.812C soc1@54.312C VDD_IN 5520mW/9671mW VDD_CPU_GPU_CV 520mW/2738mW VDD_SOC 2800mW/3769mW
08-01-2026 20:45:42 RAM 1456/7620MB (lfb 70x4MB) SWAP 0/3810MB (cached 0MB) CPU [1%@729,0%@729,0%@729,0%@729,0%@729,0%@729] GR3D_FREQ 0% cpu@54.093C soc2@52.406C soc0@54.375C gpu@54.781C tj@54.781C soc1@54.343C VDD_IN 5520mW/9669mW VDD_CPU_GPU_CV 560mW/2737mW VDD_SOC 2800mW/3769mW
08-01-2026 20:45:43 RAM 1456/7620MB (lfb 70x4MB) SWAP 0/3810MB (cached 0MB) CPU [0%@729,1%@729,0%@729,1%@729,0%@729,0%@729] GR3D_FREQ 0% cpu@53.843C soc2@52.375C soc0@54.343C gpu@54.687C tj@54.687C soc1@54.25C VDD_IN 5520mW/9667mW VDD_CPU_GPU_CV 520mW/2736mW VDD_SOC 2800mW/3768mW
08-01-2026 20:45:44 RAM 1456/7620MB (lfb 70x4MB) SWAP 0/3810MB (cached 0MB) CPU [0%@729,0%@729,0%@729,0%@729,0%@729,0%@729] GR3D_FREQ 0% cpu@53.75C soc2@52.406C soc0@54.312C gpu@54.687C tj@54.687C soc1@54.312C VDD_IN 5480mW/9664mW VDD_CPU_GPU_CV 520mW/2735mW VDD_SOC 2800mW/3768mW
08-01-2026 20:45:45 RAM 1456/7620MB (lfb 70x4MB) SWAP 0/3810MB (cached 0MB) CPU [1%@729,0%@729,0%@729,1%@729,0%@729,0%@729] GR3D_FREQ 0% cpu@53.718C soc2@52.281C soc0@54.218C gpu@54.968C tj@54.968C soc1@54.156C VDD_IN 5520mW/9662mW VDD_CPU_GPU_CV 520mW/2734mW VDD_SOC 2800mW/3767mW
08-01-2026 20:45:46 RAM 1456/7620MB (lfb 70x4MB) SWAP 0/3810MB (cached 0MB) CPU [0%@729,1%@729,0%@729,1%@729,0%@729,0%@729] GR3D_FREQ 0% cpu@53.75C soc2@52.218C soc0@54.375C gpu@54.843C tj@54.843C soc1@54.125C VDD_IN 5520mW/9660mW VDD_CPU_GPU_CV 520mW/2732mW VDD_SOC 2800mW/3767mW
08-01-2026 20:45:47 RAM 1456/7620MB (lfb 70x4MB) SWAP 0/3810MB (cached 0MB) CPU [0%@729,0%@729,0%@729,0%@729,0%@729,0%@729] GR3D_FREQ 0% cpu@53.875C soc2@52.093C soc0@54.187C gpu@54.937C tj@54.937C soc1@54.093C VDD_IN 5480mW/9658mW VDD_CPU_GPU_CV 520mW/2731mW VDD_SOC 2800mW/3766mW
08-01-2026 20:45:48 RAM 1456/7620MB (lfb 70x4MB) SWAP 0/3810MB (cached 0MB) CPU [0%@729,0%@729,0%@729,0%@729,0%@729,0%@729] GR3D_FREQ 0% cpu@53.593C soc2@52.156C soc0@54.156C gpu@54.906C tj@54.906C soc1@54.093C VDD_IN 5480mW/9656mW VDD_CPU_GPU_CV 520mW/2730mW VDD_SOC 2800mW/3766mW
08-01-2026 20:45:49 RAM 1456/7620MB (lfb 70x4MB) SWAP 0/3810MB (cached 0MB) CPU [0%@729,0%@729,0%@729,0%@729,0%@729,0%@729] GR3D_FREQ 0% cpu@53.562C soc2@52.25C soc0@54.156C gpu@54.781C tj@54.781C soc1@54.093C VDD_IN 5480mW/9654mW VDD_CPU_GPU_CV 520mW/2729mW VDD_SOC 2800mW/3765mW
08-01-2026 20:45:50 RAM 1456/7620MB (lfb 70x4MB) SWAP 0/3810MB (cached 0MB) CPU [0%@729,0%@729,0%@729,1%@729,0%@729,0%@729] GR3D_FREQ 0% cpu@53.593C soc2@52C soc0@54.093C gpu@54.5C tj@54.5C soc1@53.937C VDD_IN 5480mW/9651mW VDD_CPU_GPU_CV 520mW/2728mW VDD_SOC 2800mW/3765mW
08-01-2026 20:45:51 RAM 1456/7620MB (lfb 70x4MB) SWAP 0/3810MB (cached 0MB) CPU [1%@729,0%@729,0%@729,0%@729,0%@729,0%@729] GR3D_FREQ 0% cpu@53.531C soc2@52.062C soc0@54.187C gpu@54.468C tj@54.468C soc1@53.937C VDD_IN 5480mW/9649mW VDD_CPU_GPU_CV 520mW/2727mW VDD_SOC 2800mW/3764mW
08-01-2026 20:45:52 RAM 1456/7620MB (lfb 70x4MB) SWAP 0/3810MB (cached 0MB) CPU [0%@729,0%@729,0%@729,1%@729,0%@729,0%@729] GR3D_FREQ 0% cpu@53.656C soc2@51.937C soc0@53.875C gpu@54.5C tj@54.5C soc1@53.812C VDD_IN 5480mW/9647mW VDD_CPU_GPU_CV 520mW/2726mW VDD_SOC 2800mW/3764mW
08-01-2026 20:45:53 RAM 1456/7620MB (lfb 70x4MB) SWAP 0/3810MB (cached 0MB) CPU [0%@729,0%@729,0%@729,0%@729,0%@729,0%@729] GR3D_FREQ 0% cpu@53.375C soc2@51.937C soc0@53.906C gpu@54.468C tj@54.468C soc1@53.937C VDD_IN 5480mW/9645mW VDD_CPU_GPU_CV 520mW/2724mW VDD_SOC 2800mW/3763mW
08-01-2026 20:45:54 RAM 1456/7620MB (lfb 70x4MB) SWAP 0/3810MB (cached 0MB) CPU [0%@729,0%@729,0%@729,0%@729,0%@729,0%@729] GR3D_FREQ 0% cpu@53.343C soc2@51.906C soc0@53.843C gpu@54.406C tj@54.406C soc1@53.937C VDD_IN 5480mW/9643mW VDD_CPU_GPU_CV 520mW/2723mW VDD_SOC 2800mW/3763mW
08-01-2026 20:45:55 RAM 1456/7620MB (lfb 70x4MB) SWAP 0/3810MB (cached 0MB) CPU [0%@729,0%@729,0%@729,1%@729,0%@729,0%@729] GR3D_FREQ 0% cpu@53.406C soc2@51.937C soc0@53.906C gpu@54.375C tj@54.375C soc1@53.656C VDD_IN 5480mW/9641mW VDD_CPU_GPU_CV 520mW/2722mW VDD_SOC 2800mW/3762mW
08-01-2026 20:45:56 RAM 1456/7620MB (lfb 70x4MB) SWAP 0/3810MB (cached 0MB) CPU [0%@729,1%@729,0%@729,0%@729,0%@729,0%@729] GR3D_FREQ 0% cpu@53.312C soc2@51.875C soc0@53.968C gpu@54.281C tj@54.187C soc1@53.687C VDD_IN 5480mW/9639mW VDD_CPU_GPU_CV 520mW/2721mW VDD_SOC 2800mW/3762mW
08-01-2026 20:45:57 RAM 1456/7620MB (lfb 70x4MB) SWAP 0/3810MB (cached 0MB) CPU [0%@729,0%@729,1%@729,1%@729,0%@729,0%@729] GR3D_FREQ 0% cpu@53.468C soc2@51.812C soc0@53.781C gpu@54.218C tj@54.218C soc1@53.718C VDD_IN 5480mW/9636mW VDD_CPU_GPU_CV 520mW/2720mW VDD_SOC 2800mW/3761mW
08-01-2026 20:45:58 RAM 1456/7620MB (lfb 70x4MB) SWAP 0/3810MB (cached 0MB) CPU [0%@729,0%@729,0%@729,1%@729,0%@729,0%@729] GR3D_FREQ 0% cpu@53.25C soc2@51.75C soc0@53.812C gpu@54.125C tj@54.125C soc1@53.718C VDD_IN 5480mW/9634mW VDD_CPU_GPU_CV 520mW/2719mW VDD_SOC 2800mW/3761mW
08-01-2026 20:45:59 RAM 1456/7620MB (lfb 70x4MB) SWAP 0/3810MB (cached 0MB) CPU [0%@729,0%@729,0%@729,0%@729,0%@729,0%@729] GR3D_FREQ 0% cpu@53.156C soc2@51.843C soc0@53.656C gpu@54.031C tj@54.031C soc1@53.718C VDD_IN 5480mW/9632mW VDD_CPU_GPU_CV 520mW/2718mW VDD_SOC 2800mW/3760mW
08-01-2026 20:46:00 RAM 1456/7620MB (lfb 70x4MB) SWAP 0/3810MB (cached 0MB) CPU [1%@729,1%@729,0%@729,1%@729,0%@729,0%@729] GR3D_FREQ 0% cpu@53.093C soc2@51.718C soc0@53.812C gpu@54.093C tj@54.093C soc1@53.5C VDD_IN 5480mW/9630mW VDD_CPU_GPU_CV 520mW/2717mW VDD_SOC 2800mW/3760mW
08-01-2026 20:46:01 RAM 1456/7620MB (lfb 70x4MB) SWAP 0/3810MB (cached 0MB) CPU [0%@729,0%@729,1%@729,0%@729,0%@729,0%@729] GR3D_FREQ 0% cpu@53.125C soc2@51.656C soc0@53.781C gpu@53.968C tj@53.968C soc1@53.5C VDD_IN 5520mW/9628mW VDD_CPU_GPU_CV 520mW/2715mW VDD_SOC 2800mW/3759mW
08-01-2026 20:46:02 RAM 1456/7620MB (lfb 70x4MB) SWAP 0/3810MB (cached 0MB) CPU [0%@729,0%@729,0%@729,0%@729,0%@729,0%@729] GR3D_FREQ 0% cpu@53.281C soc2@51.593C soc0@53.593C gpu@54C tj@54C soc1@53.5C VDD_IN 5480mW/9626mW VDD_CPU_GPU_CV 520mW/2714mW VDD_SOC 2800mW/3759mW
08-01-2026 20:46:03 RAM 1456/7620MB (lfb 70x4MB) SWAP 0/3810MB (cached 0MB) CPU [0%@729,0%@729,0%@729,1%@729,0%@729,0%@729] GR3D_FREQ 0% cpu@52.937C soc2@51.562C soc0@53.625C gpu@53.937C tj@53.937C soc1@53.468C VDD_IN 5480mW/9624mW VDD_CPU_GPU_CV 520mW/2713mW VDD_SOC 2800mW/3759mW
08-01-2026 20:46:04 RAM 1456/7620MB (lfb 70x4MB) SWAP 0/3810MB (cached 0MB) CPU [1%@729,0%@729,0%@729,0%@729,0%@729,0%@729] GR3D_FREQ 0% cpu@52.968C soc2@51.593C soc0@53.687C gpu@54.031C tj@54.031C soc1@53.468C VDD_IN 5480mW/9622mW VDD_CPU_GPU_CV 520mW/2712mW VDD_SOC 2800mW/3758mW
08-01-2026 20:46:05 RAM 1456/7620MB (lfb 70x4MB) SWAP 0/3810MB (cached 0MB) CPU [0%@729,0%@729,0%@729,0%@729,0%@729,0%@729] GR3D_FREQ 0% cpu@52.875C soc2@51.468C soc0@53.562C gpu@54.125C tj@54.125C soc1@53.281C VDD_IN 5480mW/9619mW VDD_CPU_GPU_CV 520mW/2711mW VDD_SOC 2800mW/3758mW
08-01-2026 20:46:06 RAM 1456/7620MB (lfb 70x4MB) SWAP 0/3810MB (cached 0MB) CPU [0%@729,1%@729,0%@729,0%@729,0%@729,0%@729] GR3D_FREQ 0% cpu@53C soc2@51.468C soc0@53.625C gpu@54.062C tj@54.062C soc1@53.281C VDD_IN 5520mW/9617mW VDD_CPU_GPU_CV 560mW/2710mW VDD_SOC 2800mW/3757mW
08-01-2026 20:46:07 RAM 1456/7620MB (lfb 70x4MB) SWAP 0/3810MB (cached 0MB) CPU [0%@729,0%@729,1%@729,0%@729,0%@729,0%@729] GR3D_FREQ 0% cpu@53C soc2@51.406C soc0@53.406C gpu@54.125C tj@54.125C soc1@53.312C VDD_IN 5480mW/9615mW VDD_CPU_GPU_CV 520mW/2709mW VDD_SOC 2800mW/3757mW
08-01-2026 20:46:08 RAM 1456/7620MB (lfb 70x4MB) SWAP 0/3810MB (cached 0MB) CPU [0%@729,0%@729,0%@729,0%@729,0%@729,0%@729] GR3D_FREQ 0% cpu@52.906C soc2@51.406C soc0@53.437C gpu@54.125C tj@54.125C soc1@53.25C VDD_IN 5480mW/9613mW VDD_CPU_GPU_CV 520mW/2708mW VDD_SOC 2800mW/3756mW
08-01-2026 20:46:09 RAM 1456/7620MB (lfb 70x4MB) SWAP 0/3810MB (cached 0MB) CPU [1%@729,1%@729,0%@729,0%@729,0%@729,0%@729] GR3D_FREQ 0% cpu@52.812C soc2@51.437C soc0@53.406C gpu@54.031C tj@54.031C soc1@53.375C VDD_IN 5480mW/9611mW VDD_CPU_GPU_CV 520mW/2706mW VDD_SOC 2800mW/3756mW
08-01-2026 20:46:10 RAM 1456/7620MB (lfb 70x4MB) SWAP 0/3810MB (cached 0MB) CPU [0%@729,0%@729,0%@729,0%@729,0%@729,0%@729] GR3D_FREQ 0% cpu@52.812C soc2@51.281C soc0@53.406C gpu@54.031C tj@54.031C soc1@53.125C VDD_IN 5480mW/9609mW VDD_CPU_GPU_CV 520mW/2705mW VDD_SOC 2760mW/3755mW
08-01-2026 20:46:11 RAM 1456/7620MB (lfb 70x4MB) SWAP 0/3810MB (cached 0MB) CPU [0%@1728,0%@1728,2%@1728,1%@1728,0%@729,0%@729] GR3D_FREQ 0% cpu@52.781C soc2@51.25C soc0@53.406C gpu@53.718C tj@53.718C soc1@53.187C VDD_IN 5520mW/9607mW VDD_CPU_GPU_CV 520mW/2704mW VDD_SOC 2800mW/3755mW
08-01-2026 20:46:12 RAM 1456/7620MB (lfb 70x4MB) SWAP 0/3810MB (cached 0MB) CPU [1%@729,1%@729,1%@729,0%@729,0%@729,0%@729] GR3D_FREQ 0% cpu@52.906C soc2@51.281C soc0@53.093C gpu@53.75C tj@53.75C soc1@53.156C VDD_IN 5480mW/9605mW VDD_CPU_GPU_CV 520mW/2703mW VDD_SOC 2760mW/3754mW
08-01-2026 20:46:13 RAM 1456/7620MB (lfb 70x4MB) SWAP 0/3810MB (cached 0MB) CPU [0%@729,0%@729,0%@729,1%@729,0%@729,0%@729] GR3D_FREQ 0% cpu@52.625C soc2@51.312C soc0@53.218C gpu@53.656C tj@53.656C soc1@53.187C VDD_IN 5480mW/9603mW VDD_CPU_GPU_CV 520mW/2702mW VDD_SOC 2760mW/3754mW
08-01-2026 20:46:14 RAM 1456/7620MB (lfb 70x4MB) SWAP 0/3810MB (cached 0MB) CPU [0%@729,0%@729,0%@729,0%@729,0%@729,0%@729] GR3D_FREQ 0% cpu@52.781C soc2@51.312C soc0@53.218C gpu@53.718C tj@53.718C soc1@53.125C VDD_IN 5480mW/9600mW VDD_CPU_GPU_CV 520mW/2701mW VDD_SOC 2760mW/3753mW
08-01-2026 20:46:15 RAM 1456/7620MB (lfb 70x4MB) SWAP 0/3810MB (cached 0MB) CPU [0%@729,0%@729,0%@729,1%@729,0%@729,0%@729] GR3D_FREQ 0% cpu@52.781C soc2@51.218C soc0@53.312C gpu@53.625C tj@53.625C soc1@52.968C VDD_IN 5480mW/9598mW VDD_CPU_GPU_CV 520mW/2700mW VDD_SOC 2760mW/3753mW
08-01-2026 20:46:16 RAM 1456/7620MB (lfb 70x4MB) SWAP 0/3810MB (cached 0MB) CPU [2%@729,0%@729,0%@729,0%@729,0%@729,0%@729] GR3D_FREQ 0% cpu@52.687C soc2@51.156C soc0@53.312C gpu@53.593C tj@53.593C soc1@52.937C VDD_IN 5520mW/9596mW VDD_CPU_GPU_CV 520mW/2699mW VDD_SOC 2800mW/3752mW
08-01-2026 20:46:17 RAM 1456/7620MB (lfb 70x4MB) SWAP 0/3810MB (cached 0MB) CPU [0%@729,0%@729,0%@729,0%@729,0%@729,0%@729] GR3D_FREQ 0% cpu@52.781C soc2@51.156C soc0@53.093C gpu@53.406C tj@53.406C soc1@52.937C VDD_IN 5480mW/9594mW VDD_CPU_GPU_CV 520mW/2698mW VDD_SOC 2760mW/3752mW
08-01-2026 20:46:18 RAM 1456/7620MB (lfb 70x4MB) SWAP 0/3810MB (cached 0MB) CPU [2%@729,1%@729,0%@729,0%@729,0%@729,0%@729] GR3D_FREQ 0% cpu@52.531C soc2@51.218C soc0@53.156C gpu@53.375C tj@53.375C soc1@52.937C VDD_IN 5480mW/9592mW VDD_CPU_GPU_CV 520mW/2696mW VDD_SOC 2760mW/3751mW
08-01-2026 20:46:19 RAM 1456/7620MB (lfb 70x4MB) SWAP 0/3810MB (cached 0MB) CPU [1%@729,0%@729,0%@729,1%@729,0%@729,0%@729] GR3D_FREQ 0% cpu@52.75C soc2@51.062C soc0@53.031C gpu@53.468C tj@53.468C soc1@52.906C VDD_IN 5480mW/9590mW VDD_CPU_GPU_CV 520mW/2695mW VDD_SOC 2760mW/3751mW
08-01-2026 20:46:20 RAM 1456/7620MB (lfb 70x4MB) SWAP 0/3810MB (cached 0MB) CPU [0%@729,0%@729,0%@729,0%@729,0%@729,0%@729] GR3D_FREQ 0% cpu@52.437C soc2@50.937C soc0@53.062C gpu@53.343C tj@53.343C soc1@52.718C VDD_IN 5480mW/9588mW VDD_CPU_GPU_CV 520mW/2694mW VDD_SOC 2760mW/3750mW
08-01-2026 20:46:21 RAM 1456/7620MB (lfb 70x4MB) SWAP 0/3810MB (cached 0MB) CPU [0%@729,0%@729,0%@729,0%@729,0%@729,0%@729] GR3D_FREQ 0% cpu@52.5C soc2@51.031C soc0@53.062C gpu@53.312C tj@53.312C soc1@52.718C VDD_IN 5480mW/9586mW VDD_CPU_GPU_CV 520mW/2693mW VDD_SOC 2760mW/3750mW
08-01-2026 20:46:22 RAM 1456/7620MB (lfb 70x4MB) SWAP 0/3810MB (cached 0MB) CPU [0%@729,1%@729,0%@729,1%@729,0%@729,0%@729] GR3D_FREQ 0% cpu@52.625C soc2@51.031C soc0@52.875C gpu@53.312C tj@53.312C soc1@52.781C VDD_IN 5480mW/9584mW VDD_CPU_GPU_CV 520mW/2692mW VDD_SOC 2760mW/3749mW
08-01-2026 20:46:23 RAM 1456/7620MB (lfb 70x4MB) SWAP 0/3810MB (cached 0MB) CPU [0%@729,0%@729,0%@729,1%@729,0%@729,0%@729] GR3D_FREQ 0% cpu@52.406C soc2@50.968C soc0@52.968C gpu@53.375C tj@53.375C soc1@52.687C VDD_IN 5480mW/9582mW VDD_CPU_GPU_CV 520mW/2691mW VDD_SOC 2800mW/3749mW
08-01-2026 20:46:24 RAM 1456/7620MB (lfb 70x4MB) SWAP 0/3810MB (cached 0MB) CPU [0%@729,0%@729,0%@729,0%@729,0%@729,0%@729] GR3D_FREQ 0% cpu@52.625C soc2@50.968C soc0@52.906C gpu@53.437C tj@53.437C soc1@52.812C VDD_IN 5480mW/9579mW VDD_CPU_GPU_CV 520mW/2690mW VDD_SOC 2760mW/3748mW
08-01-2026 20:46:25 RAM 1456/7620MB (lfb 70x4MB) SWAP 0/3810MB (cached 0MB) CPU [1%@729,0%@729,0%@729,0%@729,0%@729,0%@729] GR3D_FREQ 0% cpu@52.343C soc2@50.906C soc0@53C gpu@53.437C tj@53.437C soc1@52.906C VDD_IN 5480mW/9577mW VDD_CPU_GPU_CV 520mW/2689mW VDD_SOC 2760mW/3748mW
08-01-2026 20:46:26 RAM 1456/7620MB (lfb 70x4MB) SWAP 0/3810MB (cached 0MB) CPU [0%@729,0%@729,0%@729,0%@729,0%@729,0%@729] GR3D_FREQ 0% cpu@52.375C soc2@50.843C soc0@52.906C gpu@53.468C tj@53.468C soc1@52.656C VDD_IN 5480mW/9575mW VDD_CPU_GPU_CV 520mW/2688mW VDD_SOC 2760mW/3747mW
08-01-2026 20:46:27 RAM 1456/7620MB (lfb 70x4MB) SWAP 0/3810MB (cached 0MB) CPU [2%@729,0%@729,0%@729,0%@729,0%@729,0%@729] GR3D_FREQ 0% cpu@52.406C soc2@50.937C soc0@52.843C gpu@53.406C tj@53.406C soc1@52.562C VDD_IN 5480mW/9573mW VDD_CPU_GPU_CV 520mW/2686mW VDD_SOC 2760mW/3747mW
08-01-2026 20:46:28 RAM 1456/7620MB (lfb 70x4MB) SWAP 0/3810MB (cached 0MB) CPU [0%@729,0%@729,0%@729,1%@729,0%@729,0%@729] GR3D_FREQ 0% cpu@52.187C soc2@50.875C soc0@52.843C gpu@53.437C tj@53.437C soc1@52.656C VDD_IN 5480mW/9571mW VDD_CPU_GPU_CV 520mW/2685mW VDD_SOC 2760mW/3746mW
08-01-2026 20:46:29 RAM 1456/7620MB (lfb 70x4MB) SWAP 0/3810MB (cached 0MB) CPU [0%@729,0%@729,0%@729,0%@729,0%@729,0%@729] GR3D_FREQ 0% cpu@52.5C soc2@50.781C soc0@52.781C gpu@53.406C tj@53.406C soc1@52.656C VDD_IN 5480mW/9569mW VDD_CPU_GPU_CV 520mW/2684mW VDD_SOC 2760mW/3746mW
08-01-2026 20:46:30 RAM 1456/7620MB (lfb 70x4MB) SWAP 0/3810MB (cached 0MB) CPU [0%@729,1%@729,1%@729,0%@729,0%@729,0%@729] GR3D_FREQ 0% cpu@52.187C soc2@50.875C soc0@52.812C gpu@53.406C tj@53.406C soc1@52.687C VDD_IN 5480mW/9567mW VDD_CPU_GPU_CV 520mW/2683mW VDD_SOC 2800mW/3745mW
08-01-2026 20:46:31 RAM 1456/7620MB (lfb 70x4MB) SWAP 0/3810MB (cached 0MB) CPU [0%@729,0%@729,0%@729,2%@729,0%@729,0%@729] GR3D_FREQ 0% cpu@52.281C soc2@50.75C soc0@52.812C gpu@53.125C tj@53.125C soc1@52.5C VDD_IN 5480mW/9565mW VDD_CPU_GPU_CV 520mW/2682mW VDD_SOC 2760mW/3745mW
08-01-2026 20:46:32 RAM 1456/7620MB (lfb 70x4MB) SWAP 0/3810MB (cached 0MB) CPU [0%@729,0%@729,0%@729,0%@729,0%@729,0%@729] GR3D_FREQ 0% cpu@52.343C soc2@50.718C soc0@52.625C gpu@53.093C tj@53.093C soc1@52.531C VDD_IN 5488mW/9563mW VDD_CPU_GPU_CV 520mW/2681mW VDD_SOC 2760mW/3744mW
08-01-2026 20:46:33 RAM 1456/7620MB (lfb 70x4MB) SWAP 0/3810MB (cached 0MB) CPU [0%@729,0%@729,0%@729,0%@729,0%@729,0%@729] GR3D_FREQ 0% cpu@52.062C soc2@50.718C soc0@52.781C gpu@53.031C tj@53.031C soc1@52.5C VDD_IN 5480mW/9561mW VDD_CPU_GPU_CV 520mW/2680mW VDD_SOC 2760mW/3744mW
08-01-2026 20:46:34 RAM 1456/7620MB (lfb 70x4MB) SWAP 0/3810MB (cached 0MB) CPU [1%@729,0%@729,0%@729,0%@729,0%@729,0%@729] GR3D_FREQ 0% cpu@52.343C soc2@50.781C soc0@52.718C gpu@53.125C tj@53.125C soc1@52.593C VDD_IN 5440mW/9559mW VDD_CPU_GPU_CV 520mW/2679mW VDD_SOC 2760mW/3743mW
08-01-2026 20:46:36 RAM 1456/7620MB (lfb 70x4MB) SWAP 0/3810MB (cached 0MB) CPU [0%@729,0%@729,1%@729,1%@729,0%@729,0%@729] GR3D_FREQ 0% cpu@52C soc2@50.656C soc0@52.656C gpu@53C tj@53C soc1@52.625C VDD_IN 5480mW/9557mW VDD_CPU_GPU_CV 520mW/2678mW VDD_SOC 2760mW/3743mW
08-01-2026 20:46:37 RAM 1456/7620MB (lfb 70x4MB) SWAP 0/3810MB (cached 0MB) CPU [0%@729,0%@729,0%@729,1%@729,0%@729,0%@729] GR3D_FREQ 0% cpu@52.031C soc2@50.593C soc0@52.781C gpu@53C tj@53C soc1@52.281C VDD_IN 5480mW/9555mW VDD_CPU_GPU_CV 520mW/2677mW VDD_SOC 2760mW/3742mW
08-01-2026 20:46:38 RAM 1456/7620MB (lfb 70x4MB) SWAP 0/3810MB (cached 0MB) CPU [1%@729,0%@729,0%@729,0%@729,0%@729,0%@729] GR3D_FREQ 0% cpu@52.125C soc2@50.781C soc0@52.531C gpu@53.031C tj@53.281C soc1@52.343C VDD_IN 5480mW/9553mW VDD_CPU_GPU_CV 520mW/2676mW VDD_SOC 2760mW/3742mW
08-01-2026 20:46:39 RAM 1456/7620MB (lfb 70x4MB) SWAP 0/3810MB (cached 0MB) CPU [0%@729,0%@729,0%@729,2%@729,0%@729,0%@729] GR3D_FREQ 0% cpu@51.937C soc2@50.562C soc0@52.437C gpu@53.375C tj@53.375C soc1@52.406C VDD_IN 5480mW/9550mW VDD_CPU_GPU_CV 520mW/2674mW VDD_SOC 2760mW/3741mW
08-01-2026 20:46:40 RAM 1456/7620MB (lfb 70x4MB) SWAP 0/3810MB (cached 0MB) CPU [0%@729,1%@729,0%@729,0%@729,0%@729,0%@729] GR3D_FREQ 0% cpu@52.25C soc2@50.625C soc0@52.531C gpu@53.375C tj@53.375C soc1@52.437C VDD_IN 5480mW/9548mW VDD_CPU_GPU_CV 520mW/2673mW VDD_SOC 2760mW/3741mW
08-01-2026 20:46:41 RAM 1456/7620MB (lfb 70x4MB) SWAP 0/3810MB (cached 0MB) CPU [0%@729,0%@729,0%@729,1%@729,0%@729,0%@729] GR3D_FREQ 0% cpu@51.937C soc2@50.593C soc0@52.468C gpu@52.781C tj@52.781C soc1@52.406C VDD_IN 5488mW/9546mW VDD_CPU_GPU_CV 520mW/2672mW VDD_SOC 2760mW/3740mW
08-01-2026 20:46:42 RAM 1456/7620MB (lfb 70x4MB) SWAP 0/3810MB (cached 0MB) CPU [0%@729,1%@729,0%@729,1%@729,0%@729,0%@729] GR3D_FREQ 0% cpu@51.937C soc2@50.531C soc0@52.5C gpu@52.843C tj@52.843C soc1@52.156C VDD_IN 5488mW/9544mW VDD_CPU_GPU_CV 520mW/2671mW VDD_SOC 2760mW/3740mW
08-01-2026 20:46:43 RAM 1456/7620MB (lfb 70x4MB) SWAP 0/3810MB (cached 0MB) CPU [1%@729,0%@729,0%@729,1%@729,0%@729,0%@729] GR3D_FREQ 0% cpu@52.062C soc2@50.5C soc0@52.5C gpu@52.812C tj@52.812C soc1@52.25C VDD_IN 5480mW/9542mW VDD_CPU_GPU_CV 520mW/2670mW VDD_SOC 2760mW/3739mW
08-01-2026 20:46:44 RAM 1456/7620MB (lfb 70x4MB) SWAP 0/3810MB (cached 0MB) CPU [0%@729,0%@729,0%@729,2%@729,0%@729,0%@729] GR3D_FREQ 0% cpu@51.812C soc2@50.531C soc0@52.437C gpu@52.781C tj@52.781C soc1@52.125C VDD_IN 5480mW/9540mW VDD_CPU_GPU_CV 520mW/2669mW VDD_SOC 2760mW/3739mW
08-01-2026 20:46:45 RAM 1456/7620MB (lfb 70x4MB) SWAP 0/3810MB (cached 0MB) CPU [1%@729,1%@729,0%@729,0%@729,0%@729,0%@729] GR3D_FREQ 0% cpu@52.062C soc2@50.5C soc0@52.312C gpu@52.687C tj@52.875C soc1@52.25C VDD_IN 5480mW/9538mW VDD_CPU_GPU_CV 520mW/2668mW VDD_SOC 2760mW/3738mW
08-01-2026 20:46:46 RAM 1456/7620MB (lfb 70x4MB) SWAP 0/3810MB (cached 0MB) CPU [0%@729,0%@729,0%@729,1%@729,0%@729,0%@729] GR3D_FREQ 0% cpu@51.75C soc2@50.468C soc0@52.437C gpu@52.906C tj@52.906C soc1@52.25C VDD_IN 5480mW/9536mW VDD_CPU_GPU_CV 520mW/2667mW VDD_SOC 2760mW/3738mW
08-01-2026 20:46:47 RAM 1456/7620MB (lfb 70x4MB) SWAP 0/3810MB (cached 0MB) CPU [0%@729,0%@729,0%@729,0%@729,0%@729,0%@729] GR3D_FREQ 0% cpu@51.812C soc2@50.437C soc0@52.406C gpu@52.937C tj@52.937C soc1@52.125C VDD_IN 5440mW/9534mW VDD_CPU_GPU_CV 520mW/2666mW VDD_SOC 2760mW/3737mW
08-01-2026 20:46:48 RAM 1456/7620MB (lfb 70x4MB) SWAP 0/3810MB (cached 0MB) CPU [0%@729,0%@729,0%@729,1%@729,0%@729,0%@729] GR3D_FREQ 0% cpu@51.906C soc2@50.406C soc0@52.281C gpu@52.937C tj@52.937C soc1@52.062C VDD_IN 5448mW/9532mW VDD_CPU_GPU_CV 520mW/2665mW VDD_SOC 2760mW/3737mW
08-01-2026 20:46:49 RAM 1456/7620MB (lfb 70x4MB) SWAP 0/3810MB (cached 0MB) CPU [1%@729,0%@729,0%@729,0%@729,0%@729,0%@729] GR3D_FREQ 0% cpu@51.718C soc2@50.406C soc0@52.281C gpu@52.875C tj@52.875C soc1@52.062C VDD_IN 5448mW/9530mW VDD_CPU_GPU_CV 520mW/2664mW VDD_SOC 2760mW/3736mW
08-01-2026 20:46:50 RAM 1456/7620MB (lfb 70x4MB) SWAP 0/3810MB (cached 0MB) CPU [1%@729,0%@729,0%@729,0%@729,0%@729,0%@729] GR3D_FREQ 0% cpu@51.875C soc2@50.343C soc0@52.25C gpu@52.812C tj@52.812C soc1@52.187C VDD_IN 5440mW/9528mW VDD_CPU_GPU_CV 520mW/2663mW VDD_SOC 2760mW/3736mW
08-01-2026 20:46:51 RAM 1456/7620MB (lfb 70x4MB) SWAP 0/3810MB (cached 0MB) CPU [0%@729,0%@729,0%@729,0%@729,0%@729,0%@729] GR3D_FREQ 0% cpu@51.625C soc2@50.281C soc0@52.281C gpu@52.937C tj@52.937C soc1@52.218C VDD_IN 5440mW/9526mW VDD_CPU_GPU_CV 520mW/2661mW VDD_SOC 2760mW/3735mW
08-01-2026 20:46:52 RAM 1456/7620MB (lfb 70x4MB) SWAP 0/3810MB (cached 0MB) CPU [0%@729,0%@729,0%@729,0%@729,0%@729,0%@729] GR3D_FREQ 0% cpu@51.718C soc2@50.25C soc0@52.312C gpu@52.531C tj@52.531C soc1@51.968C VDD_IN 5488mW/9524mW VDD_CPU_GPU_CV 520mW/2660mW VDD_SOC 2760mW/3735mW
08-01-2026 20:46:53 RAM 1456/7620MB (lfb 70x4MB) SWAP 0/3810MB (cached 0MB) CPU [1%@729,0%@729,0%@729,0%@729,0%@729,0%@729] GR3D_FREQ 0% cpu@51.781C soc2@50.25C soc0@52.281C gpu@52.562C tj@52.562C soc1@52.031C VDD_IN 5480mW/9522mW VDD_CPU_GPU_CV 520mW/2659mW VDD_SOC 2760mW/3734mW
08-01-2026 20:46:54 RAM 1456/7620MB (lfb 70x4MB) SWAP 0/3810MB (cached 0MB) CPU [1%@729,0%@729,0%@729,0%@729,0%@729,0%@729] GR3D_FREQ 0% cpu@51.625C soc2@50.343C soc0@52.156C gpu@52.531C tj@52.531C soc1@52C VDD_IN 5440mW/9520mW VDD_CPU_GPU_CV 520mW/2658mW VDD_SOC 2760mW/3734mW
08-01-2026 20:46:55 RAM 1456/7620MB (lfb 70x4MB) SWAP 0/3810MB (cached 0MB) CPU [1%@729,0%@729,0%@729,1%@729,0%@729,0%@729] GR3D_FREQ 0% cpu@51.812C soc2@50.218C soc0@52.156C gpu@52.531C tj@52.531C soc1@52C VDD_IN 5440mW/9518mW VDD_CPU_GPU_CV 520mW/2657mW VDD_SOC 2760mW/3733mW
08-01-2026 20:46:56 RAM 1456/7620MB (lfb 70x4MB) SWAP 0/3810MB (cached 0MB) CPU [0%@729,0%@729,0%@729,0%@729,0%@729,0%@729] GR3D_FREQ 0% cpu@51.593C soc2@50.281C soc0@52.187C gpu@52.531C tj@52.531C soc1@52.093C VDD_IN 5440mW/9516mW VDD_CPU_GPU_CV 520mW/2656mW VDD_SOC 2760mW/3733mW
08-01-2026 20:46:57 RAM 1456/7620MB (lfb 70x4MB) SWAP 0/3810MB (cached 0MB) CPU [0%@729,0%@729,0%@729,0%@729,0%@729,0%@729] GR3D_FREQ 0% cpu@51.625C soc2@50.125C soc0@52.25C gpu@52.593C tj@52.593C soc1@51.906C VDD_IN 5480mW/9514mW VDD_CPU_GPU_CV 520mW/2655mW VDD_SOC 2800mW/3732mW
08-01-2026 20:46:58 RAM 1456/7620MB (lfb 70x4MB) SWAP 0/3810MB (cached 0MB) CPU [1%@729,1%@729,0%@729,0%@729,0%@729,0%@729] GR3D_FREQ 0% cpu@51.75C soc2@50.125C soc0@52.125C gpu@52.531C tj@52.875C soc1@51.906C VDD_IN 5488mW/9512mW VDD_CPU_GPU_CV 520mW/2654mW VDD_SOC 2800mW/3732mW
08-01-2026 20:46:59 RAM 1456/7620MB (lfb 70x4MB) SWAP 0/3810MB (cached 0MB) CPU [0%@729,0%@729,0%@729,1%@729,0%@729,0%@729] GR3D_FREQ 0% cpu@51.937C soc2@50.187C soc0@52.031C gpu@52.812C tj@52.812C soc1@51.906C VDD_IN 5488mW/9510mW VDD_CPU_GPU_CV 520mW/2653mW VDD_SOC 2800mW/3731mW
08-01-2026 20:47:00 RAM 1456/7620MB (lfb 70x4MB) SWAP 0/3810MB (cached 0MB) CPU [0%@729,0%@729,0%@729,0%@729,0%@729,0%@729] GR3D_FREQ 0% cpu@51.718C soc2@50.156C soc0@52.093C gpu@52.843C tj@52.843C soc1@51.875C VDD_IN 5488mW/9508mW VDD_CPU_GPU_CV 520mW/2652mW VDD_SOC 2800mW/3731mW
08-01-2026 20:47:01 RAM 1456/7620MB (lfb 70x4MB) SWAP 0/3810MB (cached 0MB) CPU [0%@729,0%@729,0%@729,0%@729,0%@729,0%@729] GR3D_FREQ 0% cpu@51.5C soc2@50.062C soc0@52.125C gpu@52.875C tj@52.875C soc1@51.906C VDD_IN 5488mW/9506mW VDD_CPU_GPU_CV 520mW/2651mW VDD_SOC 2800mW/3730mW
08-01-2026 20:47:02 RAM 1456/7620MB (lfb 70x4MB) SWAP 0/3810MB (cached 0MB) CPU [1%@729,0%@729,0%@729,0%@729,0%@729,0%@729] GR3D_FREQ 0% cpu@51.531C soc2@50.125C soc0@52.031C gpu@52.812C tj@52.812C soc1@51.781C VDD_IN 5480mW/9504mW VDD_CPU_GPU_CV 520mW/2650mW VDD_SOC 2800mW/3730mW
08-01-2026 20:47:03 RAM 1456/7620MB (lfb 70x4MB) SWAP 0/3810MB (cached 0MB) CPU [0%@729,1%@729,0%@729,0%@729,0%@729,0%@729] GR3D_FREQ 0% cpu@51.531C soc2@50.093C soc0@52C gpu@52.843C tj@52.843C soc1@51.687C VDD_IN 5480mW/9502mW VDD_CPU_GPU_CV 520mW/2649mW VDD_SOC 2800mW/3729mW
08-01-2026 20:47:04 RAM 1456/7620MB (lfb 70x4MB) SWAP 0/3810MB (cached 0MB) CPU [0%@729,1%@729,0%@729,1%@729,0%@729,0%@729] GR3D_FREQ 0% cpu@51.812C soc2@50.062C soc0@52C gpu@52.25C tj@52.437C soc1@51.75C VDD_IN 5480mW/9500mW VDD_CPU_GPU_CV 520mW/2648mW VDD_SOC 2800mW/3729mW
08-01-2026 20:47:05 RAM 1456/7620MB (lfb 70x4MB) SWAP 0/3810MB (cached 0MB) CPU [0%@729,1%@729,0%@729,0%@729,0%@729,0%@729] GR3D_FREQ 0% cpu@51.562C soc2@49.968C soc0@51.968C gpu@52.437C tj@52.437C soc1@51.812C VDD_IN 5488mW/9498mW VDD_CPU_GPU_CV 520mW/2647mW VDD_SOC 2800mW/3729mW
08-01-2026 20:47:06 RAM 1456/7620MB (lfb 70x4MB) SWAP 0/3810MB (cached 0MB) CPU [0%@729,0%@729,0%@729,0%@729,0%@729,0%@729] GR3D_FREQ 0% cpu@51.5C soc2@50.093C soc0@51.968C gpu@52.531C tj@52.531C soc1@51.843C VDD_IN 5480mW/9496mW VDD_CPU_GPU_CV 520mW/2645mW VDD_SOC 2800mW/3728mW
08-01-2026 20:47:07 RAM 1456/7620MB (lfb 70x4MB) SWAP 0/3810MB (cached 0MB) CPU [0%@729,1%@729,0%@729,1%@729,0%@729,0%@729] GR3D_FREQ 0% cpu@51.437C soc2@49.968C soc0@52.031C gpu@52.5C tj@52.5C soc1@51.625C VDD_IN 5480mW/9494mW VDD_CPU_GPU_CV 520mW/2644mW VDD_SOC 2800mW/3728mW
08-01-2026 20:47:08 RAM 1456/7620MB (lfb 70x4MB) SWAP 0/3810MB (cached 0MB) CPU [0%@729,0%@729,0%@729,0%@729,0%@729,0%@729] GR3D_FREQ 0% cpu@51.468C soc2@50C soc0@51.906C gpu@52.468C tj@52.468C soc1@51.656C VDD_IN 5480mW/9492mW VDD_CPU_GPU_CV 520mW/2643mW VDD_SOC 2800mW/3727mW
08-01-2026 20:47:09 RAM 1456/7620MB (lfb 70x4MB) SWAP 0/3810MB (cached 0MB) CPU [0%@729,0%@729,0%@729,0%@729,0%@729,0%@729] GR3D_FREQ 0% cpu@51.718C soc2@49.968C soc0@51.875C gpu@52.5C tj@52.5C soc1@51.656C VDD_IN 5488mW/9490mW VDD_CPU_GPU_CV 520mW/2642mW VDD_SOC 2800mW/3727mW
08-01-2026 20:47:10 RAM 1456/7620MB (lfb 70x4MB) SWAP 0/3810MB (cached 0MB) CPU [0%@729,1%@729,0%@729,1%@729,0%@729,0%@729] GR3D_FREQ 0% cpu@51.5C soc2@49.968C soc0@51.812C gpu@52.437C tj@52.437C soc1@51.718C VDD_IN 5488mW/9488mW VDD_CPU_GPU_CV 520mW/2641mW VDD_SOC 2800mW/3726mW
08-01-2026 20:47:11 RAM 1456/7620MB (lfb 70x4MB) SWAP 0/3810MB (cached 0MB) CPU [0%@729,0%@729,0%@729,0%@729,0%@729,0%@729] GR3D_FREQ 0% cpu@51.25C soc2@49.968C soc0@51.906C gpu@52.375C tj@52.218C soc1@51.75C VDD_IN 5488mW/9486mW VDD_CPU_GPU_CV 520mW/2640mW VDD_SOC 2800mW/3726mW
08-01-2026 20:47:12 RAM 1456/7620MB (lfb 70x4MB) SWAP 0/3810MB (cached 0MB) CPU [0%@729,0%@729,0%@729,0%@729,0%@729,0%@729] GR3D_FREQ 0% cpu@51.343C soc2@49.968C soc0@51.875C gpu@52.218C tj@52.218C soc1@51.625C VDD_IN 5488mW/9484mW VDD_CPU_GPU_CV 520mW/2639mW VDD_SOC 2800mW/3725mW
08-01-2026 20:47:13 RAM 1457/7620MB (lfb 70x4MB) SWAP 0/3810MB (cached 0MB) CPU [1%@729,0%@729,0%@729,0%@729,0%@729,0%@729] GR3D_FREQ 0% cpu@51.406C soc2@49.968C soc0@51.875C gpu@52.218C tj@52.218C soc1@51.656C VDD_IN 5480mW/9482mW VDD_CPU_GPU_CV 520mW/2638mW VDD_SOC 2800mW/3725mW
08-01-2026 20:47:14 RAM 1457/7620MB (lfb 70x4MB) SWAP 0/3810MB (cached 0MB) CPU [0%@729,1%@729,0%@729,0%@729,0%@729,0%@729] GR3D_FREQ 0% cpu@51.562C soc2@49.968C soc0@51.718C gpu@52.25C tj@52.25C soc1@51.562C VDD_IN 5488mW/9480mW VDD_CPU_GPU_CV 520mW/2637mW VDD_SOC 2800mW/3724mW
08-01-2026 20:47:15 RAM 1457/7620MB (lfb 70x4MB) SWAP 0/3810MB (cached 0MB) CPU [0%@729,0%@729,0%@729,0%@729,0%@729,0%@729] GR3D_FREQ 0% cpu@51.437C soc2@49.906C soc0@51.843C gpu@52.187C tj@52.187C soc1@51.687C VDD_IN 5488mW/9478mW VDD_CPU_GPU_CV 520mW/2636mW VDD_SOC 2800mW/3724mW
08-01-2026 20:47:16 RAM 1457/7620MB (lfb 70x4MB) SWAP 0/3810MB (cached 0MB) CPU [2%@729,0%@729,0%@729,0%@729,0%@729,0%@729] GR3D_FREQ 0% cpu@51.25C soc2@49.968C soc0@51.843C gpu@52.187C tj@52.187C soc1@51.656C VDD_IN 5488mW/9476mW VDD_CPU_GPU_CV 520mW/2635mW VDD_SOC 2800mW/3723mW
08-01-2026 20:47:17 RAM 1457/7620MB (lfb 70x4MB) SWAP 0/3810MB (cached 0MB) CPU [1%@729,0%@729,0%@729,0%@729,0%@729,0%@729] GR3D_FREQ 0% cpu@51.187C soc2@49.843C soc0@51.781C gpu@52.156C tj@52.156C soc1@51.562C VDD_IN 5488mW/9474mW VDD_CPU_GPU_CV 520mW/2634mW VDD_SOC 2800mW/3723mW
08-01-2026 20:47:18 RAM 1457/7620MB (lfb 70x4MB) SWAP 0/3810MB (cached 0MB) CPU [0%@729,0%@729,0%@729,0%@729,0%@729,0%@729] GR3D_FREQ 0% cpu@51.406C soc2@49.906C soc0@51.718C gpu@52.343C tj@52.343C soc1@51.468C VDD_IN 5448mW/9472mW VDD_CPU_GPU_CV 520mW/2633mW VDD_SOC 2800mW/3723mW
08-01-2026 20:47:19 RAM 1457/7620MB (lfb 70x4MB) SWAP 0/3810MB (cached 0MB) CPU [0%@729,0%@729,0%@729,0%@729,0%@729,0%@729] GR3D_FREQ 0% cpu@51.437C soc2@49.843C soc0@51.625C gpu@52.375C tj@52.375C soc1@51.5C VDD_IN 5488mW/9470mW VDD_CPU_GPU_CV 520mW/2632mW VDD_SOC 2800mW/3722mW
08-01-2026 20:47:20 RAM 1457/7620MB (lfb 70x4MB) SWAP 0/3810MB (cached 0MB) CPU [1%@729,1%@729,0%@729,0%@729,0%@729,0%@729] GR3D_FREQ 0% cpu@51.187C soc2@49.812C soc0@51.75C gpu@52.406C tj@52.406C soc1@51.625C VDD_IN 5488mW/9468mW VDD_CPU_GPU_CV 520mW/2631mW VDD_SOC 2800mW/3722mW
08-01-2026 20:47:21 RAM 1457/7620MB (lfb 70x4MB) SWAP 0/3810MB (cached 0MB) CPU [0%@729,0%@729,0%@729,0%@729,0%@729,0%@729] GR3D_FREQ 0% cpu@51.312C soc2@49.781C soc0@51.781C gpu@52.437C tj@52.437C soc1@51.375C VDD_IN 5488mW/9466mW VDD_CPU_GPU_CV 520mW/2630mW VDD_SOC 2800mW/3721mW
08-01-2026 20:47:22 RAM 1457/7620MB (lfb 70x4MB) SWAP 0/3810MB (cached 0MB) CPU [0%@729,1%@729,0%@729,0%@729,0%@729,0%@729] GR3D_FREQ 0% cpu@51.343C soc2@49.781C soc0@51.75C gpu@52.062C tj@52.062C soc1@51.375C VDD_IN 5488mW/9464mW VDD_CPU_GPU_CV 520mW/2629mW VDD_SOC 2800mW/3721mW
08-01-2026 20:47:23 RAM 1457/7620MB (lfb 70x4MB) SWAP 0/3810MB (cached 0MB) CPU [0%@729,1%@729,0%@729,0%@729,0%@729,0%@729] GR3D_FREQ 0% cpu@51.156C soc2@49.781C soc0@51.625C gpu@52.093C tj@52.093C soc1@51.375C VDD_IN 5480mW/9462mW VDD_CPU_GPU_CV 520mW/2628mW VDD_SOC 2800mW/3720mW
08-01-2026 20:47:24 RAM 1457/7620MB (lfb 70x4MB) SWAP 0/3810MB (cached 0MB) CPU [0%@729,0%@729,0%@729,0%@729,0%@729,0%@729] GR3D_FREQ 0% cpu@51.437C soc2@49.781C soc0@51.656C gpu@52.125C tj@52.125C soc1@51.437C VDD_IN 5480mW/9460mW VDD_CPU_GPU_CV 520mW/2627mW VDD_SOC 2800mW/3720mW
08-01-2026 20:47:25 RAM 1457/7620MB (lfb 70x4MB) SWAP 0/3810MB (cached 0MB) CPU [0%@729,1%@729,0%@729,0%@729,0%@729,0%@729] GR3D_FREQ 0% cpu@51.062C soc2@49.75C soc0@51.656C gpu@52.093C tj@52.093C soc1@51.5C VDD_IN 5480mW/9458mW VDD_CPU_GPU_CV 520mW/2626mW VDD_SOC 2800mW/3719mW
08-01-2026 20:47:26 RAM 1457/7620MB (lfb 70x4MB) SWAP 0/3810MB (cached 0MB) CPU [0%@729,1%@729,0%@729,0%@729,0%@729,0%@729] GR3D_FREQ 0% cpu@51.062C soc2@49.625C soc0@51.656C gpu@52.031C tj@52.031C soc1@51.25C VDD_IN 5488mW/9456mW VDD_CPU_GPU_CV 520mW/2625mW VDD_SOC 2800mW/3719mW
08-01-2026 20:47:27 RAM 1457/7620MB (lfb 70x4MB) SWAP 0/3810MB (cached 0MB) CPU [0%@729,0%@729,0%@729,0%@729,0%@729,0%@729] GR3D_FREQ 0% cpu@51.218C soc2@49.625C soc0@51.656C gpu@51.937C tj@51.937C soc1@51.25C VDD_IN 5488mW/9454mW VDD_CPU_GPU_CV 520mW/2623mW VDD_SOC 2800mW/3718mW
08-01-2026 20:47:28 RAM 1457/7620MB (lfb 70x4MB) SWAP 0/3810MB (cached 0MB) CPU [0%@729,0%@729,0%@729,0%@729,0%@729,0%@729] GR3D_FREQ 0% cpu@51.156C soc2@49.593C soc0@51.5C gpu@52.031C tj@52.031C soc1@51.281C VDD_IN 5488mW/9452mW VDD_CPU_GPU_CV 520mW/2622mW VDD_SOC 2800mW/3718mW
08-01-2026 20:47:29 RAM 1457/7620MB (lfb 70x4MB) SWAP 0/3810MB (cached 0MB) CPU [1%@729,0%@729,0%@729,0%@729,0%@729,0%@729] GR3D_FREQ 0% cpu@51.187C soc2@49.75C soc0@51.468C gpu@51.937C tj@51.937C soc1@51.343C VDD_IN 5488mW/9450mW VDD_CPU_GPU_CV 520mW/2621mW VDD_SOC 2800mW/3718mW
08-01-2026 20:47:30 RAM 1457/7620MB (lfb 70x4MB) SWAP 0/3810MB (cached 0MB) CPU [0%@729,0%@729,0%@729,1%@729,0%@729,0%@729] GR3D_FREQ 0% cpu@50.937C soc2@49.656C soc0@51.5C gpu@51.906C tj@51.906C soc1@51.343C VDD_IN 5488mW/9448mW VDD_CPU_GPU_CV 520mW/2620mW VDD_SOC 2800mW/3717mW
08-01-2026 20:47:31 RAM 1457/7620MB (lfb 70x4MB) SWAP 0/3810MB (cached 0MB) CPU [2%@729,0%@729,0%@729,0%@729,0%@729,0%@729] GR3D_FREQ 0% cpu@51.031C soc2@49.656C soc0@51.5C gpu@51.937C tj@51.937C soc1@51.218C VDD_IN 5488mW/9446mW VDD_CPU_GPU_CV 520mW/2619mW VDD_SOC 2800mW/3717mW
08-01-2026 20:47:32 RAM 1457/7620MB (lfb 70x4MB) SWAP 0/3810MB (cached 0MB) CPU [0%@729,0%@729,0%@729,0%@729,0%@729,0%@729] GR3D_FREQ 0% cpu@50.906C soc2@49.625C soc0@51.531C gpu@51.812C tj@51.812C soc1@51.218C VDD_IN 5488mW/9444mW VDD_CPU_GPU_CV 520mW/2618mW VDD_SOC 2800mW/3716mW
08-01-2026 20:47:33 RAM 1457/7620MB (lfb 70x4MB) SWAP 0/3810MB (cached 0MB) CPU [2%@729,0%@729,0%@729,1%@729,0%@729,0%@729] GR3D_FREQ 0% cpu@51.093C soc2@49.593C soc0@51.343C gpu@51.875C tj@51.875C soc1@51.187C VDD_IN 5488mW/9442mW VDD_CPU_GPU_CV 520mW/2617mW VDD_SOC 2800mW/3716mW
08-01-2026 20:47:34 RAM 1457/7620MB (lfb 70x4MB) SWAP 0/3810MB (cached 0MB) CPU [0%@729,0%@729,0%@729,0%@729,0%@729,0%@729] GR3D_FREQ 0% cpu@51.187C soc2@49.656C soc0@51.437C gpu@51.781C tj@51.781C soc1@51.218C VDD_IN 5488mW/9440mW VDD_CPU_GPU_CV 520mW/2616mW VDD_SOC 2800mW/3715mW
08-01-2026 20:47:35 RAM 1457/7620MB (lfb 70x4MB) SWAP 0/3810MB (cached 0MB) CPU [0%@729,0%@729,0%@729,0%@729,0%@729,0%@729] GR3D_FREQ 0% cpu@50.968C soc2@49.562C soc0@51.437C gpu@51.812C tj@51.812C soc1@51.25C VDD_IN 5488mW/9439mW VDD_CPU_GPU_CV 520mW/2615mW VDD_SOC 2800mW/3715mW
08-01-2026 20:47:36 RAM 1457/7620MB (lfb 70x4MB) SWAP 0/3810MB (cached 0MB) CPU [0%@729,0%@729,0%@729,0%@729,0%@729,0%@729] GR3D_FREQ 0% cpu@50.937C soc2@49.5C soc0@51.437C gpu@51.75C tj@52.031C soc1@51.187C VDD_IN 5488mW/9437mW VDD_CPU_GPU_CV 520mW/2614mW VDD_SOC 2800mW/3714mW
08-01-2026 20:47:37 RAM 1457/7620MB (lfb 70x4MB) SWAP 0/3810MB (cached 0MB) CPU [1%@729,0%@729,1%@729,0%@729,0%@729,0%@729] GR3D_FREQ 0% cpu@50.875C soc2@49.5C soc0@51.437C gpu@52.031C tj@52.031C soc1@51.156C VDD_IN 5480mW/9435mW VDD_CPU_GPU_CV 520mW/2613mW VDD_SOC 2800mW/3714mW
08-01-2026 20:47:38 RAM 1457/7620MB (lfb 70x4MB) SWAP 0/3810MB (cached 0MB) CPU [0%@729,0%@729,0%@729,0%@729,0%@729,0%@729] GR3D_FREQ 0% cpu@50.937C soc2@49.5C soc0@51.281C gpu@52C tj@52C soc1@51.062C VDD_IN 5480mW/9433mW VDD_CPU_GPU_CV 520mW/2612mW VDD_SOC 2800mW/3714mW
08-01-2026 20:47:39 RAM 1457/7620MB (lfb 70x4MB) SWAP 0/3810MB (cached 0MB) CPU [0%@729,0%@729,1%@729,0%@729,0%@729,0%@729] GR3D_FREQ 0% cpu@51.156C soc2@49.531C soc0@51.375C gpu@52.062C tj@52.062C soc1@51.125C VDD_IN 5488mW/9431mW VDD_CPU_GPU_CV 520mW/2611mW VDD_SOC 2800mW/3713mW
08-01-2026 20:47:40 RAM 1457/7620MB (lfb 70x4MB) SWAP 0/3810MB (cached 0MB) CPU [0%@729,0%@729,0%@729,0%@729,0%@729,0%@729] GR3D_FREQ 0% cpu@50.875C soc2@49.5C soc0@51.281C gpu@52.031C tj@52.031C soc1@51.156C VDD_IN 5488mW/9429mW VDD_CPU_GPU_CV 520mW/2610mW VDD_SOC 2800mW/3713mW
08-01-2026 20:47:41 RAM 1457/7620MB (lfb 70x4MB) SWAP 0/3810MB (cached 0MB) CPU [0%@729,0%@729,0%@729,0%@729,0%@729,0%@729] GR3D_FREQ 0% cpu@50.875C soc2@49.531C soc0@51.406C gpu@52.062C tj@52.062C soc1@51.156C VDD_IN 5480mW/9427mW VDD_CPU_GPU_CV 520mW/2609mW VDD_SOC 2800mW/3712mW
08-01-2026 20:47:42 RAM 1457/7620MB (lfb 70x4MB) SWAP 0/3810MB (cached 0MB) CPU [1%@729,1%@729,0%@729,0%@729,0%@729,0%@729] GR3D_FREQ 0% cpu@50.781C soc2@49.375C soc0@51.437C gpu@52C tj@52C soc1@51.062C VDD_IN 5480mW/9425mW VDD_CPU_GPU_CV 520mW/2608mW VDD_SOC 2800mW/3712mW
08-01-2026 20:47:43 RAM 1457/7620MB (lfb 70x4MB) SWAP 0/3810MB (cached 0MB) CPU [0%@729,1%@729,0%@729,0%@729,0%@729,0%@729] GR3D_FREQ 0% cpu@50.843C soc2@49.437C soc0@51.312C gpu@52.031C tj@52.031C soc1@51.062C VDD_IN 5480mW/9423mW VDD_CPU_GPU_CV 520mW/2607mW VDD_SOC 2800mW/3711mW
08-01-2026 20:47:44 RAM 1457/7620MB (lfb 70x4MB) SWAP 0/3810MB (cached 0MB) CPU [0%@729,0%@729,0%@729,0%@729,0%@729,0%@729] GR3D_FREQ 0% cpu@50.968C soc2@49.468C soc0@51.312C gpu@51.781C tj@51.781C soc1@51.062C VDD_IN 5488mW/9421mW VDD_CPU_GPU_CV 520mW/2606mW VDD_SOC 2800mW/3711mW
08-01-2026 20:47:45 RAM 1457/7620MB (lfb 70x4MB) SWAP 0/3810MB (cached 0MB) CPU [0%@729,1%@729,0%@729,0%@729,0%@729,0%@729] GR3D_FREQ 0% cpu@50.75C soc2@49.593C soc0@51.312C gpu@51.718C tj@51.718C soc1@51.125C VDD_IN 5488mW/9419mW VDD_CPU_GPU_CV 520mW/2605mW VDD_SOC 2800mW/3710mW
08-01-2026 20:47:46 RAM 1457/7620MB (lfb 70x4MB) SWAP 0/3810MB (cached 0MB) CPU [1%@729,0%@729,0%@729,0%@729,0%@729,0%@729] GR3D_FREQ 0% cpu@50.843C soc2@49.531C soc0@51.437C gpu@51.75C tj@51.75C soc1@51.187C VDD_IN 5448mW/9417mW VDD_CPU_GPU_CV 520mW/2604mW VDD_SOC 2800mW/3710mW
08-01-2026 20:47:47 RAM 1457/7620MB (lfb 70x4MB) SWAP 0/3810MB (cached 0MB) CPU [0%@729,1%@729,1%@729,0%@729,0%@729,0%@729] GR3D_FREQ 0% cpu@50.718C soc2@49.406C soc0@51.25C gpu@51.718C tj@51.718C soc1@50.968C VDD_IN 5448mW/9415mW VDD_CPU_GPU_CV 480mW/2603mW VDD_SOC 2800mW/3710mW
08-01-2026 20:47:48 RAM 1457/7620MB (lfb 70x4MB) SWAP 0/3810MB (cached 0MB) CPU [0%@729,1%@729,0%@729,1%@729,0%@729,0%@729] GR3D_FREQ 0% cpu@50.781C soc2@49.343C soc0@51.218C gpu@51.75C tj@51.75C soc1@50.906C VDD_IN 5488mW/9413mW VDD_CPU_GPU_CV 520mW/2602mW VDD_SOC 2800mW/3709mW
08-01-2026 20:47:49 RAM 1457/7620MB (lfb 70x4MB) SWAP 0/3810MB (cached 0MB) CPU [1%@729,1%@729,0%@729,0%@729,0%@729,0%@729] GR3D_FREQ 0% cpu@50.937C soc2@49.468C soc0@51.187C gpu@51.687C tj@51.687C soc1@50.968C VDD_IN 5488mW/9412mW VDD_CPU_GPU_CV 520mW/2601mW VDD_SOC 2800mW/3709mW
08-01-2026 20:47:50 RAM 1457/7620MB (lfb 70x4MB) SWAP 0/3810MB (cached 0MB) CPU [0%@729,0%@729,0%@729,0%@729,0%@729,0%@729] GR3D_FREQ 0% cpu@50.718C soc2@49.312C soc0@51.218C gpu@51.781C tj@51.781C soc1@51C VDD_IN 5440mW/9410mW VDD_CPU_GPU_CV 480mW/2600mW VDD_SOC 2800mW/3708mW
08-01-2026 20:47:51 RAM 1457/7620MB (lfb 70x4MB) SWAP 0/3810MB (cached 0MB) CPU [1%@729,1%@729,0%@729,0%@729,0%@729,0%@729] GR3D_FREQ 0% cpu@50.75C soc2@49.5C soc0@51.281C gpu@51.687C tj@51.687C soc1@51.031C VDD_IN 5488mW/9408mW VDD_CPU_GPU_CV 520mW/2599mW VDD_SOC 2800mW/3708mW
08-01-2026 20:47:52 RAM 1457/7620MB (lfb 70x4MB) SWAP 0/3810MB (cached 0MB) CPU [0%@729,0%@729,0%@729,0%@729,0%@729,0%@729] GR3D_FREQ 0% cpu@50.687C soc2@49.312C soc0@51.25C gpu@51.656C tj@51.656C soc1@50.968C VDD_IN 5488mW/9406mW VDD_CPU_GPU_CV 520mW/2598mW VDD_SOC 2800mW/3707mW
08-01-2026 20:47:53 RAM 1457/7620MB (lfb 70x4MB) SWAP 0/3810MB (cached 0MB) CPU [0%@729,1%@729,0%@729,0%@729,0%@729,0%@729] GR3D_FREQ 0% cpu@50.75C soc2@49.312C soc0@51.187C gpu@51.656C tj@51.656C soc1@50.937C VDD_IN 5448mW/9404mW VDD_CPU_GPU_CV 520mW/2597mW VDD_SOC 2800mW/3707mW
08-01-2026 20:47:54 RAM 1457/7620MB (lfb 70x4MB) SWAP 0/3810MB (cached 0MB) CPU [0%@729,0%@729,0%@729,0%@729,0%@729,0%@729] GR3D_FREQ 0% cpu@51C soc2@49.281C soc0@51.156C gpu@51.531C tj@51.531C soc1@50.906C VDD_IN 5488mW/9402mW VDD_CPU_GPU_CV 520mW/2596mW VDD_SOC 2800mW/3706mW
08-01-2026 20:47:55 RAM 1457/7620MB (lfb 70x4MB) SWAP 0/3810MB (cached 0MB) CPU [0%@729,0%@729,0%@729,0%@729,0%@729,0%@729] GR3D_FREQ 0% cpu@50.781C soc2@49.375C soc0@51.187C gpu@51.625C tj@51.625C soc1@50.968C VDD_IN 5448mW/9400mW VDD_CPU_GPU_CV 520mW/2595mW VDD_SOC 2800mW/3706mW
08-01-2026 20:47:56 RAM 1457/7620MB (lfb 70x4MB) SWAP 0/3810MB (cached 0MB) CPU [0%@729,0%@729,1%@729,0%@729,0%@729,0%@729] GR3D_FREQ 0% cpu@50.562C soc2@49.343C soc0@51.156C gpu@51.562C tj@51.562C soc1@51.031C VDD_IN 5448mW/9398mW VDD_CPU_GPU_CV 520mW/2594mW VDD_SOC 2800mW/3706mW
08-01-2026 20:47:57 RAM 1457/7620MB (lfb 70x4MB) SWAP 0/3810MB (cached 0MB) CPU [1%@729,0%@729,0%@729,0%@729,0%@729,0%@729] GR3D_FREQ 0% cpu@50.656C soc2@49.25C soc0@51.25C gpu@51.593C tj@51.593C soc1@50.843C VDD_IN 5488mW/9396mW VDD_CPU_GPU_CV 520mW/2593mW VDD_SOC 2800mW/3705mW
08-01-2026 20:47:58 RAM 1457/7620MB (lfb 70x4MB) SWAP 0/3810MB (cached 0MB) CPU [0%@729,0%@729,1%@729,0%@729,0%@729,0%@729] GR3D_FREQ 0% cpu@50.656C soc2@49.25C soc0@51.281C gpu@51.593C tj@51.593C soc1@50.843C VDD_IN 5488mW/9394mW VDD_CPU_GPU_CV 520mW/2592mW VDD_SOC 2800mW/3705mW
08-01-2026 20:47:59 RAM 1457/7620MB (lfb 70x4MB) SWAP 0/3810MB (cached 0MB) CPU [1%@729,0%@729,0%@729,0%@729,0%@729,0%@729] GR3D_FREQ 0% cpu@50.875C soc2@49.281C soc0@51.062C gpu@51.718C tj@51.718C soc1@50.781C VDD_IN 5440mW/9392mW VDD_CPU_GPU_CV 520mW/2591mW VDD_SOC 2800mW/3704mW
08-01-2026 20:48:00 RAM 1457/7620MB (lfb 70x4MB) SWAP 0/3810MB (cached 0MB) CPU [1%@729,0%@729,0%@729,0%@729,0%@729,0%@729] GR3D_FREQ 0% cpu@50.687C soc2@49.312C soc0@51.187C gpu@51.812C tj@51.812C soc1@50.906C VDD_IN 5448mW/9390mW VDD_CPU_GPU_CV 520mW/2590mW VDD_SOC 2800mW/3704mW
08-01-2026 20:48:01 RAM 1457/7620MB (lfb 70x4MB) SWAP 0/3810MB (cached 0MB) CPU [0%@729,2%@729,0%@729,0%@729,0%@729,0%@729] GR3D_FREQ 0% cpu@50.937C soc2@49.343C soc0@51.125C gpu@51.75C tj@51.75C soc1@50.968C VDD_IN 5488mW/9389mW VDD_CPU_GPU_CV 520mW/2589mW VDD_SOC 2800mW/3703mW
08-01-2026 20:48:02 RAM 1457/7620MB (lfb 70x4MB) SWAP 0/3810MB (cached 0MB) CPU [0%@729,0%@729,0%@729,0%@729,0%@729,0%@729] GR3D_FREQ 0% cpu@50.562C soc2@49.343C soc0@51.218C gpu@51.812C tj@51.812C soc1@50.968C VDD_IN 5448mW/9387mW VDD_CPU_GPU_CV 520mW/2588mW VDD_SOC 2800mW/3703mW
08-01-2026 20:48:03 RAM 1457/7620MB (lfb 70x4MB) SWAP 0/3810MB (cached 0MB) CPU [0%@729,1%@729,0%@729,0%@729,0%@729,0%@729] GR3D_FREQ 0% cpu@50.656C soc2@49.218C soc0@51.281C gpu@51.781C tj@51.781C soc1@50.75C VDD_IN 5448mW/9385mW VDD_CPU_GPU_CV 520mW/2587mW VDD_SOC 2800mW/3702mW
08-01-2026 20:48:04 RAM 1457/7620MB (lfb 70x4MB) SWAP 0/3810MB (cached 0MB) CPU [2%@729,2%@729,0%@729,0%@729,0%@729,0%@729] GR3D_FREQ 0% cpu@50.875C soc2@49.281C soc0@51.125C gpu@51.812C tj@51.5C soc1@50.812C VDD_IN 5488mW/9383mW VDD_CPU_GPU_CV 520mW/2586mW VDD_SOC 2800mW/3702mW
08-01-2026 20:48:05 RAM 1457/7620MB (lfb 70x4MB) SWAP 0/3810MB (cached 0MB) CPU [0%@729,2%@729,0%@729,0%@729,0%@729,0%@729] GR3D_FREQ 0% cpu@50.531C soc2@49.25C soc0@51.031C gpu@51.531C tj@51.531C soc1@50.812C VDD_IN 5448mW/9381mW VDD_CPU_GPU_CV 520mW/2585mW VDD_SOC 2800mW/3702mW
08-01-2026 20:48:06 RAM 1457/7620MB (lfb 70x4MB) SWAP 0/3810MB (cached 0MB) CPU [0%@729,1%@729,0%@729,0%@729,0%@729,0%@729] GR3D_FREQ 0% cpu@50.531C soc2@49.343C soc0@51.093C gpu@51.531C tj@51.531C soc1@50.906C VDD_IN 5448mW/9379mW VDD_CPU_GPU_CV 520mW/2584mW VDD_SOC 2800mW/3701mW
08-01-2026 20:48:07 RAM 1457/7620MB (lfb 70x4MB) SWAP 0/3810MB (cached 0MB) CPU [1%@729,1%@729,0%@729,0%@729,0%@729,0%@729] GR3D_FREQ 0% cpu@50.5C soc2@49.156C soc0@51.156C gpu@51.437C tj@51.437C soc1@50.812C VDD_IN 5488mW/9377mW VDD_CPU_GPU_CV 520mW/2583mW VDD_SOC 2800mW/3701mW
08-01-2026 20:48:08 RAM 1457/7620MB (lfb 70x4MB) SWAP 0/3810MB (cached 0MB) CPU [1%@729,0%@729,0%@729,0%@729,0%@729,0%@729] GR3D_FREQ 0% cpu@50.593C soc2@49.187C soc0@51C gpu@51.531C tj@51.531C soc1@50.718C VDD_IN 5448mW/9375mW VDD_CPU_GPU_CV 520mW/2582mW VDD_SOC 2800mW/3700mW
08-01-2026 20:48:09 RAM 1457/7620MB (lfb 70x4MB) SWAP 0/3810MB (cached 0MB) CPU [0%@729,0%@729,1%@729,0%@729,0%@729,0%@729] GR3D_FREQ 0% cpu@50.75C soc2@49.187C soc0@50.968C gpu@51.468C tj@51.468C soc1@50.843C VDD_IN 5488mW/9373mW VDD_CPU_GPU_CV 520mW/2581mW VDD_SOC 2800mW/3700mW
08-01-2026 20:48:10 RAM 1457/7620MB (lfb 70x4MB) SWAP 0/3810MB (cached 0MB) CPU [1%@729,0%@729,0%@729,0%@729,0%@729,0%@729] GR3D_FREQ 0% cpu@50.5C soc2@49.218C soc0@50.968C gpu@51.75C tj@51.75C soc1@50.75C VDD_IN 5448mW/9372mW VDD_CPU_GPU_CV 520mW/2580mW VDD_SOC 2800mW/3699mW
08-01-2026 20:48:11 RAM 1457/7620MB (lfb 70x4MB) SWAP 0/3810MB (cached 0MB) CPU [1%@729,0%@729,0%@729,0%@729,0%@729,0%@729] GR3D_FREQ 0% cpu@50.5C soc2@49.218C soc0@51.093C gpu@51.812C tj@51.812C soc1@50.843C VDD_IN 5448mW/9370mW VDD_CPU_GPU_CV 520mW/2579mW VDD_SOC 2800mW/3699mW
08-01-2026 20:48:12 RAM 1457/7620MB (lfb 70x4MB) SWAP 0/3810MB (cached 0MB) CPU [1%@729,0%@729,1%@729,1%@729,0%@729,0%@729] GR3D_FREQ 0% cpu@50.468C soc2@49.093C soc0@50.968C gpu@51.875C tj@51.875C soc1@50.625C VDD_IN 5488mW/9368mW VDD_CPU_GPU_CV 520mW/2578mW VDD_SOC 2800mW/3699mW
08-01-2026 20:48:13 RAM 1457/7620MB (lfb 70x4MB) SWAP 0/3810MB (cached 0MB) CPU [0%@729,0%@729,1%@729,0%@729,0%@729,0%@729] GR3D_FREQ 0% cpu@50.5C soc2@49.062C soc0@51.062C gpu@51.875C tj@51.875C soc1@50.687C VDD_IN 5488mW/9366mW VDD_CPU_GPU_CV 520mW/2577mW VDD_SOC 2760mW/3698mW
08-01-2026 20:48:14 RAM 1457/7620MB (lfb 70x4MB) SWAP 0/3810MB (cached 0MB) CPU [1%@729,0%@729,0%@729,0%@729,0%@729,0%@729] GR3D_FREQ 0% cpu@50.718C soc2@49.125C soc0@50.968C gpu@51.343C tj@51.343C soc1@50.687C VDD_IN 5488mW/9364mW VDD_CPU_GPU_CV 520mW/2576mW VDD_SOC 2800mW/3698mW
08-01-2026 20:48:15 RAM 1457/7620MB (lfb 70x4MB) SWAP 0/3810MB (cached 0MB) CPU [0%@729,0%@729,0%@729,0%@729,0%@729,0%@729] GR3D_FREQ 0% cpu@50.437C soc2@49.125C soc0@50.906C gpu@51.312C tj@51.312C soc1@50.718C VDD_IN 5488mW/9362mW VDD_CPU_GPU_CV 520mW/2575mW VDD_SOC 2800mW/3697mW
08-01-2026 20:48:16 RAM 1458/7620MB (lfb 70x4MB) SWAP 0/3810MB (cached 0MB) CPU [3%@1036,0%@1036,0%@1036,0%@1036,0%@729,0%@729] GR3D_FREQ 0% cpu@50.531C soc2@49.187C soc0@51C gpu@51.562C tj@51.562C soc1@50.843C VDD_IN 5528mW/9360mW VDD_CPU_GPU_CV 560mW/2574mW VDD_SOC 2800mW/3697mW
08-01-2026 20:48:17 RAM 1459/7620MB (lfb 70x4MB) SWAP 0/3810MB (cached 0MB) CPU [12%@729,8%@729,4%@729,4%@729,2%@729,1%@729] GR3D_FREQ 0% cpu@50.625C soc2@49.093C soc0@50.937C gpu@51.562C tj@51.562C soc1@50.625C VDD_IN 5568mW/9358mW VDD_CPU_GPU_CV 560mW/2573mW VDD_SOC 2800mW/3696mW
08-01-2026 20:48:18 RAM 1459/7620MB (lfb 70x4MB) SWAP 0/3810MB (cached 0MB) CPU [1%@729,0%@729,0%@729,0%@729,0%@729,0%@729] GR3D_FREQ 0% cpu@50.437C soc2@49.125C soc0@51C gpu@51.343C tj@51.343C soc1@50.656C VDD_IN 5488mW/9357mW VDD_CPU_GPU_CV 520mW/2572mW VDD_SOC 2800mW/3696mW
08-01-2026 20:48:19 RAM 1459/7620MB (lfb 70x4MB) SWAP 0/3810MB (cached 0MB) CPU [2%@729,1%@729,0%@729,0%@729,0%@729,0%@729] GR3D_FREQ 0% cpu@50.593C soc2@49.125C soc0@50.968C gpu@51.375C tj@51.375C soc1@50.812C VDD_IN 5488mW/9355mW VDD_CPU_GPU_CV 520mW/2571mW VDD_SOC 2800mW/3696mW
08-01-2026 20:48:20 RAM 1459/7620MB (lfb 70x4MB) SWAP 0/3810MB (cached 0MB) CPU [0%@729,0%@729,0%@729,0%@729,0%@729,0%@729] GR3D_FREQ 0% cpu@50.312C soc2@49.093C soc0@50.968C gpu@51.312C tj@51.312C soc1@50.781C VDD_IN 5448mW/9353mW VDD_CPU_GPU_CV 520mW/2570mW VDD_SOC 2800mW/3695mW
08-01-2026 20:48:21 RAM 1459/7620MB (lfb 70x4MB) SWAP 0/3810MB (cached 0MB) CPU [1%@729,1%@729,0%@729,0%@729,0%@729,0%@729] GR3D_FREQ 0% cpu@50.468C soc2@49.062C soc0@51.125C gpu@51.281C tj@51.281C soc1@50.687C VDD_IN 5440mW/9351mW VDD_CPU_GPU_CV 520mW/2569mW VDD_SOC 2800mW/3695mW
08-01-2026 20:48:22 RAM 1459/7620MB (lfb 70x4MB) SWAP 0/3810MB (cached 0MB) CPU [1%@729,0%@729,0%@729,0%@729,0%@729,0%@729] GR3D_FREQ 0% cpu@50.468C soc2@49.093C soc0@50.875C gpu@51.5C tj@51.5C soc1@50.593C VDD_IN 5448mW/9349mW VDD_CPU_GPU_CV 520mW/2568mW VDD_SOC 2760mW/3694mW
08-01-2026 20:48:23 RAM 1459/7620MB (lfb 70x4MB) SWAP 0/3810MB (cached 0MB) CPU [1%@729,1%@729,0%@729,0%@729,0%@729,0%@729] GR3D_FREQ 0% cpu@50.437C soc2@49.031C soc0@50.843C gpu@51.562C tj@51.562C soc1@50.625C VDD_IN 5440mW/9347mW VDD_CPU_GPU_CV 520mW/2567mW VDD_SOC 2800mW/3694mW
08-01-2026 20:48:24 RAM 1459/7620MB (lfb 70x4MB) SWAP 0/3810MB (cached 0MB) CPU [0%@729,0%@729,0%@729,0%@729,0%@729,0%@729] GR3D_FREQ 0% cpu@50.468C soc2@49C soc0@50.906C gpu@51.531C tj@51.531C soc1@50.625C VDD_IN 5480mW/9345mW VDD_CPU_GPU_CV 520mW/2566mW VDD_SOC 2800mW/3693mW
08-01-2026 20:48:25 RAM 1459/7620MB (lfb 70x4MB) SWAP 0/3810MB (cached 0MB) CPU [1%@729,0%@729,1%@729,0%@729,0%@729,0%@729] GR3D_FREQ 0% cpu@50.531C soc2@49C soc0@50.937C gpu@51.468C tj@51.468C soc1@50.718C VDD_IN 5488mW/9344mW VDD_CPU_GPU_CV 520mW/2565mW VDD_SOC 2800mW/3693mW
