elapsed_s,timestamp,gpu_temp_c,cpu_temp_c,tj_temp_c,soc0_temp_c,gpu_util_pct,gpu_clock_mhz,gpu_max_mhz,emc_util_pct,vdd_in_mw,vdd_cpu_gpu_cv_mw,vdd_soc_mw,ram_used_mb,cpu_util_mean_pct,cpu_clock_max_mhz
1.0,2026-08-01T16:14:50.809503+00:00,49.5,48.906,49.5,48.937,0,306,1020,,6149,802,2929,461,8.8,729
2.0,2026-08-01T16:14:51.813578+00:00,49.812,48.5,49.812,48.968,0,306,1020,,5787,561,2808,461,0.0,729
3.0,2026-08-01T16:14:52.820080+00:00,49.875,48.531,49.875,48.781,0,306,1020,,5568,560,2804,461,0.0,729
4.0,2026-08-01T16:14:53.827081+00:00,49.531,48.75,49.531,48.906,0,306,1020,,5568,560,2804,461,0.3,729
5.0,2026-08-01T16:14:54.833147+00:00,49.468,48.437,49.468,48.937,0,306,1020,,5568,560,2804,461,0.3,729
6.1,2026-08-01T16:14:55.839973+00:00,49.5,48.468,49.406,48.875,0,306,1020,,5528,560,2764,461,0.3,729
7.1,2026-08-01T16:14:56.846122+00:00,49.312,48.625,49.312,48.843,0,306,1020,,5488,560,2764,461,0.0,729
8.1,2026-08-01T16:14:57.852445+00:00,49.343,48.531,49.343,48.875,0,306,1020,,5488,560,2764,461,0.0,729
9.1,2026-08-01T16:14:58.858857+00:00,49.625,48.625,49.625,48.875,0,306,1020,,5488,560,2760,461,0.2,729
10.1,2026-08-01T16:14:59.865460+00:00,49.625,48.468,49.625,48.812,0,306,1020,,5488,560,2760,461,0.0,729
11.1,2026-08-01T16:15:00.871735+00:00,49.562,48.531,49.562,48.906,0,306,1020,,5488,560,2764,461,0.2,729
12.1,2026-08-01T16:15:01.878207+00:00,49.468,48.625,49.468,48.968,0,306,1020,,5488,560,2764,461,0.0,729
13.1,2026-08-01T16:15:02.884834+00:00,49.406,48.406,49.406,48.968,0,306,1020,,5528,560,2764,461,0.2,729
14.1,2026-08-01T16:15:03.891373+00:00,49.593,48.468,49.593,48.843,0,306,1020,,5488,560,2764,461,0.2,729
15.1,2026-08-01T16:15:04.898107+00:00,49.625,48.531,49.625,48.812,0,306,1020,,5488,560,2764,461,0.0,729
16.1,2026-08-01T16:15:05.904184+00:00,49.593,48.781,49.593,48.968,0,306,1020,,5488,560,2764,461,0.0,729
17.1,2026-08-01T16:15:06.910736+00:00,49.406,48.468,49.406,49,0,306,1020,,5488,560,2764,461,0.0,729
18.1,2026-08-01T16:15:07.917466+00:00,49.375,48.468,49.375,48.875,0,306,1020,,5488,560,2764,461,0.0,729
19.1,2026-08-01T16:15:08.924103+00:00,49.687,48.625,49.687,48.875,0,306,1020,,5488,560,2764,461,0.0,729
20.1,2026-08-01T16:15:09.930596+00:00,49.687,48.812,49.687,48.906,0,306,1020,,6249,1000,2924,474,8.7,1420
21.2,2026-08-01T16:15:10.940351+00:00,49.5,48.593,49.5,48.843,0,306,1020,,6209,800,2880,478,9.3,729
22.2,2026-08-01T16:15:11.944323+00:00,49.718,49.187,49.718,48.937,0,306,1020,,7331,1520,3205,652,19.7,1728
23.2,2026-08-01T16:15:12.949754+00:00,49.812,49.5,49.812,49,0,306,1020,,7451,1640,3280,690,16.7,1728
24.2,2026-08-01T16:15:13.955380+00:00,49.843,49.437,50,49.062,0,306,1020,,7451,1600,3280,724,16.2,1728
25.2,2026-08-01T16:15:14.961092+00:00,50.125,48.843,50.125,49.25,0,306,1020,,6770,1160,3080,755,14.0,1420
26.2,2026-08-01T16:15:15.970513+00:00,49.906,48.75,49.906,49.093,0,306,1020,,6009,640,2840,759,3.2,729
27.2,2026-08-01T16:15:16.977871+00:00,49.656,48.875,49.656,49.031,0,306,1020,,5889,680,2800,763,6.0,729
28.2,2026-08-01T16:15:17.982235+00:00,49.75,49.218,49.75,49.031,0,306,1020,,6610,1000,3044,772,14.0,1728
29.2,2026-08-01T16:15:18.988372+00:00,50.125,49.125,50.125,49.093,0,306,1020,,6530,960,2960,789,11.5,1190
30.2,2026-08-01T16:15:19.993589+00:00,50.093,49.187,50.093,49.093,0,306,1020,,6931,1200,3080,809,13.2,1728
31.2,2026-08-01T16:15:20.999997+00:00,50.25,49.156,50.25,49.125,0,306,1020,,6690,1080,3040,818,13.8,1267
32.2,2026-08-01T16:15:22.008744+00:00,49.843,48.843,49.843,49.281,0,306,1020,,5969,760,2800,820,9.0,729
33.2,2026-08-01T16:15:23.015608+00:00,49.843,49.031,49.843,49.156,0,306,1020,,6650,920,3000,823,7.3,729
34.2,2026-08-01T16:15:24.020474+00:00,50.375,49.968,50.375,49.125,0,306,1020,,7171,1480,3160,825,12.2,1728
35.2,2026-08-01T16:15:25.029656+00:00,50.312,49.312,50.312,49.281,0,306,1020,,6410,960,2920,837,14.7,729
36.3,2026-08-01T16:15:26.038265+00:00,49.875,48.843,49.875,49.125,0,306,1020,,5929,680,2800,845,9.0,729
37.3,2026-08-01T16:15:27.045566+00:00,50.218,49.25,50.218,49.218,0,306,1020,,5969,760,2800,852,11.7,1036
38.3,2026-08-01T16:15:28.058844+00:00,50.093,49.468,50.093,49.312,0,306,1020,,7051,1200,3160,863,13.5,729
39.3,2026-08-01T16:15:29.060057+00:00,50.031,49.281,50.031,49.25,0,306,1020,,6490,1120,3000,865,9.0,729
40.3,2026-08-01T16:15:30.066180+00:00,50.531,49.562,50.531,49.281,0,306,1020,,7171,1480,3160,1095,14.2,1420
41.3,2026-08-01T16:15:31.075450+00:00,49.937,49.125,49.937,49.406,0,306,1020,,6570,1040,2960,1101,12.3,1036
42.3,2026-08-01T16:15:32.080123+00:00,50.125,49.531,50.125,49.343,0,306,1020,,7051,1360,3120,1196,14.0,1728
43.3,2026-08-01T16:15:33.085356+00:00,50.218,49.593,50.218,49.437,0,306,1020,,7171,1480,3200,1196,17.0,1728
44.3,2026-08-01T16:15:34.090761+00:00,50.281,49.937,50.281,49.437,0,306,1020,,7411,1680,3200,1425,16.7,1728
45.3,2026-08-01T16:15:35.096137+00:00,50.468,49.812,50.468,49.562,0,306,1020,,7451,1680,3245,1682,16.8,1728
46.3,2026-08-01T16:15:36.101729+00:00,50.437,50,50.437,49.531,0,306,1020,,7331,1560,3200,1887,15.3,1728
47.3,2026-08-01T16:15:37.106979+00:00,50.437,49.937,50.437,49.656,0,306,1020,,7211,1520,3200,1887,16.7,1728
48.3,2026-08-01T16:15:38.112369+00:00,50.531,49.968,50.531,49.656,0,306,1020,,7211,1520,3200,1887,16.7,1728
49.3,2026-08-01T16:15:39.117689+00:00,50.656,50.031,50.437,49.593,0,306,1020,,7211,1520,3200,1887,16.8,1728
50.3,2026-08-01T16:15:40.122973+00:00,50.375,50,50.375,49.656,0,306,1020,,7211,1520,3200,1887,16.7,1728
51.3,2026-08-01T16:15:41.128485+00:00,50.5,50.125,50.5,49.718,0,306,1020,,7211,1520,3200,1887,16.8,1728
52.3,2026-08-01T16:15:42.133777+00:00,50.5,50,50.5,49.812,0,306,1020,,7211,1520,3200,1887,16.8,1728
53.4,2026-08-01T16:15:43.139297+00:00,50.5,50.125,50.5,49.687,0,306,1020,,7211,1520,3200,1887,16.7,1728
54.4,2026-08-01T16:15:44.144782+00:00,50.562,50.343,50.562,49.718,0,306,1020,,7211,1520,3200,1887,16.7,1728
55.4,2026-08-01T16:15:45.150093+00:00,50.687,50.156,50.687,49.875,0,306,1020,,7211,1520,3200,1887,16.8,1728
56.4,2026-08-01T16:15:46.155619+00:00,50.625,50.218,50.625,49.906,0,306,1020,,7211,1520,3200,1887,16.7,1728
57.4,2026-08-01T16:15:47.161115+00:00,50.937,50.156,50.937,50,0,306,1020,,7211,1520,3200,1887,16.8,1728
58.4,2026-08-01T16:15:48.166569+00:00,51.031,50.375,51.031,49.875,0,306,1020,,7251,1560,3200,1887,16.7,1728
59.4,2026-08-01T16:15:49.171957+00:00,51.093,50.406,51.093,49.875,0,306,1020,,7251,1560,3200,1887,16.8,1728
60.4,2026-08-01T16:15:50.177512+00:00,51.187,50.968,51.187,50.062,0,306,1020,,7451,1680,3240,1979,16.7,1728
61.4,2026-08-01T16:15:51.186486+00:00,51.125,49.812,51.125,50.062,0,306,1020,,6931,1320,3160,1979,14.7,1728
62.4,2026-08-01T16:15:52.194050+00:00,50.625,49.656,50.625,49.937,0,306,1020,,5769,680,2800,1981,3.0,729
63.4,2026-08-01T16:15:53.202376+00:00,51.031,49.781,51.031,50,0,306,1020,,6009,800,2880,2020,5.0,729
64.4,2026-08-01T16:15:54.207012+00:00,51.125,50.343,51.125,50,0,306,1020,,6891,1320,3120,2102,10.2,1728
65.4,2026-08-01T16:15:55.212291+00:00,50.843,50.5,50.843,50.062,0,306,1020,,7211,1520,3200,2102,16.8,1728
66.4,2026-08-01T16:15:56.217608+00:00,50.937,50.468,50.937,50,0,306,1020,,7491,1680,3240,2102,16.8,1728
67.4,2026-08-01T16:15:57.223003+00:00,50.875,50.531,50.875,50.125,0,306,1020,,7211,1520,3200,2102,16.7,1728
68.4,2026-08-01T16:15:58.228481+00:00,50.937,50.687,50.937,50.093,0,306,1020,,7211,1520,3200,2102,16.7,1728
69.4,2026-08-01T16:15:59.234067+00:00,51.062,50.5,51.062,50.125,0,306,1020,,7211,1520,3200,2102,16.7,1728
70.5,2026-08-01T16:16:00.239408+00:00,51,50.531,51,50.343,0,306,1020,,7211,1520,3200,2102,16.8,1728
71.5,2026-08-01T16:16:01.248150+00:00,50.687,49.968,50.687,50.125,0,306,1020,,6009,720,2840,2035,3.5,729
72.5,2026-08-01T16:16:02.255231+00:00,50.625,50.031,50.625,50.125,0,306,1020,,5889,600,2800,2035,1.7,729
73.5,2026-08-01T16:16:03.262021+00:00,50.843,49.718,50.843,50.281,0,306,1020,,5889,600,2800,2035,1.8,729
74.5,2026-08-01T16:16:04.269213+00:00,50.562,49.718,50.562,50.062,0,306,1020,,5889,600,2800,2035,1.7,729
75.5,2026-08-01T16:16:05.276459+00:00,50.625,49.843,50.625,50.093,0,306,1020,,5929,600,2800,2036,1.5,729
76.5,2026-08-01T16:16:06.284813+00:00,50.718,49.656,50.718,50.25,0,306,1020,,5929,600,2800,2036,2.0,729
77.5,2026-08-01T16:16:07.291639+00:00,50.5,49.562,50.5,50,0,306,1020,,5889,600,2800,2037,1.8,729
78.5,2026-08-01T16:16:08.298438+00:00,50.5,49.656,50.5,50.031,0,306,1020,,5889,600,2800,2037,1.8,729
79.5,2026-08-01T16:16:09.304859+00:00,50.75,49.656,50.75,50.125,0,306,1020,,5929,600,2800,2037,1.5,729
80.5,2026-08-01T16:16:10.314245+00:00,50.531,49.781,50.531,50,0,306,1020,,6049,680,2804,2033,9.8,729
81.5,2026-08-01T16:16:11.322664+00:00,50.75,49.656,50.75,50.093,0,306,1020,,6009,640,2800,2033,9.0,729
82.5,2026-08-01T16:16:12.331328+00:00,50.531,49.625,50.531,49.875,0,306,1020,,5969,600,2800,2034,3.3,729
83.6,2026-08-01T16:16:13.339101+00:00,50.75,49.843,50.75,50,0,306,1020,,6129,720,2840,2034,20.2,729
84.6,2026-08-01T16:16:14.680251+00:00,50.812,49.656,50.562,50.156,0,306,1020,,5969,600,2800,2034,3.0,729
85.6,2026-08-01T16:16:15.351132+00:00,50.625,50,50.625,50,0,306,1020,,6410,880,2920,2034,12.2,1728
86.6,2026-08-01T16:16:16.357368+00:00,50.906,50.468,50.906,50,13,306,1020,,8173,1760,3560,2300,29.2,1728
87.6,2026-08-01T16:16:17.364496+00:00,50.875,49.843,50.875,50.156,0,306,1020,,6279,683,2934,2354,3.0,729
88.6,2026-08-01T16:16:18.374388+00:00,50.718,49.843,50.718,49.937,0,306,1020,,6118,603,2858,2373,4.7,729
89.6,2026-08-01T16:16:19.383446+00:00,51.156,50.093,51.156,50.187,99,714,1020,,7165,1165,3134,2732,10.3,729
90.6,2026-08-01T16:16:20.388843+00:00,50.968,50.468,50.968,50.187,36,306,1020,,7757,1524,3335,2945,11.8,1728
91.6,2026-08-01T16:16:21.394354+00:00,51.312,50.781,51.312,50.281,28,408,1020,,10096,3000,3886,2947,15.3,1728
92.6,2026-08-01T16:16:22.399882+00:00,51.625,51.156,51.625,50.437,23,408,1020,,10496,3314,3960,2947,15.3,1728
93.6,2026-08-01T16:16:23.405396+00:00,51.781,51.031,51.781,50.437,22,510,1020,,10737,3394,4040,2947,15.0,1728
94.6,2026-08-01T16:16:24.410979+00:00,52.062,51.343,52.062,50.687,53,510,1020,,11000,3514,4080,2945,15.2,1728
95.6,2026-08-01T16:16:25.416929+00:00,52.593,50.937,52.593,50.656,41,612,1020,,11040,3554,4080,2944,15.5,1728
96.6,2026-08-01T16:16:26.423558+00:00,52.687,51.25,52.687,50.593,99,816,1020,,10576,3154,4080,2944,14.5,1728
97.6,2026-08-01T16:16:27.429306+00:00,53.062,51.343,52.875,50.843,86,1020,1020,,10336,3080,3960,2944,15.7,1728
98.7,2026-08-01T16:16:28.434743+00:00,52.656,51.093,52.656,50.937,96,714,1020,,9815,2800,3846,2944,15.5,729
99.7,2026-08-01T16:16:29.440747+00:00,52.406,51.093,52.406,50.906,99,714,1020,,9389,2524,3725,2944,16.0,1728
100.7,2026-08-01T16:16:30.446094+00:00,52.187,51.375,52.187,50.968,99,306,1020,,9028,2323,3651,2945,15.8,1728
101.7,2026-08-01T16:16:31.451779+00:00,51.968,51.625,52.281,51.031,38,306,1020,,8788,2203,3571,2945,15.0,1728
102.7,2026-08-01T16:16:32.456985+00:00,52.437,51.625,52.437,51.093,38,306,1020,,8747,2163,3611,2945,14.8,1728
103.7,2026-08-01T16:16:33.462549+00:00,52.531,51.937,52.531,51.25,38,306,1020,,8908,2283,3611,2945,15.3,1728
104.7,2026-08-01T16:16:34.468097+00:00,52.156,52.062,52.156,51.25,38,306,1020,,8988,2323,3611,2945,15.5,1728
105.7,2026-08-01T16:16:35.473264+00:00,52.125,51.843,52.125,51.312,36,306,1020,,9028,2363,3651,2945,15.5,1728
106.7,2026-08-01T16:16:36.478946+00:00,52.218,52.031,52.218,51.437,36,306,1020,,9068,2403,3651,2945,15.2,1728
107.7,2026-08-01T16:16:37.484139+00:00,52.531,51.75,52.531,51.437,36,306,1020,,9149,2443,3651,2945,15.3,1728
108.7,2026-08-01T16:16:38.489526+00:00,52.625,51.718,52.625,51.531,38,306,1020,,9189,2443,3685,2945,15.3,1728
109.7,2026-08-01T16:16:39.495218+00:00,52.625,51.687,52.625,51.5,38,306,1020,,9269,2483,3685,2945,15.2,1728
110.7,2026-08-01T16:16:40.500699+00:00,52.687,52.031,52.687,51.593,38,306,1020,,9309,2524,3685,2945,15.2,1728
111.7,2026-08-01T16:16:41.506095+00:00,52.718,52.343,52.718,51.593,29,306,1020,,9430,2604,3725,2945,15.0,1728
112.7,2026-08-01T16:16:42.511347+00:00,52.656,51.968,52.656,51.75,28,408,1020,,9510,2640,3725,2945,15.3,1728
113.7,2026-08-01T16:16:43.516801+00:00,52.75,52.187,52.75,51.656,29,408,1020,,9630,2680,3766,2945,15.2,1728
114.7,2026-08-01T16:16:44.522301+00:00,52.781,52.156,52.781,51.75,27,408,1020,,9695,2720,3766,2945,15.3,1728
115.7,2026-08-01T16:16:45.527930+00:00,52.906,52.281,52.906,51.875,29,408,1020,,9775,2800,3806,2945,15.2,1728
116.7,2026-08-01T16:16:46.533314+00:00,52.906,52.625,52.906,51.937,28,408,1020,,9695,2720,3846,2945,14.7,1728
117.8,2026-08-01T16:16:47.538729+00:00,53.062,52.75,53.218,51.906,28,408,1020,,9935,2800,3886,2945,14.7,1728
118.8,2026-08-01T16:16:48.544290+00:00,53.375,52.625,53.375,51.843,29,408,1020,,10416,3194,3920,2945,15.3,1728
119.8,2026-08-01T16:16:49.549728+00:00,53.468,52.468,53.468,51.968,26,408,1020,,10536,3274,3960,2945,15.3,1728
120.8,2026-08-01T16:16:50.555008+00:00,53.468,52.437,53.468,52.125,22,408,1020,,10536,3115,4040,2947,15.3,1728
121.8,2026-08-01T16:16:51.560418+00:00,53.812,52.843,53.812,52.187,33,510,1020,,11000,3554,4080,2947,15.0,1728
122.8,2026-08-01T16:16:52.565855+00:00,54.093,52.625,54.093,52.281,42,612,1020,,11120,3634,4120,2944,15.7,1728
123.8,2026-08-01T16:16:53.572073+00:00,53.875,52.718,53.875,52.156,37,612,1020,,11120,3634,4120,2944,15.7,1728
124.8,2026-08-01T16:16:54.578210+00:00,54.156,52.906,54.156,52.218,62,1020,1020,,11200,3674,4120,2945,15.2,1728
125.8,2026-08-01T16:16:55.584630+00:00,55,52.781,55,52.375,99,1020,1020,,11080,3554,4120,2945,15.8,1728
126.8,2026-08-01T16:16:56.590288+00:00,54.656,52.75,54.656,52.531,89,1020,1020,,10376,3120,4000,2945,15.7,1728
127.8,2026-08-01T16:16:57.596581+00:00,54.5,52.812,54.5,52.5,99,714,1020,,9855,2760,3846,2945,15.3,1728
128.8,2026-08-01T16:16:58.602262+00:00,54.562,52.906,54.562,52.437,99,714,1020,,9510,2600,3766,2945,15.5,1267
129.8,2026-08-01T16:16:59.607566+00:00,53.718,52.937,53.718,52.593,94,306,1020,,9068,2363,3651,2945,16.0,1728
130.8,2026-08-01T16:17:00.613075+00:00,53.593,52.843,53.593,52.562,33,306,1020,,8868,2243,3611,2945,15.3,1728
131.8,2026-08-01T16:17:01.618417+00:00,53.656,53.125,53.656,52.75,36,306,1020,,8868,2243,3611,2946,15.5,1728
132.8,2026-08-01T16:17:02.624002+00:00,53.656,53.312,53.656,52.656,38,306,1020,,8868,2243,3611,2946,15.5,1728
133.8,2026-08-01T16:17:03.629470+00:00,53.687,53.093,53.687,52.718,35,306,1020,,8908,2283,3571,2946,15.7,1728
134.9,2026-08-01T16:17:04.634928+00:00,53.75,53.156,53.75,52.843,36,306,1020,,8908,2283,3571,2946,15.3,1728
135.9,2026-08-01T16:17:05.640545+00:00,53.687,52.968,53.687,52.906,39,306,1020,,8948,2323,3611,2946,15.5,1728
136.9,2026-08-01T16:17:06.646013+00:00,53.75,53.375,53.75,52.843,36,306,1020,,8988,2363,3611,2946,15.5,1728
137.9,2026-08-01T16:17:07.651596+00:00,53.718,53.875,53.875,52.875,37,306,1020,,9068,2403,3611,2946,15.5,1728
138.9,2026-08-01T16:17:08.657208+00:00,53.843,54.156,54.156,52.906,36,306,1020,,9068,2403,3611,2946,15.5,1728
139.9,2026-08-01T16:17:09.663148+00:00,53.875,53.625,54.125,53,36,306,1020,,9068,2403,3645,2946,15.0,1728
140.9,2026-08-01T16:17:10.668847+00:00,54.125,53.343,54.125,53.093,38,306,1020,,9189,2483,3645,2946,15.2,1728
141.9,2026-08-01T16:17:11.674376+00:00,54.187,53.406,54.187,52.968,38,306,1020,,9229,2483,3645,2946,16.2,1728
142.9,2026-08-01T16:17:12.679794+00:00,54.281,53.562,54.281,53.093,35,306,1020,,9269,2524,3685,2946,15.0,1728
143.9,2026-08-01T16:17:13.685391+00:00,54.343,53.75,54.343,53.25,38,306,1020,,9309,2524,3685,2946,15.3,1728
144.9,2026-08-01T16:17:14.690977+00:00,54.312,53.531,54.125,53.25,38,306,1020,,9430,2600,3685,2946,15.5,1728
145.9,2026-08-01T16:17:15.696936+00:00,54.125,53.437,54.125,53.312,37,306,1020,,9389,2520,3725,2946,15.0,1728
146.9,2026-08-01T16:17:16.702287+00:00,54.218,54.093,54.218,53.218,29,408,1020,,9630,2720,3766,2946,15.0,1728
147.9,2026-08-01T16:17:17.707825+00:00,54.343,54.281,54.343,53.312,27,408,1020,,9815,2840,3766,2946,15.3,1728
148.9,2026-08-01T16:17:18.713294+00:00,54.312,54.562,54.562,53.406,28,408,1020,,9895,2920,3806,2946,15.3,1728
149.9,2026-08-01T16:17:19.718746+00:00,54.437,54.25,54.656,53.406,26,408,1020,,9975,2960,3806,2946,15.5,1728
150.9,2026-08-01T16:17:20.724148+00:00,54.75,54.218,54.75,53.406,29,408,1020,,10096,3040,3846,2946,15.5,1728
151.9,2026-08-01T16:17:21.729543+00:00,54.875,54.343,54.875,53.375,28,408,1020,,10176,3080,3846,2946,15.5,1728
153.0,2026-08-01T16:17:22.734767+00:00,54.937,54.343,54.937,53.406,27,408,1020,,10216,3120,3880,2946,15.5,1728
154.0,2026-08-01T16:17:23.740178+00:00,54.906,54.343,54.906,53.531,28,408,1020,,10296,3154,3880,2946,15.5,1728
155.0,2026-08-01T16:17:24.745795+00:00,54.468,54.031,54.468,53.562,27,408,1020,,10416,3234,3920,2946,15.5,1728
156.0,2026-08-01T16:17:25.751433+00:00,54.625,54,54.718,53.5,28,408,1020,,10496,3274,3960,2946,15.3,1728
157.0,2026-08-01T16:17:26.757057+00:00,54.812,53.812,54.812,53.25,24,408,1020,,10697,3354,4000,2946,15.3,1728
158.0,2026-08-01T16:17:27.762317+00:00,54.906,54.718,54.906,53.625,23,510,1020,,10880,3474,4040,2946,15.3,1728
159.0,2026-08-01T16:17:28.767897+00:00,55.125,54.75,55.125,53.687,34,510,1020,,10697,3274,4040,2946,14.7,1728
160.0,2026-08-01T16:17:29.774139+00:00,55.343,54.468,55.343,53.812,45,510,1020,,11160,3634,4080,2946,15.2,1728
161.0,2026-08-01T16:17:30.780176+00:00,55.437,54.281,55.437,53.687,52,612,1020,,11240,3634,4080,2946,15.5,1651
162.0,2026-08-01T16:17:31.786083+00:00,56.031,54.281,56.031,53.781,99,1020,1020,,11120,3674,4120,2946,15.3,883
163.0,2026-08-01T16:17:32.792716+00:00,55.781,54.062,55.781,53.718,89,1020,1020,,10576,3234,4000,2946,15.8,1728
164.0,2026-08-01T16:17:33.798180+00:00,55.5,54,55.5,53.843,99,714,1020,,9855,2840,3846,2946,15.3,1728
165.0,2026-08-01T16:17:34.805072+00:00,55.312,53.968,55.312,53.718,99,714,1020,,9389,2520,3725,2946,15.8,1728
166.0,2026-08-01T16:17:35.810265+00:00,55.093,54.156,55.093,53.781,94,306,1020,,9068,2363,3651,2946,15.7,1728
167.0,2026-08-01T16:17:36.816728+00:00,54.718,54.312,54.718,53.875,20,306,1020,,8828,2203,3571,2946,15.3,1728
168.0,2026-08-01T16:17:37.823155+00:00,54.656,54.375,54.656,53.906,39,306,1020,,8828,2243,3571,2946,15.2,1728
169.0,2026-08-01T16:17:38.829022+00:00,54.75,54.593,54.75,53.875,38,306,1020,,8868,2243,3571,2946,15.5,1728
170.1,2026-08-01T16:17:39.835783+00:00,55,54.468,55,53.875,36,306,1020,,8868,2283,3611,2946,15.5,1728
171.1,2026-08-01T16:17:40.842112+00:00,55.062,54.468,55.062,53.937,38,306,1020,,8988,2323,3611,2946,15.3,1728
172.1,2026-08-01T16:17:41.848503+00:00,54.906,54.593,54.906,54,39,306,1020,,8988,2323,3611,2947,15.5,1728
173.1,2026-08-01T16:17:42.854799+00:00,54.937,54.656,54.937,53.906,36,306,1020,,9028,2363,3605,2947,15.2,1728
174.1,2026-08-01T16:17:43.861368+00:00,54.937,54.937,54.937,54.031,38,306,1020,,9028,2363,3605,2947,15.2,1728
175.1,2026-08-01T16:17:44.867486+00:00,55.218,54.687,55.218,54.125,38,306,1020,,9109,2403,3645,2947,15.5,1728
176.1,2026-08-01T16:17:45.873871+00:00,55.312,54.281,55.312,54.187,35,306,1020,,9109,2403,3645,2947,15.5,1728
177.1,2026-08-01T16:17:46.880439+00:00,55.093,54.343,55.093,53.968,38,306,1020,,9149,2443,3645,2947,15.3,1728
178.1,2026-08-01T16:17:47.886118+00:00,55.093,54.781,55.093,54.125,38,306,1020,,9229,2483,3645,2947,15.5,1728
179.1,2026-08-01T16:17:48.892635+00:00,55.093,55.031,55.093,54.218,36,306,1020,,9229,2483,3685,2946,15.0,1728
180.1,2026-08-01T16:17:49.899192+00:00,55.468,54.75,55.468,54.281,38,306,1020,,9349,2560,3685,2946,15.5,1728
181.1,2026-08-01T16:17:50.905357+00:00,55.562,54.875,55.562,54.187,37,306,1020,,9430,2600,3685,2946,15.5,1728
182.1,2026-08-01T16:17:51.911935+00:00,55.593,54.937,55.281,54.343,28,306,1020,,9510,2600,3725,2946,15.2,1728
183.1,2026-08-01T16:17:52.918131+00:00,55.25,54.75,55.25,54.343,28,408,1020,,9550,2680,3725,2946,15.5,1728
184.1,2026-08-01T16:17:53.923887+00:00,55.343,54.906,55.343,54.406,28,408,1020,,9615,2720,3766,2946,15.5,1728
185.1,2026-08-01T16:17:54.930173+00:00,55.5,55.062,55.5,54.312,26,408,1020,,9695,2760,3766,2946,15.5,1728
186.2,2026-08-01T16:17:55.936353+00:00,55.281,54.781,55.281,54.406,29,408,1020,,9815,2840,3766,2946,15.3,1728
187.2,2026-08-01T16:17:56.942430+00:00,55.406,54.843,55.406,54.437,29,408,1020,,9815,2880,3806,2946,15.5,1728
188.2,2026-08-01T16:17:57.948384+00:00,55.343,54.875,55.343,54.625,26,408,1020,,9895,2920,3806,2946,15.3,1728
189.2,2026-08-01T16:17:58.954943+00:00,55.593,55.031,55.593,54.437,28,408,1020,,10056,2960,3840,2946,15.2,1728
190.2,2026-08-01T16:17:59.961127+00:00,55.625,55.093,55.625,54.5,28,408,1020,,10136,3000,3840,2946,15.8,1728
191.2,2026-08-01T16:18:00.967403+00:00,55.531,55,55.531,54.5,26,408,1020,,10256,3120,3880,2946,15.5,1728
192.2,2026-08-01T16:18:01.973710+00:00,55.5,55.125,55.5,54.593,29,408,1020,,10376,3154,3880,2949,15.7,1728
193.2,2026-08-01T16:18:02.980042+00:00,55.656,55.125,55.656,54.531,27,408,1020,,10456,3234,3920,2954,18.3,1728
194.2,2026-08-01T16:18:03.986302+00:00,55.843,55.343,55.843,54.687,24,408,1020,,10536,3274,3960,2954,15.3,1728
195.2,2026-08-01T16:18:04.992689+00:00,55.875,55.187,55.875,54.656,22,408,1020,,10697,3314,4000,2954,15.2,1728
196.2,2026-08-01T16:18:05.999223+00:00,55.812,55.218,55.812,54.531,22,510,1020,,10840,3434,4000,2954,16.0,1728
197.2,2026-08-01T16:18:07.005795+00:00,55.906,55.343,55.906,54.625,23,510,1020,,10960,3474,4040,2954,15.2,1728
198.2,2026-08-01T16:18:08.012391+00:00,56.031,55.156,56.031,54.656,52,510,1020,,11120,3554,4080,2954,15.2,1728
199.2,2026-08-01T16:18:09.018546+00:00,56.531,55.156,56.531,54.656,42,612,1020,,11120,3668,4080,2954,16.0,1728
200.2,2026-08-01T16:18:10.025132+00:00,56.562,55.156,56.562,54.687,32,510,1020,,11160,3628,4080,2954,15.2,1728
201.2,2026-08-01T16:18:11.031424+00:00,56.562,55.468,56.562,54.687,36,1020,1020,,11200,3594,4073,2954,15.3,1728
202.3,2026-08-01T16:18:12.038394+00:00,57.031,55.281,57.031,54.843,99,1020,1020,,11080,3674,4120,2954,15.7,883
203.3,2026-08-01T16:18:13.046471+00:00,57.031,55.156,57.031,54.718,94,1020,1020,,10456,3274,4000,2954,15.8,1267
204.3,2026-08-01T16:18:14.052510+00:00,56.718,55.25,56.718,54.781,92,714,1020,,10016,2880,3886,2954,15.5,1728
205.3,2026-08-01T16:18:15.059354+00:00,56.375,55.437,56.375,54.843,99,714,1020,,9735,2720,3806,2954,15.7,1728
206.3,2026-08-01T16:18:16.065788+00:00,56.187,55.031,56.187,54.906,99,714,1020,,9229,2480,3685,2954,15.8,1728
207.3,2026-08-01T16:18:17.072538+00:00,55.968,55.375,55.968,54.843,39,306,1020,,8788,2163,3571,2954,15.2,1728
208.3,2026-08-01T16:18:18.078089+00:00,55.968,55.437,55.968,54.937,35,306,1020,,8788,2203,3571,2954,15.2,1728
209.3,2026-08-01T16:18:19.083439+00:00,56.093,55.75,56.093,54.968,39,306,1020,,8908,2283,3611,2954,15.2,1728
210.3,2026-08-01T16:18:20.088862+00:00,56.156,56.125,56.156,54.937,37,306,1020,,8988,2323,3605,2954,15.3,1728
211.3,2026-08-01T16:18:21.094414+00:00,56.125,55.687,56.125,55.093,37,306,1020,,8988,2323,3605,2954,15.2,1728
212.3,2026-08-01T16:18:22.099662+00:00,56.281,55.781,56.281,54.906,38,306,1020,,9028,2363,3605,2954,15.3,1728
213.3,2026-08-01T16:18:23.105300+00:00,56,56,56,54.968,37,306,1020,,9068,2363,3645,2954,15.0,1728
214.3,2026-08-01T16:18:24.110742+00:00,55.968,55.968,55.968,55.062,38,306,1020,,9189,2443,3645,2954,15.7,1728
215.3,2026-08-01T16:18:25.116227+00:00,56.062,56.031,56.062,55.031,36,306,1020,,9229,2483,3645,2954,15.3,1728
216.3,2026-08-01T16:18:26.121596+00:00,56.093,55.843,56.093,55.125,36,306,1020,,9269,2480,3685,2954,15.2,1728
217.3,2026-08-01T16:18:27.127079+00:00,56.031,55.968,56.031,55.062,38,306,1020,,9349,2560,3685,2954,15.7,1728
218.3,2026-08-01T16:18:28.132281+00:00,56.093,56.125,56.125,54.968,37,306,1020,,9430,2560,3685,2954,14.8,1728
219.4,2026-08-01T16:18:29.137572+00:00,56.156,56.093,56.156,55.093,29,306,1020,,9495,2680,3725,2954,15.0,1728
220.4,2026-08-01T16:18:30.142964+00:00,56.093,56.281,56.281,55.187,27,306,1020,,9615,2760,3725,2954,15.5,1728
221.4,2026-08-01T16:18:31.148358+00:00,56.062,55.906,56.062,55.218,27,408,1020,,9695,2800,3766,2954,15.2,1728
222.4,2026-08-01T16:18:32.153829+00:00,56.125,56,56.125,55.187,27,408,1020,,9775,2800,3766,2954,15.3,1728
223.4,2026-08-01T16:18:33.159461+00:00,56.156,56.218,56.218,55.062,27,408,1020,,9895,2920,3806,2954,15.5,1728
224.4,2026-08-01T16:18:34.164722+00:00,56.125,55.625,56.125,55.093,27,408,1020,,9935,2960,3806,2954,15.5,1728
225.4,2026-08-01T16:18:35.170128+00:00,56.156,55.906,56.156,55.25,28,408,1020,,10056,3000,3846,2954,15.0,1728
226.4,2026-08-01T16:18:36.175534+00:00,56.218,55.687,56.218,55.281,28,408,1020,,10016,2880,3886,2954,14.8,1728
227.4,2026-08-01T16:18:37.181043+00:00,56.562,55.843,56.562,55.187,29,408,1020,,10416,3194,3920,2954,15.3,1728
228.4,2026-08-01T16:18:38.186478+00:00,56.531,55.875,56.531,55.093,21,408,1020,,10600,3314,3960,2954,15.3,1728
229.4,2026-08-01T16:18:39.191968+00:00,56.687,55.843,56.687,55.187,22,510,1020,,10760,3394,4000,2954,15.3,1728
230.4,2026-08-01T16:18:40.197357+00:00,56.75,56.218,56.75,55.218,23,510,1020,,10920,3554,4040,2954,15.3,1728
231.4,2026-08-01T16:18:41.203139+00:00,56.812,55.812,56.812,55.343,22,510,1020,,11040,3594,4080,2954,15.5,1728
232.4,2026-08-01T16:18:42.208395+00:00,56.968,55.906,56.968,55.187,46,510,1020,,11160,3668,4080,2954,15.5,1728
233.4,2026-08-01T16:18:43.214021+00:00,56.781,55.968,56.781,55.281,43,612,1020,,11160,3628,4120,2955,15.5,1728
234.4,2026-08-01T16:18:44.220177+00:00,56.937,55.75,56.937,55.281,33,612,1020,,11240,3747,4120,2955,15.7,1728
235.4,2026-08-01T16:18:45.226468+00:00,57.156,55.812,57.156,55.343,30,612,1020,,11240,3668,4113,2955,15.3,1651
236.4,2026-08-01T16:18:46.231755+00:00,57.562,55.75,57.562,55.187,99,1020,1020,,11160,3708,4120,2955,15.3,1651
237.5,2026-08-01T16:18:47.238601+00:00,57.718,55.718,57.718,55.343,99,1020,1020,,10697,3314,4000,2955,15.7,1420
238.5,2026-08-01T16:18:48.243400+00:00,57.406,55.656,57.406,55.375,80,714,1020,,10056,2880,3880,2955,15.7,1728
239.5,2026-08-01T16:18:49.250415+00:00,56.406,55.5,56.406,55.343,94,714,1020,,9028,2323,3645,2955,15.5,1728
240.5,2026-08-01T16:18:50.254353+00:00,56.125,55.5,56.125,55.281,36,306,1020,,8828,2243,3571,2955,15.5,1728
241.5,2026-08-01T16:18:51.259986+00:00,56.187,55.562,56.187,55.312,38,306,1020,,8868,2243,3571,2955,15.3,1728
242.5,2026-08-01T16:18:52.265498+00:00,56.187,56.281,56.281,55.218,38,306,1020,,8908,2283,3611,2955,15.2,1728
243.5,2026-08-01T16:18:53.270674+00:00,56.375,56.531,56.531,55.343,39,306,1020,,8948,2323,3611,2955,15.2,1728
244.5,2026-08-01T16:18:54.276519+00:00,56.406,55.75,56.406,55.375,36,306,1020,,8988,2283,3605,2955,15.3,1728
245.5,2026-08-01T16:18:55.282114+00:00,56.343,55.906,56.343,55.437,35,306,1020,,9028,2323,3605,2955,15.3,1728
246.5,2026-08-01T16:18:56.287724+00:00,56.406,55.875,56.406,55.343,38,306,1020,,9109,2403,3645,2955,15.3,1728
247.5,2026-08-01T16:18:57.293054+00:00,56.5,55.812,56.5,55.406,38,306,1020,,9189,2483,3645,2955,15.0,1728
248.5,2026-08-01T16:18:58.298546+00:00,56.25,56.093,56.25,55.468,37,306,1020,,9309,2520,3685,2955,15.0,1728
249.5,2026-08-01T16:18:59.304270+00:00,56.343,55.843,56.343,55.437,35,306,1020,,9430,2600,3725,2955,15.0,1728
250.5,2026-08-01T16:19:00.309584+00:00,56.406,55.781,56.406,55.562,27,306,1020,,9575,2680,3725,2955,15.5,1728
251.5,2026-08-01T16:19:01.315200+00:00,56.5,56.125,56.5,55.406,29,408,1020,,9695,2760,3766,2955,15.7,1728
252.5,2026-08-01T16:19:02.320656+00:00,56.468,56.062,56.468,55.5,27,408,1020,,9695,2800,3766,2955,15.3,1728
253.5,2026-08-01T16:19:03.326516+00:00,56.593,56.125,56.593,55.562,27,408,1020,,9775,2840,3806,2955,15.5,1728
254.5,2026-08-01T16:19:04.332086+00:00,56.687,56,56.687,55.468,27,408,1020,,9735,2720,3806,2955,14.5,1728
255.6,2026-08-01T16:19:05.337677+00:00,56.843,55.968,56.843,55.5,29,408,1020,,10176,3035,3880,2955,15.2,1728
256.6,2026-08-01T16:19:06.343247+00:00,56.937,56.218,56.937,55.562,27,408,1020,,10416,3194,3920,2955,15.7,1728
257.6,2026-08-01T16:19:07.348876+00:00,57.031,56.281,57.031,55.531,24,408,1020,,10616,3274,3960,2955,15.2,1728
258.6,2026-08-01T16:19:08.354489+00:00,57.125,56.218,57.125,55.5,23,510,1020,,10840,3434,4040,2955,15.2,1728
259.6,2026-08-01T16:19:09.360818+00:00,56.875,55.968,56.875,55.593,60,408,1020,,10616,3075,4040,2955,14.7,1728
260.6,2026-08-01T16:19:10.367004+00:00,57.5,56.062,57.5,55.468,78,1020,1020,,11120,3668,4120,2955,15.5,1728
261.6,2026-08-01T16:19:11.373078+00:00,57.406,56.125,57.406,55.5,99,1020,1020,,10336,3115,3960,2955,15.8,1728
262.6,2026-08-01T16:19:12.378911+00:00,57.312,55.906,57.312,55.656,99,714,1020,,9389,2520,3725,2955,15.5,1728
263.6,2026-08-01T16:19:13.384621+00:00,56.343,56.093,56.343,55.531,36,306,1020,,8747,2163,3571,2955,15.5,1728
264.6,2026-08-01T16:19:14.390273+00:00,56.312,55.906,56.312,55.468,35,306,1020,,8788,2203,3611,2955,14.8,1728
265.6,2026-08-01T16:19:15.395766+00:00,56.406,55.812,56.406,55.531,36,306,1020,,8948,2283,3605,2955,15.7,1728
266.6,2026-08-01T16:19:16.401335+00:00,56.437,56.531,56.531,55.562,37,306,1020,,9028,2363,3605,2955,15.0,1728
267.6,2026-08-01T16:19:17.406782+00:00,56.625,56.781,56.781,55.625,35,306,1020,,9068,2363,3605,2955,15.5,1728
268.6,2026-08-01T16:19:18.412197+00:00,56.593,56.468,56.593,55.812,39,306,1020,,9109,2403,3645,2955,15.2,1728
269.6,2026-08-01T16:19:19.417692+00:00,56.625,55.937,56.625,55.812,37,306,1020,,9109,2403,3645,2955,15.8,1728
270.6,2026-08-01T16:19:20.423096+00:00,56.593,55.937,56.593,55.687,37,306,1020,,9189,2443,3645,2955,15.3,1728
271.6,2026-08-01T16:19:21.428672+00:00,56.593,56.093,56.593,55.656,36,306,1020,,9269,2520,3645,2955,15.3,1728
272.7,2026-08-01T16:19:22.435618+00:00,56.5,56.125,56.5,55.718,38,306,1020,,9349,2560,3685,2955,15.2,1728
273.7,2026-08-01T16:19:23.441522+00:00,56.531,56.125,56.531,55.812,39,306,1020,,9389,2600,3685,2955,15.8,1728
274.7,2026-08-01T16:19:24.447568+00:00,56.5,56.218,56.5,55.625,38,306,1020,,9455,2640,3685,2955,15.3,1728
275.7,2026-08-01T16:19:25.452983+00:00,56.531,56.218,56.531,55.687,36,306,1020,,9389,2520,3725,2955,14.8,1728
276.7,2026-08-01T16:19:26.459434+00:00,56.812,56.093,56.812,55.718,27,306,1020,,9615,2720,3766,2955,15.5,1728
277.7,2026-08-01T16:19:27.463855+00:00,56.968,56.312,56.968,55.75,29,408,1020,,9735,2800,3766,2955,15.5,1728
278.7,2026-08-01T16:19:28.469529+00:00,57,56.25,57,55.625,27,408,1020,,9815,2840,3806,2955,15.2,1728
279.7,2026-08-01T16:19:29.474988+00:00,56.968,56.125,56.968,55.656,29,408,1020,,9975,2960,3846,2955,15.2,1728
280.7,2026-08-01T16:19:30.480533+00:00,57.062,56.406,57.062,55.812,29,408,1020,,10096,3000,3840,2955,15.0,1728
281.7,2026-08-01T16:19:31.486677+00:00,56.687,56.187,56.687,55.75,28,408,1020,,10016,2800,3880,2955,14.8,1728
282.7,2026-08-01T16:19:32.492936+00:00,56.906,55.937,56.906,55.812,27,408,1020,,10520,3234,3960,2955,15.0,1728
283.7,2026-08-01T16:19:33.499409+00:00,56.968,56.031,56.968,55.625,23,510,1020,,10720,3394,4000,2955,15.5,1728
284.7,2026-08-01T16:19:34.505798+00:00,57.218,56.437,57.218,55.781,23,510,1020,,10880,3554,4040,2955,15.7,1728
285.7,2026-08-01T16:19:35.512065+00:00,57.343,56.625,57.343,55.781,27,510,1020,,11120,3634,4033,2955,15.7,1728
286.7,2026-08-01T16:19:36.518528+00:00,57.468,56.343,57.218,55.812,51,510,1020,,11200,3708,4113,2955,15.3,1728
287.7,2026-08-01T16:19:37.525028+00:00,57.312,56.343,57.312,55.812,54,510,1020,,11160,3668,4113,2955,15.5,1728
288.7,2026-08-01T16:19:38.531009+00:00,57.5,56.437,57.5,55.812,30,510,1020,,11240,3708,4113,2955,15.2,1728
289.8,2026-08-01T16:19:39.536972+00:00,57.843,56.5,57.843,55.812,63,1020,1020,,11160,3634,4113,2955,15.7,1651
290.8,2026-08-01T16:19:40.544171+00:00,57.843,56.281,57.843,55.968,99,1020,1020,,10720,3314,4040,2955,15.5,1728
291.8,2026-08-01T16:19:41.549970+00:00,57.343,56.156,57.343,55.781,94,714,1020,,9975,2840,3886,2955,15.8,1728
292.8,2026-08-01T16:19:42.556265+00:00,57.375,56.312,57.375,55.812,99,714,1020,,9615,2680,3806,2955,15.7,1728
293.8,2026-08-01T16:19:43.564592+00:00,57.093,55.937,57.093,55.843,99,714,1020,,9189,2440,3645,2955,15.7,1728
294.8,2026-08-01T16:19:44.569896+00:00,56.75,56.343,56.75,55.781,66,306,1020,,8948,2283,3605,2955,15.7,1728
295.8,2026-08-01T16:19:45.575578+00:00,56.562,56.281,56.562,55.843,38,306,1020,,8868,2243,3605,2955,15.3,1113
296.8,2026-08-01T16:19:46.582116+00:00,56.625,56.281,56.625,55.781,36,306,1020,,9269,2320,3605,2957,19.8,1728
297.8,2026-08-01T16:19:47.587566+00:00,56.687,56.562,56.687,55.875,37,306,1020,,9615,2720,3685,2954,31.5,1728
298.8,2026-08-01T16:19:48.593943+00:00,56.906,56.187,56.906,56.031,38,306,1020,,9149,2443,3645,2957,18.5,1728
299.8,2026-08-01T16:19:49.600535+00:00,56.875,56.25,56.875,55.875,39,306,1020,,9068,2403,3645,2957,15.5,1728
300.8,2026-08-01T16:19:50.606779+00:00,56.687,56.312,56.687,55.937,38,306,1020,,9109,2403,3645,2957,15.7,1728
301.8,2026-08-01T16:19:51.613382+00:00,56.718,56.312,56.718,56.031,36,306,1020,,9189,2403,3645,2957,15.5,1728
302.8,2026-08-01T16:19:52.619952+00:00,56.781,56.062,56.781,56,36,306,1020,,9229,2440,3645,2957,15.2,1728
303.8,2026-08-01T16:19:53.626274+00:00,57,56.281,57,56.031,39,306,1020,,9269,2480,3685,2957,15.3,1728
304.8,2026-08-01T16:19:54.632600+00:00,57,56.531,57,56.031,35,306,1020,,9309,2560,3685,2957,15.3,1728
305.9,2026-08-01T16:19:55.638886+00:00,56.75,56.218,56.75,56.093,38,306,1020,,9389,2560,3685,2957,15.3,1728
306.9,2026-08-01T16:19:56.645236+00:00,56.843,56.25,56.843,55.843,37,306,1020,,9430,2600,3685,2957,15.5,1728
307.9,2026-08-01T16:19:57.651378+00:00,56.875,56.656,56.875,55.937,38,306,1020,,9455,2640,3725,2957,15.3,1728
308.9,2026-08-01T16:19:58.657918+00:00,57.031,56.531,57.031,56.062,29,306,1020,,9535,2680,3725,2957,15.7,1728
309.9,2026-08-01T16:19:59.664355+00:00,57.187,56.843,57.187,56.093,28,408,1020,,9615,2720,3725,2957,15.2,1728
310.9,2026-08-01T16:20:00.670828+00:00,57.187,56.531,56.968,56.031,28,408,1020,,9655,2720,3766,2957,15.5,1728
311.9,2026-08-01T16:20:01.677264+00:00,56.937,56.75,56.937,56.093,29,408,1020,,9735,2800,3766,2957,15.5,1728
312.9,2026-08-01T16:20:02.683501+00:00,56.968,56.781,56.968,56.125,29,408,1020,,9815,2840,3806,2957,15.5,1728
313.9,2026-08-01T16:20:03.690020+00:00,57.343,56.562,57.343,56.187,27,408,1020,,9895,2880,3806,2957,15.3,1728
314.9,2026-08-01T16:20:04.696206+00:00,57.312,56.593,57.312,56.031,27,408,1020,,9975,2960,3846,2957,15.3,1728
315.9,2026-08-01T16:20:05.702344+00:00,57.375,56.687,57.375,56.062,28,408,1020,,10056,2995,3840,2957,15.3,1728
316.9,2026-08-01T16:20:06.708651+00:00,57.125,56.531,57.125,56.125,28,408,1020,,10056,2875,3880,2957,14.8,1728
317.9,2026-08-01T16:20:07.715305+00:00,57.125,56.531,57.125,56.062,28,408,1020,,10536,3234,3920,2957,15.2,1728
318.9,2026-08-01T16:20:08.721596+00:00,57.187,56.656,57.468,55.906,27,408,1020,,10560,3274,3960,2957,16.2,1728
319.9,2026-08-01T16:20:09.727665+00:00,57.531,56.875,57.531,56.031,22,510,1020,,10640,3354,4000,2957,15.0,1728
320.9,2026-08-01T16:20:10.734064+00:00,57.625,56.625,57.625,56.125,23,510,1020,,10840,3514,4000,2957,15.5,1728
322.0,2026-08-01T16:20:11.740180+00:00,57.187,56.593,57.375,56,23,510,1020,,10920,3514,4040,2957,15.7,1728
323.0,2026-08-01T16:20:12.746557+00:00,57.468,56.75,57.468,56.125,33,510,1020,,11000,3548,4080,2957,15.5,1728
324.0,2026-08-01T16:20:13.752463+00:00,57.531,56.75,57.531,56.093,46,510,1020,,11160,3668,4120,2957,15.5,1728
325.0,2026-08-01T16:20:14.758854+00:00,57.562,56.812,57.562,56.156,44,612,1020,,11160,3708,4113,2957,15.5,1728
326.0,2026-08-01T16:20:15.765348+00:00,57.718,56.5,57.718,56.125,43,612,1020,,11240,3668,4113,2957,15.2,1728
327.0,2026-08-01T16:20:16.772815+00:00,57.937,56.593,57.937,56.093,28,612,1020,,11280,3668,4113,2957,15.8,1728
328.0,2026-08-01T16:20:17.778645+00:00,58.375,56.593,58.375,56.156,99,1020,1020,,11200,3668,4113,2957,15.3,1651
329.0,2026-08-01T16:20:18.784936+00:00,58.281,56.562,58.281,56.218,99,1020,1020,,10536,3234,4000,2957,15.7,1267
330.0,2026-08-01T16:20:19.791423+00:00,57.656,56.437,57.656,56,99,714,1020,,9895,2760,3840,2957,15.3,1728
331.0,2026-08-01T16:20:20.797856+00:00,57.531,56.437,57.531,56.093,99,714,1020,,9430,2520,3725,2957,15.8,1651
332.0,2026-08-01T16:20:21.806911+00:00,57.187,56.562,57.187,56.093,80,306,1020,,9109,2400,3645,2957,15.7,1728
333.0,2026-08-01T16:20:22.810128+00:00,57.25,56.375,57.25,56.187,21,306,1020,,8908,2283,3605,2957,15.3,1728
334.0,2026-08-01T16:20:23.816474+00:00,57.156,56.343,57.156,56.031,38,306,1020,,8868,2243,3565,2957,16.2,1728
335.0,2026-08-01T16:20:24.822764+00:00,57.125,56.531,57.125,56.125,39,306,1020,,8908,2283,3605,2957,15.3,1728
336.0,2026-08-01T16:20:25.829105+00:00,56.968,56.593,56.968,56.093,38,306,1020,,8948,2283,3605,2957,15.5,1728
337.1,2026-08-01T16:20:26.835606+00:00,56.937,56.531,56.937,56.25,38,306,1020,,8948,2283,3605,2957,15.7,1728
338.1,2026-08-01T16:20:27.841889+00:00,57,56.5,57,56.125,37,306,1020,,8988,2323,3605,2957,15.2,1728
339.1,2026-08-01T16:20:28.847802+00:00,57.218,56.562,57.218,56.125,35,306,1020,,9028,2363,3605,2957,15.7,1728
340.1,2026-08-01T16:20:29.854111+00:00,57.25,57,57.25,56.312,36,306,1020,,9109,2363,3645,2957,15.3,1728
341.1,2026-08-01T16:20:30.860330+00:00,57.25,56.781,57.031,56.25,36,306,1020,,9028,2323,3645,2957,15.3,1728
342.1,2026-08-01T16:20:31.866652+00:00,57.062,56.687,57.062,56.218,37,306,1020,,9189,2440,3645,2957,15.0,1728
343.1,2026-08-01T16:20:32.873231+00:00,57.125,56.843,57.125,56.25,37,306,1020,,9229,2480,3685,2957,15.5,1728
344.1,2026-08-01T16:20:33.879060+00:00,57.125,56.625,57.375,56.25,35,306,1020,,9269,2520,3685,2957,15.5,1728
345.1,2026-08-01T16:20:34.885144+00:00,57.406,56.687,57.406,56.281,38,306,1020,,9334,2560,3685,2957,15.2,1728
346.1,2026-08-01T16:20:35.891508+00:00,57.437,56.843,57.437,56.281,38,306,1020,,9415,2600,3725,2957,15.5,1728
347.1,2026-08-01T16:20:36.897947+00:00,57.187,57.031,57.187,56.25,37,306,1020,,9455,2640,3725,2957,15.5,1728
348.1,2026-08-01T16:20:37.904121+00:00,57.25,56.75,57.25,56.312,29,306,1020,,9535,2680,3725,2957,15.5,1728
349.1,2026-08-01T16:20:38.910502+00:00,57.343,57.156,57.343,56.312,28,408,1020,,9575,2680,3725,2957,15.8,1728
350.1,2026-08-01T16:20:39.916875+00:00,57.625,56.843,57.625,56.218,28,408,1020,,9735,2760,3766,2957,15.3,1728
351.1,2026-08-01T16:20:40.923137+00:00,57.593,56.875,57.593,56.312,29,408,1020,,9775,2840,3766,2957,15.2,1728
352.1,2026-08-01T16:20:41.928992+00:00,57.093,57.062,57.093,56.343,28,408,1020,,9895,2880,3800,2957,15.3,1728
353.2,2026-08-01T16:20:42.935340+00:00,57.312,56.906,57.312,56.375,25,408,1020,,9975,2920,3800,2957,15.3,1728
354.2,2026-08-01T16:20:43.941641+00:00,57.406,56.75,57.406,56.25,28,408,1020,,9895,2840,3840,2957,14.8,1728
355.2,2026-08-01T16:20:44.948032+00:00,57.406,57.062,57.406,56.281,26,408,1020,,10256,3075,3880,2957,15.3,1728
356.2,2026-08-01T16:20:45.954488+00:00,57.406,56.843,57.406,56.312,29,408,1020,,10336,3154,3920,2957,15.8,1728
357.2,2026-08-01T16:20:46.960668+00:00,57.281,56.968,57.281,56.406,29,408,1020,,10456,3194,3920,2957,15.3,1728
358.2,2026-08-01T16:20:47.966882+00:00,57.531,57,57.531,56.312,24,408,1020,,10600,3314,3960,2957,15.5,1728
359.2,2026-08-01T16:20:48.973385+00:00,57.562,57.093,57.562,56.312,20,510,1020,,10680,3394,4000,2957,15.3,1728
360.2,2026-08-01T16:20:49.979314+00:00,57.625,56.937,57.625,56.343,22,510,1020,,10800,3474,4000,2957,15.2,1728
361.2,2026-08-01T16:20:50.985919+00:00,57.531,56.875,57.531,56.437,23,510,1020,,10920,3514,4040,2957,15.5,1728
362.2,2026-08-01T16:20:51.992085+00:00,57.531,56.656,57.531,56.281,33,510,1020,,11040,3548,4080,2957,15.5,1728
363.2,2026-08-01T16:20:52.998638+00:00,57.75,56.937,57.75,56.375,42,612,1020,,11160,3668,4113,2957,15.8,1728
364.2,2026-08-01T16:20:54.004571+00:00,58,57.062,58,56.375,29,510,1020,,11320,3668,4113,2957,16.0,1651
365.2,2026-08-01T16:20:55.010754+00:00,58.375,56.906,58.375,56.406,44,1020,1020,,11320,3747,4113,2957,15.2,1728
366.2,2026-08-01T16:20:56.017411+00:00,58.812,57,58.812,56.312,99,1020,1020,,11240,3708,4113,2957,15.3,1728
367.2,2026-08-01T16:20:57.024042+00:00,58.437,56.875,58.437,56.437,96,1020,1020,,10600,3274,4000,2957,15.7,1728
368.2,2026-08-01T16:20:58.029886+00:00,58,56.906,58,56.406,93,714,1020,,10056,2880,3880,2957,15.7,1728
369.3,2026-08-01T16:20:59.036074+00:00,57.968,56.656,57.968,56.375,99,714,1020,,9695,2760,3806,2957,15.7,1728
370.3,2026-08-01T16:21:00.042542+00:00,58.062,56.687,58.062,56.312,99,714,1020,,9374,2600,3725,2957,16.0,1728
371.3,2026-08-01T16:21:01.048900+00:00,57.687,57.187,57.687,56.343,71,306,1020,,9068,2403,3645,2957,15.7,1728
372.3,2026-08-01T16:21:02.055117+00:00,57.343,56.843,57.343,56.406,21,306,1020,,8908,2283,3605,2957,15.7,1728
373.3,2026-08-01T16:21:03.061520+00:00,57.125,56.937,57.125,56.406,35,306,1020,,8828,2203,3565,2957,14.7,1728
374.3,2026-08-01T16:21:04.067513+00:00,57.25,56.968,57.25,56.343,38,306,1020,,8908,2283,3605,2957,15.2,1728
375.3,2026-08-01T16:21:05.073739+00:00,57.531,57.062,57.531,56.375,37,306,1020,,9028,2363,3605,2957,15.5,1728
376.3,2026-08-01T16:21:06.079849+00:00,57.531,57.312,57.531,56.468,36,306,1020,,9028,2363,3605,2957,15.5,1728
377.3,2026-08-01T16:21:07.085948+00:00,57.531,56.906,57.531,56.562,36,306,1020,,8988,2283,3645,2957,14.7,1728
378.3,2026-08-01T16:21:08.092391+00:00,57.281,57.062,57.281,56.406,37,306,1020,,9189,2440,3645,2957,15.3,1728
379.3,2026-08-01T16:21:09.098714+00:00,57.281,57.093,57.281,56.375,35,306,1020,,9189,2440,3685,2957,15.2,1728
380.3,2026-08-01T16:21:10.104745+00:00,57.375,56.937,57.375,56.406,39,306,1020,,9374,2560,3685,2957,15.2,1728
381.3,2026-08-01T16:21:11.110484+00:00,57.406,56.906,57.406,56.593,37,306,1020,,9415,2560,3725,2957,15.3,1728
382.3,2026-08-01T16:21:12.116087+00:00,57.718,56.781,57.718,56.343,31,306,1020,,9535,2640,3725,2957,15.0,1728
383.3,2026-08-01T16:21:13.122401+00:00,57.343,56.968,57.343,56.437,28,408,1020,,9615,2760,3766,2957,15.2,1728
384.3,2026-08-01T16:21:14.129159+00:00,57.312,57.156,57.531,56.468,25,408,1020,,9735,2800,3766,2957,15.3,1728
385.4,2026-08-01T16:21:15.135306+00:00,57.531,56.968,57.531,56.5,29,408,1020,,9815,2840,3806,2957,15.5,1728
386.4,2026-08-01T16:21:16.141704+00:00,57.531,57,57.531,56.406,29,408,1020,,9775,2760,3806,2957,15.0,1728
387.4,2026-08-01T16:21:17.148027+00:00,57.406,57.125,57.406,56.406,28,408,1020,,10096,3035,3880,2957,15.5,1728
388.4,2026-08-01T16:21:18.154364+00:00,57.343,57.375,57.375,56.531,27,408,1020,,10296,3075,3880,2957,15.3,1728
389.4,2026-08-01T16:21:19.160701+00:00,57.437,57.062,57.437,56.625,29,408,1020,,10456,3274,3920,2957,15.5,1728
390.4,2026-08-01T16:21:20.167171+00:00,57.656,57.031,57.656,56.343,27,408,1020,,10480,3274,3960,2957,15.3,1728
391.4,2026-08-01T16:21:21.173499+00:00,57.718,57.281,57.718,56.437,22,408,1020,,10720,3394,4000,2957,15.7,1728
392.4,2026-08-01T16:21:22.179632+00:00,57.781,57.031,57.781,56.531,23,510,1020,,10800,3434,4000,2957,15.2,1728
393.4,2026-08-01T16:21:23.186214+00:00,57.718,57.062,57.718,56.656,23,510,1020,,10920,3474,4040,2957,15.5,1728
394.4,2026-08-01T16:21:24.192420+00:00,57.687,56.906,57.687,56.5,21,510,1020,,11040,3548,4073,2957,15.3,1728
395.4,2026-08-01T16:21:25.199056+00:00,58,57.031,58,56.531,47,510,1020,,11200,3634,4113,2957,15.3,1728
396.4,2026-08-01T16:21:26.205459+00:00,58.062,56.781,58.062,56.531,29,816,1020,,10600,3154,4080,2957,14.5,1651
397.4,2026-08-01T16:21:27.212036+00:00,58.718,56.906,58.718,56.625,99,1020,1020,,11160,3628,4113,2957,15.5,1728
398.4,2026-08-01T16:21:28.218978+00:00,58.562,57.125,58.562,56.468,99,1020,1020,,10800,3354,4040,2957,15.5,1728
399.4,2026-08-01T16:21:29.227203+00:00,58.218,56.843,58.218,56.437,88,408,1020,,10296,3115,3920,2957,15.7,1728
400.4,2026-08-01T16:21:30.231226+00:00,57.875,56.781,57.875,56.656,99,714,1020,,9149,2400,3645,2957,15.7,1728
401.5,2026-08-01T16:21:31.237573+00:00,57.75,57.031,57.75,56.531,32,306,1020,,8988,2323,3605,2957,15.5,1728
402.5,2026-08-01T16:21:32.244181+00:00,57.593,57.062,57.593,56.5,38,306,1020,,8828,2203,3605,2957,14.7,1728
403.5,2026-08-01T16:21:33.249912+00:00,57.343,56.968,57.343,56.593,35,306,1020,,8948,2283,3605,2957,15.7,1728
404.5,2026-08-01T16:21:34.256388+00:00,57.375,57,57.375,56.625,35,306,1020,,8988,2323,3605,2955,15.2,1728
405.5,2026-08-01T16:21:35.262522+00:00,57.437,57.156,57.437,56.531,36,306,1020,,9028,2323,3605,2955,15.7,1728
406.5,2026-08-01T16:21:36.268587+00:00,57.593,57.312,57.593,56.562,37,306,1020,,8988,2323,3605,2955,15.3,1728
407.5,2026-08-01T16:21:37.274925+00:00,57.656,57.093,57.656,56.531,35,306,1020,,9028,2363,3605,2955,15.5,1728
408.5,2026-08-01T16:21:38.281110+00:00,57.718,57.031,57.718,56.562,38,306,1020,,9109,2400,3645,2955,15.3,1728
409.5,2026-08-01T16:21:39.287563+00:00,57.5,57.187,57.5,56.593,37,306,1020,,9149,2440,3645,2955,15.5,1728
410.5,2026-08-01T16:21:40.293856+00:00,57.437,57.468,57.468,56.562,36,306,1020,,9189,2440,3645,2955,15.2,1728
411.5,2026-08-01T16:21:41.300171+00:00,57.843,57.375,57.843,56.593,38,306,1020,,9229,2480,3645,2955,15.5,1728
412.5,2026-08-01T16:21:42.306390+00:00,57.812,57.031,57.812,56.718,39,306,1020,,9229,2480,3685,2955,15.7,1728
413.5,2026-08-01T16:21:43.312477+00:00,57.875,57.156,57.875,56.593,36,306,1020,,9309,2480,3685,2955,15.2,1728
414.5,2026-08-01T16:21:44.318383+00:00,57.343,57.093,57.343,56.593,38,306,1020,,9349,2520,3685,2955,15.7,1728
415.5,2026-08-01T16:21:45.324722+00:00,57.531,57.5,57.531,56.531,39,306,1020,,9374,2560,3685,2955,15.7,1728
416.5,2026-08-01T16:21:46.331010+00:00,57.625,57.093,57.625,56.781,36,306,1020,,9415,2600,3725,2955,15.5,1728
417.6,2026-08-01T16:21:47.336466+00:00,57.625,57.25,57.625,56.562,36,306,1020,,9495,2640,3725,2955,15.3,1728
418.6,2026-08-01T16:21:48.341974+00:00,57.687,57.437,57.687,56.625,35,306,1020,,9535,2680,3725,2955,15.5,1728
419.6,2026-08-01T16:21:49.347325+00:00,57.5,57.187,57.5,56.687,29,306,1020,,9575,2720,3766,2955,15.3,1728
420.6,2026-08-01T16:21:50.353039+00:00,57.531,57.531,57.531,56.718,29,408,1020,,9655,2760,3766,2955,15.2,1728
421.6,2026-08-01T16:21:51.358494+00:00,57.531,57.093,57.531,56.781,26,408,1020,,9735,2760,3766,2955,15.3,1728
422.6,2026-08-01T16:21:52.364044+00:00,57.562,57.25,57.562,56.656,27,408,1020,,9775,2800,3806,2955,15.5,1728
423.6,2026-08-01T16:21:53.369535+00:00,57.593,57.343,57.593,56.656,28,408,1020,,9855,2840,3806,2955,15.5,1728
424.6,2026-08-01T16:21:54.375020+00:00,57.593,57.25,57.593,56.656,27,408,1020,,9895,2920,3840,2955,15.5,1728
425.6,2026-08-01T16:21:55.380528+00:00,57.937,57.468,57.937,56.781,27,408,1020,,9975,2955,3840,2955,15.2,1728
426.6,2026-08-01T16:21:56.386207+00:00,57.906,57.218,57.906,56.687,27,408,1020,,10096,2995,3840,2955,15.3,1728
427.6,2026-08-01T16:21:57.391698+00:00,58,57.312,58,56.687,29,408,1020,,10216,3075,3880,2955,15.5,1728
428.6,2026-08-01T16:21:58.397245+00:00,57.968,57.406,57.968,56.656,28,408,1020,,10256,3075,3880,2955,15.5,1728
429.6,2026-08-01T16:21:59.402658+00:00,58.031,57.25,58.031,56.687,29,408,1020,,10296,3154,3920,2955,15.5,1728
430.6,2026-08-01T16:22:00.408181+00:00,58.031,57.531,58.031,56.718,29,408,1020,,10440,3194,3920,2955,15.3,1728
431.6,2026-08-01T16:22:01.413629+00:00,57.875,57.25,57.875,56.875,27,408,1020,,10560,3314,3960,2955,15.5,1728
432.6,2026-08-01T16:22:02.419132+00:00,57.843,57.75,57.843,56.687,21,408,1020,,10680,3314,3960,2955,15.5,1728
433.6,2026-08-01T16:22:03.424551+00:00,57.937,57.75,57.937,56.781,23,510,1020,,10760,3354,4040,2955,15.3,1728
434.6,2026-08-01T16:22:04.429964+00:00,58,57.968,58,56.687,23,510,1020,,11040,3548,4073,2955,15.2,1728
435.7,2026-08-01T16:22:05.435362+00:00,58.156,57.812,58.156,56.687,42,510,1020,,11200,3708,4113,2955,15.5,1728
436.7,2026-08-01T16:22:06.441507+00:00,58.312,57.406,58.312,56.781,46,510,1020,,11120,3588,4113,2955,14.8,1728
437.7,2026-08-01T16:22:07.447658+00:00,58.781,57.562,58.781,56.781,44,612,1020,,11240,3668,4113,2955,15.5,1728
438.7,2026-08-01T16:22:08.453742+00:00,58.718,57.5,58.718,56.687,99,1020,1020,,11200,3708,4113,2955,15.7,1728
439.7,2026-08-01T16:22:09.459435+00:00,58.406,57.812,58.406,56.718,99,714,1020,,10376,3075,3960,2955,15.5,1728
440.7,2026-08-01T16:22:10.465505+00:00,58.375,56.875,58.375,56.812,99,714,1020,,9775,2760,3846,2955,15.5,1728
441.7,2026-08-01T16:22:11.470945+00:00,58.281,57.093,58.281,56.75,99,714,1020,,9415,2600,3725,2955,15.8,1728
442.7,2026-08-01T16:22:12.476388+00:00,57.906,57.593,57.906,56.75,51,306,1020,,9028,2363,3645,2955,15.7,1728
443.7,2026-08-01T16:22:13.481825+00:00,57.656,57.687,57.687,56.687,19,306,1020,,8908,2283,3605,2955,15.5,1728
444.7,2026-08-01T16:22:14.487189+00:00,57.718,57.875,57.875,56.656,38,306,1020,,8908,2243,3605,2955,15.3,1728
445.7,2026-08-01T16:22:15.492791+00:00,57.718,57.531,57.718,56.812,36,306,1020,,8948,2323,3605,2955,15.2,1728
446.7,2026-08-01T16:22:16.498485+00:00,57.531,57.656,57.656,56.687,37,306,1020,,8988,2323,3605,2955,15.5,1728
447.7,2026-08-01T16:22:17.504047+00:00,57.531,57.75,57.75,56.687,38,306,1020,,8988,2243,3645,2955,14.5,1728
448.7,2026-08-01T16:22:18.509490+00:00,57.531,57.75,57.75,56.781,38,306,1020,,9149,2400,3645,2955,15.2,1728
449.7,2026-08-01T16:22:19.514984+00:00,57.531,57.781,57.781,56.781,35,306,1020,,9189,2480,3645,2955,15.7,1728
450.7,2026-08-01T16:22:20.520435+00:00,57.531,57.093,57.531,56.781,37,306,1020,,9269,2480,3645,2955,15.3,1728
451.7,2026-08-01T16:22:21.526075+00:00,57.531,57.25,57.531,56.687,39,306,1020,,9309,2520,3685,2955,15.2,1728
452.7,2026-08-01T16:22:22.531440+00:00,57.562,57.187,57.562,56.718,39,306,1020,,9374,2560,3685,2955,15.5,1728
453.8,2026-08-01T16:22:23.536927+00:00,57.781,57.281,57.781,56.781,38,306,1020,,9455,2600,3685,2955,15.3,1728
454.8,2026-08-01T16:22:24.542186+00:00,57.843,57.531,57.843,56.718,38,306,1020,,9455,2640,3725,2955,15.0,1728
455.8,2026-08-01T16:22:25.547322+00:00,57.843,57.218,57.843,56.781,35,306,1020,,9575,2720,3725,2955,15.3,1728
456.8,2026-08-01T16:22:26.552923+00:00,57.656,57.156,57.656,56.781,28,306,1020,,9615,2760,3725,2955,15.7,1728
457.8,2026-08-01T16:22:27.558408+00:00,58,57.468,58,56.75,29,408,1020,,9695,2760,3766,2955,15.5,1728
458.8,2026-08-01T16:22:28.563703+00:00,57.687,57.437,57.687,56.656,27,408,1020,,9775,2840,3766,2955,15.3,1728
459.8,2026-08-01T16:22:29.569121+00:00,57.625,57.343,57.718,56.75,28,408,1020,,9815,2840,3806,2955,15.3,1728
460.8,2026-08-01T16:22:30.574725+00:00,57.906,57.406,57.906,56.75,25,408,1020,,10016,2955,3800,2955,15.0,1728
461.8,2026-08-01T16:22:31.580282+00:00,57.593,57.718,57.718,56.718,28,408,1020,,10136,3075,3840,2955,15.2,1728
462.8,2026-08-01T16:22:32.585699+00:00,57.875,57.625,57.875,56.687,29,408,1020,,10216,3115,3880,2955,15.7,1728
463.8,2026-08-01T16:22:33.591331+00:00,57.656,57.156,57.656,56.781,28,408,1020,,10136,2915,3920,2955,14.8,1728
464.8,2026-08-01T16:22:34.596682+00:00,58.093,57.156,58.093,56.843,21,408,1020,,10720,3354,4000,2955,15.5,1728
465.8,2026-08-01T16:22:35.602468+00:00,57.968,57.156,57.968,56.781,47,510,1020,,10680,3154,4040,2955,14.8,1728
466.8,2026-08-01T16:22:36.607910+00:00,58.593,57.562,58.593,56.75,28,510,1020,,11040,3548,4113,2955,15.3,1574
467.8,2026-08-01T16:22:37.613679+00:00,59.093,57.312,59.093,56.687,99,1020,1020,,11160,3628,4113,2956,15.5,1728
468.8,2026-08-01T16:22:38.620782+00:00,58.843,57.156,58.843,56.687,94,1020,1020,,10840,3434,4040,2956,15.3,1344
469.8,2026-08-01T16:22:39.628063+00:00,58.218,57.062,58.218,56.75,90,1020,1020,,10176,3035,3920,2956,15.8,1728
470.8,2026-08-01T16:22:40.632128+00:00,58.187,57.093,58.187,56.687,99,714,1020,,9735,2760,3806,2956,15.7,1036
471.9,2026-08-01T16:22:41.638230+00:00,58.187,56.843,58.187,56.687,99,714,1020,,9349,2520,3685,2956,15.7,1574
472.9,2026-08-01T16:22:42.643799+00:00,57.843,57.125,57.843,56.718,65,306,1020,,8988,2363,3605,2955,15.7,1728
473.9,2026-08-01T16:22:43.649284+00:00,57.5,57.187,57.5,56.781,38,306,1020,,8908,2283,3565,2956,15.8,1728
474.9,2026-08-01T16:22:44.655005+00:00,57.625,57.187,57.625,56.687,39,306,1020,,8908,2243,3605,2955,14.7,1728
475.9,2026-08-01T16:22:45.660650+00:00,57.687,57.562,57.687,56.687,39,306,1020,,9028,2323,3605,2955,15.5,1728
476.9,2026-08-01T16:22:46.666083+00:00,57.531,57.343,57.531,56.625,38,306,1020,,9068,2360,3605,2955,15.3,1728
477.9,2026-08-01T16:22:47.671951+00:00,57.562,57.062,57.562,56.718,36,306,1020,,9068,2360,3645,2955,15.2,1728
478.9,2026-08-01T16:22:48.677387+00:00,57.812,57.843,57.843,56.687,36,306,1020,,9109,2400,3645,2955,15.2,1728
479.9,2026-08-01T16:22:49.683373+00:00,57.812,56.968,57.812,56.656,38,306,1020,,9189,2440,3645,2955,15.3,1728
480.9,2026-08-01T16:22:50.689027+00:00,57.593,57.5,57.593,56.75,38,306,1020,,9269,2480,3685,2955,15.2,1728
481.9,2026-08-01T16:22:51.694645+00:00,57.562,57.093,57.562,56.781,38,306,1020,,9349,2520,3685,2955,15.2,1728
482.9,2026-08-01T16:22:52.700076+00:00,57.531,57.531,57.531,56.75,38,306,1020,,9455,2600,3725,2955,15.3,1728
483.9,2026-08-01T16:22:53.705555+00:00,57.531,57.75,57.75,56.781,33,306,1020,,9535,2680,3725,2955,15.8,1728
484.9,2026-08-01T16:22:54.710932+00:00,57.687,57.562,57.687,56.781,29,408,1020,,9615,2720,3725,2955,15.3,1728
485.9,2026-08-01T16:22:55.716428+00:00,57.781,57.531,57.781,56.718,28,408,1020,,9695,2800,3766,2955,15.2,1728
486.9,2026-08-01T16:22:56.721807+00:00,57.593,57.25,57.593,56.75,29,408,1020,,9815,2840,3766,2955,15.2,1728
487.9,2026-08-01T16:22:57.727416+00:00,57.656,56.937,57.656,56.781,29,408,1020,,9855,2840,3806,2955,15.0,1728
488.9,2026-08-01T16:22:58.733049+00:00,57.625,57.062,57.625,56.781,27,408,1020,,10016,2955,3840,2955,15.5,1728
490.0,2026-08-01T16:22:59.738719+00:00,57.906,57.125,57.906,56.625,27,408,1020,,9975,2840,3880,2955,14.7,1728
491.0,2026-08-01T16:23:00.744364+00:00,57.937,57.031,57.937,56.593,28,408,1020,,10336,3154,3920,2955,15.3,1728
492.0,2026-08-01T16:23:01.749838+00:00,57.718,57.093,58,56.468,29,408,1020,,10536,3234,3960,2955,15.2,1728
493.0,2026-08-01T16:23:02.755248+00:00,57.812,57.187,57.812,56.625,22,408,1020,,10600,3314,3960,2955,15.3,1728
494.0,2026-08-01T16:23:03.761199+00:00,57.875,57,57.875,56.625,22,510,1020,,10800,3434,4040,2955,15.5,1728
495.0,2026-08-01T16:23:04.767041+00:00,58,57.25,58,56.687,23,510,1020,,10920,3514,4040,2955,15.3,1728
496.0,2026-08-01T16:23:05.772747+00:00,57.843,57.062,57.843,56.593,33,510,1020,,11120,3588,4080,2955,15.3,1728
497.0,2026-08-01T16:23:06.778272+00:00,57.968,57.281,57.968,56.625,51,510,1020,,11120,3588,4113,2955,15.2,1728
498.0,2026-08-01T16:23:07.784638+00:00,58.187,57.093,58.187,56.593,26,612,1020,,11240,3668,4113,2955,15.5,1728
499.0,2026-08-01T16:23:08.790774+00:00,58.468,57.218,58.468,56.687,89,1020,1020,,11240,3668,4113,2955,15.8,1651
500.0,2026-08-01T16:23:09.796938+00:00,58.593,56.968,58.593,56.718,99,1020,1020,,10800,3434,4040,2955,15.5,1190
501.0,2026-08-01T16:23:10.802710+00:00,58.312,57,58.25,56.562,92,714,1020,,10016,2875,3880,2955,15.5,1728
502.0,2026-08-01T16:23:11.808849+00:00,58.187,56.75,58.187,56.593,99,714,1020,,9535,2640,3766,2955,15.7,1728
503.0,2026-08-01T16:23:12.814109+00:00,57.843,57.218,57.843,56.562,99,306,1020,,9109,2400,3645,2955,16.2,1728
504.0,2026-08-01T16:23:13.819611+00:00,57.625,57.093,57.625,56.593,21,306,1020,,8948,2323,3605,2955,15.5,1728
505.0,2026-08-01T16:23:14.825043+00:00,57.687,57.437,57.687,56.625,38,306,1020,,8948,2283,3605,2955,15.7,1728
506.0,2026-08-01T16:23:15.830370+00:00,57.406,57.25,57.406,56.656,38,306,1020,,8908,2283,3605,2955,15.3,1728
507.1,2026-08-01T16:23:16.835744+00:00,57.437,57.406,57.437,56.625,35,306,1020,,8948,2323,3605,2955,15.3,1728
508.1,2026-08-01T16:23:17.841134+00:00,57.531,57.406,57.531,56.75,35,306,1020,,8988,2323,3605,2955,15.5,1728
509.1,2026-08-01T16:23:18.846682+00:00,57.406,56.937,57.406,56.75,34,306,1020,,8988,2323,3605,2955,15.3,1728
510.1,2026-08-01T16:23:19.852283+00:00,57.75,57.062,57.75,56.718,37,306,1020,,9068,2363,3605,2955,15.3,1728
511.1,2026-08-01T16:23:20.857652+00:00,57.875,57.406,57.875,56.687,38,306,1020,,9149,2440,3645,2955,15.0,1728
512.1,2026-08-01T16:23:21.863162+00:00,57.843,57.031,57.843,56.562,35,306,1020,,9149,2440,3645,2955,15.3,1728
513.1,2026-08-01T16:23:22.868680+00:00,57.375,57.093,57.375,56.625,38,306,1020,,9254,2520,3685,2955,15.3,1728
514.1,2026-08-01T16:23:23.874588+00:00,57.437,57.031,57.437,56.656,38,306,1020,,9294,2560,3685,2955,15.2,1728
515.1,2026-08-01T16:23:24.879971+00:00,57.531,57.156,57.531,56.656,36,306,1020,,9415,2600,3685,2955,15.2,1728
516.1,2026-08-01T16:23:25.885826+00:00,57.625,57.031,57.625,56.593,33,306,1020,,9455,2640,3725,2955,15.2,1728
517.1,2026-08-01T16:23:26.891163+00:00,57.656,57.25,57.656,56.781,27,306,1020,,9575,2720,3725,2955,15.7,1728
518.1,2026-08-01T16:23:27.897685+00:00,57.656,57.218,57.656,56.687,29,408,1020,,9655,2760,3725,2955,15.3,1728
519.1,2026-08-01T16:23:28.903993+00:00,57.718,57.125,57.718,56.562,29,408,1020,,9735,2840,3766,2955,15.3,1728
520.1,2026-08-01T16:23:29.910089+00:00,57.718,57.218,57.718,56.687,28,408,1020,,9775,2840,3806,2955,15.5,1728
521.1,2026-08-01T16:23:30.916497+00:00,57.531,57.375,57.531,56.718,28,408,1020,,9895,2920,3800,2955,15.7,1728
522.1,2026-08-01T16:23:31.923132+00:00,57.593,57.156,57.593,56.625,27,408,1020,,9975,2915,3840,2955,15.7,1728
523.1,2026-08-01T16:23:32.929568+00:00,57.531,57.062,57.531,56.625,29,408,1020,,9935,2800,3840,2955,14.8,1728
524.2,2026-08-01T16:23:33.936288+00:00,57.593,56.843,57.593,56.593,26,408,1020,,10336,3154,3880,2955,15.5,1728
525.2,2026-08-01T16:23:34.942102+00:00,57.656,56.812,57.656,56.562,28,408,1020,,10360,3154,3920,2955,15.2,1728
526.2,2026-08-01T16:23:35.948521+00:00,57.718,57.031,57.718,56.593,27,408,1020,,10520,3234,3960,2955,15.7,1728
527.2,2026-08-01T16:23:36.954746+00:00,57.687,57.093,57.687,56.687,21,408,1020,,10640,3354,4000,2955,15.2,1728
528.2,2026-08-01T16:23:37.961211+00:00,57.75,57.062,57.75,56.625,22,510,1020,,10800,3394,4000,2955,15.7,1728
529.2,2026-08-01T16:23:38.967682+00:00,57.843,56.875,57.843,56.718,23,510,1020,,10840,3474,4040,2955,15.2,1728
530.2,2026-08-01T16:23:39.974274+00:00,58.156,56.875,58.156,56.625,27,510,1020,,10960,3508,4080,2955,15.7,1728
531.2,2026-08-01T16:23:40.980533+00:00,58.281,57,58.281,56.562,46,510,1020,,11160,3628,4113,2955,15.2,1728
532.2,2026-08-01T16:23:41.986753+00:00,58.437,57.125,58.437,56.562,44,612,1020,,11240,3668,4113,2955,15.3,1728
533.2,2026-08-01T16:23:42.993150+00:00,58.562,57,58.562,56.625,46,510,1020,,11280,3668,4113,2955,15.3,1728
534.2,2026-08-01T16:23:43.999306+00:00,58.343,57.281,58.343,56.718,99,1020,1020,,11200,3588,4113,2955,15.3,1728
535.2,2026-08-01T16:23:45.005892+00:00,58.75,57.125,58.75,56.718,99,1020,1020,,11000,3514,4073,2955,15.7,1728
536.2,2026-08-01T16:23:46.012899+00:00,58.437,57.25,58.437,56.625,85,1020,1020,,10496,3194,4000,2955,15.7,1728
537.2,2026-08-01T16:23:47.019104+00:00,58.375,57.125,58.375,56.562,98,714,1020,,10056,2955,3880,2955,15.5,1728
538.2,2026-08-01T16:23:48.025806+00:00,58.25,56.968,58.25,56.75,99,714,1020,,9895,2760,3840,2955,15.7,1728
539.2,2026-08-01T16:23:49.032238+00:00,58.093,56.906,58.093,56.75,99,714,1020,,9349,2520,3725,2955,15.7,1728
540.3,2026-08-01T16:23:50.038394+00:00,57.75,56.812,57.75,56.531,46,306,1020,,9068,2400,3645,2955,15.8,1728
541.3,2026-08-01T16:23:51.044808+00:00,57.531,56.875,57.531,56.531,38,306,1020,,8868,2243,3605,2955,15.5,1728
542.3,2026-08-01T16:23:52.051360+00:00,57.562,57.062,57.562,56.625,36,306,1020,,8908,2243,3605,2955,15.3,1728
543.3,2026-08-01T16:23:53.057549+00:00,57.437,57,57.437,56.656,38,306,1020,,8948,2283,3605,2955,15.3,1728
544.3,2026-08-01T16:23:54.063738+00:00,57.312,56.812,57.312,56.75,38,306,1020,,8948,2283,3605,2955,15.5,1728
545.3,2026-08-01T16:23:55.070068+00:00,57.468,56.812,57.468,56.531,37,306,1020,,8948,2323,3605,2955,15.7,1728
546.3,2026-08-01T16:23:56.076587+00:00,57.406,56.968,57.406,56.625,36,306,1020,,8988,2323,3605,2955,15.0,1728
547.3,2026-08-01T16:23:57.082899+00:00,57.468,57,57.468,56.562,35,306,1020,,9028,2363,3605,2955,15.8,1728
548.3,2026-08-01T16:23:58.089267+00:00,57.5,56.968,57.5,56.687,39,306,1020,,9109,2360,3645,2955,15.2,1728
549.3,2026-08-01T16:23:59.096093+00:00,57.718,56.875,57.718,56.718,38,306,1020,,9109,2400,3645,2955,15.3,1728
550.3,2026-08-01T16:24:00.101957+00:00,57.75,56.843,57.75,56.531,36,306,1020,,9189,2440,3645,2955,15.7,1728
551.3,2026-08-01T16:24:01.108580+00:00,57.75,57,57.75,56.656,37,306,1020,,9189,2440,3645,2955,15.5,1728
552.3,2026-08-01T16:24:02.114585+00:00,57.781,57,57.781,56.718,37,306,1020,,9269,2480,3645,2955,15.2,1728
553.3,2026-08-01T16:24:03.120753+00:00,57.843,57.093,57.843,56.75,38,306,1020,,9309,2520,3685,2955,15.3,1728
554.3,2026-08-01T16:24:04.127327+00:00,57.843,56.906,57.843,56.75,35,306,1020,,9374,2560,3685,2955,15.5,1728
555.3,2026-08-01T16:24:05.133754+00:00,57.593,56.968,57.593,56.656,36,306,1020,,9415,2600,3685,2955,15.3,1728
556.4,2026-08-01T16:24:06.140493+00:00,57.562,57,57.562,56.687,39,306,1020,,9455,2600,3725,2955,15.5,1728
557.4,2026-08-01T16:24:07.146601+00:00,57.593,57,57.593,56.593,30,306,1020,,9535,2680,3725,2955,15.3,1728
558.4,2026-08-01T16:24:08.152762+00:00,57.625,57.031,57.625,56.75,28,306,1020,,9575,2680,3725,2955,15.3,1728
559.4,2026-08-01T16:24:09.158889+00:00,57.625,56.875,57.625,56.781,27,408,1020,,9615,2720,3766,2955,15.3,1728
560.4,2026-08-01T16:24:10.165524+00:00,57.593,56.937,57.562,56.718,29,408,1020,,9695,2760,3766,2955,15.7,1728
561.4,2026-08-01T16:24:11.171977+00:00,57.562,57.281,57.562,56.656,29,408,1020,,9735,2800,3766,2955,15.3,1728
562.4,2026-08-01T16:24:12.178934+00:00,57.562,57.656,57.656,56.781,28,408,1020,,9855,2880,3806,2955,15.5,1728
563.4,2026-08-01T16:24:13.184828+00:00,57.562,57.156,57.562,56.781,28,408,1020,,9935,2875,3800,2955,15.5,1728
564.4,2026-08-01T16:24:14.191273+00:00,57.562,57.281,57.562,56.718,27,408,1020,,9975,2960,3840,2955,15.7,1728
565.4,2026-08-01T16:24:15.198854+00:00,57.812,57.281,57.812,56.656,28,408,1020,,10056,3000,3840,2955,15.3,1728
566.4,2026-08-01T16:24:16.204990+00:00,57.843,57.375,57.843,56.656,28,408,1020,,10136,3035,3880,2955,15.3,1728
567.4,2026-08-01T16:24:17.211484+00:00,57.843,57.531,57.843,56.781,28,408,1020,,10216,3115,3880,2955,15.7,1728
568.4,2026-08-01T16:24:18.217856+00:00,57.937,57.218,57.937,56.781,29,408,1020,,10416,3194,3920,2955,15.7,1728
569.4,2026-08-01T16:24:19.224373+00:00,57.718,57.343,57.718,56.656,28,408,1020,,10440,3234,3920,2955,15.5,1728
570.4,2026-08-01T16:24:20.230748+00:00,57.75,57.5,57.75,56.687,27,408,1020,,10560,3314,3960,2955,15.5,1728
571.5,2026-08-01T16:24:21.237349+00:00,57.812,57.343,57.812,56.687,26,408,1020,,10680,3354,4000,2955,15.5,1728
572.5,2026-08-01T16:24:22.244070+00:00,57.843,57.531,57.843,56.781,23,510,1020,,10800,3394,4000,2955,15.3,1728
573.5,2026-08-01T16:24:23.250068+00:00,57.906,57.218,58.125,56.843,23,510,1020,,10920,3474,4033,2955,15.7,1728
574.5,2026-08-01T16:24:24.256218+00:00,58.187,57.343,58.187,56.781,32,510,1020,,11000,3588,4073,2955,15.2,1728
575.5,2026-08-01T16:24:25.262607+00:00,58.406,57.468,58.406,56.687,56,510,1020,,11200,3628,4113,2955,15.5,1728
576.5,2026-08-01T16:24:26.268964+00:00,58.468,57.281,58.468,56.781,41,510,1020,,11240,3708,4113,2955,15.2,1728
577.5,2026-08-01T16:24:27.274923+00:00,58.718,57.593,58.718,56.781,29,612,1020,,11280,3668,4113,2955,15.7,1651
578.5,2026-08-01T16:24:28.281297+00:00,59,57.062,59,56.625,99,1020,1020,,11200,3668,4113,2955,15.5,1728
579.5,2026-08-01T16:24:29.288393+00:00,58.906,57.281,58.906,56.718,99,1020,1020,,11000,3554,4073,2955,15.5,1728
580.5,2026-08-01T16:24:30.294383+00:00,58.625,57.281,58.625,56.687,88,1020,1020,,10416,3115,3960,2955,16.0,1728
581.5,2026-08-01T16:24:31.300754+00:00,58.281,57.343,58.281,56.687,99,714,1020,,10016,2880,3880,2955,15.3,1728
582.5,2026-08-01T16:24:32.307791+00:00,58.156,56.968,58.156,56.843,99,714,1020,,9575,2680,3766,2955,15.7,1728
583.5,2026-08-01T16:24:33.315852+00:00,57.718,56.968,57.718,56.687,99,714,1020,,9149,2400,3645,2955,15.7,1728
584.5,2026-08-01T16:24:34.320289+00:00,57.531,57.187,57.531,56.656,53,306,1020,,8908,2283,3605,2955,15.5,1728
585.5,2026-08-01T16:24:35.326934+00:00,57.437,57.468,57.468,56.687,38,306,1020,,8868,2243,3605,2955,15.3,1728
586.5,2026-08-01T16:24:36.333601+00:00,57.406,57.218,57.406,56.687,38,306,1020,,8948,2283,3605,2955,15.5,1728
587.6,2026-08-01T16:24:37.340064+00:00,57.625,57.343,57.625,56.687,38,306,1020,,8948,2283,3605,2955,15.5,1728
588.6,2026-08-01T16:24:38.346432+00:00,57.562,57.281,57.562,56.593,33,306,1020,,8948,2283,3605,2955,16.0,1728
589.6,2026-08-01T16:24:39.352942+00:00,57.656,57.125,57.656,56.687,38,306,1020,,8988,2320,3605,2955,14.8,1728
590.6,2026-08-01T16:24:40.359385+00:00,57.687,57.187,57.687,56.687,35,306,1020,,9028,2360,3605,2955,15.3,1728
591.6,2026-08-01T16:24:41.366059+00:00,57.531,57.093,57.531,56.812,36,306,1020,,9109,2400,3645,2955,15.5,1728
592.6,2026-08-01T16:24:42.372518+00:00,57.531,57.312,57.531,56.687,37,306,1020,,9149,2400,3645,2955,15.5,1728
593.6,2026-08-01T16:24:43.379286+00:00,57.5,57.343,57.5,56.687,35,306,1020,,9189,2440,3645,2955,15.2,1728
594.6,2026-08-01T16:24:44.385281+00:00,57.531,57.593,57.593,56.781,37,306,1020,,9269,2480,3645,2955,15.3,1728
595.6,2026-08-01T16:24:45.392044+00:00,57.75,57.218,57.75,56.687,38,306,1020,,9309,2520,3685,2955,15.3,1728
596.6,2026-08-01T16:24:46.398252+00:00,57.843,57.343,57.843,56.656,34,306,1020,,9334,2560,3685,2955,16.0,1728
597.6,2026-08-01T16:24:47.404682+00:00,57.781,57.156,57.781,56.718,36,306,1020,,9374,2600,3685,2955,15.5,1728
598.6,2026-08-01T16:24:48.411457+00:00,57.843,57.343,57.843,56.75,39,306,1020,,9415,2600,3725,2955,15.2,1728
599.6,2026-08-01T16:24:49.417920+00:00,57.593,57.593,57.593,56.781,35,306,1020,,9495,2640,3725,2955,15.3,1728
600.6,2026-08-01T16:24:50.424197+00:00,57.562,57.343,57.562,56.781,29,306,1020,,9575,2680,3725,2955,15.5,1728
601.6,2026-08-01T16:24:51.430840+00:00,57.718,57.375,57.718,56.625,29,408,1020,,9615,2720,3766,2955,15.5,1728
602.7,2026-08-01T16:24:52.437288+00:00,57.656,57.5,57.656,56.781,26,408,1020,,9695,2800,3766,2955,15.2,1728
603.7,2026-08-01T16:24:53.443905+00:00,58,57.218,58,56.843,29,408,1020,,9815,2840,3800,2955,15.3,1728
604.7,2026-08-01T16:24:54.450626+00:00,58.031,57.343,58.031,56.843,29,408,1020,,9855,2840,3800,2955,15.5,1728
605.7,2026-08-01T16:24:55.456867+00:00,58.093,57.25,58.093,56.687,29,408,1020,,9855,2760,3846,2955,15.2,1728
606.7,2026-08-01T16:24:56.463622+00:00,58.062,57.406,57.843,56.718,26,408,1020,,10176,3035,3880,2955,15.5,1728
607.7,2026-08-01T16:24:57.469830+00:00,57.843,57.5,57.843,56.781,29,408,1020,,10320,3115,3920,2955,15.3,1728
608.7,2026-08-01T16:24:58.476111+00:00,57.875,57.343,57.875,56.781,29,408,1020,,10440,3234,3960,2955,15.2,1728
609.7,2026-08-01T16:24:59.482959+00:00,57.906,57.312,57.906,56.843,22,408,1020,,10640,3314,3960,2955,15.3,1728
610.7,2026-08-01T16:25:00.488892+00:00,58,57.437,58,56.781,23,408,1020,,10760,3434,4000,2955,15.3,1728
611.7,2026-08-01T16:25:01.495332+00:00,57.843,57.468,57.843,56.718,23,510,1020,,10920,3468,4040,2955,15.5,1728
612.7,2026-08-01T16:25:02.501934+00:00,58,57.531,58,56.812,21,510,1020,,11120,3668,4073,2955,15.2,1728
613.7,2026-08-01T16:25:03.508421+00:00,58.062,57.312,58.062,56.781,48,510,1020,,11240,3668,4113,2955,15.8,1728
614.7,2026-08-01T16:25:04.514126+00:00,58.156,57.312,58.156,56.718,45,612,1020,,11200,3668,4113,2955,15.2,1728
615.7,2026-08-01T16:25:05.520862+00:00,58.187,57.125,58.25,56.656,99,816,1020,,10760,3274,4080,2955,14.7,1728
616.7,2026-08-01T16:25:06.527452+00:00,59.031,57.343,59.031,56.718,99,1020,1020,,10800,3434,4040,2955,15.8,1728
617.7,2026-08-01T16:25:07.534245+00:00,58.625,57.062,58.625,56.781,99,714,1020,,10176,3075,3920,2955,15.7,1728
618.8,2026-08-01T16:25:08.540783+00:00,58.375,57.093,58.375,56.781,99,714,1020,,9695,2680,3806,2955,15.5,1728
619.8,2026-08-01T16:25:09.547461+00:00,58.093,57.156,58.093,56.687,99,714,1020,,9334,2560,3685,2955,15.8,1728
620.8,2026-08-01T16:25:10.553808+00:00,57.718,57.406,57.718,56.781,84,306,1020,,9028,2360,3645,2955,15.8,1728
621.8,2026-08-01T16:25:11.560259+00:00,57.593,57.093,57.593,56.75,36,306,1020,,8868,2243,3605,2955,15.5,1728
622.8,2026-08-01T16:25:12.566616+00:00,57.625,57.281,57.625,56.843,39,306,1020,,8908,2243,3605,2955,15.7,1728
623.8,2026-08-01T16:25:13.572933+00:00,57.687,57.312,57.687,56.75,36,306,1020,,8908,2283,3605,2955,15.5,1728
624.8,2026-08-01T16:25:14.579043+00:00,57.843,57.5,57.843,56.781,35,306,1020,,8948,2283,3605,2955,15.3,1728
625.8,2026-08-01T16:25:15.585629+00:00,57.875,57.281,57.875,56.781,38,306,1020,,8988,2323,3605,2955,15.5,1728
626.8,2026-08-01T16:25:16.591735+00:00,57.875,57,57.875,56.843,38,306,1020,,8988,2320,3605,2955,15.2,1728
627.8,2026-08-01T16:25:17.598016+00:00,57.906,57,57.906,56.875,38,306,1020,,9028,2360,3605,2955,15.7,1728
628.8,2026-08-01T16:25:18.604526+00:00,57.593,57.031,57.593,56.718,37,306,1020,,9068,2360,3605,2955,15.3,1728
629.8,2026-08-01T16:25:19.610645+00:00,57.656,57.218,57.656,56.812,39,306,1020,,9109,2400,3645,2955,15.5,1728
630.8,2026-08-01T16:25:20.617064+00:00,57.593,57.25,57.593,56.843,39,306,1020,,9149,2400,3645,2955,15.5,1728
631.8,2026-08-01T16:25:21.623777+00:00,57.812,57,57.812,56.906,37,306,1020,,9189,2440,3645,2955,15.7,1728
632.8,2026-08-01T16:25:22.630428+00:00,57.968,57.031,57.968,56.718,39,306,1020,,9189,2480,3645,2955,15.5,1728
633.9,2026-08-01T16:25:23.636735+00:00,58,57.125,58,56.812,36,306,1020,,9254,2480,3645,2955,15.7,1728
634.9,2026-08-01T16:25:24.643149+00:00,57.531,57.156,57.531,56.781,38,306,1020,,9309,2480,3685,2955,15.3,1728
635.9,2026-08-01T16:25:25.649505+00:00,57.531,57.25,57.531,56.906,36,306,1020,,9334,2560,3685,2955,15.7,1728
636.9,2026-08-01T16:25:26.656066+00:00,57.75,57,57.75,56.968,38,306,1020,,9374,2560,3685,2955,15.5,1728
637.9,2026-08-01T16:25:27.662541+00:00,57.875,57.5,57.875,56.687,38,306,1020,,9455,2640,3725,2955,15.5,1728
638.9,2026-08-01T16:25:28.668894+00:00,57.75,57.187,57.75,56.781,34,306,1020,,9495,2600,3725,2955,14.8,1728
639.9,2026-08-01T16:25:29.675300+00:00,57.812,57.312,57.812,56.843,29,306,1020,,9615,2720,3766,2955,15.5,1728
640.9,2026-08-01T16:25:30.681754+00:00,57.687,57.062,57.687,56.968,28,408,1020,,9695,2760,3766,2955,15.5,1728
641.9,2026-08-01T16:25:31.688197+00:00,57.656,57.375,57.656,56.75,27,408,1020,,9775,2800,3766,2955,15.3,1728
642.9,2026-08-01T16:25:32.694597+00:00,57.656,57.625,57.656,56.843,27,408,1020,,9815,2840,3800,2955,15.3,1728
643.9,2026-08-01T16:25:33.701054+00:00,57.812,57.312,57.812,56.812,27,408,1020,,9895,2835,3800,2955,15.5,1728
644.9,2026-08-01T16:25:34.707451+00:00,57.718,57.343,57.906,56.843,27,408,1020,,9935,2920,3800,2955,15.7,1728
645.9,2026-08-01T16:25:35.713650+00:00,58,57.437,58,56.968,29,408,1020,,10056,2955,3840,2955,15.2,1728
646.9,2026-08-01T16:25:36.719527+00:00,58,57.375,58,56.75,28,408,1020,,10136,2995,3840,2955,15.5,1728
647.9,2026-08-01T16:25:37.725747+00:00,58.062,57.562,58.062,56.781,29,408,1020,,10176,3115,3880,2955,15.7,1728
648.9,2026-08-01T16:25:38.732246+00:00,58.062,57.375,57.781,56.843,27,408,1020,,10296,3115,3920,2955,15.2,1728
650.0,2026-08-01T16:25:39.738586+00:00,58.031,57.531,58.031,56.75,29,408,1020,,10440,3194,3920,2955,15.3,1728
651.0,2026-08-01T16:25:40.745005+00:00,58,57.312,58,56.843,28,408,1020,,10480,3234,3960,2955,15.2,1728
652.0,2026-08-01T16:25:41.751089+00:00,57.906,57.187,57.906,56.781,23,510,1020,,10640,3354,3960,2955,15.7,1728
653.0,2026-08-01T16:25:42.759352+00:00,57.906,57.25,57.906,56.968,23,408,1020,,10800,3394,4000,2955,15.3,1728
654.0,2026-08-01T16:25:43.763228+00:00,58.187,57.218,58.187,56.781,23,510,1020,,10920,3468,4040,2955,15.0,1728
655.0,2026-08-01T16:25:44.769139+00:00,58.218,57.156,58.218,56.781,21,510,1020,,11000,3588,4080,2955,15.5,1728
656.0,2026-08-01T16:25:45.775247+00:00,58.156,57.281,58.156,56.843,43,510,1020,,11200,3588,4073,2955,15.3,1728
657.0,2026-08-01T16:25:46.781139+00:00,58.437,57.218,58.437,56.812,41,612,1020,,11200,3628,4113,2955,15.3,1728
658.0,2026-08-01T16:25:47.787116+00:00,58.281,57.281,58.281,56.812,40,612,1020,,11200,3668,4113,2955,15.7,1728
659.0,2026-08-01T16:25:48.792957+00:00,58.656,57.25,58.656,56.875,28,612,1020,,11160,3668,4113,2955,15.2,1728
660.0,2026-08-01T16:25:49.799318+00:00,58.875,57.468,58.875,56.781,90,1020,1020,,11200,3668,4113,2955,15.7,1728
661.0,2026-08-01T16:25:50.806072+00:00,58.781,57.281,58.781,56.906,88,1020,1020,,10560,3194,4000,2955,15.3,1728
662.0,2026-08-01T16:25:51.812247+00:00,58.531,57.437,58.531,56.843,99,714,1020,,10016,2875,3880,2955,15.5,1728
663.0,2026-08-01T16:25:52.818510+00:00,58.375,57.218,58.375,56.875,99,714,1020,,9735,2720,3806,2955,15.7,883
664.0,2026-08-01T16:25:53.824653+00:00,58.375,57.218,58.375,56.781,99,714,1020,,9455,2600,3725,2955,16.0,1420
665.0,2026-08-01T16:25:54.832172+00:00,57.843,57.187,57.843,56.875,94,714,1020,,9109,2400,3645,2955,15.5,1728
666.1,2026-08-01T16:25:55.838154+00:00,57.906,57.218,57.906,56.968,41,306,1020,,8948,2323,3605,2955,15.7,1728
667.1,2026-08-01T16:25:56.844736+00:00,57.593,57.375,57.593,56.812,36,306,1020,,8908,2243,3565,2955,15.5,1728
668.1,2026-08-01T16:25:57.851170+00:00,57.593,57.375,57.593,56.875,38,306,1020,,8908,2243,3605,2955,15.2,1728
669.1,2026-08-01T16:25:58.857455+00:00,57.75,57.437,57.75,56.843,37,306,1020,,8908,2283,3605,2955,15.3,1728
670.1,2026-08-01T16:25:59.862917+00:00,57.593,57.531,57.593,56.812,36,306,1020,,8988,2320,3605,2955,15.0,1728
671.1,2026-08-01T16:26:00.868423+00:00,57.625,57.25,57.625,56.906,38,306,1020,,8988,2320,3605,2955,15.7,1728
672.1,2026-08-01T16:26:01.873844+00:00,57.812,57.156,57.812,56.812,35,306,1020,,9028,2360,3645,2955,15.5,1728
673.1,2026-08-01T16:26:02.879309+00:00,57.937,57.562,57.937,56.781,39,306,1020,,9149,2400,3645,2955,15.0,1728
674.1,2026-08-01T16:26:03.885787+00:00,57.593,57.343,57.593,56.875,34,306,1020,,9149,2400,3645,2955,15.5,1728
675.1,2026-08-01T16:26:04.892179+00:00,57.843,57.187,57.843,56.843,38,306,1020,,9254,2480,3685,2955,15.3,1728
676.1,2026-08-01T16:26:05.898198+00:00,57.968,57.25,57.968,56.843,37,306,1020,,9294,2520,3685,2955,15.2,1728
677.1,2026-08-01T16:26:06.904674+00:00,57.687,57.125,57.687,56.937,35,306,1020,,9374,2560,3685,2955,15.5,1728
678.1,2026-08-01T16:26:07.910625+00:00,57.968,57.187,57.968,56.843,31,306,1020,,9374,2560,3685,2955,15.3,1728
679.1,2026-08-01T16:26:08.917078+00:00,57.906,57.437,57.906,56.906,39,306,1020,,9495,2680,3725,2955,15.5,1728
680.1,2026-08-01T16:26:09.923248+00:00,57.75,57.625,57.75,56.937,35,306,1020,,9535,2640,3725,2955,15.8,1728
681.1,2026-08-01T16:26:10.931499+00:00,57.718,57.375,57.718,56.781,29,306,1020,,9615,2680,3725,2955,15.3,1728
682.2,2026-08-01T16:26:11.936024+00:00,58.031,57.718,58.031,56.812,27,408,1020,,9655,2760,3766,2955,15.5,1728
683.2,2026-08-01T16:26:12.942427+00:00,57.812,57.406,57.812,56.875,27,408,1020,,9735,2800,3766,2955,15.7,1728
684.2,2026-08-01T16:26:13.948450+00:00,57.75,57.375,57.75,56.781,28,408,1020,,9815,2880,3806,2955,15.5,1728
685.2,2026-08-01T16:26:14.954595+00:00,58.093,57.562,58.093,56.781,28,408,1020,,9855,2920,3800,2955,15.5,1728
686.2,2026-08-01T16:26:15.960470+00:00,58.125,57.406,58.125,56.875,29,408,1020,,9935,2915,3840,2955,15.8,1728
687.2,2026-08-01T16:26:16.966811+00:00,58.125,57.468,57.843,56.968,27,408,1020,,10016,2995,3840,2955,15.5,1728
688.2,2026-08-01T16:26:17.973144+00:00,57.937,57.593,57.937,56.906,28,408,1020,,10136,3035,3840,2955,15.5,1728
689.2,2026-08-01T16:26:18.979381+00:00,58.156,57.437,58.156,56.937,29,408,1020,,10216,3075,3880,2955,15.3,1728
690.2,2026-08-01T16:26:19.985664+00:00,58.218,57.5,58.218,56.968,27,408,1020,,10296,3154,3880,2955,15.3,1728
691.2,2026-08-01T16:26:20.992227+00:00,57.843,57.5,57.843,56.875,28,408,1020,,10376,3194,3920,2955,15.8,1728
692.2,2026-08-01T16:26:21.998121+00:00,57.875,57.593,57.875,56.875,29,408,1020,,10440,3234,3960,2955,15.2,1728
693.2,2026-08-01T16:26:23.004285+00:00,58,57.5,58,56.937,28,408,1020,,10560,3274,3960,2955,15.7,1728
694.2,2026-08-01T16:26:24.010434+00:00,58.281,57.406,58.281,56.843,21,408,1020,,10640,3354,3960,2955,15.8,1728
695.2,2026-08-01T16:26:25.016253+00:00,58.312,57.5,58.312,56.843,23,408,1020,,10800,3394,4000,2955,15.3,1728
696.2,2026-08-01T16:26:26.022592+00:00,58.125,57.5,58.125,56.781,22,510,1020,,10840,3428,4040,2955,15.7,1728
697.2,2026-08-01T16:26:27.028671+00:00,58.218,57.718,58.218,56.843,21,510,1020,,11080,3628,4073,2955,15.3,1728
698.3,2026-08-01T16:26:28.035028+00:00,58.312,57.5,58.062,56.812,50,510,1020,,11200,3708,4113,2955,15.2,1728
699.3,2026-08-01T16:26:29.041419+00:00,58.312,57.312,58.312,56.812,48,510,1020,,11200,3668,4113,2955,15.3,1651
700.3,2026-08-01T16:26:30.047691+00:00,58.562,57.5,58.562,56.843,37,612,1020,,11240,3668,4113,2955,15.7,1728
701.3,2026-08-01T16:26:31.053953+00:00,58.843,57.281,58.843,56.875,85,1020,1020,,11200,3708,4113,2955,15.3,1728
702.3,2026-08-01T16:26:32.060513+00:00,59.218,57.406,59.218,56.812,99,1020,1020,,11040,3588,4073,2955,15.5,1728
703.3,2026-08-01T16:26:33.067382+00:00,58.875,57.593,58.875,56.781,88,1020,1020,,10496,3154,3960,2955,15.8,1728
704.3,2026-08-01T16:26:34.073602+00:00,58.406,57.218,58.406,56.875,99,714,1020,,9935,2840,3880,2955,15.2,729
705.3,2026-08-01T16:26:35.080694+00:00,58.406,57.218,58.406,56.968,99,714,1020,,9455,2560,3725,2955,15.3,1728
706.3,2026-08-01T16:26:36.086003+00:00,58.062,57.25,58.062,56.843,99,306,1020,,9149,2400,3645,2955,16.0,1728
707.3,2026-08-01T16:26:37.092402+00:00,57.718,57.093,57.718,56.812,38,306,1020,,8908,2283,3605,2955,15.7,1728
708.3,2026-08-01T16:26:38.098805+00:00,57.531,57.25,57.531,56.906,36,306,1020,,8908,2283,3605,2955,15.7,1728
709.3,2026-08-01T16:26:39.105159+00:00,57.812,57,57.812,56.875,38,306,1020,,8948,2283,3605,2955,16.0,1728
710.3,2026-08-01T16:26:40.112052+00:00,57.875,57.093,57.875,56.843,36,306,1020,,8948,2323,3605,2955,15.2,1728
711.3,2026-08-01T16:26:41.118039+00:00,57.843,57.343,57.843,56.937,38,306,1020,,8988,2323,3605,2955,15.2,1728
712.3,2026-08-01T16:26:42.124548+00:00,57.718,57,57.718,56.968,38,306,1020,,9028,2320,3645,2955,15.5,1728
713.3,2026-08-01T16:26:43.131582+00:00,57.625,57.187,57.625,56.843,37,306,1020,,9068,2360,3645,2955,15.3,1728
714.4,2026-08-01T16:26:44.137223+00:00,57.968,57.156,57.968,56.875,38,306,1020,,9149,2400,3645,2955,15.3,1728
715.4,2026-08-01T16:26:45.143361+00:00,57.968,57.312,57.968,56.937,38,306,1020,,9149,2440,3645,2955,15.5,1728
716.4,2026-08-01T16:26:46.149262+00:00,57.718,57,57.718,57.062,35,306,1020,,9189,2440,3645,2955,15.3,1728
717.4,2026-08-01T16:26:47.155675+00:00,57.75,57.156,57.75,56.875,38,306,1020,,9254,2480,3685,2955,15.5,1728
718.4,2026-08-01T16:26:48.162358+00:00,58,57.25,58,56.843,39,306,1020,,9294,2520,3685,2955,15.3,1728
719.4,2026-08-01T16:26:49.167941+00:00,58.031,57.375,58.031,56.906,37,306,1020,,9334,2520,3685,2955,15.2,1728
720.4,2026-08-01T16:26:50.173669+00:00,58.062,57.437,58.062,57.125,36,306,1020,,9374,2600,3685,2955,15.3,1728
721.4,2026-08-01T16:26:51.179140+00:00,58.093,57.531,58.093,56.843,35,306,1020,,9495,2640,3725,2955,15.2,1728
722.4,2026-08-01T16:26:52.184918+00:00,57.875,57.406,57.875,56.906,27,306,1020,,9655,2720,3766,2955,15.0,1728
723.4,2026-08-01T16:26:53.190345+00:00,57.875,57.625,57.875,56.937,28,408,1020,,9735,2800,3806,2955,15.2,1728
724.4,2026-08-01T16:26:54.196056+00:00,57.968,57.375,57.968,57.031,29,408,1020,,9895,2880,3800,2955,15.0,1728
725.4,2026-08-01T16:26:55.201546+00:00,57.968,57.468,57.968,56.968,28,408,1020,,10056,2955,3840,2955,15.2,1728
726.4,2026-08-01T16:26:56.207845+00:00,58.281,57.5,58.281,56.843,26,408,1020,,10256,3075,3880,2955,15.3,1728
727.4,2026-08-01T16:26:57.214267+00:00,58.25,57.468,58.25,57.031,27,408,1020,,10400,3154,3920,2955,15.2,1728
728.4,2026-08-01T16:26:58.219575+00:00,58,57.5,58,56.843,23,408,1020,,10600,3354,3960,2955,15.3,1728
729.4,2026-08-01T16:26:59.225010+00:00,58.125,57.75,58.125,56.812,27,408,1020,,10640,3354,4000,2955,15.3,1728
730.4,2026-08-01T16:27:00.230452+00:00,58.093,57.75,58.093,56.875,23,510,1020,,10760,3474,4040,2955,15.5,1728
731.5,2026-08-01T16:27:01.235980+00:00,58.187,57.75,58.187,56.843,23,510,1020,,10920,3514,4033,2955,15.5,1728
732.5,2026-08-01T16:27:02.241315+00:00,58.343,57.562,58.343,57,23,510,1020,,11120,3594,4073,2955,15.3,1728
733.5,2026-08-01T16:27:03.246764+00:00,58.187,57.593,58.187,57.093,42,510,1020,,11160,3668,4113,2955,15.2,1728
734.5,2026-08-01T16:27:04.252362+00:00,58.375,57.5,58.375,56.875,44,612,1020,,11200,3628,4113,2955,15.3,1728
735.5,2026-08-01T16:27:05.258347+00:00,58.718,57.718,58.718,56.875,78,1020,1020,,11160,3548,4113,2955,14.8,1651
736.5,2026-08-01T16:27:06.264823+00:00,59.125,57.187,59.125,56.906,99,1020,1020,,10760,3354,4040,2955,15.3,1036
737.5,2026-08-01T16:27:07.271235+00:00,58.593,57.125,58.593,56.812,99,714,1020,,9775,2680,3840,2955,15.5,1728
738.5,2026-08-01T16:27:08.276352+00:00,58.218,57.437,58.218,56.843,99,714,1020,,9149,2400,3645,2955,15.8,1728
739.5,2026-08-01T16:27:09.281712+00:00,57.906,57.406,57.625,56.812,38,306,1020,,8828,2203,3605,2955,15.0,1728
740.5,2026-08-01T16:27:10.287185+00:00,57.75,57.718,57.75,57,38,306,1020,,8948,2283,3605,2955,15.7,1728
741.5,2026-08-01T16:27:11.292934+00:00,57.812,57.281,57.812,57,37,306,1020,,8988,2323,3605,2955,15.0,1728
742.5,2026-08-01T16:27:12.298516+00:00,57.75,57.375,57.75,56.812,38,306,1020,,9028,2320,3605,2955,15.5,1728
743.5,2026-08-01T16:27:13.305057+00:00,58,57.656,58,57.031,39,306,1020,,9028,2323,3645,2955,15.3,1728
744.5,2026-08-01T16:27:14.311158+00:00,57.906,57.343,57.906,57,36,306,1020,,9109,2400,3645,2955,15.7,1728
745.5,2026-08-01T16:27:15.317360+00:00,57.968,57.468,57.968,56.968,35,306,1020,,9109,2320,3645,2955,14.7,1728
746.5,2026-08-01T16:27:16.322947+00:00,57.718,57.406,57.718,56.781,36,306,1020,,9254,2480,3645,2955,15.3,1728
747.5,2026-08-01T16:27:17.329503+00:00,57.812,57.531,57.812,56.937,38,306,1020,,9294,2520,3685,2955,15.2,1728
748.6,2026-08-01T16:27:18.335445+00:00,58,57.718,58,56.968,33,306,1020,,9334,2560,3685,2955,15.7,1728
749.6,2026-08-01T16:27:19.341724+00:00,58.093,57.468,58.093,56.812,37,306,1020,,9415,2600,3685,2955,15.5,1728
750.6,2026-08-01T16:27:20.348208+00:00,58.218,57.5,58.218,56.843,38,306,1020,,9495,2640,3725,2955,15.5,1728
751.6,2026-08-01T16:27:21.354726+00:00,57.843,57.687,57.843,56.968,35,306,1020,,9535,2680,3725,2955,15.3,1728
752.6,2026-08-01T16:27:22.360800+00:00,57.875,57.406,57.875,56.906,32,306,1020,,9575,2720,3725,2955,15.3,1728
753.6,2026-08-01T16:27:23.368217+00:00,58.218,57.406,58.218,56.906,28,306,1020,,9615,2760,3766,2955,15.3,1728
754.6,2026-08-01T16:27:24.373787+00:00,58.125,57.593,58.125,56.937,29,408,1020,,9695,2760,3766,2955,15.7,1728
755.6,2026-08-01T16:27:25.380240+00:00,57.968,57.75,57.968,56.968,27,408,1020,,9775,2760,3760,2955,15.5,1728
756.6,2026-08-01T16:27:26.386086+00:00,57.937,57.437,57.937,57.093,27,408,1020,,9775,2840,3806,2955,15.3,1728
757.6,2026-08-01T16:27:27.391836+00:00,58,57.406,58,56.843,28,408,1020,,9855,2880,3800,2955,15.5,1728
758.6,2026-08-01T16:27:28.397329+00:00,58,57.593,58,56.843,28,408,1020,,9975,2960,3840,2955,15.0,1728
759.6,2026-08-01T16:27:29.402887+00:00,57.843,57.343,57.843,56.968,27,408,1020,,9975,2835,3880,2955,14.8,1728
760.6,2026-08-01T16:27:30.408308+00:00,57.968,57.468,57.968,57,29,408,1020,,10360,3154,3920,2955,15.3,1728
761.6,2026-08-01T16:27:31.413795+00:00,58,57.531,58,56.968,29,408,1020,,10520,3234,3960,2955,15.3,1728
762.6,2026-08-01T16:27:32.419224+00:00,58,57.468,58,56.968,22,408,1020,,10600,3354,3960,2955,15.5,1728
763.6,2026-08-01T16:27:33.424734+00:00,58,57.656,58,56.968,25,408,1020,,10720,3394,4000,2955,15.2,1728
764.6,2026-08-01T16:27:34.430259+00:00,58.156,57.531,58.156,57,23,510,1020,,10800,3508,4040,2955,15.3,1728
765.7,2026-08-01T16:27:35.435928+00:00,58.187,57.312,58.187,57,22,510,1020,,10960,3554,4073,2955,15.7,1728
766.7,2026-08-01T16:27:36.441338+00:00,58.5,57.468,58.5,56.875,53,510,1020,,11120,3548,4113,2955,15.2,1728
767.7,2026-08-01T16:27:37.446805+00:00,58.656,57.375,58.656,56.843,44,612,1020,,11200,3668,4113,2955,15.2,1728
768.7,2026-08-01T16:27:38.453194+00:00,58.5,57.625,58.5,56.968,27,612,1020,,11280,3747,4153,2955,15.5,1728
769.7,2026-08-01T16:27:39.459594+00:00,58.906,57.281,58.906,57,95,1020,1020,,11200,3668,4113,2955,15.3,1728
770.7,2026-08-01T16:27:40.466039+00:00,59.25,57.343,59.25,56.906,99,1020,1020,,10920,3548,4080,2955,15.5,1036
771.7,2026-08-01T16:27:41.471611+00:00,58.906,57.312,58.906,56.906,83,714,1020,,10216,3035,3920,2955,15.5,1728
772.7,2026-08-01T16:27:42.478432+00:00,58.687,57.343,58.687,56.937,99,714,1020,,9815,2760,3840,2955,15.5,1728
773.7,2026-08-01T16:27:43.484577+00:00,58.406,57.093,58.406,57.062,99,714,1020,,9495,2640,3725,2955,15.5,1728
774.7,2026-08-01T16:27:44.489839+00:00,58,57.437,58,56.875,99,306,1020,,9149,2440,3645,2955,16.2,1728
775.7,2026-08-01T16:27:45.495329+00:00,57.843,57.5,57.843,56.812,29,306,1020,,8908,2283,3605,2955,15.3,1728
776.7,2026-08-01T16:27:46.502110+00:00,58,57.406,58,56.937,38,306,1020,,8908,2283,3605,2955,15.7,1728
777.7,2026-08-01T16:27:47.508057+00:00,58,57.25,58,57.062,36,306,1020,,8908,2283,3605,2955,15.0,1728
778.7,2026-08-01T16:27:48.513713+00:00,58,57.187,58,57.031,38,306,1020,,8948,2283,3605,2955,15.2,1728
779.7,2026-08-01T16:27:49.518904+00:00,58.062,57.718,58.062,56.906,38,306,1020,,9028,2320,3645,2955,15.5,1728
780.7,2026-08-01T16:27:50.524384+00:00,58.156,57.906,58.156,56.968,36,306,1020,,8988,2280,3645,2955,14.5,1728
781.7,2026-08-01T16:27:51.530620+00:00,57.875,57.375,57.875,57,38,306,1020,,9109,2360,3645,2955,15.2,1728
782.8,2026-08-01T16:27:52.536709+00:00,57.843,57.5,57.843,57.093,38,306,1020,,9229,2480,3685,2955,15.5,1728
783.8,2026-08-01T16:27:53.543521+00:00,58.125,57.593,58.125,56.937,38,306,1020,,9309,2480,3685,2955,15.5,1728
784.8,2026-08-01T16:27:54.549624+00:00,58.125,57.406,58.125,56.968,39,306,1020,,9229,2400,3685,2955,15.0,1728
785.8,2026-08-01T16:27:55.556380+00:00,57.906,57.468,57.906,56.968,38,306,1020,,9415,2600,3725,2954,15.2,1728
786.8,2026-08-01T16:27:56.562050+00:00,57.937,57.187,57.937,57.093,28,306,1020,,9575,2720,3725,2954,15.7,1728
787.8,2026-08-01T16:27:57.568400+00:00,58,57.25,58,56.937,31,306,1020,,9615,2720,3766,2954,15.2,1728
788.8,2026-08-01T16:27:58.574587+00:00,57.875,57.281,57.875,56.968,27,408,1020,,9695,2760,3766,2954,15.5,1728
789.8,2026-08-01T16:27:59.580808+00:00,57.812,57.25,57.812,57.093,28,408,1020,,9735,2800,3800,2954,15.5,1728
790.8,2026-08-01T16:28:00.587151+00:00,57.843,57.125,57.843,56.968,28,408,1020,,9855,2880,3800,2954,15.5,1728
791.8,2026-08-01T16:28:01.593367+00:00,57.968,57.343,57.968,56.937,27,408,1020,,9895,2920,3800,2954,15.5,1728
792.8,2026-08-01T16:28:02.600301+00:00,58.031,57.343,58.031,57.031,27,408,1020,,9975,2915,3840,2954,15.3,1728
793.8,2026-08-01T16:28:03.606033+00:00,57.906,57.25,57.906,57.031,28,408,1020,,10056,2995,3840,2954,15.3,1728
794.8,2026-08-01T16:28:04.612527+00:00,58,57.187,58,56.843,28,408,1020,,10176,3075,3880,2954,15.5,1728
795.8,2026-08-01T16:28:05.618709+00:00,57.906,57.312,58,57,27,408,1020,,10256,3075,3920,2954,15.3,1728
796.8,2026-08-01T16:28:06.625328+00:00,58.093,57.375,58.093,57.031,28,408,1020,,10400,3154,3920,2953,15.3,1728
797.8,2026-08-01T16:28:07.631946+00:00,58.187,57.25,58.187,56.937,27,408,1020,,10520,3274,3960,2953,15.7,1728
798.9,2026-08-01T16:28:08.637874+00:00,58,57.281,58,56.906,21,408,1020,,10680,3314,3960,2953,15.8,1728
799.9,2026-08-01T16:28:09.644405+00:00,58.062,57.5,58.062,57.031,22,510,1020,,10800,3394,4000,2953,15.5,1728
800.9,2026-08-01T16:28:10.651019+00:00,58.312,57.218,58.312,57.093,23,510,1020,,10880,3434,4033,2953,15.8,1728
801.9,2026-08-01T16:28:11.657176+00:00,58.343,57.218,58.343,56.937,23,510,1020,,11000,3548,4073,2953,15.5,1728
802.9,2026-08-01T16:28:12.663520+00:00,58.5,57.343,58.5,56.843,39,510,1020,,10680,3234,4080,2953,14.5,1728
803.9,2026-08-01T16:28:13.670016+00:00,58.468,57.687,58.468,57,38,612,1020,,11200,3628,4113,2953,15.5,1728
804.9,2026-08-01T16:28:14.677115+00:00,58.812,57.375,58.937,57.031,28,612,1020,,11200,3708,4113,2953,15.7,1728
805.9,2026-08-01T16:28:15.683357+00:00,59.281,57.593,59.281,56.937,99,1020,1020,,11200,3628,4113,2953,15.0,729
806.9,2026-08-01T16:28:16.689925+00:00,59.218,57.687,59.218,57.031,99,1020,1020,,10760,3394,4033,2953,16.0,1728
807.9,2026-08-01T16:28:17.696108+00:00,58.562,57.375,58.562,57.062,89,714,1020,,10136,2955,3920,2953,15.7,1728
808.9,2026-08-01T16:28:18.702385+00:00,58.437,57.343,58.437,57.125,99,714,1020,,9695,2720,3806,2953,16.0,960
809.9,2026-08-01T16:28:19.708796+00:00,58.625,57.281,58.625,56.968,99,714,1020,,9374,2600,3725,2953,15.7,1651
810.9,2026-08-01T16:28:20.714499+00:00,58.187,57.531,58.187,56.937,56,306,1020,,9068,2360,3645,2953,16.3,1728
811.9,2026-08-01T16:28:21.720902+00:00,58.093,57.125,58.093,57.062,36,306,1020,,8868,2243,3565,2953,15.7,1728
812.9,2026-08-01T16:28:22.727200+00:00,57.843,57.125,57.843,56.906,39,306,1020,,8908,2283,3605,2953,15.2,1728
813.9,2026-08-01T16:28:23.733503+00:00,57.781,57.312,57.781,56.937,37,306,1020,,8908,2243,3605,2953,14.8,1728
815.0,2026-08-01T16:28:24.739983+00:00,58.031,57.281,58.031,57.031,38,306,1020,,8988,2280,3605,2953,15.2,1728
816.0,2026-08-01T16:28:25.746520+00:00,58.062,57.406,58.062,57.062,37,306,1020,,9109,2400,3645,2953,15.3,1728
817.0,2026-08-01T16:28:26.752721+00:00,58.156,57.531,58.156,57,39,306,1020,,9149,2400,3645,2953,15.5,1728
818.0,2026-08-01T16:28:27.758692+00:00,57.906,57.5,57.906,56.968,36,306,1020,,9174,2480,3645,2953,15.3,1728
819.0,2026-08-01T16:28:28.764898+00:00,57.875,57.468,57.875,57.031,36,306,1020,,9229,2480,3645,2953,15.2,1728
820.0,2026-08-01T16:28:29.771250+00:00,57.875,57.562,58.187,57.093,38,306,1020,,9269,2520,3685,2953,15.5,1728
821.0,2026-08-01T16:28:30.777594+00:00,58.187,57.593,58.187,56.937,38,306,1020,,9294,2520,3685,2953,15.3,1728
822.0,2026-08-01T16:28:31.783739+00:00,57.781,57.812,57.812,56.906,36,306,1020,,9334,2560,3685,2953,15.8,1728
823.0,2026-08-01T16:28:32.790066+00:00,58,57.5,58,57,36,306,1020,,9415,2640,3685,2953,15.3,1728
824.0,2026-08-01T16:28:33.796440+00:00,58,57.656,58,56.968,38,306,1020,,9455,2640,3725,2953,15.3,1728
825.0,2026-08-01T16:28:34.802557+00:00,58,57.343,58,57,32,306,1020,,9535,2680,3725,2953,15.3,1728
826.0,2026-08-01T16:28:35.809139+00:00,57.812,57.375,57.812,57.031,38,306,1020,,9575,2720,3766,2953,15.5,1728
827.0,2026-08-01T16:28:36.815023+00:00,57.843,57.468,57.843,57.031,28,408,1020,,9655,2720,3766,2953,15.3,1728
828.0,2026-08-01T16:28:37.820907+00:00,57.812,57.25,58.031,56.906,26,408,1020,,9735,2800,3766,2953,15.5,1728
829.0,2026-08-01T16:28:38.827219+00:00,58.062,57.343,58.062,57,29,408,1020,,9815,2840,3800,2953,15.7,1728
830.0,2026-08-01T16:28:39.833405+00:00,58.125,57.343,58.125,56.968,27,408,1020,,9935,2880,3840,2953,15.5,1728
831.1,2026-08-01T16:28:40.839759+00:00,57.937,57.406,57.937,57.031,29,408,1020,,10056,2995,3840,2953,15.3,1728
832.1,2026-08-01T16:28:41.845613+00:00,58,57.25,58,56.968,28,408,1020,,10216,3035,3880,2953,15.3,1728
833.1,2026-08-01T16:28:42.851402+00:00,58,57.343,58,57.031,27,408,1020,,10296,3115,3920,2953,15.7,1728
834.1,2026-08-01T16:28:43.857629+00:00,58.062,57.437,58.062,57,29,408,1020,,10400,3194,3920,2953,15.7,1728
835.1,2026-08-01T16:28:44.864033+00:00,58.187,57.125,58.187,57.125,28,408,1020,,10440,3234,3960,2953,15.5,1728
836.1,2026-08-01T16:28:45.870435+00:00,58.218,57.218,58.218,56.968,24,408,1020,,10680,3314,4000,2953,15.5,1728
837.1,2026-08-01T16:28:46.879323+00:00,58.156,57.375,58.156,57,23,408,1020,,10760,3394,4000,2954,15.3,1728
838.1,2026-08-01T16:28:47.883144+00:00,58.25,57.531,58.25,57,23,510,1020,,10960,3514,4080,2954,15.3,1728
839.1,2026-08-01T16:28:48.889647+00:00,58.531,57.281,58.531,57.093,53,510,1020,,11120,3628,4113,2954,15.2,1728
840.1,2026-08-01T16:28:49.895868+00:00,58.687,57.406,58.687,56.906,41,612,1020,,11160,3628,4113,2954,15.5,1728
841.1,2026-08-01T16:28:50.902243+00:00,58.562,57.531,58.562,56.968,31,612,1020,,11160,3588,4113,2954,15.3,1651
842.1,2026-08-01T16:28:51.908609+00:00,58.843,57.343,58.843,57.125,63,1020,1020,,11200,3668,4113,2954,15.3,1728
843.1,2026-08-01T16:28:52.915108+00:00,59.25,57.593,59.25,57.031,99,1020,1020,,11080,3548,4113,2954,15.3,1728
844.1,2026-08-01T16:28:53.921294+00:00,58.937,57.375,58.937,57,89,1020,1020,,10400,3154,3960,2954,16.0,1728
845.1,2026-08-01T16:28:54.927483+00:00,58.75,57.25,58.75,57,99,714,1020,,9935,2875,3840,2954,15.3,1728
846.1,2026-08-01T16:28:55.933684+00:00,58.281,57.406,58.281,57,68,306,1020,,8988,2283,3605,2954,15.8,1728
847.2,2026-08-01T16:28:56.940052+00:00,58.156,57.468,58.156,57.031,38,306,1020,,8908,2243,3605,2956,15.2,1728
848.2,2026-08-01T16:28:57.946095+00:00,58.125,57.5,58.125,57.156,38,306,1020,,8908,2283,3605,2956,15.5,1728
849.2,2026-08-01T16:28:58.952555+00:00,58.187,57.562,58.187,57,38,306,1020,,8948,2280,3605,2956,15.5,1728
850.2,2026-08-01T16:28:59.958871+00:00,57.875,57.718,57.875,57.125,38,306,1020,,8988,2283,3605,2956,15.3,1728
851.2,2026-08-01T16:29:00.964988+00:00,57.843,57.468,57.843,57.062,38,306,1020,,8988,2360,3605,2956,15.3,1728
852.2,2026-08-01T16:29:01.971988+00:00,57.875,57.125,57.875,57.062,38,306,1020,,9028,2280,3645,2956,14.8,1728
853.2,2026-08-01T16:29:02.977789+00:00,57.875,57.312,57.875,56.906,37,306,1020,,9189,2400,3645,2956,15.7,1728
854.2,2026-08-01T16:29:03.984161+00:00,57.75,57.312,57.75,56.937,36,306,1020,,9189,2400,3645,2956,15.2,1728
855.2,2026-08-01T16:29:04.990697+00:00,57.75,57.406,57.75,57.031,34,306,1020,,9229,2480,3645,2956,15.8,1728
856.2,2026-08-01T16:29:05.997008+00:00,57.781,57.343,57.781,57.156,37,306,1020,,9254,2520,3685,2956,15.3,1728
857.2,2026-08-01T16:29:07.003128+00:00,57.781,57.281,57.781,57.093,38,306,1020,,9294,2520,3685,2956,15.3,1728
858.2,2026-08-01T16:29:08.009720+00:00,57.968,57.281,57.968,56.937,35,306,1020,,9334,2560,3685,2956,15.5,1728
859.2,2026-08-01T16:29:09.016371+00:00,58.062,57.375,58.062,56.906,37,306,1020,,9415,2600,3725,2956,15.5,1728
860.2,2026-08-01T16:29:10.022731+00:00,58,57.406,58,57.062,38,306,1020,,9455,2600,3725,2956,15.5,1728
861.2,2026-08-01T16:29:11.028938+00:00,57.781,57.25,57.781,57.093,36,306,1020,,9495,2640,3725,2956,15.5,1728
862.3,2026-08-01T16:29:12.034636+00:00,57.906,57.968,57.968,57,36,306,1020,,9575,2680,3725,2956,15.2,1728
863.3,2026-08-01T16:29:13.039805+00:00,57.937,57.375,57.937,56.968,29,306,1020,,9655,2680,3766,2956,15.0,1728
864.3,2026-08-01T16:29:14.045361+00:00,57.937,57.656,57.937,56.968,29,408,1020,,9735,2760,3806,2956,15.3,1728
865.3,2026-08-01T16:29:15.050724+00:00,58,57.531,58,57.062,29,408,1020,,9895,2880,3800,2956,15.5,1728
866.3,2026-08-01T16:29:16.056171+00:00,57.937,57.531,57.937,57.125,27,408,1020,,9975,2915,3840,2956,15.3,1728
867.3,2026-08-01T16:29:17.061631+00:00,58,57.531,58,57.156,29,408,1020,,9855,2720,3880,2956,14.7,1728
868.3,2026-08-01T16:29:18.067030+00:00,58,57.625,58,56.875,27,408,1020,,10336,3115,3920,2956,15.0,1728
869.3,2026-08-01T16:29:19.072551+00:00,58.125,57.75,58.125,57.062,27,408,1020,,10520,3314,3960,2956,15.3,1728
870.3,2026-08-01T16:29:20.077920+00:00,58.125,57.593,58.125,57.031,24,408,1020,,10600,3274,4000,2956,15.2,1728
871.3,2026-08-01T16:29:21.083298+00:00,58.25,57.781,58.25,57.031,23,510,1020,,10960,3468,4033,2956,15.5,1728
872.3,2026-08-01T16:29:22.088835+00:00,58.312,57.625,58.312,57,23,510,1020,,11040,3548,4073,2956,15.3,1728
873.3,2026-08-01T16:29:23.094282+00:00,58.531,57.468,58.531,56.968,43,510,1020,,11160,3588,4113,2956,15.3,1728
874.3,2026-08-01T16:29:24.100269+00:00,58.531,57.562,58.812,57,31,816,1020,,10720,3194,4080,2956,14.8,1651
875.3,2026-08-01T16:29:25.106729+00:00,59.187,57.75,59.187,57.031,99,1020,1020,,11000,3508,4113,2956,15.3,1728
876.3,2026-08-01T16:29:26.113261+00:00,58.843,57.656,58.843,57.093,99,1020,1020,,10536,3154,4000,2956,15.8,1728
877.3,2026-08-01T16:29:27.118176+00:00,58.5,57.218,58.5,57.093,99,714,1020,,9975,2875,3880,2956,15.5,729
878.3,2026-08-01T16:29:28.124289+00:00,58.468,57.25,58.468,56.968,99,714,1020,,9655,2720,3806,2954,15.8,1728
879.3,2026-08-01T16:29:29.129676+00:00,58.218,57.593,58.218,56.906,99,714,1020,,9254,2480,3685,2954,15.8,1728
880.4,2026-08-01T16:29:30.135131+00:00,58.156,57.437,58.156,57.093,69,306,1020,,9028,2320,3605,2954,15.8,1728
881.4,2026-08-01T16:29:31.140543+00:00,58,57.625,58,57.093,38,306,1020,,8908,2243,3605,2954,15.3,1728
882.4,2026-08-01T16:29:32.146230+00:00,57.968,57.5,57.968,57.218,36,306,1020,,8908,2243,3605,2954,14.8,1728
883.4,2026-08-01T16:29:33.152027+00:00,58.031,57.468,58.031,57.093,35,306,1020,,8908,2243,3605,2954,14.7,1728
884.4,2026-08-01T16:29:34.157566+00:00,58.093,57.593,58.093,57,37,306,1020,,9068,2360,3645,2954,15.2,1728
885.4,2026-08-01T16:29:35.162832+00:00,58,57.468,58,57.031,38,306,1020,,9109,2320,3645,2954,14.3,1728
886.4,2026-08-01T16:29:36.168268+00:00,58.093,57.75,58.093,57.062,38,306,1020,,9374,2560,3685,2954,15.3,1728
887.4,2026-08-01T16:29:37.173639+00:00,58.093,57.406,58.093,57.031,38,306,1020,,9415,2600,3685,2954,15.3,1728
888.4,2026-08-01T16:29:38.179154+00:00,58.156,57.625,58.156,57.125,37,306,1020,,9455,2600,3725,2954,15.3,1728
889.4,2026-08-01T16:29:39.184563+00:00,58.218,57.531,58.218,57,34,306,1020,,9495,2600,3725,2954,15.2,1728
890.4,2026-08-01T16:29:40.189992+00:00,58.281,57.75,58.281,57,28,306,1020,,9655,2760,3766,2954,15.5,1728
891.4,2026-08-01T16:29:41.195622+00:00,58,57.843,58,57.062,28,408,1020,,9695,2760,3766,2954,15.2,1728
892.4,2026-08-01T16:29:42.201119+00:00,58,57.562,58,57.093,27,408,1020,,9735,2840,3806,2954,15.7,1728
893.4,2026-08-01T16:29:43.206533+00:00,58.031,57.625,58.031,57.187,29,408,1020,,9815,2880,3800,2954,15.0,1728
894.4,2026-08-01T16:29:44.212021+00:00,58.031,57.656,58.031,56.843,29,408,1020,,9935,2920,3800,2954,15.3,1728
895.4,2026-08-01T16:29:45.217537+00:00,58.062,57.625,58.062,57.031,28,408,1020,,10016,2955,3840,2954,15.5,1728
896.4,2026-08-01T16:29:46.222915+00:00,58.125,57.75,58.125,56.937,27,408,1020,,10056,2995,3840,2954,15.5,1728
897.4,2026-08-01T16:29:47.228395+00:00,58.125,57.562,58.125,57.062,28,408,1020,,10176,3035,3840,2954,15.2,1728
898.4,2026-08-01T16:29:48.233834+00:00,58.062,57.812,58.062,57.156,29,408,1020,,10216,3035,3880,2954,15.3,1728
899.5,2026-08-01T16:29:49.239200+00:00,58.281,57.531,58.281,57.218,28,408,1020,,10400,3234,3920,2954,15.2,1728
900.5,2026-08-01T16:29:50.244661+00:00,58.218,57.656,58.218,57,27,408,1020,,10520,3234,3960,2954,15.5,1728
901.5,2026-08-01T16:29:51.250110+00:00,58.062,57.781,58.062,56.968,22,408,1020,,10720,3394,4000,2954,15.3,1728
902.5,2026-08-01T16:29:52.255480+00:00,58.156,57.687,58.156,57.062,23,510,1020,,10760,3474,4000,2954,15.3,1728
903.5,2026-08-01T16:29:53.260922+00:00,58.156,57.875,58.156,57.062,22,510,1020,,10880,3468,4033,2954,15.3,1728
904.5,2026-08-01T16:29:54.266381+00:00,58.25,57.625,58.25,57.218,23,510,1020,,11080,3548,4073,2954,15.5,1728
905.5,2026-08-01T16:29:55.271758+00:00,58.375,57.718,58.375,57,45,510,1020,,11200,3588,4073,2954,15.3,1728
906.5,2026-08-01T16:29:56.277170+00:00,58.5,57.812,58.5,56.937,45,612,1020,,11280,3668,4113,2954,15.3,1728
907.5,2026-08-01T16:29:57.283349+00:00,58.531,57.75,58.531,57.093,41,612,1020,,11280,3708,4113,2954,15.5,1728
908.5,2026-08-01T16:29:58.289624+00:00,58.875,57.812,58.875,57.093,35,612,1020,,11360,3747,4153,2954,15.5,1728
909.5,2026-08-01T16:29:59.297107+00:00,59.093,57.437,59.093,57.187,79,612,1020,,11320,3747,4113,2954,15.5,1728
910.5,2026-08-01T16:30:00.302827+00:00,59.531,57.531,59.531,56.937,99,1020,1020,,11240,3708,4153,2954,15.5,960
911.5,2026-08-01T16:30:01.310003+00:00,59.093,57.562,59.093,57,94,1020,1020,,10880,3514,4073,2954,15.5,1344
912.5,2026-08-01T16:30:02.315542+00:00,58.843,57.656,58.843,57.062,86,1020,1020,,10296,3115,3960,2953,15.8,1728
913.5,2026-08-01T16:30:03.321816+00:00,58.687,57.25,58.687,57.156,99,714,1020,,9975,2840,3880,2953,15.7,960
914.5,2026-08-01T16:30:04.327803+00:00,58.875,57.343,58.875,57.031,99,714,1020,,9655,2720,3806,2953,15.7,1728
915.5,2026-08-01T16:30:05.333476+00:00,58.5,57.687,58.5,57,99,714,1020,,9189,2480,3685,2953,15.8,1728
916.6,2026-08-01T16:30:06.338927+00:00,58.281,57.687,58.281,57.031,22,306,1020,,8988,2360,3605,2953,15.5,1728
917.6,2026-08-01T16:30:07.346149+00:00,57.906,57.437,57.906,57.125,37,306,1020,,8908,2283,3605,2953,15.3,1728
918.6,2026-08-01T16:30:08.351581+00:00,57.937,57.562,57.937,57,36,306,1020,,8948,2323,3605,2953,15.5,1728
919.6,2026-08-01T16:30:09.356966+00:00,57.937,57.687,57.937,57.031,39,306,1020,,8988,2323,3605,2954,15.5,1728
920.6,2026-08-01T16:30:10.362373+00:00,57.906,57.843,57.906,57.062,36,306,1020,,8988,2323,3605,2954,15.3,1728
921.6,2026-08-01T16:30:11.367821+00:00,58,57.468,58,57.125,38,306,1020,,9028,2360,3645,2952,15.3,1728
922.6,2026-08-01T16:30:12.373564+00:00,57.906,57.625,57.906,57.187,36,306,1020,,9068,2360,3605,2952,15.3,1728
923.6,2026-08-01T16:30:13.378942+00:00,58,57.531,58,57.062,38,306,1020,,9109,2360,3645,2952,15.7,1728
924.6,2026-08-01T16:30:14.384470+00:00,58,57.656,58,57.062,37,306,1020,,9109,2400,3645,2952,15.5,1728
925.6,2026-08-01T16:30:15.389806+00:00,57.843,57.75,57.843,57.062,38,306,1020,,9189,2440,3645,2952,15.7,1728
926.6,2026-08-01T16:30:16.395145+00:00,57.812,57.75,57.812,57.125,38,306,1020,,9149,2440,3645,2952,15.0,1728
927.6,2026-08-01T16:30:17.400647+00:00,57.906,57.468,57.906,57.218,35,306,1020,,9254,2480,3645,2952,15.3,1728
928.6,2026-08-01T16:30:18.406009+00:00,57.937,57.625,57.937,57.218,36,306,1020,,9294,2520,3685,2952,15.5,1728
929.6,2026-08-01T16:30:19.411455+00:00,57.906,57.687,57.906,57,39,306,1020,,9334,2520,3685,2952,15.5,1728
930.6,2026-08-01T16:30:20.416920+00:00,57.937,57.875,57.937,57.093,35,306,1020,,9374,2560,3685,2952,15.3,1728
931.6,2026-08-01T16:30:21.422413+00:00,57.937,57.812,57.937,57.062,37,306,1020,,9374,2600,3725,2952,15.3,1728
932.6,2026-08-01T16:30:22.429050+00:00,58.156,57.562,58.156,57.25,37,306,1020,,9455,2600,3725,2952,15.5,1728
933.7,2026-08-01T16:30:23.435218+00:00,58.156,57.687,58.156,57.125,37,306,1020,,9495,2600,3725,2952,15.0,1728
934.7,2026-08-01T16:30:24.441673+00:00,58.187,57.625,58.187,57.062,32,306,1020,,9535,2680,3725,2952,15.7,1728
935.7,2026-08-01T16:30:25.447235+00:00,58.031,57.937,58.031,57.062,33,306,1020,,10096,3075,3800,2973,23.5,1728
936.7,2026-08-01T16:30:26.453542+00:00,58.031,57.968,58.031,57.281,28,408,1020,,10440,3354,3840,2961,32.0,1728
937.7,2026-08-01T16:30:27.460283+00:00,58.156,57.968,58.156,57.25,28,408,1020,,10600,3354,3880,3005,40.2,1728
938.7,2026-08-01T16:30:28.465727+00:00,58.125,57.812,58.343,57.125,28,408,1020,,10440,3234,3920,2986,23.2,1728
939.7,2026-08-01T16:30:29.472100+00:00,58.5,57.968,58.5,57.156,27,408,1020,,10720,3434,3960,2987,20.8,1728
940.7,2026-08-01T16:30:30.477878+00:00,58.593,57.937,58.593,57.25,29,408,1020,,11200,3747,3993,2975,32.7,1728
941.7,2026-08-01T16:30:31.483305+00:00,58.812,58.25,58.812,57.281,23,510,1020,,11741,4140,4033,3008,33.2,1728
942.7,2026-08-01T16:30:32.488882+00:00,58.906,58.218,58.906,57.093,28,510,1020,,11980,4339,4106,3069,31.8,1728
943.7,2026-08-01T16:30:33.495313+00:00,58.781,57.843,58.781,57.25,44,510,1020,,11860,4100,4193,3096,28.0,1651
944.7,2026-08-01T16:30:34.501660+00:00,59.062,57.875,59.062,57.125,83,1020,1020,,11581,3787,4153,2989,23.5,1728
945.7,2026-08-01T16:30:35.507407+00:00,59.062,57.687,59.062,57.218,87,714,1020,,11280,3708,3993,3017,27.0,1728
946.7,2026-08-01T16:30:36.512863+00:00,58.281,57.625,58.281,57.187,34,306,1020,,9735,2680,3645,3038,28.8,1728
947.7,2026-08-01T16:30:37.518252+00:00,58,57.656,58,57.218,37,306,1020,,9775,2720,3640,3059,27.5,1728
948.7,2026-08-01T16:30:38.523645+00:00,58.031,58,58.031,57.156,37,306,1020,,9575,2520,3645,3067,25.2,1728
949.7,2026-08-01T16:30:39.529093+00:00,58,58,58,57.218,37,306,1020,,9895,2835,3680,3079,27.8,1728
950.8,2026-08-01T16:30:40.534422+00:00,58.031,57.812,58.031,57.312,36,306,1020,,9615,2520,3685,3081,18.2,1728
951.8,2026-08-01T16:30:41.539952+00:00,58.062,57.906,58.062,57.343,38,306,1020,,10016,2795,3720,3081,27.2,1728
952.8,2026-08-01T16:30:42.545397+00:00,58.156,58.312,58.312,57.218,36,306,1020,,10216,2915,3760,3083,32.3,1728
953.8,2026-08-01T16:30:43.550869+00:00,58.187,58.437,58.437,57.281,38,306,1020,,10296,2995,3800,3083,32.0,1728
954.8,2026-08-01T16:30:44.778550+00:00,58.218,58.093,58.218,57.375,36,306,1020,,10096,2835,3760,3084,25.7,1728
955.8,2026-08-01T16:30:45.562094+00:00,58.437,58.031,58.437,57.281,36,306,1020,,10136,3035,3800,3101,28.0,1728
956.8,2026-08-01T16:30:46.567782+00:00,58.531,58.281,58.531,57.312,26,408,1020,,10520,3394,3840,3108,32.0,1728
957.8,2026-08-01T16:30:47.573753+00:00,58.562,58.343,58.562,57.375,26,408,1020,,10560,3354,3880,3109,32.2,1728
958.8,2026-08-01T16:30:48.580164+00:00,58.562,58.687,58.687,57.531,27,408,1020,,10880,3554,3960,3107,31.5,1728
959.8,2026-08-01T16:30:49.586086+00:00,58.5,58.406,58.5,57.562,28,408,1020,,11200,3747,4033,3110,31.7,1728
960.8,2026-08-01T16:30:50.592473+00:00,58.656,58.281,58.656,57.468,54,510,1020,,11600,3947,4113,3110,32.5,1728
961.8,2026-08-01T16:30:51.599195+00:00,58.968,58.687,59.156,57.312,52,510,1020,,12020,4259,4146,3109,32.5,1728
962.8,2026-08-01T16:30:52.605532+00:00,59.812,58.625,59.812,57.343,99,1020,1020,,11980,4259,4186,3112,31.8,1728
963.8,2026-08-01T16:30:53.611541+00:00,59.437,58.281,59.437,57.437,99,714,1020,,10760,3474,3960,3111,32.2,1728
964.8,2026-08-01T16:30:54.618789+00:00,58.968,58.656,58.968,57.5,99,714,1020,,10136,3194,3760,3108,33.0,1728
965.8,2026-08-01T16:30:55.624667+00:00,58.437,58.187,58.437,57.406,29,306,1020,,9655,2920,3645,3111,32.8,1728
966.8,2026-08-01T16:30:56.630726+00:00,58.437,58.406,58.437,57.406,34,306,1020,,9695,2880,3685,3110,31.3,1728
967.9,2026-08-01T16:30:57.636469+00:00,58.562,58.562,58.562,57.468,37,306,1020,,9815,3000,3680,3113,32.3,1728
968.9,2026-08-01T16:30:58.642067+00:00,58.75,58.406,58.75,57.718,37,306,1020,,9855,2960,3720,3112,31.8,1728
969.9,2026-08-01T16:30:59.647602+00:00,58.906,58.468,58.906,57.468,38,306,1020,,9975,3035,3720,3113,31.3,1728
970.9,2026-08-01T16:31:00.653668+00:00,58.937,58.437,58.937,57.5,38,306,1020,,10176,3194,3760,3112,32.3,1728
971.9,2026-08-01T16:31:01.659355+00:00,58.843,58.218,58.593,57.625,36,306,1020,,10480,3234,3800,3116,33.3,1728
972.9,2026-08-01T16:31:02.665851+00:00,58.5,58,58.5,57.5,26,306,1020,,10440,3354,3840,3114,32.5,1728
973.9,2026-08-01T16:31:03.672166+00:00,58.656,58.187,58.656,57.5,33,306,1020,,10520,3314,3880,3115,31.7,1728
974.9,2026-08-01T16:31:04.685525+00:00,58.656,58.437,58.5,57.656,24,408,1020,,10800,3468,3960,3115,31.3,1728
975.9,2026-08-01T16:31:05.684057+00:00,58.531,58.25,58.531,57.531,27,408,1020,,11080,3668,3993,3114,31.5,1728
976.9,2026-08-01T16:31:06.690321+00:00,58.781,58.25,58.781,57.531,37,510,1020,,11440,3827,4113,3115,31.8,1728
977.9,2026-08-01T16:31:07.696678+00:00,59.125,58.093,59.125,57.437,46,510,1020,,11860,4140,4153,3115,32.2,1728
978.9,2026-08-01T16:31:08.702754+00:00,59.218,58.125,59.218,57.531,99,408,1020,,11400,3827,4113,3116,31.7,1574
979.9,2026-08-01T16:31:09.708451+00:00,59.343,58.375,59.343,57.562,99,714,1020,,10480,3354,3880,3116,32.7,1728
980.9,2026-08-01T16:31:10.714782+00:00,58.5,58.062,58.5,57.625,38,306,1020,,9615,2840,3645,3115,33.0,1728
981.9,2026-08-01T16:31:11.721054+00:00,58.5,58.093,58.5,57.562,37,306,1020,,9655,2880,3685,3115,31.3,1728
982.9,2026-08-01T16:31:12.726647+00:00,58.468,58.687,58.687,57.593,37,306,1020,,9815,3000,3680,3120,32.3,1728
983.9,2026-08-01T16:31:13.732866+00:00,58.406,58.218,58.406,57.625,38,306,1020,,9815,2960,3720,3121,31.3,1728
985.0,2026-08-01T16:31:14.738546+00:00,58.437,58.375,58.593,57.75,37,306,1020,,9975,3035,3720,3121,31.7,1728
986.0,2026-08-01T16:31:15.744146+00:00,58.687,58.125,58.687,57.625,38,306,1020,,10216,3234,3760,3006,32.3,1728
987.0,2026-08-01T16:31:16.749846+00:00,58.781,58.218,58.781,57.656,37,306,1020,,10320,3394,3760,3043,31.8,1728
988.0,2026-08-01T16:31:17.755196+00:00,58.843,58.468,58.843,57.75,29,306,1020,,10480,3394,3800,3063,32.2,1728
989.0,2026-08-01T16:31:18.761794+00:00,58.906,57.968,58.906,57.75,27,408,1020,,10096,3075,3800,2988,24.3,1728
990.0,2026-08-01T16:31:19.767558+00:00,58.531,57.843,58.531,57.906,26,408,1020,,9775,2840,3760,2988,15.5,1728
991.0,2026-08-01T16:31:20.773836+00:00,58.593,57.937,58.593,57.687,29,408,1020,,9815,2840,3800,2990,15.3,1728
992.0,2026-08-01T16:31:21.780162+00:00,58.593,58.218,58.593,57.656,28,408,1020,,9935,2880,3800,2990,15.3,1728
993.0,2026-08-01T16:31:22.786591+00:00,58.906,58.437,58.906,57.625,29,408,1020,,10016,2915,3840,2990,15.2,1728
994.0,2026-08-01T16:31:23.792822+00:00,58.906,57.906,58.906,57.781,27,408,1020,,10056,2995,3840,2990,16.0,1728
995.0,2026-08-01T16:31:24.801506+00:00,58.968,57.875,58.968,57.593,27,408,1020,,10136,3035,3880,2990,15.2,1728
996.0,2026-08-01T16:31:25.805165+00:00,58.687,57.968,58.687,57.656,29,408,1020,,10256,3075,3880,2990,15.3,1728
997.0,2026-08-01T16:31:26.811751+00:00,58.625,58.125,58.625,57.656,27,408,1020,,10320,3194,3920,2990,16.0,1728
998.0,2026-08-01T16:31:27.818268+00:00,58.968,57.843,58.968,57.781,28,408,1020,,10400,3194,3960,2990,15.0,1728
999.0,2026-08-01T16:31:28.824387+00:00,59,58.281,59,57.531,21,408,1020,,10600,3274,3960,2988,15.5,1728
1000.0,2026-08-01T16:31:29.830362+00:00,59.125,58.468,59.125,57.718,23,510,1020,,10720,3354,4000,2988,15.2,1728
1001.1,2026-08-01T16:31:30.836964+00:00,58.906,58.312,58.906,57.718,23,510,1020,,10880,3474,4040,2988,15.5,1728
1002.1,2026-08-01T16:31:31.843171+00:00,58.937,58.031,58.937,57.687,53,510,1020,,10720,3194,4080,2988,14.7,1728
1003.1,2026-08-01T16:31:32.849508+00:00,59.125,58.156,59.125,57.437,43,612,1020,,11200,3588,4113,2988,15.7,1728
1004.1,2026-08-01T16:31:33.856124+00:00,59.031,58.125,59.031,57.531,42,612,1020,,11400,3747,4113,2988,15.8,1728
1005.1,2026-08-01T16:31:34.862574+00:00,59.125,58.437,59.125,57.656,38,612,1020,,11360,3787,4153,2988,15.5,1651
1006.1,2026-08-01T16:31:35.868535+00:00,59.562,58.093,59.562,57.75,99,1020,1020,,11280,3787,4153,2988,15.0,1728
1007.1,2026-08-01T16:31:36.874923+00:00,59.343,58.156,59.343,57.593,99,408,1020,,10640,3234,4000,2988,15.5,960
1008.1,2026-08-01T16:31:37.881469+00:00,59.125,57.812,59.125,57.531,99,714,1020,,9495,2600,3766,2988,15.5,1728
1009.1,2026-08-01T16:31:38.887682+00:00,58.562,58.093,58.562,57.656,94,306,1020,,9149,2400,3645,2988,15.8,1728
1010.1,2026-08-01T16:31:39.893944+00:00,58.437,57.75,58.437,57.468,44,306,1020,,8948,2323,3605,2988,15.5,1728
1011.1,2026-08-01T16:31:40.900538+00:00,58.5,57.75,58.5,57.531,37,306,1020,,8948,2283,3605,2990,15.5,1728
1012.1,2026-08-01T16:31:41.906929+00:00,58.5,58.031,58.5,57.625,38,306,1020,,9254,2320,3605,2990,16.3,1728
1013.1,2026-08-01T16:31:42.913393+00:00,58.5,57.75,58.5,57.656,35,306,1020,,9028,2320,3605,2990,15.7,1728
1014.1,2026-08-01T16:31:43.920133+00:00,58.312,57.781,58.312,57.531,38,306,1020,,9028,2320,3605,2990,15.5,1728
1015.1,2026-08-01T16:31:44.926348+00:00,58.281,57.968,58.281,57.562,38,306,1020,,9068,2360,3645,2990,15.5,1728
1016.1,2026-08-01T16:31:45.932853+00:00,58.562,58.031,58.562,57.593,35,306,1020,,9068,2360,3645,2990,15.3,1728
1017.2,2026-08-01T16:31:46.939156+00:00,58.5,57.75,58.5,57.656,38,306,1020,,9374,2440,3645,2990,16.3,1728
1018.2,2026-08-01T16:31:47.945541+00:00,58.625,58.218,58.625,57.5,38,306,1020,,9415,2440,3645,2990,16.0,1728
1019.2,2026-08-01T16:31:48.951620+00:00,58.375,58.218,58.375,57.562,36,306,1020,,9214,2480,3645,2990,15.2,1728
1020.2,2026-08-01T16:31:49.957746+00:00,58.343,58.406,58.406,57.687,38,306,1020,,9254,2480,3645,2990,15.5,1728
1021.2,2026-08-01T16:31:50.964224+00:00,58.312,57.968,58.312,57.406,37,306,1020,,9334,2520,3685,2990,15.3,1728
1022.2,2026-08-01T16:31:51.970128+00:00,58.593,58.125,58.593,57.562,36,306,1020,,9374,2560,3685,2990,15.5,1728
1023.2,2026-08-01T16:31:52.976484+00:00,58.687,57.968,58.687,57.562,36,306,1020,,9455,2600,3685,2990,15.3,1728
1024.2,2026-08-01T16:31:53.982987+00:00,58.687,58.062,58.687,57.625,38,306,1020,,9455,2640,3725,2990,15.7,1728
1025.2,2026-08-01T16:31:54.989364+00:00,58.437,58.062,58.437,57.687,35,306,1020,,9495,2640,3725,2990,15.2,1728
1026.2,2026-08-01T16:31:55.995354+00:00,58.406,58.25,58.406,57.437,33,306,1020,,9575,2680,3725,2990,15.8,1728
1027.2,2026-08-01T16:31:57.001280+00:00,58.468,58.25,58.468,57.5,27,408,1020,,9615,2760,3766,2990,15.2,1728
1028.2,2026-08-01T16:31:58.007005+00:00,58.781,58,58.781,57.562,29,408,1020,,9695,2760,3766,2990,15.5,1728
1029.2,2026-08-01T16:31:59.013790+00:00,58.812,58.093,58.812,57.562,27,408,1020,,9775,2800,3806,2990,15.7,1728
1030.2,2026-08-01T16:32:00.020425+00:00,58.437,58.062,58.437,57.468,27,408,1020,,9815,2840,3800,2990,15.3,1728
1031.2,2026-08-01T16:32:01.026737+00:00,58.562,58.156,58.562,57.562,27,408,1020,,9975,2875,3800,2989,15.7,1728
1032.2,2026-08-01T16:32:02.033329+00:00,58.531,58.312,58.531,57.625,27,408,1020,,10016,2955,3840,2989,15.2,1728
1033.3,2026-08-01T16:32:03.039515+00:00,58.875,57.75,58.875,57.5,29,408,1020,,10216,3035,3880,2989,15.3,1728
1034.3,2026-08-01T16:32:04.046073+00:00,58.437,57.906,58.437,57.406,26,408,1020,,10256,3115,3880,2989,15.2,1728
1035.3,2026-08-01T16:32:05.052700+00:00,58.562,58.312,58.562,57.531,29,408,1020,,10400,3194,3920,2989,15.7,1728
1036.3,2026-08-01T16:32:06.059242+00:00,58.656,58.062,58.656,57.625,28,408,1020,,10480,3274,3960,2989,15.3,1728
1037.3,2026-08-01T16:32:07.065527+00:00,58.687,57.781,58.5,57.437,27,408,1020,,10600,3274,3960,2989,15.0,1728
1038.3,2026-08-01T16:32:08.072115+00:00,58.5,57.968,58.5,57.562,23,408,1020,,10640,3354,4000,2990,15.3,1728
1039.3,2026-08-01T16:32:09.078088+00:00,58.562,58.031,58.562,57.625,23,510,1020,,10760,3434,4040,2990,15.5,1728
1040.3,2026-08-01T16:32:10.084058+00:00,58.75,57.75,58.75,57.562,23,510,1020,,10920,3514,4080,2990,15.5,1728
1041.3,2026-08-01T16:32:11.090441+00:00,58.812,57.781,58.812,57.375,26,510,1020,,11080,3548,4073,2990,15.7,1728
1042.3,2026-08-01T16:32:12.098799+00:00,59.062,57.968,59.062,57.531,48,510,1020,,11200,3668,4113,2990,15.3,1728
1043.3,2026-08-01T16:32:13.102628+00:00,58.937,58.031,58.937,57.406,48,510,1020,,11240,3708,4113,2990,15.3,1728
1044.3,2026-08-01T16:32:14.111248+00:00,59.187,57.781,59.187,57.687,28,612,1020,,11160,3668,4113,2990,15.2,1728
1045.3,2026-08-01T16:32:15.117478+00:00,59.593,58.031,59.593,57.343,82,1020,1020,,11160,3628,4113,2990,15.5,1728
1046.3,2026-08-01T16:32:16.123952+00:00,59.593,58.125,59.593,57.437,99,1020,1020,,10640,3234,4040,2990,15.8,1728
1047.3,2026-08-01T16:32:17.130448+00:00,58.968,57.75,58.968,57.625,93,714,1020,,10016,2835,3880,2990,15.5,1728
1048.4,2026-08-01T16:32:18.137359+00:00,58.875,57.781,58.875,57.343,99,714,1020,,9615,2640,3806,2990,15.8,1728
1049.4,2026-08-01T16:32:19.143551+00:00,58.937,57.75,58.937,57.5,99,714,1020,,9214,2480,3685,2990,15.7,1728
1050.4,2026-08-01T16:32:20.150069+00:00,58.718,57.812,58.718,57.593,30,306,1020,,9068,2320,3645,2990,16.0,1728
1051.4,2026-08-01T16:32:21.156419+00:00,58.468,57.781,58.468,57.5,30,306,1020,,8908,2283,3605,2990,15.7,1728
1052.4,2026-08-01T16:32:22.163009+00:00,58.156,57.937,58.156,57.375,36,306,1020,,8908,2283,3605,2987,15.3,1728
1053.4,2026-08-01T16:32:23.168520+00:00,58.25,58.156,58.25,57.343,37,306,1020,,8868,2243,3605,2987,15.3,1728
1054.4,2026-08-01T16:32:24.174059+00:00,58.312,58.125,58.312,57.468,38,306,1020,,8948,2280,3605,2987,15.0,1728
1055.4,2026-08-01T16:32:25.179679+00:00,58.218,57.75,58.218,57.531,38,306,1020,,9028,2323,3645,2987,15.2,1728
1056.4,2026-08-01T16:32:26.185266+00:00,58.5,57.843,58.5,57.625,37,306,1020,,9149,2400,3645,2987,15.0,1728
1057.4,2026-08-01T16:32:27.190724+00:00,58.562,57.968,58.562,57.343,38,306,1020,,9189,2440,3685,2987,15.5,1728
1058.4,2026-08-01T16:32:28.196282+00:00,58.5,58.218,58.5,57.375,38,306,1020,,9229,2440,3685,2987,14.8,1728
1059.4,2026-08-01T16:32:29.201693+00:00,58.593,58.062,58.593,57.406,35,306,1020,,9334,2560,3685,2987,15.2,1728
1060.4,2026-08-01T16:32:30.207223+00:00,58.625,57.875,58.625,57.5,37,306,1020,,9455,2600,3725,2987,15.5,1728
1061.4,2026-08-01T16:32:31.212679+00:00,58.562,57.906,58.562,57.593,38,306,1020,,9495,2640,3725,2987,15.2,1728
1062.4,2026-08-01T16:32:32.218064+00:00,58.312,57.968,58.312,57.406,36,306,1020,,9535,2680,3766,2989,15.0,1728
1063.4,2026-08-01T16:32:33.223629+00:00,58.375,58.187,58.375,57.375,26,408,1020,,9695,2760,3766,2989,15.2,1728
1064.4,2026-08-01T16:32:34.229180+00:00,58.375,57.875,58.375,57.406,29,408,1020,,9735,2800,3806,2989,15.3,1728
1065.5,2026-08-01T16:32:35.234675+00:00,58.437,57.906,58.437,57.437,27,408,1020,,9935,2875,3840,2987,15.3,1728
1066.5,2026-08-01T16:32:36.240098+00:00,58.406,57.875,58.406,57.468,29,408,1020,,9935,2800,3840,2987,15.0,1728
1067.5,2026-08-01T16:32:37.245492+00:00,58.437,58.218,58.437,57.406,27,408,1020,,10256,3115,3880,2987,15.3,1728
1068.5,2026-08-01T16:32:38.251153+00:00,58.437,58.093,58.437,57.343,27,408,1020,,10360,3154,3920,2987,15.3,1728
1069.5,2026-08-01T16:32:39.256771+00:00,58.406,58.218,58.406,57.406,26,408,1020,,10600,3274,4000,2985,15.3,1728
1070.5,2026-08-01T16:32:40.262301+00:00,58.5,57.562,58.5,57.406,22,510,1020,,10800,3434,4040,2985,15.3,1728
1071.5,2026-08-01T16:32:41.267879+00:00,58.531,57.875,58.531,57.281,26,510,1020,,11000,3508,4073,2985,15.3,1728
1072.5,2026-08-01T16:32:42.273479+00:00,58.687,58,58.687,57.343,43,510,1020,,11160,3628,4113,2982,15.3,1728
1073.5,2026-08-01T16:32:43.279079+00:00,59,58.187,59,57.312,42,612,1020,,11240,3747,4153,2982,15.7,1728
1074.5,2026-08-01T16:32:44.285467+00:00,59.093,57.906,59.093,57.375,40,612,1020,,11240,3668,4113,2982,15.5,1728
1075.5,2026-08-01T16:32:45.292134+00:00,59.218,57.937,59.218,57.468,35,612,1020,,11240,3747,4113,2982,15.3,1728
1076.5,2026-08-01T16:32:46.297910+00:00,59.218,58.125,59.218,57.312,90,1020,1020,,11360,3708,4113,2982,15.3,1728
1077.5,2026-08-01T16:32:47.304048+00:00,59.562,57.75,59.562,57.406,99,1020,1020,,11120,3668,4113,2982,15.8,1728
1078.5,2026-08-01T16:32:48.309680+00:00,59.187,58,59.187,57.281,88,1020,1020,,10440,3154,4000,2982,15.7,1728
1079.5,2026-08-01T16:32:49.315833+00:00,59.156,57.593,59.156,57.468,99,714,1020,,9975,2875,3880,2982,15.2,729
1080.5,2026-08-01T16:32:50.321870+00:00,58.875,57.593,58.875,57.281,99,714,1020,,9495,2600,3766,2982,16.0,1728
1081.5,2026-08-01T16:32:51.327296+00:00,58.656,57.843,58.656,57.281,93,306,1020,,9109,2360,3645,2982,15.7,1728
1082.5,2026-08-01T16:32:52.332942+00:00,58.343,57.656,58.343,57.406,37,306,1020,,8868,2243,3605,2982,15.3,1728
1083.6,2026-08-01T16:32:53.338479+00:00,58.468,57.781,58.468,57.406,37,306,1020,,8908,2283,3605,2982,15.0,1728
1084.6,2026-08-01T16:32:54.344004+00:00,58.125,57.875,58.125,57.375,36,306,1020,,8988,2280,3605,2982,15.2,1728
1085.6,2026-08-01T16:32:55.349388+00:00,58.187,57.718,58.187,57.281,38,306,1020,,9028,2320,3645,2982,15.0,1728
1086.6,2026-08-01T16:32:56.354934+00:00,58.187,57.875,58.187,57.312,35,306,1020,,9109,2360,3645,2982,15.3,1728
1087.6,2026-08-01T16:32:57.360374+00:00,58.218,57.843,58.218,57.406,37,306,1020,,9149,2400,3645,2982,15.2,1728
1088.6,2026-08-01T16:32:58.366006+00:00,58.218,57.843,58.218,57.343,38,306,1020,,9189,2440,3685,2982,15.5,1728
1089.6,2026-08-01T16:32:59.371572+00:00,58.25,57.718,58.562,57.25,39,306,1020,,9214,2440,3685,2982,15.2,1728
1090.6,2026-08-01T16:33:00.377064+00:00,58.062,57.687,58.062,57.281,37,306,1020,,9294,2480,3685,2982,15.2,1728
1091.6,2026-08-01T16:33:01.382601+00:00,58.093,57.781,58.093,57.375,38,306,1020,,9374,2560,3725,2982,15.0,1728
1092.6,2026-08-01T16:33:02.388221+00:00,58.062,57.562,58.062,57.312,36,306,1020,,9455,2640,3725,2982,15.5,1728
1093.6,2026-08-01T16:33:03.393635+00:00,58.125,57.687,58.125,57.375,35,306,1020,,9535,2680,3766,2982,15.3,1728
1094.6,2026-08-01T16:33:04.399155+00:00,58.156,57.812,58.156,57.312,29,408,1020,,9655,2760,3766,2982,15.2,1728
1095.6,2026-08-01T16:33:05.404723+00:00,58.312,58.062,58.312,57.343,26,408,1020,,9815,2840,3800,2982,15.0,1728
1096.6,2026-08-01T16:33:06.410012+00:00,58.437,58.156,58.437,57.312,26,408,1020,,9935,2915,3840,2982,15.2,1728
1097.6,2026-08-01T16:33:07.415617+00:00,58.468,58.093,58.468,57.343,28,408,1020,,10096,2995,3880,2982,15.2,1728
1098.6,2026-08-01T16:33:08.421204+00:00,58.281,57.875,58.437,57.343,26,408,1020,,10056,2915,3880,2982,15.3,1728
1099.6,2026-08-01T16:33:09.427286+00:00,58.375,57.843,58.375,57.375,28,408,1020,,10480,3234,3960,2982,15.7,1728
1100.6,2026-08-01T16:33:10.433448+00:00,58.375,57.843,58.375,57.218,29,408,1020,,10640,3314,3960,2982,15.5,1728
1101.7,2026-08-01T16:33:11.438870+00:00,58.406,58.218,58.437,57.281,24,408,1020,,10720,3354,4000,2982,15.3,1728
1102.7,2026-08-01T16:33:12.444354+00:00,58.562,57.843,58.562,57.281,22,510,1020,,10880,3474,4040,2982,15.5,1728
1103.7,2026-08-01T16:33:13.450304+00:00,58.687,57.937,58.687,57.281,53,510,1020,,11120,3588,4113,2982,15.2,1728
1104.7,2026-08-01T16:33:14.456491+00:00,58.718,57.531,58.718,57.281,99,816,1020,,10640,3115,4080,2982,14.5,1728
1105.7,2026-08-01T16:33:15.462434+00:00,58.968,57.812,58.968,57.312,89,714,1020,,10056,2880,3920,2982,15.5,1728
1106.7,2026-08-01T16:33:16.470918+00:00,58.375,57.375,58.375,57.375,99,714,1020,,9294,2480,3725,2982,15.5,1497
1107.7,2026-08-01T16:33:17.475409+00:00,58.218,57.625,58.218,57.25,21,306,1020,,8868,2243,3605,2982,15.5,1728
1108.7,2026-08-01T16:33:18.481425+00:00,58.125,57.656,58.125,57.218,35,306,1020,,8868,2203,3605,2982,14.7,1728
1109.7,2026-08-01T16:33:19.487758+00:00,58.093,57.593,58.093,57.218,38,306,1020,,8988,2283,3605,2982,15.3,1728
1110.7,2026-08-01T16:33:20.493323+00:00,58.218,58.468,58.468,57.218,38,306,1020,,9028,2360,3645,2982,15.7,1728
1111.7,2026-08-01T16:33:21.498724+00:00,58.218,57.75,58.218,57.281,38,306,1020,,9068,2360,3645,2982,15.7,1728
1112.7,2026-08-01T16:33:22.504513+00:00,58.031,57.531,58.156,57.281,38,306,1020,,9109,2360,3645,2982,15.0,1728
1113.7,2026-08-01T16:33:23.510170+00:00,58,57.625,58,57.312,38,306,1020,,9149,2440,3645,2982,15.7,1728
1114.7,2026-08-01T16:33:24.515627+00:00,58.062,57.562,58.062,57.5,36,306,1020,,9229,2440,3685,2982,15.2,1728
1115.7,2026-08-01T16:33:25.521172+00:00,58.187,57.656,58.187,57.25,36,306,1020,,9254,2480,3685,2982,15.8,1728
1116.7,2026-08-01T16:33:26.527069+00:00,58.093,57.75,58.093,57.281,38,306,1020,,9294,2520,3685,2982,15.0,1728
1117.7,2026-08-01T16:33:27.532542+00:00,58.218,58.25,58.25,57.281,38,306,1020,,9374,2560,3725,2982,15.2,1728
1118.8,2026-08-01T16:33:28.538252+00:00,58.187,58.375,58.375,57.312,36,306,1020,,9495,2640,3725,2982,15.3,1728
1119.8,2026-08-01T16:33:29.544148+00:00,58.187,57.75,58.187,57.343,37,306,1020,,9495,2680,3725,2982,15.5,1728
1120.8,2026-08-01T16:33:30.549802+00:00,58.156,57.75,58.156,57.343,32,306,1020,,9615,2720,3766,2982,15.2,1728
1121.8,2026-08-01T16:33:31.555237+00:00,58.156,57.875,58.156,57.375,30,306,1020,,9615,2680,3806,2982,14.7,1728
1122.8,2026-08-01T16:33:32.561030+00:00,58.312,58,58.312,57.281,28,408,1020,,9895,2915,3800,2982,15.2,1728
1123.8,2026-08-01T16:33:33.566529+00:00,58.562,57.906,58.562,57.281,27,408,1020,,10016,2955,3840,2984,15.3,1728
1124.8,2026-08-01T16:33:34.572306+00:00,58.656,57.875,58.656,57.25,27,408,1020,,10096,2995,3840,2984,15.7,1728
1125.8,2026-08-01T16:33:35.578070+00:00,58.687,58.125,58.687,57.281,29,408,1020,,10216,3075,3880,2984,15.5,1728
1126.8,2026-08-01T16:33:36.583553+00:00,58.75,57.906,58.75,57.281,28,408,1020,,10440,3194,3920,2984,15.5,1728
1127.8,2026-08-01T16:33:37.588936+00:00,58.375,58.187,58.375,57.343,25,408,1020,,10640,3274,4000,2982,15.2,1728
1128.8,2026-08-01T16:33:38.594373+00:00,58.406,58.25,58.406,57.375,23,510,1020,,10840,3434,4040,2982,15.3,1728
1129.8,2026-08-01T16:33:39.599879+00:00,58.5,58.125,58.5,57.343,22,510,1020,,10960,3508,4073,2982,15.3,1728
1130.8,2026-08-01T16:33:40.605249+00:00,58.656,58.218,58.656,57.25,42,510,1020,,11240,3668,4113,2982,15.5,1728
1131.8,2026-08-01T16:33:41.611025+00:00,58.718,57.906,58.718,57.218,40,510,1020,,11160,3588,4113,2982,15.5,1651
1132.8,2026-08-01T16:33:42.617344+00:00,59.437,58.031,59.437,57.312,99,1020,1020,,11000,3548,4113,2982,15.0,1036
1133.8,2026-08-01T16:33:43.623472+00:00,59.218,57.968,59.218,57.281,90,1020,1020,,10520,3274,4000,2982,15.7,1728
1134.8,2026-08-01T16:33:44.630233+00:00,58.687,57.437,58.687,57.406,99,714,1020,,9535,2640,3806,2982,15.7,1036
1135.9,2026-08-01T16:33:45.635541+00:00,58.375,57.562,58.375,57.468,99,306,1020,,9149,2400,3645,2982,15.7,1728
1136.9,2026-08-01T16:33:46.640986+00:00,58.031,57.75,58.031,57.281,36,306,1020,,8908,2283,3605,2982,15.5,1728
1137.9,2026-08-01T16:33:47.646339+00:00,58.125,58.218,58.218,57.187,38,306,1020,,8948,2283,3605,2982,15.2,1728
1138.9,2026-08-01T16:33:48.651631+00:00,58.093,58.437,58.437,57.25,38,306,1020,,8988,2323,3605,2982,15.3,1728
1139.9,2026-08-01T16:33:49.657060+00:00,58.156,58.156,58.156,57.281,36,306,1020,,8988,2320,3605,2982,15.5,1728
1140.9,2026-08-01T16:33:50.662510+00:00,58.156,58.187,58.187,57.281,39,306,1020,,9028,2360,3605,2982,15.5,1728
1141.9,2026-08-01T16:33:51.667967+00:00,58.156,58.218,58.218,57.312,38,306,1020,,9068,2360,3645,2982,15.2,1728
1142.9,2026-08-01T16:33:52.673695+00:00,58.218,58.187,58.218,57.375,37,306,1020,,9109,2400,3645,2982,15.3,1728
1143.9,2026-08-01T16:33:53.679201+00:00,58.187,58.218,58.218,57.281,36,306,1020,,9149,2360,3645,2982,14.8,1728
1144.9,2026-08-01T16:33:54.684580+00:00,58.187,58.312,58.312,57.281,39,306,1020,,9294,2480,3685,2982,15.5,1728
1145.9,2026-08-01T16:33:55.689998+00:00,58.25,58.187,58.25,57.281,37,306,1020,,9294,2520,3685,2982,15.5,1728
1146.9,2026-08-01T16:33:56.695395+00:00,58.062,58.375,58.375,57.281,35,306,1020,,9374,2560,3685,2982,15.0,1728
1147.9,2026-08-01T16:33:57.701219+00:00,58.218,57.75,58.218,57.312,37,306,1020,,9294,2480,3725,2982,15.0,1728
1148.9,2026-08-01T16:33:58.706557+00:00,58.125,58.281,58.281,57.437,38,306,1020,,9575,2680,3766,2982,15.2,1728
1149.9,2026-08-01T16:33:59.712222+00:00,58.187,57.75,58.187,57.25,27,408,1020,,9695,2800,3766,2982,15.3,1728
1150.9,2026-08-01T16:34:00.717557+00:00,58.156,57.906,58.156,57.281,27,408,1020,,9775,2840,3806,2982,15.3,1728
1151.9,2026-08-01T16:34:01.723456+00:00,58.218,58.031,58.375,57.281,29,408,1020,,9855,2920,3800,2982,15.3,1728
1152.9,2026-08-01T16:34:02.729248+00:00,58.375,57.843,58.375,57.343,29,408,1020,,9935,2875,3800,2982,15.3,1728
1154.0,2026-08-01T16:34:03.734674+00:00,58.218,57.812,58.406,57.281,25,408,1020,,9935,2955,3840,2982,15.7,1728
1155.0,2026-08-01T16:34:04.740153+00:00,58.187,57.687,58.187,57.281,28,408,1020,,10016,2995,3880,2982,15.2,1728
1156.0,2026-08-01T16:34:05.745552+00:00,58.218,57.593,58.218,57.406,28,408,1020,,10176,3035,3880,2982,15.5,1728
1157.0,2026-08-01T16:34:06.751336+00:00,58.375,57.625,58.5,57.25,26,408,1020,,10336,3075,3920,2982,15.5,1728
1158.0,2026-08-01T16:34:07.757162+00:00,58.531,57.75,58.531,57.312,28,408,1020,,10360,3194,3920,2982,15.2,1728
1159.0,2026-08-01T16:34:08.762645+00:00,58.531,58.187,58.531,57.281,28,408,1020,,10680,3394,4000,2982,15.3,1728
1160.0,2026-08-01T16:34:09.768103+00:00,58.625,57.968,58.625,57.281,23,408,1020,,10720,3354,4000,2982,15.2,1728
1161.0,2026-08-01T16:34:10.773634+00:00,58.687,57.718,58.687,57.343,23,510,1020,,10840,3428,4040,2982,15.3,1728
1162.0,2026-08-01T16:34:11.779157+00:00,58.781,57.718,58.781,57.375,22,510,1020,,11000,3548,4073,2982,15.3,1728
1163.0,2026-08-01T16:34:12.784775+00:00,58.875,58.25,58.875,57.25,41,510,1020,,11240,3668,4113,2982,15.2,1728
1164.0,2026-08-01T16:34:13.790217+00:00,59.125,58.218,59.125,57.218,41,612,1020,,11240,3708,4153,2982,15.3,1728
1165.0,2026-08-01T16:34:14.796164+00:00,59.125,57.812,59.125,57.281,42,612,1020,,11240,3708,4153,2982,15.3,1728
1166.0,2026-08-01T16:34:15.802382+00:00,59.406,57.812,59.406,57.281,67,1020,1020,,11320,3668,4113,2982,15.7,1728
1167.0,2026-08-01T16:34:16.808935+00:00,59.937,57.718,59.937,57.281,99,1020,1020,,11240,3668,4113,2982,15.3,1728
1168.0,2026-08-01T16:34:17.815139+00:00,59.062,57.75,59.062,57.218,89,1020,1020,,10496,3115,4000,2982,15.5,1728
1169.0,2026-08-01T16:34:18.821507+00:00,58.906,57.718,58.906,57.25,99,714,1020,,9935,2800,3880,2982,15.3,1728
1170.0,2026-08-01T16:34:19.827874+00:00,58.687,57.5,58.687,57.312,99,714,1020,,9415,2560,3725,2982,15.7,1728
1171.0,2026-08-01T16:34:20.833495+00:00,58.406,57.968,58.406,57.281,69,306,1020,,9028,2320,3645,2982,15.8,1728
1172.1,2026-08-01T16:34:21.839573+00:00,58.281,57.781,58.281,57.375,37,306,1020,,8908,2243,3605,2982,15.0,1728
1173.1,2026-08-01T16:34:22.845721+00:00,58.125,57.781,58.125,57.187,38,306,1020,,8908,2243,3605,2982,14.5,1728
1174.1,2026-08-01T16:34:23.851504+00:00,58.218,57.562,58.218,57.281,38,306,1020,,8988,2243,3645,2982,14.5,1728
1175.1,2026-08-01T16:34:24.857206+00:00,58.281,57.687,58.281,57.25,35,306,1020,,9149,2400,3645,2982,15.3,1728
1176.1,2026-08-01T16:34:25.862674+00:00,58.281,57.656,58.281,57.25,37,306,1020,,9254,2480,3685,2982,15.7,1728
1177.1,2026-08-01T16:34:26.868169+00:00,58.25,57.593,58.25,57.375,36,306,1020,,9334,2520,3685,2982,15.3,1728
1178.1,2026-08-01T16:34:27.873632+00:00,58.343,57.406,58.343,57.406,38,306,1020,,9294,2440,3685,2982,14.7,1728
1179.1,2026-08-01T16:34:28.879384+00:00,58.093,57.593,58.093,57.312,35,306,1020,,9495,2640,3725,2982,15.3,1728
1180.1,2026-08-01T16:34:29.885027+00:00,58.156,57.625,58.156,57.25,36,306,1020,,9495,2560,3766,2982,15.0,1728
1181.1,2026-08-01T16:34:30.890701+00:00,58.187,57.875,58.187,57.25,28,408,1020,,9735,2800,3806,2982,15.0,1728
1182.1,2026-08-01T16:34:31.896175+00:00,58.218,57.843,58.218,57.281,27,408,1020,,9935,2880,3800,2982,15.5,1728
1183.1,2026-08-01T16:34:32.901756+00:00,58.187,57.812,58.187,57.281,25,408,1020,,9975,2915,3840,2982,15.5,1728
1184.1,2026-08-01T16:34:33.907499+00:00,58.281,57.718,58.281,57.218,27,408,1020,,10136,2995,3880,2982,15.3,1728
1185.1,2026-08-01T16:34:34.913005+00:00,58.218,57.718,58.218,57.25,29,408,1020,,10296,3115,3920,2982,15.3,1728
1186.1,2026-08-01T16:34:35.918407+00:00,58.375,57.687,58.375,57.281,29,408,1020,,10480,3234,3960,2982,15.5,1728
1187.1,2026-08-01T16:34:36.924022+00:00,58.437,58.218,58.437,57.281,21,408,1020,,10680,3394,4000,2982,15.3,1728
1188.1,2026-08-01T16:34:37.929454+00:00,58.5,58.093,58.5,57.312,23,510,1020,,10840,3474,4040,2982,15.2,1728
1189.2,2026-08-01T16:34:38.935027+00:00,58.468,57.937,58.468,57.343,23,510,1020,,11000,3548,4033,2982,15.5,1728
1190.2,2026-08-01T16:34:39.940743+00:00,58.687,57.656,58.687,57.437,54,510,1020,,11080,3548,4113,2982,15.3,1728
1191.2,2026-08-01T16:34:40.946233+00:00,58.906,57.687,58.906,57.281,41,612,1020,,11240,3668,4113,2982,15.2,1728
1192.2,2026-08-01T16:34:41.952815+00:00,58.75,57.812,58.75,57.25,28,612,1020,,11280,3668,4113,2982,15.5,1728
1193.2,2026-08-01T16:34:42.959181+00:00,59.031,57.812,59.031,57.156,70,1020,1020,,11280,3628,4113,2982,15.3,1728
1194.2,2026-08-01T16:34:43.965858+00:00,59.25,57.625,59.25,57.281,99,1020,1020,,10880,3474,4073,2982,15.8,1728
1195.2,2026-08-01T16:34:44.971278+00:00,58.906,57.718,58.906,57.25,94,714,1020,,10096,2955,3920,2982,15.2,1728
1196.2,2026-08-01T16:34:45.977801+00:00,58.468,57.531,58.625,57.25,99,714,1020,,9334,2520,3725,2982,15.7,1728
1197.2,2026-08-01T16:34:46.983304+00:00,58.218,57.593,58.218,57.281,18,306,1020,,8908,2243,3605,2982,15.7,1728
1198.2,2026-08-01T16:34:47.988843+00:00,58.25,57.75,58.25,57.281,36,306,1020,,8908,2243,3605,2982,15.2,1728
1199.2,2026-08-01T16:34:48.994326+00:00,58.218,57.687,58.218,57.375,36,306,1020,,8988,2280,3605,2982,15.2,1728
1200.2,2026-08-01T16:34:49.999979+00:00,58.25,57.75,58.25,57.312,37,306,1020,,9028,2360,3605,2982,15.3,1728
1201.2,2026-08-01T16:34:51.005437+00:00,58.25,57.781,58.25,57.281,38,306,1020,,9109,2400,3645,2982,15.2,1728
1202.2,2026-08-01T16:34:52.010895+00:00,58.25,57.843,58.25,57.25,35,306,1020,,9134,2440,3645,2982,15.0,1728
1203.2,2026-08-01T16:34:53.016343+00:00,58.343,58.125,58.343,57.187,37,306,1020,,9254,2480,3685,2982,15.5,1728
1204.2,2026-08-01T16:34:54.021853+00:00,58.312,57.968,58.312,57.281,38,306,1020,,9294,2480,3685,2982,15.3,1728
1205.2,2026-08-01T16:34:55.027397+00:00,58.375,57.781,58.375,57.312,36,306,1020,,9254,2440,3685,2982,14.7,1728
1206.2,2026-08-01T16:34:56.033109+00:00,58.468,57.75,58.468,57.218,35,306,1020,,9535,2640,3725,2982,15.0,1728
1207.3,2026-08-01T16:34:57.038633+00:00,58.468,57.781,58.468,57.218,28,306,1020,,9695,2720,3766,2982,15.2,1728
1208.3,2026-08-01T16:34:58.044143+00:00,58.531,57.687,58.531,57.25,28,408,1020,,9815,2800,3800,2982,14.8,1728
1209.3,2026-08-01T16:34:59.049645+00:00,58.531,57.937,58.531,57.25,27,408,1020,,9975,2875,3840,2982,15.2,1728
1210.3,2026-08-01T16:35:00.055181+00:00,58.562,57.656,58.562,57.406,26,408,1020,,10176,3035,3880,2982,15.5,1728
1211.3,2026-08-01T16:35:01.060792+00:00,58.375,57.656,58.375,57.343,27,408,1020,,10360,3154,3960,2982,15.3,1728
1212.3,2026-08-01T16:35:02.066171+00:00,58.406,57.75,58.406,57.25,27,408,1020,,10640,3314,4000,2983,15.2,1728
1213.3,2026-08-01T16:35:03.071773+00:00,58.468,57.781,58.468,57.343,22,510,1020,,10880,3434,4040,2983,15.2,1728
1214.3,2026-08-01T16:35:04.077151+00:00,58.687,58.25,58.687,57.187,32,510,1020,,11120,3548,4113,2983,15.0,1728
1215.3,2026-08-01T16:35:05.083651+00:00,58.687,57.468,58.687,57.281,33,816,1020,,10720,3234,4080,2983,14.8,1728
1216.3,2026-08-01T16:35:06.089722+00:00,59.468,57.562,59.468,57.375,99,1020,1020,,11000,3468,4113,2983,15.2,1728
1217.3,2026-08-01T16:35:07.095829+00:00,58.875,57.5,58.625,57.187,99,714,1020,,9935,2760,3840,2983,15.5,1728
1218.3,2026-08-01T16:35:08.101213+00:00,58.062,57.5,58.062,57.187,57,306,1020,,8868,2203,3605,2983,15.5,1728
1219.3,2026-08-01T16:35:09.106908+00:00,57.968,57.781,57.968,57.218,38,306,1020,,8908,2243,3605,2983,15.3,1728
1220.3,2026-08-01T16:35:10.112611+00:00,58,57.406,58,57.187,35,306,1020,,8988,2283,3605,2983,15.2,1728
1221.3,2026-08-01T16:35:11.118257+00:00,57.968,57.437,57.968,57.312,36,306,1020,,8988,2320,3605,2983,15.7,1728
1222.3,2026-08-01T16:35:12.123822+00:00,57.968,57.531,57.968,57.156,36,306,1020,,9028,2360,3645,2983,15.3,1728
1223.3,2026-08-01T16:35:13.129545+00:00,58,57.687,58,57.218,36,306,1020,,9109,2360,3645,2983,15.5,1728
1224.4,2026-08-01T16:35:14.134777+00:00,58.031,58.187,58.187,57.187,37,306,1020,,9189,2440,3645,2983,15.3,1728
1225.4,2026-08-01T16:35:15.140307+00:00,58.062,57.625,58.062,57.281,38,306,1020,,9229,2480,3685,2983,15.0,1728
1226.4,2026-08-01T16:35:16.146156+00:00,58.125,58.375,58.25,57.281,38,306,1020,,9334,2520,3685,2983,15.2,1728
1227.4,2026-08-01T16:35:17.151577+00:00,58.343,57.687,58.343,57.218,37,306,1020,,9415,2600,3685,2983,15.5,1728
1228.4,2026-08-01T16:35:18.157167+00:00,58.406,57.781,58.406,57.125,38,306,1020,,9415,2640,3725,2983,15.5,1728
1229.4,2026-08-01T16:35:19.162417+00:00,58.375,57.937,58.375,57.156,38,306,1020,,9495,2640,3725,2983,15.2,1728
1230.4,2026-08-01T16:35:20.167924+00:00,58.437,57.718,58.437,57.156,35,306,1020,,9575,2680,3725,2982,15.7,1728
1231.4,2026-08-01T16:35:21.173255+00:00,58.406,58.062,58.406,57.218,28,306,1020,,9655,2760,3766,2982,15.3,1728
1232.4,2026-08-01T16:35:22.178650+00:00,58.531,57.75,58.531,57.375,28,408,1020,,9695,2800,3766,2982,15.8,1728
1233.4,2026-08-01T16:35:23.184173+00:00,58.531,57.843,58.531,57.156,26,408,1020,,9775,2840,3806,2982,15.2,1728
1234.4,2026-08-01T16:35:24.189742+00:00,58.125,57.812,58.125,57.093,28,408,1020,,9855,2840,3800,2982,15.5,1728
1235.4,2026-08-01T16:35:25.195219+00:00,58.156,58.125,58.156,57.281,27,408,1020,,9895,2920,3840,2982,15.2,1728
1236.4,2026-08-01T16:35:26.201093+00:00,58.062,57.906,58.062,57.25,28,408,1020,,10056,2955,3840,2982,15.0,1728
1237.4,2026-08-01T16:35:27.206583+00:00,58.187,58.062,58.187,57.25,28,408,1020,,10216,3035,3880,2982,15.3,1728
1238.4,2026-08-01T16:35:28.212062+00:00,58.406,58.093,58.406,57.312,27,408,1020,,10376,3154,3920,2982,15.2,1728
1239.4,2026-08-01T16:35:29.218186+00:00,58.343,57.687,58.343,57.218,27,408,1020,,10496,3234,3920,2982,15.5,1728
1240.4,2026-08-01T16:35:30.224331+00:00,58.437,57.843,58.437,57.281,29,408,1020,,10560,3314,3960,2982,15.7,1728
1241.4,2026-08-01T16:35:31.230279+00:00,58.5,57.718,58.5,57.25,22,408,1020,,10640,3354,4000,2982,15.5,1728
1242.5,2026-08-01T16:35:32.236460+00:00,58.25,57.718,58.25,57.281,23,510,1020,,10800,3394,4000,2982,15.5,1728
1243.5,2026-08-01T16:35:33.242531+00:00,58.343,57.875,58.343,57.187,22,510,1020,,10960,3508,4033,2982,15.5,1728
1244.5,2026-08-01T16:35:34.248537+00:00,58.437,57.968,58.437,57.125,25,510,1020,,11040,3588,4073,2982,15.2,1728
1245.5,2026-08-01T16:35:35.256184+00:00,58.656,57.781,58.812,57.187,42,510,1020,,11240,3628,4113,2982,15.7,1728
1246.5,2026-08-01T16:35:36.261859+00:00,58.875,57.562,58.875,57.343,44,612,1020,,11280,3787,4113,2982,15.7,1728
1247.5,2026-08-01T16:35:37.267819+00:00,58.906,57.531,58.906,57.156,45,612,1020,,11200,3708,4113,2982,15.3,1728
1248.5,2026-08-01T16:35:38.274306+00:00,59.125,57.75,59.125,57.25,34,612,1020,,11280,3708,4113,2982,15.5,1728
1249.5,2026-08-01T16:35:39.280706+00:00,59.187,57.687,59.187,57.156,74,1020,1020,,11320,3787,4113,2982,15.5,1728
1250.5,2026-08-01T16:35:40.287378+00:00,59.281,57.968,59.281,57.281,99,1020,1020,,10800,3354,4040,2982,15.5,1728
1251.5,2026-08-01T16:35:41.293970+00:00,58.843,57.5,58.843,57.187,87,714,1020,,10096,2875,3920,2982,15.5,1728
1252.5,2026-08-01T16:35:42.301055+00:00,59.156,57.656,59.156,57.156,99,714,1020,,9935,2875,3840,2982,15.7,1728
1253.5,2026-08-01T16:35:43.306913+00:00,58.812,57.531,58.812,57.156,99,714,1020,,9374,2560,3725,2982,15.7,1574
1254.5,2026-08-01T16:35:44.313256+00:00,58.5,57.656,58.5,57.281,50,306,1020,,9109,2360,3645,2982,15.8,1728
1255.5,2026-08-01T16:35:45.319657+00:00,58.062,57.5,58.062,57.093,31,306,1020,,8868,2243,3605,2982,15.5,1728
1256.5,2026-08-01T16:35:46.325472+00:00,58,57.718,58,57.187,37,306,1020,,8908,2283,3605,2982,15.5,1728
1257.5,2026-08-01T16:35:47.332146+00:00,58,57.75,58,57.156,38,306,1020,,8908,2280,3605,2982,15.2,1728
1258.6,2026-08-01T16:35:48.338271+00:00,58.312,57.656,58.312,57.187,36,306,1020,,8948,2320,3605,2982,15.2,1728
1259.6,2026-08-01T16:35:49.344588+00:00,58.375,57.625,58.375,57.187,38,306,1020,,9028,2323,3605,2982,15.7,1728
1260.6,2026-08-01T16:35:50.351052+00:00,57.875,57.406,57.875,57.125,38,306,1020,,8988,2320,3645,2982,15.2,1728
1261.6,2026-08-01T16:35:51.357426+00:00,58.031,57.687,58.031,57.187,37,306,1020,,9068,2360,3645,2982,15.8,1728
1262.6,2026-08-01T16:35:52.364021+00:00,58.031,57.312,58.031,57.156,37,306,1020,,9068,2400,3645,2982,15.0,1728
1263.6,2026-08-01T16:35:53.370048+00:00,58.093,57.406,58.093,57.125,38,306,1020,,9149,2400,3645,2982,15.5,1728
1264.6,2026-08-01T16:35:54.376446+00:00,57.937,57.468,57.937,57.125,36,306,1020,,9189,2440,3645,2982,15.2,1728
1265.6,2026-08-01T16:35:55.382497+00:00,57.968,57.562,57.968,57.031,35,306,1020,,9229,2480,3645,2982,15.8,1728
1266.6,2026-08-01T16:35:56.388830+00:00,58,57.531,58,57.187,38,306,1020,,9254,2520,3685,2982,15.5,1728
1267.6,2026-08-01T16:35:57.395166+00:00,57.968,57.437,57.968,57.031,37,306,1020,,9294,2520,3685,2982,15.5,1728
1268.6,2026-08-01T16:35:58.401131+00:00,58.187,57.5,58.187,57.187,35,306,1020,,9334,2520,3685,2982,15.2,1728
1269.6,2026-08-01T16:35:59.407408+00:00,58.125,57.531,58.125,57.156,38,306,1020,,9415,2600,3725,2982,15.7,1728
1270.6,2026-08-01T16:36:00.414658+00:00,58.25,57.593,58.25,57.187,38,306,1020,,9455,2600,3725,2982,15.2,1728
1271.6,2026-08-01T16:36:01.420206+00:00,58,57.375,58,57.312,33,306,1020,,9495,2640,3725,2982,15.5,1728
1272.6,2026-08-01T16:36:02.426567+00:00,58.031,57.562,58.031,57.218,29,306,1020,,9575,2720,3766,2982,15.3,1728
1273.6,2026-08-01T16:36:03.432590+00:00,58.125,57.718,58.125,57.125,29,408,1020,,9655,2720,3766,2982,15.3,1728
1274.7,2026-08-01T16:36:04.439124+00:00,58.375,57.562,58.375,57.25,26,408,1020,,9695,2760,3766,2982,15.8,1728
1275.7,2026-08-01T16:36:05.445529+00:00,58.312,57.437,58.312,57.375,27,408,1020,,9735,2800,3766,2982,15.3,1728
1276.7,2026-08-01T16:36:06.452016+00:00,58.375,57.468,58.375,57.125,28,408,1020,,9695,2680,3806,2982,14.8,1728
1277.7,2026-08-01T16:36:07.457368+00:00,58.437,58.062,58.437,57.218,27,408,1020,,9975,2915,3840,2982,15.3,1728
1278.7,2026-08-01T16:36:08.463086+00:00,58.5,57.75,58.5,57.156,28,408,1020,,10096,2955,3840,2982,15.7,1728
1279.7,2026-08-01T16:36:09.468959+00:00,58.187,57.468,58.187,57.25,28,408,1020,,9975,2795,3880,2982,15.0,1728
1280.7,2026-08-01T16:36:10.474567+00:00,58.375,57.562,58.375,57.312,27,408,1020,,10440,3154,3960,2982,15.3,1728
1281.7,2026-08-01T16:36:11.480201+00:00,58.25,57.75,58.25,57.25,28,408,1020,,10376,2995,4000,2982,14.8,1728
1282.7,2026-08-01T16:36:12.485795+00:00,58.437,57.562,58.437,57.218,54,510,1020,,10680,3154,4080,2982,14.8,1728
1283.7,2026-08-01T16:36:13.491262+00:00,58.718,58,58.718,57.156,41,612,1020,,11200,3628,4113,2982,15.2,1728
1284.7,2026-08-01T16:36:14.497653+00:00,59.093,57.875,59.093,57.25,38,612,1020,,11280,3708,4113,2982,15.7,1728
1285.7,2026-08-01T16:36:15.504163+00:00,59.031,57.468,59.031,57.093,99,408,1020,,10600,3115,4040,2982,14.7,729
1286.7,2026-08-01T16:36:16.510571+00:00,59.125,57.468,59.125,57.187,99,714,1020,,9895,2720,3880,2982,15.3,1113
1287.7,2026-08-01T16:36:17.516480+00:00,58.593,57.593,58.843,57.125,99,714,1020,,9655,2720,3806,2982,15.8,1420
1288.7,2026-08-01T16:36:18.522162+00:00,58.375,57.75,58.375,57.156,99,306,1020,,9229,2440,3685,2982,15.5,1728
1289.7,2026-08-01T16:36:19.527530+00:00,58.031,57.5,58.031,57.218,38,306,1020,,8908,2243,3605,2982,15.3,1728
1290.7,2026-08-01T16:36:20.532838+00:00,58,57.656,58,57.156,38,306,1020,,8948,2283,3605,2982,15.0,1728
1291.8,2026-08-01T16:36:21.538247+00:00,58,58.125,58.125,57,34,306,1020,,8948,2323,3605,2982,16.0,1728
1292.8,2026-08-01T16:36:22.543664+00:00,58.093,57.906,58.093,57.218,36,306,1020,,8988,2323,3605,2982,14.8,1728
1293.8,2026-08-01T16:36:23.549546+00:00,58.031,57.75,58.031,57.25,37,306,1020,,9068,2360,3645,2982,15.2,1728
1294.8,2026-08-01T16:36:24.554934+00:00,58.156,57.593,58.156,57.281,36,306,1020,,9149,2400,3645,2982,15.2,1728
1295.8,2026-08-01T16:36:25.560493+00:00,58.093,57.531,58.093,57.093,35,306,1020,,9109,2360,3685,2982,14.7,1728
1296.8,2026-08-01T16:36:26.566922+00:00,58,57.687,58,57.187,36,306,1020,,9334,2520,3685,2982,15.0,1728
1297.8,2026-08-01T16:36:27.573358+00:00,57.937,57.687,57.937,57.125,39,306,1020,,9495,2600,3725,2982,15.5,1728
1298.8,2026-08-01T16:36:28.579104+00:00,57.968,57.968,57.968,57.281,33,306,1020,,9535,2680,3725,2982,15.3,1728
1299.8,2026-08-01T16:36:29.585705+00:00,58.218,57.687,58.218,57.156,29,306,1020,,9615,2720,3725,2982,15.8,1728
1300.8,2026-08-01T16:36:30.592060+00:00,58.25,57.656,58.25,57.156,28,408,1020,,9655,2760,3766,2982,15.3,1728
1301.8,2026-08-01T16:36:31.598178+00:00,58.343,57.906,58.343,57.125,27,408,1020,,9735,2800,3806,2982,15.5,1728
1302.8,2026-08-01T16:36:32.604075+00:00,58.312,57.656,58.312,57.187,29,408,1020,,9775,2840,3806,2982,15.7,1728
1303.8,2026-08-01T16:36:33.610003+00:00,58.031,57.406,58.031,57.281,28,408,1020,,9855,2880,3806,2982,15.2,1728
1304.8,2026-08-01T16:36:34.616228+00:00,58.093,57.406,58.093,57.125,28,408,1020,,9935,2915,3840,2982,15.5,1728
1305.8,2026-08-01T16:36:35.622681+00:00,58.156,57.781,58.156,57.125,24,408,1020,,10336,3154,3880,2983,20.3,1728
1306.8,2026-08-01T16:36:36.628962+00:00,58.406,57.437,58.406,57.187,28,408,1020,,10136,3035,3880,2983,15.5,1728
1307.9,2026-08-01T16:36:37.635295+00:00,58.406,57.312,58.406,57.25,28,408,1020,,10216,3035,3880,2983,15.3,1728
1308.9,2026-08-01T16:36:38.642015+00:00,58.437,57.375,58.437,57.125,29,408,1020,,10296,3115,3920,2983,15.3,1728
1309.9,2026-08-01T16:36:39.647985+00:00,58.218,57.625,58.218,57.093,29,408,1020,,10480,3234,3960,2983,15.5,1728
1310.9,2026-08-01T16:36:40.654318+00:00,58.187,57.625,58.187,57.218,26,408,1020,,10600,3314,3960,2983,15.3,1728
1311.9,2026-08-01T16:36:41.660264+00:00,58.312,57.312,58.312,57.218,23,510,1020,,10720,3354,4000,2983,15.3,1728
1312.9,2026-08-01T16:36:42.666798+00:00,58.656,57.437,58.656,57.156,23,510,1020,,10800,3474,4040,2983,15.5,1728
1313.9,2026-08-01T16:36:43.673341+00:00,58.781,57.968,58.781,57.125,22,510,1020,,11000,3508,4073,2983,15.2,1728
1314.9,2026-08-01T16:36:44.679902+00:00,58.312,57.656,58.312,57.187,40,510,1020,,11160,3588,4113,2983,15.5,1728
1315.9,2026-08-01T16:36:45.686200+00:00,58.625,57.687,58.625,57.25,51,510,1020,,11240,3588,4113,2983,15.2,1728
1316.9,2026-08-01T16:36:46.692432+00:00,58.656,57.5,58.656,57.093,40,612,1020,,11160,3668,4113,2983,15.2,1728
1317.9,2026-08-01T16:36:47.698811+00:00,58.937,57.687,58.937,57.062,32,612,1020,,11240,3628,4113,2983,15.7,1728
1318.9,2026-08-01T16:36:48.705804+00:00,59,57.531,59,57.218,99,1020,1020,,11280,3747,4113,2983,15.5,1728
1319.9,2026-08-01T16:36:49.712619+00:00,59.281,57.687,59.281,57.156,99,1020,1020,,10920,3548,4080,2983,15.7,1728
1320.9,2026-08-01T16:36:50.720312+00:00,59.093,57.593,59.093,57.093,92,1020,1020,,10376,3075,3960,2983,15.5,1728
1321.9,2026-08-01T16:36:51.724728+00:00,58.843,57.812,58.843,57.031,99,714,1020,,9855,2760,3840,2983,15.3,1728
1322.9,2026-08-01T16:36:52.730848+00:00,58.625,57.531,58.625,57.25,99,714,1020,,9495,2640,3766,2983,15.7,1420
1324.0,2026-08-01T16:36:53.739403+00:00,58.187,57.375,58.187,57.281,94,714,1020,,9149,2400,3645,2983,15.8,1728
1325.0,2026-08-01T16:36:54.743225+00:00,57.968,57.343,57.968,57.125,36,306,1020,,8908,2283,3605,2983,15.7,1728
1326.0,2026-08-01T16:36:55.748696+00:00,57.937,57.687,57.937,57.156,37,306,1020,,8908,2243,3605,2983,15.2,1728
1327.0,2026-08-01T16:36:56.754157+00:00,58,57.531,58,57.156,36,306,1020,,8988,2280,3605,2982,15.0,1728
1328.0,2026-08-01T16:36:57.759826+00:00,58,57.718,58,57.187,38,306,1020,,9028,2360,3645,2982,15.5,1728
1329.0,2026-08-01T16:36:58.765588+00:00,58,57.531,58,57.187,35,306,1020,,9109,2400,3645,2982,15.3,1728
1330.0,2026-08-01T16:36:59.771028+00:00,58.062,57.687,58.062,57.187,38,306,1020,,9149,2400,3645,2982,15.2,1728
1331.0,2026-08-01T16:37:00.776472+00:00,58.218,57.843,58.218,57.187,37,306,1020,,9189,2400,3645,2982,15.5,1728
1332.0,2026-08-01T16:37:01.781967+00:00,58.281,57.562,58.281,57.218,36,306,1020,,9229,2440,3645,2982,15.7,1728
1333.0,2026-08-01T16:37:02.787412+00:00,58.25,57.843,58.25,57.25,35,306,1020,,9254,2480,3685,2982,15.5,1728
1334.0,2026-08-01T16:37:03.793000+00:00,58.281,57.625,58.281,57.281,37,306,1020,,9254,2480,3685,2982,15.2,1728
1335.0,2026-08-01T16:37:04.798500+00:00,58.25,57.593,58.25,57.156,35,306,1020,,9294,2520,3685,2982,15.2,1728
1336.0,2026-08-01T16:37:05.804572+00:00,58.312,57.656,58.312,57.25,36,306,1020,,9415,2560,3725,2982,15.2,1728
1337.0,2026-08-01T16:37:06.810982+00:00,58.031,57.75,58.031,57.25,35,306,1020,,9535,2640,3725,2982,15.3,1728
1338.0,2026-08-01T16:37:07.820976+00:00,58.125,58,58.125,57.218,27,306,1020,,9615,2680,3766,2982,15.5,1728
1339.0,2026-08-01T16:37:08.824243+00:00,58.156,57.75,58.156,57.218,28,408,1020,,9695,2760,3766,2982,15.2,1728
1340.0,2026-08-01T16:37:09.830339+00:00,58.437,57.5,58.437,57.093,26,408,1020,,9815,2800,3760,2982,15.7,1728
1341.1,2026-08-01T16:37:10.836578+00:00,58,57.5,58,57.187,27,408,1020,,9655,2680,3806,2982,14.7,1728
1342.1,2026-08-01T16:37:11.843011+00:00,58.062,57.562,58.062,57.218,27,408,1020,,10016,2955,3840,2982,15.7,1728
1343.1,2026-08-01T16:37:12.849381+00:00,58.218,57.343,58.218,57.281,27,408,1020,,10056,2955,3840,2982,15.8,1728
1344.1,2026-08-01T16:37:13.855372+00:00,58.187,57.5,58.187,57.218,27,408,1020,,10136,2995,3880,2982,15.3,1728
1345.1,2026-08-01T16:37:14.861656+00:00,58.281,57.625,58.281,57.281,29,408,1020,,10256,3075,3880,2982,15.7,1728
1346.1,2026-08-01T16:37:15.868117+00:00,58.125,57.656,58.125,57.218,26,408,1020,,10336,3115,3920,2982,15.5,1728
1347.1,2026-08-01T16:37:16.873689+00:00,58.125,57.531,58.125,57.281,28,408,1020,,10360,3194,3920,2982,15.2,1728
1348.1,2026-08-01T16:37:17.879726+00:00,58.093,57.812,58.093,57.218,27,408,1020,,10600,3354,3960,2982,15.3,1728
1349.1,2026-08-01T16:37:18.886296+00:00,58.343,57.468,58.375,57.187,22,408,1020,,10760,3394,4000,2982,15.5,1728
1350.1,2026-08-01T16:37:19.892412+00:00,58.437,57.531,58.437,57.218,22,510,1020,,10760,3434,4000,2982,15.3,1728
1351.1,2026-08-01T16:37:20.898864+00:00,58.5,57.343,58.5,57.281,23,510,1020,,10920,3434,4033,2982,16.0,1728
1352.1,2026-08-01T16:37:21.904750+00:00,58.562,57.468,58.562,57.125,23,510,1020,,11040,3548,4073,2982,15.3,1728
1353.1,2026-08-01T16:37:22.911338+00:00,58.5,57.5,58.5,57.187,33,510,1020,,11200,3588,4113,2982,15.3,1728
1354.1,2026-08-01T16:37:23.917686+00:00,58.5,57.781,58.5,57.25,34,816,1020,,10800,3194,4080,2982,14.8,1728
1355.1,2026-08-01T16:37:24.924009+00:00,58.937,57.468,58.937,57.156,33,612,1020,,11320,3827,4113,2982,15.7,1651
1356.1,2026-08-01T16:37:25.930364+00:00,59.312,57.687,59.312,57.093,99,1020,1020,,11240,3668,4113,2982,15.5,1728
1357.2,2026-08-01T16:37:26.937373+00:00,59.468,57.937,59.468,57.031,99,1020,1020,,10920,3474,4073,2982,15.7,1728
1358.2,2026-08-01T16:37:27.945399+00:00,58.906,57.625,58.906,57.156,94,1020,1020,,10256,3035,3920,2982,15.8,1728
1359.2,2026-08-01T16:37:28.954287+00:00,58.718,57.5,58.718,57.156,99,714,1020,,9975,2835,3880,2982,15.5,1728
1360.2,2026-08-01T16:37:29.958830+00:00,58.5,57.656,58.781,57.093,99,714,1020,,9495,2600,3766,2983,16.0,1190
1361.2,2026-08-01T16:37:30.965478+00:00,58.468,57.5,58.468,57.156,98,714,1020,,9149,2400,3685,2983,15.7,1728
1362.2,2026-08-01T16:37:31.971598+00:00,58.343,57.625,58.343,57.187,42,306,1020,,8908,2280,3605,2983,15.5,1728
1363.2,2026-08-01T16:37:32.977576+00:00,57.968,57.562,57.968,57.093,37,306,1020,,8908,2283,3605,2983,15.2,1728
1364.2,2026-08-01T16:37:33.984283+00:00,57.968,57.5,57.968,57.25,38,306,1020,,8948,2323,3605,2983,15.3,1728
1365.2,2026-08-01T16:37:34.990266+00:00,58,57.625,58,57.218,36,306,1020,,8948,2283,3605,2983,15.5,1728
1366.2,2026-08-01T16:37:35.996780+00:00,58,57.25,58.343,57.218,38,306,1020,,8988,2323,3605,2983,16.2,1728
1367.2,2026-08-01T16:37:37.003172+00:00,58.25,57.375,58.25,57.093,36,306,1020,,8988,2323,3605,2983,15.3,1728
1368.2,2026-08-01T16:37:38.009318+00:00,58.312,57.437,58.312,57.125,38,306,1020,,9068,2320,3645,2983,15.7,1728
1369.2,2026-08-01T16:37:39.015668+00:00,58.343,57.593,58.343,57.218,34,306,1020,,9068,2360,3645,2983,15.5,1728
1370.2,2026-08-01T16:37:40.022185+00:00,58,57.625,58,57.187,39,306,1020,,9109,2360,3645,2983,15.3,1728
1371.2,2026-08-01T16:37:41.028473+00:00,58.031,57.375,58.031,57.218,38,306,1020,,9149,2440,3645,2983,15.3,1728
1372.3,2026-08-01T16:37:42.034789+00:00,58.062,57.75,58.062,57.125,36,306,1020,,9174,2440,3645,2983,15.5,1728
1373.3,2026-08-01T16:37:43.040826+00:00,57.968,57.531,57.968,57.25,37,306,1020,,9214,2440,3685,2983,15.2,1728
1374.3,2026-08-01T16:37:44.047241+00:00,57.875,57.531,57.875,57.25,37,306,1020,,9294,2520,3685,2983,15.8,1728
1375.3,2026-08-01T16:37:45.053636+00:00,57.937,57.593,57.937,57.281,36,306,1020,,9294,2560,3685,2983,15.5,1728
1376.3,2026-08-01T16:37:46.060194+00:00,58.125,57.406,58.125,57.25,38,306,1020,,9374,2560,3685,2983,15.5,1728
1377.3,2026-08-01T16:37:47.066617+00:00,58.156,57.718,58.156,57.187,37,306,1020,,9455,2640,3725,2983,15.3,1728
1378.3,2026-08-01T16:37:48.072934+00:00,58.187,57.562,58.187,57.156,38,306,1020,,9495,2640,3725,2983,15.3,1728
1379.3,2026-08-01T16:37:49.079567+00:00,57.937,57.343,57.937,57.312,37,306,1020,,9415,2520,3725,2983,14.5,1728
1380.3,2026-08-01T16:37:50.086103+00:00,58,57.406,58,57.125,29,408,1020,,9695,2760,3766,2982,16.2,1728
1381.3,2026-08-01T16:37:51.092679+00:00,58,57.625,58,57.218,27,408,1020,,9775,2800,3760,2982,15.3,1728
1382.3,2026-08-01T16:37:52.099218+00:00,58.218,57.968,58.218,57.218,28,408,1020,,9855,2880,3800,2982,15.2,1728
1383.3,2026-08-01T16:37:53.105729+00:00,58.281,57.781,58.281,57.281,28,408,1020,,9855,2875,3800,2982,15.7,1728
1384.3,2026-08-01T16:37:54.112031+00:00,58.218,57.75,58.218,57.187,29,408,1020,,10016,2995,3840,2982,15.3,1728
1385.3,2026-08-01T16:37:55.118418+00:00,58.093,57.875,58.093,57.125,28,408,1020,,10056,2955,3840,2982,15.5,1728
1386.3,2026-08-01T16:37:56.124622+00:00,58.093,57.625,58.093,57.218,27,408,1020,,10016,2875,3880,2982,14.7,1728
1387.3,2026-08-01T16:37:57.131078+00:00,58.218,57.312,58.218,57.281,27,408,1020,,10440,3194,3920,2982,15.7,1728
1388.4,2026-08-01T16:37:58.137496+00:00,58.375,57.781,58.375,57.156,29,408,1020,,10560,3314,3960,2982,15.2,1728
1389.4,2026-08-01T16:37:59.144193+00:00,58.468,57.843,58.468,57.187,28,408,1020,,10640,3314,4000,2982,15.2,1728
1390.4,2026-08-01T16:38:00.150150+00:00,58.5,57.968,58.5,57.25,23,510,1020,,10760,3394,4000,2982,15.3,1728
1391.4,2026-08-01T16:38:01.156564+00:00,58.625,57.625,58.625,57.281,23,510,1020,,10920,3434,4033,2982,15.2,1728
1392.4,2026-08-01T16:38:02.162957+00:00,58.468,57.718,58.468,57.093,26,510,1020,,11040,3548,4073,2982,15.7,1728
1393.4,2026-08-01T16:38:03.169104+00:00,58.593,57.843,58.593,57.156,44,510,1020,,11280,3747,4113,2982,16.2,1728
1394.4,2026-08-01T16:38:04.175931+00:00,58.718,57.718,58.718,57.218,45,612,1020,,11240,3708,4113,2982,15.2,1728
1395.4,2026-08-01T16:38:05.181640+00:00,59.125,57.656,59.125,57.25,35,612,1020,,11200,3708,4113,2982,15.3,1728
1396.4,2026-08-01T16:38:06.188184+00:00,59.25,57.625,59.25,57.25,88,1020,1020,,11200,3708,4113,2982,15.8,1728
1397.4,2026-08-01T16:38:07.195207+00:00,59.812,57.875,59.406,57.093,99,1020,1020,,11160,3708,4153,2982,15.2,1728
1398.4,2026-08-01T16:38:08.201066+00:00,59.218,57.906,59.218,57.125,99,1020,1020,,10760,3354,4040,2982,15.7,1728
1399.4,2026-08-01T16:38:09.207991+00:00,58.718,57.375,58.718,57.25,99,714,1020,,9735,2680,3806,2982,15.7,1728
1400.4,2026-08-01T16:38:10.212924+00:00,58.093,57.468,58.093,57.281,24,306,1020,,8788,2163,3605,2982,15.7,1728
1401.4,2026-08-01T16:38:11.218393+00:00,58,57.531,58,57.062,36,306,1020,,8868,2243,3605,2982,15.3,1728
1402.4,2026-08-01T16:38:12.224150+00:00,58.093,57.781,58.093,57.187,37,306,1020,,8908,2283,3605,2982,15.0,1728
1403.4,2026-08-01T16:38:13.229498+00:00,57.875,57.656,57.875,57.25,38,306,1020,,8988,2323,3605,2982,15.0,1728
1404.5,2026-08-01T16:38:14.235165+00:00,57.937,57.75,57.937,57.281,38,306,1020,,9068,2360,3645,2982,15.3,1728
1405.5,2026-08-01T16:38:15.240618+00:00,57.937,57.5,57.937,57.312,35,306,1020,,9149,2400,3645,2982,15.2,1728
1406.5,2026-08-01T16:38:16.246060+00:00,57.968,57.406,57.968,57.125,38,306,1020,,9214,2440,3685,2982,15.5,1728
1407.5,2026-08-01T16:38:17.251588+00:00,58.031,57.875,58.031,57.187,39,306,1020,,9254,2520,3685,2982,15.3,1728
1408.5,2026-08-01T16:38:18.257206+00:00,57.937,57.75,57.937,57.218,38,306,1020,,9334,2560,3685,2982,15.5,1728
1409.5,2026-08-01T16:38:19.262636+00:00,58,57.875,58,57.25,38,306,1020,,9374,2560,3725,2982,15.0,1728
1410.5,2026-08-01T16:38:20.268079+00:00,58,57.718,58,57.281,38,306,1020,,9495,2640,3725,2982,15.7,1728
1411.5,2026-08-01T16:38:21.273523+00:00,58,57.656,58,57.187,38,306,1020,,9535,2680,3725,2982,15.5,1728
1412.5,2026-08-01T16:38:22.279161+00:00,58.312,57.625,58.312,57.187,28,408,1020,,9575,2720,3766,2982,15.2,1728
1413.5,2026-08-01T16:38:23.284677+00:00,58.312,57.625,58.312,57.25,26,408,1020,,9735,2760,3766,2982,15.5,1728
1414.5,2026-08-01T16:38:24.290328+00:00,58.343,57.656,58.343,57.218,28,408,1020,,9815,2840,3806,2982,15.5,1728
1415.5,2026-08-01T16:38:25.296049+00:00,58.406,57.531,58.406,57.187,27,408,1020,,9895,2880,3800,2982,15.5,1728
1416.5,2026-08-01T16:38:26.301231+00:00,58.406,57.75,58.406,57.187,26,408,1020,,9975,2955,3840,2982,15.2,1728
1417.5,2026-08-01T16:38:27.306897+00:00,58.531,57.843,58.531,57.218,27,408,1020,,10136,3075,3840,2982,15.5,1728
1418.5,2026-08-01T16:38:28.312384+00:00,58.437,57.718,58.437,57.218,27,408,1020,,10216,3075,3880,2982,15.2,1728
1419.5,2026-08-01T16:38:29.317939+00:00,58.625,58.062,58.625,57.281,26,408,1020,,10296,3115,3920,2982,15.3,1728
1420.5,2026-08-01T16:38:30.323323+00:00,58.656,57.781,58.656,57.281,29,408,1020,,10400,3154,3920,2982,15.3,1728
1421.5,2026-08-01T16:38:31.328896+00:00,58.281,57.75,58.281,57.312,29,408,1020,,10480,3234,3960,2982,15.3,1728
1422.6,2026-08-01T16:38:32.335347+00:00,58.375,57.5,58.375,57.281,25,408,1020,,10600,3314,4000,2982,15.0,1728
1423.6,2026-08-01T16:38:33.341351+00:00,58.468,57.718,58.468,57.218,23,510,1020,,10880,3394,4033,2982,15.7,1728
1424.6,2026-08-01T16:38:34.347284+00:00,58.5,58,58.5,57.187,23,510,1020,,10960,3508,4073,2982,15.5,1728
1425.6,2026-08-01T16:38:35.353957+00:00,58.406,57.75,58.406,57.312,41,510,1020,,11240,3708,4113,2982,15.7,1728
1426.6,2026-08-01T16:38:36.360521+00:00,58.5,57.781,58.5,57.187,48,510,1020,,11320,3708,4113,2982,15.5,1728
1427.6,2026-08-01T16:38:37.366966+00:00,58.562,57.968,58.562,57.156,46,612,1020,,11280,3747,4113,2982,15.3,1728
1428.6,2026-08-01T16:38:38.373589+00:00,58.812,57.656,58.812,57.187,36,612,1020,,11280,3747,4113,2982,15.5,1728
1429.6,2026-08-01T16:38:39.379509+00:00,59.031,57.593,59.031,57.281,31,612,1020,,11280,3668,4113,2982,15.5,1651
1430.6,2026-08-01T16:38:40.386045+00:00,59.437,57.656,59.437,57.062,99,1020,1020,,11240,3708,4113,2982,15.5,1728
1431.6,2026-08-01T16:38:41.392895+00:00,59.406,57.875,59.406,57.156,99,1020,1020,,11080,3554,4073,2982,15.7,1728
1432.6,2026-08-01T16:38:42.399175+00:00,58.968,57.75,58.968,57.187,86,1020,1020,,10416,3154,3960,2982,16.2,1728
1433.6,2026-08-01T16:38:43.405627+00:00,58.687,57.562,58.687,57.25,99,714,1020,,9975,2800,3880,2982,15.5,1728
1434.6,2026-08-01T16:38:44.411978+00:00,58.593,57.531,58.593,57.156,99,714,1020,,9374,2560,3725,2982,15.7,1728
1435.6,2026-08-01T16:38:45.417978+00:00,58.5,57.468,58.5,57.093,89,306,1020,,9109,2400,3645,2982,16.0,1728
1436.6,2026-08-01T16:38:46.424190+00:00,58.187,57.5,58.187,57.187,18,306,1020,,8908,2283,3605,2982,15.3,1728
1437.6,2026-08-01T16:38:47.430254+00:00,57.968,57.312,57.968,57.281,37,306,1020,,8908,2243,3605,2982,15.3,1728
1438.7,2026-08-01T16:38:48.436567+00:00,57.968,57.343,57.968,57.156,36,306,1020,,8988,2323,3605,2982,15.0,1728
1439.7,2026-08-01T16:38:49.442922+00:00,57.937,57.937,57.937,57.218,38,306,1020,,9028,2320,3605,2982,15.3,1728
1440.7,2026-08-01T16:38:50.449401+00:00,58.156,57.843,58.156,57.062,36,306,1020,,8988,2283,3645,2982,15.0,1728
1441.7,2026-08-01T16:38:51.454572+00:00,58.281,58.25,58.281,57.218,35,306,1020,,9109,2400,3645,2982,15.5,1728
1442.7,2026-08-01T16:38:52.460242+00:00,58.281,57.968,58.281,57.281,37,306,1020,,9149,2400,3645,2982,15.2,1728
1443.7,2026-08-01T16:38:53.465709+00:00,58.343,58.125,58.343,57.156,36,306,1020,,9149,2440,3685,2982,15.8,1728
1444.7,2026-08-01T16:38:54.471256+00:00,58.343,58.125,58.343,57.156,38,306,1020,,9214,2440,3685,2982,15.5,1728
1445.7,2026-08-01T16:38:55.476741+00:00,58.343,57.625,58.343,57.25,35,306,1020,,9149,2400,3685,2982,14.7,1728
1446.7,2026-08-01T16:38:56.482282+00:00,58.468,57.812,58.468,57.375,36,306,1020,,9374,2560,3725,2982,15.2,1728
1447.7,2026-08-01T16:38:57.487586+00:00,58.5,58,58.5,57.218,38,306,1020,,9495,2640,3725,2982,15.5,1728
1448.7,2026-08-01T16:38:58.493103+00:00,58.062,57.718,58.062,57.218,27,408,1020,,9695,2720,3766,2982,15.3,1728
1449.7,2026-08-01T16:38:59.498646+00:00,58.156,57.843,58.156,57.156,28,408,1020,,9735,2800,3766,2982,15.5,1728
1450.7,2026-08-01T16:39:00.504293+00:00,58.218,57.75,58.218,57.281,27,408,1020,,9775,2800,3800,2982,15.3,1728
1451.7,2026-08-01T16:39:01.509780+00:00,58.312,57.812,58.312,57.281,27,408,1020,,9855,2840,3800,2982,15.2,1728
1452.7,2026-08-01T16:39:02.515485+00:00,58.281,57.468,58.281,57.25,28,408,1020,,10016,2915,3840,2982,15.0,1728
1453.7,2026-08-01T16:39:03.521085+00:00,58.281,58.062,58.281,57.156,27,408,1020,,10216,3075,3880,2982,15.5,1728
1454.7,2026-08-01T16:39:04.526134+00:00,58.343,58.281,58.343,57.187,26,408,1020,,10296,3154,3920,2982,15.3,1728
1455.7,2026-08-01T16:39:05.531888+00:00,58.343,58.125,58.343,57.281,28,408,1020,,10400,3234,3920,2982,15.2,1728
1456.8,2026-08-01T16:39:06.537440+00:00,58.406,57.812,58.406,57.218,27,408,1020,,10520,3314,3960,2982,15.5,1728
1457.8,2026-08-01T16:39:07.543370+00:00,58.187,57.625,58.187,57.156,25,408,1020,,10520,3154,4000,2982,14.7,1728
1458.8,2026-08-01T16:39:08.549467+00:00,58.312,57.718,58.312,57.156,23,510,1020,,10960,3468,4073,2982,15.7,1728
1459.8,2026-08-01T16:39:09.558917+00:00,58.5,57.687,58.5,57.125,48,510,1020,,11160,3588,4113,2982,15.5,1728
1460.8,2026-08-01T16:39:10.562376+00:00,58.812,57.687,58.812,57.125,41,612,1020,,11240,3668,4113,2982,15.5,1728
1461.8,2026-08-01T16:39:11.568611+00:00,58.937,57.875,58.937,57.218,36,510,1020,,11240,3668,4113,2982,15.5,1728
1462.8,2026-08-01T16:39:12.575459+00:00,59.375,57.531,59.375,57.187,92,1020,1020,,11360,3787,4113,2982,15.5,1651
1463.8,2026-08-01T16:39:13.581785+00:00,59.406,57.875,59.406,57.187,99,1020,1020,,11120,3668,4113,2982,15.5,1728
1464.8,2026-08-01T16:39:14.588873+00:00,59,57.75,59,57.25,90,1020,1020,,10376,3075,3960,2982,16.2,1728
1465.8,2026-08-01T16:39:15.595274+00:00,58.875,57.531,58.875,57.187,99,714,1020,,10016,2875,3880,2982,15.5,1728
1466.8,2026-08-01T16:39:16.601606+00:00,58.937,57.468,58.937,57.093,99,714,1020,,9655,2720,3806,2982,15.7,1728
1467.8,2026-08-01T16:39:17.607943+00:00,58.593,57.375,58.593,57.187,99,714,1020,,9229,2440,3685,2982,16.0,1728
1468.8,2026-08-01T16:39:18.614300+00:00,58.468,57.656,58.468,57.156,88,306,1020,,9028,2360,3645,2982,15.7,1728
1469.8,2026-08-01T16:39:19.620716+00:00,58,57.562,58,57.281,36,306,1020,,8908,2283,3605,2982,15.5,1728
1470.8,2026-08-01T16:39:20.627006+00:00,58,57.781,58,57.218,37,306,1020,,8948,2283,3605,2982,15.3,1728
1471.8,2026-08-01T16:39:21.633360+00:00,58.062,57.906,58.062,57.218,34,306,1020,,8988,2283,3605,2982,15.5,1728
1472.9,2026-08-01T16:39:22.639756+00:00,58.343,57.843,58.343,57.156,38,306,1020,,8948,2320,3645,2982,15.0,1728
1473.9,2026-08-01T16:39:23.646079+00:00,58.375,58,58.375,57.312,38,306,1020,,8988,2320,3645,2982,15.3,1728
1474.9,2026-08-01T16:39:24.652388+00:00,58.437,57.593,58.437,57.156,38,306,1020,,9068,2360,3645,2982,15.5,1728
1475.9,2026-08-01T16:39:25.658771+00:00,58,57.5,58,57.218,36,306,1020,,9109,2360,3645,2982,15.2,1728
1476.9,2026-08-01T16:39:26.665072+00:00,58.031,57.656,58.031,57.25,38,306,1020,,9149,2440,3645,2982,15.8,1728
1477.9,2026-08-01T16:39:27.671265+00:00,58.125,57.687,58.125,57.312,37,306,1020,,9189,2440,3645,2982,15.2,1728
1478.9,2026-08-01T16:39:28.677786+00:00,57.843,57.343,57.843,57.281,36,306,1020,,9189,2440,3645,2982,15.5,1728
1479.9,2026-08-01T16:39:29.684192+00:00,57.968,57.843,57.968,57.187,36,306,1020,,9254,2520,3685,2982,15.3,1728
1480.9,2026-08-01T16:39:30.690504+00:00,57.906,57.687,57.906,57.281,39,306,1020,,9334,2520,3685,2982,15.8,1728
1481.9,2026-08-01T16:39:31.696872+00:00,58.187,57.687,58.187,57.281,35,306,1020,,9334,2520,3685,2982,15.2,1728
1482.9,2026-08-01T16:39:32.703188+00:00,58.125,57.687,58.125,57.343,37,306,1020,,9415,2600,3725,2982,15.7,1728
1483.9,2026-08-01T16:39:33.709583+00:00,58.25,57.781,58.25,57.25,36,306,1020,,9455,2600,3725,2982,15.5,1728
1484.9,2026-08-01T16:39:34.715966+00:00,58.031,57.906,58.031,57.218,35,306,1020,,9535,2640,3725,2982,15.3,1728
1485.9,2026-08-01T16:39:35.721355+00:00,58.093,58.375,58.375,57.281,30,306,1020,,9615,2680,3725,2982,15.3,1728
1486.9,2026-08-01T16:39:36.726965+00:00,58.218,58.031,58.218,57.281,28,306,1020,,9655,2720,3766,2982,15.0,1728
1487.9,2026-08-01T16:39:37.732169+00:00,58.187,58.093,58.187,57.218,26,408,1020,,9775,2840,3806,2982,15.2,1728
1489.0,2026-08-01T16:39:38.737735+00:00,58.125,57.906,58.125,57.093,27,408,1020,,9735,2680,3806,2982,15.2,1728
1490.0,2026-08-01T16:39:39.743154+00:00,58.156,57.781,58.156,57.218,27,408,1020,,10016,2915,3840,2982,15.3,1728
1491.0,2026-08-01T16:39:40.748606+00:00,58.125,58.062,58.125,57.25,29,408,1020,,10176,2995,3880,2982,15.2,1728
1492.0,2026-08-01T16:39:41.754023+00:00,58.25,57.75,58.25,57.375,26,408,1020,,10336,3115,3920,2982,15.0,1728
1493.0,2026-08-01T16:39:42.759514+00:00,58.312,57.718,58.5,57.343,27,408,1020,,10440,3194,3960,2982,15.5,1728
1494.0,2026-08-01T16:39:43.764896+00:00,58.531,57.781,58.531,57.125,29,408,1020,,10560,3234,3960,2982,15.2,1728
1495.0,2026-08-01T16:39:44.770239+00:00,58.593,57.875,58.593,57.25,26,408,1020,,10720,3314,4000,2982,15.5,1728
1496.0,2026-08-01T16:39:45.775629+00:00,58.687,58.156,58.687,57.187,23,510,1020,,10760,3428,4000,2982,15.7,1728
1497.0,2026-08-01T16:39:46.781090+00:00,58.718,57.687,58.718,57.25,23,510,1020,,10920,3468,4080,2982,15.5,1728
1498.0,2026-08-01T16:39:47.786547+00:00,58.75,57.875,58.75,57.281,22,510,1020,,11040,3548,4073,2982,15.2,1728
1499.0,2026-08-01T16:39:48.791922+00:00,59.093,57.843,59.093,57.218,53,510,1020,,11160,3548,4113,2982,15.3,1728
1500.0,2026-08-01T16:39:49.797822+00:00,59.187,57.906,59.187,57.156,42,612,1020,,11280,3628,4113,2982,15.0,1728
1501.0,2026-08-01T16:39:50.804194+00:00,59,58.062,59,57.281,32,612,1020,,11280,3668,4153,2982,15.3,1728
1502.0,2026-08-01T16:39:51.810371+00:00,59.281,57.625,59.281,57.25,99,1020,1020,,11280,3708,4113,2982,15.3,1728
1503.0,2026-08-01T16:39:52.816655+00:00,59.5,57.718,59.5,57.343,99,1020,1020,,11000,3628,4113,2982,15.5,960
1504.0,2026-08-01T16:39:53.822463+00:00,59.218,58.187,59.218,57.125,89,1020,1020,,10480,3234,4000,2982,15.7,1728
1505.0,2026-08-01T16:39:54.828788+00:00,58.781,57.843,58.781,57.25,99,714,1020,,10136,2915,3880,2982,15.8,1113
1506.1,2026-08-01T16:39:55.834766+00:00,58.781,57.656,58.781,57.343,99,714,1020,,9615,2720,3806,2982,15.5,1113
1507.1,2026-08-01T16:39:56.840056+00:00,58.343,57.687,58.343,57.312,99,306,1020,,9149,2400,3685,2982,15.7,1728
1508.1,2026-08-01T16:39:57.845482+00:00,58.031,57.906,58.031,57.218,38,306,1020,,8868,2243,3605,2982,15.3,1728
1509.1,2026-08-01T16:39:58.850895+00:00,58,58.187,58.187,57.156,39,306,1020,,8948,2283,3605,2982,15.3,1728
1510.1,2026-08-01T16:39:59.856344+00:00,58,58.093,58.093,57.25,38,306,1020,,8908,2203,3605,2982,14.7,1728
1511.1,2026-08-01T16:40:00.861941+00:00,58.031,58.25,58.25,57.25,38,306,1020,,8988,2283,3645,2982,15.0,1728
1512.1,2026-08-01T16:40:01.867467+00:00,58.312,57.718,58.312,57.281,38,306,1020,,9149,2403,3645,2982,15.3,1728
1513.1,2026-08-01T16:40:02.873204+00:00,58.312,57.75,58.312,57.281,36,306,1020,,9189,2440,3685,2982,15.0,1728
1514.1,2026-08-01T16:40:03.879374+00:00,58.281,57.437,58.281,57.156,36,306,1020,,9349,2480,3685,2982,15.0,1728
1515.1,2026-08-01T16:40:04.885973+00:00,58.312,57.687,58.312,57.218,38,306,1020,,9374,2600,3685,2982,15.7,1728
1516.1,2026-08-01T16:40:05.892611+00:00,58,57.718,58,57.312,37,306,1020,,9455,2600,3725,2982,15.3,1728
1517.1,2026-08-01T16:40:06.898897+00:00,58.062,57.468,58.062,57.156,36,306,1020,,9495,2640,3725,2982,15.5,1728
1518.1,2026-08-01T16:40:07.904726+00:00,58.125,57.812,58.125,57.25,34,306,1020,,9615,2680,3725,2982,15.3,1728
1519.1,2026-08-01T16:40:08.911296+00:00,58.375,57.968,58.375,57.281,27,408,1020,,9615,2720,3766,2982,15.0,1728
1520.1,2026-08-01T16:40:09.917690+00:00,58.375,57.75,58.375,57.281,27,408,1020,,9695,2800,3766,2982,15.7,1728
1521.1,2026-08-01T16:40:10.923739+00:00,58.5,57.875,58.5,57.343,27,408,1020,,9735,2800,3806,2982,15.2,1728
1522.1,2026-08-01T16:40:11.930344+00:00,58.218,57.937,58.218,57.218,27,408,1020,,9895,2880,3800,2982,15.7,1728
1523.2,2026-08-01T16:40:12.936874+00:00,58.25,57.718,58.25,57.281,27,408,1020,,9895,2880,3800,2982,15.7,1728
1524.2,2026-08-01T16:40:13.943206+00:00,58.25,57.875,58.25,57.25,28,408,1020,,10056,2955,3840,2982,15.3,1728
1525.2,2026-08-01T16:40:14.949727+00:00,58.531,57.718,58.531,57.406,25,408,1020,,10096,3035,3840,2982,15.7,1728
1526.2,2026-08-01T16:40:15.956311+00:00,58.656,57.75,58.656,57.218,29,408,1020,,10176,3075,3880,2982,15.2,1728
1527.2,2026-08-01T16:40:16.962765+00:00,58.281,57.937,58.281,57.281,29,408,1020,,10256,3075,3880,2982,15.3,1728
1528.2,2026-08-01T16:40:17.969379+00:00,58.343,57.656,58.343,57.281,26,408,1020,,10376,3115,3920,2982,15.3,1728
1529.2,2026-08-01T16:40:18.975931+00:00,58.437,57.812,58.437,57.343,27,408,1020,,10400,3194,3920,2982,15.3,1728
1530.2,2026-08-01T16:40:19.981863+00:00,58.218,57.656,58.218,57.281,28,408,1020,,10520,3274,3960,2982,15.8,1728
1531.2,2026-08-01T16:40:20.988200+00:00,58.218,57.718,58.218,57.343,24,408,1020,,10640,3314,3960,2982,15.2,1728
1532.2,2026-08-01T16:40:21.996912+00:00,58.375,57.812,58.375,57.343,22,408,1020,,10680,3354,4000,2982,15.3,1728
1533.2,2026-08-01T16:40:23.002816+00:00,58.375,57.531,58.375,57.406,23,408,1020,,10880,3434,4033,2982,15.3,1728
1534.2,2026-08-01T16:40:24.006752+00:00,58.593,57.593,58.593,57.218,23,510,1020,,10960,3508,4073,2982,15.5,1728
1535.2,2026-08-01T16:40:25.013237+00:00,58.625,57.75,58.625,57.281,40,510,1020,,11160,3588,4073,2982,15.3,1728
1536.2,2026-08-01T16:40:26.019208+00:00,58.843,57.593,58.843,57.281,45,612,1020,,11240,3668,4113,2982,15.5,1728
1537.2,2026-08-01T16:40:27.025789+00:00,58.687,57.656,58.687,57.343,37,612,1020,,11200,3668,4113,2982,15.3,1651
1538.2,2026-08-01T16:40:28.032298+00:00,58.812,57.75,58.812,57.187,31,612,1020,,11240,3668,4113,2982,15.3,1728
1539.3,2026-08-01T16:40:29.038336+00:00,59.406,57.656,59.406,57.281,99,1020,1020,,11160,3668,4113,2982,15.3,1728
1540.3,2026-08-01T16:40:30.044768+00:00,59.468,57.843,59.468,57.375,99,1020,1020,,10520,3274,4040,2982,16.2,1728
1541.3,2026-08-01T16:40:31.051544+00:00,58.968,57.531,58.968,57.156,99,714,1020,,9975,2880,3920,2982,15.3,1728
1542.3,2026-08-01T16:40:32.057937+00:00,58.75,57.562,58.75,57.218,99,714,1020,,9695,2680,3806,2982,15.8,1728
1543.3,2026-08-01T16:40:33.064453+00:00,58.468,57.625,58.468,57.312,99,714,1020,,9214,2480,3725,2982,15.8,1651
1544.3,2026-08-01T16:40:34.071113+00:00,58.25,57.718,58.25,57.312,36,306,1020,,9028,2320,3645,2982,15.8,1728
1545.3,2026-08-01T16:40:35.077249+00:00,58.156,57.593,58.156,57.281,38,306,1020,,8868,2243,3605,2982,15.3,1728
1546.3,2026-08-01T16:40:36.083503+00:00,58.281,57.906,58.281,57.218,37,306,1020,,8828,2203,3605,2982,15.0,1728
1547.3,2026-08-01T16:40:37.089876+00:00,58.343,57.875,58.343,57.281,38,306,1020,,9028,2323,3605,2982,16.0,1728
1548.3,2026-08-01T16:40:38.096611+00:00,58.093,57.968,58.093,57.375,38,306,1020,,9068,2360,3645,2983,15.7,1728
1549.3,2026-08-01T16:40:39.102797+00:00,58.093,57.718,58.093,57.281,38,306,1020,,9068,2360,3645,2983,15.5,1728
1550.3,2026-08-01T16:40:40.109304+00:00,58.062,57.781,58.062,57.312,39,306,1020,,9109,2400,3645,2983,15.7,1728
1551.3,2026-08-01T16:40:41.116138+00:00,58.375,58,58.375,57.281,36,306,1020,,9149,2400,3645,2983,15.2,1728
1552.3,2026-08-01T16:40:42.122514+00:00,58.406,57.593,58.406,57.406,39,306,1020,,9189,2440,3645,2983,15.5,1728
1553.3,2026-08-01T16:40:43.128710+00:00,58.5,57.5,58.5,57.25,36,306,1020,,9189,2440,3645,2983,15.7,1728
1554.4,2026-08-01T16:40:44.135102+00:00,58.156,57.562,58.156,57.25,33,306,1020,,9269,2480,3685,2983,15.5,1728
1555.4,2026-08-01T16:40:45.141270+00:00,58.156,58.093,58.156,57.25,38,306,1020,,9254,2520,3685,2983,15.3,1728
1556.4,2026-08-01T16:40:46.147469+00:00,58.156,57.75,58.156,57.375,38,306,1020,,9334,2520,3685,2983,15.5,1728
1557.4,2026-08-01T16:40:47.153573+00:00,58.593,57.781,58.593,57.218,37,306,1020,,9374,2560,3725,2983,15.7,1728
1558.4,2026-08-01T16:40:48.160241+00:00,58.062,57.812,58.062,57.281,36,306,1020,,9455,2560,3725,2983,15.5,1728
1559.4,2026-08-01T16:40:49.166549+00:00,58.031,57.843,58.031,57.312,36,306,1020,,9495,2600,3725,2983,15.5,1728
1560.4,2026-08-01T16:40:50.172647+00:00,58.343,57.812,58.343,57.375,26,306,1020,,9575,2720,3725,2983,15.5,1728
1561.4,2026-08-01T16:40:51.179282+00:00,58.218,57.531,58.218,57.5,27,408,1020,,9575,2680,3766,2983,15.3,1728
1562.4,2026-08-01T16:40:52.187811+00:00,58.093,57.625,58.093,57.281,27,306,1020,,9615,2720,3766,2983,15.3,1728
1563.4,2026-08-01T16:40:53.193023+00:00,58.156,57.968,58.156,57.281,28,408,1020,,9735,2760,3760,2983,15.3,1728
1564.4,2026-08-01T16:40:54.198886+00:00,58.187,57.75,58.187,57.375,28,408,1020,,9775,2800,3800,2983,15.3,1728
1565.4,2026-08-01T16:40:55.205490+00:00,58.343,57.75,58.343,57.25,27,408,1020,,9855,2840,3800,2983,15.3,1728
1566.4,2026-08-01T16:40:56.212009+00:00,58.437,58,58.437,57.312,27,408,1020,,9975,2995,3840,2982,15.7,1728
1567.4,2026-08-01T16:40:57.217950+00:00,58.468,57.75,58.468,57.281,28,408,1020,,10016,2960,3840,2982,15.0,1728
1568.4,2026-08-01T16:40:58.224301+00:00,58.281,57.843,58.281,57.406,29,408,1020,,10216,3075,3880,2982,15.3,1728
1569.4,2026-08-01T16:40:59.229990+00:00,58.25,57.906,58.25,57.406,26,408,1020,,10360,3234,3920,2983,16.8,1728
1570.5,2026-08-01T16:41:00.236424+00:00,58.281,57.875,58.281,57.25,29,408,1020,,10440,3194,3960,2983,18.3,1728
1571.5,2026-08-01T16:41:01.242762+00:00,58.312,57.875,58.312,57.312,28,408,1020,,10480,3274,3960,2983,15.5,1728
1572.5,2026-08-01T16:41:02.248876+00:00,58.625,57.687,58.625,57.343,25,408,1020,,10680,3434,4000,2984,15.5,1728
1573.5,2026-08-01T16:41:03.255049+00:00,58.562,57.5,58.562,57.5,22,510,1020,,10720,3394,4000,2984,15.7,1728
1574.5,2026-08-01T16:41:04.261688+00:00,58.625,57.562,58.625,57.281,22,510,1020,,10840,3428,4040,2984,15.7,1728
1575.5,2026-08-01T16:41:05.267812+00:00,58.468,57.687,58.468,57.312,23,510,1020,,10920,3548,4073,2984,15.7,1728
1576.5,2026-08-01T16:41:06.273954+00:00,58.562,57.843,58.562,57.375,21,510,1020,,11120,3548,4073,2984,15.7,1728
1577.5,2026-08-01T16:41:07.281327+00:00,58.75,57.656,58.75,57.562,42,510,1020,,11160,3668,4113,2984,15.3,1728
1578.5,2026-08-01T16:41:08.287097+00:00,59,57.75,59,57.25,51,510,1020,,11200,3588,4113,2984,15.3,1728
1579.5,2026-08-01T16:41:09.293279+00:00,59.187,57.875,59.187,57.281,31,510,1020,,11200,3588,4113,2984,15.5,1574
1580.5,2026-08-01T16:41:10.299425+00:00,59.468,57.718,59.468,57.343,99,1020,1020,,11200,3668,4153,2984,15.3,1728
1581.5,2026-08-01T16:41:11.306012+00:00,59.468,57.843,59.468,57.375,99,1020,1020,,11000,3508,4073,2984,15.5,1728
1582.5,2026-08-01T16:41:12.312334+00:00,59.062,57.968,59.062,57.218,89,1020,1020,,10360,3115,3960,2984,15.7,1728
1583.5,2026-08-01T16:41:13.318629+00:00,58.875,57.687,58.875,57.281,99,714,1020,,9895,2800,3880,2984,15.5,1728
1584.5,2026-08-01T16:41:14.324890+00:00,59.156,57.843,59.156,57.312,99,714,1020,,9615,2640,3806,2984,16.0,1728
1585.5,2026-08-01T16:41:15.331212+00:00,58.75,57.5,58.75,57.281,99,306,1020,,9229,2440,3685,2984,15.8,1728
1586.6,2026-08-01T16:41:16.337611+00:00,58.468,57.5,58.468,57.312,35,306,1020,,8908,2283,3605,2984,15.3,1728
1587.6,2026-08-01T16:41:17.343946+00:00,58.187,57.625,58.187,57.281,37,306,1020,,8908,2283,3605,2984,15.7,1728
1588.6,2026-08-01T16:41:18.350304+00:00,58.187,57.406,58.187,57.312,37,306,1020,,8948,2283,3605,2984,15.7,1728
1589.6,2026-08-01T16:41:19.356764+00:00,58.125,57.468,58.125,57.343,36,306,1020,,8948,2283,3605,2984,15.3,1728
1590.6,2026-08-01T16:41:20.362789+00:00,58.062,57.531,58.062,57.281,38,306,1020,,9028,2360,3605,2984,15.5,1728
1591.6,2026-08-01T16:41:21.369123+00:00,58.062,57.75,58.062,57.312,36,306,1020,,9068,2360,3645,2984,15.5,1728
1592.6,2026-08-01T16:41:22.375339+00:00,58.031,57.718,58.031,57.343,36,306,1020,,9068,2360,3645,2984,15.3,1728
1593.6,2026-08-01T16:41:23.382105+00:00,58.25,57.75,58.25,57.406,37,306,1020,,9109,2400,3645,2984,15.7,1728
1594.6,2026-08-01T16:41:24.388385+00:00,58.343,57.875,58.343,57.25,38,306,1020,,9149,2440,3645,2984,15.5,1728
1595.6,2026-08-01T16:41:25.394750+00:00,58.25,57.968,58.25,57.281,35,306,1020,,9214,2480,3645,2984,15.7,1728
1596.6,2026-08-01T16:41:26.400991+00:00,58.156,57.75,58.156,57.375,38,306,1020,,9269,2480,3685,2984,15.8,1728
1597.6,2026-08-01T16:41:27.407371+00:00,58.093,57.812,58.093,57.375,37,306,1020,,9294,2520,3685,2984,15.2,1728
1598.6,2026-08-01T16:41:28.414854+00:00,58.343,57.968,58.343,57.281,39,306,1020,,9334,2560,3685,2984,15.3,1728
1599.6,2026-08-01T16:41:29.421083+00:00,58.312,58.218,58.312,57.343,38,306,1020,,9415,2600,3725,2984,15.3,1728
1600.6,2026-08-01T16:41:30.427178+00:00,58.343,57.843,58.343,57.437,39,306,1020,,9535,2640,3725,2984,15.5,1728
1601.6,2026-08-01T16:41:31.433540+00:00,58.187,57.906,58.187,57.468,36,306,1020,,9535,2680,3725,2984,15.3,1728
1602.7,2026-08-01T16:41:32.439053+00:00,58.156,58.062,58.156,57.312,28,408,1020,,10176,3115,3800,3001,26.3,1728
1603.7,2026-08-01T16:41:33.445739+00:00,58.281,58.125,58.281,57.406,28,408,1020,,10056,3035,3800,2986,27.3,1728
1604.7,2026-08-01T16:41:34.452087+00:00,58.312,58.281,58.5,57.406,27,408,1020,,9815,2840,3800,2986,15.2,1728
1605.7,2026-08-01T16:41:35.458437+00:00,58.5,57.843,58.5,57.437,28,408,1020,,9895,2880,3800,2986,16.0,1728
1606.7,2026-08-01T16:41:36.465009+00:00,58.562,58.031,58.562,57.375,28,408,1020,,9895,2880,3800,2986,15.5,1728
1607.7,2026-08-01T16:41:37.470944+00:00,58.5,57.718,58.5,57.375,27,408,1020,,9975,2915,3840,2986,15.0,1728
1608.7,2026-08-01T16:41:38.477149+00:00,58.312,57.906,58.312,57.281,29,408,1020,,10056,2955,3840,2986,15.7,1728
1609.7,2026-08-01T16:41:39.483179+00:00,58.375,57.937,58.375,57.375,29,408,1020,,10176,2995,3880,2986,15.3,1728
1610.7,2026-08-01T16:41:40.489580+00:00,58.406,57.906,58.406,57.312,27,408,1020,,10296,3115,3920,2986,15.3,1728
1611.7,2026-08-01T16:41:41.496029+00:00,58.593,57.875,58.593,57.406,28,408,1020,,10440,3234,3920,2986,15.8,1728
1612.7,2026-08-01T16:41:42.502311+00:00,58.625,58.125,58.625,57.406,28,408,1020,,10520,3274,3960,2986,15.2,1728
1613.7,2026-08-01T16:41:43.508536+00:00,58.781,57.781,58.781,57.468,25,408,1020,,10640,3354,4000,2986,15.7,1728
1614.7,2026-08-01T16:41:44.514635+00:00,58.531,57.968,58.531,57.343,22,510,1020,,10760,3354,4000,2986,15.3,1728
1615.7,2026-08-01T16:41:45.520790+00:00,58.531,57.968,58.531,57.375,23,510,1020,,10880,3474,4040,2986,15.5,1728
1616.7,2026-08-01T16:41:46.527081+00:00,58.625,57.875,58.625,57.281,22,510,1020,,11000,3548,4080,2986,15.3,1728
1617.7,2026-08-01T16:41:47.533277+00:00,58.562,57.906,58.562,57.406,29,510,1020,,11120,3628,4113,2986,15.3,1728
1618.8,2026-08-01T16:41:48.540185+00:00,58.687,57.843,58.687,57.281,41,612,1020,,11200,3628,4113,2986,15.5,1728
1619.8,2026-08-01T16:41:49.546710+00:00,58.843,57.968,58.843,57.375,41,612,1020,,11360,3747,4113,2986,15.5,1651
1620.8,2026-08-01T16:41:50.552942+00:00,58.968,57.906,58.968,57.375,29,612,1020,,11341,3867,4153,2986,15.3,1651
1621.8,2026-08-01T16:41:51.559451+00:00,59.375,58,59.375,57.281,57,612,1020,,11400,3867,4113,2986,15.5,1728
1622.8,2026-08-01T16:41:52.565250+00:00,59.562,57.812,59.562,57.375,98,1020,1020,,11240,3747,4113,2986,15.3,1728
1623.8,2026-08-01T16:41:53.571591+00:00,59.343,58.093,59.343,57.312,99,1020,1020,,10800,3354,4033,2986,15.7,1728
1624.8,2026-08-01T16:41:54.580502+00:00,59,57.875,59,57.312,88,1020,1020,,10336,3035,3920,2986,16.0,1728
1625.8,2026-08-01T16:41:55.584793+00:00,58.843,57.687,58.843,57.406,99,714,1020,,9855,2720,3840,2986,15.5,1728
1626.8,2026-08-01T16:41:56.591251+00:00,58.937,57.625,58.937,57.375,99,714,1020,,9495,2640,3766,2986,15.7,1728
1627.8,2026-08-01T16:41:57.600028+00:00,58.437,57.75,58.437,57.406,91,714,1020,,9149,2400,3645,2986,15.8,1728
1628.8,2026-08-01T16:41:58.606298+00:00,58.281,57.718,58.281,57.406,24,306,1020,,8948,2283,3605,2986,15.7,1728
1629.8,2026-08-01T16:41:59.612066+00:00,58.187,57.875,58.187,57.281,36,306,1020,,8948,2283,3605,2986,15.3,1728
1630.8,2026-08-01T16:42:00.618408+00:00,58.312,57.968,58.312,57.312,35,306,1020,,8908,2243,3605,2986,15.0,1728
1631.8,2026-08-01T16:42:01.624716+00:00,58.375,58.156,58.375,57.281,38,306,1020,,8988,2280,3645,2986,15.3,1728
1632.8,2026-08-01T16:42:02.630896+00:00,58.375,57.906,58.375,57.468,39,306,1020,,9028,2320,3645,2986,15.5,1728
1633.9,2026-08-01T16:42:03.637254+00:00,58.125,57.968,58.125,57.375,36,306,1020,,9068,2360,3645,2986,15.2,1728
1634.9,2026-08-01T16:42:04.643076+00:00,58.156,57.843,58.156,57.343,36,306,1020,,9109,2360,3645,2986,15.7,1728
1635.9,2026-08-01T16:42:05.649403+00:00,58.062,57.968,58.062,57.312,36,306,1020,,9149,2400,3645,2986,15.7,1728
1636.9,2026-08-01T16:42:06.655606+00:00,58.156,58.093,58.156,57.281,38,306,1020,,9149,2440,3645,2986,15.5,1728
1637.9,2026-08-01T16:42:07.661630+00:00,58.5,57.812,58.5,57.468,36,306,1020,,9229,2440,3685,2986,15.3,1728
1638.9,2026-08-01T16:42:08.667492+00:00,58.5,57.968,58.5,57.312,37,306,1020,,9254,2480,3685,2986,15.5,1728
1639.9,2026-08-01T16:42:09.673843+00:00,58.437,57.968,58.437,57.406,38,306,1020,,9254,2520,3685,2986,15.5,1728
1640.9,2026-08-01T16:42:10.680193+00:00,58.5,57.875,58.5,57.343,39,306,1020,,9334,2520,3685,2986,15.5,1728
1641.9,2026-08-01T16:42:11.686516+00:00,58.25,57.968,58.25,57.468,38,306,1020,,9374,2560,3685,2986,15.7,1728
1642.9,2026-08-01T16:42:12.692902+00:00,58.281,57.968,58.281,57.312,38,306,1020,,9455,2600,3725,2986,15.3,1728
1643.9,2026-08-01T16:42:13.698889+00:00,58.281,57.968,58.281,57.468,38,306,1020,,9495,2640,3725,2986,15.2,1728
1644.9,2026-08-01T16:42:14.705376+00:00,58.593,58.093,58.593,57.406,35,306,1020,,9535,2680,3725,2986,15.5,1728
1645.9,2026-08-01T16:42:15.711586+00:00,58.656,57.875,58.656,57.437,28,306,1020,,9615,2720,3766,2986,15.3,1728
1646.9,2026-08-01T16:42:16.718052+00:00,58.187,57.875,58.187,57.312,28,408,1020,,9655,2720,3766,2986,15.3,1728
1647.9,2026-08-01T16:42:17.724388+00:00,58.375,58.062,58.375,57.343,27,408,1020,,9775,2840,3760,2986,15.8,1728
1648.9,2026-08-01T16:42:18.730484+00:00,58.343,58.218,58.343,57.437,29,408,1020,,9775,2800,3806,2986,15.2,1728
1650.0,2026-08-01T16:42:19.736618+00:00,58.437,57.875,58.437,57.437,27,408,1020,,9975,2920,3800,2986,15.8,1728
1651.0,2026-08-01T16:42:20.742420+00:00,58.343,57.906,58.343,57.375,28,408,1020,,9975,2915,3840,2987,15.5,1728
1652.0,2026-08-01T16:42:21.749178+00:00,58.312,58.031,58.312,57.312,29,408,1020,,9935,2840,3840,2987,15.2,1728
1653.0,2026-08-01T16:42:22.755508+00:00,58.343,58,58.343,57.312,28,408,1020,,10216,3035,3880,2987,15.3,1728
1654.0,2026-08-01T16:42:23.762462+00:00,58.5,58.343,58.5,57.5,26,408,1020,,10360,3194,3920,2987,15.5,1728
1655.0,2026-08-01T16:42:24.768366+00:00,58.468,57.906,58.468,57.281,28,408,1020,,10480,3234,3920,2987,15.5,1728
1656.0,2026-08-01T16:42:25.774285+00:00,58.593,57.937,58.593,57.312,27,408,1020,,10520,3274,3960,2987,15.3,1728
1657.0,2026-08-01T16:42:26.781480+00:00,58.343,58.031,58.343,57.437,29,408,1020,,10400,3075,4000,2987,15.2,1728
1658.0,2026-08-01T16:42:27.787763+00:00,58.5,57.875,58.5,57.406,23,510,1020,,10880,3468,4033,2987,15.2,1728
1659.0,2026-08-01T16:42:28.794469+00:00,58.687,57.593,58.687,57.187,23,510,1020,,11040,3628,4073,2987,15.3,1728
1660.0,2026-08-01T16:42:29.800274+00:00,58.812,57.687,58.812,57.281,42,510,1020,,11200,3668,4113,2987,15.5,1728
1661.0,2026-08-01T16:42:30.806345+00:00,58.968,57.875,58.968,57.375,44,612,1020,,11280,3668,4113,2987,15.5,1728
1662.0,2026-08-01T16:42:31.812381+00:00,59.031,57.656,59.031,57.343,37,510,1020,,11240,3628,4113,2987,15.7,1728
1663.0,2026-08-01T16:42:32.819603+00:00,59.093,57.75,59.093,57.312,24,612,1020,,11200,3708,4113,2987,15.3,1728
1664.0,2026-08-01T16:42:33.825709+00:00,59.468,57.937,59.468,57.375,99,1020,1020,,11240,3668,4113,2987,15.8,1651
1665.0,2026-08-01T16:42:34.831419+00:00,59.031,57.968,59.031,57.343,88,714,1020,,10176,2995,3960,2987,15.3,1728
1666.1,2026-08-01T16:42:35.837401+00:00,58.843,57.656,58.843,57.281,99,714,1020,,9214,2440,3685,2987,15.7,1728
1667.1,2026-08-01T16:42:36.842898+00:00,58.531,57.531,58.531,57.468,26,306,1020,,8868,2243,3605,2986,15.5,1728
1668.1,2026-08-01T16:42:37.848287+00:00,58.5,57.687,58.5,57.281,38,306,1020,,8868,2243,3605,2986,15.0,1728
1669.1,2026-08-01T16:42:38.854229+00:00,58.5,58.187,58.5,57.406,37,306,1020,,8948,2243,3605,2986,15.3,1728
1670.1,2026-08-01T16:42:39.860259+00:00,58.468,57.968,58.468,57.343,37,306,1020,,9028,2320,3605,2986,15.7,1728
1671.1,2026-08-01T16:42:40.866588+00:00,58.156,58.156,58.156,57.468,36,306,1020,,9068,2360,3645,2987,15.3,1728
1672.1,2026-08-01T16:42:41.872999+00:00,58.25,57.781,58.25,57.375,35,306,1020,,9109,2360,3645,2987,15.3,1728
1673.1,2026-08-01T16:42:42.879215+00:00,58.281,57.937,58.281,57.281,38,306,1020,,9149,2400,3645,2987,15.2,1728
1674.1,2026-08-01T16:42:43.885110+00:00,58.562,57.656,58.562,57.437,38,306,1020,,9189,2440,3645,2987,15.2,1728
1675.1,2026-08-01T16:42:44.891383+00:00,58.593,57.75,58.593,57.5,38,306,1020,,9229,2480,3685,2987,15.3,1728
1676.1,2026-08-01T16:42:45.898049+00:00,58.062,57.656,58.062,57.343,38,306,1020,,9294,2520,3685,2987,15.7,1728
1677.1,2026-08-01T16:42:46.904185+00:00,58.25,58,58.25,57.312,37,306,1020,,9214,2440,3685,2987,15.0,1728
1678.1,2026-08-01T16:42:47.910599+00:00,58.25,57.812,58.25,57.343,38,306,1020,,9374,2600,3725,2987,15.5,1728
1679.1,2026-08-01T16:42:48.917177+00:00,58.218,57.875,58.218,57.437,35,306,1020,,9374,2480,3725,2987,14.7,1728
1680.1,2026-08-01T16:42:49.923237+00:00,58.187,57.968,58.187,57.406,28,306,1020,,9575,2680,3766,2987,15.5,1728
1681.1,2026-08-01T16:42:50.929635+00:00,58.25,57.968,58.25,57.281,29,408,1020,,9655,2720,3766,2987,15.7,1728
1682.2,2026-08-01T16:42:51.936218+00:00,58.125,57.968,58.125,57.375,27,408,1020,,9735,2800,3760,2987,15.2,1728
1683.2,2026-08-01T16:42:52.942600+00:00,58.437,57.937,58.437,57.406,26,408,1020,,9815,2840,3800,2987,15.3,1728
1684.2,2026-08-01T16:42:53.949075+00:00,58.5,57.906,58.5,57.531,29,408,1020,,9855,2835,3800,2987,15.3,1728
1685.2,2026-08-01T16:42:54.955258+00:00,58.468,57.968,58.468,57.281,28,408,1020,,9935,2875,3840,2987,16.0,1728
1686.2,2026-08-01T16:42:55.961633+00:00,58.25,58.156,58.25,57.468,26,408,1020,,10056,2955,3840,2987,15.3,1728
1687.2,2026-08-01T16:42:56.968184+00:00,58.281,57.968,58.281,57.406,29,408,1020,,10096,2995,3880,2987,15.3,1728
1688.2,2026-08-01T16:42:57.974228+00:00,58.343,57.906,58.343,57.5,29,408,1020,,10216,3035,3880,2987,15.5,1728
1689.2,2026-08-01T16:42:58.980373+00:00,58.562,58,58.562,57.468,28,408,1020,,10336,3154,3880,2987,15.3,1728
1690.2,2026-08-01T16:42:59.986707+00:00,58.593,57.937,58.593,57.375,27,408,1020,,10400,3194,3920,2987,15.2,1728
1691.2,2026-08-01T16:43:00.993071+00:00,58.656,58.187,58.656,57.406,28,408,1020,,10520,3314,3960,2987,15.7,1728
1692.2,2026-08-01T16:43:01.999195+00:00,58.468,57.968,58.468,57.375,27,408,1020,,10640,3394,3960,2987,15.3,1728
1693.2,2026-08-01T16:43:03.005633+00:00,58.531,57.968,58.531,57.406,22,408,1020,,10680,3394,4000,2987,15.8,1728
1694.2,2026-08-01T16:43:04.012127+00:00,58.5,58.062,58.5,57.375,22,408,1020,,10680,3234,4040,2987,15.0,1728
1695.2,2026-08-01T16:43:05.018199+00:00,58.906,57.875,58.906,57.406,55,510,1020,,11040,3508,4073,2987,15.5,1728
1696.2,2026-08-01T16:43:06.024569+00:00,59.031,57.968,59.031,57.281,44,612,1020,,11240,3668,4113,2987,15.5,1728
1697.2,2026-08-01T16:43:07.030732+00:00,59.156,57.968,59.156,57.281,41,612,1020,,11240,3668,4113,2987,15.3,1728
1698.3,2026-08-01T16:43:08.036358+00:00,59.25,58.125,59.25,57.375,34,612,1020,,11320,3708,4113,2987,15.7,1728
1699.3,2026-08-01T16:43:09.042708+00:00,59.25,57.812,59.25,57.437,32,1020,1020,,11320,3708,4113,2987,15.5,1651
1700.3,2026-08-01T16:43:10.049201+00:00,59.593,57.781,59.593,57.531,99,1020,1020,,11120,3548,4113,2987,15.3,1728
1701.3,2026-08-01T16:43:11.055448+00:00,59.25,57.781,59.25,57.343,87,1020,1020,,10416,3154,3960,2987,15.8,1728
1702.3,2026-08-01T16:43:12.061981+00:00,59.343,57.968,59.343,57.312,99,714,1020,,9975,2835,3880,2987,15.3,1728
1703.3,2026-08-01T16:43:13.068312+00:00,59.25,57.687,59.25,57.406,99,714,1020,,9695,2720,3806,2987,15.7,1728
1704.3,2026-08-01T16:43:14.074715+00:00,58.531,57.656,58.531,57.562,99,714,1020,,9334,2520,3725,2987,15.8,1728
1705.3,2026-08-01T16:43:15.079908+00:00,58.406,57.656,58.406,57.468,49,306,1020,,9109,2360,3645,2985,20.0,1728
1706.3,2026-08-01T16:43:16.085466+00:00,58.343,57.75,58.343,57.375,38,306,1020,,8868,2243,3605,2985,15.3,1728
1707.3,2026-08-01T16:43:17.090988+00:00,58.25,57.875,58.25,57.25,36,306,1020,,8828,2203,3605,2985,14.8,1728
1708.3,2026-08-01T16:43:18.096417+00:00,58.25,58.343,58.25,57.468,38,306,1020,,8988,2323,3645,2985,15.2,1728
1709.3,2026-08-01T16:43:19.101868+00:00,58.406,58.187,58.406,57.468,35,306,1020,,9109,2360,3645,2985,15.5,1728
1710.3,2026-08-01T16:43:20.107253+00:00,58.406,58.281,58.406,57.375,36,306,1020,,9149,2400,3685,2985,15.2,1728
1711.3,2026-08-01T16:43:21.112727+00:00,58.406,58.406,58.406,57.375,38,306,1020,,9189,2440,3685,2985,15.3,1728
1712.3,2026-08-01T16:43:22.118120+00:00,58.343,58.718,58.718,57.406,36,306,1020,,9214,2480,3685,2985,15.2,1728
1713.3,2026-08-01T16:43:23.123512+00:00,58.437,58.437,58.437,57.406,37,306,1020,,9254,2480,3685,2985,15.2,1728
1714.3,2026-08-01T16:43:24.128935+00:00,58.375,58.031,58.375,57.468,37,306,1020,,9269,2440,3725,2985,14.8,1728
1715.4,2026-08-01T16:43:25.134428+00:00,58.343,58.218,58.343,57.437,36,306,1020,,9455,2600,3725,2985,15.0,1728
1716.4,2026-08-01T16:43:26.139946+00:00,58.406,58.468,58.468,57.375,38,306,1020,,9535,2640,3766,2985,15.7,1728
1717.4,2026-08-01T16:43:27.147056+00:00,58.375,58.375,58.625,57.5,27,306,1020,,9895,2880,3800,2986,18.8,1728
1718.4,2026-08-01T16:43:28.151074+00:00,58.343,58.375,58.375,57.468,26,408,1020,,9735,2760,3806,2986,14.8,1728
1719.4,2026-08-01T16:43:29.156714+00:00,58.437,58.25,58.437,57.5,28,408,1020,,9855,2880,3800,2986,15.2,1728
1720.4,2026-08-01T16:43:30.162096+00:00,58.406,58.312,58.406,57.5,29,408,1020,,9975,2920,3840,2986,15.3,1728
1721.4,2026-08-01T16:43:31.167781+00:00,58.468,58.468,58.656,57.406,26,408,1020,,10016,3000,3840,2986,15.3,1728
1722.4,2026-08-01T16:43:32.173183+00:00,58.687,58.218,58.687,57.375,29,408,1020,,10136,2995,3880,2986,15.0,1728
1723.4,2026-08-01T16:43:33.178579+00:00,58.75,58.468,58.75,57.5,28,408,1020,,10336,3115,3920,2986,15.5,1728
1724.4,2026-08-01T16:43:34.184234+00:00,58.718,58.406,58.718,57.468,27,408,1020,,10360,3194,3920,2986,15.5,1728
1725.4,2026-08-01T16:43:35.189619+00:00,58.937,58.25,58.937,57.468,28,408,1020,,10560,3234,3960,2986,15.0,1728
1726.4,2026-08-01T16:43:36.195142+00:00,58.968,58.5,58.968,57.5,21,408,1020,,10760,3394,4000,2986,15.5,1728
1727.4,2026-08-01T16:43:37.200539+00:00,58.5,58.437,58.5,57.437,23,510,1020,,11080,3468,4033,2986,15.5,1728
1728.4,2026-08-01T16:43:38.205968+00:00,58.625,58.531,58.625,57.531,23,510,1020,,11000,3548,4073,2986,15.5,1728
1729.4,2026-08-01T16:43:39.211571+00:00,58.656,58.375,58.656,57.562,21,510,1020,,11160,3588,4073,2986,15.7,1728
1730.4,2026-08-01T16:43:40.217561+00:00,58.937,58.25,58.937,57.531,35,510,1020,,10760,3274,4080,2986,15.0,1728
1731.4,2026-08-01T16:43:41.224228+00:00,59.187,58.312,59.187,57.281,32,612,1020,,11280,3668,4153,2986,15.2,1651
1732.4,2026-08-01T16:43:42.230557+00:00,59.437,58.562,59.437,57.406,42,1020,1020,,11320,3747,4153,2986,15.5,1728
1733.5,2026-08-01T16:43:43.236415+00:00,59.75,57.843,59.75,57.437,99,1020,1020,,11320,3747,4153,2986,15.3,1113
1734.5,2026-08-01T16:43:44.241938+00:00,59.156,58.062,59.156,57.5,88,714,1020,,10216,2995,3960,2986,15.5,1728
1735.5,2026-08-01T16:43:45.248147+00:00,58.968,57.718,58.968,57.375,99,714,1020,,10056,2795,3880,2986,15.5,1728
1736.5,2026-08-01T16:43:46.253535+00:00,58.812,57.812,58.812,57.375,99,714,1020,,9655,2560,3766,2986,16.0,1728
1737.5,2026-08-01T16:43:47.259040+00:00,58.5,58.625,58.625,57.5,35,306,1020,,9189,2360,3645,2986,15.5,1728
1738.5,2026-08-01T16:43:48.264418+00:00,58.25,58.375,58.25,57.5,38,306,1020,,9028,2280,3605,2986,15.0,1728
1739.5,2026-08-01T16:43:49.269891+00:00,58.5,58.25,58.5,57.562,36,306,1020,,8988,2280,3605,2986,15.3,1728
1740.5,2026-08-01T16:43:50.275385+00:00,58.531,58.343,58.531,57.531,35,306,1020,,9028,2320,3645,2986,15.3,1728
1741.5,2026-08-01T16:43:51.280945+00:00,58.531,58.437,58.531,57.437,38,306,1020,,9068,2360,3645,2986,15.3,1728
1742.5,2026-08-01T16:43:52.286434+00:00,58.531,58.562,58.562,57.5,37,306,1020,,9109,2400,3645,2986,15.5,1728
1743.5,2026-08-01T16:43:53.291885+00:00,58.531,58.5,58.531,57.593,34,306,1020,,9109,2400,3645,2986,15.5,1728
1744.5,2026-08-01T16:43:54.297261+00:00,58.625,58.312,58.625,57.531,37,306,1020,,9149,2400,3645,2986,15.7,1728
1745.5,2026-08-01T16:43:55.302919+00:00,58.593,57.781,58.593,57.656,36,306,1020,,9174,2400,3685,2986,14.8,1728
1746.5,2026-08-01T16:43:56.308360+00:00,58.656,57.843,58.656,57.468,38,306,1020,,9229,2440,3685,2986,15.3,1728
1747.5,2026-08-01T16:43:57.313998+00:00,58.375,58,58.375,57.5,37,306,1020,,9294,2480,3685,2986,15.3,1728
1748.5,2026-08-01T16:43:58.319415+00:00,58.437,58.468,58.468,57.437,35,306,1020,,9455,2600,3685,2986,15.2,1728
1749.5,2026-08-01T16:43:59.324930+00:00,58.406,58.25,58.406,57.593,37,306,1020,,9495,2640,3725,2986,15.2,1728
1750.5,2026-08-01T16:44:00.330361+00:00,58.437,58.312,58.437,57.656,36,306,1020,,9575,2680,3725,2986,15.3,1728
1751.6,2026-08-01T16:44:01.335959+00:00,58.5,58.281,58.5,57.375,38,306,1020,,9615,2680,3766,2986,15.2,1728
1752.6,2026-08-01T16:44:02.341543+00:00,58.531,58.468,58.625,57.593,31,306,1020,,9655,2720,3766,2986,15.5,1728
1753.6,2026-08-01T16:44:03.347194+00:00,58.531,58.062,58.531,57.593,28,408,1020,,9695,2760,3766,2986,15.2,1728
1754.6,2026-08-01T16:44:04.352819+00:00,58.343,58.25,58.343,57.5,28,306,1020,,9695,2680,3806,2986,14.7,1728
1755.6,2026-08-01T16:44:05.358520+00:00,58.437,58.156,58.437,57.593,29,408,1020,,10016,2955,3840,2986,15.5,1728
1756.6,2026-08-01T16:44:06.364097+00:00,58.5,58.156,58.5,57.5,25,408,1020,,10216,3075,3920,2986,15.3,1728
1757.6,2026-08-01T16:44:07.369591+00:00,58.562,58.25,58.562,57.468,29,408,1020,,10440,3194,3960,2986,15.0,1728
1758.6,2026-08-01T16:44:08.375191+00:00,58.531,58.187,58.531,57.562,22,408,1020,,10720,3354,4000,2986,15.2,1728
1759.6,2026-08-01T16:44:09.381181+00:00,58.75,58.218,58.75,57.625,22,510,1020,,11000,3508,4073,2986,15.0,1728
1760.6,2026-08-01T16:44:10.387543+00:00,58.968,57.968,58.968,57.656,41,510,1020,,11240,3668,4113,2986,15.2,1728
1761.6,2026-08-01T16:44:11.393922+00:00,59.25,57.906,59.25,57.593,32,510,1020,,11160,3668,4113,2986,15.2,1728
1762.6,2026-08-01T16:44:12.399901+00:00,59.812,58.031,59.812,57.5,99,1020,1020,,11280,3708,4153,2986,15.3,1728
1763.6,2026-08-01T16:44:13.406389+00:00,59.531,57.937,59.531,57.531,99,1020,1020,,10800,3309,4033,2986,15.7,1728
1764.6,2026-08-01T16:44:14.412938+00:00,59.093,57.75,59.093,57.593,99,714,1020,,10136,2915,3920,2986,15.7,1728
1765.6,2026-08-01T16:44:15.419777+00:00,58.937,57.968,59.156,57.437,99,714,1020,,9735,2720,3846,2986,15.7,1728
1766.6,2026-08-01T16:44:16.425906+00:00,59.031,58,59.031,57.562,99,714,1020,,9294,2480,3725,2986,16.2,1728
1767.6,2026-08-01T16:44:17.432357+00:00,58.718,58.281,58.718,57.531,44,306,1020,,9028,2360,3645,2986,15.7,1728
1768.7,2026-08-01T16:44:18.438710+00:00,58.312,57.937,58.312,57.531,29,306,1020,,8908,2283,3605,2986,15.3,1728
1769.7,2026-08-01T16:44:19.444591+00:00,58.343,57.968,58.343,57.5,38,306,1020,,8948,2283,3605,2986,15.5,1728
1770.7,2026-08-01T16:44:20.450901+00:00,58.312,57.906,58.312,57.562,38,306,1020,,8948,2283,3605,2986,15.7,1728
1771.7,2026-08-01T16:44:21.457300+00:00,58.343,57.968,58.343,57.5,36,306,1020,,8988,2323,3605,2986,15.3,1728
1772.7,2026-08-01T16:44:22.463879+00:00,58.656,57.812,58.656,57.687,39,306,1020,,8988,2323,3605,2986,15.3,1728
1773.7,2026-08-01T16:44:23.469782+00:00,58.562,57.812,58.562,57.5,38,306,1020,,9028,2360,3605,2986,15.3,1728
1774.7,2026-08-01T16:44:24.476085+00:00,58.687,57.906,58.687,57.5,38,306,1020,,9068,2360,3645,2986,15.3,1728
1775.7,2026-08-01T16:44:25.482188+00:00,58.375,57.906,58.375,57.625,37,306,1020,,9109,2360,3645,2986,15.5,1728
1776.7,2026-08-01T16:44:26.488225+00:00,58.406,57.687,58.406,57.625,38,306,1020,,9109,2400,3645,2986,15.3,1728
1777.7,2026-08-01T16:44:27.494258+00:00,58.5,58,58.5,57.468,36,306,1020,,9149,2400,3645,2986,15.5,1728
1778.7,2026-08-01T16:44:28.499702+00:00,58.375,57.812,58.375,57.531,37,306,1020,,9229,2440,3645,2986,15.3,1728
1779.7,2026-08-01T16:44:29.506099+00:00,58.281,57.906,58.281,57.531,35,306,1020,,9229,2480,3645,2986,15.7,1728
1780.7,2026-08-01T16:44:30.512516+00:00,58.343,57.687,58.343,57.656,38,306,1020,,9254,2480,3685,2986,15.3,1728
1781.7,2026-08-01T16:44:31.518779+00:00,58.25,57.75,58.25,57.5,39,306,1020,,9294,2520,3685,2986,15.3,1728
1782.7,2026-08-01T16:44:32.525098+00:00,58.5,57.812,58.5,57.531,35,306,1020,,9334,2520,3685,2986,15.3,1728
1783.7,2026-08-01T16:44:33.531555+00:00,58.5,58,58.5,57.625,39,306,1020,,9415,2560,3725,2986,15.7,1728
1784.8,2026-08-01T16:44:34.537634+00:00,58.468,57.812,58.468,57.687,38,306,1020,,9455,2600,3725,2986,15.5,1728
1785.8,2026-08-01T16:44:35.543962+00:00,58.343,57.812,58.343,57.468,37,306,1020,,9535,2640,3725,2986,15.3,1728
1786.8,2026-08-01T16:44:36.550203+00:00,58.375,57.906,58.375,57.437,36,306,1020,,9575,2680,3725,2986,15.5,1728
1787.8,2026-08-01T16:44:37.556526+00:00,58.406,58.031,58.406,57.468,28,306,1020,,9655,2720,3766,2986,15.5,1728
1788.8,2026-08-01T16:44:38.562101+00:00,58.406,57.937,58.406,57.625,38,306,1020,,9495,2600,3766,2986,15.0,1728
1789.8,2026-08-01T16:44:39.567585+00:00,58.656,57.781,58.656,57.75,27,408,1020,,9855,2880,3800,2986,15.5,1728
1790.8,2026-08-01T16:44:40.573173+00:00,58.687,58,58.687,57.531,27,408,1020,,10056,2955,3840,2986,15.2,1728
1791.8,2026-08-01T16:44:41.578404+00:00,58.687,57.937,58.687,57.593,29,408,1020,,10096,3035,3880,2986,15.2,1728
1792.8,2026-08-01T16:44:42.584079+00:00,58.718,58,58.718,57.625,28,408,1020,,10216,3075,3880,2986,15.3,1728
1793.8,2026-08-01T16:44:43.589447+00:00,58.812,57.781,58.812,57.625,27,408,1020,,10360,3154,3920,2986,15.5,1728
1794.8,2026-08-01T16:44:44.594647+00:00,58.843,58,58.843,57.687,29,408,1020,,10480,3274,3960,2986,15.7,1728
1795.8,2026-08-01T16:44:45.600321+00:00,58.906,57.906,58.906,57.437,26,408,1020,,10600,3274,4000,2986,15.0,1728
1796.8,2026-08-01T16:44:46.605898+00:00,58.937,57.937,58.937,57.437,24,408,1020,,10760,3354,4000,2986,15.3,1728
1797.8,2026-08-01T16:44:47.611632+00:00,59.031,58.093,58.75,57.625,23,510,1020,,10920,3428,4073,2986,15.2,1728
1798.8,2026-08-01T16:44:48.617631+00:00,58.875,57.906,58.875,57.625,32,510,1020,,10680,3194,4080,2986,15.0,1728
1799.8,2026-08-01T16:44:49.624242+00:00,59.156,57.843,59.156,57.718,28,612,1020,,11160,3628,4153,2986,15.2,1728
1800.8,2026-08-01T16:44:50.630651+00:00,59.25,57.843,59.25,57.625,99,408,1020,,10520,3115,4040,2986,15.3,1728
1801.9,2026-08-01T16:44:51.638357+00:00,59.562,58.031,59.562,57.593,99,1020,1020,,10096,2915,3920,2986,15.7,1728
1802.9,2026-08-01T16:44:52.642691+00:00,59.187,57.656,59.187,57.562,99,714,1020,,9334,2520,3725,2986,15.7,1728
1803.9,2026-08-01T16:44:53.648230+00:00,58.375,57.718,58.375,57.625,53,306,1020,,8908,2283,3605,2986,15.7,1728
1804.9,2026-08-01T16:44:54.653878+00:00,58.25,57.875,58.25,57.562,35,306,1020,,8868,2203,3605,2986,14.5,1728
1805.9,2026-08-01T16:44:55.659460+00:00,58.375,58.062,58.375,57.281,36,306,1020,,9028,2320,3645,2986,15.3,1728
1806.9,2026-08-01T16:44:56.665112+00:00,58.5,58.218,58.5,57.531,38,306,1020,,9068,2360,3645,2986,15.2,1728
1807.9,2026-08-01T16:44:57.671137+00:00,58.5,58.062,58.5,57.625,38,306,1020,,9149,2400,3645,2986,15.5,1728
1808.9,2026-08-01T16:44:58.676397+00:00,58.5,58.031,58.5,57.656,38,306,1020,,9229,2440,3645,2986,15.3,1728
1809.9,2026-08-01T16:44:59.682095+00:00,58.531,58.062,58.531,57.531,36,306,1020,,9254,2480,3685,2986,15.3,1728
1810.9,2026-08-01T16:45:00.687882+00:00,58.5,58.093,58.5,57.5,38,306,1020,,9374,2560,3725,2986,15.2,1728
1811.9,2026-08-01T16:45:01.693703+00:00,58.375,58.125,58.375,57.562,37,306,1020,,9495,2640,3725,2986,15.3,1728
1812.9,2026-08-01T16:45:02.699340+00:00,58.343,57.812,58.343,57.718,33,306,1020,,9575,2680,3766,2986,15.3,1728
1813.9,2026-08-01T16:45:03.704714+00:00,58.375,57.781,58.375,57.687,28,408,1020,,9695,2720,3766,2986,15.3,1728
1814.9,2026-08-01T16:45:04.710173+00:00,58.5,58.406,58.5,57.5,26,408,1020,,9735,2800,3766,2986,15.3,1728
1815.9,2026-08-01T16:45:05.715650+00:00,58.468,58.437,58.468,57.5,28,408,1020,,9815,2880,3800,2986,15.3,1728
1816.9,2026-08-01T16:45:06.721136+00:00,58.5,58.531,58.531,57.5,28,408,1020,,9935,2875,3800,2986,15.3,1728
1817.9,2026-08-01T16:45:07.726562+00:00,58.406,58.093,58.406,57.593,26,408,1020,,9975,2915,3840,2986,15.2,1728
1818.9,2026-08-01T16:45:08.731996+00:00,58.5,58.125,58.5,57.562,27,408,1020,,10176,3035,3880,2986,15.3,1728
1820.0,2026-08-01T16:45:09.737423+00:00,58.812,58.062,58.812,57.531,28,408,1020,,10256,3075,3880,2986,15.3,1728
1821.0,2026-08-01T16:45:10.742900+00:00,58.781,58.125,58.781,57.562,27,408,1020,,10360,3154,3920,2986,15.3,1728
1822.0,2026-08-01T16:45:11.748429+00:00,58.875,58.343,58.875,57.437,29,408,1020,,10440,3194,3920,2986,15.2,1728
1823.0,2026-08-01T16:45:12.753882+00:00,58.968,58.156,58.968,57.593,27,408,1020,,10560,3314,3960,2986,15.3,1728
1824.0,2026-08-01T16:45:13.759216+00:00,58.968,58.031,58.968,57.625,28,408,1020,,10600,3354,4000,2986,15.3,1728
1825.0,2026-08-01T16:45:14.766259+00:00,59.062,58.156,59.062,57.75,23,408,1020,,10760,3394,4000,2986,15.5,1728
1826.0,2026-08-01T16:45:15.770211+00:00,59.031,58.218,59.031,57.531,22,510,1020,,10840,3428,4040,2986,15.5,1728
1827.0,2026-08-01T16:45:16.775583+00:00,58.656,58.406,58.656,57.437,23,510,1020,,11000,3508,4073,2986,15.5,1728
1828.0,2026-08-01T16:45:17.781180+00:00,58.718,58.25,58.875,57.531,23,510,1020,,11080,3628,4073,2986,15.7,1728
1829.0,2026-08-01T16:45:18.786625+00:00,59.093,58.062,59.093,57.656,53,510,1020,,11120,3588,4113,2986,15.0,1728
1830.0,2026-08-01T16:45:19.793400+00:00,59.125,58.093,59.125,57.656,42,612,1020,,11280,3668,4113,2986,15.0,1728
1831.0,2026-08-01T16:45:20.799569+00:00,59.406,58.062,59.406,57.375,48,612,1020,,11280,3708,4153,2986,15.5,1651
1832.0,2026-08-01T16:45:21.805610+00:00,59.406,58.156,59.406,57.468,99,1020,1020,,11280,3787,4153,2986,15.2,1728
1833.0,2026-08-01T16:45:22.812015+00:00,59.656,57.875,59.656,57.562,99,1020,1020,,10960,3474,4073,2986,15.7,1036
1834.0,2026-08-01T16:45:23.817398+00:00,59.343,58.031,59.343,57.687,88,1020,1020,,10416,3115,3960,2986,15.8,1728
1835.0,2026-08-01T16:45:24.823696+00:00,59.093,57.906,59.093,57.468,99,714,1020,,10016,2875,3880,2986,15.3,806
1836.0,2026-08-01T16:45:25.829695+00:00,59.312,57.875,59.312,57.5,99,714,1020,,9735,2760,3806,2986,15.7,1728
1837.1,2026-08-01T16:45:26.834917+00:00,58.5,58.218,58.5,57.625,22,306,1020,,8908,2243,3605,2986,15.3,1728
1838.1,2026-08-01T16:45:27.840524+00:00,58.562,57.843,58.562,57.656,38,306,1020,,8948,2283,3605,2986,15.3,1728
1839.1,2026-08-01T16:45:28.845890+00:00,58.562,58,58.562,57.531,39,306,1020,,8988,2320,3605,2986,15.5,1728
1840.1,2026-08-01T16:45:29.851445+00:00,58.593,57.812,58.593,57.531,38,306,1020,,8948,2243,3645,2986,14.8,1728
1841.1,2026-08-01T16:45:30.856862+00:00,58.593,57.875,58.593,57.593,38,306,1020,,9028,2360,3645,2986,15.7,1728
1842.1,2026-08-01T16:45:31.862239+00:00,58.593,58.093,58.593,57.5,37,306,1020,,9109,2400,3645,2986,15.0,1728
1843.1,2026-08-01T16:45:32.867480+00:00,58.687,57.843,58.687,57.562,38,306,1020,,9149,2400,3645,2986,15.5,1728
1844.1,2026-08-01T16:45:33.872833+00:00,58.656,58.156,58.656,57.625,37,306,1020,,9174,2440,3645,2986,15.2,1728
1845.1,2026-08-01T16:45:34.878281+00:00,58.406,57.687,58.406,57.468,36,306,1020,,9174,2440,3685,2986,15.3,1728
1846.1,2026-08-01T16:45:35.883830+00:00,58.406,57.875,58.406,57.468,36,306,1020,,9294,2480,3685,2986,15.2,1728
1847.1,2026-08-01T16:45:36.889640+00:00,58.406,58,58.406,57.562,38,306,1020,,9334,2520,3725,2986,15.5,1728
1848.1,2026-08-01T16:45:37.894938+00:00,58.468,57.843,58.468,57.562,39,306,1020,,9415,2560,3725,2986,15.5,1728
1849.1,2026-08-01T16:45:38.900551+00:00,58.406,58.218,58.406,57.531,38,306,1020,,9495,2640,3725,2986,15.2,1728
1850.1,2026-08-01T16:45:39.906014+00:00,58.468,57.781,58.468,57.531,29,306,1020,,9575,2680,3766,2986,15.5,1728
1851.1,2026-08-01T16:45:40.911289+00:00,58.531,57.875,58.531,57.437,29,408,1020,,9695,2720,3766,2986,15.2,1728
1852.1,2026-08-01T16:45:41.917081+00:00,58.468,58.031,58.468,57.468,26,408,1020,,9735,2800,3760,2986,15.5,1728
1853.1,2026-08-01T16:45:42.922760+00:00,58.406,57.781,58.406,57.468,28,408,1020,,9815,2840,3806,2986,15.3,1728
1854.1,2026-08-01T16:45:43.928155+00:00,58.406,58.125,58.406,57.656,27,408,1020,,9895,2880,3840,2986,15.2,1728
1855.1,2026-08-01T16:45:44.933714+00:00,58.5,57.781,58.5,57.468,26,408,1020,,10016,2960,3840,2986,15.3,1728
1856.2,2026-08-01T16:45:45.939853+00:00,58.468,57.843,58.468,57.468,28,408,1020,,10096,2995,3880,2986,15.3,1728
1857.2,2026-08-01T16:45:46.945202+00:00,58.375,58.062,58.375,57.593,27,408,1020,,10216,3035,3880,2986,15.5,1728
1858.2,2026-08-01T16:45:47.950888+00:00,58.468,57.875,58.468,57.562,26,408,1020,,10296,3115,3920,2986,15.3,1728
1859.2,2026-08-01T16:45:48.956250+00:00,58.656,58.062,58.656,57.531,29,408,1020,,10440,3154,3920,2986,15.0,1728
1860.2,2026-08-01T16:45:49.962020+00:00,58.75,57.843,58.75,57.437,22,408,1020,,10600,3314,3960,2986,15.3,1728
1861.2,2026-08-01T16:45:50.967663+00:00,58.812,57.875,58.812,57.437,23,510,1020,,10760,3394,4040,2986,15.2,1728
1862.2,2026-08-01T16:45:51.973275+00:00,58.812,58.031,58.812,57.437,23,510,1020,,10920,3468,4033,2986,15.3,1728
1863.2,2026-08-01T16:45:52.978735+00:00,58.937,57.906,58.937,57.5,21,510,1020,,11120,3548,4073,2986,15.2,1728
1864.2,2026-08-01T16:45:53.984533+00:00,59.156,58.156,59.156,57.531,44,612,1020,,11200,3628,4113,2986,15.7,1728
1865.2,2026-08-01T16:45:54.990019+00:00,59.187,57.75,58.968,57.531,48,510,1020,,11200,3708,4113,2986,15.3,1728
1866.2,2026-08-01T16:45:55.996475+00:00,59.156,57.812,59.156,57.468,34,612,1020,,11280,3668,4113,2986,15.3,1651
1867.2,2026-08-01T16:45:57.002614+00:00,58.906,57.812,58.906,57.531,99,408,1020,,10560,3115,4040,2986,15.2,1728
1868.2,2026-08-01T16:45:58.011263+00:00,59.093,57.687,59.093,57.531,90,1020,1020,,10056,2955,3920,2986,15.7,1728
1869.2,2026-08-01T16:45:59.014223+00:00,59.156,57.75,59.156,57.593,99,714,1020,,9975,2835,3840,2986,15.3,1113
1870.2,2026-08-01T16:46:00.020725+00:00,59.281,57.75,59.281,57.406,99,714,1020,,9615,2680,3766,2986,15.8,1420
1871.2,2026-08-01T16:46:01.026115+00:00,58.968,58,58.968,57.343,94,714,1020,,9189,2440,3685,2986,15.5,1728
1872.2,2026-08-01T16:46:02.031552+00:00,58.812,58.125,58.812,57.437,57,306,1020,,9028,2360,3605,2986,15.7,1728
1873.3,2026-08-01T16:46:03.037742+00:00,58.656,57.937,58.656,57.531,37,306,1020,,8948,2283,3605,2986,15.5,1728
1874.3,2026-08-01T16:46:04.043085+00:00,58.187,58,58.187,57.531,38,306,1020,,8988,2323,3605,2986,15.3,1728
1875.3,2026-08-01T16:46:05.048493+00:00,58.25,57.968,58.25,57.593,38,306,1020,,9028,2320,3605,2986,15.3,1728
1876.3,2026-08-01T16:46:06.053907+00:00,58.218,57.968,58.218,57.406,37,306,1020,,9028,2320,3605,2986,15.0,1728
1877.3,2026-08-01T16:46:07.059395+00:00,58.25,58.031,58.437,57.562,36,306,1020,,9068,2360,3645,2986,15.3,1728
1878.3,2026-08-01T16:46:08.064832+00:00,58.437,58.312,58.437,57.531,37,306,1020,,9109,2400,3645,2986,15.2,1728
1879.3,2026-08-01T16:46:09.070221+00:00,58.5,58.093,58.5,57.593,38,306,1020,,9134,2440,3645,2986,15.2,1728
1880.3,2026-08-01T16:46:10.076421+00:00,58.468,57.968,58.468,57.656,36,306,1020,,9174,2440,3645,2986,15.2,1728
1881.3,2026-08-01T16:46:11.082250+00:00,58.468,58.062,58.468,57.531,37,306,1020,,9294,2520,3685,2986,15.2,1728
1882.3,2026-08-01T16:46:12.088803+00:00,58.5,58.375,58.5,57.5,36,306,1020,,9334,2520,3685,2986,15.7,1728
1883.3,2026-08-01T16:46:13.094968+00:00,58.281,58.062,58.281,57.562,37,306,1020,,9415,2600,3725,2986,15.3,1728
1884.3,2026-08-01T16:46:14.101381+00:00,58.343,58.125,58.343,57.593,36,306,1020,,9455,2600,3725,2986,15.3,1728
1885.3,2026-08-01T16:46:15.106981+00:00,58.312,58.031,58.312,57.468,35,306,1020,,9535,2640,3725,2986,15.2,1728
1886.3,2026-08-01T16:46:16.113678+00:00,58.5,57.843,58.5,57.468,32,306,1020,,9615,2720,3725,2986,15.5,1728
1887.3,2026-08-01T16:46:17.120074+00:00,58.593,58.343,58.593,57.531,28,306,1020,,9655,2720,3766,2986,15.5,1728
1888.3,2026-08-01T16:46:18.126213+00:00,58.25,57.593,58.25,57.5,0,306,1020,,8025,1522,3491,2986,16.7,1728
1889.3,2026-08-01T16:46:19.132685+00:00,58.156,57.343,58.156,57.343,0,306,1020,,7596,1243,3410,2985,16.8,1728
1890.4,2026-08-01T16:46:20.139243+00:00,57.781,57.125,57.781,57.312,0,306,1020,,7011,1080,3280,1461,13.0,729
1891.4,2026-08-01T16:46:21.144849+00:00,57.687,56.937,57.687,57.156,0,306,1020,,5760,559,2920,1461,0.0,729
1892.4,2026-08-01T16:46:22.151394+00:00,57.562,56.562,57.562,57.156,0,306,1020,,5560,559,2840,1461,0.2,729
1893.4,2026-08-01T16:46:23.157989+00:00,57.718,56.593,57.718,57.093,0,306,1020,,5560,519,2835,1461,0.2,729
1894.4,2026-08-01T16:46:24.164261+00:00,57.656,56.593,57.656,56.843,0,306,1020,,5560,519,2840,1462,0.2,729
1895.4,2026-08-01T16:46:25.170592+00:00,57.562,56.281,57.562,56.875,0,306,1020,,5560,519,2840,1462,0.0,729
1896.4,2026-08-01T16:46:26.177116+00:00,57.25,56.468,57.25,56.781,0,306,1020,,5560,519,2835,1462,0.0,729
1897.4,2026-08-01T16:46:27.183253+00:00,57.093,56.187,57.093,56.593,0,306,1020,,5560,519,2840,1462,0.2,729
1898.4,2026-08-01T16:46:28.189428+00:00,57.093,56.031,57.093,56.593,0,306,1020,,5560,519,2840,1462,0.2,729
1899.4,2026-08-01T16:46:29.195658+00:00,56.937,56.093,56.937,56.593,0,306,1020,,5520,519,2840,1462,0.2,729
1900.4,2026-08-01T16:46:30.201981+00:00,57.312,55.906,57.312,56.5,0,306,1020,,5520,519,2800,1462,0.3,729
1901.4,2026-08-01T16:46:31.208020+00:00,56.718,55.937,56.718,56.281,0,306,1020,,5560,519,2840,1462,0.2,729
1902.4,2026-08-01T16:46:32.214711+00:00,56.656,55.875,56.656,56.281,0,306,1020,,5520,519,2800,1462,0.0,729
1903.4,2026-08-01T16:46:33.220219+00:00,56.562,55.937,56.562,56.25,0,306,1020,,5520,519,2800,1462,0.0,729
1904.4,2026-08-01T16:46:34.226327+00:00,56.625,55.75,56.625,56.25,0,306,1020,,5520,520,2800,1462,0.2,729
1905.4,2026-08-01T16:46:35.232472+00:00,56.687,56,56.687,56.187,0,306,1020,,5520,519,2800,1462,0.3,729
1906.5,2026-08-01T16:46:36.238142+00:00,56.562,55.5,56.562,56,0,306,1020,,5560,559,2840,1462,0.3,729
1907.5,2026-08-01T16:46:37.244292+00:00,56.531,55.531,56.531,55.906,0,306,1020,,5520,519,2800,1462,0.2,729
1908.5,2026-08-01T16:46:38.250390+00:00,56.218,55.656,56.218,55.937,0,306,1020,,5520,519,2800,1462,0.2,729
1909.5,2026-08-01T16:46:39.257770+00:00,56.187,55.343,56.187,55.968,0,306,1020,,5520,519,2795,1462,0.5,729
1910.5,2026-08-01T16:46:40.263078+00:00,56.125,55.281,56.125,55.687,0,306,1020,,5520,519,2800,1462,0.0,729
1911.5,2026-08-01T16:46:41.269554+00:00,56.062,55.343,56.343,55.687,0,306,1020,,5560,559,2800,1462,0.5,729
1912.5,2026-08-01T16:46:42.275538+00:00,56.156,55.218,56.156,55.718,0,306,1020,,5520,519,2795,1462,0.0,729
1913.5,2026-08-01T16:46:43.281511+00:00,56.218,55.406,56.218,55.687,0,306,1020,,5520,519,2800,1462,0.3,729
1914.5,2026-08-01T16:46:44.287692+00:00,56.187,54.968,56.187,55.656,0,306,1020,,5520,519,2800,1461,0.2,729
1915.5,2026-08-01T16:46:45.293277+00:00,56.093,55,56.093,55.437,0,306,1020,,5520,519,2800,1461,0.0,729
1916.5,2026-08-01T16:46:46.299473+00:00,55.875,55.125,55.875,55.343,0,306,1020,,5520,519,2800,1461,0.2,729
1917.5,2026-08-01T16:46:47.305578+00:00,55.75,54.843,55.75,55.468,0,306,1020,,5520,519,2800,1461,0.2,729
1918.5,2026-08-01T16:46:48.311456+00:00,55.75,55,55.75,55.343,0,306,1020,,5520,519,2800,1461,0.0,729
1919.5,2026-08-01T16:46:49.317240+00:00,55.687,54.718,55.687,55.218,0,306,1020,,5520,519,2800,1461,0.2,729
1920.5,2026-08-01T16:46:50.323490+00:00,55.875,54.656,55.875,55.156,0,306,1020,,5520,519,2800,1461,0.2,729
1921.5,2026-08-01T16:46:51.329670+00:00,55.875,54.781,55.875,55.156,0,306,1020,,5520,520,2800,1461,0.0,729
1922.6,2026-08-01T16:46:52.335615+00:00,55.843,54.625,55.843,55.062,0,306,1020,,5520,519,2800,1461,0.3,729
1923.6,2026-08-01T16:46:53.344091+00:00,55.843,54.718,55.843,55.125,0,306,1020,,5520,519,2800,1461,0.0,729
1924.6,2026-08-01T16:46:54.347196+00:00,55.75,54.625,55.75,54.937,0,306,1020,,5520,520,2800,1461,0.2,729
1925.6,2026-08-01T16:46:55.353532+00:00,55.468,54.531,55.468,55,0,306,1020,,5520,519,2800,1461,0.0,729
1926.6,2026-08-01T16:46:56.359619+00:00,55.343,54.562,55.343,54.906,0,306,1020,,5520,520,2800,1461,0.2,729
1927.6,2026-08-01T16:46:57.365745+00:00,55.312,54.281,55.312,54.937,0,306,1020,,5520,519,2800,1461,0.5,729
1928.6,2026-08-01T16:46:58.371777+00:00,55.25,54.281,55.25,54.937,0,306,1020,,5520,520,2800,1461,0.2,729
1929.6,2026-08-01T16:46:59.377372+00:00,55.031,54.406,55.031,54.75,0,306,1020,,5520,519,2800,1461,0.2,729
1930.6,2026-08-01T16:47:00.383600+00:00,55,54.375,55,54.75,0,306,1020,,5520,519,2800,1461,0.0,729
1931.6,2026-08-01T16:47:01.389637+00:00,55.031,54.25,55.031,54.718,0,306,1020,,5480,519,2800,1461,0.2,729
1932.6,2026-08-01T16:47:02.395832+00:00,55.031,54.125,55.031,54.656,0,306,1020,,5480,520,2800,1462,0.0,729
1933.6,2026-08-01T16:47:03.401918+00:00,54.906,54.062,54.906,54.593,0,306,1020,,5480,520,2800,1462,0.2,729
1934.6,2026-08-01T16:47:04.407837+00:00,55.093,54.156,55.093,54.5,0,306,1020,,5480,520,2800,1462,0.0,729
1935.6,2026-08-01T16:47:05.413227+00:00,55.093,54.312,55.093,54.531,0,306,1020,,5520,519,2800,1462,0.2,729
1936.6,2026-08-01T16:47:06.419179+00:00,55,53.937,55,54.437,0,306,1020,,5520,520,2800,1462,0.2,729
1937.6,2026-08-01T16:47:07.425299+00:00,54.968,54.125,54.968,54.437,0,306,1020,,5520,519,2800,1462,0.0,729
1938.6,2026-08-01T16:47:08.431527+00:00,54.687,53.812,54.687,54.343,0,306,1020,,5480,519,2800,1462,0.2,729
1939.7,2026-08-01T16:47:09.437595+00:00,54.718,53.843,54.718,54.375,0,306,1020,,5480,519,2800,1462,0.3,729
1940.7,2026-08-01T16:47:10.443987+00:00,54.625,54.093,54.625,54.343,0,306,1020,,5520,520,2800,1462,0.0,729
1941.7,2026-08-01T16:47:11.450015+00:00,54.656,53.687,54.656,54.281,0,306,1020,,5520,519,2800,1461,0.3,729
1942.7,2026-08-01T16:47:12.456477+00:00,54.875,53.781,54.875,54.093,0,306,1020,,5480,520,2800,1462,0.2,729
1943.7,2026-08-01T16:47:13.462937+00:00,54.843,53.875,54.843,54.156,0,306,1020,,5480,519,2800,1462,0.0,729
1944.7,2026-08-01T16:47:14.469651+00:00,54.781,53.593,54.781,54.125,0,306,1020,,5480,520,2800,1462,0.0,729
1945.7,2026-08-01T16:47:15.476198+00:00,54.625,53.812,54.625,54.156,0,306,1020,,5480,520,2800,1462,0.7,729
1946.7,2026-08-01T16:47:16.482611+00:00,54.5,53.687,54.5,54.031,0,306,1020,,5480,520,2800,1462,0.0,729
1947.7,2026-08-01T16:47:17.489338+00:00,54.656,53.5,54.656,53.968,0,306,1020,,5520,520,2800,1462,0.2,729
1948.7,2026-08-01T16:47:18.495944+00:00,54.75,53.625,54.75,54.031,0,306,1020,,5480,520,2800,1462,0.2,729
1949.7,2026-08-01T16:47:19.502370+00:00,54.687,53.343,54.687,54.093,0,306,1020,,5480,520,2800,1462,0.2,729
1950.7,2026-08-01T16:47:20.508851+00:00,54.343,53.343,54.343,53.875,0,306,1020,,5480,519,2800,1462,0.0,729
1951.7,2026-08-01T16:47:21.515360+00:00,54.343,53.5,54.343,53.843,0,306,1020,,5480,519,2800,1462,0.2,729
1952.7,2026-08-01T16:47:22.521500+00:00,54.312,53.531,54.312,53.906,0,306,1020,,5480,520,2800,1462,0.2,729
1953.7,2026-08-01T16:47:23.528071+00:00,54.625,53.281,54.625,53.875,0,306,1020,,5480,520,2800,1462,0.2,729
1954.8,2026-08-01T16:47:24.534359+00:00,54.093,53.312,54.093,53.75,0,306,1020,,5480,520,2800,1462,0.3,729
1955.8,2026-08-01T16:47:25.540531+00:00,54.125,53.406,54.125,53.687,0,306,1020,,5480,520,2800,1462,0.2,729
1956.8,2026-08-01T16:47:26.546759+00:00,54.062,53.312,54.187,53.656,0,306,1020,,5480,519,2800,1461,0.3,729
1957.8,2026-08-01T16:47:27.552825+00:00,54.281,53.343,54.281,53.687,0,306,1020,,5480,520,2800,1461,0.2,729
1958.8,2026-08-01T16:47:28.559046+00:00,54.25,53,54.25,53.593,0,306,1020,,5480,519,2800,1461,0.0,729
1959.8,2026-08-01T16:47:29.565633+00:00,54.062,53.156,54.062,53.562,0,306,1020,,5480,520,2800,1461,0.2,729
1960.8,2026-08-01T16:47:30.571892+00:00,54,53.25,54,53.562,0,306,1020,,5480,520,2800,1461,0.0,729
1961.8,2026-08-01T16:47:31.581107+00:00,53.937,52.968,53.937,53.625,0,306,1020,,5720,640,2840,1463,4.5,729
1962.8,2026-08-01T16:47:32.588461+00:00,54.125,52.937,54.125,53.406,0,306,1020,,5520,519,2800,1463,0.3,729
1963.8,2026-08-01T16:47:33.594447+00:00,54.031,53.062,54.031,53.437,0,306,1020,,5480,519,2800,1463,0.2,729
1964.8,2026-08-01T16:47:34.600585+00:00,53.843,53.156,53.843,53.437,0,306,1020,,5480,519,2800,1463,0.0,729
1965.8,2026-08-01T16:47:35.606900+00:00,53.812,52.906,53.812,53.406,0,306,1020,,5480,520,2800,1463,0.0,729
1966.8,2026-08-01T16:47:36.613150+00:00,53.781,52.906,53.781,53.406,0,306,1020,,5480,520,2800,1463,0.2,729
1967.8,2026-08-01T16:47:37.620194+00:00,54,53.062,54,53.375,0,306,1020,,5480,520,2800,1463,0.0,729
1968.8,2026-08-01T16:47:38.626767+00:00,54,52.75,54,53.343,0,306,1020,,5480,520,2800,1463,0.0,729
1969.8,2026-08-01T16:47:39.633391+00:00,53.687,52.781,53.687,53.437,0,306,1020,,5480,520,2800,1463,0.3,729
1970.9,2026-08-01T16:47:40.639920+00:00,53.687,52.906,53.687,53.25,0,306,1020,,5480,520,2760,1463,0.0,729
1971.9,2026-08-01T16:47:41.646487+00:00,53.625,52.718,53.625,53.25,0,306,1020,,5480,520,2760,1463,0.2,729
1972.9,2026-08-01T16:47:42.652848+00:00,53.906,52.875,53.906,53.343,0,306,1020,,5480,519,2800,1463,0.3,729
1973.9,2026-08-01T16:47:43.659624+00:00,53.812,52.625,53.812,53.125,0,306,1020,,5480,520,2760,1463,0.0,729
1974.9,2026-08-01T16:47:44.665869+00:00,53.875,52.75,53.875,53.187,0,306,1020,,5480,520,2760,1463,0.3,729
1975.9,2026-08-01T16:47:45.672199+00:00,53.562,52.812,53.562,53.093,0,306,1020,,5480,520,2760,1463,0.0,729
1976.9,2026-08-01T16:47:46.678715+00:00,53.531,52.968,53.531,53.156,0,306,1020,,5480,520,2760,1463,0.0,729
1977.9,2026-08-01T16:47:47.685071+00:00,53.5,52.593,53.5,53.031,0,306,1020,,5480,520,2800,1463,0.0,729
1978.9,2026-08-01T16:47:48.691106+00:00,53.75,52.593,53.75,53.125,0,306,1020,,5480,520,2760,1463,0.2,729
1979.9,2026-08-01T16:47:49.697073+00:00,53.812,52.781,53.812,53,0,306,1020,,5480,520,2760,1463,0.0,729
1980.9,2026-08-01T16:47:50.703550+00:00,53.781,52.5,53.781,53.125,0,306,1020,,5480,519,2760,1463,0.0,729
1981.9,2026-08-01T16:47:51.709628+00:00,53.781,52.406,53.437,53.156,0,306,1020,,5480,520,2760,1463,0.2,729
1982.9,2026-08-01T16:47:52.715795+00:00,53.437,52.468,53.437,52.937,0,306,1020,,5480,520,2800,1463,0.0,729
1983.9,2026-08-01T16:47:53.721890+00:00,53.406,52.437,53.406,52.906,0,306,1020,,5480,520,2760,1463,0.2,729
1984.9,2026-08-01T16:47:54.727951+00:00,53.375,52.75,53.375,52.812,0,306,1020,,5480,520,2760,1463,0.2,729
1986.0,2026-08-01T16:47:55.734283+00:00,53.218,52.312,53.218,52.906,0,306,1020,,5480,520,2760,1463,0.0,729
1987.0,2026-08-01T16:47:56.743372+00:00,53.156,52.531,53.156,52.812,0,306,1020,,5720,638,2840,1464,3.7,729
1988.0,2026-08-01T16:47:57.749656+00:00,53.406,52.437,53.406,52.875,0,306,1020,,5480,519,2760,1463,0.2,729
1989.0,2026-08-01T16:47:58.756286+00:00,53.312,52.25,53.312,52.843,0,306,1020,,5480,519,2760,1463,0.0,729
1990.0,2026-08-01T16:47:59.762947+00:00,53.156,52.281,53.156,52.718,0,306,1020,,5480,520,2760,1463,0.3,729
1991.0,2026-08-01T16:48:00.769477+00:00,53.093,52.312,53.093,52.812,0,306,1020,,5480,520,2760,1463,0.3,729
1992.0,2026-08-01T16:48:01.775979+00:00,53.093,52.468,53.093,52.781,0,306,1020,,5480,519,2760,1463,0.0,729
1993.0,2026-08-01T16:48:02.782217+00:00,53.187,52.25,53.187,52.812,0,306,1020,,5480,520,2760,1463,0.2,729
1994.0,2026-08-01T16:48:03.788368+00:00,53.187,52.125,53.187,52.625,0,306,1020,,5480,519,2760,1463,0.2,729
1995.0,2026-08-01T16:48:04.794926+00:00,53.25,52.281,53.25,52.656,0,306,1020,,5480,519,2760,1463,0.0,729
1996.0,2026-08-01T16:48:05.801075+00:00,53.031,52.125,53.031,52.687,0,306,1020,,5480,519,2760,1463,0.2,729
1997.0,2026-08-01T16:48:06.809222+00:00,53.031,52.312,53.031,52.687,0,306,1020,,5520,560,2800,1463,0.7,729
1998.0,2026-08-01T16:48:07.814674+00:00,52.875,52,52.875,52.562,0,306,1020,,5480,520,2760,1463,0.0,729
1999.0,2026-08-01T16:48:08.821013+00:00,53.218,52.062,53.218,52.531,0,306,1020,,5480,520,2760,1463,0.5,729
2000.0,2026-08-01T16:48:09.826796+00:00,53.125,52.156,53.125,52.468,0,306,1020,,5480,520,2760,1463,0.3,729
2001.0,2026-08-01T16:48:10.833292+00:00,53.062,51.968,53.062,52.468,0,306,1020,,5440,520,2760,1463,0.0,729
2002.1,2026-08-01T16:48:11.839891+00:00,52.843,51.968,52.843,52.562,0,306,1020,,5440,519,2760,1463,0.3,729
2003.1,2026-08-01T16:48:12.846319+00:00,52.843,52.125,52.843,52.437,0,306,1020,,5440,519,2760,1463,0.7,729
2004.1,2026-08-01T16:48:13.852518+00:00,52.906,52.25,52.906,52.437,0,306,1020,,5440,520,2760,1463,0.0,729
2005.1,2026-08-01T16:48:14.858660+00:00,53,52,53,52.437,0,306,1020,,5480,520,2760,1463,0.2,729
2006.1,2026-08-01T16:48:15.864935+00:00,53.125,51.937,53.125,52.468,0,306,1020,,5480,519,2760,1463,0.2,729
2007.1,2026-08-01T16:48:16.872660+00:00,53.156,51.875,53.156,52.375,0,306,1020,,5520,519,2800,1463,0.5,729
2008.1,2026-08-01T16:48:17.878815+00:00,52.718,51.968,52.718,52.406,0,306,1020,,5480,519,2760,1463,0.7,729
2009.1,2026-08-01T16:48:18.885129+00:00,52.781,52.125,52.781,52.5,0,306,1020,,5480,520,2760,1463,0.2,729
2010.1,2026-08-01T16:48:19.891550+00:00,52.781,51.687,52.781,52.468,0,306,1020,,5440,519,2760,1463,0.0,729
2011.1,2026-08-01T16:48:20.897661+00:00,53.093,51.812,53.093,52.312,0,306,1020,,5480,520,2760,1463,0.2,729
2012.1,2026-08-01T16:48:21.904013+00:00,53.062,51.937,53.062,52.343,0,306,1020,,5440,520,2760,1463,0.2,729
2013.1,2026-08-01T16:48:22.910082+00:00,53.031,51.718,53.031,52.343,0,306,1020,,5480,520,2760,1463,0.2,729
2014.1,2026-08-01T16:48:23.916303+00:00,52.75,51.812,52.75,52.437,0,306,1020,,5480,520,2760,1463,0.2,729
2015.1,2026-08-01T16:48:24.922629+00:00,52.718,51.843,52.718,52.156,0,306,1020,,5440,520,2760,1463,0.2,729
2016.1,2026-08-01T16:48:25.928657+00:00,52.718,51.625,52.718,52.25,0,306,1020,,5440,520,2760,1463,0.0,729
2017.2,2026-08-01T16:48:26.936281+00:00,52.687,51.875,52.562,52.218,0,306,1020,,5480,520,2760,1463,0.7,729
2018.2,2026-08-01T16:48:27.941835+00:00,52.593,51.562,52.593,52.281,0,306,1020,,5440,520,2760,1463,0.0,729
2019.2,2026-08-01T16:48:28.947753+00:00,52.468,51.656,52.468,52.125,0,306,1020,,5440,520,2760,1463,0.0,729
2020.2,2026-08-01T16:48:29.954188+00:00,52.531,51.718,52.531,52.062,0,306,1020,,5440,520,2760,1463,0.5,729
2021.2,2026-08-01T16:48:30.959971+00:00,52.687,51.906,52.687,52.062,0,306,1020,,5480,520,2800,1463,0.2,729
2022.2,2026-08-01T16:48:31.966257+00:00,52.625,51.625,52.625,52.125,0,306,1020,,5480,520,2800,1463,0.0,729
2023.2,2026-08-01T16:48:32.972199+00:00,52.687,51.687,52.687,52.218,0,306,1020,,5480,520,2800,1463,0.3,729
2024.2,2026-08-01T16:48:33.978057+00:00,52.718,51.468,52.718,52,0,306,1020,,5480,520,2800,1463,0.2,729
2025.2,2026-08-01T16:48:34.983970+00:00,52.625,51.625,52.375,52,0,306,1020,,5480,520,2800,1463,0.2,729
2026.2,2026-08-01T16:48:35.989805+00:00,52.437,51.875,52.437,52.218,0,306,1020,,5480,520,2800,1463,0.5,729
2027.2,2026-08-01T16:48:36.997192+00:00,52.437,51.5,52.437,52.093,0,306,1020,,5520,520,2800,1463,0.7,729
2028.2,2026-08-01T16:48:38.003173+00:00,52.375,51.531,52.375,51.937,0,306,1020,,5480,520,2800,1463,0.5,729
2029.2,2026-08-01T16:48:39.009629+00:00,52.656,51.718,52.656,51.937,0,306,1020,,5480,520,2800,1463,0.0,729
2030.2,2026-08-01T16:48:40.016605+00:00,52.656,51.437,52.656,52.031,0,306,1020,,5480,520,2800,1464,0.7,729
2031.2,2026-08-01T16:48:41.022038+00:00,52.656,51.5,52.656,51.937,0,306,1020,,5480,520,2800,1464,0.2,729
2032.2,2026-08-01T16:48:42.031727+00:00,52.312,51.562,52.312,51.937,0,306,1020,,5480,520,2800,1464,0.0,729
2033.2,2026-08-01T16:48:43.034381+00:00,52.281,51.437,52.281,51.937,0,306,1020,,5480,520,2800,1464,0.0,729
2034.3,2026-08-01T16:48:44.040366+00:00,52.312,51.625,52.312,51.937,0,306,1020,,5480,520,2800,1464,0.2,729
2035.3,2026-08-01T16:48:45.046618+00:00,52.375,51.343,52.375,52.031,0,306,1020,,5480,520,2800,1464,0.2,729
2036.3,2026-08-01T16:48:46.052738+00:00,52.593,51.406,52.593,51.843,0,306,1020,,5480,520,2800,1464,0.5,729
2037.3,2026-08-01T16:48:47.059777+00:00,52.593,51.468,52.593,51.781,0,306,1020,,5520,520,2800,1464,0.5,729
2038.3,2026-08-01T16:48:48.065867+00:00,52.625,51.312,52.625,51.781,0,306,1020,,5480,520,2800,1464,0.3,729
2039.3,2026-08-01T16:48:49.070778+00:00,52.343,51.5,52.343,51.843,0,306,1020,,5480,520,2800,1464,0.3,729
2040.3,2026-08-01T16:48:50.077216+00:00,52.312,51.25,52.312,51.718,0,306,1020,,5480,520,2800,1464,0.0,729
2041.3,2026-08-01T16:48:51.083484+00:00,52.25,51.375,52.25,51.843,0,306,1020,,5480,520,2800,1464,0.2,729
2042.3,2026-08-01T16:48:52.089445+00:00,52.25,51.437,52.25,51.843,0,306,1020,,5480,520,2800,1464,0.0,729
2043.3,2026-08-01T16:48:53.095140+00:00,52.312,51.25,52.312,51.843,0,306,1020,,5480,520,2800,1464,0.0,729
2044.3,2026-08-01T16:48:54.100778+00:00,52.093,51.218,52.093,51.812,0,306,1020,,5480,520,2800,1464,0.3,729
2045.3,2026-08-01T16:48:55.106692+00:00,52.156,51.25,52.156,51.656,0,306,1020,,5480,520,2800,1464,0.0,729
2046.3,2026-08-01T16:48:56.112736+00:00,52.125,51.5,52.125,51.718,0,306,1020,,5480,520,2800,1464,0.0,729
2047.3,2026-08-01T16:48:57.120523+00:00,52.062,51.343,52.062,51.75,0,306,1020,,5520,520,2800,1464,0.8,729
2048.3,2026-08-01T16:48:58.126203+00:00,52.25,51.156,52.25,51.781,0,306,1020,,5480,520,2800,1464,0.2,729
2049.3,2026-08-01T16:48:59.132819+00:00,52.218,51.187,52.218,51.562,0,306,1020,,5480,520,2800,1464,0.0,729
2050.4,2026-08-01T16:49:00.138783+00:00,52.062,51.218,52.062,51.562,0,306,1020,,5480,520,2800,1464,0.2,729
2051.4,2026-08-01T16:49:01.144639+00:00,52.031,51.406,52.031,51.718,0,306,1020,,5480,520,2800,1464,0.0,729
2052.4,2026-08-01T16:49:02.150440+00:00,52.062,51.156,52.062,51.781,0,306,1020,,5480,520,2800,1464,0.2,729
2053.4,2026-08-01T16:49:03.156517+00:00,51.968,51.156,51.968,51.5,0,306,1020,,5480,520,2800,1464,0.3,729
2054.4,2026-08-01T16:49:04.162324+00:00,52.062,51.218,52.062,51.531,0,306,1020,,5480,520,2800,1464,0.3,729
2055.4,2026-08-01T16:49:05.168352+00:00,52.25,51.156,52.25,51.562,0,306,1020,,5480,520,2800,1464,0.2,729
2056.4,2026-08-01T16:49:06.174812+00:00,52.187,51.281,52.187,51.531,0,306,1020,,5480,520,2800,1464,0.3,729
2057.4,2026-08-01T16:49:07.181950+00:00,52.281,51.062,52.281,51.75,0,306,1020,,5520,520,2800,1463,0.7,729
2058.4,2026-08-01T16:49:08.188085+00:00,51.937,51.125,51.937,51.5,0,306,1020,,5480,520,2800,1463,0.2,729
2059.4,2026-08-01T16:49:09.194172+00:00,52,51.187,52,51.531,0,306,1020,,5480,520,2800,1463,0.2,729
2060.4,2026-08-01T16:49:10.200618+00:00,52.031,51.031,52.031,51.562,0,306,1020,,5480,520,2800,1463,0.2,729
2061.4,2026-08-01T16:49:11.207348+00:00,52.281,51.062,52.281,51.625,0,306,1020,,5480,520,2800,1463,0.2,729
2062.4,2026-08-01T16:49:12.213946+00:00,52.218,51.062,52.218,51.5,0,306,1020,,5480,520,2800,1463,0.0,729
2063.4,2026-08-01T16:49:13.219925+00:00,52.187,51.156,52.187,51.468,0,306,1020,,5480,520,2800,1463,0.0,729
2064.4,2026-08-01T16:49:14.226386+00:00,52.031,51.062,52.031,51.437,0,306,1020,,5480,520,2800,1463,0.3,729
2065.4,2026-08-01T16:49:15.232922+00:00,51.968,51.031,51.968,51.625,0,306,1020,,5480,520,2800,1463,0.2,729
2066.5,2026-08-01T16:49:16.239120+00:00,51.937,50.906,51.937,51.406,0,306,1020,,5480,520,2800,1463,0.2,729
2067.5,2026-08-01T16:49:17.247127+00:00,52.187,51.031,52.187,51.437,0,306,1020,,5520,520,2800,1463,0.7,729
2068.5,2026-08-01T16:49:18.253472+00:00,52.25,51.281,52.25,51.531,0,306,1020,,5480,520,2800,1463,0.2,729
2069.5,2026-08-01T16:49:19.259367+00:00,51.937,50.937,51.937,51.5,0,306,1020,,5480,520,2800,1463,0.2,729
2070.5,2026-08-01T16:49:20.265296+00:00,52,50.906,52,51.406,0,306,1020,,5480,520,2800,1463,0.5,729
2071.5,2026-08-01T16:49:21.272032+00:00,51.875,51.062,51.875,51.437,0,306,1020,,5480,520,2800,1464,0.2,729
2072.5,2026-08-01T16:49:22.278018+00:00,51.75,50.875,51.75,51.437,0,306,1020,,5480,520,2800,1464,0.3,729
2073.5,2026-08-01T16:49:23.284113+00:00,51.718,50.906,51.718,51.468,0,306,1020,,5480,520,2800,1464,0.0,729
2074.5,2026-08-01T16:49:24.289694+00:00,51.75,50.937,51.75,51.25,0,306,1020,,5480,520,2800,1464,0.3,729
2075.5,2026-08-01T16:49:25.295686+00:00,51.656,50.875,51.656,51.343,0,306,1020,,5480,520,2800,1464,0.0,729
2076.5,2026-08-01T16:49:26.302294+00:00,51.687,50.968,51.812,51.375,0,306,1020,,5480,520,2800,1464,0.3,729
2077.5,2026-08-01T16:49:27.310038+00:00,51.906,50.75,51.906,51.406,0,306,1020,,5480,520,2800,1464,0.7,729
2078.5,2026-08-01T16:49:28.316237+00:00,51.687,50.718,51.687,51.25,0,306,1020,,5440,520,2800,1464,0.0,729
2079.5,2026-08-01T16:49:29.322415+00:00,51.781,50.906,51.781,51.281,0,306,1020,,5480,520,2800,1464,0.0,729
2080.5,2026-08-01T16:49:30.328904+00:00,51.687,51.125,51.687,51.406,0,306,1020,,5480,520,2800,1464,0.0,729
2081.6,2026-08-01T16:49:31.335340+00:00,51.906,50.781,51.906,51.437,0,306,1020,,5480,520,2800,1464,0.0,729
2082.6,2026-08-01T16:49:32.341518+00:00,51.875,50.906,51.875,51.25,0,306,1020,,5480,520,2800,1464,0.2,1728
2083.6,2026-08-01T16:49:33.347659+00:00,51.906,50.968,51.906,51.218,0,306,1020,,5480,520,2800,1464,0.2,729
2084.6,2026-08-01T16:49:34.353701+00:00,51.875,50.75,51.875,51.281,0,306,1020,,5440,520,2800,1464,0.2,729
2085.6,2026-08-01T16:49:35.360537+00:00,51.687,50.843,51.687,51.312,0,306,1020,,5480,520,2800,1464,0.3,729
2086.6,2026-08-01T16:49:36.366759+00:00,51.687,50.843,51.687,51.218,0,306,1020,,5440,520,2800,1464,0.2,729
2087.6,2026-08-01T16:49:37.374425+00:00,51.875,50.781,51.875,51.125,0,306,1020,,5480,520,2800,1464,0.7,729
2088.6,2026-08-01T16:49:38.380412+00:00,51.906,50.906,51.906,51.218,0,306,1020,,5480,520,2800,1464,0.2,729
2089.6,2026-08-01T16:49:39.386292+00:00,51.968,50.593,51.968,51.343,0,306,1020,,5480,520,2800,1464,0.3,729
2090.6,2026-08-01T16:49:40.392328+00:00,51.843,50.687,51.843,51.25,0,306,1020,,5480,520,2800,1464,0.0,729
2091.6,2026-08-01T16:49:41.398678+00:00,51.562,50.843,51.562,51.25,0,306,1020,,5480,520,2800,1464,0.2,729
2092.6,2026-08-01T16:49:42.405017+00:00,51.687,51.062,51.687,51.187,0,306,1020,,5480,520,2800,1464,0.2,729
2093.6,2026-08-01T16:49:43.411540+00:00,51.687,50.781,51.687,51.187,0,306,1020,,5480,520,2800,1464,0.3,729
2094.6,2026-08-01T16:49:44.417762+00:00,51.906,50.812,51.906,51.125,0,306,1020,,5480,520,2800,1464,0.0,729
2095.6,2026-08-01T16:49:45.424178+00:00,51.937,50.937,51.937,51.218,0,306,1020,,5480,520,2800,1464,0.5,729
2096.6,2026-08-01T16:49:46.430820+00:00,52,50.718,51.718,51.25,0,306,1020,,5480,520,2800,1464,0.0,729
2097.7,2026-08-01T16:49:47.438384+00:00,51.687,50.687,51.687,51.25,0,306,1020,,5480,520,2800,1464,0.7,729
2098.7,2026-08-01T16:49:48.444064+00:00,51.656,50.687,51.656,51.031,0,306,1020,,5480,520,2800,1464,0.2,729
2099.7,2026-08-01T16:49:49.450516+00:00,51.968,50.687,51.968,51.125,0,306,1020,,5440,520,2800,1464,0.2,729
