elapsed_s,timestamp,bus,motor,position,temp_c,current,load,target,baseline
0.0,2026-08-04T20:28:35.743615+00:00,arms,left_shoulder_pan,1857,36,0,0,1857,1857
0.0,2026-08-04T20:28:35.743615+00:00,arms,left_shoulder_lift,2403,33,3,68,2389,2403
0.0,2026-08-04T20:28:35.743615+00:00,arms,left_elbow_flex,1644,34,3,72,1629,1644
0.0,2026-08-04T20:28:35.743615+00:00,arms,left_wrist_flex,2172,34,0,24,2169,2172
0.0,2026-08-04T20:28:35.743615+00:00,arms,left_wrist_roll,1987,33,0,1044,1989,1987
0.0,2026-08-04T20:28:35.743615+00:00,arms,left_gripper,2013,37,0,0,2014,2013
0.0,2026-08-04T20:28:35.743615+00:00,arms,right_shoulder_pan,1965,36,1,1056,1974,1965
0.0,2026-08-04T20:28:35.743615+00:00,arms,right_shoulder_lift,2157,35,37,230,2049,2157
0.0,2026-08-04T20:28:35.743615+00:00,arms,right_elbow_flex,2166,36,19,152,2097,2166
0.0,2026-08-04T20:28:35.743615+00:00,arms,right_wrist_flex,1994,36,1,50,1976,1994
0.0,2026-08-04T20:28:35.743615+00:00,arms,right_wrist_roll,2109,35,1,1048,2114,2109
0.0,2026-08-04T20:28:35.743615+00:00,arms,right_gripper,2079,38,0,0,2079,2079
0.0,2026-08-04T20:28:35.743615+00:00,head,head_motor_1,2158,25,0,0,,
0.0,2026-08-04T20:28:35.743615+00:00,head,head_motor_2,1943,27,0,0,,
0.0,2026-08-04T20:28:35.743615+00:00,head,base_left_wheel,3461,27,0,0,,
0.0,2026-08-04T20:28:35.743615+00:00,head,base_back_wheel,3496,27,0,0,,
0.0,2026-08-04T20:28:35.743615+00:00,head,base_right_wheel,2173,26,0,0,,
1.0,2026-08-04T20:28:36.744683+00:00,arms,left_shoulder_pan,1857,36,0,0,1857,1857
1.0,2026-08-04T20:28:36.744683+00:00,arms,left_shoulder_lift,2403,33,3,68,2389,2403
1.0,2026-08-04T20:28:36.744683+00:00,arms,left_elbow_flex,1644,34,3,72,1629,1644
1.0,2026-08-04T20:28:36.744683+00:00,arms,left_wrist_flex,2172,34,0,24,2169,2172
1.0,2026-08-04T20:28:36.744683+00:00,arms,left_wrist_roll,1987,33,0,1044,1989,1987
1.0,2026-08-04T20:28:36.744683+00:00,arms,left_gripper,2013,37,0,0,2014,2013
1.0,2026-08-04T20:28:36.744683+00:00,arms,right_shoulder_pan,1965,36,1,1056,1974,1965
1.0,2026-08-04T20:28:36.744683+00:00,arms,right_shoulder_lift,2157,35,39,230,2049,2157
1.0,2026-08-04T20:28:36.744683+00:00,arms,right_elbow_flex,2166,36,16,152,2097,2166
1.0,2026-08-04T20:28:36.744683+00:00,arms,right_wrist_flex,1994,36,1,50,1976,1994
1.0,2026-08-04T20:28:36.744683+00:00,arms,right_wrist_roll,2109,35,1,1048,2114,2109
1.0,2026-08-04T20:28:36.744683+00:00,arms,right_gripper,2079,38,0,0,2079,2079
1.0,2026-08-04T20:28:36.744683+00:00,head,head_motor_1,2158,25,0,0,,
1.0,2026-08-04T20:28:36.744683+00:00,head,head_motor_2,1943,28,0,0,,
1.0,2026-08-04T20:28:36.744683+00:00,head,base_left_wheel,3461,27,0,0,,
1.0,2026-08-04T20:28:36.744683+00:00,head,base_back_wheel,3496,27,0,0,,
1.0,2026-08-04T20:28:36.744683+00:00,head,base_right_wheel,2173,26,0,0,,
2.0,2026-08-04T20:28:37.745888+00:00,arms,left_shoulder_pan,1857,36,0,0,1857,1857
2.0,2026-08-04T20:28:37.745888+00:00,arms,left_shoulder_lift,2403,33,4,68,2389,2403
2.0,2026-08-04T20:28:37.745888+00:00,arms,left_elbow_flex,1644,33,3,72,1629,1644
2.0,2026-08-04T20:28:37.745888+00:00,arms,left_wrist_flex,2172,34,0,24,2169,2172
2.0,2026-08-04T20:28:37.745888+00:00,arms,left_wrist_roll,1987,33,0,1044,1989,1987
2.0,2026-08-04T20:28:37.745888+00:00,arms,left_gripper,2013,37,0,0,2014,2013
2.0,2026-08-04T20:28:37.745888+00:00,arms,right_shoulder_pan,1967,37,0,1052,1974,1965
2.0,2026-08-04T20:28:37.745888+00:00,arms,right_shoulder_lift,2157,35,40,230,2049,2157
2.0,2026-08-04T20:28:37.745888+00:00,arms,right_elbow_flex,2166,36,14,152,2097,2166
2.0,2026-08-04T20:28:37.745888+00:00,arms,right_wrist_flex,1994,36,1,50,1976,1994
2.0,2026-08-04T20:28:37.745888+00:00,arms,right_wrist_roll,2109,35,1,1048,2114,2109
2.0,2026-08-04T20:28:37.745888+00:00,arms,right_gripper,2079,38,0,0,2079,2079
2.0,2026-08-04T20:28:37.745888+00:00,head,head_motor_1,2158,25,0,0,,
2.0,2026-08-04T20:28:37.745888+00:00,head,head_motor_2,1943,27,0,0,,
2.0,2026-08-04T20:28:37.745888+00:00,head,base_left_wheel,3461,27,0,0,,
2.0,2026-08-04T20:28:37.745888+00:00,head,base_back_wheel,3496,27,0,0,,
2.0,2026-08-04T20:28:37.745888+00:00,head,base_right_wheel,2173,26,0,0,,
3.0,2026-08-04T20:28:38.747348+00:00,arms,left_shoulder_pan,1857,36,0,0,1857,1857
3.0,2026-08-04T20:28:38.747348+00:00,arms,left_shoulder_lift,2403,33,4,68,2389,2403
3.0,2026-08-04T20:28:38.747348+00:00,arms,left_elbow_flex,1644,34,3,72,1629,1644
3.0,2026-08-04T20:28:38.747348+00:00,arms,left_wrist_flex,2172,34,0,24,2169,2172
3.0,2026-08-04T20:28:38.747348+00:00,arms,left_wrist_roll,1987,33,0,1044,1989,1987
3.0,2026-08-04T20:28:38.747348+00:00,arms,left_gripper,2013,37,0,0,2014,2013
3.0,2026-08-04T20:28:38.747348+00:00,arms,right_shoulder_pan,1965,36,1,1054,1974,1965
3.0,2026-08-04T20:28:38.747348+00:00,arms,right_shoulder_lift,2157,35,34,230,2049,2157
3.0,2026-08-04T20:28:38.747348+00:00,arms,right_elbow_flex,2166,36,18,152,2097,2166
3.0,2026-08-04T20:28:38.747348+00:00,arms,right_wrist_flex,1994,36,2,50,1976,1994
3.0,2026-08-04T20:28:38.747348+00:00,arms,right_wrist_roll,2109,35,0,1048,2114,2109
3.0,2026-08-04T20:28:38.747348+00:00,arms,right_gripper,2079,38,0,0,2079,2079
3.0,2026-08-04T20:28:38.747348+00:00,head,head_motor_1,2158,25,0,0,,
3.0,2026-08-04T20:28:38.747348+00:00,head,head_motor_2,1943,27,0,0,,
3.0,2026-08-04T20:28:38.747348+00:00,head,base_left_wheel,3461,27,0,0,,
3.0,2026-08-04T20:28:38.747348+00:00,head,base_back_wheel,3496,27,0,0,,
3.0,2026-08-04T20:28:38.747348+00:00,head,base_right_wheel,2173,26,0,0,,
4.0,2026-08-04T20:28:39.748430+00:00,arms,left_shoulder_pan,1857,36,0,0,1857,1857
4.0,2026-08-04T20:28:39.748430+00:00,arms,left_shoulder_lift,2403,33,3,68,2389,2403
4.0,2026-08-04T20:28:39.748430+00:00,arms,left_elbow_flex,1644,34,3,72,1629,1644
4.0,2026-08-04T20:28:39.748430+00:00,arms,left_wrist_flex,2172,34,0,24,2169,2172
4.0,2026-08-04T20:28:39.748430+00:00,arms,left_wrist_roll,1987,33,0,1044,1989,1987
4.0,2026-08-04T20:28:39.748430+00:00,arms,left_gripper,2013,37,0,0,2014,2013
4.0,2026-08-04T20:28:39.748430+00:00,arms,right_shoulder_pan,1965,36,1,1056,1974,1965
4.0,2026-08-04T20:28:39.748430+00:00,arms,right_shoulder_lift,2158,35,38,232,2049,2157
4.0,2026-08-04T20:28:39.748430+00:00,arms,right_elbow_flex,2166,36,19,152,2097,2166
4.0,2026-08-04T20:28:39.748430+00:00,arms,right_wrist_flex,1994,36,1,50,1976,1994
4.0,2026-08-04T20:28:39.748430+00:00,arms,right_wrist_roll,2109,35,0,1048,2114,2109
4.0,2026-08-04T20:28:39.748430+00:00,arms,right_gripper,2079,38,0,0,2079,2079
4.0,2026-08-04T20:28:39.748430+00:00,head,head_motor_1,2158,25,0,0,,
4.0,2026-08-04T20:28:39.748430+00:00,head,head_motor_2,1943,27,0,0,,
4.0,2026-08-04T20:28:39.748430+00:00,head,base_left_wheel,3461,27,0,0,,
4.0,2026-08-04T20:28:39.748430+00:00,head,base_back_wheel,3496,27,0,0,,
4.0,2026-08-04T20:28:39.748430+00:00,head,base_right_wheel,2173,26,0,0,,
5.0,2026-08-04T20:28:40.749509+00:00,arms,left_shoulder_pan,1857,36,0,0,1857,1857
5.0,2026-08-04T20:28:40.749509+00:00,arms,left_shoulder_lift,2403,33,4,68,2389,2403
5.0,2026-08-04T20:28:40.749509+00:00,arms,left_elbow_flex,1644,33,3,72,1629,1644
5.0,2026-08-04T20:28:40.749509+00:00,arms,left_wrist_flex,2172,34,0,24,2169,2172
5.0,2026-08-04T20:28:40.749509+00:00,arms,left_wrist_roll,1987,33,0,1044,1989,1987
5.0,2026-08-04T20:28:40.749509+00:00,arms,left_gripper,2013,37,0,0,2014,2013
5.0,2026-08-04T20:28:40.749509+00:00,arms,right_shoulder_pan,1965,37,1,1056,1974,1965
5.0,2026-08-04T20:28:40.749509+00:00,arms,right_shoulder_lift,2158,35,31,232,2049,2157
5.0,2026-08-04T20:28:40.749509+00:00,arms,right_elbow_flex,2167,37,16,154,2097,2166
5.0,2026-08-04T20:28:40.749509+00:00,arms,right_wrist_flex,1994,36,1,50,1976,1994
5.0,2026-08-04T20:28:40.749509+00:00,arms,right_wrist_roll,2109,35,0,1048,2114,2109
5.0,2026-08-04T20:28:40.749509+00:00,arms,right_gripper,2079,38,0,0,2079,2079
5.0,2026-08-04T20:28:40.749509+00:00,head,head_motor_1,2158,25,0,0,,
5.0,2026-08-04T20:28:40.749509+00:00,head,head_motor_2,1943,27,0,0,,
5.0,2026-08-04T20:28:40.749509+00:00,head,base_left_wheel,3461,27,0,0,,
5.0,2026-08-04T20:28:40.749509+00:00,head,base_back_wheel,3496,27,0,0,,
5.0,2026-08-04T20:28:40.749509+00:00,head,base_right_wheel,2173,26,0,0,,
6.0,2026-08-04T20:28:41.750550+00:00,arms,left_shoulder_pan,1857,36,0,0,1857,1857
6.0,2026-08-04T20:28:41.750550+00:00,arms,left_shoulder_lift,2403,33,4,68,2389,2403
6.0,2026-08-04T20:28:41.750550+00:00,arms,left_elbow_flex,1644,34,2,72,1629,1644
6.0,2026-08-04T20:28:41.750550+00:00,arms,left_wrist_flex,2172,34,0,24,2169,2172
6.0,2026-08-04T20:28:41.750550+00:00,arms,left_wrist_roll,1987,33,1,1044,1989,1987
6.0,2026-08-04T20:28:41.750550+00:00,arms,left_gripper,2013,37,0,0,2014,2013
6.0,2026-08-04T20:28:41.750550+00:00,arms,right_shoulder_pan,1966,36,0,1054,1974,1965
6.0,2026-08-04T20:28:41.750550+00:00,arms,right_shoulder_lift,2158,35,37,232,2049,2157
6.0,2026-08-04T20:28:41.750550+00:00,arms,right_elbow_flex,2167,36,15,154,2097,2166
6.0,2026-08-04T20:28:41.750550+00:00,arms,right_wrist_flex,1994,36,2,50,1976,1994
6.0,2026-08-04T20:28:41.750550+00:00,arms,right_wrist_roll,2109,35,1,1048,2114,2109
6.0,2026-08-04T20:28:41.750550+00:00,arms,right_gripper,2079,38,0,0,2079,2079
6.0,2026-08-04T20:28:41.750550+00:00,head,head_motor_1,2158,25,0,0,,
6.0,2026-08-04T20:28:41.750550+00:00,head,head_motor_2,1943,27,0,0,,
6.0,2026-08-04T20:28:41.750550+00:00,head,base_left_wheel,3461,27,0,0,,
6.0,2026-08-04T20:28:41.750550+00:00,head,base_back_wheel,3496,27,0,0,,
6.0,2026-08-04T20:28:41.750550+00:00,head,base_right_wheel,2174,26,0,0,,
7.0,2026-08-04T20:28:42.751594+00:00,arms,left_shoulder_pan,1857,36,0,0,1857,1857
7.0,2026-08-04T20:28:42.751594+00:00,arms,left_shoulder_lift,2403,33,3,68,2389,2403
7.0,2026-08-04T20:28:42.751594+00:00,arms,left_elbow_flex,1644,33,3,72,1629,1644
7.0,2026-08-04T20:28:42.751594+00:00,arms,left_wrist_flex,2172,34,0,24,2169,2172
7.0,2026-08-04T20:28:42.751594+00:00,arms,left_wrist_roll,1987,33,0,1044,1989,1987
7.0,2026-08-04T20:28:42.751594+00:00,arms,left_gripper,2013,37,0,0,2014,2013
7.0,2026-08-04T20:28:42.751594+00:00,arms,right_shoulder_pan,1966,37,1,1054,1974,1965
7.0,2026-08-04T20:28:42.751594+00:00,arms,right_shoulder_lift,2158,35,37,232,2049,2157
7.0,2026-08-04T20:28:42.751594+00:00,arms,right_elbow_flex,2167,36,16,154,2097,2166
7.0,2026-08-04T20:28:42.751594+00:00,arms,right_wrist_flex,1994,36,1,50,1976,1994
7.0,2026-08-04T20:28:42.751594+00:00,arms,right_wrist_roll,2109,35,1,1048,2114,2109
7.0,2026-08-04T20:28:42.751594+00:00,arms,right_gripper,2079,38,0,0,2079,2079
7.0,2026-08-04T20:28:42.751594+00:00,head,head_motor_1,2158,25,0,0,,
7.0,2026-08-04T20:28:42.751594+00:00,head,head_motor_2,1943,27,0,0,,
7.0,2026-08-04T20:28:42.751594+00:00,head,base_left_wheel,3461,27,0,0,,
7.0,2026-08-04T20:28:42.751594+00:00,head,base_back_wheel,3496,27,0,0,,
7.0,2026-08-04T20:28:42.751594+00:00,head,base_right_wheel,2173,26,0,0,,
8.0,2026-08-04T20:28:43.752987+00:00,arms,left_shoulder_pan,1857,36,0,0,1857,1857
8.0,2026-08-04T20:28:43.752987+00:00,arms,left_shoulder_lift,2403,33,4,68,2389,2403
8.0,2026-08-04T20:28:43.752987+00:00,arms,left_elbow_flex,1644,34,3,72,1629,1644
8.0,2026-08-04T20:28:43.752987+00:00,arms,left_wrist_flex,2172,34,0,24,2169,2172
8.0,2026-08-04T20:28:43.752987+00:00,arms,left_wrist_roll,1987,33,0,1044,1989,1987
8.0,2026-08-04T20:28:43.752987+00:00,arms,left_gripper,2013,37,0,0,2014,2013
8.0,2026-08-04T20:28:43.752987+00:00,arms,right_shoulder_pan,1965,36,0,1056,1974,1965
8.0,2026-08-04T20:28:43.752987+00:00,arms,right_shoulder_lift,2158,35,42,232,2049,2157
8.0,2026-08-04T20:28:43.752987+00:00,arms,right_elbow_flex,2167,36,17,154,2097,2166
8.0,2026-08-04T20:28:43.752987+00:00,arms,right_wrist_flex,1994,36,1,50,1976,1994
8.0,2026-08-04T20:28:43.752987+00:00,arms,right_wrist_roll,2109,35,0,1048,2114,2109
8.0,2026-08-04T20:28:43.752987+00:00,arms,right_gripper,2079,38,0,0,2079,2079
8.0,2026-08-04T20:28:43.752987+00:00,head,head_motor_1,2158,25,0,0,,
8.0,2026-08-04T20:28:43.752987+00:00,head,head_motor_2,1943,27,0,0,,
8.0,2026-08-04T20:28:43.752987+00:00,head,base_left_wheel,3461,27,0,0,,
8.0,2026-08-04T20:28:43.752987+00:00,head,base_back_wheel,3496,27,0,0,,
8.0,2026-08-04T20:28:43.752987+00:00,head,base_right_wheel,2173,26,0,0,,
9.0,2026-08-04T20:28:44.754093+00:00,arms,left_shoulder_pan,1857,36,0,0,1857,1857
9.0,2026-08-04T20:28:44.754093+00:00,arms,left_shoulder_lift,2403,33,3,68,2389,2403
9.0,2026-08-04T20:28:44.754093+00:00,arms,left_elbow_flex,1644,34,3,72,1629,1644
9.0,2026-08-04T20:28:44.754093+00:00,arms,left_wrist_flex,2172,34,0,24,2169,2172
9.0,2026-08-04T20:28:44.754093+00:00,arms,left_wrist_roll,1987,33,0,1044,1989,1987
9.0,2026-08-04T20:28:44.754093+00:00,arms,left_gripper,2013,37,0,0,2014,2013
9.0,2026-08-04T20:28:44.754093+00:00,arms,right_shoulder_pan,1965,37,0,1056,1974,1965
9.0,2026-08-04T20:28:44.754093+00:00,arms,right_shoulder_lift,2158,35,33,232,2049,2157
9.0,2026-08-04T20:28:44.754093+00:00,arms,right_elbow_flex,2167,36,20,154,2097,2166
9.0,2026-08-04T20:28:44.754093+00:00,arms,right_wrist_flex,1994,36,1,50,1976,1994
9.0,2026-08-04T20:28:44.754093+00:00,arms,right_wrist_roll,2109,35,0,1048,2114,2109
9.0,2026-08-04T20:28:44.754093+00:00,arms,right_gripper,2079,38,0,0,2079,2079
9.0,2026-08-04T20:28:44.754093+00:00,head,head_motor_1,2158,25,0,0,,
9.0,2026-08-04T20:28:44.754093+00:00,head,head_motor_2,1943,27,0,0,,
9.0,2026-08-04T20:28:44.754093+00:00,head,base_left_wheel,3461,27,0,0,,
9.0,2026-08-04T20:28:44.754093+00:00,head,base_back_wheel,3496,27,0,0,,
9.0,2026-08-04T20:28:44.754093+00:00,head,base_right_wheel,2173,26,0,0,,
10.0,2026-08-04T20:28:45.755649+00:00,arms,left_shoulder_pan,1857,36,0,0,1857,1857
10.0,2026-08-04T20:28:45.755649+00:00,arms,left_shoulder_lift,2403,33,4,68,2389,2403
10.0,2026-08-04T20:28:45.755649+00:00,arms,left_elbow_flex,1644,33,3,72,1629,1644
10.0,2026-08-04T20:28:45.755649+00:00,arms,left_wrist_flex,2172,34,1,24,2169,2172
10.0,2026-08-04T20:28:45.755649+00:00,arms,left_wrist_roll,1987,33,0,1044,1989,1987
10.0,2026-08-04T20:28:45.755649+00:00,arms,left_gripper,2013,37,0,0,2014,2013
10.0,2026-08-04T20:28:45.755649+00:00,arms,right_shoulder_pan,1966,37,1,1054,1974,1965
10.0,2026-08-04T20:28:45.755649+00:00,arms,right_shoulder_lift,2158,35,41,232,2049,2157
10.0,2026-08-04T20:28:45.755649+00:00,arms,right_elbow_flex,2167,37,20,154,2097,2166
10.0,2026-08-04T20:28:45.755649+00:00,arms,right_wrist_flex,1994,36,2,50,1976,1994
10.0,2026-08-04T20:28:45.755649+00:00,arms,right_wrist_roll,2109,35,0,1048,2114,2109
10.0,2026-08-04T20:28:45.755649+00:00,arms,right_gripper,2079,38,0,0,2079,2079
10.0,2026-08-04T20:28:45.755649+00:00,head,head_motor_1,2158,25,0,0,,
10.0,2026-08-04T20:28:45.755649+00:00,head,head_motor_2,1943,27,0,0,,
10.0,2026-08-04T20:28:45.755649+00:00,head,base_left_wheel,3461,27,0,0,,
10.0,2026-08-04T20:28:45.755649+00:00,head,base_back_wheel,3496,27,0,0,,
10.0,2026-08-04T20:28:45.755649+00:00,head,base_right_wheel,2173,26,0,0,,
11.0,2026-08-04T20:28:46.756723+00:00,arms,left_shoulder_pan,1857,36,0,0,1857,1857
11.0,2026-08-04T20:28:46.756723+00:00,arms,left_shoulder_lift,2403,33,3,68,2389,2403
11.0,2026-08-04T20:28:46.756723+00:00,arms,left_elbow_flex,1644,34,3,72,1629,1644
11.0,2026-08-04T20:28:46.756723+00:00,arms,left_wrist_flex,2172,34,0,24,2169,2172
11.0,2026-08-04T20:28:46.756723+00:00,arms,left_wrist_roll,1987,33,1,1044,1989,1987
11.0,2026-08-04T20:28:46.756723+00:00,arms,left_gripper,2013,37,0,0,2014,2013
11.0,2026-08-04T20:28:46.756723+00:00,arms,right_shoulder_pan,1966,37,0,1054,1974,1965
11.0,2026-08-04T20:28:46.756723+00:00,arms,right_shoulder_lift,2158,35,37,232,2049,2157
11.0,2026-08-04T20:28:46.756723+00:00,arms,right_elbow_flex,2167,37,21,154,2097,2166
11.0,2026-08-04T20:28:46.756723+00:00,arms,right_wrist_flex,1994,36,1,50,1976,1994
11.0,2026-08-04T20:28:46.756723+00:00,arms,right_wrist_roll,2109,35,0,1048,2114,2109
11.0,2026-08-04T20:28:46.756723+00:00,arms,right_gripper,2079,38,0,0,2079,2079
11.0,2026-08-04T20:28:46.756723+00:00,head,head_motor_1,2158,25,0,0,,
11.0,2026-08-04T20:28:46.756723+00:00,head,head_motor_2,1943,27,0,0,,
11.0,2026-08-04T20:28:46.756723+00:00,head,base_left_wheel,3461,27,0,0,,
11.0,2026-08-04T20:28:46.756723+00:00,head,base_back_wheel,3496,27,0,0,,
11.0,2026-08-04T20:28:46.756723+00:00,head,base_right_wheel,2173,26,0,0,,
12.0,2026-08-04T20:28:47.758191+00:00,arms,left_shoulder_pan,1857,36,0,0,1857,1857
12.0,2026-08-04T20:28:47.758191+00:00,arms,left_shoulder_lift,2403,33,3,68,2389,2403
12.0,2026-08-04T20:28:47.758191+00:00,arms,left_elbow_flex,1644,34,3,72,1629,1644
12.0,2026-08-04T20:28:47.758191+00:00,arms,left_wrist_flex,2172,34,0,24,2169,2172
12.0,2026-08-04T20:28:47.758191+00:00,arms,left_wrist_roll,1987,33,0,1044,1989,1987
12.0,2026-08-04T20:28:47.758191+00:00,arms,left_gripper,2013,37,0,0,2014,2013
12.0,2026-08-04T20:28:47.758191+00:00,arms,right_shoulder_pan,1965,37,0,1056,1974,1965
12.0,2026-08-04T20:28:47.758191+00:00,arms,right_shoulder_lift,2159,35,43,234,2049,2157
12.0,2026-08-04T20:28:47.758191+00:00,arms,right_elbow_flex,2167,37,17,154,2097,2166
12.0,2026-08-04T20:28:47.758191+00:00,arms,right_wrist_flex,1994,37,1,50,1976,1994
12.0,2026-08-04T20:28:47.758191+00:00,arms,right_wrist_roll,2109,35,0,1048,2114,2109
12.0,2026-08-04T20:28:47.758191+00:00,arms,right_gripper,2079,38,0,0,2079,2079
12.0,2026-08-04T20:28:47.758191+00:00,head,head_motor_1,2158,25,0,0,,
12.0,2026-08-04T20:28:47.758191+00:00,head,head_motor_2,1943,27,0,0,,
12.0,2026-08-04T20:28:47.758191+00:00,head,base_left_wheel,3461,27,0,0,,
12.0,2026-08-04T20:28:47.758191+00:00,head,base_back_wheel,3496,27,0,0,,
12.0,2026-08-04T20:28:47.758191+00:00,head,base_right_wheel,2173,26,0,0,,
13.0,2026-08-04T20:28:48.759271+00:00,arms,left_shoulder_pan,1857,36,0,0,1857,1857
13.0,2026-08-04T20:28:48.759271+00:00,arms,left_shoulder_lift,2403,33,3,68,2389,2403
13.0,2026-08-04T20:28:48.759271+00:00,arms,left_elbow_flex,1644,34,3,72,1629,1644
13.0,2026-08-04T20:28:48.759271+00:00,arms,left_wrist_flex,2172,34,1,24,2169,2172
13.0,2026-08-04T20:28:48.759271+00:00,arms,left_wrist_roll,1987,33,0,1044,1989,1987
13.0,2026-08-04T20:28:48.759271+00:00,arms,left_gripper,2013,37,0,0,2014,2013
13.0,2026-08-04T20:28:48.759271+00:00,arms,right_shoulder_pan,1965,37,1,1056,1974,1965
13.0,2026-08-04T20:28:48.759271+00:00,arms,right_shoulder_lift,2159,35,30,234,2049,2157
13.0,2026-08-04T20:28:48.759271+00:00,arms,right_elbow_flex,2167,37,18,154,2097,2166
13.0,2026-08-04T20:28:48.759271+00:00,arms,right_wrist_flex,1995,36,1,52,1976,1994
13.0,2026-08-04T20:28:48.759271+00:00,arms,right_wrist_roll,2109,35,0,1048,2114,2109
13.0,2026-08-04T20:28:48.759271+00:00,arms,right_gripper,2079,38,0,0,2079,2079
13.0,2026-08-04T20:28:48.759271+00:00,head,head_motor_1,2158,25,0,0,,
13.0,2026-08-04T20:28:48.759271+00:00,head,head_motor_2,1943,27,0,0,,
13.0,2026-08-04T20:28:48.759271+00:00,head,base_left_wheel,3461,27,0,0,,
13.0,2026-08-04T20:28:48.759271+00:00,head,base_back_wheel,3496,27,0,0,,
13.0,2026-08-04T20:28:48.759271+00:00,head,base_right_wheel,2173,26,0,0,,
14.0,2026-08-04T20:28:49.760725+00:00,arms,left_shoulder_pan,1857,36,0,0,1857,1857
14.0,2026-08-04T20:28:49.760725+00:00,arms,left_shoulder_lift,2403,33,4,68,2389,2403
14.0,2026-08-04T20:28:49.760725+00:00,arms,left_elbow_flex,1644,34,3,72,1629,1644
14.0,2026-08-04T20:28:49.760725+00:00,arms,left_wrist_flex,2172,34,1,24,2169,2172
14.0,2026-08-04T20:28:49.760725+00:00,arms,left_wrist_roll,1987,33,0,1044,1989,1987
14.0,2026-08-04T20:28:49.760725+00:00,arms,left_gripper,2013,37,0,0,2014,2013
14.0,2026-08-04T20:28:49.760725+00:00,arms,right_shoulder_pan,1965,37,1,1056,1974,1965
14.0,2026-08-04T20:28:49.760725+00:00,arms,right_shoulder_lift,2159,35,39,234,2049,2157
14.0,2026-08-04T20:28:49.760725+00:00,arms,right_elbow_flex,2167,37,20,154,2097,2166
14.0,2026-08-04T20:28:49.760725+00:00,arms,right_wrist_flex,1995,36,2,52,1976,1994
14.0,2026-08-04T20:28:49.760725+00:00,arms,right_wrist_roll,2109,35,1,1048,2114,2109
14.0,2026-08-04T20:28:49.760725+00:00,arms,right_gripper,2079,38,0,0,2079,2079
14.0,2026-08-04T20:28:49.760725+00:00,head,head_motor_1,2158,25,0,0,,
14.0,2026-08-04T20:28:49.760725+00:00,head,head_motor_2,1943,27,0,0,,
14.0,2026-08-04T20:28:49.760725+00:00,head,base_left_wheel,3461,27,0,0,,
14.0,2026-08-04T20:28:49.760725+00:00,head,base_back_wheel,3496,27,0,0,,
14.0,2026-08-04T20:28:49.760725+00:00,head,base_right_wheel,2173,26,0,0,,
15.0,2026-08-04T20:28:50.761870+00:00,arms,left_shoulder_pan,1857,36,0,0,1857,1857
15.0,2026-08-04T20:28:50.761870+00:00,arms,left_shoulder_lift,2403,33,4,68,2389,2403
15.0,2026-08-04T20:28:50.761870+00:00,arms,left_elbow_flex,1644,34,3,72,1629,1644
15.0,2026-08-04T20:28:50.761870+00:00,arms,left_wrist_flex,2172,34,0,24,2169,2172
15.0,2026-08-04T20:28:50.761870+00:00,arms,left_wrist_roll,1987,33,0,1044,1989,1987
15.0,2026-08-04T20:28:50.761870+00:00,arms,left_gripper,2013,37,0,0,2014,2013
15.0,2026-08-04T20:28:50.761870+00:00,arms,right_shoulder_pan,1966,37,1,1054,1974,1965
15.0,2026-08-04T20:28:50.761870+00:00,arms,right_shoulder_lift,2159,35,38,234,2049,2157
15.0,2026-08-04T20:28:50.761870+00:00,arms,right_elbow_flex,2167,37,20,154,2097,2166
15.0,2026-08-04T20:28:50.761870+00:00,arms,right_wrist_flex,1995,36,2,52,1976,1994
15.0,2026-08-04T20:28:50.761870+00:00,arms,right_wrist_roll,2109,35,1,1048,2114,2109
15.0,2026-08-04T20:28:50.761870+00:00,arms,right_gripper,2079,38,0,0,2079,2079
15.0,2026-08-04T20:28:50.761870+00:00,head,head_motor_1,2158,25,0,0,,
15.0,2026-08-04T20:28:50.761870+00:00,head,head_motor_2,1943,27,0,0,,
15.0,2026-08-04T20:28:50.761870+00:00,head,base_left_wheel,3461,27,0,0,,
15.0,2026-08-04T20:28:50.761870+00:00,head,base_back_wheel,3496,27,0,0,,
15.0,2026-08-04T20:28:50.761870+00:00,head,base_right_wheel,2173,26,0,0,,
16.0,2026-08-04T20:28:51.763323+00:00,arms,left_shoulder_pan,1857,36,0,0,1857,1857
16.0,2026-08-04T20:28:51.763323+00:00,arms,left_shoulder_lift,2403,33,3,68,2389,2403
16.0,2026-08-04T20:28:51.763323+00:00,arms,left_elbow_flex,1644,34,2,72,1629,1644
16.0,2026-08-04T20:28:51.763323+00:00,arms,left_wrist_flex,2172,34,1,24,2169,2172
16.0,2026-08-04T20:28:51.763323+00:00,arms,left_wrist_roll,1987,33,0,1044,1989,1987
16.0,2026-08-04T20:28:51.763323+00:00,arms,left_gripper,2013,37,0,0,2014,2013
16.0,2026-08-04T20:28:51.763323+00:00,arms,right_shoulder_pan,1965,37,1,1056,1974,1965
16.0,2026-08-04T20:28:51.763323+00:00,arms,right_shoulder_lift,2159,35,39,234,2049,2157
16.0,2026-08-04T20:28:51.763323+00:00,arms,right_elbow_flex,2167,37,14,154,2097,2166
16.0,2026-08-04T20:28:51.763323+00:00,arms,right_wrist_flex,1995,36,2,52,1976,1994
16.0,2026-08-04T20:28:51.763323+00:00,arms,right_wrist_roll,2109,35,1,1048,2114,2109
16.0,2026-08-04T20:28:51.763323+00:00,arms,right_gripper,2079,38,0,0,2079,2079
16.0,2026-08-04T20:28:51.763323+00:00,head,head_motor_1,2158,25,0,0,,
16.0,2026-08-04T20:28:51.763323+00:00,head,head_motor_2,1943,27,0,0,,
16.0,2026-08-04T20:28:51.763323+00:00,head,base_left_wheel,3461,27,0,0,,
16.0,2026-08-04T20:28:51.763323+00:00,head,base_back_wheel,3496,27,0,0,,
16.0,2026-08-04T20:28:51.763323+00:00,head,base_right_wheel,2173,26,0,0,,
17.0,2026-08-04T20:28:52.764776+00:00,arms,left_shoulder_pan,1857,36,0,0,1857,1857
17.0,2026-08-04T20:28:52.764776+00:00,arms,left_shoulder_lift,2403,33,4,68,2389,2403
17.0,2026-08-04T20:28:52.764776+00:00,arms,left_elbow_flex,1644,34,3,72,1629,1644
17.0,2026-08-04T20:28:52.764776+00:00,arms,left_wrist_flex,2172,34,0,24,2169,2172
17.0,2026-08-04T20:28:52.764776+00:00,arms,left_wrist_roll,1987,33,0,1044,1989,1987
17.0,2026-08-04T20:28:52.764776+00:00,arms,left_gripper,2013,37,0,0,2014,2013
17.0,2026-08-04T20:28:52.764776+00:00,arms,right_shoulder_pan,1965,37,1,1056,1974,1965
17.0,2026-08-04T20:28:52.764776+00:00,arms,right_shoulder_lift,2159,35,35,234,2049,2157
17.0,2026-08-04T20:28:52.764776+00:00,arms,right_elbow_flex,2167,37,14,154,2097,2166
17.0,2026-08-04T20:28:52.764776+00:00,arms,right_wrist_flex,1995,36,1,52,1976,1994
17.0,2026-08-04T20:28:52.764776+00:00,arms,right_wrist_roll,2109,35,0,1048,2114,2109
17.0,2026-08-04T20:28:52.764776+00:00,arms,right_gripper,2079,38,0,0,2079,2079
17.0,2026-08-04T20:28:52.764776+00:00,head,head_motor_1,2158,25,0,0,,
17.0,2026-08-04T20:28:52.764776+00:00,head,head_motor_2,1943,27,0,0,,
17.0,2026-08-04T20:28:52.764776+00:00,head,base_left_wheel,3461,27,0,0,,
17.0,2026-08-04T20:28:52.764776+00:00,head,base_back_wheel,3496,27,0,0,,
17.0,2026-08-04T20:28:52.764776+00:00,head,base_right_wheel,2173,26,0,0,,
18.0,2026-08-04T20:28:53.766389+00:00,arms,left_shoulder_pan,1857,36,0,0,1857,1857
18.0,2026-08-04T20:28:53.766389+00:00,arms,left_shoulder_lift,2403,33,4,68,2389,2403
18.0,2026-08-04T20:28:53.766389+00:00,arms,left_elbow_flex,1644,34,3,72,1629,1644
18.0,2026-08-04T20:28:53.766389+00:00,arms,left_wrist_flex,2172,34,0,24,2169,2172
18.0,2026-08-04T20:28:53.766389+00:00,arms,left_wrist_roll,1987,33,0,1044,1989,1987
18.0,2026-08-04T20:28:53.766389+00:00,arms,left_gripper,2013,37,0,0,2014,2013
18.0,2026-08-04T20:28:53.766389+00:00,arms,right_shoulder_pan,1965,37,0,1056,1974,1965
18.0,2026-08-04T20:28:53.766389+00:00,arms,right_shoulder_lift,2159,35,30,234,2049,2157
18.0,2026-08-04T20:28:53.766389+00:00,arms,right_elbow_flex,2167,37,20,154,2097,2166
18.0,2026-08-04T20:28:53.766389+00:00,arms,right_wrist_flex,1995,36,2,52,1976,1994
18.0,2026-08-04T20:28:53.766389+00:00,arms,right_wrist_roll,2109,35,0,1048,2114,2109
18.0,2026-08-04T20:28:53.766389+00:00,arms,right_gripper,2079,38,0,0,2079,2079
18.0,2026-08-04T20:28:53.766389+00:00,head,head_motor_1,2158,25,0,0,,
18.0,2026-08-04T20:28:53.766389+00:00,head,head_motor_2,1943,27,0,0,,
18.0,2026-08-04T20:28:53.766389+00:00,head,base_left_wheel,3461,27,0,0,,
18.0,2026-08-04T20:28:53.766389+00:00,head,base_back_wheel,3496,27,0,0,,
18.0,2026-08-04T20:28:53.766389+00:00,head,base_right_wheel,2173,26,0,0,,
19.0,2026-08-04T20:28:54.767803+00:00,arms,left_shoulder_pan,1857,36,0,0,1857,1857
19.0,2026-08-04T20:28:54.767803+00:00,arms,left_shoulder_lift,2403,33,3,68,2389,2403
19.0,2026-08-04T20:28:54.767803+00:00,arms,left_elbow_flex,1644,34,3,72,1629,1644
19.0,2026-08-04T20:28:54.767803+00:00,arms,left_wrist_flex,2172,33,0,24,2169,2172
19.0,2026-08-04T20:28:54.767803+00:00,arms,left_wrist_roll,1987,33,0,1044,1989,1987
19.0,2026-08-04T20:28:54.767803+00:00,arms,left_gripper,2013,37,0,0,2014,2013
19.0,2026-08-04T20:28:54.767803+00:00,arms,right_shoulder_pan,1965,37,1,1056,1974,1965
19.0,2026-08-04T20:28:54.767803+00:00,arms,right_shoulder_lift,2159,35,33,234,2049,2157
19.0,2026-08-04T20:28:54.767803+00:00,arms,right_elbow_flex,2167,37,16,154,2097,2166
19.0,2026-08-04T20:28:54.767803+00:00,arms,right_wrist_flex,1995,36,2,52,1976,1994
19.0,2026-08-04T20:28:54.767803+00:00,arms,right_wrist_roll,2109,35,1,1048,2114,2109
19.0,2026-08-04T20:28:54.767803+00:00,arms,right_gripper,2079,38,0,0,2079,2079
19.0,2026-08-04T20:28:54.767803+00:00,head,head_motor_1,2158,25,0,0,,
19.0,2026-08-04T20:28:54.767803+00:00,head,head_motor_2,1943,27,0,0,,
19.0,2026-08-04T20:28:54.767803+00:00,head,base_left_wheel,3461,27,0,0,,
19.0,2026-08-04T20:28:54.767803+00:00,head,base_back_wheel,3496,27,0,0,,
19.0,2026-08-04T20:28:54.767803+00:00,head,base_right_wheel,2173,26,0,0,,
20.0,2026-08-04T20:28:55.768866+00:00,arms,left_shoulder_pan,1857,36,0,0,1857,1857
20.0,2026-08-04T20:28:55.768866+00:00,arms,left_shoulder_lift,2403,33,4,68,2389,2403
20.0,2026-08-04T20:28:55.768866+00:00,arms,left_elbow_flex,1644,34,3,72,1629,1644
20.0,2026-08-04T20:28:55.768866+00:00,arms,left_wrist_flex,2172,34,0,24,2169,2172
20.0,2026-08-04T20:28:55.768866+00:00,arms,left_wrist_roll,1987,33,0,1044,1989,1987
20.0,2026-08-04T20:28:55.768866+00:00,arms,left_gripper,2013,37,0,0,2014,2013
20.0,2026-08-04T20:28:55.768866+00:00,arms,right_shoulder_pan,1965,37,1,1056,1974,1965
20.0,2026-08-04T20:28:55.768866+00:00,arms,right_shoulder_lift,2159,35,31,234,2049,2157
20.0,2026-08-04T20:28:55.768866+00:00,arms,right_elbow_flex,2167,37,20,154,2097,2166
20.0,2026-08-04T20:28:55.768866+00:00,arms,right_wrist_flex,1995,36,2,52,1976,1994
20.0,2026-08-04T20:28:55.768866+00:00,arms,right_wrist_roll,2109,35,0,1048,2114,2109
20.0,2026-08-04T20:28:55.768866+00:00,arms,right_gripper,2079,38,0,0,2079,2079
20.0,2026-08-04T20:28:55.768866+00:00,head,head_motor_1,2158,25,0,0,,
20.0,2026-08-04T20:28:55.768866+00:00,head,head_motor_2,1943,27,0,0,,
20.0,2026-08-04T20:28:55.768866+00:00,head,base_left_wheel,3461,29,0,0,,
20.0,2026-08-04T20:28:55.768866+00:00,head,base_back_wheel,3496,27,0,0,,
20.0,2026-08-04T20:28:55.768866+00:00,head,base_right_wheel,2173,26,0,0,,
21.0,2026-08-04T20:28:56.769951+00:00,arms,left_shoulder_pan,1857,36,0,0,1857,1857
21.0,2026-08-04T20:28:56.769951+00:00,arms,left_shoulder_lift,2403,33,4,68,2389,2403
21.0,2026-08-04T20:28:56.769951+00:00,arms,left_elbow_flex,1644,34,3,72,1629,1644
21.0,2026-08-04T20:28:56.769951+00:00,arms,left_wrist_flex,2172,34,0,24,2169,2172
21.0,2026-08-04T20:28:56.769951+00:00,arms,left_wrist_roll,1987,33,1,1044,1989,1987
21.0,2026-08-04T20:28:56.769951+00:00,arms,left_gripper,2013,37,0,0,2014,2013
21.0,2026-08-04T20:28:56.769951+00:00,arms,right_shoulder_pan,1965,37,1,1056,1974,1965
21.0,2026-08-04T20:28:56.769951+00:00,arms,right_shoulder_lift,2159,35,34,234,2049,2157
21.0,2026-08-04T20:28:56.769951+00:00,arms,right_elbow_flex,2167,37,20,154,2097,2166
21.0,2026-08-04T20:28:56.769951+00:00,arms,right_wrist_flex,1995,36,1,52,1976,1994
21.0,2026-08-04T20:28:56.769951+00:00,arms,right_wrist_roll,2109,35,0,1048,2114,2109
21.0,2026-08-04T20:28:56.769951+00:00,arms,right_gripper,2079,38,0,0,2079,2079
21.0,2026-08-04T20:28:56.769951+00:00,head,head_motor_1,2158,25,0,0,,
21.0,2026-08-04T20:28:56.769951+00:00,head,head_motor_2,1943,27,0,0,,
21.0,2026-08-04T20:28:56.769951+00:00,head,base_left_wheel,3461,27,0,0,,
21.0,2026-08-04T20:28:56.769951+00:00,head,base_back_wheel,3496,27,1,0,,
21.0,2026-08-04T20:28:56.769951+00:00,head,base_right_wheel,2173,26,0,0,,
22.0,2026-08-04T20:28:57.771495+00:00,arms,left_shoulder_pan,1857,36,0,0,1857,1857
22.0,2026-08-04T20:28:57.771495+00:00,arms,left_shoulder_lift,2403,33,3,68,2389,2403
22.0,2026-08-04T20:28:57.771495+00:00,arms,left_elbow_flex,1644,34,3,72,1629,1644
22.0,2026-08-04T20:28:57.771495+00:00,arms,left_wrist_flex,2172,34,0,24,2169,2172
22.0,2026-08-04T20:28:57.771495+00:00,arms,left_wrist_roll,1987,33,1,1044,1989,1987
22.0,2026-08-04T20:28:57.771495+00:00,arms,left_gripper,2013,37,0,0,2014,2013
22.0,2026-08-04T20:28:57.771495+00:00,arms,right_shoulder_pan,1965,37,0,1056,1974,1965
22.0,2026-08-04T20:28:57.771495+00:00,arms,right_shoulder_lift,2159,36,31,234,2049,2157
22.0,2026-08-04T20:28:57.771495+00:00,arms,right_elbow_flex,2167,37,14,154,2097,2166
22.0,2026-08-04T20:28:57.771495+00:00,arms,right_wrist_flex,1995,36,2,52,1976,1994
22.0,2026-08-04T20:28:57.771495+00:00,arms,right_wrist_roll,2109,35,0,1048,2114,2109
22.0,2026-08-04T20:28:57.771495+00:00,arms,right_gripper,2079,38,0,0,2079,2079
22.0,2026-08-04T20:28:57.771495+00:00,head,head_motor_1,2158,25,0,0,,
22.0,2026-08-04T20:28:57.771495+00:00,head,head_motor_2,1943,27,0,0,,
22.0,2026-08-04T20:28:57.771495+00:00,head,base_left_wheel,3461,27,0,0,,
22.0,2026-08-04T20:28:57.771495+00:00,head,base_back_wheel,3496,27,0,0,,
22.0,2026-08-04T20:28:57.771495+00:00,head,base_right_wheel,2173,26,0,0,,
23.0,2026-08-04T20:28:58.772590+00:00,arms,left_shoulder_pan,1857,36,0,0,1857,1857
23.0,2026-08-04T20:28:58.772590+00:00,arms,left_shoulder_lift,2403,33,4,68,2389,2403
23.0,2026-08-04T20:28:58.772590+00:00,arms,left_elbow_flex,1644,34,3,72,1629,1644
23.0,2026-08-04T20:28:58.772590+00:00,arms,left_wrist_flex,2172,34,0,24,2169,2172
23.0,2026-08-04T20:28:58.772590+00:00,arms,left_wrist_roll,1987,33,0,1044,1989,1987
23.0,2026-08-04T20:28:58.772590+00:00,arms,left_gripper,2013,37,0,0,2014,2013
23.0,2026-08-04T20:28:58.772590+00:00,arms,right_shoulder_pan,1965,37,1,1056,1974,1965
23.0,2026-08-04T20:28:58.772590+00:00,arms,right_shoulder_lift,2159,36,30,234,2049,2157
23.0,2026-08-04T20:28:58.772590+00:00,arms,right_elbow_flex,2167,37,21,154,2097,2166
23.0,2026-08-04T20:28:58.772590+00:00,arms,right_wrist_flex,1995,36,1,52,1976,1994
23.0,2026-08-04T20:28:58.772590+00:00,arms,right_wrist_roll,2109,35,0,1048,2114,2109
23.0,2026-08-04T20:28:58.772590+00:00,arms,right_gripper,2079,38,0,0,2079,2079
23.0,2026-08-04T20:28:58.772590+00:00,head,head_motor_1,2158,25,0,0,,
23.0,2026-08-04T20:28:58.772590+00:00,head,head_motor_2,1943,27,0,0,,
23.0,2026-08-04T20:28:58.772590+00:00,head,base_left_wheel,3461,27,0,0,,
23.0,2026-08-04T20:28:58.772590+00:00,head,base_back_wheel,3496,27,0,0,,
23.0,2026-08-04T20:28:58.772590+00:00,head,base_right_wheel,2173,26,0,0,,
24.0,2026-08-04T20:28:59.774034+00:00,arms,left_shoulder_pan,1857,36,0,0,1857,1857
24.0,2026-08-04T20:28:59.774034+00:00,arms,left_shoulder_lift,2403,33,4,68,2389,2403
24.0,2026-08-04T20:28:59.774034+00:00,arms,left_elbow_flex,1644,34,3,72,1629,1644
24.0,2026-08-04T20:28:59.774034+00:00,arms,left_wrist_flex,2172,34,0,24,2169,2172
24.0,2026-08-04T20:28:59.774034+00:00,arms,left_wrist_roll,1987,33,0,1044,1989,1987
24.0,2026-08-04T20:28:59.774034+00:00,arms,left_gripper,2013,37,0,0,2014,2013
24.0,2026-08-04T20:28:59.774034+00:00,arms,right_shoulder_pan,1965,37,1,1056,1974,1965
24.0,2026-08-04T20:28:59.774034+00:00,arms,right_shoulder_lift,2159,36,29,234,2049,2157
24.0,2026-08-04T20:28:59.774034+00:00,arms,right_elbow_flex,2167,37,20,154,2097,2166
24.0,2026-08-04T20:28:59.774034+00:00,arms,right_wrist_flex,1995,36,1,52,1976,1994
24.0,2026-08-04T20:28:59.774034+00:00,arms,right_wrist_roll,2109,35,1,1048,2114,2109
24.0,2026-08-04T20:28:59.774034+00:00,arms,right_gripper,2079,38,0,0,2079,2079
24.0,2026-08-04T20:28:59.774034+00:00,head,head_motor_1,2158,25,0,0,,
24.0,2026-08-04T20:28:59.774034+00:00,head,head_motor_2,1943,27,0,0,,
24.0,2026-08-04T20:28:59.774034+00:00,head,base_left_wheel,3461,27,0,0,,
24.0,2026-08-04T20:28:59.774034+00:00,head,base_back_wheel,3496,27,0,0,,
24.0,2026-08-04T20:28:59.774034+00:00,head,base_right_wheel,2173,26,0,0,,
25.0,2026-08-04T20:29:00.775484+00:00,arms,left_shoulder_pan,1857,36,0,0,1857,1857
25.0,2026-08-04T20:29:00.775484+00:00,arms,left_shoulder_lift,2403,33,4,68,2389,2403
25.0,2026-08-04T20:29:00.775484+00:00,arms,left_elbow_flex,1644,34,3,72,1629,1644
25.0,2026-08-04T20:29:00.775484+00:00,arms,left_wrist_flex,2172,34,0,24,2169,2172
25.0,2026-08-04T20:29:00.775484+00:00,arms,left_wrist_roll,1987,33,0,1044,1989,1987
25.0,2026-08-04T20:29:00.775484+00:00,arms,left_gripper,2013,37,0,0,2014,2013
25.0,2026-08-04T20:29:00.775484+00:00,arms,right_shoulder_pan,1965,37,2,1056,1974,1965
25.0,2026-08-04T20:29:00.775484+00:00,arms,right_shoulder_lift,2160,36,35,236,2049,2157
25.0,2026-08-04T20:29:00.775484+00:00,arms,right_elbow_flex,2167,37,16,154,2097,2166
25.0,2026-08-04T20:29:00.775484+00:00,arms,right_wrist_flex,1995,36,1,52,1976,1994
25.0,2026-08-04T20:29:00.775484+00:00,arms,right_wrist_roll,2109,35,0,1048,2114,2109
25.0,2026-08-04T20:29:00.775484+00:00,arms,right_gripper,2079,38,0,0,2079,2079
25.0,2026-08-04T20:29:00.775484+00:00,head,head_motor_1,2158,25,0,0,,
25.0,2026-08-04T20:29:00.775484+00:00,head,head_motor_2,1943,27,0,0,,
25.0,2026-08-04T20:29:00.775484+00:00,head,base_left_wheel,3461,27,0,0,,
25.0,2026-08-04T20:29:00.775484+00:00,head,base_back_wheel,3496,27,0,0,,
25.0,2026-08-04T20:29:00.775484+00:00,head,base_right_wheel,2173,26,0,0,,
26.0,2026-08-04T20:29:01.776997+00:00,arms,left_shoulder_pan,1857,36,0,0,1857,1857
26.0,2026-08-04T20:29:01.776997+00:00,arms,left_shoulder_lift,2403,33,4,68,2389,2403
26.0,2026-08-04T20:29:01.776997+00:00,arms,left_elbow_flex,1644,34,3,72,1629,1644
26.0,2026-08-04T20:29:01.776997+00:00,arms,left_wrist_flex,2172,34,0,24,2169,2172
26.0,2026-08-04T20:29:01.776997+00:00,arms,left_wrist_roll,1987,33,0,1044,1989,1987
26.0,2026-08-04T20:29:01.776997+00:00,arms,left_gripper,2013,37,0,0,2014,2013
26.0,2026-08-04T20:29:01.776997+00:00,arms,right_shoulder_pan,1965,37,1,1056,1974,1965
26.0,2026-08-04T20:29:01.776997+00:00,arms,right_shoulder_lift,2160,36,42,236,2049,2157
26.0,2026-08-04T20:29:01.776997+00:00,arms,right_elbow_flex,2167,37,19,154,2097,2166
26.0,2026-08-04T20:29:01.776997+00:00,arms,right_wrist_flex,1995,36,1,52,1976,1994
26.0,2026-08-04T20:29:01.776997+00:00,arms,right_wrist_roll,2109,35,0,1048,2114,2109
26.0,2026-08-04T20:29:01.776997+00:00,arms,right_gripper,2079,38,0,0,2079,2079
26.0,2026-08-04T20:29:01.776997+00:00,head,head_motor_1,2158,25,0,0,,
26.0,2026-08-04T20:29:01.776997+00:00,head,head_motor_2,1943,27,0,0,,
26.0,2026-08-04T20:29:01.776997+00:00,head,base_left_wheel,3461,27,0,0,,
26.0,2026-08-04T20:29:01.776997+00:00,head,base_back_wheel,3496,27,0,0,,
26.0,2026-08-04T20:29:01.776997+00:00,head,base_right_wheel,2173,26,0,0,,
27.0,2026-08-04T20:29:02.778147+00:00,arms,left_shoulder_pan,1857,36,0,0,1857,1857
27.0,2026-08-04T20:29:02.778147+00:00,arms,left_shoulder_lift,2403,33,3,68,2389,2403
27.0,2026-08-04T20:29:02.778147+00:00,arms,left_elbow_flex,1644,34,3,72,1629,1644
27.0,2026-08-04T20:29:02.778147+00:00,arms,left_wrist_flex,2172,34,0,24,2169,2172
27.0,2026-08-04T20:29:02.778147+00:00,arms,left_wrist_roll,1987,33,0,1044,1989,1987
27.0,2026-08-04T20:29:02.778147+00:00,arms,left_gripper,2013,37,0,0,2014,2013
27.0,2026-08-04T20:29:02.778147+00:00,arms,right_shoulder_pan,1965,37,0,1056,1974,1965
27.0,2026-08-04T20:29:02.778147+00:00,arms,right_shoulder_lift,2160,36,30,236,2049,2157
27.0,2026-08-04T20:29:02.778147+00:00,arms,right_elbow_flex,2167,37,17,154,2097,2166
27.0,2026-08-04T20:29:02.778147+00:00,arms,right_wrist_flex,1995,36,1,52,1976,1994
27.0,2026-08-04T20:29:02.778147+00:00,arms,right_wrist_roll,2109,35,0,1048,2114,2109
27.0,2026-08-04T20:29:02.778147+00:00,arms,right_gripper,2079,38,0,0,2079,2079
27.0,2026-08-04T20:29:02.778147+00:00,head,head_motor_1,2158,25,0,0,,
27.0,2026-08-04T20:29:02.778147+00:00,head,head_motor_2,1943,27,0,0,,
27.0,2026-08-04T20:29:02.778147+00:00,head,base_left_wheel,3461,27,0,0,,
27.0,2026-08-04T20:29:02.778147+00:00,head,base_back_wheel,3496,27,0,0,,
27.0,2026-08-04T20:29:02.778147+00:00,head,base_right_wheel,2173,26,0,0,,
28.0,2026-08-04T20:29:03.779649+00:00,arms,left_shoulder_pan,1857,36,0,0,1857,1857
28.0,2026-08-04T20:29:03.779649+00:00,arms,left_shoulder_lift,2403,33,3,68,2389,2403
28.0,2026-08-04T20:29:03.779649+00:00,arms,left_elbow_flex,1644,34,3,72,1629,1644
28.0,2026-08-04T20:29:03.779649+00:00,arms,left_wrist_flex,2172,34,0,24,2169,2172
28.0,2026-08-04T20:29:03.779649+00:00,arms,left_wrist_roll,1987,33,0,1044,1989,1987
28.0,2026-08-04T20:29:03.779649+00:00,arms,left_gripper,2013,37,0,0,2014,2013
28.0,2026-08-04T20:29:03.779649+00:00,arms,right_shoulder_pan,1965,37,1,1056,1974,1965
28.0,2026-08-04T20:29:03.779649+00:00,arms,right_shoulder_lift,2160,36,37,236,2049,2157
28.0,2026-08-04T20:29:03.779649+00:00,arms,right_elbow_flex,2167,37,17,154,2097,2166
28.0,2026-08-04T20:29:03.779649+00:00,arms,right_wrist_flex,1995,36,2,52,1976,1994
28.0,2026-08-04T20:29:03.779649+00:00,arms,right_wrist_roll,2109,35,0,1048,2114,2109
28.0,2026-08-04T20:29:03.779649+00:00,arms,right_gripper,2079,38,0,0,2079,2079
28.0,2026-08-04T20:29:03.779649+00:00,head,head_motor_1,2158,25,0,0,,
28.0,2026-08-04T20:29:03.779649+00:00,head,head_motor_2,1943,27,0,0,,
28.0,2026-08-04T20:29:03.779649+00:00,head,base_left_wheel,3461,27,0,0,,
28.0,2026-08-04T20:29:03.779649+00:00,head,base_back_wheel,3496,27,0,0,,
28.0,2026-08-04T20:29:03.779649+00:00,head,base_right_wheel,2174,26,0,0,,
29.0,2026-08-04T20:29:04.781148+00:00,arms,left_shoulder_pan,1857,36,0,0,1857,1857
29.0,2026-08-04T20:29:04.781148+00:00,arms,left_shoulder_lift,2403,33,3,68,2389,2403
29.0,2026-08-04T20:29:04.781148+00:00,arms,left_elbow_flex,1644,34,2,72,1629,1644
29.0,2026-08-04T20:29:04.781148+00:00,arms,left_wrist_flex,2172,34,0,24,2169,2172
29.0,2026-08-04T20:29:04.781148+00:00,arms,left_wrist_roll,1987,33,0,1044,1989,1987
29.0,2026-08-04T20:29:04.781148+00:00,arms,left_gripper,2013,37,0,0,2014,2013
29.0,2026-08-04T20:29:04.781148+00:00,arms,right_shoulder_pan,1965,37,1,1056,1974,1965
29.0,2026-08-04T20:29:04.781148+00:00,arms,right_shoulder_lift,2160,36,34,236,2049,2157
29.0,2026-08-04T20:29:04.781148+00:00,arms,right_elbow_flex,2167,37,14,154,2097,2166
29.0,2026-08-04T20:29:04.781148+00:00,arms,right_wrist_flex,1995,36,1,52,1976,1994
29.0,2026-08-04T20:29:04.781148+00:00,arms,right_wrist_roll,2109,35,1,1048,2114,2109
29.0,2026-08-04T20:29:04.781148+00:00,arms,right_gripper,2079,38,0,0,2079,2079
29.0,2026-08-04T20:29:04.781148+00:00,head,head_motor_1,2158,25,0,0,,
29.0,2026-08-04T20:29:04.781148+00:00,head,head_motor_2,1943,27,0,0,,
29.0,2026-08-04T20:29:04.781148+00:00,head,base_left_wheel,3461,27,0,0,,
29.0,2026-08-04T20:29:04.781148+00:00,head,base_back_wheel,3496,27,0,0,,
29.0,2026-08-04T20:29:04.781148+00:00,head,base_right_wheel,2173,26,0,0,,
30.0,2026-08-04T20:29:05.782611+00:00,arms,left_shoulder_pan,1857,36,0,0,1857,1857
30.0,2026-08-04T20:29:05.782611+00:00,arms,left_shoulder_lift,2403,33,3,68,2389,2403
30.0,2026-08-04T20:29:05.782611+00:00,arms,left_elbow_flex,1644,34,3,72,1629,1644
30.0,2026-08-04T20:29:05.782611+00:00,arms,left_wrist_flex,2172,34,1,24,2169,2172
30.0,2026-08-04T20:29:05.782611+00:00,arms,left_wrist_roll,1987,33,0,1044,1989,1987
30.0,2026-08-04T20:29:05.782611+00:00,arms,left_gripper,2013,37,0,0,2014,2013
30.0,2026-08-04T20:29:05.782611+00:00,arms,right_shoulder_pan,1965,37,1,1056,1974,1965
30.0,2026-08-04T20:29:05.782611+00:00,arms,right_shoulder_lift,2160,36,37,236,2049,2157
30.0,2026-08-04T20:29:05.782611+00:00,arms,right_elbow_flex,2167,37,14,154,2097,2166
30.0,2026-08-04T20:29:05.782611+00:00,arms,right_wrist_flex,1995,36,1,52,1976,1994
30.0,2026-08-04T20:29:05.782611+00:00,arms,right_wrist_roll,2109,35,0,1048,2114,2109
30.0,2026-08-04T20:29:05.782611+00:00,arms,right_gripper,2079,38,0,0,2079,2079
30.0,2026-08-04T20:29:05.782611+00:00,head,head_motor_1,2158,25,0,0,,
30.0,2026-08-04T20:29:05.782611+00:00,head,head_motor_2,1943,27,0,0,,
30.0,2026-08-04T20:29:05.782611+00:00,head,base_left_wheel,3461,27,0,0,,
30.0,2026-08-04T20:29:05.782611+00:00,head,base_back_wheel,3496,27,0,0,,
30.0,2026-08-04T20:29:05.782611+00:00,head,base_right_wheel,2174,26,0,0,,
31.0,2026-08-04T20:29:06.784055+00:00,arms,left_shoulder_pan,1857,36,0,0,1857,1857
31.0,2026-08-04T20:29:06.784055+00:00,arms,left_shoulder_lift,2403,33,4,68,2389,2403
31.0,2026-08-04T20:29:06.784055+00:00,arms,left_elbow_flex,1644,34,2,72,1629,1644
31.0,2026-08-04T20:29:06.784055+00:00,arms,left_wrist_flex,2172,34,0,24,2169,2172
31.0,2026-08-04T20:29:06.784055+00:00,arms,left_wrist_roll,1987,33,0,1044,1989,1987
31.0,2026-08-04T20:29:06.784055+00:00,arms,left_gripper,2013,37,0,0,2014,2013
31.0,2026-08-04T20:29:06.784055+00:00,arms,right_shoulder_pan,1965,37,1,1056,1974,1965
31.0,2026-08-04T20:29:06.784055+00:00,arms,right_shoulder_lift,2160,36,35,236,2049,2157
31.0,2026-08-04T20:29:06.784055+00:00,arms,right_elbow_flex,2167,37,21,154,2097,2166
31.0,2026-08-04T20:29:06.784055+00:00,arms,right_wrist_flex,1995,36,1,52,1976,1994
31.0,2026-08-04T20:29:06.784055+00:00,arms,right_wrist_roll,2109,35,0,1048,2114,2109
31.0,2026-08-04T20:29:06.784055+00:00,arms,right_gripper,2079,38,0,0,2079,2079
31.0,2026-08-04T20:29:06.784055+00:00,head,head_motor_1,2158,25,0,0,,
31.0,2026-08-04T20:29:06.784055+00:00,head,head_motor_2,1943,27,0,0,,
31.0,2026-08-04T20:29:06.784055+00:00,head,base_left_wheel,3461,27,0,0,,
31.0,2026-08-04T20:29:06.784055+00:00,head,base_back_wheel,3496,27,0,0,,
31.0,2026-08-04T20:29:06.784055+00:00,head,base_right_wheel,2173,26,0,0,,
32.0,2026-08-04T20:29:07.785127+00:00,arms,left_shoulder_pan,1857,36,0,0,1857,1857
32.0,2026-08-04T20:29:07.785127+00:00,arms,left_shoulder_lift,2403,33,4,68,2389,2403
32.0,2026-08-04T20:29:07.785127+00:00,arms,left_elbow_flex,1644,34,3,72,1629,1644
32.0,2026-08-04T20:29:07.785127+00:00,arms,left_wrist_flex,2172,34,0,24,2169,2172
32.0,2026-08-04T20:29:07.785127+00:00,arms,left_wrist_roll,1987,33,0,1044,1989,1987
32.0,2026-08-04T20:29:07.785127+00:00,arms,left_gripper,2013,37,0,0,2014,2013
32.0,2026-08-04T20:29:07.785127+00:00,arms,right_shoulder_pan,1965,37,1,1056,1974,1965
32.0,2026-08-04T20:29:07.785127+00:00,arms,right_shoulder_lift,2160,36,38,236,2049,2157
32.0,2026-08-04T20:29:07.785127+00:00,arms,right_elbow_flex,2167,37,16,154,2097,2166
32.0,2026-08-04T20:29:07.785127+00:00,arms,right_wrist_flex,1995,36,2,52,1976,1994
32.0,2026-08-04T20:29:07.785127+00:00,arms,right_wrist_roll,2109,35,0,1048,2114,2109
32.0,2026-08-04T20:29:07.785127+00:00,arms,right_gripper,2079,38,0,0,2079,2079
32.0,2026-08-04T20:29:07.785127+00:00,head,head_motor_1,2158,25,0,0,,
32.0,2026-08-04T20:29:07.785127+00:00,head,head_motor_2,1943,27,0,0,,
32.0,2026-08-04T20:29:07.785127+00:00,head,base_left_wheel,3461,27,0,0,,
32.0,2026-08-04T20:29:07.785127+00:00,head,base_back_wheel,3496,27,0,0,,
32.0,2026-08-04T20:29:07.785127+00:00,head,base_right_wheel,2173,26,0,0,,
33.0,2026-08-04T20:29:08.786778+00:00,arms,left_shoulder_pan,1857,36,0,0,1857,1857
33.0,2026-08-04T20:29:08.786778+00:00,arms,left_shoulder_lift,2403,33,3,68,2389,2403
33.0,2026-08-04T20:29:08.786778+00:00,arms,left_elbow_flex,1644,34,3,72,1629,1644
33.0,2026-08-04T20:29:08.786778+00:00,arms,left_wrist_flex,2172,34,0,24,2169,2172
33.0,2026-08-04T20:29:08.786778+00:00,arms,left_wrist_roll,1987,33,0,1044,1989,1987
33.0,2026-08-04T20:29:08.786778+00:00,arms,left_gripper,2013,37,0,0,2014,2013
33.0,2026-08-04T20:29:08.786778+00:00,arms,right_shoulder_pan,1965,37,1,1056,1974,1965
33.0,2026-08-04T20:29:08.786778+00:00,arms,right_shoulder_lift,2160,36,40,236,2049,2157
33.0,2026-08-04T20:29:08.786778+00:00,arms,right_elbow_flex,2167,37,20,154,2097,2166
33.0,2026-08-04T20:29:08.786778+00:00,arms,right_wrist_flex,1995,36,2,52,1976,1994
33.0,2026-08-04T20:29:08.786778+00:00,arms,right_wrist_roll,2109,35,0,1048,2114,2109
33.0,2026-08-04T20:29:08.786778+00:00,arms,right_gripper,2079,38,0,0,2079,2079
33.0,2026-08-04T20:29:08.786778+00:00,head,head_motor_1,2158,25,0,0,,
33.0,2026-08-04T20:29:08.786778+00:00,head,head_motor_2,1943,27,0,0,,
33.0,2026-08-04T20:29:08.786778+00:00,head,base_left_wheel,3461,27,0,0,,
33.0,2026-08-04T20:29:08.786778+00:00,head,base_back_wheel,3496,27,0,0,,
33.0,2026-08-04T20:29:08.786778+00:00,head,base_right_wheel,2173,26,0,0,,
34.0,2026-08-04T20:29:09.787869+00:00,arms,left_shoulder_pan,1857,36,0,0,1857,1857
34.0,2026-08-04T20:29:09.787869+00:00,arms,left_shoulder_lift,2403,33,3,68,2389,2403
34.0,2026-08-04T20:29:09.787869+00:00,arms,left_elbow_flex,1644,34,2,72,1629,1644
34.0,2026-08-04T20:29:09.787869+00:00,arms,left_wrist_flex,2172,34,0,24,2169,2172
34.0,2026-08-04T20:29:09.787869+00:00,arms,left_wrist_roll,1987,33,0,1044,1989,1987
34.0,2026-08-04T20:29:09.787869+00:00,arms,left_gripper,2013,37,0,0,2014,2013
34.0,2026-08-04T20:29:09.787869+00:00,arms,right_shoulder_pan,1965,37,1,1056,1974,1965
34.0,2026-08-04T20:29:09.787869+00:00,arms,right_shoulder_lift,2160,36,32,236,2049,2157
34.0,2026-08-04T20:29:09.787869+00:00,arms,right_elbow_flex,2167,37,14,154,2097,2166
34.0,2026-08-04T20:29:09.787869+00:00,arms,right_wrist_flex,1995,36,2,52,1976,1994
34.0,2026-08-04T20:29:09.787869+00:00,arms,right_wrist_roll,2109,35,0,1048,2114,2109
34.0,2026-08-04T20:29:09.787869+00:00,arms,right_gripper,2079,38,0,0,2079,2079
34.0,2026-08-04T20:29:09.787869+00:00,head,head_motor_1,2158,25,0,0,,
34.0,2026-08-04T20:29:09.787869+00:00,head,head_motor_2,1943,27,0,0,,
34.0,2026-08-04T20:29:09.787869+00:00,head,base_left_wheel,3461,27,0,0,,
34.0,2026-08-04T20:29:09.787869+00:00,head,base_back_wheel,3496,27,0,0,,
34.0,2026-08-04T20:29:09.787869+00:00,head,base_right_wheel,2174,26,0,0,,
35.0,2026-08-04T20:29:10.789296+00:00,arms,left_shoulder_pan,1857,36,0,0,1857,1857
35.0,2026-08-04T20:29:10.789296+00:00,arms,left_shoulder_lift,2403,33,4,68,2389,2403
35.0,2026-08-04T20:29:10.789296+00:00,arms,left_elbow_flex,1644,34,3,72,1629,1644
35.0,2026-08-04T20:29:10.789296+00:00,arms,left_wrist_flex,2172,34,1,24,2169,2172
35.0,2026-08-04T20:29:10.789296+00:00,arms,left_wrist_roll,1987,33,1,1044,1989,1987
35.0,2026-08-04T20:29:10.789296+00:00,arms,left_gripper,2013,37,0,0,2014,2013
35.0,2026-08-04T20:29:10.789296+00:00,arms,right_shoulder_pan,1965,37,0,1056,1974,1965
35.0,2026-08-04T20:29:10.789296+00:00,arms,right_shoulder_lift,2160,36,30,236,2049,2157
35.0,2026-08-04T20:29:10.789296+00:00,arms,right_elbow_flex,2167,37,14,154,2097,2166
35.0,2026-08-04T20:29:10.789296+00:00,arms,right_wrist_flex,1995,36,2,52,1976,1994
35.0,2026-08-04T20:29:10.789296+00:00,arms,right_wrist_roll,2109,35,0,1048,2114,2109
35.0,2026-08-04T20:29:10.789296+00:00,arms,right_gripper,2079,38,0,0,2079,2079
35.0,2026-08-04T20:29:10.789296+00:00,head,head_motor_1,2158,25,0,0,,
35.0,2026-08-04T20:29:10.789296+00:00,head,head_motor_2,1943,27,0,0,,
35.0,2026-08-04T20:29:10.789296+00:00,head,base_left_wheel,3461,27,0,0,,
35.0,2026-08-04T20:29:10.789296+00:00,head,base_back_wheel,3496,27,0,0,,
35.0,2026-08-04T20:29:10.789296+00:00,head,base_right_wheel,2173,26,0,0,,
36.0,2026-08-04T20:29:11.790739+00:00,arms,left_shoulder_pan,1857,36,0,0,1857,1857
36.0,2026-08-04T20:29:11.790739+00:00,arms,left_shoulder_lift,2403,33,4,68,2389,2403
36.0,2026-08-04T20:29:11.790739+00:00,arms,left_elbow_flex,1644,34,3,72,1629,1644
36.0,2026-08-04T20:29:11.790739+00:00,arms,left_wrist_flex,2172,34,0,24,2169,2172
36.0,2026-08-04T20:29:11.790739+00:00,arms,left_wrist_roll,1987,33,0,1044,1989,1987
36.0,2026-08-04T20:29:11.790739+00:00,arms,left_gripper,2013,37,0,0,2014,2013
36.0,2026-08-04T20:29:11.790739+00:00,arms,right_shoulder_pan,1965,37,1,1056,1974,1965
36.0,2026-08-04T20:29:11.790739+00:00,arms,right_shoulder_lift,2160,36,40,236,2049,2157
36.0,2026-08-04T20:29:11.790739+00:00,arms,right_elbow_flex,2167,37,14,154,2097,2166
36.0,2026-08-04T20:29:11.790739+00:00,arms,right_wrist_flex,1995,36,1,52,1976,1994
36.0,2026-08-04T20:29:11.790739+00:00,arms,right_wrist_roll,2109,35,1,1048,2114,2109
36.0,2026-08-04T20:29:11.790739+00:00,arms,right_gripper,2079,38,0,0,2079,2079
36.0,2026-08-04T20:29:11.790739+00:00,head,head_motor_1,2158,25,0,0,,
36.0,2026-08-04T20:29:11.790739+00:00,head,head_motor_2,1943,27,0,0,,
36.0,2026-08-04T20:29:11.790739+00:00,head,base_left_wheel,3461,27,0,0,,
36.0,2026-08-04T20:29:11.790739+00:00,head,base_back_wheel,3496,27,0,0,,
36.0,2026-08-04T20:29:11.790739+00:00,head,base_right_wheel,2173,26,0,0,,
37.0,2026-08-04T20:29:12.792188+00:00,arms,left_shoulder_pan,1857,36,0,0,1857,1857
37.0,2026-08-04T20:29:12.792188+00:00,arms,left_shoulder_lift,2403,33,3,68,2389,2403
37.0,2026-08-04T20:29:12.792188+00:00,arms,left_elbow_flex,1644,34,3,72,1629,1644
37.0,2026-08-04T20:29:12.792188+00:00,arms,left_wrist_flex,2172,34,0,24,2169,2172
37.0,2026-08-04T20:29:12.792188+00:00,arms,left_wrist_roll,1987,33,0,1044,1989,1987
37.0,2026-08-04T20:29:12.792188+00:00,arms,left_gripper,2013,37,0,0,2014,2013
37.0,2026-08-04T20:29:12.792188+00:00,arms,right_shoulder_pan,1965,37,1,1056,1974,1965
37.0,2026-08-04T20:29:12.792188+00:00,arms,right_shoulder_lift,2160,36,35,236,2049,2157
37.0,2026-08-04T20:29:12.792188+00:00,arms,right_elbow_flex,2167,37,20,154,2097,2166
37.0,2026-08-04T20:29:12.792188+00:00,arms,right_wrist_flex,1995,36,2,52,1976,1994
37.0,2026-08-04T20:29:12.792188+00:00,arms,right_wrist_roll,2109,35,1,1048,2114,2109
37.0,2026-08-04T20:29:12.792188+00:00,arms,right_gripper,2079,38,0,0,2079,2079
37.0,2026-08-04T20:29:12.792188+00:00,head,head_motor_1,2158,25,0,0,,
37.0,2026-08-04T20:29:12.792188+00:00,head,head_motor_2,1943,27,0,0,,
37.0,2026-08-04T20:29:12.792188+00:00,head,base_left_wheel,3461,27,0,0,,
37.0,2026-08-04T20:29:12.792188+00:00,head,base_back_wheel,3496,27,0,0,,
37.0,2026-08-04T20:29:12.792188+00:00,head,base_right_wheel,2173,26,0,0,,
38.1,2026-08-04T20:29:13.793716+00:00,arms,left_shoulder_pan,1857,36,0,0,1857,1857
38.1,2026-08-04T20:29:13.793716+00:00,arms,left_shoulder_lift,2403,33,4,68,2389,2403
38.1,2026-08-04T20:29:13.793716+00:00,arms,left_elbow_flex,1644,34,3,72,1629,1644
38.1,2026-08-04T20:29:13.793716+00:00,arms,left_wrist_flex,2172,34,0,24,2169,2172
38.1,2026-08-04T20:29:13.793716+00:00,arms,left_wrist_roll,1987,33,0,1044,1989,1987
38.1,2026-08-04T20:29:13.793716+00:00,arms,left_gripper,2013,37,0,0,2014,2013
38.1,2026-08-04T20:29:13.793716+00:00,arms,right_shoulder_pan,1965,37,1,1056,1974,1965
38.1,2026-08-04T20:29:13.793716+00:00,arms,right_shoulder_lift,2160,36,42,236,2049,2157
38.1,2026-08-04T20:29:13.793716+00:00,arms,right_elbow_flex,2167,37,15,154,2097,2166
38.1,2026-08-04T20:29:13.793716+00:00,arms,right_wrist_flex,1995,36,2,52,1976,1994
38.1,2026-08-04T20:29:13.793716+00:00,arms,right_wrist_roll,2109,35,0,1048,2114,2109
38.1,2026-08-04T20:29:13.793716+00:00,arms,right_gripper,2079,38,0,0,2079,2079
38.1,2026-08-04T20:29:13.793716+00:00,head,head_motor_1,2158,25,0,0,,
38.1,2026-08-04T20:29:13.793716+00:00,head,head_motor_2,1943,27,0,0,,
38.1,2026-08-04T20:29:13.793716+00:00,head,base_left_wheel,3461,27,0,0,,
38.1,2026-08-04T20:29:13.793716+00:00,head,base_back_wheel,3496,27,0,0,,
38.1,2026-08-04T20:29:13.793716+00:00,head,base_right_wheel,2173,26,0,0,,
39.1,2026-08-04T20:29:14.795185+00:00,arms,left_shoulder_pan,1857,36,0,0,1857,1857
39.1,2026-08-04T20:29:14.795185+00:00,arms,left_shoulder_lift,2403,33,3,68,2389,2403
39.1,2026-08-04T20:29:14.795185+00:00,arms,left_elbow_flex,1644,34,3,72,1629,1644
39.1,2026-08-04T20:29:14.795185+00:00,arms,left_wrist_flex,2172,34,0,24,2169,2172
39.1,2026-08-04T20:29:14.795185+00:00,arms,left_wrist_roll,1987,33,0,1044,1989,1987
39.1,2026-08-04T20:29:14.795185+00:00,arms,left_gripper,2013,37,0,0,2014,2013
39.1,2026-08-04T20:29:14.795185+00:00,arms,right_shoulder_pan,1965,37,1,1056,1974,1965
39.1,2026-08-04T20:29:14.795185+00:00,arms,right_shoulder_lift,2160,36,34,236,2049,2157
39.1,2026-08-04T20:29:14.795185+00:00,arms,right_elbow_flex,2167,37,21,154,2097,2166
39.1,2026-08-04T20:29:14.795185+00:00,arms,right_wrist_flex,1995,36,1,52,1976,1994
39.1,2026-08-04T20:29:14.795185+00:00,arms,right_wrist_roll,2109,35,0,1048,2114,2109
39.1,2026-08-04T20:29:14.795185+00:00,arms,right_gripper,2079,38,0,0,2079,2079
39.1,2026-08-04T20:29:14.795185+00:00,head,head_motor_1,2158,25,0,0,,
39.1,2026-08-04T20:29:14.795185+00:00,head,head_motor_2,1943,27,0,0,,
39.1,2026-08-04T20:29:14.795185+00:00,head,base_left_wheel,3461,27,1,0,,
39.1,2026-08-04T20:29:14.795185+00:00,head,base_back_wheel,3496,27,0,0,,
39.1,2026-08-04T20:29:14.795185+00:00,head,base_right_wheel,2174,26,0,0,,
40.1,2026-08-04T20:29:15.796681+00:00,arms,left_shoulder_pan,1857,36,0,0,1857,1857
40.1,2026-08-04T20:29:15.796681+00:00,arms,left_shoulder_lift,2403,33,3,68,2389,2403
40.1,2026-08-04T20:29:15.796681+00:00,arms,left_elbow_flex,1644,34,3,72,1629,1644
40.1,2026-08-04T20:29:15.796681+00:00,arms,left_wrist_flex,2172,34,0,24,2169,2172
40.1,2026-08-04T20:29:15.796681+00:00,arms,left_wrist_roll,1987,33,1,1044,1989,1987
40.1,2026-08-04T20:29:15.796681+00:00,arms,left_gripper,2013,37,0,0,2014,2013
40.1,2026-08-04T20:29:15.796681+00:00,arms,right_shoulder_pan,1965,37,1,1056,1974,1965
40.1,2026-08-04T20:29:15.796681+00:00,arms,right_shoulder_lift,2160,36,39,236,2049,2157
40.1,2026-08-04T20:29:15.796681+00:00,arms,right_elbow_flex,2167,37,21,154,2097,2166
40.1,2026-08-04T20:29:15.796681+00:00,arms,right_wrist_flex,1995,36,1,52,1976,1994
40.1,2026-08-04T20:29:15.796681+00:00,arms,right_wrist_roll,2109,35,0,1048,2114,2109
40.1,2026-08-04T20:29:15.796681+00:00,arms,right_gripper,2079,38,0,0,2079,2079
40.1,2026-08-04T20:29:15.796681+00:00,head,head_motor_1,2158,25,0,0,,
40.1,2026-08-04T20:29:15.796681+00:00,head,head_motor_2,1943,27,0,0,,
40.1,2026-08-04T20:29:15.796681+00:00,head,base_left_wheel,3461,27,0,0,,
40.1,2026-08-04T20:29:15.796681+00:00,head,base_back_wheel,3496,27,0,0,,
40.1,2026-08-04T20:29:15.796681+00:00,head,base_right_wheel,2174,26,0,0,,
41.1,2026-08-04T20:29:16.798124+00:00,arms,left_shoulder_pan,1857,36,0,0,1857,1857
41.1,2026-08-04T20:29:16.798124+00:00,arms,left_shoulder_lift,2403,33,4,68,2389,2403
41.1,2026-08-04T20:29:16.798124+00:00,arms,left_elbow_flex,1644,34,3,72,1629,1644
41.1,2026-08-04T20:29:16.798124+00:00,arms,left_wrist_flex,2172,34,0,24,2169,2172
41.1,2026-08-04T20:29:16.798124+00:00,arms,left_wrist_roll,1987,33,0,1044,1989,1987
41.1,2026-08-04T20:29:16.798124+00:00,arms,left_gripper,2013,37,0,0,2014,2013
41.1,2026-08-04T20:29:16.798124+00:00,arms,right_shoulder_pan,1965,37,0,1056,1974,1965
41.1,2026-08-04T20:29:16.798124+00:00,arms,right_shoulder_lift,2160,36,39,236,2049,2157
41.1,2026-08-04T20:29:16.798124+00:00,arms,right_elbow_flex,2167,37,19,154,2097,2166
41.1,2026-08-04T20:29:16.798124+00:00,arms,right_wrist_flex,1995,36,1,52,1976,1994
41.1,2026-08-04T20:29:16.798124+00:00,arms,right_wrist_roll,2109,35,0,1048,2114,2109
41.1,2026-08-04T20:29:16.798124+00:00,arms,right_gripper,2079,38,0,0,2079,2079
41.1,2026-08-04T20:29:16.798124+00:00,head,head_motor_1,2158,25,0,0,,
41.1,2026-08-04T20:29:16.798124+00:00,head,head_motor_2,1943,27,0,0,,
41.1,2026-08-04T20:29:16.798124+00:00,head,base_left_wheel,3461,27,0,0,,
41.1,2026-08-04T20:29:16.798124+00:00,head,base_back_wheel,3496,27,0,0,,
41.1,2026-08-04T20:29:16.798124+00:00,head,base_right_wheel,2173,26,0,0,,
42.1,2026-08-04T20:29:17.799683+00:00,arms,left_shoulder_pan,1857,36,0,0,1857,1857
42.1,2026-08-04T20:29:17.799683+00:00,arms,left_shoulder_lift,2403,33,4,68,2389,2403
42.1,2026-08-04T20:29:17.799683+00:00,arms,left_elbow_flex,1644,34,3,72,1629,1644
42.1,2026-08-04T20:29:17.799683+00:00,arms,left_wrist_flex,2172,34,0,24,2169,2172
42.1,2026-08-04T20:29:17.799683+00:00,arms,left_wrist_roll,1987,33,0,1044,1989,1987
42.1,2026-08-04T20:29:17.799683+00:00,arms,left_gripper,2013,37,0,0,2014,2013
42.1,2026-08-04T20:29:17.799683+00:00,arms,right_shoulder_pan,1965,37,1,1056,1974,1965
42.1,2026-08-04T20:29:17.799683+00:00,arms,right_shoulder_lift,2160,36,31,236,2049,2157
42.1,2026-08-04T20:29:17.799683+00:00,arms,right_elbow_flex,2167,37,19,154,2097,2166
42.1,2026-08-04T20:29:17.799683+00:00,arms,right_wrist_flex,1995,36,1,52,1976,1994
42.1,2026-08-04T20:29:17.799683+00:00,arms,right_wrist_roll,2109,35,0,1048,2114,2109
42.1,2026-08-04T20:29:17.799683+00:00,arms,right_gripper,2079,38,0,0,2079,2079
42.1,2026-08-04T20:29:17.799683+00:00,head,head_motor_1,2158,25,0,0,,
42.1,2026-08-04T20:29:17.799683+00:00,head,head_motor_2,1943,27,0,0,,
42.1,2026-08-04T20:29:17.799683+00:00,head,base_left_wheel,3461,27,0,0,,
42.1,2026-08-04T20:29:17.799683+00:00,head,base_back_wheel,3496,27,0,0,,
42.1,2026-08-04T20:29:17.799683+00:00,head,base_right_wheel,2173,26,0,0,,
43.1,2026-08-04T20:29:18.801157+00:00,arms,left_shoulder_pan,1857,36,0,0,1857,1857
43.1,2026-08-04T20:29:18.801157+00:00,arms,left_shoulder_lift,2403,33,4,68,2389,2403
43.1,2026-08-04T20:29:18.801157+00:00,arms,left_elbow_flex,1644,34,3,72,1629,1644
43.1,2026-08-04T20:29:18.801157+00:00,arms,left_wrist_flex,2172,34,0,24,2169,2172
43.1,2026-08-04T20:29:18.801157+00:00,arms,left_wrist_roll,1987,33,0,1044,1989,1987
43.1,2026-08-04T20:29:18.801157+00:00,arms,left_gripper,2013,37,0,0,2014,2013
43.1,2026-08-04T20:29:18.801157+00:00,arms,right_shoulder_pan,1965,37,0,1056,1974,1965
43.1,2026-08-04T20:29:18.801157+00:00,arms,right_shoulder_lift,2160,36,40,236,2049,2157
43.1,2026-08-04T20:29:18.801157+00:00,arms,right_elbow_flex,2167,37,14,154,2097,2166
43.1,2026-08-04T20:29:18.801157+00:00,arms,right_wrist_flex,1995,36,2,52,1976,1994
43.1,2026-08-04T20:29:18.801157+00:00,arms,right_wrist_roll,2109,35,0,1048,2114,2109
43.1,2026-08-04T20:29:18.801157+00:00,arms,right_gripper,2079,38,0,0,2079,2079
43.1,2026-08-04T20:29:18.801157+00:00,head,head_motor_1,2158,25,0,0,,
43.1,2026-08-04T20:29:18.801157+00:00,head,head_motor_2,1943,27,0,0,,
43.1,2026-08-04T20:29:18.801157+00:00,head,base_left_wheel,3461,27,0,0,,
43.1,2026-08-04T20:29:18.801157+00:00,head,base_back_wheel,3496,27,0,0,,
43.1,2026-08-04T20:29:18.801157+00:00,head,base_right_wheel,2173,26,0,0,,
44.1,2026-08-04T20:29:19.802608+00:00,arms,left_shoulder_pan,1857,36,0,0,1857,1857
44.1,2026-08-04T20:29:19.802608+00:00,arms,left_shoulder_lift,2403,33,3,68,2389,2403
44.1,2026-08-04T20:29:19.802608+00:00,arms,left_elbow_flex,1644,34,3,72,1629,1644
44.1,2026-08-04T20:29:19.802608+00:00,arms,left_wrist_flex,2172,34,0,24,2169,2172
44.1,2026-08-04T20:29:19.802608+00:00,arms,left_wrist_roll,1987,33,0,1044,1989,1987
44.1,2026-08-04T20:29:19.802608+00:00,arms,left_gripper,2013,37,0,0,2014,2013
44.1,2026-08-04T20:29:19.802608+00:00,arms,right_shoulder_pan,1965,37,1,1056,1974,1965
44.1,2026-08-04T20:29:19.802608+00:00,arms,right_shoulder_lift,2160,36,41,236,2049,2157
44.1,2026-08-04T20:29:19.802608+00:00,arms,right_elbow_flex,2167,37,14,154,2097,2166
44.1,2026-08-04T20:29:19.802608+00:00,arms,right_wrist_flex,1995,36,2,52,1976,1994
44.1,2026-08-04T20:29:19.802608+00:00,arms,right_wrist_roll,2109,35,0,1048,2114,2109
44.1,2026-08-04T20:29:19.802608+00:00,arms,right_gripper,2079,38,0,0,2079,2079
44.1,2026-08-04T20:29:19.802608+00:00,head,head_motor_1,2158,25,0,0,,
44.1,2026-08-04T20:29:19.802608+00:00,head,head_motor_2,1943,27,0,0,,
44.1,2026-08-04T20:29:19.802608+00:00,head,base_left_wheel,3461,27,0,0,,
44.1,2026-08-04T20:29:19.802608+00:00,head,base_back_wheel,3496,27,0,0,,
44.1,2026-08-04T20:29:19.802608+00:00,head,base_right_wheel,2173,26,0,0,,
45.1,2026-08-04T20:29:20.804133+00:00,arms,left_shoulder_pan,1857,36,0,0,1857,1857
45.1,2026-08-04T20:29:20.804133+00:00,arms,left_shoulder_lift,2403,33,4,68,2389,2403
45.1,2026-08-04T20:29:20.804133+00:00,arms,left_elbow_flex,1644,34,3,72,1629,1644
45.1,2026-08-04T20:29:20.804133+00:00,arms,left_wrist_flex,2172,34,0,24,2169,2172
45.1,2026-08-04T20:29:20.804133+00:00,arms,left_wrist_roll,1987,33,0,1044,1989,1987
45.1,2026-08-04T20:29:20.804133+00:00,arms,left_gripper,2013,37,0,0,2014,2013
45.1,2026-08-04T20:29:20.804133+00:00,arms,right_shoulder_pan,1965,37,1,1056,1974,1965
45.1,2026-08-04T20:29:20.804133+00:00,arms,right_shoulder_lift,2160,36,30,236,2049,2157
45.1,2026-08-04T20:29:20.804133+00:00,arms,right_elbow_flex,2167,37,19,154,2097,2166
45.1,2026-08-04T20:29:20.804133+00:00,arms,right_wrist_flex,1995,36,2,52,1976,1994
45.1,2026-08-04T20:29:20.804133+00:00,arms,right_wrist_roll,2109,35,0,1048,2114,2109
45.1,2026-08-04T20:29:20.804133+00:00,arms,right_gripper,2079,38,0,0,2079,2079
45.1,2026-08-04T20:29:20.804133+00:00,head,head_motor_1,2158,25,0,0,,
45.1,2026-08-04T20:29:20.804133+00:00,head,head_motor_2,1943,27,0,0,,
45.1,2026-08-04T20:29:20.804133+00:00,head,base_left_wheel,3461,27,0,0,,
45.1,2026-08-04T20:29:20.804133+00:00,head,base_back_wheel,3496,27,0,0,,
45.1,2026-08-04T20:29:20.804133+00:00,head,base_right_wheel,2173,26,0,0,,
46.1,2026-08-04T20:29:21.805608+00:00,arms,left_shoulder_pan,1857,36,0,0,1857,1857
46.1,2026-08-04T20:29:21.805608+00:00,arms,left_shoulder_lift,2403,33,4,68,2389,2403
46.1,2026-08-04T20:29:21.805608+00:00,arms,left_elbow_flex,1644,34,2,72,1629,1644
46.1,2026-08-04T20:29:21.805608+00:00,arms,left_wrist_flex,2172,34,0,24,2169,2172
46.1,2026-08-04T20:29:21.805608+00:00,arms,left_wrist_roll,1987,33,0,1044,1989,1987
46.1,2026-08-04T20:29:21.805608+00:00,arms,left_gripper,2013,37,0,0,2014,2013
46.1,2026-08-04T20:29:21.805608+00:00,arms,right_shoulder_pan,1965,37,1,1056,1974,1965
46.1,2026-08-04T20:29:21.805608+00:00,arms,right_shoulder_lift,2161,36,41,238,2049,2157
46.1,2026-08-04T20:29:21.805608+00:00,arms,right_elbow_flex,2168,37,20,156,2097,2166
46.1,2026-08-04T20:29:21.805608+00:00,arms,right_wrist_flex,1995,36,2,52,1976,1994
46.1,2026-08-04T20:29:21.805608+00:00,arms,right_wrist_roll,2109,35,0,1048,2114,2109
46.1,2026-08-04T20:29:21.805608+00:00,arms,right_gripper,2079,38,0,0,2079,2079
46.1,2026-08-04T20:29:21.805608+00:00,head,head_motor_1,2158,25,0,0,,
46.1,2026-08-04T20:29:21.805608+00:00,head,head_motor_2,1943,27,0,0,,
46.1,2026-08-04T20:29:21.805608+00:00,head,base_left_wheel,3461,27,0,0,,
46.1,2026-08-04T20:29:21.805608+00:00,head,base_back_wheel,3496,27,0,0,,
46.1,2026-08-04T20:29:21.805608+00:00,head,base_right_wheel,2173,26,0,0,,
47.1,2026-08-04T20:29:22.807041+00:00,arms,left_shoulder_pan,1857,36,0,0,1857,1857
47.1,2026-08-04T20:29:22.807041+00:00,arms,left_shoulder_lift,2403,33,4,68,2389,2403
47.1,2026-08-04T20:29:22.807041+00:00,arms,left_elbow_flex,1644,34,3,72,1629,1644
47.1,2026-08-04T20:29:22.807041+00:00,arms,left_wrist_flex,2172,34,0,24,2169,2172
47.1,2026-08-04T20:29:22.807041+00:00,arms,left_wrist_roll,1987,34,0,1044,1989,1987
47.1,2026-08-04T20:29:22.807041+00:00,arms,left_gripper,2013,37,0,0,2014,2013
47.1,2026-08-04T20:29:22.807041+00:00,arms,right_shoulder_pan,1965,37,1,1056,1974,1965
47.1,2026-08-04T20:29:22.807041+00:00,arms,right_shoulder_lift,2161,37,33,238,2049,2157
47.1,2026-08-04T20:29:22.807041+00:00,arms,right_elbow_flex,2168,37,21,156,2097,2166
47.1,2026-08-04T20:29:22.807041+00:00,arms,right_wrist_flex,1995,36,2,52,1976,1994
47.1,2026-08-04T20:29:22.807041+00:00,arms,right_wrist_roll,2109,35,0,1048,2114,2109
47.1,2026-08-04T20:29:22.807041+00:00,arms,right_gripper,2079,38,0,0,2079,2079
47.1,2026-08-04T20:29:22.807041+00:00,head,head_motor_1,2158,25,0,0,,
47.1,2026-08-04T20:29:22.807041+00:00,head,head_motor_2,1943,27,0,0,,
47.1,2026-08-04T20:29:22.807041+00:00,head,base_left_wheel,3461,27,0,0,,
47.1,2026-08-04T20:29:22.807041+00:00,head,base_back_wheel,3496,27,0,0,,
47.1,2026-08-04T20:29:22.807041+00:00,head,base_right_wheel,2173,26,0,0,,
48.1,2026-08-04T20:29:23.808489+00:00,arms,left_shoulder_pan,1857,36,0,0,1857,1857
48.1,2026-08-04T20:29:23.808489+00:00,arms,left_shoulder_lift,2403,33,4,68,2389,2403
48.1,2026-08-04T20:29:23.808489+00:00,arms,left_elbow_flex,1644,34,3,72,1629,1644
48.1,2026-08-04T20:29:23.808489+00:00,arms,left_wrist_flex,2172,34,1,24,2169,2172
48.1,2026-08-04T20:29:23.808489+00:00,arms,left_wrist_roll,1987,33,0,1044,1989,1987
48.1,2026-08-04T20:29:23.808489+00:00,arms,left_gripper,2013,37,0,0,2014,2013
48.1,2026-08-04T20:29:23.808489+00:00,arms,right_shoulder_pan,1965,37,1,1056,1974,1965
48.1,2026-08-04T20:29:23.808489+00:00,arms,right_shoulder_lift,2161,36,34,238,2049,2157
48.1,2026-08-04T20:29:23.808489+00:00,arms,right_elbow_flex,2168,37,21,156,2097,2166
48.1,2026-08-04T20:29:23.808489+00:00,arms,right_wrist_flex,1995,36,2,52,1976,1994
48.1,2026-08-04T20:29:23.808489+00:00,arms,right_wrist_roll,2109,35,1,1048,2114,2109
48.1,2026-08-04T20:29:23.808489+00:00,arms,right_gripper,2079,38,0,0,2079,2079
48.1,2026-08-04T20:29:23.808489+00:00,head,head_motor_1,2158,25,0,0,,
48.1,2026-08-04T20:29:23.808489+00:00,head,head_motor_2,1943,27,0,0,,
48.1,2026-08-04T20:29:23.808489+00:00,head,base_left_wheel,3461,27,0,0,,
48.1,2026-08-04T20:29:23.808489+00:00,head,base_back_wheel,3496,27,0,0,,
48.1,2026-08-04T20:29:23.808489+00:00,head,base_right_wheel,2173,26,0,0,,
49.1,2026-08-04T20:29:24.809972+00:00,arms,left_shoulder_pan,1857,36,0,0,1857,1857
49.1,2026-08-04T20:29:24.809972+00:00,arms,left_shoulder_lift,2403,33,3,68,2389,2403
49.1,2026-08-04T20:29:24.809972+00:00,arms,left_elbow_flex,1644,34,3,72,1629,1644
49.1,2026-08-04T20:29:24.809972+00:00,arms,left_wrist_flex,2172,34,1,24,2169,2172
49.1,2026-08-04T20:29:24.809972+00:00,arms,left_wrist_roll,1987,34,0,1044,1989,1987
49.1,2026-08-04T20:29:24.809972+00:00,arms,left_gripper,2013,37,0,0,2014,2013
49.1,2026-08-04T20:29:24.809972+00:00,arms,right_shoulder_pan,1965,37,1,1056,1974,1965
49.1,2026-08-04T20:29:24.809972+00:00,arms,right_shoulder_lift,2161,36,38,238,2049,2157
49.1,2026-08-04T20:29:24.809972+00:00,arms,right_elbow_flex,2168,37,20,156,2097,2166
49.1,2026-08-04T20:29:24.809972+00:00,arms,right_wrist_flex,1995,36,1,52,1976,1994
49.1,2026-08-04T20:29:24.809972+00:00,arms,right_wrist_roll,2109,35,1,1048,2114,2109
49.1,2026-08-04T20:29:24.809972+00:00,arms,right_gripper,2079,38,0,0,2079,2079
49.1,2026-08-04T20:29:24.809972+00:00,head,head_motor_1,2158,25,0,0,,
49.1,2026-08-04T20:29:24.809972+00:00,head,head_motor_2,1943,27,0,0,,
49.1,2026-08-04T20:29:24.809972+00:00,head,base_left_wheel,3461,27,0,0,,
49.1,2026-08-04T20:29:24.809972+00:00,head,base_back_wheel,3496,27,0,0,,
49.1,2026-08-04T20:29:24.809972+00:00,head,base_right_wheel,2173,26,0,0,,
50.1,2026-08-04T20:29:25.811413+00:00,arms,left_shoulder_pan,1857,36,0,0,1857,1857
50.1,2026-08-04T20:29:25.811413+00:00,arms,left_shoulder_lift,2403,33,3,68,2389,2403
50.1,2026-08-04T20:29:25.811413+00:00,arms,left_elbow_flex,1644,34,3,72,1629,1644
50.1,2026-08-04T20:29:25.811413+00:00,arms,left_wrist_flex,2172,34,0,24,2169,2172
50.1,2026-08-04T20:29:25.811413+00:00,arms,left_wrist_roll,1987,33,0,1044,1989,1987
50.1,2026-08-04T20:29:25.811413+00:00,arms,left_gripper,2013,37,0,0,2014,2013
50.1,2026-08-04T20:29:25.811413+00:00,arms,right_shoulder_pan,1965,37,1,1056,1974,1965
50.1,2026-08-04T20:29:25.811413+00:00,arms,right_shoulder_lift,2161,36,35,238,2049,2157
50.1,2026-08-04T20:29:25.811413+00:00,arms,right_elbow_flex,2168,37,19,156,2097,2166
50.1,2026-08-04T20:29:25.811413+00:00,arms,right_wrist_flex,1995,36,2,52,1976,1994
50.1,2026-08-04T20:29:25.811413+00:00,arms,right_wrist_roll,2109,35,0,1048,2114,2109
50.1,2026-08-04T20:29:25.811413+00:00,arms,right_gripper,2079,38,0,0,2079,2079
50.1,2026-08-04T20:29:25.811413+00:00,head,head_motor_1,2158,25,0,0,,
50.1,2026-08-04T20:29:25.811413+00:00,head,head_motor_2,1943,27,0,0,,
50.1,2026-08-04T20:29:25.811413+00:00,head,base_left_wheel,3461,27,0,0,,
50.1,2026-08-04T20:29:25.811413+00:00,head,base_back_wheel,3496,27,0,0,,
50.1,2026-08-04T20:29:25.811413+00:00,head,base_right_wheel,2173,26,0,0,,
51.1,2026-08-04T20:29:26.812878+00:00,arms,left_shoulder_pan,1857,36,0,0,1857,1857
51.1,2026-08-04T20:29:26.812878+00:00,arms,left_shoulder_lift,2403,33,4,68,2389,2403
51.1,2026-08-04T20:29:26.812878+00:00,arms,left_elbow_flex,1644,34,3,72,1629,1644
51.1,2026-08-04T20:29:26.812878+00:00,arms,left_wrist_flex,2172,34,0,24,2169,2172
51.1,2026-08-04T20:29:26.812878+00:00,arms,left_wrist_roll,1987,33,0,1044,1989,1987
51.1,2026-08-04T20:29:26.812878+00:00,arms,left_gripper,2013,37,0,0,2014,2013
51.1,2026-08-04T20:29:26.812878+00:00,arms,right_shoulder_pan,1965,37,1,1056,1974,1965
51.1,2026-08-04T20:29:26.812878+00:00,arms,right_shoulder_lift,2161,36,32,238,2049,2157
51.1,2026-08-04T20:29:26.812878+00:00,arms,right_elbow_flex,2168,37,14,156,2097,2166
51.1,2026-08-04T20:29:26.812878+00:00,arms,right_wrist_flex,1995,36,2,52,1976,1994
51.1,2026-08-04T20:29:26.812878+00:00,arms,right_wrist_roll,2109,35,0,1048,2114,2109
51.1,2026-08-04T20:29:26.812878+00:00,arms,right_gripper,2079,38,0,0,2079,2079
51.1,2026-08-04T20:29:26.812878+00:00,head,head_motor_1,2158,25,0,0,,
51.1,2026-08-04T20:29:26.812878+00:00,head,head_motor_2,1943,27,0,0,,
51.1,2026-08-04T20:29:26.812878+00:00,head,base_left_wheel,3461,27,0,0,,
51.1,2026-08-04T20:29:26.812878+00:00,head,base_back_wheel,3496,27,0,0,,
51.1,2026-08-04T20:29:26.812878+00:00,head,base_right_wheel,2173,26,0,0,,
52.1,2026-08-04T20:29:27.814354+00:00,arms,left_shoulder_pan,1857,36,0,0,1857,1857
52.1,2026-08-04T20:29:27.814354+00:00,arms,left_shoulder_lift,2403,33,4,68,2389,2403
52.1,2026-08-04T20:29:27.814354+00:00,arms,left_elbow_flex,1644,34,2,72,1629,1644
52.1,2026-08-04T20:29:27.814354+00:00,arms,left_wrist_flex,2172,34,0,24,2169,2172
52.1,2026-08-04T20:29:27.814354+00:00,arms,left_wrist_roll,1987,33,0,1044,1989,1987
52.1,2026-08-04T20:29:27.814354+00:00,arms,left_gripper,2013,37,0,0,2014,2013
52.1,2026-08-04T20:29:27.814354+00:00,arms,right_shoulder_pan,1965,37,1,1056,1974,1965
52.1,2026-08-04T20:29:27.814354+00:00,arms,right_shoulder_lift,2161,37,38,238,2049,2157
52.1,2026-08-04T20:29:27.814354+00:00,arms,right_elbow_flex,2168,37,17,156,2097,2166
52.1,2026-08-04T20:29:27.814354+00:00,arms,right_wrist_flex,1995,36,1,52,1976,1994
52.1,2026-08-04T20:29:27.814354+00:00,arms,right_wrist_roll,2109,35,1,1048,2114,2109
52.1,2026-08-04T20:29:27.814354+00:00,arms,right_gripper,2079,38,0,0,2079,2079
52.1,2026-08-04T20:29:27.814354+00:00,head,head_motor_1,2158,25,0,0,,
52.1,2026-08-04T20:29:27.814354+00:00,head,head_motor_2,1943,27,0,0,,
52.1,2026-08-04T20:29:27.814354+00:00,head,base_left_wheel,3461,27,0,0,,
52.1,2026-08-04T20:29:27.814354+00:00,head,base_back_wheel,3496,27,0,0,,
52.1,2026-08-04T20:29:27.814354+00:00,head,base_right_wheel,2173,26,0,0,,
53.1,2026-08-04T20:29:28.815652+00:00,arms,left_shoulder_pan,1857,36,0,0,1857,1857
53.1,2026-08-04T20:29:28.815652+00:00,arms,left_shoulder_lift,2403,33,4,68,2389,2403
53.1,2026-08-04T20:29:28.815652+00:00,arms,left_elbow_flex,1644,34,3,72,1629,1644
53.1,2026-08-04T20:29:28.815652+00:00,arms,left_wrist_flex,2172,34,1,24,2169,2172
53.1,2026-08-04T20:29:28.815652+00:00,arms,left_wrist_roll,1987,33,0,1044,1989,1987
53.1,2026-08-04T20:29:28.815652+00:00,arms,left_gripper,2013,37,0,0,2014,2013
53.1,2026-08-04T20:29:28.815652+00:00,arms,right_shoulder_pan,1965,37,1,1056,1974,1965
53.1,2026-08-04T20:29:28.815652+00:00,arms,right_shoulder_lift,2161,37,34,238,2049,2157
53.1,2026-08-04T20:29:28.815652+00:00,arms,right_elbow_flex,2168,37,20,156,2097,2166
53.1,2026-08-04T20:29:28.815652+00:00,arms,right_wrist_flex,1995,36,1,52,1976,1994
53.1,2026-08-04T20:29:28.815652+00:00,arms,right_wrist_roll,2109,35,1,1048,2114,2109
53.1,2026-08-04T20:29:28.815652+00:00,arms,right_gripper,2079,38,0,0,2079,2079
53.1,2026-08-04T20:29:28.815652+00:00,head,head_motor_1,2158,25,0,0,,
53.1,2026-08-04T20:29:28.815652+00:00,head,head_motor_2,1943,27,0,0,,
53.1,2026-08-04T20:29:28.815652+00:00,head,base_left_wheel,3461,27,0,0,,
53.1,2026-08-04T20:29:28.815652+00:00,head,base_back_wheel,3496,27,0,0,,
53.1,2026-08-04T20:29:28.815652+00:00,head,base_right_wheel,2173,26,0,0,,
54.1,2026-08-04T20:29:29.816752+00:00,arms,left_shoulder_pan,1857,36,0,0,1857,1857
54.1,2026-08-04T20:29:29.816752+00:00,arms,left_shoulder_lift,2403,33,4,68,2389,2403
54.1,2026-08-04T20:29:29.816752+00:00,arms,left_elbow_flex,1644,34,3,72,1629,1644
54.1,2026-08-04T20:29:29.816752+00:00,arms,left_wrist_flex,2172,34,1,24,2169,2172
54.1,2026-08-04T20:29:29.816752+00:00,arms,left_wrist_roll,1987,33,0,1044,1989,1987
54.1,2026-08-04T20:29:29.816752+00:00,arms,left_gripper,2013,37,0,0,2014,2013
54.1,2026-08-04T20:29:29.816752+00:00,arms,right_shoulder_pan,1965,37,1,1056,1974,1965
54.1,2026-08-04T20:29:29.816752+00:00,arms,right_shoulder_lift,2161,37,30,238,2049,2157
54.1,2026-08-04T20:29:29.816752+00:00,arms,right_elbow_flex,2168,37,20,156,2097,2166
54.1,2026-08-04T20:29:29.816752+00:00,arms,right_wrist_flex,1995,36,1,52,1976,1994
54.1,2026-08-04T20:29:29.816752+00:00,arms,right_wrist_roll,2109,35,0,1048,2114,2109
54.1,2026-08-04T20:29:29.816752+00:00,arms,right_gripper,2079,38,0,0,2079,2079
54.1,2026-08-04T20:29:29.816752+00:00,head,head_motor_1,2158,25,0,0,,
54.1,2026-08-04T20:29:29.816752+00:00,head,head_motor_2,1943,27,0,0,,
54.1,2026-08-04T20:29:29.816752+00:00,head,base_left_wheel,3461,27,0,0,,
54.1,2026-08-04T20:29:29.816752+00:00,head,base_back_wheel,3496,27,0,0,,
54.1,2026-08-04T20:29:29.816752+00:00,head,base_right_wheel,2173,26,0,0,,
55.1,2026-08-04T20:29:30.817839+00:00,arms,left_shoulder_pan,1857,36,0,0,1857,1857
55.1,2026-08-04T20:29:30.817839+00:00,arms,left_shoulder_lift,2403,33,3,68,2389,2403
55.1,2026-08-04T20:29:30.817839+00:00,arms,left_elbow_flex,1644,34,3,72,1629,1644
55.1,2026-08-04T20:29:30.817839+00:00,arms,left_wrist_flex,2172,34,0,24,2169,2172
55.1,2026-08-04T20:29:30.817839+00:00,arms,left_wrist_roll,1987,33,0,1044,1989,1987
55.1,2026-08-04T20:29:30.817839+00:00,arms,left_gripper,2013,37,0,0,2014,2013
55.1,2026-08-04T20:29:30.817839+00:00,arms,right_shoulder_pan,1965,37,1,1056,1974,1965
55.1,2026-08-04T20:29:30.817839+00:00,arms,right_shoulder_lift,2161,37,38,238,2049,2157
55.1,2026-08-04T20:29:30.817839+00:00,arms,right_elbow_flex,2168,37,20,156,2097,2166
55.1,2026-08-04T20:29:30.817839+00:00,arms,right_wrist_flex,1995,36,1,52,1976,1994
55.1,2026-08-04T20:29:30.817839+00:00,arms,right_wrist_roll,2109,35,1,1048,2114,2109
55.1,2026-08-04T20:29:30.817839+00:00,arms,right_gripper,2079,38,0,0,2079,2079
55.1,2026-08-04T20:29:30.817839+00:00,head,head_motor_1,2158,25,0,0,,
55.1,2026-08-04T20:29:30.817839+00:00,head,head_motor_2,1943,27,0,0,,
55.1,2026-08-04T20:29:30.817839+00:00,head,base_left_wheel,3461,27,0,0,,
55.1,2026-08-04T20:29:30.817839+00:00,head,base_back_wheel,3496,27,0,0,,
55.1,2026-08-04T20:29:30.817839+00:00,head,base_right_wheel,2173,26,0,0,,
56.1,2026-08-04T20:29:31.819290+00:00,arms,left_shoulder_pan,1857,36,0,0,1857,1857
56.1,2026-08-04T20:29:31.819290+00:00,arms,left_shoulder_lift,2403,33,4,68,2389,2403
56.1,2026-08-04T20:29:31.819290+00:00,arms,left_elbow_flex,1644,34,2,72,1629,1644
56.1,2026-08-04T20:29:31.819290+00:00,arms,left_wrist_flex,2172,34,0,24,2169,2172
56.1,2026-08-04T20:29:31.819290+00:00,arms,left_wrist_roll,1987,33,0,1044,1989,1987
56.1,2026-08-04T20:29:31.819290+00:00,arms,left_gripper,2013,37,0,0,2014,2013
56.1,2026-08-04T20:29:31.819290+00:00,arms,right_shoulder_pan,1965,37,1,1056,1974,1965
56.1,2026-08-04T20:29:31.819290+00:00,arms,right_shoulder_lift,2161,37,36,238,2049,2157
56.1,2026-08-04T20:29:31.819290+00:00,arms,right_elbow_flex,2168,37,20,156,2097,2166
56.1,2026-08-04T20:29:31.819290+00:00,arms,right_wrist_flex,1995,36,1,52,1976,1994
56.1,2026-08-04T20:29:31.819290+00:00,arms,right_wrist_roll,2109,35,0,1048,2114,2109
56.1,2026-08-04T20:29:31.819290+00:00,arms,right_gripper,2079,38,0,0,2079,2079
56.1,2026-08-04T20:29:31.819290+00:00,head,head_motor_1,2158,25,0,0,,
56.1,2026-08-04T20:29:31.819290+00:00,head,head_motor_2,1943,27,0,0,,
56.1,2026-08-04T20:29:31.819290+00:00,head,base_left_wheel,3461,27,0,0,,
56.1,2026-08-04T20:29:31.819290+00:00,head,base_back_wheel,3496,27,0,0,,
56.1,2026-08-04T20:29:31.819290+00:00,head,base_right_wheel,2173,26,0,0,,
57.1,2026-08-04T20:29:32.820727+00:00,arms,left_shoulder_pan,1857,36,0,0,1857,1857
57.1,2026-08-04T20:29:32.820727+00:00,arms,left_shoulder_lift,2403,33,4,68,2389,2403
57.1,2026-08-04T20:29:32.820727+00:00,arms,left_elbow_flex,1644,34,3,72,1629,1644
57.1,2026-08-04T20:29:32.820727+00:00,arms,left_wrist_flex,2172,34,0,24,2169,2172
57.1,2026-08-04T20:29:32.820727+00:00,arms,left_wrist_roll,1987,33,0,1044,1989,1987
57.1,2026-08-04T20:29:32.820727+00:00,arms,left_gripper,2013,37,0,0,2014,2013
57.1,2026-08-04T20:29:32.820727+00:00,arms,right_shoulder_pan,1965,37,1,1056,1974,1965
57.1,2026-08-04T20:29:32.820727+00:00,arms,right_shoulder_lift,2161,37,30,238,2049,2157
57.1,2026-08-04T20:29:32.820727+00:00,arms,right_elbow_flex,2168,37,19,156,2097,2166
57.1,2026-08-04T20:29:32.820727+00:00,arms,right_wrist_flex,1995,36,2,52,1976,1994
57.1,2026-08-04T20:29:32.820727+00:00,arms,right_wrist_roll,2109,35,0,1048,2114,2109
57.1,2026-08-04T20:29:32.820727+00:00,arms,right_gripper,2079,38,0,0,2079,2079
57.1,2026-08-04T20:29:32.820727+00:00,head,head_motor_1,2158,25,0,0,,
57.1,2026-08-04T20:29:32.820727+00:00,head,head_motor_2,1943,27,0,0,,
57.1,2026-08-04T20:29:32.820727+00:00,head,base_left_wheel,3461,27,0,0,,
57.1,2026-08-04T20:29:32.820727+00:00,head,base_back_wheel,3496,27,0,0,,
57.1,2026-08-04T20:29:32.820727+00:00,head,base_right_wheel,2173,26,0,0,,
58.1,2026-08-04T20:29:33.821795+00:00,arms,left_shoulder_pan,1857,36,0,0,1857,1857
58.1,2026-08-04T20:29:33.821795+00:00,arms,left_shoulder_lift,2403,33,3,68,2389,2403
58.1,2026-08-04T20:29:33.821795+00:00,arms,left_elbow_flex,1644,34,3,72,1629,1644
58.1,2026-08-04T20:29:33.821795+00:00,arms,left_wrist_flex,2172,34,0,24,2169,2172
58.1,2026-08-04T20:29:33.821795+00:00,arms,left_wrist_roll,1987,33,0,1044,1989,1987
58.1,2026-08-04T20:29:33.821795+00:00,arms,left_gripper,2013,37,0,0,2014,2013
58.1,2026-08-04T20:29:33.821795+00:00,arms,right_shoulder_pan,1965,37,0,1056,1974,1965
58.1,2026-08-04T20:29:33.821795+00:00,arms,right_shoulder_lift,2161,37,30,238,2049,2157
58.1,2026-08-04T20:29:33.821795+00:00,arms,right_elbow_flex,2168,37,14,156,2097,2166
58.1,2026-08-04T20:29:33.821795+00:00,arms,right_wrist_flex,1995,36,1,52,1976,1994
58.1,2026-08-04T20:29:33.821795+00:00,arms,right_wrist_roll,2109,35,1,1048,2114,2109
58.1,2026-08-04T20:29:33.821795+00:00,arms,right_gripper,2079,38,0,0,2079,2079
58.1,2026-08-04T20:29:33.821795+00:00,head,head_motor_1,2158,25,0,0,,
58.1,2026-08-04T20:29:33.821795+00:00,head,head_motor_2,1943,27,0,0,,
58.1,2026-08-04T20:29:33.821795+00:00,head,base_left_wheel,3461,27,0,0,,
58.1,2026-08-04T20:29:33.821795+00:00,head,base_back_wheel,3496,27,0,0,,
58.1,2026-08-04T20:29:33.821795+00:00,head,base_right_wheel,2173,26,0,0,,
59.1,2026-08-04T20:29:34.822855+00:00,arms,left_shoulder_pan,1857,36,0,0,1857,1857
59.1,2026-08-04T20:29:34.822855+00:00,arms,left_shoulder_lift,2403,33,4,68,2389,2403
59.1,2026-08-04T20:29:34.822855+00:00,arms,left_elbow_flex,1644,34,3,72,1629,1644
59.1,2026-08-04T20:29:34.822855+00:00,arms,left_wrist_flex,2172,34,1,24,2169,2172
59.1,2026-08-04T20:29:34.822855+00:00,arms,left_wrist_roll,1987,33,0,1044,1989,1987
59.1,2026-08-04T20:29:34.822855+00:00,arms,left_gripper,2013,37,0,0,2014,2013
59.1,2026-08-04T20:29:34.822855+00:00,arms,right_shoulder_pan,1965,37,1,1056,1974,1965
59.1,2026-08-04T20:29:34.822855+00:00,arms,right_shoulder_lift,2161,37,29,238,2049,2157
59.1,2026-08-04T20:29:34.822855+00:00,arms,right_elbow_flex,2168,37,19,156,2097,2166
59.1,2026-08-04T20:29:34.822855+00:00,arms,right_wrist_flex,1995,36,1,52,1976,1994
59.1,2026-08-04T20:29:34.822855+00:00,arms,right_wrist_roll,2109,35,1,1048,2114,2109
59.1,2026-08-04T20:29:34.822855+00:00,arms,right_gripper,2079,38,0,0,2079,2079
59.1,2026-08-04T20:29:34.822855+00:00,head,head_motor_1,2158,25,0,0,,
59.1,2026-08-04T20:29:34.822855+00:00,head,head_motor_2,1943,27,0,0,,
59.1,2026-08-04T20:29:34.822855+00:00,head,base_left_wheel,3461,27,0,0,,
59.1,2026-08-04T20:29:34.822855+00:00,head,base_back_wheel,3496,27,0,0,,
59.1,2026-08-04T20:29:34.822855+00:00,head,base_right_wheel,2173,26,0,0,,
60.1,2026-08-04T20:29:35.823941+00:00,arms,left_shoulder_pan,1857,36,0,0,1857,1857
60.1,2026-08-04T20:29:35.823941+00:00,arms,left_shoulder_lift,2403,33,3,68,2389,2403
60.1,2026-08-04T20:29:35.823941+00:00,arms,left_elbow_flex,1644,34,3,72,1629,1644
60.1,2026-08-04T20:29:35.823941+00:00,arms,left_wrist_flex,2172,34,0,24,2169,2172
60.1,2026-08-04T20:29:35.823941+00:00,arms,left_wrist_roll,1987,33,1,1044,1989,1987
60.1,2026-08-04T20:29:35.823941+00:00,arms,left_gripper,2013,37,0,0,2014,2013
60.1,2026-08-04T20:29:35.823941+00:00,arms,right_shoulder_pan,1965,37,1,1056,1974,1965
60.1,2026-08-04T20:29:35.823941+00:00,arms,right_shoulder_lift,2161,37,29,238,2049,2157
60.1,2026-08-04T20:29:35.823941+00:00,arms,right_elbow_flex,2168,37,20,156,2097,2166
60.1,2026-08-04T20:29:35.823941+00:00,arms,right_wrist_flex,1995,36,2,52,1976,1994
60.1,2026-08-04T20:29:35.823941+00:00,arms,right_wrist_roll,2109,35,0,1048,2114,2109
60.1,2026-08-04T20:29:35.823941+00:00,arms,right_gripper,2079,38,0,0,2079,2079
60.1,2026-08-04T20:29:35.823941+00:00,head,head_motor_1,2158,25,0,0,,
60.1,2026-08-04T20:29:35.823941+00:00,head,head_motor_2,1943,27,0,0,,
60.1,2026-08-04T20:29:35.823941+00:00,head,base_left_wheel,3461,27,0,0,,
60.1,2026-08-04T20:29:35.823941+00:00,head,base_back_wheel,3496,27,0,0,,
60.1,2026-08-04T20:29:35.823941+00:00,head,base_right_wheel,2174,26,0,0,,
61.1,2026-08-04T20:29:36.825381+00:00,arms,left_shoulder_pan,1857,36,0,0,1857,1857
61.1,2026-08-04T20:29:36.825381+00:00,arms,left_shoulder_lift,2403,33,3,68,2389,2403
61.1,2026-08-04T20:29:36.825381+00:00,arms,left_elbow_flex,1644,34,3,72,1629,1644
61.1,2026-08-04T20:29:36.825381+00:00,arms,left_wrist_flex,2172,34,1,24,2169,2172
61.1,2026-08-04T20:29:36.825381+00:00,arms,left_wrist_roll,1987,33,0,1044,1989,1987
61.1,2026-08-04T20:29:36.825381+00:00,arms,left_gripper,2013,37,0,0,2014,2013
61.1,2026-08-04T20:29:36.825381+00:00,arms,right_shoulder_pan,1965,37,1,1056,1974,1965
61.1,2026-08-04T20:29:36.825381+00:00,arms,right_shoulder_lift,2161,37,38,238,2049,2157
61.1,2026-08-04T20:29:36.825381+00:00,arms,right_elbow_flex,2168,37,13,156,2097,2166
61.1,2026-08-04T20:29:36.825381+00:00,arms,right_wrist_flex,1995,36,2,52,1976,1994
61.1,2026-08-04T20:29:36.825381+00:00,arms,right_wrist_roll,2109,35,0,1048,2114,2109
61.1,2026-08-04T20:29:36.825381+00:00,arms,right_gripper,2079,38,0,0,2079,2079
61.1,2026-08-04T20:29:36.825381+00:00,head,head_motor_1,2158,25,0,0,,
61.1,2026-08-04T20:29:36.825381+00:00,head,head_motor_2,1943,27,0,0,,
61.1,2026-08-04T20:29:36.825381+00:00,head,base_left_wheel,3461,27,0,0,,
61.1,2026-08-04T20:29:36.825381+00:00,head,base_back_wheel,3496,27,0,0,,
61.1,2026-08-04T20:29:36.825381+00:00,head,base_right_wheel,2173,26,0,0,,
62.1,2026-08-04T20:29:37.826839+00:00,arms,left_shoulder_pan,1857,36,0,0,1857,1857
62.1,2026-08-04T20:29:37.826839+00:00,arms,left_shoulder_lift,2403,33,4,68,2389,2403
62.1,2026-08-04T20:29:37.826839+00:00,arms,left_elbow_flex,1644,34,3,72,1629,1644
62.1,2026-08-04T20:29:37.826839+00:00,arms,left_wrist_flex,2172,34,0,24,2169,2172
62.1,2026-08-04T20:29:37.826839+00:00,arms,left_wrist_roll,1987,33,0,1044,1989,1987
62.1,2026-08-04T20:29:37.826839+00:00,arms,left_gripper,2013,37,0,0,2014,2013
62.1,2026-08-04T20:29:37.826839+00:00,arms,right_shoulder_pan,1965,37,1,1056,1974,1965
62.1,2026-08-04T20:29:37.826839+00:00,arms,right_shoulder_lift,2161,37,29,238,2049,2157
62.1,2026-08-04T20:29:37.826839+00:00,arms,right_elbow_flex,2168,37,14,156,2097,2166
62.1,2026-08-04T20:29:37.826839+00:00,arms,right_wrist_flex,1995,36,2,52,1976,1994
62.1,2026-08-04T20:29:37.826839+00:00,arms,right_wrist_roll,2109,35,0,1048,2114,2109
62.1,2026-08-04T20:29:37.826839+00:00,arms,right_gripper,2079,38,0,0,2079,2079
62.1,2026-08-04T20:29:37.826839+00:00,head,head_motor_1,2158,25,0,0,,
62.1,2026-08-04T20:29:37.826839+00:00,head,head_motor_2,1943,27,0,0,,
62.1,2026-08-04T20:29:37.826839+00:00,head,base_left_wheel,3461,27,0,0,,
62.1,2026-08-04T20:29:37.826839+00:00,head,base_back_wheel,3496,27,0,0,,
62.1,2026-08-04T20:29:37.826839+00:00,head,base_right_wheel,2173,26,0,0,,
63.1,2026-08-04T20:29:38.827969+00:00,arms,left_shoulder_pan,1857,36,0,0,1857,1857
63.1,2026-08-04T20:29:38.827969+00:00,arms,left_shoulder_lift,2403,33,3,68,2389,2403
63.1,2026-08-04T20:29:38.827969+00:00,arms,left_elbow_flex,1644,34,3,72,1629,1644
63.1,2026-08-04T20:29:38.827969+00:00,arms,left_wrist_flex,2172,34,0,24,2169,2172
63.1,2026-08-04T20:29:38.827969+00:00,arms,left_wrist_roll,1987,33,0,1044,1989,1987
63.1,2026-08-04T20:29:38.827969+00:00,arms,left_gripper,2013,37,0,0,2014,2013
63.1,2026-08-04T20:29:38.827969+00:00,arms,right_shoulder_pan,1965,37,0,1056,1974,1965
63.1,2026-08-04T20:29:38.827969+00:00,arms,right_shoulder_lift,2161,37,31,238,2049,2157
63.1,2026-08-04T20:29:38.827969+00:00,arms,right_elbow_flex,2168,37,21,156,2097,2166
63.1,2026-08-04T20:29:38.827969+00:00,arms,right_wrist_flex,1995,36,2,52,1976,1994
63.1,2026-08-04T20:29:38.827969+00:00,arms,right_wrist_roll,2109,35,1,1048,2114,2109
63.1,2026-08-04T20:29:38.827969+00:00,arms,right_gripper,2079,38,0,0,2079,2079
63.1,2026-08-04T20:29:38.827969+00:00,head,head_motor_1,2158,25,0,0,,
63.1,2026-08-04T20:29:38.827969+00:00,head,head_motor_2,1943,27,0,0,,
63.1,2026-08-04T20:29:38.827969+00:00,head,base_left_wheel,3461,27,0,0,,
63.1,2026-08-04T20:29:38.827969+00:00,head,base_back_wheel,3496,27,0,0,,
63.1,2026-08-04T20:29:38.827969+00:00,head,base_right_wheel,2173,26,0,0,,
64.1,2026-08-04T20:29:39.829029+00:00,arms,left_shoulder_pan,1857,36,0,0,1857,1857
64.1,2026-08-04T20:29:39.829029+00:00,arms,left_shoulder_lift,2403,33,3,68,2389,2403
64.1,2026-08-04T20:29:39.829029+00:00,arms,left_elbow_flex,1644,34,3,72,1629,1644
64.1,2026-08-04T20:29:39.829029+00:00,arms,left_wrist_flex,2172,34,0,24,2169,2172
64.1,2026-08-04T20:29:39.829029+00:00,arms,left_wrist_roll,1987,33,0,1044,1989,1987
64.1,2026-08-04T20:29:39.829029+00:00,arms,left_gripper,2013,37,0,0,2014,2013
64.1,2026-08-04T20:29:39.829029+00:00,arms,right_shoulder_pan,1965,37,0,1056,1974,1965
64.1,2026-08-04T20:29:39.829029+00:00,arms,right_shoulder_lift,2161,37,29,238,2049,2157
64.1,2026-08-04T20:29:39.829029+00:00,arms,right_elbow_flex,2168,37,20,156,2097,2166
64.1,2026-08-04T20:29:39.829029+00:00,arms,right_wrist_flex,1995,36,1,52,1976,1994
64.1,2026-08-04T20:29:39.829029+00:00,arms,right_wrist_roll,2109,35,1,1048,2114,2109
64.1,2026-08-04T20:29:39.829029+00:00,arms,right_gripper,2079,38,0,0,2079,2079
64.1,2026-08-04T20:29:39.829029+00:00,head,head_motor_1,2158,25,0,0,,
64.1,2026-08-04T20:29:39.829029+00:00,head,head_motor_2,1943,27,0,0,,
64.1,2026-08-04T20:29:39.829029+00:00,head,base_left_wheel,3461,27,0,0,,
64.1,2026-08-04T20:29:39.829029+00:00,head,base_back_wheel,3496,27,0,0,,
64.1,2026-08-04T20:29:39.829029+00:00,head,base_right_wheel,2173,26,0,0,,
65.1,2026-08-04T20:29:40.830129+00:00,arms,left_shoulder_pan,1857,36,0,0,1857,1857
65.1,2026-08-04T20:29:40.830129+00:00,arms,left_shoulder_lift,2403,33,4,68,2389,2403
65.1,2026-08-04T20:29:40.830129+00:00,arms,left_elbow_flex,1644,34,3,72,1629,1644
65.1,2026-08-04T20:29:40.830129+00:00,arms,left_wrist_flex,2172,34,0,24,2169,2172
65.1,2026-08-04T20:29:40.830129+00:00,arms,left_wrist_roll,1987,33,0,1044,1989,1987
65.1,2026-08-04T20:29:40.830129+00:00,arms,left_gripper,2013,37,0,0,2014,2013
65.1,2026-08-04T20:29:40.830129+00:00,arms,right_shoulder_pan,1965,37,1,1056,1974,1965
65.1,2026-08-04T20:29:40.830129+00:00,arms,right_shoulder_lift,2161,37,30,238,2049,2157
65.1,2026-08-04T20:29:40.830129+00:00,arms,right_elbow_flex,2168,37,21,156,2097,2166
65.1,2026-08-04T20:29:40.830129+00:00,arms,right_wrist_flex,1995,36,2,52,1976,1994
65.1,2026-08-04T20:29:40.830129+00:00,arms,right_wrist_roll,2109,35,0,1048,2114,2109
65.1,2026-08-04T20:29:40.830129+00:00,arms,right_gripper,2079,38,0,0,2079,2079
65.1,2026-08-04T20:29:40.830129+00:00,head,head_motor_1,2158,25,0,0,,
65.1,2026-08-04T20:29:40.830129+00:00,head,head_motor_2,1943,27,0,0,,
65.1,2026-08-04T20:29:40.830129+00:00,head,base_left_wheel,3461,27,0,0,,
65.1,2026-08-04T20:29:40.830129+00:00,head,base_back_wheel,3496,28,0,0,,
65.1,2026-08-04T20:29:40.830129+00:00,head,base_right_wheel,2173,26,0,0,,
66.1,2026-08-04T20:29:41.831206+00:00,arms,left_shoulder_pan,1857,36,0,0,1857,1857
66.1,2026-08-04T20:29:41.831206+00:00,arms,left_shoulder_lift,2403,33,4,68,2389,2403
66.1,2026-08-04T20:29:41.831206+00:00,arms,left_elbow_flex,1644,34,3,72,1629,1644
66.1,2026-08-04T20:29:41.831206+00:00,arms,left_wrist_flex,2172,34,0,24,2169,2172
66.1,2026-08-04T20:29:41.831206+00:00,arms,left_wrist_roll,1987,33,1,1044,1989,1987
66.1,2026-08-04T20:29:41.831206+00:00,arms,left_gripper,2013,37,0,0,2014,2013
66.1,2026-08-04T20:29:41.831206+00:00,arms,right_shoulder_pan,1965,37,0,1056,1974,1965
66.1,2026-08-04T20:29:41.831206+00:00,arms,right_shoulder_lift,2161,37,39,238,2049,2157
66.1,2026-08-04T20:29:41.831206+00:00,arms,right_elbow_flex,2168,37,19,156,2097,2166
66.1,2026-08-04T20:29:41.831206+00:00,arms,right_wrist_flex,1995,36,2,52,1976,1994
66.1,2026-08-04T20:29:41.831206+00:00,arms,right_wrist_roll,2109,35,0,1048,2114,2109
66.1,2026-08-04T20:29:41.831206+00:00,arms,right_gripper,2079,38,0,0,2079,2079
66.1,2026-08-04T20:29:41.831206+00:00,head,head_motor_1,2158,25,0,0,,
66.1,2026-08-04T20:29:41.831206+00:00,head,head_motor_2,1943,27,0,0,,
66.1,2026-08-04T20:29:41.831206+00:00,head,base_left_wheel,3461,27,0,0,,
66.1,2026-08-04T20:29:41.831206+00:00,head,base_back_wheel,3496,27,0,0,,
66.1,2026-08-04T20:29:41.831206+00:00,head,base_right_wheel,2173,26,0,0,,
67.1,2026-08-04T20:29:42.832031+00:00,arms,left_shoulder_pan,1857,36,0,0,1857,1857
67.1,2026-08-04T20:29:42.832031+00:00,arms,left_shoulder_lift,2403,33,3,68,2389,2403
67.1,2026-08-04T20:29:42.832031+00:00,arms,left_elbow_flex,1644,34,3,72,1629,1644
67.1,2026-08-04T20:29:42.832031+00:00,arms,left_wrist_flex,2172,34,0,24,2169,2172
67.1,2026-08-04T20:29:42.832031+00:00,arms,left_wrist_roll,1987,33,0,1044,1989,1987
67.1,2026-08-04T20:29:42.832031+00:00,arms,left_gripper,2013,37,0,0,2014,2013
67.1,2026-08-04T20:29:42.832031+00:00,arms,right_shoulder_pan,1965,37,1,1056,1974,1965
67.1,2026-08-04T20:29:42.832031+00:00,arms,right_shoulder_lift,2161,37,34,238,2049,2157
67.1,2026-08-04T20:29:42.832031+00:00,arms,right_elbow_flex,2168,38,20,156,2097,2166
67.1,2026-08-04T20:29:42.832031+00:00,arms,right_wrist_flex,1995,36,2,52,1976,1994
67.1,2026-08-04T20:29:42.832031+00:00,arms,right_wrist_roll,2109,35,1,1048,2114,2109
67.1,2026-08-04T20:29:42.832031+00:00,arms,right_gripper,2079,38,0,0,2079,2079
67.1,2026-08-04T20:29:42.832031+00:00,head,head_motor_1,2158,25,0,0,,
67.1,2026-08-04T20:29:42.832031+00:00,head,head_motor_2,1943,28,0,0,,
67.1,2026-08-04T20:29:42.832031+00:00,head,base_left_wheel,3461,27,0,0,,
67.1,2026-08-04T20:29:42.832031+00:00,head,base_back_wheel,3496,27,0,0,,
67.1,2026-08-04T20:29:42.832031+00:00,head,base_right_wheel,2173,26,0,0,,
68.1,2026-08-04T20:29:43.833078+00:00,arms,left_shoulder_pan,1857,36,0,0,1857,1857
68.1,2026-08-04T20:29:43.833078+00:00,arms,left_shoulder_lift,2403,33,3,68,2389,2403
68.1,2026-08-04T20:29:43.833078+00:00,arms,left_elbow_flex,1644,34,3,72,1629,1644
68.1,2026-08-04T20:29:43.833078+00:00,arms,left_wrist_flex,2172,34,0,24,2169,2172
68.1,2026-08-04T20:29:43.833078+00:00,arms,left_wrist_roll,1987,33,1,1044,1989,1987
68.1,2026-08-04T20:29:43.833078+00:00,arms,left_gripper,2013,37,0,0,2014,2013
68.1,2026-08-04T20:29:43.833078+00:00,arms,right_shoulder_pan,1965,37,1,1056,1974,1965
68.1,2026-08-04T20:29:43.833078+00:00,arms,right_shoulder_lift,2161,37,39,238,2049,2157
68.1,2026-08-04T20:29:43.833078+00:00,arms,right_elbow_flex,2168,38,20,156,2097,2166
68.1,2026-08-04T20:29:43.833078+00:00,arms,right_wrist_flex,1995,36,1,52,1976,1994
68.1,2026-08-04T20:29:43.833078+00:00,arms,right_wrist_roll,2109,35,0,1048,2114,2109
68.1,2026-08-04T20:29:43.833078+00:00,arms,right_gripper,2079,38,0,0,2079,2079
68.1,2026-08-04T20:29:43.833078+00:00,head,head_motor_1,2158,25,0,0,,
68.1,2026-08-04T20:29:43.833078+00:00,head,head_motor_2,1943,27,0,0,,
68.1,2026-08-04T20:29:43.833078+00:00,head,base_left_wheel,3461,27,0,0,,
68.1,2026-08-04T20:29:43.833078+00:00,head,base_back_wheel,3496,27,0,0,,
68.1,2026-08-04T20:29:43.833078+00:00,head,base_right_wheel,2173,26,0,0,,
69.1,2026-08-04T20:29:44.834133+00:00,arms,left_shoulder_pan,1857,36,0,0,1857,1857
69.1,2026-08-04T20:29:44.834133+00:00,arms,left_shoulder_lift,2403,33,4,68,2389,2403
69.1,2026-08-04T20:29:44.834133+00:00,arms,left_elbow_flex,1644,34,3,72,1629,1644
69.1,2026-08-04T20:29:44.834133+00:00,arms,left_wrist_flex,2172,34,1,24,2169,2172
69.1,2026-08-04T20:29:44.834133+00:00,arms,left_wrist_roll,1987,33,0,1044,1989,1987
69.1,2026-08-04T20:29:44.834133+00:00,arms,left_gripper,2013,37,0,0,2014,2013
69.1,2026-08-04T20:29:44.834133+00:00,arms,right_shoulder_pan,1965,37,1,1056,1974,1965
69.1,2026-08-04T20:29:44.834133+00:00,arms,right_shoulder_lift,2161,37,29,238,2049,2157
69.1,2026-08-04T20:29:44.834133+00:00,arms,right_elbow_flex,2168,38,20,156,2097,2166
69.1,2026-08-04T20:29:44.834133+00:00,arms,right_wrist_flex,1995,36,2,52,1976,1994
69.1,2026-08-04T20:29:44.834133+00:00,arms,right_wrist_roll,2109,35,0,1048,2114,2109
69.1,2026-08-04T20:29:44.834133+00:00,arms,right_gripper,2079,38,0,0,2079,2079
69.1,2026-08-04T20:29:44.834133+00:00,head,head_motor_1,2158,25,0,0,,
69.1,2026-08-04T20:29:44.834133+00:00,head,head_motor_2,1943,27,0,0,,
69.1,2026-08-04T20:29:44.834133+00:00,head,base_left_wheel,3461,27,0,0,,
69.1,2026-08-04T20:29:44.834133+00:00,head,base_back_wheel,3496,27,0,0,,
69.1,2026-08-04T20:29:44.834133+00:00,head,base_right_wheel,2173,26,0,0,,
70.1,2026-08-04T20:29:45.835180+00:00,arms,left_shoulder_pan,1857,36,0,0,1857,1857
70.1,2026-08-04T20:29:45.835180+00:00,arms,left_shoulder_lift,2403,33,4,68,2389,2403
70.1,2026-08-04T20:29:45.835180+00:00,arms,left_elbow_flex,1644,34,3,72,1629,1644
70.1,2026-08-04T20:29:45.835180+00:00,arms,left_wrist_flex,2172,34,0,24,2169,2172
70.1,2026-08-04T20:29:45.835180+00:00,arms,left_wrist_roll,1987,33,0,1044,1989,1987
70.1,2026-08-04T20:29:45.835180+00:00,arms,left_gripper,2013,37,0,0,2014,2013
70.1,2026-08-04T20:29:45.835180+00:00,arms,right_shoulder_pan,1965,37,1,1056,1974,1965
70.1,2026-08-04T20:29:45.835180+00:00,arms,right_shoulder_lift,2161,37,29,238,2049,2157
70.1,2026-08-04T20:29:45.835180+00:00,arms,right_elbow_flex,2168,38,19,156,2097,2166
70.1,2026-08-04T20:29:45.835180+00:00,arms,right_wrist_flex,1995,36,2,52,1976,1994
70.1,2026-08-04T20:29:45.835180+00:00,arms,right_wrist_roll,2109,35,1,1048,2114,2109
70.1,2026-08-04T20:29:45.835180+00:00,arms,right_gripper,2079,38,0,0,2079,2079
70.1,2026-08-04T20:29:45.835180+00:00,head,head_motor_1,2158,25,0,0,,
70.1,2026-08-04T20:29:45.835180+00:00,head,head_motor_2,1943,27,0,0,,
70.1,2026-08-04T20:29:45.835180+00:00,head,base_left_wheel,3461,27,0,0,,
70.1,2026-08-04T20:29:45.835180+00:00,head,base_back_wheel,3496,27,0,0,,
70.1,2026-08-04T20:29:45.835180+00:00,head,base_right_wheel,2173,26,0,0,,
71.1,2026-08-04T20:29:46.835597+00:00,arms,left_shoulder_pan,1857,36,0,0,1857,1857
71.1,2026-08-04T20:29:46.835597+00:00,arms,left_shoulder_lift,2403,33,3,68,2389,2403
71.1,2026-08-04T20:29:46.835597+00:00,arms,left_elbow_flex,1644,34,3,72,1629,1644
71.1,2026-08-04T20:29:46.835597+00:00,arms,left_wrist_flex,2172,34,0,24,2169,2172
71.1,2026-08-04T20:29:46.835597+00:00,arms,left_wrist_roll,1987,33,0,1044,1989,1987
71.1,2026-08-04T20:29:46.835597+00:00,arms,left_gripper,2013,37,0,0,2014,2013
71.1,2026-08-04T20:29:46.835597+00:00,arms,right_shoulder_pan,1965,37,1,1056,1974,1965
71.1,2026-08-04T20:29:46.835597+00:00,arms,right_shoulder_lift,2161,37,32,238,2049,2157
71.1,2026-08-04T20:29:46.835597+00:00,arms,right_elbow_flex,2168,38,20,156,2097,2166
71.1,2026-08-04T20:29:46.835597+00:00,arms,right_wrist_flex,1995,36,1,52,1976,1994
71.1,2026-08-04T20:29:46.835597+00:00,arms,right_wrist_roll,2109,35,1,1048,2114,2109
71.1,2026-08-04T20:29:46.835597+00:00,arms,right_gripper,2079,38,0,0,2079,2079
71.1,2026-08-04T20:29:46.835597+00:00,head,head_motor_1,2158,25,0,0,,
71.1,2026-08-04T20:29:46.835597+00:00,head,head_motor_2,1943,27,0,0,,
71.1,2026-08-04T20:29:46.835597+00:00,head,base_left_wheel,3461,27,0,0,,
71.1,2026-08-04T20:29:46.835597+00:00,head,base_back_wheel,3496,27,0,0,,
71.1,2026-08-04T20:29:46.835597+00:00,head,base_right_wheel,2173,26,0,0,,
72.1,2026-08-04T20:29:47.836635+00:00,arms,left_shoulder_pan,1857,36,0,0,1857,1857
72.1,2026-08-04T20:29:47.836635+00:00,arms,left_shoulder_lift,2403,33,4,68,2389,2403
72.1,2026-08-04T20:29:47.836635+00:00,arms,left_elbow_flex,1644,34,3,72,1629,1644
72.1,2026-08-04T20:29:47.836635+00:00,arms,left_wrist_flex,2172,34,0,24,2169,2172
72.1,2026-08-04T20:29:47.836635+00:00,arms,left_wrist_roll,1987,33,1,1044,1989,1987
72.1,2026-08-04T20:29:47.836635+00:00,arms,left_gripper,2013,37,0,0,2014,2013
72.1,2026-08-04T20:29:47.836635+00:00,arms,right_shoulder_pan,1965,37,1,1056,1974,1965
72.1,2026-08-04T20:29:47.836635+00:00,arms,right_shoulder_lift,2161,37,32,238,2049,2157
72.1,2026-08-04T20:29:47.836635+00:00,arms,right_elbow_flex,2168,38,19,156,2097,2166
72.1,2026-08-04T20:29:47.836635+00:00,arms,right_wrist_flex,1995,36,2,52,1976,1994
72.1,2026-08-04T20:29:47.836635+00:00,arms,right_wrist_roll,2109,35,1,1048,2114,2109
72.1,2026-08-04T20:29:47.836635+00:00,arms,right_gripper,2079,38,0,0,2079,2079
72.1,2026-08-04T20:29:47.836635+00:00,head,head_motor_1,2158,25,0,0,,
72.1,2026-08-04T20:29:47.836635+00:00,head,head_motor_2,1943,27,0,0,,
72.1,2026-08-04T20:29:47.836635+00:00,head,base_left_wheel,3461,27,0,0,,
72.1,2026-08-04T20:29:47.836635+00:00,head,base_back_wheel,3496,27,0,0,,
72.1,2026-08-04T20:29:47.836635+00:00,head,base_right_wheel,2173,26,0,0,,
73.1,2026-08-04T20:29:48.837684+00:00,arms,left_shoulder_pan,1857,36,0,0,1857,1857
73.1,2026-08-04T20:29:48.837684+00:00,arms,left_shoulder_lift,2403,33,4,68,2389,2403
73.1,2026-08-04T20:29:48.837684+00:00,arms,left_elbow_flex,1644,34,3,72,1629,1644
73.1,2026-08-04T20:29:48.837684+00:00,arms,left_wrist_flex,2172,34,0,24,2169,2172
73.1,2026-08-04T20:29:48.837684+00:00,arms,left_wrist_roll,1987,33,0,1044,1989,1987
73.1,2026-08-04T20:29:48.837684+00:00,arms,left_gripper,2013,37,0,0,2014,2013
73.1,2026-08-04T20:29:48.837684+00:00,arms,right_shoulder_pan,1965,37,1,1056,1974,1965
73.1,2026-08-04T20:29:48.837684+00:00,arms,right_shoulder_lift,2161,37,41,238,2049,2157
73.1,2026-08-04T20:29:48.837684+00:00,arms,right_elbow_flex,2168,38,20,156,2097,2166
73.1,2026-08-04T20:29:48.837684+00:00,arms,right_wrist_flex,1995,36,2,52,1976,1994
73.1,2026-08-04T20:29:48.837684+00:00,arms,right_wrist_roll,2109,35,0,1048,2114,2109
73.1,2026-08-04T20:29:48.837684+00:00,arms,right_gripper,2079,38,0,0,2079,2079
73.1,2026-08-04T20:29:48.837684+00:00,head,head_motor_1,2158,25,0,0,,
73.1,2026-08-04T20:29:48.837684+00:00,head,head_motor_2,1943,27,0,0,,
73.1,2026-08-04T20:29:48.837684+00:00,head,base_left_wheel,3461,27,0,0,,
73.1,2026-08-04T20:29:48.837684+00:00,head,base_back_wheel,3496,27,0,0,,
73.1,2026-08-04T20:29:48.837684+00:00,head,base_right_wheel,2173,26,0,0,,
74.1,2026-08-04T20:29:49.838740+00:00,arms,left_shoulder_pan,1857,36,0,0,1857,1857
74.1,2026-08-04T20:29:49.838740+00:00,arms,left_shoulder_lift,2403,33,4,68,2389,2403
74.1,2026-08-04T20:29:49.838740+00:00,arms,left_elbow_flex,1644,34,3,72,1629,1644
74.1,2026-08-04T20:29:49.838740+00:00,arms,left_wrist_flex,2172,34,0,24,2169,2172
74.1,2026-08-04T20:29:49.838740+00:00,arms,left_wrist_roll,1987,33,1,1044,1989,1987
74.1,2026-08-04T20:29:49.838740+00:00,arms,left_gripper,2013,37,0,0,2014,2013
74.1,2026-08-04T20:29:49.838740+00:00,arms,right_shoulder_pan,1965,37,1,1056,1974,1965
74.1,2026-08-04T20:29:49.838740+00:00,arms,right_shoulder_lift,2161,38,34,238,2049,2157
74.1,2026-08-04T20:29:49.838740+00:00,arms,right_elbow_flex,2168,38,20,156,2097,2166
74.1,2026-08-04T20:29:49.838740+00:00,arms,right_wrist_flex,1995,36,2,52,1976,1994
74.1,2026-08-04T20:29:49.838740+00:00,arms,right_wrist_roll,2109,35,1,1048,2114,2109
74.1,2026-08-04T20:29:49.838740+00:00,arms,right_gripper,2079,38,0,0,2079,2079
74.1,2026-08-04T20:29:49.838740+00:00,head,head_motor_1,2158,25,0,0,,
74.1,2026-08-04T20:29:49.838740+00:00,head,head_motor_2,1943,27,0,0,,
74.1,2026-08-04T20:29:49.838740+00:00,head,base_left_wheel,3461,27,0,0,,
74.1,2026-08-04T20:29:49.838740+00:00,head,base_back_wheel,3496,27,0,0,,
74.1,2026-08-04T20:29:49.838740+00:00,head,base_right_wheel,2173,26,0,0,,
75.1,2026-08-04T20:29:50.839604+00:00,arms,left_shoulder_pan,1857,36,0,0,1857,1857
75.1,2026-08-04T20:29:50.839604+00:00,arms,left_shoulder_lift,2403,33,3,68,2389,2403
75.1,2026-08-04T20:29:50.839604+00:00,arms,left_elbow_flex,1644,34,3,72,1629,1644
75.1,2026-08-04T20:29:50.839604+00:00,arms,left_wrist_flex,2172,34,0,24,2169,2172
75.1,2026-08-04T20:29:50.839604+00:00,arms,left_wrist_roll,1987,33,0,1044,1989,1987
75.1,2026-08-04T20:29:50.839604+00:00,arms,left_gripper,2013,37,0,0,2014,2013
75.1,2026-08-04T20:29:50.839604+00:00,arms,right_shoulder_pan,1965,37,1,1056,1974,1965
75.1,2026-08-04T20:29:50.839604+00:00,arms,right_shoulder_lift,2161,37,31,238,2049,2157
75.1,2026-08-04T20:29:50.839604+00:00,arms,right_elbow_flex,2168,38,20,156,2097,2166
75.1,2026-08-04T20:29:50.839604+00:00,arms,right_wrist_flex,1995,36,1,52,1976,1994
75.1,2026-08-04T20:29:50.839604+00:00,arms,right_wrist_roll,2109,35,1,1048,2114,2109
75.1,2026-08-04T20:29:50.839604+00:00,arms,right_gripper,2079,38,0,0,2079,2079
75.1,2026-08-04T20:29:50.839604+00:00,head,head_motor_1,2158,25,0,0,,
75.1,2026-08-04T20:29:50.839604+00:00,head,head_motor_2,1943,27,0,0,,
75.1,2026-08-04T20:29:50.839604+00:00,head,base_left_wheel,3461,27,0,0,,
75.1,2026-08-04T20:29:50.839604+00:00,head,base_back_wheel,3496,27,0,0,,
75.1,2026-08-04T20:29:50.839604+00:00,head,base_right_wheel,2173,26,0,0,,
76.1,2026-08-04T20:29:51.840648+00:00,arms,left_shoulder_pan,1857,36,0,0,1857,1857
76.1,2026-08-04T20:29:51.840648+00:00,arms,left_shoulder_lift,2403,33,3,68,2389,2403
76.1,2026-08-04T20:29:51.840648+00:00,arms,left_elbow_flex,1644,34,3,72,1629,1644
76.1,2026-08-04T20:29:51.840648+00:00,arms,left_wrist_flex,2172,34,0,24,2169,2172
76.1,2026-08-04T20:29:51.840648+00:00,arms,left_wrist_roll,1987,33,1,1044,1989,1987
76.1,2026-08-04T20:29:51.840648+00:00,arms,left_gripper,2013,37,0,0,2014,2013
76.1,2026-08-04T20:29:51.840648+00:00,arms,right_shoulder_pan,1965,37,1,1056,1974,1965
76.1,2026-08-04T20:29:51.840648+00:00,arms,right_shoulder_lift,2161,37,36,238,2049,2157
76.1,2026-08-04T20:29:51.840648+00:00,arms,right_elbow_flex,2168,38,20,156,2097,2166
76.1,2026-08-04T20:29:51.840648+00:00,arms,right_wrist_flex,1995,36,1,52,1976,1994
76.1,2026-08-04T20:29:51.840648+00:00,arms,right_wrist_roll,2109,35,0,1048,2114,2109
76.1,2026-08-04T20:29:51.840648+00:00,arms,right_gripper,2079,38,0,0,2079,2079
76.1,2026-08-04T20:29:51.840648+00:00,head,head_motor_1,2158,25,0,0,,
76.1,2026-08-04T20:29:51.840648+00:00,head,head_motor_2,1943,27,0,0,,
76.1,2026-08-04T20:29:51.840648+00:00,head,base_left_wheel,3461,27,0,0,,
76.1,2026-08-04T20:29:51.840648+00:00,head,base_back_wheel,3496,27,0,0,,
76.1,2026-08-04T20:29:51.840648+00:00,head,base_right_wheel,2173,26,0,0,,
77.1,2026-08-04T20:29:52.841695+00:00,arms,left_shoulder_pan,1857,36,0,0,1857,1857
77.1,2026-08-04T20:29:52.841695+00:00,arms,left_shoulder_lift,2403,33,4,68,2389,2403
77.1,2026-08-04T20:29:52.841695+00:00,arms,left_elbow_flex,1644,34,3,72,1629,1644
77.1,2026-08-04T20:29:52.841695+00:00,arms,left_wrist_flex,2172,34,0,24,2169,2172
77.1,2026-08-04T20:29:52.841695+00:00,arms,left_wrist_roll,1987,33,1,1044,1989,1987
77.1,2026-08-04T20:29:52.841695+00:00,arms,left_gripper,2013,37,0,0,2014,2013
77.1,2026-08-04T20:29:52.841695+00:00,arms,right_shoulder_pan,1965,37,1,1056,1974,1965
77.1,2026-08-04T20:29:52.841695+00:00,arms,right_shoulder_lift,2161,38,34,238,2049,2157
77.1,2026-08-04T20:29:52.841695+00:00,arms,right_elbow_flex,2168,38,19,156,2097,2166
77.1,2026-08-04T20:29:52.841695+00:00,arms,right_wrist_flex,1995,36,1,52,1976,1994
77.1,2026-08-04T20:29:52.841695+00:00,arms,right_wrist_roll,2109,35,1,1048,2114,2109
77.1,2026-08-04T20:29:52.841695+00:00,arms,right_gripper,2079,38,0,0,2079,2079
77.1,2026-08-04T20:29:52.841695+00:00,head,head_motor_1,2158,25,0,0,,
77.1,2026-08-04T20:29:52.841695+00:00,head,head_motor_2,1943,27,0,0,,
77.1,2026-08-04T20:29:52.841695+00:00,head,base_left_wheel,3461,27,0,0,,
77.1,2026-08-04T20:29:52.841695+00:00,head,base_back_wheel,3496,27,0,0,,
77.1,2026-08-04T20:29:52.841695+00:00,head,base_right_wheel,2173,26,0,0,,
78.1,2026-08-04T20:29:53.842742+00:00,arms,left_shoulder_pan,1857,36,0,0,1857,1857
78.1,2026-08-04T20:29:53.842742+00:00,arms,left_shoulder_lift,2403,33,4,68,2389,2403
78.1,2026-08-04T20:29:53.842742+00:00,arms,left_elbow_flex,1644,34,2,72,1629,1644
78.1,2026-08-04T20:29:53.842742+00:00,arms,left_wrist_flex,2172,34,0,24,2169,2172
78.1,2026-08-04T20:29:53.842742+00:00,arms,left_wrist_roll,1987,33,1,1044,1989,1987
78.1,2026-08-04T20:29:53.842742+00:00,arms,left_gripper,2013,37,0,0,2014,2013
78.1,2026-08-04T20:29:53.842742+00:00,arms,right_shoulder_pan,1965,37,1,1056,1974,1965
78.1,2026-08-04T20:29:53.842742+00:00,arms,right_shoulder_lift,2161,38,30,238,2049,2157
78.1,2026-08-04T20:29:53.842742+00:00,arms,right_elbow_flex,2168,38,18,156,2097,2166
78.1,2026-08-04T20:29:53.842742+00:00,arms,right_wrist_flex,1995,36,1,52,1976,1994
78.1,2026-08-04T20:29:53.842742+00:00,arms,right_wrist_roll,2109,35,0,1048,2114,2109
78.1,2026-08-04T20:29:53.842742+00:00,arms,right_gripper,2079,38,0,0,2079,2079
78.1,2026-08-04T20:29:53.842742+00:00,head,head_motor_1,2158,25,0,0,,
78.1,2026-08-04T20:29:53.842742+00:00,head,head_motor_2,1943,28,0,0,,
78.1,2026-08-04T20:29:53.842742+00:00,head,base_left_wheel,3461,27,0,0,,
78.1,2026-08-04T20:29:53.842742+00:00,head,base_back_wheel,3496,27,0,0,,
78.1,2026-08-04T20:29:53.842742+00:00,head,base_right_wheel,2173,26,0,0,,
79.1,2026-08-04T20:29:54.843601+00:00,arms,left_shoulder_pan,1857,36,0,0,1857,1857
79.1,2026-08-04T20:29:54.843601+00:00,arms,left_shoulder_lift,2403,33,4,68,2389,2403
79.1,2026-08-04T20:29:54.843601+00:00,arms,left_elbow_flex,1644,34,3,72,1629,1644
79.1,2026-08-04T20:29:54.843601+00:00,arms,left_wrist_flex,2172,34,0,24,2169,2172
79.1,2026-08-04T20:29:54.843601+00:00,arms,left_wrist_roll,1987,33,0,1044,1989,1987
79.1,2026-08-04T20:29:54.843601+00:00,arms,left_gripper,2013,37,0,0,2014,2013
79.1,2026-08-04T20:29:54.843601+00:00,arms,right_shoulder_pan,1965,37,1,1056,1974,1965
79.1,2026-08-04T20:29:54.843601+00:00,arms,right_shoulder_lift,2161,38,30,238,2049,2157
79.1,2026-08-04T20:29:54.843601+00:00,arms,right_elbow_flex,2168,38,20,156,2097,2166
79.1,2026-08-04T20:29:54.843601+00:00,arms,right_wrist_flex,1995,36,2,52,1976,1994
79.1,2026-08-04T20:29:54.843601+00:00,arms,right_wrist_roll,2109,35,0,1048,2114,2109
79.1,2026-08-04T20:29:54.843601+00:00,arms,right_gripper,2079,38,0,0,2079,2079
79.1,2026-08-04T20:29:54.843601+00:00,head,head_motor_1,2158,25,0,0,,
79.1,2026-08-04T20:29:54.843601+00:00,head,head_motor_2,1943,27,0,0,,
79.1,2026-08-04T20:29:54.843601+00:00,head,base_left_wheel,3461,27,0,0,,
79.1,2026-08-04T20:29:54.843601+00:00,head,base_back_wheel,3496,27,0,0,,
79.1,2026-08-04T20:29:54.843601+00:00,head,base_right_wheel,2173,26,0,0,,
80.1,2026-08-04T20:29:55.844644+00:00,arms,left_shoulder_pan,1857,36,0,0,1857,1857
80.1,2026-08-04T20:29:55.844644+00:00,arms,left_shoulder_lift,2403,33,4,68,2389,2403
80.1,2026-08-04T20:29:55.844644+00:00,arms,left_elbow_flex,1644,34,3,72,1629,1644
80.1,2026-08-04T20:29:55.844644+00:00,arms,left_wrist_flex,2172,34,0,24,2169,2172
80.1,2026-08-04T20:29:55.844644+00:00,arms,left_wrist_roll,1987,33,1,1044,1989,1987
80.1,2026-08-04T20:29:55.844644+00:00,arms,left_gripper,2013,37,0,0,2014,2013
80.1,2026-08-04T20:29:55.844644+00:00,arms,right_shoulder_pan,1965,37,1,1056,1974,1965
80.1,2026-08-04T20:29:55.844644+00:00,arms,right_shoulder_lift,2161,38,36,238,2049,2157
80.1,2026-08-04T20:29:55.844644+00:00,arms,right_elbow_flex,2168,38,18,156,2097,2166
80.1,2026-08-04T20:29:55.844644+00:00,arms,right_wrist_flex,1995,36,1,52,1976,1994
80.1,2026-08-04T20:29:55.844644+00:00,arms,right_wrist_roll,2109,35,1,1048,2114,2109
80.1,2026-08-04T20:29:55.844644+00:00,arms,right_gripper,2079,38,0,0,2079,2079
80.1,2026-08-04T20:29:55.844644+00:00,head,head_motor_1,2158,25,0,0,,
80.1,2026-08-04T20:29:55.844644+00:00,head,head_motor_2,1943,27,0,0,,
80.1,2026-08-04T20:29:55.844644+00:00,head,base_left_wheel,3461,27,0,0,,
80.1,2026-08-04T20:29:55.844644+00:00,head,base_back_wheel,3496,27,0,0,,
80.1,2026-08-04T20:29:55.844644+00:00,head,base_right_wheel,2173,26,0,0,,
81.1,2026-08-04T20:29:56.845684+00:00,arms,left_shoulder_pan,1857,36,0,0,1857,1857
81.1,2026-08-04T20:29:56.845684+00:00,arms,left_shoulder_lift,2403,33,4,68,2389,2403
81.1,2026-08-04T20:29:56.845684+00:00,arms,left_elbow_flex,1644,34,3,72,1629,1644
81.1,2026-08-04T20:29:56.845684+00:00,arms,left_wrist_flex,2172,34,0,24,2169,2172
81.1,2026-08-04T20:29:56.845684+00:00,arms,left_wrist_roll,1987,33,0,1044,1989,1987
81.1,2026-08-04T20:29:56.845684+00:00,arms,left_gripper,2013,37,0,0,2014,2013
81.1,2026-08-04T20:29:56.845684+00:00,arms,right_shoulder_pan,1965,37,1,1056,1974,1965
81.1,2026-08-04T20:29:56.845684+00:00,arms,right_shoulder_lift,2161,38,30,238,2049,2157
81.1,2026-08-04T20:29:56.845684+00:00,arms,right_elbow_flex,2168,38,13,156,2097,2166
81.1,2026-08-04T20:29:56.845684+00:00,arms,right_wrist_flex,1995,36,1,52,1976,1994
81.1,2026-08-04T20:29:56.845684+00:00,arms,right_wrist_roll,2109,35,1,1048,2114,2109
81.1,2026-08-04T20:29:56.845684+00:00,arms,right_gripper,2079,38,0,0,2079,2079
81.1,2026-08-04T20:29:56.845684+00:00,head,head_motor_1,2158,25,0,0,,
81.1,2026-08-04T20:29:56.845684+00:00,head,head_motor_2,1943,27,0,0,,
81.1,2026-08-04T20:29:56.845684+00:00,head,base_left_wheel,3461,27,0,0,,
81.1,2026-08-04T20:29:56.845684+00:00,head,base_back_wheel,3496,27,0,0,,
81.1,2026-08-04T20:29:56.845684+00:00,head,base_right_wheel,2173,26,0,0,,
82.1,2026-08-04T20:29:57.846727+00:00,arms,left_shoulder_pan,1857,36,0,0,1857,1857
82.1,2026-08-04T20:29:57.846727+00:00,arms,left_shoulder_lift,2403,33,3,68,2389,2403
82.1,2026-08-04T20:29:57.846727+00:00,arms,left_elbow_flex,1644,34,3,72,1629,1644
82.1,2026-08-04T20:29:57.846727+00:00,arms,left_wrist_flex,2172,34,0,24,2169,2172
82.1,2026-08-04T20:29:57.846727+00:00,arms,left_wrist_roll,1987,33,0,1044,1989,1987
82.1,2026-08-04T20:29:57.846727+00:00,arms,left_gripper,2013,37,0,0,2014,2013
82.1,2026-08-04T20:29:57.846727+00:00,arms,right_shoulder_pan,1965,37,1,1056,1974,1965
82.1,2026-08-04T20:29:57.846727+00:00,arms,right_shoulder_lift,2161,38,30,238,2049,2157
82.1,2026-08-04T20:29:57.846727+00:00,arms,right_elbow_flex,2168,38,18,156,2097,2166
82.1,2026-08-04T20:29:57.846727+00:00,arms,right_wrist_flex,1995,36,2,52,1976,1994
82.1,2026-08-04T20:29:57.846727+00:00,arms,right_wrist_roll,2109,35,0,1048,2114,2109
82.1,2026-08-04T20:29:57.846727+00:00,arms,right_gripper,2079,38,0,0,2079,2079
82.1,2026-08-04T20:29:57.846727+00:00,head,head_motor_1,2158,25,0,0,,
82.1,2026-08-04T20:29:57.846727+00:00,head,head_motor_2,1943,27,0,0,,
82.1,2026-08-04T20:29:57.846727+00:00,head,base_left_wheel,3461,27,0,0,,
82.1,2026-08-04T20:29:57.846727+00:00,head,base_back_wheel,3496,27,0,0,,
82.1,2026-08-04T20:29:57.846727+00:00,head,base_right_wheel,2173,26,0,0,,
83.1,2026-08-04T20:29:58.847594+00:00,arms,left_shoulder_pan,1857,36,0,0,1857,1857
83.1,2026-08-04T20:29:58.847594+00:00,arms,left_shoulder_lift,2403,33,3,68,2389,2403
83.1,2026-08-04T20:29:58.847594+00:00,arms,left_elbow_flex,1644,34,2,72,1629,1644
83.1,2026-08-04T20:29:58.847594+00:00,arms,left_wrist_flex,2172,34,0,24,2169,2172
83.1,2026-08-04T20:29:58.847594+00:00,arms,left_wrist_roll,1987,33,0,1044,1989,1987
83.1,2026-08-04T20:29:58.847594+00:00,arms,left_gripper,2013,37,0,0,2014,2013
83.1,2026-08-04T20:29:58.847594+00:00,arms,right_shoulder_pan,1965,37,1,1056,1974,1965
83.1,2026-08-04T20:29:58.847594+00:00,arms,right_shoulder_lift,2161,38,35,238,2049,2157
83.1,2026-08-04T20:29:58.847594+00:00,arms,right_elbow_flex,2168,38,20,156,2097,2166
83.1,2026-08-04T20:29:58.847594+00:00,arms,right_wrist_flex,1995,36,1,52,1976,1994
83.1,2026-08-04T20:29:58.847594+00:00,arms,right_wrist_roll,2109,35,1,1048,2114,2109
83.1,2026-08-04T20:29:58.847594+00:00,arms,right_gripper,2079,38,0,0,2079,2079
83.1,2026-08-04T20:29:58.847594+00:00,head,head_motor_1,2158,25,0,0,,
83.1,2026-08-04T20:29:58.847594+00:00,head,head_motor_2,1943,27,0,0,,
83.1,2026-08-04T20:29:58.847594+00:00,head,base_left_wheel,3461,27,0,0,,
83.1,2026-08-04T20:29:58.847594+00:00,head,base_back_wheel,3496,27,0,0,,
83.1,2026-08-04T20:29:58.847594+00:00,head,base_right_wheel,2173,26,0,0,,
84.1,2026-08-04T20:29:59.848642+00:00,arms,left_shoulder_pan,1857,36,0,0,1857,1857
84.1,2026-08-04T20:29:59.848642+00:00,arms,left_shoulder_lift,2403,33,4,68,2389,2403
84.1,2026-08-04T20:29:59.848642+00:00,arms,left_elbow_flex,1644,34,3,72,1629,1644
84.1,2026-08-04T20:29:59.848642+00:00,arms,left_wrist_flex,2172,34,0,24,2169,2172
84.1,2026-08-04T20:29:59.848642+00:00,arms,left_wrist_roll,1987,33,0,1044,1989,1987
84.1,2026-08-04T20:29:59.848642+00:00,arms,left_gripper,2013,37,0,0,2014,2013
84.1,2026-08-04T20:29:59.848642+00:00,arms,right_shoulder_pan,1965,37,1,1056,1974,1965
84.1,2026-08-04T20:29:59.848642+00:00,arms,right_shoulder_lift,2161,38,34,238,2049,2157
84.1,2026-08-04T20:29:59.848642+00:00,arms,right_elbow_flex,2168,38,14,156,2097,2166
84.1,2026-08-04T20:29:59.848642+00:00,arms,right_wrist_flex,1995,36,2,52,1976,1994
84.1,2026-08-04T20:29:59.848642+00:00,arms,right_wrist_roll,2109,35,1,1048,2114,2109
84.1,2026-08-04T20:29:59.848642+00:00,arms,right_gripper,2079,38,0,0,2079,2079
84.1,2026-08-04T20:29:59.848642+00:00,head,head_motor_1,2158,25,0,0,,
84.1,2026-08-04T20:29:59.848642+00:00,head,head_motor_2,1943,27,0,0,,
84.1,2026-08-04T20:29:59.848642+00:00,head,base_left_wheel,3461,27,0,0,,
84.1,2026-08-04T20:29:59.848642+00:00,head,base_back_wheel,3496,27,0,0,,
84.1,2026-08-04T20:29:59.848642+00:00,head,base_right_wheel,2174,26,0,0,,
85.1,2026-08-04T20:30:00.849689+00:00,arms,left_shoulder_pan,1857,36,0,0,1857,1857
85.1,2026-08-04T20:30:00.849689+00:00,arms,left_shoulder_lift,2403,33,4,68,2389,2403
85.1,2026-08-04T20:30:00.849689+00:00,arms,left_elbow_flex,1644,34,3,72,1629,1644
85.1,2026-08-04T20:30:00.849689+00:00,arms,left_wrist_flex,2172,34,0,24,2169,2172
85.1,2026-08-04T20:30:00.849689+00:00,arms,left_wrist_roll,1987,33,0,1044,1989,1987
85.1,2026-08-04T20:30:00.849689+00:00,arms,left_gripper,2013,37,0,0,2014,2013
85.1,2026-08-04T20:30:00.849689+00:00,arms,right_shoulder_pan,1965,37,1,1056,1974,1965
85.1,2026-08-04T20:30:00.849689+00:00,arms,right_shoulder_lift,2161,38,32,238,2049,2157
85.1,2026-08-04T20:30:00.849689+00:00,arms,right_elbow_flex,2168,38,14,156,2097,2166
85.1,2026-08-04T20:30:00.849689+00:00,arms,right_wrist_flex,1995,36,2,52,1976,1994
85.1,2026-08-04T20:30:00.849689+00:00,arms,right_wrist_roll,2109,35,0,1048,2114,2109
85.1,2026-08-04T20:30:00.849689+00:00,arms,right_gripper,2079,38,0,0,2079,2079
85.1,2026-08-04T20:30:00.849689+00:00,head,head_motor_1,2158,25,0,0,,
85.1,2026-08-04T20:30:00.849689+00:00,head,head_motor_2,1943,27,0,0,,
85.1,2026-08-04T20:30:00.849689+00:00,head,base_left_wheel,3461,27,0,0,,
85.1,2026-08-04T20:30:00.849689+00:00,head,base_back_wheel,3496,28,0,0,,
85.1,2026-08-04T20:30:00.849689+00:00,head,base_right_wheel,2173,26,0,0,,
86.1,2026-08-04T20:30:01.850766+00:00,arms,left_shoulder_pan,1857,36,0,0,1857,1857
86.1,2026-08-04T20:30:01.850766+00:00,arms,left_shoulder_lift,2403,33,3,68,2389,2403
86.1,2026-08-04T20:30:01.850766+00:00,arms,left_elbow_flex,1644,34,3,72,1629,1644
86.1,2026-08-04T20:30:01.850766+00:00,arms,left_wrist_flex,2172,34,1,24,2169,2172
86.1,2026-08-04T20:30:01.850766+00:00,arms,left_wrist_roll,1987,33,0,1044,1989,1987
86.1,2026-08-04T20:30:01.850766+00:00,arms,left_gripper,2013,37,0,0,2014,2013
86.1,2026-08-04T20:30:01.850766+00:00,arms,right_shoulder_pan,1965,37,1,1056,1974,1965
86.1,2026-08-04T20:30:01.850766+00:00,arms,right_shoulder_lift,2161,38,28,238,2049,2157
86.1,2026-08-04T20:30:01.850766+00:00,arms,right_elbow_flex,2168,38,14,156,2097,2166
86.1,2026-08-04T20:30:01.850766+00:00,arms,right_wrist_flex,1995,36,2,52,1976,1994
86.1,2026-08-04T20:30:01.850766+00:00,arms,right_wrist_roll,2109,35,1,1048,2114,2109
86.1,2026-08-04T20:30:01.850766+00:00,arms,right_gripper,2079,38,0,0,2079,2079
86.1,2026-08-04T20:30:01.850766+00:00,head,head_motor_1,2158,25,0,0,,
86.1,2026-08-04T20:30:01.850766+00:00,head,head_motor_2,1943,27,0,0,,
86.1,2026-08-04T20:30:01.850766+00:00,head,base_left_wheel,3461,27,0,0,,
86.1,2026-08-04T20:30:01.850766+00:00,head,base_back_wheel,3496,27,0,0,,
86.1,2026-08-04T20:30:01.850766+00:00,head,base_right_wheel,2173,26,0,0,,
87.1,2026-08-04T20:30:02.851601+00:00,arms,left_shoulder_pan,1857,36,0,0,1857,1857
87.1,2026-08-04T20:30:02.851601+00:00,arms,left_shoulder_lift,2403,33,3,68,2389,2403
87.1,2026-08-04T20:30:02.851601+00:00,arms,left_elbow_flex,1644,34,3,72,1629,1644
87.1,2026-08-04T20:30:02.851601+00:00,arms,left_wrist_flex,2172,34,0,24,2169,2172
87.1,2026-08-04T20:30:02.851601+00:00,arms,left_wrist_roll,1987,33,0,1044,1989,1987
87.1,2026-08-04T20:30:02.851601+00:00,arms,left_gripper,2013,37,0,0,2014,2013
87.1,2026-08-04T20:30:02.851601+00:00,arms,right_shoulder_pan,1965,37,0,1056,1974,1965
87.1,2026-08-04T20:30:02.851601+00:00,arms,right_shoulder_lift,2161,38,29,238,2049,2157
87.1,2026-08-04T20:30:02.851601+00:00,arms,right_elbow_flex,2168,38,20,156,2097,2166
87.1,2026-08-04T20:30:02.851601+00:00,arms,right_wrist_flex,1995,36,2,52,1976,1994
87.1,2026-08-04T20:30:02.851601+00:00,arms,right_wrist_roll,2109,35,1,1048,2114,2109
87.1,2026-08-04T20:30:02.851601+00:00,arms,right_gripper,2079,38,0,0,2079,2079
87.1,2026-08-04T20:30:02.851601+00:00,head,head_motor_1,2158,25,0,0,,
87.1,2026-08-04T20:30:02.851601+00:00,head,head_motor_2,1943,27,0,0,,
87.1,2026-08-04T20:30:02.851601+00:00,head,base_left_wheel,3461,27,0,0,,
87.1,2026-08-04T20:30:02.851601+00:00,head,base_back_wheel,3496,27,0,0,,
87.1,2026-08-04T20:30:02.851601+00:00,head,base_right_wheel,2173,26,0,0,,
88.1,2026-08-04T20:30:03.852666+00:00,arms,left_shoulder_pan,1857,36,0,0,1857,1857
88.1,2026-08-04T20:30:03.852666+00:00,arms,left_shoulder_lift,2403,33,4,68,2389,2403
88.1,2026-08-04T20:30:03.852666+00:00,arms,left_elbow_flex,1644,34,3,72,1629,1644
88.1,2026-08-04T20:30:03.852666+00:00,arms,left_wrist_flex,2172,34,0,24,2169,2172
88.1,2026-08-04T20:30:03.852666+00:00,arms,left_wrist_roll,1987,33,0,1044,1989,1987
88.1,2026-08-04T20:30:03.852666+00:00,arms,left_gripper,2013,37,0,0,2014,2013
88.1,2026-08-04T20:30:03.852666+00:00,arms,right_shoulder_pan,1965,37,0,1056,1974,1965
88.1,2026-08-04T20:30:03.852666+00:00,arms,right_shoulder_lift,2161,38,38,238,2049,2157
88.1,2026-08-04T20:30:03.852666+00:00,arms,right_elbow_flex,2168,38,19,156,2097,2166
88.1,2026-08-04T20:30:03.852666+00:00,arms,right_wrist_flex,1995,36,1,52,1976,1994
88.1,2026-08-04T20:30:03.852666+00:00,arms,right_wrist_roll,2109,35,1,1048,2114,2109
88.1,2026-08-04T20:30:03.852666+00:00,arms,right_gripper,2079,38,0,0,2079,2079
88.1,2026-08-04T20:30:03.852666+00:00,head,head_motor_1,2158,25,1,0,,
88.1,2026-08-04T20:30:03.852666+00:00,head,head_motor_2,1943,27,0,0,,
88.1,2026-08-04T20:30:03.852666+00:00,head,base_left_wheel,3461,27,0,0,,
88.1,2026-08-04T20:30:03.852666+00:00,head,base_back_wheel,3496,27,0,0,,
88.1,2026-08-04T20:30:03.852666+00:00,head,base_right_wheel,2174,26,0,0,,
89.1,2026-08-04T20:30:04.853709+00:00,arms,left_shoulder_pan,1857,36,0,0,1857,1857
89.1,2026-08-04T20:30:04.853709+00:00,arms,left_shoulder_lift,2403,33,4,68,2389,2403
89.1,2026-08-04T20:30:04.853709+00:00,arms,left_elbow_flex,1644,34,3,72,1629,1644
89.1,2026-08-04T20:30:04.853709+00:00,arms,left_wrist_flex,2172,34,1,24,2169,2172
89.1,2026-08-04T20:30:04.853709+00:00,arms,left_wrist_roll,1987,33,1,1044,1989,1987
89.1,2026-08-04T20:30:04.853709+00:00,arms,left_gripper,2013,37,0,0,2014,2013
89.1,2026-08-04T20:30:04.853709+00:00,arms,right_shoulder_pan,1965,37,1,1056,1974,1965
89.1,2026-08-04T20:30:04.853709+00:00,arms,right_shoulder_lift,2161,38,38,238,2049,2157
89.1,2026-08-04T20:30:04.853709+00:00,arms,right_elbow_flex,2168,38,19,156,2097,2166
89.1,2026-08-04T20:30:04.853709+00:00,arms,right_wrist_flex,1995,36,2,52,1976,1994
89.1,2026-08-04T20:30:04.853709+00:00,arms,right_wrist_roll,2109,35,0,1048,2114,2109
89.1,2026-08-04T20:30:04.853709+00:00,arms,right_gripper,2079,38,0,0,2079,2079
89.1,2026-08-04T20:30:04.853709+00:00,head,head_motor_1,2158,25,0,0,,
89.1,2026-08-04T20:30:04.853709+00:00,head,head_motor_2,1943,27,0,0,,
89.1,2026-08-04T20:30:04.853709+00:00,head,base_left_wheel,3461,27,0,0,,
89.1,2026-08-04T20:30:04.853709+00:00,head,base_back_wheel,3496,27,0,0,,
89.1,2026-08-04T20:30:04.853709+00:00,head,base_right_wheel,2173,26,0,0,,
90.1,2026-08-04T20:30:05.854754+00:00,arms,left_shoulder_pan,1857,36,0,0,1857,1857
90.1,2026-08-04T20:30:05.854754+00:00,arms,left_shoulder_lift,2403,33,4,68,2389,2403
90.1,2026-08-04T20:30:05.854754+00:00,arms,left_elbow_flex,1644,34,2,72,1629,1644
90.1,2026-08-04T20:30:05.854754+00:00,arms,left_wrist_flex,2172,34,0,24,2169,2172
90.1,2026-08-04T20:30:05.854754+00:00,arms,left_wrist_roll,1987,33,0,1044,1989,1987
90.1,2026-08-04T20:30:05.854754+00:00,arms,left_gripper,2013,37,0,0,2014,2013
90.1,2026-08-04T20:30:05.854754+00:00,arms,right_shoulder_pan,1965,37,0,1056,1974,1965
90.1,2026-08-04T20:30:05.854754+00:00,arms,right_shoulder_lift,2161,38,37,238,2049,2157
90.1,2026-08-04T20:30:05.854754+00:00,arms,right_elbow_flex,2168,38,20,156,2097,2166
90.1,2026-08-04T20:30:05.854754+00:00,arms,right_wrist_flex,1995,36,1,52,1976,1994
90.1,2026-08-04T20:30:05.854754+00:00,arms,right_wrist_roll,2109,35,0,1048,2114,2109
90.1,2026-08-04T20:30:05.854754+00:00,arms,right_gripper,2079,38,0,0,2079,2079
90.1,2026-08-04T20:30:05.854754+00:00,head,head_motor_1,2158,25,0,0,,
90.1,2026-08-04T20:30:05.854754+00:00,head,head_motor_2,1943,27,0,0,,
90.1,2026-08-04T20:30:05.854754+00:00,head,base_left_wheel,3461,27,0,0,,
90.1,2026-08-04T20:30:05.854754+00:00,head,base_back_wheel,3496,27,0,0,,
90.1,2026-08-04T20:30:05.854754+00:00,head,base_right_wheel,2174,26,0,0,,
91.1,2026-08-04T20:30:06.855612+00:00,arms,left_shoulder_pan,1857,36,0,0,1857,1857
91.1,2026-08-04T20:30:06.855612+00:00,arms,left_shoulder_lift,2403,33,4,68,2389,2403
91.1,2026-08-04T20:30:06.855612+00:00,arms,left_elbow_flex,1644,34,3,72,1629,1644
91.1,2026-08-04T20:30:06.855612+00:00,arms,left_wrist_flex,2172,33,0,24,2169,2172
91.1,2026-08-04T20:30:06.855612+00:00,arms,left_wrist_roll,1987,33,0,1044,1989,1987
91.1,2026-08-04T20:30:06.855612+00:00,arms,left_gripper,2013,37,0,0,2014,2013
91.1,2026-08-04T20:30:06.855612+00:00,arms,right_shoulder_pan,1965,37,0,1056,1974,1965
91.1,2026-08-04T20:30:06.855612+00:00,arms,right_shoulder_lift,2161,38,28,238,2049,2157
91.1,2026-08-04T20:30:06.855612+00:00,arms,right_elbow_flex,2168,38,20,156,2097,2166
91.1,2026-08-04T20:30:06.855612+00:00,arms,right_wrist_flex,1995,36,1,52,1976,1994
91.1,2026-08-04T20:30:06.855612+00:00,arms,right_wrist_roll,2109,35,1,1048,2114,2109
91.1,2026-08-04T20:30:06.855612+00:00,arms,right_gripper,2079,38,0,0,2079,2079
91.1,2026-08-04T20:30:06.855612+00:00,head,head_motor_1,2158,25,0,0,,
91.1,2026-08-04T20:30:06.855612+00:00,head,head_motor_2,1943,27,0,0,,
91.1,2026-08-04T20:30:06.855612+00:00,head,base_left_wheel,3461,27,0,0,,
91.1,2026-08-04T20:30:06.855612+00:00,head,base_back_wheel,3496,27,0,0,,
91.1,2026-08-04T20:30:06.855612+00:00,head,base_right_wheel,2173,26,0,0,,
92.1,2026-08-04T20:30:07.856655+00:00,arms,left_shoulder_pan,1857,36,0,0,1857,1857
92.1,2026-08-04T20:30:07.856655+00:00,arms,left_shoulder_lift,2403,33,4,68,2389,2403
92.1,2026-08-04T20:30:07.856655+00:00,arms,left_elbow_flex,1644,34,3,72,1629,1644
92.1,2026-08-04T20:30:07.856655+00:00,arms,left_wrist_flex,2172,34,0,24,2169,2172
92.1,2026-08-04T20:30:07.856655+00:00,arms,left_wrist_roll,1987,33,0,1044,1989,1987
92.1,2026-08-04T20:30:07.856655+00:00,arms,left_gripper,2013,37,0,0,2014,2013
92.1,2026-08-04T20:30:07.856655+00:00,arms,right_shoulder_pan,1965,37,0,1056,1974,1965
92.1,2026-08-04T20:30:07.856655+00:00,arms,right_shoulder_lift,2161,38,30,238,2049,2157
92.1,2026-08-04T20:30:07.856655+00:00,arms,right_elbow_flex,2168,38,19,156,2097,2166
92.1,2026-08-04T20:30:07.856655+00:00,arms,right_wrist_flex,1995,36,1,52,1976,1994
92.1,2026-08-04T20:30:07.856655+00:00,arms,right_wrist_roll,2109,35,1,1048,2114,2109
92.1,2026-08-04T20:30:07.856655+00:00,arms,right_gripper,2079,38,0,0,2079,2079
92.1,2026-08-04T20:30:07.856655+00:00,head,head_motor_1,2158,25,0,0,,
92.1,2026-08-04T20:30:07.856655+00:00,head,head_motor_2,1943,27,0,0,,
92.1,2026-08-04T20:30:07.856655+00:00,head,base_left_wheel,3461,27,0,0,,
92.1,2026-08-04T20:30:07.856655+00:00,head,base_back_wheel,3496,27,0,0,,
92.1,2026-08-04T20:30:07.856655+00:00,head,base_right_wheel,2173,26,0,0,,
93.1,2026-08-04T20:30:08.857711+00:00,arms,left_shoulder_pan,1857,36,0,0,1857,1857
93.1,2026-08-04T20:30:08.857711+00:00,arms,left_shoulder_lift,2403,33,3,68,2389,2403
93.1,2026-08-04T20:30:08.857711+00:00,arms,left_elbow_flex,1644,34,3,72,1629,1644
93.1,2026-08-04T20:30:08.857711+00:00,arms,left_wrist_flex,2172,34,1,24,2169,2172
93.1,2026-08-04T20:30:08.857711+00:00,arms,left_wrist_roll,1987,33,0,1044,1989,1987
93.1,2026-08-04T20:30:08.857711+00:00,arms,left_gripper,2013,37,0,0,2014,2013
93.1,2026-08-04T20:30:08.857711+00:00,arms,right_shoulder_pan,1965,37,1,1056,1974,1965
93.1,2026-08-04T20:30:08.857711+00:00,arms,right_shoulder_lift,2161,38,36,238,2049,2157
93.1,2026-08-04T20:30:08.857711+00:00,arms,right_elbow_flex,2168,38,21,156,2097,2166
93.1,2026-08-04T20:30:08.857711+00:00,arms,right_wrist_flex,1995,36,2,52,1976,1994
93.1,2026-08-04T20:30:08.857711+00:00,arms,right_wrist_roll,2109,35,1,1048,2114,2109
93.1,2026-08-04T20:30:08.857711+00:00,arms,right_gripper,2079,38,0,0,2079,2079
93.1,2026-08-04T20:30:08.857711+00:00,head,head_motor_1,2158,25,0,0,,
93.1,2026-08-04T20:30:08.857711+00:00,head,head_motor_2,1943,27,0,0,,
93.1,2026-08-04T20:30:08.857711+00:00,head,base_left_wheel,3461,27,0,0,,
93.1,2026-08-04T20:30:08.857711+00:00,head,base_back_wheel,3496,27,0,0,,
93.1,2026-08-04T20:30:08.857711+00:00,head,base_right_wheel,2173,26,0,0,,
94.1,2026-08-04T20:30:09.858765+00:00,arms,left_shoulder_pan,1857,36,0,0,1857,1857
94.1,2026-08-04T20:30:09.858765+00:00,arms,left_shoulder_lift,2403,33,3,68,2389,2403
94.1,2026-08-04T20:30:09.858765+00:00,arms,left_elbow_flex,1644,34,3,72,1629,1644
94.1,2026-08-04T20:30:09.858765+00:00,arms,left_wrist_flex,2172,34,0,24,2169,2172
94.1,2026-08-04T20:30:09.858765+00:00,arms,left_wrist_roll,1987,33,0,1044,1989,1987
94.1,2026-08-04T20:30:09.858765+00:00,arms,left_gripper,2013,37,0,0,2014,2013
94.1,2026-08-04T20:30:09.858765+00:00,arms,right_shoulder_pan,1965,37,1,1056,1974,1965
94.1,2026-08-04T20:30:09.858765+00:00,arms,right_shoulder_lift,2161,38,32,238,2049,2157
94.1,2026-08-04T20:30:09.858765+00:00,arms,right_elbow_flex,2168,38,17,156,2097,2166
94.1,2026-08-04T20:30:09.858765+00:00,arms,right_wrist_flex,1995,36,2,52,1976,1994
94.1,2026-08-04T20:30:09.858765+00:00,arms,right_wrist_roll,2109,35,0,1048,2114,2109
94.1,2026-08-04T20:30:09.858765+00:00,arms,right_gripper,2079,38,0,0,2079,2079
94.1,2026-08-04T20:30:09.858765+00:00,head,head_motor_1,2158,25,0,0,,
94.1,2026-08-04T20:30:09.858765+00:00,head,head_motor_2,1943,27,0,0,,
94.1,2026-08-04T20:30:09.858765+00:00,head,base_left_wheel,3461,27,0,0,,
94.1,2026-08-04T20:30:09.858765+00:00,head,base_back_wheel,3496,27,0,0,,
94.1,2026-08-04T20:30:09.858765+00:00,head,base_right_wheel,2173,26,0,0,,
95.1,2026-08-04T20:30:10.859619+00:00,arms,left_shoulder_pan,1857,36,0,0,1857,1857
95.1,2026-08-04T20:30:10.859619+00:00,arms,left_shoulder_lift,2403,33,3,68,2389,2403
95.1,2026-08-04T20:30:10.859619+00:00,arms,left_elbow_flex,1644,34,3,72,1629,1644
95.1,2026-08-04T20:30:10.859619+00:00,arms,left_wrist_flex,2172,34,0,24,2169,2172
95.1,2026-08-04T20:30:10.859619+00:00,arms,left_wrist_roll,1987,33,0,1044,1989,1987
95.1,2026-08-04T20:30:10.859619+00:00,arms,left_gripper,2013,37,0,0,2014,2013
95.1,2026-08-04T20:30:10.859619+00:00,arms,right_shoulder_pan,1965,37,0,1056,1974,1965
95.1,2026-08-04T20:30:10.859619+00:00,arms,right_shoulder_lift,2161,38,38,238,2049,2157
95.1,2026-08-04T20:30:10.859619+00:00,arms,right_elbow_flex,2168,38,21,156,2097,2166
95.1,2026-08-04T20:30:10.859619+00:00,arms,right_wrist_flex,1995,36,2,52,1976,1994
95.1,2026-08-04T20:30:10.859619+00:00,arms,right_wrist_roll,2109,35,0,1048,2114,2109
95.1,2026-08-04T20:30:10.859619+00:00,arms,right_gripper,2079,38,0,0,2079,2079
95.1,2026-08-04T20:30:10.859619+00:00,head,head_motor_1,2158,25,0,0,,
95.1,2026-08-04T20:30:10.859619+00:00,head,head_motor_2,1943,27,0,0,,
95.1,2026-08-04T20:30:10.859619+00:00,head,base_left_wheel,3461,27,0,0,,
95.1,2026-08-04T20:30:10.859619+00:00,head,base_back_wheel,3496,27,0,0,,
95.1,2026-08-04T20:30:10.859619+00:00,head,base_right_wheel,2173,26,0,0,,
96.1,2026-08-04T20:30:11.860677+00:00,arms,left_shoulder_pan,1857,36,0,0,1857,1857
96.1,2026-08-04T20:30:11.860677+00:00,arms,left_shoulder_lift,2403,33,4,68,2389,2403
96.1,2026-08-04T20:30:11.860677+00:00,arms,left_elbow_flex,1644,34,3,72,1629,1644
96.1,2026-08-04T20:30:11.860677+00:00,arms,left_wrist_flex,2172,34,0,24,2169,2172
96.1,2026-08-04T20:30:11.860677+00:00,arms,left_wrist_roll,1987,33,0,1044,1989,1987
96.1,2026-08-04T20:30:11.860677+00:00,arms,left_gripper,2013,37,0,0,2014,2013
96.1,2026-08-04T20:30:11.860677+00:00,arms,right_shoulder_pan,1965,37,1,1056,1974,1965
96.1,2026-08-04T20:30:11.860677+00:00,arms,right_shoulder_lift,2161,38,29,238,2049,2157
96.1,2026-08-04T20:30:11.860677+00:00,arms,right_elbow_flex,2168,38,18,156,2097,2166
96.1,2026-08-04T20:30:11.860677+00:00,arms,right_wrist_flex,1995,36,1,52,1976,1994
96.1,2026-08-04T20:30:11.860677+00:00,arms,right_wrist_roll,2109,35,1,1048,2114,2109
96.1,2026-08-04T20:30:11.860677+00:00,arms,right_gripper,2079,38,0,0,2079,2079
96.1,2026-08-04T20:30:11.860677+00:00,head,head_motor_1,2158,25,0,0,,
96.1,2026-08-04T20:30:11.860677+00:00,head,head_motor_2,1943,27,0,0,,
96.1,2026-08-04T20:30:11.860677+00:00,head,base_left_wheel,3461,27,0,0,,
96.1,2026-08-04T20:30:11.860677+00:00,head,base_back_wheel,3496,27,0,0,,
96.1,2026-08-04T20:30:11.860677+00:00,head,base_right_wheel,2173,26,0,0,,
97.1,2026-08-04T20:30:12.861723+00:00,arms,left_shoulder_pan,1857,36,0,0,1857,1857
97.1,2026-08-04T20:30:12.861723+00:00,arms,left_shoulder_lift,2403,33,4,68,2389,2403
97.1,2026-08-04T20:30:12.861723+00:00,arms,left_elbow_flex,1644,34,3,72,1629,1644
97.1,2026-08-04T20:30:12.861723+00:00,arms,left_wrist_flex,2172,34,0,24,2169,2172
97.1,2026-08-04T20:30:12.861723+00:00,arms,left_wrist_roll,1987,33,0,1044,1989,1987
97.1,2026-08-04T20:30:12.861723+00:00,arms,left_gripper,2013,37,0,0,2014,2013
97.1,2026-08-04T20:30:12.861723+00:00,arms,right_shoulder_pan,1965,37,0,1056,1974,1965
97.1,2026-08-04T20:30:12.861723+00:00,arms,right_shoulder_lift,2161,38,34,238,2049,2157
97.1,2026-08-04T20:30:12.861723+00:00,arms,right_elbow_flex,2168,38,20,156,2097,2166
97.1,2026-08-04T20:30:12.861723+00:00,arms,right_wrist_flex,1995,36,1,52,1976,1994
97.1,2026-08-04T20:30:12.861723+00:00,arms,right_wrist_roll,2109,35,0,1048,2114,2109
97.1,2026-08-04T20:30:12.861723+00:00,arms,right_gripper,2079,38,0,0,2079,2079
97.1,2026-08-04T20:30:12.861723+00:00,head,head_motor_1,2158,25,0,0,,
97.1,2026-08-04T20:30:12.861723+00:00,head,head_motor_2,1943,27,0,0,,
97.1,2026-08-04T20:30:12.861723+00:00,head,base_left_wheel,3461,27,0,0,,
97.1,2026-08-04T20:30:12.861723+00:00,head,base_back_wheel,3496,27,0,0,,
97.1,2026-08-04T20:30:12.861723+00:00,head,base_right_wheel,2173,26,0,0,,
98.1,2026-08-04T20:30:13.862765+00:00,arms,left_shoulder_pan,1857,36,0,0,1857,1857
98.1,2026-08-04T20:30:13.862765+00:00,arms,left_shoulder_lift,2403,33,3,68,2389,2403
98.1,2026-08-04T20:30:13.862765+00:00,arms,left_elbow_flex,1644,34,3,72,1629,1644
98.1,2026-08-04T20:30:13.862765+00:00,arms,left_wrist_flex,2172,34,0,24,2169,2172
98.1,2026-08-04T20:30:13.862765+00:00,arms,left_wrist_roll,1987,33,0,1044,1989,1987
98.1,2026-08-04T20:30:13.862765+00:00,arms,left_gripper,2013,37,0,0,2014,2013
98.1,2026-08-04T20:30:13.862765+00:00,arms,right_shoulder_pan,1965,37,1,1056,1974,1965
98.1,2026-08-04T20:30:13.862765+00:00,arms,right_shoulder_lift,2161,38,38,238,2049,2157
98.1,2026-08-04T20:30:13.862765+00:00,arms,right_elbow_flex,2168,38,20,156,2097,2166
98.1,2026-08-04T20:30:13.862765+00:00,arms,right_wrist_flex,1995,36,1,52,1976,1994
98.1,2026-08-04T20:30:13.862765+00:00,arms,right_wrist_roll,2109,35,1,1048,2114,2109
98.1,2026-08-04T20:30:13.862765+00:00,arms,right_gripper,2079,38,0,0,2079,2079
98.1,2026-08-04T20:30:13.862765+00:00,head,head_motor_1,2158,25,0,0,,
98.1,2026-08-04T20:30:13.862765+00:00,head,head_motor_2,1943,27,0,0,,
98.1,2026-08-04T20:30:13.862765+00:00,head,base_left_wheel,3461,27,0,0,,
98.1,2026-08-04T20:30:13.862765+00:00,head,base_back_wheel,3496,27,0,0,,
98.1,2026-08-04T20:30:13.862765+00:00,head,base_right_wheel,2173,26,0,0,,
99.1,2026-08-04T20:30:14.863820+00:00,arms,left_shoulder_pan,1857,36,0,0,1857,1857
99.1,2026-08-04T20:30:14.863820+00:00,arms,left_shoulder_lift,2403,33,3,68,2389,2403
99.1,2026-08-04T20:30:14.863820+00:00,arms,left_elbow_flex,1644,34,3,72,1629,1644
99.1,2026-08-04T20:30:14.863820+00:00,arms,left_wrist_flex,2172,34,0,24,2169,2172
99.1,2026-08-04T20:30:14.863820+00:00,arms,left_wrist_roll,1987,33,0,1044,1989,1987
99.1,2026-08-04T20:30:14.863820+00:00,arms,left_gripper,2013,37,0,0,2014,2013
99.1,2026-08-04T20:30:14.863820+00:00,arms,right_shoulder_pan,1965,37,1,1056,1974,1965
99.1,2026-08-04T20:30:14.863820+00:00,arms,right_shoulder_lift,2161,38,37,238,2049,2157
99.1,2026-08-04T20:30:14.863820+00:00,arms,right_elbow_flex,2168,38,19,156,2097,2166
99.1,2026-08-04T20:30:14.863820+00:00,arms,right_wrist_flex,1995,36,1,52,1976,1994
99.1,2026-08-04T20:30:14.863820+00:00,arms,right_wrist_roll,2109,35,0,1048,2114,2109
99.1,2026-08-04T20:30:14.863820+00:00,arms,right_gripper,2079,38,0,0,2079,2079
99.1,2026-08-04T20:30:14.863820+00:00,head,head_motor_1,2158,26,0,0,,
99.1,2026-08-04T20:30:14.863820+00:00,head,head_motor_2,1943,27,0,0,,
99.1,2026-08-04T20:30:14.863820+00:00,head,base_left_wheel,3461,27,0,0,,
99.1,2026-08-04T20:30:14.863820+00:00,head,base_back_wheel,3496,27,0,0,,
99.1,2026-08-04T20:30:14.863820+00:00,head,base_right_wheel,2173,26,0,0,,
100.1,2026-08-04T20:30:15.864863+00:00,arms,left_shoulder_pan,1857,36,0,0,1857,1857
100.1,2026-08-04T20:30:15.864863+00:00,arms,left_shoulder_lift,2403,33,3,68,2389,2403
100.1,2026-08-04T20:30:15.864863+00:00,arms,left_elbow_flex,1644,34,3,72,1629,1644
100.1,2026-08-04T20:30:15.864863+00:00,arms,left_wrist_flex,2172,34,0,24,2169,2172
100.1,2026-08-04T20:30:15.864863+00:00,arms,left_wrist_roll,1987,33,1,1044,1989,1987
100.1,2026-08-04T20:30:15.864863+00:00,arms,left_gripper,2013,37,0,0,2014,2013
100.1,2026-08-04T20:30:15.864863+00:00,arms,right_shoulder_pan,1965,37,0,1056,1974,1965
100.1,2026-08-04T20:30:15.864863+00:00,arms,right_shoulder_lift,2161,39,37,238,2049,2157
100.1,2026-08-04T20:30:15.864863+00:00,arms,right_elbow_flex,2168,38,19,156,2097,2166
100.1,2026-08-04T20:30:15.864863+00:00,arms,right_wrist_flex,1995,36,1,52,1976,1994
100.1,2026-08-04T20:30:15.864863+00:00,arms,right_wrist_roll,2109,35,0,1048,2114,2109
100.1,2026-08-04T20:30:15.864863+00:00,arms,right_gripper,2079,38,0,0,2079,2079
100.1,2026-08-04T20:30:15.864863+00:00,head,head_motor_1,2158,25,0,0,,
100.1,2026-08-04T20:30:15.864863+00:00,head,head_motor_2,1943,27,0,0,,
100.1,2026-08-04T20:30:15.864863+00:00,head,base_left_wheel,3461,27,0,0,,
100.1,2026-08-04T20:30:15.864863+00:00,head,base_back_wheel,3496,27,0,0,,
100.1,2026-08-04T20:30:15.864863+00:00,head,base_right_wheel,2173,26,0,0,,
101.1,2026-08-04T20:30:16.865911+00:00,arms,left_shoulder_pan,1857,36,0,0,1857,1857
101.1,2026-08-04T20:30:16.865911+00:00,arms,left_shoulder_lift,2403,33,3,68,2389,2403
101.1,2026-08-04T20:30:16.865911+00:00,arms,left_elbow_flex,1644,34,4,72,1629,1644
101.1,2026-08-04T20:30:16.865911+00:00,arms,left_wrist_flex,2172,34,0,24,2169,2172
101.1,2026-08-04T20:30:16.865911+00:00,arms,left_wrist_roll,1987,33,0,1044,1989,1987
101.1,2026-08-04T20:30:16.865911+00:00,arms,left_gripper,2013,37,0,0,2014,2013
101.1,2026-08-04T20:30:16.865911+00:00,arms,right_shoulder_pan,1965,37,1,1056,1974,1965
101.1,2026-08-04T20:30:16.865911+00:00,arms,right_shoulder_lift,2161,38,39,238,2049,2157
101.1,2026-08-04T20:30:16.865911+00:00,arms,right_elbow_flex,2168,38,20,156,2097,2166
101.1,2026-08-04T20:30:16.865911+00:00,arms,right_wrist_flex,1995,36,1,52,1976,1994
101.1,2026-08-04T20:30:16.865911+00:00,arms,right_wrist_roll,2109,35,1,1048,2114,2109
101.1,2026-08-04T20:30:16.865911+00:00,arms,right_gripper,2079,38,0,0,2079,2079
101.1,2026-08-04T20:30:16.865911+00:00,head,head_motor_1,2158,25,1,0,,
101.1,2026-08-04T20:30:16.865911+00:00,head,head_motor_2,1943,27,0,0,,
101.1,2026-08-04T20:30:16.865911+00:00,head,base_left_wheel,3461,27,0,0,,
101.1,2026-08-04T20:30:16.865911+00:00,head,base_back_wheel,3496,27,0,0,,
101.1,2026-08-04T20:30:16.865911+00:00,head,base_right_wheel,2173,26,0,0,,
102.1,2026-08-04T20:30:17.866960+00:00,arms,left_shoulder_pan,1857,36,0,0,1857,1857
102.1,2026-08-04T20:30:17.866960+00:00,arms,left_shoulder_lift,2403,33,4,68,2389,2403
102.1,2026-08-04T20:30:17.866960+00:00,arms,left_elbow_flex,1644,34,3,72,1629,1644
102.1,2026-08-04T20:30:17.866960+00:00,arms,left_wrist_flex,2172,34,0,24,2169,2172
102.1,2026-08-04T20:30:17.866960+00:00,arms,left_wrist_roll,1987,33,0,1044,1989,1987
102.1,2026-08-04T20:30:17.866960+00:00,arms,left_gripper,2013,37,0,0,2014,2013
102.1,2026-08-04T20:30:17.866960+00:00,arms,right_shoulder_pan,1965,37,0,1056,1974,1965
102.1,2026-08-04T20:30:17.866960+00:00,arms,right_shoulder_lift,2161,39,37,238,2049,2157
102.1,2026-08-04T20:30:17.866960+00:00,arms,right_elbow_flex,2168,38,19,156,2097,2166
102.1,2026-08-04T20:30:17.866960+00:00,arms,right_wrist_flex,1995,36,1,52,1976,1994
102.1,2026-08-04T20:30:17.866960+00:00,arms,right_wrist_roll,2109,35,1,1048,2114,2109
102.1,2026-08-04T20:30:17.866960+00:00,arms,right_gripper,2079,38,0,0,2079,2079
102.1,2026-08-04T20:30:17.866960+00:00,head,head_motor_1,2158,25,0,0,,
102.1,2026-08-04T20:30:17.866960+00:00,head,head_motor_2,1943,27,0,0,,
102.1,2026-08-04T20:30:17.866960+00:00,head,base_left_wheel,3461,27,0,0,,
102.1,2026-08-04T20:30:17.866960+00:00,head,base_back_wheel,3496,27,0,0,,
102.1,2026-08-04T20:30:17.866960+00:00,head,base_right_wheel,2173,26,0,0,,
103.1,2026-08-04T20:30:18.868008+00:00,arms,left_shoulder_pan,1857,36,0,0,1857,1857
103.1,2026-08-04T20:30:18.868008+00:00,arms,left_shoulder_lift,2403,33,3,68,2389,2403
103.1,2026-08-04T20:30:18.868008+00:00,arms,left_elbow_flex,1644,34,3,72,1629,1644
103.1,2026-08-04T20:30:18.868008+00:00,arms,left_wrist_flex,2172,34,0,24,2169,2172
103.1,2026-08-04T20:30:18.868008+00:00,arms,left_wrist_roll,1987,33,1,1044,1989,1987
103.1,2026-08-04T20:30:18.868008+00:00,arms,left_gripper,2013,37,0,0,2014,2013
103.1,2026-08-04T20:30:18.868008+00:00,arms,right_shoulder_pan,1965,37,1,1056,1974,1965
103.1,2026-08-04T20:30:18.868008+00:00,arms,right_shoulder_lift,2161,39,31,238,2049,2157
103.1,2026-08-04T20:30:18.868008+00:00,arms,right_elbow_flex,2168,38,14,156,2097,2166
103.1,2026-08-04T20:30:18.868008+00:00,arms,right_wrist_flex,1995,36,1,52,1976,1994
103.1,2026-08-04T20:30:18.868008+00:00,arms,right_wrist_roll,2109,35,1,1048,2114,2109
103.1,2026-08-04T20:30:18.868008+00:00,arms,right_gripper,2079,38,0,0,2079,2079
103.1,2026-08-04T20:30:18.868008+00:00,head,head_motor_1,2158,25,0,0,,
103.1,2026-08-04T20:30:18.868008+00:00,head,head_motor_2,1943,27,0,0,,
103.1,2026-08-04T20:30:18.868008+00:00,head,base_left_wheel,3461,27,0,0,,
103.1,2026-08-04T20:30:18.868008+00:00,head,base_back_wheel,3496,27,0,0,,
103.1,2026-08-04T20:30:18.868008+00:00,head,base_right_wheel,2173,26,0,0,,
104.1,2026-08-04T20:30:19.869053+00:00,arms,left_shoulder_pan,1857,36,0,0,1857,1857
104.1,2026-08-04T20:30:19.869053+00:00,arms,left_shoulder_lift,2403,33,3,68,2389,2403
104.1,2026-08-04T20:30:19.869053+00:00,arms,left_elbow_flex,1644,34,3,72,1629,1644
104.1,2026-08-04T20:30:19.869053+00:00,arms,left_wrist_flex,2172,34,1,24,2169,2172
104.1,2026-08-04T20:30:19.869053+00:00,arms,left_wrist_roll,1987,33,0,1044,1989,1987
104.1,2026-08-04T20:30:19.869053+00:00,arms,left_gripper,2013,37,0,0,2014,2013
104.1,2026-08-04T20:30:19.869053+00:00,arms,right_shoulder_pan,1965,37,1,1056,1974,1965
104.1,2026-08-04T20:30:19.869053+00:00,arms,right_shoulder_lift,2161,39,40,238,2049,2157
104.1,2026-08-04T20:30:19.869053+00:00,arms,right_elbow_flex,2168,38,13,156,2097,2166
104.1,2026-08-04T20:30:19.869053+00:00,arms,right_wrist_flex,1995,36,1,52,1976,1994
104.1,2026-08-04T20:30:19.869053+00:00,arms,right_wrist_roll,2109,35,1,1048,2114,2109
104.1,2026-08-04T20:30:19.869053+00:00,arms,right_gripper,2079,38,0,0,2079,2079
104.1,2026-08-04T20:30:19.869053+00:00,head,head_motor_1,2158,25,0,0,,
104.1,2026-08-04T20:30:19.869053+00:00,head,head_motor_2,1943,27,0,0,,
104.1,2026-08-04T20:30:19.869053+00:00,head,base_left_wheel,3461,27,0,0,,
104.1,2026-08-04T20:30:19.869053+00:00,head,base_back_wheel,3496,27,0,0,,
104.1,2026-08-04T20:30:19.869053+00:00,head,base_right_wheel,2173,26,0,0,,
105.1,2026-08-04T20:30:20.870097+00:00,arms,left_shoulder_pan,1857,36,0,0,1857,1857
105.1,2026-08-04T20:30:20.870097+00:00,arms,left_shoulder_lift,2403,33,4,68,2389,2403
105.1,2026-08-04T20:30:20.870097+00:00,arms,left_elbow_flex,1644,34,3,72,1629,1644
105.1,2026-08-04T20:30:20.870097+00:00,arms,left_wrist_flex,2172,34,0,24,2169,2172
105.1,2026-08-04T20:30:20.870097+00:00,arms,left_wrist_roll,1987,33,1,1044,1989,1987
105.1,2026-08-04T20:30:20.870097+00:00,arms,left_gripper,2013,37,0,0,2014,2013
105.1,2026-08-04T20:30:20.870097+00:00,arms,right_shoulder_pan,1965,37,1,1056,1974,1965
105.1,2026-08-04T20:30:20.870097+00:00,arms,right_shoulder_lift,2161,39,35,238,2049,2157
105.1,2026-08-04T20:30:20.870097+00:00,arms,right_elbow_flex,2168,38,20,156,2097,2166
105.1,2026-08-04T20:30:20.870097+00:00,arms,right_wrist_flex,1995,36,2,52,1976,1994
105.1,2026-08-04T20:30:20.870097+00:00,arms,right_wrist_roll,2109,35,0,1048,2114,2109
105.1,2026-08-04T20:30:20.870097+00:00,arms,right_gripper,2079,38,0,0,2079,2079
105.1,2026-08-04T20:30:20.870097+00:00,head,head_motor_1,2158,25,0,0,,
105.1,2026-08-04T20:30:20.870097+00:00,head,head_motor_2,1943,27,0,0,,
105.1,2026-08-04T20:30:20.870097+00:00,head,base_left_wheel,3461,27,0,0,,
105.1,2026-08-04T20:30:20.870097+00:00,head,base_back_wheel,3496,27,0,0,,
105.1,2026-08-04T20:30:20.870097+00:00,head,base_right_wheel,2173,26,0,0,,
106.1,2026-08-04T20:30:21.871134+00:00,arms,left_shoulder_pan,1857,36,0,0,1857,1857
106.1,2026-08-04T20:30:21.871134+00:00,arms,left_shoulder_lift,2403,33,4,68,2389,2403
106.1,2026-08-04T20:30:21.871134+00:00,arms,left_elbow_flex,1644,34,2,72,1629,1644
106.1,2026-08-04T20:30:21.871134+00:00,arms,left_wrist_flex,2172,34,0,24,2169,2172
106.1,2026-08-04T20:30:21.871134+00:00,arms,left_wrist_roll,1987,33,1,1044,1989,1987
106.1,2026-08-04T20:30:21.871134+00:00,arms,left_gripper,2013,37,0,0,2014,2013
106.1,2026-08-04T20:30:21.871134+00:00,arms,right_shoulder_pan,1965,37,1,1056,1974,1965
106.1,2026-08-04T20:30:21.871134+00:00,arms,right_shoulder_lift,2162,39,29,240,2049,2157
106.1,2026-08-04T20:30:21.871134+00:00,arms,right_elbow_flex,2168,38,20,156,2097,2166
106.1,2026-08-04T20:30:21.871134+00:00,arms,right_wrist_flex,1995,36,1,52,1976,1994
106.1,2026-08-04T20:30:21.871134+00:00,arms,right_wrist_roll,2109,35,1,1048,2114,2109
106.1,2026-08-04T20:30:21.871134+00:00,arms,right_gripper,2079,38,0,0,2079,2079
106.1,2026-08-04T20:30:21.871134+00:00,head,head_motor_1,2158,25,0,0,,
106.1,2026-08-04T20:30:21.871134+00:00,head,head_motor_2,1943,27,0,0,,
106.1,2026-08-04T20:30:21.871134+00:00,head,base_left_wheel,3461,27,0,0,,
106.1,2026-08-04T20:30:21.871134+00:00,head,base_back_wheel,3496,27,0,0,,
106.1,2026-08-04T20:30:21.871134+00:00,head,base_right_wheel,2173,26,0,0,,
107.1,2026-08-04T20:30:22.871603+00:00,arms,left_shoulder_pan,1857,36,0,0,1857,1857
107.1,2026-08-04T20:30:22.871603+00:00,arms,left_shoulder_lift,2403,33,3,68,2389,2403
107.1,2026-08-04T20:30:22.871603+00:00,arms,left_elbow_flex,1644,34,3,72,1629,1644
107.1,2026-08-04T20:30:22.871603+00:00,arms,left_wrist_flex,2172,34,0,24,2169,2172
107.1,2026-08-04T20:30:22.871603+00:00,arms,left_wrist_roll,1987,33,0,1044,1989,1987
107.1,2026-08-04T20:30:22.871603+00:00,arms,left_gripper,2013,37,0,0,2014,2013
107.1,2026-08-04T20:30:22.871603+00:00,arms,right_shoulder_pan,1965,37,1,1056,1974,1965
107.1,2026-08-04T20:30:22.871603+00:00,arms,right_shoulder_lift,2162,39,32,240,2049,2157
107.1,2026-08-04T20:30:22.871603+00:00,arms,right_elbow_flex,2168,38,18,156,2097,2166
107.1,2026-08-04T20:30:22.871603+00:00,arms,right_wrist_flex,1995,36,2,52,1976,1994
107.1,2026-08-04T20:30:22.871603+00:00,arms,right_wrist_roll,2109,35,0,1048,2114,2109
107.1,2026-08-04T20:30:22.871603+00:00,arms,right_gripper,2079,38,0,0,2079,2079
107.1,2026-08-04T20:30:22.871603+00:00,head,head_motor_1,2158,25,0,0,,
107.1,2026-08-04T20:30:22.871603+00:00,head,head_motor_2,1943,26,0,0,,
107.1,2026-08-04T20:30:22.871603+00:00,head,base_left_wheel,3461,27,0,0,,
107.1,2026-08-04T20:30:22.871603+00:00,head,base_back_wheel,3496,27,0,0,,
107.1,2026-08-04T20:30:22.871603+00:00,head,base_right_wheel,2173,26,0,0,,
108.1,2026-08-04T20:30:23.872648+00:00,arms,left_shoulder_pan,1857,36,0,0,1857,1857
108.1,2026-08-04T20:30:23.872648+00:00,arms,left_shoulder_lift,2403,33,3,68,2389,2403
108.1,2026-08-04T20:30:23.872648+00:00,arms,left_elbow_flex,1644,34,3,72,1629,1644
108.1,2026-08-04T20:30:23.872648+00:00,arms,left_wrist_flex,2172,34,0,24,2169,2172
108.1,2026-08-04T20:30:23.872648+00:00,arms,left_wrist_roll,1987,33,1,1044,1989,1987
108.1,2026-08-04T20:30:23.872648+00:00,arms,left_gripper,2013,37,0,0,2014,2013
108.1,2026-08-04T20:30:23.872648+00:00,arms,right_shoulder_pan,1965,37,0,1056,1974,1965
108.1,2026-08-04T20:30:23.872648+00:00,arms,right_shoulder_lift,2162,40,33,240,2049,2157
108.1,2026-08-04T20:30:23.872648+00:00,arms,right_elbow_flex,2168,38,19,156,2097,2166
108.1,2026-08-04T20:30:23.872648+00:00,arms,right_wrist_flex,1995,36,1,52,1976,1994
108.1,2026-08-04T20:30:23.872648+00:00,arms,right_wrist_roll,2109,35,0,1048,2114,2109
108.1,2026-08-04T20:30:23.872648+00:00,arms,right_gripper,2079,38,0,0,2079,2079
108.1,2026-08-04T20:30:23.872648+00:00,head,head_motor_1,2158,25,0,0,,
108.1,2026-08-04T20:30:23.872648+00:00,head,head_motor_2,1943,27,0,0,,
108.1,2026-08-04T20:30:23.872648+00:00,head,base_left_wheel,3461,27,0,0,,
108.1,2026-08-04T20:30:23.872648+00:00,head,base_back_wheel,3497,27,0,0,,
108.1,2026-08-04T20:30:23.872648+00:00,head,base_right_wheel,2173,26,0,0,,
109.1,2026-08-04T20:30:24.873700+00:00,arms,left_shoulder_pan,1857,36,0,0,1857,1857
109.1,2026-08-04T20:30:24.873700+00:00,arms,left_shoulder_lift,2403,33,4,68,2389,2403
109.1,2026-08-04T20:30:24.873700+00:00,arms,left_elbow_flex,1644,34,3,72,1629,1644
109.1,2026-08-04T20:30:24.873700+00:00,arms,left_wrist_flex,2172,34,1,24,2169,2172
109.1,2026-08-04T20:30:24.873700+00:00,arms,left_wrist_roll,1987,33,0,1044,1989,1987
109.1,2026-08-04T20:30:24.873700+00:00,arms,left_gripper,2013,37,0,0,2014,2013
109.1,2026-08-04T20:30:24.873700+00:00,arms,right_shoulder_pan,1965,37,1,1056,1974,1965
109.1,2026-08-04T20:30:24.873700+00:00,arms,right_shoulder_lift,2162,39,33,240,2049,2157
109.1,2026-08-04T20:30:24.873700+00:00,arms,right_elbow_flex,2168,38,16,156,2097,2166
109.1,2026-08-04T20:30:24.873700+00:00,arms,right_wrist_flex,1995,36,1,52,1976,1994
109.1,2026-08-04T20:30:24.873700+00:00,arms,right_wrist_roll,2109,35,1,1048,2114,2109
109.1,2026-08-04T20:30:24.873700+00:00,arms,right_gripper,2079,38,0,0,2079,2079
109.1,2026-08-04T20:30:24.873700+00:00,head,head_motor_1,2158,25,0,0,,
109.1,2026-08-04T20:30:24.873700+00:00,head,head_motor_2,1943,27,0,0,,
109.1,2026-08-04T20:30:24.873700+00:00,head,base_left_wheel,3461,27,0,0,,
109.1,2026-08-04T20:30:24.873700+00:00,head,base_back_wheel,3496,27,0,0,,
109.1,2026-08-04T20:30:24.873700+00:00,head,base_right_wheel,2173,26,0,0,,
110.1,2026-08-04T20:30:25.874746+00:00,arms,left_shoulder_pan,1857,36,0,0,1857,1857
110.1,2026-08-04T20:30:25.874746+00:00,arms,left_shoulder_lift,2403,33,4,68,2389,2403
110.1,2026-08-04T20:30:25.874746+00:00,arms,left_elbow_flex,1644,34,3,72,1629,1644
110.1,2026-08-04T20:30:25.874746+00:00,arms,left_wrist_flex,2172,34,0,24,2169,2172
110.1,2026-08-04T20:30:25.874746+00:00,arms,left_wrist_roll,1987,33,0,1044,1989,1987
110.1,2026-08-04T20:30:25.874746+00:00,arms,left_gripper,2013,37,0,0,2014,2013
110.1,2026-08-04T20:30:25.874746+00:00,arms,right_shoulder_pan,1965,37,0,1056,1974,1965
110.1,2026-08-04T20:30:25.874746+00:00,arms,right_shoulder_lift,2162,39,37,240,2049,2157
110.1,2026-08-04T20:30:25.874746+00:00,arms,right_elbow_flex,2168,38,19,156,2097,2166
110.1,2026-08-04T20:30:25.874746+00:00,arms,right_wrist_flex,1995,36,1,52,1976,1994
110.1,2026-08-04T20:30:25.874746+00:00,arms,right_wrist_roll,2109,35,0,1048,2114,2109
110.1,2026-08-04T20:30:25.874746+00:00,arms,right_gripper,2079,38,0,0,2079,2079
110.1,2026-08-04T20:30:25.874746+00:00,head,head_motor_1,2158,25,0,0,,
110.1,2026-08-04T20:30:25.874746+00:00,head,head_motor_2,1943,27,0,0,,
110.1,2026-08-04T20:30:25.874746+00:00,head,base_left_wheel,3461,27,0,0,,
110.1,2026-08-04T20:30:25.874746+00:00,head,base_back_wheel,3496,27,0,0,,
110.1,2026-08-04T20:30:25.874746+00:00,head,base_right_wheel,2173,26,0,0,,
111.1,2026-08-04T20:30:26.875595+00:00,arms,left_shoulder_pan,1857,36,1,0,1857,1857
111.1,2026-08-04T20:30:26.875595+00:00,arms,left_shoulder_lift,2403,33,4,68,2389,2403
111.1,2026-08-04T20:30:26.875595+00:00,arms,left_elbow_flex,1644,34,3,72,1629,1644
111.1,2026-08-04T20:30:26.875595+00:00,arms,left_wrist_flex,2172,34,0,24,2169,2172
111.1,2026-08-04T20:30:26.875595+00:00,arms,left_wrist_roll,1987,33,1,1044,1989,1987
111.1,2026-08-04T20:30:26.875595+00:00,arms,left_gripper,2013,37,0,0,2014,2013
111.1,2026-08-04T20:30:26.875595+00:00,arms,right_shoulder_pan,1965,37,1,1056,1974,1965
111.1,2026-08-04T20:30:26.875595+00:00,arms,right_shoulder_lift,2162,39,34,240,2049,2157
111.1,2026-08-04T20:30:26.875595+00:00,arms,right_elbow_flex,2168,38,18,156,2097,2166
111.1,2026-08-04T20:30:26.875595+00:00,arms,right_wrist_flex,1995,36,2,52,1976,1994
111.1,2026-08-04T20:30:26.875595+00:00,arms,right_wrist_roll,2109,35,0,1048,2114,2109
111.1,2026-08-04T20:30:26.875595+00:00,arms,right_gripper,2079,38,0,0,2079,2079
111.1,2026-08-04T20:30:26.875595+00:00,head,head_motor_1,2158,25,0,0,,
111.1,2026-08-04T20:30:26.875595+00:00,head,head_motor_2,1943,27,0,0,,
111.1,2026-08-04T20:30:26.875595+00:00,head,base_left_wheel,3461,27,0,0,,
111.1,2026-08-04T20:30:26.875595+00:00,head,base_back_wheel,3496,27,0,0,,
111.1,2026-08-04T20:30:26.875595+00:00,head,base_right_wheel,2173,26,0,0,,
112.1,2026-08-04T20:30:27.876644+00:00,arms,left_shoulder_pan,1857,36,0,0,1857,1857
112.1,2026-08-04T20:30:27.876644+00:00,arms,left_shoulder_lift,2403,33,3,68,2389,2403
112.1,2026-08-04T20:30:27.876644+00:00,arms,left_elbow_flex,1644,34,3,72,1629,1644
112.1,2026-08-04T20:30:27.876644+00:00,arms,left_wrist_flex,2172,34,1,24,2169,2172
112.1,2026-08-04T20:30:27.876644+00:00,arms,left_wrist_roll,1987,33,0,1044,1989,1987
112.1,2026-08-04T20:30:27.876644+00:00,arms,left_gripper,2013,37,0,0,2014,2013
112.1,2026-08-04T20:30:27.876644+00:00,arms,right_shoulder_pan,1965,37,1,1056,1974,1965
112.1,2026-08-04T20:30:27.876644+00:00,arms,right_shoulder_lift,2162,39,40,240,2049,2157
112.1,2026-08-04T20:30:27.876644+00:00,arms,right_elbow_flex,2168,38,14,156,2097,2166
112.1,2026-08-04T20:30:27.876644+00:00,arms,right_wrist_flex,1995,36,2,52,1976,1994
112.1,2026-08-04T20:30:27.876644+00:00,arms,right_wrist_roll,2109,35,0,1048,2114,2109
112.1,2026-08-04T20:30:27.876644+00:00,arms,right_gripper,2079,38,0,0,2079,2079
112.1,2026-08-04T20:30:27.876644+00:00,head,head_motor_1,2158,25,0,0,,
112.1,2026-08-04T20:30:27.876644+00:00,head,head_motor_2,1943,27,0,0,,
112.1,2026-08-04T20:30:27.876644+00:00,head,base_left_wheel,3461,27,0,0,,
112.1,2026-08-04T20:30:27.876644+00:00,head,base_back_wheel,3496,27,0,0,,
112.1,2026-08-04T20:30:27.876644+00:00,head,base_right_wheel,2173,26,0,0,,
113.1,2026-08-04T20:30:28.877837+00:00,arms,left_shoulder_pan,1857,36,0,0,1857,1857
113.1,2026-08-04T20:30:28.877837+00:00,arms,left_shoulder_lift,2403,33,4,68,2389,2403
113.1,2026-08-04T20:30:28.877837+00:00,arms,left_elbow_flex,1644,34,3,72,1629,1644
113.1,2026-08-04T20:30:28.877837+00:00,arms,left_wrist_flex,2172,34,0,24,2169,2172
113.1,2026-08-04T20:30:28.877837+00:00,arms,left_wrist_roll,1987,33,1,1044,1989,1987
113.1,2026-08-04T20:30:28.877837+00:00,arms,left_gripper,2013,37,0,0,2014,2013
113.1,2026-08-04T20:30:28.877837+00:00,arms,right_shoulder_pan,1965,37,1,1056,1974,1965
113.1,2026-08-04T20:30:28.877837+00:00,arms,right_shoulder_lift,2162,39,30,240,2049,2157
113.1,2026-08-04T20:30:28.877837+00:00,arms,right_elbow_flex,2168,38,18,156,2097,2166
113.1,2026-08-04T20:30:28.877837+00:00,arms,right_wrist_flex,1995,36,1,52,1976,1994
113.1,2026-08-04T20:30:28.877837+00:00,arms,right_wrist_roll,2109,35,0,1048,2114,2109
113.1,2026-08-04T20:30:28.877837+00:00,arms,right_gripper,2079,38,0,0,2079,2079
113.1,2026-08-04T20:30:28.877837+00:00,head,head_motor_1,2158,25,0,0,,
113.1,2026-08-04T20:30:28.877837+00:00,head,head_motor_2,1943,27,0,0,,
113.1,2026-08-04T20:30:28.877837+00:00,head,base_left_wheel,3461,27,0,0,,
113.1,2026-08-04T20:30:28.877837+00:00,head,base_back_wheel,3496,27,0,0,,
113.1,2026-08-04T20:30:28.877837+00:00,head,base_right_wheel,2173,26,0,0,,
114.1,2026-08-04T20:30:29.878910+00:00,arms,left_shoulder_pan,1857,36,0,0,1857,1857
114.1,2026-08-04T20:30:29.878910+00:00,arms,left_shoulder_lift,2403,33,4,68,2389,2403
114.1,2026-08-04T20:30:29.878910+00:00,arms,left_elbow_flex,1644,34,3,72,1629,1644
114.1,2026-08-04T20:30:29.878910+00:00,arms,left_wrist_flex,2172,34,0,24,2169,2172
114.1,2026-08-04T20:30:29.878910+00:00,arms,left_wrist_roll,1987,33,1,1044,1989,1987
114.1,2026-08-04T20:30:29.878910+00:00,arms,left_gripper,2013,37,0,0,2014,2013
114.1,2026-08-04T20:30:29.878910+00:00,arms,right_shoulder_pan,1965,37,1,1056,1974,1965
114.1,2026-08-04T20:30:29.878910+00:00,arms,right_shoulder_lift,2162,39,37,240,2049,2157
114.1,2026-08-04T20:30:29.878910+00:00,arms,right_elbow_flex,2170,39,11,160,2097,2166
114.1,2026-08-04T20:30:29.878910+00:00,arms,right_wrist_flex,1995,36,1,52,1976,1994
114.1,2026-08-04T20:30:29.878910+00:00,arms,right_wrist_roll,2109,35,1,1048,2114,2109
114.1,2026-08-04T20:30:29.878910+00:00,arms,right_gripper,2079,38,0,0,2079,2079
114.1,2026-08-04T20:30:29.878910+00:00,head,head_motor_1,2158,25,0,0,,
114.1,2026-08-04T20:30:29.878910+00:00,head,head_motor_2,1943,27,0,0,,
114.1,2026-08-04T20:30:29.878910+00:00,head,base_left_wheel,3461,27,0,0,,
114.1,2026-08-04T20:30:29.878910+00:00,head,base_back_wheel,3496,27,0,0,,
114.1,2026-08-04T20:30:29.878910+00:00,head,base_right_wheel,2173,26,0,0,,
115.1,2026-08-04T20:30:30.879959+00:00,arms,left_shoulder_pan,1857,36,0,0,1857,1857
115.1,2026-08-04T20:30:30.879959+00:00,arms,left_shoulder_lift,2403,33,3,68,2389,2403
115.1,2026-08-04T20:30:30.879959+00:00,arms,left_elbow_flex,1644,34,3,72,1629,1644
115.1,2026-08-04T20:30:30.879959+00:00,arms,left_wrist_flex,2172,34,0,24,2169,2172
115.1,2026-08-04T20:30:30.879959+00:00,arms,left_wrist_roll,1987,33,0,1044,1989,1987
115.1,2026-08-04T20:30:30.879959+00:00,arms,left_gripper,2013,37,0,0,2014,2013
115.1,2026-08-04T20:30:30.879959+00:00,arms,right_shoulder_pan,1965,37,1,1056,1974,1965
115.1,2026-08-04T20:30:30.879959+00:00,arms,right_shoulder_lift,2162,39,38,240,2049,2157
115.1,2026-08-04T20:30:30.879959+00:00,arms,right_elbow_flex,2170,39,14,160,2097,2166
115.1,2026-08-04T20:30:30.879959+00:00,arms,right_wrist_flex,1995,36,1,52,1976,1994
115.1,2026-08-04T20:30:30.879959+00:00,arms,right_wrist_roll,2109,35,0,1048,2114,2109
115.1,2026-08-04T20:30:30.879959+00:00,arms,right_gripper,2079,38,0,0,2079,2079
115.1,2026-08-04T20:30:30.879959+00:00,head,head_motor_1,2158,25,0,0,,
115.1,2026-08-04T20:30:30.879959+00:00,head,head_motor_2,1943,27,0,0,,
115.1,2026-08-04T20:30:30.879959+00:00,head,base_left_wheel,3461,27,0,0,,
115.1,2026-08-04T20:30:30.879959+00:00,head,base_back_wheel,3496,27,0,0,,
115.1,2026-08-04T20:30:30.879959+00:00,head,base_right_wheel,2173,26,0,0,,
116.1,2026-08-04T20:30:31.881009+00:00,arms,left_shoulder_pan,1857,36,0,0,1857,1857
116.1,2026-08-04T20:30:31.881009+00:00,arms,left_shoulder_lift,2403,33,4,68,2389,2403
116.1,2026-08-04T20:30:31.881009+00:00,arms,left_elbow_flex,1644,34,3,72,1629,1644
116.1,2026-08-04T20:30:31.881009+00:00,arms,left_wrist_flex,2172,34,0,24,2169,2172
116.1,2026-08-04T20:30:31.881009+00:00,arms,left_wrist_roll,1987,33,0,1044,1989,1987
116.1,2026-08-04T20:30:31.881009+00:00,arms,left_gripper,2013,37,0,0,2014,2013
116.1,2026-08-04T20:30:31.881009+00:00,arms,right_shoulder_pan,1965,37,0,1056,1974,1965
116.1,2026-08-04T20:30:31.881009+00:00,arms,right_shoulder_lift,2162,39,32,240,2049,2157
116.1,2026-08-04T20:30:31.881009+00:00,arms,right_elbow_flex,2170,39,18,160,2097,2166
116.1,2026-08-04T20:30:31.881009+00:00,arms,right_wrist_flex,1995,36,2,52,1976,1994
116.1,2026-08-04T20:30:31.881009+00:00,arms,right_wrist_roll,2109,35,0,1048,2114,2109
116.1,2026-08-04T20:30:31.881009+00:00,arms,right_gripper,2079,38,0,0,2079,2079
116.1,2026-08-04T20:30:31.881009+00:00,head,head_motor_1,2158,25,0,0,,
116.1,2026-08-04T20:30:31.881009+00:00,head,head_motor_2,1943,27,0,0,,
116.1,2026-08-04T20:30:31.881009+00:00,head,base_left_wheel,3461,27,0,0,,
116.1,2026-08-04T20:30:31.881009+00:00,head,base_back_wheel,3496,28,0,0,,
116.1,2026-08-04T20:30:31.881009+00:00,head,base_right_wheel,2173,26,0,0,,
117.1,2026-08-04T20:30:32.882054+00:00,arms,left_shoulder_pan,1857,36,0,0,1857,1857
117.1,2026-08-04T20:30:32.882054+00:00,arms,left_shoulder_lift,2403,33,4,68,2389,2403
117.1,2026-08-04T20:30:32.882054+00:00,arms,left_elbow_flex,1644,35,3,72,1629,1644
117.1,2026-08-04T20:30:32.882054+00:00,arms,left_wrist_flex,2172,34,0,24,2169,2172
117.1,2026-08-04T20:30:32.882054+00:00,arms,left_wrist_roll,1987,33,0,1044,1989,1987
117.1,2026-08-04T20:30:32.882054+00:00,arms,left_gripper,2013,37,0,0,2014,2013
117.1,2026-08-04T20:30:32.882054+00:00,arms,right_shoulder_pan,1965,37,1,1056,1974,1965
117.1,2026-08-04T20:30:32.882054+00:00,arms,right_shoulder_lift,2162,39,38,240,2049,2157
117.1,2026-08-04T20:30:32.882054+00:00,arms,right_elbow_flex,2170,39,21,160,2097,2166
117.1,2026-08-04T20:30:32.882054+00:00,arms,right_wrist_flex,1995,36,2,52,1976,1994
117.1,2026-08-04T20:30:32.882054+00:00,arms,right_wrist_roll,2109,35,0,1048,2114,2109
117.1,2026-08-04T20:30:32.882054+00:00,arms,right_gripper,2079,38,0,0,2079,2079
117.1,2026-08-04T20:30:32.882054+00:00,head,head_motor_1,2158,25,0,0,,
117.1,2026-08-04T20:30:32.882054+00:00,head,head_motor_2,1943,27,0,0,,
117.1,2026-08-04T20:30:32.882054+00:00,head,base_left_wheel,3461,27,0,0,,
117.1,2026-08-04T20:30:32.882054+00:00,head,base_back_wheel,3496,27,0,0,,
117.1,2026-08-04T20:30:32.882054+00:00,head,base_right_wheel,2173,26,0,0,,
118.1,2026-08-04T20:30:33.883100+00:00,arms,left_shoulder_pan,1857,36,0,0,1857,1857
118.1,2026-08-04T20:30:33.883100+00:00,arms,left_shoulder_lift,2403,34,4,68,2389,2403
118.1,2026-08-04T20:30:33.883100+00:00,arms,left_elbow_flex,1644,34,3,72,1629,1644
118.1,2026-08-04T20:30:33.883100+00:00,arms,left_wrist_flex,2172,34,0,24,2169,2172
118.1,2026-08-04T20:30:33.883100+00:00,arms,left_wrist_roll,1987,33,0,1044,1989,1987
118.1,2026-08-04T20:30:33.883100+00:00,arms,left_gripper,2013,37,0,0,2014,2013
118.1,2026-08-04T20:30:33.883100+00:00,arms,right_shoulder_pan,1965,37,1,1056,1974,1965
118.1,2026-08-04T20:30:33.883100+00:00,arms,right_shoulder_lift,2162,39,40,240,2049,2157
118.1,2026-08-04T20:30:33.883100+00:00,arms,right_elbow_flex,2170,39,20,160,2097,2166
118.1,2026-08-04T20:30:33.883100+00:00,arms,right_wrist_flex,1995,36,2,52,1976,1994
118.1,2026-08-04T20:30:33.883100+00:00,arms,right_wrist_roll,2109,35,0,1048,2114,2109
118.1,2026-08-04T20:30:33.883100+00:00,arms,right_gripper,2079,38,0,0,2079,2079
118.1,2026-08-04T20:30:33.883100+00:00,head,head_motor_1,2158,25,0,0,,
118.1,2026-08-04T20:30:33.883100+00:00,head,head_motor_2,1943,27,0,0,,
118.1,2026-08-04T20:30:33.883100+00:00,head,base_left_wheel,3461,27,0,0,,
118.1,2026-08-04T20:30:33.883100+00:00,head,base_back_wheel,3496,27,0,0,,
118.1,2026-08-04T20:30:33.883100+00:00,head,base_right_wheel,2173,26,0,0,,
119.1,2026-08-04T20:30:34.884150+00:00,arms,left_shoulder_pan,1857,36,0,0,1857,1857
119.1,2026-08-04T20:30:34.884150+00:00,arms,left_shoulder_lift,2403,33,4,68,2389,2403
119.1,2026-08-04T20:30:34.884150+00:00,arms,left_elbow_flex,1644,34,3,72,1629,1644
119.1,2026-08-04T20:30:34.884150+00:00,arms,left_wrist_flex,2172,34,0,24,2169,2172
119.1,2026-08-04T20:30:34.884150+00:00,arms,left_wrist_roll,1987,33,0,1044,1989,1987
119.1,2026-08-04T20:30:34.884150+00:00,arms,left_gripper,2013,37,0,0,2014,2013
119.1,2026-08-04T20:30:34.884150+00:00,arms,right_shoulder_pan,1965,37,1,1056,1974,1965
119.1,2026-08-04T20:30:34.884150+00:00,arms,right_shoulder_lift,2162,39,36,240,2049,2157
119.1,2026-08-04T20:30:34.884150+00:00,arms,right_elbow_flex,2170,38,14,160,2097,2166
119.1,2026-08-04T20:30:34.884150+00:00,arms,right_wrist_flex,1995,36,1,52,1976,1994
119.1,2026-08-04T20:30:34.884150+00:00,arms,right_wrist_roll,2109,35,0,1048,2114,2109
119.1,2026-08-04T20:30:34.884150+00:00,arms,right_gripper,2079,38,0,0,2079,2079
119.1,2026-08-04T20:30:34.884150+00:00,head,head_motor_1,2158,25,0,0,,
119.1,2026-08-04T20:30:34.884150+00:00,head,head_motor_2,1943,27,0,0,,
119.1,2026-08-04T20:30:34.884150+00:00,head,base_left_wheel,3461,27,0,0,,
119.1,2026-08-04T20:30:34.884150+00:00,head,base_back_wheel,3496,27,0,0,,
119.1,2026-08-04T20:30:34.884150+00:00,head,base_right_wheel,2174,26,0,0,,
120.1,2026-08-04T20:30:35.885195+00:00,arms,left_shoulder_pan,1857,36,0,0,1857,1857
120.1,2026-08-04T20:30:35.885195+00:00,arms,left_shoulder_lift,2403,33,3,68,2389,2403
120.1,2026-08-04T20:30:35.885195+00:00,arms,left_elbow_flex,1644,34,3,72,1629,1644
120.1,2026-08-04T20:30:35.885195+00:00,arms,left_wrist_flex,2172,34,0,24,2169,2172
120.1,2026-08-04T20:30:35.885195+00:00,arms,left_wrist_roll,1987,33,1,1044,1989,1987
120.1,2026-08-04T20:30:35.885195+00:00,arms,left_gripper,2013,37,0,0,2014,2013
120.1,2026-08-04T20:30:35.885195+00:00,arms,right_shoulder_pan,1965,37,1,1056,1974,1965
120.1,2026-08-04T20:30:35.885195+00:00,arms,right_shoulder_lift,2162,39,32,240,2049,2157
120.1,2026-08-04T20:30:35.885195+00:00,arms,right_elbow_flex,2170,39,17,160,2097,2166
120.1,2026-08-04T20:30:35.885195+00:00,arms,right_wrist_flex,1995,36,2,52,1976,1994
120.1,2026-08-04T20:30:35.885195+00:00,arms,right_wrist_roll,2109,35,0,1048,2114,2109
120.1,2026-08-04T20:30:35.885195+00:00,arms,right_gripper,2079,38,0,0,2079,2079
120.1,2026-08-04T20:30:35.885195+00:00,head,head_motor_1,2158,25,0,0,,
120.1,2026-08-04T20:30:35.885195+00:00,head,head_motor_2,1943,27,0,0,,
120.1,2026-08-04T20:30:35.885195+00:00,head,base_left_wheel,3461,27,0,0,,
120.1,2026-08-04T20:30:35.885195+00:00,head,base_back_wheel,3496,27,0,0,,
120.1,2026-08-04T20:30:35.885195+00:00,head,base_right_wheel,2173,26,0,0,,
121.1,2026-08-04T20:30:36.886242+00:00,arms,left_shoulder_pan,1857,36,0,0,1857,1857
121.1,2026-08-04T20:30:36.886242+00:00,arms,left_shoulder_lift,2403,33,4,68,2389,2403
121.1,2026-08-04T20:30:36.886242+00:00,arms,left_elbow_flex,1644,34,3,72,1629,1644
121.1,2026-08-04T20:30:36.886242+00:00,arms,left_wrist_flex,2172,34,0,24,2169,2172
121.1,2026-08-04T20:30:36.886242+00:00,arms,left_wrist_roll,1987,33,1,1044,1989,1987
121.1,2026-08-04T20:30:36.886242+00:00,arms,left_gripper,2013,37,0,0,2014,2013
121.1,2026-08-04T20:30:36.886242+00:00,arms,right_shoulder_pan,1965,37,1,1056,1974,1965
121.1,2026-08-04T20:30:36.886242+00:00,arms,right_shoulder_lift,2162,39,35,240,2049,2157
121.1,2026-08-04T20:30:36.886242+00:00,arms,right_elbow_flex,2170,39,19,160,2097,2166
121.1,2026-08-04T20:30:36.886242+00:00,arms,right_wrist_flex,1995,36,1,52,1976,1994
121.1,2026-08-04T20:30:36.886242+00:00,arms,right_wrist_roll,2109,35,1,1048,2114,2109
121.1,2026-08-04T20:30:36.886242+00:00,arms,right_gripper,2079,38,0,0,2079,2079
121.1,2026-08-04T20:30:36.886242+00:00,head,head_motor_1,2158,25,0,0,,
121.1,2026-08-04T20:30:36.886242+00:00,head,head_motor_2,1943,27,0,0,,
121.1,2026-08-04T20:30:36.886242+00:00,head,base_left_wheel,3461,27,0,0,,
121.1,2026-08-04T20:30:36.886242+00:00,head,base_back_wheel,3496,27,0,0,,
121.1,2026-08-04T20:30:36.886242+00:00,head,base_right_wheel,2173,26,0,0,,
122.1,2026-08-04T20:30:37.887287+00:00,arms,left_shoulder_pan,1857,36,0,0,1857,1857
122.1,2026-08-04T20:30:37.887287+00:00,arms,left_shoulder_lift,2403,34,3,68,2389,2403
122.1,2026-08-04T20:30:37.887287+00:00,arms,left_elbow_flex,1644,34,3,72,1629,1644
122.1,2026-08-04T20:30:37.887287+00:00,arms,left_wrist_flex,2172,34,0,24,2169,2172
122.1,2026-08-04T20:30:37.887287+00:00,arms,left_wrist_roll,1987,33,1,1044,1989,1987
122.1,2026-08-04T20:30:37.887287+00:00,arms,left_gripper,2013,37,0,0,2014,2013
122.1,2026-08-04T20:30:37.887287+00:00,arms,right_shoulder_pan,1965,37,1,1056,1974,1965
122.1,2026-08-04T20:30:37.887287+00:00,arms,right_shoulder_lift,2162,39,34,240,2049,2157
122.1,2026-08-04T20:30:37.887287+00:00,arms,right_elbow_flex,2170,39,20,160,2097,2166
122.1,2026-08-04T20:30:37.887287+00:00,arms,right_wrist_flex,1995,36,1,52,1976,1994
122.1,2026-08-04T20:30:37.887287+00:00,arms,right_wrist_roll,2109,35,0,1048,2114,2109
122.1,2026-08-04T20:30:37.887287+00:00,arms,right_gripper,2079,38,0,0,2079,2079
122.1,2026-08-04T20:30:37.887287+00:00,head,head_motor_1,2158,25,0,0,,
122.1,2026-08-04T20:30:37.887287+00:00,head,head_motor_2,1943,27,0,0,,
122.1,2026-08-04T20:30:37.887287+00:00,head,base_left_wheel,3461,27,0,0,,
122.1,2026-08-04T20:30:37.887287+00:00,head,base_back_wheel,3496,27,0,0,,
122.1,2026-08-04T20:30:37.887287+00:00,head,base_right_wheel,2173,26,0,0,,
123.1,2026-08-04T20:30:38.888347+00:00,arms,left_shoulder_pan,1857,36,0,0,1857,1857
123.1,2026-08-04T20:30:38.888347+00:00,arms,left_shoulder_lift,2403,33,4,68,2389,2403
123.1,2026-08-04T20:30:38.888347+00:00,arms,left_elbow_flex,1644,34,3,72,1629,1644
123.1,2026-08-04T20:30:38.888347+00:00,arms,left_wrist_flex,2172,34,0,24,2169,2172
123.1,2026-08-04T20:30:38.888347+00:00,arms,left_wrist_roll,1987,33,1,1044,1989,1987
123.1,2026-08-04T20:30:38.888347+00:00,arms,left_gripper,2013,37,0,0,2014,2013
123.1,2026-08-04T20:30:38.888347+00:00,arms,right_shoulder_pan,1965,37,0,1056,1974,1965
123.1,2026-08-04T20:30:38.888347+00:00,arms,right_shoulder_lift,2162,39,35,240,2049,2157
123.1,2026-08-04T20:30:38.888347+00:00,arms,right_elbow_flex,2170,39,14,160,2097,2166
123.1,2026-08-04T20:30:38.888347+00:00,arms,right_wrist_flex,1995,36,1,52,1976,1994
123.1,2026-08-04T20:30:38.888347+00:00,arms,right_wrist_roll,2109,34,1,1048,2114,2109
123.1,2026-08-04T20:30:38.888347+00:00,arms,right_gripper,2079,38,0,0,2079,2079
123.1,2026-08-04T20:30:38.888347+00:00,head,head_motor_1,2158,25,0,0,,
123.1,2026-08-04T20:30:38.888347+00:00,head,head_motor_2,1943,27,0,0,,
123.1,2026-08-04T20:30:38.888347+00:00,head,base_left_wheel,3461,27,0,0,,
123.1,2026-08-04T20:30:38.888347+00:00,head,base_back_wheel,3496,27,0,0,,
123.1,2026-08-04T20:30:38.888347+00:00,head,base_right_wheel,2173,27,0,0,,
124.1,2026-08-04T20:30:39.889395+00:00,arms,left_shoulder_pan,1857,36,0,0,1857,1857
124.1,2026-08-04T20:30:39.889395+00:00,arms,left_shoulder_lift,2403,33,3,68,2389,2403
124.1,2026-08-04T20:30:39.889395+00:00,arms,left_elbow_flex,1644,34,3,72,1629,1644
124.1,2026-08-04T20:30:39.889395+00:00,arms,left_wrist_flex,2172,34,0,24,2169,2172
124.1,2026-08-04T20:30:39.889395+00:00,arms,left_wrist_roll,1987,33,1,1044,1989,1987
124.1,2026-08-04T20:30:39.889395+00:00,arms,left_gripper,2013,37,0,0,2014,2013
124.1,2026-08-04T20:30:39.889395+00:00,arms,right_shoulder_pan,1965,37,1,1056,1974,1965
124.1,2026-08-04T20:30:39.889395+00:00,arms,right_shoulder_lift,2162,40,32,240,2049,2157
124.1,2026-08-04T20:30:39.889395+00:00,arms,right_elbow_flex,2170,39,14,160,2097,2166
124.1,2026-08-04T20:30:39.889395+00:00,arms,right_wrist_flex,1995,36,1,52,1976,1994
124.1,2026-08-04T20:30:39.889395+00:00,arms,right_wrist_roll,2109,35,1,1048,2114,2109
124.1,2026-08-04T20:30:39.889395+00:00,arms,right_gripper,2079,38,0,0,2079,2079
124.1,2026-08-04T20:30:39.889395+00:00,head,head_motor_1,2158,25,0,0,,
124.1,2026-08-04T20:30:39.889395+00:00,head,head_motor_2,1943,27,0,0,,
124.1,2026-08-04T20:30:39.889395+00:00,head,base_left_wheel,3461,27,0,0,,
124.1,2026-08-04T20:30:39.889395+00:00,head,base_back_wheel,3496,27,0,0,,
124.1,2026-08-04T20:30:39.889395+00:00,head,base_right_wheel,2173,26,0,0,,
125.1,2026-08-04T20:30:40.890445+00:00,arms,left_shoulder_pan,1857,36,0,0,1857,1857
125.1,2026-08-04T20:30:40.890445+00:00,arms,left_shoulder_lift,2403,33,4,68,2389,2403
125.1,2026-08-04T20:30:40.890445+00:00,arms,left_elbow_flex,1644,34,3,72,1629,1644
125.1,2026-08-04T20:30:40.890445+00:00,arms,left_wrist_flex,2172,34,0,24,2169,2172
125.1,2026-08-04T20:30:40.890445+00:00,arms,left_wrist_roll,1987,33,0,1044,1989,1987
125.1,2026-08-04T20:30:40.890445+00:00,arms,left_gripper,2013,37,0,0,2014,2013
125.1,2026-08-04T20:30:40.890445+00:00,arms,right_shoulder_pan,1965,37,1,1056,1974,1965
125.1,2026-08-04T20:30:40.890445+00:00,arms,right_shoulder_lift,2162,40,36,240,2049,2157
125.1,2026-08-04T20:30:40.890445+00:00,arms,right_elbow_flex,2170,39,20,160,2097,2166
125.1,2026-08-04T20:30:40.890445+00:00,arms,right_wrist_flex,1995,36,1,52,1976,1994
125.1,2026-08-04T20:30:40.890445+00:00,arms,right_wrist_roll,2109,35,1,1048,2114,2109
125.1,2026-08-04T20:30:40.890445+00:00,arms,right_gripper,2079,38,0,0,2079,2079
125.1,2026-08-04T20:30:40.890445+00:00,head,head_motor_1,2158,25,0,0,,
125.1,2026-08-04T20:30:40.890445+00:00,head,head_motor_2,1943,27,0,0,,
125.1,2026-08-04T20:30:40.890445+00:00,head,base_left_wheel,3461,27,0,0,,
125.1,2026-08-04T20:30:40.890445+00:00,head,base_back_wheel,3496,27,0,0,,
125.1,2026-08-04T20:30:40.890445+00:00,head,base_right_wheel,2173,26,0,0,,
126.1,2026-08-04T20:30:41.891502+00:00,arms,left_shoulder_pan,1857,36,0,0,1857,1857
126.1,2026-08-04T20:30:41.891502+00:00,arms,left_shoulder_lift,2403,33,3,68,2389,2403
126.1,2026-08-04T20:30:41.891502+00:00,arms,left_elbow_flex,1644,34,3,72,1629,1644
126.1,2026-08-04T20:30:41.891502+00:00,arms,left_wrist_flex,2172,34,0,24,2169,2172
126.1,2026-08-04T20:30:41.891502+00:00,arms,left_wrist_roll,1987,33,0,1044,1989,1987
126.1,2026-08-04T20:30:41.891502+00:00,arms,left_gripper,2013,37,0,0,2014,2013
126.1,2026-08-04T20:30:41.891502+00:00,arms,right_shoulder_pan,1965,37,0,1056,1974,1965
126.1,2026-08-04T20:30:41.891502+00:00,arms,right_shoulder_lift,2162,40,35,240,2049,2157
126.1,2026-08-04T20:30:41.891502+00:00,arms,right_elbow_flex,2170,39,19,160,2097,2166
126.1,2026-08-04T20:30:41.891502+00:00,arms,right_wrist_flex,1995,36,2,52,1976,1994
126.1,2026-08-04T20:30:41.891502+00:00,arms,right_wrist_roll,2109,35,0,1048,2114,2109
126.1,2026-08-04T20:30:41.891502+00:00,arms,right_gripper,2079,38,0,0,2079,2079
126.1,2026-08-04T20:30:41.891502+00:00,head,head_motor_1,2158,25,0,0,,
126.1,2026-08-04T20:30:41.891502+00:00,head,head_motor_2,1943,27,0,0,,
126.1,2026-08-04T20:30:41.891502+00:00,head,base_left_wheel,3461,27,0,0,,
126.1,2026-08-04T20:30:41.891502+00:00,head,base_back_wheel,3496,27,0,0,,
126.1,2026-08-04T20:30:41.891502+00:00,head,base_right_wheel,2174,26,0,0,,
127.1,2026-08-04T20:30:42.891584+00:00,arms,left_shoulder_pan,1857,36,0,0,1857,1857
127.1,2026-08-04T20:30:42.891584+00:00,arms,left_shoulder_lift,2403,33,3,68,2389,2403
127.1,2026-08-04T20:30:42.891584+00:00,arms,left_elbow_flex,1644,34,3,72,1629,1644
127.1,2026-08-04T20:30:42.891584+00:00,arms,left_wrist_flex,2172,34,0,24,2169,2172
127.1,2026-08-04T20:30:42.891584+00:00,arms,left_wrist_roll,1987,33,1,1044,1989,1987
127.1,2026-08-04T20:30:42.891584+00:00,arms,left_gripper,2013,37,0,0,2014,2013
127.1,2026-08-04T20:30:42.891584+00:00,arms,right_shoulder_pan,1965,37,1,1056,1974,1965
127.1,2026-08-04T20:30:42.891584+00:00,arms,right_shoulder_lift,2162,40,36,240,2049,2157
127.1,2026-08-04T20:30:42.891584+00:00,arms,right_elbow_flex,2170,39,14,160,2097,2166
127.1,2026-08-04T20:30:42.891584+00:00,arms,right_wrist_flex,1995,36,2,52,1976,1994
127.1,2026-08-04T20:30:42.891584+00:00,arms,right_wrist_roll,2109,35,1,1048,2114,2109
127.1,2026-08-04T20:30:42.891584+00:00,arms,right_gripper,2079,38,0,0,2079,2079
127.1,2026-08-04T20:30:42.891584+00:00,head,head_motor_1,2158,25,0,0,,
127.1,2026-08-04T20:30:42.891584+00:00,head,head_motor_2,1943,27,0,0,,
127.1,2026-08-04T20:30:42.891584+00:00,head,base_left_wheel,3461,27,0,0,,
127.1,2026-08-04T20:30:42.891584+00:00,head,base_back_wheel,3496,27,0,0,,
127.1,2026-08-04T20:30:42.891584+00:00,head,base_right_wheel,2173,26,0,0,,
128.1,2026-08-04T20:30:43.892629+00:00,arms,left_shoulder_pan,1857,36,0,0,1857,1857
128.1,2026-08-04T20:30:43.892629+00:00,arms,left_shoulder_lift,2403,34,4,68,2389,2403
128.1,2026-08-04T20:30:43.892629+00:00,arms,left_elbow_flex,1644,34,3,72,1629,1644
128.1,2026-08-04T20:30:43.892629+00:00,arms,left_wrist_flex,2172,34,0,24,2169,2172
128.1,2026-08-04T20:30:43.892629+00:00,arms,left_wrist_roll,1987,33,0,1044,1989,1987
128.1,2026-08-04T20:30:43.892629+00:00,arms,left_gripper,2013,37,0,0,2014,2013
128.1,2026-08-04T20:30:43.892629+00:00,arms,right_shoulder_pan,1965,37,1,1056,1974,1965
128.1,2026-08-04T20:30:43.892629+00:00,arms,right_shoulder_lift,2162,40,35,240,2049,2157
128.1,2026-08-04T20:30:43.892629+00:00,arms,right_elbow_flex,2170,39,21,160,2097,2166
128.1,2026-08-04T20:30:43.892629+00:00,arms,right_wrist_flex,1995,36,1,52,1976,1994
128.1,2026-08-04T20:30:43.892629+00:00,arms,right_wrist_roll,2109,35,0,1048,2114,2109
128.1,2026-08-04T20:30:43.892629+00:00,arms,right_gripper,2079,38,0,0,2079,2079
128.1,2026-08-04T20:30:43.892629+00:00,head,head_motor_1,2158,25,0,0,,
128.1,2026-08-04T20:30:43.892629+00:00,head,head_motor_2,1943,27,0,0,,
128.1,2026-08-04T20:30:43.892629+00:00,head,base_left_wheel,3461,27,0,0,,
128.1,2026-08-04T20:30:43.892629+00:00,head,base_back_wheel,3496,27,0,0,,
128.1,2026-08-04T20:30:43.892629+00:00,head,base_right_wheel,2174,26,0,0,,
129.2,2026-08-04T20:30:44.893667+00:00,arms,left_shoulder_pan,1857,36,0,0,1857,1857
129.2,2026-08-04T20:30:44.893667+00:00,arms,left_shoulder_lift,2403,33,4,68,2389,2403
129.2,2026-08-04T20:30:44.893667+00:00,arms,left_elbow_flex,1644,34,3,72,1629,1644
129.2,2026-08-04T20:30:44.893667+00:00,arms,left_wrist_flex,2172,34,0,24,2169,2172
129.2,2026-08-04T20:30:44.893667+00:00,arms,left_wrist_roll,1987,33,0,1044,1989,1987
129.2,2026-08-04T20:30:44.893667+00:00,arms,left_gripper,2013,37,0,0,2014,2013
129.2,2026-08-04T20:30:44.893667+00:00,arms,right_shoulder_pan,1965,37,1,1056,1974,1965
129.2,2026-08-04T20:30:44.893667+00:00,arms,right_shoulder_lift,2162,40,29,240,2049,2157
129.2,2026-08-04T20:30:44.893667+00:00,arms,right_elbow_flex,2170,39,17,160,2097,2166
129.2,2026-08-04T20:30:44.893667+00:00,arms,right_wrist_flex,1995,36,2,52,1976,1994
129.2,2026-08-04T20:30:44.893667+00:00,arms,right_wrist_roll,2109,35,0,1048,2114,2109
129.2,2026-08-04T20:30:44.893667+00:00,arms,right_gripper,2079,38,0,0,2079,2079
129.2,2026-08-04T20:30:44.893667+00:00,head,head_motor_1,2158,25,0,0,,
129.2,2026-08-04T20:30:44.893667+00:00,head,head_motor_2,1943,27,0,0,,
129.2,2026-08-04T20:30:44.893667+00:00,head,base_left_wheel,3461,27,0,0,,
129.2,2026-08-04T20:30:44.893667+00:00,head,base_back_wheel,3496,27,0,0,,
129.2,2026-08-04T20:30:44.893667+00:00,head,base_right_wheel,2173,26,0,0,,
130.2,2026-08-04T20:30:45.894723+00:00,arms,left_shoulder_pan,1857,36,0,0,1857,1857
130.2,2026-08-04T20:30:45.894723+00:00,arms,left_shoulder_lift,2403,34,4,68,2389,2403
130.2,2026-08-04T20:30:45.894723+00:00,arms,left_elbow_flex,1644,34,3,72,1629,1644
130.2,2026-08-04T20:30:45.894723+00:00,arms,left_wrist_flex,2172,34,0,24,2169,2172
130.2,2026-08-04T20:30:45.894723+00:00,arms,left_wrist_roll,1987,33,0,1044,1989,1987
130.2,2026-08-04T20:30:45.894723+00:00,arms,left_gripper,2013,37,0,0,2014,2013
130.2,2026-08-04T20:30:45.894723+00:00,arms,right_shoulder_pan,1965,37,1,1056,1974,1965
130.2,2026-08-04T20:30:45.894723+00:00,arms,right_shoulder_lift,2162,40,30,240,2049,2157
130.2,2026-08-04T20:30:45.894723+00:00,arms,right_elbow_flex,2170,39,21,160,2097,2166
130.2,2026-08-04T20:30:45.894723+00:00,arms,right_wrist_flex,1995,36,2,52,1976,1994
130.2,2026-08-04T20:30:45.894723+00:00,arms,right_wrist_roll,2109,35,0,1048,2114,2109
130.2,2026-08-04T20:30:45.894723+00:00,arms,right_gripper,2079,38,0,0,2079,2079
130.2,2026-08-04T20:30:45.894723+00:00,head,head_motor_1,2158,25,0,0,,
130.2,2026-08-04T20:30:45.894723+00:00,head,head_motor_2,1943,27,0,0,,
130.2,2026-08-04T20:30:45.894723+00:00,head,base_left_wheel,3461,27,0,0,,
130.2,2026-08-04T20:30:45.894723+00:00,head,base_back_wheel,3496,27,0,0,,
130.2,2026-08-04T20:30:45.894723+00:00,head,base_right_wheel,2173,26,0,0,,
131.2,2026-08-04T20:30:46.895779+00:00,arms,left_shoulder_pan,1857,36,0,0,1857,1857
131.2,2026-08-04T20:30:46.895779+00:00,arms,left_shoulder_lift,2403,33,4,68,2389,2403
131.2,2026-08-04T20:30:46.895779+00:00,arms,left_elbow_flex,1644,34,3,72,1629,1644
131.2,2026-08-04T20:30:46.895779+00:00,arms,left_wrist_flex,2172,34,1,24,2169,2172
131.2,2026-08-04T20:30:46.895779+00:00,arms,left_wrist_roll,1987,33,1,1044,1989,1987
131.2,2026-08-04T20:30:46.895779+00:00,arms,left_gripper,2013,37,0,0,2014,2013
131.2,2026-08-04T20:30:46.895779+00:00,arms,right_shoulder_pan,1965,37,1,1056,1974,1965
131.2,2026-08-04T20:30:46.895779+00:00,arms,right_shoulder_lift,2162,40,39,240,2049,2157
131.2,2026-08-04T20:30:46.895779+00:00,arms,right_elbow_flex,2170,39,14,160,2097,2166
131.2,2026-08-04T20:30:46.895779+00:00,arms,right_wrist_flex,1995,36,2,52,1976,1994
131.2,2026-08-04T20:30:46.895779+00:00,arms,right_wrist_roll,2109,35,1,1048,2114,2109
131.2,2026-08-04T20:30:46.895779+00:00,arms,right_gripper,2079,38,0,0,2079,2079
131.2,2026-08-04T20:30:46.895779+00:00,head,head_motor_1,2158,25,0,0,,
131.2,2026-08-04T20:30:46.895779+00:00,head,head_motor_2,1943,27,0,0,,
131.2,2026-08-04T20:30:46.895779+00:00,head,base_left_wheel,3461,27,0,0,,
131.2,2026-08-04T20:30:46.895779+00:00,head,base_back_wheel,3496,27,0,0,,
131.2,2026-08-04T20:30:46.895779+00:00,head,base_right_wheel,2173,26,0,0,,
132.2,2026-08-04T20:30:47.896821+00:00,arms,left_shoulder_pan,1857,36,0,0,1857,1857
132.2,2026-08-04T20:30:47.896821+00:00,arms,left_shoulder_lift,2403,34,4,68,2389,2403
132.2,2026-08-04T20:30:47.896821+00:00,arms,left_elbow_flex,1644,34,3,72,1629,1644
132.2,2026-08-04T20:30:47.896821+00:00,arms,left_wrist_flex,2172,34,0,24,2169,2172
132.2,2026-08-04T20:30:47.896821+00:00,arms,left_wrist_roll,1987,33,0,1044,1989,1987
132.2,2026-08-04T20:30:47.896821+00:00,arms,left_gripper,2013,37,0,0,2014,2013
132.2,2026-08-04T20:30:47.896821+00:00,arms,right_shoulder_pan,1965,37,1,1056,1974,1965
132.2,2026-08-04T20:30:47.896821+00:00,arms,right_shoulder_lift,2162,40,29,240,2049,2157
132.2,2026-08-04T20:30:47.896821+00:00,arms,right_elbow_flex,2170,39,16,160,2097,2166
132.2,2026-08-04T20:30:47.896821+00:00,arms,right_wrist_flex,1995,36,1,52,1976,1994
132.2,2026-08-04T20:30:47.896821+00:00,arms,right_wrist_roll,2109,35,1,1048,2114,2109
132.2,2026-08-04T20:30:47.896821+00:00,arms,right_gripper,2079,38,0,0,2079,2079
132.2,2026-08-04T20:30:47.896821+00:00,head,head_motor_1,2158,25,0,0,,
132.2,2026-08-04T20:30:47.896821+00:00,head,head_motor_2,1943,27,0,0,,
132.2,2026-08-04T20:30:47.896821+00:00,head,base_left_wheel,3461,27,0,0,,
132.2,2026-08-04T20:30:47.896821+00:00,head,base_back_wheel,3496,27,0,0,,
132.2,2026-08-04T20:30:47.896821+00:00,head,base_right_wheel,2173,26,0,0,,
133.2,2026-08-04T20:30:48.897864+00:00,arms,left_shoulder_pan,1857,36,0,0,1857,1857
133.2,2026-08-04T20:30:48.897864+00:00,arms,left_shoulder_lift,2403,33,4,68,2389,2403
133.2,2026-08-04T20:30:48.897864+00:00,arms,left_elbow_flex,1644,34,3,72,1629,1644
133.2,2026-08-04T20:30:48.897864+00:00,arms,left_wrist_flex,2172,34,1,24,2169,2172
133.2,2026-08-04T20:30:48.897864+00:00,arms,left_wrist_roll,1987,33,1,1044,1989,1987
133.2,2026-08-04T20:30:48.897864+00:00,arms,left_gripper,2013,37,0,0,2014,2013
133.2,2026-08-04T20:30:48.897864+00:00,arms,right_shoulder_pan,1965,37,1,1056,1974,1965
133.2,2026-08-04T20:30:48.897864+00:00,arms,right_shoulder_lift,2162,40,34,240,2049,2157
133.2,2026-08-04T20:30:48.897864+00:00,arms,right_elbow_flex,2171,39,14,162,2097,2166
133.2,2026-08-04T20:30:48.897864+00:00,arms,right_wrist_flex,1995,36,1,52,1976,1994
133.2,2026-08-04T20:30:48.897864+00:00,arms,right_wrist_roll,2109,35,0,1048,2114,2109
133.2,2026-08-04T20:30:48.897864+00:00,arms,right_gripper,2079,38,0,0,2079,2079
133.2,2026-08-04T20:30:48.897864+00:00,head,head_motor_1,2158,25,0,0,,
133.2,2026-08-04T20:30:48.897864+00:00,head,head_motor_2,1943,27,0,0,,
133.2,2026-08-04T20:30:48.897864+00:00,head,base_left_wheel,3461,27,0,0,,
133.2,2026-08-04T20:30:48.897864+00:00,head,base_back_wheel,3496,27,0,0,,
133.2,2026-08-04T20:30:48.897864+00:00,head,base_right_wheel,2173,26,0,0,,
134.2,2026-08-04T20:30:49.898908+00:00,arms,left_shoulder_pan,1857,36,0,0,1857,1857
134.2,2026-08-04T20:30:49.898908+00:00,arms,left_shoulder_lift,2403,33,4,68,2389,2403
134.2,2026-08-04T20:30:49.898908+00:00,arms,left_elbow_flex,1644,34,3,72,1629,1644
134.2,2026-08-04T20:30:49.898908+00:00,arms,left_wrist_flex,2172,34,0,24,2169,2172
134.2,2026-08-04T20:30:49.898908+00:00,arms,left_wrist_roll,1987,33,0,1044,1989,1987
134.2,2026-08-04T20:30:49.898908+00:00,arms,left_gripper,2013,37,0,0,2014,2013
134.2,2026-08-04T20:30:49.898908+00:00,arms,right_shoulder_pan,1965,37,1,1056,1974,1965
134.2,2026-08-04T20:30:49.898908+00:00,arms,right_shoulder_lift,2162,40,32,240,2049,2157
134.2,2026-08-04T20:30:49.898908+00:00,arms,right_elbow_flex,2171,39,18,162,2097,2166
134.2,2026-08-04T20:30:49.898908+00:00,arms,right_wrist_flex,1995,36,1,52,1976,1994
134.2,2026-08-04T20:30:49.898908+00:00,arms,right_wrist_roll,2109,35,0,1048,2114,2109
134.2,2026-08-04T20:30:49.898908+00:00,arms,right_gripper,2079,38,0,0,2079,2079
134.2,2026-08-04T20:30:49.898908+00:00,head,head_motor_1,2158,25,0,0,,
134.2,2026-08-04T20:30:49.898908+00:00,head,head_motor_2,1943,27,0,0,,
134.2,2026-08-04T20:30:49.898908+00:00,head,base_left_wheel,3461,27,0,0,,
134.2,2026-08-04T20:30:49.898908+00:00,head,base_back_wheel,3496,27,0,0,,
134.2,2026-08-04T20:30:49.898908+00:00,head,base_right_wheel,2173,26,0,0,,
135.2,2026-08-04T20:30:50.899966+00:00,arms,left_shoulder_pan,1857,36,0,0,1857,1857
135.2,2026-08-04T20:30:50.899966+00:00,arms,left_shoulder_lift,2403,34,3,68,2389,2403
135.2,2026-08-04T20:30:50.899966+00:00,arms,left_elbow_flex,1644,34,3,72,1629,1644
135.2,2026-08-04T20:30:50.899966+00:00,arms,left_wrist_flex,2172,34,0,24,2169,2172
135.2,2026-08-04T20:30:50.899966+00:00,arms,left_wrist_roll,1987,33,0,1044,1989,1987
135.2,2026-08-04T20:30:50.899966+00:00,arms,left_gripper,2013,37,0,0,2014,2013
135.2,2026-08-04T20:30:50.899966+00:00,arms,right_shoulder_pan,1965,37,1,1056,1974,1965
135.2,2026-08-04T20:30:50.899966+00:00,arms,right_shoulder_lift,2162,40,28,240,2049,2157
135.2,2026-08-04T20:30:50.899966+00:00,arms,right_elbow_flex,2171,39,21,162,2097,2166
135.2,2026-08-04T20:30:50.899966+00:00,arms,right_wrist_flex,1995,36,1,52,1976,1994
135.2,2026-08-04T20:30:50.899966+00:00,arms,right_wrist_roll,2109,35,0,1048,2114,2109
135.2,2026-08-04T20:30:50.899966+00:00,arms,right_gripper,2079,38,0,0,2079,2079
135.2,2026-08-04T20:30:50.899966+00:00,head,head_motor_1,2158,25,1,0,,
135.2,2026-08-04T20:30:50.899966+00:00,head,head_motor_2,1943,27,0,0,,
135.2,2026-08-04T20:30:50.899966+00:00,head,base_left_wheel,3461,30,0,0,,
135.2,2026-08-04T20:30:50.899966+00:00,head,base_back_wheel,3496,27,0,0,,
135.2,2026-08-04T20:30:50.899966+00:00,head,base_right_wheel,2173,26,0,0,,
136.2,2026-08-04T20:30:51.901014+00:00,arms,left_shoulder_pan,1857,36,0,0,1857,1857
136.2,2026-08-04T20:30:51.901014+00:00,arms,left_shoulder_lift,2403,34,4,68,2389,2403
136.2,2026-08-04T20:30:51.901014+00:00,arms,left_elbow_flex,1644,34,3,72,1629,1644
136.2,2026-08-04T20:30:51.901014+00:00,arms,left_wrist_flex,2172,33,1,24,2169,2172
136.2,2026-08-04T20:30:51.901014+00:00,arms,left_wrist_roll,1987,33,0,1044,1989,1987
136.2,2026-08-04T20:30:51.901014+00:00,arms,left_gripper,2013,37,0,0,2014,2013
136.2,2026-08-04T20:30:51.901014+00:00,arms,right_shoulder_pan,1965,37,1,1056,1974,1965
136.2,2026-08-04T20:30:51.901014+00:00,arms,right_shoulder_lift,2162,40,31,240,2049,2157
136.2,2026-08-04T20:30:51.901014+00:00,arms,right_elbow_flex,2171,39,14,162,2097,2166
136.2,2026-08-04T20:30:51.901014+00:00,arms,right_wrist_flex,1995,36,2,52,1976,1994
136.2,2026-08-04T20:30:51.901014+00:00,arms,right_wrist_roll,2109,35,0,1048,2114,2109
136.2,2026-08-04T20:30:51.901014+00:00,arms,right_gripper,2079,38,0,0,2079,2079
136.2,2026-08-04T20:30:51.901014+00:00,head,head_motor_1,2158,25,0,0,,
136.2,2026-08-04T20:30:51.901014+00:00,head,head_motor_2,1943,27,0,0,,
136.2,2026-08-04T20:30:51.901014+00:00,head,base_left_wheel,3461,27,0,0,,
136.2,2026-08-04T20:30:51.901014+00:00,head,base_back_wheel,3496,27,0,0,,
136.2,2026-08-04T20:30:51.901014+00:00,head,base_right_wheel,2173,26,0,0,,
137.2,2026-08-04T20:30:52.902066+00:00,arms,left_shoulder_pan,1857,36,0,0,1857,1857
137.2,2026-08-04T20:30:52.902066+00:00,arms,left_shoulder_lift,2403,33,4,68,2389,2403
137.2,2026-08-04T20:30:52.902066+00:00,arms,left_elbow_flex,1644,34,3,72,1629,1644
137.2,2026-08-04T20:30:52.902066+00:00,arms,left_wrist_flex,2172,34,1,24,2169,2172
137.2,2026-08-04T20:30:52.902066+00:00,arms,left_wrist_roll,1987,33,0,1044,1989,1987
137.2,2026-08-04T20:30:52.902066+00:00,arms,left_gripper,2013,37,0,0,2014,2013
137.2,2026-08-04T20:30:52.902066+00:00,arms,right_shoulder_pan,1965,37,1,1056,1974,1965
137.2,2026-08-04T20:30:52.902066+00:00,arms,right_shoulder_lift,2162,40,29,240,2049,2157
137.2,2026-08-04T20:30:52.902066+00:00,arms,right_elbow_flex,2171,39,15,162,2097,2166
137.2,2026-08-04T20:30:52.902066+00:00,arms,right_wrist_flex,1995,36,2,52,1976,1994
137.2,2026-08-04T20:30:52.902066+00:00,arms,right_wrist_roll,2109,35,0,1048,2114,2109
137.2,2026-08-04T20:30:52.902066+00:00,arms,right_gripper,2079,38,0,0,2079,2079
137.2,2026-08-04T20:30:52.902066+00:00,head,head_motor_1,2158,25,0,0,,
137.2,2026-08-04T20:30:52.902066+00:00,head,head_motor_2,1943,27,0,0,,
137.2,2026-08-04T20:30:52.902066+00:00,head,base_left_wheel,3461,27,0,0,,
137.2,2026-08-04T20:30:52.902066+00:00,head,base_back_wheel,3496,28,0,0,,
137.2,2026-08-04T20:30:52.902066+00:00,head,base_right_wheel,2173,26,0,0,,
138.2,2026-08-04T20:30:53.903110+00:00,arms,left_shoulder_pan,1857,36,0,0,1857,1857
138.2,2026-08-04T20:30:53.903110+00:00,arms,left_shoulder_lift,2403,34,3,68,2389,2403
138.2,2026-08-04T20:30:53.903110+00:00,arms,left_elbow_flex,1644,34,3,72,1629,1644
138.2,2026-08-04T20:30:53.903110+00:00,arms,left_wrist_flex,2172,34,0,24,2169,2172
138.2,2026-08-04T20:30:53.903110+00:00,arms,left_wrist_roll,1987,33,0,1044,1989,1987
138.2,2026-08-04T20:30:53.903110+00:00,arms,left_gripper,2013,37,0,0,2014,2013
138.2,2026-08-04T20:30:53.903110+00:00,arms,right_shoulder_pan,1965,37,1,1056,1974,1965
138.2,2026-08-04T20:30:53.903110+00:00,arms,right_shoulder_lift,2162,40,34,240,2049,2157
138.2,2026-08-04T20:30:53.903110+00:00,arms,right_elbow_flex,2171,39,20,162,2097,2166
138.2,2026-08-04T20:30:53.903110+00:00,arms,right_wrist_flex,1995,36,2,52,1976,1994
138.2,2026-08-04T20:30:53.903110+00:00,arms,right_wrist_roll,2109,35,1,1048,2114,2109
138.2,2026-08-04T20:30:53.903110+00:00,arms,right_gripper,2079,38,0,0,2079,2079
138.2,2026-08-04T20:30:53.903110+00:00,head,head_motor_1,2158,25,0,0,,
138.2,2026-08-04T20:30:53.903110+00:00,head,head_motor_2,1943,27,0,0,,
138.2,2026-08-04T20:30:53.903110+00:00,head,base_left_wheel,3461,27,0,0,,
138.2,2026-08-04T20:30:53.903110+00:00,head,base_back_wheel,3496,28,0,0,,
138.2,2026-08-04T20:30:53.903110+00:00,head,base_right_wheel,2173,26,0,0,,
139.2,2026-08-04T20:30:54.903606+00:00,arms,left_shoulder_pan,1857,36,0,0,1857,1857
139.2,2026-08-04T20:30:54.903606+00:00,arms,left_shoulder_lift,2403,33,4,68,2389,2403
139.2,2026-08-04T20:30:54.903606+00:00,arms,left_elbow_flex,1644,34,3,72,1629,1644
139.2,2026-08-04T20:30:54.903606+00:00,arms,left_wrist_flex,2172,34,0,24,2169,2172
139.2,2026-08-04T20:30:54.903606+00:00,arms,left_wrist_roll,1987,34,0,1044,1989,1987
139.2,2026-08-04T20:30:54.903606+00:00,arms,left_gripper,2013,37,0,0,2014,2013
139.2,2026-08-04T20:30:54.903606+00:00,arms,right_shoulder_pan,1965,37,1,1056,1974,1965
139.2,2026-08-04T20:30:54.903606+00:00,arms,right_shoulder_lift,2162,40,37,240,2049,2157
139.2,2026-08-04T20:30:54.903606+00:00,arms,right_elbow_flex,2171,39,22,162,2097,2166
139.2,2026-08-04T20:30:54.903606+00:00,arms,right_wrist_flex,1995,36,1,52,1976,1994
139.2,2026-08-04T20:30:54.903606+00:00,arms,right_wrist_roll,2109,35,0,1048,2114,2109
139.2,2026-08-04T20:30:54.903606+00:00,arms,right_gripper,2079,38,0,0,2079,2079
139.2,2026-08-04T20:30:54.903606+00:00,head,head_motor_1,2158,25,0,0,,
139.2,2026-08-04T20:30:54.903606+00:00,head,head_motor_2,1943,27,0,0,,
139.2,2026-08-04T20:30:54.903606+00:00,head,base_left_wheel,3461,27,0,0,,
139.2,2026-08-04T20:30:54.903606+00:00,head,base_back_wheel,3496,27,0,0,,
139.2,2026-08-04T20:30:54.903606+00:00,head,base_right_wheel,2173,26,0,0,,
140.2,2026-08-04T20:30:55.904657+00:00,arms,left_shoulder_pan,1857,36,0,0,1857,1857
140.2,2026-08-04T20:30:55.904657+00:00,arms,left_shoulder_lift,2403,34,4,68,2389,2403
140.2,2026-08-04T20:30:55.904657+00:00,arms,left_elbow_flex,1644,34,3,72,1629,1644
140.2,2026-08-04T20:30:55.904657+00:00,arms,left_wrist_flex,2172,34,0,24,2169,2172
140.2,2026-08-04T20:30:55.904657+00:00,arms,left_wrist_roll,1987,33,1,1044,1989,1987
140.2,2026-08-04T20:30:55.904657+00:00,arms,left_gripper,2013,37,0,0,2014,2013
140.2,2026-08-04T20:30:55.904657+00:00,arms,right_shoulder_pan,1965,37,1,1056,1974,1965
140.2,2026-08-04T20:30:55.904657+00:00,arms,right_shoulder_lift,2162,40,30,240,2049,2157
140.2,2026-08-04T20:30:55.904657+00:00,arms,right_elbow_flex,2171,39,21,162,2097,2166
140.2,2026-08-04T20:30:55.904657+00:00,arms,right_wrist_flex,1995,36,2,52,1976,1994
140.2,2026-08-04T20:30:55.904657+00:00,arms,right_wrist_roll,2109,35,1,1048,2114,2109
140.2,2026-08-04T20:30:55.904657+00:00,arms,right_gripper,2079,38,0,0,2079,2079
140.2,2026-08-04T20:30:55.904657+00:00,head,head_motor_1,2158,25,0,0,,
140.2,2026-08-04T20:30:55.904657+00:00,head,head_motor_2,1943,27,0,0,,
140.2,2026-08-04T20:30:55.904657+00:00,head,base_left_wheel,3461,26,0,0,,
140.2,2026-08-04T20:30:55.904657+00:00,head,base_back_wheel,3496,27,0,0,,
140.2,2026-08-04T20:30:55.904657+00:00,head,base_right_wheel,2173,26,0,0,,
141.2,2026-08-04T20:30:56.905695+00:00,arms,left_shoulder_pan,1857,36,0,0,1857,1857
141.2,2026-08-04T20:30:56.905695+00:00,arms,left_shoulder_lift,2403,34,4,68,2389,2403
141.2,2026-08-04T20:30:56.905695+00:00,arms,left_elbow_flex,1644,34,3,72,1629,1644
141.2,2026-08-04T20:30:56.905695+00:00,arms,left_wrist_flex,2172,34,1,24,2169,2172
141.2,2026-08-04T20:30:56.905695+00:00,arms,left_wrist_roll,1987,33,0,1044,1989,1987
141.2,2026-08-04T20:30:56.905695+00:00,arms,left_gripper,2013,37,0,0,2014,2013
141.2,2026-08-04T20:30:56.905695+00:00,arms,right_shoulder_pan,1965,37,1,1056,1974,1965
141.2,2026-08-04T20:30:56.905695+00:00,arms,right_shoulder_lift,2162,40,35,240,2049,2157
141.2,2026-08-04T20:30:56.905695+00:00,arms,right_elbow_flex,2171,39,21,162,2097,2166
141.2,2026-08-04T20:30:56.905695+00:00,arms,right_wrist_flex,1995,36,1,52,1976,1994
141.2,2026-08-04T20:30:56.905695+00:00,arms,right_wrist_roll,2109,35,0,1048,2114,2109
141.2,2026-08-04T20:30:56.905695+00:00,arms,right_gripper,2079,38,0,0,2079,2079
141.2,2026-08-04T20:30:56.905695+00:00,head,head_motor_1,2158,25,0,0,,
141.2,2026-08-04T20:30:56.905695+00:00,head,head_motor_2,1943,27,0,0,,
141.2,2026-08-04T20:30:56.905695+00:00,head,base_left_wheel,3461,27,0,0,,
141.2,2026-08-04T20:30:56.905695+00:00,head,base_back_wheel,3496,27,0,0,,
141.2,2026-08-04T20:30:56.905695+00:00,head,base_right_wheel,2174,26,0,0,,
142.2,2026-08-04T20:30:57.906727+00:00,arms,left_shoulder_pan,1857,36,0,0,1857,1857
142.2,2026-08-04T20:30:57.906727+00:00,arms,left_shoulder_lift,2403,34,3,68,2389,2403
142.2,2026-08-04T20:30:57.906727+00:00,arms,left_elbow_flex,1644,34,3,72,1629,1644
142.2,2026-08-04T20:30:57.906727+00:00,arms,left_wrist_flex,2172,34,1,24,2169,2172
142.2,2026-08-04T20:30:57.906727+00:00,arms,left_wrist_roll,1987,33,1,1044,1989,1987
142.2,2026-08-04T20:30:57.906727+00:00,arms,left_gripper,2013,37,0,0,2014,2013
142.2,2026-08-04T20:30:57.906727+00:00,arms,right_shoulder_pan,1965,37,1,1056,1974,1965
142.2,2026-08-04T20:30:57.906727+00:00,arms,right_shoulder_lift,2162,40,39,240,2049,2157
142.2,2026-08-04T20:30:57.906727+00:00,arms,right_elbow_flex,2171,39,21,162,2097,2166
142.2,2026-08-04T20:30:57.906727+00:00,arms,right_wrist_flex,1995,36,1,52,1976,1994
142.2,2026-08-04T20:30:57.906727+00:00,arms,right_wrist_roll,2109,35,0,1048,2114,2109
142.2,2026-08-04T20:30:57.906727+00:00,arms,right_gripper,2079,38,0,0,2079,2079
142.2,2026-08-04T20:30:57.906727+00:00,head,head_motor_1,2158,25,0,0,,
142.2,2026-08-04T20:30:57.906727+00:00,head,head_motor_2,1943,27,0,0,,
142.2,2026-08-04T20:30:57.906727+00:00,head,base_left_wheel,3461,27,0,0,,
142.2,2026-08-04T20:30:57.906727+00:00,head,base_back_wheel,3496,27,0,0,,
142.2,2026-08-04T20:30:57.906727+00:00,head,base_right_wheel,2173,26,0,0,,
143.2,2026-08-04T20:30:58.907780+00:00,arms,left_shoulder_pan,1857,36,0,0,1857,1857
143.2,2026-08-04T20:30:58.907780+00:00,arms,left_shoulder_lift,2403,34,3,68,2389,2403
143.2,2026-08-04T20:30:58.907780+00:00,arms,left_elbow_flex,1644,34,2,72,1629,1644
143.2,2026-08-04T20:30:58.907780+00:00,arms,left_wrist_flex,2172,34,0,24,2169,2172
143.2,2026-08-04T20:30:58.907780+00:00,arms,left_wrist_roll,1987,33,1,1044,1989,1987
143.2,2026-08-04T20:30:58.907780+00:00,arms,left_gripper,2013,37,0,0,2014,2013
143.2,2026-08-04T20:30:58.907780+00:00,arms,right_shoulder_pan,1965,37,1,1056,1974,1965
143.2,2026-08-04T20:30:58.907780+00:00,arms,right_shoulder_lift,2162,40,32,240,2049,2157
143.2,2026-08-04T20:30:58.907780+00:00,arms,right_elbow_flex,2171,39,14,162,2097,2166
143.2,2026-08-04T20:30:58.907780+00:00,arms,right_wrist_flex,1995,36,1,52,1976,1994
143.2,2026-08-04T20:30:58.907780+00:00,arms,right_wrist_roll,2109,35,0,1048,2114,2109
143.2,2026-08-04T20:30:58.907780+00:00,arms,right_gripper,2079,38,0,0,2079,2079
143.2,2026-08-04T20:30:58.907780+00:00,head,head_motor_1,2158,25,0,0,,
143.2,2026-08-04T20:30:58.907780+00:00,head,head_motor_2,1943,27,0,0,,
143.2,2026-08-04T20:30:58.907780+00:00,head,base_left_wheel,3461,27,0,0,,
143.2,2026-08-04T20:30:58.907780+00:00,head,base_back_wheel,3496,27,0,0,,
143.2,2026-08-04T20:30:58.907780+00:00,head,base_right_wheel,2173,26,0,0,,
144.2,2026-08-04T20:30:59.908828+00:00,arms,left_shoulder_pan,1857,36,0,0,1857,1857
144.2,2026-08-04T20:30:59.908828+00:00,arms,left_shoulder_lift,2403,34,4,68,2389,2403
144.2,2026-08-04T20:30:59.908828+00:00,arms,left_elbow_flex,1644,34,3,72,1629,1644
144.2,2026-08-04T20:30:59.908828+00:00,arms,left_wrist_flex,2172,34,0,24,2169,2172
144.2,2026-08-04T20:30:59.908828+00:00,arms,left_wrist_roll,1987,33,0,1044,1989,1987
144.2,2026-08-04T20:30:59.908828+00:00,arms,left_gripper,2013,37,0,0,2014,2013
144.2,2026-08-04T20:30:59.908828+00:00,arms,right_shoulder_pan,1965,37,1,1056,1974,1965
144.2,2026-08-04T20:30:59.908828+00:00,arms,right_shoulder_lift,2162,40,30,240,2049,2157
144.2,2026-08-04T20:30:59.908828+00:00,arms,right_elbow_flex,2171,39,21,162,2097,2166
144.2,2026-08-04T20:30:59.908828+00:00,arms,right_wrist_flex,1995,36,2,52,1976,1994
144.2,2026-08-04T20:30:59.908828+00:00,arms,right_wrist_roll,2109,35,1,1048,2114,2109
144.2,2026-08-04T20:30:59.908828+00:00,arms,right_gripper,2079,38,0,0,2079,2079
144.2,2026-08-04T20:30:59.908828+00:00,head,head_motor_1,2158,25,0,0,,
144.2,2026-08-04T20:30:59.908828+00:00,head,head_motor_2,1943,27,0,0,,
144.2,2026-08-04T20:30:59.908828+00:00,head,base_left_wheel,3461,27,0,0,,
144.2,2026-08-04T20:30:59.908828+00:00,head,base_back_wheel,3496,27,0,0,,
144.2,2026-08-04T20:30:59.908828+00:00,head,base_right_wheel,2173,26,0,0,,
145.2,2026-08-04T20:31:00.910250+00:00,arms,left_shoulder_pan,1857,36,0,0,1857,1857
145.2,2026-08-04T20:31:00.910250+00:00,arms,left_shoulder_lift,2403,34,3,68,2389,2403
145.2,2026-08-04T20:31:00.910250+00:00,arms,left_elbow_flex,1644,34,2,72,1629,1644
145.2,2026-08-04T20:31:00.910250+00:00,arms,left_wrist_flex,2172,34,0,24,2169,2172
145.2,2026-08-04T20:31:00.910250+00:00,arms,left_wrist_roll,1987,33,0,1044,1989,1987
145.2,2026-08-04T20:31:00.910250+00:00,arms,left_gripper,2013,37,0,0,2014,2013
145.2,2026-08-04T20:31:00.910250+00:00,arms,right_shoulder_pan,1965,37,0,1056,1974,1965
145.2,2026-08-04T20:31:00.910250+00:00,arms,right_shoulder_lift,2162,41,29,240,2049,2157
145.2,2026-08-04T20:31:00.910250+00:00,arms,right_elbow_flex,2171,39,21,162,2097,2166
145.2,2026-08-04T20:31:00.910250+00:00,arms,right_wrist_flex,1995,36,2,52,1976,1994
145.2,2026-08-04T20:31:00.910250+00:00,arms,right_wrist_roll,2109,35,0,1048,2114,2109
145.2,2026-08-04T20:31:00.910250+00:00,arms,right_gripper,2079,38,0,0,2079,2079
145.2,2026-08-04T20:31:00.910250+00:00,head,head_motor_1,2158,25,0,0,,
145.2,2026-08-04T20:31:00.910250+00:00,head,head_motor_2,1943,27,0,0,,
145.2,2026-08-04T20:31:00.910250+00:00,head,base_left_wheel,3461,27,0,0,,
145.2,2026-08-04T20:31:00.910250+00:00,head,base_back_wheel,3496,27,0,0,,
145.2,2026-08-04T20:31:00.910250+00:00,head,base_right_wheel,2174,26,0,0,,
146.2,2026-08-04T20:31:01.911671+00:00,arms,left_shoulder_pan,1857,36,0,0,1857,1857
146.2,2026-08-04T20:31:01.911671+00:00,arms,left_shoulder_lift,2403,34,3,68,2389,2403
146.2,2026-08-04T20:31:01.911671+00:00,arms,left_elbow_flex,1644,34,3,72,1629,1644
146.2,2026-08-04T20:31:01.911671+00:00,arms,left_wrist_flex,2172,34,0,24,2169,2172
146.2,2026-08-04T20:31:01.911671+00:00,arms,left_wrist_roll,1987,33,0,1044,1989,1987
146.2,2026-08-04T20:31:01.911671+00:00,arms,left_gripper,2013,37,0,0,2014,2013
146.2,2026-08-04T20:31:01.911671+00:00,arms,right_shoulder_pan,1965,37,0,1056,1974,1965
146.2,2026-08-04T20:31:01.911671+00:00,arms,right_shoulder_lift,2162,40,36,240,2049,2157
146.2,2026-08-04T20:31:01.911671+00:00,arms,right_elbow_flex,2171,39,21,162,2097,2166
146.2,2026-08-04T20:31:01.911671+00:00,arms,right_wrist_flex,1995,36,2,52,1976,1994
146.2,2026-08-04T20:31:01.911671+00:00,arms,right_wrist_roll,2109,35,0,1048,2114,2109
146.2,2026-08-04T20:31:01.911671+00:00,arms,right_gripper,2079,38,0,0,2079,2079
146.2,2026-08-04T20:31:01.911671+00:00,head,head_motor_1,2158,25,0,0,,
146.2,2026-08-04T20:31:01.911671+00:00,head,head_motor_2,1943,27,0,0,,
146.2,2026-08-04T20:31:01.911671+00:00,head,base_left_wheel,3461,27,0,0,,
146.2,2026-08-04T20:31:01.911671+00:00,head,base_back_wheel,3496,27,0,0,,
146.2,2026-08-04T20:31:01.911671+00:00,head,base_right_wheel,2173,26,0,0,,
147.2,2026-08-04T20:31:02.912752+00:00,arms,left_shoulder_pan,1857,36,0,0,1857,1857
147.2,2026-08-04T20:31:02.912752+00:00,arms,left_shoulder_lift,2403,34,4,68,2389,2403
147.2,2026-08-04T20:31:02.912752+00:00,arms,left_elbow_flex,1644,34,3,72,1629,1644
147.2,2026-08-04T20:31:02.912752+00:00,arms,left_wrist_flex,2172,34,0,24,2169,2172
147.2,2026-08-04T20:31:02.912752+00:00,arms,left_wrist_roll,1987,33,0,1044,1989,1987
147.2,2026-08-04T20:31:02.912752+00:00,arms,left_gripper,2013,37,0,0,2014,2013
147.2,2026-08-04T20:31:02.912752+00:00,arms,right_shoulder_pan,1965,37,0,1056,1974,1965
147.2,2026-08-04T20:31:02.912752+00:00,arms,right_shoulder_lift,2162,41,28,240,2049,2157
147.2,2026-08-04T20:31:02.912752+00:00,arms,right_elbow_flex,2171,39,15,162,2097,2166
147.2,2026-08-04T20:31:02.912752+00:00,arms,right_wrist_flex,1995,36,2,52,1976,1994
147.2,2026-08-04T20:31:02.912752+00:00,arms,right_wrist_roll,2109,35,0,1048,2114,2109
147.2,2026-08-04T20:31:02.912752+00:00,arms,right_gripper,2079,38,0,0,2079,2079
147.2,2026-08-04T20:31:02.912752+00:00,head,head_motor_1,2158,25,0,0,,
147.2,2026-08-04T20:31:02.912752+00:00,head,head_motor_2,1943,27,0,0,,
147.2,2026-08-04T20:31:02.912752+00:00,head,base_left_wheel,3461,27,0,0,,
147.2,2026-08-04T20:31:02.912752+00:00,head,base_back_wheel,3496,27,0,0,,
147.2,2026-08-04T20:31:02.912752+00:00,head,base_right_wheel,2173,26,0,0,,
148.2,2026-08-04T20:31:03.914218+00:00,arms,left_shoulder_pan,1857,36,0,0,1857,1857
148.2,2026-08-04T20:31:03.914218+00:00,arms,left_shoulder_lift,2403,34,3,68,2389,2403
148.2,2026-08-04T20:31:03.914218+00:00,arms,left_elbow_flex,1644,34,3,72,1629,1644
148.2,2026-08-04T20:31:03.914218+00:00,arms,left_wrist_flex,2172,34,0,24,2169,2172
148.2,2026-08-04T20:31:03.914218+00:00,arms,left_wrist_roll,1987,33,0,1044,1989,1987
148.2,2026-08-04T20:31:03.914218+00:00,arms,left_gripper,2013,37,0,0,2014,2013
148.2,2026-08-04T20:31:03.914218+00:00,arms,right_shoulder_pan,1965,37,1,1056,1974,1965
148.2,2026-08-04T20:31:03.914218+00:00,arms,right_shoulder_lift,2162,41,37,240,2049,2157
148.2,2026-08-04T20:31:03.914218+00:00,arms,right_elbow_flex,2171,39,15,162,2097,2166
148.2,2026-08-04T20:31:03.914218+00:00,arms,right_wrist_flex,1995,36,1,52,1976,1994
148.2,2026-08-04T20:31:03.914218+00:00,arms,right_wrist_roll,2109,35,0,1048,2114,2109
148.2,2026-08-04T20:31:03.914218+00:00,arms,right_gripper,2079,38,0,0,2079,2079
148.2,2026-08-04T20:31:03.914218+00:00,head,head_motor_1,2158,25,0,0,,
148.2,2026-08-04T20:31:03.914218+00:00,head,head_motor_2,1943,27,0,0,,
148.2,2026-08-04T20:31:03.914218+00:00,head,base_left_wheel,3461,27,0,0,,
148.2,2026-08-04T20:31:03.914218+00:00,head,base_back_wheel,3496,27,0,0,,
148.2,2026-08-04T20:31:03.914218+00:00,head,base_right_wheel,2173,26,0,0,,
149.2,2026-08-04T20:31:04.915310+00:00,arms,left_shoulder_pan,1857,36,0,0,1857,1857
149.2,2026-08-04T20:31:04.915310+00:00,arms,left_shoulder_lift,2403,34,3,68,2389,2403
149.2,2026-08-04T20:31:04.915310+00:00,arms,left_elbow_flex,1644,34,3,72,1629,1644
149.2,2026-08-04T20:31:04.915310+00:00,arms,left_wrist_flex,2172,34,0,24,2169,2172
149.2,2026-08-04T20:31:04.915310+00:00,arms,left_wrist_roll,1987,33,0,1044,1989,1987
149.2,2026-08-04T20:31:04.915310+00:00,arms,left_gripper,2013,37,0,0,2014,2013
149.2,2026-08-04T20:31:04.915310+00:00,arms,right_shoulder_pan,1965,37,0,1056,1974,1965
149.2,2026-08-04T20:31:04.915310+00:00,arms,right_shoulder_lift,2162,41,39,240,2049,2157
149.2,2026-08-04T20:31:04.915310+00:00,arms,right_elbow_flex,2171,39,20,162,2097,2166
149.2,2026-08-04T20:31:04.915310+00:00,arms,right_wrist_flex,1995,36,1,52,1976,1994
149.2,2026-08-04T20:31:04.915310+00:00,arms,right_wrist_roll,2109,35,1,1048,2114,2109
149.2,2026-08-04T20:31:04.915310+00:00,arms,right_gripper,2079,38,0,0,2079,2079
149.2,2026-08-04T20:31:04.915310+00:00,head,head_motor_1,2158,25,0,0,,
149.2,2026-08-04T20:31:04.915310+00:00,head,head_motor_2,1943,27,0,0,,
149.2,2026-08-04T20:31:04.915310+00:00,head,base_left_wheel,3461,27,0,0,,
149.2,2026-08-04T20:31:04.915310+00:00,head,base_back_wheel,3496,27,0,0,,
149.2,2026-08-04T20:31:04.915310+00:00,head,base_right_wheel,2173,26,0,0,,
150.2,2026-08-04T20:31:05.916766+00:00,arms,left_shoulder_pan,1857,36,0,0,1857,1857
150.2,2026-08-04T20:31:05.916766+00:00,arms,left_shoulder_lift,2403,34,3,68,2389,2403
150.2,2026-08-04T20:31:05.916766+00:00,arms,left_elbow_flex,1644,34,3,72,1629,1644
150.2,2026-08-04T20:31:05.916766+00:00,arms,left_wrist_flex,2172,34,0,24,2169,2172
150.2,2026-08-04T20:31:05.916766+00:00,arms,left_wrist_roll,1987,33,1,1044,1989,1987
150.2,2026-08-04T20:31:05.916766+00:00,arms,left_gripper,2013,37,0,0,2014,2013
150.2,2026-08-04T20:31:05.916766+00:00,arms,right_shoulder_pan,1965,37,1,1056,1974,1965
150.2,2026-08-04T20:31:05.916766+00:00,arms,right_shoulder_lift,2162,41,35,240,2049,2157
150.2,2026-08-04T20:31:05.916766+00:00,arms,right_elbow_flex,2171,39,19,162,2097,2166
150.2,2026-08-04T20:31:05.916766+00:00,arms,right_wrist_flex,1995,36,1,52,1976,1994
150.2,2026-08-04T20:31:05.916766+00:00,arms,right_wrist_roll,2109,35,0,1048,2114,2109
150.2,2026-08-04T20:31:05.916766+00:00,arms,right_gripper,2079,38,0,0,2079,2079
150.2,2026-08-04T20:31:05.916766+00:00,head,head_motor_1,2158,25,0,0,,
150.2,2026-08-04T20:31:05.916766+00:00,head,head_motor_2,1943,27,0,0,,
150.2,2026-08-04T20:31:05.916766+00:00,head,base_left_wheel,3461,27,0,0,,
150.2,2026-08-04T20:31:05.916766+00:00,head,base_back_wheel,3496,27,0,0,,
150.2,2026-08-04T20:31:05.916766+00:00,head,base_right_wheel,2173,26,0,0,,
151.2,2026-08-04T20:31:06.917860+00:00,arms,left_shoulder_pan,1857,36,0,0,1857,1857
151.2,2026-08-04T20:31:06.917860+00:00,arms,left_shoulder_lift,2403,34,4,68,2389,2403
151.2,2026-08-04T20:31:06.917860+00:00,arms,left_elbow_flex,1644,34,3,72,1629,1644
151.2,2026-08-04T20:31:06.917860+00:00,arms,left_wrist_flex,2172,34,0,24,2169,2172
151.2,2026-08-04T20:31:06.917860+00:00,arms,left_wrist_roll,1987,33,0,1044,1989,1987
151.2,2026-08-04T20:31:06.917860+00:00,arms,left_gripper,2013,37,0,0,2014,2013
151.2,2026-08-04T20:31:06.917860+00:00,arms,right_shoulder_pan,1965,37,1,1056,1974,1965
151.2,2026-08-04T20:31:06.917860+00:00,arms,right_shoulder_lift,2162,41,32,240,2049,2157
151.2,2026-08-04T20:31:06.917860+00:00,arms,right_elbow_flex,2171,39,19,162,2097,2166
151.2,2026-08-04T20:31:06.917860+00:00,arms,right_wrist_flex,1995,36,2,52,1976,1994
151.2,2026-08-04T20:31:06.917860+00:00,arms,right_wrist_roll,2109,35,0,1048,2114,2109
151.2,2026-08-04T20:31:06.917860+00:00,arms,right_gripper,2079,38,0,0,2079,2079
151.2,2026-08-04T20:31:06.917860+00:00,head,head_motor_1,2158,25,0,0,,
151.2,2026-08-04T20:31:06.917860+00:00,head,head_motor_2,1943,27,0,0,,
151.2,2026-08-04T20:31:06.917860+00:00,head,base_left_wheel,3461,27,0,0,,
151.2,2026-08-04T20:31:06.917860+00:00,head,base_back_wheel,3496,27,0,0,,
151.2,2026-08-04T20:31:06.917860+00:00,head,base_right_wheel,2173,26,0,0,,
152.2,2026-08-04T20:31:07.918932+00:00,arms,left_shoulder_pan,1857,36,0,0,1857,1857
152.2,2026-08-04T20:31:07.918932+00:00,arms,left_shoulder_lift,2403,34,4,68,2389,2403
152.2,2026-08-04T20:31:07.918932+00:00,arms,left_elbow_flex,1644,34,3,72,1629,1644
152.2,2026-08-04T20:31:07.918932+00:00,arms,left_wrist_flex,2172,34,0,24,2169,2172
152.2,2026-08-04T20:31:07.918932+00:00,arms,left_wrist_roll,1987,33,0,1044,1989,1987
152.2,2026-08-04T20:31:07.918932+00:00,arms,left_gripper,2013,37,0,0,2014,2013
152.2,2026-08-04T20:31:07.918932+00:00,arms,right_shoulder_pan,1965,37,0,1056,1974,1965
152.2,2026-08-04T20:31:07.918932+00:00,arms,right_shoulder_lift,2162,41,29,240,2049,2157
152.2,2026-08-04T20:31:07.918932+00:00,arms,right_elbow_flex,2171,39,22,162,2097,2166
152.2,2026-08-04T20:31:07.918932+00:00,arms,right_wrist_flex,1995,36,2,52,1976,1994
152.2,2026-08-04T20:31:07.918932+00:00,arms,right_wrist_roll,2109,35,0,1048,2114,2109
152.2,2026-08-04T20:31:07.918932+00:00,arms,right_gripper,2079,38,0,0,2079,2079
152.2,2026-08-04T20:31:07.918932+00:00,head,head_motor_1,2158,25,0,0,,
152.2,2026-08-04T20:31:07.918932+00:00,head,head_motor_2,1943,27,0,0,,
152.2,2026-08-04T20:31:07.918932+00:00,head,base_left_wheel,3461,27,0,0,,
152.2,2026-08-04T20:31:07.918932+00:00,head,base_back_wheel,3496,27,0,0,,
152.2,2026-08-04T20:31:07.918932+00:00,head,base_right_wheel,2173,26,0,0,,
153.2,2026-08-04T20:31:08.920070+00:00,arms,left_shoulder_pan,1857,36,0,0,1857,1857
153.2,2026-08-04T20:31:08.920070+00:00,arms,left_shoulder_lift,2403,34,3,68,2389,2403
153.2,2026-08-04T20:31:08.920070+00:00,arms,left_elbow_flex,1644,34,3,72,1629,1644
153.2,2026-08-04T20:31:08.920070+00:00,arms,left_wrist_flex,2172,34,0,24,2169,2172
153.2,2026-08-04T20:31:08.920070+00:00,arms,left_wrist_roll,1987,33,0,1044,1989,1987
153.2,2026-08-04T20:31:08.920070+00:00,arms,left_gripper,2013,37,0,0,2014,2013
153.2,2026-08-04T20:31:08.920070+00:00,arms,right_shoulder_pan,1965,37,1,1056,1974,1965
153.2,2026-08-04T20:31:08.920070+00:00,arms,right_shoulder_lift,2162,41,34,240,2049,2157
153.2,2026-08-04T20:31:08.920070+00:00,arms,right_elbow_flex,2171,40,15,162,2097,2166
153.2,2026-08-04T20:31:08.920070+00:00,arms,right_wrist_flex,1995,36,1,52,1976,1994
153.2,2026-08-04T20:31:08.920070+00:00,arms,right_wrist_roll,2109,35,0,1048,2114,2109
153.2,2026-08-04T20:31:08.920070+00:00,arms,right_gripper,2079,38,0,0,2079,2079
153.2,2026-08-04T20:31:08.920070+00:00,head,head_motor_1,2158,26,0,0,,
153.2,2026-08-04T20:31:08.920070+00:00,head,head_motor_2,1943,27,0,0,,
153.2,2026-08-04T20:31:08.920070+00:00,head,base_left_wheel,3461,27,0,0,,
153.2,2026-08-04T20:31:08.920070+00:00,head,base_back_wheel,3496,27,0,0,,
153.2,2026-08-04T20:31:08.920070+00:00,head,base_right_wheel,2173,26,0,0,,
154.2,2026-08-04T20:31:09.921155+00:00,arms,left_shoulder_pan,1857,36,0,0,1857,1857
154.2,2026-08-04T20:31:09.921155+00:00,arms,left_shoulder_lift,2403,34,3,68,2389,2403
154.2,2026-08-04T20:31:09.921155+00:00,arms,left_elbow_flex,1644,34,3,72,1629,1644
154.2,2026-08-04T20:31:09.921155+00:00,arms,left_wrist_flex,2172,34,0,24,2169,2172
154.2,2026-08-04T20:31:09.921155+00:00,arms,left_wrist_roll,1987,33,0,1044,1989,1987
154.2,2026-08-04T20:31:09.921155+00:00,arms,left_gripper,2013,37,0,0,2014,2013
154.2,2026-08-04T20:31:09.921155+00:00,arms,right_shoulder_pan,1965,37,1,1056,1974,1965
154.2,2026-08-04T20:31:09.921155+00:00,arms,right_shoulder_lift,2162,41,36,240,2049,2157
154.2,2026-08-04T20:31:09.921155+00:00,arms,right_elbow_flex,2171,40,16,162,2097,2166
154.2,2026-08-04T20:31:09.921155+00:00,arms,right_wrist_flex,1995,36,2,52,1976,1994
154.2,2026-08-04T20:31:09.921155+00:00,arms,right_wrist_roll,2109,35,0,1048,2114,2109
154.2,2026-08-04T20:31:09.921155+00:00,arms,right_gripper,2079,38,0,0,2079,2079
154.2,2026-08-04T20:31:09.921155+00:00,head,head_motor_1,2158,25,0,0,,
154.2,2026-08-04T20:31:09.921155+00:00,head,head_motor_2,1943,27,0,0,,
154.2,2026-08-04T20:31:09.921155+00:00,head,base_left_wheel,3461,27,0,0,,
154.2,2026-08-04T20:31:09.921155+00:00,head,base_back_wheel,3496,27,0,0,,
154.2,2026-08-04T20:31:09.921155+00:00,head,base_right_wheel,2173,26,0,0,,
155.2,2026-08-04T20:31:10.922261+00:00,arms,left_shoulder_pan,1857,36,0,0,1857,1857
155.2,2026-08-04T20:31:10.922261+00:00,arms,left_shoulder_lift,2403,34,3,68,2389,2403
155.2,2026-08-04T20:31:10.922261+00:00,arms,left_elbow_flex,1644,34,3,72,1629,1644
155.2,2026-08-04T20:31:10.922261+00:00,arms,left_wrist_flex,2172,34,0,24,2169,2172
155.2,2026-08-04T20:31:10.922261+00:00,arms,left_wrist_roll,1987,33,0,1044,1989,1987
155.2,2026-08-04T20:31:10.922261+00:00,arms,left_gripper,2013,37,0,0,2014,2013
155.2,2026-08-04T20:31:10.922261+00:00,arms,right_shoulder_pan,1965,37,1,1056,1974,1965
155.2,2026-08-04T20:31:10.922261+00:00,arms,right_shoulder_lift,2162,41,36,240,2049,2157
155.2,2026-08-04T20:31:10.922261+00:00,arms,right_elbow_flex,2171,40,18,162,2097,2166
155.2,2026-08-04T20:31:10.922261+00:00,arms,right_wrist_flex,1995,35,1,52,1976,1994
155.2,2026-08-04T20:31:10.922261+00:00,arms,right_wrist_roll,2109,35,0,1048,2114,2109
155.2,2026-08-04T20:31:10.922261+00:00,arms,right_gripper,2079,38,0,0,2079,2079
155.2,2026-08-04T20:31:10.922261+00:00,head,head_motor_1,2158,25,0,0,,
155.2,2026-08-04T20:31:10.922261+00:00,head,head_motor_2,1943,27,0,0,,
155.2,2026-08-04T20:31:10.922261+00:00,head,base_left_wheel,3461,27,0,0,,
155.2,2026-08-04T20:31:10.922261+00:00,head,base_back_wheel,3496,27,0,0,,
155.2,2026-08-04T20:31:10.922261+00:00,head,base_right_wheel,2173,26,0,0,,
156.2,2026-08-04T20:31:11.923340+00:00,arms,left_shoulder_pan,1857,36,0,0,1857,1857
156.2,2026-08-04T20:31:11.923340+00:00,arms,left_shoulder_lift,2403,34,3,68,2389,2403
156.2,2026-08-04T20:31:11.923340+00:00,arms,left_elbow_flex,1644,34,3,72,1629,1644
156.2,2026-08-04T20:31:11.923340+00:00,arms,left_wrist_flex,2172,34,0,24,2169,2172
156.2,2026-08-04T20:31:11.923340+00:00,arms,left_wrist_roll,1987,33,0,1044,1989,1987
156.2,2026-08-04T20:31:11.923340+00:00,arms,left_gripper,2013,37,0,0,2014,2013
156.2,2026-08-04T20:31:11.923340+00:00,arms,right_shoulder_pan,1965,36,1,1056,1974,1965
156.2,2026-08-04T20:31:11.923340+00:00,arms,right_shoulder_lift,2162,41,36,240,2049,2157
156.2,2026-08-04T20:31:11.923340+00:00,arms,right_elbow_flex,2171,40,19,162,2097,2166
156.2,2026-08-04T20:31:11.923340+00:00,arms,right_wrist_flex,1995,36,2,52,1976,1994
156.2,2026-08-04T20:31:11.923340+00:00,arms,right_wrist_roll,2109,35,1,1048,2114,2109
156.2,2026-08-04T20:31:11.923340+00:00,arms,right_gripper,2079,38,0,0,2079,2079
156.2,2026-08-04T20:31:11.923340+00:00,head,head_motor_1,2158,25,0,0,,
156.2,2026-08-04T20:31:11.923340+00:00,head,head_motor_2,1943,27,0,0,,
156.2,2026-08-04T20:31:11.923340+00:00,head,base_left_wheel,3461,27,0,0,,
156.2,2026-08-04T20:31:11.923340+00:00,head,base_back_wheel,3496,27,0,0,,
156.2,2026-08-04T20:31:11.923340+00:00,head,base_right_wheel,2173,26,0,0,,
157.2,2026-08-04T20:31:12.924405+00:00,arms,left_shoulder_pan,1857,36,0,0,1857,1857
157.2,2026-08-04T20:31:12.924405+00:00,arms,left_shoulder_lift,2403,34,4,68,2389,2403
157.2,2026-08-04T20:31:12.924405+00:00,arms,left_elbow_flex,1644,34,3,72,1629,1644
157.2,2026-08-04T20:31:12.924405+00:00,arms,left_wrist_flex,2172,34,0,24,2169,2172
157.2,2026-08-04T20:31:12.924405+00:00,arms,left_wrist_roll,1987,33,1,1044,1989,1987
157.2,2026-08-04T20:31:12.924405+00:00,arms,left_gripper,2013,37,0,0,2014,2013
157.2,2026-08-04T20:31:12.924405+00:00,arms,right_shoulder_pan,1965,37,0,1056,1974,1965
157.2,2026-08-04T20:31:12.924405+00:00,arms,right_shoulder_lift,2162,41,33,240,2049,2157
157.2,2026-08-04T20:31:12.924405+00:00,arms,right_elbow_flex,2171,40,14,162,2097,2166
157.2,2026-08-04T20:31:12.924405+00:00,arms,right_wrist_flex,1995,36,2,52,1976,1994
157.2,2026-08-04T20:31:12.924405+00:00,arms,right_wrist_roll,2109,35,0,1048,2114,2109
157.2,2026-08-04T20:31:12.924405+00:00,arms,right_gripper,2079,38,0,0,2079,2079
157.2,2026-08-04T20:31:12.924405+00:00,head,head_motor_1,2158,25,0,0,,
157.2,2026-08-04T20:31:12.924405+00:00,head,head_motor_2,1943,27,0,0,,
157.2,2026-08-04T20:31:12.924405+00:00,head,base_left_wheel,3461,27,0,0,,
157.2,2026-08-04T20:31:12.924405+00:00,head,base_back_wheel,3496,27,0,0,,
157.2,2026-08-04T20:31:12.924405+00:00,head,base_right_wheel,2173,26,0,0,,
158.2,2026-08-04T20:31:13.925831+00:00,arms,left_shoulder_pan,1857,36,0,0,1857,1857
158.2,2026-08-04T20:31:13.925831+00:00,arms,left_shoulder_lift,2403,34,3,68,2389,2403
158.2,2026-08-04T20:31:13.925831+00:00,arms,left_elbow_flex,1644,34,3,72,1629,1644
158.2,2026-08-04T20:31:13.925831+00:00,arms,left_wrist_flex,2172,34,1,24,2169,2172
158.2,2026-08-04T20:31:13.925831+00:00,arms,left_wrist_roll,1987,33,1,1044,1989,1987
158.2,2026-08-04T20:31:13.925831+00:00,arms,left_gripper,2013,37,0,0,2014,2013
158.2,2026-08-04T20:31:13.925831+00:00,arms,right_shoulder_pan,1965,36,1,1056,1974,1965
158.2,2026-08-04T20:31:13.925831+00:00,arms,right_shoulder_lift,2162,41,36,240,2049,2157
158.2,2026-08-04T20:31:13.925831+00:00,arms,right_elbow_flex,2171,40,21,162,2097,2166
158.2,2026-08-04T20:31:13.925831+00:00,arms,right_wrist_flex,1995,36,1,52,1976,1994
158.2,2026-08-04T20:31:13.925831+00:00,arms,right_wrist_roll,2109,35,0,1048,2114,2109
158.2,2026-08-04T20:31:13.925831+00:00,arms,right_gripper,2079,38,0,0,2079,2079
158.2,2026-08-04T20:31:13.925831+00:00,head,head_motor_1,2158,25,0,0,,
158.2,2026-08-04T20:31:13.925831+00:00,head,head_motor_2,1943,27,0,0,,
158.2,2026-08-04T20:31:13.925831+00:00,head,base_left_wheel,3461,27,0,0,,
158.2,2026-08-04T20:31:13.925831+00:00,head,base_back_wheel,3496,27,0,0,,
158.2,2026-08-04T20:31:13.925831+00:00,head,base_right_wheel,2173,26,0,0,,
159.2,2026-08-04T20:31:14.927264+00:00,arms,left_shoulder_pan,1857,36,0,0,1857,1857
159.2,2026-08-04T20:31:14.927264+00:00,arms,left_shoulder_lift,2403,34,4,68,2389,2403
159.2,2026-08-04T20:31:14.927264+00:00,arms,left_elbow_flex,1644,34,2,72,1629,1644
159.2,2026-08-04T20:31:14.927264+00:00,arms,left_wrist_flex,2172,34,0,24,2169,2172
159.2,2026-08-04T20:31:14.927264+00:00,arms,left_wrist_roll,1987,33,0,1044,1989,1987
159.2,2026-08-04T20:31:14.927264+00:00,arms,left_gripper,2013,37,0,0,2014,2013
159.2,2026-08-04T20:31:14.927264+00:00,arms,right_shoulder_pan,1965,37,1,1056,1974,1965
159.2,2026-08-04T20:31:14.927264+00:00,arms,right_shoulder_lift,2162,41,29,240,2049,2157
159.2,2026-08-04T20:31:14.927264+00:00,arms,right_elbow_flex,2171,40,18,162,2097,2166
159.2,2026-08-04T20:31:14.927264+00:00,arms,right_wrist_flex,1995,36,1,52,1976,1994
159.2,2026-08-04T20:31:14.927264+00:00,arms,right_wrist_roll,2109,35,0,1048,2114,2109
159.2,2026-08-04T20:31:14.927264+00:00,arms,right_gripper,2079,38,0,0,2079,2079
159.2,2026-08-04T20:31:14.927264+00:00,head,head_motor_1,2158,25,0,0,,
159.2,2026-08-04T20:31:14.927264+00:00,head,head_motor_2,1943,27,0,0,,
159.2,2026-08-04T20:31:14.927264+00:00,head,base_left_wheel,3461,27,0,0,,
159.2,2026-08-04T20:31:14.927264+00:00,head,base_back_wheel,3496,27,0,0,,
159.2,2026-08-04T20:31:14.927264+00:00,head,base_right_wheel,2173,26,0,0,,
160.2,2026-08-04T20:31:15.928712+00:00,arms,left_shoulder_pan,1857,36,0,0,1857,1857
160.2,2026-08-04T20:31:15.928712+00:00,arms,left_shoulder_lift,2403,34,3,68,2389,2403
160.2,2026-08-04T20:31:15.928712+00:00,arms,left_elbow_flex,1644,34,3,72,1629,1644
160.2,2026-08-04T20:31:15.928712+00:00,arms,left_wrist_flex,2172,34,1,24,2169,2172
160.2,2026-08-04T20:31:15.928712+00:00,arms,left_wrist_roll,1987,33,1,1044,1989,1987
160.2,2026-08-04T20:31:15.928712+00:00,arms,left_gripper,2013,37,0,0,2014,2013
160.2,2026-08-04T20:31:15.928712+00:00,arms,right_shoulder_pan,1965,37,1,1056,1974,1965
160.2,2026-08-04T20:31:15.928712+00:00,arms,right_shoulder_lift,2163,41,36,242,2049,2157
160.2,2026-08-04T20:31:15.928712+00:00,arms,right_elbow_flex,2171,40,21,162,2097,2166
160.2,2026-08-04T20:31:15.928712+00:00,arms,right_wrist_flex,1995,36,1,52,1976,1994
160.2,2026-08-04T20:31:15.928712+00:00,arms,right_wrist_roll,2109,35,0,1048,2114,2109
160.2,2026-08-04T20:31:15.928712+00:00,arms,right_gripper,2079,38,0,0,2079,2079
160.2,2026-08-04T20:31:15.928712+00:00,head,head_motor_1,2158,25,0,0,,
160.2,2026-08-04T20:31:15.928712+00:00,head,head_motor_2,1943,27,0,0,,
160.2,2026-08-04T20:31:15.928712+00:00,head,base_left_wheel,3461,27,0,0,,
160.2,2026-08-04T20:31:15.928712+00:00,head,base_back_wheel,3496,27,0,0,,
160.2,2026-08-04T20:31:15.928712+00:00,head,base_right_wheel,2173,26,0,0,,
161.2,2026-08-04T20:31:16.930188+00:00,arms,left_shoulder_pan,1857,36,0,0,1857,1857
161.2,2026-08-04T20:31:16.930188+00:00,arms,left_shoulder_lift,2403,34,3,68,2389,2403
161.2,2026-08-04T20:31:16.930188+00:00,arms,left_elbow_flex,1644,34,3,72,1629,1644
161.2,2026-08-04T20:31:16.930188+00:00,arms,left_wrist_flex,2172,34,1,24,2169,2172
161.2,2026-08-04T20:31:16.930188+00:00,arms,left_wrist_roll,1987,33,1,1044,1989,1987
161.2,2026-08-04T20:31:16.930188+00:00,arms,left_gripper,2013,37,0,0,2014,2013
161.2,2026-08-04T20:31:16.930188+00:00,arms,right_shoulder_pan,1965,37,0,1056,1974,1965
161.2,2026-08-04T20:31:16.930188+00:00,arms,right_shoulder_lift,2163,41,28,242,2049,2157
161.2,2026-08-04T20:31:16.930188+00:00,arms,right_elbow_flex,2171,40,14,162,2097,2166
161.2,2026-08-04T20:31:16.930188+00:00,arms,right_wrist_flex,1995,36,2,52,1976,1994
161.2,2026-08-04T20:31:16.930188+00:00,arms,right_wrist_roll,2109,35,0,1048,2114,2109
161.2,2026-08-04T20:31:16.930188+00:00,arms,right_gripper,2079,38,0,0,2079,2079
161.2,2026-08-04T20:31:16.930188+00:00,head,head_motor_1,2158,25,0,0,,
161.2,2026-08-04T20:31:16.930188+00:00,head,head_motor_2,1943,27,0,0,,
161.2,2026-08-04T20:31:16.930188+00:00,head,base_left_wheel,3461,27,0,0,,
161.2,2026-08-04T20:31:16.930188+00:00,head,base_back_wheel,3496,27,0,0,,
161.2,2026-08-04T20:31:16.930188+00:00,head,base_right_wheel,2173,26,0,0,,
162.2,2026-08-04T20:31:17.931278+00:00,arms,left_shoulder_pan,1857,36,0,0,1857,1857
162.2,2026-08-04T20:31:17.931278+00:00,arms,left_shoulder_lift,2403,34,4,68,2389,2403
162.2,2026-08-04T20:31:17.931278+00:00,arms,left_elbow_flex,1644,34,3,72,1629,1644
162.2,2026-08-04T20:31:17.931278+00:00,arms,left_wrist_flex,2172,34,0,24,2169,2172
162.2,2026-08-04T20:31:17.931278+00:00,arms,left_wrist_roll,1987,33,1,1044,1989,1987
162.2,2026-08-04T20:31:17.931278+00:00,arms,left_gripper,2013,37,0,0,2014,2013
162.2,2026-08-04T20:31:17.931278+00:00,arms,right_shoulder_pan,1965,37,1,1056,1974,1965
162.2,2026-08-04T20:31:17.931278+00:00,arms,right_shoulder_lift,2163,41,32,242,2049,2157
162.2,2026-08-04T20:31:17.931278+00:00,arms,right_elbow_flex,2171,40,22,162,2097,2166
162.2,2026-08-04T20:31:17.931278+00:00,arms,right_wrist_flex,1995,36,2,52,1976,1994
162.2,2026-08-04T20:31:17.931278+00:00,arms,right_wrist_roll,2109,35,1,1048,2114,2109
162.2,2026-08-04T20:31:17.931278+00:00,arms,right_gripper,2079,38,0,0,2079,2079
162.2,2026-08-04T20:31:17.931278+00:00,head,head_motor_1,2158,25,0,0,,
162.2,2026-08-04T20:31:17.931278+00:00,head,head_motor_2,1943,27,0,0,,
162.2,2026-08-04T20:31:17.931278+00:00,head,base_left_wheel,3461,27,0,0,,
162.2,2026-08-04T20:31:17.931278+00:00,head,base_back_wheel,3496,27,0,0,,
162.2,2026-08-04T20:31:17.931278+00:00,head,base_right_wheel,2173,26,0,0,,
163.2,2026-08-04T20:31:18.932345+00:00,arms,left_shoulder_pan,1857,36,0,0,1857,1857
163.2,2026-08-04T20:31:18.932345+00:00,arms,left_shoulder_lift,2403,34,4,68,2389,2403
163.2,2026-08-04T20:31:18.932345+00:00,arms,left_elbow_flex,1644,34,3,72,1629,1644
163.2,2026-08-04T20:31:18.932345+00:00,arms,left_wrist_flex,2172,34,0,24,2169,2172
163.2,2026-08-04T20:31:18.932345+00:00,arms,left_wrist_roll,1987,33,0,1044,1989,1987
163.2,2026-08-04T20:31:18.932345+00:00,arms,left_gripper,2013,37,0,0,2014,2013
163.2,2026-08-04T20:31:18.932345+00:00,arms,right_shoulder_pan,1965,37,1,1056,1974,1965
163.2,2026-08-04T20:31:18.932345+00:00,arms,right_shoulder_lift,2163,41,31,242,2049,2157
163.2,2026-08-04T20:31:18.932345+00:00,arms,right_elbow_flex,2171,40,20,162,2097,2166
163.2,2026-08-04T20:31:18.932345+00:00,arms,right_wrist_flex,1995,36,2,52,1976,1994
163.2,2026-08-04T20:31:18.932345+00:00,arms,right_wrist_roll,2109,35,1,1048,2114,2109
163.2,2026-08-04T20:31:18.932345+00:00,arms,right_gripper,2079,38,0,0,2079,2079
163.2,2026-08-04T20:31:18.932345+00:00,head,head_motor_1,2158,25,0,0,,
163.2,2026-08-04T20:31:18.932345+00:00,head,head_motor_2,1943,27,0,0,,
163.2,2026-08-04T20:31:18.932345+00:00,head,base_left_wheel,3461,27,0,0,,
163.2,2026-08-04T20:31:18.932345+00:00,head,base_back_wheel,3496,27,0,0,,
163.2,2026-08-04T20:31:18.932345+00:00,head,base_right_wheel,2173,26,0,0,,
164.2,2026-08-04T20:31:19.933445+00:00,arms,left_shoulder_pan,1857,36,0,0,1857,1857
164.2,2026-08-04T20:31:19.933445+00:00,arms,left_shoulder_lift,2403,34,4,68,2389,2403
164.2,2026-08-04T20:31:19.933445+00:00,arms,left_elbow_flex,1644,34,3,72,1629,1644
164.2,2026-08-04T20:31:19.933445+00:00,arms,left_wrist_flex,2172,34,1,24,2169,2172
164.2,2026-08-04T20:31:19.933445+00:00,arms,left_wrist_roll,1987,33,0,1044,1989,1987
164.2,2026-08-04T20:31:19.933445+00:00,arms,left_gripper,2013,37,0,0,2014,2013
164.2,2026-08-04T20:31:19.933445+00:00,arms,right_shoulder_pan,1965,37,1,1056,1974,1965
164.2,2026-08-04T20:31:19.933445+00:00,arms,right_shoulder_lift,2163,41,31,242,2049,2157
164.2,2026-08-04T20:31:19.933445+00:00,arms,right_elbow_flex,2171,40,22,162,2097,2166
164.2,2026-08-04T20:31:19.933445+00:00,arms,right_wrist_flex,1995,36,1,52,1976,1994
164.2,2026-08-04T20:31:19.933445+00:00,arms,right_wrist_roll,2109,35,0,1048,2114,2109
164.2,2026-08-04T20:31:19.933445+00:00,arms,right_gripper,2079,38,0,0,2079,2079
164.2,2026-08-04T20:31:19.933445+00:00,head,head_motor_1,2158,25,0,0,,
164.2,2026-08-04T20:31:19.933445+00:00,head,head_motor_2,1943,27,0,0,,
164.2,2026-08-04T20:31:19.933445+00:00,head,base_left_wheel,3461,27,0,0,,
164.2,2026-08-04T20:31:19.933445+00:00,head,base_back_wheel,3496,27,0,0,,
164.2,2026-08-04T20:31:19.933445+00:00,head,base_right_wheel,2173,26,0,0,,
165.2,2026-08-04T20:31:20.934529+00:00,arms,left_shoulder_pan,1857,36,0,0,1857,1857
165.2,2026-08-04T20:31:20.934529+00:00,arms,left_shoulder_lift,2403,34,4,68,2389,2403
165.2,2026-08-04T20:31:20.934529+00:00,arms,left_elbow_flex,1644,34,3,72,1629,1644
165.2,2026-08-04T20:31:20.934529+00:00,arms,left_wrist_flex,2172,34,0,24,2169,2172
165.2,2026-08-04T20:31:20.934529+00:00,arms,left_wrist_roll,1987,33,0,1044,1989,1987
165.2,2026-08-04T20:31:20.934529+00:00,arms,left_gripper,2013,37,0,0,2014,2013
165.2,2026-08-04T20:31:20.934529+00:00,arms,right_shoulder_pan,1965,37,0,1056,1974,1965
165.2,2026-08-04T20:31:20.934529+00:00,arms,right_shoulder_lift,2163,41,33,242,2049,2157
165.2,2026-08-04T20:31:20.934529+00:00,arms,right_elbow_flex,2171,40,16,162,2097,2166
165.2,2026-08-04T20:31:20.934529+00:00,arms,right_wrist_flex,1995,36,2,52,1976,1994
165.2,2026-08-04T20:31:20.934529+00:00,arms,right_wrist_roll,2109,35,0,1048,2114,2109
165.2,2026-08-04T20:31:20.934529+00:00,arms,right_gripper,2079,38,0,0,2079,2079
165.2,2026-08-04T20:31:20.934529+00:00,head,head_motor_1,2158,25,0,0,,
165.2,2026-08-04T20:31:20.934529+00:00,head,head_motor_2,1943,27,0,0,,
165.2,2026-08-04T20:31:20.934529+00:00,head,base_left_wheel,3461,27,0,0,,
165.2,2026-08-04T20:31:20.934529+00:00,head,base_back_wheel,3496,27,0,0,,
165.2,2026-08-04T20:31:20.934529+00:00,head,base_right_wheel,2173,26,0,0,,
166.2,2026-08-04T20:31:21.935994+00:00,arms,left_shoulder_pan,1857,36,0,0,1857,1857
166.2,2026-08-04T20:31:21.935994+00:00,arms,left_shoulder_lift,2403,34,4,68,2389,2403
166.2,2026-08-04T20:31:21.935994+00:00,arms,left_elbow_flex,1644,35,3,72,1629,1644
166.2,2026-08-04T20:31:21.935994+00:00,arms,left_wrist_flex,2172,34,0,24,2169,2172
166.2,2026-08-04T20:31:21.935994+00:00,arms,left_wrist_roll,1987,33,0,1044,1989,1987
166.2,2026-08-04T20:31:21.935994+00:00,arms,left_gripper,2013,37,0,0,2014,2013
166.2,2026-08-04T20:31:21.935994+00:00,arms,right_shoulder_pan,1965,37,1,1056,1974,1965
166.2,2026-08-04T20:31:21.935994+00:00,arms,right_shoulder_lift,2163,41,34,242,2049,2157
166.2,2026-08-04T20:31:21.935994+00:00,arms,right_elbow_flex,2171,40,20,162,2097,2166
166.2,2026-08-04T20:31:21.935994+00:00,arms,right_wrist_flex,1995,36,2,52,1976,1994
166.2,2026-08-04T20:31:21.935994+00:00,arms,right_wrist_roll,2109,35,1,1048,2114,2109
166.2,2026-08-04T20:31:21.935994+00:00,arms,right_gripper,2079,38,0,0,2079,2079
166.2,2026-08-04T20:31:21.935994+00:00,head,head_motor_1,2158,25,0,0,,
166.2,2026-08-04T20:31:21.935994+00:00,head,head_motor_2,1943,27,0,0,,
166.2,2026-08-04T20:31:21.935994+00:00,head,base_left_wheel,3461,29,0,0,,
166.2,2026-08-04T20:31:21.935994+00:00,head,base_back_wheel,3496,27,0,0,,
166.2,2026-08-04T20:31:21.935994+00:00,head,base_right_wheel,2173,26,0,0,,
167.2,2026-08-04T20:31:22.937084+00:00,arms,left_shoulder_pan,1857,36,0,0,1857,1857
167.2,2026-08-04T20:31:22.937084+00:00,arms,left_shoulder_lift,2403,34,4,68,2389,2403
167.2,2026-08-04T20:31:22.937084+00:00,arms,left_elbow_flex,1644,34,3,72,1629,1644
167.2,2026-08-04T20:31:22.937084+00:00,arms,left_wrist_flex,2172,34,0,24,2169,2172
167.2,2026-08-04T20:31:22.937084+00:00,arms,left_wrist_roll,1987,33,1,1044,1989,1987
167.2,2026-08-04T20:31:22.937084+00:00,arms,left_gripper,2013,37,0,0,2014,2013
167.2,2026-08-04T20:31:22.937084+00:00,arms,right_shoulder_pan,1965,37,1,1056,1974,1965
167.2,2026-08-04T20:31:22.937084+00:00,arms,right_shoulder_lift,2163,42,36,242,2049,2157
167.2,2026-08-04T20:31:22.937084+00:00,arms,right_elbow_flex,2171,40,21,162,2097,2166
167.2,2026-08-04T20:31:22.937084+00:00,arms,right_wrist_flex,1995,36,1,52,1976,1994
167.2,2026-08-04T20:31:22.937084+00:00,arms,right_wrist_roll,2109,35,0,1048,2114,2109
167.2,2026-08-04T20:31:22.937084+00:00,arms,right_gripper,2079,38,0,0,2079,2079
167.2,2026-08-04T20:31:22.937084+00:00,head,head_motor_1,2158,25,0,0,,
167.2,2026-08-04T20:31:22.937084+00:00,head,head_motor_2,1943,27,0,0,,
167.2,2026-08-04T20:31:22.937084+00:00,head,base_left_wheel,3461,27,0,0,,
167.2,2026-08-04T20:31:22.937084+00:00,head,base_back_wheel,3496,27,0,0,,
167.2,2026-08-04T20:31:22.937084+00:00,head,base_right_wheel,2173,26,0,0,,
168.2,2026-08-04T20:31:23.938169+00:00,arms,left_shoulder_pan,1857,36,0,0,1857,1857
168.2,2026-08-04T20:31:23.938169+00:00,arms,left_shoulder_lift,2403,34,4,68,2389,2403
168.2,2026-08-04T20:31:23.938169+00:00,arms,left_elbow_flex,1644,34,3,72,1629,1644
168.2,2026-08-04T20:31:23.938169+00:00,arms,left_wrist_flex,2172,34,0,24,2169,2172
168.2,2026-08-04T20:31:23.938169+00:00,arms,left_wrist_roll,1987,33,0,1044,1989,1987
168.2,2026-08-04T20:31:23.938169+00:00,arms,left_gripper,2013,37,0,0,2014,2013
168.2,2026-08-04T20:31:23.938169+00:00,arms,right_shoulder_pan,1965,37,0,1056,1974,1965
168.2,2026-08-04T20:31:23.938169+00:00,arms,right_shoulder_lift,2163,41,28,242,2049,2157
168.2,2026-08-04T20:31:23.938169+00:00,arms,right_elbow_flex,2171,40,21,162,2097,2166
168.2,2026-08-04T20:31:23.938169+00:00,arms,right_wrist_flex,1995,36,1,52,1976,1994
168.2,2026-08-04T20:31:23.938169+00:00,arms,right_wrist_roll,2109,35,0,1048,2114,2109
168.2,2026-08-04T20:31:23.938169+00:00,arms,right_gripper,2079,38,0,0,2079,2079
168.2,2026-08-04T20:31:23.938169+00:00,head,head_motor_1,2158,25,0,0,,
168.2,2026-08-04T20:31:23.938169+00:00,head,head_motor_2,1943,27,0,0,,
168.2,2026-08-04T20:31:23.938169+00:00,head,base_left_wheel,3461,27,0,0,,
168.2,2026-08-04T20:31:23.938169+00:00,head,base_back_wheel,3496,27,0,0,,
168.2,2026-08-04T20:31:23.938169+00:00,head,base_right_wheel,2173,26,0,0,,
169.2,2026-08-04T20:31:24.939629+00:00,arms,left_shoulder_pan,1857,36,0,0,1857,1857
169.2,2026-08-04T20:31:24.939629+00:00,arms,left_shoulder_lift,2403,34,3,68,2389,2403
169.2,2026-08-04T20:31:24.939629+00:00,arms,left_elbow_flex,1644,34,3,72,1629,1644
169.2,2026-08-04T20:31:24.939629+00:00,arms,left_wrist_flex,2172,34,0,24,2169,2172
169.2,2026-08-04T20:31:24.939629+00:00,arms,left_wrist_roll,1987,33,0,1044,1989,1987
169.2,2026-08-04T20:31:24.939629+00:00,arms,left_gripper,2013,37,0,0,2014,2013
169.2,2026-08-04T20:31:24.939629+00:00,arms,right_shoulder_pan,1965,37,1,1056,1974,1965
169.2,2026-08-04T20:31:24.939629+00:00,arms,right_shoulder_lift,2163,42,31,242,2049,2157
169.2,2026-08-04T20:31:24.939629+00:00,arms,right_elbow_flex,2171,40,14,162,2097,2166
169.2,2026-08-04T20:31:24.939629+00:00,arms,right_wrist_flex,1995,36,1,52,1976,1994
169.2,2026-08-04T20:31:24.939629+00:00,arms,right_wrist_roll,2109,35,0,1048,2114,2109
169.2,2026-08-04T20:31:24.939629+00:00,arms,right_gripper,2079,38,0,0,2079,2079
169.2,2026-08-04T20:31:24.939629+00:00,head,head_motor_1,2158,25,0,0,,
169.2,2026-08-04T20:31:24.939629+00:00,head,head_motor_2,1943,27,0,0,,
169.2,2026-08-04T20:31:24.939629+00:00,head,base_left_wheel,3461,27,0,0,,
169.2,2026-08-04T20:31:24.939629+00:00,head,base_back_wheel,3496,27,0,0,,
169.2,2026-08-04T20:31:24.939629+00:00,head,base_right_wheel,2173,26,0,0,,
170.2,2026-08-04T20:31:25.940717+00:00,arms,left_shoulder_pan,1857,36,0,0,1857,1857
170.2,2026-08-04T20:31:25.940717+00:00,arms,left_shoulder_lift,2403,34,3,68,2389,2403
170.2,2026-08-04T20:31:25.940717+00:00,arms,left_elbow_flex,1644,34,3,72,1629,1644
170.2,2026-08-04T20:31:25.940717+00:00,arms,left_wrist_flex,2172,34,0,24,2169,2172
170.2,2026-08-04T20:31:25.940717+00:00,arms,left_wrist_roll,1987,33,0,1044,1989,1987
170.2,2026-08-04T20:31:25.940717+00:00,arms,left_gripper,2013,37,0,0,2014,2013
170.2,2026-08-04T20:31:25.940717+00:00,arms,right_shoulder_pan,1965,37,1,1056,1974,1965
170.2,2026-08-04T20:31:25.940717+00:00,arms,right_shoulder_lift,2163,42,32,242,2049,2157
170.2,2026-08-04T20:31:25.940717+00:00,arms,right_elbow_flex,2171,40,16,162,2097,2166
170.2,2026-08-04T20:31:25.940717+00:00,arms,right_wrist_flex,1995,36,1,52,1976,1994
170.2,2026-08-04T20:31:25.940717+00:00,arms,right_wrist_roll,2109,35,1,1048,2114,2109
170.2,2026-08-04T20:31:25.940717+00:00,arms,right_gripper,2079,38,0,0,2079,2079
170.2,2026-08-04T20:31:25.940717+00:00,head,head_motor_1,2158,25,0,0,,
170.2,2026-08-04T20:31:25.940717+00:00,head,head_motor_2,1943,27,0,0,,
170.2,2026-08-04T20:31:25.940717+00:00,head,base_left_wheel,3461,27,0,0,,
170.2,2026-08-04T20:31:25.940717+00:00,head,base_back_wheel,3496,27,0,0,,
170.2,2026-08-04T20:31:25.940717+00:00,head,base_right_wheel,2173,26,0,0,,
171.2,2026-08-04T20:31:26.942151+00:00,arms,left_shoulder_pan,1857,36,0,0,1857,1857
171.2,2026-08-04T20:31:26.942151+00:00,arms,left_shoulder_lift,2403,34,4,68,2389,2403
171.2,2026-08-04T20:31:26.942151+00:00,arms,left_elbow_flex,1644,34,3,72,1629,1644
171.2,2026-08-04T20:31:26.942151+00:00,arms,left_wrist_flex,2172,34,0,24,2169,2172
171.2,2026-08-04T20:31:26.942151+00:00,arms,left_wrist_roll,1987,33,0,1044,1989,1987
171.2,2026-08-04T20:31:26.942151+00:00,arms,left_gripper,2013,37,0,0,2014,2013
171.2,2026-08-04T20:31:26.942151+00:00,arms,right_shoulder_pan,1965,37,1,1056,1974,1965
171.2,2026-08-04T20:31:26.942151+00:00,arms,right_shoulder_lift,2163,42,33,242,2049,2157
171.2,2026-08-04T20:31:26.942151+00:00,arms,right_elbow_flex,2171,40,15,162,2097,2166
171.2,2026-08-04T20:31:26.942151+00:00,arms,right_wrist_flex,1995,36,2,52,1976,1994
171.2,2026-08-04T20:31:26.942151+00:00,arms,right_wrist_roll,2109,35,0,1048,2114,2109
171.2,2026-08-04T20:31:26.942151+00:00,arms,right_gripper,2079,38,0,0,2079,2079
171.2,2026-08-04T20:31:26.942151+00:00,head,head_motor_1,2158,26,0,0,,
171.2,2026-08-04T20:31:26.942151+00:00,head,head_motor_2,1943,27,0,0,,
171.2,2026-08-04T20:31:26.942151+00:00,head,base_left_wheel,3461,27,0,0,,
171.2,2026-08-04T20:31:26.942151+00:00,head,base_back_wheel,3496,27,0,0,,
171.2,2026-08-04T20:31:26.942151+00:00,head,base_right_wheel,2173,26,0,0,,
172.2,2026-08-04T20:31:27.943598+00:00,arms,left_shoulder_pan,1857,36,0,0,1857,1857
172.2,2026-08-04T20:31:27.943598+00:00,arms,left_shoulder_lift,2403,34,4,68,2389,2403
172.2,2026-08-04T20:31:27.943598+00:00,arms,left_elbow_flex,1644,34,3,72,1629,1644
172.2,2026-08-04T20:31:27.943598+00:00,arms,left_wrist_flex,2172,34,0,24,2169,2172
172.2,2026-08-04T20:31:27.943598+00:00,arms,left_wrist_roll,1987,33,0,1044,1989,1987
172.2,2026-08-04T20:31:27.943598+00:00,arms,left_gripper,2013,37,0,0,2014,2013
172.2,2026-08-04T20:31:27.943598+00:00,arms,right_shoulder_pan,1965,37,1,1056,1974,1965
172.2,2026-08-04T20:31:27.943598+00:00,arms,right_shoulder_lift,2163,42,37,242,2049,2157
172.2,2026-08-04T20:31:27.943598+00:00,arms,right_elbow_flex,2171,40,14,162,2097,2166
172.2,2026-08-04T20:31:27.943598+00:00,arms,right_wrist_flex,1995,36,1,52,1976,1994
172.2,2026-08-04T20:31:27.943598+00:00,arms,right_wrist_roll,2109,35,1,1048,2114,2109
172.2,2026-08-04T20:31:27.943598+00:00,arms,right_gripper,2079,38,0,0,2079,2079
172.2,2026-08-04T20:31:27.943598+00:00,head,head_motor_1,2158,25,0,0,,
172.2,2026-08-04T20:31:27.943598+00:00,head,head_motor_2,1943,27,0,0,,
172.2,2026-08-04T20:31:27.943598+00:00,head,base_left_wheel,3461,27,0,0,,
172.2,2026-08-04T20:31:27.943598+00:00,head,base_back_wheel,3496,27,0,0,,
172.2,2026-08-04T20:31:27.943598+00:00,head,base_right_wheel,2173,26,0,0,,
173.2,2026-08-04T20:31:28.945154+00:00,arms,left_shoulder_pan,1857,36,0,0,1857,1857
173.2,2026-08-04T20:31:28.945154+00:00,arms,left_shoulder_lift,2403,34,4,68,2389,2403
173.2,2026-08-04T20:31:28.945154+00:00,arms,left_elbow_flex,1644,34,3,72,1629,1644
173.2,2026-08-04T20:31:28.945154+00:00,arms,left_wrist_flex,2172,34,0,24,2169,2172
173.2,2026-08-04T20:31:28.945154+00:00,arms,left_wrist_roll,1987,33,0,1044,1989,1987
173.2,2026-08-04T20:31:28.945154+00:00,arms,left_gripper,2013,37,0,0,2014,2013
173.2,2026-08-04T20:31:28.945154+00:00,arms,right_shoulder_pan,1965,37,1,1056,1974,1965
173.2,2026-08-04T20:31:28.945154+00:00,arms,right_shoulder_lift,2163,42,28,242,2049,2157
173.2,2026-08-04T20:31:28.945154+00:00,arms,right_elbow_flex,2171,40,21,162,2097,2166
173.2,2026-08-04T20:31:28.945154+00:00,arms,right_wrist_flex,1995,36,2,52,1976,1994
173.2,2026-08-04T20:31:28.945154+00:00,arms,right_wrist_roll,2109,35,0,1048,2114,2109
173.2,2026-08-04T20:31:28.945154+00:00,arms,right_gripper,2079,38,0,0,2079,2079
173.2,2026-08-04T20:31:28.945154+00:00,head,head_motor_1,2158,25,0,0,,
173.2,2026-08-04T20:31:28.945154+00:00,head,head_motor_2,1943,27,0,0,,
173.2,2026-08-04T20:31:28.945154+00:00,head,base_left_wheel,3461,27,0,0,,
173.2,2026-08-04T20:31:28.945154+00:00,head,base_back_wheel,3496,27,0,0,,
173.2,2026-08-04T20:31:28.945154+00:00,head,base_right_wheel,2173,26,0,0,,
174.2,2026-08-04T20:31:29.946636+00:00,arms,left_shoulder_pan,1857,36,0,0,1857,1857
174.2,2026-08-04T20:31:29.946636+00:00,arms,left_shoulder_lift,2403,34,3,68,2389,2403
174.2,2026-08-04T20:31:29.946636+00:00,arms,left_elbow_flex,1644,34,3,72,1629,1644
174.2,2026-08-04T20:31:29.946636+00:00,arms,left_wrist_flex,2172,34,0,24,2169,2172
174.2,2026-08-04T20:31:29.946636+00:00,arms,left_wrist_roll,1987,33,0,1044,1989,1987
174.2,2026-08-04T20:31:29.946636+00:00,arms,left_gripper,2013,37,0,0,2014,2013
174.2,2026-08-04T20:31:29.946636+00:00,arms,right_shoulder_pan,1965,37,1,1056,1974,1965
174.2,2026-08-04T20:31:29.946636+00:00,arms,right_shoulder_lift,2163,42,30,242,2049,2157
174.2,2026-08-04T20:31:29.946636+00:00,arms,right_elbow_flex,2171,40,16,162,2097,2166
174.2,2026-08-04T20:31:29.946636+00:00,arms,right_wrist_flex,1995,36,1,52,1976,1994
174.2,2026-08-04T20:31:29.946636+00:00,arms,right_wrist_roll,2109,35,0,1048,2114,2109
174.2,2026-08-04T20:31:29.946636+00:00,arms,right_gripper,2079,38,0,0,2079,2079
174.2,2026-08-04T20:31:29.946636+00:00,head,head_motor_1,2158,25,0,0,,
174.2,2026-08-04T20:31:29.946636+00:00,head,head_motor_2,1943,27,0,0,,
174.2,2026-08-04T20:31:29.946636+00:00,head,base_left_wheel,3461,27,0,0,,
174.2,2026-08-04T20:31:29.946636+00:00,head,base_back_wheel,3496,27,0,0,,
174.2,2026-08-04T20:31:29.946636+00:00,head,base_right_wheel,2173,26,0,0,,
175.2,2026-08-04T20:31:30.947730+00:00,arms,left_shoulder_pan,1857,36,0,0,1857,1857
175.2,2026-08-04T20:31:30.947730+00:00,arms,left_shoulder_lift,2403,34,4,68,2389,2403
175.2,2026-08-04T20:31:30.947730+00:00,arms,left_elbow_flex,1644,34,2,72,1629,1644
175.2,2026-08-04T20:31:30.947730+00:00,arms,left_wrist_flex,2172,34,0,24,2169,2172
175.2,2026-08-04T20:31:30.947730+00:00,arms,left_wrist_roll,1987,33,0,1044,1989,1987
175.2,2026-08-04T20:31:30.947730+00:00,arms,left_gripper,2013,37,0,0,2014,2013
175.2,2026-08-04T20:31:30.947730+00:00,arms,right_shoulder_pan,1965,37,1,1056,1974,1965
175.2,2026-08-04T20:31:30.947730+00:00,arms,right_shoulder_lift,2163,42,34,242,2049,2157
175.2,2026-08-04T20:31:30.947730+00:00,arms,right_elbow_flex,2171,40,21,162,2097,2166
175.2,2026-08-04T20:31:30.947730+00:00,arms,right_wrist_flex,1995,36,2,52,1976,1994
175.2,2026-08-04T20:31:30.947730+00:00,arms,right_wrist_roll,2109,35,0,1048,2114,2109
175.2,2026-08-04T20:31:30.947730+00:00,arms,right_gripper,2079,38,0,0,2079,2079
175.2,2026-08-04T20:31:30.947730+00:00,head,head_motor_1,2158,25,0,0,,
175.2,2026-08-04T20:31:30.947730+00:00,head,head_motor_2,1943,27,0,0,,
175.2,2026-08-04T20:31:30.947730+00:00,head,base_left_wheel,3461,27,0,0,,
175.2,2026-08-04T20:31:30.947730+00:00,head,base_back_wheel,3496,27,0,0,,
175.2,2026-08-04T20:31:30.947730+00:00,head,base_right_wheel,2173,26,0,0,,
176.2,2026-08-04T20:31:31.948834+00:00,arms,left_shoulder_pan,1857,36,0,0,1857,1857
176.2,2026-08-04T20:31:31.948834+00:00,arms,left_shoulder_lift,2403,34,4,68,2389,2403
176.2,2026-08-04T20:31:31.948834+00:00,arms,left_elbow_flex,1644,34,2,72,1629,1644
176.2,2026-08-04T20:31:31.948834+00:00,arms,left_wrist_flex,2172,34,1,24,2169,2172
176.2,2026-08-04T20:31:31.948834+00:00,arms,left_wrist_roll,1987,33,0,1044,1989,1987
176.2,2026-08-04T20:31:31.948834+00:00,arms,left_gripper,2013,37,0,0,2014,2013
176.2,2026-08-04T20:31:31.948834+00:00,arms,right_shoulder_pan,1965,37,0,1056,1974,1965
176.2,2026-08-04T20:31:31.948834+00:00,arms,right_shoulder_lift,2163,42,38,242,2049,2157
176.2,2026-08-04T20:31:31.948834+00:00,arms,right_elbow_flex,2171,40,21,162,2097,2166
176.2,2026-08-04T20:31:31.948834+00:00,arms,right_wrist_flex,1995,36,2,52,1976,1994
176.2,2026-08-04T20:31:31.948834+00:00,arms,right_wrist_roll,2109,35,1,1048,2114,2109
176.2,2026-08-04T20:31:31.948834+00:00,arms,right_gripper,2079,38,0,0,2079,2079
176.2,2026-08-04T20:31:31.948834+00:00,head,head_motor_1,2158,25,0,0,,
176.2,2026-08-04T20:31:31.948834+00:00,head,head_motor_2,1943,27,0,0,,
176.2,2026-08-04T20:31:31.948834+00:00,head,base_left_wheel,3461,27,0,0,,
176.2,2026-08-04T20:31:31.948834+00:00,head,base_back_wheel,3496,27,0,0,,
176.2,2026-08-04T20:31:31.948834+00:00,head,base_right_wheel,2173,26,0,0,,
177.2,2026-08-04T20:31:32.949943+00:00,arms,left_shoulder_pan,1857,36,0,0,1857,1857
177.2,2026-08-04T20:31:32.949943+00:00,arms,left_shoulder_lift,2403,34,4,68,2389,2403
177.2,2026-08-04T20:31:32.949943+00:00,arms,left_elbow_flex,1644,34,3,72,1629,1644
177.2,2026-08-04T20:31:32.949943+00:00,arms,left_wrist_flex,2172,34,1,24,2169,2172
177.2,2026-08-04T20:31:32.949943+00:00,arms,left_wrist_roll,1987,33,1,1044,1989,1987
177.2,2026-08-04T20:31:32.949943+00:00,arms,left_gripper,2013,37,0,0,2014,2013
177.2,2026-08-04T20:31:32.949943+00:00,arms,right_shoulder_pan,1965,37,1,1056,1974,1965
177.2,2026-08-04T20:31:32.949943+00:00,arms,right_shoulder_lift,2163,42,36,242,2049,2157
177.2,2026-08-04T20:31:32.949943+00:00,arms,right_elbow_flex,2171,40,21,162,2097,2166
177.2,2026-08-04T20:31:32.949943+00:00,arms,right_wrist_flex,1995,36,1,52,1976,1994
177.2,2026-08-04T20:31:32.949943+00:00,arms,right_wrist_roll,2109,35,0,1048,2114,2109
177.2,2026-08-04T20:31:32.949943+00:00,arms,right_gripper,2079,38,0,0,2079,2079
177.2,2026-08-04T20:31:32.949943+00:00,head,head_motor_1,2158,25,0,0,,
177.2,2026-08-04T20:31:32.949943+00:00,head,head_motor_2,1943,27,0,0,,
177.2,2026-08-04T20:31:32.949943+00:00,head,base_left_wheel,3461,27,0,0,,
177.2,2026-08-04T20:31:32.949943+00:00,head,base_back_wheel,3496,27,0,0,,
177.2,2026-08-04T20:31:32.949943+00:00,head,base_right_wheel,2173,26,0,0,,
178.2,2026-08-04T20:31:33.951006+00:00,arms,left_shoulder_pan,1857,36,0,0,1857,1857
178.2,2026-08-04T20:31:33.951006+00:00,arms,left_shoulder_lift,2403,34,3,68,2389,2403
178.2,2026-08-04T20:31:33.951006+00:00,arms,left_elbow_flex,1644,34,3,72,1629,1644
178.2,2026-08-04T20:31:33.951006+00:00,arms,left_wrist_flex,2172,34,0,24,2169,2172
178.2,2026-08-04T20:31:33.951006+00:00,arms,left_wrist_roll,1987,33,1,1044,1989,1987
178.2,2026-08-04T20:31:33.951006+00:00,arms,left_gripper,2013,37,0,0,2014,2013
178.2,2026-08-04T20:31:33.951006+00:00,arms,right_shoulder_pan,1965,37,1,1056,1974,1965
178.2,2026-08-04T20:31:33.951006+00:00,arms,right_shoulder_lift,2163,42,39,242,2049,2157
178.2,2026-08-04T20:31:33.951006+00:00,arms,right_elbow_flex,2171,40,19,162,2097,2166
178.2,2026-08-04T20:31:33.951006+00:00,arms,right_wrist_flex,1995,36,2,52,1976,1994
178.2,2026-08-04T20:31:33.951006+00:00,arms,right_wrist_roll,2109,35,0,1048,2114,2109
178.2,2026-08-04T20:31:33.951006+00:00,arms,right_gripper,2079,38,0,0,2079,2079
178.2,2026-08-04T20:31:33.951006+00:00,head,head_motor_1,2158,25,0,0,,
178.2,2026-08-04T20:31:33.951006+00:00,head,head_motor_2,1943,27,0,0,,
178.2,2026-08-04T20:31:33.951006+00:00,head,base_left_wheel,3461,27,1,0,,
178.2,2026-08-04T20:31:33.951006+00:00,head,base_back_wheel,3496,27,0,0,,
178.2,2026-08-04T20:31:33.951006+00:00,head,base_right_wheel,2173,26,0,0,,
179.2,2026-08-04T20:31:34.952450+00:00,arms,left_shoulder_pan,1857,36,0,0,1857,1857
179.2,2026-08-04T20:31:34.952450+00:00,arms,left_shoulder_lift,2403,34,3,68,2389,2403
179.2,2026-08-04T20:31:34.952450+00:00,arms,left_elbow_flex,1644,34,2,72,1629,1644
179.2,2026-08-04T20:31:34.952450+00:00,arms,left_wrist_flex,2172,34,0,24,2169,2172
179.2,2026-08-04T20:31:34.952450+00:00,arms,left_wrist_roll,1987,33,0,1044,1989,1987
179.2,2026-08-04T20:31:34.952450+00:00,arms,left_gripper,2013,37,0,0,2014,2013
179.2,2026-08-04T20:31:34.952450+00:00,arms,right_shoulder_pan,1965,37,1,1056,1974,1965
179.2,2026-08-04T20:31:34.952450+00:00,arms,right_shoulder_lift,2163,42,29,242,2049,2157
179.2,2026-08-04T20:31:34.952450+00:00,arms,right_elbow_flex,2171,40,14,162,2097,2166
179.2,2026-08-04T20:31:34.952450+00:00,arms,right_wrist_flex,1995,36,2,52,1976,1994
179.2,2026-08-04T20:31:34.952450+00:00,arms,right_wrist_roll,2109,35,0,1048,2114,2109
179.2,2026-08-04T20:31:34.952450+00:00,arms,right_gripper,2079,38,0,0,2079,2079
179.2,2026-08-04T20:31:34.952450+00:00,head,head_motor_1,2158,25,0,0,,
179.2,2026-08-04T20:31:34.952450+00:00,head,head_motor_2,1943,27,0,0,,
179.2,2026-08-04T20:31:34.952450+00:00,head,base_left_wheel,3461,27,0,0,,
179.2,2026-08-04T20:31:34.952450+00:00,head,base_back_wheel,3496,27,0,0,,
179.2,2026-08-04T20:31:34.952450+00:00,head,base_right_wheel,2173,26,0,0,,
180.2,2026-08-04T20:31:35.953507+00:00,arms,left_shoulder_pan,1857,36,0,0,1857,1857
180.2,2026-08-04T20:31:35.953507+00:00,arms,left_shoulder_lift,2403,34,4,68,2389,2403
180.2,2026-08-04T20:31:35.953507+00:00,arms,left_elbow_flex,1644,34,2,72,1629,1644
180.2,2026-08-04T20:31:35.953507+00:00,arms,left_wrist_flex,2172,34,0,24,2169,2172
180.2,2026-08-04T20:31:35.953507+00:00,arms,left_wrist_roll,1987,33,0,1044,1989,1987
180.2,2026-08-04T20:31:35.953507+00:00,arms,left_gripper,2013,37,0,0,2014,2013
180.2,2026-08-04T20:31:35.953507+00:00,arms,right_shoulder_pan,1965,37,1,1056,1974,1965
180.2,2026-08-04T20:31:35.953507+00:00,arms,right_shoulder_lift,2163,42,39,242,2049,2157
180.2,2026-08-04T20:31:35.953507+00:00,arms,right_elbow_flex,2171,40,21,162,2097,2166
180.2,2026-08-04T20:31:35.953507+00:00,arms,right_wrist_flex,1995,36,1,52,1976,1994
180.2,2026-08-04T20:31:35.953507+00:00,arms,right_wrist_roll,2109,35,1,1048,2114,2109
180.2,2026-08-04T20:31:35.953507+00:00,arms,right_gripper,2079,38,0,0,2079,2079
180.2,2026-08-04T20:31:35.953507+00:00,head,head_motor_1,2158,25,0,0,,
180.2,2026-08-04T20:31:35.953507+00:00,head,head_motor_2,1943,27,0,0,,
180.2,2026-08-04T20:31:35.953507+00:00,head,base_left_wheel,3461,26,0,0,,
180.2,2026-08-04T20:31:35.953507+00:00,head,base_back_wheel,3496,27,0,0,,
180.2,2026-08-04T20:31:35.953507+00:00,head,base_right_wheel,2173,26,0,0,,
181.2,2026-08-04T20:31:36.954548+00:00,arms,left_shoulder_pan,1857,36,0,0,1857,1857
181.2,2026-08-04T20:31:36.954548+00:00,arms,left_shoulder_lift,2403,34,3,68,2389,2403
181.2,2026-08-04T20:31:36.954548+00:00,arms,left_elbow_flex,1644,34,3,72,1629,1644
181.2,2026-08-04T20:31:36.954548+00:00,arms,left_wrist_flex,2172,34,0,24,2169,2172
181.2,2026-08-04T20:31:36.954548+00:00,arms,left_wrist_roll,1987,33,1,1044,1989,1987
181.2,2026-08-04T20:31:36.954548+00:00,arms,left_gripper,2013,37,0,0,2014,2013
181.2,2026-08-04T20:31:36.954548+00:00,arms,right_shoulder_pan,1965,37,1,1056,1974,1965
181.2,2026-08-04T20:31:36.954548+00:00,arms,right_shoulder_lift,2163,42,35,242,2049,2157
181.2,2026-08-04T20:31:36.954548+00:00,arms,right_elbow_flex,2171,40,20,162,2097,2166
181.2,2026-08-04T20:31:36.954548+00:00,arms,right_wrist_flex,1995,36,1,52,1976,1994
181.2,2026-08-04T20:31:36.954548+00:00,arms,right_wrist_roll,2109,35,0,1048,2114,2109
181.2,2026-08-04T20:31:36.954548+00:00,arms,right_gripper,2079,38,0,0,2079,2079
181.2,2026-08-04T20:31:36.954548+00:00,head,head_motor_1,2158,25,0,0,,
181.2,2026-08-04T20:31:36.954548+00:00,head,head_motor_2,1943,27,0,0,,
181.2,2026-08-04T20:31:36.954548+00:00,head,base_left_wheel,3461,27,0,0,,
181.2,2026-08-04T20:31:36.954548+00:00,head,base_back_wheel,3496,27,0,0,,
181.2,2026-08-04T20:31:36.954548+00:00,head,base_right_wheel,2173,26,0,0,,
182.2,2026-08-04T20:31:37.955596+00:00,arms,left_shoulder_pan,1857,36,0,0,1857,1857
182.2,2026-08-04T20:31:37.955596+00:00,arms,left_shoulder_lift,2403,34,3,68,2389,2403
182.2,2026-08-04T20:31:37.955596+00:00,arms,left_elbow_flex,1644,34,3,72,1629,1644
182.2,2026-08-04T20:31:37.955596+00:00,arms,left_wrist_flex,2172,34,0,24,2169,2172
182.2,2026-08-04T20:31:37.955596+00:00,arms,left_wrist_roll,1987,33,1,1044,1989,1987
182.2,2026-08-04T20:31:37.955596+00:00,arms,left_gripper,2013,37,0,0,2014,2013
182.2,2026-08-04T20:31:37.955596+00:00,arms,right_shoulder_pan,1965,37,1,1056,1974,1965
182.2,2026-08-04T20:31:37.955596+00:00,arms,right_shoulder_lift,2163,42,30,242,2049,2157
182.2,2026-08-04T20:31:37.955596+00:00,arms,right_elbow_flex,2171,40,20,162,2097,2166
182.2,2026-08-04T20:31:37.955596+00:00,arms,right_wrist_flex,1995,36,1,52,1976,1994
182.2,2026-08-04T20:31:37.955596+00:00,arms,right_wrist_roll,2109,35,0,1048,2114,2109
182.2,2026-08-04T20:31:37.955596+00:00,arms,right_gripper,2079,38,0,0,2079,2079
182.2,2026-08-04T20:31:37.955596+00:00,head,head_motor_1,2158,25,0,0,,
182.2,2026-08-04T20:31:37.955596+00:00,head,head_motor_2,1943,27,0,0,,
182.2,2026-08-04T20:31:37.955596+00:00,head,base_left_wheel,3461,27,0,0,,
182.2,2026-08-04T20:31:37.955596+00:00,head,base_back_wheel,3496,27,0,0,,
182.2,2026-08-04T20:31:37.955596+00:00,head,base_right_wheel,2173,26,0,0,,
183.2,2026-08-04T20:31:38.956646+00:00,arms,left_shoulder_pan,1857,36,0,0,1857,1857
183.2,2026-08-04T20:31:38.956646+00:00,arms,left_shoulder_lift,2403,34,4,68,2389,2403
183.2,2026-08-04T20:31:38.956646+00:00,arms,left_elbow_flex,1644,34,3,72,1629,1644
183.2,2026-08-04T20:31:38.956646+00:00,arms,left_wrist_flex,2172,33,0,24,2169,2172
183.2,2026-08-04T20:31:38.956646+00:00,arms,left_wrist_roll,1987,33,0,1044,1989,1987
183.2,2026-08-04T20:31:38.956646+00:00,arms,left_gripper,2013,37,0,0,2014,2013
183.2,2026-08-04T20:31:38.956646+00:00,arms,right_shoulder_pan,1965,37,1,1056,1974,1965
183.2,2026-08-04T20:31:38.956646+00:00,arms,right_shoulder_lift,2163,42,33,242,2049,2157
183.2,2026-08-04T20:31:38.956646+00:00,arms,right_elbow_flex,2171,40,14,162,2097,2166
183.2,2026-08-04T20:31:38.956646+00:00,arms,right_wrist_flex,1995,36,2,52,1976,1994
183.2,2026-08-04T20:31:38.956646+00:00,arms,right_wrist_roll,2109,35,0,1048,2114,2109
183.2,2026-08-04T20:31:38.956646+00:00,arms,right_gripper,2079,38,0,0,2079,2079
183.2,2026-08-04T20:31:38.956646+00:00,head,head_motor_1,2158,25,0,0,,
183.2,2026-08-04T20:31:38.956646+00:00,head,head_motor_2,1943,27,0,0,,
183.2,2026-08-04T20:31:38.956646+00:00,head,base_left_wheel,3461,27,0,0,,
183.2,2026-08-04T20:31:38.956646+00:00,head,base_back_wheel,3496,27,0,0,,
183.2,2026-08-04T20:31:38.956646+00:00,head,base_right_wheel,2173,26,0,0,,
184.2,2026-08-04T20:31:39.957680+00:00,arms,left_shoulder_pan,1857,36,0,0,1857,1857
184.2,2026-08-04T20:31:39.957680+00:00,arms,left_shoulder_lift,2403,34,4,68,2389,2403
184.2,2026-08-04T20:31:39.957680+00:00,arms,left_elbow_flex,1644,34,3,72,1629,1644
184.2,2026-08-04T20:31:39.957680+00:00,arms,left_wrist_flex,2172,34,0,24,2169,2172
184.2,2026-08-04T20:31:39.957680+00:00,arms,left_wrist_roll,1987,33,1,1044,1989,1987
184.2,2026-08-04T20:31:39.957680+00:00,arms,left_gripper,2013,37,0,0,2014,2013
184.2,2026-08-04T20:31:39.957680+00:00,arms,right_shoulder_pan,1965,37,0,1056,1974,1965
184.2,2026-08-04T20:31:39.957680+00:00,arms,right_shoulder_lift,2163,42,30,242,2049,2157
184.2,2026-08-04T20:31:39.957680+00:00,arms,right_elbow_flex,2171,40,19,162,2097,2166
184.2,2026-08-04T20:31:39.957680+00:00,arms,right_wrist_flex,1995,36,1,52,1976,1994
184.2,2026-08-04T20:31:39.957680+00:00,arms,right_wrist_roll,2109,35,0,1048,2114,2109
184.2,2026-08-04T20:31:39.957680+00:00,arms,right_gripper,2079,38,0,0,2079,2079
184.2,2026-08-04T20:31:39.957680+00:00,head,head_motor_1,2158,25,0,0,,
184.2,2026-08-04T20:31:39.957680+00:00,head,head_motor_2,1943,27,0,0,,
184.2,2026-08-04T20:31:39.957680+00:00,head,base_left_wheel,3461,27,0,0,,
184.2,2026-08-04T20:31:39.957680+00:00,head,base_back_wheel,3496,27,0,0,,
184.2,2026-08-04T20:31:39.957680+00:00,head,base_right_wheel,2174,26,0,0,,
185.2,2026-08-04T20:31:40.958731+00:00,arms,left_shoulder_pan,1857,36,0,0,1857,1857
185.2,2026-08-04T20:31:40.958731+00:00,arms,left_shoulder_lift,2403,34,4,68,2389,2403
185.2,2026-08-04T20:31:40.958731+00:00,arms,left_elbow_flex,1644,35,3,72,1629,1644
185.2,2026-08-04T20:31:40.958731+00:00,arms,left_wrist_flex,2172,34,1,24,2169,2172
185.2,2026-08-04T20:31:40.958731+00:00,arms,left_wrist_roll,1987,33,1,1044,1989,1987
185.2,2026-08-04T20:31:40.958731+00:00,arms,left_gripper,2013,37,0,0,2014,2013
185.2,2026-08-04T20:31:40.958731+00:00,arms,right_shoulder_pan,1965,37,1,1056,1974,1965
185.2,2026-08-04T20:31:40.958731+00:00,arms,right_shoulder_lift,2163,42,37,242,2049,2157
185.2,2026-08-04T20:31:40.958731+00:00,arms,right_elbow_flex,2171,41,14,162,2097,2166
185.2,2026-08-04T20:31:40.958731+00:00,arms,right_wrist_flex,1995,36,2,52,1976,1994
185.2,2026-08-04T20:31:40.958731+00:00,arms,right_wrist_roll,2109,35,1,1048,2114,2109
185.2,2026-08-04T20:31:40.958731+00:00,arms,right_gripper,2079,38,0,0,2079,2079
185.2,2026-08-04T20:31:40.958731+00:00,head,head_motor_1,2158,25,0,0,,
185.2,2026-08-04T20:31:40.958731+00:00,head,head_motor_2,1943,27,0,0,,
185.2,2026-08-04T20:31:40.958731+00:00,head,base_left_wheel,3461,26,0,0,,
185.2,2026-08-04T20:31:40.958731+00:00,head,base_back_wheel,3496,27,0,0,,
185.2,2026-08-04T20:31:40.958731+00:00,head,base_right_wheel,2173,26,0,0,,
186.2,2026-08-04T20:31:41.959774+00:00,arms,left_shoulder_pan,1857,36,0,0,1857,1857
186.2,2026-08-04T20:31:41.959774+00:00,arms,left_shoulder_lift,2403,34,4,68,2389,2403
186.2,2026-08-04T20:31:41.959774+00:00,arms,left_elbow_flex,1644,35,3,72,1629,1644
186.2,2026-08-04T20:31:41.959774+00:00,arms,left_wrist_flex,2172,33,0,24,2169,2172
186.2,2026-08-04T20:31:41.959774+00:00,arms,left_wrist_roll,1987,33,0,1044,1989,1987
186.2,2026-08-04T20:31:41.959774+00:00,arms,left_gripper,2013,37,0,0,2014,2013
186.2,2026-08-04T20:31:41.959774+00:00,arms,right_shoulder_pan,1965,37,1,1056,1974,1965
186.2,2026-08-04T20:31:41.959774+00:00,arms,right_shoulder_lift,2163,43,34,242,2049,2157
186.2,2026-08-04T20:31:41.959774+00:00,arms,right_elbow_flex,2171,40,17,162,2097,2166
186.2,2026-08-04T20:31:41.959774+00:00,arms,right_wrist_flex,1995,36,1,52,1976,1994
186.2,2026-08-04T20:31:41.959774+00:00,arms,right_wrist_roll,2109,35,0,1048,2114,2109
186.2,2026-08-04T20:31:41.959774+00:00,arms,right_gripper,2079,38,0,0,2079,2079
186.2,2026-08-04T20:31:41.959774+00:00,head,head_motor_1,2158,25,0,0,,
186.2,2026-08-04T20:31:41.959774+00:00,head,head_motor_2,1943,27,0,0,,
186.2,2026-08-04T20:31:41.959774+00:00,head,base_left_wheel,3461,27,0,0,,
186.2,2026-08-04T20:31:41.959774+00:00,head,base_back_wheel,3496,27,0,0,,
186.2,2026-08-04T20:31:41.959774+00:00,head,base_right_wheel,2174,26,0,0,,
187.2,2026-08-04T20:31:42.960819+00:00,arms,left_shoulder_pan,1857,36,0,0,1857,1857
187.2,2026-08-04T20:31:42.960819+00:00,arms,left_shoulder_lift,2403,34,3,68,2389,2403
187.2,2026-08-04T20:31:42.960819+00:00,arms,left_elbow_flex,1644,34,3,72,1629,1644
187.2,2026-08-04T20:31:42.960819+00:00,arms,left_wrist_flex,2172,34,0,24,2169,2172
187.2,2026-08-04T20:31:42.960819+00:00,arms,left_wrist_roll,1987,33,1,1044,1989,1987
187.2,2026-08-04T20:31:42.960819+00:00,arms,left_gripper,2013,37,0,0,2014,2013
187.2,2026-08-04T20:31:42.960819+00:00,arms,right_shoulder_pan,1965,37,0,1056,1974,1965
187.2,2026-08-04T20:31:42.960819+00:00,arms,right_shoulder_lift,2163,42,36,242,2049,2157
187.2,2026-08-04T20:31:42.960819+00:00,arms,right_elbow_flex,2171,41,17,162,2097,2166
187.2,2026-08-04T20:31:42.960819+00:00,arms,right_wrist_flex,1995,36,2,52,1976,1994
187.2,2026-08-04T20:31:42.960819+00:00,arms,right_wrist_roll,2109,35,1,1048,2114,2109
187.2,2026-08-04T20:31:42.960819+00:00,arms,right_gripper,2079,38,0,0,2079,2079
187.2,2026-08-04T20:31:42.960819+00:00,head,head_motor_1,2158,25,0,0,,
187.2,2026-08-04T20:31:42.960819+00:00,head,head_motor_2,1943,27,0,0,,
187.2,2026-08-04T20:31:42.960819+00:00,head,base_left_wheel,3461,27,0,0,,
187.2,2026-08-04T20:31:42.960819+00:00,head,base_back_wheel,3496,27,0,0,,
187.2,2026-08-04T20:31:42.960819+00:00,head,base_right_wheel,2173,26,0,0,,
188.2,2026-08-04T20:31:43.961855+00:00,arms,left_shoulder_pan,1857,36,0,0,1857,1857
188.2,2026-08-04T20:31:43.961855+00:00,arms,left_shoulder_lift,2403,34,4,68,2389,2403
188.2,2026-08-04T20:31:43.961855+00:00,arms,left_elbow_flex,1644,34,3,72,1629,1644
188.2,2026-08-04T20:31:43.961855+00:00,arms,left_wrist_flex,2172,34,0,24,2169,2172
188.2,2026-08-04T20:31:43.961855+00:00,arms,left_wrist_roll,1987,33,1,1044,1989,1987
188.2,2026-08-04T20:31:43.961855+00:00,arms,left_gripper,2013,37,0,0,2014,2013
188.2,2026-08-04T20:31:43.961855+00:00,arms,right_shoulder_pan,1965,37,1,1056,1974,1965
188.2,2026-08-04T20:31:43.961855+00:00,arms,right_shoulder_lift,2163,43,35,242,2049,2157
188.2,2026-08-04T20:31:43.961855+00:00,arms,right_elbow_flex,2171,40,17,162,2097,2166
188.2,2026-08-04T20:31:43.961855+00:00,arms,right_wrist_flex,1995,36,2,52,1976,1994
188.2,2026-08-04T20:31:43.961855+00:00,arms,right_wrist_roll,2109,35,0,1048,2114,2109
188.2,2026-08-04T20:31:43.961855+00:00,arms,right_gripper,2079,38,0,0,2079,2079
188.2,2026-08-04T20:31:43.961855+00:00,head,head_motor_1,2158,25,0,0,,
188.2,2026-08-04T20:31:43.961855+00:00,head,head_motor_2,1943,27,0,0,,
188.2,2026-08-04T20:31:43.961855+00:00,head,base_left_wheel,3461,27,0,0,,
188.2,2026-08-04T20:31:43.961855+00:00,head,base_back_wheel,3496,27,0,0,,
188.2,2026-08-04T20:31:43.961855+00:00,head,base_right_wheel,2173,26,0,0,,
189.2,2026-08-04T20:31:44.962897+00:00,arms,left_shoulder_pan,1857,36,0,0,1857,1857
189.2,2026-08-04T20:31:44.962897+00:00,arms,left_shoulder_lift,2403,34,4,68,2389,2403
189.2,2026-08-04T20:31:44.962897+00:00,arms,left_elbow_flex,1644,34,3,72,1629,1644
189.2,2026-08-04T20:31:44.962897+00:00,arms,left_wrist_flex,2172,34,0,24,2169,2172
189.2,2026-08-04T20:31:44.962897+00:00,arms,left_wrist_roll,1987,33,0,1044,1989,1987
189.2,2026-08-04T20:31:44.962897+00:00,arms,left_gripper,2013,37,0,0,2014,2013
189.2,2026-08-04T20:31:44.962897+00:00,arms,right_shoulder_pan,1965,37,1,1056,1974,1965
189.2,2026-08-04T20:31:44.962897+00:00,arms,right_shoulder_lift,2163,43,29,242,2049,2157
189.2,2026-08-04T20:31:44.962897+00:00,arms,right_elbow_flex,2171,40,18,162,2097,2166
189.2,2026-08-04T20:31:44.962897+00:00,arms,right_wrist_flex,1995,36,2,52,1976,1994
189.2,2026-08-04T20:31:44.962897+00:00,arms,right_wrist_roll,2109,35,0,1048,2114,2109
189.2,2026-08-04T20:31:44.962897+00:00,arms,right_gripper,2079,38,0,0,2079,2079
189.2,2026-08-04T20:31:44.962897+00:00,head,head_motor_1,2158,25,0,0,,
189.2,2026-08-04T20:31:44.962897+00:00,head,head_motor_2,1943,27,0,0,,
189.2,2026-08-04T20:31:44.962897+00:00,head,base_left_wheel,3461,27,0,0,,
189.2,2026-08-04T20:31:44.962897+00:00,head,base_back_wheel,3496,27,0,0,,
189.2,2026-08-04T20:31:44.962897+00:00,head,base_right_wheel,2173,26,0,0,,
190.2,2026-08-04T20:31:45.963938+00:00,arms,left_shoulder_pan,1857,36,0,0,1857,1857
190.2,2026-08-04T20:31:45.963938+00:00,arms,left_shoulder_lift,2403,34,4,68,2389,2403
190.2,2026-08-04T20:31:45.963938+00:00,arms,left_elbow_flex,1644,34,3,72,1629,1644
190.2,2026-08-04T20:31:45.963938+00:00,arms,left_wrist_flex,2172,34,0,24,2169,2172
190.2,2026-08-04T20:31:45.963938+00:00,arms,left_wrist_roll,1987,33,1,1044,1989,1987
190.2,2026-08-04T20:31:45.963938+00:00,arms,left_gripper,2013,37,0,0,2014,2013
190.2,2026-08-04T20:31:45.963938+00:00,arms,right_shoulder_pan,1965,37,1,1056,1974,1965
190.2,2026-08-04T20:31:45.963938+00:00,arms,right_shoulder_lift,2163,43,28,242,2049,2157
190.2,2026-08-04T20:31:45.963938+00:00,arms,right_elbow_flex,2171,40,19,162,2097,2166
190.2,2026-08-04T20:31:45.963938+00:00,arms,right_wrist_flex,1995,36,2,52,1976,1994
190.2,2026-08-04T20:31:45.963938+00:00,arms,right_wrist_roll,2109,35,1,1048,2114,2109
190.2,2026-08-04T20:31:45.963938+00:00,arms,right_gripper,2079,38,0,0,2079,2079
190.2,2026-08-04T20:31:45.963938+00:00,head,head_motor_1,2158,25,0,0,,
190.2,2026-08-04T20:31:45.963938+00:00,head,head_motor_2,1943,27,0,0,,
190.2,2026-08-04T20:31:45.963938+00:00,head,base_left_wheel,3461,27,0,0,,
190.2,2026-08-04T20:31:45.963938+00:00,head,base_back_wheel,3496,27,0,0,,
190.2,2026-08-04T20:31:45.963938+00:00,head,base_right_wheel,2173,26,0,0,,
191.2,2026-08-04T20:31:46.964976+00:00,arms,left_shoulder_pan,1857,36,0,0,1857,1857
191.2,2026-08-04T20:31:46.964976+00:00,arms,left_shoulder_lift,2403,34,4,68,2389,2403
191.2,2026-08-04T20:31:46.964976+00:00,arms,left_elbow_flex,1644,35,3,72,1629,1644
191.2,2026-08-04T20:31:46.964976+00:00,arms,left_wrist_flex,2172,34,0,24,2169,2172
191.2,2026-08-04T20:31:46.964976+00:00,arms,left_wrist_roll,1987,33,1,1044,1989,1987
191.2,2026-08-04T20:31:46.964976+00:00,arms,left_gripper,2013,37,0,0,2014,2013
191.2,2026-08-04T20:31:46.964976+00:00,arms,right_shoulder_pan,1965,37,1,1056,1974,1965
191.2,2026-08-04T20:31:46.964976+00:00,arms,right_shoulder_lift,2163,43,36,242,2049,2157
191.2,2026-08-04T20:31:46.964976+00:00,arms,right_elbow_flex,2171,39,16,162,2097,2166
191.2,2026-08-04T20:31:46.964976+00:00,arms,right_wrist_flex,1995,36,1,52,1976,1994
191.2,2026-08-04T20:31:46.964976+00:00,arms,right_wrist_roll,2109,35,0,1048,2114,2109
191.2,2026-08-04T20:31:46.964976+00:00,arms,right_gripper,2079,38,0,0,2079,2079
191.2,2026-08-04T20:31:46.964976+00:00,head,head_motor_1,2158,25,0,0,,
191.2,2026-08-04T20:31:46.964976+00:00,head,head_motor_2,1943,27,0,0,,
191.2,2026-08-04T20:31:46.964976+00:00,head,base_left_wheel,3461,27,0,0,,
191.2,2026-08-04T20:31:46.964976+00:00,head,base_back_wheel,3496,27,0,0,,
191.2,2026-08-04T20:31:46.964976+00:00,head,base_right_wheel,2173,26,0,0,,
192.2,2026-08-04T20:31:47.966014+00:00,arms,left_shoulder_pan,1857,36,0,0,1857,1857
192.2,2026-08-04T20:31:47.966014+00:00,arms,left_shoulder_lift,2403,34,3,68,2389,2403
192.2,2026-08-04T20:31:47.966014+00:00,arms,left_elbow_flex,1644,34,2,72,1629,1644
192.2,2026-08-04T20:31:47.966014+00:00,arms,left_wrist_flex,2172,34,1,24,2169,2172
192.2,2026-08-04T20:31:47.966014+00:00,arms,left_wrist_roll,1987,33,0,1044,1989,1987
192.2,2026-08-04T20:31:47.966014+00:00,arms,left_gripper,2013,37,0,0,2014,2013
192.2,2026-08-04T20:31:47.966014+00:00,arms,right_shoulder_pan,1965,37,1,1056,1974,1965
192.2,2026-08-04T20:31:47.966014+00:00,arms,right_shoulder_lift,2163,43,37,242,2049,2157
192.2,2026-08-04T20:31:47.966014+00:00,arms,right_elbow_flex,2171,40,20,162,2097,2166
192.2,2026-08-04T20:31:47.966014+00:00,arms,right_wrist_flex,1995,36,1,52,1976,1994
192.2,2026-08-04T20:31:47.966014+00:00,arms,right_wrist_roll,2109,35,0,1048,2114,2109
192.2,2026-08-04T20:31:47.966014+00:00,arms,right_gripper,2079,38,0,0,2079,2079
192.2,2026-08-04T20:31:47.966014+00:00,head,head_motor_1,2158,25,0,0,,
192.2,2026-08-04T20:31:47.966014+00:00,head,head_motor_2,1943,27,0,0,,
192.2,2026-08-04T20:31:47.966014+00:00,head,base_left_wheel,3461,27,0,0,,
192.2,2026-08-04T20:31:47.966014+00:00,head,base_back_wheel,3496,27,0,0,,
192.2,2026-08-04T20:31:47.966014+00:00,head,base_right_wheel,2173,26,0,0,,
193.2,2026-08-04T20:31:48.967059+00:00,arms,left_shoulder_pan,1857,36,0,0,1857,1857
193.2,2026-08-04T20:31:48.967059+00:00,arms,left_shoulder_lift,2403,34,4,68,2389,2403
193.2,2026-08-04T20:31:48.967059+00:00,arms,left_elbow_flex,1644,34,3,72,1629,1644
193.2,2026-08-04T20:31:48.967059+00:00,arms,left_wrist_flex,2172,34,0,24,2169,2172
193.2,2026-08-04T20:31:48.967059+00:00,arms,left_wrist_roll,1987,33,1,1044,1989,1987
193.2,2026-08-04T20:31:48.967059+00:00,arms,left_gripper,2013,37,0,0,2014,2013
193.2,2026-08-04T20:31:48.967059+00:00,arms,right_shoulder_pan,1965,37,1,1056,1974,1965
193.2,2026-08-04T20:31:48.967059+00:00,arms,right_shoulder_lift,2163,43,37,242,2049,2157
193.2,2026-08-04T20:31:48.967059+00:00,arms,right_elbow_flex,2171,40,21,162,2097,2166
193.2,2026-08-04T20:31:48.967059+00:00,arms,right_wrist_flex,1995,36,2,52,1976,1994
193.2,2026-08-04T20:31:48.967059+00:00,arms,right_wrist_roll,2109,35,0,1048,2114,2109
193.2,2026-08-04T20:31:48.967059+00:00,arms,right_gripper,2079,38,0,0,2079,2079
193.2,2026-08-04T20:31:48.967059+00:00,head,head_motor_1,2158,25,0,0,,
193.2,2026-08-04T20:31:48.967059+00:00,head,head_motor_2,1943,27,0,0,,
193.2,2026-08-04T20:31:48.967059+00:00,head,base_left_wheel,3461,27,0,0,,
193.2,2026-08-04T20:31:48.967059+00:00,head,base_back_wheel,3496,27,0,0,,
193.2,2026-08-04T20:31:48.967059+00:00,head,base_right_wheel,2173,26,0,0,,
194.2,2026-08-04T20:31:49.968095+00:00,arms,left_shoulder_pan,1857,36,0,0,1857,1857
194.2,2026-08-04T20:31:49.968095+00:00,arms,left_shoulder_lift,2403,34,3,68,2389,2403
194.2,2026-08-04T20:31:49.968095+00:00,arms,left_elbow_flex,1644,34,3,72,1629,1644
194.2,2026-08-04T20:31:49.968095+00:00,arms,left_wrist_flex,2172,34,0,24,2169,2172
194.2,2026-08-04T20:31:49.968095+00:00,arms,left_wrist_roll,1987,33,0,1044,1989,1987
194.2,2026-08-04T20:31:49.968095+00:00,arms,left_gripper,2013,37,0,0,2014,2013
194.2,2026-08-04T20:31:49.968095+00:00,arms,right_shoulder_pan,1965,37,0,1056,1974,1965
194.2,2026-08-04T20:31:49.968095+00:00,arms,right_shoulder_lift,2163,43,37,242,2049,2157
194.2,2026-08-04T20:31:49.968095+00:00,arms,right_elbow_flex,2171,40,20,162,2097,2166
194.2,2026-08-04T20:31:49.968095+00:00,arms,right_wrist_flex,1995,36,1,52,1976,1994
194.2,2026-08-04T20:31:49.968095+00:00,arms,right_wrist_roll,2109,35,0,1048,2114,2109
194.2,2026-08-04T20:31:49.968095+00:00,arms,right_gripper,2079,38,0,0,2079,2079
194.2,2026-08-04T20:31:49.968095+00:00,head,head_motor_1,2158,25,0,0,,
194.2,2026-08-04T20:31:49.968095+00:00,head,head_motor_2,1943,27,0,0,,
194.2,2026-08-04T20:31:49.968095+00:00,head,base_left_wheel,3461,27,0,0,,
194.2,2026-08-04T20:31:49.968095+00:00,head,base_back_wheel,3496,27,0,0,,
194.2,2026-08-04T20:31:49.968095+00:00,head,base_right_wheel,2174,26,0,0,,
195.2,2026-08-04T20:31:50.969139+00:00,arms,left_shoulder_pan,1857,36,0,0,1857,1857
195.2,2026-08-04T20:31:50.969139+00:00,arms,left_shoulder_lift,2403,34,3,68,2389,2403
195.2,2026-08-04T20:31:50.969139+00:00,arms,left_elbow_flex,1644,34,3,72,1629,1644
195.2,2026-08-04T20:31:50.969139+00:00,arms,left_wrist_flex,2172,34,1,24,2169,2172
195.2,2026-08-04T20:31:50.969139+00:00,arms,left_wrist_roll,1987,33,1,1044,1989,1987
195.2,2026-08-04T20:31:50.969139+00:00,arms,left_gripper,2013,37,0,0,2014,2013
195.2,2026-08-04T20:31:50.969139+00:00,arms,right_shoulder_pan,1965,37,1,1056,1974,1965
195.2,2026-08-04T20:31:50.969139+00:00,arms,right_shoulder_lift,2163,43,29,242,2049,2157
195.2,2026-08-04T20:31:50.969139+00:00,arms,right_elbow_flex,2171,40,14,162,2097,2166
195.2,2026-08-04T20:31:50.969139+00:00,arms,right_wrist_flex,1995,36,1,52,1976,1994
195.2,2026-08-04T20:31:50.969139+00:00,arms,right_wrist_roll,2109,35,0,1048,2114,2109
195.2,2026-08-04T20:31:50.969139+00:00,arms,right_gripper,2079,38,1,0,2079,2079
195.2,2026-08-04T20:31:50.969139+00:00,head,head_motor_1,2158,25,0,0,,
195.2,2026-08-04T20:31:50.969139+00:00,head,head_motor_2,1943,27,0,0,,
195.2,2026-08-04T20:31:50.969139+00:00,head,base_left_wheel,3461,27,0,0,,
195.2,2026-08-04T20:31:50.969139+00:00,head,base_back_wheel,3496,27,0,0,,
195.2,2026-08-04T20:31:50.969139+00:00,head,base_right_wheel,2173,26,0,0,,
196.2,2026-08-04T20:31:51.970181+00:00,arms,left_shoulder_pan,1857,36,0,0,1857,1857
196.2,2026-08-04T20:31:51.970181+00:00,arms,left_shoulder_lift,2403,34,3,68,2389,2403
196.2,2026-08-04T20:31:51.970181+00:00,arms,left_elbow_flex,1644,34,3,72,1629,1644
196.2,2026-08-04T20:31:51.970181+00:00,arms,left_wrist_flex,2172,34,0,24,2169,2172
196.2,2026-08-04T20:31:51.970181+00:00,arms,left_wrist_roll,1987,33,0,1044,1989,1987
196.2,2026-08-04T20:31:51.970181+00:00,arms,left_gripper,2013,37,0,0,2014,2013
196.2,2026-08-04T20:31:51.970181+00:00,arms,right_shoulder_pan,1965,37,1,1056,1974,1965
196.2,2026-08-04T20:31:51.970181+00:00,arms,right_shoulder_lift,2163,43,37,242,2049,2157
196.2,2026-08-04T20:31:51.970181+00:00,arms,right_elbow_flex,2171,41,14,162,2097,2166
196.2,2026-08-04T20:31:51.970181+00:00,arms,right_wrist_flex,1995,36,2,52,1976,1994
196.2,2026-08-04T20:31:51.970181+00:00,arms,right_wrist_roll,2109,35,0,1048,2114,2109
196.2,2026-08-04T20:31:51.970181+00:00,arms,right_gripper,2079,38,0,0,2079,2079
196.2,2026-08-04T20:31:51.970181+00:00,head,head_motor_1,2158,25,0,0,,
196.2,2026-08-04T20:31:51.970181+00:00,head,head_motor_2,1943,27,0,0,,
196.2,2026-08-04T20:31:51.970181+00:00,head,base_left_wheel,3461,27,0,0,,
196.2,2026-08-04T20:31:51.970181+00:00,head,base_back_wheel,3496,27,0,0,,
196.2,2026-08-04T20:31:51.970181+00:00,head,base_right_wheel,2173,26,0,0,,
197.2,2026-08-04T20:31:52.971232+00:00,arms,left_shoulder_pan,1857,36,0,0,1857,1857
197.2,2026-08-04T20:31:52.971232+00:00,arms,left_shoulder_lift,2403,34,4,68,2389,2403
197.2,2026-08-04T20:31:52.971232+00:00,arms,left_elbow_flex,1644,34,3,72,1629,1644
197.2,2026-08-04T20:31:52.971232+00:00,arms,left_wrist_flex,2172,34,0,24,2169,2172
197.2,2026-08-04T20:31:52.971232+00:00,arms,left_wrist_roll,1987,33,0,1044,1989,1987
197.2,2026-08-04T20:31:52.971232+00:00,arms,left_gripper,2013,37,0,0,2014,2013
197.2,2026-08-04T20:31:52.971232+00:00,arms,right_shoulder_pan,1965,37,0,1056,1974,1965
197.2,2026-08-04T20:31:52.971232+00:00,arms,right_shoulder_lift,2163,43,32,242,2049,2157
197.2,2026-08-04T20:31:52.971232+00:00,arms,right_elbow_flex,2171,41,21,162,2097,2166
197.2,2026-08-04T20:31:52.971232+00:00,arms,right_wrist_flex,1995,36,1,52,1976,1994
197.2,2026-08-04T20:31:52.971232+00:00,arms,right_wrist_roll,2109,35,1,1048,2114,2109
197.2,2026-08-04T20:31:52.971232+00:00,arms,right_gripper,2079,38,0,0,2079,2079
197.2,2026-08-04T20:31:52.971232+00:00,head,head_motor_1,2158,25,0,0,,
197.2,2026-08-04T20:31:52.971232+00:00,head,head_motor_2,1943,27,0,0,,
197.2,2026-08-04T20:31:52.971232+00:00,head,base_left_wheel,3461,27,0,0,,
197.2,2026-08-04T20:31:52.971232+00:00,head,base_back_wheel,3496,27,0,0,,
197.2,2026-08-04T20:31:52.971232+00:00,head,base_right_wheel,2173,26,0,0,,
198.2,2026-08-04T20:31:53.972272+00:00,arms,left_shoulder_pan,1857,36,0,0,1857,1857
198.2,2026-08-04T20:31:53.972272+00:00,arms,left_shoulder_lift,2403,34,4,68,2389,2403
198.2,2026-08-04T20:31:53.972272+00:00,arms,left_elbow_flex,1644,34,3,72,1629,1644
198.2,2026-08-04T20:31:53.972272+00:00,arms,left_wrist_flex,2172,34,0,24,2169,2172
198.2,2026-08-04T20:31:53.972272+00:00,arms,left_wrist_roll,1987,33,0,1044,1989,1987
198.2,2026-08-04T20:31:53.972272+00:00,arms,left_gripper,2013,37,0,0,2014,2013
198.2,2026-08-04T20:31:53.972272+00:00,arms,right_shoulder_pan,1965,37,1,1056,1974,1965
198.2,2026-08-04T20:31:53.972272+00:00,arms,right_shoulder_lift,2163,43,38,242,2049,2157
198.2,2026-08-04T20:31:53.972272+00:00,arms,right_elbow_flex,2171,41,14,162,2097,2166
198.2,2026-08-04T20:31:53.972272+00:00,arms,right_wrist_flex,1995,36,1,52,1976,1994
198.2,2026-08-04T20:31:53.972272+00:00,arms,right_wrist_roll,2109,35,0,1048,2114,2109
198.2,2026-08-04T20:31:53.972272+00:00,arms,right_gripper,2079,38,0,0,2079,2079
198.2,2026-08-04T20:31:53.972272+00:00,head,head_motor_1,2158,25,0,0,,
198.2,2026-08-04T20:31:53.972272+00:00,head,head_motor_2,1943,27,0,0,,
198.2,2026-08-04T20:31:53.972272+00:00,head,base_left_wheel,3461,27,0,0,,
198.2,2026-08-04T20:31:53.972272+00:00,head,base_back_wheel,3496,27,0,0,,
198.2,2026-08-04T20:31:53.972272+00:00,head,base_right_wheel,2173,26,0,0,,
199.2,2026-08-04T20:31:54.973304+00:00,arms,left_shoulder_pan,1857,36,0,0,1857,1857
199.2,2026-08-04T20:31:54.973304+00:00,arms,left_shoulder_lift,2403,34,4,68,2389,2403
199.2,2026-08-04T20:31:54.973304+00:00,arms,left_elbow_flex,1644,34,2,72,1629,1644
199.2,2026-08-04T20:31:54.973304+00:00,arms,left_wrist_flex,2172,34,0,24,2169,2172
199.2,2026-08-04T20:31:54.973304+00:00,arms,left_wrist_roll,1987,33,0,1044,1989,1987
199.2,2026-08-04T20:31:54.973304+00:00,arms,left_gripper,2013,37,0,0,2014,2013
199.2,2026-08-04T20:31:54.973304+00:00,arms,right_shoulder_pan,1965,37,1,1056,1974,1965
199.2,2026-08-04T20:31:54.973304+00:00,arms,right_shoulder_lift,2163,43,29,242,2049,2157
199.2,2026-08-04T20:31:54.973304+00:00,arms,right_elbow_flex,2171,41,14,162,2097,2166
199.2,2026-08-04T20:31:54.973304+00:00,arms,right_wrist_flex,1995,36,2,52,1976,1994
199.2,2026-08-04T20:31:54.973304+00:00,arms,right_wrist_roll,2109,35,0,1048,2114,2109
199.2,2026-08-04T20:31:54.973304+00:00,arms,right_gripper,2079,38,0,0,2079,2079
199.2,2026-08-04T20:31:54.973304+00:00,head,head_motor_1,2158,25,0,0,,
199.2,2026-08-04T20:31:54.973304+00:00,head,head_motor_2,1943,27,0,0,,
199.2,2026-08-04T20:31:54.973304+00:00,head,base_left_wheel,3461,27,0,0,,
199.2,2026-08-04T20:31:54.973304+00:00,head,base_back_wheel,3496,27,0,0,,
199.2,2026-08-04T20:31:54.973304+00:00,head,base_right_wheel,2173,26,0,0,,
200.2,2026-08-04T20:31:55.974345+00:00,arms,left_shoulder_pan,1857,36,0,0,1857,1857
200.2,2026-08-04T20:31:55.974345+00:00,arms,left_shoulder_lift,2403,34,3,68,2389,2403
200.2,2026-08-04T20:31:55.974345+00:00,arms,left_elbow_flex,1644,34,3,72,1629,1644
200.2,2026-08-04T20:31:55.974345+00:00,arms,left_wrist_flex,2172,34,0,24,2169,2172
200.2,2026-08-04T20:31:55.974345+00:00,arms,left_wrist_roll,1987,33,0,1044,1989,1987
200.2,2026-08-04T20:31:55.974345+00:00,arms,left_gripper,2013,37,0,0,2014,2013
200.2,2026-08-04T20:31:55.974345+00:00,arms,right_shoulder_pan,1965,37,1,1056,1974,1965
200.2,2026-08-04T20:31:55.974345+00:00,arms,right_shoulder_lift,2163,43,37,242,2049,2157
200.2,2026-08-04T20:31:55.974345+00:00,arms,right_elbow_flex,2171,41,14,162,2097,2166
200.2,2026-08-04T20:31:55.974345+00:00,arms,right_wrist_flex,1995,36,2,52,1976,1994
200.2,2026-08-04T20:31:55.974345+00:00,arms,right_wrist_roll,2109,35,0,1048,2114,2109
200.2,2026-08-04T20:31:55.974345+00:00,arms,right_gripper,2079,38,0,0,2079,2079
200.2,2026-08-04T20:31:55.974345+00:00,head,head_motor_1,2158,25,0,0,,
200.2,2026-08-04T20:31:55.974345+00:00,head,head_motor_2,1943,27,0,0,,
200.2,2026-08-04T20:31:55.974345+00:00,head,base_left_wheel,3461,27,0,0,,
200.2,2026-08-04T20:31:55.974345+00:00,head,base_back_wheel,3496,27,0,0,,
200.2,2026-08-04T20:31:55.974345+00:00,head,base_right_wheel,2173,26,0,0,,
201.2,2026-08-04T20:31:56.975393+00:00,arms,left_shoulder_pan,1857,36,0,0,1857,1857
201.2,2026-08-04T20:31:56.975393+00:00,arms,left_shoulder_lift,2403,34,4,68,2389,2403
201.2,2026-08-04T20:31:56.975393+00:00,arms,left_elbow_flex,1644,34,3,72,1629,1644
201.2,2026-08-04T20:31:56.975393+00:00,arms,left_wrist_flex,2172,34,0,24,2169,2172
201.2,2026-08-04T20:31:56.975393+00:00,arms,left_wrist_roll,1987,33,0,1044,1989,1987
201.2,2026-08-04T20:31:56.975393+00:00,arms,left_gripper,2013,37,0,0,2014,2013
201.2,2026-08-04T20:31:56.975393+00:00,arms,right_shoulder_pan,1965,37,1,1056,1974,1965
201.2,2026-08-04T20:31:56.975393+00:00,arms,right_shoulder_lift,2163,43,28,242,2049,2157
201.2,2026-08-04T20:31:56.975393+00:00,arms,right_elbow_flex,2171,41,21,162,2097,2166
201.2,2026-08-04T20:31:56.975393+00:00,arms,right_wrist_flex,1995,36,1,52,1976,1994
201.2,2026-08-04T20:31:56.975393+00:00,arms,right_wrist_roll,2109,35,0,1048,2114,2109
201.2,2026-08-04T20:31:56.975393+00:00,arms,right_gripper,2079,38,0,0,2079,2079
201.2,2026-08-04T20:31:56.975393+00:00,head,head_motor_1,2158,25,0,0,,
201.2,2026-08-04T20:31:56.975393+00:00,head,head_motor_2,1943,27,0,0,,
201.2,2026-08-04T20:31:56.975393+00:00,head,base_left_wheel,3461,27,0,0,,
201.2,2026-08-04T20:31:56.975393+00:00,head,base_back_wheel,3496,27,0,0,,
201.2,2026-08-04T20:31:56.975393+00:00,head,base_right_wheel,2173,26,0,0,,
202.2,2026-08-04T20:31:57.976434+00:00,arms,left_shoulder_pan,1857,36,0,0,1857,1857
202.2,2026-08-04T20:31:57.976434+00:00,arms,left_shoulder_lift,2403,34,4,68,2389,2403
202.2,2026-08-04T20:31:57.976434+00:00,arms,left_elbow_flex,1644,35,3,72,1629,1644
202.2,2026-08-04T20:31:57.976434+00:00,arms,left_wrist_flex,2172,34,0,24,2169,2172
202.2,2026-08-04T20:31:57.976434+00:00,arms,left_wrist_roll,1987,33,0,1044,1989,1987
202.2,2026-08-04T20:31:57.976434+00:00,arms,left_gripper,2013,37,0,0,2014,2013
202.2,2026-08-04T20:31:57.976434+00:00,arms,right_shoulder_pan,1965,37,1,1056,1974,1965
202.2,2026-08-04T20:31:57.976434+00:00,arms,right_shoulder_lift,2163,43,28,242,2049,2157
202.2,2026-08-04T20:31:57.976434+00:00,arms,right_elbow_flex,2171,41,20,162,2097,2166
202.2,2026-08-04T20:31:57.976434+00:00,arms,right_wrist_flex,1995,36,2,52,1976,1994
202.2,2026-08-04T20:31:57.976434+00:00,arms,right_wrist_roll,2109,35,0,1048,2114,2109
202.2,2026-08-04T20:31:57.976434+00:00,arms,right_gripper,2079,38,0,0,2079,2079
202.2,2026-08-04T20:31:57.976434+00:00,head,head_motor_1,2158,25,0,0,,
202.2,2026-08-04T20:31:57.976434+00:00,head,head_motor_2,1943,27,0,0,,
202.2,2026-08-04T20:31:57.976434+00:00,head,base_left_wheel,3461,27,0,0,,
202.2,2026-08-04T20:31:57.976434+00:00,head,base_back_wheel,3496,27,0,0,,
202.2,2026-08-04T20:31:57.976434+00:00,head,base_right_wheel,2174,26,0,0,,
203.2,2026-08-04T20:31:58.977480+00:00,arms,left_shoulder_pan,1857,36,0,0,1857,1857
203.2,2026-08-04T20:31:58.977480+00:00,arms,left_shoulder_lift,2403,34,3,68,2389,2403
203.2,2026-08-04T20:31:58.977480+00:00,arms,left_elbow_flex,1644,34,3,72,1629,1644
203.2,2026-08-04T20:31:58.977480+00:00,arms,left_wrist_flex,2172,34,0,24,2169,2172
203.2,2026-08-04T20:31:58.977480+00:00,arms,left_wrist_roll,1987,33,0,1044,1989,1987
203.2,2026-08-04T20:31:58.977480+00:00,arms,left_gripper,2013,37,0,0,2014,2013
203.2,2026-08-04T20:31:58.977480+00:00,arms,right_shoulder_pan,1965,37,1,1056,1974,1965
203.2,2026-08-04T20:31:58.977480+00:00,arms,right_shoulder_lift,2163,43,35,242,2049,2157
203.2,2026-08-04T20:31:58.977480+00:00,arms,right_elbow_flex,2171,41,20,162,2097,2166
203.2,2026-08-04T20:31:58.977480+00:00,arms,right_wrist_flex,1995,36,2,52,1976,1994
203.2,2026-08-04T20:31:58.977480+00:00,arms,right_wrist_roll,2109,35,1,1048,2114,2109
203.2,2026-08-04T20:31:58.977480+00:00,arms,right_gripper,2079,38,0,0,2079,2079
203.2,2026-08-04T20:31:58.977480+00:00,head,head_motor_1,2158,25,0,0,,
203.2,2026-08-04T20:31:58.977480+00:00,head,head_motor_2,1943,27,0,0,,
203.2,2026-08-04T20:31:58.977480+00:00,head,base_left_wheel,3461,27,0,0,,
203.2,2026-08-04T20:31:58.977480+00:00,head,base_back_wheel,3496,27,0,0,,
203.2,2026-08-04T20:31:58.977480+00:00,head,base_right_wheel,2173,26,0,0,,
204.2,2026-08-04T20:31:59.978517+00:00,arms,left_shoulder_pan,1857,36,0,0,1857,1857
204.2,2026-08-04T20:31:59.978517+00:00,arms,left_shoulder_lift,2403,34,4,68,2389,2403
204.2,2026-08-04T20:31:59.978517+00:00,arms,left_elbow_flex,1644,34,3,72,1629,1644
204.2,2026-08-04T20:31:59.978517+00:00,arms,left_wrist_flex,2172,34,0,24,2169,2172
204.2,2026-08-04T20:31:59.978517+00:00,arms,left_wrist_roll,1987,33,0,1044,1989,1987
204.2,2026-08-04T20:31:59.978517+00:00,arms,left_gripper,2013,37,0,0,2014,2013
204.2,2026-08-04T20:31:59.978517+00:00,arms,right_shoulder_pan,1965,37,1,1056,1974,1965
204.2,2026-08-04T20:31:59.978517+00:00,arms,right_shoulder_lift,2163,43,32,242,2049,2157
204.2,2026-08-04T20:31:59.978517+00:00,arms,right_elbow_flex,2171,41,18,162,2097,2166
204.2,2026-08-04T20:31:59.978517+00:00,arms,right_wrist_flex,1995,36,1,52,1976,1994
204.2,2026-08-04T20:31:59.978517+00:00,arms,right_wrist_roll,2109,35,0,1048,2114,2109
204.2,2026-08-04T20:31:59.978517+00:00,arms,right_gripper,2079,38,0,0,2079,2079
204.2,2026-08-04T20:31:59.978517+00:00,head,head_motor_1,2158,25,0,0,,
204.2,2026-08-04T20:31:59.978517+00:00,head,head_motor_2,1943,27,0,0,,
204.2,2026-08-04T20:31:59.978517+00:00,head,base_left_wheel,3461,27,0,0,,
204.2,2026-08-04T20:31:59.978517+00:00,head,base_back_wheel,3496,27,0,0,,
204.2,2026-08-04T20:31:59.978517+00:00,head,base_right_wheel,2173,26,0,0,,
205.2,2026-08-04T20:32:00.979589+00:00,arms,left_shoulder_pan,1857,36,0,0,1857,1857
205.2,2026-08-04T20:32:00.979589+00:00,arms,left_shoulder_lift,2403,34,4,68,2389,2403
205.2,2026-08-04T20:32:00.979589+00:00,arms,left_elbow_flex,1644,34,3,72,1629,1644
205.2,2026-08-04T20:32:00.979589+00:00,arms,left_wrist_flex,2172,34,0,24,2169,2172
205.2,2026-08-04T20:32:00.979589+00:00,arms,left_wrist_roll,1987,33,1,1044,1989,1987
205.2,2026-08-04T20:32:00.979589+00:00,arms,left_gripper,2013,37,0,0,2014,2013
205.2,2026-08-04T20:32:00.979589+00:00,arms,right_shoulder_pan,1965,37,0,1056,1974,1965
205.2,2026-08-04T20:32:00.979589+00:00,arms,right_shoulder_lift,2163,43,36,242,2049,2157
205.2,2026-08-04T20:32:00.979589+00:00,arms,right_elbow_flex,2171,41,14,162,2097,2166
205.2,2026-08-04T20:32:00.979589+00:00,arms,right_wrist_flex,1995,36,1,52,1976,1994
205.2,2026-08-04T20:32:00.979589+00:00,arms,right_wrist_roll,2109,35,1,1048,2114,2109
205.2,2026-08-04T20:32:00.979589+00:00,arms,right_gripper,2079,38,0,0,2079,2079
205.2,2026-08-04T20:32:00.979589+00:00,head,head_motor_1,2158,25,0,0,,
205.2,2026-08-04T20:32:00.979589+00:00,head,head_motor_2,1943,27,0,0,,
205.2,2026-08-04T20:32:00.979589+00:00,head,base_left_wheel,3461,27,0,0,,
205.2,2026-08-04T20:32:00.979589+00:00,head,base_back_wheel,3496,27,0,0,,
205.2,2026-08-04T20:32:00.979589+00:00,head,base_right_wheel,2173,26,0,0,,
206.2,2026-08-04T20:32:01.980627+00:00,arms,left_shoulder_pan,1857,36,0,0,1857,1857
206.2,2026-08-04T20:32:01.980627+00:00,arms,left_shoulder_lift,2403,34,3,68,2389,2403
206.2,2026-08-04T20:32:01.980627+00:00,arms,left_elbow_flex,1644,34,3,72,1629,1644
206.2,2026-08-04T20:32:01.980627+00:00,arms,left_wrist_flex,2172,34,0,24,2169,2172
206.2,2026-08-04T20:32:01.980627+00:00,arms,left_wrist_roll,1987,33,0,1044,1989,1987
206.2,2026-08-04T20:32:01.980627+00:00,arms,left_gripper,2013,37,0,0,2014,2013
206.2,2026-08-04T20:32:01.980627+00:00,arms,right_shoulder_pan,1965,37,1,1056,1974,1965
206.2,2026-08-04T20:32:01.980627+00:00,arms,right_shoulder_lift,2163,43,38,242,2049,2157
206.2,2026-08-04T20:32:01.980627+00:00,arms,right_elbow_flex,2171,41,18,162,2097,2166
206.2,2026-08-04T20:32:01.980627+00:00,arms,right_wrist_flex,1995,36,1,52,1976,1994
206.2,2026-08-04T20:32:01.980627+00:00,arms,right_wrist_roll,2109,35,0,1048,2114,2109
206.2,2026-08-04T20:32:01.980627+00:00,arms,right_gripper,2079,38,0,0,2079,2079
206.2,2026-08-04T20:32:01.980627+00:00,head,head_motor_1,2158,25,0,0,,
206.2,2026-08-04T20:32:01.980627+00:00,head,head_motor_2,1943,27,0,0,,
206.2,2026-08-04T20:32:01.980627+00:00,head,base_left_wheel,3461,27,0,0,,
206.2,2026-08-04T20:32:01.980627+00:00,head,base_back_wheel,3496,27,0,0,,
206.2,2026-08-04T20:32:01.980627+00:00,head,base_right_wheel,2173,26,0,0,,
207.2,2026-08-04T20:32:02.981664+00:00,arms,left_shoulder_pan,1857,36,0,0,1857,1857
207.2,2026-08-04T20:32:02.981664+00:00,arms,left_shoulder_lift,2403,34,3,68,2389,2403
207.2,2026-08-04T20:32:02.981664+00:00,arms,left_elbow_flex,1644,34,3,72,1629,1644
207.2,2026-08-04T20:32:02.981664+00:00,arms,left_wrist_flex,2172,34,0,24,2169,2172
207.2,2026-08-04T20:32:02.981664+00:00,arms,left_wrist_roll,1987,33,0,1044,1989,1987
207.2,2026-08-04T20:32:02.981664+00:00,arms,left_gripper,2013,37,0,0,2014,2013
207.2,2026-08-04T20:32:02.981664+00:00,arms,right_shoulder_pan,1965,37,1,1056,1974,1965
207.2,2026-08-04T20:32:02.981664+00:00,arms,right_shoulder_lift,2163,43,36,242,2049,2157
207.2,2026-08-04T20:32:02.981664+00:00,arms,right_elbow_flex,2171,41,18,162,2097,2166
207.2,2026-08-04T20:32:02.981664+00:00,arms,right_wrist_flex,1995,36,2,52,1976,1994
207.2,2026-08-04T20:32:02.981664+00:00,arms,right_wrist_roll,2109,36,0,1048,2114,2109
207.2,2026-08-04T20:32:02.981664+00:00,arms,right_gripper,2079,38,0,0,2079,2079
207.2,2026-08-04T20:32:02.981664+00:00,head,head_motor_1,2158,25,0,0,,
207.2,2026-08-04T20:32:02.981664+00:00,head,head_motor_2,1943,27,0,0,,
207.2,2026-08-04T20:32:02.981664+00:00,head,base_left_wheel,3461,27,0,0,,
207.2,2026-08-04T20:32:02.981664+00:00,head,base_back_wheel,3496,27,0,0,,
207.2,2026-08-04T20:32:02.981664+00:00,head,base_right_wheel,2174,26,0,0,,
208.2,2026-08-04T20:32:03.982691+00:00,arms,left_shoulder_pan,1857,36,0,0,1857,1857
208.2,2026-08-04T20:32:03.982691+00:00,arms,left_shoulder_lift,2403,34,3,68,2389,2403
208.2,2026-08-04T20:32:03.982691+00:00,arms,left_elbow_flex,1644,34,3,72,1629,1644
208.2,2026-08-04T20:32:03.982691+00:00,arms,left_wrist_flex,2172,34,0,24,2169,2172
208.2,2026-08-04T20:32:03.982691+00:00,arms,left_wrist_roll,1987,33,1,1044,1989,1987
208.2,2026-08-04T20:32:03.982691+00:00,arms,left_gripper,2013,37,0,0,2014,2013
208.2,2026-08-04T20:32:03.982691+00:00,arms,right_shoulder_pan,1965,37,1,1056,1974,1965
208.2,2026-08-04T20:32:03.982691+00:00,arms,right_shoulder_lift,2163,43,30,242,2049,2157
208.2,2026-08-04T20:32:03.982691+00:00,arms,right_elbow_flex,2171,41,20,162,2097,2166
208.2,2026-08-04T20:32:03.982691+00:00,arms,right_wrist_flex,1995,36,1,52,1976,1994
208.2,2026-08-04T20:32:03.982691+00:00,arms,right_wrist_roll,2109,35,0,1048,2114,2109
208.2,2026-08-04T20:32:03.982691+00:00,arms,right_gripper,2079,38,0,0,2079,2079
208.2,2026-08-04T20:32:03.982691+00:00,head,head_motor_1,2158,25,0,0,,
208.2,2026-08-04T20:32:03.982691+00:00,head,head_motor_2,1943,27,0,0,,
208.2,2026-08-04T20:32:03.982691+00:00,head,base_left_wheel,3461,27,0,0,,
208.2,2026-08-04T20:32:03.982691+00:00,head,base_back_wheel,3496,27,0,0,,
208.2,2026-08-04T20:32:03.982691+00:00,head,base_right_wheel,2173,26,0,0,,
209.2,2026-08-04T20:32:04.983580+00:00,arms,left_shoulder_pan,1857,36,0,0,1857,1857
209.2,2026-08-04T20:32:04.983580+00:00,arms,left_shoulder_lift,2403,34,4,68,2389,2403
209.2,2026-08-04T20:32:04.983580+00:00,arms,left_elbow_flex,1644,34,3,72,1629,1644
209.2,2026-08-04T20:32:04.983580+00:00,arms,left_wrist_flex,2172,34,0,24,2169,2172
209.2,2026-08-04T20:32:04.983580+00:00,arms,left_wrist_roll,1987,33,1,1044,1989,1987
209.2,2026-08-04T20:32:04.983580+00:00,arms,left_gripper,2013,37,0,0,2014,2013
209.2,2026-08-04T20:32:04.983580+00:00,arms,right_shoulder_pan,1965,37,1,1056,1974,1965
209.2,2026-08-04T20:32:04.983580+00:00,arms,right_shoulder_lift,2163,43,34,242,2049,2157
209.2,2026-08-04T20:32:04.983580+00:00,arms,right_elbow_flex,2171,41,19,162,2097,2166
209.2,2026-08-04T20:32:04.983580+00:00,arms,right_wrist_flex,1995,36,2,52,1976,1994
209.2,2026-08-04T20:32:04.983580+00:00,arms,right_wrist_roll,2109,35,1,1048,2114,2109
209.2,2026-08-04T20:32:04.983580+00:00,arms,right_gripper,2079,38,0,0,2079,2079
209.2,2026-08-04T20:32:04.983580+00:00,head,head_motor_1,2158,25,0,0,,
209.2,2026-08-04T20:32:04.983580+00:00,head,head_motor_2,1943,27,0,0,,
209.2,2026-08-04T20:32:04.983580+00:00,head,base_left_wheel,3461,27,0,0,,
209.2,2026-08-04T20:32:04.983580+00:00,head,base_back_wheel,3496,27,0,0,,
209.2,2026-08-04T20:32:04.983580+00:00,head,base_right_wheel,2173,26,0,0,,
210.2,2026-08-04T20:32:05.984618+00:00,arms,left_shoulder_pan,1857,36,0,0,1857,1857
210.2,2026-08-04T20:32:05.984618+00:00,arms,left_shoulder_lift,2403,34,4,68,2389,2403
210.2,2026-08-04T20:32:05.984618+00:00,arms,left_elbow_flex,1644,34,3,72,1629,1644
210.2,2026-08-04T20:32:05.984618+00:00,arms,left_wrist_flex,2172,34,0,24,2169,2172
210.2,2026-08-04T20:32:05.984618+00:00,arms,left_wrist_roll,1987,33,0,1044,1989,1987
210.2,2026-08-04T20:32:05.984618+00:00,arms,left_gripper,2013,37,0,0,2014,2013
210.2,2026-08-04T20:32:05.984618+00:00,arms,right_shoulder_pan,1965,37,0,1056,1974,1965
210.2,2026-08-04T20:32:05.984618+00:00,arms,right_shoulder_lift,2163,43,33,242,2049,2157
210.2,2026-08-04T20:32:05.984618+00:00,arms,right_elbow_flex,2171,41,20,162,2097,2166
210.2,2026-08-04T20:32:05.984618+00:00,arms,right_wrist_flex,1995,36,2,52,1976,1994
210.2,2026-08-04T20:32:05.984618+00:00,arms,right_wrist_roll,2109,35,0,1048,2114,2109
210.2,2026-08-04T20:32:05.984618+00:00,arms,right_gripper,2079,38,0,0,2079,2079
210.2,2026-08-04T20:32:05.984618+00:00,head,head_motor_1,2158,25,0,0,,
210.2,2026-08-04T20:32:05.984618+00:00,head,head_motor_2,1943,27,0,0,,
210.2,2026-08-04T20:32:05.984618+00:00,head,base_left_wheel,3461,27,0,0,,
210.2,2026-08-04T20:32:05.984618+00:00,head,base_back_wheel,3496,27,0,0,,
210.2,2026-08-04T20:32:05.984618+00:00,head,base_right_wheel,2173,26,0,0,,
211.2,2026-08-04T20:32:06.985656+00:00,arms,left_shoulder_pan,1857,36,0,0,1857,1857
211.2,2026-08-04T20:32:06.985656+00:00,arms,left_shoulder_lift,2403,34,3,68,2389,2403
211.2,2026-08-04T20:32:06.985656+00:00,arms,left_elbow_flex,1644,34,3,72,1629,1644
211.2,2026-08-04T20:32:06.985656+00:00,arms,left_wrist_flex,2172,34,1,24,2169,2172
211.2,2026-08-04T20:32:06.985656+00:00,arms,left_wrist_roll,1987,33,1,1044,1989,1987
211.2,2026-08-04T20:32:06.985656+00:00,arms,left_gripper,2013,37,0,0,2014,2013
211.2,2026-08-04T20:32:06.985656+00:00,arms,right_shoulder_pan,1965,37,0,1056,1974,1965
211.2,2026-08-04T20:32:06.985656+00:00,arms,right_shoulder_lift,2163,43,28,242,2049,2157
211.2,2026-08-04T20:32:06.985656+00:00,arms,right_elbow_flex,2171,41,16,162,2097,2166
211.2,2026-08-04T20:32:06.985656+00:00,arms,right_wrist_flex,1995,36,1,52,1976,1994
211.2,2026-08-04T20:32:06.985656+00:00,arms,right_wrist_roll,2109,35,0,1048,2114,2109
211.2,2026-08-04T20:32:06.985656+00:00,arms,right_gripper,2079,38,0,0,2079,2079
211.2,2026-08-04T20:32:06.985656+00:00,head,head_motor_1,2158,25,0,0,,
211.2,2026-08-04T20:32:06.985656+00:00,head,head_motor_2,1943,27,0,0,,
211.2,2026-08-04T20:32:06.985656+00:00,head,base_left_wheel,3461,27,0,0,,
211.2,2026-08-04T20:32:06.985656+00:00,head,base_back_wheel,3496,27,0,0,,
211.2,2026-08-04T20:32:06.985656+00:00,head,base_right_wheel,2173,26,0,0,,
212.2,2026-08-04T20:32:07.986700+00:00,arms,left_shoulder_pan,1857,36,0,0,1857,1857
212.2,2026-08-04T20:32:07.986700+00:00,arms,left_shoulder_lift,2403,34,4,68,2389,2403
212.2,2026-08-04T20:32:07.986700+00:00,arms,left_elbow_flex,1644,34,3,72,1629,1644
212.2,2026-08-04T20:32:07.986700+00:00,arms,left_wrist_flex,2172,34,0,24,2169,2172
212.2,2026-08-04T20:32:07.986700+00:00,arms,left_wrist_roll,1987,33,0,1044,1989,1987
212.2,2026-08-04T20:32:07.986700+00:00,arms,left_gripper,2013,37,0,0,2014,2013
212.2,2026-08-04T20:32:07.986700+00:00,arms,right_shoulder_pan,1965,37,1,1056,1974,1965
212.2,2026-08-04T20:32:07.986700+00:00,arms,right_shoulder_lift,2163,43,34,242,2049,2157
212.2,2026-08-04T20:32:07.986700+00:00,arms,right_elbow_flex,2171,41,20,162,2097,2166
212.2,2026-08-04T20:32:07.986700+00:00,arms,right_wrist_flex,1995,36,2,52,1976,1994
212.2,2026-08-04T20:32:07.986700+00:00,arms,right_wrist_roll,2109,35,1,1048,2114,2109
212.2,2026-08-04T20:32:07.986700+00:00,arms,right_gripper,2079,38,0,0,2079,2079
212.2,2026-08-04T20:32:07.986700+00:00,head,head_motor_1,2158,25,0,0,,
212.2,2026-08-04T20:32:07.986700+00:00,head,head_motor_2,1943,27,0,0,,
212.2,2026-08-04T20:32:07.986700+00:00,head,base_left_wheel,3461,27,0,0,,
212.2,2026-08-04T20:32:07.986700+00:00,head,base_back_wheel,3496,27,0,0,,
212.2,2026-08-04T20:32:07.986700+00:00,head,base_right_wheel,2173,26,0,0,,
213.2,2026-08-04T20:32:08.987589+00:00,arms,left_shoulder_pan,1857,36,0,0,1857,1857
213.2,2026-08-04T20:32:08.987589+00:00,arms,left_shoulder_lift,2403,34,3,68,2389,2403
213.2,2026-08-04T20:32:08.987589+00:00,arms,left_elbow_flex,1644,34,3,72,1629,1644
213.2,2026-08-04T20:32:08.987589+00:00,arms,left_wrist_flex,2172,34,0,24,2169,2172
213.2,2026-08-04T20:32:08.987589+00:00,arms,left_wrist_roll,1987,33,0,1044,1989,1987
213.2,2026-08-04T20:32:08.987589+00:00,arms,left_gripper,2013,37,0,0,2014,2013
213.2,2026-08-04T20:32:08.987589+00:00,arms,right_shoulder_pan,1965,37,1,1056,1974,1965
213.2,2026-08-04T20:32:08.987589+00:00,arms,right_shoulder_lift,2163,43,29,242,2049,2157
213.2,2026-08-04T20:32:08.987589+00:00,arms,right_elbow_flex,2171,41,19,162,2097,2166
213.2,2026-08-04T20:32:08.987589+00:00,arms,right_wrist_flex,1995,36,1,52,1976,1994
213.2,2026-08-04T20:32:08.987589+00:00,arms,right_wrist_roll,2109,35,0,1048,2114,2109
213.2,2026-08-04T20:32:08.987589+00:00,arms,right_gripper,2079,38,0,0,2079,2079
213.2,2026-08-04T20:32:08.987589+00:00,head,head_motor_1,2158,25,0,0,,
213.2,2026-08-04T20:32:08.987589+00:00,head,head_motor_2,1943,27,0,0,,
213.2,2026-08-04T20:32:08.987589+00:00,head,base_left_wheel,3461,27,0,0,,
213.2,2026-08-04T20:32:08.987589+00:00,head,base_back_wheel,3496,27,0,0,,
213.2,2026-08-04T20:32:08.987589+00:00,head,base_right_wheel,2174,26,0,0,,
214.2,2026-08-04T20:32:09.988640+00:00,arms,left_shoulder_pan,1857,36,0,0,1857,1857
214.2,2026-08-04T20:32:09.988640+00:00,arms,left_shoulder_lift,2403,34,3,68,2389,2403
214.2,2026-08-04T20:32:09.988640+00:00,arms,left_elbow_flex,1644,34,3,72,1629,1644
214.2,2026-08-04T20:32:09.988640+00:00,arms,left_wrist_flex,2172,34,0,24,2169,2172
214.2,2026-08-04T20:32:09.988640+00:00,arms,left_wrist_roll,1987,34,0,1044,1989,1987
214.2,2026-08-04T20:32:09.988640+00:00,arms,left_gripper,2013,37,0,0,2014,2013
214.2,2026-08-04T20:32:09.988640+00:00,arms,right_shoulder_pan,1965,37,1,1056,1974,1965
214.2,2026-08-04T20:32:09.988640+00:00,arms,right_shoulder_lift,2163,43,31,242,2049,2157
214.2,2026-08-04T20:32:09.988640+00:00,arms,right_elbow_flex,2171,41,16,162,2097,2166
214.2,2026-08-04T20:32:09.988640+00:00,arms,right_wrist_flex,1995,36,1,52,1976,1994
214.2,2026-08-04T20:32:09.988640+00:00,arms,right_wrist_roll,2109,35,0,1048,2114,2109
214.2,2026-08-04T20:32:09.988640+00:00,arms,right_gripper,2079,38,0,0,2079,2079
214.2,2026-08-04T20:32:09.988640+00:00,head,head_motor_1,2158,25,0,0,,
214.2,2026-08-04T20:32:09.988640+00:00,head,head_motor_2,1943,27,0,0,,
214.2,2026-08-04T20:32:09.988640+00:00,head,base_left_wheel,3461,27,0,0,,
214.2,2026-08-04T20:32:09.988640+00:00,head,base_back_wheel,3496,27,0,0,,
214.2,2026-08-04T20:32:09.988640+00:00,head,base_right_wheel,2173,26,0,0,,
215.2,2026-08-04T20:32:10.989686+00:00,arms,left_shoulder_pan,1857,36,0,0,1857,1857
215.2,2026-08-04T20:32:10.989686+00:00,arms,left_shoulder_lift,2403,34,4,68,2389,2403
215.2,2026-08-04T20:32:10.989686+00:00,arms,left_elbow_flex,1644,34,3,72,1629,1644
215.2,2026-08-04T20:32:10.989686+00:00,arms,left_wrist_flex,2172,34,0,24,2169,2172
215.2,2026-08-04T20:32:10.989686+00:00,arms,left_wrist_roll,1987,33,0,1044,1989,1987
215.2,2026-08-04T20:32:10.989686+00:00,arms,left_gripper,2013,37,0,0,2014,2013
215.2,2026-08-04T20:32:10.989686+00:00,arms,right_shoulder_pan,1965,37,0,1056,1974,1965
215.2,2026-08-04T20:32:10.989686+00:00,arms,right_shoulder_lift,2163,44,34,242,2049,2157
215.2,2026-08-04T20:32:10.989686+00:00,arms,right_elbow_flex,2171,41,14,162,2097,2166
215.2,2026-08-04T20:32:10.989686+00:00,arms,right_wrist_flex,1995,36,1,52,1976,1994
215.2,2026-08-04T20:32:10.989686+00:00,arms,right_wrist_roll,2109,35,1,1048,2114,2109
215.2,2026-08-04T20:32:10.989686+00:00,arms,right_gripper,2079,38,0,0,2079,2079
215.2,2026-08-04T20:32:10.989686+00:00,head,head_motor_1,2158,25,0,0,,
215.2,2026-08-04T20:32:10.989686+00:00,head,head_motor_2,1943,27,0,0,,
215.2,2026-08-04T20:32:10.989686+00:00,head,base_left_wheel,3461,27,0,0,,
215.2,2026-08-04T20:32:10.989686+00:00,head,base_back_wheel,3496,27,0,0,,
215.2,2026-08-04T20:32:10.989686+00:00,head,base_right_wheel,2173,26,0,0,,
216.2,2026-08-04T20:32:11.990734+00:00,arms,left_shoulder_pan,1857,36,0,0,1857,1857
216.2,2026-08-04T20:32:11.990734+00:00,arms,left_shoulder_lift,2403,34,4,68,2389,2403
216.2,2026-08-04T20:32:11.990734+00:00,arms,left_elbow_flex,1644,34,3,72,1629,1644
216.2,2026-08-04T20:32:11.990734+00:00,arms,left_wrist_flex,2172,34,0,24,2169,2172
216.2,2026-08-04T20:32:11.990734+00:00,arms,left_wrist_roll,1987,33,0,1044,1989,1987
216.2,2026-08-04T20:32:11.990734+00:00,arms,left_gripper,2013,37,0,0,2014,2013
216.2,2026-08-04T20:32:11.990734+00:00,arms,right_shoulder_pan,1965,37,1,1056,1974,1965
216.2,2026-08-04T20:32:11.990734+00:00,arms,right_shoulder_lift,2163,43,32,242,2049,2157
216.2,2026-08-04T20:32:11.990734+00:00,arms,right_elbow_flex,2171,41,20,162,2097,2166
216.2,2026-08-04T20:32:11.990734+00:00,arms,right_wrist_flex,1995,36,2,52,1976,1994
216.2,2026-08-04T20:32:11.990734+00:00,arms,right_wrist_roll,2109,35,0,1048,2114,2109
216.2,2026-08-04T20:32:11.990734+00:00,arms,right_gripper,2079,38,0,0,2079,2079
216.2,2026-08-04T20:32:11.990734+00:00,head,head_motor_1,2158,25,0,0,,
216.2,2026-08-04T20:32:11.990734+00:00,head,head_motor_2,1943,27,0,0,,
216.2,2026-08-04T20:32:11.990734+00:00,head,base_left_wheel,3461,27,0,0,,
216.2,2026-08-04T20:32:11.990734+00:00,head,base_back_wheel,3496,27,0,0,,
216.2,2026-08-04T20:32:11.990734+00:00,head,base_right_wheel,2173,26,0,0,,
217.2,2026-08-04T20:32:12.991583+00:00,arms,left_shoulder_pan,1857,36,0,0,1857,1857
217.2,2026-08-04T20:32:12.991583+00:00,arms,left_shoulder_lift,2403,34,3,68,2389,2403
217.2,2026-08-04T20:32:12.991583+00:00,arms,left_elbow_flex,1644,34,3,72,1629,1644
217.2,2026-08-04T20:32:12.991583+00:00,arms,left_wrist_flex,2172,34,0,24,2169,2172
217.2,2026-08-04T20:32:12.991583+00:00,arms,left_wrist_roll,1987,33,0,1044,1989,1987
217.2,2026-08-04T20:32:12.991583+00:00,arms,left_gripper,2013,37,0,0,2014,2013
217.2,2026-08-04T20:32:12.991583+00:00,arms,right_shoulder_pan,1965,37,1,1056,1974,1965
217.2,2026-08-04T20:32:12.991583+00:00,arms,right_shoulder_lift,2163,44,37,242,2049,2157
217.2,2026-08-04T20:32:12.991583+00:00,arms,right_elbow_flex,2171,41,16,162,2097,2166
217.2,2026-08-04T20:32:12.991583+00:00,arms,right_wrist_flex,1995,36,2,52,1976,1994
217.2,2026-08-04T20:32:12.991583+00:00,arms,right_wrist_roll,2109,35,0,1048,2114,2109
217.2,2026-08-04T20:32:12.991583+00:00,arms,right_gripper,2079,38,0,0,2079,2079
217.2,2026-08-04T20:32:12.991583+00:00,head,head_motor_1,2158,25,0,0,,
217.2,2026-08-04T20:32:12.991583+00:00,head,head_motor_2,1943,27,0,0,,
217.2,2026-08-04T20:32:12.991583+00:00,head,base_left_wheel,3461,27,0,0,,
217.2,2026-08-04T20:32:12.991583+00:00,head,base_back_wheel,3496,27,0,0,,
217.2,2026-08-04T20:32:12.991583+00:00,head,base_right_wheel,2173,26,0,0,,
218.2,2026-08-04T20:32:13.992619+00:00,arms,left_shoulder_pan,1857,36,0,0,1857,1857
218.2,2026-08-04T20:32:13.992619+00:00,arms,left_shoulder_lift,2403,34,4,68,2389,2403
218.2,2026-08-04T20:32:13.992619+00:00,arms,left_elbow_flex,1644,34,3,72,1629,1644
218.2,2026-08-04T20:32:13.992619+00:00,arms,left_wrist_flex,2172,34,0,24,2169,2172
218.2,2026-08-04T20:32:13.992619+00:00,arms,left_wrist_roll,1987,33,0,1044,1989,1987
218.2,2026-08-04T20:32:13.992619+00:00,arms,left_gripper,2013,37,0,0,2014,2013
218.2,2026-08-04T20:32:13.992619+00:00,arms,right_shoulder_pan,1965,37,1,1056,1974,1965
218.2,2026-08-04T20:32:13.992619+00:00,arms,right_shoulder_lift,2163,44,33,242,2049,2157
218.2,2026-08-04T20:32:13.992619+00:00,arms,right_elbow_flex,2171,41,14,162,2097,2166
218.2,2026-08-04T20:32:13.992619+00:00,arms,right_wrist_flex,1995,36,1,52,1976,1994
218.2,2026-08-04T20:32:13.992619+00:00,arms,right_wrist_roll,2109,35,1,1048,2114,2109
218.2,2026-08-04T20:32:13.992619+00:00,arms,right_gripper,2079,38,0,0,2079,2079
218.2,2026-08-04T20:32:13.992619+00:00,head,head_motor_1,2158,25,0,0,,
218.2,2026-08-04T20:32:13.992619+00:00,head,head_motor_2,1943,27,0,0,,
218.2,2026-08-04T20:32:13.992619+00:00,head,base_left_wheel,3461,27,0,0,,
218.2,2026-08-04T20:32:13.992619+00:00,head,base_back_wheel,3496,28,0,0,,
218.2,2026-08-04T20:32:13.992619+00:00,head,base_right_wheel,2173,26,0,0,,
219.3,2026-08-04T20:32:14.993664+00:00,arms,left_shoulder_pan,1857,36,0,0,1857,1857
219.3,2026-08-04T20:32:14.993664+00:00,arms,left_shoulder_lift,2403,34,4,68,2389,2403
219.3,2026-08-04T20:32:14.993664+00:00,arms,left_elbow_flex,1644,34,3,72,1629,1644
219.3,2026-08-04T20:32:14.993664+00:00,arms,left_wrist_flex,2172,34,1,24,2169,2172
219.3,2026-08-04T20:32:14.993664+00:00,arms,left_wrist_roll,1987,33,0,1044,1989,1987
219.3,2026-08-04T20:32:14.993664+00:00,arms,left_gripper,2013,37,0,0,2014,2013
219.3,2026-08-04T20:32:14.993664+00:00,arms,right_shoulder_pan,1965,37,1,1056,1974,1965
219.3,2026-08-04T20:32:14.993664+00:00,arms,right_shoulder_lift,2163,44,38,242,2049,2157
219.3,2026-08-04T20:32:14.993664+00:00,arms,right_elbow_flex,2171,41,14,162,2097,2166
219.3,2026-08-04T20:32:14.993664+00:00,arms,right_wrist_flex,1995,36,1,52,1976,1994
219.3,2026-08-04T20:32:14.993664+00:00,arms,right_wrist_roll,2109,35,0,1048,2114,2109
219.3,2026-08-04T20:32:14.993664+00:00,arms,right_gripper,2079,38,0,0,2079,2079
219.3,2026-08-04T20:32:14.993664+00:00,head,head_motor_1,2158,25,0,0,,
219.3,2026-08-04T20:32:14.993664+00:00,head,head_motor_2,1943,27,0,0,,
219.3,2026-08-04T20:32:14.993664+00:00,head,base_left_wheel,3461,27,0,0,,
219.3,2026-08-04T20:32:14.993664+00:00,head,base_back_wheel,3496,27,0,0,,
219.3,2026-08-04T20:32:14.993664+00:00,head,base_right_wheel,2173,26,0,0,,
220.3,2026-08-04T20:32:15.994702+00:00,arms,left_shoulder_pan,1857,36,0,0,1857,1857
220.3,2026-08-04T20:32:15.994702+00:00,arms,left_shoulder_lift,2403,34,4,68,2389,2403
220.3,2026-08-04T20:32:15.994702+00:00,arms,left_elbow_flex,1644,34,3,72,1629,1644
220.3,2026-08-04T20:32:15.994702+00:00,arms,left_wrist_flex,2172,34,0,24,2169,2172
220.3,2026-08-04T20:32:15.994702+00:00,arms,left_wrist_roll,1987,33,1,1044,1989,1987
220.3,2026-08-04T20:32:15.994702+00:00,arms,left_gripper,2013,37,0,0,2014,2013
220.3,2026-08-04T20:32:15.994702+00:00,arms,right_shoulder_pan,1965,37,1,1056,1974,1965
220.3,2026-08-04T20:32:15.994702+00:00,arms,right_shoulder_lift,2163,44,36,242,2049,2157
220.3,2026-08-04T20:32:15.994702+00:00,arms,right_elbow_flex,2171,41,20,162,2097,2166
220.3,2026-08-04T20:32:15.994702+00:00,arms,right_wrist_flex,1995,36,2,52,1976,1994
220.3,2026-08-04T20:32:15.994702+00:00,arms,right_wrist_roll,2109,35,0,1048,2114,2109
220.3,2026-08-04T20:32:15.994702+00:00,arms,right_gripper,2079,38,0,0,2079,2079
220.3,2026-08-04T20:32:15.994702+00:00,head,head_motor_1,2158,25,0,0,,
220.3,2026-08-04T20:32:15.994702+00:00,head,head_motor_2,1943,27,0,0,,
220.3,2026-08-04T20:32:15.994702+00:00,head,base_left_wheel,3461,27,0,0,,
220.3,2026-08-04T20:32:15.994702+00:00,head,base_back_wheel,3496,27,0,0,,
220.3,2026-08-04T20:32:15.994702+00:00,head,base_right_wheel,2173,26,0,0,,
221.3,2026-08-04T20:32:16.995753+00:00,arms,left_shoulder_pan,1857,36,0,0,1857,1857
221.3,2026-08-04T20:32:16.995753+00:00,arms,left_shoulder_lift,2403,34,4,68,2389,2403
221.3,2026-08-04T20:32:16.995753+00:00,arms,left_elbow_flex,1644,34,2,72,1629,1644
221.3,2026-08-04T20:32:16.995753+00:00,arms,left_wrist_flex,2172,34,0,24,2169,2172
221.3,2026-08-04T20:32:16.995753+00:00,arms,left_wrist_roll,1987,33,1,1044,1989,1987
221.3,2026-08-04T20:32:16.995753+00:00,arms,left_gripper,2013,37,0,0,2014,2013
221.3,2026-08-04T20:32:16.995753+00:00,arms,right_shoulder_pan,1965,37,0,1056,1974,1965
221.3,2026-08-04T20:32:16.995753+00:00,arms,right_shoulder_lift,2163,44,34,242,2049,2157
221.3,2026-08-04T20:32:16.995753+00:00,arms,right_elbow_flex,2171,41,18,162,2097,2166
221.3,2026-08-04T20:32:16.995753+00:00,arms,right_wrist_flex,1995,36,2,52,1976,1994
221.3,2026-08-04T20:32:16.995753+00:00,arms,right_wrist_roll,2109,35,1,1048,2114,2109
221.3,2026-08-04T20:32:16.995753+00:00,arms,right_gripper,2079,38,0,0,2079,2079
221.3,2026-08-04T20:32:16.995753+00:00,head,head_motor_1,2158,25,0,0,,
221.3,2026-08-04T20:32:16.995753+00:00,head,head_motor_2,1943,27,0,0,,
221.3,2026-08-04T20:32:16.995753+00:00,head,base_left_wheel,3461,27,0,0,,
221.3,2026-08-04T20:32:16.995753+00:00,head,base_back_wheel,3496,27,0,0,,
221.3,2026-08-04T20:32:16.995753+00:00,head,base_right_wheel,2173,26,0,0,,
222.3,2026-08-04T20:32:17.996800+00:00,arms,left_shoulder_pan,1857,36,0,0,1857,1857
222.3,2026-08-04T20:32:17.996800+00:00,arms,left_shoulder_lift,2403,34,4,68,2389,2403
222.3,2026-08-04T20:32:17.996800+00:00,arms,left_elbow_flex,1644,34,3,72,1629,1644
222.3,2026-08-04T20:32:17.996800+00:00,arms,left_wrist_flex,2172,34,0,24,2169,2172
222.3,2026-08-04T20:32:17.996800+00:00,arms,left_wrist_roll,1987,33,1,1044,1989,1987
222.3,2026-08-04T20:32:17.996800+00:00,arms,left_gripper,2013,37,0,0,2014,2013
222.3,2026-08-04T20:32:17.996800+00:00,arms,right_shoulder_pan,1965,37,1,1056,1974,1965
222.3,2026-08-04T20:32:17.996800+00:00,arms,right_shoulder_lift,2163,44,28,242,2049,2157
222.3,2026-08-04T20:32:17.996800+00:00,arms,right_elbow_flex,2171,41,16,162,2097,2166
222.3,2026-08-04T20:32:17.996800+00:00,arms,right_wrist_flex,1995,36,2,52,1976,1994
222.3,2026-08-04T20:32:17.996800+00:00,arms,right_wrist_roll,2109,35,1,1048,2114,2109
222.3,2026-08-04T20:32:17.996800+00:00,arms,right_gripper,2079,38,0,0,2079,2079
222.3,2026-08-04T20:32:17.996800+00:00,head,head_motor_1,2158,25,0,0,,
222.3,2026-08-04T20:32:17.996800+00:00,head,head_motor_2,1943,27,0,0,,
222.3,2026-08-04T20:32:17.996800+00:00,head,base_left_wheel,3461,27,0,0,,
222.3,2026-08-04T20:32:17.996800+00:00,head,base_back_wheel,3496,27,0,0,,
222.3,2026-08-04T20:32:17.996800+00:00,head,base_right_wheel,2173,26,0,0,,
223.3,2026-08-04T20:32:18.997843+00:00,arms,left_shoulder_pan,1857,36,0,0,1857,1857
223.3,2026-08-04T20:32:18.997843+00:00,arms,left_shoulder_lift,2403,34,4,68,2389,2403
223.3,2026-08-04T20:32:18.997843+00:00,arms,left_elbow_flex,1644,34,3,72,1629,1644
223.3,2026-08-04T20:32:18.997843+00:00,arms,left_wrist_flex,2172,34,0,24,2169,2172
223.3,2026-08-04T20:32:18.997843+00:00,arms,left_wrist_roll,1987,33,0,1044,1989,1987
223.3,2026-08-04T20:32:18.997843+00:00,arms,left_gripper,2013,37,0,0,2014,2013
223.3,2026-08-04T20:32:18.997843+00:00,arms,right_shoulder_pan,1965,37,1,1056,1974,1965
223.3,2026-08-04T20:32:18.997843+00:00,arms,right_shoulder_lift,2163,44,28,242,2049,2157
223.3,2026-08-04T20:32:18.997843+00:00,arms,right_elbow_flex,2171,41,18,162,2097,2166
223.3,2026-08-04T20:32:18.997843+00:00,arms,right_wrist_flex,1995,36,2,52,1976,1994
223.3,2026-08-04T20:32:18.997843+00:00,arms,right_wrist_roll,2109,35,1,1048,2114,2109
223.3,2026-08-04T20:32:18.997843+00:00,arms,right_gripper,2079,38,0,0,2079,2079
223.3,2026-08-04T20:32:18.997843+00:00,head,head_motor_1,2158,25,0,0,,
223.3,2026-08-04T20:32:18.997843+00:00,head,head_motor_2,1943,27,0,0,,
223.3,2026-08-04T20:32:18.997843+00:00,head,base_left_wheel,3461,27,0,0,,
223.3,2026-08-04T20:32:18.997843+00:00,head,base_back_wheel,3496,27,0,0,,
223.3,2026-08-04T20:32:18.997843+00:00,head,base_right_wheel,2173,26,0,0,,
224.3,2026-08-04T20:32:19.998884+00:00,arms,left_shoulder_pan,1857,36,0,0,1857,1857
224.3,2026-08-04T20:32:19.998884+00:00,arms,left_shoulder_lift,2403,34,3,68,2389,2403
224.3,2026-08-04T20:32:19.998884+00:00,arms,left_elbow_flex,1644,34,3,72,1629,1644
224.3,2026-08-04T20:32:19.998884+00:00,arms,left_wrist_flex,2172,34,0,24,2169,2172
224.3,2026-08-04T20:32:19.998884+00:00,arms,left_wrist_roll,1987,33,1,1044,1989,1987
224.3,2026-08-04T20:32:19.998884+00:00,arms,left_gripper,2013,37,0,0,2014,2013
224.3,2026-08-04T20:32:19.998884+00:00,arms,right_shoulder_pan,1965,37,1,1056,1974,1965
224.3,2026-08-04T20:32:19.998884+00:00,arms,right_shoulder_lift,2163,44,29,242,2049,2157
224.3,2026-08-04T20:32:19.998884+00:00,arms,right_elbow_flex,2171,41,20,162,2097,2166
224.3,2026-08-04T20:32:19.998884+00:00,arms,right_wrist_flex,1995,36,1,52,1976,1994
224.3,2026-08-04T20:32:19.998884+00:00,arms,right_wrist_roll,2109,35,1,1048,2114,2109
224.3,2026-08-04T20:32:19.998884+00:00,arms,right_gripper,2079,38,0,0,2079,2079
224.3,2026-08-04T20:32:19.998884+00:00,head,head_motor_1,2158,25,0,0,,
224.3,2026-08-04T20:32:19.998884+00:00,head,head_motor_2,1943,27,0,0,,
224.3,2026-08-04T20:32:19.998884+00:00,head,base_left_wheel,3461,27,0,0,,
224.3,2026-08-04T20:32:19.998884+00:00,head,base_back_wheel,3496,27,0,0,,
224.3,2026-08-04T20:32:19.998884+00:00,head,base_right_wheel,2173,26,0,0,,
225.3,2026-08-04T20:32:20.999926+00:00,arms,left_shoulder_pan,1857,36,0,0,1857,1857
225.3,2026-08-04T20:32:20.999926+00:00,arms,left_shoulder_lift,2403,34,4,68,2389,2403
225.3,2026-08-04T20:32:20.999926+00:00,arms,left_elbow_flex,1644,34,2,72,1629,1644
225.3,2026-08-04T20:32:20.999926+00:00,arms,left_wrist_flex,2172,34,0,24,2169,2172
225.3,2026-08-04T20:32:20.999926+00:00,arms,left_wrist_roll,1987,33,1,1044,1989,1987
225.3,2026-08-04T20:32:20.999926+00:00,arms,left_gripper,2013,37,0,0,2014,2013
225.3,2026-08-04T20:32:20.999926+00:00,arms,right_shoulder_pan,1965,37,1,1056,1974,1965
225.3,2026-08-04T20:32:20.999926+00:00,arms,right_shoulder_lift,2163,44,36,242,2049,2157
225.3,2026-08-04T20:32:20.999926+00:00,arms,right_elbow_flex,2171,41,14,162,2097,2166
225.3,2026-08-04T20:32:20.999926+00:00,arms,right_wrist_flex,1995,36,1,52,1976,1994
225.3,2026-08-04T20:32:20.999926+00:00,arms,right_wrist_roll,2109,35,0,1048,2114,2109
225.3,2026-08-04T20:32:20.999926+00:00,arms,right_gripper,2079,38,0,0,2079,2079
225.3,2026-08-04T20:32:20.999926+00:00,head,head_motor_1,2158,25,0,0,,
225.3,2026-08-04T20:32:20.999926+00:00,head,head_motor_2,1943,27,0,0,,
225.3,2026-08-04T20:32:20.999926+00:00,head,base_left_wheel,3461,27,0,0,,
225.3,2026-08-04T20:32:20.999926+00:00,head,base_back_wheel,3496,27,0,0,,
225.3,2026-08-04T20:32:20.999926+00:00,head,base_right_wheel,2173,26,0,0,,
226.3,2026-08-04T20:32:22.000963+00:00,arms,left_shoulder_pan,1857,36,0,0,1857,1857
226.3,2026-08-04T20:32:22.000963+00:00,arms,left_shoulder_lift,2403,34,3,68,2389,2403
226.3,2026-08-04T20:32:22.000963+00:00,arms,left_elbow_flex,1644,34,3,72,1629,1644
226.3,2026-08-04T20:32:22.000963+00:00,arms,left_wrist_flex,2172,34,0,24,2169,2172
226.3,2026-08-04T20:32:22.000963+00:00,arms,left_wrist_roll,1987,33,1,1044,1989,1987
226.3,2026-08-04T20:32:22.000963+00:00,arms,left_gripper,2013,37,0,0,2014,2013
226.3,2026-08-04T20:32:22.000963+00:00,arms,right_shoulder_pan,1965,37,1,1056,1974,1965
226.3,2026-08-04T20:32:22.000963+00:00,arms,right_shoulder_lift,2164,44,28,244,2049,2157
226.3,2026-08-04T20:32:22.000963+00:00,arms,right_elbow_flex,2171,41,14,162,2097,2166
226.3,2026-08-04T20:32:22.000963+00:00,arms,right_wrist_flex,1995,36,1,52,1976,1994
226.3,2026-08-04T20:32:22.000963+00:00,arms,right_wrist_roll,2109,35,0,1048,2114,2109
226.3,2026-08-04T20:32:22.000963+00:00,arms,right_gripper,2079,38,0,0,2079,2079
226.3,2026-08-04T20:32:22.000963+00:00,head,head_motor_1,2158,25,0,0,,
226.3,2026-08-04T20:32:22.000963+00:00,head,head_motor_2,1943,27,0,0,,
226.3,2026-08-04T20:32:22.000963+00:00,head,base_left_wheel,3461,27,0,0,,
226.3,2026-08-04T20:32:22.000963+00:00,head,base_back_wheel,3496,27,0,0,,
226.3,2026-08-04T20:32:22.000963+00:00,head,base_right_wheel,2173,26,0,0,,
227.3,2026-08-04T20:32:23.002005+00:00,arms,left_shoulder_pan,1857,36,0,0,1857,1857
227.3,2026-08-04T20:32:23.002005+00:00,arms,left_shoulder_lift,2403,34,3,68,2389,2403
227.3,2026-08-04T20:32:23.002005+00:00,arms,left_elbow_flex,1644,34,3,72,1629,1644
227.3,2026-08-04T20:32:23.002005+00:00,arms,left_wrist_flex,2172,34,0,24,2169,2172
227.3,2026-08-04T20:32:23.002005+00:00,arms,left_wrist_roll,1987,33,0,1044,1989,1987
227.3,2026-08-04T20:32:23.002005+00:00,arms,left_gripper,2013,37,0,0,2014,2013
227.3,2026-08-04T20:32:23.002005+00:00,arms,right_shoulder_pan,1965,37,1,1056,1974,1965
227.3,2026-08-04T20:32:23.002005+00:00,arms,right_shoulder_lift,2164,44,33,244,2049,2157
227.3,2026-08-04T20:32:23.002005+00:00,arms,right_elbow_flex,2171,41,16,162,2097,2166
227.3,2026-08-04T20:32:23.002005+00:00,arms,right_wrist_flex,1995,36,2,52,1976,1994
227.3,2026-08-04T20:32:23.002005+00:00,arms,right_wrist_roll,2109,35,0,1048,2114,2109
227.3,2026-08-04T20:32:23.002005+00:00,arms,right_gripper,2079,38,0,0,2079,2079
227.3,2026-08-04T20:32:23.002005+00:00,head,head_motor_1,2158,25,0,0,,
227.3,2026-08-04T20:32:23.002005+00:00,head,head_motor_2,1943,27,0,0,,
227.3,2026-08-04T20:32:23.002005+00:00,head,base_left_wheel,3461,27,0,0,,
227.3,2026-08-04T20:32:23.002005+00:00,head,base_back_wheel,3496,27,0,0,,
227.3,2026-08-04T20:32:23.002005+00:00,head,base_right_wheel,2173,26,0,0,,
228.3,2026-08-04T20:32:24.003051+00:00,arms,left_shoulder_pan,1857,36,0,0,1857,1857
228.3,2026-08-04T20:32:24.003051+00:00,arms,left_shoulder_lift,2403,34,3,68,2389,2403
228.3,2026-08-04T20:32:24.003051+00:00,arms,left_elbow_flex,1644,34,3,72,1629,1644
228.3,2026-08-04T20:32:24.003051+00:00,arms,left_wrist_flex,2172,34,0,24,2169,2172
228.3,2026-08-04T20:32:24.003051+00:00,arms,left_wrist_roll,1987,33,0,1044,1989,1987
228.3,2026-08-04T20:32:24.003051+00:00,arms,left_gripper,2013,37,0,0,2014,2013
228.3,2026-08-04T20:32:24.003051+00:00,arms,right_shoulder_pan,1965,37,1,1056,1974,1965
228.3,2026-08-04T20:32:24.003051+00:00,arms,right_shoulder_lift,2164,44,34,244,2049,2157
228.3,2026-08-04T20:32:24.003051+00:00,arms,right_elbow_flex,2171,41,16,162,2097,2166
228.3,2026-08-04T20:32:24.003051+00:00,arms,right_wrist_flex,1995,36,2,52,1976,1994
228.3,2026-08-04T20:32:24.003051+00:00,arms,right_wrist_roll,2109,35,0,1048,2114,2109
228.3,2026-08-04T20:32:24.003051+00:00,arms,right_gripper,2079,38,0,0,2079,2079
228.3,2026-08-04T20:32:24.003051+00:00,head,head_motor_1,2158,25,0,0,,
228.3,2026-08-04T20:32:24.003051+00:00,head,head_motor_2,1943,27,0,0,,
228.3,2026-08-04T20:32:24.003051+00:00,head,base_left_wheel,3461,27,0,0,,
228.3,2026-08-04T20:32:24.003051+00:00,head,base_back_wheel,3496,27,0,0,,
228.3,2026-08-04T20:32:24.003051+00:00,head,base_right_wheel,2173,26,0,0,,
229.3,2026-08-04T20:32:25.003600+00:00,arms,left_shoulder_pan,1857,36,0,0,1857,1857
229.3,2026-08-04T20:32:25.003600+00:00,arms,left_shoulder_lift,2403,34,4,68,2389,2403
229.3,2026-08-04T20:32:25.003600+00:00,arms,left_elbow_flex,1644,34,3,72,1629,1644
229.3,2026-08-04T20:32:25.003600+00:00,arms,left_wrist_flex,2172,34,0,24,2169,2172
229.3,2026-08-04T20:32:25.003600+00:00,arms,left_wrist_roll,1987,33,1,1044,1989,1987
229.3,2026-08-04T20:32:25.003600+00:00,arms,left_gripper,2013,37,0,0,2014,2013
229.3,2026-08-04T20:32:25.003600+00:00,arms,right_shoulder_pan,1965,37,0,1056,1974,1965
229.3,2026-08-04T20:32:25.003600+00:00,arms,right_shoulder_lift,2164,45,35,244,2049,2157
229.3,2026-08-04T20:32:25.003600+00:00,arms,right_elbow_flex,2171,41,19,162,2097,2166
229.3,2026-08-04T20:32:25.003600+00:00,arms,right_wrist_flex,1995,36,1,52,1976,1994
229.3,2026-08-04T20:32:25.003600+00:00,arms,right_wrist_roll,2109,35,1,1048,2114,2109
229.3,2026-08-04T20:32:25.003600+00:00,arms,right_gripper,2079,37,0,0,2079,2079
229.3,2026-08-04T20:32:25.003600+00:00,head,head_motor_1,2158,25,0,0,,
229.3,2026-08-04T20:32:25.003600+00:00,head,head_motor_2,1943,27,0,0,,
229.3,2026-08-04T20:32:25.003600+00:00,head,base_left_wheel,3461,27,0,0,,
229.3,2026-08-04T20:32:25.003600+00:00,head,base_back_wheel,3496,27,0,0,,
229.3,2026-08-04T20:32:25.003600+00:00,head,base_right_wheel,2173,26,0,0,,
230.3,2026-08-04T20:32:26.004644+00:00,arms,left_shoulder_pan,1857,36,0,0,1857,1857
230.3,2026-08-04T20:32:26.004644+00:00,arms,left_shoulder_lift,2403,34,3,68,2389,2403
230.3,2026-08-04T20:32:26.004644+00:00,arms,left_elbow_flex,1644,34,3,72,1629,1644
230.3,2026-08-04T20:32:26.004644+00:00,arms,left_wrist_flex,2172,34,0,24,2169,2172
230.3,2026-08-04T20:32:26.004644+00:00,arms,left_wrist_roll,1987,33,0,1044,1989,1987
230.3,2026-08-04T20:32:26.004644+00:00,arms,left_gripper,2013,37,0,0,2014,2013
230.3,2026-08-04T20:32:26.004644+00:00,arms,right_shoulder_pan,1965,37,0,1056,1974,1965
230.3,2026-08-04T20:32:26.004644+00:00,arms,right_shoulder_lift,2164,44,34,244,2049,2157
230.3,2026-08-04T20:32:26.004644+00:00,arms,right_elbow_flex,2171,41,19,162,2097,2166
230.3,2026-08-04T20:32:26.004644+00:00,arms,right_wrist_flex,1995,36,2,52,1976,1994
230.3,2026-08-04T20:32:26.004644+00:00,arms,right_wrist_roll,2109,35,0,1048,2114,2109
230.3,2026-08-04T20:32:26.004644+00:00,arms,right_gripper,2079,38,0,0,2079,2079
230.3,2026-08-04T20:32:26.004644+00:00,head,head_motor_1,2158,25,0,0,,
230.3,2026-08-04T20:32:26.004644+00:00,head,head_motor_2,1943,27,0,0,,
230.3,2026-08-04T20:32:26.004644+00:00,head,base_left_wheel,3461,27,0,0,,
230.3,2026-08-04T20:32:26.004644+00:00,head,base_back_wheel,3496,27,0,0,,
230.3,2026-08-04T20:32:26.004644+00:00,head,base_right_wheel,2173,26,0,0,,
231.3,2026-08-04T20:32:27.005707+00:00,arms,left_shoulder_pan,1857,36,0,0,1857,1857
231.3,2026-08-04T20:32:27.005707+00:00,arms,left_shoulder_lift,2403,34,4,68,2389,2403
231.3,2026-08-04T20:32:27.005707+00:00,arms,left_elbow_flex,1644,34,2,72,1629,1644
231.3,2026-08-04T20:32:27.005707+00:00,arms,left_wrist_flex,2172,34,0,24,2169,2172
231.3,2026-08-04T20:32:27.005707+00:00,arms,left_wrist_roll,1987,33,0,1044,1989,1987
231.3,2026-08-04T20:32:27.005707+00:00,arms,left_gripper,2013,37,0,0,2014,2013
231.3,2026-08-04T20:32:27.005707+00:00,arms,right_shoulder_pan,1965,37,1,1056,1974,1965
231.3,2026-08-04T20:32:27.005707+00:00,arms,right_shoulder_lift,2164,44,28,244,2049,2157
231.3,2026-08-04T20:32:27.005707+00:00,arms,right_elbow_flex,2171,41,17,162,2097,2166
231.3,2026-08-04T20:32:27.005707+00:00,arms,right_wrist_flex,1995,36,2,52,1976,1994
231.3,2026-08-04T20:32:27.005707+00:00,arms,right_wrist_roll,2109,35,0,1048,2114,2109
231.3,2026-08-04T20:32:27.005707+00:00,arms,right_gripper,2079,38,0,0,2079,2079
231.3,2026-08-04T20:32:27.005707+00:00,head,head_motor_1,2158,25,0,0,,
231.3,2026-08-04T20:32:27.005707+00:00,head,head_motor_2,1943,27,0,0,,
231.3,2026-08-04T20:32:27.005707+00:00,head,base_left_wheel,3461,27,0,0,,
231.3,2026-08-04T20:32:27.005707+00:00,head,base_back_wheel,3496,27,0,0,,
231.3,2026-08-04T20:32:27.005707+00:00,head,base_right_wheel,2174,26,0,0,,
232.3,2026-08-04T20:32:28.006748+00:00,arms,left_shoulder_pan,1857,36,0,0,1857,1857
232.3,2026-08-04T20:32:28.006748+00:00,arms,left_shoulder_lift,2403,34,4,68,2389,2403
232.3,2026-08-04T20:32:28.006748+00:00,arms,left_elbow_flex,1644,34,3,72,1629,1644
232.3,2026-08-04T20:32:28.006748+00:00,arms,left_wrist_flex,2172,34,1,24,2169,2172
232.3,2026-08-04T20:32:28.006748+00:00,arms,left_wrist_roll,1987,33,0,1044,1989,1987
232.3,2026-08-04T20:32:28.006748+00:00,arms,left_gripper,2013,37,0,0,2014,2013
232.3,2026-08-04T20:32:28.006748+00:00,arms,right_shoulder_pan,1965,37,1,1056,1974,1965
232.3,2026-08-04T20:32:28.006748+00:00,arms,right_shoulder_lift,2164,45,34,244,2049,2157
232.3,2026-08-04T20:32:28.006748+00:00,arms,right_elbow_flex,2171,41,21,162,2097,2166
232.3,2026-08-04T20:32:28.006748+00:00,arms,right_wrist_flex,1995,36,2,52,1976,1994
232.3,2026-08-04T20:32:28.006748+00:00,arms,right_wrist_roll,2109,35,0,1048,2114,2109
232.3,2026-08-04T20:32:28.006748+00:00,arms,right_gripper,2079,38,0,0,2079,2079
232.3,2026-08-04T20:32:28.006748+00:00,head,head_motor_1,2158,25,0,0,,
232.3,2026-08-04T20:32:28.006748+00:00,head,head_motor_2,1943,27,0,0,,
232.3,2026-08-04T20:32:28.006748+00:00,head,base_left_wheel,3461,27,0,0,,
232.3,2026-08-04T20:32:28.006748+00:00,head,base_back_wheel,3496,27,0,0,,
232.3,2026-08-04T20:32:28.006748+00:00,head,base_right_wheel,2173,26,0,0,,
233.3,2026-08-04T20:32:29.007952+00:00,arms,left_shoulder_pan,1857,36,0,0,1857,1857
233.3,2026-08-04T20:32:29.007952+00:00,arms,left_shoulder_lift,2403,34,4,68,2389,2403
233.3,2026-08-04T20:32:29.007952+00:00,arms,left_elbow_flex,1644,35,3,72,1629,1644
233.3,2026-08-04T20:32:29.007952+00:00,arms,left_wrist_flex,2172,34,0,24,2169,2172
233.3,2026-08-04T20:32:29.007952+00:00,arms,left_wrist_roll,1987,33,0,1044,1989,1987
233.3,2026-08-04T20:32:29.007952+00:00,arms,left_gripper,2013,37,0,0,2014,2013
233.3,2026-08-04T20:32:29.007952+00:00,arms,right_shoulder_pan,1965,37,1,1056,1974,1965
233.3,2026-08-04T20:32:29.007952+00:00,arms,right_shoulder_lift,2164,45,36,244,2049,2157
233.3,2026-08-04T20:32:29.007952+00:00,arms,right_elbow_flex,2171,41,15,162,2097,2166
233.3,2026-08-04T20:32:29.007952+00:00,arms,right_wrist_flex,1995,36,2,52,1976,1994
233.3,2026-08-04T20:32:29.007952+00:00,arms,right_wrist_roll,2109,35,0,1048,2114,2109
233.3,2026-08-04T20:32:29.007952+00:00,arms,right_gripper,2079,38,0,0,2079,2079
233.3,2026-08-04T20:32:29.007952+00:00,head,head_motor_1,2158,25,0,0,,
233.3,2026-08-04T20:32:29.007952+00:00,head,head_motor_2,1943,27,0,0,,
233.3,2026-08-04T20:32:29.007952+00:00,head,base_left_wheel,3461,27,0,0,,
233.3,2026-08-04T20:32:29.007952+00:00,head,base_back_wheel,3496,27,0,0,,
233.3,2026-08-04T20:32:29.007952+00:00,head,base_right_wheel,2174,26,0,0,,
234.3,2026-08-04T20:32:30.009029+00:00,arms,left_shoulder_pan,1857,36,0,0,1857,1857
234.3,2026-08-04T20:32:30.009029+00:00,arms,left_shoulder_lift,2403,34,3,68,2389,2403
234.3,2026-08-04T20:32:30.009029+00:00,arms,left_elbow_flex,1644,34,3,72,1629,1644
234.3,2026-08-04T20:32:30.009029+00:00,arms,left_wrist_flex,2172,34,1,24,2169,2172
234.3,2026-08-04T20:32:30.009029+00:00,arms,left_wrist_roll,1987,33,0,1044,1989,1987
234.3,2026-08-04T20:32:30.009029+00:00,arms,left_gripper,2013,37,0,0,2014,2013
234.3,2026-08-04T20:32:30.009029+00:00,arms,right_shoulder_pan,1965,37,1,1056,1974,1965
234.3,2026-08-04T20:32:30.009029+00:00,arms,right_shoulder_lift,2164,45,32,244,2049,2157
234.3,2026-08-04T20:32:30.009029+00:00,arms,right_elbow_flex,2171,42,21,162,2097,2166
234.3,2026-08-04T20:32:30.009029+00:00,arms,right_wrist_flex,1995,36,2,52,1976,1994
234.3,2026-08-04T20:32:30.009029+00:00,arms,right_wrist_roll,2109,35,1,1048,2114,2109
234.3,2026-08-04T20:32:30.009029+00:00,arms,right_gripper,2079,38,0,0,2079,2079
234.3,2026-08-04T20:32:30.009029+00:00,head,head_motor_1,2158,25,0,0,,
234.3,2026-08-04T20:32:30.009029+00:00,head,head_motor_2,1943,27,0,0,,
234.3,2026-08-04T20:32:30.009029+00:00,head,base_left_wheel,3461,27,0,0,,
234.3,2026-08-04T20:32:30.009029+00:00,head,base_back_wheel,3496,27,0,0,,
234.3,2026-08-04T20:32:30.009029+00:00,head,base_right_wheel,2173,26,0,0,,
235.3,2026-08-04T20:32:31.010076+00:00,arms,left_shoulder_pan,1857,36,0,0,1857,1857
235.3,2026-08-04T20:32:31.010076+00:00,arms,left_shoulder_lift,2403,34,3,68,2389,2403
235.3,2026-08-04T20:32:31.010076+00:00,arms,left_elbow_flex,1644,35,3,72,1629,1644
235.3,2026-08-04T20:32:31.010076+00:00,arms,left_wrist_flex,2172,34,0,24,2169,2172
235.3,2026-08-04T20:32:31.010076+00:00,arms,left_wrist_roll,1987,33,1,1044,1989,1987
235.3,2026-08-04T20:32:31.010076+00:00,arms,left_gripper,2013,37,0,0,2014,2013
235.3,2026-08-04T20:32:31.010076+00:00,arms,right_shoulder_pan,1965,37,0,1056,1974,1965
235.3,2026-08-04T20:32:31.010076+00:00,arms,right_shoulder_lift,2164,44,32,244,2049,2157
235.3,2026-08-04T20:32:31.010076+00:00,arms,right_elbow_flex,2171,42,18,162,2097,2166
235.3,2026-08-04T20:32:31.010076+00:00,arms,right_wrist_flex,1995,36,2,52,1976,1994
235.3,2026-08-04T20:32:31.010076+00:00,arms,right_wrist_roll,2109,35,1,1048,2114,2109
235.3,2026-08-04T20:32:31.010076+00:00,arms,right_gripper,2079,38,0,0,2079,2079
235.3,2026-08-04T20:32:31.010076+00:00,head,head_motor_1,2158,25,0,0,,
235.3,2026-08-04T20:32:31.010076+00:00,head,head_motor_2,1943,27,0,0,,
235.3,2026-08-04T20:32:31.010076+00:00,head,base_left_wheel,3461,27,0,0,,
235.3,2026-08-04T20:32:31.010076+00:00,head,base_back_wheel,3496,27,0,0,,
235.3,2026-08-04T20:32:31.010076+00:00,head,base_right_wheel,2173,26,0,0,,
236.3,2026-08-04T20:32:32.011136+00:00,arms,left_shoulder_pan,1857,36,0,0,1857,1857
236.3,2026-08-04T20:32:32.011136+00:00,arms,left_shoulder_lift,2403,34,3,68,2389,2403
236.3,2026-08-04T20:32:32.011136+00:00,arms,left_elbow_flex,1644,34,3,72,1629,1644
236.3,2026-08-04T20:32:32.011136+00:00,arms,left_wrist_flex,2172,34,0,24,2169,2172
236.3,2026-08-04T20:32:32.011136+00:00,arms,left_wrist_roll,1987,33,1,1044,1989,1987
236.3,2026-08-04T20:32:32.011136+00:00,arms,left_gripper,2013,37,0,0,2014,2013
236.3,2026-08-04T20:32:32.011136+00:00,arms,right_shoulder_pan,1965,37,1,1056,1974,1965
236.3,2026-08-04T20:32:32.011136+00:00,arms,right_shoulder_lift,2164,45,36,244,2049,2157
236.3,2026-08-04T20:32:32.011136+00:00,arms,right_elbow_flex,2171,42,17,162,2097,2166
236.3,2026-08-04T20:32:32.011136+00:00,arms,right_wrist_flex,1995,36,2,52,1976,1994
236.3,2026-08-04T20:32:32.011136+00:00,arms,right_wrist_roll,2109,35,0,1048,2114,2109
236.3,2026-08-04T20:32:32.011136+00:00,arms,right_gripper,2079,37,0,0,2079,2079
236.3,2026-08-04T20:32:32.011136+00:00,head,head_motor_1,2158,25,0,0,,
236.3,2026-08-04T20:32:32.011136+00:00,head,head_motor_2,1943,27,0,0,,
236.3,2026-08-04T20:32:32.011136+00:00,head,base_left_wheel,3461,27,0,0,,
236.3,2026-08-04T20:32:32.011136+00:00,head,base_back_wheel,3496,27,0,0,,
236.3,2026-08-04T20:32:32.011136+00:00,head,base_right_wheel,2173,26,0,0,,
237.3,2026-08-04T20:32:33.012200+00:00,arms,left_shoulder_pan,1857,36,0,0,1857,1857
237.3,2026-08-04T20:32:33.012200+00:00,arms,left_shoulder_lift,2403,34,3,68,2389,2403
237.3,2026-08-04T20:32:33.012200+00:00,arms,left_elbow_flex,1644,34,3,72,1629,1644
237.3,2026-08-04T20:32:33.012200+00:00,arms,left_wrist_flex,2172,34,1,24,2169,2172
237.3,2026-08-04T20:32:33.012200+00:00,arms,left_wrist_roll,1987,33,0,1044,1989,1987
237.3,2026-08-04T20:32:33.012200+00:00,arms,left_gripper,2013,37,0,0,2014,2013
237.3,2026-08-04T20:32:33.012200+00:00,arms,right_shoulder_pan,1965,37,1,1056,1974,1965
237.3,2026-08-04T20:32:33.012200+00:00,arms,right_shoulder_lift,2164,45,39,244,2049,2157
237.3,2026-08-04T20:32:33.012200+00:00,arms,right_elbow_flex,2171,42,17,162,2097,2166
237.3,2026-08-04T20:32:33.012200+00:00,arms,right_wrist_flex,1995,36,1,52,1976,1994
237.3,2026-08-04T20:32:33.012200+00:00,arms,right_wrist_roll,2109,35,1,1048,2114,2109
237.3,2026-08-04T20:32:33.012200+00:00,arms,right_gripper,2079,38,0,0,2079,2079
237.3,2026-08-04T20:32:33.012200+00:00,head,head_motor_1,2158,25,0,0,,
237.3,2026-08-04T20:32:33.012200+00:00,head,head_motor_2,1943,27,0,0,,
237.3,2026-08-04T20:32:33.012200+00:00,head,base_left_wheel,3461,27,0,0,,
237.3,2026-08-04T20:32:33.012200+00:00,head,base_back_wheel,3496,27,0,0,,
237.3,2026-08-04T20:32:33.012200+00:00,head,base_right_wheel,2173,26,0,0,,
238.3,2026-08-04T20:32:34.013247+00:00,arms,left_shoulder_pan,1857,36,0,0,1857,1857
238.3,2026-08-04T20:32:34.013247+00:00,arms,left_shoulder_lift,2403,34,3,68,2389,2403
238.3,2026-08-04T20:32:34.013247+00:00,arms,left_elbow_flex,1644,34,3,72,1629,1644
238.3,2026-08-04T20:32:34.013247+00:00,arms,left_wrist_flex,2172,34,0,24,2169,2172
238.3,2026-08-04T20:32:34.013247+00:00,arms,left_wrist_roll,1987,34,0,1044,1989,1987
238.3,2026-08-04T20:32:34.013247+00:00,arms,left_gripper,2013,37,0,0,2014,2013
238.3,2026-08-04T20:32:34.013247+00:00,arms,right_shoulder_pan,1965,37,1,1056,1974,1965
238.3,2026-08-04T20:32:34.013247+00:00,arms,right_shoulder_lift,2164,45,31,244,2049,2157
238.3,2026-08-04T20:32:34.013247+00:00,arms,right_elbow_flex,2171,42,14,162,2097,2166
238.3,2026-08-04T20:32:34.013247+00:00,arms,right_wrist_flex,1995,37,1,52,1976,1994
238.3,2026-08-04T20:32:34.013247+00:00,arms,right_wrist_roll,2109,35,0,1048,2114,2109
238.3,2026-08-04T20:32:34.013247+00:00,arms,right_gripper,2079,38,0,0,2079,2079
238.3,2026-08-04T20:32:34.013247+00:00,head,head_motor_1,2158,25,0,0,,
238.3,2026-08-04T20:32:34.013247+00:00,head,head_motor_2,1943,27,0,0,,
238.3,2026-08-04T20:32:34.013247+00:00,head,base_left_wheel,3461,27,0,0,,
238.3,2026-08-04T20:32:34.013247+00:00,head,base_back_wheel,3496,27,0,0,,
238.3,2026-08-04T20:32:34.013247+00:00,head,base_right_wheel,2173,28,0,0,,
239.3,2026-08-04T20:32:35.014295+00:00,arms,left_shoulder_pan,1857,36,0,0,1857,1857
239.3,2026-08-04T20:32:35.014295+00:00,arms,left_shoulder_lift,2403,34,4,68,2389,2403
239.3,2026-08-04T20:32:35.014295+00:00,arms,left_elbow_flex,1644,34,3,72,1629,1644
239.3,2026-08-04T20:32:35.014295+00:00,arms,left_wrist_flex,2172,34,1,24,2169,2172
239.3,2026-08-04T20:32:35.014295+00:00,arms,left_wrist_roll,1987,33,0,1044,1989,1987
239.3,2026-08-04T20:32:35.014295+00:00,arms,left_gripper,2013,37,0,0,2014,2013
239.3,2026-08-04T20:32:35.014295+00:00,arms,right_shoulder_pan,1965,37,1,1056,1974,1965
239.3,2026-08-04T20:32:35.014295+00:00,arms,right_shoulder_lift,2164,45,28,244,2049,2157
239.3,2026-08-04T20:32:35.014295+00:00,arms,right_elbow_flex,2171,42,14,162,2097,2166
239.3,2026-08-04T20:32:35.014295+00:00,arms,right_wrist_flex,1995,36,2,52,1976,1994
239.3,2026-08-04T20:32:35.014295+00:00,arms,right_wrist_roll,2109,35,0,1048,2114,2109
239.3,2026-08-04T20:32:35.014295+00:00,arms,right_gripper,2079,38,0,0,2079,2079
239.3,2026-08-04T20:32:35.014295+00:00,head,head_motor_1,2158,25,0,0,,
239.3,2026-08-04T20:32:35.014295+00:00,head,head_motor_2,1943,27,0,0,,
239.3,2026-08-04T20:32:35.014295+00:00,head,base_left_wheel,3461,27,0,0,,
239.3,2026-08-04T20:32:35.014295+00:00,head,base_back_wheel,3496,27,0,0,,
239.3,2026-08-04T20:32:35.014295+00:00,head,base_right_wheel,2173,26,0,0,,
240.3,2026-08-04T20:32:36.015331+00:00,arms,left_shoulder_pan,1857,36,0,0,1857,1857
240.3,2026-08-04T20:32:36.015331+00:00,arms,left_shoulder_lift,2403,34,3,68,2389,2403
240.3,2026-08-04T20:32:36.015331+00:00,arms,left_elbow_flex,1644,34,3,72,1629,1644
240.3,2026-08-04T20:32:36.015331+00:00,arms,left_wrist_flex,2172,34,0,24,2169,2172
240.3,2026-08-04T20:32:36.015331+00:00,arms,left_wrist_roll,1987,33,0,1044,1989,1987
240.3,2026-08-04T20:32:36.015331+00:00,arms,left_gripper,2013,37,0,0,2014,2013
240.3,2026-08-04T20:32:36.015331+00:00,arms,right_shoulder_pan,1965,37,1,1056,1974,1965
240.3,2026-08-04T20:32:36.015331+00:00,arms,right_shoulder_lift,2164,45,28,244,2049,2157
240.3,2026-08-04T20:32:36.015331+00:00,arms,right_elbow_flex,2171,42,20,162,2097,2166
240.3,2026-08-04T20:32:36.015331+00:00,arms,right_wrist_flex,1995,36,1,52,1976,1994
240.3,2026-08-04T20:32:36.015331+00:00,arms,right_wrist_roll,2109,35,0,1048,2114,2109
240.3,2026-08-04T20:32:36.015331+00:00,arms,right_gripper,2079,38,0,0,2079,2079
240.3,2026-08-04T20:32:36.015331+00:00,head,head_motor_1,2158,25,0,0,,
240.3,2026-08-04T20:32:36.015331+00:00,head,head_motor_2,1943,27,0,0,,
240.3,2026-08-04T20:32:36.015331+00:00,head,base_left_wheel,3461,27,0,0,,
240.3,2026-08-04T20:32:36.015331+00:00,head,base_back_wheel,3496,27,0,0,,
240.3,2026-08-04T20:32:36.015331+00:00,head,base_right_wheel,2174,26,0,0,,
241.3,2026-08-04T20:32:37.016378+00:00,arms,left_shoulder_pan,1857,36,0,0,1857,1857
241.3,2026-08-04T20:32:37.016378+00:00,arms,left_shoulder_lift,2403,34,4,68,2389,2403
241.3,2026-08-04T20:32:37.016378+00:00,arms,left_elbow_flex,1644,35,3,72,1629,1644
241.3,2026-08-04T20:32:37.016378+00:00,arms,left_wrist_flex,2172,34,0,24,2169,2172
241.3,2026-08-04T20:32:37.016378+00:00,arms,left_wrist_roll,1987,33,0,1044,1989,1987
241.3,2026-08-04T20:32:37.016378+00:00,arms,left_gripper,2013,37,0,0,2014,2013
241.3,2026-08-04T20:32:37.016378+00:00,arms,right_shoulder_pan,1965,37,1,1056,1974,1965
241.3,2026-08-04T20:32:37.016378+00:00,arms,right_shoulder_lift,2164,45,28,244,2049,2157
241.3,2026-08-04T20:32:37.016378+00:00,arms,right_elbow_flex,2171,42,21,162,2097,2166
241.3,2026-08-04T20:32:37.016378+00:00,arms,right_wrist_flex,1995,36,2,52,1976,1994
241.3,2026-08-04T20:32:37.016378+00:00,arms,right_wrist_roll,2109,35,0,1048,2114,2109
241.3,2026-08-04T20:32:37.016378+00:00,arms,right_gripper,2079,37,0,0,2079,2079
241.3,2026-08-04T20:32:37.016378+00:00,head,head_motor_1,2158,25,0,0,,
241.3,2026-08-04T20:32:37.016378+00:00,head,head_motor_2,1943,27,0,0,,
241.3,2026-08-04T20:32:37.016378+00:00,head,base_left_wheel,3461,27,0,0,,
241.3,2026-08-04T20:32:37.016378+00:00,head,base_back_wheel,3496,27,0,0,,
241.3,2026-08-04T20:32:37.016378+00:00,head,base_right_wheel,2173,26,0,0,,
242.3,2026-08-04T20:32:38.017415+00:00,arms,left_shoulder_pan,1857,36,0,0,1857,1857
242.3,2026-08-04T20:32:38.017415+00:00,arms,left_shoulder_lift,2403,34,3,68,2389,2403
242.3,2026-08-04T20:32:38.017415+00:00,arms,left_elbow_flex,1644,35,3,72,1629,1644
242.3,2026-08-04T20:32:38.017415+00:00,arms,left_wrist_flex,2172,34,0,24,2169,2172
242.3,2026-08-04T20:32:38.017415+00:00,arms,left_wrist_roll,1987,33,0,1044,1989,1987
242.3,2026-08-04T20:32:38.017415+00:00,arms,left_gripper,2013,37,0,0,2014,2013
242.3,2026-08-04T20:32:38.017415+00:00,arms,right_shoulder_pan,1965,37,1,1056,1974,1965
242.3,2026-08-04T20:32:38.017415+00:00,arms,right_shoulder_lift,2164,45,31,244,2049,2157
242.3,2026-08-04T20:32:38.017415+00:00,arms,right_elbow_flex,2171,42,14,162,2097,2166
242.3,2026-08-04T20:32:38.017415+00:00,arms,right_wrist_flex,1995,36,2,52,1976,1994
242.3,2026-08-04T20:32:38.017415+00:00,arms,right_wrist_roll,2109,35,0,1048,2114,2109
242.3,2026-08-04T20:32:38.017415+00:00,arms,right_gripper,2079,38,0,0,2079,2079
242.3,2026-08-04T20:32:38.017415+00:00,head,head_motor_1,2158,25,0,0,,
242.3,2026-08-04T20:32:38.017415+00:00,head,head_motor_2,1943,27,0,0,,
242.3,2026-08-04T20:32:38.017415+00:00,head,base_left_wheel,3461,27,0,0,,
242.3,2026-08-04T20:32:38.017415+00:00,head,base_back_wheel,3496,27,0,0,,
242.3,2026-08-04T20:32:38.017415+00:00,head,base_right_wheel,2173,26,0,0,,
243.3,2026-08-04T20:32:39.018454+00:00,arms,left_shoulder_pan,1857,36,0,0,1857,1857
243.3,2026-08-04T20:32:39.018454+00:00,arms,left_shoulder_lift,2403,34,4,68,2389,2403
243.3,2026-08-04T20:32:39.018454+00:00,arms,left_elbow_flex,1644,34,3,72,1629,1644
243.3,2026-08-04T20:32:39.018454+00:00,arms,left_wrist_flex,2172,34,0,24,2169,2172
243.3,2026-08-04T20:32:39.018454+00:00,arms,left_wrist_roll,1987,33,0,1044,1989,1987
243.3,2026-08-04T20:32:39.018454+00:00,arms,left_gripper,2013,37,0,0,2014,2013
243.3,2026-08-04T20:32:39.018454+00:00,arms,right_shoulder_pan,1965,37,0,1056,1974,1965
243.3,2026-08-04T20:32:39.018454+00:00,arms,right_shoulder_lift,2164,45,29,244,2049,2157
243.3,2026-08-04T20:32:39.018454+00:00,arms,right_elbow_flex,2171,42,20,162,2097,2166
243.3,2026-08-04T20:32:39.018454+00:00,arms,right_wrist_flex,1995,36,2,52,1976,1994
243.3,2026-08-04T20:32:39.018454+00:00,arms,right_wrist_roll,2109,35,0,1048,2114,2109
243.3,2026-08-04T20:32:39.018454+00:00,arms,right_gripper,2079,38,0,0,2079,2079
243.3,2026-08-04T20:32:39.018454+00:00,head,head_motor_1,2158,25,0,0,,
243.3,2026-08-04T20:32:39.018454+00:00,head,head_motor_2,1943,27,0,0,,
243.3,2026-08-04T20:32:39.018454+00:00,head,base_left_wheel,3461,27,0,0,,
243.3,2026-08-04T20:32:39.018454+00:00,head,base_back_wheel,3496,27,0,0,,
243.3,2026-08-04T20:32:39.018454+00:00,head,base_right_wheel,2173,26,0,0,,
244.3,2026-08-04T20:32:40.019502+00:00,arms,left_shoulder_pan,1857,36,0,0,1857,1857
244.3,2026-08-04T20:32:40.019502+00:00,arms,left_shoulder_lift,2403,34,4,68,2389,2403
244.3,2026-08-04T20:32:40.019502+00:00,arms,left_elbow_flex,1644,35,3,72,1629,1644
244.3,2026-08-04T20:32:40.019502+00:00,arms,left_wrist_flex,2172,34,0,24,2169,2172
244.3,2026-08-04T20:32:40.019502+00:00,arms,left_wrist_roll,1987,33,0,1044,1989,1987
244.3,2026-08-04T20:32:40.019502+00:00,arms,left_gripper,2013,37,0,0,2014,2013
244.3,2026-08-04T20:32:40.019502+00:00,arms,right_shoulder_pan,1965,37,1,1056,1974,1965
244.3,2026-08-04T20:32:40.019502+00:00,arms,right_shoulder_lift,2164,45,28,244,2049,2157
244.3,2026-08-04T20:32:40.019502+00:00,arms,right_elbow_flex,2171,42,20,162,2097,2166
244.3,2026-08-04T20:32:40.019502+00:00,arms,right_wrist_flex,1995,36,1,52,1976,1994
244.3,2026-08-04T20:32:40.019502+00:00,arms,right_wrist_roll,2109,35,0,1048,2114,2109
244.3,2026-08-04T20:32:40.019502+00:00,arms,right_gripper,2079,38,0,0,2079,2079
244.3,2026-08-04T20:32:40.019502+00:00,head,head_motor_1,2158,25,0,0,,
244.3,2026-08-04T20:32:40.019502+00:00,head,head_motor_2,1943,27,0,0,,
244.3,2026-08-04T20:32:40.019502+00:00,head,base_left_wheel,3461,27,0,0,,
244.3,2026-08-04T20:32:40.019502+00:00,head,base_back_wheel,3496,27,0,0,,
244.3,2026-08-04T20:32:40.019502+00:00,head,base_right_wheel,2173,26,0,0,,
245.3,2026-08-04T20:32:41.019591+00:00,arms,left_shoulder_pan,1857,36,0,0,1857,1857
245.3,2026-08-04T20:32:41.019591+00:00,arms,left_shoulder_lift,2403,34,4,68,2389,2403
245.3,2026-08-04T20:32:41.019591+00:00,arms,left_elbow_flex,1644,35,3,72,1629,1644
245.3,2026-08-04T20:32:41.019591+00:00,arms,left_wrist_flex,2172,34,1,24,2169,2172
245.3,2026-08-04T20:32:41.019591+00:00,arms,left_wrist_roll,1987,33,0,1044,1989,1987
245.3,2026-08-04T20:32:41.019591+00:00,arms,left_gripper,2013,37,1,0,2014,2013
245.3,2026-08-04T20:32:41.019591+00:00,arms,right_shoulder_pan,1965,37,1,1056,1974,1965
245.3,2026-08-04T20:32:41.019591+00:00,arms,right_shoulder_lift,2164,45,36,244,2049,2157
245.3,2026-08-04T20:32:41.019591+00:00,arms,right_elbow_flex,2171,43,21,162,2097,2166
245.3,2026-08-04T20:32:41.019591+00:00,arms,right_wrist_flex,1995,36,1,52,1976,1994
245.3,2026-08-04T20:32:41.019591+00:00,arms,right_wrist_roll,2109,35,1,1048,2114,2109
245.3,2026-08-04T20:32:41.019591+00:00,arms,right_gripper,2079,38,0,0,2079,2079
245.3,2026-08-04T20:32:41.019591+00:00,head,head_motor_1,2158,25,0,0,,
245.3,2026-08-04T20:32:41.019591+00:00,head,head_motor_2,1943,27,0,0,,
245.3,2026-08-04T20:32:41.019591+00:00,head,base_left_wheel,3461,27,0,0,,
245.3,2026-08-04T20:32:41.019591+00:00,head,base_back_wheel,3496,27,0,0,,
245.3,2026-08-04T20:32:41.019591+00:00,head,base_right_wheel,2173,26,0,0,,
246.3,2026-08-04T20:32:42.020637+00:00,arms,left_shoulder_pan,1857,36,0,0,1857,1857
246.3,2026-08-04T20:32:42.020637+00:00,arms,left_shoulder_lift,2403,34,4,68,2389,2403
246.3,2026-08-04T20:32:42.020637+00:00,arms,left_elbow_flex,1644,34,3,72,1629,1644
246.3,2026-08-04T20:32:42.020637+00:00,arms,left_wrist_flex,2172,34,0,24,2169,2172
246.3,2026-08-04T20:32:42.020637+00:00,arms,left_wrist_roll,1987,33,0,1044,1989,1987
246.3,2026-08-04T20:32:42.020637+00:00,arms,left_gripper,2013,37,0,0,2014,2013
246.3,2026-08-04T20:32:42.020637+00:00,arms,right_shoulder_pan,1965,37,1,1056,1974,1965
246.3,2026-08-04T20:32:42.020637+00:00,arms,right_shoulder_lift,2164,45,29,244,2049,2157
246.3,2026-08-04T20:32:42.020637+00:00,arms,right_elbow_flex,2171,42,14,162,2097,2166
246.3,2026-08-04T20:32:42.020637+00:00,arms,right_wrist_flex,1995,36,2,52,1976,1994
246.3,2026-08-04T20:32:42.020637+00:00,arms,right_wrist_roll,2109,35,0,1048,2114,2109
246.3,2026-08-04T20:32:42.020637+00:00,arms,right_gripper,2079,38,0,0,2079,2079
246.3,2026-08-04T20:32:42.020637+00:00,head,head_motor_1,2158,25,0,0,,
246.3,2026-08-04T20:32:42.020637+00:00,head,head_motor_2,1943,27,0,0,,
246.3,2026-08-04T20:32:42.020637+00:00,head,base_left_wheel,3461,27,0,0,,
246.3,2026-08-04T20:32:42.020637+00:00,head,base_back_wheel,3496,27,0,0,,
246.3,2026-08-04T20:32:42.020637+00:00,head,base_right_wheel,2173,26,0,0,,
247.3,2026-08-04T20:32:43.021673+00:00,arms,left_shoulder_pan,1857,36,0,0,1857,1857
247.3,2026-08-04T20:32:43.021673+00:00,arms,left_shoulder_lift,2403,34,3,68,2389,2403
247.3,2026-08-04T20:32:43.021673+00:00,arms,left_elbow_flex,1644,34,4,72,1629,1644
247.3,2026-08-04T20:32:43.021673+00:00,arms,left_wrist_flex,2172,34,0,24,2169,2172
247.3,2026-08-04T20:32:43.021673+00:00,arms,left_wrist_roll,1987,33,1,1044,1989,1987
247.3,2026-08-04T20:32:43.021673+00:00,arms,left_gripper,2013,37,0,0,2014,2013
247.3,2026-08-04T20:32:43.021673+00:00,arms,right_shoulder_pan,1965,37,0,1056,1974,1965
247.3,2026-08-04T20:32:43.021673+00:00,arms,right_shoulder_lift,2164,45,29,244,2049,2157
247.3,2026-08-04T20:32:43.021673+00:00,arms,right_elbow_flex,2171,42,21,162,2097,2166
247.3,2026-08-04T20:32:43.021673+00:00,arms,right_wrist_flex,1995,36,2,52,1976,1994
247.3,2026-08-04T20:32:43.021673+00:00,arms,right_wrist_roll,2109,35,0,1048,2114,2109
247.3,2026-08-04T20:32:43.021673+00:00,arms,right_gripper,2079,38,0,0,2079,2079
247.3,2026-08-04T20:32:43.021673+00:00,head,head_motor_1,2158,25,0,0,,
247.3,2026-08-04T20:32:43.021673+00:00,head,head_motor_2,1943,27,0,0,,
247.3,2026-08-04T20:32:43.021673+00:00,head,base_left_wheel,3461,27,0,0,,
247.3,2026-08-04T20:32:43.021673+00:00,head,base_back_wheel,3496,27,0,0,,
247.3,2026-08-04T20:32:43.021673+00:00,head,base_right_wheel,2173,26,0,0,,
248.3,2026-08-04T20:32:44.022716+00:00,arms,left_shoulder_pan,1857,36,0,0,1857,1857
248.3,2026-08-04T20:32:44.022716+00:00,arms,left_shoulder_lift,2403,34,3,68,2389,2403
248.3,2026-08-04T20:32:44.022716+00:00,arms,left_elbow_flex,1644,34,3,72,1629,1644
248.3,2026-08-04T20:32:44.022716+00:00,arms,left_wrist_flex,2172,34,0,24,2169,2172
248.3,2026-08-04T20:32:44.022716+00:00,arms,left_wrist_roll,1987,33,1,1044,1989,1987
248.3,2026-08-04T20:32:44.022716+00:00,arms,left_gripper,2013,37,0,0,2014,2013
248.3,2026-08-04T20:32:44.022716+00:00,arms,right_shoulder_pan,1965,37,0,1056,1974,1965
248.3,2026-08-04T20:32:44.022716+00:00,arms,right_shoulder_lift,2164,45,28,244,2049,2157
248.3,2026-08-04T20:32:44.022716+00:00,arms,right_elbow_flex,2171,42,19,162,2097,2166
248.3,2026-08-04T20:32:44.022716+00:00,arms,right_wrist_flex,1995,36,1,52,1976,1994
248.3,2026-08-04T20:32:44.022716+00:00,arms,right_wrist_roll,2109,35,0,1048,2114,2109
248.3,2026-08-04T20:32:44.022716+00:00,arms,right_gripper,2079,38,0,0,2079,2079
248.3,2026-08-04T20:32:44.022716+00:00,head,head_motor_1,2158,25,0,0,,
248.3,2026-08-04T20:32:44.022716+00:00,head,head_motor_2,1943,27,0,0,,
248.3,2026-08-04T20:32:44.022716+00:00,head,base_left_wheel,3461,27,0,0,,
248.3,2026-08-04T20:32:44.022716+00:00,head,base_back_wheel,3496,27,0,0,,
248.3,2026-08-04T20:32:44.022716+00:00,head,base_right_wheel,2173,26,0,0,,
249.3,2026-08-04T20:32:45.023598+00:00,arms,left_shoulder_pan,1857,36,0,0,1857,1857
249.3,2026-08-04T20:32:45.023598+00:00,arms,left_shoulder_lift,2403,34,4,68,2389,2403
249.3,2026-08-04T20:32:45.023598+00:00,arms,left_elbow_flex,1644,35,3,72,1629,1644
249.3,2026-08-04T20:32:45.023598+00:00,arms,left_wrist_flex,2172,34,0,24,2169,2172
249.3,2026-08-04T20:32:45.023598+00:00,arms,left_wrist_roll,1987,33,0,1044,1989,1987
249.3,2026-08-04T20:32:45.023598+00:00,arms,left_gripper,2013,37,0,0,2014,2013
249.3,2026-08-04T20:32:45.023598+00:00,arms,right_shoulder_pan,1965,37,1,1056,1974,1965
249.3,2026-08-04T20:32:45.023598+00:00,arms,right_shoulder_lift,2164,45,29,244,2049,2157
249.3,2026-08-04T20:32:45.023598+00:00,arms,right_elbow_flex,2171,42,17,162,2097,2166
249.3,2026-08-04T20:32:45.023598+00:00,arms,right_wrist_flex,1995,36,2,52,1976,1994
249.3,2026-08-04T20:32:45.023598+00:00,arms,right_wrist_roll,2109,35,0,1048,2114,2109
249.3,2026-08-04T20:32:45.023598+00:00,arms,right_gripper,2079,38,0,0,2079,2079
249.3,2026-08-04T20:32:45.023598+00:00,head,head_motor_1,2158,25,0,0,,
249.3,2026-08-04T20:32:45.023598+00:00,head,head_motor_2,1943,27,0,0,,
249.3,2026-08-04T20:32:45.023598+00:00,head,base_left_wheel,3461,27,0,0,,
249.3,2026-08-04T20:32:45.023598+00:00,head,base_back_wheel,3496,27,0,0,,
249.3,2026-08-04T20:32:45.023598+00:00,head,base_right_wheel,2173,26,0,0,,
250.3,2026-08-04T20:32:46.024642+00:00,arms,left_shoulder_pan,1857,36,0,0,1857,1857
250.3,2026-08-04T20:32:46.024642+00:00,arms,left_shoulder_lift,2403,34,3,68,2389,2403
250.3,2026-08-04T20:32:46.024642+00:00,arms,left_elbow_flex,1644,35,3,72,1629,1644
250.3,2026-08-04T20:32:46.024642+00:00,arms,left_wrist_flex,2172,34,0,24,2169,2172
250.3,2026-08-04T20:32:46.024642+00:00,arms,left_wrist_roll,1987,33,0,1044,1989,1987
250.3,2026-08-04T20:32:46.024642+00:00,arms,left_gripper,2013,37,0,0,2014,2013
250.3,2026-08-04T20:32:46.024642+00:00,arms,right_shoulder_pan,1965,37,1,1056,1974,1965
250.3,2026-08-04T20:32:46.024642+00:00,arms,right_shoulder_lift,2164,45,37,244,2049,2157
250.3,2026-08-04T20:32:46.024642+00:00,arms,right_elbow_flex,2171,42,20,162,2097,2166
250.3,2026-08-04T20:32:46.024642+00:00,arms,right_wrist_flex,1995,36,1,52,1976,1994
250.3,2026-08-04T20:32:46.024642+00:00,arms,right_wrist_roll,2109,35,1,1048,2114,2109
250.3,2026-08-04T20:32:46.024642+00:00,arms,right_gripper,2079,38,0,0,2079,2079
250.3,2026-08-04T20:32:46.024642+00:00,head,head_motor_1,2158,25,0,0,,
250.3,2026-08-04T20:32:46.024642+00:00,head,head_motor_2,1943,27,0,0,,
250.3,2026-08-04T20:32:46.024642+00:00,head,base_left_wheel,3461,27,0,0,,
250.3,2026-08-04T20:32:46.024642+00:00,head,base_back_wheel,3496,27,0,0,,
250.3,2026-08-04T20:32:46.024642+00:00,head,base_right_wheel,2173,26,0,0,,
251.3,2026-08-04T20:32:47.025681+00:00,arms,left_shoulder_pan,1857,36,0,0,1857,1857
251.3,2026-08-04T20:32:47.025681+00:00,arms,left_shoulder_lift,2403,34,3,68,2389,2403
251.3,2026-08-04T20:32:47.025681+00:00,arms,left_elbow_flex,1644,34,3,72,1629,1644
251.3,2026-08-04T20:32:47.025681+00:00,arms,left_wrist_flex,2172,34,0,24,2169,2172
251.3,2026-08-04T20:32:47.025681+00:00,arms,left_wrist_roll,1987,33,0,1044,1989,1987
251.3,2026-08-04T20:32:47.025681+00:00,arms,left_gripper,2013,37,0,0,2014,2013
251.3,2026-08-04T20:32:47.025681+00:00,arms,right_shoulder_pan,1965,37,0,1056,1974,1965
251.3,2026-08-04T20:32:47.025681+00:00,arms,right_shoulder_lift,2164,45,29,244,2049,2157
251.3,2026-08-04T20:32:47.025681+00:00,arms,right_elbow_flex,2171,42,14,162,2097,2166
251.3,2026-08-04T20:32:47.025681+00:00,arms,right_wrist_flex,1995,36,2,52,1976,1994
251.3,2026-08-04T20:32:47.025681+00:00,arms,right_wrist_roll,2109,35,0,1048,2114,2109
251.3,2026-08-04T20:32:47.025681+00:00,arms,right_gripper,2079,38,0,0,2079,2079
251.3,2026-08-04T20:32:47.025681+00:00,head,head_motor_1,2158,25,0,0,,
251.3,2026-08-04T20:32:47.025681+00:00,head,head_motor_2,1943,27,0,0,,
251.3,2026-08-04T20:32:47.025681+00:00,head,base_left_wheel,3461,29,0,0,,
251.3,2026-08-04T20:32:47.025681+00:00,head,base_back_wheel,3496,27,0,0,,
251.3,2026-08-04T20:32:47.025681+00:00,head,base_right_wheel,2173,26,0,0,,
252.3,2026-08-04T20:32:48.026721+00:00,arms,left_shoulder_pan,1857,36,0,0,1857,1857
252.3,2026-08-04T20:32:48.026721+00:00,arms,left_shoulder_lift,2403,34,4,68,2389,2403
252.3,2026-08-04T20:32:48.026721+00:00,arms,left_elbow_flex,1644,35,3,72,1629,1644
252.3,2026-08-04T20:32:48.026721+00:00,arms,left_wrist_flex,2172,34,0,24,2169,2172
252.3,2026-08-04T20:32:48.026721+00:00,arms,left_wrist_roll,1987,33,1,1044,1989,1987
252.3,2026-08-04T20:32:48.026721+00:00,arms,left_gripper,2013,37,0,0,2014,2013
252.3,2026-08-04T20:32:48.026721+00:00,arms,right_shoulder_pan,1965,37,1,1056,1974,1965
252.3,2026-08-04T20:32:48.026721+00:00,arms,right_shoulder_lift,2164,45,28,244,2049,2157
252.3,2026-08-04T20:32:48.026721+00:00,arms,right_elbow_flex,2171,42,20,162,2097,2166
252.3,2026-08-04T20:32:48.026721+00:00,arms,right_wrist_flex,1995,36,2,52,1976,1994
252.3,2026-08-04T20:32:48.026721+00:00,arms,right_wrist_roll,2109,35,0,1048,2114,2109
252.3,2026-08-04T20:32:48.026721+00:00,arms,right_gripper,2079,38,0,0,2079,2079
252.3,2026-08-04T20:32:48.026721+00:00,head,head_motor_1,2158,25,0,0,,
252.3,2026-08-04T20:32:48.026721+00:00,head,head_motor_2,1943,27,0,0,,
252.3,2026-08-04T20:32:48.026721+00:00,head,base_left_wheel,3461,27,0,0,,
252.3,2026-08-04T20:32:48.026721+00:00,head,base_back_wheel,3496,27,0,0,,
252.3,2026-08-04T20:32:48.026721+00:00,head,base_right_wheel,2173,26,0,0,,
253.3,2026-08-04T20:32:49.027763+00:00,arms,left_shoulder_pan,1857,36,0,0,1857,1857
253.3,2026-08-04T20:32:49.027763+00:00,arms,left_shoulder_lift,2403,34,4,68,2389,2403
253.3,2026-08-04T20:32:49.027763+00:00,arms,left_elbow_flex,1644,34,3,72,1629,1644
253.3,2026-08-04T20:32:49.027763+00:00,arms,left_wrist_flex,2172,34,0,24,2169,2172
253.3,2026-08-04T20:32:49.027763+00:00,arms,left_wrist_roll,1987,33,0,1044,1989,1987
253.3,2026-08-04T20:32:49.027763+00:00,arms,left_gripper,2013,37,0,0,2014,2013
253.3,2026-08-04T20:32:49.027763+00:00,arms,right_shoulder_pan,1965,37,1,1056,1974,1965
253.3,2026-08-04T20:32:49.027763+00:00,arms,right_shoulder_lift,2164,45,35,244,2049,2157
253.3,2026-08-04T20:32:49.027763+00:00,arms,right_elbow_flex,2171,42,16,162,2097,2166
253.3,2026-08-04T20:32:49.027763+00:00,arms,right_wrist_flex,1995,36,2,52,1976,1994
253.3,2026-08-04T20:32:49.027763+00:00,arms,right_wrist_roll,2109,35,0,1048,2114,2109
253.3,2026-08-04T20:32:49.027763+00:00,arms,right_gripper,2079,38,0,0,2079,2079
253.3,2026-08-04T20:32:49.027763+00:00,head,head_motor_1,2158,25,0,0,,
253.3,2026-08-04T20:32:49.027763+00:00,head,head_motor_2,1943,27,0,0,,
253.3,2026-08-04T20:32:49.027763+00:00,head,base_left_wheel,3461,27,0,0,,
253.3,2026-08-04T20:32:49.027763+00:00,head,base_back_wheel,3496,27,0,0,,
253.3,2026-08-04T20:32:49.027763+00:00,head,base_right_wheel,2173,26,0,0,,
254.3,2026-08-04T20:32:50.028808+00:00,arms,left_shoulder_pan,1857,36,0,0,1857,1857
254.3,2026-08-04T20:32:50.028808+00:00,arms,left_shoulder_lift,2403,34,3,68,2389,2403
254.3,2026-08-04T20:32:50.028808+00:00,arms,left_elbow_flex,1644,34,3,72,1629,1644
254.3,2026-08-04T20:32:50.028808+00:00,arms,left_wrist_flex,2172,33,0,24,2169,2172
254.3,2026-08-04T20:32:50.028808+00:00,arms,left_wrist_roll,1987,33,0,1044,1989,1987
254.3,2026-08-04T20:32:50.028808+00:00,arms,left_gripper,2013,37,0,0,2014,2013
254.3,2026-08-04T20:32:50.028808+00:00,arms,right_shoulder_pan,1965,37,1,1056,1974,1965
254.3,2026-08-04T20:32:50.028808+00:00,arms,right_shoulder_lift,2164,45,36,244,2049,2157
254.3,2026-08-04T20:32:50.028808+00:00,arms,right_elbow_flex,2171,42,20,162,2097,2166
254.3,2026-08-04T20:32:50.028808+00:00,arms,right_wrist_flex,1995,36,2,52,1976,1994
254.3,2026-08-04T20:32:50.028808+00:00,arms,right_wrist_roll,2109,35,1,1048,2114,2109
254.3,2026-08-04T20:32:50.028808+00:00,arms,right_gripper,2079,38,0,0,2079,2079
254.3,2026-08-04T20:32:50.028808+00:00,head,head_motor_1,2158,25,0,0,,
254.3,2026-08-04T20:32:50.028808+00:00,head,head_motor_2,1943,27,0,0,,
254.3,2026-08-04T20:32:50.028808+00:00,head,base_left_wheel,3461,27,0,0,,
254.3,2026-08-04T20:32:50.028808+00:00,head,base_back_wheel,3496,27,0,0,,
254.3,2026-08-04T20:32:50.028808+00:00,head,base_right_wheel,2173,26,0,0,,
255.3,2026-08-04T20:32:51.029855+00:00,arms,left_shoulder_pan,1857,36,0,0,1857,1857
255.3,2026-08-04T20:32:51.029855+00:00,arms,left_shoulder_lift,2403,34,3,68,2389,2403
255.3,2026-08-04T20:32:51.029855+00:00,arms,left_elbow_flex,1644,34,3,72,1629,1644
255.3,2026-08-04T20:32:51.029855+00:00,arms,left_wrist_flex,2172,34,0,24,2169,2172
255.3,2026-08-04T20:32:51.029855+00:00,arms,left_wrist_roll,1987,33,0,1044,1989,1987
255.3,2026-08-04T20:32:51.029855+00:00,arms,left_gripper,2013,37,0,0,2014,2013
255.3,2026-08-04T20:32:51.029855+00:00,arms,right_shoulder_pan,1965,37,0,1056,1974,1965
255.3,2026-08-04T20:32:51.029855+00:00,arms,right_shoulder_lift,2164,45,33,244,2049,2157
255.3,2026-08-04T20:32:51.029855+00:00,arms,right_elbow_flex,2171,42,21,162,2097,2166
255.3,2026-08-04T20:32:51.029855+00:00,arms,right_wrist_flex,1995,36,2,52,1976,1994
255.3,2026-08-04T20:32:51.029855+00:00,arms,right_wrist_roll,2109,35,1,1048,2114,2109
255.3,2026-08-04T20:32:51.029855+00:00,arms,right_gripper,2079,38,0,0,2079,2079
255.3,2026-08-04T20:32:51.029855+00:00,head,head_motor_1,2158,25,0,0,,
255.3,2026-08-04T20:32:51.029855+00:00,head,head_motor_2,1943,27,0,0,,
255.3,2026-08-04T20:32:51.029855+00:00,head,base_left_wheel,3461,27,0,0,,
255.3,2026-08-04T20:32:51.029855+00:00,head,base_back_wheel,3496,27,0,0,,
255.3,2026-08-04T20:32:51.029855+00:00,head,base_right_wheel,2173,26,0,0,,
256.3,2026-08-04T20:32:52.030899+00:00,arms,left_shoulder_pan,1857,36,0,0,1857,1857
256.3,2026-08-04T20:32:52.030899+00:00,arms,left_shoulder_lift,2403,34,3,68,2389,2403
256.3,2026-08-04T20:32:52.030899+00:00,arms,left_elbow_flex,1644,35,3,72,1629,1644
256.3,2026-08-04T20:32:52.030899+00:00,arms,left_wrist_flex,2172,34,0,24,2169,2172
256.3,2026-08-04T20:32:52.030899+00:00,arms,left_wrist_roll,1987,33,0,1044,1989,1987
256.3,2026-08-04T20:32:52.030899+00:00,arms,left_gripper,2013,37,0,0,2014,2013
256.3,2026-08-04T20:32:52.030899+00:00,arms,right_shoulder_pan,1965,37,1,1056,1974,1965
256.3,2026-08-04T20:32:52.030899+00:00,arms,right_shoulder_lift,2164,45,29,244,2049,2157
256.3,2026-08-04T20:32:52.030899+00:00,arms,right_elbow_flex,2171,42,20,162,2097,2166
256.3,2026-08-04T20:32:52.030899+00:00,arms,right_wrist_flex,1995,36,2,52,1976,1994
256.3,2026-08-04T20:32:52.030899+00:00,arms,right_wrist_roll,2109,35,0,1048,2114,2109
256.3,2026-08-04T20:32:52.030899+00:00,arms,right_gripper,2079,38,0,0,2079,2079
256.3,2026-08-04T20:32:52.030899+00:00,head,head_motor_1,2158,25,0,0,,
256.3,2026-08-04T20:32:52.030899+00:00,head,head_motor_2,1943,27,0,0,,
256.3,2026-08-04T20:32:52.030899+00:00,head,base_left_wheel,3461,27,0,0,,
256.3,2026-08-04T20:32:52.030899+00:00,head,base_back_wheel,3496,27,0,0,,
256.3,2026-08-04T20:32:52.030899+00:00,head,base_right_wheel,2173,26,0,0,,
257.3,2026-08-04T20:32:53.031592+00:00,arms,left_shoulder_pan,1857,36,0,0,1857,1857
257.3,2026-08-04T20:32:53.031592+00:00,arms,left_shoulder_lift,2403,34,4,68,2389,2403
257.3,2026-08-04T20:32:53.031592+00:00,arms,left_elbow_flex,1644,35,3,72,1629,1644
257.3,2026-08-04T20:32:53.031592+00:00,arms,left_wrist_flex,2172,34,0,24,2169,2172
257.3,2026-08-04T20:32:53.031592+00:00,arms,left_wrist_roll,1987,33,0,1044,1989,1987
257.3,2026-08-04T20:32:53.031592+00:00,arms,left_gripper,2013,37,0,0,2014,2013
257.3,2026-08-04T20:32:53.031592+00:00,arms,right_shoulder_pan,1965,37,1,1056,1974,1965
257.3,2026-08-04T20:32:53.031592+00:00,arms,right_shoulder_lift,2164,45,28,244,2049,2157
257.3,2026-08-04T20:32:53.031592+00:00,arms,right_elbow_flex,2171,42,16,162,2097,2166
257.3,2026-08-04T20:32:53.031592+00:00,arms,right_wrist_flex,1995,36,1,52,1976,1994
257.3,2026-08-04T20:32:53.031592+00:00,arms,right_wrist_roll,2109,35,1,1048,2114,2109
257.3,2026-08-04T20:32:53.031592+00:00,arms,right_gripper,2079,38,0,0,2079,2079
257.3,2026-08-04T20:32:53.031592+00:00,head,head_motor_1,2158,25,0,0,,
257.3,2026-08-04T20:32:53.031592+00:00,head,head_motor_2,1943,27,0,0,,
257.3,2026-08-04T20:32:53.031592+00:00,head,base_left_wheel,3461,27,0,0,,
257.3,2026-08-04T20:32:53.031592+00:00,head,base_back_wheel,3496,27,0,0,,
257.3,2026-08-04T20:32:53.031592+00:00,head,base_right_wheel,2174,26,0,0,,
258.3,2026-08-04T20:32:54.032628+00:00,arms,left_shoulder_pan,1857,36,0,0,1857,1857
258.3,2026-08-04T20:32:54.032628+00:00,arms,left_shoulder_lift,2403,34,3,68,2389,2403
258.3,2026-08-04T20:32:54.032628+00:00,arms,left_elbow_flex,1644,35,3,72,1629,1644
258.3,2026-08-04T20:32:54.032628+00:00,arms,left_wrist_flex,2172,34,0,24,2169,2172
258.3,2026-08-04T20:32:54.032628+00:00,arms,left_wrist_roll,1987,33,1,1044,1989,1987
258.3,2026-08-04T20:32:54.032628+00:00,arms,left_gripper,2013,37,0,0,2014,2013
258.3,2026-08-04T20:32:54.032628+00:00,arms,right_shoulder_pan,1965,37,1,1056,1974,1965
258.3,2026-08-04T20:32:54.032628+00:00,arms,right_shoulder_lift,2164,46,28,244,2049,2157
258.3,2026-08-04T20:32:54.032628+00:00,arms,right_elbow_flex,2171,42,20,162,2097,2166
258.3,2026-08-04T20:32:54.032628+00:00,arms,right_wrist_flex,1995,36,2,52,1976,1994
258.3,2026-08-04T20:32:54.032628+00:00,arms,right_wrist_roll,2109,35,0,1048,2114,2109
258.3,2026-08-04T20:32:54.032628+00:00,arms,right_gripper,2079,38,0,0,2079,2079
258.3,2026-08-04T20:32:54.032628+00:00,head,head_motor_1,2158,25,0,0,,
258.3,2026-08-04T20:32:54.032628+00:00,head,head_motor_2,1943,27,0,0,,
258.3,2026-08-04T20:32:54.032628+00:00,head,base_left_wheel,3461,27,0,0,,
258.3,2026-08-04T20:32:54.032628+00:00,head,base_back_wheel,3496,27,0,0,,
258.3,2026-08-04T20:32:54.032628+00:00,head,base_right_wheel,2173,26,0,0,,
259.3,2026-08-04T20:32:55.033683+00:00,arms,left_shoulder_pan,1857,36,0,0,1857,1857
259.3,2026-08-04T20:32:55.033683+00:00,arms,left_shoulder_lift,2403,34,4,68,2389,2403
259.3,2026-08-04T20:32:55.033683+00:00,arms,left_elbow_flex,1644,35,3,72,1629,1644
259.3,2026-08-04T20:32:55.033683+00:00,arms,left_wrist_flex,2172,34,0,24,2169,2172
259.3,2026-08-04T20:32:55.033683+00:00,arms,left_wrist_roll,1987,33,0,1044,1989,1987
259.3,2026-08-04T20:32:55.033683+00:00,arms,left_gripper,2013,37,0,0,2014,2013
259.3,2026-08-04T20:32:55.033683+00:00,arms,right_shoulder_pan,1965,37,1,1056,1974,1965
259.3,2026-08-04T20:32:55.033683+00:00,arms,right_shoulder_lift,2164,46,35,244,2049,2157
259.3,2026-08-04T20:32:55.033683+00:00,arms,right_elbow_flex,2171,42,20,162,2097,2166
259.3,2026-08-04T20:32:55.033683+00:00,arms,right_wrist_flex,1995,36,2,52,1976,1994
259.3,2026-08-04T20:32:55.033683+00:00,arms,right_wrist_roll,2109,36,0,1048,2114,2109
259.3,2026-08-04T20:32:55.033683+00:00,arms,right_gripper,2079,38,0,0,2079,2079
259.3,2026-08-04T20:32:55.033683+00:00,head,head_motor_1,2158,25,0,0,,
259.3,2026-08-04T20:32:55.033683+00:00,head,head_motor_2,1943,27,0,0,,
259.3,2026-08-04T20:32:55.033683+00:00,head,base_left_wheel,3461,27,0,0,,
259.3,2026-08-04T20:32:55.033683+00:00,head,base_back_wheel,3496,27,0,0,,
259.3,2026-08-04T20:32:55.033683+00:00,head,base_right_wheel,2173,26,0,0,,
260.3,2026-08-04T20:32:56.034728+00:00,arms,left_shoulder_pan,1857,36,0,0,1857,1857
260.3,2026-08-04T20:32:56.034728+00:00,arms,left_shoulder_lift,2403,34,4,68,2389,2403
260.3,2026-08-04T20:32:56.034728+00:00,arms,left_elbow_flex,1644,34,3,72,1629,1644
260.3,2026-08-04T20:32:56.034728+00:00,arms,left_wrist_flex,2172,34,0,24,2169,2172
260.3,2026-08-04T20:32:56.034728+00:00,arms,left_wrist_roll,1987,33,0,1044,1989,1987
260.3,2026-08-04T20:32:56.034728+00:00,arms,left_gripper,2013,37,0,0,2014,2013
260.3,2026-08-04T20:32:56.034728+00:00,arms,right_shoulder_pan,1965,37,1,1056,1974,1965
260.3,2026-08-04T20:32:56.034728+00:00,arms,right_shoulder_lift,2164,46,35,244,2049,2157
260.3,2026-08-04T20:32:56.034728+00:00,arms,right_elbow_flex,2171,42,21,162,2097,2166
260.3,2026-08-04T20:32:56.034728+00:00,arms,right_wrist_flex,1995,36,1,52,1976,1994
260.3,2026-08-04T20:32:56.034728+00:00,arms,right_wrist_roll,2109,35,0,1048,2114,2109
260.3,2026-08-04T20:32:56.034728+00:00,arms,right_gripper,2079,38,0,0,2079,2079
260.3,2026-08-04T20:32:56.034728+00:00,head,head_motor_1,2158,25,0,0,,
260.3,2026-08-04T20:32:56.034728+00:00,head,head_motor_2,1943,27,0,0,,
260.3,2026-08-04T20:32:56.034728+00:00,head,base_left_wheel,3461,27,0,0,,
260.3,2026-08-04T20:32:56.034728+00:00,head,base_back_wheel,3496,27,0,0,,
260.3,2026-08-04T20:32:56.034728+00:00,head,base_right_wheel,2173,26,0,0,,
261.3,2026-08-04T20:32:57.035770+00:00,arms,left_shoulder_pan,1857,36,0,0,1857,1857
261.3,2026-08-04T20:32:57.035770+00:00,arms,left_shoulder_lift,2403,34,3,68,2389,2403
261.3,2026-08-04T20:32:57.035770+00:00,arms,left_elbow_flex,1644,35,3,72,1629,1644
261.3,2026-08-04T20:32:57.035770+00:00,arms,left_wrist_flex,2172,34,0,24,2169,2172
261.3,2026-08-04T20:32:57.035770+00:00,arms,left_wrist_roll,1987,33,1,1044,1989,1987
261.3,2026-08-04T20:32:57.035770+00:00,arms,left_gripper,2013,37,0,0,2014,2013
261.3,2026-08-04T20:32:57.035770+00:00,arms,right_shoulder_pan,1965,37,1,1056,1974,1965
261.3,2026-08-04T20:32:57.035770+00:00,arms,right_shoulder_lift,2164,46,38,244,2049,2157
261.3,2026-08-04T20:32:57.035770+00:00,arms,right_elbow_flex,2171,42,14,162,2097,2166
261.3,2026-08-04T20:32:57.035770+00:00,arms,right_wrist_flex,1995,36,2,52,1976,1994
261.3,2026-08-04T20:32:57.035770+00:00,arms,right_wrist_roll,2109,35,1,1048,2114,2109
261.3,2026-08-04T20:32:57.035770+00:00,arms,right_gripper,2079,38,0,0,2079,2079
261.3,2026-08-04T20:32:57.035770+00:00,head,head_motor_1,2158,25,0,0,,
261.3,2026-08-04T20:32:57.035770+00:00,head,head_motor_2,1943,27,0,0,,
261.3,2026-08-04T20:32:57.035770+00:00,head,base_left_wheel,3461,27,0,0,,
261.3,2026-08-04T20:32:57.035770+00:00,head,base_back_wheel,3496,36,0,0,,
261.3,2026-08-04T20:32:57.035770+00:00,head,base_right_wheel,2173,26,0,0,,
262.3,2026-08-04T20:32:58.036820+00:00,arms,left_shoulder_pan,1857,36,0,0,1857,1857
262.3,2026-08-04T20:32:58.036820+00:00,arms,left_shoulder_lift,2403,34,4,68,2389,2403
262.3,2026-08-04T20:32:58.036820+00:00,arms,left_elbow_flex,1644,35,3,72,1629,1644
262.3,2026-08-04T20:32:58.036820+00:00,arms,left_wrist_flex,2172,34,0,24,2169,2172
262.3,2026-08-04T20:32:58.036820+00:00,arms,left_wrist_roll,1987,33,0,1044,1989,1987
262.3,2026-08-04T20:32:58.036820+00:00,arms,left_gripper,2013,37,0,0,2014,2013
262.3,2026-08-04T20:32:58.036820+00:00,arms,right_shoulder_pan,1965,37,1,1056,1974,1965
262.3,2026-08-04T20:32:58.036820+00:00,arms,right_shoulder_lift,2164,46,34,244,2049,2157
262.3,2026-08-04T20:32:58.036820+00:00,arms,right_elbow_flex,2171,42,16,162,2097,2166
262.3,2026-08-04T20:32:58.036820+00:00,arms,right_wrist_flex,1995,36,2,52,1976,1994
262.3,2026-08-04T20:32:58.036820+00:00,arms,right_wrist_roll,2109,35,0,1048,2114,2109
262.3,2026-08-04T20:32:58.036820+00:00,arms,right_gripper,2079,38,0,0,2079,2079
262.3,2026-08-04T20:32:58.036820+00:00,head,head_motor_1,2158,25,0,0,,
262.3,2026-08-04T20:32:58.036820+00:00,head,head_motor_2,1943,27,0,0,,
262.3,2026-08-04T20:32:58.036820+00:00,head,base_left_wheel,3461,27,0,0,,
262.3,2026-08-04T20:32:58.036820+00:00,head,base_back_wheel,3496,27,0,0,,
262.3,2026-08-04T20:32:58.036820+00:00,head,base_right_wheel,2173,26,0,0,,
263.3,2026-08-04T20:32:59.037868+00:00,arms,left_shoulder_pan,1857,36,0,0,1857,1857
263.3,2026-08-04T20:32:59.037868+00:00,arms,left_shoulder_lift,2403,34,3,68,2389,2403
263.3,2026-08-04T20:32:59.037868+00:00,arms,left_elbow_flex,1644,35,3,72,1629,1644
263.3,2026-08-04T20:32:59.037868+00:00,arms,left_wrist_flex,2172,34,0,24,2169,2172
263.3,2026-08-04T20:32:59.037868+00:00,arms,left_wrist_roll,1987,33,0,1044,1989,1987
263.3,2026-08-04T20:32:59.037868+00:00,arms,left_gripper,2013,37,0,0,2014,2013
263.3,2026-08-04T20:32:59.037868+00:00,arms,right_shoulder_pan,1965,37,1,1056,1974,1965
263.3,2026-08-04T20:32:59.037868+00:00,arms,right_shoulder_lift,2164,46,28,244,2049,2157
263.3,2026-08-04T20:32:59.037868+00:00,arms,right_elbow_flex,2171,42,21,162,2097,2166
263.3,2026-08-04T20:32:59.037868+00:00,arms,right_wrist_flex,1995,36,1,52,1976,1994
263.3,2026-08-04T20:32:59.037868+00:00,arms,right_wrist_roll,2109,35,0,1048,2114,2109
263.3,2026-08-04T20:32:59.037868+00:00,arms,right_gripper,2079,38,0,0,2079,2079
263.3,2026-08-04T20:32:59.037868+00:00,head,head_motor_1,2158,25,0,0,,
263.3,2026-08-04T20:32:59.037868+00:00,head,head_motor_2,1943,27,0,0,,
263.3,2026-08-04T20:32:59.037868+00:00,head,base_left_wheel,3461,27,0,0,,
263.3,2026-08-04T20:32:59.037868+00:00,head,base_back_wheel,3496,27,0,0,,
263.3,2026-08-04T20:32:59.037868+00:00,head,base_right_wheel,2173,26,0,0,,
264.3,2026-08-04T20:33:00.039021+00:00,arms,left_shoulder_pan,1857,36,0,0,1857,1857
264.3,2026-08-04T20:33:00.039021+00:00,arms,left_shoulder_lift,2403,34,4,68,2389,2403
264.3,2026-08-04T20:33:00.039021+00:00,arms,left_elbow_flex,1644,35,3,72,1629,1644
264.3,2026-08-04T20:33:00.039021+00:00,arms,left_wrist_flex,2172,34,0,24,2169,2172
264.3,2026-08-04T20:33:00.039021+00:00,arms,left_wrist_roll,1987,33,0,1044,1989,1987
264.3,2026-08-04T20:33:00.039021+00:00,arms,left_gripper,2013,37,0,0,2014,2013
264.3,2026-08-04T20:33:00.039021+00:00,arms,right_shoulder_pan,1965,37,0,1056,1974,1965
264.3,2026-08-04T20:33:00.039021+00:00,arms,right_shoulder_lift,2164,46,35,244,2049,2157
264.3,2026-08-04T20:33:00.039021+00:00,arms,right_elbow_flex,2171,42,19,162,2097,2166
264.3,2026-08-04T20:33:00.039021+00:00,arms,right_wrist_flex,1995,36,1,52,1976,1994
264.3,2026-08-04T20:33:00.039021+00:00,arms,right_wrist_roll,2109,35,0,1048,2114,2109
264.3,2026-08-04T20:33:00.039021+00:00,arms,right_gripper,2079,38,0,0,2079,2079
264.3,2026-08-04T20:33:00.039021+00:00,head,head_motor_1,2158,25,0,0,,
264.3,2026-08-04T20:33:00.039021+00:00,head,head_motor_2,1943,27,0,0,,
264.3,2026-08-04T20:33:00.039021+00:00,head,base_left_wheel,3461,27,0,0,,
264.3,2026-08-04T20:33:00.039021+00:00,head,base_back_wheel,3496,27,0,0,,
264.3,2026-08-04T20:33:00.039021+00:00,head,base_right_wheel,2173,26,0,0,,
265.3,2026-08-04T20:33:01.040059+00:00,arms,left_shoulder_pan,1857,36,0,0,1857,1857
265.3,2026-08-04T20:33:01.040059+00:00,arms,left_shoulder_lift,2403,34,4,68,2389,2403
265.3,2026-08-04T20:33:01.040059+00:00,arms,left_elbow_flex,1644,35,3,72,1629,1644
265.3,2026-08-04T20:33:01.040059+00:00,arms,left_wrist_flex,2172,34,1,24,2169,2172
265.3,2026-08-04T20:33:01.040059+00:00,arms,left_wrist_roll,1987,34,0,1044,1989,1987
265.3,2026-08-04T20:33:01.040059+00:00,arms,left_gripper,2013,37,0,0,2014,2013
265.3,2026-08-04T20:33:01.040059+00:00,arms,right_shoulder_pan,1965,36,1,1056,1974,1965
265.3,2026-08-04T20:33:01.040059+00:00,arms,right_shoulder_lift,2164,46,29,244,2049,2157
265.3,2026-08-04T20:33:01.040059+00:00,arms,right_elbow_flex,2171,42,18,162,2097,2166
265.3,2026-08-04T20:33:01.040059+00:00,arms,right_wrist_flex,1995,36,2,52,1976,1994
265.3,2026-08-04T20:33:01.040059+00:00,arms,right_wrist_roll,2109,35,0,1048,2114,2109
265.3,2026-08-04T20:33:01.040059+00:00,arms,right_gripper,2079,38,0,0,2079,2079
265.3,2026-08-04T20:33:01.040059+00:00,head,head_motor_1,2158,25,0,0,,
265.3,2026-08-04T20:33:01.040059+00:00,head,head_motor_2,1943,27,0,0,,
265.3,2026-08-04T20:33:01.040059+00:00,head,base_left_wheel,3461,27,0,0,,
265.3,2026-08-04T20:33:01.040059+00:00,head,base_back_wheel,3496,27,0,0,,
265.3,2026-08-04T20:33:01.040059+00:00,head,base_right_wheel,2173,26,0,0,,
266.3,2026-08-04T20:33:02.041118+00:00,arms,left_shoulder_pan,1857,36,0,0,1857,1857
266.3,2026-08-04T20:33:02.041118+00:00,arms,left_shoulder_lift,2403,34,4,68,2389,2403
266.3,2026-08-04T20:33:02.041118+00:00,arms,left_elbow_flex,1644,35,3,72,1629,1644
266.3,2026-08-04T20:33:02.041118+00:00,arms,left_wrist_flex,2172,34,0,24,2169,2172
266.3,2026-08-04T20:33:02.041118+00:00,arms,left_wrist_roll,1987,33,0,1044,1989,1987
266.3,2026-08-04T20:33:02.041118+00:00,arms,left_gripper,2013,37,0,0,2014,2013
266.3,2026-08-04T20:33:02.041118+00:00,arms,right_shoulder_pan,1965,37,1,1056,1974,1965
266.3,2026-08-04T20:33:02.041118+00:00,arms,right_shoulder_lift,2164,46,31,244,2049,2157
266.3,2026-08-04T20:33:02.041118+00:00,arms,right_elbow_flex,2171,42,21,162,2097,2166
266.3,2026-08-04T20:33:02.041118+00:00,arms,right_wrist_flex,1995,36,0,52,1976,1994
266.3,2026-08-04T20:33:02.041118+00:00,arms,right_wrist_roll,2109,35,0,1048,2114,2109
266.3,2026-08-04T20:33:02.041118+00:00,arms,right_gripper,2079,38,0,0,2079,2079
266.3,2026-08-04T20:33:02.041118+00:00,head,head_motor_1,2158,25,0,0,,
266.3,2026-08-04T20:33:02.041118+00:00,head,head_motor_2,1943,27,0,0,,
266.3,2026-08-04T20:33:02.041118+00:00,head,base_left_wheel,3461,27,0,0,,
266.3,2026-08-04T20:33:02.041118+00:00,head,base_back_wheel,3496,27,0,0,,
266.3,2026-08-04T20:33:02.041118+00:00,head,base_right_wheel,2173,26,0,0,,
267.3,2026-08-04T20:33:03.042172+00:00,arms,left_shoulder_pan,1857,36,0,0,1857,1857
267.3,2026-08-04T20:33:03.042172+00:00,arms,left_shoulder_lift,2403,34,4,68,2389,2403
267.3,2026-08-04T20:33:03.042172+00:00,arms,left_elbow_flex,1644,35,2,72,1629,1644
267.3,2026-08-04T20:33:03.042172+00:00,arms,left_wrist_flex,2172,34,0,24,2169,2172
267.3,2026-08-04T20:33:03.042172+00:00,arms,left_wrist_roll,1987,33,0,1044,1989,1987
267.3,2026-08-04T20:33:03.042172+00:00,arms,left_gripper,2013,37,0,0,2014,2013
267.3,2026-08-04T20:33:03.042172+00:00,arms,right_shoulder_pan,1965,37,0,1056,1974,1965
267.3,2026-08-04T20:33:03.042172+00:00,arms,right_shoulder_lift,2164,46,28,244,2049,2157
267.3,2026-08-04T20:33:03.042172+00:00,arms,right_elbow_flex,2171,42,16,162,2097,2166
267.3,2026-08-04T20:33:03.042172+00:00,arms,right_wrist_flex,1995,36,1,52,1976,1994
267.3,2026-08-04T20:33:03.042172+00:00,arms,right_wrist_roll,2109,35,0,1048,2114,2109
267.3,2026-08-04T20:33:03.042172+00:00,arms,right_gripper,2079,38,0,0,2079,2079
267.3,2026-08-04T20:33:03.042172+00:00,head,head_motor_1,2158,25,0,0,,
267.3,2026-08-04T20:33:03.042172+00:00,head,head_motor_2,1943,27,0,0,,
267.3,2026-08-04T20:33:03.042172+00:00,head,base_left_wheel,3461,27,0,0,,
267.3,2026-08-04T20:33:03.042172+00:00,head,base_back_wheel,3496,27,0,0,,
267.3,2026-08-04T20:33:03.042172+00:00,head,base_right_wheel,2173,26,0,0,,
268.3,2026-08-04T20:33:04.043211+00:00,arms,left_shoulder_pan,1857,36,0,0,1857,1857
268.3,2026-08-04T20:33:04.043211+00:00,arms,left_shoulder_lift,2403,34,4,68,2389,2403
268.3,2026-08-04T20:33:04.043211+00:00,arms,left_elbow_flex,1644,35,3,72,1629,1644
268.3,2026-08-04T20:33:04.043211+00:00,arms,left_wrist_flex,2172,34,0,24,2169,2172
268.3,2026-08-04T20:33:04.043211+00:00,arms,left_wrist_roll,1987,33,0,1044,1989,1987
268.3,2026-08-04T20:33:04.043211+00:00,arms,left_gripper,2013,37,0,0,2014,2013
268.3,2026-08-04T20:33:04.043211+00:00,arms,right_shoulder_pan,1965,37,0,1056,1974,1965
268.3,2026-08-04T20:33:04.043211+00:00,arms,right_shoulder_lift,2164,46,28,244,2049,2157
268.3,2026-08-04T20:33:04.043211+00:00,arms,right_elbow_flex,2171,42,15,162,2097,2166
268.3,2026-08-04T20:33:04.043211+00:00,arms,right_wrist_flex,1995,36,2,52,1976,1994
268.3,2026-08-04T20:33:04.043211+00:00,arms,right_wrist_roll,2109,35,0,1048,2114,2109
268.3,2026-08-04T20:33:04.043211+00:00,arms,right_gripper,2079,38,0,0,2079,2079
268.3,2026-08-04T20:33:04.043211+00:00,head,head_motor_1,2158,25,0,0,,
268.3,2026-08-04T20:33:04.043211+00:00,head,head_motor_2,1943,27,0,0,,
268.3,2026-08-04T20:33:04.043211+00:00,head,base_left_wheel,3461,27,0,0,,
268.3,2026-08-04T20:33:04.043211+00:00,head,base_back_wheel,3496,27,0,0,,
268.3,2026-08-04T20:33:04.043211+00:00,head,base_right_wheel,2173,26,0,0,,
269.3,2026-08-04T20:33:05.043703+00:00,arms,left_shoulder_pan,1857,36,0,0,1857,1857
269.3,2026-08-04T20:33:05.043703+00:00,arms,left_shoulder_lift,2403,34,4,68,2389,2403
269.3,2026-08-04T20:33:05.043703+00:00,arms,left_elbow_flex,1644,35,3,72,1629,1644
269.3,2026-08-04T20:33:05.043703+00:00,arms,left_wrist_flex,2172,34,0,24,2169,2172
269.3,2026-08-04T20:33:05.043703+00:00,arms,left_wrist_roll,1987,33,1,1044,1989,1987
269.3,2026-08-04T20:33:05.043703+00:00,arms,left_gripper,2013,37,0,0,2014,2013
269.3,2026-08-04T20:33:05.043703+00:00,arms,right_shoulder_pan,1965,37,0,1056,1974,1965
269.3,2026-08-04T20:33:05.043703+00:00,arms,right_shoulder_lift,2164,46,28,244,2049,2157
269.3,2026-08-04T20:33:05.043703+00:00,arms,right_elbow_flex,2171,42,18,162,2097,2166
269.3,2026-08-04T20:33:05.043703+00:00,arms,right_wrist_flex,1995,36,2,52,1976,1994
269.3,2026-08-04T20:33:05.043703+00:00,arms,right_wrist_roll,2109,35,0,1048,2114,2109
269.3,2026-08-04T20:33:05.043703+00:00,arms,right_gripper,2079,38,0,0,2079,2079
269.3,2026-08-04T20:33:05.043703+00:00,head,head_motor_1,2158,25,0,0,,
269.3,2026-08-04T20:33:05.043703+00:00,head,head_motor_2,1943,27,0,0,,
269.3,2026-08-04T20:33:05.043703+00:00,head,base_left_wheel,3461,27,0,0,,
269.3,2026-08-04T20:33:05.043703+00:00,head,base_back_wheel,3496,27,0,0,,
269.3,2026-08-04T20:33:05.043703+00:00,head,base_right_wheel,2173,26,0,0,,
270.3,2026-08-04T20:33:06.044785+00:00,arms,left_shoulder_pan,1857,36,0,0,1857,1857
270.3,2026-08-04T20:33:06.044785+00:00,arms,left_shoulder_lift,2403,34,4,68,2389,2403
270.3,2026-08-04T20:33:06.044785+00:00,arms,left_elbow_flex,1644,35,3,72,1629,1644
270.3,2026-08-04T20:33:06.044785+00:00,arms,left_wrist_flex,2172,34,1,24,2169,2172
270.3,2026-08-04T20:33:06.044785+00:00,arms,left_wrist_roll,1987,33,1,1044,1989,1987
270.3,2026-08-04T20:33:06.044785+00:00,arms,left_gripper,2013,37,0,0,2014,2013
270.3,2026-08-04T20:33:06.044785+00:00,arms,right_shoulder_pan,1965,37,1,1056,1974,1965
270.3,2026-08-04T20:33:06.044785+00:00,arms,right_shoulder_lift,2164,46,29,244,2049,2157
270.3,2026-08-04T20:33:06.044785+00:00,arms,right_elbow_flex,2171,42,18,162,2097,2166
270.3,2026-08-04T20:33:06.044785+00:00,arms,right_wrist_flex,1995,36,2,52,1976,1994
270.3,2026-08-04T20:33:06.044785+00:00,arms,right_wrist_roll,2109,35,0,1048,2114,2109
270.3,2026-08-04T20:33:06.044785+00:00,arms,right_gripper,2079,38,0,0,2079,2079
270.3,2026-08-04T20:33:06.044785+00:00,head,head_motor_1,2158,25,0,0,,
270.3,2026-08-04T20:33:06.044785+00:00,head,head_motor_2,1943,27,0,0,,
270.3,2026-08-04T20:33:06.044785+00:00,head,base_left_wheel,3461,27,0,0,,
270.3,2026-08-04T20:33:06.044785+00:00,head,base_back_wheel,3496,27,0,0,,
270.3,2026-08-04T20:33:06.044785+00:00,head,base_right_wheel,2173,26,0,0,,
271.3,2026-08-04T20:33:07.045845+00:00,arms,left_shoulder_pan,1857,36,0,0,1857,1857
271.3,2026-08-04T20:33:07.045845+00:00,arms,left_shoulder_lift,2403,34,4,68,2389,2403
271.3,2026-08-04T20:33:07.045845+00:00,arms,left_elbow_flex,1644,35,3,72,1629,1644
271.3,2026-08-04T20:33:07.045845+00:00,arms,left_wrist_flex,2172,34,0,24,2169,2172
271.3,2026-08-04T20:33:07.045845+00:00,arms,left_wrist_roll,1987,33,0,1044,1989,1987
271.3,2026-08-04T20:33:07.045845+00:00,arms,left_gripper,2013,37,0,0,2014,2013
271.3,2026-08-04T20:33:07.045845+00:00,arms,right_shoulder_pan,1965,37,0,1056,1974,1965
271.3,2026-08-04T20:33:07.045845+00:00,arms,right_shoulder_lift,2164,46,32,244,2049,2157
271.3,2026-08-04T20:33:07.045845+00:00,arms,right_elbow_flex,2171,42,14,162,2097,2166
271.3,2026-08-04T20:33:07.045845+00:00,arms,right_wrist_flex,1995,36,2,52,1976,1994
271.3,2026-08-04T20:33:07.045845+00:00,arms,right_wrist_roll,2109,35,0,1048,2114,2109
271.3,2026-08-04T20:33:07.045845+00:00,arms,right_gripper,2079,38,0,0,2079,2079
271.3,2026-08-04T20:33:07.045845+00:00,head,head_motor_1,2158,25,0,0,,
271.3,2026-08-04T20:33:07.045845+00:00,head,head_motor_2,1943,27,0,0,,
271.3,2026-08-04T20:33:07.045845+00:00,head,base_left_wheel,3461,27,0,0,,
271.3,2026-08-04T20:33:07.045845+00:00,head,base_back_wheel,3496,27,0,0,,
271.3,2026-08-04T20:33:07.045845+00:00,head,base_right_wheel,2173,26,0,0,,
272.3,2026-08-04T20:33:08.046901+00:00,arms,left_shoulder_pan,1857,36,0,0,1857,1857
272.3,2026-08-04T20:33:08.046901+00:00,arms,left_shoulder_lift,2403,34,4,68,2389,2403
272.3,2026-08-04T20:33:08.046901+00:00,arms,left_elbow_flex,1644,35,3,72,1629,1644
272.3,2026-08-04T20:33:08.046901+00:00,arms,left_wrist_flex,2172,34,0,24,2169,2172
272.3,2026-08-04T20:33:08.046901+00:00,arms,left_wrist_roll,1987,33,0,1044,1989,1987
272.3,2026-08-04T20:33:08.046901+00:00,arms,left_gripper,2013,37,0,0,2014,2013
272.3,2026-08-04T20:33:08.046901+00:00,arms,right_shoulder_pan,1965,37,0,1056,1974,1965
272.3,2026-08-04T20:33:08.046901+00:00,arms,right_shoulder_lift,2164,46,32,244,2049,2157
272.3,2026-08-04T20:33:08.046901+00:00,arms,right_elbow_flex,2171,42,17,162,2097,2166
272.3,2026-08-04T20:33:08.046901+00:00,arms,right_wrist_flex,1995,36,1,52,1976,1994
272.3,2026-08-04T20:33:08.046901+00:00,arms,right_wrist_roll,2109,35,1,1048,2114,2109
272.3,2026-08-04T20:33:08.046901+00:00,arms,right_gripper,2079,38,0,0,2079,2079
272.3,2026-08-04T20:33:08.046901+00:00,head,head_motor_1,2158,25,0,0,,
272.3,2026-08-04T20:33:08.046901+00:00,head,head_motor_2,1943,27,0,0,,
272.3,2026-08-04T20:33:08.046901+00:00,head,base_left_wheel,3461,27,0,0,,
272.3,2026-08-04T20:33:08.046901+00:00,head,base_back_wheel,3496,27,0,0,,
272.3,2026-08-04T20:33:08.046901+00:00,head,base_right_wheel,2173,26,0,0,,
273.3,2026-08-04T20:33:09.047600+00:00,arms,left_shoulder_pan,1857,36,0,0,1857,1857
273.3,2026-08-04T20:33:09.047600+00:00,arms,left_shoulder_lift,2403,34,4,68,2389,2403
273.3,2026-08-04T20:33:09.047600+00:00,arms,left_elbow_flex,1644,35,3,72,1629,1644
273.3,2026-08-04T20:33:09.047600+00:00,arms,left_wrist_flex,2172,34,0,24,2169,2172
273.3,2026-08-04T20:33:09.047600+00:00,arms,left_wrist_roll,1987,33,1,1044,1989,1987
273.3,2026-08-04T20:33:09.047600+00:00,arms,left_gripper,2013,37,0,0,2014,2013
273.3,2026-08-04T20:33:09.047600+00:00,arms,right_shoulder_pan,1965,37,1,1056,1974,1965
273.3,2026-08-04T20:33:09.047600+00:00,arms,right_shoulder_lift,2164,46,36,244,2049,2157
273.3,2026-08-04T20:33:09.047600+00:00,arms,right_elbow_flex,2171,41,17,162,2097,2166
273.3,2026-08-04T20:33:09.047600+00:00,arms,right_wrist_flex,1995,36,2,52,1976,1994
273.3,2026-08-04T20:33:09.047600+00:00,arms,right_wrist_roll,2109,35,0,1048,2114,2109
273.3,2026-08-04T20:33:09.047600+00:00,arms,right_gripper,2079,38,0,0,2079,2079
273.3,2026-08-04T20:33:09.047600+00:00,head,head_motor_1,2158,25,0,0,,
273.3,2026-08-04T20:33:09.047600+00:00,head,head_motor_2,1943,27,0,0,,
273.3,2026-08-04T20:33:09.047600+00:00,head,base_left_wheel,3461,27,0,0,,
273.3,2026-08-04T20:33:09.047600+00:00,head,base_back_wheel,3496,27,0,0,,
273.3,2026-08-04T20:33:09.047600+00:00,head,base_right_wheel,2173,26,0,0,,
274.3,2026-08-04T20:33:10.048678+00:00,arms,left_shoulder_pan,1857,36,0,0,1857,1857
274.3,2026-08-04T20:33:10.048678+00:00,arms,left_shoulder_lift,2403,34,3,68,2389,2403
274.3,2026-08-04T20:33:10.048678+00:00,arms,left_elbow_flex,1644,35,2,72,1629,1644
274.3,2026-08-04T20:33:10.048678+00:00,arms,left_wrist_flex,2172,34,0,24,2169,2172
274.3,2026-08-04T20:33:10.048678+00:00,arms,left_wrist_roll,1987,33,0,1044,1989,1987
274.3,2026-08-04T20:33:10.048678+00:00,arms,left_gripper,2013,37,0,0,2014,2013
274.3,2026-08-04T20:33:10.048678+00:00,arms,right_shoulder_pan,1965,37,0,1056,1974,1965
274.3,2026-08-04T20:33:10.048678+00:00,arms,right_shoulder_lift,2164,46,33,244,2049,2157
274.3,2026-08-04T20:33:10.048678+00:00,arms,right_elbow_flex,2171,43,20,162,2097,2166
274.3,2026-08-04T20:33:10.048678+00:00,arms,right_wrist_flex,1995,36,1,52,1976,1994
274.3,2026-08-04T20:33:10.048678+00:00,arms,right_wrist_roll,2109,35,0,1048,2114,2109
274.3,2026-08-04T20:33:10.048678+00:00,arms,right_gripper,2079,38,0,0,2079,2079
274.3,2026-08-04T20:33:10.048678+00:00,head,head_motor_1,2158,25,0,0,,
274.3,2026-08-04T20:33:10.048678+00:00,head,head_motor_2,1943,27,0,0,,
274.3,2026-08-04T20:33:10.048678+00:00,head,base_left_wheel,3461,27,0,0,,
274.3,2026-08-04T20:33:10.048678+00:00,head,base_back_wheel,3496,27,0,0,,
274.3,2026-08-04T20:33:10.048678+00:00,head,base_right_wheel,2173,27,0,0,,
275.3,2026-08-04T20:33:11.049726+00:00,arms,left_shoulder_pan,1857,36,0,0,1857,1857
275.3,2026-08-04T20:33:11.049726+00:00,arms,left_shoulder_lift,2403,34,4,68,2389,2403
275.3,2026-08-04T20:33:11.049726+00:00,arms,left_elbow_flex,1644,35,2,72,1629,1644
275.3,2026-08-04T20:33:11.049726+00:00,arms,left_wrist_flex,2172,34,1,24,2169,2172
275.3,2026-08-04T20:33:11.049726+00:00,arms,left_wrist_roll,1987,33,0,1044,1989,1987
275.3,2026-08-04T20:33:11.049726+00:00,arms,left_gripper,2013,37,0,0,2014,2013
275.3,2026-08-04T20:33:11.049726+00:00,arms,right_shoulder_pan,1965,37,0,1056,1974,1965
275.3,2026-08-04T20:33:11.049726+00:00,arms,right_shoulder_lift,2164,46,35,244,2049,2157
275.3,2026-08-04T20:33:11.049726+00:00,arms,right_elbow_flex,2171,43,15,162,2097,2166
275.3,2026-08-04T20:33:11.049726+00:00,arms,right_wrist_flex,1995,36,2,52,1976,1994
275.3,2026-08-04T20:33:11.049726+00:00,arms,right_wrist_roll,2109,35,0,1048,2114,2109
275.3,2026-08-04T20:33:11.049726+00:00,arms,right_gripper,2079,38,0,0,2079,2079
275.3,2026-08-04T20:33:11.049726+00:00,head,head_motor_1,2158,25,0,0,,
275.3,2026-08-04T20:33:11.049726+00:00,head,head_motor_2,1943,27,0,0,,
275.3,2026-08-04T20:33:11.049726+00:00,head,base_left_wheel,3461,27,0,0,,
275.3,2026-08-04T20:33:11.049726+00:00,head,base_back_wheel,3496,27,0,0,,
275.3,2026-08-04T20:33:11.049726+00:00,head,base_right_wheel,2174,26,0,0,,
276.3,2026-08-04T20:33:12.050783+00:00,arms,left_shoulder_pan,1857,36,0,0,1857,1857
276.3,2026-08-04T20:33:12.050783+00:00,arms,left_shoulder_lift,2403,34,4,68,2389,2403
276.3,2026-08-04T20:33:12.050783+00:00,arms,left_elbow_flex,1644,35,3,72,1629,1644
276.3,2026-08-04T20:33:12.050783+00:00,arms,left_wrist_flex,2172,34,0,24,2169,2172
276.3,2026-08-04T20:33:12.050783+00:00,arms,left_wrist_roll,1987,33,0,1044,1989,1987
276.3,2026-08-04T20:33:12.050783+00:00,arms,left_gripper,2013,37,0,0,2014,2013
276.3,2026-08-04T20:33:12.050783+00:00,arms,right_shoulder_pan,1965,37,1,1056,1974,1965
276.3,2026-08-04T20:33:12.050783+00:00,arms,right_shoulder_lift,2164,46,36,244,2049,2157
276.3,2026-08-04T20:33:12.050783+00:00,arms,right_elbow_flex,2171,42,14,162,2097,2166
276.3,2026-08-04T20:33:12.050783+00:00,arms,right_wrist_flex,1995,36,2,52,1976,1994
276.3,2026-08-04T20:33:12.050783+00:00,arms,right_wrist_roll,2109,35,0,1048,2114,2109
276.3,2026-08-04T20:33:12.050783+00:00,arms,right_gripper,2079,38,0,0,2079,2079
276.3,2026-08-04T20:33:12.050783+00:00,head,head_motor_1,2158,25,0,0,,
276.3,2026-08-04T20:33:12.050783+00:00,head,head_motor_2,1943,27,0,0,,
276.3,2026-08-04T20:33:12.050783+00:00,head,base_left_wheel,3461,26,0,0,,
276.3,2026-08-04T20:33:12.050783+00:00,head,base_back_wheel,3496,27,0,0,,
276.3,2026-08-04T20:33:12.050783+00:00,head,base_right_wheel,2173,26,0,0,,
277.3,2026-08-04T20:33:13.051827+00:00,arms,left_shoulder_pan,1857,36,0,0,1857,1857
277.3,2026-08-04T20:33:13.051827+00:00,arms,left_shoulder_lift,2403,34,3,68,2389,2403
277.3,2026-08-04T20:33:13.051827+00:00,arms,left_elbow_flex,1644,35,3,72,1629,1644
277.3,2026-08-04T20:33:13.051827+00:00,arms,left_wrist_flex,2172,34,1,24,2169,2172
277.3,2026-08-04T20:33:13.051827+00:00,arms,left_wrist_roll,1987,33,0,1044,1989,1987
277.3,2026-08-04T20:33:13.051827+00:00,arms,left_gripper,2013,37,0,0,2014,2013
277.3,2026-08-04T20:33:13.051827+00:00,arms,right_shoulder_pan,1965,37,1,1056,1974,1965
277.3,2026-08-04T20:33:13.051827+00:00,arms,right_shoulder_lift,2164,46,30,244,2049,2157
277.3,2026-08-04T20:33:13.051827+00:00,arms,right_elbow_flex,2171,42,20,162,2097,2166
277.3,2026-08-04T20:33:13.051827+00:00,arms,right_wrist_flex,1995,36,1,52,1976,1994
277.3,2026-08-04T20:33:13.051827+00:00,arms,right_wrist_roll,2109,35,1,1048,2114,2109
277.3,2026-08-04T20:33:13.051827+00:00,arms,right_gripper,2079,38,0,0,2079,2079
277.3,2026-08-04T20:33:13.051827+00:00,head,head_motor_1,2158,25,0,0,,
277.3,2026-08-04T20:33:13.051827+00:00,head,head_motor_2,1943,27,0,0,,
277.3,2026-08-04T20:33:13.051827+00:00,head,base_left_wheel,3461,27,0,0,,
277.3,2026-08-04T20:33:13.051827+00:00,head,base_back_wheel,3496,27,0,0,,
277.3,2026-08-04T20:33:13.051827+00:00,head,base_right_wheel,2173,26,0,0,,
278.3,2026-08-04T20:33:14.052872+00:00,arms,left_shoulder_pan,1857,36,0,0,1857,1857
278.3,2026-08-04T20:33:14.052872+00:00,arms,left_shoulder_lift,2403,34,3,68,2389,2403
278.3,2026-08-04T20:33:14.052872+00:00,arms,left_elbow_flex,1644,35,3,72,1629,1644
278.3,2026-08-04T20:33:14.052872+00:00,arms,left_wrist_flex,2172,34,0,24,2169,2172
278.3,2026-08-04T20:33:14.052872+00:00,arms,left_wrist_roll,1987,33,0,1044,1989,1987
278.3,2026-08-04T20:33:14.052872+00:00,arms,left_gripper,2013,37,0,0,2014,2013
278.3,2026-08-04T20:33:14.052872+00:00,arms,right_shoulder_pan,1965,37,1,1056,1974,1965
278.3,2026-08-04T20:33:14.052872+00:00,arms,right_shoulder_lift,2164,46,30,244,2049,2157
278.3,2026-08-04T20:33:14.052872+00:00,arms,right_elbow_flex,2171,43,20,162,2097,2166
278.3,2026-08-04T20:33:14.052872+00:00,arms,right_wrist_flex,1995,36,1,52,1976,1994
278.3,2026-08-04T20:33:14.052872+00:00,arms,right_wrist_roll,2109,35,0,1048,2114,2109
278.3,2026-08-04T20:33:14.052872+00:00,arms,right_gripper,2079,38,0,0,2079,2079
278.3,2026-08-04T20:33:14.052872+00:00,head,head_motor_1,2158,25,0,0,,
278.3,2026-08-04T20:33:14.052872+00:00,head,head_motor_2,1943,27,0,0,,
278.3,2026-08-04T20:33:14.052872+00:00,head,base_left_wheel,3461,27,0,0,,
278.3,2026-08-04T20:33:14.052872+00:00,head,base_back_wheel,3496,27,0,0,,
278.3,2026-08-04T20:33:14.052872+00:00,head,base_right_wheel,2173,26,0,0,,
279.3,2026-08-04T20:33:15.053916+00:00,arms,left_shoulder_pan,1857,36,0,0,1857,1857
279.3,2026-08-04T20:33:15.053916+00:00,arms,left_shoulder_lift,2403,34,3,68,2389,2403
279.3,2026-08-04T20:33:15.053916+00:00,arms,left_elbow_flex,1644,35,3,72,1629,1644
279.3,2026-08-04T20:33:15.053916+00:00,arms,left_wrist_flex,2172,34,0,24,2169,2172
279.3,2026-08-04T20:33:15.053916+00:00,arms,left_wrist_roll,1987,33,1,1044,1989,1987
279.3,2026-08-04T20:33:15.053916+00:00,arms,left_gripper,2013,37,0,0,2014,2013
279.3,2026-08-04T20:33:15.053916+00:00,arms,right_shoulder_pan,1965,37,0,1056,1974,1965
279.3,2026-08-04T20:33:15.053916+00:00,arms,right_shoulder_lift,2164,46,32,244,2049,2157
279.3,2026-08-04T20:33:15.053916+00:00,arms,right_elbow_flex,2171,43,14,162,2097,2166
279.3,2026-08-04T20:33:15.053916+00:00,arms,right_wrist_flex,1995,36,2,52,1976,1994
279.3,2026-08-04T20:33:15.053916+00:00,arms,right_wrist_roll,2109,35,0,1048,2114,2109
279.3,2026-08-04T20:33:15.053916+00:00,arms,right_gripper,2079,38,0,0,2079,2079
279.3,2026-08-04T20:33:15.053916+00:00,head,head_motor_1,2158,25,0,0,,
279.3,2026-08-04T20:33:15.053916+00:00,head,head_motor_2,1943,27,0,0,,
279.3,2026-08-04T20:33:15.053916+00:00,head,base_left_wheel,3461,27,0,0,,
279.3,2026-08-04T20:33:15.053916+00:00,head,base_back_wheel,3496,27,0,0,,
279.3,2026-08-04T20:33:15.053916+00:00,head,base_right_wheel,2173,26,0,0,,
280.3,2026-08-04T20:33:16.054964+00:00,arms,left_shoulder_pan,1857,36,0,0,1857,1857
280.3,2026-08-04T20:33:16.054964+00:00,arms,left_shoulder_lift,2403,34,4,68,2389,2403
280.3,2026-08-04T20:33:16.054964+00:00,arms,left_elbow_flex,1644,35,3,72,1629,1644
280.3,2026-08-04T20:33:16.054964+00:00,arms,left_wrist_flex,2172,34,0,24,2169,2172
280.3,2026-08-04T20:33:16.054964+00:00,arms,left_wrist_roll,1987,33,0,1044,1989,1987
280.3,2026-08-04T20:33:16.054964+00:00,arms,left_gripper,2013,37,0,0,2014,2013
280.3,2026-08-04T20:33:16.054964+00:00,arms,right_shoulder_pan,1965,37,1,1056,1974,1965
280.3,2026-08-04T20:33:16.054964+00:00,arms,right_shoulder_lift,2164,46,29,244,2049,2157
280.3,2026-08-04T20:33:16.054964+00:00,arms,right_elbow_flex,2171,43,14,162,2097,2166
280.3,2026-08-04T20:33:16.054964+00:00,arms,right_wrist_flex,1995,36,1,52,1976,1994
280.3,2026-08-04T20:33:16.054964+00:00,arms,right_wrist_roll,2109,35,1,1048,2114,2109
280.3,2026-08-04T20:33:16.054964+00:00,arms,right_gripper,2079,38,0,0,2079,2079
280.3,2026-08-04T20:33:16.054964+00:00,head,head_motor_1,2158,25,0,0,,
280.3,2026-08-04T20:33:16.054964+00:00,head,head_motor_2,1943,27,0,0,,
280.3,2026-08-04T20:33:16.054964+00:00,head,base_left_wheel,3461,27,1,0,,
280.3,2026-08-04T20:33:16.054964+00:00,head,base_back_wheel,3496,27,0,0,,
280.3,2026-08-04T20:33:16.054964+00:00,head,base_right_wheel,2173,26,0,0,,
281.3,2026-08-04T20:33:17.056004+00:00,arms,left_shoulder_pan,1857,36,0,0,1857,1857
281.3,2026-08-04T20:33:17.056004+00:00,arms,left_shoulder_lift,2403,34,3,68,2389,2403
281.3,2026-08-04T20:33:17.056004+00:00,arms,left_elbow_flex,1644,35,3,72,1629,1644
281.3,2026-08-04T20:33:17.056004+00:00,arms,left_wrist_flex,2172,34,0,24,2169,2172
281.3,2026-08-04T20:33:17.056004+00:00,arms,left_wrist_roll,1987,33,0,1044,1989,1987
281.3,2026-08-04T20:33:17.056004+00:00,arms,left_gripper,2013,37,0,0,2014,2013
281.3,2026-08-04T20:33:17.056004+00:00,arms,right_shoulder_pan,1965,37,1,1056,1974,1965
281.3,2026-08-04T20:33:17.056004+00:00,arms,right_shoulder_lift,2164,46,33,244,2049,2157
281.3,2026-08-04T20:33:17.056004+00:00,arms,right_elbow_flex,2171,43,19,162,2097,2166
281.3,2026-08-04T20:33:17.056004+00:00,arms,right_wrist_flex,1995,36,1,52,1976,1994
281.3,2026-08-04T20:33:17.056004+00:00,arms,right_wrist_roll,2109,35,0,1048,2114,2109
281.3,2026-08-04T20:33:17.056004+00:00,arms,right_gripper,2079,38,0,0,2079,2079
281.3,2026-08-04T20:33:17.056004+00:00,head,head_motor_1,2158,25,0,0,,
281.3,2026-08-04T20:33:17.056004+00:00,head,head_motor_2,1943,27,0,0,,
281.3,2026-08-04T20:33:17.056004+00:00,head,base_left_wheel,3461,27,0,0,,
281.3,2026-08-04T20:33:17.056004+00:00,head,base_back_wheel,3496,27,0,0,,
281.3,2026-08-04T20:33:17.056004+00:00,head,base_right_wheel,2173,26,0,0,,
282.3,2026-08-04T20:33:18.057046+00:00,arms,left_shoulder_pan,1857,36,0,0,1857,1857
282.3,2026-08-04T20:33:18.057046+00:00,arms,left_shoulder_lift,2403,34,4,68,2389,2403
282.3,2026-08-04T20:33:18.057046+00:00,arms,left_elbow_flex,1644,35,3,72,1629,1644
282.3,2026-08-04T20:33:18.057046+00:00,arms,left_wrist_flex,2172,34,0,24,2169,2172
282.3,2026-08-04T20:33:18.057046+00:00,arms,left_wrist_roll,1987,33,0,1044,1989,1987
282.3,2026-08-04T20:33:18.057046+00:00,arms,left_gripper,2013,37,0,0,2014,2013
282.3,2026-08-04T20:33:18.057046+00:00,arms,right_shoulder_pan,1965,37,1,1056,1974,1965
282.3,2026-08-04T20:33:18.057046+00:00,arms,right_shoulder_lift,2164,46,33,244,2049,2157
282.3,2026-08-04T20:33:18.057046+00:00,arms,right_elbow_flex,2171,43,19,162,2097,2166
282.3,2026-08-04T20:33:18.057046+00:00,arms,right_wrist_flex,1995,36,2,52,1976,1994
282.3,2026-08-04T20:33:18.057046+00:00,arms,right_wrist_roll,2109,35,0,1048,2114,2109
282.3,2026-08-04T20:33:18.057046+00:00,arms,right_gripper,2079,38,0,0,2079,2079
282.3,2026-08-04T20:33:18.057046+00:00,head,head_motor_1,2158,25,0,0,,
282.3,2026-08-04T20:33:18.057046+00:00,head,head_motor_2,1943,27,0,0,,
282.3,2026-08-04T20:33:18.057046+00:00,head,base_left_wheel,3461,27,0,0,,
282.3,2026-08-04T20:33:18.057046+00:00,head,base_back_wheel,3496,27,0,0,,
282.3,2026-08-04T20:33:18.057046+00:00,head,base_right_wheel,2173,26,0,0,,
283.3,2026-08-04T20:33:19.058093+00:00,arms,left_shoulder_pan,1857,36,0,0,1857,1857
283.3,2026-08-04T20:33:19.058093+00:00,arms,left_shoulder_lift,2403,34,4,68,2389,2403
283.3,2026-08-04T20:33:19.058093+00:00,arms,left_elbow_flex,1644,35,2,72,1629,1644
283.3,2026-08-04T20:33:19.058093+00:00,arms,left_wrist_flex,2172,34,1,24,2169,2172
283.3,2026-08-04T20:33:19.058093+00:00,arms,left_wrist_roll,1987,33,0,1044,1989,1987
283.3,2026-08-04T20:33:19.058093+00:00,arms,left_gripper,2013,37,0,0,2014,2013
283.3,2026-08-04T20:33:19.058093+00:00,arms,right_shoulder_pan,1965,37,1,1056,1974,1965
283.3,2026-08-04T20:33:19.058093+00:00,arms,right_shoulder_lift,2165,46,28,250,2049,2157
283.3,2026-08-04T20:33:19.058093+00:00,arms,right_elbow_flex,2171,43,20,162,2097,2166
283.3,2026-08-04T20:33:19.058093+00:00,arms,right_wrist_flex,1995,36,2,52,1976,1994
283.3,2026-08-04T20:33:19.058093+00:00,arms,right_wrist_roll,2109,35,0,1048,2114,2109
283.3,2026-08-04T20:33:19.058093+00:00,arms,right_gripper,2079,38,0,0,2079,2079
283.3,2026-08-04T20:33:19.058093+00:00,head,head_motor_1,2158,25,0,0,,
283.3,2026-08-04T20:33:19.058093+00:00,head,head_motor_2,1943,27,0,0,,
283.3,2026-08-04T20:33:19.058093+00:00,head,base_left_wheel,3461,27,0,0,,
283.3,2026-08-04T20:33:19.058093+00:00,head,base_back_wheel,3496,27,0,0,,
283.3,2026-08-04T20:33:19.058093+00:00,head,base_right_wheel,2173,26,0,0,,
284.3,2026-08-04T20:33:20.059136+00:00,arms,left_shoulder_pan,1857,36,0,0,1857,1857
284.3,2026-08-04T20:33:20.059136+00:00,arms,left_shoulder_lift,2403,34,3,68,2389,2403
284.3,2026-08-04T20:33:20.059136+00:00,arms,left_elbow_flex,1644,35,3,72,1629,1644
284.3,2026-08-04T20:33:20.059136+00:00,arms,left_wrist_flex,2172,34,1,24,2169,2172
284.3,2026-08-04T20:33:20.059136+00:00,arms,left_wrist_roll,1987,33,0,1044,1989,1987
284.3,2026-08-04T20:33:20.059136+00:00,arms,left_gripper,2013,37,0,0,2014,2013
284.3,2026-08-04T20:33:20.059136+00:00,arms,right_shoulder_pan,1965,37,1,1056,1974,1965
284.3,2026-08-04T20:33:20.059136+00:00,arms,right_shoulder_lift,2165,46,30,246,2049,2157
284.3,2026-08-04T20:33:20.059136+00:00,arms,right_elbow_flex,2171,43,18,162,2097,2166
284.3,2026-08-04T20:33:20.059136+00:00,arms,right_wrist_flex,1995,36,1,52,1976,1994
284.3,2026-08-04T20:33:20.059136+00:00,arms,right_wrist_roll,2109,35,0,1048,2114,2109
284.3,2026-08-04T20:33:20.059136+00:00,arms,right_gripper,2079,38,0,0,2079,2079
284.3,2026-08-04T20:33:20.059136+00:00,head,head_motor_1,2158,25,0,0,,
284.3,2026-08-04T20:33:20.059136+00:00,head,head_motor_2,1943,27,0,0,,
284.3,2026-08-04T20:33:20.059136+00:00,head,base_left_wheel,3461,27,0,0,,
284.3,2026-08-04T20:33:20.059136+00:00,head,base_back_wheel,3496,27,0,0,,
284.3,2026-08-04T20:33:20.059136+00:00,head,base_right_wheel,2173,26,0,0,,
285.3,2026-08-04T20:33:21.059593+00:00,arms,left_shoulder_pan,1857,36,0,0,1857,1857
285.3,2026-08-04T20:33:21.059593+00:00,arms,left_shoulder_lift,2403,34,3,68,2389,2403
285.3,2026-08-04T20:33:21.059593+00:00,arms,left_elbow_flex,1644,35,3,72,1629,1644
285.3,2026-08-04T20:33:21.059593+00:00,arms,left_wrist_flex,2172,34,1,24,2169,2172
285.3,2026-08-04T20:33:21.059593+00:00,arms,left_wrist_roll,1987,33,0,1044,1989,1987
285.3,2026-08-04T20:33:21.059593+00:00,arms,left_gripper,2013,37,0,0,2014,2013
285.3,2026-08-04T20:33:21.059593+00:00,arms,right_shoulder_pan,1965,37,1,1056,1974,1965
285.3,2026-08-04T20:33:21.059593+00:00,arms,right_shoulder_lift,2165,46,31,246,2049,2157
285.3,2026-08-04T20:33:21.059593+00:00,arms,right_elbow_flex,2171,43,20,162,2097,2166
285.3,2026-08-04T20:33:21.059593+00:00,arms,right_wrist_flex,1995,36,2,52,1976,1994
285.3,2026-08-04T20:33:21.059593+00:00,arms,right_wrist_roll,2109,35,1,1048,2114,2109
285.3,2026-08-04T20:33:21.059593+00:00,arms,right_gripper,2079,38,0,0,2079,2079
285.3,2026-08-04T20:33:21.059593+00:00,head,head_motor_1,2158,25,0,0,,
285.3,2026-08-04T20:33:21.059593+00:00,head,head_motor_2,1943,26,0,0,,
285.3,2026-08-04T20:33:21.059593+00:00,head,base_left_wheel,3461,27,0,0,,
285.3,2026-08-04T20:33:21.059593+00:00,head,base_back_wheel,3496,27,0,0,,
285.3,2026-08-04T20:33:21.059593+00:00,head,base_right_wheel,2173,26,0,0,,
286.3,2026-08-04T20:33:22.060627+00:00,arms,left_shoulder_pan,1857,36,0,0,1857,1857
286.3,2026-08-04T20:33:22.060627+00:00,arms,left_shoulder_lift,2403,34,4,68,2389,2403
286.3,2026-08-04T20:33:22.060627+00:00,arms,left_elbow_flex,1644,35,3,72,1629,1644
286.3,2026-08-04T20:33:22.060627+00:00,arms,left_wrist_flex,2172,34,0,24,2169,2172
286.3,2026-08-04T20:33:22.060627+00:00,arms,left_wrist_roll,1987,33,0,1044,1989,1987
286.3,2026-08-04T20:33:22.060627+00:00,arms,left_gripper,2013,37,0,0,2014,2013
286.3,2026-08-04T20:33:22.060627+00:00,arms,right_shoulder_pan,1965,37,0,1056,1974,1965
286.3,2026-08-04T20:33:22.060627+00:00,arms,right_shoulder_lift,2165,47,30,246,2049,2157
286.3,2026-08-04T20:33:22.060627+00:00,arms,right_elbow_flex,2171,43,14,162,2097,2166
286.3,2026-08-04T20:33:22.060627+00:00,arms,right_wrist_flex,1995,36,1,52,1976,1994
286.3,2026-08-04T20:33:22.060627+00:00,arms,right_wrist_roll,2109,35,1,1048,2114,2109
286.3,2026-08-04T20:33:22.060627+00:00,arms,right_gripper,2079,38,0,0,2079,2079
286.3,2026-08-04T20:33:22.060627+00:00,head,head_motor_1,2158,25,0,0,,
286.3,2026-08-04T20:33:22.060627+00:00,head,head_motor_2,1943,27,0,0,,
286.3,2026-08-04T20:33:22.060627+00:00,head,base_left_wheel,3461,27,0,0,,
286.3,2026-08-04T20:33:22.060627+00:00,head,base_back_wheel,3496,27,0,0,,
286.3,2026-08-04T20:33:22.060627+00:00,head,base_right_wheel,2173,26,0,0,,
287.3,2026-08-04T20:33:23.061663+00:00,arms,left_shoulder_pan,1857,36,0,0,1857,1857
287.3,2026-08-04T20:33:23.061663+00:00,arms,left_shoulder_lift,2403,34,4,68,2389,2403
287.3,2026-08-04T20:33:23.061663+00:00,arms,left_elbow_flex,1644,35,3,72,1629,1644
287.3,2026-08-04T20:33:23.061663+00:00,arms,left_wrist_flex,2172,34,0,24,2169,2172
287.3,2026-08-04T20:33:23.061663+00:00,arms,left_wrist_roll,1987,33,0,1044,1989,1987
287.3,2026-08-04T20:33:23.061663+00:00,arms,left_gripper,2013,37,0,0,2014,2013
287.3,2026-08-04T20:33:23.061663+00:00,arms,right_shoulder_pan,1965,37,0,1056,1974,1965
287.3,2026-08-04T20:33:23.061663+00:00,arms,right_shoulder_lift,2165,47,30,246,2049,2157
287.3,2026-08-04T20:33:23.061663+00:00,arms,right_elbow_flex,2171,43,20,162,2097,2166
287.3,2026-08-04T20:33:23.061663+00:00,arms,right_wrist_flex,1995,36,1,52,1976,1994
287.3,2026-08-04T20:33:23.061663+00:00,arms,right_wrist_roll,2109,35,1,1048,2114,2109
287.3,2026-08-04T20:33:23.061663+00:00,arms,right_gripper,2079,38,0,0,2079,2079
287.3,2026-08-04T20:33:23.061663+00:00,head,head_motor_1,2158,25,0,0,,
287.3,2026-08-04T20:33:23.061663+00:00,head,head_motor_2,1943,27,0,0,,
287.3,2026-08-04T20:33:23.061663+00:00,head,base_left_wheel,3461,27,0,0,,
287.3,2026-08-04T20:33:23.061663+00:00,head,base_back_wheel,3496,27,0,0,,
287.3,2026-08-04T20:33:23.061663+00:00,head,base_right_wheel,2173,26,0,0,,
288.3,2026-08-04T20:33:24.062699+00:00,arms,left_shoulder_pan,1857,36,0,0,1857,1857
288.3,2026-08-04T20:33:24.062699+00:00,arms,left_shoulder_lift,2403,34,4,68,2389,2403
288.3,2026-08-04T20:33:24.062699+00:00,arms,left_elbow_flex,1644,35,2,72,1629,1644
288.3,2026-08-04T20:33:24.062699+00:00,arms,left_wrist_flex,2172,34,0,24,2169,2172
288.3,2026-08-04T20:33:24.062699+00:00,arms,left_wrist_roll,1987,33,0,1044,1989,1987
288.3,2026-08-04T20:33:24.062699+00:00,arms,left_gripper,2013,37,0,0,2014,2013
288.3,2026-08-04T20:33:24.062699+00:00,arms,right_shoulder_pan,1965,37,1,1056,1974,1965
288.3,2026-08-04T20:33:24.062699+00:00,arms,right_shoulder_lift,2165,47,28,246,2049,2157
288.3,2026-08-04T20:33:24.062699+00:00,arms,right_elbow_flex,2171,43,14,162,2097,2166
288.3,2026-08-04T20:33:24.062699+00:00,arms,right_wrist_flex,1995,36,1,52,1976,1994
288.3,2026-08-04T20:33:24.062699+00:00,arms,right_wrist_roll,2109,35,0,1048,2114,2109
288.3,2026-08-04T20:33:24.062699+00:00,arms,right_gripper,2079,38,0,0,2079,2079
288.3,2026-08-04T20:33:24.062699+00:00,head,head_motor_1,2158,25,0,0,,
288.3,2026-08-04T20:33:24.062699+00:00,head,head_motor_2,1943,27,0,0,,
288.3,2026-08-04T20:33:24.062699+00:00,head,base_left_wheel,3461,27,0,0,,
288.3,2026-08-04T20:33:24.062699+00:00,head,base_back_wheel,3496,27,0,0,,
288.3,2026-08-04T20:33:24.062699+00:00,head,base_right_wheel,2173,26,0,0,,
289.3,2026-08-04T20:33:25.063736+00:00,arms,left_shoulder_pan,1857,36,0,0,1857,1857
289.3,2026-08-04T20:33:25.063736+00:00,arms,left_shoulder_lift,2403,34,4,68,2389,2403
289.3,2026-08-04T20:33:25.063736+00:00,arms,left_elbow_flex,1644,35,3,72,1629,1644
289.3,2026-08-04T20:33:25.063736+00:00,arms,left_wrist_flex,2172,34,0,24,2169,2172
289.3,2026-08-04T20:33:25.063736+00:00,arms,left_wrist_roll,1987,33,0,1044,1989,1987
289.3,2026-08-04T20:33:25.063736+00:00,arms,left_gripper,2013,37,0,0,2014,2013
289.3,2026-08-04T20:33:25.063736+00:00,arms,right_shoulder_pan,1965,37,1,1056,1974,1965
289.3,2026-08-04T20:33:25.063736+00:00,arms,right_shoulder_lift,2165,47,28,246,2049,2157
289.3,2026-08-04T20:33:25.063736+00:00,arms,right_elbow_flex,2171,43,18,162,2097,2166
289.3,2026-08-04T20:33:25.063736+00:00,arms,right_wrist_flex,1995,36,2,52,1976,1994
289.3,2026-08-04T20:33:25.063736+00:00,arms,right_wrist_roll,2109,35,0,1048,2114,2109
289.3,2026-08-04T20:33:25.063736+00:00,arms,right_gripper,2079,38,0,0,2079,2079
289.3,2026-08-04T20:33:25.063736+00:00,head,head_motor_1,2158,25,0,0,,
289.3,2026-08-04T20:33:25.063736+00:00,head,head_motor_2,1943,27,0,0,,
289.3,2026-08-04T20:33:25.063736+00:00,head,base_left_wheel,3461,27,0,0,,
289.3,2026-08-04T20:33:25.063736+00:00,head,base_back_wheel,3496,27,0,0,,
289.3,2026-08-04T20:33:25.063736+00:00,head,base_right_wheel,2173,26,0,0,,
290.3,2026-08-04T20:33:26.063836+00:00,arms,left_shoulder_pan,1857,36,0,0,1857,1857
290.3,2026-08-04T20:33:26.063836+00:00,arms,left_shoulder_lift,2403,34,3,68,2389,2403
290.3,2026-08-04T20:33:26.063836+00:00,arms,left_elbow_flex,1644,35,3,72,1629,1644
290.3,2026-08-04T20:33:26.063836+00:00,arms,left_wrist_flex,2172,34,0,24,2169,2172
290.3,2026-08-04T20:33:26.063836+00:00,arms,left_wrist_roll,1987,33,0,1044,1989,1987
290.3,2026-08-04T20:33:26.063836+00:00,arms,left_gripper,2013,37,0,0,2014,2013
290.3,2026-08-04T20:33:26.063836+00:00,arms,right_shoulder_pan,1965,37,1,1056,1974,1965
290.3,2026-08-04T20:33:26.063836+00:00,arms,right_shoulder_lift,2165,47,33,246,2049,2157
290.3,2026-08-04T20:33:26.063836+00:00,arms,right_elbow_flex,2171,43,15,162,2097,2166
290.3,2026-08-04T20:33:26.063836+00:00,arms,right_wrist_flex,1995,36,2,52,1976,1994
290.3,2026-08-04T20:33:26.063836+00:00,arms,right_wrist_roll,2109,35,0,1048,2114,2109
290.3,2026-08-04T20:33:26.063836+00:00,arms,right_gripper,2079,38,0,0,2079,2079
290.3,2026-08-04T20:33:26.063836+00:00,head,head_motor_1,2158,25,0,0,,
290.3,2026-08-04T20:33:26.063836+00:00,head,head_motor_2,1943,27,0,0,,
290.3,2026-08-04T20:33:26.063836+00:00,head,base_left_wheel,3461,27,0,0,,
290.3,2026-08-04T20:33:26.063836+00:00,head,base_back_wheel,3496,27,0,0,,
290.3,2026-08-04T20:33:26.063836+00:00,head,base_right_wheel,2173,26,0,0,,
291.3,2026-08-04T20:33:27.064927+00:00,arms,left_shoulder_pan,1857,36,0,0,1857,1857
291.3,2026-08-04T20:33:27.064927+00:00,arms,left_shoulder_lift,2403,34,4,68,2389,2403
291.3,2026-08-04T20:33:27.064927+00:00,arms,left_elbow_flex,1644,35,3,72,1629,1644
291.3,2026-08-04T20:33:27.064927+00:00,arms,left_wrist_flex,2172,34,0,24,2169,2172
291.3,2026-08-04T20:33:27.064927+00:00,arms,left_wrist_roll,1987,33,0,1044,1989,1987
291.3,2026-08-04T20:33:27.064927+00:00,arms,left_gripper,2013,37,0,0,2014,2013
291.3,2026-08-04T20:33:27.064927+00:00,arms,right_shoulder_pan,1965,37,1,1056,1974,1965
291.3,2026-08-04T20:33:27.064927+00:00,arms,right_shoulder_lift,2165,47,32,246,2049,2157
291.3,2026-08-04T20:33:27.064927+00:00,arms,right_elbow_flex,2171,43,17,162,2097,2166
291.3,2026-08-04T20:33:27.064927+00:00,arms,right_wrist_flex,1995,36,1,52,1976,1994
291.3,2026-08-04T20:33:27.064927+00:00,arms,right_wrist_roll,2109,35,1,1048,2114,2109
291.3,2026-08-04T20:33:27.064927+00:00,arms,right_gripper,2079,38,0,0,2079,2079
291.3,2026-08-04T20:33:27.064927+00:00,head,head_motor_1,2158,25,0,0,,
291.3,2026-08-04T20:33:27.064927+00:00,head,head_motor_2,1943,27,0,0,,
291.3,2026-08-04T20:33:27.064927+00:00,head,base_left_wheel,3461,27,0,0,,
291.3,2026-08-04T20:33:27.064927+00:00,head,base_back_wheel,3496,27,0,0,,
291.3,2026-08-04T20:33:27.064927+00:00,head,base_right_wheel,2173,26,0,0,,
292.3,2026-08-04T20:33:28.066353+00:00,arms,left_shoulder_pan,1857,36,0,0,1857,1857
292.3,2026-08-04T20:33:28.066353+00:00,arms,left_shoulder_lift,2403,34,4,68,2389,2403
292.3,2026-08-04T20:33:28.066353+00:00,arms,left_elbow_flex,1644,35,3,72,1629,1644
292.3,2026-08-04T20:33:28.066353+00:00,arms,left_wrist_flex,2172,34,0,24,2169,2172
292.3,2026-08-04T20:33:28.066353+00:00,arms,left_wrist_roll,1987,33,0,1044,1989,1987
292.3,2026-08-04T20:33:28.066353+00:00,arms,left_gripper,2013,37,0,0,2014,2013
292.3,2026-08-04T20:33:28.066353+00:00,arms,right_shoulder_pan,1965,37,1,1056,1974,1965
292.3,2026-08-04T20:33:28.066353+00:00,arms,right_shoulder_lift,2165,47,32,246,2049,2157
292.3,2026-08-04T20:33:28.066353+00:00,arms,right_elbow_flex,2171,43,17,162,2097,2166
292.3,2026-08-04T20:33:28.066353+00:00,arms,right_wrist_flex,1995,36,1,52,1976,1994
292.3,2026-08-04T20:33:28.066353+00:00,arms,right_wrist_roll,2109,35,1,1048,2114,2109
292.3,2026-08-04T20:33:28.066353+00:00,arms,right_gripper,2079,38,0,0,2079,2079
292.3,2026-08-04T20:33:28.066353+00:00,head,head_motor_1,2158,25,0,0,,
292.3,2026-08-04T20:33:28.066353+00:00,head,head_motor_2,1943,27,0,0,,
292.3,2026-08-04T20:33:28.066353+00:00,head,base_left_wheel,3461,27,0,0,,
292.3,2026-08-04T20:33:28.066353+00:00,head,base_back_wheel,3496,27,0,0,,
292.3,2026-08-04T20:33:28.066353+00:00,head,base_right_wheel,2173,26,0,0,,
293.3,2026-08-04T20:33:29.067886+00:00,arms,left_shoulder_pan,1857,36,0,0,1857,1857
293.3,2026-08-04T20:33:29.067886+00:00,arms,left_shoulder_lift,2403,34,3,68,2389,2403
293.3,2026-08-04T20:33:29.067886+00:00,arms,left_elbow_flex,1644,35,3,72,1629,1644
293.3,2026-08-04T20:33:29.067886+00:00,arms,left_wrist_flex,2172,34,0,24,2169,2172
293.3,2026-08-04T20:33:29.067886+00:00,arms,left_wrist_roll,1987,33,1,1044,1989,1987
293.3,2026-08-04T20:33:29.067886+00:00,arms,left_gripper,2013,37,0,0,2014,2013
293.3,2026-08-04T20:33:29.067886+00:00,arms,right_shoulder_pan,1965,37,0,1056,1974,1965
293.3,2026-08-04T20:33:29.067886+00:00,arms,right_shoulder_lift,2165,47,29,246,2049,2157
293.3,2026-08-04T20:33:29.067886+00:00,arms,right_elbow_flex,2171,43,19,162,2097,2166
293.3,2026-08-04T20:33:29.067886+00:00,arms,right_wrist_flex,1995,36,1,52,1976,1994
293.3,2026-08-04T20:33:29.067886+00:00,arms,right_wrist_roll,2109,35,0,1048,2114,2109
293.3,2026-08-04T20:33:29.067886+00:00,arms,right_gripper,2079,38,0,0,2079,2079
293.3,2026-08-04T20:33:29.067886+00:00,head,head_motor_1,2158,25,0,0,,
293.3,2026-08-04T20:33:29.067886+00:00,head,head_motor_2,1943,27,0,0,,
293.3,2026-08-04T20:33:29.067886+00:00,head,base_left_wheel,3461,27,0,0,,
293.3,2026-08-04T20:33:29.067886+00:00,head,base_back_wheel,3496,27,0,0,,
293.3,2026-08-04T20:33:29.067886+00:00,head,base_right_wheel,2173,26,0,0,,
294.3,2026-08-04T20:33:30.069358+00:00,arms,left_shoulder_pan,1857,36,0,0,1857,1857
294.3,2026-08-04T20:33:30.069358+00:00,arms,left_shoulder_lift,2403,34,3,68,2389,2403
294.3,2026-08-04T20:33:30.069358+00:00,arms,left_elbow_flex,1644,35,3,72,1629,1644
294.3,2026-08-04T20:33:30.069358+00:00,arms,left_wrist_flex,2172,34,0,24,2169,2172
294.3,2026-08-04T20:33:30.069358+00:00,arms,left_wrist_roll,1987,33,0,1044,1989,1987
294.3,2026-08-04T20:33:30.069358+00:00,arms,left_gripper,2013,37,0,0,2014,2013
294.3,2026-08-04T20:33:30.069358+00:00,arms,right_shoulder_pan,1965,37,1,1056,1974,1965
294.3,2026-08-04T20:33:30.069358+00:00,arms,right_shoulder_lift,2165,47,32,246,2049,2157
294.3,2026-08-04T20:33:30.069358+00:00,arms,right_elbow_flex,2171,43,15,162,2097,2166
294.3,2026-08-04T20:33:30.069358+00:00,arms,right_wrist_flex,1995,36,2,52,1976,1994
294.3,2026-08-04T20:33:30.069358+00:00,arms,right_wrist_roll,2109,35,0,1048,2114,2109
294.3,2026-08-04T20:33:30.069358+00:00,arms,right_gripper,2079,38,0,0,2079,2079
294.3,2026-08-04T20:33:30.069358+00:00,head,head_motor_1,2158,25,0,0,,
294.3,2026-08-04T20:33:30.069358+00:00,head,head_motor_2,1943,27,0,0,,
294.3,2026-08-04T20:33:30.069358+00:00,head,base_left_wheel,3461,27,0,0,,
294.3,2026-08-04T20:33:30.069358+00:00,head,base_back_wheel,3496,27,0,0,,
294.3,2026-08-04T20:33:30.069358+00:00,head,base_right_wheel,2173,26,0,0,,
295.3,2026-08-04T20:33:31.070797+00:00,arms,left_shoulder_pan,1857,36,0,0,1857,1857
295.3,2026-08-04T20:33:31.070797+00:00,arms,left_shoulder_lift,2403,34,3,68,2389,2403
295.3,2026-08-04T20:33:31.070797+00:00,arms,left_elbow_flex,1644,35,2,72,1629,1644
295.3,2026-08-04T20:33:31.070797+00:00,arms,left_wrist_flex,2172,34,1,24,2169,2172
295.3,2026-08-04T20:33:31.070797+00:00,arms,left_wrist_roll,1987,33,0,1044,1989,1987
295.3,2026-08-04T20:33:31.070797+00:00,arms,left_gripper,2013,37,0,0,2014,2013
295.3,2026-08-04T20:33:31.070797+00:00,arms,right_shoulder_pan,1965,37,1,1056,1974,1965
295.3,2026-08-04T20:33:31.070797+00:00,arms,right_shoulder_lift,2165,47,28,246,2049,2157
295.3,2026-08-04T20:33:31.070797+00:00,arms,right_elbow_flex,2171,43,20,162,2097,2166
295.3,2026-08-04T20:33:31.070797+00:00,arms,right_wrist_flex,1995,36,2,52,1976,1994
295.3,2026-08-04T20:33:31.070797+00:00,arms,right_wrist_roll,2109,35,1,1048,2114,2109
295.3,2026-08-04T20:33:31.070797+00:00,arms,right_gripper,2079,38,0,0,2079,2079
295.3,2026-08-04T20:33:31.070797+00:00,head,head_motor_1,2158,25,0,0,,
295.3,2026-08-04T20:33:31.070797+00:00,head,head_motor_2,1943,27,0,0,,
295.3,2026-08-04T20:33:31.070797+00:00,head,base_left_wheel,3461,27,0,0,,
295.3,2026-08-04T20:33:31.070797+00:00,head,base_back_wheel,3496,27,0,0,,
295.3,2026-08-04T20:33:31.070797+00:00,head,base_right_wheel,2173,26,0,0,,
296.3,2026-08-04T20:33:32.072248+00:00,arms,left_shoulder_pan,1857,36,0,0,1857,1857
296.3,2026-08-04T20:33:32.072248+00:00,arms,left_shoulder_lift,2403,34,3,68,2389,2403
296.3,2026-08-04T20:33:32.072248+00:00,arms,left_elbow_flex,1644,35,2,72,1629,1644
296.3,2026-08-04T20:33:32.072248+00:00,arms,left_wrist_flex,2172,34,0,24,2169,2172
296.3,2026-08-04T20:33:32.072248+00:00,arms,left_wrist_roll,1987,33,0,1044,1989,1987
296.3,2026-08-04T20:33:32.072248+00:00,arms,left_gripper,2013,37,0,0,2014,2013
296.3,2026-08-04T20:33:32.072248+00:00,arms,right_shoulder_pan,1965,37,1,1056,1974,1965
296.3,2026-08-04T20:33:32.072248+00:00,arms,right_shoulder_lift,2165,47,28,246,2049,2157
296.3,2026-08-04T20:33:32.072248+00:00,arms,right_elbow_flex,2171,43,14,162,2097,2166
296.3,2026-08-04T20:33:32.072248+00:00,arms,right_wrist_flex,1995,36,1,52,1976,1994
296.3,2026-08-04T20:33:32.072248+00:00,arms,right_wrist_roll,2109,36,0,1048,2114,2109
296.3,2026-08-04T20:33:32.072248+00:00,arms,right_gripper,2079,38,0,0,2079,2079
296.3,2026-08-04T20:33:32.072248+00:00,head,head_motor_1,2158,25,0,0,,
296.3,2026-08-04T20:33:32.072248+00:00,head,head_motor_2,1943,27,0,0,,
296.3,2026-08-04T20:33:32.072248+00:00,head,base_left_wheel,3461,27,0,0,,
296.3,2026-08-04T20:33:32.072248+00:00,head,base_back_wheel,3496,27,0,0,,
296.3,2026-08-04T20:33:32.072248+00:00,head,base_right_wheel,2173,26,0,0,,
297.3,2026-08-04T20:33:33.073718+00:00,arms,left_shoulder_pan,1857,36,0,0,1857,1857
297.3,2026-08-04T20:33:33.073718+00:00,arms,left_shoulder_lift,2403,34,3,68,2389,2403
297.3,2026-08-04T20:33:33.073718+00:00,arms,left_elbow_flex,1644,35,2,72,1629,1644
297.3,2026-08-04T20:33:33.073718+00:00,arms,left_wrist_flex,2172,34,0,24,2169,2172
297.3,2026-08-04T20:33:33.073718+00:00,arms,left_wrist_roll,1987,33,0,1044,1989,1987
297.3,2026-08-04T20:33:33.073718+00:00,arms,left_gripper,2013,37,0,0,2014,2013
297.3,2026-08-04T20:33:33.073718+00:00,arms,right_shoulder_pan,1965,37,1,1056,1974,1965
297.3,2026-08-04T20:33:33.073718+00:00,arms,right_shoulder_lift,2165,47,33,246,2049,2157
297.3,2026-08-04T20:33:33.073718+00:00,arms,right_elbow_flex,2171,43,20,162,2097,2166
297.3,2026-08-04T20:33:33.073718+00:00,arms,right_wrist_flex,1995,36,2,52,1976,1994
297.3,2026-08-04T20:33:33.073718+00:00,arms,right_wrist_roll,2109,35,0,1048,2114,2109
297.3,2026-08-04T20:33:33.073718+00:00,arms,right_gripper,2079,38,0,0,2079,2079
297.3,2026-08-04T20:33:33.073718+00:00,head,head_motor_1,2158,25,0,0,,
297.3,2026-08-04T20:33:33.073718+00:00,head,head_motor_2,1943,27,0,0,,
297.3,2026-08-04T20:33:33.073718+00:00,head,base_left_wheel,3461,27,0,0,,
297.3,2026-08-04T20:33:33.073718+00:00,head,base_back_wheel,3496,27,0,0,,
297.3,2026-08-04T20:33:33.073718+00:00,head,base_right_wheel,2173,26,0,0,,
298.3,2026-08-04T20:33:34.074816+00:00,arms,left_shoulder_pan,1857,36,0,0,1857,1857
298.3,2026-08-04T20:33:34.074816+00:00,arms,left_shoulder_lift,2403,34,4,68,2389,2403
298.3,2026-08-04T20:33:34.074816+00:00,arms,left_elbow_flex,1644,35,3,72,1629,1644
298.3,2026-08-04T20:33:34.074816+00:00,arms,left_wrist_flex,2172,34,0,24,2169,2172
298.3,2026-08-04T20:33:34.074816+00:00,arms,left_wrist_roll,1987,33,0,1044,1989,1987
298.3,2026-08-04T20:33:34.074816+00:00,arms,left_gripper,2013,37,0,0,2014,2013
298.3,2026-08-04T20:33:34.074816+00:00,arms,right_shoulder_pan,1965,37,1,1056,1974,1965
298.3,2026-08-04T20:33:34.074816+00:00,arms,right_shoulder_lift,2165,47,30,246,2049,2157
298.3,2026-08-04T20:33:34.074816+00:00,arms,right_elbow_flex,2171,43,19,162,2097,2166
298.3,2026-08-04T20:33:34.074816+00:00,arms,right_wrist_flex,1995,36,1,52,1976,1994
298.3,2026-08-04T20:33:34.074816+00:00,arms,right_wrist_roll,2109,35,0,1048,2114,2109
298.3,2026-08-04T20:33:34.074816+00:00,arms,right_gripper,2079,38,0,0,2079,2079
298.3,2026-08-04T20:33:34.074816+00:00,head,head_motor_1,2158,25,0,0,,
298.3,2026-08-04T20:33:34.074816+00:00,head,head_motor_2,1943,27,0,0,,
298.3,2026-08-04T20:33:34.074816+00:00,head,base_left_wheel,3461,27,0,0,,
298.3,2026-08-04T20:33:34.074816+00:00,head,base_back_wheel,3496,27,0,0,,
298.3,2026-08-04T20:33:34.074816+00:00,head,base_right_wheel,2173,26,0,0,,
299.3,2026-08-04T20:33:35.076027+00:00,arms,left_shoulder_pan,1857,36,0,0,1857,1857
299.3,2026-08-04T20:33:35.076027+00:00,arms,left_shoulder_lift,2403,34,3,68,2389,2403
299.3,2026-08-04T20:33:35.076027+00:00,arms,left_elbow_flex,1644,35,3,72,1629,1644
299.3,2026-08-04T20:33:35.076027+00:00,arms,left_wrist_flex,2172,34,0,24,2169,2172
299.3,2026-08-04T20:33:35.076027+00:00,arms,left_wrist_roll,1987,33,1,1044,1989,1987
299.3,2026-08-04T20:33:35.076027+00:00,arms,left_gripper,2013,37,0,0,2014,2013
299.3,2026-08-04T20:33:35.076027+00:00,arms,right_shoulder_pan,1965,37,1,1056,1974,1965
299.3,2026-08-04T20:33:35.076027+00:00,arms,right_shoulder_lift,2165,47,36,246,2049,2157
299.3,2026-08-04T20:33:35.076027+00:00,arms,right_elbow_flex,2171,43,20,162,2097,2166
299.3,2026-08-04T20:33:35.076027+00:00,arms,right_wrist_flex,1995,36,2,52,1976,1994
299.3,2026-08-04T20:33:35.076027+00:00,arms,right_wrist_roll,2109,35,0,1048,2114,2109
299.3,2026-08-04T20:33:35.076027+00:00,arms,right_gripper,2079,38,0,0,2079,2079
299.3,2026-08-04T20:33:35.076027+00:00,head,head_motor_1,2158,25,0,0,,
299.3,2026-08-04T20:33:35.076027+00:00,head,head_motor_2,1943,27,0,0,,
299.3,2026-08-04T20:33:35.076027+00:00,head,base_left_wheel,3461,27,0,0,,
299.3,2026-08-04T20:33:35.076027+00:00,head,base_back_wheel,3496,27,0,0,,
299.3,2026-08-04T20:33:35.076027+00:00,head,base_right_wheel,2173,26,0,0,,
300.3,2026-08-04T20:33:36.077118+00:00,arms,left_shoulder_pan,1857,36,0,0,1857,1857
300.3,2026-08-04T20:33:36.077118+00:00,arms,left_shoulder_lift,2403,34,4,68,2389,2403
300.3,2026-08-04T20:33:36.077118+00:00,arms,left_elbow_flex,1644,35,3,72,1629,1644
300.3,2026-08-04T20:33:36.077118+00:00,arms,left_wrist_flex,2172,34,1,24,2169,2172
300.3,2026-08-04T20:33:36.077118+00:00,arms,left_wrist_roll,1987,33,0,1044,1989,1987
300.3,2026-08-04T20:33:36.077118+00:00,arms,left_gripper,2013,37,0,0,2014,2013
300.3,2026-08-04T20:33:36.077118+00:00,arms,right_shoulder_pan,1965,37,0,1056,1974,1965
300.3,2026-08-04T20:33:36.077118+00:00,arms,right_shoulder_lift,2165,47,31,246,2049,2157
300.3,2026-08-04T20:33:36.077118+00:00,arms,right_elbow_flex,2171,43,15,162,2097,2166
300.3,2026-08-04T20:33:36.077118+00:00,arms,right_wrist_flex,1995,36,2,52,1976,1994
300.3,2026-08-04T20:33:36.077118+00:00,arms,right_wrist_roll,2109,35,1,1048,2114,2109
300.3,2026-08-04T20:33:36.077118+00:00,arms,right_gripper,2079,38,0,0,2079,2079
300.3,2026-08-04T20:33:36.077118+00:00,head,head_motor_1,2158,25,0,0,,
300.3,2026-08-04T20:33:36.077118+00:00,head,head_motor_2,1943,27,0,0,,
300.3,2026-08-04T20:33:36.077118+00:00,head,base_left_wheel,3461,27,0,0,,
300.3,2026-08-04T20:33:36.077118+00:00,head,base_back_wheel,3496,27,0,0,,
300.3,2026-08-04T20:33:36.077118+00:00,head,base_right_wheel,2173,26,0,0,,
301.3,2026-08-04T20:33:37.078570+00:00,arms,left_shoulder_pan,1857,36,0,0,1857,1857
301.3,2026-08-04T20:33:37.078570+00:00,arms,left_shoulder_lift,2403,34,4,68,2389,2403
301.3,2026-08-04T20:33:37.078570+00:00,arms,left_elbow_flex,1644,35,3,72,1629,1644
301.3,2026-08-04T20:33:37.078570+00:00,arms,left_wrist_flex,2172,34,0,24,2169,2172
301.3,2026-08-04T20:33:37.078570+00:00,arms,left_wrist_roll,1987,33,0,1044,1989,1987
301.3,2026-08-04T20:33:37.078570+00:00,arms,left_gripper,2013,37,0,0,2014,2013
301.3,2026-08-04T20:33:37.078570+00:00,arms,right_shoulder_pan,1965,37,1,1056,1974,1965
301.3,2026-08-04T20:33:37.078570+00:00,arms,right_shoulder_lift,2165,47,28,246,2049,2157
301.3,2026-08-04T20:33:37.078570+00:00,arms,right_elbow_flex,2171,43,19,162,2097,2166
301.3,2026-08-04T20:33:37.078570+00:00,arms,right_wrist_flex,1995,36,2,52,1976,1994
301.3,2026-08-04T20:33:37.078570+00:00,arms,right_wrist_roll,2109,35,0,1048,2114,2109
301.3,2026-08-04T20:33:37.078570+00:00,arms,right_gripper,2079,38,0,0,2079,2079
301.3,2026-08-04T20:33:37.078570+00:00,head,head_motor_1,2158,25,0,0,,
301.3,2026-08-04T20:33:37.078570+00:00,head,head_motor_2,1943,27,0,0,,
301.3,2026-08-04T20:33:37.078570+00:00,head,base_left_wheel,3461,27,0,0,,
301.3,2026-08-04T20:33:37.078570+00:00,head,base_back_wheel,3496,27,0,0,,
301.3,2026-08-04T20:33:37.078570+00:00,head,base_right_wheel,2173,26,0,0,,
302.3,2026-08-04T20:33:38.080049+00:00,arms,left_shoulder_pan,1857,36,0,0,1857,1857
302.3,2026-08-04T20:33:38.080049+00:00,arms,left_shoulder_lift,2403,34,4,68,2389,2403
302.3,2026-08-04T20:33:38.080049+00:00,arms,left_elbow_flex,1644,35,2,72,1629,1644
302.3,2026-08-04T20:33:38.080049+00:00,arms,left_wrist_flex,2172,34,1,24,2169,2172
302.3,2026-08-04T20:33:38.080049+00:00,arms,left_wrist_roll,1987,33,0,1044,1989,1987
302.3,2026-08-04T20:33:38.080049+00:00,arms,left_gripper,2013,37,0,0,2014,2013
302.3,2026-08-04T20:33:38.080049+00:00,arms,right_shoulder_pan,1965,37,1,1056,1974,1965
302.3,2026-08-04T20:33:38.080049+00:00,arms,right_shoulder_lift,2165,47,28,246,2049,2157
302.3,2026-08-04T20:33:38.080049+00:00,arms,right_elbow_flex,2171,43,20,162,2097,2166
302.3,2026-08-04T20:33:38.080049+00:00,arms,right_wrist_flex,1995,36,1,52,1976,1994
302.3,2026-08-04T20:33:38.080049+00:00,arms,right_wrist_roll,2109,35,0,1048,2114,2109
302.3,2026-08-04T20:33:38.080049+00:00,arms,right_gripper,2079,38,0,0,2079,2079
302.3,2026-08-04T20:33:38.080049+00:00,head,head_motor_1,2158,25,0,0,,
302.3,2026-08-04T20:33:38.080049+00:00,head,head_motor_2,1943,27,0,0,,
302.3,2026-08-04T20:33:38.080049+00:00,head,base_left_wheel,3461,27,0,0,,
302.3,2026-08-04T20:33:38.080049+00:00,head,base_back_wheel,3496,27,0,0,,
302.3,2026-08-04T20:33:38.080049+00:00,head,base_right_wheel,2173,26,0,0,,
303.3,2026-08-04T20:33:39.081510+00:00,arms,left_shoulder_pan,1857,36,0,0,1857,1857
303.3,2026-08-04T20:33:39.081510+00:00,arms,left_shoulder_lift,2403,34,4,68,2389,2403
303.3,2026-08-04T20:33:39.081510+00:00,arms,left_elbow_flex,1644,35,3,72,1629,1644
303.3,2026-08-04T20:33:39.081510+00:00,arms,left_wrist_flex,2172,34,0,24,2169,2172
303.3,2026-08-04T20:33:39.081510+00:00,arms,left_wrist_roll,1987,34,0,1044,1989,1987
303.3,2026-08-04T20:33:39.081510+00:00,arms,left_gripper,2013,37,0,0,2014,2013
303.3,2026-08-04T20:33:39.081510+00:00,arms,right_shoulder_pan,1965,37,0,1056,1974,1965
303.3,2026-08-04T20:33:39.081510+00:00,arms,right_shoulder_lift,2165,47,28,246,2049,2157
303.3,2026-08-04T20:33:39.081510+00:00,arms,right_elbow_flex,2171,43,19,162,2097,2166
303.3,2026-08-04T20:33:39.081510+00:00,arms,right_wrist_flex,1995,36,2,52,1976,1994
303.3,2026-08-04T20:33:39.081510+00:00,arms,right_wrist_roll,2109,35,1,1048,2114,2109
303.3,2026-08-04T20:33:39.081510+00:00,arms,right_gripper,2079,38,0,0,2079,2079
303.3,2026-08-04T20:33:39.081510+00:00,head,head_motor_1,2158,25,0,0,,
303.3,2026-08-04T20:33:39.081510+00:00,head,head_motor_2,1943,27,0,0,,
303.3,2026-08-04T20:33:39.081510+00:00,head,base_left_wheel,3461,27,0,0,,
303.3,2026-08-04T20:33:39.081510+00:00,head,base_back_wheel,3496,27,0,0,,
303.3,2026-08-04T20:33:39.081510+00:00,head,base_right_wheel,2173,26,0,0,,
304.3,2026-08-04T20:33:40.082962+00:00,arms,left_shoulder_pan,1857,36,0,0,1857,1857
304.3,2026-08-04T20:33:40.082962+00:00,arms,left_shoulder_lift,2403,34,3,68,2389,2403
304.3,2026-08-04T20:33:40.082962+00:00,arms,left_elbow_flex,1644,35,3,72,1629,1644
304.3,2026-08-04T20:33:40.082962+00:00,arms,left_wrist_flex,2172,34,0,24,2169,2172
304.3,2026-08-04T20:33:40.082962+00:00,arms,left_wrist_roll,1987,33,1,1044,1989,1987
304.3,2026-08-04T20:33:40.082962+00:00,arms,left_gripper,2013,37,0,0,2014,2013
304.3,2026-08-04T20:33:40.082962+00:00,arms,right_shoulder_pan,1965,37,0,1056,1974,1965
304.3,2026-08-04T20:33:40.082962+00:00,arms,right_shoulder_lift,2165,47,33,246,2049,2157
304.3,2026-08-04T20:33:40.082962+00:00,arms,right_elbow_flex,2171,43,14,162,2097,2166
304.3,2026-08-04T20:33:40.082962+00:00,arms,right_wrist_flex,1995,36,2,52,1976,1994
304.3,2026-08-04T20:33:40.082962+00:00,arms,right_wrist_roll,2109,35,0,1048,2114,2109
304.3,2026-08-04T20:33:40.082962+00:00,arms,right_gripper,2079,38,0,0,2079,2079
304.3,2026-08-04T20:33:40.082962+00:00,head,head_motor_1,2158,25,0,0,,
304.3,2026-08-04T20:33:40.082962+00:00,head,head_motor_2,1943,27,0,0,,
304.3,2026-08-04T20:33:40.082962+00:00,head,base_left_wheel,3461,27,0,0,,
304.3,2026-08-04T20:33:40.082962+00:00,head,base_back_wheel,3496,27,0,0,,
304.3,2026-08-04T20:33:40.082962+00:00,head,base_right_wheel,2173,26,0,0,,
305.3,2026-08-04T20:33:41.084417+00:00,arms,left_shoulder_pan,1857,36,0,0,1857,1857
305.3,2026-08-04T20:33:41.084417+00:00,arms,left_shoulder_lift,2403,34,4,68,2389,2403
305.3,2026-08-04T20:33:41.084417+00:00,arms,left_elbow_flex,1644,35,3,72,1629,1644
305.3,2026-08-04T20:33:41.084417+00:00,arms,left_wrist_flex,2172,34,0,24,2169,2172
305.3,2026-08-04T20:33:41.084417+00:00,arms,left_wrist_roll,1987,33,1,1044,1989,1987
305.3,2026-08-04T20:33:41.084417+00:00,arms,left_gripper,2013,37,0,0,2014,2013
305.3,2026-08-04T20:33:41.084417+00:00,arms,right_shoulder_pan,1965,37,1,1056,1974,1965
305.3,2026-08-04T20:33:41.084417+00:00,arms,right_shoulder_lift,2165,47,32,246,2049,2157
305.3,2026-08-04T20:33:41.084417+00:00,arms,right_elbow_flex,2171,43,17,162,2097,2166
305.3,2026-08-04T20:33:41.084417+00:00,arms,right_wrist_flex,1995,36,2,52,1976,1994
305.3,2026-08-04T20:33:41.084417+00:00,arms,right_wrist_roll,2109,35,0,1048,2114,2109
305.3,2026-08-04T20:33:41.084417+00:00,arms,right_gripper,2079,40,0,0,2079,2079
305.3,2026-08-04T20:33:41.084417+00:00,head,head_motor_1,2158,25,0,0,,
305.3,2026-08-04T20:33:41.084417+00:00,head,head_motor_2,1943,27,0,0,,
305.3,2026-08-04T20:33:41.084417+00:00,head,base_left_wheel,3461,27,0,0,,
305.3,2026-08-04T20:33:41.084417+00:00,head,base_back_wheel,3496,27,0,0,,
305.3,2026-08-04T20:33:41.084417+00:00,head,base_right_wheel,2173,26,0,0,,
306.3,2026-08-04T20:33:42.085867+00:00,arms,left_shoulder_pan,1857,36,0,0,1857,1857
306.3,2026-08-04T20:33:42.085867+00:00,arms,left_shoulder_lift,2403,34,4,68,2389,2403
306.3,2026-08-04T20:33:42.085867+00:00,arms,left_elbow_flex,1644,35,3,72,1629,1644
306.3,2026-08-04T20:33:42.085867+00:00,arms,left_wrist_flex,2172,34,0,24,2169,2172
306.3,2026-08-04T20:33:42.085867+00:00,arms,left_wrist_roll,1987,33,0,1044,1989,1987
306.3,2026-08-04T20:33:42.085867+00:00,arms,left_gripper,2013,37,0,0,2014,2013
306.3,2026-08-04T20:33:42.085867+00:00,arms,right_shoulder_pan,1965,37,1,1056,1974,1965
306.3,2026-08-04T20:33:42.085867+00:00,arms,right_shoulder_lift,2165,47,33,246,2049,2157
306.3,2026-08-04T20:33:42.085867+00:00,arms,right_elbow_flex,2171,43,20,162,2097,2166
306.3,2026-08-04T20:33:42.085867+00:00,arms,right_wrist_flex,1995,36,2,52,1976,1994
306.3,2026-08-04T20:33:42.085867+00:00,arms,right_wrist_roll,2109,35,0,1048,2114,2109
306.3,2026-08-04T20:33:42.085867+00:00,arms,right_gripper,2079,38,0,0,2079,2079
306.3,2026-08-04T20:33:42.085867+00:00,head,head_motor_1,2158,25,0,0,,
306.3,2026-08-04T20:33:42.085867+00:00,head,head_motor_2,1943,27,0,0,,
306.3,2026-08-04T20:33:42.085867+00:00,head,base_left_wheel,3461,27,0,0,,
306.3,2026-08-04T20:33:42.085867+00:00,head,base_back_wheel,3496,27,0,0,,
306.3,2026-08-04T20:33:42.085867+00:00,head,base_right_wheel,2173,26,0,0,,
307.3,2026-08-04T20:33:43.087311+00:00,arms,left_shoulder_pan,1857,36,0,0,1857,1857
307.3,2026-08-04T20:33:43.087311+00:00,arms,left_shoulder_lift,2403,34,4,68,2389,2403
307.3,2026-08-04T20:33:43.087311+00:00,arms,left_elbow_flex,1644,35,3,72,1629,1644
307.3,2026-08-04T20:33:43.087311+00:00,arms,left_wrist_flex,2172,34,1,24,2169,2172
307.3,2026-08-04T20:33:43.087311+00:00,arms,left_wrist_roll,1987,34,0,1044,1989,1987
307.3,2026-08-04T20:33:43.087311+00:00,arms,left_gripper,2013,37,0,0,2014,2013
307.3,2026-08-04T20:33:43.087311+00:00,arms,right_shoulder_pan,1965,37,1,1056,1974,1965
307.3,2026-08-04T20:33:43.087311+00:00,arms,right_shoulder_lift,2165,47,36,246,2049,2157
307.3,2026-08-04T20:33:43.087311+00:00,arms,right_elbow_flex,2171,43,17,162,2097,2166
307.3,2026-08-04T20:33:43.087311+00:00,arms,right_wrist_flex,1995,36,1,52,1976,1994
307.3,2026-08-04T20:33:43.087311+00:00,arms,right_wrist_roll,2109,35,1,1048,2114,2109
307.3,2026-08-04T20:33:43.087311+00:00,arms,right_gripper,2079,38,0,0,2079,2079
307.3,2026-08-04T20:33:43.087311+00:00,head,head_motor_1,2158,25,0,0,,
307.3,2026-08-04T20:33:43.087311+00:00,head,head_motor_2,1943,27,0,0,,
307.3,2026-08-04T20:33:43.087311+00:00,head,base_left_wheel,3461,27,0,0,,
307.3,2026-08-04T20:33:43.087311+00:00,head,base_back_wheel,3496,27,0,0,,
307.3,2026-08-04T20:33:43.087311+00:00,head,base_right_wheel,2173,26,0,0,,
308.3,2026-08-04T20:33:44.088409+00:00,arms,left_shoulder_pan,1857,36,0,0,1857,1857
308.3,2026-08-04T20:33:44.088409+00:00,arms,left_shoulder_lift,2403,34,3,68,2389,2403
308.3,2026-08-04T20:33:44.088409+00:00,arms,left_elbow_flex,1644,35,3,72,1629,1644
308.3,2026-08-04T20:33:44.088409+00:00,arms,left_wrist_flex,2172,34,0,24,2169,2172
308.3,2026-08-04T20:33:44.088409+00:00,arms,left_wrist_roll,1987,34,0,1044,1989,1987
308.3,2026-08-04T20:33:44.088409+00:00,arms,left_gripper,2013,37,0,0,2014,2013
308.3,2026-08-04T20:33:44.088409+00:00,arms,right_shoulder_pan,1965,37,1,1056,1974,1965
308.3,2026-08-04T20:33:44.088409+00:00,arms,right_shoulder_lift,2165,47,34,246,2049,2157
308.3,2026-08-04T20:33:44.088409+00:00,arms,right_elbow_flex,2171,43,17,162,2097,2166
308.3,2026-08-04T20:33:44.088409+00:00,arms,right_wrist_flex,1995,36,2,52,1976,1994
308.3,2026-08-04T20:33:44.088409+00:00,arms,right_wrist_roll,2109,35,0,1048,2114,2109
308.3,2026-08-04T20:33:44.088409+00:00,arms,right_gripper,2079,38,0,0,2079,2079
308.3,2026-08-04T20:33:44.088409+00:00,head,head_motor_1,2158,25,0,0,,
308.3,2026-08-04T20:33:44.088409+00:00,head,head_motor_2,1943,27,0,0,,
308.3,2026-08-04T20:33:44.088409+00:00,head,base_left_wheel,3461,27,0,0,,
308.3,2026-08-04T20:33:44.088409+00:00,head,base_back_wheel,3496,27,0,0,,
308.3,2026-08-04T20:33:44.088409+00:00,head,base_right_wheel,2173,26,1,0,,
309.3,2026-08-04T20:33:45.089878+00:00,arms,left_shoulder_pan,1857,36,0,0,1857,1857
309.3,2026-08-04T20:33:45.089878+00:00,arms,left_shoulder_lift,2403,34,4,68,2389,2403
309.3,2026-08-04T20:33:45.089878+00:00,arms,left_elbow_flex,1644,35,3,72,1629,1644
309.3,2026-08-04T20:33:45.089878+00:00,arms,left_wrist_flex,2172,34,0,24,2169,2172
309.3,2026-08-04T20:33:45.089878+00:00,arms,left_wrist_roll,1987,33,0,1044,1989,1987
309.3,2026-08-04T20:33:45.089878+00:00,arms,left_gripper,2013,37,0,0,2014,2013
309.3,2026-08-04T20:33:45.089878+00:00,arms,right_shoulder_pan,1965,37,1,1056,1974,1965
309.3,2026-08-04T20:33:45.089878+00:00,arms,right_shoulder_lift,2165,48,34,246,2049,2157
309.3,2026-08-04T20:33:45.089878+00:00,arms,right_elbow_flex,2171,43,19,162,2097,2166
309.3,2026-08-04T20:33:45.089878+00:00,arms,right_wrist_flex,1995,36,1,52,1976,1994
309.3,2026-08-04T20:33:45.089878+00:00,arms,right_wrist_roll,2109,34,0,1048,2114,2109
309.3,2026-08-04T20:33:45.089878+00:00,arms,right_gripper,2079,38,0,0,2079,2079
309.3,2026-08-04T20:33:45.089878+00:00,head,head_motor_1,2158,27,0,0,,
309.3,2026-08-04T20:33:45.089878+00:00,head,head_motor_2,1943,27,0,0,,
309.3,2026-08-04T20:33:45.089878+00:00,head,base_left_wheel,3461,27,0,0,,
309.3,2026-08-04T20:33:45.089878+00:00,head,base_back_wheel,3496,27,0,0,,
309.3,2026-08-04T20:33:45.089878+00:00,head,base_right_wheel,2173,26,0,0,,
310.3,2026-08-04T20:33:46.091350+00:00,arms,left_shoulder_pan,1857,36,0,0,1857,1857
310.3,2026-08-04T20:33:46.091350+00:00,arms,left_shoulder_lift,2403,34,4,68,2389,2403
310.3,2026-08-04T20:33:46.091350+00:00,arms,left_elbow_flex,1644,35,3,72,1629,1644
310.3,2026-08-04T20:33:46.091350+00:00,arms,left_wrist_flex,2172,34,0,24,2169,2172
310.3,2026-08-04T20:33:46.091350+00:00,arms,left_wrist_roll,1987,33,1,1044,1989,1987
310.3,2026-08-04T20:33:46.091350+00:00,arms,left_gripper,2013,37,0,0,2014,2013
310.3,2026-08-04T20:33:46.091350+00:00,arms,right_shoulder_pan,1965,37,0,1056,1974,1965
310.3,2026-08-04T20:33:46.091350+00:00,arms,right_shoulder_lift,2165,48,29,246,2049,2157
310.3,2026-08-04T20:33:46.091350+00:00,arms,right_elbow_flex,2171,43,16,162,2097,2166
310.3,2026-08-04T20:33:46.091350+00:00,arms,right_wrist_flex,1995,36,1,52,1976,1994
310.3,2026-08-04T20:33:46.091350+00:00,arms,right_wrist_roll,2109,35,1,1048,2114,2109
310.3,2026-08-04T20:33:46.091350+00:00,arms,right_gripper,2079,38,0,0,2079,2079
310.3,2026-08-04T20:33:46.091350+00:00,head,head_motor_1,2158,25,0,0,,
310.3,2026-08-04T20:33:46.091350+00:00,head,head_motor_2,1943,27,0,0,,
310.3,2026-08-04T20:33:46.091350+00:00,head,base_left_wheel,3461,27,0,0,,
310.3,2026-08-04T20:33:46.091350+00:00,head,base_back_wheel,3496,27,0,0,,
310.3,2026-08-04T20:33:46.091350+00:00,head,base_right_wheel,2173,26,0,0,,
311.3,2026-08-04T20:33:47.092803+00:00,arms,left_shoulder_pan,1857,36,0,0,1857,1857
311.3,2026-08-04T20:33:47.092803+00:00,arms,left_shoulder_lift,2403,34,3,68,2389,2403
311.3,2026-08-04T20:33:47.092803+00:00,arms,left_elbow_flex,1644,35,3,72,1629,1644
311.3,2026-08-04T20:33:47.092803+00:00,arms,left_wrist_flex,2172,34,1,24,2169,2172
311.3,2026-08-04T20:33:47.092803+00:00,arms,left_wrist_roll,1987,33,1,1044,1989,1987
311.3,2026-08-04T20:33:47.092803+00:00,arms,left_gripper,2013,37,0,0,2014,2013
311.3,2026-08-04T20:33:47.092803+00:00,arms,right_shoulder_pan,1965,37,1,1056,1974,1965
311.3,2026-08-04T20:33:47.092803+00:00,arms,right_shoulder_lift,2165,48,28,246,2049,2157
311.3,2026-08-04T20:33:47.092803+00:00,arms,right_elbow_flex,2171,43,19,162,2097,2166
311.3,2026-08-04T20:33:47.092803+00:00,arms,right_wrist_flex,1995,36,1,52,1976,1994
311.3,2026-08-04T20:33:47.092803+00:00,arms,right_wrist_roll,2109,35,1,1048,2114,2109
311.3,2026-08-04T20:33:47.092803+00:00,arms,right_gripper,2079,38,0,0,2079,2079
311.3,2026-08-04T20:33:47.092803+00:00,head,head_motor_1,2158,25,0,0,,
311.3,2026-08-04T20:33:47.092803+00:00,head,head_motor_2,1943,27,0,0,,
311.3,2026-08-04T20:33:47.092803+00:00,head,base_left_wheel,3461,27,0,0,,
311.3,2026-08-04T20:33:47.092803+00:00,head,base_back_wheel,3496,27,0,0,,
311.3,2026-08-04T20:33:47.092803+00:00,head,base_right_wheel,2173,26,0,0,,
312.4,2026-08-04T20:33:48.093895+00:00,arms,left_shoulder_pan,1857,36,0,0,1857,1857
312.4,2026-08-04T20:33:48.093895+00:00,arms,left_shoulder_lift,2403,34,3,68,2389,2403
312.4,2026-08-04T20:33:48.093895+00:00,arms,left_elbow_flex,1644,35,2,72,1629,1644
312.4,2026-08-04T20:33:48.093895+00:00,arms,left_wrist_flex,2172,34,0,24,2169,2172
312.4,2026-08-04T20:33:48.093895+00:00,arms,left_wrist_roll,1987,33,0,1044,1989,1987
312.4,2026-08-04T20:33:48.093895+00:00,arms,left_gripper,2013,37,0,0,2014,2013
312.4,2026-08-04T20:33:48.093895+00:00,arms,right_shoulder_pan,1965,37,1,1056,1974,1965
312.4,2026-08-04T20:33:48.093895+00:00,arms,right_shoulder_lift,2165,48,29,246,2049,2157
312.4,2026-08-04T20:33:48.093895+00:00,arms,right_elbow_flex,2171,43,20,162,2097,2166
312.4,2026-08-04T20:33:48.093895+00:00,arms,right_wrist_flex,1995,36,1,52,1976,1994
312.4,2026-08-04T20:33:48.093895+00:00,arms,right_wrist_roll,2109,35,0,1048,2114,2109
312.4,2026-08-04T20:33:48.093895+00:00,arms,right_gripper,2079,38,0,0,2079,2079
312.4,2026-08-04T20:33:48.093895+00:00,head,head_motor_1,2158,25,0,0,,
312.4,2026-08-04T20:33:48.093895+00:00,head,head_motor_2,1943,27,0,0,,
312.4,2026-08-04T20:33:48.093895+00:00,head,base_left_wheel,3461,27,0,0,,
312.4,2026-08-04T20:33:48.093895+00:00,head,base_back_wheel,3496,27,0,0,,
312.4,2026-08-04T20:33:48.093895+00:00,head,base_right_wheel,2173,26,0,0,,
313.4,2026-08-04T20:33:49.095337+00:00,arms,left_shoulder_pan,1857,36,0,0,1857,1857
313.4,2026-08-04T20:33:49.095337+00:00,arms,left_shoulder_lift,2403,34,3,68,2389,2403
313.4,2026-08-04T20:33:49.095337+00:00,arms,left_elbow_flex,1644,35,2,72,1629,1644
313.4,2026-08-04T20:33:49.095337+00:00,arms,left_wrist_flex,2172,34,0,24,2169,2172
313.4,2026-08-04T20:33:49.095337+00:00,arms,left_wrist_roll,1987,33,1,1044,1989,1987
313.4,2026-08-04T20:33:49.095337+00:00,arms,left_gripper,2013,37,0,0,2014,2013
313.4,2026-08-04T20:33:49.095337+00:00,arms,right_shoulder_pan,1965,37,1,1056,1974,1965
313.4,2026-08-04T20:33:49.095337+00:00,arms,right_shoulder_lift,2165,48,32,246,2049,2157
313.4,2026-08-04T20:33:49.095337+00:00,arms,right_elbow_flex,2171,43,19,162,2097,2166
313.4,2026-08-04T20:33:49.095337+00:00,arms,right_wrist_flex,1995,36,2,52,1976,1994
313.4,2026-08-04T20:33:49.095337+00:00,arms,right_wrist_roll,2109,35,0,1048,2114,2109
313.4,2026-08-04T20:33:49.095337+00:00,arms,right_gripper,2079,38,0,0,2079,2079
313.4,2026-08-04T20:33:49.095337+00:00,head,head_motor_1,2158,25,0,0,,
313.4,2026-08-04T20:33:49.095337+00:00,head,head_motor_2,1943,27,0,0,,
313.4,2026-08-04T20:33:49.095337+00:00,head,base_left_wheel,3461,27,0,0,,
313.4,2026-08-04T20:33:49.095337+00:00,head,base_back_wheel,3496,27,0,0,,
313.4,2026-08-04T20:33:49.095337+00:00,head,base_right_wheel,2173,26,0,0,,
314.4,2026-08-04T20:33:50.096790+00:00,arms,left_shoulder_pan,1857,36,0,0,1857,1857
314.4,2026-08-04T20:33:50.096790+00:00,arms,left_shoulder_lift,2403,34,3,68,2389,2403
314.4,2026-08-04T20:33:50.096790+00:00,arms,left_elbow_flex,1644,35,3,72,1629,1644
314.4,2026-08-04T20:33:50.096790+00:00,arms,left_wrist_flex,2172,34,0,24,2169,2172
314.4,2026-08-04T20:33:50.096790+00:00,arms,left_wrist_roll,1987,33,0,1044,1989,1987
314.4,2026-08-04T20:33:50.096790+00:00,arms,left_gripper,2013,37,0,0,2014,2013
314.4,2026-08-04T20:33:50.096790+00:00,arms,right_shoulder_pan,1965,37,0,1056,1974,1965
314.4,2026-08-04T20:33:50.096790+00:00,arms,right_shoulder_lift,2165,48,29,246,2049,2157
314.4,2026-08-04T20:33:50.096790+00:00,arms,right_elbow_flex,2171,43,14,162,2097,2166
314.4,2026-08-04T20:33:50.096790+00:00,arms,right_wrist_flex,1995,36,1,52,1976,1994
314.4,2026-08-04T20:33:50.096790+00:00,arms,right_wrist_roll,2109,35,0,1048,2114,2109
314.4,2026-08-04T20:33:50.096790+00:00,arms,right_gripper,2079,38,0,0,2079,2079
314.4,2026-08-04T20:33:50.096790+00:00,head,head_motor_1,2158,25,0,0,,
314.4,2026-08-04T20:33:50.096790+00:00,head,head_motor_2,1943,27,0,0,,
314.4,2026-08-04T20:33:50.096790+00:00,head,base_left_wheel,3461,27,0,0,,
314.4,2026-08-04T20:33:50.096790+00:00,head,base_back_wheel,3496,27,0,0,,
314.4,2026-08-04T20:33:50.096790+00:00,head,base_right_wheel,2173,26,0,0,,
315.4,2026-08-04T20:33:51.098232+00:00,arms,left_shoulder_pan,1857,36,0,0,1857,1857
315.4,2026-08-04T20:33:51.098232+00:00,arms,left_shoulder_lift,2403,34,3,68,2389,2403
315.4,2026-08-04T20:33:51.098232+00:00,arms,left_elbow_flex,1644,35,3,72,1629,1644
315.4,2026-08-04T20:33:51.098232+00:00,arms,left_wrist_flex,2172,34,0,24,2169,2172
315.4,2026-08-04T20:33:51.098232+00:00,arms,left_wrist_roll,1987,33,1,1044,1989,1987
315.4,2026-08-04T20:33:51.098232+00:00,arms,left_gripper,2013,37,0,0,2014,2013
315.4,2026-08-04T20:33:51.098232+00:00,arms,right_shoulder_pan,1965,37,1,1056,1974,1965
315.4,2026-08-04T20:33:51.098232+00:00,arms,right_shoulder_lift,2165,48,36,246,2049,2157
315.4,2026-08-04T20:33:51.098232+00:00,arms,right_elbow_flex,2171,43,18,162,2097,2166
315.4,2026-08-04T20:33:51.098232+00:00,arms,right_wrist_flex,1995,36,2,52,1976,1994
315.4,2026-08-04T20:33:51.098232+00:00,arms,right_wrist_roll,2109,35,1,1048,2114,2109
315.4,2026-08-04T20:33:51.098232+00:00,arms,right_gripper,2079,38,0,0,2079,2079
315.4,2026-08-04T20:33:51.098232+00:00,head,head_motor_1,2158,25,0,0,,
315.4,2026-08-04T20:33:51.098232+00:00,head,head_motor_2,1943,27,0,0,,
315.4,2026-08-04T20:33:51.098232+00:00,head,base_left_wheel,3461,27,0,0,,
315.4,2026-08-04T20:33:51.098232+00:00,head,base_back_wheel,3496,27,0,0,,
315.4,2026-08-04T20:33:51.098232+00:00,head,base_right_wheel,2173,26,0,0,,
316.4,2026-08-04T20:33:52.099681+00:00,arms,left_shoulder_pan,1857,36,0,0,1857,1857
316.4,2026-08-04T20:33:52.099681+00:00,arms,left_shoulder_lift,2403,34,3,68,2389,2403
316.4,2026-08-04T20:33:52.099681+00:00,arms,left_elbow_flex,1644,35,3,72,1629,1644
316.4,2026-08-04T20:33:52.099681+00:00,arms,left_wrist_flex,2172,34,1,24,2169,2172
316.4,2026-08-04T20:33:52.099681+00:00,arms,left_wrist_roll,1987,33,0,1044,1989,1987
316.4,2026-08-04T20:33:52.099681+00:00,arms,left_gripper,2013,37,0,0,2014,2013
316.4,2026-08-04T20:33:52.099681+00:00,arms,right_shoulder_pan,1965,37,0,1056,1974,1965
316.4,2026-08-04T20:33:52.099681+00:00,arms,right_shoulder_lift,2165,48,29,246,2049,2157
316.4,2026-08-04T20:33:52.099681+00:00,arms,right_elbow_flex,2171,43,21,162,2097,2166
316.4,2026-08-04T20:33:52.099681+00:00,arms,right_wrist_flex,1995,36,1,52,1976,1994
316.4,2026-08-04T20:33:52.099681+00:00,arms,right_wrist_roll,2109,35,1,1048,2114,2109
316.4,2026-08-04T20:33:52.099681+00:00,arms,right_gripper,2079,38,0,0,2079,2079
316.4,2026-08-04T20:33:52.099681+00:00,head,head_motor_1,2158,25,0,0,,
316.4,2026-08-04T20:33:52.099681+00:00,head,head_motor_2,1943,27,0,0,,
316.4,2026-08-04T20:33:52.099681+00:00,head,base_left_wheel,3461,27,0,0,,
316.4,2026-08-04T20:33:52.099681+00:00,head,base_back_wheel,3496,27,0,0,,
316.4,2026-08-04T20:33:52.099681+00:00,head,base_right_wheel,2173,26,0,0,,
317.4,2026-08-04T20:33:53.100774+00:00,arms,left_shoulder_pan,1857,36,0,0,1857,1857
317.4,2026-08-04T20:33:53.100774+00:00,arms,left_shoulder_lift,2403,34,4,68,2389,2403
317.4,2026-08-04T20:33:53.100774+00:00,arms,left_elbow_flex,1644,35,3,72,1629,1644
317.4,2026-08-04T20:33:53.100774+00:00,arms,left_wrist_flex,2172,34,0,24,2169,2172
317.4,2026-08-04T20:33:53.100774+00:00,arms,left_wrist_roll,1987,34,0,1044,1989,1987
317.4,2026-08-04T20:33:53.100774+00:00,arms,left_gripper,2013,37,0,0,2014,2013
317.4,2026-08-04T20:33:53.100774+00:00,arms,right_shoulder_pan,1965,37,1,1056,1974,1965
317.4,2026-08-04T20:33:53.100774+00:00,arms,right_shoulder_lift,2165,48,33,246,2049,2157
317.4,2026-08-04T20:33:53.100774+00:00,arms,right_elbow_flex,2171,43,18,162,2097,2166
317.4,2026-08-04T20:33:53.100774+00:00,arms,right_wrist_flex,1995,36,2,52,1976,1994
317.4,2026-08-04T20:33:53.100774+00:00,arms,right_wrist_roll,2109,35,0,1048,2114,2109
317.4,2026-08-04T20:33:53.100774+00:00,arms,right_gripper,2079,38,0,0,2079,2079
317.4,2026-08-04T20:33:53.100774+00:00,head,head_motor_1,2158,25,0,0,,
317.4,2026-08-04T20:33:53.100774+00:00,head,head_motor_2,1943,27,0,0,,
317.4,2026-08-04T20:33:53.100774+00:00,head,base_left_wheel,3461,27,0,0,,
317.4,2026-08-04T20:33:53.100774+00:00,head,base_back_wheel,3496,27,0,0,,
317.4,2026-08-04T20:33:53.100774+00:00,head,base_right_wheel,2173,26,0,0,,
318.4,2026-08-04T20:33:54.101881+00:00,arms,left_shoulder_pan,1857,36,0,0,1857,1857
318.4,2026-08-04T20:33:54.101881+00:00,arms,left_shoulder_lift,2403,34,3,68,2389,2403
318.4,2026-08-04T20:33:54.101881+00:00,arms,left_elbow_flex,1644,35,3,72,1629,1644
318.4,2026-08-04T20:33:54.101881+00:00,arms,left_wrist_flex,2172,34,1,24,2169,2172
318.4,2026-08-04T20:33:54.101881+00:00,arms,left_wrist_roll,1987,34,0,1044,1989,1987
318.4,2026-08-04T20:33:54.101881+00:00,arms,left_gripper,2013,37,0,0,2014,2013
318.4,2026-08-04T20:33:54.101881+00:00,arms,right_shoulder_pan,1965,37,1,1056,1974,1965
318.4,2026-08-04T20:33:54.101881+00:00,arms,right_shoulder_lift,2165,48,39,246,2049,2157
318.4,2026-08-04T20:33:54.101881+00:00,arms,right_elbow_flex,2171,43,20,162,2097,2166
318.4,2026-08-04T20:33:54.101881+00:00,arms,right_wrist_flex,1995,36,2,52,1976,1994
318.4,2026-08-04T20:33:54.101881+00:00,arms,right_wrist_roll,2109,35,0,1048,2114,2109
318.4,2026-08-04T20:33:54.101881+00:00,arms,right_gripper,2079,38,0,0,2079,2079
318.4,2026-08-04T20:33:54.101881+00:00,head,head_motor_1,2158,25,0,0,,
318.4,2026-08-04T20:33:54.101881+00:00,head,head_motor_2,1943,27,0,0,,
318.4,2026-08-04T20:33:54.101881+00:00,head,base_left_wheel,3461,27,0,0,,
318.4,2026-08-04T20:33:54.101881+00:00,head,base_back_wheel,3496,27,0,0,,
318.4,2026-08-04T20:33:54.101881+00:00,head,base_right_wheel,2173,26,0,0,,
319.4,2026-08-04T20:33:55.102981+00:00,arms,left_shoulder_pan,1857,36,0,0,1857,1857
319.4,2026-08-04T20:33:55.102981+00:00,arms,left_shoulder_lift,2403,34,3,68,2389,2403
319.4,2026-08-04T20:33:55.102981+00:00,arms,left_elbow_flex,1644,35,4,72,1629,1644
319.4,2026-08-04T20:33:55.102981+00:00,arms,left_wrist_flex,2172,34,0,24,2169,2172
319.4,2026-08-04T20:33:55.102981+00:00,arms,left_wrist_roll,1987,33,1,1044,1989,1987
319.4,2026-08-04T20:33:55.102981+00:00,arms,left_gripper,2013,37,0,0,2014,2013
319.4,2026-08-04T20:33:55.102981+00:00,arms,right_shoulder_pan,1965,37,0,1056,1974,1965
319.4,2026-08-04T20:33:55.102981+00:00,arms,right_shoulder_lift,2165,48,37,246,2049,2157
319.4,2026-08-04T20:33:55.102981+00:00,arms,right_elbow_flex,2171,43,20,162,2097,2166
319.4,2026-08-04T20:33:55.102981+00:00,arms,right_wrist_flex,1995,36,1,52,1976,1994
319.4,2026-08-04T20:33:55.102981+00:00,arms,right_wrist_roll,2109,35,0,1048,2114,2109
319.4,2026-08-04T20:33:55.102981+00:00,arms,right_gripper,2079,38,0,0,2079,2079
319.4,2026-08-04T20:33:55.102981+00:00,head,head_motor_1,2158,25,0,0,,
319.4,2026-08-04T20:33:55.102981+00:00,head,head_motor_2,1943,27,0,0,,
319.4,2026-08-04T20:33:55.102981+00:00,head,base_left_wheel,3461,27,0,0,,
319.4,2026-08-04T20:33:55.102981+00:00,head,base_back_wheel,3496,27,0,0,,
319.4,2026-08-04T20:33:55.102981+00:00,head,base_right_wheel,2173,26,0,0,,
320.4,2026-08-04T20:33:56.104448+00:00,arms,left_shoulder_pan,1857,36,1,0,1857,1857
320.4,2026-08-04T20:33:56.104448+00:00,arms,left_shoulder_lift,2403,34,3,68,2389,2403
320.4,2026-08-04T20:33:56.104448+00:00,arms,left_elbow_flex,1644,35,3,72,1629,1644
320.4,2026-08-04T20:33:56.104448+00:00,arms,left_wrist_flex,2172,34,1,24,2169,2172
320.4,2026-08-04T20:33:56.104448+00:00,arms,left_wrist_roll,1987,33,1,1044,1989,1987
320.4,2026-08-04T20:33:56.104448+00:00,arms,left_gripper,2013,37,0,0,2014,2013
320.4,2026-08-04T20:33:56.104448+00:00,arms,right_shoulder_pan,1965,37,0,1056,1974,1965
320.4,2026-08-04T20:33:56.104448+00:00,arms,right_shoulder_lift,2165,48,36,246,2049,2157
320.4,2026-08-04T20:33:56.104448+00:00,arms,right_elbow_flex,2171,43,14,162,2097,2166
320.4,2026-08-04T20:33:56.104448+00:00,arms,right_wrist_flex,1995,36,2,52,1976,1994
320.4,2026-08-04T20:33:56.104448+00:00,arms,right_wrist_roll,2109,35,1,1048,2114,2109
320.4,2026-08-04T20:33:56.104448+00:00,arms,right_gripper,2079,38,0,0,2079,2079
320.4,2026-08-04T20:33:56.104448+00:00,head,head_motor_1,2158,25,0,0,,
320.4,2026-08-04T20:33:56.104448+00:00,head,head_motor_2,1943,27,0,0,,
320.4,2026-08-04T20:33:56.104448+00:00,head,base_left_wheel,3461,27,0,0,,
320.4,2026-08-04T20:33:56.104448+00:00,head,base_back_wheel,3496,27,0,0,,
320.4,2026-08-04T20:33:56.104448+00:00,head,base_right_wheel,2174,26,0,0,,
321.4,2026-08-04T20:33:57.105914+00:00,arms,left_shoulder_pan,1857,36,0,0,1857,1857
321.4,2026-08-04T20:33:57.105914+00:00,arms,left_shoulder_lift,2403,34,3,68,2389,2403
321.4,2026-08-04T20:33:57.105914+00:00,arms,left_elbow_flex,1644,35,3,72,1629,1644
321.4,2026-08-04T20:33:57.105914+00:00,arms,left_wrist_flex,2172,34,0,24,2169,2172
321.4,2026-08-04T20:33:57.105914+00:00,arms,left_wrist_roll,1987,33,1,1044,1989,1987
321.4,2026-08-04T20:33:57.105914+00:00,arms,left_gripper,2013,37,0,0,2014,2013
321.4,2026-08-04T20:33:57.105914+00:00,arms,right_shoulder_pan,1965,37,1,1056,1974,1965
321.4,2026-08-04T20:33:57.105914+00:00,arms,right_shoulder_lift,2165,48,32,246,2049,2157
321.4,2026-08-04T20:33:57.105914+00:00,arms,right_elbow_flex,2171,43,19,162,2097,2166
321.4,2026-08-04T20:33:57.105914+00:00,arms,right_wrist_flex,1995,36,1,52,1976,1994
321.4,2026-08-04T20:33:57.105914+00:00,arms,right_wrist_roll,2109,35,0,1048,2114,2109
321.4,2026-08-04T20:33:57.105914+00:00,arms,right_gripper,2079,38,0,0,2079,2079
321.4,2026-08-04T20:33:57.105914+00:00,head,head_motor_1,2158,25,0,0,,
321.4,2026-08-04T20:33:57.105914+00:00,head,head_motor_2,1943,27,0,0,,
321.4,2026-08-04T20:33:57.105914+00:00,head,base_left_wheel,3461,27,0,0,,
321.4,2026-08-04T20:33:57.105914+00:00,head,base_back_wheel,3496,27,0,0,,
321.4,2026-08-04T20:33:57.105914+00:00,head,base_right_wheel,2173,26,0,0,,
322.4,2026-08-04T20:33:58.106993+00:00,arms,left_shoulder_pan,1857,36,0,0,1857,1857
322.4,2026-08-04T20:33:58.106993+00:00,arms,left_shoulder_lift,2403,34,4,68,2389,2403
322.4,2026-08-04T20:33:58.106993+00:00,arms,left_elbow_flex,1644,35,3,72,1629,1644
322.4,2026-08-04T20:33:58.106993+00:00,arms,left_wrist_flex,2172,34,0,24,2169,2172
322.4,2026-08-04T20:33:58.106993+00:00,arms,left_wrist_roll,1987,33,0,1044,1989,1987
322.4,2026-08-04T20:33:58.106993+00:00,arms,left_gripper,2013,37,0,0,2014,2013
322.4,2026-08-04T20:33:58.106993+00:00,arms,right_shoulder_pan,1965,37,1,1056,1974,1965
322.4,2026-08-04T20:33:58.106993+00:00,arms,right_shoulder_lift,2165,48,29,246,2049,2157
322.4,2026-08-04T20:33:58.106993+00:00,arms,right_elbow_flex,2171,44,14,162,2097,2166
322.4,2026-08-04T20:33:58.106993+00:00,arms,right_wrist_flex,1995,36,1,52,1976,1994
322.4,2026-08-04T20:33:58.106993+00:00,arms,right_wrist_roll,2109,35,0,1048,2114,2109
322.4,2026-08-04T20:33:58.106993+00:00,arms,right_gripper,2079,38,0,0,2079,2079
322.4,2026-08-04T20:33:58.106993+00:00,head,head_motor_1,2158,25,0,0,,
322.4,2026-08-04T20:33:58.106993+00:00,head,head_motor_2,1943,27,0,0,,
322.4,2026-08-04T20:33:58.106993+00:00,head,base_left_wheel,3461,27,0,0,,
322.4,2026-08-04T20:33:58.106993+00:00,head,base_back_wheel,3496,27,0,0,,
322.4,2026-08-04T20:33:58.106993+00:00,head,base_right_wheel,2173,26,0,0,,
323.4,2026-08-04T20:33:59.108446+00:00,arms,left_shoulder_pan,1857,36,0,0,1857,1857
323.4,2026-08-04T20:33:59.108446+00:00,arms,left_shoulder_lift,2403,34,3,68,2389,2403
323.4,2026-08-04T20:33:59.108446+00:00,arms,left_elbow_flex,1644,35,3,72,1629,1644
323.4,2026-08-04T20:33:59.108446+00:00,arms,left_wrist_flex,2172,34,0,24,2169,2172
323.4,2026-08-04T20:33:59.108446+00:00,arms,left_wrist_roll,1987,33,1,1044,1989,1987
323.4,2026-08-04T20:33:59.108446+00:00,arms,left_gripper,2013,37,0,0,2014,2013
323.4,2026-08-04T20:33:59.108446+00:00,arms,right_shoulder_pan,1965,37,0,1056,1974,1965
323.4,2026-08-04T20:33:59.108446+00:00,arms,right_shoulder_lift,2165,48,29,246,2049,2157
323.4,2026-08-04T20:33:59.108446+00:00,arms,right_elbow_flex,2171,43,18,162,2097,2166
323.4,2026-08-04T20:33:59.108446+00:00,arms,right_wrist_flex,1995,36,2,52,1976,1994
323.4,2026-08-04T20:33:59.108446+00:00,arms,right_wrist_roll,2109,35,0,1048,2114,2109
323.4,2026-08-04T20:33:59.108446+00:00,arms,right_gripper,2079,38,0,0,2079,2079
323.4,2026-08-04T20:33:59.108446+00:00,head,head_motor_1,2158,25,0,0,,
323.4,2026-08-04T20:33:59.108446+00:00,head,head_motor_2,1943,27,0,0,,
323.4,2026-08-04T20:33:59.108446+00:00,head,base_left_wheel,3461,27,0,0,,
323.4,2026-08-04T20:33:59.108446+00:00,head,base_back_wheel,3496,27,0,0,,
323.4,2026-08-04T20:33:59.108446+00:00,head,base_right_wheel,2173,26,0,0,,
324.4,2026-08-04T20:34:00.109910+00:00,arms,left_shoulder_pan,1857,36,0,0,1857,1857
324.4,2026-08-04T20:34:00.109910+00:00,arms,left_shoulder_lift,2403,34,3,68,2389,2403
324.4,2026-08-04T20:34:00.109910+00:00,arms,left_elbow_flex,1644,35,3,72,1629,1644
324.4,2026-08-04T20:34:00.109910+00:00,arms,left_wrist_flex,2172,34,0,24,2169,2172
324.4,2026-08-04T20:34:00.109910+00:00,arms,left_wrist_roll,1987,33,0,1044,1989,1987
324.4,2026-08-04T20:34:00.109910+00:00,arms,left_gripper,2013,37,0,0,2014,2013
324.4,2026-08-04T20:34:00.109910+00:00,arms,right_shoulder_pan,1965,37,0,1056,1974,1965
324.4,2026-08-04T20:34:00.109910+00:00,arms,right_shoulder_lift,2165,48,36,246,2049,2157
324.4,2026-08-04T20:34:00.109910+00:00,arms,right_elbow_flex,2171,44,19,162,2097,2166
324.4,2026-08-04T20:34:00.109910+00:00,arms,right_wrist_flex,1995,36,1,52,1976,1994
324.4,2026-08-04T20:34:00.109910+00:00,arms,right_wrist_roll,2109,35,0,1048,2114,2109
324.4,2026-08-04T20:34:00.109910+00:00,arms,right_gripper,2079,38,0,0,2079,2079
324.4,2026-08-04T20:34:00.109910+00:00,head,head_motor_1,2158,25,0,0,,
324.4,2026-08-04T20:34:00.109910+00:00,head,head_motor_2,1943,27,0,0,,
324.4,2026-08-04T20:34:00.109910+00:00,head,base_left_wheel,3461,27,0,0,,
324.4,2026-08-04T20:34:00.109910+00:00,head,base_back_wheel,3496,27,0,0,,
324.4,2026-08-04T20:34:00.109910+00:00,head,base_right_wheel,2173,26,0,0,,
325.4,2026-08-04T20:34:01.111362+00:00,arms,left_shoulder_pan,1857,36,0,0,1857,1857
325.4,2026-08-04T20:34:01.111362+00:00,arms,left_shoulder_lift,2403,34,3,68,2389,2403
325.4,2026-08-04T20:34:01.111362+00:00,arms,left_elbow_flex,1644,35,3,72,1629,1644
325.4,2026-08-04T20:34:01.111362+00:00,arms,left_wrist_flex,2172,34,0,24,2169,2172
325.4,2026-08-04T20:34:01.111362+00:00,arms,left_wrist_roll,1987,33,1,1044,1989,1987
325.4,2026-08-04T20:34:01.111362+00:00,arms,left_gripper,2013,37,0,0,2014,2013
325.4,2026-08-04T20:34:01.111362+00:00,arms,right_shoulder_pan,1965,37,1,1056,1974,1965
325.4,2026-08-04T20:34:01.111362+00:00,arms,right_shoulder_lift,2165,48,29,246,2049,2157
325.4,2026-08-04T20:34:01.111362+00:00,arms,right_elbow_flex,2171,43,14,162,2097,2166
325.4,2026-08-04T20:34:01.111362+00:00,arms,right_wrist_flex,1995,36,1,52,1976,1994
325.4,2026-08-04T20:34:01.111362+00:00,arms,right_wrist_roll,2109,35,0,1048,2114,2109
325.4,2026-08-04T20:34:01.111362+00:00,arms,right_gripper,2079,38,0,0,2079,2079
325.4,2026-08-04T20:34:01.111362+00:00,head,head_motor_1,2158,25,0,0,,
325.4,2026-08-04T20:34:01.111362+00:00,head,head_motor_2,1943,27,0,0,,
325.4,2026-08-04T20:34:01.111362+00:00,head,base_left_wheel,3461,27,0,0,,
325.4,2026-08-04T20:34:01.111362+00:00,head,base_back_wheel,3496,27,0,0,,
325.4,2026-08-04T20:34:01.111362+00:00,head,base_right_wheel,2173,26,0,0,,
326.4,2026-08-04T20:34:02.112813+00:00,arms,left_shoulder_pan,1857,36,0,0,1857,1857
326.4,2026-08-04T20:34:02.112813+00:00,arms,left_shoulder_lift,2403,34,4,68,2389,2403
326.4,2026-08-04T20:34:02.112813+00:00,arms,left_elbow_flex,1644,35,3,72,1629,1644
326.4,2026-08-04T20:34:02.112813+00:00,arms,left_wrist_flex,2172,34,0,24,2169,2172
326.4,2026-08-04T20:34:02.112813+00:00,arms,left_wrist_roll,1987,33,0,1044,1989,1987
326.4,2026-08-04T20:34:02.112813+00:00,arms,left_gripper,2013,37,0,0,2014,2013
326.4,2026-08-04T20:34:02.112813+00:00,arms,right_shoulder_pan,1965,37,1,1056,1974,1965
326.4,2026-08-04T20:34:02.112813+00:00,arms,right_shoulder_lift,2165,48,36,246,2049,2157
326.4,2026-08-04T20:34:02.112813+00:00,arms,right_elbow_flex,2171,43,14,162,2097,2166
326.4,2026-08-04T20:34:02.112813+00:00,arms,right_wrist_flex,1995,36,2,52,1976,1994
326.4,2026-08-04T20:34:02.112813+00:00,arms,right_wrist_roll,2109,35,0,1048,2114,2109
326.4,2026-08-04T20:34:02.112813+00:00,arms,right_gripper,2079,38,0,0,2079,2079
326.4,2026-08-04T20:34:02.112813+00:00,head,head_motor_1,2158,25,0,0,,
326.4,2026-08-04T20:34:02.112813+00:00,head,head_motor_2,1943,27,0,0,,
326.4,2026-08-04T20:34:02.112813+00:00,head,base_left_wheel,3461,27,0,0,,
326.4,2026-08-04T20:34:02.112813+00:00,head,base_back_wheel,3496,27,0,0,,
326.4,2026-08-04T20:34:02.112813+00:00,head,base_right_wheel,2173,26,0,0,,
327.4,2026-08-04T20:34:03.114290+00:00,arms,left_shoulder_pan,1857,36,0,0,1857,1857
327.4,2026-08-04T20:34:03.114290+00:00,arms,left_shoulder_lift,2403,34,4,68,2389,2403
327.4,2026-08-04T20:34:03.114290+00:00,arms,left_elbow_flex,1644,35,3,72,1629,1644
327.4,2026-08-04T20:34:03.114290+00:00,arms,left_wrist_flex,2172,34,0,24,2169,2172
327.4,2026-08-04T20:34:03.114290+00:00,arms,left_wrist_roll,1987,33,1,1044,1989,1987
327.4,2026-08-04T20:34:03.114290+00:00,arms,left_gripper,2013,36,0,0,2014,2013
327.4,2026-08-04T20:34:03.114290+00:00,arms,right_shoulder_pan,1965,37,1,1056,1974,1965
327.4,2026-08-04T20:34:03.114290+00:00,arms,right_shoulder_lift,2165,48,37,246,2049,2157
327.4,2026-08-04T20:34:03.114290+00:00,arms,right_elbow_flex,2171,44,17,162,2097,2166
327.4,2026-08-04T20:34:03.114290+00:00,arms,right_wrist_flex,1995,36,2,52,1976,1994
327.4,2026-08-04T20:34:03.114290+00:00,arms,right_wrist_roll,2109,35,0,1048,2114,2109
327.4,2026-08-04T20:34:03.114290+00:00,arms,right_gripper,2079,38,0,0,2079,2079
327.4,2026-08-04T20:34:03.114290+00:00,head,head_motor_1,2158,25,0,0,,
327.4,2026-08-04T20:34:03.114290+00:00,head,head_motor_2,1943,27,0,0,,
327.4,2026-08-04T20:34:03.114290+00:00,head,base_left_wheel,3461,27,0,0,,
327.4,2026-08-04T20:34:03.114290+00:00,head,base_back_wheel,3496,27,0,0,,
327.4,2026-08-04T20:34:03.114290+00:00,head,base_right_wheel,2173,26,0,0,,
328.4,2026-08-04T20:34:04.115746+00:00,arms,left_shoulder_pan,1857,36,0,0,1857,1857
328.4,2026-08-04T20:34:04.115746+00:00,arms,left_shoulder_lift,2403,34,4,68,2389,2403
328.4,2026-08-04T20:34:04.115746+00:00,arms,left_elbow_flex,1644,35,3,72,1629,1644
328.4,2026-08-04T20:34:04.115746+00:00,arms,left_wrist_flex,2172,34,0,24,2169,2172
328.4,2026-08-04T20:34:04.115746+00:00,arms,left_wrist_roll,1987,33,1,1044,1989,1987
328.4,2026-08-04T20:34:04.115746+00:00,arms,left_gripper,2013,37,0,0,2014,2013
328.4,2026-08-04T20:34:04.115746+00:00,arms,right_shoulder_pan,1965,37,0,1056,1974,1965
328.4,2026-08-04T20:34:04.115746+00:00,arms,right_shoulder_lift,2165,48,34,246,2049,2157
328.4,2026-08-04T20:34:04.115746+00:00,arms,right_elbow_flex,2171,44,14,162,2097,2166
328.4,2026-08-04T20:34:04.115746+00:00,arms,right_wrist_flex,1995,36,2,52,1976,1994
328.4,2026-08-04T20:34:04.115746+00:00,arms,right_wrist_roll,2109,35,0,1048,2114,2109
328.4,2026-08-04T20:34:04.115746+00:00,arms,right_gripper,2079,38,0,0,2079,2079
328.4,2026-08-04T20:34:04.115746+00:00,head,head_motor_1,2158,25,0,0,,
328.4,2026-08-04T20:34:04.115746+00:00,head,head_motor_2,1943,27,0,0,,
328.4,2026-08-04T20:34:04.115746+00:00,head,base_left_wheel,3461,27,0,0,,
328.4,2026-08-04T20:34:04.115746+00:00,head,base_back_wheel,3496,27,0,0,,
328.4,2026-08-04T20:34:04.115746+00:00,head,base_right_wheel,2173,26,0,0,,
329.4,2026-08-04T20:34:05.116866+00:00,arms,left_shoulder_pan,1857,36,0,0,1857,1857
329.4,2026-08-04T20:34:05.116866+00:00,arms,left_shoulder_lift,2403,34,3,68,2389,2403
329.4,2026-08-04T20:34:05.116866+00:00,arms,left_elbow_flex,1644,35,2,72,1629,1644
329.4,2026-08-04T20:34:05.116866+00:00,arms,left_wrist_flex,2172,34,0,24,2169,2172
329.4,2026-08-04T20:34:05.116866+00:00,arms,left_wrist_roll,1987,33,1,1044,1989,1987
329.4,2026-08-04T20:34:05.116866+00:00,arms,left_gripper,2013,37,0,0,2014,2013
329.4,2026-08-04T20:34:05.116866+00:00,arms,right_shoulder_pan,1965,37,1,1056,1974,1965
329.4,2026-08-04T20:34:05.116866+00:00,arms,right_shoulder_lift,2165,48,31,246,2049,2157
329.4,2026-08-04T20:34:05.116866+00:00,arms,right_elbow_flex,2171,44,14,162,2097,2166
329.4,2026-08-04T20:34:05.116866+00:00,arms,right_wrist_flex,1995,36,2,52,1976,1994
329.4,2026-08-04T20:34:05.116866+00:00,arms,right_wrist_roll,2109,34,0,1048,2114,2109
329.4,2026-08-04T20:34:05.116866+00:00,arms,right_gripper,2079,38,0,0,2079,2079
329.4,2026-08-04T20:34:05.116866+00:00,head,head_motor_1,2158,25,0,0,,
329.4,2026-08-04T20:34:05.116866+00:00,head,head_motor_2,1943,27,0,0,,
329.4,2026-08-04T20:34:05.116866+00:00,head,base_left_wheel,3461,27,0,0,,
329.4,2026-08-04T20:34:05.116866+00:00,head,base_back_wheel,3496,27,0,0,,
329.4,2026-08-04T20:34:05.116866+00:00,head,base_right_wheel,2173,26,0,0,,
330.4,2026-08-04T20:34:06.117966+00:00,arms,left_shoulder_pan,1857,36,0,0,1857,1857
330.4,2026-08-04T20:34:06.117966+00:00,arms,left_shoulder_lift,2403,34,4,68,2389,2403
330.4,2026-08-04T20:34:06.117966+00:00,arms,left_elbow_flex,1644,35,2,72,1629,1644
330.4,2026-08-04T20:34:06.117966+00:00,arms,left_wrist_flex,2172,34,1,24,2169,2172
330.4,2026-08-04T20:34:06.117966+00:00,arms,left_wrist_roll,1987,33,1,1044,1989,1987
330.4,2026-08-04T20:34:06.117966+00:00,arms,left_gripper,2013,37,0,0,2014,2013
330.4,2026-08-04T20:34:06.117966+00:00,arms,right_shoulder_pan,1965,37,1,1056,1974,1965
330.4,2026-08-04T20:34:06.117966+00:00,arms,right_shoulder_lift,2165,48,33,246,2049,2157
330.4,2026-08-04T20:34:06.117966+00:00,arms,right_elbow_flex,2171,44,16,162,2097,2166
330.4,2026-08-04T20:34:06.117966+00:00,arms,right_wrist_flex,1995,36,1,52,1976,1994
330.4,2026-08-04T20:34:06.117966+00:00,arms,right_wrist_roll,2109,35,1,1048,2114,2109
330.4,2026-08-04T20:34:06.117966+00:00,arms,right_gripper,2079,38,0,0,2079,2079
330.4,2026-08-04T20:34:06.117966+00:00,head,head_motor_1,2158,25,0,0,,
330.4,2026-08-04T20:34:06.117966+00:00,head,head_motor_2,1943,27,0,0,,
330.4,2026-08-04T20:34:06.117966+00:00,head,base_left_wheel,3461,27,0,0,,
330.4,2026-08-04T20:34:06.117966+00:00,head,base_back_wheel,3496,27,0,0,,
330.4,2026-08-04T20:34:06.117966+00:00,head,base_right_wheel,2174,26,0,0,,
331.4,2026-08-04T20:34:07.119049+00:00,arms,left_shoulder_pan,1857,36,0,0,1857,1857
331.4,2026-08-04T20:34:07.119049+00:00,arms,left_shoulder_lift,2403,34,3,68,2389,2403
331.4,2026-08-04T20:34:07.119049+00:00,arms,left_elbow_flex,1644,35,3,72,1629,1644
331.4,2026-08-04T20:34:07.119049+00:00,arms,left_wrist_flex,2172,34,0,24,2169,2172
331.4,2026-08-04T20:34:07.119049+00:00,arms,left_wrist_roll,1987,33,1,1044,1989,1987
331.4,2026-08-04T20:34:07.119049+00:00,arms,left_gripper,2013,37,0,0,2014,2013
331.4,2026-08-04T20:34:07.119049+00:00,arms,right_shoulder_pan,1965,37,1,1056,1974,1965
331.4,2026-08-04T20:34:07.119049+00:00,arms,right_shoulder_lift,2165,48,32,246,2049,2157
331.4,2026-08-04T20:34:07.119049+00:00,arms,right_elbow_flex,2171,44,14,162,2097,2166
331.4,2026-08-04T20:34:07.119049+00:00,arms,right_wrist_flex,1995,36,1,52,1976,1994
331.4,2026-08-04T20:34:07.119049+00:00,arms,right_wrist_roll,2109,35,1,1048,2114,2109
331.4,2026-08-04T20:34:07.119049+00:00,arms,right_gripper,2079,38,0,0,2079,2079
331.4,2026-08-04T20:34:07.119049+00:00,head,head_motor_1,2158,25,0,0,,
331.4,2026-08-04T20:34:07.119049+00:00,head,head_motor_2,1943,27,0,0,,
331.4,2026-08-04T20:34:07.119049+00:00,head,base_left_wheel,3461,27,0,0,,
331.4,2026-08-04T20:34:07.119049+00:00,head,base_back_wheel,3496,27,0,0,,
331.4,2026-08-04T20:34:07.119049+00:00,head,base_right_wheel,2173,26,0,0,,
332.4,2026-08-04T20:34:08.120142+00:00,arms,left_shoulder_pan,1857,36,0,0,1857,1857
332.4,2026-08-04T20:34:08.120142+00:00,arms,left_shoulder_lift,2403,34,4,68,2389,2403
332.4,2026-08-04T20:34:08.120142+00:00,arms,left_elbow_flex,1644,35,3,72,1629,1644
332.4,2026-08-04T20:34:08.120142+00:00,arms,left_wrist_flex,2172,34,0,24,2169,2172
332.4,2026-08-04T20:34:08.120142+00:00,arms,left_wrist_roll,1987,33,0,1044,1989,1987
332.4,2026-08-04T20:34:08.120142+00:00,arms,left_gripper,2013,37,0,0,2014,2013
332.4,2026-08-04T20:34:08.120142+00:00,arms,right_shoulder_pan,1965,37,1,1056,1974,1965
332.4,2026-08-04T20:34:08.120142+00:00,arms,right_shoulder_lift,2165,48,32,246,2049,2157
332.4,2026-08-04T20:34:08.120142+00:00,arms,right_elbow_flex,2171,44,16,162,2097,2166
332.4,2026-08-04T20:34:08.120142+00:00,arms,right_wrist_flex,1995,36,2,52,1976,1994
332.4,2026-08-04T20:34:08.120142+00:00,arms,right_wrist_roll,2109,35,1,1048,2114,2109
332.4,2026-08-04T20:34:08.120142+00:00,arms,right_gripper,2079,38,0,0,2079,2079
332.4,2026-08-04T20:34:08.120142+00:00,head,head_motor_1,2158,25,0,0,,
332.4,2026-08-04T20:34:08.120142+00:00,head,head_motor_2,1943,27,0,0,,
332.4,2026-08-04T20:34:08.120142+00:00,head,base_left_wheel,3461,27,0,0,,
332.4,2026-08-04T20:34:08.120142+00:00,head,base_back_wheel,3496,27,0,0,,
332.4,2026-08-04T20:34:08.120142+00:00,head,base_right_wheel,2173,26,0,0,,
333.4,2026-08-04T20:34:09.121238+00:00,arms,left_shoulder_pan,1857,36,0,0,1857,1857
333.4,2026-08-04T20:34:09.121238+00:00,arms,left_shoulder_lift,2403,34,4,68,2389,2403
333.4,2026-08-04T20:34:09.121238+00:00,arms,left_elbow_flex,1644,35,3,72,1629,1644
333.4,2026-08-04T20:34:09.121238+00:00,arms,left_wrist_flex,2172,34,0,24,2169,2172
333.4,2026-08-04T20:34:09.121238+00:00,arms,left_wrist_roll,1987,33,1,1044,1989,1987
333.4,2026-08-04T20:34:09.121238+00:00,arms,left_gripper,2013,37,0,0,2014,2013
333.4,2026-08-04T20:34:09.121238+00:00,arms,right_shoulder_pan,1965,37,1,1056,1974,1965
333.4,2026-08-04T20:34:09.121238+00:00,arms,right_shoulder_lift,2165,48,35,246,2049,2157
333.4,2026-08-04T20:34:09.121238+00:00,arms,right_elbow_flex,2171,43,20,162,2097,2166
333.4,2026-08-04T20:34:09.121238+00:00,arms,right_wrist_flex,1995,36,2,52,1976,1994
333.4,2026-08-04T20:34:09.121238+00:00,arms,right_wrist_roll,2109,35,1,1048,2114,2109
333.4,2026-08-04T20:34:09.121238+00:00,arms,right_gripper,2079,38,0,0,2079,2079
333.4,2026-08-04T20:34:09.121238+00:00,head,head_motor_1,2158,25,0,0,,
333.4,2026-08-04T20:34:09.121238+00:00,head,head_motor_2,1943,27,0,0,,
333.4,2026-08-04T20:34:09.121238+00:00,head,base_left_wheel,3461,27,0,0,,
333.4,2026-08-04T20:34:09.121238+00:00,head,base_back_wheel,3496,27,0,0,,
333.4,2026-08-04T20:34:09.121238+00:00,head,base_right_wheel,2173,26,0,0,,
334.4,2026-08-04T20:34:10.122301+00:00,arms,left_shoulder_pan,1857,36,0,0,1857,1857
334.4,2026-08-04T20:34:10.122301+00:00,arms,left_shoulder_lift,2403,34,3,68,2389,2403
334.4,2026-08-04T20:34:10.122301+00:00,arms,left_elbow_flex,1644,35,3,72,1629,1644
334.4,2026-08-04T20:34:10.122301+00:00,arms,left_wrist_flex,2172,34,1,24,2169,2172
334.4,2026-08-04T20:34:10.122301+00:00,arms,left_wrist_roll,1987,33,1,1044,1989,1987
334.4,2026-08-04T20:34:10.122301+00:00,arms,left_gripper,2013,37,0,0,2014,2013
334.4,2026-08-04T20:34:10.122301+00:00,arms,right_shoulder_pan,1965,37,0,1056,1974,1965
334.4,2026-08-04T20:34:10.122301+00:00,arms,right_shoulder_lift,2165,48,32,246,2049,2157
334.4,2026-08-04T20:34:10.122301+00:00,arms,right_elbow_flex,2171,43,17,162,2097,2166
334.4,2026-08-04T20:34:10.122301+00:00,arms,right_wrist_flex,1995,36,2,52,1976,1994
334.4,2026-08-04T20:34:10.122301+00:00,arms,right_wrist_roll,2109,35,1,1048,2114,2109
334.4,2026-08-04T20:34:10.122301+00:00,arms,right_gripper,2079,38,0,0,2079,2079
334.4,2026-08-04T20:34:10.122301+00:00,head,head_motor_1,2158,25,0,0,,
334.4,2026-08-04T20:34:10.122301+00:00,head,head_motor_2,1943,27,0,0,,
334.4,2026-08-04T20:34:10.122301+00:00,head,base_left_wheel,3461,27,0,0,,
334.4,2026-08-04T20:34:10.122301+00:00,head,base_back_wheel,3496,27,0,0,,
334.4,2026-08-04T20:34:10.122301+00:00,head,base_right_wheel,2173,26,0,0,,
335.4,2026-08-04T20:34:11.122465+00:00,arms,left_shoulder_pan,1857,36,0,0,1857,1857
335.4,2026-08-04T20:34:11.122465+00:00,arms,left_shoulder_lift,2403,34,3,68,2389,2403
335.4,2026-08-04T20:34:11.122465+00:00,arms,left_elbow_flex,1644,35,3,72,1629,1644
335.4,2026-08-04T20:34:11.122465+00:00,arms,left_wrist_flex,2172,34,0,24,2169,2172
335.4,2026-08-04T20:34:11.122465+00:00,arms,left_wrist_roll,1987,34,0,1044,1989,1987
335.4,2026-08-04T20:34:11.122465+00:00,arms,left_gripper,2013,37,0,0,2014,2013
335.4,2026-08-04T20:34:11.122465+00:00,arms,right_shoulder_pan,1965,37,1,1056,1974,1965
335.4,2026-08-04T20:34:11.122465+00:00,arms,right_shoulder_lift,2165,49,35,246,2049,2157
335.4,2026-08-04T20:34:11.122465+00:00,arms,right_elbow_flex,2171,44,14,162,2097,2166
335.4,2026-08-04T20:34:11.122465+00:00,arms,right_wrist_flex,1995,36,2,52,1976,1994
335.4,2026-08-04T20:34:11.122465+00:00,arms,right_wrist_roll,2109,35,1,1048,2114,2109
335.4,2026-08-04T20:34:11.122465+00:00,arms,right_gripper,2079,38,0,0,2079,2079
335.4,2026-08-04T20:34:11.122465+00:00,head,head_motor_1,2158,25,0,0,,
335.4,2026-08-04T20:34:11.122465+00:00,head,head_motor_2,1943,27,0,0,,
335.4,2026-08-04T20:34:11.122465+00:00,head,base_left_wheel,3461,27,0,0,,
335.4,2026-08-04T20:34:11.122465+00:00,head,base_back_wheel,3496,27,0,0,,
335.4,2026-08-04T20:34:11.122465+00:00,head,base_right_wheel,2173,26,0,0,,
336.4,2026-08-04T20:34:12.123512+00:00,arms,left_shoulder_pan,1857,36,0,0,1857,1857
336.4,2026-08-04T20:34:12.123512+00:00,arms,left_shoulder_lift,2403,34,3,68,2389,2403
336.4,2026-08-04T20:34:12.123512+00:00,arms,left_elbow_flex,1644,36,3,72,1629,1644
336.4,2026-08-04T20:34:12.123512+00:00,arms,left_wrist_flex,2172,34,0,24,2169,2172
336.4,2026-08-04T20:34:12.123512+00:00,arms,left_wrist_roll,1987,33,0,1044,1989,1987
336.4,2026-08-04T20:34:12.123512+00:00,arms,left_gripper,2013,37,0,0,2014,2013
336.4,2026-08-04T20:34:12.123512+00:00,arms,right_shoulder_pan,1965,37,1,1056,1974,1965
336.4,2026-08-04T20:34:12.123512+00:00,arms,right_shoulder_lift,2165,48,34,246,2049,2157
336.4,2026-08-04T20:34:12.123512+00:00,arms,right_elbow_flex,2171,44,19,162,2097,2166
336.4,2026-08-04T20:34:12.123512+00:00,arms,right_wrist_flex,1995,36,2,52,1976,1994
336.4,2026-08-04T20:34:12.123512+00:00,arms,right_wrist_roll,2109,35,0,1048,2114,2109
336.4,2026-08-04T20:34:12.123512+00:00,arms,right_gripper,2079,38,0,0,2079,2079
336.4,2026-08-04T20:34:12.123512+00:00,head,head_motor_1,2158,25,0,0,,
336.4,2026-08-04T20:34:12.123512+00:00,head,head_motor_2,1943,27,0,0,,
336.4,2026-08-04T20:34:12.123512+00:00,head,base_left_wheel,3461,27,0,0,,
336.4,2026-08-04T20:34:12.123512+00:00,head,base_back_wheel,3496,27,0,0,,
336.4,2026-08-04T20:34:12.123512+00:00,head,base_right_wheel,2173,26,0,0,,
337.4,2026-08-04T20:34:13.124608+00:00,arms,left_shoulder_pan,1857,36,0,0,1857,1857
337.4,2026-08-04T20:34:13.124608+00:00,arms,left_shoulder_lift,2403,34,3,68,2389,2403
337.4,2026-08-04T20:34:13.124608+00:00,arms,left_elbow_flex,1644,35,3,72,1629,1644
337.4,2026-08-04T20:34:13.124608+00:00,arms,left_wrist_flex,2172,34,0,24,2169,2172
337.4,2026-08-04T20:34:13.124608+00:00,arms,left_wrist_roll,1987,33,1,1044,1989,1987
337.4,2026-08-04T20:34:13.124608+00:00,arms,left_gripper,2013,37,0,0,2014,2013
337.4,2026-08-04T20:34:13.124608+00:00,arms,right_shoulder_pan,1965,37,1,1056,1974,1965
337.4,2026-08-04T20:34:13.124608+00:00,arms,right_shoulder_lift,2165,48,36,246,2049,2157
337.4,2026-08-04T20:34:13.124608+00:00,arms,right_elbow_flex,2171,44,19,162,2097,2166
337.4,2026-08-04T20:34:13.124608+00:00,arms,right_wrist_flex,1995,36,1,52,1976,1994
337.4,2026-08-04T20:34:13.124608+00:00,arms,right_wrist_roll,2109,35,0,1048,2114,2109
337.4,2026-08-04T20:34:13.124608+00:00,arms,right_gripper,2079,38,0,0,2079,2079
337.4,2026-08-04T20:34:13.124608+00:00,head,head_motor_1,2158,26,0,0,,
337.4,2026-08-04T20:34:13.124608+00:00,head,head_motor_2,1943,27,0,0,,
337.4,2026-08-04T20:34:13.124608+00:00,head,base_left_wheel,3461,27,0,0,,
337.4,2026-08-04T20:34:13.124608+00:00,head,base_back_wheel,3496,27,0,0,,
337.4,2026-08-04T20:34:13.124608+00:00,head,base_right_wheel,2173,26,0,0,,
338.4,2026-08-04T20:34:14.125676+00:00,arms,left_shoulder_pan,1857,36,0,0,1857,1857
338.4,2026-08-04T20:34:14.125676+00:00,arms,left_shoulder_lift,2403,34,3,68,2389,2403
338.4,2026-08-04T20:34:14.125676+00:00,arms,left_elbow_flex,1644,35,3,72,1629,1644
338.4,2026-08-04T20:34:14.125676+00:00,arms,left_wrist_flex,2172,34,1,24,2169,2172
338.4,2026-08-04T20:34:14.125676+00:00,arms,left_wrist_roll,1987,33,0,1044,1989,1987
338.4,2026-08-04T20:34:14.125676+00:00,arms,left_gripper,2013,37,0,0,2014,2013
338.4,2026-08-04T20:34:14.125676+00:00,arms,right_shoulder_pan,1965,37,0,1056,1974,1965
338.4,2026-08-04T20:34:14.125676+00:00,arms,right_shoulder_lift,2166,49,34,248,2049,2157
338.4,2026-08-04T20:34:14.125676+00:00,arms,right_elbow_flex,2171,44,20,162,2097,2166
338.4,2026-08-04T20:34:14.125676+00:00,arms,right_wrist_flex,1995,36,2,52,1976,1994
338.4,2026-08-04T20:34:14.125676+00:00,arms,right_wrist_roll,2109,35,0,1048,2114,2109
338.4,2026-08-04T20:34:14.125676+00:00,arms,right_gripper,2079,38,0,0,2079,2079
338.4,2026-08-04T20:34:14.125676+00:00,head,head_motor_1,2158,25,0,0,,
338.4,2026-08-04T20:34:14.125676+00:00,head,head_motor_2,1943,27,0,0,,
338.4,2026-08-04T20:34:14.125676+00:00,head,base_left_wheel,3461,27,0,0,,
338.4,2026-08-04T20:34:14.125676+00:00,head,base_back_wheel,3496,27,0,0,,
338.4,2026-08-04T20:34:14.125676+00:00,head,base_right_wheel,2173,26,0,0,,
339.4,2026-08-04T20:34:15.127128+00:00,arms,left_shoulder_pan,1857,36,0,0,1857,1857
339.4,2026-08-04T20:34:15.127128+00:00,arms,left_shoulder_lift,2403,34,3,68,2389,2403
339.4,2026-08-04T20:34:15.127128+00:00,arms,left_elbow_flex,1644,35,3,72,1629,1644
339.4,2026-08-04T20:34:15.127128+00:00,arms,left_wrist_flex,2172,34,0,24,2169,2172
339.4,2026-08-04T20:34:15.127128+00:00,arms,left_wrist_roll,1987,33,0,1044,1989,1987
339.4,2026-08-04T20:34:15.127128+00:00,arms,left_gripper,2013,37,0,0,2014,2013
339.4,2026-08-04T20:34:15.127128+00:00,arms,right_shoulder_pan,1965,37,1,1056,1974,1965
339.4,2026-08-04T20:34:15.127128+00:00,arms,right_shoulder_lift,2166,49,32,248,2049,2157
339.4,2026-08-04T20:34:15.127128+00:00,arms,right_elbow_flex,2171,43,20,162,2097,2166
339.4,2026-08-04T20:34:15.127128+00:00,arms,right_wrist_flex,1995,36,1,52,1976,1994
339.4,2026-08-04T20:34:15.127128+00:00,arms,right_wrist_roll,2109,35,0,1048,2114,2109
339.4,2026-08-04T20:34:15.127128+00:00,arms,right_gripper,2079,38,0,0,2079,2079
339.4,2026-08-04T20:34:15.127128+00:00,head,head_motor_1,2158,25,0,0,,
339.4,2026-08-04T20:34:15.127128+00:00,head,head_motor_2,1943,27,0,0,,
339.4,2026-08-04T20:34:15.127128+00:00,head,base_left_wheel,3461,27,0,0,,
339.4,2026-08-04T20:34:15.127128+00:00,head,base_back_wheel,3496,27,0,0,,
339.4,2026-08-04T20:34:15.127128+00:00,head,base_right_wheel,2174,26,0,0,,
340.4,2026-08-04T20:34:16.128224+00:00,arms,left_shoulder_pan,1857,36,0,0,1857,1857
340.4,2026-08-04T20:34:16.128224+00:00,arms,left_shoulder_lift,2403,34,3,68,2389,2403
340.4,2026-08-04T20:34:16.128224+00:00,arms,left_elbow_flex,1644,35,3,72,1629,1644
340.4,2026-08-04T20:34:16.128224+00:00,arms,left_wrist_flex,2172,34,0,24,2169,2172
340.4,2026-08-04T20:34:16.128224+00:00,arms,left_wrist_roll,1987,33,1,1044,1989,1987
340.4,2026-08-04T20:34:16.128224+00:00,arms,left_gripper,2013,37,0,0,2014,2013
340.4,2026-08-04T20:34:16.128224+00:00,arms,right_shoulder_pan,1965,37,0,1056,1974,1965
340.4,2026-08-04T20:34:16.128224+00:00,arms,right_shoulder_lift,2166,49,28,248,2049,2157
340.4,2026-08-04T20:34:16.128224+00:00,arms,right_elbow_flex,2171,44,16,162,2097,2166
340.4,2026-08-04T20:34:16.128224+00:00,arms,right_wrist_flex,1995,36,1,52,1976,1994
340.4,2026-08-04T20:34:16.128224+00:00,arms,right_wrist_roll,2109,35,1,1048,2114,2109
340.4,2026-08-04T20:34:16.128224+00:00,arms,right_gripper,2079,38,0,0,2079,2079
340.4,2026-08-04T20:34:16.128224+00:00,head,head_motor_1,2158,25,0,0,,
340.4,2026-08-04T20:34:16.128224+00:00,head,head_motor_2,1943,27,0,0,,
340.4,2026-08-04T20:34:16.128224+00:00,head,base_left_wheel,3461,27,0,0,,
340.4,2026-08-04T20:34:16.128224+00:00,head,base_back_wheel,3496,27,0,0,,
340.4,2026-08-04T20:34:16.128224+00:00,head,base_right_wheel,2173,26,0,0,,
341.4,2026-08-04T20:34:17.129659+00:00,arms,left_shoulder_pan,1857,36,0,0,1857,1857
341.4,2026-08-04T20:34:17.129659+00:00,arms,left_shoulder_lift,2403,34,3,68,2389,2403
341.4,2026-08-04T20:34:17.129659+00:00,arms,left_elbow_flex,1644,35,3,72,1629,1644
341.4,2026-08-04T20:34:17.129659+00:00,arms,left_wrist_flex,2172,34,0,24,2169,2172
341.4,2026-08-04T20:34:17.129659+00:00,arms,left_wrist_roll,1987,33,0,1044,1989,1987
341.4,2026-08-04T20:34:17.129659+00:00,arms,left_gripper,2013,37,0,0,2014,2013
341.4,2026-08-04T20:34:17.129659+00:00,arms,right_shoulder_pan,1965,37,1,1056,1974,1965
341.4,2026-08-04T20:34:17.129659+00:00,arms,right_shoulder_lift,2166,49,33,248,2049,2157
341.4,2026-08-04T20:34:17.129659+00:00,arms,right_elbow_flex,2171,44,19,162,2097,2166
341.4,2026-08-04T20:34:17.129659+00:00,arms,right_wrist_flex,1995,36,1,52,1976,1994
341.4,2026-08-04T20:34:17.129659+00:00,arms,right_wrist_roll,2109,35,0,1048,2114,2109
341.4,2026-08-04T20:34:17.129659+00:00,arms,right_gripper,2079,38,0,0,2079,2079
341.4,2026-08-04T20:34:17.129659+00:00,head,head_motor_1,2158,25,0,0,,
341.4,2026-08-04T20:34:17.129659+00:00,head,head_motor_2,1943,27,0,0,,
341.4,2026-08-04T20:34:17.129659+00:00,head,base_left_wheel,3461,27,0,0,,
341.4,2026-08-04T20:34:17.129659+00:00,head,base_back_wheel,3496,27,0,0,,
341.4,2026-08-04T20:34:17.129659+00:00,head,base_right_wheel,2174,26,0,0,,
342.4,2026-08-04T20:34:18.130747+00:00,arms,left_shoulder_pan,1857,36,0,0,1857,1857
342.4,2026-08-04T20:34:18.130747+00:00,arms,left_shoulder_lift,2403,34,3,68,2389,2403
342.4,2026-08-04T20:34:18.130747+00:00,arms,left_elbow_flex,1644,35,3,72,1629,1644
342.4,2026-08-04T20:34:18.130747+00:00,arms,left_wrist_flex,2172,34,0,24,2169,2172
342.4,2026-08-04T20:34:18.130747+00:00,arms,left_wrist_roll,1987,33,0,1044,1989,1987
342.4,2026-08-04T20:34:18.130747+00:00,arms,left_gripper,2013,37,0,0,2014,2013
342.4,2026-08-04T20:34:18.130747+00:00,arms,right_shoulder_pan,1965,37,1,1056,1974,1965
342.4,2026-08-04T20:34:18.130747+00:00,arms,right_shoulder_lift,2166,49,36,248,2049,2157
342.4,2026-08-04T20:34:18.130747+00:00,arms,right_elbow_flex,2171,44,17,162,2097,2166
342.4,2026-08-04T20:34:18.130747+00:00,arms,right_wrist_flex,1995,36,2,52,1976,1994
342.4,2026-08-04T20:34:18.130747+00:00,arms,right_wrist_roll,2109,35,0,1048,2114,2109
342.4,2026-08-04T20:34:18.130747+00:00,arms,right_gripper,2079,38,0,0,2079,2079
342.4,2026-08-04T20:34:18.130747+00:00,head,head_motor_1,2158,25,0,0,,
342.4,2026-08-04T20:34:18.130747+00:00,head,head_motor_2,1943,27,0,0,,
342.4,2026-08-04T20:34:18.130747+00:00,head,base_left_wheel,3461,27,0,0,,
342.4,2026-08-04T20:34:18.130747+00:00,head,base_back_wheel,3496,27,0,0,,
342.4,2026-08-04T20:34:18.130747+00:00,head,base_right_wheel,2173,26,0,0,,
343.4,2026-08-04T20:34:19.131825+00:00,arms,left_shoulder_pan,1857,37,0,0,1857,1857
343.4,2026-08-04T20:34:19.131825+00:00,arms,left_shoulder_lift,2403,34,3,68,2389,2403
343.4,2026-08-04T20:34:19.131825+00:00,arms,left_elbow_flex,1644,35,3,72,1629,1644
343.4,2026-08-04T20:34:19.131825+00:00,arms,left_wrist_flex,2172,34,0,24,2169,2172
343.4,2026-08-04T20:34:19.131825+00:00,arms,left_wrist_roll,1987,33,0,1044,1989,1987
343.4,2026-08-04T20:34:19.131825+00:00,arms,left_gripper,2013,37,0,0,2014,2013
343.4,2026-08-04T20:34:19.131825+00:00,arms,right_shoulder_pan,1965,37,1,1056,1974,1965
343.4,2026-08-04T20:34:19.131825+00:00,arms,right_shoulder_lift,2166,49,30,248,2049,2157
343.4,2026-08-04T20:34:19.131825+00:00,arms,right_elbow_flex,2171,44,16,162,2097,2166
343.4,2026-08-04T20:34:19.131825+00:00,arms,right_wrist_flex,1995,36,1,52,1976,1994
343.4,2026-08-04T20:34:19.131825+00:00,arms,right_wrist_roll,2109,35,0,1048,2114,2109
343.4,2026-08-04T20:34:19.131825+00:00,arms,right_gripper,2079,38,0,0,2079,2079
343.4,2026-08-04T20:34:19.131825+00:00,head,head_motor_1,2158,25,0,0,,
343.4,2026-08-04T20:34:19.131825+00:00,head,head_motor_2,1943,27,0,0,,
343.4,2026-08-04T20:34:19.131825+00:00,head,base_left_wheel,3461,27,0,0,,
343.4,2026-08-04T20:34:19.131825+00:00,head,base_back_wheel,3496,28,0,0,,
343.4,2026-08-04T20:34:19.131825+00:00,head,base_right_wheel,2173,26,0,0,,
344.4,2026-08-04T20:34:20.133290+00:00,arms,left_shoulder_pan,1857,36,0,0,1857,1857
344.4,2026-08-04T20:34:20.133290+00:00,arms,left_shoulder_lift,2403,34,4,68,2389,2403
344.4,2026-08-04T20:34:20.133290+00:00,arms,left_elbow_flex,1644,35,2,72,1629,1644
344.4,2026-08-04T20:34:20.133290+00:00,arms,left_wrist_flex,2172,34,0,24,2169,2172
344.4,2026-08-04T20:34:20.133290+00:00,arms,left_wrist_roll,1987,33,1,1044,1989,1987
344.4,2026-08-04T20:34:20.133290+00:00,arms,left_gripper,2013,37,0,0,2014,2013
344.4,2026-08-04T20:34:20.133290+00:00,arms,right_shoulder_pan,1965,37,1,1056,1974,1965
344.4,2026-08-04T20:34:20.133290+00:00,arms,right_shoulder_lift,2166,49,35,248,2049,2157
344.4,2026-08-04T20:34:20.133290+00:00,arms,right_elbow_flex,2171,44,20,162,2097,2166
344.4,2026-08-04T20:34:20.133290+00:00,arms,right_wrist_flex,1995,36,1,52,1976,1994
344.4,2026-08-04T20:34:20.133290+00:00,arms,right_wrist_roll,2109,35,1,1048,2114,2109
344.4,2026-08-04T20:34:20.133290+00:00,arms,right_gripper,2079,38,0,0,2079,2079
344.4,2026-08-04T20:34:20.133290+00:00,head,head_motor_1,2158,25,0,0,,
344.4,2026-08-04T20:34:20.133290+00:00,head,head_motor_2,1943,27,0,0,,
344.4,2026-08-04T20:34:20.133290+00:00,head,base_left_wheel,3461,27,0,0,,
344.4,2026-08-04T20:34:20.133290+00:00,head,base_back_wheel,3496,27,0,0,,
344.4,2026-08-04T20:34:20.133290+00:00,head,base_right_wheel,2173,26,0,0,,
345.4,2026-08-04T20:34:21.134381+00:00,arms,left_shoulder_pan,1857,36,0,0,1857,1857
345.4,2026-08-04T20:34:21.134381+00:00,arms,left_shoulder_lift,2403,34,4,68,2389,2403
345.4,2026-08-04T20:34:21.134381+00:00,arms,left_elbow_flex,1644,35,3,72,1629,1644
345.4,2026-08-04T20:34:21.134381+00:00,arms,left_wrist_flex,2172,34,1,24,2169,2172
345.4,2026-08-04T20:34:21.134381+00:00,arms,left_wrist_roll,1987,33,1,1044,1989,1987
345.4,2026-08-04T20:34:21.134381+00:00,arms,left_gripper,2013,37,0,0,2014,2013
345.4,2026-08-04T20:34:21.134381+00:00,arms,right_shoulder_pan,1965,37,1,1056,1974,1965
345.4,2026-08-04T20:34:21.134381+00:00,arms,right_shoulder_lift,2166,49,30,248,2049,2157
345.4,2026-08-04T20:34:21.134381+00:00,arms,right_elbow_flex,2171,44,17,162,2097,2166
345.4,2026-08-04T20:34:21.134381+00:00,arms,right_wrist_flex,1995,36,2,52,1976,1994
345.4,2026-08-04T20:34:21.134381+00:00,arms,right_wrist_roll,2109,35,1,1048,2114,2109
345.4,2026-08-04T20:34:21.134381+00:00,arms,right_gripper,2079,38,0,0,2079,2079
345.4,2026-08-04T20:34:21.134381+00:00,head,head_motor_1,2158,25,0,0,,
345.4,2026-08-04T20:34:21.134381+00:00,head,head_motor_2,1943,27,0,0,,
345.4,2026-08-04T20:34:21.134381+00:00,head,base_left_wheel,3461,27,0,0,,
345.4,2026-08-04T20:34:21.134381+00:00,head,base_back_wheel,3496,27,0,0,,
345.4,2026-08-04T20:34:21.134381+00:00,head,base_right_wheel,2173,26,0,0,,
346.4,2026-08-04T20:34:22.135828+00:00,arms,left_shoulder_pan,1857,36,0,0,1857,1857
346.4,2026-08-04T20:34:22.135828+00:00,arms,left_shoulder_lift,2403,34,4,68,2389,2403
346.4,2026-08-04T20:34:22.135828+00:00,arms,left_elbow_flex,1644,35,3,72,1629,1644
346.4,2026-08-04T20:34:22.135828+00:00,arms,left_wrist_flex,2172,34,0,24,2169,2172
346.4,2026-08-04T20:34:22.135828+00:00,arms,left_wrist_roll,1987,33,1,1044,1989,1987
346.4,2026-08-04T20:34:22.135828+00:00,arms,left_gripper,2013,37,0,0,2014,2013
346.4,2026-08-04T20:34:22.135828+00:00,arms,right_shoulder_pan,1965,37,1,1056,1974,1965
346.4,2026-08-04T20:34:22.135828+00:00,arms,right_shoulder_lift,2166,49,34,248,2049,2157
346.4,2026-08-04T20:34:22.135828+00:00,arms,right_elbow_flex,2171,44,14,162,2097,2166
346.4,2026-08-04T20:34:22.135828+00:00,arms,right_wrist_flex,1995,36,2,52,1976,1994
346.4,2026-08-04T20:34:22.135828+00:00,arms,right_wrist_roll,2109,35,0,1048,2114,2109
346.4,2026-08-04T20:34:22.135828+00:00,arms,right_gripper,2079,38,0,0,2079,2079
346.4,2026-08-04T20:34:22.135828+00:00,head,head_motor_1,2158,25,0,0,,
346.4,2026-08-04T20:34:22.135828+00:00,head,head_motor_2,1943,27,0,0,,
346.4,2026-08-04T20:34:22.135828+00:00,head,base_left_wheel,3461,27,0,0,,
346.4,2026-08-04T20:34:22.135828+00:00,head,base_back_wheel,3496,27,0,0,,
346.4,2026-08-04T20:34:22.135828+00:00,head,base_right_wheel,2173,26,0,0,,
347.4,2026-08-04T20:34:23.137272+00:00,arms,left_shoulder_pan,1857,36,0,0,1857,1857
347.4,2026-08-04T20:34:23.137272+00:00,arms,left_shoulder_lift,2403,35,3,68,2389,2403
347.4,2026-08-04T20:34:23.137272+00:00,arms,left_elbow_flex,1644,35,2,72,1629,1644
347.4,2026-08-04T20:34:23.137272+00:00,arms,left_wrist_flex,2172,34,0,24,2169,2172
347.4,2026-08-04T20:34:23.137272+00:00,arms,left_wrist_roll,1987,33,1,1044,1989,1987
347.4,2026-08-04T20:34:23.137272+00:00,arms,left_gripper,2013,37,0,0,2014,2013
347.4,2026-08-04T20:34:23.137272+00:00,arms,right_shoulder_pan,1965,37,1,1056,1974,1965
347.4,2026-08-04T20:34:23.137272+00:00,arms,right_shoulder_lift,2166,49,30,248,2049,2157
347.4,2026-08-04T20:34:23.137272+00:00,arms,right_elbow_flex,2171,44,14,162,2097,2166
347.4,2026-08-04T20:34:23.137272+00:00,arms,right_wrist_flex,1995,36,1,52,1976,1994
347.4,2026-08-04T20:34:23.137272+00:00,arms,right_wrist_roll,2109,35,1,1048,2114,2109
347.4,2026-08-04T20:34:23.137272+00:00,arms,right_gripper,2079,38,0,0,2079,2079
347.4,2026-08-04T20:34:23.137272+00:00,head,head_motor_1,2158,25,0,0,,
347.4,2026-08-04T20:34:23.137272+00:00,head,head_motor_2,1943,27,0,0,,
347.4,2026-08-04T20:34:23.137272+00:00,head,base_left_wheel,3461,27,0,0,,
347.4,2026-08-04T20:34:23.137272+00:00,head,base_back_wheel,3496,27,0,0,,
347.4,2026-08-04T20:34:23.137272+00:00,head,base_right_wheel,2173,26,0,0,,
348.4,2026-08-04T20:34:24.138730+00:00,arms,left_shoulder_pan,1857,36,0,0,1857,1857
348.4,2026-08-04T20:34:24.138730+00:00,arms,left_shoulder_lift,2403,34,4,68,2389,2403
348.4,2026-08-04T20:34:24.138730+00:00,arms,left_elbow_flex,1644,35,3,72,1629,1644
348.4,2026-08-04T20:34:24.138730+00:00,arms,left_wrist_flex,2172,34,0,24,2169,2172
348.4,2026-08-04T20:34:24.138730+00:00,arms,left_wrist_roll,1987,33,0,1044,1989,1987
348.4,2026-08-04T20:34:24.138730+00:00,arms,left_gripper,2013,37,0,0,2014,2013
348.4,2026-08-04T20:34:24.138730+00:00,arms,right_shoulder_pan,1965,37,1,1056,1974,1965
348.4,2026-08-04T20:34:24.138730+00:00,arms,right_shoulder_lift,2166,49,33,248,2049,2157
348.4,2026-08-04T20:34:24.138730+00:00,arms,right_elbow_flex,2171,44,14,162,2097,2166
348.4,2026-08-04T20:34:24.138730+00:00,arms,right_wrist_flex,1995,36,1,52,1976,1994
348.4,2026-08-04T20:34:24.138730+00:00,arms,right_wrist_roll,2109,35,0,1048,2114,2109
348.4,2026-08-04T20:34:24.138730+00:00,arms,right_gripper,2079,38,0,0,2079,2079
348.4,2026-08-04T20:34:24.138730+00:00,head,head_motor_1,2158,25,0,0,,
348.4,2026-08-04T20:34:24.138730+00:00,head,head_motor_2,1943,27,0,0,,
348.4,2026-08-04T20:34:24.138730+00:00,head,base_left_wheel,3461,27,0,0,,
348.4,2026-08-04T20:34:24.138730+00:00,head,base_back_wheel,3496,27,0,0,,
348.4,2026-08-04T20:34:24.138730+00:00,head,base_right_wheel,2173,26,0,0,,
349.4,2026-08-04T20:34:25.140177+00:00,arms,left_shoulder_pan,1857,36,0,0,1857,1857
349.4,2026-08-04T20:34:25.140177+00:00,arms,left_shoulder_lift,2403,34,3,68,2389,2403
349.4,2026-08-04T20:34:25.140177+00:00,arms,left_elbow_flex,1644,35,3,72,1629,1644
349.4,2026-08-04T20:34:25.140177+00:00,arms,left_wrist_flex,2172,34,0,24,2169,2172
349.4,2026-08-04T20:34:25.140177+00:00,arms,left_wrist_roll,1987,33,1,1044,1989,1987
349.4,2026-08-04T20:34:25.140177+00:00,arms,left_gripper,2013,37,0,0,2014,2013
349.4,2026-08-04T20:34:25.140177+00:00,arms,right_shoulder_pan,1965,37,1,1056,1974,1965
349.4,2026-08-04T20:34:25.140177+00:00,arms,right_shoulder_lift,2166,49,32,248,2049,2157
349.4,2026-08-04T20:34:25.140177+00:00,arms,right_elbow_flex,2171,45,16,162,2097,2166
349.4,2026-08-04T20:34:25.140177+00:00,arms,right_wrist_flex,1995,36,1,52,1976,1994
349.4,2026-08-04T20:34:25.140177+00:00,arms,right_wrist_roll,2109,35,0,1048,2114,2109
349.4,2026-08-04T20:34:25.140177+00:00,arms,right_gripper,2079,38,0,0,2079,2079
349.4,2026-08-04T20:34:25.140177+00:00,head,head_motor_1,2158,25,0,0,,
349.4,2026-08-04T20:34:25.140177+00:00,head,head_motor_2,1943,27,0,0,,
349.4,2026-08-04T20:34:25.140177+00:00,head,base_left_wheel,3461,27,0,0,,
349.4,2026-08-04T20:34:25.140177+00:00,head,base_back_wheel,3496,27,0,0,,
349.4,2026-08-04T20:34:25.140177+00:00,head,base_right_wheel,2173,26,0,0,,
350.4,2026-08-04T20:34:26.141267+00:00,arms,left_shoulder_pan,1857,36,0,0,1857,1857
350.4,2026-08-04T20:34:26.141267+00:00,arms,left_shoulder_lift,2403,34,4,68,2389,2403
350.4,2026-08-04T20:34:26.141267+00:00,arms,left_elbow_flex,1644,35,2,72,1629,1644
350.4,2026-08-04T20:34:26.141267+00:00,arms,left_wrist_flex,2172,34,1,24,2169,2172
350.4,2026-08-04T20:34:26.141267+00:00,arms,left_wrist_roll,1987,33,1,1044,1989,1987
350.4,2026-08-04T20:34:26.141267+00:00,arms,left_gripper,2013,37,0,0,2014,2013
350.4,2026-08-04T20:34:26.141267+00:00,arms,right_shoulder_pan,1965,37,1,1056,1974,1965
350.4,2026-08-04T20:34:26.141267+00:00,arms,right_shoulder_lift,2166,49,29,248,2049,2157
350.4,2026-08-04T20:34:26.141267+00:00,arms,right_elbow_flex,2171,44,20,162,2097,2166
350.4,2026-08-04T20:34:26.141267+00:00,arms,right_wrist_flex,1995,36,2,52,1976,1994
350.4,2026-08-04T20:34:26.141267+00:00,arms,right_wrist_roll,2109,35,1,1048,2114,2109
350.4,2026-08-04T20:34:26.141267+00:00,arms,right_gripper,2079,38,0,0,2079,2079
350.4,2026-08-04T20:34:26.141267+00:00,head,head_motor_1,2158,25,0,0,,
350.4,2026-08-04T20:34:26.141267+00:00,head,head_motor_2,1943,27,0,0,,
350.4,2026-08-04T20:34:26.141267+00:00,head,base_left_wheel,3461,27,0,0,,
350.4,2026-08-04T20:34:26.141267+00:00,head,base_back_wheel,3496,27,0,0,,
350.4,2026-08-04T20:34:26.141267+00:00,head,base_right_wheel,2173,26,0,0,,
351.4,2026-08-04T20:34:27.142360+00:00,arms,left_shoulder_pan,1857,36,0,0,1857,1857
351.4,2026-08-04T20:34:27.142360+00:00,arms,left_shoulder_lift,2403,35,4,68,2389,2403
351.4,2026-08-04T20:34:27.142360+00:00,arms,left_elbow_flex,1644,35,3,72,1629,1644
351.4,2026-08-04T20:34:27.142360+00:00,arms,left_wrist_flex,2172,34,0,24,2169,2172
351.4,2026-08-04T20:34:27.142360+00:00,arms,left_wrist_roll,1987,33,1,1044,1989,1987
351.4,2026-08-04T20:34:27.142360+00:00,arms,left_gripper,2013,37,0,0,2014,2013
351.4,2026-08-04T20:34:27.142360+00:00,arms,right_shoulder_pan,1965,37,0,1056,1974,1965
351.4,2026-08-04T20:34:27.142360+00:00,arms,right_shoulder_lift,2166,49,31,248,2049,2157
351.4,2026-08-04T20:34:27.142360+00:00,arms,right_elbow_flex,2171,44,18,162,2097,2166
351.4,2026-08-04T20:34:27.142360+00:00,arms,right_wrist_flex,1995,36,2,52,1976,1994
351.4,2026-08-04T20:34:27.142360+00:00,arms,right_wrist_roll,2109,35,0,1048,2114,2109
351.4,2026-08-04T20:34:27.142360+00:00,arms,right_gripper,2079,38,0,0,2079,2079
351.4,2026-08-04T20:34:27.142360+00:00,head,head_motor_1,2158,25,0,0,,
351.4,2026-08-04T20:34:27.142360+00:00,head,head_motor_2,1943,27,0,0,,
351.4,2026-08-04T20:34:27.142360+00:00,head,base_left_wheel,3461,27,0,0,,
351.4,2026-08-04T20:34:27.142360+00:00,head,base_back_wheel,3496,27,0,0,,
351.4,2026-08-04T20:34:27.142360+00:00,head,base_right_wheel,2173,26,0,0,,
352.4,2026-08-04T20:34:28.143825+00:00,arms,left_shoulder_pan,1857,36,0,0,1857,1857
352.4,2026-08-04T20:34:28.143825+00:00,arms,left_shoulder_lift,2403,34,3,68,2389,2403
352.4,2026-08-04T20:34:28.143825+00:00,arms,left_elbow_flex,1644,35,3,72,1629,1644
352.4,2026-08-04T20:34:28.143825+00:00,arms,left_wrist_flex,2172,34,0,24,2169,2172
352.4,2026-08-04T20:34:28.143825+00:00,arms,left_wrist_roll,1987,33,1,1044,1989,1987
352.4,2026-08-04T20:34:28.143825+00:00,arms,left_gripper,2013,37,0,0,2014,2013
352.4,2026-08-04T20:34:28.143825+00:00,arms,right_shoulder_pan,1965,37,1,1056,1974,1965
352.4,2026-08-04T20:34:28.143825+00:00,arms,right_shoulder_lift,2166,49,36,248,2049,2157
352.4,2026-08-04T20:34:28.143825+00:00,arms,right_elbow_flex,2171,44,14,162,2097,2166
352.4,2026-08-04T20:34:28.143825+00:00,arms,right_wrist_flex,1995,36,1,52,1976,1994
352.4,2026-08-04T20:34:28.143825+00:00,arms,right_wrist_roll,2109,35,0,1048,2114,2109
352.4,2026-08-04T20:34:28.143825+00:00,arms,right_gripper,2079,38,0,0,2079,2079
352.4,2026-08-04T20:34:28.143825+00:00,head,head_motor_1,2158,25,0,0,,
352.4,2026-08-04T20:34:28.143825+00:00,head,head_motor_2,1943,27,0,0,,
352.4,2026-08-04T20:34:28.143825+00:00,head,base_left_wheel,3461,27,0,0,,
352.4,2026-08-04T20:34:28.143825+00:00,head,base_back_wheel,3496,27,0,0,,
352.4,2026-08-04T20:34:28.143825+00:00,head,base_right_wheel,2173,26,0,0,,
353.4,2026-08-04T20:34:29.144975+00:00,arms,left_shoulder_pan,1857,36,0,0,1857,1857
353.4,2026-08-04T20:34:29.144975+00:00,arms,left_shoulder_lift,2403,34,3,68,2389,2403
353.4,2026-08-04T20:34:29.144975+00:00,arms,left_elbow_flex,1644,35,3,72,1629,1644
353.4,2026-08-04T20:34:29.144975+00:00,arms,left_wrist_flex,2172,34,0,24,2169,2172
353.4,2026-08-04T20:34:29.144975+00:00,arms,left_wrist_roll,1987,33,0,1044,1989,1987
353.4,2026-08-04T20:34:29.144975+00:00,arms,left_gripper,2013,37,0,0,2014,2013
353.4,2026-08-04T20:34:29.144975+00:00,arms,right_shoulder_pan,1965,37,1,1056,1974,1965
353.4,2026-08-04T20:34:29.144975+00:00,arms,right_shoulder_lift,2166,49,36,248,2049,2157
353.4,2026-08-04T20:34:29.144975+00:00,arms,right_elbow_flex,2171,44,20,162,2097,2166
353.4,2026-08-04T20:34:29.144975+00:00,arms,right_wrist_flex,1995,36,1,52,1976,1994
353.4,2026-08-04T20:34:29.144975+00:00,arms,right_wrist_roll,2109,35,0,1048,2114,2109
353.4,2026-08-04T20:34:29.144975+00:00,arms,right_gripper,2079,38,0,0,2079,2079
353.4,2026-08-04T20:34:29.144975+00:00,head,head_motor_1,2158,25,0,0,,
353.4,2026-08-04T20:34:29.144975+00:00,head,head_motor_2,1943,27,0,0,,
353.4,2026-08-04T20:34:29.144975+00:00,head,base_left_wheel,3461,27,0,0,,
353.4,2026-08-04T20:34:29.144975+00:00,head,base_back_wheel,3496,27,0,0,,
353.4,2026-08-04T20:34:29.144975+00:00,head,base_right_wheel,2173,26,0,0,,
354.4,2026-08-04T20:34:30.146074+00:00,arms,left_shoulder_pan,1857,36,0,0,1857,1857
354.4,2026-08-04T20:34:30.146074+00:00,arms,left_shoulder_lift,2403,34,3,68,2389,2403
354.4,2026-08-04T20:34:30.146074+00:00,arms,left_elbow_flex,1644,35,2,72,1629,1644
354.4,2026-08-04T20:34:30.146074+00:00,arms,left_wrist_flex,2172,34,0,24,2169,2172
354.4,2026-08-04T20:34:30.146074+00:00,arms,left_wrist_roll,1987,33,0,1044,1989,1987
354.4,2026-08-04T20:34:30.146074+00:00,arms,left_gripper,2013,37,0,0,2014,2013
354.4,2026-08-04T20:34:30.146074+00:00,arms,right_shoulder_pan,1965,37,1,1056,1974,1965
354.4,2026-08-04T20:34:30.146074+00:00,arms,right_shoulder_lift,2166,49,37,248,2049,2157
354.4,2026-08-04T20:34:30.146074+00:00,arms,right_elbow_flex,2171,44,13,162,2097,2166
354.4,2026-08-04T20:34:30.146074+00:00,arms,right_wrist_flex,1995,36,1,52,1976,1994
354.4,2026-08-04T20:34:30.146074+00:00,arms,right_wrist_roll,2109,35,1,1048,2114,2109
354.4,2026-08-04T20:34:30.146074+00:00,arms,right_gripper,2079,38,0,0,2079,2079
354.4,2026-08-04T20:34:30.146074+00:00,head,head_motor_1,2158,25,0,0,,
354.4,2026-08-04T20:34:30.146074+00:00,head,head_motor_2,1943,27,0,0,,
354.4,2026-08-04T20:34:30.146074+00:00,head,base_left_wheel,3461,27,0,0,,
354.4,2026-08-04T20:34:30.146074+00:00,head,base_back_wheel,3496,27,0,0,,
354.4,2026-08-04T20:34:30.146074+00:00,head,base_right_wheel,2173,26,0,0,,
355.4,2026-08-04T20:34:31.147523+00:00,arms,left_shoulder_pan,1857,36,0,0,1857,1857
355.4,2026-08-04T20:34:31.147523+00:00,arms,left_shoulder_lift,2403,34,4,68,2389,2403
355.4,2026-08-04T20:34:31.147523+00:00,arms,left_elbow_flex,1644,35,3,72,1629,1644
355.4,2026-08-04T20:34:31.147523+00:00,arms,left_wrist_flex,2172,34,0,24,2169,2172
355.4,2026-08-04T20:34:31.147523+00:00,arms,left_wrist_roll,1987,33,1,1044,1989,1987
355.4,2026-08-04T20:34:31.147523+00:00,arms,left_gripper,2013,37,0,0,2014,2013
355.4,2026-08-04T20:34:31.147523+00:00,arms,right_shoulder_pan,1965,37,0,1056,1974,1965
355.4,2026-08-04T20:34:31.147523+00:00,arms,right_shoulder_lift,2166,49,35,248,2049,2157
355.4,2026-08-04T20:34:31.147523+00:00,arms,right_elbow_flex,2171,44,14,162,2097,2166
355.4,2026-08-04T20:34:31.147523+00:00,arms,right_wrist_flex,1995,36,2,52,1976,1994
355.4,2026-08-04T20:34:31.147523+00:00,arms,right_wrist_roll,2109,35,1,1048,2114,2109
355.4,2026-08-04T20:34:31.147523+00:00,arms,right_gripper,2079,38,0,0,2079,2079
355.4,2026-08-04T20:34:31.147523+00:00,head,head_motor_1,2158,25,0,0,,
355.4,2026-08-04T20:34:31.147523+00:00,head,head_motor_2,1943,27,0,0,,
355.4,2026-08-04T20:34:31.147523+00:00,head,base_left_wheel,3461,27,0,0,,
355.4,2026-08-04T20:34:31.147523+00:00,head,base_back_wheel,3496,27,0,0,,
355.4,2026-08-04T20:34:31.147523+00:00,head,base_right_wheel,2173,26,0,0,,
356.4,2026-08-04T20:34:32.148587+00:00,arms,left_shoulder_pan,1857,36,0,0,1857,1857
356.4,2026-08-04T20:34:32.148587+00:00,arms,left_shoulder_lift,2403,34,3,68,2389,2403
356.4,2026-08-04T20:34:32.148587+00:00,arms,left_elbow_flex,1644,35,3,72,1629,1644
356.4,2026-08-04T20:34:32.148587+00:00,arms,left_wrist_flex,2172,34,0,24,2169,2172
356.4,2026-08-04T20:34:32.148587+00:00,arms,left_wrist_roll,1987,33,0,1044,1989,1987
356.4,2026-08-04T20:34:32.148587+00:00,arms,left_gripper,2013,37,0,0,2014,2013
356.4,2026-08-04T20:34:32.148587+00:00,arms,right_shoulder_pan,1965,37,1,1056,1974,1965
356.4,2026-08-04T20:34:32.148587+00:00,arms,right_shoulder_lift,2166,49,32,248,2049,2157
356.4,2026-08-04T20:34:32.148587+00:00,arms,right_elbow_flex,2171,43,16,162,2097,2166
356.4,2026-08-04T20:34:32.148587+00:00,arms,right_wrist_flex,1995,36,2,52,1976,1994
356.4,2026-08-04T20:34:32.148587+00:00,arms,right_wrist_roll,2109,35,0,1048,2114,2109
356.4,2026-08-04T20:34:32.148587+00:00,arms,right_gripper,2079,38,0,0,2079,2079
356.4,2026-08-04T20:34:32.148587+00:00,head,head_motor_1,2158,26,0,0,,
356.4,2026-08-04T20:34:32.148587+00:00,head,head_motor_2,1943,27,0,0,,
356.4,2026-08-04T20:34:32.148587+00:00,head,base_left_wheel,3461,27,0,0,,
356.4,2026-08-04T20:34:32.148587+00:00,head,base_back_wheel,3496,27,0,0,,
356.4,2026-08-04T20:34:32.148587+00:00,head,base_right_wheel,2173,26,0,0,,
357.4,2026-08-04T20:34:33.149687+00:00,arms,left_shoulder_pan,1857,36,0,0,1857,1857
357.4,2026-08-04T20:34:33.149687+00:00,arms,left_shoulder_lift,2403,34,3,68,2389,2403
357.4,2026-08-04T20:34:33.149687+00:00,arms,left_elbow_flex,1644,35,3,72,1629,1644
357.4,2026-08-04T20:34:33.149687+00:00,arms,left_wrist_flex,2172,34,0,24,2169,2172
357.4,2026-08-04T20:34:33.149687+00:00,arms,left_wrist_roll,1987,33,0,1044,1989,1987
357.4,2026-08-04T20:34:33.149687+00:00,arms,left_gripper,2013,37,0,0,2014,2013
357.4,2026-08-04T20:34:33.149687+00:00,arms,right_shoulder_pan,1965,37,1,1056,1974,1965
357.4,2026-08-04T20:34:33.149687+00:00,arms,right_shoulder_lift,2166,49,36,248,2049,2157
357.4,2026-08-04T20:34:33.149687+00:00,arms,right_elbow_flex,2171,44,14,162,2097,2166
357.4,2026-08-04T20:34:33.149687+00:00,arms,right_wrist_flex,1995,36,1,52,1976,1994
357.4,2026-08-04T20:34:33.149687+00:00,arms,right_wrist_roll,2109,34,0,1048,2114,2109
357.4,2026-08-04T20:34:33.149687+00:00,arms,right_gripper,2079,38,0,0,2079,2079
357.4,2026-08-04T20:34:33.149687+00:00,head,head_motor_1,2158,25,0,0,,
357.4,2026-08-04T20:34:33.149687+00:00,head,head_motor_2,1943,27,0,0,,
357.4,2026-08-04T20:34:33.149687+00:00,head,base_left_wheel,3461,27,0,0,,
357.4,2026-08-04T20:34:33.149687+00:00,head,base_back_wheel,3496,27,0,0,,
357.4,2026-08-04T20:34:33.149687+00:00,head,base_right_wheel,2173,26,0,0,,
358.4,2026-08-04T20:34:34.150760+00:00,arms,left_shoulder_pan,1857,36,0,0,1857,1857
358.4,2026-08-04T20:34:34.150760+00:00,arms,left_shoulder_lift,2403,34,4,68,2389,2403
358.4,2026-08-04T20:34:34.150760+00:00,arms,left_elbow_flex,1644,35,3,72,1629,1644
358.4,2026-08-04T20:34:34.150760+00:00,arms,left_wrist_flex,2172,34,0,24,2169,2172
358.4,2026-08-04T20:34:34.150760+00:00,arms,left_wrist_roll,1987,33,1,1044,1989,1987
358.4,2026-08-04T20:34:34.150760+00:00,arms,left_gripper,2013,37,0,0,2014,2013
358.4,2026-08-04T20:34:34.150760+00:00,arms,right_shoulder_pan,1965,37,1,1056,1974,1965
358.4,2026-08-04T20:34:34.150760+00:00,arms,right_shoulder_lift,2166,49,34,248,2049,2157
358.4,2026-08-04T20:34:34.150760+00:00,arms,right_elbow_flex,2171,44,14,162,2097,2166
358.4,2026-08-04T20:34:34.150760+00:00,arms,right_wrist_flex,1995,36,1,52,1976,1994
358.4,2026-08-04T20:34:34.150760+00:00,arms,right_wrist_roll,2109,35,0,1048,2114,2109
358.4,2026-08-04T20:34:34.150760+00:00,arms,right_gripper,2079,38,0,0,2079,2079
358.4,2026-08-04T20:34:34.150760+00:00,head,head_motor_1,2158,25,0,0,,
358.4,2026-08-04T20:34:34.150760+00:00,head,head_motor_2,1943,27,0,0,,
358.4,2026-08-04T20:34:34.150760+00:00,head,base_left_wheel,3461,27,0,0,,
358.4,2026-08-04T20:34:34.150760+00:00,head,base_back_wheel,3496,27,0,0,,
358.4,2026-08-04T20:34:34.150760+00:00,head,base_right_wheel,2173,26,0,0,,
359.4,2026-08-04T20:34:35.151848+00:00,arms,left_shoulder_pan,1857,36,0,0,1857,1857
359.4,2026-08-04T20:34:35.151848+00:00,arms,left_shoulder_lift,2403,34,4,68,2389,2403
359.4,2026-08-04T20:34:35.151848+00:00,arms,left_elbow_flex,1644,35,2,72,1629,1644
359.4,2026-08-04T20:34:35.151848+00:00,arms,left_wrist_flex,2172,34,0,24,2169,2172
359.4,2026-08-04T20:34:35.151848+00:00,arms,left_wrist_roll,1987,33,0,1044,1989,1987
359.4,2026-08-04T20:34:35.151848+00:00,arms,left_gripper,2013,37,0,0,2014,2013
359.4,2026-08-04T20:34:35.151848+00:00,arms,right_shoulder_pan,1965,37,0,1056,1974,1965
359.4,2026-08-04T20:34:35.151848+00:00,arms,right_shoulder_lift,2166,49,28,248,2049,2157
359.4,2026-08-04T20:34:35.151848+00:00,arms,right_elbow_flex,2171,44,14,162,2097,2166
359.4,2026-08-04T20:34:35.151848+00:00,arms,right_wrist_flex,1995,36,1,52,1976,1994
359.4,2026-08-04T20:34:35.151848+00:00,arms,right_wrist_roll,2109,35,0,1048,2114,2109
359.4,2026-08-04T20:34:35.151848+00:00,arms,right_gripper,2079,38,0,0,2079,2079
359.4,2026-08-04T20:34:35.151848+00:00,head,head_motor_1,2158,25,0,0,,
359.4,2026-08-04T20:34:35.151848+00:00,head,head_motor_2,1943,27,0,0,,
359.4,2026-08-04T20:34:35.151848+00:00,head,base_left_wheel,3461,27,0,0,,
359.4,2026-08-04T20:34:35.151848+00:00,head,base_back_wheel,3496,27,0,0,,
359.4,2026-08-04T20:34:35.151848+00:00,head,base_right_wheel,2173,26,0,0,,
360.4,2026-08-04T20:34:36.152947+00:00,arms,left_shoulder_pan,1857,36,0,0,1857,1857
360.4,2026-08-04T20:34:36.152947+00:00,arms,left_shoulder_lift,2403,34,3,68,2389,2403
360.4,2026-08-04T20:34:36.152947+00:00,arms,left_elbow_flex,1644,35,3,72,1629,1644
360.4,2026-08-04T20:34:36.152947+00:00,arms,left_wrist_flex,2172,34,1,24,2169,2172
360.4,2026-08-04T20:34:36.152947+00:00,arms,left_wrist_roll,1987,34,1,1044,1989,1987
360.4,2026-08-04T20:34:36.152947+00:00,arms,left_gripper,2013,37,0,0,2014,2013
360.4,2026-08-04T20:34:36.152947+00:00,arms,right_shoulder_pan,1965,37,1,1056,1974,1965
360.4,2026-08-04T20:34:36.152947+00:00,arms,right_shoulder_lift,2166,49,30,248,2049,2157
360.4,2026-08-04T20:34:36.152947+00:00,arms,right_elbow_flex,2171,44,17,162,2097,2166
360.4,2026-08-04T20:34:36.152947+00:00,arms,right_wrist_flex,1995,36,2,52,1976,1994
360.4,2026-08-04T20:34:36.152947+00:00,arms,right_wrist_roll,2109,35,0,1048,2114,2109
360.4,2026-08-04T20:34:36.152947+00:00,arms,right_gripper,2079,38,0,0,2079,2079
360.4,2026-08-04T20:34:36.152947+00:00,head,head_motor_1,2158,25,0,0,,
360.4,2026-08-04T20:34:36.152947+00:00,head,head_motor_2,1943,27,0,0,,
360.4,2026-08-04T20:34:36.152947+00:00,head,base_left_wheel,3461,27,0,0,,
360.4,2026-08-04T20:34:36.152947+00:00,head,base_back_wheel,3496,27,0,0,,
360.4,2026-08-04T20:34:36.152947+00:00,head,base_right_wheel,2173,26,0,0,,
361.4,2026-08-04T20:34:37.154015+00:00,arms,left_shoulder_pan,1857,36,0,0,1857,1857
361.4,2026-08-04T20:34:37.154015+00:00,arms,left_shoulder_lift,2403,34,4,68,2389,2403
361.4,2026-08-04T20:34:37.154015+00:00,arms,left_elbow_flex,1644,35,3,72,1629,1644
361.4,2026-08-04T20:34:37.154015+00:00,arms,left_wrist_flex,2172,34,1,24,2169,2172
361.4,2026-08-04T20:34:37.154015+00:00,arms,left_wrist_roll,1987,33,0,1044,1989,1987
361.4,2026-08-04T20:34:37.154015+00:00,arms,left_gripper,2013,37,0,0,2014,2013
361.4,2026-08-04T20:34:37.154015+00:00,arms,right_shoulder_pan,1965,37,1,1056,1974,1965
361.4,2026-08-04T20:34:37.154015+00:00,arms,right_shoulder_lift,2166,49,35,248,2049,2157
361.4,2026-08-04T20:34:37.154015+00:00,arms,right_elbow_flex,2171,44,20,162,2097,2166
361.4,2026-08-04T20:34:37.154015+00:00,arms,right_wrist_flex,1995,36,2,52,1976,1994
361.4,2026-08-04T20:34:37.154015+00:00,arms,right_wrist_roll,2109,35,1,1048,2114,2109
361.4,2026-08-04T20:34:37.154015+00:00,arms,right_gripper,2079,38,0,0,2079,2079
361.4,2026-08-04T20:34:37.154015+00:00,head,head_motor_1,2158,25,0,0,,
361.4,2026-08-04T20:34:37.154015+00:00,head,head_motor_2,1943,27,0,0,,
361.4,2026-08-04T20:34:37.154015+00:00,head,base_left_wheel,3461,27,0,0,,
361.4,2026-08-04T20:34:37.154015+00:00,head,base_back_wheel,3496,27,0,0,,
361.4,2026-08-04T20:34:37.154015+00:00,head,base_right_wheel,2173,26,0,0,,
362.4,2026-08-04T20:34:38.155093+00:00,arms,left_shoulder_pan,1857,36,0,0,1857,1857
362.4,2026-08-04T20:34:38.155093+00:00,arms,left_shoulder_lift,2403,34,3,68,2389,2403
362.4,2026-08-04T20:34:38.155093+00:00,arms,left_elbow_flex,1644,35,3,72,1629,1644
362.4,2026-08-04T20:34:38.155093+00:00,arms,left_wrist_flex,2172,34,0,24,2169,2172
362.4,2026-08-04T20:34:38.155093+00:00,arms,left_wrist_roll,1987,33,0,1044,1989,1987
362.4,2026-08-04T20:34:38.155093+00:00,arms,left_gripper,2013,37,0,0,2014,2013
362.4,2026-08-04T20:34:38.155093+00:00,arms,right_shoulder_pan,1965,37,1,1056,1974,1965
362.4,2026-08-04T20:34:38.155093+00:00,arms,right_shoulder_lift,2166,49,37,248,2049,2157
362.4,2026-08-04T20:34:38.155093+00:00,arms,right_elbow_flex,2171,44,14,162,2097,2166
362.4,2026-08-04T20:34:38.155093+00:00,arms,right_wrist_flex,1995,36,2,52,1976,1994
362.4,2026-08-04T20:34:38.155093+00:00,arms,right_wrist_roll,2109,35,0,1048,2114,2109
362.4,2026-08-04T20:34:38.155093+00:00,arms,right_gripper,2079,38,0,0,2079,2079
362.4,2026-08-04T20:34:38.155093+00:00,head,head_motor_1,2158,25,0,0,,
362.4,2026-08-04T20:34:38.155093+00:00,head,head_motor_2,1943,27,0,0,,
362.4,2026-08-04T20:34:38.155093+00:00,head,base_left_wheel,3461,27,0,0,,
362.4,2026-08-04T20:34:38.155093+00:00,head,base_back_wheel,3496,27,0,0,,
362.4,2026-08-04T20:34:38.155093+00:00,head,base_right_wheel,2173,26,0,0,,
363.4,2026-08-04T20:34:39.156152+00:00,arms,left_shoulder_pan,1857,36,0,0,1857,1857
363.4,2026-08-04T20:34:39.156152+00:00,arms,left_shoulder_lift,2403,35,3,68,2389,2403
363.4,2026-08-04T20:34:39.156152+00:00,arms,left_elbow_flex,1644,35,3,72,1629,1644
363.4,2026-08-04T20:34:39.156152+00:00,arms,left_wrist_flex,2172,34,1,24,2169,2172
363.4,2026-08-04T20:34:39.156152+00:00,arms,left_wrist_roll,1987,33,0,1044,1989,1987
363.4,2026-08-04T20:34:39.156152+00:00,arms,left_gripper,2013,37,0,0,2014,2013
363.4,2026-08-04T20:34:39.156152+00:00,arms,right_shoulder_pan,1965,37,1,1056,1974,1965
363.4,2026-08-04T20:34:39.156152+00:00,arms,right_shoulder_lift,2166,49,28,248,2049,2157
363.4,2026-08-04T20:34:39.156152+00:00,arms,right_elbow_flex,2171,44,16,162,2097,2166
363.4,2026-08-04T20:34:39.156152+00:00,arms,right_wrist_flex,1995,36,2,52,1976,1994
363.4,2026-08-04T20:34:39.156152+00:00,arms,right_wrist_roll,2109,35,0,1048,2114,2109
363.4,2026-08-04T20:34:39.156152+00:00,arms,right_gripper,2079,38,0,0,2079,2079
363.4,2026-08-04T20:34:39.156152+00:00,head,head_motor_1,2158,25,0,0,,
363.4,2026-08-04T20:34:39.156152+00:00,head,head_motor_2,1943,27,0,0,,
363.4,2026-08-04T20:34:39.156152+00:00,head,base_left_wheel,3461,27,0,0,,
363.4,2026-08-04T20:34:39.156152+00:00,head,base_back_wheel,3496,27,0,0,,
363.4,2026-08-04T20:34:39.156152+00:00,head,base_right_wheel,2173,26,0,0,,
364.4,2026-08-04T20:34:40.156886+00:00,arms,left_shoulder_pan,1857,36,0,0,1857,1857
364.4,2026-08-04T20:34:40.156886+00:00,arms,left_shoulder_lift,2403,34,3,68,2389,2403
364.4,2026-08-04T20:34:40.156886+00:00,arms,left_elbow_flex,1644,35,3,72,1629,1644
364.4,2026-08-04T20:34:40.156886+00:00,arms,left_wrist_flex,2172,34,0,24,2169,2172
364.4,2026-08-04T20:34:40.156886+00:00,arms,left_wrist_roll,1987,33,0,1044,1989,1987
364.4,2026-08-04T20:34:40.156886+00:00,arms,left_gripper,2013,37,0,0,2014,2013
364.4,2026-08-04T20:34:40.156886+00:00,arms,right_shoulder_pan,1965,37,1,1056,1974,1965
364.4,2026-08-04T20:34:40.156886+00:00,arms,right_shoulder_lift,2166,49,35,248,2049,2157
364.4,2026-08-04T20:34:40.156886+00:00,arms,right_elbow_flex,2171,44,19,162,2097,2166
364.4,2026-08-04T20:34:40.156886+00:00,arms,right_wrist_flex,1995,36,2,52,1976,1994
364.4,2026-08-04T20:34:40.156886+00:00,arms,right_wrist_roll,2109,35,0,1048,2114,2109
364.4,2026-08-04T20:34:40.156886+00:00,arms,right_gripper,2079,38,0,0,2079,2079
364.4,2026-08-04T20:34:40.156886+00:00,head,head_motor_1,2158,25,0,0,,
364.4,2026-08-04T20:34:40.156886+00:00,head,head_motor_2,1943,27,0,0,,
364.4,2026-08-04T20:34:40.156886+00:00,head,base_left_wheel,3461,27,0,0,,
364.4,2026-08-04T20:34:40.156886+00:00,head,base_back_wheel,3496,27,0,0,,
364.4,2026-08-04T20:34:40.156886+00:00,head,base_right_wheel,2173,26,0,0,,
365.4,2026-08-04T20:34:41.158334+00:00,arms,left_shoulder_pan,1857,36,0,0,1857,1857
365.4,2026-08-04T20:34:41.158334+00:00,arms,left_shoulder_lift,2403,34,3,68,2389,2403
365.4,2026-08-04T20:34:41.158334+00:00,arms,left_elbow_flex,1644,35,3,72,1629,1644
365.4,2026-08-04T20:34:41.158334+00:00,arms,left_wrist_flex,2172,34,0,24,2169,2172
365.4,2026-08-04T20:34:41.158334+00:00,arms,left_wrist_roll,1987,34,0,1044,1989,1987
365.4,2026-08-04T20:34:41.158334+00:00,arms,left_gripper,2013,37,0,0,2014,2013
365.4,2026-08-04T20:34:41.158334+00:00,arms,right_shoulder_pan,1965,37,0,1056,1974,1965
365.4,2026-08-04T20:34:41.158334+00:00,arms,right_shoulder_lift,2166,49,37,248,2049,2157
365.4,2026-08-04T20:34:41.158334+00:00,arms,right_elbow_flex,2171,44,14,162,2097,2166
365.4,2026-08-04T20:34:41.158334+00:00,arms,right_wrist_flex,1995,36,1,52,1976,1994
365.4,2026-08-04T20:34:41.158334+00:00,arms,right_wrist_roll,2109,35,1,1048,2114,2109
365.4,2026-08-04T20:34:41.158334+00:00,arms,right_gripper,2079,38,0,0,2079,2079
365.4,2026-08-04T20:34:41.158334+00:00,head,head_motor_1,2158,25,0,0,,
365.4,2026-08-04T20:34:41.158334+00:00,head,head_motor_2,1943,27,0,0,,
365.4,2026-08-04T20:34:41.158334+00:00,head,base_left_wheel,3461,27,0,0,,
365.4,2026-08-04T20:34:41.158334+00:00,head,base_back_wheel,3496,27,0,0,,
365.4,2026-08-04T20:34:41.158334+00:00,head,base_right_wheel,2173,26,0,0,,
366.4,2026-08-04T20:34:42.159389+00:00,arms,left_shoulder_pan,1857,36,0,0,1857,1857
366.4,2026-08-04T20:34:42.159389+00:00,arms,left_shoulder_lift,2403,34,4,68,2389,2403
366.4,2026-08-04T20:34:42.159389+00:00,arms,left_elbow_flex,1644,35,3,72,1629,1644
366.4,2026-08-04T20:34:42.159389+00:00,arms,left_wrist_flex,2172,34,0,24,2169,2172
366.4,2026-08-04T20:34:42.159389+00:00,arms,left_wrist_roll,1987,33,1,1044,1989,1987
366.4,2026-08-04T20:34:42.159389+00:00,arms,left_gripper,2013,37,0,0,2014,2013
366.4,2026-08-04T20:34:42.159389+00:00,arms,right_shoulder_pan,1965,37,1,1056,1974,1965
366.4,2026-08-04T20:34:42.159389+00:00,arms,right_shoulder_lift,2166,49,28,248,2049,2157
366.4,2026-08-04T20:34:42.159389+00:00,arms,right_elbow_flex,2171,44,16,162,2097,2166
366.4,2026-08-04T20:34:42.159389+00:00,arms,right_wrist_flex,1995,36,1,52,1976,1994
366.4,2026-08-04T20:34:42.159389+00:00,arms,right_wrist_roll,2109,35,0,1048,2114,2109
366.4,2026-08-04T20:34:42.159389+00:00,arms,right_gripper,2079,38,0,0,2079,2079
366.4,2026-08-04T20:34:42.159389+00:00,head,head_motor_1,2158,25,0,0,,
366.4,2026-08-04T20:34:42.159389+00:00,head,head_motor_2,1943,27,0,0,,
366.4,2026-08-04T20:34:42.159389+00:00,head,base_left_wheel,3461,27,0,0,,
366.4,2026-08-04T20:34:42.159389+00:00,head,base_back_wheel,3496,27,0,0,,
366.4,2026-08-04T20:34:42.159389+00:00,head,base_right_wheel,2173,26,0,0,,
367.4,2026-08-04T20:34:43.160829+00:00,arms,left_shoulder_pan,1857,36,0,0,1857,1857
367.4,2026-08-04T20:34:43.160829+00:00,arms,left_shoulder_lift,2403,35,3,68,2389,2403
367.4,2026-08-04T20:34:43.160829+00:00,arms,left_elbow_flex,1644,35,3,72,1629,1644
367.4,2026-08-04T20:34:43.160829+00:00,arms,left_wrist_flex,2172,34,0,24,2169,2172
367.4,2026-08-04T20:34:43.160829+00:00,arms,left_wrist_roll,1987,33,0,1044,1989,1987
367.4,2026-08-04T20:34:43.160829+00:00,arms,left_gripper,2013,37,0,0,2014,2013
367.4,2026-08-04T20:34:43.160829+00:00,arms,right_shoulder_pan,1965,37,1,1056,1974,1965
367.4,2026-08-04T20:34:43.160829+00:00,arms,right_shoulder_lift,2166,49,36,248,2049,2157
367.4,2026-08-04T20:34:43.160829+00:00,arms,right_elbow_flex,2171,44,17,162,2097,2166
367.4,2026-08-04T20:34:43.160829+00:00,arms,right_wrist_flex,1995,36,1,52,1976,1994
367.4,2026-08-04T20:34:43.160829+00:00,arms,right_wrist_roll,2109,35,0,1048,2114,2109
367.4,2026-08-04T20:34:43.160829+00:00,arms,right_gripper,2079,38,0,0,2079,2079
367.4,2026-08-04T20:34:43.160829+00:00,head,head_motor_1,2158,25,0,0,,
367.4,2026-08-04T20:34:43.160829+00:00,head,head_motor_2,1943,27,0,0,,
367.4,2026-08-04T20:34:43.160829+00:00,head,base_left_wheel,3461,27,0,0,,
367.4,2026-08-04T20:34:43.160829+00:00,head,base_back_wheel,3496,27,0,0,,
367.4,2026-08-04T20:34:43.160829+00:00,head,base_right_wheel,2173,26,0,0,,
368.4,2026-08-04T20:34:44.162282+00:00,arms,left_shoulder_pan,1857,36,0,0,1857,1857
368.4,2026-08-04T20:34:44.162282+00:00,arms,left_shoulder_lift,2403,34,4,68,2389,2403
368.4,2026-08-04T20:34:44.162282+00:00,arms,left_elbow_flex,1644,35,3,72,1629,1644
368.4,2026-08-04T20:34:44.162282+00:00,arms,left_wrist_flex,2172,34,0,24,2169,2172
368.4,2026-08-04T20:34:44.162282+00:00,arms,left_wrist_roll,1987,34,1,1044,1989,1987
368.4,2026-08-04T20:34:44.162282+00:00,arms,left_gripper,2013,37,0,0,2014,2013
368.4,2026-08-04T20:34:44.162282+00:00,arms,right_shoulder_pan,1965,37,1,1056,1974,1965
368.4,2026-08-04T20:34:44.162282+00:00,arms,right_shoulder_lift,2166,49,37,248,2049,2157
368.4,2026-08-04T20:34:44.162282+00:00,arms,right_elbow_flex,2171,44,15,162,2097,2166
368.4,2026-08-04T20:34:44.162282+00:00,arms,right_wrist_flex,1995,36,2,52,1976,1994
368.4,2026-08-04T20:34:44.162282+00:00,arms,right_wrist_roll,2109,35,1,1048,2114,2109
368.4,2026-08-04T20:34:44.162282+00:00,arms,right_gripper,2079,38,0,0,2079,2079
368.4,2026-08-04T20:34:44.162282+00:00,head,head_motor_1,2158,25,0,0,,
368.4,2026-08-04T20:34:44.162282+00:00,head,head_motor_2,1943,27,0,0,,
368.4,2026-08-04T20:34:44.162282+00:00,head,base_left_wheel,3461,27,0,0,,
368.4,2026-08-04T20:34:44.162282+00:00,head,base_back_wheel,3496,27,0,0,,
368.4,2026-08-04T20:34:44.162282+00:00,head,base_right_wheel,2174,26,0,0,,
369.4,2026-08-04T20:34:45.163744+00:00,arms,left_shoulder_pan,1857,36,0,0,1857,1857
369.4,2026-08-04T20:34:45.163744+00:00,arms,left_shoulder_lift,2403,34,3,68,2389,2403
369.4,2026-08-04T20:34:45.163744+00:00,arms,left_elbow_flex,1644,35,3,72,1629,1644
369.4,2026-08-04T20:34:45.163744+00:00,arms,left_wrist_flex,2172,34,0,24,2169,2172
369.4,2026-08-04T20:34:45.163744+00:00,arms,left_wrist_roll,1987,34,0,1044,1989,1987
369.4,2026-08-04T20:34:45.163744+00:00,arms,left_gripper,2013,37,0,0,2014,2013
369.4,2026-08-04T20:34:45.163744+00:00,arms,right_shoulder_pan,1965,37,1,1056,1974,1965
369.4,2026-08-04T20:34:45.163744+00:00,arms,right_shoulder_lift,2166,49,35,248,2049,2157
369.4,2026-08-04T20:34:45.163744+00:00,arms,right_elbow_flex,2171,45,20,162,2097,2166
369.4,2026-08-04T20:34:45.163744+00:00,arms,right_wrist_flex,1995,36,2,52,1976,1994
369.4,2026-08-04T20:34:45.163744+00:00,arms,right_wrist_roll,2109,35,0,1048,2114,2109
369.4,2026-08-04T20:34:45.163744+00:00,arms,right_gripper,2079,38,0,0,2079,2079
369.4,2026-08-04T20:34:45.163744+00:00,head,head_motor_1,2158,25,0,0,,
369.4,2026-08-04T20:34:45.163744+00:00,head,head_motor_2,1943,27,0,0,,
369.4,2026-08-04T20:34:45.163744+00:00,head,base_left_wheel,3461,27,0,0,,
369.4,2026-08-04T20:34:45.163744+00:00,head,base_back_wheel,3496,27,0,0,,
369.4,2026-08-04T20:34:45.163744+00:00,head,base_right_wheel,2173,26,0,0,,
370.4,2026-08-04T20:34:46.164826+00:00,arms,left_shoulder_pan,1857,36,0,0,1857,1857
370.4,2026-08-04T20:34:46.164826+00:00,arms,left_shoulder_lift,2403,34,4,68,2389,2403
370.4,2026-08-04T20:34:46.164826+00:00,arms,left_elbow_flex,1644,35,3,72,1629,1644
370.4,2026-08-04T20:34:46.164826+00:00,arms,left_wrist_flex,2172,34,0,24,2169,2172
370.4,2026-08-04T20:34:46.164826+00:00,arms,left_wrist_roll,1987,33,0,1044,1989,1987
370.4,2026-08-04T20:34:46.164826+00:00,arms,left_gripper,2013,37,0,0,2014,2013
370.4,2026-08-04T20:34:46.164826+00:00,arms,right_shoulder_pan,1965,36,0,1056,1974,1965
370.4,2026-08-04T20:34:46.164826+00:00,arms,right_shoulder_lift,2166,49,28,248,2049,2157
370.4,2026-08-04T20:34:46.164826+00:00,arms,right_elbow_flex,2171,44,19,162,2097,2166
370.4,2026-08-04T20:34:46.164826+00:00,arms,right_wrist_flex,1995,36,1,52,1976,1994
370.4,2026-08-04T20:34:46.164826+00:00,arms,right_wrist_roll,2109,35,0,1048,2114,2109
370.4,2026-08-04T20:34:46.164826+00:00,arms,right_gripper,2079,38,0,0,2079,2079
370.4,2026-08-04T20:34:46.164826+00:00,head,head_motor_1,2158,25,0,0,,
370.4,2026-08-04T20:34:46.164826+00:00,head,head_motor_2,1943,27,0,0,,
370.4,2026-08-04T20:34:46.164826+00:00,head,base_left_wheel,3461,27,0,0,,
370.4,2026-08-04T20:34:46.164826+00:00,head,base_back_wheel,3496,27,0,0,,
370.4,2026-08-04T20:34:46.164826+00:00,head,base_right_wheel,2173,26,0,0,,
371.4,2026-08-04T20:34:47.165912+00:00,arms,left_shoulder_pan,1857,36,0,0,1857,1857
371.4,2026-08-04T20:34:47.165912+00:00,arms,left_shoulder_lift,2403,34,4,68,2389,2403
371.4,2026-08-04T20:34:47.165912+00:00,arms,left_elbow_flex,1644,35,3,72,1629,1644
371.4,2026-08-04T20:34:47.165912+00:00,arms,left_wrist_flex,2172,34,1,24,2169,2172
371.4,2026-08-04T20:34:47.165912+00:00,arms,left_wrist_roll,1987,33,0,1044,1989,1987
371.4,2026-08-04T20:34:47.165912+00:00,arms,left_gripper,2013,37,0,0,2014,2013
371.4,2026-08-04T20:34:47.165912+00:00,arms,right_shoulder_pan,1965,37,1,1056,1974,1965
371.4,2026-08-04T20:34:47.165912+00:00,arms,right_shoulder_lift,2166,50,36,248,2049,2157
371.4,2026-08-04T20:34:47.165912+00:00,arms,right_elbow_flex,2171,45,17,162,2097,2166
371.4,2026-08-04T20:34:47.165912+00:00,arms,right_wrist_flex,1995,36,1,52,1976,1994
371.4,2026-08-04T20:34:47.165912+00:00,arms,right_wrist_roll,2109,35,0,1048,2114,2109
371.4,2026-08-04T20:34:47.165912+00:00,arms,right_gripper,2079,38,0,0,2079,2079
371.4,2026-08-04T20:34:47.165912+00:00,head,head_motor_1,2158,25,0,0,,
371.4,2026-08-04T20:34:47.165912+00:00,head,head_motor_2,1943,27,0,0,,
371.4,2026-08-04T20:34:47.165912+00:00,head,base_left_wheel,3461,27,0,0,,
371.4,2026-08-04T20:34:47.165912+00:00,head,base_back_wheel,3496,27,0,0,,
371.4,2026-08-04T20:34:47.165912+00:00,head,base_right_wheel,2173,26,0,0,,
372.4,2026-08-04T20:34:48.166971+00:00,arms,left_shoulder_pan,1857,36,0,0,1857,1857
372.4,2026-08-04T20:34:48.166971+00:00,arms,left_shoulder_lift,2403,34,4,68,2389,2403
372.4,2026-08-04T20:34:48.166971+00:00,arms,left_elbow_flex,1644,35,3,72,1629,1644
372.4,2026-08-04T20:34:48.166971+00:00,arms,left_wrist_flex,2172,34,1,24,2169,2172
372.4,2026-08-04T20:34:48.166971+00:00,arms,left_wrist_roll,1987,33,0,1044,1989,1987
372.4,2026-08-04T20:34:48.166971+00:00,arms,left_gripper,2013,37,0,0,2014,2013
372.4,2026-08-04T20:34:48.166971+00:00,arms,right_shoulder_pan,1965,37,1,1056,1974,1965
372.4,2026-08-04T20:34:48.166971+00:00,arms,right_shoulder_lift,2166,50,35,248,2049,2157
372.4,2026-08-04T20:34:48.166971+00:00,arms,right_elbow_flex,2171,45,20,162,2097,2166
372.4,2026-08-04T20:34:48.166971+00:00,arms,right_wrist_flex,1995,36,2,52,1976,1994
372.4,2026-08-04T20:34:48.166971+00:00,arms,right_wrist_roll,2109,34,0,1048,2114,2109
372.4,2026-08-04T20:34:48.166971+00:00,arms,right_gripper,2079,38,0,0,2079,2079
372.4,2026-08-04T20:34:48.166971+00:00,head,head_motor_1,2158,25,0,0,,
372.4,2026-08-04T20:34:48.166971+00:00,head,head_motor_2,1943,27,0,0,,
372.4,2026-08-04T20:34:48.166971+00:00,head,base_left_wheel,3461,27,0,0,,
372.4,2026-08-04T20:34:48.166971+00:00,head,base_back_wheel,3496,27,0,0,,
372.4,2026-08-04T20:34:48.166971+00:00,head,base_right_wheel,2173,26,0,0,,
373.4,2026-08-04T20:34:49.168419+00:00,arms,left_shoulder_pan,1857,36,0,0,1857,1857
373.4,2026-08-04T20:34:49.168419+00:00,arms,left_shoulder_lift,2403,34,3,68,2389,2403
373.4,2026-08-04T20:34:49.168419+00:00,arms,left_elbow_flex,1644,35,2,72,1629,1644
373.4,2026-08-04T20:34:49.168419+00:00,arms,left_wrist_flex,2172,34,0,24,2169,2172
373.4,2026-08-04T20:34:49.168419+00:00,arms,left_wrist_roll,1987,33,0,1044,1989,1987
373.4,2026-08-04T20:34:49.168419+00:00,arms,left_gripper,2013,37,0,0,2014,2013
373.4,2026-08-04T20:34:49.168419+00:00,arms,right_shoulder_pan,1965,37,0,1056,1974,1965
373.4,2026-08-04T20:34:49.168419+00:00,arms,right_shoulder_lift,2166,50,34,248,2049,2157
373.4,2026-08-04T20:34:49.168419+00:00,arms,right_elbow_flex,2171,45,20,162,2097,2166
373.4,2026-08-04T20:34:49.168419+00:00,arms,right_wrist_flex,1995,36,1,52,1976,1994
373.4,2026-08-04T20:34:49.168419+00:00,arms,right_wrist_roll,2109,35,0,1048,2114,2109
373.4,2026-08-04T20:34:49.168419+00:00,arms,right_gripper,2079,38,0,0,2079,2079
373.4,2026-08-04T20:34:49.168419+00:00,head,head_motor_1,2158,25,0,0,,
373.4,2026-08-04T20:34:49.168419+00:00,head,head_motor_2,1943,27,0,0,,
373.4,2026-08-04T20:34:49.168419+00:00,head,base_left_wheel,3461,27,0,0,,
373.4,2026-08-04T20:34:49.168419+00:00,head,base_back_wheel,3496,27,0,0,,
373.4,2026-08-04T20:34:49.168419+00:00,head,base_right_wheel,2173,26,0,0,,
374.4,2026-08-04T20:34:50.169478+00:00,arms,left_shoulder_pan,1857,36,0,0,1857,1857
374.4,2026-08-04T20:34:50.169478+00:00,arms,left_shoulder_lift,2403,34,3,68,2389,2403
374.4,2026-08-04T20:34:50.169478+00:00,arms,left_elbow_flex,1644,35,2,72,1629,1644
374.4,2026-08-04T20:34:50.169478+00:00,arms,left_wrist_flex,2172,34,0,24,2169,2172
374.4,2026-08-04T20:34:50.169478+00:00,arms,left_wrist_roll,1987,33,0,1044,1989,1987
374.4,2026-08-04T20:34:50.169478+00:00,arms,left_gripper,2013,37,0,0,2014,2013
374.4,2026-08-04T20:34:50.169478+00:00,arms,right_shoulder_pan,1965,37,1,1056,1974,1965
374.4,2026-08-04T20:34:50.169478+00:00,arms,right_shoulder_lift,2166,49,34,248,2049,2157
374.4,2026-08-04T20:34:50.169478+00:00,arms,right_elbow_flex,2171,45,17,162,2097,2166
374.4,2026-08-04T20:34:50.169478+00:00,arms,right_wrist_flex,1995,36,1,52,1976,1994
374.4,2026-08-04T20:34:50.169478+00:00,arms,right_wrist_roll,2109,35,1,1048,2114,2109
374.4,2026-08-04T20:34:50.169478+00:00,arms,right_gripper,2079,38,0,0,2079,2079
374.4,2026-08-04T20:34:50.169478+00:00,head,head_motor_1,2158,25,0,0,,
374.4,2026-08-04T20:34:50.169478+00:00,head,head_motor_2,1943,27,0,0,,
374.4,2026-08-04T20:34:50.169478+00:00,head,base_left_wheel,3461,27,0,0,,
374.4,2026-08-04T20:34:50.169478+00:00,head,base_back_wheel,3496,27,0,0,,
374.4,2026-08-04T20:34:50.169478+00:00,head,base_right_wheel,2173,26,0,0,,
375.4,2026-08-04T20:34:51.170923+00:00,arms,left_shoulder_pan,1857,36,0,0,1857,1857
375.4,2026-08-04T20:34:51.170923+00:00,arms,left_shoulder_lift,2403,34,4,68,2389,2403
375.4,2026-08-04T20:34:51.170923+00:00,arms,left_elbow_flex,1644,35,3,72,1629,1644
375.4,2026-08-04T20:34:51.170923+00:00,arms,left_wrist_flex,2172,34,0,24,2169,2172
375.4,2026-08-04T20:34:51.170923+00:00,arms,left_wrist_roll,1987,33,0,1044,1989,1987
375.4,2026-08-04T20:34:51.170923+00:00,arms,left_gripper,2013,37,0,0,2014,2013
375.4,2026-08-04T20:34:51.170923+00:00,arms,right_shoulder_pan,1965,37,1,1056,1974,1965
375.4,2026-08-04T20:34:51.170923+00:00,arms,right_shoulder_lift,2166,50,30,248,2049,2157
375.4,2026-08-04T20:34:51.170923+00:00,arms,right_elbow_flex,2171,45,20,162,2097,2166
375.4,2026-08-04T20:34:51.170923+00:00,arms,right_wrist_flex,1995,36,1,52,1976,1994
375.4,2026-08-04T20:34:51.170923+00:00,arms,right_wrist_roll,2109,35,0,1048,2114,2109
375.4,2026-08-04T20:34:51.170923+00:00,arms,right_gripper,2079,38,0,0,2079,2079
375.4,2026-08-04T20:34:51.170923+00:00,head,head_motor_1,2158,25,0,0,,
375.4,2026-08-04T20:34:51.170923+00:00,head,head_motor_2,1943,27,0,0,,
375.4,2026-08-04T20:34:51.170923+00:00,head,base_left_wheel,3461,27,0,0,,
375.4,2026-08-04T20:34:51.170923+00:00,head,base_back_wheel,3496,27,0,0,,
375.4,2026-08-04T20:34:51.170923+00:00,head,base_right_wheel,2173,26,0,0,,
376.4,2026-08-04T20:34:52.171992+00:00,arms,left_shoulder_pan,1857,36,0,0,1857,1857
376.4,2026-08-04T20:34:52.171992+00:00,arms,left_shoulder_lift,2403,35,3,68,2389,2403
376.4,2026-08-04T20:34:52.171992+00:00,arms,left_elbow_flex,1644,35,3,72,1629,1644
376.4,2026-08-04T20:34:52.171992+00:00,arms,left_wrist_flex,2172,34,0,24,2169,2172
376.4,2026-08-04T20:34:52.171992+00:00,arms,left_wrist_roll,1987,34,0,1044,1989,1987
376.4,2026-08-04T20:34:52.171992+00:00,arms,left_gripper,2013,37,0,0,2014,2013
376.4,2026-08-04T20:34:52.171992+00:00,arms,right_shoulder_pan,1965,37,2,1056,1974,1965
376.4,2026-08-04T20:34:52.171992+00:00,arms,right_shoulder_lift,2166,50,32,248,2049,2157
376.4,2026-08-04T20:34:52.171992+00:00,arms,right_elbow_flex,2171,45,14,162,2097,2166
376.4,2026-08-04T20:34:52.171992+00:00,arms,right_wrist_flex,1995,36,1,52,1976,1994
376.4,2026-08-04T20:34:52.171992+00:00,arms,right_wrist_roll,2109,35,0,1048,2114,2109
376.4,2026-08-04T20:34:52.171992+00:00,arms,right_gripper,2079,38,0,0,2079,2079
376.4,2026-08-04T20:34:52.171992+00:00,head,head_motor_1,2158,25,0,0,,
376.4,2026-08-04T20:34:52.171992+00:00,head,head_motor_2,1943,27,0,0,,
376.4,2026-08-04T20:34:52.171992+00:00,head,base_left_wheel,3461,27,0,0,,
376.4,2026-08-04T20:34:52.171992+00:00,head,base_back_wheel,3496,27,0,0,,
376.4,2026-08-04T20:34:52.171992+00:00,head,base_right_wheel,2174,26,0,0,,
377.4,2026-08-04T20:34:53.173085+00:00,arms,left_shoulder_pan,1857,36,0,0,1857,1857
377.4,2026-08-04T20:34:53.173085+00:00,arms,left_shoulder_lift,2403,34,3,68,2389,2403
377.4,2026-08-04T20:34:53.173085+00:00,arms,left_elbow_flex,1644,35,3,72,1629,1644
377.4,2026-08-04T20:34:53.173085+00:00,arms,left_wrist_flex,2172,34,0,24,2169,2172
377.4,2026-08-04T20:34:53.173085+00:00,arms,left_wrist_roll,1987,33,0,1044,1989,1987
377.4,2026-08-04T20:34:53.173085+00:00,arms,left_gripper,2013,37,0,0,2014,2013
377.4,2026-08-04T20:34:53.173085+00:00,arms,right_shoulder_pan,1965,37,0,1056,1974,1965
377.4,2026-08-04T20:34:53.173085+00:00,arms,right_shoulder_lift,2166,50,27,248,2049,2157
377.4,2026-08-04T20:34:53.173085+00:00,arms,right_elbow_flex,2171,45,19,162,2097,2166
377.4,2026-08-04T20:34:53.173085+00:00,arms,right_wrist_flex,1995,36,1,52,1976,1994
377.4,2026-08-04T20:34:53.173085+00:00,arms,right_wrist_roll,2109,35,0,1048,2114,2109
377.4,2026-08-04T20:34:53.173085+00:00,arms,right_gripper,2079,38,0,0,2079,2079
377.4,2026-08-04T20:34:53.173085+00:00,head,head_motor_1,2158,25,0,0,,
377.4,2026-08-04T20:34:53.173085+00:00,head,head_motor_2,1943,27,0,0,,
377.4,2026-08-04T20:34:53.173085+00:00,head,base_left_wheel,3461,27,0,0,,
377.4,2026-08-04T20:34:53.173085+00:00,head,base_back_wheel,3496,27,0,0,,
377.4,2026-08-04T20:34:53.173085+00:00,head,base_right_wheel,2173,26,0,0,,
378.4,2026-08-04T20:34:54.174141+00:00,arms,left_shoulder_pan,1857,36,0,0,1857,1857
378.4,2026-08-04T20:34:54.174141+00:00,arms,left_shoulder_lift,2403,34,3,68,2389,2403
378.4,2026-08-04T20:34:54.174141+00:00,arms,left_elbow_flex,1644,35,2,72,1629,1644
378.4,2026-08-04T20:34:54.174141+00:00,arms,left_wrist_flex,2172,34,0,24,2169,2172
378.4,2026-08-04T20:34:54.174141+00:00,arms,left_wrist_roll,1987,34,0,1044,1989,1987
378.4,2026-08-04T20:34:54.174141+00:00,arms,left_gripper,2013,37,0,0,2014,2013
378.4,2026-08-04T20:34:54.174141+00:00,arms,right_shoulder_pan,1965,37,1,1056,1974,1965
378.4,2026-08-04T20:34:54.174141+00:00,arms,right_shoulder_lift,2166,50,32,248,2049,2157
378.4,2026-08-04T20:34:54.174141+00:00,arms,right_elbow_flex,2171,45,19,162,2097,2166
378.4,2026-08-04T20:34:54.174141+00:00,arms,right_wrist_flex,1995,36,1,52,1976,1994
378.4,2026-08-04T20:34:54.174141+00:00,arms,right_wrist_roll,2109,34,0,1048,2114,2109
378.4,2026-08-04T20:34:54.174141+00:00,arms,right_gripper,2079,38,0,0,2079,2079
378.4,2026-08-04T20:34:54.174141+00:00,head,head_motor_1,2158,25,0,0,,
378.4,2026-08-04T20:34:54.174141+00:00,head,head_motor_2,1943,27,0,0,,
378.4,2026-08-04T20:34:54.174141+00:00,head,base_left_wheel,3461,27,0,0,,
378.4,2026-08-04T20:34:54.174141+00:00,head,base_back_wheel,3496,27,0,0,,
378.4,2026-08-04T20:34:54.174141+00:00,head,base_right_wheel,2173,26,0,0,,
379.4,2026-08-04T20:34:55.175190+00:00,arms,left_shoulder_pan,1857,36,0,0,1857,1857
379.4,2026-08-04T20:34:55.175190+00:00,arms,left_shoulder_lift,2403,35,4,68,2389,2403
379.4,2026-08-04T20:34:55.175190+00:00,arms,left_elbow_flex,1644,35,3,72,1629,1644
379.4,2026-08-04T20:34:55.175190+00:00,arms,left_wrist_flex,2172,34,0,24,2169,2172
379.4,2026-08-04T20:34:55.175190+00:00,arms,left_wrist_roll,1987,33,0,1044,1989,1987
379.4,2026-08-04T20:34:55.175190+00:00,arms,left_gripper,2013,37,0,0,2014,2013
379.4,2026-08-04T20:34:55.175190+00:00,arms,right_shoulder_pan,1965,37,0,1056,1974,1965
379.4,2026-08-04T20:34:55.175190+00:00,arms,right_shoulder_lift,2166,50,30,248,2049,2157
379.4,2026-08-04T20:34:55.175190+00:00,arms,right_elbow_flex,2171,45,14,162,2097,2166
379.4,2026-08-04T20:34:55.175190+00:00,arms,right_wrist_flex,1995,36,2,52,1976,1994
379.4,2026-08-04T20:34:55.175190+00:00,arms,right_wrist_roll,2109,35,0,1048,2114,2109
379.4,2026-08-04T20:34:55.175190+00:00,arms,right_gripper,2079,38,0,0,2079,2079
379.4,2026-08-04T20:34:55.175190+00:00,head,head_motor_1,2158,25,0,0,,
379.4,2026-08-04T20:34:55.175190+00:00,head,head_motor_2,1943,27,0,0,,
379.4,2026-08-04T20:34:55.175190+00:00,head,base_left_wheel,3461,27,0,0,,
379.4,2026-08-04T20:34:55.175190+00:00,head,base_back_wheel,3496,27,0,0,,
379.4,2026-08-04T20:34:55.175190+00:00,head,base_right_wheel,2173,26,0,0,,
380.4,2026-08-04T20:34:56.175600+00:00,arms,left_shoulder_pan,1857,36,0,0,1857,1857
380.4,2026-08-04T20:34:56.175600+00:00,arms,left_shoulder_lift,2403,35,3,68,2389,2403
380.4,2026-08-04T20:34:56.175600+00:00,arms,left_elbow_flex,1644,35,3,72,1629,1644
380.4,2026-08-04T20:34:56.175600+00:00,arms,left_wrist_flex,2172,34,0,24,2169,2172
380.4,2026-08-04T20:34:56.175600+00:00,arms,left_wrist_roll,1987,34,0,1044,1989,1987
380.4,2026-08-04T20:34:56.175600+00:00,arms,left_gripper,2013,37,0,0,2014,2013
380.4,2026-08-04T20:34:56.175600+00:00,arms,right_shoulder_pan,1965,37,1,1056,1974,1965
380.4,2026-08-04T20:34:56.175600+00:00,arms,right_shoulder_lift,2166,50,34,248,2049,2157
380.4,2026-08-04T20:34:56.175600+00:00,arms,right_elbow_flex,2171,45,14,162,2097,2166
380.4,2026-08-04T20:34:56.175600+00:00,arms,right_wrist_flex,1995,36,2,52,1976,1994
380.4,2026-08-04T20:34:56.175600+00:00,arms,right_wrist_roll,2109,34,0,1048,2114,2109
380.4,2026-08-04T20:34:56.175600+00:00,arms,right_gripper,2079,38,0,0,2079,2079
380.4,2026-08-04T20:34:56.175600+00:00,head,head_motor_1,2158,25,0,0,,
380.4,2026-08-04T20:34:56.175600+00:00,head,head_motor_2,1943,27,0,0,,
380.4,2026-08-04T20:34:56.175600+00:00,head,base_left_wheel,3461,27,0,0,,
380.4,2026-08-04T20:34:56.175600+00:00,head,base_back_wheel,3496,27,0,0,,
380.4,2026-08-04T20:34:56.175600+00:00,head,base_right_wheel,2173,26,0,0,,
381.4,2026-08-04T20:34:57.176638+00:00,arms,left_shoulder_pan,1857,36,0,0,1857,1857
381.4,2026-08-04T20:34:57.176638+00:00,arms,left_shoulder_lift,2403,34,3,68,2389,2403
381.4,2026-08-04T20:34:57.176638+00:00,arms,left_elbow_flex,1644,35,3,72,1629,1644
381.4,2026-08-04T20:34:57.176638+00:00,arms,left_wrist_flex,2172,34,1,24,2169,2172
381.4,2026-08-04T20:34:57.176638+00:00,arms,left_wrist_roll,1987,33,1,1044,1989,1987
381.4,2026-08-04T20:34:57.176638+00:00,arms,left_gripper,2013,37,0,0,2014,2013
381.4,2026-08-04T20:34:57.176638+00:00,arms,right_shoulder_pan,1965,37,1,1056,1974,1965
381.4,2026-08-04T20:34:57.176638+00:00,arms,right_shoulder_lift,2166,50,28,248,2049,2157
381.4,2026-08-04T20:34:57.176638+00:00,arms,right_elbow_flex,2171,45,14,162,2097,2166
381.4,2026-08-04T20:34:57.176638+00:00,arms,right_wrist_flex,1995,36,2,52,1976,1994
381.4,2026-08-04T20:34:57.176638+00:00,arms,right_wrist_roll,2109,35,0,1048,2114,2109
381.4,2026-08-04T20:34:57.176638+00:00,arms,right_gripper,2079,38,0,0,2079,2079
381.4,2026-08-04T20:34:57.176638+00:00,head,head_motor_1,2158,25,0,0,,
381.4,2026-08-04T20:34:57.176638+00:00,head,head_motor_2,1943,27,0,0,,
381.4,2026-08-04T20:34:57.176638+00:00,head,base_left_wheel,3461,27,0,0,,
381.4,2026-08-04T20:34:57.176638+00:00,head,base_back_wheel,3496,27,0,0,,
381.4,2026-08-04T20:34:57.176638+00:00,head,base_right_wheel,2173,26,0,0,,
382.4,2026-08-04T20:34:58.177676+00:00,arms,left_shoulder_pan,1857,36,0,0,1857,1857
382.4,2026-08-04T20:34:58.177676+00:00,arms,left_shoulder_lift,2403,34,3,68,2389,2403
382.4,2026-08-04T20:34:58.177676+00:00,arms,left_elbow_flex,1644,35,3,72,1629,1644
382.4,2026-08-04T20:34:58.177676+00:00,arms,left_wrist_flex,2172,35,0,24,2169,2172
382.4,2026-08-04T20:34:58.177676+00:00,arms,left_wrist_roll,1987,33,0,1044,1989,1987
382.4,2026-08-04T20:34:58.177676+00:00,arms,left_gripper,2013,37,0,0,2014,2013
382.4,2026-08-04T20:34:58.177676+00:00,arms,right_shoulder_pan,1965,37,1,1056,1974,1965
382.4,2026-08-04T20:34:58.177676+00:00,arms,right_shoulder_lift,2166,50,35,248,2049,2157
382.4,2026-08-04T20:34:58.177676+00:00,arms,right_elbow_flex,2171,45,18,162,2097,2166
382.4,2026-08-04T20:34:58.177676+00:00,arms,right_wrist_flex,1995,36,2,52,1976,1994
382.4,2026-08-04T20:34:58.177676+00:00,arms,right_wrist_roll,2109,35,0,1048,2114,2109
382.4,2026-08-04T20:34:58.177676+00:00,arms,right_gripper,2079,38,0,0,2079,2079
382.4,2026-08-04T20:34:58.177676+00:00,head,head_motor_1,2158,25,0,0,,
382.4,2026-08-04T20:34:58.177676+00:00,head,head_motor_2,1943,27,0,0,,
382.4,2026-08-04T20:34:58.177676+00:00,head,base_left_wheel,3461,27,0,0,,
382.4,2026-08-04T20:34:58.177676+00:00,head,base_back_wheel,3496,27,0,0,,
382.4,2026-08-04T20:34:58.177676+00:00,head,base_right_wheel,2173,26,0,0,,
383.4,2026-08-04T20:34:59.178717+00:00,arms,left_shoulder_pan,1857,36,0,0,1857,1857
383.4,2026-08-04T20:34:59.178717+00:00,arms,left_shoulder_lift,2403,35,4,68,2389,2403
383.4,2026-08-04T20:34:59.178717+00:00,arms,left_elbow_flex,1644,35,3,72,1629,1644
383.4,2026-08-04T20:34:59.178717+00:00,arms,left_wrist_flex,2172,34,0,24,2169,2172
383.4,2026-08-04T20:34:59.178717+00:00,arms,left_wrist_roll,1987,33,0,1044,1989,1987
383.4,2026-08-04T20:34:59.178717+00:00,arms,left_gripper,2013,37,0,0,2014,2013
383.4,2026-08-04T20:34:59.178717+00:00,arms,right_shoulder_pan,1965,37,1,1056,1974,1965
383.4,2026-08-04T20:34:59.178717+00:00,arms,right_shoulder_lift,2166,50,35,248,2049,2157
383.4,2026-08-04T20:34:59.178717+00:00,arms,right_elbow_flex,2171,45,14,162,2097,2166
383.4,2026-08-04T20:34:59.178717+00:00,arms,right_wrist_flex,1995,36,2,52,1976,1994
383.4,2026-08-04T20:34:59.178717+00:00,arms,right_wrist_roll,2109,35,0,1048,2114,2109
383.4,2026-08-04T20:34:59.178717+00:00,arms,right_gripper,2079,37,0,0,2079,2079
383.4,2026-08-04T20:34:59.178717+00:00,head,head_motor_1,2158,25,0,0,,
383.4,2026-08-04T20:34:59.178717+00:00,head,head_motor_2,1943,27,0,0,,
383.4,2026-08-04T20:34:59.178717+00:00,head,base_left_wheel,3461,27,0,0,,
383.4,2026-08-04T20:34:59.178717+00:00,head,base_back_wheel,3496,27,0,0,,
383.4,2026-08-04T20:34:59.178717+00:00,head,base_right_wheel,2173,26,0,0,,
384.4,2026-08-04T20:35:00.179587+00:00,arms,left_shoulder_pan,1857,36,0,0,1857,1857
384.4,2026-08-04T20:35:00.179587+00:00,arms,left_shoulder_lift,2403,34,3,68,2389,2403
384.4,2026-08-04T20:35:00.179587+00:00,arms,left_elbow_flex,1644,35,3,72,1629,1644
384.4,2026-08-04T20:35:00.179587+00:00,arms,left_wrist_flex,2172,34,1,24,2169,2172
384.4,2026-08-04T20:35:00.179587+00:00,arms,left_wrist_roll,1987,33,1,1044,1989,1987
384.4,2026-08-04T20:35:00.179587+00:00,arms,left_gripper,2013,37,0,0,2014,2013
384.4,2026-08-04T20:35:00.179587+00:00,arms,right_shoulder_pan,1965,37,1,1056,1974,1965
384.4,2026-08-04T20:35:00.179587+00:00,arms,right_shoulder_lift,2166,50,36,248,2049,2157
384.4,2026-08-04T20:35:00.179587+00:00,arms,right_elbow_flex,2171,45,14,162,2097,2166
384.4,2026-08-04T20:35:00.179587+00:00,arms,right_wrist_flex,1995,36,2,52,1976,1994
384.4,2026-08-04T20:35:00.179587+00:00,arms,right_wrist_roll,2109,34,1,1048,2114,2109
384.4,2026-08-04T20:35:00.179587+00:00,arms,right_gripper,2079,38,0,0,2079,2079
384.4,2026-08-04T20:35:00.179587+00:00,head,head_motor_1,2158,25,0,0,,
384.4,2026-08-04T20:35:00.179587+00:00,head,head_motor_2,1943,27,0,0,,
384.4,2026-08-04T20:35:00.179587+00:00,head,base_left_wheel,3461,27,0,0,,
384.4,2026-08-04T20:35:00.179587+00:00,head,base_back_wheel,3496,27,0,0,,
384.4,2026-08-04T20:35:00.179587+00:00,head,base_right_wheel,2173,26,0,0,,
385.4,2026-08-04T20:35:01.180653+00:00,arms,left_shoulder_pan,1857,36,0,0,1857,1857
385.4,2026-08-04T20:35:01.180653+00:00,arms,left_shoulder_lift,2403,34,4,68,2389,2403
385.4,2026-08-04T20:35:01.180653+00:00,arms,left_elbow_flex,1644,35,3,72,1629,1644
385.4,2026-08-04T20:35:01.180653+00:00,arms,left_wrist_flex,2172,34,1,24,2169,2172
385.4,2026-08-04T20:35:01.180653+00:00,arms,left_wrist_roll,1987,34,0,1044,1989,1987
385.4,2026-08-04T20:35:01.180653+00:00,arms,left_gripper,2013,37,0,0,2014,2013
385.4,2026-08-04T20:35:01.180653+00:00,arms,right_shoulder_pan,1965,37,1,1056,1974,1965
385.4,2026-08-04T20:35:01.180653+00:00,arms,right_shoulder_lift,2166,50,30,248,2049,2157
385.4,2026-08-04T20:35:01.180653+00:00,arms,right_elbow_flex,2171,45,16,162,2097,2166
385.4,2026-08-04T20:35:01.180653+00:00,arms,right_wrist_flex,1995,36,2,52,1976,1994
385.4,2026-08-04T20:35:01.180653+00:00,arms,right_wrist_roll,2109,35,0,1048,2114,2109
385.4,2026-08-04T20:35:01.180653+00:00,arms,right_gripper,2079,38,0,0,2079,2079
385.4,2026-08-04T20:35:01.180653+00:00,head,head_motor_1,2158,25,0,0,,
385.4,2026-08-04T20:35:01.180653+00:00,head,head_motor_2,1943,27,0,0,,
385.4,2026-08-04T20:35:01.180653+00:00,head,base_left_wheel,3461,27,0,0,,
385.4,2026-08-04T20:35:01.180653+00:00,head,base_back_wheel,3496,27,0,0,,
385.4,2026-08-04T20:35:01.180653+00:00,head,base_right_wheel,2173,26,0,0,,
386.4,2026-08-04T20:35:02.181695+00:00,arms,left_shoulder_pan,1857,36,0,0,1857,1857
386.4,2026-08-04T20:35:02.181695+00:00,arms,left_shoulder_lift,2403,34,3,68,2389,2403
386.4,2026-08-04T20:35:02.181695+00:00,arms,left_elbow_flex,1644,35,3,72,1629,1644
386.4,2026-08-04T20:35:02.181695+00:00,arms,left_wrist_flex,2172,34,1,24,2169,2172
386.4,2026-08-04T20:35:02.181695+00:00,arms,left_wrist_roll,1987,33,0,1044,1989,1987
386.4,2026-08-04T20:35:02.181695+00:00,arms,left_gripper,2013,37,0,0,2014,2013
386.4,2026-08-04T20:35:02.181695+00:00,arms,right_shoulder_pan,1965,37,1,1056,1974,1965
386.4,2026-08-04T20:35:02.181695+00:00,arms,right_shoulder_lift,2166,50,28,248,2049,2157
386.4,2026-08-04T20:35:02.181695+00:00,arms,right_elbow_flex,2171,45,20,162,2097,2166
386.4,2026-08-04T20:35:02.181695+00:00,arms,right_wrist_flex,1995,36,2,52,1976,1994
386.4,2026-08-04T20:35:02.181695+00:00,arms,right_wrist_roll,2109,35,0,1048,2114,2109
386.4,2026-08-04T20:35:02.181695+00:00,arms,right_gripper,2079,38,0,0,2079,2079
386.4,2026-08-04T20:35:02.181695+00:00,head,head_motor_1,2158,26,0,0,,
386.4,2026-08-04T20:35:02.181695+00:00,head,head_motor_2,1943,27,0,0,,
386.4,2026-08-04T20:35:02.181695+00:00,head,base_left_wheel,3461,27,0,0,,
386.4,2026-08-04T20:35:02.181695+00:00,head,base_back_wheel,3496,27,0,0,,
386.4,2026-08-04T20:35:02.181695+00:00,head,base_right_wheel,2173,26,0,0,,
387.4,2026-08-04T20:35:03.182727+00:00,arms,left_shoulder_pan,1857,36,0,0,1857,1857
387.4,2026-08-04T20:35:03.182727+00:00,arms,left_shoulder_lift,2403,35,3,68,2389,2403
387.4,2026-08-04T20:35:03.182727+00:00,arms,left_elbow_flex,1644,35,3,72,1629,1644
387.4,2026-08-04T20:35:03.182727+00:00,arms,left_wrist_flex,2172,34,0,24,2169,2172
387.4,2026-08-04T20:35:03.182727+00:00,arms,left_wrist_roll,1987,33,0,1044,1989,1987
387.4,2026-08-04T20:35:03.182727+00:00,arms,left_gripper,2013,37,0,0,2014,2013
387.4,2026-08-04T20:35:03.182727+00:00,arms,right_shoulder_pan,1965,37,1,1056,1974,1965
387.4,2026-08-04T20:35:03.182727+00:00,arms,right_shoulder_lift,2166,50,33,248,2049,2157
387.4,2026-08-04T20:35:03.182727+00:00,arms,right_elbow_flex,2171,45,19,162,2097,2166
387.4,2026-08-04T20:35:03.182727+00:00,arms,right_wrist_flex,1995,36,2,52,1976,1994
387.4,2026-08-04T20:35:03.182727+00:00,arms,right_wrist_roll,2109,35,0,1048,2114,2109
387.4,2026-08-04T20:35:03.182727+00:00,arms,right_gripper,2079,38,0,0,2079,2079
387.4,2026-08-04T20:35:03.182727+00:00,head,head_motor_1,2158,25,0,0,,
387.4,2026-08-04T20:35:03.182727+00:00,head,head_motor_2,1943,27,0,0,,
387.4,2026-08-04T20:35:03.182727+00:00,head,base_left_wheel,3461,27,0,0,,
387.4,2026-08-04T20:35:03.182727+00:00,head,base_back_wheel,3496,27,0,0,,
387.4,2026-08-04T20:35:03.182727+00:00,head,base_right_wheel,2173,26,0,0,,
388.4,2026-08-04T20:35:04.183767+00:00,arms,left_shoulder_pan,1857,36,0,0,1857,1857
388.4,2026-08-04T20:35:04.183767+00:00,arms,left_shoulder_lift,2403,34,4,68,2389,2403
388.4,2026-08-04T20:35:04.183767+00:00,arms,left_elbow_flex,1644,35,3,72,1629,1644
388.4,2026-08-04T20:35:04.183767+00:00,arms,left_wrist_flex,2172,34,1,24,2169,2172
388.4,2026-08-04T20:35:04.183767+00:00,arms,left_wrist_roll,1987,33,1,1044,1989,1987
388.4,2026-08-04T20:35:04.183767+00:00,arms,left_gripper,2013,37,0,0,2014,2013
388.4,2026-08-04T20:35:04.183767+00:00,arms,right_shoulder_pan,1965,37,1,1056,1974,1965
388.4,2026-08-04T20:35:04.183767+00:00,arms,right_shoulder_lift,2166,50,28,248,2049,2157
388.4,2026-08-04T20:35:04.183767+00:00,arms,right_elbow_flex,2171,45,20,162,2097,2166
388.4,2026-08-04T20:35:04.183767+00:00,arms,right_wrist_flex,1995,36,2,52,1976,1994
388.4,2026-08-04T20:35:04.183767+00:00,arms,right_wrist_roll,2109,35,0,1048,2114,2109
388.4,2026-08-04T20:35:04.183767+00:00,arms,right_gripper,2079,38,0,0,2079,2079
388.4,2026-08-04T20:35:04.183767+00:00,head,head_motor_1,2158,25,0,0,,
388.4,2026-08-04T20:35:04.183767+00:00,head,head_motor_2,1943,27,0,0,,
388.4,2026-08-04T20:35:04.183767+00:00,head,base_left_wheel,3461,27,0,0,,
388.4,2026-08-04T20:35:04.183767+00:00,head,base_back_wheel,3496,27,0,0,,
388.4,2026-08-04T20:35:04.183767+00:00,head,base_right_wheel,2173,26,0,0,,
389.4,2026-08-04T20:35:05.184806+00:00,arms,left_shoulder_pan,1857,36,0,0,1857,1857
389.4,2026-08-04T20:35:05.184806+00:00,arms,left_shoulder_lift,2403,35,3,68,2389,2403
389.4,2026-08-04T20:35:05.184806+00:00,arms,left_elbow_flex,1644,35,3,72,1629,1644
389.4,2026-08-04T20:35:05.184806+00:00,arms,left_wrist_flex,2172,34,0,24,2169,2172
389.4,2026-08-04T20:35:05.184806+00:00,arms,left_wrist_roll,1987,33,1,1044,1989,1987
389.4,2026-08-04T20:35:05.184806+00:00,arms,left_gripper,2013,37,0,0,2014,2013
389.4,2026-08-04T20:35:05.184806+00:00,arms,right_shoulder_pan,1965,37,1,1056,1974,1965
389.4,2026-08-04T20:35:05.184806+00:00,arms,right_shoulder_lift,2166,50,35,248,2049,2157
389.4,2026-08-04T20:35:05.184806+00:00,arms,right_elbow_flex,2171,45,16,162,2097,2166
389.4,2026-08-04T20:35:05.184806+00:00,arms,right_wrist_flex,1995,36,1,52,1976,1994
389.4,2026-08-04T20:35:05.184806+00:00,arms,right_wrist_roll,2109,34,1,1048,2114,2109
389.4,2026-08-04T20:35:05.184806+00:00,arms,right_gripper,2079,38,0,0,2079,2079
389.4,2026-08-04T20:35:05.184806+00:00,head,head_motor_1,2158,25,0,0,,
389.4,2026-08-04T20:35:05.184806+00:00,head,head_motor_2,1943,27,0,0,,
389.4,2026-08-04T20:35:05.184806+00:00,head,base_left_wheel,3461,27,0,0,,
389.4,2026-08-04T20:35:05.184806+00:00,head,base_back_wheel,3496,27,0,0,,
389.4,2026-08-04T20:35:05.184806+00:00,head,base_right_wheel,2173,26,0,0,,
390.4,2026-08-04T20:35:06.185850+00:00,arms,left_shoulder_pan,1857,36,0,0,1857,1857
390.4,2026-08-04T20:35:06.185850+00:00,arms,left_shoulder_lift,2403,34,3,68,2389,2403
390.4,2026-08-04T20:35:06.185850+00:00,arms,left_elbow_flex,1644,35,3,72,1629,1644
390.4,2026-08-04T20:35:06.185850+00:00,arms,left_wrist_flex,2172,34,0,24,2169,2172
390.4,2026-08-04T20:35:06.185850+00:00,arms,left_wrist_roll,1987,33,0,1044,1989,1987
390.4,2026-08-04T20:35:06.185850+00:00,arms,left_gripper,2013,37,0,0,2014,2013
390.4,2026-08-04T20:35:06.185850+00:00,arms,right_shoulder_pan,1965,37,1,1056,1974,1965
390.4,2026-08-04T20:35:06.185850+00:00,arms,right_shoulder_lift,2166,50,28,248,2049,2157
390.4,2026-08-04T20:35:06.185850+00:00,arms,right_elbow_flex,2171,45,14,162,2097,2166
390.4,2026-08-04T20:35:06.185850+00:00,arms,right_wrist_flex,1995,36,1,52,1976,1994
390.4,2026-08-04T20:35:06.185850+00:00,arms,right_wrist_roll,2109,35,0,1048,2114,2109
390.4,2026-08-04T20:35:06.185850+00:00,arms,right_gripper,2079,38,0,0,2079,2079
390.4,2026-08-04T20:35:06.185850+00:00,head,head_motor_1,2158,25,0,0,,
390.4,2026-08-04T20:35:06.185850+00:00,head,head_motor_2,1943,27,0,0,,
390.4,2026-08-04T20:35:06.185850+00:00,head,base_left_wheel,3461,27,0,0,,
390.4,2026-08-04T20:35:06.185850+00:00,head,base_back_wheel,3496,28,0,0,,
390.4,2026-08-04T20:35:06.185850+00:00,head,base_right_wheel,2173,26,0,0,,
391.4,2026-08-04T20:35:07.186880+00:00,arms,left_shoulder_pan,1857,36,0,0,1857,1857
391.4,2026-08-04T20:35:07.186880+00:00,arms,left_shoulder_lift,2403,35,4,68,2389,2403
391.4,2026-08-04T20:35:07.186880+00:00,arms,left_elbow_flex,1644,35,3,72,1629,1644
391.4,2026-08-04T20:35:07.186880+00:00,arms,left_wrist_flex,2172,34,0,24,2169,2172
391.4,2026-08-04T20:35:07.186880+00:00,arms,left_wrist_roll,1987,33,0,1044,1989,1987
391.4,2026-08-04T20:35:07.186880+00:00,arms,left_gripper,2013,37,0,0,2014,2013
391.4,2026-08-04T20:35:07.186880+00:00,arms,right_shoulder_pan,1965,37,1,1056,1974,1965
391.4,2026-08-04T20:35:07.186880+00:00,arms,right_shoulder_lift,2166,50,34,248,2049,2157
391.4,2026-08-04T20:35:07.186880+00:00,arms,right_elbow_flex,2171,45,19,162,2097,2166
391.4,2026-08-04T20:35:07.186880+00:00,arms,right_wrist_flex,1995,36,1,52,1976,1994
391.4,2026-08-04T20:35:07.186880+00:00,arms,right_wrist_roll,2109,34,1,1048,2114,2109
391.4,2026-08-04T20:35:07.186880+00:00,arms,right_gripper,2079,38,0,0,2079,2079
391.4,2026-08-04T20:35:07.186880+00:00,head,head_motor_1,2158,25,0,0,,
391.4,2026-08-04T20:35:07.186880+00:00,head,head_motor_2,1943,27,0,0,,
391.4,2026-08-04T20:35:07.186880+00:00,head,base_left_wheel,3461,27,0,0,,
391.4,2026-08-04T20:35:07.186880+00:00,head,base_back_wheel,3496,27,0,0,,
391.4,2026-08-04T20:35:07.186880+00:00,head,base_right_wheel,2173,26,0,0,,
392.4,2026-08-04T20:35:08.188335+00:00,arms,left_shoulder_pan,1857,36,0,0,1857,1857
392.4,2026-08-04T20:35:08.188335+00:00,arms,left_shoulder_lift,2403,35,4,68,2389,2403
392.4,2026-08-04T20:35:08.188335+00:00,arms,left_elbow_flex,1644,35,3,72,1629,1644
392.4,2026-08-04T20:35:08.188335+00:00,arms,left_wrist_flex,2172,34,0,24,2169,2172
392.4,2026-08-04T20:35:08.188335+00:00,arms,left_wrist_roll,1987,33,0,1044,1989,1987
392.4,2026-08-04T20:35:08.188335+00:00,arms,left_gripper,2013,37,0,0,2014,2013
392.4,2026-08-04T20:35:08.188335+00:00,arms,right_shoulder_pan,1965,37,1,1056,1974,1965
392.4,2026-08-04T20:35:08.188335+00:00,arms,right_shoulder_lift,2167,50,36,250,2049,2157
392.4,2026-08-04T20:35:08.188335+00:00,arms,right_elbow_flex,2171,45,19,162,2097,2166
392.4,2026-08-04T20:35:08.188335+00:00,arms,right_wrist_flex,1995,36,2,52,1976,1994
392.4,2026-08-04T20:35:08.188335+00:00,arms,right_wrist_roll,2109,35,0,1048,2114,2109
392.4,2026-08-04T20:35:08.188335+00:00,arms,right_gripper,2079,38,0,0,2079,2079
392.4,2026-08-04T20:35:08.188335+00:00,head,head_motor_1,2158,25,0,0,,
392.4,2026-08-04T20:35:08.188335+00:00,head,head_motor_2,1943,27,0,0,,
392.4,2026-08-04T20:35:08.188335+00:00,head,base_left_wheel,3461,27,0,0,,
392.4,2026-08-04T20:35:08.188335+00:00,head,base_back_wheel,3496,27,0,0,,
392.4,2026-08-04T20:35:08.188335+00:00,head,base_right_wheel,2173,26,0,0,,
393.4,2026-08-04T20:35:09.189391+00:00,arms,left_shoulder_pan,1857,36,0,0,1857,1857
393.4,2026-08-04T20:35:09.189391+00:00,arms,left_shoulder_lift,2403,35,3,68,2389,2403
393.4,2026-08-04T20:35:09.189391+00:00,arms,left_elbow_flex,1644,35,3,72,1629,1644
393.4,2026-08-04T20:35:09.189391+00:00,arms,left_wrist_flex,2172,34,0,24,2169,2172
393.4,2026-08-04T20:35:09.189391+00:00,arms,left_wrist_roll,1987,33,0,1044,1989,1987
393.4,2026-08-04T20:35:09.189391+00:00,arms,left_gripper,2013,37,0,0,2014,2013
393.4,2026-08-04T20:35:09.189391+00:00,arms,right_shoulder_pan,1965,37,1,1056,1974,1965
393.4,2026-08-04T20:35:09.189391+00:00,arms,right_shoulder_lift,2167,50,28,250,2049,2157
393.4,2026-08-04T20:35:09.189391+00:00,arms,right_elbow_flex,2171,45,20,162,2097,2166
393.4,2026-08-04T20:35:09.189391+00:00,arms,right_wrist_flex,1995,36,2,52,1976,1994
393.4,2026-08-04T20:35:09.189391+00:00,arms,right_wrist_roll,2109,34,1,1048,2114,2109
393.4,2026-08-04T20:35:09.189391+00:00,arms,right_gripper,2079,38,0,0,2079,2079
393.4,2026-08-04T20:35:09.189391+00:00,head,head_motor_1,2158,25,0,0,,
393.4,2026-08-04T20:35:09.189391+00:00,head,head_motor_2,1943,27,0,0,,
393.4,2026-08-04T20:35:09.189391+00:00,head,base_left_wheel,3461,27,0,0,,
393.4,2026-08-04T20:35:09.189391+00:00,head,base_back_wheel,3496,27,0,0,,
393.4,2026-08-04T20:35:09.189391+00:00,head,base_right_wheel,2173,26,0,0,,
394.4,2026-08-04T20:35:10.190837+00:00,arms,left_shoulder_pan,1857,36,0,0,1857,1857
394.4,2026-08-04T20:35:10.190837+00:00,arms,left_shoulder_lift,2403,34,3,68,2389,2403
394.4,2026-08-04T20:35:10.190837+00:00,arms,left_elbow_flex,1644,35,3,72,1629,1644
394.4,2026-08-04T20:35:10.190837+00:00,arms,left_wrist_flex,2172,34,1,24,2169,2172
394.4,2026-08-04T20:35:10.190837+00:00,arms,left_wrist_roll,1987,33,0,1044,1989,1987
394.4,2026-08-04T20:35:10.190837+00:00,arms,left_gripper,2013,37,0,0,2014,2013
394.4,2026-08-04T20:35:10.190837+00:00,arms,right_shoulder_pan,1965,37,1,1056,1974,1965
394.4,2026-08-04T20:35:10.190837+00:00,arms,right_shoulder_lift,2167,50,36,250,2049,2157
394.4,2026-08-04T20:35:10.190837+00:00,arms,right_elbow_flex,2171,45,14,162,2097,2166
394.4,2026-08-04T20:35:10.190837+00:00,arms,right_wrist_flex,1995,36,2,52,1976,1994
394.4,2026-08-04T20:35:10.190837+00:00,arms,right_wrist_roll,2109,35,1,1048,2114,2109
394.4,2026-08-04T20:35:10.190837+00:00,arms,right_gripper,2079,38,0,0,2079,2079
394.4,2026-08-04T20:35:10.190837+00:00,head,head_motor_1,2158,25,0,0,,
394.4,2026-08-04T20:35:10.190837+00:00,head,head_motor_2,1943,27,0,0,,
394.4,2026-08-04T20:35:10.190837+00:00,head,base_left_wheel,3461,27,0,0,,
394.4,2026-08-04T20:35:10.190837+00:00,head,base_back_wheel,3496,27,0,0,,
394.4,2026-08-04T20:35:10.190837+00:00,head,base_right_wheel,2173,26,0,0,,
395.4,2026-08-04T20:35:11.192315+00:00,arms,left_shoulder_pan,1857,36,0,0,1857,1857
395.4,2026-08-04T20:35:11.192315+00:00,arms,left_shoulder_lift,2403,35,3,68,2389,2403
395.4,2026-08-04T20:35:11.192315+00:00,arms,left_elbow_flex,1644,35,3,72,1629,1644
395.4,2026-08-04T20:35:11.192315+00:00,arms,left_wrist_flex,2172,34,0,24,2169,2172
395.4,2026-08-04T20:35:11.192315+00:00,arms,left_wrist_roll,1987,33,0,1044,1989,1987
395.4,2026-08-04T20:35:11.192315+00:00,arms,left_gripper,2013,37,0,0,2014,2013
395.4,2026-08-04T20:35:11.192315+00:00,arms,right_shoulder_pan,1965,37,0,1056,1974,1965
395.4,2026-08-04T20:35:11.192315+00:00,arms,right_shoulder_lift,2167,50,37,250,2049,2157
395.4,2026-08-04T20:35:11.192315+00:00,arms,right_elbow_flex,2171,45,20,162,2097,2166
395.4,2026-08-04T20:35:11.192315+00:00,arms,right_wrist_flex,1995,36,1,52,1976,1994
395.4,2026-08-04T20:35:11.192315+00:00,arms,right_wrist_roll,2109,35,0,1048,2114,2109
395.4,2026-08-04T20:35:11.192315+00:00,arms,right_gripper,2079,38,0,0,2079,2079
395.4,2026-08-04T20:35:11.192315+00:00,head,head_motor_1,2158,25,0,0,,
395.4,2026-08-04T20:35:11.192315+00:00,head,head_motor_2,1943,27,0,0,,
395.4,2026-08-04T20:35:11.192315+00:00,head,base_left_wheel,3461,27,0,0,,
395.4,2026-08-04T20:35:11.192315+00:00,head,base_back_wheel,3496,27,0,0,,
395.4,2026-08-04T20:35:11.192315+00:00,head,base_right_wheel,2173,26,0,0,,
396.5,2026-08-04T20:35:12.193755+00:00,arms,left_shoulder_pan,1857,36,0,0,1857,1857
396.5,2026-08-04T20:35:12.193755+00:00,arms,left_shoulder_lift,2403,35,3,68,2389,2403
396.5,2026-08-04T20:35:12.193755+00:00,arms,left_elbow_flex,1644,35,3,72,1629,1644
396.5,2026-08-04T20:35:12.193755+00:00,arms,left_wrist_flex,2172,34,0,24,2169,2172
396.5,2026-08-04T20:35:12.193755+00:00,arms,left_wrist_roll,1987,33,1,1044,1989,1987
396.5,2026-08-04T20:35:12.193755+00:00,arms,left_gripper,2013,37,0,0,2014,2013
396.5,2026-08-04T20:35:12.193755+00:00,arms,right_shoulder_pan,1965,37,1,1056,1974,1965
396.5,2026-08-04T20:35:12.193755+00:00,arms,right_shoulder_lift,2167,50,28,250,2049,2157
396.5,2026-08-04T20:35:12.193755+00:00,arms,right_elbow_flex,2171,45,20,162,2097,2166
396.5,2026-08-04T20:35:12.193755+00:00,arms,right_wrist_flex,1995,36,2,52,1976,1994
396.5,2026-08-04T20:35:12.193755+00:00,arms,right_wrist_roll,2109,35,1,1048,2114,2109
396.5,2026-08-04T20:35:12.193755+00:00,arms,right_gripper,2079,38,0,0,2079,2079
396.5,2026-08-04T20:35:12.193755+00:00,head,head_motor_1,2158,25,0,0,,
396.5,2026-08-04T20:35:12.193755+00:00,head,head_motor_2,1943,27,0,0,,
396.5,2026-08-04T20:35:12.193755+00:00,head,base_left_wheel,3461,27,0,0,,
396.5,2026-08-04T20:35:12.193755+00:00,head,base_back_wheel,3496,27,0,0,,
396.5,2026-08-04T20:35:12.193755+00:00,head,base_right_wheel,2173,26,0,0,,
397.5,2026-08-04T20:35:13.195193+00:00,arms,left_shoulder_pan,1857,36,0,0,1857,1857
397.5,2026-08-04T20:35:13.195193+00:00,arms,left_shoulder_lift,2403,35,3,68,2389,2403
397.5,2026-08-04T20:35:13.195193+00:00,arms,left_elbow_flex,1644,35,3,72,1629,1644
397.5,2026-08-04T20:35:13.195193+00:00,arms,left_wrist_flex,2172,34,0,24,2169,2172
397.5,2026-08-04T20:35:13.195193+00:00,arms,left_wrist_roll,1987,33,0,1044,1989,1987
397.5,2026-08-04T20:35:13.195193+00:00,arms,left_gripper,2013,37,0,0,2014,2013
397.5,2026-08-04T20:35:13.195193+00:00,arms,right_shoulder_pan,1965,37,1,1056,1974,1965
397.5,2026-08-04T20:35:13.195193+00:00,arms,right_shoulder_lift,2167,50,32,250,2049,2157
397.5,2026-08-04T20:35:13.195193+00:00,arms,right_elbow_flex,2171,45,14,162,2097,2166
397.5,2026-08-04T20:35:13.195193+00:00,arms,right_wrist_flex,1995,36,1,52,1976,1994
397.5,2026-08-04T20:35:13.195193+00:00,arms,right_wrist_roll,2109,35,1,1048,2114,2109
397.5,2026-08-04T20:35:13.195193+00:00,arms,right_gripper,2079,37,0,0,2079,2079
397.5,2026-08-04T20:35:13.195193+00:00,head,head_motor_1,2158,25,0,0,,
397.5,2026-08-04T20:35:13.195193+00:00,head,head_motor_2,1943,27,0,0,,
397.5,2026-08-04T20:35:13.195193+00:00,head,base_left_wheel,3461,27,0,0,,
397.5,2026-08-04T20:35:13.195193+00:00,head,base_back_wheel,3496,27,0,0,,
397.5,2026-08-04T20:35:13.195193+00:00,head,base_right_wheel,2173,26,0,0,,
398.5,2026-08-04T20:35:14.196282+00:00,arms,left_shoulder_pan,1857,36,0,0,1857,1857
398.5,2026-08-04T20:35:14.196282+00:00,arms,left_shoulder_lift,2403,35,4,68,2389,2403
398.5,2026-08-04T20:35:14.196282+00:00,arms,left_elbow_flex,1644,35,3,72,1629,1644
398.5,2026-08-04T20:35:14.196282+00:00,arms,left_wrist_flex,2172,34,0,24,2169,2172
398.5,2026-08-04T20:35:14.196282+00:00,arms,left_wrist_roll,1987,33,0,1044,1989,1987
398.5,2026-08-04T20:35:14.196282+00:00,arms,left_gripper,2013,37,0,0,2014,2013
398.5,2026-08-04T20:35:14.196282+00:00,arms,right_shoulder_pan,1965,37,1,1056,1974,1965
398.5,2026-08-04T20:35:14.196282+00:00,arms,right_shoulder_lift,2167,50,33,250,2049,2157
398.5,2026-08-04T20:35:14.196282+00:00,arms,right_elbow_flex,2171,45,17,162,2097,2166
398.5,2026-08-04T20:35:14.196282+00:00,arms,right_wrist_flex,1995,36,1,52,1976,1994
398.5,2026-08-04T20:35:14.196282+00:00,arms,right_wrist_roll,2109,35,1,1048,2114,2109
398.5,2026-08-04T20:35:14.196282+00:00,arms,right_gripper,2079,38,0,0,2079,2079
398.5,2026-08-04T20:35:14.196282+00:00,head,head_motor_1,2158,25,0,0,,
398.5,2026-08-04T20:35:14.196282+00:00,head,head_motor_2,1943,27,0,0,,
398.5,2026-08-04T20:35:14.196282+00:00,head,base_left_wheel,3461,27,0,0,,
398.5,2026-08-04T20:35:14.196282+00:00,head,base_back_wheel,3496,27,0,0,,
398.5,2026-08-04T20:35:14.196282+00:00,head,base_right_wheel,2173,26,0,0,,
399.5,2026-08-04T20:35:15.197362+00:00,arms,left_shoulder_pan,1857,36,0,0,1857,1857
399.5,2026-08-04T20:35:15.197362+00:00,arms,left_shoulder_lift,2403,35,4,68,2389,2403
399.5,2026-08-04T20:35:15.197362+00:00,arms,left_elbow_flex,1644,35,3,72,1629,1644
399.5,2026-08-04T20:35:15.197362+00:00,arms,left_wrist_flex,2172,34,0,24,2169,2172
399.5,2026-08-04T20:35:15.197362+00:00,arms,left_wrist_roll,1987,33,0,1044,1989,1987
399.5,2026-08-04T20:35:15.197362+00:00,arms,left_gripper,2013,37,0,0,2014,2013
399.5,2026-08-04T20:35:15.197362+00:00,arms,right_shoulder_pan,1965,37,0,1056,1974,1965
399.5,2026-08-04T20:35:15.197362+00:00,arms,right_shoulder_lift,2167,50,35,250,2049,2157
399.5,2026-08-04T20:35:15.197362+00:00,arms,right_elbow_flex,2171,45,13,162,2097,2166
399.5,2026-08-04T20:35:15.197362+00:00,arms,right_wrist_flex,1995,36,2,52,1976,1994
399.5,2026-08-04T20:35:15.197362+00:00,arms,right_wrist_roll,2109,35,1,1048,2114,2109
399.5,2026-08-04T20:35:15.197362+00:00,arms,right_gripper,2079,38,0,0,2079,2079
399.5,2026-08-04T20:35:15.197362+00:00,head,head_motor_1,2158,25,0,0,,
399.5,2026-08-04T20:35:15.197362+00:00,head,head_motor_2,1943,27,0,0,,
399.5,2026-08-04T20:35:15.197362+00:00,head,base_left_wheel,3461,27,0,0,,
399.5,2026-08-04T20:35:15.197362+00:00,head,base_back_wheel,3496,27,0,0,,
399.5,2026-08-04T20:35:15.197362+00:00,head,base_right_wheel,2173,26,0,0,,
400.5,2026-08-04T20:35:16.198461+00:00,arms,left_shoulder_pan,1857,36,0,0,1857,1857
400.5,2026-08-04T20:35:16.198461+00:00,arms,left_shoulder_lift,2403,35,4,68,2389,2403
400.5,2026-08-04T20:35:16.198461+00:00,arms,left_elbow_flex,1644,35,3,72,1629,1644
400.5,2026-08-04T20:35:16.198461+00:00,arms,left_wrist_flex,2172,34,0,24,2169,2172
400.5,2026-08-04T20:35:16.198461+00:00,arms,left_wrist_roll,1987,34,1,1044,1989,1987
400.5,2026-08-04T20:35:16.198461+00:00,arms,left_gripper,2013,37,0,0,2014,2013
400.5,2026-08-04T20:35:16.198461+00:00,arms,right_shoulder_pan,1965,37,1,1056,1974,1965
400.5,2026-08-04T20:35:16.198461+00:00,arms,right_shoulder_lift,2167,51,28,250,2049,2157
400.5,2026-08-04T20:35:16.198461+00:00,arms,right_elbow_flex,2171,45,20,162,2097,2166
400.5,2026-08-04T20:35:16.198461+00:00,arms,right_wrist_flex,1995,36,2,52,1976,1994
400.5,2026-08-04T20:35:16.198461+00:00,arms,right_wrist_roll,2109,34,0,1048,2114,2109
400.5,2026-08-04T20:35:16.198461+00:00,arms,right_gripper,2079,38,0,0,2079,2079
400.5,2026-08-04T20:35:16.198461+00:00,head,head_motor_1,2158,25,0,0,,
400.5,2026-08-04T20:35:16.198461+00:00,head,head_motor_2,1943,27,0,0,,
400.5,2026-08-04T20:35:16.198461+00:00,head,base_left_wheel,3461,27,0,0,,
400.5,2026-08-04T20:35:16.198461+00:00,head,base_back_wheel,3496,27,0,0,,
400.5,2026-08-04T20:35:16.198461+00:00,head,base_right_wheel,2174,26,0,0,,
401.5,2026-08-04T20:35:17.199584+00:00,arms,left_shoulder_pan,1857,36,0,0,1857,1857
401.5,2026-08-04T20:35:17.199584+00:00,arms,left_shoulder_lift,2403,35,4,68,2389,2403
401.5,2026-08-04T20:35:17.199584+00:00,arms,left_elbow_flex,1644,35,2,72,1629,1644
401.5,2026-08-04T20:35:17.199584+00:00,arms,left_wrist_flex,2172,34,0,24,2169,2172
401.5,2026-08-04T20:35:17.199584+00:00,arms,left_wrist_roll,1987,33,1,1044,1989,1987
401.5,2026-08-04T20:35:17.199584+00:00,arms,left_gripper,2013,37,0,0,2014,2013
401.5,2026-08-04T20:35:17.199584+00:00,arms,right_shoulder_pan,1965,37,1,1056,1974,1965
401.5,2026-08-04T20:35:17.199584+00:00,arms,right_shoulder_lift,2167,51,28,250,2049,2157
401.5,2026-08-04T20:35:17.199584+00:00,arms,right_elbow_flex,2171,45,16,162,2097,2166
401.5,2026-08-04T20:35:17.199584+00:00,arms,right_wrist_flex,1995,36,1,52,1976,1994
401.5,2026-08-04T20:35:17.199584+00:00,arms,right_wrist_roll,2109,35,0,1048,2114,2109
401.5,2026-08-04T20:35:17.199584+00:00,arms,right_gripper,2079,38,0,0,2079,2079
401.5,2026-08-04T20:35:17.199584+00:00,head,head_motor_1,2158,25,0,0,,
401.5,2026-08-04T20:35:17.199584+00:00,head,head_motor_2,1943,27,0,0,,
401.5,2026-08-04T20:35:17.199584+00:00,head,base_left_wheel,3461,27,0,0,,
401.5,2026-08-04T20:35:17.199584+00:00,head,base_back_wheel,3496,27,0,0,,
401.5,2026-08-04T20:35:17.199584+00:00,head,base_right_wheel,2173,26,0,0,,
402.5,2026-08-04T20:35:18.200674+00:00,arms,left_shoulder_pan,1857,36,0,0,1857,1857
402.5,2026-08-04T20:35:18.200674+00:00,arms,left_shoulder_lift,2403,35,4,68,2389,2403
402.5,2026-08-04T20:35:18.200674+00:00,arms,left_elbow_flex,1644,35,4,72,1629,1644
402.5,2026-08-04T20:35:18.200674+00:00,arms,left_wrist_flex,2172,34,0,24,2169,2172
402.5,2026-08-04T20:35:18.200674+00:00,arms,left_wrist_roll,1987,34,0,1044,1989,1987
402.5,2026-08-04T20:35:18.200674+00:00,arms,left_gripper,2013,37,0,0,2014,2013
402.5,2026-08-04T20:35:18.200674+00:00,arms,right_shoulder_pan,1965,37,0,1056,1974,1965
402.5,2026-08-04T20:35:18.200674+00:00,arms,right_shoulder_lift,2167,51,29,250,2049,2157
402.5,2026-08-04T20:35:18.200674+00:00,arms,right_elbow_flex,2171,45,20,162,2097,2166
402.5,2026-08-04T20:35:18.200674+00:00,arms,right_wrist_flex,1995,36,1,52,1976,1994
402.5,2026-08-04T20:35:18.200674+00:00,arms,right_wrist_roll,2109,34,0,1048,2114,2109
402.5,2026-08-04T20:35:18.200674+00:00,arms,right_gripper,2079,38,0,0,2079,2079
402.5,2026-08-04T20:35:18.200674+00:00,head,head_motor_1,2158,25,0,0,,
402.5,2026-08-04T20:35:18.200674+00:00,head,head_motor_2,1943,27,0,0,,
402.5,2026-08-04T20:35:18.200674+00:00,head,base_left_wheel,3461,27,0,0,,
402.5,2026-08-04T20:35:18.200674+00:00,head,base_back_wheel,3496,27,0,0,,
402.5,2026-08-04T20:35:18.200674+00:00,head,base_right_wheel,2173,26,0,0,,
403.5,2026-08-04T20:35:19.201755+00:00,arms,left_shoulder_pan,1857,36,0,0,1857,1857
403.5,2026-08-04T20:35:19.201755+00:00,arms,left_shoulder_lift,2403,35,4,68,2389,2403
403.5,2026-08-04T20:35:19.201755+00:00,arms,left_elbow_flex,1644,35,3,72,1629,1644
403.5,2026-08-04T20:35:19.201755+00:00,arms,left_wrist_flex,2172,34,0,24,2169,2172
403.5,2026-08-04T20:35:19.201755+00:00,arms,left_wrist_roll,1987,33,0,1044,1989,1987
403.5,2026-08-04T20:35:19.201755+00:00,arms,left_gripper,2013,37,0,0,2014,2013
403.5,2026-08-04T20:35:19.201755+00:00,arms,right_shoulder_pan,1965,37,1,1056,1974,1965
403.5,2026-08-04T20:35:19.201755+00:00,arms,right_shoulder_lift,2167,51,28,250,2049,2157
403.5,2026-08-04T20:35:19.201755+00:00,arms,right_elbow_flex,2171,45,14,162,2097,2166
403.5,2026-08-04T20:35:19.201755+00:00,arms,right_wrist_flex,1995,36,1,52,1976,1994
403.5,2026-08-04T20:35:19.201755+00:00,arms,right_wrist_roll,2109,34,1,1048,2114,2109
403.5,2026-08-04T20:35:19.201755+00:00,arms,right_gripper,2079,38,0,0,2079,2079
403.5,2026-08-04T20:35:19.201755+00:00,head,head_motor_1,2158,25,0,0,,
403.5,2026-08-04T20:35:19.201755+00:00,head,head_motor_2,1943,27,0,0,,
403.5,2026-08-04T20:35:19.201755+00:00,head,base_left_wheel,3461,27,0,0,,
403.5,2026-08-04T20:35:19.201755+00:00,head,base_back_wheel,3496,27,0,0,,
403.5,2026-08-04T20:35:19.201755+00:00,head,base_right_wheel,2173,26,0,0,,
404.5,2026-08-04T20:35:20.202836+00:00,arms,left_shoulder_pan,1857,36,0,0,1857,1857
404.5,2026-08-04T20:35:20.202836+00:00,arms,left_shoulder_lift,2403,35,3,68,2389,2403
404.5,2026-08-04T20:35:20.202836+00:00,arms,left_elbow_flex,1644,35,2,72,1629,1644
404.5,2026-08-04T20:35:20.202836+00:00,arms,left_wrist_flex,2172,34,0,24,2169,2172
404.5,2026-08-04T20:35:20.202836+00:00,arms,left_wrist_roll,1987,33,1,1044,1989,1987
404.5,2026-08-04T20:35:20.202836+00:00,arms,left_gripper,2013,37,0,0,2014,2013
404.5,2026-08-04T20:35:20.202836+00:00,arms,right_shoulder_pan,1965,37,0,1056,1974,1965
404.5,2026-08-04T20:35:20.202836+00:00,arms,right_shoulder_lift,2167,51,32,250,2049,2157
404.5,2026-08-04T20:35:20.202836+00:00,arms,right_elbow_flex,2171,45,20,162,2097,2166
404.5,2026-08-04T20:35:20.202836+00:00,arms,right_wrist_flex,1995,36,1,52,1976,1994
404.5,2026-08-04T20:35:20.202836+00:00,arms,right_wrist_roll,2109,34,0,1048,2114,2109
404.5,2026-08-04T20:35:20.202836+00:00,arms,right_gripper,2079,38,0,0,2079,2079
404.5,2026-08-04T20:35:20.202836+00:00,head,head_motor_1,2158,25,0,0,,
404.5,2026-08-04T20:35:20.202836+00:00,head,head_motor_2,1943,27,0,0,,
404.5,2026-08-04T20:35:20.202836+00:00,head,base_left_wheel,3461,27,0,0,,
404.5,2026-08-04T20:35:20.202836+00:00,head,base_back_wheel,3496,27,0,0,,
404.5,2026-08-04T20:35:20.202836+00:00,head,base_right_wheel,2173,26,0,0,,
405.5,2026-08-04T20:35:21.203918+00:00,arms,left_shoulder_pan,1857,36,0,0,1857,1857
405.5,2026-08-04T20:35:21.203918+00:00,arms,left_shoulder_lift,2403,35,3,68,2389,2403
405.5,2026-08-04T20:35:21.203918+00:00,arms,left_elbow_flex,1644,35,3,72,1629,1644
405.5,2026-08-04T20:35:21.203918+00:00,arms,left_wrist_flex,2172,34,0,24,2169,2172
405.5,2026-08-04T20:35:21.203918+00:00,arms,left_wrist_roll,1987,33,0,1044,1989,1987
405.5,2026-08-04T20:35:21.203918+00:00,arms,left_gripper,2013,37,0,0,2014,2013
405.5,2026-08-04T20:35:21.203918+00:00,arms,right_shoulder_pan,1965,37,0,1056,1974,1965
405.5,2026-08-04T20:35:21.203918+00:00,arms,right_shoulder_lift,2167,51,33,250,2049,2157
405.5,2026-08-04T20:35:21.203918+00:00,arms,right_elbow_flex,2171,45,20,162,2097,2166
405.5,2026-08-04T20:35:21.203918+00:00,arms,right_wrist_flex,1995,36,0,52,1976,1994
405.5,2026-08-04T20:35:21.203918+00:00,arms,right_wrist_roll,2109,34,0,1048,2114,2109
405.5,2026-08-04T20:35:21.203918+00:00,arms,right_gripper,2079,38,0,0,2079,2079
405.5,2026-08-04T20:35:21.203918+00:00,head,head_motor_1,2158,25,0,0,,
405.5,2026-08-04T20:35:21.203918+00:00,head,head_motor_2,1943,27,0,0,,
405.5,2026-08-04T20:35:21.203918+00:00,head,base_left_wheel,3461,27,0,0,,
405.5,2026-08-04T20:35:21.203918+00:00,head,base_back_wheel,3496,27,0,0,,
405.5,2026-08-04T20:35:21.203918+00:00,head,base_right_wheel,2173,26,0,0,,
406.5,2026-08-04T20:35:22.204993+00:00,arms,left_shoulder_pan,1857,36,0,0,1857,1857
406.5,2026-08-04T20:35:22.204993+00:00,arms,left_shoulder_lift,2403,35,3,68,2389,2403
406.5,2026-08-04T20:35:22.204993+00:00,arms,left_elbow_flex,1644,35,3,72,1629,1644
406.5,2026-08-04T20:35:22.204993+00:00,arms,left_wrist_flex,2172,34,1,24,2169,2172
406.5,2026-08-04T20:35:22.204993+00:00,arms,left_wrist_roll,1987,34,1,1044,1989,1987
406.5,2026-08-04T20:35:22.204993+00:00,arms,left_gripper,2013,37,0,0,2014,2013
406.5,2026-08-04T20:35:22.204993+00:00,arms,right_shoulder_pan,1965,37,1,1056,1974,1965
406.5,2026-08-04T20:35:22.204993+00:00,arms,right_shoulder_lift,2167,51,29,250,2049,2157
406.5,2026-08-04T20:35:22.204993+00:00,arms,right_elbow_flex,2171,45,19,162,2097,2166
406.5,2026-08-04T20:35:22.204993+00:00,arms,right_wrist_flex,1995,36,2,52,1976,1994
406.5,2026-08-04T20:35:22.204993+00:00,arms,right_wrist_roll,2109,35,0,1048,2114,2109
406.5,2026-08-04T20:35:22.204993+00:00,arms,right_gripper,2079,38,0,0,2079,2079
406.5,2026-08-04T20:35:22.204993+00:00,head,head_motor_1,2158,25,0,0,,
406.5,2026-08-04T20:35:22.204993+00:00,head,head_motor_2,1943,27,0,0,,
406.5,2026-08-04T20:35:22.204993+00:00,head,base_left_wheel,3461,27,0,0,,
406.5,2026-08-04T20:35:22.204993+00:00,head,base_back_wheel,3496,27,0,0,,
406.5,2026-08-04T20:35:22.204993+00:00,head,base_right_wheel,2173,26,0,0,,
407.5,2026-08-04T20:35:23.206052+00:00,arms,left_shoulder_pan,1857,36,0,0,1857,1857
407.5,2026-08-04T20:35:23.206052+00:00,arms,left_shoulder_lift,2403,35,4,68,2389,2403
407.5,2026-08-04T20:35:23.206052+00:00,arms,left_elbow_flex,1644,35,3,72,1629,1644
407.5,2026-08-04T20:35:23.206052+00:00,arms,left_wrist_flex,2172,34,0,24,2169,2172
407.5,2026-08-04T20:35:23.206052+00:00,arms,left_wrist_roll,1987,34,0,1044,1989,1987
407.5,2026-08-04T20:35:23.206052+00:00,arms,left_gripper,2013,37,0,0,2014,2013
407.5,2026-08-04T20:35:23.206052+00:00,arms,right_shoulder_pan,1965,37,1,1056,1974,1965
407.5,2026-08-04T20:35:23.206052+00:00,arms,right_shoulder_lift,2167,51,32,250,2049,2157
407.5,2026-08-04T20:35:23.206052+00:00,arms,right_elbow_flex,2171,45,17,162,2097,2166
407.5,2026-08-04T20:35:23.206052+00:00,arms,right_wrist_flex,1995,36,2,52,1976,1994
407.5,2026-08-04T20:35:23.206052+00:00,arms,right_wrist_roll,2109,34,1,1048,2114,2109
407.5,2026-08-04T20:35:23.206052+00:00,arms,right_gripper,2079,38,0,0,2079,2079
407.5,2026-08-04T20:35:23.206052+00:00,head,head_motor_1,2158,25,0,0,,
407.5,2026-08-04T20:35:23.206052+00:00,head,head_motor_2,1943,27,0,0,,
407.5,2026-08-04T20:35:23.206052+00:00,head,base_left_wheel,3461,27,0,0,,
407.5,2026-08-04T20:35:23.206052+00:00,head,base_back_wheel,3496,27,0,0,,
407.5,2026-08-04T20:35:23.206052+00:00,head,base_right_wheel,2173,26,0,0,,
408.5,2026-08-04T20:35:24.207123+00:00,arms,left_shoulder_pan,1857,36,0,0,1857,1857
408.5,2026-08-04T20:35:24.207123+00:00,arms,left_shoulder_lift,2403,35,4,68,2389,2403
408.5,2026-08-04T20:35:24.207123+00:00,arms,left_elbow_flex,1644,35,3,72,1629,1644
408.5,2026-08-04T20:35:24.207123+00:00,arms,left_wrist_flex,2172,34,0,24,2169,2172
408.5,2026-08-04T20:35:24.207123+00:00,arms,left_wrist_roll,1987,33,0,1044,1989,1987
408.5,2026-08-04T20:35:24.207123+00:00,arms,left_gripper,2013,37,0,0,2014,2013
408.5,2026-08-04T20:35:24.207123+00:00,arms,right_shoulder_pan,1965,37,1,1056,1974,1965
408.5,2026-08-04T20:35:24.207123+00:00,arms,right_shoulder_lift,2167,51,28,250,2049,2157
408.5,2026-08-04T20:35:24.207123+00:00,arms,right_elbow_flex,2171,46,21,162,2097,2166
408.5,2026-08-04T20:35:24.207123+00:00,arms,right_wrist_flex,1995,36,1,52,1976,1994
408.5,2026-08-04T20:35:24.207123+00:00,arms,right_wrist_roll,2109,35,0,1048,2114,2109
408.5,2026-08-04T20:35:24.207123+00:00,arms,right_gripper,2079,38,0,0,2079,2079
408.5,2026-08-04T20:35:24.207123+00:00,head,head_motor_1,2158,25,0,0,,
408.5,2026-08-04T20:35:24.207123+00:00,head,head_motor_2,1943,27,0,0,,
408.5,2026-08-04T20:35:24.207123+00:00,head,base_left_wheel,3461,27,0,0,,
408.5,2026-08-04T20:35:24.207123+00:00,head,base_back_wheel,3496,27,0,0,,
408.5,2026-08-04T20:35:24.207123+00:00,head,base_right_wheel,2173,26,1,0,,
409.5,2026-08-04T20:35:25.208205+00:00,arms,left_shoulder_pan,1857,36,0,0,1857,1857
409.5,2026-08-04T20:35:25.208205+00:00,arms,left_shoulder_lift,2403,35,3,68,2389,2403
409.5,2026-08-04T20:35:25.208205+00:00,arms,left_elbow_flex,1644,35,3,72,1629,1644
409.5,2026-08-04T20:35:25.208205+00:00,arms,left_wrist_flex,2172,34,1,24,2169,2172
409.5,2026-08-04T20:35:25.208205+00:00,arms,left_wrist_roll,1987,34,0,1044,1989,1987
409.5,2026-08-04T20:35:25.208205+00:00,arms,left_gripper,2013,37,0,0,2014,2013
409.5,2026-08-04T20:35:25.208205+00:00,arms,right_shoulder_pan,1965,37,0,1056,1974,1965
409.5,2026-08-04T20:35:25.208205+00:00,arms,right_shoulder_lift,2167,51,36,250,2049,2157
409.5,2026-08-04T20:35:25.208205+00:00,arms,right_elbow_flex,2171,45,20,162,2097,2166
409.5,2026-08-04T20:35:25.208205+00:00,arms,right_wrist_flex,1995,36,1,52,1976,1994
409.5,2026-08-04T20:35:25.208205+00:00,arms,right_wrist_roll,2109,35,1,1048,2114,2109
409.5,2026-08-04T20:35:25.208205+00:00,arms,right_gripper,2079,38,0,0,2079,2079
409.5,2026-08-04T20:35:25.208205+00:00,head,head_motor_1,2158,25,0,0,,
409.5,2026-08-04T20:35:25.208205+00:00,head,head_motor_2,1943,27,0,0,,
409.5,2026-08-04T20:35:25.208205+00:00,head,base_left_wheel,3461,27,0,0,,
409.5,2026-08-04T20:35:25.208205+00:00,head,base_back_wheel,3496,27,0,0,,
409.5,2026-08-04T20:35:25.208205+00:00,head,base_right_wheel,2173,26,0,0,,
410.5,2026-08-04T20:35:26.209292+00:00,arms,left_shoulder_pan,1857,36,0,0,1857,1857
410.5,2026-08-04T20:35:26.209292+00:00,arms,left_shoulder_lift,2403,35,3,68,2389,2403
410.5,2026-08-04T20:35:26.209292+00:00,arms,left_elbow_flex,1644,35,3,72,1629,1644
410.5,2026-08-04T20:35:26.209292+00:00,arms,left_wrist_flex,2172,34,0,24,2169,2172
410.5,2026-08-04T20:35:26.209292+00:00,arms,left_wrist_roll,1987,33,0,1044,1989,1987
410.5,2026-08-04T20:35:26.209292+00:00,arms,left_gripper,2013,37,0,0,2014,2013
410.5,2026-08-04T20:35:26.209292+00:00,arms,right_shoulder_pan,1965,37,1,1056,1974,1965
410.5,2026-08-04T20:35:26.209292+00:00,arms,right_shoulder_lift,2167,51,29,250,2049,2157
410.5,2026-08-04T20:35:26.209292+00:00,arms,right_elbow_flex,2171,45,19,162,2097,2166
410.5,2026-08-04T20:35:26.209292+00:00,arms,right_wrist_flex,1995,36,1,52,1976,1994
410.5,2026-08-04T20:35:26.209292+00:00,arms,right_wrist_roll,2109,35,1,1048,2114,2109
410.5,2026-08-04T20:35:26.209292+00:00,arms,right_gripper,2079,38,0,0,2079,2079
410.5,2026-08-04T20:35:26.209292+00:00,head,head_motor_1,2158,25,0,0,,
410.5,2026-08-04T20:35:26.209292+00:00,head,head_motor_2,1943,27,0,0,,
410.5,2026-08-04T20:35:26.209292+00:00,head,base_left_wheel,3461,27,0,0,,
410.5,2026-08-04T20:35:26.209292+00:00,head,base_back_wheel,3496,27,0,0,,
410.5,2026-08-04T20:35:26.209292+00:00,head,base_right_wheel,2173,26,0,0,,
411.5,2026-08-04T20:35:27.210378+00:00,arms,left_shoulder_pan,1857,36,0,0,1857,1857
411.5,2026-08-04T20:35:27.210378+00:00,arms,left_shoulder_lift,2403,35,4,68,2389,2403
411.5,2026-08-04T20:35:27.210378+00:00,arms,left_elbow_flex,1644,35,3,72,1629,1644
411.5,2026-08-04T20:35:27.210378+00:00,arms,left_wrist_flex,2172,34,0,24,2169,2172
411.5,2026-08-04T20:35:27.210378+00:00,arms,left_wrist_roll,1987,33,0,1044,1989,1987
411.5,2026-08-04T20:35:27.210378+00:00,arms,left_gripper,2013,37,0,0,2014,2013
411.5,2026-08-04T20:35:27.210378+00:00,arms,right_shoulder_pan,1965,37,0,1056,1974,1965
411.5,2026-08-04T20:35:27.210378+00:00,arms,right_shoulder_lift,2167,51,29,250,2049,2157
411.5,2026-08-04T20:35:27.210378+00:00,arms,right_elbow_flex,2171,45,14,162,2097,2166
411.5,2026-08-04T20:35:27.210378+00:00,arms,right_wrist_flex,1995,36,1,52,1976,1994
411.5,2026-08-04T20:35:27.210378+00:00,arms,right_wrist_roll,2109,34,1,1048,2114,2109
411.5,2026-08-04T20:35:27.210378+00:00,arms,right_gripper,2079,38,0,0,2079,2079
411.5,2026-08-04T20:35:27.210378+00:00,head,head_motor_1,2158,25,0,0,,
411.5,2026-08-04T20:35:27.210378+00:00,head,head_motor_2,1943,27,0,0,,
411.5,2026-08-04T20:35:27.210378+00:00,head,base_left_wheel,3461,27,0,0,,
411.5,2026-08-04T20:35:27.210378+00:00,head,base_back_wheel,3496,27,0,0,,
411.5,2026-08-04T20:35:27.210378+00:00,head,base_right_wheel,2173,26,0,0,,
412.5,2026-08-04T20:35:28.211405+00:00,arms,left_shoulder_pan,1857,36,0,0,1857,1857
412.5,2026-08-04T20:35:28.211405+00:00,arms,left_shoulder_lift,2403,35,4,68,2389,2403
412.5,2026-08-04T20:35:28.211405+00:00,arms,left_elbow_flex,1644,35,3,72,1629,1644
412.5,2026-08-04T20:35:28.211405+00:00,arms,left_wrist_flex,2172,34,0,24,2169,2172
412.5,2026-08-04T20:35:28.211405+00:00,arms,left_wrist_roll,1987,34,0,1044,1989,1987
412.5,2026-08-04T20:35:28.211405+00:00,arms,left_gripper,2013,37,0,0,2014,2013
412.5,2026-08-04T20:35:28.211405+00:00,arms,right_shoulder_pan,1965,37,0,1056,1974,1965
412.5,2026-08-04T20:35:28.211405+00:00,arms,right_shoulder_lift,2167,51,28,250,2049,2157
412.5,2026-08-04T20:35:28.211405+00:00,arms,right_elbow_flex,2171,45,20,162,2097,2166
412.5,2026-08-04T20:35:28.211405+00:00,arms,right_wrist_flex,1995,36,2,52,1976,1994
412.5,2026-08-04T20:35:28.211405+00:00,arms,right_wrist_roll,2109,34,0,1048,2114,2109
412.5,2026-08-04T20:35:28.211405+00:00,arms,right_gripper,2079,38,0,0,2079,2079
412.5,2026-08-04T20:35:28.211405+00:00,head,head_motor_1,2158,25,0,0,,
412.5,2026-08-04T20:35:28.211405+00:00,head,head_motor_2,1943,27,0,0,,
412.5,2026-08-04T20:35:28.211405+00:00,head,base_left_wheel,3461,27,0,0,,
412.5,2026-08-04T20:35:28.211405+00:00,head,base_back_wheel,3496,27,0,0,,
412.5,2026-08-04T20:35:28.211405+00:00,head,base_right_wheel,2173,26,0,0,,
413.5,2026-08-04T20:35:29.211580+00:00,arms,left_shoulder_pan,1857,36,0,0,1857,1857
413.5,2026-08-04T20:35:29.211580+00:00,arms,left_shoulder_lift,2403,35,4,68,2389,2403
413.5,2026-08-04T20:35:29.211580+00:00,arms,left_elbow_flex,1644,35,3,72,1629,1644
413.5,2026-08-04T20:35:29.211580+00:00,arms,left_wrist_flex,2172,34,0,24,2169,2172
413.5,2026-08-04T20:35:29.211580+00:00,arms,left_wrist_roll,1987,33,1,1044,1989,1987
413.5,2026-08-04T20:35:29.211580+00:00,arms,left_gripper,2013,37,0,0,2014,2013
413.5,2026-08-04T20:35:29.211580+00:00,arms,right_shoulder_pan,1965,37,1,1056,1974,1965
413.5,2026-08-04T20:35:29.211580+00:00,arms,right_shoulder_lift,2167,51,28,250,2049,2157
413.5,2026-08-04T20:35:29.211580+00:00,arms,right_elbow_flex,2171,45,17,162,2097,2166
413.5,2026-08-04T20:35:29.211580+00:00,arms,right_wrist_flex,1995,36,1,52,1976,1994
413.5,2026-08-04T20:35:29.211580+00:00,arms,right_wrist_roll,2109,34,0,1048,2114,2109
413.5,2026-08-04T20:35:29.211580+00:00,arms,right_gripper,2079,38,0,0,2079,2079
413.5,2026-08-04T20:35:29.211580+00:00,head,head_motor_1,2158,25,0,0,,
413.5,2026-08-04T20:35:29.211580+00:00,head,head_motor_2,1943,27,0,0,,
413.5,2026-08-04T20:35:29.211580+00:00,head,base_left_wheel,3461,27,0,0,,
413.5,2026-08-04T20:35:29.211580+00:00,head,base_back_wheel,3496,27,0,0,,
413.5,2026-08-04T20:35:29.211580+00:00,head,base_right_wheel,2174,26,0,0,,
414.5,2026-08-04T20:35:30.212672+00:00,arms,left_shoulder_pan,1857,36,0,0,1857,1857
414.5,2026-08-04T20:35:30.212672+00:00,arms,left_shoulder_lift,2403,35,4,68,2389,2403
414.5,2026-08-04T20:35:30.212672+00:00,arms,left_elbow_flex,1644,35,3,72,1629,1644
414.5,2026-08-04T20:35:30.212672+00:00,arms,left_wrist_flex,2172,34,1,24,2169,2172
414.5,2026-08-04T20:35:30.212672+00:00,arms,left_wrist_roll,1987,33,0,1044,1989,1987
414.5,2026-08-04T20:35:30.212672+00:00,arms,left_gripper,2013,37,0,0,2014,2013
414.5,2026-08-04T20:35:30.212672+00:00,arms,right_shoulder_pan,1965,37,1,1056,1974,1965
414.5,2026-08-04T20:35:30.212672+00:00,arms,right_shoulder_lift,2167,51,34,250,2049,2157
414.5,2026-08-04T20:35:30.212672+00:00,arms,right_elbow_flex,2171,45,19,162,2097,2166
414.5,2026-08-04T20:35:30.212672+00:00,arms,right_wrist_flex,1995,36,1,52,1976,1994
414.5,2026-08-04T20:35:30.212672+00:00,arms,right_wrist_roll,2109,34,0,1048,2114,2109
414.5,2026-08-04T20:35:30.212672+00:00,arms,right_gripper,2079,38,0,0,2079,2079
414.5,2026-08-04T20:35:30.212672+00:00,head,head_motor_1,2158,25,0,0,,
414.5,2026-08-04T20:35:30.212672+00:00,head,head_motor_2,1943,27,0,0,,
414.5,2026-08-04T20:35:30.212672+00:00,head,base_left_wheel,3461,27,0,0,,
414.5,2026-08-04T20:35:30.212672+00:00,head,base_back_wheel,3496,27,0,0,,
414.5,2026-08-04T20:35:30.212672+00:00,head,base_right_wheel,2173,26,0,0,,
415.5,2026-08-04T20:35:31.213150+00:00,arms,left_shoulder_pan,1857,36,0,0,1857,1857
415.5,2026-08-04T20:35:31.213150+00:00,arms,left_shoulder_lift,2403,35,3,68,2389,2403
415.5,2026-08-04T20:35:31.213150+00:00,arms,left_elbow_flex,1644,35,3,72,1629,1644
415.5,2026-08-04T20:35:31.213150+00:00,arms,left_wrist_flex,2172,34,0,24,2169,2172
415.5,2026-08-04T20:35:31.213150+00:00,arms,left_wrist_roll,1987,33,1,1044,1989,1987
415.5,2026-08-04T20:35:31.213150+00:00,arms,left_gripper,2013,37,0,0,2014,2013
415.5,2026-08-04T20:35:31.213150+00:00,arms,right_shoulder_pan,1965,37,1,1056,1974,1965
415.5,2026-08-04T20:35:31.213150+00:00,arms,right_shoulder_lift,2167,51,34,250,2049,2157
415.5,2026-08-04T20:35:31.213150+00:00,arms,right_elbow_flex,2171,45,14,162,2097,2166
415.5,2026-08-04T20:35:31.213150+00:00,arms,right_wrist_flex,1995,36,1,52,1976,1994
415.5,2026-08-04T20:35:31.213150+00:00,arms,right_wrist_roll,2109,34,0,1048,2114,2109
415.5,2026-08-04T20:35:31.213150+00:00,arms,right_gripper,2079,38,0,0,2079,2079
415.5,2026-08-04T20:35:31.213150+00:00,head,head_motor_1,2158,25,0,0,,
415.5,2026-08-04T20:35:31.213150+00:00,head,head_motor_2,1943,27,0,0,,
415.5,2026-08-04T20:35:31.213150+00:00,head,base_left_wheel,3461,27,0,0,,
415.5,2026-08-04T20:35:31.213150+00:00,head,base_back_wheel,3496,27,0,0,,
415.5,2026-08-04T20:35:31.213150+00:00,head,base_right_wheel,2173,27,0,0,,
416.5,2026-08-04T20:35:32.214566+00:00,arms,left_shoulder_pan,1857,36,0,0,1857,1857
416.5,2026-08-04T20:35:32.214566+00:00,arms,left_shoulder_lift,2403,35,4,68,2389,2403
416.5,2026-08-04T20:35:32.214566+00:00,arms,left_elbow_flex,1644,35,3,72,1629,1644
416.5,2026-08-04T20:35:32.214566+00:00,arms,left_wrist_flex,2172,34,1,24,2169,2172
416.5,2026-08-04T20:35:32.214566+00:00,arms,left_wrist_roll,1987,34,0,1044,1989,1987
416.5,2026-08-04T20:35:32.214566+00:00,arms,left_gripper,2013,37,0,0,2014,2013
416.5,2026-08-04T20:35:32.214566+00:00,arms,right_shoulder_pan,1965,37,1,1056,1974,1965
416.5,2026-08-04T20:35:32.214566+00:00,arms,right_shoulder_lift,2167,51,33,250,2049,2157
416.5,2026-08-04T20:35:32.214566+00:00,arms,right_elbow_flex,2171,45,17,162,2097,2166
416.5,2026-08-04T20:35:32.214566+00:00,arms,right_wrist_flex,1995,36,2,52,1976,1994
416.5,2026-08-04T20:35:32.214566+00:00,arms,right_wrist_roll,2109,34,1,1048,2114,2109
416.5,2026-08-04T20:35:32.214566+00:00,arms,right_gripper,2079,38,0,0,2079,2079
416.5,2026-08-04T20:35:32.214566+00:00,head,head_motor_1,2158,25,0,0,,
416.5,2026-08-04T20:35:32.214566+00:00,head,head_motor_2,1943,27,0,0,,
416.5,2026-08-04T20:35:32.214566+00:00,head,base_left_wheel,3461,27,0,0,,
416.5,2026-08-04T20:35:32.214566+00:00,head,base_back_wheel,3496,27,0,0,,
416.5,2026-08-04T20:35:32.214566+00:00,head,base_right_wheel,2173,26,0,0,,
417.5,2026-08-04T20:35:33.216002+00:00,arms,left_shoulder_pan,1857,36,0,0,1857,1857
417.5,2026-08-04T20:35:33.216002+00:00,arms,left_shoulder_lift,2403,35,4,68,2389,2403
417.5,2026-08-04T20:35:33.216002+00:00,arms,left_elbow_flex,1644,35,3,72,1629,1644
417.5,2026-08-04T20:35:33.216002+00:00,arms,left_wrist_flex,2172,34,0,24,2169,2172
417.5,2026-08-04T20:35:33.216002+00:00,arms,left_wrist_roll,1987,33,0,1044,1989,1987
417.5,2026-08-04T20:35:33.216002+00:00,arms,left_gripper,2013,37,0,0,2014,2013
417.5,2026-08-04T20:35:33.216002+00:00,arms,right_shoulder_pan,1965,37,1,1056,1974,1965
417.5,2026-08-04T20:35:33.216002+00:00,arms,right_shoulder_lift,2167,51,32,250,2049,2157
417.5,2026-08-04T20:35:33.216002+00:00,arms,right_elbow_flex,2171,45,14,162,2097,2166
417.5,2026-08-04T20:35:33.216002+00:00,arms,right_wrist_flex,1995,36,2,52,1976,1994
417.5,2026-08-04T20:35:33.216002+00:00,arms,right_wrist_roll,2109,35,0,1048,2114,2109
417.5,2026-08-04T20:35:33.216002+00:00,arms,right_gripper,2079,38,0,0,2079,2079
417.5,2026-08-04T20:35:33.216002+00:00,head,head_motor_1,2158,25,0,0,,
417.5,2026-08-04T20:35:33.216002+00:00,head,head_motor_2,1943,27,0,0,,
417.5,2026-08-04T20:35:33.216002+00:00,head,base_left_wheel,3461,27,0,0,,
417.5,2026-08-04T20:35:33.216002+00:00,head,base_back_wheel,3496,27,0,0,,
417.5,2026-08-04T20:35:33.216002+00:00,head,base_right_wheel,2173,26,0,0,,
418.5,2026-08-04T20:35:34.217095+00:00,arms,left_shoulder_pan,1857,36,0,0,1857,1857
418.5,2026-08-04T20:35:34.217095+00:00,arms,left_shoulder_lift,2403,35,4,68,2389,2403
418.5,2026-08-04T20:35:34.217095+00:00,arms,left_elbow_flex,1644,36,3,72,1629,1644
418.5,2026-08-04T20:35:34.217095+00:00,arms,left_wrist_flex,2172,34,1,24,2169,2172
418.5,2026-08-04T20:35:34.217095+00:00,arms,left_wrist_roll,1987,34,0,1044,1989,1987
418.5,2026-08-04T20:35:34.217095+00:00,arms,left_gripper,2013,37,0,0,2014,2013
418.5,2026-08-04T20:35:34.217095+00:00,arms,right_shoulder_pan,1965,37,0,1056,1974,1965
418.5,2026-08-04T20:35:34.217095+00:00,arms,right_shoulder_lift,2167,51,34,250,2049,2157
418.5,2026-08-04T20:35:34.217095+00:00,arms,right_elbow_flex,2171,45,14,162,2097,2166
418.5,2026-08-04T20:35:34.217095+00:00,arms,right_wrist_flex,1995,36,2,52,1976,1994
418.5,2026-08-04T20:35:34.217095+00:00,arms,right_wrist_roll,2109,35,0,1048,2114,2109
418.5,2026-08-04T20:35:34.217095+00:00,arms,right_gripper,2079,38,0,0,2079,2079
418.5,2026-08-04T20:35:34.217095+00:00,head,head_motor_1,2158,25,0,0,,
418.5,2026-08-04T20:35:34.217095+00:00,head,head_motor_2,1943,27,0,0,,
418.5,2026-08-04T20:35:34.217095+00:00,head,base_left_wheel,3461,27,0,0,,
418.5,2026-08-04T20:35:34.217095+00:00,head,base_back_wheel,3496,27,0,0,,
418.5,2026-08-04T20:35:34.217095+00:00,head,base_right_wheel,2173,26,0,0,,
419.5,2026-08-04T20:35:35.218540+00:00,arms,left_shoulder_pan,1857,36,0,0,1857,1857
419.5,2026-08-04T20:35:35.218540+00:00,arms,left_shoulder_lift,2403,35,3,68,2389,2403
419.5,2026-08-04T20:35:35.218540+00:00,arms,left_elbow_flex,1644,35,3,72,1629,1644
419.5,2026-08-04T20:35:35.218540+00:00,arms,left_wrist_flex,2172,34,0,24,2169,2172
419.5,2026-08-04T20:35:35.218540+00:00,arms,left_wrist_roll,1987,33,0,1044,1989,1987
419.5,2026-08-04T20:35:35.218540+00:00,arms,left_gripper,2013,37,0,0,2014,2013
419.5,2026-08-04T20:35:35.218540+00:00,arms,right_shoulder_pan,1965,37,1,1056,1974,1965
419.5,2026-08-04T20:35:35.218540+00:00,arms,right_shoulder_lift,2167,51,31,250,2049,2157
419.5,2026-08-04T20:35:35.218540+00:00,arms,right_elbow_flex,2171,45,14,162,2097,2166
419.5,2026-08-04T20:35:35.218540+00:00,arms,right_wrist_flex,1995,36,2,52,1976,1994
419.5,2026-08-04T20:35:35.218540+00:00,arms,right_wrist_roll,2109,35,1,1048,2114,2109
419.5,2026-08-04T20:35:35.218540+00:00,arms,right_gripper,2079,38,0,0,2079,2079
419.5,2026-08-04T20:35:35.218540+00:00,head,head_motor_1,2158,25,0,0,,
419.5,2026-08-04T20:35:35.218540+00:00,head,head_motor_2,1943,27,0,0,,
419.5,2026-08-04T20:35:35.218540+00:00,head,base_left_wheel,3461,27,0,0,,
419.5,2026-08-04T20:35:35.218540+00:00,head,base_back_wheel,3496,27,0,0,,
419.5,2026-08-04T20:35:35.218540+00:00,head,base_right_wheel,2173,26,0,0,,
420.5,2026-08-04T20:35:36.219616+00:00,arms,left_shoulder_pan,1857,36,0,0,1857,1857
420.5,2026-08-04T20:35:36.219616+00:00,arms,left_shoulder_lift,2403,35,3,68,2389,2403
420.5,2026-08-04T20:35:36.219616+00:00,arms,left_elbow_flex,1644,35,3,72,1629,1644
420.5,2026-08-04T20:35:36.219616+00:00,arms,left_wrist_flex,2172,34,0,24,2169,2172
420.5,2026-08-04T20:35:36.219616+00:00,arms,left_wrist_roll,1987,34,0,1044,1989,1987
420.5,2026-08-04T20:35:36.219616+00:00,arms,left_gripper,2013,37,0,0,2014,2013
420.5,2026-08-04T20:35:36.219616+00:00,arms,right_shoulder_pan,1965,37,1,1056,1974,1965
420.5,2026-08-04T20:35:36.219616+00:00,arms,right_shoulder_lift,2167,51,33,250,2049,2157
420.5,2026-08-04T20:35:36.219616+00:00,arms,right_elbow_flex,2171,45,14,162,2097,2166
420.5,2026-08-04T20:35:36.219616+00:00,arms,right_wrist_flex,1995,36,1,52,1976,1994
420.5,2026-08-04T20:35:36.219616+00:00,arms,right_wrist_roll,2109,35,0,1048,2114,2109
420.5,2026-08-04T20:35:36.219616+00:00,arms,right_gripper,2079,38,0,0,2079,2079
420.5,2026-08-04T20:35:36.219616+00:00,head,head_motor_1,2158,25,0,0,,
420.5,2026-08-04T20:35:36.219616+00:00,head,head_motor_2,1943,27,0,0,,
420.5,2026-08-04T20:35:36.219616+00:00,head,base_left_wheel,3461,27,0,0,,
420.5,2026-08-04T20:35:36.219616+00:00,head,base_back_wheel,3496,27,0,0,,
420.5,2026-08-04T20:35:36.219616+00:00,head,base_right_wheel,2173,26,0,0,,
421.5,2026-08-04T20:35:37.220665+00:00,arms,left_shoulder_pan,1857,36,0,0,1857,1857
421.5,2026-08-04T20:35:37.220665+00:00,arms,left_shoulder_lift,2403,35,4,68,2389,2403
421.5,2026-08-04T20:35:37.220665+00:00,arms,left_elbow_flex,1644,35,3,72,1629,1644
421.5,2026-08-04T20:35:37.220665+00:00,arms,left_wrist_flex,2172,34,0,24,2169,2172
421.5,2026-08-04T20:35:37.220665+00:00,arms,left_wrist_roll,1987,34,0,1044,1989,1987
421.5,2026-08-04T20:35:37.220665+00:00,arms,left_gripper,2013,37,0,0,2014,2013
421.5,2026-08-04T20:35:37.220665+00:00,arms,right_shoulder_pan,1965,37,0,1056,1974,1965
421.5,2026-08-04T20:35:37.220665+00:00,arms,right_shoulder_lift,2167,51,28,250,2049,2157
421.5,2026-08-04T20:35:37.220665+00:00,arms,right_elbow_flex,2171,45,19,162,2097,2166
421.5,2026-08-04T20:35:37.220665+00:00,arms,right_wrist_flex,1995,36,2,52,1976,1994
421.5,2026-08-04T20:35:37.220665+00:00,arms,right_wrist_roll,2109,34,0,1048,2114,2109
421.5,2026-08-04T20:35:37.220665+00:00,arms,right_gripper,2079,38,0,0,2079,2079
421.5,2026-08-04T20:35:37.220665+00:00,head,head_motor_1,2158,25,0,0,,
421.5,2026-08-04T20:35:37.220665+00:00,head,head_motor_2,1943,27,0,0,,
421.5,2026-08-04T20:35:37.220665+00:00,head,base_left_wheel,3461,27,0,0,,
421.5,2026-08-04T20:35:37.220665+00:00,head,base_back_wheel,3496,27,0,0,,
421.5,2026-08-04T20:35:37.220665+00:00,head,base_right_wheel,2173,26,0,0,,
422.5,2026-08-04T20:35:38.221723+00:00,arms,left_shoulder_pan,1857,36,0,0,1857,1857
422.5,2026-08-04T20:35:38.221723+00:00,arms,left_shoulder_lift,2403,35,4,68,2389,2403
422.5,2026-08-04T20:35:38.221723+00:00,arms,left_elbow_flex,1644,35,2,72,1629,1644
422.5,2026-08-04T20:35:38.221723+00:00,arms,left_wrist_flex,2172,34,1,24,2169,2172
422.5,2026-08-04T20:35:38.221723+00:00,arms,left_wrist_roll,1987,33,0,1044,1989,1987
422.5,2026-08-04T20:35:38.221723+00:00,arms,left_gripper,2013,37,0,0,2014,2013
422.5,2026-08-04T20:35:38.221723+00:00,arms,right_shoulder_pan,1965,37,1,1056,1974,1965
422.5,2026-08-04T20:35:38.221723+00:00,arms,right_shoulder_lift,2167,51,29,250,2049,2157
422.5,2026-08-04T20:35:38.221723+00:00,arms,right_elbow_flex,2171,46,13,162,2097,2166
422.5,2026-08-04T20:35:38.221723+00:00,arms,right_wrist_flex,1995,36,1,52,1976,1994
422.5,2026-08-04T20:35:38.221723+00:00,arms,right_wrist_roll,2109,34,0,1048,2114,2109
422.5,2026-08-04T20:35:38.221723+00:00,arms,right_gripper,2079,38,0,0,2079,2079
422.5,2026-08-04T20:35:38.221723+00:00,head,head_motor_1,2158,25,0,0,,
422.5,2026-08-04T20:35:38.221723+00:00,head,head_motor_2,1943,27,0,0,,
422.5,2026-08-04T20:35:38.221723+00:00,head,base_left_wheel,3461,27,0,0,,
422.5,2026-08-04T20:35:38.221723+00:00,head,base_back_wheel,3496,27,0,0,,
422.5,2026-08-04T20:35:38.221723+00:00,head,base_right_wheel,2173,26,0,0,,
423.5,2026-08-04T20:35:39.222775+00:00,arms,left_shoulder_pan,1857,36,0,0,1857,1857
423.5,2026-08-04T20:35:39.222775+00:00,arms,left_shoulder_lift,2403,34,4,68,2389,2403
423.5,2026-08-04T20:35:39.222775+00:00,arms,left_elbow_flex,1644,35,3,72,1629,1644
423.5,2026-08-04T20:35:39.222775+00:00,arms,left_wrist_flex,2172,34,0,24,2169,2172
423.5,2026-08-04T20:35:39.222775+00:00,arms,left_wrist_roll,1987,33,0,1044,1989,1987
423.5,2026-08-04T20:35:39.222775+00:00,arms,left_gripper,2013,37,0,0,2014,2013
423.5,2026-08-04T20:35:39.222775+00:00,arms,right_shoulder_pan,1965,37,0,1056,1974,1965
423.5,2026-08-04T20:35:39.222775+00:00,arms,right_shoulder_lift,2167,51,34,250,2049,2157
423.5,2026-08-04T20:35:39.222775+00:00,arms,right_elbow_flex,2171,46,18,162,2097,2166
423.5,2026-08-04T20:35:39.222775+00:00,arms,right_wrist_flex,1995,36,1,52,1976,1994
423.5,2026-08-04T20:35:39.222775+00:00,arms,right_wrist_roll,2109,34,1,1048,2114,2109
423.5,2026-08-04T20:35:39.222775+00:00,arms,right_gripper,2079,38,0,0,2079,2079
423.5,2026-08-04T20:35:39.222775+00:00,head,head_motor_1,2158,25,0,0,,
423.5,2026-08-04T20:35:39.222775+00:00,head,head_motor_2,1943,26,0,0,,
423.5,2026-08-04T20:35:39.222775+00:00,head,base_left_wheel,3461,27,0,0,,
423.5,2026-08-04T20:35:39.222775+00:00,head,base_back_wheel,3496,27,0,0,,
423.5,2026-08-04T20:35:39.222775+00:00,head,base_right_wheel,2173,26,0,0,,
424.5,2026-08-04T20:35:40.223862+00:00,arms,left_shoulder_pan,1857,36,0,0,1857,1857
424.5,2026-08-04T20:35:40.223862+00:00,arms,left_shoulder_lift,2403,35,4,68,2389,2403
424.5,2026-08-04T20:35:40.223862+00:00,arms,left_elbow_flex,1644,35,3,72,1629,1644
424.5,2026-08-04T20:35:40.223862+00:00,arms,left_wrist_flex,2172,34,0,24,2169,2172
424.5,2026-08-04T20:35:40.223862+00:00,arms,left_wrist_roll,1987,34,1,1044,1989,1987
424.5,2026-08-04T20:35:40.223862+00:00,arms,left_gripper,2013,37,0,0,2014,2013
424.5,2026-08-04T20:35:40.223862+00:00,arms,right_shoulder_pan,1965,37,0,1056,1974,1965
424.5,2026-08-04T20:35:40.223862+00:00,arms,right_shoulder_lift,2167,51,25,250,2049,2157
424.5,2026-08-04T20:35:40.223862+00:00,arms,right_elbow_flex,2171,46,19,162,2097,2166
424.5,2026-08-04T20:35:40.223862+00:00,arms,right_wrist_flex,1995,36,1,52,1976,1994
424.5,2026-08-04T20:35:40.223862+00:00,arms,right_wrist_roll,2109,34,1,1048,2114,2109
424.5,2026-08-04T20:35:40.223862+00:00,arms,right_gripper,2079,38,0,0,2079,2079
424.5,2026-08-04T20:35:40.223862+00:00,head,head_motor_1,2158,25,0,0,,
424.5,2026-08-04T20:35:40.223862+00:00,head,head_motor_2,1943,27,0,0,,
424.5,2026-08-04T20:35:40.223862+00:00,head,base_left_wheel,3461,27,0,0,,
424.5,2026-08-04T20:35:40.223862+00:00,head,base_back_wheel,3496,27,0,0,,
424.5,2026-08-04T20:35:40.223862+00:00,head,base_right_wheel,2173,26,0,0,,
425.5,2026-08-04T20:35:41.225288+00:00,arms,left_shoulder_pan,1857,36,0,0,1857,1857
425.5,2026-08-04T20:35:41.225288+00:00,arms,left_shoulder_lift,2403,35,4,68,2389,2403
425.5,2026-08-04T20:35:41.225288+00:00,arms,left_elbow_flex,1644,35,2,72,1629,1644
425.5,2026-08-04T20:35:41.225288+00:00,arms,left_wrist_flex,2172,34,0,24,2169,2172
425.5,2026-08-04T20:35:41.225288+00:00,arms,left_wrist_roll,1987,33,1,1044,1989,1987
425.5,2026-08-04T20:35:41.225288+00:00,arms,left_gripper,2013,37,0,0,2014,2013
425.5,2026-08-04T20:35:41.225288+00:00,arms,right_shoulder_pan,1965,37,1,1056,1974,1965
425.5,2026-08-04T20:35:41.225288+00:00,arms,right_shoulder_lift,2167,51,32,250,2049,2157
425.5,2026-08-04T20:35:41.225288+00:00,arms,right_elbow_flex,2171,46,14,162,2097,2166
425.5,2026-08-04T20:35:41.225288+00:00,arms,right_wrist_flex,1995,36,1,52,1976,1994
425.5,2026-08-04T20:35:41.225288+00:00,arms,right_wrist_roll,2109,34,1,1048,2114,2109
425.5,2026-08-04T20:35:41.225288+00:00,arms,right_gripper,2079,38,0,0,2079,2079
425.5,2026-08-04T20:35:41.225288+00:00,head,head_motor_1,2158,25,0,0,,
425.5,2026-08-04T20:35:41.225288+00:00,head,head_motor_2,1943,27,0,0,,
425.5,2026-08-04T20:35:41.225288+00:00,head,base_left_wheel,3461,27,0,0,,
425.5,2026-08-04T20:35:41.225288+00:00,head,base_back_wheel,3496,27,0,0,,
425.5,2026-08-04T20:35:41.225288+00:00,head,base_right_wheel,2173,26,1,0,,
426.5,2026-08-04T20:35:42.226740+00:00,arms,left_shoulder_pan,1857,36,0,0,1857,1857
426.5,2026-08-04T20:35:42.226740+00:00,arms,left_shoulder_lift,2403,35,3,68,2389,2403
426.5,2026-08-04T20:35:42.226740+00:00,arms,left_elbow_flex,1644,35,3,72,1629,1644
426.5,2026-08-04T20:35:42.226740+00:00,arms,left_wrist_flex,2172,34,0,24,2169,2172
426.5,2026-08-04T20:35:42.226740+00:00,arms,left_wrist_roll,1987,33,0,1044,1989,1987
426.5,2026-08-04T20:35:42.226740+00:00,arms,left_gripper,2013,37,0,0,2014,2013
426.5,2026-08-04T20:35:42.226740+00:00,arms,right_shoulder_pan,1965,37,1,1056,1974,1965
426.5,2026-08-04T20:35:42.226740+00:00,arms,right_shoulder_lift,2167,51,26,250,2049,2157
426.5,2026-08-04T20:35:42.226740+00:00,arms,right_elbow_flex,2171,46,19,162,2097,2166
426.5,2026-08-04T20:35:42.226740+00:00,arms,right_wrist_flex,1995,36,2,52,1976,1994
426.5,2026-08-04T20:35:42.226740+00:00,arms,right_wrist_roll,2109,34,0,1048,2114,2109
426.5,2026-08-04T20:35:42.226740+00:00,arms,right_gripper,2079,38,0,0,2079,2079
426.5,2026-08-04T20:35:42.226740+00:00,head,head_motor_1,2158,25,0,0,,
426.5,2026-08-04T20:35:42.226740+00:00,head,head_motor_2,1943,27,0,0,,
426.5,2026-08-04T20:35:42.226740+00:00,head,base_left_wheel,3461,27,0,0,,
426.5,2026-08-04T20:35:42.226740+00:00,head,base_back_wheel,3496,27,0,0,,
426.5,2026-08-04T20:35:42.226740+00:00,head,base_right_wheel,2173,26,0,0,,
427.5,2026-08-04T20:35:43.228202+00:00,arms,left_shoulder_pan,1857,36,0,0,1857,1857
427.5,2026-08-04T20:35:43.228202+00:00,arms,left_shoulder_lift,2403,35,3,68,2389,2403
427.5,2026-08-04T20:35:43.228202+00:00,arms,left_elbow_flex,1644,35,3,72,1629,1644
427.5,2026-08-04T20:35:43.228202+00:00,arms,left_wrist_flex,2172,34,0,24,2169,2172
427.5,2026-08-04T20:35:43.228202+00:00,arms,left_wrist_roll,1987,33,0,1044,1989,1987
427.5,2026-08-04T20:35:43.228202+00:00,arms,left_gripper,2013,37,0,0,2014,2013
427.5,2026-08-04T20:35:43.228202+00:00,arms,right_shoulder_pan,1965,37,0,1056,1974,1965
427.5,2026-08-04T20:35:43.228202+00:00,arms,right_shoulder_lift,2167,51,26,250,2049,2157
427.5,2026-08-04T20:35:43.228202+00:00,arms,right_elbow_flex,2171,46,19,162,2097,2166
427.5,2026-08-04T20:35:43.228202+00:00,arms,right_wrist_flex,1995,36,1,52,1976,1994
427.5,2026-08-04T20:35:43.228202+00:00,arms,right_wrist_roll,2109,34,0,1048,2114,2109
427.5,2026-08-04T20:35:43.228202+00:00,arms,right_gripper,2079,38,0,0,2079,2079
427.5,2026-08-04T20:35:43.228202+00:00,head,head_motor_1,2158,25,0,0,,
427.5,2026-08-04T20:35:43.228202+00:00,head,head_motor_2,1943,27,0,0,,
427.5,2026-08-04T20:35:43.228202+00:00,head,base_left_wheel,3461,27,0,0,,
427.5,2026-08-04T20:35:43.228202+00:00,head,base_back_wheel,3496,27,0,0,,
427.5,2026-08-04T20:35:43.228202+00:00,head,base_right_wheel,2174,26,0,0,,
428.5,2026-08-04T20:35:44.229292+00:00,arms,left_shoulder_pan,1857,36,0,0,1857,1857
428.5,2026-08-04T20:35:44.229292+00:00,arms,left_shoulder_lift,2403,35,4,68,2389,2403
428.5,2026-08-04T20:35:44.229292+00:00,arms,left_elbow_flex,1644,35,3,72,1629,1644
428.5,2026-08-04T20:35:44.229292+00:00,arms,left_wrist_flex,2172,34,0,24,2169,2172
428.5,2026-08-04T20:35:44.229292+00:00,arms,left_wrist_roll,1987,33,1,1044,1989,1987
428.5,2026-08-04T20:35:44.229292+00:00,arms,left_gripper,2013,37,0,0,2014,2013
428.5,2026-08-04T20:35:44.229292+00:00,arms,right_shoulder_pan,1965,37,0,1056,1974,1965
428.5,2026-08-04T20:35:44.229292+00:00,arms,right_shoulder_lift,2167,51,35,250,2049,2157
428.5,2026-08-04T20:35:44.229292+00:00,arms,right_elbow_flex,2171,45,20,162,2097,2166
428.5,2026-08-04T20:35:44.229292+00:00,arms,right_wrist_flex,1995,36,2,52,1976,1994
428.5,2026-08-04T20:35:44.229292+00:00,arms,right_wrist_roll,2109,34,0,1048,2114,2109
428.5,2026-08-04T20:35:44.229292+00:00,arms,right_gripper,2079,38,0,0,2079,2079
428.5,2026-08-04T20:35:44.229292+00:00,head,head_motor_1,2158,25,0,0,,
428.5,2026-08-04T20:35:44.229292+00:00,head,head_motor_2,1943,27,0,0,,
428.5,2026-08-04T20:35:44.229292+00:00,head,base_left_wheel,3461,27,0,0,,
428.5,2026-08-04T20:35:44.229292+00:00,head,base_back_wheel,3496,27,0,0,,
428.5,2026-08-04T20:35:44.229292+00:00,head,base_right_wheel,2173,26,0,0,,
429.5,2026-08-04T20:35:45.230387+00:00,arms,left_shoulder_pan,1857,36,0,0,1857,1857
429.5,2026-08-04T20:35:45.230387+00:00,arms,left_shoulder_lift,2403,35,3,68,2389,2403
429.5,2026-08-04T20:35:45.230387+00:00,arms,left_elbow_flex,1644,35,3,72,1629,1644
429.5,2026-08-04T20:35:45.230387+00:00,arms,left_wrist_flex,2172,34,0,24,2169,2172
429.5,2026-08-04T20:35:45.230387+00:00,arms,left_wrist_roll,1987,33,0,1044,1989,1987
429.5,2026-08-04T20:35:45.230387+00:00,arms,left_gripper,2013,37,0,0,2014,2013
429.5,2026-08-04T20:35:45.230387+00:00,arms,right_shoulder_pan,1965,37,1,1056,1974,1965
429.5,2026-08-04T20:35:45.230387+00:00,arms,right_shoulder_lift,2167,51,25,250,2049,2157
429.5,2026-08-04T20:35:45.230387+00:00,arms,right_elbow_flex,2171,46,14,162,2097,2166
429.5,2026-08-04T20:35:45.230387+00:00,arms,right_wrist_flex,1995,36,0,52,1976,1994
429.5,2026-08-04T20:35:45.230387+00:00,arms,right_wrist_roll,2109,34,0,1048,2114,2109
429.5,2026-08-04T20:35:45.230387+00:00,arms,right_gripper,2079,38,0,0,2079,2079
429.5,2026-08-04T20:35:45.230387+00:00,head,head_motor_1,2158,25,0,0,,
429.5,2026-08-04T20:35:45.230387+00:00,head,head_motor_2,1943,27,0,0,,
429.5,2026-08-04T20:35:45.230387+00:00,head,base_left_wheel,3461,27,0,0,,
429.5,2026-08-04T20:35:45.230387+00:00,head,base_back_wheel,3496,27,0,0,,
429.5,2026-08-04T20:35:45.230387+00:00,head,base_right_wheel,2173,26,0,0,,
430.5,2026-08-04T20:35:46.231852+00:00,arms,left_shoulder_pan,1857,36,0,0,1857,1857
430.5,2026-08-04T20:35:46.231852+00:00,arms,left_shoulder_lift,2403,35,4,68,2389,2403
430.5,2026-08-04T20:35:46.231852+00:00,arms,left_elbow_flex,1644,35,3,72,1629,1644
430.5,2026-08-04T20:35:46.231852+00:00,arms,left_wrist_flex,2172,34,0,24,2169,2172
430.5,2026-08-04T20:35:46.231852+00:00,arms,left_wrist_roll,1987,34,1,1044,1989,1987
430.5,2026-08-04T20:35:46.231852+00:00,arms,left_gripper,2013,37,0,0,2014,2013
430.5,2026-08-04T20:35:46.231852+00:00,arms,right_shoulder_pan,1965,37,1,1056,1974,1965
430.5,2026-08-04T20:35:46.231852+00:00,arms,right_shoulder_lift,2167,52,30,250,2049,2157
430.5,2026-08-04T20:35:46.231852+00:00,arms,right_elbow_flex,2171,46,16,162,2097,2166
430.5,2026-08-04T20:35:46.231852+00:00,arms,right_wrist_flex,1995,36,2,52,1976,1994
430.5,2026-08-04T20:35:46.231852+00:00,arms,right_wrist_roll,2109,34,0,1048,2114,2109
430.5,2026-08-04T20:35:46.231852+00:00,arms,right_gripper,2079,38,0,0,2079,2079
430.5,2026-08-04T20:35:46.231852+00:00,head,head_motor_1,2158,25,0,0,,
430.5,2026-08-04T20:35:46.231852+00:00,head,head_motor_2,1943,27,0,0,,
430.5,2026-08-04T20:35:46.231852+00:00,head,base_left_wheel,3461,27,0,0,,
430.5,2026-08-04T20:35:46.231852+00:00,head,base_back_wheel,3496,27,0,0,,
430.5,2026-08-04T20:35:46.231852+00:00,head,base_right_wheel,2173,26,0,0,,
431.5,2026-08-04T20:35:47.233321+00:00,arms,left_shoulder_pan,1857,36,0,0,1857,1857
431.5,2026-08-04T20:35:47.233321+00:00,arms,left_shoulder_lift,2403,35,4,68,2389,2403
431.5,2026-08-04T20:35:47.233321+00:00,arms,left_elbow_flex,1644,35,3,72,1629,1644
431.5,2026-08-04T20:35:47.233321+00:00,arms,left_wrist_flex,2172,34,0,24,2169,2172
431.5,2026-08-04T20:35:47.233321+00:00,arms,left_wrist_roll,1987,34,1,1044,1989,1987
431.5,2026-08-04T20:35:47.233321+00:00,arms,left_gripper,2013,37,0,0,2014,2013
431.5,2026-08-04T20:35:47.233321+00:00,arms,right_shoulder_pan,1965,37,1,1056,1974,1965
431.5,2026-08-04T20:35:47.233321+00:00,arms,right_shoulder_lift,2167,51,29,250,2049,2157
431.5,2026-08-04T20:35:47.233321+00:00,arms,right_elbow_flex,2171,46,20,162,2097,2166
431.5,2026-08-04T20:35:47.233321+00:00,arms,right_wrist_flex,1995,36,2,52,1976,1994
431.5,2026-08-04T20:35:47.233321+00:00,arms,right_wrist_roll,2109,34,1,1048,2114,2109
431.5,2026-08-04T20:35:47.233321+00:00,arms,right_gripper,2079,38,0,0,2079,2079
431.5,2026-08-04T20:35:47.233321+00:00,head,head_motor_1,2158,25,2,0,,
431.5,2026-08-04T20:35:47.233321+00:00,head,head_motor_2,1943,27,0,0,,
431.5,2026-08-04T20:35:47.233321+00:00,head,base_left_wheel,3461,27,0,0,,
431.5,2026-08-04T20:35:47.233321+00:00,head,base_back_wheel,3496,27,0,0,,
431.5,2026-08-04T20:35:47.233321+00:00,head,base_right_wheel,2173,26,0,0,,
432.5,2026-08-04T20:35:48.234367+00:00,arms,left_shoulder_pan,1857,36,0,0,1857,1857
432.5,2026-08-04T20:35:48.234367+00:00,arms,left_shoulder_lift,2403,35,3,68,2389,2403
432.5,2026-08-04T20:35:48.234367+00:00,arms,left_elbow_flex,1644,35,2,72,1629,1644
432.5,2026-08-04T20:35:48.234367+00:00,arms,left_wrist_flex,2172,34,0,24,2169,2172
432.5,2026-08-04T20:35:48.234367+00:00,arms,left_wrist_roll,1987,33,0,1044,1989,1987
432.5,2026-08-04T20:35:48.234367+00:00,arms,left_gripper,2013,37,0,0,2014,2013
432.5,2026-08-04T20:35:48.234367+00:00,arms,right_shoulder_pan,1965,37,1,1056,1974,1965
432.5,2026-08-04T20:35:48.234367+00:00,arms,right_shoulder_lift,2167,51,25,250,2049,2157
432.5,2026-08-04T20:35:48.234367+00:00,arms,right_elbow_flex,2171,46,14,162,2097,2166
432.5,2026-08-04T20:35:48.234367+00:00,arms,right_wrist_flex,1995,36,1,52,1976,1994
432.5,2026-08-04T20:35:48.234367+00:00,arms,right_wrist_roll,2109,34,0,1048,2114,2109
432.5,2026-08-04T20:35:48.234367+00:00,arms,right_gripper,2079,38,0,0,2079,2079
432.5,2026-08-04T20:35:48.234367+00:00,head,head_motor_1,2158,25,0,0,,
432.5,2026-08-04T20:35:48.234367+00:00,head,head_motor_2,1943,27,0,0,,
432.5,2026-08-04T20:35:48.234367+00:00,head,base_left_wheel,3461,27,0,0,,
432.5,2026-08-04T20:35:48.234367+00:00,head,base_back_wheel,3496,27,0,0,,
432.5,2026-08-04T20:35:48.234367+00:00,head,base_right_wheel,2173,26,0,0,,
433.5,2026-08-04T20:35:49.235801+00:00,arms,left_shoulder_pan,1857,36,0,0,1857,1857
433.5,2026-08-04T20:35:49.235801+00:00,arms,left_shoulder_lift,2403,35,3,68,2389,2403
433.5,2026-08-04T20:35:49.235801+00:00,arms,left_elbow_flex,1644,35,3,72,1629,1644
433.5,2026-08-04T20:35:49.235801+00:00,arms,left_wrist_flex,2172,34,0,24,2169,2172
433.5,2026-08-04T20:35:49.235801+00:00,arms,left_wrist_roll,1987,33,1,1044,1989,1987
433.5,2026-08-04T20:35:49.235801+00:00,arms,left_gripper,2013,37,0,0,2014,2013
433.5,2026-08-04T20:35:49.235801+00:00,arms,right_shoulder_pan,1965,37,1,1056,1974,1965
433.5,2026-08-04T20:35:49.235801+00:00,arms,right_shoulder_lift,2167,52,27,250,2049,2157
433.5,2026-08-04T20:35:49.235801+00:00,arms,right_elbow_flex,2171,46,20,162,2097,2166
433.5,2026-08-04T20:35:49.235801+00:00,arms,right_wrist_flex,1995,36,2,52,1976,1994
433.5,2026-08-04T20:35:49.235801+00:00,arms,right_wrist_roll,2109,34,0,1048,2114,2109
433.5,2026-08-04T20:35:49.235801+00:00,arms,right_gripper,2079,38,0,0,2079,2079
433.5,2026-08-04T20:35:49.235801+00:00,head,head_motor_1,2158,25,0,0,,
433.5,2026-08-04T20:35:49.235801+00:00,head,head_motor_2,1943,27,0,0,,
433.5,2026-08-04T20:35:49.235801+00:00,head,base_left_wheel,3461,26,0,0,,
433.5,2026-08-04T20:35:49.235801+00:00,head,base_back_wheel,3496,27,0,0,,
433.5,2026-08-04T20:35:49.235801+00:00,head,base_right_wheel,2174,26,0,0,,
434.5,2026-08-04T20:35:50.237125+00:00,arms,left_shoulder_pan,1857,36,0,0,1857,1857
434.5,2026-08-04T20:35:50.237125+00:00,arms,left_shoulder_lift,2403,35,3,68,2389,2403
434.5,2026-08-04T20:35:50.237125+00:00,arms,left_elbow_flex,1644,35,3,72,1629,1644
434.5,2026-08-04T20:35:50.237125+00:00,arms,left_wrist_flex,2172,34,1,24,2169,2172
434.5,2026-08-04T20:35:50.237125+00:00,arms,left_wrist_roll,1987,33,0,1044,1989,1987
434.5,2026-08-04T20:35:50.237125+00:00,arms,left_gripper,2013,37,0,0,2014,2013
434.5,2026-08-04T20:35:50.237125+00:00,arms,right_shoulder_pan,1965,37,1,1056,1974,1965
434.5,2026-08-04T20:35:50.237125+00:00,arms,right_shoulder_lift,2167,52,32,250,2049,2157
434.5,2026-08-04T20:35:50.237125+00:00,arms,right_elbow_flex,2171,45,20,162,2097,2166
434.5,2026-08-04T20:35:50.237125+00:00,arms,right_wrist_flex,1995,36,2,52,1976,1994
434.5,2026-08-04T20:35:50.237125+00:00,arms,right_wrist_roll,2109,35,1,1048,2114,2109
434.5,2026-08-04T20:35:50.237125+00:00,arms,right_gripper,2079,38,0,0,2079,2079
434.5,2026-08-04T20:35:50.237125+00:00,head,head_motor_1,2158,25,0,0,,
434.5,2026-08-04T20:35:50.237125+00:00,head,head_motor_2,1943,27,0,0,,
434.5,2026-08-04T20:35:50.237125+00:00,head,base_left_wheel,3461,27,0,0,,
434.5,2026-08-04T20:35:50.237125+00:00,head,base_back_wheel,3496,27,0,0,,
434.5,2026-08-04T20:35:50.237125+00:00,head,base_right_wheel,2173,26,0,0,,
435.5,2026-08-04T20:35:51.238215+00:00,arms,left_shoulder_pan,1857,36,0,0,1857,1857
435.5,2026-08-04T20:35:51.238215+00:00,arms,left_shoulder_lift,2403,35,3,68,2389,2403
435.5,2026-08-04T20:35:51.238215+00:00,arms,left_elbow_flex,1644,36,3,72,1629,1644
435.5,2026-08-04T20:35:51.238215+00:00,arms,left_wrist_flex,2172,34,0,24,2169,2172
435.5,2026-08-04T20:35:51.238215+00:00,arms,left_wrist_roll,1987,33,1,1044,1989,1987
435.5,2026-08-04T20:35:51.238215+00:00,arms,left_gripper,2013,37,0,0,2014,2013
435.5,2026-08-04T20:35:51.238215+00:00,arms,right_shoulder_pan,1965,37,1,1056,1974,1965
435.5,2026-08-04T20:35:51.238215+00:00,arms,right_shoulder_lift,2167,52,28,250,2049,2157
435.5,2026-08-04T20:35:51.238215+00:00,arms,right_elbow_flex,2171,46,20,162,2097,2166
435.5,2026-08-04T20:35:51.238215+00:00,arms,right_wrist_flex,1995,36,1,52,1976,1994
435.5,2026-08-04T20:35:51.238215+00:00,arms,right_wrist_roll,2109,34,0,1048,2114,2109
435.5,2026-08-04T20:35:51.238215+00:00,arms,right_gripper,2079,38,0,0,2079,2079
435.5,2026-08-04T20:35:51.238215+00:00,head,head_motor_1,2158,25,0,0,,
435.5,2026-08-04T20:35:51.238215+00:00,head,head_motor_2,1943,27,0,0,,
435.5,2026-08-04T20:35:51.238215+00:00,head,base_left_wheel,3461,27,0,0,,
435.5,2026-08-04T20:35:51.238215+00:00,head,base_back_wheel,3496,27,0,0,,
435.5,2026-08-04T20:35:51.238215+00:00,head,base_right_wheel,2173,26,0,0,,
436.5,2026-08-04T20:35:52.239670+00:00,arms,left_shoulder_pan,1857,36,0,0,1857,1857
436.5,2026-08-04T20:35:52.239670+00:00,arms,left_shoulder_lift,2403,35,4,68,2389,2403
436.5,2026-08-04T20:35:52.239670+00:00,arms,left_elbow_flex,1644,35,3,72,1629,1644
436.5,2026-08-04T20:35:52.239670+00:00,arms,left_wrist_flex,2172,34,1,24,2169,2172
436.5,2026-08-04T20:35:52.239670+00:00,arms,left_wrist_roll,1987,33,0,1044,1989,1987
436.5,2026-08-04T20:35:52.239670+00:00,arms,left_gripper,2013,37,0,0,2014,2013
436.5,2026-08-04T20:35:52.239670+00:00,arms,right_shoulder_pan,1965,37,1,1056,1974,1965
436.5,2026-08-04T20:35:52.239670+00:00,arms,right_shoulder_lift,2167,52,27,250,2049,2157
436.5,2026-08-04T20:35:52.239670+00:00,arms,right_elbow_flex,2171,46,20,162,2097,2166
436.5,2026-08-04T20:35:52.239670+00:00,arms,right_wrist_flex,1995,36,2,52,1976,1994
436.5,2026-08-04T20:35:52.239670+00:00,arms,right_wrist_roll,2109,35,0,1048,2114,2109
436.5,2026-08-04T20:35:52.239670+00:00,arms,right_gripper,2079,38,0,0,2079,2079
436.5,2026-08-04T20:35:52.239670+00:00,head,head_motor_1,2158,25,0,0,,
436.5,2026-08-04T20:35:52.239670+00:00,head,head_motor_2,1943,27,0,0,,
436.5,2026-08-04T20:35:52.239670+00:00,head,base_left_wheel,3461,27,0,0,,
436.5,2026-08-04T20:35:52.239670+00:00,head,base_back_wheel,3496,27,0,0,,
436.5,2026-08-04T20:35:52.239670+00:00,head,base_right_wheel,2173,26,0,0,,
437.5,2026-08-04T20:35:53.241154+00:00,arms,left_shoulder_pan,1857,36,0,0,1857,1857
437.5,2026-08-04T20:35:53.241154+00:00,arms,left_shoulder_lift,2403,35,4,68,2389,2403
437.5,2026-08-04T20:35:53.241154+00:00,arms,left_elbow_flex,1644,35,3,72,1629,1644
437.5,2026-08-04T20:35:53.241154+00:00,arms,left_wrist_flex,2172,34,0,24,2169,2172
437.5,2026-08-04T20:35:53.241154+00:00,arms,left_wrist_roll,1987,33,0,1044,1989,1987
437.5,2026-08-04T20:35:53.241154+00:00,arms,left_gripper,2013,37,0,0,2014,2013
437.5,2026-08-04T20:35:53.241154+00:00,arms,right_shoulder_pan,1965,37,1,1056,1974,1965
437.5,2026-08-04T20:35:53.241154+00:00,arms,right_shoulder_lift,2167,52,25,250,2049,2157
437.5,2026-08-04T20:35:53.241154+00:00,arms,right_elbow_flex,2171,46,18,162,2097,2166
437.5,2026-08-04T20:35:53.241154+00:00,arms,right_wrist_flex,1995,36,2,52,1976,1994
437.5,2026-08-04T20:35:53.241154+00:00,arms,right_wrist_roll,2109,34,1,1048,2114,2109
437.5,2026-08-04T20:35:53.241154+00:00,arms,right_gripper,2079,38,0,0,2079,2079
437.5,2026-08-04T20:35:53.241154+00:00,head,head_motor_1,2158,25,0,0,,
437.5,2026-08-04T20:35:53.241154+00:00,head,head_motor_2,1943,27,0,0,,
437.5,2026-08-04T20:35:53.241154+00:00,head,base_left_wheel,3461,27,0,0,,
437.5,2026-08-04T20:35:53.241154+00:00,head,base_back_wheel,3496,27,0,0,,
437.5,2026-08-04T20:35:53.241154+00:00,head,base_right_wheel,2173,26,0,0,,
438.5,2026-08-04T20:35:54.242248+00:00,arms,left_shoulder_pan,1857,36,0,0,1857,1857
438.5,2026-08-04T20:35:54.242248+00:00,arms,left_shoulder_lift,2403,35,3,68,2389,2403
438.5,2026-08-04T20:35:54.242248+00:00,arms,left_elbow_flex,1644,35,3,72,1629,1644
438.5,2026-08-04T20:35:54.242248+00:00,arms,left_wrist_flex,2172,34,0,24,2169,2172
438.5,2026-08-04T20:35:54.242248+00:00,arms,left_wrist_roll,1987,33,1,1044,1989,1987
438.5,2026-08-04T20:35:54.242248+00:00,arms,left_gripper,2013,37,0,0,2014,2013
438.5,2026-08-04T20:35:54.242248+00:00,arms,right_shoulder_pan,1965,37,1,1056,1974,1965
438.5,2026-08-04T20:35:54.242248+00:00,arms,right_shoulder_lift,2167,52,25,250,2049,2157
438.5,2026-08-04T20:35:54.242248+00:00,arms,right_elbow_flex,2171,46,16,162,2097,2166
438.5,2026-08-04T20:35:54.242248+00:00,arms,right_wrist_flex,1995,36,1,52,1976,1994
438.5,2026-08-04T20:35:54.242248+00:00,arms,right_wrist_roll,2109,34,0,1048,2114,2109
438.5,2026-08-04T20:35:54.242248+00:00,arms,right_gripper,2079,38,0,0,2079,2079
438.5,2026-08-04T20:35:54.242248+00:00,head,head_motor_1,2158,25,0,0,,
438.5,2026-08-04T20:35:54.242248+00:00,head,head_motor_2,1943,27,0,0,,
438.5,2026-08-04T20:35:54.242248+00:00,head,base_left_wheel,3461,27,0,0,,
438.5,2026-08-04T20:35:54.242248+00:00,head,base_back_wheel,3496,27,0,0,,
438.5,2026-08-04T20:35:54.242248+00:00,head,base_right_wheel,2173,26,0,0,,
439.5,2026-08-04T20:35:55.243718+00:00,arms,left_shoulder_pan,1857,36,0,0,1857,1857
439.5,2026-08-04T20:35:55.243718+00:00,arms,left_shoulder_lift,2403,35,4,68,2389,2403
439.5,2026-08-04T20:35:55.243718+00:00,arms,left_elbow_flex,1644,35,3,72,1629,1644
439.5,2026-08-04T20:35:55.243718+00:00,arms,left_wrist_flex,2172,34,0,24,2169,2172
439.5,2026-08-04T20:35:55.243718+00:00,arms,left_wrist_roll,1987,33,0,1044,1989,1987
439.5,2026-08-04T20:35:55.243718+00:00,arms,left_gripper,2013,37,0,0,2014,2013
439.5,2026-08-04T20:35:55.243718+00:00,arms,right_shoulder_pan,1965,37,1,1056,1974,1965
439.5,2026-08-04T20:35:55.243718+00:00,arms,right_shoulder_lift,2167,52,30,250,2049,2157
439.5,2026-08-04T20:35:55.243718+00:00,arms,right_elbow_flex,2171,46,14,162,2097,2166
439.5,2026-08-04T20:35:55.243718+00:00,arms,right_wrist_flex,1995,36,1,52,1976,1994
439.5,2026-08-04T20:35:55.243718+00:00,arms,right_wrist_roll,2109,34,0,1048,2114,2109
439.5,2026-08-04T20:35:55.243718+00:00,arms,right_gripper,2079,38,0,0,2079,2079
439.5,2026-08-04T20:35:55.243718+00:00,head,head_motor_1,2158,25,0,0,,
439.5,2026-08-04T20:35:55.243718+00:00,head,head_motor_2,1943,27,0,0,,
439.5,2026-08-04T20:35:55.243718+00:00,head,base_left_wheel,3461,27,0,0,,
439.5,2026-08-04T20:35:55.243718+00:00,head,base_back_wheel,3496,27,0,0,,
439.5,2026-08-04T20:35:55.243718+00:00,head,base_right_wheel,2173,26,0,0,,
440.5,2026-08-04T20:35:56.245219+00:00,arms,left_shoulder_pan,1857,36,0,0,1857,1857
440.5,2026-08-04T20:35:56.245219+00:00,arms,left_shoulder_lift,2403,35,3,68,2389,2403
440.5,2026-08-04T20:35:56.245219+00:00,arms,left_elbow_flex,1644,35,3,72,1629,1644
440.5,2026-08-04T20:35:56.245219+00:00,arms,left_wrist_flex,2172,35,0,24,2169,2172
440.5,2026-08-04T20:35:56.245219+00:00,arms,left_wrist_roll,1987,33,0,1044,1989,1987
440.5,2026-08-04T20:35:56.245219+00:00,arms,left_gripper,2013,37,0,0,2014,2013
440.5,2026-08-04T20:35:56.245219+00:00,arms,right_shoulder_pan,1965,37,0,1056,1974,1965
440.5,2026-08-04T20:35:56.245219+00:00,arms,right_shoulder_lift,2167,52,29,250,2049,2157
440.5,2026-08-04T20:35:56.245219+00:00,arms,right_elbow_flex,2171,46,20,162,2097,2166
440.5,2026-08-04T20:35:56.245219+00:00,arms,right_wrist_flex,1995,36,1,52,1976,1994
440.5,2026-08-04T20:35:56.245219+00:00,arms,right_wrist_roll,2109,34,0,1048,2114,2109
440.5,2026-08-04T20:35:56.245219+00:00,arms,right_gripper,2079,38,0,0,2079,2079
440.5,2026-08-04T20:35:56.245219+00:00,head,head_motor_1,2158,25,0,0,,
440.5,2026-08-04T20:35:56.245219+00:00,head,head_motor_2,1943,27,0,0,,
440.5,2026-08-04T20:35:56.245219+00:00,head,base_left_wheel,3461,27,0,0,,
440.5,2026-08-04T20:35:56.245219+00:00,head,base_back_wheel,3496,27,0,0,,
440.5,2026-08-04T20:35:56.245219+00:00,head,base_right_wheel,2173,26,0,0,,
441.5,2026-08-04T20:35:57.246308+00:00,arms,left_shoulder_pan,1857,36,0,0,1857,1857
441.5,2026-08-04T20:35:57.246308+00:00,arms,left_shoulder_lift,2403,35,4,68,2389,2403
441.5,2026-08-04T20:35:57.246308+00:00,arms,left_elbow_flex,1644,35,3,72,1629,1644
441.5,2026-08-04T20:35:57.246308+00:00,arms,left_wrist_flex,2172,34,1,24,2169,2172
441.5,2026-08-04T20:35:57.246308+00:00,arms,left_wrist_roll,1987,33,0,1044,1989,1987
441.5,2026-08-04T20:35:57.246308+00:00,arms,left_gripper,2013,37,0,0,2014,2013
441.5,2026-08-04T20:35:57.246308+00:00,arms,right_shoulder_pan,1965,37,1,1056,1974,1965
441.5,2026-08-04T20:35:57.246308+00:00,arms,right_shoulder_lift,2167,52,25,250,2049,2157
441.5,2026-08-04T20:35:57.246308+00:00,arms,right_elbow_flex,2171,46,20,162,2097,2166
441.5,2026-08-04T20:35:57.246308+00:00,arms,right_wrist_flex,1995,36,1,52,1976,1994
441.5,2026-08-04T20:35:57.246308+00:00,arms,right_wrist_roll,2109,34,0,1048,2114,2109
441.5,2026-08-04T20:35:57.246308+00:00,arms,right_gripper,2079,38,0,0,2079,2079
441.5,2026-08-04T20:35:57.246308+00:00,head,head_motor_1,2158,25,0,0,,
441.5,2026-08-04T20:35:57.246308+00:00,head,head_motor_2,1943,27,0,0,,
441.5,2026-08-04T20:35:57.246308+00:00,head,base_left_wheel,3461,27,0,0,,
441.5,2026-08-04T20:35:57.246308+00:00,head,base_back_wheel,3496,27,0,0,,
441.5,2026-08-04T20:35:57.246308+00:00,head,base_right_wheel,2173,26,0,0,,
442.5,2026-08-04T20:35:58.247814+00:00,arms,left_shoulder_pan,1857,36,0,0,1857,1857
442.5,2026-08-04T20:35:58.247814+00:00,arms,left_shoulder_lift,2403,35,3,68,2389,2403
442.5,2026-08-04T20:35:58.247814+00:00,arms,left_elbow_flex,1644,35,3,72,1629,1644
442.5,2026-08-04T20:35:58.247814+00:00,arms,left_wrist_flex,2172,34,0,24,2169,2172
442.5,2026-08-04T20:35:58.247814+00:00,arms,left_wrist_roll,1987,33,0,1044,1989,1987
442.5,2026-08-04T20:35:58.247814+00:00,arms,left_gripper,2013,37,0,0,2014,2013
442.5,2026-08-04T20:35:58.247814+00:00,arms,right_shoulder_pan,1965,37,1,1056,1974,1965
442.5,2026-08-04T20:35:58.247814+00:00,arms,right_shoulder_lift,2167,52,25,250,2049,2157
442.5,2026-08-04T20:35:58.247814+00:00,arms,right_elbow_flex,2171,46,14,162,2097,2166
442.5,2026-08-04T20:35:58.247814+00:00,arms,right_wrist_flex,1995,36,1,52,1976,1994
442.5,2026-08-04T20:35:58.247814+00:00,arms,right_wrist_roll,2109,34,0,1048,2114,2109
442.5,2026-08-04T20:35:58.247814+00:00,arms,right_gripper,2079,38,0,0,2079,2079
442.5,2026-08-04T20:35:58.247814+00:00,head,head_motor_1,2158,25,0,0,,
442.5,2026-08-04T20:35:58.247814+00:00,head,head_motor_2,1943,27,0,0,,
442.5,2026-08-04T20:35:58.247814+00:00,head,base_left_wheel,3461,26,0,0,,
442.5,2026-08-04T20:35:58.247814+00:00,head,base_back_wheel,3496,27,0,0,,
442.5,2026-08-04T20:35:58.247814+00:00,head,base_right_wheel,2173,26,0,0,,
443.5,2026-08-04T20:35:59.248917+00:00,arms,left_shoulder_pan,1857,36,0,0,1857,1857
443.5,2026-08-04T20:35:59.248917+00:00,arms,left_shoulder_lift,2403,35,4,68,2389,2403
443.5,2026-08-04T20:35:59.248917+00:00,arms,left_elbow_flex,1644,35,3,72,1629,1644
443.5,2026-08-04T20:35:59.248917+00:00,arms,left_wrist_flex,2172,34,0,24,2169,2172
443.5,2026-08-04T20:35:59.248917+00:00,arms,left_wrist_roll,1987,33,1,1044,1989,1987
443.5,2026-08-04T20:35:59.248917+00:00,arms,left_gripper,2013,37,0,0,2014,2013
443.5,2026-08-04T20:35:59.248917+00:00,arms,right_shoulder_pan,1965,37,1,1056,1974,1965
443.5,2026-08-04T20:35:59.248917+00:00,arms,right_shoulder_lift,2167,52,29,250,2049,2157
443.5,2026-08-04T20:35:59.248917+00:00,arms,right_elbow_flex,2171,46,18,162,2097,2166
443.5,2026-08-04T20:35:59.248917+00:00,arms,right_wrist_flex,1995,36,2,52,1976,1994
443.5,2026-08-04T20:35:59.248917+00:00,arms,right_wrist_roll,2109,34,0,1048,2114,2109
443.5,2026-08-04T20:35:59.248917+00:00,arms,right_gripper,2079,38,0,0,2079,2079
443.5,2026-08-04T20:35:59.248917+00:00,head,head_motor_1,2158,25,0,0,,
443.5,2026-08-04T20:35:59.248917+00:00,head,head_motor_2,1943,27,0,0,,
443.5,2026-08-04T20:35:59.248917+00:00,head,base_left_wheel,3461,27,0,0,,
443.5,2026-08-04T20:35:59.248917+00:00,head,base_back_wheel,3496,27,0,0,,
443.5,2026-08-04T20:35:59.248917+00:00,head,base_right_wheel,2173,26,0,0,,
444.5,2026-08-04T20:36:00.250008+00:00,arms,left_shoulder_pan,1857,36,0,0,1857,1857
444.5,2026-08-04T20:36:00.250008+00:00,arms,left_shoulder_lift,2403,35,3,68,2389,2403
444.5,2026-08-04T20:36:00.250008+00:00,arms,left_elbow_flex,1644,35,3,72,1629,1644
444.5,2026-08-04T20:36:00.250008+00:00,arms,left_wrist_flex,2172,34,0,24,2169,2172
444.5,2026-08-04T20:36:00.250008+00:00,arms,left_wrist_roll,1987,34,0,1044,1989,1987
444.5,2026-08-04T20:36:00.250008+00:00,arms,left_gripper,2013,37,0,0,2014,2013
444.5,2026-08-04T20:36:00.250008+00:00,arms,right_shoulder_pan,1965,37,1,1056,1974,1965
444.5,2026-08-04T20:36:00.250008+00:00,arms,right_shoulder_lift,2167,52,27,250,2049,2157
444.5,2026-08-04T20:36:00.250008+00:00,arms,right_elbow_flex,2171,46,14,162,2097,2166
444.5,2026-08-04T20:36:00.250008+00:00,arms,right_wrist_flex,1995,36,2,52,1976,1994
444.5,2026-08-04T20:36:00.250008+00:00,arms,right_wrist_roll,2109,35,0,1048,2114,2109
444.5,2026-08-04T20:36:00.250008+00:00,arms,right_gripper,2079,38,0,0,2079,2079
444.5,2026-08-04T20:36:00.250008+00:00,head,head_motor_1,2158,25,0,0,,
444.5,2026-08-04T20:36:00.250008+00:00,head,head_motor_2,1943,27,0,0,,
444.5,2026-08-04T20:36:00.250008+00:00,head,base_left_wheel,3461,27,0,0,,
444.5,2026-08-04T20:36:00.250008+00:00,head,base_back_wheel,3496,27,0,0,,
444.5,2026-08-04T20:36:00.250008+00:00,head,base_right_wheel,2173,26,0,0,,
445.5,2026-08-04T20:36:01.251105+00:00,arms,left_shoulder_pan,1857,36,0,0,1857,1857
445.5,2026-08-04T20:36:01.251105+00:00,arms,left_shoulder_lift,2403,35,3,68,2389,2403
445.5,2026-08-04T20:36:01.251105+00:00,arms,left_elbow_flex,1644,35,3,72,1629,1644
445.5,2026-08-04T20:36:01.251105+00:00,arms,left_wrist_flex,2172,34,0,24,2169,2172
445.5,2026-08-04T20:36:01.251105+00:00,arms,left_wrist_roll,1987,33,0,1044,1989,1987
445.5,2026-08-04T20:36:01.251105+00:00,arms,left_gripper,2013,37,0,0,2014,2013
445.5,2026-08-04T20:36:01.251105+00:00,arms,right_shoulder_pan,1965,37,1,1056,1974,1965
445.5,2026-08-04T20:36:01.251105+00:00,arms,right_shoulder_lift,2167,52,30,250,2049,2157
445.5,2026-08-04T20:36:01.251105+00:00,arms,right_elbow_flex,2171,46,19,162,2097,2166
445.5,2026-08-04T20:36:01.251105+00:00,arms,right_wrist_flex,1995,36,2,52,1976,1994
445.5,2026-08-04T20:36:01.251105+00:00,arms,right_wrist_roll,2109,34,0,1048,2114,2109
445.5,2026-08-04T20:36:01.251105+00:00,arms,right_gripper,2079,38,0,0,2079,2079
445.5,2026-08-04T20:36:01.251105+00:00,head,head_motor_1,2158,25,0,0,,
445.5,2026-08-04T20:36:01.251105+00:00,head,head_motor_2,1943,27,0,0,,
445.5,2026-08-04T20:36:01.251105+00:00,head,base_left_wheel,3461,27,0,0,,
445.5,2026-08-04T20:36:01.251105+00:00,head,base_back_wheel,3496,27,0,0,,
445.5,2026-08-04T20:36:01.251105+00:00,head,base_right_wheel,2173,26,0,0,,
446.5,2026-08-04T20:36:02.252200+00:00,arms,left_shoulder_pan,1857,36,0,0,1857,1857
446.5,2026-08-04T20:36:02.252200+00:00,arms,left_shoulder_lift,2403,35,3,68,2389,2403
446.5,2026-08-04T20:36:02.252200+00:00,arms,left_elbow_flex,1644,35,3,72,1629,1644
446.5,2026-08-04T20:36:02.252200+00:00,arms,left_wrist_flex,2172,34,0,24,2169,2172
446.5,2026-08-04T20:36:02.252200+00:00,arms,left_wrist_roll,1987,34,0,1044,1989,1987
446.5,2026-08-04T20:36:02.252200+00:00,arms,left_gripper,2013,37,0,0,2014,2013
446.5,2026-08-04T20:36:02.252200+00:00,arms,right_shoulder_pan,1965,37,1,1056,1974,1965
446.5,2026-08-04T20:36:02.252200+00:00,arms,right_shoulder_lift,2167,52,32,250,2049,2157
446.5,2026-08-04T20:36:02.252200+00:00,arms,right_elbow_flex,2171,46,19,162,2097,2166
446.5,2026-08-04T20:36:02.252200+00:00,arms,right_wrist_flex,1995,36,1,52,1976,1994
446.5,2026-08-04T20:36:02.252200+00:00,arms,right_wrist_roll,2109,34,0,1048,2114,2109
446.5,2026-08-04T20:36:02.252200+00:00,arms,right_gripper,2079,38,0,0,2079,2079
446.5,2026-08-04T20:36:02.252200+00:00,head,head_motor_1,2158,25,0,0,,
446.5,2026-08-04T20:36:02.252200+00:00,head,head_motor_2,1943,27,0,0,,
446.5,2026-08-04T20:36:02.252200+00:00,head,base_left_wheel,3461,27,0,0,,
446.5,2026-08-04T20:36:02.252200+00:00,head,base_back_wheel,3496,27,0,0,,
446.5,2026-08-04T20:36:02.252200+00:00,head,base_right_wheel,2173,26,0,0,,
447.5,2026-08-04T20:36:03.253710+00:00,arms,left_shoulder_pan,1857,36,0,0,1857,1857
447.5,2026-08-04T20:36:03.253710+00:00,arms,left_shoulder_lift,2403,35,3,68,2389,2403
447.5,2026-08-04T20:36:03.253710+00:00,arms,left_elbow_flex,1644,35,3,72,1629,1644
447.5,2026-08-04T20:36:03.253710+00:00,arms,left_wrist_flex,2172,34,0,24,2169,2172
447.5,2026-08-04T20:36:03.253710+00:00,arms,left_wrist_roll,1987,33,1,1044,1989,1987
447.5,2026-08-04T20:36:03.253710+00:00,arms,left_gripper,2013,37,0,0,2014,2013
447.5,2026-08-04T20:36:03.253710+00:00,arms,right_shoulder_pan,1965,37,0,1056,1974,1965
447.5,2026-08-04T20:36:03.253710+00:00,arms,right_shoulder_lift,2168,52,30,252,2049,2157
447.5,2026-08-04T20:36:03.253710+00:00,arms,right_elbow_flex,2171,46,18,162,2097,2166
447.5,2026-08-04T20:36:03.253710+00:00,arms,right_wrist_flex,1995,36,2,52,1976,1994
447.5,2026-08-04T20:36:03.253710+00:00,arms,right_wrist_roll,2109,34,1,1048,2114,2109
447.5,2026-08-04T20:36:03.253710+00:00,arms,right_gripper,2079,38,0,0,2079,2079
447.5,2026-08-04T20:36:03.253710+00:00,head,head_motor_1,2158,25,0,0,,
447.5,2026-08-04T20:36:03.253710+00:00,head,head_motor_2,1943,27,0,0,,
447.5,2026-08-04T20:36:03.253710+00:00,head,base_left_wheel,3461,26,0,0,,
447.5,2026-08-04T20:36:03.253710+00:00,head,base_back_wheel,3496,27,0,0,,
447.5,2026-08-04T20:36:03.253710+00:00,head,base_right_wheel,2173,26,0,0,,
448.5,2026-08-04T20:36:04.254771+00:00,arms,left_shoulder_pan,1857,36,0,0,1857,1857
448.5,2026-08-04T20:36:04.254771+00:00,arms,left_shoulder_lift,2403,35,3,68,2389,2403
448.5,2026-08-04T20:36:04.254771+00:00,arms,left_elbow_flex,1644,35,4,72,1629,1644
448.5,2026-08-04T20:36:04.254771+00:00,arms,left_wrist_flex,2172,34,0,24,2169,2172
448.5,2026-08-04T20:36:04.254771+00:00,arms,left_wrist_roll,1987,33,0,1044,1989,1987
448.5,2026-08-04T20:36:04.254771+00:00,arms,left_gripper,2013,37,0,0,2014,2013
448.5,2026-08-04T20:36:04.254771+00:00,arms,right_shoulder_pan,1965,37,0,1056,1974,1965
448.5,2026-08-04T20:36:04.254771+00:00,arms,right_shoulder_lift,2168,52,27,252,2049,2157
448.5,2026-08-04T20:36:04.254771+00:00,arms,right_elbow_flex,2171,46,20,162,2097,2166
448.5,2026-08-04T20:36:04.254771+00:00,arms,right_wrist_flex,1995,36,2,52,1976,1994
448.5,2026-08-04T20:36:04.254771+00:00,arms,right_wrist_roll,2109,34,0,1048,2114,2109
448.5,2026-08-04T20:36:04.254771+00:00,arms,right_gripper,2079,38,0,0,2079,2079
448.5,2026-08-04T20:36:04.254771+00:00,head,head_motor_1,2158,25,0,0,,
448.5,2026-08-04T20:36:04.254771+00:00,head,head_motor_2,1943,27,0,0,,
448.5,2026-08-04T20:36:04.254771+00:00,head,base_left_wheel,3461,27,0,0,,
448.5,2026-08-04T20:36:04.254771+00:00,head,base_back_wheel,3496,27,0,0,,
448.5,2026-08-04T20:36:04.254771+00:00,head,base_right_wheel,2173,26,0,0,,
449.5,2026-08-04T20:36:05.256019+00:00,arms,left_shoulder_pan,1857,36,0,0,1857,1857
449.5,2026-08-04T20:36:05.256019+00:00,arms,left_shoulder_lift,2403,35,3,68,2389,2403
449.5,2026-08-04T20:36:05.256019+00:00,arms,left_elbow_flex,1644,35,2,72,1629,1644
449.5,2026-08-04T20:36:05.256019+00:00,arms,left_wrist_flex,2172,34,0,24,2169,2172
449.5,2026-08-04T20:36:05.256019+00:00,arms,left_wrist_roll,1987,33,0,1044,1989,1987
449.5,2026-08-04T20:36:05.256019+00:00,arms,left_gripper,2013,37,0,0,2014,2013
449.5,2026-08-04T20:36:05.256019+00:00,arms,right_shoulder_pan,1965,37,0,1056,1974,1965
449.5,2026-08-04T20:36:05.256019+00:00,arms,right_shoulder_lift,2168,52,32,252,2049,2157
449.5,2026-08-04T20:36:05.256019+00:00,arms,right_elbow_flex,2171,46,14,162,2097,2166
449.5,2026-08-04T20:36:05.256019+00:00,arms,right_wrist_flex,1995,36,2,52,1976,1994
449.5,2026-08-04T20:36:05.256019+00:00,arms,right_wrist_roll,2109,34,0,1048,2114,2109
449.5,2026-08-04T20:36:05.256019+00:00,arms,right_gripper,2079,38,0,0,2079,2079
449.5,2026-08-04T20:36:05.256019+00:00,head,head_motor_1,2158,25,0,0,,
449.5,2026-08-04T20:36:05.256019+00:00,head,head_motor_2,1943,27,0,0,,
449.5,2026-08-04T20:36:05.256019+00:00,head,base_left_wheel,3461,27,0,0,,
449.5,2026-08-04T20:36:05.256019+00:00,head,base_back_wheel,3496,26,0,0,,
449.5,2026-08-04T20:36:05.256019+00:00,head,base_right_wheel,2173,26,0,0,,
450.5,2026-08-04T20:36:06.257495+00:00,arms,left_shoulder_pan,1857,36,0,0,1857,1857
450.5,2026-08-04T20:36:06.257495+00:00,arms,left_shoulder_lift,2403,35,4,68,2389,2403
450.5,2026-08-04T20:36:06.257495+00:00,arms,left_elbow_flex,1644,35,4,72,1629,1644
450.5,2026-08-04T20:36:06.257495+00:00,arms,left_wrist_flex,2172,34,0,24,2169,2172
450.5,2026-08-04T20:36:06.257495+00:00,arms,left_wrist_roll,1987,33,0,1044,1989,1987
450.5,2026-08-04T20:36:06.257495+00:00,arms,left_gripper,2013,37,0,0,2014,2013
450.5,2026-08-04T20:36:06.257495+00:00,arms,right_shoulder_pan,1965,37,1,1056,1974,1965
450.5,2026-08-04T20:36:06.257495+00:00,arms,right_shoulder_lift,2168,52,25,252,2049,2157
450.5,2026-08-04T20:36:06.257495+00:00,arms,right_elbow_flex,2171,46,14,162,2097,2166
450.5,2026-08-04T20:36:06.257495+00:00,arms,right_wrist_flex,1995,36,2,52,1976,1994
450.5,2026-08-04T20:36:06.257495+00:00,arms,right_wrist_roll,2109,34,0,1048,2114,2109
450.5,2026-08-04T20:36:06.257495+00:00,arms,right_gripper,2079,38,0,0,2079,2079
450.5,2026-08-04T20:36:06.257495+00:00,head,head_motor_1,2158,25,0,0,,
450.5,2026-08-04T20:36:06.257495+00:00,head,head_motor_2,1943,27,0,0,,
450.5,2026-08-04T20:36:06.257495+00:00,head,base_left_wheel,3461,27,0,0,,
450.5,2026-08-04T20:36:06.257495+00:00,head,base_back_wheel,3496,27,0,0,,
450.5,2026-08-04T20:36:06.257495+00:00,head,base_right_wheel,2173,26,0,0,,
451.5,2026-08-04T20:36:07.258990+00:00,arms,left_shoulder_pan,1857,36,0,0,1857,1857
451.5,2026-08-04T20:36:07.258990+00:00,arms,left_shoulder_lift,2403,35,4,68,2389,2403
451.5,2026-08-04T20:36:07.258990+00:00,arms,left_elbow_flex,1644,35,3,72,1629,1644
451.5,2026-08-04T20:36:07.258990+00:00,arms,left_wrist_flex,2172,34,0,24,2169,2172
451.5,2026-08-04T20:36:07.258990+00:00,arms,left_wrist_roll,1987,34,1,1044,1989,1987
451.5,2026-08-04T20:36:07.258990+00:00,arms,left_gripper,2013,37,0,0,2014,2013
451.5,2026-08-04T20:36:07.258990+00:00,arms,right_shoulder_pan,1965,37,0,1056,1974,1965
451.5,2026-08-04T20:36:07.258990+00:00,arms,right_shoulder_lift,2168,52,26,252,2049,2157
451.5,2026-08-04T20:36:07.258990+00:00,arms,right_elbow_flex,2171,46,13,162,2097,2166
451.5,2026-08-04T20:36:07.258990+00:00,arms,right_wrist_flex,1995,36,1,52,1976,1994
451.5,2026-08-04T20:36:07.258990+00:00,arms,right_wrist_roll,2109,34,0,1048,2114,2109
451.5,2026-08-04T20:36:07.258990+00:00,arms,right_gripper,2079,38,0,0,2079,2079
451.5,2026-08-04T20:36:07.258990+00:00,head,head_motor_1,2158,25,0,0,,
451.5,2026-08-04T20:36:07.258990+00:00,head,head_motor_2,1943,27,0,0,,
451.5,2026-08-04T20:36:07.258990+00:00,head,base_left_wheel,3461,27,0,0,,
451.5,2026-08-04T20:36:07.258990+00:00,head,base_back_wheel,3496,27,0,0,,
451.5,2026-08-04T20:36:07.258990+00:00,head,base_right_wheel,2173,26,0,0,,
452.5,2026-08-04T20:36:08.259646+00:00,arms,left_shoulder_pan,1857,36,0,0,1857,1857
452.5,2026-08-04T20:36:08.259646+00:00,arms,left_shoulder_lift,2403,35,3,68,2389,2403
452.5,2026-08-04T20:36:08.259646+00:00,arms,left_elbow_flex,1644,35,3,72,1629,1644
452.5,2026-08-04T20:36:08.259646+00:00,arms,left_wrist_flex,2172,34,1,24,2169,2172
452.5,2026-08-04T20:36:08.259646+00:00,arms,left_wrist_roll,1987,34,1,1044,1989,1987
452.5,2026-08-04T20:36:08.259646+00:00,arms,left_gripper,2013,37,0,0,2014,2013
452.5,2026-08-04T20:36:08.259646+00:00,arms,right_shoulder_pan,1965,37,1,1056,1974,1965
452.5,2026-08-04T20:36:08.259646+00:00,arms,right_shoulder_lift,2168,52,30,252,2049,2157
452.5,2026-08-04T20:36:08.259646+00:00,arms,right_elbow_flex,2171,46,20,162,2097,2166
452.5,2026-08-04T20:36:08.259646+00:00,arms,right_wrist_flex,1995,36,2,52,1976,1994
452.5,2026-08-04T20:36:08.259646+00:00,arms,right_wrist_roll,2109,35,1,1048,2114,2109
452.5,2026-08-04T20:36:08.259646+00:00,arms,right_gripper,2079,38,0,0,2079,2079
452.5,2026-08-04T20:36:08.259646+00:00,head,head_motor_1,2158,25,0,0,,
452.5,2026-08-04T20:36:08.259646+00:00,head,head_motor_2,1943,27,0,0,,
452.5,2026-08-04T20:36:08.259646+00:00,head,base_left_wheel,3461,27,0,0,,
452.5,2026-08-04T20:36:08.259646+00:00,head,base_back_wheel,3496,27,0,0,,
452.5,2026-08-04T20:36:08.259646+00:00,head,base_right_wheel,2173,26,0,0,,
453.5,2026-08-04T20:36:09.261150+00:00,arms,left_shoulder_pan,1857,36,0,0,1857,1857
453.5,2026-08-04T20:36:09.261150+00:00,arms,left_shoulder_lift,2403,35,4,68,2389,2403
453.5,2026-08-04T20:36:09.261150+00:00,arms,left_elbow_flex,1644,36,3,72,1629,1644
453.5,2026-08-04T20:36:09.261150+00:00,arms,left_wrist_flex,2172,34,0,24,2169,2172
453.5,2026-08-04T20:36:09.261150+00:00,arms,left_wrist_roll,1987,33,0,1044,1989,1987
453.5,2026-08-04T20:36:09.261150+00:00,arms,left_gripper,2013,37,0,0,2014,2013
453.5,2026-08-04T20:36:09.261150+00:00,arms,right_shoulder_pan,1965,37,1,1056,1974,1965
453.5,2026-08-04T20:36:09.261150+00:00,arms,right_shoulder_lift,2168,52,30,252,2049,2157
453.5,2026-08-04T20:36:09.261150+00:00,arms,right_elbow_flex,2171,46,14,162,2097,2166
453.5,2026-08-04T20:36:09.261150+00:00,arms,right_wrist_flex,1995,36,1,52,1976,1994
453.5,2026-08-04T20:36:09.261150+00:00,arms,right_wrist_roll,2109,34,1,1048,2114,2109
453.5,2026-08-04T20:36:09.261150+00:00,arms,right_gripper,2079,38,0,0,2079,2079
453.5,2026-08-04T20:36:09.261150+00:00,head,head_motor_1,2158,25,0,0,,
453.5,2026-08-04T20:36:09.261150+00:00,head,head_motor_2,1943,27,0,0,,
453.5,2026-08-04T20:36:09.261150+00:00,head,base_left_wheel,3461,27,0,0,,
453.5,2026-08-04T20:36:09.261150+00:00,head,base_back_wheel,3496,27,0,0,,
453.5,2026-08-04T20:36:09.261150+00:00,head,base_right_wheel,2173,26,0,0,,
454.5,2026-08-04T20:36:10.262613+00:00,arms,left_shoulder_pan,1857,36,0,0,1857,1857
454.5,2026-08-04T20:36:10.262613+00:00,arms,left_shoulder_lift,2403,35,4,68,2389,2403
454.5,2026-08-04T20:36:10.262613+00:00,arms,left_elbow_flex,1644,35,3,72,1629,1644
454.5,2026-08-04T20:36:10.262613+00:00,arms,left_wrist_flex,2172,34,0,24,2169,2172
454.5,2026-08-04T20:36:10.262613+00:00,arms,left_wrist_roll,1987,34,1,1044,1989,1987
454.5,2026-08-04T20:36:10.262613+00:00,arms,left_gripper,2013,37,0,0,2014,2013
454.5,2026-08-04T20:36:10.262613+00:00,arms,right_shoulder_pan,1965,37,0,1056,1974,1965
454.5,2026-08-04T20:36:10.262613+00:00,arms,right_shoulder_lift,2168,52,31,252,2049,2157
454.5,2026-08-04T20:36:10.262613+00:00,arms,right_elbow_flex,2171,46,13,162,2097,2166
454.5,2026-08-04T20:36:10.262613+00:00,arms,right_wrist_flex,1995,36,2,52,1976,1994
454.5,2026-08-04T20:36:10.262613+00:00,arms,right_wrist_roll,2109,34,1,1048,2114,2109
454.5,2026-08-04T20:36:10.262613+00:00,arms,right_gripper,2079,38,0,0,2079,2079
454.5,2026-08-04T20:36:10.262613+00:00,head,head_motor_1,2158,25,0,0,,
454.5,2026-08-04T20:36:10.262613+00:00,head,head_motor_2,1943,27,0,0,,
454.5,2026-08-04T20:36:10.262613+00:00,head,base_left_wheel,3461,27,0,0,,
454.5,2026-08-04T20:36:10.262613+00:00,head,base_back_wheel,3496,27,0,0,,
454.5,2026-08-04T20:36:10.262613+00:00,head,base_right_wheel,2173,26,0,0,,
455.5,2026-08-04T20:36:11.264083+00:00,arms,left_shoulder_pan,1857,36,0,0,1857,1857
455.5,2026-08-04T20:36:11.264083+00:00,arms,left_shoulder_lift,2403,35,4,68,2389,2403
455.5,2026-08-04T20:36:11.264083+00:00,arms,left_elbow_flex,1644,35,3,72,1629,1644
455.5,2026-08-04T20:36:11.264083+00:00,arms,left_wrist_flex,2172,34,0,24,2169,2172
455.5,2026-08-04T20:36:11.264083+00:00,arms,left_wrist_roll,1987,33,1,1044,1989,1987
455.5,2026-08-04T20:36:11.264083+00:00,arms,left_gripper,2013,37,0,0,2014,2013
455.5,2026-08-04T20:36:11.264083+00:00,arms,right_shoulder_pan,1965,37,1,1056,1974,1965
455.5,2026-08-04T20:36:11.264083+00:00,arms,right_shoulder_lift,2168,52,27,252,2049,2157
455.5,2026-08-04T20:36:11.264083+00:00,arms,right_elbow_flex,2171,46,14,162,2097,2166
455.5,2026-08-04T20:36:11.264083+00:00,arms,right_wrist_flex,1995,36,1,52,1976,1994
455.5,2026-08-04T20:36:11.264083+00:00,arms,right_wrist_roll,2109,34,0,1048,2114,2109
455.5,2026-08-04T20:36:11.264083+00:00,arms,right_gripper,2079,38,0,0,2079,2079
455.5,2026-08-04T20:36:11.264083+00:00,head,head_motor_1,2158,25,0,0,,
455.5,2026-08-04T20:36:11.264083+00:00,head,head_motor_2,1943,27,0,0,,
455.5,2026-08-04T20:36:11.264083+00:00,head,base_left_wheel,3461,27,0,0,,
455.5,2026-08-04T20:36:11.264083+00:00,head,base_back_wheel,3496,27,0,0,,
455.5,2026-08-04T20:36:11.264083+00:00,head,base_right_wheel,2173,26,0,0,,
456.5,2026-08-04T20:36:12.265161+00:00,arms,left_shoulder_pan,1857,36,0,0,1857,1857
456.5,2026-08-04T20:36:12.265161+00:00,arms,left_shoulder_lift,2403,35,4,68,2389,2403
456.5,2026-08-04T20:36:12.265161+00:00,arms,left_elbow_flex,1644,35,3,72,1629,1644
456.5,2026-08-04T20:36:12.265161+00:00,arms,left_wrist_flex,2172,34,1,24,2169,2172
456.5,2026-08-04T20:36:12.265161+00:00,arms,left_wrist_roll,1987,33,0,1044,1989,1987
456.5,2026-08-04T20:36:12.265161+00:00,arms,left_gripper,2013,37,0,0,2014,2013
456.5,2026-08-04T20:36:12.265161+00:00,arms,right_shoulder_pan,1965,37,0,1056,1974,1965
456.5,2026-08-04T20:36:12.265161+00:00,arms,right_shoulder_lift,2168,52,28,252,2049,2157
456.5,2026-08-04T20:36:12.265161+00:00,arms,right_elbow_flex,2171,46,18,162,2097,2166
456.5,2026-08-04T20:36:12.265161+00:00,arms,right_wrist_flex,1995,36,2,52,1976,1994
456.5,2026-08-04T20:36:12.265161+00:00,arms,right_wrist_roll,2109,34,0,1048,2114,2109
456.5,2026-08-04T20:36:12.265161+00:00,arms,right_gripper,2079,38,0,0,2079,2079
456.5,2026-08-04T20:36:12.265161+00:00,head,head_motor_1,2158,25,0,0,,
456.5,2026-08-04T20:36:12.265161+00:00,head,head_motor_2,1943,27,0,0,,
456.5,2026-08-04T20:36:12.265161+00:00,head,base_left_wheel,3461,27,0,0,,
456.5,2026-08-04T20:36:12.265161+00:00,head,base_back_wheel,3496,27,0,0,,
456.5,2026-08-04T20:36:12.265161+00:00,head,base_right_wheel,2173,26,0,0,,
457.5,2026-08-04T20:36:13.266630+00:00,arms,left_shoulder_pan,1857,36,0,0,1857,1857
457.5,2026-08-04T20:36:13.266630+00:00,arms,left_shoulder_lift,2403,35,4,68,2389,2403
457.5,2026-08-04T20:36:13.266630+00:00,arms,left_elbow_flex,1644,35,2,72,1629,1644
457.5,2026-08-04T20:36:13.266630+00:00,arms,left_wrist_flex,2172,34,0,24,2169,2172
457.5,2026-08-04T20:36:13.266630+00:00,arms,left_wrist_roll,1987,34,1,1044,1989,1987
457.5,2026-08-04T20:36:13.266630+00:00,arms,left_gripper,2013,37,0,0,2014,2013
457.5,2026-08-04T20:36:13.266630+00:00,arms,right_shoulder_pan,1965,37,1,1056,1974,1965
457.5,2026-08-04T20:36:13.266630+00:00,arms,right_shoulder_lift,2168,52,25,252,2049,2157
457.5,2026-08-04T20:36:13.266630+00:00,arms,right_elbow_flex,2171,46,19,162,2097,2166
457.5,2026-08-04T20:36:13.266630+00:00,arms,right_wrist_flex,1995,36,2,52,1976,1994
457.5,2026-08-04T20:36:13.266630+00:00,arms,right_wrist_roll,2109,34,0,1048,2114,2109
457.5,2026-08-04T20:36:13.266630+00:00,arms,right_gripper,2079,38,0,0,2079,2079
457.5,2026-08-04T20:36:13.266630+00:00,head,head_motor_1,2158,25,0,0,,
457.5,2026-08-04T20:36:13.266630+00:00,head,head_motor_2,1943,27,0,0,,
457.5,2026-08-04T20:36:13.266630+00:00,head,base_left_wheel,3461,27,0,0,,
457.5,2026-08-04T20:36:13.266630+00:00,head,base_back_wheel,3496,27,0,0,,
457.5,2026-08-04T20:36:13.266630+00:00,head,base_right_wheel,2173,26,0,0,,
458.5,2026-08-04T20:36:14.267720+00:00,arms,left_shoulder_pan,1857,36,0,0,1857,1857
458.5,2026-08-04T20:36:14.267720+00:00,arms,left_shoulder_lift,2403,35,3,68,2389,2403
458.5,2026-08-04T20:36:14.267720+00:00,arms,left_elbow_flex,1644,35,3,72,1629,1644
458.5,2026-08-04T20:36:14.267720+00:00,arms,left_wrist_flex,2172,34,0,24,2169,2172
458.5,2026-08-04T20:36:14.267720+00:00,arms,left_wrist_roll,1987,33,0,1044,1989,1987
458.5,2026-08-04T20:36:14.267720+00:00,arms,left_gripper,2013,37,0,0,2014,2013
458.5,2026-08-04T20:36:14.267720+00:00,arms,right_shoulder_pan,1965,37,1,1056,1974,1965
458.5,2026-08-04T20:36:14.267720+00:00,arms,right_shoulder_lift,2168,52,25,252,2049,2157
458.5,2026-08-04T20:36:14.267720+00:00,arms,right_elbow_flex,2171,46,19,162,2097,2166
458.5,2026-08-04T20:36:14.267720+00:00,arms,right_wrist_flex,1995,36,2,52,1976,1994
458.5,2026-08-04T20:36:14.267720+00:00,arms,right_wrist_roll,2109,34,0,1048,2114,2109
458.5,2026-08-04T20:36:14.267720+00:00,arms,right_gripper,2079,38,0,0,2079,2079
458.5,2026-08-04T20:36:14.267720+00:00,head,head_motor_1,2158,25,0,0,,
458.5,2026-08-04T20:36:14.267720+00:00,head,head_motor_2,1943,27,0,0,,
458.5,2026-08-04T20:36:14.267720+00:00,head,base_left_wheel,3461,27,0,0,,
458.5,2026-08-04T20:36:14.267720+00:00,head,base_back_wheel,3496,27,0,0,,
458.5,2026-08-04T20:36:14.267720+00:00,head,base_right_wheel,2174,26,0,0,,
459.5,2026-08-04T20:36:15.268827+00:00,arms,left_shoulder_pan,1857,36,0,0,1857,1857
459.5,2026-08-04T20:36:15.268827+00:00,arms,left_shoulder_lift,2403,35,3,68,2389,2403
459.5,2026-08-04T20:36:15.268827+00:00,arms,left_elbow_flex,1644,35,3,72,1629,1644
459.5,2026-08-04T20:36:15.268827+00:00,arms,left_wrist_flex,2172,34,1,24,2169,2172
459.5,2026-08-04T20:36:15.268827+00:00,arms,left_wrist_roll,1987,33,0,1044,1989,1987
459.5,2026-08-04T20:36:15.268827+00:00,arms,left_gripper,2013,37,0,0,2014,2013
459.5,2026-08-04T20:36:15.268827+00:00,arms,right_shoulder_pan,1965,37,1,1056,1974,1965
459.5,2026-08-04T20:36:15.268827+00:00,arms,right_shoulder_lift,2168,52,32,252,2049,2157
459.5,2026-08-04T20:36:15.268827+00:00,arms,right_elbow_flex,2171,46,21,162,2097,2166
459.5,2026-08-04T20:36:15.268827+00:00,arms,right_wrist_flex,1995,36,2,52,1976,1994
459.5,2026-08-04T20:36:15.268827+00:00,arms,right_wrist_roll,2109,34,0,1048,2114,2109
459.5,2026-08-04T20:36:15.268827+00:00,arms,right_gripper,2079,38,0,0,2079,2079
459.5,2026-08-04T20:36:15.268827+00:00,head,head_motor_1,2158,25,0,0,,
459.5,2026-08-04T20:36:15.268827+00:00,head,head_motor_2,1943,27,0,0,,
459.5,2026-08-04T20:36:15.268827+00:00,head,base_left_wheel,3461,27,0,0,,
459.5,2026-08-04T20:36:15.268827+00:00,head,base_back_wheel,3496,27,0,0,,
459.5,2026-08-04T20:36:15.268827+00:00,head,base_right_wheel,2173,26,0,0,,
460.5,2026-08-04T20:36:16.269908+00:00,arms,left_shoulder_pan,1857,36,0,0,1857,1857
460.5,2026-08-04T20:36:16.269908+00:00,arms,left_shoulder_lift,2403,35,3,68,2389,2403
460.5,2026-08-04T20:36:16.269908+00:00,arms,left_elbow_flex,1644,35,3,72,1629,1644
460.5,2026-08-04T20:36:16.269908+00:00,arms,left_wrist_flex,2172,34,0,24,2169,2172
460.5,2026-08-04T20:36:16.269908+00:00,arms,left_wrist_roll,1987,33,0,1044,1989,1987
460.5,2026-08-04T20:36:16.269908+00:00,arms,left_gripper,2013,37,0,0,2014,2013
460.5,2026-08-04T20:36:16.269908+00:00,arms,right_shoulder_pan,1965,37,1,1056,1974,1965
460.5,2026-08-04T20:36:16.269908+00:00,arms,right_shoulder_lift,2168,53,25,252,2049,2157
460.5,2026-08-04T20:36:16.269908+00:00,arms,right_elbow_flex,2171,46,14,162,2097,2166
460.5,2026-08-04T20:36:16.269908+00:00,arms,right_wrist_flex,1995,36,2,52,1976,1994
460.5,2026-08-04T20:36:16.269908+00:00,arms,right_wrist_roll,2109,34,0,1048,2114,2109
460.5,2026-08-04T20:36:16.269908+00:00,arms,right_gripper,2079,38,0,0,2079,2079
460.5,2026-08-04T20:36:16.269908+00:00,head,head_motor_1,2158,25,0,0,,
460.5,2026-08-04T20:36:16.269908+00:00,head,head_motor_2,1943,27,0,0,,
460.5,2026-08-04T20:36:16.269908+00:00,head,base_left_wheel,3461,27,0,0,,
460.5,2026-08-04T20:36:16.269908+00:00,head,base_back_wheel,3496,27,0,0,,
460.5,2026-08-04T20:36:16.269908+00:00,head,base_right_wheel,2173,26,0,0,,
461.5,2026-08-04T20:36:17.270980+00:00,arms,left_shoulder_pan,1857,36,0,0,1857,1857
461.5,2026-08-04T20:36:17.270980+00:00,arms,left_shoulder_lift,2403,35,3,68,2389,2403
461.5,2026-08-04T20:36:17.270980+00:00,arms,left_elbow_flex,1644,35,3,72,1629,1644
461.5,2026-08-04T20:36:17.270980+00:00,arms,left_wrist_flex,2172,34,1,24,2169,2172
461.5,2026-08-04T20:36:17.270980+00:00,arms,left_wrist_roll,1987,33,0,1044,1989,1987
461.5,2026-08-04T20:36:17.270980+00:00,arms,left_gripper,2013,37,0,0,2014,2013
461.5,2026-08-04T20:36:17.270980+00:00,arms,right_shoulder_pan,1965,37,1,1056,1974,1965
461.5,2026-08-04T20:36:17.270980+00:00,arms,right_shoulder_lift,2168,52,25,252,2049,2157
461.5,2026-08-04T20:36:17.270980+00:00,arms,right_elbow_flex,2171,46,16,162,2097,2166
461.5,2026-08-04T20:36:17.270980+00:00,arms,right_wrist_flex,1995,36,1,52,1976,1994
461.5,2026-08-04T20:36:17.270980+00:00,arms,right_wrist_roll,2109,34,0,1048,2114,2109
461.5,2026-08-04T20:36:17.270980+00:00,arms,right_gripper,2079,38,0,0,2079,2079
461.5,2026-08-04T20:36:17.270980+00:00,head,head_motor_1,2158,25,0,0,,
461.5,2026-08-04T20:36:17.270980+00:00,head,head_motor_2,1943,27,0,0,,
461.5,2026-08-04T20:36:17.270980+00:00,head,base_left_wheel,3461,27,0,0,,
461.5,2026-08-04T20:36:17.270980+00:00,head,base_back_wheel,3496,27,0,0,,
461.5,2026-08-04T20:36:17.270980+00:00,head,base_right_wheel,2173,26,0,0,,
462.5,2026-08-04T20:36:18.272056+00:00,arms,left_shoulder_pan,1857,36,0,0,1857,1857
462.5,2026-08-04T20:36:18.272056+00:00,arms,left_shoulder_lift,2403,35,3,68,2389,2403
462.5,2026-08-04T20:36:18.272056+00:00,arms,left_elbow_flex,1644,35,3,72,1629,1644
462.5,2026-08-04T20:36:18.272056+00:00,arms,left_wrist_flex,2172,34,0,24,2169,2172
462.5,2026-08-04T20:36:18.272056+00:00,arms,left_wrist_roll,1987,33,0,1044,1989,1987
462.5,2026-08-04T20:36:18.272056+00:00,arms,left_gripper,2013,37,0,0,2014,2013
462.5,2026-08-04T20:36:18.272056+00:00,arms,right_shoulder_pan,1965,37,1,1056,1974,1965
462.5,2026-08-04T20:36:18.272056+00:00,arms,right_shoulder_lift,2168,52,24,252,2049,2157
462.5,2026-08-04T20:36:18.272056+00:00,arms,right_elbow_flex,2171,46,14,162,2097,2166
462.5,2026-08-04T20:36:18.272056+00:00,arms,right_wrist_flex,1995,36,2,52,1976,1994
462.5,2026-08-04T20:36:18.272056+00:00,arms,right_wrist_roll,2109,34,0,1048,2114,2109
462.5,2026-08-04T20:36:18.272056+00:00,arms,right_gripper,2079,38,0,0,2079,2079
462.5,2026-08-04T20:36:18.272056+00:00,head,head_motor_1,2158,25,0,0,,
462.5,2026-08-04T20:36:18.272056+00:00,head,head_motor_2,1943,27,0,0,,
462.5,2026-08-04T20:36:18.272056+00:00,head,base_left_wheel,3461,27,0,0,,
462.5,2026-08-04T20:36:18.272056+00:00,head,base_back_wheel,3496,27,0,0,,
462.5,2026-08-04T20:36:18.272056+00:00,head,base_right_wheel,2173,26,0,0,,
463.5,2026-08-04T20:36:19.273500+00:00,arms,left_shoulder_pan,1857,36,0,0,1857,1857
463.5,2026-08-04T20:36:19.273500+00:00,arms,left_shoulder_lift,2403,35,3,68,2389,2403
463.5,2026-08-04T20:36:19.273500+00:00,arms,left_elbow_flex,1644,35,3,72,1629,1644
463.5,2026-08-04T20:36:19.273500+00:00,arms,left_wrist_flex,2172,34,1,24,2169,2172
463.5,2026-08-04T20:36:19.273500+00:00,arms,left_wrist_roll,1987,34,0,1044,1989,1987
463.5,2026-08-04T20:36:19.273500+00:00,arms,left_gripper,2013,37,0,0,2014,2013
463.5,2026-08-04T20:36:19.273500+00:00,arms,right_shoulder_pan,1965,37,1,1056,1974,1965
463.5,2026-08-04T20:36:19.273500+00:00,arms,right_shoulder_lift,2168,52,25,252,2049,2157
463.5,2026-08-04T20:36:19.273500+00:00,arms,right_elbow_flex,2171,46,14,162,2097,2166
463.5,2026-08-04T20:36:19.273500+00:00,arms,right_wrist_flex,1995,36,2,52,1976,1994
463.5,2026-08-04T20:36:19.273500+00:00,arms,right_wrist_roll,2109,34,0,1048,2114,2109
463.5,2026-08-04T20:36:19.273500+00:00,arms,right_gripper,2079,38,0,0,2079,2079
463.5,2026-08-04T20:36:19.273500+00:00,head,head_motor_1,2158,25,0,0,,
463.5,2026-08-04T20:36:19.273500+00:00,head,head_motor_2,1943,27,0,0,,
463.5,2026-08-04T20:36:19.273500+00:00,head,base_left_wheel,3461,27,0,0,,
463.5,2026-08-04T20:36:19.273500+00:00,head,base_back_wheel,3496,27,0,0,,
463.5,2026-08-04T20:36:19.273500+00:00,head,base_right_wheel,2173,26,0,0,,
464.5,2026-08-04T20:36:20.274755+00:00,arms,left_shoulder_pan,1857,36,0,0,1857,1857
464.5,2026-08-04T20:36:20.274755+00:00,arms,left_shoulder_lift,2403,35,3,68,2389,2403
464.5,2026-08-04T20:36:20.274755+00:00,arms,left_elbow_flex,1644,35,3,72,1629,1644
464.5,2026-08-04T20:36:20.274755+00:00,arms,left_wrist_flex,2172,34,0,24,2169,2172
464.5,2026-08-04T20:36:20.274755+00:00,arms,left_wrist_roll,1987,33,0,1044,1989,1987
464.5,2026-08-04T20:36:20.274755+00:00,arms,left_gripper,2013,37,0,0,2014,2013
464.5,2026-08-04T20:36:20.274755+00:00,arms,right_shoulder_pan,1965,37,0,1056,1974,1965
464.5,2026-08-04T20:36:20.274755+00:00,arms,right_shoulder_lift,2168,52,33,252,2049,2157
464.5,2026-08-04T20:36:20.274755+00:00,arms,right_elbow_flex,2171,46,14,162,2097,2166
464.5,2026-08-04T20:36:20.274755+00:00,arms,right_wrist_flex,1995,36,2,52,1976,1994
464.5,2026-08-04T20:36:20.274755+00:00,arms,right_wrist_roll,2109,34,1,1048,2114,2109
464.5,2026-08-04T20:36:20.274755+00:00,arms,right_gripper,2079,38,0,0,2079,2079
464.5,2026-08-04T20:36:20.274755+00:00,head,head_motor_1,2158,25,0,0,,
464.5,2026-08-04T20:36:20.274755+00:00,head,head_motor_2,1943,27,0,0,,
464.5,2026-08-04T20:36:20.274755+00:00,head,base_left_wheel,3461,27,0,0,,
464.5,2026-08-04T20:36:20.274755+00:00,head,base_back_wheel,3496,27,0,0,,
464.5,2026-08-04T20:36:20.274755+00:00,head,base_right_wheel,2173,26,0,0,,
465.5,2026-08-04T20:36:21.276220+00:00,arms,left_shoulder_pan,1857,36,0,0,1857,1857
465.5,2026-08-04T20:36:21.276220+00:00,arms,left_shoulder_lift,2403,35,4,68,2389,2403
465.5,2026-08-04T20:36:21.276220+00:00,arms,left_elbow_flex,1644,35,3,72,1629,1644
465.5,2026-08-04T20:36:21.276220+00:00,arms,left_wrist_flex,2172,34,0,24,2169,2172
465.5,2026-08-04T20:36:21.276220+00:00,arms,left_wrist_roll,1987,33,1,1044,1989,1987
465.5,2026-08-04T20:36:21.276220+00:00,arms,left_gripper,2013,37,0,0,2014,2013
465.5,2026-08-04T20:36:21.276220+00:00,arms,right_shoulder_pan,1965,37,1,1056,1974,1965
465.5,2026-08-04T20:36:21.276220+00:00,arms,right_shoulder_lift,2168,52,26,252,2049,2157
465.5,2026-08-04T20:36:21.276220+00:00,arms,right_elbow_flex,2171,46,17,162,2097,2166
465.5,2026-08-04T20:36:21.276220+00:00,arms,right_wrist_flex,1995,36,2,52,1976,1994
465.5,2026-08-04T20:36:21.276220+00:00,arms,right_wrist_roll,2109,34,1,1048,2114,2109
465.5,2026-08-04T20:36:21.276220+00:00,arms,right_gripper,2079,38,0,0,2079,2079
465.5,2026-08-04T20:36:21.276220+00:00,head,head_motor_1,2158,25,0,0,,
465.5,2026-08-04T20:36:21.276220+00:00,head,head_motor_2,1943,27,0,0,,
465.5,2026-08-04T20:36:21.276220+00:00,head,base_left_wheel,3461,27,0,0,,
465.5,2026-08-04T20:36:21.276220+00:00,head,base_back_wheel,3496,27,0,0,,
465.5,2026-08-04T20:36:21.276220+00:00,head,base_right_wheel,2173,26,0,0,,
466.5,2026-08-04T20:36:22.277675+00:00,arms,left_shoulder_pan,1857,36,0,0,1857,1857
466.5,2026-08-04T20:36:22.277675+00:00,arms,left_shoulder_lift,2403,35,3,68,2389,2403
466.5,2026-08-04T20:36:22.277675+00:00,arms,left_elbow_flex,1644,35,3,72,1629,1644
466.5,2026-08-04T20:36:22.277675+00:00,arms,left_wrist_flex,2172,34,0,24,2169,2172
466.5,2026-08-04T20:36:22.277675+00:00,arms,left_wrist_roll,1987,33,0,1044,1989,1987
466.5,2026-08-04T20:36:22.277675+00:00,arms,left_gripper,2013,37,0,0,2014,2013
466.5,2026-08-04T20:36:22.277675+00:00,arms,right_shoulder_pan,1965,37,0,1056,1974,1965
466.5,2026-08-04T20:36:22.277675+00:00,arms,right_shoulder_lift,2168,52,33,252,2049,2157
466.5,2026-08-04T20:36:22.277675+00:00,arms,right_elbow_flex,2171,46,20,162,2097,2166
466.5,2026-08-04T20:36:22.277675+00:00,arms,right_wrist_flex,1995,36,2,52,1976,1994
466.5,2026-08-04T20:36:22.277675+00:00,arms,right_wrist_roll,2109,34,0,1048,2114,2109
466.5,2026-08-04T20:36:22.277675+00:00,arms,right_gripper,2079,38,0,0,2079,2079
466.5,2026-08-04T20:36:22.277675+00:00,head,head_motor_1,2158,25,0,0,,
466.5,2026-08-04T20:36:22.277675+00:00,head,head_motor_2,1943,27,0,0,,
466.5,2026-08-04T20:36:22.277675+00:00,head,base_left_wheel,3461,27,0,0,,
466.5,2026-08-04T20:36:22.277675+00:00,head,base_back_wheel,3496,27,0,0,,
466.5,2026-08-04T20:36:22.277675+00:00,head,base_right_wheel,2173,26,0,0,,
467.5,2026-08-04T20:36:23.278741+00:00,arms,left_shoulder_pan,1857,36,0,0,1857,1857
467.5,2026-08-04T20:36:23.278741+00:00,arms,left_shoulder_lift,2403,35,4,68,2389,2403
467.5,2026-08-04T20:36:23.278741+00:00,arms,left_elbow_flex,1644,35,3,72,1629,1644
467.5,2026-08-04T20:36:23.278741+00:00,arms,left_wrist_flex,2172,34,0,24,2169,2172
467.5,2026-08-04T20:36:23.278741+00:00,arms,left_wrist_roll,1987,34,0,1044,1989,1987
467.5,2026-08-04T20:36:23.278741+00:00,arms,left_gripper,2013,37,0,0,2014,2013
467.5,2026-08-04T20:36:23.278741+00:00,arms,right_shoulder_pan,1965,37,1,1056,1974,1965
467.5,2026-08-04T20:36:23.278741+00:00,arms,right_shoulder_lift,2168,53,27,252,2049,2157
467.5,2026-08-04T20:36:23.278741+00:00,arms,right_elbow_flex,2171,46,15,162,2097,2166
467.5,2026-08-04T20:36:23.278741+00:00,arms,right_wrist_flex,1995,36,1,52,1976,1994
467.5,2026-08-04T20:36:23.278741+00:00,arms,right_wrist_roll,2109,34,0,1048,2114,2109
467.5,2026-08-04T20:36:23.278741+00:00,arms,right_gripper,2079,38,0,0,2079,2079
467.5,2026-08-04T20:36:23.278741+00:00,head,head_motor_1,2158,25,0,0,,
467.5,2026-08-04T20:36:23.278741+00:00,head,head_motor_2,1943,27,0,0,,
467.5,2026-08-04T20:36:23.278741+00:00,head,base_left_wheel,3461,27,0,0,,
467.5,2026-08-04T20:36:23.278741+00:00,head,base_back_wheel,3496,27,0,0,,
467.5,2026-08-04T20:36:23.278741+00:00,head,base_right_wheel,2173,26,0,0,,
468.5,2026-08-04T20:36:24.279802+00:00,arms,left_shoulder_pan,1857,36,0,0,1857,1857
468.5,2026-08-04T20:36:24.279802+00:00,arms,left_shoulder_lift,2403,35,3,68,2389,2403
468.5,2026-08-04T20:36:24.279802+00:00,arms,left_elbow_flex,1644,35,3,72,1629,1644
468.5,2026-08-04T20:36:24.279802+00:00,arms,left_wrist_flex,2172,34,0,24,2169,2172
468.5,2026-08-04T20:36:24.279802+00:00,arms,left_wrist_roll,1987,33,0,1044,1989,1987
468.5,2026-08-04T20:36:24.279802+00:00,arms,left_gripper,2013,37,0,0,2014,2013
468.5,2026-08-04T20:36:24.279802+00:00,arms,right_shoulder_pan,1965,37,1,1056,1974,1965
468.5,2026-08-04T20:36:24.279802+00:00,arms,right_shoulder_lift,2168,52,37,252,2049,2157
468.5,2026-08-04T20:36:24.279802+00:00,arms,right_elbow_flex,2171,46,19,162,2097,2166
468.5,2026-08-04T20:36:24.279802+00:00,arms,right_wrist_flex,1995,36,2,52,1976,1994
468.5,2026-08-04T20:36:24.279802+00:00,arms,right_wrist_roll,2109,34,0,1048,2114,2109
468.5,2026-08-04T20:36:24.279802+00:00,arms,right_gripper,2079,38,0,0,2079,2079
468.5,2026-08-04T20:36:24.279802+00:00,head,head_motor_1,2158,25,0,0,,
468.5,2026-08-04T20:36:24.279802+00:00,head,head_motor_2,1943,27,0,0,,
468.5,2026-08-04T20:36:24.279802+00:00,head,base_left_wheel,3461,30,0,0,,
468.5,2026-08-04T20:36:24.279802+00:00,head,base_back_wheel,3496,27,0,0,,
468.5,2026-08-04T20:36:24.279802+00:00,head,base_right_wheel,2173,26,0,0,,
469.5,2026-08-04T20:36:25.280871+00:00,arms,left_shoulder_pan,1857,36,0,0,1857,1857
469.5,2026-08-04T20:36:25.280871+00:00,arms,left_shoulder_lift,2403,35,3,68,2389,2403
469.5,2026-08-04T20:36:25.280871+00:00,arms,left_elbow_flex,1644,35,3,72,1629,1644
469.5,2026-08-04T20:36:25.280871+00:00,arms,left_wrist_flex,2172,34,0,24,2169,2172
469.5,2026-08-04T20:36:25.280871+00:00,arms,left_wrist_roll,1987,34,0,1044,1989,1987
469.5,2026-08-04T20:36:25.280871+00:00,arms,left_gripper,2013,37,0,0,2014,2013
469.5,2026-08-04T20:36:25.280871+00:00,arms,right_shoulder_pan,1965,37,1,1056,1974,1965
469.5,2026-08-04T20:36:25.280871+00:00,arms,right_shoulder_lift,2168,52,33,252,2049,2157
469.5,2026-08-04T20:36:25.280871+00:00,arms,right_elbow_flex,2171,46,20,162,2097,2166
469.5,2026-08-04T20:36:25.280871+00:00,arms,right_wrist_flex,1995,36,1,52,1976,1994
469.5,2026-08-04T20:36:25.280871+00:00,arms,right_wrist_roll,2109,34,0,1048,2114,2109
469.5,2026-08-04T20:36:25.280871+00:00,arms,right_gripper,2079,38,0,0,2079,2079
469.5,2026-08-04T20:36:25.280871+00:00,head,head_motor_1,2158,25,0,0,,
469.5,2026-08-04T20:36:25.280871+00:00,head,head_motor_2,1943,27,0,0,,
469.5,2026-08-04T20:36:25.280871+00:00,head,base_left_wheel,3461,27,0,0,,
469.5,2026-08-04T20:36:25.280871+00:00,head,base_back_wheel,3496,27,0,0,,
469.5,2026-08-04T20:36:25.280871+00:00,head,base_right_wheel,2173,26,0,0,,
470.5,2026-08-04T20:36:26.281944+00:00,arms,left_shoulder_pan,1857,36,0,0,1857,1857
470.5,2026-08-04T20:36:26.281944+00:00,arms,left_shoulder_lift,2403,35,4,68,2389,2403
470.5,2026-08-04T20:36:26.281944+00:00,arms,left_elbow_flex,1644,35,3,72,1629,1644
470.5,2026-08-04T20:36:26.281944+00:00,arms,left_wrist_flex,2172,34,0,24,2169,2172
470.5,2026-08-04T20:36:26.281944+00:00,arms,left_wrist_roll,1987,34,0,1044,1989,1987
470.5,2026-08-04T20:36:26.281944+00:00,arms,left_gripper,2013,37,0,0,2014,2013
470.5,2026-08-04T20:36:26.281944+00:00,arms,right_shoulder_pan,1965,37,1,1056,1974,1965
470.5,2026-08-04T20:36:26.281944+00:00,arms,right_shoulder_lift,2168,52,34,252,2049,2157
470.5,2026-08-04T20:36:26.281944+00:00,arms,right_elbow_flex,2171,46,19,162,2097,2166
470.5,2026-08-04T20:36:26.281944+00:00,arms,right_wrist_flex,1995,36,1,52,1976,1994
470.5,2026-08-04T20:36:26.281944+00:00,arms,right_wrist_roll,2109,34,0,1048,2114,2109
470.5,2026-08-04T20:36:26.281944+00:00,arms,right_gripper,2079,38,0,0,2079,2079
470.5,2026-08-04T20:36:26.281944+00:00,head,head_motor_1,2158,25,0,0,,
470.5,2026-08-04T20:36:26.281944+00:00,head,head_motor_2,1943,27,0,0,,
470.5,2026-08-04T20:36:26.281944+00:00,head,base_left_wheel,3461,27,0,0,,
470.5,2026-08-04T20:36:26.281944+00:00,head,base_back_wheel,3496,27,0,0,,
470.5,2026-08-04T20:36:26.281944+00:00,head,base_right_wheel,2173,26,0,0,,
471.5,2026-08-04T20:36:27.283441+00:00,arms,left_shoulder_pan,1857,36,0,0,1857,1857
471.5,2026-08-04T20:36:27.283441+00:00,arms,left_shoulder_lift,2403,35,3,68,2389,2403
471.5,2026-08-04T20:36:27.283441+00:00,arms,left_elbow_flex,1644,35,3,72,1629,1644
471.5,2026-08-04T20:36:27.283441+00:00,arms,left_wrist_flex,2172,34,0,24,2169,2172
471.5,2026-08-04T20:36:27.283441+00:00,arms,left_wrist_roll,1987,34,1,1044,1989,1987
471.5,2026-08-04T20:36:27.283441+00:00,arms,left_gripper,2013,37,0,0,2014,2013
471.5,2026-08-04T20:36:27.283441+00:00,arms,right_shoulder_pan,1965,37,1,1056,1974,1965
471.5,2026-08-04T20:36:27.283441+00:00,arms,right_shoulder_lift,2169,52,29,254,2049,2157
471.5,2026-08-04T20:36:27.283441+00:00,arms,right_elbow_flex,2171,46,19,162,2097,2166
471.5,2026-08-04T20:36:27.283441+00:00,arms,right_wrist_flex,1995,37,2,52,1976,1994
471.5,2026-08-04T20:36:27.283441+00:00,arms,right_wrist_roll,2109,34,1,1048,2114,2109
471.5,2026-08-04T20:36:27.283441+00:00,arms,right_gripper,2079,38,0,0,2079,2079
471.5,2026-08-04T20:36:27.283441+00:00,head,head_motor_1,2158,25,0,0,,
471.5,2026-08-04T20:36:27.283441+00:00,head,head_motor_2,1943,26,0,0,,
471.5,2026-08-04T20:36:27.283441+00:00,head,base_left_wheel,3461,27,0,0,,
471.5,2026-08-04T20:36:27.283441+00:00,head,base_back_wheel,3496,27,0,0,,
471.5,2026-08-04T20:36:27.283441+00:00,head,base_right_wheel,2173,26,0,0,,
472.5,2026-08-04T20:36:28.284497+00:00,arms,left_shoulder_pan,1857,36,0,0,1857,1857
472.5,2026-08-04T20:36:28.284497+00:00,arms,left_shoulder_lift,2403,35,4,68,2389,2403
472.5,2026-08-04T20:36:28.284497+00:00,arms,left_elbow_flex,1644,35,3,72,1629,1644
472.5,2026-08-04T20:36:28.284497+00:00,arms,left_wrist_flex,2172,34,0,24,2169,2172
472.5,2026-08-04T20:36:28.284497+00:00,arms,left_wrist_roll,1987,33,0,1044,1989,1987
472.5,2026-08-04T20:36:28.284497+00:00,arms,left_gripper,2013,37,0,0,2014,2013
472.5,2026-08-04T20:36:28.284497+00:00,arms,right_shoulder_pan,1965,37,0,1056,1974,1965
472.5,2026-08-04T20:36:28.284497+00:00,arms,right_shoulder_lift,2169,53,36,254,2049,2157
472.5,2026-08-04T20:36:28.284497+00:00,arms,right_elbow_flex,2171,46,16,162,2097,2166
472.5,2026-08-04T20:36:28.284497+00:00,arms,right_wrist_flex,1995,36,1,52,1976,1994
472.5,2026-08-04T20:36:28.284497+00:00,arms,right_wrist_roll,2109,34,0,1048,2114,2109
472.5,2026-08-04T20:36:28.284497+00:00,arms,right_gripper,2079,38,0,0,2079,2079
472.5,2026-08-04T20:36:28.284497+00:00,head,head_motor_1,2158,25,0,0,,
472.5,2026-08-04T20:36:28.284497+00:00,head,head_motor_2,1943,27,0,0,,
472.5,2026-08-04T20:36:28.284497+00:00,head,base_left_wheel,3461,27,0,0,,
472.5,2026-08-04T20:36:28.284497+00:00,head,base_back_wheel,3496,27,0,0,,
472.5,2026-08-04T20:36:28.284497+00:00,head,base_right_wheel,2173,26,0,0,,
473.5,2026-08-04T20:36:29.285685+00:00,arms,left_shoulder_pan,1857,36,0,0,1857,1857
473.5,2026-08-04T20:36:29.285685+00:00,arms,left_shoulder_lift,2403,35,3,68,2389,2403
473.5,2026-08-04T20:36:29.285685+00:00,arms,left_elbow_flex,1644,35,3,72,1629,1644
473.5,2026-08-04T20:36:29.285685+00:00,arms,left_wrist_flex,2172,34,0,24,2169,2172
473.5,2026-08-04T20:36:29.285685+00:00,arms,left_wrist_roll,1987,33,1,1044,1989,1987
473.5,2026-08-04T20:36:29.285685+00:00,arms,left_gripper,2013,37,0,0,2014,2013
473.5,2026-08-04T20:36:29.285685+00:00,arms,right_shoulder_pan,1965,37,1,1056,1974,1965
473.5,2026-08-04T20:36:29.285685+00:00,arms,right_shoulder_lift,2169,53,29,254,2049,2157
473.5,2026-08-04T20:36:29.285685+00:00,arms,right_elbow_flex,2171,46,14,162,2097,2166
473.5,2026-08-04T20:36:29.285685+00:00,arms,right_wrist_flex,1995,36,1,52,1976,1994
473.5,2026-08-04T20:36:29.285685+00:00,arms,right_wrist_roll,2109,34,0,1048,2114,2109
473.5,2026-08-04T20:36:29.285685+00:00,arms,right_gripper,2079,38,0,0,2079,2079
473.5,2026-08-04T20:36:29.285685+00:00,head,head_motor_1,2158,25,0,0,,
473.5,2026-08-04T20:36:29.285685+00:00,head,head_motor_2,1943,27,0,0,,
473.5,2026-08-04T20:36:29.285685+00:00,head,base_left_wheel,3461,27,0,0,,
473.5,2026-08-04T20:36:29.285685+00:00,head,base_back_wheel,3496,27,0,0,,
473.5,2026-08-04T20:36:29.285685+00:00,head,base_right_wheel,2173,26,0,0,,
474.5,2026-08-04T20:36:30.287144+00:00,arms,left_shoulder_pan,1857,36,0,0,1857,1857
474.5,2026-08-04T20:36:30.287144+00:00,arms,left_shoulder_lift,2403,35,4,68,2389,2403
474.5,2026-08-04T20:36:30.287144+00:00,arms,left_elbow_flex,1644,35,3,72,1629,1644
474.5,2026-08-04T20:36:30.287144+00:00,arms,left_wrist_flex,2172,34,0,24,2169,2172
474.5,2026-08-04T20:36:30.287144+00:00,arms,left_wrist_roll,1987,34,1,1044,1989,1987
474.5,2026-08-04T20:36:30.287144+00:00,arms,left_gripper,2013,37,0,0,2014,2013
474.5,2026-08-04T20:36:30.287144+00:00,arms,right_shoulder_pan,1965,37,0,1056,1974,1965
474.5,2026-08-04T20:36:30.287144+00:00,arms,right_shoulder_lift,2169,53,35,254,2049,2157
474.5,2026-08-04T20:36:30.287144+00:00,arms,right_elbow_flex,2171,46,14,162,2097,2166
474.5,2026-08-04T20:36:30.287144+00:00,arms,right_wrist_flex,1995,36,1,52,1976,1994
474.5,2026-08-04T20:36:30.287144+00:00,arms,right_wrist_roll,2109,34,0,1048,2114,2109
474.5,2026-08-04T20:36:30.287144+00:00,arms,right_gripper,2079,38,0,0,2079,2079
474.5,2026-08-04T20:36:30.287144+00:00,head,head_motor_1,2158,25,0,0,,
474.5,2026-08-04T20:36:30.287144+00:00,head,head_motor_2,1943,27,0,0,,
474.5,2026-08-04T20:36:30.287144+00:00,head,base_left_wheel,3461,27,0,0,,
474.5,2026-08-04T20:36:30.287144+00:00,head,base_back_wheel,3496,27,0,0,,
474.5,2026-08-04T20:36:30.287144+00:00,head,base_right_wheel,2173,26,0,0,,
475.5,2026-08-04T20:36:31.288197+00:00,arms,left_shoulder_pan,1857,36,0,0,1857,1857
475.5,2026-08-04T20:36:31.288197+00:00,arms,left_shoulder_lift,2403,35,4,68,2389,2403
475.5,2026-08-04T20:36:31.288197+00:00,arms,left_elbow_flex,1644,35,3,72,1629,1644
475.5,2026-08-04T20:36:31.288197+00:00,arms,left_wrist_flex,2172,34,0,24,2169,2172
475.5,2026-08-04T20:36:31.288197+00:00,arms,left_wrist_roll,1987,33,0,1044,1989,1987
475.5,2026-08-04T20:36:31.288197+00:00,arms,left_gripper,2013,37,0,0,2014,2013
475.5,2026-08-04T20:36:31.288197+00:00,arms,right_shoulder_pan,1965,37,1,1056,1974,1965
475.5,2026-08-04T20:36:31.288197+00:00,arms,right_shoulder_lift,2169,53,32,254,2049,2157
475.5,2026-08-04T20:36:31.288197+00:00,arms,right_elbow_flex,2171,46,20,162,2097,2166
475.5,2026-08-04T20:36:31.288197+00:00,arms,right_wrist_flex,1995,36,1,52,1976,1994
475.5,2026-08-04T20:36:31.288197+00:00,arms,right_wrist_roll,2109,34,0,1048,2114,2109
475.5,2026-08-04T20:36:31.288197+00:00,arms,right_gripper,2079,38,0,0,2079,2079
475.5,2026-08-04T20:36:31.288197+00:00,head,head_motor_1,2158,25,0,0,,
475.5,2026-08-04T20:36:31.288197+00:00,head,head_motor_2,1943,26,0,0,,
475.5,2026-08-04T20:36:31.288197+00:00,head,base_left_wheel,3461,27,0,0,,
475.5,2026-08-04T20:36:31.288197+00:00,head,base_back_wheel,3496,27,0,0,,
475.5,2026-08-04T20:36:31.288197+00:00,head,base_right_wheel,2174,26,0,0,,
476.5,2026-08-04T20:36:32.289622+00:00,arms,left_shoulder_pan,1857,36,0,0,1857,1857
476.5,2026-08-04T20:36:32.289622+00:00,arms,left_shoulder_lift,2403,35,4,68,2389,2403
476.5,2026-08-04T20:36:32.289622+00:00,arms,left_elbow_flex,1644,35,3,72,1629,1644
476.5,2026-08-04T20:36:32.289622+00:00,arms,left_wrist_flex,2172,34,0,24,2169,2172
476.5,2026-08-04T20:36:32.289622+00:00,arms,left_wrist_roll,1987,33,0,1044,1989,1987
476.5,2026-08-04T20:36:32.289622+00:00,arms,left_gripper,2013,37,0,0,2014,2013
476.5,2026-08-04T20:36:32.289622+00:00,arms,right_shoulder_pan,1965,37,1,1056,1974,1965
476.5,2026-08-04T20:36:32.289622+00:00,arms,right_shoulder_lift,2169,53,36,254,2049,2157
476.5,2026-08-04T20:36:32.289622+00:00,arms,right_elbow_flex,2171,46,14,162,2097,2166
476.5,2026-08-04T20:36:32.289622+00:00,arms,right_wrist_flex,1995,36,2,52,1976,1994
476.5,2026-08-04T20:36:32.289622+00:00,arms,right_wrist_roll,2109,34,0,1048,2114,2109
476.5,2026-08-04T20:36:32.289622+00:00,arms,right_gripper,2079,38,0,0,2079,2079
476.5,2026-08-04T20:36:32.289622+00:00,head,head_motor_1,2158,25,0,0,,
476.5,2026-08-04T20:36:32.289622+00:00,head,head_motor_2,1943,27,0,0,,
476.5,2026-08-04T20:36:32.289622+00:00,head,base_left_wheel,3461,27,0,0,,
476.5,2026-08-04T20:36:32.289622+00:00,head,base_back_wheel,3496,27,0,0,,
476.5,2026-08-04T20:36:32.289622+00:00,head,base_right_wheel,2174,26,0,0,,
477.5,2026-08-04T20:36:33.291032+00:00,arms,left_shoulder_pan,1857,36,0,0,1857,1857
477.5,2026-08-04T20:36:33.291032+00:00,arms,left_shoulder_lift,2403,35,3,68,2389,2403
477.5,2026-08-04T20:36:33.291032+00:00,arms,left_elbow_flex,1644,35,3,72,1629,1644
477.5,2026-08-04T20:36:33.291032+00:00,arms,left_wrist_flex,2172,34,0,24,2169,2172
477.5,2026-08-04T20:36:33.291032+00:00,arms,left_wrist_roll,1987,33,0,1044,1989,1987
477.5,2026-08-04T20:36:33.291032+00:00,arms,left_gripper,2013,37,0,0,2014,2013
477.5,2026-08-04T20:36:33.291032+00:00,arms,right_shoulder_pan,1965,37,1,1056,1974,1965
477.5,2026-08-04T20:36:33.291032+00:00,arms,right_shoulder_lift,2169,53,35,254,2049,2157
477.5,2026-08-04T20:36:33.291032+00:00,arms,right_elbow_flex,2171,46,13,162,2097,2166
477.5,2026-08-04T20:36:33.291032+00:00,arms,right_wrist_flex,1995,36,2,52,1976,1994
477.5,2026-08-04T20:36:33.291032+00:00,arms,right_wrist_roll,2109,34,0,1048,2114,2109
477.5,2026-08-04T20:36:33.291032+00:00,arms,right_gripper,2079,38,0,0,2079,2079
477.5,2026-08-04T20:36:33.291032+00:00,head,head_motor_1,2158,25,0,0,,
477.5,2026-08-04T20:36:33.291032+00:00,head,head_motor_2,1943,27,0,0,,
477.5,2026-08-04T20:36:33.291032+00:00,head,base_left_wheel,3461,27,0,0,,
477.5,2026-08-04T20:36:33.291032+00:00,head,base_back_wheel,3496,27,0,0,,
477.5,2026-08-04T20:36:33.291032+00:00,head,base_right_wheel,2173,26,0,0,,
478.5,2026-08-04T20:36:34.292104+00:00,arms,left_shoulder_pan,1857,36,0,0,1857,1857
478.5,2026-08-04T20:36:34.292104+00:00,arms,left_shoulder_lift,2403,35,4,68,2389,2403
478.5,2026-08-04T20:36:34.292104+00:00,arms,left_elbow_flex,1644,35,3,72,1629,1644
478.5,2026-08-04T20:36:34.292104+00:00,arms,left_wrist_flex,2172,34,0,24,2169,2172
478.5,2026-08-04T20:36:34.292104+00:00,arms,left_wrist_roll,1987,33,0,1044,1989,1987
478.5,2026-08-04T20:36:34.292104+00:00,arms,left_gripper,2013,37,0,0,2014,2013
478.5,2026-08-04T20:36:34.292104+00:00,arms,right_shoulder_pan,1965,37,1,1056,1974,1965
478.5,2026-08-04T20:36:34.292104+00:00,arms,right_shoulder_lift,2169,53,29,254,2049,2157
478.5,2026-08-04T20:36:34.292104+00:00,arms,right_elbow_flex,2171,46,20,162,2097,2166
478.5,2026-08-04T20:36:34.292104+00:00,arms,right_wrist_flex,1995,36,2,52,1976,1994
478.5,2026-08-04T20:36:34.292104+00:00,arms,right_wrist_roll,2109,34,0,1048,2114,2109
478.5,2026-08-04T20:36:34.292104+00:00,arms,right_gripper,2079,38,0,0,2079,2079
478.5,2026-08-04T20:36:34.292104+00:00,head,head_motor_1,2158,25,0,0,,
478.5,2026-08-04T20:36:34.292104+00:00,head,head_motor_2,1943,27,0,0,,
478.5,2026-08-04T20:36:34.292104+00:00,head,base_left_wheel,3461,27,0,0,,
478.5,2026-08-04T20:36:34.292104+00:00,head,base_back_wheel,3496,27,0,0,,
478.5,2026-08-04T20:36:34.292104+00:00,head,base_right_wheel,2173,26,0,0,,
479.6,2026-08-04T20:36:35.293182+00:00,arms,left_shoulder_pan,1857,36,0,0,1857,1857
479.6,2026-08-04T20:36:35.293182+00:00,arms,left_shoulder_lift,2403,35,4,68,2389,2403
479.6,2026-08-04T20:36:35.293182+00:00,arms,left_elbow_flex,1644,35,3,72,1629,1644
479.6,2026-08-04T20:36:35.293182+00:00,arms,left_wrist_flex,2172,34,0,24,2169,2172
479.6,2026-08-04T20:36:35.293182+00:00,arms,left_wrist_roll,1987,33,0,1044,1989,1987
479.6,2026-08-04T20:36:35.293182+00:00,arms,left_gripper,2013,37,0,0,2014,2013
479.6,2026-08-04T20:36:35.293182+00:00,arms,right_shoulder_pan,1965,37,1,1056,1974,1965
479.6,2026-08-04T20:36:35.293182+00:00,arms,right_shoulder_lift,2169,53,29,254,2049,2157
479.6,2026-08-04T20:36:35.293182+00:00,arms,right_elbow_flex,2171,46,14,162,2097,2166
479.6,2026-08-04T20:36:35.293182+00:00,arms,right_wrist_flex,1995,36,1,52,1976,1994
479.6,2026-08-04T20:36:35.293182+00:00,arms,right_wrist_roll,2109,34,1,1048,2114,2109
479.6,2026-08-04T20:36:35.293182+00:00,arms,right_gripper,2079,38,0,0,2079,2079
479.6,2026-08-04T20:36:35.293182+00:00,head,head_motor_1,2158,25,0,0,,
479.6,2026-08-04T20:36:35.293182+00:00,head,head_motor_2,1943,27,0,0,,
479.6,2026-08-04T20:36:35.293182+00:00,head,base_left_wheel,3461,27,0,0,,
479.6,2026-08-04T20:36:35.293182+00:00,head,base_back_wheel,3496,27,0,0,,
479.6,2026-08-04T20:36:35.293182+00:00,head,base_right_wheel,2173,26,0,0,,
480.6,2026-08-04T20:36:36.294249+00:00,arms,left_shoulder_pan,1857,36,0,0,1857,1857
480.6,2026-08-04T20:36:36.294249+00:00,arms,left_shoulder_lift,2403,35,4,68,2389,2403
480.6,2026-08-04T20:36:36.294249+00:00,arms,left_elbow_flex,1644,35,3,72,1629,1644
480.6,2026-08-04T20:36:36.294249+00:00,arms,left_wrist_flex,2172,34,0,24,2169,2172
480.6,2026-08-04T20:36:36.294249+00:00,arms,left_wrist_roll,1987,33,1,1044,1989,1987
480.6,2026-08-04T20:36:36.294249+00:00,arms,left_gripper,2013,37,0,0,2014,2013
480.6,2026-08-04T20:36:36.294249+00:00,arms,right_shoulder_pan,1965,37,1,1056,1974,1965
480.6,2026-08-04T20:36:36.294249+00:00,arms,right_shoulder_lift,2169,53,29,254,2049,2157
480.6,2026-08-04T20:36:36.294249+00:00,arms,right_elbow_flex,2171,46,18,162,2097,2166
480.6,2026-08-04T20:36:36.294249+00:00,arms,right_wrist_flex,1995,36,2,52,1976,1994
480.6,2026-08-04T20:36:36.294249+00:00,arms,right_wrist_roll,2109,34,0,1048,2114,2109
480.6,2026-08-04T20:36:36.294249+00:00,arms,right_gripper,2079,38,0,0,2079,2079
480.6,2026-08-04T20:36:36.294249+00:00,head,head_motor_1,2158,25,0,0,,
480.6,2026-08-04T20:36:36.294249+00:00,head,head_motor_2,1943,27,0,0,,
480.6,2026-08-04T20:36:36.294249+00:00,head,base_left_wheel,3461,27,0,0,,
480.6,2026-08-04T20:36:36.294249+00:00,head,base_back_wheel,3496,27,0,0,,
480.6,2026-08-04T20:36:36.294249+00:00,head,base_right_wheel,2173,26,0,0,,
481.6,2026-08-04T20:36:37.295675+00:00,arms,left_shoulder_pan,1857,36,0,0,1857,1857
481.6,2026-08-04T20:36:37.295675+00:00,arms,left_shoulder_lift,2403,35,3,68,2389,2403
481.6,2026-08-04T20:36:37.295675+00:00,arms,left_elbow_flex,1644,35,2,72,1629,1644
481.6,2026-08-04T20:36:37.295675+00:00,arms,left_wrist_flex,2172,34,0,24,2169,2172
481.6,2026-08-04T20:36:37.295675+00:00,arms,left_wrist_roll,1987,33,0,1044,1989,1987
481.6,2026-08-04T20:36:37.295675+00:00,arms,left_gripper,2013,37,0,0,2014,2013
481.6,2026-08-04T20:36:37.295675+00:00,arms,right_shoulder_pan,1965,37,1,1056,1974,1965
481.6,2026-08-04T20:36:37.295675+00:00,arms,right_shoulder_lift,2169,53,29,254,2049,2157
481.6,2026-08-04T20:36:37.295675+00:00,arms,right_elbow_flex,2171,46,16,162,2097,2166
481.6,2026-08-04T20:36:37.295675+00:00,arms,right_wrist_flex,1995,36,1,52,1976,1994
481.6,2026-08-04T20:36:37.295675+00:00,arms,right_wrist_roll,2109,34,0,1048,2114,2109
481.6,2026-08-04T20:36:37.295675+00:00,arms,right_gripper,2079,38,0,0,2079,2079
481.6,2026-08-04T20:36:37.295675+00:00,head,head_motor_1,2158,25,0,0,,
481.6,2026-08-04T20:36:37.295675+00:00,head,head_motor_2,1943,27,0,0,,
481.6,2026-08-04T20:36:37.295675+00:00,head,base_left_wheel,3461,27,0,0,,
481.6,2026-08-04T20:36:37.295675+00:00,head,base_back_wheel,3496,27,0,0,,
481.6,2026-08-04T20:36:37.295675+00:00,head,base_right_wheel,2173,26,0,0,,
482.6,2026-08-04T20:36:38.296746+00:00,arms,left_shoulder_pan,1857,36,0,0,1857,1857
482.6,2026-08-04T20:36:38.296746+00:00,arms,left_shoulder_lift,2403,35,3,68,2389,2403
482.6,2026-08-04T20:36:38.296746+00:00,arms,left_elbow_flex,1644,35,3,72,1629,1644
482.6,2026-08-04T20:36:38.296746+00:00,arms,left_wrist_flex,2172,34,0,24,2169,2172
482.6,2026-08-04T20:36:38.296746+00:00,arms,left_wrist_roll,1987,34,0,1044,1989,1987
482.6,2026-08-04T20:36:38.296746+00:00,arms,left_gripper,2013,37,0,0,2014,2013
482.6,2026-08-04T20:36:38.296746+00:00,arms,right_shoulder_pan,1965,37,0,1056,1974,1965
482.6,2026-08-04T20:36:38.296746+00:00,arms,right_shoulder_lift,2169,53,38,254,2049,2157
482.6,2026-08-04T20:36:38.296746+00:00,arms,right_elbow_flex,2171,46,19,162,2097,2166
482.6,2026-08-04T20:36:38.296746+00:00,arms,right_wrist_flex,1995,36,2,52,1976,1994
482.6,2026-08-04T20:36:38.296746+00:00,arms,right_wrist_roll,2109,34,0,1048,2114,2109
482.6,2026-08-04T20:36:38.296746+00:00,arms,right_gripper,2079,38,0,0,2079,2079
482.6,2026-08-04T20:36:38.296746+00:00,head,head_motor_1,2158,25,0,0,,
482.6,2026-08-04T20:36:38.296746+00:00,head,head_motor_2,1943,27,0,0,,
482.6,2026-08-04T20:36:38.296746+00:00,head,base_left_wheel,3461,27,0,0,,
482.6,2026-08-04T20:36:38.296746+00:00,head,base_back_wheel,3496,27,0,0,,
482.6,2026-08-04T20:36:38.296746+00:00,head,base_right_wheel,2173,26,0,0,,
483.6,2026-08-04T20:36:39.297847+00:00,arms,left_shoulder_pan,1857,36,0,0,1857,1857
483.6,2026-08-04T20:36:39.297847+00:00,arms,left_shoulder_lift,2403,35,3,68,2389,2403
483.6,2026-08-04T20:36:39.297847+00:00,arms,left_elbow_flex,1644,35,3,72,1629,1644
483.6,2026-08-04T20:36:39.297847+00:00,arms,left_wrist_flex,2172,34,0,24,2169,2172
483.6,2026-08-04T20:36:39.297847+00:00,arms,left_wrist_roll,1987,34,0,1044,1989,1987
483.6,2026-08-04T20:36:39.297847+00:00,arms,left_gripper,2013,37,0,0,2014,2013
483.6,2026-08-04T20:36:39.297847+00:00,arms,right_shoulder_pan,1965,37,0,1056,1974,1965
483.6,2026-08-04T20:36:39.297847+00:00,arms,right_shoulder_lift,2169,53,32,254,2049,2157
483.6,2026-08-04T20:36:39.297847+00:00,arms,right_elbow_flex,2171,46,14,162,2097,2166
483.6,2026-08-04T20:36:39.297847+00:00,arms,right_wrist_flex,1995,36,1,52,1976,1994
483.6,2026-08-04T20:36:39.297847+00:00,arms,right_wrist_roll,2109,34,0,1048,2114,2109
483.6,2026-08-04T20:36:39.297847+00:00,arms,right_gripper,2079,38,0,0,2079,2079
483.6,2026-08-04T20:36:39.297847+00:00,head,head_motor_1,2158,25,0,0,,
483.6,2026-08-04T20:36:39.297847+00:00,head,head_motor_2,1943,27,0,0,,
483.6,2026-08-04T20:36:39.297847+00:00,head,base_left_wheel,3461,27,0,0,,
483.6,2026-08-04T20:36:39.297847+00:00,head,base_back_wheel,3496,27,0,0,,
483.6,2026-08-04T20:36:39.297847+00:00,head,base_right_wheel,2173,26,0,0,,
484.6,2026-08-04T20:36:40.299278+00:00,arms,left_shoulder_pan,1857,36,0,0,1857,1857
484.6,2026-08-04T20:36:40.299278+00:00,arms,left_shoulder_lift,2403,35,4,68,2389,2403
484.6,2026-08-04T20:36:40.299278+00:00,arms,left_elbow_flex,1644,35,2,72,1629,1644
484.6,2026-08-04T20:36:40.299278+00:00,arms,left_wrist_flex,2172,34,0,24,2169,2172
484.6,2026-08-04T20:36:40.299278+00:00,arms,left_wrist_roll,1987,33,0,1044,1989,1987
484.6,2026-08-04T20:36:40.299278+00:00,arms,left_gripper,2013,37,0,0,2014,2013
484.6,2026-08-04T20:36:40.299278+00:00,arms,right_shoulder_pan,1965,37,1,1056,1974,1965
484.6,2026-08-04T20:36:40.299278+00:00,arms,right_shoulder_lift,2169,53,32,254,2049,2157
484.6,2026-08-04T20:36:40.299278+00:00,arms,right_elbow_flex,2171,46,19,162,2097,2166
484.6,2026-08-04T20:36:40.299278+00:00,arms,right_wrist_flex,1995,36,1,52,1976,1994
484.6,2026-08-04T20:36:40.299278+00:00,arms,right_wrist_roll,2109,34,0,1048,2114,2109
484.6,2026-08-04T20:36:40.299278+00:00,arms,right_gripper,2079,38,0,0,2079,2079
484.6,2026-08-04T20:36:40.299278+00:00,head,head_motor_1,2158,25,0,0,,
484.6,2026-08-04T20:36:40.299278+00:00,head,head_motor_2,1943,27,0,0,,
484.6,2026-08-04T20:36:40.299278+00:00,head,base_left_wheel,3461,27,0,0,,
484.6,2026-08-04T20:36:40.299278+00:00,head,base_back_wheel,3496,27,0,0,,
484.6,2026-08-04T20:36:40.299278+00:00,head,base_right_wheel,2173,26,0,0,,
485.6,2026-08-04T20:36:41.300723+00:00,arms,left_shoulder_pan,1857,36,0,0,1857,1857
485.6,2026-08-04T20:36:41.300723+00:00,arms,left_shoulder_lift,2403,35,4,68,2389,2403
485.6,2026-08-04T20:36:41.300723+00:00,arms,left_elbow_flex,1644,35,3,72,1629,1644
485.6,2026-08-04T20:36:41.300723+00:00,arms,left_wrist_flex,2172,34,0,24,2169,2172
485.6,2026-08-04T20:36:41.300723+00:00,arms,left_wrist_roll,1987,33,1,1044,1989,1987
485.6,2026-08-04T20:36:41.300723+00:00,arms,left_gripper,2013,37,0,0,2014,2013
485.6,2026-08-04T20:36:41.300723+00:00,arms,right_shoulder_pan,1965,37,1,1056,1974,1965
485.6,2026-08-04T20:36:41.300723+00:00,arms,right_shoulder_lift,2169,53,36,254,2049,2157
485.6,2026-08-04T20:36:41.300723+00:00,arms,right_elbow_flex,2171,46,17,162,2097,2166
485.6,2026-08-04T20:36:41.300723+00:00,arms,right_wrist_flex,1995,36,2,52,1976,1994
485.6,2026-08-04T20:36:41.300723+00:00,arms,right_wrist_roll,2109,34,1,1048,2114,2109
485.6,2026-08-04T20:36:41.300723+00:00,arms,right_gripper,2079,38,0,0,2079,2079
485.6,2026-08-04T20:36:41.300723+00:00,head,head_motor_1,2158,25,0,0,,
485.6,2026-08-04T20:36:41.300723+00:00,head,head_motor_2,1943,27,0,0,,
485.6,2026-08-04T20:36:41.300723+00:00,head,base_left_wheel,3461,27,0,0,,
485.6,2026-08-04T20:36:41.300723+00:00,head,base_back_wheel,3496,27,0,0,,
485.6,2026-08-04T20:36:41.300723+00:00,head,base_right_wheel,2173,26,0,0,,
486.6,2026-08-04T20:36:42.302179+00:00,arms,left_shoulder_pan,1857,36,0,0,1857,1857
486.6,2026-08-04T20:36:42.302179+00:00,arms,left_shoulder_lift,2403,35,3,68,2389,2403
486.6,2026-08-04T20:36:42.302179+00:00,arms,left_elbow_flex,1644,35,3,72,1629,1644
486.6,2026-08-04T20:36:42.302179+00:00,arms,left_wrist_flex,2172,34,0,24,2169,2172
486.6,2026-08-04T20:36:42.302179+00:00,arms,left_wrist_roll,1987,33,0,1044,1989,1987
486.6,2026-08-04T20:36:42.302179+00:00,arms,left_gripper,2013,37,0,0,2014,2013
486.6,2026-08-04T20:36:42.302179+00:00,arms,right_shoulder_pan,1965,37,1,1056,1974,1965
486.6,2026-08-04T20:36:42.302179+00:00,arms,right_shoulder_lift,2169,53,36,254,2049,2157
486.6,2026-08-04T20:36:42.302179+00:00,arms,right_elbow_flex,2171,46,14,162,2097,2166
486.6,2026-08-04T20:36:42.302179+00:00,arms,right_wrist_flex,1995,36,2,52,1976,1994
486.6,2026-08-04T20:36:42.302179+00:00,arms,right_wrist_roll,2109,34,0,1048,2114,2109
486.6,2026-08-04T20:36:42.302179+00:00,arms,right_gripper,2079,38,0,0,2079,2079
486.6,2026-08-04T20:36:42.302179+00:00,head,head_motor_1,2158,25,0,0,,
486.6,2026-08-04T20:36:42.302179+00:00,head,head_motor_2,1943,27,0,0,,
486.6,2026-08-04T20:36:42.302179+00:00,head,base_left_wheel,3461,27,0,0,,
486.6,2026-08-04T20:36:42.302179+00:00,head,base_back_wheel,3496,27,0,0,,
486.6,2026-08-04T20:36:42.302179+00:00,head,base_right_wheel,2174,26,0,0,,
487.6,2026-08-04T20:36:43.303589+00:00,arms,left_shoulder_pan,1857,36,0,0,1857,1857
487.6,2026-08-04T20:36:43.303589+00:00,arms,left_shoulder_lift,2403,35,3,68,2389,2403
487.6,2026-08-04T20:36:43.303589+00:00,arms,left_elbow_flex,1644,36,3,72,1629,1644
487.6,2026-08-04T20:36:43.303589+00:00,arms,left_wrist_flex,2172,34,0,24,2169,2172
487.6,2026-08-04T20:36:43.303589+00:00,arms,left_wrist_roll,1987,33,0,1044,1989,1987
487.6,2026-08-04T20:36:43.303589+00:00,arms,left_gripper,2013,37,0,0,2014,2013
487.6,2026-08-04T20:36:43.303589+00:00,arms,right_shoulder_pan,1965,37,1,1056,1974,1965
487.6,2026-08-04T20:36:43.303589+00:00,arms,right_shoulder_lift,2169,53,29,254,2049,2157
487.6,2026-08-04T20:36:43.303589+00:00,arms,right_elbow_flex,2171,47,13,162,2097,2166
487.6,2026-08-04T20:36:43.303589+00:00,arms,right_wrist_flex,1995,36,2,52,1976,1994
487.6,2026-08-04T20:36:43.303589+00:00,arms,right_wrist_roll,2109,34,1,1048,2114,2109
487.6,2026-08-04T20:36:43.303589+00:00,arms,right_gripper,2079,38,0,0,2079,2079
487.6,2026-08-04T20:36:43.303589+00:00,head,head_motor_1,2158,25,0,0,,
487.6,2026-08-04T20:36:43.303589+00:00,head,head_motor_2,1943,27,0,0,,
487.6,2026-08-04T20:36:43.303589+00:00,head,base_left_wheel,3461,27,0,0,,
487.6,2026-08-04T20:36:43.303589+00:00,head,base_back_wheel,3496,27,0,0,,
487.6,2026-08-04T20:36:43.303589+00:00,head,base_right_wheel,2173,26,0,0,,
488.6,2026-08-04T20:36:44.304671+00:00,arms,left_shoulder_pan,1857,36,0,0,1857,1857
488.6,2026-08-04T20:36:44.304671+00:00,arms,left_shoulder_lift,2403,35,4,68,2389,2403
488.6,2026-08-04T20:36:44.304671+00:00,arms,left_elbow_flex,1644,35,3,72,1629,1644
488.6,2026-08-04T20:36:44.304671+00:00,arms,left_wrist_flex,2172,34,0,24,2169,2172
488.6,2026-08-04T20:36:44.304671+00:00,arms,left_wrist_roll,1987,34,0,1044,1989,1987
488.6,2026-08-04T20:36:44.304671+00:00,arms,left_gripper,2013,37,0,0,2014,2013
488.6,2026-08-04T20:36:44.304671+00:00,arms,right_shoulder_pan,1965,37,1,1056,1974,1965
488.6,2026-08-04T20:36:44.304671+00:00,arms,right_shoulder_lift,2169,53,33,254,2049,2157
488.6,2026-08-04T20:36:44.304671+00:00,arms,right_elbow_flex,2171,47,16,162,2097,2166
488.6,2026-08-04T20:36:44.304671+00:00,arms,right_wrist_flex,1995,36,2,52,1976,1994
488.6,2026-08-04T20:36:44.304671+00:00,arms,right_wrist_roll,2109,34,1,1048,2114,2109
488.6,2026-08-04T20:36:44.304671+00:00,arms,right_gripper,2079,38,0,0,2079,2079
488.6,2026-08-04T20:36:44.304671+00:00,head,head_motor_1,2158,25,0,0,,
488.6,2026-08-04T20:36:44.304671+00:00,head,head_motor_2,1943,27,0,0,,
488.6,2026-08-04T20:36:44.304671+00:00,head,base_left_wheel,3461,27,0,0,,
488.6,2026-08-04T20:36:44.304671+00:00,head,base_back_wheel,3496,27,0,0,,
488.6,2026-08-04T20:36:44.304671+00:00,head,base_right_wheel,2173,26,0,0,,
489.6,2026-08-04T20:36:45.306155+00:00,arms,left_shoulder_pan,1857,36,0,0,1857,1857
489.6,2026-08-04T20:36:45.306155+00:00,arms,left_shoulder_lift,2403,35,4,68,2389,2403
489.6,2026-08-04T20:36:45.306155+00:00,arms,left_elbow_flex,1644,35,3,72,1629,1644
489.6,2026-08-04T20:36:45.306155+00:00,arms,left_wrist_flex,2172,34,0,24,2169,2172
489.6,2026-08-04T20:36:45.306155+00:00,arms,left_wrist_roll,1987,33,1,1044,1989,1987
489.6,2026-08-04T20:36:45.306155+00:00,arms,left_gripper,2013,37,0,0,2014,2013
489.6,2026-08-04T20:36:45.306155+00:00,arms,right_shoulder_pan,1965,37,1,1056,1974,1965
489.6,2026-08-04T20:36:45.306155+00:00,arms,right_shoulder_lift,2169,53,32,254,2049,2157
489.6,2026-08-04T20:36:45.306155+00:00,arms,right_elbow_flex,2171,47,20,162,2097,2166
489.6,2026-08-04T20:36:45.306155+00:00,arms,right_wrist_flex,1995,36,1,52,1976,1994
489.6,2026-08-04T20:36:45.306155+00:00,arms,right_wrist_roll,2109,34,0,1048,2114,2109
489.6,2026-08-04T20:36:45.306155+00:00,arms,right_gripper,2079,38,0,0,2079,2079
489.6,2026-08-04T20:36:45.306155+00:00,head,head_motor_1,2158,25,0,0,,
489.6,2026-08-04T20:36:45.306155+00:00,head,head_motor_2,1943,27,0,0,,
489.6,2026-08-04T20:36:45.306155+00:00,head,base_left_wheel,3461,27,0,0,,
489.6,2026-08-04T20:36:45.306155+00:00,head,base_back_wheel,3496,27,0,0,,
489.6,2026-08-04T20:36:45.306155+00:00,head,base_right_wheel,2173,26,0,0,,
490.6,2026-08-04T20:36:46.307267+00:00,arms,left_shoulder_pan,1857,36,0,0,1857,1857
490.6,2026-08-04T20:36:46.307267+00:00,arms,left_shoulder_lift,2403,35,3,68,2389,2403
490.6,2026-08-04T20:36:46.307267+00:00,arms,left_elbow_flex,1644,35,3,72,1629,1644
490.6,2026-08-04T20:36:46.307267+00:00,arms,left_wrist_flex,2172,34,0,24,2169,2172
490.6,2026-08-04T20:36:46.307267+00:00,arms,left_wrist_roll,1987,33,1,1044,1989,1987
490.6,2026-08-04T20:36:46.307267+00:00,arms,left_gripper,2013,37,0,0,2014,2013
490.6,2026-08-04T20:36:46.307267+00:00,arms,right_shoulder_pan,1965,37,1,1056,1974,1965
490.6,2026-08-04T20:36:46.307267+00:00,arms,right_shoulder_lift,2169,53,29,254,2049,2157
490.6,2026-08-04T20:36:46.307267+00:00,arms,right_elbow_flex,2171,48,19,162,2097,2166
490.6,2026-08-04T20:36:46.307267+00:00,arms,right_wrist_flex,1995,36,2,52,1976,1994
490.6,2026-08-04T20:36:46.307267+00:00,arms,right_wrist_roll,2109,34,1,1048,2114,2109
490.6,2026-08-04T20:36:46.307267+00:00,arms,right_gripper,2079,38,0,0,2079,2079
490.6,2026-08-04T20:36:46.307267+00:00,head,head_motor_1,2158,25,0,0,,
490.6,2026-08-04T20:36:46.307267+00:00,head,head_motor_2,1943,27,0,0,,
490.6,2026-08-04T20:36:46.307267+00:00,head,base_left_wheel,3461,27,0,0,,
490.6,2026-08-04T20:36:46.307267+00:00,head,base_back_wheel,3496,27,0,0,,
490.6,2026-08-04T20:36:46.307267+00:00,head,base_right_wheel,2173,30,0,0,,
491.6,2026-08-04T20:36:47.307636+00:00,arms,left_shoulder_pan,1857,36,0,0,1857,1857
491.6,2026-08-04T20:36:47.307636+00:00,arms,left_shoulder_lift,2403,35,3,68,2389,2403
491.6,2026-08-04T20:36:47.307636+00:00,arms,left_elbow_flex,1644,35,3,72,1629,1644
491.6,2026-08-04T20:36:47.307636+00:00,arms,left_wrist_flex,2172,34,0,24,2169,2172
491.6,2026-08-04T20:36:47.307636+00:00,arms,left_wrist_roll,1987,33,0,1044,1989,1987
491.6,2026-08-04T20:36:47.307636+00:00,arms,left_gripper,2013,37,0,0,2014,2013
491.6,2026-08-04T20:36:47.307636+00:00,arms,right_shoulder_pan,1965,37,1,1056,1974,1965
491.6,2026-08-04T20:36:47.307636+00:00,arms,right_shoulder_lift,2169,53,40,254,2049,2157
491.6,2026-08-04T20:36:47.307636+00:00,arms,right_elbow_flex,2171,47,19,162,2097,2166
491.6,2026-08-04T20:36:47.307636+00:00,arms,right_wrist_flex,1995,36,1,52,1976,1994
491.6,2026-08-04T20:36:47.307636+00:00,arms,right_wrist_roll,2109,34,0,1048,2114,2109
491.6,2026-08-04T20:36:47.307636+00:00,arms,right_gripper,2079,38,0,0,2079,2079
491.6,2026-08-04T20:36:47.307636+00:00,head,head_motor_1,2158,25,0,0,,
491.6,2026-08-04T20:36:47.307636+00:00,head,head_motor_2,1943,27,0,0,,
491.6,2026-08-04T20:36:47.307636+00:00,head,base_left_wheel,3461,27,0,0,,
491.6,2026-08-04T20:36:47.307636+00:00,head,base_back_wheel,3496,27,0,0,,
491.6,2026-08-04T20:36:47.307636+00:00,head,base_right_wheel,2173,26,0,0,,
492.6,2026-08-04T20:36:48.308596+00:00,arms,left_shoulder_pan,1857,36,0,0,1857,1857
492.6,2026-08-04T20:36:48.308596+00:00,arms,left_shoulder_lift,2403,35,4,68,2389,2403
492.6,2026-08-04T20:36:48.308596+00:00,arms,left_elbow_flex,1644,35,3,72,1629,1644
492.6,2026-08-04T20:36:48.308596+00:00,arms,left_wrist_flex,2172,34,1,24,2169,2172
492.6,2026-08-04T20:36:48.308596+00:00,arms,left_wrist_roll,1987,33,0,1044,1989,1987
492.6,2026-08-04T20:36:48.308596+00:00,arms,left_gripper,2013,37,0,0,2014,2013
492.6,2026-08-04T20:36:48.308596+00:00,arms,right_shoulder_pan,1965,38,1,1056,1974,1965
492.6,2026-08-04T20:36:48.308596+00:00,arms,right_shoulder_lift,2169,53,34,254,2049,2157
492.6,2026-08-04T20:36:48.308596+00:00,arms,right_elbow_flex,2171,47,17,162,2097,2166
492.6,2026-08-04T20:36:48.308596+00:00,arms,right_wrist_flex,1995,36,0,52,1976,1994
492.6,2026-08-04T20:36:48.308596+00:00,arms,right_wrist_roll,2109,34,0,1048,2114,2109
492.6,2026-08-04T20:36:48.308596+00:00,arms,right_gripper,2079,38,0,0,2079,2079
492.6,2026-08-04T20:36:48.308596+00:00,head,head_motor_1,2158,25,0,0,,
492.6,2026-08-04T20:36:48.308596+00:00,head,head_motor_2,1943,27,0,0,,
492.6,2026-08-04T20:36:48.308596+00:00,head,base_left_wheel,3461,27,0,0,,
492.6,2026-08-04T20:36:48.308596+00:00,head,base_back_wheel,3496,27,0,0,,
492.6,2026-08-04T20:36:48.308596+00:00,head,base_right_wheel,2173,26,0,0,,
493.6,2026-08-04T20:36:49.310054+00:00,arms,left_shoulder_pan,1857,36,0,0,1857,1857
493.6,2026-08-04T20:36:49.310054+00:00,arms,left_shoulder_lift,2403,35,4,68,2389,2403
493.6,2026-08-04T20:36:49.310054+00:00,arms,left_elbow_flex,1644,35,3,72,1629,1644
493.6,2026-08-04T20:36:49.310054+00:00,arms,left_wrist_flex,2172,34,0,24,2169,2172
493.6,2026-08-04T20:36:49.310054+00:00,arms,left_wrist_roll,1987,34,1,1044,1989,1987
493.6,2026-08-04T20:36:49.310054+00:00,arms,left_gripper,2013,37,0,0,2014,2013
493.6,2026-08-04T20:36:49.310054+00:00,arms,right_shoulder_pan,1965,37,1,1056,1974,1965
493.6,2026-08-04T20:36:49.310054+00:00,arms,right_shoulder_lift,2169,53,34,254,2049,2157
493.6,2026-08-04T20:36:49.310054+00:00,arms,right_elbow_flex,2171,47,18,162,2097,2166
493.6,2026-08-04T20:36:49.310054+00:00,arms,right_wrist_flex,1995,36,2,52,1976,1994
493.6,2026-08-04T20:36:49.310054+00:00,arms,right_wrist_roll,2109,34,0,1048,2114,2109
493.6,2026-08-04T20:36:49.310054+00:00,arms,right_gripper,2079,38,0,0,2079,2079
493.6,2026-08-04T20:36:49.310054+00:00,head,head_motor_1,2158,25,0,0,,
493.6,2026-08-04T20:36:49.310054+00:00,head,head_motor_2,1943,27,0,0,,
493.6,2026-08-04T20:36:49.310054+00:00,head,base_left_wheel,3461,27,0,0,,
493.6,2026-08-04T20:36:49.310054+00:00,head,base_back_wheel,3496,27,0,0,,
493.6,2026-08-04T20:36:49.310054+00:00,head,base_right_wheel,2173,26,0,0,,
494.6,2026-08-04T20:36:50.311513+00:00,arms,left_shoulder_pan,1857,36,0,0,1857,1857
494.6,2026-08-04T20:36:50.311513+00:00,arms,left_shoulder_lift,2403,35,4,68,2389,2403
494.6,2026-08-04T20:36:50.311513+00:00,arms,left_elbow_flex,1644,35,3,72,1629,1644
494.6,2026-08-04T20:36:50.311513+00:00,arms,left_wrist_flex,2172,34,0,24,2169,2172
494.6,2026-08-04T20:36:50.311513+00:00,arms,left_wrist_roll,1987,33,0,1044,1989,1987
494.6,2026-08-04T20:36:50.311513+00:00,arms,left_gripper,2013,38,0,0,2014,2013
494.6,2026-08-04T20:36:50.311513+00:00,arms,right_shoulder_pan,1965,37,1,1056,1974,1965
494.6,2026-08-04T20:36:50.311513+00:00,arms,right_shoulder_lift,2169,53,36,254,2049,2157
494.6,2026-08-04T20:36:50.311513+00:00,arms,right_elbow_flex,2171,47,16,162,2097,2166
494.6,2026-08-04T20:36:50.311513+00:00,arms,right_wrist_flex,1995,36,2,52,1976,1994
494.6,2026-08-04T20:36:50.311513+00:00,arms,right_wrist_roll,2109,34,1,1048,2114,2109
494.6,2026-08-04T20:36:50.311513+00:00,arms,right_gripper,2079,38,0,0,2079,2079
494.6,2026-08-04T20:36:50.311513+00:00,head,head_motor_1,2158,25,0,0,,
494.6,2026-08-04T20:36:50.311513+00:00,head,head_motor_2,1943,27,0,0,,
494.6,2026-08-04T20:36:50.311513+00:00,head,base_left_wheel,3461,27,0,0,,
494.6,2026-08-04T20:36:50.311513+00:00,head,base_back_wheel,3496,27,0,0,,
494.6,2026-08-04T20:36:50.311513+00:00,head,base_right_wheel,2173,26,0,0,,
495.6,2026-08-04T20:36:51.312980+00:00,arms,left_shoulder_pan,1857,36,0,0,1857,1857
495.6,2026-08-04T20:36:51.312980+00:00,arms,left_shoulder_lift,2403,35,3,68,2389,2403
495.6,2026-08-04T20:36:51.312980+00:00,arms,left_elbow_flex,1644,35,3,72,1629,1644
495.6,2026-08-04T20:36:51.312980+00:00,arms,left_wrist_flex,2172,34,0,24,2169,2172
495.6,2026-08-04T20:36:51.312980+00:00,arms,left_wrist_roll,1987,34,0,1044,1989,1987
495.6,2026-08-04T20:36:51.312980+00:00,arms,left_gripper,2013,37,0,0,2014,2013
495.6,2026-08-04T20:36:51.312980+00:00,arms,right_shoulder_pan,1965,37,0,1056,1974,1965
495.6,2026-08-04T20:36:51.312980+00:00,arms,right_shoulder_lift,2169,53,32,254,2049,2157
495.6,2026-08-04T20:36:51.312980+00:00,arms,right_elbow_flex,2171,47,16,162,2097,2166
495.6,2026-08-04T20:36:51.312980+00:00,arms,right_wrist_flex,1995,36,1,52,1976,1994
495.6,2026-08-04T20:36:51.312980+00:00,arms,right_wrist_roll,2109,34,0,1048,2114,2109
495.6,2026-08-04T20:36:51.312980+00:00,arms,right_gripper,2079,38,0,0,2079,2079
495.6,2026-08-04T20:36:51.312980+00:00,head,head_motor_1,2158,25,0,0,,
495.6,2026-08-04T20:36:51.312980+00:00,head,head_motor_2,1943,27,0,0,,
495.6,2026-08-04T20:36:51.312980+00:00,head,base_left_wheel,3461,27,0,0,,
495.6,2026-08-04T20:36:51.312980+00:00,head,base_back_wheel,3496,27,0,0,,
495.6,2026-08-04T20:36:51.312980+00:00,head,base_right_wheel,2173,26,0,0,,
496.6,2026-08-04T20:36:52.314433+00:00,arms,left_shoulder_pan,1857,36,0,0,1857,1857
496.6,2026-08-04T20:36:52.314433+00:00,arms,left_shoulder_lift,2403,35,3,68,2389,2403
496.6,2026-08-04T20:36:52.314433+00:00,arms,left_elbow_flex,1644,35,3,72,1629,1644
496.6,2026-08-04T20:36:52.314433+00:00,arms,left_wrist_flex,2172,34,1,24,2169,2172
496.6,2026-08-04T20:36:52.314433+00:00,arms,left_wrist_roll,1987,34,0,1044,1989,1987
496.6,2026-08-04T20:36:52.314433+00:00,arms,left_gripper,2013,37,0,0,2014,2013
496.6,2026-08-04T20:36:52.314433+00:00,arms,right_shoulder_pan,1965,37,1,1056,1974,1965
496.6,2026-08-04T20:36:52.314433+00:00,arms,right_shoulder_lift,2169,53,37,254,2049,2157
496.6,2026-08-04T20:36:52.314433+00:00,arms,right_elbow_flex,2171,47,14,162,2097,2166
496.6,2026-08-04T20:36:52.314433+00:00,arms,right_wrist_flex,1995,36,1,52,1976,1994
496.6,2026-08-04T20:36:52.314433+00:00,arms,right_wrist_roll,2109,34,0,1048,2114,2109
496.6,2026-08-04T20:36:52.314433+00:00,arms,right_gripper,2079,38,0,0,2079,2079
496.6,2026-08-04T20:36:52.314433+00:00,head,head_motor_1,2158,25,0,0,,
496.6,2026-08-04T20:36:52.314433+00:00,head,head_motor_2,1943,27,0,0,,
496.6,2026-08-04T20:36:52.314433+00:00,head,base_left_wheel,3461,27,0,0,,
496.6,2026-08-04T20:36:52.314433+00:00,head,base_back_wheel,3496,27,0,0,,
496.6,2026-08-04T20:36:52.314433+00:00,head,base_right_wheel,2173,26,0,0,,
497.6,2026-08-04T20:36:53.315528+00:00,arms,left_shoulder_pan,1857,36,0,0,1857,1857
497.6,2026-08-04T20:36:53.315528+00:00,arms,left_shoulder_lift,2403,35,3,68,2389,2403
497.6,2026-08-04T20:36:53.315528+00:00,arms,left_elbow_flex,1644,35,3,72,1629,1644
497.6,2026-08-04T20:36:53.315528+00:00,arms,left_wrist_flex,2172,34,1,24,2169,2172
497.6,2026-08-04T20:36:53.315528+00:00,arms,left_wrist_roll,1987,33,0,1044,1989,1987
497.6,2026-08-04T20:36:53.315528+00:00,arms,left_gripper,2013,37,0,0,2014,2013
497.6,2026-08-04T20:36:53.315528+00:00,arms,right_shoulder_pan,1965,37,1,1056,1974,1965
497.6,2026-08-04T20:36:53.315528+00:00,arms,right_shoulder_lift,2169,53,29,254,2049,2157
497.6,2026-08-04T20:36:53.315528+00:00,arms,right_elbow_flex,2171,47,19,162,2097,2166
497.6,2026-08-04T20:36:53.315528+00:00,arms,right_wrist_flex,1995,36,1,52,1976,1994
497.6,2026-08-04T20:36:53.315528+00:00,arms,right_wrist_roll,2109,34,1,1048,2114,2109
497.6,2026-08-04T20:36:53.315528+00:00,arms,right_gripper,2079,38,0,0,2079,2079
497.6,2026-08-04T20:36:53.315528+00:00,head,head_motor_1,2158,25,0,0,,
497.6,2026-08-04T20:36:53.315528+00:00,head,head_motor_2,1943,27,0,0,,
497.6,2026-08-04T20:36:53.315528+00:00,head,base_left_wheel,3461,27,0,0,,
497.6,2026-08-04T20:36:53.315528+00:00,head,base_back_wheel,3496,27,0,0,,
497.6,2026-08-04T20:36:53.315528+00:00,head,base_right_wheel,2173,26,0,0,,
498.6,2026-08-04T20:36:54.316990+00:00,arms,left_shoulder_pan,1857,36,0,0,1857,1857
498.6,2026-08-04T20:36:54.316990+00:00,arms,left_shoulder_lift,2403,35,3,68,2389,2403
498.6,2026-08-04T20:36:54.316990+00:00,arms,left_elbow_flex,1644,35,3,72,1629,1644
498.6,2026-08-04T20:36:54.316990+00:00,arms,left_wrist_flex,2172,34,1,24,2169,2172
498.6,2026-08-04T20:36:54.316990+00:00,arms,left_wrist_roll,1987,33,0,1044,1989,1987
498.6,2026-08-04T20:36:54.316990+00:00,arms,left_gripper,2013,37,0,0,2014,2013
498.6,2026-08-04T20:36:54.316990+00:00,arms,right_shoulder_pan,1965,37,1,1056,1974,1965
498.6,2026-08-04T20:36:54.316990+00:00,arms,right_shoulder_lift,2169,53,35,254,2049,2157
498.6,2026-08-04T20:36:54.316990+00:00,arms,right_elbow_flex,2171,47,19,162,2097,2166
498.6,2026-08-04T20:36:54.316990+00:00,arms,right_wrist_flex,1995,36,2,52,1976,1994
498.6,2026-08-04T20:36:54.316990+00:00,arms,right_wrist_roll,2109,34,0,1048,2114,2109
498.6,2026-08-04T20:36:54.316990+00:00,arms,right_gripper,2079,38,0,0,2079,2079
498.6,2026-08-04T20:36:54.316990+00:00,head,head_motor_1,2158,25,0,0,,
498.6,2026-08-04T20:36:54.316990+00:00,head,head_motor_2,1943,27,0,0,,
498.6,2026-08-04T20:36:54.316990+00:00,head,base_left_wheel,3461,27,0,0,,
498.6,2026-08-04T20:36:54.316990+00:00,head,base_back_wheel,3496,27,0,0,,
498.6,2026-08-04T20:36:54.316990+00:00,head,base_right_wheel,2173,26,0,0,,
499.6,2026-08-04T20:36:55.318085+00:00,arms,left_shoulder_pan,1857,36,0,0,1857,1857
499.6,2026-08-04T20:36:55.318085+00:00,arms,left_shoulder_lift,2403,35,3,68,2389,2403
499.6,2026-08-04T20:36:55.318085+00:00,arms,left_elbow_flex,1644,35,3,72,1629,1644
499.6,2026-08-04T20:36:55.318085+00:00,arms,left_wrist_flex,2172,34,0,24,2169,2172
499.6,2026-08-04T20:36:55.318085+00:00,arms,left_wrist_roll,1987,34,1,1044,1989,1987
499.6,2026-08-04T20:36:55.318085+00:00,arms,left_gripper,2013,37,0,0,2014,2013
499.6,2026-08-04T20:36:55.318085+00:00,arms,right_shoulder_pan,1965,37,1,1056,1974,1965
499.6,2026-08-04T20:36:55.318085+00:00,arms,right_shoulder_lift,2169,53,35,254,2049,2157
499.6,2026-08-04T20:36:55.318085+00:00,arms,right_elbow_flex,2171,47,20,162,2097,2166
499.6,2026-08-04T20:36:55.318085+00:00,arms,right_wrist_flex,1995,36,2,52,1976,1994
499.6,2026-08-04T20:36:55.318085+00:00,arms,right_wrist_roll,2109,34,0,1048,2114,2109
499.6,2026-08-04T20:36:55.318085+00:00,arms,right_gripper,2079,38,0,0,2079,2079
499.6,2026-08-04T20:36:55.318085+00:00,head,head_motor_1,2158,25,0,0,,
499.6,2026-08-04T20:36:55.318085+00:00,head,head_motor_2,1943,27,0,0,,
499.6,2026-08-04T20:36:55.318085+00:00,head,base_left_wheel,3461,27,0,0,,
499.6,2026-08-04T20:36:55.318085+00:00,head,base_back_wheel,3496,27,1,0,,
499.6,2026-08-04T20:36:55.318085+00:00,head,base_right_wheel,2173,26,0,0,,
500.6,2026-08-04T20:36:56.319175+00:00,arms,left_shoulder_pan,1857,36,0,0,1857,1857
500.6,2026-08-04T20:36:56.319175+00:00,arms,left_shoulder_lift,2403,35,3,68,2389,2403
500.6,2026-08-04T20:36:56.319175+00:00,arms,left_elbow_flex,1644,35,3,72,1629,1644
500.6,2026-08-04T20:36:56.319175+00:00,arms,left_wrist_flex,2172,34,0,24,2169,2172
500.6,2026-08-04T20:36:56.319175+00:00,arms,left_wrist_roll,1987,33,0,1044,1989,1987
500.6,2026-08-04T20:36:56.319175+00:00,arms,left_gripper,2013,37,0,0,2014,2013
500.6,2026-08-04T20:36:56.319175+00:00,arms,right_shoulder_pan,1965,37,1,1056,1974,1965
500.6,2026-08-04T20:36:56.319175+00:00,arms,right_shoulder_lift,2169,53,30,254,2049,2157
500.6,2026-08-04T20:36:56.319175+00:00,arms,right_elbow_flex,2171,47,20,162,2097,2166
500.6,2026-08-04T20:36:56.319175+00:00,arms,right_wrist_flex,1995,36,2,52,1976,1994
500.6,2026-08-04T20:36:56.319175+00:00,arms,right_wrist_roll,2109,34,0,1048,2114,2109
500.6,2026-08-04T20:36:56.319175+00:00,arms,right_gripper,2079,37,0,0,2079,2079
500.6,2026-08-04T20:36:56.319175+00:00,head,head_motor_1,2158,25,0,0,,
500.6,2026-08-04T20:36:56.319175+00:00,head,head_motor_2,1943,27,0,0,,
500.6,2026-08-04T20:36:56.319175+00:00,head,base_left_wheel,3461,27,0,0,,
500.6,2026-08-04T20:36:56.319175+00:00,head,base_back_wheel,3496,27,0,0,,
500.6,2026-08-04T20:36:56.319175+00:00,head,base_right_wheel,2173,26,0,0,,
501.6,2026-08-04T20:36:57.320644+00:00,arms,left_shoulder_pan,1857,36,0,0,1857,1857
501.6,2026-08-04T20:36:57.320644+00:00,arms,left_shoulder_lift,2403,35,4,68,2389,2403
501.6,2026-08-04T20:36:57.320644+00:00,arms,left_elbow_flex,1644,35,2,72,1629,1644
501.6,2026-08-04T20:36:57.320644+00:00,arms,left_wrist_flex,2172,34,0,24,2169,2172
501.6,2026-08-04T20:36:57.320644+00:00,arms,left_wrist_roll,1987,34,1,1044,1989,1987
501.6,2026-08-04T20:36:57.320644+00:00,arms,left_gripper,2013,37,0,0,2014,2013
501.6,2026-08-04T20:36:57.320644+00:00,arms,right_shoulder_pan,1965,37,1,1056,1974,1965
501.6,2026-08-04T20:36:57.320644+00:00,arms,right_shoulder_lift,2169,53,33,254,2049,2157
501.6,2026-08-04T20:36:57.320644+00:00,arms,right_elbow_flex,2171,47,18,162,2097,2166
501.6,2026-08-04T20:36:57.320644+00:00,arms,right_wrist_flex,1995,36,2,52,1976,1994
501.6,2026-08-04T20:36:57.320644+00:00,arms,right_wrist_roll,2109,34,0,1048,2114,2109
501.6,2026-08-04T20:36:57.320644+00:00,arms,right_gripper,2079,38,0,0,2079,2079
501.6,2026-08-04T20:36:57.320644+00:00,head,head_motor_1,2158,25,0,0,,
501.6,2026-08-04T20:36:57.320644+00:00,head,head_motor_2,1943,27,0,0,,
501.6,2026-08-04T20:36:57.320644+00:00,head,base_left_wheel,3461,27,0,0,,
501.6,2026-08-04T20:36:57.320644+00:00,head,base_back_wheel,3496,26,0,0,,
501.6,2026-08-04T20:36:57.320644+00:00,head,base_right_wheel,2173,26,0,0,,
502.6,2026-08-04T20:36:58.322117+00:00,arms,left_shoulder_pan,1857,36,0,0,1857,1857
502.6,2026-08-04T20:36:58.322117+00:00,arms,left_shoulder_lift,2403,35,3,68,2389,2403
502.6,2026-08-04T20:36:58.322117+00:00,arms,left_elbow_flex,1644,35,3,72,1629,1644
502.6,2026-08-04T20:36:58.322117+00:00,arms,left_wrist_flex,2172,34,0,24,2169,2172
502.6,2026-08-04T20:36:58.322117+00:00,arms,left_wrist_roll,1987,34,0,1044,1989,1987
502.6,2026-08-04T20:36:58.322117+00:00,arms,left_gripper,2013,37,0,0,2014,2013
502.6,2026-08-04T20:36:58.322117+00:00,arms,right_shoulder_pan,1965,37,1,1056,1974,1965
502.6,2026-08-04T20:36:58.322117+00:00,arms,right_shoulder_lift,2169,54,29,254,2049,2157
502.6,2026-08-04T20:36:58.322117+00:00,arms,right_elbow_flex,2171,47,19,162,2097,2166
502.6,2026-08-04T20:36:58.322117+00:00,arms,right_wrist_flex,1995,36,2,52,1976,1994
502.6,2026-08-04T20:36:58.322117+00:00,arms,right_wrist_roll,2109,34,0,1048,2114,2109
502.6,2026-08-04T20:36:58.322117+00:00,arms,right_gripper,2079,38,0,0,2079,2079
502.6,2026-08-04T20:36:58.322117+00:00,head,head_motor_1,2158,25,0,0,,
502.6,2026-08-04T20:36:58.322117+00:00,head,head_motor_2,1943,27,0,0,,
502.6,2026-08-04T20:36:58.322117+00:00,head,base_left_wheel,3461,27,0,0,,
502.6,2026-08-04T20:36:58.322117+00:00,head,base_back_wheel,3496,27,0,0,,
502.6,2026-08-04T20:36:58.322117+00:00,head,base_right_wheel,2173,26,0,0,,
503.6,2026-08-04T20:36:59.323591+00:00,arms,left_shoulder_pan,1857,36,0,0,1857,1857
503.6,2026-08-04T20:36:59.323591+00:00,arms,left_shoulder_lift,2403,35,4,68,2389,2403
503.6,2026-08-04T20:36:59.323591+00:00,arms,left_elbow_flex,1644,35,3,72,1629,1644
503.6,2026-08-04T20:36:59.323591+00:00,arms,left_wrist_flex,2172,34,0,24,2169,2172
503.6,2026-08-04T20:36:59.323591+00:00,arms,left_wrist_roll,1987,34,1,1044,1989,1987
503.6,2026-08-04T20:36:59.323591+00:00,arms,left_gripper,2013,37,0,0,2014,2013
503.6,2026-08-04T20:36:59.323591+00:00,arms,right_shoulder_pan,1965,37,1,1056,1974,1965
503.6,2026-08-04T20:36:59.323591+00:00,arms,right_shoulder_lift,2169,53,29,254,2049,2157
503.6,2026-08-04T20:36:59.323591+00:00,arms,right_elbow_flex,2171,47,20,162,2097,2166
503.6,2026-08-04T20:36:59.323591+00:00,arms,right_wrist_flex,1995,36,1,52,1976,1994
503.6,2026-08-04T20:36:59.323591+00:00,arms,right_wrist_roll,2109,34,0,1048,2114,2109
503.6,2026-08-04T20:36:59.323591+00:00,arms,right_gripper,2079,38,0,0,2079,2079
503.6,2026-08-04T20:36:59.323591+00:00,head,head_motor_1,2158,25,0,0,,
503.6,2026-08-04T20:36:59.323591+00:00,head,head_motor_2,1943,27,0,0,,
503.6,2026-08-04T20:36:59.323591+00:00,head,base_left_wheel,3461,27,0,0,,
503.6,2026-08-04T20:36:59.323591+00:00,head,base_back_wheel,3496,27,0,0,,
503.6,2026-08-04T20:36:59.323591+00:00,head,base_right_wheel,2173,26,0,0,,
504.6,2026-08-04T20:37:00.325030+00:00,arms,left_shoulder_pan,1857,36,0,0,1857,1857
504.6,2026-08-04T20:37:00.325030+00:00,arms,left_shoulder_lift,2403,35,4,68,2389,2403
504.6,2026-08-04T20:37:00.325030+00:00,arms,left_elbow_flex,1644,35,3,72,1629,1644
504.6,2026-08-04T20:37:00.325030+00:00,arms,left_wrist_flex,2172,34,1,24,2169,2172
504.6,2026-08-04T20:37:00.325030+00:00,arms,left_wrist_roll,1987,34,0,1044,1989,1987
504.6,2026-08-04T20:37:00.325030+00:00,arms,left_gripper,2013,37,0,0,2014,2013
504.6,2026-08-04T20:37:00.325030+00:00,arms,right_shoulder_pan,1965,37,0,1056,1974,1965
504.6,2026-08-04T20:37:00.325030+00:00,arms,right_shoulder_lift,2169,53,40,254,2049,2157
504.6,2026-08-04T20:37:00.325030+00:00,arms,right_elbow_flex,2171,47,20,162,2097,2166
504.6,2026-08-04T20:37:00.325030+00:00,arms,right_wrist_flex,1995,36,2,52,1976,1994
504.6,2026-08-04T20:37:00.325030+00:00,arms,right_wrist_roll,2109,34,1,1048,2114,2109
504.6,2026-08-04T20:37:00.325030+00:00,arms,right_gripper,2079,38,1,0,2079,2079
504.6,2026-08-04T20:37:00.325030+00:00,head,head_motor_1,2158,25,0,0,,
504.6,2026-08-04T20:37:00.325030+00:00,head,head_motor_2,1943,27,0,0,,
504.6,2026-08-04T20:37:00.325030+00:00,head,base_left_wheel,3461,27,0,0,,
504.6,2026-08-04T20:37:00.325030+00:00,head,base_back_wheel,3496,27,0,0,,
504.6,2026-08-04T20:37:00.325030+00:00,head,base_right_wheel,2173,26,0,0,,
505.6,2026-08-04T20:37:01.326488+00:00,arms,left_shoulder_pan,1857,36,0,0,1857,1857
505.6,2026-08-04T20:37:01.326488+00:00,arms,left_shoulder_lift,2403,35,3,68,2389,2403
505.6,2026-08-04T20:37:01.326488+00:00,arms,left_elbow_flex,1644,35,3,72,1629,1644
505.6,2026-08-04T20:37:01.326488+00:00,arms,left_wrist_flex,2172,34,0,24,2169,2172
505.6,2026-08-04T20:37:01.326488+00:00,arms,left_wrist_roll,1987,33,1,1044,1989,1987
505.6,2026-08-04T20:37:01.326488+00:00,arms,left_gripper,2013,37,0,0,2014,2013
505.6,2026-08-04T20:37:01.326488+00:00,arms,right_shoulder_pan,1965,37,1,1056,1974,1965
505.6,2026-08-04T20:37:01.326488+00:00,arms,right_shoulder_lift,2169,53,30,254,2049,2157
505.6,2026-08-04T20:37:01.326488+00:00,arms,right_elbow_flex,2171,47,19,162,2097,2166
505.6,2026-08-04T20:37:01.326488+00:00,arms,right_wrist_flex,1995,36,2,52,1976,1994
505.6,2026-08-04T20:37:01.326488+00:00,arms,right_wrist_roll,2109,34,1,1048,2114,2109
505.6,2026-08-04T20:37:01.326488+00:00,arms,right_gripper,2079,38,0,0,2079,2079
505.6,2026-08-04T20:37:01.326488+00:00,head,head_motor_1,2158,25,0,0,,
505.6,2026-08-04T20:37:01.326488+00:00,head,head_motor_2,1943,27,0,0,,
505.6,2026-08-04T20:37:01.326488+00:00,head,base_left_wheel,3461,27,0,0,,
505.6,2026-08-04T20:37:01.326488+00:00,head,base_back_wheel,3496,27,0,0,,
505.6,2026-08-04T20:37:01.326488+00:00,head,base_right_wheel,2173,26,0,0,,
506.6,2026-08-04T20:37:02.327650+00:00,arms,left_shoulder_pan,1857,36,0,0,1857,1857
506.6,2026-08-04T20:37:02.327650+00:00,arms,left_shoulder_lift,2403,35,3,68,2389,2403
506.6,2026-08-04T20:37:02.327650+00:00,arms,left_elbow_flex,1644,35,3,72,1629,1644
506.6,2026-08-04T20:37:02.327650+00:00,arms,left_wrist_flex,2172,34,0,24,2169,2172
506.6,2026-08-04T20:37:02.327650+00:00,arms,left_wrist_roll,1987,34,1,1044,1989,1987
506.6,2026-08-04T20:37:02.327650+00:00,arms,left_gripper,2013,37,0,0,2014,2013
506.6,2026-08-04T20:37:02.327650+00:00,arms,right_shoulder_pan,1965,37,1,1056,1974,1965
506.6,2026-08-04T20:37:02.327650+00:00,arms,right_shoulder_lift,2169,54,35,254,2049,2157
506.6,2026-08-04T20:37:02.327650+00:00,arms,right_elbow_flex,2171,47,13,162,2097,2166
506.6,2026-08-04T20:37:02.327650+00:00,arms,right_wrist_flex,1995,36,2,52,1976,1994
506.6,2026-08-04T20:37:02.327650+00:00,arms,right_wrist_roll,2109,34,1,1048,2114,2109
506.6,2026-08-04T20:37:02.327650+00:00,arms,right_gripper,2079,38,0,0,2079,2079
506.6,2026-08-04T20:37:02.327650+00:00,head,head_motor_1,2158,25,0,0,,
506.6,2026-08-04T20:37:02.327650+00:00,head,head_motor_2,1943,27,0,0,,
506.6,2026-08-04T20:37:02.327650+00:00,head,base_left_wheel,3461,27,0,0,,
506.6,2026-08-04T20:37:02.327650+00:00,head,base_back_wheel,3496,27,0,0,,
506.6,2026-08-04T20:37:02.327650+00:00,head,base_right_wheel,2173,26,0,0,,
507.6,2026-08-04T20:37:03.329117+00:00,arms,left_shoulder_pan,1857,36,0,0,1857,1857
507.6,2026-08-04T20:37:03.329117+00:00,arms,left_shoulder_lift,2403,35,3,68,2389,2403
507.6,2026-08-04T20:37:03.329117+00:00,arms,left_elbow_flex,1644,35,3,72,1629,1644
507.6,2026-08-04T20:37:03.329117+00:00,arms,left_wrist_flex,2172,34,0,24,2169,2172
507.6,2026-08-04T20:37:03.329117+00:00,arms,left_wrist_roll,1987,33,0,1044,1989,1987
507.6,2026-08-04T20:37:03.329117+00:00,arms,left_gripper,2013,37,0,0,2014,2013
507.6,2026-08-04T20:37:03.329117+00:00,arms,right_shoulder_pan,1965,37,1,1056,1974,1965
507.6,2026-08-04T20:37:03.329117+00:00,arms,right_shoulder_lift,2170,53,32,256,2049,2157
507.6,2026-08-04T20:37:03.329117+00:00,arms,right_elbow_flex,2171,47,19,162,2097,2166
507.6,2026-08-04T20:37:03.329117+00:00,arms,right_wrist_flex,1995,36,2,52,1976,1994
507.6,2026-08-04T20:37:03.329117+00:00,arms,right_wrist_roll,2109,34,1,1048,2114,2109
507.6,2026-08-04T20:37:03.329117+00:00,arms,right_gripper,2079,38,0,0,2079,2079
507.6,2026-08-04T20:37:03.329117+00:00,head,head_motor_1,2158,25,0,0,,
507.6,2026-08-04T20:37:03.329117+00:00,head,head_motor_2,1943,27,0,0,,
507.6,2026-08-04T20:37:03.329117+00:00,head,base_left_wheel,3461,27,0,0,,
507.6,2026-08-04T20:37:03.329117+00:00,head,base_back_wheel,3496,27,0,0,,
507.6,2026-08-04T20:37:03.329117+00:00,head,base_right_wheel,2173,26,0,0,,
508.6,2026-08-04T20:37:04.330564+00:00,arms,left_shoulder_pan,1857,36,0,0,1857,1857
508.6,2026-08-04T20:37:04.330564+00:00,arms,left_shoulder_lift,2403,35,4,68,2389,2403
508.6,2026-08-04T20:37:04.330564+00:00,arms,left_elbow_flex,1644,35,3,72,1629,1644
508.6,2026-08-04T20:37:04.330564+00:00,arms,left_wrist_flex,2172,34,0,24,2169,2172
508.6,2026-08-04T20:37:04.330564+00:00,arms,left_wrist_roll,1987,33,0,1044,1989,1987
508.6,2026-08-04T20:37:04.330564+00:00,arms,left_gripper,2013,37,0,0,2014,2013
508.6,2026-08-04T20:37:04.330564+00:00,arms,right_shoulder_pan,1965,37,1,1056,1974,1965
508.6,2026-08-04T20:37:04.330564+00:00,arms,right_shoulder_lift,2170,54,39,256,2049,2157
508.6,2026-08-04T20:37:04.330564+00:00,arms,right_elbow_flex,2171,47,20,162,2097,2166
508.6,2026-08-04T20:37:04.330564+00:00,arms,right_wrist_flex,1995,36,1,52,1976,1994
508.6,2026-08-04T20:37:04.330564+00:00,arms,right_wrist_roll,2109,34,0,1048,2114,2109
508.6,2026-08-04T20:37:04.330564+00:00,arms,right_gripper,2079,38,0,0,2079,2079
508.6,2026-08-04T20:37:04.330564+00:00,head,head_motor_1,2158,25,0,0,,
508.6,2026-08-04T20:37:04.330564+00:00,head,head_motor_2,1943,27,0,0,,
508.6,2026-08-04T20:37:04.330564+00:00,head,base_left_wheel,3461,27,0,0,,
508.6,2026-08-04T20:37:04.330564+00:00,head,base_back_wheel,3496,27,0,0,,
508.6,2026-08-04T20:37:04.330564+00:00,head,base_right_wheel,2173,26,0,0,,
509.6,2026-08-04T20:37:05.331669+00:00,arms,left_shoulder_pan,1857,36,0,0,1857,1857
509.6,2026-08-04T20:37:05.331669+00:00,arms,left_shoulder_lift,2403,35,3,68,2389,2403
509.6,2026-08-04T20:37:05.331669+00:00,arms,left_elbow_flex,1644,35,2,72,1629,1644
509.6,2026-08-04T20:37:05.331669+00:00,arms,left_wrist_flex,2172,34,0,24,2169,2172
509.6,2026-08-04T20:37:05.331669+00:00,arms,left_wrist_roll,1987,34,0,1044,1989,1987
509.6,2026-08-04T20:37:05.331669+00:00,arms,left_gripper,2013,37,0,0,2014,2013
509.6,2026-08-04T20:37:05.331669+00:00,arms,right_shoulder_pan,1965,37,1,1056,1974,1965
509.6,2026-08-04T20:37:05.331669+00:00,arms,right_shoulder_lift,2170,54,33,256,2049,2157
509.6,2026-08-04T20:37:05.331669+00:00,arms,right_elbow_flex,2171,47,16,162,2097,2166
509.6,2026-08-04T20:37:05.331669+00:00,arms,right_wrist_flex,1995,36,1,52,1976,1994
509.6,2026-08-04T20:37:05.331669+00:00,arms,right_wrist_roll,2109,34,0,1048,2114,2109
509.6,2026-08-04T20:37:05.331669+00:00,arms,right_gripper,2079,38,0,0,2079,2079
509.6,2026-08-04T20:37:05.331669+00:00,head,head_motor_1,2158,25,0,0,,
509.6,2026-08-04T20:37:05.331669+00:00,head,head_motor_2,1943,27,0,0,,
509.6,2026-08-04T20:37:05.331669+00:00,head,base_left_wheel,3461,27,0,0,,
509.6,2026-08-04T20:37:05.331669+00:00,head,base_back_wheel,3496,27,1,0,,
509.6,2026-08-04T20:37:05.331669+00:00,head,base_right_wheel,2173,26,0,0,,
510.6,2026-08-04T20:37:06.332763+00:00,arms,left_shoulder_pan,1857,36,0,0,1857,1857
510.6,2026-08-04T20:37:06.332763+00:00,arms,left_shoulder_lift,2403,35,4,68,2389,2403
510.6,2026-08-04T20:37:06.332763+00:00,arms,left_elbow_flex,1644,35,3,72,1629,1644
510.6,2026-08-04T20:37:06.332763+00:00,arms,left_wrist_flex,2172,34,0,24,2169,2172
510.6,2026-08-04T20:37:06.332763+00:00,arms,left_wrist_roll,1987,34,0,1044,1989,1987
510.6,2026-08-04T20:37:06.332763+00:00,arms,left_gripper,2013,37,0,0,2014,2013
510.6,2026-08-04T20:37:06.332763+00:00,arms,right_shoulder_pan,1965,37,1,1056,1974,1965
510.6,2026-08-04T20:37:06.332763+00:00,arms,right_shoulder_lift,2170,54,31,256,2049,2157
510.6,2026-08-04T20:37:06.332763+00:00,arms,right_elbow_flex,2171,47,14,162,2097,2166
510.6,2026-08-04T20:37:06.332763+00:00,arms,right_wrist_flex,1995,36,1,52,1976,1994
510.6,2026-08-04T20:37:06.332763+00:00,arms,right_wrist_roll,2109,34,0,1048,2114,2109
510.6,2026-08-04T20:37:06.332763+00:00,arms,right_gripper,2079,38,0,0,2079,2079
510.6,2026-08-04T20:37:06.332763+00:00,head,head_motor_1,2158,25,0,0,,
510.6,2026-08-04T20:37:06.332763+00:00,head,head_motor_2,1943,27,0,0,,
510.6,2026-08-04T20:37:06.332763+00:00,head,base_left_wheel,3461,26,0,0,,
510.6,2026-08-04T20:37:06.332763+00:00,head,base_back_wheel,3496,27,0,0,,
510.6,2026-08-04T20:37:06.332763+00:00,head,base_right_wheel,2173,26,1,0,,
511.6,2026-08-04T20:37:07.334217+00:00,arms,left_shoulder_pan,1857,36,0,0,1857,1857
511.6,2026-08-04T20:37:07.334217+00:00,arms,left_shoulder_lift,2403,35,3,68,2389,2403
511.6,2026-08-04T20:37:07.334217+00:00,arms,left_elbow_flex,1644,35,3,72,1629,1644
511.6,2026-08-04T20:37:07.334217+00:00,arms,left_wrist_flex,2172,34,1,24,2169,2172
511.6,2026-08-04T20:37:07.334217+00:00,arms,left_wrist_roll,1987,34,0,1044,1989,1987
511.6,2026-08-04T20:37:07.334217+00:00,arms,left_gripper,2013,37,0,0,2014,2013
511.6,2026-08-04T20:37:07.334217+00:00,arms,right_shoulder_pan,1965,37,0,1056,1974,1965
511.6,2026-08-04T20:37:07.334217+00:00,arms,right_shoulder_lift,2170,53,29,256,2049,2157
511.6,2026-08-04T20:37:07.334217+00:00,arms,right_elbow_flex,2171,47,16,162,2097,2166
511.6,2026-08-04T20:37:07.334217+00:00,arms,right_wrist_flex,1995,36,1,52,1976,1994
511.6,2026-08-04T20:37:07.334217+00:00,arms,right_wrist_roll,2109,34,1,1048,2114,2109
511.6,2026-08-04T20:37:07.334217+00:00,arms,right_gripper,2079,38,0,0,2079,2079
511.6,2026-08-04T20:37:07.334217+00:00,head,head_motor_1,2158,25,0,0,,
511.6,2026-08-04T20:37:07.334217+00:00,head,head_motor_2,1943,27,0,0,,
511.6,2026-08-04T20:37:07.334217+00:00,head,base_left_wheel,3461,27,0,0,,
511.6,2026-08-04T20:37:07.334217+00:00,head,base_back_wheel,3496,27,0,0,,
511.6,2026-08-04T20:37:07.334217+00:00,head,base_right_wheel,2173,26,0,0,,
512.6,2026-08-04T20:37:08.335297+00:00,arms,left_shoulder_pan,1857,36,0,0,1857,1857
512.6,2026-08-04T20:37:08.335297+00:00,arms,left_shoulder_lift,2403,35,4,68,2389,2403
512.6,2026-08-04T20:37:08.335297+00:00,arms,left_elbow_flex,1644,35,3,72,1629,1644
512.6,2026-08-04T20:37:08.335297+00:00,arms,left_wrist_flex,2172,34,0,24,2169,2172
512.6,2026-08-04T20:37:08.335297+00:00,arms,left_wrist_roll,1987,34,1,1044,1989,1987
512.6,2026-08-04T20:37:08.335297+00:00,arms,left_gripper,2013,37,0,0,2014,2013
512.6,2026-08-04T20:37:08.335297+00:00,arms,right_shoulder_pan,1965,37,1,1056,1974,1965
512.6,2026-08-04T20:37:08.335297+00:00,arms,right_shoulder_lift,2170,54,37,256,2049,2157
512.6,2026-08-04T20:37:08.335297+00:00,arms,right_elbow_flex,2171,47,13,162,2097,2166
512.6,2026-08-04T20:37:08.335297+00:00,arms,right_wrist_flex,1995,36,1,52,1976,1994
512.6,2026-08-04T20:37:08.335297+00:00,arms,right_wrist_roll,2109,34,1,1048,2114,2109
512.6,2026-08-04T20:37:08.335297+00:00,arms,right_gripper,2079,38,0,0,2079,2079
512.6,2026-08-04T20:37:08.335297+00:00,head,head_motor_1,2158,25,0,0,,
512.6,2026-08-04T20:37:08.335297+00:00,head,head_motor_2,1943,27,0,0,,
512.6,2026-08-04T20:37:08.335297+00:00,head,base_left_wheel,3461,27,0,0,,
512.6,2026-08-04T20:37:08.335297+00:00,head,base_back_wheel,3496,27,0,0,,
512.6,2026-08-04T20:37:08.335297+00:00,head,base_right_wheel,2174,26,0,0,,
513.6,2026-08-04T20:37:09.336366+00:00,arms,left_shoulder_pan,1857,36,0,0,1857,1857
513.6,2026-08-04T20:37:09.336366+00:00,arms,left_shoulder_lift,2403,35,4,68,2389,2403
513.6,2026-08-04T20:37:09.336366+00:00,arms,left_elbow_flex,1644,35,2,72,1629,1644
513.6,2026-08-04T20:37:09.336366+00:00,arms,left_wrist_flex,2172,34,0,24,2169,2172
513.6,2026-08-04T20:37:09.336366+00:00,arms,left_wrist_roll,1987,34,0,1044,1989,1987
513.6,2026-08-04T20:37:09.336366+00:00,arms,left_gripper,2013,37,0,0,2014,2013
513.6,2026-08-04T20:37:09.336366+00:00,arms,right_shoulder_pan,1965,37,1,1056,1974,1965
513.6,2026-08-04T20:37:09.336366+00:00,arms,right_shoulder_lift,2170,54,33,256,2049,2157
513.6,2026-08-04T20:37:09.336366+00:00,arms,right_elbow_flex,2171,47,17,162,2097,2166
513.6,2026-08-04T20:37:09.336366+00:00,arms,right_wrist_flex,1995,36,2,52,1976,1994
513.6,2026-08-04T20:37:09.336366+00:00,arms,right_wrist_roll,2109,34,1,1048,2114,2109
513.6,2026-08-04T20:37:09.336366+00:00,arms,right_gripper,2079,38,0,0,2079,2079
513.6,2026-08-04T20:37:09.336366+00:00,head,head_motor_1,2158,25,0,0,,
513.6,2026-08-04T20:37:09.336366+00:00,head,head_motor_2,1943,27,0,0,,
513.6,2026-08-04T20:37:09.336366+00:00,head,base_left_wheel,3461,27,0,0,,
513.6,2026-08-04T20:37:09.336366+00:00,head,base_back_wheel,3496,27,0,0,,
513.6,2026-08-04T20:37:09.336366+00:00,head,base_right_wheel,2173,26,0,0,,
514.6,2026-08-04T20:37:10.337441+00:00,arms,left_shoulder_pan,1857,36,0,0,1857,1857
514.6,2026-08-04T20:37:10.337441+00:00,arms,left_shoulder_lift,2403,35,3,68,2389,2403
514.6,2026-08-04T20:37:10.337441+00:00,arms,left_elbow_flex,1644,35,4,72,1629,1644
514.6,2026-08-04T20:37:10.337441+00:00,arms,left_wrist_flex,2172,34,0,24,2169,2172
514.6,2026-08-04T20:37:10.337441+00:00,arms,left_wrist_roll,1987,33,1,1044,1989,1987
514.6,2026-08-04T20:37:10.337441+00:00,arms,left_gripper,2013,37,0,0,2014,2013
514.6,2026-08-04T20:37:10.337441+00:00,arms,right_shoulder_pan,1965,37,1,1056,1974,1965
514.6,2026-08-04T20:37:10.337441+00:00,arms,right_shoulder_lift,2170,54,33,256,2049,2157
514.6,2026-08-04T20:37:10.337441+00:00,arms,right_elbow_flex,2171,47,20,162,2097,2166
514.6,2026-08-04T20:37:10.337441+00:00,arms,right_wrist_flex,1995,36,1,52,1976,1994
514.6,2026-08-04T20:37:10.337441+00:00,arms,right_wrist_roll,2109,34,1,1048,2114,2109
514.6,2026-08-04T20:37:10.337441+00:00,arms,right_gripper,2079,37,0,0,2079,2079
514.6,2026-08-04T20:37:10.337441+00:00,head,head_motor_1,2158,25,0,0,,
514.6,2026-08-04T20:37:10.337441+00:00,head,head_motor_2,1943,27,0,0,,
514.6,2026-08-04T20:37:10.337441+00:00,head,base_left_wheel,3461,27,0,0,,
514.6,2026-08-04T20:37:10.337441+00:00,head,base_back_wheel,3496,27,0,0,,
514.6,2026-08-04T20:37:10.337441+00:00,head,base_right_wheel,2173,26,0,0,,
515.6,2026-08-04T20:37:11.338524+00:00,arms,left_shoulder_pan,1857,36,0,0,1857,1857
515.6,2026-08-04T20:37:11.338524+00:00,arms,left_shoulder_lift,2403,35,4,68,2389,2403
515.6,2026-08-04T20:37:11.338524+00:00,arms,left_elbow_flex,1644,35,3,72,1629,1644
515.6,2026-08-04T20:37:11.338524+00:00,arms,left_wrist_flex,2172,34,0,24,2169,2172
515.6,2026-08-04T20:37:11.338524+00:00,arms,left_wrist_roll,1987,34,0,1044,1989,1987
515.6,2026-08-04T20:37:11.338524+00:00,arms,left_gripper,2013,37,0,0,2014,2013
515.6,2026-08-04T20:37:11.338524+00:00,arms,right_shoulder_pan,1965,37,1,1056,1974,1965
515.6,2026-08-04T20:37:11.338524+00:00,arms,right_shoulder_lift,2170,54,30,256,2049,2157
515.6,2026-08-04T20:37:11.338524+00:00,arms,right_elbow_flex,2171,47,16,162,2097,2166
515.6,2026-08-04T20:37:11.338524+00:00,arms,right_wrist_flex,1995,36,2,52,1976,1994
515.6,2026-08-04T20:37:11.338524+00:00,arms,right_wrist_roll,2109,34,0,1048,2114,2109
515.6,2026-08-04T20:37:11.338524+00:00,arms,right_gripper,2079,38,0,0,2079,2079
515.6,2026-08-04T20:37:11.338524+00:00,head,head_motor_1,2158,25,0,0,,
515.6,2026-08-04T20:37:11.338524+00:00,head,head_motor_2,1943,27,0,0,,
515.6,2026-08-04T20:37:11.338524+00:00,head,base_left_wheel,3461,27,0,0,,
515.6,2026-08-04T20:37:11.338524+00:00,head,base_back_wheel,3496,27,0,0,,
515.6,2026-08-04T20:37:11.338524+00:00,head,base_right_wheel,2173,26,0,0,,
516.6,2026-08-04T20:37:12.339950+00:00,arms,left_shoulder_pan,1857,36,0,0,1857,1857
516.6,2026-08-04T20:37:12.339950+00:00,arms,left_shoulder_lift,2403,35,3,68,2389,2403
516.6,2026-08-04T20:37:12.339950+00:00,arms,left_elbow_flex,1644,36,3,72,1629,1644
516.6,2026-08-04T20:37:12.339950+00:00,arms,left_wrist_flex,2172,34,0,24,2169,2172
516.6,2026-08-04T20:37:12.339950+00:00,arms,left_wrist_roll,1987,34,1,1044,1989,1987
516.6,2026-08-04T20:37:12.339950+00:00,arms,left_gripper,2013,37,0,0,2014,2013
516.6,2026-08-04T20:37:12.339950+00:00,arms,right_shoulder_pan,1965,37,1,1056,1974,1965
516.6,2026-08-04T20:37:12.339950+00:00,arms,right_shoulder_lift,2170,54,35,256,2049,2157
516.6,2026-08-04T20:37:12.339950+00:00,arms,right_elbow_flex,2171,47,16,162,2097,2166
516.6,2026-08-04T20:37:12.339950+00:00,arms,right_wrist_flex,1995,36,2,52,1976,1994
516.6,2026-08-04T20:37:12.339950+00:00,arms,right_wrist_roll,2109,34,1,1048,2114,2109
516.6,2026-08-04T20:37:12.339950+00:00,arms,right_gripper,2079,38,0,0,2079,2079
516.6,2026-08-04T20:37:12.339950+00:00,head,head_motor_1,2158,25,0,0,,
516.6,2026-08-04T20:37:12.339950+00:00,head,head_motor_2,1943,27,0,0,,
516.6,2026-08-04T20:37:12.339950+00:00,head,base_left_wheel,3461,27,0,0,,
516.6,2026-08-04T20:37:12.339950+00:00,head,base_back_wheel,3496,27,0,0,,
516.6,2026-08-04T20:37:12.339950+00:00,head,base_right_wheel,2173,26,0,0,,
517.6,2026-08-04T20:37:13.341003+00:00,arms,left_shoulder_pan,1857,36,0,0,1857,1857
517.6,2026-08-04T20:37:13.341003+00:00,arms,left_shoulder_lift,2403,35,4,68,2389,2403
517.6,2026-08-04T20:37:13.341003+00:00,arms,left_elbow_flex,1644,35,3,72,1629,1644
517.6,2026-08-04T20:37:13.341003+00:00,arms,left_wrist_flex,2172,34,0,24,2169,2172
517.6,2026-08-04T20:37:13.341003+00:00,arms,left_wrist_roll,1987,34,0,1044,1989,1987
517.6,2026-08-04T20:37:13.341003+00:00,arms,left_gripper,2013,37,0,0,2014,2013
517.6,2026-08-04T20:37:13.341003+00:00,arms,right_shoulder_pan,1965,37,1,1056,1974,1965
517.6,2026-08-04T20:37:13.341003+00:00,arms,right_shoulder_lift,2170,54,34,256,2049,2157
517.6,2026-08-04T20:37:13.341003+00:00,arms,right_elbow_flex,2171,47,13,162,2097,2166
517.6,2026-08-04T20:37:13.341003+00:00,arms,right_wrist_flex,1995,36,2,52,1976,1994
517.6,2026-08-04T20:37:13.341003+00:00,arms,right_wrist_roll,2109,34,1,1048,2114,2109
517.6,2026-08-04T20:37:13.341003+00:00,arms,right_gripper,2079,38,0,0,2079,2079
517.6,2026-08-04T20:37:13.341003+00:00,head,head_motor_1,2158,25,0,0,,
517.6,2026-08-04T20:37:13.341003+00:00,head,head_motor_2,1943,27,0,0,,
517.6,2026-08-04T20:37:13.341003+00:00,head,base_left_wheel,3461,27,0,0,,
517.6,2026-08-04T20:37:13.341003+00:00,head,base_back_wheel,3496,27,0,0,,
517.6,2026-08-04T20:37:13.341003+00:00,head,base_right_wheel,2173,26,0,0,,
518.6,2026-08-04T20:37:14.342064+00:00,arms,left_shoulder_pan,1857,36,0,0,1857,1857
518.6,2026-08-04T20:37:14.342064+00:00,arms,left_shoulder_lift,2403,35,3,68,2389,2403
518.6,2026-08-04T20:37:14.342064+00:00,arms,left_elbow_flex,1644,35,3,72,1629,1644
518.6,2026-08-04T20:37:14.342064+00:00,arms,left_wrist_flex,2172,34,0,24,2169,2172
518.6,2026-08-04T20:37:14.342064+00:00,arms,left_wrist_roll,1987,34,0,1044,1989,1987
518.6,2026-08-04T20:37:14.342064+00:00,arms,left_gripper,2013,37,0,0,2014,2013
518.6,2026-08-04T20:37:14.342064+00:00,arms,right_shoulder_pan,1965,37,1,1056,1974,1965
518.6,2026-08-04T20:37:14.342064+00:00,arms,right_shoulder_lift,2170,54,29,256,2049,2157
518.6,2026-08-04T20:37:14.342064+00:00,arms,right_elbow_flex,2171,47,19,162,2097,2166
518.6,2026-08-04T20:37:14.342064+00:00,arms,right_wrist_flex,1995,36,1,52,1976,1994
518.6,2026-08-04T20:37:14.342064+00:00,arms,right_wrist_roll,2109,34,0,1048,2114,2109
518.6,2026-08-04T20:37:14.342064+00:00,arms,right_gripper,2079,38,0,0,2079,2079
518.6,2026-08-04T20:37:14.342064+00:00,head,head_motor_1,2158,25,0,0,,
518.6,2026-08-04T20:37:14.342064+00:00,head,head_motor_2,1943,27,0,0,,
518.6,2026-08-04T20:37:14.342064+00:00,head,base_left_wheel,3461,27,0,0,,
518.6,2026-08-04T20:37:14.342064+00:00,head,base_back_wheel,3496,27,0,0,,
518.6,2026-08-04T20:37:14.342064+00:00,head,base_right_wheel,2173,26,0,0,,
519.6,2026-08-04T20:37:15.343125+00:00,arms,left_shoulder_pan,1857,36,0,0,1857,1857
519.6,2026-08-04T20:37:15.343125+00:00,arms,left_shoulder_lift,2403,35,4,68,2389,2403
519.6,2026-08-04T20:37:15.343125+00:00,arms,left_elbow_flex,1644,35,3,72,1629,1644
519.6,2026-08-04T20:37:15.343125+00:00,arms,left_wrist_flex,2172,34,0,24,2169,2172
519.6,2026-08-04T20:37:15.343125+00:00,arms,left_wrist_roll,1987,33,1,1044,1989,1987
519.6,2026-08-04T20:37:15.343125+00:00,arms,left_gripper,2013,37,0,0,2014,2013
519.6,2026-08-04T20:37:15.343125+00:00,arms,right_shoulder_pan,1965,37,1,1056,1974,1965
519.6,2026-08-04T20:37:15.343125+00:00,arms,right_shoulder_lift,2170,54,29,256,2049,2157
519.6,2026-08-04T20:37:15.343125+00:00,arms,right_elbow_flex,2171,47,14,162,2097,2166
519.6,2026-08-04T20:37:15.343125+00:00,arms,right_wrist_flex,1995,36,1,52,1976,1994
519.6,2026-08-04T20:37:15.343125+00:00,arms,right_wrist_roll,2109,34,0,1048,2114,2109
519.6,2026-08-04T20:37:15.343125+00:00,arms,right_gripper,2079,38,0,0,2079,2079
519.6,2026-08-04T20:37:15.343125+00:00,head,head_motor_1,2158,25,0,0,,
519.6,2026-08-04T20:37:15.343125+00:00,head,head_motor_2,1943,27,0,0,,
519.6,2026-08-04T20:37:15.343125+00:00,head,base_left_wheel,3461,27,0,0,,
519.6,2026-08-04T20:37:15.343125+00:00,head,base_back_wheel,3496,27,0,0,,
519.6,2026-08-04T20:37:15.343125+00:00,head,base_right_wheel,2173,26,0,0,,
520.6,2026-08-04T20:37:16.344556+00:00,arms,left_shoulder_pan,1857,36,0,0,1857,1857
520.6,2026-08-04T20:37:16.344556+00:00,arms,left_shoulder_lift,2403,35,3,68,2389,2403
520.6,2026-08-04T20:37:16.344556+00:00,arms,left_elbow_flex,1644,35,3,72,1629,1644
520.6,2026-08-04T20:37:16.344556+00:00,arms,left_wrist_flex,2172,34,0,24,2169,2172
520.6,2026-08-04T20:37:16.344556+00:00,arms,left_wrist_roll,1987,33,1,1044,1989,1987
520.6,2026-08-04T20:37:16.344556+00:00,arms,left_gripper,2013,37,0,0,2014,2013
520.6,2026-08-04T20:37:16.344556+00:00,arms,right_shoulder_pan,1965,37,1,1056,1974,1965
520.6,2026-08-04T20:37:16.344556+00:00,arms,right_shoulder_lift,2170,54,34,256,2049,2157
520.6,2026-08-04T20:37:16.344556+00:00,arms,right_elbow_flex,2171,47,17,162,2097,2166
520.6,2026-08-04T20:37:16.344556+00:00,arms,right_wrist_flex,1995,36,1,52,1976,1994
520.6,2026-08-04T20:37:16.344556+00:00,arms,right_wrist_roll,2109,34,0,1048,2114,2109
520.6,2026-08-04T20:37:16.344556+00:00,arms,right_gripper,2079,37,0,0,2079,2079
520.6,2026-08-04T20:37:16.344556+00:00,head,head_motor_1,2158,25,0,0,,
520.6,2026-08-04T20:37:16.344556+00:00,head,head_motor_2,1943,27,0,0,,
520.6,2026-08-04T20:37:16.344556+00:00,head,base_left_wheel,3461,27,0,0,,
520.6,2026-08-04T20:37:16.344556+00:00,head,base_back_wheel,3496,27,0,0,,
520.6,2026-08-04T20:37:16.344556+00:00,head,base_right_wheel,2173,26,0,0,,
521.6,2026-08-04T20:37:17.346006+00:00,arms,left_shoulder_pan,1857,36,0,0,1857,1857
521.6,2026-08-04T20:37:17.346006+00:00,arms,left_shoulder_lift,2403,35,3,68,2389,2403
521.6,2026-08-04T20:37:17.346006+00:00,arms,left_elbow_flex,1644,36,3,72,1629,1644
521.6,2026-08-04T20:37:17.346006+00:00,arms,left_wrist_flex,2172,34,0,24,2169,2172
521.6,2026-08-04T20:37:17.346006+00:00,arms,left_wrist_roll,1987,33,0,1044,1989,1987
521.6,2026-08-04T20:37:17.346006+00:00,arms,left_gripper,2013,37,0,0,2014,2013
521.6,2026-08-04T20:37:17.346006+00:00,arms,right_shoulder_pan,1965,37,1,1056,1974,1965
521.6,2026-08-04T20:37:17.346006+00:00,arms,right_shoulder_lift,2170,54,34,256,2049,2157
521.6,2026-08-04T20:37:17.346006+00:00,arms,right_elbow_flex,2174,47,22,168,2097,2166
521.6,2026-08-04T20:37:17.346006+00:00,arms,right_wrist_flex,1995,36,1,52,1976,1994
521.6,2026-08-04T20:37:17.346006+00:00,arms,right_wrist_roll,2109,34,0,1048,2114,2109
521.6,2026-08-04T20:37:17.346006+00:00,arms,right_gripper,2079,37,0,0,2079,2079
521.6,2026-08-04T20:37:17.346006+00:00,head,head_motor_1,2158,25,0,0,,
521.6,2026-08-04T20:37:17.346006+00:00,head,head_motor_2,1943,27,0,0,,
521.6,2026-08-04T20:37:17.346006+00:00,head,base_left_wheel,3461,27,0,0,,
521.6,2026-08-04T20:37:17.346006+00:00,head,base_back_wheel,3496,27,0,0,,
521.6,2026-08-04T20:37:17.346006+00:00,head,base_right_wheel,2173,26,0,0,,
522.6,2026-08-04T20:37:18.347458+00:00,arms,left_shoulder_pan,1857,36,0,0,1857,1857
522.6,2026-08-04T20:37:18.347458+00:00,arms,left_shoulder_lift,2403,35,4,68,2389,2403
522.6,2026-08-04T20:37:18.347458+00:00,arms,left_elbow_flex,1644,35,3,72,1629,1644
522.6,2026-08-04T20:37:18.347458+00:00,arms,left_wrist_flex,2172,34,0,24,2169,2172
522.6,2026-08-04T20:37:18.347458+00:00,arms,left_wrist_roll,1987,34,0,1044,1989,1987
522.6,2026-08-04T20:37:18.347458+00:00,arms,left_gripper,2013,37,0,0,2014,2013
522.6,2026-08-04T20:37:18.347458+00:00,arms,right_shoulder_pan,1965,37,1,1056,1974,1965
522.6,2026-08-04T20:37:18.347458+00:00,arms,right_shoulder_lift,2171,54,36,258,2049,2157
522.6,2026-08-04T20:37:18.347458+00:00,arms,right_elbow_flex,2174,47,20,168,2097,2166
522.6,2026-08-04T20:37:18.347458+00:00,arms,right_wrist_flex,1995,36,1,52,1976,1994
522.6,2026-08-04T20:37:18.347458+00:00,arms,right_wrist_roll,2109,34,0,1048,2114,2109
522.6,2026-08-04T20:37:18.347458+00:00,arms,right_gripper,2079,38,0,0,2079,2079
522.6,2026-08-04T20:37:18.347458+00:00,head,head_motor_1,2158,25,0,0,,
522.6,2026-08-04T20:37:18.347458+00:00,head,head_motor_2,1943,27,0,0,,
522.6,2026-08-04T20:37:18.347458+00:00,head,base_left_wheel,3461,27,0,0,,
522.6,2026-08-04T20:37:18.347458+00:00,head,base_back_wheel,3496,27,0,0,,
522.6,2026-08-04T20:37:18.347458+00:00,head,base_right_wheel,2173,26,0,0,,
523.6,2026-08-04T20:37:19.348958+00:00,arms,left_shoulder_pan,1862,36,1,32,1857,1857
523.6,2026-08-04T20:37:19.348958+00:00,arms,left_shoulder_lift,2402,35,2,59,2389,2403
523.6,2026-08-04T20:37:19.348958+00:00,arms,left_elbow_flex,1644,35,2,67,1629,1644
523.6,2026-08-04T20:37:19.348958+00:00,arms,left_wrist_flex,2172,34,0,24,2169,2172
523.6,2026-08-04T20:37:19.348958+00:00,arms,left_wrist_roll,1987,34,0,1044,1989,1987
523.6,2026-08-04T20:37:19.348958+00:00,arms,left_gripper,2013,37,0,0,2014,2013
523.6,2026-08-04T20:37:19.348958+00:00,arms,right_shoulder_pan,1976,37,0,1042,1974,1965
523.6,2026-08-04T20:37:19.348958+00:00,arms,right_shoulder_lift,2898,54,80,450,2049,2157
523.6,2026-08-04T20:37:19.348958+00:00,arms,right_elbow_flex,2125,47,3,82,2097,2166
523.6,2026-08-04T20:37:19.348958+00:00,arms,right_wrist_flex,1987,36,1,40,1976,1994
523.6,2026-08-04T20:37:19.348958+00:00,arms,right_wrist_roll,2110,34,1,1046,2114,2109
523.6,2026-08-04T20:37:19.348958+00:00,arms,right_gripper,2080,38,0,0,2079,2079
523.6,2026-08-04T20:37:19.348958+00:00,head,head_motor_1,2158,25,0,0,,
523.6,2026-08-04T20:37:19.348958+00:00,head,head_motor_2,1942,27,0,0,,
523.6,2026-08-04T20:37:19.348958+00:00,head,base_left_wheel,3461,27,0,0,,
523.6,2026-08-04T20:37:19.348958+00:00,head,base_back_wheel,3497,27,0,0,,
523.6,2026-08-04T20:37:19.348958+00:00,head,base_right_wheel,2173,26,0,0,,
524.6,2026-08-04T20:37:20.350042+00:00,arms,left_shoulder_pan,1857,36,0,0,1857,1857
524.6,2026-08-04T20:37:20.350042+00:00,arms,left_shoulder_lift,2404,35,3,72,2389,2403
524.6,2026-08-04T20:37:20.350042+00:00,arms,left_elbow_flex,1645,35,3,76,1629,1644
524.6,2026-08-04T20:37:20.350042+00:00,arms,left_wrist_flex,2172,34,1,24,2169,2172
524.6,2026-08-04T20:37:20.350042+00:00,arms,left_wrist_roll,1987,34,0,1044,1989,1987
524.6,2026-08-04T20:37:20.350042+00:00,arms,left_gripper,2013,37,0,0,2014,2013
524.6,2026-08-04T20:37:20.350042+00:00,arms,right_shoulder_pan,1969,37,1,1048,1974,1965
524.6,2026-08-04T20:37:20.350042+00:00,arms,right_shoulder_lift,2899,54,80,450,2049,2157
524.6,2026-08-04T20:37:20.350042+00:00,arms,right_elbow_flex,2118,47,2,60,2097,2166
524.6,2026-08-04T20:37:20.350042+00:00,arms,right_wrist_flex,1986,36,1,38,1976,1994
524.6,2026-08-04T20:37:20.350042+00:00,arms,right_wrist_roll,2111,34,0,1044,2114,2109
524.6,2026-08-04T20:37:20.350042+00:00,arms,right_gripper,2080,38,0,0,2079,2079
524.6,2026-08-04T20:37:20.350042+00:00,head,head_motor_1,2158,25,0,0,,
524.6,2026-08-04T20:37:20.350042+00:00,head,head_motor_2,1943,27,0,0,,
524.6,2026-08-04T20:37:20.350042+00:00,head,base_left_wheel,3466,27,0,0,,
524.6,2026-08-04T20:37:20.350042+00:00,head,base_back_wheel,3496,27,0,0,,
524.6,2026-08-04T20:37:20.350042+00:00,head,base_right_wheel,2173,25,0,0,,
525.6,2026-08-04T20:37:21.351592+00:00,arms,left_shoulder_pan,1857,36,0,0,1857,1857
525.6,2026-08-04T20:37:21.351592+00:00,arms,left_shoulder_lift,2404,35,4,72,2389,2403
525.6,2026-08-04T20:37:21.351592+00:00,arms,left_elbow_flex,1645,35,3,76,1629,1644
525.6,2026-08-04T20:37:21.351592+00:00,arms,left_wrist_flex,2172,34,1,24,2169,2172
525.6,2026-08-04T20:37:21.351592+00:00,arms,left_wrist_roll,1987,34,0,1044,1989,1987
525.6,2026-08-04T20:37:21.351592+00:00,arms,left_gripper,2013,37,0,0,2014,2013
525.6,2026-08-04T20:37:21.351592+00:00,arms,right_shoulder_pan,1969,37,1,1048,1974,1965
525.6,2026-08-04T20:37:21.351592+00:00,arms,right_shoulder_lift,2896,54,72,450,2049,2157
525.6,2026-08-04T20:37:21.351592+00:00,arms,right_elbow_flex,2106,47,1,32,2097,2166
525.6,2026-08-04T20:37:21.351592+00:00,arms,right_wrist_flex,1973,36,0,1044,1976,1994
525.6,2026-08-04T20:37:21.351592+00:00,arms,right_wrist_roll,2115,34,0,0,2114,2109
525.6,2026-08-04T20:37:21.351592+00:00,arms,right_gripper,2080,38,0,0,2079,2079
525.6,2026-08-04T20:37:21.351592+00:00,head,head_motor_1,2158,25,0,0,,
525.6,2026-08-04T20:37:21.351592+00:00,head,head_motor_2,1943,27,0,0,,
525.6,2026-08-04T20:37:21.351592+00:00,head,base_left_wheel,3466,27,0,0,,
525.6,2026-08-04T20:37:21.351592+00:00,head,base_back_wheel,3496,27,0,0,,
525.6,2026-08-04T20:37:21.351592+00:00,head,base_right_wheel,2173,26,0,0,,
526.6,2026-08-04T20:37:22.352997+00:00,arms,left_shoulder_pan,1857,36,0,0,1857,1857
526.6,2026-08-04T20:37:22.352997+00:00,arms,left_shoulder_lift,2404,35,4,72,2389,2403
526.6,2026-08-04T20:37:22.352997+00:00,arms,left_elbow_flex,1645,35,3,76,1629,1644
526.6,2026-08-04T20:37:22.352997+00:00,arms,left_wrist_flex,2172,34,0,24,2169,2172
526.6,2026-08-04T20:37:22.352997+00:00,arms,left_wrist_roll,1987,33,0,1044,1989,1987
526.6,2026-08-04T20:37:22.352997+00:00,arms,left_gripper,2013,37,0,0,2014,2013
526.6,2026-08-04T20:37:22.352997+00:00,arms,right_shoulder_pan,1971,37,1,1044,1974,1965
526.6,2026-08-04T20:37:22.352997+00:00,arms,right_shoulder_lift,2897,54,76,450,2049,2157
526.6,2026-08-04T20:37:22.352997+00:00,arms,right_elbow_flex,2113,47,1,42,2097,2166
526.6,2026-08-04T20:37:22.352997+00:00,arms,right_wrist_flex,1975,36,0,0,1976,1994
526.6,2026-08-04T20:37:22.352997+00:00,arms,right_wrist_roll,2111,34,0,1042,2114,2109
526.6,2026-08-04T20:37:22.352997+00:00,arms,right_gripper,2080,37,0,0,2079,2079
526.6,2026-08-04T20:37:22.352997+00:00,head,head_motor_1,2158,25,0,0,,
526.6,2026-08-04T20:37:22.352997+00:00,head,head_motor_2,1943,27,0,0,,
526.6,2026-08-04T20:37:22.352997+00:00,head,base_left_wheel,3464,27,0,0,,
526.6,2026-08-04T20:37:22.352997+00:00,head,base_back_wheel,3496,27,0,0,,
526.6,2026-08-04T20:37:22.352997+00:00,head,base_right_wheel,2173,26,0,0,,
527.6,2026-08-04T20:37:23.354081+00:00,arms,left_shoulder_pan,1857,36,0,0,1857,1857
527.6,2026-08-04T20:37:23.354081+00:00,arms,left_shoulder_lift,2404,35,4,72,2389,2403
527.6,2026-08-04T20:37:23.354081+00:00,arms,left_elbow_flex,1645,35,3,76,1629,1644
527.6,2026-08-04T20:37:23.354081+00:00,arms,left_wrist_flex,2172,34,0,24,2169,2172
527.6,2026-08-04T20:37:23.354081+00:00,arms,left_wrist_roll,1987,33,1,1044,1989,1987
527.6,2026-08-04T20:37:23.354081+00:00,arms,left_gripper,2013,37,0,0,2014,2013
527.6,2026-08-04T20:37:23.354081+00:00,arms,right_shoulder_pan,1970,37,1,1046,1974,1965
527.6,2026-08-04T20:37:23.354081+00:00,arms,right_shoulder_lift,2899,54,76,450,2049,2157
527.6,2026-08-04T20:37:23.354081+00:00,arms,right_elbow_flex,2117,47,2,54,2097,2166
527.6,2026-08-04T20:37:23.354081+00:00,arms,right_wrist_flex,1986,36,0,34,1976,1994
527.6,2026-08-04T20:37:23.354081+00:00,arms,right_wrist_roll,2110,34,0,1046,2114,2109
527.6,2026-08-04T20:37:23.354081+00:00,arms,right_gripper,2080,38,0,0,2079,2079
527.6,2026-08-04T20:37:23.354081+00:00,head,head_motor_1,2158,25,0,0,,
527.6,2026-08-04T20:37:23.354081+00:00,head,head_motor_2,1943,27,0,0,,
527.6,2026-08-04T20:37:23.354081+00:00,head,base_left_wheel,3464,27,0,0,,
527.6,2026-08-04T20:37:23.354081+00:00,head,base_back_wheel,3496,27,0,0,,
527.6,2026-08-04T20:37:23.354081+00:00,head,base_right_wheel,2173,26,0,0,,
528.6,2026-08-04T20:37:24.355128+00:00,arms,left_shoulder_pan,1857,36,0,0,1857,1857
528.6,2026-08-04T20:37:24.355128+00:00,arms,left_shoulder_lift,2404,35,3,72,2389,2403
528.6,2026-08-04T20:37:24.355128+00:00,arms,left_elbow_flex,1645,35,3,76,1629,1644
528.6,2026-08-04T20:37:24.355128+00:00,arms,left_wrist_flex,2172,34,0,24,2169,2172
528.6,2026-08-04T20:37:24.355128+00:00,arms,left_wrist_roll,1987,33,0,1044,1989,1987
528.6,2026-08-04T20:37:24.355128+00:00,arms,left_gripper,2013,37,0,0,2014,2013
528.6,2026-08-04T20:37:24.355128+00:00,arms,right_shoulder_pan,1968,37,0,1050,1974,1965
528.6,2026-08-04T20:37:24.355128+00:00,arms,right_shoulder_lift,2898,54,70,450,2049,2157
528.6,2026-08-04T20:37:24.355128+00:00,arms,right_elbow_flex,2115,47,2,50,2097,2166
528.6,2026-08-04T20:37:24.355128+00:00,arms,right_wrist_flex,1985,36,0,32,1976,1994
528.6,2026-08-04T20:37:24.355128+00:00,arms,right_wrist_roll,2111,34,0,1044,2114,2109
528.6,2026-08-04T20:37:24.355128+00:00,arms,right_gripper,2080,38,0,0,2079,2079
528.6,2026-08-04T20:37:24.355128+00:00,head,head_motor_1,2158,25,0,0,,
528.6,2026-08-04T20:37:24.355128+00:00,head,head_motor_2,1943,27,0,0,,
528.6,2026-08-04T20:37:24.355128+00:00,head,base_left_wheel,3464,27,0,0,,
528.6,2026-08-04T20:37:24.355128+00:00,head,base_back_wheel,3496,27,0,0,,
528.6,2026-08-04T20:37:24.355128+00:00,head,base_right_wheel,2173,26,0,0,,
529.6,2026-08-04T20:37:25.356095+00:00,arms,left_shoulder_pan,1857,36,0,0,1857,1857
529.6,2026-08-04T20:37:25.356095+00:00,arms,left_shoulder_lift,2404,35,4,72,2389,2403
529.6,2026-08-04T20:37:25.356095+00:00,arms,left_elbow_flex,1645,35,3,76,1629,1644
529.6,2026-08-04T20:37:25.356095+00:00,arms,left_wrist_flex,2172,34,0,24,2169,2172
529.6,2026-08-04T20:37:25.356095+00:00,arms,left_wrist_roll,1987,34,1,1044,1989,1987
529.6,2026-08-04T20:37:25.356095+00:00,arms,left_gripper,2013,37,0,0,2014,2013
529.6,2026-08-04T20:37:25.356095+00:00,arms,right_shoulder_pan,1969,37,1,1048,1974,1965
529.6,2026-08-04T20:37:25.356095+00:00,arms,right_shoulder_lift,2896,55,71,450,2049,2157
529.6,2026-08-04T20:37:25.356095+00:00,arms,right_elbow_flex,2110,47,1,40,2097,2166
529.6,2026-08-04T20:37:25.356095+00:00,arms,right_wrist_flex,1974,36,0,1042,1976,1994
529.6,2026-08-04T20:37:25.356095+00:00,arms,right_wrist_roll,2112,34,0,1046,2114,2109
529.6,2026-08-04T20:37:25.356095+00:00,arms,right_gripper,2080,38,0,0,2079,2079
529.6,2026-08-04T20:37:25.356095+00:00,head,head_motor_1,2158,25,0,0,,
529.6,2026-08-04T20:37:25.356095+00:00,head,head_motor_2,1943,27,0,0,,
529.6,2026-08-04T20:37:25.356095+00:00,head,base_left_wheel,3465,27,0,0,,
529.6,2026-08-04T20:37:25.356095+00:00,head,base_back_wheel,3496,27,0,0,,
529.6,2026-08-04T20:37:25.356095+00:00,head,base_right_wheel,2173,26,0,0,,
