You have video processor config saved in `preprocessor.json` file which is deprecated. Video processor configs should be saved in their own `video_preprocessor.json` file. You can rename the file or load and save the processor back which renames it automatically. Loading from `preprocessor.json` will be removed in v5.0.
[23:27:16] Device: cuda
[23:27:16] Loading 'rlodhi/smolvla_screw_picking_5000' …
Reducing the number of VLM layers to 16 ...
[23:27:51] Policy ready on cuda (fp16)
[23:27:51] chunk_size=5, n_action_steps=5, num_steps=10
[23:27:51] resize_imgs=(512, 512)
[23:27:51] Image keys : ['observation.images.base', 'observation.images.wrist']
[23:27:51] Action dim : 6
[23:27:51] Task       : 'pick up the object and place it in the box'
[23:27:52] Camera /dev/video2 opened at 424×240
[23:27:52] SW resize   : 424×240 → 320×240

[23:27:52] Warming up for 5 steps, then benchmarking for 1800s …

[23:27:57] #    1 [warm ] e2e= 5182.8ms  infer= 4997.7ms  cap=108.5ms
    t+0   | +0.2840  +0.2153  -0.2155  +0.4530  +0.1109  -0.1462
    t+1   | +0.2878  +0.1819  -0.1787  +0.4867  +0.2559  -0.0422
    t+2   | +0.2963  +0.2117  -0.2188  +0.5022  +0.2936  +0.2092
    t+3   | +0.2973  +0.3527  -0.3714  +0.5424  +0.2623  +0.2691
    t+4   | +0.3221  +0.4168  -0.4332  +0.5807  +0.2553  +0.4503
[23:27:58] #    2 [warm ] e2e= 1005.9ms  infer= 1000.2ms  cap=  5.4ms
    t+0   | +0.0249  +0.1685  -0.2017  +0.3784  +0.2168  -0.0265
    t+1   | +0.1917  +0.2245  -0.2761  +0.4178  +0.2980  +0.1829
    t+2   | +0.2665  +0.2597  -0.2939  +0.4293  +0.3100  +0.5792
    t+3   | +0.3088  +0.3214  -0.2831  +0.4491  +0.3999  +0.7341
    t+4   | +0.3937  +0.3736  -0.2968  +0.4831  +0.4935  +0.7747
[23:27:59] #    3 [warm ] e2e= 1003.3ms  infer= 1000.8ms  cap=  2.3ms
    t+0   | +0.3758  +0.1659  -0.2050  +0.3914  +0.2078  -0.1312
    t+1   | +0.4730  +0.2148  -0.2052  +0.3594  +0.2423  +0.0657
    t+2   | +0.4708  +0.1962  -0.1533  +0.3083  +0.2397  +0.0850
    t+3   | +0.4748  +0.2552  -0.1724  +0.3163  +0.2876  +0.0257
    t+4   | +0.4803  +0.2595  -0.1938  +0.3421  +0.2993  +0.1073
[23:28:00] #    4 [warm ] e2e=  971.7ms  infer=  968.9ms  cap=  2.7ms
    t+0   | +0.2792  +0.1285  -0.0602  +0.2479  +0.1616  -0.1757
    t+1   | +0.2109  +0.1132  -0.0463  +0.2214  +0.1223  -0.4208
    t+2   | +0.1224  +0.0992  -0.0888  +0.2144  +0.0681  -0.4430
    t+3   | +0.1116  +0.0561  -0.1142  +0.2186  +0.0527  -0.3660
    t+4   | +0.1005  +0.0674  -0.1091  +0.2567  +0.0460  -0.3632
[23:28:01] #    5 [warm ] e2e=  987.0ms  infer=  984.4ms  cap=  2.4ms
    t+0   | +0.0608  -0.0180  -0.1424  +0.3072  +0.0437  -0.5322
    t+1   | +0.0020  -0.0096  -0.2462  +0.3972  +0.0452  -0.5097
    t+2   | -0.0086  -0.0845  -0.2055  +0.3716  +0.0282  -0.6677
    t+3   | -0.0204  -0.0931  -0.1410  +0.3543  +0.0579  -0.6746
    t+4   | -0.0419  -0.1438  -0.0853  +0.3062  +0.0512  -0.6927
[23:28:02] #    6 [bench] e2e=  992.1ms  infer=  989.7ms  cap=  2.1ms
    t+0   | +0.1154  -0.0205  -0.1164  +0.2817  +0.2469  -0.4463
    t+1   | +0.0989  -0.0624  -0.0752  +0.2472  +0.2422  -0.4320
    t+2   | +0.0615  -0.0850  -0.0304  +0.2438  +0.1645  -0.5004
    t+3   | +0.0929  -0.0852  +0.0184  +0.2214  +0.3150  -0.4550
    t+4   | +0.1717  -0.0046  +0.0125  +0.2254  +0.4046  -0.2902
[23:28:03] #    7 [bench] e2e=  979.8ms  infer=  977.1ms  cap=  2.6ms
    t+0   | +0.1098  +0.0345  -0.2150  +0.4437  +0.1279  -0.3104
    t+1   | +0.0723  +0.0435  -0.2468  +0.4584  +0.0982  -0.2761
    t+2   | +0.1104  +0.1123  -0.2501  +0.4354  +0.2095  -0.2660
    t+3   | +0.1244  +0.1782  -0.2731  +0.4273  +0.1722  -0.1879
    t+4   | +0.1537  +0.2277  -0.2923  +0.4326  +0.1031  -0.1797
[23:28:04] #    8 [bench] e2e=  985.2ms  infer=  982.7ms  cap=  2.3ms
    t+0   | +0.1064  -0.1015  -0.0214  +0.3137  +0.0703  +0.2730
    t+1   | +0.0910  -0.0463  -0.0361  +0.3169  +0.1753  +0.0281
    t+2   | +0.0656  -0.0156  -0.0414  +0.3149  +0.1708  -0.2638
    t+3   | +0.0183  +0.0175  -0.0569  +0.3347  +0.1449  -0.4773
    t+4   | +0.0377  +0.0122  -0.0900  +0.3289  +0.1166  -0.3611
[23:28:05] #    9 [bench] e2e=  988.0ms  infer=  985.5ms  cap=  2.3ms
    t+0   | +0.1120  +0.0285  -0.0678  +0.2433  -0.0035  -0.1111
    t+1   | +0.0267  +0.0817  -0.1476  +0.2744  -0.0545  +0.1266
    t+2   | +0.0295  +0.0784  -0.1960  +0.2950  -0.0823  +0.0544
    t+3   | +0.0569  +0.0554  -0.2011  +0.2846  -0.1040  -0.0432
    t+4   | +0.0676  +0.1392  -0.2108  +0.3172  -0.1080  -0.0651
[23:28:06] #   10 [bench] e2e= 1002.1ms  infer=  998.1ms  cap=  3.8ms
    t+0   | +0.1195  +0.0639  -0.1775  +0.3424  +0.0284  +0.1251
    t+1   | +0.0464  +0.0183  -0.1593  +0.3422  +0.0683  -0.2619
    t+2   | +0.0771  +0.0017  -0.1621  +0.3354  +0.0668  -0.3943
    t+3   | +0.1687  +0.0345  -0.1789  +0.3629  +0.0592  -0.2012
    t+4   | +0.2320  +0.0424  -0.1660  +0.3744  +0.0343  +0.3443
[23:28:07] #   11 [bench] e2e=  974.3ms  infer=  971.0ms  cap=  3.1ms
    t+0   | +0.0995  +0.0056  -0.1208  +0.2814  -0.0246  -0.1283
    t+1   | +0.1002  +0.0354  -0.1487  +0.2812  -0.0338  -0.1620
    t+2   | +0.0905  +0.0631  -0.1362  +0.2696  -0.0246  -0.2976
    t+3   | +0.0832  +0.0722  -0.0832  +0.2638  -0.0381  -0.2641
    t+4   | +0.0672  +0.0395  -0.0684  +0.2502  -0.0454  -0.1440
[23:28:08] #   12 [bench] e2e= 1008.8ms  infer= 1004.3ms  cap=  4.3ms
    t+0   | +0.1659  +0.0388  -0.0877  +0.2585  +0.0940  -0.1839
    t+1   | +0.1761  +0.1146  -0.1046  +0.2962  +0.1174  +0.0737
    t+2   | +0.1826  +0.1539  -0.1329  +0.3430  +0.2170  +0.3001
    t+3   | +0.1825  +0.1434  -0.1379  +0.3459  +0.2202  +0.1902
    t+4   | +0.1099  +0.1698  -0.1565  +0.3806  +0.2370  +0.1439
[23:28:09] #   13 [bench] e2e=  989.6ms  infer=  985.5ms  cap=  3.9ms
    t+0   | -0.0327  -0.1147  +0.0264  +0.1770  +0.0584  -0.4381
    t+1   | -0.0132  -0.0539  -0.0331  +0.2114  +0.0488  -0.3122
    t+2   | +0.0439  -0.0097  -0.0906  +0.2525  -0.0050  -0.0949
    t+3   | +0.0927  -0.0019  -0.0969  +0.2613  -0.0325  +0.0049
    t+4   | +0.1060  -0.0071  -0.0970  +0.3002  -0.0486  -0.0656
[23:28:10] #   14 [bench] e2e=  984.1ms  infer=  981.8ms  cap=  2.2ms
    t+0   | +0.1521  -0.0578  -0.1112  +0.2788  -0.0575  -0.1464
    t+1   | +0.0273  -0.1029  -0.1252  +0.2842  +0.0246  -0.1813
    t+2   | -0.0632  -0.1151  -0.1296  +0.2718  +0.1216  -0.1639
    t+3   | -0.0623  -0.1325  -0.1023  +0.2817  +0.1217  -0.1768
    t+4   | -0.1012  -0.0878  -0.0695  +0.3224  +0.2264  -0.2675
[23:28:11] #   15 [bench] e2e= 1001.3ms  infer=  998.7ms  cap=  2.4ms
    t+0   | +0.0744  -0.0045  -0.1368  +0.3114  +0.0149  -0.2985
    t+1   | +0.1110  -0.0190  -0.0903  +0.3082  -0.0363  -0.2695
    t+2   | +0.1491  -0.0260  -0.1031  +0.3085  -0.0628  -0.2046
    t+3   | +0.1369  -0.0306  -0.1197  +0.3202  -0.0276  -0.1835
    t+4   | +0.1171  -0.0058  -0.1765  +0.3031  +0.0002  -0.1093
[23:28:12] #   16 [bench] e2e=  999.6ms  infer=  996.6ms  cap=  2.9ms
    t+0   | +0.2775  +0.0720  -0.1320  +0.3745  +0.2225  +0.2310
    t+1   | +0.2651  +0.0811  -0.1736  +0.3593  +0.1910  +0.0283
    t+2   | +0.2145  +0.1027  -0.1503  +0.3361  +0.1385  -0.1747
    t+3   | +0.1150  +0.0796  -0.1283  +0.3129  +0.1252  -0.1796
    t+4   | +0.0845  +0.1022  -0.1279  +0.3342  +0.1957  -0.1604
[23:28:13] #   17 [bench] e2e=  977.9ms  infer=  974.9ms  cap=  2.9ms
    t+0   | -0.1425  -0.1204  -0.0179  +0.1087  +0.0980  -0.5537
    t+1   | -0.0785  -0.0459  -0.0615  +0.1209  +0.0509  -0.4780
    t+2   | -0.0138  +0.0338  -0.1097  +0.1947  +0.0094  -0.2644
    t+3   | +0.0729  +0.0497  -0.1442  +0.2257  -0.0014  -0.0609
    t+4   | +0.0692  +0.0497  -0.1457  +0.2203  +0.0169  +0.0996
[23:28:14] #   18 [bench] e2e=  976.2ms  infer=  973.6ms  cap=  2.4ms
    t+0   | +0.1198  +0.1154  -0.2007  +0.3525  -0.0303  +0.1994
    t+1   | +0.0908  +0.1172  -0.2280  +0.3874  -0.0469  +0.2154
    t+2   | +0.0466  +0.0961  -0.2502  +0.4169  -0.0248  +0.0736
    t+3   | +0.1100  +0.1099  -0.2411  +0.4449  -0.0082  +0.0560
    t+4   | +0.1770  +0.1042  -0.2191  +0.4827  +0.0327  +0.1840
[23:28:15] #   19 [bench] e2e=  985.8ms  infer=  983.1ms  cap=  2.6ms
    t+0   | +0.1499  +0.0698  -0.0718  +0.3077  +0.1957  -0.7136
    t+1   | +0.1465  +0.1205  -0.1152  +0.3127  +0.1473  -0.6943
    t+2   | +0.0996  +0.1232  -0.1717  +0.2738  +0.0827  -0.6702
    t+3   | +0.0587  +0.1668  -0.2493  +0.2742  +0.0156  -0.6037
    t+4   | +0.0599  +0.1762  -0.2806  +0.2780  -0.0126  -0.5145
[23:28:16] #   20 [bench] e2e=  991.7ms  infer=  989.0ms  cap=  2.5ms
    t+0   | +0.0197  -0.0006  -0.0388  +0.2702  +0.1894  -0.4805
    t+1   | +0.0071  -0.0043  -0.0573  +0.2874  +0.1190  -0.3458
    t+2   | -0.0347  -0.0805  -0.0148  +0.2524  +0.1044  -0.3343
    t+3   | -0.0764  -0.1027  +0.0128  +0.2448  +0.1468  -0.2810
    t+4   | -0.0358  -0.0516  +0.0026  +0.2852  +0.1525  -0.2922
[23:28:17] #   21 [bench] e2e=  994.2ms  infer=  991.8ms  cap=  2.3ms
    t+0   | +0.1341  +0.0510  -0.2098  +0.3281  -0.0456  -0.2284
    t+1   | +0.1089  +0.0235  -0.1734  +0.3147  -0.0404  -0.2708
    t+2   | +0.0091  +0.0498  -0.1319  +0.3180  +0.1522  -0.2171
    t+3   | +0.0262  +0.0671  -0.2096  +0.3667  +0.1271  +0.9726
    t+4   | +0.0148  +0.1851  -0.2867  +0.4208  +0.2843  +0.8736
[23:28:18] #   22 [bench] e2e=  985.4ms  infer=  981.5ms  cap=  3.7ms
    t+0   | +0.2539  +0.0476  -0.2197  +0.3523  -0.0925  -0.5672
    t+1   | +0.1619  +0.0186  -0.1565  +0.2727  +0.0462  -0.5655
    t+2   | +0.0564  -0.0498  -0.0842  +0.1865  +0.1281  -0.5913
    t+3   | +0.0766  -0.0395  -0.0666  +0.2081  +0.0895  -0.5754
    t+4   | +0.0890  -0.0391  -0.0602  +0.2290  +0.0742  -0.5949
[23:28:19] #   23 [bench] e2e=  991.0ms  infer=  988.4ms  cap=  2.4ms
    t+0   | +0.1883  -0.0062  -0.1168  +0.2713  +0.0138  +0.0888
    t+1   | +0.1383  -0.0230  -0.1333  +0.2529  +0.0122  -0.0981
    t+2   | +0.1153  -0.0075  -0.1205  +0.2608  -0.0160  -0.3039
    t+3   | +0.1240  +0.1098  -0.2892  +0.3203  -0.1003  -0.3191
    t+4   | +0.1359  +0.1333  -0.3353  +0.3256  -0.0971  -0.4104
[23:28:20] #   24 [bench] e2e=  994.6ms  infer=  992.7ms  cap=  1.8ms
    t+0   | +0.1794  +0.0694  -0.1915  +0.3523  +0.0020  -0.2961
    t+1   | +0.1615  +0.0960  -0.1983  +0.3336  -0.0432  -0.1767
    t+2   | +0.1474  +0.0830  -0.1908  +0.3255  -0.0791  -0.1373
    t+3   | +0.0751  +0.0417  -0.1737  +0.2800  -0.0766  -0.1601
    t+4   | -0.0024  +0.0295  -0.1123  +0.2595  -0.0353  -0.2227
[23:28:21] #   25 [bench] e2e=  971.4ms  infer=  969.6ms  cap=  1.7ms
    t+0   | +0.2400  +0.0312  -0.1380  +0.2849  +0.0508  +0.0238
    t+1   | +0.0184  +0.1014  -0.1894  +0.2899  +0.1269  -0.0336
    t+2   | -0.0655  +0.1413  -0.2918  +0.3193  +0.0742  -0.1088
    t+3   | +0.0282  +0.1420  -0.3047  +0.3419  +0.0258  -0.0604
    t+4   | +0.0872  +0.1240  -0.2762  +0.3441  +0.0015  -0.0743

  [live] after 20 bench steps — e2e mean=988.7ms  |  max replan freq=1.01 Hz  |  max control freq=5.06 Hz (n_action_steps=5)

[23:28:22] #   26 [bench] e2e=  987.8ms  infer=  986.1ms  cap=  1.6ms
    t+0   | +0.0175  -0.1035  -0.0113  +0.2100  -0.0848  -0.6884
    t+1   | -0.0105  -0.0534  -0.0979  +0.3251  -0.0449  -0.6859
    t+2   | +0.0215  -0.0053  -0.1253  +0.3380  -0.0135  -0.6665
    t+3   | +0.0119  +0.0066  -0.1379  +0.3430  +0.0036  -0.6548
    t+4   | +0.0125  +0.0235  -0.1353  +0.3597  +0.1442  -0.6355
[23:28:23] #   27 [bench] e2e=  980.0ms  infer=  978.3ms  cap=  1.5ms
    t+0   | +0.1095  +0.0684  -0.1270  +0.3007  -0.0427  -0.0617
    t+1   | +0.0980  +0.1030  -0.1335  +0.3251  -0.0107  +0.0366
    t+2   | +0.0813  +0.1633  -0.1744  +0.3227  +0.0576  +0.0335
    t+3   | +0.0749  +0.1367  -0.1676  +0.3299  +0.1450  +0.0166
    t+4   | +0.0813  +0.1332  -0.1641  +0.3733  +0.2102  +0.0369
[23:28:24] #   28 [bench] e2e=  970.2ms  infer=  968.5ms  cap=  1.6ms
    t+0   | +0.1285  -0.1135  +0.0009  +0.2144  +0.2754  -0.6679
    t+1   | +0.1575  -0.1152  +0.0189  +0.2031  +0.2364  -0.6836
    t+2   | +0.1629  -0.1048  -0.0453  +0.1950  +0.1849  -0.5810
    t+3   | +0.1626  -0.0935  -0.1327  +0.2658  +0.1951  -0.4688
    t+4   | +0.1326  -0.0811  -0.1887  +0.2984  +0.1103  +0.1477
[23:28:25] #   29 [bench] e2e=  994.0ms  infer=  992.2ms  cap=  1.6ms
    t+0   | +0.1568  +0.0324  -0.1411  +0.2668  +0.0001  -0.5534
    t+1   | +0.1025  -0.0032  -0.1236  +0.2428  -0.0050  -0.3092
    t+2   | +0.1097  +0.0121  -0.1044  +0.2462  -0.0230  -0.0360
    t+3   | +0.0828  +0.1402  -0.2249  +0.3301  -0.0547  +0.2270
    t+4   | +0.0493  +0.2439  -0.3351  +0.3522  +0.0931  +0.0244
[23:28:26] #   30 [bench] e2e=  979.4ms  infer=  976.7ms  cap=  2.6ms
    t+0   | +0.1165  -0.0465  -0.0423  +0.2189  -0.0120  -0.3960
    t+1   | +0.0047  -0.1090  +0.0058  +0.1615  -0.0448  -0.5315
    t+2   | +0.0005  -0.1265  +0.0214  +0.1528  +0.0111  -0.5105
    t+3   | -0.1348  -0.0102  -0.0145  +0.2005  +0.1106  -0.4729
    t+4   | -0.0518  +0.0056  -0.0710  +0.2215  +0.0707  -0.3421
[23:28:27] #   31 [bench] e2e=  974.4ms  infer=  971.2ms  cap=  3.1ms
    t+0   | +0.1170  -0.0948  +0.0104  +0.1871  +0.0159  -0.6634
    t+1   | +0.1078  -0.0989  -0.0325  +0.2101  +0.0443  -0.6154
    t+2   | +0.1024  +0.0048  -0.1119  +0.2606  +0.0584  -0.3523
    t+3   | +0.1147  +0.0287  -0.1310  +0.2609  +0.0610  -0.2408
    t+4   | +0.0983  +0.0594  -0.1250  +0.2718  +0.1836  -0.3977
[23:28:28] #   32 [bench] e2e=  980.4ms  infer=  977.6ms  cap=  2.6ms
    t+0   | +0.2279  +0.0903  -0.0933  +0.3695  +0.2950  -0.2073
    t+1   | +0.1709  +0.1173  -0.1325  +0.3722  +0.2428  -0.3042
    t+2   | +0.1540  +0.1524  -0.2386  +0.4138  +0.2043  -0.4438
    t+3   | +0.1620  +0.1597  -0.2442  +0.4017  +0.1662  -0.4776
    t+4   | +0.1623  +0.1741  -0.2172  +0.3707  +0.1429  -0.4168
[23:28:28] #   33 [bench] e2e=  993.5ms  infer=  991.0ms  cap=  2.4ms
    t+0   | +0.0954  -0.0115  -0.0971  +0.2481  +0.0627  -0.4322
    t+1   | -0.1145  -0.0345  -0.1482  +0.2417  +0.0914  -0.4843
    t+2   | -0.1404  -0.0857  -0.1292  +0.2032  +0.1034  -0.5231
    t+3   | -0.1169  -0.0859  -0.0920  +0.2049  +0.1486  -0.5267
    t+4   | -0.0615  -0.0733  -0.0870  +0.1913  +0.1396  -0.4744
[23:28:29] #   34 [bench] e2e=  991.4ms  infer=  988.4ms  cap=  2.8ms
    t+0   | +0.0875  +0.0480  -0.0497  +0.2680  +0.0311  -0.2204
    t+1   | +0.0239  +0.0367  -0.0396  +0.2870  +0.0603  -0.1615
    t+2   | -0.0750  +0.0517  -0.0621  +0.2774  +0.0965  -0.2407
    t+3   | -0.0565  +0.0549  -0.0873  +0.2833  +0.0901  -0.2553
    t+4   | +0.0133  +0.0585  -0.1161  +0.3094  +0.1056  -0.1755
[23:28:30] #   35 [bench] e2e=  970.2ms  infer=  967.4ms  cap=  2.6ms
    t+0   | +0.1381  +0.2052  -0.2075  +0.3327  +0.0367  -0.4842
    t+1   | +0.0958  +0.2738  -0.2531  +0.3670  +0.2638  -0.4157
    t+2   | +0.1174  +0.1948  -0.2351  +0.3455  +0.3225  -0.3337
    t+3   | +0.0723  +0.0891  -0.1327  +0.3410  +0.3326  -0.3862
    t+4   | +0.0245  +0.0706  -0.1251  +0.3224  +0.3550  -0.3885
[23:28:31] #   36 [bench] e2e=  993.5ms  infer=  990.2ms  cap=  3.1ms
    t+0   | +0.1788  +0.0089  -0.2607  +0.3504  -0.0062  -0.2812
    t+1   | +0.2014  +0.0298  -0.2627  +0.3384  -0.0120  -0.3585
    t+2   | +0.2200  +0.0845  -0.2570  +0.3610  -0.0297  -0.2845
    t+3   | +0.2226  +0.1088  -0.2392  +0.3410  -0.0494  -0.1844
    t+4   | +0.1725  +0.1851  -0.2354  +0.3292  +0.0306  -0.1451
[23:28:32] #   37 [bench] e2e=  982.2ms  infer=  978.0ms  cap=  3.9ms
    t+0   | -0.0122  -0.1181  +0.1197  +0.2529  +0.3108  -0.6189
    t+1   | +0.0078  -0.1214  +0.1252  +0.2181  +0.1253  -0.6041
    t+2   | +0.0236  -0.0807  +0.0717  +0.1983  +0.0209  -0.2855
    t+3   | -0.0027  -0.0949  +0.0572  +0.1774  +0.0170  -0.4033
    t+4   | -0.0321  -0.1296  +0.0556  +0.1756  -0.0006  -0.4881
[23:28:33] #   38 [bench] e2e=  993.4ms  infer=  990.6ms  cap=  2.6ms
    t+0   | +0.1237  +0.0094  -0.1256  +0.2789  +0.0384  -0.1628
    t+1   | +0.0914  -0.0319  -0.0994  +0.2540  -0.0210  -0.0938
    t+2   | +0.0988  -0.0054  -0.0911  +0.2571  -0.0766  -0.0572
    t+3   | +0.0506  -0.0118  -0.0786  +0.2264  -0.1570  -0.0622
    t+4   | +0.0631  -0.0044  -0.0758  +0.2146  -0.1288  -0.0786
[23:28:34] #   39 [bench] e2e=  975.9ms  infer=  973.2ms  cap=  2.6ms
    t+0   | -0.0377  -0.1636  +0.0422  +0.1519  -0.0654  +0.0631
    t+1   | -0.1698  -0.1856  +0.0356  +0.1022  -0.0926  -0.1811
    t+2   | -0.1616  -0.1436  +0.0280  +0.1230  -0.0925  -0.2633
    t+3   | -0.1670  -0.1573  +0.0405  +0.1090  +0.0172  -0.2783
    t+4   | -0.0954  -0.0872  -0.0138  +0.1504  +0.0394  -0.1521
[23:28:35] #   40 [bench] e2e=  976.7ms  infer=  974.3ms  cap=  2.2ms
    t+0   | +0.0765  -0.1572  +0.0644  +0.2448  +0.1905  -0.3311
    t+1   | -0.0126  -0.0880  +0.0252  +0.2783  +0.1468  -0.2901
    t+2   | -0.0559  +0.0123  -0.0759  +0.3134  +0.0941  -0.3029
    t+3   | -0.0672  +0.0687  -0.1949  +0.3475  +0.1065  -0.3101
    t+4   | -0.0044  +0.0754  -0.2482  +0.3794  +0.0997  -0.2794
[23:28:36] #   41 [bench] e2e=  986.1ms  infer=  983.7ms  cap=  2.3ms
    t+0   | +0.0570  +0.0140  -0.1386  +0.3143  +0.0443  +0.0617
    t+1   | +0.1802  +0.0601  -0.1126  +0.3188  +0.0370  +0.4349
    t+2   | +0.2367  +0.1860  -0.1353  +0.3535  +0.0898  +0.5843
    t+3   | +0.1827  +0.1811  -0.1770  +0.3126  +0.1394  +0.1807
    t+4   | +0.1721  +0.1345  -0.1685  +0.3203  +0.1329  +0.1324
[23:28:37] #   42 [bench] e2e=  973.6ms  infer=  971.1ms  cap=  2.3ms
    t+0   | +0.0698  +0.0277  -0.1680  +0.3521  +0.0989  -0.4558
    t+1   | +0.0049  +0.0107  -0.1438  +0.3485  +0.1758  -0.4379
    t+2   | -0.0180  -0.0003  -0.0998  +0.3147  +0.2648  -0.6129
    t+3   | -0.0255  -0.0716  -0.0088  +0.2869  +0.2692  -0.6660
    t+4   | +0.0160  -0.0862  +0.0129  +0.2648  +0.2076  -0.6628
[23:28:38] #   43 [bench] e2e=  972.0ms  infer=  969.7ms  cap=  2.1ms
    t+0   | +0.2559  +0.2114  -0.8916  +0.6214  +0.0409  -0.4767
    t+1   | +0.1736  +0.0966  -0.5347  +0.4478  +0.0695  -0.4938
    t+2   | +0.1107  +0.0423  -0.3466  +0.3342  +0.1981  -0.5519
    t+3   | +0.1333  +0.1525  -0.4453  +0.3714  +0.6184  -0.5069
    t+4   | +0.1500  +0.1107  -0.3817  +0.3515  +0.5799  -0.4122
[23:28:39] #   44 [bench] e2e=  992.3ms  infer=  990.0ms  cap=  2.2ms
    t+0   | +0.3123  +0.1192  -0.1861  +0.3336  -0.0424  +0.4218
    t+1   | +0.3075  +0.0918  -0.1769  +0.3055  -0.0316  +0.3958
    t+2   | +0.2942  +0.0937  -0.1553  +0.2963  -0.0538  +0.4805
    t+3   | +0.2770  +0.1358  -0.1779  +0.3379  -0.0268  +0.4317
    t+4   | +0.2752  +0.1556  -0.2398  +0.3470  +0.1294  +0.3150
[23:28:40] #   45 [bench] e2e=  981.8ms  infer=  979.3ms  cap=  2.4ms
    t+0   | +0.1261  +0.0253  -0.3137  +0.4124  -0.0538  -0.2686
    t+1   | -0.0075  +0.0454  -0.2993  +0.3889  -0.1110  -0.4389
    t+2   | -0.0697  -0.0278  -0.2114  +0.3339  -0.0866  -0.4090
    t+3   | -0.0465  -0.0897  -0.1416  +0.2812  -0.0218  -0.3159
    t+4   | -0.0353  -0.0563  -0.0969  +0.2869  -0.0025  -0.3319

  [live] after 40 bench steps — e2e mean=985.6ms  |  max replan freq=1.01 Hz  |  max control freq=5.07 Hz (n_action_steps=5)

[23:28:41] #   46 [bench] e2e=  993.7ms  infer=  990.7ms  cap=  2.8ms
    t+0   | -0.1041  -0.0056  -0.1326  +0.2498  +0.0069  -0.0830
    t+1   | -0.1037  +0.0242  -0.1662  +0.2368  -0.0033  -0.0816
    t+2   | -0.0964  +0.0547  -0.1622  +0.2387  -0.0207  -0.2188
    t+3   | -0.0771  +0.0623  -0.1875  +0.2497  -0.0398  -0.0408
    t+4   | -0.0221  +0.0495  -0.1892  +0.3055  -0.0084  -0.0690
[23:28:42] #   47 [bench] e2e=  977.3ms  infer=  974.5ms  cap=  2.7ms
    t+0   | -0.2352  -0.4023  +0.5505  +0.0005  +0.5809  -0.6691
    t+1   | -0.2189  -0.3379  +0.3504  +0.0808  +0.3030  -0.6418
    t+2   | -0.2368  -0.3050  +0.2531  +0.1252  +0.2253  -0.6140
    t+3   | -0.1877  -0.2463  +0.0282  +0.1708  +0.1507  -0.6019
    t+4   | -0.1708  -0.1753  -0.0966  +0.1939  +0.0679  -0.5933
[23:28:43] #   48 [bench] e2e=  986.3ms  infer=  983.3ms  cap=  2.9ms
    t+0   | +0.2896  +0.0062  -0.3075  +0.3716  +0.1064  -0.3795
    t+1   | +0.1795  +0.0358  -0.2500  +0.3215  +0.0818  -0.4267
    t+2   | +0.1121  +0.0477  -0.2389  +0.3099  +0.0209  -0.3616
    t+3   | +0.0352  +0.0263  -0.1976  +0.2631  -0.0309  -0.3944
    t+4   | -0.0126  +0.0382  -0.1899  +0.2642  -0.0401  -0.3951
[23:28:44] #   49 [bench] e2e=  983.8ms  infer=  979.6ms  cap=  4.0ms
    t+0   | +0.0412  -0.4215  +0.4532  -0.0541  +0.0117  -0.6247
    t+1   | +0.1137  -0.1972  +0.1470  +0.1492  -0.0187  -0.5000
    t+2   | +0.1559  -0.0556  +0.0182  +0.2630  -0.0156  -0.4166
    t+3   | +0.1789  +0.0697  -0.1244  +0.3169  -0.0219  -0.2454
    t+4   | +0.1432  +0.1936  -0.2457  +0.3846  +0.0137  -0.0859
[23:28:45] #   50 [bench] e2e=  990.3ms  infer=  988.0ms  cap=  2.2ms
    t+0   | +0.0509  +0.0478  -0.2504  +0.3487  +0.1404  +0.0499
    t+1   | +0.0678  +0.0939  -0.2551  +0.3304  +0.1647  +0.0388
    t+2   | +0.0142  +0.0265  -0.1766  +0.2570  +0.1125  -0.2607
    t+3   | -0.0513  -0.0256  -0.1389  +0.1792  +0.0484  -0.6171
    t+4   | -0.0787  -0.0504  -0.1174  +0.1365  +0.0427  -0.6352
[23:28:46] #   51 [bench] e2e=  974.1ms  infer=  971.9ms  cap=  2.0ms
    t+0   | +0.0705  -0.1566  +0.0865  +0.1772  +0.0235  -0.0517
    t+1   | +0.0789  -0.1183  +0.0352  +0.1967  +0.0821  -0.1897
    t+2   | +0.0811  -0.1012  +0.0079  +0.1624  +0.0984  -0.3388
    t+3   | +0.0514  -0.1103  +0.0650  +0.1476  +0.1154  -0.5894
    t+4   | +0.0598  -0.1127  +0.0682  +0.1925  +0.1096  -0.5747
[23:28:47] #   52 [bench] e2e=  978.0ms  infer=  975.2ms  cap=  2.6ms
    t+0   | +0.0021  +0.0951  -0.1415  +0.2954  +0.1637  -0.1921
    t+1   | +0.0542  +0.0718  -0.0971  +0.2703  +0.2123  -0.2947
    t+2   | -0.0043  +0.0983  -0.0633  +0.1831  +0.6537  -0.3541
    t+3   | +0.0018  +0.1319  -0.1539  +0.1925  +0.6261  -0.4672
    t+4   | +0.0310  +0.0978  -0.1458  +0.1798  +0.5318  -0.5794
[23:28:48] #   53 [bench] e2e=  997.0ms  infer=  995.1ms  cap=  1.7ms
    t+0   | +0.0521  -0.0691  +0.0317  +0.1955  -0.0568  -0.3848
    t+1   | +0.0174  -0.1116  +0.0715  +0.1868  -0.0048  -0.3786
    t+2   | -0.0281  -0.1881  +0.1086  +0.1639  +0.1099  -0.4918
    t+3   | -0.0354  -0.2602  +0.1476  +0.1513  +0.2045  -0.4844
    t+4   | -0.0174  -0.2653  +0.1570  +0.1368  +0.1727  -0.5189
[23:28:49] #   54 [bench] e2e=  993.3ms  infer=  990.0ms  cap=  3.0ms
    t+0   | +0.2084  +0.0426  -0.2133  +0.3422  -0.1625  +0.8196
    t+1   | +0.0654  -0.0566  -0.1332  +0.2419  -0.0166  +0.2225
    t+2   | -0.0039  -0.0917  -0.0836  +0.2089  +0.0450  -0.0183
    t+3   | +0.0199  -0.0653  -0.0926  +0.2446  +0.1583  -0.2081
    t+4   | +0.0473  -0.0328  -0.1366  +0.2866  +0.1927  -0.2366
[23:28:50] #   55 [bench] e2e=  992.3ms  infer=  989.5ms  cap=  2.6ms
    t+0   | +0.2669  -0.0667  -0.1392  +0.4030  +0.1931  -0.0164
    t+1   | +0.2325  -0.0583  -0.1229  +0.3800  +0.1855  -0.1773
    t+2   | +0.2009  -0.0115  -0.1215  +0.3531  +0.1857  -0.2923
    t+3   | +0.2619  +0.0265  -0.1663  +0.3794  +0.1455  -0.2798
    t+4   | +0.2871  +0.0480  -0.1993  +0.3681  +0.1321  -0.1172
[23:28:51] #   56 [bench] e2e=  989.3ms  infer=  986.6ms  cap=  2.5ms
    t+0   | +0.1369  +0.0050  -0.0989  +0.2462  -0.0344  -0.4406
    t+1   | +0.1175  +0.0398  -0.0969  +0.2432  -0.0142  -0.5179
    t+2   | +0.0725  +0.0248  -0.0730  +0.2086  -0.0072  -0.5288
    t+3   | +0.1057  +0.0040  -0.1138  +0.2061  +0.0519  -0.5334
    t+4   | +0.1307  +0.0349  -0.1545  +0.2717  +0.1071  -0.5828
[23:28:52] #   57 [bench] e2e=  989.3ms  infer=  986.1ms  cap=  2.9ms
    t+0   | +0.0309  +0.2964  -0.4254  +0.3814  +0.2037  -0.4098
    t+1   | +0.0425  +0.3019  -0.4068  +0.3671  +0.1172  -0.3039
    t+2   | +0.0586  +0.2479  -0.3413  +0.3376  +0.1107  -0.2029
    t+3   | +0.1209  +0.1987  -0.3293  +0.3610  +0.0916  -0.0053
    t+4   | +0.1192  +0.1833  -0.3350  +0.3686  +0.0734  -0.1483
[23:28:53] #   58 [bench] e2e=  976.5ms  infer=  972.8ms  cap=  3.5ms
    t+0   | -0.0569  -0.1513  +0.0984  +0.0949  +0.2651  -0.6685
    t+1   | -0.0701  -0.0551  +0.0340  +0.1307  +0.3378  -0.6849
    t+2   | +0.0103  -0.0054  -0.0086  +0.1770  +0.2704  -0.5848
    t+3   | +0.1017  +0.0570  -0.0562  +0.2070  +0.2423  +0.0377
    t+4   | +0.1680  +0.1401  -0.1152  +0.2920  +0.2417  +0.0944
[23:28:54] #   59 [bench] e2e=  993.1ms  infer=  990.8ms  cap=  2.2ms
    t+0   | -0.0301  -0.2779  +0.1039  +0.1518  +0.1125  -0.2603
    t+1   | -0.0820  -0.3044  +0.1255  +0.1305  +0.1802  -0.4565
    t+2   | -0.1418  -0.2669  +0.1621  +0.1778  +0.3566  -0.4893
    t+3   | -0.1518  -0.2489  +0.1187  +0.1820  +0.2969  -0.6508
    t+4   | -0.0650  -0.1899  +0.0425  +0.2265  +0.2233  -0.6098
[23:28:55] #   60 [bench] e2e=  977.4ms  infer=  974.8ms  cap=  2.4ms
    t+0   | -0.0116  -0.1251  +0.0194  +0.2067  +0.0020  -0.3858
    t+1   | +0.0504  -0.0406  -0.0917  +0.2570  -0.0869  -0.2042
    t+2   | +0.0948  +0.0264  -0.1395  +0.2906  -0.1023  -0.1349
    t+3   | +0.0805  +0.0157  -0.1099  +0.2723  -0.0920  -0.3627
    t+4   | +0.0694  +0.0320  -0.1244  +0.2478  -0.0876  -0.4333
[23:28:56] #   61 [bench] e2e=  996.7ms  infer=  993.4ms  cap=  3.1ms
    t+0   | +0.1062  +0.0871  -0.0614  +0.2487  +0.1449  -0.0164
    t+1   | +0.1986  +0.1245  -0.0916  +0.2914  +0.3092  +0.0211
    t+2   | +0.1614  +0.0822  -0.1188  +0.2774  +0.2975  +0.7978
    t+3   | +0.1466  +0.0334  -0.1239  +0.2439  +0.2450  +0.6842
    t+4   | +0.1219  -0.0079  -0.0910  +0.2422  +0.1393  +0.1160
[23:28:57] #   62 [bench] e2e=  982.4ms  infer=  978.6ms  cap=  3.6ms
    t+0   | +0.0892  +0.1891  -0.2925  +0.2974  +0.2282  -0.5039
    t+1   | +0.1105  +0.1169  -0.2379  +0.2897  +0.1406  -0.3986
    t+2   | +0.1215  +0.0571  -0.2005  +0.2594  +0.1216  -0.2252
    t+3   | +0.1410  +0.0754  -0.1944  +0.2798  +0.1305  -0.1978
    t+4   | +0.1538  +0.0553  -0.2269  +0.2709  +0.1329  -0.2037
[23:28:58] #   63 [bench] e2e=  970.1ms  infer=  967.0ms  cap=  3.0ms
    t+0   | -0.0608  -0.1090  -0.0012  +0.1954  +0.2073  -0.2190
    t+1   | -0.0256  -0.0641  -0.0358  +0.2432  +0.2515  -0.1847
    t+2   | +0.0575  +0.0398  -0.1245  +0.3380  +0.1441  -0.1279
    t+3   | +0.0377  +0.0519  -0.1359  +0.3360  +0.0535  -0.1169
    t+4   | -0.0832  +0.0430  -0.1746  +0.3561  -0.0649  -0.0645
[23:28:59] #   64 [bench] e2e=  999.0ms  infer=  995.7ms  cap=  3.1ms
    t+0   | -0.0680  -0.2382  +0.1782  +0.1265  +0.1957  -0.6995
    t+1   | -0.0323  -0.1556  +0.0976  +0.1660  +0.1810  -0.7137
    t+2   | +0.0392  -0.0152  -0.0006  +0.2126  +0.1564  -0.6353
    t+3   | +0.0650  +0.0236  -0.0398  +0.2124  +0.1112  -0.5775
    t+4   | +0.0807  +0.0352  -0.0463  +0.2149  +0.1095  -0.6235
[23:29:00] #   65 [bench] e2e=  973.2ms  infer=  970.8ms  cap=  2.3ms
    t+0   | -0.2442  -0.2002  +0.0942  +0.1484  +0.2580  -0.6017
    t+1   | -0.1153  -0.0828  -0.0230  +0.2030  +0.1637  -0.4748
    t+2   | -0.0525  -0.0170  -0.1232  +0.2117  +0.1843  -0.1572
    t+3   | -0.0670  -0.0366  -0.1265  +0.2034  +0.3233  -0.2726
    t+4   | -0.0248  -0.0539  -0.0894  +0.2189  +0.2676  -0.3234

  [live] after 60 bench steps — e2e mean=985.6ms  |  max replan freq=1.01 Hz  |  max control freq=5.07 Hz (n_action_steps=5)

[23:29:01] #   66 [bench] e2e=  974.1ms  infer=  971.3ms  cap=  2.7ms
    t+0   | +0.2701  +0.0671  -0.1743  +0.3475  +0.0146  +0.1463
    t+1   | +0.1946  -0.0428  -0.0799  +0.2648  +0.0575  -0.0209
    t+2   | +0.1706  -0.0084  -0.1162  +0.2717  +0.0821  -0.0275
    t+3   | +0.1802  +0.0398  -0.0967  +0.2625  +0.2803  -0.2530
    t+4   | +0.1827  +0.0159  -0.0670  +0.2401  +0.2277  -0.3634
[23:29:02] #   67 [bench] e2e=  971.2ms  infer=  968.3ms  cap=  2.7ms
    t+0   | +0.1012  -0.0481  -0.1642  +0.3238  +0.1226  -0.0587
    t+1   | +0.0697  -0.0489  -0.1674  +0.3110  +0.2171  -0.3097
    t+2   | +0.1272  -0.0513  -0.1187  +0.2671  +0.1610  -0.2167
    t+3   | +0.1382  -0.0051  -0.1368  +0.2995  +0.1346  -0.1674
    t+4   | +0.1635  +0.0243  -0.1643  +0.3184  +0.0645  -0.1272
[23:29:03] #   68 [bench] e2e=  974.9ms  infer=  972.2ms  cap=  2.6ms
    t+0   | +0.1123  -0.0658  -0.0535  +0.2166  -0.0338  -0.3361
    t+1   | +0.0852  +0.0315  -0.1486  +0.2459  -0.0009  -0.3299
    t+2   | +0.0828  +0.0770  -0.1733  +0.2639  +0.0896  -0.1826
    t+3   | +0.1459  +0.1118  -0.2543  +0.3223  +0.1710  +0.0726
    t+4   | +0.2072  +0.1652  -0.2780  +0.3798  +0.2006  +0.1392
[23:29:04] #   69 [bench] e2e=  976.0ms  infer=  973.1ms  cap=  2.8ms
    t+0   | +0.1575  -0.0970  -0.0103  +0.2633  +0.0644  -0.7196
    t+1   | +0.1241  +0.0083  -0.0907  +0.3346  +0.0591  -0.6725
    t+2   | +0.1638  +0.1185  -0.1639  +0.3403  +0.0352  -0.3539
    t+3   | +0.1957  +0.2237  -0.1767  +0.3713  +0.0587  -0.2581
    t+4   | +0.2529  +0.2591  -0.1789  +0.3695  +0.1186  -0.2793
[23:29:05] #   70 [bench] e2e=  974.9ms  infer=  971.6ms  cap=  3.2ms
    t+0   | +0.0645  +0.2673  -0.3296  +0.3423  +0.1470  -0.4928
    t+1   | +0.0142  +0.2047  -0.2779  +0.3055  +0.1011  -0.6628
    t+2   | -0.0666  +0.1434  -0.1959  +0.2680  +0.2522  -0.6943
    t+3   | -0.0408  +0.1412  -0.2274  +0.3006  +0.2041  -0.6463
    t+4   | -0.0148  +0.2015  -0.3317  +0.3873  +0.2825  -0.6169
[23:29:06] #   71 [bench] e2e=  992.0ms  infer=  989.5ms  cap=  2.4ms
    t+0   | -0.0442  +0.0344  -0.2329  +0.3627  -0.0319  -0.0311
    t+1   | -0.1104  +0.0131  -0.2036  +0.3295  -0.0182  -0.1785
    t+2   | -0.0829  +0.0164  -0.1518  +0.2880  -0.0178  -0.2065
    t+3   | -0.0517  +0.0561  -0.1538  +0.2854  -0.0360  -0.1228
    t+4   | -0.0407  +0.1272  -0.1896  +0.2786  -0.0279  -0.0722
[23:29:07] #   72 [bench] e2e=  975.1ms  infer=  972.8ms  cap=  2.2ms
    t+0   | +0.2170  +0.0902  -0.2027  +0.3503  +0.0682  -0.1989
    t+1   | +0.2143  +0.0936  -0.2097  +0.3512  +0.0821  -0.3272
    t+2   | +0.1696  +0.1001  -0.1913  +0.3212  +0.0949  -0.6196
    t+3   | +0.1069  +0.0931  -0.1709  +0.3084  +0.0689  -0.4525
    t+4   | +0.0957  +0.1398  -0.2447  +0.3615  +0.0840  -0.4332
[23:29:08] #   73 [bench] e2e=  984.4ms  infer=  982.2ms  cap=  2.1ms
    t+0   | +0.1598  +0.0983  -0.2231  +0.3773  +0.1076  -0.3937
    t+1   | +0.1541  +0.1024  -0.2039  +0.3662  +0.0730  -0.3043
    t+2   | +0.1284  +0.0812  -0.1914  +0.3550  +0.0364  -0.1574
    t+3   | +0.0129  +0.1693  -0.2195  +0.3645  -0.1508  -0.0380
    t+4   | +0.0248  +0.1872  -0.2275  +0.3709  -0.1265  -0.1387
[23:29:09] #   74 [bench] e2e=  977.5ms  infer=  975.1ms  cap=  2.2ms
    t+0   | +0.1477  +0.0468  -0.0571  +0.2909  +0.1411  +0.0877
    t+1   | +0.1046  +0.0409  +0.0056  +0.2914  +0.2103  +0.1350
    t+2   | +0.0509  +0.0766  +0.0175  +0.2603  +0.1462  +0.1110
    t+3   | +0.0682  +0.1261  -0.0190  +0.2724  +0.1245  +0.0848
    t+4   | +0.0753  +0.1026  -0.0540  +0.2772  +0.1041  -0.0463
[23:29:10] #   75 [bench] e2e=  991.7ms  infer=  988.8ms  cap=  2.7ms
    t+0   | +0.0243  +0.0379  -0.1237  +0.2677  -0.0149  -0.5802
    t+1   | -0.0776  +0.0877  -0.1883  +0.2643  -0.0215  -0.5150
    t+2   | -0.0271  +0.0445  -0.1595  +0.2326  -0.0533  -0.3843
    t+3   | -0.0344  +0.0019  -0.1143  +0.2542  -0.1419  +0.2813
    t+4   | -0.1389  +0.0380  -0.0859  +0.2761  -0.2410  +1.1396
[23:29:11] #   76 [bench] e2e=  983.9ms  infer=  980.6ms  cap=  3.1ms
    t+0   | -0.0391  -0.0460  +0.0237  +0.1951  +0.0231  -0.0537
    t+1   | -0.1090  -0.0003  -0.0392  +0.2112  +0.0645  -0.3120
    t+2   | -0.0738  -0.0306  -0.1023  +0.2462  +0.0407  -0.3365
    t+3   | +0.0183  +0.0069  -0.1754  +0.2915  -0.0161  -0.2747
    t+4   | +0.0540  +0.0714  -0.2136  +0.3139  -0.0731  -0.1199
[23:29:12] #   77 [bench] e2e=  990.8ms  infer=  987.7ms  cap=  3.0ms
    t+0   | -0.0172  -0.0536  +0.0600  +0.1027  -0.0931  -0.4444
    t+1   | -0.0285  -0.0802  +0.0403  +0.1027  -0.0708  -0.4563
    t+2   | -0.0202  -0.0712  +0.0023  +0.1179  -0.0280  -0.5576
    t+3   | -0.0516  -0.0380  -0.0488  +0.1586  +0.0588  -0.5596
    t+4   | -0.0231  -0.0042  -0.0870  +0.1887  +0.1016  -0.5421
[23:29:13] #   78 [bench] e2e=  984.5ms  infer=  981.5ms  cap=  2.8ms
    t+0   | +0.0186  -0.1180  -0.0169  +0.2633  +0.0004  -0.6565
    t+1   | +0.0517  -0.1143  -0.0312  +0.2858  -0.0209  -0.6322
    t+2   | +0.0490  -0.1154  -0.0582  +0.2760  -0.0221  -0.6541
    t+3   | +0.0243  -0.1012  -0.1142  +0.2592  -0.0514  -0.6286
    t+4   | +0.0638  -0.0523  -0.1557  +0.2840  -0.0813  -0.5473
[23:29:14] #   79 [bench] e2e=  985.5ms  infer=  982.9ms  cap=  2.5ms
    t+0   | +0.2166  +0.0752  -0.2401  +0.3512  -0.0075  +0.1516
    t+1   | +0.1407  +0.0495  -0.2474  +0.3439  +0.0554  -0.0423
    t+2   | +0.0858  +0.0914  -0.2492  +0.3452  +0.1671  -0.0968
    t+3   | +0.0210  +0.1139  -0.2124  +0.3652  +0.2826  -0.1537
    t+4   | +0.0341  +0.1063  -0.1893  +0.3427  +0.2485  -0.2222
[23:29:15] #   80 [bench] e2e=  984.7ms  infer=  981.5ms  cap=  3.0ms
    t+0   | +0.2221  +0.0790  -0.1697  +0.3266  +0.1462  -0.0952
    t+1   | +0.1267  +0.1376  -0.2037  +0.3163  +0.1246  -0.0004
    t+2   | +0.0929  +0.1761  -0.2156  +0.3012  +0.3927  +0.0531
    t+3   | +0.0938  +0.1932  -0.2268  +0.3015  +0.3513  +0.0868
    t+4   | +0.0808  +0.1683  -0.2161  +0.3123  +0.3324  +0.0516
[23:29:16] #   81 [bench] e2e=  987.5ms  infer=  984.5ms  cap=  2.8ms
    t+0   | +0.0936  +0.0843  -0.1905  +0.2802  +0.1202  -0.4161
    t+1   | +0.0310  +0.1703  -0.3710  +0.3342  +0.2141  -0.4842
    t+2   | +0.0960  +0.1447  -0.3163  +0.3374  +0.1877  -0.3514
    t+3   | +0.1029  +0.1985  -0.3450  +0.3492  +0.2000  -0.3619
    t+4   | +0.2428  +0.2108  -0.4787  +0.4283  +0.0435  -0.4470
[23:29:17] #   82 [bench] e2e=  972.9ms  infer=  969.9ms  cap=  2.8ms
    t+0   | +0.1652  +0.1247  -0.3011  +0.3502  +0.0574  -0.1117
    t+1   | +0.1362  +0.0813  -0.2391  +0.3114  +0.0169  -0.2231
    t+2   | +0.0731  +0.0267  -0.1587  +0.2812  +0.0129  -0.6415
    t+3   | +0.0043  -0.0216  -0.0926  +0.2695  -0.0014  -0.5763
    t+4   | +0.0493  -0.0016  -0.1295  +0.2863  +0.0293  -0.3677
[23:29:18] #   83 [bench] e2e=  991.9ms  infer=  989.0ms  cap=  2.7ms
    t+0   | +0.0942  +0.0177  -0.0701  +0.2815  -0.0470  +0.2008
    t+1   | -0.0237  -0.0192  -0.1150  +0.2449  -0.2556  -0.0810
    t+2   | -0.0379  -0.0296  -0.2033  +0.2894  -0.2349  -0.1865
    t+3   | -0.0749  -0.0785  -0.2113  +0.2823  -0.1903  -0.2271
    t+4   | -0.0635  -0.1002  -0.2083  +0.2581  -0.2088  -0.2414
[23:29:19] #   84 [bench] e2e=  974.2ms  infer=  970.6ms  cap=  3.4ms
    t+0   | +0.0989  -0.0163  -0.1031  +0.2182  +0.0950  -0.3766
    t+1   | +0.0698  -0.0466  -0.1262  +0.1818  +0.0273  -0.3836
    t+2   | +0.0336  -0.1073  -0.0476  +0.1578  +0.0211  -0.6263
    t+3   | +0.0310  -0.1099  -0.0466  +0.1773  +0.0214  -0.5745
    t+4   | +0.0266  -0.0588  -0.1232  +0.2212  +0.0193  -0.5175
[23:29:20] #   85 [bench] e2e=  974.5ms  infer=  971.9ms  cap=  2.5ms
    t+0   | -0.0362  +0.0741  -0.2501  +0.3190  -0.0975  -0.2681
    t+1   | +0.0417  +0.0570  -0.2257  +0.3125  -0.0973  -0.1095
    t+2   | +0.0752  +0.0657  -0.2049  +0.3077  -0.0962  +0.2529
    t+3   | +0.0617  +0.0159  -0.1550  +0.2609  -0.0717  +0.2632
    t+4   | +0.0439  +0.0227  -0.1094  +0.2915  -0.0946  +0.3716

  [live] after 80 bench steps — e2e mean=984.5ms  |  max replan freq=1.02 Hz  |  max control freq=5.08 Hz (n_action_steps=5)

[23:29:21] #   86 [bench] e2e=  994.7ms  infer=  992.4ms  cap=  2.1ms
    t+0   | +0.3170  -0.0069  -0.0929  +0.3493  +0.2292  +0.1142
    t+1   | +0.2936  -0.0241  -0.0603  +0.3243  +0.1906  -0.0102
    t+2   | +0.2445  +0.0386  -0.0710  +0.3169  +0.1765  -0.4825
    t+3   | +0.3011  +0.0899  -0.1187  +0.3185  +0.1955  -0.3770
    t+4   | +0.3174  +0.1017  -0.0866  +0.2893  +0.1637  -0.4553
[23:29:22] #   87 [bench] e2e=  976.9ms  infer=  974.0ms  cap=  2.8ms
    t+0   | +0.2497  +0.1016  -0.2440  +0.3845  +0.1058  -0.2276
    t+1   | +0.2005  +0.0783  -0.2485  +0.3738  +0.1909  -0.5616
    t+2   | +0.1981  +0.1166  -0.4227  +0.4477  +0.2629  -0.6302
    t+3   | +0.2485  +0.1095  -0.4030  +0.4199  +0.2578  -0.6601
    t+4   | +0.2139  +0.1669  -0.4686  +0.4222  +0.1573  -0.6543
[23:29:23] #   88 [bench] e2e=  974.6ms  infer=  971.7ms  cap=  2.8ms
    t+0   | +0.1301  +0.0857  -0.2599  +0.3219  +0.0871  -0.0240
    t+1   | +0.0997  +0.0680  -0.2390  +0.3192  +0.1754  -0.1775
    t+2   | +0.0737  +0.0230  -0.1383  +0.2904  +0.1727  -0.4809
    t+3   | -0.0380  +0.0635  -0.1215  +0.2960  +0.2127  -0.5039
    t+4   | -0.0206  +0.0624  -0.1249  +0.2846  +0.1317  -0.5783
[23:29:24] #   89 [bench] e2e=  987.2ms  infer=  985.0ms  cap=  2.1ms
    t+0   | +0.0050  -0.1988  +0.2460  +0.1503  +0.2675  +0.1497
    t+1   | -0.0573  -0.1709  +0.2391  +0.1533  +0.3624  +0.0313
    t+2   | -0.0275  -0.1036  +0.1458  +0.1693  +0.3651  -0.1303
    t+3   | +0.0189  +0.0060  -0.0102  +0.2273  +0.1746  -0.1073
    t+4   | +0.0199  +0.1002  -0.0382  +0.2508  +0.2145  -0.2221
[23:29:25] #   90 [bench] e2e=  979.7ms  infer=  976.1ms  cap=  3.4ms
    t+0   | +0.1665  +0.1199  -0.1947  +0.3344  +0.2361  -0.1522
    t+1   | +0.0831  +0.1645  -0.2253  +0.3363  +0.4159  -0.1754
    t+2   | +0.0672  +0.2035  -0.2572  +0.3240  +0.4233  -0.1135
    t+3   | +0.0512  +0.2032  -0.2479  +0.3134  +0.4541  -0.1070
    t+4   | +0.0585  +0.1208  -0.2138  +0.3371  +0.3733  -0.2013
[23:29:26] #   91 [bench] e2e=  973.0ms  infer=  969.8ms  cap=  3.0ms
    t+0   | +0.0004  -0.1386  -0.0554  +0.2061  +0.0601  -0.6912
    t+1   | -0.0078  -0.1504  -0.0315  +0.1920  +0.0440  -0.7069
    t+2   | +0.0508  -0.1279  +0.0069  +0.2238  +0.0555  -0.6831
    t+3   | +0.0647  -0.1180  +0.0170  +0.2278  +0.0865  -0.6433
    t+4   | +0.0517  -0.1301  +0.0256  +0.2404  +0.0786  -0.5233
[23:29:27] #   92 [bench] e2e=  975.3ms  infer=  973.0ms  cap=  2.1ms
    t+0   | +0.1724  +0.0670  -0.0784  +0.2671  -0.0049  -0.4068
    t+1   | +0.1715  +0.0917  -0.0316  +0.2597  -0.0472  -0.4999
    t+2   | +0.1398  +0.0693  -0.0602  +0.2838  -0.0702  -0.3674
    t+3   | +0.1128  +0.0446  -0.0975  +0.3119  -0.0640  -0.2397
    t+4   | +0.1189  +0.0512  -0.0972  +0.3313  -0.0360  -0.2606
[23:29:27] #   93 [bench] e2e=  974.9ms  infer=  972.1ms  cap=  2.7ms
    t+0   | +0.1459  +0.2552  -0.2647  +0.3070  +0.0759  +0.0863
    t+1   | +0.1660  +0.2064  -0.2452  +0.2839  +0.0376  +0.0466
    t+2   | +0.0987  +0.1839  -0.2163  +0.2672  +0.0361  -0.1496
    t+3   | +0.0528  +0.1339  -0.1554  +0.2540  +0.0225  -0.1790
    t+4   | -0.0613  +0.1858  -0.2033  +0.2363  -0.0113  -0.1193
[23:29:28] #   94 [bench] e2e=  988.0ms  infer=  985.6ms  cap=  2.2ms
    t+0   | +0.2115  +0.1158  -0.1589  +0.3327  +0.0764  +0.5628
    t+1   | +0.1353  +0.1930  -0.1632  +0.3393  +0.0698  +0.5327
    t+2   | +0.0743  +0.1516  -0.1493  +0.3069  +0.0598  -0.0410
    t+3   | +0.0517  +0.1062  -0.1350  +0.2946  +0.1026  -0.2319
    t+4   | +0.0528  +0.0625  -0.1064  +0.2762  +0.1200  -0.3890
[23:29:29] #   95 [bench] e2e=  973.5ms  infer=  970.7ms  cap=  2.7ms
    t+0   | +0.2020  +0.1107  -0.1767  +0.2971  +0.0473  -0.5089
    t+1   | +0.1897  +0.1253  -0.1702  +0.2898  +0.0239  -0.4329
    t+2   | +0.1102  +0.1286  -0.2202  +0.2521  -0.0053  -0.5406
    t+3   | +0.1370  +0.1638  -0.3576  +0.2792  -0.0405  -0.4941
    t+4   | +0.1796  +0.2323  -0.4234  +0.3320  -0.0417  -0.5301
[23:29:30] #   96 [bench] e2e=  987.4ms  infer=  984.5ms  cap=  2.7ms
    t+0   | +0.0653  -0.1517  +0.0199  +0.1994  +0.0620  -0.6751
    t+1   | +0.0736  -0.1717  +0.0223  +0.2191  +0.0492  -0.6897
    t+2   | +0.0946  -0.1609  +0.0043  +0.2055  +0.0393  -0.6766
    t+3   | +0.0705  -0.1690  -0.0104  +0.1773  +0.0412  -0.7024
    t+4   | +0.0412  -0.1759  -0.0725  +0.1950  +0.0735  -0.7184
[23:29:31] #   97 [bench] e2e=  990.7ms  infer=  987.3ms  cap=  3.2ms
    t+0   | +0.1420  -0.0170  -0.0914  +0.2565  -0.1863  -0.2209
    t+1   | +0.1079  +0.0275  -0.0973  +0.2621  -0.0701  -0.4625
    t+2   | +0.0357  -0.0032  -0.0670  +0.2439  +0.0779  -0.4647
    t+3   | -0.0392  -0.0429  +0.0031  +0.2153  +0.0655  -0.3644
    t+4   | -0.1163  -0.0993  +0.0409  +0.1693  +0.0589  -0.3569
[23:29:32] #   98 [bench] e2e=  976.5ms  infer=  972.9ms  cap=  3.5ms
    t+0   | +0.1660  +0.0872  -0.1748  +0.3439  -0.0639  +0.4480
    t+1   | +0.0946  +0.0738  -0.1655  +0.3260  -0.0541  +0.0205
    t+2   | +0.0735  +0.0448  -0.1018  +0.3020  +0.0567  -0.1062
    t+3   | +0.0402  +0.0506  -0.1059  +0.2870  +0.1697  -0.3203
    t+4   | -0.0489  +0.1333  -0.2210  +0.2408  +0.2342  -0.4061
[23:29:33] #   99 [bench] e2e=  974.7ms  infer=  971.7ms  cap=  2.8ms
    t+0   | +0.2006  +0.0493  -0.1598  +0.3479  +0.0311  -0.0066
    t+1   | +0.0116  +0.1295  -0.2966  +0.3599  +0.3000  -0.0060
    t+2   | -0.0071  +0.1217  -0.3187  +0.3489  +0.3104  +0.0206
    t+3   | +0.0039  +0.1316  -0.2859  +0.3000  +0.4255  -0.2260
    t+4   | +0.0618  +0.1329  -0.2692  +0.3136  +0.3208  -0.1439
[23:29:34] #  100 [bench] e2e=  992.1ms  infer=  988.4ms  cap=  3.5ms
    t+0   | +0.0741  +0.1984  -0.2840  +0.2968  +0.0868  -0.3754
    t+1   | +0.1365  +0.1587  -0.2582  +0.3168  +0.1632  +0.0717
    t+2   | +0.1702  +0.0799  -0.1931  +0.3272  +0.1902  +0.1349
    t+3   | +0.1752  +0.0272  -0.1464  +0.3140  +0.0455  +0.4599
    t+4   | +0.1715  +0.1099  -0.1515  +0.3207  +0.0800  +0.3002
[23:29:35] #  101 [bench] e2e=  977.9ms  infer=  975.1ms  cap=  2.7ms
    t+0   | +0.0444  +0.1854  -0.3273  +0.3298  -0.3502  -0.3183
    t+1   | +0.0141  +0.1510  -0.3294  +0.3089  -0.1878  -0.4339
    t+2   | +0.0470  +0.1266  -0.3025  +0.2954  -0.1503  -0.4612
    t+3   | +0.0549  +0.1409  -0.2962  +0.2994  -0.1498  -0.4493
    t+4   | +0.0573  +0.1169  -0.2431  +0.3328  -0.1296  -0.4351
[23:29:36] #  102 [bench] e2e=  981.0ms  infer=  978.0ms  cap=  2.9ms
    t+0   | +0.1891  +0.1003  -0.1407  +0.3277  -0.0837  +0.6306
    t+1   | +0.1262  +0.0524  -0.1010  +0.2756  -0.0730  -0.0348
    t+2   | +0.0591  -0.0412  +0.0207  +0.1902  -0.1038  -0.3231
    t+3   | -0.0692  -0.0855  +0.0803  +0.1199  -0.0881  -0.6216
    t+4   | -0.1080  -0.0764  +0.0628  +0.1464  -0.0365  -0.5854
[23:29:37] #  103 [bench] e2e=  992.7ms  infer=  989.8ms  cap=  2.8ms
    t+0   | -0.0035  +0.0642  -0.1639  +0.2827  +0.0540  -0.2800
    t+1   | -0.0459  +0.1000  -0.2079  +0.2973  +0.0415  -0.2944
    t+2   | -0.0373  +0.0853  -0.2351  +0.2741  +0.0218  -0.6189
    t+3   | -0.0235  +0.0958  -0.2242  +0.2979  +0.0327  -0.6592
    t+4   | +0.0254  +0.0911  -0.2362  +0.3202  +0.0322  -0.6910
[23:29:38] #  104 [bench] e2e=  992.3ms  infer=  990.0ms  cap=  2.1ms
    t+0   | +0.1122  +0.1442  -0.3728  +0.4438  +0.0382  -0.0964
    t+1   | +0.0530  +0.0311  -0.2592  +0.3489  +0.0807  -0.3318
    t+2   | -0.0391  +0.0118  -0.2115  +0.3362  +0.0995  -0.4198
    t+3   | -0.0003  +0.0147  -0.1815  +0.3444  +0.0501  -0.3421
    t+4   | -0.0327  +0.0833  -0.4570  +0.4418  +0.1948  -0.3660
[23:29:39] #  105 [bench] e2e=  996.1ms  infer=  993.2ms  cap=  2.7ms
    t+0   | +0.3994  +0.0771  -0.0810  +0.3129  +0.1845  +0.0918
    t+1   | +0.3737  +0.0781  -0.1225  +0.3232  +0.1409  -0.0905
    t+2   | +0.3539  +0.0663  -0.1829  +0.3615  +0.1633  -0.1714
    t+3   | +0.3054  +0.1328  -0.3522  +0.4091  +0.2169  -0.1498
    t+4   | +0.3133  +0.1393  -0.3312  +0.4171  +0.2002  -0.1015

  [live] after 100 bench steps — e2e mean=984.2ms  |  max replan freq=1.02 Hz  |  max control freq=5.08 Hz (n_action_steps=5)

[23:29:40] #  106 [bench] e2e= 1022.3ms  infer= 1020.1ms  cap=  2.1ms
    t+0   | -0.2011  -0.0112  -0.1031  +0.2548  +0.0338  +0.2642
    t+1   | -0.1262  -0.0403  -0.0128  +0.2065  +0.1252  +0.0716
    t+2   | -0.1115  -0.0772  +0.0239  +0.1867  +0.0892  -0.5167
    t+3   | -0.1050  -0.0347  -0.0001  +0.2333  +0.1786  -0.4107
    t+4   | -0.0629  +0.0290  -0.0823  +0.2652  +0.1457  -0.3386
[23:29:41] #  107 [bench] e2e=  975.4ms  infer=  973.0ms  cap=  2.2ms
    t+0   | -0.0207  +0.0295  -0.1768  +0.2787  +0.0606  -0.5443
    t+1   | -0.0411  +0.0307  -0.2327  +0.3101  +0.0195  -0.3467
    t+2   | -0.0509  +0.0064  -0.2436  +0.2517  -0.0125  -0.4507
    t+3   | -0.0036  -0.0280  -0.1599  +0.1924  -0.0153  -0.7032
    t+4   | +0.0153  -0.0018  -0.1290  +0.2091  +0.0153  -0.6816
[23:29:42] #  108 [bench] e2e=  988.9ms  infer=  986.0ms  cap=  2.7ms
    t+0   | +0.2034  -0.0213  +0.0139  +0.2432  +0.0073  +0.1707
    t+1   | +0.1997  +0.0353  -0.0564  +0.2860  -0.0208  +0.0992
    t+2   | +0.2329  +0.0798  -0.1383  +0.3163  -0.0087  +0.0217
    t+3   | +0.2688  +0.1599  -0.2000  +0.3631  +0.0233  -0.0270
    t+4   | +0.2748  +0.1704  -0.2091  +0.3711  +0.0082  +0.0211
[23:29:43] #  109 [bench] e2e=  979.6ms  infer=  976.6ms  cap=  2.7ms
    t+0   | +0.0195  +0.0209  -0.1243  +0.2390  -0.0320  -0.6086
    t+1   | -0.0790  -0.0513  -0.0913  +0.1938  +0.0368  -0.5122
    t+2   | -0.0697  -0.1259  -0.0458  +0.1358  +0.0540  -0.4192
    t+3   | -0.0337  -0.1122  -0.0217  +0.1822  +0.1029  -0.2192
    t+4   | -0.0285  -0.0995  -0.0388  +0.2096  +0.1114  -0.3136
[23:29:44] #  110 [bench] e2e=  990.5ms  infer=  988.2ms  cap=  2.2ms
    t+0   | +0.2052  +0.1822  -0.4812  +0.4902  -0.0539  +0.0522
    t+1   | +0.1454  +0.1613  -0.3218  +0.4085  +0.1912  -0.1418
    t+2   | +0.1760  +0.1452  -0.2209  +0.3874  +0.2292  +0.0129
    t+3   | +0.1990  +0.1469  -0.2277  +0.4102  +0.1997  -0.0029
    t+4   | +0.1695  +0.1221  -0.2543  +0.4057  +0.1660  -0.0587
[23:29:45] #  111 [bench] e2e=  984.6ms  infer=  981.7ms  cap=  2.8ms
    t+0   | +0.1434  -0.0204  -0.0755  +0.2546  -0.0633  -0.0889
    t+1   | +0.0810  +0.0361  -0.1582  +0.3132  -0.0744  -0.1216
    t+2   | +0.0610  +0.1062  -0.1811  +0.3591  -0.0303  -0.1986
    t+3   | +0.0511  +0.1781  -0.2305  +0.3734  +0.0099  -0.2570
    t+4   | +0.0888  +0.1247  -0.1985  +0.3235  +0.0270  -0.1924
[23:29:46] #  112 [bench] e2e=  976.7ms  infer=  973.6ms  cap=  2.9ms
    t+0   | +0.1988  +0.0524  -0.2434  +0.3527  +0.0391  -0.1026
    t+1   | +0.2390  +0.0614  -0.2509  +0.3466  +0.1958  -0.2302
    t+2   | +0.2594  +0.0851  -0.2267  +0.3394  +0.2951  -0.2150
    t+3   | +0.2533  +0.0700  -0.1707  +0.3043  +0.3064  -0.1573
    t+4   | +0.2482  +0.0963  -0.1645  +0.3158  +0.2178  -0.1584
[23:29:47] #  113 [bench] e2e=  995.2ms  infer=  992.3ms  cap=  2.8ms
    t+0   | -0.0188  -0.1297  +0.0685  +0.1932  -0.0646  -0.3020
    t+1   | -0.1580  +0.0411  -0.1223  +0.2952  -0.0805  -0.2173
    t+2   | -0.1547  +0.0840  -0.1731  +0.3014  -0.1225  -0.0451
    t+3   | -0.0967  +0.0210  -0.1509  +0.2865  -0.1024  +0.0925
    t+4   | -0.1136  -0.0087  -0.1204  +0.2945  -0.0388  -0.0766
[23:29:48] #  114 [bench] e2e= 1024.0ms  infer= 1021.1ms  cap=  2.8ms
    t+0   | +0.2191  +0.1266  -0.1624  +0.2876  +0.0303  +0.0697
    t+1   | +0.1996  +0.1186  -0.1613  +0.2810  +0.0083  -0.1103
    t+2   | +0.1331  +0.0607  -0.1369  +0.2523  -0.0338  -0.3865
    t+3   | +0.1347  +0.0795  -0.1493  +0.2992  -0.0535  -0.3525
    t+4   | +0.1512  +0.1118  -0.1959  +0.3175  -0.0268  -0.3069
[23:29:49] #  115 [bench] e2e=  992.0ms  infer=  989.7ms  cap=  2.1ms
    t+0   | +0.1738  -0.0176  -0.0531  +0.2365  +0.0047  -0.0533
    t+1   | -0.0235  -0.2431  +0.1867  +0.0629  +0.1760  -0.3396
    t+2   | -0.0723  -0.2681  +0.1656  +0.0593  +0.0827  -0.2383
    t+3   | -0.0412  -0.2566  +0.1149  +0.0980  +0.0693  -0.1236
    t+4   | -0.0293  -0.2015  +0.0920  +0.1207  +0.0265  -0.0367
[23:29:50] #  116 [bench] e2e=  987.0ms  infer=  984.1ms  cap=  2.7ms
    t+0   | +0.2176  -0.0085  -0.0935  +0.2900  +0.0179  -0.0720
    t+1   | +0.0904  +0.0020  -0.1237  +0.2729  +0.0470  -0.1408
    t+2   | +0.0139  -0.0071  -0.1782  +0.2436  +0.0024  -0.1706
    t+3   | +0.0558  -0.0221  -0.2130  +0.2085  -0.0569  -0.1168
    t+4   | +0.0355  -0.0024  -0.1928  +0.1958  -0.0415  -0.0712
[23:29:51] #  117 [bench] e2e=  982.1ms  infer=  979.8ms  cap=  2.1ms
    t+0   | -0.0321  +0.0755  -0.1505  +0.2036  +0.1030  -0.5989
    t+1   | -0.0933  -0.0408  -0.0215  +0.1029  +0.0643  -0.6463
    t+2   | -0.0797  -0.0215  +0.0188  +0.0906  +0.1035  -0.6597
    t+3   | -0.0777  -0.0043  +0.0270  +0.1103  +0.1039  -0.6895
    t+4   | -0.0306  -0.0189  -0.0336  +0.1038  +0.0625  -0.6845
[23:29:52] #  118 [bench] e2e=  975.9ms  infer=  973.0ms  cap=  2.8ms
    t+0   | +0.0342  -0.0993  -0.0206  +0.1859  +0.0002  -0.6868
    t+1   | +0.0155  +0.0457  -0.1482  +0.2264  +0.0400  -0.6702
    t+2   | +0.0490  +0.0328  -0.1254  +0.2200  +0.0282  -0.6541
    t+3   | +0.0843  +0.1228  -0.1711  +0.2982  +0.0041  -0.0648
    t+4   | +0.1069  +0.1510  -0.1570  +0.3183  +0.0178  -0.4157
[23:29:53] #  119 [bench] e2e=  990.1ms  infer=  987.2ms  cap=  2.8ms
    t+0   | +0.1193  +0.0207  -0.2447  +0.2441  -0.0642  -0.6645
    t+1   | +0.0281  -0.0822  -0.1860  +0.1819  -0.1309  -0.6882
    t+2   | +0.0112  -0.1050  -0.0888  +0.1558  -0.1600  -0.7043
    t+3   | +0.0206  -0.0723  -0.0925  +0.1890  -0.1774  -0.6289
    t+4   | +0.0249  -0.0636  -0.0957  +0.1941  -0.1801  -0.5764
[23:29:54] #  120 [bench] e2e=  997.1ms  infer=  994.8ms  cap=  2.1ms
    t+0   | +0.2876  +0.2332  -0.3404  +0.3732  -0.1696  -0.6268
    t+1   | +0.2455  +0.1770  -0.2761  +0.3446  -0.1096  -0.5369
    t+2   | +0.1676  +0.1088  -0.2211  +0.2833  -0.0149  -0.5435
    t+3   | +0.1472  +0.0765  -0.1970  +0.2896  +0.0184  -0.0087
    t+4   | +0.1109  +0.0635  -0.1611  +0.2843  +0.0721  -0.1392
[23:29:55] #  121 [bench] e2e=  986.5ms  infer=  983.5ms  cap=  2.8ms
    t+0   | +0.1261  -0.0641  -0.0057  +0.2375  -0.1350  -0.2326
    t+1   | +0.1683  +0.0284  -0.0669  +0.2968  -0.1023  -0.3653
    t+2   | +0.2423  +0.1089  -0.1084  +0.3102  -0.0474  -0.3642
    t+3   | +0.2647  +0.1257  -0.1165  +0.3027  -0.0211  -0.2464
    t+4   | +0.2482  +0.1632  -0.1629  +0.2986  -0.0067  -0.2616
[23:29:56] #  122 [bench] e2e=  992.5ms  infer=  989.2ms  cap=  3.1ms
    t+0   | +0.1606  -0.0048  -0.1007  +0.2830  +0.0982  -0.2325
    t+1   | +0.1584  +0.0089  -0.1125  +0.3059  +0.0521  -0.1045
    t+2   | +0.1790  +0.0259  -0.1276  +0.2708  +0.0000  -0.0086
    t+3   | +0.1782  +0.0500  -0.0891  +0.2292  -0.0465  +0.1142
    t+4   | +0.1653  +0.0464  -0.1049  +0.2311  -0.0603  +0.1817
[23:29:57] #  123 [bench] e2e=  973.4ms  infer=  970.4ms  cap=  2.8ms
    t+0   | +0.1192  +0.0600  -0.1218  +0.2820  +0.0378  -0.2709
    t+1   | -0.0377  +0.0955  -0.2086  +0.3065  +0.1849  -0.2661
    t+2   | +0.0119  +0.0700  -0.2144  +0.3246  +0.1777  +0.1816
    t+3   | +0.0136  +0.1223  -0.2496  +0.3597  +0.2020  +0.4144
    t+4   | +0.0644  +0.1962  -0.2853  +0.3884  +0.1603  +0.3646
[23:29:58] #  124 [bench] e2e=  996.5ms  infer=  994.1ms  cap=  2.2ms
    t+0   | +0.0660  -0.0136  -0.0927  +0.2639  -0.1089  -0.4366
    t+1   | +0.0543  +0.0868  -0.1550  +0.2992  -0.1353  -0.2402
    t+2   | +0.0974  +0.1920  -0.2149  +0.3395  -0.1331  -0.1466
    t+3   | +0.1445  +0.1771  -0.2412  +0.3632  +0.0361  -0.1596
    t+4   | +0.2059  +0.1766  -0.2775  +0.3789  -0.0063  -0.1590
[23:29:59] #  125 [bench] e2e=  981.8ms  infer=  979.3ms  cap=  2.3ms
    t+0   | +0.0341  -0.2665  +0.2821  +0.1509  +0.1253  +0.1325
    t+1   | +0.0873  -0.0760  +0.0781  +0.2724  +0.0247  +0.5811
    t+2   | +0.1050  +0.0287  -0.0356  +0.3540  +0.0583  +1.0223
    t+3   | +0.1652  +0.0491  -0.0606  +0.3960  +0.0886  +1.0353
    t+4   | +0.1816  +0.0461  -0.0528  +0.3883  +0.1149  +1.0041

  [live] after 120 bench steps — e2e mean=985.1ms  |  max replan freq=1.02 Hz  |  max control freq=5.08 Hz (n_action_steps=5)

[23:30:00] #  126 [bench] e2e=  975.6ms  infer=  973.1ms  cap=  2.3ms
    t+0   | +0.1447  -0.1488  +0.0455  +0.2075  +0.0845  -0.0975
    t+1   | +0.1405  -0.1108  +0.0282  +0.2275  +0.1112  -0.1360
    t+2   | +0.0991  +0.0152  -0.1176  +0.2759  +0.1626  -0.1588
    t+3   | +0.1365  +0.0771  -0.2698  +0.3182  +0.1839  -0.1398
    t+4   | +0.1517  +0.0358  -0.2096  +0.3006  +0.1274  -0.1675
[23:30:01] #  127 [bench] e2e=  977.8ms  infer=  974.9ms  cap=  2.7ms
    t+0   | +0.1238  +0.0810  -0.1464  +0.3175  +0.0819  -0.1586
    t+1   | +0.1132  +0.0679  -0.0925  +0.3086  +0.0732  -0.2484
    t+2   | +0.0820  -0.0001  -0.0992  +0.2178  +0.1031  -0.4926
    t+3   | +0.0008  -0.0648  -0.1018  +0.1967  +0.1213  -0.5935
    t+4   | -0.0019  -0.0662  -0.1995  +0.2374  +0.1023  -0.5165
[23:30:02] #  128 [bench] e2e=  993.8ms  infer=  990.8ms  cap=  2.9ms
    t+0   | +0.1189  -0.0709  +0.0180  +0.1677  -0.0351  -0.6732
    t+1   | +0.0945  -0.0131  +0.0081  +0.1606  -0.0022  -0.7091
    t+2   | +0.0343  +0.0249  -0.0465  +0.1533  +0.0319  -0.6973
    t+3   | -0.1600  -0.0193  -0.0483  +0.1005  +0.0658  -0.7002
    t+4   | -0.2028  -0.1130  +0.0132  +0.0648  +0.0333  -0.6144
[23:30:03] #  129 [bench] e2e=  974.0ms  infer=  971.0ms  cap=  2.8ms
    t+0   | +0.1946  +0.0363  -0.1234  +0.2713  +0.0765  +0.3136
    t+1   | +0.1650  +0.0369  -0.1284  +0.2437  +0.0875  +0.2056
    t+2   | +0.1115  +0.0195  -0.0942  +0.2105  +0.0787  +0.0164
    t+3   | +0.1054  +0.0032  -0.1024  +0.2350  +0.0895  -0.0016
    t+4   | +0.1586  +0.0203  -0.0917  +0.2746  +0.0895  +0.3062
[23:30:04] #  130 [bench] e2e=  993.9ms  infer=  990.7ms  cap=  3.0ms
    t+0   | +0.1857  +0.0468  -0.1650  +0.3425  +0.0837  -0.0543
    t+1   | +0.1742  +0.0797  -0.1707  +0.3441  +0.1077  -0.0477
    t+2   | +0.1404  +0.0745  -0.1845  +0.2991  +0.0712  -0.0650
    t+3   | +0.0928  +0.1007  -0.1950  +0.2963  +0.0484  -0.1056
    t+4   | +0.0467  +0.0988  -0.2450  +0.3009  +0.0221  -0.1626
[23:30:05] #  131 [bench] e2e=  977.3ms  infer=  974.6ms  cap=  2.5ms
    t+0   | +0.0148  +0.0617  -0.2961  +0.4360  -0.0293  -0.0008
    t+1   | +0.0126  +0.1290  -0.3190  +0.4140  -0.0496  -0.1941
    t+2   | +0.0381  +0.1139  -0.2174  +0.3219  -0.0847  -0.2233
    t+3   | -0.0043  +0.0776  -0.1120  +0.2278  -0.0646  -0.2255
    t+4   | -0.0689  +0.0608  -0.0957  +0.1982  -0.0387  -0.2802
[23:30:06] #  132 [bench] e2e=  993.4ms  infer=  991.2ms  cap=  2.0ms
    t+0   | +0.1997  +0.0685  -0.1137  +0.2902  -0.0142  +0.2444
    t+1   | +0.1478  +0.0322  -0.1053  +0.2502  -0.0328  +0.2325
    t+2   | +0.1067  +0.0356  -0.0904  +0.2452  -0.0151  +0.2153
    t+3   | +0.0888  +0.0446  -0.1134  +0.2653  +0.0282  +0.1301
    t+4   | +0.0942  +0.0781  -0.1317  +0.2776  +0.0053  +0.4648
[23:30:07] #  133 [bench] e2e=  996.7ms  infer=  994.3ms  cap=  2.3ms
    t+0   | -0.0612  -0.1634  +0.0731  +0.1480  -0.0422  -0.2331
    t+1   | -0.1163  -0.1514  +0.0499  +0.1721  +0.0159  -0.2761
    t+2   | -0.1333  -0.0952  +0.0159  +0.2073  +0.1362  -0.2338
    t+3   | -0.1414  -0.1035  +0.0360  +0.1604  +0.1334  -0.3131
    t+4   | -0.1490  -0.1505  +0.1101  +0.1116  +0.0821  -0.4770
[23:30:08] #  134 [bench] e2e=  981.7ms  infer=  979.2ms  cap=  2.3ms
    t+0   | +0.0641  -0.0098  -0.0691  +0.2366  +0.0278  -0.6028
    t+1   | -0.0329  +0.0045  -0.1171  +0.2382  +0.0349  -0.6876
    t+2   | -0.0661  +0.0394  -0.0996  +0.2674  +0.0809  -0.6358
    t+3   | -0.1017  -0.0394  -0.0703  +0.2320  +0.1585  -0.6284
    t+4   | -0.0653  -0.0892  -0.0708  +0.2317  +0.1170  -0.4103
[23:30:09] #  135 [bench] e2e=  997.0ms  infer=  994.9ms  cap=  2.0ms
    t+0   | -0.0141  -0.0416  -0.0069  +0.2325  -0.0578  -0.5133
    t+1   | -0.0222  +0.0174  -0.0268  +0.2592  -0.0570  -0.5243
    t+2   | -0.0186  -0.0107  +0.0023  +0.2674  +0.1182  -0.7077
    t+3   | +0.0746  +0.0261  -0.0239  +0.3142  +0.2297  -0.7276
    t+4   | +0.0997  +0.0082  -0.0342  +0.3162  +0.1913  -0.7156
[23:30:10] #  136 [bench] e2e=  997.8ms  infer=  995.4ms  cap=  2.2ms
    t+0   | +0.1789  +0.2284  -0.2826  +0.2778  -0.0806  -0.1380
    t+1   | +0.1484  +0.1907  -0.2745  +0.2559  -0.1036  -0.0770
    t+2   | +0.0941  +0.1170  -0.2091  +0.2097  -0.0836  -0.3553
    t+3   | +0.0853  +0.1450  -0.1971  +0.2385  -0.0164  -0.4666
    t+4   | +0.0996  +0.1570  -0.2087  +0.2836  +0.0200  -0.4047
[23:30:11] #  137 [bench] e2e=  995.7ms  infer=  993.4ms  cap=  2.1ms
    t+0   | +0.0335  +0.0044  -0.0379  +0.2680  +0.0171  -0.5054
    t+1   | +0.0365  -0.0244  -0.0088  +0.2573  -0.0482  -0.3577
    t+2   | +0.0874  -0.0636  -0.0073  +0.2516  -0.0670  -0.2742
    t+3   | +0.1157  +0.0047  -0.0903  +0.2630  +0.0898  -0.1453
    t+4   | +0.1497  +0.0295  -0.1106  +0.2884  +0.0383  +0.2563
[23:30:12] #  138 [bench] e2e=  986.3ms  infer=  983.8ms  cap=  2.2ms
    t+0   | +0.1972  +0.1683  -0.3178  +0.4495  -0.0431  +0.3308
    t+1   | +0.2370  +0.2227  -0.3555  +0.4932  -0.0369  +0.2839
    t+2   | +0.2252  +0.2836  -0.4396  +0.5193  +0.0311  +0.2363
    t+3   | +0.2333  +0.2937  -0.4136  +0.5149  +0.0315  +0.4190
    t+4   | +0.2166  +0.2695  -0.3917  +0.5240  +0.0176  +0.4020
[23:30:13] #  139 [bench] e2e=  981.2ms  infer=  978.6ms  cap=  2.5ms
    t+0   | +0.1343  +0.0085  -0.1546  +0.2476  -0.0581  -0.6094
    t+1   | +0.0363  +0.0051  -0.1723  +0.2779  -0.0513  -0.6177
    t+2   | -0.0075  +0.0045  -0.1679  +0.2964  -0.0617  -0.6220
    t+3   | -0.0237  -0.0547  -0.1143  +0.2869  -0.0122  -0.6209
    t+4   | -0.0033  -0.0965  -0.0582  +0.2345  -0.0050  -0.6349
[23:30:14] #  140 [bench] e2e=  973.3ms  infer=  970.6ms  cap=  2.5ms
    t+0   | +0.0172  -0.0317  -0.0900  +0.2597  -0.0160  +0.0737
    t+1   | -0.0205  -0.0254  -0.0854  +0.2496  +0.0002  -0.0838
    t+2   | +0.0159  -0.0045  -0.0800  +0.2631  -0.0206  -0.0920
    t+3   | -0.0120  +0.0349  -0.0746  +0.2999  +0.0468  +0.0029
    t+4   | +0.0105  +0.0384  -0.0770  +0.3290  +0.0250  +0.2660
[23:30:15] #  141 [bench] e2e=  993.2ms  infer=  990.4ms  cap=  2.6ms
    t+0   | +0.0344  -0.1072  +0.0642  +0.1735  -0.0574  -0.7109
    t+1   | +0.0664  -0.1074  +0.0405  +0.2468  +0.0766  -0.6549
    t+2   | +0.1066  -0.0197  -0.0848  +0.3074  +0.1247  -0.4484
    t+3   | +0.1215  +0.0201  -0.1432  +0.3148  +0.1724  -0.1611
    t+4   | +0.0846  +0.0764  -0.1931  +0.3021  +0.1637  -0.3640
[23:30:16] #  142 [bench] e2e=  992.0ms  infer=  989.5ms  cap=  2.3ms
    t+0   | -0.0421  -0.2141  +0.0272  +0.1790  -0.1121  -0.2087
    t+1   | -0.0407  -0.1468  -0.0240  +0.1836  -0.0742  -0.3619
    t+2   | -0.0369  -0.1570  +0.0117  +0.1309  -0.0790  -0.5500
    t+3   | -0.0053  -0.1709  +0.0507  +0.1141  -0.0642  -0.6283
    t+4   | -0.0013  -0.2016  +0.1016  +0.0719  -0.0307  -0.6862
[23:30:17] #  143 [bench] e2e=  994.8ms  infer=  992.5ms  cap=  2.2ms
    t+0   | +0.0866  +0.0710  -0.2249  +0.3402  -0.1165  +0.0776
    t+1   | +0.0860  +0.1039  -0.2681  +0.3664  -0.0671  +0.0642
    t+2   | +0.1706  +0.1519  -0.2564  +0.3829  -0.0398  +0.2100
    t+3   | +0.2082  +0.1476  -0.1978  +0.3802  -0.0067  +0.2299
    t+4   | +0.1786  +0.1593  -0.1628  +0.3878  +0.0012  +0.2642
[23:30:18] #  144 [bench] e2e=  986.6ms  infer=  984.4ms  cap=  2.0ms
    t+0   | +0.0785  -0.0264  -0.0564  +0.2791  +0.0719  -0.3278
    t+1   | +0.0318  -0.0194  -0.0534  +0.2777  +0.1145  -0.4595
    t+2   | -0.0354  +0.0256  -0.0561  +0.2765  +0.1403  -0.4977
    t+3   | -0.0253  +0.0640  -0.0787  +0.3047  +0.1346  -0.4584
    t+4   | +0.0142  +0.0774  -0.1458  +0.3230  +0.1275  -0.4564
[23:30:19] #  145 [bench] e2e=  974.8ms  infer=  972.7ms  cap=  2.0ms
    t+0   | -0.0957  +0.0497  -0.1689  +0.2968  +0.0965  -0.0977
    t+1   | -0.1131  +0.0402  -0.1453  +0.2830  +0.0314  -0.0804
    t+2   | -0.0949  +0.0769  -0.1599  +0.2814  -0.0115  -0.0000
    t+3   | -0.0600  +0.1028  -0.1754  +0.2771  -0.0144  +0.0489
    t+4   | +0.0013  +0.1361  -0.1897  +0.2902  -0.0160  +0.1142

  [live] after 140 bench steps — e2e mean=985.3ms  |  max replan freq=1.01 Hz  |  max control freq=5.07 Hz (n_action_steps=5)

[23:30:20] #  146 [bench] e2e=  986.9ms  infer=  984.7ms  cap=  2.0ms
    t+0   | +0.0879  +0.0016  -0.0624  +0.2488  +0.1284  -0.1986
    t+1   | +0.0612  -0.0132  -0.0608  +0.2351  +0.0894  -0.2390
    t+2   | +0.0558  -0.0062  -0.0996  +0.2416  +0.1008  -0.1934
    t+3   | +0.0588  +0.0294  -0.0829  +0.2487  +0.1840  -0.1927
    t+4   | +0.0289  +0.0246  -0.0827  +0.2787  +0.2314  -0.2457
[23:30:21] #  147 [bench] e2e=  989.0ms  infer=  986.8ms  cap=  2.1ms
    t+0   | +0.2144  +0.1457  -0.2855  +0.3163  -0.0207  +0.0216
    t+1   | +0.0453  +0.1813  -0.3619  +0.2932  +0.2964  -0.1333
    t+2   | +0.0549  +0.1323  -0.2967  +0.2776  +0.1599  -0.0630
    t+3   | +0.0075  +0.1086  -0.2461  +0.2851  +0.1256  +0.2266
    t+4   | +0.0053  +0.0896  -0.1981  +0.2732  +0.0655  +0.1831
[23:30:22] #  148 [bench] e2e=  978.8ms  infer=  976.5ms  cap=  2.2ms
    t+0   | +0.0106  -0.0439  -0.1173  +0.2866  +0.2443  -0.1900
    t+1   | -0.0454  -0.0722  -0.0999  +0.2558  +0.2570  -0.2293
    t+2   | +0.0188  -0.0890  -0.0808  +0.2600  +0.1803  -0.2127
    t+3   | +0.0410  -0.0674  -0.0883  +0.2905  +0.1280  -0.2334
    t+4   | +0.0449  -0.1306  -0.0566  +0.2854  +0.1043  -0.3770
[23:30:23] #  149 [bench] e2e=  988.7ms  infer=  986.0ms  cap=  2.5ms
    t+0   | +0.1047  -0.0123  -0.0412  +0.2047  +0.0121  -0.6258
    t+1   | +0.1239  +0.0825  -0.1656  +0.2397  -0.0135  -0.5554
    t+2   | +0.1397  +0.1093  -0.2310  +0.2791  +0.0106  -0.5569
    t+3   | +0.1198  +0.0391  -0.2280  +0.2579  +0.1081  -0.5317
    t+4   | +0.0856  -0.0300  -0.1572  +0.2431  +0.1020  -0.4720
[23:30:24] #  150 [bench] e2e=  994.5ms  infer=  991.9ms  cap=  2.4ms
    t+0   | +0.2916  +0.1654  -0.3504  +0.3763  +0.6144  -0.4251
    t+1   | +0.2472  +0.0749  -0.2791  +0.3374  +0.4646  -0.4521
    t+2   | +0.1996  +0.0374  -0.2312  +0.3276  +0.4512  -0.4789
    t+3   | +0.2049  +0.0612  -0.2397  +0.3567  +0.3836  -0.4189
    t+4   | +0.2180  +0.0780  -0.2782  +0.3483  +0.3512  -0.3294
[23:30:25] #  151 [bench] e2e=  997.5ms  infer=  994.6ms  cap=  2.7ms
    t+0   | -0.0379  +0.0349  -0.1678  +0.2759  +0.0362  -0.5955
    t+1   | -0.0596  +0.0236  -0.1241  +0.2512  +0.0480  -0.4574
    t+2   | -0.0477  -0.0138  -0.0887  +0.2210  +0.0424  -0.3042
    t+3   | -0.0338  -0.0023  -0.0509  +0.2308  +0.0240  -0.2972
    t+4   | -0.0261  +0.0075  -0.0877  +0.2581  +0.0414  -0.3197
[23:30:26] #  152 [bench] e2e=  996.8ms  infer=  994.5ms  cap=  2.1ms
    t+0   | +0.0255  -0.0245  -0.2717  +0.4186  +0.2609  -0.2937
    t+1   | -0.0525  +0.0118  -0.3354  +0.4702  +0.1596  -0.1232
    t+2   | -0.0636  +0.0148  -0.3359  +0.4583  +0.0752  -0.0891
    t+3   | -0.0302  +0.0066  -0.2903  +0.4537  +0.0497  -0.0360
    t+4   | +0.0202  +0.0269  -0.2727  +0.4578  +0.1188  +0.0594
[23:30:27] #  153 [bench] e2e=  997.5ms  infer=  994.8ms  cap=  2.5ms
    t+0   | +0.1248  -0.0281  -0.1646  +0.2751  +0.0354  -0.5143
    t+1   | +0.0389  +0.0656  -0.3251  +0.3368  -0.0428  -0.4260
    t+2   | +0.0762  +0.0714  -0.2827  +0.3214  -0.0627  -0.4661
    t+3   | +0.0556  +0.1026  -0.2402  +0.3314  -0.0177  -0.4831
    t+4   | -0.0014  +0.1159  -0.2688  +0.3180  -0.0319  -0.4310
[23:30:28] #  154 [bench] e2e=  996.3ms  infer=  993.0ms  cap=  3.1ms
    t+0   | -0.0243  +0.0217  -0.1978  +0.3287  +0.0348  -0.4188
    t+1   | -0.0650  +0.0226  -0.1510  +0.2920  +0.0377  -0.5777
    t+2   | -0.0736  +0.0332  -0.1389  +0.2941  +0.0175  -0.4874
    t+3   | -0.0659  +0.1312  -0.2457  +0.3390  +0.0009  -0.3607
    t+4   | -0.0092  +0.1669  -0.2873  +0.3393  -0.0220  -0.2951
[23:30:29] #  155 [bench] e2e=  997.1ms  infer=  993.7ms  cap=  3.2ms
    t+0   | +0.2260  +0.0823  -0.0611  +0.2583  +0.0687  +0.1011
    t+1   | +0.1912  +0.2612  -0.2033  +0.3080  +0.0109  +0.0526
    t+2   | +0.1729  +0.2122  -0.2270  +0.2926  -0.0590  -0.0197
    t+3   | +0.1253  +0.1655  -0.1931  +0.2929  -0.0748  +0.0000
    t+4   | +0.1031  +0.1429  -0.1725  +0.3017  -0.0538  -0.2943
[23:30:30] #  156 [bench] e2e=  978.8ms  infer=  975.9ms  cap=  2.7ms
    t+0   | +0.1532  -0.0848  -0.1411  +0.2946  -0.0956  -0.6368
    t+1   | +0.1539  -0.0999  -0.1139  +0.2837  -0.0824  -0.6488
    t+2   | +0.1337  -0.0523  -0.0753  +0.2839  -0.0803  -0.6280
    t+3   | +0.1340  -0.0420  -0.0661  +0.2512  -0.0493  -0.6679
    t+4   | +0.1338  -0.0463  -0.0426  +0.2420  -0.0412  -0.6343
[23:30:31] #  157 [bench] e2e=  985.3ms  infer=  981.6ms  cap=  3.6ms
    t+0   | +0.0257  -0.1722  -0.0140  +0.1664  +0.0262  -0.2392
    t+1   | -0.0526  -0.2040  -0.0188  +0.1142  +0.0600  -0.4088
    t+2   | -0.0579  -0.1609  -0.0389  +0.0955  +0.0396  -0.4047
    t+3   | -0.0032  -0.0518  -0.0812  +0.1470  +0.0109  -0.2744
    t+4   | +0.0264  +0.0132  -0.1080  +0.1751  +0.0237  +0.2592
[23:30:32] #  158 [bench] e2e=  995.7ms  infer=  993.2ms  cap=  2.3ms
    t+0   | +0.0219  +0.0258  -0.1323  +0.2759  -0.1062  -0.1211
    t+1   | -0.1206  -0.0052  -0.0803  +0.2537  +0.0342  -0.1496
    t+2   | -0.1200  +0.0302  -0.0898  +0.2999  +0.1038  -0.0724
    t+3   | -0.0881  +0.0378  -0.1120  +0.3222  +0.2147  +0.0389
    t+4   | -0.0154  +0.0349  -0.1467  +0.3287  +0.2404  +0.0724
[23:30:33] #  159 [bench] e2e=  976.4ms  infer=  973.6ms  cap=  2.6ms
    t+0   | +0.2122  +0.1588  -0.1906  +0.2611  +0.0273  -0.1728
    t+1   | +0.1394  +0.1195  -0.2496  +0.2521  +0.0070  -0.1561
    t+2   | +0.0861  +0.1141  -0.2684  +0.2627  +0.0220  -0.3904
    t+3   | +0.0336  +0.0834  -0.2195  +0.2554  +0.0153  -0.5688
    t+4   | -0.0474  +0.0553  -0.2176  +0.2551  -0.0013  -0.5394
[23:30:34] #  160 [bench] e2e=  990.4ms  infer=  987.7ms  cap=  2.5ms
    t+0   | +0.1589  +0.0854  -0.1273  +0.3031  +0.2094  +0.0988
    t+1   | +0.1722  +0.0668  -0.1474  +0.2744  +0.2361  -0.0562
    t+2   | +0.1396  +0.0720  -0.1082  +0.2824  +0.2728  -0.1597
    t+3   | +0.1553  +0.0730  -0.1093  +0.2882  +0.1725  -0.1029
    t+4   | +0.1149  +0.0783  -0.0691  +0.2758  +0.1841  -0.1943
[23:30:35] #  161 [bench] e2e=  974.6ms  infer=  971.6ms  cap=  2.8ms
    t+0   | +0.1119  +0.1546  -0.1915  +0.2977  -0.0825  -0.3166
    t+1   | +0.1356  +0.1518  -0.1413  +0.2748  +0.0362  -0.3358
    t+2   | +0.1921  +0.1282  -0.1501  +0.2567  +0.0754  -0.3191
    t+3   | +0.2274  +0.1241  -0.1382  +0.2770  +0.0593  -0.2653
    t+4   | +0.2656  +0.1712  -0.1725  +0.3148  +0.1202  -0.1854
[23:30:36] #  162 [bench] e2e= 1003.1ms  infer= 1000.1ms  cap=  2.9ms
    t+0   | +0.2707  +0.1466  -0.1927  +0.3463  -0.0846  -0.0267
    t+1   | +0.2420  +0.1365  -0.2010  +0.3375  -0.0530  -0.1127
    t+2   | +0.2122  +0.1367  -0.2010  +0.3526  -0.0339  -0.1623
    t+3   | +0.1990  +0.1136  -0.1953  +0.3430  -0.0527  -0.0784
    t+4   | +0.1958  +0.1347  -0.2059  +0.3233  -0.0751  -0.0455
[23:30:37] #  163 [bench] e2e=  995.7ms  infer=  993.4ms  cap=  2.1ms
    t+0   | -0.2260  -0.0566  -0.0337  +0.1912  +0.1580  -0.4238
    t+1   | -0.1599  -0.0034  -0.1353  +0.2284  +0.0930  -0.3279
    t+2   | -0.1981  +0.1132  -0.2611  +0.2580  +0.0647  -0.3371
    t+3   | -0.2323  +0.2178  -0.3121  +0.2828  +0.0581  -0.3430
    t+4   | -0.1974  +0.1582  -0.2430  +0.2644  +0.0561  -0.4997
[23:30:38] #  164 [bench] e2e=  983.0ms  infer=  980.7ms  cap=  2.2ms
    t+0   | +0.0903  +0.0741  -0.2078  +0.3175  +0.1677  -0.5887
    t+1   | +0.0714  +0.0494  -0.1860  +0.2679  +0.1610  -0.5268
    t+2   | +0.0566  +0.0406  -0.1920  +0.2139  +0.1288  -0.4453
    t+3   | +0.0197  +0.0555  -0.1883  +0.1926  +0.1122  -0.4017
    t+4   | -0.0188  +0.1081  -0.1772  +0.1921  +0.1337  -0.3880
[23:30:39] #  165 [bench] e2e=  992.4ms  infer=  989.6ms  cap=  2.6ms
    t+0   | +0.0468  -0.0656  -0.0478  +0.2073  +0.0968  -0.4275
    t+1   | +0.0720  -0.0372  -0.1001  +0.2353  +0.1087  -0.3251
    t+2   | +0.0918  -0.0171  -0.1591  +0.2873  +0.1808  -0.2271
    t+3   | +0.0788  +0.0228  -0.1779  +0.2803  +0.2191  -0.3015
    t+4   | +0.0815  +0.0462  -0.1797  +0.2621  +0.3076  -0.4795

  [live] after 160 bench steps — e2e mean=985.9ms  |  max replan freq=1.01 Hz  |  max control freq=5.07 Hz (n_action_steps=5)

[23:30:40] #  166 [bench] e2e=  979.9ms  infer=  977.1ms  cap=  2.6ms
    t+0   | +0.3931  +0.3432  -0.4740  +0.4682  +0.1897  -0.2677
    t+1   | +0.3179  +0.2693  -0.3692  +0.4014  +0.2099  -0.2639
    t+2   | +0.2747  +0.1966  -0.2770  +0.3242  +0.1611  -0.2375
    t+3   | +0.2403  +0.1852  -0.2290  +0.3148  +0.1220  -0.2828
    t+4   | +0.2136  +0.1652  -0.2027  +0.3281  +0.0955  -0.2980
[23:30:41] #  167 [bench] e2e=  993.8ms  infer=  990.9ms  cap=  2.7ms
    t+0   | +0.0649  -0.0951  -0.0674  +0.2185  +0.0932  -0.1510
    t+1   | +0.0789  -0.0337  -0.1459  +0.2102  +0.0865  +0.0444
    t+2   | +0.1165  +0.0217  -0.1643  +0.2372  +0.0341  +0.0989
    t+3   | +0.1228  +0.0273  -0.1457  +0.2553  -0.0168  +0.0106
    t+4   | +0.1488  +0.0781  -0.1564  +0.2618  -0.0312  -0.0508
[23:30:42] #  168 [bench] e2e= 1034.8ms  infer= 1032.5ms  cap=  2.1ms
    t+0   | +0.1667  +0.1042  -0.1686  +0.3183  +0.1092  +0.0476
    t+1   | +0.2004  +0.0850  -0.1865  +0.3075  +0.0688  -0.0419
    t+2   | +0.1954  +0.0270  -0.1742  +0.2668  +0.0090  -0.1060
    t+3   | +0.1499  +0.0071  -0.1716  +0.2595  -0.0551  -0.1311
    t+4   | +0.1285  +0.0163  -0.1576  +0.2846  -0.0611  -0.1743
[23:30:43] #  169 [bench] e2e=  999.0ms  infer=  995.9ms  cap=  2.9ms
    t+0   | +0.2017  +0.1059  -0.1493  +0.2620  +0.0547  -0.1270
    t+1   | +0.1600  +0.1126  -0.1730  +0.2227  +0.1129  -0.1258
    t+2   | +0.1346  +0.1210  -0.1863  +0.2595  +0.2485  -0.0051
    t+3   | +0.1447  +0.1121  -0.1949  +0.2646  +0.2599  -0.0146
    t+4   | +0.0653  +0.0946  -0.1844  +0.2866  +0.2490  -0.0723
[23:30:44] #  170 [bench] e2e=  982.2ms  infer=  979.5ms  cap=  2.6ms
    t+0   | -0.1615  -0.2931  +0.2266  +0.0170  +0.0465  -0.4684
    t+1   | -0.0840  -0.2341  +0.1046  +0.0748  +0.0423  -0.3762
    t+2   | -0.0327  -0.2029  -0.0281  +0.1478  +0.0734  -0.3093
    t+3   | -0.0282  -0.1977  -0.0924  +0.1744  +0.0772  -0.3306
    t+4   | +0.0119  -0.1515  -0.1528  +0.2341  +0.0298  -0.3153
[23:30:45] #  171 [bench] e2e=  980.7ms  infer=  977.8ms  cap=  2.6ms
    t+0   | +0.0685  -0.1054  +0.0273  +0.2075  +0.1593  -0.1987
    t+1   | +0.0935  +0.0080  -0.0557  +0.2867  +0.2155  +0.3604
    t+2   | +0.0686  +0.0841  -0.1009  +0.3162  +0.2020  +0.0486
    t+3   | +0.0738  +0.1045  -0.1187  +0.3311  +0.1516  +0.0084
    t+4   | +0.0191  +0.0888  -0.1383  +0.3327  +0.1413  -0.1579
[23:30:46] #  172 [bench] e2e=  983.4ms  infer=  981.1ms  cap=  2.2ms
    t+0   | +0.0340  +0.0235  -0.1039  +0.2049  -0.0135  -0.5351
    t+1   | +0.0933  +0.0551  -0.1340  +0.2135  -0.0032  -0.4647
    t+2   | +0.0672  +0.1558  -0.1765  +0.2469  -0.0138  -0.3866
    t+3   | +0.0657  +0.1720  -0.2136  +0.2335  -0.0131  -0.3474
    t+4   | +0.0663  +0.1335  -0.2067  +0.2758  -0.0190  -0.3143
[23:30:47] #  173 [bench] e2e=  979.4ms  infer=  976.9ms  cap=  2.3ms
    t+0   | +0.1156  -0.1116  +0.0401  +0.2149  +0.1476  -0.1800
    t+1   | +0.0165  -0.1211  +0.0289  +0.2428  +0.0998  -0.3032
    t+2   | -0.0839  -0.0580  -0.1239  +0.2929  +0.1046  -0.2668
    t+3   | -0.0226  -0.0108  -0.1586  +0.2926  +0.1205  -0.2016
    t+4   | +0.0268  +0.0075  -0.1313  +0.2856  +0.1455  -0.1628
[23:30:48] #  174 [bench] e2e=  992.3ms  infer=  989.1ms  cap=  3.0ms
    t+0   | +0.0739  -0.0031  -0.0400  +0.2804  +0.0954  +0.0456
    t+1   | +0.1009  +0.0199  -0.0480  +0.2923  +0.1328  -0.0018
    t+2   | +0.0759  +0.0905  -0.0655  +0.3180  +0.1109  +0.1052
    t+3   | +0.1059  +0.1187  -0.1033  +0.3461  +0.0862  +0.2316
    t+4   | +0.0996  +0.1349  -0.1231  +0.3444  +0.0215  +0.0866
[23:30:49] #  175 [bench] e2e=  993.3ms  infer=  990.7ms  cap=  2.4ms
    t+0   | +0.0149  +0.0207  -0.0730  +0.2456  +0.0013  -0.4793
    t+1   | +0.0218  +0.0908  -0.1189  +0.2856  +0.0077  -0.3551
    t+2   | +0.0621  +0.1285  -0.1707  +0.3052  +0.0998  -0.2593
    t+3   | +0.2076  +0.1708  -0.1980  +0.3667  +0.1823  -0.3073
    t+4   | +0.3079  +0.2176  -0.2359  +0.4102  +0.2015  -0.2858
[23:30:50] #  176 [bench] e2e=  990.6ms  infer=  988.4ms  cap=  2.1ms
    t+0   | +0.0725  +0.0636  -0.1317  +0.2726  +0.0563  -0.0871
    t+1   | -0.0165  +0.1061  -0.1820  +0.2985  +0.1790  -0.0268
    t+2   | -0.0441  +0.1349  -0.2369  +0.3261  +0.1665  +0.0290
    t+3   | +0.0051  +0.1479  -0.2435  +0.3395  +0.1166  +0.0068
    t+4   | -0.0145  +0.1338  -0.2454  +0.3154  +0.0929  -0.0408
[23:30:51] #  177 [bench] e2e=  977.7ms  infer=  974.7ms  cap=  2.8ms
    t+0   | +0.0940  +0.0591  -0.0955  +0.2935  +0.3257  +0.2332
    t+1   | +0.1232  +0.0798  -0.1037  +0.2972  +0.2689  +0.3740
    t+2   | +0.0303  +0.0471  -0.0884  +0.2728  +0.2626  +0.2303
    t+3   | -0.0391  +0.0406  -0.0911  +0.2578  +0.1985  +0.1356
    t+4   | -0.0931  +0.0486  -0.0900  +0.2398  +0.1778  -0.1274
[23:30:52] #  178 [bench] e2e=  973.0ms  infer=  970.4ms  cap=  2.4ms
    t+0   | -0.1750  +0.0244  -0.1200  +0.1938  +0.3135  -0.1640
    t+1   | -0.1365  +0.0391  -0.2091  +0.2524  +0.2479  -0.1798
    t+2   | -0.0338  +0.0300  -0.2149  +0.3063  +0.1208  -0.1628
    t+3   | -0.0924  +0.0095  -0.1723  +0.2776  +0.0942  -0.2139
    t+4   | -0.0801  -0.0281  -0.1386  +0.2416  +0.0006  -0.2836
[23:30:53] #  179 [bench] e2e=  987.0ms  infer=  984.6ms  cap=  2.3ms
    t+0   | +0.1149  -0.1032  -0.0286  +0.2236  -0.0755  -0.4101
    t+1   | +0.1048  -0.0825  -0.0446  +0.2183  -0.0165  -0.5357
    t+2   | +0.1115  -0.0173  -0.0610  +0.2335  +0.0543  -0.4536
    t+3   | +0.1364  -0.0183  -0.0378  +0.2092  +0.1048  -0.3921
    t+4   | +0.0911  -0.0475  -0.0352  +0.2008  +0.0650  -0.1894
[23:30:54] #  180 [bench] e2e=  993.9ms  infer=  991.4ms  cap=  2.4ms
    t+0   | +0.0030  +0.0110  -0.1936  +0.2914  +0.0494  -0.2045
    t+1   | -0.0114  -0.0288  -0.1660  +0.2550  +0.0233  -0.6696
    t+2   | +0.0523  +0.0296  -0.1623  +0.2908  +0.0642  -0.6217
    t+3   | +0.0524  +0.1127  -0.1938  +0.3116  +0.1451  -0.6347
    t+4   | +0.0480  +0.1428  -0.2471  +0.3055  +0.1256  -0.3848
[23:30:54] #  181 [bench] e2e=  979.7ms  infer=  976.8ms  cap=  2.7ms
    t+0   | +0.1692  +0.0960  -0.1424  +0.2623  +0.1868  -0.0095
    t+1   | +0.1800  +0.1500  -0.2685  +0.3002  +0.1672  +0.1491
    t+2   | +0.2130  +0.1532  -0.3444  +0.3393  +0.0977  +0.1756
    t+3   | +0.2492  +0.1404  -0.3270  +0.3354  -0.0285  +0.2497
    t+4   | +0.2634  +0.1369  -0.2747  +0.3431  -0.0555  +0.3092
[23:30:55] #  182 [bench] e2e=  994.7ms  infer=  991.9ms  cap=  2.6ms
    t+0   | +0.1611  +0.1274  -0.1891  +0.2831  +0.2050  -0.1246
    t+1   | +0.1869  +0.1642  -0.2227  +0.2864  +0.1081  -0.0421
    t+2   | +0.1370  +0.1595  -0.2009  +0.2872  +0.0558  -0.0798
    t+3   | +0.0905  +0.1573  -0.1883  +0.2638  +0.0631  -0.0960
    t+4   | +0.0949  +0.1754  -0.1581  +0.2739  +0.1067  -0.1558
[23:30:57] #  183 [bench] e2e= 1007.2ms  infer= 1004.6ms  cap=  2.4ms
    t+0   | +0.1524  +0.0240  -0.1205  +0.2460  -0.0182  -0.2234
    t+1   | +0.1194  +0.0412  -0.1096  +0.2173  +0.0323  -0.2335
    t+2   | +0.0989  +0.0070  -0.0068  +0.1831  +0.0804  -0.2876
    t+3   | +0.1121  -0.0330  +0.0090  +0.1986  +0.0762  -0.2196
    t+4   | +0.1182  -0.0137  -0.0027  +0.2188  +0.0392  -0.1819
[23:30:57] #  184 [bench] e2e=  985.6ms  infer=  982.5ms  cap=  2.8ms
    t+0   | +0.1809  +0.1303  -0.1883  +0.2576  +0.1070  -0.2918
    t+1   | +0.1480  +0.0947  -0.1955  +0.2315  +0.0578  -0.1228
    t+2   | +0.1362  +0.0916  -0.2320  +0.2313  +0.0798  +0.1114
    t+3   | +0.1126  +0.0493  -0.1822  +0.2406  +0.0144  -0.0040
    t+4   | +0.0792  +0.0057  -0.1435  +0.2159  -0.0431  -0.0299
[23:30:58] #  185 [bench] e2e=  988.4ms  infer=  983.5ms  cap=  4.7ms
    t+0   | +0.0684  -0.0688  -0.0375  +0.2159  +0.0115  -0.2628
    t+1   | -0.1114  -0.1211  -0.0073  +0.1665  +0.0257  -0.2884
    t+2   | -0.1585  -0.0642  -0.0412  +0.1713  +0.0175  -0.3504
    t+3   | -0.1095  -0.0761  -0.0818  +0.1651  +0.0157  -0.4801
    t+4   | -0.0609  -0.0146  -0.0936  +0.2138  -0.0132  -0.5315

  [live] after 180 bench steps — e2e mean=986.3ms  |  max replan freq=1.01 Hz  |  max control freq=5.07 Hz (n_action_steps=5)

[23:30:59] #  186 [bench] e2e=  990.1ms  infer=  986.6ms  cap=  3.3ms
    t+0   | +0.2018  +0.0346  -0.1824  +0.3526  +0.1483  -0.2438
    t+1   | +0.1873  +0.0994  -0.2091  +0.3407  +0.1952  -0.3109
    t+2   | +0.1651  +0.1185  -0.2038  +0.3149  +0.1140  -0.2762
    t+3   | +0.1182  +0.1526  -0.2128  +0.3103  +0.1304  -0.2970
    t+4   | +0.1396  +0.1188  -0.1960  +0.2938  +0.0985  -0.1905
[23:31:00] #  187 [bench] e2e=  975.7ms  infer=  971.3ms  cap=  4.3ms
    t+0   | +0.1515  +0.0933  -0.1923  +0.2913  +0.2419  -0.1717
    t+1   | +0.1674  +0.1198  -0.1685  +0.2534  +0.2090  +0.0085
    t+2   | +0.1440  +0.1357  -0.1406  +0.2311  +0.1944  +0.0458
    t+3   | +0.1620  +0.1319  -0.1735  +0.2256  +0.1410  +0.1897
    t+4   | +0.1564  +0.1618  -0.1906  +0.2428  +0.1152  +0.2669
[23:31:01] #  188 [bench] e2e=  994.9ms  infer=  991.1ms  cap=  3.7ms
    t+0   | +0.0234  +0.1328  -0.5822  +0.4201  +0.1097  -0.4154
    t+1   | +0.1003  +0.0715  -0.3654  +0.3436  +0.0521  -0.4408
    t+2   | +0.0948  +0.0651  -0.2991  +0.3238  +0.0687  -0.5658
    t+3   | +0.0800  -0.0267  -0.1267  +0.2751  +0.1846  -0.5260
    t+4   | +0.1221  -0.0235  -0.1324  +0.2880  +0.1877  -0.4105
[23:31:02] #  189 [bench] e2e=  978.5ms  infer=  975.7ms  cap=  2.6ms
    t+0   | +0.1859  +0.1553  -0.2196  +0.3569  +0.1375  -0.3857
    t+1   | +0.1380  +0.1350  -0.1772  +0.3373  +0.1824  -0.3490
    t+2   | +0.0516  +0.0264  -0.1201  +0.2689  +0.1462  -0.3825
    t+3   | +0.0000  +0.0114  -0.1781  +0.2782  +0.1128  -0.3950
    t+4   | -0.0517  +0.0286  -0.2256  +0.3207  +0.0637  -0.3426
[23:31:03] #  190 [bench] e2e=  971.9ms  infer=  969.0ms  cap=  2.6ms
    t+0   | +0.1158  +0.0475  -0.1314  +0.3209  +0.0146  -0.0886
    t+1   | -0.0040  +0.0215  -0.1083  +0.2764  -0.0058  -0.5743
    t+2   | -0.0533  +0.0269  -0.1339  +0.2370  -0.0143  -0.6168
    t+3   | -0.0742  +0.0331  -0.1343  +0.2213  -0.0128  -0.6620
    t+4   | -0.0736  +0.0506  -0.2008  +0.2536  -0.0135  -0.6795
[23:31:04] #  191 [bench] e2e=  996.0ms  infer=  993.7ms  cap=  2.1ms
    t+0   | +0.0939  +0.3033  -0.4817  +0.3375  +0.2089  -0.7187
    t+1   | +0.0671  +0.2420  -0.4312  +0.3525  +0.2977  -0.7416
    t+2   | +0.1065  +0.1871  -0.3118  +0.3470  +0.3849  -0.7169
    t+3   | +0.1467  +0.0907  -0.2143  +0.3130  +0.3642  -0.7137
    t+4   | +0.2239  +0.0826  -0.0723  +0.2726  +0.3700  -0.7485
[23:31:05] #  192 [bench] e2e=  976.6ms  infer=  974.1ms  cap=  2.3ms
    t+0   | +0.1412  +0.0379  -0.2829  +0.3905  +0.0748  -0.1433
    t+1   | +0.0365  +0.0270  -0.2519  +0.3686  +0.1138  -0.3614
    t+2   | -0.0143  -0.0101  -0.2062  +0.3501  +0.1230  -0.4692
    t+3   | +0.0190  -0.0257  -0.1951  +0.3265  +0.1657  -0.3907
    t+4   | +0.0441  +0.0260  -0.2134  +0.3548  +0.2258  -0.2976
[23:31:06] #  193 [bench] e2e=  970.9ms  infer=  968.6ms  cap=  2.1ms
    t+0   | +0.1875  +0.0028  -0.1112  +0.3014  -0.0863  +0.0911
    t+1   | +0.1539  -0.0435  -0.0599  +0.2819  -0.0773  +0.1392
    t+2   | +0.1308  -0.0446  -0.0763  +0.2814  -0.0915  +0.1777
    t+3   | +0.0735  -0.0074  -0.1153  +0.2674  -0.0951  +0.1138
    t+4   | +0.0050  +0.0381  -0.1601  +0.2615  -0.0703  +0.0571
[23:31:07] #  194 [bench] e2e=  973.2ms  infer=  970.7ms  cap=  2.4ms
    t+0   | +0.2481  +0.2714  -0.2792  +0.3580  -0.1329  +0.3301
    t+1   | +0.1666  +0.3255  -0.2966  +0.3345  -0.1624  +0.3603
    t+2   | +0.0713  +0.3707  -0.3378  +0.2932  -0.1695  +0.3255
    t+3   | +0.0862  +0.3844  -0.2952  +0.3240  -0.1655  +0.1900
    t+4   | +0.0601  +0.3987  -0.2713  +0.3295  -0.1093  +0.0929
[23:31:08] #  195 [bench] e2e=  970.9ms  infer=  968.2ms  cap=  2.6ms
    t+0   | -0.0870  +0.0137  -0.3461  +0.3191  -0.2933  -0.2052
    t+1   | -0.0899  -0.0273  -0.2621  +0.2761  -0.1279  -0.2600
    t+2   | -0.1225  -0.0371  -0.1975  +0.2289  -0.1209  -0.2607
    t+3   | -0.1170  -0.0218  -0.1826  +0.1967  -0.1032  -0.2356
    t+4   | -0.1772  +0.0164  -0.2132  +0.2330  -0.1257  -0.2318
[23:31:09] #  196 [bench] e2e=  992.0ms  infer=  988.6ms  cap=  3.2ms
    t+0   | +0.0699  -0.1123  +0.0391  +0.1249  +0.0306  -0.6834
    t+1   | +0.0315  -0.1064  -0.0097  +0.1300  +0.0398  -0.6819
    t+2   | -0.0208  -0.0641  -0.1016  +0.1325  +0.0850  -0.6602
    t+3   | -0.0346  +0.0013  -0.1332  +0.1380  +0.0584  -0.6454
    t+4   | -0.0410  +0.0531  -0.1783  +0.1490  +0.0548  -0.6102
[23:31:10] #  197 [bench] e2e= 1024.2ms  infer= 1021.6ms  cap=  2.5ms
    t+0   | -0.2152  -0.1710  -0.0368  +0.1673  +0.1565  -0.4330
    t+1   | -0.2122  -0.0647  -0.1092  +0.1862  +0.1072  -0.3909
    t+2   | -0.1937  -0.0535  -0.1105  +0.1954  +0.1015  -0.3500
    t+3   | -0.1357  -0.0174  -0.1201  +0.2675  +0.0806  -0.2686
    t+4   | -0.0659  +0.0222  -0.1550  +0.3361  +0.1332  -0.0817
[23:31:11] #  198 [bench] e2e=  978.5ms  infer=  975.7ms  cap=  2.6ms
    t+0   | -0.1133  +0.0457  -0.1954  +0.2907  +0.3070  -0.0753
    t+1   | -0.0616  +0.1487  -0.2351  +0.3043  +0.3675  +0.0067
    t+2   | -0.0547  +0.1299  -0.2078  +0.2924  +0.2346  +0.0036
    t+3   | -0.1588  +0.1156  -0.2281  +0.2968  +0.1590  -0.0318
    t+4   | -0.1644  +0.1425  -0.2927  +0.3044  +0.0504  +0.0602
[23:31:12] #  199 [bench] e2e=  988.3ms  infer=  985.4ms  cap=  2.7ms
    t+0   | +0.2153  +0.1406  -0.1850  +0.3174  +0.1812  +0.0662
    t+1   | +0.1697  +0.0724  -0.1419  +0.2938  +0.1752  -0.0238
    t+2   | +0.1515  +0.0317  -0.0766  +0.3099  +0.2693  -0.0968
    t+3   | +0.1494  +0.0549  -0.0508  +0.3243  +0.3090  -0.1629
    t+4   | +0.1157  +0.0371  -0.0364  +0.2938  +0.2696  -0.1943
[23:31:13] #  200 [bench] e2e=  990.6ms  infer=  988.0ms  cap=  2.4ms
    t+0   | +0.1381  +0.0944  -0.2502  +0.3404  -0.0071  -0.2969
    t+1   | +0.0477  +0.0936  -0.2455  +0.2983  +0.0341  -0.4348
    t+2   | -0.0417  +0.1972  -0.2856  +0.2927  +0.0335  -0.4755
    t+3   | -0.0518  +0.2007  -0.3053  +0.2858  -0.0149  -0.4220
    t+4   | -0.0665  +0.1997  -0.2786  +0.2950  -0.0278  -0.4174
[23:31:14] #  201 [bench] e2e=  973.6ms  infer=  970.2ms  cap=  3.2ms
    t+0   | +0.0053  +0.0835  -0.3551  +0.4054  +0.3779  -0.1814
    t+1   | +0.0724  +0.0432  -0.2794  +0.3529  +0.1896  -0.1380
    t+2   | +0.1077  +0.0460  -0.2413  +0.3355  +0.0793  -0.2578
    t+3   | +0.1373  +0.0762  -0.2339  +0.3267  +0.0150  -0.2822
    t+4   | +0.1102  +0.0822  -0.2339  +0.3417  +0.0481  -0.2545
[23:31:15] #  202 [bench] e2e=  988.8ms  infer=  985.8ms  cap=  2.8ms
    t+0   | +0.1691  +0.0508  -0.1606  +0.3265  +0.0252  +0.3630
    t+1   | +0.1409  -0.0228  -0.0970  +0.2957  +0.1199  +0.0381
    t+2   | +0.1878  -0.0432  -0.0758  +0.3055  +0.1492  -0.1475
    t+3   | +0.2314  -0.0432  -0.0993  +0.3409  +0.3167  -0.3622
    t+4   | +0.2233  -0.0181  -0.1485  +0.3586  +0.1942  -0.4804
[23:31:16] #  203 [bench] e2e=  972.0ms  infer=  969.0ms  cap=  2.8ms
    t+0   | +0.1911  +0.1305  -0.0791  +0.2488  +0.0331  -0.0503
    t+1   | +0.0921  +0.1414  -0.0647  +0.2518  +0.1005  -0.1106
    t+2   | +0.0633  +0.1208  -0.0536  +0.2558  +0.0660  -0.4357
    t+3   | +0.0587  +0.1410  -0.1323  +0.3152  -0.0197  -0.5337
    t+4   | +0.1233  +0.1762  -0.2090  +0.3599  -0.0425  -0.4919
[23:31:17] #  204 [bench] e2e=  978.9ms  infer=  976.2ms  cap=  2.5ms
    t+0   | +0.1850  -0.0299  +0.0364  +0.1832  +0.1343  -0.5524
    t+1   | +0.2122  +0.0869  -0.0684  +0.2283  +0.1462  -0.3736
    t+2   | +0.2071  +0.1139  -0.1217  +0.2296  +0.2728  -0.2994
    t+3   | +0.2050  +0.1252  -0.1411  +0.2416  +0.2562  -0.0894
    t+4   | +0.2029  +0.0911  -0.1331  +0.2186  +0.2167  -0.1147
[23:31:18] #  205 [bench] e2e=  977.3ms  infer=  974.8ms  cap=  2.3ms
    t+0   | +0.0362  -0.0181  -0.0574  +0.2813  +0.1359  -0.0808
    t+1   | -0.0402  +0.0506  -0.1130  +0.2931  +0.2471  -0.1734
    t+2   | -0.0130  +0.0301  -0.0994  +0.2397  +0.2731  -0.2160
    t+3   | +0.0234  +0.0276  -0.1057  +0.2472  +0.2303  -0.2292
    t+4   | +0.0371  +0.0463  -0.1134  +0.2622  +0.1750  -0.2009

  [live] after 200 bench steps — e2e mean=986.0ms  |  max replan freq=1.01 Hz  |  max control freq=5.07 Hz (n_action_steps=5)

[23:31:19] #  206 [bench] e2e=  979.9ms  infer=  977.0ms  cap=  2.7ms
    t+0   | +0.0211  +0.0723  -0.2530  +0.3355  -0.0446  +0.0245
    t+1   | -0.0677  +0.0453  -0.2280  +0.2767  -0.1167  -0.1135
    t+2   | -0.0714  +0.0390  -0.1277  +0.2654  -0.0460  -0.1895
    t+3   | -0.0388  -0.0133  -0.0775  +0.2179  -0.0572  -0.2852
    t+4   | -0.0646  +0.0081  -0.0424  +0.2259  -0.1143  -0.3507
[23:31:20] #  207 [bench] e2e=  994.4ms  infer=  991.4ms  cap=  2.8ms
    t+0   | +0.0388  -0.0291  +0.0060  +0.2269  +0.0478  +0.0347
    t+1   | -0.0100  +0.0111  -0.0435  +0.2757  +0.0176  -0.0978
    t+2   | -0.0464  +0.0135  -0.1105  +0.2687  -0.0181  -0.2419
    t+3   | -0.0311  -0.0488  -0.1246  +0.2458  -0.0306  -0.2758
    t+4   | +0.0156  -0.0199  -0.1440  +0.2713  -0.0263  -0.2493
[23:31:21] #  208 [bench] e2e=  986.9ms  infer=  983.9ms  cap=  2.7ms
    t+0   | +0.2428  +0.0750  -0.0859  +0.2746  +0.0622  -0.5718
    t+1   | +0.2475  +0.1228  -0.1996  +0.3289  +0.0306  -0.0338
    t+2   | +0.2617  +0.1188  -0.2571  +0.3333  +0.0302  +0.0362
    t+3   | +0.3091  +0.1576  -0.3024  +0.3363  +0.0486  +0.0783
    t+4   | +0.3038  +0.2220  -0.3352  +0.3575  +0.1221  +0.1247
[23:31:22] #  209 [bench] e2e=  977.3ms  infer=  974.4ms  cap=  2.7ms
    t+0   | +0.1451  +0.1346  -0.1620  +0.2680  -0.0485  +0.0418
    t+1   | +0.1481  +0.1063  -0.1336  +0.2676  +0.0631  +0.0470
    t+2   | +0.1438  +0.1032  -0.1375  +0.2588  +0.1263  -0.2766
    t+3   | +0.1424  +0.1130  -0.1573  +0.2546  +0.2194  -0.4552
    t+4   | +0.1670  +0.0982  -0.1675  +0.2063  +0.2116  -0.5107
[23:31:23] #  210 [bench] e2e=  993.5ms  infer=  990.2ms  cap=  3.1ms
    t+0   | +0.1472  +0.1614  -0.1962  +0.2980  -0.0563  -0.1056
    t+1   | +0.1143  +0.2647  -0.2890  +0.3506  +0.0045  +0.1957
    t+2   | +0.1409  +0.2879  -0.3253  +0.3768  +0.0863  +0.2887
    t+3   | +0.1304  +0.2568  -0.3122  +0.3835  +0.1616  +0.3557
    t+4   | +0.1120  +0.2079  -0.2932  +0.3704  +0.1931  +0.3158
[23:31:24] #  211 [bench] e2e=  976.5ms  infer=  973.1ms  cap=  3.3ms
    t+0   | +0.2461  +0.1564  -0.0837  +0.2534  +0.2127  -0.4641
    t+1   | +0.2027  +0.2118  -0.1387  +0.2549  +0.2608  -0.5723
    t+2   | +0.1913  +0.2097  -0.2329  +0.2885  +0.1798  -0.3565
    t+3   | +0.1215  +0.1057  -0.1835  +0.2716  +0.2338  -0.1099
    t+4   | +0.0796  +0.0390  -0.1246  +0.2479  +0.2637  -0.1874
[23:31:25] #  212 [bench] e2e=  976.1ms  infer=  973.3ms  cap=  2.6ms
    t+0   | +0.0723  +0.0092  -0.1282  +0.2628  -0.0580  -0.5680
    t+1   | +0.0319  +0.0161  -0.1551  +0.2614  -0.1146  -0.6067
    t+2   | -0.0141  +0.0363  -0.2044  +0.2694  -0.1376  -0.6494
    t+3   | +0.0000  +0.1021  -0.3272  +0.3274  -0.1615  -0.6641
    t+4   | +0.0275  +0.1702  -0.3395  +0.3456  -0.0834  -0.6377
[23:31:26] #  213 [bench] e2e=  994.0ms  infer=  989.6ms  cap=  4.3ms
    t+0   | +0.0499  +0.0827  -0.0770  +0.2589  +0.1091  +0.0381
    t+1   | -0.0173  +0.0335  -0.1277  +0.2703  -0.0362  -0.1462
    t+2   | +0.0005  -0.0215  -0.1153  +0.2581  -0.0609  -0.3127
    t+3   | -0.0215  -0.0630  -0.0270  +0.2559  -0.0506  -0.4889
    t+4   | -0.0409  -0.0930  -0.0008  +0.2552  -0.0693  -0.3240
[23:31:27] #  214 [bench] e2e=  977.3ms  infer=  974.6ms  cap=  2.5ms
    t+0   | +0.1851  +0.0456  -0.0718  +0.2582  +0.0591  -0.0714
    t+1   | +0.1489  +0.0508  -0.0700  +0.2544  +0.0874  -0.1364
    t+2   | +0.0954  +0.0154  -0.0103  +0.2525  +0.6765  -0.1172
    t+3   | +0.0942  +0.0088  -0.0614  +0.2535  +0.4245  -0.2047
    t+4   | +0.0730  +0.0247  -0.1293  +0.2854  +0.4618  -0.3463
[23:31:28] #  215 [bench] e2e=  981.0ms  infer=  976.7ms  cap=  4.0ms
    t+0   | -0.0409  +0.0118  -0.2188  +0.2634  +0.0128  -0.4631
    t+1   | +0.0339  +0.0721  -0.2378  +0.2751  +0.0008  -0.2528
    t+2   | +0.0925  +0.1292  -0.2170  +0.3039  -0.0172  -0.2285
    t+3   | -0.0001  +0.1366  -0.2411  +0.2970  -0.0566  -0.2969
    t+4   | -0.0397  +0.1076  -0.2176  +0.2886  -0.0853  -0.3471
[23:31:29] #  216 [bench] e2e=  973.5ms  infer=  970.3ms  cap=  3.0ms
    t+0   | +0.0088  -0.1074  +0.0152  +0.1514  -0.0134  -0.4115
    t+1   | -0.0012  +0.0408  -0.0320  +0.1510  +0.1211  -0.3418
    t+2   | +0.0204  +0.0996  -0.0630  +0.1771  +0.1314  -0.2810
    t+3   | +0.0492  +0.1113  -0.0886  +0.2166  +0.1478  -0.2453
    t+4   | +0.0442  +0.1402  -0.0937  +0.1987  +0.1443  -0.1996
[23:31:30] #  217 [bench] e2e=  971.1ms  infer=  968.6ms  cap=  2.4ms
    t+0   | +0.0470  +0.0013  -0.0326  +0.2825  +0.3788  -0.3884
    t+1   | -0.0055  -0.0428  -0.0218  +0.2452  +0.2995  -0.3759
    t+2   | -0.0547  -0.0509  -0.0509  +0.2584  +0.2872  -0.2847
    t+3   | -0.0730  -0.0217  -0.1037  +0.2483  +0.2679  -0.3223
    t+4   | -0.0340  -0.0002  -0.1110  +0.2489  +0.2383  -0.1937
[23:31:31] #  218 [bench] e2e=  971.1ms  infer=  968.8ms  cap=  2.1ms
    t+0   | +0.0929  +0.0963  -0.2825  +0.3078  +0.0556  -0.4869
    t+1   | +0.0989  +0.0588  -0.2243  +0.2840  +0.0051  -0.5075
    t+2   | +0.0729  +0.0476  -0.1959  +0.2973  -0.0352  -0.4195
    t+3   | +0.0949  +0.0690  -0.1616  +0.3119  -0.0570  -0.3859
    t+4   | +0.0824  +0.1265  -0.1802  +0.3089  -0.0454  -0.3427
[23:31:32] #  219 [bench] e2e= 1032.4ms  infer= 1026.5ms  cap=  5.6ms
    t+0   | -0.0600  +0.0177  -0.1815  +0.2765  +0.0870  -0.3922
    t+1   | -0.0562  +0.0202  -0.3254  +0.3523  +0.0361  -0.3026
    t+2   | +0.0122  +0.1079  -0.4104  +0.4217  +0.0136  -0.1147
    t+3   | +0.1065  +0.1688  -0.4315  +0.4609  +0.0045  -0.1633
    t+4   | +0.0834  +0.0825  -0.3282  +0.3854  +0.0170  -0.5243
[23:31:33] #  220 [bench] e2e=  975.4ms  infer=  972.5ms  cap=  2.7ms
    t+0   | +0.1614  -0.0224  -0.0987  +0.2865  +0.0697  -0.0234
    t+1   | +0.1765  -0.0364  -0.1168  +0.2888  +0.0749  +0.0708
    t+2   | +0.1477  +0.0357  -0.1594  +0.3028  +0.1630  -0.0143
    t+3   | +0.1772  +0.0556  -0.1758  +0.2965  +0.1437  -0.2164
    t+4   | +0.1633  +0.0328  -0.1991  +0.2941  +0.1403  -0.2179
[23:31:34] #  221 [bench] e2e= 1046.7ms  infer= 1044.1ms  cap=  2.4ms
    t+0   | -0.0463  -0.0768  -0.1030  +0.3006  +0.1638  -0.5209
    t+1   | +0.0519  -0.0660  -0.0802  +0.3116  +0.1116  -0.0553
    t+2   | +0.0390  -0.0381  -0.0768  +0.3203  +0.0975  -0.1519
    t+3   | +0.0852  -0.0320  -0.0670  +0.3328  +0.0693  -0.1648
    t+4   | +0.0810  -0.0284  -0.0416  +0.3416  +0.0657  -0.2279
[23:31:35] #  222 [bench] e2e= 1003.5ms  infer= 1001.7ms  cap=  1.7ms
    t+0   | -0.0963  +0.0352  -0.1252  +0.2861  +0.0790  +0.1118
    t+1   | -0.0467  +0.0943  -0.1510  +0.2749  +0.0558  +0.1439
    t+2   | -0.0007  +0.1797  -0.1875  +0.2547  +0.0556  +0.0553
    t+3   | +0.0532  +0.2575  -0.2594  +0.2929  +0.0558  +0.0264
    t+4   | +0.0582  +0.1908  -0.2106  +0.2915  +0.0575  -0.0553
[23:31:36] #  223 [bench] e2e=  982.5ms  infer=  980.1ms  cap=  2.3ms
    t+0   | -0.0767  +0.0167  -0.1742  +0.2755  -0.0837  -0.6025
    t+1   | -0.0395  -0.0586  -0.1666  +0.2678  -0.0888  -0.6870
    t+2   | -0.0989  -0.1128  -0.1174  +0.2496  -0.0052  -0.5961
    t+3   | -0.0255  -0.0707  -0.1192  +0.2705  +0.0503  -0.2913
    t+4   | +0.0778  -0.0176  -0.1262  +0.3067  +0.0776  +0.2173
[23:31:37] #  224 [bench] e2e=  993.5ms  infer=  990.6ms  cap=  2.7ms
    t+0   | +0.1567  -0.1033  -0.0385  +0.2711  +0.0267  -0.5439
    t+1   | +0.0742  -0.0875  -0.0868  +0.3088  +0.0957  -0.5874
    t+2   | +0.0163  -0.1982  -0.0223  +0.2411  +0.0970  -0.6426
    t+3   | +0.0102  -0.2513  +0.0129  +0.2234  +0.1003  -0.6700
    t+4   | -0.0084  -0.2455  +0.0489  +0.1989  +0.1406  -0.6211
[23:31:38] #  225 [bench] e2e=  987.9ms  infer=  984.8ms  cap=  3.0ms
    t+0   | +0.1254  +0.0105  -0.0825  +0.2755  -0.0325  -0.2139
    t+1   | +0.0241  -0.0253  -0.0304  +0.2158  -0.0601  -0.2027
    t+2   | +0.0274  +0.0008  -0.0637  +0.2277  -0.0266  -0.1976
    t+3   | +0.0548  +0.0832  -0.1372  +0.2815  +0.0270  -0.1681
    t+4   | +0.0604  +0.1282  -0.1756  +0.3154  +0.1353  -0.1292

  [live] after 220 bench steps — e2e mean=986.3ms  |  max replan freq=1.01 Hz  |  max control freq=5.07 Hz (n_action_steps=5)

[23:31:39] #  226 [bench] e2e=  994.1ms  infer=  991.3ms  cap=  2.6ms
    t+0   | +0.0624  -0.0637  +0.0005  +0.2357  +0.0356  -0.0624
    t+1   | +0.0240  -0.0479  -0.0115  +0.2462  -0.0056  +0.0181
    t+2   | +0.0565  -0.0186  -0.0357  +0.2783  -0.0795  +0.3606
    t+3   | +0.0737  +0.0130  -0.0485  +0.3045  -0.0547  +0.3643
    t+4   | +0.1322  +0.0046  -0.0615  +0.3109  -0.0512  +0.4110
[23:31:40] #  227 [bench] e2e=  979.6ms  infer=  976.3ms  cap=  3.1ms
    t+0   | +0.0566  +0.1018  -0.3292  +0.4271  +0.4462  -0.0943
    t+1   | +0.0920  +0.0651  -0.3260  +0.3962  +0.2940  -0.1444
    t+2   | +0.1943  +0.0732  -0.2763  +0.3717  +0.2462  -0.4656
    t+3   | +0.2553  +0.1292  -0.2466  +0.3829  +0.2339  -0.3567
    t+4   | +0.2424  +0.1569  -0.2442  +0.3777  +0.2817  -0.6882
[23:31:41] #  228 [bench] e2e=  992.0ms  infer=  989.2ms  cap=  2.7ms
    t+0   | +0.0838  +0.0947  -0.2303  +0.3794  +0.2459  -0.3061
    t+1   | +0.0401  +0.0394  -0.1816  +0.3251  +0.1408  -0.3967
    t+2   | -0.0509  +0.0627  -0.1894  +0.3315  +0.1712  -0.5179
    t+3   | -0.0398  +0.0668  -0.2124  +0.3204  +0.1485  -0.5414
    t+4   | -0.0178  +0.0704  -0.2116  +0.3058  +0.1342  -0.6390
[23:31:42] #  229 [bench] e2e=  991.5ms  infer=  988.2ms  cap=  3.1ms
    t+0   | +0.1389  +0.0052  -0.1184  +0.2950  +0.0474  -0.0649
    t+1   | +0.1237  -0.0285  -0.0795  +0.2459  +0.0348  -0.1927
    t+2   | +0.1447  -0.0350  -0.0294  +0.2501  +0.0019  -0.1143
    t+3   | +0.1330  -0.0112  -0.0025  +0.2414  -0.0596  -0.1347
    t+4   | +0.1028  +0.0072  -0.0331  +0.2610  -0.1100  -0.2062
[23:31:43] #  230 [bench] e2e= 1029.9ms  infer= 1026.8ms  cap=  2.9ms
    t+0   | +0.2629  +0.2396  -0.2791  +0.3723  +0.2354  +0.2368
    t+1   | +0.2535  +0.1938  -0.2848  +0.3645  +0.0887  +0.0114
    t+2   | +0.2665  +0.1787  -0.2860  +0.3746  +0.0753  -0.0765
    t+3   | +0.2611  +0.1569  -0.2662  +0.3611  +0.0990  -0.0581
    t+4   | +0.2360  +0.1853  -0.2298  +0.3727  +0.1101  -0.2004
[23:31:44] #  231 [bench] e2e=  994.3ms  infer=  991.9ms  cap=  2.2ms
    t+0   | +0.1583  -0.0230  -0.1225  +0.3106  +0.0570  -0.2545
    t+1   | +0.1763  +0.0482  -0.1674  +0.3654  +0.1038  -0.3021
    t+2   | +0.2059  +0.0752  -0.2384  +0.3694  +0.1195  -0.1760
    t+3   | +0.1753  +0.0509  -0.1849  +0.3559  +0.0850  -0.2536
    t+4   | +0.1557  +0.0070  -0.1532  +0.3126  +0.0550  -0.3226
[23:31:45] #  232 [bench] e2e=  986.5ms  infer=  982.7ms  cap=  3.6ms
    t+0   | -0.2296  -0.1732  -0.0098  +0.1332  -0.0817  -0.3549
    t+1   | -0.0718  -0.1277  -0.0587  +0.1832  -0.0574  -0.3652
    t+2   | -0.0241  -0.0972  -0.1102  +0.2080  +0.0501  -0.4232
    t+3   | +0.0389  -0.0735  -0.1410  +0.2116  +0.0708  -0.3894
    t+4   | +0.0632  -0.0536  -0.1375  +0.2341  +0.0752  -0.3520
[23:31:46] #  233 [bench] e2e=  984.2ms  infer=  981.3ms  cap=  2.8ms
    t+0   | +0.1012  +0.0463  -0.1629  +0.3258  -0.0398  -0.0277
    t+1   | +0.0682  +0.0858  -0.1472  +0.3376  +0.0405  -0.0372
    t+2   | +0.0964  +0.1221  -0.1312  +0.3447  +0.0932  +0.0407
    t+3   | +0.1151  +0.1218  -0.1331  +0.3396  +0.0753  -0.0386
    t+4   | +0.0802  +0.1453  -0.1724  +0.3542  +0.0742  -0.1187
[23:31:47] #  234 [bench] e2e=  990.9ms  infer=  987.3ms  cap=  3.4ms
    t+0   | +0.2976  +0.2410  -0.2701  +0.3570  -0.0883  +0.2058
    t+1   | +0.2510  +0.2671  -0.2514  +0.3271  -0.0973  +0.1212
    t+2   | +0.1398  +0.2617  -0.2295  +0.3159  -0.0303  +0.1195
    t+3   | +0.0324  +0.2122  -0.2094  +0.2778  +0.0889  +0.1581
    t+4   | -0.0671  +0.2522  -0.2358  +0.2890  +0.0932  +0.2443
[23:31:48] #  235 [bench] e2e=  998.5ms  infer=  995.3ms  cap=  3.1ms
    t+0   | +0.1949  -0.0068  -0.0947  +0.2410  +0.1482  -0.2236
    t+1   | +0.1914  -0.0503  -0.0551  +0.2243  +0.1412  -0.2841
    t+2   | +0.1856  -0.0639  -0.0047  +0.2468  +0.1714  -0.3310
    t+3   | +0.1728  -0.0327  -0.0462  +0.2629  +0.1251  -0.2488
    t+4   | +0.1362  -0.0297  -0.1726  +0.2958  +0.1385  -0.2621
[23:31:49] #  236 [bench] e2e=  980.5ms  infer=  977.7ms  cap=  2.6ms
    t+0   | -0.0519  -0.1662  +0.2121  +0.0995  -0.0042  -0.2326
    t+1   | -0.0053  -0.1611  +0.1339  +0.1478  -0.0508  -0.1908
    t+2   | +0.0276  -0.1211  +0.0305  +0.1791  -0.0224  -0.1699
    t+3   | +0.1097  -0.0109  -0.0715  +0.2526  -0.0092  -0.2512
    t+4   | +0.1824  +0.0397  -0.0773  +0.2936  +0.0107  -0.3414
[23:31:50] #  237 [bench] e2e=  972.5ms  infer=  969.9ms  cap=  2.5ms
    t+0   | +0.1306  -0.0665  -0.0968  +0.2535  +0.0949  -0.6391
    t+1   | +0.1242  -0.0772  -0.0415  +0.2170  +0.0984  -0.6753
    t+2   | +0.1222  -0.0287  -0.0269  +0.2131  +0.1486  -0.6576
    t+3   | +0.1496  +0.0269  -0.0925  +0.2504  +0.1138  -0.5803
    t+4   | +0.2072  +0.0936  -0.1798  +0.3118  +0.0688  -0.4000
[23:31:51] #  238 [bench] e2e=  989.0ms  infer=  984.0ms  cap=  4.8ms
    t+0   | +0.1811  +0.0015  -0.0282  +0.1813  +0.0006  -0.5960
    t+1   | +0.1644  +0.0326  -0.0649  +0.1917  -0.0451  -0.5117
    t+2   | +0.1375  +0.0915  -0.1330  +0.2091  -0.0081  -0.3679
    t+3   | +0.1493  +0.0873  -0.1781  +0.2431  +0.0297  -0.1287
    t+4   | +0.1456  +0.0794  -0.1697  +0.2638  +0.0488  -0.2141
[23:31:52] #  239 [bench] e2e=  994.1ms  infer=  991.0ms  cap=  3.0ms
    t+0   | +0.1768  +0.1518  -0.2079  +0.3263  +0.2686  -0.1647
    t+1   | +0.1704  +0.1511  -0.2599  +0.3232  +0.1786  -0.0370
    t+2   | +0.1953  +0.1070  -0.2430  +0.3136  +0.1245  +0.0700
    t+3   | +0.1859  +0.1301  -0.2293  +0.2867  +0.1089  +0.0289
    t+4   | +0.1635  +0.1519  -0.2272  +0.3127  +0.1737  -0.0529
[23:31:53] #  240 [bench] e2e=  986.9ms  infer=  983.0ms  cap=  3.6ms
    t+0   | +0.1028  +0.0371  -0.1427  +0.2633  -0.1704  -0.0060
    t+1   | +0.0366  +0.0532  -0.1795  +0.2534  -0.3214  -0.0771
    t+2   | +0.0965  +0.0619  -0.1999  +0.2758  -0.2351  -0.1338
    t+3   | +0.1093  +0.1651  -0.3703  +0.3517  -0.2857  -0.0192
    t+4   | +0.1911  +0.1494  -0.3639  +0.3461  -0.2241  -0.0301
[23:31:54] #  241 [bench] e2e=  978.7ms  infer=  973.8ms  cap=  4.7ms
    t+0   | +0.1652  -0.0226  +0.0251  +0.1848  -0.0231  -0.5849
    t+1   | -0.0079  -0.0364  +0.0023  +0.1972  +0.0358  -0.5010
    t+2   | +0.0181  -0.0850  +0.0257  +0.1863  +0.0934  -0.5324
    t+3   | +0.0323  -0.0631  +0.0160  +0.1810  +0.1306  -0.4576
    t+4   | +0.0620  -0.0265  -0.0373  +0.2033  +0.1296  -0.3666
[23:31:55] #  242 [bench] e2e=  974.9ms  infer=  971.8ms  cap=  2.9ms
    t+0   | +0.1316  -0.1558  +0.0373  +0.2935  +0.1917  -0.1144
    t+1   | +0.1553  -0.1406  +0.0788  +0.2859  +0.1678  -0.1988
    t+2   | +0.1314  -0.0913  +0.0728  +0.2384  +0.0684  -0.4323
    t+3   | +0.0944  -0.0977  +0.0432  +0.2448  -0.0079  -0.3232
    t+4   | +0.1280  -0.0744  +0.0144  +0.3105  -0.0033  +0.0722
[23:31:56] #  243 [bench] e2e=  972.5ms  infer=  968.7ms  cap=  3.6ms
    t+0   | +0.0603  -0.0102  -0.0873  +0.3214  +0.0889  -0.4490
    t+1   | +0.0434  -0.0012  -0.1889  +0.3790  +0.0125  -0.4243
    t+2   | +0.0835  +0.0295  -0.1845  +0.3815  +0.0141  -0.1998
    t+3   | +0.1030  +0.0872  -0.2278  +0.4045  -0.0186  +0.2937
    t+4   | +0.1464  +0.0984  -0.2387  +0.3977  -0.0247  +0.3882
[23:31:57] #  244 [bench] e2e=  991.7ms  infer=  986.9ms  cap=  4.6ms
    t+0   | +0.3331  +0.1380  -0.1799  +0.3571  -0.0656  +0.3095
    t+1   | +0.1834  +0.1543  -0.1769  +0.3224  -0.0223  +0.1194
    t+2   | +0.0996  +0.0833  -0.1211  +0.2634  +0.0078  -0.5072
    t+3   | +0.0863  +0.0721  -0.0670  +0.2526  +0.0228  -0.5583
    t+4   | +0.0673  +0.0560  -0.0582  +0.2769  +0.0747  -0.6286
[23:31:58] #  245 [bench] e2e=  975.6ms  infer=  972.4ms  cap=  3.0ms
    t+0   | +0.1252  -0.0940  -0.0917  +0.2821  +0.1147  -0.5169
    t+1   | +0.1245  -0.0807  -0.1092  +0.2837  +0.1419  -0.3320
    t+2   | +0.1340  -0.0269  -0.1007  +0.2969  +0.1025  -0.2165
    t+3   | +0.1254  +0.0111  -0.1356  +0.2736  -0.0025  +0.2188
    t+4   | +0.1237  +0.0403  -0.1530  +0.3126  +0.0173  +0.1107

  [live] after 240 bench steps — e2e mean=986.4ms  |  max replan freq=1.01 Hz  |  max control freq=5.07 Hz (n_action_steps=5)

[23:31:59] #  246 [bench] e2e=  990.7ms  infer=  987.0ms  cap=  3.4ms
    t+0   | +0.2241  +0.0920  -0.2019  +0.3169  -0.0115  -0.3419
    t+1   | +0.2122  +0.1647  -0.2302  +0.2858  +0.0087  -0.4766
    t+2   | +0.1287  +0.1403  -0.2392  +0.2142  -0.0277  -0.5576
    t+3   | +0.0685  +0.0903  -0.2268  +0.1900  -0.0680  -0.5128
    t+4   | +0.0824  +0.1174  -0.2739  +0.1924  -0.0804  -0.4015
[23:32:00] #  247 [bench] e2e=  992.4ms  infer=  989.5ms  cap=  2.8ms
    t+0   | +0.1980  +0.1108  -0.2200  +0.3100  -0.0606  -0.0626
    t+1   | +0.1899  +0.1323  -0.2296  +0.2868  -0.0400  -0.1073
    t+2   | +0.1032  +0.1090  -0.2115  +0.2562  +0.0526  -0.2429
    t+3   | +0.0796  +0.1713  -0.2569  +0.2856  +0.2541  -0.2836
    t+4   | +0.1393  +0.1800  -0.2759  +0.3126  +0.2247  -0.0663
[23:32:01] #  248 [bench] e2e=  979.2ms  infer=  976.3ms  cap=  2.7ms
    t+0   | +0.0960  -0.1207  +0.0412  +0.1819  +0.0647  -0.6096
    t+1   | +0.1862  -0.0612  -0.0552  +0.2240  +0.0241  -0.4392
    t+2   | +0.1705  +0.0503  -0.1666  +0.3149  +0.0805  -0.0766
    t+3   | +0.1335  +0.0943  -0.2090  +0.3360  +0.1199  -0.0222
    t+4   | +0.1670  +0.1290  -0.2066  +0.3546  +0.0636  +0.0451
[23:32:02] #  249 [bench] e2e=  988.9ms  infer=  986.0ms  cap=  2.8ms
    t+0   | +0.1519  +0.0523  -0.1089  +0.2653  +0.2697  -0.1013
    t+1   | +0.0562  -0.0152  -0.0572  +0.1890  +0.1348  -0.2746
    t+2   | +0.0241  -0.0366  -0.0231  +0.1684  +0.0795  -0.2777
    t+3   | +0.0498  -0.0323  -0.0222  +0.1736  +0.0561  -0.2295
    t+4   | +0.1097  +0.0816  -0.1784  +0.2449  -0.0068  -0.2351
[23:32:03] #  250 [bench] e2e=  993.7ms  infer=  990.2ms  cap=  3.3ms
    t+0   | +0.1633  -0.0012  -0.0712  +0.2721  +0.1632  +0.0160
    t+1   | +0.1338  +0.0627  -0.1337  +0.2949  +0.1360  -0.0451
    t+2   | +0.2041  +0.1209  -0.2391  +0.3150  +0.1306  -0.0526
    t+3   | +0.2539  +0.1615  -0.3534  +0.3767  +0.1175  -0.1318
    t+4   | +0.2586  +0.1893  -0.3381  +0.3804  +0.0794  +0.1027
[23:32:04] #  251 [bench] e2e=  976.7ms  infer=  973.5ms  cap=  3.0ms
    t+0   | +0.1892  +0.1390  -0.1912  +0.3088  +0.0509  +0.0764
    t+1   | +0.1665  +0.1628  -0.2034  +0.2585  +0.0464  -0.0546
    t+2   | +0.1233  +0.1471  -0.1731  +0.2494  +0.0655  -0.0771
    t+3   | +0.1231  +0.1593  -0.1706  +0.2761  +0.0861  -0.0779
    t+4   | +0.1527  +0.1889  -0.2024  +0.3317  +0.1043  +0.1082
[23:32:05] #  252 [bench] e2e=  978.0ms  infer=  974.9ms  cap=  2.9ms
    t+0   | +0.1445  -0.0151  -0.0268  +0.2454  -0.0805  +0.1282
    t+1   | +0.1443  +0.0504  -0.0697  +0.2776  -0.0566  +0.4264
    t+2   | +0.1097  +0.0548  -0.0598  +0.2811  +0.1206  +0.3797
    t+3   | +0.1190  +0.0539  -0.0006  +0.2956  +0.1353  -0.2312
    t+4   | +0.1211  +0.0356  +0.0114  +0.3162  +0.1299  +0.0356
[23:32:06] #  253 [bench] e2e=  989.8ms  infer=  986.9ms  cap=  2.7ms
    t+0   | +0.1636  -0.0223  -0.1149  +0.2902  +0.0632  -0.2827
    t+1   | +0.0414  -0.0533  -0.0813  +0.2665  +0.0481  -0.4148
    t+2   | +0.0047  -0.0542  -0.0816  +0.2595  +0.0159  -0.4525
    t+3   | +0.0401  -0.0140  -0.1217  +0.2708  +0.1194  -0.4609
    t+4   | +0.0809  -0.0021  -0.1326  +0.2884  +0.1282  -0.4601
[23:32:07] #  254 [bench] e2e=  977.4ms  infer=  974.6ms  cap=  2.6ms
    t+0   | +0.0113  -0.1430  +0.0135  +0.2591  +0.3108  -0.0196
    t+1   | +0.0328  -0.0676  -0.0695  +0.2772  +0.1599  -0.0015
    t+2   | +0.0603  +0.0252  -0.1614  +0.3344  +0.1578  -0.0248
    t+3   | +0.0962  +0.0612  -0.1530  +0.3400  +0.1602  -0.0979
    t+4   | +0.1365  +0.0900  -0.1545  +0.3610  +0.1219  -0.1178
[23:32:08] #  255 [bench] e2e=  992.7ms  infer=  990.1ms  cap=  2.4ms
    t+0   | +0.0781  +0.0211  -0.1222  +0.3643  +0.2207  -0.1134
    t+1   | +0.0243  -0.0001  -0.0713  +0.3769  +0.4193  -0.1736
    t+2   | +0.0696  +0.0126  -0.0637  +0.3434  +0.4038  -0.2172
    t+3   | +0.0075  -0.0216  -0.0427  +0.2919  +0.3761  -0.2717
    t+4   | -0.0376  -0.0398  -0.0568  +0.2956  +0.2823  -0.2906
[23:32:09] #  256 [bench] e2e=  979.4ms  infer=  976.6ms  cap=  2.6ms
    t+0   | +0.2250  +0.0829  -0.2205  +0.3154  -0.1365  -0.2050
    t+1   | +0.1361  +0.0592  -0.2208  +0.2786  -0.1532  -0.1345
    t+2   | +0.0475  +0.0453  -0.2467  +0.2703  -0.1100  -0.1641
    t+3   | +0.0449  +0.0030  -0.2179  +0.2813  -0.0703  -0.1270
    t+4   | +0.0592  +0.0140  -0.2064  +0.3006  -0.0563  -0.1179
[23:32:10] #  257 [bench] e2e=  970.3ms  infer=  967.6ms  cap=  2.6ms
    t+0   | +0.2528  +0.1315  -0.2055  +0.3629  +0.0398  -0.0940
    t+1   | +0.2288  +0.1651  -0.2582  +0.3601  +0.0509  -0.2321
    t+2   | +0.2132  +0.1686  -0.2495  +0.3385  +0.1008  -0.2058
    t+3   | +0.2098  +0.0899  -0.1887  +0.3026  +0.0866  -0.1397
    t+4   | +0.2040  +0.0663  -0.1091  +0.3165  +0.0822  -0.1524
[23:32:10] #  258 [bench] e2e=  972.4ms  infer=  968.9ms  cap=  3.3ms
    t+0   | +0.0960  -0.0380  -0.0225  +0.2290  -0.0627  -0.5607
    t+1   | +0.0022  +0.0911  -0.2139  +0.3157  -0.0109  -0.2866
    t+2   | -0.0356  +0.1974  -0.3242  +0.3664  +0.0030  +0.1611
    t+3   | -0.1111  +0.2147  -0.3898  +0.3351  +0.0348  -0.0349
    t+4   | -0.0888  +0.1735  -0.3554  +0.3428  +0.0344  -0.0563
[23:32:11] #  259 [bench] e2e=  990.9ms  infer=  988.0ms  cap=  2.8ms
    t+0   | +0.1981  +0.0669  -0.1784  +0.3388  +0.0164  -0.5630
    t+1   | +0.0495  +0.0016  -0.0942  +0.3218  +0.0844  -0.5499
    t+2   | +0.0412  -0.0324  -0.0765  +0.3024  +0.0663  -0.4803
    t+3   | +0.0207  +0.0488  -0.1105  +0.3433  +0.1433  -0.3654
    t+4   | +0.0707  +0.0836  -0.1209  +0.3345  +0.1227  -0.3524
[23:32:12] #  260 [bench] e2e=  975.4ms  infer=  972.6ms  cap=  2.7ms
    t+0   | +0.1091  -0.1010  -0.0376  +0.2084  -0.0326  -0.5172
    t+1   | -0.1124  -0.3027  +0.0981  +0.1293  +0.1429  -0.5054
    t+2   | -0.0655  -0.2627  +0.0465  +0.1378  +0.1239  -0.6006
    t+3   | -0.0544  -0.2234  +0.0573  +0.1823  +0.1083  -0.5874
    t+4   | -0.0367  -0.1841  +0.0252  +0.1812  +0.0976  -0.5483
[23:32:13] #  261 [bench] e2e=  977.2ms  infer=  973.8ms  cap=  3.2ms
    t+0   | +0.2139  +0.0104  -0.0609  +0.2601  +0.0010  +0.1359
    t+1   | +0.1879  +0.0635  -0.1166  +0.2779  -0.0245  +0.1226
    t+2   | +0.2050  +0.1742  -0.1919  +0.3429  -0.0660  +0.1565
    t+3   | +0.2140  +0.1734  -0.1949  +0.3252  -0.0195  +0.0315
    t+4   | +0.1994  +0.1021  -0.1914  +0.3047  +0.0174  -0.1876
[23:32:14] #  262 [bench] e2e=  982.4ms  infer=  979.5ms  cap=  2.8ms
    t+0   | +0.1148  +0.0743  -0.1856  +0.3544  +0.1866  -0.0317
    t+1   | -0.0452  +0.0538  -0.1597  +0.3028  +0.2483  -0.1872
    t+2   | -0.0580  +0.0317  -0.1073  +0.2402  +0.1686  -0.5217
    t+3   | -0.1038  -0.0149  -0.0716  +0.2443  +0.1702  -0.4543
    t+4   | -0.0364  -0.0505  -0.0608  +0.2186  +0.1650  -0.5869
[23:32:15] #  263 [bench] e2e=  973.0ms  infer=  970.0ms  cap=  2.8ms
    t+0   | +0.0716  -0.1123  +0.0025  +0.2045  +0.0984  -0.4383
    t+1   | +0.0948  -0.0701  -0.0221  +0.1971  +0.0669  -0.6690
    t+2   | +0.1278  -0.0433  -0.0149  +0.2218  +0.0214  -0.6545
    t+3   | +0.1733  -0.0103  -0.0845  +0.2492  +0.0567  -0.5421
    t+4   | +0.2314  +0.0548  -0.1332  +0.3053  +0.0741  -0.1752
[23:32:16] #  264 [bench] e2e=  975.3ms  infer=  972.1ms  cap=  3.1ms
    t+0   | +0.1651  +0.0252  -0.1429  +0.3511  +0.0243  +0.3835
    t+1   | +0.1757  -0.0095  -0.1027  +0.3471  +0.0002  +0.3840
    t+2   | +0.1288  -0.0280  -0.0843  +0.3374  -0.0868  +0.1840
    t+3   | +0.1189  -0.0030  -0.0964  +0.3297  -0.0781  -0.2909
    t+4   | +0.1068  +0.0252  -0.1158  +0.3361  -0.0904  -0.1203
[23:32:17] #  265 [bench] e2e=  997.4ms  infer=  994.4ms  cap=  2.8ms
    t+0   | +0.2082  +0.0089  -0.1013  +0.2972  -0.0141  -0.4580
    t+1   | +0.2219  -0.0066  -0.0687  +0.2731  -0.0459  -0.3653
    t+2   | +0.1955  -0.0133  -0.0610  +0.2544  -0.0625  -0.3932
    t+3   | +0.1252  -0.0331  -0.0824  +0.2632  -0.0000  -0.4407
    t+4   | +0.1292  -0.0545  -0.0763  +0.2604  +0.0372  -0.5614

  [live] after 260 bench steps — e2e mean=986.1ms  |  max replan freq=1.01 Hz  |  max control freq=5.07 Hz (n_action_steps=5)

[23:32:18] #  266 [bench] e2e= 1000.7ms  infer=  998.3ms  cap=  2.2ms
    t+0   | -0.0601  -0.0415  +0.0661  +0.2568  +0.0719  +2.1240
    t+1   | +0.0337  +0.0239  +0.0385  +0.2641  -0.0275  +1.8254
    t+2   | +0.0640  +0.1246  -0.0361  +0.2870  -0.0716  +1.4418
    t+3   | +0.0877  +0.2073  -0.0980  +0.3207  -0.1194  +1.2275
    t+4   | +0.1562  +0.2282  -0.1117  +0.3568  -0.1265  +1.0657
[23:32:19] #  267 [bench] e2e=  989.5ms  infer=  986.7ms  cap=  2.6ms
    t+0   | +0.1066  -0.0246  -0.0291  +0.2365  +0.1116  -0.5981
    t+1   | +0.1149  +0.0402  -0.1064  +0.2949  +0.1742  -0.5348
    t+2   | +0.1293  +0.0692  -0.1923  +0.3263  +0.1629  -0.4287
    t+3   | +0.1395  +0.0881  -0.2180  +0.3290  +0.1490  -0.2872
    t+4   | +0.1865  +0.0876  -0.2028  +0.3443  +0.0737  -0.2533
[23:32:20] #  268 [bench] e2e=  998.7ms  infer=  996.8ms  cap=  1.7ms
    t+0   | +0.0793  -0.1251  +0.0564  +0.1702  +0.0755  -0.6894
    t+1   | +0.0812  -0.0606  -0.0052  +0.2149  +0.1172  -0.6413
    t+2   | +0.0992  -0.0345  -0.0520  +0.2234  +0.1169  -0.6510
    t+3   | +0.1091  +0.0622  -0.1642  +0.2723  +0.1144  -0.6562
    t+4   | +0.1225  +0.0460  -0.1667  +0.2999  +0.0648  -0.6732
[23:32:21] #  269 [bench] e2e=  986.0ms  infer=  982.6ms  cap=  3.2ms
    t+0   | +0.2008  +0.0273  -0.0674  +0.2624  +0.0134  +0.2305
    t+1   | +0.1474  -0.0105  -0.0210  +0.2519  +0.0660  -0.0957
    t+2   | +0.1186  +0.0351  -0.0158  +0.2988  +0.0711  -0.2940
    t+3   | +0.1113  +0.0325  -0.0876  +0.3001  +0.0905  -0.4199
    t+4   | +0.1089  +0.0384  -0.0733  +0.2895  +0.0667  -0.6258
[23:32:22] #  270 [bench] e2e=  999.9ms  infer=  997.5ms  cap=  2.2ms
    t+0   | +0.0782  -0.1895  +0.0643  +0.2291  +0.0457  +0.1392
    t+1   | +0.0657  -0.1591  -0.0101  +0.2536  +0.0272  -0.1076
    t+2   | +0.0707  -0.0817  -0.0605  +0.2921  +0.0400  -0.2042
    t+3   | +0.0510  -0.0260  -0.1040  +0.2749  +0.0040  -0.3456
    t+4   | -0.0079  +0.0257  -0.1692  +0.2860  +0.0415  -0.6087
[23:32:23] #  271 [bench] e2e= 1045.4ms  infer= 1042.7ms  cap=  2.5ms
    t+0   | +0.0047  +0.0818  -0.0476  +0.2586  +0.2154  -0.0961
    t+1   | +0.0381  +0.0478  -0.0133  +0.2190  +0.1980  -0.0774
    t+2   | +0.0293  +0.0453  +0.0095  +0.1971  +0.2585  -0.1607
    t+3   | +0.0151  -0.0372  +0.0216  +0.1660  +0.1069  +0.0765
    t+4   | -0.0220  +0.0004  -0.0136  +0.2091  +0.1031  +0.1484
[23:32:24] #  272 [bench] e2e=  997.0ms  infer=  993.6ms  cap=  3.2ms
    t+0   | +0.2154  +0.1121  -0.1629  +0.3052  +0.0813  -0.2051
    t+1   | +0.1447  +0.0383  -0.0804  +0.2421  +0.0894  -0.4374
    t+2   | +0.0441  +0.0034  -0.0461  +0.2511  +0.1108  -0.4179
    t+3   | +0.0172  -0.0059  -0.0524  +0.2601  +0.0947  -0.3538
    t+4   | -0.0160  -0.0114  -0.0650  +0.2450  +0.0995  -0.4089
[23:32:25] #  273 [bench] e2e=  994.8ms  infer=  992.2ms  cap=  2.5ms
    t+0   | +0.2403  +0.0158  -0.0945  +0.3180  +0.1294  -0.0583
    t+1   | +0.2716  +0.0792  -0.1067  +0.3596  +0.0728  +0.1235
    t+2   | +0.2933  +0.1408  -0.1401  +0.3746  +0.1335  +0.0480
    t+3   | +0.2980  +0.1488  -0.1609  +0.3822  +0.0878  +0.0251
    t+4   | +0.2540  +0.1448  -0.1801  +0.3814  +0.0843  -0.2291
[23:32:26] #  274 [bench] e2e= 1001.0ms  infer=  998.1ms  cap=  2.7ms
    t+0   | +0.0658  +0.1108  -0.3155  +0.4229  +0.0886  -0.0797
    t+1   | +0.0806  +0.0931  -0.2761  +0.4025  +0.1750  -0.1709
    t+2   | +0.0448  +0.0829  -0.2790  +0.3658  +0.1300  -0.2160
    t+3   | -0.0499  +0.0287  -0.2824  +0.3535  +0.0658  -0.2579
    t+4   | -0.0508  +0.0174  -0.2588  +0.3462  +0.0550  -0.2882
[23:32:27] #  275 [bench] e2e=  992.7ms  infer=  989.6ms  cap=  2.9ms
    t+0   | +0.1170  +0.0258  -0.2271  +0.2978  +0.0561  -0.2745
    t+1   | +0.1522  +0.0634  -0.3074  +0.2944  +0.0132  -0.2245
    t+2   | +0.1234  +0.1414  -0.3385  +0.3269  +0.1797  -0.1366
    t+3   | +0.1111  +0.1318  -0.3152  +0.3393  +0.1845  -0.2027
    t+4   | +0.0928  +0.0981  -0.2909  +0.3494  +0.1547  -0.2369
[23:32:28] #  276 [bench] e2e=  992.5ms  infer=  989.7ms  cap=  2.6ms
    t+0   | +0.0703  +0.0896  -0.0775  +0.3076  -0.1782  -0.1680
    t+1   | +0.0780  +0.0884  -0.0673  +0.2948  -0.1370  -0.2734
    t+2   | +0.0808  +0.0590  -0.0788  +0.2699  -0.0961  -0.4326
    t+3   | +0.0327  +0.0700  -0.1255  +0.2808  -0.0735  -0.4511
    t+4   | -0.0056  +0.0480  -0.1108  +0.3215  -0.0319  -0.4690
[23:32:29] #  277 [bench] e2e=  993.2ms  infer=  990.2ms  cap=  2.8ms
    t+0   | +0.2168  -0.0108  -0.0723  +0.3049  +0.1971  -0.0289
    t+1   | +0.2206  +0.0026  -0.0676  +0.3207  +0.1523  +0.1601
    t+2   | +0.1186  -0.0116  -0.0584  +0.2786  +0.0605  +0.2430
    t+3   | -0.0309  +0.0020  -0.1041  +0.2725  -0.0019  +0.1388
    t+4   | -0.0174  +0.0578  -0.1825  +0.2996  +0.0261  +0.1543
[23:32:30] #  278 [bench] e2e=  988.5ms  infer=  985.8ms  cap=  2.5ms
    t+0   | +0.1837  +0.1230  -0.1747  +0.3284  +0.1690  -0.2656
    t+1   | +0.1598  +0.0976  -0.1583  +0.3133  +0.1420  -0.2580
    t+2   | +0.1051  +0.0098  -0.1462  +0.2717  +0.1024  -0.6515
    t+3   | +0.1121  +0.0129  -0.1011  +0.2617  +0.0724  -0.6922
    t+4   | +0.1436  +0.0607  -0.1128  +0.2877  +0.0207  -0.7321
[23:32:31] #  279 [bench] e2e=  983.1ms  infer=  979.5ms  cap=  3.4ms
    t+0   | +0.2633  +0.0969  -0.1890  +0.4159  +0.3318  +0.2612
    t+1   | +0.1406  +0.0875  -0.1794  +0.3745  +0.3741  -0.1501
    t+2   | +0.0554  +0.0111  -0.1379  +0.2982  +0.3167  -0.3625
    t+3   | +0.0241  -0.0293  -0.1341  +0.2322  +0.2389  -0.3979
    t+4   | +0.0184  -0.0117  -0.1470  +0.2263  +0.1845  -0.2596
[23:32:32] #  280 [bench] e2e=  990.6ms  infer=  988.2ms  cap=  2.2ms
    t+0   | +0.2662  +0.0480  -0.1799  +0.3303  +0.0348  +0.0072
    t+1   | +0.2550  +0.0371  -0.1554  +0.3431  +0.0007  +0.0721
    t+2   | +0.2094  +0.0096  -0.0978  +0.3274  +0.0046  -0.0388
    t+3   | +0.1807  +0.0042  -0.0906  +0.3237  +0.0253  -0.0860
    t+4   | +0.1128  +0.0553  -0.1156  +0.3361  +0.0765  -0.4467
[23:32:33] #  281 [bench] e2e=  992.7ms  infer=  989.6ms  cap=  2.9ms
    t+0   | +0.3429  +0.1512  -0.2121  +0.3344  +0.0195  +0.0788
    t+1   | +0.2246  +0.0407  -0.0729  +0.2586  -0.0011  -0.3369
    t+2   | +0.1437  +0.0191  -0.0520  +0.2646  +0.0167  -0.3384
    t+3   | +0.1239  -0.0048  -0.0597  +0.2403  +0.0256  -0.3269
    t+4   | +0.1298  +0.0070  -0.0800  +0.2521  +0.0396  -0.2754
[23:32:34] #  282 [bench] e2e=  982.9ms  infer=  979.4ms  cap=  3.4ms
    t+0   | +0.2380  +0.1614  -0.3171  +0.4295  -0.1905  +1.0025
    t+1   | +0.1689  +0.1267  -0.2534  +0.3694  -0.0189  +0.3916
    t+2   | +0.0963  +0.0972  -0.2405  +0.3292  +0.0752  -0.5030
    t+3   | +0.0277  +0.0774  -0.1867  +0.2910  +0.1786  -0.5289
    t+4   | +0.0333  +0.0281  -0.1764  +0.2469  +0.1309  -0.5813
[23:32:35] #  283 [bench] e2e= 1000.9ms  infer=  997.3ms  cap=  3.4ms
    t+0   | +0.1218  +0.1018  -0.2233  +0.2937  +0.1161  -0.4264
    t+1   | +0.1394  +0.0754  -0.1996  +0.2909  +0.1050  -0.3873
    t+2   | +0.1377  +0.0392  -0.1768  +0.2774  +0.0841  -0.3580
    t+3   | +0.1028  -0.0145  -0.1533  +0.2988  +0.0676  -0.3242
    t+4   | +0.0397  +0.0029  -0.1759  +0.2948  +0.0740  -0.3383
[23:32:36] #  284 [bench] e2e= 1002.5ms  infer=  999.6ms  cap=  2.8ms
    t+0   | +0.2224  +0.0786  -0.1362  +0.3118  +0.0407  +0.1371
    t+1   | +0.1846  +0.0585  -0.0994  +0.2912  -0.0088  +0.1443
    t+2   | +0.1868  +0.0802  -0.1069  +0.2849  -0.0483  +0.1754
    t+3   | +0.2064  +0.0747  -0.1227  +0.3082  -0.0824  +0.1823
    t+4   | +0.1931  +0.0810  -0.1242  +0.2961  -0.0914  -0.1116
[23:32:37] #  285 [bench] e2e=  995.8ms  infer=  992.2ms  cap=  3.4ms
    t+0   | +0.2360  +0.0271  -0.1888  +0.3303  -0.0894  -0.0519
    t+1   | +0.1522  +0.0604  -0.2585  +0.3538  -0.0402  -0.0797
    t+2   | +0.1545  +0.1027  -0.2615  +0.3511  -0.0715  +0.1034
    t+3   | +0.1433  +0.1463  -0.2298  +0.3343  +0.0082  -0.0315
    t+4   | +0.1448  +0.1675  -0.2115  +0.3196  -0.0001  -0.1703

  [live] after 280 bench steps — e2e mean=986.9ms  |  max replan freq=1.01 Hz  |  max control freq=5.07 Hz (n_action_steps=5)

[23:32:38] #  286 [bench] e2e= 1030.1ms  infer= 1025.3ms  cap=  4.6ms
    t+0   | +0.0981  -0.0289  -0.0177  +0.2641  +0.2853  -0.0909
    t+1   | +0.0893  -0.0043  -0.0490  +0.2739  +0.2508  -0.0192
    t+2   | +0.0508  +0.0592  -0.0922  +0.2871  +0.2965  +0.0605
    t+3   | +0.0090  +0.0495  -0.1025  +0.2929  +0.4256  +0.0776
    t+4   | +0.0422  +0.0409  -0.1182  +0.2889  +0.3228  +0.1116
[23:32:39] #  287 [bench] e2e=  981.2ms  infer=  978.5ms  cap=  2.5ms
    t+0   | +0.1825  +0.1458  -0.2010  +0.3107  -0.0039  +0.0463
    t+1   | +0.1789  +0.1535  -0.2172  +0.2788  +0.0183  -0.0006
    t+2   | +0.1796  +0.1568  -0.1993  +0.2560  -0.0236  -0.1547
    t+3   | +0.1746  +0.1860  -0.2629  +0.2941  -0.0222  -0.1805
    t+4   | +0.2377  +0.2153  -0.2766  +0.3550  -0.0094  -0.0408
[23:32:40] #  288 [bench] e2e=  996.1ms  infer=  993.4ms  cap=  2.6ms
    t+0   | +0.0523  -0.0898  -0.0005  +0.2296  +0.0414  -0.2911
    t+1   | -0.0204  -0.0767  -0.0007  +0.2180  +0.0279  -0.6420
    t+2   | -0.0307  -0.0377  -0.0919  +0.2778  -0.0307  -0.5794
    t+3   | -0.0954  -0.0444  -0.2932  +0.3707  -0.0881  -0.6182
    t+4   | -0.0584  -0.0645  -0.2318  +0.3589  -0.0667  -0.5312
[23:32:41] #  289 [bench] e2e=  980.7ms  infer=  978.4ms  cap=  2.1ms
    t+0   | +0.1904  +0.0910  -0.1943  +0.3131  +0.0527  -0.3724
    t+1   | +0.0951  +0.0615  -0.1685  +0.2717  +0.0490  -0.3095
    t+2   | +0.0069  +0.0216  -0.1498  +0.2990  +0.0603  -0.2216
    t+3   | -0.0012  -0.0230  -0.1343  +0.3066  +0.0536  -0.3567
    t+4   | +0.0142  -0.0145  -0.1413  +0.2898  +0.0426  -0.5507
[23:32:42] #  290 [bench] e2e= 1003.4ms  infer= 1000.8ms  cap=  2.4ms
    t+0   | -0.1102  +0.0575  -0.3177  +0.2957  -0.2744  -0.5500
    t+1   | +0.0258  +0.1263  -0.2952  +0.3090  -0.1117  -0.7687
    t+2   | +0.1130  +0.0944  -0.2221  +0.3102  -0.1340  -0.7477
    t+3   | +0.1595  +0.0704  -0.1531  +0.3029  -0.0992  -0.7625
    t+4   | +0.1592  +0.0862  -0.1512  +0.2926  -0.0403  -0.7743
[23:32:43] #  291 [bench] e2e=  985.4ms  infer=  982.8ms  cap=  2.5ms
    t+0   | -0.0436  -0.0791  -0.0204  +0.1787  +0.0471  -0.4178
    t+1   | -0.1273  -0.1014  +0.0064  +0.1580  -0.0253  -0.5463
    t+2   | -0.1082  -0.0947  +0.0449  +0.1660  -0.0047  -0.6288
    t+3   | -0.0585  -0.0597  +0.0092  +0.2242  +0.0524  -0.5188
    t+4   | -0.0326  -0.0161  -0.0409  +0.2609  +0.0728  -0.4469
[23:32:44] #  292 [bench] e2e=  988.4ms  infer=  985.3ms  cap=  2.9ms
    t+0   | +0.0502  -0.0099  -0.1756  +0.2651  -0.0322  -0.6004
    t+1   | +0.0931  -0.0078  -0.1959  +0.2839  -0.0133  -0.4802
    t+2   | +0.1370  -0.0136  -0.2001  +0.2972  +0.0235  -0.4735
    t+3   | +0.1975  +0.0650  -0.2334  +0.3754  +0.2112  -0.3101
    t+4   | +0.2368  +0.0934  -0.2515  +0.3818  +0.1513  -0.0555
[23:32:45] #  293 [bench] e2e=  995.5ms  infer=  991.9ms  cap=  3.4ms
    t+0   | -0.0525  -0.2059  +0.0809  +0.1400  +0.0297  -0.6964
    t+1   | -0.0449  -0.1717  -0.0154  +0.2062  +0.0417  -0.6624
    t+2   | +0.0290  -0.1527  -0.0652  +0.2392  +0.0359  -0.5890
    t+3   | +0.0534  -0.0955  -0.0536  +0.2810  +0.0502  -0.3194
    t+4   | +0.0595  -0.0545  -0.0707  +0.2784  +0.0733  -0.3760
[23:32:46] #  294 [bench] e2e=  995.7ms  infer=  992.3ms  cap=  3.2ms
    t+0   | -0.1189  -0.1377  +0.1870  +0.0511  +0.2094  -0.2686
    t+1   | -0.1297  -0.0486  -0.0215  +0.2065  +0.1420  -0.4084
    t+2   | +0.0291  +0.0319  -0.1137  +0.2885  +0.1383  -0.6640
    t+3   | +0.0909  +0.0730  -0.2123  +0.3412  +0.0982  -0.6992
    t+4   | +0.0780  +0.0357  -0.2371  +0.3043  +0.0126  -0.7586
[23:32:47] #  295 [bench] e2e=  992.7ms  infer=  989.6ms  cap=  2.9ms
    t+0   | +0.0096  +0.0372  -0.4385  +0.4838  +0.1386  -0.3844
    t+1   | +0.0172  +0.0734  -0.4226  +0.4631  +0.0474  -0.2937
    t+2   | +0.0643  +0.0884  -0.4086  +0.4133  +0.0386  -0.2273
    t+3   | +0.0953  +0.0986  -0.3695  +0.3958  +0.0323  -0.2359
    t+4   | +0.1257  +0.0727  -0.3447  +0.3915  +0.0419  -0.2598
[23:32:48] #  296 [bench] e2e=  995.2ms  infer=  991.9ms  cap=  3.1ms
    t+0   | -0.0386  +0.0510  -0.3459  +0.2893  +0.1984  -0.5785
    t+1   | -0.0304  -0.1396  -0.0339  +0.1545  +0.1606  -0.5914
    t+2   | -0.0104  -0.1276  -0.0032  +0.1504  +0.1342  -0.6059
    t+3   | +0.0024  -0.1157  -0.0087  +0.1752  +0.1326  -0.5594
    t+4   | -0.0101  -0.1283  +0.0755  +0.1306  +0.1831  -0.7034
[23:32:49] #  297 [bench] e2e=  976.5ms  infer=  973.3ms  cap=  3.0ms
    t+0   | +0.1256  -0.1081  +0.0927  +0.2016  +0.2041  +0.1510
    t+1   | +0.0869  -0.0720  +0.0310  +0.2245  +0.1245  -0.0359
    t+2   | +0.1071  -0.0030  -0.0412  +0.2610  +0.1250  -0.1363
    t+3   | +0.0910  -0.0290  -0.0336  +0.2546  +0.0425  -0.4200
    t+4   | +0.0606  -0.0701  +0.0080  +0.2693  +0.0108  -0.4447
[23:32:50] #  298 [bench] e2e=  986.5ms  infer=  983.2ms  cap=  3.2ms
    t+0   | +0.0451  +0.0205  -0.1873  +0.3670  +0.0438  -0.1523
    t+1   | +0.0718  +0.0763  -0.1559  +0.3744  +0.0978  -0.1751
    t+2   | +0.1093  +0.1343  -0.1382  +0.3383  +0.0131  -0.2074
    t+3   | +0.1050  +0.2056  -0.1766  +0.3639  -0.0413  -0.0306
    t+4   | +0.0932  +0.1897  -0.2095  +0.3269  -0.0608  -0.1283
[23:32:51] #  299 [bench] e2e=  989.1ms  infer=  986.0ms  cap=  2.9ms
    t+0   | -0.0339  -0.1664  -0.0643  +0.2322  -0.0699  -0.3851
    t+1   | +0.0355  -0.0371  -0.1917  +0.3036  +0.0035  -0.4892
    t+2   | +0.1362  +0.0124  -0.2446  +0.3340  -0.0380  -0.4839
    t+3   | +0.1794  +0.0515  -0.1849  +0.3285  -0.0553  -0.6689
    t+4   | +0.1820  +0.0673  -0.1521  +0.3328  +0.0160  -0.7212
[23:32:52] #  300 [bench] e2e=  975.7ms  infer=  972.5ms  cap=  3.0ms
    t+0   | +0.2086  +0.0776  -0.1425  +0.2860  -0.1192  +0.2662
    t+1   | +0.1786  +0.2168  -0.2937  +0.3501  -0.1318  +0.0707
    t+2   | +0.1514  +0.2491  -0.3417  +0.3924  -0.1221  +0.0342
    t+3   | +0.1507  +0.2554  -0.3789  +0.4028  -0.0682  -0.1350
    t+4   | +0.1447  +0.2216  -0.3521  +0.3786  +0.0022  -0.3045
[23:32:53] #  301 [bench] e2e=  997.3ms  infer=  993.9ms  cap=  3.2ms
    t+0   | +0.0992  -0.0160  -0.0521  +0.2296  -0.0063  -0.3351
    t+1   | +0.0531  +0.0326  -0.0721  +0.2472  +0.0834  -0.5461
    t+2   | +0.0507  -0.0002  -0.0615  +0.2562  +0.0582  -0.5910
    t+3   | +0.0497  +0.0468  -0.0844  +0.2282  +0.0380  -0.5693
    t+4   | +0.0394  +0.0348  -0.1036  +0.2275  +0.0431  -0.6049
[23:32:54] #  302 [bench] e2e=  976.9ms  infer=  973.3ms  cap=  3.4ms
    t+0   | +0.1729  -0.0008  -0.0677  +0.2894  +0.1413  -0.6544
    t+1   | +0.2090  +0.0544  -0.0717  +0.3047  +0.2072  -0.5428
    t+2   | +0.1728  +0.0461  -0.0647  +0.2583  +0.2971  -0.5536
    t+3   | +0.1645  +0.0468  -0.1022  +0.2689  +0.2230  -0.4716
    t+4   | +0.1460  +0.1118  -0.1414  +0.2870  +0.2930  -0.4797
[23:32:55] #  303 [bench] e2e=  986.6ms  infer=  983.3ms  cap=  3.1ms
    t+0   | +0.2714  +0.1811  -0.2819  +0.3674  +0.0083  -0.3160
    t+1   | +0.2674  +0.1684  -0.2970  +0.3596  -0.0417  -0.0605
    t+2   | +0.2185  +0.2240  -0.3533  +0.3548  +0.0041  -0.1274
    t+3   | +0.1519  +0.1894  -0.3615  +0.3368  +0.0288  -0.0293
    t+4   | +0.1270  +0.1784  -0.3112  +0.3757  +0.0506  -0.0874
[23:32:56] #  304 [bench] e2e=  975.5ms  infer=  971.8ms  cap=  3.5ms
    t+0   | +0.1662  +0.1303  -0.2498  +0.3721  +0.0099  -0.1268
    t+1   | +0.1100  +0.1553  -0.2665  +0.3482  -0.0125  -0.2578
    t+2   | +0.0373  +0.1237  -0.2533  +0.2946  -0.0372  -0.2653
    t+3   | -0.0084  +0.1159  -0.2514  +0.2730  +0.0420  -0.2255
    t+4   | +0.0101  +0.1083  -0.2573  +0.3079  +0.1006  -0.1806
[23:32:57] #  305 [bench] e2e=  990.8ms  infer=  987.5ms  cap=  3.2ms
    t+0   | +0.1781  +0.0527  -0.1077  +0.2779  +0.0972  -0.3048
    t+1   | +0.1345  +0.0214  -0.0280  +0.2412  +0.0287  -0.2514
    t+2   | +0.0494  +0.0971  -0.0356  +0.2552  -0.0072  -0.2060
    t+3   | +0.0577  +0.1526  -0.0963  +0.2688  +0.0073  -0.2023
    t+4   | +0.0920  +0.1867  -0.1514  +0.2464  +0.0049  -0.1778

  [live] after 300 bench steps — e2e mean=987.1ms  |  max replan freq=1.01 Hz  |  max control freq=5.07 Hz (n_action_steps=5)

[23:32:58] #  306 [bench] e2e=  974.2ms  infer=  971.2ms  cap=  2.9ms
    t+0   | +0.2176  +0.0279  -0.1345  +0.2961  +0.0364  -0.0473
    t+1   | +0.1735  -0.0140  -0.1342  +0.2616  +0.0142  +0.0014
    t+2   | +0.0982  -0.1082  -0.0727  +0.2165  -0.0361  -0.3698
    t+3   | +0.0792  -0.1243  -0.0825  +0.2176  -0.0854  -0.2854
    t+4   | +0.0408  -0.1129  -0.0585  +0.2290  -0.1140  -0.3567
[23:32:59] #  307 [bench] e2e=  988.6ms  infer=  985.5ms  cap=  2.9ms
    t+0   | -0.0005  -0.0558  -0.0585  +0.2492  +0.6109  -0.4353
    t+1   | +0.0320  -0.0234  -0.0470  +0.2048  +0.2470  -0.4887
    t+2   | +0.0024  +0.0680  -0.0796  +0.2284  +0.1784  -0.4022
    t+3   | -0.0068  +0.0721  -0.0882  +0.2449  +0.2457  -0.3948
    t+4   | -0.0260  +0.0259  -0.0866  +0.1916  +0.2120  -0.5035
[23:33:00] #  308 [bench] e2e=  992.7ms  infer=  988.9ms  cap=  3.6ms
    t+0   | +0.0606  -0.1063  -0.1483  +0.3173  +0.1001  -0.5664
    t+1   | +0.0227  -0.1003  -0.1138  +0.2785  +0.1291  -0.5660
    t+2   | -0.0683  -0.0061  -0.1853  +0.2424  +0.1838  -0.5339
    t+3   | -0.0559  -0.0027  -0.1844  +0.2309  +0.1371  -0.5518
    t+4   | -0.0552  -0.0390  -0.1469  +0.2075  +0.1244  -0.6062
[23:33:01] #  309 [bench] e2e=  979.6ms  infer=  976.3ms  cap=  3.1ms
    t+0   | +0.1208  +0.0236  -0.1292  +0.2852  +0.1318  -0.1365
    t+1   | +0.1260  +0.1018  -0.2052  +0.3119  +0.1000  -0.0363
    t+2   | +0.1836  +0.1538  -0.2280  +0.3383  +0.0796  -0.0733
    t+3   | +0.2203  +0.1310  -0.2012  +0.2991  +0.0699  -0.1380
    t+4   | +0.1946  +0.1747  -0.1946  +0.3126  +0.0824  -0.2091
[23:33:02] #  310 [bench] e2e=  992.7ms  infer=  989.5ms  cap=  3.1ms
    t+0   | +0.0928  -0.1609  -0.0261  +0.2476  -0.0172  -0.4313
    t+1   | +0.0470  -0.1788  -0.0191  +0.2370  +0.0703  -0.5969
    t+2   | +0.0795  -0.0361  -0.2317  +0.3700  +0.1768  -0.6108
    t+3   | +0.1460  +0.0680  -0.3361  +0.4509  +0.2620  -0.6462
    t+4   | +0.2173  +0.1418  -0.3669  +0.4797  +0.1838  -0.6019
[23:33:03] #  311 [bench] e2e=  995.1ms  infer=  992.0ms  cap=  3.0ms
    t+0   | +0.0703  -0.0685  -0.0236  +0.2286  -0.0329  -0.1696
    t+1   | -0.0302  -0.0239  -0.0945  +0.2484  -0.0018  -0.1329
    t+2   | +0.0042  +0.0038  -0.1540  +0.2766  +0.0300  -0.1064
    t+3   | +0.0259  +0.0458  -0.2004  +0.3179  +0.0514  +0.1510
    t+4   | +0.0354  +0.0626  -0.1784  +0.3216  +0.0353  +0.0433
[23:33:04] #  312 [bench] e2e=  973.3ms  infer=  971.2ms  cap=  2.0ms
    t+0   | +0.1115  +0.2458  -0.3348  +0.3584  +0.0133  -0.1877
    t+1   | +0.1361  +0.2166  -0.3383  +0.3826  -0.0261  +0.2360
    t+2   | +0.1858  +0.1502  -0.2595  +0.3468  -0.0473  +0.1168
    t+3   | +0.2281  +0.2160  -0.2761  +0.3643  -0.0643  +0.0104
    t+4   | +0.2306  +0.2812  -0.3898  +0.3917  -0.0800  -0.0084
[23:33:05] #  313 [bench] e2e=  987.9ms  infer=  985.2ms  cap=  2.6ms
    t+0   | +0.2782  +0.0714  -0.1495  +0.3307  -0.0244  -0.1290
    t+1   | +0.2220  +0.0718  -0.1449  +0.3062  +0.0333  -0.2544
    t+2   | +0.1424  +0.0353  -0.1268  +0.2698  +0.0300  -0.4332
    t+3   | +0.0709  +0.0241  -0.1152  +0.2642  +0.0607  -0.6622
    t+4   | +0.0429  -0.0258  -0.0918  +0.2372  +0.0725  -0.6875
[23:33:06] #  314 [bench] e2e=  974.8ms  infer=  971.7ms  cap=  2.9ms
    t+0   | +0.2257  +0.1328  -0.1705  +0.3486  -0.0248  +0.2874
    t+1   | +0.2177  +0.1717  -0.2332  +0.3696  +0.0092  +0.2337
    t+2   | +0.2257  +0.1575  -0.2558  +0.3854  +0.0083  +0.0626
    t+3   | +0.2245  +0.1938  -0.2938  +0.3925  +0.0128  -0.0777
    t+4   | +0.2242  +0.2250  -0.2867  +0.3959  -0.0462  -0.1104
[23:33:07] #  315 [bench] e2e=  990.3ms  infer=  988.4ms  cap=  1.8ms
    t+0   | +0.2869  -0.0987  -0.0566  +0.2627  -0.0230  -0.1882
    t+1   | +0.2606  -0.0594  -0.0853  +0.2823  +0.0028  -0.1903
    t+2   | +0.2227  +0.0331  -0.1362  +0.3191  +0.0571  -0.2194
    t+3   | +0.1877  +0.0671  -0.1874  +0.3175  +0.0750  -0.3636
    t+4   | +0.2116  +0.0716  -0.1719  +0.2929  +0.0805  -0.4322
[23:33:08] #  316 [bench] e2e=  977.2ms  infer=  974.2ms  cap=  2.8ms
    t+0   | +0.0766  +0.1525  -0.2577  +0.3972  +0.2956  -0.1438
    t+1   | +0.0920  +0.1502  -0.2300  +0.3691  +0.2455  -0.1324
    t+2   | +0.1062  +0.1676  -0.2008  +0.3670  +0.2424  -0.1636
    t+3   | +0.1345  +0.1786  -0.1375  +0.3717  +0.2553  -0.2303
    t+4   | +0.1183  +0.1736  -0.0834  +0.3778  +0.4008  -0.3196
[23:33:09] #  317 [bench] e2e=  992.2ms  infer=  989.0ms  cap=  3.0ms
    t+0   | +0.2222  +0.0168  -0.0877  +0.3222  +0.0870  -0.0606
    t+1   | +0.2290  +0.0775  -0.0811  +0.3428  +0.1430  -0.3356
    t+2   | +0.1972  +0.0775  -0.0649  +0.3391  +0.1556  -0.3252
    t+3   | +0.1247  +0.0189  -0.0409  +0.3154  +0.1255  -0.4702
    t+4   | +0.1258  -0.0064  -0.0226  +0.3080  +0.0785  -0.3392
[23:33:10] #  318 [bench] e2e=  995.9ms  infer=  992.8ms  cap=  2.9ms
    t+0   | +0.1875  +0.1174  -0.2178  +0.3354  -0.0207  -0.1163
    t+1   | +0.1942  +0.1959  -0.3377  +0.3877  -0.0436  -0.0900
    t+2   | +0.1521  +0.2420  -0.3989  +0.4028  -0.0268  -0.0425
    t+3   | +0.1245  +0.2946  -0.4343  +0.3876  -0.1401  -0.0699
    t+4   | +0.1421  +0.3955  -0.5066  +0.3766  -0.2215  -0.1437
[23:33:11] #  319 [bench] e2e=  976.7ms  infer=  973.6ms  cap=  3.0ms
    t+0   | +0.0976  -0.0869  -0.0041  +0.2181  +0.0787  -0.1324
    t+1   | +0.0419  -0.0318  -0.0547  +0.2011  +0.0696  -0.0797
    t+2   | +0.0217  -0.0062  -0.0857  +0.1784  +0.0473  -0.1276
    t+3   | +0.0425  +0.0298  -0.0968  +0.2046  +0.0571  -0.1231
    t+4   | +0.0722  +0.0641  -0.0838  +0.2424  +0.0527  -0.1642
[23:33:12] #  320 [bench] e2e=  985.1ms  infer=  981.8ms  cap=  3.2ms
    t+0   | +0.0517  -0.0388  -0.1682  +0.3203  +0.1430  -0.5697
    t+1   | +0.0660  -0.0778  -0.1242  +0.3329  +0.1200  -0.4734
    t+2   | +0.0320  -0.1436  -0.0389  +0.3313  +0.0724  -0.5390
    t+3   | +0.0758  -0.0926  -0.0825  +0.3547  +0.0251  -0.4624
    t+4   | +0.0662  -0.1182  -0.0546  +0.3209  +0.0281  -0.4747
[23:33:13] #  321 [bench] e2e=  992.2ms  infer=  989.4ms  cap=  2.7ms
    t+0   | +0.0450  -0.2008  +0.0406  +0.1911  +0.1930  -0.2709
    t+1   | +0.0666  -0.1485  +0.0086  +0.2106  +0.1919  -0.2456
    t+2   | +0.0294  -0.1025  +0.0062  +0.2040  +0.1904  -0.2947
    t+3   | +0.0170  -0.0878  -0.0545  +0.2033  +0.1382  -0.4328
    t+4   | +0.0273  -0.0535  -0.1089  +0.2450  +0.1112  -0.6411
[23:33:14] #  322 [bench] e2e=  979.9ms  infer=  976.8ms  cap=  2.9ms
    t+0   | +0.1958  +0.1602  -0.2515  +0.3525  -0.0781  +0.2981
    t+1   | +0.1960  +0.1733  -0.3198  +0.3422  -0.1066  +0.0160
    t+2   | +0.1830  +0.2074  -0.3121  +0.3463  -0.1000  -0.1390
    t+3   | +0.1527  +0.1746  -0.2890  +0.2856  -0.0390  -0.5341
    t+4   | +0.1201  +0.1249  -0.2255  +0.2999  +0.0596  -0.5405
[23:33:15] #  323 [bench] e2e=  993.1ms  infer=  990.3ms  cap=  2.7ms
    t+0   | +0.0199  -0.0387  -0.1101  +0.2322  +0.1924  -0.2599
    t+1   | -0.0011  -0.0090  -0.1306  +0.2235  +0.2342  -0.2246
    t+2   | -0.0105  -0.0013  -0.1206  +0.2199  +0.2231  -0.2164
    t+3   | +0.0115  +0.0010  -0.0962  +0.2630  +0.2114  -0.1798
    t+4   | +0.0638  +0.0159  -0.0756  +0.2513  +0.2064  -0.2284
[23:33:16] #  324 [bench] e2e=  984.4ms  infer=  981.3ms  cap=  3.0ms
    t+0   | +0.1295  +0.0386  -0.2097  +0.2592  -0.0608  -0.4816
    t+1   | +0.1044  +0.0279  -0.2014  +0.2445  -0.0130  -0.3723
    t+2   | +0.0826  +0.0124  -0.1581  +0.2142  +0.0608  -0.3124
    t+3   | +0.0646  -0.0004  -0.1605  +0.2172  +0.1700  -0.3598
    t+4   | +0.1091  -0.0065  -0.1398  +0.2423  +0.0954  -0.3258
[23:33:17] #  325 [bench] e2e=  991.0ms  infer=  988.4ms  cap=  2.4ms
    t+0   | +0.1387  +0.0694  -0.1155  +0.2699  +0.0540  -0.3002
    t+1   | +0.1180  +0.0514  -0.1171  +0.2936  +0.1013  -0.2385
    t+2   | +0.0838  +0.0699  -0.1149  +0.3045  +0.0723  -0.1957
    t+3   | +0.0366  +0.0933  -0.1636  +0.3260  -0.0225  +0.1629
    t+4   | +0.0661  +0.1335  -0.1969  +0.3701  -0.0463  +0.5268

  [live] after 320 bench steps — e2e mean=987.0ms  |  max replan freq=1.01 Hz  |  max control freq=5.07 Hz (n_action_steps=5)

[23:33:18] #  326 [bench] e2e=  995.1ms  infer=  992.6ms  cap=  2.3ms
    t+0   | +0.0046  -0.0447  +0.0108  +0.2264  +0.1742  -0.2400
    t+1   | -0.0484  -0.0230  +0.0301  +0.2079  +0.1877  -0.3044
    t+2   | -0.0189  -0.0149  -0.0059  +0.2077  +0.1546  -0.2355
    t+3   | +0.0164  -0.0200  -0.0180  +0.2446  +0.1079  -0.2687
    t+4   | +0.0603  -0.0566  -0.0228  +0.2466  +0.0976  -0.2361
[23:33:19] #  327 [bench] e2e=  984.9ms  infer=  982.1ms  cap=  2.6ms
    t+0   | +0.1222  -0.1024  -0.0015  +0.1953  -0.0616  -0.1773
    t+1   | +0.1303  -0.0571  -0.0646  +0.2398  -0.0868  -0.1791
    t+2   | +0.0685  -0.0660  -0.1002  +0.2661  -0.1280  -0.2677
    t+3   | +0.0815  -0.0404  -0.0929  +0.2777  -0.0911  -0.4180
    t+4   | +0.1352  +0.0099  -0.1345  +0.2725  -0.0654  -0.6018
[23:33:20] #  328 [bench] e2e=  977.0ms  infer=  973.9ms  cap=  3.0ms
    t+0   | -0.0945  -0.4281  +0.2833  +0.0833  +0.1937  -0.6077
    t+1   | +0.0051  -0.2374  -0.0514  +0.2420  +0.0021  -0.6210
    t+2   | -0.0134  -0.1881  -0.0989  +0.2407  +0.0295  -0.5546
    t+3   | -0.0083  -0.0740  -0.1524  +0.2694  +0.0125  -0.2699
    t+4   | +0.0127  -0.0277  -0.1711  +0.2977  +0.0902  -0.3390
[23:33:21] #  329 [bench] e2e=  986.1ms  infer=  983.3ms  cap=  2.7ms
    t+0   | -0.0387  -0.0207  -0.1421  +0.2486  +0.0863  -0.5995
    t+1   | -0.1529  -0.0614  -0.1350  +0.2211  +0.0965  -0.6739
    t+2   | -0.1927  -0.0410  -0.1911  +0.2157  +0.0608  -0.6204
    t+3   | -0.1243  -0.0177  -0.2556  +0.2037  +0.0373  -0.6351
    t+4   | -0.1744  +0.1267  -0.5467  +0.2381  +0.0304  -0.6466
[23:33:22] #  330 [bench] e2e=  997.4ms  infer=  994.3ms  cap=  3.0ms
    t+0   | +0.1217  -0.0161  -0.1055  +0.2897  -0.0218  -0.2559
    t+1   | +0.0945  +0.0876  -0.1726  +0.3292  -0.0307  -0.2603
    t+2   | +0.0922  +0.1407  -0.2045  +0.3448  -0.0208  -0.2314
    t+3   | +0.0839  +0.1509  -0.2457  +0.3248  -0.0073  -0.2179
    t+4   | +0.1109  +0.1416  -0.2254  +0.3328  -0.0017  -0.2217
[23:33:23] #  331 [bench] e2e=  997.5ms  infer=  994.3ms  cap=  3.0ms
    t+0   | +0.1634  +0.0685  -0.1338  +0.3091  -0.0106  -0.4489
    t+1   | +0.1256  +0.0565  -0.1013  +0.2832  -0.0537  -0.3841
    t+2   | +0.0961  +0.0641  -0.1001  +0.2411  -0.0504  -0.4356
    t+3   | +0.0810  +0.0758  -0.0921  +0.2409  +0.0168  -0.4579
    t+4   | +0.0419  +0.0665  -0.0949  +0.2628  +0.0276  -0.5083
[23:33:24] #  332 [bench] e2e=  993.7ms  infer=  990.6ms  cap=  3.0ms
    t+0   | +0.1528  +0.0213  -0.1002  +0.2949  -0.0122  +0.2015
    t+1   | +0.0391  +0.0100  -0.1414  +0.3144  +0.1386  +0.0165
    t+2   | -0.0292  +0.0060  -0.1999  +0.3193  +0.0985  -0.0477
    t+3   | +0.0234  +0.0436  -0.2396  +0.3497  +0.1541  -0.0998
    t+4   | +0.0895  +0.1224  -0.2621  +0.3858  +0.3572  -0.3167
[23:33:25] #  333 [bench] e2e= 1024.6ms  infer= 1021.8ms  cap=  2.7ms
    t+0   | +0.0423  -0.0207  -0.1005  +0.2395  +0.1075  -0.3960
    t+1   | +0.0152  +0.0451  -0.1779  +0.2648  +0.1293  -0.3918
    t+2   | +0.0382  +0.0656  -0.1715  +0.2585  +0.1110  -0.3271
    t+3   | +0.0733  +0.0699  -0.1617  +0.2558  +0.0818  -0.2738
    t+4   | +0.0927  +0.0398  -0.1498  +0.2483  +0.0834  -0.2638
[23:33:26] #  334 [bench] e2e=  979.0ms  infer=  975.9ms  cap=  2.9ms
    t+0   | +0.2538  +0.0855  -0.2119  +0.3660  -0.0137  -0.0475
    t+1   | +0.1301  +0.0532  -0.2037  +0.3108  -0.0529  -0.2463
    t+2   | +0.0355  +0.0226  -0.1085  +0.2606  -0.0411  -0.5927
    t+3   | +0.0230  +0.0005  -0.1060  +0.2462  -0.0535  -0.5632
    t+4   | +0.0604  +0.0041  -0.1565  +0.2625  -0.0447  -0.4847
[23:33:27] #  335 [bench] e2e=  992.0ms  infer=  988.9ms  cap=  2.9ms
    t+0   | +0.1884  +0.0347  -0.1157  +0.3281  +0.1590  -0.3473
    t+1   | +0.1477  +0.0137  -0.1179  +0.3560  +0.1658  -0.2713
    t+2   | +0.1282  +0.0085  -0.1250  +0.3899  +0.2008  -0.2439
    t+3   | +0.1630  +0.0426  -0.1478  +0.3888  +0.1649  -0.0959
    t+4   | +0.1723  +0.0604  -0.1718  +0.3987  +0.0894  +0.0086
[23:33:28] #  336 [bench] e2e=  995.2ms  infer=  991.9ms  cap=  3.1ms
    t+0   | +0.2636  +0.0639  -0.1804  +0.3600  +0.0482  -0.1060
    t+1   | +0.3095  +0.0504  -0.1669  +0.3670  +0.0468  -0.1139
    t+2   | +0.3619  +0.0394  -0.1022  +0.3363  +0.0969  -0.2363
    t+3   | +0.3561  +0.0461  -0.0620  +0.3237  +0.1328  -0.2024
    t+4   | +0.3325  +0.0324  -0.0301  +0.3098  +0.1581  -0.1286
[23:33:29] #  337 [bench] e2e=  983.9ms  infer=  980.8ms  cap=  2.9ms
    t+0   | +0.2697  +0.1839  -0.2803  +0.4131  -0.0159  +0.2703
    t+1   | +0.2729  +0.1751  -0.2399  +0.3906  +0.0215  +0.1740
    t+2   | +0.2438  +0.1498  -0.2009  +0.3580  +0.0425  +0.1937
    t+3   | +0.2243  +0.1156  -0.1746  +0.3669  +0.0585  +0.1579
    t+4   | +0.2218  +0.1071  -0.1566  +0.3699  +0.0858  +0.2043
[23:33:30] #  338 [bench] e2e=  995.5ms  infer=  992.4ms  cap=  3.0ms
    t+0   | +0.1944  -0.0209  -0.0630  +0.2582  -0.0019  -0.0850
    t+1   | +0.1346  +0.0547  -0.1298  +0.3076  +0.0395  -0.0606
    t+2   | +0.1562  +0.1109  -0.2307  +0.3709  +0.0516  +0.0471
    t+3   | +0.1632  +0.1609  -0.2636  +0.4007  +0.1037  +0.2344
    t+4   | +0.1731  +0.1660  -0.2540  +0.3872  +0.0850  +0.2006
[23:33:31] #  339 [bench] e2e=  980.8ms  infer=  977.7ms  cap=  2.9ms
    t+0   | +0.1339  -0.0335  -0.0161  +0.2251  +0.0491  -0.3387
    t+1   | +0.1552  +0.0372  -0.0660  +0.2571  +0.0424  +0.1211
    t+2   | +0.1422  +0.0861  -0.1058  +0.2789  +0.0620  +0.2254
    t+3   | +0.1273  +0.0986  -0.1307  +0.2814  +0.0802  -0.0791
    t+4   | +0.1094  +0.1429  -0.1384  +0.3359  +0.1175  +0.5227
[23:33:32] #  340 [bench] e2e=  995.4ms  infer=  992.2ms  cap=  3.0ms
    t+0   | +0.2191  +0.0897  -0.1800  +0.3067  -0.1512  -0.0396
    t+1   | +0.2100  +0.1135  -0.1808  +0.3269  -0.1136  -0.0623
    t+2   | +0.1524  +0.0953  -0.1639  +0.3074  -0.0781  -0.2224
    t+3   | +0.0960  +0.0902  -0.1921  +0.3441  -0.0101  -0.4323
    t+4   | +0.1124  +0.0960  -0.2112  +0.3278  +0.0272  -0.4510
[23:33:33] #  341 [bench] e2e=  994.3ms  infer=  991.9ms  cap=  2.3ms
    t+0   | +0.1431  -0.0909  -0.0557  +0.2784  -0.0169  +0.0653
    t+1   | +0.1398  -0.0526  -0.0757  +0.3059  -0.0182  +0.1973
    t+2   | +0.1687  +0.0228  -0.1139  +0.2859  -0.0569  +0.0956
    t+3   | +0.1892  +0.0317  -0.1392  +0.2650  -0.0919  -0.0123
    t+4   | +0.1958  +0.1101  -0.2206  +0.2902  -0.0506  -0.1377
[23:33:34] #  342 [bench] e2e=  980.2ms  infer=  977.3ms  cap=  2.7ms
    t+0   | +0.1440  +0.0693  -0.1464  +0.2808  -0.0167  -0.0163
    t+1   | +0.1187  +0.0503  -0.1107  +0.2745  +0.0103  +0.1574
    t+2   | +0.1564  +0.0265  -0.0923  +0.2815  +0.0048  +0.3599
    t+3   | +0.1926  +0.0372  -0.0599  +0.2920  -0.0217  +0.3419
    t+4   | +0.2022  +0.0235  -0.0670  +0.2833  -0.0706  +0.1212
[23:33:35] #  343 [bench] e2e=  979.0ms  infer=  975.9ms  cap=  3.0ms
    t+0   | +0.2663  +0.0047  -0.0991  +0.3196  -0.0388  -0.0140
    t+1   | +0.2340  -0.0040  -0.0899  +0.3237  -0.0365  -0.0521
    t+2   | +0.1484  -0.0053  -0.0996  +0.2914  -0.0272  -0.1964
    t+3   | +0.0904  -0.0345  -0.1168  +0.2229  -0.0151  -0.2647
    t+4   | +0.0623  -0.0510  -0.0638  +0.2184  -0.0216  -0.3754
[23:33:36] #  344 [bench] e2e=  985.8ms  infer=  983.0ms  cap=  2.6ms
    t+0   | +0.2058  +0.0127  -0.0908  +0.2921  +0.0324  +0.1430
    t+1   | +0.1814  +0.0729  -0.1882  +0.3436  +0.0490  -0.0101
    t+2   | +0.1861  +0.0723  -0.2502  +0.3373  +0.0665  -0.0527
    t+3   | +0.1821  +0.0981  -0.2891  +0.3750  +0.1260  +0.0303
    t+4   | +0.1885  +0.1267  -0.2673  +0.3964  +0.1133  +0.1178
[23:33:37] #  345 [bench] e2e=  984.8ms  infer=  981.6ms  cap=  3.1ms
    t+0   | +0.2045  +0.0441  -0.1201  +0.2994  +0.0477  -0.3757
    t+1   | +0.1080  -0.0023  -0.0658  +0.2439  +0.0283  -0.4644
    t+2   | +0.0852  -0.0177  -0.0675  +0.2120  +0.0231  -0.4897
    t+3   | +0.1096  +0.0206  -0.1118  +0.2455  +0.0096  -0.3773
    t+4   | +0.0930  +0.0067  -0.0701  +0.2789  +0.0031  -0.4051

  [live] after 340 bench steps — e2e mean=987.2ms  |  max replan freq=1.01 Hz  |  max control freq=5.07 Hz (n_action_steps=5)

[23:33:38] #  346 [bench] e2e=  994.6ms  infer=  991.3ms  cap=  3.1ms
    t+0   | +0.0756  -0.0132  -0.0592  +0.2925  +0.1644  -0.2466
    t+1   | +0.0077  +0.0328  -0.1154  +0.3403  +0.2057  -0.0363
    t+2   | +0.0048  +0.0078  -0.1229  +0.2853  +0.0356  +0.8033
    t+3   | -0.0251  +0.1364  -0.2092  +0.3266  +0.0609  +0.9249
    t+4   | +0.0665  +0.1873  -0.2539  +0.3633  +0.0417  +0.9528
[23:33:39] #  347 [bench] e2e=  994.3ms  infer=  991.1ms  cap=  3.1ms
    t+0   | +0.2412  -0.0293  -0.0288  +0.2552  +0.1006  -0.4287
    t+1   | +0.2195  -0.0285  -0.0597  +0.2553  +0.0677  -0.5211
    t+2   | +0.1812  -0.0200  -0.0597  +0.2915  +0.0133  -0.6139
    t+3   | +0.1620  -0.0176  -0.0523  +0.3044  +0.0038  -0.5758
    t+4   | +0.1068  -0.0552  -0.0367  +0.2632  +0.0092  -0.6378
[23:33:40] #  348 [bench] e2e=  971.9ms  infer=  968.8ms  cap=  2.9ms
    t+0   | +0.2974  +0.1847  -0.2300  +0.3629  -0.0102  +0.4741
    t+1   | +0.2758  +0.1965  -0.2262  +0.3509  -0.0151  +0.3761
    t+2   | +0.2296  +0.1772  -0.2153  +0.3353  +0.0326  +0.0736
    t+3   | +0.1952  +0.1874  -0.2338  +0.3548  +0.0414  +0.0173
    t+4   | +0.1293  +0.2101  -0.2599  +0.3491  +0.0767  -0.2677
[23:33:41] #  349 [bench] e2e=  990.1ms  infer=  987.0ms  cap=  3.0ms
    t+0   | +0.0304  -0.0313  +0.0057  +0.1908  +0.0308  -0.2173
    t+1   | +0.0321  -0.0116  -0.0149  +0.2421  +0.0869  -0.0972
    t+2   | +0.0209  -0.0885  -0.0377  +0.2480  +0.0805  -0.0859
    t+3   | +0.0236  -0.0913  -0.0791  +0.2715  +0.0567  -0.0879
    t+4   | +0.0227  -0.0857  -0.0695  +0.2955  +0.0476  -0.1394
[23:33:42] #  350 [bench] e2e=  995.4ms  infer=  992.3ms  cap=  3.0ms
    t+0   | +0.2128  -0.0722  +0.0400  +0.2063  +0.0406  -0.6905
    t+1   | +0.1856  -0.0698  +0.0254  +0.2142  +0.0519  -0.5944
    t+2   | +0.1500  -0.0502  +0.0154  +0.2044  +0.0274  -0.5411
    t+3   | +0.1402  +0.0026  -0.0504  +0.2336  +0.0005  -0.4762
    t+4   | +0.0970  -0.0394  -0.0356  +0.2104  +0.0552  -0.4866
[23:33:43] #  351 [bench] e2e=  979.5ms  infer=  976.2ms  cap=  3.2ms
    t+0   | +0.2710  +0.1721  -0.1664  +0.3366  +0.0894  -0.1345
    t+1   | +0.2594  +0.1195  -0.1673  +0.3179  +0.0609  -0.0415
    t+2   | +0.2314  +0.0909  -0.1461  +0.3272  +0.1216  -0.1356
    t+3   | +0.1820  +0.0757  -0.1235  +0.3088  +0.1502  -0.1554
    t+4   | +0.1143  +0.0449  -0.1297  +0.2805  +0.1824  -0.2993
[23:33:44] #  352 [bench] e2e=  989.6ms  infer=  986.5ms  cap=  2.9ms
    t+0   | +0.1447  -0.0927  +0.0317  +0.2375  +0.1718  -0.1143
    t+1   | +0.1147  -0.1038  +0.0453  +0.2214  +0.1664  -0.0606
    t+2   | +0.0635  -0.0901  +0.0290  +0.2315  +0.1676  -0.1018
    t+3   | +0.0337  -0.0514  +0.0202  +0.2459  +0.2155  -0.1306
    t+4   | -0.0106  -0.0234  +0.0124  +0.2069  +0.2144  -0.1561
[23:33:45] #  353 [bench] e2e=  992.5ms  infer=  989.6ms  cap=  2.7ms
    t+0   | +0.0389  +0.1125  -0.3153  +0.3347  -0.0632  -0.5653
    t+1   | +0.0601  +0.0735  -0.2349  +0.3440  +0.0146  -0.5416
    t+2   | +0.0394  +0.0657  -0.1486  +0.3359  +0.1036  -0.5754
    t+3   | +0.0247  +0.0294  -0.1054  +0.3317  +0.1351  -0.6035
    t+4   | +0.0429  -0.0189  -0.0634  +0.3293  +0.1644  -0.6373
[23:33:46] #  354 [bench] e2e=  995.2ms  infer=  992.0ms  cap=  3.0ms
    t+0   | +0.0852  -0.0103  -0.1379  +0.3172  -0.0149  -0.2382
    t+1   | +0.0160  +0.0258  -0.1562  +0.4222  +0.0158  -0.2244
    t+2   | +0.0032  +0.1029  -0.1872  +0.4607  +0.0632  -0.3439
    t+3   | +0.0281  +0.0567  -0.1434  +0.4256  +0.0913  -0.3630
    t+4   | +0.0295  +0.0565  -0.1440  +0.4239  +0.1258  -0.3676
[23:33:47] #  355 [bench] e2e=  994.9ms  infer=  991.8ms  cap=  2.9ms
    t+0   | +0.1265  -0.0495  -0.0296  +0.2432  -0.0112  -0.6499
    t+1   | +0.0312  -0.1503  -0.0114  +0.2167  -0.0157  -0.6949
    t+2   | +0.0550  -0.1394  -0.0251  +0.2385  +0.0093  -0.6155
    t+3   | +0.0630  -0.1065  -0.0554  +0.2344  +0.0062  -0.5116
    t+4   | +0.1003  -0.1021  -0.1292  +0.2565  -0.0422  -0.5355
[23:33:48] #  356 [bench] e2e=  976.2ms  infer=  973.2ms  cap=  2.8ms
    t+0   | +0.2314  +0.1232  -0.1486  +0.2874  +0.0051  -0.1729
    t+1   | +0.2585  +0.2172  -0.2358  +0.2673  +0.0513  -0.5832
    t+2   | +0.2731  +0.2122  -0.2195  +0.2586  +0.0022  -0.6388
    t+3   | +0.2463  +0.1537  -0.1671  +0.2139  -0.0628  -0.6314
    t+4   | +0.2284  +0.1036  -0.1463  +0.2506  -0.0758  -0.4310
[23:33:49] #  357 [bench] e2e=  990.7ms  infer=  987.4ms  cap=  3.1ms
    t+0   | +0.3214  +0.1608  -0.2579  +0.3992  -0.0070  -0.0066
    t+1   | +0.2250  +0.2250  -0.3063  +0.3838  +0.0291  -0.2330
    t+2   | +0.1551  +0.2047  -0.2543  +0.3279  +0.0292  -0.5418
    t+3   | +0.1366  +0.1642  -0.1929  +0.2636  +0.0028  -0.5740
    t+4   | +0.1285  +0.1908  -0.2121  +0.2667  -0.0023  -0.4358
[23:33:50] #  358 [bench] e2e=  996.1ms  infer=  993.9ms  cap=  2.0ms
    t+0   | -0.2936  +0.1527  -0.2918  +0.3160  +0.3172  -0.4240
    t+1   | -0.2909  -0.0415  -0.0923  +0.2283  +0.3622  -0.5316
    t+2   | -0.1603  -0.1472  +0.0221  +0.1860  +0.2802  -0.4622
    t+3   | -0.1096  -0.0821  -0.0276  +0.2037  +0.2222  -0.3652
    t+4   | -0.0773  -0.0580  -0.0549  +0.1933  +0.1450  -0.3910
[23:33:51] #  359 [bench] e2e=  996.3ms  infer=  993.2ms  cap=  3.0ms
    t+0   | -0.0066  -0.1499  +0.1777  +0.1153  +0.1276  -0.6867
    t+1   | -0.0052  -0.1369  +0.1290  +0.1424  +0.1101  -0.6609
    t+2   | -0.0230  -0.0720  +0.0137  +0.1926  +0.0851  -0.5932
    t+3   | -0.0239  -0.0167  -0.0872  +0.2015  +0.0612  -0.5275
    t+4   | -0.0020  +0.0297  -0.1502  +0.1993  +0.0329  -0.3536
[23:33:52] #  360 [bench] e2e=  997.5ms  infer=  993.9ms  cap=  3.4ms
    t+0   | +0.2954  +0.2003  -0.3662  +0.4035  -0.1637  +0.2707
    t+1   | +0.2402  +0.2135  -0.4143  +0.3918  -0.1985  +0.2270
    t+2   | +0.1334  +0.2173  -0.4305  +0.4291  -0.1885  +0.1395
    t+3   | +0.1380  +0.1925  -0.3993  +0.4396  -0.1280  +0.0882
    t+4   | +0.0736  +0.1602  -0.3996  +0.4198  -0.0900  -0.0021
[23:33:53] #  361 [bench] e2e=  994.9ms  infer=  991.6ms  cap=  3.2ms
    t+0   | +0.0679  -0.0637  -0.0876  +0.2561  +0.1236  -0.4653
    t+1   | +0.1098  -0.0419  -0.0980  +0.2645  +0.1870  -0.4233
    t+2   | +0.1396  +0.0288  -0.1320  +0.2998  +0.3528  -0.3658
    t+3   | +0.2270  +0.0497  -0.1816  +0.3075  +0.3312  -0.2262
    t+4   | +0.2799  +0.0562  -0.1762  +0.3260  +0.4336  -0.0442
[23:33:53] #  362 [bench] e2e=  991.9ms  infer=  988.6ms  cap=  3.2ms
    t+0   | +0.1004  +0.0304  +0.0340  +0.2182  +0.1593  -0.0468
    t+1   | +0.1169  +0.1346  -0.1109  +0.3047  +0.1993  -0.0557
    t+2   | +0.1248  +0.1790  -0.2029  +0.3299  +0.3001  +0.0749
    t+3   | +0.1568  +0.1571  -0.1691  +0.3194  +0.1542  +0.4823
    t+4   | +0.1746  +0.1217  -0.0953  +0.2989  +0.1953  +0.3909
[23:33:54] #  363 [bench] e2e=  997.7ms  infer=  994.4ms  cap=  3.1ms
    t+0   | +0.2209  +0.1005  -0.1688  +0.3878  +0.1816  -0.1337
    t+1   | +0.2563  +0.2056  -0.2857  +0.4316  +0.1290  -0.1012
    t+2   | +0.2905  +0.2419  -0.3222  +0.4235  +0.0973  +0.0007
    t+3   | +0.2984  +0.2423  -0.3511  +0.4400  +0.2733  -0.0481
    t+4   | +0.2796  +0.1820  -0.3818  +0.4148  +0.3277  -0.0735
[23:33:55] #  364 [bench] e2e=  999.6ms  infer=  996.2ms  cap=  3.2ms
    t+0   | +0.1485  +0.0201  -0.1094  +0.2786  +0.0289  +0.0171
    t+1   | +0.0921  +0.0071  -0.0664  +0.2833  +0.1331  -0.1544
    t+2   | +0.0771  +0.0137  -0.0572  +0.2817  +0.1374  -0.1905
    t+3   | +0.0199  +0.0508  -0.0762  +0.2306  +0.2403  -0.2523
    t+4   | +0.0685  +0.0888  -0.1444  +0.2594  +0.2149  -0.2131
[23:33:56] #  365 [bench] e2e=  980.6ms  infer=  977.9ms  cap=  2.6ms
    t+0   | +0.1429  -0.0260  -0.0625  +0.2377  +0.0221  -0.2479
    t+1   | +0.0910  -0.0754  +0.0065  +0.1970  +0.0145  -0.2675
    t+2   | +0.0755  -0.0912  +0.0371  +0.1799  +0.0307  -0.3018
    t+3   | +0.0797  -0.1500  +0.0775  +0.1937  +0.0885  -0.3634
    t+4   | +0.1121  -0.1658  +0.1141  +0.1670  +0.1011  -0.3951

  [live] after 360 bench steps — e2e mean=987.4ms  |  max replan freq=1.01 Hz  |  max control freq=5.06 Hz (n_action_steps=5)

[23:33:57] #  366 [bench] e2e=  992.1ms  infer=  989.4ms  cap=  2.5ms
    t+0   | +0.3103  +0.0168  -0.1106  +0.3158  +0.1352  +0.1857
    t+1   | +0.3259  +0.0426  -0.1382  +0.3243  +0.0864  +0.1946
    t+2   | +0.2997  +0.0654  -0.1413  +0.3507  -0.0044  +0.1522
    t+3   | +0.2694  +0.0543  -0.1452  +0.3626  -0.1061  +0.5021
    t+4   | +0.2478  +0.0388  -0.1499  +0.3637  -0.0830  +0.4731
[23:33:58] #  367 [bench] e2e=  977.5ms  infer=  974.9ms  cap=  2.5ms
    t+0   | +0.2032  +0.0869  -0.1159  +0.2540  -0.0243  -0.2507
    t+1   | +0.1311  +0.0224  -0.0247  +0.2240  +0.1483  -0.4861
    t+2   | +0.1058  +0.0028  -0.0356  +0.2619  +0.2785  -0.3567
    t+3   | +0.0905  +0.0407  -0.0738  +0.2929  +0.3768  -0.3696
    t+4   | +0.1095  +0.0763  -0.0913  +0.2750  +0.2803  -0.3462
[23:33:59] #  368 [bench] e2e=  994.3ms  infer=  991.0ms  cap=  3.2ms
    t+0   | +0.1730  -0.0551  -0.0107  +0.2274  -0.0215  -0.4499
    t+1   | +0.2141  -0.0300  -0.0541  +0.2792  -0.0298  -0.4046
    t+2   | +0.2280  +0.0022  -0.1333  +0.3075  -0.0527  -0.4404
    t+3   | +0.1299  +0.0923  -0.2659  +0.3193  -0.0250  -0.4405
    t+4   | +0.1397  +0.1021  -0.2570  +0.3102  -0.0077  -0.5164
[23:34:00] #  369 [bench] e2e=  990.2ms  infer=  987.6ms  cap=  2.5ms
    t+0   | +0.1728  -0.0321  -0.0162  +0.2625  +0.0823  -0.4665
    t+1   | +0.2314  +0.1650  -0.2812  +0.3910  +0.1535  -0.5944
    t+2   | +0.2097  +0.2465  -0.3492  +0.3943  +0.1858  -0.6552
    t+3   | +0.1847  +0.3411  -0.3889  +0.3929  +0.1955  -0.6447
    t+4   | +0.1627  +0.3400  -0.3100  +0.3597  +0.1633  -0.6609
[23:34:01] #  370 [bench] e2e=  979.2ms  infer=  976.8ms  cap=  2.2ms
    t+0   | -0.0429  -0.1002  -0.0010  +0.1551  +0.1324  -0.1919
    t+1   | -0.0191  -0.0916  -0.0287  +0.1509  +0.1198  -0.1110
    t+2   | +0.0095  -0.0788  -0.0589  +0.1920  +0.0067  +0.6756
    t+3   | +0.0301  -0.0257  -0.0972  +0.2393  -0.0189  +0.6414
    t+4   | +0.0807  +0.0566  -0.1411  +0.3085  -0.0808  +0.8062
[23:34:02] #  371 [bench] e2e=  989.4ms  infer=  986.0ms  cap=  3.1ms
    t+0   | +0.1141  +0.3664  -0.5428  +0.3778  +0.2850  -0.5404
    t+1   | +0.0823  +0.3001  -0.4767  +0.3436  +0.2088  -0.4617
    t+2   | +0.0766  +0.1904  -0.3713  +0.2988  +0.1513  -0.2511
    t+3   | +0.0715  +0.1197  -0.2712  +0.2797  +0.1197  -0.0544
    t+4   | +0.0991  +0.0708  -0.2568  +0.2677  +0.0356  +0.5737
[23:34:03] #  372 [bench] e2e=  990.9ms  infer=  988.2ms  cap=  2.5ms
    t+0   | +0.1663  +0.1665  -0.1233  +0.2804  -0.0705  +0.5669
    t+1   | +0.1400  +0.1379  -0.0888  +0.2536  -0.0611  +0.3333
    t+2   | +0.1152  +0.1353  -0.1169  +0.2931  -0.1460  +0.3405
    t+3   | +0.1062  +0.1405  -0.1468  +0.3287  -0.0813  +0.2011
    t+4   | +0.1035  +0.2561  -0.3174  +0.3950  +0.0791  +0.0824
[23:34:04] #  373 [bench] e2e= 1011.1ms  infer= 1008.3ms  cap=  2.6ms
    t+0   | -0.1145  -0.3059  +0.0571  +0.0474  -0.2231  -0.5899
    t+1   | -0.1426  -0.2663  +0.0227  +0.0716  -0.1487  -0.6957
    t+2   | -0.0890  -0.2140  +0.0178  +0.1050  -0.1126  -0.6788
    t+3   | -0.0983  -0.1660  +0.0357  +0.1283  -0.0715  -0.7353
    t+4   | -0.0882  -0.1606  +0.0312  +0.1129  -0.0675  -0.7397
[23:34:05] #  374 [bench] e2e=  986.8ms  infer=  982.6ms  cap=  4.1ms
    t+0   | +0.1466  +0.0362  -0.0587  +0.2787  -0.0981  -0.7377
    t+1   | +0.1613  -0.0239  +0.0319  +0.2511  -0.1117  -0.7256
    t+2   | +0.1652  -0.0048  +0.0284  +0.2533  -0.0749  -0.6928
    t+3   | +0.1471  +0.0028  -0.0636  +0.2340  -0.0346  -0.6864
    t+4   | +0.1379  +0.0308  -0.1211  +0.2750  -0.0585  -0.1668
[23:34:06] #  375 [bench] e2e=  990.3ms  infer=  987.8ms  cap=  2.3ms
    t+0   | +0.1980  +0.1218  -0.2073  +0.3019  -0.0197  -0.1474
    t+1   | +0.1747  +0.0740  -0.1532  +0.2305  +0.0529  -0.3237
    t+2   | +0.1369  +0.0207  -0.0505  +0.1634  +0.0696  -0.5118
    t+3   | +0.1373  +0.0345  -0.0432  +0.1202  +0.0966  -0.6358
    t+4   | +0.1572  +0.0726  -0.0317  +0.1525  +0.1209  -0.6288
[23:34:07] #  376 [bench] e2e=  981.8ms  infer=  979.5ms  cap=  2.1ms
    t+0   | +0.0330  -0.0853  -0.0564  +0.2469  -0.0318  -0.1272
    t+1   | +0.0369  -0.0643  -0.0682  +0.2560  +0.0826  -0.1284
    t+2   | +0.1001  -0.0196  -0.0776  +0.3106  +0.1255  -0.0304
    t+3   | +0.1728  +0.0373  -0.0725  +0.3807  +0.2032  -0.0215
    t+4   | +0.1460  +0.0353  -0.0952  +0.3636  +0.2618  -0.0606
[23:34:08] #  377 [bench] e2e=  993.7ms  infer=  990.8ms  cap=  2.7ms
    t+0   | +0.0228  -0.0406  -0.1007  +0.2462  +0.1573  -0.3792
    t+1   | -0.0450  -0.1419  -0.0785  +0.2099  +0.0946  -0.4102
    t+2   | -0.0108  -0.0840  -0.1465  +0.2598  +0.0695  -0.1049
    t+3   | -0.0166  -0.0231  -0.2227  +0.3006  +0.0545  +0.0908
    t+4   | -0.0321  -0.0022  -0.2331  +0.3283  +0.1400  +0.0931
[23:34:09] #  378 [bench] e2e=  995.6ms  infer=  992.1ms  cap=  3.3ms
    t+0   | +0.2891  +0.0140  -0.0673  +0.2529  -0.0039  -0.5833
    t+1   | +0.2421  +0.0406  -0.0922  +0.2608  -0.0156  -0.6295
    t+2   | +0.1866  +0.0323  -0.1041  +0.2677  -0.0121  -0.6207
    t+3   | +0.1641  +0.0095  -0.1277  +0.2907  -0.0113  -0.3669
    t+4   | +0.1620  +0.0270  -0.2703  +0.3708  +0.0254  -0.4863
[23:34:10] #  379 [bench] e2e=  983.2ms  infer=  980.1ms  cap=  3.0ms
    t+0   | +0.1614  +0.0995  -0.0532  +0.2049  +0.2335  -0.1270
    t+1   | +0.1758  +0.0801  -0.0741  +0.2255  +0.0881  +0.0944
    t+2   | +0.1606  +0.0371  -0.0549  +0.2110  +0.0209  +0.1580
    t+3   | +0.1741  +0.0096  -0.0945  +0.2390  +0.0188  +0.1902
    t+4   | +0.2092  +0.0102  -0.1190  +0.2680  +0.0262  +0.2400
[23:34:11] #  380 [bench] e2e=  990.4ms  infer=  987.3ms  cap=  3.0ms
    t+0   | +0.0719  +0.0065  +0.0070  +0.2250  +0.0122  -0.1453
    t+1   | -0.0326  +0.0102  +0.0536  +0.2218  +0.1242  -0.4898
    t+2   | -0.0467  +0.0055  +0.0313  +0.2612  +0.2642  -0.5910
    t+3   | -0.0032  +0.0154  +0.0035  +0.2935  +0.2324  -0.4945
    t+4   | -0.0124  -0.0100  -0.0070  +0.2784  +0.2144  -0.4664
[23:34:12] #  381 [bench] e2e=  992.6ms  infer=  990.2ms  cap=  2.2ms
    t+0   | +0.0453  +0.2184  -0.2222  +0.2547  -0.0266  -0.0066
    t+1   | +0.0354  +0.2509  -0.2615  +0.2864  +0.1508  -0.0037
    t+2   | +0.0904  +0.2003  -0.2734  +0.3234  +0.1618  -0.0435
    t+3   | +0.0902  +0.1889  -0.2737  +0.3342  +0.3091  -0.1190
    t+4   | +0.1538  +0.1635  -0.2504  +0.2814  +0.2075  -0.2202
[23:34:13] #  382 [bench] e2e=  996.5ms  infer=  993.7ms  cap=  2.7ms
    t+0   | +0.0194  -0.0605  -0.0381  +0.1994  -0.0967  -0.0169
    t+1   | -0.0225  -0.0162  -0.0673  +0.2091  -0.0263  -0.0684
    t+2   | -0.0847  -0.0342  -0.0587  +0.2071  +0.0044  -0.2512
    t+3   | -0.0932  -0.0053  -0.1185  +0.2165  -0.0178  -0.2967
    t+4   | -0.0806  +0.0377  -0.1278  +0.2478  +0.0087  -0.2311
[23:34:14] #  383 [bench] e2e=  998.1ms  infer=  995.0ms  cap=  2.9ms
    t+0   | +0.2024  +0.0668  -0.0671  +0.2117  +0.0152  -0.5836
    t+1   | +0.1562  +0.0613  -0.1010  +0.1889  -0.0139  -0.5860
    t+2   | +0.0900  +0.0464  -0.0615  +0.1768  +0.0053  -0.4975
    t+3   | +0.0682  +0.0306  -0.0568  +0.1722  +0.0115  -0.0762
    t+4   | +0.0517  +0.0365  -0.0910  +0.1919  +0.0235  +0.0211
[23:34:15] #  384 [bench] e2e=  989.0ms  infer=  986.6ms  cap=  2.2ms
    t+0   | +0.1627  -0.0045  -0.0281  +0.2219  +0.0389  -0.1670
    t+1   | +0.1280  -0.0101  -0.0395  +0.1785  -0.0705  -0.2332
    t+2   | +0.1067  +0.0258  -0.0864  +0.1885  -0.1020  -0.2836
    t+3   | +0.1454  +0.0943  -0.1512  +0.1957  -0.0813  -0.2581
    t+4   | +0.1217  +0.1183  -0.1789  +0.2228  -0.0791  -0.1150
[23:34:16] #  385 [bench] e2e=  994.4ms  infer=  990.7ms  cap=  3.4ms
    t+0   | +0.2558  +0.0071  -0.1726  +0.3219  +0.0664  +0.1410
    t+1   | +0.2353  +0.0505  -0.1977  +0.3039  +0.1299  -0.0359
    t+2   | +0.1194  +0.0605  -0.1493  +0.2635  +0.2624  +0.0845
    t+3   | +0.0746  +0.0738  -0.1181  +0.2599  +0.3277  +0.0098
    t+4   | +0.1079  +0.0571  -0.1328  +0.2671  +0.2323  -0.0546

  [live] after 380 bench steps — e2e mean=987.6ms  |  max replan freq=1.01 Hz  |  max control freq=5.06 Hz (n_action_steps=5)

[23:34:17] #  386 [bench] e2e=  995.9ms  infer=  993.4ms  cap=  2.4ms
    t+0   | +0.1508  -0.0038  -0.0309  +0.2492  -0.0463  +0.0726
    t+1   | +0.1946  +0.0577  -0.0664  +0.2565  -0.0639  -0.0448
    t+2   | +0.2187  +0.1074  -0.1213  +0.2854  -0.0713  -0.2254
    t+3   | +0.2249  +0.1002  -0.1286  +0.2778  -0.0721  -0.2162
    t+4   | +0.2340  +0.1031  -0.1416  +0.2971  -0.0693  -0.2374
[23:34:18] #  387 [bench] e2e=  995.9ms  infer=  993.4ms  cap=  2.3ms
    t+0   | +0.0243  -0.0600  -0.0754  +0.2141  +0.0491  -0.0763
    t+1   | +0.0587  -0.0546  -0.0983  +0.2032  +0.0146  -0.0283
    t+2   | +0.1013  -0.0164  -0.1346  +0.2274  -0.0163  -0.0243
    t+3   | +0.0697  +0.0465  -0.1548  +0.2863  -0.0420  -0.0233
    t+4   | -0.0008  +0.0573  -0.1508  +0.2978  -0.0219  -0.0943
[23:34:19] #  388 [bench] e2e=  982.6ms  infer=  980.1ms  cap=  2.3ms
    t+0   | +0.1080  -0.0631  +0.1790  +0.0617  +0.0747  +0.3212
    t+1   | +0.1712  +0.0451  +0.0680  +0.1623  +0.0917  +0.1950
    t+2   | +0.1961  +0.0593  +0.0155  +0.1973  +0.0774  +0.1754
    t+3   | +0.1707  +0.0685  -0.0401  +0.2435  +0.0569  +0.2068
    t+4   | +0.1381  +0.0490  -0.0628  +0.2460  +0.1528  +0.2392
[23:34:20] #  389 [bench] e2e= 1026.7ms  infer= 1023.6ms  cap=  2.8ms
    t+0   | +0.1714  +0.0709  -0.1628  +0.2654  -0.0491  -0.2298
    t+1   | +0.1445  +0.1401  -0.1866  +0.2641  -0.0681  -0.2661
    t+2   | +0.0868  +0.1087  -0.2144  +0.2381  +0.0004  -0.3797
    t+3   | +0.0149  +0.0590  -0.1689  +0.2277  +0.0717  -0.5669
    t+4   | +0.0355  +0.0568  -0.1317  +0.2441  +0.0765  -0.5989
[23:34:21] #  390 [bench] e2e=  988.5ms  infer=  986.3ms  cap=  2.0ms
    t+0   | +0.0484  -0.0669  -0.0183  +0.2037  +0.0153  -0.6493
    t+1   | +0.0628  +0.0176  -0.1759  +0.3117  +0.0559  -0.4529
    t+2   | +0.1596  +0.0803  -0.2266  +0.3542  +0.0147  +0.0586
    t+3   | +0.1944  +0.1319  -0.2501  +0.3869  -0.0464  +0.3161
    t+4   | +0.1742  +0.1615  -0.2560  +0.3778  -0.1127  +0.2853
[23:34:22] #  391 [bench] e2e=  979.1ms  infer=  976.5ms  cap=  2.5ms
    t+0   | +0.0712  +0.0536  -0.1731  +0.2794  +0.0447  -0.0460
    t+1   | +0.0978  +0.0806  -0.1781  +0.2955  +0.0393  -0.0769
    t+2   | +0.1000  +0.1151  -0.1877  +0.3413  -0.0203  -0.1046
    t+3   | +0.0866  +0.0570  -0.1635  +0.3236  +0.0134  -0.1350
    t+4   | +0.0491  +0.0272  -0.1069  +0.2828  +0.0358  -0.1408
[23:34:23] #  392 [bench] e2e=  987.1ms  infer=  984.1ms  cap=  2.9ms
    t+0   | +0.1215  -0.0174  -0.0434  +0.2174  -0.0216  -0.3982
    t+1   | +0.0926  +0.0304  -0.0196  +0.2577  +0.3064  -0.3551
    t+2   | +0.0619  +0.0873  -0.0643  +0.2817  +0.3253  -0.4259
    t+3   | +0.0249  +0.0060  -0.0108  +0.2656  +0.3324  -0.4101
    t+4   | +0.0016  +0.0437  -0.0044  +0.2402  +0.2490  -0.4060
[23:34:24] #  393 [bench] e2e=  996.2ms  infer=  993.0ms  cap=  3.0ms
    t+0   | +0.1828  +0.1011  -0.1795  +0.2818  +0.1129  -0.1617
    t+1   | +0.1827  +0.0903  -0.1278  +0.2359  +0.1803  -0.1665
    t+2   | +0.1395  +0.0488  -0.0670  +0.2138  +0.1823  -0.0950
    t+3   | +0.1138  +0.0587  -0.0562  +0.2312  +0.2131  -0.1641
    t+4   | +0.1480  +0.0399  -0.0768  +0.2590  +0.1781  -0.1913
[23:34:25] #  394 [bench] e2e=  994.9ms  infer=  991.6ms  cap=  3.2ms
    t+0   | +0.2916  +0.2089  -0.2157  +0.3745  +0.2631  -0.0876
    t+1   | +0.1827  +0.1971  -0.1737  +0.3325  +0.1900  -0.1034
    t+2   | +0.1443  +0.1641  -0.1734  +0.2992  +0.1347  -0.0787
    t+3   | +0.1018  +0.2392  -0.2124  +0.3160  +0.1907  -0.1322
    t+4   | +0.1355  +0.2656  -0.2571  +0.3066  +0.1684  -0.1455
[23:34:26] #  395 [bench] e2e=  998.7ms  infer=  995.2ms  cap=  3.3ms
    t+0   | +0.0829  +0.0692  -0.1303  +0.2842  -0.0267  +0.1986
    t+1   | +0.0017  +0.0588  -0.1027  +0.2591  -0.0633  +0.2273
    t+2   | -0.0087  +0.0813  -0.0906  +0.2508  -0.0567  +0.1295
    t+3   | +0.0141  +0.0704  -0.0961  +0.2445  -0.0499  +0.0505
    t+4   | +0.0687  +0.0556  -0.0722  +0.2508  +0.0513  -0.1051
[23:34:27] #  396 [bench] e2e= 1028.6ms  infer= 1025.5ms  cap=  3.0ms
    t+0   | -0.0476  +0.0539  -0.0674  +0.1500  -0.1247  -0.0527
    t+1   | -0.0030  +0.1138  -0.1087  +0.1689  -0.0342  -0.0590
    t+2   | +0.0870  +0.1355  -0.1184  +0.2170  -0.0018  -0.0141
    t+3   | +0.0960  +0.1125  -0.1150  +0.1915  +0.0353  -0.0396
    t+4   | +0.0521  +0.1295  -0.0833  +0.1783  -0.0214  -0.0810
[23:34:28] #  397 [bench] e2e= 1001.1ms  infer=  997.1ms  cap=  3.7ms
    t+0   | +0.1337  -0.0317  -0.1397  +0.2575  -0.1054  -0.0585
    t+1   | +0.1448  +0.0744  -0.2239  +0.2974  -0.0196  -0.0664
    t+2   | +0.1266  +0.1317  -0.2224  +0.2591  -0.0011  -0.2266
    t+3   | +0.0414  +0.1787  -0.2259  +0.2619  -0.0408  -0.4845
    t+4   | +0.0454  +0.1905  -0.2328  +0.3046  -0.0481  -0.4312
[23:34:29] #  398 [bench] e2e=  992.9ms  infer=  989.7ms  cap=  3.0ms
    t+0   | +0.2021  +0.0497  -0.1277  +0.2978  +0.0325  +0.3028
    t+1   | +0.1237  +0.0040  -0.0823  +0.2529  -0.0038  -0.1197
    t+2   | +0.0809  +0.0164  -0.0686  +0.2457  +0.0337  -0.1802
    t+3   | +0.0879  +0.0841  -0.0821  +0.2546  +0.0762  -0.2917
    t+4   | +0.0762  +0.1022  -0.1717  +0.3078  +0.0496  -0.2260
[23:34:30] #  399 [bench] e2e=  977.0ms  infer=  973.1ms  cap=  3.6ms
    t+0   | +0.1520  +0.1183  -0.3203  +0.3656  -0.0922  -0.0817
    t+1   | +0.0911  +0.1209  -0.3203  +0.3503  -0.0642  -0.2500
    t+2   | +0.0418  +0.1415  -0.2757  +0.3511  -0.0428  -0.4269
    t+3   | +0.0069  +0.1528  -0.2804  +0.3734  -0.0049  -0.3957
    t+4   | +0.0021  +0.1544  -0.2662  +0.3458  +0.1475  -0.2996
[23:34:31] #  400 [bench] e2e=  984.2ms  infer=  981.7ms  cap=  2.3ms
    t+0   | +0.2899  -0.0695  +0.0373  +0.2417  +0.1093  -0.2922
    t+1   | +0.3015  +0.0216  -0.0513  +0.3021  +0.0815  +0.0055
    t+2   | +0.1670  +0.1209  -0.1780  +0.3536  -0.0784  +1.0650
    t+3   | +0.1429  +0.1775  -0.1864  +0.3557  -0.1012  +0.9771
    t+4   | +0.1052  +0.1391  -0.1734  +0.3373  -0.1493  +1.5892
[23:34:32] #  401 [bench] e2e=  971.4ms  infer=  969.1ms  cap=  2.1ms
    t+0   | +0.2023  +0.1744  -0.2137  +0.3478  +0.2728  +0.2195
    t+1   | +0.1302  +0.2121  -0.2310  +0.3129  +0.2166  +0.1190
    t+2   | -0.0433  +0.2640  -0.3056  +0.2908  +0.0731  +0.0785
    t+3   | -0.0892  +0.3078  -0.4146  +0.3269  -0.0462  -0.1431
    t+4   | -0.0845  +0.2998  -0.4650  +0.3804  -0.0748  -0.2452
[23:34:33] #  402 [bench] e2e=  995.8ms  infer=  992.9ms  cap=  2.8ms
    t+0   | +0.2111  +0.0651  -0.1411  +0.2479  -0.0318  -0.0097
    t+1   | +0.2126  +0.0596  -0.1688  +0.2264  -0.0105  -0.0335
    t+2   | +0.2215  +0.0766  -0.1770  +0.2247  -0.0062  +0.0284
    t+3   | +0.2181  +0.0762  -0.1671  +0.2376  +0.0405  +0.1157
    t+4   | +0.2105  +0.0739  -0.1198  +0.2131  +0.0810  +0.1778
[23:34:34] #  403 [bench] e2e=  979.3ms  infer=  976.8ms  cap=  2.4ms
    t+0   | +0.1033  +0.0695  -0.2597  +0.2634  -0.1606  -0.6218
    t+1   | +0.0547  +0.0789  -0.3058  +0.2730  -0.2320  -0.5307
    t+2   | +0.0763  +0.1687  -0.3165  +0.3189  -0.1676  -0.3350
    t+3   | +0.0580  +0.2916  -0.4277  +0.3528  -0.2000  -0.1604
    t+4   | +0.0679  +0.2951  -0.4604  +0.3375  -0.2172  -0.1934
[23:34:35] #  404 [bench] e2e=  990.3ms  infer=  987.6ms  cap=  2.5ms
    t+0   | +0.0012  -0.0527  -0.1845  +0.3323  +0.1265  -0.1953
    t+1   | +0.0626  +0.1358  -0.3033  +0.3941  +0.2983  +0.0599
    t+2   | +0.1287  +0.2392  -0.3305  +0.3941  +0.2673  +0.2803
    t+3   | +0.1275  +0.2667  -0.3061  +0.3852  +0.2061  +0.4441
    t+4   | +0.1559  +0.1928  -0.2456  +0.3900  +0.2367  +0.5392
[23:34:36] #  405 [bench] e2e=  977.3ms  infer=  973.4ms  cap=  3.6ms
    t+0   | +0.1816  -0.0741  +0.0091  +0.2032  -0.0086  +0.3506
    t+1   | +0.1600  -0.0745  +0.0068  +0.1812  -0.0628  +0.3119
    t+2   | +0.1209  -0.0417  -0.0258  +0.2153  -0.1154  +0.2359
    t+3   | +0.1104  -0.0121  -0.0565  +0.1857  -0.1230  +0.1844
    t+4   | +0.1317  +0.0075  -0.1099  +0.2017  -0.1292  +0.1479

  [live] after 400 bench steps — e2e mean=987.8ms  |  max replan freq=1.01 Hz  |  max control freq=5.06 Hz (n_action_steps=5)

[23:34:37] #  406 [bench] e2e=  990.7ms  infer=  987.4ms  cap=  3.2ms
    t+0   | -0.0049  +0.0459  -0.1292  +0.2855  +0.0404  +0.2736
    t+1   | +0.0392  +0.0277  -0.1125  +0.2580  -0.0008  +0.3266
    t+2   | +0.0526  +0.0160  -0.0650  +0.2715  +0.0221  +0.6303
    t+3   | +0.0465  +0.0270  -0.0422  +0.3161  +0.0671  +0.5624
    t+4   | +0.1134  +0.0262  -0.0969  +0.3199  +0.0659  +0.7099
[23:34:38] #  407 [bench] e2e=  985.3ms  infer=  981.8ms  cap=  3.3ms
    t+0   | +0.3230  +0.1290  -0.1898  +0.3238  +0.1332  -0.1682
    t+1   | +0.2520  +0.1074  -0.1465  +0.2646  +0.2475  -0.5486
    t+2   | +0.1646  +0.0840  -0.1314  +0.2265  +0.2525  -0.6700
    t+3   | +0.1500  +0.1035  -0.1049  +0.2191  +0.3092  -0.7153
    t+4   | +0.1677  +0.1318  -0.1026  +0.2292  +0.2872  -0.7587
[23:34:39] #  408 [bench] e2e=  994.7ms  infer=  991.5ms  cap=  3.0ms
    t+0   | -0.0206  -0.1847  +0.0118  +0.1883  -0.0994  -0.6708
    t+1   | +0.0355  -0.0947  -0.0373  +0.2222  -0.1351  -0.5797
    t+2   | +0.0475  -0.0296  -0.0858  +0.2352  -0.1251  -0.4345
    t+3   | +0.0405  +0.0321  -0.0991  +0.2540  +0.0129  -0.2417
    t+4   | +0.0140  +0.1294  -0.1515  +0.3240  +0.1678  -0.2045
[23:34:40] #  409 [bench] e2e=  983.2ms  infer=  980.2ms  cap=  2.8ms
    t+0   | +0.2209  -0.0288  -0.1821  +0.3401  +0.0447  -0.0067
    t+1   | +0.1928  -0.0110  -0.2015  +0.3090  +0.0112  -0.3961
    t+2   | +0.2650  +0.0536  -0.1869  +0.3289  +0.0269  -0.2000
    t+3   | +0.3378  +0.1286  -0.1831  +0.3334  +0.2141  -0.2291
    t+4   | +0.3293  +0.1327  -0.1934  +0.3271  +0.2327  -0.2054
[23:34:41] #  410 [bench] e2e=  974.8ms  infer=  972.3ms  cap=  2.3ms
    t+0   | -0.0223  +0.2440  -0.5336  +0.3768  +0.2055  -0.4801
    t+1   | +0.0015  +0.2030  -0.4232  +0.3584  +0.2091  -0.2720
    t+2   | -0.0473  +0.1598  -0.3680  +0.3600  +0.2141  +0.0697
    t+3   | -0.0072  +0.1756  -0.3532  +0.3883  +0.1622  -0.0480
    t+4   | +0.0853  +0.1658  -0.3313  +0.3827  +0.1786  +0.0159
[23:34:42] #  411 [bench] e2e=  980.1ms  infer=  976.7ms  cap=  3.2ms
    t+0   | +0.0268  -0.0033  -0.1997  +0.2507  +0.3084  -0.2580
    t+1   | +0.0144  +0.0170  -0.2021  +0.2216  +0.2573  -0.4026
    t+2   | +0.0111  +0.0021  -0.1603  +0.2251  +0.1661  -0.4077
    t+3   | -0.0138  +0.0188  -0.1702  +0.2457  +0.0824  -0.3181
    t+4   | -0.0332  +0.0334  -0.1711  +0.2615  +0.0275  -0.2070
[23:34:43] #  412 [bench] e2e=  973.9ms  infer=  971.1ms  cap=  2.6ms
    t+0   | -0.1121  -0.0060  -0.2012  +0.2535  -0.8323  +0.1628
    t+1   | -0.0440  -0.0375  -0.1311  +0.2230  -0.2583  +0.0054
    t+2   | -0.1035  -0.0245  -0.1233  +0.2173  -0.4329  +0.0262
    t+3   | -0.0315  +0.0203  -0.1345  +0.2893  -0.2848  -0.0420
    t+4   | +0.0344  +0.0764  -0.1869  +0.3416  -0.2616  -0.0406
[23:34:44] #  413 [bench] e2e=  988.4ms  infer=  985.6ms  cap=  2.6ms
    t+0   | +0.2407  -0.0124  -0.0629  +0.2853  +0.1338  -0.1131
    t+1   | +0.2119  -0.0035  -0.0452  +0.3140  +0.0962  -0.0174
    t+2   | +0.1839  -0.0219  -0.0715  +0.3065  +0.0306  +0.0766
    t+3   | +0.1705  -0.0260  -0.0674  +0.2948  -0.0232  +0.0196
    t+4   | +0.1836  -0.0099  -0.0849  +0.2841  -0.0154  +0.0075
[23:34:45] #  414 [bench] e2e=  974.4ms  infer=  972.1ms  cap=  2.2ms
    t+0   | +0.1751  +0.0801  -0.4053  +0.4047  -0.0529  -0.0561
    t+1   | +0.1273  +0.1732  -0.4935  +0.4482  -0.0163  -0.0204
    t+2   | +0.1726  +0.2012  -0.3856  +0.4024  -0.0466  +0.0584
    t+3   | +0.1647  +0.1807  -0.3159  +0.3400  -0.0645  +0.1050
    t+4   | +0.1746  +0.1290  -0.2805  +0.2970  -0.0628  +0.2391
[23:34:46] #  415 [bench] e2e= 1011.4ms  infer= 1008.6ms  cap=  2.6ms
    t+0   | -0.2754  -0.1111  -0.0862  +0.1642  -0.0601  -0.3513
    t+1   | -0.1991  -0.1046  -0.0444  +0.1589  +0.0319  -0.5482
    t+2   | -0.1112  -0.1109  -0.0076  +0.1586  +0.0491  -0.6609
    t+3   | -0.0681  -0.1013  +0.0521  +0.1750  +0.0798  -0.7079
    t+4   | -0.0666  -0.1232  +0.0876  +0.1676  +0.0876  -0.7177
[23:34:47] #  416 [bench] e2e=  995.1ms  infer=  992.1ms  cap=  2.8ms
    t+0   | +0.2752  +0.1338  -0.1658  +0.3191  +0.0846  -0.1405
    t+1   | +0.2416  +0.1012  -0.1258  +0.3156  +0.0287  -0.0857
    t+2   | +0.1369  +0.0677  -0.1115  +0.3701  +0.1671  -0.0716
    t+3   | +0.1099  +0.0570  -0.1601  +0.3641  +0.0828  -0.1398
    t+4   | +0.0711  +0.0488  -0.1894  +0.3571  +0.0411  -0.2707
[23:34:48] #  417 [bench] e2e=  978.4ms  infer=  974.5ms  cap=  3.8ms
    t+0   | +0.2418  +0.0363  -0.1795  +0.3259  +0.0366  -0.1342
    t+1   | +0.2364  +0.0325  -0.1825  +0.3282  +0.0281  -0.0087
    t+2   | +0.1958  +0.0617  -0.1918  +0.3626  +0.0679  +0.0420
    t+3   | +0.1697  +0.0499  -0.1576  +0.3430  +0.1003  -0.1297
    t+4   | +0.1815  +0.0235  -0.1181  +0.3042  +0.1162  -0.3790
[23:34:49] #  418 [bench] e2e=  991.4ms  infer=  988.7ms  cap=  2.6ms
    t+0   | +0.0713  +0.1364  -0.4853  +0.4096  +0.1542  -0.1957
    t+1   | +0.0563  +0.1231  -0.3930  +0.3809  +0.1720  -0.1083
    t+2   | +0.0655  +0.1090  -0.2778  +0.3680  +0.1414  -0.1876
    t+3   | +0.1101  +0.1342  -0.2215  +0.4050  +0.0792  -0.2738
    t+4   | +0.1104  +0.1056  -0.1788  +0.4042  +0.0788  -0.4811
[23:34:50] #  419 [bench] e2e=  977.3ms  infer=  974.9ms  cap=  2.2ms
    t+0   | +0.1641  -0.0227  -0.0665  +0.2113  -0.0493  -0.4377
    t+1   | +0.1855  +0.0384  -0.1099  +0.2391  +0.1744  -0.4830
    t+2   | +0.2163  +0.0329  -0.1246  +0.2732  +0.1539  -0.4442
    t+3   | +0.2270  +0.0314  -0.1640  +0.2979  +0.1939  -0.3877
    t+4   | +0.2232  +0.0540  -0.1923  +0.3000  +0.1655  -0.3487
[23:34:51] #  420 [bench] e2e=  973.2ms  infer=  970.3ms  cap=  2.7ms
    t+0   | +0.1762  -0.0190  -0.0451  +0.2379  +0.2130  -0.3035
    t+1   | +0.1976  +0.0418  -0.1004  +0.2727  +0.1391  -0.1518
    t+2   | +0.1988  +0.1343  -0.2110  +0.3417  +0.1381  -0.0101
    t+3   | +0.2036  +0.1621  -0.2957  +0.4202  +0.1389  -0.0037
    t+4   | +0.2440  +0.1517  -0.3308  +0.4351  +0.1152  +0.0038
[23:34:52] #  421 [bench] e2e=  977.3ms  infer=  974.4ms  cap=  2.7ms
    t+0   | +0.2112  +0.1186  -0.1740  +0.3479  +0.0134  +0.0572
    t+1   | +0.1405  +0.0609  -0.1125  +0.2977  +0.0704  -0.5734
    t+2   | +0.1222  +0.0772  -0.1702  +0.3083  +0.0197  -0.5981
    t+3   | +0.1116  +0.0638  -0.2279  +0.2801  -0.0143  -0.6033
    t+4   | +0.0230  +0.1010  -0.3276  +0.2977  -0.0568  -0.6355
[23:34:53] #  422 [bench] e2e=  990.9ms  infer=  988.6ms  cap=  2.1ms
    t+0   | +0.2004  +0.0866  -0.1245  +0.3089  -0.0722  +0.2674
    t+1   | +0.1692  +0.0904  -0.1407  +0.3022  -0.0139  +0.0344
    t+2   | +0.1024  +0.0512  -0.1510  +0.3017  +0.1014  -0.1255
    t+3   | +0.0767  +0.0332  -0.1160  +0.3246  +0.1275  -0.2130
    t+4   | +0.0493  +0.0673  -0.1145  +0.3109  +0.1559  -0.3399
[23:34:54] #  423 [bench] e2e=  987.9ms  infer=  984.9ms  cap=  2.9ms
    t+0   | +0.1709  -0.0403  -0.0429  +0.2401  +0.0910  +0.1558
    t+1   | +0.1007  -0.0657  -0.0497  +0.2250  +0.1616  +0.0431
    t+2   | +0.1070  -0.0463  -0.0244  +0.2029  +0.0765  -0.1093
    t+3   | +0.1125  +0.0504  -0.0612  +0.2176  +0.0764  -0.0186
    t+4   | +0.1276  +0.1397  -0.1260  +0.2370  +0.0653  +0.1161
[23:34:55] #  424 [bench] e2e=  976.4ms  infer=  973.1ms  cap=  3.2ms
    t+0   | +0.1645  +0.1243  -0.1259  +0.2882  +0.0235  -0.1329
    t+1   | +0.0853  +0.2010  -0.2029  +0.3163  +0.0112  +0.2931
    t+2   | +0.0867  +0.1989  -0.2653  +0.3487  +0.0762  +0.2452
    t+3   | +0.1668  +0.2133  -0.3236  +0.3524  +0.0280  +0.1722
    t+4   | +0.1537  +0.3341  -0.4004  +0.4336  +0.0592  +0.2855
[23:34:56] #  425 [bench] e2e=  988.5ms  infer=  986.2ms  cap=  2.1ms
    t+0   | +0.0887  +0.0401  -0.2033  +0.3461  -0.1085  -0.0302
    t+1   | +0.1612  +0.0587  -0.2061  +0.3701  -0.1334  +0.3700
    t+2   | +0.1882  +0.0924  -0.2364  +0.4369  -0.1082  +0.4215
    t+3   | +0.2234  +0.1048  -0.2394  +0.4246  -0.0801  +0.2924
    t+4   | +0.1863  +0.0810  -0.2495  +0.4168  -0.0972  +0.2077

  [live] after 420 bench steps — e2e mean=987.6ms  |  max replan freq=1.01 Hz  |  max control freq=5.06 Hz (n_action_steps=5)

[23:34:57] #  426 [bench] e2e=  980.3ms  infer=  977.3ms  cap=  2.9ms
    t+0   | +0.0359  -0.1129  -0.0463  +0.2076  -0.0807  -0.7003
    t+1   | -0.0088  -0.1348  -0.0459  +0.1942  -0.0353  -0.6657
    t+2   | -0.0154  -0.1789  -0.0416  +0.1302  -0.0103  -0.6279
    t+3   | -0.0659  -0.1391  -0.0632  +0.1592  -0.0229  -0.3764
    t+4   | -0.1250  -0.0897  -0.1742  +0.1532  -0.0543  -0.3780
[23:34:58] #  427 [bench] e2e=  989.3ms  infer=  986.4ms  cap=  2.8ms
    t+0   | +0.1290  +0.0272  -0.0434  +0.2173  -0.0582  -0.3739
    t+1   | +0.1073  +0.0692  -0.0919  +0.2373  -0.0407  -0.2686
    t+2   | +0.0407  +0.1476  -0.1655  +0.2493  +0.0103  -0.1968
    t+3   | -0.0154  +0.2090  -0.2426  +0.2783  -0.0424  -0.1516
    t+4   | -0.0531  +0.2263  -0.2931  +0.3091  -0.0793  -0.1101
[23:34:59] #  428 [bench] e2e=  979.9ms  infer=  977.1ms  cap=  2.6ms
    t+0   | +0.0803  -0.0083  -0.0152  +0.1666  +0.0473  -0.4931
    t+1   | +0.0756  -0.0218  -0.0629  +0.1854  +0.0825  -0.6505
    t+2   | +0.0738  +0.0234  -0.1787  +0.2051  +0.1354  -0.6777
    t+3   | +0.0775  +0.0344  -0.2285  +0.2432  +0.1207  -0.6675
    t+4   | +0.1008  +0.0244  -0.2295  +0.2552  +0.1073  -0.6833
[23:35:00] #  429 [bench] e2e=  978.7ms  infer=  975.4ms  cap=  3.2ms
    t+0   | +0.1631  +0.1932  -0.4526  +0.5594  +0.1649  +0.2161
    t+1   | +0.1784  +0.2421  -0.5223  +0.5824  +0.2876  -0.0074
    t+2   | +0.1515  +0.3366  -0.5570  +0.5495  +0.4000  -0.0961
    t+3   | +0.1729  +0.3951  -0.5552  +0.5083  +0.3750  -0.0532
    t+4   | +0.1824  +0.3898  -0.4510  +0.4437  +0.3186  +0.2496
[23:35:01] #  430 [bench] e2e=  994.1ms  infer=  991.6ms  cap=  2.3ms
    t+0   | +0.1640  -0.0557  -0.0589  +0.2143  -0.0450  -0.3348
    t+1   | +0.2024  +0.0344  -0.2055  +0.2996  -0.0395  -0.2562
    t+2   | +0.2341  +0.1020  -0.2546  +0.3375  -0.0560  -0.1941
    t+3   | +0.2302  +0.1444  -0.2585  +0.3672  -0.0447  -0.2394
    t+4   | +0.1987  +0.1392  -0.2633  +0.3568  +0.0111  -0.2729
[23:35:02] #  431 [bench] e2e=  982.5ms  infer=  980.3ms  cap=  2.1ms
    t+0   | +0.0330  -0.0649  +0.0175  +0.1381  +0.1317  -0.5801
    t+1   | +0.0584  -0.0372  -0.0606  +0.2000  +0.1723  -0.5622
    t+2   | +0.0397  +0.0121  -0.1380  +0.2454  +0.1753  -0.5661
    t+3   | -0.0048  +0.0029  -0.1464  +0.2616  +0.1501  -0.1350
    t+4   | -0.0088  +0.0388  -0.1715  +0.2799  +0.1262  -0.1121
[23:35:03] #  432 [bench] e2e=  972.2ms  infer=  969.8ms  cap=  2.2ms
    t+0   | +0.1818  +0.0256  -0.2872  +0.4919  +0.0898  +0.0795
    t+1   | +0.1867  +0.0622  -0.3101  +0.4998  +0.1366  +0.0811
    t+2   | +0.1535  +0.1682  -0.3230  +0.5305  +0.2233  -0.0312
    t+3   | +0.2423  +0.2165  -0.3032  +0.5183  +0.2667  +0.0260
    t+4   | +0.3273  +0.2258  -0.2895  +0.5277  +0.3274  +0.0483
[23:35:04] #  433 [bench] e2e=  974.7ms  infer=  972.4ms  cap=  2.1ms
    t+0   | +0.0715  +0.1052  -0.2449  +0.4234  +0.0764  -0.1451
    t+1   | +0.1058  +0.1433  -0.2799  +0.4660  +0.0998  -0.1368
    t+2   | +0.0759  +0.2157  -0.4588  +0.5510  +0.0563  +0.2514
    t+3   | +0.1319  +0.3133  -0.5742  +0.5781  -0.0205  +0.5621
    t+4   | +0.2565  +0.3683  -0.5646  +0.5733  -0.0393  +0.4669
[23:35:05] #  434 [bench] e2e=  987.7ms  infer=  984.8ms  cap=  2.7ms
    t+0   | +0.4235  +0.0641  -0.1510  +0.4134  +0.5487  +0.2223
    t+1   | +0.3428  +0.1013  -0.1638  +0.4117  +0.3873  +0.3554
    t+2   | +0.2986  +0.0745  -0.1078  +0.3966  +0.4354  +0.5085
    t+3   | +0.2807  +0.0782  -0.1082  +0.4156  +0.3902  +0.6436
    t+4   | +0.2689  +0.2279  -0.2183  +0.4580  +0.4642  +0.5800
[23:35:06] #  435 [bench] e2e=  977.1ms  infer=  974.3ms  cap=  2.7ms
    t+0   | +0.1914  +0.0147  -0.0966  +0.3085  +0.0674  -0.1104
    t+1   | +0.1713  +0.0262  -0.1147  +0.3101  +0.0240  -0.0588
    t+2   | +0.1969  +0.0758  -0.1700  +0.2947  -0.0067  +0.0975
    t+3   | +0.1783  +0.0687  -0.1400  +0.3019  +0.0205  +0.0625
    t+4   | +0.1610  +0.0028  -0.1125  +0.2940  +0.0537  -0.0262
[23:35:07] #  436 [bench] e2e=  989.2ms  infer=  987.1ms  cap=  2.0ms
    t+0   | +0.0152  -0.0615  -0.1278  +0.3264  +0.0403  -0.2496
    t+1   | -0.0626  -0.0847  -0.0769  +0.3023  +0.0289  -0.2305
    t+2   | -0.1352  -0.1079  -0.0381  +0.2287  +0.0573  -0.3155
    t+3   | -0.1464  -0.1187  -0.0532  +0.2000  +0.0814  -0.3210
    t+4   | -0.1331  -0.0949  -0.0881  +0.1859  +0.0898  -0.2828
[23:35:08] #  437 [bench] e2e=  977.9ms  infer=  975.7ms  cap=  2.1ms
    t+0   | +0.1215  -0.0058  -0.1267  +0.2549  +0.0708  +0.0137
    t+1   | +0.0914  -0.0048  -0.0889  +0.2430  +0.1090  +0.0035
    t+2   | +0.0403  -0.0287  -0.0520  +0.2125  +0.0527  -0.0458
    t+3   | +0.0146  -0.0527  -0.0309  +0.1845  +0.0141  -0.5777
    t+4   | +0.0095  -0.0498  -0.0454  +0.1840  -0.0416  -0.3159
[23:35:09] #  438 [bench] e2e=  994.5ms  infer=  990.9ms  cap=  3.4ms
    t+0   | +0.1293  -0.1714  +0.0010  +0.2313  +0.0196  -0.1912
    t+1   | +0.0957  -0.0673  -0.0829  +0.2901  -0.0472  -0.1622
    t+2   | +0.0897  -0.0247  -0.1567  +0.2784  -0.0641  -0.2431
    t+3   | +0.0770  -0.0091  -0.1579  +0.2832  -0.0391  -0.2504
    t+4   | +0.0171  +0.0180  -0.1668  +0.3052  -0.0450  -0.3783
[23:35:10] #  439 [bench] e2e=  973.0ms  infer=  970.0ms  cap=  2.8ms
    t+0   | +0.2189  +0.2057  -0.2722  +0.3585  +0.1235  +0.1322
    t+1   | +0.2351  +0.1721  -0.2347  +0.3451  +0.0512  +0.2676
    t+2   | +0.2127  +0.1193  -0.2110  +0.3118  +0.0102  +0.1216
    t+3   | +0.1941  +0.1469  -0.2171  +0.3093  -0.0567  +0.1910
    t+4   | +0.2053  +0.1769  -0.2111  +0.3242  -0.1001  +0.1764
[23:35:11] #  440 [bench] e2e=  988.8ms  infer=  985.5ms  cap=  3.1ms
    t+0   | -0.0133  +0.0927  -0.2404  +0.2917  +0.0347  -0.3839
    t+1   | -0.0395  +0.0113  -0.1387  +0.2860  +0.1324  +0.0287
    t+2   | -0.1188  -0.0665  -0.0459  +0.2624  +0.2382  +0.0965
    t+3   | -0.1882  -0.0931  +0.0259  +0.2087  +0.2043  +0.0413
    t+4   | -0.2598  -0.1359  +0.0729  +0.1714  +0.0887  -0.0945
[23:35:12] #  441 [bench] e2e=  996.8ms  infer=  994.0ms  cap=  2.6ms
    t+0   | +0.0888  -0.0475  -0.0783  +0.2623  +0.0157  -0.0881
    t+1   | +0.0265  -0.0619  -0.0853  +0.2565  +0.0070  -0.2354
    t+2   | -0.0711  -0.0748  -0.1221  +0.2678  +0.0773  -0.5197
    t+3   | -0.0449  -0.1065  -0.1035  +0.2721  +0.0975  -0.6230
    t+4   | -0.0393  -0.1073  -0.0972  +0.2776  +0.1085  -0.6448
[23:35:13] #  442 [bench] e2e=  978.1ms  infer=  975.5ms  cap=  2.4ms
    t+0   | +0.0361  -0.1784  +0.0202  +0.2027  +0.0392  -0.4414
    t+1   | +0.0423  -0.1883  -0.0150  +0.2432  +0.0541  -0.4199
    t+2   | +0.0136  -0.1363  -0.1015  +0.2462  +0.0639  -0.4725
    t+3   | -0.0370  -0.0664  -0.2194  +0.2826  +0.0649  -0.4831
    t+4   | -0.0484  +0.0045  -0.2514  +0.3218  +0.1403  -0.6058
[23:35:14] #  443 [bench] e2e=  992.8ms  infer=  990.4ms  cap=  2.2ms
    t+0   | +0.0459  -0.0179  -0.0517  +0.2421  +0.0570  -0.1884
    t+1   | -0.0326  +0.0128  -0.1184  +0.2658  -0.0088  -0.1159
    t+2   | +0.0234  +0.0354  -0.1479  +0.2910  +0.0119  -0.0427
    t+3   | +0.0619  +0.0689  -0.1318  +0.3386  +0.0214  -0.2064
    t+4   | +0.0797  +0.0652  -0.1035  +0.3112  +0.0508  -0.3855
[23:35:15] #  444 [bench] e2e=  978.3ms  infer=  975.8ms  cap=  2.4ms
    t+0   | +0.1184  -0.1010  -0.0125  +0.2471  -0.0546  +0.1841
    t+1   | +0.0683  -0.0785  +0.0142  +0.2256  +0.0948  -0.0399
    t+2   | +0.0804  +0.0476  -0.1014  +0.2738  -0.0004  -0.0644
    t+3   | +0.1199  +0.1407  -0.1817  +0.3066  -0.0873  -0.0383
    t+4   | +0.1414  +0.1773  -0.2070  +0.3065  -0.1327  +0.0797
[23:35:16] #  445 [bench] e2e= 1006.7ms  infer= 1004.1ms  cap=  2.4ms
    t+0   | -0.0554  -0.1763  +0.2386  +0.0626  +0.1976  -0.6984
    t+1   | -0.1038  -0.2023  +0.2623  +0.0280  +0.1198  -0.6466
    t+2   | -0.0107  -0.0806  +0.0791  +0.1332  +0.0637  -0.4424
    t+3   | +0.0284  -0.0320  -0.0255  +0.1749  +0.0768  -0.5426
    t+4   | +0.1295  +0.0399  -0.1940  +0.2943  +0.0718  -0.5217

  [live] after 440 bench steps — e2e mean=987.5ms  |  max replan freq=1.01 Hz  |  max control freq=5.06 Hz (n_action_steps=5)

[23:35:17] #  446 [bench] e2e= 1015.1ms  infer= 1012.6ms  cap=  2.3ms
    t+0   | +0.0325  -0.0846  +0.0251  +0.1649  -0.0519  -0.2502
    t+1   | -0.0021  -0.1625  +0.0180  +0.1714  -0.1358  -0.3915
    t+2   | +0.0354  -0.1123  -0.0413  +0.2551  -0.1427  -0.3407
    t+3   | +0.0302  -0.0906  -0.0979  +0.2570  -0.1391  -0.2504
    t+4   | +0.0053  -0.0694  -0.0966  +0.2466  -0.1512  -0.2079
[23:35:18] #  447 [bench] e2e=  998.1ms  infer=  995.6ms  cap=  2.4ms
    t+0   | +0.0535  -0.1298  +0.0058  +0.2123  +0.1322  -0.1149
    t+1   | -0.0101  -0.1439  +0.0058  +0.2159  +0.1426  -0.1277
    t+2   | -0.1367  -0.1456  -0.0397  +0.2200  +0.1751  -0.2779
    t+3   | -0.1141  -0.1322  -0.1202  +0.2320  +0.1379  -0.3293
    t+4   | -0.1325  -0.1162  -0.1888  +0.2772  +0.1567  -0.2890
[23:35:19] #  448 [bench] e2e= 1002.1ms  infer=  999.5ms  cap=  2.4ms
    t+0   | -0.1968  -0.0868  -0.0633  +0.2783  +0.3832  -0.4007
    t+1   | -0.1112  -0.1047  -0.0793  +0.2549  +0.2411  -0.4243
    t+2   | -0.0761  -0.0993  -0.0870  +0.2271  +0.1457  -0.4565
    t+3   | -0.1074  -0.0892  -0.0698  +0.2292  +0.1422  -0.5620
    t+4   | -0.1390  -0.1005  -0.0574  +0.2081  +0.0955  -0.6202
[23:35:20] #  449 [bench] e2e=  996.6ms  infer=  994.2ms  cap=  2.3ms
    t+0   | +0.0775  -0.0941  +0.0207  +0.1822  +0.0725  -0.1254
    t+1   | +0.0810  -0.0082  -0.1358  +0.2181  -0.0017  -0.0885
    t+2   | +0.0751  -0.0124  -0.1611  +0.2217  -0.0206  -0.1056
    t+3   | +0.0690  +0.0308  -0.2158  +0.2699  -0.0087  -0.1060
    t+4   | +0.1204  +0.0521  -0.2277  +0.2989  +0.0245  -0.0595
[23:35:21] #  450 [bench] e2e=  997.3ms  infer=  994.4ms  cap=  2.7ms
    t+0   | +0.3017  +0.1143  -0.1522  +0.3105  +0.0085  +0.0054
    t+1   | +0.2707  +0.2461  -0.2951  +0.3443  +0.0390  -0.0417
    t+2   | +0.1497  +0.2985  -0.3906  +0.3504  +0.0301  +0.0294
    t+3   | +0.0077  +0.2928  -0.4862  +0.3463  -0.0046  +0.0271
    t+4   | -0.0630  +0.2609  -0.4534  +0.3400  -0.0073  -0.0955
[23:35:22] #  451 [bench] e2e= 1010.4ms  infer= 1007.5ms  cap=  2.7ms
    t+0   | +0.2284  +0.0119  -0.1249  +0.2605  +0.2462  -0.0900
    t+1   | +0.2060  +0.0396  -0.1603  +0.2709  +0.0729  +0.6678
    t+2   | +0.1595  +0.1326  -0.2202  +0.3027  +0.2104  +0.6568
    t+3   | +0.1410  +0.2182  -0.3324  +0.3289  +0.1491  +0.4931
    t+4   | +0.1827  +0.2235  -0.3468  +0.3584  +0.1395  +0.4511
[23:35:23] #  452 [bench] e2e=  989.3ms  infer=  986.2ms  cap=  2.8ms
    t+0   | +0.0946  +0.1168  -0.3942  +0.4597  -0.0287  -0.5576
    t+1   | -0.0304  +0.1706  -0.4177  +0.4039  -0.0046  -0.4920
    t+2   | -0.0945  +0.1577  -0.4325  +0.3716  +0.0209  -0.3977
    t+3   | -0.0850  +0.1403  -0.4362  +0.3530  +0.1053  -0.0205
    t+4   | -0.0569  +0.1664  -0.4349  +0.3707  +0.1892  +0.0786
[23:35:24] #  453 [bench] e2e=  991.5ms  infer=  986.8ms  cap=  4.5ms
    t+0   | +0.1849  +0.0955  -0.2293  +0.3345  -0.0392  -0.2405
    t+1   | +0.1769  +0.0905  -0.2445  +0.3307  -0.0382  -0.1166
    t+2   | +0.1798  +0.0349  -0.1858  +0.3168  -0.0598  +0.0163
    t+3   | +0.1318  +0.0708  -0.1867  +0.3447  -0.0304  +0.1223
    t+4   | +0.1044  +0.0563  -0.2120  +0.3526  +0.0289  +0.1558
[23:35:25] #  454 [bench] e2e=  993.3ms  infer=  990.5ms  cap=  2.7ms
    t+0   | -0.0664  -0.1764  +0.0693  +0.1502  -0.2368  -0.1348
    t+1   | -0.0335  -0.1289  +0.0218  +0.1891  -0.1213  -0.1495
    t+2   | -0.0660  -0.0962  -0.0850  +0.2222  -0.0697  -0.1454
    t+3   | -0.0098  -0.0480  -0.1499  +0.2441  -0.0485  -0.1325
    t+4   | -0.0045  -0.0058  -0.1987  +0.2435  -0.1399  -0.1091
[23:35:26] #  455 [bench] e2e=  974.6ms  infer=  972.3ms  cap=  2.2ms
    t+0   | +0.1873  +0.2124  -0.4412  +0.3699  -0.1865  -0.1278
    t+1   | +0.1018  +0.2161  -0.3881  +0.3369  -0.1672  -0.0778
    t+2   | +0.0413  +0.2477  -0.3553  +0.3560  -0.1497  -0.0407
    t+3   | +0.0062  +0.2610  -0.3156  +0.3800  -0.1529  -0.0177
    t+4   | -0.0761  +0.1597  -0.2178  +0.3347  -0.1173  -0.2858
[23:35:27] #  456 [bench] e2e=  989.1ms  infer=  986.8ms  cap=  2.1ms
    t+0   | +0.2684  -0.0003  -0.1699  +0.3779  +0.0948  +0.0367
    t+1   | +0.2337  -0.0306  -0.1035  +0.3229  +0.0413  -0.0926
    t+2   | +0.1893  -0.0370  -0.0588  +0.3046  +0.0169  -0.1161
    t+3   | +0.1822  -0.0249  -0.1642  +0.3383  -0.0119  -0.1065
    t+4   | +0.1484  -0.0458  -0.1332  +0.3262  +0.0399  -0.3409
[23:35:27] #  457 [bench] e2e=  976.3ms  infer=  973.9ms  cap=  2.3ms
    t+0   | +0.1347  +0.1172  -0.2176  +0.2991  -0.1198  +0.0211
    t+1   | +0.0457  +0.2090  -0.2710  +0.2925  +0.1035  -0.0833
    t+2   | +0.0876  +0.1959  -0.2372  +0.2871  +0.1026  -0.3448
    t+3   | +0.0612  +0.1826  -0.2014  +0.2664  +0.0582  -0.3956
    t+4   | +0.0434  +0.1662  -0.1850  +0.2394  +0.0389  -0.3591
[23:35:28] #  458 [bench] e2e=  993.2ms  infer=  990.5ms  cap=  2.5ms
    t+0   | +0.2472  +0.0251  -0.1864  +0.3587  +0.0132  +0.0762
    t+1   | +0.2230  +0.0477  -0.1974  +0.3534  -0.0495  +0.2605
    t+2   | +0.1885  +0.0721  -0.2121  +0.3317  -0.0549  +0.0996
    t+3   | +0.2220  +0.1009  -0.2566  +0.3392  -0.0210  +0.0443
    t+4   | +0.2530  +0.1138  -0.2427  +0.3317  -0.0067  +0.0061
[23:35:29] #  459 [bench] e2e=  991.6ms  infer=  989.3ms  cap=  2.1ms
    t+0   | +0.0937  +0.0589  -0.1281  +0.3112  -0.2399  +0.8362
    t+1   | +0.0047  -0.0017  -0.0820  +0.2640  -0.1787  -0.0511
    t+2   | -0.1041  +0.0032  -0.0770  +0.2650  -0.1606  -0.4240
    t+3   | -0.0832  -0.0082  -0.1019  +0.2550  -0.1648  -0.4383
    t+4   | -0.0837  +0.0475  -0.2088  +0.2846  -0.1835  -0.3298
[23:35:30] #  460 [bench] e2e=  973.1ms  infer=  970.1ms  cap=  2.8ms
    t+0   | +0.1545  +0.1715  -0.2063  +0.3234  +0.0496  +0.0553
    t+1   | +0.1319  +0.1501  -0.2013  +0.3243  +0.0989  -0.1143
    t+2   | +0.0491  +0.0825  -0.1411  +0.2837  +0.1979  -0.2658
    t+3   | +0.0686  +0.0487  -0.1303  +0.2776  +0.1234  -0.2556
    t+4   | +0.0430  +0.0632  -0.1704  +0.3480  +0.1193  -0.2262
[23:35:31] #  461 [bench] e2e=  974.1ms  infer=  970.7ms  cap=  3.2ms
    t+0   | +0.1802  -0.0078  -0.1125  +0.2909  +0.0673  -0.2389
    t+1   | +0.1182  -0.0148  -0.1037  +0.2847  +0.0679  -0.3558
    t+2   | +0.0927  +0.0321  -0.1487  +0.3125  +0.0317  -0.3362
    t+3   | +0.0635  +0.1396  -0.2194  +0.3835  +0.0309  -0.4945
    t+4   | +0.0248  +0.2594  -0.2998  +0.4211  +0.0280  -0.4791
[23:35:32] #  462 [bench] e2e=  986.0ms  infer=  983.0ms  cap=  2.7ms
    t+0   | +0.0258  +0.0420  -0.3540  +0.3465  +0.1892  -0.6918
    t+1   | +0.0314  -0.0223  -0.2568  +0.3051  +0.1779  -0.6490
    t+2   | +0.0445  -0.0552  -0.1940  +0.2813  +0.1806  -0.6311
    t+3   | +0.0370  -0.0162  -0.1788  +0.2762  +0.1595  -0.6600
    t+4   | +0.0673  +0.0262  -0.1791  +0.2630  +0.1218  -0.6250
[23:35:33] #  463 [bench] e2e=  987.9ms  infer=  985.5ms  cap=  2.3ms
    t+0   | +0.1192  -0.3090  +0.2419  +0.0484  +0.0003  +0.0631
    t+1   | +0.0997  -0.1866  +0.0836  +0.1514  +0.0005  +0.0341
    t+2   | +0.0792  -0.1221  -0.0225  +0.1944  -0.0060  +0.1709
    t+3   | +0.0671  -0.0565  -0.0943  +0.2159  +0.0349  +0.1267
    t+4   | +0.0786  -0.0358  -0.0805  +0.2190  +0.0458  -0.0010
[23:35:34] #  464 [bench] e2e=  979.7ms  infer=  976.9ms  cap=  2.6ms
    t+0   | -0.1125  -0.1644  -0.0807  +0.2236  +0.0262  -0.5275
    t+1   | -0.1597  +0.0589  -0.3800  +0.3588  +0.1540  -0.5005
    t+2   | -0.0226  +0.1184  -0.3822  +0.3638  +0.1284  -0.3313
    t+3   | +0.0810  +0.0794  -0.2765  +0.3402  +0.1802  -0.2641
    t+4   | +0.1411  +0.0612  -0.1986  +0.3218  +0.2067  -0.1124
[23:35:35] #  465 [bench] e2e=  978.2ms  infer=  975.5ms  cap=  2.6ms
    t+0   | +0.1656  +0.0613  -0.0828  +0.2999  +0.1065  -0.6199
    t+1   | +0.1557  +0.1146  -0.0970  +0.2896  +0.0521  -0.6748
    t+2   | +0.1268  +0.1554  -0.1438  +0.2729  +0.1030  -0.6145
    t+3   | +0.0810  +0.1416  -0.1778  +0.2410  +0.1488  -0.4169
    t+4   | -0.0126  +0.1381  -0.2007  +0.2765  +0.0996  +0.3108

  [live] after 460 bench steps — e2e mean=987.6ms  |  max replan freq=1.01 Hz  |  max control freq=5.06 Hz (n_action_steps=5)

[23:35:36] #  466 [bench] e2e= 1025.4ms  infer= 1022.4ms  cap=  2.8ms
    t+0   | +0.2573  +0.1802  -0.2159  +0.3415  +0.0854  -0.1107
    t+1   | +0.2535  +0.1702  -0.1872  +0.3368  +0.1028  -0.1672
    t+2   | +0.1841  +0.0969  -0.1125  +0.2848  +0.0344  -0.4496
    t+3   | +0.1227  +0.0116  -0.0884  +0.2151  +0.0277  -0.6046
    t+4   | +0.0703  +0.0213  -0.0632  +0.2291  +0.0538  -0.6322
[23:35:37] #  467 [bench] e2e=  980.0ms  infer=  977.2ms  cap=  2.6ms
    t+0   | +0.2996  +0.1058  -0.1486  +0.3154  +0.1133  +0.1199
    t+1   | +0.2527  +0.1340  -0.1598  +0.2892  +0.1671  +0.1566
    t+2   | +0.1967  +0.1286  -0.1227  +0.2758  +0.1120  +0.0705
    t+3   | +0.1736  +0.1345  -0.1248  +0.3176  +0.2007  -0.0160
    t+4   | +0.1133  +0.0692  -0.1198  +0.3176  +0.1383  -0.0752
[23:35:38] #  468 [bench] e2e=  977.1ms  infer=  974.0ms  cap=  2.9ms
    t+0   | -0.0418  -0.2525  +0.0407  +0.1548  -0.2515  -0.2493
    t+1   | -0.0267  -0.2077  -0.0263  +0.1808  -0.2506  -0.2055
    t+2   | -0.0381  -0.1914  -0.1407  +0.2330  -0.3427  -0.1816
    t+3   | -0.0323  -0.0771  -0.2306  +0.3187  -0.2997  -0.1487
    t+4   | -0.0051  +0.1333  -0.4673  +0.4290  -0.3897  +0.0531
[23:35:39] #  469 [bench] e2e=  993.5ms  infer=  989.7ms  cap=  3.6ms
    t+0   | +0.3433  +0.0539  -0.1901  +0.3453  -0.0996  +0.0148
    t+1   | +0.2756  +0.0849  -0.2243  +0.3453  -0.0214  -0.0582
    t+2   | +0.1895  +0.0864  -0.2503  +0.3249  +0.0377  -0.1856
    t+3   | +0.1756  +0.0799  -0.2609  +0.3030  +0.1439  -0.2282
    t+4   | +0.2002  +0.0865  -0.2838  +0.2940  +0.2144  -0.1595
[23:35:40] #  470 [bench] e2e=  980.6ms  infer=  977.9ms  cap=  2.5ms
    t+0   | +0.2234  +0.0294  -0.1151  +0.2788  +0.1490  -0.0707
    t+1   | +0.1827  +0.0124  -0.1293  +0.2763  +0.1776  -0.1386
    t+2   | +0.1078  +0.0347  -0.1870  +0.3384  +0.1000  -0.0207
    t+3   | +0.0944  +0.0528  -0.2128  +0.3481  +0.0270  +0.0290
    t+4   | +0.1166  +0.0361  -0.2036  +0.3259  -0.0255  +0.0808
[23:35:41] #  471 [bench] e2e=  993.6ms  infer=  990.1ms  cap=  3.3ms
    t+0   | +0.0688  -0.0799  -0.0517  +0.2182  -0.0220  -0.3791
    t+1   | -0.1059  -0.1575  +0.1257  +0.1391  +0.0929  -0.4744
    t+2   | -0.1004  -0.1552  +0.1251  +0.1253  +0.0307  -0.3679
    t+3   | -0.0464  -0.0382  +0.0012  +0.1515  +0.0107  -0.1992
    t+4   | -0.0372  +0.0632  -0.1098  +0.2077  -0.0425  -0.1105
[23:35:42] #  472 [bench] e2e=  984.7ms  infer=  981.9ms  cap=  2.7ms
    t+0   | +0.0133  -0.0395  -0.0871  +0.2058  -0.1408  +0.1606
    t+1   | -0.0034  +0.0277  -0.1573  +0.2254  -0.1677  +0.3207
    t+2   | +0.0259  +0.0093  -0.1696  +0.2211  -0.1213  +0.2729
    t+3   | +0.0387  +0.0213  -0.1598  +0.2520  -0.0850  +0.1731
    t+4   | +0.0805  +0.0276  -0.2065  +0.2471  -0.0531  +0.1373
[23:35:43] #  473 [bench] e2e= 1017.9ms  infer= 1014.7ms  cap=  3.0ms
    t+0   | +0.2311  +0.0382  -0.1615  +0.3131  +0.0176  +0.1030
    t+1   | +0.1763  +0.1598  -0.2938  +0.3955  +0.0404  +0.0557
    t+2   | +0.1313  +0.1949  -0.3100  +0.4215  -0.0465  +0.1022
    t+3   | +0.1152  +0.1865  -0.3500  +0.4003  -0.1231  +0.0696
    t+4   | +0.0580  +0.1622  -0.3796  +0.4103  -0.1662  +0.0672
[23:35:44] #  474 [bench] e2e=  977.7ms  infer=  975.8ms  cap=  1.8ms
    t+0   | +0.0953  -0.0052  -0.0946  +0.2420  -0.0309  -0.1547
    t+1   | +0.0610  +0.0513  -0.1343  +0.2311  -0.0155  -0.3971
    t+2   | +0.0680  +0.0768  -0.1617  +0.2286  -0.0497  -0.4063
    t+3   | +0.1063  +0.1029  -0.2106  +0.2631  -0.0318  -0.3502
    t+4   | +0.1652  +0.1210  -0.1924  +0.3122  -0.0026  -0.2987
[23:35:45] #  475 [bench] e2e=  996.3ms  infer=  993.8ms  cap=  2.3ms
    t+0   | +0.2442  +0.1203  -0.2271  +0.3491  -0.0350  -0.0690
    t+1   | +0.1763  +0.1625  -0.2639  +0.3342  -0.0499  -0.1836
    t+2   | +0.1662  +0.1129  -0.2312  +0.2793  -0.0083  -0.1908
    t+3   | +0.1640  +0.0980  -0.1903  +0.2567  +0.0603  -0.1547
    t+4   | +0.1727  +0.0829  -0.1625  +0.2771  +0.0657  -0.1335
[23:35:46] #  476 [bench] e2e=  978.1ms  infer=  975.8ms  cap=  2.1ms
    t+0   | -0.0041  -0.0826  -0.1794  +0.2301  +0.0487  -0.4909
    t+1   | -0.0017  -0.0333  -0.2524  +0.2876  +0.0405  -0.3646
    t+2   | +0.0081  +0.0046  -0.2922  +0.3394  +0.0033  -0.3068
    t+3   | +0.0001  -0.0076  -0.3196  +0.3455  -0.0184  -0.3328
    t+4   | -0.0295  +0.0256  -0.3166  +0.3948  +0.0053  -0.4269
[23:35:47] #  477 [bench] e2e=  996.9ms  infer=  994.5ms  cap=  2.3ms
    t+0   | +0.0512  +0.0286  -0.0704  +0.2791  -0.0645  -0.4330
    t+1   | +0.0525  +0.1445  -0.2040  +0.3525  -0.0186  -0.1662
    t+2   | -0.1393  +0.3499  -0.4473  +0.4235  +0.1237  -0.1215
    t+3   | -0.0733  +0.3712  -0.4667  +0.4053  +0.0885  -0.1792
    t+4   | +0.0032  +0.3868  -0.4729  +0.4187  +0.0197  -0.1918
[23:35:48] #  478 [bench] e2e=  994.4ms  infer=  989.8ms  cap=  4.4ms
    t+0   | +0.2191  +0.0622  -0.2851  +0.3376  +0.0110  -0.3188
    t+1   | +0.1995  +0.0055  -0.1948  +0.3067  +0.2253  -0.2146
    t+2   | +0.1908  +0.0139  -0.1460  +0.3159  +0.2632  -0.1117
    t+3   | +0.2017  +0.0456  -0.1564  +0.3027  +0.2524  -0.0296
    t+4   | +0.2246  +0.0722  -0.1914  +0.3188  +0.2132  -0.0253
[23:35:49] #  479 [bench] e2e=  977.7ms  infer=  974.8ms  cap=  2.7ms
    t+0   | +0.1336  +0.1375  -0.3331  +0.3330  +0.1793  -0.2152
    t+1   | +0.1353  +0.1431  -0.3218  +0.3159  +0.2167  -0.1597
    t+2   | +0.1476  +0.1865  -0.3633  +0.3110  +0.2166  -0.1440
    t+3   | +0.1780  +0.1709  -0.3320  +0.3076  +0.2864  -0.1300
    t+4   | +0.1773  +0.1972  -0.2851  +0.3135  +0.3340  -0.1835
[23:35:50] #  480 [bench] e2e=  989.5ms  infer=  986.6ms  cap=  2.7ms
    t+0   | +0.1814  -0.0544  -0.0837  +0.3083  +0.0513  +0.0567
    t+1   | +0.1939  -0.0242  -0.1376  +0.3484  +0.0684  -0.0515
    t+2   | +0.2115  +0.0641  -0.2579  +0.3739  +0.0053  +0.0125
    t+3   | +0.2334  +0.1504  -0.4057  +0.4138  -0.0516  +0.0183
    t+4   | +0.2411  +0.1699  -0.3826  +0.4144  -0.0324  -0.0176
[23:35:51] #  481 [bench] e2e=  979.4ms  infer=  976.9ms  cap=  2.3ms
    t+0   | +0.1033  +0.0327  -0.1556  +0.2969  -0.0384  -0.1502
    t+1   | +0.0737  +0.0243  -0.1272  +0.2732  +0.0198  -0.1644
    t+2   | +0.0705  +0.0363  -0.1260  +0.2810  +0.1416  -0.1695
    t+3   | +0.1186  +0.0469  -0.1410  +0.2935  +0.1489  +0.1289
    t+4   | +0.1276  +0.0578  -0.1228  +0.3121  +0.1510  +0.2749
[23:35:52] #  482 [bench] e2e=  977.3ms  infer=  974.0ms  cap=  3.1ms
    t+0   | +0.0925  +0.0246  -0.1059  +0.2843  +0.0320  -0.0977
    t+1   | +0.0601  +0.0106  -0.0767  +0.2564  -0.0134  -0.1617
    t+2   | +0.0038  +0.0319  -0.0704  +0.2070  -0.0242  -0.6044
    t+3   | +0.0233  +0.0243  -0.0695  +0.2083  -0.0147  -0.6153
    t+4   | +0.0534  +0.0358  -0.0515  +0.2504  -0.0049  -0.6345
[23:35:53] #  483 [bench] e2e=  974.2ms  infer=  970.9ms  cap=  3.2ms
    t+0   | +0.0491  -0.0898  +0.0420  +0.1754  +0.1197  -0.6387
    t+1   | +0.0664  -0.0661  +0.0002  +0.1851  +0.0436  -0.5103
    t+2   | +0.1053  -0.0216  -0.0482  +0.1866  -0.0136  -0.0739
    t+3   | +0.1426  +0.0155  -0.0549  +0.2047  -0.0197  -0.0286
    t+4   | +0.1052  +0.0105  -0.0479  +0.1954  -0.0006  -0.2428
[23:35:54] #  484 [bench] e2e=  976.5ms  infer=  974.2ms  cap=  2.2ms
    t+0   | +0.0706  +0.0417  -0.1966  +0.3235  -0.2253  -0.0803
    t+1   | +0.0008  -0.0289  -0.1732  +0.2889  -0.1412  -0.6229
    t+2   | -0.0882  -0.1330  -0.0623  +0.2338  -0.0320  -0.6774
    t+3   | -0.1011  -0.1579  +0.0078  +0.2000  -0.0181  -0.7040
    t+4   | -0.1034  -0.1730  +0.0433  +0.2065  -0.0014  -0.7050
[23:35:55] #  485 [bench] e2e=  978.3ms  infer=  975.7ms  cap=  2.4ms
    t+0   | +0.0817  +0.0275  -0.0771  +0.2858  +0.0835  -0.2239
    t+1   | +0.0116  +0.1043  -0.1229  +0.3356  +0.1652  -0.2032
    t+2   | +0.0603  +0.1312  -0.1783  +0.3491  +0.2531  -0.1169
    t+3   | +0.1019  +0.1429  -0.1784  +0.3740  +0.2962  -0.0931
    t+4   | +0.1095  +0.1129  -0.1334  +0.3116  +0.2073  -0.1853

  [live] after 480 bench steps — e2e mean=987.6ms  |  max replan freq=1.01 Hz  |  max control freq=5.06 Hz (n_action_steps=5)

[23:35:56] #  486 [bench] e2e=  982.3ms  infer=  978.5ms  cap=  3.7ms
    t+0   | +0.1992  -0.0329  -0.0988  +0.3030  +0.0536  -0.7221
    t+1   | +0.1737  -0.0328  -0.0739  +0.2835  +0.0482  -0.6641
    t+2   | +0.1320  -0.0599  -0.0381  +0.2486  +0.0733  -0.6284
    t+3   | +0.1111  -0.1049  -0.0017  +0.2100  +0.0735  -0.6292
    t+4   | +0.0982  -0.1368  -0.0072  +0.2070  +0.0558  -0.6406
[23:35:57] #  487 [bench] e2e=  993.5ms  infer=  990.3ms  cap=  3.0ms
    t+0   | -0.1404  -0.2766  +0.2468  +0.1099  +0.1718  -0.7205
    t+1   | -0.1159  -0.2667  +0.2062  +0.1384  +0.1131  -0.7470
    t+2   | -0.0993  -0.2421  +0.1593  +0.1563  +0.0717  -0.7714
    t+3   | -0.0623  -0.1996  +0.1350  +0.1736  +0.0451  -0.7898
    t+4   | -0.0229  -0.1442  +0.0819  +0.2220  +0.0637  -0.7075
[23:35:58] #  488 [bench] e2e=  979.8ms  infer=  976.6ms  cap=  3.0ms
    t+0   | +0.1097  +0.1854  -0.2904  +0.3528  +0.1257  +0.0135
    t+1   | +0.0752  +0.1813  -0.3185  +0.3356  +0.0445  -0.3794
    t+2   | +0.0505  +0.1812  -0.3272  +0.3255  +0.0795  -0.5381
    t+3   | +0.0319  +0.1308  -0.2714  +0.3116  +0.0288  -0.4737
    t+4   | +0.0019  +0.1061  -0.2477  +0.2975  -0.0016  -0.4596
[23:35:59] #  489 [bench] e2e=  972.4ms  infer=  969.0ms  cap=  3.2ms
    t+0   | +0.1682  -0.0389  -0.1168  +0.2916  -0.1061  -0.6571
    t+1   | +0.0969  -0.0678  -0.0885  +0.2853  -0.0156  -0.6382
    t+2   | +0.1082  -0.0749  -0.0567  +0.2834  +0.0442  -0.6167
    t+3   | +0.1400  -0.0644  -0.0493  +0.3124  +0.1454  -0.6061
    t+4   | +0.1378  -0.1147  -0.0666  +0.2558  +0.1361  -0.6515
[23:36:00] #  490 [bench] e2e=  992.2ms  infer=  989.4ms  cap=  2.7ms
    t+0   | +0.2234  +0.0611  -0.1550  +0.3443  +0.0464  -0.0739
    t+1   | +0.0693  +0.0761  -0.1434  +0.2981  +0.1422  -0.4226
    t+2   | +0.0544  +0.1295  -0.1337  +0.2819  +0.1860  -0.4099
    t+3   | +0.0927  +0.1276  -0.1042  +0.2675  +0.1596  -0.4144
    t+4   | +0.1049  +0.1782  -0.0896  +0.3086  +0.2047  -0.3903
[23:36:01] #  491 [bench] e2e=  977.3ms  infer=  974.4ms  cap=  2.7ms
    t+0   | +0.2011  +0.0282  -0.0938  +0.2850  -0.1038  +0.0610
    t+1   | +0.1789  +0.1129  -0.1223  +0.3196  -0.1257  +0.1876
    t+2   | +0.1205  +0.1754  -0.1525  +0.3457  -0.1661  +0.3444
    t+3   | +0.1561  +0.2436  -0.1991  +0.3803  -0.0726  +0.3270
    t+4   | +0.2067  +0.2366  -0.2123  +0.3616  -0.0257  +0.3015
[23:36:02] #  492 [bench] e2e=  976.4ms  infer=  973.7ms  cap=  2.5ms
    t+0   | +0.1949  +0.0055  -0.1068  +0.2521  +0.0317  -0.5656
    t+1   | +0.1106  -0.0205  -0.1016  +0.2125  +0.0516  -0.6599
    t+2   | +0.0908  -0.0224  -0.0843  +0.2423  +0.0489  -0.6759
    t+3   | +0.0805  +0.0507  -0.2152  +0.3041  +0.1378  -0.6746
    t+4   | +0.0853  +0.1063  -0.3387  +0.3062  +0.1420  -0.7045
[23:36:03] #  493 [bench] e2e=  973.3ms  infer=  970.0ms  cap=  3.2ms
    t+0   | +0.1930  +0.0048  -0.0896  +0.2467  +0.0030  -0.2705
    t+1   | +0.1337  -0.0519  -0.0381  +0.1987  +0.0371  -0.2665
    t+2   | +0.0663  -0.0767  -0.0378  +0.2081  +0.0759  -0.1773
    t+3   | +0.0568  -0.0717  -0.0696  +0.2325  +0.1560  -0.0036
    t+4   | +0.0861  -0.0094  -0.0857  +0.2561  +0.0839  +0.0062
[23:36:04] #  494 [bench] e2e=  993.1ms  infer=  989.9ms  cap=  3.1ms
    t+0   | +0.1022  -0.1368  +0.1051  +0.1601  +0.1165  -0.6471
    t+1   | +0.0749  -0.1732  +0.1465  +0.1372  +0.1470  -0.6275
    t+2   | +0.0974  -0.0919  +0.0218  +0.2175  +0.0585  -0.3176
    t+3   | +0.0755  -0.0973  -0.0406  +0.2464  +0.0500  -0.3717
    t+4   | +0.0425  -0.1266  -0.1298  +0.2692  +0.0290  -0.4755
[23:36:05] #  495 [bench] e2e=  980.0ms  infer=  977.7ms  cap=  2.2ms
    t+0   | +0.2074  +0.1395  -0.1321  +0.2651  +0.0903  -0.0688
    t+1   | +0.1109  +0.1379  -0.1213  +0.2355  +0.0554  -0.1778
    t+2   | +0.0951  +0.1634  -0.1382  +0.2801  +0.0402  -0.1963
    t+3   | +0.1115  +0.1524  -0.1464  +0.2835  +0.0468  -0.1266
    t+4   | +0.0859  +0.1372  -0.1597  +0.2686  +0.0514  -0.1338
[23:36:06] #  496 [bench] e2e=  975.8ms  infer=  973.4ms  cap=  2.2ms
    t+0   | -0.0975  -0.1937  +0.0288  +0.1775  +0.3965  -0.5119
    t+1   | -0.1112  -0.2210  -0.0076  +0.1768  +0.3203  -0.4699
    t+2   | -0.0873  -0.0843  -0.1211  +0.2490  +0.2309  -0.3461
    t+3   | -0.0497  -0.0207  -0.1363  +0.2392  +0.1438  -0.3666
    t+4   | -0.0697  -0.0058  -0.1031  +0.2231  +0.1462  -0.5228
[23:36:07] #  497 [bench] e2e= 1022.7ms  infer= 1019.4ms  cap=  3.2ms
    t+0   | +0.0327  -0.0592  -0.2026  +0.3366  -0.0327  -0.1984
    t+1   | -0.0099  -0.1192  -0.1218  +0.2844  -0.0032  -0.3229
    t+2   | -0.0205  -0.1131  -0.0947  +0.2700  +0.0398  -0.3420
    t+3   | -0.0017  -0.0487  -0.1122  +0.2930  +0.0693  -0.3038
    t+4   | +0.0106  +0.0103  -0.1584  +0.2613  +0.0444  -0.3175
[23:36:08] #  498 [bench] e2e=  975.1ms  infer=  972.6ms  cap=  2.3ms
    t+0   | -0.0255  +0.0445  -0.1752  +0.2780  +0.0177  -0.2059
    t+1   | +0.0570  +0.0520  -0.1801  +0.2975  +0.0406  -0.1194
    t+2   | +0.1414  +0.0462  -0.1491  +0.2872  +0.0653  -0.0566
    t+3   | +0.1326  +0.0668  -0.1362  +0.2685  +0.1069  -0.1247
    t+4   | +0.1946  +0.0978  -0.1444  +0.2917  +0.0755  -0.1055
[23:36:09] #  499 [bench] e2e=  973.7ms  infer=  971.4ms  cap=  2.1ms
    t+0   | +0.2008  -0.0905  -0.0201  +0.3060  +0.0005  +0.0303
    t+1   | +0.1110  -0.0103  -0.0438  +0.3567  +0.1077  +0.3454
    t+2   | +0.0734  +0.0053  -0.0293  +0.3357  +0.2209  +0.3968
    t+3   | +0.0700  +0.0324  -0.0076  +0.3466  +0.3177  +0.3969
    t+4   | +0.0692  -0.0179  -0.0158  +0.3261  +0.2676  +0.3194
[23:36:10] #  500 [bench] e2e=  973.1ms  infer=  970.7ms  cap=  2.3ms
    t+0   | +0.1989  +0.1130  -0.0074  +0.3190  +0.3383  -0.6259
    t+1   | +0.2635  +0.1803  -0.1596  +0.3679  +0.1084  +0.0642
    t+2   | +0.2742  +0.1767  -0.1783  +0.3593  +0.1585  -0.1371
    t+3   | +0.2646  +0.1789  -0.1509  +0.3291  +0.1565  -0.2419
    t+4   | +0.2700  +0.1922  -0.1576  +0.3219  +0.1280  -0.1792
[23:36:11] #  501 [bench] e2e=  994.4ms  infer=  991.7ms  cap=  2.6ms
    t+0   | +0.1323  -0.0859  -0.0581  +0.2340  -0.0119  -0.5318
    t+1   | +0.1425  -0.0272  -0.1339  +0.2851  +0.0530  -0.3699
    t+2   | +0.1420  +0.0129  -0.1844  +0.3140  +0.0692  -0.1564
    t+3   | +0.0982  +0.0775  -0.2503  +0.2960  +0.1463  +0.0436
    t+4   | +0.1324  +0.1033  -0.2193  +0.2888  +0.1720  -0.0978
[23:36:12] #  502 [bench] e2e=  974.7ms  infer=  971.8ms  cap=  2.7ms
    t+0   | -0.0447  -0.1312  +0.0095  +0.1701  -0.0010  -0.6959
    t+1   | -0.0258  -0.0479  -0.0622  +0.2083  +0.0158  -0.6646
    t+2   | -0.0453  +0.0482  -0.1201  +0.2339  +0.0943  -0.6589
    t+3   | -0.0817  +0.0785  -0.1532  +0.2314  +0.0500  -0.6573
    t+4   | -0.0487  +0.1217  -0.2035  +0.2753  +0.0436  -0.5539
[23:36:13] #  503 [bench] e2e=  994.4ms  infer=  990.6ms  cap=  3.6ms
    t+0   | +0.0764  -0.0048  -0.0748  +0.2827  -0.0489  -0.4703
    t+1   | +0.0471  -0.0168  -0.0403  +0.2739  -0.0801  -0.3996
    t+2   | +0.0028  -0.0269  -0.0394  +0.2701  -0.0982  -0.4063
    t+3   | -0.0110  -0.0346  -0.0677  +0.2913  -0.0845  -0.4282
    t+4   | +0.0137  -0.0048  -0.1505  +0.3266  -0.0806  -0.3868
[23:36:14] #  504 [bench] e2e= 1009.2ms  infer= 1006.6ms  cap=  2.4ms
    t+0   | +0.0834  -0.1148  -0.1347  +0.3276  -0.0256  -0.1683
    t+1   | +0.0809  -0.0871  -0.2911  +0.4131  -0.0209  +0.0541
    t+2   | +0.1023  -0.0733  -0.2274  +0.3820  +0.1189  +0.2157
    t+3   | +0.0857  -0.0277  -0.2490  +0.3934  +0.1154  +0.2110
    t+4   | +0.0827  +0.0092  -0.2407  +0.3861  +0.0787  +0.1931
[23:36:15] #  505 [bench] e2e=  994.0ms  infer=  991.5ms  cap=  2.3ms
    t+0   | +0.1225  -0.0432  -0.0926  +0.2832  -0.0105  -0.1742
    t+1   | +0.1135  -0.0504  -0.0845  +0.2843  -0.0601  -0.1059
    t+2   | +0.0440  -0.0572  -0.0737  +0.2658  -0.1638  -0.1782
    t+3   | -0.0185  -0.0700  +0.0045  +0.2480  -0.0684  -0.4971
    t+4   | -0.0186  -0.0594  -0.0054  +0.2521  -0.0628  -0.4231

  [live] after 500 bench steps — e2e mean=987.5ms  |  max replan freq=1.01 Hz  |  max control freq=5.06 Hz (n_action_steps=5)

[23:36:16] #  506 [bench] e2e= 1016.2ms  infer= 1013.5ms  cap=  2.6ms
    t+0   | +0.2521  +0.1048  -0.1764  +0.3008  +0.0100  -0.5139
    t+1   | +0.1619  +0.0412  -0.0898  +0.2404  +0.0224  -0.5307
    t+2   | +0.1120  -0.0217  -0.0121  +0.1817  +0.0478  -0.5695
    t+3   | +0.1395  -0.0488  -0.0181  +0.1636  +0.0399  -0.5230
    t+4   | +0.1356  -0.0275  -0.0417  +0.1780  -0.0256  -0.4769
[23:36:17] #  507 [bench] e2e= 1004.2ms  infer= 1002.0ms  cap=  2.0ms
    t+0   | +0.2277  +0.0823  -0.1328  +0.3031  +0.0266  +0.0204
    t+1   | +0.1865  +0.0927  -0.1460  +0.2911  -0.0254  -0.0359
    t+2   | +0.0818  +0.0532  -0.1616  +0.2523  -0.0501  -0.1070
    t+3   | +0.0885  +0.0739  -0.1941  +0.2578  -0.0236  +0.0048
    t+4   | +0.1146  +0.1313  -0.2375  +0.2772  +0.0660  +0.0188
[23:36:18] #  508 [bench] e2e= 1001.5ms  infer=  998.7ms  cap=  2.6ms
    t+0   | -0.0796  -0.0777  -0.0038  +0.1815  +0.1783  -0.4284
    t+1   | -0.1723  -0.0604  -0.0822  +0.2133  +0.0788  -0.4778
    t+2   | -0.0516  +0.0132  -0.1297  +0.2444  +0.0626  -0.4394
    t+3   | -0.0849  +0.0828  -0.1888  +0.2894  +0.0038  -0.3886
    t+4   | -0.0447  +0.0681  -0.1705  +0.2876  +0.0413  -0.4202
[23:36:19] #  509 [bench] e2e=  982.0ms  infer=  979.3ms  cap=  2.5ms
    t+0   | +0.1159  +0.0405  -0.1441  +0.2934  -0.1632  +0.4482
    t+1   | +0.0172  +0.0900  -0.2765  +0.2997  -0.1352  +0.0561
    t+2   | +0.0284  +0.0813  -0.2904  +0.2979  -0.1153  -0.1198
    t+3   | +0.0256  +0.1114  -0.3349  +0.3403  -0.0395  -0.1062
    t+4   | +0.0637  +0.1225  -0.2676  +0.3582  -0.0407  +0.0035
[23:36:20] #  510 [bench] e2e= 1014.3ms  infer= 1010.5ms  cap=  3.6ms
    t+0   | +0.1427  +0.0423  -0.1253  +0.2717  +0.0146  -0.0669
    t+1   | +0.0958  +0.0266  -0.1575  +0.2754  -0.0030  -0.0639
    t+2   | +0.1056  +0.0187  -0.1726  +0.3260  -0.0260  -0.0296
    t+3   | +0.1564  +0.0455  -0.1788  +0.3135  -0.0023  -0.0536
    t+4   | +0.1890  +0.0862  -0.1591  +0.3227  +0.0366  -0.0776
[23:36:21] #  511 [bench] e2e=  987.2ms  infer=  984.8ms  cap=  2.2ms
    t+0   | +0.1065  +0.0307  -0.1841  +0.2776  +0.2070  -0.3689
    t+1   | +0.0833  +0.0593  -0.2078  +0.2718  +0.2062  -0.3272
    t+2   | +0.0843  +0.0619  -0.1952  +0.2510  +0.2213  -0.0172
    t+3   | +0.1290  +0.0607  -0.1827  +0.2764  +0.2211  +0.1426
    t+4   | +0.1542  +0.0536  -0.1993  +0.2395  +0.2648  -0.0736
[23:36:22] #  512 [bench] e2e=  993.6ms  infer=  991.1ms  cap=  2.4ms
    t+0   | +0.0574  -0.1266  -0.0380  +0.2388  +0.0253  -0.6708
    t+1   | +0.0764  -0.0627  -0.1750  +0.3306  -0.0183  -0.4147
    t+2   | +0.0689  -0.0215  -0.2409  +0.3359  -0.0390  -0.2821
    t+3   | +0.0058  +0.0731  -0.2879  +0.3759  +0.0191  -0.1069
    t+4   | +0.0192  +0.0661  -0.2531  +0.3576  +0.0836  -0.3942
[23:36:23] #  513 [bench] e2e=  994.2ms  infer=  991.2ms  cap=  2.9ms
    t+0   | +0.0249  -0.0959  -0.0592  +0.1872  +0.1590  -0.7003
    t+1   | +0.0071  -0.0706  -0.1036  +0.1971  +0.1442  -0.6386
    t+2   | -0.0147  -0.0245  -0.1600  +0.1931  +0.0946  -0.5792
    t+3   | -0.0456  +0.0247  -0.1999  +0.2439  +0.0834  -0.5523
    t+4   | -0.0227  +0.0332  -0.1788  +0.2570  +0.0619  -0.4331
[23:36:24] #  514 [bench] e2e= 1006.4ms  infer= 1002.7ms  cap=  3.4ms
    t+0   | +0.0793  +0.1942  -0.2922  +0.3573  +0.1075  -0.1667
    t+1   | +0.0747  +0.1410  -0.2663  +0.3212  +0.0167  -0.1491
    t+2   | +0.0848  +0.1865  -0.2482  +0.3415  -0.0314  -0.0169
    t+3   | +0.1008  +0.2284  -0.2435  +0.3506  -0.0367  -0.0316
    t+4   | +0.1034  +0.2326  -0.2473  +0.3803  -0.0357  -0.0038
[23:36:25] #  515 [bench] e2e= 1003.0ms  infer=  999.7ms  cap=  3.1ms
    t+0   | +0.1782  +0.0415  -0.1814  +0.3566  +0.3191  -0.3473
    t+1   | +0.1223  +0.0561  -0.1722  +0.3476  +0.2260  -0.0794
    t+2   | +0.1011  +0.0364  -0.1476  +0.3246  +0.0968  +0.1808
    t+3   | +0.0764  +0.0087  -0.1155  +0.2866  +0.0844  +0.0199
    t+4   | +0.0171  -0.0548  -0.0767  +0.2614  +0.0968  -0.1428
[23:36:26] #  516 [bench] e2e=  997.1ms  infer=  994.0ms  cap=  3.0ms
    t+0   | +0.1009  +0.1013  -0.1582  +0.2372  +0.0289  -0.0407
    t+1   | +0.0529  +0.0722  -0.1598  +0.2081  +0.0085  -0.0625
    t+2   | -0.0531  +0.0598  -0.1752  +0.2301  -0.0022  -0.0978
    t+3   | -0.0126  +0.0625  -0.1617  +0.2564  -0.0260  -0.0551
    t+4   | -0.0409  +0.0924  -0.2009  +0.2777  +0.0014  +0.0951
[23:36:27] #  517 [bench] e2e=  990.9ms  infer=  987.6ms  cap=  3.2ms
    t+0   | +0.2003  +0.0271  -0.0436  +0.2588  -0.0188  -0.3133
    t+1   | +0.1231  +0.0904  -0.0600  +0.2614  -0.0327  -0.0846
    t+2   | +0.0544  +0.1379  -0.0726  +0.2458  -0.0091  -0.0582
    t+3   | +0.0352  +0.0982  -0.0453  +0.1819  +0.0182  -0.0578
    t+4   | +0.0684  +0.0832  -0.0370  +0.1630  +0.0314  -0.1392
[23:36:28] #  518 [bench] e2e=  997.8ms  infer=  994.4ms  cap=  3.2ms
    t+0   | +0.0510  -0.0049  -0.1281  +0.2298  -0.0021  +0.0257
    t+1   | +0.1347  +0.0325  -0.1593  +0.2424  +0.0552  +0.0239
    t+2   | +0.1845  +0.0533  -0.1440  +0.2862  +0.0009  -0.0400
    t+3   | +0.1504  +0.0405  -0.1274  +0.2962  -0.0614  -0.0077
    t+4   | +0.0203  -0.0111  -0.1079  +0.2605  -0.0514  -0.0283
[23:36:29] #  519 [bench] e2e=  991.5ms  infer=  988.3ms  cap=  3.0ms
    t+0   | +0.1174  -0.1162  +0.0351  +0.2323  -0.0187  -0.2007
    t+1   | +0.0483  -0.1408  +0.0310  +0.2721  +0.0271  -0.2668
    t+2   | -0.0893  -0.0554  -0.0543  +0.3272  -0.0145  -0.1918
    t+3   | -0.0803  +0.0258  -0.1502  +0.3449  -0.0257  -0.0886
    t+4   | -0.0488  +0.0529  -0.1727  +0.3478  -0.0709  -0.0671
[23:36:30] #  520 [bench] e2e=  989.1ms  infer=  985.8ms  cap=  3.1ms
    t+0   | +0.0838  -0.1009  -0.0272  +0.2912  -0.0322  +0.0989
    t+1   | -0.0297  -0.0524  -0.0463  +0.2910  -0.0260  +0.0305
    t+2   | -0.1024  +0.0046  -0.0717  +0.2802  -0.0759  -0.0086
    t+3   | -0.0870  +0.0728  -0.0729  +0.3067  -0.0596  +0.0028
    t+4   | -0.0980  +0.0893  -0.0807  +0.2743  -0.0016  -0.0241
[23:36:31] #  521 [bench] e2e=  983.7ms  infer=  980.0ms  cap=  3.4ms
    t+0   | +0.0708  +0.0921  -0.1725  +0.2734  +0.0733  -0.5549
    t+1   | +0.0890  +0.1026  -0.1640  +0.2963  +0.1054  -0.3862
    t+2   | +0.0961  +0.0379  -0.0805  +0.2786  +0.0640  -0.2981
    t+3   | +0.0981  -0.0014  -0.0245  +0.2594  +0.0605  -0.2783
    t+4   | +0.0065  -0.0214  +0.0049  +0.2463  +0.0580  -0.1794
[23:36:32] #  522 [bench] e2e=  991.2ms  infer=  988.6ms  cap=  2.5ms
    t+0   | +0.1596  +0.1465  -0.2160  +0.3340  -0.1034  +0.1209
    t+1   | +0.0825  +0.2192  -0.2879  +0.3342  -0.2089  +0.0904
    t+2   | +0.1031  +0.2064  -0.3255  +0.3704  -0.1979  +0.2670
    t+3   | +0.0300  +0.1781  -0.3504  +0.3639  -0.1782  +0.1993
    t+4   | +0.0625  +0.1847  -0.3253  +0.3782  -0.1484  +0.2453
[23:36:33] #  523 [bench] e2e=  996.0ms  infer=  993.2ms  cap=  2.7ms
    t+0   | +0.0143  -0.0606  -0.0092  +0.2409  +0.0411  -0.1985
    t+1   | -0.0456  -0.0539  -0.0262  +0.2278  +0.0700  -0.3185
    t+2   | -0.1050  -0.1334  +0.0468  +0.1515  +0.1349  -0.3256
    t+3   | -0.1110  -0.1137  +0.0471  +0.1595  +0.1116  -0.2636
    t+4   | -0.0643  -0.0762  +0.0016  +0.1621  +0.0934  -0.2382
[23:36:34] #  524 [bench] e2e=  994.1ms  infer=  991.5ms  cap=  2.4ms
    t+0   | +0.1257  +0.0144  -0.1135  +0.2626  -0.0737  +0.0758
    t+1   | +0.0372  +0.0081  -0.1541  +0.2790  -0.1322  +0.1239
    t+2   | +0.0445  +0.0037  -0.1698  +0.2783  -0.1778  +0.2163
    t+3   | +0.0229  +0.0522  -0.1765  +0.2748  -0.1753  +0.2221
    t+4   | +0.0385  +0.0635  -0.1813  +0.2707  -0.1714  +0.2507
[23:36:35] #  525 [bench] e2e=  985.6ms  infer=  981.4ms  cap=  4.0ms
    t+0   | +0.0797  +0.0520  -0.1245  +0.2699  -0.1022  +0.0659
    t+1   | -0.0108  +0.0849  -0.1663  +0.2513  -0.1126  -0.0333
    t+2   | -0.0029  +0.1175  -0.1850  +0.2766  -0.0881  +0.0089
    t+3   | +0.0294  +0.1165  -0.1992  +0.2952  -0.0635  +0.0558
    t+4   | +0.0909  +0.1222  -0.1623  +0.3191  +0.0136  +0.0389

  [live] after 520 bench steps — e2e mean=987.8ms  |  max replan freq=1.01 Hz  |  max control freq=5.06 Hz (n_action_steps=5)

[23:36:36] #  526 [bench] e2e=  995.5ms  infer=  991.8ms  cap=  3.5ms
    t+0   | +0.2399  +0.2911  -0.4160  +0.3479  -0.0537  -0.1313
    t+1   | +0.1763  +0.3050  -0.4188  +0.3186  -0.0435  -0.0394
    t+2   | +0.0789  +0.3531  -0.4054  +0.2927  -0.0344  -0.0592
    t+3   | +0.0257  +0.3295  -0.4000  +0.2880  -0.0340  -0.0613
    t+4   | +0.0565  +0.2764  -0.3536  +0.3110  -0.0501  -0.0877
[23:36:37] #  527 [bench] e2e=  976.4ms  infer=  972.8ms  cap=  3.3ms
    t+0   | -0.0548  +0.0586  -0.3613  +0.3745  +0.0407  -0.5234
    t+1   | -0.0823  +0.0297  -0.2738  +0.3226  +0.1000  -0.4982
    t+2   | -0.1311  -0.0085  -0.2171  +0.2644  +0.0912  -0.3665
    t+3   | -0.1625  -0.0376  -0.1628  +0.2533  +0.1126  -0.2945
    t+4   | -0.0984  -0.0303  -0.1683  +0.2524  +0.1041  -0.2819
[23:36:38] #  528 [bench] e2e=  987.7ms  infer=  985.1ms  cap=  2.5ms
    t+0   | +0.1119  -0.0710  +0.0390  +0.1772  +0.2576  -0.0122
    t+1   | +0.1515  -0.0817  +0.0466  +0.1743  +0.2168  -0.0333
    t+2   | +0.1519  -0.0920  +0.0469  +0.1573  +0.1048  -0.1607
    t+3   | +0.0386  -0.1223  +0.0034  +0.1614  +0.1662  -0.2037
    t+4   | +0.0273  -0.0822  -0.0459  +0.2127  +0.1457  -0.1179
[23:36:39] #  529 [bench] e2e=  993.1ms  infer=  990.4ms  cap=  2.5ms
    t+0   | +0.0407  -0.1616  +0.0765  +0.0827  -0.0949  -0.5697
    t+1   | -0.0173  -0.1061  -0.0019  +0.1513  -0.0286  -0.7138
    t+2   | +0.0227  -0.0034  -0.0826  +0.2514  -0.0058  -0.6829
    t+3   | +0.0430  +0.0381  -0.1519  +0.2523  +0.0166  -0.3824
    t+4   | +0.0558  +0.0466  -0.1520  +0.2747  +0.0516  -0.0282
[23:36:40] #  530 [bench] e2e=  972.5ms  infer=  969.8ms  cap=  2.5ms
    t+0   | +0.2392  +0.1027  -0.2569  +0.3959  +0.0132  +0.0040
    t+1   | +0.1922  +0.0276  -0.1495  +0.3346  +0.0608  -0.1385
    t+2   | +0.1177  +0.0035  -0.1136  +0.3059  +0.0546  -0.2003
    t+3   | +0.0498  -0.0611  -0.0684  +0.2809  +0.0543  -0.1743
    t+4   | +0.0313  -0.1572  +0.0173  +0.2436  +0.0363  -0.1899
[23:36:41] #  531 [bench] e2e=  990.2ms  infer=  987.9ms  cap=  2.2ms
    t+0   | -0.0689  -0.1406  -0.0006  +0.1882  +0.0394  -0.6775
    t+1   | -0.2260  -0.0220  -0.1258  +0.2482  -0.1121  -0.6442
    t+2   | -0.1431  -0.0126  -0.1367  +0.2526  -0.1361  -0.5704
    t+3   | -0.1071  -0.0262  -0.1452  +0.2387  -0.1616  -0.5098
    t+4   | -0.1146  -0.0446  -0.1193  +0.2215  -0.1297  -0.4619
[23:36:42] #  532 [bench] e2e=  979.8ms  infer=  976.2ms  cap=  3.5ms
    t+0   | +0.1049  +0.1268  -0.1611  +0.2699  +0.8000  -0.0393
    t+1   | +0.0174  +0.1205  -0.2486  +0.2588  +0.3578  -0.1748
    t+2   | +0.0107  +0.0973  -0.2684  +0.2500  +0.3520  -0.3480
    t+3   | +0.0229  -0.0289  -0.1715  +0.2243  +0.3236  -0.4901
    t+4   | +0.0326  -0.0268  -0.1432  +0.2435  +0.3051  -0.4263
[23:36:43] #  533 [bench] e2e=  973.0ms  infer=  969.5ms  cap=  3.3ms
    t+0   | +0.0528  +0.0497  -0.0716  +0.2050  +0.0935  -0.6894
    t+1   | +0.0241  +0.0225  -0.0923  +0.1607  +0.0055  -0.6433
    t+2   | +0.0148  +0.0295  -0.0943  +0.1717  -0.0330  -0.6164
    t+3   | -0.0629  -0.0987  +0.0260  +0.1660  +0.0800  -0.6247
    t+4   | -0.0518  -0.1226  +0.0338  +0.1646  +0.1111  -0.6173
[23:36:44] #  534 [bench] e2e=  981.3ms  infer=  977.8ms  cap=  3.4ms
    t+0   | +0.2173  +0.1510  -0.1622  +0.3217  -0.1544  +0.6899
    t+1   | +0.1635  +0.1478  -0.1817  +0.2851  -0.1651  +0.0832
    t+2   | +0.1357  +0.1343  -0.2898  +0.3416  -0.1174  -0.1123
    t+3   | +0.1279  +0.1860  -0.3621  +0.3441  -0.0648  -0.0164
    t+4   | +0.1406  +0.2199  -0.3961  +0.3560  -0.0126  -0.0113
[23:36:45] #  535 [bench] e2e=  988.7ms  infer=  984.2ms  cap=  4.4ms
    t+0   | +0.1710  +0.0044  -0.0954  +0.2817  -0.0437  -0.1727
    t+1   | +0.1612  +0.0237  -0.1277  +0.2956  -0.0377  -0.0621
    t+2   | +0.1248  +0.0759  -0.1588  +0.3139  -0.0051  +0.0459
    t+3   | +0.1038  +0.1161  -0.1674  +0.3437  -0.0035  -0.0014
    t+4   | +0.0748  +0.1141  -0.1845  +0.3568  +0.0156  +0.0021
[23:36:46] #  536 [bench] e2e= 1001.5ms  infer=  999.7ms  cap=  1.6ms
    t+0   | +0.2078  +0.2042  -0.3080  +0.4510  +0.2363  +0.1434
    t+1   | +0.2685  +0.2344  -0.2393  +0.4585  +0.4087  +0.3155
    t+2   | +0.2989  +0.1995  -0.1838  +0.4247  +0.3270  +0.3886
    t+3   | +0.2625  +0.1555  -0.1681  +0.4360  +0.2836  +0.4159
    t+4   | +0.2248  +0.1305  -0.1839  +0.4320  +0.1931  +0.3599
[23:36:47] #  537 [bench] e2e= 1006.1ms  infer= 1003.6ms  cap=  2.3ms
    t+0   | -0.0029  +0.0344  -0.0507  +0.1800  -0.0593  +0.0536
    t+1   | -0.0626  +0.1385  -0.2030  +0.2437  -0.0865  +0.0473
    t+2   | -0.0576  +0.2040  -0.2896  +0.3027  -0.1391  +0.1088
    t+3   | -0.0401  +0.1864  -0.2611  +0.2816  -0.1824  +0.2365
    t+4   | +0.0076  +0.1799  -0.2172  +0.3070  -0.2329  +0.3313
[23:36:48] #  538 [bench] e2e=  993.6ms  infer=  989.8ms  cap=  3.5ms
    t+0   | -0.2052  -0.1615  +0.0718  +0.2206  +0.1318  +0.0727
    t+1   | -0.2136  -0.1467  +0.0399  +0.2160  +0.0908  -0.0972
    t+2   | -0.1990  -0.0812  -0.0299  +0.2427  +0.0370  -0.1463
    t+3   | -0.1247  -0.0220  -0.1074  +0.2643  -0.0300  -0.1783
    t+4   | -0.0511  -0.0098  -0.1060  +0.2768  -0.0365  -0.1716
[23:36:49] #  539 [bench] e2e=  987.7ms  infer=  985.3ms  cap=  2.3ms
    t+0   | +0.0236  -0.1484  +0.0595  +0.1587  +0.0339  -0.5209
    t+1   | +0.0375  -0.1242  -0.0009  +0.1833  +0.0159  -0.6657
    t+2   | +0.0303  -0.0593  -0.1171  +0.2173  +0.0664  -0.6673
    t+3   | +0.0832  -0.0172  -0.1724  +0.2483  +0.0951  -0.6494
    t+4   | +0.0690  +0.0196  -0.1966  +0.3010  +0.1695  -0.6246
[23:36:50] #  540 [bench] e2e=  995.0ms  infer=  992.3ms  cap=  2.6ms
    t+0   | +0.1662  +0.1765  -0.2014  +0.3123  +0.0137  +0.0992
    t+1   | +0.1248  +0.1902  -0.2081  +0.3224  +0.1148  +0.0077
    t+2   | +0.1514  +0.1841  -0.2326  +0.3428  +0.1263  -0.0218
    t+3   | +0.1861  +0.1738  -0.2678  +0.3621  +0.2728  -0.1123
    t+4   | +0.2478  +0.1610  -0.2678  +0.3468  +0.2327  -0.0864
[23:36:51] #  541 [bench] e2e=  996.1ms  infer=  992.5ms  cap=  3.4ms
    t+0   | +0.1146  +0.0165  -0.1270  +0.2649  -0.0630  -0.1281
    t+1   | +0.0313  +0.0698  -0.1884  +0.3095  -0.0661  -0.1274
    t+2   | -0.0474  +0.0805  -0.1889  +0.2942  -0.1003  -0.0413
    t+3   | -0.0706  +0.0947  -0.1920  +0.2777  -0.1106  -0.0135
    t+4   | -0.0287  +0.0473  -0.1862  +0.2492  -0.1260  -0.0661
[23:36:52] #  542 [bench] e2e=  998.7ms  infer=  996.0ms  cap=  2.5ms
    t+0   | +0.1296  -0.0960  +0.0007  +0.2499  +0.1413  -0.5377
    t+1   | +0.0812  -0.0911  +0.0229  +0.2409  +0.1494  -0.5384
    t+2   | +0.0138  -0.1248  +0.0128  +0.1987  +0.0892  -0.3996
    t+3   | -0.0166  -0.1058  +0.0048  +0.1983  +0.0574  -0.2744
    t+4   | -0.0210  -0.1254  -0.0179  +0.1955  +0.0351  -0.1420
[23:36:53] #  543 [bench] e2e= 1002.4ms  infer=  998.5ms  cap=  3.7ms
    t+0   | -0.0365  -0.0277  -0.1950  +0.2344  -0.0125  -0.3653
    t+1   | -0.0167  -0.0553  -0.1377  +0.1817  -0.0287  -0.4359
    t+2   | +0.0348  -0.0130  -0.1654  +0.2166  -0.0056  -0.3677
    t+3   | +0.0634  -0.0048  -0.1904  +0.2385  +0.0381  -0.3392
    t+4   | +0.0806  +0.0541  -0.2100  +0.2686  +0.1119  -0.3384
[23:36:54] #  544 [bench] e2e=  997.4ms  infer=  994.4ms  cap=  2.8ms
    t+0   | +0.2135  +0.0183  -0.0829  +0.2499  +0.1180  +0.1530
    t+1   | +0.2246  +0.0159  -0.0772  +0.2510  +0.1803  +0.4998
    t+2   | +0.1970  -0.0051  -0.0399  +0.2518  +0.1605  +0.2281
    t+3   | +0.1923  -0.0152  -0.0317  +0.2464  +0.1517  +0.0140
    t+4   | +0.1621  +0.0199  -0.0358  +0.2588  +0.1084  -0.1511
[23:36:55] #  545 [bench] e2e=  998.4ms  infer=  994.7ms  cap=  3.5ms
    t+0   | -0.0963  +0.0976  -0.2408  +0.4389  +0.2588  -0.1813
    t+1   | -0.0140  +0.1319  -0.2864  +0.4254  +0.1810  -0.1388
    t+2   | +0.0541  +0.1418  -0.3012  +0.4073  +0.1465  -0.0648
    t+3   | +0.0101  +0.1189  -0.3348  +0.4121  +0.1729  +0.0439
    t+4   | -0.0906  +0.0206  -0.3122  +0.4317  +0.4944  -0.0992

  [live] after 540 bench steps — e2e mean=987.9ms  |  max replan freq=1.01 Hz  |  max control freq=5.06 Hz (n_action_steps=5)

[23:36:56] #  546 [bench] e2e=  985.7ms  infer=  982.4ms  cap=  3.1ms
    t+0   | +0.0314  -0.0480  +0.0002  +0.2461  +0.1821  -0.2919
    t+1   | -0.0024  -0.0486  +0.0151  +0.2185  +0.1522  -0.2634
    t+2   | -0.0289  +0.0009  +0.0171  +0.2192  +0.2342  -0.2845
    t+3   | -0.0051  +0.0564  -0.0240  +0.2683  +0.2684  -0.2922
    t+4   | +0.0197  +0.0734  -0.0812  +0.2921  +0.2473  -0.2964
[23:36:57] #  547 [bench] e2e=  998.7ms  infer=  996.1ms  cap=  2.4ms
    t+0   | +0.1683  -0.1031  +0.0053  +0.2369  +0.0716  -0.6801
    t+1   | +0.1193  -0.0836  -0.1347  +0.2899  +0.0780  -0.7147
    t+2   | +0.1099  -0.0856  -0.1182  +0.2619  +0.0204  -0.7180
    t+3   | +0.0561  -0.0864  -0.1116  +0.2617  +0.0182  -0.6654
    t+4   | +0.0038  -0.1541  -0.0607  +0.2126  +0.0162  -0.6509
[23:36:58] #  548 [bench] e2e=  981.5ms  infer=  979.0ms  cap=  2.3ms
    t+0   | +0.0654  -0.0880  -0.0779  +0.2183  -0.1518  -0.2069
    t+1   | -0.0481  -0.0778  -0.2109  +0.2555  -0.0944  -0.2219
    t+2   | -0.0964  -0.0613  -0.2519  +0.2289  -0.0029  -0.3178
    t+3   | -0.0860  -0.0499  -0.1949  +0.2017  -0.0219  -0.3336
    t+4   | -0.1543  -0.0513  -0.1503  +0.1338  +0.0299  -0.3325
[23:36:59] #  549 [bench] e2e=  996.1ms  infer=  993.3ms  cap=  2.7ms
    t+0   | +0.1060  -0.0758  -0.0442  +0.2506  +0.0669  +0.1317
    t+1   | +0.1273  +0.0181  -0.1510  +0.2905  +0.1038  +0.0495
    t+2   | +0.0957  +0.0754  -0.2029  +0.2686  +0.1617  -0.0095
    t+3   | +0.0697  +0.0756  -0.1645  +0.2760  +0.2593  -0.0070
    t+4   | +0.0621  +0.0828  -0.0921  +0.2810  +0.4094  -0.0115
[23:37:00] #  550 [bench] e2e=  987.7ms  infer=  984.7ms  cap=  2.9ms
    t+0   | -0.0349  -0.2481  +0.1215  +0.1287  +0.1244  -0.1990
    t+1   | -0.0210  -0.2393  +0.0856  +0.1208  +0.0627  -0.1490
    t+2   | -0.0040  -0.2026  -0.0198  +0.1189  +0.0412  -0.1072
    t+3   | +0.0434  -0.1473  -0.0852  +0.1793  -0.0060  -0.0837
    t+4   | +0.0114  -0.0704  -0.1874  +0.2256  -0.1109  +0.2591
[23:37:01] #  551 [bench] e2e=  973.4ms  infer=  970.6ms  cap=  2.6ms
    t+0   | +0.1875  +0.0454  -0.1063  +0.2772  +0.0936  -0.1297
    t+1   | +0.1425  +0.0349  -0.1038  +0.2690  +0.1155  -0.0946
    t+2   | +0.1046  +0.0487  -0.0777  +0.2819  +0.0924  -0.0326
    t+3   | +0.0916  +0.0605  -0.0992  +0.2750  +0.0915  -0.0665
    t+4   | +0.1187  +0.0285  -0.1020  +0.2460  +0.0970  -0.0734
[23:37:02] #  552 [bench] e2e= 1001.2ms  infer=  998.4ms  cap=  2.6ms
    t+0   | -0.0293  -0.1911  +0.0022  +0.1471  +0.0714  -0.4758
    t+1   | +0.0179  -0.1491  -0.0537  +0.1539  +0.0438  -0.4048
    t+2   | +0.0638  -0.0707  -0.1200  +0.1869  +0.0178  -0.3393
    t+3   | +0.1144  -0.0671  -0.1579  +0.1938  +0.0019  -0.3116
    t+4   | +0.1380  -0.0405  -0.1731  +0.2829  -0.0422  -0.2981
[23:37:03] #  553 [bench] e2e= 1012.5ms  infer= 1009.9ms  cap=  2.5ms
    t+0   | +0.1117  -0.0105  -0.0682  +0.1897  -0.0082  -0.2160
    t+1   | +0.1114  +0.0663  -0.1510  +0.2562  +0.0381  -0.1875
    t+2   | +0.1055  +0.1577  -0.2223  +0.3099  +0.0760  -0.1151
    t+3   | +0.0813  +0.1527  -0.2633  +0.3250  +0.0158  -0.1564
    t+4   | +0.1002  +0.1677  -0.3091  +0.3323  -0.0303  -0.0785
[23:37:04] #  554 [bench] e2e=  999.6ms  infer=  997.4ms  cap=  2.0ms
    t+0   | +0.1229  +0.1465  -0.3266  +0.3775  -0.0159  -0.1350
    t+1   | +0.0897  +0.1481  -0.3396  +0.3853  +0.0332  +0.0131
    t+2   | +0.1126  +0.1287  -0.2811  +0.3764  +0.0997  +0.0520
    t+3   | +0.1567  +0.1334  -0.2305  +0.3766  +0.1162  +0.0479
    t+4   | +0.1333  +0.1712  -0.2391  +0.4065  +0.1490  +0.1246
[23:37:05] #  555 [bench] e2e=  998.8ms  infer=  997.2ms  cap=  1.5ms
    t+0   | +0.0408  -0.0497  -0.0546  +0.2787  +0.4269  -0.0589
    t+1   | -0.0174  -0.0786  -0.0522  +0.2452  +0.2289  -0.1122
    t+2   | -0.0039  -0.1297  -0.0253  +0.2218  +0.1423  -0.1702
    t+3   | +0.0078  -0.1220  -0.0069  +0.1780  +0.0917  -0.1491
    t+4   | +0.0166  -0.0853  -0.0058  +0.2033  +0.0840  -0.1368
[23:37:06] #  556 [bench] e2e=  997.5ms  infer=  995.8ms  cap=  1.5ms
    t+0   | +0.2088  +0.0662  -0.1026  +0.2805  +0.0885  +0.0143
    t+1   | +0.1434  +0.0184  -0.0327  +0.2485  +0.1404  +0.0213
    t+2   | +0.0790  -0.0701  +0.0469  +0.2140  +0.1552  -0.0471
    t+3   | +0.0078  -0.1051  +0.1274  +0.1593  +0.1123  -0.0897
    t+4   | -0.0538  -0.0724  +0.1255  +0.1603  +0.0974  +0.0103
[23:37:07] #  557 [bench] e2e=  993.6ms  infer=  991.8ms  cap=  1.7ms
    t+0   | +0.2575  +0.1919  -0.3010  +0.4018  +0.0658  +0.2109
    t+1   | +0.2770  +0.2647  -0.3683  +0.4297  -0.0005  +0.2128
    t+2   | +0.2770  +0.2742  -0.3374  +0.4489  -0.0330  +0.3098
    t+3   | +0.2339  +0.2176  -0.2359  +0.4804  +0.1738  +0.3337
    t+4   | +0.2279  +0.2391  -0.2564  +0.4687  +0.0902  +0.1762
[23:37:08] #  558 [bench] e2e= 1000.5ms  infer=  997.6ms  cap=  2.7ms
    t+0   | +0.1357  -0.0024  -0.2334  +0.3521  -0.0060  -0.5107
    t+1   | +0.1707  +0.0424  -0.2165  +0.3420  +0.0800  -0.4102
    t+2   | +0.1646  +0.0012  -0.1587  +0.2935  +0.0352  -0.4058
    t+3   | +0.1295  -0.0361  -0.0909  +0.3066  +0.0939  -0.4126
    t+4   | +0.1257  -0.0248  -0.1080  +0.2873  +0.0774  -0.3615
[23:37:09] #  559 [bench] e2e=  998.6ms  infer=  995.3ms  cap=  3.1ms
    t+0   | +0.1509  +0.2506  -0.2394  +0.3170  +0.2440  -0.4777
    t+1   | +0.1226  +0.1970  -0.1629  +0.2550  +0.1703  -0.5827
    t+2   | +0.0853  +0.1595  -0.1019  +0.2447  +0.1063  -0.5778
    t+3   | +0.0887  +0.1590  -0.1273  +0.2417  +0.0497  -0.5451
    t+4   | +0.0933  +0.1068  -0.1564  +0.2318  +0.0606  -0.4985
[23:37:10] #  560 [bench] e2e=  995.3ms  infer=  992.8ms  cap=  2.3ms
    t+0   | +0.1189  +0.1128  -0.4064  +0.4315  -0.2385  -0.2915
    t+1   | +0.1544  +0.1262  -0.3087  +0.3940  -0.1341  -0.2781
    t+2   | +0.1542  +0.0917  -0.2577  +0.3405  -0.1088  -0.2688
    t+3   | +0.1052  +0.0813  -0.2002  +0.3153  -0.0840  -0.3607
    t+4   | +0.0950  +0.0601  -0.1779  +0.2943  -0.0428  -0.5124
[23:37:11] #  561 [bench] e2e=  996.1ms  infer=  993.8ms  cap=  2.2ms
    t+0   | +0.1432  -0.0158  -0.1029  +0.2605  +0.1833  -0.6398
    t+1   | +0.0707  +0.0142  -0.1490  +0.2495  +0.2673  -0.4696
    t+2   | +0.0685  +0.0384  -0.1642  +0.2448  +0.2300  -0.4082
    t+3   | +0.0693  +0.0532  -0.1618  +0.2549  +0.2145  -0.1716
    t+4   | +0.0584  +0.0964  -0.1703  +0.2479  +0.2249  -0.0251
[23:37:12] #  562 [bench] e2e= 1010.6ms  infer= 1007.7ms  cap=  2.7ms
    t+0   | +0.0815  -0.0350  -0.0815  +0.2516  +0.0072  -0.1715
    t+1   | +0.0486  -0.0362  -0.1285  +0.2698  -0.0908  -0.1091
    t+2   | -0.0030  -0.0001  -0.2659  +0.3435  -0.1214  -0.2432
    t+3   | +0.0412  +0.0322  -0.2530  +0.3637  -0.0794  -0.2582
    t+4   | +0.0630  +0.0248  -0.2529  +0.3355  -0.0225  -0.1964
[23:37:13] #  563 [bench] e2e= 1000.6ms  infer=  997.6ms  cap=  2.9ms
    t+0   | +0.1651  +0.0657  -0.2635  +0.3897  +0.0056  -0.1236
    t+1   | +0.0911  -0.0071  -0.2163  +0.3370  -0.0312  -0.1752
    t+2   | +0.0392  -0.0859  -0.1563  +0.3039  +0.0707  -0.2351
    t+3   | +0.0584  -0.0842  -0.1136  +0.3030  +0.0521  -0.2466
    t+4   | +0.1332  -0.0390  -0.1944  +0.3285  +0.0021  -0.2500
[23:37:14] #  564 [bench] e2e=  993.7ms  infer=  990.6ms  cap=  2.9ms
    t+0   | +0.1496  +0.0156  -0.1257  +0.3449  -0.0107  -0.0175
    t+1   | +0.1134  -0.0069  -0.0918  +0.3408  +0.0095  -0.1003
    t+2   | +0.1016  -0.0030  -0.0604  +0.3265  +0.0667  -0.1594
    t+3   | +0.0774  -0.0090  -0.1048  +0.3175  +0.0508  -0.0566
    t+4   | +0.0090  -0.0255  -0.1145  +0.3424  +0.0860  -0.1322
[23:37:15] #  565 [bench] e2e=  985.0ms  infer=  982.7ms  cap=  2.1ms
    t+0   | +0.1117  -0.1130  -0.0649  +0.2650  +0.0412  -0.3180
    t+1   | +0.1545  -0.1180  -0.0243  +0.2586  +0.0351  -0.6204
    t+2   | +0.1649  -0.1305  -0.0196  +0.2555  +0.0748  -0.5071
    t+3   | +0.1710  -0.1375  -0.0146  +0.2567  +0.0875  -0.4817
    t+4   | +0.1968  -0.1054  -0.0715  +0.2973  +0.0807  -0.4543

  [live] after 560 bench steps — e2e mean=988.2ms  |  max replan freq=1.01 Hz  |  max control freq=5.06 Hz (n_action_steps=5)

[23:37:15] #  566 [bench] e2e=  978.8ms  infer=  976.1ms  cap=  2.6ms
    t+0   | +0.1005  +0.0359  -0.1905  +0.3242  +0.2087  -0.2966
    t+1   | +0.1079  +0.0108  -0.1913  +0.3187  +0.1249  -0.3100
    t+2   | +0.1287  -0.0296  -0.2103  +0.2848  +0.0782  -0.3572
    t+3   | +0.1194  -0.0374  -0.1810  +0.2612  +0.0585  -0.4056
    t+4   | +0.1261  -0.0035  -0.1798  +0.2724  +0.0703  -0.4503
[23:37:16] #  567 [bench] e2e=  996.8ms  infer=  993.8ms  cap=  2.9ms
    t+0   | -0.0090  +0.1065  -0.1496  +0.3024  -0.0736  -0.2545
    t+1   | +0.0803  +0.1609  -0.1992  +0.3602  -0.0666  -0.1962
    t+2   | +0.1514  +0.1380  -0.2074  +0.3610  -0.0678  -0.1142
    t+3   | +0.1710  +0.1160  -0.1640  +0.3682  -0.0611  -0.0900
    t+4   | +0.1453  +0.0814  -0.1101  +0.3437  +0.0210  -0.4140
[23:37:17] #  568 [bench] e2e=  976.7ms  infer=  973.6ms  cap=  2.9ms
    t+0   | +0.1487  +0.0342  -0.1907  +0.3665  +0.1578  -0.2834
    t+1   | +0.2093  +0.1337  -0.2360  +0.4032  +0.2009  -0.2178
    t+2   | +0.2406  +0.1275  -0.1897  +0.3616  +0.1251  -0.2364
    t+3   | +0.2023  +0.1178  -0.1767  +0.3561  +0.1139  -0.2409
    t+4   | +0.1197  +0.1434  -0.2227  +0.3658  +0.1425  -0.3297
[23:37:18] #  569 [bench] e2e=  985.1ms  infer=  982.2ms  cap=  2.7ms
    t+0   | +0.2765  +0.2096  -0.2034  +0.3532  -0.1513  +0.0043
    t+1   | +0.2247  +0.2082  -0.1959  +0.3617  -0.1841  -0.0795
    t+2   | +0.1627  +0.1459  -0.2174  +0.3622  -0.1496  -0.1664
    t+3   | +0.0938  +0.1676  -0.2276  +0.3987  -0.1492  -0.2373
    t+4   | +0.1026  +0.1607  -0.2411  +0.3666  -0.1437  -0.1959
[23:37:19] #  570 [bench] e2e=  984.2ms  infer=  981.0ms  cap=  3.0ms
    t+0   | +0.2248  +0.1157  -0.1659  +0.3224  +0.2014  -0.0184
    t+1   | +0.2360  +0.1237  -0.2028  +0.2933  +0.1532  -0.1465
    t+2   | +0.2376  +0.1923  -0.2326  +0.2966  +0.1480  -0.4194
    t+3   | +0.2219  +0.1633  -0.2170  +0.2524  +0.1519  -0.4477
    t+4   | +0.1729  +0.1148  -0.2229  +0.2617  +0.1440  -0.5152
[23:37:20] #  571 [bench] e2e=  989.9ms  infer=  986.6ms  cap=  3.1ms
    t+0   | +0.2276  +0.1534  -0.1603  +0.3812  +0.2263  +0.5152
    t+1   | +0.0790  +0.1150  -0.1405  +0.3583  +0.1907  +0.2383
    t+2   | -0.0005  +0.1561  -0.1927  +0.3927  +0.1207  +0.2114
    t+3   | +0.0363  +0.1282  -0.1983  +0.3541  +0.0241  +0.0348
    t+4   | +0.0466  +0.1788  -0.1985  +0.3650  -0.0548  +0.0104
[23:37:21] #  572 [bench] e2e=  983.5ms  infer=  980.2ms  cap=  3.2ms
    t+0   | +0.1758  +0.2887  -0.3526  +0.4463  +0.0223  +1.2279
    t+1   | +0.2133  +0.2203  -0.2783  +0.4185  -0.0492  +1.0625
    t+2   | +0.1893  +0.2069  -0.2729  +0.3993  -0.0531  +0.5133
    t+3   | +0.2110  +0.1650  -0.2237  +0.3894  -0.0542  -0.1838
    t+4   | +0.2388  +0.1559  -0.2591  +0.3759  -0.0285  -0.3416
[23:37:22] #  573 [bench] e2e=  998.3ms  infer=  995.0ms  cap=  3.2ms
    t+0   | +0.2288  +0.0753  -0.2021  +0.3228  -0.0559  +0.0505
    t+1   | +0.2247  +0.0361  -0.1710  +0.2936  +0.0112  -0.2764
    t+2   | +0.2663  -0.0206  -0.1442  +0.2685  -0.0168  -0.2995
    t+3   | +0.2287  -0.0017  -0.1346  +0.3029  -0.0199  -0.3197
    t+4   | +0.2053  +0.0203  -0.1877  +0.2817  -0.0275  -0.2711
[23:37:23] #  574 [bench] e2e=  979.0ms  infer=  975.4ms  cap=  3.5ms
    t+0   | +0.1130  +0.0133  -0.0915  +0.2674  -0.0275  -0.0802
    t+1   | +0.0753  +0.0737  -0.1510  +0.3052  +0.0522  -0.0651
    t+2   | +0.0955  +0.0606  -0.1454  +0.3018  +0.0565  -0.0716
    t+3   | +0.1216  +0.0546  -0.1151  +0.3004  +0.0426  -0.1067
    t+4   | +0.0969  +0.0662  -0.1447  +0.2947  +0.0355  -0.1872
[23:37:24] #  575 [bench] e2e=  994.6ms  infer=  991.5ms  cap=  2.9ms
    t+0   | +0.1556  +0.0988  -0.1702  +0.3440  +0.1527  -0.4718
    t+1   | +0.1410  +0.0891  -0.1685  +0.3357  +0.1465  -0.6323
    t+2   | +0.1308  +0.0513  -0.1279  +0.2852  +0.1309  -0.6748
    t+3   | +0.1528  +0.0436  -0.1380  +0.2705  +0.1115  -0.6454
    t+4   | +0.1847  +0.0648  -0.1693  +0.3129  +0.0888  -0.6639
[23:37:25] #  576 [bench] e2e=  977.1ms  infer=  973.9ms  cap=  3.0ms
    t+0   | +0.2671  +0.1264  -0.1409  +0.3357  +0.0693  +0.0906
    t+1   | +0.2764  +0.1446  -0.1617  +0.3274  +0.0235  -0.0600
    t+2   | +0.3187  +0.2295  -0.2267  +0.3240  +0.1696  -0.3501
    t+3   | +0.3321  +0.2087  -0.2731  +0.3300  +0.1304  -0.4013
    t+4   | +0.3198  +0.1889  -0.2613  +0.3759  +0.0999  -0.1727
[23:37:26] #  577 [bench] e2e=  987.6ms  infer=  984.7ms  cap=  2.8ms
    t+0   | +0.0396  -0.0212  -0.0570  +0.2301  -0.0536  +0.0707
    t+1   | -0.0028  -0.0388  -0.0765  +0.2133  -0.0576  -0.1568
    t+2   | -0.0151  -0.0471  -0.0704  +0.2132  -0.0624  -0.3105
    t+3   | -0.0648  -0.0505  -0.1005  +0.1772  -0.0354  -0.4249
    t+4   | -0.0281  -0.0114  -0.1700  +0.2191  -0.0142  -0.4278
[23:37:27] #  578 [bench] e2e=  995.5ms  infer=  992.3ms  cap=  3.0ms
    t+0   | -0.0393  +0.0504  -0.2764  +0.3303  +0.0246  -0.2725
    t+1   | -0.0416  +0.0089  -0.2762  +0.3095  +0.0331  -0.4578
    t+2   | +0.0195  +0.0554  -0.3328  +0.3209  -0.0120  -0.4532
    t+3   | +0.0852  +0.1107  -0.3604  +0.3736  -0.0975  -0.4165
    t+4   | +0.1124  +0.1158  -0.3176  +0.3809  -0.0917  -0.4503
[23:37:28] #  579 [bench] e2e=  996.0ms  infer=  992.9ms  cap=  2.9ms
    t+0   | +0.1444  -0.0302  -0.1368  +0.2681  -0.0706  -0.5786
    t+1   | +0.1292  +0.0262  -0.1494  +0.2641  -0.0057  -0.3320
    t+2   | +0.0828  +0.0349  -0.1324  +0.2422  +0.0368  -0.2814
    t+3   | +0.0568  +0.0423  -0.1602  +0.2533  +0.0237  -0.2727
    t+4   | +0.0663  +0.1259  -0.2186  +0.3018  +0.0027  -0.2870
[23:37:29] #  580 [bench] e2e=  979.4ms  infer=  976.2ms  cap=  3.1ms
    t+0   | +0.0997  +0.0187  -0.2985  +0.3692  +0.0517  -0.3595
    t+1   | +0.0185  -0.0033  -0.2557  +0.3270  +0.0406  -0.4881
    t+2   | -0.0163  -0.0747  -0.1481  +0.2650  -0.0103  -0.5248
    t+3   | +0.0090  -0.1080  -0.0992  +0.2420  +0.0156  -0.4975
    t+4   | +0.0315  -0.1462  -0.0932  +0.2643  +0.1305  -0.3214
[23:37:30] #  581 [bench] e2e=  990.2ms  infer=  987.1ms  cap=  2.9ms
    t+0   | +0.1857  +0.1105  -0.1190  +0.3041  +0.2727  -0.1619
    t+1   | +0.1813  +0.0926  -0.1212  +0.3080  +0.2589  -0.2062
    t+2   | +0.1500  +0.0948  -0.0995  +0.2929  +0.1831  -0.5407
    t+3   | +0.1436  +0.1169  -0.1223  +0.3287  +0.1226  -0.5796
    t+4   | +0.1519  +0.1138  -0.1271  +0.3577  +0.1106  -0.5541
[23:37:31] #  582 [bench] e2e=  992.7ms  infer=  989.9ms  cap=  2.7ms
    t+0   | +0.0948  -0.0775  -0.0368  +0.2293  -0.0368  -0.2901
    t+1   | +0.0866  -0.0442  -0.0810  +0.2431  -0.0363  -0.3979
    t+2   | +0.0605  +0.0368  -0.1233  +0.2782  -0.0594  -0.4391
    t+3   | +0.0924  +0.1040  -0.1493  +0.3272  -0.0681  -0.4018
    t+4   | +0.0987  +0.1328  -0.1750  +0.3405  -0.0667  -0.3083
[23:37:32] #  583 [bench] e2e=  977.2ms  infer=  974.1ms  cap=  3.0ms
    t+0   | +0.1242  -0.0873  +0.0035  +0.2258  +0.0157  -0.6411
    t+1   | +0.0631  -0.0741  -0.0682  +0.2494  +0.0264  -0.5908
    t+2   | +0.0359  -0.0371  -0.1367  +0.2729  +0.0564  -0.4201
    t+3   | +0.0487  -0.0267  -0.1496  +0.2867  +0.0385  -0.2583
    t+4   | +0.0655  +0.0065  -0.1630  +0.3296  -0.0274  +0.0304
[23:37:33] #  584 [bench] e2e=  992.2ms  infer=  989.1ms  cap=  3.0ms
    t+0   | +0.1433  +0.0857  -0.2625  +0.3322  -0.0449  -0.4527
    t+1   | +0.1742  +0.0361  -0.1797  +0.2786  +0.0076  -0.6059
    t+2   | +0.1623  -0.0022  -0.0497  +0.2443  +0.0801  -0.7197
    t+3   | +0.1571  -0.0053  -0.0221  +0.2596  +0.1538  -0.7434
    t+4   | +0.2860  +0.0637  -0.1284  +0.2898  +0.1997  -0.7768
[23:37:34] #  585 [bench] e2e=  993.9ms  infer=  990.8ms  cap=  3.0ms
    t+0   | +0.1450  -0.0952  +0.0225  +0.2018  +0.0712  -0.6881
    t+1   | +0.1269  -0.0495  -0.0687  +0.2325  +0.0739  -0.6373
    t+2   | +0.1252  -0.0447  -0.1042  +0.2360  +0.0605  -0.6301
    t+3   | +0.0919  -0.0575  -0.0842  +0.2536  +0.1393  -0.5803
    t+4   | +0.0340  -0.0695  -0.0684  +0.2604  +0.1860  -0.5718

  [live] after 580 bench steps — e2e mean=988.2ms  |  max replan freq=1.01 Hz  |  max control freq=5.06 Hz (n_action_steps=5)

[23:37:35] #  586 [bench] e2e=  977.5ms  infer=  974.5ms  cap=  2.8ms
    t+0   | +0.1402  +0.0850  -0.1137  +0.2821  +0.0666  -0.0281
    t+1   | +0.1254  +0.0073  -0.0278  +0.1819  +0.0124  -0.3798
    t+2   | +0.0762  -0.0581  +0.0470  +0.1172  -0.0134  -0.6702
    t+3   | +0.0137  -0.0589  +0.0341  +0.1159  -0.0000  -0.6930
    t+4   | +0.0015  -0.0877  +0.0236  +0.1166  -0.0061  -0.7043
[23:37:36] #  587 [bench] e2e= 1000.8ms  infer=  998.4ms  cap=  2.3ms
    t+0   | +0.0795  +0.0444  -0.1091  +0.2955  +0.1794  -0.2552
    t+1   | +0.0734  +0.0092  -0.0659  +0.2888  +0.0975  -0.1680
    t+2   | +0.0467  -0.0529  +0.0196  +0.2855  +0.0420  -0.1379
    t+3   | +0.0459  -0.0912  +0.0254  +0.2451  +0.0653  -0.1452
    t+4   | +0.0497  -0.0806  +0.0272  +0.2715  +0.0536  +0.0271
[23:37:37] #  588 [bench] e2e=  999.7ms  infer=  997.1ms  cap=  2.4ms
    t+0   | +0.2163  -0.0179  -0.2607  +0.4073  +0.2708  -0.4008
    t+1   | +0.1861  -0.0427  -0.1864  +0.3714  +0.2186  -0.1310
    t+2   | +0.1903  -0.0601  -0.1435  +0.3732  +0.1592  +0.0244
    t+3   | +0.1895  -0.0290  -0.1699  +0.4012  +0.1499  +0.0178
    t+4   | +0.2057  +0.0040  -0.2257  +0.4040  +0.1289  -0.0443
[23:37:38] #  589 [bench] e2e=  984.9ms  infer=  982.5ms  cap=  2.2ms
    t+0   | +0.2289  -0.0460  -0.0736  +0.2767  +0.0163  -0.0713
    t+1   | +0.1661  -0.0382  -0.0891  +0.2675  -0.0107  -0.1287
    t+2   | +0.1122  -0.0243  -0.0981  +0.2745  -0.0086  -0.1663
    t+3   | +0.0524  +0.0055  -0.1196  +0.2626  +0.0426  -0.2027
    t+4   | +0.0627  +0.0153  -0.1582  +0.2913  +0.0528  -0.2518
[23:37:39] #  590 [bench] e2e=  979.2ms  infer=  976.6ms  cap=  2.4ms
    t+0   | +0.1390  +0.2154  -0.3607  +0.4381  +0.2049  -0.0601
    t+1   | +0.1953  +0.2235  -0.3434  +0.4278  +0.1394  +0.1537
    t+2   | +0.2795  +0.2499  -0.4129  +0.4596  +0.1830  +0.2882
    t+3   | +0.4093  +0.2232  -0.4123  +0.4674  +0.1876  +0.8243
    t+4   | +0.4417  +0.2121  -0.3419  +0.4764  +0.1193  +0.9865
[23:37:40] #  591 [bench] e2e=  980.6ms  infer=  978.2ms  cap=  2.2ms
    t+0   | +0.2516  +0.3029  -0.3528  +0.4104  +0.0680  -0.0407
    t+1   | +0.2383  +0.3186  -0.3272  +0.3858  +0.1948  -0.1502
    t+2   | +0.2006  +0.2788  -0.3246  +0.3242  +0.2318  -0.4077
    t+3   | +0.1772  +0.1963  -0.2455  +0.3003  +0.1938  -0.4568
    t+4   | +0.1635  +0.1044  -0.1999  +0.3033  +0.1415  -0.3202
[23:37:41] #  592 [bench] e2e=  978.8ms  infer=  976.6ms  cap=  2.1ms
    t+0   | -0.0763  +0.0017  -0.3264  +0.3394  -0.0645  -0.6915
    t+1   | -0.0812  -0.0111  -0.2457  +0.3155  +0.0340  -0.7397
    t+2   | -0.0575  -0.0290  -0.1846  +0.2774  +0.0909  -0.7227
    t+3   | -0.0668  -0.0432  -0.1638  +0.2734  +0.0752  -0.7749
    t+4   | -0.0614  -0.0853  -0.1098  +0.2554  +0.0754  -0.7666
[23:37:42] #  593 [bench] e2e= 1034.6ms  infer= 1032.3ms  cap=  2.2ms
    t+0   | -0.0108  -0.2110  +0.1328  +0.0907  +0.0255  -0.7428
    t+1   | +0.0326  -0.0580  -0.0760  +0.2104  +0.0309  -0.7311
    t+2   | +0.0027  +0.0543  -0.1141  +0.2763  +0.1914  -0.7202
    t+3   | +0.0161  +0.0946  -0.1644  +0.2991  +0.1543  -0.7044
    t+4   | +0.0347  +0.0799  -0.1605  +0.2993  +0.1389  -0.6527
[23:37:43] #  594 [bench] e2e= 1004.2ms  infer= 1001.7ms  cap=  2.4ms
    t+0   | +0.1998  -0.0059  -0.0870  +0.2733  -0.0757  -0.0067
    t+1   | +0.1793  -0.0141  -0.0656  +0.2379  -0.0748  -0.0188
    t+2   | +0.1423  +0.0379  -0.0963  +0.2605  -0.0608  +0.1400
    t+3   | +0.1848  +0.0692  -0.1172  +0.3015  -0.0402  +0.2340
    t+4   | +0.2145  +0.0726  -0.0987  +0.2894  +0.0375  +0.1423
[23:37:44] #  595 [bench] e2e=  998.2ms  infer=  995.7ms  cap=  2.3ms
    t+0   | +0.1287  -0.0326  -0.0627  +0.2432  +0.0612  -0.4648
    t+1   | +0.1297  -0.0416  -0.0869  +0.2548  +0.1598  -0.2955
    t+2   | +0.1057  -0.0579  -0.0596  +0.2801  +0.2252  -0.3822
    t+3   | +0.0919  -0.0478  -0.0911  +0.2701  +0.2198  -0.5044
    t+4   | +0.0135  -0.0559  -0.0698  +0.2620  +0.2374  -0.6318
[23:37:45] #  596 [bench] e2e=  995.4ms  infer=  993.0ms  cap=  2.3ms
    t+0   | +0.1284  -0.1422  -0.0440  +0.2535  +0.0235  -0.6976
    t+1   | +0.0475  -0.2217  -0.0640  +0.2277  -0.0186  -0.6972
    t+2   | -0.0019  -0.2066  -0.0772  +0.2151  -0.0703  -0.7271
    t+3   | -0.0386  -0.2046  -0.0659  +0.2165  -0.0903  -0.6836
    t+4   | -0.0127  -0.1811  -0.0823  +0.1939  -0.0986  -0.6675
[23:37:46] #  597 [bench] e2e=  994.9ms  infer=  992.4ms  cap=  2.3ms
    t+0   | +0.0619  -0.0372  -0.1092  +0.2695  -0.0394  -0.4521
    t+1   | +0.0847  +0.0660  -0.2598  +0.3408  -0.0629  -0.4682
    t+2   | +0.1001  +0.1329  -0.4439  +0.3998  -0.0178  -0.4567
    t+3   | +0.1482  +0.1811  -0.5330  +0.4612  -0.0712  -0.4768
    t+4   | +0.1825  +0.1746  -0.5077  +0.4340  -0.1142  -0.5623
[23:37:47] #  598 [bench] e2e=  995.7ms  infer=  992.8ms  cap=  2.7ms
    t+0   | +0.2091  -0.0207  -0.0377  +0.2819  +0.0004  -0.0073
    t+1   | +0.1769  -0.0152  -0.0457  +0.2789  -0.0515  +0.0642
    t+2   | +0.1688  +0.0052  -0.1149  +0.2991  -0.0614  +0.5404
    t+3   | +0.1474  -0.0195  -0.1098  +0.2279  -0.0933  +0.7017
    t+4   | +0.1689  -0.0061  -0.1246  +0.2365  +0.0101  +0.7331
[23:37:48] #  599 [bench] e2e=  988.3ms  infer=  985.4ms  cap=  2.8ms
    t+0   | +0.1514  -0.0331  -0.0363  +0.2309  +0.0861  +0.1189
    t+1   | +0.1196  -0.0312  -0.0272  +0.2410  +0.1998  +0.0315
    t+2   | +0.0634  -0.0566  -0.0077  +0.2212  +0.2858  -0.1964
    t+3   | +0.0595  -0.0750  +0.0156  +0.2535  +0.2148  -0.3388
    t+4   | +0.0949  -0.0650  -0.0301  +0.2884  +0.1709  -0.2459
[23:37:49] #  600 [bench] e2e=  996.7ms  infer=  994.2ms  cap=  2.3ms
    t+0   | +0.0241  +0.0775  -0.3849  +0.4707  -0.0403  -0.0486
    t+1   | +0.0421  +0.0900  -0.3162  +0.4199  +0.0698  -0.1251
    t+2   | +0.0355  +0.1179  -0.2939  +0.3791  +0.1490  -0.1910
    t+3   | +0.0587  +0.1154  -0.2471  +0.3505  +0.2416  -0.5725
    t+4   | +0.1193  +0.0990  -0.2120  +0.3636  +0.2490  -0.4908
[23:37:50] #  601 [bench] e2e= 1000.0ms  infer=  997.1ms  cap=  2.7ms
    t+0   | +0.2204  +0.0301  -0.1032  +0.2699  -0.0610  -0.1640
    t+1   | +0.2068  +0.0201  -0.1036  +0.2561  -0.0188  -0.1000
    t+2   | +0.1506  +0.0021  -0.0986  +0.2367  +0.0076  -0.0477
    t+3   | +0.0499  -0.0275  -0.1053  +0.2602  -0.0398  -0.0348
    t+4   | -0.0159  -0.0246  -0.1046  +0.2599  -0.0967  -0.0227
[23:37:51] #  602 [bench] e2e=  994.0ms  infer=  991.4ms  cap=  2.4ms
    t+0   | +0.1177  -0.0564  -0.0252  +0.2413  +0.0982  -0.1964
    t+1   | +0.1014  -0.0417  -0.0298  +0.2412  +0.1082  +0.1155
    t+2   | +0.0650  +0.0288  -0.0754  +0.2711  +0.1218  +0.2112
    t+3   | +0.0640  +0.1020  -0.1521  +0.2877  +0.1040  +0.0997
    t+4   | +0.0965  +0.1554  -0.1805  +0.3146  +0.0502  +0.0354
[23:37:52] #  603 [bench] e2e= 1002.6ms  infer= 1000.1ms  cap=  2.4ms
    t+0   | +0.0411  +0.0932  -0.1381  +0.2461  +0.0159  +0.0810
    t+1   | -0.0096  +0.1031  -0.0936  +0.2143  +0.1944  -0.1680
    t+2   | -0.0529  +0.0316  +0.0345  +0.1385  +0.2715  -0.6481
    t+3   | -0.0299  +0.0759  -0.0255  +0.1651  +0.1066  -0.5800
    t+4   | +0.0131  +0.0760  -0.0246  +0.1757  +0.1096  -0.6512
[23:37:53] #  604 [bench] e2e= 1000.5ms  infer=  997.8ms  cap=  2.5ms
    t+0   | +0.1559  +0.2025  -0.1976  +0.3555  +0.3616  +0.2621
    t+1   | +0.1130  +0.1688  -0.2148  +0.3403  +0.2072  +0.0987
    t+2   | +0.0545  +0.1014  -0.2372  +0.3767  +0.2876  +0.0434
    t+3   | -0.0207  +0.0419  -0.2442  +0.3858  +0.2607  -0.0268
    t+4   | -0.0790  +0.0292  -0.2604  +0.3872  +0.2866  -0.0512
[23:37:54] #  605 [bench] e2e=  999.1ms  infer=  996.2ms  cap=  2.8ms
    t+0   | +0.0180  -0.2029  +0.0867  +0.1406  -0.0059  -0.5965
    t+1   | +0.0148  -0.1576  +0.0060  +0.1879  +0.0352  -0.5235
    t+2   | +0.0885  -0.0882  -0.0545  +0.2437  +0.0212  -0.3780
    t+3   | +0.0997  -0.0135  -0.0804  +0.2520  +0.0684  -0.2672
    t+4   | +0.0441  +0.0483  -0.1194  +0.2466  +0.0820  -0.0870

  [live] after 600 bench steps — e2e mean=988.4ms  |  max replan freq=1.01 Hz  |  max control freq=5.06 Hz (n_action_steps=5)

[23:37:55] #  606 [bench] e2e= 1004.0ms  infer= 1000.8ms  cap=  3.0ms
    t+0   | +0.1795  +0.2368  -0.3095  +0.3737  +0.4332  -0.1331
    t+1   | +0.1293  +0.1495  -0.2431  +0.3063  +0.1977  -0.1083
    t+2   | -0.0135  +0.0466  -0.1694  +0.2580  +0.1956  -0.4093
    t+3   | -0.0495  -0.0387  -0.1204  +0.2203  +0.1430  -0.5004
    t+4   | -0.0869  -0.0379  -0.0861  +0.2080  +0.1671  -0.6753
[23:37:56] #  607 [bench] e2e=  999.4ms  infer=  996.7ms  cap=  2.6ms
    t+0   | +0.0044  +0.0604  -0.0225  +0.2746  -0.0663  +1.3884
    t+1   | -0.0141  +0.0737  -0.0172  +0.2732  -0.1380  +1.5451
    t+2   | -0.0301  +0.1200  -0.0402  +0.2971  -0.1874  +1.4719
    t+3   | -0.0436  +0.0929  -0.0629  +0.2947  -0.1665  +0.6536
    t+4   | -0.0756  +0.0540  -0.0172  +0.2681  -0.1125  +0.3841
[23:37:57] #  608 [bench] e2e= 1003.4ms  infer= 1000.7ms  cap=  2.5ms
    t+0   | +0.2540  +0.0701  -0.0977  +0.2521  -0.0599  +0.0613
    t+1   | +0.2239  +0.1252  -0.1101  +0.2533  -0.0931  +0.0112
    t+2   | +0.1251  +0.2143  -0.2212  +0.2638  -0.0714  +0.0247
    t+3   | +0.1078  +0.2175  -0.2649  +0.3027  -0.0266  -0.0021
    t+4   | +0.0786  +0.2038  -0.2832  +0.3188  -0.0256  +0.0910
[23:37:58] #  609 [bench] e2e= 1003.4ms  infer= 1000.6ms  cap=  2.6ms
    t+0   | +0.2419  +0.1424  -0.1540  +0.2807  +0.2227  -0.1437
    t+1   | +0.1888  +0.2276  -0.3149  +0.3592  +0.2161  -0.1613
    t+2   | +0.2034  +0.2419  -0.3135  +0.4021  +0.1463  -0.1185
    t+3   | +0.1826  +0.2408  -0.3219  +0.4223  +0.1799  -0.1487
    t+4   | +0.0756  +0.2906  -0.4730  +0.4796  +0.1676  -0.1855
[23:37:59] #  610 [bench] e2e=  993.0ms  infer=  988.6ms  cap=  4.2ms
    t+0   | +0.2194  +0.1313  -0.1523  +0.2944  -0.0823  -0.1257
    t+1   | +0.0595  +0.1034  -0.1520  +0.2587  -0.0936  -0.2462
    t+2   | -0.0018  +0.1642  -0.4241  +0.3938  -0.0135  -0.2390
    t+3   | +0.0225  +0.2445  -0.5012  +0.4042  +0.0469  -0.2015
    t+4   | +0.0405  +0.2497  -0.4623  +0.3584  +0.0586  -0.1921
[23:38:00] #  611 [bench] e2e=  990.9ms  infer=  988.4ms  cap=  2.3ms
    t+0   | +0.1183  -0.1075  +0.0338  +0.2115  +0.2127  +0.0122
    t+1   | +0.1104  -0.0449  -0.0039  +0.2489  +0.1983  -0.0668
    t+2   | +0.1281  +0.0295  -0.0325  +0.2445  +0.2465  -0.2448
    t+3   | +0.1387  +0.0446  -0.0278  +0.2364  +0.2789  -0.4501
    t+4   | +0.1084  +0.0042  -0.0084  +0.2140  +0.2434  -0.6742
[23:38:01] #  612 [bench] e2e= 1003.6ms  infer= 1001.1ms  cap=  2.3ms
    t+0   | +0.1372  -0.0888  -0.0224  +0.2468  +0.2436  -0.1445
    t+1   | +0.1321  -0.0218  -0.0752  +0.2516  +0.3045  -0.3523
    t+2   | +0.1102  +0.0232  -0.0683  +0.2410  +0.2638  -0.5041
    t+3   | +0.1303  +0.0648  -0.0861  +0.2450  +0.1773  -0.4737
    t+4   | +0.1318  +0.1064  -0.1172  +0.2952  +0.1645  -0.2645
[23:38:02] #  613 [bench] e2e=  988.7ms  infer=  986.3ms  cap=  2.3ms
    t+0   | +0.1283  +0.0949  -0.1881  +0.2761  -0.0270  -0.6323
    t+1   | +0.0624  +0.1485  -0.2118  +0.2553  +0.0452  -0.6222
    t+2   | +0.0392  +0.1507  -0.2027  +0.2239  +0.0677  -0.6199
    t+3   | +0.0195  +0.0983  -0.1384  +0.2301  +0.0979  -0.4862
    t+4   | +0.0100  +0.0674  -0.1496  +0.2174  +0.1041  -0.5237
[23:38:03] #  614 [bench] e2e=  985.8ms  infer=  982.7ms  cap=  2.8ms
    t+0   | +0.1829  +0.0755  -0.2203  +0.3751  -0.1061  -0.1526
    t+1   | +0.1272  +0.0837  -0.1986  +0.3628  -0.0834  -0.0810
    t+2   | +0.0769  +0.0686  -0.1563  +0.3294  -0.0083  -0.0855
    t+3   | +0.0797  +0.0573  -0.1293  +0.3127  +0.0538  -0.0847
    t+4   | +0.0458  +0.0020  -0.0818  +0.2956  +0.0967  -0.2474
[23:38:04] #  615 [bench] e2e=  991.6ms  infer=  989.3ms  cap=  2.1ms
    t+0   | +0.2001  +0.0340  -0.3179  +0.3709  +0.0409  -0.1502
    t+1   | +0.1851  +0.0895  -0.2924  +0.3458  -0.0245  +0.1776
    t+2   | +0.1594  +0.1136  -0.2618  +0.3329  +0.0205  +0.1317
    t+3   | +0.1395  +0.0871  -0.2122  +0.3231  +0.0293  -0.0086
    t+4   | +0.1250  +0.0731  -0.1824  +0.3259  +0.0321  -0.0773
[23:38:05] #  616 [bench] e2e=  988.0ms  infer=  985.1ms  cap=  2.7ms
    t+0   | +0.1272  -0.0743  -0.0444  +0.2491  +0.1185  +0.0611
    t+1   | +0.1043  +0.0386  -0.1547  +0.2628  +0.2207  -0.0559
    t+2   | +0.0636  +0.0567  -0.1423  +0.2504  +0.2704  -0.1843
    t+3   | +0.0211  +0.0630  -0.0907  +0.2081  +0.3064  -0.3306
    t+4   | +0.0627  +0.1099  -0.1210  +0.2485  +0.3007  -0.3219
[23:38:06] #  617 [bench] e2e=  999.8ms  infer=  996.7ms  cap=  3.0ms
    t+0   | +0.0922  +0.0286  -0.1005  +0.2401  +0.0387  -0.1674
    t+1   | +0.1805  +0.0723  -0.1047  +0.2529  +0.0341  -0.1471
    t+2   | +0.2483  +0.1386  -0.1044  +0.3024  +0.0912  -0.1185
    t+3   | +0.2444  +0.1571  -0.1073  +0.2939  +0.1042  -0.0880
    t+4   | +0.2363  +0.1864  -0.1441  +0.2947  +0.1296  +0.0623
[23:38:07] #  618 [bench] e2e=  986.8ms  infer=  983.2ms  cap=  3.5ms
    t+0   | +0.1480  +0.0906  -0.1626  +0.3113  +0.0091  -0.3504
    t+1   | +0.1158  +0.1281  -0.2135  +0.3494  +0.0651  -0.3546
    t+2   | -0.0405  +0.1399  -0.2577  +0.3475  +0.2413  -0.4315
    t+3   | -0.0060  +0.1254  -0.2531  +0.3479  +0.2273  -0.3339
    t+4   | +0.0789  +0.1136  -0.2322  +0.3372  +0.1779  -0.1919
[23:38:08] #  619 [bench] e2e=  985.0ms  infer=  982.8ms  cap=  2.1ms
    t+0   | +0.1514  +0.0272  -0.0582  +0.2816  +0.2473  +0.2234
    t+1   | +0.1357  +0.0495  -0.0623  +0.2846  +0.2189  +0.4291
    t+2   | +0.1158  +0.0228  -0.0420  +0.2573  +0.1629  +0.3700
    t+3   | +0.1226  -0.0025  -0.0167  +0.2293  +0.1717  +0.2115
    t+4   | +0.1622  -0.0368  +0.0048  +0.2303  +0.1372  +0.1197
[23:38:09] #  620 [bench] e2e=  980.3ms  infer=  977.5ms  cap=  2.7ms
    t+0   | +0.1262  -0.0132  -0.0902  +0.2745  -0.0355  -0.1781
    t+1   | +0.1078  -0.0173  -0.0945  +0.2557  -0.0167  -0.2408
    t+2   | +0.0744  -0.0489  -0.0372  +0.2199  +0.0872  -0.3320
    t+3   | +0.0620  -0.0937  -0.0140  +0.1825  +0.0450  -0.3450
    t+4   | +0.0493  -0.0851  +0.0077  +0.1556  +0.0473  -0.4479
[23:38:10] #  621 [bench] e2e=  993.3ms  infer=  989.5ms  cap=  3.5ms
    t+0   | +0.1595  +0.0513  -0.1129  +0.3107  +0.1069  -0.1291
    t+1   | +0.1958  +0.0796  -0.1318  +0.3195  +0.0988  -0.0814
    t+2   | +0.2130  +0.0926  -0.1210  +0.3019  +0.0657  -0.1048
    t+3   | +0.1490  +0.0877  -0.1325  +0.2395  +0.0305  -0.1949
    t+4   | +0.1130  +0.1054  -0.1701  +0.2728  -0.0054  -0.1701
[23:38:11] #  622 [bench] e2e=  997.1ms  infer=  994.3ms  cap=  2.7ms
    t+0   | +0.1700  +0.0288  -0.3229  +0.3603  -0.1259  -0.4871
    t+1   | +0.1832  +0.0773  -0.2760  +0.3558  +0.0879  -0.4877
    t+2   | +0.1948  +0.1157  -0.2556  +0.3346  +0.1603  -0.3945
    t+3   | +0.2045  +0.0912  -0.2296  +0.2897  +0.1457  -0.2734
    t+4   | +0.1770  +0.1107  -0.2137  +0.3176  +0.1560  -0.2848
[23:38:12] #  623 [bench] e2e=  995.0ms  infer=  991.9ms  cap=  3.0ms
    t+0   | +0.1377  +0.0507  -0.1417  +0.2876  -0.0002  -0.2092
    t+1   | +0.1660  +0.0444  -0.1493  +0.3013  -0.0105  +0.0275
    t+2   | +0.2218  +0.0392  -0.1799  +0.3105  +0.0249  +0.0184
    t+3   | +0.2801  +0.0540  -0.2238  +0.3188  +0.0002  +0.1334
    t+4   | +0.2765  +0.0668  -0.2493  +0.3442  -0.0005  +0.1587
[23:38:13] #  624 [bench] e2e=  996.5ms  infer=  993.4ms  cap=  2.9ms
    t+0   | +0.0652  -0.0673  -0.0012  +0.2681  +0.1186  -0.4612
    t+1   | -0.0317  -0.0210  -0.0737  +0.2869  +0.0707  -0.5994
    t+2   | +0.0007  +0.0076  -0.1593  +0.3233  +0.0285  -0.5758
    t+3   | +0.0061  +0.0972  -0.2977  +0.3675  +0.0631  -0.5281
    t+4   | -0.0169  +0.1946  -0.4248  +0.4122  +0.1596  -0.5480
[23:38:14] #  625 [bench] e2e=  977.5ms  infer=  974.3ms  cap=  3.0ms
    t+0   | -0.0546  -0.0592  -0.1077  +0.3052  +0.0664  -0.0846
    t+1   | -0.1404  -0.0716  -0.1034  +0.2959  +0.2340  -0.2191
    t+2   | -0.1125  -0.1036  -0.1312  +0.2869  +0.1557  -0.1544
    t+3   | -0.1935  -0.0739  -0.1796  +0.2913  +0.1551  -0.2118
    t+4   | -0.1628  -0.0443  -0.2129  +0.2817  +0.1052  -0.1997

  [live] after 620 bench steps — e2e mean=988.6ms  |  max replan freq=1.01 Hz  |  max control freq=5.06 Hz (n_action_steps=5)

[23:38:15] #  626 [bench] e2e=  981.8ms  infer=  978.5ms  cap=  3.2ms
    t+0   | +0.1950  +0.0379  -0.0888  +0.2992  +0.1491  -0.4692
    t+1   | +0.1196  +0.0731  -0.0991  +0.3036  +0.1987  -0.4797
    t+2   | +0.0602  +0.0754  -0.1287  +0.2921  +0.1400  -0.5383
    t+3   | +0.0353  +0.1315  -0.2037  +0.3235  +0.1247  -0.5751
    t+4   | +0.0571  +0.1701  -0.2517  +0.3333  +0.1239  -0.6037
[23:38:16] #  627 [bench] e2e=  976.3ms  infer=  973.0ms  cap=  3.1ms
    t+0   | -0.1246  -0.3060  +0.1551  +0.0690  +0.0004  -0.5966
    t+1   | -0.0367  -0.2186  +0.0678  +0.1399  +0.0510  -0.4806
    t+2   | +0.0281  -0.1886  +0.0066  +0.1768  +0.0859  -0.4219
    t+3   | +0.0942  -0.1173  -0.0342  +0.2361  +0.0897  -0.3963
    t+4   | +0.0909  -0.0895  -0.0859  +0.2413  +0.0808  -0.3756
[23:38:17] #  628 [bench] e2e=  992.6ms  infer=  989.3ms  cap=  3.2ms
    t+0   | +0.2906  +0.2964  -0.2800  +0.3902  +0.0454  +1.3802
    t+1   | +0.2136  +0.2265  -0.2037  +0.3131  +0.1695  +0.9591
    t+2   | +0.1807  +0.1656  -0.1917  +0.2927  +0.1857  +0.6308
    t+3   | +0.1373  +0.1078  -0.1881  +0.2998  +0.2250  +0.6652
    t+4   | +0.1031  +0.0929  -0.1661  +0.3071  +0.2308  +0.5233
[23:38:18] #  629 [bench] e2e=  994.0ms  infer=  990.9ms  cap=  3.0ms
    t+0   | +0.0025  +0.0509  -0.1978  +0.2957  -0.0308  -0.4017
    t+1   | +0.0595  +0.0843  -0.2053  +0.2971  +0.0020  -0.3317
    t+2   | +0.0312  +0.0608  -0.1966  +0.3111  -0.0281  -0.4034
    t+3   | -0.0204  +0.0064  -0.1646  +0.3011  -0.0861  -0.5087
    t+4   | -0.0527  -0.0506  -0.0776  +0.2574  -0.0879  -0.5710
[23:38:19] #  630 [bench] e2e=  975.2ms  infer=  972.0ms  cap=  3.0ms
    t+0   | +0.0115  -0.2456  +0.0359  +0.1460  -0.0470  -0.3373
    t+1   | -0.0079  -0.2416  +0.0163  +0.1297  -0.0651  -0.7219
    t+2   | -0.0264  -0.2457  +0.0527  +0.1577  -0.0100  -0.7115
    t+3   | -0.0458  -0.2084  +0.0693  +0.1709  +0.0316  -0.7851
    t+4   | -0.0458  -0.1961  +0.1090  +0.1625  +0.0566  -0.7711
[23:38:20] #  631 [bench] e2e=  991.8ms  infer=  989.0ms  cap=  2.6ms
    t+0   | +0.0901  +0.0732  -0.1429  +0.3555  +0.0522  +0.6891
    t+1   | +0.0681  +0.0140  -0.1046  +0.2961  +0.0491  +0.3194
    t+2   | -0.0224  -0.0446  -0.0091  +0.2670  +0.0527  +0.0113
    t+3   | +0.0266  -0.0308  -0.0409  +0.2949  +0.0441  -0.0061
    t+4   | +0.0716  -0.0443  -0.0746  +0.3345  +0.0875  -0.0108
[23:38:21] #  632 [bench] e2e= 1006.4ms  infer= 1002.6ms  cap=  3.5ms
    t+0   | +0.4544  +0.3718  -0.3636  +0.3880  +0.4076  -0.2745
    t+1   | +0.3658  +0.2788  -0.3238  +0.3609  +0.2873  -0.2584
    t+2   | +0.3274  +0.2361  -0.3270  +0.3589  +0.2682  -0.1160
    t+3   | +0.2679  +0.2076  -0.3017  +0.3687  +0.1601  +0.0901
    t+4   | +0.2256  +0.2798  -0.3560  +0.3992  +0.1278  +0.2286
[23:38:22] #  633 [bench] e2e=  980.7ms  infer=  977.9ms  cap=  2.6ms
    t+0   | +0.2338  +0.0385  -0.1757  +0.3128  -0.0274  +0.2237
    t+1   | +0.2153  +0.0574  -0.2652  +0.3066  -0.0001  +0.1797
    t+2   | +0.2169  +0.0436  -0.2611  +0.2955  +0.0023  +0.1457
    t+3   | +0.2107  +0.0104  -0.2539  +0.2839  +0.0249  +0.1404
    t+4   | +0.2077  +0.0231  -0.2299  +0.2927  +0.0307  +0.2615
[23:38:23] #  634 [bench] e2e=  983.8ms  infer=  981.1ms  cap=  2.6ms
    t+0   | +0.1652  +0.0985  -0.2054  +0.3395  -0.0558  +0.2197
    t+1   | +0.1228  +0.1256  -0.2558  +0.3599  -0.0400  +0.4430
    t+2   | +0.0893  +0.0729  -0.1905  +0.3339  -0.0248  +0.3581
    t+3   | +0.0765  +0.0398  -0.1484  +0.2958  -0.0176  +0.2728
    t+4   | +0.0707  +0.0794  -0.1424  +0.2867  +0.0206  +0.1784
[23:38:24] #  635 [bench] e2e=  986.1ms  infer=  982.9ms  cap=  3.0ms
    t+0   | -0.0529  -0.1041  -0.0327  +0.2344  -0.0547  -0.0417
    t+1   | -0.0320  -0.0156  -0.1262  +0.2969  -0.0240  -0.0928
    t+2   | +0.0043  +0.0201  -0.1844  +0.3202  -0.0073  -0.0838
    t+3   | +0.0865  +0.0650  -0.2747  +0.3529  +0.0145  +0.0133
    t+4   | +0.1415  +0.0710  -0.3089  +0.3778  +0.0208  -0.0486
[23:38:25] #  636 [bench] e2e=  982.3ms  infer=  979.2ms  cap=  2.9ms
    t+0   | +0.0569  -0.0123  -0.0701  +0.2821  +0.1448  -0.6574
    t+1   | +0.0436  -0.0201  -0.0558  +0.2936  +0.0967  -0.6937
    t+2   | +0.0594  +0.0620  -0.1569  +0.3270  +0.0706  -0.4147
    t+3   | +0.0936  +0.1333  -0.2461  +0.3619  +0.0691  -0.2127
    t+4   | +0.1544  +0.1920  -0.3429  +0.4067  +0.0513  +0.0991
[23:38:26] #  637 [bench] e2e=  991.8ms  infer=  989.3ms  cap=  2.3ms
    t+0   | +0.1141  +0.1323  -0.1837  +0.2930  +0.0193  -0.2753
    t+1   | +0.1547  +0.2015  -0.2717  +0.3270  +0.0699  -0.2739
    t+2   | +0.2374  +0.2824  -0.3596  +0.3812  +0.0995  -0.1681
    t+3   | +0.2889  +0.2766  -0.3916  +0.3648  +0.1017  -0.0413
    t+4   | +0.2734  +0.3268  -0.4153  +0.4197  +0.0925  +0.0513
[23:38:27] #  638 [bench] e2e=  979.0ms  infer=  976.0ms  cap=  2.8ms
    t+0   | +0.1244  +0.0778  -0.1096  +0.2823  +0.1458  -0.2248
    t+1   | +0.0987  +0.0841  -0.1475  +0.2575  +0.1408  -0.2511
    t+2   | +0.1205  +0.1546  -0.2116  +0.3100  +0.1921  -0.2109
    t+3   | +0.1463  +0.1854  -0.2420  +0.3231  +0.1363  -0.1719
    t+4   | +0.1376  +0.2040  -0.2421  +0.3382  +0.1206  -0.1961
[23:38:28] #  639 [bench] e2e=  991.5ms  infer=  988.8ms  cap=  2.6ms
    t+0   | +0.1775  +0.0095  -0.0772  +0.3076  +0.0530  +0.0485
    t+1   | +0.0810  -0.0527  -0.0414  +0.2609  +0.0394  -0.2766
    t+2   | +0.0437  -0.1022  -0.0259  +0.2259  -0.0242  -0.5593
    t+3   | -0.0060  -0.0677  -0.0398  +0.2094  -0.0651  -0.5804
    t+4   | -0.0313  -0.0538  -0.0650  +0.2197  -0.1025  -0.5642
[23:38:29] #  640 [bench] e2e=  982.8ms  infer=  980.3ms  cap=  2.3ms
    t+0   | +0.2614  +0.0690  -0.1143  +0.3295  +0.0625  -0.1684
    t+1   | +0.2271  +0.0443  -0.1109  +0.3269  +0.0188  -0.1623
    t+2   | +0.1771  +0.0160  -0.0858  +0.2915  +0.0489  -0.3043
    t+3   | +0.1529  +0.0067  -0.0632  +0.2636  +0.0265  -0.3511
    t+4   | +0.1159  +0.0082  -0.0656  +0.2488  -0.0163  -0.3068
[23:38:30] #  641 [bench] e2e=  990.5ms  infer=  988.1ms  cap=  2.3ms
    t+0   | +0.1460  -0.0997  -0.0126  +0.2691  +0.0373  -0.2242
    t+1   | +0.1605  -0.0770  -0.0386  +0.2885  +0.0526  -0.1742
    t+2   | +0.1496  -0.0172  -0.0653  +0.2666  -0.0013  -0.1520
    t+3   | +0.1523  -0.0099  -0.0835  +0.2758  -0.0117  -0.2847
    t+4   | +0.1737  +0.0299  -0.1071  +0.3170  -0.0237  -0.3067
[23:38:31] #  642 [bench] e2e=  995.7ms  infer=  992.9ms  cap=  2.7ms
    t+0   | +0.0630  -0.0459  -0.0082  +0.2008  +0.0680  -0.6891
    t+1   | -0.0059  -0.0644  -0.0279  +0.1932  +0.0529  -0.6928
    t+2   | -0.0445  -0.1026  -0.0036  +0.1810  +0.0288  -0.7270
    t+3   | -0.0054  -0.0708  -0.0301  +0.2127  +0.0511  -0.7126
    t+4   | +0.0049  -0.0448  -0.1052  +0.2367  +0.1228  -0.7180
[23:38:32] #  643 [bench] e2e=  979.2ms  infer=  976.5ms  cap=  2.5ms
    t+0   | +0.1332  -0.0682  -0.0801  +0.2536  -0.0730  -0.5166
    t+1   | +0.0624  -0.0805  -0.0536  +0.2763  -0.0209  -0.4572
    t+2   | +0.0392  -0.0591  -0.0910  +0.2589  +0.0064  -0.5645
    t+3   | +0.0018  -0.0071  -0.0942  +0.2693  +0.0531  -0.5852
    t+4   | -0.0167  -0.0148  -0.1114  +0.2595  +0.0508  -0.6261
[23:38:33] #  644 [bench] e2e=  978.4ms  infer=  975.6ms  cap=  2.6ms
    t+0   | +0.2326  +0.0541  -0.1503  +0.2967  +0.0470  -0.1962
    t+1   | +0.2299  +0.0682  -0.1286  +0.3142  +0.1180  -0.1025
    t+2   | +0.2160  +0.0624  -0.1153  +0.3346  +0.3037  -0.0769
    t+3   | +0.1741  +0.0762  -0.1114  +0.3883  +0.2951  +0.0196
    t+4   | +0.1340  +0.0964  -0.1517  +0.3997  +0.3008  +0.0768
[23:38:34] #  645 [bench] e2e=  992.7ms  infer=  990.2ms  cap=  2.4ms
    t+0   | +0.0662  -0.1125  +0.0569  +0.1709  +0.0783  -0.7000
    t+1   | +0.0814  -0.0853  -0.0260  +0.2112  +0.0250  -0.3140
    t+2   | +0.1452  -0.0545  -0.0678  +0.2572  -0.0219  +0.1926
    t+3   | +0.1692  +0.0383  -0.0868  +0.3036  -0.0754  +0.1299
    t+4   | +0.1664  +0.0426  -0.1640  +0.3273  -0.1024  +0.0698

  [live] after 640 bench steps — e2e mean=988.5ms  |  max replan freq=1.01 Hz  |  max control freq=5.06 Hz (n_action_steps=5)

[23:38:35] #  646 [bench] e2e=  997.5ms  infer=  994.9ms  cap=  2.4ms
    t+0   | +0.0966  -0.1238  +0.0450  +0.2425  +0.0490  -0.0015
    t+1   | +0.0727  -0.0658  +0.0157  +0.2693  +0.0709  -0.0728
    t+2   | +0.0928  +0.0429  -0.0648  +0.3034  +0.0435  -0.0474
    t+3   | +0.1182  +0.1068  -0.1117  +0.3142  +0.0091  -0.0449
    t+4   | +0.1069  +0.0692  -0.0826  +0.2945  -0.0211  -0.1080
[23:38:36] #  647 [bench] e2e=  980.1ms  infer=  977.1ms  cap=  2.8ms
    t+0   | +0.2994  -0.0171  -0.1338  +0.3675  +0.1414  -0.0026
    t+1   | +0.2753  -0.0390  -0.1358  +0.3701  +0.0782  +0.1418
    t+2   | +0.2124  -0.0505  -0.1777  +0.3925  +0.0847  +0.0895
    t+3   | +0.2106  +0.0241  -0.1909  +0.4290  +0.0550  +0.1986
    t+4   | +0.2150  +0.0595  -0.2270  +0.4347  +0.0304  +0.3458
[23:38:37] #  648 [bench] e2e= 1008.5ms  infer= 1004.8ms  cap=  3.5ms
    t+0   | +0.1494  +0.0140  -0.0812  +0.2745  +0.0155  +0.2619
    t+1   | +0.1258  +0.0875  -0.1541  +0.3199  +0.1361  +0.2157
    t+2   | +0.1154  +0.1476  -0.1813  +0.3555  +0.2547  +0.1748
    t+3   | +0.1268  +0.1669  -0.1893  +0.3466  +0.2897  +0.1339
    t+4   | +0.1457  +0.1512  -0.2066  +0.3133  +0.2496  +0.1123
[23:38:38] #  649 [bench] e2e= 1027.8ms  infer= 1024.1ms  cap=  3.5ms
    t+0   | +0.0640  -0.0190  -0.1775  +0.3360  -0.1617  -0.0902
    t+1   | -0.0205  -0.0241  -0.1843  +0.3455  -0.1268  -0.2001
    t+2   | -0.0400  -0.0366  -0.2105  +0.3269  -0.0798  -0.3399
    t+3   | +0.0001  +0.0001  -0.1964  +0.3396  +0.0326  -0.4353
    t+4   | +0.0291  +0.0790  -0.2740  +0.3726  +0.0851  -0.3736
[23:38:39] #  650 [bench] e2e=  994.3ms  infer=  991.7ms  cap=  2.4ms
    t+0   | +0.1280  +0.0690  -0.1960  +0.3305  +0.0348  -0.1481
    t+1   | +0.1175  +0.0450  -0.1579  +0.3272  +0.0429  -0.2181
    t+2   | +0.1055  -0.0178  -0.0974  +0.3302  +0.0914  -0.3335
    t+3   | +0.1224  -0.0455  -0.0926  +0.2922  +0.1260  -0.2991
    t+4   | +0.1351  -0.0579  -0.0363  +0.2975  +0.1789  -0.2673
[23:38:40] #  651 [bench] e2e=  999.3ms  infer=  996.7ms  cap=  2.5ms
    t+0   | -0.0037  +0.0758  -0.3229  +0.3955  -0.0529  +0.2545
    t+1   | +0.0272  +0.0427  -0.2555  +0.3498  -0.0130  +0.1689
    t+2   | +0.0249  +0.0123  -0.1607  +0.3335  +0.0359  +0.0677
    t+3   | +0.0295  -0.0079  -0.1312  +0.3608  +0.0179  -0.0376
    t+4   | +0.0608  +0.0214  -0.1553  +0.3386  -0.0390  -0.0601
[23:38:41] #  652 [bench] e2e=  990.8ms  infer=  987.7ms  cap=  2.9ms
    t+0   | +0.1219  -0.0746  -0.1229  +0.2961  +0.0468  -0.4156
    t+1   | +0.1482  -0.0615  -0.1243  +0.3168  +0.0142  -0.2634
    t+2   | +0.1484  -0.0616  -0.1624  +0.3171  -0.0161  -0.1761
    t+3   | +0.1595  -0.0564  -0.1667  +0.2902  -0.0489  -0.2293
    t+4   | +0.1570  +0.0218  -0.1790  +0.3372  -0.0706  -0.2146
[23:38:42] #  653 [bench] e2e=  995.3ms  infer=  992.8ms  cap=  2.4ms
    t+0   | +0.1681  -0.0060  -0.1311  +0.2589  -0.0480  -0.6373
    t+1   | +0.1651  +0.0125  -0.1452  +0.2685  -0.0527  -0.5109
    t+2   | +0.1331  -0.0259  -0.1486  +0.2340  -0.0666  -0.3869
    t+3   | +0.1197  -0.0516  -0.1520  +0.2454  -0.0572  -0.4016
    t+4   | +0.1459  -0.0502  -0.1179  +0.2732  -0.0178  -0.4205
[23:38:43] #  654 [bench] e2e=  984.8ms  infer=  981.4ms  cap=  3.1ms
    t+0   | +0.3400  +0.1549  -0.2527  +0.3689  -0.0939  +0.1298
    t+1   | +0.2107  +0.1294  -0.2175  +0.2992  +0.0386  -0.0338
    t+2   | +0.1537  +0.0872  -0.1374  +0.2755  +0.0766  -0.1325
    t+3   | +0.1232  +0.0576  -0.0911  +0.2417  +0.1786  -0.3001
    t+4   | +0.1204  +0.0061  -0.0726  +0.2191  +0.1638  -0.3266
[23:38:44] #  655 [bench] e2e=  992.2ms  infer=  988.6ms  cap=  3.3ms
    t+0   | -0.0295  -0.0495  -0.0560  +0.2453  +0.0772  -0.4741
    t+1   | -0.0724  -0.0347  -0.0972  +0.2302  +0.0251  -0.4354
    t+2   | -0.0884  +0.0049  -0.1689  +0.2101  -0.0247  -0.3392
    t+3   | -0.1130  +0.0447  -0.2301  +0.2468  +0.0586  -0.3076
    t+4   | -0.0731  +0.0298  -0.2184  +0.2419  +0.1016  -0.1978
[23:38:45] #  656 [bench] e2e=  992.8ms  infer=  990.2ms  cap=  2.4ms
    t+0   | +0.0153  -0.0647  -0.0277  +0.2300  +0.1167  -0.2382
    t+1   | -0.0060  -0.0169  -0.0900  +0.2646  +0.1410  -0.2313
    t+2   | +0.0387  -0.0273  -0.1061  +0.2918  +0.1304  -0.2264
    t+3   | +0.1052  -0.0217  -0.1415  +0.3432  +0.0449  -0.0765
    t+4   | +0.1356  +0.0368  -0.1715  +0.3898  +0.0353  -0.0680
[23:38:46] #  657 [bench] e2e= 1002.4ms  infer=  999.5ms  cap=  2.7ms
    t+0   | +0.1187  -0.0027  -0.1240  +0.2691  -0.0796  -0.4909
    t+1   | +0.1726  +0.0834  -0.1921  +0.2811  -0.0968  -0.4595
    t+2   | +0.1212  +0.1306  -0.2964  +0.3228  -0.0853  -0.3601
    t+3   | +0.1589  +0.1799  -0.3594  +0.3469  -0.0978  -0.0081
    t+4   | +0.1684  +0.2276  -0.4785  +0.3550  -0.1223  +0.0842
[23:38:47] #  658 [bench] e2e=  999.4ms  infer=  996.6ms  cap=  2.6ms
    t+0   | +0.2881  +0.0877  -0.2079  +0.3914  -0.0762  +0.3472
    t+1   | +0.2340  +0.0843  -0.1969  +0.3980  -0.0141  +0.2474
    t+2   | +0.1452  +0.0789  -0.1153  +0.3233  +0.0388  +0.0446
    t+3   | +0.1502  +0.0838  -0.1024  +0.3119  +0.0513  +0.0118
    t+4   | +0.1465  +0.0868  -0.0941  +0.2848  +0.1150  -0.2061
[23:38:48] #  659 [bench] e2e=  992.1ms  infer=  988.8ms  cap=  3.1ms
    t+0   | +0.2095  +0.0889  -0.1084  +0.3274  +0.0133  +0.9037
    t+1   | +0.1870  +0.1096  -0.1145  +0.3395  -0.0166  +1.0934
    t+2   | +0.1006  +0.0752  -0.1388  +0.3597  -0.0346  +1.3858
    t+3   | +0.1727  +0.0513  -0.1524  +0.3413  +0.0279  +1.3926
    t+4   | +0.2021  +0.0775  -0.1081  +0.3502  +0.0002  +1.3431
[23:38:49] #  660 [bench] e2e=  992.8ms  infer=  990.2ms  cap=  2.4ms
    t+0   | -0.1187  -0.0461  -0.1225  +0.2236  +0.1373  -0.0134
    t+1   | -0.2499  -0.1232  -0.1060  +0.2198  +0.3102  -0.1556
    t+2   | -0.1929  -0.1461  -0.0946  +0.2144  +0.1571  -0.0350
    t+3   | -0.1322  -0.0617  -0.1319  +0.2643  +0.0257  +0.7956
    t+4   | -0.1252  -0.0062  -0.1491  +0.2681  +0.1022  +0.3701
[23:38:50] #  661 [bench] e2e=  998.2ms  infer=  995.8ms  cap=  2.2ms
    t+0   | +0.1427  +0.0338  -0.1071  +0.2721  +0.0288  -0.4501
    t+1   | +0.1374  +0.0155  -0.1006  +0.2931  +0.0289  -0.1951
    t+2   | +0.0901  -0.0073  -0.1352  +0.2693  +0.0048  -0.1245
    t+3   | +0.0583  +0.0063  -0.1174  +0.2549  -0.0047  -0.0424
    t+4   | +0.0567  +0.0113  -0.1184  +0.2622  -0.0136  +0.0702
[23:38:51] #  662 [bench] e2e=  991.0ms  infer=  987.9ms  cap=  2.9ms
    t+0   | +0.1621  +0.0408  -0.1658  +0.3344  +0.1960  -0.3408
    t+1   | +0.0847  -0.0565  -0.0605  +0.2941  +0.2744  -0.3111
    t+2   | +0.0238  -0.1299  -0.0552  +0.2676  +0.1579  -0.2731
    t+3   | -0.0226  -0.1483  -0.0411  +0.2837  +0.1472  -0.1335
    t+4   | -0.0519  -0.1247  -0.0530  +0.2679  +0.1002  +0.0081
[23:38:52] #  663 [bench] e2e=  992.5ms  infer=  989.8ms  cap=  2.5ms
    t+0   | +0.2548  +0.1821  -0.2865  +0.3516  +0.0954  +0.2818
    t+1   | +0.1574  +0.2633  -0.3360  +0.3659  -0.0646  +1.3967
    t+2   | +0.1757  +0.2927  -0.3088  +0.3510  -0.0480  +1.3808
    t+3   | +0.0240  +0.3157  -0.3144  +0.3838  -0.0526  +1.3619
    t+4   | +0.0280  +0.3302  -0.3213  +0.4039  -0.0091  +1.0864
[23:38:53] #  664 [bench] e2e=  993.3ms  infer=  990.8ms  cap=  2.4ms
    t+0   | +0.2538  +0.1666  -0.1868  +0.3925  +0.0287  +0.2017
    t+1   | +0.1619  +0.0706  -0.1834  +0.3891  -0.0538  -0.0199
    t+2   | +0.1053  -0.0012  -0.1879  +0.3496  -0.0612  -0.2673
    t+3   | +0.1046  -0.0696  -0.1427  +0.3090  -0.0972  -0.4499
    t+4   | +0.1141  -0.0627  -0.1361  +0.3192  -0.1038  -0.5298
[23:38:54] #  665 [bench] e2e=  993.4ms  infer=  990.6ms  cap=  2.7ms
    t+0   | +0.1225  -0.0480  -0.0848  +0.2505  -0.0481  -0.1097
    t+1   | +0.0656  -0.0278  -0.1459  +0.2682  -0.1344  -0.1327
    t+2   | +0.0873  -0.0064  -0.1847  +0.2805  -0.1785  -0.1636
    t+3   | +0.0959  +0.0864  -0.2484  +0.3443  -0.1177  -0.0110
    t+4   | +0.1261  +0.1573  -0.2999  +0.3816  -0.1088  +0.0984

  [live] after 660 bench steps — e2e mean=988.7ms  |  max replan freq=1.01 Hz  |  max control freq=5.06 Hz (n_action_steps=5)

[23:38:55] #  666 [bench] e2e=  991.8ms  infer=  988.4ms  cap=  3.3ms
    t+0   | +0.1346  -0.0140  -0.0924  +0.2419  -0.0684  -0.1734
    t+1   | +0.1146  +0.0713  -0.1647  +0.2645  -0.0608  +0.1924
    t+2   | +0.1288  +0.1791  -0.2491  +0.2954  -0.0132  +0.2289
    t+3   | +0.1659  +0.2096  -0.2498  +0.3101  +0.0336  +0.5109
    t+4   | +0.1821  +0.2172  -0.2528  +0.3348  -0.0203  +0.7939
[23:38:56] #  667 [bench] e2e=  975.6ms  infer=  973.1ms  cap=  2.3ms
    t+0   | +0.1575  +0.2160  -0.2458  +0.3238  +0.1642  -0.0041
    t+1   | +0.0557  +0.1493  -0.1793  +0.2604  +0.1756  -0.1518
    t+2   | -0.0170  +0.0628  -0.1341  +0.2436  +0.1232  -0.1750
    t+3   | +0.0644  +0.0904  -0.1781  +0.2763  +0.0890  +0.1564
    t+4   | +0.0834  +0.1847  -0.2121  +0.2905  +0.0671  +0.1211
[23:38:57] #  668 [bench] e2e=  989.9ms  infer=  987.1ms  cap=  2.6ms
    t+0   | +0.3269  +0.1043  -0.2348  +0.4034  +0.0416  +1.3752
    t+1   | +0.3507  +0.1491  -0.2751  +0.3912  +0.0627  +0.8153
    t+2   | +0.3013  +0.1307  -0.3431  +0.3839  +0.1042  +0.3130
    t+3   | +0.2475  +0.1691  -0.4134  +0.4132  +0.0830  -0.0143
    t+4   | +0.2426  +0.2603  -0.4092  +0.4321  +0.0578  +0.0976
[23:38:58] #  669 [bench] e2e=  988.8ms  infer=  985.4ms  cap=  3.2ms
    t+0   | -0.0635  -0.2370  +0.2564  -0.0013  +0.0288  -0.6607
    t+1   | -0.1353  -0.1519  +0.0565  +0.1162  -0.0240  -0.6077
    t+2   | -0.1802  -0.0633  -0.0959  +0.2133  -0.0217  -0.3938
    t+3   | -0.1706  +0.0049  -0.1693  +0.2490  +0.0087  -0.2702
    t+4   | -0.2870  -0.0779  -0.0893  +0.1732  +0.1209  -0.0809
[23:38:59] #  670 [bench] e2e=  977.3ms  infer=  974.0ms  cap=  3.1ms
    t+0   | +0.1956  +0.1145  -0.2954  +0.3363  -0.1168  -0.0573
    t+1   | +0.2278  +0.1519  -0.2494  +0.2855  +0.1291  +0.0996
    t+2   | +0.2665  +0.1373  -0.1642  +0.2575  +0.2640  +0.2222
    t+3   | +0.1628  +0.0700  +0.0105  +0.2073  +0.2031  +0.1540
    t+4   | +0.0507  +0.0783  +0.0507  +0.2088  +0.1125  -0.0606
[23:39:00] #  671 [bench] e2e= 1000.6ms  infer=  997.8ms  cap=  2.7ms
    t+0   | +0.0738  +0.0733  -0.1355  +0.3099  -0.0790  +0.4674
    t+1   | +0.0906  +0.0517  -0.1182  +0.3006  -0.0791  +0.2222
    t+2   | +0.0783  +0.1078  -0.1473  +0.3134  -0.0493  +0.0363
    t+3   | +0.0703  +0.1283  -0.1794  +0.2682  +0.0197  -0.1408
    t+4   | +0.0369  +0.1349  -0.1714  +0.2712  -0.0070  -0.1164
[23:39:01] #  672 [bench] e2e=  992.8ms  infer=  990.0ms  cap=  2.7ms
    t+0   | +0.2909  +0.0767  -0.3146  +0.4531  +0.1132  -0.0841
    t+1   | +0.2127  +0.0539  -0.3347  +0.4508  +0.0583  -0.1887
    t+2   | +0.1746  +0.0725  -0.4097  +0.4659  +0.0801  -0.1619
    t+3   | +0.2132  +0.0566  -0.3935  +0.4333  +0.0657  -0.1448
    t+4   | +0.1822  +0.1160  -0.4109  +0.4669  +0.0434  +0.2392
[23:39:02] #  673 [bench] e2e= 1000.5ms  infer=  998.2ms  cap=  2.1ms
    t+0   | +0.0371  +0.0171  -0.1967  +0.2355  -0.0210  -0.6779
    t+1   | -0.0658  -0.0576  -0.1278  +0.1971  -0.0789  -0.7061
    t+2   | -0.1642  -0.1472  -0.0773  +0.1703  -0.1189  -0.6452
    t+3   | -0.0667  -0.1453  -0.1055  +0.1740  -0.0927  -0.5584
    t+4   | -0.0317  -0.1345  -0.0991  +0.1638  -0.0666  -0.3715
[23:39:03] #  674 [bench] e2e=  986.7ms  infer=  982.7ms  cap=  3.9ms
    t+0   | +0.0600  -0.0838  -0.0544  +0.2206  +0.0459  -0.4837
    t+1   | +0.0099  -0.0446  -0.0806  +0.2077  +0.1044  -0.3401
    t+2   | +0.0339  +0.0687  -0.1331  +0.2318  +0.4297  -0.3165
    t+3   | +0.0595  +0.0675  -0.1442  +0.2445  +0.2120  -0.3286
    t+4   | +0.0774  +0.1336  -0.2532  +0.3251  +0.2425  -0.3290
[23:39:04] #  675 [bench] e2e=  994.8ms  infer=  991.8ms  cap=  2.8ms
    t+0   | +0.1493  +0.0601  -0.1332  +0.2910  -0.0231  -0.0883
    t+1   | +0.0875  +0.0151  -0.0891  +0.2870  -0.0256  -0.0902
    t+2   | +0.0377  -0.0852  -0.0637  +0.2554  +0.0290  -0.1255
    t+3   | -0.0234  -0.0818  -0.0532  +0.2533  +0.0304  -0.1519
    t+4   | -0.0013  -0.0332  -0.0630  +0.2473  +0.0138  -0.1432
[23:39:05] #  676 [bench] e2e=  991.2ms  infer=  988.4ms  cap=  2.6ms
    t+0   | +0.2010  +0.0136  -0.1001  +0.2547  +0.1565  -0.5779
    t+1   | +0.1543  +0.1131  -0.1950  +0.2772  +0.1790  -0.4668
    t+2   | +0.0959  +0.2131  -0.3644  +0.2861  +0.1198  -0.5042
    t+3   | +0.0945  +0.1869  -0.3627  +0.2964  +0.1055  -0.4974
    t+4   | +0.1161  +0.1470  -0.3598  +0.3305  +0.1103  -0.4330
[23:39:06] #  677 [bench] e2e=  993.1ms  infer=  990.0ms  cap=  3.0ms
    t+0   | +0.0244  -0.0414  +0.0337  +0.1354  -0.0245  -0.1165
    t+1   | +0.0735  -0.0283  -0.0159  +0.1666  -0.0160  -0.1669
    t+2   | +0.1161  -0.0227  -0.0844  +0.2117  +0.0256  -0.1280
    t+3   | +0.1357  -0.0486  -0.0698  +0.2546  -0.0078  -0.2810
    t+4   | +0.1350  -0.0527  -0.0882  +0.2474  -0.0185  -0.2998
[23:39:07] #  678 [bench] e2e= 1008.7ms  infer= 1005.4ms  cap=  3.0ms
    t+0   | +0.1276  +0.1105  -0.1153  +0.2298  -0.0782  -0.2296
    t+1   | +0.0284  +0.0174  +0.0086  +0.2244  +0.1295  -0.1326
    t+2   | -0.0001  -0.0319  +0.0386  +0.2346  +0.1619  -0.1810
    t+3   | +0.0044  -0.0518  +0.0386  +0.2511  +0.1853  -0.1862
    t+4   | -0.0269  -0.0252  -0.0033  +0.2251  +0.2105  +0.3257
[23:39:08] #  679 [bench] e2e=  995.9ms  infer=  992.2ms  cap=  3.6ms
    t+0   | +0.2259  +0.0578  -0.2100  +0.3348  -0.1003  +0.0666
    t+1   | +0.0878  +0.0806  -0.2476  +0.3474  -0.0739  -0.0628
    t+2   | +0.0658  +0.1087  -0.2541  +0.3230  -0.0907  -0.0616
    t+3   | +0.1041  +0.1420  -0.2370  +0.3331  -0.0976  -0.0449
    t+4   | -0.0051  +0.1232  -0.2500  +0.2733  +0.0222  -0.1569
[23:39:09] #  680 [bench] e2e=  994.1ms  infer=  991.1ms  cap=  2.9ms
    t+0   | +0.0740  -0.0970  -0.0533  +0.2331  +0.0205  -0.1113
    t+1   | -0.0586  -0.1660  -0.0542  +0.2310  +0.0338  -0.1603
    t+2   | -0.0402  -0.1523  -0.0534  +0.2467  +0.0011  -0.0892
    t+3   | -0.0245  -0.1758  -0.0001  +0.2488  -0.0376  +0.2011
    t+4   | -0.0353  -0.1451  +0.0248  +0.2537  -0.0580  +0.3836
[23:39:10] #  681 [bench] e2e=  994.8ms  infer=  991.7ms  cap=  3.0ms
    t+0   | +0.0455  +0.1073  -0.1983  +0.3164  +0.0321  -0.3892
    t+1   | -0.0408  +0.1422  -0.2493  +0.3390  +0.0638  -0.3486
    t+2   | -0.0881  +0.0468  -0.1650  +0.2309  +0.0523  -0.5089
    t+3   | -0.1280  +0.0033  -0.0712  +0.1701  +0.0393  -0.5073
    t+4   | -0.1229  -0.0024  -0.0810  +0.1585  +0.0060  -0.3219
[23:39:11] #  682 [bench] e2e=  980.9ms  infer=  978.1ms  cap=  2.7ms
    t+0   | +0.1556  +0.0036  -0.0396  +0.2622  -0.0835  +0.1902
    t+1   | +0.0677  +0.0795  -0.0951  +0.2949  -0.0592  +0.1158
    t+2   | +0.0293  +0.0972  -0.1621  +0.2820  -0.0662  +0.1188
    t+3   | +0.0004  +0.1873  -0.2367  +0.2800  -0.0724  +0.1539
    t+4   | +0.0995  +0.2010  -0.2277  +0.3032  -0.0844  +0.1842
[23:39:12] #  683 [bench] e2e=  974.0ms  infer=  971.2ms  cap=  2.6ms
    t+0   | -0.0295  -0.0696  -0.0465  +0.1766  -0.0120  -0.6869
    t+1   | -0.0271  -0.0516  -0.0607  +0.2371  +0.0226  -0.6342
    t+2   | -0.1105  -0.0528  -0.0496  +0.2222  +0.1163  -0.6678
    t+3   | -0.1127  -0.0497  -0.0601  +0.2214  +0.1395  -0.6537
    t+4   | -0.0672  -0.0679  -0.0593  +0.1897  +0.1051  -0.6729
[23:39:13] #  684 [bench] e2e=  972.6ms  infer=  970.1ms  cap=  2.3ms
    t+0   | +0.1010  +0.0287  -0.2035  +0.3487  -0.0783  -0.1673
    t+1   | +0.1172  -0.0080  -0.1388  +0.2849  -0.0436  -0.2679
    t+2   | +0.0810  +0.0647  -0.1034  +0.2560  +0.0727  -0.2553
    t+3   | +0.0861  +0.0718  -0.1030  +0.2535  +0.0190  -0.1610
    t+4   | +0.0630  +0.1218  -0.1464  +0.2544  +0.0829  -0.0553
[23:39:14] #  685 [bench] e2e=  974.1ms  infer=  970.8ms  cap=  3.1ms
    t+0   | +0.0097  +0.1179  -0.1551  +0.2627  +0.0963  -0.4884
    t+1   | +0.0273  +0.0778  -0.1316  +0.2395  +0.0443  -0.3607
    t+2   | +0.0492  +0.0417  -0.1004  +0.2258  +0.0050  -0.2518
    t+3   | +0.0969  +0.0581  -0.1106  +0.2453  +0.0011  -0.1289
    t+4   | +0.0707  +0.1513  -0.1669  +0.3120  -0.0189  -0.0833

  [live] after 680 bench steps — e2e mean=988.7ms  |  max replan freq=1.01 Hz  |  max control freq=5.06 Hz (n_action_steps=5)

[23:39:15] #  686 [bench] e2e=  990.8ms  infer=  987.8ms  cap=  2.8ms
    t+0   | +0.0523  -0.2103  +0.1706  +0.0707  +0.0121  -0.7276
    t+1   | +0.0778  -0.1325  +0.0757  +0.1476  -0.0031  -0.7353
    t+2   | +0.0640  -0.1763  +0.0950  +0.1589  +0.1748  -0.7703
    t+3   | +0.1438  -0.0532  -0.0752  +0.2640  +0.1668  -0.7088
    t+4   | +0.1685  -0.0272  -0.1491  +0.2823  +0.1537  -0.7072
[23:39:15] #  687 [bench] e2e=  980.7ms  infer=  977.3ms  cap=  3.3ms
    t+0   | +0.1630  +0.1565  -0.1168  +0.2839  +0.1177  -0.6119
    t+1   | +0.0991  +0.1003  -0.0595  +0.2971  +0.0128  -0.5833
    t+2   | +0.0556  +0.1083  -0.0948  +0.3011  -0.0316  -0.6419
    t+3   | +0.0922  +0.0906  -0.1110  +0.2834  -0.0346  -0.6368
    t+4   | +0.1254  +0.1003  -0.1537  +0.2920  -0.0283  -0.5880
[23:39:16] #  688 [bench] e2e=  992.9ms  infer=  989.5ms  cap=  3.2ms
    t+0   | +0.0711  +0.2537  -0.2232  +0.3202  +0.2832  -0.0046
    t+1   | +0.1001  +0.1875  -0.1883  +0.2842  +0.1408  -0.1037
    t+2   | +0.0267  +0.1599  -0.1690  +0.2343  +0.1098  -0.2048
    t+3   | +0.0032  +0.1448  -0.1810  +0.2626  +0.0917  -0.1518
    t+4   | +0.0181  +0.1567  -0.2085  +0.2814  +0.1226  -0.1591
[23:39:17] #  689 [bench] e2e=  974.4ms  infer=  971.1ms  cap=  3.2ms
    t+0   | +0.1305  -0.0184  -0.0327  +0.2424  -0.0554  +0.1427
    t+1   | +0.0871  +0.0425  -0.0874  +0.2909  +0.0283  +0.1163
    t+2   | -0.1071  +0.0884  -0.1620  +0.3399  +0.1038  -0.0075
    t+3   | -0.1529  +0.0903  -0.2066  +0.3317  +0.0383  -0.0302
    t+4   | -0.1745  +0.1036  -0.2048  +0.3601  -0.0091  -0.0454
[23:39:18] #  690 [bench] e2e=  975.0ms  infer=  971.7ms  cap=  3.1ms
    t+0   | +0.1971  +0.0673  -0.1300  +0.2933  -0.0275  +0.1527
    t+1   | +0.1660  +0.0394  -0.1158  +0.2841  -0.0433  +0.0456
    t+2   | +0.0746  +0.0559  -0.1437  +0.2947  -0.0299  -0.0275
    t+3   | +0.0723  +0.0902  -0.2161  +0.3102  -0.0051  -0.0463
    t+4   | +0.0553  +0.0735  -0.2452  +0.3167  -0.0055  -0.2186
[23:39:19] #  691 [bench] e2e=  972.6ms  infer=  969.6ms  cap=  2.9ms
    t+0   | +0.0047  +0.0073  -0.0468  +0.2252  +0.2956  -0.3305
    t+1   | +0.0650  +0.0349  -0.1110  +0.2393  +0.1797  -0.2528
    t+2   | +0.0374  +0.0194  -0.1463  +0.2227  +0.1833  -0.1051
    t+3   | +0.0793  +0.0914  -0.1976  +0.2418  +0.1591  -0.0860
    t+4   | +0.0890  +0.0902  -0.1971  +0.2295  +0.1672  -0.1048
[23:39:20] #  692 [bench] e2e=  991.8ms  infer=  988.4ms  cap=  3.2ms
    t+0   | +0.2317  +0.0796  -0.1247  +0.2957  +0.0268  -0.3033
    t+1   | +0.1892  +0.0660  -0.1413  +0.3136  -0.0194  -0.2200
    t+2   | +0.1453  +0.0350  -0.1991  +0.3025  -0.0352  -0.1275
    t+3   | +0.1465  +0.0327  -0.2888  +0.3519  -0.0746  +0.0710
    t+4   | +0.1608  +0.0779  -0.3275  +0.3956  -0.0755  -0.0197
[23:39:21] #  693 [bench] e2e=  978.3ms  infer=  974.8ms  cap=  3.3ms
    t+0   | +0.0969  -0.0749  -0.0364  +0.2522  +0.0994  -0.3430
    t+1   | +0.1001  -0.0846  -0.0822  +0.2554  +0.0541  -0.3688
    t+2   | +0.0544  -0.0845  -0.0891  +0.2284  -0.0284  -0.3956
    t+3   | +0.0281  -0.0368  -0.1464  +0.2242  -0.0536  -0.3636
    t+4   | -0.0133  -0.0003  -0.1965  +0.2619  -0.0472  -0.2221
[23:39:22] #  694 [bench] e2e=  975.1ms  infer=  971.6ms  cap=  3.2ms
    t+0   | +0.0103  -0.0775  +0.0219  +0.2234  +0.1779  -0.5483
    t+1   | +0.0438  -0.0398  -0.0168  +0.2635  +0.1910  -0.4958
    t+2   | +0.0616  +0.0101  -0.0866  +0.2843  +0.2124  -0.4990
    t+3   | +0.0333  +0.0251  -0.1217  +0.3017  +0.2543  -0.3677
    t+4   | +0.0161  +0.0518  -0.1735  +0.3089  +0.3521  -0.1787
[23:39:23] #  695 [bench] e2e=  975.5ms  infer=  973.0ms  cap=  2.3ms
    t+0   | +0.2040  -0.1191  -0.2335  +0.3021  -0.1146  -0.5876
    t+1   | +0.2725  -0.0583  -0.1914  +0.2875  +0.0075  -0.5272
    t+2   | +0.2217  +0.0049  -0.2268  +0.3038  +0.0450  -0.5957
    t+3   | +0.1444  +0.0336  -0.2203  +0.3080  +0.1515  -0.5973
    t+4   | +0.1033  +0.0056  -0.2034  +0.2867  +0.1053  -0.6666
[23:39:24] #  696 [bench] e2e=  977.4ms  infer=  974.1ms  cap=  3.1ms
    t+0   | -0.0892  -0.0743  -0.0616  +0.1899  +0.1485  -0.6067
    t+1   | -0.0663  -0.1256  -0.0620  +0.1913  +0.0847  -0.5403
    t+2   | -0.0854  -0.1501  -0.0085  +0.1703  +0.1043  -0.6893
    t+3   | -0.0698  -0.1198  -0.0172  +0.1856  +0.1151  -0.6872
    t+4   | -0.0605  -0.1302  -0.0468  +0.2138  +0.1339  -0.6441
[23:39:25] #  697 [bench] e2e=  995.1ms  infer=  991.8ms  cap=  3.2ms
    t+0   | +0.0374  +0.0873  -0.1771  +0.3036  +0.0336  +0.6893
    t+1   | -0.0244  +0.0498  -0.1264  +0.2687  -0.0537  +0.8934
    t+2   | -0.0461  +0.0787  -0.1149  +0.3066  -0.0105  +0.8203
    t+3   | -0.0174  +0.0915  -0.1480  +0.3141  -0.0937  +0.7444
    t+4   | +0.0430  +0.0546  -0.1345  +0.2705  -0.1385  +0.2892
[23:39:26] #  698 [bench] e2e=  978.0ms  infer=  975.4ms  cap=  2.4ms
    t+0   | +0.1485  +0.0270  -0.1704  +0.2360  +0.0468  -0.2992
    t+1   | +0.0705  +0.0524  -0.2886  +0.2346  +0.0161  -0.2200
    t+2   | +0.0512  +0.1167  -0.3255  +0.2422  +0.0004  -0.0515
    t+3   | +0.0806  +0.1666  -0.3227  +0.2759  +0.0141  +0.2110
    t+4   | +0.0989  +0.2049  -0.3790  +0.2729  +0.0968  +0.2547
[23:39:27] #  699 [bench] e2e=  975.9ms  infer=  973.4ms  cap=  2.4ms
    t+0   | +0.2914  +0.1329  -0.2925  +0.3994  +0.1156  +0.2197
    t+1   | +0.2411  +0.0757  -0.2521  +0.3740  +0.0333  +0.0664
    t+2   | +0.1520  +0.0579  -0.2303  +0.3729  +0.0912  -0.0859
    t+3   | +0.1420  +0.0459  -0.2255  +0.3650  +0.0444  -0.0829
    t+4   | +0.1053  +0.1045  -0.2906  +0.4180  +0.0102  +0.2532
[23:39:28] #  700 [bench] e2e=  982.4ms  infer=  979.9ms  cap=  2.3ms
    t+0   | +0.1253  +0.0220  -0.1280  +0.2980  +0.0080  +0.1048
    t+1   | +0.0975  -0.0056  -0.1133  +0.2807  +0.0377  -0.0254
    t+2   | +0.0378  -0.0361  -0.0812  +0.2763  +0.0247  -0.1827
    t+3   | +0.0464  -0.0650  -0.0940  +0.2790  +0.0402  -0.2220
    t+4   | +0.0657  -0.1021  -0.0808  +0.2651  +0.0645  -0.2277
[23:39:29] #  701 [bench] e2e=  980.2ms  infer=  977.3ms  cap=  2.8ms
    t+0   | +0.0475  -0.0955  -0.0401  +0.1958  -0.0447  -0.2932
    t+1   | +0.0589  -0.1040  -0.0367  +0.2038  -0.0482  -0.1902
    t+2   | +0.0446  -0.0397  -0.0775  +0.2385  -0.0753  -0.0814
    t+3   | +0.0415  +0.0454  -0.1766  +0.2864  -0.0669  +0.0760
    t+4   | +0.0242  +0.0305  -0.3572  +0.3685  -0.0820  +0.0762
[23:39:30] #  702 [bench] e2e=  981.9ms  infer=  979.4ms  cap=  2.3ms
    t+0   | +0.2059  +0.1346  -0.1554  +0.2879  +0.1300  -0.7173
    t+1   | +0.1439  +0.0935  -0.1401  +0.2694  +0.1189  -0.5911
    t+2   | +0.1059  +0.0727  -0.1782  +0.2493  +0.0789  -0.4384
    t+3   | +0.1097  +0.0686  -0.1742  +0.2507  +0.0277  -0.2074
    t+4   | +0.1030  +0.0885  -0.1317  +0.2393  +0.0530  -0.4171
[23:39:31] #  703 [bench] e2e=  990.6ms  infer=  988.1ms  cap=  2.3ms
    t+0   | +0.0152  +0.0837  -0.1172  +0.2315  +0.3686  -0.0744
    t+1   | +0.0708  +0.0866  -0.1602  +0.2310  +0.2718  -0.2014
    t+2   | +0.0439  +0.0688  -0.1815  +0.2037  +0.1449  -0.3160
    t+3   | -0.0134  +0.0367  -0.1368  +0.1778  +0.0290  -0.4569
    t+4   | +0.0075  +0.0302  -0.1301  +0.1988  +0.0075  -0.5371
[23:39:32] #  704 [bench] e2e=  986.8ms  infer=  983.9ms  cap=  2.7ms
    t+0   | +0.0757  -0.0636  -0.0109  +0.2043  +0.0945  -0.2857
    t+1   | +0.0696  +0.0080  -0.0584  +0.2299  +0.1657  -0.3055
    t+2   | +0.0806  +0.0814  -0.1270  +0.2685  +0.1534  -0.2482
    t+3   | +0.0424  +0.1342  -0.2149  +0.2795  +0.1272  -0.1195
    t+4   | -0.0622  +0.1158  -0.2374  +0.3057  -0.2876  -0.1431
[23:39:33] #  705 [bench] e2e=  980.7ms  infer=  978.3ms  cap=  2.2ms
    t+0   | +0.0381  -0.0874  -0.0243  +0.1774  +0.1247  +0.0106
    t+1   | +0.0139  -0.0064  -0.0809  +0.2253  +0.1878  +0.0150
    t+2   | +0.0384  +0.0465  -0.0991  +0.2558  +0.0887  +0.0571
    t+3   | -0.0582  +0.0672  -0.1224  +0.2477  +0.1077  -0.0233
    t+4   | -0.1177  +0.1024  -0.1951  +0.2584  +0.0725  -0.0976

  [live] after 700 bench steps — e2e mean=988.5ms  |  max replan freq=1.01 Hz  |  max control freq=5.06 Hz (n_action_steps=5)

[23:39:34] #  706 [bench] e2e=  972.3ms  infer=  969.9ms  cap=  2.2ms
    t+0   | +0.1690  +0.2190  -0.4029  +0.3666  +0.0252  -0.1328
    t+1   | +0.1683  +0.1634  -0.3846  +0.3627  +0.0709  -0.1392
    t+2   | +0.1405  +0.0871  -0.3619  +0.3510  +0.1391  -0.5333
    t+3   | +0.1293  +0.0367  -0.2798  +0.3189  +0.1419  -0.5621
    t+4   | +0.0821  +0.0134  -0.1585  +0.2805  +0.1250  -0.6265
[23:39:35] #  707 [bench] e2e=  996.4ms  infer=  993.6ms  cap=  2.7ms
    t+0   | +0.1412  -0.0077  -0.1455  +0.2949  +0.1027  -0.1195
    t+1   | +0.0933  +0.0590  -0.2001  +0.2919  +0.1608  -0.0907
    t+2   | +0.0200  +0.0473  -0.1732  +0.2583  +0.1051  +0.1282
    t+3   | -0.0185  +0.0274  -0.1727  +0.2649  +0.0807  +0.1093
    t+4   | -0.0219  +0.0196  -0.2095  +0.3020  +0.0864  +0.0778
[23:39:36] #  708 [bench] e2e=  992.0ms  infer=  988.9ms  cap=  3.0ms
    t+0   | +0.2253  -0.0042  -0.0865  +0.3149  -0.0049  +0.4117
    t+1   | +0.1036  +0.0262  -0.0841  +0.2840  -0.0081  +0.0080
    t+2   | +0.0145  +0.1153  -0.1684  +0.2871  -0.1377  -0.1275
    t+3   | -0.0060  +0.0889  -0.1674  +0.2638  -0.1785  -0.2398
    t+4   | -0.0863  +0.0977  -0.1808  +0.2607  -0.0874  -0.3743
[23:39:37] #  709 [bench] e2e=  977.8ms  infer=  974.9ms  cap=  2.7ms
    t+0   | +0.0926  +0.0735  -0.0874  +0.2691  -0.1078  -0.1935
    t+1   | +0.1326  +0.0397  -0.1237  +0.3288  -0.0754  -0.1456
    t+2   | +0.1516  -0.0079  -0.1388  +0.3503  +0.0528  -0.1350
    t+3   | +0.1451  +0.0321  -0.1791  +0.3699  +0.0945  -0.0209
    t+4   | +0.0637  +0.0424  -0.2246  +0.3495  +0.1104  +0.0299
[23:39:38] #  710 [bench] e2e=  993.9ms  infer=  991.0ms  cap=  2.7ms
    t+0   | +0.1638  +0.2074  -0.2109  +0.3238  +0.2153  +0.1384
    t+1   | +0.1074  +0.1741  -0.2181  +0.2906  +0.1632  -0.1577
    t+2   | +0.0281  +0.0874  -0.1998  +0.2622  +0.1009  -0.5586
    t+3   | +0.0291  +0.0418  -0.2213  +0.2666  +0.0502  -0.5598
    t+4   | +0.0218  -0.0303  -0.1815  +0.2068  +0.0344  -0.6533
[23:39:39] #  711 [bench] e2e=  972.9ms  infer=  970.0ms  cap=  2.8ms
    t+0   | +0.1650  +0.1398  -0.1736  +0.3109  -0.0775  -0.1404
    t+1   | +0.1892  +0.1486  -0.1446  +0.2835  -0.0479  +0.2011
    t+2   | +0.2183  +0.1369  -0.1371  +0.2915  -0.0351  +0.1212
    t+3   | +0.1264  +0.3373  -0.4129  +0.4641  +0.0690  +0.0171
    t+4   | +0.1394  +0.4187  -0.4414  +0.4654  +0.3469  -0.2729
[23:39:40] #  712 [bench] e2e=  993.1ms  infer=  988.9ms  cap=  3.9ms
    t+0   | +0.1596  -0.0286  -0.0526  +0.2278  -0.0328  -0.1458
    t+1   | +0.1306  +0.0375  -0.1061  +0.2339  -0.0588  -0.0190
    t+2   | +0.0819  +0.0880  -0.1427  +0.2842  -0.0372  -0.0786
    t+3   | +0.0749  +0.1313  -0.1703  +0.2860  -0.0201  -0.0749
    t+4   | +0.0517  +0.1606  -0.1982  +0.3233  -0.0059  -0.0177
[23:39:41] #  713 [bench] e2e=  988.4ms  infer=  985.8ms  cap=  2.4ms
    t+0   | +0.1214  +0.0218  -0.1547  +0.3018  -0.0850  -0.2207
    t+1   | +0.0958  +0.0418  -0.1795  +0.2958  -0.0558  -0.5270
    t+2   | +0.0509  +0.0748  -0.1763  +0.3088  +0.0149  -0.5641
    t+3   | +0.0682  +0.0793  -0.1699  +0.3049  +0.0446  -0.6388
    t+4   | +0.0910  +0.0977  -0.1716  +0.3291  +0.0941  -0.6834
[23:39:42] #  714 [bench] e2e=  978.6ms  infer=  975.7ms  cap=  2.7ms
    t+0   | +0.1200  -0.0518  -0.0928  +0.2182  +0.0093  -0.1186
    t+1   | +0.0811  -0.0710  -0.0746  +0.1862  +0.0194  -0.4681
    t+2   | +0.0726  -0.0983  -0.0733  +0.1698  +0.0346  -0.5363
    t+3   | -0.0264  -0.0584  -0.0768  +0.2186  +0.1382  -0.5765
    t+4   | -0.0259  -0.0682  -0.0634  +0.2123  +0.1058  -0.5220
[23:39:43] #  715 [bench] e2e=  993.2ms  infer=  990.8ms  cap=  2.2ms
    t+0   | +0.1416  +0.1824  -0.2198  +0.2928  -0.1401  +0.2021
    t+1   | +0.1021  +0.2060  -0.2046  +0.2692  -0.1344  +0.1623
    t+2   | +0.0878  +0.1515  -0.1790  +0.2430  -0.1290  -0.1490
    t+3   | +0.0415  +0.1328  -0.1826  +0.2336  -0.0327  -0.6056
    t+4   | -0.0441  +0.1365  -0.2850  +0.2642  +0.1809  -0.6062
[23:39:44] #  716 [bench] e2e=  988.4ms  infer=  985.8ms  cap=  2.4ms
    t+0   | -0.1548  +0.1383  -0.1854  +0.2428  +0.3317  -0.2348
    t+1   | -0.0870  +0.1386  -0.1888  +0.2581  +0.1943  +0.2415
    t+2   | -0.0977  +0.1569  -0.1943  +0.2230  +0.1068  +0.2085
    t+3   | -0.0329  +0.0840  -0.1555  +0.1805  -0.1404  +0.0886
    t+4   | -0.0458  +0.0861  -0.1799  +0.1875  -0.1050  +0.0011
[23:39:45] #  717 [bench] e2e=  993.5ms  infer=  990.9ms  cap=  2.4ms
    t+0   | +0.2392  -0.0905  -0.0811  +0.3010  +0.1933  -0.1199
    t+1   | +0.1485  -0.0848  -0.0685  +0.2472  +0.0885  -0.1846
    t+2   | +0.1175  -0.0568  -0.1131  +0.2471  +0.0481  -0.1183
    t+3   | +0.1136  +0.0313  -0.1863  +0.2619  +0.0548  -0.0834
    t+4   | +0.1359  +0.0912  -0.1793  +0.2728  +0.0649  -0.0714
[23:39:46] #  718 [bench] e2e=  993.2ms  infer=  990.7ms  cap=  2.4ms
    t+0   | +0.3168  +0.2356  -0.2648  +0.3694  +0.1481  -0.2917
    t+1   | +0.3067  +0.2334  -0.2560  +0.3454  +0.0755  -0.2604
    t+2   | +0.2817  +0.2596  -0.2818  +0.3794  -0.0262  -0.2344
    t+3   | +0.2230  +0.2554  -0.2877  +0.3879  -0.0934  -0.1976
    t+4   | +0.1633  +0.2128  -0.2599  +0.3536  -0.1476  -0.1856
[23:39:47] #  719 [bench] e2e=  997.5ms  infer=  994.6ms  cap=  2.7ms
    t+0   | +0.0811  +0.0050  -0.1549  +0.2544  -0.0471  -0.4587
    t+1   | +0.0796  +0.0550  -0.1961  +0.2827  +0.0176  -0.3280
    t+2   | +0.1113  +0.0495  -0.1575  +0.2738  +0.0210  -0.2839
    t+3   | +0.1350  +0.0896  -0.1938  +0.2897  +0.0506  -0.2079
    t+4   | +0.1433  +0.1586  -0.2821  +0.3307  +0.0386  -0.0438
[23:39:48] #  720 [bench] e2e=  997.8ms  infer=  995.4ms  cap=  2.3ms
    t+0   | +0.0171  +0.0597  -0.1540  +0.3471  +0.1451  -0.1787
    t+1   | -0.0293  +0.0026  -0.1313  +0.2898  +0.0603  -0.4998
    t+2   | -0.1362  -0.0402  -0.1350  +0.2721  +0.0672  -0.4541
    t+3   | -0.1271  -0.0411  -0.1700  +0.2688  +0.1043  -0.4453
    t+4   | -0.0432  -0.0310  -0.1723  +0.2724  +0.0984  -0.3563
[23:39:49] #  721 [bench] e2e= 1030.8ms  infer= 1028.5ms  cap=  2.1ms
    t+0   | +0.1125  -0.0472  -0.0568  +0.2208  -0.0259  +0.0333
    t+1   | +0.1066  -0.0118  -0.0895  +0.2380  +0.0126  +0.0560
    t+2   | +0.1137  +0.0240  -0.1143  +0.2646  +0.0296  +0.0544
    t+3   | +0.1220  +0.0483  -0.1530  +0.2786  +0.0357  +0.0056
    t+4   | +0.0784  +0.0821  -0.1839  +0.2774  +0.0483  -0.1300
[23:39:50] #  722 [bench] e2e=  998.2ms  infer=  996.0ms  cap=  2.0ms
    t+0   | +0.1400  +0.0438  -0.0797  +0.2495  +0.5233  -0.3501
    t+1   | +0.1556  +0.0438  -0.1056  +0.2675  +0.2493  +0.3835
    t+2   | +0.1373  +0.0593  -0.1035  +0.2898  +0.1080  +0.4794
    t+3   | +0.1294  +0.0917  -0.1445  +0.3240  +0.0737  +0.5340
    t+4   | +0.1169  +0.0718  -0.1051  +0.2791  +0.1306  +0.3670
[23:39:51] #  723 [bench] e2e=  997.2ms  infer=  994.9ms  cap=  2.2ms
    t+0   | +0.1754  +0.0659  -0.1365  +0.3004  -0.0872  +0.4805
    t+1   | +0.1787  +0.1182  -0.1767  +0.2981  -0.0399  +0.3569
    t+2   | +0.2088  +0.1508  -0.1639  +0.3139  -0.0530  +0.2342
    t+3   | +0.2209  +0.1455  -0.1264  +0.3213  -0.0281  +0.1146
    t+4   | +0.1800  +0.0903  -0.1050  +0.2936  +0.0316  +0.0699
[23:39:52] #  724 [bench] e2e=  985.8ms  infer=  982.9ms  cap=  2.7ms
    t+0   | +0.0682  +0.2869  -0.4264  +0.4409  +0.1145  +0.1876
    t+1   | +0.0932  +0.1769  -0.3103  +0.3804  +0.0523  -0.0224
    t+2   | +0.1073  +0.0900  -0.2001  +0.3002  +0.0535  -0.3390
    t+3   | +0.1285  +0.0654  -0.1349  +0.2619  +0.0576  -0.2266
    t+4   | +0.1454  +0.0659  -0.1532  +0.2818  +0.0558  -0.2784
[23:39:53] #  725 [bench] e2e=  982.1ms  infer=  980.4ms  cap=  1.5ms
    t+0   | +0.1599  -0.0057  -0.0882  +0.2620  -0.1030  -0.2044
    t+1   | +0.1423  +0.0080  -0.1206  +0.2547  -0.1171  -0.2716
    t+2   | +0.0871  -0.0049  -0.1220  +0.2579  -0.0712  -0.3105
    t+3   | -0.0127  +0.0029  -0.1634  +0.2787  -0.0366  -0.3580
    t+4   | -0.0384  +0.0426  -0.2197  +0.3151  -0.0022  -0.3724

  [live] after 720 bench steps — e2e mean=988.6ms  |  max replan freq=1.01 Hz  |  max control freq=5.06 Hz (n_action_steps=5)

[23:39:54] #  726 [bench] e2e= 1000.3ms  infer=  998.2ms  cap=  2.0ms
    t+0   | +0.1226  -0.0290  -0.0529  +0.1957  +0.0153  -0.2256
    t+1   | +0.0978  -0.0253  -0.0372  +0.1926  -0.0129  -0.2285
    t+2   | +0.0613  -0.0360  -0.1149  +0.1499  -0.0752  -0.2688
    t+3   | +0.0496  -0.0221  -0.1486  +0.1448  -0.1383  -0.2481
    t+4   | +0.0316  -0.0368  -0.1569  +0.1468  -0.2033  -0.2028
[23:39:55] #  727 [bench] e2e=  991.4ms  infer=  987.8ms  cap=  3.4ms
    t+0   | +0.0670  +0.0719  -0.1859  +0.3243  +0.0190  -0.2063
    t+1   | +0.1090  +0.1333  -0.2906  +0.3330  +0.0095  -0.1942
    t+2   | +0.1811  +0.1598  -0.3610  +0.3665  -0.0281  +0.0104
    t+3   | +0.1535  +0.1363  -0.3390  +0.3878  +0.0075  -0.0204
    t+4   | +0.1303  +0.1608  -0.3323  +0.3901  +0.0123  -0.0926
[23:39:56] #  728 [bench] e2e=  993.5ms  infer=  991.1ms  cap=  2.2ms
    t+0   | +0.2015  +0.1439  -0.1967  +0.3122  +0.1197  -0.1303
    t+1   | +0.1319  +0.1226  -0.1939  +0.3169  +0.0853  -0.0583
    t+2   | +0.1031  +0.0866  -0.1614  +0.3202  +0.0555  +0.0586
    t+3   | +0.1670  +0.0999  -0.1374  +0.3303  +0.0757  +0.1903
    t+4   | +0.1914  +0.0948  -0.1105  +0.3124  +0.0728  +0.2285
[23:39:57] #  729 [bench] e2e=  981.1ms  infer=  978.6ms  cap=  2.3ms
    t+0   | +0.0173  +0.0204  -0.1185  +0.2897  +0.1363  -0.4286
    t+1   | -0.0253  +0.0943  -0.2541  +0.3783  +0.1730  -0.3565
    t+2   | +0.0577  +0.0943  -0.2278  +0.3697  +0.1588  -0.1394
    t+3   | +0.0697  +0.0718  -0.1967  +0.3589  +0.1053  -0.2071
    t+4   | +0.0966  +0.0574  -0.1598  +0.3530  +0.0909  -0.2032
[23:39:58] #  730 [bench] e2e=  978.5ms  infer=  975.4ms  cap=  2.9ms
    t+0   | +0.1675  -0.0418  -0.0718  +0.2621  +0.0264  -0.2165
    t+1   | +0.1310  -0.0481  -0.1002  +0.2475  -0.0283  -0.2333
    t+2   | +0.0734  +0.0056  -0.1512  +0.3035  -0.0236  -0.2146
    t+3   | -0.0286  +0.0450  -0.1621  +0.3094  +0.1300  -0.3310
    t+4   | -0.1945  +0.1153  -0.4459  +0.4491  +0.2241  -0.3397
[23:39:59] #  731 [bench] e2e=  998.6ms  infer=  996.3ms  cap=  2.2ms
    t+0   | +0.1664  -0.0506  -0.0596  +0.2517  -0.0710  -0.1805
    t+1   | +0.1436  +0.0033  -0.0670  +0.2728  -0.1320  -0.2034
    t+2   | +0.1526  +0.0708  -0.1019  +0.2839  -0.1634  -0.1756
    t+3   | +0.1378  +0.0979  -0.1759  +0.2921  -0.1895  -0.1486
    t+4   | +0.1279  +0.0876  -0.1923  +0.3215  -0.1769  -0.0799
[23:40:00] #  732 [bench] e2e= 1036.3ms  infer= 1032.7ms  cap=  3.3ms
    t+0   | +0.1731  +0.1405  -0.2498  +0.3493  -0.0423  +0.3069
    t+1   | +0.2087  +0.0972  -0.2335  +0.3418  -0.0454  +0.3840
    t+2   | +0.2406  +0.0576  -0.1803  +0.3483  -0.0662  +0.3491
    t+3   | +0.1746  +0.1080  -0.1839  +0.3736  -0.0825  +0.4584
    t+4   | +0.0861  +0.1071  -0.2225  +0.3849  -0.0026  +0.4000
[23:40:01] #  733 [bench] e2e=  986.6ms  infer=  983.0ms  cap=  3.4ms
    t+0   | +0.2193  +0.1594  -0.2972  +0.4344  +0.1992  -0.0233
    t+1   | +0.2524  +0.1954  -0.3094  +0.4437  +0.2490  -0.0888
    t+2   | +0.2278  +0.2203  -0.2935  +0.4250  +0.4013  -0.2229
    t+3   | +0.2709  +0.2883  -0.3576  +0.4478  +0.3545  -0.1740
    t+4   | +0.1988  +0.3421  -0.4315  +0.4719  +0.5550  -0.2246
[23:40:02] #  734 [bench] e2e=  981.1ms  infer=  977.6ms  cap=  3.3ms
    t+0   | +0.1733  +0.0200  -0.1338  +0.3337  -0.0656  +0.1528
    t+1   | +0.0569  +0.0837  -0.2209  +0.3878  +0.0357  +0.2630
    t+2   | -0.0012  +0.1549  -0.3042  +0.3691  +0.0738  +0.1111
    t+3   | +0.0002  +0.1687  -0.3095  +0.3392  +0.1457  +0.0392
    t+4   | +0.0134  +0.1845  -0.3165  +0.3078  +0.1333  +0.0787
[23:40:03] #  735 [bench] e2e=  993.8ms  infer=  990.4ms  cap=  3.2ms
    t+0   | +0.1942  +0.1475  -0.3777  +0.4044  +0.0665  +0.0403
    t+1   | +0.2148  +0.1573  -0.3782  +0.4017  +0.0513  +0.1575
    t+2   | +0.2210  +0.1054  -0.3039  +0.3605  +0.0353  +0.0503
    t+3   | +0.2367  +0.0974  -0.2866  +0.3251  +0.0566  -0.0579
    t+4   | +0.2532  +0.1407  -0.2828  +0.3406  +0.1003  -0.2765
[23:40:04] #  736 [bench] e2e= 1006.0ms  infer= 1002.3ms  cap=  3.5ms
    t+0   | +0.2071  -0.0824  +0.0186  +0.2731  +0.0244  -0.1415
    t+1   | +0.1727  -0.0622  -0.0232  +0.3115  -0.0163  -0.1566
    t+2   | +0.1419  -0.0535  -0.0729  +0.2998  -0.0493  -0.1868
    t+3   | +0.0883  -0.1433  -0.0337  +0.2596  -0.0383  -0.4417
    t+4   | +0.0725  -0.1852  +0.0245  +0.2257  +0.0024  -0.5626
[23:40:05] #  737 [bench] e2e= 1002.7ms  infer=  999.4ms  cap=  3.2ms
    t+0   | -0.0426  +0.0062  -0.0512  +0.2434  +0.0074  -0.1895
    t+1   | +0.0009  +0.0073  -0.0528  +0.2411  -0.0338  -0.1201
    t+2   | +0.0569  +0.0349  -0.0472  +0.2638  +0.0494  -0.0997
    t+3   | +0.1383  +0.0601  -0.0965  +0.3146  +0.0591  -0.0922
    t+4   | +0.2087  +0.0800  -0.1385  +0.3216  +0.0543  -0.1082
[23:40:06] #  738 [bench] e2e=  993.0ms  infer=  990.2ms  cap=  2.6ms
    t+0   | +0.2137  +0.1395  -0.1610  +0.3439  +0.0190  +0.4693
    t+1   | +0.1975  +0.1400  -0.1983  +0.3381  -0.0397  +0.3548
    t+2   | +0.0758  +0.1283  -0.2663  +0.3445  -0.0587  +0.0864
    t+3   | +0.0047  +0.2465  -0.4089  +0.3341  -0.0779  -0.0050
    t+4   | +0.0065  +0.2363  -0.4179  +0.2986  -0.0572  -0.1005
[23:40:07] #  739 [bench] e2e=  995.4ms  infer=  992.6ms  cap=  2.6ms
    t+0   | +0.1121  +0.0344  -0.1122  +0.2336  +0.0133  -0.0231
    t+1   | +0.0333  -0.0150  -0.0931  +0.1508  -0.0220  -0.1360
    t+2   | +0.0133  -0.0619  -0.0550  +0.1889  -0.0263  -0.1243
    t+3   | -0.0293  -0.1267  +0.0005  +0.1812  -0.0157  -0.1095
    t+4   | -0.0434  -0.0840  +0.0214  +0.2139  +0.0389  -0.0858
[23:40:08] #  740 [bench] e2e=  994.8ms  infer=  991.9ms  cap=  2.7ms
    t+0   | +0.1934  +0.1647  -0.2065  +0.3700  +0.0345  +0.3090
    t+1   | +0.1853  +0.2144  -0.2969  +0.4093  -0.0379  +0.2475
    t+2   | +0.1731  +0.1711  -0.2864  +0.3880  -0.0517  +0.0450
    t+3   | +0.1162  +0.1805  -0.2714  +0.3496  -0.0345  -0.0662
    t+4   | +0.1037  +0.2077  -0.3067  +0.3662  -0.0179  -0.0428
[23:40:09] #  741 [bench] e2e= 1002.5ms  infer=  998.6ms  cap=  3.7ms
    t+0   | +0.0924  +0.1486  -0.4786  +0.4134  +0.0314  -0.7292
    t+1   | +0.0550  +0.1732  -0.4345  +0.3760  +0.1057  -0.7401
    t+2   | +0.0864  +0.1900  -0.4577  +0.4081  +0.1681  -0.4955
    t+3   | +0.0612  +0.2140  -0.4697  +0.4405  +0.2245  -0.4688
    t+4   | +0.0523  +0.1874  -0.4376  +0.3921  +0.1943  -0.4440
[23:40:10] #  742 [bench] e2e=  978.9ms  infer=  976.5ms  cap=  2.3ms
    t+0   | +0.1257  +0.0940  -0.1190  +0.2499  +0.0686  -0.6009
    t+1   | +0.0875  +0.1251  -0.1449  +0.2453  +0.1262  -0.4397
    t+2   | +0.0892  +0.1603  -0.1734  +0.2572  +0.1216  -0.3014
    t+3   | +0.0930  +0.1550  -0.1519  +0.2332  +0.0833  -0.2547
    t+4   | +0.0534  +0.1374  -0.1175  +0.2013  +0.0950  -0.5003
[23:40:11] #  743 [bench] e2e=  996.0ms  infer=  992.9ms  cap=  2.9ms
    t+0   | +0.2308  +0.0989  -0.1999  +0.3310  +0.1649  -0.1224
    t+1   | +0.2096  +0.1036  -0.2222  +0.3221  +0.1133  -0.1154
    t+2   | +0.1789  +0.1247  -0.2121  +0.3177  +0.0991  -0.1130
    t+3   | +0.0988  +0.1350  -0.2228  +0.3029  +0.1511  -0.2687
    t+4   | +0.0815  +0.1250  -0.2732  +0.3224  +0.1466  -0.2536
[23:40:12] #  744 [bench] e2e= 1000.2ms  infer=  996.1ms  cap=  3.8ms
    t+0   | +0.1692  +0.0970  -0.2469  +0.3383  -0.0558  +0.1761
    t+1   | +0.1130  +0.1257  -0.3289  +0.3682  -0.1596  +0.2522
    t+2   | +0.1220  +0.1286  -0.3450  +0.3630  -0.1582  +0.2360
    t+3   | +0.1392  +0.0984  -0.2934  +0.3476  -0.1949  +0.2311
    t+4   | +0.1275  +0.0867  -0.2391  +0.3170  -0.2224  +0.1959
[23:40:13] #  745 [bench] e2e=  984.7ms  infer=  981.5ms  cap=  3.0ms
    t+0   | +0.0935  -0.0813  -0.0321  +0.2553  +0.0407  -0.1894
    t+1   | +0.0776  -0.0239  -0.1188  +0.2982  +0.1125  -0.1226
    t+2   | +0.1079  +0.0338  -0.1767  +0.3223  +0.1519  -0.0758
    t+3   | +0.0342  +0.0639  -0.2214  +0.3422  +0.2260  -0.1378
    t+4   | -0.0118  +0.0602  -0.2416  +0.3136  +0.2312  -0.2403

  [live] after 740 bench steps — e2e mean=988.8ms  |  max replan freq=1.01 Hz  |  max control freq=5.06 Hz (n_action_steps=5)

[23:40:14] #  746 [bench] e2e=  998.5ms  infer=  995.5ms  cap=  2.9ms
    t+0   | +0.1559  +0.0029  -0.1412  +0.3021  +0.0020  -0.1027
    t+1   | +0.1028  +0.0048  -0.1554  +0.3435  +0.0037  -0.1392
    t+2   | +0.0633  -0.0522  -0.1308  +0.3153  -0.0008  -0.1874
    t+3   | +0.0431  -0.0653  -0.1376  +0.3045  +0.0464  -0.1257
    t+4   | +0.0687  -0.0720  -0.1286  +0.2992  +0.1104  +0.0820
[23:40:15] #  747 [bench] e2e=  996.4ms  infer=  992.9ms  cap=  3.3ms
    t+0   | +0.0844  -0.0323  -0.1089  +0.2551  -0.3100  -0.1730
    t+1   | +0.0682  -0.0815  -0.0500  +0.2214  -0.2521  -0.1529
    t+2   | +0.0182  -0.1221  +0.0258  +0.1875  -0.1939  -0.2084
    t+3   | +0.0201  -0.1042  +0.0290  +0.1902  -0.1410  -0.1576
    t+4   | +0.0081  -0.0858  +0.0258  +0.2109  -0.0901  -0.1375
[23:40:16] #  748 [bench] e2e=  995.7ms  infer=  993.2ms  cap=  2.4ms
    t+0   | +0.1000  +0.1516  -0.1814  +0.3362  +0.1505  -0.0631
    t+1   | +0.0956  +0.1353  -0.1848  +0.3198  +0.0392  -0.1787
    t+2   | +0.1020  +0.1522  -0.2021  +0.3257  +0.0314  -0.1637
    t+3   | +0.1039  +0.1199  -0.1812  +0.3517  +0.0974  -0.1486
    t+4   | +0.0504  +0.0705  -0.1254  +0.3087  +0.0945  -0.1513
[23:40:17] #  749 [bench] e2e=  993.2ms  infer=  990.8ms  cap=  2.3ms
    t+0   | +0.2880  +0.1375  -0.1591  +0.3408  +0.1602  +0.0156
    t+1   | +0.2115  +0.1536  -0.1781  +0.3392  +0.1581  +0.0792
    t+2   | +0.1218  +0.1080  -0.1451  +0.3042  +0.0774  +0.1242
    t+3   | +0.0708  +0.0798  -0.1204  +0.2203  +0.0851  -0.2293
    t+4   | +0.0222  +0.1035  -0.0907  +0.2029  +0.1350  -0.3678
[23:40:18] #  750 [bench] e2e=  993.9ms  infer=  991.5ms  cap=  2.3ms
    t+0   | +0.1040  -0.0480  -0.0859  +0.2821  -0.1131  +0.0741
    t+1   | +0.0982  -0.0326  -0.0750  +0.3093  -0.1354  +0.1113
    t+2   | +0.0939  -0.0144  -0.1133  +0.3000  -0.1250  +0.1056
    t+3   | +0.0664  -0.0268  -0.1150  +0.2853  -0.0658  +0.0462
    t+4   | +0.0388  -0.0346  -0.1093  +0.2731  -0.0403  -0.0166
[23:40:19] #  751 [bench] e2e=  982.1ms  infer=  979.6ms  cap=  2.3ms
    t+0   | +0.2263  +0.0904  -0.1314  +0.3039  -0.0114  -0.0587
    t+1   | +0.2290  +0.1754  -0.1758  +0.3545  -0.0171  +0.0804
    t+2   | +0.2071  +0.1471  -0.1596  +0.3560  -0.0360  +0.1203
    t+3   | +0.1145  +0.1820  -0.2323  +0.3697  -0.0473  +0.0734
    t+4   | +0.0745  +0.1785  -0.2922  +0.3796  -0.0308  -0.0148
[23:40:20] #  752 [bench] e2e=  990.0ms  infer=  986.6ms  cap=  3.1ms
    t+0   | +0.0115  +0.0378  -0.4016  +0.3650  -0.0519  -0.3314
    t+1   | -0.3419  +0.2715  -1.7825  +0.6925  +0.0047  -0.4609
    t+2   | -0.1128  +0.3043  -1.4324  +0.7102  +0.0246  -0.3658
    t+3   | -0.0269  +0.3292  -1.2584  +0.7471  -0.0084  -0.3331
    t+4   | +0.0023  +0.2723  -1.0058  +0.6797  -0.1538  -0.3288
[23:40:21] #  753 [bench] e2e=  975.6ms  infer=  972.9ms  cap=  2.5ms
    t+0   | +0.0828  -0.0048  -0.0211  +0.2425  -0.0694  +0.0335
    t+1   | +0.0278  +0.0562  -0.1122  +0.3068  -0.0902  -0.0285
    t+2   | -0.0090  +0.0968  -0.1625  +0.3436  -0.0613  +0.0350
    t+3   | -0.0129  +0.1245  -0.2123  +0.3918  -0.0367  +0.0296
    t+4   | -0.0412  +0.1563  -0.2515  +0.3864  -0.0590  +0.0483
[23:40:22] #  754 [bench] e2e=  990.5ms  infer=  986.5ms  cap=  3.8ms
    t+0   | -0.0729  -0.0491  -0.1165  +0.1969  -0.1989  -0.1523
    t+1   | -0.0408  -0.0142  -0.1273  +0.2191  -0.1031  +0.0565
    t+2   | -0.0635  +0.0893  -0.1519  +0.2875  +0.2312  +0.0538
    t+3   | +0.0368  +0.0804  -0.1614  +0.2829  +0.1569  -0.0551
    t+4   | +0.0671  +0.0994  -0.1030  +0.3342  +0.6272  -0.1906
[23:40:23] #  755 [bench] e2e=  990.5ms  infer=  986.9ms  cap=  3.4ms
    t+0   | +0.1676  +0.0892  -0.1712  +0.3261  +0.1731  -0.0767
    t+1   | +0.0876  +0.0546  -0.1195  +0.3007  +0.1917  -0.1611
    t+2   | +0.0819  +0.1101  -0.1435  +0.2788  +0.1534  -0.0895
    t+3   | +0.0750  +0.1595  -0.1947  +0.2884  +0.1072  +0.0009
    t+4   | +0.1121  +0.1707  -0.2028  +0.2797  +0.0592  +0.0493
[23:40:24] #  756 [bench] e2e=  972.4ms  infer=  969.5ms  cap=  2.7ms
    t+0   | +0.0567  -0.0929  -0.0634  +0.2457  +0.1256  -0.1562
    t+1   | +0.0643  -0.0857  -0.0745  +0.2343  +0.0450  -0.2100
    t+2   | +0.0818  -0.0511  -0.1274  +0.2373  -0.0432  -0.1532
    t+3   | +0.1018  -0.0092  -0.1378  +0.2620  -0.0655  -0.0613
    t+4   | +0.0667  -0.0350  -0.1179  +0.2078  -0.0498  -0.2553
[23:40:25] #  757 [bench] e2e=  974.5ms  infer=  972.1ms  cap=  2.2ms
    t+0   | +0.2167  +0.1406  -0.2846  +0.3601  -0.0555  +0.1025
    t+1   | +0.1833  +0.1098  -0.4105  +0.4498  -0.1954  -0.0266
    t+2   | +0.1535  +0.0734  -0.4373  +0.4434  -0.2378  -0.0753
    t+3   | +0.1228  +0.0566  -0.4030  +0.4124  -0.1963  -0.0831
    t+4   | +0.1171  +0.0481  -0.3416  +0.3842  -0.1367  -0.0580
[23:40:26] #  758 [bench] e2e=  974.9ms  infer=  972.6ms  cap=  2.1ms
    t+0   | -0.0944  -0.2244  +0.0499  +0.1329  -0.1333  -0.2468
    t+1   | -0.0786  -0.1771  +0.0347  +0.1258  -0.0775  -0.3880
    t+2   | -0.0683  -0.1928  +0.0408  +0.1219  -0.0229  -0.3543
    t+3   | -0.0372  -0.1587  +0.0152  +0.1425  -0.0218  -0.2741
    t+4   | -0.0481  -0.1630  +0.0358  +0.1482  +0.0886  -0.1303
[23:40:27] #  759 [bench] e2e=  990.2ms  infer=  987.3ms  cap=  2.7ms
    t+0   | +0.1881  +0.2778  -0.3976  +0.3978  -0.0912  +0.1215
    t+1   | +0.1240  +0.3010  -0.4645  +0.3891  -0.1011  +0.1483
    t+2   | +0.0608  +0.2708  -0.4644  +0.3615  -0.0987  +0.1632
    t+3   | +0.0599  +0.2614  -0.4252  +0.3743  -0.1092  +0.2898
    t+4   | +0.0540  +0.2540  -0.3706  +0.3652  -0.1036  +0.2603
[23:40:28] #  760 [bench] e2e=  992.9ms  infer=  990.6ms  cap=  2.1ms
    t+0   | +0.1885  +0.0885  -0.2273  +0.3355  -0.0162  -0.0660
    t+1   | +0.1750  +0.0913  -0.1994  +0.3459  -0.0836  +0.6831
    t+2   | +0.1446  +0.0780  -0.1784  +0.3071  -0.0417  -0.0906
    t+3   | +0.1473  +0.2066  -0.2537  +0.3691  +0.0661  +0.1000
    t+4   | +0.1673  +0.2062  -0.2458  +0.3535  +0.0608  -0.2015
[23:40:29] #  761 [bench] e2e=  981.9ms  infer=  979.0ms  cap=  2.7ms
    t+0   | +0.1287  +0.0123  -0.0901  +0.2977  -0.0216  +0.0700
    t+1   | +0.0444  +0.0545  -0.1785  +0.3763  +0.0013  +0.1222
    t+2   | +0.0828  +0.0344  -0.1646  +0.3443  +0.0173  +0.2439
    t+3   | +0.0968  +0.0474  -0.1248  +0.3195  +0.0642  +0.1586
    t+4   | +0.0802  +0.0836  -0.1287  +0.3301  +0.0166  +0.0864
[23:40:30] #  762 [bench] e2e=  991.3ms  infer=  988.3ms  cap=  2.8ms
    t+0   | +0.2397  +0.0361  -0.1726  +0.3183  -0.0341  -0.1436
    t+1   | +0.1787  +0.0162  -0.1246  +0.2877  +0.0389  -0.1062
    t+2   | +0.1335  +0.0444  -0.1600  +0.3040  +0.0207  -0.0084
    t+3   | +0.1614  +0.0675  -0.1770  +0.3073  +0.0223  -0.0509
    t+4   | +0.1671  +0.0687  -0.1714  +0.2956  +0.0151  -0.1010
[23:40:31] #  763 [bench] e2e=  980.0ms  infer=  977.2ms  cap=  2.7ms
    t+0   | +0.1875  +0.0068  -0.1289  +0.2992  +0.0352  -0.2046
    t+1   | +0.1085  +0.0142  -0.1640  +0.2839  +0.1035  -0.4179
    t+2   | +0.1051  +0.0147  -0.1867  +0.2785  +0.0684  -0.3635
    t+3   | +0.1009  -0.0043  -0.1931  +0.2875  +0.0387  -0.3469
    t+4   | +0.0622  -0.0530  -0.1482  +0.2960  +0.0325  -0.4013
[23:40:32] #  764 [bench] e2e=  973.5ms  infer=  971.2ms  cap=  2.2ms
    t+0   | +0.2182  +0.1281  -0.1645  +0.3639  +0.1659  +0.1285
    t+1   | +0.1910  +0.0989  -0.1643  +0.3646  +0.0688  +0.2289
    t+2   | +0.1430  +0.1088  -0.1617  +0.3873  +0.4152  -0.0019
    t+3   | +0.1280  +0.0827  -0.1620  +0.3555  +0.2007  -0.1236
    t+4   | +0.1138  +0.1291  -0.1840  +0.3643  +0.1763  -0.1845
[23:40:33] #  765 [bench] e2e=  989.7ms  infer=  987.4ms  cap=  2.1ms
    t+0   | +0.0617  -0.1461  +0.0151  +0.1967  -0.0400  -0.5848
    t+1   | +0.0877  -0.0637  -0.0638  +0.2447  -0.0102  -0.5809
    t+2   | +0.0800  -0.0242  -0.1271  +0.2441  -0.0213  -0.6258
    t+3   | +0.0957  +0.0316  -0.2165  +0.2544  -0.0650  -0.6420
    t+4   | +0.1033  +0.0598  -0.2388  +0.2815  -0.0738  -0.6032

  [live] after 760 bench steps — e2e mean=988.7ms  |  max replan freq=1.01 Hz  |  max control freq=5.06 Hz (n_action_steps=5)

[23:40:34] #  766 [bench] e2e=  975.5ms  infer=  972.7ms  cap=  2.7ms
    t+0   | +0.1101  -0.0906  -0.0171  +0.2093  +0.1180  -0.5630
    t+1   | +0.1074  -0.0747  -0.0496  +0.2229  +0.1450  -0.4209
    t+2   | +0.0795  -0.0905  -0.0511  +0.2643  +0.1661  -0.4034
    t+3   | +0.0837  -0.0609  -0.0614  +0.2816  +0.2063  -0.5150
    t+4   | +0.0702  -0.0494  -0.0070  +0.2804  +0.3693  -0.5991
[23:40:35] #  767 [bench] e2e=  994.5ms  infer=  992.1ms  cap=  2.2ms
    t+0   | +0.2340  +0.0426  -0.1926  +0.3220  -0.1444  -0.0198
    t+1   | +0.1927  +0.0320  -0.1486  +0.2806  -0.0716  -0.5288
    t+2   | +0.1621  +0.0570  -0.1451  +0.2838  +0.0001  -0.5799
    t+3   | +0.1266  +0.0169  -0.1106  +0.2682  +0.0073  -0.6727
    t+4   | +0.1137  +0.0378  -0.1287  +0.2988  +0.0270  -0.5778
[23:40:36] #  768 [bench] e2e=  975.5ms  infer=  972.7ms  cap=  2.7ms
    t+0   | +0.2275  +0.1079  -0.2079  +0.2857  -0.2014  +0.0423
    t+1   | +0.2467  +0.1459  -0.2604  +0.2849  -0.1841  -0.0187
    t+2   | +0.2306  +0.1339  -0.2562  +0.2753  -0.1146  -0.0746
    t+3   | +0.2107  +0.1646  -0.2429  +0.3171  +0.0115  -0.1654
    t+4   | +0.2101  +0.2083  -0.2754  +0.3175  +0.0028  -0.1749
[23:40:37] #  769 [bench] e2e=  990.7ms  infer=  987.6ms  cap=  2.9ms
    t+0   | +0.0829  +0.0089  -0.0695  +0.2089  +0.0355  -0.7160
    t+1   | +0.0824  +0.0644  -0.2422  +0.3189  -0.0780  -0.1642
    t+2   | +0.1221  +0.0918  -0.2782  +0.3623  -0.1139  +0.0788
    t+3   | +0.1719  +0.1269  -0.2812  +0.3694  -0.1298  +0.2081
    t+4   | +0.1142  +0.1829  -0.3211  +0.4030  -0.1824  +0.0559
[23:40:38] #  770 [bench] e2e=  981.2ms  infer=  978.0ms  cap=  3.0ms
    t+0   | -0.0454  -0.0820  -0.0066  +0.1298  -0.0440  -0.7150
    t+1   | +0.0386  +0.1145  -0.2650  +0.2554  -0.0213  -0.7045
    t+2   | +0.0651  +0.1087  -0.2115  +0.2673  +0.0376  -0.5992
    t+3   | +0.1447  +0.0815  -0.1980  +0.3158  +0.0478  +0.4746
    t+4   | +0.1413  +0.0698  -0.1992  +0.3195  -0.0011  +1.2060
[23:40:39] #  771 [bench] e2e=  975.6ms  infer=  972.8ms  cap=  2.7ms
    t+0   | +0.2209  +0.0479  -0.1157  +0.2536  -0.1122  -0.0839
    t+1   | +0.1692  +0.0836  -0.1382  +0.2483  -0.0270  +0.0546
    t+2   | +0.1031  +0.1368  -0.1957  +0.2651  -0.0036  +0.0219
    t+3   | +0.0128  +0.1791  -0.2254  +0.3309  +0.0731  +0.0076
    t+4   | +0.0096  +0.1959  -0.2386  +0.3576  +0.0796  -0.0232
[23:40:40] #  772 [bench] e2e= 1012.0ms  infer= 1009.4ms  cap=  2.4ms
    t+0   | +0.2128  +0.0986  -0.2837  +0.3104  +0.1930  -0.6359
    t+1   | +0.1585  +0.0624  -0.2235  +0.2732  +0.2020  -0.5564
    t+2   | +0.1217  +0.0645  -0.2306  +0.2712  +0.2536  -0.4725
    t+3   | +0.0790  +0.0946  -0.2722  +0.3162  +0.2181  -0.4845
    t+4   | +0.1074  +0.0686  -0.2792  +0.3087  +0.1394  -0.4542
[23:40:41] #  773 [bench] e2e= 1010.4ms  infer= 1007.7ms  cap=  2.5ms
    t+0   | +0.0630  -0.0353  -0.1043  +0.2266  +0.0327  -0.3689
    t+1   | +0.0981  -0.0253  -0.0934  +0.2349  +0.0275  -0.3744
    t+2   | +0.1452  -0.0151  -0.1229  +0.2512  +0.0135  -0.3465
    t+3   | +0.1547  +0.0197  -0.1574  +0.2707  -0.0714  -0.2156
    t+4   | +0.1741  +0.0406  -0.1555  +0.2759  -0.1338  -0.0903
[23:40:42] #  774 [bench] e2e=  997.9ms  infer=  995.6ms  cap=  2.1ms
    t+0   | +0.0140  -0.1807  -0.0178  +0.2200  +0.0505  -0.3020
    t+1   | -0.1214  -0.2242  -0.0635  +0.1859  -0.1296  -0.4061
    t+2   | -0.0631  -0.1327  -0.0969  +0.2202  -0.1000  -0.4856
    t+3   | -0.0344  -0.1552  -0.0495  +0.1746  -0.0812  -0.5798
    t+4   | -0.0141  -0.1950  -0.0030  +0.1466  -0.0399  -0.5009
[23:40:43] #  775 [bench] e2e=  994.8ms  infer=  991.9ms  cap=  2.7ms
    t+0   | +0.2015  +0.0911  -0.1937  +0.3081  +0.0548  -0.5986
    t+1   | +0.1440  +0.0269  -0.1158  +0.2653  +0.0243  -0.5334
    t+2   | +0.0363  -0.0458  -0.0835  +0.2328  +0.1514  -0.4382
    t+3   | +0.0538  -0.0218  -0.1390  +0.2428  +0.1435  -0.3624
    t+4   | +0.0557  +0.0059  -0.1637  +0.2590  +0.1498  -0.3696
[23:40:44] #  776 [bench] e2e= 1033.8ms  infer= 1031.1ms  cap=  2.6ms
    t+0   | +0.2400  +0.1434  -0.2625  +0.3274  +0.0850  +0.0444
    t+1   | +0.2204  +0.1436  -0.2723  +0.3197  -0.0044  +0.1666
    t+2   | +0.1855  +0.1619  -0.3250  +0.3348  -0.0450  +0.0826
    t+3   | +0.1847  +0.1479  -0.2828  +0.3163  -0.1041  +0.1142
    t+4   | +0.1651  +0.1794  -0.2772  +0.2995  -0.0653  +0.0508
[23:40:45] #  777 [bench] e2e=  989.2ms  infer=  986.2ms  cap=  2.8ms
    t+0   | +0.0152  -0.0685  -0.1225  +0.2667  +0.0780  -0.1082
    t+1   | +0.0381  -0.0627  -0.1198  +0.2265  +0.0428  -0.0976
    t+2   | +0.0320  -0.0378  -0.0907  +0.2097  +0.0629  -0.0501
    t+3   | +0.0373  -0.0199  -0.0842  +0.2245  +0.0402  -0.0716
    t+4   | +0.0356  -0.0275  -0.0961  +0.2433  +0.0344  -0.1160
[23:40:46] #  778 [bench] e2e=  999.7ms  infer=  996.5ms  cap=  2.9ms
    t+0   | +0.0949  +0.0138  -0.0244  +0.2058  -0.0520  -0.4416
    t+1   | -0.0082  -0.1132  +0.0951  +0.1666  -0.0065  -0.1341
    t+2   | -0.0937  -0.1610  +0.1202  +0.1902  +0.0567  +0.1559
    t+3   | -0.1604  -0.1624  +0.1223  +0.1595  +0.1451  -0.0081
    t+4   | -0.1845  -0.0882  +0.0526  +0.1598  +0.1431  -0.1038
[23:40:47] #  779 [bench] e2e= 1002.0ms  infer=  999.7ms  cap=  2.2ms
    t+0   | +0.1286  -0.0615  -0.0838  +0.2630  -0.1077  -0.2292
    t+1   | +0.0775  -0.1006  -0.0591  +0.2212  -0.0622  -0.4638
    t+2   | +0.0440  -0.0684  -0.0536  +0.2235  +0.0383  -0.5819
    t+3   | +0.0606  -0.0220  -0.0773  +0.2372  -0.0391  -0.4026
    t+4   | +0.0830  +0.0513  -0.1433  +0.2742  -0.0172  -0.3809
[23:40:48] #  780 [bench] e2e=  991.4ms  infer=  988.8ms  cap=  2.4ms
    t+0   | +0.0719  -0.1090  -0.0252  +0.2562  +0.0128  -0.4844
    t+1   | +0.0273  -0.1318  +0.0195  +0.2556  +0.0049  -0.3763
    t+2   | +0.0418  -0.1143  +0.0144  +0.2611  -0.0168  -0.2889
    t+3   | -0.0047  -0.0715  -0.0760  +0.2781  -0.0682  -0.2372
    t+4   | -0.0228  -0.0328  -0.1039  +0.2663  +0.0203  -0.5956
[23:40:49] #  781 [bench] e2e=  993.2ms  infer=  990.2ms  cap=  2.7ms
    t+0   | +0.1513  +0.0919  -0.1425  +0.2726  +0.0153  -0.3819
    t+1   | +0.1277  +0.1473  -0.1984  +0.3042  +0.0477  -0.2405
    t+2   | +0.1584  +0.1168  -0.2032  +0.3026  +0.0380  -0.1971
    t+3   | +0.1599  +0.0750  -0.1757  +0.3185  +0.0532  -0.2313
    t+4   | +0.1033  +0.0581  -0.1600  +0.2970  +0.0550  -0.3686
[23:40:50] #  782 [bench] e2e=  993.6ms  infer=  990.9ms  cap=  2.4ms
    t+0   | +0.0847  +0.0642  -0.3545  +0.3704  +0.0809  -0.4236
    t+1   | +0.1961  +0.1348  -0.3619  +0.3797  +0.2034  -0.4417
    t+2   | +0.2139  +0.1700  -0.3491  +0.3808  +0.2617  -0.3002
    t+3   | +0.1922  +0.1443  -0.3242  +0.3678  +0.2427  -0.5123
    t+4   | +0.1638  +0.1376  -0.3889  +0.3961  +0.2866  -0.5654
[23:40:51] #  783 [bench] e2e= 1006.8ms  infer= 1003.9ms  cap=  2.6ms
    t+0   | -0.1107  -0.2414  +0.0227  +0.2814  +0.0077  -0.1867
    t+1   | -0.0611  -0.1622  -0.0396  +0.3060  -0.0338  -0.1023
    t+2   | -0.0612  -0.1287  -0.0446  +0.2885  -0.0458  -0.1227
    t+3   | -0.0627  -0.0977  -0.0322  +0.2788  -0.0348  -0.2722
    t+4   | -0.1365  -0.1875  +0.0294  +0.2528  +0.0627  -0.5674
[23:40:52] #  784 [bench] e2e= 1011.1ms  infer= 1009.2ms  cap=  1.7ms
    t+0   | -0.0544  +0.0069  -0.0834  +0.2172  +0.0198  -0.3430
    t+1   | -0.0299  -0.0191  -0.0852  +0.1926  -0.0641  -0.2361
    t+2   | -0.0162  -0.0216  -0.0722  +0.2376  -0.0395  -0.0782
    t+3   | +0.0207  +0.0448  -0.2704  +0.3525  +0.1167  +0.1596
    t+4   | +0.1088  +0.0837  -0.3329  +0.3935  +0.1083  +0.0424
[23:40:53] #  785 [bench] e2e= 1041.9ms  infer= 1039.1ms  cap=  2.6ms
    t+0   | +0.2002  +0.2186  -0.3191  +0.3892  +0.1133  -0.0232
    t+1   | +0.1300  +0.3484  -0.5553  +0.4840  +0.0480  -0.0629
    t+2   | +0.0953  +0.3853  -0.5522  +0.4762  +0.0635  -0.0570
    t+3   | +0.1248  +0.3636  -0.5353  +0.4768  +0.0318  -0.0346
    t+4   | +0.1805  +0.2966  -0.4570  +0.4381  -0.0212  -0.0603

  [live] after 780 bench steps — e2e mean=989.0ms  |  max replan freq=1.01 Hz  |  max control freq=5.06 Hz (n_action_steps=5)

[23:40:54] #  786 [bench] e2e= 1000.6ms  infer=  997.3ms  cap=  3.2ms
    t+0   | +0.1550  -0.0116  -0.1084  +0.3035  -0.0555  -0.1707
    t+1   | +0.1465  -0.0185  -0.0974  +0.3052  -0.0579  -0.1319
    t+2   | +0.1371  -0.0020  -0.0835  +0.3015  -0.0231  -0.1628
    t+3   | +0.1338  +0.0391  -0.0891  +0.3022  -0.0131  -0.1547
    t+4   | +0.0913  +0.0769  -0.1713  +0.3554  -0.0774  +0.1698
[23:40:55] #  787 [bench] e2e= 1002.1ms  infer=  999.3ms  cap=  2.6ms
    t+0   | +0.1765  +0.1340  -0.3532  +0.3930  +0.0468  -0.1108
    t+1   | +0.1633  +0.1461  -0.3855  +0.3887  +0.0356  -0.0972
    t+2   | +0.0539  +0.1640  -0.3616  +0.3202  +0.0425  -0.1046
    t+3   | -0.0156  +0.1409  -0.2961  +0.2796  +0.0860  -0.2242
    t+4   | -0.0794  +0.1576  -0.3306  +0.2421  +0.0450  -0.3612
[23:40:56] #  788 [bench] e2e= 1000.3ms  infer=  997.6ms  cap=  2.6ms
    t+0   | -0.0169  -0.0924  -0.0274  +0.2007  +0.0543  -0.6474
    t+1   | +0.0277  -0.0282  -0.1329  +0.2471  +0.0307  -0.5726
    t+2   | +0.0789  +0.0551  -0.2436  +0.3079  +0.0260  -0.5969
    t+3   | +0.1414  +0.0787  -0.2393  +0.3320  -0.0325  -0.0833
    t+4   | +0.1320  +0.0731  -0.2264  +0.3216  -0.0403  -0.0138
[23:40:57] #  789 [bench] e2e= 1001.9ms  infer=  999.3ms  cap=  2.4ms
    t+0   | +0.2526  +0.0605  -0.1744  +0.3530  +0.0738  +0.1317
    t+1   | +0.2020  +0.0033  -0.1092  +0.3020  +0.1221  -0.1898
    t+2   | +0.1579  +0.0105  -0.0524  +0.2767  +0.1293  -0.1573
    t+3   | +0.0745  +0.0148  -0.0532  +0.2749  +0.1345  -0.0896
    t+4   | +0.0083  +0.0336  -0.0682  +0.2831  +0.0748  +0.2106
[23:40:58] #  790 [bench] e2e=  993.4ms  infer=  990.6ms  cap=  2.7ms
    t+0   | +0.1040  -0.0757  -0.0221  +0.2134  -0.0553  -0.3334
    t+1   | +0.1085  -0.0134  -0.0880  +0.2550  -0.0512  -0.2407
    t+2   | +0.1241  +0.0297  -0.1523  +0.3070  +0.0057  -0.0962
    t+3   | +0.1523  +0.0279  -0.1329  +0.3327  +0.0279  -0.1806
    t+4   | +0.1625  +0.0109  -0.0847  +0.3213  +0.0275  -0.3456
[23:40:59] #  791 [bench] e2e=  985.2ms  infer=  981.9ms  cap=  3.1ms
    t+0   | -0.0288  -0.1074  -0.1069  +0.3131  -0.0033  -0.4831
    t+1   | +0.0399  -0.0592  -0.0924  +0.3279  -0.0097  -0.0448
    t+2   | +0.1006  -0.0346  -0.1265  +0.3031  -0.0170  +0.0969
    t+3   | +0.1165  +0.0507  -0.1528  +0.3514  -0.0612  +0.4171
    t+4   | +0.1227  +0.0853  -0.2019  +0.3558  -0.0805  +0.3504
[23:41:00] #  792 [bench] e2e=  989.0ms  infer=  986.1ms  cap=  2.7ms
    t+0   | +0.2052  -0.0003  -0.1158  +0.3192  +0.1112  +0.0409
    t+1   | +0.1592  -0.0016  -0.1315  +0.3206  +0.1080  -0.0114
    t+2   | +0.1767  +0.1099  -0.2349  +0.3799  +0.1504  +0.1301
    t+3   | +0.1963  +0.1552  -0.2615  +0.3551  +0.1213  +0.1022
    t+4   | +0.1441  +0.2872  -0.4160  +0.4065  +0.1350  +0.1016
[23:41:01] #  793 [bench] e2e=  993.1ms  infer=  989.8ms  cap=  3.1ms
    t+0   | +0.0983  +0.0561  -0.1177  +0.2682  -0.0266  -0.0599
    t+1   | +0.1068  +0.1100  -0.1375  +0.3195  -0.0525  +0.3967
    t+2   | +0.1044  +0.1055  -0.1417  +0.3170  -0.0996  +0.3153
    t+3   | +0.0968  +0.0961  -0.1368  +0.3058  -0.0881  +0.1492
    t+4   | +0.0551  +0.1077  -0.1349  +0.3071  -0.0498  +0.1714
[23:41:02] #  794 [bench] e2e= 1005.7ms  infer= 1002.4ms  cap=  3.2ms
    t+0   | +0.2413  +0.1281  -0.2025  +0.3713  +0.1204  +0.0416
    t+1   | +0.1639  +0.1431  -0.2035  +0.3892  +0.1610  +0.0080
    t+2   | +0.1272  +0.1389  -0.2260  +0.3702  +0.0998  -0.0873
    t+3   | +0.1372  +0.1609  -0.2637  +0.4042  +0.0638  -0.1101
    t+4   | +0.1321  +0.1619  -0.2615  +0.3883  +0.0756  -0.0550
[23:41:03] #  795 [bench] e2e=  999.2ms  infer=  995.6ms  cap=  3.5ms
    t+0   | +0.0101  -0.1419  +0.0221  +0.2236  -0.0145  -0.0313
    t+1   | -0.0011  -0.0993  -0.0208  +0.2602  -0.0713  -0.0666
    t+2   | -0.0557  -0.0344  -0.0499  +0.3184  -0.0893  -0.1639
    t+3   | -0.0932  -0.0202  -0.0389  +0.2892  -0.0859  -0.4839
    t+4   | -0.1418  -0.0078  -0.0332  +0.2911  -0.0663  -0.5109
[23:41:04] #  796 [bench] e2e=  996.8ms  infer=  993.0ms  cap=  3.7ms
    t+0   | +0.2347  +0.1400  -0.1081  +0.2850  +0.2779  +0.1868
    t+1   | +0.1764  +0.1463  -0.0837  +0.2529  +0.1650  +0.0236
    t+2   | +0.1240  +0.1541  -0.1037  +0.2354  +0.0960  -0.0133
    t+3   | +0.1074  +0.0947  -0.0609  +0.2066  +0.1333  -0.2302
    t+4   | +0.1308  +0.0696  -0.0143  +0.2041  +0.1403  -0.3273
[23:41:05] #  797 [bench] e2e= 1032.1ms  infer= 1028.2ms  cap=  3.8ms
    t+0   | +0.0807  -0.0532  -0.1215  +0.2730  +0.0384  -0.2599
    t+1   | +0.0689  -0.0603  -0.1309  +0.2651  +0.0502  -0.3309
    t+2   | +0.0607  +0.0297  -0.1696  +0.2707  +0.2184  -0.3886
    t+3   | +0.0816  +0.0230  -0.1246  +0.2874  +0.2159  -0.3657
    t+4   | +0.1006  +0.0196  -0.0982  +0.3059  +0.2049  -0.3179
[23:41:06] #  798 [bench] e2e=  999.0ms  infer=  996.4ms  cap=  2.5ms
    t+0   | +0.1291  -0.1007  +0.0248  +0.2147  +0.0573  -0.6707
    t+1   | +0.0990  -0.1539  +0.0649  +0.1795  +0.0327  -0.4578
    t+2   | +0.0800  -0.1513  +0.0580  +0.1783  -0.0048  -0.3106
    t+3   | +0.0743  -0.1212  +0.0097  +0.1835  -0.0344  -0.3544
    t+4   | +0.0887  -0.0999  -0.0034  +0.1968  -0.0428  -0.4230
[23:41:07] #  799 [bench] e2e=  992.0ms  infer=  989.0ms  cap=  2.9ms
    t+0   | +0.1877  -0.0054  -0.0430  +0.3059  +0.1890  -0.0347
    t+1   | +0.2127  +0.0055  -0.0489  +0.3272  +0.1541  +0.0578
    t+2   | +0.1863  +0.0845  -0.1418  +0.3223  +0.1030  +0.1244
    t+3   | +0.1807  +0.1068  -0.1864  +0.3459  +0.0188  +0.0772
    t+4   | +0.1816  +0.1394  -0.2272  +0.3084  -0.0209  -0.0841
[23:41:08] #  800 [bench] e2e=  984.6ms  infer=  981.9ms  cap=  2.5ms
    t+0   | +0.0177  -0.1199  +0.0419  +0.1599  -0.0203  -0.2264
    t+1   | +0.0350  -0.0738  -0.0363  +0.1778  -0.1033  -0.1691
    t+2   | +0.0225  -0.0615  -0.0742  +0.2105  -0.1273  -0.1462
    t+3   | +0.0041  -0.0423  -0.0771  +0.2211  -0.1263  -0.1108
    t+4   | -0.0157  -0.0551  -0.0733  +0.1976  -0.1024  -0.1210
[23:41:09] #  801 [bench] e2e=  987.3ms  infer=  984.4ms  cap=  2.7ms
    t+0   | +0.1533  +0.0638  -0.1412  +0.3112  -0.0652  +0.0206
    t+1   | +0.1382  +0.0355  -0.1246  +0.3025  -0.0472  +0.0635
    t+2   | +0.1033  +0.0181  -0.1098  +0.2857  -0.0536  +0.1271
    t+3   | +0.0065  +0.0296  -0.1085  +0.2677  -0.0752  +0.0594
    t+4   | +0.0006  +0.0163  -0.1233  +0.2322  -0.0506  -0.0118
[23:41:10] #  802 [bench] e2e= 1003.2ms  infer=  999.9ms  cap=  3.1ms
    t+0   | +0.0016  -0.1873  +0.0390  +0.1595  +0.1023  -0.6182
    t+1   | -0.0401  -0.1898  +0.0495  +0.1515  +0.0817  -0.6416
    t+2   | -0.0826  -0.2030  +0.0410  +0.1200  -0.0206  -0.6764
    t+3   | -0.0373  -0.2451  +0.0253  +0.1315  -0.0485  -0.6538
    t+4   | -0.0712  -0.2435  +0.0309  +0.1599  -0.0721  -0.6121
[23:41:11] #  803 [bench] e2e= 1011.8ms  infer= 1008.8ms  cap=  2.9ms
    t+0   | -0.0042  -0.2030  -0.0046  +0.2383  +0.1413  -0.4170
    t+1   | +0.0501  -0.1335  -0.0552  +0.2721  +0.1267  -0.3310
    t+2   | +0.0403  -0.0675  -0.1609  +0.3017  +0.0837  -0.2122
    t+3   | +0.0228  -0.0381  -0.1769  +0.3210  +0.0413  -0.2315
    t+4   | -0.0101  -0.0819  -0.1435  +0.2851  -0.0027  -0.3656
[23:41:12] #  804 [bench] e2e=  995.5ms  infer=  992.8ms  cap=  2.6ms
    t+0   | +0.0643  -0.0096  -0.0262  +0.2060  +0.1299  -0.6564
    t+1   | +0.0449  -0.0201  -0.0292  +0.2029  +0.1167  -0.6404
    t+2   | +0.0441  -0.0454  -0.0424  +0.2405  +0.1124  -0.5060
    t+3   | +0.0187  -0.0604  -0.0534  +0.2544  +0.1340  -0.4309
    t+4   | +0.0422  -0.0475  -0.0968  +0.2408  +0.1105  -0.4289
[23:41:13] #  805 [bench] e2e= 1025.5ms  infer= 1021.7ms  cap=  3.6ms
    t+0   | +0.1506  +0.1918  -0.2284  +0.3606  +0.1053  -0.0636
    t+1   | +0.0887  +0.1761  -0.2502  +0.3328  +0.0690  -0.4513
    t+2   | +0.0724  +0.1039  -0.2088  +0.2951  +0.0234  -0.6234
    t+3   | +0.0487  +0.0677  -0.1806  +0.3098  +0.0154  -0.6205
    t+4   | +0.0329  +0.0316  -0.1461  +0.2899  -0.0329  -0.5471

  [live] after 800 bench steps — e2e mean=989.2ms  |  max replan freq=1.01 Hz  |  max control freq=5.05 Hz (n_action_steps=5)

[23:41:14] #  806 [bench] e2e= 1027.2ms  infer= 1024.7ms  cap=  2.3ms
    t+0   | +0.0730  +0.0872  -0.2372  +0.3703  -0.0439  +0.0957
    t+1   | +0.0510  +0.0118  -0.1624  +0.3226  -0.0712  -0.0920
    t+2   | -0.0026  -0.0525  -0.0845  +0.2649  -0.0077  -0.5618
    t+3   | -0.0707  -0.0858  -0.0371  +0.2434  -0.0101  -0.5449
    t+4   | -0.1454  -0.0002  -0.1027  +0.2672  -0.0162  -0.5233
[23:41:15] #  807 [bench] e2e=  995.0ms  infer=  992.1ms  cap=  2.8ms
    t+0   | +0.1285  +0.0474  -0.0767  +0.2857  +0.0506  -0.1211
    t+1   | +0.0464  +0.0349  -0.0562  +0.2843  +0.1129  -0.2631
    t+2   | +0.0761  +0.0319  -0.0710  +0.2873  +0.0606  -0.2509
    t+3   | +0.1019  +0.1271  -0.1503  +0.3447  +0.1382  -0.1900
    t+4   | +0.1774  +0.1368  -0.1916  +0.3401  +0.1333  -0.1179
[23:41:16] #  808 [bench] e2e=  990.6ms  infer=  987.6ms  cap=  2.9ms
    t+0   | +0.0719  +0.0818  -0.1613  +0.3086  +0.0647  -0.1932
    t+1   | +0.0244  +0.0874  -0.1687  +0.3150  +0.0826  -0.1792
    t+2   | -0.0323  +0.0867  -0.1693  +0.3224  +0.0847  -0.2981
    t+3   | +0.0005  +0.0852  -0.1529  +0.3330  +0.0395  -0.3038
    t+4   | +0.0553  +0.0985  -0.1604  +0.3464  +0.0156  -0.3019
[23:41:17] #  809 [bench] e2e= 1003.1ms  infer=  999.7ms  cap=  3.2ms
    t+0   | +0.1398  +0.0522  -0.1393  +0.2674  -0.0518  -0.1612
    t+1   | +0.1582  +0.0846  -0.1620  +0.2463  +0.0334  -0.1173
    t+2   | +0.1727  +0.0635  -0.1590  +0.2338  +0.0649  -0.0889
    t+3   | +0.1664  +0.0587  -0.1247  +0.2559  +0.1787  -0.1218
    t+4   | +0.2122  +0.1069  -0.1382  +0.2722  +0.1985  -0.1931
[23:41:18] #  810 [bench] e2e= 1000.8ms  infer=  998.3ms  cap=  2.3ms
    t+0   | +0.3322  +0.1129  -0.1675  +0.3208  +0.1429  +0.0038
    t+1   | +0.2732  +0.0552  -0.1210  +0.2622  +0.1137  -0.1153
    t+2   | +0.2339  +0.0318  -0.1007  +0.2561  +0.0690  -0.1751
    t+3   | +0.2463  +0.0622  -0.1642  +0.3009  +0.0288  -0.0823
    t+4   | +0.2748  +0.1309  -0.1898  +0.3607  +0.0135  -0.0263
[23:41:19] #  811 [bench] e2e=  996.3ms  infer=  994.1ms  cap=  2.0ms
    t+0   | +0.3138  +0.0425  -0.0683  +0.2646  +0.0366  -0.5028
    t+1   | +0.2878  +0.0415  -0.0619  +0.2453  +0.0405  -0.4318
    t+2   | +0.2099  +0.0411  -0.0889  +0.2481  -0.0283  -0.3774
    t+3   | +0.1924  +0.0756  -0.1324  +0.2587  -0.0905  -0.3167
    t+4   | +0.2129  +0.0913  -0.1570  +0.2676  -0.0621  -0.3759
[23:41:20] #  812 [bench] e2e= 1000.2ms  infer=  997.8ms  cap=  2.2ms
    t+0   | +0.0835  +0.1004  -0.2726  +0.3589  -0.0218  -0.1228
    t+1   | +0.0834  +0.0918  -0.2603  +0.3659  +0.0707  -0.1552
    t+2   | +0.0799  +0.1142  -0.2348  +0.3618  +0.0900  -0.0615
    t+3   | +0.0061  +0.1821  -0.3236  +0.4161  +0.1080  +0.3189
    t+4   | +0.0776  +0.1791  -0.3266  +0.4194  +0.0687  +0.3624
[23:41:21] #  813 [bench] e2e= 1001.9ms  infer=  999.5ms  cap=  2.2ms
    t+0   | +0.1242  +0.0638  -0.1703  +0.3016  -0.0828  +0.0394
    t+1   | +0.1486  +0.0902  -0.2243  +0.3263  -0.0231  -0.0180
    t+2   | +0.1731  +0.0954  -0.2436  +0.3528  +0.0119  +0.0770
    t+3   | +0.2000  +0.1053  -0.2599  +0.3686  +0.0185  +0.1000
    t+4   | +0.1989  +0.0841  -0.1908  +0.3571  +0.0014  -0.0841
[23:41:22] #  814 [bench] e2e=  998.4ms  infer=  995.5ms  cap=  2.7ms
    t+0   | +0.0788  +0.1054  -0.2384  +0.3251  -0.0646  -0.0468
    t+1   | -0.0107  +0.0855  -0.2155  +0.2867  -0.0865  -0.2384
    t+2   | -0.0108  +0.0779  -0.1962  +0.2740  -0.0344  -0.2450
    t+3   | -0.0161  +0.0806  -0.1848  +0.3044  +0.0939  -0.3654
    t+4   | -0.0174  +0.0647  -0.1807  +0.2924  +0.1195  -0.5324
[23:41:23] #  815 [bench] e2e=  980.4ms  infer=  978.5ms  cap=  1.7ms
    t+0   | +0.2023  +0.0123  -0.0997  +0.2610  -0.0232  -0.5114
    t+1   | +0.2033  +0.0779  -0.1851  +0.3304  -0.0311  -0.4860
    t+2   | +0.2172  +0.1841  -0.2806  +0.3877  -0.0121  -0.4030
    t+3   | +0.2122  +0.2035  -0.2688  +0.3706  -0.0061  -0.3861
    t+4   | +0.2022  +0.1768  -0.2347  +0.3353  -0.0114  -0.1856
[23:41:24] #  816 [bench] e2e=  992.3ms  infer=  989.3ms  cap=  2.7ms
    t+0   | +0.0936  -0.0422  -0.0326  +0.2520  +0.0794  -0.3532
    t+1   | -0.0842  -0.1115  +0.0397  +0.1386  +0.2767  -0.6396
    t+2   | -0.1084  -0.1182  +0.0441  +0.1518  +0.2739  -0.5894
    t+3   | -0.1006  -0.0865  -0.0275  +0.2017  +0.2167  -0.3909
    t+4   | -0.1190  -0.0850  -0.0312  +0.2065  +0.1507  -0.3316
[23:41:25] #  817 [bench] e2e= 1033.4ms  infer= 1029.5ms  cap=  3.7ms
    t+0   | +0.2068  +0.0902  -0.1481  +0.2871  +0.0829  -0.2488
    t+1   | +0.1685  +0.1361  -0.2196  +0.2884  +0.1365  -0.3422
    t+2   | +0.1812  +0.1889  -0.2343  +0.3163  +0.1542  -0.4090
    t+3   | +0.1747  +0.1707  -0.1986  +0.3285  +0.1935  -0.3923
    t+4   | +0.1695  +0.1916  -0.2063  +0.3311  +0.1303  -0.2545
[23:41:26] #  818 [bench] e2e=  982.7ms  infer=  978.4ms  cap=  4.0ms
    t+0   | +0.2661  +0.1477  -0.2227  +0.3305  -0.1254  +0.1380
    t+1   | +0.2561  +0.1875  -0.2321  +0.3181  -0.1290  +0.0956
    t+2   | +0.2385  +0.2208  -0.2140  +0.3066  -0.1129  +0.0697
    t+3   | +0.2038  +0.1798  -0.2194  +0.3204  -0.0931  -0.0210
    t+4   | +0.1919  +0.1372  -0.1734  +0.2865  -0.0785  -0.2240
[23:41:27] #  819 [bench] e2e=  994.9ms  infer=  992.3ms  cap=  2.4ms
    t+0   | +0.1941  +0.0501  -0.1983  +0.3585  +0.0330  -0.7768
    t+1   | +0.1560  +0.0415  -0.1831  +0.3432  +0.1171  -0.7295
    t+2   | +0.1311  +0.0136  -0.1533  +0.3025  +0.1007  -0.6582
    t+3   | +0.1181  -0.0363  -0.1034  +0.2751  +0.1633  -0.6375
    t+4   | +0.0988  -0.0010  -0.1197  +0.2989  +0.1981  -0.5967
[23:41:28] #  820 [bench] e2e=  999.9ms  infer=  997.4ms  cap=  2.3ms
    t+0   | +0.0261  +0.0184  -0.2585  +0.3446  -0.1589  -0.1953
    t+1   | +0.0021  +0.0574  -0.3002  +0.3581  -0.1209  -0.4318
    t+2   | -0.0576  +0.0415  -0.2676  +0.3479  -0.0078  -0.5323
    t+3   | -0.0468  -0.0077  -0.1694  +0.3091  +0.0544  -0.6085
    t+4   | -0.0121  -0.0471  -0.1174  +0.3065  +0.0997  -0.6077
[23:41:29] #  821 [bench] e2e=  987.7ms  infer=  985.2ms  cap=  2.3ms
    t+0   | +0.2579  +0.1576  -0.2457  +0.3913  -0.0261  +0.2381
    t+1   | +0.1482  +0.1074  -0.1958  +0.3539  -0.0498  -0.0464
    t+2   | -0.0055  +0.0251  -0.1328  +0.3340  -0.0223  -0.2339
    t+3   | -0.0618  -0.1107  -0.0663  +0.2610  +0.0153  -0.4429
    t+4   | -0.0459  -0.1055  -0.0544  +0.2638  -0.0222  -0.5911
[23:41:30] #  822 [bench] e2e=  982.8ms  infer=  980.1ms  cap=  2.6ms
    t+0   | -0.0356  -0.1507  +0.0136  +0.2270  +0.0338  -0.1856
    t+1   | -0.1079  -0.0946  -0.0633  +0.2726  +0.0987  -0.1112
    t+2   | -0.1410  -0.1404  -0.0622  +0.2509  +0.1259  -0.2019
    t+3   | -0.1350  -0.1735  -0.0481  +0.2536  +0.1124  -0.4276
    t+4   | -0.1414  -0.1858  -0.0599  +0.2272  +0.1114  -0.4529
[23:41:31] #  823 [bench] e2e=  998.7ms  infer=  996.6ms  cap=  2.0ms
    t+0   | +0.0754  +0.0635  -0.1458  +0.2475  -0.1514  -0.3630
    t+1   | +0.0669  +0.0196  -0.0779  +0.2580  -0.0555  -0.4815
    t+2   | +0.1137  -0.0135  -0.0636  +0.2890  -0.0403  -0.5447
    t+3   | +0.1455  +0.0108  -0.0755  +0.3022  -0.0344  -0.5777
    t+4   | +0.1315  -0.0020  -0.0457  +0.2882  -0.0357  -0.5806
[23:41:32] #  824 [bench] e2e=  987.6ms  infer=  985.4ms  cap=  2.1ms
    t+0   | +0.1563  -0.0624  -0.0363  +0.2900  +0.0389  +0.1086
    t+1   | +0.1761  -0.0695  -0.0364  +0.2702  +0.0290  +0.0176
    t+2   | +0.1940  -0.0451  -0.0571  +0.2891  -0.0175  -0.0628
    t+3   | +0.1766  +0.0030  -0.1147  +0.3184  -0.0759  +0.0213
    t+4   | +0.1690  +0.0669  -0.1783  +0.3602  -0.0850  +0.0324
[23:41:33] #  825 [bench] e2e=  993.2ms  infer=  990.4ms  cap=  2.6ms
    t+0   | +0.0798  +0.1845  -0.3125  +0.3517  -0.0486  -0.0185
    t+1   | +0.1476  +0.1533  -0.3010  +0.3605  -0.0190  +0.0048
    t+2   | +0.1142  +0.1027  -0.2528  +0.3405  -0.0240  +0.0189
    t+3   | +0.0862  +0.0701  -0.1888  +0.3163  -0.0238  -0.0467
    t+4   | +0.0122  +0.0380  -0.1958  +0.2881  -0.0566  -0.2544

  [live] after 820 bench steps — e2e mean=989.4ms  |  max replan freq=1.01 Hz  |  max control freq=5.05 Hz (n_action_steps=5)

[23:41:34] #  826 [bench] e2e=  988.5ms  infer=  985.5ms  cap=  2.9ms
    t+0   | +0.1237  +0.0351  +0.0915  +0.2321  -0.1185  +1.5784
    t+1   | +0.0523  +0.0224  +0.0711  +0.2216  -0.0931  +0.8787
    t+2   | +0.0876  +0.0587  +0.0616  +0.2665  -0.0744  +0.7287
    t+3   | +0.1496  +0.0615  -0.0183  +0.2862  -0.0172  +0.0777
    t+4   | +0.0458  +0.0819  -0.0729  +0.2977  +0.0493  +0.1497
[23:41:35] #  827 [bench] e2e=  977.0ms  infer=  974.5ms  cap=  2.3ms
    t+0   | +0.0766  +0.1051  -0.2574  +0.3170  -0.0346  +0.2218
    t+1   | +0.0082  +0.0352  -0.1627  +0.2571  -0.1649  +0.2479
    t+2   | +0.0113  -0.0181  -0.0713  +0.2269  -0.1972  +0.4680
    t+3   | +0.1087  +0.0810  -0.0791  +0.2523  -0.0548  +0.6983
    t+4   | +0.1712  +0.1486  -0.0949  +0.2824  -0.0284  +1.0063
[23:41:36] #  828 [bench] e2e=  992.1ms  infer=  989.4ms  cap=  2.5ms
    t+0   | +0.0648  -0.1385  -0.0258  +0.2364  -0.0892  -0.0400
    t+1   | +0.0337  -0.1541  -0.0229  +0.2174  -0.0948  -0.1261
    t+2   | +0.0047  -0.1153  -0.0536  +0.2482  -0.0510  -0.2101
    t+3   | +0.0071  -0.1067  -0.0898  +0.2430  +0.0623  -0.3289
    t+4   | +0.0419  -0.1187  -0.1485  +0.2549  +0.1030  -0.2223
[23:41:37] #  829 [bench] e2e=  973.3ms  infer=  970.3ms  cap=  2.9ms
    t+0   | +0.1569  +0.0345  -0.2423  +0.3030  -0.1852  -0.6297
    t+1   | +0.1717  +0.0607  -0.3648  +0.3558  -0.2063  -0.6231
    t+2   | +0.1556  +0.0361  -0.3092  +0.3272  -0.1588  -0.6043
    t+3   | +0.1331  +0.0222  -0.2324  +0.3275  -0.0676  -0.5521
    t+4   | +0.1378  +0.0448  -0.1853  +0.3050  -0.0018  -0.1297
[23:41:37] #  830 [bench] e2e=  990.7ms  infer=  987.3ms  cap=  3.2ms
    t+0   | +0.1089  +0.0730  -0.1112  +0.2850  +0.1769  -0.4736
    t+1   | +0.0714  +0.0688  -0.1016  +0.2708  +0.1571  -0.5138
    t+2   | +0.0365  +0.0109  -0.0316  +0.2531  +0.2046  -0.6937
    t+3   | +0.0537  -0.0272  +0.0175  +0.2647  +0.1981  -0.7068
    t+4   | +0.0962  +0.0244  -0.0284  +0.2693  +0.2099  -0.7321
[23:41:38] #  831 [bench] e2e=  976.9ms  infer=  974.4ms  cap=  2.3ms
    t+0   | +0.1768  -0.0531  -0.0172  +0.2441  +0.0231  -0.5028
    t+1   | +0.1352  -0.0911  +0.0581  +0.2107  +0.0544  -0.6952
    t+2   | +0.1020  -0.1458  +0.0894  +0.1814  +0.0487  -0.6948
    t+3   | +0.0613  -0.1778  +0.0913  +0.1790  +0.0596  -0.6953
    t+4   | +0.0531  -0.1845  +0.0515  +0.2250  +0.0529  -0.6928
[23:41:39] #  832 [bench] e2e=  973.3ms  infer=  969.6ms  cap=  3.4ms
    t+0   | +0.1880  +0.0851  -0.1556  +0.3081  +0.0516  -0.2697
    t+1   | +0.1707  +0.1567  -0.2213  +0.3621  +0.1288  -0.0109
    t+2   | +0.1326  +0.1960  -0.2927  +0.3903  +0.0820  -0.0302
    t+3   | +0.1319  +0.1726  -0.3036  +0.3783  +0.0648  -0.0284
    t+4   | +0.0546  +0.1460  -0.3431  +0.3929  +0.0949  -0.0699
[23:41:40] #  833 [bench] e2e= 1007.0ms  infer= 1003.7ms  cap=  3.2ms
    t+0   | +0.0415  +0.1156  -0.2548  +0.2448  +0.2187  -0.3991
    t+1   | +0.0617  +0.0942  -0.2417  +0.2174  +0.2399  -0.3756
    t+2   | +0.0605  +0.0180  -0.1899  +0.2308  +0.1478  -0.3577
    t+3   | +0.0557  -0.0444  -0.1609  +0.2285  +0.1194  -0.3798
    t+4   | +0.0784  -0.0303  -0.2113  +0.2301  +0.1403  -0.3811
[23:41:41] #  834 [bench] e2e=  987.2ms  infer=  984.0ms  cap=  3.1ms
    t+0   | +0.1867  -0.0432  -0.0759  +0.2688  -0.0605  -0.1352
    t+1   | +0.2079  -0.0370  -0.1002  +0.2657  -0.0481  -0.2736
    t+2   | +0.2305  -0.0770  -0.0891  +0.2344  +0.0425  -0.5454
    t+3   | +0.1923  -0.0623  -0.0603  +0.2284  +0.0715  -0.5751
    t+4   | +0.1676  +0.0228  -0.1537  +0.2778  +0.0281  -0.4716
[23:41:42] #  835 [bench] e2e=  974.4ms  infer=  971.3ms  cap=  3.0ms
    t+0   | +0.1488  +0.1171  -0.1698  +0.3364  +0.1039  +0.4139
    t+1   | +0.1878  +0.1582  -0.2449  +0.3731  +0.1433  +0.4822
    t+2   | +0.0896  +0.1407  -0.3082  +0.3685  +0.0784  +0.0047
    t+3   | +0.0357  +0.0997  -0.2705  +0.3513  +0.0246  -0.3633
    t+4   | +0.0240  +0.0399  -0.2083  +0.3220  -0.0040  -0.4670
[23:41:43] #  836 [bench] e2e= 1011.1ms  infer= 1007.4ms  cap=  3.4ms
    t+0   | +0.0213  -0.1263  -0.0359  +0.1968  -0.0237  -0.3497
    t+1   | +0.0149  -0.1255  +0.0044  +0.1654  -0.0897  -0.3228
    t+2   | +0.0544  -0.0527  -0.0167  +0.2119  -0.1418  -0.1466
    t+3   | +0.0591  +0.0276  -0.0707  +0.2564  -0.1214  +0.2647
    t+4   | +0.0290  +0.0734  -0.1456  +0.2763  -0.1396  +0.5568
[23:41:44] #  837 [bench] e2e=  978.8ms  infer=  975.4ms  cap=  3.3ms
    t+0   | +0.1363  +0.0961  -0.0131  +0.2395  -0.0136  -0.6972
    t+1   | +0.1690  +0.1299  -0.0840  +0.2919  -0.0326  -0.4459
    t+2   | +0.1332  +0.1608  -0.1320  +0.3117  +0.0447  -0.5555
    t+3   | +0.0972  +0.1208  -0.1712  +0.3025  +0.0637  -0.4678
    t+4   | +0.0936  +0.0678  -0.1731  +0.3195  +0.0629  -0.3630
[23:41:45] #  838 [bench] e2e=  990.7ms  infer=  987.7ms  cap=  2.8ms
    t+0   | +0.0308  -0.1866  +0.1298  +0.1486  -0.0596  -0.6908
    t+1   | -0.1376  -0.2574  +0.2291  +0.0952  -0.1252  -0.6496
    t+2   | -0.2026  -0.2360  +0.2002  +0.0916  -0.1418  -0.5941
    t+3   | -0.1987  -0.2002  +0.1570  +0.1378  -0.1291  -0.5527
    t+4   | -0.1418  -0.1643  +0.1082  +0.1823  -0.1476  -0.5098
[23:41:46] #  839 [bench] e2e=  995.1ms  infer=  992.1ms  cap=  2.8ms
    t+0   | +0.1147  -0.0419  -0.1338  +0.2902  -0.0603  -0.2254
    t+1   | +0.0572  -0.0069  -0.1754  +0.2673  -0.0725  -0.1956
    t+2   | +0.0718  +0.0420  -0.2218  +0.2586  -0.0743  -0.2059
    t+3   | +0.1426  +0.0895  -0.2406  +0.2584  -0.0277  -0.2209
    t+4   | +0.1719  +0.1763  -0.2735  +0.3054  -0.0076  -0.2194
[23:41:47] #  840 [bench] e2e=  975.4ms  infer=  972.5ms  cap=  2.8ms
    t+0   | +0.2461  +0.1660  -0.2710  +0.3532  -0.1022  +0.2568
    t+1   | +0.2295  +0.1243  -0.2264  +0.3262  -0.0851  +0.0682
    t+2   | +0.2123  +0.0956  -0.1990  +0.3222  -0.1017  +0.0428
    t+3   | +0.1692  +0.1251  -0.2377  +0.3422  -0.0788  +0.0599
    t+4   | +0.1550  +0.1366  -0.2601  +0.3670  -0.0566  +0.0378
[23:41:48] #  841 [bench] e2e=  975.8ms  infer=  972.2ms  cap=  3.4ms
    t+0   | +0.0024  -0.0612  -0.0688  +0.2226  +0.0158  -0.1679
    t+1   | -0.0270  -0.0735  -0.0943  +0.1990  -0.0460  -0.1173
    t+2   | -0.0331  -0.0992  -0.0658  +0.1679  -0.0159  -0.1804
    t+3   | +0.0028  -0.0939  -0.0218  +0.1906  +0.0361  -0.2795
    t+4   | +0.0486  -0.0353  -0.0958  +0.2016  +0.0728  -0.2788
[23:41:49] #  842 [bench] e2e=  974.4ms  infer=  971.0ms  cap=  3.2ms
    t+0   | +0.0507  -0.0905  -0.0299  +0.2639  -0.1195  +0.3050
    t+1   | -0.0278  -0.0526  -0.0597  +0.3047  -0.1462  +0.2909
    t+2   | +0.0243  -0.0081  -0.1195  +0.3146  -0.0942  +0.1687
    t+3   | +0.0638  +0.0058  -0.1164  +0.3079  -0.0734  +0.0320
    t+4   | +0.1218  +0.0359  -0.1709  +0.3047  -0.0847  -0.3083
[23:41:50] #  843 [bench] e2e=  972.4ms  infer=  969.0ms  cap=  3.2ms
    t+0   | +0.2187  +0.0408  -0.1132  +0.2821  -0.1019  +0.0956
    t+1   | +0.1684  +0.0555  -0.1483  +0.2725  -0.0558  -0.1614
    t+2   | +0.1154  +0.1167  -0.1762  +0.2969  -0.0319  -0.0418
    t+3   | +0.1329  +0.1313  -0.1528  +0.3008  -0.0230  +0.0484
    t+4   | +0.1654  +0.1674  -0.1583  +0.3100  -0.0554  +0.2611
[23:41:51] #  844 [bench] e2e=  987.1ms  infer=  983.9ms  cap=  3.1ms
    t+0   | -0.3208  -0.0522  -0.1551  +0.3132  -0.1008  +0.2514
    t+1   | -0.0524  +0.1035  -0.2378  +0.3527  -0.1371  +0.3223
    t+2   | +0.0474  +0.1771  -0.2434  +0.3449  -0.1365  +0.2483
    t+3   | +0.1232  +0.2287  -0.2902  +0.3720  -0.0724  +0.3170
    t+4   | +0.1718  +0.2212  -0.3067  +0.3759  -0.0646  +0.2602
[23:41:52] #  845 [bench] e2e=  973.0ms  infer=  969.6ms  cap=  3.2ms
    t+0   | +0.2952  +0.1098  -0.0295  +0.2826  +0.2370  -0.4526
    t+1   | +0.2844  +0.0886  -0.0003  +0.2482  +0.2088  -0.5387
    t+2   | +0.2710  +0.1725  -0.0836  +0.2855  +0.2157  -0.3039
    t+3   | +0.2599  +0.1885  -0.1241  +0.3155  +0.2231  -0.3317
    t+4   | +0.2271  +0.1569  -0.1096  +0.3094  +0.1995  -0.5196

  [live] after 840 bench steps — e2e mean=989.3ms  |  max replan freq=1.01 Hz  |  max control freq=5.05 Hz (n_action_steps=5)

[23:41:53] #  846 [bench] e2e=  978.4ms  infer=  975.5ms  cap=  2.8ms
    t+0   | +0.1284  +0.0582  -0.0603  +0.2667  -0.1356  -0.4494
    t+1   | +0.1373  +0.1303  -0.0924  +0.3144  -0.1188  -0.4795
    t+2   | +0.1419  +0.1627  -0.1572  +0.3268  -0.0908  +0.0919
    t+3   | +0.1455  +0.1624  -0.1686  +0.3442  -0.0607  +0.2151
    t+4   | +0.1725  +0.1933  -0.2042  +0.3833  -0.0465  +0.1621
[23:41:54] #  847 [bench] e2e=  996.5ms  infer=  993.2ms  cap=  3.1ms
    t+0   | +0.0711  +0.1850  -0.2810  +0.3605  +0.0271  -0.1369
    t+1   | +0.0839  +0.1628  -0.2390  +0.3297  +0.0692  -0.2089
    t+2   | +0.1326  +0.1987  -0.2563  +0.3478  +0.0691  -0.1687
    t+3   | +0.2011  +0.2282  -0.2597  +0.3840  +0.0255  -0.1131
    t+4   | +0.2052  +0.2380  -0.2590  +0.3805  +0.0977  -0.1896
[23:41:55] #  848 [bench] e2e=  986.4ms  infer=  983.4ms  cap=  2.8ms
    t+0   | +0.1535  -0.0014  -0.0553  +0.2192  -0.0290  -0.6347
    t+1   | +0.1346  +0.0271  -0.0658  +0.2225  -0.0202  -0.5123
    t+2   | +0.1591  +0.0758  -0.1394  +0.2734  +0.0347  -0.2811
    t+3   | +0.1742  +0.0731  -0.1714  +0.2892  +0.0461  -0.2179
    t+4   | +0.1043  +0.0625  -0.1574  +0.2747  -0.0509  -0.0920
[23:41:56] #  849 [bench] e2e=  976.0ms  infer=  972.6ms  cap=  3.2ms
    t+0   | +0.0334  +0.0088  -0.1505  +0.2880  -0.1924  -0.0076
    t+1   | +0.0127  +0.0280  -0.1636  +0.2904  -0.1620  -0.0770
    t+2   | -0.0236  +0.0615  -0.1460  +0.2931  -0.0757  -0.1539
    t+3   | +0.0025  +0.0621  -0.1400  +0.3008  -0.0661  -0.1278
    t+4   | -0.0240  +0.1063  -0.1537  +0.3061  -0.1013  -0.0478
[23:41:57] #  850 [bench] e2e= 1007.4ms  infer= 1003.9ms  cap=  3.4ms
    t+0   | +0.2072  +0.1278  -0.2684  +0.3503  +0.0979  -0.3767
    t+1   | +0.1973  +0.1319  -0.2591  +0.3332  +0.0834  -0.2673
    t+2   | +0.1814  +0.1369  -0.2536  +0.3388  +0.0769  +0.1168
    t+3   | +0.1726  +0.1158  -0.2283  +0.3433  +0.0732  +0.0333
    t+4   | +0.2364  +0.1157  -0.2556  +0.3490  +0.1139  +0.1401
[23:41:58] #  851 [bench] e2e= 1000.0ms  infer=  997.4ms  cap=  2.4ms
    t+0   | +0.1510  +0.1320  -0.2576  +0.4126  -0.0523  +0.0101
    t+1   | +0.1735  +0.2243  -0.3416  +0.4598  -0.0223  +0.0351
    t+2   | +0.2300  +0.3185  -0.4205  +0.5200  +0.0689  -0.0507
    t+3   | +0.2349  +0.3506  -0.4092  +0.5055  +0.1642  -0.0659
    t+4   | +0.2523  +0.3139  -0.3524  +0.4756  +0.1447  -0.0225
[23:41:59] #  852 [bench] e2e= 1006.5ms  infer= 1003.6ms  cap=  2.7ms
    t+0   | +0.0754  +0.0231  -0.0528  +0.2327  +0.0973  -0.0938
    t+1   | +0.0467  +0.0269  -0.0885  +0.2393  +0.0432  -0.1503
    t+2   | +0.0602  +0.0539  -0.1489  +0.3134  +0.0142  -0.1596
    t+3   | +0.0961  +0.0815  -0.2040  +0.3157  -0.0062  -0.0681
    t+4   | +0.1055  +0.0734  -0.1964  +0.3167  +0.0043  +0.0810
[23:42:00] #  853 [bench] e2e=  993.7ms  infer=  991.4ms  cap=  2.1ms
    t+0   | +0.1561  -0.0120  -0.1693  +0.2888  +0.0186  -0.4203
    t+1   | +0.1422  -0.0497  -0.1316  +0.2440  -0.0009  -0.3381
    t+2   | +0.1359  -0.0081  -0.1319  +0.2369  +0.0336  -0.3335
    t+3   | +0.1555  +0.0434  -0.2222  +0.2809  +0.0765  -0.3199
    t+4   | +0.1835  +0.1169  -0.2682  +0.3655  +0.0712  -0.3149
[23:42:01] #  854 [bench] e2e=  995.7ms  infer=  993.5ms  cap=  2.0ms
    t+0   | +0.2179  +0.1578  -0.1697  +0.3502  +0.0593  -0.2471
    t+1   | +0.2249  +0.1524  -0.1416  +0.3561  +0.0271  -0.2618
    t+2   | +0.1848  +0.1905  -0.1614  +0.3384  +0.0262  -0.5225
    t+3   | +0.1715  +0.1276  -0.1597  +0.3138  +0.0147  -0.4518
    t+4   | +0.1896  +0.1546  -0.1917  +0.3766  +0.0049  -0.2619
[23:42:02] #  855 [bench] e2e= 1002.8ms  infer= 1000.4ms  cap=  2.2ms
    t+0   | -0.0106  -0.1908  -0.0293  +0.2319  +0.0939  -0.2809
    t+1   | -0.0330  -0.1162  -0.1123  +0.2477  +0.0124  -0.1948
    t+2   | -0.0667  +0.0056  -0.2676  +0.2809  -0.0245  -0.1713
    t+3   | -0.0027  +0.0393  -0.2891  +0.2946  -0.0145  -0.0914
    t+4   | -0.0172  +0.0541  -0.3149  +0.3005  +0.0120  -0.1234
[23:42:03] #  856 [bench] e2e=  989.8ms  infer=  987.7ms  cap=  1.9ms
    t+0   | +0.1393  +0.0033  -0.1978  +0.2907  -0.0087  -0.3543
    t+1   | +0.1054  +0.0269  -0.2111  +0.2779  +0.0952  -0.5159
    t+2   | +0.1367  +0.0794  -0.1837  +0.3039  +0.2253  -0.5815
    t+3   | +0.1496  +0.0544  -0.1292  +0.2945  +0.1893  -0.5833
    t+4   | +0.1479  +0.0636  -0.1468  +0.3126  +0.2158  -0.5163
[23:42:04] #  857 [bench] e2e=  990.2ms  infer=  987.1ms  cap=  2.9ms
    t+0   | +0.3149  +0.0760  -0.1525  +0.3163  +0.2517  +0.1060
    t+1   | +0.2786  +0.0721  -0.1511  +0.2787  +0.2559  +0.2568
    t+2   | +0.1923  +0.0437  -0.1506  +0.2789  +0.2402  +0.1083
    t+3   | +0.1830  +0.0297  -0.1191  +0.2894  +0.2085  -0.3511
    t+4   | +0.2019  +0.0582  -0.1016  +0.3119  +0.2225  -0.3701
[23:42:05] #  858 [bench] e2e=  997.7ms  infer=  994.3ms  cap=  3.2ms
    t+0   | +0.0871  +0.1367  -0.2945  +0.3987  +0.0086  -0.3582
    t+1   | +0.0153  +0.0987  -0.3849  +0.4719  +0.0815  -0.3570
    t+2   | +0.0083  +0.1237  -0.3764  +0.4903  +0.1779  -0.3446
    t+3   | +0.0152  +0.1333  -0.3314  +0.4462  +0.1844  -0.3478
    t+4   | +0.0278  +0.1410  -0.3211  +0.4458  +0.1475  -0.3127
[23:42:06] #  859 [bench] e2e= 1005.3ms  infer= 1001.6ms  cap=  3.4ms
    t+0   | +0.0965  -0.0800  -0.1487  +0.3216  -0.0233  -0.1942
    t+1   | +0.0557  -0.0151  -0.2124  +0.3658  +0.0457  -0.1442
    t+2   | +0.1083  +0.0624  -0.2112  +0.3474  +0.0795  -0.0546
    t+3   | +0.0476  +0.0900  -0.1561  +0.3302  +0.1698  -0.1823
    t+4   | +0.0463  +0.1228  -0.1700  +0.3617  +0.1780  -0.1818
[23:42:07] #  860 [bench] e2e=  975.2ms  infer=  972.5ms  cap=  2.6ms
    t+0   | +0.0523  -0.0577  -0.0542  +0.2770  +0.1269  -0.1574
    t+1   | -0.0080  -0.1043  -0.0036  +0.2331  +0.0787  -0.1203
    t+2   | -0.1027  -0.0730  -0.0423  +0.2341  -0.0131  +0.0666
    t+3   | -0.0562  -0.0308  -0.1076  +0.2484  -0.0197  +0.0082
    t+4   | -0.0231  +0.0533  -0.1458  +0.3042  +0.0002  +0.0097
[23:42:08] #  861 [bench] e2e=  990.0ms  infer=  987.1ms  cap=  2.6ms
    t+0   | +0.1734  +0.0296  -0.1484  +0.2801  -0.0542  -0.1222
    t+1   | +0.0873  +0.0896  -0.1817  +0.2774  -0.0375  -0.2018
    t+2   | +0.0769  +0.1577  -0.2238  +0.3148  -0.0867  -0.1894
    t+3   | +0.0207  +0.1616  -0.2078  +0.3293  -0.1363  +0.1672
    t+4   | -0.0177  +0.1659  -0.2075  +0.3497  -0.0627  +0.1364
[23:42:09] #  862 [bench] e2e=  978.0ms  infer=  974.9ms  cap=  2.9ms
    t+0   | +0.1307  -0.0063  -0.1142  +0.2696  -0.0825  -0.3960
    t+1   | +0.0776  +0.1640  -0.4023  +0.3332  +0.0719  -0.7634
    t+2   | +0.1103  +0.2545  -0.4787  +0.3599  +0.1573  -0.7463
    t+3   | +0.1688  +0.2784  -0.4463  +0.3718  +0.1543  -0.7795
    t+4   | +0.2036  +0.3056  -0.4360  +0.4035  +0.1099  -0.7109
[23:42:10] #  863 [bench] e2e=  975.4ms  infer=  971.7ms  cap=  3.4ms
    t+0   | +0.1222  +0.1332  -0.3215  +0.3035  +0.0644  -0.4744
    t+1   | +0.1280  +0.1192  -0.2744  +0.2964  +0.0495  -0.4297
    t+2   | +0.0856  +0.1524  -0.3039  +0.3018  +0.1134  -0.3468
    t+3   | +0.1279  +0.1381  -0.2561  +0.3149  +0.1060  -0.2487
    t+4   | +0.1612  +0.0831  -0.2376  +0.2983  +0.1151  -0.2454
[23:42:11] #  864 [bench] e2e=  988.0ms  infer=  984.5ms  cap=  3.3ms
    t+0   | +0.0332  -0.1699  +0.0644  +0.1446  -0.1688  -0.3070
    t+1   | +0.0157  -0.0598  -0.0323  +0.2011  -0.1830  -0.2276
    t+2   | +0.0881  +0.0447  -0.1035  +0.2477  -0.1780  -0.1898
    t+3   | +0.0849  +0.0740  -0.1335  +0.2325  -0.0913  -0.2851
    t+4   | +0.1003  +0.0717  -0.1089  +0.2550  -0.0601  -0.5796
[23:42:12] #  865 [bench] e2e=  977.3ms  infer=  974.2ms  cap=  2.9ms
    t+0   | +0.1541  -0.0119  -0.0667  +0.3325  +0.0883  -0.0570
    t+1   | +0.1359  +0.0123  -0.0964  +0.3652  +0.0245  -0.0351
    t+2   | +0.0633  -0.0464  -0.0923  +0.3255  -0.0101  -0.3892
    t+3   | -0.0260  -0.0536  -0.1048  +0.3206  -0.0325  -0.2845
    t+4   | -0.0222  -0.0720  -0.1139  +0.2969  -0.0410  -0.2427

  [live] after 860 bench steps — e2e mean=989.3ms  |  max replan freq=1.01 Hz  |  max control freq=5.05 Hz (n_action_steps=5)

[23:42:13] #  866 [bench] e2e=  977.3ms  infer=  974.2ms  cap=  2.9ms
    t+0   | +0.0928  +0.0609  -0.1953  +0.3175  +0.1818  -0.3660
    t+1   | +0.0632  +0.0824  -0.2471  +0.3277  +0.0739  -0.1970
    t+2   | +0.0261  +0.0953  -0.3051  +0.3309  +0.0087  -0.1447
    t+3   | +0.0411  +0.1055  -0.3120  +0.3308  -0.0087  -0.1524
    t+4   | +0.0721  +0.1294  -0.2937  +0.3233  -0.0012  -0.1661
[23:42:14] #  867 [bench] e2e=  980.8ms  infer=  978.1ms  cap=  2.5ms
    t+0   | +0.0320  -0.1016  +0.0070  +0.2177  +0.0532  -0.2137
    t+1   | -0.0009  -0.1244  -0.0316  +0.2065  +0.0508  -0.5342
    t+2   | +0.0565  -0.0991  -0.1010  +0.2376  +0.0366  -0.5174
    t+3   | +0.0997  -0.0737  -0.1796  +0.2631  +0.0559  -0.4502
    t+4   | +0.1388  -0.0669  -0.1843  +0.2676  +0.0457  -0.4149
[23:42:15] #  868 [bench] e2e=  982.5ms  infer=  979.4ms  cap=  3.0ms
    t+0   | +0.0933  +0.0862  -0.1002  +0.2505  -0.0094  -0.0114
    t+1   | +0.0132  +0.0324  -0.0509  +0.2026  -0.0332  -0.0618
    t+2   | -0.0602  -0.0454  +0.0290  +0.1491  +0.0149  -0.0962
    t+3   | -0.1068  -0.1157  +0.0708  +0.1438  +0.0610  -0.1414
    t+4   | -0.1059  -0.1393  +0.0889  +0.1676  +0.0490  -0.1839
[23:42:16] #  869 [bench] e2e=  979.6ms  infer=  975.8ms  cap=  3.5ms
    t+0   | +0.1109  +0.0230  -0.1044  +0.2805  -0.1328  +0.1963
    t+1   | +0.1822  +0.0589  -0.1291  +0.2684  -0.0995  -0.0054
    t+2   | +0.2329  +0.0941  -0.1660  +0.2743  -0.0689  -0.0560
    t+3   | +0.2653  +0.1063  -0.1609  +0.2843  +0.0307  -0.1149
    t+4   | +0.2746  +0.0745  -0.1543  +0.2889  +0.0836  -0.1387
[23:42:17] #  870 [bench] e2e= 1004.8ms  infer= 1002.2ms  cap=  2.4ms
    t+0   | +0.1050  +0.0286  -0.1013  +0.1733  -0.1330  -0.3979
    t+1   | +0.0977  +0.0219  -0.0865  +0.1849  -0.0800  -0.4190
    t+2   | +0.0819  +0.0238  -0.1152  +0.2066  -0.0705  -0.5071
    t+3   | +0.1443  +0.0726  -0.1819  +0.2515  -0.0438  -0.3943
    t+4   | +0.1294  +0.0833  -0.1605  +0.2690  +0.1230  -0.4199
[23:42:18] #  871 [bench] e2e=  998.1ms  infer=  995.7ms  cap=  2.2ms
    t+0   | -0.0200  -0.0861  +0.1130  +0.0712  -0.0098  -0.6934
    t+1   | -0.0452  -0.0103  -0.0090  +0.1407  -0.0399  -0.6306
    t+2   | +0.0003  +0.0587  -0.1436  +0.2281  -0.0757  -0.5694
    t+3   | +0.0615  +0.0539  -0.1948  +0.2507  -0.0731  -0.4803
    t+4   | +0.0538  +0.0480  -0.1842  +0.2424  -0.0246  -0.5071
[23:42:19] #  872 [bench] e2e=  994.2ms  infer=  991.3ms  cap=  2.7ms
    t+0   | +0.2396  +0.0502  -0.1488  +0.3143  +0.1468  -0.3703
    t+1   | +0.2436  +0.0413  -0.1444  +0.3080  +0.1221  -0.2813
    t+2   | +0.1659  +0.0224  -0.0911  +0.2423  +0.1129  -0.5481
    t+3   | +0.1198  +0.0039  -0.0675  +0.1974  +0.1416  -0.6444
    t+4   | +0.1219  -0.0114  -0.0837  +0.2175  +0.1192  -0.5466
[23:42:20] #  873 [bench] e2e=  992.5ms  infer=  989.1ms  cap=  3.2ms
    t+0   | -0.0780  -0.1564  -0.0105  +0.1568  +0.0372  -0.1722
    t+1   | -0.0514  -0.0691  -0.0866  +0.1753  +0.0318  -0.2881
    t+2   | +0.0381  +0.0124  -0.1574  +0.1941  -0.0158  -0.2470
    t+3   | +0.0564  +0.0780  -0.1989  +0.2134  -0.0253  -0.3705
    t+4   | +0.0804  +0.1219  -0.2116  +0.2304  -0.0466  -0.4724
[23:42:21] #  874 [bench] e2e=  998.7ms  infer=  995.6ms  cap=  2.9ms
    t+0   | +0.1740  +0.0106  -0.1260  +0.2477  -0.0414  -0.6956
    t+1   | +0.2124  +0.1594  -0.2393  +0.2992  -0.0553  -0.4730
    t+2   | +0.1645  +0.1362  -0.1743  +0.2487  -0.0707  -0.5749
    t+3   | +0.1322  +0.0975  -0.1282  +0.2332  -0.0712  -0.4415
    t+4   | +0.1412  +0.1435  -0.1768  +0.2491  -0.0627  -0.3186
[23:42:22] #  875 [bench] e2e=  986.7ms  infer=  982.2ms  cap=  4.4ms
    t+0   | +0.2813  +0.0644  -0.1312  +0.3043  +0.0081  +0.1425
    t+1   | +0.2886  +0.1116  -0.1462  +0.2990  +0.1057  +0.0713
    t+2   | +0.2534  +0.0994  -0.1637  +0.2722  +0.1457  -0.0750
    t+3   | +0.2513  +0.0879  -0.1848  +0.2923  +0.1228  -0.1189
    t+4   | +0.2200  +0.0539  -0.1656  +0.2826  +0.0980  -0.3441
[23:42:23] #  876 [bench] e2e= 1008.5ms  infer= 1005.4ms  cap=  2.8ms
    t+0   | +0.1351  -0.0008  -0.1104  +0.2402  -0.2346  +0.1726
    t+1   | +0.0785  +0.0295  -0.1462  +0.2826  -0.1392  +0.0847
    t+2   | -0.0031  +0.0890  -0.2261  +0.3035  -0.0028  +0.0078
    t+3   | +0.0258  +0.1031  -0.2421  +0.3054  +0.0035  +0.0237
    t+4   | +0.0527  +0.0684  -0.2024  +0.2838  +0.0352  +0.0377
[23:42:24] #  877 [bench] e2e= 1001.6ms  infer=  998.8ms  cap=  2.6ms
    t+0   | +0.1010  +0.0669  -0.2235  +0.2617  +0.2262  -0.3270
    t+1   | +0.0564  +0.0471  -0.1401  +0.1933  +0.2080  -0.5150
    t+2   | -0.0211  +0.0390  -0.0752  +0.1109  +0.2053  -0.6090
    t+3   | -0.1069  +0.0067  -0.0182  +0.0972  +0.1212  -0.5808
    t+4   | -0.0982  +0.0048  -0.0227  +0.1375  +0.1068  -0.5359
[23:42:25] #  878 [bench] e2e=  998.0ms  infer=  995.5ms  cap=  2.3ms
    t+0   | +0.1786  -0.0393  -0.0284  +0.2523  +0.0857  +0.0475
    t+1   | +0.1762  -0.0445  -0.0284  +0.2384  +0.0930  -0.0343
    t+2   | +0.1590  -0.0309  -0.0398  +0.2220  +0.1207  +0.0028
    t+3   | +0.1397  -0.0017  -0.0420  +0.1992  +0.1033  -0.0048
    t+4   | +0.1138  -0.0069  -0.0478  +0.1977  +0.0992  -0.0147
[23:42:26] #  879 [bench] e2e=  994.4ms  infer=  992.0ms  cap=  2.3ms
    t+0   | +0.0689  -0.0956  -0.0219  +0.2100  -0.1506  -0.3365
    t+1   | +0.0340  -0.0791  -0.0513  +0.2059  -0.1872  -0.3973
    t+2   | -0.0090  -0.0817  -0.0789  +0.2130  -0.0857  -0.4288
    t+3   | -0.0212  -0.0631  -0.1108  +0.2417  -0.0726  -0.3675
    t+4   | +0.0119  -0.0157  -0.1266  +0.2762  -0.0705  -0.0979
[23:42:27] #  880 [bench] e2e=  991.4ms  infer=  989.0ms  cap=  2.3ms
    t+0   | +0.1872  +0.1049  -0.1542  +0.3063  -0.0469  +0.0977
    t+1   | +0.1681  +0.1177  -0.1423  +0.3075  -0.1003  +0.1632
    t+2   | +0.1654  +0.1425  -0.1587  +0.3098  -0.0747  +0.0399
    t+3   | +0.1181  +0.2012  -0.2040  +0.2930  -0.0078  -0.1960
    t+4   | +0.0883  +0.2082  -0.2107  +0.2641  +0.0198  -0.4243
[23:42:28] #  881 [bench] e2e=  999.1ms  infer=  996.7ms  cap=  2.3ms
    t+0   | +0.1497  -0.1272  -0.0498  +0.2434  +0.0911  -0.2979
    t+1   | +0.1241  -0.1379  -0.0415  +0.2322  +0.0661  -0.3131
    t+2   | +0.0869  -0.1333  -0.0488  +0.2096  +0.0518  -0.2920
    t+3   | +0.0682  -0.1036  -0.0362  +0.2417  +0.1003  -0.2417
    t+4   | +0.0104  -0.1550  -0.0023  +0.1811  +0.1227  -0.2635
[23:42:29] #  882 [bench] e2e= 1005.8ms  infer= 1003.3ms  cap=  2.3ms
    t+0   | +0.3155  +0.0847  -0.1820  +0.3138  -0.0040  +0.1434
    t+1   | +0.2713  +0.1510  -0.2345  +0.3161  +0.0191  +0.0284
    t+2   | +0.2098  +0.2544  -0.4374  +0.3695  -0.0386  +0.0436
    t+3   | +0.2246  +0.3014  -0.4506  +0.3887  -0.0376  -0.0192
    t+4   | +0.2165  +0.3025  -0.3687  +0.3806  -0.0430  -0.0156
[23:42:30] #  883 [bench] e2e=  995.3ms  infer=  992.9ms  cap=  2.3ms
    t+0   | -0.1054  -0.1442  -0.0617  +0.1218  -0.0317  +0.0046
    t+1   | -0.0177  -0.1397  -0.0917  +0.1165  -0.0384  -0.0484
    t+2   | +0.0234  -0.1251  -0.1022  +0.1284  -0.0194  -0.1445
    t+3   | +0.0380  -0.0892  -0.1316  +0.1437  -0.0471  -0.1359
    t+4   | +0.0461  -0.0368  -0.1545  +0.1940  -0.0796  -0.1157
[23:42:31] #  884 [bench] e2e=  985.1ms  infer=  981.6ms  cap=  3.3ms
    t+0   | +0.1402  +0.1420  -0.3028  +0.3502  +0.0501  -0.5735
    t+1   | +0.1336  +0.1804  -0.2720  +0.3447  +0.0747  -0.3707
    t+2   | +0.1369  +0.2163  -0.2960  +0.3510  +0.1172  -0.3665
    t+3   | +0.1224  +0.2160  -0.3058  +0.3393  +0.1381  -0.2272
    t+4   | +0.0870  +0.2292  -0.3228  +0.3460  +0.1478  +0.0359
[23:42:32] #  885 [bench] e2e=  975.8ms  infer=  973.2ms  cap=  2.4ms
    t+0   | +0.1660  +0.1125  -0.2484  +0.3857  +0.0998  +0.4624
    t+1   | +0.1121  +0.0618  -0.2127  +0.3371  +0.0184  +0.2117
    t+2   | +0.0358  +0.0914  -0.2274  +0.2856  -0.0788  +0.1602
    t+3   | -0.0521  +0.0839  -0.1990  +0.2266  -0.0697  +0.0237
    t+4   | -0.0392  +0.0927  -0.2038  +0.2256  -0.0384  -0.0692

  [live] after 880 bench steps — e2e mean=989.4ms  |  max replan freq=1.01 Hz  |  max control freq=5.05 Hz (n_action_steps=5)

[23:42:33] #  886 [bench] e2e=  992.2ms  infer=  989.1ms  cap=  2.9ms
    t+0   | -0.0516  +0.0630  -0.1986  +0.2278  +0.0932  -0.6813
    t+1   | -0.1525  +0.0301  -0.1648  +0.2140  +0.0987  -0.5820
    t+2   | -0.1076  -0.0188  -0.1468  +0.1997  +0.0361  -0.1925
    t+3   | -0.0928  -0.0397  -0.0976  +0.1711  +0.0835  -0.3636
    t+4   | -0.0708  -0.0399  -0.0736  +0.1823  +0.0576  -0.3660
[23:42:34] #  887 [bench] e2e=  998.6ms  infer=  994.9ms  cap=  3.5ms
    t+0   | +0.1333  +0.0022  -0.1588  +0.3386  +0.0092  -0.1950
    t+1   | +0.1896  +0.0693  -0.2060  +0.3518  +0.0033  -0.0834
    t+2   | +0.2037  +0.0611  -0.1601  +0.2940  +0.0343  -0.4144
    t+3   | +0.1848  +0.0407  -0.1257  +0.3139  +0.0157  -0.3919
    t+4   | +0.1497  +0.0189  -0.1113  +0.2669  +0.0195  -0.4621
[23:42:35] #  888 [bench] e2e=  979.3ms  infer=  976.2ms  cap=  2.9ms
    t+0   | +0.1859  +0.2446  -0.2788  +0.3604  +0.0337  +0.0305
    t+1   | +0.0811  +0.1788  -0.1902  +0.3073  +0.2011  -0.0974
    t+2   | +0.0223  +0.1115  -0.1652  +0.2751  +0.1500  -0.1887
    t+3   | +0.0159  +0.0851  -0.1702  +0.2936  +0.1339  -0.2197
    t+4   | +0.0331  +0.0825  -0.1615  +0.2248  +0.0704  -0.1449
[23:42:36] #  889 [bench] e2e=  989.8ms  infer=  987.2ms  cap=  2.5ms
    t+0   | +0.0959  +0.0043  -0.0632  +0.2195  +0.0865  +0.0182
    t+1   | +0.1069  -0.0003  -0.0673  +0.2124  +0.0572  -0.0359
    t+2   | +0.0914  -0.0369  -0.0451  +0.1925  +0.1131  -0.1031
    t+3   | +0.0775  -0.0454  -0.0962  +0.2211  +0.1301  -0.1513
    t+4   | +0.0766  -0.0776  -0.1037  +0.2321  +0.1041  -0.2619
[23:42:37] #  890 [bench] e2e=  997.2ms  infer=  994.1ms  cap=  2.9ms
    t+0   | -0.0529  -0.0570  -0.2095  +0.2421  -0.0191  -0.2225
    t+1   | -0.0205  -0.1137  -0.0685  +0.1832  -0.0111  -0.5637
    t+2   | +0.0278  -0.0949  -0.0134  +0.1950  +0.0087  -0.4649
    t+3   | +0.0487  -0.0762  -0.0036  +0.2047  +0.0176  -0.4705
    t+4   | +0.0448  -0.0679  -0.0580  +0.2247  +0.0690  -0.3856
[23:42:38] #  891 [bench] e2e=  978.5ms  infer=  974.7ms  cap=  3.6ms
    t+0   | +0.0856  -0.0092  -0.1323  +0.2273  +0.0052  -0.6259
    t+1   | +0.1170  +0.0929  -0.2966  +0.2679  -0.0385  -0.5832
    t+2   | +0.1129  +0.1096  -0.3915  +0.3151  -0.0445  -0.4716
    t+3   | +0.1083  +0.1036  -0.2851  +0.2941  +0.0590  -0.4454
    t+4   | +0.0756  +0.0943  -0.2612  +0.2658  +0.0633  -0.4043
[23:42:39] #  892 [bench] e2e=  986.8ms  infer=  983.5ms  cap=  3.1ms
    t+0   | +0.2842  +0.1188  -0.1718  +0.3136  +0.0863  +0.0775
    t+1   | +0.2449  +0.1293  -0.1760  +0.2768  +0.0608  +0.0264
    t+2   | +0.1387  +0.1251  -0.1743  +0.2536  +0.1401  -0.0641
    t+3   | +0.0234  +0.1547  -0.2227  +0.2381  +0.0692  +0.3121
    t+4   | -0.0168  +0.1612  -0.2006  +0.2501  +0.0800  +0.2655
[23:42:40] #  893 [bench] e2e=  999.6ms  infer=  996.6ms  cap=  2.9ms
    t+0   | -0.0359  +0.1272  -0.2051  +0.2412  -0.0831  +0.0526
    t+1   | -0.0747  +0.1487  -0.2218  +0.2164  +0.0258  +0.1047
    t+2   | -0.0449  +0.1431  -0.2003  +0.2129  +0.1409  +0.0573
    t+3   | +0.0059  +0.1274  -0.1928  +0.2403  +0.1795  -0.2070
    t+4   | +0.0930  +0.0992  -0.1624  +0.2648  +0.2046  -0.1787
[23:42:41] #  894 [bench] e2e=  983.3ms  infer=  979.0ms  cap=  4.1ms
    t+0   | +0.1866  +0.1293  -0.1534  +0.2895  +0.0187  -0.0185
    t+1   | +0.1417  +0.1413  -0.1664  +0.2801  -0.0211  -0.0305
    t+2   | +0.0686  +0.1593  -0.1347  +0.2891  +0.0131  +0.0680
    t+3   | +0.0872  +0.1331  -0.1283  +0.2292  -0.0051  -0.0343
    t+4   | +0.0456  +0.0723  -0.1011  +0.2000  +0.0742  -0.1010
[23:42:42] #  895 [bench] e2e=  993.2ms  infer=  990.7ms  cap=  2.3ms
    t+0   | +0.0534  -0.1773  -0.1449  +0.2412  -0.0166  -0.6582
    t+1   | +0.1202  -0.1027  -0.1297  +0.2443  +0.0578  -0.6391
    t+2   | +0.1228  -0.0673  -0.1088  +0.2329  +0.0805  -0.4475
    t+3   | +0.1019  -0.0560  -0.0982  +0.2526  +0.0557  -0.3289
    t+4   | +0.1102  +0.0033  -0.1954  +0.2345  +0.0168  -0.1926
[23:42:43] #  896 [bench] e2e=  994.6ms  infer=  991.9ms  cap=  2.6ms
    t+0   | +0.2109  +0.2082  -0.3436  +0.3737  +0.1049  -0.0440
    t+1   | +0.0920  +0.2228  -0.3443  +0.3072  +0.2158  -0.2105
    t+2   | +0.0806  +0.1601  -0.2707  +0.2740  +0.1588  -0.1185
    t+3   | +0.0232  +0.1723  -0.2220  +0.2907  +0.2829  -0.1852
    t+4   | +0.0643  +0.1593  -0.1866  +0.3153  +0.2846  -0.2441
[23:42:44] #  897 [bench] e2e=  995.0ms  infer=  992.1ms  cap=  2.7ms
    t+0   | +0.1334  +0.0443  -0.1846  +0.3477  +0.1516  +0.0551
    t+1   | +0.0779  +0.0535  -0.1657  +0.3261  +0.1794  -0.0595
    t+2   | +0.0725  +0.0754  -0.1859  +0.3414  +0.1371  -0.0549
    t+3   | +0.0524  +0.0454  -0.2018  +0.3260  +0.2341  -0.0248
    t+4   | +0.0875  +0.0500  -0.2132  +0.3342  +0.2168  -0.0841
[23:42:45] #  898 [bench] e2e=  994.3ms  infer=  991.4ms  cap=  2.7ms
    t+0   | -0.0244  +0.2816  -0.5238  +0.3899  -0.3805  -0.3739
    t+1   | +0.0793  +0.2106  -0.3084  +0.3295  -0.1911  -0.2326
    t+2   | +0.0426  +0.1560  -0.2285  +0.3011  -0.1204  -0.1758
    t+3   | -0.0080  +0.1267  -0.2406  +0.3016  -0.0722  -0.1712
    t+4   | +0.0405  +0.1527  -0.2742  +0.3277  -0.0696  -0.0648
[23:42:46] #  899 [bench] e2e=  996.1ms  infer=  992.9ms  cap=  3.0ms
    t+0   | +0.1231  +0.0394  -0.1126  +0.3312  +0.6350  -0.1582
    t+1   | +0.1444  +0.0665  -0.1218  +0.2916  +0.2965  -0.2445
    t+2   | +0.0968  +0.0624  -0.0713  +0.2206  +0.1616  -0.5621
    t+3   | +0.0136  -0.0120  +0.0566  +0.1766  +0.2043  -0.6621
    t+4   | +0.0029  -0.0547  +0.0568  +0.1912  +0.1697  -0.7042
[23:42:47] #  900 [bench] e2e=  977.9ms  infer=  975.2ms  cap=  2.6ms
    t+0   | -0.2229  +0.0045  -0.2236  +0.2241  -0.2330  +0.4949
    t+1   | -0.1013  +0.1066  -0.2701  +0.2464  -0.1973  +0.3751
    t+2   | -0.0130  +0.2226  -0.3000  +0.2866  -0.2473  +0.2823
    t+3   | +0.0513  +0.3128  -0.3785  +0.3326  -0.2711  +0.2342
    t+4   | +0.0806  +0.3226  -0.3531  +0.3456  -0.2222  -0.0738
[23:42:48] #  901 [bench] e2e=  991.2ms  infer=  988.1ms  cap=  2.9ms
    t+0   | +0.2963  +0.1338  -0.1613  +0.2814  -0.0021  +0.0769
    t+1   | +0.2129  +0.1532  -0.1841  +0.2920  -0.0605  +0.0871
    t+2   | +0.2028  +0.1347  -0.2059  +0.3075  -0.0483  +0.0830
    t+3   | +0.1709  +0.1779  -0.2304  +0.3353  -0.1206  +0.3711
    t+4   | +0.1247  +0.2159  -0.2443  +0.3511  -0.1166  +0.2750
[23:42:49] #  902 [bench] e2e=  976.2ms  infer=  973.1ms  cap=  3.0ms
    t+0   | +0.1609  +0.2977  -0.2752  +0.3187  +0.1220  +0.3468
    t+1   | +0.1445  +0.1688  -0.1510  +0.2264  +0.0415  +0.0376
    t+2   | +0.0375  +0.1142  -0.0933  +0.2065  +0.0572  -0.2022
    t+3   | +0.0162  +0.0959  -0.0713  +0.2149  +0.0522  -0.5549
    t+4   | +0.0370  +0.1146  -0.0722  +0.2093  +0.0453  -0.6988
[23:42:50] #  903 [bench] e2e=  993.2ms  infer=  989.9ms  cap=  3.2ms
    t+0   | +0.1354  +0.0231  -0.1022  +0.3031  +0.0650  +0.1783
    t+1   | +0.0423  +0.0005  -0.0455  +0.2970  +0.0782  +0.2087
    t+2   | +0.0518  +0.0319  -0.0893  +0.2833  +0.1290  +0.1539
    t+3   | +0.0524  +0.0496  -0.0813  +0.2712  +0.0739  +0.2521
    t+4   | +0.0606  +0.0235  -0.0846  +0.2250  +0.0682  +0.3041
[23:42:51] #  904 [bench] e2e=  979.7ms  infer=  976.4ms  cap=  3.1ms
    t+0   | +0.1496  +0.0650  -0.1152  +0.3000  +0.0170  +0.0207
    t+1   | +0.0898  +0.0704  -0.0705  +0.2675  +0.0915  -0.0724
    t+2   | +0.0621  +0.0056  -0.0133  +0.2195  +0.1174  -0.2461
    t+3   | +0.0799  +0.0062  +0.0000  +0.2627  +0.1375  -0.3788
    t+4   | +0.1534  +0.0277  -0.0651  +0.2931  +0.1043  -0.1991
[23:42:52] #  905 [bench] e2e=  987.4ms  infer=  984.1ms  cap=  3.2ms
    t+0   | +0.1014  -0.0197  -0.0970  +0.2084  +0.0465  -0.3953
    t+1   | +0.1125  -0.0306  -0.1105  +0.2193  +0.0558  -0.2097
    t+2   | +0.0792  -0.0305  -0.1635  +0.2043  +0.1066  -0.2872
    t+3   | +0.0862  -0.0186  -0.1671  +0.2417  +0.1009  -0.2418
    t+4   | +0.1010  -0.0016  -0.2335  +0.3050  +0.0856  -0.2200

  [live] after 900 bench steps — e2e mean=989.4ms  |  max replan freq=1.01 Hz  |  max control freq=5.05 Hz (n_action_steps=5)

[23:42:53] #  906 [bench] e2e=  993.6ms  infer=  990.3ms  cap=  3.1ms
    t+0   | -0.0434  -0.0171  -0.1182  +0.2131  -0.0701  -0.2749
    t+1   | -0.0585  +0.0310  -0.1384  +0.2287  -0.0726  -0.1789
    t+2   | -0.0682  +0.0823  -0.1796  +0.2594  -0.0908  -0.0503
    t+3   | -0.0604  +0.0821  -0.1914  +0.2572  -0.0327  -0.0696
    t+4   | -0.0419  +0.1050  -0.1832  +0.2504  -0.0435  +0.0341
[23:42:54] #  907 [bench] e2e= 1006.2ms  infer= 1002.8ms  cap=  3.1ms
    t+0   | +0.3066  +0.1777  -0.3011  +0.3761  +0.0121  -0.0333
    t+1   | +0.2752  +0.1510  -0.2606  +0.3430  +0.0183  -0.0538
    t+2   | +0.3072  +0.1761  -0.2681  +0.3515  +0.0813  -0.0072
    t+3   | +0.3256  +0.2633  -0.3136  +0.3471  +0.1334  -0.1035
    t+4   | +0.2941  +0.2445  -0.2897  +0.3141  +0.1253  -0.2187
[23:42:55] #  908 [bench] e2e= 1005.9ms  infer= 1003.0ms  cap=  2.7ms
    t+0   | +0.0647  -0.1103  -0.0461  +0.2322  +0.1885  -0.2949
    t+1   | +0.0882  -0.0635  -0.1213  +0.2482  +0.1365  -0.2493
    t+2   | +0.0663  +0.0179  -0.1589  +0.2587  +0.1429  -0.3992
    t+3   | +0.1031  +0.0816  -0.2107  +0.2859  +0.1477  -0.5774
    t+4   | +0.1163  +0.1091  -0.2259  +0.3208  +0.2207  -0.5505
[23:42:56] #  909 [bench] e2e= 1000.6ms  infer=  997.4ms  cap=  3.0ms
    t+0   | +0.2006  +0.2135  -0.3280  +0.3900  -0.0631  -0.0659
    t+1   | +0.2430  +0.3013  -0.4197  +0.4193  -0.0334  -0.0944
    t+2   | +0.2278  +0.2906  -0.4528  +0.3991  +0.0393  -0.3135
    t+3   | +0.2090  +0.2248  -0.4322  +0.3635  +0.0773  -0.3122
    t+4   | +0.1262  +0.1943  -0.4227  +0.3416  +0.0647  -0.2866
[23:42:57] #  910 [bench] e2e=  979.8ms  infer=  976.2ms  cap=  3.4ms
    t+0   | +0.2481  -0.0043  -0.0603  +0.2609  +0.0686  -0.5805
    t+1   | +0.2656  -0.0098  -0.0076  +0.1996  +0.0354  -0.6589
    t+2   | +0.2545  +0.0163  +0.0127  +0.2045  +0.0163  -0.5591
    t+3   | +0.2190  +0.0832  -0.0389  +0.2302  +0.0393  -0.5296
    t+4   | +0.1286  +0.1448  -0.0804  +0.2547  +0.0572  -0.3601
[23:42:58] #  911 [bench] e2e=  993.2ms  infer=  990.1ms  cap=  2.9ms
    t+0   | +0.1640  +0.0563  -0.1715  +0.2822  +0.0274  -0.3871
    t+1   | +0.1539  +0.0798  -0.1722  +0.2857  +0.0397  -0.4238
    t+2   | +0.1171  +0.1080  -0.1873  +0.2821  +0.0122  -0.3705
    t+3   | +0.0308  +0.1176  -0.2258  +0.2517  -0.0320  -0.2670
    t+4   | -0.1965  +0.0736  -0.1805  +0.2288  -0.0057  -0.3124
[23:42:59] #  912 [bench] e2e=  991.3ms  infer=  988.2ms  cap=  3.0ms
    t+0   | +0.0960  -0.0379  -0.0986  +0.2420  +0.0262  -0.1344
    t+1   | +0.1066  +0.0209  -0.1472  +0.2810  +0.0279  +0.0319
    t+2   | +0.0907  +0.0484  -0.1882  +0.2988  -0.0159  +0.0288
    t+3   | +0.1181  +0.0422  -0.1673  +0.2632  -0.0286  -0.0796
    t+4   | +0.1166  +0.1186  -0.1475  +0.2644  +0.0184  -0.1844
[23:43:00] #  913 [bench] e2e=  982.5ms  infer=  979.8ms  cap=  2.5ms
    t+0   | +0.1951  +0.1059  -0.1525  +0.2937  +0.1625  +0.2661
    t+1   | +0.1383  +0.0881  -0.1256  +0.2875  +0.1413  +0.1386
    t+2   | +0.0565  +0.0084  -0.0222  +0.2590  +0.1420  -0.2599
    t+3   | +0.0623  -0.0413  +0.0172  +0.2187  +0.0872  -0.2779
    t+4   | +0.0342  +0.0098  -0.0078  +0.2266  +0.0444  -0.2646
[23:43:01] #  914 [bench] e2e=  982.9ms  infer=  980.1ms  cap=  2.7ms
    t+0   | +0.0356  +0.0801  -0.1806  +0.2491  +0.0332  -0.5566
    t+1   | +0.0891  +0.1688  -0.2125  +0.2815  +0.0391  -0.3021
    t+2   | +0.1304  +0.1741  -0.2019  +0.2610  +0.0833  -0.1164
    t+3   | +0.1063  +0.1435  -0.1503  +0.2518  +0.1637  -0.0351
    t+4   | +0.1130  +0.0977  -0.1633  +0.2595  +0.1247  -0.0746
[23:43:02] #  915 [bench] e2e=  980.5ms  infer=  977.4ms  cap=  2.9ms
    t+0   | +0.1807  +0.1238  -0.2103  +0.3124  -0.0113  -0.0443
    t+1   | +0.1157  +0.1310  -0.2653  +0.3048  -0.0518  -0.1928
    t+2   | +0.0609  +0.1171  -0.2496  +0.2986  -0.0045  -0.5179
    t+3   | +0.0356  +0.1600  -0.3239  +0.3883  +0.0573  -0.5993
    t+4   | +0.0954  +0.1628  -0.3443  +0.4275  +0.0418  -0.4772
[23:43:03] #  916 [bench] e2e=  974.5ms  infer=  970.7ms  cap=  3.6ms
    t+0   | +0.2247  +0.2282  -0.3040  +0.3417  -0.0735  -0.1179
    t+1   | +0.1983  +0.2194  -0.2410  +0.3009  -0.0938  -0.3871
    t+2   | +0.1423  +0.1703  -0.1966  +0.2610  -0.1278  -0.3060
    t+3   | +0.0943  +0.1131  -0.1602  +0.2333  -0.0556  -0.5681
    t+4   | +0.0869  +0.0123  -0.1200  +0.2349  +0.0001  -0.6450
[23:43:04] #  917 [bench] e2e=  979.0ms  infer=  975.8ms  cap=  3.1ms
    t+0   | +0.0776  -0.0791  -0.1587  +0.2936  +0.0444  -0.5110
    t+1   | +0.1301  -0.0089  -0.2978  +0.3632  +0.0452  -0.4994
    t+2   | +0.1669  +0.0715  -0.2956  +0.3506  +0.0459  -0.2724
    t+3   | +0.1157  +0.1164  -0.3495  +0.3882  +0.1267  -0.3653
    t+4   | +0.0829  +0.1122  -0.3914  +0.3977  +0.1785  -0.3829
[23:43:05] #  918 [bench] e2e=  995.0ms  infer=  991.7ms  cap=  3.1ms
    t+0   | -0.1037  -0.1415  -0.0414  +0.2131  +0.1452  -0.2343
    t+1   | -0.2208  -0.2094  -0.0619  +0.1615  +0.1551  -0.2987
    t+2   | -0.0938  -0.1553  -0.1782  +0.2096  +0.1043  -0.2826
    t+3   | -0.0925  +0.0169  -0.3159  +0.3122  +0.1738  -0.3114
    t+4   | -0.0324  +0.1467  -0.3668  +0.3544  +0.1569  -0.2822
[23:43:06] #  919 [bench] e2e=  978.2ms  infer=  975.1ms  cap=  2.9ms
    t+0   | +0.1587  +0.0839  -0.1633  +0.2561  +0.0257  +0.1101
    t+1   | +0.1762  +0.1497  -0.2308  +0.2657  +0.0248  +0.1430
    t+2   | +0.1330  +0.2579  -0.3247  +0.3125  +0.0147  +0.7291
    t+3   | +0.1581  +0.3291  -0.3372  +0.3288  +0.0247  +0.5872
    t+4   | +0.1591  +0.2915  -0.3064  +0.3037  -0.0194  +0.3340
[23:43:07] #  920 [bench] e2e=  982.8ms  infer=  979.3ms  cap=  3.3ms
    t+0   | -0.1124  -0.2228  +0.1841  +0.0814  +0.1587  -0.5150
    t+1   | -0.0754  -0.1808  +0.1540  +0.1056  +0.1475  -0.5482
    t+2   | +0.0264  -0.0522  +0.0230  +0.1557  +0.1055  -0.5727
    t+3   | +0.0621  +0.0589  -0.1114  +0.2148  +0.0029  -0.3538
    t+4   | +0.0275  +0.1102  -0.1472  +0.2616  -0.0824  -0.3322
[23:43:08] #  921 [bench] e2e=  978.8ms  infer=  975.2ms  cap=  3.4ms
    t+0   | +0.0801  -0.0363  -0.1982  +0.2931  +0.0048  -0.3274
    t+1   | -0.0056  +0.0280  -0.2730  +0.2861  +0.0776  -0.3045
    t+2   | -0.0067  +0.1057  -0.3119  +0.2794  +0.1654  -0.3165
    t+3   | +0.0352  +0.1073  -0.2622  +0.2826  +0.1405  -0.3777
    t+4   | +0.0561  +0.0918  -0.1775  +0.2778  +0.1380  -0.3958
[23:43:09] #  922 [bench] e2e=  979.1ms  infer=  975.9ms  cap=  3.0ms
    t+0   | +0.3150  +0.1414  -0.2067  +0.3760  +0.0287  +0.1153
    t+1   | +0.3255  +0.1448  -0.2016  +0.3822  +0.0326  +0.0322
    t+2   | +0.2526  +0.1402  -0.1709  +0.3514  +0.0239  -0.0220
    t+3   | +0.2236  +0.1454  -0.1370  +0.3406  +0.0792  -0.0672
    t+4   | +0.2373  +0.1865  -0.1548  +0.3321  +0.0932  -0.0662
[23:43:10] #  923 [bench] e2e=  994.7ms  infer=  992.3ms  cap=  2.2ms
    t+0   | +0.2028  +0.0254  -0.0988  +0.2759  -0.0248  +0.1304
    t+1   | +0.1405  +0.0556  -0.0601  +0.2751  -0.0947  +0.2133
    t+2   | +0.1157  +0.0912  -0.0481  +0.2676  -0.1267  +0.0577
    t+3   | +0.0836  +0.1466  -0.1363  +0.2814  -0.0104  -0.1053
    t+4   | +0.0941  +0.1703  -0.1791  +0.3275  +0.0534  -0.0464
[23:43:10] #  924 [bench] e2e=  978.7ms  infer=  976.2ms  cap=  2.3ms
    t+0   | +0.2834  +0.0734  -0.1692  +0.3422  -0.1581  +0.3110
    t+1   | +0.2150  +0.0928  -0.2007  +0.3573  -0.0914  +0.3230
    t+2   | +0.1580  +0.0934  -0.2516  +0.3741  +0.0107  +0.2838
    t+3   | +0.1716  +0.0494  -0.2027  +0.3331  +0.0415  -0.0086
    t+4   | +0.1707  +0.0342  -0.1584  +0.2843  +0.0175  -0.0863
[23:43:11] #  925 [bench] e2e=  977.4ms  infer=  974.1ms  cap=  3.1ms
    t+0   | +0.0923  -0.0015  -0.1142  +0.2433  -0.0625  -0.3014
    t+1   | +0.1136  +0.0085  -0.1228  +0.2593  -0.0123  -0.1794
    t+2   | +0.1645  +0.0417  -0.1235  +0.3009  +0.0818  -0.0667
    t+3   | +0.2143  +0.0799  -0.1515  +0.2806  +0.0497  +0.0471
    t+4   | +0.1891  +0.0965  -0.1301  +0.2818  +0.0005  -0.0080

  [live] after 920 bench steps — e2e mean=989.3ms  |  max replan freq=1.01 Hz  |  max control freq=5.05 Hz (n_action_steps=5)

[23:43:12] #  926 [bench] e2e=  977.8ms  infer=  975.9ms  cap=  1.7ms
    t+0   | +0.1337  -0.0450  +0.0179  +0.1860  +0.0980  -0.7096
    t+1   | +0.1308  -0.0428  -0.0615  +0.2470  +0.0711  -0.7189
    t+2   | +0.0885  -0.0174  -0.1367  +0.3090  +0.1582  -0.6659
    t+3   | +0.0811  -0.0548  -0.1431  +0.2806  +0.1333  -0.7345
    t+4   | +0.0558  -0.0876  -0.1322  +0.2634  +0.1066  -0.7207
[23:43:13] #  927 [bench] e2e=  991.6ms  infer=  989.1ms  cap=  2.3ms
    t+0   | +0.2278  -0.1185  -0.0359  +0.2235  -0.1449  -0.6946
    t+1   | +0.2087  -0.0787  -0.0669  +0.2431  -0.0868  -0.6636
    t+2   | +0.1795  -0.0630  -0.0793  +0.2546  -0.0265  -0.6648
    t+3   | +0.2011  +0.0016  -0.0957  +0.2826  +0.0005  -0.6678
    t+4   | +0.1875  +0.0193  -0.1502  +0.2807  +0.0724  -0.7027
[23:43:14] #  928 [bench] e2e=  993.0ms  infer=  990.0ms  cap=  2.8ms
    t+0   | +0.2913  +0.0708  -0.1004  +0.2930  +0.0895  +0.1986
    t+1   | +0.2645  +0.0721  -0.1159  +0.2792  +0.1201  +0.1708
    t+2   | +0.1668  +0.1186  -0.1470  +0.3231  +0.0706  +0.2043
    t+3   | +0.1568  +0.1212  -0.1962  +0.3386  +0.0786  +0.2242
    t+4   | +0.1170  +0.1456  -0.2869  +0.3753  +0.0420  +0.2867
[23:43:15] #  929 [bench] e2e=  976.7ms  infer=  973.8ms  cap=  2.7ms
    t+0   | +0.1760  +0.2036  -0.2575  +0.3013  -0.1254  -0.0399
    t+1   | -0.0882  +0.2621  -0.4174  +0.3592  -0.3627  -0.0083
    t+2   | -0.0641  +0.2818  -0.5033  +0.4014  -0.3376  +0.0630
    t+3   | -0.0184  +0.2569  -0.4875  +0.3846  -0.3117  +0.0041
    t+4   | +0.0193  +0.2996  -0.4387  +0.3955  -0.2464  -0.0280
[23:43:16] #  930 [bench] e2e=  992.3ms  infer=  988.9ms  cap=  3.3ms
    t+0   | +0.2117  +0.1715  -0.2403  +0.3638  +0.0333  +0.4936
    t+1   | +0.2327  +0.2032  -0.2817  +0.3834  +0.0315  +0.6226
    t+2   | +0.2401  +0.1713  -0.2846  +0.3486  +0.0808  +0.3982
    t+3   | +0.2484  +0.1266  -0.2099  +0.3223  +0.0959  -0.0722
    t+4   | +0.2218  +0.1485  -0.1493  +0.3228  +0.1762  +0.0713
[23:43:17] #  931 [bench] e2e=  970.4ms  infer=  967.2ms  cap=  3.0ms
    t+0   | +0.0596  +0.0907  -0.1834  +0.3266  +0.0684  -0.3660
    t+1   | -0.0329  +0.2038  -0.3319  +0.3800  +0.1009  -0.3783
    t+2   | -0.0289  +0.1818  -0.2730  +0.3428  +0.1198  -0.4971
    t+3   | -0.0000  +0.1473  -0.1988  +0.3356  +0.1766  -0.5080
    t+4   | -0.0179  +0.1370  -0.1995  +0.3276  +0.2387  -0.5413
[23:43:18] #  932 [bench] e2e=  989.3ms  infer=  986.2ms  cap=  3.0ms
    t+0   | +0.2972  +0.0826  -0.1826  +0.3741  +0.1482  +0.0583
    t+1   | +0.2623  +0.1057  -0.1993  +0.3741  +0.0934  -0.0741
    t+2   | +0.2037  +0.1470  -0.2409  +0.3619  +0.1106  -0.0973
    t+3   | +0.1493  +0.1669  -0.2232  +0.3555  +0.0792  -0.0203
    t+4   | +0.1200  +0.1636  -0.2221  +0.3723  +0.0999  +0.0404
[23:43:19] #  933 [bench] e2e=  992.8ms  infer=  989.8ms  cap=  2.8ms
    t+0   | +0.1328  +0.0553  -0.0750  +0.2170  +0.1191  -0.2767
    t+1   | +0.1960  +0.1628  -0.1751  +0.2566  +0.1494  -0.2742
    t+2   | +0.2281  +0.2425  -0.2488  +0.2956  +0.1032  -0.1085
    t+3   | +0.2006  +0.2427  -0.2462  +0.2733  +0.1325  -0.1238
    t+4   | +0.1569  +0.1505  -0.1354  +0.2157  +0.2309  -0.1188
[23:43:20] #  934 [bench] e2e=  975.9ms  infer=  973.6ms  cap=  2.1ms
    t+0   | +0.2103  +0.1181  -0.1101  +0.2476  -0.1879  +0.0974
    t+1   | +0.1748  +0.0876  -0.0816  +0.2351  -0.1796  +0.0142
    t+2   | +0.1257  +0.0724  -0.1014  +0.2421  -0.1529  -0.0632
    t+3   | +0.0907  +0.0423  -0.1270  +0.2302  -0.1796  -0.0646
    t+4   | +0.1086  +0.0467  -0.1271  +0.2430  -0.1256  -0.1322
[23:43:21] #  935 [bench] e2e=  994.6ms  infer=  992.1ms  cap=  2.3ms
    t+0   | +0.1254  -0.1393  +0.0244  +0.1650  +0.0179  -0.5286
    t+1   | +0.0587  -0.1057  -0.0030  +0.1763  +0.0281  -0.5940
    t+2   | +0.0193  -0.1026  +0.0140  +0.1901  +0.0798  -0.6335
    t+3   | +0.0389  -0.0148  -0.0437  +0.2389  +0.1253  -0.5403
    t+4   | +0.0827  +0.0223  -0.0834  +0.2535  +0.1036  -0.4728
[23:43:22] #  936 [bench] e2e=  972.8ms  infer=  970.0ms  cap=  2.6ms
    t+0   | +0.1853  +0.0342  -0.1408  +0.2674  -0.1244  -0.1217
    t+1   | +0.1327  +0.0537  -0.1109  +0.2729  -0.0975  -0.0974
    t+2   | +0.1441  +0.0597  -0.1152  +0.2887  -0.1066  -0.0593
    t+3   | +0.1553  +0.0124  -0.1175  +0.2894  -0.0868  +0.0232
    t+4   | +0.1313  -0.0298  -0.0789  +0.2943  -0.0711  +0.0096
[23:43:23] #  937 [bench] e2e=  988.4ms  infer=  985.2ms  cap=  3.0ms
    t+0   | +0.1076  +0.0892  -0.2201  +0.3449  -0.0290  -0.2489
    t+1   | -0.0455  -0.0050  -0.1426  +0.3019  +0.0313  -0.3882
    t+2   | -0.0652  -0.0744  -0.0860  +0.2759  +0.0209  -0.4059
    t+3   | +0.0107  -0.0485  -0.1267  +0.3098  -0.0092  -0.3548
    t+4   | +0.0268  +0.0397  -0.2019  +0.3308  -0.0235  -0.2591
[23:43:24] #  938 [bench] e2e=  974.2ms  infer=  970.8ms  cap=  3.2ms
    t+0   | +0.3248  +0.3354  -0.2873  +0.4235  +0.1450  +0.0248
    t+1   | +0.3316  +0.3251  -0.2596  +0.3925  +0.1059  -0.0024
    t+2   | +0.2824  +0.2569  -0.2264  +0.3578  +0.0940  -0.0671
    t+3   | +0.2363  +0.2037  -0.2409  +0.3676  +0.0380  +0.2987
    t+4   | +0.2335  +0.1915  -0.2311  +0.3739  +0.0594  +0.0603
[23:43:25] #  939 [bench] e2e=  991.1ms  infer=  988.5ms  cap=  2.5ms
    t+0   | +0.2147  +0.1249  -0.1499  +0.2977  +0.1601  -0.1557
    t+1   | +0.1362  +0.1404  -0.1876  +0.3016  +0.1345  -0.1192
    t+2   | +0.0358  +0.1490  -0.1929  +0.3032  +0.1230  -0.4108
    t+3   | -0.0351  +0.1505  -0.2002  +0.3084  +0.1103  -0.3971
    t+4   | -0.0466  +0.1615  -0.2215  +0.3107  +0.1232  -0.5503
[23:43:26] #  940 [bench] e2e=  973.5ms  infer=  970.3ms  cap=  3.0ms
    t+0   | +0.3175  +0.1772  -0.2867  +0.3679  -0.0636  +0.3389
    t+1   | +0.2534  +0.1468  -0.2773  +0.3322  -0.0200  +0.1540
    t+2   | +0.2612  +0.1277  -0.2243  +0.3097  +0.0632  +0.0580
    t+3   | +0.2535  +0.1297  -0.2070  +0.2991  +0.0728  +0.0185
    t+4   | +0.3068  +0.1475  -0.2098  +0.3237  +0.2038  -0.0870
[23:43:27] #  941 [bench] e2e=  973.6ms  infer=  970.0ms  cap=  3.4ms
    t+0   | +0.0837  +0.0073  -0.0749  +0.2467  +0.2968  +0.0261
    t+1   | +0.1149  +0.0009  -0.0899  +0.2304  +0.2193  +0.1091
    t+2   | +0.0781  +0.0880  -0.0790  +0.2520  +0.2963  +0.1451
    t+3   | +0.1069  +0.1367  -0.1331  +0.2517  +0.2117  +0.2305
    t+4   | +0.1271  +0.1968  -0.1665  +0.2970  +0.1581  +0.4631
[23:43:28] #  942 [bench] e2e=  975.3ms  infer=  972.4ms  cap=  2.7ms
    t+0   | +0.2883  -0.0589  -0.0427  +0.3325  +0.2797  +0.1577
    t+1   | +0.2939  -0.0238  -0.0940  +0.3235  +0.1817  +0.0101
    t+2   | +0.2975  +0.0009  -0.0491  +0.2942  +0.1106  -0.0388
    t+3   | +0.2679  +0.0509  -0.0498  +0.2747  +0.0548  +0.0001
    t+4   | +0.1680  +0.1461  -0.1096  +0.3086  -0.0051  +0.1414
[23:43:29] #  943 [bench] e2e=  991.7ms  infer=  988.8ms  cap=  2.7ms
    t+0   | +0.0494  +0.0516  -0.1206  +0.2633  +0.2211  -0.6759
    t+1   | +0.0345  +0.0514  -0.1508  +0.2667  +0.2669  -0.6622
    t+2   | +0.0319  +0.0677  -0.2369  +0.2399  +0.1863  -0.6830
    t+3   | +0.0525  +0.0645  -0.2695  +0.2673  +0.1804  -0.3070
    t+4   | +0.0233  +0.0770  -0.3162  +0.2688  +0.1969  -0.4678
[23:43:30] #  944 [bench] e2e=  974.7ms  infer=  971.8ms  cap=  2.7ms
    t+0   | +0.2120  -0.0031  -0.0958  +0.3140  -0.0177  +0.0667
    t+1   | +0.1798  +0.0166  -0.1501  +0.3369  -0.0976  +0.0531
    t+2   | +0.1339  +0.0501  -0.1893  +0.3201  -0.1113  -0.0025
    t+3   | +0.0861  +0.0843  -0.2133  +0.3118  -0.1583  +0.0109
    t+4   | +0.0916  +0.0485  -0.1836  +0.3169  -0.1611  -0.0059
[23:43:31] #  945 [bench] e2e=  975.0ms  infer=  972.1ms  cap=  2.7ms
    t+0   | +0.1283  +0.0426  -0.0835  +0.2857  +0.0534  -0.3258
    t+1   | +0.1110  +0.0355  -0.0957  +0.2972  +0.0794  -0.3758
    t+2   | +0.0968  +0.0881  -0.1577  +0.3050  +0.1331  -0.3482
    t+3   | +0.1279  +0.1149  -0.2137  +0.3344  +0.0686  -0.4232
    t+4   | +0.1531  +0.1178  -0.2446  +0.3528  +0.0573  -0.4176

  [live] after 940 bench steps — e2e mean=989.2ms  |  max replan freq=1.01 Hz  |  max control freq=5.05 Hz (n_action_steps=5)

[23:43:32] #  946 [bench] e2e=  975.5ms  infer=  972.7ms  cap=  2.7ms
    t+0   | +0.1311  +0.1425  -0.1992  +0.3664  +0.2207  -0.1662
    t+1   | +0.1677  +0.1726  -0.2075  +0.3599  +0.1271  -0.3443
    t+2   | +0.2086  +0.2108  -0.2049  +0.3642  +0.2189  -0.4183
    t+3   | +0.2433  +0.1732  -0.1736  +0.3347  +0.2441  -0.4084
    t+4   | +0.2461  +0.1266  -0.1511  +0.3161  +0.2083  -0.3456
[23:43:33] #  947 [bench] e2e=  994.9ms  infer=  991.6ms  cap=  3.2ms
    t+0   | +0.2717  +0.0436  -0.0212  +0.2366  +0.1355  -0.0719
    t+1   | +0.1037  -0.0149  +0.0197  +0.1551  +0.0454  -0.0992
    t+2   | +0.0912  +0.0323  -0.0213  +0.1944  +0.0730  +0.0311
    t+3   | +0.0849  +0.0490  -0.0307  +0.2234  +0.0751  +0.0189
    t+4   | +0.1342  +0.0283  -0.0070  +0.2491  +0.0741  +0.0274
[23:43:34] #  948 [bench] e2e=  973.4ms  infer=  970.4ms  cap=  2.8ms
    t+0   | +0.0430  +0.1895  -0.4291  +0.4833  +0.1752  +0.4778
    t+1   | +0.0687  +0.1329  -0.3600  +0.4448  +0.1524  +0.2195
    t+2   | +0.0192  +0.0825  -0.2715  +0.3872  +0.1759  -0.1108
    t+3   | -0.0045  +0.1046  -0.2240  +0.3237  +0.1383  -0.3864
    t+4   | +0.0290  +0.1050  -0.1769  +0.3093  +0.1429  -0.3515
[23:43:35] #  949 [bench] e2e=  999.9ms  infer=  995.9ms  cap=  3.8ms
    t+0   | +0.0396  +0.0098  -0.0140  +0.1728  +0.1366  -0.1709
    t+1   | -0.0086  +0.0522  -0.0696  +0.1741  +0.1459  -0.1891
    t+2   | -0.0160  +0.0730  -0.1396  +0.1931  +0.1034  -0.0878
    t+3   | +0.0606  +0.0948  -0.1559  +0.2616  +0.0613  +0.1782
    t+4   | +0.0720  +0.0963  -0.1433  +0.2419  +0.0809  +0.1882
[23:43:36] #  950 [bench] e2e=  981.4ms  infer=  979.2ms  cap=  2.0ms
    t+0   | +0.0619  -0.1210  +0.0103  +0.2271  +0.1272  -0.4407
    t+1   | +0.0455  -0.1341  -0.0072  +0.2308  +0.0863  -0.6398
    t+2   | +0.0335  -0.1431  -0.0056  +0.2310  +0.0259  -0.6756
    t+3   | +0.0485  -0.0969  -0.0094  +0.2678  -0.0082  -0.6866
    t+4   | +0.0474  -0.0732  -0.0115  +0.2360  +0.0241  -0.7264
[23:43:37] #  951 [bench] e2e=  974.2ms  infer=  971.5ms  cap=  2.5ms
    t+0   | -0.0149  -0.1588  +0.0205  +0.2000  +0.0121  -0.1187
    t+1   | -0.0508  -0.1349  -0.0271  +0.2308  -0.0329  +0.1456
    t+2   | +0.0193  -0.0331  -0.1397  +0.2564  -0.0366  +0.0697
    t+3   | +0.1211  +0.0084  -0.1798  +0.2682  -0.0371  +0.1015
    t+4   | +0.1165  -0.0091  -0.1215  +0.2775  -0.0633  +0.0946
[23:43:38] #  952 [bench] e2e= 1025.4ms  infer= 1021.5ms  cap=  3.8ms
    t+0   | +0.0890  -0.0186  -0.1313  +0.2604  -0.1242  -0.0188
    t+1   | +0.0128  +0.0643  -0.2403  +0.3017  -0.0531  -0.0855
    t+2   | +0.0096  +0.0970  -0.2215  +0.2802  +0.0108  -0.0381
    t+3   | +0.0478  +0.0741  -0.1925  +0.2670  -0.0012  -0.0325
    t+4   | +0.0437  +0.0494  -0.1422  +0.2594  +0.0069  -0.0142
[23:43:39] #  953 [bench] e2e=  972.1ms  infer=  968.2ms  cap=  3.7ms
    t+0   | +0.1196  -0.1166  +0.0439  +0.1608  +0.0034  -0.4875
    t+1   | +0.1520  -0.0591  -0.0224  +0.2194  -0.0090  -0.0402
    t+2   | +0.0715  -0.0192  -0.0535  +0.2209  -0.0352  -0.0379
    t+3   | +0.0343  -0.0005  -0.0880  +0.2191  -0.0764  -0.0076
    t+4   | +0.0819  +0.0277  -0.1157  +0.2171  -0.0814  +0.1434
[23:43:40] #  954 [bench] e2e=  994.5ms  infer=  990.5ms  cap=  3.8ms
    t+0   | +0.0596  -0.0316  +0.0811  +0.2200  +0.1699  -0.1308
    t+1   | +0.0246  -0.0583  +0.0705  +0.2218  +0.2019  -0.5987
    t+2   | -0.0036  -0.0796  -0.0242  +0.2500  +0.1930  -0.4427
    t+3   | -0.1263  +0.0847  -0.3758  +0.4197  +0.0728  -0.3352
    t+4   | -0.0877  +0.1956  -0.4578  +0.4921  +0.0712  -0.2571
[23:43:41] #  955 [bench] e2e=  995.3ms  infer=  992.1ms  cap=  3.0ms
    t+0   | +0.2622  +0.2407  -0.2562  +0.3474  -0.0994  +0.1259
    t+1   | +0.2345  +0.2086  -0.2115  +0.3191  -0.0892  +0.1879
    t+2   | +0.2511  +0.2465  -0.2265  +0.3131  -0.1174  +0.1466
    t+3   | +0.2455  +0.2639  -0.1992  +0.2876  -0.1302  +0.0606
    t+4   | +0.1933  +0.2452  -0.1882  +0.2806  -0.1632  +0.0459
[23:43:42] #  956 [bench] e2e=  993.5ms  infer=  990.4ms  cap=  2.9ms
    t+0   | +0.0398  +0.0356  -0.1621  +0.2869  -0.0081  -0.5769
    t+1   | +0.0818  +0.0836  -0.1994  +0.3087  +0.0159  -0.3771
    t+2   | +0.1847  +0.1033  -0.2027  +0.3098  +0.0261  -0.0523
    t+3   | +0.1663  +0.1161  -0.1643  +0.3475  +0.0422  -0.0502
    t+4   | +0.1398  +0.1632  -0.2290  +0.3464  +0.1447  -0.1291
[23:43:43] #  957 [bench] e2e=  979.2ms  infer=  975.8ms  cap=  3.1ms
    t+0   | +0.0108  +0.0134  -0.1692  +0.3140  +0.0743  -0.1248
    t+1   | +0.0173  +0.0431  -0.2209  +0.3365  +0.0508  -0.1406
    t+2   | +0.0248  +0.0785  -0.2616  +0.3381  +0.0982  -0.0964
    t+3   | -0.0371  +0.1521  -0.2929  +0.3541  +0.1965  +0.1052
    t+4   | +0.0408  +0.2104  -0.3282  +0.3864  +0.2624  +0.1565
[23:43:44] #  958 [bench] e2e=  975.7ms  infer=  972.7ms  cap=  2.8ms
    t+0   | -0.1894  -0.1251  -0.0494  +0.2276  +0.2702  -0.0047
    t+1   | -0.1189  +0.0111  -0.2607  +0.2881  +0.1143  -0.1093
    t+2   | +0.0134  +0.0463  -0.2596  +0.2916  +0.0304  -0.2629
    t+3   | +0.0320  +0.0657  -0.2580  +0.2833  +0.0290  -0.2425
    t+4   | +0.0125  +0.0586  -0.2021  +0.2957  +0.0924  -0.0099
[23:43:45] #  959 [bench] e2e=  992.6ms  infer=  990.2ms  cap=  2.2ms
    t+0   | -0.1495  -0.1746  +0.0278  +0.0764  -0.0556  -0.3433
    t+1   | -0.1265  -0.1677  +0.0485  +0.0840  +0.0130  -0.4571
    t+2   | -0.1774  -0.2131  -0.0126  +0.1257  +0.0002  -0.4057
    t+3   | -0.1889  -0.2150  -0.0931  +0.1700  -0.0112  -0.3638
    t+4   | -0.1969  -0.2076  -0.0819  +0.1888  +0.0479  -0.3158
[23:43:46] #  960 [bench] e2e=  981.0ms  infer=  978.5ms  cap=  2.4ms
    t+0   | +0.1887  +0.0675  -0.1314  +0.2795  +0.0242  +0.1076
    t+1   | +0.0882  -0.0906  +0.0144  +0.1396  -0.0054  -0.0067
    t+2   | +0.1029  -0.1024  +0.0292  +0.1497  -0.0587  -0.1146
    t+3   | +0.0910  -0.1086  -0.0213  +0.1587  -0.0573  -0.1430
    t+4   | +0.1163  -0.0938  -0.0374  +0.1558  -0.0508  -0.1343
[23:43:47] #  961 [bench] e2e=  972.8ms  infer=  970.5ms  cap=  2.1ms
    t+0   | +0.0027  +0.2262  -0.3483  +0.2996  +0.1171  -0.5647
    t+1   | -0.1218  +0.1650  -0.3247  +0.3006  +0.0410  -0.3919
    t+2   | -0.2076  +0.1090  -0.2750  +0.3118  +0.0187  -0.4055
    t+3   | -0.1555  +0.0766  -0.2661  +0.3047  -0.0220  -0.5190
    t+4   | -0.1666  +0.0725  -0.2588  +0.3005  -0.0759  -0.6303
[23:43:48] #  962 [bench] e2e=  989.0ms  infer=  986.3ms  cap=  2.5ms
    t+0   | +0.1602  +0.1196  -0.0724  +0.2446  +0.0598  -0.6016
    t+1   | +0.1151  +0.1343  -0.1182  +0.2615  +0.0079  -0.3094
    t+2   | +0.0467  +0.1641  -0.1255  +0.2583  -0.0409  +0.0276
    t+3   | -0.0447  +0.1783  -0.1611  +0.2553  -0.1005  +0.4214
    t+4   | -0.0203  +0.1812  -0.1868  +0.2503  -0.0937  +0.3315
[23:43:49] #  963 [bench] e2e=  995.6ms  infer=  992.8ms  cap=  2.6ms
    t+0   | +0.1287  +0.0233  -0.0941  +0.2539  -0.0347  +0.0964
    t+1   | +0.0865  +0.0111  -0.0630  +0.1943  -0.0421  -0.0431
    t+2   | +0.0824  +0.0556  -0.0771  +0.1832  -0.0572  -0.0732
    t+3   | +0.0914  +0.1219  -0.1530  +0.2143  -0.1095  -0.0423
    t+4   | +0.1399  +0.1372  -0.1519  +0.2517  -0.1345  -0.0274
[23:43:50] #  964 [bench] e2e=  975.3ms  infer=  971.8ms  cap=  3.3ms
    t+0   | -0.0766  -0.1476  +0.0765  +0.0815  +0.1439  -0.4741
    t+1   | -0.1376  -0.1021  +0.0161  +0.1106  +0.2250  -0.3335
    t+2   | -0.0555  -0.0625  -0.0427  +0.1929  +0.1130  -0.1882
    t+3   | -0.1700  -0.0481  -0.1862  +0.2666  +0.0927  -0.1759
    t+4   | -0.0704  -0.1085  -0.1594  +0.2545  +0.0311  -0.1823
[23:43:51] #  965 [bench] e2e=  985.3ms  infer=  982.7ms  cap=  2.5ms
    t+0   | -0.0864  +0.1421  -0.2118  +0.3456  -0.1086  +0.4686
    t+1   | -0.2572  +0.1637  -0.3075  +0.3879  -0.1929  +0.0202
    t+2   | -0.2389  +0.1448  -0.3115  +0.4088  -0.1943  -0.0762
    t+3   | -0.1246  +0.0884  -0.2819  +0.3757  -0.1329  +0.0242
    t+4   | -0.0723  +0.1094  -0.3136  +0.3885  -0.1107  +0.2916

  [live] after 960 bench steps — e2e mean=989.1ms  |  max replan freq=1.01 Hz  |  max control freq=5.05 Hz (n_action_steps=5)

[23:43:52] #  966 [bench] e2e=  981.6ms  infer=  978.9ms  cap=  2.5ms
    t+0   | +0.1408  -0.0003  -0.0997  +0.2599  -0.0719  -0.4346
    t+1   | +0.1767  +0.0205  -0.1143  +0.2904  -0.0617  -0.4466
    t+2   | +0.1753  +0.0170  -0.1219  +0.2789  -0.0780  -0.4269
    t+3   | +0.1956  +0.0038  -0.2941  +0.3857  -0.0973  -0.3114
    t+4   | +0.2034  +0.0176  -0.2472  +0.3895  -0.0143  -0.3086
[23:43:53] #  967 [bench] e2e=  974.2ms  infer=  971.0ms  cap=  3.0ms
    t+0   | +0.1527  +0.1143  -0.2654  +0.4230  -0.0989  +1.0410
    t+1   | +0.1413  +0.1111  -0.2313  +0.3522  -0.0403  +0.3252
    t+2   | +0.0691  +0.1342  -0.2554  +0.3300  +0.0274  -0.1060
    t+3   | +0.0558  +0.1498  -0.2873  +0.3505  +0.0773  -0.2820
    t+4   | +0.0591  +0.1716  -0.3137  +0.3813  +0.1431  -0.3805
[23:43:54] #  968 [bench] e2e=  977.8ms  infer=  974.8ms  cap=  2.8ms
    t+0   | +0.1966  +0.1278  -0.2087  +0.3215  -0.0479  -0.0832
    t+1   | +0.1008  +0.0797  -0.1736  +0.3075  -0.1655  -0.2549
    t+2   | +0.0654  +0.0617  -0.1508  +0.2744  -0.0578  -0.4426
    t+3   | +0.0575  +0.0231  -0.1307  +0.2096  -0.0182  -0.5385
    t+4   | +0.0551  +0.0305  -0.1396  +0.2164  -0.0384  -0.5406
[23:43:55] #  969 [bench] e2e=  987.9ms  infer=  985.2ms  cap=  2.5ms
    t+0   | +0.0259  -0.0638  +0.0262  +0.2134  +0.0307  -0.3998
    t+1   | -0.0868  -0.0278  -0.0126  +0.2700  +0.0680  -0.2717
    t+2   | -0.2225  -0.0493  -0.1155  +0.2655  +0.1014  -0.6182
    t+3   | -0.1254  -0.0265  -0.1186  +0.2895  +0.0761  -0.4145
    t+4   | -0.1506  +0.0511  -0.1975  +0.3311  +0.1435  -0.5744
[23:43:56] #  970 [bench] e2e=  975.3ms  infer=  973.0ms  cap=  2.2ms
    t+0   | +0.0762  +0.0077  -0.0564  +0.2000  -0.1032  -0.1670
    t+1   | +0.0384  +0.0023  -0.0479  +0.2139  -0.0753  -0.1407
    t+2   | -0.0596  -0.0728  -0.0372  +0.1942  +0.0357  -0.1725
    t+3   | -0.1265  -0.0965  -0.0119  +0.1658  +0.1745  -0.2160
    t+4   | -0.0746  -0.0652  -0.0413  +0.1851  +0.1507  -0.1684
[23:43:57] #  971 [bench] e2e=  973.3ms  infer=  970.6ms  cap=  2.5ms
    t+0   | +0.2480  +0.0268  -0.1415  +0.3418  +0.1231  +0.2403
    t+1   | +0.2361  +0.0436  -0.1952  +0.3366  +0.0678  +0.1674
    t+2   | +0.2382  +0.1193  -0.2425  +0.3566  +0.1249  +0.2240
    t+3   | +0.2257  +0.1289  -0.2339  +0.3487  +0.1126  +0.2373
    t+4   | +0.1949  +0.1183  -0.1988  +0.3810  +0.1615  +0.3866
[23:43:58] #  972 [bench] e2e=  988.0ms  infer=  985.5ms  cap=  2.3ms
    t+0   | +0.2724  +0.0995  -0.1483  +0.2974  +0.1388  -0.5004
    t+1   | +0.1959  +0.1170  -0.1533  +0.3096  +0.2326  -0.3988
    t+2   | +0.1381  +0.1120  -0.2453  +0.3313  +0.1987  -0.2472
    t+3   | +0.1326  +0.1353  -0.2527  +0.3303  +0.1657  -0.2413
    t+4   | +0.1088  +0.1960  -0.2518  +0.3523  +0.1164  -0.2496
[23:43:59] #  973 [bench] e2e=  996.3ms  infer=  993.0ms  cap=  3.1ms
    t+0   | +0.0503  -0.0590  -0.1403  +0.3170  +0.1300  -0.4323
    t+1   | -0.0524  -0.0486  -0.1757  +0.3527  +0.2922  -0.5982
    t+2   | -0.0434  -0.0633  -0.1581  +0.3605  +0.2720  -0.5330
    t+3   | -0.0874  -0.0556  -0.1702  +0.3767  +0.1622  -0.4125
    t+4   | -0.0740  -0.0318  -0.2017  +0.3728  +0.0496  -0.1497
[23:44:00] #  974 [bench] e2e=  992.1ms  infer=  989.2ms  cap=  2.7ms
    t+0   | -0.0100  -0.2073  +0.0493  +0.2095  +0.0065  -0.1206
    t+1   | -0.1429  -0.2118  +0.0262  +0.1862  -0.0661  -0.1489
    t+2   | -0.1490  -0.1020  -0.0526  +0.1932  +0.0140  -0.2264
    t+3   | -0.2261  +0.1506  -0.2691  +0.2436  +0.1840  -0.2507
    t+4   | -0.2198  +0.2802  -0.5102  +0.3133  -0.0058  -0.3147
[23:44:01] #  975 [bench] e2e=  974.0ms  infer=  971.6ms  cap=  2.3ms
    t+0   | +0.2302  -0.0268  -0.0378  +0.2595  -0.0587  +0.1603
    t+1   | +0.1614  -0.0126  -0.0648  +0.2802  -0.0147  -0.0247
    t+2   | +0.1119  +0.0500  -0.1035  +0.3002  +0.0328  -0.0690
    t+3   | -0.0019  +0.1226  -0.1228  +0.3247  +0.1158  +0.0036
    t+4   | -0.0068  +0.1564  -0.1705  +0.3727  +0.1713  +0.2717
[23:44:02] #  976 [bench] e2e=  991.5ms  infer=  989.0ms  cap=  2.3ms
    t+0   | -0.2502  -0.0908  +0.0491  +0.1334  +0.1916  -0.5502
    t+1   | -0.1281  -0.0157  -0.0375  +0.2027  +0.1836  -0.4593
    t+2   | -0.0739  +0.0307  -0.1239  +0.2466  +0.1937  -0.4465
    t+3   | -0.1466  +0.1012  -0.3887  +0.3024  +0.1492  -0.3901
    t+4   | -0.1121  +0.0728  -0.4496  +0.2879  +0.0665  -0.4778
[23:44:03] #  977 [bench] e2e=  977.1ms  infer=  974.2ms  cap=  2.7ms
    t+0   | +0.2876  +0.0467  -0.1138  +0.3183  +0.0406  -0.1432
    t+1   | +0.3667  +0.1243  -0.1889  +0.4269  +0.2136  -0.1517
    t+2   | +0.2672  +0.2742  -0.2783  +0.4813  +0.3151  -0.0741
    t+3   | +0.2264  +0.3451  -0.3236  +0.4573  +0.2425  +0.0395
    t+4   | +0.1333  +0.3516  -0.4413  +0.4606  +0.1333  +0.0142
[23:44:04] #  978 [bench] e2e=  987.4ms  infer=  984.5ms  cap=  2.7ms
    t+0   | +0.1884  +0.1292  -0.1661  +0.2990  -0.0471  +0.0183
    t+1   | +0.0983  +0.1344  -0.1628  +0.3081  +0.2238  -0.0871
    t+2   | +0.0769  +0.0811  -0.1320  +0.2635  +0.1722  -0.0301
    t+3   | -0.1049  +0.1256  -0.1859  +0.2436  +0.2346  -0.1302
    t+4   | -0.0545  +0.1157  -0.2097  +0.2727  +0.1295  -0.1999
[23:44:05] #  979 [bench] e2e=  973.8ms  infer=  970.8ms  cap=  2.8ms
    t+0   | +0.1246  -0.1454  +0.1033  +0.1296  +0.0154  -0.7334
    t+1   | +0.1147  -0.0399  +0.0081  +0.1941  +0.0374  -0.6747
    t+2   | +0.1212  +0.0195  -0.0707  +0.2195  +0.0110  -0.5756
    t+3   | +0.1289  +0.1378  -0.1630  +0.2208  -0.0026  -0.4063
    t+4   | +0.1154  +0.2740  -0.2217  +0.2436  +0.0314  -0.3948
[23:44:06] #  980 [bench] e2e=  976.1ms  infer=  973.2ms  cap=  2.7ms
    t+0   | +0.1780  -0.0298  +0.0650  +0.2074  -0.0276  +0.1315
    t+1   | +0.0370  -0.1056  +0.0612  +0.2070  -0.0301  -0.0381
    t+2   | -0.0647  -0.1531  +0.0896  +0.2028  -0.0246  -0.0201
    t+3   | -0.0559  -0.0986  +0.0502  +0.2508  -0.0243  -0.0429
    t+4   | -0.0909  -0.1060  +0.0605  +0.1689  -0.0499  -0.4722
[23:44:07] #  981 [bench] e2e=  989.2ms  infer=  986.3ms  cap=  2.7ms
    t+0   | +0.2577  +0.1019  -0.2443  +0.3760  -0.0032  +0.0555
    t+1   | +0.2232  +0.1889  -0.3083  +0.4209  -0.0140  +0.1680
    t+2   | +0.1910  +0.2045  -0.3131  +0.3905  -0.0595  +0.1742
    t+3   | +0.1375  +0.2179  -0.2837  +0.3885  -0.1003  +0.1786
    t+4   | +0.1116  +0.2436  -0.2815  +0.3985  -0.1213  +0.1519
[23:44:08] #  982 [bench] e2e=  978.0ms  infer=  974.9ms  cap=  3.0ms
    t+0   | -0.2212  -0.1944  +0.1392  +0.1003  -0.1544  -0.0679
    t+1   | -0.1783  -0.1183  +0.0847  +0.1162  -0.0637  -0.1570
    t+2   | -0.1341  -0.0647  +0.0301  +0.1471  -0.0397  -0.1439
    t+3   | -0.0804  -0.0668  +0.0036  +0.1407  +0.0177  -0.1700
    t+4   | -0.0173  -0.1080  +0.0237  +0.1402  +0.1221  -0.2505
[23:44:09] #  983 [bench] e2e=  990.3ms  infer=  987.8ms  cap=  2.3ms
    t+0   | -0.0197  +0.0209  -0.2952  +0.3937  -0.1841  +0.1514
    t+1   | +0.0028  -0.0176  -0.2768  +0.3324  -0.0876  -0.0418
    t+2   | +0.0146  -0.0026  -0.2638  +0.3168  -0.0490  -0.0381
    t+3   | +0.0273  +0.0069  -0.2500  +0.2970  -0.0233  -0.1834
    t+4   | -0.0039  -0.0163  -0.2397  +0.2901  -0.0266  -0.3348
[23:44:10] #  984 [bench] e2e=  973.6ms  infer=  970.7ms  cap=  2.7ms
    t+0   | +0.1039  -0.1919  +0.0424  +0.1998  +0.0746  -0.2812
    t+1   | +0.0173  -0.0989  -0.0074  +0.2227  +0.1966  -0.7115
    t+2   | +0.0348  -0.0714  -0.0204  +0.2303  +0.1817  -0.6375
    t+3   | +0.0164  -0.0354  -0.1049  +0.2636  +0.2029  -0.5471
    t+4   | +0.0386  +0.0405  -0.1674  +0.2770  +0.2096  -0.4699
[23:44:11] #  985 [bench] e2e=  993.3ms  infer=  990.2ms  cap=  2.8ms
    t+0   | +0.1357  -0.1066  +0.0216  +0.2589  -0.0353  +0.1645
    t+1   | +0.0749  -0.0265  -0.0673  +0.2922  +0.0142  +0.1719
    t+2   | +0.0739  +0.0237  -0.1087  +0.2849  +0.0261  +0.1234
    t+3   | +0.1305  +0.0288  -0.0944  +0.2673  +0.0418  -0.0139
    t+4   | +0.0574  +0.0962  -0.1327  +0.2853  +0.0397  -0.0433

  [live] after 980 bench steps — e2e mean=989.0ms  |  max replan freq=1.01 Hz  |  max control freq=5.06 Hz (n_action_steps=5)

[23:44:12] #  986 [bench] e2e=  997.1ms  infer=  993.9ms  cap=  3.0ms
    t+0   | +0.2106  -0.0301  -0.0422  +0.2298  -0.0474  -0.1701
    t+1   | +0.2812  +0.1355  -0.2093  +0.3278  -0.0547  -0.0778
    t+2   | +0.2923  +0.2477  -0.2870  +0.3376  -0.1106  +0.1033
    t+3   | +0.3275  +0.2974  -0.3174  +0.3305  -0.0999  +0.3303
    t+4   | +0.3447  +0.2571  -0.2939  +0.3054  -0.0922  +0.3295
[23:44:13] #  987 [bench] e2e= 1019.1ms  infer= 1015.8ms  cap=  3.1ms
    t+0   | +0.2320  +0.1674  -0.3729  +0.4396  +0.1341  -0.2128
    t+1   | +0.2194  +0.1196  -0.3129  +0.3835  +0.1262  -0.1967
    t+2   | +0.1367  +0.1078  -0.2092  +0.3432  +0.1501  -0.1857
    t+3   | +0.0956  +0.1304  -0.2192  +0.3545  +0.1436  -0.2026
    t+4   | +0.1098  +0.1325  -0.2466  +0.3656  +0.1757  -0.1367
[23:44:14] #  988 [bench] e2e=  999.9ms  infer=  998.0ms  cap=  1.7ms
    t+0   | -0.0875  -0.2423  +0.0960  +0.1852  -0.2193  -0.5894
    t+1   | -0.0269  -0.1400  -0.0185  +0.2471  -0.1780  -0.3993
    t+2   | -0.0465  -0.1220  -0.0336  +0.2102  +0.0022  -0.1503
    t+3   | -0.0650  -0.0585  -0.0666  +0.2124  -0.0048  +0.3587
    t+4   | -0.0831  -0.0685  -0.0397  +0.1767  +0.2196  +0.1045
[23:44:15] #  989 [bench] e2e=  993.5ms  infer=  990.6ms  cap=  2.7ms
    t+0   | +0.0580  +0.1050  -0.2385  +0.3031  -0.0609  -0.0844
    t+1   | -0.1079  +0.1217  -0.2291  +0.2988  -0.0362  -0.1063
    t+2   | -0.0293  +0.0478  -0.1851  +0.2792  -0.0541  +0.1025
    t+3   | -0.0053  +0.0551  -0.1564  +0.2989  -0.0238  +0.1687
    t+4   | -0.0069  +0.0832  -0.1461  +0.3150  +0.0913  +0.1794
[23:44:16] #  990 [bench] e2e=  992.2ms  infer=  988.9ms  cap=  3.1ms
    t+0   | +0.1347  +0.1684  -0.2745  +0.3230  +0.1106  +0.0585
    t+1   | +0.0122  +0.1839  -0.3179  +0.2809  -0.0379  -0.1085
    t+2   | +0.0036  +0.1275  -0.2561  +0.2697  +0.0757  -0.2950
    t+3   | -0.0279  +0.1650  -0.2865  +0.2916  +0.0468  -0.3596
    t+4   | -0.0039  +0.1728  -0.2962  +0.3080  +0.0349  -0.3187
[23:44:17] #  991 [bench] e2e=  995.2ms  infer=  992.1ms  cap=  2.9ms
    t+0   | +0.1778  -0.0488  -0.0559  +0.2621  -0.0820  +0.0889
    t+1   | +0.1467  -0.0208  -0.0697  +0.2865  -0.0630  -0.0806
    t+2   | +0.1312  -0.0014  -0.0834  +0.3173  -0.0751  -0.1755
    t+3   | +0.1168  +0.0012  -0.1393  +0.3067  -0.0707  -0.4704
    t+4   | +0.1257  +0.0015  -0.1876  +0.2857  -0.1240  -0.3580
[23:44:18] #  992 [bench] e2e=  993.2ms  infer=  989.6ms  cap=  3.4ms
    t+0   | +0.0235  +0.0146  -0.1116  +0.2415  +0.0513  -0.4003
    t+1   | -0.0015  +0.0433  -0.1526  +0.2228  +0.0509  -0.4179
    t+2   | -0.0193  +0.0377  -0.1534  +0.2270  +0.0506  -0.3745
    t+3   | +0.0152  +0.0744  -0.1492  +0.2644  +0.0444  -0.2994
    t+4   | +0.0673  +0.0381  -0.1684  +0.2509  +0.1115  -0.2886
[23:44:19] #  993 [bench] e2e= 1012.5ms  infer= 1009.2ms  cap=  3.2ms
    t+0   | +0.2010  -0.0259  +0.0357  +0.1925  +0.0762  -0.5698
    t+1   | +0.1991  +0.0217  +0.0151  +0.1966  +0.0721  -0.4800
    t+2   | +0.1877  +0.0629  -0.0041  +0.2164  +0.1335  -0.6530
    t+3   | +0.1556  +0.0916  -0.0181  +0.2486  +0.2109  -0.6773
    t+4   | +0.1000  +0.0606  -0.0853  +0.2428  +0.2084  -0.6204
[23:44:20] #  994 [bench] e2e=  989.6ms  infer=  986.2ms  cap=  3.2ms
    t+0   | -0.1030  +0.0149  -0.1832  +0.2867  -0.1725  -0.0543
    t+1   | -0.0833  -0.0370  -0.1040  +0.2419  -0.0929  -0.0829
    t+2   | -0.0624  -0.1648  +0.0242  +0.1466  -0.0374  -0.1486
    t+3   | -0.0443  -0.1823  +0.0216  +0.1389  -0.0468  -0.1619
    t+4   | -0.0378  -0.1551  +0.0319  +0.1349  -0.0494  -0.1849
[23:44:21] #  995 [bench] e2e= 1006.9ms  infer= 1001.9ms  cap=  4.9ms
    t+0   | +0.2708  +0.1496  -0.1706  +0.3178  -0.0478  +0.6245
    t+1   | +0.1841  +0.1472  -0.1946  +0.2933  -0.1119  +0.2716
    t+2   | +0.1377  +0.0915  -0.1816  +0.2823  -0.1671  -0.0028
    t+3   | +0.0869  +0.0523  -0.1229  +0.2332  -0.2006  -0.3117
    t+4   | +0.1016  +0.0591  -0.0451  +0.1973  -0.2296  -0.5738
[23:44:22] #  996 [bench] e2e=  979.6ms  infer=  976.4ms  cap=  3.0ms
    t+0   | +0.0668  -0.0161  -0.2039  +0.3327  +0.0302  -0.2305
    t+1   | +0.0900  +0.0174  -0.2292  +0.3108  +0.0064  -0.0232
    t+2   | +0.0742  +0.0189  -0.1960  +0.2740  +0.0681  -0.0163
    t+3   | +0.0938  +0.0244  -0.1707  +0.2757  +0.0650  -0.0445
    t+4   | +0.0934  -0.0046  -0.1709  +0.2582  +0.0623  -0.1362
[23:44:22] #  997 [bench] e2e=  988.8ms  infer=  985.2ms  cap=  3.3ms
    t+0   | +0.2682  +0.1673  -0.2404  +0.3433  -0.0342  +0.0418
    t+1   | +0.2347  +0.1407  -0.2233  +0.3384  -0.0205  -0.0587
    t+2   | +0.1474  +0.1697  -0.2851  +0.3746  -0.0200  -0.1121
    t+3   | +0.1103  +0.0822  -0.2178  +0.3258  -0.0768  -0.0744
    t+4   | +0.0868  +0.0542  -0.1926  +0.3070  -0.0720  -0.0174
[23:44:24] #  998 [bench] e2e= 1005.5ms  infer= 1002.7ms  cap=  2.6ms
    t+0   | +0.1708  -0.0330  -0.0849  +0.2335  +0.2913  +0.0735
    t+1   | +0.1419  -0.0159  -0.1381  +0.2421  +0.2395  +0.1713
    t+2   | +0.1305  +0.0622  -0.2048  +0.2534  +0.2107  +0.0488
    t+3   | +0.1138  +0.0862  -0.1857  +0.2850  +0.1506  +0.1138
    t+4   | +0.0504  +0.1173  -0.2054  +0.3065  +0.1066  +0.0287
[23:44:24] #  999 [bench] e2e=  994.7ms  infer=  990.6ms  cap=  3.8ms
    t+0   | +0.0077  +0.0232  -0.1465  +0.2991  +0.1465  +0.0164
    t+1   | +0.0000  +0.0056  -0.1860  +0.2647  +0.2246  -0.3821
    t+2   | -0.0507  +0.0138  -0.2032  +0.2191  +0.2238  -0.6164
    t+3   | -0.0764  +0.0003  -0.2280  +0.2070  +0.1756  -0.6642
    t+4   | -0.0780  +0.0038  -0.2025  +0.1846  +0.1619  -0.6518
[23:44:25] # 1000 [bench] e2e= 1001.2ms  infer=  998.4ms  cap=  2.7ms
    t+0   | +0.0815  -0.0823  -0.0058  +0.2048  +0.0714  -0.1594
    t+1   | +0.0755  -0.0904  -0.0111  +0.1935  +0.0624  -0.1603
    t+2   | +0.0515  -0.0824  +0.0118  +0.2085  +0.0865  -0.1923
    t+3   | +0.0238  -0.0673  +0.0185  +0.2146  +0.0903  -0.3483
    t+4   | +0.0508  -0.0119  -0.0323  +0.2449  +0.0889  -0.3491
[23:44:26] # 1001 [bench] e2e=  982.1ms  infer=  978.8ms  cap=  3.2ms
    t+0   | +0.1693  +0.1309  -0.2047  +0.3390  +0.2108  +0.5018
    t+1   | +0.1613  +0.0542  -0.1876  +0.3063  +0.1975  +0.2248
    t+2   | +0.1792  +0.0223  -0.2184  +0.2846  +0.1579  +0.1218
    t+3   | +0.1779  +0.0332  -0.2169  +0.2704  +0.1818  +0.0785
    t+4   | +0.1583  +0.0222  -0.1755  +0.2738  +0.1387  +0.0219
[23:44:27] # 1002 [bench] e2e=  984.7ms  infer=  981.3ms  cap=  3.2ms
    t+0   | +0.2089  +0.1148  -0.2150  +0.3491  +0.0363  +0.1559
    t+1   | +0.1231  +0.1565  -0.2505  +0.3583  +0.0144  -0.0854
    t+2   | +0.0379  +0.2384  -0.2573  +0.3234  -0.0032  -0.2653
    t+3   | -0.0049  +0.3256  -0.3736  +0.3770  +0.0537  -0.1709
    t+4   | +0.0225  +0.3314  -0.4340  +0.4301  +0.1712  -0.1211
[23:44:28] # 1003 [bench] e2e=  999.4ms  infer=  996.0ms  cap=  3.2ms
    t+0   | +0.2106  +0.0750  -0.0991  +0.2919  +0.1266  +0.1279
    t+1   | +0.2055  +0.0435  -0.1231  +0.2955  +0.1134  +0.0665
    t+2   | +0.1880  -0.0010  -0.0987  +0.3164  +0.0797  +0.0800
    t+3   | +0.0712  -0.0035  -0.0981  +0.3525  +0.2033  +0.0532
    t+4   | -0.0043  +0.0326  -0.1061  +0.3621  +0.3081  +0.3349
[23:44:29] # 1004 [bench] e2e=  986.2ms  infer=  982.9ms  cap=  3.1ms
    t+0   | -0.0601  -0.1070  +0.0194  +0.1542  +0.1260  -0.6035
    t+1   | -0.0966  -0.1139  +0.0521  +0.1292  +0.1210  -0.6216
    t+2   | -0.0966  -0.1234  +0.0837  +0.1586  +0.1590  -0.6083
    t+3   | -0.1604  -0.1892  +0.1342  +0.1404  +0.1740  -0.5633
    t+4   | -0.2196  -0.2873  +0.1849  +0.0647  +0.2380  -0.5461
[23:44:30] # 1005 [bench] e2e= 1002.1ms  infer=  998.9ms  cap=  3.1ms
    t+0   | +0.2997  +0.0849  -0.2114  +0.3704  -0.0499  -0.3119
    t+1   | +0.2884  +0.1453  -0.2215  +0.3732  -0.0340  -0.4031
    t+2   | +0.2646  +0.1603  -0.2152  +0.3239  -0.0441  -0.2485
    t+3   | +0.2168  +0.1941  -0.2381  +0.3258  -0.0513  -0.2620
    t+4   | +0.2128  +0.1658  -0.2438  +0.3594  -0.0190  -0.2572

  [live] after 1000 bench steps — e2e mean=989.1ms  |  max replan freq=1.01 Hz  |  max control freq=5.05 Hz (n_action_steps=5)

[23:44:31] # 1006 [bench] e2e=  984.8ms  infer=  982.0ms  cap=  2.6ms
    t+0   | +0.0979  +0.0440  -0.1122  +0.2612  -0.0497  +0.1090
    t+1   | +0.1142  +0.1135  -0.1317  +0.2622  -0.0572  +0.1665
    t+2   | +0.1199  +0.1284  -0.1012  +0.2597  -0.0472  +0.0475
    t+3   | +0.0529  +0.1153  -0.1160  +0.2526  -0.0482  -0.0696
    t+4   | +0.0345  +0.1269  -0.1121  +0.2504  -0.0420  -0.2917
[23:44:32] # 1007 [bench] e2e=  996.3ms  infer=  993.5ms  cap=  2.7ms
    t+0   | +0.2130  +0.1077  -0.1964  +0.3347  -0.0289  +0.0676
    t+1   | +0.1552  +0.0680  -0.1868  +0.3162  -0.0684  -0.1850
    t+2   | +0.1028  +0.0996  -0.1689  +0.3194  -0.0805  -0.3412
    t+3   | +0.1080  +0.0852  -0.1896  +0.2767  -0.0454  -0.3432
    t+4   | +0.1243  +0.0994  -0.1552  +0.2992  -0.0153  -0.2880
[23:44:33] # 1008 [bench] e2e=  987.6ms  infer=  984.8ms  cap=  2.6ms
    t+0   | +0.0367  -0.0062  +0.0222  +0.1535  +0.0323  -0.1401
    t+1   | +0.0376  +0.0319  -0.0292  +0.1690  +0.0392  -0.2918
    t+2   | +0.0270  +0.0671  -0.1587  +0.1943  +0.0225  -0.3829
    t+3   | -0.0009  +0.0809  -0.1505  +0.1948  +0.0286  -0.4680
    t+4   | +0.0035  +0.0593  -0.1353  +0.1808  +0.0212  -0.5283
[23:44:34] # 1009 [bench] e2e=  982.6ms  infer=  979.7ms  cap=  2.8ms
    t+0   | +0.2558  +0.1762  -0.3808  +0.4272  +0.1131  -0.0878
    t+1   | +0.2155  +0.1556  -0.2764  +0.3285  +0.2404  -0.5571
    t+2   | +0.1808  +0.1270  -0.1724  +0.2688  +0.2744  -0.5951
    t+3   | +0.1654  +0.1650  -0.2025  +0.2930  +0.2279  -0.6350
    t+4   | +0.1400  +0.1322  -0.1331  +0.2694  +0.2146  -0.7679
[23:44:35] # 1010 [bench] e2e=  999.0ms  infer=  996.0ms  cap=  2.8ms
    t+0   | -0.0864  -0.0077  -0.1900  +0.2275  +0.0719  -0.3945
    t+1   | +0.0066  +0.0734  -0.2486  +0.2431  +0.0420  -0.2517
    t+2   | +0.0106  +0.1219  -0.2932  +0.2601  +0.0961  -0.2443
    t+3   | +0.0251  +0.1132  -0.2940  +0.2538  +0.0873  -0.2608
    t+4   | +0.0015  +0.0735  -0.2751  +0.2990  +0.0645  -0.3095
[23:44:36] # 1011 [bench] e2e=  996.6ms  infer=  993.9ms  cap=  2.5ms
    t+0   | +0.1348  +0.0134  -0.0738  +0.2413  -0.1037  +0.0465
    t+1   | +0.1340  +0.0291  -0.1147  +0.2748  -0.0884  -0.0647
    t+2   | +0.1038  +0.0460  -0.1383  +0.3047  -0.0778  -0.1306
    t+3   | +0.0716  +0.0464  -0.0868  +0.3131  -0.0578  -0.3584
    t+4   | +0.0753  +0.0742  -0.1258  +0.3150  -0.0118  -0.2550
[23:44:37] # 1012 [bench] e2e=  998.5ms  infer=  995.7ms  cap=  2.5ms
    t+0   | +0.0493  -0.0493  -0.0370  +0.2641  +0.0267  -0.1266
    t+1   | +0.0313  -0.0705  +0.0045  +0.2962  +0.0896  -0.1576
    t+2   | -0.0081  -0.1639  +0.0361  +0.2725  +0.1432  -0.2397
    t+3   | -0.0524  -0.2186  +0.0555  +0.2554  +0.1501  -0.3223
    t+4   | -0.0860  -0.1933  -0.0014  +0.2534  +0.1366  -0.3551
[23:44:38] # 1013 [bench] e2e=  993.9ms  infer=  991.2ms  cap=  2.5ms
    t+0   | +0.1800  +0.0193  -0.1220  +0.2662  +0.0920  -0.2274
    t+1   | +0.1490  +0.0771  -0.1696  +0.2938  +0.0261  -0.1634
    t+2   | +0.1497  +0.1256  -0.2035  +0.2809  -0.0228  -0.1546
    t+3   | +0.1704  +0.1209  -0.2163  +0.2637  -0.0173  -0.0971
    t+4   | +0.1997  +0.1164  -0.1883  +0.2614  -0.0458  +0.1613
[23:44:39] # 1014 [bench] e2e= 1025.1ms  infer= 1022.4ms  cap=  2.6ms
    t+0   | +0.2782  +0.0891  -0.1298  +0.3881  +0.2961  -0.0137
    t+1   | +0.2397  +0.0443  -0.0947  +0.3566  +0.2248  -0.0588
    t+2   | +0.1715  +0.0283  -0.0578  +0.3693  +0.2555  -0.1319
    t+3   | +0.0727  -0.0149  -0.0583  +0.3456  +0.2171  -0.1466
    t+4   | +0.0331  -0.0406  -0.0347  +0.3502  +0.1590  -0.1504
[23:44:40] # 1015 [bench] e2e=  997.6ms  infer=  995.2ms  cap=  2.3ms
    t+0   | +0.1810  +0.0907  -0.2074  +0.3824  -0.1203  -0.1225
    t+1   | +0.2277  +0.1923  -0.2826  +0.4217  +0.1496  -0.1518
    t+2   | +0.2138  +0.1707  -0.2630  +0.3603  +0.1535  -0.1507
    t+3   | +0.1130  +0.1901  -0.2738  +0.3540  +0.1519  -0.4245
    t+4   | +0.1261  +0.1764  -0.2460  +0.3465  +0.1574  -0.3708
[23:44:41] # 1016 [bench] e2e=  994.2ms  infer=  992.0ms  cap=  2.0ms
    t+0   | +0.2910  +0.1956  -0.3655  +0.4824  +0.1079  -0.1274
    t+1   | +0.3123  +0.2607  -0.3752  +0.4748  +0.1571  -0.0907
    t+2   | +0.3086  +0.2955  -0.3318  +0.4355  +0.1058  +0.0681
    t+3   | +0.3032  +0.3227  -0.3358  +0.4031  +0.0966  +0.0409
    t+4   | +0.2688  +0.3319  -0.3210  +0.3874  +0.1352  -0.0085
[23:44:42] # 1017 [bench] e2e=  995.5ms  infer=  992.8ms  cap=  2.6ms
    t+0   | +0.1734  +0.1313  -0.2259  +0.3041  +0.0929  +0.0872
    t+1   | +0.1419  +0.0991  -0.1872  +0.2826  +0.0879  +0.0077
    t+2   | +0.0737  +0.0516  -0.1485  +0.2750  +0.0696  -0.1462
    t+3   | +0.0877  +0.0390  -0.1218  +0.2908  +0.0675  -0.1315
    t+4   | +0.0716  +0.0349  -0.1376  +0.2615  +0.0637  -0.1098
[23:44:43] # 1018 [bench] e2e=  999.8ms  infer=  997.0ms  cap=  2.5ms
    t+0   | +0.1662  -0.0293  -0.0827  +0.2775  -0.0922  +0.0710
    t+1   | +0.1129  -0.0208  -0.0997  +0.2615  -0.0604  +0.0665
    t+2   | +0.0553  -0.0114  -0.1179  +0.2581  -0.0518  -0.0844
    t+3   | +0.0553  +0.0021  -0.0820  +0.3110  -0.0439  -0.1347
    t+4   | +0.0871  -0.0110  -0.0834  +0.2841  -0.0330  -0.1405
[23:44:44] # 1019 [bench] e2e=  998.3ms  infer=  995.5ms  cap=  2.6ms
    t+0   | -0.0554  +0.0345  -0.2208  +0.3298  -0.2294  -0.0326
    t+1   | +0.0236  +0.0220  -0.2176  +0.3382  -0.1788  -0.1470
    t+2   | +0.0110  +0.0612  -0.2356  +0.3581  -0.1389  -0.3144
    t+3   | +0.0646  +0.0865  -0.2546  +0.3669  -0.1267  -0.2467
    t+4   | +0.0850  +0.1343  -0.2902  +0.3665  -0.0789  -0.2698
[23:44:45] # 1020 [bench] e2e=  982.9ms  infer=  979.1ms  cap=  3.6ms
    t+0   | -0.0429  -0.0176  -0.1478  +0.3005  +0.0604  -0.1266
    t+1   | -0.0294  +0.0319  -0.1959  +0.3100  +0.0636  -0.1588
    t+2   | +0.0005  +0.0409  -0.1689  +0.2820  +0.1115  -0.1318
    t+3   | -0.0224  +0.0573  -0.1387  +0.3038  +0.1287  -0.0488
    t+4   | -0.0018  +0.0732  -0.1422  +0.3141  +0.1118  -0.1089
[23:44:46] # 1021 [bench] e2e= 1008.3ms  infer= 1004.9ms  cap=  3.1ms
    t+0   | +0.3273  +0.1138  -0.1379  +0.3314  -0.1855  +0.5879
    t+1   | +0.2697  +0.1413  -0.1818  +0.3599  -0.1115  +0.2399
    t+2   | +0.1497  +0.1153  -0.2064  +0.3225  -0.0531  -0.0331
    t+3   | +0.0902  +0.0944  -0.1597  +0.3134  -0.0017  -0.4528
    t+4   | +0.0484  +0.0739  -0.1484  +0.3487  +0.0400  -0.4269
[23:44:47] # 1022 [bench] e2e= 1000.1ms  infer=  997.3ms  cap=  2.6ms
    t+0   | +0.1066  -0.0391  -0.2179  +0.3515  -0.0055  -0.4093
    t+1   | +0.0301  -0.0230  -0.2919  +0.3473  +0.0762  -0.4452
    t+2   | +0.0045  -0.0910  -0.1978  +0.2911  +0.0526  -0.4038
    t+3   | -0.0968  -0.1323  -0.1005  +0.2881  +0.0260  -0.3862
    t+4   | -0.0967  -0.1346  -0.1036  +0.2613  -0.0353  -0.1417
[23:44:48] # 1023 [bench] e2e=  993.3ms  infer=  990.3ms  cap=  2.8ms
    t+0   | +0.1792  +0.0579  -0.0799  +0.2952  +0.0678  -0.3029
    t+1   | +0.1202  +0.0565  -0.0822  +0.2873  +0.0198  -0.2463
    t+2   | +0.0814  +0.0565  -0.0742  +0.2955  -0.0157  -0.2276
    t+3   | +0.0405  +0.1209  -0.1509  +0.3254  -0.0229  -0.2389
    t+4   | +0.0502  +0.1679  -0.2179  +0.3718  -0.0004  +0.0046
[23:44:49] # 1024 [bench] e2e= 1001.0ms  infer=  997.9ms  cap=  2.9ms
    t+0   | +0.2127  +0.0684  -0.2088  +0.3012  -0.1640  -0.0224
    t+1   | +0.1391  +0.1143  -0.2588  +0.3048  -0.2144  -0.1141
    t+2   | +0.1226  +0.1142  -0.2533  +0.2833  -0.1629  -0.1811
    t+3   | +0.0759  +0.1056  -0.2656  +0.2793  -0.1025  -0.2042
    t+4   | +0.0744  +0.0806  -0.2565  +0.3202  +0.1869  -0.2110
[23:44:50] # 1025 [bench] e2e= 1000.1ms  infer=  996.3ms  cap=  3.7ms
    t+0   | +0.2594  +0.0768  -0.1328  +0.3553  +0.1673  +0.0216
    t+1   | +0.2515  +0.0970  -0.1698  +0.3774  +0.1586  +0.1106
    t+2   | +0.2516  +0.0709  -0.1883  +0.3734  +0.1189  +0.0652
    t+3   | +0.2101  +0.0358  -0.1128  +0.3479  +0.0770  -0.1170
    t+4   | +0.1760  +0.0170  -0.0756  +0.3317  +0.0931  -0.2771

  [live] after 1020 bench steps — e2e mean=989.3ms  |  max replan freq=1.01 Hz  |  max control freq=5.05 Hz (n_action_steps=5)

[23:44:51] # 1026 [bench] e2e=  990.1ms  infer=  987.8ms  cap=  2.2ms
    t+0   | +0.1540  +0.0868  -0.1147  +0.3285  +0.0637  +0.3383
    t+1   | +0.0845  +0.1049  -0.1173  +0.3288  +0.1360  +0.2243
    t+2   | +0.0576  +0.0754  -0.1264  +0.3122  +0.1583  +0.1841
    t+3   | +0.1003  +0.0492  -0.0740  +0.2770  +0.1008  +0.1772
    t+4   | +0.1294  +0.0651  -0.0517  +0.2856  +0.0067  +0.1532
[23:44:52] # 1027 [bench] e2e=  996.4ms  infer=  993.4ms  cap=  2.9ms
    t+0   | -0.0100  +0.0810  -0.1273  +0.2688  +0.1213  -0.4957
    t+1   | +0.0200  +0.0481  -0.0967  +0.2607  +0.0589  -0.3082
    t+2   | +0.0072  +0.0368  -0.0904  +0.2558  +0.0245  -0.2856
    t+3   | +0.0344  +0.0776  -0.1249  +0.2795  +0.0122  -0.2700
    t+4   | +0.0157  +0.0565  -0.1386  +0.2681  +0.0245  -0.3553
[23:44:53] # 1028 [bench] e2e=  994.4ms  infer=  991.0ms  cap=  3.2ms
    t+0   | +0.1650  +0.0346  -0.0953  +0.3002  -0.0251  +0.1192
    t+1   | +0.0951  -0.0097  -0.0786  +0.2922  +0.0257  -0.0380
    t+2   | +0.0464  -0.0674  -0.0543  +0.3089  +0.0823  -0.0670
    t+3   | +0.0486  -0.0733  -0.0176  +0.2955  +0.0500  -0.0505
    t+4   | +0.0185  -0.0582  -0.0057  +0.3062  +0.0784  -0.0686
[23:44:54] # 1029 [bench] e2e=  990.6ms  infer=  987.8ms  cap=  2.7ms
    t+0   | +0.1358  -0.0083  -0.1202  +0.2976  +0.0713  -0.5918
    t+1   | +0.0725  -0.0322  -0.1232  +0.2920  +0.0477  -0.5133
    t+2   | +0.0554  -0.0095  -0.1470  +0.3299  +0.0310  -0.4694
    t+3   | +0.1232  +0.0194  -0.1622  +0.3501  +0.0154  -0.2123
    t+4   | +0.0677  +0.0541  -0.1727  +0.3320  +0.0078  -0.1695
[23:44:55] # 1030 [bench] e2e= 1002.1ms  infer=  998.5ms  cap=  3.4ms
    t+0   | +0.0131  -0.1283  +0.0199  +0.1811  -0.0386  -0.5418
    t+1   | -0.0041  -0.1054  -0.0350  +0.2196  -0.0897  -0.3246
    t+2   | -0.0380  -0.1187  -0.0438  +0.2021  -0.1150  -0.1609
    t+3   | -0.0317  -0.1203  -0.0322  +0.1885  -0.1561  -0.1706
    t+4   | -0.0281  -0.0965  -0.0442  +0.2151  -0.1557  -0.1783
[23:44:56] # 1031 [bench] e2e=  997.1ms  infer=  993.7ms  cap=  3.2ms
    t+0   | +0.1123  +0.1511  -0.1720  +0.3388  +0.2863  -0.1497
    t+1   | +0.1549  +0.1805  -0.1912  +0.3600  +0.2197  +0.0388
    t+2   | +0.1083  +0.2150  -0.2307  +0.3852  +0.2201  +0.0360
    t+3   | +0.0739  +0.2299  -0.2439  +0.3906  +0.1567  -0.1642
    t+4   | +0.0865  +0.2324  -0.2919  +0.3767  +0.1416  -0.0883
[23:44:57] # 1032 [bench] e2e=  999.3ms  infer=  996.7ms  cap=  2.4ms
    t+0   | +0.0129  +0.0053  -0.1579  +0.3040  +0.0131  -0.2600
    t+1   | +0.0618  -0.0337  -0.1189  +0.2845  +0.0420  -0.2265
    t+2   | +0.0494  -0.0730  -0.0634  +0.2547  +0.0230  -0.1577
    t+3   | +0.0208  -0.0869  -0.0573  +0.2129  -0.0074  -0.1546
    t+4   | +0.0117  -0.0855  -0.0531  +0.2038  -0.0009  -0.2900
[23:44:58] # 1033 [bench] e2e=  996.5ms  infer=  993.6ms  cap=  2.7ms
    t+0   | +0.1538  -0.0365  -0.0555  +0.2598  +0.0871  -0.2242
    t+1   | +0.1132  -0.0283  -0.0465  +0.2594  +0.1478  -0.2397
    t+2   | +0.0783  -0.0110  -0.0605  +0.3083  +0.1947  -0.2287
    t+3   | +0.0274  +0.0338  -0.1215  +0.3237  +0.3469  -0.2732
    t+4   | +0.0080  +0.1129  -0.1760  +0.3721  +0.3899  -0.4513
[23:44:59] # 1034 [bench] e2e=  992.6ms  infer=  990.3ms  cap=  2.2ms
    t+0   | +0.2135  +0.1122  -0.2688  +0.4150  +0.1657  -0.2247
    t+1   | +0.1725  +0.0797  -0.2294  +0.3789  +0.1127  -0.3363
    t+2   | +0.1345  +0.0141  -0.1832  +0.3207  +0.0988  -0.3573
    t+3   | +0.1116  +0.0405  -0.1245  +0.3293  +0.1098  -0.3754
    t+4   | +0.1075  +0.0158  -0.1167  +0.3084  +0.1191  -0.3970
[23:45:00] # 1035 [bench] e2e=  995.4ms  infer=  992.1ms  cap=  3.1ms
    t+0   | +0.1869  +0.0965  -0.1373  +0.3005  +0.0098  -0.0882
    t+1   | +0.2318  +0.1507  -0.1505  +0.2954  +0.0678  -0.2569
    t+2   | +0.2215  +0.1475  -0.1557  +0.2851  +0.1137  -0.3024
    t+3   | +0.1765  +0.1430  -0.2290  +0.2865  +0.1197  -0.1156
    t+4   | +0.1674  +0.1523  -0.2486  +0.2968  +0.1343  +0.0438
[23:45:01] # 1036 [bench] e2e=  997.9ms  infer=  994.7ms  cap=  3.1ms
    t+0   | +0.0541  +0.0433  -0.1102  +0.2886  -0.0356  +0.0123
    t+1   | -0.0028  +0.0124  -0.0963  +0.2744  -0.0873  -0.0860
    t+2   | +0.0399  +0.0027  -0.0554  +0.2889  -0.1152  -0.0991
    t+3   | +0.0756  -0.0195  -0.0372  +0.2803  -0.1234  -0.0274
    t+4   | +0.0398  -0.0255  -0.0470  +0.2601  -0.0322  -0.0253
[23:45:02] # 1037 [bench] e2e= 1004.8ms  infer= 1001.7ms  cap=  2.9ms
    t+0   | +0.0162  -0.0661  -0.0348  +0.1815  +0.1206  -0.6646
    t+1   | +0.0318  -0.0406  -0.0362  +0.1527  +0.1472  -0.5692
    t+2   | +0.0689  -0.0126  -0.0484  +0.1898  +0.1374  -0.2851
    t+3   | +0.0718  -0.0032  -0.0302  +0.2141  +0.1694  -0.1832
    t+4   | +0.0979  +0.0266  -0.0795  +0.2618  +0.1609  +0.0084
[23:45:03] # 1038 [bench] e2e= 1033.9ms  infer= 1030.6ms  cap=  3.2ms
    t+0   | +0.2509  +0.0020  -0.2197  +0.4123  +0.1197  -0.1581
    t+1   | +0.2249  +0.0802  -0.3978  +0.5173  +0.0700  -0.2016
    t+2   | +0.1221  +0.1475  -0.4075  +0.4847  -0.0255  -0.2682
    t+3   | +0.1211  +0.1726  -0.3490  +0.4560  -0.0263  -0.3570
    t+4   | +0.0746  +0.2187  -0.3748  +0.4086  -0.0801  -0.2718
[23:45:04] # 1039 [bench] e2e= 1001.0ms  infer=  998.7ms  cap=  2.2ms
    t+0   | +0.0465  -0.1444  +0.0666  +0.1433  +0.0247  -0.2372
    t+1   | +0.0194  -0.1024  +0.0016  +0.1491  +0.0419  -0.1452
    t+2   | +0.0050  -0.0929  -0.0474  +0.1509  +0.1335  -0.0312
    t+3   | -0.0722  -0.0816  -0.0500  +0.1887  +0.1613  -0.0414
    t+4   | -0.0402  -0.0754  -0.0814  +0.1956  +0.1512  -0.0326
[23:45:05] # 1040 [bench] e2e= 1001.5ms  infer=  998.9ms  cap=  2.4ms
    t+0   | +0.2634  +0.0512  -0.1746  +0.3783  +0.1616  +0.0891
    t+1   | +0.2329  +0.0604  -0.2020  +0.3838  +0.1152  +0.1376
    t+2   | +0.0660  +0.1273  -0.2846  +0.3543  -0.0735  +0.1336
    t+3   | +0.0740  +0.1342  -0.2714  +0.3437  -0.0703  +0.0658
    t+4   | +0.0618  +0.1206  -0.2237  +0.3577  -0.0139  +0.0450
[23:45:06] # 1041 [bench] e2e=  996.5ms  infer=  993.7ms  cap=  2.6ms
    t+0   | -0.0747  +0.0342  -0.2268  +0.3689  +0.0056  -0.1960
    t+1   | -0.0970  +0.1184  -0.2732  +0.4106  +0.1568  -0.1418
    t+2   | -0.0274  +0.0626  -0.2188  +0.3810  +0.1456  -0.1105
    t+3   | +0.0294  +0.0348  -0.1694  +0.3437  +0.1248  +0.0566
    t+4   | -0.0300  +0.0777  -0.1752  +0.3448  +0.1286  +0.2082
[23:45:07] # 1042 [bench] e2e= 1000.5ms  infer=  997.8ms  cap=  2.5ms
    t+0   | +0.1833  +0.0650  -0.1221  +0.2945  -0.0388  +0.1098
    t+1   | +0.0423  +0.1162  -0.1842  +0.2878  -0.0691  -0.1050
    t+2   | +0.0073  +0.1522  -0.1775  +0.2559  +0.1097  -0.2621
    t+3   | -0.0187  +0.1769  -0.2089  +0.2398  -0.0426  -0.2694
    t+4   | +0.0153  +0.1752  -0.1926  +0.2590  -0.0227  -0.1660
[23:45:08] # 1043 [bench] e2e=  998.7ms  infer=  995.9ms  cap=  2.6ms
    t+0   | -0.0793  -0.1540  +0.0500  +0.1774  -0.1145  +0.1304
    t+1   | -0.0403  -0.0944  +0.0130  +0.1843  -0.0511  +0.0352
    t+2   | -0.0174  -0.0626  +0.0030  +0.1742  -0.0328  +0.0525
    t+3   | -0.0151  -0.0140  +0.0030  +0.2065  -0.0557  +0.0206
    t+4   | -0.0950  +0.0493  -0.0418  +0.2758  -0.0497  -0.0036
[23:45:09] # 1044 [bench] e2e=  995.6ms  infer=  993.3ms  cap=  2.2ms
    t+0   | +0.1693  -0.0980  +0.0073  +0.1999  +0.0460  +0.0082
    t+1   | +0.1508  -0.0852  +0.0085  +0.1736  +0.0633  -0.1412
    t+2   | +0.1218  -0.0806  +0.0263  +0.1578  +0.0817  -0.2024
    t+3   | +0.1085  -0.0548  +0.0082  +0.1627  +0.0988  -0.5386
    t+4   | +0.0803  -0.0163  -0.0145  +0.1727  +0.1343  -0.5909
[23:45:10] # 1045 [bench] e2e= 1001.1ms  infer=  998.3ms  cap=  2.7ms
    t+0   | +0.1368  -0.0875  -0.0370  +0.2820  +0.0921  +0.0621
    t+1   | +0.1445  -0.0808  -0.0423  +0.2850  -0.0016  +0.1054
    t+2   | +0.1004  +0.0604  -0.1559  +0.3025  -0.0006  +0.1264
    t+3   | +0.1713  +0.1174  -0.1843  +0.3206  +0.0182  +0.4633
    t+4   | +0.1775  +0.1122  -0.1478  +0.3260  +0.0334  +0.3918

  [live] after 1040 bench steps — e2e mean=989.5ms  |  max replan freq=1.01 Hz  |  max control freq=5.05 Hz (n_action_steps=5)

[23:45:11] # 1046 [bench] e2e=  993.9ms  infer=  990.5ms  cap=  3.2ms
    t+0   | +0.3173  +0.1111  -0.2170  +0.3633  -0.1143  +0.6286
    t+1   | +0.1587  +0.1026  -0.2125  +0.3545  -0.1103  +0.3429
    t+2   | +0.1006  +0.1235  -0.2324  +0.3861  -0.1219  +0.4878
    t+3   | +0.1034  +0.1292  -0.2172  +0.4010  -0.1188  +0.4925
    t+4   | +0.1030  +0.1726  -0.2210  +0.3954  -0.1290  +0.5160
[23:45:12] # 1047 [bench] e2e=  990.8ms  infer=  988.5ms  cap=  2.2ms
    t+0   | +0.0845  -0.0504  -0.0579  +0.2164  -0.0448  -0.1147
    t+1   | +0.1111  -0.0002  -0.1273  +0.2650  -0.0623  -0.0476
    t+2   | +0.1658  +0.0607  -0.2021  +0.2863  +0.0038  +0.0371
    t+3   | +0.1708  +0.1093  -0.2400  +0.2918  +0.1038  +0.0088
    t+4   | +0.1763  +0.1506  -0.2623  +0.3390  +0.1775  +0.1913
[23:45:13] # 1048 [bench] e2e=  993.5ms  infer=  991.4ms  cap=  2.0ms
    t+0   | +0.1259  +0.0404  -0.1376  +0.2491  -0.0941  -0.1073
    t+1   | +0.0553  +0.0865  -0.1888  +0.2310  -0.1387  -0.0606
    t+2   | +0.0525  +0.0769  -0.2003  +0.2326  -0.1450  +0.0518
    t+3   | +0.0367  +0.1205  -0.1920  +0.2767  -0.0930  +0.0011
    t+4   | +0.0072  +0.0863  -0.1913  +0.2452  +0.0091  -0.0932
[23:45:14] # 1049 [bench] e2e= 1000.5ms  infer=  997.7ms  cap=  2.7ms
    t+0   | +0.0698  -0.1010  -0.0023  +0.1764  +0.0066  -0.6977
    t+1   | +0.0653  -0.1194  -0.0261  +0.1721  +0.0070  -0.6385
    t+2   | +0.0759  -0.0508  -0.2139  +0.2321  +0.0584  -0.5976
    t+3   | +0.0784  +0.0616  -0.3464  +0.2600  +0.0855  -0.5184
    t+4   | -0.0806  +0.1783  -0.5024  +0.2910  +0.0508  -0.3552
[23:45:15] # 1050 [bench] e2e=  993.6ms  infer=  990.1ms  cap=  3.3ms
    t+0   | +0.1040  +0.0839  -0.2157  +0.2736  +0.1970  -0.3406
    t+1   | +0.0659  +0.1489  -0.3093  +0.2451  +0.0914  -0.1446
    t+2   | +0.0846  +0.2002  -0.3451  +0.2611  +0.0344  +0.2914
    t+3   | +0.1503  +0.2589  -0.3758  +0.3235  +0.1639  +0.3587
    t+4   | +0.2616  +0.2894  -0.3916  +0.3557  +0.1895  +0.3866
[23:45:16] # 1051 [bench] e2e= 1031.7ms  infer= 1028.4ms  cap=  3.2ms
    t+0   | +0.1375  +0.1923  -0.2825  +0.2710  +0.0860  -0.6542
    t+1   | +0.1062  +0.1126  -0.1357  +0.2376  +0.0648  -0.8246
    t+2   | +0.1311  +0.1176  -0.1115  +0.2615  +0.1102  -0.7683
    t+3   | +0.0557  +0.1011  -0.0192  +0.2278  +0.1838  -0.7968
    t+4   | +0.0793  +0.0798  -0.0244  +0.2445  +0.1767  -0.7273
[23:45:17] # 1052 [bench] e2e=  995.8ms  infer=  991.7ms  cap=  3.9ms
    t+0   | -0.2190  -0.1210  -0.1458  +0.2036  -0.0232  -0.1761
    t+1   | -0.2900  -0.1256  -0.1088  +0.1442  +0.0568  -0.2855
    t+2   | -0.1901  -0.0862  -0.1149  +0.1857  +0.1037  -0.2527
    t+3   | -0.0414  -0.0581  -0.1410  +0.2529  +0.1129  -0.1811
    t+4   | +0.0106  +0.0019  -0.2088  +0.3080  +0.0771  +0.1193
[23:45:18] # 1053 [bench] e2e= 1000.9ms  infer=  997.6ms  cap=  3.2ms
    t+0   | +0.1720  -0.0245  -0.0997  +0.2363  +0.0934  -0.1766
    t+1   | +0.0909  -0.0183  -0.0441  +0.1976  +0.1556  -0.0946
    t+2   | +0.0102  +0.0263  -0.1018  +0.2107  +0.1607  -0.0647
    t+3   | +0.0170  +0.0571  -0.1288  +0.2276  +0.1323  -0.0644
    t+4   | -0.0036  +0.0792  -0.1707  +0.2656  +0.1295  +0.1125
[23:45:19] # 1054 [bench] e2e=  998.3ms  infer=  995.5ms  cap=  2.7ms
    t+0   | +0.0482  -0.1246  -0.0180  +0.1702  -0.0331  -0.6806
    t+1   | -0.0480  -0.1072  -0.0679  +0.1893  -0.0458  -0.6087
    t+2   | +0.0165  +0.0245  -0.2112  +0.2449  -0.0538  -0.4139
    t+3   | +0.0741  +0.1073  -0.2645  +0.2485  -0.0349  -0.2951
    t+4   | +0.1202  +0.1759  -0.2871  +0.2679  -0.0520  -0.1140
[23:45:20] # 1055 [bench] e2e=  997.8ms  infer=  994.5ms  cap=  3.2ms
    t+0   | +0.0275  -0.0556  -0.0685  +0.1913  -0.0154  -0.2353
    t+1   | +0.0591  +0.0537  -0.2406  +0.2167  -0.0652  -0.1979
    t+2   | +0.0735  +0.0849  -0.2863  +0.2086  -0.0689  -0.2195
    t+3   | +0.0950  +0.0896  -0.2958  +0.2263  -0.1135  -0.2377
    t+4   | +0.0875  +0.0630  -0.2831  +0.2662  -0.1730  -0.0771
[23:45:21] # 1056 [bench] e2e=  990.4ms  infer=  987.5ms  cap=  2.7ms
    t+0   | +0.1807  +0.0274  -0.1069  +0.2639  +0.1401  -0.3257
    t+1   | +0.0875  -0.0274  -0.0595  +0.1932  +0.1018  -0.3791
    t+2   | +0.0868  -0.0286  -0.0665  +0.1664  +0.0543  -0.3187
    t+3   | +0.0960  +0.0123  -0.0705  +0.1736  +0.0276  -0.3068
    t+4   | +0.0672  +0.0619  -0.1045  +0.2027  +0.0628  -0.2846
[23:45:22] # 1057 [bench] e2e= 1001.8ms  infer=  998.5ms  cap=  3.1ms
    t+0   | +0.1628  +0.1232  -0.2241  +0.3279  -0.0916  -0.1571
    t+1   | +0.2060  +0.1782  -0.1941  +0.3293  -0.0581  +0.0034
    t+2   | +0.1733  +0.2243  -0.2085  +0.3182  -0.0469  +0.1427
    t+3   | +0.1507  +0.2462  -0.2255  +0.3237  -0.0494  +0.2254
    t+4   | +0.1200  +0.2925  -0.2890  +0.3508  -0.0428  +0.2340
[23:45:23] # 1058 [bench] e2e= 1000.2ms  infer=  997.0ms  cap=  3.0ms
    t+0   | +0.1977  +0.1844  -0.2880  +0.3624  +0.0910  +0.1603
    t+1   | -0.0265  +0.0900  -0.1781  +0.2694  +0.0323  +0.8710
    t+2   | -0.0437  +0.0188  -0.0883  +0.2232  +0.0562  +0.7486
    t+3   | -0.0680  -0.0259  -0.0549  +0.2314  +0.0703  +0.7559
    t+4   | +0.0122  -0.0276  -0.0694  +0.2357  +0.1120  +0.4114
[23:45:24] # 1059 [bench] e2e=  995.6ms  infer=  992.0ms  cap=  3.4ms
    t+0   | +0.1187  +0.0777  -0.1662  +0.2887  +0.0605  +0.0177
    t+1   | +0.1339  +0.1549  -0.2856  +0.3022  +0.0057  -0.0196
    t+2   | +0.1903  +0.2497  -0.3821  +0.3404  +0.0795  -0.0247
    t+3   | +0.2137  +0.1978  -0.2962  +0.3429  +0.0292  -0.0566
    t+4   | +0.1943  +0.1120  -0.2056  +0.2865  +0.0472  -0.3152
[23:45:25] # 1060 [bench] e2e= 1017.1ms  infer= 1014.1ms  cap=  2.8ms
    t+0   | +0.0123  +0.0102  -0.2361  +0.3758  -0.1772  +0.1600
    t+1   | +0.0697  +0.0493  -0.1985  +0.3253  -0.1456  +0.0586
    t+2   | +0.1245  +0.0836  -0.1850  +0.3009  -0.1544  +0.1986
    t+3   | +0.0589  +0.0758  -0.1865  +0.3003  -0.1916  +0.4514
    t+4   | -0.0002  +0.1126  -0.2130  +0.3073  -0.2105  +0.5175
[23:45:26] # 1061 [bench] e2e=  993.1ms  infer=  990.5ms  cap=  2.4ms
    t+0   | -0.0998  -0.1042  -0.0843  +0.2139  -0.1777  -0.3950
    t+1   | -0.1084  -0.1462  -0.0752  +0.2500  -0.0607  -0.2152
    t+2   | -0.1073  -0.1293  -0.1338  +0.2707  +0.0420  -0.2242
    t+3   | -0.0680  -0.0812  -0.1375  +0.2624  +0.0709  -0.2123
    t+4   | -0.0776  -0.0372  -0.1462  +0.2495  +0.0702  -0.0521
[23:45:27] # 1062 [bench] e2e=  992.2ms  infer=  989.7ms  cap=  2.3ms
    t+0   | +0.1293  +0.1456  -0.2593  +0.4048  -0.0695  +0.7249
    t+1   | -0.0619  +0.1165  -0.2608  +0.4043  +0.1121  +0.1147
    t+2   | -0.0530  +0.1508  -0.2345  +0.3650  +0.1040  -0.0732
    t+3   | -0.0443  +0.1537  -0.2426  +0.3715  +0.0251  +0.0171
    t+4   | -0.0435  +0.1576  -0.2570  +0.3775  -0.0107  +0.0802
[23:45:28] # 1063 [bench] e2e= 1007.9ms  infer= 1003.7ms  cap=  4.0ms
    t+0   | +0.2544  +0.0838  -0.1546  +0.2859  +0.0790  -0.0342
    t+1   | +0.1599  +0.0653  -0.0912  +0.2328  +0.1747  -0.3752
    t+2   | +0.1014  -0.0050  -0.0601  +0.1951  +0.1446  -0.6867
    t+3   | +0.1094  -0.0218  -0.0471  +0.2083  +0.1402  -0.7018
    t+4   | +0.0734  -0.0370  -0.1269  +0.2109  +0.1529  -0.7240
[23:45:29] # 1064 [bench] e2e=  990.6ms  infer=  987.3ms  cap=  3.1ms
    t+0   | +0.0306  -0.0418  -0.0831  +0.2055  -0.1168  -0.6585
    t+1   | +0.0209  -0.0784  -0.0705  +0.2050  -0.1518  -0.6370
    t+2   | +0.0568  -0.0584  -0.0942  +0.2278  -0.1685  -0.3131
    t+3   | +0.0908  +0.0222  -0.1457  +0.2476  -0.1764  -0.0491
    t+4   | +0.0398  +0.0550  -0.1450  +0.2063  -0.1537  -0.1047
[23:45:30] # 1065 [bench] e2e=  980.2ms  infer=  976.8ms  cap=  3.3ms
    t+0   | +0.1023  -0.0842  -0.1947  +0.2626  -0.0287  -0.3486
    t+1   | +0.0302  -0.0965  -0.1421  +0.2496  -0.0009  -0.1732
    t+2   | -0.0016  -0.0281  -0.1633  +0.2745  +0.0137  -0.0638
    t+3   | +0.0343  +0.0248  -0.1705  +0.3046  +0.0141  +0.2781
    t+4   | +0.0495  +0.0362  -0.1522  +0.3055  +0.0296  +0.3612

  [live] after 1060 bench steps — e2e mean=989.6ms  |  max replan freq=1.01 Hz  |  max control freq=5.05 Hz (n_action_steps=5)

[23:45:31] # 1066 [bench] e2e=  989.6ms  infer=  986.3ms  cap=  3.1ms
    t+0   | +0.2557  +0.1841  -0.4021  +0.3324  -0.2478  -0.1202
    t+1   | +0.2149  +0.1338  -0.3317  +0.3010  -0.1414  -0.1295
    t+2   | +0.2392  +0.1862  -0.3975  +0.3002  -0.0724  -0.1944
    t+3   | +0.2660  +0.1715  -0.3558  +0.3127  +0.0186  -0.1702
    t+4   | +0.2892  +0.1513  -0.3127  +0.3203  +0.0419  -0.1294
[23:45:32] # 1067 [bench] e2e=  981.3ms  infer=  978.8ms  cap=  2.3ms
    t+0   | +0.1487  +0.0403  -0.2008  +0.3052  +0.1302  -0.3432
    t+1   | +0.0776  +0.1385  -0.3461  +0.3874  +0.3598  -0.2592
    t+2   | +0.0275  +0.1063  -0.3691  +0.3874  +0.3525  -0.2105
    t+3   | +0.0935  +0.0433  -0.2805  +0.3646  +0.3497  +0.1423
    t+4   | +0.0858  +0.0221  -0.2257  +0.3511  +0.4453  +0.0631
[23:45:33] # 1068 [bench] e2e=  979.0ms  infer=  976.3ms  cap=  2.5ms
    t+0   | +0.1188  +0.0007  -0.0346  +0.1886  -0.0469  -0.6037
    t+1   | +0.0680  +0.0086  -0.0706  +0.1894  -0.0591  -0.5597
    t+2   | +0.0304  -0.0550  -0.0621  +0.1878  -0.0310  -0.5759
    t+3   | +0.0793  -0.0802  -0.0951  +0.2228  -0.0097  -0.4942
    t+4   | +0.0861  -0.0673  -0.1321  +0.2567  -0.0217  -0.4813
[23:45:34] # 1069 [bench] e2e=  977.9ms  infer=  974.9ms  cap=  2.9ms
    t+0   | +0.3065  +0.2487  -0.3079  +0.4211  +0.3761  -0.1594
    t+1   | +0.2215  +0.1752  -0.2392  +0.3826  +0.2515  -0.0735
    t+2   | +0.1615  +0.1005  -0.1862  +0.3663  +0.2254  +0.0846
    t+3   | +0.1008  +0.0704  -0.1700  +0.3859  +0.2933  +0.0391
    t+4   | +0.0930  +0.0162  -0.1505  +0.3701  +0.2261  +0.2268
[23:45:35] # 1070 [bench] e2e=  994.9ms  infer=  992.5ms  cap=  2.3ms
    t+0   | +0.1254  -0.0453  -0.1205  +0.3019  -0.0212  -0.1374
    t+1   | +0.1354  -0.0578  -0.1273  +0.3155  -0.0030  -0.0975
    t+2   | +0.0403  -0.0223  -0.2156  +0.2817  +0.0463  -0.0511
    t+3   | +0.0634  -0.0107  -0.2130  +0.2936  +0.0605  -0.0681
    t+4   | +0.1113  -0.0431  -0.1919  +0.3337  +0.0613  -0.0806
[23:45:36] # 1071 [bench] e2e=  982.4ms  infer=  979.4ms  cap=  2.8ms
    t+0   | +0.1277  -0.0381  -0.1464  +0.2422  -0.1087  -0.5891
    t+1   | +0.0967  -0.0149  -0.1882  +0.2446  -0.0900  -0.6183
    t+2   | +0.0852  +0.0002  -0.1975  +0.2609  -0.0641  -0.5329
    t+3   | +0.0810  +0.0627  -0.2564  +0.2796  -0.0215  -0.5140
    t+4   | +0.1247  +0.0709  -0.2226  +0.2774  -0.0119  -0.4631
[23:45:37] # 1072 [bench] e2e=  984.1ms  infer=  980.6ms  cap=  3.4ms
    t+0   | -0.0059  -0.0658  -0.0607  +0.1960  -0.0252  -0.6059
    t+1   | -0.0055  -0.0414  -0.0884  +0.2064  -0.0290  -0.6553
    t+2   | +0.0338  +0.0132  -0.2090  +0.2821  +0.0377  -0.6511
    t+3   | +0.0289  +0.0353  -0.2608  +0.2956  +0.0668  -0.6587
    t+4   | +0.0273  +0.0479  -0.2900  +0.3218  +0.0432  -0.6377
[23:45:38] # 1073 [bench] e2e=  998.1ms  infer=  994.8ms  cap=  3.0ms
    t+0   | +0.2379  +0.0674  -0.1689  +0.3405  +0.0327  -0.2363
    t+1   | +0.2178  +0.0801  -0.1699  +0.3290  +0.1415  -0.2840
    t+2   | +0.1803  +0.0293  -0.1526  +0.2826  +0.1319  -0.2255
    t+3   | +0.1159  -0.0028  -0.0713  +0.2376  +0.1605  -0.2848
    t+4   | +0.0950  -0.0358  -0.0612  +0.2549  +0.1264  -0.3000
[23:45:39] # 1074 [bench] e2e=  977.8ms  infer=  976.0ms  cap=  1.6ms
    t+0   | +0.1749  +0.0108  -0.1268  +0.2932  -0.0472  -0.6156
    t+1   | +0.1257  +0.0577  -0.1713  +0.3230  -0.1602  -0.4601
    t+2   | +0.1395  +0.1186  -0.2068  +0.3442  -0.1674  -0.4659
    t+3   | +0.1079  +0.1806  -0.2934  +0.3648  -0.1195  -0.5365
    t+4   | +0.0892  +0.1803  -0.3262  +0.3539  -0.0614  -0.6675
[23:45:40] # 1075 [bench] e2e=  997.1ms  infer=  993.5ms  cap=  3.3ms
    t+0   | +0.1140  -0.0574  -0.0619  +0.2414  +0.0734  -0.2456
    t+1   | +0.1123  -0.0590  -0.0639  +0.2334  +0.0307  -0.0939
    t+2   | +0.0968  -0.0169  -0.0512  +0.2535  -0.0036  +0.0188
    t+3   | +0.1148  +0.0132  -0.0774  +0.2562  -0.0239  +0.0782
    t+4   | +0.1474  +0.0496  -0.0917  +0.2684  -0.0162  +0.0859
[23:45:41] # 1076 [bench] e2e=  987.3ms  infer=  984.7ms  cap=  2.4ms
    t+0   | +0.1047  +0.1103  -0.1399  +0.2731  +0.2227  -0.5447
    t+1   | +0.0932  +0.0548  -0.0969  +0.2556  +0.1851  -0.4640
    t+2   | +0.0568  +0.0242  -0.0680  +0.2188  +0.2020  -0.4833
    t+3   | +0.0699  +0.0000  -0.0502  +0.2019  +0.1707  -0.4906
    t+4   | +0.0872  +0.0259  -0.0615  +0.2430  +0.1603  -0.4627
[23:45:42] # 1077 [bench] e2e=  996.1ms  infer=  992.8ms  cap=  3.0ms
    t+0   | +0.3246  +0.0175  -0.0895  +0.2938  +0.1130  -0.2849
    t+1   | +0.3266  +0.0609  -0.0947  +0.2834  +0.0820  -0.2389
    t+2   | +0.2985  +0.0930  -0.1152  +0.2823  +0.0795  -0.2147
    t+3   | +0.2531  +0.1083  -0.1374  +0.3156  +0.0640  -0.2107
    t+4   | +0.2261  +0.0883  -0.1533  +0.3193  +0.0696  -0.2500
[23:45:43] # 1078 [bench] e2e=  999.2ms  infer=  996.9ms  cap=  2.2ms
    t+0   | +0.0208  -0.0752  -0.0797  +0.2220  +0.0116  -0.2873
    t+1   | -0.0419  -0.0647  -0.0578  +0.2186  +0.0659  -0.2557
    t+2   | +0.0230  -0.0140  -0.1051  +0.2636  +0.0319  -0.2033
    t+3   | +0.0705  -0.0206  -0.0910  +0.2979  +0.0603  -0.1013
    t+4   | +0.0889  -0.0292  -0.0722  +0.2897  +0.0407  -0.2015
[23:45:44] # 1079 [bench] e2e= 1025.2ms  infer= 1022.0ms  cap=  3.0ms
    t+0   | +0.1104  +0.0809  -0.2091  +0.3026  +0.1000  -0.1001
    t+1   | +0.0872  +0.1036  -0.2949  +0.3460  +0.1184  -0.1165
    t+2   | +0.0922  +0.0824  -0.2678  +0.3513  +0.0967  -0.0430
    t+3   | +0.0911  +0.0585  -0.2178  +0.3527  +0.0382  -0.0127
    t+4   | +0.1106  +0.1022  -0.2416  +0.3520  -0.0002  -0.0653
[23:45:45] # 1080 [bench] e2e=  980.1ms  infer=  976.8ms  cap=  3.1ms
    t+0   | +0.1137  -0.0317  -0.1174  +0.2569  +0.0805  -0.1366
    t+1   | +0.1040  -0.0185  -0.1462  +0.2946  +0.0720  +0.0083
    t+2   | +0.0705  +0.0243  -0.1932  +0.3145  +0.0223  +0.2646
    t+3   | +0.0635  +0.0246  -0.2224  +0.3119  +0.0570  +0.2012
    t+4   | +0.0866  +0.0390  -0.2145  +0.3381  +0.0587  +0.1722
[23:45:46] # 1081 [bench] e2e=  998.0ms  infer=  994.7ms  cap=  3.2ms
    t+0   | +0.2006  +0.0772  -0.2131  +0.3470  -0.0060  -0.0671
    t+1   | +0.1514  +0.1454  -0.3146  +0.3495  +0.0084  -0.0183
    t+2   | +0.1712  +0.1723  -0.3074  +0.3477  +0.0549  -0.0003
    t+3   | +0.2259  +0.2379  -0.3301  +0.3654  +0.1066  +0.0002
    t+4   | +0.2447  +0.2363  -0.3094  +0.3386  +0.1165  -0.0214
[23:45:47] # 1082 [bench] e2e=  983.2ms  infer=  979.8ms  cap=  3.2ms
    t+0   | +0.0834  +0.0089  -0.2323  +0.3764  +0.3363  -0.2377
    t+1   | +0.0513  +0.0216  -0.2224  +0.3329  +0.1962  -0.1984
    t+2   | +0.0462  +0.0292  -0.2055  +0.3358  +0.1683  +0.0963
    t+3   | +0.0264  +0.0496  -0.1962  +0.3360  +0.1452  +0.2939
    t+4   | +0.0596  +0.0863  -0.2319  +0.3289  +0.0443  +0.7560
[23:45:48] # 1083 [bench] e2e=  983.0ms  infer=  979.6ms  cap=  3.2ms
    t+0   | +0.2840  +0.0616  -0.1100  +0.2867  +0.1495  -0.0708
    t+1   | +0.2472  +0.0975  -0.1191  +0.2729  +0.1106  +0.0125
    t+2   | +0.1509  +0.0805  -0.1203  +0.2428  -0.0040  -0.0220
    t+3   | +0.1264  +0.0941  -0.1727  +0.2798  +0.0266  +0.0003
    t+4   | +0.1723  +0.1300  -0.1887  +0.2968  +0.1030  +0.0742
[23:45:49] # 1084 [bench] e2e= 1003.2ms  infer=  999.7ms  cap=  3.3ms
    t+0   | +0.2374  -0.0116  -0.0509  +0.2582  +0.0054  +0.0269
    t+1   | +0.2075  -0.0696  -0.0075  +0.2201  +0.1211  +0.0400
    t+2   | +0.1533  -0.1074  -0.0126  +0.2034  +0.1144  -0.0781
    t+3   | +0.1333  -0.1311  -0.0025  +0.2018  +0.2106  -0.1107
    t+4   | +0.1271  -0.1202  -0.0025  +0.1984  +0.1666  -0.2063
[23:45:50] # 1085 [bench] e2e=  980.7ms  infer=  977.4ms  cap=  3.1ms
    t+0   | +0.0652  -0.0990  +0.0389  +0.1344  +0.0213  -0.7111
    t+1   | +0.0791  -0.0270  -0.0754  +0.2048  +0.0053  -0.3720
    t+2   | +0.1233  -0.0011  -0.1083  +0.2475  -0.0479  +0.2210
    t+3   | +0.0972  -0.0362  -0.0897  +0.2345  -0.0163  -0.1567
    t+4   | +0.1063  -0.0456  -0.0759  +0.2696  -0.0298  -0.0681

  [live] after 1080 bench steps — e2e mean=989.7ms  |  max replan freq=1.01 Hz  |  max control freq=5.05 Hz (n_action_steps=5)

[23:45:51] # 1086 [bench] e2e=  993.7ms  infer=  991.3ms  cap=  2.3ms
    t+0   | +0.0217  +0.0800  -0.2564  +0.3226  -0.2030  -0.2498
    t+1   | +0.0277  +0.1010  -0.2539  +0.2966  -0.1425  -0.3269
    t+2   | -0.0399  +0.1706  -0.3137  +0.3164  -0.3202  -0.2043
    t+3   | -0.0266  +0.1452  -0.2653  +0.3141  -0.1868  -0.2310
    t+4   | -0.0215  +0.0600  -0.2003  +0.2952  -0.1267  -0.6009
[23:45:52] # 1087 [bench] e2e=  995.9ms  infer=  993.4ms  cap=  2.3ms
    t+0   | +0.3019  +0.1570  -0.1727  +0.3046  +0.1372  -0.0692
    t+1   | +0.1816  +0.1375  -0.1155  +0.2374  +0.1009  -0.1345
    t+2   | +0.1273  +0.1344  -0.1305  +0.2196  +0.0510  -0.1308
    t+3   | +0.0670  +0.1348  -0.1907  +0.2360  +0.0251  -0.1296
    t+4   | +0.0305  +0.1722  -0.2080  +0.2540  -0.0118  -0.1486
[23:45:53] # 1088 [bench] e2e=  998.4ms  infer=  996.0ms  cap=  2.2ms
    t+0   | +0.1586  -0.0281  -0.1049  +0.2400  -0.0518  -0.1015
    t+1   | +0.1610  +0.0155  -0.1690  +0.2566  -0.0701  +0.0090
    t+2   | +0.1649  +0.0666  -0.1873  +0.3005  -0.1074  +0.2631
    t+3   | +0.1259  +0.0889  -0.1899  +0.3280  -0.1178  +0.1525
    t+4   | +0.0891  +0.0028  -0.1247  +0.3156  -0.0928  -0.1677
[23:45:54] # 1089 [bench] e2e=  995.9ms  infer=  993.5ms  cap=  2.3ms
    t+0   | +0.1846  +0.1069  -0.1684  +0.3252  +0.0457  -0.1473
    t+1   | +0.1835  +0.1704  -0.2171  +0.3612  +0.1000  -0.0698
    t+2   | +0.1280  +0.2222  -0.2732  +0.4030  +0.2317  +0.0543
    t+3   | +0.0973  +0.1379  -0.2257  +0.3802  +0.2533  -0.0252
    t+4   | +0.0233  +0.0307  -0.1082  +0.3216  +0.1892  -0.4746
[23:45:55] # 1090 [bench] e2e= 1001.5ms  infer=  998.0ms  cap=  3.3ms
    t+0   | +0.1400  -0.0318  -0.0450  +0.2262  -0.0009  -0.5307
    t+1   | +0.0733  -0.0744  -0.0280  +0.2055  -0.0707  -0.4302
    t+2   | +0.0635  -0.0599  -0.0608  +0.1901  -0.0825  -0.4663
    t+3   | +0.0865  -0.0155  -0.1070  +0.2485  -0.0912  -0.5047
    t+4   | +0.1104  +0.0963  -0.2104  +0.2899  -0.1050  -0.4740
[23:45:56] # 1091 [bench] e2e=  979.3ms  infer=  977.6ms  cap=  1.6ms
    t+0   | -0.0531  -0.1806  -0.0214  +0.2500  +0.1483  -0.3226
    t+1   | -0.0468  -0.1446  -0.0470  +0.2400  +0.0029  -0.2802
    t+2   | -0.0950  -0.0475  -0.2358  +0.3463  +0.0724  -0.2393
    t+3   | -0.0380  +0.0374  -0.3534  +0.3773  +0.1563  -0.2770
    t+4   | +0.0360  +0.0154  -0.2475  +0.3162  +0.0726  -0.4826
[23:45:57] # 1092 [bench] e2e=  987.1ms  infer=  983.9ms  cap=  3.0ms
    t+0   | +0.1124  -0.1127  +0.0720  +0.1225  -0.1545  -0.5200
    t+1   | +0.0356  -0.3230  +0.1002  +0.0930  -0.6489  -0.6694
    t+2   | +0.0507  -0.2357  +0.0552  +0.1189  -0.4610  -0.6748
    t+3   | +0.0523  -0.2025  +0.0062  +0.1532  -0.3240  -0.6571
    t+4   | +0.0269  -0.2182  +0.0124  +0.1874  -0.2619  -0.6413
[23:45:58] # 1093 [bench] e2e=  997.6ms  infer=  993.7ms  cap=  3.7ms
    t+0   | +0.1756  +0.1261  -0.2407  +0.3441  +0.1413  +0.0333
    t+1   | +0.1049  +0.0700  -0.2604  +0.3667  +0.1215  -0.0650
    t+2   | +0.0610  +0.0721  -0.2914  +0.4027  +0.1200  -0.0990
    t+3   | +0.0216  +0.0573  -0.2702  +0.4057  +0.1305  -0.1894
    t+4   | +0.0383  +0.0573  -0.2550  +0.4241  +0.1384  -0.2067
[23:45:59] # 1094 [bench] e2e= 1028.9ms  infer= 1025.4ms  cap=  3.4ms
    t+0   | +0.1068  -0.1002  -0.2336  +0.3329  +0.1455  -0.5586
    t+1   | +0.0678  -0.1148  -0.2511  +0.3315  +0.1805  -0.5916
    t+2   | +0.0858  -0.0846  -0.2354  +0.3089  +0.1732  -0.6364
    t+3   | +0.0959  -0.0294  -0.2205  +0.3103  +0.1399  -0.5422
    t+4   | +0.0792  -0.0193  -0.2091  +0.3029  +0.1214  -0.4874
[23:46:00] # 1095 [bench] e2e=  995.2ms  infer=  991.8ms  cap=  3.2ms
    t+0   | +0.1699  +0.2050  -0.2032  +0.3545  +0.3840  -0.2351
    t+1   | +0.2135  +0.1730  -0.2252  +0.3733  +0.2452  -0.2414
    t+2   | +0.1573  +0.1749  -0.2627  +0.3937  +0.3413  -0.5247
    t+3   | +0.1759  +0.1079  -0.2393  +0.3515  +0.2818  -0.4093
    t+4   | +0.1699  +0.0675  -0.1912  +0.3353  +0.2457  -0.3626
[23:46:01] # 1096 [bench] e2e= 1029.0ms  infer= 1025.9ms  cap=  2.9ms
    t+0   | +0.2479  +0.0332  +0.0219  +0.2324  +0.2534  +0.0423
    t+1   | +0.1946  +0.0846  -0.0065  +0.2500  +0.2059  -0.0873
    t+2   | +0.1626  +0.1000  -0.0581  +0.2540  +0.1425  -0.1571
    t+3   | +0.2230  +0.1343  -0.1058  +0.2849  +0.0299  +0.4146
    t+4   | +0.2271  +0.1993  -0.1548  +0.3159  -0.0088  +0.5955
[23:46:02] # 1097 [bench] e2e=  978.1ms  infer=  975.5ms  cap=  2.5ms
    t+0   | +0.0885  -0.2790  +0.2689  +0.0970  +0.4963  -0.5667
    t+1   | +0.0535  -0.2210  +0.2085  +0.1178  +0.4156  -0.4825
    t+2   | +0.0741  -0.0889  +0.1142  +0.1768  +0.3016  -0.2080
    t+3   | +0.0791  +0.0449  +0.0432  +0.2104  +0.2357  -0.1556
    t+4   | +0.1169  +0.0785  -0.0112  +0.2151  +0.2163  -0.1255
[23:46:03] # 1098 [bench] e2e=  987.0ms  infer=  984.4ms  cap=  2.4ms
    t+0   | +0.2950  +0.1927  -0.2099  +0.3640  +0.0400  +0.2679
    t+1   | +0.2338  +0.1918  -0.1618  +0.3265  -0.0083  +0.3714
    t+2   | +0.1604  +0.1659  -0.0959  +0.2664  +0.1343  -0.0882
    t+3   | +0.1142  +0.0935  -0.0313  +0.2173  +0.1560  -0.5746
    t+4   | +0.1093  +0.0881  -0.0004  +0.2447  +0.1206  -0.4797
[23:46:04] # 1099 [bench] e2e= 1027.4ms  infer= 1024.6ms  cap=  2.7ms
    t+0   | +0.2009  +0.1075  -0.1790  +0.3159  -0.1150  -0.3447
    t+1   | +0.1909  +0.1946  -0.3161  +0.3820  -0.2086  -0.2029
    t+2   | +0.1898  +0.1636  -0.2999  +0.3668  -0.1695  -0.2138
    t+3   | +0.1890  +0.1532  -0.2850  +0.3471  -0.1529  -0.2086
    t+4   | +0.1888  +0.1664  -0.2699  +0.3404  -0.1334  -0.1712
[23:46:05] # 1100 [bench] e2e=  997.3ms  infer=  994.0ms  cap=  3.1ms
    t+0   | +0.0487  -0.2686  +0.2139  +0.0902  -0.1402  +0.0076
    t+1   | -0.0061  -0.1604  +0.1013  +0.1538  -0.1438  -0.0355
    t+2   | -0.0211  -0.0724  +0.0155  +0.1666  -0.1790  +0.0419
    t+3   | -0.0747  -0.1066  +0.0365  +0.1572  -0.1743  -0.0366
    t+4   | -0.1386  -0.1175  +0.0408  +0.1354  -0.1577  -0.2580
[23:46:06] # 1101 [bench] e2e=  978.3ms  infer=  975.0ms  cap=  3.1ms
    t+0   | +0.1093  +0.0942  -0.2139  +0.3433  -0.1482  +0.0554
    t+1   | +0.0843  +0.0674  -0.2000  +0.3196  -0.1656  +0.0365
    t+2   | +0.1112  +0.0568  -0.2048  +0.2927  -0.1792  +0.0229
    t+3   | +0.1618  +0.0926  -0.2163  +0.3002  -0.1877  +0.0399
    t+4   | +0.1523  +0.1069  -0.2011  +0.2865  -0.2227  +0.0864
[23:46:07] # 1102 [bench] e2e=  996.9ms  infer=  993.6ms  cap=  3.1ms
    t+0   | +0.1691  +0.0330  -0.2689  +0.4033  +0.0166  -0.5591
    t+1   | +0.0409  +0.0010  -0.2941  +0.4066  +0.0221  -0.6067
    t+2   | +0.0164  -0.0186  -0.3132  +0.3900  +0.0844  -0.6559
    t+3   | -0.0491  +0.1325  -0.5598  +0.4183  +0.0951  -0.5829
    t+4   | +0.0116  +0.1313  -0.4983  +0.3880  +0.0683  -0.5919
[23:46:08] # 1103 [bench] e2e=  994.7ms  infer=  991.4ms  cap=  3.1ms
    t+0   | +0.1147  +0.0075  -0.0955  +0.2595  +0.0378  -0.4404
    t+1   | +0.0887  +0.0557  -0.1545  +0.2990  +0.0525  -0.2894
    t+2   | +0.0335  +0.1428  -0.3210  +0.3434  +0.0493  -0.1899
    t+3   | +0.0520  +0.1477  -0.3154  +0.3595  +0.0125  -0.0467
    t+4   | +0.0147  +0.0932  -0.2741  +0.3295  -0.0400  -0.1115
[23:46:09] # 1104 [bench] e2e= 1012.3ms  infer= 1008.9ms  cap=  3.2ms
    t+0   | -0.0302  -0.1509  +0.0158  +0.1332  +0.0376  -0.2230
    t+1   | -0.0147  -0.1436  +0.0483  +0.1284  +0.0601  -0.1962
    t+2   | -0.0834  -0.1213  +0.0718  +0.1060  +0.0724  +0.1329
    t+3   | -0.0991  -0.1157  +0.0647  +0.0987  +0.0807  +0.1373
    t+4   | -0.1186  -0.1502  +0.0870  +0.0732  +0.0281  +0.1997
[23:46:10] # 1105 [bench] e2e=  995.2ms  infer=  991.9ms  cap=  3.1ms
    t+0   | +0.0466  +0.0705  -0.1723  +0.2590  -0.0667  +0.0100
    t+1   | +0.1065  +0.1196  -0.2272  +0.2638  -0.1079  +0.0247
    t+2   | +0.0374  +0.1751  -0.2408  +0.2550  -0.0436  -0.1040
    t+3   | +0.0227  +0.1878  -0.2622  +0.2375  +0.0326  -0.1778
    t+4   | +0.0090  +0.1799  -0.1987  +0.1920  +0.0489  -0.5576

  [live] after 1100 bench steps — e2e mean=989.8ms  |  max replan freq=1.01 Hz  |  max control freq=5.05 Hz (n_action_steps=5)

[23:46:11] # 1106 [bench] e2e=  984.5ms  infer=  980.9ms  cap=  3.4ms
    t+0   | +0.1186  +0.0316  -0.1713  +0.3219  +0.0592  -0.0961
    t+1   | +0.1063  +0.0364  -0.1672  +0.3021  +0.0924  -0.0642
    t+2   | +0.0604  +0.0639  -0.1988  +0.2805  +0.0933  -0.0798
    t+3   | +0.0911  +0.0729  -0.1750  +0.2955  +0.0825  -0.0709
    t+4   | +0.1201  +0.0528  -0.1424  +0.2996  +0.0856  -0.0114
[23:46:12] # 1107 [bench] e2e=  976.7ms  infer=  973.5ms  cap=  3.0ms
    t+0   | +0.1265  -0.0552  -0.0981  +0.2704  -0.0126  +0.1160
    t+1   | +0.0441  -0.0457  -0.1647  +0.3070  -0.0357  -0.0135
    t+2   | +0.1237  -0.0046  -0.2014  +0.3472  -0.0205  +0.0127
    t+3   | +0.1813  +0.0210  -0.2157  +0.3319  +0.0260  -0.0680
    t+4   | +0.1991  +0.0265  -0.1932  +0.3340  +0.0232  -0.0982
[23:46:13] # 1108 [bench] e2e=  996.3ms  infer=  993.2ms  cap=  2.9ms
    t+0   | +0.0293  -0.2301  +0.0279  +0.3267  +0.6404  +0.2422
    t+1   | +0.0103  -0.0180  -0.0919  +0.3805  +0.7095  +0.2801
    t+2   | +0.1010  +0.1201  -0.1827  +0.4082  +0.5651  +0.5099
    t+3   | +0.1075  +0.1384  -0.2218  +0.4579  +0.5345  +0.7299
    t+4   | +0.1209  +0.1280  -0.2436  +0.4578  +0.5632  +0.8875
[23:46:14] # 1109 [bench] e2e=  980.1ms  infer=  977.0ms  cap=  2.9ms
    t+0   | +0.0100  -0.0514  -0.3033  +0.2874  -0.0695  -0.4003
    t+1   | -0.0863  -0.0645  -0.3271  +0.2886  -0.0508  -0.3317
    t+2   | -0.1072  -0.0465  -0.3273  +0.3011  -0.0439  -0.2439
    t+3   | -0.0937  -0.0217  -0.2989  +0.3013  +0.0263  -0.2514
    t+4   | -0.0079  -0.0053  -0.2733  +0.2729  +0.0619  -0.2652
[23:46:15] # 1110 [bench] e2e=  977.3ms  infer=  974.0ms  cap=  3.1ms
    t+0   | +0.0917  +0.0332  -0.1356  +0.2330  -0.2743  +0.0307
    t+1   | +0.0367  +0.0318  -0.0857  +0.2070  -0.2048  +0.0188
    t+2   | -0.0424  +0.0362  -0.0762  +0.1781  -0.1791  +0.0103
    t+3   | -0.0356  +0.0610  -0.1041  +0.2070  -0.1767  +0.0368
    t+4   | +0.0224  +0.1070  -0.1430  +0.2303  -0.1464  +0.0132
[23:46:16] # 1111 [bench] e2e=  976.9ms  infer=  973.8ms  cap=  3.0ms
    t+0   | +0.0908  -0.0237  -0.1406  +0.2859  -0.0965  +0.0454
    t+1   | +0.1168  -0.0153  -0.1601  +0.2998  -0.0674  -0.0754
    t+2   | +0.1077  -0.0231  -0.1171  +0.2735  -0.0526  -0.1377
    t+3   | +0.0822  -0.0203  -0.1075  +0.2565  -0.0678  -0.1291
    t+4   | +0.0847  +0.0249  -0.1579  +0.2750  -0.0815  -0.0555
[23:46:17] # 1112 [bench] e2e=  978.7ms  infer=  975.5ms  cap=  3.1ms
    t+0   | +0.1002  -0.0605  -0.3130  +0.2539  -0.0587  -0.6800
    t+1   | +0.0672  +0.0449  -0.4528  +0.3022  -0.0423  -0.5401
    t+2   | +0.0994  +0.0851  -0.4853  +0.3369  -0.0147  -0.4798
    t+3   | +0.1076  +0.0809  -0.3813  +0.3047  +0.0099  -0.3738
    t+4   | +0.0652  +0.0591  -0.3132  +0.2868  +0.0269  -0.3975
[23:46:18] # 1113 [bench] e2e=  977.7ms  infer=  974.5ms  cap=  3.0ms
    t+0   | -0.1052  +0.0505  -0.3749  +0.2727  -0.1530  -0.2309
    t+1   | -0.2207  +0.0822  -0.3661  +0.2463  -0.1077  -0.1376
    t+2   | -0.1576  +0.0362  -0.2646  +0.2315  -0.0589  -0.1232
    t+3   | -0.0658  +0.0217  -0.2471  +0.1932  +0.0117  -0.4884
    t+4   | -0.0152  +0.0359  -0.2083  +0.1768  +0.0361  -0.4708
[23:46:19] # 1114 [bench] e2e=  994.9ms  infer=  991.6ms  cap=  3.2ms
    t+0   | -0.0593  +0.0968  -0.3032  +0.3198  -0.2438  +0.0324
    t+1   | -0.0645  -0.0047  -0.2178  +0.2578  -0.0476  +0.0268
    t+2   | -0.0338  -0.1119  -0.1081  +0.2240  +0.0477  -0.0193
    t+3   | +0.0053  -0.1402  -0.0867  +0.2269  +0.0420  -0.0766
    t+4   | +0.0006  -0.1864  -0.0542  +0.2047  +0.0203  -0.2637
[23:46:20] # 1115 [bench] e2e=  979.3ms  infer=  976.9ms  cap=  2.3ms
    t+0   | +0.0250  +0.0334  -0.1697  +0.2562  +0.1393  -0.2087
    t+1   | +0.0630  +0.0420  -0.1580  +0.2680  +0.1185  -0.1402
    t+2   | +0.0167  +0.0823  -0.1894  +0.2864  +0.0681  -0.1678
    t+3   | -0.0129  +0.1028  -0.3229  +0.3490  +0.0516  -0.0816
    t+4   | +0.0172  +0.1298  -0.3461  +0.3753  +0.1066  -0.0234
[23:46:21] # 1116 [bench] e2e=  994.1ms  infer=  991.9ms  cap=  2.1ms
    t+0   | +0.2216  +0.1353  -0.2120  +0.3694  +0.2359  +0.2829
    t+1   | +0.2254  +0.0838  -0.2166  +0.3523  +0.3566  +0.1771
    t+2   | +0.1121  +0.0229  -0.1803  +0.3385  +0.5414  +0.2578
    t+3   | +0.1408  +0.0500  -0.2098  +0.3508  +0.4701  +0.2630
    t+4   | +0.1395  +0.0479  -0.1924  +0.3437  +0.5576  +0.1655
[23:46:22] # 1117 [bench] e2e=  977.0ms  infer=  974.6ms  cap=  2.3ms
    t+0   | +0.2334  +0.1312  -0.2428  +0.3505  +0.3053  +0.4563
    t+1   | +0.2761  +0.0995  -0.2387  +0.3465  +0.3140  +0.2883
    t+2   | +0.2796  +0.0863  -0.1980  +0.3538  +0.2832  +0.2664
    t+3   | +0.2594  +0.2143  -0.2789  +0.4368  +0.2594  +0.7669
    t+4   | +0.2630  +0.2269  -0.2931  +0.4806  +0.2617  +0.8463
[23:46:23] # 1118 [bench] e2e=  994.0ms  infer=  991.5ms  cap=  2.3ms
    t+0   | +0.0624  +0.1653  -0.4423  +0.4976  +0.0731  -0.1315
    t+1   | +0.1150  +0.1071  -0.4097  +0.5236  +0.0147  -0.1025
    t+2   | +0.1423  +0.1258  -0.4277  +0.5440  -0.0595  +0.1694
    t+3   | +0.1938  +0.2024  -0.4360  +0.5509  -0.1021  +0.3368
    t+4   | +0.1934  +0.2238  -0.4869  +0.5925  -0.0486  +0.2384
[23:46:24] # 1119 [bench] e2e=  981.7ms  infer=  978.9ms  cap=  2.6ms
    t+0   | +0.2348  -0.0663  -0.1086  +0.3015  +0.0976  +0.2796
    t+1   | +0.1714  -0.0365  -0.1385  +0.3238  +0.1402  +0.1926
    t+2   | +0.1626  +0.0269  -0.1754  +0.3503  +0.1520  +0.1916
    t+3   | +0.1516  +0.0931  -0.2412  +0.3899  +0.2169  +0.1980
    t+4   | +0.1282  +0.1630  -0.3362  +0.4773  +0.2894  +0.2157
[23:46:25] # 1120 [bench] e2e=  994.3ms  infer=  991.2ms  cap=  2.9ms
    t+0   | +0.1551  -0.0746  -0.1482  +0.3007  +0.0947  -0.5916
    t+1   | +0.1319  -0.0540  -0.2074  +0.3392  +0.1315  -0.5017
    t+2   | +0.1217  -0.0038  -0.2442  +0.3348  +0.1368  -0.4621
    t+3   | +0.1422  +0.0333  -0.2392  +0.3386  +0.1361  -0.2701
    t+4   | +0.1412  +0.0203  -0.1866  +0.3471  +0.2327  -0.2515
[23:46:26] # 1121 [bench] e2e=  993.2ms  infer=  989.9ms  cap=  3.1ms
    t+0   | +0.3031  +0.0323  -0.1616  +0.2974  -0.0496  +0.0514
    t+1   | +0.2211  +0.0814  -0.1777  +0.2710  +0.0833  -0.0854
    t+2   | +0.1482  +0.1177  -0.2189  +0.3279  +0.1957  -0.1010
    t+3   | +0.0854  +0.1392  -0.2820  +0.3392  +0.2046  -0.1819
    t+4   | +0.1049  +0.1355  -0.3071  +0.3488  +0.1475  -0.1421
[23:46:27] # 1122 [bench] e2e= 1026.9ms  infer= 1023.6ms  cap=  3.1ms
    t+0   | +0.1726  -0.1115  -0.0514  +0.2676  -0.0126  -0.1111
    t+1   | +0.1856  -0.0942  -0.0773  +0.2961  +0.0248  -0.1274
    t+2   | +0.2051  -0.0414  -0.1422  +0.3483  +0.0284  -0.1097
    t+3   | +0.1769  -0.0312  -0.1413  +0.3446  -0.0013  -0.0971
    t+4   | +0.1572  -0.0014  -0.1452  +0.3695  -0.0298  +0.0149
[23:46:28] # 1123 [bench] e2e=  977.4ms  infer=  973.8ms  cap=  3.4ms
    t+0   | +0.0240  -0.0926  -0.2159  +0.2747  +0.2224  -0.5793
    t+1   | +0.1389  -0.0087  -0.2773  +0.3378  +0.2938  -0.4437
    t+2   | +0.1556  +0.1005  -0.3215  +0.3510  +0.2424  -0.3196
    t+3   | +0.0861  +0.1470  -0.3903  +0.3175  +0.3529  -0.3467
    t+4   | +0.1109  +0.1284  -0.3465  +0.3036  +0.3340  -0.3720
[23:46:29] # 1124 [bench] e2e=  991.1ms  infer=  987.9ms  cap=  3.0ms
    t+0   | +0.2460  +0.1657  -0.3914  +0.3918  +0.2072  -0.1184
    t+1   | +0.2277  +0.1406  -0.3619  +0.3686  +0.1193  +0.1602
    t+2   | +0.2422  +0.1982  -0.4089  +0.3991  +0.2487  +0.2314
    t+3   | +0.2505  +0.1837  -0.3792  +0.3761  +0.2037  +0.1539
    t+4   | +0.2438  +0.2536  -0.4270  +0.3963  +0.2246  -0.0310
[23:46:30] # 1125 [bench] e2e=  992.5ms  infer=  989.2ms  cap=  3.2ms
    t+0   | +0.0550  +0.0145  -0.0531  +0.3027  -0.0784  +1.1288
    t+1   | -0.0154  +0.1003  -0.1555  +0.3500  +0.0210  +1.2862
    t+2   | +0.1151  +0.1367  -0.2237  +0.3950  +0.1505  +0.9868
    t+3   | +0.1808  +0.1704  -0.2667  +0.4341  +0.1605  +0.6679
    t+4   | +0.2171  +0.1640  -0.2739  +0.4394  +0.1650  +0.6761

  [live] after 1120 bench steps — e2e mean=989.8ms  |  max replan freq=1.01 Hz  |  max control freq=5.05 Hz (n_action_steps=5)

[23:46:31] # 1126 [bench] e2e=  991.6ms  infer=  988.6ms  cap=  2.9ms
    t+0   | +0.1557  +0.1667  -0.2721  +0.3284  +0.0138  +0.3603
    t+1   | +0.1619  +0.1971  -0.3224  +0.3251  +0.0969  +0.3409
    t+2   | +0.1916  +0.2176  -0.3890  +0.3290  +0.1894  +0.2204
    t+3   | +0.2722  +0.2294  -0.4076  +0.3218  +0.3028  +0.1091
    t+4   | +0.3162  +0.2570  -0.3861  +0.3410  +0.3754  +0.1050
[23:46:32] # 1127 [bench] e2e=  997.1ms  infer=  994.6ms  cap=  2.4ms
    t+0   | +0.2301  +0.0534  -0.1286  +0.3136  +0.1591  +0.0641
    t+1   | +0.2426  +0.0188  -0.1134  +0.3069  +0.1338  +0.0111
    t+2   | +0.3026  +0.0869  -0.2158  +0.3490  +0.2489  +0.0395
    t+3   | +0.3083  +0.1331  -0.3050  +0.3592  +0.2673  +0.0744
    t+4   | +0.2745  +0.2075  -0.4484  +0.4303  +0.4225  +0.0364
[23:46:33] # 1128 [bench] e2e=  996.4ms  infer=  994.1ms  cap=  2.2ms
    t+0   | +0.1106  -0.1596  +0.0339  +0.1982  +0.1250  -0.0341
    t+1   | +0.0875  -0.0622  -0.2388  +0.3767  +0.2707  -0.0706
    t+2   | +0.1652  -0.0285  -0.2956  +0.4205  +0.3238  -0.0495
    t+3   | +0.2920  -0.0067  -0.3050  +0.4466  +0.4257  +0.0113
    t+4   | +0.3858  +0.0647  -0.3514  +0.4794  +0.5468  +0.0123
[23:46:34] # 1129 [bench] e2e=  992.5ms  infer=  990.0ms  cap=  2.3ms
    t+0   | +0.2034  -0.0714  -0.1465  +0.3364  +0.2991  +0.2035
    t+1   | +0.1945  -0.0324  -0.1820  +0.3599  +0.2417  +0.1977
    t+2   | +0.2617  +0.0037  -0.1653  +0.3727  +0.2568  +0.3026
    t+3   | +0.2933  +0.0301  -0.1446  +0.3912  +0.2121  +0.9687
    t+4   | +0.3235  +0.0503  -0.0939  +0.4126  +0.6097  +0.6513
[23:46:35] # 1130 [bench] e2e=  996.0ms  infer=  993.6ms  cap=  2.2ms
    t+0   | +0.0171  +0.0291  -0.1308  +0.3054  -0.0932  +0.4119
    t+1   | +0.1170  +0.0461  -0.1454  +0.3206  -0.0128  +0.2542
    t+2   | +0.1433  +0.0736  -0.2402  +0.3482  +0.0129  +0.1054
    t+3   | +0.1832  +0.0908  -0.2704  +0.3430  -0.0027  +0.0517
    t+4   | +0.2257  +0.0519  -0.2438  +0.3422  +0.0142  +0.0421
[23:46:36] # 1131 [bench] e2e=  998.8ms  infer=  995.8ms  cap=  2.9ms
    t+0   | +0.0785  -0.0369  -0.1612  +0.3833  +0.0480  +1.0232
    t+1   | +0.0838  -0.0823  -0.0996  +0.3464  +0.0655  +0.5401
    t+2   | +0.0694  -0.0818  -0.0746  +0.3358  +0.0341  +0.0449
    t+3   | +0.0996  -0.0338  -0.1299  +0.3894  +0.0434  +0.2346
    t+4   | +0.1139  -0.0141  -0.1540  +0.4091  +0.0618  +0.2647
[23:46:37] # 1132 [bench] e2e=  983.4ms  infer=  980.1ms  cap=  3.1ms
    t+0   | +0.1825  -0.1205  -0.0476  +0.2656  +0.1068  -0.1088
    t+1   | +0.1830  -0.0732  -0.1197  +0.2931  +0.2543  -0.1287
    t+2   | +0.2042  +0.0131  -0.1705  +0.3052  +0.2700  -0.1303
    t+3   | +0.2351  +0.0452  -0.1813  +0.2908  +0.2451  -0.1098
    t+4   | +0.2406  +0.1112  -0.2283  +0.3692  +0.2605  -0.0000
[23:46:38] # 1133 [bench] e2e=  997.6ms  infer=  994.3ms  cap=  3.1ms
    t+0   | +0.1350  +0.1177  -0.2466  +0.3290  -0.0970  +0.1642
    t+1   | +0.1047  +0.1317  -0.3068  +0.3772  +0.0856  -0.0189
    t+2   | +0.1657  +0.1594  -0.3552  +0.4033  +0.0979  -0.1124
    t+3   | +0.2801  +0.1916  -0.3975  +0.4320  +0.1454  -0.1147
    t+4   | +0.3054  +0.2378  -0.4164  +0.4451  +0.1738  -0.0765
[23:46:39] # 1134 [bench] e2e=  980.9ms  infer=  977.6ms  cap=  3.1ms
    t+0   | +0.0253  -0.0655  -0.0640  +0.2333  -0.0724  +0.1579
    t+1   | -0.0199  -0.1027  -0.0417  +0.2168  +0.0186  +0.0082
    t+2   | +0.0144  -0.0794  -0.1154  +0.2737  +0.0209  -0.1187
    t+3   | +0.0663  +0.0591  -0.2432  +0.3293  +0.0410  -0.0806
    t+4   | +0.0882  +0.1230  -0.3579  +0.3624  +0.0626  -0.0582
[23:46:40] # 1135 [bench] e2e=  984.3ms  infer=  981.0ms  cap=  3.2ms
    t+0   | +0.2073  -0.0928  -0.0484  +0.3457  +0.2127  -0.1023
    t+1   | +0.1028  -0.0948  -0.0412  +0.3621  +0.5122  -0.4407
    t+2   | +0.0668  -0.0339  -0.1154  +0.3475  +0.4868  -0.5475
    t+3   | +0.0154  +0.0383  -0.2431  +0.3557  +0.2729  -0.4537
    t+4   | +0.0360  +0.0840  -0.3123  +0.3926  +0.3235  -0.4267
[23:46:41] # 1136 [bench] e2e=  993.4ms  infer=  990.2ms  cap=  3.1ms
    t+0   | +0.1408  +0.0056  -0.1586  +0.2789  +0.1525  -0.0819
    t+1   | +0.1411  +0.0661  -0.2331  +0.3365  +0.2492  +0.0967
    t+2   | +0.1482  +0.0722  -0.2215  +0.3557  +0.1645  +0.0793
    t+3   | +0.1516  +0.0564  -0.1998  +0.3850  +0.1430  +0.1003
    t+4   | +0.1619  +0.0023  -0.1520  +0.3721  +0.1479  +0.0151
[23:46:42] # 1137 [bench] e2e=  978.0ms  infer=  975.6ms  cap=  2.2ms
    t+0   | -0.0941  +0.0828  -0.2871  +0.3279  +0.2200  -0.0117
    t+1   | -0.0658  +0.0836  -0.3696  +0.3873  +0.2461  +0.0124
    t+2   | -0.0166  +0.0865  -0.3707  +0.3629  +0.0605  +0.0330
    t+3   | -0.0328  +0.1969  -0.4592  +0.4033  +0.1263  -0.0617
    t+4   | -0.0377  +0.2029  -0.4980  +0.3907  +0.1209  -0.3717
[23:46:43] # 1138 [bench] e2e=  993.0ms  infer=  990.4ms  cap=  2.4ms
    t+0   | +0.2111  +0.0572  -0.2137  +0.3159  +0.0550  -0.0564
    t+1   | +0.0685  +0.0487  -0.2489  +0.3020  +0.2214  -0.0888
    t+2   | +0.0938  +0.0310  -0.2329  +0.3117  +0.1676  -0.0239
    t+3   | +0.0841  +0.0323  -0.2246  +0.3538  +0.1558  -0.0281
    t+4   | +0.0815  +0.0733  -0.2746  +0.3999  +0.1248  -0.0253
[23:46:44] # 1139 [bench] e2e=  995.5ms  infer=  992.2ms  cap=  3.2ms
    t+0   | +0.0396  +0.0130  -0.0739  +0.2096  +0.0946  -0.0013
    t+1   | +0.0572  +0.1309  -0.1800  +0.2328  +0.0929  +0.0274
    t+2   | +0.1060  +0.1186  -0.1863  +0.2442  +0.0826  -0.0222
    t+3   | +0.0963  +0.1368  -0.2166  +0.2846  +0.1394  -0.1396
    t+4   | +0.1080  +0.1449  -0.2741  +0.2989  +0.1651  -0.1341
[23:46:45] # 1140 [bench] e2e=  992.9ms  infer=  989.8ms  cap=  2.9ms
    t+0   | +0.0127  +0.0677  -0.2092  +0.3207  +0.0325  -0.1196
    t+1   | +0.0811  +0.0905  -0.2293  +0.3387  +0.1749  -0.0908
    t+2   | +0.1950  +0.1192  -0.2749  +0.3595  +0.2207  +0.0434
    t+3   | +0.2793  +0.1213  -0.2795  +0.3784  +0.2808  +0.0511
    t+4   | +0.2893  +0.1158  -0.2637  +0.3736  +0.2226  +0.0062
[23:46:46] # 1141 [bench] e2e=  997.3ms  infer=  994.0ms  cap=  3.1ms
    t+0   | +0.2021  +0.0959  -0.2486  +0.3827  +0.1238  -0.6310
    t+1   | +0.2485  +0.1409  -0.2887  +0.4297  +0.1818  -0.6466
    t+2   | +0.2573  +0.1579  -0.2770  +0.4416  +0.1607  -0.5838
    t+3   | +0.2738  +0.2302  -0.3550  +0.4781  +0.0880  -0.4644
    t+4   | +0.2961  +0.2318  -0.3984  +0.4548  +0.0342  -0.3543
[23:46:47] # 1142 [bench] e2e=  975.3ms  infer=  972.7ms  cap=  2.5ms
    t+0   | +0.2493  +0.0425  -0.2221  +0.3416  +0.1021  -0.0758
    t+1   | +0.2216  +0.0481  -0.2635  +0.3496  +0.1233  -0.0667
    t+2   | +0.2120  +0.1347  -0.2676  +0.4057  +0.1323  -0.0079
    t+3   | +0.2487  +0.1634  -0.3384  +0.4394  +0.0889  +0.1666
    t+4   | +0.1684  +0.1366  -0.3751  +0.4809  -0.0117  +0.6700
[23:46:48] # 1143 [bench] e2e=  987.6ms  infer=  984.4ms  cap=  3.0ms
    t+0   | +0.1588  +0.1692  -0.3177  +0.3518  +0.0633  +0.0505
    t+1   | +0.0615  +0.1632  -0.3811  +0.3080  -0.0068  +0.0522
    t+2   | +0.0739  +0.1560  -0.3757  +0.2950  -0.0296  +0.0080
    t+3   | +0.0988  +0.1566  -0.3610  +0.3065  -0.0356  -0.0041
    t+4   | +0.1111  +0.1873  -0.3809  +0.3483  -0.0311  +0.0007
[23:46:49] # 1144 [bench] e2e=  993.7ms  infer=  991.0ms  cap=  2.6ms
    t+0   | +0.2826  +0.0834  -0.1792  +0.3071  +0.0616  +0.0535
    t+1   | +0.2675  +0.1375  -0.2232  +0.3221  +0.0255  +0.2075
    t+2   | +0.2380  +0.1274  -0.2307  +0.3197  +0.0141  +0.2346
    t+3   | +0.2285  +0.0877  -0.2093  +0.3319  +0.0425  +0.3132
    t+4   | +0.2438  +0.0730  -0.2235  +0.3551  +0.0352  +0.2717
[23:46:50] # 1145 [bench] e2e=  997.4ms  infer=  994.6ms  cap=  2.7ms
    t+0   | +0.3640  +0.2695  -0.3190  +0.4526  +0.0341  +0.0883
    t+1   | +0.2896  +0.2691  -0.2925  +0.3906  +0.0499  +0.0658
    t+2   | +0.2262  +0.2383  -0.2749  +0.3603  -0.0104  +0.2498
    t+3   | +0.2233  +0.2742  -0.2599  +0.3684  -0.0503  +0.3747
    t+4   | +0.1868  +0.2510  -0.3073  +0.3490  -0.0454  +0.2381

  [live] after 1140 bench steps — e2e mean=989.8ms  |  max replan freq=1.01 Hz  |  max control freq=5.05 Hz (n_action_steps=5)

[23:46:51] # 1146 [bench] e2e= 1030.5ms  infer= 1027.4ms  cap=  2.8ms
    t+0   | -0.1074  -0.1645  -0.0789  +0.2172  +0.0413  -0.0772
    t+1   | -0.1187  -0.2061  -0.0413  +0.1959  +0.1704  -0.2278
    t+2   | -0.0586  -0.1082  -0.1445  +0.2340  +0.4044  -0.2625
    t+3   | +0.1037  -0.0032  -0.2114  +0.2959  +0.3473  -0.1258
    t+4   | +0.1897  +0.0775  -0.2102  +0.3393  +0.3780  +0.0760
[23:46:52] # 1147 [bench] e2e=  998.3ms  infer=  995.7ms  cap=  2.5ms
    t+0   | +0.1273  -0.0105  -0.0914  +0.3484  +0.3665  -0.3758
    t+1   | +0.1248  -0.0542  -0.1057  +0.3159  +0.2060  -0.3739
    t+2   | +0.1453  -0.0513  -0.1240  +0.3296  +0.2104  -0.1265
    t+3   | +0.1840  -0.0605  -0.1320  +0.3256  +0.0835  +0.2224
    t+4   | +0.0476  -0.0115  -0.1182  +0.3275  +0.3074  +0.5339
[23:46:53] # 1148 [bench] e2e=  981.0ms  infer=  978.1ms  cap=  2.7ms
    t+0   | +0.1584  +0.0157  -0.1526  +0.2382  -0.0420  +0.1969
    t+1   | +0.1938  +0.0611  -0.1959  +0.2894  +0.1345  +0.1998
    t+2   | +0.2460  +0.0978  -0.2203  +0.3570  +0.2728  +0.1617
    t+3   | +0.1883  +0.1775  -0.5553  +0.4967  +0.2746  +0.1341
    t+4   | +0.1142  +0.2079  -0.6695  +0.5580  +0.2930  +0.1358
[23:46:54] # 1149 [bench] e2e=  993.2ms  infer=  989.8ms  cap=  3.3ms
    t+0   | +0.1150  -0.0876  -0.0636  +0.2470  +0.0223  -0.1380
    t+1   | +0.1322  -0.0357  -0.1307  +0.2795  -0.0184  +0.0090
    t+2   | +0.1537  -0.0230  -0.1593  +0.3275  +0.0329  +0.0606
    t+3   | +0.1470  -0.0389  -0.1520  +0.3327  +0.1035  +0.0119
    t+4   | +0.1598  -0.0430  -0.1541  +0.4087  +0.3475  -0.0817
[23:46:55] # 1150 [bench] e2e=  978.0ms  infer=  975.3ms  cap=  2.6ms
    t+0   | +0.2078  -0.0136  -0.1977  +0.3737  -0.0321  -0.0651
    t+1   | +0.1600  +0.0484  -0.2349  +0.3763  -0.1617  +0.1508
    t+2   | +0.1535  +0.0434  -0.2243  +0.3568  -0.0992  +0.1846
    t+3   | +0.1676  +0.0533  -0.2705  +0.4062  -0.0729  +0.1450
    t+4   | +0.2230  +0.1052  -0.2649  +0.4117  +0.2137  +0.0978
[23:46:56] # 1151 [bench] e2e=  995.9ms  infer=  993.3ms  cap=  2.4ms
    t+0   | +0.1875  +0.0899  -0.1926  +0.3023  +0.0680  -0.0318
    t+1   | +0.1670  +0.1970  -0.2489  +0.3189  +0.0498  +0.2122
    t+2   | +0.1954  +0.2281  -0.2675  +0.3131  -0.0060  +0.2015
    t+3   | +0.1953  +0.2060  -0.2504  +0.2964  +0.0262  +0.3255
    t+4   | +0.2038  +0.1998  -0.2350  +0.3228  +0.0795  +0.5497
[23:46:57] # 1152 [bench] e2e=  976.8ms  infer=  973.4ms  cap=  3.2ms
    t+0   | +0.1960  +0.1080  -0.2458  +0.3748  +0.1408  +0.1899
    t+1   | +0.1510  +0.0574  -0.2432  +0.3485  +0.1100  +0.0903
    t+2   | +0.1168  +0.0188  -0.2299  +0.3254  +0.0733  +0.0325
    t+3   | +0.1065  -0.0012  -0.2043  +0.3251  +0.0960  +0.0566
    t+4   | +0.1182  +0.0310  -0.2211  +0.3815  +0.0988  +0.0823
[23:46:58] # 1153 [bench] e2e=  997.0ms  infer=  994.4ms  cap=  2.4ms
    t+0   | +0.0239  -0.0661  -0.1073  +0.2367  -0.0227  -0.0274
    t+1   | +0.0940  -0.0557  -0.0857  +0.2736  -0.0434  +0.7197
    t+2   | +0.1730  -0.0235  -0.1339  +0.2833  -0.0198  +0.2172
    t+3   | +0.2339  +0.0346  -0.2397  +0.3578  +0.0385  +0.0212
    t+4   | +0.2654  +0.1299  -0.3012  +0.4362  +0.1492  +0.1836
[23:46:59] # 1154 [bench] e2e=  992.6ms  infer=  990.8ms  cap=  1.7ms
    t+0   | -0.0091  -0.0129  -0.1617  +0.2129  +0.1006  -0.1060
    t+1   | -0.0150  -0.0359  -0.1473  +0.1814  +0.0733  -0.1091
    t+2   | -0.0619  -0.0085  -0.1697  +0.1828  +0.0356  -0.1840
    t+3   | -0.1170  +0.0072  -0.1633  +0.2394  +0.0105  -0.3003
    t+4   | -0.0573  -0.0499  -0.1118  +0.2330  +0.0417  -0.4487
[23:47:00] # 1155 [bench] e2e=  981.2ms  infer=  978.8ms  cap=  2.3ms
    t+0   | +0.0189  +0.0818  -0.2052  +0.3151  +0.0895  +0.1011
    t+1   | +0.0356  +0.0178  -0.1297  +0.2842  +0.1205  +0.1751
    t+2   | +0.0527  +0.0236  -0.1411  +0.3126  +0.2199  +0.0764
    t+3   | +0.1593  +0.0694  -0.1865  +0.3435  +0.2695  +0.1312
    t+4   | +0.2549  +0.1376  -0.2390  +0.3702  +0.2172  +0.2718
[23:47:01] # 1156 [bench] e2e=  992.0ms  infer=  989.0ms  cap=  2.8ms
    t+0   | -0.0629  -0.0365  -0.4230  +0.3257  +0.1180  -0.2542
    t+1   | -0.0621  -0.1081  -0.3162  +0.2467  +0.0570  -0.5524
    t+2   | -0.0321  -0.0759  -0.2422  +0.2207  +0.0097  -0.5820
    t+3   | -0.0790  -0.0745  -0.2213  +0.2133  +0.0116  -0.6278
    t+4   | -0.0999  -0.0606  -0.3125  +0.3022  +0.0047  -0.4730
[23:47:02] # 1157 [bench] e2e=  999.1ms  infer=  996.7ms  cap=  2.3ms
    t+0   | +0.0284  -0.1959  +0.0478  +0.1349  +0.0798  -0.7239
    t+1   | -0.0602  -0.1295  -0.0459  +0.1709  +0.1289  -0.7044
    t+2   | -0.1081  -0.0512  -0.1312  +0.1803  +0.1552  -0.6675
    t+3   | -0.1032  +0.0371  -0.1706  +0.2105  +0.2232  -0.6316
    t+4   | -0.0426  +0.0588  -0.1812  +0.2275  +0.2171  -0.5522
[23:47:03] # 1158 [bench] e2e=  995.0ms  infer=  992.2ms  cap=  2.7ms
    t+0   | +0.2837  +0.0928  -0.1584  +0.3303  +0.0809  +0.0757
    t+1   | +0.2119  +0.1082  -0.1782  +0.3463  +0.0895  -0.0301
    t+2   | +0.1551  +0.1188  -0.2080  +0.3428  +0.0693  -0.0059
    t+3   | +0.1326  +0.1103  -0.1895  +0.3549  +0.0289  -0.0253
    t+4   | +0.1033  +0.1255  -0.2667  +0.3800  +0.0165  -0.0659
[23:47:04] # 1159 [bench] e2e=  998.1ms  infer=  995.0ms  cap=  3.0ms
    t+0   | +0.2327  -0.0050  -0.0712  +0.2638  +0.1712  -0.2128
    t+1   | +0.2686  +0.0661  -0.1781  +0.3059  +0.1470  -0.2108
    t+2   | +0.2651  +0.1210  -0.2213  +0.3348  +0.1034  -0.1291
    t+3   | +0.2556  +0.1565  -0.2748  +0.3499  +0.1106  -0.0681
    t+4   | +0.2515  +0.2392  -0.3916  +0.4178  +0.0470  +0.1405
[23:47:05] # 1160 [bench] e2e=  981.5ms  infer=  978.2ms  cap=  3.1ms
    t+0   | +0.2249  +0.0600  -0.2220  +0.3257  -0.1179  +0.0833
    t+1   | +0.1080  +0.0470  -0.2224  +0.2620  -0.1713  +0.0905
    t+2   | -0.0058  +0.0533  -0.2152  +0.2504  -0.1461  +0.0354
    t+3   | +0.0762  +0.0277  -0.2217  +0.2912  -0.0904  +0.0134
    t+4   | +0.0884  +0.0429  -0.2071  +0.2840  -0.0580  -0.0482
[23:47:06] # 1161 [bench] e2e=  998.2ms  infer=  994.5ms  cap=  3.4ms
    t+0   | +0.1080  -0.0559  -0.1093  +0.2592  +0.0097  -0.3466
    t+1   | +0.1298  -0.0373  -0.1170  +0.2812  +0.0337  -0.4225
    t+2   | +0.1306  -0.0232  -0.1332  +0.2872  +0.0162  -0.5287
    t+3   | +0.1430  -0.0045  -0.1838  +0.3093  -0.0000  -0.4733
    t+4   | +0.1579  +0.0340  -0.2679  +0.3718  +0.0193  -0.4240
[23:47:07] # 1162 [bench] e2e=  973.7ms  infer=  970.5ms  cap=  3.0ms
    t+0   | +0.1001  -0.0434  -0.0342  +0.1665  -0.0520  -0.4555
    t+1   | +0.0850  -0.0326  -0.1447  +0.2155  +0.0079  -0.4569
    t+2   | +0.1017  -0.0080  -0.2385  +0.2566  +0.1146  -0.4488
    t+3   | +0.0679  -0.0061  -0.3031  +0.2595  +0.1498  -0.4724
    t+4   | +0.0050  -0.0202  -0.3056  +0.2800  +0.2155  -0.4956
[23:47:08] # 1163 [bench] e2e=  977.5ms  infer=  975.1ms  cap=  2.1ms
    t+0   | +0.2366  +0.0582  -0.1457  +0.2855  +0.1099  -0.0819
    t+1   | +0.2558  +0.0702  -0.1834  +0.2702  +0.0263  -0.0367
    t+2   | +0.2262  +0.1063  -0.2299  +0.2896  -0.0322  +0.1282
    t+3   | +0.2473  +0.0977  -0.2229  +0.2718  -0.0325  +0.0926
    t+4   | +0.2559  +0.1160  -0.2597  +0.2533  -0.0178  +0.0212
[23:47:09] # 1164 [bench] e2e=  990.3ms  infer=  987.1ms  cap=  3.0ms
    t+0   | -0.0069  +0.0771  -0.3207  +0.3235  -0.1071  -0.2293
    t+1   | -0.0544  +0.0722  -0.3115  +0.3070  -0.0376  -0.1624
    t+2   | -0.0000  +0.1016  -0.4820  +0.3440  -0.0681  -0.0820
    t+3   | +0.0058  +0.0047  -0.3314  +0.2934  -0.0178  -0.1656
    t+4   | +0.0217  -0.0019  -0.2678  +0.3024  -0.0124  -0.2995
[23:47:10] # 1165 [bench] e2e=  978.6ms  infer=  975.2ms  cap=  3.2ms
    t+0   | +0.0624  +0.0560  -0.1625  +0.2659  +0.0893  +0.0281
    t+1   | +0.0943  +0.0445  -0.1689  +0.2563  +0.1194  -0.0855
    t+2   | +0.1205  -0.0072  -0.1494  +0.2263  +0.1138  -0.1978
    t+3   | +0.1186  -0.0474  -0.1277  +0.1840  +0.1071  -0.2437
    t+4   | +0.0681  -0.0784  -0.0530  +0.1068  +0.1647  -0.5177

  [live] after 1160 bench steps — e2e mean=989.8ms  |  max replan freq=1.01 Hz  |  max control freq=5.05 Hz (n_action_steps=5)

[23:47:11] # 1166 [bench] e2e=  988.8ms  infer=  985.3ms  cap=  3.3ms
    t+0   | +0.1745  +0.0858  -0.1644  +0.2819  +0.0104  -0.0147
    t+1   | +0.1711  +0.0643  -0.1637  +0.2631  -0.0600  -0.1364
    t+2   | +0.1831  +0.0781  -0.1943  +0.2563  -0.0508  -0.1890
    t+3   | +0.1520  +0.0625  -0.1703  +0.2441  +0.0258  -0.2987
    t+4   | +0.1158  +0.0214  -0.1006  +0.2148  +0.1367  -0.1895
[23:47:12] # 1167 [bench] e2e=  975.8ms  infer=  973.3ms  cap=  2.4ms
    t+0   | +0.2665  +0.0430  -0.1248  +0.2779  +0.0205  +0.1907
    t+1   | +0.1867  -0.0080  -0.0755  +0.2482  +0.0649  +0.1064
    t+2   | +0.1284  -0.0168  -0.0689  +0.2325  +0.0349  +0.0783
    t+3   | +0.1147  +0.0179  -0.1267  +0.2492  +0.0250  +0.1215
    t+4   | +0.1090  +0.0335  -0.1526  +0.2645  +0.0251  +0.1304
[23:47:13] # 1168 [bench] e2e=  999.5ms  infer=  995.4ms  cap=  3.7ms
    t+0   | +0.1319  -0.0779  -0.0023  +0.1691  -0.0866  -0.0754
    t+1   | +0.1218  -0.0418  -0.0187  +0.1598  -0.0339  -0.1299
    t+2   | +0.0837  -0.0093  -0.0177  +0.1696  +0.0031  -0.1954
    t+3   | +0.0185  +0.0233  -0.0010  +0.1485  +0.0164  -0.3298
    t+4   | +0.0019  -0.0117  +0.0373  +0.1187  +0.0487  -0.4537
[23:47:14] # 1169 [bench] e2e=  998.0ms  infer=  994.8ms  cap=  2.9ms
    t+0   | +0.1992  -0.0546  -0.0998  +0.2471  +0.0631  +0.1816
    t+1   | +0.1883  -0.0874  -0.0958  +0.2239  +0.0392  +0.0489
    t+2   | +0.1934  -0.0843  -0.1087  +0.1992  +0.0535  +0.0551
    t+3   | +0.1155  -0.0801  -0.0841  +0.1550  +0.0842  +0.0929
    t+4   | +0.0831  -0.0643  -0.0865  +0.1718  +0.0368  +0.1320
[23:47:15] # 1170 [bench] e2e= 1006.0ms  infer= 1004.3ms  cap=  1.5ms
    t+0   | +0.0779  -0.1308  -0.0204  +0.2093  +0.0157  -0.1323
    t+1   | +0.1104  -0.0683  -0.0718  +0.2466  +0.0809  -0.0571
    t+2   | +0.1364  -0.0753  -0.0735  +0.2071  +0.1300  -0.0645
    t+3   | +0.1522  -0.0877  -0.0319  +0.2007  +0.0831  -0.0979
    t+4   | +0.1481  -0.0825  -0.0386  +0.2205  +0.0972  -0.0992
[23:47:16] # 1171 [bench] e2e=  994.4ms  infer=  992.6ms  cap=  1.6ms
    t+0   | +0.1010  -0.0031  -0.1182  +0.2188  -0.0609  +0.0460
    t+1   | +0.0856  +0.0182  -0.1420  +0.2282  +0.0052  +0.0423
    t+2   | +0.0919  +0.0764  -0.2751  +0.2576  +0.0422  +0.3034
    t+3   | +0.0786  +0.1056  -0.2958  +0.2825  +0.0666  +0.2855
    t+4   | +0.0625  +0.1202  -0.3148  +0.2625  +0.0583  +0.0077
[23:47:17] # 1172 [bench] e2e= 1000.6ms  infer=  998.8ms  cap=  1.7ms
    t+0   | -0.0208  -0.0289  -0.1345  +0.2406  +0.0871  -0.0450
    t+1   | +0.0111  -0.0787  -0.0601  +0.1704  +0.0342  -0.1153
    t+2   | +0.0448  -0.0023  -0.1083  +0.1757  +0.0486  -0.0902
    t+3   | +0.1235  +0.0125  -0.1592  +0.2017  +0.0327  -0.0072
    t+4   | +0.1092  +0.0096  -0.1416  +0.1848  -0.0160  -0.0484
[23:47:18] # 1173 [bench] e2e=  993.6ms  infer=  990.5ms  cap=  3.0ms
    t+0   | -0.0353  -0.3371  +0.1984  -0.1241  -0.2319  -0.4613
    t+1   | -0.0241  -0.1758  +0.0661  +0.0015  -0.1756  -0.4993
    t+2   | -0.0293  -0.1203  +0.0175  +0.0456  -0.1046  -0.6395
    t+3   | -0.0408  -0.0933  -0.0083  +0.0872  -0.0601  -0.6529
    t+4   | -0.0681  -0.1287  -0.0169  +0.1083  -0.0486  -0.6744
[23:47:19] # 1174 [bench] e2e=  998.9ms  infer=  995.6ms  cap=  3.0ms
    t+0   | +0.1504  -0.1465  +0.0211  +0.2029  +0.0841  -0.3903
    t+1   | +0.1550  -0.1117  +0.0018  +0.2273  +0.0820  -0.3895
    t+2   | +0.1799  -0.0076  -0.0756  +0.2950  +0.0479  -0.1169
    t+3   | +0.0154  +0.1331  -0.4571  +0.4331  -0.0317  -0.2290
    t+4   | +0.0547  +0.2171  -0.5610  +0.4705  -0.1205  -0.0978
[23:47:20] # 1175 [bench] e2e= 1000.6ms  infer=  998.0ms  cap=  2.5ms
    t+0   | +0.2078  +0.0519  -0.1145  +0.2656  -0.1038  +0.2160
    t+1   | +0.1686  +0.0130  -0.0469  +0.2236  -0.1441  +0.2242
    t+2   | +0.0383  -0.0714  -0.0616  +0.1924  -0.4997  +0.0711
    t+3   | -0.0216  -0.0689  -0.0926  +0.1942  -0.4684  -0.0313
    t+4   | -0.0381  -0.0908  -0.1713  +0.2020  -0.4450  -0.1272
[23:47:21] # 1176 [bench] e2e= 1002.4ms  infer=  999.4ms  cap=  2.7ms
    t+0   | +0.0975  -0.0804  -0.0462  +0.2088  -0.0034  -0.1765
    t+1   | +0.0504  -0.0775  -0.0587  +0.2036  -0.0150  -0.1561
    t+2   | +0.0438  -0.0414  -0.0730  +0.2061  -0.0331  -0.1414
    t+3   | +0.0438  +0.0159  -0.1500  +0.2106  +0.0063  -0.2427
    t+4   | +0.0858  +0.0458  -0.1694  +0.1933  +0.0053  -0.5002
[23:47:22] # 1177 [bench] e2e=  994.1ms  infer=  990.6ms  cap=  3.3ms
    t+0   | +0.0966  -0.1138  +0.0415  +0.1499  +0.0257  -0.7106
    t+1   | +0.1089  -0.0391  -0.0647  +0.2098  +0.0248  -0.3914
    t+2   | +0.1092  +0.0230  -0.1324  +0.2340  +0.0697  -0.1055
    t+3   | +0.1069  +0.0227  -0.1243  +0.2270  +0.1122  +0.0280
    t+4   | +0.0877  +0.0244  -0.1131  +0.2060  +0.0989  +0.0763
[23:47:23] # 1178 [bench] e2e=  996.1ms  infer=  992.8ms  cap=  3.2ms
    t+0   | +0.1128  -0.0145  -0.2997  +0.2614  -0.0890  -0.6969
    t+1   | +0.0818  -0.0307  -0.2086  +0.2343  -0.0396  -0.7112
    t+2   | +0.0541  -0.0858  -0.1399  +0.2039  -0.0221  -0.6991
    t+3   | +0.0301  -0.1252  -0.1250  +0.1733  -0.0075  -0.7026
    t+4   | +0.0158  -0.1323  -0.1211  +0.1775  +0.0248  -0.7455
[23:47:24] # 1179 [bench] e2e= 1000.3ms  infer=  997.3ms  cap=  2.8ms
    t+0   | +0.0913  +0.0762  -0.1054  +0.2248  +0.0949  -0.2358
    t+1   | +0.0230  +0.0301  -0.0013  +0.1610  +0.1840  -0.2514
    t+2   | +0.0404  +0.0011  +0.0053  +0.1524  +0.1627  -0.1460
    t+3   | +0.0424  +0.0573  -0.0634  +0.1551  +0.1775  -0.0769
    t+4   | +0.0337  +0.0772  -0.0961  +0.1810  +0.1600  -0.1074
[23:47:25] # 1180 [bench] e2e=  994.1ms  infer=  991.1ms  cap=  2.8ms
    t+0   | +0.1723  -0.0203  -0.1400  +0.2092  +0.0154  -0.5356
    t+1   | +0.3512  +0.0801  -0.2308  +0.2646  +0.2240  -0.4106
    t+2   | +0.3133  +0.1023  -0.2156  +0.2827  +0.2137  -0.1471
    t+3   | +0.3178  +0.0905  -0.2018  +0.3085  +0.2145  +0.0277
    t+4   | +0.3030  +0.0549  -0.1618  +0.2904  +0.1463  +0.0733
[23:47:25] # 1181 [bench] e2e=  985.7ms  infer=  982.0ms  cap=  3.5ms
    t+0   | -0.0200  -0.1666  -0.0713  +0.2441  -0.0198  -0.2051
    t+1   | -0.0517  -0.1713  -0.0484  +0.2087  -0.0893  +0.0587
    t+2   | -0.0738  -0.1747  -0.0404  +0.1818  -0.0944  -0.0391
    t+3   | -0.0777  -0.1766  -0.0551  +0.1585  -0.0826  -0.0413
    t+4   | -0.0473  -0.1629  -0.0861  +0.1737  -0.0746  -0.0959
[23:47:26] # 1182 [bench] e2e=  999.1ms  infer=  996.5ms  cap=  2.5ms
    t+0   | +0.1226  +0.0292  -0.1654  +0.2604  -0.0354  -0.0343
    t+1   | +0.0411  -0.0232  -0.1735  +0.2311  -0.0199  -0.3281
    t+2   | +0.0383  -0.0280  -0.1906  +0.1920  +0.0104  -0.6171
    t+3   | +0.0542  -0.0102  -0.1933  +0.1809  +0.0113  -0.6512
    t+4   | +0.0624  +0.0301  -0.1999  +0.1708  -0.0089  -0.6758
[23:47:27] # 1183 [bench] e2e=  980.5ms  infer=  977.4ms  cap=  3.0ms
    t+0   | +0.0624  +0.0002  -0.0272  +0.2155  +0.1274  +0.1437
    t+1   | -0.0254  -0.0061  -0.0127  +0.1781  +0.1031  -0.0114
    t+2   | -0.0220  +0.0233  -0.0784  +0.1905  +0.0709  -0.0577
    t+3   | -0.0668  +0.0238  -0.1270  +0.1836  +0.0586  -0.0988
    t+4   | -0.1091  +0.0417  -0.1228  +0.2139  +0.0590  -0.2030
[23:47:28] # 1184 [bench] e2e=  998.0ms  infer=  995.1ms  cap=  2.7ms
    t+0   | +0.2587  +0.0465  -0.1042  +0.3089  +0.0939  +0.2191
    t+1   | +0.2008  +0.0850  -0.1270  +0.3398  +0.1087  +0.1224
    t+2   | +0.1637  +0.0789  -0.1784  +0.3155  +0.1398  -0.1200
    t+3   | +0.1018  +0.1271  -0.2469  +0.2966  +0.0950  -0.3020
    t+4   | +0.1014  +0.1178  -0.2278  +0.2965  +0.0349  -0.3005
[23:47:29] # 1185 [bench] e2e=  980.4ms  infer=  977.9ms  cap=  2.4ms
    t+0   | -0.0004  -0.1650  +0.0650  +0.1110  +0.1998  -0.6246
    t+1   | +0.0415  -0.0969  -0.0384  +0.1705  +0.1519  -0.4848
    t+2   | +0.0352  -0.0648  -0.1320  +0.2133  +0.1129  -0.3502
    t+3   | +0.0664  -0.0254  -0.1611  +0.2351  +0.1088  -0.2183
    t+4   | +0.1221  +0.0176  -0.1811  +0.2365  +0.1590  -0.2440

  [live] after 1180 bench steps — e2e mean=989.9ms  |  max replan freq=1.01 Hz  |  max control freq=5.05 Hz (n_action_steps=5)

[23:47:30] # 1186 [bench] e2e=  993.6ms  infer=  991.0ms  cap=  2.4ms
    t+0   | +0.1404  -0.1408  +0.0636  +0.1564  +0.0292  -0.0039
    t+1   | +0.1449  -0.1006  +0.0504  +0.2003  +0.0263  -0.0335
    t+2   | +0.1042  -0.0598  -0.0263  +0.2209  +0.0188  -0.1100
    t+3   | +0.0016  -0.1162  -0.0018  +0.1935  +0.0964  -0.1793
    t+4   | -0.0343  -0.1344  +0.0237  +0.1909  +0.0838  -0.1779
[23:47:31] # 1187 [bench] e2e=  995.7ms  infer=  991.8ms  cap=  3.8ms
    t+0   | +0.1076  +0.0571  -0.1783  +0.3146  +0.1500  +0.1466
    t+1   | +0.0493  -0.0067  -0.1316  +0.2561  +0.1060  -0.0195
    t+2   | +0.0222  -0.0538  -0.0882  +0.2339  +0.0431  -0.0607
    t+3   | -0.0260  -0.0277  -0.0975  +0.2258  -0.0215  -0.0983
    t+4   | -0.0538  -0.0111  -0.1482  +0.2088  -0.0716  -0.1114
[23:47:32] # 1188 [bench] e2e=  972.8ms  infer=  971.1ms  cap=  1.5ms
    t+0   | -0.1766  -0.2099  -0.0657  +0.1172  +0.0563  -0.0731
    t+1   | -0.0602  -0.1378  -0.1184  +0.1538  +0.0385  -0.1404
    t+2   | -0.0730  -0.0928  -0.1613  +0.1433  +0.0684  -0.0994
    t+3   | -0.0345  -0.0598  -0.1395  +0.1518  +0.0249  -0.0641
    t+4   | -0.0861  -0.0927  -0.1047  +0.1427  +0.0083  -0.0765
[23:47:33] # 1189 [bench] e2e=  991.3ms  infer=  988.6ms  cap=  2.5ms
    t+0   | -0.0519  +0.1510  -0.3342  +0.3338  +0.1690  -0.0354
    t+1   | -0.0893  +0.0762  -0.2893  +0.2931  +0.1076  -0.0730
    t+2   | -0.0824  +0.0474  -0.2391  +0.2801  +0.0930  -0.1309
    t+3   | -0.0925  +0.0476  -0.2674  +0.2261  +0.1063  -0.1628
    t+4   | -0.1289  +0.1254  -0.3035  +0.2488  +0.1141  -0.1555
[23:47:34] # 1190 [bench] e2e=  989.6ms  infer=  986.8ms  cap=  2.7ms
    t+0   | +0.0651  +0.0239  -0.1825  +0.2017  +0.0293  -0.3043
    t+1   | +0.0144  +0.0367  -0.2087  +0.1888  +0.0641  -0.1845
    t+2   | -0.0567  +0.1184  -0.3501  +0.2347  +0.0269  -0.0528
    t+3   | -0.0704  +0.2045  -0.4360  +0.3001  -0.0512  +0.2497
    t+4   | -0.0525  +0.2039  -0.4201  +0.2981  +0.0796  +0.0844
[23:47:35] # 1191 [bench] e2e=  982.2ms  infer=  979.5ms  cap=  2.6ms
    t+0   | -0.0460  -0.1264  -0.0932  +0.2567  +0.1547  -0.6732
    t+1   | -0.0711  -0.1763  -0.0344  +0.2494  +0.1384  -0.6759
    t+2   | -0.0997  -0.1790  -0.0355  +0.2377  +0.1543  -0.7239
    t+3   | -0.0748  -0.1397  -0.0674  +0.2353  +0.1644  -0.6759
    t+4   | -0.0356  -0.1292  -0.1557  +0.2361  +0.1620  -0.6117
[23:47:36] # 1192 [bench] e2e=  983.0ms  infer=  980.1ms  cap=  2.7ms
    t+0   | +0.0790  -0.0511  -0.0212  +0.2265  -0.0919  +0.1205
    t+1   | +0.0980  -0.0232  -0.0218  +0.2526  -0.0919  +0.2960
    t+2   | +0.1471  +0.0198  -0.0319  +0.2477  -0.0745  +0.2768
    t+3   | +0.1317  +0.0294  -0.0504  +0.2344  -0.0290  +0.0732
    t+4   | +0.1135  +0.0368  -0.0642  +0.2417  -0.0110  -0.3021
[23:47:37] # 1193 [bench] e2e= 1002.3ms  infer=  999.7ms  cap=  2.4ms
    t+0   | +0.1934  -0.1284  +0.0087  +0.1461  -0.0582  -0.5016
    t+1   | +0.2138  -0.0601  -0.0586  +0.1780  -0.0037  -0.1299
    t+2   | +0.1355  +0.0164  -0.2123  +0.2095  +0.0944  -0.0271
    t+3   | +0.0876  +0.0720  -0.2880  +0.2454  +0.1175  -0.0242
    t+4   | +0.1017  +0.0763  -0.2960  +0.2417  +0.0924  -0.1388
[23:47:38] # 1194 [bench] e2e=  986.6ms  infer=  983.7ms  cap=  2.8ms
    t+0   | +0.1147  -0.0768  +0.0336  +0.1471  +0.0095  -0.0530
    t+1   | +0.0709  -0.0789  +0.0620  +0.0918  +0.0408  -0.0750
    t+2   | -0.0296  -0.0586  +0.1139  +0.0771  +0.0613  -0.1448
    t+3   | -0.0552  -0.0474  +0.0646  +0.0891  +0.0644  -0.1407
    t+4   | -0.0271  -0.0510  -0.0234  +0.1204  +0.0598  -0.1905
[23:47:39] # 1195 [bench] e2e= 1003.9ms  infer= 1000.5ms  cap=  3.2ms
    t+0   | +0.0661  -0.1091  -0.0538  +0.1801  -0.0272  -0.3063
    t+1   | +0.0770  -0.0878  -0.0936  +0.1652  +0.0110  -0.2375
    t+2   | +0.0662  -0.0519  -0.1209  +0.1644  +0.0755  -0.1580
    t+3   | +0.0744  -0.0393  -0.1211  +0.1837  +0.0889  -0.1589
    t+4   | +0.0404  -0.0227  -0.1344  +0.2372  +0.1377  +0.3564
[23:47:40] # 1196 [bench] e2e= 1038.7ms  infer= 1035.8ms  cap=  2.8ms
    t+0   | +0.2073  +0.0061  -0.1148  +0.2726  +0.1378  +0.1663
    t+1   | +0.2293  +0.0444  -0.1506  +0.2817  +0.2092  -0.0425
    t+2   | +0.2663  +0.0618  -0.1694  +0.2737  +0.1811  -0.1202
    t+3   | +0.2425  +0.0980  -0.1652  +0.2774  +0.1437  -0.1060
    t+4   | +0.2152  +0.1454  -0.1760  +0.2682  +0.1345  -0.3089
[23:47:41] # 1197 [bench] e2e= 1004.1ms  infer= 1001.2ms  cap=  2.7ms
    t+0   | +0.2418  +0.0145  -0.1879  +0.2962  -0.0640  -0.0688
    t+1   | +0.2389  -0.0257  -0.1823  +0.2773  -0.0749  +0.0215
    t+2   | +0.2796  -0.0025  -0.1968  +0.2818  -0.0596  +0.0765
    t+3   | +0.3007  +0.0329  -0.2052  +0.3032  -0.0155  +0.0729
    t+4   | +0.2886  +0.0353  -0.2318  +0.3499  +0.0314  +0.0855
[23:47:42] # 1198 [bench] e2e=  996.4ms  infer=  993.0ms  cap=  3.2ms
    t+0   | +0.0304  -0.0211  -0.0851  +0.2633  +0.0416  -0.1501
    t+1   | +0.0042  +0.0030  -0.1642  +0.3077  +0.0236  -0.1015
    t+2   | +0.0270  +0.0398  -0.2280  +0.3176  +0.0298  -0.0509
    t+3   | +0.0450  +0.0539  -0.2620  +0.2904  +0.0341  -0.0604
    t+4   | +0.0499  +0.1134  -0.3036  +0.3305  +0.0508  -0.0624
[23:47:43] # 1199 [bench] e2e=  995.0ms  infer=  992.0ms  cap=  2.8ms
    t+0   | +0.1311  -0.1585  +0.0281  +0.1483  -0.0067  -0.2250
    t+1   | +0.0327  -0.1437  -0.0339  +0.1552  +0.1013  -0.0774
    t+2   | -0.0571  -0.0246  -0.2510  +0.1987  +0.0439  +0.0952
    t+3   | -0.0085  +0.0208  -0.2380  +0.2441  +0.0626  +0.0609
    t+4   | +0.0263  +0.0764  -0.2448  +0.2554  +0.0120  -0.0220
[23:47:44] # 1200 [bench] e2e=  994.3ms  infer=  991.9ms  cap=  2.3ms
    t+0   | +0.1767  -0.0406  -0.0348  +0.1962  -0.0522  -0.0163
    t+1   | +0.1700  -0.0185  -0.0428  +0.1768  +0.0004  -0.0676
    t+2   | +0.1628  -0.0084  -0.0680  +0.1566  +0.0292  +0.0162
    t+3   | +0.1919  +0.0149  -0.0841  +0.2171  +0.0239  +0.2265
    t+4   | +0.1720  +0.0200  -0.1519  +0.2311  +0.0760  +0.3730
[23:47:45] # 1201 [bench] e2e=  989.8ms  infer=  986.7ms  cap=  2.9ms
    t+0   | +0.0286  +0.0073  -0.2351  +0.2316  -0.1018  -0.2364
    t+1   | +0.0125  -0.0154  -0.1884  +0.1656  -0.0878  -0.2594
    t+2   | -0.0438  -0.0245  -0.1413  +0.1129  -0.1138  -0.2845
    t+3   | -0.0581  -0.0289  -0.1429  +0.1293  -0.1152  -0.3273
    t+4   | -0.0211  +0.0054  -0.1757  +0.1481  -0.0638  -0.3303
[23:47:46] # 1202 [bench] e2e=  983.7ms  infer=  980.4ms  cap=  3.1ms
    t+0   | +0.1749  +0.0192  -0.1219  +0.2304  -0.0477  -0.0740
    t+1   | +0.1170  +0.0183  -0.1264  +0.2348  +0.0353  -0.0872
    t+2   | +0.0719  +0.0344  -0.1740  +0.2543  +0.0365  -0.0708
    t+3   | +0.0674  +0.0884  -0.1945  +0.2606  +0.0234  -0.0391
    t+4   | -0.0040  +0.1590  -0.2512  +0.3023  +0.0397  -0.0715
[23:47:47] # 1203 [bench] e2e=  991.2ms  infer=  987.9ms  cap=  3.2ms
    t+0   | +0.2373  +0.0021  -0.1113  +0.2828  +0.0721  -0.1511
    t+1   | +0.1852  +0.0206  -0.1351  +0.2743  +0.1109  -0.2120
    t+2   | +0.1837  +0.0690  -0.1226  +0.2696  +0.1161  -0.1516
    t+3   | +0.2176  +0.0698  -0.1472  +0.2797  +0.0862  +0.0022
    t+4   | +0.1855  +0.1200  -0.1620  +0.3107  +0.1042  +0.1215
[23:47:48] # 1204 [bench] e2e=  982.7ms  infer=  979.4ms  cap=  3.1ms
    t+0   | +0.1781  -0.0266  -0.0481  +0.2726  +0.2041  -0.6696
    t+1   | +0.0636  -0.0719  -0.0064  +0.2059  +0.3866  -0.6208
    t+2   | -0.0459  -0.1616  +0.0581  +0.1012  +0.4743  -0.6066
    t+3   | -0.0081  -0.1475  +0.0219  +0.1247  +0.3429  -0.5057
    t+4   | -0.0204  -0.1441  -0.0033  +0.1312  +0.4287  -0.3726
[23:47:49] # 1205 [bench] e2e=  996.6ms  infer=  993.5ms  cap=  2.9ms
    t+0   | +0.2541  +0.1506  -0.2284  +0.3019  -0.0338  +0.2145
    t+1   | +0.2264  +0.2109  -0.2642  +0.3088  -0.0653  +0.2043
    t+2   | +0.1901  +0.1750  -0.1916  +0.2977  -0.1193  +0.0992
    t+3   | +0.1519  +0.1410  -0.1817  +0.3055  -0.1254  +0.0735
    t+4   | +0.1630  +0.1348  -0.1881  +0.2876  -0.0721  +0.0169

  [live] after 1200 bench steps — e2e mean=989.9ms  |  max replan freq=1.01 Hz  |  max control freq=5.05 Hz (n_action_steps=5)

[23:47:50] # 1206 [bench] e2e=  978.6ms  infer=  974.8ms  cap=  3.6ms
    t+0   | +0.2139  +0.1079  -0.2023  +0.3265  +0.1522  +0.0843
    t+1   | +0.1935  +0.1615  -0.2495  +0.3293  +0.2414  +0.0580
    t+2   | +0.1941  +0.1736  -0.2184  +0.3020  +0.1853  +0.1164
    t+3   | +0.1659  +0.1946  -0.2115  +0.2929  +0.1929  +0.2290
    t+4   | +0.1748  +0.1529  -0.2249  +0.3096  +0.0915  +0.8152
[23:47:51] # 1207 [bench] e2e= 1000.5ms  infer=  997.9ms  cap=  2.4ms
    t+0   | +0.2019  +0.0816  -0.1995  +0.3458  -0.0393  +0.1486
    t+1   | +0.1871  +0.0354  -0.1664  +0.2976  -0.0892  +0.0336
    t+2   | +0.1387  -0.0132  -0.1020  +0.2349  -0.0728  -0.0988
    t+3   | +0.1020  -0.0104  -0.0830  +0.2319  -0.0491  -0.1036
    t+4   | +0.0941  +0.0122  -0.1239  +0.2541  -0.0587  -0.2351
[23:47:52] # 1208 [bench] e2e=  998.7ms  infer=  996.1ms  cap=  2.4ms
    t+0   | +0.2079  -0.0392  -0.1297  +0.2644  +0.0602  -0.1233
    t+1   | +0.1975  -0.0350  -0.1725  +0.2880  +0.0371  -0.0715
    t+2   | +0.1525  -0.0639  -0.1630  +0.2537  +0.0032  -0.1310
    t+3   | +0.0868  -0.0985  -0.1505  +0.2180  +0.0034  -0.2344
    t+4   | +0.0885  -0.0656  -0.1791  +0.2354  +0.0263  -0.2304
[23:47:53] # 1209 [bench] e2e=  996.3ms  infer=  992.6ms  cap=  3.5ms
    t+0   | +0.1055  +0.0305  -0.0906  +0.2148  -0.0012  -0.0576
    t+1   | +0.0878  +0.0780  -0.2053  +0.2581  +0.0100  +0.1563
    t+2   | +0.1154  +0.0513  -0.1926  +0.2788  -0.0187  +0.1735
    t+3   | +0.0709  -0.0236  -0.0864  +0.1958  +0.0021  +0.1176
    t+4   | +0.0458  -0.0274  -0.0627  +0.1946  +0.0745  -0.0622
[23:47:54] # 1210 [bench] e2e=  991.2ms  infer=  988.5ms  cap=  2.5ms
    t+0   | -0.0080  -0.1684  +0.0974  +0.1180  -0.1367  -0.5190
    t+1   | +0.0114  -0.1102  +0.0403  +0.1490  -0.1552  -0.1652
    t+2   | -0.0235  -0.0925  -0.0321  +0.1470  -0.1016  -0.1797
    t+3   | -0.1131  -0.0715  -0.0714  +0.1158  -0.0852  -0.1460
    t+4   | -0.1617  -0.0954  -0.0212  +0.0561  -0.0273  -0.2921
[23:47:55] # 1211 [bench] e2e=  992.5ms  infer=  989.9ms  cap=  2.5ms
    t+0   | +0.0397  -0.1597  +0.0214  +0.1468  -0.0643  -0.1020
    t+1   | +0.0597  -0.1046  -0.0224  +0.1920  -0.0633  -0.1315
    t+2   | +0.0541  -0.1038  -0.0486  +0.1899  -0.0097  -0.1927
    t+3   | +0.0454  -0.1083  -0.0528  +0.1809  +0.0166  -0.1598
    t+4   | +0.0462  -0.1093  -0.0630  +0.1932  +0.0380  -0.1488
[23:47:56] # 1212 [bench] e2e=  994.9ms  infer=  992.1ms  cap=  2.6ms
    t+0   | +0.1747  +0.0375  -0.1117  +0.2612  +0.1626  +0.2927
    t+1   | +0.1023  -0.0212  -0.0761  +0.2190  +0.1515  +0.1882
    t+2   | +0.0247  -0.0717  -0.0305  +0.2237  +0.1378  +0.0651
    t+3   | +0.0619  -0.0802  -0.0508  +0.2001  +0.1020  -0.0053
    t+4   | +0.0747  -0.0899  -0.0519  +0.2077  +0.1352  -0.0148
[23:47:57] # 1213 [bench] e2e=  992.6ms  infer=  990.1ms  cap=  2.4ms
    t+0   | +0.1187  +0.0596  -0.1120  +0.2547  +0.0916  +0.1711
    t+1   | -0.0168  +0.1391  -0.1773  +0.2512  +0.0260  +0.1562
    t+2   | -0.0499  +0.0788  -0.1603  +0.2248  +0.0047  +0.0608
    t+3   | -0.0566  +0.0489  -0.1595  +0.2775  +0.0027  +0.0646
    t+4   | -0.0639  +0.0599  -0.1846  +0.2671  +0.0193  +0.0074
[23:47:58] # 1214 [bench] e2e=  983.7ms  infer=  981.1ms  cap=  2.4ms
    t+0   | +0.1057  -0.0314  +0.0092  +0.1781  +0.2132  -0.0604
    t+1   | +0.1086  -0.0189  -0.0320  +0.1745  +0.1780  +0.0136
    t+2   | +0.1355  +0.0083  -0.1081  +0.1877  +0.1511  +0.0113
    t+3   | +0.1134  +0.0197  -0.0902  +0.1913  +0.1133  -0.0415
    t+4   | +0.0564  +0.0402  -0.1013  +0.1966  +0.0947  -0.1491
[23:47:59] # 1215 [bench] e2e=  992.9ms  infer=  990.3ms  cap=  2.4ms
    t+0   | -0.6473  -0.4796  +0.2917  -0.1610  -0.0516  -0.6501
    t+1   | -0.3160  -0.3261  +0.1936  -0.0232  +0.0087  -0.6093
    t+2   | -0.3872  -0.3775  +0.2222  -0.1103  +0.0538  -0.5914
    t+3   | -0.2944  -0.3070  +0.1799  -0.0943  +0.0838  -0.5976
    t+4   | -0.1652  -0.2466  +0.1392  -0.0199  +0.0643  -0.5207
[23:48:00] # 1216 [bench] e2e=  994.3ms  infer=  991.7ms  cap=  2.4ms
    t+0   | -0.1374  -0.0716  +0.0101  +0.1948  +0.0038  +0.0912
    t+1   | -0.0612  -0.1765  +0.1265  +0.1338  +0.1172  -0.2003
    t+2   | +0.0225  -0.1902  +0.1065  +0.1230  +0.1098  -0.4134
    t+3   | +0.0346  -0.1703  +0.0437  +0.0916  +0.1333  -0.5935
    t+4   | +0.0859  -0.1352  +0.0171  +0.1285  +0.1210  -0.5061
[23:48:01] # 1217 [bench] e2e=  983.1ms  infer=  980.2ms  cap=  2.7ms
    t+0   | +0.0666  -0.1613  +0.0875  +0.1186  +0.1513  -0.5542
    t+1   | +0.0008  -0.1521  +0.0912  +0.0739  +0.1570  -0.5291
    t+2   | +0.0200  -0.0856  +0.0186  +0.1181  +0.1365  -0.4330
    t+3   | +0.0710  +0.0074  -0.1392  +0.1317  +0.1948  -0.3919
    t+4   | +0.0875  +0.0610  -0.1919  +0.1593  +0.2341  -0.3812
[23:48:02] # 1218 [bench] e2e=  995.9ms  infer=  992.0ms  cap=  3.7ms
    t+0   | +0.2633  +0.0136  -0.1025  +0.2724  -0.0077  -0.0865
    t+1   | +0.2160  +0.0223  -0.0871  +0.2449  +0.0392  -0.0723
    t+2   | +0.0627  +0.0061  -0.0180  +0.1175  +0.1440  -0.4412
    t+3   | +0.0631  +0.0100  -0.0330  +0.1066  +0.1124  -0.3807
    t+4   | +0.1060  +0.0367  -0.0745  +0.1291  +0.0780  -0.2913
[23:48:03] # 1219 [bench] e2e=  998.6ms  infer=  995.9ms  cap=  2.5ms
    t+0   | +0.3132  +0.0355  -0.0904  +0.2832  +0.0195  -0.0095
    t+1   | +0.2334  +0.0605  -0.0689  +0.3032  +0.0411  -0.0103
    t+2   | +0.2029  +0.0558  -0.0902  +0.2920  +0.0405  +0.0602
    t+3   | +0.0963  +0.0288  -0.1034  +0.2691  -0.0024  -0.0765
    t+4   | +0.0650  +0.0593  -0.1482  +0.3022  +0.0572  -0.1278
[23:48:04] # 1220 [bench] e2e=  984.8ms  infer=  982.4ms  cap=  2.3ms
    t+0   | +0.0221  -0.0404  -0.0859  +0.2211  +0.1270  +0.2318
    t+1   | +0.0689  -0.0503  -0.0837  +0.2001  +0.0608  +0.1886
    t+2   | +0.0114  -0.0262  -0.1138  +0.2153  +0.0228  +0.2961
    t+3   | -0.0527  -0.0758  -0.0363  +0.1648  +0.0989  +0.1814
    t+4   | -0.0391  -0.0767  -0.0222  +0.1555  +0.1022  -0.0356
[23:48:05] # 1221 [bench] e2e=  990.4ms  infer=  987.6ms  cap=  2.6ms
    t+0   | +0.0362  -0.1271  -0.0762  +0.1299  +0.0477  -0.6820
    t+1   | -0.0346  -0.1342  -0.1739  +0.1746  +0.1823  -0.6297
    t+2   | +0.0058  -0.1001  -0.1838  +0.2198  +0.1933  -0.4962
    t+3   | +0.0352  -0.0741  -0.1933  +0.2467  +0.2444  -0.3933
    t+4   | +0.0226  -0.0598  -0.2475  +0.2697  +0.3116  -0.3332
[23:48:06] # 1222 [bench] e2e=  994.6ms  infer=  991.4ms  cap=  3.1ms
    t+0   | +0.1572  -0.0090  -0.0367  +0.2578  +0.2252  +0.0038
    t+1   | +0.1872  -0.0076  -0.0418  +0.2251  +0.1673  +0.1423
    t+2   | +0.1404  -0.0146  -0.0108  +0.1903  +0.1522  +0.1536
    t+3   | +0.1022  -0.0355  -0.0282  +0.1920  +0.0917  +0.2401
    t+4   | +0.1430  +0.0054  -0.0775  +0.2162  +0.0809  +0.1997
[23:48:07] # 1223 [bench] e2e=  978.3ms  infer=  975.0ms  cap=  3.1ms
    t+0   | -0.2962  -0.0939  -0.0636  +0.1942  -0.0025  -0.1820
    t+1   | -0.3341  +0.0103  -0.1322  +0.2737  +0.1223  -0.1501
    t+2   | -0.2058  +0.0060  -0.1540  +0.2474  +0.0879  -0.1723
    t+3   | -0.2240  +0.0499  -0.1665  +0.2573  +0.0811  -0.2984
    t+4   | -0.2367  +0.0420  -0.1762  +0.2072  +0.0434  -0.3991
[23:48:08] # 1224 [bench] e2e=  988.2ms  infer=  985.0ms  cap=  3.0ms
    t+0   | +0.0703  -0.0092  +0.0690  +0.1542  +0.3357  +0.3190
    t+1   | +0.1248  +0.0293  -0.0606  +0.2042  +0.1923  +0.0746
    t+2   | +0.1160  +0.0462  -0.1287  +0.2313  +0.0765  -0.0321
    t+3   | +0.0666  +0.0788  -0.1652  +0.2273  -0.0142  -0.0149
    t+4   | +0.0204  +0.1252  -0.1826  +0.2243  -0.0829  -0.0262
[23:48:09] # 1225 [bench] e2e=  969.4ms  infer=  966.8ms  cap=  2.4ms
    t+0   | +0.1184  -0.0345  -0.0385  +0.2014  +0.1404  -0.4829
    t+1   | +0.0535  -0.0193  -0.0652  +0.1686  +0.0648  -0.6131
    t+2   | -0.0080  -0.0043  -0.0731  +0.1696  +0.0380  -0.5063
    t+3   | -0.0294  -0.0547  -0.0562  +0.1703  +0.0233  -0.3653
    t+4   | -0.0556  -0.0875  -0.0650  +0.1833  +0.0216  -0.1152

  [live] after 1220 bench steps — e2e mean=989.9ms  |  max replan freq=1.01 Hz  |  max control freq=5.05 Hz (n_action_steps=5)

[23:48:10] # 1226 [bench] e2e=  987.0ms  infer=  984.2ms  cap=  2.7ms
    t+0   | -0.0072  -0.1098  +0.0072  +0.1492  +0.2111  -0.6355
    t+1   | +0.0527  -0.0586  -0.0439  +0.1790  +0.1598  -0.5552
    t+2   | +0.0765  -0.0302  -0.1033  +0.2056  +0.1267  -0.3766
    t+3   | +0.1195  +0.0450  -0.1745  +0.3276  +0.1218  -0.2312
    t+4   | +0.1805  +0.1646  -0.3568  +0.3672  +0.0640  -0.1235
[23:48:11] # 1227 [bench] e2e=  981.6ms  infer=  979.4ms  cap=  2.1ms
    t+0   | +0.3281  +0.1268  -0.1239  +0.3036  +0.0319  +0.7920
    t+1   | +0.1982  +0.1374  -0.1364  +0.2749  +0.0545  +0.4589
    t+2   | +0.1067  +0.1244  -0.1640  +0.2970  +0.1343  +0.4728
    t+3   | +0.0457  +0.0368  -0.1212  +0.2459  +0.0908  -0.3081
    t+4   | +0.0597  +0.0421  -0.1238  +0.2284  +0.0662  -0.2844
[23:48:12] # 1228 [bench] e2e=  996.3ms  infer=  993.2ms  cap=  3.0ms
    t+0   | +0.0991  +0.0145  -0.1270  +0.2148  +0.0034  -0.0493
    t+1   | +0.0103  -0.0079  -0.1240  +0.1734  -0.0235  -0.0426
    t+2   | -0.0229  +0.0458  -0.1664  +0.2240  -0.0631  -0.0135
    t+3   | -0.0092  +0.0913  -0.2450  +0.2755  -0.0742  -0.0450
    t+4   | -0.0176  +0.1590  -0.3632  +0.3293  -0.0250  -0.1027
[23:48:13] # 1229 [bench] e2e=  992.6ms  infer=  990.9ms  cap=  1.6ms
    t+0   | +0.1860  -0.0077  -0.1008  +0.2586  -0.0403  -0.0251
    t+1   | +0.1966  +0.0675  -0.1303  +0.2747  -0.0326  +0.1441
    t+2   | +0.0936  +0.0781  -0.1262  +0.2348  -0.0037  +0.0805
    t+3   | +0.0210  +0.0099  -0.1010  +0.2080  -0.0216  -0.0687
    t+4   | +0.0182  -0.0393  -0.0981  +0.1903  -0.0053  -0.1356
[23:48:14] # 1230 [bench] e2e=  992.8ms  infer=  990.9ms  cap=  1.7ms
    t+0   | +0.0472  -0.0327  -0.1137  +0.1815  +0.0625  -0.2402
    t+1   | +0.0471  +0.0222  -0.1798  +0.2084  +0.1372  -0.1316
    t+2   | +0.0551  +0.0108  -0.2019  +0.2353  +0.1380  -0.0697
    t+3   | +0.0486  -0.0148  -0.2145  +0.2591  +0.1117  -0.0599
    t+4   | +0.0625  +0.0189  -0.1847  +0.2727  +0.0524  -0.0463
[23:48:15] # 1231 [bench] e2e= 1032.9ms  infer= 1030.1ms  cap=  2.6ms
    t+0   | +0.0730  -0.0212  -0.1126  +0.1973  +0.0876  -0.6775
    t+1   | -0.0606  -0.1869  -0.0683  +0.1447  -0.2085  -0.6625
    t+2   | -0.0531  -0.1330  -0.1097  +0.1696  -0.1305  -0.6183
    t+3   | -0.0499  -0.1196  -0.0943  +0.1512  -0.0660  -0.3307
    t+4   | -0.0351  -0.1273  -0.0800  +0.1970  +0.0372  -0.1703
[23:48:16] # 1232 [bench] e2e=  995.7ms  infer=  992.8ms  cap=  2.7ms
    t+0   | -0.0040  +0.1099  -0.1464  +0.2929  +0.0942  -0.2660
    t+1   | +0.0084  +0.0658  -0.0851  +0.2339  +0.0506  -0.2861
    t+2   | +0.0039  -0.0256  -0.0223  +0.1698  +0.0023  -0.2961
    t+3   | +0.0353  -0.0158  -0.0312  +0.1948  +0.0309  -0.2253
    t+4   | +0.0658  -0.0251  -0.0483  +0.2370  +0.0463  -0.1995
[23:48:17] # 1233 [bench] e2e=  994.5ms  infer=  991.2ms  cap=  3.1ms
    t+0   | +0.1548  -0.0116  -0.0203  +0.2333  +0.1187  -0.1247
    t+1   | +0.1146  -0.0596  -0.0005  +0.1965  +0.1097  -0.0903
    t+2   | +0.0997  -0.0657  -0.0375  +0.2031  +0.0981  -0.0698
    t+3   | +0.0888  -0.0630  -0.0458  +0.2385  +0.0458  -0.0490
    t+4   | -0.0120  -0.1673  +0.0048  +0.1294  +0.0052  -0.0734
[23:48:18] # 1234 [bench] e2e=  995.9ms  infer=  992.6ms  cap=  3.2ms
    t+0   | +0.2557  -0.0689  -0.0227  +0.2036  +0.1537  -0.5505
    t+1   | +0.2514  -0.0649  -0.0712  +0.2247  +0.0855  -0.4688
    t+2   | +0.2472  -0.0087  -0.1341  +0.2115  +0.0970  -0.5160
    t+3   | +0.2351  +0.0002  -0.1224  +0.1968  +0.0852  -0.6406
    t+4   | +0.1989  -0.0250  -0.0810  +0.1625  +0.0789  -0.6413
[23:48:19] # 1235 [bench] e2e=  999.0ms  infer=  995.7ms  cap=  3.1ms
    t+0   | +0.1139  -0.1093  -0.0271  +0.2094  +0.0497  -0.4621
    t+1   | +0.1698  -0.0579  -0.1327  +0.2649  +0.0109  -0.2754
    t+2   | +0.1921  -0.0580  -0.1625  +0.2872  -0.0095  -0.1920
    t+3   | +0.1892  -0.0944  -0.1380  +0.2719  +0.0127  -0.3093
    t+4   | +0.1753  -0.0498  -0.1724  +0.2344  -0.0101  -0.4080
[23:48:20] # 1236 [bench] e2e=  999.9ms  infer=  996.6ms  cap=  3.2ms
    t+0   | +0.0437  +0.0696  -0.2314  +0.2535  +0.0479  -0.5547
    t+1   | -0.0486  +0.0049  -0.2019  +0.2443  +0.0585  -0.3499
    t+2   | -0.0786  -0.0155  -0.2337  +0.2568  +0.0997  -0.3346
    t+3   | -0.0530  +0.0254  -0.2614  +0.2762  +0.1544  -0.4051
    t+4   | +0.0240  +0.0542  -0.2853  +0.2583  +0.1265  -0.4260
[23:48:21] # 1237 [bench] e2e=  997.4ms  infer=  994.1ms  cap=  3.1ms
    t+0   | +0.1778  +0.0222  -0.0856  +0.2513  +0.0993  +0.1300
    t+1   | +0.1562  -0.0051  -0.0749  +0.2315  +0.1367  +0.1740
    t+2   | +0.1301  +0.0560  -0.0549  +0.1799  +0.2822  +0.1729
    t+3   | +0.1103  +0.0561  -0.0243  +0.1728  +0.2863  -0.0224
    t+4   | +0.0926  +0.0721  -0.0829  +0.1695  +0.2429  -0.0829
[23:48:22] # 1238 [bench] e2e= 1019.8ms  infer= 1016.0ms  cap=  3.5ms
    t+0   | +0.1712  -0.0344  -0.0774  +0.2567  +0.1007  -0.0832
    t+1   | +0.1248  -0.0397  -0.0997  +0.2099  +0.0458  -0.0482
    t+2   | +0.0451  -0.0289  -0.1278  +0.1877  +0.0465  -0.0383
    t+3   | +0.0859  -0.0198  -0.1256  +0.2175  +0.0596  +0.0710
    t+4   | +0.1226  -0.0440  -0.1192  +0.1981  +0.0907  +0.0832
[23:48:23] # 1239 [bench] e2e=  993.3ms  infer=  989.9ms  cap=  3.2ms
    t+0   | +0.1167  +0.1169  -0.2154  +0.3206  +0.1776  -0.3183
    t+1   | +0.0258  +0.1389  -0.2810  +0.3348  +0.2316  -0.6301
    t+2   | +0.0543  +0.1102  -0.2578  +0.3422  +0.2341  -0.6939
    t+3   | +0.0659  +0.1167  -0.2191  +0.3223  +0.1929  -0.7147
    t+4   | +0.0235  +0.1038  -0.2014  +0.3152  +0.1773  -0.7624
[23:48:24] # 1240 [bench] e2e=  996.0ms  infer=  993.4ms  cap=  2.4ms
    t+0   | +0.1184  -0.0941  -0.1855  +0.3263  -0.0490  -0.2209
    t+1   | +0.1186  -0.0500  -0.1747  +0.2919  -0.0503  -0.1548
    t+2   | +0.1197  +0.0036  -0.1359  +0.2761  -0.0484  -0.1476
    t+3   | +0.1400  +0.0352  -0.1319  +0.2826  -0.0391  -0.1330
    t+4   | +0.1507  +0.0492  -0.1477  +0.2786  -0.0176  -0.1548
[23:48:25] # 1241 [bench] e2e=  985.3ms  infer=  981.9ms  cap=  3.3ms
    t+0   | +0.2004  +0.2030  -0.4730  +0.3853  -0.0351  +0.1234
    t+1   | +0.0925  +0.1419  -0.3719  +0.2883  +0.2156  -0.2094
    t+2   | +0.0617  +0.0917  -0.3097  +0.2446  +0.1853  -0.1856
    t+3   | +0.0455  +0.0368  -0.2088  +0.2198  +0.2660  -0.2060
    t+4   | +0.0766  +0.0530  -0.1913  +0.2321  +0.2166  -0.1499
[23:48:26] # 1242 [bench] e2e=  996.8ms  infer=  994.1ms  cap=  2.6ms
    t+0   | -0.0515  -0.3184  +0.1933  +0.0460  +0.1811  -0.4814
    t+1   | -0.0879  -0.3594  +0.2208  +0.0219  +0.1844  -0.4816
    t+2   | -0.0815  -0.3978  +0.2218  +0.0105  +0.1624  -0.4553
    t+3   | -0.0141  -0.3436  +0.1733  +0.0429  +0.1005  -0.4150
    t+4   | +0.0234  -0.2532  +0.0736  +0.0845  +0.0929  -0.3617
[23:48:27] # 1243 [bench] e2e= 1017.2ms  infer= 1013.9ms  cap=  3.2ms
    t+0   | +0.3099  +0.1360  -0.2109  +0.3580  +0.1267  -0.0889
    t+1   | +0.2712  +0.2178  -0.2373  +0.3579  +0.1277  -0.0015
    t+2   | +0.1229  +0.1625  -0.2548  +0.3322  +0.1445  -0.0504
    t+3   | +0.0594  +0.0895  -0.2575  +0.3307  +0.1101  -0.0980
    t+4   | +0.0767  +0.0274  -0.1831  +0.3079  +0.1179  -0.1620
[23:48:28] # 1244 [bench] e2e=  997.9ms  infer=  995.3ms  cap=  2.5ms
    t+0   | +0.1742  -0.0583  -0.0557  +0.2286  +0.1267  +0.1892
    t+1   | +0.1754  -0.0765  -0.0530  +0.2151  +0.1216  +0.1349
    t+2   | +0.1071  -0.0482  -0.0372  +0.2221  +0.0946  +0.0095
    t+3   | +0.0472  -0.0211  -0.1273  +0.2559  +0.0601  -0.0215
    t+4   | +0.0753  +0.0443  -0.2047  +0.2925  +0.0055  +0.0087
[23:48:29] # 1245 [bench] e2e=  995.9ms  infer=  991.7ms  cap=  4.1ms
    t+0   | +0.1460  -0.0463  -0.0543  +0.2126  +0.1566  -0.0711
    t+1   | +0.1195  -0.0551  -0.0884  +0.1852  +0.1658  -0.1902
    t+2   | +0.0177  -0.0491  -0.1176  +0.1787  +0.1514  -0.2502
    t+3   | -0.0205  -0.0395  -0.1384  +0.1954  +0.0995  -0.2517
    t+4   | -0.0207  -0.0225  -0.1684  +0.2154  +0.0713  -0.2108

  [live] after 1240 bench steps — e2e mean=990.1ms  |  max replan freq=1.01 Hz  |  max control freq=5.05 Hz (n_action_steps=5)

[23:48:30] # 1246 [bench] e2e=  994.6ms  infer=  992.0ms  cap=  2.4ms
    t+0   | +0.1083  +0.0676  -0.1410  +0.1959  +0.0018  -0.1617
    t+1   | +0.0960  +0.0386  -0.1251  +0.1977  +0.0198  -0.1222
    t+2   | +0.0503  -0.0142  -0.1423  +0.2150  +0.0427  -0.1238
    t+3   | +0.0355  -0.0270  -0.1324  +0.1967  +0.0167  -0.2118
    t+4   | +0.0560  +0.0089  -0.1551  +0.2456  -0.0366  -0.2078
[23:48:31] # 1247 [bench] e2e=  999.5ms  infer=  997.0ms  cap=  2.4ms
    t+0   | +0.2201  +0.0044  -0.0548  +0.2711  +0.0850  +0.1307
    t+1   | +0.2407  +0.0452  -0.0889  +0.3038  +0.0776  +0.0753
    t+2   | +0.2644  +0.0757  -0.1450  +0.2853  +0.0532  -0.0031
    t+3   | +0.2731  +0.0555  -0.1579  +0.3071  +0.0717  -0.0316
    t+4   | +0.2397  +0.0177  -0.1374  +0.2615  +0.1490  -0.1138
[23:48:32] # 1248 [bench] e2e=  989.3ms  infer=  986.4ms  cap=  2.7ms
    t+0   | -0.1224  +0.0597  -0.1672  +0.2587  +0.2643  -0.4447
    t+1   | -0.0188  +0.1750  -0.2771  +0.2722  +0.1684  -0.6454
    t+2   | +0.0535  +0.2469  -0.3539  +0.2716  +0.2007  -0.5610
    t+3   | +0.1008  +0.2702  -0.4142  +0.2976  +0.1563  -0.4266
    t+4   | +0.1020  +0.2631  -0.4010  +0.3243  +0.0516  -0.0407
[23:48:33] # 1249 [bench] e2e=  995.3ms  infer=  992.8ms  cap=  2.4ms
    t+0   | +0.1219  -0.0783  -0.1007  +0.2476  -0.1781  -0.0127
    t+1   | +0.1217  -0.0268  -0.1168  +0.2423  -0.1123  +0.0025
    t+2   | +0.0881  +0.0108  -0.1233  +0.2207  -0.0460  -0.0761
    t+3   | +0.0381  -0.0486  -0.1223  +0.1684  -0.0162  -0.1125
    t+4   | -0.0099  -0.0995  -0.0989  +0.1572  -0.0816  -0.0943
[23:48:34] # 1250 [bench] e2e=  979.8ms  infer=  976.5ms  cap=  3.1ms
    t+0   | +0.1515  +0.0940  -0.2842  +0.3201  -0.0675  +0.0770
    t+1   | +0.0999  +0.0871  -0.2788  +0.2894  +0.0446  +0.0224
    t+2   | +0.0873  +0.0579  -0.2233  +0.2548  +0.0622  -0.0064
    t+3   | +0.0709  +0.0139  -0.1521  +0.2310  +0.0450  -0.0523
    t+4   | +0.0229  -0.0357  -0.0629  +0.2252  +0.0841  -0.1009
[23:48:35] # 1251 [bench] e2e=  975.5ms  infer=  972.7ms  cap=  2.6ms
    t+0   | +0.1013  -0.0960  -0.0403  +0.1824  +0.0753  -0.0472
    t+1   | +0.0064  -0.1696  +0.0081  +0.1233  +0.0288  -0.1152
    t+2   | -0.0526  -0.1865  +0.0181  +0.1421  +0.0133  -0.1923
    t+3   | -0.0511  -0.1093  -0.0469  +0.1647  +0.0452  -0.3054
    t+4   | -0.0774  -0.0814  -0.0890  +0.1377  +0.2122  -0.0856
[23:48:36] # 1252 [bench] e2e=  983.8ms  infer=  981.7ms  cap=  1.9ms
    t+0   | +0.1688  +0.1431  -0.2885  +0.3529  -0.0008  +0.1250
    t+1   | +0.1653  +0.1140  -0.2369  +0.2913  -0.0501  +0.0023
    t+2   | +0.1305  +0.0751  -0.1856  +0.2371  -0.0794  -0.0434
    t+3   | +0.1135  +0.0895  -0.1975  +0.2530  -0.0700  -0.0291
    t+4   | +0.0984  +0.1325  -0.2105  +0.2696  -0.0694  +0.0024
[23:48:37] # 1253 [bench] e2e=  990.8ms  infer=  987.8ms  cap=  2.8ms
    t+0   | +0.2087  +0.0963  -0.1894  +0.3183  +0.1550  -0.3179
    t+1   | -0.0665  -0.0071  -0.1489  +0.2544  +0.2033  -0.4231
    t+2   | -0.0820  -0.0641  -0.1324  +0.2845  +0.2585  -0.3587
    t+3   | -0.0604  -0.0424  -0.1633  +0.3118  +0.2223  -0.2236
    t+4   | +0.0196  +0.0226  -0.2097  +0.3605  +0.3054  -0.0097
[23:48:38] # 1254 [bench] e2e=  972.4ms  infer=  969.4ms  cap=  2.9ms
    t+0   | +0.1566  -0.0611  -0.1384  +0.3445  +0.1339  -0.1637
    t+1   | +0.1418  -0.1047  -0.0896  +0.2818  +0.1079  -0.1355
    t+2   | +0.0546  -0.2719  +0.1128  +0.1879  +0.1483  -0.1421
    t+3   | +0.0618  -0.2609  +0.0874  +0.1945  +0.1286  -0.1402
    t+4   | +0.0667  -0.2048  +0.0159  +0.2080  +0.1399  -0.0566
[23:48:39] # 1255 [bench] e2e=  999.5ms  infer=  996.3ms  cap=  3.0ms
    t+0   | +0.0366  +0.1324  -0.3240  +0.3361  +0.3557  -0.0766
    t+1   | +0.0822  +0.1184  -0.2683  +0.3262  +0.2696  -0.1513
    t+2   | +0.1142  +0.1082  -0.2380  +0.3542  +0.1415  -0.1475
    t+3   | +0.1131  +0.0920  -0.2623  +0.3409  +0.1133  -0.2482
    t+4   | +0.1599  +0.0793  -0.2138  +0.3354  +0.1137  -0.1761
[23:48:40] # 1256 [bench] e2e=  992.5ms  infer=  989.5ms  cap=  2.7ms
    t+0   | +0.1761  -0.0301  -0.0861  +0.2528  +0.0410  -0.0452
    t+1   | +0.1861  +0.1099  -0.2176  +0.3299  +0.1288  +0.2558
    t+2   | +0.2302  +0.1595  -0.2180  +0.3369  +0.1036  +0.4112
    t+3   | +0.1887  +0.1083  -0.1893  +0.3190  +0.0769  +0.1850
    t+4   | +0.1842  +0.0816  -0.1679  +0.3472  +0.0664  +0.1512
[23:48:41] # 1257 [bench] e2e=  994.1ms  infer=  991.8ms  cap=  2.1ms
    t+0   | +0.2651  +0.0614  -0.2185  +0.3456  +0.0628  +0.4158
    t+1   | +0.1564  +0.0449  -0.2530  +0.3205  -0.0242  +0.1169
    t+2   | +0.0946  +0.0373  -0.1981  +0.3092  -0.0505  +0.0285
    t+3   | +0.0954  +0.0354  -0.1728  +0.2850  -0.0328  -0.0010
    t+4   | +0.1402  +0.0705  -0.1758  +0.2755  -0.0277  -0.0599
[23:48:42] # 1258 [bench] e2e=  977.6ms  infer=  975.9ms  cap=  1.6ms
    t+0   | -0.0565  -0.0516  -0.1569  +0.2645  -0.1105  -0.1259
    t+1   | -0.0644  -0.0224  -0.2215  +0.2849  +0.0035  -0.1451
    t+2   | -0.0038  +0.1153  -0.4028  +0.3534  +0.0494  -0.1290
    t+3   | +0.0852  +0.1784  -0.4105  +0.3851  +0.0716  -0.1638
    t+4   | +0.1125  +0.2018  -0.4166  +0.4121  +0.0947  -0.1939
[23:48:43] # 1259 [bench] e2e=  987.1ms  infer=  984.4ms  cap=  2.5ms
    t+0   | +0.2085  +0.1221  -0.3192  +0.3696  +0.1444  -0.3053
    t+1   | +0.2252  +0.1832  -0.3383  +0.3728  +0.1418  -0.3219
    t+2   | +0.1518  +0.2207  -0.4140  +0.3777  +0.1105  -0.1699
    t+3   | +0.1331  +0.1537  -0.3742  +0.3297  +0.0728  -0.1015
    t+4   | +0.0934  +0.1287  -0.3500  +0.3356  +0.0573  -0.1484
[23:48:44] # 1260 [bench] e2e=  996.4ms  infer=  994.2ms  cap=  2.0ms
    t+0   | +0.2389  +0.2036  -0.3290  +0.3284  -0.1649  -0.2778
    t+1   | +0.2071  +0.1500  -0.3151  +0.3198  -0.1514  -0.3039
    t+2   | +0.1886  +0.0657  -0.2635  +0.2972  -0.1192  -0.2519
    t+3   | +0.1472  +0.0831  -0.2431  +0.2809  -0.1023  -0.2499
    t+4   | +0.1489  +0.0609  -0.2221  +0.2570  -0.1238  -0.2337
[23:48:45] # 1261 [bench] e2e= 1007.3ms  infer= 1004.0ms  cap=  3.2ms
    t+0   | +0.2636  +0.1738  -0.2285  +0.3202  -0.0315  +0.0579
    t+1   | +0.1305  +0.1768  -0.2595  +0.2825  -0.0611  +0.0130
    t+2   | +0.1223  +0.1491  -0.2560  +0.2608  -0.0874  +0.0149
    t+3   | +0.1198  +0.1138  -0.2276  +0.3008  -0.0256  +0.0263
    t+4   | +0.1273  +0.1433  -0.2670  +0.3305  +0.0784  -0.1007
[23:48:46] # 1262 [bench] e2e= 1027.7ms  infer= 1022.7ms  cap=  4.8ms
    t+0   | +0.1515  +0.0494  -0.2312  +0.2206  -0.0766  +0.0006
    t+1   | +0.0865  -0.0138  -0.1832  +0.1477  +0.1181  -0.1215
    t+2   | +0.0731  -0.0578  -0.1482  +0.1373  +0.1713  -0.1582
    t+3   | +0.0956  -0.0455  -0.1677  +0.1727  +0.1273  -0.1740
    t+4   | +0.1011  +0.0032  -0.2294  +0.1981  +0.1229  -0.0837
[23:48:47] # 1263 [bench] e2e= 1005.3ms  infer= 1002.1ms  cap=  3.0ms
    t+0   | +0.2051  +0.0300  -0.1476  +0.2735  +0.0549  -0.2456
    t+1   | +0.1756  +0.0577  -0.2230  +0.2854  +0.1491  -0.0439
    t+2   | +0.2059  +0.1029  -0.2828  +0.3126  +0.1774  +0.4660
    t+3   | +0.2010  +0.1619  -0.2839  +0.3011  +0.1607  +0.7204
    t+4   | +0.2092  +0.1724  -0.2343  +0.2920  +0.1291  +0.7770
[23:48:48] # 1264 [bench] e2e=  989.8ms  infer=  986.6ms  cap=  3.0ms
    t+0   | +0.2401  +0.0526  -0.2130  +0.3021  +0.1957  +0.0287
    t+1   | +0.2204  +0.0747  -0.2374  +0.2747  +0.1842  -0.0074
    t+2   | +0.2324  +0.1005  -0.2132  +0.2329  +0.1086  +0.0092
    t+3   | +0.2860  +0.1111  -0.1863  +0.2514  +0.4739  -0.0296
    t+4   | +0.3113  +0.1544  -0.2462  +0.2891  +0.4412  -0.0434
[23:48:49] # 1265 [bench] e2e=  984.2ms  infer=  981.7ms  cap=  2.4ms
    t+0   | +0.2536  +0.1288  -0.2004  +0.3154  +0.0691  +0.1969
    t+1   | +0.1899  +0.1662  -0.2047  +0.3280  +0.0630  +0.1854
    t+2   | +0.1605  +0.1459  -0.1675  +0.2901  +0.0804  +0.0901
    t+3   | +0.1357  +0.1118  -0.1186  +0.2818  +0.0774  -0.1035
    t+4   | +0.0780  +0.0327  -0.0884  +0.2624  +0.0863  -0.6094

  [live] after 1260 bench steps — e2e mean=990.1ms  |  max replan freq=1.01 Hz  |  max control freq=5.05 Hz (n_action_steps=5)

[23:48:50] # 1266 [bench] e2e=  997.5ms  infer=  994.4ms  cap=  2.9ms
    t+0   | +0.2224  +0.0516  -0.2145  +0.3823  +0.1300  +0.0696
    t+1   | +0.1774  +0.0300  -0.1967  +0.3455  +0.0837  -0.0076
    t+2   | +0.0953  +0.0720  -0.2401  +0.3655  +0.0731  -0.0269
    t+3   | +0.0597  +0.0737  -0.2741  +0.3520  +0.0669  +0.0338
    t+4   | +0.0429  +0.0901  -0.2870  +0.3478  +0.0638  +0.1555
[23:48:51] # 1267 [bench] e2e= 1002.3ms  infer=  999.7ms  cap=  2.4ms
    t+0   | +0.1396  +0.0629  -0.1883  +0.2889  -0.0980  -0.0179
    t+1   | +0.1168  +0.0350  -0.1554  +0.2499  -0.0810  -0.0577
    t+2   | +0.1204  +0.0267  -0.1544  +0.2422  -0.0952  -0.0425
    t+3   | +0.0994  +0.0416  -0.1588  +0.2349  -0.0710  -0.0378
    t+4   | +0.0963  +0.0309  -0.1599  +0.2288  -0.0469  -0.1000
[23:48:52] # 1268 [bench] e2e=  988.3ms  infer=  985.6ms  cap=  2.5ms
    t+0   | +0.1897  +0.0510  -0.1302  +0.2036  +0.0946  -0.0780
    t+1   | +0.1977  +0.1657  -0.2456  +0.2505  +0.3295  -0.1329
    t+2   | +0.2303  +0.2295  -0.2967  +0.3030  +0.3635  -0.0994
    t+3   | +0.2366  +0.1808  -0.2498  +0.2861  +0.2597  +0.0607
    t+4   | +0.2084  +0.1721  -0.1981  +0.2956  +0.2729  +0.1620
[23:48:53] # 1269 [bench] e2e=  988.0ms  infer=  984.9ms  cap=  2.9ms
    t+0   | +0.2068  +0.0582  -0.2751  +0.4087  -0.0084  -0.0638
    t+1   | +0.2005  +0.0869  -0.3332  +0.4789  +0.0513  -0.0715
    t+2   | +0.1713  +0.1363  -0.3744  +0.4805  +0.0411  -0.0446
    t+3   | +0.1200  +0.1116  -0.3213  +0.4104  +0.0147  -0.5598
    t+4   | +0.0769  +0.1167  -0.2783  +0.3929  +0.0366  -0.6416
[23:48:54] # 1270 [bench] e2e=  981.0ms  infer=  978.9ms  cap=  2.0ms
    t+0   | -0.0053  +0.1154  -0.3718  +0.4543  +0.0149  -0.0891
    t+1   | +0.0448  +0.1952  -0.4552  +0.4830  +0.1429  -0.0406
    t+2   | +0.1051  +0.2207  -0.4197  +0.4543  +0.1586  +0.0134
    t+3   | +0.1629  +0.2457  -0.4463  +0.4910  +0.1888  +0.0155
    t+4   | +0.2343  +0.2812  -0.4971  +0.5307  +0.2361  +0.0350
[23:48:55] # 1271 [bench] e2e=  996.6ms  infer=  993.5ms  cap=  2.9ms
    t+0   | +0.2734  +0.1025  -0.2038  +0.2996  +0.1743  -0.0197
    t+1   | +0.2831  +0.1384  -0.2402  +0.3059  +0.2417  -0.0128
    t+2   | +0.3603  +0.1704  -0.2530  +0.3542  +0.3474  -0.0242
    t+3   | +0.4140  +0.1807  -0.2834  +0.4049  +0.3494  -0.0348
    t+4   | +0.4489  +0.1027  -0.2688  +0.4012  +0.4929  -0.0222
[23:48:56] # 1272 [bench] e2e=  992.2ms  infer=  988.8ms  cap=  3.1ms
    t+0   | +0.1970  +0.1806  -0.4004  +0.4240  +0.0856  -0.0498
    t+1   | +0.2240  +0.1910  -0.3603  +0.3829  +0.0909  -0.0982
    t+2   | +0.2396  +0.1233  -0.2755  +0.2899  +0.0665  -0.0959
    t+3   | +0.1962  +0.0698  -0.2082  +0.2870  +0.0913  +0.0157
    t+4   | +0.1867  +0.0667  -0.2393  +0.3150  +0.2069  +0.0697
[23:48:57] # 1273 [bench] e2e=  993.3ms  infer=  990.0ms  cap=  3.2ms
    t+0   | +0.3386  +0.2893  -0.3090  +0.3458  +0.6500  +0.1885
    t+1   | +0.3420  +0.2401  -0.2949  +0.3224  +0.4451  +0.1184
    t+2   | +0.3178  +0.2168  -0.3079  +0.3488  +0.4982  +0.1316
    t+3   | +0.2826  +0.1449  -0.2797  +0.3528  +0.6055  +0.1132
    t+4   | +0.2571  +0.1390  -0.2732  +0.3377  +0.6397  +0.1522
[23:48:58] # 1274 [bench] e2e=  979.3ms  infer=  975.8ms  cap=  3.4ms
    t+0   | +0.2535  +0.1252  -0.2548  +0.4467  +0.1330  +0.2738
    t+1   | +0.2688  +0.1106  -0.2287  +0.4158  +0.0741  -0.0677
    t+2   | +0.2352  +0.1402  -0.1754  +0.4168  +0.0667  -0.2964
    t+3   | +0.2250  +0.0956  -0.1899  +0.3827  +0.0612  -0.1584
    t+4   | +0.2004  +0.1305  -0.2413  +0.4054  +0.0452  -0.1062
[23:48:59] # 1275 [bench] e2e=  993.2ms  infer=  990.2ms  cap=  2.9ms
    t+0   | +0.1071  +0.1101  -0.2356  +0.3649  +0.2427  -0.0668
    t+1   | +0.0994  +0.1104  -0.2515  +0.3548  +0.1466  -0.0609
    t+2   | -0.0333  +0.0429  -0.2341  +0.2900  +0.1311  -0.1008
    t+3   | -0.1272  +0.0904  -0.2996  +0.2559  +0.0761  -0.0778
    t+4   | -0.1792  +0.2100  -0.3898  +0.3064  +0.0556  -0.0901
[23:49:00] # 1276 [bench] e2e=  996.5ms  infer=  993.0ms  cap=  3.2ms
    t+0   | +0.0090  +0.0620  -0.2366  +0.2281  -0.0844  -0.0338
    t+1   | +0.0038  +0.0877  -0.2537  +0.2254  -0.0899  +0.0171
    t+2   | +0.0140  +0.0618  -0.2459  +0.2178  -0.1130  -0.0444
    t+3   | +0.0246  +0.1023  -0.2879  +0.2864  -0.1781  -0.1114
    t+4   | +0.0844  +0.0950  -0.3132  +0.2943  -0.1683  -0.1277
[23:49:01] # 1277 [bench] e2e=  996.3ms  infer=  993.5ms  cap=  2.7ms
    t+0   | +0.0076  -0.0701  -0.1681  +0.2167  -0.0459  -0.3396
    t+1   | +0.0165  -0.0501  -0.2441  +0.2499  -0.0887  -0.3261
    t+2   | +0.0200  +0.0099  -0.3706  +0.3240  -0.1210  -0.3134
    t+3   | +0.1017  +0.0426  -0.3713  +0.3463  -0.1058  -0.1312
    t+4   | +0.1430  +0.0661  -0.3339  +0.4002  -0.0818  -0.0034
[23:49:02] # 1278 [bench] e2e=  978.5ms  infer=  975.4ms  cap=  3.0ms
    t+0   | +0.1274  +0.0096  -0.1920  +0.3247  +0.0915  -0.0372
    t+1   | +0.1036  +0.0359  -0.1989  +0.3264  +0.1646  -0.1378
    t+2   | +0.1050  +0.0555  -0.2390  +0.3158  +0.1222  -0.1518
    t+3   | +0.0941  +0.0506  -0.2667  +0.3367  +0.1130  -0.1639
    t+4   | +0.0907  +0.0566  -0.2722  +0.3387  +0.1142  -0.1578
[23:49:03] # 1279 [bench] e2e=  992.5ms  infer=  990.2ms  cap=  2.2ms
    t+0   | +0.1338  +0.2078  -0.3407  +0.2950  +0.0909  -0.3715
    t+1   | +0.0819  +0.1862  -0.3291  +0.2857  +0.0450  -0.3433
    t+2   | +0.0718  +0.1827  -0.3019  +0.3048  +0.1056  -0.4188
    t+3   | +0.1145  +0.1292  -0.2975  +0.3095  +0.0950  -0.3216
    t+4   | +0.1594  +0.1536  -0.3169  +0.3201  +0.0945  -0.2767
[23:49:04] # 1280 [bench] e2e=  977.9ms  infer=  975.1ms  cap=  2.7ms
    t+0   | +0.1403  +0.0968  -0.2411  +0.3580  +0.0766  -0.0796
    t+1   | +0.1845  +0.1455  -0.2977  +0.4148  +0.1266  -0.0753
    t+2   | +0.2294  +0.1566  -0.3551  +0.4105  +0.1505  +0.0384
    t+3   | +0.2081  +0.1971  -0.4296  +0.4767  +0.2478  +0.1117
    t+4   | +0.1586  +0.2317  -0.4918  +0.4823  +0.3786  +0.0589
[23:49:05] # 1281 [bench] e2e=  986.7ms  infer=  983.6ms  cap=  3.0ms
    t+0   | +0.1937  +0.0961  -0.2489  +0.3831  +0.4206  +0.0480
    t+1   | +0.1898  +0.1088  -0.2401  +0.3575  +0.2964  +0.1780
    t+2   | +0.1872  +0.2202  -0.2924  +0.3745  +0.2351  +0.2895
    t+3   | +0.1944  +0.2872  -0.3347  +0.3992  +0.2308  +0.3723
    t+4   | +0.1626  +0.2921  -0.3802  +0.3953  +0.2719  +0.3487
[23:49:06] # 1282 [bench] e2e=  996.1ms  infer=  993.0ms  cap=  2.9ms
    t+0   | +0.1226  +0.0518  -0.3331  +0.3875  -0.1988  -0.3174
    t+1   | +0.1176  +0.1091  -0.3310  +0.3659  -0.0667  -0.2050
    t+2   | +0.1192  +0.0697  -0.2199  +0.3111  +0.0328  +0.0036
    t+3   | +0.1216  +0.0476  -0.1775  +0.3113  +0.0688  +0.0600
    t+4   | +0.1634  +0.0745  -0.1909  +0.3162  +0.0755  +0.2050
[23:49:07] # 1283 [bench] e2e=  977.4ms  infer=  974.3ms  cap=  3.0ms
    t+0   | -0.0169  +0.0982  -0.3609  +0.3899  +0.2360  +0.1624
    t+1   | +0.0424  +0.1103  -0.4042  +0.3891  +0.1663  -0.0053
    t+2   | +0.1139  +0.1281  -0.3687  +0.3586  +0.1410  -0.0584
    t+3   | +0.1100  +0.1410  -0.3292  +0.3573  +0.1124  -0.0532
    t+4   | +0.0986  +0.1964  -0.3872  +0.3760  +0.1511  -0.0212
[23:49:08] # 1284 [bench] e2e=  986.8ms  infer=  983.6ms  cap=  3.0ms
    t+0   | +0.1277  +0.0432  -0.1427  +0.2767  -0.1374  +0.7146
    t+1   | +0.1672  +0.0250  -0.1450  +0.3163  +0.0316  +0.7433
    t+2   | +0.2013  -0.0064  -0.1535  +0.3194  +0.0540  +0.1925
    t+3   | +0.1802  -0.0341  -0.1298  +0.3209  +0.0231  -0.0216
    t+4   | +0.1354  -0.0434  -0.1314  +0.2966  +0.0358  -0.0295
[23:49:09] # 1285 [bench] e2e=  997.6ms  infer=  995.3ms  cap=  2.2ms
    t+0   | +0.2271  +0.1300  -0.1967  +0.3377  +0.0792  +0.0633
    t+1   | +0.1961  +0.1179  -0.2279  +0.3527  -0.0041  +0.0513
    t+2   | +0.1161  +0.1008  -0.2685  +0.3743  -0.0258  +0.0620
    t+3   | +0.0727  +0.0699  -0.2973  +0.4110  -0.0025  +0.0484
    t+4   | +0.1347  +0.0925  -0.3175  +0.4514  +0.0469  +0.0391

  [live] after 1280 bench steps — e2e mean=990.1ms  |  max replan freq=1.01 Hz  |  max control freq=5.05 Hz (n_action_steps=5)

[23:49:10] # 1286 [bench] e2e=  982.5ms  infer=  979.9ms  cap=  2.4ms
    t+0   | +0.1185  +0.0048  -0.1696  +0.3121  +0.0728  -0.3529
    t+1   | +0.1018  -0.0483  -0.1500  +0.2971  +0.0624  -0.2282
    t+2   | +0.0958  -0.0625  -0.1480  +0.2665  +0.0697  -0.2335
    t+3   | +0.0815  -0.0678  -0.1466  +0.2521  +0.1020  -0.2555
    t+4   | +0.1090  -0.0687  -0.1550  +0.2389  +0.1262  -0.2264
[23:49:11] # 1287 [bench] e2e=  980.5ms  infer=  977.6ms  cap=  2.7ms
    t+0   | +0.1956  -0.0466  -0.0890  +0.3140  +0.1079  +0.1973
    t+1   | +0.0465  -0.0822  -0.1242  +0.3096  +0.2300  +0.0542
    t+2   | -0.0281  -0.1062  -0.1916  +0.2681  +0.1756  -0.2933
    t+3   | +0.0046  -0.1398  -0.1618  +0.2793  +0.2117  -0.1806
    t+4   | +0.0426  -0.1386  -0.1245  +0.2726  +0.2431  -0.1918
[23:49:12] # 1288 [bench] e2e= 1019.1ms  infer= 1015.4ms  cap=  3.5ms
    t+0   | +0.0721  -0.1165  -0.1553  +0.2424  +0.2879  -0.2946
    t+1   | +0.1914  +0.0130  -0.4040  +0.3654  +0.2216  -0.1550
    t+2   | +0.1840  +0.0854  -0.4756  +0.3840  +0.2620  -0.1453
    t+3   | +0.1758  +0.0816  -0.4052  +0.3842  +0.2241  -0.1241
    t+4   | +0.1602  +0.0613  -0.3340  +0.3827  +0.1459  +0.0843
[23:49:13] # 1289 [bench] e2e= 1004.0ms  infer= 1000.8ms  cap=  3.0ms
    t+0   | +0.1542  +0.1053  -0.3394  +0.3657  +0.0729  -0.0424
    t+1   | +0.0916  +0.0749  -0.2754  +0.3200  +0.1408  -0.0225
    t+2   | +0.0932  +0.0673  -0.2452  +0.3196  +0.1211  +0.1281
    t+3   | +0.0484  +0.0440  -0.1804  +0.3171  +0.2635  +0.1076
    t+4   | +0.0607  +0.0437  -0.1781  +0.3453  +0.4065  +0.0208
[23:49:14] # 1290 [bench] e2e=  997.4ms  infer=  994.7ms  cap=  2.5ms
    t+0   | +0.1078  +0.1190  -0.2006  +0.2814  -0.0715  +0.4871
    t+1   | -0.0127  +0.0442  -0.1373  +0.1980  +0.1662  +0.2109
    t+2   | -0.0603  +0.0209  -0.1923  +0.2155  +0.1500  +0.1139
    t+3   | -0.0403  +0.0282  -0.2345  +0.2464  +0.1511  +0.0625
    t+4   | +0.0661  +0.1422  -0.3139  +0.3337  +0.1729  +0.1302
[23:49:15] # 1291 [bench] e2e=  981.8ms  infer=  978.4ms  cap=  3.2ms
    t+0   | +0.2905  +0.1446  -0.2717  +0.3391  -0.0389  +0.1695
    t+1   | +0.2168  +0.1151  -0.2393  +0.3280  -0.0097  +0.2261
    t+2   | +0.1984  +0.0750  -0.2440  +0.3005  +0.0541  +0.2170
    t+3   | +0.1489  +0.1058  -0.2734  +0.3338  +0.1395  +0.2634
    t+4   | +0.1914  +0.1575  -0.3441  +0.3862  +0.2197  +0.2337
[23:49:16] # 1292 [bench] e2e=  995.6ms  infer=  992.7ms  cap=  2.7ms
    t+0   | +0.0850  -0.1582  +0.0218  +0.1732  +0.1484  -0.2340
    t+1   | +0.1355  -0.0414  -0.0790  +0.2128  +0.1809  -0.2062
    t+2   | +0.1746  -0.0083  -0.0984  +0.2177  +0.1924  -0.1794
    t+3   | +0.2075  +0.0388  -0.1192  +0.2308  +0.2443  -0.1466
    t+4   | +0.0972  +0.0673  -0.0991  +0.2275  +0.4025  -0.2221
[23:49:17] # 1293 [bench] e2e=  982.2ms  infer=  978.6ms  cap=  3.5ms
    t+0   | +0.1749  +0.1655  -0.2454  +0.4006  -0.0004  +0.4456
    t+1   | +0.0108  +0.1266  -0.3264  +0.4275  +0.0946  +0.2636
    t+2   | +0.0564  +0.0933  -0.3002  +0.4056  +0.1663  +0.2886
    t+3   | +0.1107  +0.1417  -0.3051  +0.4272  +0.2909  +0.3376
    t+4   | +0.2405  +0.2277  -0.3581  +0.4746  +0.3897  +0.3081
[23:49:18] # 1294 [bench] e2e=  986.8ms  infer=  983.2ms  cap=  3.4ms
    t+0   | +0.0652  -0.1182  -0.0706  +0.2445  +0.0070  -0.2557
    t+1   | +0.0792  -0.0132  -0.1425  +0.3256  +0.0407  -0.2056
    t+2   | +0.0088  +0.0042  -0.2067  +0.3373  +0.0934  -0.2082
    t+3   | +0.0077  +0.0363  -0.2366  +0.3763  +0.1327  -0.1626
    t+4   | +0.0356  +0.0534  -0.2585  +0.3871  +0.1060  -0.1210
[23:49:19] # 1295 [bench] e2e= 1027.9ms  infer= 1024.6ms  cap=  3.2ms
    t+0   | +0.1806  +0.2661  -0.2912  +0.3797  +0.2121  -0.0020
    t+1   | +0.2240  +0.2108  -0.2762  +0.3574  +0.1851  +0.0881
    t+2   | +0.1977  +0.1932  -0.2649  +0.3324  +0.1739  +0.1626
    t+3   | +0.1861  +0.1652  -0.2275  +0.3196  +0.1846  +0.1588
    t+4   | +0.1933  +0.1496  -0.1918  +0.3299  +0.2033  +0.1865
[23:49:20] # 1296 [bench] e2e=  981.4ms  infer=  978.1ms  cap=  3.1ms
    t+0   | +0.0629  +0.1130  -0.1284  +0.2855  +0.1390  -0.1136
    t+1   | -0.0180  +0.2188  -0.2839  +0.3522  +0.2208  -0.1304
    t+2   | -0.0190  +0.2073  -0.3280  +0.3585  +0.2619  -0.1294
    t+3   | +0.0116  +0.2234  -0.3825  +0.3861  +0.2716  -0.0956
    t+4   | +0.0606  +0.2329  -0.3982  +0.4193  +0.2676  +0.0702
[23:49:21] # 1297 [bench] e2e=  991.2ms  infer=  987.7ms  cap=  3.4ms
    t+0   | +0.2302  +0.1062  -0.2218  +0.3444  +0.0721  -0.0386
    t+1   | +0.2349  +0.0854  -0.2440  +0.3723  +0.0747  -0.0221
    t+2   | +0.2277  +0.1437  -0.3664  +0.4156  +0.2901  +0.0724
    t+3   | +0.2281  +0.1119  -0.3783  +0.3824  +0.2819  +0.0582
    t+4   | +0.2568  +0.1184  -0.3923  +0.4253  +0.3004  +0.1130
[23:49:22] # 1298 [bench] e2e=  998.6ms  infer=  995.2ms  cap=  3.2ms
    t+0   | +0.1989  +0.0599  -0.2047  +0.3215  -0.1167  +0.3603
    t+1   | +0.2216  +0.0473  -0.1975  +0.3178  -0.0597  +0.1982
    t+2   | +0.1931  +0.0109  -0.1400  +0.3012  +0.0281  +0.1046
    t+3   | +0.2165  +0.0321  -0.1371  +0.3244  +0.0624  +0.1796
    t+4   | +0.2317  +0.0471  -0.1392  +0.3313  +0.1027  +0.2282
[23:49:23] # 1299 [bench] e2e=  979.2ms  infer=  976.2ms  cap=  2.8ms
    t+0   | +0.1903  +0.1662  -0.3010  +0.3571  -0.0757  +0.2679
    t+1   | +0.2026  +0.1800  -0.3082  +0.3456  -0.0704  +0.4149
    t+2   | +0.2062  +0.1594  -0.2507  +0.3074  +0.0345  +0.3028
    t+3   | +0.1773  +0.1616  -0.2323  +0.2936  +0.1066  +0.1989
    t+4   | +0.1866  +0.1559  -0.2349  +0.3099  +0.1043  +0.1464
[23:49:24] # 1300 [bench] e2e=  993.8ms  infer=  990.3ms  cap=  3.3ms
    t+0   | +0.2386  +0.2014  -0.3591  +0.3919  +0.0228  +0.2285
    t+1   | +0.1139  +0.1397  -0.2656  +0.3240  +0.1211  +0.0646
    t+2   | +0.0234  +0.1344  -0.2527  +0.2806  +0.1397  +0.0524
    t+3   | +0.0445  +0.1501  -0.2665  +0.2965  +0.0840  +0.0922
    t+4   | +0.0167  +0.1608  -0.2854  +0.3129  +0.1275  +0.1011
[23:49:25] # 1301 [bench] e2e=  991.7ms  infer=  988.8ms  cap=  2.6ms
    t+0   | +0.1702  +0.0216  -0.1331  +0.3099  +0.1672  -0.1529
    t+1   | +0.1536  +0.0227  -0.1663  +0.2967  +0.1510  +0.0264
    t+2   | +0.1661  +0.0714  -0.2076  +0.2794  +0.1552  +0.0797
    t+3   | +0.1731  +0.0427  -0.1939  +0.2717  +0.1735  +0.0825
    t+4   | +0.1453  +0.0199  -0.1811  +0.2691  +0.2387  +0.3172
[23:49:26] # 1302 [bench] e2e=  977.4ms  infer=  974.4ms  cap=  2.8ms
    t+0   | +0.2038  +0.0309  -0.1741  +0.2913  +0.0548  -0.3642
    t+1   | +0.2036  +0.0853  -0.2234  +0.3117  +0.1730  -0.4050
    t+2   | +0.2167  +0.1841  -0.2859  +0.3475  +0.2467  -0.5752
    t+3   | +0.2282  +0.2204  -0.3436  +0.3819  +0.2509  -0.6369
    t+4   | +0.2275  +0.3089  -0.4096  +0.4296  +0.2881  -0.4695
[23:49:27] # 1303 [bench] e2e=  988.2ms  infer=  984.8ms  cap=  3.1ms
    t+0   | +0.1786  +0.0338  -0.1234  +0.3383  +0.2995  -0.1060
    t+1   | +0.1576  +0.0799  -0.1272  +0.3466  +0.2725  -0.1966
    t+2   | +0.1054  +0.1429  -0.2432  +0.3996  +0.1508  -0.1446
    t+3   | +0.1003  +0.2341  -0.3553  +0.4815  +0.1055  -0.0145
    t+4   | +0.0717  +0.3049  -0.4787  +0.5286  +0.1169  +0.2002
[23:49:28] # 1304 [bench] e2e=  991.0ms  infer=  987.1ms  cap=  3.7ms
    t+0   | +0.2117  +0.1571  -0.4511  +0.4105  +0.2702  +0.0175
    t+1   | +0.2408  +0.1784  -0.4372  +0.3844  +0.2584  +0.0637
    t+2   | +0.2698  +0.2239  -0.5077  +0.4099  +0.3633  -0.0215
    t+3   | +0.3014  +0.3199  -0.5520  +0.4871  +0.5995  +0.0358
    t+4   | +0.2982  +0.3259  -0.5321  +0.5067  +0.7535  +0.0337
[23:49:29] # 1305 [bench] e2e=  993.2ms  infer=  989.7ms  cap=  3.4ms
    t+0   | +0.0924  +0.1509  -0.4021  +0.3380  +0.2351  -0.1862
    t+1   | +0.1101  +0.1359  -0.3905  +0.3404  +0.2097  -0.2016
    t+2   | +0.1461  +0.1416  -0.3875  +0.3597  +0.2498  -0.1393
    t+3   | +0.1374  +0.1551  -0.4074  +0.4133  +0.2994  -0.0165
    t+4   | +0.1277  +0.1959  -0.4656  +0.4541  +0.2942  +0.1993

  [live] after 1300 bench steps — e2e mean=990.1ms  |  max replan freq=1.01 Hz  |  max control freq=5.05 Hz (n_action_steps=5)

[23:49:30] # 1306 [bench] e2e=  989.3ms  infer=  987.0ms  cap=  2.1ms
    t+0   | +0.0586  +0.0198  -0.2858  +0.3596  -0.0890  +0.1984
    t+1   | +0.0609  +0.0719  -0.3574  +0.3795  -0.0415  +0.2585
    t+2   | +0.1575  +0.1043  -0.3564  +0.3708  -0.0106  +0.2085
    t+3   | +0.1966  +0.0977  -0.3014  +0.3527  +0.0522  +0.1242
    t+4   | +0.2536  +0.1621  -0.3212  +0.3548  +0.0826  +0.2236
[23:49:31] # 1307 [bench] e2e=  994.8ms  infer=  992.2ms  cap=  2.5ms
    t+0   | +0.1858  +0.1191  -0.2556  +0.3325  +0.1202  +0.2836
    t+1   | +0.2283  +0.1146  -0.2740  +0.3352  +0.1304  +0.1842
    t+2   | +0.2921  +0.2080  -0.3575  +0.4181  +0.2212  +0.1978
    t+3   | +0.3101  +0.2099  -0.4007  +0.4740  +0.0687  +0.1995
    t+4   | +0.2964  +0.2948  -0.4805  +0.5248  +0.1342  +0.1830
[23:49:32] # 1308 [bench] e2e=  981.1ms  infer=  977.7ms  cap=  3.2ms
    t+0   | +0.1079  +0.0930  -0.2699  +0.3436  +0.0282  +0.0217
    t+1   | +0.1454  +0.1095  -0.2936  +0.3644  +0.0422  +0.0253
    t+2   | +0.1354  +0.0839  -0.2723  +0.3497  +0.1076  -0.0865
    t+3   | +0.0738  +0.1133  -0.2719  +0.3587  +0.1368  -0.1613
    t+4   | +0.1185  +0.1251  -0.2712  +0.3769  +0.1212  -0.1289
[23:49:33] # 1309 [bench] e2e=  987.6ms  infer=  984.3ms  cap=  3.1ms
    t+0   | +0.1638  +0.2114  -0.3371  +0.4171  +0.3003  -0.0024
    t+1   | +0.2121  +0.2108  -0.4242  +0.5090  +0.3603  +0.2416
    t+2   | +0.2131  +0.1759  -0.4378  +0.5166  +0.3702  +0.1474
    t+3   | +0.2345  +0.1705  -0.4345  +0.5424  +0.3523  +0.1683
    t+4   | +0.2759  +0.2792  -0.4577  +0.5306  +0.2857  +0.2531
[23:49:34] # 1310 [bench] e2e=  980.1ms  infer=  976.8ms  cap=  3.2ms
    t+0   | +0.0621  +0.0767  -0.4164  +0.4017  +0.0823  -0.1307
    t+1   | +0.1050  +0.0639  -0.3287  +0.3541  +0.0263  +0.0921
    t+2   | +0.1000  +0.0350  -0.2576  +0.3361  +0.1399  +0.0755
    t+3   | +0.1168  +0.0529  -0.2766  +0.3498  +0.1746  +0.1561
    t+4   | +0.1347  +0.0805  -0.2748  +0.3831  +0.1960  +0.1861
[23:49:35] # 1311 [bench] e2e=  995.8ms  infer=  992.6ms  cap=  3.0ms
    t+0   | +0.2524  +0.0663  -0.1804  +0.3382  +0.0310  +0.1946
    t+1   | +0.1972  +0.0602  -0.1947  +0.3329  -0.0117  +0.2933
    t+2   | +0.1240  +0.0870  -0.2041  +0.3171  -0.0034  +0.3559
    t+3   | +0.1248  +0.1407  -0.2545  +0.3219  +0.1033  +0.3398
    t+4   | +0.1190  +0.1488  -0.2870  +0.3276  +0.1250  +0.3212
[23:49:36] # 1312 [bench] e2e=  995.6ms  infer=  992.2ms  cap=  3.2ms
    t+0   | +0.2796  -0.0194  -0.0697  +0.2766  +0.1128  +0.4268
    t+1   | +0.2906  +0.0135  -0.1096  +0.3358  +0.1153  +0.4274
    t+2   | +0.2913  +0.0434  -0.1648  +0.3541  +0.1360  +0.3369
    t+3   | +0.2969  +0.0588  -0.1847  +0.3625  +0.1323  +0.3217
    t+4   | +0.2998  +0.0495  -0.1890  +0.3633  +0.1239  +0.3430
[23:49:37] # 1313 [bench] e2e=  993.0ms  infer=  989.4ms  cap=  3.5ms
    t+0   | +0.0382  -0.0787  -0.0986  +0.3062  +0.0667  +0.1296
    t+1   | -0.0093  -0.0081  -0.1187  +0.3522  +0.1223  +0.1314
    t+2   | +0.1012  +0.0947  -0.1435  +0.3820  +0.1633  +0.5994
    t+3   | +0.1422  +0.1380  -0.1702  +0.3608  +0.1346  +0.6286
    t+4   | +0.1507  +0.1903  -0.1920  +0.3967  +0.1477  +0.8474
[23:49:38] # 1314 [bench] e2e=  994.0ms  infer=  990.9ms  cap=  3.0ms
    t+0   | +0.0953  +0.0744  -0.2157  +0.3521  +0.3034  +0.1161
    t+1   | +0.0751  +0.0741  -0.1866  +0.3158  +0.2577  +0.0212
    t+2   | +0.0549  +0.1026  -0.1813  +0.3620  +0.3407  -0.0187
    t+3   | +0.0769  +0.1275  -0.2057  +0.3819  +0.2745  -0.0358
    t+4   | +0.0703  +0.1802  -0.2734  +0.4018  +0.3380  -0.0570
[23:49:39] # 1315 [bench] e2e=  995.5ms  infer=  992.0ms  cap=  3.3ms
    t+0   | +0.3277  +0.0949  -0.2926  +0.4251  +0.1427  -0.4531
    t+1   | +0.2355  +0.1031  -0.3080  +0.4015  +0.0467  -0.3200
    t+2   | +0.2005  +0.1355  -0.3492  +0.3797  -0.0513  -0.2751
    t+3   | +0.2607  +0.1885  -0.3598  +0.3708  -0.0937  -0.1066
    t+4   | +0.2630  +0.2339  -0.3340  +0.3800  -0.1090  -0.1393
[23:49:40] # 1316 [bench] e2e=  995.6ms  infer=  992.3ms  cap=  3.2ms
    t+0   | +0.1074  +0.0268  -0.3254  +0.4287  +0.1967  +0.0317
    t+1   | +0.1177  +0.0449  -0.2944  +0.3916  +0.1032  +0.0380
    t+2   | +0.1437  +0.0631  -0.2996  +0.3491  +0.0825  +0.0998
    t+3   | +0.1834  +0.1796  -0.3573  +0.3781  +0.1261  +0.2036
    t+4   | +0.1748  +0.2352  -0.4016  +0.3691  +0.1725  +0.2298
[23:49:41] # 1317 [bench] e2e=  986.5ms  infer=  983.5ms  cap=  2.9ms
    t+0   | +0.1200  +0.2580  -0.3963  +0.4273  -0.0749  +0.6420
    t+1   | +0.2274  +0.2948  -0.3976  +0.4941  +0.2107  +0.5885
    t+2   | +0.2891  +0.2990  -0.3604  +0.4883  +0.1470  +0.5655
    t+3   | +0.2973  +0.3393  -0.3571  +0.5423  +0.3480  +0.5631
    t+4   | +0.2899  +0.3088  -0.3638  +0.5230  +0.2752  +0.5238
[23:49:42] # 1318 [bench] e2e= 1018.5ms  infer= 1014.7ms  cap=  3.6ms
    t+0   | +0.3486  -0.0036  -0.0914  +0.3263  +0.6321  +0.2551
    t+1   | +0.3053  -0.0395  -0.0853  +0.2808  +0.4971  +0.2825
    t+2   | +0.2955  -0.0397  -0.0624  +0.2823  +0.4783  +0.3185
    t+3   | +0.2671  -0.0334  -0.0898  +0.2703  +0.3310  +0.2309
    t+4   | +0.2734  -0.0182  -0.0856  +0.3089  +0.3796  +0.2501
[23:49:43] # 1319 [bench] e2e=  971.4ms  infer=  968.6ms  cap=  2.6ms
    t+0   | +0.2050  +0.0948  -0.1492  +0.2639  +0.2248  -0.0266
    t+1   | +0.1228  +0.1400  -0.2324  +0.2919  +0.2617  +0.1108
    t+2   | +0.0558  +0.1254  -0.2533  +0.3056  +0.2192  +0.2783
    t+3   | -0.0105  +0.1297  -0.2299  +0.3075  +0.2555  +0.4796
    t+4   | +0.0473  +0.1366  -0.1940  +0.3399  +0.2564  +0.6037
[23:49:43] # 1320 [bench] e2e=  972.0ms  infer=  969.0ms  cap=  2.8ms
    t+0   | +0.1809  +0.2655  -0.3800  +0.3868  +0.2485  +0.2242
    t+1   | +0.1213  +0.2933  -0.4681  +0.4053  +0.4347  +0.2049
    t+2   | +0.1180  +0.2508  -0.4658  +0.3823  +0.4101  +0.0604
    t+3   | +0.1376  +0.2593  -0.4555  +0.3658  +0.4180  +0.0498
    t+4   | +0.1978  +0.2573  -0.4138  +0.3719  +0.4179  +0.1085
[23:49:44] # 1321 [bench] e2e=  993.9ms  infer=  990.8ms  cap=  3.0ms
    t+0   | +0.2588  +0.1811  -0.4581  +0.5452  +0.2519  +0.1579
    t+1   | +0.1356  +0.1487  -0.3788  +0.4906  +0.3206  +0.1148
    t+2   | +0.0567  +0.1740  -0.4472  +0.4679  +0.2969  +0.0586
    t+3   | +0.0160  +0.2359  -0.5013  +0.4487  +0.2566  +0.0690
    t+4   | +0.0256  +0.3612  -0.6583  +0.5077  +0.1787  +0.1360
[23:49:45] # 1322 [bench] e2e=  993.1ms  infer=  990.2ms  cap=  2.8ms
    t+0   | +0.1577  +0.1362  -0.2578  +0.4052  +0.1643  +0.2203
    t+1   | +0.0769  +0.1591  -0.2512  +0.3932  +0.2587  +0.1556
    t+2   | +0.1445  +0.1598  -0.2394  +0.3691  +0.2288  +0.1499
    t+3   | +0.1835  +0.1794  -0.2363  +0.3759  +0.2456  +0.0792
    t+4   | +0.1866  +0.2232  -0.2760  +0.4020  +0.2468  +0.0723
[23:49:47] # 1323 [bench] e2e= 1020.2ms  infer= 1017.3ms  cap=  2.8ms
    t+0   | +0.1032  +0.1702  -0.3022  +0.3910  -0.0171  +0.2429
    t+1   | +0.0170  +0.1878  -0.4381  +0.4437  -0.0560  +0.2608
    t+2   | +0.0178  +0.1731  -0.4768  +0.4547  -0.0461  +0.2135
    t+3   | +0.0436  +0.1442  -0.4183  +0.4499  -0.0058  +0.2052
    t+4   | +0.0620  +0.1071  -0.3896  +0.4294  +0.0251  +0.1658
[23:49:48] # 1324 [bench] e2e=  995.7ms  infer=  992.1ms  cap=  3.5ms
    t+0   | +0.1293  +0.1017  -0.1654  +0.3973  +0.3268  +0.3233
    t+1   | +0.2286  +0.1145  -0.1774  +0.4309  +0.4028  +0.4962
    t+2   | +0.3342  +0.1413  -0.1673  +0.4169  +0.3721  +0.7299
    t+3   | +0.3815  +0.2595  -0.2980  +0.4730  +0.4167  +0.6215
    t+4   | +0.4032  +0.3488  -0.3779  +0.5159  +0.4706  +0.6308
[23:49:48] # 1325 [bench] e2e=  979.1ms  infer=  975.9ms  cap=  3.1ms
    t+0   | +0.1119  -0.0211  -0.1537  +0.2806  +0.0419  +0.0789
    t+1   | +0.0887  -0.0037  -0.1300  +0.2771  +0.0991  +0.0707
    t+2   | +0.1249  +0.0663  -0.1381  +0.2935  +0.1356  +0.1750
    t+3   | +0.2086  +0.1313  -0.1673  +0.3181  +0.1342  +0.2767
    t+4   | +0.2601  +0.1406  -0.1893  +0.3289  +0.1299  +0.2970

  [live] after 1320 bench steps — e2e mean=990.2ms  |  max replan freq=1.01 Hz  |  max control freq=5.05 Hz (n_action_steps=5)

[23:49:49] # 1326 [bench] e2e=  995.7ms  infer=  992.9ms  cap=  2.7ms
    t+0   | +0.3841  +0.1265  -0.2247  +0.3839  -0.0982  +0.3158
    t+1   | +0.3841  +0.1638  -0.2264  +0.4030  +0.0211  +0.2263
    t+2   | +0.3054  +0.2399  -0.2799  +0.4433  +0.0610  +0.2578
    t+3   | +0.2749  +0.2489  -0.2874  +0.4361  +0.0684  +0.3628
    t+4   | +0.2397  +0.2180  -0.2503  +0.4276  +0.1183  +0.3609
[23:49:50] # 1327 [bench] e2e=  981.3ms  infer=  978.3ms  cap=  2.7ms
    t+0   | +0.1405  +0.0110  -0.1692  +0.2990  +0.1550  -0.0046
    t+1   | +0.1173  +0.0910  -0.2491  +0.3323  +0.1905  -0.0259
    t+2   | +0.1480  +0.1984  -0.2584  +0.3476  +0.1634  +0.0368
    t+3   | +0.1440  +0.1893  -0.2235  +0.3247  +0.1450  +0.1141
    t+4   | +0.1656  +0.1613  -0.2135  +0.3005  +0.1429  +0.1654
[23:49:51] # 1328 [bench] e2e=  991.9ms  infer=  988.9ms  cap=  2.9ms
    t+0   | +0.2517  +0.1671  -0.3323  +0.3772  +0.0678  +0.1454
    t+1   | +0.1231  +0.1898  -0.4441  +0.3887  -0.1788  +0.0678
    t+2   | +0.1530  +0.1592  -0.3663  +0.3668  -0.1712  +0.0647
    t+3   | +0.1738  +0.1600  -0.3185  +0.3749  -0.1558  +0.0889
    t+4   | +0.1878  +0.1535  -0.3123  +0.3351  -0.1290  +0.0441
[23:49:52] # 1329 [bench] e2e=  978.3ms  infer=  975.5ms  cap=  2.7ms
    t+0   | +0.1009  +0.1825  -0.2663  +0.3474  +0.1253  +0.8115
    t+1   | +0.1363  +0.2302  -0.2910  +0.3212  +0.3025  +0.6728
    t+2   | +0.1126  +0.2932  -0.3743  +0.4039  +0.4095  +0.6513
    t+3   | +0.0477  +0.3131  -0.4255  +0.4533  +0.5133  +0.5621
    t+4   | +0.0264  +0.3509  -0.4365  +0.4646  +0.4928  +0.5215
[23:49:53] # 1330 [bench] e2e=  973.1ms  infer=  970.2ms  cap=  2.7ms
    t+0   | +0.2541  +0.1109  -0.2039  +0.2689  -0.0860  +0.1640
    t+1   | +0.2728  +0.1023  -0.2119  +0.2875  +0.0526  +0.2893
    t+2   | +0.2682  +0.1478  -0.2327  +0.3130  +0.2047  +0.2940
    t+3   | +0.2458  +0.1853  -0.2357  +0.3163  +0.3001  +0.2396
    t+4   | +0.2763  +0.1964  -0.2391  +0.3662  +0.3438  +0.1674
[23:49:54] # 1331 [bench] e2e=  996.2ms  infer=  993.3ms  cap=  2.8ms
    t+0   | +0.1246  +0.2302  -0.3186  +0.3619  +0.0796  +0.0688
    t+1   | +0.1666  +0.2626  -0.3661  +0.4055  +0.1294  +0.1243
    t+2   | +0.1351  +0.3179  -0.4530  +0.4551  +0.2855  -0.0057
    t+3   | +0.1474  +0.2803  -0.4512  +0.4575  +0.3261  -0.0140
    t+4   | +0.1569  +0.2994  -0.4474  +0.4915  +0.5006  +0.0339
[23:49:55] # 1332 [bench] e2e=  997.8ms  infer=  994.4ms  cap=  3.1ms
    t+0   | +0.1723  +0.1059  -0.2372  +0.3028  +0.3118  +0.0037
    t+1   | +0.2184  +0.1523  -0.2962  +0.2884  +0.1887  +0.3574
    t+2   | +0.2068  +0.2115  -0.3559  +0.2955  +0.1759  +0.2340
    t+3   | +0.2452  +0.2540  -0.3973  +0.3341  +0.1576  +0.3605
    t+4   | +0.2664  +0.2273  -0.3439  +0.3510  +0.2920  +0.4258
[23:49:56] # 1333 [bench] e2e=  994.9ms  infer=  992.5ms  cap=  2.2ms
    t+0   | +0.3510  +0.1181  -0.2171  +0.3667  +0.0221  +0.1865
    t+1   | +0.2511  +0.1065  -0.2040  +0.3375  +0.0192  +0.1068
    t+2   | +0.1964  +0.0748  -0.1882  +0.2919  -0.0375  +0.1426
    t+3   | +0.2145  +0.0990  -0.1930  +0.3483  -0.0403  +0.1765
    t+4   | +0.2370  +0.1288  -0.2515  +0.3923  -0.0020  +0.1857
[23:49:57] # 1334 [bench] e2e=  982.3ms  infer=  979.9ms  cap=  2.2ms
    t+0   | +0.0279  +0.1907  -0.2898  +0.4229  -0.0596  +0.5124
    t+1   | +0.0543  +0.2487  -0.4063  +0.4656  +0.0240  +0.2385
    t+2   | +0.0648  +0.2918  -0.4500  +0.4834  +0.0178  +0.1975
    t+3   | +0.0572  +0.3050  -0.4351  +0.4640  +0.0809  +0.2628
    t+4   | +0.0828  +0.3479  -0.4462  +0.4499  +0.0864  +0.2456
[23:49:58] # 1335 [bench] e2e=  984.5ms  infer=  980.7ms  cap=  3.5ms
    t+0   | +0.1582  +0.0360  -0.2542  +0.3153  +0.2456  -0.2135
    t+1   | +0.1311  +0.0427  -0.2439  +0.3172  +0.0752  -0.0389
    t+2   | +0.1093  +0.1345  -0.2599  +0.3718  +0.0543  +0.5221
    t+3   | +0.1126  +0.2041  -0.2780  +0.3908  -0.0243  +1.4901
    t+4   | +0.1674  +0.2096  -0.2635  +0.3942  +0.0050  +1.5024
[23:49:59] # 1336 [bench] e2e=  976.5ms  infer=  973.9ms  cap=  2.5ms
    t+0   | +0.1627  +0.1547  -0.3023  +0.3824  +0.1746  +0.1729
    t+1   | +0.1112  +0.2114  -0.3386  +0.3748  +0.1327  +0.2744
    t+2   | +0.0860  +0.3050  -0.4449  +0.4102  +0.2051  +0.3329
    t+3   | +0.0971  +0.3947  -0.5315  +0.4512  +0.2191  +0.1653
    t+4   | +0.1831  +0.3671  -0.4934  +0.4862  +0.1915  +0.1618
[23:50:00] # 1337 [bench] e2e=  978.0ms  infer=  974.6ms  cap=  3.2ms
    t+0   | +0.2702  +0.0300  -0.1937  +0.4134  +0.0827  +0.4104
    t+1   | +0.2546  +0.0238  -0.1693  +0.4324  +0.1131  +0.4054
    t+2   | +0.2028  +0.0346  -0.1441  +0.4312  +0.1777  +0.3610
    t+3   | +0.1735  +0.0005  -0.1603  +0.3719  +0.1423  +0.2288
    t+4   | +0.1284  +0.0493  -0.1647  +0.3985  +0.1390  +0.1883
[23:50:01] # 1338 [bench] e2e=  987.7ms  infer=  984.9ms  cap=  2.7ms
    t+0   | +0.0108  -0.0972  -0.1328  +0.2861  +0.0140  +0.0097
    t+1   | +0.0595  -0.0311  -0.1630  +0.3528  +0.1288  +0.0941
    t+2   | +0.1369  +0.0901  -0.2003  +0.4142  +0.1037  +0.1242
    t+3   | +0.1333  +0.1456  -0.2691  +0.4343  +0.0907  +0.1394
    t+4   | +0.1544  +0.2371  -0.4278  +0.4789  +0.0437  +0.2654
[23:50:02] # 1339 [bench] e2e=  992.4ms  infer=  989.5ms  cap=  2.7ms
    t+0   | -0.0049  +0.1302  -0.3430  +0.4072  +0.1491  +0.2080
    t+1   | -0.0392  +0.1000  -0.3960  +0.4166  +0.1714  -0.0327
    t+2   | +0.0134  +0.1274  -0.4530  +0.4473  +0.1947  -0.0362
    t+3   | +0.0362  +0.1415  -0.4610  +0.4032  +0.2515  -0.0989
    t+4   | +0.0764  +0.1275  -0.4106  +0.3914  +0.2175  -0.0796
[23:50:03] # 1340 [bench] e2e=  993.0ms  infer=  990.4ms  cap=  2.5ms
    t+0   | -0.0333  +0.1991  -0.3094  +0.3251  -0.1623  +0.3656
    t+1   | +0.0342  +0.1769  -0.2633  +0.3228  -0.1109  +0.4230
    t+2   | +0.0469  +0.1613  -0.2352  +0.3216  -0.0778  +0.3147
    t+3   | +0.0730  +0.1346  -0.2240  +0.3481  +0.0647  +0.2944
    t+4   | +0.1157  +0.1028  -0.1956  +0.3629  +0.1950  +0.2326
[23:50:04] # 1341 [bench] e2e=  980.5ms  infer=  977.1ms  cap=  3.2ms
    t+0   | +0.1464  +0.0924  -0.2592  +0.3490  +0.1469  -0.2338
    t+1   | +0.0825  +0.2263  -0.3886  +0.4209  +0.2610  -0.1657
    t+2   | +0.1379  +0.2389  -0.3996  +0.4282  +0.2663  -0.0714
    t+3   | +0.1415  +0.2080  -0.3765  +0.4403  +0.2955  -0.0764
    t+4   | +0.1295  +0.1106  -0.3350  +0.4499  +0.3251  -0.1101
[23:50:05] # 1342 [bench] e2e=  972.5ms  infer=  969.6ms  cap=  2.8ms
    t+0   | +0.1015  +0.0436  -0.2542  +0.3478  +0.1109  -0.0791
    t+1   | +0.1711  +0.1539  -0.4430  +0.3993  +0.2872  -0.0531
    t+2   | +0.1409  +0.1781  -0.5107  +0.3971  +0.1808  -0.0440
    t+3   | +0.1334  +0.2172  -0.5174  +0.4073  +0.1644  +0.1292
    t+4   | +0.1581  +0.2391  -0.5166  +0.4307  +0.1493  +0.1338
[23:50:06] # 1343 [bench] e2e=  991.9ms  infer=  989.1ms  cap=  2.6ms
    t+0   | +0.0767  +0.0710  -0.3598  +0.4195  +0.0812  -0.2007
    t+1   | +0.1067  +0.1414  -0.4015  +0.4545  +0.0069  -0.1151
    t+2   | +0.1043  +0.1156  -0.4440  +0.4918  +0.0879  -0.2405
    t+3   | +0.1796  +0.1390  -0.4858  +0.5325  +0.2566  -0.2342
    t+4   | +0.1576  +0.1625  -0.5170  +0.5304  +0.3026  -0.1801
[23:50:07] # 1344 [bench] e2e=  985.4ms  infer=  981.8ms  cap=  3.3ms
    t+0   | +0.2239  +0.0493  -0.0849  +0.2698  +0.1200  +0.0439
    t+1   | +0.2428  +0.0864  -0.1523  +0.2979  +0.0972  +0.1862
    t+2   | +0.2329  +0.0587  -0.1867  +0.3012  +0.0912  +0.1777
    t+3   | +0.1472  +0.0395  -0.2225  +0.2827  +0.1217  +0.1653
    t+4   | +0.0077  -0.0027  -0.2867  +0.3125  +0.0972  +0.0628
[23:50:08] # 1345 [bench] e2e=  983.1ms  infer=  980.6ms  cap=  2.3ms
    t+0   | +0.1742  +0.2206  -0.3930  +0.4517  -0.1022  +0.0636
    t+1   | +0.1582  +0.2066  -0.3420  +0.4236  -0.1517  +0.4132
    t+2   | +0.1606  +0.1702  -0.2701  +0.4060  -0.1091  +0.5765
    t+3   | +0.0777  +0.1455  -0.2309  +0.3811  -0.0840  +0.5731
    t+4   | +0.0498  +0.1699  -0.2424  +0.4063  -0.0782  +0.6620

  [live] after 1340 bench steps — e2e mean=990.1ms  |  max replan freq=1.01 Hz  |  max control freq=5.05 Hz (n_action_steps=5)

[23:50:09] # 1346 [bench] e2e=  977.5ms  infer=  974.9ms  cap=  2.4ms
    t+0   | +0.1337  +0.0130  -0.2083  +0.3120  +0.0410  -0.2950
    t+1   | +0.1133  +0.1012  -0.2967  +0.3448  +0.0813  -0.0724
    t+2   | +0.0956  +0.1609  -0.3630  +0.3724  +0.0353  +0.0624
    t+3   | +0.0823  +0.1673  -0.3030  +0.4013  +0.0966  +0.2672
    t+4   | +0.1003  +0.1436  -0.2893  +0.3877  +0.2408  +0.4479
[23:50:10] # 1347 [bench] e2e=  991.7ms  infer=  989.4ms  cap=  2.1ms
    t+0   | +0.1968  -0.0539  -0.1339  +0.3528  +0.6381  -0.2870
    t+1   | +0.2107  -0.0310  -0.1711  +0.3587  +0.4528  -0.0850
    t+2   | +0.1447  -0.0018  -0.2185  +0.3514  +0.4544  -0.1065
    t+3   | +0.1518  +0.0169  -0.2322  +0.3416  +0.3311  -0.0953
    t+4   | +0.1368  +0.0360  -0.2271  +0.3387  +0.3935  -0.0417
[23:50:11] # 1348 [bench] e2e=  976.5ms  infer=  974.2ms  cap=  2.1ms
    t+0   | +0.0251  -0.0460  -0.2153  +0.3018  +0.0763  -0.0068
    t+1   | +0.0275  -0.0348  -0.1925  +0.3014  +0.0980  +0.0353
    t+2   | -0.0117  +0.0427  -0.2918  +0.3520  +0.0856  +0.0470
    t+3   | -0.0130  +0.0985  -0.3517  +0.3648  +0.0983  -0.0039
    t+4   | +0.0470  +0.1115  -0.3481  +0.3621  +0.0695  -0.0343
[23:50:12] # 1349 [bench] e2e=  975.4ms  infer=  972.9ms  cap=  2.3ms
    t+0   | +0.0005  -0.0229  -0.0672  +0.2754  +0.0123  -0.1108
    t+1   | -0.0709  -0.0377  -0.0559  +0.2789  -0.0535  -0.0453
    t+2   | -0.0457  -0.0613  -0.0856  +0.2996  -0.0444  -0.0269
    t+3   | -0.0111  -0.0528  -0.1281  +0.3332  -0.0311  -0.0850
    t+4   | -0.0742  -0.0464  -0.1409  +0.3317  +0.0196  -0.1460
[23:50:13] # 1350 [bench] e2e=  977.3ms  infer=  975.0ms  cap=  2.1ms
    t+0   | +0.2915  +0.0539  -0.2277  +0.3803  -0.1231  +0.3280
    t+1   | +0.2615  +0.0927  -0.2541  +0.4248  -0.0950  +0.1974
    t+2   | +0.2340  +0.1603  -0.2710  +0.4479  -0.0971  +0.1510
    t+3   | +0.2377  +0.1695  -0.3011  +0.4289  -0.0958  +0.1370
    t+4   | +0.2327  +0.1531  -0.3154  +0.3863  -0.1103  +0.0885
[23:50:14] # 1351 [bench] e2e=  976.8ms  infer=  973.3ms  cap=  3.3ms
    t+0   | +0.1472  +0.1043  -0.2341  +0.3245  +0.1440  -0.1877
    t+1   | +0.1374  +0.1079  -0.2127  +0.3268  +0.2183  +0.1693
    t+2   | +0.1733  +0.1219  -0.2085  +0.3381  +0.2286  +0.2764
    t+3   | +0.2194  +0.1427  -0.1985  +0.3472  +0.2745  +0.2083
    t+4   | +0.2687  +0.1560  -0.1886  +0.3782  +0.3248  +0.2237
[23:50:15] # 1352 [bench] e2e=  992.9ms  infer=  990.2ms  cap=  2.6ms
    t+0   | +0.1103  +0.0266  -0.1480  +0.2937  +0.1325  -0.2665
    t+1   | +0.0991  +0.0691  -0.2101  +0.3079  +0.1021  -0.0247
    t+2   | +0.1647  +0.1872  -0.3445  +0.3353  +0.1386  +0.1876
    t+3   | +0.2545  +0.2342  -0.3354  +0.3531  +0.1242  +0.1504
    t+4   | +0.2955  +0.2558  -0.3425  +0.3857  +0.1041  +0.3512
[23:50:16] # 1353 [bench] e2e=  979.4ms  infer=  976.6ms  cap=  2.6ms
    t+0   | +0.0487  +0.0097  -0.1799  +0.3293  +0.2682  -0.5115
    t+1   | +0.0810  +0.2167  -0.3865  +0.4326  +0.6438  -0.2095
    t+2   | +0.2110  +0.2228  -0.3600  +0.4348  +0.6547  +0.1826
    t+3   | +0.2829  +0.2341  -0.3536  +0.4746  +0.6696  +0.1669
    t+4   | +0.2901  +0.2561  -0.3889  +0.4596  +0.5954  +0.0612
[23:50:17] # 1354 [bench] e2e=  975.7ms  infer=  972.1ms  cap=  3.4ms
    t+0   | +0.0778  -0.1329  -0.1815  +0.2945  +0.0634  -0.1439
    t+1   | +0.0803  -0.0563  -0.2243  +0.2924  +0.0826  -0.1523
    t+2   | +0.0787  +0.0034  -0.2079  +0.2754  +0.1017  -0.1988
    t+3   | +0.0821  +0.0296  -0.2047  +0.2642  +0.1444  -0.1952
    t+4   | +0.0808  -0.0113  -0.1569  +0.2659  +0.5499  -0.2091
[23:50:18] # 1355 [bench] e2e=  973.5ms  infer=  970.6ms  cap=  2.8ms
    t+0   | +0.2969  +0.1625  -0.2036  +0.3673  +0.0879  -0.0046
    t+1   | +0.1316  +0.1191  -0.2489  +0.3411  +0.0179  -0.2658
    t+2   | +0.0653  +0.0715  -0.2578  +0.3367  -0.0086  -0.3331
    t+3   | +0.0672  +0.1095  -0.2963  +0.3503  -0.0427  -0.2570
    t+4   | +0.1268  +0.0868  -0.2737  +0.3361  -0.0241  -0.1837
[23:50:19] # 1356 [bench] e2e=  989.3ms  infer=  985.9ms  cap=  3.3ms
    t+0   | +0.1666  -0.0240  -0.1550  +0.3166  +0.0160  -0.0106
    t+1   | +0.1037  +0.0480  -0.2592  +0.3200  -0.0856  +0.1983
    t+2   | +0.1011  +0.0832  -0.2951  +0.2997  -0.1055  +0.2245
    t+3   | +0.1109  +0.1292  -0.3271  +0.2847  -0.1270  +0.1354
    t+4   | +0.1535  +0.1266  -0.3028  +0.2974  -0.0895  +0.1672
[23:50:20] # 1357 [bench] e2e=  978.6ms  infer=  975.5ms  cap=  2.9ms
    t+0   | +0.1674  -0.0309  -0.1226  +0.2565  -0.0376  -0.0165
    t+1   | +0.0904  +0.0209  -0.1846  +0.2572  -0.0371  +0.1514
    t+2   | +0.1294  +0.0763  -0.2262  +0.3092  -0.0271  +0.2024
    t+3   | +0.1274  +0.0871  -0.2250  +0.3269  -0.0342  +0.1489
    t+4   | +0.1120  +0.0663  -0.2423  +0.3277  -0.0787  +0.1158
[23:50:21] # 1358 [bench] e2e=  973.3ms  infer=  969.7ms  cap=  3.4ms
    t+0   | +0.1896  +0.1486  -0.3922  +0.4344  +0.3568  -0.0095
    t+1   | +0.2060  +0.1553  -0.4008  +0.4442  +0.2996  +0.0751
    t+2   | +0.2018  +0.1344  -0.3628  +0.4122  +0.3100  +0.0647
    t+3   | +0.2246  +0.1599  -0.3243  +0.4011  +0.4146  +0.0525
    t+4   | +0.2926  +0.1906  -0.3821  +0.4437  +0.3577  -0.0461
[23:50:22] # 1359 [bench] e2e=  987.8ms  infer=  985.1ms  cap=  2.6ms
    t+0   | +0.1720  -0.0759  -0.0783  +0.2811  +0.1581  -0.3720
    t+1   | +0.1942  -0.0986  -0.0938  +0.2838  +0.0727  -0.3494
    t+2   | +0.1710  -0.0475  -0.1600  +0.3488  +0.1097  -0.2083
    t+3   | +0.1615  +0.0347  -0.2694  +0.3868  +0.2014  -0.0098
    t+4   | +0.2075  +0.0486  -0.2701  +0.3725  +0.1923  -0.0205
[23:50:23] # 1360 [bench] e2e=  976.3ms  infer=  973.1ms  cap=  3.1ms
    t+0   | +0.1072  -0.0690  -0.1276  +0.2393  +0.1607  -0.2146
    t+1   | +0.0837  +0.1102  -0.2387  +0.3175  +0.6611  -0.2066
    t+2   | +0.1413  +0.2748  -0.4142  +0.4703  +0.8596  -0.2233
    t+3   | +0.2067  +0.3373  -0.4411  +0.4838  +0.7719  -0.0905
    t+4   | +0.1989  +0.3689  -0.4822  +0.4913  +0.7119  -0.1424
[23:50:24] # 1361 [bench] e2e=  976.0ms  infer=  973.2ms  cap=  2.7ms
    t+0   | +0.2923  +0.0857  -0.2653  +0.3382  -0.0009  +0.3533
    t+1   | +0.2564  +0.1018  -0.3498  +0.3228  +0.1057  +0.2012
    t+2   | +0.2129  +0.1251  -0.3667  +0.3123  +0.1107  +0.1296
    t+3   | +0.1569  +0.1951  -0.4358  +0.3285  +0.1433  +0.1089
    t+4   | +0.1604  +0.2734  -0.6638  +0.4415  +0.1184  +0.0801
[23:50:25] # 1362 [bench] e2e=  992.3ms  infer=  989.3ms  cap=  2.9ms
    t+0   | +0.2552  +0.0027  -0.1151  +0.2611  -0.0356  +0.0867
    t+1   | +0.2473  +0.0747  -0.1821  +0.2969  -0.0624  +0.0987
    t+2   | +0.1958  +0.0591  -0.2062  +0.2905  +0.0116  +0.1021
    t+3   | +0.1810  +0.0441  -0.2439  +0.3028  -0.0060  +0.1212
    t+4   | +0.2040  +0.0785  -0.2300  +0.3338  -0.0283  +0.0768
[23:50:26] # 1363 [bench] e2e=  980.3ms  infer=  977.8ms  cap=  2.3ms
    t+0   | +0.1369  +0.1499  -0.3039  +0.3565  +0.0238  +0.4379
    t+1   | +0.1404  +0.2192  -0.3951  +0.3867  -0.0193  +0.4958
    t+2   | +0.1710  +0.2416  -0.4194  +0.4189  -0.0351  +0.5971
    t+3   | +0.0817  +0.2405  -0.4511  +0.4238  -0.0047  +0.6843
    t+4   | +0.0539  +0.2721  -0.4673  +0.4549  +0.0028  +0.6751
[23:50:27] # 1364 [bench] e2e=  980.4ms  infer=  977.3ms  cap=  2.9ms
    t+0   | +0.0668  -0.0201  -0.1208  +0.2806  +0.2059  -0.2777
    t+1   | +0.0185  -0.0526  -0.0709  +0.2416  +0.2449  -0.1463
    t+2   | -0.0148  -0.0315  -0.0672  +0.2360  +0.2845  -0.0311
    t+3   | +0.0110  +0.0216  -0.0937  +0.2758  +0.2858  +0.0621
    t+4   | +0.0697  +0.0206  -0.1474  +0.2827  +0.2462  +0.0594
[23:50:28] # 1365 [bench] e2e=  973.2ms  infer=  970.2ms  cap=  2.8ms
    t+0   | +0.2417  +0.0391  -0.1700  +0.3460  +0.0657  +0.1602
    t+1   | +0.2834  +0.1573  -0.2585  +0.4316  +0.1116  +0.1528
    t+2   | +0.3160  +0.2112  -0.2901  +0.4600  +0.1925  +0.1500
    t+3   | +0.3123  +0.2211  -0.3086  +0.4717  +0.1750  +0.1763
    t+4   | +0.2832  +0.1583  -0.3082  +0.4294  +0.1674  +0.2600

  [live] after 1360 bench steps — e2e mean=990.0ms  |  max replan freq=1.01 Hz  |  max control freq=5.05 Hz (n_action_steps=5)

[23:50:29] # 1366 [bench] e2e=  996.1ms  infer=  993.0ms  cap=  2.9ms
    t+0   | +0.2214  +0.1213  -0.2634  +0.4316  +0.0837  +0.0731
    t+1   | +0.2118  +0.1053  -0.2107  +0.3920  +0.0559  +0.0635
    t+2   | +0.1835  +0.0855  -0.1885  +0.3724  +0.0752  -0.0194
    t+3   | +0.1928  +0.0958  -0.2264  +0.3789  +0.1326  -0.1793
    t+4   | +0.1867  +0.1538  -0.2766  +0.4004  +0.1089  -0.1272
[23:50:30] # 1367 [bench] e2e=  978.0ms  infer=  975.0ms  cap=  2.8ms
    t+0   | +0.1665  -0.0361  -0.1007  +0.2047  +0.1516  -0.4312
    t+1   | +0.1789  -0.0036  -0.1832  +0.2028  +0.1392  -0.3235
    t+2   | +0.2349  +0.0650  -0.2415  +0.2636  +0.0719  -0.0265
    t+3   | +0.2505  +0.0655  -0.2267  +0.2870  +0.0276  +0.0860
    t+4   | +0.2458  +0.0904  -0.2431  +0.2849  +0.0399  -0.0152
[23:50:31] # 1368 [bench] e2e=  973.3ms  infer=  970.3ms  cap=  2.8ms
    t+0   | +0.2349  +0.0110  -0.1517  +0.2767  -0.0089  -0.2240
    t+1   | +0.2305  +0.0235  -0.1851  +0.2875  +0.0239  -0.1819
    t+2   | +0.1850  +0.0490  -0.2017  +0.3368  +0.0226  -0.0401
    t+3   | +0.1970  +0.1021  -0.2169  +0.3419  +0.0139  +0.2051
    t+4   | +0.1842  +0.1035  -0.2465  +0.3376  +0.1236  +0.1107
[23:50:32] # 1369 [bench] e2e=  991.9ms  infer=  988.4ms  cap=  3.3ms
    t+0   | +0.1477  +0.0327  -0.3467  +0.3905  +0.4455  +0.0545
    t+1   | +0.1546  +0.0918  -0.5521  +0.4627  +0.2442  +0.1369
    t+2   | +0.2486  +0.1451  -0.6021  +0.5186  +0.2708  +0.1099
    t+3   | +0.2956  +0.1848  -0.5663  +0.5153  +0.1867  +0.2206
    t+4   | +0.2749  +0.2205  -0.5386  +0.5174  +0.1651  +0.2484
[23:50:33] # 1370 [bench] e2e=  973.4ms  infer=  970.4ms  cap=  2.8ms
    t+0   | +0.2180  +0.1859  -0.2580  +0.3859  +0.0886  +0.0478
    t+1   | +0.2442  +0.1856  -0.2812  +0.4099  +0.0153  +0.2490
    t+2   | +0.2728  +0.2128  -0.3596  +0.4492  -0.0438  +0.1789
    t+3   | +0.2605  +0.1910  -0.3717  +0.4732  -0.0408  +0.0517
    t+4   | +0.2852  +0.2291  -0.4992  +0.5473  -0.0344  +0.0633
[23:50:34] # 1371 [bench] e2e=  971.0ms  infer=  968.0ms  cap=  2.8ms
    t+0   | +0.3199  +0.0221  -0.0551  +0.3330  +0.4520  +0.0580
    t+1   | +0.3004  -0.0167  -0.0521  +0.3411  +0.5995  +0.0675
    t+2   | +0.2796  -0.0293  -0.0960  +0.3434  +0.5253  +0.1122
    t+3   | +0.3190  +0.0524  -0.1562  +0.3775  +0.4859  +0.1932
    t+4   | +0.2977  +0.0911  -0.1521  +0.4105  +0.5445  +0.3594
[23:50:35] # 1372 [bench] e2e=  975.2ms  infer=  972.1ms  cap=  2.9ms
    t+0   | +0.1226  +0.0243  -0.2113  +0.3381  -0.1023  +0.3580
    t+1   | +0.1143  +0.0444  -0.2639  +0.3747  -0.0654  +0.3772
    t+2   | +0.2062  +0.0923  -0.3958  +0.4460  -0.0359  +0.3178
    t+3   | +0.1787  +0.1912  -0.5079  +0.4816  +0.0543  +0.3943
    t+4   | +0.1903  +0.2180  -0.5292  +0.4830  +0.1322  +0.4042
[23:50:36] # 1373 [bench] e2e=  972.5ms  infer=  969.8ms  cap=  2.6ms
    t+0   | +0.2355  +0.1814  -0.2172  +0.3839  +0.1819  +0.0800
    t+1   | +0.2160  +0.1817  -0.1897  +0.3949  +0.2403  +0.1555
    t+2   | +0.1988  +0.1495  -0.2011  +0.4101  +0.2521  +0.3205
    t+3   | +0.2156  +0.1575  -0.2661  +0.4613  +0.3165  +0.4236
    t+4   | +0.2623  +0.1545  -0.2947  +0.4899  +0.3175  +0.4343
[23:50:37] # 1374 [bench] e2e=  976.8ms  infer=  974.0ms  cap=  2.7ms
    t+0   | +0.0372  +0.0235  -0.3029  +0.3562  +0.0462  -0.2220
    t+1   | +0.0986  +0.0597  -0.3726  +0.3986  +0.1365  -0.1929
    t+2   | +0.1508  +0.0801  -0.3673  +0.3869  +0.1950  -0.1778
    t+3   | +0.1643  +0.0830  -0.3392  +0.3826  +0.1462  -0.1778
    t+4   | +0.1538  +0.1198  -0.3333  +0.3921  +0.1735  -0.1395
[23:50:38] # 1375 [bench] e2e=  976.7ms  infer=  973.9ms  cap=  2.6ms
    t+0   | +0.0798  -0.0445  -0.1510  +0.3091  +0.0436  -0.4206
    t+1   | +0.0804  +0.0074  -0.2010  +0.3492  +0.0716  -0.3994
    t+2   | +0.1505  +0.0916  -0.1890  +0.3638  +0.3052  -0.2533
    t+3   | +0.1754  +0.1333  -0.2147  +0.3629  +0.2296  -0.0053
    t+4   | +0.1390  +0.1903  -0.2674  +0.3854  +0.2529  +0.7357
[23:50:39] # 1376 [bench] e2e=  975.5ms  infer=  972.2ms  cap=  3.1ms
    t+0   | +0.1696  +0.0522  -0.1770  +0.3299  +0.0598  -0.1388
    t+1   | +0.0841  +0.0975  -0.1027  +0.3078  +0.3361  +0.2344
    t+2   | +0.0471  +0.0905  -0.1524  +0.3179  +0.4240  +0.6505
    t+3   | +0.0805  +0.1028  -0.1347  +0.3290  +0.4278  +0.6515
    t+4   | +0.1892  +0.1139  -0.1289  +0.3756  +0.4793  +0.6737
[23:50:40] # 1377 [bench] e2e=  972.8ms  infer=  969.4ms  cap=  3.3ms
    t+0   | +0.0579  +0.1894  -0.5406  +0.5703  -0.4133  -0.0748
    t+1   | +0.1149  +0.1788  -0.5203  +0.5497  -0.2761  -0.0111
    t+2   | +0.0746  +0.2013  -0.4972  +0.5386  -0.1908  +0.2389
    t+3   | +0.1089  +0.2873  -0.4934  +0.5246  -0.0734  +0.2451
    t+4   | +0.1781  +0.3751  -0.5312  +0.5386  -0.0441  +0.2030
[23:50:41] # 1378 [bench] e2e=  971.4ms  infer=  968.0ms  cap=  3.2ms
    t+0   | +0.0690  +0.2646  -0.4595  +0.4610  +0.1359  -0.0217
    t+1   | +0.0783  +0.2916  -0.5427  +0.5103  +0.1746  +0.0862
    t+2   | +0.0590  +0.2270  -0.5178  +0.5146  +0.1619  +0.0685
    t+3   | +0.0525  +0.2709  -0.5274  +0.5203  +0.1302  +0.1272
    t+4   | +0.0807  +0.2780  -0.4522  +0.4817  +0.1970  +0.0924
[23:50:42] # 1379 [bench] e2e=  977.6ms  infer=  974.7ms  cap=  2.8ms
    t+0   | +0.1819  +0.1360  -0.3022  +0.3858  +0.1884  +0.0292
    t+1   | +0.1405  +0.1510  -0.3302  +0.3918  +0.1947  +0.0572
    t+2   | +0.1341  +0.1284  -0.3247  +0.3839  +0.2320  +0.0893
    t+3   | +0.1550  +0.0822  -0.2986  +0.3833  +0.2158  +0.0739
    t+4   | +0.1250  +0.1109  -0.2592  +0.3729  +0.2335  +0.1016
[23:50:43] # 1380 [bench] e2e=  995.6ms  infer=  992.2ms  cap=  3.2ms
    t+0   | +0.1146  +0.1944  -0.3402  +0.3742  +0.3145  -0.0143
    t+1   | +0.1336  +0.2199  -0.3496  +0.3810  +0.3207  +0.0593
    t+2   | +0.0779  +0.1328  -0.2884  +0.3215  +0.3540  -0.0648
    t+3   | +0.0928  +0.0620  -0.2168  +0.3131  +0.3189  -0.0996
    t+4   | +0.1243  +0.0301  -0.1603  +0.3009  +0.2725  -0.2643
[23:50:43] # 1381 [bench] e2e=  979.3ms  infer=  975.9ms  cap=  3.2ms
    t+0   | +0.2753  +0.0697  -0.2190  +0.3235  +0.4424  +0.1122
    t+1   | +0.3206  +0.0601  -0.2418  +0.3147  +0.3830  +0.1348
    t+2   | +0.3460  +0.0968  -0.2682  +0.3324  +0.2534  +0.1249
    t+3   | +0.3334  +0.1309  -0.2506  +0.3618  +0.1670  +0.3691
    t+4   | +0.2329  +0.1745  -0.2345  +0.3725  +0.1661  +0.3954
[23:50:44] # 1382 [bench] e2e=  994.1ms  infer=  990.9ms  cap=  3.0ms
    t+0   | +0.1773  +0.1230  -0.3453  +0.3747  +0.1704  +0.0503
    t+1   | +0.1884  +0.1291  -0.3216  +0.3571  +0.2169  +0.0679
    t+2   | +0.1448  +0.1538  -0.3365  +0.3878  +0.2647  +0.1008
    t+3   | +0.1402  +0.1703  -0.3968  +0.4169  +0.2140  +0.2325
    t+4   | +0.1731  +0.1662  -0.3957  +0.4315  +0.1494  +0.3349
[23:50:45] # 1383 [bench] e2e= 1009.1ms  infer= 1006.2ms  cap=  2.8ms
    t+0   | +0.1713  +0.0991  -0.4314  +0.4977  +0.1741  +0.0898
    t+1   | +0.1306  +0.1222  -0.4024  +0.5186  +0.2276  +0.0653
    t+2   | +0.1476  +0.0993  -0.3102  +0.5580  +0.5272  +0.1405
    t+3   | +0.2153  +0.1188  -0.2903  +0.5552  +0.4870  +0.1473
    t+4   | +0.2659  +0.1423  -0.3524  +0.5568  +0.4669  +0.1763
[23:50:46] # 1384 [bench] e2e=  975.1ms  infer=  971.7ms  cap=  3.2ms
    t+0   | +0.1683  +0.0234  -0.2290  +0.5700  +0.8005  -0.1545
    t+1   | +0.1847  +0.0854  -0.3034  +0.5246  +0.4159  +0.0674
    t+2   | +0.1784  +0.1270  -0.4063  +0.5711  +0.3255  +0.2506
    t+3   | +0.2308  +0.1077  -0.4012  +0.5551  +0.2458  +0.2221
    t+4   | +0.2483  +0.1079  -0.3743  +0.5261  +0.1904  +0.1894
[23:50:47] # 1385 [bench] e2e=  994.0ms  infer=  991.3ms  cap=  2.5ms
    t+0   | +0.1939  +0.0918  -0.2042  +0.3145  +0.0470  +0.2197
    t+1   | +0.1830  +0.1135  -0.2673  +0.3246  +0.0610  +0.1621
    t+2   | +0.2115  +0.1537  -0.3015  +0.3892  +0.0676  +0.1567
    t+3   | +0.2379  +0.1657  -0.3395  +0.4178  +0.1159  +0.1564
    t+4   | +0.2753  +0.1471  -0.3131  +0.4111  +0.1143  +0.1864

  [live] after 1380 bench steps — e2e mean=989.8ms  |  max replan freq=1.01 Hz  |  max control freq=5.05 Hz (n_action_steps=5)

[23:50:48] # 1386 [bench] e2e=  974.8ms  infer=  971.9ms  cap=  2.8ms
    t+0   | +0.1887  +0.0054  -0.1532  +0.2932  -0.0482  +0.2399
    t+1   | +0.1762  +0.0113  -0.1982  +0.3019  -0.0474  +0.1607
    t+2   | +0.1679  +0.0496  -0.2071  +0.3465  -0.0252  +0.1291
    t+3   | +0.1343  +0.1011  -0.2407  +0.3665  -0.0411  +0.2563
    t+4   | +0.0585  +0.1020  -0.2825  +0.3481  -0.0264  +0.1728
[23:50:49] # 1387 [bench] e2e=  977.9ms  infer=  974.4ms  cap=  3.3ms
    t+0   | +0.1474  +0.0648  -0.1650  +0.3586  +0.1908  +0.0788
    t+1   | +0.0704  +0.0690  -0.1740  +0.3830  +0.1588  +0.2515
    t+2   | +0.0913  +0.0641  -0.2322  +0.4003  +0.0978  +0.2102
    t+3   | +0.1413  +0.0707  -0.2579  +0.4258  +0.1103  +0.2193
    t+4   | +0.1630  +0.0938  -0.2919  +0.4587  +0.0587  +0.2515
[23:50:50] # 1388 [bench] e2e=  974.0ms  infer=  971.6ms  cap=  2.2ms
    t+0   | +0.3268  +0.1178  -0.2301  +0.3541  +0.0901  +0.0661
    t+1   | +0.3481  +0.1050  -0.2786  +0.3599  +0.1392  +0.0253
    t+2   | +0.3179  +0.1052  -0.2837  +0.3646  +0.1297  -0.0245
    t+3   | +0.2833  +0.1513  -0.3008  +0.3606  +0.1957  +0.0271
    t+4   | +0.2761  +0.1923  -0.3003  +0.3837  +0.2111  +0.0829
[23:50:51] # 1389 [bench] e2e=  988.5ms  infer=  985.2ms  cap=  3.1ms
    t+0   | +0.1735  +0.0067  -0.1636  +0.3405  -0.0564  +0.1475
    t+1   | +0.0380  -0.0546  -0.1923  +0.3533  -0.0122  +0.0121
    t+2   | +0.0966  -0.0489  -0.1970  +0.3183  -0.0058  +0.0171
    t+3   | +0.0758  +0.0090  -0.2082  +0.3384  -0.0062  -0.0112
    t+4   | +0.0735  +0.0629  -0.2150  +0.3589  +0.0497  -0.0221
[23:50:52] # 1390 [bench] e2e=  984.9ms  infer=  981.2ms  cap=  3.5ms
    t+0   | +0.1658  +0.0934  -0.1983  +0.3113  +0.4610  -0.1409
    t+1   | +0.2036  +0.0987  -0.1963  +0.3222  +0.3680  +0.1556
    t+2   | +0.2801  +0.0944  -0.2234  +0.3380  +0.4624  +0.7111
    t+3   | +0.3925  +0.0976  -0.2106  +0.3230  +0.5088  +0.9476
    t+4   | +0.4867  +0.1051  -0.2034  +0.3471  +0.5535  +0.8727
[23:50:53] # 1391 [bench] e2e=  973.6ms  infer=  970.7ms  cap=  2.7ms
    t+0   | +0.4030  +0.2458  -0.3182  +0.3528  +0.1099  -0.0270
    t+1   | +0.2790  +0.0879  -0.2224  +0.2717  +0.0588  -0.0464
    t+2   | +0.1654  -0.0438  -0.1616  +0.2304  +0.1052  -0.1312
    t+3   | +0.1694  -0.0727  -0.1707  +0.2391  +0.0872  -0.0783
    t+4   | +0.1976  -0.0183  -0.1855  +0.2456  +0.0886  -0.0345
[23:50:54] # 1392 [bench] e2e=  974.7ms  infer=  972.0ms  cap=  2.6ms
    t+0   | +0.2551  +0.1624  -0.3050  +0.3926  +0.2310  +0.1252
    t+1   | +0.1729  +0.1362  -0.3087  +0.3559  +0.1895  +0.0729
    t+2   | +0.1419  +0.1244  -0.2912  +0.3528  +0.1913  +0.0745
    t+3   | +0.1636  +0.1297  -0.2932  +0.3144  +0.1706  +0.0427
    t+4   | +0.1624  +0.1742  -0.3169  +0.3342  +0.1802  +0.0612
[23:50:55] # 1393 [bench] e2e=  975.0ms  infer=  972.0ms  cap=  2.8ms
    t+0   | +0.1312  -0.0507  -0.0739  +0.2309  +0.0415  -0.0709
    t+1   | +0.1515  -0.0288  -0.1406  +0.2494  +0.0550  +0.0239
    t+2   | +0.0637  -0.0650  -0.2156  +0.2890  +0.1169  +0.1861
    t+3   | +0.0297  -0.1119  -0.2474  +0.3098  +0.1930  +0.0924
    t+4   | +0.0744  -0.0638  -0.3030  +0.4087  +0.2253  +0.1584
[23:50:56] # 1394 [bench] e2e=  994.2ms  infer=  991.3ms  cap=  2.8ms
    t+0   | +0.2096  +0.0156  -0.1449  +0.3027  +0.0828  +0.0531
    t+1   | +0.1598  +0.0027  -0.1923  +0.3051  +0.1288  +0.0714
    t+2   | +0.0756  -0.0306  -0.1797  +0.3266  +0.1775  -0.2405
    t+3   | +0.1072  +0.0060  -0.1986  +0.3601  +0.1624  -0.3419
    t+4   | +0.0905  +0.0336  -0.2129  +0.3493  +0.2237  -0.4929
[23:50:57] # 1395 [bench] e2e=  978.5ms  infer=  975.1ms  cap=  3.2ms
    t+0   | +0.1057  +0.1564  -0.2067  +0.2190  +0.4742  -0.0034
    t+1   | +0.0957  +0.2171  -0.2909  +0.1942  +0.4155  +0.0589
    t+2   | +0.1276  +0.1914  -0.2903  +0.2027  +0.3727  +0.0165
    t+3   | +0.1097  +0.2889  -0.3730  +0.2916  +0.4557  -0.0990
    t+4   | +0.1111  +0.2653  -0.3711  +0.3196  +0.4327  -0.1094
[23:50:58] # 1396 [bench] e2e=  971.7ms  infer=  968.8ms  cap=  2.8ms
    t+0   | +0.2982  +0.3374  -0.3880  +0.3821  +0.6177  +0.1798
    t+1   | +0.3752  +0.3448  -0.4219  +0.3692  +0.5860  +0.1078
    t+2   | +0.3383  +0.2712  -0.4236  +0.3789  +0.6036  +0.0422
    t+3   | +0.2792  +0.2224  -0.4144  +0.3971  +0.5415  +0.0400
    t+4   | +0.3103  +0.2386  -0.4533  +0.4306  +0.4833  +0.1395
[23:50:59] # 1397 [bench] e2e=  972.5ms  infer=  969.7ms  cap=  2.7ms
    t+0   | +0.1215  +0.0792  -0.1292  +0.2743  +0.0838  +0.0480
    t+1   | +0.0345  +0.1338  -0.1793  +0.2974  +0.1205  +0.1059
    t+2   | +0.0628  +0.1527  -0.1993  +0.2997  +0.1252  -0.0114
    t+3   | +0.1190  +0.1583  -0.2205  +0.3204  +0.1171  -0.0077
    t+4   | +0.1844  +0.1799  -0.2580  +0.3502  +0.0802  +0.0203
[23:51:00] # 1398 [bench] e2e=  990.2ms  infer=  986.6ms  cap=  3.5ms
    t+0   | +0.0411  +0.0152  -0.1029  +0.2154  +0.1200  -0.6862
    t+1   | +0.0784  +0.0497  -0.1437  +0.2449  +0.1194  -0.4292
    t+2   | +0.1423  +0.1255  -0.2622  +0.3001  +0.1635  -0.2451
    t+3   | +0.2220  +0.1417  -0.3121  +0.3223  +0.1303  +0.1448
    t+4   | +0.2662  +0.2403  -0.4935  +0.4291  +0.3333  +0.0678
[23:51:01] # 1399 [bench] e2e=  985.7ms  infer=  982.1ms  cap=  3.5ms
    t+0   | +0.1263  -0.1310  -0.0017  +0.2395  +0.3246  -0.0177
    t+1   | +0.1550  -0.0909  -0.1031  +0.2860  +0.2573  -0.0405
    t+2   | +0.1852  -0.0425  -0.1577  +0.3140  +0.1941  +0.0228
    t+3   | +0.1926  +0.0002  -0.1599  +0.2973  +0.1918  -0.0154
    t+4   | +0.1923  +0.0502  -0.2597  +0.3141  +0.2238  -0.0206
[23:51:02] # 1400 [bench] e2e=  975.2ms  infer=  972.3ms  cap=  2.7ms
    t+0   | +0.1637  -0.0454  -0.0802  +0.2376  +0.0280  -0.2253
    t+1   | +0.1459  +0.0137  -0.1809  +0.3161  +0.0933  -0.1796
    t+2   | +0.1533  +0.0740  -0.2997  +0.3375  +0.0671  -0.1490
    t+3   | +0.1567  +0.1253  -0.3412  +0.3529  +0.1287  -0.1538
    t+4   | +0.1282  +0.2041  -0.4094  +0.3945  +0.2540  -0.3708
[23:51:03] # 1401 [bench] e2e=  992.6ms  infer=  989.4ms  cap=  3.1ms
    t+0   | +0.2540  +0.0779  -0.1579  +0.3202  +0.3672  +0.2130
    t+1   | +0.2569  +0.1455  -0.1962  +0.3603  +0.4491  +0.3341
    t+2   | +0.3213  +0.2100  -0.2488  +0.4038  +0.3830  +0.3441
    t+3   | +0.3769  +0.2139  -0.2996  +0.4585  +0.4436  +0.3436
    t+4   | +0.3767  +0.2611  -0.3354  +0.4928  +0.4249  +0.4987
[23:51:04] # 1402 [bench] e2e=  978.5ms  infer=  975.5ms  cap=  2.8ms
    t+0   | +0.2151  +0.0102  -0.0315  +0.2046  +0.0198  -0.4544
    t+1   | +0.2514  +0.1457  -0.1382  +0.2710  +0.1494  -0.3399
    t+2   | +0.2457  +0.1768  -0.2000  +0.3294  +0.1638  -0.1406
    t+3   | +0.2641  +0.1613  -0.2120  +0.3684  +0.1556  -0.0610
    t+4   | +0.2689  +0.2085  -0.3157  +0.4345  +0.2205  +0.0640
[23:51:05] # 1403 [bench] e2e=  983.8ms  infer=  980.7ms  cap=  3.0ms
    t+0   | +0.0328  +0.0420  -0.3099  +0.4152  +0.0661  +0.0964
    t+1   | +0.0834  +0.1145  -0.3927  +0.4613  +0.1526  +0.1515
    t+2   | +0.1014  +0.1351  -0.3421  +0.4261  +0.1960  -0.0147
    t+3   | +0.1484  +0.1462  -0.3224  +0.4371  +0.1561  -0.0351
    t+4   | +0.0951  +0.1545  -0.3454  +0.4243  +0.2228  -0.1149
[23:51:06] # 1404 [bench] e2e=  973.5ms  infer=  970.3ms  cap=  3.1ms
    t+0   | +0.0862  +0.0311  -0.1535  +0.2681  +0.1168  -0.4632
    t+1   | +0.0709  -0.0173  -0.1159  +0.2321  +0.1065  -0.5419
    t+2   | +0.0770  -0.0580  -0.0631  +0.2261  +0.0951  -0.4776
    t+3   | +0.0621  -0.0217  -0.0912  +0.2510  +0.1175  -0.4164
    t+4   | +0.0549  -0.0056  -0.1712  +0.2685  +0.1319  -0.3929
[23:51:07] # 1405 [bench] e2e=  974.3ms  infer=  971.3ms  cap=  2.9ms
    t+0   | +0.2538  +0.1076  -0.3176  +0.3997  -0.0571  +0.2693
    t+1   | +0.2136  +0.0852  -0.2797  +0.3873  -0.0509  +0.2559
    t+2   | +0.1310  +0.1277  -0.3409  +0.4097  +0.0071  +0.1717
    t+3   | +0.1432  +0.1427  -0.3618  +0.4065  -0.0305  +0.0944
    t+4   | +0.1531  +0.1638  -0.4249  +0.4307  -0.0888  +0.0723

  [live] after 1400 bench steps — e2e mean=989.7ms  |  max replan freq=1.01 Hz  |  max control freq=5.05 Hz (n_action_steps=5)

[23:51:08] # 1406 [bench] e2e=  981.1ms  infer=  977.7ms  cap=  3.2ms
    t+0   | +0.1562  +0.0137  -0.1141  +0.2533  +0.2322  -0.0710
    t+1   | +0.1752  +0.0351  -0.1633  +0.2589  +0.2317  -0.0518
    t+2   | +0.1866  +0.0141  -0.1963  +0.2588  +0.2123  +0.0334
    t+3   | +0.2200  +0.0014  -0.2247  +0.2809  +0.1673  +0.0839
    t+4   | +0.2410  +0.0373  -0.2738  +0.2930  +0.0949  +0.3760
[23:51:09] # 1407 [bench] e2e=  974.5ms  infer=  971.1ms  cap=  3.3ms
    t+0   | +0.1023  -0.1160  -0.0231  +0.2074  +0.2222  -0.1741
    t+1   | +0.1716  -0.0362  -0.1831  +0.2821  +0.2689  -0.2403
    t+2   | +0.2132  +0.0547  -0.2593  +0.3343  +0.2329  -0.1934
    t+3   | +0.2623  +0.1324  -0.3089  +0.3438  +0.2713  -0.1664
    t+4   | +0.2484  +0.1765  -0.3167  +0.3361  +0.2313  +0.1330
[23:51:10] # 1408 [bench] e2e=  979.3ms  infer=  976.2ms  cap=  2.9ms
    t+0   | +0.1671  -0.0657  -0.1092  +0.3416  +0.0565  -0.0558
    t+1   | +0.1819  -0.0480  -0.1302  +0.3624  +0.0305  -0.0681
    t+2   | +0.1518  +0.0037  -0.1435  +0.3596  +0.0114  -0.0592
    t+3   | +0.0691  +0.0504  -0.2030  +0.3246  -0.0379  -0.0666
    t+4   | +0.0066  +0.1236  -0.2853  +0.3266  -0.0234  -0.0172
[23:51:11] # 1409 [bench] e2e=  990.7ms  infer=  987.9ms  cap=  2.7ms
    t+0   | +0.0525  -0.1118  -0.1082  +0.2561  +0.0989  -0.3650
    t+1   | +0.0180  -0.0418  -0.1923  +0.2763  +0.1562  -0.2222
    t+2   | +0.0736  -0.0317  -0.1568  +0.2608  +0.2144  -0.0601
    t+3   | +0.0980  -0.0122  -0.1314  +0.2614  +0.2049  +0.0134
    t+4   | +0.1208  -0.0144  -0.1147  +0.2507  +0.1632  +0.1003
[23:51:12] # 1410 [bench] e2e=  984.4ms  infer=  981.3ms  cap=  2.9ms
    t+0   | +0.0295  +0.1523  -0.3169  +0.3135  -0.1356  +0.1730
    t+1   | -0.0099  +0.1311  -0.3600  +0.3089  -0.1901  +0.1150
    t+2   | +0.1246  +0.1686  -0.3833  +0.3733  -0.1430  +0.0991
    t+3   | +0.1451  +0.1308  -0.3631  +0.3679  -0.0848  +0.0063
    t+4   | +0.1698  +0.1558  -0.4205  +0.4174  -0.0377  -0.0493
[23:51:13] # 1411 [bench] e2e=  976.8ms  infer=  973.0ms  cap=  3.6ms
    t+0   | +0.1917  +0.1158  -0.1772  +0.3223  +0.1251  +0.0886
    t+1   | +0.1814  +0.0595  -0.1017  +0.2791  +0.0630  +0.1035
    t+2   | +0.1612  +0.0241  -0.0321  +0.2618  +0.0368  +0.0183
    t+3   | +0.1395  +0.0366  -0.0404  +0.2520  +0.0607  -0.0645
    t+4   | +0.1321  +0.0372  -0.0911  +0.2758  +0.0840  -0.1036
[23:51:14] # 1412 [bench] e2e=  994.2ms  infer=  990.2ms  cap=  3.5ms
    t+0   | +0.0436  -0.1591  +0.0935  +0.1639  +0.0909  -0.0794
    t+1   | +0.0714  -0.0205  -0.0899  +0.2768  +0.0985  -0.0385
    t+2   | +0.1036  +0.0057  -0.1255  +0.2909  +0.0658  -0.0293
    t+3   | +0.1045  +0.0455  -0.1504  +0.3278  +0.0088  -0.0369
    t+4   | +0.0621  +0.0455  -0.1694  +0.3374  -0.0018  -0.0570
[23:51:15] # 1413 [bench] e2e= 1027.5ms  infer= 1024.9ms  cap=  2.4ms
    t+0   | +0.2011  +0.1053  -0.2395  +0.3822  +0.2107  +0.9331
    t+1   | +0.1305  +0.0400  -0.2154  +0.3525  +0.1602  +0.5323
    t+2   | +0.1019  +0.0868  -0.2958  +0.4016  +0.1420  +0.4863
    t+3   | +0.2136  +0.1269  -0.3370  +0.4071  +0.0565  +0.4269
    t+4   | +0.2413  +0.1513  -0.3173  +0.4102  +0.0231  +0.3550
[23:51:16] # 1414 [bench] e2e=  995.1ms  infer=  991.9ms  cap=  3.0ms
    t+0   | +0.0489  +0.0882  -0.2137  +0.3870  +0.3491  -0.0530
    t+1   | +0.0484  +0.1168  -0.2347  +0.3752  +0.3740  -0.0131
    t+2   | +0.0681  +0.0656  -0.2028  +0.3233  +0.3644  -0.0176
    t+3   | +0.0510  +0.0141  -0.1777  +0.2970  +0.3483  -0.0674
    t+4   | +0.0116  -0.0255  -0.1674  +0.2943  +0.2723  -0.1430
[23:51:17] # 1415 [bench] e2e=  995.1ms  infer=  991.4ms  cap=  3.6ms
    t+0   | +0.1464  +0.0215  -0.1407  +0.2801  +0.0898  +0.0428
    t+1   | +0.0195  +0.1099  -0.2294  +0.2815  +0.1460  -0.0705
    t+2   | +0.0307  +0.1493  -0.2662  +0.3066  +0.1766  +0.0079
    t+3   | +0.0909  +0.1386  -0.2808  +0.2868  +0.1784  +0.0751
    t+4   | +0.1083  +0.2158  -0.3545  +0.3453  +0.0666  +0.3190
[23:51:18] # 1416 [bench] e2e=  974.4ms  infer=  971.7ms  cap=  2.5ms
    t+0   | +0.0018  -0.1399  +0.0260  +0.1701  +0.1163  -0.2362
    t+1   | -0.0002  -0.1228  -0.0558  +0.2197  +0.1856  -0.2730
    t+2   | +0.0754  -0.0853  -0.0931  +0.2389  +0.1647  -0.2604
    t+3   | +0.1436  +0.0059  -0.1621  +0.2556  +0.1297  -0.1143
    t+4   | +0.1986  +0.0557  -0.1939  +0.3334  +0.1017  +0.1948
[23:51:19] # 1417 [bench] e2e= 1000.8ms  infer=  998.2ms  cap=  2.5ms
    t+0   | +0.1976  +0.0286  -0.1571  +0.2817  -0.0111  -0.1781
    t+1   | +0.1362  -0.0181  -0.1419  +0.2806  -0.0342  -0.2719
    t+2   | +0.1050  -0.0412  -0.1249  +0.2919  -0.0563  -0.3166
    t+3   | +0.0712  -0.0624  -0.1337  +0.2796  -0.0290  -0.3293
    t+4   | +0.0265  -0.0370  -0.1968  +0.2803  +0.0280  -0.3633
[23:51:20] # 1418 [bench] e2e=  997.1ms  infer=  993.8ms  cap=  3.0ms
    t+0   | +0.5121  +0.3464  -0.8090  +0.5234  -0.0441  +0.0352
    t+1   | +0.5266  +0.2643  -0.6446  +0.4873  -0.0152  +0.0829
    t+2   | +0.4556  +0.1944  -0.4401  +0.4354  +0.0258  +0.0875
    t+3   | +0.3207  +0.1173  -0.3178  +0.3586  +0.0409  +0.1290
    t+4   | +0.1641  +0.1230  -0.3278  +0.3697  +0.0573  +0.1513
[23:51:21] # 1419 [bench] e2e= 1000.6ms  infer=  997.8ms  cap=  2.6ms
    t+0   | +0.1699  +0.0065  -0.1873  +0.3177  +0.0405  -0.0524
    t+1   | +0.2146  +0.0944  -0.2265  +0.3401  +0.0760  +0.0330
    t+2   | +0.2394  +0.1515  -0.2212  +0.3373  +0.1502  +0.1196
    t+3   | +0.2281  +0.1768  -0.2465  +0.3297  +0.1991  +0.2270
    t+4   | +0.1795  +0.2246  -0.2667  +0.3561  +0.1994  +0.2327
[23:51:22] # 1420 [bench] e2e=  995.1ms  infer=  992.0ms  cap=  3.0ms
    t+0   | +0.1378  +0.0487  -0.2065  +0.2990  -0.0526  -0.0169
    t+1   | +0.1789  +0.1057  -0.2501  +0.3296  -0.0066  -0.0293
    t+2   | +0.2243  +0.1231  -0.2965  +0.3747  +0.0207  -0.0143
    t+3   | +0.0852  +0.1269  -0.4145  +0.4114  +0.1358  +0.0379
    t+4   | +0.0095  +0.0708  -0.3777  +0.3795  +0.1577  +0.0954
[23:51:23] # 1421 [bench] e2e= 1003.4ms  infer= 1000.1ms  cap=  3.1ms
    t+0   | -0.1525  -0.2769  +0.0816  +0.1053  -0.0443  -0.2071
    t+1   | -0.2238  -0.1817  +0.0087  +0.1135  -0.0657  -0.3120
    t+2   | -0.1843  -0.0341  -0.1478  +0.1938  -0.0687  -0.2783
    t+3   | -0.1116  +0.0291  -0.2193  +0.2457  +0.0107  -0.2044
    t+4   | -0.0344  +0.0465  -0.2183  +0.2473  +0.0365  -0.1107
[23:51:24] # 1422 [bench] e2e=  995.1ms  infer=  991.3ms  cap=  3.6ms
    t+0   | +0.2444  +0.1550  -0.2601  +0.3530  +0.1097  +0.1822
    t+1   | +0.1893  +0.1210  -0.2289  +0.3222  +0.1026  +0.5076
    t+2   | +0.0919  +0.0576  -0.1845  +0.2644  +0.0529  +0.5419
    t+3   | -0.0500  +0.0688  -0.2071  +0.2530  -0.0373  +0.5411
    t+4   | -0.0712  +0.1044  -0.2349  +0.2677  -0.1078  +0.4976
[23:51:25] # 1423 [bench] e2e= 1000.9ms  infer=  997.9ms  cap=  2.9ms
    t+0   | +0.2277  +0.0230  -0.1370  +0.3246  +0.1542  +0.1336
    t+1   | +0.1901  +0.0464  -0.1630  +0.3416  +0.1349  +0.0436
    t+2   | +0.1627  +0.1036  -0.2252  +0.3548  +0.1813  +0.0253
    t+3   | +0.1255  +0.1467  -0.2903  +0.3853  +0.1527  +0.0024
    t+4   | +0.1132  +0.1603  -0.3219  +0.4127  +0.0963  +0.0297
[23:51:26] # 1424 [bench] e2e=  994.6ms  infer=  991.5ms  cap=  2.9ms
    t+0   | +0.2067  +0.0808  -0.2513  +0.3938  +0.2283  -0.0482
    t+1   | +0.2016  +0.1577  -0.3816  +0.5158  +0.4931  +0.1718
    t+2   | +0.2033  +0.1763  -0.3950  +0.5213  +0.4536  +0.3986
    t+3   | +0.1565  +0.1702  -0.3607  +0.4867  +0.4502  +0.4486
    t+4   | +0.1536  +0.1422  -0.3259  +0.4655  +0.3765  +0.5318
[23:51:27] # 1425 [bench] e2e=  993.4ms  infer=  990.3ms  cap=  3.0ms
    t+0   | -0.0961  +0.1040  -0.1021  +0.3138  +0.1245  +0.3939
    t+1   | -0.1737  +0.1105  -0.1350  +0.3184  +0.1241  +0.2415
    t+2   | -0.0757  +0.0764  -0.1887  +0.3051  +0.0900  +0.0662
    t+3   | -0.0043  +0.0808  -0.2536  +0.3089  +0.1004  +0.0128
    t+4   | +0.0547  +0.0735  -0.3565  +0.3651  +0.0918  +0.0610

  [live] after 1420 bench steps — e2e mean=989.7ms  |  max replan freq=1.01 Hz  |  max control freq=5.05 Hz (n_action_steps=5)

[23:51:28] # 1426 [bench] e2e= 1032.6ms  infer= 1029.3ms  cap=  3.2ms
    t+0   | +0.2422  +0.1332  -0.1448  +0.2939  +0.1503  +0.1740
    t+1   | +0.1927  +0.1596  -0.1270  +0.2609  +0.1662  +0.1297
    t+2   | +0.1180  +0.0707  -0.1338  +0.2475  +0.1070  +0.0299
    t+3   | +0.0836  +0.0875  -0.2613  +0.3159  +0.1107  +0.0126
    t+4   | +0.1388  +0.0823  -0.2637  +0.3105  +0.1200  +0.0249
[23:51:29] # 1427 [bench] e2e=  990.1ms  infer=  986.5ms  cap=  3.4ms
    t+0   | +0.1351  -0.0533  -0.0774  +0.2506  -0.0290  -0.0448
    t+1   | +0.1035  -0.0094  -0.1456  +0.2641  -0.0407  -0.0391
    t+2   | +0.1037  +0.0313  -0.1971  +0.2864  +0.0333  -0.1246
    t+3   | +0.1407  +0.0442  -0.2265  +0.2902  +0.0592  -0.0898
    t+4   | +0.1280  +0.0133  -0.1984  +0.2591  +0.1583  -0.0922
[23:51:30] # 1428 [bench] e2e=  986.6ms  infer=  984.1ms  cap=  2.4ms
    t+0   | +0.1366  +0.0311  -0.2045  +0.3200  +0.0229  +0.1545
    t+1   | +0.1287  +0.0941  -0.2996  +0.3139  +0.1818  -0.0133
    t+2   | +0.2102  +0.1795  -0.3507  +0.3041  +0.1990  -0.0121
    t+3   | +0.2165  +0.1864  -0.3304  +0.2670  +0.0994  -0.0466
    t+4   | +0.2060  +0.1885  -0.2910  +0.3002  +0.0442  -0.0519
[23:51:31] # 1429 [bench] e2e=  982.1ms  infer=  979.8ms  cap=  2.1ms
    t+0   | +0.1917  +0.0849  -0.1518  +0.2543  +0.1172  +0.0959
    t+1   | +0.1343  +0.1298  -0.1838  +0.2819  +0.1218  +0.0113
    t+2   | +0.0169  +0.1341  -0.2982  +0.3127  +0.0255  -0.0538
    t+3   | +0.0358  +0.1126  -0.3031  +0.3267  -0.0045  -0.0315
    t+4   | +0.0479  +0.0776  -0.2749  +0.3247  -0.0102  +0.0111
[23:51:32] # 1430 [bench] e2e=  980.1ms  infer=  977.6ms  cap=  2.3ms
    t+0   | +0.1416  +0.0537  -0.2305  +0.3497  +0.1484  -0.1138
    t+1   | +0.1413  +0.0549  -0.2512  +0.3469  +0.1032  +0.0560
    t+2   | +0.1153  +0.0788  -0.2427  +0.3605  +0.1224  +0.0810
    t+3   | +0.1325  +0.1075  -0.2707  +0.3604  +0.1229  +0.5368
    t+4   | +0.1362  +0.1065  -0.2771  +0.3326  +0.2210  +0.5365
[23:51:33] # 1431 [bench] e2e=  993.3ms  infer=  991.0ms  cap=  2.1ms
    t+0   | +0.0293  -0.0666  -0.0792  +0.2315  -0.0615  -0.1062
    t+1   | -0.0440  -0.1056  -0.0554  +0.2145  -0.0416  -0.2180
    t+2   | -0.0350  -0.0870  -0.0601  +0.2002  -0.0634  -0.1857
    t+3   | -0.0018  -0.0505  -0.0372  +0.2199  -0.0645  -0.1429
    t+4   | -0.0185  -0.0394  -0.0183  +0.2465  -0.0502  -0.0533
[23:51:34] # 1432 [bench] e2e=  984.5ms  infer=  982.1ms  cap=  2.2ms
    t+0   | +0.1844  +0.0100  -0.2378  +0.3456  +0.0400  -0.0752
    t+1   | +0.1950  -0.0273  -0.2086  +0.3185  +0.0887  -0.1506
    t+2   | +0.1912  -0.0693  -0.1702  +0.2630  +0.0628  -0.1835
    t+3   | +0.1713  -0.0568  -0.1121  +0.2395  +0.0998  -0.1942
    t+4   | +0.1105  -0.0148  -0.1058  +0.2092  +0.1228  -0.1128
[23:51:35] # 1433 [bench] e2e=  999.9ms  infer=  996.9ms  cap=  2.7ms
    t+0   | +0.3341  +0.4065  -0.6330  +0.4924  +0.1080  +0.2851
    t+1   | +0.3660  +0.3782  -0.5709  +0.4842  +0.1439  +0.3426
    t+2   | +0.3734  +0.3093  -0.4515  +0.4627  +0.0701  +0.5305
    t+3   | +0.3387  +0.2732  -0.4020  +0.3890  +0.1031  +0.3771
    t+4   | +0.3022  +0.2245  -0.3623  +0.3846  +0.0871  +0.3281
[23:51:36] # 1434 [bench] e2e=  998.1ms  infer=  995.1ms  cap=  2.8ms
    t+0   | +0.1350  +0.1459  -0.2233  +0.3712  +0.0437  +0.0176
    t+1   | +0.1439  +0.1751  -0.2356  +0.3802  -0.0136  -0.0209
    t+2   | +0.1498  +0.1716  -0.2485  +0.4063  +0.0309  -0.0585
    t+3   | +0.1788  +0.1835  -0.2570  +0.4179  +0.1572  -0.0913
    t+4   | +0.2180  +0.1920  -0.2834  +0.4031  +0.1555  -0.0690
[23:51:37] # 1435 [bench] e2e=  994.4ms  infer=  991.3ms  cap=  3.0ms
    t+0   | +0.1298  +0.0389  -0.1624  +0.3024  +0.4171  -0.3417
    t+1   | +0.1715  +0.0715  -0.2718  +0.3657  +0.3571  -0.3080
    t+2   | +0.2177  +0.1212  -0.3562  +0.3943  +0.2869  -0.2525
    t+3   | +0.2545  +0.1521  -0.3781  +0.3994  +0.2620  -0.1807
    t+4   | +0.2251  +0.1301  -0.3755  +0.3714  +0.3089  -0.2258
[23:51:38] # 1436 [bench] e2e=  995.0ms  infer=  992.0ms  cap=  2.9ms
    t+0   | +0.0727  +0.1078  -0.2075  +0.3167  -0.1466  +0.0958
    t+1   | +0.0365  +0.1280  -0.2518  +0.3459  -0.1457  +0.1532
    t+2   | -0.0084  +0.1369  -0.2516  +0.3544  -0.0794  +0.1731
    t+3   | +0.0534  +0.1467  -0.2662  +0.3704  +0.0271  +0.2865
    t+4   | +0.1216  +0.1701  -0.2556  +0.3768  +0.0419  +0.3339
[23:51:39] # 1437 [bench] e2e=  993.8ms  infer=  990.4ms  cap=  3.2ms
    t+0   | +0.1109  -0.0194  -0.1593  +0.3191  -0.0072  -0.0959
    t+1   | +0.1121  +0.0561  -0.2587  +0.3498  -0.0197  -0.0569
    t+2   | +0.1076  +0.0986  -0.3053  +0.3842  -0.0152  -0.1547
    t+3   | +0.1307  +0.1176  -0.3554  +0.4333  +0.0100  -0.2597
    t+4   | +0.1164  +0.0487  -0.3272  +0.4176  +0.0682  -0.5061
[23:51:40] # 1438 [bench] e2e=  993.9ms  infer=  990.5ms  cap=  3.3ms
    t+0   | +0.2278  +0.1123  -0.3795  +0.4069  +0.2260  -0.1022
    t+1   | +0.1779  +0.1491  -0.4329  +0.4136  +0.1464  +0.0198
    t+2   | +0.2093  +0.1438  -0.3799  +0.4081  +0.2016  +0.2366
    t+3   | +0.2270  +0.1224  -0.2885  +0.4109  +0.2020  +0.5669
    t+4   | +0.2387  +0.1166  -0.2654  +0.4478  +0.3337  +0.8407
[23:51:41] # 1439 [bench] e2e=  994.8ms  infer=  991.8ms  cap=  2.9ms
    t+0   | +0.1388  +0.0235  -0.1405  +0.2733  -0.0894  -0.0755
    t+1   | +0.1220  +0.0697  -0.2043  +0.2941  +0.0020  -0.1048
    t+2   | +0.1278  +0.2393  -0.6119  +0.4716  -0.0088  -0.0711
    t+3   | +0.1696  +0.2615  -0.5591  +0.4701  +0.0236  -0.0088
    t+4   | +0.1492  +0.2682  -0.5177  +0.4568  +0.1333  -0.0141
[23:51:42] # 1440 [bench] e2e=  992.8ms  infer=  989.9ms  cap=  2.7ms
    t+0   | +0.1344  +0.0089  -0.2491  +0.3888  +0.1751  +0.2501
    t+1   | +0.1233  +0.0083  -0.2540  +0.3867  +0.1834  -0.1708
    t+2   | +0.1418  +0.0106  -0.3197  +0.3630  +0.1376  -0.3826
    t+3   | +0.1307  +0.0198  -0.3771  +0.3699  +0.1757  -0.2243
    t+4   | +0.1965  +0.0567  -0.4246  +0.4034  +0.1711  -0.1388
[23:51:43] # 1441 [bench] e2e=  997.7ms  infer=  994.6ms  cap=  3.0ms
    t+0   | -0.0430  -0.0573  -0.1934  +0.2573  +0.2451  -0.2238
    t+1   | -0.0563  -0.0782  -0.1728  +0.2239  +0.2420  -0.1940
    t+2   | +0.0285  -0.0346  -0.1588  +0.2056  +0.1288  -0.1402
    t+3   | +0.0954  +0.0081  -0.1907  +0.2261  +0.0280  -0.1015
    t+4   | +0.1012  +0.0076  -0.2003  +0.2197  +0.0263  -0.0930
[23:51:44] # 1442 [bench] e2e=  994.4ms  infer=  991.2ms  cap=  3.1ms
    t+0   | +0.0828  -0.0081  -0.0569  +0.3744  +0.1384  +0.2867
    t+1   | +0.0757  -0.0498  -0.0620  +0.3666  +0.0621  +0.0948
    t+2   | +0.0959  -0.0511  -0.0528  +0.3913  +0.1244  -0.0628
    t+3   | +0.2038  -0.0435  -0.1230  +0.4001  +0.1690  -0.1371
    t+4   | +0.2558  -0.0223  -0.1584  +0.4190  +0.2578  -0.1277
[23:51:45] # 1443 [bench] e2e= 1027.3ms  infer= 1024.2ms  cap=  3.0ms
    t+0   | +0.1804  +0.1574  -0.3066  +0.3565  +0.1867  -0.1058
    t+1   | +0.2569  +0.2513  -0.4082  +0.3879  +0.1577  -0.0639
    t+2   | +0.2676  +0.2257  -0.4242  +0.4094  +0.1961  -0.0648
    t+3   | +0.2900  +0.2285  -0.4152  +0.4463  +0.1847  -0.0574
    t+4   | +0.3232  +0.2493  -0.4625  +0.4470  +0.2508  -0.0827
[23:51:46] # 1444 [bench] e2e=  990.4ms  infer=  987.5ms  cap=  2.7ms
    t+0   | +0.0781  +0.0778  -0.2445  +0.2516  -0.0274  +0.0667
    t+1   | +0.0399  +0.2117  -0.3950  +0.3460  +0.0544  -0.0021
    t+2   | +0.0632  +0.2752  -0.4768  +0.4188  +0.0693  -0.0914
    t+3   | +0.0838  +0.2378  -0.4237  +0.3961  +0.1344  -0.1020
    t+4   | +0.1131  +0.2157  -0.3991  +0.3891  +0.1816  -0.0408
[23:51:47] # 1445 [bench] e2e=  981.2ms  infer=  977.9ms  cap=  3.2ms
    t+0   | +0.1766  +0.0578  -0.1801  +0.3121  -0.0030  +0.1355
    t+1   | +0.0868  -0.0052  -0.1309  +0.2687  +0.0005  -0.1027
    t+2   | +0.0238  -0.0452  -0.1412  +0.2547  +0.0929  -0.1899
    t+3   | +0.0267  +0.0101  -0.2024  +0.2683  +0.1397  -0.1744
    t+4   | +0.0545  +0.0882  -0.2525  +0.3145  +0.1039  -0.1366

  [live] after 1440 bench steps — e2e mean=989.8ms  |  max replan freq=1.01 Hz  |  max control freq=5.05 Hz (n_action_steps=5)

[23:51:48] # 1446 [bench] e2e=  995.6ms  infer=  992.5ms  cap=  3.0ms
    t+0   | +0.0884  -0.0379  -0.1835  +0.2933  +0.1607  -0.1140
    t+1   | +0.0874  -0.0197  -0.1676  +0.2780  +0.2274  +0.0663
    t+2   | +0.1139  +0.0496  -0.2015  +0.3670  +0.7997  +0.0958
    t+3   | +0.1681  +0.1116  -0.2233  +0.3761  +0.7519  +0.1688
    t+4   | +0.2044  +0.1759  -0.2363  +0.3859  +0.6888  +0.2180
[23:51:49] # 1447 [bench] e2e=  997.8ms  infer=  994.5ms  cap=  3.2ms
    t+0   | +0.3671  +0.1208  -0.2045  +0.3447  +0.3373  -0.0169
    t+1   | +0.3116  +0.1426  -0.2137  +0.3022  +0.4037  -0.1033
    t+2   | +0.2537  +0.1745  -0.2459  +0.2712  +0.3951  -0.0500
    t+3   | +0.2723  +0.2006  -0.2943  +0.3026  +0.3656  +0.0965
    t+4   | +0.2740  +0.2040  -0.2813  +0.3299  +0.3560  +0.1180
[23:51:50] # 1448 [bench] e2e= 1042.5ms  infer= 1038.9ms  cap=  3.3ms
    t+0   | +0.1013  +0.2403  -0.3074  +0.3212  +0.0710  +0.0023
    t+1   | +0.1863  +0.2112  -0.2876  +0.3488  +0.0862  +0.1866
    t+2   | +0.2284  +0.2052  -0.3194  +0.3752  +0.0426  +0.2886
    t+3   | +0.2395  +0.2942  -0.4365  +0.4377  +0.0577  +0.3011
    t+4   | +0.2828  +0.3311  -0.4354  +0.4615  +0.0638  +0.3980
[23:51:51] # 1449 [bench] e2e=  998.7ms  infer=  995.4ms  cap=  3.2ms
    t+0   | -0.0621  -0.1202  -0.0029  +0.2095  +0.2458  -0.0826
    t+1   | -0.0121  -0.1650  +0.0841  +0.1464  +0.3697  -0.2388
    t+2   | +0.0625  -0.1610  +0.1099  +0.1565  +0.4015  -0.2363
    t+3   | +0.1236  -0.1336  +0.0534  +0.1836  +0.3121  -0.0917
    t+4   | +0.1290  -0.1121  +0.0170  +0.1816  +0.2606  -0.2486
[23:51:52] # 1450 [bench] e2e=  990.2ms  infer=  987.6ms  cap=  2.5ms
    t+0   | +0.1749  +0.0621  -0.1990  +0.3261  +0.1390  +0.2851
    t+1   | +0.1137  +0.0958  -0.2192  +0.3185  +0.1160  +0.3321
    t+2   | +0.0600  +0.1182  -0.2273  +0.3247  +0.1536  +0.1939
    t+3   | +0.0037  +0.1093  -0.2825  +0.3456  +0.1674  +0.1195
    t+4   | +0.0210  +0.1172  -0.3021  +0.3766  +0.2126  +0.0924
[23:51:53] # 1451 [bench] e2e=  997.7ms  infer=  994.8ms  cap=  2.7ms
    t+0   | +0.2374  +0.0432  -0.1325  +0.2786  +0.1381  +0.4581
    t+1   | +0.1681  +0.0374  -0.1850  +0.2743  +0.0051  +0.3456
    t+2   | +0.1491  +0.0451  -0.1909  +0.2967  +0.0300  +0.2556
    t+3   | +0.1201  +0.0720  -0.2067  +0.3244  +0.0135  +0.2909
    t+4   | +0.1170  +0.0840  -0.2345  +0.3234  +0.0069  +0.2249
[23:51:54] # 1452 [bench] e2e=  994.8ms  infer=  991.7ms  cap=  3.0ms
    t+0   | +0.1537  +0.1003  -0.1952  +0.2818  -0.0098  +0.3282
    t+1   | +0.1739  +0.1275  -0.2316  +0.2980  +0.0214  +0.1132
    t+2   | +0.1716  +0.0984  -0.2321  +0.3011  +0.0726  +0.0600
    t+3   | +0.1652  +0.0907  -0.2199  +0.3103  +0.0756  +0.1856
    t+4   | +0.0807  -0.0003  -0.1292  +0.2375  +0.0786  +0.0868
[23:51:55] # 1453 [bench] e2e=  993.0ms  infer=  989.5ms  cap=  3.3ms
    t+0   | +0.0957  -0.0959  -0.0225  +0.2794  +0.0748  +0.0099
    t+1   | +0.0811  -0.0342  -0.1366  +0.3440  +0.0490  -0.0284
    t+2   | +0.0421  +0.0039  -0.2066  +0.3664  +0.0957  -0.0045
    t+3   | +0.0456  +0.0340  -0.2293  +0.3861  +0.0806  -0.0116
    t+4   | +0.0649  +0.0833  -0.3836  +0.4268  +0.1171  +0.0400
[23:51:56] # 1454 [bench] e2e=  996.0ms  infer=  992.8ms  cap=  3.0ms
    t+0   | +0.2322  +0.1882  -0.3488  +0.3944  +0.0816  +0.1737
    t+1   | +0.1853  +0.1757  -0.3307  +0.3722  +0.1056  +0.0778
    t+2   | +0.1866  +0.0871  -0.2946  +0.3327  +0.1354  +0.0214
    t+3   | +0.2006  +0.0561  -0.2267  +0.3429  +0.1699  +0.0244
    t+4   | +0.1733  +0.0508  -0.1844  +0.3759  +0.2813  -0.0329
[23:51:57] # 1455 [bench] e2e=  994.2ms  infer=  991.4ms  cap=  2.7ms
    t+0   | +0.2350  -0.0055  -0.1205  +0.2805  +0.1178  +0.3623
    t+1   | +0.2358  +0.0415  -0.1183  +0.2550  +0.1092  +0.6424
    t+2   | +0.2184  +0.0733  -0.1125  +0.2142  +0.0997  +0.4420
    t+3   | +0.2015  +0.0809  -0.1231  +0.2181  +0.0616  +0.4293
    t+4   | +0.1864  +0.1103  -0.1431  +0.2512  +0.0320  +0.4216
[23:51:58] # 1456 [bench] e2e=  999.0ms  infer=  995.7ms  cap=  3.1ms
    t+0   | +0.1405  +0.1679  -0.2586  +0.2921  -0.1624  -0.2234
    t+1   | +0.1693  +0.2148  -0.2983  +0.3297  -0.1463  -0.2318
    t+2   | +0.1616  +0.1736  -0.2872  +0.3332  -0.1168  -0.1506
    t+3   | +0.1696  +0.1217  -0.2482  +0.3302  -0.0733  +0.0107
    t+4   | +0.1677  +0.1442  -0.2366  +0.3253  -0.0111  +0.0160
[23:51:59] # 1457 [bench] e2e=  995.2ms  infer=  992.0ms  cap=  3.0ms
    t+0   | +0.3023  +0.0400  -0.1499  +0.2823  -0.0247  -0.6425
    t+1   | +0.2148  +0.0635  -0.1804  +0.2822  +0.0304  -0.5517
    t+2   | +0.1710  +0.0639  -0.2019  +0.2955  +0.0670  -0.3619
    t+3   | +0.1804  +0.0491  -0.2074  +0.2933  +0.0565  -0.0454
    t+4   | +0.2170  +0.1499  -0.2551  +0.3133  +0.0594  +0.3217
[23:52:00] # 1458 [bench] e2e=  997.1ms  infer=  994.1ms  cap=  2.7ms
    t+0   | +0.0123  -0.0656  -0.0409  +0.2801  +0.2162  -0.0914
    t+1   | -0.0417  +0.0263  -0.2145  +0.3853  +0.2662  -0.1012
    t+2   | -0.0290  +0.0413  -0.3804  +0.4388  +0.2453  -0.1273
    t+3   | +0.0190  +0.0196  -0.4208  +0.4548  +0.1720  -0.1125
    t+4   | +0.0110  +0.0705  -0.4645  +0.4856  +0.0766  -0.0256
[23:52:01] # 1459 [bench] e2e=  997.2ms  infer=  994.0ms  cap=  3.1ms
    t+0   | +0.1553  +0.1851  -0.3526  +0.3520  +0.0085  +0.2960
    t+1   | +0.1815  +0.1641  -0.2922  +0.3338  -0.0104  +0.2491
    t+2   | +0.1312  +0.1899  -0.2970  +0.3275  +0.1763  -0.0166
    t+3   | +0.1352  +0.2115  -0.3507  +0.3377  +0.1656  -0.0403
    t+4   | +0.1433  +0.1989  -0.3205  +0.3586  +0.1633  +0.0513
[23:52:02] # 1460 [bench] e2e=  995.6ms  infer=  992.5ms  cap=  3.0ms
    t+0   | +0.2470  +0.1778  -0.2266  +0.3728  +0.0671  +0.0942
    t+1   | +0.2767  +0.2384  -0.2786  +0.4357  +0.1348  +0.2668
    t+2   | +0.2964  +0.2279  -0.3423  +0.4782  +0.2272  +0.2867
    t+3   | +0.2851  +0.1245  -0.3037  +0.4121  +0.1388  +0.1984
    t+4   | +0.2225  +0.1233  -0.2867  +0.4161  +0.1288  +0.1625
[23:52:03] # 1461 [bench] e2e=  992.5ms  infer=  989.3ms  cap=  3.0ms
    t+0   | +0.1109  -0.1688  +0.0433  +0.2176  -0.0197  +0.7165
    t+1   | -0.0051  -0.0907  -0.0477  +0.2441  +0.0519  +0.5951
    t+2   | +0.0395  +0.0268  -0.1247  +0.3002  +0.1000  +0.8119
    t+3   | +0.0595  +0.1218  -0.1827  +0.3670  +0.0419  +0.9919
    t+4   | +0.0590  +0.1655  -0.2647  +0.4238  +0.0410  +1.2485
[23:52:04] # 1462 [bench] e2e=  995.5ms  infer=  993.3ms  cap=  2.0ms
    t+0   | -0.0606  +0.0702  -0.2125  +0.3102  -0.0033  -0.0018
    t+1   | -0.0029  +0.1046  -0.2094  +0.2963  -0.0188  -0.0238
    t+2   | -0.0391  +0.1975  -0.2685  +0.3132  +0.0258  +0.0366
    t+3   | +0.0140  +0.2295  -0.2930  +0.3195  +0.0367  +0.0907
    t+4   | +0.0533  +0.2267  -0.3254  +0.3160  +0.0101  +0.0843
[23:52:05] # 1463 [bench] e2e= 1002.0ms  infer=  999.9ms  cap=  2.0ms
    t+0   | +0.1732  -0.0248  -0.1102  +0.2688  +0.0414  -0.4303
    t+1   | +0.1196  +0.0439  -0.1825  +0.3382  +0.1237  -0.2572
    t+2   | +0.1067  +0.1143  -0.2907  +0.3996  +0.1396  -0.2231
    t+3   | +0.0998  +0.1169  -0.3327  +0.3910  +0.1076  -0.1856
    t+4   | +0.1039  +0.1271  -0.3885  +0.3951  +0.1373  -0.1630
[23:52:06] # 1464 [bench] e2e= 1023.9ms  infer= 1021.1ms  cap=  2.7ms
    t+0   | +0.2002  +0.0581  -0.3781  +0.4042  +0.0895  -0.2071
    t+1   | +0.2462  +0.1192  -0.3780  +0.3918  +0.0118  -0.1017
    t+2   | +0.3116  +0.2380  -0.5124  +0.4375  +0.0012  -0.0021
    t+3   | +0.3130  +0.3096  -0.5349  +0.4621  +0.0351  +0.1729
    t+4   | +0.3058  +0.3181  -0.5423  +0.4617  +0.1248  +0.0568
[23:52:07] # 1465 [bench] e2e=  982.9ms  infer=  979.7ms  cap=  3.0ms
    t+0   | +0.1026  +0.0886  -0.2184  +0.3090  +0.2636  +0.6236
    t+1   | +0.0916  +0.1356  -0.2385  +0.3289  +0.3288  +0.7848
    t+2   | +0.0977  +0.1298  -0.2031  +0.3453  +0.3363  +0.9330
    t+3   | +0.1073  +0.1164  -0.1942  +0.3342  +0.3260  +1.1194
    t+4   | +0.0593  +0.1095  -0.1473  +0.3292  +0.2620  +1.0911

  [live] after 1460 bench steps — e2e mean=989.9ms  |  max replan freq=1.01 Hz  |  max control freq=5.05 Hz (n_action_steps=5)

[23:52:08] # 1466 [bench] e2e=  998.0ms  infer=  995.1ms  cap=  2.8ms
    t+0   | +0.1277  -0.0052  -0.1148  +0.2487  +0.0138  -0.0884
    t+1   | +0.1859  +0.0500  -0.1439  +0.2940  +0.0866  -0.0440
    t+2   | +0.2535  +0.0696  -0.2377  +0.3615  +0.4724  +0.0392
    t+3   | +0.2607  +0.0467  -0.2350  +0.3374  +0.3213  +0.1472
    t+4   | +0.2778  +0.1193  -0.2805  +0.3968  +0.3750  +0.1525
[23:52:09] # 1467 [bench] e2e=  983.0ms  infer=  979.3ms  cap=  3.5ms
    t+0   | +0.2979  +0.1505  -0.2349  +0.3490  -0.0608  +0.8640
    t+1   | +0.2591  +0.1898  -0.2740  +0.3250  +0.0476  +0.6938
    t+2   | +0.2405  +0.2346  -0.3260  +0.3526  +0.1101  +0.5386
    t+3   | +0.2201  +0.3060  -0.4293  +0.4130  +0.2286  +0.2646
    t+4   | +0.2136  +0.2858  -0.4468  +0.4438  +0.1422  +0.3695
[23:52:10] # 1468 [bench] e2e= 1032.7ms  infer= 1029.2ms  cap=  3.3ms
    t+0   | +0.2478  +0.1043  -0.2056  +0.3898  +0.1625  -0.0427
    t+1   | +0.2896  +0.1515  -0.2193  +0.4115  +0.1374  +0.1335
    t+2   | +0.2879  +0.1822  -0.2199  +0.3892  +0.1093  +0.1123
    t+3   | +0.2722  +0.1956  -0.2184  +0.4216  +0.1405  +0.2524
    t+4   | +0.2853  +0.1832  -0.2226  +0.4205  +0.1221  +0.4137
[23:52:11] # 1469 [bench] e2e= 1000.4ms  infer=  997.4ms  cap=  2.9ms
    t+0   | +0.0311  +0.0217  -0.2646  +0.3257  +0.0435  -0.2301
    t+1   | +0.0484  +0.0487  -0.3180  +0.3376  +0.1177  -0.2326
    t+2   | +0.0546  +0.0886  -0.3617  +0.3099  +0.2341  -0.0140
    t+3   | +0.1333  +0.1588  -0.3625  +0.3186  +0.2205  +0.3897
    t+4   | +0.1392  +0.2340  -0.3768  +0.3415  +0.2385  +0.7638
[23:52:12] # 1470 [bench] e2e=  986.8ms  infer=  984.2ms  cap=  2.4ms
    t+0   | -0.0313  +0.1330  -0.2879  +0.3352  +0.0690  +0.2729
    t+1   | -0.0044  +0.1451  -0.3429  +0.3629  +0.0473  +0.3748
    t+2   | -0.0139  +0.1957  -0.3974  +0.3833  +0.0538  +0.4763
    t+3   | +0.0288  +0.2553  -0.4017  +0.3875  +0.0859  +0.5025
    t+4   | +0.0625  +0.2713  -0.3665  +0.3723  +0.0881  +0.5149
[23:52:13] # 1471 [bench] e2e=  976.3ms  infer=  973.8ms  cap=  2.3ms
    t+0   | +0.2297  +0.0871  -0.2646  +0.3695  +0.2004  +0.1151
    t+1   | +0.1803  +0.0145  -0.2251  +0.3313  +0.0982  +0.1001
    t+2   | +0.1486  -0.0501  -0.1507  +0.2823  +0.0642  +0.0531
    t+3   | +0.1564  -0.0635  -0.1273  +0.2682  +0.0517  +0.0744
    t+4   | +0.1922  -0.0122  -0.1160  +0.3043  +0.0507  +0.0554
[23:52:14] # 1472 [bench] e2e= 1010.4ms  infer= 1006.2ms  cap=  3.9ms
    t+0   | +0.1209  -0.0298  -0.0835  +0.2395  +0.1524  +0.1519
    t+1   | +0.0782  +0.0024  -0.1837  +0.2545  +0.1430  +0.2367
    t+2   | +0.0845  -0.0169  -0.2055  +0.2369  +0.0856  +0.3070
    t+3   | +0.0599  -0.0269  -0.1673  +0.2320  +0.0490  +0.3800
    t+4   | +0.0130  -0.0037  -0.2228  +0.2388  +0.0076  +0.3289
[23:52:15] # 1473 [bench] e2e=  998.8ms  infer=  995.8ms  cap=  2.9ms
    t+0   | -0.0041  -0.1010  -0.1619  +0.2763  +0.1597  -0.2639
    t+1   | -0.1001  -0.1315  -0.1011  +0.2234  +0.1780  -0.2170
    t+2   | -0.0823  -0.1028  -0.0880  +0.2202  +0.1630  -0.1399
    t+3   | +0.0252  +0.0118  -0.1083  +0.2847  +0.1296  +0.2841
    t+4   | +0.0203  +0.1084  -0.1416  +0.3208  +0.1416  +0.2815
[23:52:16] # 1474 [bench] e2e=  997.4ms  infer=  994.0ms  cap=  3.1ms
    t+0   | +0.2715  +0.0461  -0.1124  +0.2931  +0.0112  +0.1472
    t+1   | +0.0826  -0.0044  -0.0164  +0.2446  -0.0004  +0.0103
    t+2   | -0.0246  -0.0836  +0.0389  +0.2219  +0.0155  -0.1410
    t+3   | -0.0439  -0.1072  -0.0235  +0.2160  +0.0336  -0.2707
    t+4   | -0.0520  -0.1170  -0.0635  +0.1909  +0.0499  -0.5199
[23:52:17] # 1475 [bench] e2e=  996.0ms  infer=  993.7ms  cap=  2.1ms
    t+0   | +0.0333  -0.1134  -0.0258  +0.1471  +0.0717  -0.5934
    t+1   | -0.0121  -0.1324  -0.0601  +0.1463  +0.1380  -0.5947
    t+2   | +0.0579  -0.0871  -0.1194  +0.2330  +0.1157  -0.4299
    t+3   | +0.0729  -0.0319  -0.1932  +0.2973  +0.1261  -0.3495
    t+4   | +0.1441  -0.0098  -0.2158  +0.3026  +0.0950  -0.0527
[23:52:18] # 1476 [bench] e2e=  993.0ms  infer=  990.1ms  cap=  2.7ms
    t+0   | +0.2367  +0.0982  -0.1621  +0.2996  +0.0400  -0.1028
    t+1   | +0.1787  +0.2005  -0.2844  +0.3269  -0.0598  -0.0474
    t+2   | +0.1991  +0.2412  -0.3433  +0.3181  -0.0798  +0.0262
    t+3   | +0.1373  +0.3059  -0.3950  +0.2921  -0.0380  +0.1499
    t+4   | +0.1135  +0.2495  -0.3845  +0.2983  +0.0031  +0.1610
[23:52:19] # 1477 [bench] e2e=  994.6ms  infer=  991.0ms  cap=  3.4ms
    t+0   | +0.2792  +0.1161  -0.3006  +0.4088  +0.0049  +0.0409
    t+1   | +0.2534  +0.1072  -0.2604  +0.3753  +0.0278  +0.0814
    t+2   | +0.2079  +0.0877  -0.1924  +0.3268  +0.0262  +0.1356
    t+3   | +0.1812  +0.0347  -0.1544  +0.2970  +0.1043  +0.0185
    t+4   | +0.2201  +0.0697  -0.1826  +0.3354  +0.0882  +0.0220
[23:52:20] # 1478 [bench] e2e=  994.4ms  infer=  991.6ms  cap=  2.7ms
    t+0   | +0.1664  +0.1120  -0.2042  +0.3194  +0.0036  -0.2364
    t+1   | +0.2120  +0.2084  -0.2702  +0.3828  +0.0989  -0.1889
    t+2   | +0.2415  +0.2134  -0.2926  +0.3996  +0.1195  -0.1093
    t+3   | +0.2589  +0.1784  -0.3044  +0.3920  +0.1321  -0.0816
    t+4   | +0.2471  +0.1555  -0.2869  +0.4004  +0.1525  +0.1587
[23:52:21] # 1479 [bench] e2e=  992.2ms  infer=  989.0ms  cap=  3.0ms
    t+0   | +0.3403  +0.1028  -0.2491  +0.3688  +0.2295  +0.0656
    t+1   | +0.2674  +0.0249  -0.1751  +0.3101  +0.1420  -0.0132
    t+2   | +0.2724  -0.0119  -0.1598  +0.3148  +0.1225  +0.0847
    t+3   | +0.2624  +0.0248  -0.2007  +0.3440  +0.2254  +0.2214
    t+4   | +0.2703  +0.0106  -0.2007  +0.3408  +0.2280  +0.1430
[23:52:22] # 1480 [bench] e2e=  990.9ms  infer=  987.8ms  cap=  3.0ms
    t+0   | +0.2769  +0.0758  -0.1425  +0.3215  +0.3082  +0.6240
    t+1   | +0.1672  +0.0473  -0.1112  +0.2717  +0.2812  +0.2930
    t+2   | +0.1172  +0.0770  -0.1511  +0.2384  +0.2493  +0.0836
    t+3   | +0.1129  +0.0893  -0.1858  +0.2574  +0.1912  +0.1018
    t+4   | +0.0438  +0.1147  -0.2372  +0.2522  +0.1825  +0.0334
[23:52:23] # 1481 [bench] e2e= 1001.5ms  infer=  999.3ms  cap=  2.0ms
    t+0   | +0.1904  +0.0244  -0.2135  +0.3489  -0.0536  +0.1625
    t+1   | +0.1169  +0.1317  -0.2953  +0.4241  -0.0520  +0.0972
    t+2   | +0.1596  +0.1783  -0.3011  +0.4166  -0.0689  +0.1061
    t+3   | +0.1401  +0.2069  -0.3166  +0.4266  -0.0955  +0.0790
    t+4   | +0.1693  +0.1948  -0.3668  +0.4359  -0.0737  +0.0856
[23:52:24] # 1482 [bench] e2e=  996.7ms  infer=  994.5ms  cap=  2.0ms
    t+0   | +0.2330  +0.0567  -0.2205  +0.3688  -0.0284  +0.1373
    t+1   | +0.2105  +0.0592  -0.1710  +0.3531  +0.0866  +0.1675
    t+2   | +0.2276  +0.0610  -0.1372  +0.3488  +0.1751  +0.2521
    t+3   | +0.2750  +0.0679  -0.1620  +0.3797  +0.2036  +0.2379
    t+4   | +0.3119  +0.1115  -0.2072  +0.3986  +0.1747  +0.2141
[23:52:25] # 1483 [bench] e2e=  997.6ms  infer=  994.9ms  cap=  2.5ms
    t+0   | +0.2355  +0.0844  -0.2373  +0.3182  +0.3319  +0.0093
    t+1   | +0.2266  +0.0778  -0.2316  +0.3000  +0.2269  +0.1518
    t+2   | +0.2319  +0.0750  -0.2409  +0.2809  +0.2229  +0.2001
    t+3   | +0.1733  +0.1275  -0.2453  +0.3318  +0.1523  +0.1652
    t+4   | +0.1705  +0.1530  -0.2676  +0.3603  +0.1236  +0.2005
[23:52:26] # 1484 [bench] e2e= 1002.7ms  infer=  999.3ms  cap=  3.2ms
    t+0   | +0.0711  +0.0350  -0.2366  +0.3266  +0.0201  +0.2515
    t+1   | -0.0427  +0.0338  -0.2533  +0.3492  -0.0274  +0.2205
    t+2   | +0.0384  +0.0517  -0.2150  +0.3517  -0.0610  +0.1886
    t+3   | -0.0001  +0.0519  -0.2467  +0.3567  -0.0301  +0.1210
    t+4   | +0.0439  +0.0868  -0.2823  +0.3859  -0.0472  +0.2459
[23:52:27] # 1485 [bench] e2e=  991.0ms  infer=  987.3ms  cap=  3.5ms
    t+0   | +0.1946  -0.0025  -0.1439  +0.3281  +0.0088  +0.0404
    t+1   | +0.1927  +0.0061  -0.1571  +0.3454  -0.0067  +0.1613
    t+2   | +0.2139  +0.0232  -0.1777  +0.3544  +0.0087  +0.1263
    t+3   | +0.1842  +0.0358  -0.1750  +0.3637  +0.0464  +0.0842
    t+4   | +0.1766  +0.0590  -0.1957  +0.3727  +0.0715  +0.0708

  [live] after 1480 bench steps — e2e mean=990.0ms  |  max replan freq=1.01 Hz  |  max control freq=5.05 Hz (n_action_steps=5)

[23:52:28] # 1486 [bench] e2e=  991.3ms  infer=  988.0ms  cap=  3.2ms
    t+0   | +0.0949  +0.3596  -0.3558  +0.3395  +0.0488  +0.1942
    t+1   | +0.0917  +0.2719  -0.2962  +0.3003  +0.0203  +0.1144
    t+2   | +0.0496  +0.2912  -0.3160  +0.3520  +0.0673  +0.1270
    t+3   | +0.1066  +0.3239  -0.3396  +0.3661  +0.0205  +0.1056
    t+4   | +0.1035  +0.3410  -0.3434  +0.3518  +0.0331  +0.1407
[23:52:29] # 1487 [bench] e2e= 1030.2ms  infer= 1027.1ms  cap=  3.0ms
    t+0   | +0.1426  -0.0006  -0.0498  +0.2502  +0.1148  +0.1380
    t+1   | +0.1309  +0.1031  -0.1566  +0.2559  +0.1343  +0.1448
    t+2   | -0.0127  +0.1832  -0.2428  +0.2344  +0.1532  -0.0519
    t+3   | -0.0630  +0.2049  -0.2678  +0.2443  +0.1896  -0.1093
    t+4   | -0.0774  +0.1772  -0.2388  +0.2287  +0.1757  -0.2151
[23:52:30] # 1488 [bench] e2e=  994.5ms  infer=  991.4ms  cap=  3.0ms
    t+0   | +0.0700  +0.1091  -0.1459  +0.3385  +0.0864  +0.1648
    t+1   | +0.0447  +0.1593  -0.1949  +0.3554  +0.0231  +0.1900
    t+2   | +0.0240  +0.1621  -0.1786  +0.3171  -0.0602  +0.3073
    t+3   | +0.0096  +0.1664  -0.1264  +0.3027  -0.0648  +0.3008
    t+4   | +0.0250  +0.1442  -0.0980  +0.2605  -0.0398  +0.1253
[23:52:31] # 1489 [bench] e2e=  996.1ms  infer=  993.3ms  cap=  2.7ms
    t+0   | +0.2252  +0.0023  -0.1622  +0.2924  -0.1475  +0.2093
    t+1   | +0.1442  +0.0597  -0.2572  +0.3542  -0.0447  +0.1723
    t+2   | +0.1006  +0.0738  -0.2511  +0.3412  -0.0154  +0.1222
    t+3   | +0.0021  +0.0579  -0.2494  +0.3131  +0.0415  +0.0358
    t+4   | +0.0368  +0.0551  -0.2615  +0.3006  +0.0405  +0.0439
[23:52:32] # 1490 [bench] e2e= 1034.1ms  infer= 1031.8ms  cap=  2.2ms
    t+0   | -0.0546  -0.0339  -0.2744  +0.2562  +0.1204  -0.6316
    t+1   | -0.0481  -0.0577  -0.3138  +0.2280  +0.0789  -0.4875
    t+2   | -0.0466  -0.0025  -0.3805  +0.2415  +0.0646  -0.0698
    t+3   | +0.0714  +0.0981  -0.4384  +0.2892  +0.1018  +0.0590
    t+4   | +0.1209  +0.1887  -0.4463  +0.3493  +0.1409  -0.0210
[23:52:33] # 1491 [bench] e2e=  992.2ms  infer=  989.4ms  cap=  2.7ms
    t+0   | +0.2210  -0.0621  -0.3216  +0.4063  -0.0622  -0.6886
    t+1   | +0.1576  +0.0622  -0.3532  +0.4256  -0.0008  -0.6005
    t+2   | +0.1548  +0.1310  -0.3437  +0.4153  +0.0542  -0.5485
    t+3   | +0.1586  +0.1446  -0.3589  +0.3701  +0.1126  -0.5493
    t+4   | +0.1777  +0.1460  -0.3255  +0.3591  +0.1290  -0.5314
[23:52:34] # 1492 [bench] e2e=  994.7ms  infer=  991.6ms  cap=  3.0ms
    t+0   | +0.1917  +0.2451  -0.2457  +0.3472  +0.1555  -0.0994
    t+1   | +0.1668  +0.2300  -0.2008  +0.3202  +0.1651  -0.0676
    t+2   | +0.1091  +0.2422  -0.1922  +0.2944  +0.2323  -0.0290
    t+3   | +0.0645  +0.2453  -0.2271  +0.2937  +0.2726  -0.0646
    t+4   | -0.0151  +0.2469  -0.3222  +0.3198  +0.3708  -0.1884
[23:52:35] # 1493 [bench] e2e=  992.5ms  infer=  989.1ms  cap=  3.2ms
    t+0   | -0.1075  -0.1517  +0.0177  +0.1425  +0.1792  -0.6638
    t+1   | -0.1307  -0.1383  -0.0101  +0.1797  +0.2982  -0.5580
    t+2   | -0.1391  -0.0711  -0.0457  +0.1867  +0.2826  -0.3149
    t+3   | -0.1592  +0.0141  -0.1249  +0.1904  +0.2790  -0.3360
    t+4   | -0.1083  +0.0929  -0.2485  +0.2354  +0.1819  -0.3516
[23:52:36] # 1494 [bench] e2e=  996.3ms  infer=  993.1ms  cap=  3.0ms
    t+0   | +0.0351  +0.0680  -0.1764  +0.3200  +0.3376  -0.2176
    t+1   | -0.0096  +0.0621  -0.1264  +0.2766  +0.5608  -0.2239
    t+2   | -0.0666  +0.0496  -0.1758  +0.2530  +0.5294  -0.2512
    t+3   | -0.0471  +0.0887  -0.2285  +0.2749  +0.4852  -0.2832
    t+4   | -0.0093  +0.1032  -0.2198  +0.3039  +0.3757  -0.3227
[23:52:37] # 1495 [bench] e2e=  992.3ms  infer=  990.0ms  cap=  2.2ms
    t+0   | +0.1762  +0.0580  -0.1612  +0.2853  +0.0186  -0.2798
    t+1   | +0.1542  +0.0402  -0.0904  +0.2829  +0.0739  -0.3237
    t+2   | +0.1213  -0.0197  -0.0425  +0.2530  +0.1139  -0.4468
    t+3   | +0.0808  -0.0203  -0.0656  +0.2581  +0.1205  -0.5231
    t+4   | +0.0434  -0.0364  -0.0632  +0.2795  +0.0987  -0.5777
[23:52:38] # 1496 [bench] e2e= 1033.9ms  infer= 1031.4ms  cap=  2.3ms
    t+0   | -0.0133  +0.1718  -0.3222  +0.2827  +0.1603  -0.1447
    t+1   | -0.0830  +0.0720  -0.2431  +0.2296  +0.3654  -0.1447
    t+2   | -0.0544  +0.0259  -0.2426  +0.2543  +0.3693  -0.0650
    t+3   | -0.0321  +0.0220  -0.1878  +0.2630  +0.3181  -0.0756
    t+4   | -0.0241  +0.0015  -0.1587  +0.2812  +0.2729  -0.2076
[23:52:39] # 1497 [bench] e2e=  998.5ms  infer=  995.8ms  cap=  2.5ms
    t+0   | +0.1303  +0.0482  -0.1819  +0.2576  -0.0510  -0.1226
    t+1   | +0.1733  +0.1331  -0.2351  +0.2678  +0.0101  -0.1707
    t+2   | +0.2066  +0.1087  -0.2556  +0.2373  +0.1176  -0.2377
    t+3   | +0.2796  +0.1328  -0.4852  +0.3214  +0.3120  -0.2678
    t+4   | +0.3602  +0.1857  -0.6339  +0.3613  +0.4237  -0.4766
[23:52:40] # 1498 [bench] e2e=  996.8ms  infer=  993.9ms  cap=  2.7ms
    t+0   | +0.0017  -0.0749  -0.0198  +0.1681  +0.0443  -0.2627
    t+1   | -0.0194  +0.0297  -0.0412  +0.1991  +0.0345  +0.0216
    t+2   | -0.0759  +0.0053  -0.0275  +0.1538  +0.0307  -0.1172
    t+3   | -0.1042  -0.0223  -0.0161  +0.1376  +0.0492  -0.0882
    t+4   | -0.0646  -0.0215  -0.0302  +0.1800  +0.0675  -0.0234
[23:52:41] # 1499 [bench] e2e=  986.3ms  infer=  984.1ms  cap=  2.0ms
    t+0   | -0.0942  -0.1929  -0.0193  +0.1860  +0.0202  -0.4996
    t+1   | +0.0025  -0.0498  -0.1116  +0.2485  +0.0777  -0.2765
    t+2   | +0.0934  +0.0295  -0.1878  +0.2822  +0.1097  -0.1708
    t+3   | +0.0625  +0.0704  -0.1948  +0.2741  +0.2292  -0.2740
    t+4   | +0.0664  +0.0612  -0.1601  +0.2879  +0.1897  -0.3236
[23:52:42] # 1500 [bench] e2e=  993.3ms  infer=  991.6ms  cap=  1.6ms
    t+0   | -0.1233  +0.0630  -0.2592  +0.3507  +0.0392  -0.2306
    t+1   | -0.0908  +0.0759  -0.2826  +0.3974  +0.0961  -0.2540
    t+2   | +0.0102  +0.0578  -0.2284  +0.3632  +0.1012  -0.4171
    t+3   | -0.0082  +0.0697  -0.2155  +0.3822  +0.1193  -0.2062
    t+4   | +0.0270  +0.0816  -0.2196  +0.3860  +0.1337  +0.0605
[23:52:43] # 1501 [bench] e2e=  991.8ms  infer=  990.0ms  cap=  1.7ms
    t+0   | +0.1737  +0.0850  -0.2204  +0.3205  +0.0571  -0.1241
    t+1   | +0.1196  +0.0800  -0.2736  +0.3392  +0.0121  -0.2123
    t+2   | +0.1186  +0.1272  -0.3934  +0.4199  +0.0088  -0.1895
    t+3   | +0.0491  +0.1748  -0.4322  +0.4791  +0.0601  -0.2289
    t+4   | +0.0093  +0.2043  -0.4773  +0.5050  +0.0734  -0.2911
[23:52:44] # 1502 [bench] e2e=  992.4ms  infer=  990.1ms  cap=  2.1ms
    t+0   | +0.0762  +0.0862  -0.2227  +0.2990  -0.0274  -0.0319
    t+1   | +0.0055  +0.0939  -0.2926  +0.3280  -0.0137  -0.1249
    t+2   | -0.0355  +0.0954  -0.2903  +0.3197  -0.0386  -0.1100
    t+3   | -0.0191  +0.1125  -0.3170  +0.3236  -0.0556  -0.0150
    t+4   | -0.0283  +0.1629  -0.3296  +0.3397  -0.1208  +0.0531
[23:52:45] # 1503 [bench] e2e=  980.2ms  infer=  976.7ms  cap=  3.2ms
    t+0   | +0.0940  -0.1661  -0.0874  +0.2949  +0.0260  -0.0312
    t+1   | -0.0743  -0.2180  -0.0847  +0.3107  +0.0782  -0.1409
    t+2   | -0.1312  -0.1321  -0.1305  +0.3343  +0.1158  -0.1508
    t+3   | -0.0523  -0.0785  -0.1692  +0.3371  +0.1885  -0.0771
    t+4   | +0.0423  -0.0767  -0.1446  +0.3384  +0.2017  +0.0012
[23:52:46] # 1504 [bench] e2e=  992.4ms  infer=  990.1ms  cap=  2.1ms
    t+0   | +0.1672  -0.0212  -0.1084  +0.2782  +0.1328  -0.2490
    t+1   | +0.1083  -0.0004  -0.1894  +0.2828  +0.0923  -0.2664
    t+2   | +0.0634  +0.0637  -0.2539  +0.3201  +0.1100  -0.2053
    t+3   | +0.0104  +0.1248  -0.3221  +0.3523  +0.2381  -0.1716
    t+4   | +0.0305  +0.1401  -0.3447  +0.3393  +0.2434  -0.1758
[23:52:47] # 1505 [bench] e2e=  982.1ms  infer=  979.7ms  cap=  2.3ms
    t+0   | +0.1030  +0.1445  -0.2701  +0.3998  +0.1923  +0.9383
    t+1   | +0.1190  +0.1121  -0.2447  +0.3810  +0.1073  +0.4924
    t+2   | +0.1445  +0.1153  -0.2403  +0.3979  +0.1031  +0.2053
    t+3   | +0.0895  +0.1041  -0.2955  +0.4254  +0.2029  -0.0047
    t+4   | +0.0544  +0.1492  -0.3865  +0.4998  +0.2914  +0.0061

  [live] after 1500 bench steps — e2e mean=990.1ms  |  max replan freq=1.01 Hz  |  max control freq=5.05 Hz (n_action_steps=5)

[23:52:48] # 1506 [bench] e2e=  975.9ms  infer=  973.4ms  cap=  2.4ms
    t+0   | +0.3387  +0.1994  -0.1943  +0.3717  +0.0810  -0.0457
    t+1   | +0.2937  +0.1710  -0.1660  +0.3615  +0.1026  -0.0808
    t+2   | +0.2459  +0.2142  -0.1820  +0.3347  +0.1745  -0.0454
    t+3   | +0.2732  +0.2390  -0.2045  +0.3237  +0.2141  -0.0031
    t+4   | +0.2626  +0.2612  -0.2078  +0.3478  +0.2417  -0.0957
[23:52:49] # 1507 [bench] e2e=  977.1ms  infer=  974.1ms  cap=  2.8ms
    t+0   | +0.2400  +0.1122  -0.2213  +0.3461  -0.0867  +0.1504
    t+1   | +0.1731  +0.0868  -0.1885  +0.3058  -0.0880  +0.0155
    t+2   | +0.0633  +0.1205  -0.2262  +0.2834  -0.0413  -0.2148
    t+3   | +0.0235  +0.1936  -0.3216  +0.3168  +0.0268  -0.2534
    t+4   | +0.0142  +0.2413  -0.3512  +0.3193  +0.1391  -0.2733
[23:52:50] # 1508 [bench] e2e=  973.3ms  infer=  970.6ms  cap=  2.6ms
    t+0   | +0.2177  +0.1256  -0.2577  +0.3762  +0.0886  +0.0120
    t+1   | +0.1935  +0.1519  -0.2923  +0.3599  +0.0766  -0.1001
    t+2   | +0.1636  +0.1622  -0.3483  +0.3527  +0.1269  -0.0898
    t+3   | +0.2055  +0.1519  -0.3388  +0.3714  +0.1447  +0.0439
    t+4   | +0.2356  +0.2232  -0.3658  +0.4106  +0.2231  +0.2529
[23:52:51] # 1509 [bench] e2e=  991.8ms  infer=  989.3ms  cap=  2.3ms
    t+0   | +0.0496  +0.1895  -0.2562  +0.3689  +0.0607  +0.0085
    t+1   | +0.0673  +0.1940  -0.2384  +0.3570  +0.1243  -0.1301
    t+2   | +0.0746  +0.1730  -0.2299  +0.3484  +0.1564  -0.0975
    t+3   | +0.1138  +0.1329  -0.2110  +0.3508  +0.1699  -0.1293
    t+4   | +0.0961  +0.1377  -0.2194  +0.3454  +0.1444  +0.0168
[23:52:52] # 1510 [bench] e2e=  973.1ms  infer=  970.1ms  cap=  2.8ms
    t+0   | +0.1192  +0.1008  -0.3050  +0.3443  -0.2155  -0.0480
    t+1   | +0.0632  +0.1555  -0.2970  +0.3156  -0.1956  -0.0652
    t+2   | +0.0810  +0.1398  -0.2262  +0.2992  -0.1529  -0.0413
    t+3   | +0.0682  +0.1278  -0.1832  +0.2772  -0.1251  -0.0323
    t+4   | +0.0898  +0.0758  -0.1634  +0.2521  -0.0909  -0.2644
[23:52:53] # 1511 [bench] e2e=  993.6ms  infer=  990.9ms  cap=  2.6ms
    t+0   | +0.3007  +0.1270  -0.2315  +0.3536  +0.0721  +0.0857
    t+1   | +0.2629  +0.1253  -0.2519  +0.3264  +0.1710  +0.0221
    t+2   | +0.2282  +0.1117  -0.2653  +0.3386  +0.1681  +0.0260
    t+3   | +0.2479  +0.2273  -0.3863  +0.4170  +0.3895  -0.0364
    t+4   | +0.3190  +0.2679  -0.3851  +0.4385  +0.2918  +0.0130
[23:52:54] # 1512 [bench] e2e=  974.1ms  infer=  971.7ms  cap=  2.2ms
    t+0   | +0.2574  +0.2262  -0.3866  +0.3866  +0.3367  -0.2252
    t+1   | +0.2159  +0.2097  -0.3231  +0.3296  +0.4342  -0.3422
    t+2   | +0.1602  +0.1509  -0.2651  +0.2898  +0.3614  -0.2979
    t+3   | +0.1386  +0.1081  -0.2328  +0.2866  +0.2669  -0.1741
    t+4   | +0.1417  +0.1394  -0.2283  +0.3084  +0.2169  +0.0140
[23:52:55] # 1513 [bench] e2e=  992.3ms  infer=  989.5ms  cap=  2.6ms
    t+0   | +0.2030  +0.0249  -0.1725  +0.3036  +0.0826  -0.0985
    t+1   | +0.1053  +0.0165  -0.1182  +0.3190  +0.0487  -0.0117
    t+2   | +0.0439  +0.0436  -0.1759  +0.3446  +0.0021  +0.0422
    t+3   | +0.1011  +0.0817  -0.2327  +0.3510  +0.0688  +0.0290
    t+4   | +0.1538  +0.1093  -0.3221  +0.3683  +0.0793  -0.0041
[23:52:56] # 1514 [bench] e2e=  980.0ms  infer=  976.9ms  cap=  2.9ms
    t+0   | +0.4413  +0.3648  -0.4375  +0.4671  -0.0587  +0.3453
    t+1   | +0.3821  +0.2661  -0.2912  +0.3877  +0.0480  +0.1407
    t+2   | +0.3436  +0.3199  -0.2970  +0.4087  +0.0547  +0.0756
    t+3   | +0.2950  +0.3402  -0.2607  +0.3857  +0.0751  +0.1262
    t+4   | +0.3032  +0.3298  -0.2857  +0.3628  +0.0323  +0.4105
[23:52:57] # 1515 [bench] e2e=  987.6ms  infer=  984.3ms  cap=  3.1ms
    t+0   | -0.0084  +0.1317  -0.2470  +0.3332  +0.2496  +0.0720
    t+1   | +0.0198  +0.0997  -0.2221  +0.3100  +0.1763  +0.0255
    t+2   | +0.0296  +0.1157  -0.2329  +0.2827  +0.4182  +0.0020
    t+3   | +0.1127  +0.1726  -0.2911  +0.3015  +0.4394  +0.5050
    t+4   | +0.2036  +0.2502  -0.3562  +0.3760  +0.3866  +0.6417
[23:52:58] # 1516 [bench] e2e=  974.9ms  infer=  971.9ms  cap=  2.8ms
    t+0   | +0.0792  +0.1802  -0.1674  +0.3982  +0.2266  +0.3863
    t+1   | +0.0928  +0.1835  -0.2013  +0.3990  +0.2868  +0.7142
    t+2   | +0.0735  +0.1967  -0.2305  +0.3889  +0.3683  +0.5116
    t+3   | +0.1284  +0.1762  -0.2446  +0.3854  +0.3001  +0.5930
    t+4   | +0.1567  +0.1680  -0.2157  +0.3734  +0.2872  +0.4617
[23:52:59] # 1517 [bench] e2e=  988.9ms  infer=  986.4ms  cap=  2.3ms
    t+0   | +0.2284  +0.0772  -0.1980  +0.3400  +0.1242  +0.0047
    t+1   | +0.2515  +0.0645  -0.1876  +0.3137  +0.1786  +0.0963
    t+2   | +0.2633  +0.0751  -0.1832  +0.3067  +0.1370  +0.0385
    t+3   | +0.2092  +0.0882  -0.2156  +0.3309  +0.1551  +0.0542
    t+4   | +0.1960  +0.0688  -0.2476  +0.3546  +0.1480  +0.0001
[23:53:00] # 1518 [bench] e2e=  993.7ms  infer=  990.8ms  cap=  2.7ms
    t+0   | +0.2803  +0.2249  -0.2947  +0.3981  +0.4542  +0.0458
    t+1   | +0.1511  +0.2116  -0.3238  +0.3845  +0.3648  -0.1465
    t+2   | +0.0143  +0.0504  -0.2454  +0.2684  +0.2887  -0.2597
    t+3   | -0.0160  +0.0088  -0.2178  +0.2417  +0.3284  -0.2336
    t+4   | -0.0094  +0.0387  -0.2470  +0.2878  +0.3742  -0.1376
[23:53:01] # 1519 [bench] e2e=  974.0ms  infer=  971.9ms  cap=  2.0ms
    t+0   | +0.1762  +0.0806  -0.1954  +0.3606  +0.1001  +0.0030
    t+1   | +0.1305  +0.1195  -0.1881  +0.3580  +0.1623  -0.0687
    t+2   | +0.0635  +0.1400  -0.2046  +0.3553  +0.1965  -0.1525
    t+3   | +0.0006  +0.0965  -0.1929  +0.2995  +0.2045  -0.2331
    t+4   | +0.0084  +0.0830  -0.1897  +0.3187  +0.2024  -0.1392
[23:53:01] # 1520 [bench] e2e=  973.3ms  infer=  970.3ms  cap=  2.7ms
    t+0   | +0.1958  +0.0196  -0.1532  +0.2802  +0.0492  -0.4503
    t+1   | +0.1878  +0.0543  -0.1661  +0.2829  -0.0185  -0.2764
    t+2   | +0.1736  +0.0632  -0.1677  +0.2444  -0.0386  -0.2388
    t+3   | +0.0888  +0.1034  -0.1640  +0.2460  -0.0645  -0.1423
    t+4   | +0.1004  +0.0903  -0.1856  +0.2461  -0.0490  -0.1624
[23:53:02] # 1521 [bench] e2e=  991.4ms  infer=  988.8ms  cap=  2.4ms
    t+0   | +0.2011  +0.1351  -0.3505  +0.3599  +0.2653  +0.0133
    t+1   | +0.1996  +0.2049  -0.4559  +0.3837  +0.2934  +0.0858
    t+2   | +0.2215  +0.1891  -0.4097  +0.3726  +0.2236  +0.1483
    t+3   | +0.2174  +0.1721  -0.3553  +0.3910  +0.2010  +0.5411
    t+4   | +0.2377  +0.2229  -0.3399  +0.4020  +0.1913  +0.4902
[23:53:03] # 1522 [bench] e2e=  973.6ms  infer=  970.8ms  cap=  2.7ms
    t+0   | +0.3950  +0.0788  -0.2509  +0.3974  +0.0605  +0.2126
    t+1   | +0.2498  +0.0892  -0.2644  +0.3973  +0.1051  +0.2132
    t+2   | +0.1614  +0.0702  -0.2715  +0.3773  +0.0955  +0.1815
    t+3   | +0.1960  +0.0539  -0.2929  +0.3554  +0.1352  +0.1356
    t+4   | +0.1405  -0.0010  -0.2465  +0.3112  +0.2021  -0.1924
[23:53:04] # 1523 [bench] e2e=  994.0ms  infer=  991.1ms  cap=  2.8ms
    t+0   | +0.1310  +0.1242  -0.3125  +0.3565  +0.0579  -0.0037
    t+1   | +0.1536  +0.0405  -0.2068  +0.3006  +0.0265  +0.1510
    t+2   | +0.1854  +0.0530  -0.2070  +0.2958  +0.0282  +0.2538
    t+3   | +0.1878  +0.0745  -0.2156  +0.3092  +0.0884  +0.1485
    t+4   | +0.1875  +0.0941  -0.2287  +0.3320  +0.0605  +0.1748
[23:53:05] # 1524 [bench] e2e=  986.1ms  infer=  982.6ms  cap=  3.3ms
    t+0   | +0.1819  +0.0419  -0.1343  +0.2914  +0.1660  -0.5478
    t+1   | +0.1774  +0.0796  -0.2092  +0.3364  +0.1661  -0.2292
    t+2   | +0.0699  +0.0949  -0.1944  +0.3538  +0.3847  +0.1329
    t+3   | +0.0473  +0.1464  -0.3090  +0.3891  +0.3421  +0.0798
    t+4   | +0.0851  +0.2031  -0.4221  +0.4258  +0.2438  +0.1058
[23:53:06] # 1525 [bench] e2e=  972.2ms  infer=  968.7ms  cap=  3.3ms
    t+0   | +0.1512  +0.0559  -0.1160  +0.2244  +0.1538  +0.2085
    t+1   | +0.2096  +0.0379  -0.0826  +0.2231  +0.1732  +0.2536
    t+2   | +0.2387  -0.0003  -0.0466  +0.2427  +0.3600  +0.1165
    t+3   | +0.2423  +0.0397  -0.0754  +0.2987  +0.3153  +0.0709
    t+4   | +0.1991  +0.0799  -0.1213  +0.3055  +0.2520  +0.1006

  [live] after 1520 bench steps — e2e mean=990.0ms  |  max replan freq=1.01 Hz  |  max control freq=5.05 Hz (n_action_steps=5)

[23:53:07] # 1526 [bench] e2e=  989.6ms  infer=  986.4ms  cap=  3.1ms
    t+0   | -0.0175  +0.1010  -0.3510  +0.3375  +0.0262  +0.0396
    t+1   | +0.0174  +0.0928  -0.3758  +0.3461  +0.0852  +0.0132
    t+2   | +0.0176  +0.2334  -0.5955  +0.4339  +0.0812  +0.0099
    t+3   | +0.0912  +0.2516  -0.5070  +0.4306  +0.1077  +0.1783
    t+4   | +0.1398  +0.2751  -0.4808  +0.4307  +0.1077  +0.4711
[23:53:08] # 1527 [bench] e2e=  985.1ms  infer=  982.6ms  cap=  2.3ms
    t+0   | +0.0310  +0.2100  -0.4245  +0.4485  +0.5773  +0.1813
    t+1   | +0.0959  +0.1713  -0.3724  +0.4224  +0.4615  +0.2054
    t+2   | +0.1123  +0.1150  -0.2889  +0.4061  +0.4274  +0.1965
    t+3   | +0.1049  +0.0697  -0.1895  +0.4061  +0.4878  +0.1190
    t+4   | +0.0623  +0.0353  -0.1235  +0.3499  +0.3963  +0.1169
[23:53:09] # 1528 [bench] e2e=  977.3ms  infer=  974.5ms  cap=  2.7ms
    t+0   | +0.2143  +0.0624  -0.1999  +0.3124  -0.0271  +0.0449
    t+1   | +0.1558  +0.1296  -0.3225  +0.3864  +0.0775  +0.0017
    t+2   | +0.1520  +0.2219  -0.4308  +0.4491  +0.1572  -0.2242
    t+3   | +0.1390  +0.2303  -0.4637  +0.4724  +0.2413  -0.6540
    t+4   | +0.1230  +0.1851  -0.3482  +0.4721  +0.2428  -0.6101
[23:53:10] # 1529 [bench] e2e=  991.8ms  infer=  989.0ms  cap=  2.6ms
    t+0   | +0.1845  +0.0712  -0.2110  +0.3193  +0.0995  +0.0827
    t+1   | +0.0816  +0.0620  -0.2313  +0.3589  +0.2110  -0.0611
    t+2   | +0.1070  +0.0718  -0.2112  +0.3944  +0.2830  -0.1341
    t+3   | +0.0815  +0.1239  -0.2588  +0.3855  +0.3095  -0.1869
    t+4   | +0.0355  +0.1148  -0.2883  +0.3597  +0.2648  -0.1714
[23:53:11] # 1530 [bench] e2e=  973.1ms  infer=  970.2ms  cap=  2.8ms
    t+0   | +0.1885  +0.0453  -0.1461  +0.2971  -0.1185  +0.2576
    t+1   | +0.1472  +0.0494  -0.1585  +0.2888  -0.1012  +0.0620
    t+2   | +0.1095  +0.0131  -0.1096  +0.2739  -0.0405  -0.1556
    t+3   | +0.1080  -0.0522  -0.0365  +0.2352  +0.0200  -0.1396
    t+4   | +0.1559  -0.0529  -0.0694  +0.2264  +0.0100  -0.0405
[23:53:12] # 1531 [bench] e2e=  990.9ms  infer=  987.9ms  cap=  2.8ms
    t+0   | +0.0183  +0.0085  -0.0793  +0.2053  +0.2557  +0.2124
    t+1   | -0.0253  +0.0979  -0.2053  +0.2371  +0.2493  +0.1869
    t+2   | +0.0203  +0.1651  -0.2697  +0.3131  +0.2329  +0.2627
    t+3   | +0.0653  +0.1850  -0.2728  +0.3685  +0.1693  +0.3822
    t+4   | +0.0805  +0.1811  -0.2574  +0.3724  +0.1235  +0.3068
[23:53:13] # 1532 [bench] e2e=  978.7ms  infer=  975.7ms  cap=  2.9ms
    t+0   | +0.1312  -0.0673  -0.1470  +0.2783  +0.1087  -0.2138
    t+1   | +0.1041  -0.0712  -0.1495  +0.2687  +0.0872  -0.1869
    t+2   | +0.0988  -0.0633  -0.1630  +0.2725  +0.0222  -0.0445
    t+3   | +0.0672  -0.0195  -0.2147  +0.2560  +0.0540  +0.0376
    t+4   | +0.0084  -0.0376  -0.2523  +0.2290  -0.0125  -0.0316
[23:53:14] # 1533 [bench] e2e=  973.1ms  infer=  969.5ms  cap=  3.4ms
    t+0   | +0.1922  +0.1330  -0.2377  +0.3981  +0.1726  -0.0304
    t+1   | +0.1724  +0.1261  -0.2103  +0.3956  +0.1420  +0.4860
    t+2   | +0.1316  +0.0776  -0.1744  +0.3539  +0.0883  +0.4014
    t+3   | +0.1069  +0.0766  -0.1732  +0.3413  +0.1759  +0.3649
    t+4   | +0.1090  +0.0595  -0.1793  +0.3479  +0.2556  +0.3041
[23:53:15] # 1534 [bench] e2e=  971.7ms  infer=  968.7ms  cap=  2.8ms
    t+0   | +0.1657  +0.1892  -0.3368  +0.3737  +0.0272  +0.0386
    t+1   | +0.1621  +0.2194  -0.3381  +0.3652  +0.0319  +0.0509
    t+2   | +0.1185  +0.2319  -0.3276  +0.3458  +0.0322  +0.2910
    t+3   | +0.0791  +0.1688  -0.2732  +0.2907  +0.0274  +0.0991
    t+4   | +0.0627  +0.1539  -0.3019  +0.3059  +0.0311  +0.0915
[23:53:16] # 1535 [bench] e2e=  988.1ms  infer=  985.5ms  cap=  2.4ms
    t+0   | +0.2128  +0.0487  -0.2201  +0.3116  +0.0843  -0.5152
    t+1   | +0.2465  +0.0797  -0.2071  +0.2951  +0.0765  -0.3389
    t+2   | +0.2050  +0.0491  -0.1607  +0.2087  +0.0206  -0.3587
    t+3   | +0.1272  +0.0658  -0.1548  +0.2028  -0.0192  -0.3454
    t+4   | +0.0509  +0.0234  -0.1532  +0.1606  -0.0087  -0.3246
[23:53:17] # 1536 [bench] e2e=  975.4ms  infer=  971.8ms  cap=  3.5ms
    t+0   | +0.1923  +0.1063  -0.2358  +0.3179  +0.1262  -0.0046
    t+1   | +0.0414  +0.1917  -0.4207  +0.4062  +0.1362  -0.2192
    t+2   | -0.0264  +0.2184  -0.4067  +0.3708  +0.3469  -0.1233
    t+3   | +0.0313  +0.1965  -0.3938  +0.3571  +0.3391  -0.0987
    t+4   | +0.0420  +0.2526  -0.4169  +0.3279  +0.3700  -0.2816
[23:53:18] # 1537 [bench] e2e=  987.3ms  infer=  984.4ms  cap=  2.8ms
    t+0   | -0.1932  +0.1815  -0.5965  +0.5300  +0.1717  -0.0095
    t+1   | -0.1069  +0.1020  -0.4273  +0.4309  +0.1261  -0.1542
    t+2   | -0.0382  +0.0220  -0.2886  +0.3663  +0.1173  -0.1437
    t+3   | +0.0614  +0.0649  -0.3178  +0.3843  +0.1069  -0.1086
    t+4   | +0.2343  +0.1017  -0.3466  +0.4302  +0.0390  -0.1835
[23:53:19] # 1538 [bench] e2e=  982.8ms  infer=  979.3ms  cap=  3.3ms
    t+0   | +0.1091  +0.0716  -0.2055  +0.3742  +0.2859  -0.0769
    t+1   | +0.1108  +0.1214  -0.2496  +0.3832  +0.1624  +0.1395
    t+2   | +0.0993  +0.1703  -0.2880  +0.3978  +0.1429  +0.2539
    t+3   | +0.0734  +0.2044  -0.3289  +0.4056  +0.0477  +0.4258
    t+4   | +0.1013  +0.2320  -0.3336  +0.4298  +0.0694  +0.4737
[23:53:20] # 1539 [bench] e2e=  974.0ms  infer=  970.4ms  cap=  3.4ms
    t+0   | +0.2630  +0.0942  -0.1951  +0.3350  -0.0017  +0.2627
    t+1   | +0.1764  +0.1615  -0.2255  +0.3283  +0.1647  +0.1825
    t+2   | +0.1210  +0.1390  -0.1961  +0.3135  +0.2139  +0.0939
    t+3   | +0.1246  +0.1047  -0.2141  +0.3002  +0.2718  +0.0669
    t+4   | +0.1440  +0.2357  -0.3190  +0.3715  +0.3254  +0.0669
[23:53:21] # 1540 [bench] e2e=  973.2ms  infer=  969.7ms  cap=  3.3ms
    t+0   | +0.1558  +0.0443  -0.0768  +0.2617  +0.1284  -0.2236
    t+1   | +0.1490  +0.1476  -0.1464  +0.2941  +0.0780  +0.1175
    t+2   | +0.1132  +0.1864  -0.2032  +0.3466  +0.1493  +0.4928
    t+3   | +0.1213  +0.1739  -0.2097  +0.3391  +0.2070  +0.4682
    t+4   | +0.1409  +0.1904  -0.2345  +0.3571  +0.1235  +0.3170
[23:53:22] # 1541 [bench] e2e=  992.0ms  infer=  989.5ms  cap=  2.4ms
    t+0   | +0.1887  +0.0916  -0.1400  +0.3162  +0.1573  +0.1303
    t+1   | +0.1430  +0.0456  -0.1196  +0.2842  +0.1594  +0.0260
    t+2   | +0.1162  +0.0510  -0.1647  +0.3174  +0.2220  +0.0040
    t+3   | +0.1506  +0.0539  -0.1665  +0.3281  +0.2276  -0.0297
    t+4   | +0.1535  +0.0472  -0.1535  +0.3234  +0.2349  -0.0413
[23:53:23] # 1542 [bench] e2e=  972.2ms  infer=  969.2ms  cap=  2.8ms
    t+0   | -0.2064  -0.1181  +0.0206  +0.1164  +0.1014  +0.1607
    t+1   | -0.0331  -0.0726  -0.0345  +0.1802  +0.1143  +0.0831
    t+2   | +0.0035  -0.1221  -0.0090  +0.1929  +0.1717  -0.0806
    t+3   | +0.0811  -0.0907  -0.0498  +0.2344  +0.2463  -0.1962
    t+4   | +0.1255  -0.0588  -0.1144  +0.2418  +0.2642  -0.2630
[23:53:24] # 1543 [bench] e2e=  992.0ms  infer=  989.0ms  cap=  2.8ms
    t+0   | +0.0872  +0.0881  -0.2021  +0.2914  +0.1777  +0.3787
    t+1   | -0.0652  +0.0065  -0.1576  +0.2120  +0.2030  +0.2105
    t+2   | -0.0818  +0.0629  -0.2425  +0.1967  +0.1248  +0.2902
    t+3   | -0.0443  +0.0491  -0.2252  +0.2197  +0.2104  +0.3165
    t+4   | -0.0430  +0.0838  -0.2190  +0.2434  +0.2135  +0.3843
[23:53:25] # 1544 [bench] e2e=  989.2ms  infer=  986.2ms  cap=  2.8ms
    t+0   | +0.2890  +0.3020  -0.4065  +0.4091  -0.0809  +0.6856
    t+1   | +0.3076  +0.2732  -0.3703  +0.3931  +0.0186  +0.4532
    t+2   | +0.3057  +0.2612  -0.3737  +0.3782  +0.0606  +0.2203
    t+3   | +0.2781  +0.2655  -0.3797  +0.3744  +0.0884  -0.0404
    t+4   | +0.2600  +0.2245  -0.3472  +0.3467  +0.0937  +0.0618
[23:53:26] # 1545 [bench] e2e=  973.8ms  infer=  970.8ms  cap=  2.9ms
    t+0   | +0.0013  +0.0147  -0.1144  +0.2906  +0.1411  -0.0389
    t+1   | +0.0250  +0.0774  -0.1898  +0.3191  +0.1818  -0.1116
    t+2   | +0.1165  +0.1331  -0.2453  +0.3285  +0.1385  -0.0197
    t+3   | +0.1250  +0.1424  -0.2545  +0.3109  +0.1087  -0.0374
    t+4   | +0.1320  +0.1381  -0.2433  +0.3203  +0.0629  +0.0793

  [live] after 1540 bench steps — e2e mean=989.9ms  |  max replan freq=1.01 Hz  |  max control freq=5.05 Hz (n_action_steps=5)

[23:53:27] # 1546 [bench] e2e=  972.6ms  infer=  969.2ms  cap=  3.3ms
    t+0   | +0.1717  +0.0519  -0.1865  +0.3150  -0.0137  +0.1010
    t+1   | +0.1047  +0.1188  -0.1621  +0.2917  +0.2128  +0.0710
    t+2   | +0.0973  +0.1615  -0.1744  +0.2958  +0.1722  +0.1441
    t+3   | +0.0515  +0.1898  -0.1952  +0.3078  +0.2319  +0.1341
    t+4   | +0.0530  +0.1168  -0.1650  +0.3010  +0.1300  +0.0747
[23:53:28] # 1547 [bench] e2e=  971.9ms  infer=  969.1ms  cap=  2.6ms
    t+0   | +0.2254  +0.2032  -0.4593  +0.5109  +0.0744  +0.7286
    t+1   | +0.1569  +0.0989  -0.2954  +0.4124  +0.0963  +0.3524
    t+2   | +0.0551  +0.0690  -0.1926  +0.3229  +0.0804  +0.2285
    t+3   | +0.0425  +0.1007  -0.1463  +0.2600  +0.0500  +0.0579
    t+4   | +0.0644  +0.1302  -0.1446  +0.2724  +0.0509  +0.1104
[23:53:29] # 1548 [bench] e2e=  976.8ms  infer=  973.0ms  cap=  3.6ms
    t+0   | +0.2809  +0.0369  -0.1072  +0.2835  -0.1142  +0.3634
    t+1   | +0.2750  +0.0965  -0.1405  +0.3347  +0.0181  +0.5618
    t+2   | +0.2296  +0.0913  -0.1120  +0.3134  +0.0027  +0.4655
    t+3   | +0.2094  +0.0801  -0.0962  +0.2834  +0.0878  +0.4599
    t+4   | +0.2469  +0.0893  -0.0868  +0.2924  +0.2056  +0.4000
[23:53:30] # 1549 [bench] e2e=  990.9ms  infer=  987.8ms  cap=  2.9ms
    t+0   | -0.0202  +0.0738  -0.2439  +0.3691  +0.0893  -0.0783
    t+1   | -0.0037  +0.2346  -0.3476  +0.4051  +0.0918  +0.5344
    t+2   | -0.0243  +0.2669  -0.4056  +0.4255  +0.1607  +0.2315
    t+3   | +0.0078  +0.2344  -0.4199  +0.4484  +0.2041  +0.1500
    t+4   | +0.0902  +0.2665  -0.4371  +0.4663  +0.2100  +0.0657
[23:53:31] # 1550 [bench] e2e=  975.0ms  infer=  972.7ms  cap=  2.2ms
    t+0   | +0.0781  +0.0106  -0.1885  +0.3106  +0.0891  -0.0730
    t+1   | +0.0222  +0.0151  -0.2105  +0.2545  +0.1426  -0.1437
    t+2   | +0.0062  -0.0259  -0.1647  +0.2066  +0.2162  -0.1244
    t+3   | +0.0079  -0.0305  -0.1455  +0.2325  +0.2066  +0.0155
    t+4   | -0.0195  +0.0073  -0.1517  +0.2658  +0.1800  -0.0723
[23:53:32] # 1551 [bench] e2e=  987.7ms  infer=  984.7ms  cap=  2.9ms
    t+0   | -0.0670  +0.0217  -0.1297  +0.2669  +0.1604  -0.0656
    t+1   | -0.0646  +0.0148  -0.1528  +0.2942  +0.0964  +0.0010
    t+2   | -0.0065  +0.0453  -0.1696  +0.3633  +0.0403  +0.0163
    t+3   | +0.0076  +0.0749  -0.2806  +0.4225  +0.0439  +0.0449
    t+4   | +0.0655  +0.1146  -0.2999  +0.4377  +0.0341  +0.0463
[23:53:33] # 1552 [bench] e2e= 1012.1ms  infer= 1008.6ms  cap=  3.4ms
    t+0   | +0.3704  +0.0408  -0.2261  +0.3562  +0.0135  +0.0308
    t+1   | +0.4069  +0.1066  -0.2498  +0.3531  +0.0087  +0.0574
    t+2   | +0.3649  +0.1790  -0.2352  +0.3268  +0.0807  -0.0721
    t+3   | +0.3234  +0.2024  -0.2761  +0.3074  +0.0543  -0.4077
    t+4   | +0.3445  +0.2407  -0.3291  +0.3510  +0.0217  -0.2516
[23:53:34] # 1553 [bench] e2e= 1004.4ms  infer= 1001.9ms  cap=  2.4ms
    t+0   | +0.0890  +0.1166  -0.2011  +0.3034  +0.1094  +0.2151
    t+1   | +0.0847  +0.0821  -0.1911  +0.2667  +0.1428  -0.1133
    t+2   | +0.0885  +0.0783  -0.1814  +0.2918  +0.1431  -0.2246
    t+3   | +0.0810  +0.0430  -0.1633  +0.3293  +0.1039  -0.2330
    t+4   | +0.0394  +0.0333  -0.1830  +0.3213  +0.0714  -0.3299
[23:53:35] # 1554 [bench] e2e= 1001.6ms  infer=  999.3ms  cap=  2.1ms
    t+0   | +0.2255  +0.1923  -0.2177  +0.3943  +0.6212  +0.0596
    t+1   | +0.0817  +0.0863  -0.1646  +0.3311  +0.3552  -0.0312
    t+2   | +0.0333  +0.0205  -0.1191  +0.3047  +0.2678  -0.3032
    t+3   | -0.0574  -0.0320  -0.0781  +0.2859  +0.2806  -0.3746
    t+4   | -0.0676  -0.0713  -0.1064  +0.2623  +0.2687  -0.1450
[23:53:36] # 1555 [bench] e2e=  992.4ms  infer=  990.3ms  cap=  2.0ms
    t+0   | +0.3061  +0.1694  -0.2689  +0.3360  +0.0231  -0.0023
    t+1   | +0.2733  +0.1596  -0.2375  +0.3140  +0.1146  +0.0243
    t+2   | +0.2759  +0.1310  -0.2359  +0.3130  +0.1961  +0.0596
    t+3   | +0.2751  +0.1147  -0.3043  +0.3324  +0.3598  +0.0962
    t+4   | +0.2931  +0.1609  -0.3247  +0.3486  +0.4203  +0.0930
[23:53:37] # 1556 [bench] e2e=  993.8ms  infer=  990.9ms  cap=  2.7ms
    t+0   | +0.2772  +0.1474  -0.2728  +0.3702  +0.1197  +0.0724
    t+1   | +0.2364  +0.1243  -0.2081  +0.3318  +0.1220  +0.3686
    t+2   | +0.2007  +0.1123  -0.1589  +0.3033  +0.1881  +0.4602
    t+3   | +0.1881  +0.0977  -0.1619  +0.2912  +0.2357  +0.5735
    t+4   | +0.1861  +0.0910  -0.1988  +0.2951  +0.2166  +0.6314
[23:53:38] # 1557 [bench] e2e=  994.7ms  infer=  992.8ms  cap=  1.7ms
    t+0   | +0.0924  +0.1853  -0.3810  +0.3623  +0.0483  -0.0130
    t+1   | -0.0417  +0.1833  -0.3519  +0.3406  +0.1555  -0.1009
    t+2   | -0.1292  +0.0986  -0.2338  +0.2963  +0.1891  -0.1332
    t+3   | -0.1103  +0.0310  -0.1556  +0.2708  +0.2547  -0.1119
    t+4   | -0.0664  +0.0298  -0.1679  +0.3011  +0.2845  -0.1185
[23:53:39] # 1558 [bench] e2e=  974.4ms  infer=  971.8ms  cap=  2.4ms
    t+0   | +0.0794  +0.0508  -0.2070  +0.3036  -0.1621  +0.1178
    t+1   | +0.1555  +0.0995  -0.2426  +0.3392  -0.1191  +0.3893
    t+2   | +0.2000  +0.1407  -0.3053  +0.3434  -0.0263  +0.4102
    t+3   | +0.2018  +0.1392  -0.2780  +0.3735  +0.1546  +0.3539
    t+4   | +0.2050  +0.1043  -0.2653  +0.3827  +0.1736  +0.4034
[23:53:40] # 1559 [bench] e2e=  973.9ms  infer=  970.5ms  cap=  3.3ms
    t+0   | +0.0378  -0.1348  +0.1299  +0.1280  +0.3353  -0.1242
    t+1   | +0.0163  -0.1044  +0.0568  +0.1801  +0.3049  -0.1054
    t+2   | +0.0818  -0.0535  -0.0766  +0.2743  +0.2562  -0.1073
    t+3   | +0.1170  -0.0047  -0.1938  +0.3443  +0.2217  -0.0661
    t+4   | +0.1278  +0.0161  -0.2529  +0.3736  +0.1807  +0.0688
[23:53:41] # 1560 [bench] e2e=  989.1ms  infer=  986.4ms  cap=  2.5ms
    t+0   | +0.1206  +0.2376  -0.4023  +0.3691  +0.1476  -0.1584
    t+1   | +0.0873  +0.1762  -0.3814  +0.3489  +0.1771  -0.3230
    t+2   | +0.1288  +0.1271  -0.3488  +0.3518  +0.1383  -0.2125
    t+3   | +0.1331  +0.1440  -0.3626  +0.4193  +0.0722  -0.1735
    t+4   | +0.1265  +0.1300  -0.3717  +0.4572  -0.0249  -0.1951
[23:53:42] # 1561 [bench] e2e=  997.6ms  infer=  995.1ms  cap=  2.3ms
    t+0   | +0.2049  +0.0200  -0.1841  +0.3809  +0.0754  +0.0475
    t+1   | +0.1399  +0.0247  -0.1822  +0.3520  +0.0074  +0.0147
    t+2   | +0.0901  +0.0303  -0.1628  +0.3302  -0.0226  -0.0215
    t+3   | +0.0741  +0.0096  -0.1801  +0.3172  -0.0221  -0.0680
    t+4   | +0.0805  +0.0106  -0.1962  +0.3361  -0.0396  -0.0210
[23:53:43] # 1562 [bench] e2e=  979.5ms  infer=  976.7ms  cap=  2.7ms
    t+0   | +0.1365  -0.0410  -0.1221  +0.2652  +0.0257  -0.1210
    t+1   | +0.0947  -0.0169  -0.1279  +0.2444  +0.1460  -0.0624
    t+2   | -0.0272  +0.0244  -0.1652  +0.2205  +0.1181  -0.0700
    t+3   | -0.0179  +0.0866  -0.2066  +0.2632  +0.1072  -0.0338
    t+4   | -0.0098  +0.1104  -0.2177  +0.2859  +0.1576  -0.1264
[23:53:44] # 1563 [bench] e2e=  974.3ms  infer=  971.4ms  cap=  2.7ms
    t+0   | +0.2391  +0.1329  -0.2140  +0.3549  +0.1904  -0.6433
    t+1   | +0.2621  +0.2003  -0.2900  +0.3723  +0.1563  -0.6005
    t+2   | +0.2065  +0.1862  -0.2997  +0.3368  +0.0589  -0.4104
    t+3   | +0.1787  +0.1573  -0.2838  +0.3370  +0.0201  -0.0786
    t+4   | +0.1199  +0.1815  -0.3485  +0.3233  -0.0272  -0.0214
[23:53:45] # 1564 [bench] e2e=  973.4ms  infer=  970.6ms  cap=  2.7ms
    t+0   | +0.1546  +0.0230  -0.1706  +0.2996  +0.0862  -0.1233
    t+1   | +0.0928  -0.0451  -0.1389  +0.2698  +0.0742  -0.1496
    t+2   | +0.0855  -0.1129  -0.1378  +0.2555  +0.1180  -0.2196
    t+3   | +0.0718  -0.1433  -0.1011  +0.2503  +0.1220  -0.4398
    t+4   | +0.0002  -0.1318  -0.0735  +0.2313  +0.0979  -0.6023
[23:53:46] # 1565 [bench] e2e=  971.6ms  infer=  968.6ms  cap=  2.8ms
    t+0   | +0.2647  +0.2966  -0.3140  +0.3378  +0.3776  +0.2897
    t+1   | +0.2949  +0.2456  -0.2819  +0.3235  +0.2600  +0.1783
    t+2   | +0.2888  +0.2247  -0.2043  +0.2668  +0.2655  +0.1680
    t+3   | +0.2983  +0.2093  -0.1725  +0.2697  +0.2806  +0.1902
    t+4   | +0.2783  +0.2216  -0.1770  +0.2807  +0.2742  +0.2138

  [live] after 1560 bench steps — e2e mean=989.9ms  |  max replan freq=1.01 Hz  |  max control freq=5.05 Hz (n_action_steps=5)

[23:53:47] # 1566 [bench] e2e=  979.2ms  infer=  975.2ms  cap=  3.8ms
    t+0   | +0.3264  +0.2083  -0.2677  +0.4148  +0.1009  +0.1405
    t+1   | +0.2992  +0.2048  -0.2417  +0.3970  +0.0437  +0.2386
    t+2   | +0.2397  +0.1671  -0.2031  +0.3670  -0.0209  +0.3436
    t+3   | +0.2133  +0.1626  -0.1969  +0.3223  -0.0581  +0.2859
    t+4   | +0.1678  +0.1499  -0.1960  +0.3489  -0.0573  +0.2431
[23:53:48] # 1567 [bench] e2e=  976.3ms  infer=  973.6ms  cap=  2.5ms
    t+0   | +0.0446  -0.0232  -0.4514  +0.3830  -0.1229  -0.3753
    t+1   | +0.0926  +0.0131  -0.3471  +0.3700  -0.0094  -0.2505
    t+2   | +0.1383  +0.0411  -0.2871  +0.3614  -0.0275  +0.0392
    t+3   | +0.1633  +0.0588  -0.2192  +0.3282  -0.0024  -0.0063
    t+4   | +0.1405  +0.0563  -0.1733  +0.3347  -0.0094  -0.0788
[23:53:49] # 1568 [bench] e2e=  975.4ms  infer=  972.5ms  cap=  2.7ms
    t+0   | +0.2159  +0.1674  -0.3278  +0.3429  -0.1688  +0.2463
    t+1   | +0.2024  +0.2315  -0.5268  +0.4615  -0.1958  +0.2410
    t+2   | +0.1862  +0.2767  -0.5555  +0.5085  -0.0911  +0.1998
    t+3   | +0.2137  +0.2809  -0.4958  +0.4782  -0.0081  +0.1888
    t+4   | +0.1605  +0.1762  -0.3797  +0.4127  +0.0959  +0.0456
[23:53:50] # 1569 [bench] e2e=  993.5ms  infer=  990.6ms  cap=  2.7ms
    t+0   | +0.3109  +0.0941  -0.1516  +0.3622  +0.3092  -0.7134
    t+1   | +0.3592  +0.1065  -0.1847  +0.4102  +0.3587  -0.6810
    t+2   | +0.3377  +0.0877  -0.1674  +0.3869  +0.3492  -0.6790
    t+3   | +0.3524  +0.0949  -0.1548  +0.3566  +0.3952  -0.6896
    t+4   | +0.3170  +0.0702  -0.1582  +0.3082  +0.3278  -0.7010
[23:53:51] # 1570 [bench] e2e=  981.8ms  infer=  978.9ms  cap=  2.8ms
    t+0   | +0.1480  +0.2396  -0.2989  +0.4002  +0.3248  +0.1188
    t+1   | +0.1849  +0.2391  -0.3357  +0.3848  +0.2120  +0.1407
    t+2   | +0.1921  +0.2328  -0.3512  +0.3640  +0.2233  +0.1978
    t+3   | +0.1615  +0.2566  -0.3895  +0.3573  +0.2255  +0.1104
    t+4   | +0.1502  +0.2525  -0.3926  +0.3742  +0.1754  +0.2553
[23:53:52] # 1571 [bench] e2e=  990.6ms  infer=  987.7ms  cap=  2.7ms
    t+0   | +0.3169  +0.1061  -0.1959  +0.4170  +0.6600  -0.0965
    t+1   | +0.2639  +0.0955  -0.2259  +0.4278  +0.4880  -0.0889
    t+2   | +0.2278  +0.1413  -0.3256  +0.4487  +0.2849  -0.0712
    t+3   | +0.1954  +0.2120  -0.4024  +0.4511  +0.2139  -0.0608
    t+4   | +0.2067  +0.2293  -0.4250  +0.4459  +0.1746  -0.0274
[23:53:53] # 1572 [bench] e2e=  977.0ms  infer=  974.1ms  cap=  2.7ms
    t+0   | +0.1142  +0.1224  -0.1631  +0.2668  -0.0191  -0.3359
    t+1   | +0.1238  +0.1340  -0.2021  +0.2932  -0.0959  -0.1164
    t+2   | +0.1639  +0.1887  -0.3017  +0.3265  -0.1358  -0.0362
    t+3   | +0.1890  +0.2417  -0.3986  +0.3264  -0.1226  +0.0724
    t+4   | +0.1491  +0.2927  -0.5814  +0.4500  -0.1288  +0.0716
[23:53:54] # 1573 [bench] e2e=  976.1ms  infer=  973.2ms  cap=  2.7ms
    t+0   | +0.3045  +0.1175  -0.3352  +0.3777  +0.0862  -0.3053
    t+1   | +0.2965  +0.1567  -0.3315  +0.3762  +0.1357  -0.2867
    t+2   | +0.2689  +0.1557  -0.3157  +0.3600  +0.1721  -0.5828
    t+3   | +0.2332  +0.1562  -0.2745  +0.3466  +0.1970  -0.4279
    t+4   | +0.2306  +0.1484  -0.2764  +0.3271  +0.1793  -0.4429
[23:53:55] # 1574 [bench] e2e=  973.5ms  infer=  970.2ms  cap=  3.2ms
    t+0   | +0.2265  -0.0078  -0.0615  +0.2791  +0.2519  -0.1672
    t+1   | +0.1937  +0.0004  -0.0734  +0.2684  +0.2059  -0.1122
    t+2   | +0.0789  -0.0077  -0.0622  +0.2264  +0.1206  -0.0553
    t+3   | +0.0543  +0.0313  -0.0763  +0.2545  +0.0978  -0.0345
    t+4   | +0.0798  +0.0496  -0.0681  +0.3054  +0.0952  +0.0762
[23:53:56] # 1575 [bench] e2e=  990.0ms  infer=  986.7ms  cap=  3.1ms
    t+0   | +0.0997  -0.1628  +0.0915  +0.1347  -0.2142  -0.1784
    t+1   | +0.0873  -0.0796  +0.0279  +0.1932  -0.1731  -0.1276
    t+2   | +0.1276  +0.0064  -0.1151  +0.2548  -0.1474  +0.0385
    t+3   | +0.2266  +0.0756  -0.2109  +0.3328  -0.0273  +0.0461
    t+4   | +0.2536  +0.0761  -0.1873  +0.3016  -0.0458  +0.0105
[23:53:57] # 1576 [bench] e2e=  999.8ms  infer=  997.5ms  cap=  2.1ms
    t+0   | +0.0885  -0.0686  -0.1134  +0.2584  -0.0694  -0.0974
    t+1   | +0.0739  -0.0355  -0.1494  +0.3198  -0.0708  +0.5335
    t+2   | +0.1358  -0.0532  -0.1335  +0.3601  -0.0285  +0.7485
    t+3   | +0.1936  -0.0307  -0.1466  +0.3920  +0.0378  +0.6590
    t+4   | +0.2288  +0.0709  -0.2407  +0.4468  +0.0516  +0.5727
[23:53:58] # 1577 [bench] e2e=  990.0ms  infer=  987.6ms  cap=  2.3ms
    t+0   | +0.2591  +0.1293  -0.2522  +0.3518  +0.0794  -0.0669
    t+1   | +0.1157  +0.0313  -0.2627  +0.3282  +0.0376  -0.6100
    t+2   | +0.0542  +0.0268  -0.3095  +0.3921  +0.0817  -0.5944
    t+3   | +0.0713  +0.0146  -0.3392  +0.4009  +0.2051  -0.5617
    t+4   | +0.1272  -0.0038  -0.3117  +0.3843  +0.2755  -0.4791
[23:53:59] # 1578 [bench] e2e=  990.6ms  infer=  988.5ms  cap=  2.0ms
    t+0   | +0.1997  +0.0034  -0.1291  +0.2865  +0.1056  -0.0165
    t+1   | +0.1363  +0.0064  -0.2770  +0.3402  +0.1141  -0.0841
    t+2   | +0.1474  +0.0406  -0.3434  +0.3610  +0.1563  -0.1745
    t+3   | +0.2034  +0.1358  -0.4177  +0.3804  +0.1160  -0.2410
    t+4   | +0.2555  +0.2063  -0.5096  +0.3714  -0.0654  -0.3368
[23:54:00] # 1579 [bench] e2e=  998.3ms  infer=  996.0ms  cap=  2.1ms
    t+0   | +0.3025  +0.1438  -0.2914  +0.3844  +0.1194  -0.3435
    t+1   | +0.2872  +0.1618  -0.3271  +0.3904  +0.0941  -0.0748
    t+2   | +0.2829  +0.1652  -0.3765  +0.3848  +0.1081  -0.0967
    t+3   | +0.3375  +0.1962  -0.3836  +0.4063  +0.1976  +0.1907
    t+4   | +0.3805  +0.2069  -0.4027  +0.3858  +0.2608  +0.2206
[23:54:01] # 1580 [bench] e2e=  996.6ms  infer=  994.3ms  cap=  2.2ms
    t+0   | +0.1544  +0.1584  -0.4518  +0.4116  +0.0211  -0.0599
    t+1   | +0.1172  +0.1715  -0.4151  +0.3693  +0.0478  -0.2402
    t+2   | +0.1397  +0.1663  -0.3358  +0.3536  +0.0855  -0.3115
    t+3   | +0.1362  +0.1778  -0.3114  +0.3704  +0.0786  -0.2774
    t+4   | +0.1064  +0.1472  -0.2897  +0.3423  +0.1026  -0.3352
[23:54:02] # 1581 [bench] e2e=  995.3ms  infer=  992.4ms  cap=  2.7ms
    t+0   | +0.2424  +0.1481  -0.2641  +0.3849  +0.0536  -0.1554
    t+1   | +0.2366  +0.1389  -0.2146  +0.3673  +0.0909  -0.1424
    t+2   | +0.1760  +0.0701  -0.1691  +0.3375  +0.1133  -0.1731
    t+3   | +0.1540  +0.0602  -0.1888  +0.3543  +0.1150  -0.2330
    t+4   | +0.0820  +0.0069  -0.1886  +0.3056  +0.0517  -0.3851
[23:54:03] # 1582 [bench] e2e=  984.2ms  infer=  982.1ms  cap=  2.0ms
    t+0   | +0.1224  -0.0341  -0.1020  +0.2883  -0.0023  -0.0025
    t+1   | +0.0595  -0.0001  -0.0998  +0.2972  +0.0955  -0.0320
    t+2   | +0.0325  +0.0030  -0.0884  +0.2924  +0.1170  +0.0353
    t+3   | +0.0240  +0.0087  -0.0966  +0.3149  +0.1185  +0.0126
    t+4   | +0.0665  +0.0114  -0.0737  +0.3168  +0.1091  -0.1979
[23:54:04] # 1583 [bench] e2e=  981.6ms  infer=  978.1ms  cap=  3.3ms
    t+0   | -0.0773  -0.0943  -0.1074  +0.1642  -0.0558  -0.6484
    t+1   | -0.1831  -0.1035  -0.1027  +0.0965  +0.1381  -0.6156
    t+2   | -0.1017  -0.1192  -0.0766  +0.1078  +0.1927  -0.5204
    t+3   | -0.0615  -0.1293  -0.0640  +0.1395  +0.0960  -0.3219
    t+4   | -0.0210  -0.1034  -0.0967  +0.1521  +0.0266  -0.3662
[23:54:05] # 1584 [bench] e2e=  992.0ms  infer=  988.2ms  cap=  3.7ms
    t+0   | +0.1030  +0.1991  -0.2672  +0.3665  +0.1945  -0.0937
    t+1   | -0.1362  +0.2937  -0.6033  +0.4791  +0.0088  -0.1200
    t+2   | -0.0325  +0.3019  -0.5605  +0.4680  +0.0089  -0.0614
    t+3   | +0.0389  +0.2971  -0.4911  +0.4511  +0.0592  -0.0649
    t+4   | +0.0520  +0.2722  -0.4654  +0.4125  +0.1854  -0.0895
[23:54:05] # 1585 [bench] e2e=  994.8ms  infer=  991.7ms  cap=  2.9ms
    t+0   | +0.2135  +0.2837  -0.4104  +0.4829  +0.0119  +0.0513
    t+1   | +0.1710  +0.2372  -0.3594  +0.4515  +0.0588  +0.1016
    t+2   | +0.1552  +0.1498  -0.3237  +0.4133  +0.1672  +0.0707
    t+3   | +0.1782  +0.1538  -0.3467  +0.4429  +0.2347  +0.1251
    t+4   | +0.1969  +0.1393  -0.3284  +0.4521  +0.2333  +0.1554

  [live] after 1580 bench steps — e2e mean=989.8ms  |  max replan freq=1.01 Hz  |  max control freq=5.05 Hz (n_action_steps=5)

[23:54:06] # 1586 [bench] e2e=  978.0ms  infer=  974.6ms  cap=  3.2ms
    t+0   | +0.2243  -0.0129  -0.1373  +0.2943  +0.1845  +0.1700
    t+1   | +0.2272  +0.0147  -0.1934  +0.3124  +0.2898  +0.0294
    t+2   | +0.1976  +0.0318  -0.1594  +0.2788  +0.3416  -0.1991
    t+3   | +0.1959  +0.0211  -0.1509  +0.2490  +0.3265  -0.1301
    t+4   | +0.1843  +0.1148  -0.1775  +0.2782  +0.4822  -0.1007
[23:54:07] # 1587 [bench] e2e=  989.6ms  infer=  986.7ms  cap=  2.7ms
    t+0   | -0.3284  -0.2277  -0.1342  +0.1561  +0.1033  -0.1712
    t+1   | -0.1783  -0.1122  -0.2019  +0.2463  +0.2684  -0.1153
    t+2   | -0.0867  -0.0171  -0.2752  +0.3185  +0.2362  -0.0793
    t+3   | +0.0233  +0.0366  -0.2412  +0.3062  +0.1987  -0.0677
    t+4   | +0.0484  +0.0771  -0.1979  +0.3094  +0.1924  -0.0789
[23:54:08] # 1588 [bench] e2e=  975.6ms  infer=  972.7ms  cap=  2.7ms
    t+0   | +0.2999  +0.1288  -0.2343  +0.3640  -0.0343  +0.0059
    t+1   | +0.2175  +0.0745  -0.1640  +0.3237  +0.0393  -0.0904
    t+2   | +0.1980  +0.0381  -0.1208  +0.2863  +0.1180  -0.2803
    t+3   | +0.1944  +0.0615  -0.0821  +0.2777  +0.2222  -0.2350
    t+4   | +0.2209  +0.0732  -0.1262  +0.2872  +0.2175  -0.1339
[23:54:09] # 1589 [bench] e2e=  973.8ms  infer=  970.1ms  cap=  3.5ms
    t+0   | +0.1481  -0.0064  -0.0993  +0.3136  +0.2267  -0.1034
    t+1   | +0.1238  +0.0074  -0.1750  +0.3352  +0.2077  -0.0558
    t+2   | +0.1170  +0.0552  -0.2354  +0.3553  +0.1939  +0.0080
    t+3   | +0.1144  +0.0749  -0.2143  +0.3278  +0.1549  +0.1142
    t+4   | +0.1037  +0.0941  -0.1891  +0.2984  +0.0940  +0.1104
[23:54:10] # 1590 [bench] e2e=  986.6ms  infer=  983.7ms  cap=  2.7ms
    t+0   | +0.2781  +0.1494  -0.2587  +0.3381  +0.5816  +0.0346
    t+1   | +0.2202  +0.0627  -0.2276  +0.2993  +0.3902  -0.0104
    t+2   | +0.1650  -0.0476  -0.2105  +0.2821  +0.3121  -0.1115
    t+3   | +0.1932  +0.0087  -0.2177  +0.3065  +0.4115  -0.1019
    t+4   | +0.2046  +0.0587  -0.2351  +0.3331  +0.3857  -0.0501
[23:54:11] # 1591 [bench] e2e=  968.7ms  infer=  965.7ms  cap=  2.8ms
    t+0   | +0.1722  +0.1197  -0.2994  +0.3927  -0.1212  -0.0026
    t+1   | +0.2290  +0.1103  -0.3218  +0.3717  -0.1061  -0.1102
    t+2   | +0.2867  +0.1344  -0.3239  +0.3614  +0.0282  -0.0802
    t+3   | +0.2579  +0.1289  -0.3012  +0.3455  +0.0672  -0.0684
    t+4   | +0.1864  +0.1701  -0.3674  +0.3057  +0.1513  -0.1465
[23:54:12] # 1592 [bench] e2e=  975.1ms  infer=  972.1ms  cap=  2.8ms
    t+0   | +0.0949  -0.2592  +0.1266  +0.1340  +0.1514  -0.3852
    t+1   | +0.1624  -0.1486  -0.0362  +0.2648  +0.2214  -0.3009
    t+2   | +0.1922  -0.1008  -0.0844  +0.2524  +0.2293  -0.1675
    t+3   | +0.1730  -0.0733  -0.0688  +0.2623  +0.2053  -0.1584
    t+4   | +0.1392  -0.0667  -0.0606  +0.2550  +0.1820  -0.1705
[23:54:13] # 1593 [bench] e2e=  990.4ms  infer=  988.1ms  cap=  2.2ms
    t+0   | +0.0014  +0.1149  -0.2337  +0.2990  -0.0778  +0.1708
    t+1   | +0.0070  +0.1461  -0.2864  +0.3043  -0.0253  +0.1427
    t+2   | +0.0289  +0.1380  -0.2825  +0.2992  -0.0292  +0.1409
    t+3   | +0.0648  +0.1092  -0.1965  +0.2942  +0.0396  +0.0763
    t+4   | +0.0064  +0.1088  -0.2042  +0.3180  +0.0886  +0.0440
[23:54:14] # 1594 [bench] e2e=  994.1ms  infer=  991.2ms  cap=  2.7ms
    t+0   | +0.1617  +0.1550  -0.1858  +0.2661  +0.2179  -0.0431
    t+1   | +0.1599  +0.1677  -0.2528  +0.2432  +0.2645  -0.0666
    t+2   | +0.1235  +0.1818  -0.2550  +0.2188  +0.4595  -0.6407
    t+3   | +0.1672  +0.1651  -0.2898  +0.2626  +0.4328  -0.3738
    t+4   | +0.1657  +0.1881  -0.3194  +0.2553  +0.5107  -0.5560
[23:54:15] # 1595 [bench] e2e=  976.0ms  infer=  973.7ms  cap=  2.2ms
    t+0   | +0.2130  +0.1117  -0.2490  +0.3277  +0.0399  -0.0924
    t+1   | +0.1845  +0.0849  -0.2345  +0.2942  +0.0404  -0.0811
    t+2   | +0.1428  +0.1130  -0.2704  +0.3231  +0.0008  +0.6323
    t+3   | +0.1832  +0.1520  -0.3284  +0.3495  +0.0755  +0.6806
    t+4   | +0.2504  +0.1673  -0.3475  +0.3413  +0.0968  +0.4776
[23:54:16] # 1596 [bench] e2e=  990.7ms  infer=  988.4ms  cap=  2.2ms
    t+0   | +0.1225  +0.0444  -0.1878  +0.3289  +0.0065  -0.1062
    t+1   | +0.0499  -0.0128  -0.1132  +0.3109  +0.1067  -0.3448
    t+2   | +0.0541  -0.0481  -0.0867  +0.3156  +0.1355  -0.2449
    t+3   | +0.0989  -0.0202  -0.1158  +0.3139  +0.1120  -0.1298
    t+4   | +0.0861  +0.0404  -0.1584  +0.3186  +0.1545  +0.1603
[23:54:17] # 1597 [bench] e2e=  971.1ms  infer=  967.5ms  cap=  3.4ms
    t+0   | -0.2654  -0.1997  +0.0118  +0.2994  +0.4048  -0.0297
    t+1   | -0.2075  -0.1024  -0.1141  +0.3579  +0.2808  -0.0473
    t+2   | -0.1214  -0.0624  -0.1640  +0.3425  +0.1920  -0.0832
    t+3   | -0.0549  -0.0242  -0.1854  +0.3309  +0.1272  -0.0741
    t+4   | -0.0321  -0.0156  -0.1893  +0.3303  +0.0848  -0.0387
[23:54:18] # 1598 [bench] e2e=  992.3ms  infer=  989.3ms  cap=  2.8ms
    t+0   | +0.2570  +0.0378  -0.1184  +0.2928  +0.2776  +0.4852
    t+1   | +0.1657  +0.0840  -0.1592  +0.2676  +0.2370  +0.3267
    t+2   | +0.1284  +0.0819  -0.1546  +0.2493  +0.1844  +0.2680
    t+3   | +0.1246  +0.0834  -0.1686  +0.2676  +0.1870  +0.2105
    t+4   | +0.1203  +0.1176  -0.2095  +0.3204  +0.1506  +0.2233
[23:54:19] # 1599 [bench] e2e=  978.8ms  infer=  976.0ms  cap=  2.7ms
    t+0   | +0.2353  +0.1588  -0.2346  +0.3465  +0.0444  +0.1730
    t+1   | +0.2043  +0.1477  -0.2208  +0.3191  -0.0069  +0.1237
    t+2   | +0.2069  +0.1737  -0.2404  +0.3584  -0.0206  +0.0101
    t+3   | +0.2483  +0.1983  -0.2724  +0.3929  +0.0167  +0.0078
    t+4   | +0.2296  +0.2018  -0.3074  +0.3982  +0.0420  +0.0151
[23:54:20] # 1600 [bench] e2e=  972.3ms  infer=  969.4ms  cap=  2.8ms
    t+0   | +0.1458  +0.2104  -0.3253  +0.3855  +0.2511  -0.0101
    t+1   | +0.1329  +0.3661  -0.5888  +0.5102  +0.4922  -0.0454
    t+2   | +0.1372  +0.3926  -0.6494  +0.5344  +0.4785  -0.0223
    t+3   | +0.1523  +0.4457  -0.7060  +0.5567  +0.4443  -0.0215
    t+4   | +0.2226  +0.5293  -0.7394  +0.5875  +0.4359  -0.0033
[23:54:21] # 1601 [bench] e2e=  971.8ms  infer=  968.9ms  cap=  2.8ms
    t+0   | +0.2035  +0.0092  -0.0996  +0.2992  +0.4095  -0.1839
    t+1   | +0.1767  +0.1049  -0.2001  +0.3068  +0.3461  -0.1069
    t+2   | +0.1889  +0.2735  -0.3828  +0.3498  +0.3961  +0.2103
    t+3   | +0.2699  +0.2987  -0.4504  +0.3547  +0.3682  +0.1080
    t+4   | +0.3113  +0.3454  -0.5120  +0.3872  +0.4493  +0.0560
[23:54:22] # 1602 [bench] e2e=  968.8ms  infer=  965.9ms  cap=  2.8ms
    t+0   | +0.2648  +0.0962  -0.2009  +0.3422  +0.1683  +0.1278
    t+1   | +0.1770  +0.0710  -0.2263  +0.3282  +0.2390  -0.0306
    t+2   | +0.0846  -0.0116  -0.2332  +0.3003  +0.2119  -0.1552
    t+3   | +0.0619  -0.0151  -0.2548  +0.3211  +0.2012  -0.2790
    t+4   | +0.0937  +0.0267  -0.2581  +0.3631  +0.1593  -0.2036
[23:54:23] # 1603 [bench] e2e=  972.9ms  infer=  970.1ms  cap=  2.7ms
    t+0   | -0.0157  +0.0245  -0.2597  +0.3218  +0.0788  -0.0739
    t+1   | -0.0775  +0.0175  -0.2131  +0.2920  +0.1155  -0.0481
    t+2   | -0.0604  +0.0461  -0.2524  +0.2880  +0.0770  -0.0220
    t+3   | -0.0955  +0.0883  -0.2930  +0.2721  +0.1479  -0.0235
    t+4   | -0.0403  +0.0911  -0.2899  +0.2938  +0.0937  +0.0482
[23:54:24] # 1604 [bench] e2e=  989.4ms  infer=  985.8ms  cap=  3.3ms
    t+0   | +0.0982  -0.0192  -0.0365  +0.2207  +0.0488  -0.3662
    t+1   | +0.0542  -0.0167  -0.0520  +0.2624  +0.2576  -0.2842
    t+2   | +0.1002  -0.0275  -0.1058  +0.2823  +0.2878  -0.0510
    t+3   | +0.0582  +0.0270  -0.1633  +0.2901  +0.4998  +0.1367
    t+4   | +0.1182  +0.0749  -0.2054  +0.2905  +0.4344  +0.1961
[23:54:25] # 1605 [bench] e2e= 1026.4ms  infer= 1022.5ms  cap=  3.8ms
    t+0   | +0.1619  +0.0731  -0.1051  +0.2569  +0.0872  -0.0532
    t+1   | +0.1314  +0.0869  -0.1183  +0.2864  +0.2053  -0.0879
    t+2   | +0.1180  +0.0875  -0.1448  +0.3067  +0.2011  -0.0754
    t+3   | +0.1216  +0.0921  -0.1582  +0.3003  +0.2007  -0.0172
    t+4   | +0.0920  +0.0683  -0.1754  +0.2640  +0.1746  -0.1968

  [live] after 1600 bench steps — e2e mean=989.7ms  |  max replan freq=1.01 Hz  |  max control freq=5.05 Hz (n_action_steps=5)

[23:54:26] # 1606 [bench] e2e=  982.9ms  infer=  979.9ms  cap=  2.7ms
    t+0   | +0.1961  +0.0743  -0.1915  +0.3186  +0.1046  -0.0065
    t+1   | +0.1950  +0.0970  -0.2514  +0.3378  +0.1144  +0.0855
    t+2   | +0.2267  +0.1315  -0.2227  +0.3720  +0.1116  +0.1106
    t+3   | +0.1341  +0.1782  -0.3454  +0.4153  +0.2710  +0.0010
    t+4   | +0.1025  +0.1877  -0.4362  +0.4103  +0.2240  -0.1844
[23:54:27] # 1607 [bench] e2e=  984.7ms  infer=  982.0ms  cap=  2.5ms
    t+0   | +0.2052  +0.3184  -0.2995  +0.4137  +0.1575  +0.3653
    t+1   | +0.1532  +0.4847  -0.4887  +0.5135  +0.3119  +0.4162
    t+2   | +0.2118  +0.5000  -0.4696  +0.5182  +0.4562  +0.3342
    t+3   | +0.3008  +0.4530  -0.4465  +0.5271  +0.5288  +0.4097
    t+4   | +0.3386  +0.4016  -0.4565  +0.5252  +0.5418  +0.3645
[23:54:28] # 1608 [bench] e2e=  978.6ms  infer=  975.5ms  cap=  3.0ms
    t+0   | +0.1896  +0.0564  -0.1434  +0.2901  +0.0885  +0.0223
    t+1   | +0.2097  +0.1564  -0.2564  +0.3650  +0.3215  +0.0199
    t+2   | +0.2530  +0.1894  -0.2946  +0.3918  +0.3726  +0.0731
    t+3   | +0.2462  +0.2013  -0.3286  +0.4084  +0.4598  +0.1644
    t+4   | +0.2457  +0.2030  -0.3208  +0.4166  +0.4399  +0.1205
[23:54:29] # 1609 [bench] e2e= 1012.5ms  infer= 1009.5ms  cap=  2.9ms
    t+0   | +0.1952  +0.0737  -0.0551  +0.3882  +0.5515  +0.5795
    t+1   | +0.1179  +0.1224  -0.1249  +0.3845  +0.4251  +0.3739
    t+2   | +0.0481  +0.1109  -0.1301  +0.3629  +0.5025  +0.1464
    t+3   | -0.0178  +0.1509  -0.1816  +0.3393  +0.5401  +0.1417
    t+4   | +0.0269  +0.1429  -0.1994  +0.3462  +0.5365  +0.2396
[23:54:30] # 1610 [bench] e2e= 1007.5ms  infer= 1005.4ms  cap=  2.0ms
    t+0   | +0.1547  -0.0250  -0.1247  +0.2880  +0.0677  -0.1665
    t+1   | +0.0616  +0.0123  -0.1380  +0.3145  +0.2128  -0.1806
    t+2   | +0.0525  -0.0219  -0.1120  +0.2807  +0.3628  -0.2191
    t+3   | +0.0783  -0.0203  -0.1277  +0.2695  +0.3147  -0.2608
    t+4   | +0.0677  -0.0024  -0.1694  +0.2701  +0.2964  -0.2427
[23:54:31] # 1611 [bench] e2e= 1002.8ms  infer= 1000.3ms  cap=  2.3ms
    t+0   | +0.0797  -0.0183  -0.2494  +0.2901  +0.0707  +0.0720
    t+1   | +0.0936  +0.1864  -0.4790  +0.3792  +0.2035  +0.3077
    t+2   | +0.1871  +0.2439  -0.4359  +0.3800  +0.2278  +0.4679
    t+3   | +0.2954  +0.3064  -0.4576  +0.4291  +0.3750  +0.5251
    t+4   | +0.3724  +0.3354  -0.4437  +0.4246  +0.3868  +0.6772
[23:54:32] # 1612 [bench] e2e=  999.3ms  infer=  996.1ms  cap=  3.0ms
    t+0   | -0.0335  +0.0838  -0.2193  +0.2654  +0.0081  +0.1622
    t+1   | -0.1117  +0.1098  -0.2226  +0.2652  +0.0684  +0.0325
    t+2   | -0.0605  +0.1543  -0.2144  +0.2887  +0.0672  +0.0283
    t+3   | -0.0668  +0.1067  -0.1501  +0.2599  +0.1888  +0.0071
    t+4   | -0.0405  +0.0619  -0.1188  +0.2531  +0.2771  -0.0465
[23:54:33] # 1613 [bench] e2e=  996.0ms  infer=  993.1ms  cap=  2.8ms
    t+0   | +0.2196  +0.0941  -0.3683  +0.4354  +0.0637  +0.2798
    t+1   | +0.1792  +0.2143  -0.5647  +0.4571  +0.1224  +0.1754
    t+2   | +0.2006  +0.3771  -0.7159  +0.4463  +0.0948  +0.1062
    t+3   | +0.2478  +0.4397  -0.7625  +0.4501  +0.0675  +0.0972
    t+4   | +0.3009  +0.5273  -0.8057  +0.4893  +0.0291  +0.1505
[23:54:34] # 1614 [bench] e2e=  989.6ms  infer=  986.3ms  cap=  3.0ms
    t+0   | +0.1860  +0.0264  -0.1543  +0.2688  +0.1617  +0.0340
    t+1   | +0.2140  +0.0701  -0.1945  +0.2767  +0.1286  +0.1674
    t+2   | +0.2037  +0.0890  -0.1684  +0.2711  +0.1316  +0.0956
    t+3   | +0.2324  +0.0925  -0.1691  +0.3254  +0.1488  +0.0649
    t+4   | +0.3068  +0.1384  -0.2207  +0.3758  +0.1272  +0.0870
[23:54:35] # 1615 [bench] e2e=  975.7ms  infer=  973.2ms  cap=  2.3ms
    t+0   | +0.2252  +0.0520  -0.2013  +0.3799  +0.3033  -0.2421
    t+1   | +0.2412  +0.0833  -0.2159  +0.3963  +0.2642  -0.0946
    t+2   | +0.2260  +0.1113  -0.2207  +0.3879  +0.4565  -0.0584
    t+3   | +0.2183  +0.1548  -0.2933  +0.3732  +0.4900  -0.0814
    t+4   | +0.1739  +0.1955  -0.3011  +0.3627  +0.6222  -0.1159
[23:54:36] # 1616 [bench] e2e=  997.0ms  infer=  994.6ms  cap=  2.3ms
    t+0   | +0.0952  +0.1146  -0.5651  +0.4378  +0.1206  -0.1049
    t+1   | +0.1433  +0.1062  -0.4597  +0.3772  +0.1234  -0.0833
    t+2   | +0.1688  +0.1213  -0.4255  +0.3555  +0.1563  +0.0201
    t+3   | +0.2478  +0.1649  -0.3889  +0.3685  +0.1304  +0.0640
    t+4   | +0.2735  +0.2154  -0.4320  +0.4040  +0.1566  +0.1844
[23:54:37] # 1617 [bench] e2e=  980.0ms  infer=  977.5ms  cap=  2.3ms
    t+0   | +0.2048  -0.0414  -0.0277  +0.2759  +0.2094  -0.3897
    t+1   | +0.2091  -0.0201  -0.0306  +0.2885  +0.1740  -0.2522
    t+2   | +0.2079  +0.0047  -0.0644  +0.2819  +0.2067  -0.1323
    t+3   | +0.2194  +0.0385  -0.1108  +0.2861  +0.2070  +0.0102
    t+4   | +0.1591  +0.0914  -0.1450  +0.2925  +0.2084  -0.0653
[23:54:38] # 1618 [bench] e2e=  988.6ms  infer=  986.1ms  cap=  2.3ms
    t+0   | +0.1241  +0.0769  -0.2614  +0.3589  -0.0875  -0.0568
    t+1   | +0.1595  +0.0640  -0.1867  +0.3273  -0.0669  +0.0019
    t+2   | +0.1918  +0.0502  -0.1455  +0.2753  -0.0071  -0.0389
    t+3   | +0.2095  +0.0277  -0.1092  +0.2468  +0.0415  -0.0828
    t+4   | +0.2389  +0.0265  -0.1293  +0.2480  +0.0858  -0.0221
[23:54:39] # 1619 [bench] e2e=  984.8ms  infer=  980.7ms  cap=  3.9ms
    t+0   | +0.0660  +0.0544  -0.2620  +0.2705  +0.1088  -0.3638
    t+1   | +0.0460  +0.1255  -0.3174  +0.2847  +0.1291  -0.2354
    t+2   | +0.1078  +0.1933  -0.3026  +0.3177  +0.1655  -0.0525
    t+3   | +0.1082  +0.2554  -0.3273  +0.3426  +0.2559  -0.0343
    t+4   | +0.1365  +0.2155  -0.3424  +0.3309  +0.2258  +0.0398
[23:54:40] # 1620 [bench] e2e=  989.0ms  infer=  984.7ms  cap=  4.2ms
    t+0   | -0.0134  -0.0301  -0.1012  +0.2351  -0.0232  -0.1737
    t+1   | +0.0876  +0.0129  -0.1259  +0.2496  -0.0451  +0.1859
    t+2   | +0.1552  +0.0801  -0.1376  +0.2439  +0.0718  +0.3485
    t+3   | +0.1734  +0.1156  -0.1712  +0.2614  +0.0502  +0.2093
    t+4   | +0.1543  +0.1470  -0.2369  +0.3038  +0.0379  +0.2432
[23:54:41] # 1621 [bench] e2e= 1005.9ms  infer= 1002.4ms  cap=  3.3ms
    t+0   | +0.0771  +0.0941  -0.2860  +0.3924  +0.2890  +0.0097
    t+1   | +0.0531  +0.0610  -0.2393  +0.3520  +0.2404  -0.0772
    t+2   | +0.0722  +0.0325  -0.1974  +0.3105  +0.1942  -0.0187
    t+3   | +0.1017  +0.0176  -0.2136  +0.2785  +0.1910  +0.0277
    t+4   | +0.1465  +0.0492  -0.2177  +0.3114  +0.1780  +0.2229
[23:54:42] # 1622 [bench] e2e=  999.9ms  infer=  997.7ms  cap=  2.1ms
    t+0   | +0.0235  -0.1637  +0.0657  +0.1606  +0.5363  -0.2829
    t+1   | +0.1428  -0.0795  -0.0804  +0.2743  +0.3477  -0.2437
    t+2   | +0.1428  +0.0322  -0.1903  +0.3614  +0.3244  -0.2265
    t+3   | +0.1752  +0.0583  -0.2236  +0.3476  +0.2334  -0.2085
    t+4   | +0.1346  +0.0547  -0.2184  +0.3480  +0.2601  -0.2040
[23:54:43] # 1623 [bench] e2e=  997.0ms  infer=  994.4ms  cap=  2.4ms
    t+0   | +0.0953  +0.1540  -0.2118  +0.3228  +0.1975  +0.3651
    t+1   | +0.1317  +0.1581  -0.2212  +0.3206  +0.2357  +0.2981
    t+2   | +0.1175  +0.2062  -0.2671  +0.3200  +0.3606  +0.1034
    t+3   | +0.1440  +0.2373  -0.2849  +0.3407  +0.3249  +0.0772
    t+4   | +0.1529  +0.2155  -0.2851  +0.3690  +0.3802  +0.1333
[23:54:44] # 1624 [bench] e2e=  985.3ms  infer=  982.3ms  cap=  2.8ms
    t+0   | +0.1946  +0.0656  -0.1657  +0.2905  +0.1058  -0.1827
    t+1   | +0.1601  +0.0105  -0.1523  +0.2789  +0.0768  -0.0984
    t+2   | +0.1565  -0.0335  -0.1924  +0.3049  +0.0397  -0.1126
    t+3   | +0.1686  +0.0256  -0.2695  +0.3331  +0.0343  -0.1995
    t+4   | +0.1710  +0.0844  -0.3630  +0.3659  +0.0068  +0.1069
[23:54:45] # 1625 [bench] e2e=  994.3ms  infer=  991.2ms  cap=  2.8ms
    t+0   | +0.1561  +0.0954  -0.1956  +0.2999  +0.0411  -0.0281
    t+1   | +0.1701  +0.1283  -0.2360  +0.3222  +0.0270  +0.0757
    t+2   | +0.1568  +0.1788  -0.3130  +0.3716  +0.0194  +0.1538
    t+3   | +0.1444  +0.1841  -0.3936  +0.4169  -0.0335  +0.1965
    t+4   | +0.1261  +0.2204  -0.4579  +0.4782  -0.0408  +0.1662

  [live] after 1620 bench steps — e2e mean=989.8ms  |  max replan freq=1.01 Hz  |  max control freq=5.05 Hz (n_action_steps=5)

[23:54:46] # 1626 [bench] e2e=  976.0ms  infer=  973.6ms  cap=  2.3ms
    t+0   | +0.1954  +0.0271  -0.1524  +0.3070  +0.1030  -0.2365
    t+1   | +0.1877  +0.0468  -0.1726  +0.3291  +0.1074  -0.1327
    t+2   | +0.2287  +0.0748  -0.2096  +0.3712  +0.1847  -0.0575
    t+3   | +0.2072  +0.1283  -0.2706  +0.3938  +0.1894  -0.0369
    t+4   | +0.2441  +0.1518  -0.2572  +0.4278  +0.1866  -0.0419
[23:54:47] # 1627 [bench] e2e=  994.9ms  infer=  992.5ms  cap=  2.3ms
    t+0   | +0.3871  -0.0014  -0.0435  +0.3281  +0.2495  +0.1220
    t+1   | +0.2759  -0.0285  -0.0683  +0.3306  +0.0715  +0.0331
    t+2   | +0.1875  -0.0485  -0.0464  +0.3082  +0.0485  -0.0191
    t+3   | +0.1363  -0.0441  -0.0474  +0.2890  +0.0273  -0.0421
    t+4   | +0.1180  -0.0072  -0.1008  +0.3104  +0.0649  -0.0561
[23:54:48] # 1628 [bench] e2e=  997.2ms  infer=  994.5ms  cap=  2.6ms
    t+0   | +0.2575  +0.1682  -0.1783  +0.3257  +0.1510  +0.2818
    t+1   | +0.3491  +0.1704  -0.2008  +0.3543  +0.2184  +0.1670
    t+2   | +0.3479  +0.1648  -0.2151  +0.4149  +0.2618  +0.2148
    t+3   | +0.2323  +0.0665  -0.1503  +0.3685  +0.2657  +0.0924
    t+4   | +0.1742  +0.0599  -0.1340  +0.3837  +0.2644  +0.0520
[23:54:49] # 1629 [bench] e2e=  993.9ms  infer=  991.5ms  cap=  2.3ms
    t+0   | -0.0109  -0.2003  -0.0776  +0.1603  +0.0201  -0.6180
    t+1   | +0.0268  -0.0280  -0.2062  +0.2128  +0.0088  -0.3953
    t+2   | +0.0331  +0.1773  -0.3806  +0.2654  +0.0360  -0.2853
    t+3   | +0.0626  +0.2415  -0.4346  +0.2976  +0.0286  -0.1235
    t+4   | +0.0934  +0.2748  -0.4911  +0.3482  +0.0642  -0.1263
[23:54:50] # 1630 [bench] e2e=  973.8ms  infer=  971.4ms  cap=  2.2ms
    t+0   | +0.2005  +0.1242  -0.2440  +0.3483  +0.2035  +0.2980
    t+1   | +0.1861  +0.0941  -0.2081  +0.3213  +0.0830  +0.3215
    t+2   | +0.0638  +0.1699  -0.3276  +0.3655  +0.0104  +0.2805
    t+3   | +0.0764  +0.1611  -0.3174  +0.3574  -0.0128  +0.3183
    t+4   | +0.0590  +0.1770  -0.3616  +0.3676  -0.0215  +0.6087
[23:54:51] # 1631 [bench] e2e=  985.3ms  infer=  982.8ms  cap=  2.3ms
    t+0   | +0.1527  +0.0252  -0.2202  +0.3050  +0.1120  +0.0709
    t+1   | +0.2135  +0.0328  -0.2535  +0.2974  +0.0858  +0.3213
    t+2   | +0.2211  +0.0702  -0.2748  +0.3469  +0.1351  +0.3492
    t+3   | +0.2057  +0.0233  -0.2429  +0.3273  +0.1097  +0.2215
    t+4   | +0.1858  -0.0533  -0.2096  +0.3132  +0.0448  +0.1338
[23:54:52] # 1632 [bench] e2e=  996.3ms  infer=  993.8ms  cap=  2.3ms
    t+0   | +0.1817  +0.0758  -0.1260  +0.2919  +0.0491  +0.3442
    t+1   | +0.1729  +0.2214  -0.2561  +0.3373  +0.1025  +0.3308
    t+2   | +0.1882  +0.2292  -0.3049  +0.3560  +0.0708  +0.2471
    t+3   | +0.1917  +0.2165  -0.3176  +0.3575  +0.0649  +0.1980
    t+4   | +0.1671  +0.2204  -0.3007  +0.3645  +0.0826  +0.1979
[23:54:53] # 1633 [bench] e2e=  996.7ms  infer=  994.2ms  cap=  2.4ms
    t+0   | +0.0789  -0.1376  +0.0561  +0.1788  +0.2481  -0.6945
    t+1   | +0.1267  -0.0815  +0.0052  +0.2132  +0.2021  -0.6786
    t+2   | +0.1967  -0.0045  -0.0601  +0.2402  +0.1502  -0.7437
    t+3   | +0.1961  +0.0431  -0.1552  +0.2697  +0.0965  -0.7702
    t+4   | +0.1811  +0.0942  -0.2030  +0.2921  +0.0722  -0.7952
[23:54:54] # 1634 [bench] e2e= 1001.6ms  infer=  998.0ms  cap=  3.4ms
    t+0   | +0.4947  +0.1172  -0.2587  +0.3955  +0.3175  +0.1816
    t+1   | +0.4985  +0.1350  -0.2955  +0.3573  +0.3594  +0.1325
    t+2   | +0.4079  +0.1664  -0.2935  +0.3242  +0.2806  +0.0896
    t+3   | +0.3126  +0.1751  -0.2819  +0.3333  +0.2142  +0.0340
    t+4   | +0.2903  +0.1755  -0.3104  +0.3318  +0.2132  +0.0269
[23:54:55] # 1635 [bench] e2e=  996.5ms  infer=  993.5ms  cap=  2.8ms
    t+0   | +0.1170  +0.0993  -0.3528  +0.4336  +0.0803  -0.0184
    t+1   | +0.1028  +0.0386  -0.3342  +0.3985  +0.0713  -0.0805
    t+2   | +0.0676  +0.0072  -0.3169  +0.3583  +0.0326  -0.0712
    t+3   | -0.0150  +0.0597  -0.3288  +0.3481  +0.0187  +0.0640
    t+4   | -0.0114  +0.0618  -0.3109  +0.3130  +0.0347  +0.0425
[23:54:56] # 1636 [bench] e2e= 1002.3ms  infer=  999.2ms  cap=  2.9ms
    t+0   | +0.1363  +0.1930  -0.3689  +0.4406  +0.1983  +0.0373
    t+1   | +0.1024  +0.2154  -0.4153  +0.4362  +0.2649  -0.0273
    t+2   | +0.0846  +0.2175  -0.3996  +0.4172  +0.2141  -0.0070
    t+3   | +0.0394  +0.2636  -0.4609  +0.4566  +0.1414  +0.1347
    t+4   | +0.0693  +0.2633  -0.4626  +0.4623  +0.1065  +0.2306
[23:54:57] # 1637 [bench] e2e=  985.1ms  infer=  982.0ms  cap=  2.9ms
    t+0   | +0.2149  +0.0180  -0.0786  +0.4010  +0.4867  +0.2805
    t+1   | +0.2296  +0.0865  -0.1429  +0.4235  +0.4251  +0.1978
    t+2   | +0.2426  +0.1241  -0.2094  +0.4049  +0.3358  +0.0831
    t+3   | +0.2323  +0.1345  -0.2241  +0.3971  +0.2817  +0.0124
    t+4   | +0.2286  +0.1753  -0.2997  +0.4442  +0.3140  +0.0118
[23:54:58] # 1638 [bench] e2e=  990.1ms  infer=  986.8ms  cap=  3.1ms
    t+0   | +0.2068  +0.1102  -0.1758  +0.3172  +0.1215  +0.2248
    t+1   | +0.2517  +0.1450  -0.2442  +0.3589  +0.1693  +0.1608
    t+2   | +0.1810  +0.1562  -0.3171  +0.3589  +0.1686  +0.1128
    t+3   | +0.0923  +0.1437  -0.3035  +0.3461  +0.2495  +0.0709
    t+4   | +0.0405  +0.1302  -0.2857  +0.3397  +0.3509  +0.0315
[23:54:59] # 1639 [bench] e2e=  988.3ms  infer=  985.7ms  cap=  2.4ms
    t+0   | -0.1246  +0.0329  -0.1521  +0.2528  +0.5138  -0.0882
    t+1   | -0.0976  +0.0449  -0.1821  +0.2647  +0.7028  +0.1174
    t+2   | -0.0006  +0.0666  -0.2220  +0.2682  +0.5929  +0.0656
    t+3   | +0.0254  +0.0614  -0.2261  +0.2590  +0.4367  -0.0166
    t+4   | +0.0726  +0.0643  -0.2457  +0.2954  +0.4138  +0.0215
[23:55:00] # 1640 [bench] e2e=  977.5ms  infer=  974.8ms  cap=  2.5ms
    t+0   | +0.3693  +0.1625  -0.2752  +0.3990  +0.0418  +0.1555
    t+1   | +0.3195  +0.1354  -0.2503  +0.3942  +0.0969  +0.0075
    t+2   | +0.2677  +0.1130  -0.2667  +0.4446  +0.1350  -0.0651
    t+3   | +0.2292  +0.0962  -0.2661  +0.4681  +0.1359  -0.0378
    t+4   | +0.1961  +0.1018  -0.3021  +0.4780  +0.1530  -0.1001
[23:55:01] # 1641 [bench] e2e=  990.7ms  infer=  988.1ms  cap=  2.5ms
    t+0   | +0.0893  -0.1087  -0.0528  +0.2759  +0.1335  +0.1533
    t+1   | +0.0860  -0.0511  -0.1237  +0.3162  +0.1222  +0.1619
    t+2   | +0.1247  +0.0174  -0.1946  +0.3103  +0.1062  +0.2220
    t+3   | +0.1151  +0.0683  -0.2599  +0.3344  +0.0633  +0.1439
    t+4   | +0.1748  +0.1386  -0.2922  +0.3859  +0.0443  +0.2430
[23:55:02] # 1642 [bench] e2e=  996.7ms  infer=  992.8ms  cap=  3.7ms
    t+0   | +0.2273  +0.2355  -0.2413  +0.3012  +0.1989  +0.1527
    t+1   | +0.2420  +0.2326  -0.2741  +0.2888  +0.0792  +0.3668
    t+2   | +0.1563  +0.3079  -0.3891  +0.3193  +0.0195  +0.3204
    t+3   | +0.1567  +0.2995  -0.3531  +0.3573  +0.0116  +0.3187
    t+4   | +0.1655  +0.2823  -0.3724  +0.3471  +0.0269  +0.3759
[23:55:03] # 1643 [bench] e2e=  972.6ms  infer=  969.9ms  cap=  2.5ms
    t+0   | +0.1465  +0.0684  -0.2023  +0.3197  +0.1790  -0.1936
    t+1   | +0.0780  +0.1140  -0.2241  +0.3269  +0.2250  -0.1519
    t+2   | +0.0724  +0.1282  -0.2968  +0.3045  +0.2304  -0.1174
    t+3   | +0.1248  +0.1470  -0.3401  +0.3155  +0.2077  -0.1145
    t+4   | +0.1422  +0.1755  -0.3484  +0.3001  +0.2425  -0.0702
[23:55:04] # 1644 [bench] e2e=  990.5ms  infer=  988.1ms  cap=  2.3ms
    t+0   | +0.2271  +0.2698  -0.2862  +0.3717  +0.3455  +0.1789
    t+1   | +0.2172  +0.1513  -0.2158  +0.3149  +0.1684  +0.1779
    t+2   | +0.1562  +0.0988  -0.1831  +0.3161  +0.1571  +0.1264
    t+3   | +0.1419  +0.0948  -0.2249  +0.3544  +0.1681  +0.0832
    t+4   | +0.1660  +0.0996  -0.2538  +0.3611  +0.1806  +0.0167
[23:55:05] # 1645 [bench] e2e=  971.3ms  infer=  967.9ms  cap=  3.2ms
    t+0   | +0.1089  -0.0592  -0.1811  +0.3532  +0.2351  -0.0274
    t+1   | +0.1740  -0.0631  -0.2022  +0.3473  +0.2572  -0.0726
    t+2   | +0.2009  -0.0337  -0.2142  +0.3453  +0.2684  -0.1105
    t+3   | +0.1781  +0.0480  -0.2763  +0.3708  +0.2796  -0.0877
    t+4   | +0.1919  +0.1281  -0.3223  +0.4061  +0.3196  -0.0381

  [live] after 1640 bench steps — e2e mean=989.7ms  |  max replan freq=1.01 Hz  |  max control freq=5.05 Hz (n_action_steps=5)

[23:55:06] # 1646 [bench] e2e=  973.3ms  infer=  970.4ms  cap=  2.8ms
    t+0   | +0.2282  +0.1184  -0.2432  +0.3589  +0.0439  +0.1250
    t+1   | +0.1929  +0.1732  -0.3361  +0.3675  +0.0304  +0.3212
    t+2   | +0.1714  +0.2405  -0.4172  +0.3856  +0.1200  +0.2498
    t+3   | +0.1987  +0.2819  -0.3867  +0.4137  +0.1011  +0.2630
    t+4   | +0.1873  +0.2194  -0.3382  +0.3992  +0.0829  +0.2517
[23:55:07] # 1647 [bench] e2e=  975.3ms  infer=  972.3ms  cap=  2.8ms
    t+0   | +0.1576  +0.4092  -0.6055  +0.4398  -0.0279  +0.3149
    t+1   | +0.1356  +0.3593  -0.5403  +0.3770  +0.0538  +0.1351
    t+2   | +0.1573  +0.2734  -0.4517  +0.3386  +0.1554  +0.0236
    t+3   | +0.1897  +0.2572  -0.4175  +0.3446  +0.2347  +0.0358
    t+4   | +0.1815  +0.2742  -0.4149  +0.3663  +0.2946  +0.0194
[23:55:08] # 1648 [bench] e2e=  978.3ms  infer=  974.6ms  cap=  3.5ms
    t+0   | +0.1848  +0.0676  -0.2997  +0.4506  +0.1246  +0.4647
    t+1   | +0.1249  +0.0662  -0.2820  +0.4452  +0.3097  +0.3538
    t+2   | +0.0973  +0.0796  -0.2616  +0.4158  +0.3483  +0.2148
    t+3   | +0.1254  +0.0486  -0.2202  +0.3749  +0.3439  +0.1283
    t+4   | +0.1757  +0.0544  -0.2146  +0.3533  +0.2941  +0.1300
[23:55:09] # 1649 [bench] e2e=  971.8ms  infer=  968.8ms  cap=  2.8ms
    t+0   | +0.2026  +0.1245  -0.1978  +0.3136  +0.0276  +0.1462
    t+1   | +0.1341  +0.1862  -0.2677  +0.3266  +0.0557  +0.1668
    t+2   | +0.1529  +0.1731  -0.2581  +0.3414  +0.0337  +0.3090
    t+3   | +0.1526  +0.2052  -0.2958  +0.3851  +0.0888  +0.3225
    t+4   | +0.2456  +0.1744  -0.3131  +0.4294  +0.0450  +0.8764
[23:55:10] # 1650 [bench] e2e=  990.9ms  infer=  987.2ms  cap=  3.5ms
    t+0   | +0.2563  +0.0822  -0.2776  +0.3759  +0.1847  -0.0713
    t+1   | +0.2767  +0.0639  -0.2768  +0.4219  +0.2518  -0.1734
    t+2   | +0.2017  +0.0888  -0.3406  +0.4314  +0.1626  -0.1382
    t+3   | +0.1533  +0.2339  -0.5291  +0.4347  +0.0734  -0.0819
    t+4   | +0.2396  +0.2942  -0.5540  +0.4582  +0.0995  -0.0169
[23:55:11] # 1651 [bench] e2e=  978.1ms  infer=  975.3ms  cap=  2.7ms
    t+0   | +0.1439  +0.1984  -0.2729  +0.3620  +0.0850  +0.2342
    t+1   | +0.2368  +0.2600  -0.3154  +0.3810  +0.0943  +0.1991
    t+2   | +0.2535  +0.2811  -0.2970  +0.3608  +0.0966  +0.1122
    t+3   | +0.1581  +0.2593  -0.3048  +0.3336  +0.1158  +0.6331
    t+4   | +0.1545  +0.2819  -0.3079  +0.3535  +0.1162  +0.7231
[23:55:12] # 1652 [bench] e2e=  994.7ms  infer=  991.7ms  cap=  2.9ms
    t+0   | +0.0934  +0.0610  -0.2462  +0.4055  +0.2089  +0.1996
    t+1   | +0.0198  +0.0724  -0.2605  +0.3962  +0.2270  +0.0792
    t+2   | +0.0052  +0.0678  -0.2723  +0.4249  +0.3522  -0.0050
    t+3   | +0.0713  +0.0978  -0.3225  +0.4640  +0.4406  -0.0354
    t+4   | +0.1225  +0.1365  -0.3551  +0.4767  +0.4335  -0.0219
[23:55:13] # 1653 [bench] e2e=  975.1ms  infer=  972.8ms  cap=  2.1ms
    t+0   | +0.1981  +0.0178  -0.1151  +0.3209  +0.1561  -0.1701
    t+1   | +0.0630  +0.1599  -0.2187  +0.4234  +0.5353  +0.1551
    t+2   | +0.1185  +0.1216  -0.2008  +0.3931  +0.4153  +0.0481
    t+3   | +0.1366  +0.0841  -0.1778  +0.3654  +0.4085  -0.2183
    t+4   | +0.1083  +0.0055  -0.1340  +0.3163  +0.3147  -0.2156
[23:55:14] # 1654 [bench] e2e=  973.8ms  infer=  971.5ms  cap=  2.1ms
    t+0   | +0.0146  -0.0532  -0.0304  +0.2258  +0.0432  -0.0693
    t+1   | -0.0439  -0.0001  -0.0228  +0.2173  +0.2083  -0.1080
    t+2   | -0.0157  +0.0460  -0.0430  +0.2171  +0.2283  +0.1637
    t+3   | +0.0084  +0.0844  -0.0594  +0.2485  +0.2457  +0.4850
    t+4   | +0.0147  +0.1315  -0.0999  +0.2913  +0.3745  +0.5029
[23:55:15] # 1655 [bench] e2e=  975.0ms  infer=  972.0ms  cap=  2.7ms
    t+0   | +0.3588  +0.2875  -0.6058  +0.4547  +0.0011  +0.4517
    t+1   | +0.3640  +0.2434  -0.5236  +0.4288  +0.1735  +0.1215
    t+2   | +0.2967  +0.1906  -0.4620  +0.3787  +0.2443  -0.0460
    t+3   | +0.2475  +0.2214  -0.4559  +0.3851  +0.2849  +0.0323
    t+4   | +0.2522  +0.2145  -0.4196  +0.3733  +0.2553  +0.0756
[23:55:16] # 1656 [bench] e2e=  994.8ms  infer=  991.2ms  cap=  3.5ms
    t+0   | +0.2037  -0.0835  -0.0608  +0.2897  +0.1502  +0.0421
    t+1   | +0.1903  -0.0134  -0.1171  +0.3471  +0.1237  -0.0294
    t+2   | +0.1469  +0.0539  -0.2422  +0.3917  +0.0387  -0.0459
    t+3   | +0.1683  +0.0693  -0.2884  +0.3971  +0.0280  +0.0524
    t+4   | +0.1309  +0.0764  -0.3396  +0.4060  +0.0282  +0.0094
[23:55:17] # 1657 [bench] e2e=  972.0ms  infer=  969.4ms  cap=  2.5ms
    t+0   | +0.1737  +0.0027  -0.1364  +0.2941  +0.0597  -0.0113
    t+1   | +0.1505  +0.0605  -0.1947  +0.3185  +0.1013  +0.1153
    t+2   | +0.1562  +0.0529  -0.1664  +0.3021  +0.0563  +0.1200
    t+3   | +0.1578  +0.0567  -0.1745  +0.3226  +0.0632  +0.1400
    t+4   | +0.1652  +0.0793  -0.2016  +0.3525  +0.0389  +0.1124
[23:55:18] # 1658 [bench] e2e=  995.1ms  infer=  991.5ms  cap=  3.4ms
    t+0   | -0.1131  -0.0410  -0.1878  +0.2007  +0.1174  -0.1307
    t+1   | -0.1020  -0.0280  -0.2156  +0.2393  +0.1231  -0.0651
    t+2   | -0.0166  -0.0292  -0.1442  +0.2575  +0.1027  +0.0006
    t+3   | -0.0067  +0.0288  -0.1647  +0.2820  +0.0760  +0.2572
    t+4   | +0.0407  +0.0524  -0.1929  +0.3126  +0.0505  +0.3760
[23:55:19] # 1659 [bench] e2e=  980.3ms  infer=  977.3ms  cap=  2.9ms
    t+0   | +0.5179  +0.3842  -0.4775  +0.4692  +0.2128  +0.0111
    t+1   | +0.4831  +0.4541  -0.5731  +0.4740  +0.2791  -0.0482
    t+2   | +0.3847  +0.3897  -0.5121  +0.4451  +0.3090  +0.0474
    t+3   | +0.3478  +0.3318  -0.4507  +0.4351  +0.3627  +0.0513
    t+4   | +0.2750  +0.2947  -0.3985  +0.4174  +0.4631  +0.0428
[23:55:20] # 1660 [bench] e2e=  998.6ms  infer=  995.8ms  cap=  2.6ms
    t+0   | +0.1365  +0.0096  -0.1937  +0.2843  +0.1730  +0.1602
    t+1   | +0.1479  -0.0502  -0.1739  +0.2712  +0.2247  +0.1038
    t+2   | +0.1548  -0.0827  -0.1584  +0.3070  +0.2385  +0.2880
    t+3   | +0.1877  -0.0892  -0.1434  +0.3284  +0.2445  +0.5729
    t+4   | +0.2324  -0.0682  -0.1341  +0.3429  +0.2949  +0.5189
[23:55:21] # 1661 [bench] e2e=  983.9ms  infer=  981.0ms  cap=  2.7ms
    t+0   | +0.3646  +0.1618  -0.2399  +0.3467  +0.0245  -0.0446
    t+1   | +0.3998  +0.0794  -0.1212  +0.3608  +0.2902  -0.0714
    t+2   | +0.3591  +0.0342  -0.0905  +0.3563  +0.3955  -0.1724
    t+3   | +0.3082  -0.0068  -0.0664  +0.3437  +0.4694  -0.2204
    t+4   | +0.1851  -0.0425  -0.0162  +0.3410  +0.6189  -0.1960
[23:55:22] # 1662 [bench] e2e=  993.8ms  infer=  991.5ms  cap=  2.1ms
    t+0   | +0.0058  +0.2386  -0.3226  +0.3782  +0.0856  +0.0117
    t+1   | -0.1663  +0.2020  -0.2960  +0.3311  +0.1091  -0.0259
    t+2   | -0.1288  +0.0778  -0.2242  +0.2664  +0.0904  -0.1274
    t+3   | -0.0742  +0.0505  -0.2005  +0.2817  +0.0769  -0.2453
    t+4   | -0.0452  +0.1147  -0.2253  +0.3170  +0.0556  -0.2192
[23:55:22] # 1663 [bench] e2e=  974.6ms  infer=  972.3ms  cap=  2.1ms
    t+0   | +0.1311  +0.1659  -0.2734  +0.3977  +0.1280  +0.4432
    t+1   | +0.0741  +0.1595  -0.3422  +0.4061  +0.1828  +0.1701
    t+2   | -0.0336  +0.1047  -0.2864  +0.3419  +0.2597  +0.0096
    t+3   | -0.1056  +0.0653  -0.2521  +0.3312  +0.2960  -0.0344
    t+4   | -0.0712  +0.1018  -0.2791  +0.3530  +0.2317  +0.0172
[23:55:23] # 1664 [bench] e2e=  995.8ms  infer=  993.6ms  cap=  2.1ms
    t+0   | +0.0575  +0.0670  -0.2273  +0.2420  +0.0881  -0.2668
    t+1   | +0.0047  +0.1100  -0.4340  +0.3164  +0.0117  -0.1057
    t+2   | +0.0831  +0.1341  -0.4434  +0.3537  +0.0183  +0.3470
    t+3   | +0.1376  +0.1211  -0.4173  +0.3830  +0.1644  +0.7499
    t+4   | +0.1700  +0.1362  -0.3948  +0.3573  +0.2035  +0.8534
[23:55:24] # 1665 [bench] e2e=  981.2ms  infer=  978.3ms  cap=  2.7ms
    t+0   | -0.1254  +0.1554  -0.1495  +0.2725  +0.3986  -0.0644
    t+1   | -0.0607  +0.2171  -0.2392  +0.3321  +0.3221  -0.0009
    t+2   | +0.0049  +0.2279  -0.2867  +0.3574  +0.3001  +0.0300
    t+3   | +0.0114  +0.1911  -0.3090  +0.3646  +0.2868  +0.0272
    t+4   | +0.0386  +0.1716  -0.2806  +0.3563  +0.2466  -0.0057

  [live] after 1660 bench steps — e2e mean=989.7ms  |  max replan freq=1.01 Hz  |  max control freq=5.05 Hz (n_action_steps=5)

[23:55:25] # 1666 [bench] e2e=  973.4ms  infer=  971.0ms  cap=  2.2ms
    t+0   | -0.0908  -0.0323  -0.1675  +0.2549  +0.0929  +0.2165
    t+1   | -0.0150  -0.0543  -0.1508  +0.2435  +0.0890  +0.1897
    t+2   | -0.0095  -0.0373  -0.1901  +0.3137  +0.1023  +0.1199
    t+3   | +0.0159  +0.0204  -0.2911  +0.3977  +0.1594  +0.1333
    t+4   | +0.0525  +0.0882  -0.3227  +0.4354  +0.1859  +0.1549
[23:55:26] # 1667 [bench] e2e=  975.4ms  infer=  972.5ms  cap=  2.7ms
    t+0   | +0.0935  +0.3053  -0.4884  +0.3736  -0.0357  +0.2103
    t+1   | +0.1216  +0.2832  -0.4095  +0.3383  +0.0231  +0.3900
    t+2   | +0.0830  +0.2749  -0.3382  +0.3124  +0.0785  +0.4188
    t+3   | +0.1197  +0.2558  -0.2962  +0.3317  +0.1370  +0.3441
    t+4   | +0.1310  +0.2846  -0.3152  +0.3512  +0.1217  +0.3987
[23:55:27] # 1668 [bench] e2e=  974.9ms  infer=  971.9ms  cap=  2.8ms
    t+0   | +0.1778  +0.0646  -0.1870  +0.2979  +0.0236  +0.0562
    t+1   | +0.0736  +0.1318  -0.2376  +0.3381  -0.1077  +0.0533
    t+2   | +0.0524  +0.2207  -0.3398  +0.3911  -0.1522  +0.0034
    t+3   | +0.0835  +0.2906  -0.3804  +0.4368  -0.1196  +0.1252
    t+4   | +0.1619  +0.3279  -0.3821  +0.4746  -0.0197  +0.1413
[23:55:28] # 1669 [bench] e2e=  986.5ms  infer=  984.2ms  cap=  2.2ms
    t+0   | +0.1783  -0.0587  -0.0959  +0.2849  +0.0917  -0.4183
    t+1   | +0.2059  -0.0378  -0.1258  +0.3106  +0.0656  -0.0770
    t+2   | +0.0203  +0.0504  -0.1921  +0.2894  +0.2265  +0.0780
    t+3   | +0.0023  +0.0229  -0.1638  +0.2623  +0.2424  +0.0716
    t+4   | -0.0148  -0.0568  -0.0813  +0.2433  +0.2228  +0.1284
[23:55:29] # 1670 [bench] e2e=  971.1ms  infer=  968.1ms  cap=  2.9ms
    t+0   | +0.1953  +0.2586  -0.3364  +0.4010  +0.1630  +0.1690
    t+1   | +0.1152  +0.2517  -0.3056  +0.3449  +0.1643  +0.0348
    t+2   | +0.0511  +0.2075  -0.3462  +0.3170  +0.0759  +0.0965
    t+3   | +0.0467  +0.1923  -0.3473  +0.2974  +0.0801  +0.1015
    t+4   | +0.0716  +0.1839  -0.3404  +0.2856  +0.1080  +0.1817
[23:55:30] # 1671 [bench] e2e=  974.9ms  infer=  971.2ms  cap=  3.5ms
    t+0   | -0.0133  -0.0234  -0.0162  +0.2259  +0.1102  -0.0337
    t+1   | -0.0399  -0.0018  -0.0500  +0.2500  +0.1145  -0.0906
    t+2   | -0.0556  -0.0412  -0.1131  +0.2910  +0.1510  -0.1261
    t+3   | +0.0371  -0.0261  -0.1517  +0.3263  +0.1488  +0.0169
    t+4   | +0.0852  -0.0306  -0.1350  +0.3218  +0.1544  +0.0640
[23:55:31] # 1672 [bench] e2e=  993.6ms  infer=  990.1ms  cap=  3.3ms
    t+0   | +0.1554  -0.0063  -0.0718  +0.2741  -0.0466  +0.3666
    t+1   | +0.1041  +0.0523  -0.1062  +0.3147  +0.0464  +0.3117
    t+2   | +0.0231  +0.1581  -0.2099  +0.3447  -0.0486  +0.1264
    t+3   | +0.0942  +0.1901  -0.2258  +0.3492  -0.0742  +0.1635
    t+4   | +0.0896  +0.1854  -0.2500  +0.3615  -0.1228  +0.1852
[23:55:32] # 1673 [bench] e2e=  996.4ms  infer=  993.4ms  cap=  2.8ms
    t+0   | +0.2106  +0.0378  -0.1215  +0.2581  -0.0065  +0.0722
    t+1   | +0.1664  +0.0696  -0.1342  +0.2741  +0.0805  +0.0787
    t+2   | +0.1095  +0.0933  -0.1989  +0.3099  +0.1261  +0.2903
    t+3   | +0.0826  +0.0889  -0.2368  +0.3341  +0.1051  +0.2570
    t+4   | +0.0249  +0.0832  -0.2357  +0.3168  +0.0741  +0.3620
[23:55:33] # 1674 [bench] e2e=  975.7ms  infer=  972.8ms  cap=  2.7ms
    t+0   | +0.0721  -0.0439  -0.3040  +0.2902  +0.0542  -0.0580
    t+1   | +0.0887  +0.0270  -0.2941  +0.3110  +0.2191  -0.0084
    t+2   | +0.0995  +0.1400  -0.3818  +0.3501  +0.0601  +0.1018
    t+3   | +0.1108  +0.1771  -0.4027  +0.3654  -0.0333  +0.1498
    t+4   | +0.1378  +0.2043  -0.4618  +0.4109  -0.0568  +0.2107
[23:55:34] # 1675 [bench] e2e=  975.2ms  infer=  972.7ms  cap=  2.4ms
    t+0   | +0.1934  +0.1185  -0.2449  +0.3758  +0.0475  +0.2018
    t+1   | +0.1995  +0.1124  -0.2662  +0.3819  +0.0127  +0.3176
    t+2   | +0.1797  +0.1008  -0.2587  +0.3634  -0.0072  +0.3906
    t+3   | +0.1469  +0.1083  -0.2034  +0.3578  +0.1166  +0.3551
    t+4   | +0.1111  +0.1134  -0.2082  +0.3491  +0.1479  +0.2217
[23:55:35] # 1676 [bench] e2e=  979.4ms  infer=  977.0ms  cap=  2.2ms
    t+0   | +0.0845  +0.0384  -0.2371  +0.2993  +0.1319  -0.0972
    t+1   | +0.0719  +0.0242  -0.2929  +0.2906  +0.0904  +0.0928
    t+2   | +0.1358  -0.0115  -0.2225  +0.3016  +0.1716  +0.1759
    t+3   | +0.1861  +0.0271  -0.1908  +0.3228  +0.1397  +0.1628
    t+4   | +0.2170  +0.0587  -0.2001  +0.3223  +0.1112  +0.1699
[23:55:36] # 1677 [bench] e2e=  984.8ms  infer=  982.0ms  cap=  2.7ms
    t+0   | +0.2338  +0.1413  -0.3171  +0.3562  +0.0103  +0.0376
    t+1   | +0.2302  +0.1296  -0.3422  +0.3321  +0.0573  -0.0861
    t+2   | +0.1940  +0.0837  -0.3150  +0.2633  +0.1903  -0.1347
    t+3   | +0.2012  +0.0808  -0.3123  +0.3016  +0.2376  -0.0695
    t+4   | +0.2035  +0.1123  -0.3485  +0.3260  +0.2426  -0.0410
[23:55:37] # 1678 [bench] e2e=  977.3ms  infer=  974.4ms  cap=  2.8ms
    t+0   | +0.2070  +0.2186  -0.2932  +0.3607  +0.0291  -0.0978
    t+1   | +0.2542  +0.2494  -0.3493  +0.3909  +0.0202  -0.0968
    t+2   | +0.2740  +0.2624  -0.3308  +0.3904  +0.2635  -0.1448
    t+3   | +0.2952  +0.2757  -0.3670  +0.3833  +0.2273  -0.1259
    t+4   | +0.2797  +0.2910  -0.3562  +0.4000  +0.2764  -0.1232
[23:55:38] # 1679 [bench] e2e=  975.7ms  infer=  972.8ms  cap=  2.7ms
    t+0   | +0.1334  -0.0242  -0.0606  +0.2153  +0.2367  -0.4632
    t+1   | +0.0923  -0.0172  -0.0876  +0.1935  +0.1401  -0.3251
    t+2   | +0.0543  -0.0218  -0.0965  +0.2029  +0.0606  -0.2065
    t+3   | +0.0214  +0.0075  -0.1704  +0.2473  +0.0726  -0.1875
    t+4   | +0.0316  +0.0348  -0.2230  +0.2499  +0.1135  -0.1934
[23:55:39] # 1680 [bench] e2e=  992.4ms  infer=  989.5ms  cap=  2.7ms
    t+0   | +0.1435  -0.0111  -0.1607  +0.3150  -0.0046  +0.2938
    t+1   | +0.0740  +0.0007  -0.1608  +0.3113  +0.0320  +0.1885
    t+2   | +0.0671  +0.0340  -0.1974  +0.3000  +0.0763  +0.1664
    t+3   | +0.0878  +0.0413  -0.1990  +0.3102  +0.0941  +0.1774
    t+4   | +0.1178  +0.0598  -0.2220  +0.3002  +0.0773  +0.1788
[23:55:40] # 1681 [bench] e2e=  985.1ms  infer=  981.7ms  cap=  3.2ms
    t+0   | -0.0336  -0.0844  -0.1488  +0.2423  +0.0215  -0.1540
    t+1   | -0.0280  -0.0696  -0.1406  +0.2090  +0.0397  -0.2857
    t+2   | +0.0189  -0.0395  -0.1335  +0.1797  +0.0221  -0.4662
    t+3   | +0.0340  +0.0291  -0.2298  +0.2030  -0.0331  -0.3191
    t+4   | +0.0408  +0.1588  -0.3119  +0.2561  -0.0587  -0.0106
[23:55:41] # 1682 [bench] e2e= 1018.0ms  infer= 1014.7ms  cap=  3.2ms
    t+0   | +0.2214  -0.0941  -0.0884  +0.3263  +0.2320  +0.0650
    t+1   | +0.2653  -0.0996  -0.1093  +0.3291  +0.2205  +0.1173
    t+2   | +0.2414  -0.0824  -0.1116  +0.2722  +0.1975  -0.0011
    t+3   | +0.2035  -0.0540  -0.1120  +0.2780  +0.1461  -0.0143
    t+4   | +0.1855  -0.0386  -0.1171  +0.2838  +0.1317  -0.0322
[23:55:42] # 1683 [bench] e2e=  987.2ms  infer=  984.6ms  cap=  2.4ms
    t+0   | +0.4515  +0.1177  -0.2768  +0.4027  +0.0577  +0.0587
    t+1   | +0.3906  +0.0623  -0.2210  +0.3647  +0.0648  +0.0425
    t+2   | +0.2806  +0.0079  -0.1689  +0.3445  +0.0636  -0.0700
    t+3   | +0.2464  +0.0368  -0.1956  +0.3402  +0.1256  -0.0774
    t+4   | +0.2849  +0.0801  -0.2303  +0.3675  +0.1951  -0.0116
[23:55:43] # 1684 [bench] e2e=  995.5ms  infer=  992.6ms  cap=  2.7ms
    t+0   | +0.2210  +0.0466  -0.1795  +0.3392  +0.0888  -0.0451
    t+1   | +0.1129  +0.0272  -0.1815  +0.3238  +0.0935  -0.1112
    t+2   | +0.0405  -0.0134  -0.1198  +0.2508  +0.1033  -0.1423
    t+3   | +0.0196  -0.0292  -0.0966  +0.2609  +0.1126  -0.1532
    t+4   | +0.0210  -0.0091  -0.1297  +0.2558  +0.0779  -0.0981
[23:55:44] # 1685 [bench] e2e=  977.9ms  infer=  975.1ms  cap=  2.6ms
    t+0   | +0.2877  +0.0597  -0.1461  +0.2944  +0.0987  +0.0056
    t+1   | +0.2294  +0.0847  -0.1884  +0.2972  +0.0979  +0.0626
    t+2   | +0.1644  +0.1603  -0.3168  +0.3243  +0.0802  +0.0669
    t+3   | +0.1584  +0.1964  -0.3013  +0.3430  +0.0710  +0.0888
    t+4   | +0.0759  +0.2347  -0.3445  +0.3871  +0.2178  +0.1303

  [live] after 1680 bench steps — e2e mean=989.6ms  |  max replan freq=1.01 Hz  |  max control freq=5.05 Hz (n_action_steps=5)

[23:55:45] # 1686 [bench] e2e=  989.8ms  infer=  986.7ms  cap=  2.9ms
    t+0   | +0.2456  +0.1416  -0.2335  +0.3909  -0.0065  +0.4986
    t+1   | +0.1441  +0.0887  -0.1861  +0.3552  +0.0658  +0.3442
    t+2   | +0.0889  +0.0274  -0.1807  +0.3263  +0.0631  +0.1468
    t+3   | +0.0956  -0.0002  -0.1463  +0.2958  +0.1332  +0.0888
    t+4   | +0.1221  +0.0086  -0.1208  +0.2869  +0.1293  -0.0282
[23:55:46] # 1687 [bench] e2e=  994.9ms  infer=  991.5ms  cap=  3.2ms
    t+0   | +0.1929  +0.0413  -0.1290  +0.3309  +0.4170  +0.2243
    t+1   | +0.2206  +0.0141  -0.1277  +0.3247  +0.4277  +0.1324
    t+2   | +0.2154  +0.0098  -0.1569  +0.3195  +0.5354  +0.0493
    t+3   | +0.2376  +0.0257  -0.1984  +0.3154  +0.5330  +0.0844
    t+4   | +0.2209  +0.0295  -0.1688  +0.3049  +0.5313  +0.1973
[23:55:47] # 1688 [bench] e2e=  993.1ms  infer=  990.9ms  cap=  2.0ms
    t+0   | +0.0413  +0.0011  -0.1392  +0.2458  +0.1125  +0.3605
    t+1   | +0.0229  -0.0221  -0.1206  +0.2370  +0.2359  +0.2369
    t+2   | +0.0624  +0.0244  -0.1443  +0.2634  +0.2118  +0.1598
    t+3   | +0.0761  +0.0672  -0.2330  +0.3380  +0.0965  +0.4436
    t+4   | +0.1157  +0.0789  -0.2380  +0.3635  +0.0943  +0.3486
[23:55:48] # 1689 [bench] e2e=  997.3ms  infer=  995.0ms  cap=  2.1ms
    t+0   | +0.3333  +0.2136  -0.2510  +0.2934  +0.0221  +0.2320
    t+1   | +0.2398  +0.1622  -0.1721  +0.2373  +0.0551  +0.1150
    t+2   | +0.1910  +0.1676  -0.1154  +0.1962  +0.0808  +0.2140
    t+3   | +0.1992  +0.2105  -0.1522  +0.1986  +0.0586  +0.4302
    t+4   | +0.1293  +0.2484  -0.1799  +0.2474  +0.1002  +0.3633
[23:55:49] # 1690 [bench] e2e=  996.3ms  infer=  993.9ms  cap=  2.2ms
    t+0   | +0.1434  +0.1255  -0.2455  +0.3384  +0.3657  +0.0652
    t+1   | +0.1011  +0.1212  -0.2594  +0.3487  +0.2895  +0.0487
    t+2   | +0.0470  +0.1423  -0.3040  +0.3696  +0.2827  +0.0196
    t+3   | +0.0783  +0.1727  -0.3342  +0.3546  +0.2445  +0.0966
    t+4   | +0.1303  +0.1789  -0.3088  +0.3334  +0.1883  +0.1501
[23:55:50] # 1691 [bench] e2e=  978.7ms  infer=  976.5ms  cap=  2.0ms
    t+0   | -0.0549  +0.1406  -0.2232  +0.2853  +0.1265  -0.4742
    t+1   | -0.0159  +0.0994  -0.1934  +0.3188  +0.1284  -0.1836
    t+2   | +0.0659  +0.0992  -0.1790  +0.3683  +0.1657  -0.0537
    t+3   | +0.1131  +0.0851  -0.1951  +0.3643  +0.1070  +0.0808
    t+4   | +0.1550  +0.1121  -0.2131  +0.3702  +0.0514  +0.3098
[23:55:51] # 1692 [bench] e2e=  991.4ms  infer=  988.9ms  cap=  2.3ms
    t+0   | +0.1444  +0.0452  -0.1748  +0.2809  +0.0191  +0.1254
    t+1   | +0.2071  +0.1153  -0.3216  +0.3376  -0.0400  +0.5605
    t+2   | +0.1322  +0.1650  -0.4023  +0.3486  -0.2078  +0.8163
    t+3   | +0.0974  +0.1756  -0.3850  +0.3480  -0.2028  +0.7611
    t+4   | +0.0827  +0.1624  -0.3583  +0.3035  -0.1220  +0.5169
[23:55:52] # 1693 [bench] e2e=  979.7ms  infer=  977.2ms  cap=  2.3ms
    t+0   | +0.2153  -0.0148  -0.1511  +0.2994  +0.0718  +0.1417
    t+1   | +0.1491  +0.0833  -0.2020  +0.3205  +0.1685  +0.0579
    t+2   | +0.0996  +0.1487  -0.1898  +0.2981  +0.1134  +0.0350
    t+3   | +0.0453  +0.1670  -0.1721  +0.2923  +0.1326  +0.0659
    t+4   | +0.0512  +0.1019  -0.1465  +0.2891  +0.0954  +0.0479
[23:55:53] # 1694 [bench] e2e=  988.4ms  infer=  985.3ms  cap=  2.8ms
    t+0   | +0.2849  +0.2288  -0.3320  +0.3622  +0.2463  -0.2543
    t+1   | +0.2115  +0.1291  -0.2446  +0.3266  +0.1200  -0.0561
    t+2   | +0.1817  +0.1066  -0.2478  +0.3354  +0.1465  -0.0439
    t+3   | +0.2364  +0.1525  -0.3111  +0.3419  +0.2467  +0.0337
    t+4   | +0.3045  +0.2028  -0.3684  +0.3689  +0.2732  +0.0040
[23:55:54] # 1695 [bench] e2e= 1003.1ms  infer= 1000.8ms  cap=  2.2ms
    t+0   | +0.1742  -0.1302  -0.0252  +0.2018  +0.0743  -0.6990
    t+1   | +0.0567  -0.1262  -0.0433  +0.1809  +0.0393  -0.5143
    t+2   | -0.0191  -0.0988  -0.0870  +0.2369  +0.0036  -0.3700
    t+3   | +0.0110  -0.0715  -0.1345  +0.2912  -0.0155  -0.0496
    t+4   | +0.0269  -0.0629  -0.1556  +0.2923  +0.0260  -0.1023
[23:55:55] # 1696 [bench] e2e=  979.3ms  infer=  976.5ms  cap=  2.6ms
    t+0   | +0.1593  +0.0237  -0.1140  +0.2663  +0.0480  -0.2914
    t+1   | +0.1406  +0.0060  -0.1069  +0.2652  +0.0715  -0.2762
    t+2   | +0.1952  +0.0237  -0.1400  +0.2953  +0.0951  +0.0717
    t+3   | +0.2164  +0.0354  -0.1690  +0.2952  +0.0434  +0.0857
    t+4   | +0.1693  +0.0655  -0.2060  +0.3140  +0.0050  +0.0565
[23:55:56] # 1697 [bench] e2e=  977.2ms  infer=  974.8ms  cap=  2.2ms
    t+0   | +0.4883  +0.3757  -0.6644  +0.5158  -0.0119  -0.3266
    t+1   | +0.3387  +0.4061  -0.6241  +0.5178  +0.0799  -0.2873
    t+2   | +0.2726  +0.4802  -0.6359  +0.5362  +0.0911  -0.2099
    t+3   | +0.2865  +0.4820  -0.6077  +0.5430  +0.1208  -0.0998
    t+4   | +0.3576  +0.5278  -0.6648  +0.5400  +0.1868  -0.0442
[23:55:57] # 1698 [bench] e2e=  997.5ms  infer=  994.3ms  cap=  3.0ms
    t+0   | +0.0747  +0.0717  -0.2714  +0.3769  -0.0344  -0.0803
    t+1   | +0.0456  +0.0979  -0.3550  +0.3999  -0.0182  -0.0325
    t+2   | +0.0760  +0.0934  -0.3396  +0.3624  +0.0277  +0.0418
    t+3   | +0.0290  -0.0196  -0.2184  +0.2987  +0.1656  +0.0161
    t+4   | -0.0161  -0.0224  -0.1986  +0.3107  +0.1960  -0.0376
[23:55:58] # 1699 [bench] e2e=  985.7ms  infer=  982.7ms  cap=  2.8ms
    t+0   | +0.2435  +0.0594  -0.1593  +0.3199  +0.0532  +0.1233
    t+1   | +0.2557  +0.0539  -0.1561  +0.3146  +0.0325  +0.1983
    t+2   | +0.2039  +0.0873  -0.1333  +0.3195  +0.0426  +0.1887
    t+3   | +0.1872  +0.1111  -0.1744  +0.3193  +0.0374  +0.2048
    t+4   | +0.1544  +0.1112  -0.1935  +0.3293  +0.1110  +0.1498
[23:55:59] # 1700 [bench] e2e=  972.7ms  infer=  970.5ms  cap=  2.1ms
    t+0   | -0.2178  -0.1939  -0.0406  +0.1652  +0.1888  -0.4830
    t+1   | -0.1966  -0.1796  -0.0803  +0.1806  +0.1262  -0.3366
    t+2   | -0.2688  -0.1281  -0.1151  +0.1905  +0.0413  -0.2883
    t+3   | -0.1713  -0.0887  -0.1257  +0.2152  -0.0238  +0.0081
    t+4   | -0.1295  -0.0535  -0.1413  +0.2460  -0.0590  +0.2040
[23:56:00] # 1701 [bench] e2e=  973.0ms  infer=  970.5ms  cap=  2.3ms
    t+0   | +0.1464  +0.2796  -0.3319  +0.2799  +0.0538  -0.0319
    t+1   | +0.1402  +0.2694  -0.2897  +0.2712  +0.0585  -0.0851
    t+2   | +0.2192  +0.2723  -0.2714  +0.3333  +0.0777  -0.0603
    t+3   | +0.3119  +0.3038  -0.3406  +0.3658  +0.0889  +0.4979
    t+4   | +0.3613  +0.2984  -0.3361  +0.3583  +0.2466  +0.5215
[23:56:01] # 1702 [bench] e2e=  989.6ms  infer=  986.9ms  cap=  2.6ms
    t+0   | +0.0730  +0.3226  -0.2743  +0.3164  +0.3308  +0.1750
    t+1   | +0.0713  +0.2741  -0.2672  +0.3048  +0.2614  +0.0535
    t+2   | +0.0718  +0.2582  -0.2950  +0.3418  +0.3665  +0.0440
    t+3   | +0.1351  +0.1746  -0.2565  +0.3628  +0.3583  +0.0793
    t+4   | +0.0994  +0.1699  -0.1994  +0.3510  +0.4714  +0.2282
[23:56:02] # 1703 [bench] e2e=  980.7ms  infer=  977.0ms  cap=  3.5ms
    t+0   | +0.2308  +0.0801  -0.2013  +0.3250  -0.1287  +0.0866
    t+1   | +0.2051  +0.0872  -0.1747  +0.3319  +0.0427  +0.1922
    t+2   | +0.1764  +0.1300  -0.2152  +0.3556  +0.0486  +0.4724
    t+3   | +0.2155  +0.1487  -0.2614  +0.3726  +0.1340  +0.2865
    t+4   | +0.2015  +0.1607  -0.2975  +0.3953  +0.0997  +0.3310
[23:56:03] # 1704 [bench] e2e=  993.1ms  infer=  989.7ms  cap=  3.3ms
    t+0   | +0.1524  +0.1264  -0.4152  +0.3706  +0.3407  -0.0943
    t+1   | +0.1729  +0.1344  -0.4258  +0.3514  +0.2661  -0.0660
    t+2   | +0.2199  +0.1493  -0.4347  +0.3224  +0.2421  -0.0516
    t+3   | +0.2087  +0.1280  -0.3439  +0.3099  +0.4159  -0.0803
    t+4   | +0.2258  +0.1705  -0.3423  +0.3459  +0.4655  -0.0447
[23:56:04] # 1705 [bench] e2e=  983.7ms  infer=  980.4ms  cap=  3.1ms
    t+0   | +0.5255  +0.3878  -0.4893  +0.4444  +0.4315  +0.4862
    t+1   | +0.3523  +0.2964  -0.3691  +0.3931  +0.4130  +0.1873
    t+2   | +0.1674  +0.2131  -0.2348  +0.3461  +0.3345  +0.1146
    t+3   | +0.1257  +0.1580  -0.2201  +0.3121  +0.3685  +0.0998
    t+4   | +0.0954  +0.1520  -0.1957  +0.3340  +0.2738  +0.1143

  [live] after 1700 bench steps — e2e mean=989.6ms  |  max replan freq=1.01 Hz  |  max control freq=5.05 Hz (n_action_steps=5)

[23:56:05] # 1706 [bench] e2e=  978.6ms  infer=  975.6ms  cap=  2.9ms
    t+0   | +0.1763  +0.0030  -0.1059  +0.2566  +0.0309  +0.1532
    t+1   | +0.1359  +0.0194  -0.1165  +0.2500  -0.0302  +0.0612
    t+2   | +0.1399  +0.0470  -0.1215  +0.2802  -0.0578  +0.0270
    t+3   | +0.1258  +0.0769  -0.1490  +0.2780  -0.0965  +0.0447
    t+4   | +0.0797  +0.0960  -0.1762  +0.2703  -0.0795  +0.0005
[23:56:06] # 1707 [bench] e2e=  974.6ms  infer=  972.4ms  cap=  2.1ms
    t+0   | +0.0517  -0.1053  -0.0176  +0.1856  +0.1323  -0.1769
    t+1   | +0.0205  -0.0986  -0.0132  +0.1881  +0.1852  -0.1486
    t+2   | +0.0363  +0.0022  -0.0606  +0.2163  +0.3675  -0.1155
    t+3   | +0.0650  +0.0391  -0.1456  +0.2368  +0.2856  -0.1126
    t+4   | +0.0967  +0.0852  -0.2542  +0.3133  +0.3565  -0.0348
[23:56:07] # 1708 [bench] e2e=  994.3ms  infer=  991.4ms  cap=  2.8ms
    t+0   | +0.0741  +0.0767  -0.1481  +0.2782  -0.0109  +0.2265
    t+1   | +0.0799  +0.0736  -0.1957  +0.2866  +0.0265  +0.1622
    t+2   | +0.0734  +0.0888  -0.2330  +0.3035  +0.0554  +0.2870
    t+3   | +0.0725  +0.1042  -0.2468  +0.3009  +0.1057  +0.3134
    t+4   | +0.0566  +0.1311  -0.2381  +0.3121  +0.0966  +0.2968
[23:56:08] # 1709 [bench] e2e=  973.3ms  infer=  970.4ms  cap=  2.7ms
    t+0   | +0.0978  +0.0740  -0.1831  +0.3329  +0.0531  -0.0327
    t+1   | +0.1359  +0.1413  -0.2256  +0.3601  +0.1895  -0.0489
    t+2   | +0.1939  +0.3009  -0.4146  +0.3955  +0.0606  +0.1280
    t+3   | +0.2270  +0.3164  -0.3983  +0.3954  +0.0478  +0.1855
    t+4   | +0.2487  +0.3333  -0.4142  +0.4046  +0.0800  +0.1391
[23:56:09] # 1710 [bench] e2e=  995.7ms  infer=  992.9ms  cap=  2.7ms
    t+0   | +0.0692  +0.0545  -0.2499  +0.2992  -0.0178  +0.0146
    t+1   | +0.0704  +0.0267  -0.2622  +0.3013  +0.0427  +0.0493
    t+2   | +0.0985  +0.0354  -0.2284  +0.3129  +0.0486  +0.0369
    t+3   | +0.1056  +0.0035  -0.1892  +0.3310  +0.0678  +0.1792
    t+4   | +0.1241  -0.0309  -0.1522  +0.3015  +0.0911  +0.0352
[23:56:10] # 1711 [bench] e2e=  997.1ms  infer=  993.9ms  cap=  3.0ms
    t+0   | +0.2177  +0.0923  -0.2664  +0.3577  +0.1672  -0.0648
    t+1   | +0.1512  +0.0431  -0.2485  +0.3005  +0.1684  -0.1300
    t+2   | +0.1217  +0.0033  -0.2201  +0.2765  +0.1479  -0.0753
    t+3   | +0.1012  -0.0176  -0.2055  +0.2903  +0.1880  -0.0355
    t+4   | +0.1130  +0.0380  -0.1978  +0.3017  +0.2096  -0.0480
[23:56:11] # 1712 [bench] e2e=  983.2ms  infer=  980.0ms  cap=  3.0ms
    t+0   | +0.1896  -0.1604  +0.0610  +0.3262  +0.6043  +0.2678
    t+1   | +0.1846  -0.1595  +0.0549  +0.2764  +0.4078  +0.1148
    t+2   | +0.1526  -0.1416  +0.0247  +0.2760  +0.3260  +0.0416
    t+3   | +0.1691  -0.0867  -0.0253  +0.2664  +0.2564  +0.0856
    t+4   | +0.1791  -0.0544  -0.1154  +0.3258  +0.1970  +0.0866
[23:56:12] # 1713 [bench] e2e=  977.8ms  infer=  974.9ms  cap=  2.7ms
    t+0   | +0.0609  -0.0044  -0.0556  +0.2309  +0.1890  -0.2090
    t+1   | +0.1294  +0.0787  -0.1369  +0.3056  +0.0853  -0.1234
    t+2   | +0.1102  +0.1682  -0.2470  +0.3636  +0.0097  +0.2138
    t+3   | +0.0108  +0.1918  -0.2787  +0.3692  +0.1310  +0.2685
    t+4   | -0.0030  +0.1887  -0.3109  +0.3766  +0.1118  +0.2731
[23:56:13] # 1714 [bench] e2e=  973.4ms  infer=  970.5ms  cap=  2.7ms
    t+0   | +0.2705  +0.2389  -0.3848  +0.4109  +0.0104  -0.1142
    t+1   | +0.2062  +0.1669  -0.3824  +0.3907  +0.0278  -0.0838
    t+2   | +0.1711  +0.1407  -0.4145  +0.3743  +0.0324  -0.0515
    t+3   | +0.1755  +0.1577  -0.4028  +0.3746  +0.0621  -0.0520
    t+4   | +0.1863  +0.1927  -0.5001  +0.4094  +0.0533  +0.0350
[23:56:14] # 1715 [bench] e2e=  973.8ms  infer=  970.1ms  cap=  3.6ms
    t+0   | +0.1691  +0.1756  -0.3134  +0.3828  +0.0475  -0.0745
    t+1   | +0.1033  +0.1223  -0.2689  +0.3540  +0.0399  -0.0327
    t+2   | +0.0978  +0.0796  -0.2373  +0.3280  +0.0390  +0.1122
    t+3   | +0.1365  +0.0551  -0.2085  +0.3011  +0.0329  +0.2608
    t+4   | +0.1623  +0.0459  -0.1891  +0.3033  +0.0220  +0.3286
[23:56:15] # 1716 [bench] e2e=  995.0ms  infer=  991.0ms  cap=  3.8ms
    t+0   | -0.0142  +0.1355  -0.3761  +0.2903  +0.1088  -0.4463
    t+1   | -0.0613  +0.1918  -0.4789  +0.2874  +0.1558  -0.3555
    t+2   | +0.0453  +0.2863  -0.5642  +0.3618  +0.2324  -0.2908
    t+3   | +0.1071  +0.2805  -0.4625  +0.3508  +0.2827  -0.1535
    t+4   | +0.0940  +0.2506  -0.4295  +0.3628  +0.3756  +0.1570
[23:56:16] # 1717 [bench] e2e=  979.8ms  infer=  977.1ms  cap=  2.4ms
    t+0   | -0.0096  -0.0851  -0.0394  +0.2012  -0.0013  -0.6769
    t+1   | -0.0087  -0.0740  -0.0218  +0.2225  +0.0681  -0.7255
    t+2   | +0.0253  -0.0397  -0.0801  +0.2677  +0.0814  -0.6995
    t+3   | +0.0451  -0.0265  -0.1508  +0.3208  +0.1335  -0.4343
    t+4   | +0.0649  -0.0058  -0.2045  +0.3791  +0.3305  -0.2099
[23:56:17] # 1718 [bench] e2e=  979.7ms  infer=  976.5ms  cap=  3.1ms
    t+0   | +0.2787  +0.1775  -0.2768  +0.3808  +0.2054  -0.0263
    t+1   | +0.1288  +0.1451  -0.2740  +0.3367  +0.1788  -0.1159
    t+2   | +0.1202  +0.1131  -0.2986  +0.3510  +0.1451  -0.0932
    t+3   | +0.1528  +0.1736  -0.3291  +0.3841  +0.1355  -0.1119
    t+4   | +0.1686  +0.2854  -0.3813  +0.4331  +0.1253  -0.0773
[23:56:18] # 1719 [bench] e2e=  971.4ms  infer=  968.6ms  cap=  2.6ms
    t+0   | +0.0915  -0.0544  -0.0618  +0.2038  +0.3015  -0.3544
    t+1   | +0.0571  +0.0051  -0.1338  +0.2267  +0.3425  -0.2958
    t+2   | +0.0585  +0.0613  -0.2002  +0.2391  +0.3003  -0.2481
    t+3   | +0.0765  +0.0746  -0.2176  +0.2370  +0.2503  -0.1807
    t+4   | +0.0583  +0.1132  -0.2599  +0.2726  +0.2623  -0.1644
[23:56:19] # 1720 [bench] e2e=  991.7ms  infer=  988.6ms  cap=  2.8ms
    t+0   | -0.1255  -0.0245  -0.4565  +0.4490  +0.0616  -0.4677
    t+1   | -0.2166  -0.0621  -0.2954  +0.4240  +0.2376  -0.2736
    t+2   | -0.1754  -0.1011  -0.1633  +0.3536  +0.2653  -0.0406
    t+3   | -0.1217  -0.0804  -0.1303  +0.3444  +0.2692  +0.1303
    t+4   | -0.0429  -0.0546  -0.1505  +0.3385  +0.2291  -0.0069
[23:56:20] # 1721 [bench] e2e=  972.4ms  infer=  970.6ms  cap=  1.6ms
    t+0   | +0.2253  +0.0651  -0.0829  +0.3106  +0.2548  -0.0087
    t+1   | +0.1847  +0.0453  -0.0878  +0.2606  +0.2335  -0.0918
    t+2   | +0.1859  +0.0463  -0.0974  +0.2297  +0.1426  -0.0358
    t+3   | +0.1637  +0.1030  -0.1165  +0.2476  +0.0182  +0.1038
    t+4   | +0.1587  +0.1664  -0.1337  +0.2818  -0.0442  +0.1224
[23:56:21] # 1722 [bench] e2e=  991.0ms  infer=  987.6ms  cap=  3.2ms
    t+0   | +0.2536  +0.2831  -0.4504  +0.4776  +0.0283  +0.1059
    t+1   | +0.2399  +0.2370  -0.5322  +0.5398  +0.0642  +0.2272
    t+2   | +0.3352  +0.2120  -0.4714  +0.5467  +0.3100  +0.2752
    t+3   | +0.4020  +0.2151  -0.4243  +0.5127  +0.2053  +0.2595
    t+4   | +0.4270  +0.1709  -0.3760  +0.5143  +0.3430  +0.2278
[23:56:22] # 1723 [bench] e2e=  980.5ms  infer=  977.1ms  cap=  3.2ms
    t+0   | +0.2170  +0.0400  -0.1329  +0.2892  +0.0585  +0.2047
    t+1   | +0.1601  +0.0068  -0.1164  +0.2539  +0.1204  +0.1029
    t+2   | +0.1246  +0.0133  -0.1471  +0.2394  +0.2092  -0.0095
    t+3   | +0.1268  +0.0149  -0.1498  +0.2528  +0.2085  -0.1065
    t+4   | +0.1638  +0.0119  -0.1308  +0.2714  +0.2127  -0.0861
[23:56:23] # 1724 [bench] e2e=  975.4ms  infer=  972.5ms  cap=  2.7ms
    t+0   | +0.0072  -0.0497  -0.0967  +0.2970  +0.2246  +0.0053
    t+1   | -0.0095  -0.1142  -0.0398  +0.2641  +0.1268  +0.0599
    t+2   | +0.0239  -0.1100  -0.0299  +0.2839  +0.0854  -0.0031
    t+3   | -0.0463  -0.1208  +0.0167  +0.2612  +0.1608  -0.1181
    t+4   | -0.0154  -0.0892  +0.0037  +0.2425  +0.1805  -0.1283
[23:56:24] # 1725 [bench] e2e=  977.1ms  infer=  974.2ms  cap=  2.7ms
    t+0   | +0.1118  -0.0962  -0.0669  +0.2445  +0.0675  -0.1501
    t+1   | +0.2052  +0.0414  -0.1777  +0.3204  +0.1326  +0.0011
    t+2   | +0.3082  +0.1604  -0.2210  +0.3525  +0.3412  +0.0323
    t+3   | +0.3614  +0.1864  -0.2467  +0.3694  +0.3050  +0.0787
    t+4   | +0.3596  +0.2170  -0.2375  +0.3951  +0.3221  +0.0070

  [live] after 1720 bench steps — e2e mean=989.5ms  |  max replan freq=1.01 Hz  |  max control freq=5.05 Hz (n_action_steps=5)

[23:56:25] # 1726 [bench] e2e=  971.3ms  infer=  968.9ms  cap=  2.3ms
    t+0   | -0.0808  +0.0765  -0.3088  +0.3873  +0.0355  +0.1683
    t+1   | -0.0744  +0.0934  -0.4095  +0.4158  +0.0710  +0.1853
    t+2   | +0.0242  +0.0991  -0.3808  +0.3916  +0.0806  +0.1975
    t+3   | +0.0521  +0.1790  -0.3648  +0.4246  +0.0668  +0.1479
    t+4   | +0.0522  +0.2405  -0.4058  +0.4266  +0.0165  +0.1656
[23:56:26] # 1727 [bench] e2e= 1017.6ms  infer= 1015.1ms  cap=  2.4ms
    t+0   | +0.2177  +0.0959  -0.1533  +0.2993  +0.0784  +0.0930
    t+1   | +0.2022  +0.1015  -0.1774  +0.3169  +0.0844  +0.0816
    t+2   | +0.2346  +0.1052  -0.2234  +0.3517  +0.1045  +0.1663
    t+3   | +0.2328  +0.1605  -0.2358  +0.3379  +0.0981  +0.2222
    t+4   | +0.2226  +0.1433  -0.2687  +0.3587  +0.0604  +0.1583
[23:56:27] # 1728 [bench] e2e= 1002.0ms  infer=  999.8ms  cap=  2.0ms
    t+0   | +0.1236  +0.0642  -0.3149  +0.2973  -0.0363  -0.1345
    t+1   | +0.0531  +0.0619  -0.3136  +0.2546  +0.0466  -0.2143
    t+2   | +0.0111  -0.0235  -0.2382  +0.2191  +0.2085  -0.2947
    t+3   | -0.0272  -0.1189  -0.1460  +0.2156  +0.3508  -0.3037
    t+4   | -0.0376  -0.1157  -0.1181  +0.2384  +0.2867  -0.2570
[23:56:28] # 1729 [bench] e2e= 1003.9ms  infer= 1000.9ms  cap=  2.8ms
    t+0   | +0.3433  +0.1135  -0.0702  +0.3395  +0.3689  +0.7858
    t+1   | +0.2929  +0.1430  -0.1012  +0.3465  +0.4263  +0.5438
    t+2   | +0.2109  +0.1117  -0.1337  +0.3191  +0.4152  +0.4920
    t+3   | +0.0866  +0.1081  -0.1590  +0.3039  +0.3387  +0.3850
    t+4   | +0.0081  +0.0792  -0.1551  +0.2892  +0.2489  +0.2299
[23:56:29] # 1730 [bench] e2e=  997.4ms  infer=  994.6ms  cap=  2.6ms
    t+0   | +0.4253  +0.1559  -0.3353  +0.4782  +0.5184  -0.2285
    t+1   | +0.3459  +0.1942  -0.3971  +0.4906  +0.4678  -0.2347
    t+2   | +0.2902  +0.2524  -0.4859  +0.4962  +0.3757  -0.2345
    t+3   | +0.2533  +0.2354  -0.5395  +0.5184  +0.2579  -0.2283
    t+4   | +0.2740  +0.2428  -0.5575  +0.5487  +0.2151  -0.2309
[23:56:30] # 1731 [bench] e2e= 1003.3ms  infer= 1001.1ms  cap=  2.1ms
    t+0   | +0.2999  +0.0574  -0.1634  +0.3148  +0.0828  -0.1531
    t+1   | +0.3352  +0.1010  -0.2430  +0.3646  +0.1094  -0.1026
    t+2   | +0.3118  +0.1143  -0.2355  +0.3655  +0.1701  -0.0511
    t+3   | +0.2789  +0.1066  -0.2339  +0.3637  +0.1407  -0.1029
    t+4   | +0.2631  +0.1469  -0.2370  +0.3539  +0.1238  -0.1026
[23:56:31] # 1732 [bench] e2e=  988.7ms  infer=  986.4ms  cap=  2.1ms
    t+0   | +0.1209  -0.0504  -0.1255  +0.2874  -0.0440  +0.0298
    t+1   | +0.1181  -0.0789  -0.1482  +0.3023  -0.0644  -0.0665
    t+2   | +0.0815  -0.0387  -0.2373  +0.3686  -0.0336  -0.1079
    t+3   | +0.1192  +0.0341  -0.2858  +0.4003  -0.0140  -0.0027
    t+4   | +0.1491  +0.1097  -0.2957  +0.4104  +0.1168  +0.1631
[23:56:32] # 1733 [bench] e2e=  981.9ms  infer=  979.6ms  cap=  2.1ms
    t+0   | +0.1724  -0.0182  -0.0788  +0.2715  +0.2700  -0.0790
    t+1   | +0.1577  +0.0023  -0.0955  +0.2989  +0.2885  -0.0915
    t+2   | +0.1551  -0.0144  -0.1162  +0.2747  +0.2988  +0.0114
    t+3   | +0.1453  -0.0346  -0.1885  +0.2868  +0.3325  -0.0416
    t+4   | +0.1733  +0.0020  -0.1963  +0.2807  +0.3211  -0.4034
[23:56:33] # 1734 [bench] e2e=  999.4ms  infer=  997.3ms  cap=  2.0ms
    t+0   | +0.1577  +0.0840  -0.2473  +0.3530  +0.1480  +0.1376
    t+1   | +0.1201  +0.0974  -0.2977  +0.3687  +0.1597  +0.0969
    t+2   | +0.0264  +0.1632  -0.3703  +0.3732  +0.4115  +0.1348
    t+3   | +0.0332  +0.1061  -0.2460  +0.3456  +0.4954  +0.1738
    t+4   | +0.0322  +0.0341  -0.0721  +0.3293  +0.7397  +0.2185
[23:56:34] # 1735 [bench] e2e=  998.2ms  infer=  995.1ms  cap=  2.8ms
    t+0   | +0.1281  +0.0789  -0.2030  +0.3075  +0.1117  +0.0112
    t+1   | +0.1284  +0.1072  -0.2595  +0.3215  +0.1636  +0.0229
    t+2   | +0.1317  +0.0900  -0.2666  +0.3235  +0.1743  -0.0147
    t+3   | +0.1350  +0.0281  -0.1834  +0.2973  +0.1365  +0.0065
    t+4   | +0.1295  -0.0178  -0.1126  +0.2564  +0.1924  +0.0106
[23:56:35] # 1736 [bench] e2e=  998.4ms  infer=  996.1ms  cap=  2.2ms
    t+0   | +0.2522  +0.1967  -0.2540  +0.3850  +0.0470  +0.3322
    t+1   | +0.1465  +0.2232  -0.2740  +0.3649  +0.2129  +0.2188
    t+2   | +0.1194  +0.1398  -0.1920  +0.3165  +0.1792  +0.3070
    t+3   | +0.0317  +0.0986  -0.1760  +0.2717  +0.1486  +0.1544
    t+4   | +0.0187  +0.1168  -0.1952  +0.2720  +0.1354  -0.3217
[23:56:36] # 1737 [bench] e2e=  995.2ms  infer=  992.3ms  cap=  2.7ms
    t+0   | +0.2209  +0.1312  -0.2350  +0.4005  +0.5208  -0.0264
    t+1   | +0.1777  +0.1267  -0.2202  +0.4099  +0.5187  +0.0579
    t+2   | +0.1452  +0.0990  -0.1716  +0.3717  +0.4465  +0.1060
    t+3   | +0.1074  +0.0628  -0.1629  +0.3353  +0.4388  +0.0632
    t+4   | +0.1589  +0.0611  -0.1645  +0.3165  +0.3579  +0.1071
[23:56:36] # 1738 [bench] e2e=  991.7ms  infer=  988.6ms  cap=  2.9ms
    t+0   | +0.0789  +0.0655  -0.1870  +0.2762  +0.2627  +0.0263
    t+1   | +0.0491  +0.1342  -0.2160  +0.2411  +0.2648  -0.0028
    t+2   | +0.0377  +0.1440  -0.2159  +0.2111  +0.1875  -0.0177
    t+3   | +0.0048  +0.1266  -0.2268  +0.2034  +0.0835  -0.0160
    t+4   | +0.0166  +0.1150  -0.2354  +0.2221  +0.0654  -0.0213
[23:56:38] # 1739 [bench] e2e= 1002.1ms  infer=  998.5ms  cap=  3.4ms
    t+0   | -0.1341  +0.1412  -0.3279  +0.4050  +0.1013  -0.1420
    t+1   | -0.0411  +0.2103  -0.3399  +0.4441  +0.1843  +0.2116
    t+2   | +0.0243  +0.2019  -0.3035  +0.4130  +0.3054  +0.0507
    t+3   | +0.0235  +0.1831  -0.2777  +0.3690  +0.3542  +0.0255
    t+4   | -0.0045  +0.2297  -0.3292  +0.3874  +0.3576  -0.2586
[23:56:39] # 1740 [bench] e2e=  998.9ms  infer=  995.3ms  cap=  3.4ms
    t+0   | +0.2058  +0.1432  -0.1697  +0.3610  +0.1757  +0.2199
    t+1   | +0.1208  +0.1552  -0.1608  +0.3267  +0.1924  -0.0099
    t+2   | +0.0494  +0.0497  -0.1181  +0.2461  +0.1319  -0.1260
    t+3   | +0.0581  -0.0028  -0.1350  +0.2215  +0.0628  -0.2048
    t+4   | +0.0712  -0.0042  -0.1446  +0.2524  +0.0947  -0.2971
[23:56:39] # 1741 [bench] e2e=  991.3ms  infer=  988.1ms  cap=  3.0ms
    t+0   | +0.1228  +0.1031  -0.2105  +0.2805  +0.1299  -0.1229
    t+1   | +0.0796  +0.0892  -0.2109  +0.2538  +0.0903  -0.1245
    t+2   | +0.0770  +0.1282  -0.3209  +0.2869  +0.1304  -0.0483
    t+3   | +0.1310  +0.1564  -0.3838  +0.3382  +0.1100  +0.1205
    t+4   | +0.1299  +0.2257  -0.4202  +0.3802  +0.0568  +0.2222
[23:56:40] # 1742 [bench] e2e=  997.1ms  infer=  994.3ms  cap=  2.7ms
    t+0   | -0.1062  -0.0237  -0.1897  +0.2203  +0.2727  -0.1476
    t+1   | -0.0190  -0.0042  -0.2276  +0.2560  +0.2669  +0.0330
    t+2   | +0.0472  -0.0287  -0.1826  +0.2376  +0.2101  +0.1243
    t+3   | +0.0099  -0.0664  -0.1367  +0.2118  +0.1664  +0.0901
    t+4   | +0.0032  -0.0625  -0.1399  +0.2025  +0.1878  -0.0614
[23:56:41] # 1743 [bench] e2e= 1004.1ms  infer= 1000.7ms  cap=  3.2ms
    t+0   | +0.2215  +0.0756  -0.1783  +0.3055  -0.0237  +0.1450
    t+1   | +0.3119  +0.1923  -0.3041  +0.4039  +0.1677  +0.2708
    t+2   | +0.2608  +0.2600  -0.4052  +0.4410  +0.2449  +0.4185
    t+3   | +0.2588  +0.2685  -0.5099  +0.4747  +0.3181  +0.5310
    t+4   | +0.2120  +0.2961  -0.5223  +0.4799  +0.2995  +0.5243
[23:56:42] # 1744 [bench] e2e=  995.1ms  infer=  992.8ms  cap=  2.2ms
    t+0   | +0.1685  +0.1384  -0.1184  +0.2473  +0.2868  +0.1762
    t+1   | +0.1190  +0.1511  -0.1188  +0.1992  +0.3031  +0.0209
    t+2   | +0.0980  +0.1363  -0.1393  +0.1955  +0.2576  +0.0777
    t+3   | +0.0611  +0.1115  -0.1743  +0.2574  +0.1746  +0.7510
    t+4   | +0.0805  +0.1158  -0.2059  +0.2739  +0.1688  +0.6156
[23:56:43] # 1745 [bench] e2e=  999.2ms  infer=  996.3ms  cap=  2.8ms
    t+0   | +0.0323  +0.0854  -0.4013  +0.3773  +0.2941  -0.1131
    t+1   | +0.1063  +0.0787  -0.3792  +0.3615  +0.2478  -0.1970
    t+2   | +0.1709  +0.1203  -0.3862  +0.3785  +0.2817  -0.1678
    t+3   | +0.2136  +0.1070  -0.3342  +0.3567  +0.2639  -0.1195
    t+4   | +0.2708  +0.0990  -0.3329  +0.3801  +0.3125  +0.1278

  [live] after 1740 bench steps — e2e mean=989.6ms  |  max replan freq=1.01 Hz  |  max control freq=5.05 Hz (n_action_steps=5)

[23:56:44] # 1746 [bench] e2e=  995.2ms  infer=  992.7ms  cap=  2.3ms
    t+0   | +0.2095  +0.0914  -0.3276  +0.4199  +0.0473  -0.1752
    t+1   | +0.1459  +0.1101  -0.2639  +0.3809  +0.1105  +0.0110
    t+2   | +0.1060  +0.1456  -0.3175  +0.3815  +0.1734  +0.2112
    t+3   | +0.1303  +0.1448  -0.3156  +0.3557  +0.1945  +0.2319
    t+4   | +0.1322  +0.1660  -0.2928  +0.3293  +0.1758  +0.1561
[23:56:45] # 1747 [bench] e2e=  994.3ms  infer=  991.4ms  cap=  2.7ms
    t+0   | +0.1905  +0.0247  -0.1631  +0.2947  +0.0699  -0.1241
    t+1   | +0.1700  +0.1253  -0.2273  +0.3404  +0.0549  -0.0559
    t+2   | +0.1552  +0.1969  -0.2863  +0.3782  +0.0580  +0.0028
    t+3   | +0.0820  +0.2125  -0.3282  +0.4116  +0.1703  +0.0808
    t+4   | +0.0882  +0.2544  -0.4809  +0.4892  +0.2579  +0.1317
[23:56:46] # 1748 [bench] e2e=  992.5ms  infer=  989.9ms  cap=  2.5ms
    t+0   | +0.2263  +0.1218  -0.2562  +0.3627  +0.2207  +0.0375
    t+1   | +0.1820  +0.0034  -0.1397  +0.2578  +0.1972  +0.0472
    t+2   | +0.1120  -0.1101  -0.0413  +0.1927  +0.1846  -0.0473
    t+3   | +0.0172  -0.1811  +0.0443  +0.1584  +0.2217  -0.2282
    t+4   | +0.0173  -0.1950  +0.0748  +0.1570  +0.2191  -0.2668
[23:56:47] # 1749 [bench] e2e= 1000.9ms  infer=  997.9ms  cap=  2.8ms
    t+0   | +0.1931  -0.0405  -0.1317  +0.2678  +0.0497  +0.1733
    t+1   | +0.1630  -0.0313  -0.2142  +0.2563  +0.0887  +0.0263
    t+2   | +0.1414  -0.0315  -0.2032  +0.2478  +0.1400  -0.0120
    t+3   | +0.1629  -0.0073  -0.2198  +0.2546  +0.2358  -0.0596
    t+4   | +0.2079  +0.0566  -0.2491  +0.3169  +0.2278  -0.1011
[23:56:48] # 1750 [bench] e2e=  990.7ms  infer=  987.5ms  cap=  3.0ms
    t+0   | +0.1711  +0.0228  -0.2321  +0.3478  +0.2735  -0.1187
    t+1   | +0.1221  +0.0133  -0.2459  +0.3778  +0.4651  +0.3007
    t+2   | +0.1069  -0.0009  -0.2279  +0.3248  +0.3043  +0.1742
    t+3   | +0.0823  -0.0064  -0.2201  +0.3119  +0.2074  +0.1595
    t+4   | +0.0410  -0.0753  -0.1145  +0.2936  +0.1664  -0.1056
[23:56:49] # 1751 [bench] e2e=  994.8ms  infer=  991.7ms  cap=  2.9ms
    t+0   | +0.0315  -0.0147  -0.1882  +0.3068  +0.0715  +0.2686
    t+1   | +0.1076  +0.0223  -0.2773  +0.3374  +0.0520  +0.3350
    t+2   | -0.0019  +0.0840  -0.3884  +0.3672  -0.1029  +0.1342
    t+3   | +0.0005  +0.1522  -0.4784  +0.4057  -0.1379  +0.0282
    t+4   | +0.0403  +0.1835  -0.5177  +0.4824  -0.1383  +0.0091
[23:56:50] # 1752 [bench] e2e=  993.1ms  infer=  990.3ms  cap=  2.6ms
    t+0   | +0.0670  +0.2626  -0.2408  +0.2635  +0.0961  +0.5209
    t+1   | +0.0910  +0.2305  -0.1914  +0.2431  +0.3844  +0.5977
    t+2   | +0.0219  +0.2214  -0.2106  +0.2487  +0.4114  +0.5619
    t+3   | -0.0190  +0.1736  -0.2074  +0.2414  +0.5123  +0.5565
    t+4   | -0.0424  +0.1616  -0.2112  +0.2564  +0.3961  +0.5119
[23:56:51] # 1753 [bench] e2e=  979.2ms  infer=  976.4ms  cap=  2.5ms
    t+0   | +0.1957  +0.0062  -0.1335  +0.2455  +0.0933  -0.2889
    t+1   | +0.2439  +0.0822  -0.2148  +0.2775  +0.0696  -0.2334
    t+2   | +0.2512  +0.1379  -0.2167  +0.2897  +0.0986  -0.2074
    t+3   | +0.2575  +0.1123  -0.2375  +0.2848  +0.1336  -0.1760
    t+4   | +0.2935  +0.1203  -0.3086  +0.3225  +0.1754  -0.1502
[23:56:52] # 1754 [bench] e2e= 1003.9ms  infer= 1001.2ms  cap=  2.5ms
    t+0   | +0.1386  -0.0226  -0.1330  +0.2695  +0.0657  +0.0474
    t+1   | +0.1518  -0.0353  -0.1550  +0.2607  +0.0851  +0.0780
    t+2   | +0.1990  +0.0092  -0.1973  +0.2703  +0.0602  +0.0813
    t+3   | +0.1904  +0.0400  -0.2343  +0.3157  +0.0827  +0.0390
    t+4   | +0.1749  +0.0576  -0.2327  +0.3068  +0.0842  +0.0731
[23:56:53] # 1755 [bench] e2e=  998.2ms  infer=  995.5ms  cap=  2.6ms
    t+0   | +0.1360  +0.0720  -0.2131  +0.3364  +0.1047  +0.0336
    t+1   | +0.0417  +0.1765  -0.2330  +0.3381  +0.3470  +0.0647
    t+2   | +0.0191  +0.2134  -0.2546  +0.3480  +0.2987  +0.2687
    t+3   | +0.0284  +0.2337  -0.2766  +0.3726  +0.2702  +0.1869
    t+4   | +0.0042  +0.3095  -0.3268  +0.3855  +0.3027  +0.1630
[23:56:54] # 1756 [bench] e2e=  990.8ms  infer=  987.3ms  cap=  3.2ms
    t+0   | +0.1565  -0.0230  -0.0633  +0.3010  +0.1638  -0.1257
    t+1   | +0.0731  -0.0143  -0.0645  +0.2857  +0.1821  -0.3309
    t+2   | +0.0704  +0.0291  -0.1509  +0.3004  +0.1655  -0.2890
    t+3   | +0.0763  +0.0567  -0.2271  +0.2958  +0.2222  -0.3802
    t+4   | +0.0636  +0.0052  -0.2346  +0.3114  +0.1873  -0.4883
[23:56:55] # 1757 [bench] e2e=  992.9ms  infer=  989.8ms  cap=  2.9ms
    t+0   | +0.1307  -0.0288  -0.1086  +0.3086  +0.1976  +0.0180
    t+1   | +0.1000  +0.0805  -0.1702  +0.4057  +0.5195  +0.1673
    t+2   | +0.1523  +0.1081  -0.2238  +0.4078  +0.4958  +0.1811
    t+3   | +0.1546  +0.0999  -0.2501  +0.4150  +0.3660  +0.2690
    t+4   | +0.1101  +0.0710  -0.2326  +0.4319  +0.2790  +0.1633
[23:56:56] # 1758 [bench] e2e=  994.0ms  infer=  990.9ms  cap=  3.0ms
    t+0   | +0.2244  +0.2825  -0.3909  +0.3969  +0.0320  -0.0566
    t+1   | +0.1804  +0.2623  -0.3900  +0.3887  +0.0094  +0.0176
    t+2   | +0.2205  +0.2019  -0.3296  +0.3641  -0.0118  +0.0915
    t+3   | +0.2264  +0.2280  -0.3962  +0.3937  +0.0246  +0.0402
    t+4   | +0.2510  +0.2162  -0.3727  +0.3981  +0.0504  -0.0016
[23:56:57] # 1759 [bench] e2e=  976.6ms  infer=  973.5ms  cap=  2.9ms
    t+0   | +0.3550  +0.1891  -0.2896  +0.3970  +0.1478  +0.3472
    t+1   | +0.2643  +0.2572  -0.3633  +0.4351  +0.1689  +0.3394
    t+2   | +0.2607  +0.2475  -0.3705  +0.4722  +0.2296  +0.1493
    t+3   | +0.2020  +0.2370  -0.3611  +0.4995  +0.3299  -0.0579
    t+4   | +0.1242  +0.2402  -0.3847  +0.4933  +0.4382  -0.0962
[23:56:58] # 1760 [bench] e2e=  991.8ms  infer=  989.4ms  cap=  2.3ms
    t+0   | +0.1650  -0.0744  -0.0559  +0.2434  +0.1152  +0.0523
    t+1   | +0.1441  -0.0264  -0.0623  +0.2444  +0.1863  +0.0317
    t+2   | +0.1527  +0.0269  -0.0976  +0.2530  +0.2433  +0.0735
    t+3   | +0.1993  +0.0785  -0.2393  +0.3245  +0.2830  +0.1417
    t+4   | +0.2405  +0.1261  -0.3200  +0.3656  +0.2646  +0.1541
[23:56:59] # 1761 [bench] e2e=  994.8ms  infer=  992.3ms  cap=  2.4ms
    t+0   | +0.0006  +0.1034  -0.2255  +0.3613  +0.2628  +0.1612
    t+1   | +0.0316  +0.1634  -0.2724  +0.4012  +0.3728  +0.1561
    t+2   | +0.0970  +0.1269  -0.2602  +0.3722  +0.3333  +0.1332
    t+3   | +0.1523  +0.1307  -0.2408  +0.3940  +0.2843  +0.1117
    t+4   | +0.2270  +0.1493  -0.2974  +0.4033  +0.2821  +0.0579
[23:57:00] # 1762 [bench] e2e=  977.9ms  infer=  975.2ms  cap=  2.5ms
    t+0   | +0.1602  +0.0310  -0.2664  +0.3191  +0.0340  -0.0991
    t+1   | +0.1866  +0.0722  -0.2717  +0.3062  +0.0014  +0.2437
    t+2   | +0.1702  +0.0994  -0.2516  +0.2884  +0.0653  +0.3109
    t+3   | +0.1385  +0.1240  -0.2798  +0.2977  +0.0340  +0.1912
    t+4   | +0.0567  +0.1889  -0.3276  +0.3552  +0.0816  +0.7542
[23:57:01] # 1763 [bench] e2e= 1023.9ms  infer= 1021.5ms  cap=  2.3ms
    t+0   | +0.1860  -0.0024  -0.1308  +0.2766  +0.0410  -0.0339
    t+1   | +0.1466  -0.0458  -0.1159  +0.2221  +0.0084  +0.0022
    t+2   | +0.1449  -0.0422  -0.1275  +0.2384  -0.0080  +0.1265
    t+3   | +0.1741  +0.0115  -0.1839  +0.2841  -0.0052  +0.1670
    t+4   | +0.2035  +0.0502  -0.2301  +0.2816  -0.0353  +0.5125
[23:57:02] # 1764 [bench] e2e=  994.5ms  infer=  992.0ms  cap=  2.3ms
    t+0   | +0.1020  +0.1177  -0.2072  +0.2569  -0.0333  -0.2514
    t+1   | +0.0989  +0.1474  -0.1938  +0.2395  +0.0117  +0.0969
    t+2   | +0.0240  +0.2285  -0.3442  +0.2913  +0.0027  +0.1086
    t+3   | +0.0570  +0.2264  -0.3923  +0.3274  +0.0120  +0.0199
    t+4   | +0.0788  +0.2193  -0.3567  +0.3482  +0.0100  +0.0573
[23:57:03] # 1765 [bench] e2e=  975.5ms  infer=  972.7ms  cap=  2.6ms
    t+0   | +0.0802  +0.1073  -0.5692  +0.4708  +0.1260  +0.0107
    t+1   | +0.1233  +0.1079  -0.4473  +0.3954  +0.3167  +0.1760
    t+2   | +0.1881  +0.0849  -0.3484  +0.3621  +0.2985  +0.3462
    t+3   | +0.2139  +0.0978  -0.3441  +0.3725  +0.3348  +0.5243
    t+4   | +0.2243  +0.1090  -0.3443  +0.3755  +0.3290  +0.4624

  [live] after 1760 bench steps — e2e mean=989.6ms  |  max replan freq=1.01 Hz  |  max control freq=5.05 Hz (n_action_steps=5)

[23:57:04] # 1766 [bench] e2e= 1001.2ms  infer=  997.5ms  cap=  3.4ms
    t+0   | +0.1742  +0.0664  -0.1862  +0.2851  -0.0517  +0.1100
    t+1   | +0.1195  +0.1055  -0.1806  +0.2573  -0.0639  +0.2707
    t+2   | +0.1252  +0.1414  -0.1843  +0.2581  -0.0244  +0.6817
    t+3   | +0.1134  +0.1077  -0.1639  +0.2419  +0.0729  +0.6267
    t+4   | +0.1398  +0.0989  -0.1718  +0.2464  +0.0544  +0.4620
[23:57:05] # 1767 [bench] e2e=  984.3ms  infer=  981.9ms  cap=  2.3ms
    t+0   | +0.1333  +0.1199  -0.3409  +0.4248  +0.1081  -0.0775
    t+1   | +0.1104  +0.1727  -0.3665  +0.3921  +0.2014  -0.0950
    t+2   | +0.0621  +0.1709  -0.3555  +0.3791  +0.2076  -0.1325
    t+3   | +0.0085  +0.1539  -0.3858  +0.3762  +0.2584  -0.5511
    t+4   | +0.0498  +0.1242  -0.4222  +0.3970  +0.2859  -0.4797
[23:57:06] # 1768 [bench] e2e= 1001.1ms  infer=  998.2ms  cap=  2.8ms
    t+0   | +0.2667  +0.0417  -0.1389  +0.2855  +0.0349  -0.0263
    t+1   | +0.2513  +0.0793  -0.1670  +0.2866  +0.0809  +0.0430
    t+2   | +0.1882  +0.0588  -0.1611  +0.2465  +0.1099  +0.0014
    t+3   | +0.1072  +0.1048  -0.1771  +0.2331  +0.1506  -0.1206
    t+4   | +0.1095  +0.1012  -0.1895  +0.2518  +0.1611  -0.1701
[23:57:07] # 1769 [bench] e2e=  987.4ms  infer=  984.0ms  cap=  3.2ms
    t+0   | +0.1909  +0.1505  -0.3056  +0.3594  -0.1474  +0.0466
    t+1   | +0.1310  +0.0590  -0.2324  +0.3250  +0.0855  +0.0269
    t+2   | +0.1199  +0.0057  -0.2030  +0.3028  +0.0924  +0.0293
    t+3   | +0.1650  +0.0316  -0.1811  +0.2910  +0.0461  -0.0130
    t+4   | +0.2001  +0.0650  -0.1871  +0.3310  +0.0332  -0.0663
[23:57:08] # 1770 [bench] e2e=  983.6ms  infer=  980.8ms  cap=  2.6ms
    t+0   | +0.0525  -0.0410  -0.0189  +0.2845  +0.2852  -0.4787
    t+1   | -0.1297  +0.1118  -0.1117  +0.2754  +0.2028  -0.3259
    t+2   | -0.0043  +0.1335  -0.1649  +0.2935  +0.1644  -0.2181
    t+3   | +0.0435  +0.1256  -0.1897  +0.2899  +0.1702  -0.2072
    t+4   | +0.0775  +0.1431  -0.2142  +0.2998  +0.1562  -0.2038
[23:57:09] # 1771 [bench] e2e=  989.6ms  infer=  986.9ms  cap=  2.6ms
    t+0   | -0.0619  +0.1313  -0.1994  +0.2942  +0.6133  -0.6209
    t+1   | +0.0066  +0.1032  -0.2151  +0.2873  +0.3649  -0.3934
    t+2   | +0.0616  +0.1498  -0.2198  +0.2917  +0.2438  -0.1125
    t+3   | +0.1206  +0.1483  -0.1976  +0.2935  +0.2672  +0.0069
    t+4   | +0.1387  +0.1560  -0.1709  +0.3023  +0.2445  +0.0573
[23:57:10] # 1772 [bench] e2e=  999.2ms  infer=  996.4ms  cap=  2.6ms
    t+0   | +0.1931  -0.0724  -0.0352  +0.2252  +0.1709  +0.0110
    t+1   | +0.0931  -0.0850  -0.0349  +0.2294  +0.1336  -0.1577
    t+2   | -0.0173  -0.1139  -0.0871  +0.2399  +0.1301  -0.2380
    t+3   | -0.0655  -0.1025  -0.1125  +0.2232  +0.2401  -0.3661
    t+4   | +0.0012  -0.0747  -0.1383  +0.2441  +0.3013  -0.5064
[23:57:11] # 1773 [bench] e2e=  995.2ms  infer=  992.6ms  cap=  2.5ms
    t+0   | +0.1050  +0.0802  -0.2872  +0.3537  +0.2804  -0.2180
    t+1   | +0.1079  +0.0583  -0.2412  +0.3146  +0.2918  -0.2194
    t+2   | +0.1534  +0.0713  -0.2213  +0.3162  +0.3309  -0.1740
    t+3   | +0.2033  +0.0859  -0.2279  +0.3204  +0.3788  -0.1508
    t+4   | +0.1458  +0.1521  -0.2267  +0.3434  +0.5213  -0.1628
[23:57:12] # 1774 [bench] e2e=  998.0ms  infer=  994.6ms  cap=  3.2ms
    t+0   | +0.1908  +0.2595  -0.3142  +0.3965  +0.1467  -0.0700
    t+1   | +0.1602  +0.2094  -0.2778  +0.3512  +0.0985  -0.0240
    t+2   | +0.1867  +0.1765  -0.2880  +0.3353  +0.0620  +0.0731
    t+3   | +0.1889  +0.1332  -0.2658  +0.3437  +0.0737  -0.0149
    t+4   | +0.2139  +0.1196  -0.3149  +0.3537  +0.1809  -0.0116
[23:57:13] # 1775 [bench] e2e=  983.3ms  infer=  980.5ms  cap=  2.6ms
    t+0   | +0.1984  +0.1315  -0.2791  +0.3733  -0.0392  +0.1073
    t+1   | +0.1943  +0.1575  -0.3008  +0.3870  +0.0388  +0.2019
    t+2   | +0.2408  +0.1428  -0.2952  +0.3818  +0.1429  +0.2268
    t+3   | +0.3021  +0.1225  -0.2520  +0.3894  +0.1941  +0.1225
    t+4   | +0.2925  +0.1084  -0.2267  +0.3561  +0.1851  +0.0593
[23:57:14] # 1776 [bench] e2e=  983.4ms  infer=  980.5ms  cap=  2.7ms
    t+0   | +0.1162  -0.1572  -0.1365  +0.2663  +0.0933  -0.3153
    t+1   | +0.0998  -0.0883  -0.2730  +0.3163  +0.1077  -0.2576
    t+2   | +0.0894  +0.0154  -0.2977  +0.3272  +0.1129  -0.0699
    t+3   | +0.1004  +0.0794  -0.3266  +0.3287  +0.1360  +0.1594
    t+4   | +0.1625  +0.1110  -0.3428  +0.3573  +0.1725  +0.1365
[23:57:15] # 1777 [bench] e2e=  995.0ms  infer=  992.1ms  cap=  2.7ms
    t+0   | +0.0872  -0.0756  -0.1705  +0.2863  +0.0234  -0.0750
    t+1   | +0.0537  -0.0381  -0.2335  +0.2929  -0.0120  +0.1157
    t+2   | +0.0774  +0.0245  -0.2892  +0.3113  -0.0205  +0.0387
    t+3   | +0.0824  +0.0278  -0.3348  +0.3094  -0.0277  +0.0606
    t+4   | +0.0298  -0.0003  -0.3691  +0.3432  -0.0335  +0.0659
[23:57:16] # 1778 [bench] e2e= 1002.4ms  infer=  999.9ms  cap=  2.4ms
    t+0   | +0.0352  -0.0504  -0.1081  +0.2312  +0.2310  +0.1182
    t+1   | -0.0370  -0.0182  -0.1600  +0.2879  +0.2139  +0.0153
    t+2   | -0.0058  +0.0256  -0.1733  +0.3487  +0.4320  -0.0496
    t+3   | +0.0224  +0.0446  -0.2025  +0.3531  +0.3534  -0.0461
    t+4   | +0.0247  +0.0610  -0.2378  +0.4044  +0.5136  +0.0123
[23:57:17] # 1779 [bench] e2e=  976.8ms  infer=  974.2ms  cap=  2.5ms
    t+0   | +0.0349  +0.1319  -0.2181  +0.3215  +0.0652  +0.2779
    t+1   | +0.0837  +0.0944  -0.1832  +0.2869  +0.0688  +0.0641
    t+2   | +0.0452  +0.0738  -0.1712  +0.2916  +0.0531  -0.0215
    t+3   | +0.0382  +0.0573  -0.2019  +0.3298  +0.0122  -0.0044
    t+4   | +0.0742  +0.0522  -0.2099  +0.3618  +0.0753  +0.0342
[23:57:18] # 1780 [bench] e2e=  988.9ms  infer=  986.2ms  cap=  2.5ms
    t+0   | +0.3106  +0.1041  -0.2283  +0.3456  +0.0382  +0.2984
    t+1   | +0.2707  +0.0396  -0.2057  +0.3193  +0.1536  +0.0498
    t+2   | +0.1002  +0.0373  -0.0975  +0.2390  +0.8415  -0.0249
    t+3   | +0.1163  +0.0275  -0.0924  +0.2642  +0.8718  -0.0291
    t+4   | +0.1969  +0.0037  -0.1163  +0.3012  +0.7632  +0.0130
[23:57:19] # 1781 [bench] e2e=  996.2ms  infer=  993.3ms  cap=  2.7ms
    t+0   | +0.2641  +0.1629  -0.3256  +0.3668  +0.1047  -0.0640
    t+1   | +0.1109  +0.1540  -0.3255  +0.3359  +0.1368  -0.0740
    t+2   | +0.0680  +0.1044  -0.2668  +0.3018  +0.1170  -0.0431
    t+3   | +0.0254  +0.0936  -0.2253  +0.2942  +0.1142  -0.0670
    t+4   | +0.0092  +0.0809  -0.2450  +0.2756  +0.0987  -0.1000
[23:57:20] # 1782 [bench] e2e=  976.6ms  infer=  974.9ms  cap=  1.6ms
    t+0   | +0.1678  +0.0164  -0.1812  +0.2810  +0.0894  +0.0641
    t+1   | +0.1229  +0.0133  -0.2518  +0.2778  +0.1343  -0.0377
    t+2   | +0.0793  +0.0301  -0.3145  +0.3198  +0.1645  +0.0345
    t+3   | +0.1011  +0.0092  -0.3033  +0.3233  +0.1470  +0.0251
    t+4   | +0.0929  +0.0064  -0.2892  +0.3074  +0.1970  -0.4649
[23:57:21] # 1783 [bench] e2e=  991.0ms  infer=  988.1ms  cap=  2.8ms
    t+0   | +0.1573  +0.1201  -0.3168  +0.2767  +0.2232  -0.4635
    t+1   | +0.2030  +0.2396  -0.5567  +0.3586  +0.1968  -0.2307
    t+2   | +0.2519  +0.2769  -0.5056  +0.3638  +0.1672  +0.0392
    t+3   | +0.2838  +0.2684  -0.4570  +0.3372  +0.1972  +0.1475
    t+4   | +0.3013  +0.2705  -0.3862  +0.3051  +0.2779  +0.1272
[23:57:22] # 1784 [bench] e2e=  990.1ms  infer=  986.8ms  cap=  3.2ms
    t+0   | +0.1950  +0.0309  -0.1627  +0.2878  -0.0042  -0.1545
    t+1   | +0.0619  +0.0257  -0.1546  +0.2380  -0.1212  -0.1495
    t+2   | +0.0585  +0.0590  -0.1733  +0.2254  -0.0865  -0.1708
    t+3   | +0.1430  +0.1344  -0.2126  +0.2850  +0.0089  -0.2073
    t+4   | +0.1810  +0.1695  -0.2233  +0.3450  +0.0435  -0.5333
[23:57:23] # 1785 [bench] e2e=  996.4ms  infer=  993.3ms  cap=  3.0ms
    t+0   | +0.2950  +0.0484  -0.1341  +0.3252  +0.0616  -0.0030
    t+1   | +0.3213  +0.1520  -0.1900  +0.3969  +0.1297  +0.9181
    t+2   | +0.3351  +0.1424  -0.1680  +0.4065  +0.1275  +0.7371
    t+3   | +0.2984  +0.1860  -0.1882  +0.4042  +0.1295  +0.6648
    t+4   | +0.2051  +0.2044  -0.1909  +0.3783  +0.1157  +0.6533

  [live] after 1780 bench steps — e2e mean=989.6ms  |  max replan freq=1.01 Hz  |  max control freq=5.05 Hz (n_action_steps=5)

[23:57:24] # 1786 [bench] e2e= 1030.5ms  infer= 1026.8ms  cap=  3.5ms
    t+0   | +0.0087  -0.1029  +0.0427  +0.1244  +0.0096  +0.0065
    t+1   | -0.0235  -0.0375  -0.0058  +0.2047  +0.1323  -0.0654
    t+2   | -0.0611  -0.0030  -0.0650  +0.2590  +0.0366  -0.0063
    t+3   | -0.0110  +0.0283  -0.1044  +0.3139  +0.0200  +0.0073
    t+4   | +0.0236  +0.0002  -0.1316  +0.2794  +0.0503  -0.0391
[23:57:25] # 1787 [bench] e2e= 1000.4ms  infer=  997.1ms  cap=  3.2ms
    t+0   | +0.2194  +0.0669  -0.1957  +0.3204  +0.1212  -0.1308
    t+1   | +0.1921  +0.1165  -0.2590  +0.3255  +0.1498  -0.0682
    t+2   | +0.1671  +0.1361  -0.2855  +0.3246  +0.2223  -0.0886
    t+3   | +0.2181  +0.1210  -0.2764  +0.3331  +0.2431  -0.0653
    t+4   | +0.2309  +0.1140  -0.2788  +0.3497  +0.2741  -0.0818
[23:57:26] # 1788 [bench] e2e=  996.4ms  infer=  992.8ms  cap=  3.4ms
    t+0   | +0.1778  +0.1146  -0.1975  +0.3288  +0.0647  +0.0298
    t+1   | +0.1916  +0.1407  -0.3060  +0.3671  +0.1778  -0.0550
    t+2   | +0.2198  +0.1630  -0.4044  +0.3502  +0.2468  -0.0672
    t+3   | +0.2759  +0.2299  -0.4716  +0.3802  +0.3122  -0.0836
    t+4   | +0.3117  +0.3075  -0.4834  +0.3599  +0.3491  -0.0934
[23:57:27] # 1789 [bench] e2e=  994.5ms  infer=  991.3ms  cap=  3.0ms
    t+0   | +0.1780  +0.2296  -0.1715  +0.3131  +0.5432  -0.2510
    t+1   | +0.2412  +0.1383  -0.1740  +0.3220  +0.2196  -0.1338
    t+2   | +0.2273  +0.1181  -0.2002  +0.3091  +0.2354  -0.1087
    t+3   | +0.1966  +0.1346  -0.2479  +0.3240  +0.2586  -0.1179
    t+4   | +0.1868  +0.2012  -0.3994  +0.3807  +0.1854  -0.1629
[23:57:28] # 1790 [bench] e2e=  996.5ms  infer=  992.9ms  cap=  3.4ms
    t+0   | +0.1355  +0.0010  -0.1885  +0.2900  +0.2266  -0.6228
    t+1   | +0.1028  -0.0174  -0.2116  +0.2857  +0.1743  -0.3996
    t+2   | +0.1289  +0.0742  -0.3482  +0.3467  +0.1792  -0.0418
    t+3   | +0.1682  +0.0966  -0.3596  +0.3576  +0.1906  -0.0195
    t+4   | +0.1926  +0.1022  -0.3708  +0.3467  +0.2739  -0.0214
[23:57:29] # 1791 [bench] e2e=  997.7ms  infer=  994.5ms  cap=  3.0ms
    t+0   | +0.0956  +0.1366  -0.1451  +0.2543  +0.4024  +0.0977
    t+1   | +0.1823  +0.1217  -0.1184  +0.2610  +0.2773  +0.1562
    t+2   | +0.2243  +0.1246  -0.1004  +0.2506  +0.2067  +0.1712
    t+3   | +0.2130  +0.1284  -0.0720  +0.2873  +0.1832  +0.2152
    t+4   | +0.2009  +0.1324  -0.0916  +0.3006  +0.2001  +0.2631
[23:57:30] # 1792 [bench] e2e=  987.6ms  infer=  985.1ms  cap=  2.4ms
    t+0   | +0.1002  +0.0245  -0.1801  +0.3371  +0.1325  +0.0159
    t+1   | +0.0893  +0.0328  -0.1612  +0.3213  +0.2479  +0.0087
    t+2   | +0.0871  -0.0125  -0.1548  +0.2836  +0.2618  -0.0698
    t+3   | +0.1092  +0.0202  -0.2018  +0.3047  +0.2192  -0.0946
    t+4   | +0.1352  +0.0410  -0.2291  +0.3099  +0.1302  -0.1379
[23:57:31] # 1793 [bench] e2e=  984.3ms  infer=  981.8ms  cap=  2.4ms
    t+0   | +0.2414  +0.0916  -0.1821  +0.3314  +0.0575  -0.1244
    t+1   | +0.1297  +0.0554  -0.2344  +0.3585  -0.0173  -0.1745
    t+2   | +0.1100  +0.0648  -0.2606  +0.4019  -0.0150  -0.2345
    t+3   | +0.0887  +0.0720  -0.2762  +0.3665  +0.0518  -0.3819
    t+4   | +0.0945  +0.0417  -0.1878  +0.3192  +0.0494  -0.5793
[23:57:32] # 1794 [bench] e2e=  979.7ms  infer=  976.9ms  cap=  2.6ms
    t+0   | +0.0983  +0.0299  -0.2305  +0.3704  -0.1051  +0.0047
    t+1   | -0.0004  +0.1767  -0.4273  +0.4737  -0.0883  -0.0172
    t+2   | +0.0159  +0.2610  -0.4938  +0.4769  -0.0406  +0.0605
    t+3   | +0.1226  +0.2632  -0.4423  +0.4795  +0.0360  +0.0466
    t+4   | +0.2063  +0.2339  -0.4098  +0.4456  +0.2027  -0.0153
[23:57:33] # 1795 [bench] e2e=  998.6ms  infer=  995.4ms  cap=  3.0ms
    t+0   | +0.1164  +0.0614  -0.3415  +0.3739  -0.0632  -0.4594
    t+1   | +0.0604  +0.0567  -0.2427  +0.3222  -0.0045  -0.5632
    t+2   | +0.0404  +0.0351  -0.1274  +0.2709  +0.0270  -0.4921
    t+3   | +0.0612  +0.0586  -0.1393  +0.2510  +0.0491  -0.3473
    t+4   | +0.1095  +0.1330  -0.1971  +0.2906  +0.0903  -0.1315
[23:57:34] # 1796 [bench] e2e=  977.3ms  infer=  973.9ms  cap=  3.2ms
    t+0   | +0.1868  +0.0903  -0.2228  +0.3098  +0.1515  +0.0264
    t+1   | +0.0913  +0.1538  -0.3762  +0.3608  +0.1005  -0.0274
    t+2   | +0.0831  +0.1189  -0.3702  +0.3378  +0.1287  -0.1264
    t+3   | -0.0272  +0.1232  -0.4276  +0.3442  +0.1162  -0.0986
    t+4   | -0.0070  +0.0941  -0.3929  +0.3361  +0.0832  -0.0279
[23:57:35] # 1797 [bench] e2e=  984.8ms  infer=  982.1ms  cap=  2.5ms
    t+0   | -0.0764  +0.2280  -0.2868  +0.3541  +0.0926  +0.2928
    t+1   | -0.0313  +0.1905  -0.2367  +0.3289  +0.0044  +0.2644
    t+2   | -0.0613  +0.1251  -0.1869  +0.2972  +0.0480  +0.1356
    t+3   | -0.0516  +0.1741  -0.2715  +0.3463  +0.1538  +0.0782
    t+4   | -0.0396  +0.2402  -0.3751  +0.3613  +0.2526  +0.0694
[23:57:36] # 1798 [bench] e2e= 1004.5ms  infer= 1001.8ms  cap=  2.5ms
    t+0   | -0.0590  -0.1005  -0.0666  +0.1891  -0.0656  -0.0823
    t+1   | -0.0116  -0.0723  -0.1264  +0.2159  -0.1154  -0.4454
    t+2   | +0.0199  +0.0217  -0.2996  +0.2978  -0.1383  -0.3073
    t+3   | +0.0689  +0.1658  -0.7391  +0.4684  -0.0769  -0.2179
    t+4   | +0.0763  +0.2377  -0.7570  +0.4837  -0.0328  +0.0248
[23:57:37] # 1799 [bench] e2e=  985.9ms  infer=  983.3ms  cap=  2.4ms
    t+0   | +0.0165  -0.1426  -0.0687  +0.2653  +0.1398  -0.2011
    t+1   | -0.0304  -0.0580  -0.2111  +0.3341  +0.2570  -0.1969
    t+2   | +0.0213  -0.0388  -0.2105  +0.3247  +0.2812  -0.0863
    t+3   | +0.0342  -0.0089  -0.2434  +0.3069  +0.2621  -0.0557
    t+4   | +0.0572  -0.0348  -0.2179  +0.2553  +0.2343  -0.0224
[23:57:38] # 1800 [bench] e2e=  985.2ms  infer=  981.4ms  cap=  3.6ms
    t+0   | +0.1019  -0.1269  -0.0073  +0.1943  +0.3012  -0.0966
    t+1   | +0.0642  -0.1287  -0.0431  +0.1820  +0.2850  -0.0307
    t+2   | +0.0031  +0.0313  -0.2440  +0.2542  +0.3740  -0.0741
    t+3   | +0.1148  +0.1154  -0.2972  +0.3221  +0.3547  -0.0029
    t+4   | +0.1248  +0.1653  -0.2767  +0.3357  +0.4400  +0.0717
[23:57:39] # 1801 [bench] e2e=  984.6ms  infer=  982.0ms  cap=  2.4ms
    t+0   | +0.2889  +0.1392  -0.2500  +0.3287  -0.0385  +0.0812
    t+1   | +0.2369  +0.1910  -0.3059  +0.3456  -0.0114  +0.0685
    t+2   | +0.1896  +0.2783  -0.3773  +0.3700  +0.1118  +0.1304
    t+3   | +0.1697  +0.2770  -0.3398  +0.3548  +0.2218  +0.1012
    t+4   | +0.1418  +0.1906  -0.3364  +0.3103  +0.2576  +0.0744
[23:57:40] # 1802 [bench] e2e=  986.1ms  infer=  983.5ms  cap=  2.5ms
    t+0   | +0.2070  +0.3067  -0.3297  +0.3265  +0.5674  -0.0700
    t+1   | +0.1085  +0.2965  -0.4138  +0.3321  +0.4756  +0.2438
    t+2   | +0.1112  +0.2683  -0.3939  +0.3258  +0.3752  +0.3057
    t+3   | +0.1033  +0.2720  -0.3621  +0.3316  +0.3035  +0.5599
    t+4   | +0.1362  +0.2515  -0.3479  +0.3229  +0.2957  +0.6630
[23:57:41] # 1803 [bench] e2e=  980.9ms  infer=  978.4ms  cap=  2.3ms
    t+0   | +0.3401  +0.1561  -0.2969  +0.3831  +0.1713  -0.1548
    t+1   | +0.2885  +0.1551  -0.3431  +0.4272  +0.2849  -0.1008
    t+2   | +0.2254  +0.0964  -0.3049  +0.4527  +0.3599  +0.1191
    t+3   | +0.2353  +0.0714  -0.2804  +0.3982  +0.2613  +0.1456
    t+4   | +0.2021  +0.0580  -0.2206  +0.3396  +0.1951  +0.0557
[23:57:42] # 1804 [bench] e2e=  988.3ms  infer=  984.8ms  cap=  3.3ms
    t+0   | +0.1273  +0.0043  -0.1380  +0.3126  +0.0149  -0.0537
    t+1   | -0.0182  +0.0940  -0.2728  +0.3359  +0.1127  -0.0610
    t+2   | -0.0197  +0.1069  -0.2976  +0.3242  +0.2246  +0.0387
    t+3   | +0.0043  +0.1492  -0.3468  +0.3299  +0.1842  +0.0292
    t+4   | +0.0126  +0.1764  -0.3986  +0.3537  +0.2420  +0.0018
[23:57:43] # 1805 [bench] e2e=  994.5ms  infer=  991.0ms  cap=  3.4ms
    t+0   | +0.0601  -0.0261  -0.1352  +0.2756  +0.1177  -0.6470
    t+1   | +0.0916  +0.0572  -0.2652  +0.3109  +0.1259  -0.6437
    t+2   | +0.1282  +0.0371  -0.2491  +0.2859  +0.1236  -0.6199
    t+3   | +0.1487  +0.0110  -0.2290  +0.2308  +0.0758  -0.6304
    t+4   | +0.1470  +0.0562  -0.2962  +0.2406  +0.0772  -0.6090

  [live] after 1800 bench steps — e2e mean=989.6ms  |  max replan freq=1.01 Hz  |  max control freq=5.05 Hz (n_action_steps=5)

[23:57:44] # 1806 [bench] e2e=  996.4ms  infer=  993.6ms  cap=  2.6ms
    t+0   | +0.2528  +0.1487  -0.3366  +0.3834  +0.5446  -0.2011
    t+1   | +0.3295  +0.1759  -0.3904  +0.4100  +0.5403  -0.1659
    t+2   | +0.3315  +0.2552  -0.4246  +0.4309  +0.3873  +0.3995
    t+3   | +0.3321  +0.2873  -0.4275  +0.4165  +0.3739  +0.3516
    t+4   | +0.2631  +0.2747  -0.4120  +0.4000  +0.3628  +0.3083
[23:57:45] # 1807 [bench] e2e=  977.9ms  infer=  974.5ms  cap=  3.2ms
    t+0   | +0.1279  +0.2168  -0.3428  +0.4005  +0.2446  -0.0356
    t+1   | +0.1179  +0.2262  -0.3370  +0.3814  +0.1982  -0.0902
    t+2   | +0.1313  +0.2108  -0.2854  +0.3451  +0.1082  -0.1512
    t+3   | +0.1082  +0.2248  -0.2668  +0.3435  +0.0663  -0.2499
    t+4   | +0.0945  +0.2347  -0.2666  +0.3324  +0.0718  -0.2448
[23:57:46] # 1808 [bench] e2e=  994.1ms  infer=  991.4ms  cap=  2.5ms
    t+0   | +0.1478  +0.0273  -0.1915  +0.3738  +0.1562  -0.4872
    t+1   | +0.1120  -0.0313  -0.1492  +0.3678  +0.2183  -0.4767
    t+2   | +0.1169  -0.0626  -0.1348  +0.3177  +0.1864  -0.4205
    t+3   | +0.0692  -0.0766  -0.1151  +0.2923  +0.2248  -0.3334
    t+4   | +0.0634  -0.0666  -0.1984  +0.3001  +0.1997  -0.2213
[23:57:47] # 1809 [bench] e2e=  996.5ms  infer=  993.6ms  cap=  2.7ms
    t+0   | +0.2265  +0.0101  -0.1144  +0.3007  +0.0600  -0.0269
    t+1   | +0.1364  +0.0499  -0.1854  +0.3233  +0.0819  -0.0822
    t+2   | +0.0575  +0.1110  -0.3149  +0.3656  +0.1328  -0.0930
    t+3   | +0.1188  +0.1196  -0.3205  +0.3805  +0.0988  -0.0904
    t+4   | +0.1403  +0.1401  -0.3615  +0.3915  +0.1316  -0.0426
[23:57:48] # 1810 [bench] e2e= 1001.9ms  infer=  998.3ms  cap=  3.4ms
    t+0   | +0.2779  -0.0165  -0.0482  +0.3134  +0.3225  -0.1418
    t+1   | +0.3184  -0.0160  -0.0777  +0.3244  +0.2589  -0.1436
    t+2   | +0.3801  +0.0789  -0.1751  +0.3454  +0.2746  -0.1428
    t+3   | +0.3450  +0.1105  -0.2282  +0.3083  +0.1571  -0.1181
    t+4   | +0.2957  +0.1399  -0.2881  +0.3148  +0.1109  -0.1064
[23:57:49] # 1811 [bench] e2e=  986.7ms  infer=  983.8ms  cap=  2.7ms
    t+0   | +0.3276  +0.2273  -0.4267  +0.4409  +0.2274  +0.4831
    t+1   | +0.2838  +0.1753  -0.3227  +0.3709  +0.2926  +0.5213
    t+2   | +0.2509  +0.1161  -0.2910  +0.3350  +0.2248  +0.8153
    t+3   | +0.1880  +0.0507  -0.2168  +0.2552  +0.2493  +0.4804
    t+4   | +0.1741  +0.0608  -0.2072  +0.2459  +0.3089  +0.4282
[23:57:50] # 1812 [bench] e2e=  993.4ms  infer=  990.1ms  cap=  3.1ms
    t+0   | +0.0977  +0.3037  -0.3722  +0.3230  +0.2365  +0.0552
    t+1   | +0.1437  +0.3072  -0.4335  +0.3663  +0.2169  +0.0399
    t+2   | +0.1862  +0.3201  -0.4854  +0.4031  +0.2628  +0.1692
    t+3   | +0.2358  +0.3303  -0.4870  +0.4544  +0.3699  +0.2727
    t+4   | +0.2833  +0.3389  -0.5151  +0.4525  +0.3049  +0.2268
[23:57:51] # 1813 [bench] e2e=  996.9ms  infer=  993.6ms  cap=  3.1ms
    t+0   | +0.1927  +0.1068  -0.2136  +0.2931  +0.2041  +0.3127
    t+1   | +0.1783  +0.1123  -0.2272  +0.2657  +0.1113  +0.4669
    t+2   | +0.1546  +0.1286  -0.2361  +0.2612  +0.0750  +0.3569
    t+3   | +0.1056  +0.0930  -0.2125  +0.2490  +0.0780  +0.2218
    t+4   | +0.0698  +0.0503  -0.2127  +0.2176  +0.0922  +0.0351
[23:57:52] # 1814 [bench] e2e=  981.7ms  infer=  978.3ms  cap=  3.2ms
    t+0   | +0.2497  +0.0742  -0.1769  +0.3028  +0.0507  -0.1504
    t+1   | +0.2986  +0.1734  -0.2622  +0.3645  +0.1746  -0.1464
    t+2   | +0.2593  +0.1915  -0.2671  +0.3780  +0.2176  -0.1850
    t+3   | +0.2583  +0.2104  -0.3324  +0.3930  +0.3179  -0.0923
    t+4   | +0.1844  +0.2629  -0.3598  +0.3858  +0.4180  -0.1341

============================================================
  SmolVLA-base inference benchmark — final report
  model  : rlodhi/smolvla_screw_picking_5000
  device : cuda
  num_steps: 10
  task   : pick up the object and place it in the box
============================================================
  wall time      : 1800.3s
  warmup steps   : 5
  benchmark steps: 1809

  capture + preprocess:
    n      = 1809
    mean   = 2.77 ms
    median = 2.75 ms
    std    = 0.48 ms
    min    = 1.51 ms
    p90    = 3.35 ms
    p95    = 3.52 ms
    p99    = 4.08 ms
    max    = 5.59 ms

  batch construction:
    n      = 1809
    mean   = 0.17 ms
    median = 0.16 ms
    std    = 0.03 ms
    min    = 0.14 ms
    p90    = 0.18 ms
    p95    = 0.25 ms
    p99    = 0.26 ms
    max    = 0.47 ms

  model forward (select_action):
    n      = 1809
    mean   = 986.70 ms
    median = 987.85 ms
    std    = 11.83 ms
    min    = 965.74 ms
    p90    = 998.03 ms
    p95    = 1003.88 ms
    p99    = 1028.10 ms
    max    = 1044.11 ms

  end-to-end (capture → action):
    n      = 1809
    mean   = 989.64 ms
    median = 990.79 ms
    std    = 11.86 ms
    min    = 968.66 ms
    p90    = 1000.89 ms
    p95    = 1006.98 ms
    p99    = 1031.65 ms
    max    = 1046.70 ms

  chunk_size     : 5
  n_action_steps : 5

  >> max replan frequency : 1.010 Hz  (1 / e2e latency)
  >> max control frequency: 5.052 Hz  (replan_hz × n_action_steps)
============================================================
