elapsed_s,timestamp,gpu_temp_c,cpu_temp_c,tj_temp_c,soc0_temp_c,gpu_util_pct,gpu_clock_mhz,gpu_max_mhz,emc_util_pct,vdd_in_mw,vdd_cpu_gpu_cv_mw,vdd_soc_mw,ram_used_mb,cpu_util_mean_pct,cpu_clock_max_mhz
1.0,2026-08-05T03:14:41.591267+00:00,51.093,50.125,51.093,50.718,0,306,1020,,5471,519,2795,1466,0.3,729
2.0,2026-08-05T03:14:42.594176+00:00,51.5,50.062,51.5,50.593,0,306,1020,,5431,479,2755,1467,0.2,729
3.0,2026-08-05T03:14:43.599994+00:00,50.937,50.281,50.937,50.656,0,306,1020,,5440,479,2755,1467,0.2,729
4.0,2026-08-05T03:14:44.605644+00:00,51,50.093,51,50.625,0,306,1020,,5440,479,2755,1467,0.2,729
5.0,2026-08-05T03:14:45.611250+00:00,51,50.093,51,50.656,0,306,1020,,5431,479,2755,1467,0.0,729
6.0,2026-08-05T03:14:46.616955+00:00,50.937,50.125,50.937,50.687,0,306,1020,,5440,519,2755,1467,0.3,729
7.1,2026-08-05T03:14:47.622565+00:00,51,50.062,51,50.531,0,306,1020,,5431,479,2755,1467,0.2,729
8.1,2026-08-05T03:14:48.631320+00:00,51.093,50.281,51.093,50.531,0,306,1020,,5680,599,2795,1467,3.3,1113
9.1,2026-08-05T03:14:49.638830+00:00,51.187,50.125,51.187,50.593,0,306,1020,,5480,519,2795,1467,1.2,729
10.1,2026-08-05T03:14:50.644203+00:00,50.906,50.031,50.906,50.593,0,306,1020,,5431,479,2755,1467,0.2,729
11.1,2026-08-05T03:14:51.649825+00:00,50.937,50.093,50.937,50.562,0,306,1020,,5440,479,2755,1467,0.2,729
12.1,2026-08-05T03:14:52.655675+00:00,51,50.312,51,50.593,0,306,1020,,5440,519,2755,1467,0.2,729
13.1,2026-08-05T03:14:53.661787+00:00,51,50,51,50.562,0,306,1020,,5480,519,2795,1469,0.5,729
14.1,2026-08-05T03:14:54.667503+00:00,51.187,50.125,51.187,50.625,0,306,1020,,5440,519,2755,1469,0.2,729
15.1,2026-08-05T03:14:55.673014+00:00,51.218,50.25,51.218,50.437,0,306,1020,,5440,519,2755,1469,0.0,729
16.1,2026-08-05T03:14:56.678243+00:00,51.156,50.062,51.156,50.562,0,306,1020,,5440,519,2755,1469,0.2,729
17.1,2026-08-05T03:14:57.684014+00:00,51.218,50.312,51.218,50.5,0,306,1020,,5431,479,2755,1469,0.2,729
18.1,2026-08-05T03:14:58.690303+00:00,51.218,50.062,51.218,50.625,0,306,1020,,5431,479,2755,1469,0.2,729
19.1,2026-08-05T03:14:59.695948+00:00,51.218,50.031,50.968,50.625,0,306,1020,,5440,479,2755,1469,0.2,729
20.1,2026-08-05T03:15:00.701630+00:00,51.062,50.187,51.062,50.5,0,306,1020,,5440,479,2755,1469,0.2,729
21.1,2026-08-05T03:15:01.707287+00:00,51.062,50.093,51.062,50.531,0,306,1020,,5431,479,2755,1469,0.3,729
22.1,2026-08-05T03:15:02.712823+00:00,50.937,50.218,50.937,50.531,0,306,1020,,5440,519,2755,1469,0.2,729
23.1,2026-08-05T03:15:03.718444+00:00,51.031,50.031,51.031,50.531,0,306,1020,,5440,479,2755,1469,0.2,729
24.2,2026-08-05T03:15:04.724351+00:00,51,50.031,51,50.687,0,306,1020,,5440,519,2755,1469,0.2,729
25.2,2026-08-05T03:15:05.729796+00:00,51.062,50.062,51.062,50.468,0,306,1020,,5431,519,2755,1469,0.2,729
26.2,2026-08-05T03:15:06.735155+00:00,51.031,50.031,51.375,50.5,0,306,1020,,5440,519,2755,1469,0.2,729
27.2,2026-08-05T03:15:07.740977+00:00,50.875,50.25,50.875,50.531,0,306,1020,,5431,519,2755,1469,0.0,729
28.2,2026-08-05T03:15:08.746469+00:00,50.968,49.968,50.968,50.5,0,306,1020,,5560,519,2835,1469,0.0,729
29.2,2026-08-05T03:15:09.752267+00:00,50.906,50.031,50.906,50.718,0,306,1020,,5440,519,2755,1469,0.2,729
30.2,2026-08-05T03:15:10.758259+00:00,50.843,50.125,50.843,50.468,0,306,1020,,5431,519,2755,1469,0.3,729
31.2,2026-08-05T03:15:11.763658+00:00,50.937,50.093,50.937,50.562,0,306,1020,,5431,519,2755,1469,0.0,729
32.2,2026-08-05T03:15:12.768972+00:00,50.875,50.25,50.875,50.5,0,306,1020,,5431,479,2755,1469,0.0,729
33.2,2026-08-05T03:15:13.775312+00:00,51.093,49.968,51.093,50.562,0,306,1020,,5431,479,2755,1469,0.0,729
34.2,2026-08-05T03:15:14.781304+00:00,51.156,50,51.156,50.562,0,306,1020,,5431,479,2755,1469,0.2,729
35.2,2026-08-05T03:15:15.786690+00:00,51.187,50.156,51.187,50.468,0,306,1020,,5431,479,2755,1469,0.0,729
36.2,2026-08-05T03:15:16.792670+00:00,51.093,50.031,51.093,50.5,0,306,1020,,5431,479,2755,1469,0.0,729
37.2,2026-08-05T03:15:17.798327+00:00,51.125,50.156,51.125,50.5,0,306,1020,,5431,479,2755,1469,0.2,729
38.2,2026-08-05T03:15:18.803821+00:00,50.906,50.031,50.906,50.531,0,306,1020,,5431,479,2755,1469,0.0,729
39.2,2026-08-05T03:15:19.809754+00:00,50.937,50,50.937,50.593,0,306,1020,,5431,479,2755,1469,0.2,729
40.2,2026-08-05T03:15:20.815132+00:00,50.968,50.093,50.968,50.406,0,306,1020,,5431,479,2755,1469,0.2,729
41.3,2026-08-05T03:15:21.820786+00:00,50.937,50,50.937,50.468,0,306,1020,,5431,479,2755,1469,0.2,729
42.3,2026-08-05T03:15:22.826517+00:00,50.875,50.218,50.875,50.531,0,306,1020,,5431,479,2755,1469,0.0,729
43.3,2026-08-05T03:15:23.832304+00:00,50.937,49.968,50.937,50.562,0,306,1020,,5431,479,2755,1469,0.5,729
44.3,2026-08-05T03:15:24.837780+00:00,50.937,50,51.218,50.5,0,306,1020,,5431,519,2755,1469,0.2,729
45.3,2026-08-05T03:15:25.847073+00:00,51.312,50.5,51.312,50.5,0,306,1020,,6030,878,2875,1480,13.8,1036
46.3,2026-08-05T03:15:26.854507+00:00,51.031,50.531,51.031,50.468,0,306,1020,,5990,878,2835,1481,20.8,729
47.3,2026-08-05T03:15:27.861952+00:00,51.125,50.218,51.125,50.656,0,306,1020,,6190,878,2955,1488,11.8,729
48.3,2026-08-05T03:15:28.868302+00:00,51.25,50.156,51.25,50.468,0,306,1020,,5511,519,2795,1488,0.3,729
49.3,2026-08-05T03:15:29.873445+00:00,51.281,50.281,51.281,50.593,0,306,1020,,5431,479,2755,1488,0.2,729
50.3,2026-08-05T03:15:30.878955+00:00,51.375,49.968,51.375,50.5,0,306,1020,,5431,479,2755,1488,0.0,729
51.3,2026-08-05T03:15:31.884724+00:00,51.375,50.031,51.375,50.562,0,306,1020,,5431,479,2755,1488,0.3,729
52.3,2026-08-05T03:15:32.890586+00:00,51,50.093,51,50.531,0,306,1020,,5440,479,2755,1488,0.5,729
53.3,2026-08-05T03:15:33.896365+00:00,51.062,50.062,51.062,50.468,0,306,1020,,5440,479,2755,1488,0.0,729
54.3,2026-08-05T03:15:34.902222+00:00,50.968,50.25,50.968,50.562,0,306,1020,,5431,519,2755,1488,0.3,729
55.3,2026-08-05T03:15:35.907795+00:00,51.062,49.968,51.062,50.468,0,306,1020,,5431,519,2755,1488,0.2,729
56.3,2026-08-05T03:15:36.913690+00:00,51.031,50,51.031,50.5,0,306,1020,,5431,519,2755,1488,0.0,729
57.3,2026-08-05T03:15:37.919388+00:00,50.843,50.125,50.843,50.468,0,306,1020,,5431,519,2755,1488,0.0,729
58.4,2026-08-05T03:15:38.925308+00:00,50.906,50.125,50.906,50.406,0,306,1020,,5440,519,2755,1488,0.2,729
59.4,2026-08-05T03:15:39.931041+00:00,50.906,50.187,50.906,50.437,0,306,1020,,5440,479,2755,1488,0.0,729
60.4,2026-08-05T03:15:40.936753+00:00,50.906,49.968,50.906,50.468,0,306,1020,,5431,519,2755,1488,0.2,729
61.4,2026-08-05T03:15:41.942370+00:00,50.843,49.968,50.843,50.593,0,306,1020,,5440,519,2755,1488,0.5,729
62.4,2026-08-05T03:15:42.947808+00:00,50.875,50.031,50.875,50.437,0,306,1020,,5431,519,2755,1488,0.0,729
63.4,2026-08-05T03:15:43.953572+00:00,50.812,50.031,51.093,50.468,0,306,1020,,5431,519,2755,1488,0.0,729
64.4,2026-08-05T03:15:44.959309+00:00,51.156,50.156,51.156,50.468,0,306,1020,,5431,519,2755,1488,0.2,729
65.4,2026-08-05T03:15:45.964785+00:00,51.218,50,51.218,50.5,0,306,1020,,5591,559,2835,1488,0.3,1728
66.4,2026-08-05T03:15:46.970459+00:00,51.187,50.031,51.187,50.5,0,306,1020,,5560,559,2835,1488,0.3,729
67.4,2026-08-05T03:15:47.976034+00:00,51.218,50.093,51.218,50.468,0,306,1020,,5431,519,2755,1488,0.2,729
68.4,2026-08-05T03:15:48.981860+00:00,51.187,50.031,51.187,50.468,0,306,1020,,5440,519,2755,1488,0.0,729
69.4,2026-08-05T03:15:49.987561+00:00,51.156,50.125,51.156,50.468,0,306,1020,,5440,519,2755,1488,0.2,729
70.4,2026-08-05T03:15:50.993403+00:00,50.937,49.937,50.937,50.5,0,306,1020,,5440,519,2755,1488,0.2,729
71.4,2026-08-05T03:15:51.998876+00:00,50.906,49.968,50.906,50.5,0,306,1020,,5431,519,2755,1488,0.3,729
72.4,2026-08-05T03:15:53.004724+00:00,50.937,50.031,50.937,50.531,0,306,1020,,5431,479,2755,1488,0.0,729
73.4,2026-08-05T03:15:54.010460+00:00,50.937,49.937,50.937,50.437,0,306,1020,,5431,519,2755,1488,0.2,729
74.4,2026-08-05T03:15:55.016270+00:00,50.937,50.218,50.937,50.468,0,306,1020,,5440,479,2755,1488,0.0,729
75.5,2026-08-05T03:15:56.021909+00:00,50.937,49.968,50.937,50.437,0,306,1020,,5431,519,2755,1488,0.3,729
76.5,2026-08-05T03:15:57.027881+00:00,51.312,49.937,51.312,50.468,0,306,1020,,5440,519,2755,1488,0.2,729
77.5,2026-08-05T03:15:58.033328+00:00,50.812,50.093,50.812,50.593,0,306,1020,,5431,479,2755,1488,0.0,729
78.5,2026-08-05T03:15:59.039398+00:00,50.75,50.25,50.75,50.468,0,306,1020,,5440,519,2755,1488,0.3,729
79.5,2026-08-05T03:16:00.045244+00:00,50.843,50.125,50.843,50.5,0,306,1020,,5431,479,2755,1488,0.5,729
80.5,2026-08-05T03:16:01.050753+00:00,50.843,49.968,50.843,50.5,0,306,1020,,5630,559,2835,1488,0.0,729
81.5,2026-08-05T03:16:02.056937+00:00,50.75,49.937,50.968,50.531,0,306,1020,,5431,519,2755,1488,0.2,729
82.5,2026-08-05T03:16:03.062319+00:00,51.031,50.093,51.031,50.406,0,306,1020,,5431,519,2755,1488,0.2,729
83.5,2026-08-05T03:16:04.067948+00:00,50.968,50.218,50.968,50.437,0,306,1020,,5431,479,2755,1488,0.0,729
84.5,2026-08-05T03:16:05.074272+00:00,51,50.031,51,50.5,0,306,1020,,5431,519,2755,1488,0.5,729
85.5,2026-08-05T03:16:06.080400+00:00,51,49.968,51,50.531,0,306,1020,,5440,519,2755,1488,0.0,729
86.5,2026-08-05T03:16:07.086557+00:00,50.875,49.968,50.875,50.625,0,306,1020,,5440,519,2755,1488,0.2,729
87.5,2026-08-05T03:16:08.092401+00:00,50.812,50.031,50.812,50.343,0,306,1020,,5431,479,2755,1488,0.3,729
88.5,2026-08-05T03:16:09.097482+00:00,50.937,50.656,50.937,50.406,0,306,1020,,6640,1238,3035,1510,13.8,1728
89.5,2026-08-05T03:16:10.102920+00:00,51.218,51,51.218,50.562,0,306,1020,,7480,1637,3274,1701,21.8,1728
90.5,2026-08-05T03:16:11.108305+00:00,51.187,50.843,51.187,50.593,0,306,1020,,7440,1517,3314,1741,16.7,1728
91.5,2026-08-05T03:16:12.113707+00:00,51.312,50.843,51.312,50.718,0,306,1020,,7440,1517,3314,1766,16.7,1728
92.6,2026-08-05T03:16:13.122472+00:00,51.343,50.312,51.343,50.593,0,306,1020,,5960,758,2915,1784,6.8,729
93.6,2026-08-05T03:16:14.128709+00:00,51.281,50.406,51.281,50.593,0,306,1020,,5560,519,2795,1784,0.3,729
94.6,2026-08-05T03:16:15.134490+00:00,51.312,50.062,51.312,50.687,0,306,1020,,5480,519,2795,1784,0.2,729
95.6,2026-08-05T03:16:16.140295+00:00,51.062,50.218,51.062,50.75,0,306,1020,,5600,559,2835,1784,1.2,729
96.6,2026-08-05T03:16:17.146922+00:00,51.031,50.281,51.031,50.5,0,306,1020,,5480,519,2795,1784,0.5,729
97.6,2026-08-05T03:16:18.152408+00:00,51.062,50.062,51.062,50.593,0,306,1020,,5480,519,2795,1784,0.2,729
98.6,2026-08-05T03:16:19.158616+00:00,51,50.25,51,50.593,0,306,1020,,5480,519,2795,1783,0.2,729
99.6,2026-08-05T03:16:20.164521+00:00,51.375,49.968,51.375,50.656,0,306,1020,,5471,519,2795,1783,0.3,729
100.6,2026-08-05T03:16:21.170299+00:00,51.312,50.125,51.312,50.718,0,306,1020,,5471,519,2755,1783,0.0,729
101.6,2026-08-05T03:16:22.176220+00:00,50.906,50.218,50.906,50.531,0,306,1020,,5480,519,2755,1783,0.3,729
102.6,2026-08-05T03:16:23.181991+00:00,50.843,50,50.843,50.562,0,306,1020,,5480,519,2755,1783,0.2,729
103.6,2026-08-05T03:16:24.187833+00:00,50.875,50,50.875,50.593,0,306,1020,,5480,519,2795,1783,0.0,729
104.6,2026-08-05T03:16:25.193072+00:00,51.062,49.968,51.062,50.468,0,306,1020,,5440,519,2755,1783,0.2,729
105.6,2026-08-05T03:16:26.199020+00:00,51.125,50.062,51.125,50.5,0,306,1020,,5480,519,2755,1783,0.0,729
106.6,2026-08-05T03:16:27.204413+00:00,51.125,50.25,51.125,50.625,0,306,1020,,5480,519,2755,1783,0.3,729
107.6,2026-08-05T03:16:28.210336+00:00,51.093,50.031,51.093,50.531,0,306,1020,,5440,479,2755,1783,0.0,729
108.6,2026-08-05T03:16:29.216198+00:00,51.125,50.093,51.125,50.593,0,306,1020,,5480,519,2795,1783,0.0,729
109.7,2026-08-05T03:16:30.221922+00:00,51.125,49.968,51.125,50.656,0,306,1020,,5480,519,2795,1783,0.0,729
110.7,2026-08-05T03:16:31.228449+00:00,50.937,50.031,50.937,50.468,0,306,1020,,5480,519,2795,1783,0.2,729
111.7,2026-08-05T03:16:32.233678+00:00,50.937,50.218,50.937,50.562,0,306,1020,,5440,479,2795,1783,0.0,729
112.7,2026-08-05T03:16:33.239628+00:00,51.031,49.968,51.031,50.531,0,306,1020,,5431,479,2795,1783,0.2,729
113.7,2026-08-05T03:16:34.244790+00:00,50.906,50,50.906,50.562,0,306,1020,,5480,479,2795,1783,0.0,729
114.7,2026-08-05T03:16:35.250803+00:00,50.906,50.218,50.906,50.625,0,306,1020,,5440,479,2795,1784,0.2,729
115.7,2026-08-05T03:16:36.256374+00:00,50.968,50.093,51.218,50.468,0,306,1020,,5480,519,2755,1784,0.2,729
116.7,2026-08-05T03:16:37.261981+00:00,51.187,50.218,51.187,50.468,0,306,1020,,5480,519,2755,1784,0.0,729
117.7,2026-08-05T03:16:38.267557+00:00,51.25,50,51.25,50.5,0,306,1020,,5480,519,2755,1784,0.3,729
118.7,2026-08-05T03:16:39.273167+00:00,51.218,50.031,51.218,50.531,0,306,1020,,5480,519,2795,1784,0.2,729
119.7,2026-08-05T03:16:40.278645+00:00,51.25,50.062,51.25,50.75,0,306,1020,,5480,519,2795,1784,0.0,729
120.7,2026-08-05T03:16:41.284680+00:00,51.281,50.093,51.281,50.468,0,306,1020,,5480,519,2795,1784,0.3,729
121.7,2026-08-05T03:16:42.290921+00:00,51.062,50.156,51.062,50.5,0,306,1020,,5480,519,2795,1784,0.2,729
122.7,2026-08-05T03:16:43.296919+00:00,51,49.968,51,50.531,0,306,1020,,5471,519,2795,1784,0.0,729
123.7,2026-08-05T03:16:44.303075+00:00,51,50.031,51,50.5,0,306,1020,,5480,519,2795,1784,0.3,729
124.7,2026-08-05T03:16:45.309178+00:00,50.968,50.093,50.968,50.625,0,306,1020,,5480,519,2795,1784,0.0,729
125.7,2026-08-05T03:16:46.314908+00:00,51.406,50.25,51.406,50.468,0,306,1020,,5480,519,2795,1784,0.0,729
126.8,2026-08-05T03:16:47.320792+00:00,50.843,50.156,50.843,50.531,0,306,1020,,5480,519,2795,1784,0.2,729
127.8,2026-08-05T03:16:48.326732+00:00,50.906,49.968,50.906,50.593,0,306,1020,,5480,519,2795,1784,0.3,729
128.8,2026-08-05T03:16:49.332518+00:00,50.843,50,50.843,50.562,0,306,1020,,5480,519,2795,1784,0.5,729
129.8,2026-08-05T03:16:50.338691+00:00,50.875,50.125,50.875,50.468,0,306,1020,,5480,519,2795,1784,0.2,729
130.8,2026-08-05T03:16:51.344672+00:00,51.062,50.343,51.062,50.468,0,306,1020,,5480,519,2795,1784,0.2,729
131.8,2026-08-05T03:16:52.350767+00:00,51,50.125,51,50.531,0,306,1020,,5480,519,2795,1784,0.5,729
132.8,2026-08-05T03:16:53.357324+00:00,51.093,50.031,51.093,50.5,0,306,1020,,5480,519,2795,1784,0.3,729
133.8,2026-08-05T03:16:54.363523+00:00,50.843,50.156,50.843,50.437,0,306,1020,,5480,519,2795,1784,0.2,729
134.8,2026-08-05T03:16:55.369774+00:00,50.875,50,50.875,50.468,0,306,1020,,5480,479,2795,1784,0.5,729
135.8,2026-08-05T03:16:56.376186+00:00,50.906,50.218,50.906,50.468,0,306,1020,,5480,519,2795,1784,0.2,729
136.8,2026-08-05T03:16:57.382484+00:00,51.125,49.968,51.125,50.531,0,306,1020,,5480,519,2795,1784,0.5,729
137.8,2026-08-05T03:16:58.388922+00:00,51.093,50.093,51.093,50.593,0,306,1020,,5480,519,2795,1784,0.2,729
138.8,2026-08-05T03:16:59.395344+00:00,51.093,50.156,51.093,50.468,0,306,1020,,5480,519,2795,1784,0.3,729
139.8,2026-08-05T03:17:00.401532+00:00,50.875,49.968,50.875,50.406,0,306,1020,,5471,519,2795,1784,0.2,729
140.8,2026-08-05T03:17:01.407980+00:00,50.906,50,50.906,50.5,0,306,1020,,5551,519,2835,1784,0.3,729
141.8,2026-08-05T03:17:02.415908+00:00,50.968,50.093,50.968,50.656,0,306,1020,,5471,519,2795,1785,1.0,729
142.9,2026-08-05T03:17:03.421495+00:00,51.156,49.968,51.156,50.406,0,306,1020,,5471,519,2795,1785,0.5,729
143.9,2026-08-05T03:17:04.427833+00:00,51.125,50.093,51.125,50.468,0,306,1020,,5471,519,2795,1785,0.2,729
144.9,2026-08-05T03:17:05.433682+00:00,51.218,49.968,51.218,50.562,0,306,1020,,5480,519,2795,1785,0.3,729
145.9,2026-08-05T03:17:06.440114+00:00,50.906,50,50.906,50.375,0,306,1020,,5480,519,2795,1785,0.2,729
146.9,2026-08-05T03:17:07.446308+00:00,50.937,50.062,50.937,50.406,0,306,1020,,5480,519,2795,1785,0.2,729
147.9,2026-08-05T03:17:08.452356+00:00,50.875,50.25,50.875,50.437,0,306,1020,,5511,519,2795,1785,0.3,729
148.9,2026-08-05T03:17:09.458328+00:00,50.875,49.968,50.875,50.468,0,306,1020,,5471,519,2795,1785,0.3,729
149.9,2026-08-05T03:17:10.464286+00:00,51.218,50,51.218,50.437,0,306,1020,,5471,519,2795,1785,0.3,729
150.9,2026-08-05T03:17:11.470044+00:00,51.281,50.25,51.281,50.343,0,306,1020,,5471,519,2795,1785,0.5,729
151.9,2026-08-05T03:17:12.475893+00:00,51.218,50.093,51.218,50.406,0,306,1020,,5480,519,2795,1785,0.2,729
152.9,2026-08-05T03:17:13.482357+00:00,51.218,50.218,51.218,50.468,0,306,1020,,5471,519,2795,1785,0.3,729
153.9,2026-08-05T03:17:14.488545+00:00,50.906,49.906,50.906,50.625,0,306,1020,,5471,519,2795,1785,0.5,729
154.9,2026-08-05T03:17:15.494306+00:00,50.937,49.968,50.937,50.406,0,306,1020,,5431,479,2795,1785,0.3,729
155.9,2026-08-05T03:17:16.500645+00:00,51.031,50.25,51.031,50.437,0,306,1020,,5511,519,2795,1785,0.2,729
156.9,2026-08-05T03:17:17.506259+00:00,51,49.968,51,50.437,0,306,1020,,5471,519,2795,1785,0.7,729
157.9,2026-08-05T03:17:18.512072+00:00,51.031,50,50.812,50.468,0,306,1020,,5471,519,2795,1785,0.3,729
158.9,2026-08-05T03:17:19.517901+00:00,50.812,49.937,50.812,50.5,0,306,1020,,5471,519,2795,1785,0.2,729
160.0,2026-08-05T03:17:20.523912+00:00,50.812,49.968,50.812,50.406,0,306,1020,,5471,519,2795,1785,0.3,729
161.0,2026-08-05T03:17:21.530069+00:00,50.75,50.093,50.75,50.468,0,306,1020,,5471,519,2755,1785,0.2,729
162.0,2026-08-05T03:17:22.536148+00:00,50.812,49.906,50.812,50.468,0,306,1020,,5471,519,2795,1785,0.3,729
163.0,2026-08-05T03:17:23.542109+00:00,51.031,49.968,51.031,50.593,0,306,1020,,5471,519,2795,1785,0.5,729
164.0,2026-08-05T03:17:24.547934+00:00,51.093,50.062,51.093,50.343,0,306,1020,,5471,519,2795,1785,0.0,729
165.0,2026-08-05T03:17:25.553873+00:00,51.125,49.968,51.125,50.437,0,306,1020,,5471,519,2795,1785,0.3,729
166.0,2026-08-05T03:17:26.560089+00:00,51.125,50.125,51.125,50.406,0,306,1020,,5471,519,2755,1785,0.3,729
167.0,2026-08-05T03:17:27.566105+00:00,50.812,49.937,50.812,50.5,0,306,1020,,5471,519,2755,1785,0.2,729
168.0,2026-08-05T03:17:28.572052+00:00,50.843,49.937,50.843,50.531,0,306,1020,,5471,519,2795,1785,0.5,729
169.0,2026-08-05T03:17:29.577886+00:00,50.906,50.093,50.906,50.468,0,306,1020,,5471,519,2795,1785,0.2,729
170.0,2026-08-05T03:17:30.583662+00:00,50.812,49.968,50.812,50.5,0,306,1020,,5480,519,2795,1785,0.2,729
171.0,2026-08-05T03:17:31.589651+00:00,50.937,50.093,51.218,50.437,0,306,1020,,5600,559,2835,1785,0.2,729
172.0,2026-08-05T03:17:32.595717+00:00,51.218,49.968,51.218,50.437,0,306,1020,,5480,519,2795,1785,0.2,729
173.0,2026-08-05T03:17:33.601609+00:00,51.187,49.968,51.187,50.375,0,306,1020,,5471,519,2795,1785,0.3,729
174.0,2026-08-05T03:17:34.607747+00:00,51.156,50.031,51.156,50.468,0,306,1020,,5471,519,2795,1785,0.5,729
175.0,2026-08-05T03:17:35.613697+00:00,51.218,49.937,51.218,50.406,0,306,1020,,5471,519,2795,1785,0.5,729
176.0,2026-08-05T03:17:36.619843+00:00,51,49.968,51,50.468,0,306,1020,,5471,519,2795,1785,0.2,729
177.1,2026-08-05T03:17:37.626323+00:00,50.968,50.062,50.968,50.5,0,306,1020,,5471,519,2795,1789,0.3,729
178.1,2026-08-05T03:17:38.632546+00:00,51.031,50.125,51.031,50.468,0,306,1020,,5591,559,2835,1789,0.3,729
179.1,2026-08-05T03:17:39.638372+00:00,51.281,50.031,51.281,50.5,0,306,1020,,5471,519,2795,1789,0.2,729
180.1,2026-08-05T03:17:40.644679+00:00,50.812,50.218,50.812,50.437,0,306,1020,,5471,519,2795,1789,0.5,729
181.1,2026-08-05T03:17:41.650791+00:00,50.875,49.937,50.875,50.593,0,306,1020,,5471,519,2795,1789,0.5,729
182.1,2026-08-05T03:17:42.657049+00:00,50.875,50.031,50.937,50.437,0,306,1020,,5471,519,2795,1789,0.2,729
183.1,2026-08-05T03:17:43.662878+00:00,51.031,50.187,51.031,50.437,0,306,1020,,5471,519,2795,1789,0.3,729
184.1,2026-08-05T03:17:44.668823+00:00,50.968,49.937,50.968,50.531,0,306,1020,,5480,519,2795,1789,0.7,729
185.1,2026-08-05T03:17:45.674640+00:00,51.062,50,51.062,50.468,0,306,1020,,5471,519,2795,1789,0.2,729
186.1,2026-08-05T03:17:46.680585+00:00,51.093,49.937,51.093,50.437,0,306,1020,,5551,519,2795,1789,0.3,729
187.1,2026-08-05T03:17:47.686816+00:00,50.843,50.031,50.843,50.437,0,306,1020,,5480,479,2795,1789,0.2,729
188.1,2026-08-05T03:17:48.692916+00:00,50.875,50.187,50.875,50.437,0,306,1020,,5431,479,2795,1789,0.2,729
189.1,2026-08-05T03:17:49.699157+00:00,50.843,49.937,50.843,50.406,0,306,1020,,5471,519,2755,1789,0.3,729
190.1,2026-08-05T03:17:50.705499+00:00,50.843,50,50.937,50.531,0,306,1020,,5471,519,2795,1789,0.3,729
191.1,2026-08-05T03:17:51.711184+00:00,51,50.093,51,50.437,0,306,1020,,5471,479,2795,1789,0.3,729
192.1,2026-08-05T03:17:52.717251+00:00,51.031,49.906,51.031,50.406,0,306,1020,,5471,519,2795,1789,0.2,729
193.2,2026-08-05T03:17:53.723006+00:00,51.125,50.156,51.125,50.468,0,306,1020,,5471,519,2795,1789,0.5,729
194.2,2026-08-05T03:17:54.729490+00:00,51.093,49.843,51.093,50.5,0,306,1020,,5480,519,2795,1789,0.2,729
195.2,2026-08-05T03:17:55.735413+00:00,50.875,49.937,50.875,50.406,0,306,1020,,5471,519,2795,1789,0.2,729
196.2,2026-08-05T03:17:56.741329+00:00,50.875,50.062,50.875,50.375,0,306,1020,,5480,519,2755,1789,0.3,729
197.2,2026-08-05T03:17:57.747209+00:00,50.937,49.906,50.937,50.437,0,306,1020,,5480,519,2755,1789,0.2,729
198.2,2026-08-05T03:17:58.753634+00:00,50.812,49.968,50.812,50.468,0,306,1020,,5480,519,2755,1789,0.3,729
199.2,2026-08-05T03:17:59.760117+00:00,51.187,50.031,51.187,50.531,0,306,1020,,5471,519,2795,1789,0.2,729
200.2,2026-08-05T03:18:00.766453+00:00,51.125,50.062,51.125,50.375,0,306,1020,,5471,519,2755,1789,0.5,729
201.2,2026-08-05T03:18:01.773806+00:00,50.937,50.031,50.937,50.375,0,306,1020,,5480,519,2795,1789,0.5,729
202.2,2026-08-05T03:18:02.780189+00:00,50.812,49.906,50.812,50.468,0,306,1020,,5480,519,2755,1789,0.2,729
203.2,2026-08-05T03:18:03.786124+00:00,50.812,49.906,50.812,50.468,0,306,1020,,5480,479,2755,1789,0.5,729
204.2,2026-08-05T03:18:04.792614+00:00,51.25,49.968,51.25,50.375,0,306,1020,,5480,519,2795,1789,0.2,729
205.2,2026-08-05T03:18:05.798907+00:00,51.156,50.187,51.156,50.468,0,306,1020,,5480,519,2795,1789,0.2,729
206.2,2026-08-05T03:18:06.805311+00:00,51.281,49.906,51.281,50.562,0,306,1020,,5480,519,2755,1789,0.5,729
207.2,2026-08-05T03:18:07.811776+00:00,50.906,49.968,50.906,50.468,0,306,1020,,5480,519,2755,1789,0.2,729
208.2,2026-08-05T03:18:08.818127+00:00,50.937,50.218,50.937,50.25,0,306,1020,,5480,519,2795,1789,0.3,729
209.3,2026-08-05T03:18:09.824261+00:00,50.906,49.937,50.906,50.375,0,306,1020,,5480,519,2795,1789,0.0,729
210.3,2026-08-05T03:18:10.830129+00:00,51,50.156,51,50.437,0,306,1020,,5480,519,2795,1789,0.5,729
211.3,2026-08-05T03:18:11.836138+00:00,50.75,50.031,50.75,50.593,0,306,1020,,5480,519,2755,1789,0.5,729
212.3,2026-08-05T03:18:12.842015+00:00,50.875,49.968,50.875,50.406,0,306,1020,,5480,519,2755,1789,0.2,729
213.3,2026-08-05T03:18:13.847973+00:00,50.906,50.093,50.906,50.406,0,306,1020,,5471,519,2755,1789,0.0,729
214.3,2026-08-05T03:18:14.853929+00:00,50.75,49.937,50.75,50.468,0,306,1020,,5480,519,2755,1789,0.5,729
215.3,2026-08-05T03:18:15.859838+00:00,51,49.968,51,50.562,0,306,1020,,5471,519,2755,1789,0.3,729
216.3,2026-08-05T03:18:16.866279+00:00,51,50.062,51,50.437,0,306,1020,,5480,519,2755,1789,0.7,729
217.3,2026-08-05T03:18:17.871968+00:00,51.093,50.25,51.093,50.437,0,306,1020,,5471,519,2755,1789,0.3,729
218.3,2026-08-05T03:18:18.879493+00:00,51.031,50,50.812,50.5,0,306,1020,,5471,519,2755,1790,0.5,729
219.3,2026-08-05T03:18:19.885637+00:00,50.812,49.968,50.812,50.531,0,306,1020,,5471,519,2755,1790,0.2,729
220.3,2026-08-05T03:18:20.891817+00:00,50.843,49.906,50.843,50.562,0,306,1020,,5471,519,2755,1790,0.5,729
221.3,2026-08-05T03:18:21.897764+00:00,50.812,49.968,50.812,50.406,0,306,1020,,5480,519,2755,1790,0.2,729
222.3,2026-08-05T03:18:22.903825+00:00,51.156,50.187,51.156,50.437,0,306,1020,,5480,519,2755,1790,0.5,729
223.3,2026-08-05T03:18:23.909661+00:00,51.093,49.937,51.093,50.531,0,306,1020,,5591,559,2835,1790,0.2,729
224.3,2026-08-05T03:18:24.915557+00:00,51.187,49.968,51.187,50.562,0,306,1020,,5480,479,2795,1790,0.3,729
225.4,2026-08-05T03:18:25.921319+00:00,51.218,50.031,51.218,50.406,0,306,1020,,5480,519,2795,1790,0.3,729
226.4,2026-08-05T03:18:26.927052+00:00,50.843,50.062,50.843,50.468,0,306,1020,,5480,519,2755,1790,0.3,729
227.4,2026-08-05T03:18:27.932764+00:00,50.906,50.25,50.906,50.406,0,306,1020,,5480,519,2755,1791,0.2,729
228.4,2026-08-05T03:18:28.940182+00:00,50.906,49.937,50.906,50.468,0,306,1020,,5480,519,2755,1789,0.8,729
229.4,2026-08-05T03:18:29.945653+00:00,50.937,49.968,50.937,50.562,0,306,1020,,5471,519,2795,1789,0.3,729
230.4,2026-08-05T03:18:30.951424+00:00,51.25,50.125,51.25,50.468,0,306,1020,,5471,519,2795,1789,0.0,729
231.4,2026-08-05T03:18:31.957917+00:00,51.281,49.937,51.281,50.406,0,306,1020,,5471,519,2755,1789,0.8,729
232.4,2026-08-05T03:18:32.963624+00:00,51.281,49.968,51.281,50.468,0,306,1020,,5471,519,2755,1789,0.3,729
233.4,2026-08-05T03:18:33.969172+00:00,51.218,50,51.218,50.562,0,306,1020,,5480,519,2755,1789,0.3,729
234.4,2026-08-05T03:18:34.975062+00:00,50.906,49.968,50.906,50.343,0,306,1020,,5480,519,2755,1789,0.5,729
235.4,2026-08-05T03:18:35.980830+00:00,50.937,50.093,50.937,50.375,0,306,1020,,5471,519,2755,1789,0.5,729
236.4,2026-08-05T03:18:36.986620+00:00,51,49.968,51,50.468,0,306,1020,,5480,519,2755,1789,0.3,729
237.4,2026-08-05T03:18:37.992305+00:00,50.906,50.031,50.906,50.531,0,306,1020,,5471,519,2755,1789,0.5,729
238.4,2026-08-05T03:18:38.998053+00:00,50.937,49.968,50.937,50.5,0,306,1020,,5471,519,2795,1789,0.3,729
239.4,2026-08-05T03:18:40.003823+00:00,50.812,50.281,50.812,50.375,0,306,1020,,5471,479,2755,1789,0.2,729
240.4,2026-08-05T03:18:41.009558+00:00,50.812,50.062,50.812,50.437,0,306,1020,,5471,519,2755,1789,0.5,729
241.4,2026-08-05T03:18:42.015141+00:00,50.781,49.875,50.781,50.437,0,306,1020,,5471,519,2755,1789,0.3,729
242.5,2026-08-05T03:18:43.020835+00:00,50.843,49.937,50.843,50.437,0,306,1020,,5480,519,2755,1789,0.3,729
243.5,2026-08-05T03:18:44.026488+00:00,50.75,50.031,50.75,50.5,0,306,1020,,5431,479,2755,1789,0.5,729
244.5,2026-08-05T03:18:45.032228+00:00,51,50.125,51,50.343,0,306,1020,,5471,479,2755,1789,0.3,729
245.5,2026-08-05T03:18:46.038083+00:00,51.062,50.062,51.062,50.343,0,306,1020,,5471,519,2795,1789,0.3,729
246.5,2026-08-05T03:18:47.043960+00:00,51.062,49.875,51.062,50.437,0,306,1020,,5471,519,2755,1789,0.2,729
247.5,2026-08-05T03:18:48.049937+00:00,51.031,49.906,51.031,50.468,0,306,1020,,5471,519,2795,1789,0.7,729
248.5,2026-08-05T03:18:49.055528+00:00,51.156,50,51.156,50.281,0,306,1020,,5471,519,2755,1789,0.2,729
249.5,2026-08-05T03:18:50.061295+00:00,50.968,50.125,50.968,50.437,0,306,1020,,5431,479,2755,1789,0.5,729
250.5,2026-08-05T03:18:51.067012+00:00,50.937,50,50.937,50.406,0,306,1020,,5471,519,2755,1789,0.3,729
251.5,2026-08-05T03:18:52.072759+00:00,50.843,49.906,50.843,50.468,0,306,1020,,5471,519,2755,1789,0.0,729
252.5,2026-08-05T03:18:53.078557+00:00,50.812,49.906,50.812,50.531,0,306,1020,,5471,519,2755,1789,0.5,729
253.5,2026-08-05T03:18:54.084420+00:00,50.812,49.968,50.812,50.375,0,306,1020,,5471,519,2795,1789,0.5,729
254.5,2026-08-05T03:18:55.090132+00:00,51.25,50.125,51.25,50.468,0,306,1020,,5471,519,2755,1789,0.2,729
255.5,2026-08-05T03:18:56.095939+00:00,51.156,49.906,51.156,50.468,0,306,1020,,5431,479,2755,1789,0.3,729
256.5,2026-08-05T03:18:57.101452+00:00,51.218,49.968,51.218,50.562,0,306,1020,,5431,519,2795,1789,0.7,729
257.5,2026-08-05T03:18:58.107300+00:00,51.218,49.843,51.218,50.468,0,306,1020,,5431,479,2755,1789,0.2,729
258.5,2026-08-05T03:18:59.113201+00:00,50.781,49.968,50.781,50.343,0,306,1020,,5431,479,2755,1789,0.7,729
259.5,2026-08-05T03:19:00.118913+00:00,50.937,50.093,50.937,50.343,0,306,1020,,5471,519,2795,1789,0.3,729
260.6,2026-08-05T03:19:01.124589+00:00,50.843,49.937,50.843,50.406,0,306,1020,,5471,519,2795,1789,0.3,729
261.6,2026-08-05T03:19:02.130433+00:00,50.875,50,50.875,50.468,0,306,1020,,5471,519,2795,1789,0.7,729
262.6,2026-08-05T03:19:03.136083+00:00,50.906,50.031,50.906,50.437,0,306,1020,,5471,519,2755,1789,0.2,729
263.6,2026-08-05T03:19:04.141715+00:00,50.937,50.031,50.937,50.375,0,306,1020,,5471,519,2755,1789,0.2,729
264.6,2026-08-05T03:19:05.147688+00:00,50.781,50.125,50.781,50.375,0,306,1020,,5431,479,2755,1789,0.3,729
265.6,2026-08-05T03:19:06.153303+00:00,50.812,49.781,50.812,50.406,0,306,1020,,5431,479,2755,1789,0.5,729
266.6,2026-08-05T03:19:07.158992+00:00,50.843,50,50.843,50.531,0,306,1020,,5431,479,2755,1789,0.2,729
267.6,2026-08-05T03:19:08.164853+00:00,50.75,50.031,50.75,50.312,0,306,1020,,5471,479,2755,1789,0.5,729
268.6,2026-08-05T03:19:09.170427+00:00,50.781,49.906,50.781,50.406,0,306,1020,,5471,479,2795,1789,0.5,729
269.6,2026-08-05T03:19:10.176015+00:00,50.968,50.093,50.968,50.406,0,306,1020,,5431,479,2755,1789,0.3,729
270.6,2026-08-05T03:19:11.182157+00:00,51.031,49.843,51.031,50.437,0,306,1020,,5431,479,2795,1789,0.7,729
271.6,2026-08-05T03:19:12.187882+00:00,51.062,49.875,51.062,50.5,0,306,1020,,5431,479,2755,1789,0.3,729
272.6,2026-08-05T03:19:13.193798+00:00,51,50.031,51,50.281,0,306,1020,,5431,479,2755,1789,0.3,729
273.6,2026-08-05T03:19:14.199963+00:00,50.781,49.875,50.781,50.406,0,306,1020,,5431,479,2755,1789,0.5,729
274.6,2026-08-05T03:19:15.206250+00:00,50.843,50.031,50.843,50.437,0,306,1020,,5471,519,2755,1789,0.5,729
275.6,2026-08-05T03:19:16.212223+00:00,50.843,50,50.843,50.468,0,306,1020,,5910,638,2995,1789,0.2,729
276.6,2026-08-05T03:19:17.218265+00:00,50.781,49.906,50.781,50.375,0,306,1020,,5511,519,2795,1789,0.7,729
277.7,2026-08-05T03:19:18.224197+00:00,51.062,50.031,51.062,50.468,0,306,1020,,5471,479,2795,1789,0.5,729
278.7,2026-08-05T03:19:19.229701+00:00,51.125,49.875,51.125,50.375,0,306,1020,,5471,519,2795,1789,0.3,729
279.7,2026-08-05T03:19:20.235494+00:00,51.187,49.906,51.187,50.468,0,306,1020,,5431,479,2795,1789,0.3,729
280.7,2026-08-05T03:19:21.241910+00:00,51.187,49.968,51.187,50.5,0,306,1020,,5471,519,2795,1789,0.5,729
281.7,2026-08-05T03:19:22.248576+00:00,50.812,50.062,50.812,50.375,0,306,1020,,5471,519,2795,1789,0.7,729
282.7,2026-08-05T03:19:23.255066+00:00,50.906,49.968,50.906,50.468,0,306,1020,,5471,519,2795,1789,0.8,729
283.7,2026-08-05T03:19:24.260655+00:00,50.875,49.906,50.875,50.468,0,306,1020,,5471,519,2795,1789,0.2,729
284.7,2026-08-05T03:19:25.266758+00:00,51.218,49.906,51.218,50.437,0,306,1020,,5471,519,2795,1789,0.5,729
285.7,2026-08-05T03:19:26.272960+00:00,50.687,49.968,50.687,50.375,0,306,1020,,5471,519,2795,1789,0.2,729
286.7,2026-08-05T03:19:27.279267+00:00,50.718,50.062,50.718,50.343,0,306,1020,,5471,519,2795,1789,0.3,729
287.7,2026-08-05T03:19:28.285500+00:00,50.843,49.843,50.843,50.343,0,306,1020,,5471,519,2795,1789,0.5,729
288.7,2026-08-05T03:19:29.291393+00:00,50.843,49.906,50.843,50.468,0,306,1020,,5471,519,2795,1789,0.5,729
289.7,2026-08-05T03:19:30.297661+00:00,50.906,50.062,50.906,50.406,0,306,1020,,5471,519,2795,1789,0.2,729
290.7,2026-08-05T03:19:31.303976+00:00,50.718,49.875,50.718,50.437,0,306,1020,,5471,519,2795,1789,0.5,729
291.7,2026-08-05T03:19:32.309925+00:00,50.812,49.968,50.812,50.468,0,306,1020,,5471,519,2795,1789,0.3,729
292.7,2026-08-05T03:19:33.316217+00:00,50.781,49.968,50.781,50.468,0,306,1020,,5471,519,2795,1789,0.3,729
293.8,2026-08-05T03:19:34.322394+00:00,50.906,49.906,50.906,50.406,0,306,1020,,5471,519,2795,1789,0.3,729
294.8,2026-08-05T03:19:35.328695+00:00,51,50.062,51,50.343,0,306,1020,,5471,519,2795,1789,0.3,729
295.8,2026-08-05T03:19:36.334703+00:00,51.062,49.875,51.062,50.468,0,306,1020,,5480,519,2795,1789,0.3,729
296.8,2026-08-05T03:19:37.340973+00:00,51.031,49.843,51.031,50.468,0,306,1020,,5471,519,2795,1789,0.7,729
297.8,2026-08-05T03:19:38.346928+00:00,50.75,49.968,50.75,50.343,0,306,1020,,5471,519,2795,1789,0.3,729
298.8,2026-08-05T03:19:39.352712+00:00,50.812,50.156,50.812,50.375,0,306,1020,,5591,559,2835,1789,0.3,729
299.8,2026-08-05T03:19:40.358644+00:00,50.843,50.031,50.843,50.468,0,306,1020,,5471,519,2795,1789,0.3,729
300.8,2026-08-05T03:19:41.364671+00:00,50.843,49.968,50.843,50.437,0,306,1020,,5471,519,2795,1789,0.3,729
301.8,2026-08-05T03:19:42.370354+00:00,51.093,49.875,51.093,50.5,0,306,1020,,5431,479,2795,1789,0.5,729
302.8,2026-08-05T03:19:43.376103+00:00,51.093,50,51.093,50.375,0,306,1020,,5431,479,2795,1789,0.3,729
303.8,2026-08-05T03:19:44.381897+00:00,51.031,50.125,51.031,50.375,0,306,1020,,5431,479,2795,1789,0.3,729
304.8,2026-08-05T03:19:45.387720+00:00,51.156,49.937,51.156,50.468,0,306,1020,,5471,479,2795,1789,0.5,729
305.8,2026-08-05T03:19:46.393676+00:00,51.093,49.937,50.843,50.468,0,306,1020,,5471,519,2795,1789,0.5,729
306.8,2026-08-05T03:19:47.399233+00:00,50.906,50.031,50.906,50.343,0,306,1020,,5471,479,2795,1789,0.5,729
307.8,2026-08-05T03:19:48.404904+00:00,50.937,49.968,50.937,50.406,0,306,1020,,5471,479,2795,1789,0.2,729
308.8,2026-08-05T03:19:49.410688+00:00,50.875,50.187,50.875,50.468,0,306,1020,,5431,479,2795,1789,0.3,729
309.8,2026-08-05T03:19:50.416589+00:00,50.906,49.906,50.906,50.375,0,306,1020,,5431,479,2795,1789,0.5,729
310.9,2026-08-05T03:19:51.422225+00:00,50.812,50,51.218,50.531,0,306,1020,,5431,479,2795,1789,0.5,729
311.9,2026-08-05T03:19:52.428149+00:00,51.218,50.031,51.218,50.468,0,306,1020,,5471,519,2795,1789,0.3,729
312.9,2026-08-05T03:19:53.433881+00:00,50.718,49.968,50.718,50.375,0,306,1020,,5511,519,2795,1789,0.5,729
313.9,2026-08-05T03:19:54.439673+00:00,50.718,50.156,50.718,50.468,0,306,1020,,5471,519,2795,1789,0.2,729
314.9,2026-08-05T03:19:55.445374+00:00,50.75,49.968,50.75,50.468,0,306,1020,,5471,519,2795,1789,0.3,729
315.9,2026-08-05T03:19:56.451188+00:00,51.031,49.968,51.031,50.531,0,306,1020,,5471,519,2795,1789,0.5,729
316.9,2026-08-05T03:19:57.457230+00:00,50.937,50.093,50.937,50.406,0,306,1020,,5471,519,2795,1789,0.3,729
317.9,2026-08-05T03:19:58.463154+00:00,51,49.875,51,50.343,0,306,1020,,5471,519,2795,1789,0.3,729
318.9,2026-08-05T03:19:59.468988+00:00,50.968,50,50.968,50.437,0,306,1020,,5471,519,2795,1789,0.3,729
319.9,2026-08-05T03:20:00.474904+00:00,51.031,49.843,50.781,50.468,0,306,1020,,5471,519,2795,1789,0.0,729
320.9,2026-08-05T03:20:01.480863+00:00,50.75,50,50.75,50.406,0,306,1020,,5471,519,2795,1789,0.3,729
321.9,2026-08-05T03:20:02.486722+00:00,50.781,50.125,50.781,50.406,0,306,1020,,5471,519,2795,1789,0.5,729
322.9,2026-08-05T03:20:03.492609+00:00,50.906,49.968,50.906,50.468,0,306,1020,,5471,519,2795,1789,0.5,729
323.9,2026-08-05T03:20:04.498446+00:00,50.75,49.937,50.75,50.437,0,306,1020,,5471,519,2795,1789,0.2,729
324.9,2026-08-05T03:20:05.504353+00:00,51.062,50.031,51.062,50.468,0,306,1020,,5471,519,2795,1789,0.5,729
325.9,2026-08-05T03:20:06.509881+00:00,51.062,50.281,51.062,50.406,0,306,1020,,5471,519,2795,1789,0.2,729
326.9,2026-08-05T03:20:07.516143+00:00,51.062,50.062,51.062,50.437,0,306,1020,,5471,519,2795,1789,0.2,729
328.0,2026-08-05T03:20:08.522001+00:00,51.125,49.906,51.125,50.468,0,306,1020,,5511,519,2795,1789,0.7,729
329.0,2026-08-05T03:20:09.527804+00:00,50.937,49.968,50.937,50.468,0,306,1020,,5471,519,2795,1789,0.3,729
330.0,2026-08-05T03:20:10.533873+00:00,50.843,50.031,50.843,50.468,0,306,1020,,5471,519,2795,1789,0.2,729
331.0,2026-08-05T03:20:11.539945+00:00,50.843,50.187,50.843,50.468,0,306,1020,,5471,519,2795,1789,0.3,729
332.0,2026-08-05T03:20:12.545811+00:00,50.875,49.968,50.875,50.437,0,306,1020,,5431,479,2795,1789,0.3,729
333.0,2026-08-05T03:20:13.551557+00:00,51.187,49.906,51.187,50.437,0,306,1020,,5471,519,2755,1789,0.5,729
334.0,2026-08-05T03:20:14.557208+00:00,51.187,49.906,51.187,50.468,0,306,1020,,5471,519,2795,1789,0.3,729
335.0,2026-08-05T03:20:15.563243+00:00,51.218,49.968,51.218,50.437,0,306,1020,,5471,519,2755,1789,0.3,729
336.0,2026-08-05T03:20:16.569014+00:00,51.218,50.218,51.218,50.468,0,306,1020,,5471,519,2795,1789,0.3,729
337.0,2026-08-05T03:20:17.575278+00:00,50.937,49.937,50.937,50.5,0,306,1020,,5471,519,2795,1789,0.3,729
338.0,2026-08-05T03:20:18.581246+00:00,50.875,50.031,50.875,50.468,0,306,1020,,5471,519,2795,1789,0.0,729
339.0,2026-08-05T03:20:19.587064+00:00,50.937,50.031,50.937,50.343,0,306,1020,,5471,519,2795,1789,0.5,729
340.0,2026-08-05T03:20:20.593279+00:00,50.937,49.906,50.937,50.375,0,306,1020,,5480,519,2795,1789,0.3,729
341.0,2026-08-05T03:20:21.599336+00:00,50.718,50.156,50.718,50.437,0,306,1020,,5471,519,2795,1789,0.3,729
342.0,2026-08-05T03:20:22.605539+00:00,50.781,49.875,50.781,50.468,0,306,1020,,5471,519,2795,1789,0.2,729
343.0,2026-08-05T03:20:23.612396+00:00,50.781,49.968,50.781,50.406,0,306,1020,,5551,559,2835,1789,0.5,729
344.0,2026-08-05T03:20:24.618116+00:00,50.937,50.093,50.937,50.312,0,306,1020,,5471,519,2795,1789,0.0,729
345.1,2026-08-05T03:20:25.623774+00:00,50.906,49.906,50.906,50.437,0,306,1020,,5471,519,2755,1789,0.5,729
346.1,2026-08-05T03:20:26.629864+00:00,51,50.031,51,50.343,0,306,1020,,5471,519,2755,1789,0.2,729
347.1,2026-08-05T03:20:27.635808+00:00,50.968,50,50.968,50.562,0,306,1020,,5471,519,2755,1789,0.3,729
348.1,2026-08-05T03:20:28.642452+00:00,50.812,49.875,50.812,50.343,0,306,1020,,5471,519,2755,1789,0.3,729
349.1,2026-08-05T03:20:29.648682+00:00,50.812,50.062,50.812,50.406,0,306,1020,,5471,519,2755,1789,0.3,729
350.1,2026-08-05T03:20:30.654575+00:00,50.75,49.843,50.75,50.437,0,306,1020,,5471,519,2755,1789,0.5,729
351.1,2026-08-05T03:20:31.661164+00:00,51.062,49.937,51.062,50.375,0,306,1020,,5471,519,2795,1789,0.2,729
352.1,2026-08-05T03:20:32.668256+00:00,51.062,50.062,51.062,50.375,0,306,1020,,5471,519,2755,1789,0.3,729
353.1,2026-08-05T03:20:33.674052+00:00,51.031,50.25,51.031,50.437,0,306,1020,,5471,519,2755,1789,0.5,729
354.1,2026-08-05T03:20:34.680052+00:00,50.812,49.968,50.812,50.437,0,306,1020,,5471,519,2755,1789,0.5,729
355.1,2026-08-05T03:20:35.685796+00:00,50.875,50.031,50.875,50.343,0,306,1020,,5471,519,2755,1789,0.5,729
356.1,2026-08-05T03:20:36.691586+00:00,50.781,50.062,50.781,50.343,0,306,1020,,5471,519,2755,1789,0.2,729
357.1,2026-08-05T03:20:37.697413+00:00,50.843,50,50.843,50.437,0,306,1020,,5471,519,2755,1789,0.5,729
358.1,2026-08-05T03:20:38.703405+00:00,51.062,50.25,51.062,50.437,0,306,1020,,5630,559,2835,1789,0.3,729
359.1,2026-08-05T03:20:39.709416+00:00,51.187,49.906,51.187,50.468,0,306,1020,,5471,519,2795,1789,0.2,729
360.1,2026-08-05T03:20:40.715787+00:00,51.187,49.906,51.187,50.375,0,306,1020,,5471,519,2755,1789,0.3,729
361.2,2026-08-05T03:20:41.721795+00:00,51.187,50.125,50.875,50.437,0,306,1020,,5471,519,2755,1789,0.5,729
362.2,2026-08-05T03:20:42.727480+00:00,50.843,49.937,50.843,50.468,0,306,1020,,5431,479,2755,1789,0.3,729
363.2,2026-08-05T03:20:43.733579+00:00,50.812,49.968,50.812,50.468,0,306,1020,,5431,479,2755,1789,0.3,729
364.2,2026-08-05T03:20:44.739738+00:00,50.843,49.968,50.843,50.375,0,306,1020,,5440,479,2755,1789,0.2,729
365.2,2026-08-05T03:20:45.745854+00:00,51.187,49.906,51.187,50.437,0,306,1020,,5431,479,2755,1789,0.2,729
366.2,2026-08-05T03:20:46.752470+00:00,50.718,50.093,50.718,50.375,0,306,1020,,5471,519,2795,1789,0.3,729
367.2,2026-08-05T03:20:47.758393+00:00,50.781,49.843,50.781,50.437,0,306,1020,,5471,519,2755,1789,0.5,729
368.2,2026-08-05T03:20:48.764175+00:00,50.718,49.906,50.718,50.531,0,306,1020,,5431,479,2755,1789,0.2,729
369.2,2026-08-05T03:20:49.770237+00:00,50.937,50.031,50.937,50.406,0,306,1020,,5480,519,2755,1789,0.5,729
370.2,2026-08-05T03:20:50.776110+00:00,50.906,49.843,50.906,50.468,0,306,1020,,5480,479,2755,1789,0.2,729
371.2,2026-08-05T03:20:51.781944+00:00,50.875,50.031,50.875,50.375,0,306,1020,,5471,479,2795,1789,0.2,729
372.2,2026-08-05T03:20:52.788510+00:00,50.75,49.906,50.75,50.468,0,306,1020,,5471,519,2755,1789,0.3,729
373.2,2026-08-05T03:20:53.794350+00:00,50.75,49.906,50.75,50.375,0,306,1020,,5551,519,2795,1789,0.7,729
374.2,2026-08-05T03:20:54.799961+00:00,50.781,49.937,50.781,50.375,0,306,1020,,5431,479,2795,1789,0.2,729
375.2,2026-08-05T03:20:55.805776+00:00,50.718,49.843,50.718,50.343,0,306,1020,,5471,519,2755,1789,0.5,729
376.2,2026-08-05T03:20:56.811505+00:00,50.718,49.906,50.718,50.468,0,306,1020,,5471,519,2755,1789,0.5,729
377.2,2026-08-05T03:20:57.817130+00:00,50.968,49.937,50.968,50.531,0,306,1020,,5431,479,2755,1789,0.3,729
378.3,2026-08-05T03:20:58.822958+00:00,51,50.125,51,50.343,0,306,1020,,5471,479,2755,1789,0.3,729
379.3,2026-08-05T03:20:59.828633+00:00,50.968,49.968,50.968,50.343,0,306,1020,,5431,519,2755,1789,0.3,729
380.3,2026-08-05T03:21:00.834329+00:00,51,49.812,51,50.406,0,306,1020,,5431,479,2755,1789,0.5,729
381.3,2026-08-05T03:21:01.840187+00:00,51.062,49.875,51.062,50.406,0,306,1020,,5511,519,2795,1789,0.3,729
382.3,2026-08-05T03:21:02.846177+00:00,50.75,49.937,50.75,50.343,0,306,1020,,5471,519,2795,1789,0.3,729
383.3,2026-08-05T03:21:03.851995+00:00,50.75,50.125,50.75,50.312,0,306,1020,,5431,519,2755,1789,0.3,729
384.3,2026-08-05T03:21:04.857963+00:00,50.75,49.968,50.75,50.406,0,306,1020,,5471,519,2755,1789,0.5,729
385.3,2026-08-05T03:21:05.863750+00:00,50.781,50.156,50.781,50.312,0,306,1020,,5471,519,2755,1789,0.5,729
386.3,2026-08-05T03:21:06.869511+00:00,50.781,49.875,50.781,50.437,0,306,1020,,5471,519,2755,1789,0.2,729
387.3,2026-08-05T03:21:07.875347+00:00,51.187,49.968,51.187,50.406,0,306,1020,,5431,479,2755,1789,0.3,729
388.3,2026-08-05T03:21:08.881328+00:00,51.093,50.062,51.093,50.406,0,306,1020,,5471,519,2795,1789,0.3,729
389.3,2026-08-05T03:21:09.887633+00:00,51.187,49.812,51.187,50.343,0,306,1020,,5471,479,2755,1789,0.2,729
390.3,2026-08-05T03:21:10.893875+00:00,50.812,49.906,50.812,50.375,0,306,1020,,5471,519,2755,1789,0.3,729
391.3,2026-08-05T03:21:11.900090+00:00,50.718,50,50.718,50.343,0,306,1020,,5471,479,2755,1789,0.5,729
392.3,2026-08-05T03:21:12.905966+00:00,50.843,49.906,50.843,50.406,0,306,1020,,5431,479,2755,1789,0.2,729
393.3,2026-08-05T03:21:13.911782+00:00,50.812,50.062,50.812,50.312,0,306,1020,,5431,479,2755,1789,0.2,729
394.3,2026-08-05T03:21:14.917535+00:00,50.687,49.812,50.687,50.437,0,306,1020,,5471,519,2755,1789,0.3,729
395.4,2026-08-05T03:21:15.923341+00:00,50.718,49.968,50.718,50.468,0,306,1020,,5551,519,2795,1789,0.2,1728
396.4,2026-08-05T03:21:16.929344+00:00,50.718,49.968,50.718,50.343,0,306,1020,,5471,519,2795,1789,0.3,729
397.4,2026-08-05T03:21:17.935449+00:00,50.718,49.875,50.718,50.375,0,306,1020,,5471,519,2755,1789,0.5,729
398.4,2026-08-05T03:21:18.941782+00:00,50.843,49.968,50.843,50.437,0,306,1020,,5431,479,2755,1789,0.0,729
399.4,2026-08-05T03:21:19.947996+00:00,50.843,49.906,50.843,50.468,0,306,1020,,5471,519,2755,1789,0.2,729
400.4,2026-08-05T03:21:20.953926+00:00,50.906,49.875,50.906,50.312,0,306,1020,,5471,519,2755,1789,0.5,729
401.4,2026-08-05T03:21:21.960022+00:00,50.875,49.937,50.875,50.343,0,306,1020,,5480,519,2755,1789,0.2,729
402.4,2026-08-05T03:21:22.966331+00:00,50.718,49.843,50.718,50.343,0,306,1020,,5471,519,2755,1789,0.5,729
403.4,2026-08-05T03:21:23.972575+00:00,50.781,49.843,50.781,50.312,0,306,1020,,5511,519,2795,1789,0.3,729
404.4,2026-08-05T03:21:24.978464+00:00,50.75,49.937,50.75,50.343,0,306,1020,,5471,519,2755,1789,0.5,729
405.4,2026-08-05T03:21:25.984556+00:00,51,50.093,51,50.343,0,306,1020,,5471,519,2755,1789,0.2,729
406.4,2026-08-05T03:21:26.990700+00:00,50.968,49.906,50.968,50.375,0,306,1020,,5471,519,2755,1789,0.5,729
407.4,2026-08-05T03:21:27.996606+00:00,50.968,49.875,50.968,50.468,0,306,1020,,5471,519,2755,1789,0.3,729
408.4,2026-08-05T03:21:29.002813+00:00,51,49.812,50.75,50.468,0,306,1020,,5471,519,2755,1789,0.3,729
409.4,2026-08-05T03:21:30.008563+00:00,50.718,49.875,50.718,50.281,0,306,1020,,5471,519,2755,1789,0.5,729
410.4,2026-08-05T03:21:31.014858+00:00,50.718,50,50.718,50.312,0,306,1020,,5551,519,2795,1789,0.2,729
411.5,2026-08-05T03:21:32.020736+00:00,50.75,49.75,50.75,50.312,0,306,1020,,5471,519,2795,1789,0.2,729
412.5,2026-08-05T03:21:33.026587+00:00,50.781,49.968,51.031,50.437,0,306,1020,,5471,519,2755,1789,0.5,729
413.5,2026-08-05T03:21:34.032331+00:00,51.093,49.937,51.093,50.25,0,306,1020,,5471,519,2755,1789,0.2,729
414.5,2026-08-05T03:21:35.038228+00:00,51.125,49.875,51.125,50.25,0,306,1020,,5471,519,2755,1789,0.3,729
415.5,2026-08-05T03:21:36.044020+00:00,51.093,50.125,51.093,50.343,0,306,1020,,5471,519,2755,1789,0.3,729
416.5,2026-08-05T03:21:37.049785+00:00,51.187,49.843,51.187,50.312,0,306,1020,,5471,519,2755,1789,0.5,729
417.5,2026-08-05T03:21:38.055928+00:00,50.812,49.875,50.812,50.437,0,306,1020,,5440,479,2755,1789,0.3,729
418.5,2026-08-05T03:21:39.062183+00:00,50.75,50,50.75,50.375,0,306,1020,,5471,479,2795,1789,0.3,729
419.5,2026-08-05T03:21:40.068383+00:00,50.781,49.75,50.781,50.312,0,306,1020,,5431,479,2755,1789,0.2,729
420.5,2026-08-05T03:21:41.074951+00:00,50.718,49.812,50.718,50.312,0,306,1020,,5471,519,2755,1789,0.2,729
421.5,2026-08-05T03:21:42.080801+00:00,50.656,49.937,50.656,50.437,0,306,1020,,5471,519,2755,1789,0.5,729
422.5,2026-08-05T03:21:43.086487+00:00,50.687,49.875,50.687,50.218,0,306,1020,,5431,479,2755,1789,0.2,729
423.5,2026-08-05T03:21:44.092827+00:00,50.687,49.968,50.687,50.281,0,306,1020,,5431,519,2755,1789,0.2,729
424.5,2026-08-05T03:21:45.098547+00:00,50.906,49.781,50.906,50.343,0,306,1020,,5431,479,2755,1789,0.5,729
425.5,2026-08-05T03:21:46.104360+00:00,50.843,49.812,50.843,50.343,0,306,1020,,5471,519,2795,1789,0.3,729
426.5,2026-08-05T03:21:47.110197+00:00,50.843,49.906,50.843,50.218,0,306,1020,,5431,479,2755,1789,0.3,729
427.5,2026-08-05T03:21:48.115850+00:00,50.906,50.031,50.906,50.312,0,306,1020,,5431,479,2755,1789,0.5,729
428.6,2026-08-05T03:21:49.121725+00:00,50.906,49.843,50.906,50.25,0,306,1020,,5431,519,2755,1789,0.7,729
429.6,2026-08-05T03:21:50.127482+00:00,50.718,49.812,50.718,50.312,0,306,1020,,5431,479,2755,1789,0.3,729
430.6,2026-08-05T03:21:51.133382+00:00,50.687,49.843,50.687,50.437,0,306,1020,,5431,479,2755,1789,0.3,729
431.6,2026-08-05T03:21:52.138961+00:00,50.718,49.875,50.718,50.25,0,306,1020,,5431,479,2755,1789,0.0,729
432.6,2026-08-05T03:21:53.144900+00:00,50.718,50.062,50.718,50.312,0,306,1020,,5471,519,2755,1789,0.5,729
433.6,2026-08-05T03:21:54.150908+00:00,50.937,49.781,50.937,50.343,0,306,1020,,5471,479,2795,1789,0.3,729
434.6,2026-08-05T03:21:55.157115+00:00,50.937,49.781,50.937,50.312,0,306,1020,,5431,479,2755,1789,0.5,729
435.6,2026-08-05T03:21:56.163407+00:00,50.968,49.937,50.968,50.312,0,306,1020,,5431,479,2755,1789,0.0,729
436.6,2026-08-05T03:21:57.169592+00:00,51.062,49.906,51.062,50.343,0,306,1020,,5431,479,2755,1789,0.3,729
437.6,2026-08-05T03:21:58.175870+00:00,50.781,49.968,50.781,50.281,0,306,1020,,5431,479,2755,1789,0.3,729
438.6,2026-08-05T03:21:59.182298+00:00,50.718,49.75,50.718,50.343,0,306,1020,,5431,479,2755,1789,0.5,729
439.6,2026-08-05T03:22:00.188513+00:00,50.718,49.875,50.718,50.375,0,306,1020,,5440,479,2755,1789,0.2,729
440.6,2026-08-05T03:22:01.194665+00:00,51.093,49.906,51.093,50.281,0,306,1020,,5471,519,2795,1789,0.7,729
441.6,2026-08-05T03:22:02.201008+00:00,51.062,49.75,51.062,50.25,0,306,1020,,5431,479,2755,1789,0.3,729
442.6,2026-08-05T03:22:03.207365+00:00,51.031,49.875,51.031,50.343,0,306,1020,,5440,479,2795,1789,0.3,729
443.6,2026-08-05T03:22:04.213500+00:00,50.718,49.875,50.718,50.406,0,306,1020,,5440,479,2795,1789,0.3,729
444.6,2026-08-05T03:22:05.219801+00:00,50.718,50.062,50.718,50.25,0,306,1020,,5471,479,2795,1789,0.7,729
445.7,2026-08-05T03:22:06.225951+00:00,50.718,49.906,50.718,50.25,0,306,1020,,5440,479,2795,1789,0.5,729
446.7,2026-08-05T03:22:07.232087+00:00,50.625,49.781,50.625,50.312,0,306,1020,,5431,479,2795,1789,0.2,729
447.7,2026-08-05T03:22:08.238412+00:00,50.656,49.843,50.656,50.468,0,306,1020,,5431,479,2795,1789,0.3,729
448.7,2026-08-05T03:22:09.244502+00:00,50.625,49.906,50.625,50.25,0,306,1020,,5480,519,2795,1789,0.2,729
449.7,2026-08-05T03:22:10.250737+00:00,50.75,50.031,50.75,50.343,0,306,1020,,5431,479,2755,1789,0.7,729
450.7,2026-08-05T03:22:11.259682+00:00,50.812,49.781,50.812,50.312,0,306,1020,,5591,559,2795,1790,5.3,729
451.7,2026-08-05T03:22:12.265822+00:00,50.687,49.906,50.687,50.468,0,306,1020,,5471,519,2795,1790,0.5,729
452.7,2026-08-05T03:22:13.272297+00:00,50.687,50.031,50.687,50.25,0,306,1020,,5471,519,2755,1790,0.3,729
453.7,2026-08-05T03:22:14.278818+00:00,50.906,49.781,50.906,50.343,0,306,1020,,5480,519,2755,1790,0.7,729
454.7,2026-08-05T03:22:15.285333+00:00,50.812,49.875,50.812,50.406,0,306,1020,,5431,479,2755,1790,0.3,729
455.7,2026-08-05T03:22:16.291678+00:00,50.843,49.906,50.843,50.25,0,306,1020,,5471,519,2795,1790,0.3,729
456.7,2026-08-05T03:22:17.298282+00:00,50.625,50.187,50.625,50.343,0,306,1020,,5480,519,2795,1790,0.7,729
457.7,2026-08-05T03:22:18.304235+00:00,50.718,49.968,50.718,50.312,0,306,1020,,5431,479,2755,1790,0.2,729
458.7,2026-08-05T03:22:19.310020+00:00,50.687,49.875,50.687,50.375,0,306,1020,,5471,519,2755,1790,0.7,729
459.7,2026-08-05T03:22:20.315994+00:00,50.718,49.843,50.718,50.281,0,306,1020,,5480,519,2755,1790,0.0,729
460.8,2026-08-05T03:22:21.321674+00:00,50.937,49.906,50.937,50.25,0,306,1020,,5431,479,2755,1790,0.3,729
461.8,2026-08-05T03:22:22.327342+00:00,50.968,50.093,50.968,50.281,0,306,1020,,5431,479,2755,1790,0.5,729
462.8,2026-08-05T03:22:23.333347+00:00,50.937,49.75,50.937,50.375,0,306,1020,,5471,519,2755,1790,0.5,729
463.8,2026-08-05T03:22:24.339268+00:00,50.968,49.843,50.968,50.343,0,306,1020,,5471,519,2795,1790,0.5,729
464.8,2026-08-05T03:22:25.344980+00:00,50.718,50,50.718,50.156,0,306,1020,,5471,519,2755,1790,0.5,729
465.8,2026-08-05T03:22:26.350690+00:00,50.718,49.906,50.718,50.281,0,306,1020,,5471,519,2755,1790,0.3,729
466.8,2026-08-05T03:22:27.356401+00:00,50.718,50.031,50.718,50.312,0,306,1020,,5471,519,2755,1790,0.5,729
467.8,2026-08-05T03:22:28.362064+00:00,50.718,49.75,50.718,50.25,0,306,1020,,5471,519,2755,1790,0.2,729
468.8,2026-08-05T03:22:29.368179+00:00,50.718,49.968,50.718,50.187,0,306,1020,,5471,519,2755,1790,0.8,729
469.8,2026-08-05T03:22:30.373485+00:00,50.75,50.062,51.031,50.218,0,306,1020,,5471,519,2755,1790,0.5,729
470.8,2026-08-05T03:22:31.379214+00:00,51.093,49.843,51.093,50.281,0,306,1020,,5480,519,2795,1790,0.3,729
471.8,2026-08-05T03:22:32.384960+00:00,51.093,50.062,51.093,50.343,0,306,1020,,5480,519,2795,1790,0.3,729
472.8,2026-08-05T03:22:33.392826+00:00,51.218,49.781,51.218,50.468,0,306,1020,,5511,519,2795,1791,1.0,729
473.8,2026-08-05T03:22:34.400118+00:00,50.781,49.968,50.781,50.312,0,306,1020,,5511,519,2795,1791,4.0,729
474.8,2026-08-05T03:22:35.406282+00:00,50.843,50,50.843,50.25,0,306,1020,,5471,519,2795,1791,0.5,729
475.8,2026-08-05T03:22:36.412088+00:00,50.656,49.75,50.656,50.343,0,306,1020,,5431,479,2795,1791,0.3,729
476.8,2026-08-05T03:22:37.417956+00:00,50.656,49.843,50.656,50.343,0,306,1020,,5471,519,2755,1791,0.3,729
477.9,2026-08-05T03:22:38.423999+00:00,50.687,49.937,50.687,50.281,0,306,1020,,5471,519,2795,1791,0.3,729
478.9,2026-08-05T03:22:39.429930+00:00,50.687,49.812,50.687,50.343,0,306,1020,,5471,519,2795,1791,0.5,729
479.9,2026-08-05T03:22:40.436423+00:00,50.812,49.906,50.812,50.312,0,306,1020,,5471,519,2755,1791,0.3,729
480.9,2026-08-05T03:22:41.442271+00:00,50.875,49.843,50.875,50.468,0,306,1020,,5471,519,2755,1791,0.7,729
481.9,2026-08-05T03:22:42.448010+00:00,50.781,49.75,50.781,50.218,0,306,1020,,5471,519,2755,1791,0.3,729
482.9,2026-08-05T03:22:43.453874+00:00,50.75,49.937,50.75,50.343,0,306,1020,,5471,519,2755,1791,0.5,729
483.9,2026-08-05T03:22:44.459676+00:00,50.656,49.718,50.656,50.343,0,306,1020,,5431,479,2755,1791,0.2,729
484.9,2026-08-05T03:22:45.465330+00:00,50.718,49.843,50.718,50.468,0,306,1020,,5431,479,2755,1791,0.5,729
485.9,2026-08-05T03:22:46.471669+00:00,50.718,49.875,50.718,50.468,0,306,1020,,5471,519,2795,1791,0.3,729
486.9,2026-08-05T03:22:47.478046+00:00,50.718,50.062,50.718,50.187,0,306,1020,,5471,519,2795,1791,0.2,729
487.9,2026-08-05T03:22:48.483682+00:00,50.937,49.906,50.937,50.343,0,306,1020,,5471,519,2755,1791,0.2,729
488.9,2026-08-05T03:22:49.489419+00:00,51.031,49.75,51.031,50.281,0,306,1020,,5471,519,2755,1791,0.2,729
489.9,2026-08-05T03:22:50.495135+00:00,50.937,49.843,50.937,50.437,0,306,1020,,5480,519,2755,1791,0.2,729
490.9,2026-08-05T03:22:51.500795+00:00,50.937,49.937,50.937,50.343,0,306,1020,,5480,519,2755,1791,0.3,729
491.9,2026-08-05T03:22:52.506464+00:00,51.031,49.968,51.031,50.281,0,306,1020,,5480,519,2755,1791,0.2,729
492.9,2026-08-05T03:22:53.512447+00:00,50.718,49.906,50.718,50.281,0,306,1020,,5471,519,2795,1791,0.2,729
493.9,2026-08-05T03:22:54.518037+00:00,50.812,50.062,50.812,50.343,0,306,1020,,5440,479,2755,1791,0.5,729
495.0,2026-08-05T03:22:55.523852+00:00,50.718,49.843,50.718,50.343,0,306,1020,,5440,479,2755,1791,0.3,729
496.0,2026-08-05T03:22:56.529489+00:00,50.718,49.843,50.718,50.187,0,306,1020,,5480,519,2755,1791,0.7,729
497.0,2026-08-05T03:22:57.535262+00:00,50.75,50,50.75,50.281,0,306,1020,,5480,519,2755,1791,0.7,729
498.0,2026-08-05T03:22:58.540985+00:00,51.093,49.812,51.093,50.375,0,306,1020,,5471,519,2755,1791,0.3,729
499.0,2026-08-05T03:22:59.547178+00:00,51.125,49.781,51.125,50.312,0,306,1020,,5471,479,2795,1791,0.3,729
500.0,2026-08-05T03:23:00.552650+00:00,51.125,49.781,51.125,50.406,0,306,1020,,5431,519,2755,1791,0.2,729
501.0,2026-08-05T03:23:01.559514+00:00,50.656,49.906,50.656,50.312,0,306,1020,,5471,519,2795,1791,0.5,729
502.0,2026-08-05T03:23:02.564941+00:00,50.656,49.968,50.656,50.343,0,306,1020,,5431,519,2755,1791,0.5,729
503.0,2026-08-05T03:23:03.570446+00:00,50.812,49.843,50.812,50.375,0,306,1020,,5431,519,2755,1791,0.3,729
504.0,2026-08-05T03:23:04.576246+00:00,50.812,49.906,50.812,50.375,0,306,1020,,5471,519,2755,1791,0.2,729
505.0,2026-08-05T03:23:05.582274+00:00,50.781,49.968,50.781,50.375,0,306,1020,,5471,519,2795,1791,0.5,729
506.0,2026-08-05T03:23:06.588007+00:00,50.875,49.906,50.875,50.281,0,306,1020,,5480,519,2755,1791,0.2,729
507.0,2026-08-05T03:23:07.593756+00:00,50.625,50,50.625,50.25,0,306,1020,,5471,519,2755,1791,0.2,729
508.0,2026-08-05T03:23:08.599648+00:00,50.687,49.781,50.687,50.343,0,306,1020,,5480,479,2795,1791,0.5,729
509.0,2026-08-05T03:23:09.605210+00:00,50.75,49.812,50.75,50.437,0,306,1020,,5480,519,2755,1791,0.3,729
510.0,2026-08-05T03:23:10.611087+00:00,50.718,49.906,50.718,50.312,0,306,1020,,5480,519,2755,1791,0.2,729
511.0,2026-08-05T03:23:11.617388+00:00,50.718,49.75,50.718,50.281,0,306,1020,,5480,519,2755,1791,0.7,729
512.1,2026-08-05T03:23:12.622945+00:00,50.843,50,50.843,50.312,0,306,1020,,5440,519,2755,1791,0.2,729
513.1,2026-08-05T03:23:13.628781+00:00,50.937,49.843,50.937,50.406,0,306,1020,,5480,519,2755,1791,0.5,729
514.1,2026-08-05T03:23:14.634451+00:00,51,49.812,51,50.312,0,306,1020,,5480,519,2755,1791,0.0,729
515.1,2026-08-05T03:23:15.639925+00:00,51,49.937,51,50.312,0,306,1020,,5440,519,2755,1791,0.2,729
516.1,2026-08-05T03:23:16.645842+00:00,50.968,49.812,50.968,50.312,0,306,1020,,5480,519,2755,1791,0.7,729
517.1,2026-08-05T03:23:17.651722+00:00,50.718,50.031,50.718,50.343,0,306,1020,,5440,479,2755,1791,0.3,729
518.1,2026-08-05T03:23:18.657424+00:00,50.718,49.843,50.718,50.437,0,306,1020,,5440,479,2755,1791,0.0,729
519.1,2026-08-05T03:23:19.663267+00:00,50.718,49.781,50.718,50.25,0,306,1020,,5480,519,2755,1791,0.5,729
520.1,2026-08-05T03:23:20.669251+00:00,50.75,49.906,50.75,50.312,0,306,1020,,5480,519,2755,1791,0.3,729
521.1,2026-08-05T03:23:21.674710+00:00,50.718,49.812,50.718,50.312,0,306,1020,,5480,519,2755,1791,0.3,729
522.1,2026-08-05T03:23:22.680514+00:00,51.156,49.937,51.156,50.406,0,306,1020,,5640,559,2835,1791,0.5,1728
523.1,2026-08-05T03:23:23.686309+00:00,51.093,49.906,51.093,50.437,0,306,1020,,5480,519,2795,1791,0.2,729
524.1,2026-08-05T03:23:24.691310+00:00,51.187,49.875,51.187,50.187,0,306,1020,,5480,519,2755,1791,0.3,729
525.1,2026-08-05T03:23:25.697215+00:00,50.687,49.875,50.687,50.312,0,306,1020,,5480,519,2755,1791,0.5,729
526.1,2026-08-05T03:23:26.702732+00:00,50.687,50.125,50.687,50.312,0,306,1020,,5471,519,2755,1791,0.2,729
527.1,2026-08-05T03:23:27.708479+00:00,50.625,49.843,50.625,50.312,0,306,1020,,5471,519,2755,1791,0.2,729
528.1,2026-08-05T03:23:28.714096+00:00,50.812,49.875,50.812,50.406,0,306,1020,,5471,519,2755,1791,0.2,729
529.1,2026-08-05T03:23:29.719585+00:00,50.843,49.875,50.843,50.343,0,306,1020,,5471,519,2755,1791,0.3,729
530.2,2026-08-05T03:23:30.725427+00:00,50.843,49.937,50.843,50.281,0,306,1020,,5471,519,2755,1791,0.3,729
531.2,2026-08-05T03:23:31.731325+00:00,50.843,50.062,50.843,50.312,0,306,1020,,5480,519,2755,1791,0.5,729
532.2,2026-08-05T03:23:32.737053+00:00,50.875,49.718,50.875,50.375,0,306,1020,,5440,479,2755,1791,0.2,729
533.2,2026-08-05T03:23:33.742780+00:00,50.906,49.75,50.906,50.375,0,306,1020,,5480,519,2755,1791,0.0,729
534.2,2026-08-05T03:23:34.748576+00:00,50.687,49.968,50.687,50.25,0,306,1020,,5440,479,2755,1791,0.3,729
535.2,2026-08-05T03:23:35.754350+00:00,50.718,49.937,50.718,50.25,0,306,1020,,5480,519,2755,1791,0.3,729
536.2,2026-08-05T03:23:36.760022+00:00,50.687,50.093,50.687,50.25,0,306,1020,,5511,519,2795,1791,0.2,729
537.2,2026-08-05T03:23:37.765724+00:00,50.718,49.812,50.718,50.312,0,306,1020,,5480,519,2755,1791,0.5,729
538.2,2026-08-05T03:23:38.771450+00:00,50.718,49.843,50.718,50.437,0,306,1020,,5480,479,2755,1791,0.0,729
539.2,2026-08-05T03:23:39.777154+00:00,50.906,49.968,50.906,50.281,0,306,1020,,5480,479,2755,1791,0.3,729
540.2,2026-08-05T03:23:40.782768+00:00,51,49.906,51,50.25,0,306,1020,,5480,519,2755,1791,0.3,729
541.2,2026-08-05T03:23:41.788624+00:00,50.968,49.968,50.968,50.312,0,306,1020,,5480,519,2755,1791,0.7,729
542.2,2026-08-05T03:23:42.794690+00:00,50.937,49.781,50.937,50.375,0,306,1020,,5471,519,2755,1791,0.2,729
543.2,2026-08-05T03:23:43.800463+00:00,50.968,49.843,50.968,50.375,0,306,1020,,5431,479,2755,1791,0.3,729
544.2,2026-08-05T03:23:44.806131+00:00,50.718,49.968,50.718,50.25,0,306,1020,,5480,479,2755,1791,0.2,729
545.2,2026-08-05T03:23:45.811867+00:00,50.718,49.781,50.718,50.281,0,306,1020,,5480,519,2755,1791,0.5,729
546.2,2026-08-05T03:23:46.817679+00:00,50.781,50,50.781,50.25,0,306,1020,,5440,519,2755,1791,0.3,729
547.3,2026-08-05T03:23:47.823499+00:00,50.843,49.718,50.843,50.343,0,306,1020,,5480,519,2755,1791,0.5,729
548.3,2026-08-05T03:23:48.829428+00:00,50.687,49.812,50.687,50.468,0,306,1020,,5440,479,2755,1791,0.5,729
549.3,2026-08-05T03:23:49.835158+00:00,51.156,50.031,51.156,50.187,0,306,1020,,5440,479,2755,1791,0.2,729
550.3,2026-08-05T03:23:50.840811+00:00,50.687,49.781,50.687,50.281,0,306,1020,,5480,519,2795,1791,0.5,729
551.3,2026-08-05T03:23:51.846494+00:00,50.625,49.875,50.625,50.343,0,306,1020,,5431,479,2755,1791,0.3,729
552.3,2026-08-05T03:23:52.852430+00:00,50.656,49.687,50.656,50.312,0,306,1020,,5440,479,2755,1791,0.2,729
553.3,2026-08-05T03:23:53.858577+00:00,50.625,49.781,50.625,50.125,0,306,1020,,5440,479,2755,1791,0.7,729
554.3,2026-08-05T03:23:54.864248+00:00,50.718,49.937,50.718,50.218,0,306,1020,,5440,479,2755,1791,0.3,729
555.3,2026-08-05T03:23:55.870076+00:00,50.812,49.75,50.812,50.281,0,306,1020,,5431,479,2755,1791,0.3,729
556.3,2026-08-05T03:23:56.875808+00:00,50.843,49.843,50.843,50.281,0,306,1020,,5440,479,2755,1791,0.5,729
557.3,2026-08-05T03:23:57.881606+00:00,50.937,49.937,50.937,50.375,0,306,1020,,5431,519,2755,1791,0.2,729
558.3,2026-08-05T03:23:58.887203+00:00,50.875,49.843,50.875,50.343,0,306,1020,,5560,519,2795,1791,0.3,729
559.3,2026-08-05T03:23:59.893568+00:00,50.656,49.968,50.656,50.187,0,306,1020,,5480,519,2795,1791,0.5,729
560.3,2026-08-05T03:24:00.899709+00:00,50.625,49.718,50.625,50.343,0,306,1020,,5431,479,2755,1791,0.2,729
561.3,2026-08-05T03:24:01.905863+00:00,50.625,49.781,50.625,50.343,0,306,1020,,5480,519,2755,1792,0.3,729
562.3,2026-08-05T03:24:02.912182+00:00,50.875,49.906,50.875,50.156,0,306,1020,,5480,519,2755,1792,0.3,729
563.3,2026-08-05T03:24:03.917899+00:00,50.875,50.031,50.875,50.312,0,306,1020,,5431,519,2755,1792,0.7,729
564.4,2026-08-05T03:24:04.923839+00:00,50.968,49.937,50.968,50.25,0,306,1020,,5720,559,2875,1792,0.5,729
565.4,2026-08-05T03:24:05.929548+00:00,51,49.781,51,50.312,0,306,1020,,5480,519,2795,1792,0.5,729
566.4,2026-08-05T03:24:06.935721+00:00,50.968,49.687,50.687,50.437,0,306,1020,,5440,479,2755,1792,0.3,729
567.4,2026-08-05T03:24:07.941126+00:00,50.687,49.843,50.687,50.218,0,306,1020,,5440,519,2755,1792,0.3,729
568.4,2026-08-05T03:24:08.946833+00:00,50.718,49.968,50.718,50.218,0,306,1020,,5440,479,2755,1792,0.7,729
569.4,2026-08-05T03:24:09.952483+00:00,50.718,49.875,50.718,50.281,0,306,1020,,5431,479,2755,1792,0.2,729
570.4,2026-08-05T03:24:10.958321+00:00,50.687,49.781,50.687,50.312,0,306,1020,,5480,519,2755,1792,0.3,729
571.4,2026-08-05T03:24:11.963790+00:00,50.75,49.906,50.75,50.343,0,306,1020,,5800,599,2915,1792,0.5,1728
572.4,2026-08-05T03:24:12.969408+00:00,51.062,49.843,51.062,50.156,0,306,1020,,5520,519,2795,1792,0.0,729
573.4,2026-08-05T03:24:13.975243+00:00,51,50.093,51,50.218,0,306,1020,,5480,519,2755,1792,0.3,729
574.4,2026-08-05T03:24:14.981108+00:00,51.156,49.812,51.156,50.25,0,306,1020,,5480,519,2755,1792,0.3,729
575.4,2026-08-05T03:24:15.986756+00:00,50.562,49.781,50.562,50.343,0,306,1020,,5480,519,2755,1792,0.0,729
576.4,2026-08-05T03:24:16.993035+00:00,50.593,49.781,50.593,50.25,0,306,1020,,5480,519,2755,1792,0.7,729
577.4,2026-08-05T03:24:17.998310+00:00,50.718,49.843,50.718,50.281,0,306,1020,,5480,519,2755,1792,0.2,729
578.4,2026-08-05T03:24:19.004369+00:00,50.812,50.031,50.812,50.281,0,306,1020,,5520,519,2795,1792,0.3,729
579.4,2026-08-05T03:24:20.009897+00:00,50.843,49.75,50.843,50.312,0,306,1020,,5480,519,2755,1792,0.3,729
580.4,2026-08-05T03:24:21.015754+00:00,50.781,49.843,50.781,50.343,0,306,1020,,5480,519,2755,1792,0.5,729
581.5,2026-08-05T03:24:22.022041+00:00,50.843,49.968,50.843,50.218,0,306,1020,,5480,519,2755,1792,0.5,729
582.5,2026-08-05T03:24:23.028019+00:00,50.625,49.937,50.625,50.125,0,306,1020,,5480,519,2755,1792,0.5,729
583.5,2026-08-05T03:24:24.034139+00:00,50.656,49.968,50.656,50.25,0,306,1020,,5480,519,2755,1792,0.7,729
584.5,2026-08-05T03:24:25.040407+00:00,50.625,49.718,50.625,50.25,0,306,1020,,5480,519,2755,1792,0.2,729
585.5,2026-08-05T03:24:26.046458+00:00,50.656,49.812,50.656,50.312,0,306,1020,,5480,519,2795,1792,0.3,729
586.5,2026-08-05T03:24:27.052172+00:00,50.875,49.968,50.875,50.187,0,306,1020,,5480,519,2755,1792,0.0,729
587.5,2026-08-05T03:24:28.058029+00:00,50.906,49.718,50.906,50.187,0,306,1020,,5440,479,2755,1792,0.5,729
588.5,2026-08-05T03:24:29.063676+00:00,50.906,49.843,50.906,50.281,0,306,1020,,5440,519,2755,1792,0.7,729
589.5,2026-08-05T03:24:30.069724+00:00,50.875,49.781,50.875,50.343,0,306,1020,,5440,479,2755,1792,0.5,729
590.5,2026-08-05T03:24:31.075487+00:00,50.656,49.718,50.656,50.156,0,306,1020,,5480,519,2755,1792,0.5,729
591.5,2026-08-05T03:24:32.081338+00:00,50.718,49.937,50.718,50.25,0,306,1020,,5480,519,2755,1792,0.3,729
592.5,2026-08-05T03:24:33.087243+00:00,50.656,49.687,50.656,50.281,0,306,1020,,5480,519,2795,1792,0.3,729
593.5,2026-08-05T03:24:34.092792+00:00,50.656,49.687,50.656,50.25,0,306,1020,,5480,519,2755,1792,0.5,729
594.5,2026-08-05T03:24:35.100142+00:00,50.937,49.968,50.937,50.343,0,306,1020,,5480,519,2755,1792,0.3,729
595.5,2026-08-05T03:24:36.105559+00:00,51.031,50.062,51.031,50.187,0,306,1020,,5480,519,2755,1792,0.7,729
596.5,2026-08-05T03:24:37.111326+00:00,51,49.875,51,50.156,0,306,1020,,5480,519,2755,1792,0.2,729
597.5,2026-08-05T03:24:38.117108+00:00,51,49.75,51,50.218,0,306,1020,,5431,479,2755,1792,0.3,729
598.6,2026-08-05T03:24:39.122813+00:00,51.062,49.687,51.062,50.312,0,306,1020,,5480,519,2755,1792,0.3,729
599.6,2026-08-05T03:24:40.128498+00:00,50.718,49.875,50.718,50.218,0,306,1020,,5471,519,2795,1792,0.0,729
600.6,2026-08-05T03:24:41.134572+00:00,50.687,50,50.687,50.25,0,306,1020,,5480,519,2755,1792,0.3,729
601.6,2026-08-05T03:24:42.140112+00:00,50.781,49.843,50.781,50.218,0,306,1020,,5480,519,2755,1792,0.5,729
602.6,2026-08-05T03:24:43.145669+00:00,50.781,49.656,50.781,50.281,0,306,1020,,5480,519,2755,1792,0.3,729
603.6,2026-08-05T03:24:44.151668+00:00,50.75,49.718,50.75,50.375,0,306,1020,,5440,519,2755,1792,0.2,729
604.6,2026-08-05T03:24:45.157214+00:00,50.625,49.875,50.625,50.281,0,306,1020,,5471,519,2755,1792,0.7,729
605.6,2026-08-05T03:24:46.163192+00:00,50.687,50,50.687,50.187,0,306,1020,,5440,479,2755,1792,0.2,729
606.6,2026-08-05T03:24:47.169271+00:00,50.687,49.781,50.687,50.218,0,306,1020,,5471,519,2795,1792,0.2,729
607.6,2026-08-05T03:24:48.175032+00:00,50.687,49.718,50.687,50.281,0,306,1020,,5480,519,2755,1792,0.3,729
608.6,2026-08-05T03:24:49.180489+00:00,50.625,49.781,50.625,50.375,0,306,1020,,5440,479,2755,1792,0.2,729
609.6,2026-08-05T03:24:50.186521+00:00,50.812,49.875,50.812,50.25,0,306,1020,,5440,479,2755,1792,0.3,729
610.6,2026-08-05T03:24:51.192308+00:00,50.75,49.968,50.75,50.156,0,306,1020,,5431,479,2755,1792,0.5,729
611.6,2026-08-05T03:24:52.198024+00:00,50.843,49.75,50.843,50.281,0,306,1020,,5480,519,2755,1792,0.2,729
612.6,2026-08-05T03:24:53.203693+00:00,50.968,49.843,50.968,50.281,0,306,1020,,5480,519,2755,1792,0.5,729
613.6,2026-08-05T03:24:54.209306+00:00,50.875,49.906,50.875,50.187,0,306,1020,,5480,519,2795,1792,0.2,729
614.6,2026-08-05T03:24:55.215155+00:00,50.625,49.875,50.625,50.156,0,306,1020,,5471,519,2795,1792,0.3,729
615.7,2026-08-05T03:24:56.221026+00:00,50.687,50.031,50.687,50.281,0,306,1020,,5471,519,2795,1792,0.3,729
616.7,2026-08-05T03:24:57.226789+00:00,50.718,49.75,50.718,50.281,0,306,1020,,5471,519,2755,1792,0.5,729
617.7,2026-08-05T03:24:58.232533+00:00,50.656,49.812,50.656,50.343,0,306,1020,,5480,519,2795,1792,0.0,729
618.7,2026-08-05T03:24:59.238074+00:00,50.718,49.968,50.718,50.187,0,306,1020,,5471,519,2795,1792,0.5,729
619.7,2026-08-05T03:25:00.244680+00:00,51.031,49.812,51.031,50.218,0,306,1020,,5480,519,2755,1792,0.3,729
620.7,2026-08-05T03:25:01.250295+00:00,51,49.968,51,50.281,0,306,1020,,5480,519,2795,1792,0.2,729
621.7,2026-08-05T03:25:02.256094+00:00,51.156,49.75,51.156,50.406,0,306,1020,,5480,519,2795,1792,0.7,729
622.7,2026-08-05T03:25:03.261728+00:00,51.062,49.843,51.062,50.406,0,306,1020,,5480,519,2795,1792,0.5,729
623.7,2026-08-05T03:25:04.269210+00:00,50.718,49.968,50.718,50.125,0,306,1020,,5471,519,2795,1792,1.0,729
624.7,2026-08-05T03:25:05.275253+00:00,50.687,49.75,50.687,50.218,0,306,1020,,5480,519,2795,1792,0.5,729
625.7,2026-08-05T03:25:06.280324+00:00,50.718,49.75,50.718,50.25,0,306,1020,,5480,519,2795,1792,0.3,729
626.7,2026-08-05T03:25:07.286423+00:00,50.75,49.843,50.75,50.343,0,306,1020,,5480,519,2795,1792,0.5,729
627.7,2026-08-05T03:25:08.292318+00:00,50.625,49.812,50.625,50.156,0,306,1020,,5480,519,2795,1792,0.2,729
628.7,2026-08-05T03:25:09.297745+00:00,50.625,49.906,50.625,50.125,0,306,1020,,5480,519,2795,1792,0.2,729
629.7,2026-08-05T03:25:10.303603+00:00,50.656,49.687,50.656,50.281,0,306,1020,,5431,479,2795,1792,0.3,729
630.7,2026-08-05T03:25:11.309531+00:00,50.656,49.718,50.656,50.281,0,306,1020,,5480,519,2795,1792,0.3,729
631.7,2026-08-05T03:25:12.315194+00:00,50.625,49.812,50.625,50.375,0,306,1020,,5480,519,2755,1792,0.2,729
632.8,2026-08-05T03:25:13.320697+00:00,50.812,49.781,50.812,50.187,0,306,1020,,5480,479,2755,1792,0.3,729
633.8,2026-08-05T03:25:14.326519+00:00,50.843,49.843,50.843,50.343,0,306,1020,,5480,519,2755,1792,0.7,729
634.8,2026-08-05T03:25:15.332534+00:00,50.843,49.656,50.843,50.25,0,306,1020,,5480,519,2795,1792,0.5,729
635.8,2026-08-05T03:25:16.338289+00:00,50.781,49.812,50.781,50.281,0,306,1020,,5480,519,2795,1792,0.2,729
636.8,2026-08-05T03:25:17.344197+00:00,50.812,49.875,50.812,50.343,0,306,1020,,5471,519,2795,1792,0.3,729
637.8,2026-08-05T03:25:18.349786+00:00,50.718,50.062,50.718,50.218,0,306,1020,,5471,519,2795,1792,0.2,729
638.8,2026-08-05T03:25:19.355482+00:00,50.718,49.906,50.718,50.218,0,306,1020,,5480,519,2755,1792,0.5,729
639.8,2026-08-05T03:25:20.361251+00:00,50.687,49.687,50.687,50.25,0,306,1020,,5471,519,2795,1792,0.2,729
640.8,2026-08-05T03:25:21.366805+00:00,50.718,49.781,50.718,50.281,0,306,1020,,5471,519,2755,1792,0.2,729
641.8,2026-08-05T03:25:22.372095+00:00,50.718,49.843,50.718,50.187,0,306,1020,,5480,519,2795,1792,0.5,729
642.8,2026-08-05T03:25:23.378268+00:00,50.718,50.031,50.718,50.156,0,306,1020,,5480,519,2755,1792,0.7,729
643.8,2026-08-05T03:25:24.383901+00:00,50.937,49.812,50.937,50.156,0,306,1020,,5471,519,2755,1792,0.3,729
644.8,2026-08-05T03:25:25.389864+00:00,51.031,49.718,51.031,50.343,0,306,1020,,5431,479,2755,1792,0.2,729
645.8,2026-08-05T03:25:26.395695+00:00,51.031,49.781,51.031,50.343,0,306,1020,,5431,479,2755,1792,0.2,729
646.8,2026-08-05T03:25:27.401430+00:00,51.031,49.812,51.031,50.156,0,306,1020,,5471,519,2755,1792,0.3,729
647.8,2026-08-05T03:25:28.407109+00:00,51.062,50.062,51.062,50.187,0,306,1020,,5431,479,2755,1792,0.2,729
648.8,2026-08-05T03:25:29.413182+00:00,50.75,49.781,50.75,50.218,0,306,1020,,5471,519,2795,1792,0.5,729
649.8,2026-08-05T03:25:30.418565+00:00,50.718,49.656,50.718,50.281,0,306,1020,,5431,479,2795,1792,0.5,729
650.9,2026-08-05T03:25:31.424288+00:00,50.75,49.718,50.75,50.343,0,306,1020,,5440,479,2755,1792,0.0,729
651.9,2026-08-05T03:25:32.429986+00:00,50.812,49.843,50.812,50.25,0,306,1020,,5431,479,2755,1792,0.3,729
652.9,2026-08-05T03:25:33.435865+00:00,50.718,50,50.718,50.218,0,306,1020,,5431,479,2755,1792,0.3,729
653.9,2026-08-05T03:25:34.441530+00:00,50.75,49.75,50.625,50.25,0,306,1020,,5431,479,2755,1792,0.2,729
654.9,2026-08-05T03:25:35.447470+00:00,50.656,49.75,50.656,50.343,0,306,1020,,5480,519,2755,1792,0.3,729
655.9,2026-08-05T03:25:36.453099+00:00,50.562,49.812,50.562,50.343,0,306,1020,,5480,519,2795,1792,0.3,729
656.9,2026-08-05T03:25:37.458813+00:00,50.625,49.75,50.625,50.187,0,306,1020,,5431,519,2755,1792,0.0,729
657.9,2026-08-05T03:25:38.464368+00:00,50.687,49.968,50.687,50.25,0,306,1020,,5471,519,2755,1792,0.5,729
658.9,2026-08-05T03:25:39.470029+00:00,50.625,49.781,50.625,50.25,0,306,1020,,5480,519,2755,1792,0.3,729
659.9,2026-08-05T03:25:40.475749+00:00,50.906,49.781,50.906,50.281,0,306,1020,,5471,519,2755,1792,0.2,729
660.9,2026-08-05T03:25:41.481759+00:00,50.812,49.75,50.812,50.156,0,306,1020,,5480,519,2795,1792,0.7,729
661.9,2026-08-05T03:25:42.487315+00:00,50.812,49.75,50.812,50.218,0,306,1020,,5440,479,2755,1792,0.3,729
662.9,2026-08-05T03:25:43.493147+00:00,50.843,49.937,50.843,50.218,0,306,1020,,5511,519,2795,1792,0.3,729
663.9,2026-08-05T03:25:44.498604+00:00,50.875,49.687,50.875,50.187,0,306,1020,,5431,479,2795,1792,0.5,729
664.9,2026-08-05T03:25:45.504473+00:00,50.656,49.812,50.656,50.281,0,306,1020,,5440,479,2795,1792,0.3,729
665.9,2026-08-05T03:25:46.509999+00:00,50.687,49.937,50.687,50.218,0,306,1020,,5480,479,2755,1792,0.3,729
666.9,2026-08-05T03:25:47.516610+00:00,50.562,49.843,50.562,50.156,0,306,1020,,5471,519,2755,1792,0.2,729
668.0,2026-08-05T03:25:48.522419+00:00,50.75,50,50.75,50.312,0,306,1020,,5431,479,2755,1792,0.7,729
669.0,2026-08-05T03:25:49.528095+00:00,50.687,49.718,50.687,50.25,0,306,1020,,5431,479,2755,1792,0.0,729
670.0,2026-08-05T03:25:50.533790+00:00,51.031,49.781,51.031,50.312,0,306,1020,,5511,519,2795,1792,0.5,729
671.0,2026-08-05T03:25:51.539067+00:00,50.937,49.968,50.937,50.187,0,306,1020,,5471,519,2795,1792,0.3,729
672.0,2026-08-05T03:25:52.544760+00:00,51.062,49.781,51.062,50.281,0,306,1020,,5480,519,2795,1792,0.3,729
673.0,2026-08-05T03:25:53.550560+00:00,51.093,50,51.093,50.25,0,306,1020,,5480,479,2755,1792,0.3,729
674.0,2026-08-05T03:25:54.556478+00:00,51.156,49.75,51.156,50.343,0,306,1020,,5440,479,2755,1792,0.3,729
675.0,2026-08-05T03:25:55.562444+00:00,50.718,49.75,50.718,50.281,0,306,1020,,5440,479,2755,1792,0.0,729
676.0,2026-08-05T03:25:56.568245+00:00,50.75,49.968,50.75,50.218,0,306,1020,,5480,479,2795,1792,0.8,729
677.0,2026-08-05T03:25:57.574088+00:00,50.75,49.718,50.75,50.218,0,306,1020,,5480,479,2795,1792,0.5,729
678.0,2026-08-05T03:25:58.579873+00:00,50.75,49.968,50.75,50.281,0,306,1020,,5440,479,2755,1792,0.2,729
679.0,2026-08-05T03:25:59.585562+00:00,50.781,49.781,50.781,50.343,0,306,1020,,5480,519,2755,1792,0.7,729
680.0,2026-08-05T03:26:00.591401+00:00,50.656,49.812,50.656,50.156,0,306,1020,,5440,479,2755,1792,0.0,729
681.0,2026-08-05T03:26:01.597171+00:00,50.625,49.875,50.625,50.25,0,306,1020,,5480,479,2755,1792,0.2,729
682.0,2026-08-05T03:26:02.602639+00:00,50.625,49.718,50.625,50.25,0,306,1020,,5480,519,2755,1792,0.5,729
683.0,2026-08-05T03:26:03.608463+00:00,50.687,49.937,50.687,50.312,0,306,1020,,5480,519,2755,1792,0.3,729
684.0,2026-08-05T03:26:04.614600+00:00,50.593,49.718,50.593,50.375,0,306,1020,,5560,519,2835,1792,0.3,729
685.1,2026-08-05T03:26:05.620483+00:00,50.843,49.781,50.843,50.156,0,306,1020,,5480,519,2795,1792,0.5,729
686.1,2026-08-05T03:26:06.626221+00:00,50.875,49.906,50.875,50.187,0,306,1020,,5440,479,2755,1792,0.2,729
687.1,2026-08-05T03:26:07.632024+00:00,50.906,49.75,50.906,50.281,0,306,1020,,5431,479,2755,1792,0.3,729
688.1,2026-08-05T03:26:08.637983+00:00,50.937,49.781,50.937,50.343,0,306,1020,,5431,479,2755,1792,0.3,729
689.1,2026-08-05T03:26:09.643781+00:00,50.937,49.843,50.937,50.312,0,306,1020,,5440,479,2755,1792,0.2,729
690.1,2026-08-05T03:26:10.649583+00:00,50.687,49.718,50.687,50.281,0,306,1020,,5440,479,2755,1792,0.5,729
691.1,2026-08-05T03:26:11.655317+00:00,50.718,49.875,50.718,50.125,0,306,1020,,5440,479,2755,1792,0.5,729
692.1,2026-08-05T03:26:12.660965+00:00,50.625,49.718,50.625,50.281,0,306,1020,,5630,559,2875,1792,0.0,729
693.1,2026-08-05T03:26:13.666973+00:00,50.718,49.75,50.718,50.343,0,306,1020,,5480,519,2795,1792,0.3,729
694.1,2026-08-05T03:26:14.672721+00:00,50.656,49.781,50.656,50.218,0,306,1020,,5480,519,2755,1792,0.2,729
695.1,2026-08-05T03:26:15.678331+00:00,51.031,49.968,51.031,50.125,0,306,1020,,5480,519,2755,1792,0.2,729
696.1,2026-08-05T03:26:16.684209+00:00,51.031,49.937,51.031,50.187,0,306,1020,,5480,519,2755,1792,0.3,729
697.1,2026-08-05T03:26:17.689936+00:00,51.062,49.718,51.062,50.218,0,306,1020,,5480,519,2755,1792,0.5,729
698.1,2026-08-05T03:26:18.695254+00:00,51.062,49.812,51.062,50.343,0,306,1020,,5440,479,2755,1792,0.3,729
699.1,2026-08-05T03:26:19.701000+00:00,50.562,49.843,50.562,50.25,0,306,1020,,5520,519,2795,1792,0.5,729
700.1,2026-08-05T03:26:20.706758+00:00,50.593,49.968,50.593,50.187,0,306,1020,,5480,519,2755,1792,0.5,729
701.1,2026-08-05T03:26:21.712420+00:00,50.718,49.875,50.718,50.25,0,306,1020,,5440,479,2755,1792,0.3,729
702.1,2026-08-05T03:26:22.717854+00:00,50.75,49.75,50.75,50.25,0,306,1020,,5440,479,2755,1792,0.5,729
703.2,2026-08-05T03:26:23.724032+00:00,50.875,49.781,50.875,50.406,0,306,1020,,5440,479,2755,1792,0.3,729
704.2,2026-08-05T03:26:24.729867+00:00,50.812,49.875,50.812,50.25,0,306,1020,,5440,479,2755,1792,0.5,729
705.2,2026-08-05T03:26:25.735489+00:00,50.781,49.937,50.781,50.125,0,306,1020,,5431,479,2755,1792,0.3,729
706.2,2026-08-05T03:26:26.740701+00:00,50.812,49.906,50.812,50.218,0,306,1020,,5600,519,2835,1792,0.3,1728
707.2,2026-08-05T03:26:27.746407+00:00,50.656,49.718,50.656,50.281,0,306,1020,,5480,519,2795,1792,0.2,729
708.2,2026-08-05T03:26:28.752454+00:00,50.625,49.75,50.625,50.343,0,306,1020,,5440,479,2755,1792,0.5,729
709.2,2026-08-05T03:26:29.758390+00:00,50.687,49.968,50.687,50.187,0,306,1020,,5471,519,2755,1792,0.5,729
710.2,2026-08-05T03:26:30.763751+00:00,50.625,50,50.625,50.281,0,306,1020,,5431,479,2755,1792,0.3,729
711.2,2026-08-05T03:26:31.769810+00:00,50.718,49.781,50.718,50.187,0,306,1020,,5471,519,2755,1792,0.3,729
712.2,2026-08-05T03:26:32.775495+00:00,50.843,49.812,50.843,50.281,0,306,1020,,5431,479,2755,1792,0.3,729
713.2,2026-08-05T03:26:33.781001+00:00,50.875,49.75,50.875,50.343,0,306,1020,,5431,479,2755,1792,0.2,729
714.2,2026-08-05T03:26:34.786900+00:00,50.906,49.875,50.906,50.187,0,306,1020,,5551,519,2835,1792,0.5,729
715.2,2026-08-05T03:26:35.794031+00:00,50.843,49.968,50.843,50.187,0,306,1020,,5431,479,2795,1792,0.7,729
716.2,2026-08-05T03:26:36.799825+00:00,50.718,49.718,50.718,50.25,0,306,1020,,5431,479,2755,1792,0.2,729
717.2,2026-08-05T03:26:37.805996+00:00,50.75,49.812,50.75,50.375,0,306,1020,,5440,479,2755,1792,0.3,729
718.2,2026-08-05T03:26:38.812221+00:00,50.718,49.937,50.718,50.125,0,306,1020,,5440,479,2755,1792,0.7,729
719.2,2026-08-05T03:26:39.818007+00:00,50.968,49.781,50.968,50.218,0,306,1020,,5440,479,2755,1792,0.2,729
720.3,2026-08-05T03:26:40.824000+00:00,51.031,50,51.031,50.25,0,306,1020,,5710,559,2875,1792,0.5,1728
721.3,2026-08-05T03:26:41.830313+00:00,51.031,49.781,51.031,50.281,0,306,1020,,5471,519,2795,1792,0.5,729
722.3,2026-08-05T03:26:42.836133+00:00,51.031,49.843,51.031,50.187,0,306,1020,,5471,519,2755,1792,0.3,729
723.3,2026-08-05T03:26:43.842612+00:00,50.718,49.906,50.718,50.218,0,306,1020,,5431,479,2755,1792,0.2,729
724.3,2026-08-05T03:26:44.848848+00:00,50.718,49.718,50.718,50.187,0,306,1020,,5431,479,2755,1792,0.5,729
725.3,2026-08-05T03:26:45.854758+00:00,50.781,49.781,50.781,50.406,0,306,1020,,5440,479,2755,1792,0.2,729
726.3,2026-08-05T03:26:46.861023+00:00,50.718,49.843,50.593,50.343,0,306,1020,,5440,479,2755,1792,0.2,729
727.3,2026-08-05T03:26:47.867210+00:00,50.625,49.906,50.625,50.218,0,306,1020,,5471,519,2755,1792,0.5,729
728.3,2026-08-05T03:26:48.872979+00:00,50.656,49.906,50.656,50.218,0,306,1020,,5480,479,2795,1792,0.2,729
729.3,2026-08-05T03:26:49.878760+00:00,50.625,49.687,50.625,50.25,0,306,1020,,5431,479,2755,1792,0.3,729
730.3,2026-08-05T03:26:50.884517+00:00,50.687,49.718,50.687,50.312,0,306,1020,,5440,479,2755,1792,0.7,729
731.3,2026-08-05T03:26:51.890303+00:00,50.812,49.781,50.812,50.156,0,306,1020,,5440,479,2755,1792,0.5,729
732.3,2026-08-05T03:26:52.896098+00:00,50.843,49.968,50.843,50.125,0,306,1020,,5440,479,2755,1792,0.3,729
733.3,2026-08-05T03:26:53.901809+00:00,50.781,49.843,50.781,50.218,0,306,1020,,5480,519,2755,1792,0.5,729
734.3,2026-08-05T03:26:54.907448+00:00,50.843,49.687,50.843,50.25,0,306,1020,,5431,479,2755,1792,0.3,729
735.3,2026-08-05T03:26:55.913246+00:00,50.781,49.718,50.781,50.312,0,306,1020,,5440,479,2795,1792,0.5,729
736.3,2026-08-05T03:26:56.918941+00:00,50.875,49.812,50.656,50.187,0,306,1020,,5480,479,2755,1792,0.3,729
737.4,2026-08-05T03:26:57.924724+00:00,50.718,49.968,50.718,50.156,0,306,1020,,5440,479,2755,1792,0.2,729
738.4,2026-08-05T03:26:58.930367+00:00,50.531,49.843,50.531,50.25,0,306,1020,,5440,479,2755,1792,0.7,729
739.4,2026-08-05T03:26:59.936074+00:00,50.718,49.718,50.718,50.25,0,306,1020,,5440,479,2755,1792,0.3,729
740.4,2026-08-05T03:27:00.941696+00:00,50.656,49.781,50.656,50.312,0,306,1020,,5440,479,2755,1792,0.5,729
741.4,2026-08-05T03:27:01.947565+00:00,50.687,49.781,50.687,50.156,0,306,1020,,5480,479,2755,1792,0.2,729
742.4,2026-08-05T03:27:02.953354+00:00,51,50.031,51,50.156,0,306,1020,,5520,519,2795,1792,0.8,729
743.4,2026-08-05T03:27:03.958939+00:00,51,49.718,51,50.25,0,306,1020,,5471,519,2755,1792,0.0,729
744.4,2026-08-05T03:27:04.964691+00:00,50.968,49.781,50.968,50.25,0,306,1020,,5471,519,2755,1792,0.5,729
745.4,2026-08-05T03:27:05.970377+00:00,50.968,49.687,50.968,50.343,0,306,1020,,5471,519,2755,1792,0.5,729
746.4,2026-08-05T03:27:06.976006+00:00,51.031,49.875,51.031,50.218,0,306,1020,,5471,519,2755,1792,0.2,729
747.4,2026-08-05T03:27:07.981816+00:00,50.718,49.937,50.718,50.187,0,306,1020,,5480,519,2755,1792,0.5,729
748.4,2026-08-05T03:27:08.987393+00:00,50.75,49.656,50.75,50.281,0,306,1020,,5480,519,2755,1792,0.2,729
749.4,2026-08-05T03:27:09.992957+00:00,50.718,49.812,50.718,50.25,0,306,1020,,5480,519,2795,1792,0.3,729
750.4,2026-08-05T03:27:10.998726+00:00,50.718,49.625,50.718,50.312,0,306,1020,,5471,519,2755,1792,0.3,729
751.4,2026-08-05T03:27:12.004586+00:00,50.718,49.781,50.718,50.156,0,306,1020,,5480,519,2755,1792,0.7,729
752.4,2026-08-05T03:27:13.010293+00:00,50.718,49.937,50.718,50.187,0,306,1020,,5471,519,2755,1792,0.2,729
753.4,2026-08-05T03:27:14.015938+00:00,50.593,49.687,50.593,50.25,0,306,1020,,5480,519,2755,1792,0.3,729
754.5,2026-08-05T03:27:15.021719+00:00,50.593,49.812,50.593,50.281,0,306,1020,,5480,519,2755,1792,0.3,729
755.5,2026-08-05T03:27:16.026764+00:00,50.593,49.875,50.593,50.187,0,306,1020,,5471,519,2795,1792,0.2,1728
756.5,2026-08-05T03:27:17.032555+00:00,50.687,49.781,50.687,50.187,0,306,1020,,5471,519,2755,1792,0.3,729
757.5,2026-08-05T03:27:18.038234+00:00,50.593,49.968,50.593,50.218,0,306,1020,,5471,519,2755,1792,0.3,729
758.5,2026-08-05T03:27:19.043968+00:00,50.625,49.781,50.625,50.125,0,306,1020,,5440,479,2755,1792,0.3,729
759.5,2026-08-05T03:27:20.049836+00:00,50.812,49.812,50.812,50.25,0,306,1020,,5431,479,2755,1792,0.2,729
760.5,2026-08-05T03:27:21.055448+00:00,50.875,49.906,50.875,50.093,0,306,1020,,5480,519,2755,1792,0.5,729
761.5,2026-08-05T03:27:22.061323+00:00,50.812,49.843,50.812,50.156,0,306,1020,,5480,519,2795,1792,0.3,729
762.5,2026-08-05T03:27:23.066990+00:00,50.875,49.937,50.875,50.093,0,306,1020,,5440,519,2755,1792,0.3,729
763.5,2026-08-05T03:27:24.072645+00:00,50.875,49.625,50.875,50.25,0,306,1020,,5480,519,2755,1792,0.3,729
764.5,2026-08-05T03:27:25.078328+00:00,50.937,49.75,50.937,50.25,0,306,1020,,5440,479,2755,1792,0.3,729
765.5,2026-08-05T03:27:26.084063+00:00,50.718,49.906,50.718,50.093,0,306,1020,,5440,479,2755,1792,0.3,729
766.5,2026-08-05T03:27:27.089724+00:00,50.718,49.75,50.718,50.187,0,306,1020,,5471,519,2755,1792,1.2,729
767.5,2026-08-05T03:27:28.095597+00:00,50.656,49.937,50.656,50.187,0,306,1020,,5440,479,2755,1792,0.2,729
768.5,2026-08-05T03:27:29.101360+00:00,50.718,49.625,50.718,50.218,0,306,1020,,5480,519,2755,1792,0.5,729
769.5,2026-08-05T03:27:30.107090+00:00,50.718,49.781,50.718,50.281,0,306,1020,,5471,479,2795,1792,0.5,729
770.5,2026-08-05T03:27:31.112755+00:00,51.031,49.843,51.031,50.218,0,306,1020,,5440,479,2755,1792,0.5,729
771.5,2026-08-05T03:27:32.118951+00:00,51.093,49.687,51.093,50.281,0,306,1020,,5480,519,2755,1792,0.3,729
772.6,2026-08-05T03:27:33.124375+00:00,51.062,49.906,51.062,50.218,0,306,1020,,5480,479,2755,1792,0.5,729
773.6,2026-08-05T03:27:34.131960+00:00,50.625,49.718,50.625,50.187,0,306,1020,,5471,519,2795,1792,1.2,729
774.6,2026-08-05T03:27:35.138334+00:00,50.718,49.75,50.718,50.187,0,306,1020,,5480,519,2755,1792,0.5,729
775.6,2026-08-05T03:27:36.143900+00:00,50.718,49.781,50.718,50.156,0,306,1020,,5471,519,2755,1792,0.3,729
776.6,2026-08-05T03:27:37.149554+00:00,50.75,49.75,50.75,50.187,0,306,1020,,5471,519,2795,1792,0.5,729
777.6,2026-08-05T03:27:38.155182+00:00,50.781,49.843,50.781,50.281,0,306,1020,,5471,519,2755,1792,0.2,729
778.6,2026-08-05T03:27:39.161090+00:00,50.656,49.843,50.656,50.312,0,306,1020,,5431,519,2755,1792,0.3,729
779.6,2026-08-05T03:27:40.166808+00:00,50.687,49.718,50.687,50.156,0,306,1020,,5431,519,2755,1792,0.3,729
780.6,2026-08-05T03:27:41.172372+00:00,50.687,49.875,50.687,50.156,0,306,1020,,5480,519,2755,1792,0.2,729
781.6,2026-08-05T03:27:42.178141+00:00,50.687,50.031,50.687,50.25,0,306,1020,,5480,519,2755,1792,0.8,729
782.6,2026-08-05T03:27:43.184031+00:00,50.718,49.75,50.718,50.281,0,306,1020,,5480,519,2755,1792,0.3,729
783.6,2026-08-05T03:27:44.189868+00:00,50.593,49.812,50.906,50.187,0,306,1020,,5560,519,2795,1792,0.3,729
784.6,2026-08-05T03:27:45.195513+00:00,50.843,49.968,50.843,50.218,0,306,1020,,5471,479,2795,1792,0.3,729
785.6,2026-08-05T03:27:46.201057+00:00,50.906,49.875,50.906,50.25,0,306,1020,,5480,519,2755,1792,0.5,729
786.6,2026-08-05T03:27:47.207002+00:00,50.875,50.031,50.875,50.25,0,306,1020,,5471,519,2795,1792,0.3,729
787.6,2026-08-05T03:27:48.212787+00:00,50.875,49.656,50.875,50.187,0,306,1020,,5471,519,2795,1792,0.3,729
788.6,2026-08-05T03:27:49.218557+00:00,50.718,49.843,50.718,50.156,0,306,1020,,5480,519,2795,1792,0.3,729
789.7,2026-08-05T03:27:50.224426+00:00,50.687,49.937,50.687,50.187,0,306,1020,,5471,519,2795,1792,0.5,729
790.7,2026-08-05T03:27:51.230229+00:00,50.718,49.718,50.718,50.156,0,306,1020,,5551,519,2835,1792,0.2,729
791.7,2026-08-05T03:27:52.235972+00:00,50.625,50,50.625,50.281,0,306,1020,,5471,519,2795,1792,0.0,729
792.7,2026-08-05T03:27:53.242353+00:00,50.687,49.687,50.687,50.281,0,306,1020,,5480,479,2795,1792,0.7,729
793.7,2026-08-05T03:27:54.247976+00:00,50.875,49.875,50.875,50.187,0,306,1020,,5431,479,2795,1792,0.0,729
794.7,2026-08-05T03:27:55.253958+00:00,51.093,50,51.093,50.218,0,306,1020,,5471,479,2795,1792,0.3,729
795.7,2026-08-05T03:27:56.258891+00:00,51.062,49.75,51.062,50.187,0,306,1020,,5480,519,2795,1792,0.7,1113
796.7,2026-08-05T03:27:57.264747+00:00,51.125,50.062,51.125,50.25,0,306,1020,,5471,519,2795,1792,0.5,729
797.7,2026-08-05T03:27:58.270765+00:00,51.125,49.75,51.125,50.375,0,306,1020,,5471,519,2795,1792,0.2,729
798.7,2026-08-05T03:27:59.277248+00:00,50.718,49.781,50.718,50.218,0,306,1020,,5471,519,2795,1792,0.7,729
799.7,2026-08-05T03:28:00.282767+00:00,50.656,49.968,50.656,50.218,0,306,1020,,5480,479,2795,1792,0.3,729
800.7,2026-08-05T03:28:01.289238+00:00,50.75,49.718,50.75,50.187,0,306,1020,,5471,519,2795,1792,0.3,729
801.7,2026-08-05T03:28:02.295553+00:00,50.781,49.781,50.781,50.312,0,306,1020,,5471,519,2795,1792,0.5,729
802.7,2026-08-05T03:28:03.301090+00:00,50.656,49.812,50.656,50.093,0,306,1020,,5471,479,2795,1792,0.3,729
803.7,2026-08-05T03:28:04.306896+00:00,50.625,49.812,50.625,50.187,0,306,1020,,5471,519,2795,1792,0.3,729
804.7,2026-08-05T03:28:05.312637+00:00,50.625,49.968,50.625,50.187,0,306,1020,,5471,519,2795,1792,0.5,729
805.7,2026-08-05T03:28:06.318134+00:00,50.656,49.75,50.656,50.187,0,306,1020,,5471,519,2795,1792,0.2,729
806.8,2026-08-05T03:28:07.324150+00:00,50.656,49.781,50.656,50.343,0,306,1020,,5480,519,2795,1792,0.2,729
807.8,2026-08-05T03:28:08.330093+00:00,50.687,49.843,50.812,50.406,0,306,1020,,5471,519,2795,1792,0.5,729
808.8,2026-08-05T03:28:09.335405+00:00,50.781,49.687,50.781,50.281,0,306,1020,,5471,519,2795,1792,0.3,729
809.8,2026-08-05T03:28:10.341140+00:00,50.812,49.875,50.812,50.281,0,306,1020,,5480,519,2755,1792,0.5,729
810.8,2026-08-05T03:28:11.348094+00:00,50.812,49.75,50.812,50.281,0,306,1020,,5471,519,2795,1792,0.7,729
811.8,2026-08-05T03:28:12.353639+00:00,50.875,49.718,50.875,50.312,0,306,1020,,5471,519,2795,1792,0.7,729
812.8,2026-08-05T03:28:13.359048+00:00,50.656,49.812,50.656,50.093,0,306,1020,,5471,479,2795,1792,0.2,729
813.8,2026-08-05T03:28:14.365101+00:00,50.625,49.718,50.625,50.187,0,306,1020,,5471,519,2795,1792,0.2,729
814.8,2026-08-05T03:28:15.370694+00:00,50.718,49.906,50.718,50.25,0,306,1020,,5471,519,2755,1792,0.5,729
815.8,2026-08-05T03:28:16.376434+00:00,50.687,49.687,50.687,50.218,0,306,1020,,5471,479,2795,1792,0.3,729
816.8,2026-08-05T03:28:17.382347+00:00,50.75,49.718,50.75,50.187,0,306,1020,,5440,519,2755,1792,0.5,729
817.8,2026-08-05T03:28:18.387886+00:00,50.687,49.812,50.937,50.156,0,306,1020,,5480,519,2755,1792,0.7,729
818.8,2026-08-05T03:28:19.393738+00:00,50.968,49.968,50.968,50.187,0,306,1020,,5431,479,2755,1792,0.3,729
819.8,2026-08-05T03:28:20.399490+00:00,51.031,49.812,51.031,50.343,0,306,1020,,5551,519,2795,1792,0.3,729
820.8,2026-08-05T03:28:21.405091+00:00,51.031,49.718,51.031,50.218,0,306,1020,,5471,479,2795,1792,0.5,729
821.8,2026-08-05T03:28:22.410793+00:00,51.031,49.718,51.031,50.406,0,306,1020,,5431,479,2755,1792,0.3,729
822.8,2026-08-05T03:28:23.416409+00:00,51.062,49.812,51.062,50.25,0,306,1020,,5431,479,2755,1792,0.5,729
823.9,2026-08-05T03:28:24.421982+00:00,50.656,50.062,50.656,50.187,0,306,1020,,5471,519,2755,1792,0.5,729
824.9,2026-08-05T03:28:25.427889+00:00,50.718,49.75,50.718,50.281,0,306,1020,,5471,519,2755,1792,0.2,729
825.9,2026-08-05T03:28:26.433911+00:00,50.687,49.812,50.687,50.25,0,306,1020,,5471,519,2755,1792,0.7,729
826.9,2026-08-05T03:28:27.439712+00:00,50.687,49.718,50.687,50.281,0,306,1020,,5471,519,2755,1792,0.3,729
827.9,2026-08-05T03:28:28.445396+00:00,50.75,49.843,50.75,50.125,0,306,1020,,5471,479,2755,1792,0.3,729
828.9,2026-08-05T03:28:29.451329+00:00,50.625,49.968,50.625,50.25,0,306,1020,,5471,519,2755,1792,0.3,729
829.9,2026-08-05T03:28:30.456884+00:00,50.562,49.687,50.562,50.218,0,306,1020,,5471,519,2755,1792,0.5,729
830.9,2026-08-05T03:28:31.462424+00:00,50.656,49.75,50.656,50.312,0,306,1020,,5471,519,2755,1792,0.2,729
831.9,2026-08-05T03:28:32.468834+00:00,50.625,49.906,50.625,50.218,0,306,1020,,5471,479,2755,1792,0.3,729
832.9,2026-08-05T03:28:33.474464+00:00,50.593,49.875,50.593,50.156,0,306,1020,,5431,479,2755,1792,0.7,729
833.9,2026-08-05T03:28:34.479919+00:00,50.875,50.031,50.875,50.125,0,306,1020,,5591,519,2835,1792,0.3,1728
834.9,2026-08-05T03:28:35.486016+00:00,50.875,49.718,50.875,50.218,0,306,1020,,5471,519,2795,1792,0.5,729
835.9,2026-08-05T03:28:36.492187+00:00,50.843,49.75,50.843,50.343,0,306,1020,,5471,519,2795,1792,0.7,729
836.9,2026-08-05T03:28:37.497900+00:00,50.906,49.968,50.906,50.156,0,306,1020,,5480,519,2755,1792,0.3,729
837.9,2026-08-05T03:28:38.503532+00:00,50.875,49.75,50.875,50.156,0,306,1020,,5471,519,2755,1792,0.5,729
838.9,2026-08-05T03:28:39.509420+00:00,50.656,49.968,50.656,50.281,0,306,1020,,5471,519,2755,1792,0.3,729
839.9,2026-08-05T03:28:40.515020+00:00,50.718,49.718,50.718,50.312,0,306,1020,,5471,479,2755,1792,0.0,729
841.0,2026-08-05T03:28:41.520589+00:00,50.656,49.843,50.656,50.468,0,306,1020,,5630,559,2835,1792,0.7,729
842.0,2026-08-05T03:28:42.526298+00:00,50.687,49.906,50.687,50.187,0,306,1020,,5471,479,2795,1792,0.7,729
843.0,2026-08-05T03:28:43.532382+00:00,50.656,49.843,50.656,50.187,0,306,1020,,5440,479,2755,1792,0.2,729
844.0,2026-08-05T03:28:44.538152+00:00,50.968,49.781,50.968,50.187,0,306,1020,,5440,479,2755,1792,0.3,729
845.0,2026-08-05T03:28:45.544298+00:00,51.031,49.718,51.031,50.218,0,306,1020,,5440,479,2755,1792,0.5,729
846.0,2026-08-05T03:28:46.550046+00:00,51.093,49.781,51.093,50.156,0,306,1020,,5480,519,2755,1792,0.3,729
847.0,2026-08-05T03:28:47.555822+00:00,51.125,49.968,51.125,50.218,0,306,1020,,5471,519,2755,1792,0.7,729
848.0,2026-08-05T03:28:48.561619+00:00,50.531,49.687,50.531,50.25,0,306,1020,,5440,479,2755,1792,0.2,729
849.0,2026-08-05T03:28:49.567610+00:00,50.781,49.781,50.781,50.25,0,306,1020,,5591,559,2835,1792,0.2,729
850.0,2026-08-05T03:28:50.573298+00:00,50.781,49.718,50.781,50.406,0,306,1020,,5480,479,2795,1792,0.5,729
851.0,2026-08-05T03:28:51.578996+00:00,50.718,49.75,50.718,50.062,0,306,1020,,5431,479,2755,1792,0.3,729
852.0,2026-08-05T03:28:52.584636+00:00,50.781,49.875,50.781,50.218,0,306,1020,,5440,479,2755,1792,0.2,729
853.0,2026-08-05T03:28:53.590306+00:00,50.781,49.687,50.781,50.312,0,306,1020,,5471,519,2755,1792,0.5,729
854.0,2026-08-05T03:28:54.596351+00:00,50.625,49.75,50.625,50.187,0,306,1020,,5440,479,2755,1792,0.3,729
855.0,2026-08-05T03:28:55.602074+00:00,50.593,49.875,50.593,50.375,0,306,1020,,5471,519,2755,1792,0.2,729
856.0,2026-08-05T03:28:56.607632+00:00,50.656,49.843,50.656,50.187,0,306,1020,,5480,519,2755,1792,0.3,729
857.0,2026-08-05T03:28:57.613249+00:00,50.687,49.875,50.687,50.281,0,306,1020,,5440,479,2755,1792,0.2,729
858.0,2026-08-05T03:28:58.619101+00:00,50.718,49.718,50.718,50.281,0,306,1020,,5431,479,2755,1792,0.2,729
859.1,2026-08-05T03:28:59.624572+00:00,50.562,49.718,50.562,50.25,0,306,1020,,5431,479,2755,1792,0.2,729
860.1,2026-08-05T03:29:00.630453+00:00,50.843,49.843,50.843,50.343,0,306,1020,,5440,479,2755,1792,0.3,729
861.1,2026-08-05T03:29:01.636203+00:00,50.937,49.781,50.937,50.218,0,306,1020,,5440,479,2755,1792,0.3,729
862.1,2026-08-05T03:29:02.641886+00:00,50.875,49.937,50.875,50.218,0,306,1020,,5440,479,2755,1792,0.5,729
863.1,2026-08-05T03:29:03.647898+00:00,50.875,49.687,50.875,50.281,0,306,1020,,5480,479,2795,1792,0.2,729
864.1,2026-08-05T03:29:04.653581+00:00,50.937,49.781,50.937,50.375,0,306,1020,,5431,479,2755,1792,0.2,729
865.1,2026-08-05T03:29:05.659139+00:00,50.656,49.875,50.656,50.406,0,306,1020,,5431,479,2755,1792,0.3,729
866.1,2026-08-05T03:29:06.664729+00:00,50.718,50,50.718,50.156,0,306,1020,,5431,479,2755,1792,0.0,729
867.1,2026-08-05T03:29:07.670490+00:00,50.718,49.937,50.718,50.156,0,306,1020,,5431,479,2755,1792,0.5,729
868.1,2026-08-05T03:29:08.675733+00:00,50.625,49.687,50.625,50.218,0,306,1020,,5431,479,2755,1792,0.2,729
869.1,2026-08-05T03:29:09.681650+00:00,50.718,49.812,50.718,50.25,0,306,1020,,5431,479,2755,1792,0.3,729
870.1,2026-08-05T03:29:10.687967+00:00,50.718,49.812,50.718,50.187,0,306,1020,,5431,519,2755,1792,0.3,729
871.1,2026-08-05T03:29:11.693776+00:00,51.062,50,51.062,50.156,0,306,1020,,5471,519,2755,1792,0.3,729
872.1,2026-08-05T03:29:12.699080+00:00,51.093,49.875,51.093,50.187,0,306,1020,,5440,479,2755,1792,0.2,729
873.1,2026-08-05T03:29:13.705162+00:00,50.593,49.718,50.593,50.218,0,306,1020,,5440,479,2755,1792,0.5,729
874.1,2026-08-05T03:29:14.711010+00:00,50.562,49.812,50.562,50.281,0,306,1020,,5431,479,2755,1792,0.3,729
875.1,2026-08-05T03:29:15.716340+00:00,50.625,49.843,50.625,50.187,0,306,1020,,5440,479,2755,1792,0.3,729
876.2,2026-08-05T03:29:16.722236+00:00,50.75,49.968,50.75,50.156,0,306,1020,,5431,479,2755,1792,0.3,729
877.2,2026-08-05T03:29:17.728028+00:00,50.718,49.781,50.718,50.156,0,306,1020,,5431,479,2755,1792,0.3,729
878.2,2026-08-05T03:29:18.733345+00:00,50.75,49.687,50.75,50.281,0,306,1020,,5431,479,2755,1792,0.3,729
879.2,2026-08-05T03:29:19.738880+00:00,50.718,49.625,50.718,50.343,0,306,1020,,5431,479,2755,1792,0.2,729
880.2,2026-08-05T03:29:20.744457+00:00,50.781,49.781,50.781,50.156,0,306,1020,,5440,479,2755,1792,0.2,729
881.2,2026-08-05T03:29:21.750764+00:00,50.781,49.968,50.781,50.093,0,306,1020,,5471,519,2755,1792,0.8,729
882.2,2026-08-05T03:29:22.756981+00:00,50.562,49.75,50.562,50.187,0,306,1020,,5431,479,2755,1792,0.2,729
883.2,2026-08-05T03:29:23.763148+00:00,50.625,49.687,50.625,50.281,0,306,1020,,5431,479,2755,1792,0.7,729
884.2,2026-08-05T03:29:24.769410+00:00,50.625,49.75,50.625,50.375,0,306,1020,,5431,479,2755,1792,0.7,729
885.2,2026-08-05T03:29:25.775326+00:00,50.687,49.781,50.687,50.187,0,306,1020,,5471,479,2755,1792,0.0,729
886.2,2026-08-05T03:29:26.780938+00:00,50.843,50,50.843,50.156,0,306,1020,,5471,519,2755,1792,0.3,729
887.2,2026-08-05T03:29:27.786588+00:00,50.875,49.656,50.875,50.187,0,306,1020,,5440,479,2755,1792,0.0,729
888.2,2026-08-05T03:29:28.792539+00:00,50.906,49.781,50.906,50.281,0,306,1020,,5440,479,2755,1792,0.3,729
889.2,2026-08-05T03:29:29.798273+00:00,50.843,49.875,50.843,50.187,0,306,1020,,5471,519,2755,1792,0.7,729
890.2,2026-08-05T03:29:30.804297+00:00,50.937,49.843,50.656,50.125,0,306,1020,,5431,479,2755,1792,0.5,729
891.2,2026-08-05T03:29:31.809880+00:00,50.687,49.937,50.687,50.187,0,306,1020,,5431,479,2755,1792,0.2,729
892.2,2026-08-05T03:29:32.815604+00:00,50.656,49.718,50.656,50.218,0,306,1020,,5471,479,2795,1792,0.3,729
893.3,2026-08-05T03:29:33.821512+00:00,50.656,49.75,50.656,50.312,0,306,1020,,5431,479,2755,1792,0.5,729
894.3,2026-08-05T03:29:34.827200+00:00,50.687,49.937,50.687,50.156,0,306,1020,,5431,519,2755,1792,0.2,729
895.3,2026-08-05T03:29:35.833063+00:00,50.718,49.687,51.093,50.218,0,306,1020,,5431,479,2755,1792,0.5,729
896.3,2026-08-05T03:29:36.838805+00:00,51.062,49.968,51.062,50.187,0,306,1020,,5431,479,2755,1792,0.0,729
897.3,2026-08-05T03:29:37.844358+00:00,51.093,49.656,51.093,50.156,0,306,1020,,5431,519,2755,1792,0.5,729
898.3,2026-08-05T03:29:38.850207+00:00,50.656,49.781,50.656,50.312,0,306,1020,,5440,479,2755,1792,0.5,729
899.3,2026-08-05T03:29:39.858820+00:00,50.593,49.906,50.593,50.187,0,306,1020,,5551,519,2795,1792,0.2,729
900.3,2026-08-05T03:29:40.862250+00:00,50.531,49.781,50.531,50.187,0,306,1020,,5480,479,2795,1792,0.2,729
901.3,2026-08-05T03:29:41.868233+00:00,50.718,49.812,50.718,50.218,0,306,1020,,5440,479,2755,1792,0.5,729
902.3,2026-08-05T03:29:42.873863+00:00,50.718,49.75,50.718,50.281,0,306,1020,,5431,479,2755,1792,0.5,729
903.3,2026-08-05T03:29:43.880476+00:00,50.75,49.718,50.75,50.125,0,306,1020,,5431,479,2755,1792,0.3,729
904.3,2026-08-05T03:29:44.888131+00:00,50.625,49.906,50.625,50.218,0,306,1020,,5431,479,2755,1795,1.0,729
905.3,2026-08-05T03:29:45.893981+00:00,50.687,49.687,50.687,50.343,0,306,1020,,5440,479,2755,1795,0.2,729
906.3,2026-08-05T03:29:46.900101+00:00,50.562,49.718,50.562,50.343,0,306,1020,,5471,519,2795,1795,0.2,729
907.3,2026-08-05T03:29:47.906372+00:00,50.75,49.812,50.75,50.187,0,306,1020,,5431,479,2755,1795,0.5,729
908.3,2026-08-05T03:29:48.912993+00:00,50.718,49.968,50.718,50.187,0,306,1020,,5431,479,2755,1795,0.2,729
909.3,2026-08-05T03:29:49.919417+00:00,50.75,49.781,50.75,50.25,0,306,1020,,5431,479,2755,1795,0.2,729
910.4,2026-08-05T03:29:50.925147+00:00,50.625,49.718,50.625,50.312,0,306,1020,,5431,479,2755,1795,0.3,729
911.4,2026-08-05T03:29:51.931444+00:00,50.593,49.906,50.593,50.125,0,306,1020,,5431,479,2755,1795,0.2,729
912.4,2026-08-05T03:29:52.937851+00:00,50.593,49.843,50.593,50.156,0,306,1020,,5431,479,2755,1795,0.5,729
913.4,2026-08-05T03:29:53.943882+00:00,50.812,49.937,50.812,50.156,0,306,1020,,5471,519,2795,1795,0.3,729
914.4,2026-08-05T03:29:54.951747+00:00,50.906,49.687,50.906,50.187,0,306,1020,,5480,479,2795,1795,0.8,729
915.4,2026-08-05T03:29:55.957334+00:00,50.75,49.75,50.562,50.156,0,306,1020,,5471,519,2755,1795,0.3,729
916.4,2026-08-05T03:29:56.963479+00:00,50.718,49.968,50.718,50.218,0,306,1020,,5440,479,2755,1795,0.7,729
917.4,2026-08-05T03:29:57.969844+00:00,50.562,49.656,50.562,50.218,0,306,1020,,5431,479,2755,1795,0.0,729
918.4,2026-08-05T03:29:58.976154+00:00,50.687,49.781,50.687,50.25,0,306,1020,,5440,479,2755,1795,0.5,729
919.4,2026-08-05T03:29:59.982164+00:00,50.906,49.875,50.906,50.187,0,306,1020,,5431,479,2755,1795,0.5,729
920.4,2026-08-05T03:30:00.987953+00:00,51,50,51,50.093,0,306,1020,,5680,559,2875,1795,0.2,729
921.4,2026-08-05T03:30:01.995325+00:00,50.968,49.843,50.968,50.156,0,306,1020,,5511,519,2795,1796,0.8,729
922.4,2026-08-05T03:30:03.001567+00:00,50.656,49.781,50.656,50.218,0,306,1020,,5480,519,2755,1796,0.7,729
923.4,2026-08-05T03:30:04.008602+00:00,50.593,49.656,50.593,50.187,0,306,1020,,5520,519,2795,1796,0.8,729
924.4,2026-08-05T03:30:05.016095+00:00,50.937,49.718,50.937,50.25,0,306,1020,,5471,519,2795,1797,0.8,729
925.5,2026-08-05T03:30:06.021134+00:00,50.968,50.031,50.968,50.218,0,306,1020,,5471,519,2755,1797,0.5,729
926.5,2026-08-05T03:30:07.027238+00:00,50.531,49.625,50.531,50.218,0,306,1020,,5440,479,2755,1797,0.2,729
927.5,2026-08-05T03:30:08.034036+00:00,50.656,49.781,50.656,50.062,0,306,1020,,5431,479,2755,1797,0.3,729
928.5,2026-08-05T03:30:09.040056+00:00,50.75,49.875,50.75,50.093,0,306,1020,,5440,479,2795,1797,0.5,729
929.5,2026-08-05T03:30:10.046033+00:00,50.687,49.687,50.687,50.156,0,306,1020,,5440,479,2755,1797,0.2,729
930.5,2026-08-05T03:30:11.051795+00:00,50.718,49.75,50.718,50.187,0,306,1020,,5440,479,2755,1797,0.5,729
931.5,2026-08-05T03:30:12.057459+00:00,50.562,49.781,50.562,50.125,0,306,1020,,5431,519,2755,1797,0.5,729
932.5,2026-08-05T03:30:13.063327+00:00,50.562,49.656,50.562,50.125,0,306,1020,,5440,479,2755,1797,0.3,729
933.5,2026-08-05T03:30:14.069307+00:00,50.531,49.906,50.531,50.125,0,306,1020,,5440,479,2755,1797,0.3,729
934.5,2026-08-05T03:30:15.077416+00:00,50.468,49.656,50.468,50.218,0,306,1020,,5480,519,2755,1796,0.7,729
935.5,2026-08-05T03:30:16.082286+00:00,50.718,49.687,50.718,50.125,0,306,1020,,5551,519,2835,1796,0.3,729
936.5,2026-08-05T03:30:17.088381+00:00,50.781,49.875,50.781,50.093,0,306,1020,,5440,479,2755,1796,0.3,729
937.5,2026-08-05T03:30:18.094184+00:00,50.781,49.562,50.781,50.093,0,306,1020,,5431,479,2755,1796,0.5,729
938.5,2026-08-05T03:30:19.099776+00:00,50.812,49.781,50.812,50.062,0,306,1020,,5440,479,2755,1796,0.3,729
939.5,2026-08-05T03:30:20.105897+00:00,50.562,49.781,50.562,50.312,0,306,1020,,5431,479,2755,1796,0.3,729
940.5,2026-08-05T03:30:21.112288+00:00,50.531,49.687,50.531,50.093,0,306,1020,,5440,479,2755,1796,0.7,729
941.5,2026-08-05T03:30:22.117827+00:00,50.625,49.75,50.625,50.062,0,306,1020,,5440,479,2755,1796,0.7,729
942.6,2026-08-05T03:30:23.123973+00:00,50.5,49.593,50.5,50.093,0,306,1020,,5440,479,2795,1796,0.2,729
943.6,2026-08-05T03:30:24.129942+00:00,50.843,49.718,50.843,50.093,0,306,1020,,5431,519,2755,1796,0.5,729
944.6,2026-08-05T03:30:25.137452+00:00,50.843,49.718,50.843,50.062,0,306,1020,,5480,519,2795,1796,0.7,729
945.6,2026-08-05T03:30:26.143369+00:00,50.781,49.843,50.781,50.156,0,306,1020,,5431,479,2755,1796,0.8,729
946.6,2026-08-05T03:30:27.148634+00:00,50.593,49.593,50.593,50.187,0,306,1020,,5431,519,2755,1796,0.2,729
947.6,2026-08-05T03:30:28.154335+00:00,50.625,49.968,50.625,50.187,0,306,1020,,5431,479,2755,1796,0.7,729
948.6,2026-08-05T03:30:29.160479+00:00,50.593,49.625,50.593,50.281,0,306,1020,,5431,479,2755,1796,0.2,729
949.6,2026-08-05T03:30:30.166485+00:00,50.625,49.718,50.625,50.031,0,306,1020,,5431,479,2755,1796,0.3,729
950.6,2026-08-05T03:30:31.172318+00:00,50.625,49.843,50.625,50.093,0,306,1020,,5440,479,2755,1796,0.2,729
951.6,2026-08-05T03:30:32.178342+00:00,50.906,49.687,50.906,50.093,0,306,1020,,5431,479,2755,1796,0.2,729
952.6,2026-08-05T03:30:33.183769+00:00,50.937,49.718,50.937,50.218,0,306,1020,,5431,479,2755,1796,0.3,729
953.6,2026-08-05T03:30:34.189727+00:00,50.437,49.718,50.437,50.062,0,306,1020,,5431,479,2755,1796,0.5,729
954.6,2026-08-05T03:30:35.195574+00:00,50.5,49.687,50.5,50.093,0,306,1020,,5431,479,2755,1796,0.2,729
955.6,2026-08-05T03:30:36.203525+00:00,50.625,49.906,50.625,50.125,0,306,1020,,5471,519,2795,1796,1.0,729
956.6,2026-08-05T03:30:37.210085+00:00,50.718,49.625,50.718,50.312,0,306,1020,,5480,519,2795,1796,0.7,729
957.6,2026-08-05T03:30:38.215700+00:00,50.468,49.718,50.468,50,0,306,1020,,5471,519,2795,1796,0.2,729
958.7,2026-08-05T03:30:39.221474+00:00,50.5,49.718,50.5,50.156,0,306,1020,,5471,519,2755,1796,0.3,729
959.7,2026-08-05T03:30:40.228849+00:00,50.593,49.656,50.593,50.125,0,306,1020,,5471,519,2795,1796,0.2,1728
960.7,2026-08-05T03:30:41.234564+00:00,50.687,49.625,50.687,50.187,0,306,1020,,5471,479,2795,1796,0.3,729
961.7,2026-08-05T03:30:42.240181+00:00,50.687,49.812,50.687,50.187,0,306,1020,,5471,519,2795,1796,0.7,729
962.7,2026-08-05T03:30:43.246044+00:00,50.75,49.875,50.75,50.125,0,306,1020,,5431,479,2795,1796,0.3,729
963.7,2026-08-05T03:30:44.251672+00:00,50.75,49.75,50.75,50.156,0,306,1020,,5471,479,2795,1796,0.0,729
964.7,2026-08-05T03:30:45.257133+00:00,50.75,49.625,50.75,50.187,0,306,1020,,5471,479,2795,1796,0.5,729
965.7,2026-08-05T03:30:46.264662+00:00,50.531,49.656,50.531,50.156,0,306,1020,,5471,519,2795,1795,0.8,729
966.7,2026-08-05T03:30:47.270380+00:00,50.468,49.781,50.468,50.125,0,306,1020,,5551,519,2835,1795,0.2,729
967.7,2026-08-05T03:30:48.276410+00:00,50.562,49.906,50.562,50.062,0,306,1020,,5480,519,2795,1795,0.5,729
968.7,2026-08-05T03:30:49.281785+00:00,50.625,49.718,50.625,50.156,0,306,1020,,5480,519,2795,1795,0.2,729
969.7,2026-08-05T03:30:50.287994+00:00,50.843,49.625,50.843,50.125,0,306,1020,,5471,519,2755,1795,0.3,729
970.7,2026-08-05T03:30:51.293482+00:00,50.812,49.593,50.812,50.218,0,306,1020,,5480,519,2795,1795,0.2,729
971.7,2026-08-05T03:30:52.299501+00:00,50.75,49.687,50.75,50.062,0,306,1020,,5471,519,2755,1795,0.2,729
972.7,2026-08-05T03:30:53.304918+00:00,50.843,49.843,50.843,50.093,0,306,1020,,5471,519,2755,1795,0.5,729
973.7,2026-08-05T03:30:54.310628+00:00,50.843,49.656,50.843,50.093,0,306,1020,,5480,519,2795,1795,0.7,729
974.7,2026-08-05T03:30:55.316520+00:00,50.875,49.75,50.593,50.187,0,306,1020,,5480,519,2755,1795,0.0,729
975.8,2026-08-05T03:30:56.323949+00:00,50.593,49.781,50.593,50.062,0,306,1020,,5480,519,2795,1797,0.8,729
976.8,2026-08-05T03:30:57.329179+00:00,50.656,49.687,50.656,50.062,0,306,1020,,5471,519,2755,1797,0.5,729
977.8,2026-08-05T03:30:58.334708+00:00,50.562,49.906,50.562,50.093,0,306,1020,,5471,519,2755,1797,0.2,729
978.8,2026-08-05T03:30:59.340086+00:00,50.625,49.625,50.625,50.125,0,306,1020,,5471,519,2755,1797,0.3,729
979.8,2026-08-05T03:31:00.345576+00:00,51,49.625,51,50.187,0,306,1020,,5480,519,2755,1797,0.7,729
980.8,2026-08-05T03:31:01.351437+00:00,50.468,49.843,50.468,50.062,0,306,1020,,5471,519,2755,1797,0.3,729
981.8,2026-08-05T03:31:02.357146+00:00,50.5,49.656,50.5,50.093,0,306,1020,,5511,519,2795,1797,0.3,729
982.8,2026-08-05T03:31:03.362728+00:00,50.531,49.906,50.531,50.062,0,306,1020,,5471,519,2755,1797,0.3,729
983.8,2026-08-05T03:31:04.368666+00:00,50.468,49.656,50.468,50.093,0,306,1020,,5471,519,2755,1797,0.3,729
984.8,2026-08-05T03:31:05.374897+00:00,50.625,49.656,50.625,50.25,0,306,1020,,5471,519,2755,1797,0.3,729
985.8,2026-08-05T03:31:06.382382+00:00,50.656,49.75,50.656,50,0,306,1020,,5471,519,2795,1797,1.0,729
986.8,2026-08-05T03:31:07.387524+00:00,50.718,49.656,50.718,50.093,0,306,1020,,5431,479,2755,1797,0.2,729
987.8,2026-08-05T03:31:08.393313+00:00,50.687,49.781,50.687,50.093,0,306,1020,,5480,519,2755,1797,0.3,729
988.8,2026-08-05T03:31:09.398832+00:00,50.593,49.656,50.593,50.093,0,306,1020,,5750,599,2875,1797,0.2,729
989.8,2026-08-05T03:31:10.404458+00:00,50.468,49.687,50.468,50,0,306,1020,,5480,519,2795,1797,0.3,729
990.8,2026-08-05T03:31:11.410370+00:00,50.5,49.812,50.5,50.156,0,306,1020,,5471,519,2755,1797,0.5,729
991.8,2026-08-05T03:31:12.416271+00:00,50.562,49.5,50.562,50.125,0,306,1020,,5431,519,2755,1797,0.2,729
992.9,2026-08-05T03:31:13.422104+00:00,50.437,49.781,50.437,50.093,0,306,1020,,5431,479,2755,1797,0.2,729
993.9,2026-08-05T03:31:14.427449+00:00,50.656,49.593,50.781,50.156,0,306,1020,,5431,519,2755,1797,0.3,729
994.9,2026-08-05T03:31:15.433394+00:00,50.812,49.687,50.812,50.031,0,306,1020,,5440,479,2755,1797,0.3,729
995.9,2026-08-05T03:31:16.440394+00:00,50.75,49.718,50.75,50.062,0,306,1020,,5480,519,2755,1797,0.3,729
996.9,2026-08-05T03:31:17.446306+00:00,50.843,49.562,50.843,50.093,0,306,1020,,5480,519,2795,1797,0.7,729
997.9,2026-08-05T03:31:18.452349+00:00,50.531,49.593,50.531,50.062,0,306,1020,,5480,519,2755,1797,0.3,729
998.9,2026-08-05T03:31:19.457950+00:00,50.593,49.75,50.593,50.218,0,306,1020,,5440,479,2755,1797,0.2,729
999.9,2026-08-05T03:31:20.463710+00:00,50.562,49.937,50.562,50.031,0,306,1020,,5440,479,2755,1797,0.5,729
1000.9,2026-08-05T03:31:21.469631+00:00,50.531,49.75,50.531,50.062,0,306,1020,,5440,479,2755,1797,0.2,729
1001.9,2026-08-05T03:31:22.474960+00:00,50.593,49.531,50.593,50.187,0,306,1020,,5440,479,2755,1797,0.3,729
1002.9,2026-08-05T03:31:23.480919+00:00,50.937,49.562,50.937,50.125,0,306,1020,,5471,519,2755,1797,0.5,729
1003.9,2026-08-05T03:31:24.486362+00:00,50.968,49.718,50.968,50.125,0,306,1020,,5551,519,2835,1797,0.3,729
1004.9,2026-08-05T03:31:25.492342+00:00,50.937,49.812,50.937,50.062,0,306,1020,,5471,519,2795,1797,0.2,729
1005.9,2026-08-05T03:31:26.498234+00:00,50.468,49.718,50.468,50.156,0,306,1020,,5431,479,2755,1797,0.3,729
1006.9,2026-08-05T03:31:27.503709+00:00,50.5,49.593,50.5,50.187,0,306,1020,,5431,519,2755,1797,0.3,729
1007.9,2026-08-05T03:31:28.509333+00:00,50.468,49.625,50.468,50.156,0,306,1020,,5431,519,2755,1797,0.2,729
1008.9,2026-08-05T03:31:29.515155+00:00,50.718,49.687,50.718,50.031,0,306,1020,,5471,519,2755,1797,0.5,729
1010.0,2026-08-05T03:31:30.521033+00:00,50.656,49.875,50.656,50.062,0,306,1020,,5480,519,2755,1797,0.3,729
1011.0,2026-08-05T03:31:31.526766+00:00,50.687,49.593,50.687,50.062,0,306,1020,,5440,479,2755,1797,0.2,729
1012.0,2026-08-05T03:31:32.532115+00:00,50.687,49.593,50.687,50.062,0,306,1020,,5431,519,2755,1797,0.5,729
1013.0,2026-08-05T03:31:33.538212+00:00,50.687,49.625,50.687,50.156,0,306,1020,,5440,519,2755,1797,0.2,729
1014.0,2026-08-05T03:31:34.543634+00:00,50.687,49.687,50.531,50.093,0,306,1020,,5431,479,2755,1797,0.3,729
1015.0,2026-08-05T03:31:35.549382+00:00,50.5,49.906,50.5,50.031,0,306,1020,,5431,519,2755,1797,0.5,729
1016.0,2026-08-05T03:31:36.555146+00:00,50.406,49.625,50.406,50.031,0,306,1020,,5480,519,2755,1797,0.2,729
1017.0,2026-08-05T03:31:37.560928+00:00,50.5,49.812,50.5,50.062,0,306,1020,,5440,519,2755,1797,0.2,729
1018.0,2026-08-05T03:31:38.566526+00:00,50.5,49.593,50.5,50.218,0,306,1020,,5431,479,2755,1797,0.5,729
1019.0,2026-08-05T03:31:39.572367+00:00,50.437,49.687,50.437,50,0,306,1020,,5511,519,2795,1797,0.5,729
1020.0,2026-08-05T03:31:40.578159+00:00,50.718,49.843,50.718,50.062,0,306,1020,,5431,479,2755,1797,0.0,729
1021.0,2026-08-05T03:31:41.584453+00:00,50.75,49.593,50.75,50.031,0,306,1020,,5431,519,2755,1797,0.7,729
1022.0,2026-08-05T03:31:42.590197+00:00,50.812,49.656,50.812,50.125,0,306,1020,,5440,479,2755,1797,0.3,729
1023.0,2026-08-05T03:31:43.596096+00:00,50.781,49.562,50.781,50.156,0,306,1020,,5431,479,2755,1797,0.3,729
1024.0,2026-08-05T03:31:44.601246+00:00,50.843,49.75,50.843,50.031,0,306,1020,,5440,479,2755,1797,0.7,729
1025.0,2026-08-05T03:31:45.607066+00:00,50.562,49.781,50.562,50.062,0,306,1020,,5440,479,2755,1797,0.5,729
1026.0,2026-08-05T03:31:46.613273+00:00,50.5,49.593,50.5,50.031,0,306,1020,,5440,519,2755,1797,0.2,729
1027.0,2026-08-05T03:31:47.618855+00:00,50.593,49.687,50.593,50.125,0,306,1020,,5480,519,2755,1797,0.0,729
1028.1,2026-08-05T03:31:48.624458+00:00,50.656,49.781,50.656,50.031,0,306,1020,,5471,519,2755,1797,0.2,729
1029.1,2026-08-05T03:31:49.630514+00:00,50.531,49.625,50.531,50.031,0,306,1020,,5471,519,2755,1797,0.3,729
1030.1,2026-08-05T03:31:50.635816+00:00,50.531,49.812,50.437,50.125,0,306,1020,,5471,519,2755,1797,0.3,729
1031.1,2026-08-05T03:31:51.642118+00:00,50.437,49.531,50.437,50,0,306,1020,,5471,519,2755,1797,0.2,729
1032.1,2026-08-05T03:31:52.647976+00:00,50.437,49.562,50.437,50.062,0,306,1020,,5471,519,2755,1797,0.2,729
1033.1,2026-08-05T03:31:53.653778+00:00,50.406,49.718,50.406,50.062,0,306,1020,,5480,519,2755,1797,0.3,729
1034.1,2026-08-05T03:31:54.659383+00:00,50.437,49.625,50.437,50.125,0,306,1020,,5480,519,2755,1797,0.2,729
1035.1,2026-08-05T03:31:55.665061+00:00,50.406,49.843,50.406,50.031,0,306,1020,,5480,519,2755,1797,0.3,729
1036.1,2026-08-05T03:31:56.670930+00:00,50.5,49.5,50.5,50.062,0,306,1020,,5480,519,2755,1797,0.2,729
1037.1,2026-08-05T03:31:57.676482+00:00,50.718,49.593,50.718,50.125,0,306,1020,,5431,519,2755,1797,0.5,729
1038.1,2026-08-05T03:31:58.682137+00:00,50.75,49.75,50.75,50.062,0,306,1020,,5471,519,2755,1797,0.3,729
1039.1,2026-08-05T03:31:59.687733+00:00,50.625,49.562,50.625,50,0,306,1020,,5480,519,2755,1797,0.2,729
1040.1,2026-08-05T03:32:00.693569+00:00,50.718,49.75,50.718,50.062,0,306,1020,,5431,519,2755,1797,0.3,729
1041.1,2026-08-05T03:32:01.699520+00:00,50.468,49.531,50.468,50.156,0,306,1020,,5480,519,2795,1797,0.3,729
1042.1,2026-08-05T03:32:02.705534+00:00,50.5,49.562,50.5,50.125,0,306,1020,,5471,519,2755,1797,0.3,729
1043.1,2026-08-05T03:32:03.710995+00:00,50.468,49.718,50.468,50,0,306,1020,,5440,519,2755,1797,0.2,729
1044.1,2026-08-05T03:32:04.717231+00:00,50.437,49.531,50.437,50.093,0,306,1020,,5471,519,2755,1797,0.3,729
1045.2,2026-08-05T03:32:05.723032+00:00,50.531,49.687,50.531,50.062,0,306,1020,,5431,479,2755,1797,0.2,729
1046.2,2026-08-05T03:32:06.728922+00:00,50.718,49.562,50.718,50.187,0,306,1020,,5440,479,2755,1797,0.3,729
1047.2,2026-08-05T03:32:07.734828+00:00,50.781,49.562,50.781,50,0,306,1020,,5480,519,2755,1797,0.3,729
1048.2,2026-08-05T03:32:08.740430+00:00,50.718,49.75,50.718,50.125,0,306,1020,,5440,519,2755,1797,0.2,729
1049.2,2026-08-05T03:32:09.745917+00:00,50.75,49.968,50.75,50.031,0,306,1020,,5471,519,2755,1797,0.2,729
1050.2,2026-08-05T03:32:10.751972+00:00,50.906,49.656,50.906,50.125,0,306,1020,,5471,519,2755,1797,0.2,729
1051.2,2026-08-05T03:32:11.757762+00:00,50.437,49.656,50.437,50.093,0,306,1020,,5431,479,2755,1797,0.5,729
1052.2,2026-08-05T03:32:12.763442+00:00,50.625,49.531,50.625,50.156,0,306,1020,,5471,519,2755,1797,0.0,729
1053.2,2026-08-05T03:32:13.769606+00:00,50.625,49.656,50.625,50.031,0,306,1020,,5480,519,2755,1797,0.3,729
1054.2,2026-08-05T03:32:14.775275+00:00,50.531,49.906,50.531,50.062,0,306,1020,,5471,519,2755,1797,0.2,729
1055.2,2026-08-05T03:32:15.780926+00:00,50.593,49.625,50.593,50.125,0,306,1020,,5431,519,2755,1797,0.2,729
1056.2,2026-08-05T03:32:16.786731+00:00,50.406,49.687,50.406,50.093,0,306,1020,,5480,519,2795,1797,0.3,729
1057.2,2026-08-05T03:32:17.792530+00:00,50.468,49.531,50.468,50.187,0,306,1020,,5471,519,2755,1797,0.5,729
1058.2,2026-08-05T03:32:18.798301+00:00,50.5,49.687,50.5,50,0,306,1020,,5471,519,2755,1797,0.3,729
1059.2,2026-08-05T03:32:19.803975+00:00,50.468,49.968,50.468,50.093,0,306,1020,,5440,519,2755,1797,0.0,729
1060.2,2026-08-05T03:32:20.809921+00:00,50.468,49.625,50.468,50.125,0,306,1020,,5440,519,2755,1797,0.2,729
1061.2,2026-08-05T03:32:21.815804+00:00,50.718,49.656,50.718,50.125,0,306,1020,,5440,479,2755,1797,0.3,729
1062.3,2026-08-05T03:32:22.821214+00:00,50.593,49.75,50.593,50,0,306,1020,,5431,479,2755,1797,0.2,729
1063.3,2026-08-05T03:32:23.826903+00:00,50.656,49.656,50.656,50.093,0,306,1020,,5480,519,2755,1797,0.3,729
1064.3,2026-08-05T03:32:24.832731+00:00,50.625,49.906,50.625,50.062,0,306,1020,,5480,519,2755,1797,0.2,729
1065.3,2026-08-05T03:32:25.838916+00:00,50.718,49.5,50.718,50.031,0,306,1020,,5431,519,2755,1797,0.3,729
1066.3,2026-08-05T03:32:26.844541+00:00,50.5,49.687,50.5,50.187,0,306,1020,,5471,519,2755,1797,0.5,729
1067.3,2026-08-05T03:32:27.850157+00:00,50.406,49.812,50.406,50,0,306,1020,,5431,519,2755,1797,0.2,729
1068.3,2026-08-05T03:32:28.855952+00:00,50.531,49.687,50.531,50.031,0,306,1020,,5431,479,2755,1797,0.0,729
1069.3,2026-08-05T03:32:29.862278+00:00,50.437,49.812,50.437,50,0,306,1020,,5440,519,2755,1797,0.5,729
1070.3,2026-08-05T03:32:30.868039+00:00,50.531,49.531,50.531,50.125,0,306,1020,,5440,479,2755,1797,0.2,729
1071.3,2026-08-05T03:32:31.873733+00:00,50.718,49.656,50.718,50.125,0,306,1020,,5520,519,2795,1797,0.0,729
1072.3,2026-08-05T03:32:32.879252+00:00,50.75,49.875,50.75,50.031,0,306,1020,,5471,519,2755,1797,0.3,729
1073.3,2026-08-05T03:32:33.886587+00:00,50.843,49.562,50.843,50,0,306,1020,,5511,519,2795,1797,1.0,729
1074.3,2026-08-05T03:32:34.892691+00:00,50.781,49.718,50.781,50.031,0,306,1020,,5480,519,2755,1797,0.3,729
1075.3,2026-08-05T03:32:35.898498+00:00,50.625,49.593,50.625,50.218,0,306,1020,,5431,519,2755,1797,0.3,729
1076.3,2026-08-05T03:32:36.903928+00:00,50.531,49.593,50.531,50.031,0,306,1020,,5431,519,2755,1797,0.2,729
1077.3,2026-08-05T03:32:37.910476+00:00,50.562,49.75,50.562,50.062,0,306,1020,,5431,519,2755,1797,1.0,729
1078.3,2026-08-05T03:32:38.916185+00:00,50.531,49.562,50.531,50.093,0,306,1020,,5431,479,2755,1797,0.5,729
1079.4,2026-08-05T03:32:39.922277+00:00,50.968,49.625,50.968,50.125,0,306,1020,,5591,519,2835,1797,0.2,729
1080.4,2026-08-05T03:32:40.928022+00:00,50.437,49.718,50.437,50.156,0,306,1020,,5480,519,2795,1797,0.3,729
1081.4,2026-08-05T03:32:41.933591+00:00,50.437,49.968,50.437,50.062,0,306,1020,,5471,519,2755,1797,0.5,729
1082.4,2026-08-05T03:32:42.940276+00:00,50.437,49.718,50.437,50.062,0,306,1020,,5440,519,2755,1797,0.2,729
1083.4,2026-08-05T03:32:43.946679+00:00,50.625,49.562,50.625,50.125,0,306,1020,,5431,479,2755,1797,0.3,729
1084.4,2026-08-05T03:32:44.952514+00:00,50.593,49.625,50.593,50.25,0,306,1020,,5431,479,2755,1797,0.7,729
1085.4,2026-08-05T03:32:45.959053+00:00,50.625,49.75,50.625,50.093,0,306,1020,,5440,479,2755,1797,0.2,729
1086.4,2026-08-05T03:32:46.965396+00:00,50.406,49.937,50.406,50.125,0,306,1020,,5471,519,2795,1797,0.2,729
1087.4,2026-08-05T03:32:47.971189+00:00,50.468,49.562,50.468,50.125,0,306,1020,,5480,519,2755,1797,0.3,729
1088.4,2026-08-05T03:32:48.976588+00:00,50.468,49.687,50.468,50.187,0,306,1020,,5480,519,2755,1797,0.2,729
1089.4,2026-08-05T03:32:49.982806+00:00,50.468,49.75,50.468,49.968,0,306,1020,,5440,519,2755,1797,0.5,729
1090.4,2026-08-05T03:32:50.988372+00:00,50.437,49.75,50.437,50.031,0,306,1020,,5480,519,2755,1797,0.5,729
1091.4,2026-08-05T03:32:51.994292+00:00,50.687,49.875,50.687,50.093,0,306,1020,,5471,519,2755,1797,0.2,729
1092.4,2026-08-05T03:32:53.000362+00:00,50.656,49.656,50.656,50.156,0,306,1020,,5480,519,2755,1797,0.3,729
1093.4,2026-08-05T03:32:54.005911+00:00,50.718,49.687,50.718,50.062,0,306,1020,,5440,519,2755,1797,0.3,729
1094.4,2026-08-05T03:32:55.012112+00:00,50.718,49.875,50.718,50.062,0,306,1020,,5520,519,2795,1797,0.2,729
1095.4,2026-08-05T03:32:56.017765+00:00,50.781,49.75,50.562,50.093,0,306,1020,,5471,519,2755,1797,0.2,729
1096.5,2026-08-05T03:32:57.023889+00:00,50.531,49.937,50.531,50.156,0,306,1020,,5471,519,2755,1797,0.8,729
1097.5,2026-08-05T03:32:58.029909+00:00,50.562,49.593,50.562,50.218,0,306,1020,,5440,479,2755,1797,0.2,729
1098.5,2026-08-05T03:32:59.036360+00:00,50.531,49.687,50.531,50,0,306,1020,,5471,519,2795,1797,0.3,729
1099.5,2026-08-05T03:33:00.042290+00:00,50.875,49.875,50.875,50.093,0,306,1020,,5440,479,2755,1797,0.8,729
1100.5,2026-08-05T03:33:01.049220+00:00,50.875,49.593,50.875,50.125,0,306,1020,,5471,519,2755,1797,0.5,729
1101.5,2026-08-05T03:33:02.054994+00:00,50.937,49.75,50.937,50.25,0,306,1020,,5720,559,2875,1797,0.2,729
1102.5,2026-08-05T03:33:03.060428+00:00,50.875,49.75,50.875,50,0,306,1020,,5480,519,2795,1797,0.5,729
1103.5,2026-08-05T03:33:04.066029+00:00,50.625,49.656,50.625,50.062,0,306,1020,,5431,519,2755,1797,0.0,729
1104.5,2026-08-05T03:33:05.071858+00:00,50.625,49.843,50.625,50.125,0,306,1020,,5471,519,2755,1797,0.2,729
1105.5,2026-08-05T03:33:06.077861+00:00,50.687,49.562,50.687,50.187,0,306,1020,,5440,479,2795,1797,0.5,729
1106.5,2026-08-05T03:33:07.083656+00:00,50.656,49.718,50.656,50.25,0,306,1020,,5431,479,2755,1797,0.2,729
1107.5,2026-08-05T03:33:08.089739+00:00,50.625,49.75,50.625,50.093,0,306,1020,,5440,479,2755,1797,0.3,729
1108.5,2026-08-05T03:33:09.095413+00:00,50.406,49.718,50.406,50.187,0,306,1020,,5431,479,2755,1797,0.5,729
1109.5,2026-08-05T03:33:10.101140+00:00,50.531,49.875,50.531,50.156,0,306,1020,,5440,479,2755,1797,0.2,729
1110.5,2026-08-05T03:33:11.106917+00:00,50.468,49.625,50.468,50.093,0,306,1020,,5431,479,2755,1797,0.3,729
1111.5,2026-08-05T03:33:12.112853+00:00,50.593,49.687,50.593,50.25,0,306,1020,,5431,479,2755,1797,0.3,729
1112.5,2026-08-05T03:33:13.118798+00:00,50.5,49.781,50.5,50.125,0,306,1020,,5431,479,2755,1797,0.0,729
1113.6,2026-08-05T03:33:14.124558+00:00,50.687,49.937,50.687,50.093,0,306,1020,,5431,479,2755,1797,0.2,729
1114.6,2026-08-05T03:33:15.130249+00:00,50.781,49.75,50.781,50.187,0,306,1020,,5431,479,2755,1797,0.7,729
1115.6,2026-08-05T03:33:16.135783+00:00,50.75,49.625,50.75,50.156,0,306,1020,,5431,479,2755,1797,0.3,729
1116.6,2026-08-05T03:33:17.141688+00:00,50.75,49.656,50.75,50.093,0,306,1020,,5630,559,2875,1797,0.3,729
1117.6,2026-08-05T03:33:18.147760+00:00,50.75,49.75,50.75,50.093,0,306,1020,,5471,519,2795,1797,0.5,729
1118.6,2026-08-05T03:33:19.153244+00:00,50.593,49.937,50.593,50.125,0,306,1020,,5431,519,2755,1797,0.2,729
1119.6,2026-08-05T03:33:20.158728+00:00,50.625,49.687,50.625,50.156,0,306,1020,,5440,479,2755,1797,0.3,729
1120.6,2026-08-05T03:33:21.164505+00:00,50.625,49.75,50.625,50.218,0,306,1020,,5431,479,2755,1797,0.7,729
1121.6,2026-08-05T03:33:22.170346+00:00,50.625,49.625,50.625,50.281,0,306,1020,,5471,519,2755,1797,0.2,729
1122.6,2026-08-05T03:33:23.175841+00:00,50.562,49.781,50.562,50.156,0,306,1020,,5440,519,2755,1797,0.3,729
1123.6,2026-08-05T03:33:24.181883+00:00,50.625,49.968,50.625,50.156,0,306,1020,,5511,519,2795,1797,0.5,729
1124.6,2026-08-05T03:33:25.187180+00:00,50.906,49.656,50.906,50.156,0,306,1020,,5440,479,2755,1797,0.3,729
1125.6,2026-08-05T03:33:26.192886+00:00,50.937,49.718,50.937,50.187,0,306,1020,,5431,479,2755,1797,0.3,729
1126.6,2026-08-05T03:33:27.198589+00:00,50.875,49.656,50.875,50.187,0,306,1020,,5431,519,2755,1797,0.3,729
1127.6,2026-08-05T03:33:28.204124+00:00,50.937,49.75,50.937,50.125,0,306,1020,,5440,479,2795,1797,0.0,729
1128.6,2026-08-05T03:33:29.210103+00:00,51,49.968,51,50.093,0,306,1020,,5440,479,2755,1797,0.5,729
1129.6,2026-08-05T03:33:30.215989+00:00,50.5,49.75,50.5,50.25,0,306,1020,,5440,519,2755,1797,0.2,729
1130.7,2026-08-05T03:33:31.221229+00:00,50.687,49.656,50.687,50.156,0,306,1020,,5440,479,2755,1797,0.3,729
1131.7,2026-08-05T03:33:32.226993+00:00,50.593,49.687,50.593,50.25,0,306,1020,,5480,519,2795,1797,0.3,729
1132.7,2026-08-05T03:33:33.232627+00:00,50.656,49.75,50.656,50.125,0,306,1020,,5431,479,2795,1797,0.5,729
1133.7,2026-08-05T03:33:34.238436+00:00,50.718,49.968,50.718,50.125,0,306,1020,,5431,479,2795,1797,0.3,729
1134.7,2026-08-05T03:33:35.244215+00:00,50.718,49.656,50.718,50.187,0,306,1020,,5440,479,2755,1797,0.2,729
1135.7,2026-08-05T03:33:36.250003+00:00,50.718,49.625,50.718,50.218,0,306,1020,,5440,479,2755,1797,0.2,729
1136.7,2026-08-05T03:33:37.255923+00:00,50.531,49.625,50.531,50.062,0,306,1020,,5431,479,2755,1797,0.0,729
1137.7,2026-08-05T03:33:38.261611+00:00,50.531,49.656,50.531,50.125,0,306,1020,,5440,479,2755,1797,0.2,729
1138.7,2026-08-05T03:33:39.267044+00:00,50.531,49.968,50.531,50.093,0,306,1020,,5471,519,2795,1797,0.3,729
1139.7,2026-08-05T03:33:40.272714+00:00,50.5,49.531,50.5,50.218,0,306,1020,,5480,519,2795,1797,0.3,729
1140.7,2026-08-05T03:33:41.278641+00:00,50.468,49.656,50.468,50.187,0,306,1020,,5431,479,2755,1797,0.3,729
1141.7,2026-08-05T03:33:42.284191+00:00,50.437,49.781,50.437,50.062,0,306,1020,,5471,519,2755,1797,0.5,729
1142.7,2026-08-05T03:33:43.290057+00:00,50.781,49.687,50.781,50.187,0,306,1020,,5440,479,2755,1797,0.2,729
1143.7,2026-08-05T03:33:44.295719+00:00,50.812,49.875,50.812,50.093,0,306,1020,,5471,519,2755,1797,0.5,729
1144.7,2026-08-05T03:33:45.300953+00:00,50.875,49.562,50.875,50.218,0,306,1020,,5480,519,2755,1797,0.3,729
1145.7,2026-08-05T03:33:46.306584+00:00,50.843,49.718,50.843,50.218,0,306,1020,,5480,519,2755,1797,0.2,729
1146.7,2026-08-05T03:33:47.312247+00:00,50.906,49.906,50.906,50.093,0,306,1020,,5591,559,2835,1797,0.3,729
1147.7,2026-08-05T03:33:48.318027+00:00,50.875,49.718,50.875,50.093,0,306,1020,,5471,519,2795,1797,0.7,729
1148.8,2026-08-05T03:33:49.323704+00:00,50.593,49.937,50.593,50.25,0,306,1020,,5480,519,2755,1797,0.3,729
1149.8,2026-08-05T03:33:50.329754+00:00,50.562,49.687,50.562,50.187,0,306,1020,,5480,519,2755,1797,0.3,729
1150.8,2026-08-05T03:33:51.335273+00:00,50.625,49.687,50.625,50.25,0,306,1020,,5440,519,2755,1797,0.3,729
1151.8,2026-08-05T03:33:52.340867+00:00,50.687,49.75,50.687,50.062,0,306,1020,,5480,519,2755,1797,0.3,729
1152.8,2026-08-05T03:33:53.346568+00:00,50.656,49.75,50.656,50.031,0,306,1020,,5480,479,2755,1797,0.3,729
1153.8,2026-08-05T03:33:54.352001+00:00,50.656,49.968,50.656,50.156,0,306,1020,,5480,519,2795,1797,0.3,729
1154.8,2026-08-05T03:33:55.358041+00:00,50.656,49.625,50.406,50.125,0,306,1020,,5440,479,2755,1797,0.2,729
1155.8,2026-08-05T03:33:56.363668+00:00,50.562,49.75,50.562,50.156,0,306,1020,,5440,479,2755,1797,0.2,729
1156.8,2026-08-05T03:33:57.369323+00:00,50.531,49.875,50.531,50.125,0,306,1020,,5440,479,2755,1797,0.3,729
1157.8,2026-08-05T03:33:58.374883+00:00,50.437,49.718,50.437,50.093,0,306,1020,,5440,479,2755,1797,0.3,729
1158.8,2026-08-05T03:33:59.380732+00:00,50.5,49.968,50.5,50.156,0,306,1020,,5440,479,2755,1797,0.2,729
1159.8,2026-08-05T03:34:00.386209+00:00,50.468,49.625,50.468,50.218,0,306,1020,,5440,479,2755,1797,0.3,729
1160.8,2026-08-05T03:34:01.391767+00:00,50.5,49.687,50.687,50.25,0,306,1020,,5440,479,2755,1797,0.2,729
1161.8,2026-08-05T03:34:02.397543+00:00,50.718,49.906,50.718,50.062,0,306,1020,,5560,519,2835,1797,0.3,729
1162.8,2026-08-05T03:34:03.403627+00:00,50.718,49.718,50.718,50.156,0,306,1020,,5471,519,2795,1797,0.5,729
1163.8,2026-08-05T03:34:04.409434+00:00,50.718,49.843,50.718,50.156,0,306,1020,,5431,479,2755,1797,0.0,729
1164.8,2026-08-05T03:34:05.415747+00:00,50.812,49.593,50.812,50.218,0,306,1020,,5440,479,2755,1797,0.5,729
1165.9,2026-08-05T03:34:06.421906+00:00,50.625,49.625,50.625,50.281,0,306,1020,,5431,479,2755,1797,0.3,729
1166.9,2026-08-05T03:34:07.427751+00:00,50.593,49.812,50.593,50.031,0,306,1020,,5431,479,2755,1797,0.2,729
1167.9,2026-08-05T03:34:08.433634+00:00,50.593,49.531,50.593,50.218,0,306,1020,,5471,519,2755,1797,0.3,729
1168.9,2026-08-05T03:34:09.441047+00:00,50.656,50.031,50.656,50.156,0,306,1020,,5950,678,2995,1797,0.2,1728
1169.9,2026-08-05T03:34:10.445596+00:00,50.812,49.718,50.812,50.218,0,306,1020,,5511,519,2795,1797,0.2,729
1170.9,2026-08-05T03:34:11.451303+00:00,50.812,49.656,50.812,50.187,0,306,1020,,5480,519,2795,1797,0.5,729
1171.9,2026-08-05T03:34:12.457077+00:00,50.843,49.781,50.843,50.093,0,306,1020,,5471,519,2755,1797,0.2,729
1172.9,2026-08-05T03:34:13.462654+00:00,50.875,49.593,50.875,50.093,0,306,1020,,5440,479,2755,1797,0.2,729
1173.9,2026-08-05T03:34:14.468958+00:00,50.937,49.656,50.937,50.187,0,306,1020,,5480,519,2795,1797,0.5,1728
1174.9,2026-08-05T03:34:15.474330+00:00,50.656,49.812,50.656,50.25,0,306,1020,,5480,519,2755,1797,0.5,729
1175.9,2026-08-05T03:34:16.479989+00:00,50.656,49.593,50.656,50.093,0,306,1020,,5431,479,2755,1797,0.3,729
1176.9,2026-08-05T03:34:17.486087+00:00,50.562,49.781,50.562,50.093,0,306,1020,,5480,519,2755,1797,0.3,729
1177.9,2026-08-05T03:34:18.491841+00:00,50.656,49.531,50.656,50.093,0,306,1020,,5480,479,2755,1797,0.3,729
1178.9,2026-08-05T03:34:19.497446+00:00,50.593,49.625,50.593,50.156,0,306,1020,,5440,479,2755,1797,0.2,729
1179.9,2026-08-05T03:34:20.503221+00:00,50.593,49.75,50.593,50.187,0,306,1020,,5471,479,2755,1797,0.3,729
1180.9,2026-08-05T03:34:21.509484+00:00,50.437,49.875,50.437,50,0,306,1020,,5471,519,2755,1797,0.7,729
1181.9,2026-08-05T03:34:22.515230+00:00,50.5,49.75,50.5,50.062,0,306,1020,,5440,479,2755,1797,0.3,729
1183.0,2026-08-05T03:34:23.522366+00:00,50.468,49.5,50.468,50.062,0,306,1020,,5480,519,2755,1797,0.7,729
1184.0,2026-08-05T03:34:24.529024+00:00,50.687,49.625,50.687,50.281,0,306,1020,,5591,559,2835,1797,0.3,729
1185.0,2026-08-05T03:34:25.534728+00:00,50.687,49.718,50.687,50.093,0,306,1020,,5480,519,2795,1797,0.2,729
1186.0,2026-08-05T03:34:26.540996+00:00,50.687,49.906,50.687,50.062,0,306,1020,,5480,519,2755,1797,0.3,729
1187.0,2026-08-05T03:34:27.546660+00:00,50.5,49.593,50.5,50.156,0,306,1020,,5480,519,2755,1797,0.3,729
1188.0,2026-08-05T03:34:28.552034+00:00,50.531,49.718,50.531,50.25,0,306,1020,,5480,519,2755,1797,0.0,729
1189.0,2026-08-05T03:34:29.557881+00:00,50.468,49.718,50.468,50.093,0,306,1020,,5480,519,2755,1797,0.5,729
1190.0,2026-08-05T03:34:30.563751+00:00,50.562,49.625,50.562,50.062,0,306,1020,,5431,479,2755,1797,0.5,729
1191.0,2026-08-05T03:34:31.569930+00:00,50.531,49.875,50.531,50.156,0,306,1020,,5431,479,2755,1797,0.2,729
1192.0,2026-08-05T03:34:32.576194+00:00,50.75,49.562,50.75,50.156,0,306,1020,,5480,519,2755,1797,0.3,729
1193.0,2026-08-05T03:34:33.581857+00:00,50.718,49.656,50.718,50.187,0,306,1020,,5471,519,2755,1797,0.2,729
1194.0,2026-08-05T03:34:34.588601+00:00,50.718,49.843,50.718,50.062,0,306,1020,,5471,519,2755,1797,0.2,729
1195.0,2026-08-05T03:34:35.594273+00:00,50.781,49.593,50.781,50.093,0,306,1020,,5471,519,2755,1797,0.7,729
1196.0,2026-08-05T03:34:36.600426+00:00,50.5,49.625,50.5,50.187,0,306,1020,,5440,479,2755,1797,0.3,729
1197.0,2026-08-05T03:34:37.605990+00:00,50.593,49.656,50.593,50.156,0,306,1020,,5440,479,2755,1797,0.3,729
1198.0,2026-08-05T03:34:38.613125+00:00,50.625,49.593,50.625,50.093,0,306,1020,,5480,519,2755,1797,0.5,729
1199.0,2026-08-05T03:34:39.618591+00:00,50.843,49.781,50.843,50.125,0,306,1020,,5591,559,2835,1797,0.3,729
1200.1,2026-08-05T03:34:40.624929+00:00,50.906,49.531,50.906,50.125,0,306,1020,,5471,519,2795,1797,0.0,729
1201.1,2026-08-05T03:34:41.631069+00:00,50.875,49.593,50.875,50.093,0,306,1020,,5480,479,2755,1797,0.0,729
1202.1,2026-08-05T03:34:42.636417+00:00,50.906,49.687,50.906,50.25,0,306,1020,,5480,519,2755,1797,0.3,729
1203.1,2026-08-05T03:34:43.642432+00:00,50.906,49.875,50.906,50.093,0,306,1020,,5440,479,2755,1797,0.2,729
1204.1,2026-08-05T03:34:44.647986+00:00,50.625,49.718,50.625,50,0,306,1020,,5480,519,2755,1797,0.5,729
1205.1,2026-08-05T03:34:45.653570+00:00,50.656,49.625,50.656,50.156,0,306,1020,,5471,519,2755,1797,0.3,729
1206.1,2026-08-05T03:34:46.661177+00:00,50.562,49.625,50.562,50.187,0,306,1020,,5520,519,2795,1797,1.2,729
1207.1,2026-08-05T03:34:47.668118+00:00,50.406,49.75,50.406,50.093,0,306,1020,,5471,519,2755,1797,0.5,729
1208.1,2026-08-05T03:34:48.673447+00:00,50.5,49.906,50.5,50.125,0,306,1020,,5480,519,2755,1797,0.5,729
1209.1,2026-08-05T03:34:49.679656+00:00,50.468,49.656,50.468,50.156,0,306,1020,,5480,519,2755,1797,0.5,729
1210.1,2026-08-05T03:34:50.685536+00:00,50.5,49.593,50.5,50.218,0,306,1020,,5471,519,2755,1797,0.2,729
1211.1,2026-08-05T03:34:51.691771+00:00,50.687,49.781,50.687,50,0,306,1020,,5440,479,2755,1797,0.2,729
1212.1,2026-08-05T03:34:52.697749+00:00,50.718,49.625,50.718,50.031,0,306,1020,,5440,479,2755,1797,0.3,729
1213.1,2026-08-05T03:34:53.704520+00:00,50.656,49.875,50.656,50.125,0,306,1020,,5431,519,2755,1797,0.5,729
1214.1,2026-08-05T03:34:54.710466+00:00,50.531,49.562,50.531,50.187,0,306,1020,,5480,519,2755,1797,0.3,729
1215.1,2026-08-05T03:34:55.716190+00:00,50.468,49.593,50.468,50.218,0,306,1020,,5440,519,2755,1797,0.5,729
1216.2,2026-08-05T03:34:56.722174+00:00,50.406,49.812,50.406,50.125,0,306,1020,,5440,519,2755,1797,0.3,729
1217.2,2026-08-05T03:34:57.728387+00:00,50.531,49.5,50.531,50.093,0,306,1020,,5471,519,2755,1797,0.3,729
1218.2,2026-08-05T03:34:58.733907+00:00,50.718,49.593,50.718,50.156,0,306,1020,,5471,519,2755,1797,0.3,729
1219.2,2026-08-05T03:34:59.739749+00:00,50.718,49.562,50.718,50.125,0,306,1020,,5480,519,2755,1797,0.2,729
1220.2,2026-08-05T03:35:00.745540+00:00,50.781,49.656,50.781,50.062,0,306,1020,,5471,519,2755,1797,0.5,729
1221.2,2026-08-05T03:35:01.751699+00:00,50.718,49.843,50.718,50.156,0,306,1020,,5600,559,2835,1797,0.5,729
1222.2,2026-08-05T03:35:02.757373+00:00,50.75,49.5,50.75,50.156,0,306,1020,,5480,479,2795,1797,0.3,729
1223.2,2026-08-05T03:35:03.763849+00:00,50.531,49.562,50.531,50.187,0,306,1020,,5440,479,2755,1797,0.2,729
1224.2,2026-08-05T03:35:04.771532+00:00,50.531,49.812,50.531,50,0,306,1020,,5471,519,2755,1797,1.5,729
1225.2,2026-08-05T03:35:05.777917+00:00,50.75,49.906,50.75,50,0,306,1020,,5471,519,2755,1797,0.5,729
1226.2,2026-08-05T03:35:06.784111+00:00,50.937,49.625,50.937,50.062,0,306,1020,,5440,479,2755,1797,0.3,729
1227.2,2026-08-05T03:35:07.790224+00:00,50.812,49.656,50.812,50.187,0,306,1020,,5480,519,2755,1797,0.3,729
1228.2,2026-08-05T03:35:08.796188+00:00,50.5,49.625,50.5,50.062,0,306,1020,,5471,519,2755,1797,0.2,729
1229.2,2026-08-05T03:35:09.802441+00:00,50.656,49.687,50.656,50,0,306,1020,,5471,519,2755,1797,0.2,729
1230.2,2026-08-05T03:35:10.808707+00:00,50.593,49.875,50.593,50.093,0,306,1020,,5471,519,2755,1797,0.3,729
1231.2,2026-08-05T03:35:11.814870+00:00,50.562,49.562,50.562,50.156,0,306,1020,,5471,519,2755,1797,0.2,729
1232.3,2026-08-05T03:35:12.820513+00:00,50.906,49.625,50.906,50.25,0,306,1020,,5480,519,2755,1797,0.3,729
1233.3,2026-08-05T03:35:13.826715+00:00,50.437,49.875,50.437,50.093,0,306,1020,,5471,519,2755,1797,0.5,729
1234.3,2026-08-05T03:35:14.832796+00:00,50.343,49.562,50.343,50.031,0,306,1020,,5471,519,2755,1797,0.2,729
1235.3,2026-08-05T03:35:15.838455+00:00,50.5,49.625,50.5,50.187,0,306,1020,,5471,519,2755,1797,0.3,729
1236.3,2026-08-05T03:35:16.844678+00:00,50.593,49.625,50.593,50.218,0,306,1020,,5471,519,2795,1797,0.2,729
1237.3,2026-08-05T03:35:17.850944+00:00,50.656,49.625,50.656,50.093,0,306,1020,,5480,519,2755,1797,0.3,729
1238.3,2026-08-05T03:35:18.857030+00:00,50.656,49.843,50.656,50.093,0,306,1020,,5431,479,2755,1797,0.3,729
1239.3,2026-08-05T03:35:19.863285+00:00,50.468,49.562,50.468,50.125,0,306,1020,,5440,519,2755,1797,0.3,729
1240.3,2026-08-05T03:35:20.869317+00:00,50.406,49.593,50.406,50.156,0,306,1020,,5480,519,2755,1797,0.0,729
1241.3,2026-08-05T03:35:21.875410+00:00,50.437,49.812,50.437,50.093,0,306,1020,,5480,519,2755,1797,0.3,729
1242.3,2026-08-05T03:35:22.881651+00:00,50.437,49.625,50.437,50.062,0,306,1020,,5480,519,2755,1799,0.3,729
1243.3,2026-08-05T03:35:23.887641+00:00,50.718,49.75,50.718,50.062,0,306,1020,,5480,519,2755,1799,0.3,729
1244.3,2026-08-05T03:35:24.893596+00:00,50.687,49.5,50.687,50.093,0,306,1020,,5480,519,2755,1799,0.3,729
1245.3,2026-08-05T03:35:25.899790+00:00,50.75,49.656,50.75,50.031,0,306,1020,,5440,519,2755,1799,0.3,729
1246.3,2026-08-05T03:35:26.905812+00:00,50.687,49.718,50.687,50,0,306,1020,,5440,479,2755,1799,0.2,729
1247.3,2026-08-05T03:35:27.911761+00:00,50.531,49.906,50.531,50.125,0,306,1020,,5440,479,2755,1799,0.3,729
1248.3,2026-08-05T03:35:28.917644+00:00,50.562,49.625,50.562,50.031,0,306,1020,,5471,519,2755,1799,0.2,729
1249.4,2026-08-05T03:35:29.924143+00:00,50.531,49.593,50.531,50.187,0,306,1020,,5440,519,2755,1799,0.3,729
1250.4,2026-08-05T03:35:30.929895+00:00,50.5,49.781,50.5,50,0,306,1020,,5480,519,2755,1799,0.3,729
1251.4,2026-08-05T03:35:31.936476+00:00,50.812,49.718,50.812,50.062,0,306,1020,,5480,519,2795,1799,0.0,729
1252.4,2026-08-05T03:35:32.942663+00:00,50.75,49.906,50.75,50.125,0,306,1020,,5440,479,2755,1799,0.5,729
1253.4,2026-08-05T03:35:33.949038+00:00,50.843,49.562,50.843,50.187,0,306,1020,,5440,479,2755,1799,0.3,729
1254.4,2026-08-05T03:35:34.955172+00:00,50.531,49.593,50.531,50.156,0,306,1020,,5440,519,2755,1799,0.5,729
1255.4,2026-08-05T03:35:35.961598+00:00,50.593,49.875,50.593,50,0,306,1020,,5471,519,2755,1799,0.5,729
1256.4,2026-08-05T03:35:36.967816+00:00,50.531,49.593,50.531,50.125,0,306,1020,,5471,519,2755,1799,0.0,729
1257.4,2026-08-05T03:35:37.974195+00:00,50.812,49.625,50.812,50.125,0,306,1020,,5471,519,2755,1799,0.2,729
1258.4,2026-08-05T03:35:38.980330+00:00,50.843,49.812,50.843,50.031,0,306,1020,,5480,519,2755,1799,0.5,729
1259.4,2026-08-05T03:35:39.986312+00:00,50.437,49.593,50.437,50.062,0,306,1020,,5480,519,2795,1799,0.2,729
1260.4,2026-08-05T03:35:40.992376+00:00,50.656,49.875,50.656,50.093,0,306,1020,,5480,519,2755,1799,0.0,729
1261.4,2026-08-05T03:35:41.999021+00:00,50.531,49.5,50.531,50.156,0,306,1020,,5431,519,2755,1799,0.5,729
1262.4,2026-08-05T03:35:43.004849+00:00,50.593,49.593,50.593,50.031,0,306,1020,,5440,519,2755,1799,0.5,729
1263.4,2026-08-05T03:35:44.011332+00:00,50.531,49.687,50.406,50.062,0,306,1020,,5440,519,2755,1799,0.2,729
1264.4,2026-08-05T03:35:45.017480+00:00,50.468,49.593,50.468,50,0,306,1020,,5480,519,2755,1799,0.2,729
1265.5,2026-08-05T03:35:46.023288+00:00,50.406,49.562,50.406,50.125,0,306,1020,,5480,519,2755,1799,0.3,729
1266.5,2026-08-05T03:35:47.029593+00:00,50.406,49.625,50.406,50.218,0,306,1020,,5480,519,2795,1799,0.2,729
1267.5,2026-08-05T03:35:48.035778+00:00,50.625,49.875,50.625,50.093,0,306,1020,,5480,519,2755,1799,0.7,729
1268.5,2026-08-05T03:35:49.041745+00:00,50.625,49.75,50.625,50.062,0,306,1020,,5440,519,2755,1799,0.2,729
1269.5,2026-08-05T03:35:50.048400+00:00,50.625,49.5,50.625,50.093,0,306,1020,,5440,519,2755,1799,0.2,729
1270.5,2026-08-05T03:35:51.054515+00:00,50.5,49.562,50.5,50.187,0,306,1020,,5480,519,2755,1799,0.5,729
1271.5,2026-08-05T03:35:52.060738+00:00,50.5,49.625,50.5,50.093,0,306,1020,,5440,519,2755,1799,0.2,729
1272.5,2026-08-05T03:35:53.066983+00:00,50.5,49.843,50.5,50.062,0,306,1020,,5440,519,2755,1799,0.2,729
1273.5,2026-08-05T03:35:54.073336+00:00,50.5,49.593,50.5,50.093,0,306,1020,,5480,519,2755,1799,0.5,729
1274.5,2026-08-05T03:35:55.079716+00:00,50.75,49.593,50.75,50.187,0,306,1020,,5440,519,2755,1799,0.2,729
1275.5,2026-08-05T03:35:56.086038+00:00,50.718,49.781,50.718,50,0,306,1020,,5440,519,2755,1799,0.8,729
1276.5,2026-08-05T03:35:57.091789+00:00,50.718,49.562,50.718,50.062,0,306,1020,,5440,519,2755,1799,0.2,729
1277.5,2026-08-05T03:35:58.097597+00:00,50.5,49.875,50.5,50.031,0,306,1020,,5440,519,2755,1799,0.3,729
1278.5,2026-08-05T03:35:59.103639+00:00,50.5,49.562,50.5,50.125,0,306,1020,,5440,519,2755,1799,0.5,729
1279.5,2026-08-05T03:36:00.109818+00:00,50.437,49.625,50.437,50.062,0,306,1020,,5440,519,2755,1799,0.3,729
1280.5,2026-08-05T03:36:01.115955+00:00,50.5,49.781,50.5,50,0,306,1020,,5440,519,2755,1799,0.2,729
1281.6,2026-08-05T03:36:02.122347+00:00,50.843,49.5,50.843,50,0,306,1020,,5480,519,2755,1799,0.3,729
1282.6,2026-08-05T03:36:03.128769+00:00,50.875,49.562,50.875,50.187,0,306,1020,,5440,519,2755,1799,0.7,729
1283.6,2026-08-05T03:36:04.134950+00:00,50.812,49.781,50.812,50.156,0,306,1020,,5431,519,2755,1799,0.2,729
1284.6,2026-08-05T03:36:05.141469+00:00,50.562,49.906,50.562,50,0,306,1020,,5440,519,2755,1799,0.3,729
1285.6,2026-08-05T03:36:06.147931+00:00,50.531,49.625,50.531,50.093,0,306,1020,,5471,519,2755,1799,0.3,729
1286.6,2026-08-05T03:36:07.154057+00:00,50.593,49.593,50.593,50.125,0,306,1020,,5440,519,2755,1799,0.3,729
1287.6,2026-08-05T03:36:08.160408+00:00,50.906,49.531,50.906,50.156,0,306,1020,,5431,519,2755,1799,0.2,729
1288.6,2026-08-05T03:36:09.166660+00:00,50.406,49.718,50.406,50.062,0,306,1020,,5480,519,2795,1799,0.3,729
1289.6,2026-08-05T03:36:10.172920+00:00,50.375,49.812,50.375,50.125,0,306,1020,,5431,519,2755,1799,0.3,729
1290.6,2026-08-05T03:36:11.179343+00:00,50.625,49.593,50.625,50.125,0,306,1020,,5471,519,2755,1799,0.2,729
1291.6,2026-08-05T03:36:12.185801+00:00,50.625,49.562,50.625,50.187,0,306,1020,,5471,519,2755,1799,0.3,729
1292.6,2026-08-05T03:36:13.192118+00:00,50.625,49.843,50.625,50.031,0,306,1020,,5440,479,2755,1799,0.3,729
1293.6,2026-08-05T03:36:14.198443+00:00,50.406,49.5,50.406,50.093,0,306,1020,,5440,519,2755,1799,0.2,729
1294.6,2026-08-05T03:36:15.204327+00:00,50.375,49.625,50.375,50.156,0,306,1020,,5440,519,2755,1799,0.2,729
1295.6,2026-08-05T03:36:16.210195+00:00,50.437,49.718,50.437,50.218,0,306,1020,,5440,479,2755,1799,0.5,729
1296.6,2026-08-05T03:36:17.216663+00:00,50.468,49.687,50.468,50,0,306,1020,,5471,519,2795,1799,0.3,729
1297.7,2026-08-05T03:36:18.222889+00:00,50.687,49.656,50.687,50.031,0,306,1020,,5440,479,2795,1799,0.5,729
1298.7,2026-08-05T03:36:19.228621+00:00,50.687,49.5,50.687,50.125,0,306,1020,,5440,479,2755,1799,0.3,729
1299.7,2026-08-05T03:36:20.234984+00:00,50.687,49.531,50.687,50.125,0,306,1020,,5431,479,2755,1799,0.3,729
1300.7,2026-08-05T03:36:21.240825+00:00,50.625,49.718,50.468,50,0,306,1020,,5471,519,2755,1799,0.3,729
1301.7,2026-08-05T03:36:22.246909+00:00,50.437,49.937,50.437,50.031,0,306,1020,,5471,479,2755,1799,0.5,729
1302.7,2026-08-05T03:36:23.253231+00:00,50.531,49.687,50.531,50.031,0,306,1020,,5471,519,2755,1799,0.2,729
1303.7,2026-08-05T03:36:24.259234+00:00,50.531,49.593,50.531,50.093,0,306,1020,,5720,559,2875,1799,0.7,729
1304.7,2026-08-05T03:36:25.265527+00:00,50.718,49.593,50.718,50.218,0,306,1020,,5480,519,2795,1799,0.2,729
1305.7,2026-08-05T03:36:26.271943+00:00,50.718,49.718,50.718,49.968,0,306,1020,,5431,479,2755,1799,0.2,729
1306.7,2026-08-05T03:36:27.277774+00:00,50.718,49.875,50.718,50,0,306,1020,,5471,479,2755,1799,0.7,729
1307.7,2026-08-05T03:36:28.283884+00:00,50.718,49.531,50.718,50.093,0,306,1020,,5431,479,2755,1799,0.0,729
1308.7,2026-08-05T03:36:29.290298+00:00,50.5,49.625,50.5,50.125,0,306,1020,,5471,519,2755,1799,0.5,729
1309.7,2026-08-05T03:36:30.296204+00:00,50.468,49.812,50.468,50,0,306,1020,,5480,519,2755,1799,0.2,729
1310.7,2026-08-05T03:36:31.302351+00:00,50.562,49.562,50.562,50.062,0,306,1020,,5480,519,2755,1799,0.5,729
1311.7,2026-08-05T03:36:32.308618+00:00,50.843,49.625,50.843,50,0,306,1020,,5480,519,2755,1799,0.3,729
1312.7,2026-08-05T03:36:33.315108+00:00,50.843,49.531,50.843,50.156,0,306,1020,,5480,519,2755,1799,0.5,729
1313.8,2026-08-05T03:36:34.321285+00:00,50.906,49.625,50.906,50,0,306,1020,,5440,479,2755,1799,0.2,729
1314.8,2026-08-05T03:36:35.327309+00:00,50.531,49.718,50.531,50,0,306,1020,,5431,479,2755,1799,0.2,729
1315.8,2026-08-05T03:36:36.333247+00:00,50.625,49.531,50.625,50.062,0,306,1020,,5471,519,2755,1799,0.8,729
1316.8,2026-08-05T03:36:37.339344+00:00,50.531,49.5,50.531,50.125,0,306,1020,,5440,479,2755,1799,0.0,729
1317.8,2026-08-05T03:36:38.345181+00:00,50.531,49.656,50.531,50.125,0,306,1020,,5440,479,2755,1799,0.5,729
1318.8,2026-08-05T03:36:39.352327+00:00,50.375,49.5,50.375,50,0,306,1020,,5480,519,2795,1799,0.5,729
1319.8,2026-08-05T03:36:40.358342+00:00,50.375,49.687,50.375,50.062,0,306,1020,,5440,479,2755,1799,0.2,729
1320.8,2026-08-05T03:36:41.364692+00:00,50.437,49.5,50.437,50.125,0,306,1020,,5440,479,2755,1799,0.3,729
1321.8,2026-08-05T03:36:42.370928+00:00,50.625,49.5,50.625,50,0,306,1020,,5480,519,2755,1799,0.3,729
1322.8,2026-08-05T03:36:43.376948+00:00,50.593,49.656,50.593,50,0,306,1020,,5471,519,2755,1799,0.3,729
1323.8,2026-08-05T03:36:44.382955+00:00,50.593,49.906,50.593,50.031,0,306,1020,,5471,519,2755,1799,0.3,729
1324.8,2026-08-05T03:36:45.388818+00:00,50.625,49.531,50.625,50.062,0,306,1020,,5471,519,2755,1799,0.3,729
1325.8,2026-08-05T03:36:46.394759+00:00,50.406,49.687,50.406,50.156,0,306,1020,,5471,519,2755,1799,0.2,729
1326.8,2026-08-05T03:36:47.401166+00:00,50.406,49.781,50.406,50.031,0,306,1020,,5480,519,2755,1799,0.2,729
1327.8,2026-08-05T03:36:48.407462+00:00,50.375,49.562,50.375,50,0,306,1020,,5471,519,2755,1799,0.5,729
1328.8,2026-08-05T03:36:49.413667+00:00,50.625,49.937,50.625,50.125,0,306,1020,,5431,479,2755,1799,0.2,729
1329.8,2026-08-05T03:36:50.419688+00:00,50.687,49.375,50.687,50.062,0,306,1020,,5480,519,2755,1799,0.3,729
1330.9,2026-08-05T03:36:51.425853+00:00,50.687,49.593,50.687,50,0,306,1020,,5431,519,2755,1799,0.7,729
1331.9,2026-08-05T03:36:52.432224+00:00,50.718,49.781,50.718,50,0,306,1020,,5440,519,2755,1799,0.0,729
1332.9,2026-08-05T03:36:53.438554+00:00,50.468,49.531,50.468,50.031,0,306,1020,,5440,519,2755,1799,0.3,729
1333.9,2026-08-05T03:36:54.444958+00:00,50.406,49.625,50.406,50.062,0,306,1020,,5480,519,2755,1799,0.5,729
1334.9,2026-08-05T03:36:55.451205+00:00,50.468,49.687,50.468,50,0,306,1020,,5431,519,2755,1799,0.0,729
1335.9,2026-08-05T03:36:56.457633+00:00,50.75,49.468,50.75,50,0,306,1020,,5440,519,2755,1799,0.5,729
1336.9,2026-08-05T03:36:57.463920+00:00,50.781,49.718,50.781,50,0,306,1020,,5440,479,2755,1799,0.2,729
1337.9,2026-08-05T03:36:58.470254+00:00,50.718,49.656,50.718,50.125,0,306,1020,,5440,519,2755,1799,0.3,729
1338.9,2026-08-05T03:36:59.476467+00:00,50.468,49.562,50.468,50,0,306,1020,,5440,519,2755,1799,0.3,729
1339.9,2026-08-05T03:37:00.482749+00:00,50.468,49.656,50.468,50,0,306,1020,,5440,479,2755,1799,0.3,729
1340.9,2026-08-05T03:37:01.488637+00:00,50.562,49.562,50.562,50.093,0,306,1020,,5440,479,2755,1799,0.5,729
1341.9,2026-08-05T03:37:02.494787+00:00,50.781,49.562,50.781,50.125,0,306,1020,,5480,519,2755,1799,0.5,729
1342.9,2026-08-05T03:37:03.501080+00:00,50.968,49.656,50.968,50,0,306,1020,,5440,519,2755,1799,0.3,729
1343.9,2026-08-05T03:37:04.507470+00:00,50.906,49.781,50.906,50.093,0,306,1020,,5440,519,2755,1799,0.3,729
1344.9,2026-08-05T03:37:05.513871+00:00,50.5,49.562,50.5,50.031,0,306,1020,,5431,519,2755,1799,0.3,729
1346.0,2026-08-05T03:37:06.520208+00:00,50.593,49.593,50.593,50.125,0,306,1020,,5480,519,2755,1799,0.3,729
1347.0,2026-08-05T03:37:07.526445+00:00,50.562,49.656,50.562,50,0,306,1020,,5440,479,2755,1799,0.3,729
1348.0,2026-08-05T03:37:08.532826+00:00,50.375,49.562,50.375,50.031,0,306,1020,,5471,519,2755,1799,0.3,729
1349.0,2026-08-05T03:37:09.539132+00:00,50.375,49.75,50.375,50,0,306,1020,,5471,519,2755,1799,0.3,729
1350.0,2026-08-05T03:37:10.545334+00:00,50.406,49.531,50.406,50.156,0,306,1020,,5440,479,2755,1799,0.5,729
1351.0,2026-08-05T03:37:11.551644+00:00,50.406,49.531,50.406,50,0,306,1020,,5431,479,2755,1799,0.3,729
1352.0,2026-08-05T03:37:12.558154+00:00,50.593,49.687,50.593,50,0,306,1020,,5431,479,2755,1799,0.3,729
1353.0,2026-08-05T03:37:13.564450+00:00,50.625,49.531,50.625,50.031,0,306,1020,,5431,479,2755,1799,0.3,729
1354.0,2026-08-05T03:37:14.570960+00:00,50.406,49.531,50.406,50.062,0,306,1020,,5431,479,2755,1799,0.5,729
1355.0,2026-08-05T03:37:15.576801+00:00,50.437,49.625,50.437,50.156,0,306,1020,,5431,479,2755,1799,0.3,729
1356.0,2026-08-05T03:37:16.583104+00:00,50.406,49.875,50.406,49.906,0,306,1020,,5431,479,2755,1799,0.2,729
1357.0,2026-08-05T03:37:17.589736+00:00,50.375,49.593,50.375,50.031,0,306,1020,,5440,479,2755,1799,0.3,729
1358.0,2026-08-05T03:37:18.596220+00:00,50.593,49.5,50.593,50.125,0,306,1020,,5440,479,2755,1799,0.2,729
1359.0,2026-08-05T03:37:19.602200+00:00,50.656,49.5,50.656,50.125,0,306,1020,,5431,479,2755,1799,0.3,729
1360.0,2026-08-05T03:37:20.608526+00:00,50.656,49.656,50.656,50.062,0,306,1020,,5431,479,2755,1799,0.5,729
1361.0,2026-08-05T03:37:21.614854+00:00,50.406,49.812,50.406,50.031,0,306,1020,,5440,479,2755,1799,0.2,729
1362.1,2026-08-05T03:37:22.621046+00:00,50.406,49.437,50.406,50,0,306,1020,,5431,519,2755,1799,0.3,729
1363.1,2026-08-05T03:37:23.627112+00:00,50.406,49.593,50.406,50.125,0,306,1020,,5431,519,2755,1799,0.0,729
1364.1,2026-08-05T03:37:24.633512+00:00,50.687,49.75,50.687,50.062,0,306,1020,,5471,519,2795,1799,0.2,729
1365.1,2026-08-05T03:37:25.639399+00:00,50.656,49.562,50.656,50,0,306,1020,,5431,519,2755,1799,0.7,729
1366.1,2026-08-05T03:37:26.645733+00:00,50.812,49.593,50.812,50.093,0,306,1020,,5431,479,2755,1799,0.2,729
1367.1,2026-08-05T03:37:27.652001+00:00,50.812,49.5,50.531,50.031,0,306,1020,,5431,479,2755,1799,0.2,729
1368.1,2026-08-05T03:37:28.657961+00:00,50.5,49.625,50.5,50,0,306,1020,,5431,519,2755,1799,0.5,729
1369.1,2026-08-05T03:37:29.663970+00:00,50.437,49.75,50.437,50,0,306,1020,,5471,519,2755,1799,0.5,729
1370.1,2026-08-05T03:37:30.670757+00:00,50.468,49.531,50.468,50,0,306,1020,,5440,519,2755,1800,0.2,729
1371.1,2026-08-05T03:37:31.676631+00:00,50.875,49.656,50.875,50.093,0,306,1020,,5591,559,2835,1800,0.2,1728
1372.1,2026-08-05T03:37:32.682416+00:00,50.875,49.625,50.875,50,0,306,1020,,5471,519,2755,1800,0.5,729
1373.1,2026-08-05T03:37:33.688302+00:00,50.468,49.812,50.468,50.031,0,306,1020,,5471,519,2755,1800,0.3,729
1374.1,2026-08-05T03:37:34.695827+00:00,50.375,49.625,50.375,50,0,306,1020,,5471,519,2755,1800,1.5,729
1375.1,2026-08-05T03:37:35.702147+00:00,50.468,49.531,50.468,50.093,0,306,1020,,5511,519,2795,1800,0.5,729
1376.1,2026-08-05T03:37:36.708068+00:00,50.531,49.5,50.531,50.062,0,306,1020,,5431,519,2755,1800,0.5,729
1377.1,2026-08-05T03:37:37.714333+00:00,50.343,49.625,50.343,49.968,0,306,1020,,5471,519,2755,1800,0.2,729
1378.2,2026-08-05T03:37:38.720377+00:00,50.406,49.843,50.406,50.031,0,306,1020,,5471,519,2755,1800,0.3,729
1379.2,2026-08-05T03:37:39.726284+00:00,50.437,49.5,50.437,50,0,306,1020,,5471,519,2755,1800,0.2,729
1380.2,2026-08-05T03:37:40.732537+00:00,50.312,49.562,50.312,50.125,0,306,1020,,5471,519,2755,1800,0.5,729
1381.2,2026-08-05T03:37:41.738417+00:00,50.562,49.75,50.562,49.937,0,306,1020,,5471,519,2755,1800,0.5,729
1382.2,2026-08-05T03:37:42.744413+00:00,50.593,49.625,50.593,50.062,0,306,1020,,5471,519,2755,1800,0.5,729
1383.2,2026-08-05T03:37:43.750288+00:00,50.656,49.875,50.656,50,0,306,1020,,5471,519,2755,1800,0.3,729
1384.2,2026-08-05T03:37:44.756889+00:00,50.562,49.531,50.562,50.062,0,306,1020,,5471,519,2755,1800,0.0,729
1385.2,2026-08-05T03:37:45.763129+00:00,50.5,49.593,50.5,50.031,0,306,1020,,5431,479,2755,1800,0.5,729
1386.2,2026-08-05T03:37:46.769396+00:00,50.437,49.75,50.437,50.031,0,306,1020,,5511,519,2795,1800,0.5,729
1387.2,2026-08-05T03:37:47.775452+00:00,50.468,49.5,50.468,50.062,0,306,1020,,5471,519,2755,1799,0.3,729
1388.2,2026-08-05T03:37:48.781720+00:00,50.687,49.562,50.687,50.125,0,306,1020,,5471,519,2755,1799,0.3,729
1389.2,2026-08-05T03:37:49.787882+00:00,50.656,49.656,50.656,50.031,0,306,1020,,5471,519,2755,1799,0.2,729
1390.2,2026-08-05T03:37:50.794239+00:00,50.718,49.5,50.718,50.062,0,306,1020,,5471,519,2755,1799,0.3,729
1391.2,2026-08-05T03:37:51.800587+00:00,50.5,49.656,50.5,50.031,0,306,1020,,5431,519,2755,1799,0.5,729
1392.2,2026-08-05T03:37:52.806925+00:00,50.437,49.593,50.437,50.093,0,306,1020,,5431,479,2755,1799,0.2,729
1393.2,2026-08-05T03:37:53.812889+00:00,50.437,49.5,50.437,50,0,306,1020,,5431,519,2755,1799,0.3,729
1394.2,2026-08-05T03:37:54.818905+00:00,50.375,49.593,50.375,50,0,306,1020,,5471,519,2755,1799,0.2,729
1395.3,2026-08-05T03:37:55.825022+00:00,50.781,49.875,50.781,50,0,306,1020,,5471,519,2755,1799,0.3,729
1396.3,2026-08-05T03:37:56.831096+00:00,50.843,49.531,50.843,50.125,0,306,1020,,5471,519,2755,1799,0.2,729
1397.3,2026-08-05T03:37:57.837146+00:00,50.812,49.656,50.812,50,0,306,1020,,5431,519,2755,1799,0.3,729
1398.3,2026-08-05T03:37:58.842933+00:00,50.781,49.75,50.781,49.968,0,306,1020,,5471,519,2755,1799,0.7,729
1399.3,2026-08-05T03:37:59.848866+00:00,50.468,49.593,50.468,50,0,306,1020,,5471,519,2755,1799,0.3,729
1400.3,2026-08-05T03:38:00.855254+00:00,50.562,49.812,50.562,50,0,306,1020,,5431,519,2755,1799,0.2,729
1401.3,2026-08-05T03:38:01.862685+00:00,50.437,49.437,50.437,50.062,0,306,1020,,5480,519,2795,1800,1.2,729
1402.3,2026-08-05T03:38:02.868523+00:00,50.375,49.531,50.375,50.031,0,306,1020,,5480,519,2755,1800,0.5,729
1403.3,2026-08-05T03:38:03.874654+00:00,50.343,49.718,50.343,50.031,0,306,1020,,5480,519,2755,1800,0.3,729
1404.3,2026-08-05T03:38:04.880948+00:00,50.375,49.468,50.375,50,0,306,1020,,5440,519,2755,1800,0.7,729
1405.3,2026-08-05T03:38:05.886887+00:00,50.562,49.5,50.562,50.093,0,306,1020,,5480,519,2755,1800,0.3,729
1406.3,2026-08-05T03:38:06.893124+00:00,50.531,49.718,50.531,50,0,306,1020,,5480,519,2755,1800,0.2,729
1407.3,2026-08-05T03:38:07.899364+00:00,50.562,49.5,50.562,50,0,306,1020,,5471,519,2755,1800,0.3,729
1408.3,2026-08-05T03:38:08.905723+00:00,50.281,49.687,50.281,50.062,0,306,1020,,5440,479,2755,1800,0.5,729
1409.3,2026-08-05T03:38:09.911655+00:00,50.437,49.5,50.437,50.062,0,306,1020,,5471,519,2755,1800,0.3,729
1410.3,2026-08-05T03:38:10.917637+00:00,50.468,49.593,50.468,50,0,306,1020,,5471,519,2755,1800,0.5,729
1411.4,2026-08-05T03:38:11.924360+00:00,50.406,49.687,50.406,50,0,306,1020,,5471,519,2755,1800,0.3,729
1412.4,2026-08-05T03:38:12.930617+00:00,50.531,49.5,50.531,50.093,0,306,1020,,5431,479,2755,1800,0.2,729
1413.4,2026-08-05T03:38:13.936788+00:00,50.593,49.562,50.593,50,0,306,1020,,5471,519,2755,1800,0.3,729
1414.4,2026-08-05T03:38:14.942917+00:00,50.593,49.656,50.593,50,0,306,1020,,5471,519,2755,1800,0.2,729
1415.4,2026-08-05T03:38:15.948880+00:00,50.468,49.843,50.468,50,0,306,1020,,5431,519,2755,1800,0.3,729
1416.4,2026-08-05T03:38:16.955209+00:00,50.468,49.562,50.468,50.031,0,306,1020,,5511,519,2795,1800,0.5,729
1417.4,2026-08-05T03:38:17.961502+00:00,50.5,49.562,50.5,50.062,0,306,1020,,5471,519,2755,1800,0.5,729
1418.4,2026-08-05T03:38:18.967477+00:00,50.468,49.5,50.468,50.093,0,306,1020,,5480,519,2755,1800,0.2,729
1419.4,2026-08-05T03:38:19.973647+00:00,50.718,49.625,50.718,49.968,0,306,1020,,5471,519,2755,1800,0.7,729
1420.4,2026-08-05T03:38:20.980095+00:00,50.718,49.812,50.718,50.031,0,306,1020,,5431,479,2755,1800,0.3,729
1421.4,2026-08-05T03:38:21.986242+00:00,50.781,49.531,50.781,50.031,0,306,1020,,5431,519,2755,1800,0.2,729
1422.4,2026-08-05T03:38:22.992509+00:00,50.437,49.656,50.437,50.125,0,306,1020,,5471,519,2755,1800,0.3,729
1423.4,2026-08-05T03:38:23.998583+00:00,50.468,49.75,50.468,50.031,0,306,1020,,5471,519,2755,1799,0.5,729
1424.4,2026-08-05T03:38:25.004475+00:00,50.562,49.531,50.562,49.968,0,306,1020,,5471,519,2795,1799,0.3,729
1425.4,2026-08-05T03:38:26.010739+00:00,50.593,49.75,50.593,50.062,0,306,1020,,5431,519,2755,1799,0.2,729
1426.4,2026-08-05T03:38:27.016798+00:00,50.906,49.5,50.906,50.062,0,306,1020,,5471,519,2755,1799,0.5,729
1427.5,2026-08-05T03:38:28.023909+00:00,50.843,49.593,50.843,50,0,306,1020,,5431,479,2755,1799,0.2,729
1428.5,2026-08-05T03:38:29.031034+00:00,50.562,49.687,50.562,50,0,306,1020,,5431,519,2755,1799,0.3,729
1429.5,2026-08-05T03:38:30.037034+00:00,50.593,49.531,50.593,50.125,0,306,1020,,5471,519,2755,1799,0.7,729
1430.5,2026-08-05T03:38:31.043109+00:00,50.593,49.5,50.593,50.156,0,306,1020,,5471,519,2755,1799,0.3,729
1431.5,2026-08-05T03:38:32.049468+00:00,50.468,49.625,50.468,50.156,0,306,1020,,5480,519,2795,1799,0.3,729
1432.5,2026-08-05T03:38:33.055860+00:00,50.406,49.937,50.406,50,0,306,1020,,5440,479,2755,1799,0.5,729
1433.5,2026-08-05T03:38:34.061827+00:00,50.406,49.625,50.406,50.187,0,306,1020,,5431,479,2755,1799,0.2,729
1434.5,2026-08-05T03:38:35.068105+00:00,50.406,49.593,50.625,50.093,0,306,1020,,5480,519,2755,1799,0.5,729
1435.5,2026-08-05T03:38:36.074141+00:00,50.593,49.781,50.593,50,0,306,1020,,5471,519,2755,1800,0.7,729
1436.5,2026-08-05T03:38:37.080500+00:00,50.718,49.718,50.718,50.031,0,306,1020,,5440,479,2755,1800,0.3,729
1437.5,2026-08-05T03:38:38.086811+00:00,50.656,49.812,50.656,50.093,0,306,1020,,5440,479,2755,1800,0.3,729
1438.5,2026-08-05T03:38:39.092994+00:00,50.437,49.531,50.437,50.156,0,306,1020,,5471,519,2755,1800,0.5,729
1439.5,2026-08-05T03:38:40.099863+00:00,50.468,49.656,50.468,50.031,0,306,1020,,5471,519,2755,1800,0.2,729
1440.5,2026-08-05T03:38:41.105556+00:00,50.406,49.843,50.406,50.031,0,306,1020,,5471,519,2755,1800,0.5,729
1441.5,2026-08-05T03:38:42.111392+00:00,50.718,49.531,50.718,50.031,0,306,1020,,5480,519,2755,1800,0.7,729
1442.5,2026-08-05T03:38:43.117833+00:00,50.687,49.5,50.687,50.156,0,306,1020,,5440,479,2755,1800,0.3,729
1443.6,2026-08-05T03:38:44.123634+00:00,50.75,49.656,50.75,50.218,0,306,1020,,5431,479,2755,1800,0.2,729
1444.6,2026-08-05T03:38:45.129655+00:00,50.718,49.906,50.718,50.062,0,306,1020,,5480,519,2755,1800,0.3,729
1445.6,2026-08-05T03:38:46.135557+00:00,50.531,49.75,50.531,50.062,0,306,1020,,5440,519,2755,1800,0.5,729
1446.6,2026-08-05T03:38:47.141381+00:00,50.437,49.562,50.437,50.25,0,306,1020,,5480,519,2795,1800,0.5,729
1447.6,2026-08-05T03:38:48.147157+00:00,50.531,49.562,50.531,50.187,0,306,1020,,5471,519,2755,1800,0.2,729
1448.6,2026-08-05T03:38:49.152916+00:00,50.531,49.75,50.531,50,0,306,1020,,5431,519,2755,1800,0.3,729
1449.6,2026-08-05T03:38:50.158682+00:00,50.5,49.906,50.5,50,0,306,1020,,5480,519,2755,1800,0.3,729
1450.6,2026-08-05T03:38:51.164370+00:00,50.812,49.718,50.812,50.093,0,306,1020,,5480,519,2755,1800,0.3,729
1451.6,2026-08-05T03:38:52.170128+00:00,50.781,49.5,50.781,50.156,0,306,1020,,5431,519,2755,1800,0.5,729
1452.6,2026-08-05T03:38:53.176088+00:00,50.843,49.562,50.843,50.125,0,306,1020,,5471,519,2755,1800,0.0,729
1453.6,2026-08-05T03:38:54.182045+00:00,50.875,49.781,50.875,50.093,0,306,1020,,5511,519,2795,1800,0.7,729
1454.6,2026-08-05T03:38:55.187992+00:00,50.843,49.968,50.843,50.125,0,306,1020,,5480,519,2755,1799,0.3,729
1455.6,2026-08-05T03:38:56.193816+00:00,50.593,49.625,50.593,50.062,0,306,1020,,5440,479,2755,1799,0.3,729
1456.6,2026-08-05T03:38:57.199473+00:00,50.625,49.562,50.625,50.125,0,306,1020,,5431,479,2755,1799,0.5,729
1457.6,2026-08-05T03:38:58.205337+00:00,50.625,49.593,50.625,50.25,0,306,1020,,5440,479,2755,1799,0.3,729
1458.6,2026-08-05T03:38:59.211365+00:00,50.625,49.656,50.625,50.093,0,306,1020,,5431,479,2755,1799,0.2,729
1459.6,2026-08-05T03:39:00.217272+00:00,50.656,49.968,50.656,50.062,0,306,1020,,5471,519,2795,1799,0.2,729
1460.7,2026-08-05T03:39:01.222849+00:00,50.468,49.593,50.468,50.156,0,306,1020,,5440,479,2795,1799,0.2,729
1461.7,2026-08-05T03:39:02.228470+00:00,50.531,49.625,50.531,50.218,0,306,1020,,5480,479,2795,1799,0.5,729
1462.7,2026-08-05T03:39:03.234156+00:00,50.468,49.687,50.468,50.218,0,306,1020,,5440,479,2755,1799,0.3,729
1463.7,2026-08-05T03:39:04.239695+00:00,50.468,49.718,50.468,50.093,0,306,1020,,5440,479,2755,1799,0.2,729
1464.7,2026-08-05T03:39:05.245565+00:00,50.468,49.875,50.468,50.062,0,306,1020,,5471,519,2755,1799,0.5,729
1465.7,2026-08-05T03:39:06.251378+00:00,50.5,49.593,50.5,50.125,0,306,1020,,5480,519,2755,1800,0.3,729
1466.7,2026-08-05T03:39:07.257043+00:00,50.718,49.656,50.718,50.093,0,306,1020,,5440,519,2755,1800,0.2,729
1467.7,2026-08-05T03:39:08.262745+00:00,50.75,49.593,50.75,50.281,0,306,1020,,5440,479,2755,1800,0.2,729
1468.7,2026-08-05T03:39:09.268511+00:00,50.75,49.75,50.75,50,0,306,1020,,5471,519,2795,1800,0.5,729
1469.7,2026-08-05T03:39:10.274510+00:00,50.75,49.875,50.75,50,0,306,1020,,5431,479,2755,1800,0.0,729
1470.7,2026-08-05T03:39:11.280174+00:00,50.718,49.625,50.718,50.156,0,306,1020,,5431,479,2755,1800,0.3,729
1471.7,2026-08-05T03:39:12.285836+00:00,50.781,49.75,50.531,50.156,0,306,1020,,5471,479,2755,1799,0.5,729
1472.7,2026-08-05T03:39:13.291569+00:00,50.562,49.75,50.562,50.093,0,306,1020,,5431,519,2755,1799,0.3,729
1473.7,2026-08-05T03:39:14.297472+00:00,50.625,49.75,50.625,50.093,0,306,1020,,5431,479,2755,1799,0.5,729
1474.7,2026-08-05T03:39:15.303201+00:00,50.468,49.875,50.468,50.125,0,306,1020,,5471,519,2755,1799,0.5,729
1475.7,2026-08-05T03:39:16.309046+00:00,50.437,49.593,50.437,50.218,0,306,1020,,5471,519,2755,1799,0.2,729
1476.7,2026-08-05T03:39:17.314948+00:00,50.593,49.625,50.812,50.281,0,306,1020,,5471,479,2795,1799,0.3,729
1477.8,2026-08-05T03:39:18.320674+00:00,51,49.812,51,50,0,306,1020,,5471,519,2755,1799,0.5,729
1478.8,2026-08-05T03:39:19.326461+00:00,50.906,49.625,50.906,50.125,0,306,1020,,5431,479,2755,1799,0.3,729
1479.8,2026-08-05T03:39:20.332217+00:00,51,49.875,51,50.156,0,306,1020,,5480,519,2755,1799,0.3,729
1480.8,2026-08-05T03:39:21.338969+00:00,50.406,49.593,50.406,50.125,0,306,1020,,5471,479,2795,1799,0.5,729
1481.8,2026-08-05T03:39:22.344482+00:00,50.593,49.625,50.593,50.25,0,306,1020,,5471,519,2755,1799,0.3,729
1482.8,2026-08-05T03:39:23.350763+00:00,50.625,49.812,50.625,50.031,0,306,1020,,5471,479,2795,1799,0.3,729
1483.8,2026-08-05T03:39:24.356788+00:00,50.656,49.593,50.656,50.062,0,306,1020,,5551,519,2795,1800,0.5,729
1484.8,2026-08-05T03:39:25.362707+00:00,50.593,49.656,50.593,50.125,0,306,1020,,5471,479,2795,1800,0.5,729
1485.8,2026-08-05T03:39:26.368667+00:00,50.468,49.562,50.468,50.218,0,306,1020,,5431,479,2755,1800,0.3,729
1486.8,2026-08-05T03:39:27.374491+00:00,50.5,49.687,50.5,50.062,0,306,1020,,5431,479,2755,1800,0.5,729
1487.8,2026-08-05T03:39:28.380437+00:00,50.562,49.75,50.562,50.093,0,306,1020,,5431,479,2755,1800,0.2,729
1488.8,2026-08-05T03:39:29.386254+00:00,50.437,49.531,50.437,50.093,0,306,1020,,5431,479,2755,1800,0.2,729
1489.8,2026-08-05T03:39:30.392127+00:00,50.562,49.593,50.562,50.156,0,306,1020,,5471,519,2755,1800,0.7,729
1490.8,2026-08-05T03:39:31.397853+00:00,50.75,49.687,50.75,50.156,0,306,1020,,5431,479,2755,1800,0.2,729
1491.8,2026-08-05T03:39:32.403756+00:00,50.75,49.656,50.75,50.031,0,306,1020,,5480,479,2795,1800,0.3,729
1492.8,2026-08-05T03:39:33.409453+00:00,50.812,49.812,50.812,50.125,0,306,1020,,5480,519,2755,1800,0.5,729
1493.8,2026-08-05T03:39:34.415302+00:00,50.718,49.625,50.718,50.062,0,306,1020,,5431,479,2755,1800,0.2,729
1494.9,2026-08-05T03:39:35.421146+00:00,50.718,49.625,50.718,50.187,0,306,1020,,5471,519,2755,1800,0.2,729
1495.9,2026-08-05T03:39:36.426928+00:00,50.625,49.656,50.625,50.187,0,306,1020,,5480,519,2755,1800,0.5,729
1496.9,2026-08-05T03:39:37.432538+00:00,50.531,49.906,50.531,50.125,0,306,1020,,5440,479,2755,1800,0.3,729
1497.9,2026-08-05T03:39:38.438488+00:00,50.5,49.812,50.5,50.125,0,306,1020,,5440,479,2755,1800,0.2,729
1498.9,2026-08-05T03:39:39.444200+00:00,50.5,49.625,50.5,50.093,0,306,1020,,5630,559,2835,1799,0.3,729
1499.9,2026-08-05T03:39:40.449780+00:00,50.562,49.562,50.562,50.218,0,306,1020,,5471,479,2795,1799,0.5,729
1500.9,2026-08-05T03:39:41.455620+00:00,50.562,49.718,50.875,50.031,0,306,1020,,5471,479,2755,1799,0.3,729
1501.9,2026-08-05T03:39:42.461521+00:00,50.937,49.906,50.937,50.062,0,306,1020,,5471,519,2755,1800,0.7,729
1502.9,2026-08-05T03:39:43.467351+00:00,50.843,49.687,50.843,50.062,0,306,1020,,5440,479,2755,1800,0.5,729
1503.9,2026-08-05T03:39:44.473387+00:00,50.875,49.562,50.875,50.125,0,306,1020,,5431,479,2755,1800,0.5,729
1504.9,2026-08-05T03:39:45.479053+00:00,50.937,49.562,50.937,50.312,0,306,1020,,5431,479,2755,1799,0.5,729
1505.9,2026-08-05T03:39:46.484796+00:00,50.406,49.687,50.625,50.125,0,306,1020,,5440,479,2755,1799,0.2,729
1506.9,2026-08-05T03:39:47.490722+00:00,50.687,49.843,50.687,50.093,0,306,1020,,5431,479,2755,1799,0.7,729
1507.9,2026-08-05T03:39:48.496678+00:00,50.656,49.687,50.656,50.062,0,306,1020,,5431,479,2755,1799,0.3,729
1508.9,2026-08-05T03:39:49.502464+00:00,50.593,49.687,50.593,50.218,0,306,1020,,5431,479,2755,1799,0.5,729
1509.9,2026-08-05T03:39:50.508366+00:00,50.656,49.593,50.656,50.187,0,306,1020,,5431,479,2755,1799,0.2,729
1510.9,2026-08-05T03:39:51.514074+00:00,50.437,49.687,50.437,50.031,0,306,1020,,5431,479,2755,1799,0.3,729
1511.9,2026-08-05T03:39:52.519933+00:00,50.5,49.812,50.5,50.125,0,306,1020,,5431,479,2755,1799,0.2,729
1513.0,2026-08-05T03:39:53.525851+00:00,50.468,49.562,50.468,50.093,0,306,1020,,5431,479,2755,1799,0.3,729
1514.0,2026-08-05T03:39:54.531814+00:00,50.437,49.593,50.437,50.156,0,306,1020,,5511,519,2795,1799,0.7,729
1515.0,2026-08-05T03:39:55.537576+00:00,50.406,49.781,50.406,50.062,0,306,1020,,5440,479,2755,1799,0.2,729
1516.0,2026-08-05T03:39:56.543363+00:00,50.687,49.625,50.687,50.062,0,306,1020,,5431,479,2755,1799,0.3,729
1517.0,2026-08-05T03:39:57.549116+00:00,50.625,49.875,50.625,50.031,0,306,1020,,5431,479,2755,1799,0.7,729
1518.0,2026-08-05T03:39:58.554870+00:00,50.687,49.593,50.687,50.187,0,306,1020,,5440,479,2755,1799,0.2,729
1519.0,2026-08-05T03:39:59.560593+00:00,50.718,49.625,50.718,50.218,0,306,1020,,5440,479,2755,1799,0.3,729
1520.0,2026-08-05T03:40:00.566314+00:00,50.75,49.781,50.75,50.093,0,306,1020,,5440,479,2755,1800,0.2,729
1521.0,2026-08-05T03:40:01.572071+00:00,50.718,49.625,50.562,50.125,0,306,1020,,5440,479,2755,1800,0.5,729
1522.0,2026-08-05T03:40:02.577828+00:00,50.5,49.906,50.5,50,0,306,1020,,5520,519,2795,1800,0.2,729
1523.0,2026-08-05T03:40:03.583512+00:00,50.593,49.625,50.593,50.062,0,306,1020,,5480,519,2755,1800,0.3,729
1524.0,2026-08-05T03:40:04.591435+00:00,50.531,49.593,50.531,50.281,0,306,1020,,5480,519,2755,1799,1.2,729
1525.0,2026-08-05T03:40:05.597239+00:00,50.812,49.812,50.812,50.031,0,306,1020,,5440,479,2755,1799,0.5,729
1526.0,2026-08-05T03:40:06.603284+00:00,50.812,49.593,50.812,50.093,0,306,1020,,5440,479,2755,1799,0.3,729
1527.0,2026-08-05T03:40:07.608875+00:00,50.843,49.843,50.843,50.031,0,306,1020,,5440,479,2755,1799,0.2,729
1528.0,2026-08-05T03:40:08.614860+00:00,50.906,49.687,50.906,50.093,0,306,1020,,5440,479,2755,1799,0.5,729
1529.1,2026-08-05T03:40:09.620657+00:00,50.562,49.593,50.562,50,0,306,1020,,5431,479,2755,1799,0.5,729
1530.1,2026-08-05T03:40:10.626669+00:00,50.531,49.75,50.531,50.062,0,306,1020,,5440,479,2755,1799,0.0,729
1531.1,2026-08-05T03:40:11.632617+00:00,50.593,49.531,50.593,50.125,0,306,1020,,5440,479,2755,1799,0.5,729
1532.1,2026-08-05T03:40:12.638466+00:00,50.593,49.625,50.593,50.125,0,306,1020,,5431,519,2755,1799,0.5,729
1533.1,2026-08-05T03:40:13.644131+00:00,50.562,49.625,50.562,50.156,0,306,1020,,5440,479,2755,1799,0.2,729
1534.1,2026-08-05T03:40:14.650041+00:00,50.437,49.937,50.437,50.093,0,306,1020,,5431,479,2755,1799,0.3,729
1535.1,2026-08-05T03:40:15.655720+00:00,50.406,49.625,50.406,50.031,0,306,1020,,5431,479,2755,1799,0.3,729
1536.1,2026-08-05T03:40:16.661561+00:00,50.437,49.562,50.437,50.125,0,306,1020,,5471,519,2795,1799,0.5,729
1537.1,2026-08-05T03:40:17.667336+00:00,50.5,49.562,50.5,50.156,0,306,1020,,5440,479,2755,1799,0.3,729
1538.1,2026-08-05T03:40:18.673134+00:00,50.406,49.656,50.406,50.062,0,306,1020,,5440,479,2755,1800,0.8,729
1539.1,2026-08-05T03:40:19.678886+00:00,50.687,49.812,50.687,50,0,306,1020,,5440,479,2755,1800,0.2,729
1540.1,2026-08-05T03:40:20.684723+00:00,50.656,49.718,50.656,50.093,0,306,1020,,5431,479,2755,1800,0.3,729
1541.1,2026-08-05T03:40:21.690524+00:00,50.718,49.5,50.718,50.062,0,306,1020,,5440,479,2755,1800,0.5,729
1542.1,2026-08-05T03:40:22.696300+00:00,50.687,49.562,50.687,50.125,0,306,1020,,5440,479,2755,1800,0.0,729
1543.1,2026-08-05T03:40:23.701990+00:00,50.718,49.687,50.718,50.125,0,306,1020,,5440,479,2755,1800,0.3,729
1544.1,2026-08-05T03:40:24.707856+00:00,50.468,49.843,50.468,50.031,0,306,1020,,5591,559,2835,1800,0.5,729
1545.1,2026-08-05T03:40:25.713436+00:00,50.531,49.718,50.531,50.062,0,306,1020,,5480,479,2795,1800,0.2,729
1546.1,2026-08-05T03:40:26.719205+00:00,50.531,49.5,50.531,50.125,0,306,1020,,5440,479,2755,1800,0.2,729
1547.2,2026-08-05T03:40:27.724854+00:00,50.531,49.625,50.531,50.218,0,306,1020,,5440,519,2755,1800,0.3,729
1548.2,2026-08-05T03:40:28.730465+00:00,50.562,49.687,50.562,50.062,0,306,1020,,5431,479,2755,1800,0.2,729
1549.2,2026-08-05T03:40:29.736318+00:00,50.593,49.875,50.593,50.062,0,306,1020,,5440,479,2755,1800,0.3,729
1550.2,2026-08-05T03:40:30.742084+00:00,50.843,49.718,50.843,50.125,0,306,1020,,5440,519,2755,1800,0.5,729
1551.2,2026-08-05T03:40:31.747507+00:00,50.968,49.687,50.968,50.125,0,306,1020,,5720,599,2875,1800,0.2,1728
1552.2,2026-08-05T03:40:32.753518+00:00,50.937,49.656,50.937,50.218,0,306,1020,,5600,519,2835,1800,0.2,729
1553.2,2026-08-05T03:40:33.759232+00:00,50.937,49.718,50.937,50.031,0,306,1020,,5471,479,2795,1800,0.7,729
1554.2,2026-08-05T03:40:34.764925+00:00,50.906,49.906,50.906,50.062,0,306,1020,,5440,479,2755,1800,0.5,729
1555.2,2026-08-05T03:40:35.770693+00:00,50.468,49.687,50.468,50.156,0,306,1020,,5480,519,2755,1800,0.3,729
1556.2,2026-08-05T03:40:36.776504+00:00,50.593,49.687,50.593,50.093,0,306,1020,,5431,479,2755,1799,0.5,729
1557.2,2026-08-05T03:40:37.782211+00:00,50.593,49.625,50.593,50.187,0,306,1020,,5440,479,2755,1799,0.3,729
1558.2,2026-08-05T03:40:38.788080+00:00,50.656,49.687,50.656,50.031,0,306,1020,,5440,479,2755,1799,0.2,729
1559.2,2026-08-05T03:40:39.793831+00:00,50.718,49.875,50.718,50.031,0,306,1020,,5440,479,2755,1799,0.3,729
1560.2,2026-08-05T03:40:40.799814+00:00,50.625,49.656,50.625,50.156,0,306,1020,,5440,479,2755,1799,0.3,729
1561.2,2026-08-05T03:40:41.806505+00:00,50.531,49.625,50.531,50.187,0,306,1020,,5440,479,2755,1799,0.8,729
1562.2,2026-08-05T03:40:42.812280+00:00,50.468,49.75,50.468,50.031,0,306,1020,,5440,479,2755,1799,0.3,729
1563.2,2026-08-05T03:40:43.818478+00:00,50.406,49.656,50.406,50,0,306,1020,,5440,479,2755,1799,0.3,729
1564.3,2026-08-05T03:40:44.824135+00:00,50.437,49.781,50.718,50.156,0,306,1020,,5440,479,2755,1799,0.5,729
1565.3,2026-08-05T03:40:45.829722+00:00,50.687,49.562,50.687,50.093,0,306,1020,,5440,479,2755,1799,0.3,729
1566.3,2026-08-05T03:40:46.834633+00:00,50.812,49.718,50.812,50.156,0,306,1020,,5830,638,2955,1799,0.2,1728
1567.3,2026-08-05T03:40:47.840610+00:00,50.718,49.843,50.718,50,0,306,1020,,5480,519,2795,1799,0.5,729
1568.3,2026-08-05T03:40:48.846493+00:00,50.75,49.593,50.75,50.093,0,306,1020,,5440,479,2755,1799,0.5,729
1569.3,2026-08-05T03:40:49.852358+00:00,50.812,49.843,50.812,50.062,0,306,1020,,5440,479,2755,1799,0.3,729
1570.3,2026-08-05T03:40:50.858009+00:00,50.718,49.562,50.718,50.093,0,306,1020,,5440,519,2755,1799,0.5,729
1571.3,2026-08-05T03:40:51.863668+00:00,50.531,49.625,50.531,50.156,0,306,1020,,5440,479,2755,1799,0.2,729
1572.3,2026-08-05T03:40:52.869464+00:00,50.593,49.687,50.593,50.031,0,306,1020,,5431,479,2755,1799,0.3,729
1573.3,2026-08-05T03:40:53.875445+00:00,50.562,49.5,50.562,50,0,306,1020,,5431,479,2755,1799,0.5,729
1574.3,2026-08-05T03:40:54.881339+00:00,50.562,49.875,50.562,50.156,0,306,1020,,5600,519,2835,1799,0.5,729
1575.3,2026-08-05T03:40:55.886697+00:00,50.593,49.562,50.593,50.156,0,306,1020,,5480,479,2795,1799,0.5,729
1576.3,2026-08-05T03:40:56.892391+00:00,50.5,49.687,50.937,50.25,0,306,1020,,5471,519,2755,1799,0.5,729
1577.3,2026-08-05T03:40:57.898584+00:00,50.906,49.875,50.906,50.062,0,306,1020,,5480,479,2755,1799,0.2,729
1578.3,2026-08-05T03:40:58.904495+00:00,50.906,49.687,50.906,50.156,0,306,1020,,5480,519,2755,1799,0.3,729
1579.3,2026-08-05T03:40:59.910135+00:00,51,49.906,51,50.031,0,306,1020,,5471,519,2755,1799,0.3,729
1580.3,2026-08-05T03:41:00.915743+00:00,50.468,49.562,50.468,50.093,0,306,1020,,5431,479,2755,1799,0.2,729
1581.4,2026-08-05T03:41:01.921589+00:00,50.406,49.593,50.593,50.062,0,306,1020,,5680,559,2875,1799,0.5,729
1582.4,2026-08-05T03:41:02.927052+00:00,50.562,49.812,50.562,50,0,306,1020,,5471,519,2795,1799,0.3,729
1583.4,2026-08-05T03:41:03.932655+00:00,50.593,49.593,50.593,50.062,0,306,1020,,5471,519,2755,1799,0.2,729
1584.4,2026-08-05T03:41:04.938447+00:00,50.625,49.812,50.625,50.187,0,306,1020,,5471,519,2755,1799,0.7,729
1585.4,2026-08-05T03:41:05.944047+00:00,50.656,49.5,50.656,50.125,0,306,1020,,5480,519,2755,1799,0.3,729
1586.4,2026-08-05T03:41:06.949831+00:00,50.656,49.625,50.656,50.031,0,306,1020,,5471,479,2755,1799,0.3,729
1587.4,2026-08-05T03:41:07.955614+00:00,50.718,49.718,50.718,50.031,0,306,1020,,5471,519,2755,1799,0.2,729
1588.4,2026-08-05T03:41:08.961454+00:00,50.468,49.593,50.468,50.093,0,306,1020,,5471,519,2755,1799,0.7,729
1589.4,2026-08-05T03:41:09.967256+00:00,50.5,49.75,50.5,50.125,0,306,1020,,5471,479,2755,1799,0.3,729
1590.4,2026-08-05T03:41:10.972992+00:00,50.437,49.531,50.437,50.156,0,306,1020,,5471,519,2755,1799,0.2,729
1591.4,2026-08-05T03:41:11.978766+00:00,50.437,49.562,50.437,50,0,306,1020,,5431,479,2755,1799,0.5,729
1592.4,2026-08-05T03:41:12.984660+00:00,50.468,49.75,50.468,50,0,306,1020,,5471,479,2755,1799,0.3,729
1593.4,2026-08-05T03:41:13.990451+00:00,50.718,49.937,50.718,50.031,0,306,1020,,5471,519,2755,1799,0.3,729
1594.4,2026-08-05T03:41:14.996279+00:00,50.812,49.625,50.812,50.093,0,306,1020,,5480,519,2755,1799,0.3,729
1595.4,2026-08-05T03:41:16.001837+00:00,50.718,49.687,50.718,50.156,0,306,1020,,5431,479,2755,1799,0.2,729
1596.4,2026-08-05T03:41:17.007695+00:00,50.875,49.781,50.875,50.218,0,306,1020,,6080,718,3035,1799,0.2,1728
1597.4,2026-08-05T03:41:18.013922+00:00,50.75,49.75,50.75,50.031,0,306,1020,,5511,519,2795,1799,0.3,729
1598.4,2026-08-05T03:41:19.019660+00:00,50.562,49.875,50.562,50.062,0,306,1020,,5431,479,2755,1799,0.3,729
1599.5,2026-08-05T03:41:20.025556+00:00,50.5,49.531,50.5,50.062,0,306,1020,,5471,519,2755,1799,0.2,729
1600.5,2026-08-05T03:41:21.031251+00:00,50.562,49.687,50.562,50.125,0,306,1020,,5431,519,2755,1799,0.5,729
1601.5,2026-08-05T03:41:22.036948+00:00,50.593,49.812,50.593,50.031,0,306,1020,,5431,519,2755,1799,0.3,729
1602.5,2026-08-05T03:41:23.042719+00:00,50.531,49.656,50.531,50.062,0,306,1020,,5471,519,2755,1799,0.3,729
1603.5,2026-08-05T03:41:24.048446+00:00,50.968,49.906,50.968,50.093,0,306,1020,,5480,519,2755,1799,0.5,729
1604.5,2026-08-05T03:41:25.053947+00:00,50.437,49.593,50.437,50.187,0,306,1020,,5520,519,2795,1799,0.3,729
1605.5,2026-08-05T03:41:26.059892+00:00,50.406,49.625,50.406,50.031,0,306,1020,,5480,519,2795,1799,0.3,729
1606.5,2026-08-05T03:41:27.065352+00:00,50.468,49.843,50.468,50,0,306,1020,,5471,519,2755,1799,0.2,729
1607.5,2026-08-05T03:41:28.071068+00:00,50.5,49.687,50.5,50.031,0,306,1020,,5480,519,2755,1799,0.2,729
1608.5,2026-08-05T03:41:29.077186+00:00,50.437,49.906,50.437,50.062,0,306,1020,,5480,519,2755,1799,0.3,729
1609.5,2026-08-05T03:41:30.083009+00:00,50.656,49.687,50.656,50.156,0,306,1020,,5480,519,2755,1799,0.7,729
1610.5,2026-08-05T03:41:31.088633+00:00,50.687,49.656,50.687,50.156,0,306,1020,,5480,519,2755,1799,0.5,729
1611.5,2026-08-05T03:41:32.094377+00:00,50.656,49.968,50.656,50,0,306,1020,,5551,519,2835,1799,0.3,729
1612.5,2026-08-05T03:41:33.100098+00:00,50.718,49.656,50.718,50,0,306,1020,,5471,519,2795,1799,0.3,729
1613.5,2026-08-05T03:41:34.105927+00:00,50.718,49.937,50.718,50.093,0,306,1020,,5431,479,2755,1799,0.3,729
1614.5,2026-08-05T03:41:35.111976+00:00,50.468,49.593,50.468,50.187,0,306,1020,,5431,479,2755,1799,0.2,729
1615.5,2026-08-05T03:41:36.117575+00:00,50.5,49.718,50.5,50.125,0,306,1020,,5471,479,2755,1799,0.7,729
1616.6,2026-08-05T03:41:37.123159+00:00,50.437,49.843,50.437,50.062,0,306,1020,,5431,479,2755,1799,0.3,729
1617.6,2026-08-05T03:41:38.129007+00:00,50.531,49.625,50.531,50.062,0,306,1020,,5431,479,2755,1799,0.3,729
1618.6,2026-08-05T03:41:39.134528+00:00,50.593,49.875,50.593,50.093,0,306,1020,,5471,519,2795,1799,0.5,1728
1619.6,2026-08-05T03:41:40.140137+00:00,50.5,49.625,50.5,50.093,0,306,1020,,5431,479,2755,1799,0.2,729
1620.6,2026-08-05T03:41:41.145965+00:00,50.843,49.656,50.843,50.25,0,306,1020,,5431,479,2755,1799,0.3,729
1621.6,2026-08-05T03:41:42.151842+00:00,50.781,49.812,50.781,50.031,0,306,1020,,5471,519,2755,1799,0.5,729
1622.6,2026-08-05T03:41:43.157564+00:00,50.843,49.687,50.843,50.031,0,306,1020,,5431,479,2755,1799,0.3,729
1623.6,2026-08-05T03:41:44.163200+00:00,50.875,49.625,50.875,50.093,0,306,1020,,5431,479,2755,1799,0.2,729
1624.6,2026-08-05T03:41:45.168910+00:00,50.781,49.5,50.781,50.125,0,306,1020,,5431,479,2755,1799,0.7,729
1625.6,2026-08-05T03:41:46.174695+00:00,50.843,49.625,50.843,50,0,306,1020,,5431,479,2755,1799,0.2,729
1626.6,2026-08-05T03:41:47.180256+00:00,50.593,49.875,50.593,50.031,0,306,1020,,5600,559,2835,1799,0.2,729
1627.6,2026-08-05T03:41:48.186026+00:00,50.531,49.593,50.531,50.031,0,306,1020,,5480,519,2795,1799,0.2,729
1628.6,2026-08-05T03:41:49.191933+00:00,50.531,49.687,50.531,50.187,0,306,1020,,5471,519,2755,1799,0.3,729
1629.6,2026-08-05T03:41:50.197722+00:00,50.531,49.5,50.531,50.156,0,306,1020,,5440,479,2755,1799,0.3,729
1630.6,2026-08-05T03:41:51.203487+00:00,50.625,49.656,50.625,50.031,0,306,1020,,5440,479,2755,1799,0.7,729
1631.6,2026-08-05T03:41:52.209233+00:00,50.5,49.812,50.5,50.062,0,306,1020,,5440,479,2795,1799,0.2,729
1632.6,2026-08-05T03:41:53.215140+00:00,50.468,49.625,50.468,50.062,0,306,1020,,5480,519,2795,1799,0.3,729
1633.7,2026-08-05T03:41:54.220954+00:00,50.468,49.562,50.468,50.125,0,306,1020,,5480,519,2795,1799,0.7,729
1634.7,2026-08-05T03:41:55.226747+00:00,50.468,49.718,50.468,50.156,0,306,1020,,5440,479,2795,1799,0.3,729
1635.7,2026-08-05T03:41:56.232563+00:00,50.406,49.687,50.406,50.062,0,306,1020,,5440,479,2755,1799,0.5,729
1636.7,2026-08-05T03:41:57.238137+00:00,50.687,49.843,50.687,50.125,0,306,1020,,5471,519,2755,1799,0.3,729
1637.7,2026-08-05T03:41:58.244031+00:00,50.625,49.562,50.625,50.093,0,306,1020,,5471,479,2755,1799,0.2,729
1638.7,2026-08-05T03:41:59.249902+00:00,50.687,49.625,50.687,50.093,0,306,1020,,5471,519,2755,1799,0.7,729
1639.7,2026-08-05T03:42:00.255825+00:00,50.75,49.687,50.75,50.187,0,306,1020,,5431,479,2755,1799,0.3,729
1640.7,2026-08-05T03:42:01.261677+00:00,50.718,49.593,50.718,50.062,0,306,1020,,5440,479,2755,1799,0.3,729
1641.7,2026-08-05T03:42:02.267747+00:00,50.531,49.75,50.531,50.156,0,306,1020,,5480,519,2795,1799,0.2,729
1642.7,2026-08-05T03:42:03.273508+00:00,50.593,49.5,50.593,50.031,0,306,1020,,5480,519,2755,1799,0.7,729
1643.7,2026-08-05T03:42:04.278897+00:00,50.531,49.625,50.531,50.125,0,306,1020,,5480,479,2755,1799,0.2,729
1644.7,2026-08-05T03:42:05.285069+00:00,50.562,49.781,50.562,50.156,0,306,1020,,5480,479,2755,1799,0.7,729
1645.7,2026-08-05T03:42:06.290851+00:00,50.593,49.968,50.593,50.093,0,306,1020,,5480,479,2755,1799,0.3,729
1646.7,2026-08-05T03:42:07.296223+00:00,50.531,49.781,50.531,50.156,0,306,1020,,5440,479,2755,1799,0.2,729
1647.7,2026-08-05T03:42:08.301794+00:00,50.781,49.531,50.781,50.031,0,306,1020,,5471,519,2755,1799,0.7,729
1648.7,2026-08-05T03:42:09.307682+00:00,50.843,49.687,50.843,50.125,0,306,1020,,5800,599,2915,1799,0.3,1728
1649.7,2026-08-05T03:42:10.313457+00:00,50.906,49.75,50.906,50.062,0,306,1020,,5480,519,2795,1799,0.3,729
1650.7,2026-08-05T03:42:11.319145+00:00,50.906,49.906,50.906,50.093,0,306,1020,,5471,519,2755,1799,0.3,729
1651.8,2026-08-05T03:42:12.325200+00:00,50.968,49.781,50.968,50.125,0,306,1020,,5440,479,2755,1799,0.7,729
1652.8,2026-08-05T03:42:13.330708+00:00,50.593,49.531,50.593,50.156,0,306,1020,,5471,479,2755,1799,0.2,729
1653.8,2026-08-05T03:42:14.336403+00:00,50.593,49.593,50.593,50.156,0,306,1020,,5471,519,2755,1799,0.3,729
1654.8,2026-08-05T03:42:15.342578+00:00,50.687,49.687,50.687,50.062,0,306,1020,,5480,519,2755,1799,0.3,729
1655.8,2026-08-05T03:42:16.348311+00:00,50.656,49.875,50.656,50.093,0,306,1020,,5520,519,2795,1799,0.2,729
1656.8,2026-08-05T03:42:17.354024+00:00,50.718,49.687,50.718,50,0,306,1020,,5471,519,2795,1799,0.5,729
1657.8,2026-08-05T03:42:18.359787+00:00,50.625,49.5,50.625,50.125,0,306,1020,,5480,519,2755,1799,0.3,729
1658.8,2026-08-05T03:42:19.365102+00:00,50.531,49.593,50.531,50.25,0,306,1020,,5440,519,2755,1799,0.2,729
1659.8,2026-08-05T03:42:20.371174+00:00,50.531,49.718,50.531,50.062,0,306,1020,,5440,479,2755,1799,0.2,729
1660.8,2026-08-05T03:42:21.376641+00:00,50.437,49.875,50.437,50.125,0,306,1020,,5431,479,2755,1799,0.5,729
1661.8,2026-08-05T03:42:22.382379+00:00,50.531,49.656,50.531,50.187,0,306,1020,,5471,519,2755,1799,0.3,729
1662.8,2026-08-05T03:42:23.388201+00:00,50.5,49.625,50.5,50.218,0,306,1020,,5480,519,2795,1799,0.3,729
1663.8,2026-08-05T03:42:24.394178+00:00,50.75,49.625,50.75,50.25,0,306,1020,,5480,519,2795,1799,0.7,729
1664.8,2026-08-05T03:42:25.399836+00:00,50.718,49.687,50.718,50,0,306,1020,,5471,519,2755,1799,0.3,729
1665.8,2026-08-05T03:42:26.405473+00:00,50.718,49.937,50.718,50.093,0,306,1020,,5471,519,2755,1799,0.5,729
1666.8,2026-08-05T03:42:27.411029+00:00,50.75,49.625,50.75,50.125,0,306,1020,,5471,479,2755,1799,0.3,729
1667.8,2026-08-05T03:42:28.416689+00:00,50.781,49.593,50.781,50.156,0,306,1020,,5471,519,2755,1799,0.2,729
1668.9,2026-08-05T03:42:29.422955+00:00,50.781,49.593,50.781,50.218,0,306,1020,,5471,519,2755,1799,0.8,729
1669.9,2026-08-05T03:42:30.428782+00:00,50.593,49.687,50.593,50.062,0,306,1020,,5471,519,2795,1799,0.3,729
1670.9,2026-08-05T03:42:31.434461+00:00,50.593,49.843,50.593,50.093,0,306,1020,,5440,479,2795,1799,0.2,729
1671.9,2026-08-05T03:42:32.440136+00:00,50.656,49.593,50.656,50.125,0,306,1020,,5431,479,2755,1799,0.3,729
1672.9,2026-08-05T03:42:33.445918+00:00,50.531,49.656,50.531,50.156,0,306,1020,,5440,479,2755,1799,0.2,729
1673.9,2026-08-05T03:42:34.453341+00:00,50.5,49.718,50.937,50.031,0,306,1020,,5520,519,2795,1799,1.0,729
1674.9,2026-08-05T03:42:35.459245+00:00,50.937,49.562,50.937,50.093,0,306,1020,,5480,519,2755,1799,0.5,729
1675.9,2026-08-05T03:42:36.465169+00:00,50.968,49.843,50.968,50.125,0,306,1020,,5431,479,2755,1799,0.5,729
1676.9,2026-08-05T03:42:37.470910+00:00,50.937,49.625,50.937,50.187,0,306,1020,,5800,599,2915,1799,0.2,729
1677.9,2026-08-05T03:42:38.476662+00:00,50.593,49.656,50.593,50.187,0,306,1020,,5480,519,2795,1799,0.5,729
1678.9,2026-08-05T03:42:39.482396+00:00,50.687,49.843,50.687,50.031,0,306,1020,,5480,519,2755,1799,0.3,729
1679.9,2026-08-05T03:42:40.488169+00:00,50.656,49.562,50.656,50.062,0,306,1020,,5431,479,2755,1799,0.0,729
1680.9,2026-08-05T03:42:41.493996+00:00,50.625,49.906,50.625,50.093,0,306,1020,,5440,519,2755,1799,0.7,729
1681.9,2026-08-05T03:42:42.500403+00:00,50.593,49.562,50.593,50.156,0,306,1020,,5471,519,2755,1800,0.3,729
1682.9,2026-08-05T03:42:43.505977+00:00,50.406,49.656,50.406,50.031,0,306,1020,,5431,479,2755,1800,0.2,729
1683.9,2026-08-05T03:42:44.511854+00:00,50.5,49.718,50.5,50.093,0,306,1020,,5471,479,2795,1800,0.7,729
1684.9,2026-08-05T03:42:45.517790+00:00,50.437,49.531,50.437,50.062,0,306,1020,,5480,519,2755,1800,0.3,729
1686.0,2026-08-05T03:42:46.523426+00:00,50.468,49.593,50.468,50.125,0,306,1020,,5471,519,2755,1799,0.3,729
1687.0,2026-08-05T03:42:47.529333+00:00,50.437,49.625,50.437,50.125,0,306,1020,,5471,519,2755,1799,0.7,729
1688.0,2026-08-05T03:42:48.535091+00:00,50.656,49.625,50.656,50.031,0,306,1020,,5480,519,2755,1799,0.2,729
1689.0,2026-08-05T03:42:49.540807+00:00,50.656,49.781,50.656,50,0,306,1020,,5471,519,2755,1799,0.2,729
1690.0,2026-08-05T03:42:50.546521+00:00,50.718,49.531,50.718,50.062,0,306,1020,,5471,519,2755,1799,0.5,729
1691.0,2026-08-05T03:42:51.552298+00:00,50.718,49.562,50.718,50.062,0,306,1020,,5471,519,2795,1799,0.2,729
1692.0,2026-08-05T03:42:52.558019+00:00,50.718,49.75,50.718,50.156,0,306,1020,,5471,519,2755,1799,0.2,729
1693.0,2026-08-05T03:42:53.563868+00:00,50.468,49.625,50.468,50.062,0,306,1020,,5480,519,2755,1799,0.8,729
1694.0,2026-08-05T03:42:54.569708+00:00,50.531,49.718,50.531,50.062,0,306,1020,,5471,519,2755,1799,0.3,729
1695.0,2026-08-05T03:42:55.575338+00:00,50.625,49.5,50.625,50.062,0,306,1020,,5431,479,2755,1799,0.0,729
1696.0,2026-08-05T03:42:56.581276+00:00,50.593,49.531,50.593,50.156,0,306,1020,,5471,519,2755,1799,0.3,729
1697.0,2026-08-05T03:42:57.586926+00:00,50.531,49.656,50.531,50.093,0,306,1020,,5471,519,2755,1799,0.3,729
1698.0,2026-08-05T03:42:58.592813+00:00,50.531,49.812,50.812,50.031,0,306,1020,,5480,519,2795,1799,0.3,729
1699.0,2026-08-05T03:42:59.599294+00:00,50.812,49.718,50.812,50.093,0,306,1020,,5471,519,2795,1799,0.3,729
1700.0,2026-08-05T03:43:00.605568+00:00,50.875,49.531,50.875,50.031,0,306,1020,,5471,479,2755,1799,0.3,729
1701.0,2026-08-05T03:43:01.612217+00:00,50.875,49.531,50.875,50.156,0,306,1020,,5471,519,2755,1800,0.7,729
1702.0,2026-08-05T03:43:02.618067+00:00,50.531,49.718,50.531,50,0,306,1020,,5480,519,2755,1800,0.7,729
1703.1,2026-08-05T03:43:03.624293+00:00,50.593,49.843,50.593,50.031,0,306,1020,,5480,519,2755,1800,0.5,729
1704.1,2026-08-05T03:43:04.630658+00:00,50.562,49.5,50.562,50.062,0,306,1020,,5480,519,2755,1800,0.3,729
1705.1,2026-08-05T03:43:05.637391+00:00,50.437,49.625,50.437,50.125,0,306,1020,,5480,519,2795,1800,0.5,729
1706.1,2026-08-05T03:43:06.643798+00:00,50.406,49.781,50.406,50.062,0,306,1020,,5480,519,2755,1799,0.5,729
1707.1,2026-08-05T03:43:07.649918+00:00,50.406,49.562,50.406,50,0,306,1020,,5440,519,2755,1799,0.2,729
1708.1,2026-08-05T03:43:08.656159+00:00,50.625,49.562,50.625,50.125,0,306,1020,,5431,519,2755,1799,0.2,729
1709.1,2026-08-05T03:43:09.661689+00:00,50.718,49.531,50.718,50.156,0,306,1020,,5480,519,2755,1799,0.3,729
1710.1,2026-08-05T03:43:10.668088+00:00,50.593,49.625,50.593,50.031,0,306,1020,,5471,519,2795,1799,0.2,729
1711.1,2026-08-05T03:43:11.674293+00:00,50.562,49.75,50.562,50,0,306,1020,,5471,519,2755,1799,0.5,729
1712.1,2026-08-05T03:43:12.680772+00:00,50.5,49.593,50.5,50.031,0,306,1020,,5471,519,2755,1799,0.3,729
1713.1,2026-08-05T03:43:13.686529+00:00,50.406,49.531,50.406,50.031,0,306,1020,,5431,479,2755,1799,0.5,729
1714.1,2026-08-05T03:43:14.692946+00:00,50.468,49.75,50.468,50.093,0,306,1020,,5480,519,2755,1799,0.3,729
1715.1,2026-08-05T03:43:15.699169+00:00,50.656,49.937,50.656,50.093,0,306,1020,,5480,519,2755,1799,0.3,729
1716.1,2026-08-05T03:43:16.705103+00:00,50.687,49.718,50.687,50.062,0,306,1020,,5440,479,2755,1799,0.2,729
1717.1,2026-08-05T03:43:17.711393+00:00,50.687,49.5,50.687,50.093,0,306,1020,,5440,479,2755,1799,0.3,729
1718.1,2026-08-05T03:43:18.717595+00:00,50.5,49.593,50.5,50.187,0,306,1020,,5480,519,2795,1800,0.3,729
1719.2,2026-08-05T03:43:19.723366+00:00,50.406,49.625,50.406,50.031,0,306,1020,,5431,479,2755,1800,0.3,729
1720.2,2026-08-05T03:43:20.729580+00:00,50.531,49.843,50.531,50.031,0,306,1020,,5440,479,2755,1800,0.2,729
1721.2,2026-08-05T03:43:21.735696+00:00,50.468,49.593,50.468,50.062,0,306,1020,,5431,479,2755,1800,0.3,729
1722.2,2026-08-05T03:43:22.741582+00:00,50.781,49.625,50.781,50.093,0,306,1020,,5440,479,2755,1800,0.5,729
1723.2,2026-08-05T03:43:23.747643+00:00,50.75,49.812,50.75,50.062,0,306,1020,,5440,479,2755,1800,0.2,729
1724.2,2026-08-05T03:43:24.753775+00:00,50.906,49.781,50.906,50,0,306,1020,,5720,559,2875,1800,0.5,729
1725.2,2026-08-05T03:43:25.759606+00:00,50.781,49.875,50.781,50.031,0,306,1020,,5480,519,2795,1800,0.5,729
1726.2,2026-08-05T03:43:26.766188+00:00,50.593,49.562,50.593,50.187,0,306,1020,,5440,479,2755,1800,0.2,729
1727.2,2026-08-05T03:43:27.771824+00:00,50.593,49.531,50.593,50.156,0,306,1020,,5431,479,2755,1800,0.2,729
1728.2,2026-08-05T03:43:28.777853+00:00,50.593,49.718,50.593,50.062,0,306,1020,,5440,479,2755,1800,0.2,729
1729.2,2026-08-05T03:43:29.783316+00:00,50.562,49.625,50.562,50.125,0,306,1020,,5440,479,2755,1800,0.3,729
1730.2,2026-08-05T03:43:30.789331+00:00,50.656,49.687,50.656,50.125,0,306,1020,,5600,559,2835,1800,0.2,729
1731.2,2026-08-05T03:43:31.794805+00:00,50.468,49.5,50.468,50.062,0,306,1020,,5440,479,2795,1800,0.3,729
1732.2,2026-08-05T03:43:32.800441+00:00,50.437,49.656,50.437,50.093,0,306,1020,,5431,479,2755,1800,0.5,729
1733.2,2026-08-05T03:43:33.806552+00:00,50.375,49.718,50.375,50,0,306,1020,,5440,479,2755,1800,0.3,729
1734.2,2026-08-05T03:43:34.812035+00:00,50.5,49.5,50.5,50.093,0,306,1020,,5440,479,2755,1800,0.3,729
1735.2,2026-08-05T03:43:35.817966+00:00,50.468,49.562,50.468,50.156,0,306,1020,,5440,479,2755,1800,0.7,729
1736.3,2026-08-05T03:43:36.824055+00:00,50.406,49.593,50.656,50.187,0,306,1020,,5431,479,2755,1800,0.7,729
1737.3,2026-08-05T03:43:37.829545+00:00,50.625,49.593,50.625,50,0,306,1020,,5431,479,2755,1800,0.5,729
1738.3,2026-08-05T03:43:38.835230+00:00,50.718,49.75,50.718,50.031,0,306,1020,,5480,519,2755,1800,0.2,729
1739.3,2026-08-05T03:43:39.841017+00:00,50.687,49.5,50.687,50.031,0,306,1020,,5431,479,2755,1800,0.2,729
1740.3,2026-08-05T03:43:40.847014+00:00,50.718,49.593,50.718,50.093,0,306,1020,,5431,479,2755,1800,0.2,729
1741.3,2026-08-05T03:43:41.852798+00:00,50.718,49.718,50.718,50.093,0,306,1020,,5431,479,2755,1800,0.3,729
1742.3,2026-08-05T03:43:42.858245+00:00,50.531,49.531,50.531,50,0,306,1020,,5431,479,2755,1800,0.3,729
1743.3,2026-08-05T03:43:43.863961+00:00,50.406,49.781,50.406,50.093,0,306,1020,,5471,519,2795,1800,0.2,729
1744.3,2026-08-05T03:43:44.869697+00:00,50.5,49.5,50.5,50.062,0,306,1020,,5431,479,2755,1800,0.3,729
1745.3,2026-08-05T03:43:45.875488+00:00,50.437,49.625,50.437,50.093,0,306,1020,,5440,479,2755,1799,0.5,729
1746.3,2026-08-05T03:43:46.881209+00:00,50.437,49.687,50.437,50.125,0,306,1020,,5431,519,2755,1799,0.7,729
1747.3,2026-08-05T03:43:47.887149+00:00,50.468,49.625,50.468,50,0,306,1020,,5431,479,2755,1799,0.3,729
1748.3,2026-08-05T03:43:48.892968+00:00,50.843,49.656,50.843,50,0,306,1020,,5440,479,2755,1799,0.3,729
1749.3,2026-08-05T03:43:49.898723+00:00,50.781,49.562,50.781,50.031,0,306,1020,,5431,479,2755,1799,0.3,729
1750.3,2026-08-05T03:43:50.904152+00:00,50.875,49.562,50.875,50.093,0,306,1020,,5480,519,2755,1799,0.0,729
1751.3,2026-08-05T03:43:51.910198+00:00,50.906,49.656,50.906,50.125,0,306,1020,,5480,519,2755,1799,0.3,729
1752.3,2026-08-05T03:43:52.915627+00:00,50.968,49.937,50.968,50.031,0,306,1020,,5440,479,2755,1799,0.3,729
1753.4,2026-08-05T03:43:53.921336+00:00,50.531,49.781,50.531,50.031,0,306,1020,,5440,479,2755,1799,0.3,729
1754.4,2026-08-05T03:43:54.927130+00:00,50.593,49.5,50.593,50.062,0,306,1020,,5440,479,2755,1799,0.2,729
1755.4,2026-08-05T03:43:55.932861+00:00,50.625,49.531,50.625,50.093,0,306,1020,,5480,519,2795,1799,0.2,729
1756.4,2026-08-05T03:43:56.939206+00:00,50.562,49.718,50.562,50,0,306,1020,,5440,479,2755,1799,0.5,729
1757.4,2026-08-05T03:43:57.945396+00:00,50.593,49.843,50.468,50.031,0,306,1020,,5471,519,2755,1799,0.3,729
1758.4,2026-08-05T03:43:58.951894+00:00,50.468,49.593,50.468,50.187,0,306,1020,,5440,479,2755,1799,0.3,729
1759.4,2026-08-05T03:43:59.958070+00:00,50.5,49.593,50.5,50.156,0,306,1020,,5431,479,2755,1799,0.5,729
1760.4,2026-08-05T03:44:00.964469+00:00,50.437,49.625,50.562,50.125,0,306,1020,,5431,479,2755,1799,0.2,729
1761.4,2026-08-05T03:44:01.970300+00:00,50.687,49.687,50.687,50.062,0,306,1020,,5440,479,2755,1799,0.2,729
1762.4,2026-08-05T03:44:02.976431+00:00,50.656,49.812,50.656,50.062,0,306,1020,,5471,519,2755,1799,0.3,729
1763.4,2026-08-05T03:44:03.982807+00:00,50.625,49.625,50.625,50.125,0,306,1020,,5431,479,2755,1799,0.2,729
1764.4,2026-08-05T03:44:04.988821+00:00,50.468,49.625,50.468,50.187,0,306,1020,,5431,479,2755,1799,0.3,729
1765.4,2026-08-05T03:44:05.995093+00:00,50.468,49.812,50.468,50,0,306,1020,,5431,479,2755,1799,0.3,729
1766.4,2026-08-05T03:44:07.001399+00:00,50.5,49.593,50.5,50.125,0,306,1020,,5440,479,2755,1799,0.2,729
1767.4,2026-08-05T03:44:08.008069+00:00,50.5,49.656,50.75,50.125,0,306,1020,,5431,479,2755,1799,0.2,729
1768.4,2026-08-05T03:44:09.013889+00:00,50.656,49.531,50.656,50.25,0,306,1020,,5431,519,2755,1799,0.0,729
1769.5,2026-08-05T03:44:10.020419+00:00,50.718,49.656,50.718,50.031,0,306,1020,,5431,519,2755,1799,0.5,729
1770.5,2026-08-05T03:44:11.026334+00:00,50.718,49.75,50.718,50.093,0,306,1020,,5471,519,2755,1799,0.2,729
1771.5,2026-08-05T03:44:12.032116+00:00,50.5,49.531,50.5,50.125,0,306,1020,,5431,479,2755,1799,0.3,729
1772.5,2026-08-05T03:44:13.038192+00:00,50.531,49.656,50.531,50.093,0,306,1020,,5431,519,2755,1799,0.3,729
1773.5,2026-08-05T03:44:14.044464+00:00,50.468,49.812,50.468,50,0,306,1020,,5471,479,2795,1799,0.5,729
1774.5,2026-08-05T03:44:15.050580+00:00,50.5,49.968,50.5,50.031,0,306,1020,,5471,519,2755,1799,0.3,729
1775.5,2026-08-05T03:44:16.057229+00:00,50.718,49.656,50.718,50.062,0,306,1020,,5431,479,2755,1799,0.3,729
1776.5,2026-08-05T03:44:17.063290+00:00,50.781,49.656,50.781,50.125,0,306,1020,,5431,519,2755,1799,0.3,729
1777.5,2026-08-05T03:44:18.069556+00:00,50.812,49.593,50.812,50.156,0,306,1020,,5440,479,2755,1799,0.7,729
1778.5,2026-08-05T03:44:19.075384+00:00,50.625,49.656,50.625,50.062,0,306,1020,,5431,519,2755,1799,0.7,729
1779.5,2026-08-05T03:44:20.081174+00:00,50.593,49.875,50.593,50,0,306,1020,,5471,519,2795,1799,0.5,729
1780.5,2026-08-05T03:44:21.087745+00:00,50.5,49.656,50.5,50.125,0,306,1020,,5480,519,2795,1799,0.3,729
1781.5,2026-08-05T03:44:22.093896+00:00,50.625,49.687,50.625,50.25,0,306,1020,,5471,479,2755,1799,0.8,729
1782.5,2026-08-05T03:44:23.099734+00:00,50.468,49.75,50.468,50.062,0,306,1020,,5471,519,2755,1799,0.2,729
1783.5,2026-08-05T03:44:24.105381+00:00,50.468,49.656,50.468,50.062,0,306,1020,,5440,479,2755,1799,0.2,729
1784.5,2026-08-05T03:44:25.112379+00:00,50.562,49.875,50.562,50.031,0,306,1020,,5431,479,2755,1799,0.5,729
1785.5,2026-08-05T03:44:26.118240+00:00,50.5,49.593,50.656,50.156,0,306,1020,,5591,559,2835,1799,0.2,729
1786.6,2026-08-05T03:44:27.124653+00:00,50.625,49.625,50.625,50,0,306,1020,,5471,519,2795,1799,0.3,729
1787.6,2026-08-05T03:44:28.130551+00:00,50.625,49.812,50.625,50.093,0,306,1020,,5440,479,2755,1799,0.3,729
1788.6,2026-08-05T03:44:29.136336+00:00,50.625,49.562,50.625,50.156,0,306,1020,,5431,479,2755,1799,0.3,729
1789.6,2026-08-05T03:44:30.142203+00:00,50.437,49.593,50.437,50.125,0,306,1020,,5440,479,2755,1799,0.3,729
1790.6,2026-08-05T03:44:31.148008+00:00,50.468,49.812,50.468,50.25,0,306,1020,,5551,519,2835,1799,0.7,1728
1791.6,2026-08-05T03:44:32.154261+00:00,50.5,49.687,50.5,50.093,0,306,1020,,5480,519,2795,1799,0.2,729
1792.6,2026-08-05T03:44:33.159963+00:00,50.468,49.843,50.468,50.062,0,306,1020,,5431,479,2755,1799,0.5,729
1793.6,2026-08-05T03:44:34.165634+00:00,50.562,49.531,50.562,50.093,0,306,1020,,5471,519,2755,1799,0.3,729
1794.6,2026-08-05T03:44:35.171156+00:00,50.593,49.687,50.75,50.218,0,306,1020,,5471,519,2755,1799,0.3,729
1795.6,2026-08-05T03:44:36.176965+00:00,50.656,49.687,50.656,50.187,0,306,1020,,5431,479,2755,1799,0.2,729
1796.6,2026-08-05T03:44:37.183164+00:00,50.718,49.968,50.718,50,0,306,1020,,5431,519,2755,1799,0.5,729
1797.6,2026-08-05T03:44:38.188672+00:00,50.718,49.75,50.718,50.031,0,306,1020,,5551,519,2835,1799,0.2,729
1798.6,2026-08-05T03:44:39.194270+00:00,50.812,49.531,50.812,50.062,0,306,1020,,5471,519,2795,1799,0.3,729
1799.6,2026-08-05T03:44:40.200044+00:00,50.75,49.562,50.75,50.093,0,306,1020,,5471,519,2795,1799,0.3,729
1800.6,2026-08-05T03:44:41.205736+00:00,50.5,49.718,50.5,50.187,0,306,1020,,5431,479,2755,1799,0.3,729
1801.6,2026-08-05T03:44:42.211318+00:00,50.531,49.937,50.531,50.093,0,306,1020,,5471,479,2795,1799,0.3,729
1802.6,2026-08-05T03:44:43.216983+00:00,50.625,49.906,50.625,50.031,0,306,1020,,5910,638,2955,1799,0.5,1728
1803.7,2026-08-05T03:44:44.222970+00:00,50.625,49.5,50.625,50.156,0,306,1020,,5471,519,2795,1799,0.5,729
1804.7,2026-08-05T03:44:45.228657+00:00,50.625,49.656,50.625,50.187,0,306,1020,,5471,519,2795,1799,0.3,729
1805.7,2026-08-05T03:44:46.234394+00:00,50.593,49.75,50.593,50.062,0,306,1020,,5471,519,2795,1799,0.2,729
1806.7,2026-08-05T03:44:47.240578+00:00,50.968,49.875,50.968,50.125,0,306,1020,,5471,519,2755,1799,0.5,729
1807.7,2026-08-05T03:44:48.246630+00:00,50.531,49.687,50.531,50.093,0,306,1020,,5471,519,2755,1799,0.5,729
1808.7,2026-08-05T03:44:49.252483+00:00,50.5,49.593,50.5,50.093,0,306,1020,,5471,479,2795,1799,0.3,729
1809.7,2026-08-05T03:44:50.258288+00:00,50.437,49.531,50.437,50.187,0,306,1020,,5471,519,2795,1799,0.2,729
1810.7,2026-08-05T03:44:51.263707+00:00,50.625,49.718,50.625,50,0,306,1020,,5471,479,2795,1799,0.5,729
1811.7,2026-08-05T03:44:52.269614+00:00,50.656,49.906,50.656,50.062,0,306,1020,,5471,479,2795,1799,0.3,729
1812.7,2026-08-05T03:44:53.275814+00:00,50.718,49.687,50.718,50.093,0,306,1020,,5471,479,2755,1799,0.2,729
1813.7,2026-08-05T03:44:54.281357+00:00,50.593,49.625,50.593,50.125,0,306,1020,,5471,519,2755,1799,0.7,729
1814.7,2026-08-05T03:44:55.290454+00:00,50.656,49.562,50.656,50.218,0,306,1020,,5480,519,2795,1799,0.0,729
1815.7,2026-08-05T03:44:56.293336+00:00,50.5,49.687,50.5,50.031,0,306,1020,,5471,519,2755,1799,0.3,729
1816.7,2026-08-05T03:44:57.298961+00:00,50.468,49.812,50.468,50.031,0,306,1020,,5471,519,2755,1799,0.5,729
1817.7,2026-08-05T03:44:58.304359+00:00,50.562,49.531,50.562,50.062,0,306,1020,,5471,479,2755,1799,0.0,729
1818.7,2026-08-05T03:44:59.310106+00:00,50.531,49.625,50.531,50.125,0,306,1020,,5471,519,2755,1799,0.7,729
1819.7,2026-08-05T03:45:00.316237+00:00,50.562,49.625,50.562,50.187,0,306,1020,,5471,479,2755,1799,0.7,729
1820.8,2026-08-05T03:45:01.321835+00:00,50.5,49.781,50.5,50,0,306,1020,,5471,479,2755,1799,0.2,729
1821.8,2026-08-05T03:45:02.327724+00:00,50.718,49.875,50.718,50.093,0,306,1020,,5471,519,2795,1799,0.3,729
1822.8,2026-08-05T03:45:03.333498+00:00,50.812,49.593,50.812,50.093,0,306,1020,,5471,519,2755,1799,0.7,729
1823.8,2026-08-05T03:45:04.340495+00:00,50.75,49.656,50.75,50.125,0,306,1020,,5511,559,2795,1799,1.0,729
1824.8,2026-08-05T03:45:05.347081+00:00,50.5,49.843,50.5,50,0,306,1020,,5471,519,2795,1799,0.8,729
1825.8,2026-08-05T03:45:06.352698+00:00,50.5,49.593,50.5,50.125,0,306,1020,,5471,519,2755,1799,0.3,729
1826.8,2026-08-05T03:45:07.358667+00:00,50.531,49.937,50.531,50.125,0,306,1020,,5471,519,2795,1799,0.2,729
1827.8,2026-08-05T03:45:08.364734+00:00,50.562,49.625,50.562,50.125,0,306,1020,,5471,519,2755,1799,0.2,729
1828.8,2026-08-05T03:45:09.370434+00:00,50.562,49.625,50.562,50,0,306,1020,,5471,519,2755,1799,0.5,729
1829.8,2026-08-05T03:45:10.376127+00:00,50.875,49.812,50.875,50.093,0,306,1020,,5471,519,2755,1799,0.2,729
1830.8,2026-08-05T03:45:11.381939+00:00,50.875,49.531,50.875,50.062,0,306,1020,,5471,519,2755,1799,0.5,729
1831.8,2026-08-05T03:45:12.387610+00:00,50.937,49.687,50.937,50.125,0,306,1020,,5471,519,2755,1800,0.2,729
1832.8,2026-08-05T03:45:13.393200+00:00,50.5,49.531,50.5,50.156,0,306,1020,,5471,519,2755,1800,0.2,729
1833.8,2026-08-05T03:45:14.398785+00:00,50.406,49.625,50.406,50,0,306,1020,,5480,519,2795,1800,0.3,729
1834.8,2026-08-05T03:45:15.404425+00:00,50.5,49.781,50.593,50.031,0,306,1020,,5471,519,2755,1800,0.3,729
1835.8,2026-08-05T03:45:16.410290+00:00,50.656,49.562,50.656,50.062,0,306,1020,,5471,519,2755,1800,0.0,729
1836.8,2026-08-05T03:45:17.416089+00:00,50.656,49.593,50.656,50.062,0,306,1020,,5480,519,2755,1800,0.3,729
1837.9,2026-08-05T03:45:18.421820+00:00,50.593,49.5,50.593,50.093,0,306,1020,,5471,519,2755,1799,0.3,729
1838.9,2026-08-05T03:45:19.427118+00:00,50.656,49.593,50.656,50.062,0,306,1020,,5471,519,2755,1799,0.2,729
1839.9,2026-08-05T03:45:20.433030+00:00,50.656,49.812,50.656,50.031,0,306,1020,,5471,519,2755,1799,0.5,729
1840.9,2026-08-05T03:45:21.439068+00:00,50.437,49.562,50.437,50.031,0,306,1020,,5471,519,2755,1799,0.3,729
1841.9,2026-08-05T03:45:22.444799+00:00,50.406,49.625,50.406,50.187,0,306,1020,,5431,519,2755,1799,0.3,729
1842.9,2026-08-05T03:45:23.450180+00:00,50.406,49.75,50.406,50.093,0,306,1020,,5471,519,2755,1799,0.7,729
1843.9,2026-08-05T03:45:24.455986+00:00,50.562,49.625,50.562,50,0,306,1020,,5471,519,2755,1799,0.5,729
1844.9,2026-08-05T03:45:25.461725+00:00,50.468,49.781,50.468,49.968,0,306,1020,,5431,519,2755,1799,0.2,729
1845.9,2026-08-05T03:45:26.467771+00:00,50.468,49.625,50.468,50,0,306,1020,,5480,519,2755,1799,0.2,729
1846.9,2026-08-05T03:45:27.473530+00:00,50.781,49.562,50.781,50.125,0,306,1020,,5480,519,2755,1799,0.3,729
1847.9,2026-08-05T03:45:28.479151+00:00,50.75,49.656,50.75,50.218,0,306,1020,,5431,479,2755,1799,0.0,729
1848.9,2026-08-05T03:45:29.484654+00:00,50.781,49.625,50.781,49.968,0,306,1020,,5480,519,2755,1799,0.3,729
1849.9,2026-08-05T03:45:30.490751+00:00,50.812,49.781,50.812,50.062,0,306,1020,,5471,519,2755,1799,0.5,729
1850.9,2026-08-05T03:45:31.496387+00:00,50.781,49.562,50.781,50.062,0,306,1020,,5471,519,2755,1799,0.2,729
1851.9,2026-08-05T03:45:32.502352+00:00,50.5,49.562,50.5,50.187,0,306,1020,,5471,519,2755,1799,0.2,729
1852.9,2026-08-05T03:45:33.508047+00:00,50.562,49.718,50.562,50.156,0,306,1020,,5440,479,2755,1799,0.5,729
1853.9,2026-08-05T03:45:34.513692+00:00,50.625,49.937,50.625,50.062,0,306,1020,,5471,479,2755,1799,0.3,729
1854.9,2026-08-05T03:45:35.519524+00:00,50.531,49.75,50.531,50.031,0,306,1020,,5471,519,2755,1799,0.2,729
1856.0,2026-08-05T03:45:36.525423+00:00,50.562,49.531,50.562,50.125,0,306,1020,,5480,519,2755,1799,0.5,729
1857.0,2026-08-05T03:45:37.530959+00:00,50.531,49.656,50.468,50.125,0,306,1020,,5440,479,2755,1799,0.2,729
1858.0,2026-08-05T03:45:38.536738+00:00,50.406,49.625,50.406,50.031,0,306,1020,,5480,519,2755,1799,0.2,729
1859.0,2026-08-05T03:45:39.542466+00:00,50.437,49.812,50.437,50.062,0,306,1020,,5471,519,2755,1799,0.2,729
1860.0,2026-08-05T03:45:40.548409+00:00,50.406,49.656,50.406,50.093,0,306,1020,,5471,519,2755,1799,0.3,729
1861.0,2026-08-05T03:45:41.554132+00:00,50.468,49.531,50.468,50.031,0,306,1020,,5471,519,2755,1799,0.7,729
1862.0,2026-08-05T03:45:42.559954+00:00,50.343,49.593,50.343,50.093,0,306,1020,,5471,519,2755,1799,0.7,729
1863.0,2026-08-05T03:45:43.565462+00:00,50.625,49.625,50.625,50,0,306,1020,,5471,519,2755,1799,0.2,729
1864.0,2026-08-05T03:45:44.571511+00:00,50.625,49.843,50.625,50.093,0,306,1020,,5471,519,2755,1799,0.5,729
1865.0,2026-08-05T03:45:45.577238+00:00,50.656,49.687,50.656,50.062,0,306,1020,,5471,519,2755,1799,0.3,729
1866.0,2026-08-05T03:45:46.582774+00:00,50.656,49.562,50.656,50.031,0,306,1020,,5471,519,2755,1799,0.3,729
1867.0,2026-08-05T03:45:47.588699+00:00,50.656,49.531,50.656,50.093,0,306,1020,,5471,519,2755,1799,0.5,729
1868.0,2026-08-05T03:45:48.594088+00:00,50.718,49.562,50.718,50.031,0,306,1020,,5471,519,2755,1799,0.2,729
1869.0,2026-08-05T03:45:49.599877+00:00,50.406,49.937,50.406,50.062,0,306,1020,,5471,519,2755,1799,0.2,729
1870.0,2026-08-05T03:45:50.605665+00:00,50.468,49.593,50.468,50.031,0,306,1020,,5471,519,2755,1799,0.5,729
1871.0,2026-08-05T03:45:51.611452+00:00,50.437,49.5,50.437,50.093,0,306,1020,,5431,479,2755,1799,0.5,729
1872.0,2026-08-05T03:45:52.617160+00:00,50.562,49.593,50.562,50.093,0,306,1020,,5431,479,2755,1799,0.3,729
1873.1,2026-08-05T03:45:53.623066+00:00,50.468,49.656,50.468,50.062,0,306,1020,,5431,479,2755,1799,0.3,729
1874.1,2026-08-05T03:45:54.629162+00:00,50.812,49.812,50.812,50,0,306,1020,,5471,519,2755,1799,0.5,729
1875.1,2026-08-05T03:45:55.634876+00:00,50.781,49.562,50.781,50.062,0,306,1020,,5440,479,2755,1799,0.2,729
1876.1,2026-08-05T03:45:56.640216+00:00,50.812,49.718,50.812,50.156,0,306,1020,,5431,479,2755,1799,0.2,729
1877.1,2026-08-05T03:45:57.645969+00:00,50.781,49.5,50.781,50.218,0,306,1020,,5431,479,2755,1799,0.2,729
1878.1,2026-08-05T03:45:58.652020+00:00,50.906,49.687,50.906,50.031,0,306,1020,,5431,479,2755,1799,0.2,729
1879.1,2026-08-05T03:45:59.657950+00:00,50.937,49.812,50.593,50.125,0,306,1020,,5471,519,2795,1799,0.7,729
1880.1,2026-08-05T03:46:00.663498+00:00,50.593,49.562,50.593,50.093,0,306,1020,,5471,519,2755,1799,0.3,729
1881.1,2026-08-05T03:46:01.669537+00:00,50.562,49.687,50.562,50.062,0,306,1020,,5471,519,2755,1799,0.2,729
1882.1,2026-08-05T03:46:02.675192+00:00,50.593,49.593,50.593,50.031,0,306,1020,,5471,519,2755,1799,0.5,729
1883.1,2026-08-05T03:46:03.680798+00:00,50.593,49.718,50.593,50.093,0,306,1020,,5431,479,2755,1799,0.3,729
1884.1,2026-08-05T03:46:04.686230+00:00,50.593,49.843,50.593,50.093,0,306,1020,,5471,519,2755,1799,0.2,729
1885.1,2026-08-05T03:46:05.692161+00:00,50.468,49.531,50.468,50.062,0,306,1020,,5480,519,2755,1799,0.5,729
1886.1,2026-08-05T03:46:06.697918+00:00,50.437,49.687,50.437,50.156,0,306,1020,,5471,519,2755,1799,0.5,729
1887.1,2026-08-05T03:46:07.703726+00:00,50.5,49.687,50.5,50.062,0,306,1020,,5440,479,2755,1799,0.2,729
1888.1,2026-08-05T03:46:08.709941+00:00,50.437,49.687,50.437,50.031,0,306,1020,,5480,519,2755,1799,0.3,729
1889.1,2026-08-05T03:46:09.715327+00:00,50.437,49.906,50.437,50.062,0,306,1020,,5680,559,2875,1799,0.2,1728
1890.2,2026-08-05T03:46:10.721086+00:00,50.468,49.531,50.625,50.156,0,306,1020,,5471,519,2795,1799,0.2,729
1891.2,2026-08-05T03:46:11.726788+00:00,50.75,49.687,50.75,50.187,0,306,1020,,5471,519,2755,1799,0.2,729
1892.2,2026-08-05T03:46:12.732595+00:00,50.718,49.781,50.718,50,0,306,1020,,5431,479,2755,1799,0.7,729
1893.2,2026-08-05T03:46:13.738074+00:00,50.718,49.718,50.718,50.031,0,306,1020,,5431,479,2755,1799,0.2,729
1894.2,2026-08-05T03:46:14.743753+00:00,50.75,49.875,50.75,50.125,0,306,1020,,5431,479,2755,1799,0.3,729
1895.2,2026-08-05T03:46:15.749473+00:00,50.781,49.593,50.781,50.156,0,306,1020,,5431,479,2755,1799,0.3,729
1896.2,2026-08-05T03:46:16.755274+00:00,50.593,49.718,50.593,50.156,0,306,1020,,5431,479,2755,1799,0.5,729
1897.2,2026-08-05T03:46:17.761129+00:00,50.531,49.781,50.531,50,0,306,1020,,5471,519,2795,1799,0.2,729
1898.2,2026-08-05T03:46:18.766970+00:00,50.468,49.562,50.468,50.125,0,306,1020,,5431,479,2755,1799,0.3,729
1899.2,2026-08-05T03:46:19.772634+00:00,50.531,49.843,50.531,50.156,0,306,1020,,5431,479,2755,1799,0.2,729
1900.2,2026-08-05T03:46:20.778419+00:00,50.531,49.625,50.531,50.187,0,306,1020,,5431,479,2755,1799,0.2,729
1901.2,2026-08-05T03:46:21.784487+00:00,50.593,49.625,50.937,50.156,0,306,1020,,5440,479,2755,1799,0.0,729
1902.2,2026-08-05T03:46:22.789967+00:00,50.968,49.812,50.968,50.062,0,306,1020,,5640,559,2835,1799,0.3,729
1903.2,2026-08-05T03:46:23.795907+00:00,50.906,49.562,50.906,50.031,0,306,1020,,5480,519,2795,1799,0.2,729
1904.2,2026-08-05T03:46:24.801624+00:00,51,49.906,51,50.093,0,306,1020,,5440,479,2755,1799,0.5,729
1905.2,2026-08-05T03:46:25.807169+00:00,50.437,49.562,50.437,50.093,0,306,1020,,5440,479,2755,1799,0.2,729
1906.2,2026-08-05T03:46:26.813263+00:00,50.406,49.593,50.406,50.125,0,306,1020,,5440,479,2755,1799,0.5,729
1907.2,2026-08-05T03:46:27.818777+00:00,50.687,49.75,50.687,50.062,0,306,1020,,5440,479,2755,1799,0.3,729
1908.3,2026-08-05T03:46:28.824400+00:00,50.593,49.593,50.593,50.062,0,306,1020,,5440,479,2755,1799,0.2,729
1909.3,2026-08-05T03:46:29.830126+00:00,50.593,49.781,50.593,50.093,0,306,1020,,5431,479,2755,1799,0.8,729
1910.3,2026-08-05T03:46:30.836021+00:00,50.562,49.593,50.562,50.093,0,306,1020,,5431,479,2755,1799,0.3,729
1911.3,2026-08-05T03:46:31.842017+00:00,50.625,49.625,50.625,50.093,0,306,1020,,5431,479,2755,1799,0.3,729
1912.3,2026-08-05T03:46:32.847782+00:00,50.656,49.656,50.656,50,0,306,1020,,5431,479,2755,1799,0.3,729
1913.3,2026-08-05T03:46:33.853529+00:00,50.468,49.5,50.468,50.062,0,306,1020,,5431,479,2755,1799,0.3,729
1914.3,2026-08-05T03:46:34.858922+00:00,50.531,49.718,50.531,50.187,0,306,1020,,5431,479,2755,1799,0.2,729
1915.3,2026-08-05T03:46:35.865357+00:00,50.437,49.562,50.437,50.187,0,306,1020,,5431,479,2755,1799,0.3,729
1916.3,2026-08-05T03:46:36.871203+00:00,50.5,49.656,50.5,50.093,0,306,1020,,5431,479,2755,1799,0.3,729
1917.3,2026-08-05T03:46:37.877847+00:00,50.718,49.781,50.718,50.093,0,306,1020,,5431,479,2755,1799,0.2,729
1918.3,2026-08-05T03:46:38.884046+00:00,50.75,49.968,50.75,50.031,0,306,1020,,5431,479,2755,1799,0.5,729
1919.3,2026-08-05T03:46:39.889759+00:00,50.718,49.593,50.718,50.093,0,306,1020,,5431,479,2755,1799,0.2,729
1920.3,2026-08-05T03:46:40.895725+00:00,50.718,49.625,50.718,50.062,0,306,1020,,5431,479,2755,1799,0.5,729
1921.3,2026-08-05T03:46:41.901928+00:00,50.656,49.875,50.656,50.062,0,306,1020,,5431,479,2755,1799,0.2,729
1922.3,2026-08-05T03:46:42.907454+00:00,50.562,49.781,50.562,50.062,0,306,1020,,5471,519,2755,1799,0.5,729
1923.3,2026-08-05T03:46:43.914113+00:00,50.593,49.937,50.593,50.093,0,306,1020,,5471,519,2755,1799,0.5,729
1924.3,2026-08-05T03:46:44.920078+00:00,50.562,49.625,50.562,50.156,0,306,1020,,5431,479,2755,1799,0.3,729
1925.4,2026-08-05T03:46:45.926428+00:00,50.843,49.718,50.843,50,0,306,1020,,5431,479,2755,1799,0.3,729
1926.4,2026-08-05T03:46:46.932554+00:00,50.906,49.906,50.906,50.093,0,306,1020,,5440,479,2755,1799,0.3,729
1927.4,2026-08-05T03:46:47.938362+00:00,50.875,49.593,50.875,50.156,0,306,1020,,5431,479,2755,1799,0.3,729
1928.4,2026-08-05T03:46:48.944382+00:00,50.687,49.625,50.687,50.093,0,306,1020,,5431,479,2755,1799,0.3,729
1929.4,2026-08-05T03:46:49.950733+00:00,50.625,49.75,50.625,50,0,306,1020,,5591,519,2835,1799,0.7,729
1930.4,2026-08-05T03:46:50.956463+00:00,50.593,49.687,50.593,50.031,0,306,1020,,5471,479,2795,1799,0.5,729
1931.4,2026-08-05T03:46:51.962128+00:00,50.656,49.781,50.656,50.125,0,306,1020,,5431,479,2755,1799,0.3,729
1932.4,2026-08-05T03:46:52.968415+00:00,50.593,49.531,50.593,50.156,0,306,1020,,5431,519,2755,1799,0.5,729
1933.4,2026-08-05T03:46:53.974721+00:00,50.406,49.625,50.406,50.125,0,306,1020,,5471,519,2755,1799,0.5,729
1934.4,2026-08-05T03:46:54.980723+00:00,50.5,49.875,50.5,50,0,306,1020,,5431,479,2755,1799,0.7,729
1935.4,2026-08-05T03:46:55.986892+00:00,50.468,49.625,50.468,50.093,0,306,1020,,5471,479,2755,1799,0.3,729
1936.4,2026-08-05T03:46:56.992098+00:00,50.625,50.468,50.625,50.125,0,306,1020,,6389,838,3075,1799,6.3,1728
1937.4,2026-08-05T03:46:58.001625+00:00,50.781,49.875,50.781,50.343,0,306,1020,,6440,918,3075,1501,13.7,729
1938.4,2026-08-05T03:46:59.008921+00:00,50.562,49.906,50.562,50.062,0,306,1020,,5511,519,2795,1500,0.7,729
1939.4,2026-08-05T03:47:00.013601+00:00,50.468,49.718,50.468,50.062,0,306,1020,,5431,519,2755,1500,0.2,729
1940.4,2026-08-05T03:47:01.019379+00:00,50.406,49.531,50.406,50.093,0,306,1020,,5431,479,2755,1500,0.2,729
1941.5,2026-08-05T03:47:02.025171+00:00,50.5,49.531,50.5,50.25,0,306,1020,,5431,479,2755,1500,0.2,729
1942.5,2026-08-05T03:47:03.030850+00:00,50.718,49.687,50.718,50.062,0,306,1020,,5431,479,2755,1500,0.2,729
1943.5,2026-08-05T03:47:04.036528+00:00,50.781,49.937,50.781,50.187,0,306,1020,,5670,559,2875,1500,0.0,729
1944.5,2026-08-05T03:47:05.042226+00:00,50.781,49.687,50.781,50.062,0,306,1020,,5431,519,2795,1500,0.0,729
1945.5,2026-08-05T03:47:06.047981+00:00,50.75,49.718,50.75,50.125,0,306,1020,,5431,519,2755,1500,0.3,729
1946.5,2026-08-05T03:47:07.053715+00:00,50.843,49.625,50.843,50.218,0,306,1020,,5431,519,2755,1500,0.2,729
1947.5,2026-08-05T03:47:08.059379+00:00,50.812,49.656,50.593,50.031,0,306,1020,,5431,519,2755,1500,0.3,729
1948.5,2026-08-05T03:47:09.065629+00:00,50.5,49.906,50.5,50.187,0,306,1020,,5431,519,2755,1499,0.2,729
1949.5,2026-08-05T03:47:10.071181+00:00,50.718,49.625,50.718,50.218,0,306,1020,,5750,599,2915,1499,0.2,729
1950.5,2026-08-05T03:47:11.076890+00:00,50.593,49.687,50.593,50.218,0,306,1020,,5471,519,2795,1499,0.3,729
1951.5,2026-08-05T03:47:12.082448+00:00,50.625,49.656,50.625,50.281,0,306,1020,,5431,479,2755,1499,0.2,729
1952.5,2026-08-05T03:47:13.088057+00:00,50.562,49.718,50.562,50.093,0,306,1020,,5440,479,2755,1499,0.3,729
1953.5,2026-08-05T03:47:14.093548+00:00,50.625,49.906,50.875,50.156,0,306,1020,,5431,479,2755,1499,0.0,729
1954.5,2026-08-05T03:47:15.099240+00:00,51.031,49.687,51.031,50.156,0,306,1020,,5431,479,2755,1499,0.3,729
1955.5,2026-08-05T03:47:16.105302+00:00,50.937,49.656,50.937,50.218,0,306,1020,,5440,479,2755,1499,0.0,729
1956.5,2026-08-05T03:47:17.111121+00:00,50.562,49.687,50.562,50.125,0,306,1020,,5630,559,2835,1499,0.2,729
1957.5,2026-08-05T03:47:18.116741+00:00,50.562,49.687,50.562,50.125,0,306,1020,,5431,519,2755,1499,0.5,729
1958.6,2026-08-05T03:47:19.123119+00:00,50.656,49.937,50.656,50.156,0,306,1020,,5440,479,2755,1499,0.0,729
1959.6,2026-08-05T03:47:20.128728+00:00,50.625,49.625,50.625,50.187,0,306,1020,,5431,479,2755,1499,0.2,729
1960.6,2026-08-05T03:47:21.134569+00:00,50.656,49.718,50.656,50.218,0,306,1020,,5431,479,2755,1499,0.2,729
1961.6,2026-08-05T03:47:22.140110+00:00,50.718,49.718,50.718,50.093,0,306,1020,,5431,479,2755,1499,0.2,729
1962.6,2026-08-05T03:47:23.145745+00:00,50.718,49.687,50.718,50.125,0,306,1020,,5440,479,2755,1499,0.2,729
1963.6,2026-08-05T03:47:24.151379+00:00,50.656,49.843,50.656,50.281,0,306,1020,,5440,479,2755,1499,0.0,729
1964.6,2026-08-05T03:47:25.157063+00:00,50.625,49.625,50.625,50.156,0,306,1020,,5680,559,2875,1499,0.0,729
1965.6,2026-08-05T03:47:26.162902+00:00,50.562,49.718,50.562,50.187,0,306,1020,,5431,479,2755,1499,0.3,729
1966.6,2026-08-05T03:47:27.168640+00:00,50.5,49.812,50.5,50.062,0,306,1020,,5431,479,2755,1499,0.0,729
1967.6,2026-08-05T03:47:28.174214+00:00,50.468,49.687,50.468,50.156,0,306,1020,,5440,479,2755,1499,0.0,729
1968.6,2026-08-05T03:47:29.179803+00:00,50.562,49.781,50.562,50.093,0,306,1020,,5431,479,2755,1499,0.3,729
1969.6,2026-08-05T03:47:30.185525+00:00,50.562,49.531,50.562,50.187,0,306,1020,,5431,479,2755,1499,0.0,729
1970.6,2026-08-05T03:47:31.191190+00:00,50.781,49.687,50.781,50.156,0,306,1020,,5431,479,2755,1499,0.2,729
1971.6,2026-08-05T03:47:32.197253+00:00,50.75,49.718,50.75,50.125,0,306,1020,,5431,479,2755,1499,0.2,729
1972.6,2026-08-05T03:47:33.202887+00:00,50.843,49.593,50.843,50.031,0,306,1020,,5431,479,2755,1499,0.3,729
1973.6,2026-08-05T03:47:34.211704+00:00,50.875,49.875,50.875,50.218,0,306,1020,,5551,559,2795,1495,2.5,729
1974.6,2026-08-05T03:47:35.219453+00:00,50.625,49.781,50.625,50.218,0,306,1020,,5920,758,2835,1496,12.8,729
1975.7,2026-08-05T03:47:36.227570+00:00,50.906,50,50.906,50.093,0,306,1020,,5790,678,2835,1492,12.8,729
1976.7,2026-08-05T03:47:37.233268+00:00,50.937,49.687,50.937,50.187,0,306,1020,,5471,519,2795,1492,0.3,729
1977.7,2026-08-05T03:47:38.238513+00:00,50.968,49.625,50.968,50.187,0,306,1020,,5431,519,2755,1492,0.2,729
1978.7,2026-08-05T03:47:39.244244+00:00,50.625,49.687,50.625,50.218,0,306,1020,,5431,519,2755,1492,0.2,729
1979.7,2026-08-05T03:47:40.249850+00:00,50.718,49.718,50.718,50.125,0,306,1020,,5600,559,2835,1492,0.0,729
1980.7,2026-08-05T03:47:41.255658+00:00,50.656,49.906,50.656,50.031,0,306,1020,,5431,519,2795,1492,0.3,729
1981.7,2026-08-05T03:47:42.261290+00:00,50.656,49.656,50.656,50.156,0,306,1020,,5431,479,2755,1492,0.7,729
1982.7,2026-08-05T03:47:43.267009+00:00,50.625,49.656,50.625,50.156,0,306,1020,,5431,479,2755,1492,0.2,729
1983.7,2026-08-05T03:47:44.272618+00:00,50.531,49.656,50.531,50.062,0,306,1020,,5440,479,2755,1492,0.0,729
1984.7,2026-08-05T03:47:45.278614+00:00,50.468,49.656,50.468,50.156,0,306,1020,,5431,479,2755,1492,0.3,729
1985.7,2026-08-05T03:47:46.284387+00:00,50.531,49.937,50.531,50.187,0,306,1020,,5640,559,2835,1492,0.0,729
1986.7,2026-08-05T03:47:47.290111+00:00,50.593,49.531,50.593,50.125,0,306,1020,,5431,479,2795,1492,0.0,729
1987.7,2026-08-05T03:47:48.295812+00:00,50.468,49.718,50.468,50.187,0,306,1020,,5431,479,2755,1492,0.0,729
1988.7,2026-08-05T03:47:49.301294+00:00,50.531,49.75,50.531,50.062,0,306,1020,,5431,519,2755,1492,0.2,729
1989.7,2026-08-05T03:47:50.307217+00:00,50.656,49.781,50.656,50.187,0,306,1020,,5431,519,2755,1492,0.3,729
1990.7,2026-08-05T03:47:51.313010+00:00,50.75,49.843,50.75,50.156,0,306,1020,,5431,479,2755,1492,0.0,729
1991.7,2026-08-05T03:47:52.318505+00:00,50.843,49.718,50.843,50.125,0,306,1020,,5640,559,2875,1492,0.2,1728
1992.8,2026-08-05T03:47:53.324545+00:00,50.812,49.687,50.812,50.218,0,306,1020,,5471,519,2795,1492,0.0,729
1993.8,2026-08-05T03:47:54.329763+00:00,50.75,49.812,50.75,50.062,0,306,1020,,5431,479,2755,1492,0.3,729
1994.8,2026-08-05T03:47:55.338593+00:00,50.531,49.656,50.531,50.187,0,306,1020,,5551,559,2795,1493,4.7,729
1995.8,2026-08-05T03:47:56.343895+00:00,50.593,49.812,50.593,50.187,0,306,1020,,5440,519,2755,1493,0.2,729
1996.8,2026-08-05T03:47:57.349827+00:00,50.562,49.625,50.562,50.156,0,306,1020,,5431,519,2755,1493,0.0,729
1997.8,2026-08-05T03:47:58.355365+00:00,50.812,49.687,50.812,50.093,0,306,1020,,5431,479,2755,1493,0.0,729
1998.8,2026-08-05T03:47:59.361690+00:00,50.843,49.75,50.843,50.093,0,306,1020,,5471,519,2755,1493,0.3,729
1999.8,2026-08-05T03:48:00.367016+00:00,50.875,49.625,50.875,50.156,0,306,1020,,5471,519,2795,1493,0.2,729
2000.8,2026-08-05T03:48:01.374393+00:00,50.781,49.593,50.781,50.156,0,306,1020,,5431,519,2755,1493,0.3,729
2001.8,2026-08-05T03:48:02.379656+00:00,50.625,49.718,50.625,50.281,0,306,1020,,5431,479,2755,1493,0.5,729
2002.8,2026-08-05T03:48:03.384919+00:00,50.687,49.625,50.687,50.125,0,306,1020,,5431,479,2755,1493,0.2,729
2003.8,2026-08-05T03:48:04.390902+00:00,50.593,49.781,50.593,50.093,0,306,1020,,5431,479,2755,1493,0.2,729
2004.8,2026-08-05T03:48:05.396908+00:00,50.687,49.593,50.687,50.156,0,306,1020,,5431,479,2755,1493,0.2,729
2005.8,2026-08-05T03:48:06.402611+00:00,50.625,49.656,50.625,50.281,0,306,1020,,5750,599,2915,1493,0.2,729
2006.8,2026-08-05T03:48:07.408759+00:00,50.968,49.75,50.968,50.281,0,306,1020,,5471,519,2795,1493,0.2,729
2007.8,2026-08-05T03:48:08.414122+00:00,51.031,49.937,51.031,50.156,0,306,1020,,5431,519,2755,1493,0.2,729
2008.8,2026-08-05T03:48:09.419737+00:00,50.5,49.75,50.5,50.093,0,306,1020,,5431,479,2755,1493,0.2,729
2009.9,2026-08-05T03:48:10.425363+00:00,50.5,49.531,50.5,50.156,0,306,1020,,5431,479,2755,1493,0.3,729
2010.9,2026-08-05T03:48:11.431057+00:00,50.656,49.781,50.656,50.218,0,306,1020,,5750,599,2915,1493,0.0,1728
2011.9,2026-08-05T03:48:12.437053+00:00,50.531,49.687,50.531,50.156,0,306,1020,,5471,519,2795,1493,0.2,729
2012.9,2026-08-05T03:48:13.443176+00:00,50.718,49.875,50.718,50.125,0,306,1020,,5431,479,2755,1493,0.0,729
2013.9,2026-08-05T03:48:14.448931+00:00,50.718,49.656,50.718,50.062,0,306,1020,,5431,479,2755,1493,0.0,729
2014.9,2026-08-05T03:48:15.455270+00:00,50.687,49.531,50.687,50.125,0,306,1020,,5431,479,2755,1493,0.2,729
2015.9,2026-08-05T03:48:16.461315+00:00,50.687,49.625,50.687,50.218,0,306,1020,,5431,479,2755,1493,0.2,729
2016.9,2026-08-05T03:48:17.466863+00:00,50.531,49.75,50.531,50.125,0,306,1020,,5440,479,2755,1493,0.0,729
2017.9,2026-08-05T03:48:18.473340+00:00,50.625,50,50.625,50.125,0,306,1020,,5950,678,2995,1493,0.3,729
2018.9,2026-08-05T03:48:19.479314+00:00,50.5,49.656,50.5,50.125,0,306,1020,,5480,519,2795,1493,0.2,729
2019.9,2026-08-05T03:48:20.485233+00:00,50.562,49.75,50.562,50.125,0,306,1020,,5431,479,2755,1493,0.2,729
2020.9,2026-08-05T03:48:21.491174+00:00,50.718,49.75,50.718,50.031,0,306,1020,,5431,479,2755,1493,0.2,729
2021.9,2026-08-05T03:48:22.496594+00:00,50.843,49.75,50.843,50.187,0,306,1020,,5431,479,2755,1493,0.2,729
2022.9,2026-08-05T03:48:23.502472+00:00,50.843,49.875,50.843,50.093,0,306,1020,,5511,519,2795,1493,0.3,729
2023.9,2026-08-05T03:48:24.508459+00:00,50.812,49.562,50.812,50.125,0,306,1020,,5471,519,2795,1493,0.3,1728
2024.9,2026-08-05T03:48:25.514562+00:00,50.906,49.687,50.906,50.187,0,306,1020,,5431,479,2755,1493,0.0,729
2026.0,2026-08-05T03:48:26.520221+00:00,50.562,49.75,50.562,50.031,0,306,1020,,5440,479,2755,1493,0.2,729
2027.0,2026-08-05T03:48:27.525823+00:00,50.625,49.687,50.625,50.093,0,306,1020,,5431,479,2755,1493,0.2,729
2028.0,2026-08-05T03:48:28.531606+00:00,50.593,49.812,50.593,50.093,0,306,1020,,5431,479,2755,1493,0.0,729
2029.0,2026-08-05T03:48:29.537221+00:00,50.593,49.562,50.593,50.218,0,306,1020,,5440,519,2755,1493,0.3,729
2030.0,2026-08-05T03:48:30.542895+00:00,50.718,49.656,50.718,50.093,0,306,1020,,5440,519,2755,1493,0.2,729
2031.0,2026-08-05T03:48:31.548841+00:00,50.593,49.75,50.593,50.031,0,306,1020,,5440,479,2755,1493,0.0,729
2032.0,2026-08-05T03:48:32.554093+00:00,51,49.625,51,50.093,0,306,1020,,5431,479,2755,1493,0.2,729
2033.0,2026-08-05T03:48:33.559750+00:00,50.468,49.875,50.468,50.156,0,306,1020,,5431,479,2755,1493,0.2,729
2034.0,2026-08-05T03:48:34.565364+00:00,50.5,49.531,50.5,50.156,0,306,1020,,5431,479,2755,1493,0.0,729
2035.0,2026-08-05T03:48:35.571235+00:00,50.531,49.656,50.531,50.218,0,306,1020,,5431,479,2755,1493,0.3,729
2036.0,2026-08-05T03:48:36.576978+00:00,50.531,49.812,50.531,50.125,0,306,1020,,5431,479,2755,1493,0.2,729
2037.0,2026-08-05T03:48:37.582448+00:00,50.5,49.562,50.5,50.156,0,306,1020,,5431,479,2755,1493,0.0,729
2038.0,2026-08-05T03:48:38.588116+00:00,50.656,49.75,50.656,50.093,0,306,1020,,5431,479,2755,1493,0.2,729
2039.0,2026-08-05T03:48:39.593938+00:00,50.718,49.531,50.718,50.093,0,306,1020,,5440,479,2755,1493,0.2,729
2040.0,2026-08-05T03:48:40.599671+00:00,50.687,49.625,50.687,50.281,0,306,1020,,5440,479,2755,1493,0.0,729
2041.0,2026-08-05T03:48:41.605519+00:00,50.718,49.718,50.718,50.031,0,306,1020,,5440,479,2755,1493,0.0,729
2042.0,2026-08-05T03:48:42.611004+00:00,50.781,49.593,50.781,50.031,0,306,1020,,5551,519,2835,1493,0.3,729
2043.0,2026-08-05T03:48:43.617106+00:00,50.718,49.812,50.718,50.093,0,306,1020,,5431,479,2755,1493,0.2,729
2044.1,2026-08-05T03:48:44.623502+00:00,50.562,49.5,50.562,50.187,0,306,1020,,5431,519,2755,1493,0.2,729
2045.1,2026-08-05T03:48:45.628924+00:00,50.531,49.593,50.531,50.156,0,306,1020,,5431,519,2755,1493,0.2,729
2046.1,2026-08-05T03:48:46.634914+00:00,50.593,49.718,50.593,50.031,0,306,1020,,5431,519,2755,1493,0.0,729
2047.1,2026-08-05T03:48:47.640651+00:00,50.531,49.593,50.531,50.031,0,306,1020,,5431,519,2755,1493,0.3,729
2048.1,2026-08-05T03:48:48.646329+00:00,50.593,49.75,50.593,50.062,0,306,1020,,5431,519,2755,1493,0.3,729
2049.1,2026-08-05T03:48:49.651895+00:00,50.75,49.593,50.75,50.187,0,306,1020,,5431,479,2755,1493,0.0,729
2050.1,2026-08-05T03:48:50.657203+00:00,50.781,49.687,50.781,50.25,0,306,1020,,5431,479,2755,1493,0.3,729
2051.1,2026-08-05T03:48:51.662893+00:00,50.906,49.687,50.906,50.031,0,306,1020,,5431,479,2755,1493,0.0,729
2052.1,2026-08-05T03:48:52.668441+00:00,50.875,49.937,50.875,50.031,0,306,1020,,5431,479,2755,1493,0.0,729
2053.1,2026-08-05T03:48:53.674607+00:00,50.875,49.687,50.875,50.093,0,306,1020,,5431,479,2755,1493,0.2,729
2054.1,2026-08-05T03:48:54.680394+00:00,50.906,49.593,50.906,50.062,0,306,1020,,5471,519,2795,1493,0.2,729
2055.1,2026-08-05T03:48:55.686017+00:00,50.593,49.562,50.593,50.25,0,306,1020,,5431,479,2755,1493,0.2,729
2056.1,2026-08-05T03:48:56.691299+00:00,50.593,49.687,50.593,50,0,306,1020,,5431,519,2755,1493,0.0,729
2057.1,2026-08-05T03:48:57.696882+00:00,50.625,49.968,50.625,50.093,0,306,1020,,5431,479,2755,1493,0.2,729
2058.1,2026-08-05T03:48:58.703073+00:00,50.687,49.75,50.687,50.187,0,306,1020,,5440,479,2755,1493,0.0,729
2059.1,2026-08-05T03:48:59.708482+00:00,50.625,49.562,50.625,50.125,0,306,1020,,5440,519,2755,1493,0.2,729
2060.1,2026-08-05T03:49:00.713972+00:00,50.625,49.625,50.625,50.156,0,306,1020,,5431,519,2755,1493,0.0,729
2061.2,2026-08-05T03:49:01.719932+00:00,50.687,49.718,50.687,50.031,0,306,1020,,5431,479,2755,1493,0.0,729
2062.2,2026-08-05T03:49:02.725595+00:00,50.531,49.968,50.531,50.062,0,306,1020,,5431,519,2755,1493,0.2,729
2063.2,2026-08-05T03:49:03.731028+00:00,50.5,49.687,50.5,50.062,0,306,1020,,5440,519,2755,1493,0.2,729
2064.2,2026-08-05T03:49:04.736445+00:00,50.718,50.187,50.718,50.125,0,306,1020,,7160,1437,3194,1548,21.7,1728
2065.2,2026-08-05T03:49:05.741656+00:00,50.781,50.281,50.781,50.281,0,306,1020,,7440,1557,3274,1730,22.0,1728
2066.2,2026-08-05T03:49:06.746988+00:00,50.843,50.625,50.843,50.312,0,306,1020,,7440,1557,3274,1757,16.8,1728
2067.2,2026-08-05T03:49:07.752572+00:00,50.875,50.5,50.875,50.312,0,306,1020,,7428,1477,3314,1785,16.7,1728
2068.2,2026-08-05T03:49:08.757588+00:00,50.968,50.5,50.968,50.281,0,306,1020,,7348,1317,3354,1495,16.0,1497
2069.2,2026-08-05T03:49:09.762984+00:00,50.718,49.968,50.718,50.375,0,306,1020,,5670,599,2835,1495,0.2,1728
2070.2,2026-08-05T03:49:10.769185+00:00,50.75,49.875,50.75,50.375,0,306,1020,,5471,519,2755,1495,0.3,729
2071.2,2026-08-05T03:49:11.775045+00:00,51.062,49.968,51.062,50.281,0,306,1020,,5551,519,2795,1495,0.2,729
2072.2,2026-08-05T03:49:12.780598+00:00,51,50.093,51,50.343,0,306,1020,,5431,519,2755,1495,0.2,729
2073.2,2026-08-05T03:49:13.786356+00:00,51,50,51,50.281,0,306,1020,,5431,479,2755,1495,0.0,729
2074.2,2026-08-05T03:49:14.792688+00:00,51.093,49.843,51.093,50.343,0,306,1020,,5431,479,2755,1495,0.3,729
2075.2,2026-08-05T03:49:15.798381+00:00,51.093,49.781,51.093,50.343,0,306,1020,,5431,479,2755,1495,0.2,729
2076.2,2026-08-05T03:49:16.804138+00:00,50.812,49.906,50.812,50.25,0,306,1020,,5431,479,2755,1495,0.0,729
2077.2,2026-08-05T03:49:17.810365+00:00,50.781,50.093,50.781,50.312,0,306,1020,,5431,479,2755,1495,0.2,729
2078.2,2026-08-05T03:49:18.815958+00:00,50.906,50,50.906,50.312,0,306,1020,,5990,678,3035,1495,0.0,1728
2079.3,2026-08-05T03:49:19.821474+00:00,50.843,49.781,50.843,50.312,0,306,1020,,5471,519,2795,1495,0.2,729
2080.3,2026-08-05T03:49:20.827066+00:00,50.781,49.781,50.781,50.468,0,306,1020,,5431,479,2755,1495,0.2,729
2081.3,2026-08-05T03:49:21.833642+00:00,50.687,49.875,50.687,50.281,0,306,1020,,5431,479,2755,1495,0.3,729
2082.3,2026-08-05T03:49:22.838731+00:00,50.718,50,50.718,50.218,0,306,1020,,5431,479,2755,1495,0.2,729
2083.3,2026-08-05T03:49:23.844904+00:00,50.625,49.75,50.625,50.343,0,306,1020,,5431,479,2755,1495,0.2,729
2084.3,2026-08-05T03:49:24.851087+00:00,50.718,49.812,50.718,50.312,0,306,1020,,5431,479,2755,1495,0.2,729
2085.3,2026-08-05T03:49:25.856724+00:00,50.75,49.812,50.75,50.468,0,306,1020,,5471,519,2795,1495,0.2,1728
2086.3,2026-08-05T03:49:26.862571+00:00,50.875,49.843,50.875,50.218,0,306,1020,,5431,479,2795,1495,0.3,729
2087.3,2026-08-05T03:49:27.867774+00:00,50.875,50,50.875,50.281,0,306,1020,,5431,479,2755,1495,0.0,729
2088.3,2026-08-05T03:49:28.873872+00:00,50.812,49.781,50.812,50.281,0,306,1020,,5431,479,2755,1495,0.2,729
2089.3,2026-08-05T03:49:29.880082+00:00,50.843,49.781,50.843,50.343,0,306,1020,,5431,479,2755,1495,0.2,729
2090.3,2026-08-05T03:49:30.886148+00:00,50.75,49.968,50.75,50.25,0,306,1020,,5431,479,2755,1495,0.0,729
2091.3,2026-08-05T03:49:31.892448+00:00,50.656,49.906,50.656,50.218,0,306,1020,,5431,479,2755,1497,0.0,729
2092.3,2026-08-05T03:49:32.897864+00:00,50.625,50.031,50.625,50.25,0,306,1020,,5431,479,2755,1497,0.2,729
2093.3,2026-08-05T03:49:33.903403+00:00,50.687,49.75,50.687,50.281,0,306,1020,,5431,479,2755,1497,0.0,729
2094.3,2026-08-05T03:49:34.909254+00:00,50.718,49.843,50.718,50.406,0,306,1020,,5431,479,2755,1497,0.2,729
2095.3,2026-08-05T03:49:35.914619+00:00,50.718,49.968,50.718,50.187,0,306,1020,,5431,479,2755,1497,0.0,729
2096.4,2026-08-05T03:49:36.920264+00:00,51.031,49.937,51.031,50.343,0,306,1020,,5431,479,2755,1497,0.2,729
2097.4,2026-08-05T03:49:37.925742+00:00,51,49.968,51,50.218,0,306,1020,,5511,519,2795,1497,0.2,1728
2098.4,2026-08-05T03:49:38.931469+00:00,51.031,49.718,51.031,50.312,0,306,1020,,5471,519,2795,1497,0.2,729
2099.4,2026-08-05T03:49:39.937186+00:00,51.062,49.843,51.062,50.312,0,306,1020,,5431,479,2755,1497,0.2,729
2100.4,2026-08-05T03:49:40.942970+00:00,51.062,49.906,51.062,50.312,0,306,1020,,5431,479,2755,1497,0.2,729
2101.4,2026-08-05T03:49:41.948695+00:00,51.031,49.75,51.031,50.281,0,306,1020,,5431,479,2755,1497,0.3,729
2102.4,2026-08-05T03:49:42.954664+00:00,50.843,50.031,50.843,50.218,0,306,1020,,5431,479,2755,1497,0.2,729
2103.4,2026-08-05T03:49:43.959936+00:00,50.75,49.718,50.75,50.375,0,306,1020,,5431,479,2755,1497,0.2,729
2104.4,2026-08-05T03:49:44.965557+00:00,50.718,49.75,50.718,50.312,0,306,1020,,5431,479,2755,1497,0.2,729
2105.4,2026-08-05T03:49:45.971274+00:00,50.75,49.875,50.75,50.218,0,306,1020,,5431,479,2755,1497,0.0,729
2106.4,2026-08-05T03:49:46.976902+00:00,50.781,49.75,50.781,50.218,0,306,1020,,5431,479,2755,1497,0.2,729
2107.4,2026-08-05T03:49:47.982543+00:00,50.781,49.968,50.781,50.281,0,306,1020,,5431,479,2755,1497,0.2,729
2108.4,2026-08-05T03:49:48.988427+00:00,50.781,49.718,50.656,50.312,0,306,1020,,5431,479,2755,1497,0.2,729
2109.4,2026-08-05T03:49:49.994211+00:00,50.593,49.75,50.593,50.281,0,306,1020,,5431,479,2755,1497,0.3,729
2110.4,2026-08-05T03:49:50.999827+00:00,50.687,49.968,50.687,50.312,0,306,1020,,5670,559,2875,1497,0.0,729
2111.4,2026-08-05T03:49:52.005597+00:00,50.75,49.75,50.75,50.156,0,306,1020,,5431,479,2795,1497,0.2,729
2112.4,2026-08-05T03:49:53.011481+00:00,50.687,49.968,50.687,50.25,0,306,1020,,5431,479,2755,1497,0.2,729
2113.4,2026-08-05T03:49:54.017069+00:00,50.718,49.75,50.718,50.312,0,306,1020,,5431,479,2755,1497,0.3,729
2114.5,2026-08-05T03:49:55.022915+00:00,50.812,49.781,50.812,50.343,0,306,1020,,5431,479,2755,1495,0.0,729
2115.5,2026-08-05T03:49:56.029059+00:00,50.906,49.875,50.906,50.187,0,306,1020,,5471,519,2795,1495,0.2,729
2116.5,2026-08-05T03:49:57.034331+00:00,50.875,49.75,50.875,50.187,0,306,1020,,5431,519,2755,1495,0.3,729
2117.5,2026-08-05T03:49:58.039965+00:00,50.937,49.937,50.937,50.312,0,306,1020,,5431,519,2755,1495,0.2,729
2118.5,2026-08-05T03:49:59.045689+00:00,50.875,49.687,50.875,50.25,0,306,1020,,5431,479,2755,1495,0.0,729
2119.5,2026-08-05T03:50:00.051509+00:00,51,49.812,51,50.312,0,306,1020,,5431,479,2755,1495,0.2,729
2120.5,2026-08-05T03:50:01.057565+00:00,50.687,49.968,50.687,50.187,0,306,1020,,5431,479,2755,1495,0.2,729
2121.5,2026-08-05T03:50:02.063015+00:00,50.718,49.75,50.718,50.187,0,306,1020,,5790,599,2915,1495,0.2,729
2122.5,2026-08-05T03:50:03.068812+00:00,50.718,49.906,50.718,50.343,0,306,1020,,5471,519,2795,1495,0.0,729
2123.5,2026-08-05T03:50:04.074290+00:00,50.687,49.687,50.687,50.343,0,306,1020,,5431,479,2755,1495,0.0,729
2124.5,2026-08-05T03:50:05.080059+00:00,50.718,49.843,50.718,50.218,0,306,1020,,5431,479,2755,1495,0.2,729
2125.5,2026-08-05T03:50:06.085736+00:00,50.718,49.937,50.968,50.156,0,306,1020,,5431,479,2755,1495,0.2,729
2126.5,2026-08-05T03:50:07.091763+00:00,51.062,49.687,51.062,50.25,0,306,1020,,5591,559,2835,1495,0.3,729
2127.5,2026-08-05T03:50:08.097497+00:00,51.125,49.875,51.125,50.187,0,306,1020,,5431,519,2755,1495,0.3,729
2128.5,2026-08-05T03:50:09.103078+00:00,50.625,49.687,50.625,50.312,0,306,1020,,5431,479,2755,1495,0.2,729
2129.5,2026-08-05T03:50:10.108719+00:00,50.625,49.75,50.625,50.218,0,306,1020,,5431,479,2755,1495,0.2,729
2130.5,2026-08-05T03:50:11.115143+00:00,50.718,49.812,50.718,50.25,0,306,1020,,5431,479,2755,1495,0.2,729
2131.6,2026-08-05T03:50:12.121078+00:00,50.718,49.718,50.718,50.312,0,306,1020,,5431,479,2755,1495,0.3,729
2132.6,2026-08-05T03:50:13.127021+00:00,50.781,49.781,50.781,50.281,0,306,1020,,5431,479,2755,1495,0.0,729
2133.6,2026-08-05T03:50:14.132764+00:00,50.812,49.843,50.812,50.343,0,306,1020,,5431,479,2755,1495,0.0,729
2134.6,2026-08-05T03:50:15.138686+00:00,50.875,50.031,50.875,50.218,0,306,1020,,5471,519,2795,1495,0.3,729
2135.6,2026-08-05T03:50:16.145294+00:00,50.656,49.843,50.656,50.281,0,306,1020,,5431,479,2755,1495,0.3,729
2136.6,2026-08-05T03:50:17.150737+00:00,50.562,49.75,50.562,50.218,0,306,1020,,5431,479,2755,1495,0.3,729
2137.6,2026-08-05T03:50:18.157117+00:00,50.625,49.75,50.625,50.25,0,306,1020,,5431,479,2755,1495,0.2,729
2138.6,2026-08-05T03:50:19.162841+00:00,50.593,49.781,50.593,50.312,0,306,1020,,5431,479,2755,1495,0.0,729
2139.6,2026-08-05T03:50:20.168574+00:00,50.843,49.968,50.843,50.125,0,306,1020,,5431,479,2755,1495,0.3,729
2140.6,2026-08-05T03:50:21.174267+00:00,50.906,49.843,50.906,50.281,0,306,1020,,5431,479,2755,1495,0.2,729
2141.6,2026-08-05T03:50:22.180303+00:00,50.875,49.656,50.875,50.25,0,306,1020,,5431,479,2755,1495,0.2,729
2142.6,2026-08-05T03:50:23.185827+00:00,50.937,49.75,50.937,50.343,0,306,1020,,5431,479,2755,1495,0.3,729
2143.6,2026-08-05T03:50:24.191612+00:00,50.906,49.75,50.906,50.156,0,306,1020,,5431,479,2755,1495,0.2,729
2144.6,2026-08-05T03:50:25.197731+00:00,50.968,49.968,50.718,50.281,0,306,1020,,5431,479,2755,1495,0.3,729
2145.6,2026-08-05T03:50:26.203462+00:00,50.656,49.75,50.656,50.156,0,306,1020,,5440,479,2755,1495,0.0,729
2146.6,2026-08-05T03:50:27.208924+00:00,50.687,49.781,50.687,50.218,0,306,1020,,5431,479,2755,1495,0.3,729
2147.6,2026-08-05T03:50:28.214775+00:00,50.718,49.75,50.718,50.375,0,306,1020,,5431,479,2755,1495,0.2,729
2148.7,2026-08-05T03:50:29.220433+00:00,50.656,49.75,50.656,50.218,0,306,1020,,5431,479,2755,1495,0.2,729
2149.7,2026-08-05T03:50:30.226834+00:00,51.062,49.937,51.062,50.218,0,306,1020,,5431,479,2755,1495,0.2,729
2150.7,2026-08-05T03:50:31.232559+00:00,51.093,49.718,51.093,50.25,0,306,1020,,5431,479,2755,1495,0.0,729
2151.7,2026-08-05T03:50:32.238089+00:00,51.031,49.781,51.031,50.218,0,306,1020,,5431,479,2755,1495,0.0,729
2152.7,2026-08-05T03:50:33.244208+00:00,51.031,49.75,51.031,50.187,0,306,1020,,5431,519,2755,1495,0.5,729
2153.7,2026-08-05T03:50:34.249491+00:00,50.593,49.875,50.593,50.187,0,306,1020,,5910,638,2995,1495,0.0,729
2154.7,2026-08-05T03:50:35.255183+00:00,50.625,49.937,50.625,50.156,0,306,1020,,5471,519,2795,1495,0.0,729
2155.7,2026-08-05T03:50:36.261229+00:00,50.75,49.718,50.75,50.281,0,306,1020,,5431,479,2755,1495,0.2,729
2156.7,2026-08-05T03:50:37.266942+00:00,50.812,49.781,50.812,50.25,0,306,1020,,5431,479,2755,1495,0.0,729
2157.7,2026-08-05T03:50:38.272584+00:00,50.75,49.968,50.75,50.281,0,306,1020,,5431,479,2755,1495,0.2,729
2158.7,2026-08-05T03:50:39.278341+00:00,50.843,49.937,50.843,50.187,0,306,1020,,5750,599,2915,1495,0.0,1728
2159.7,2026-08-05T03:50:40.284319+00:00,50.75,49.968,50.75,50.25,0,306,1020,,5471,519,2795,1495,0.0,729
