08-01-2026 01:20:26 RAM 1838/7620MB (lfb 34x4MB) SWAP 7/3810MB (cached 0MB) CPU [0%@729,0%@729,0%@729,0%@729,0%@729,0%@729] GR3D_FREQ 0% cpu@49.218C soc2@47.531C soc0@49.343C gpu@49.812C tj@49.812C soc1@49.093C VDD_IN 5480mW/5480mW VDD_CPU_GPU_CV 520mW/520mW VDD_SOC 2760mW/2760mW
08-01-2026 01:20:27 RAM 1838/7620MB (lfb 34x4MB) SWAP 7/3810MB (cached 0MB) CPU [1%@729,0%@729,0%@729,0%@729,0%@729,0%@729] GR3D_FREQ 0% cpu@48.968C soc2@47.593C soc0@49.375C gpu@49.781C tj@49.781C soc1@49.031C VDD_IN 5400mW/5440mW VDD_CPU_GPU_CV 480mW/500mW VDD_SOC 2760mW/2760mW
08-01-2026 01:20:28 RAM 1838/7620MB (lfb 34x4MB) SWAP 7/3810MB (cached 0MB) CPU [0%@729,0%@729,1%@729,1%@729,0%@729,0%@729] GR3D_FREQ 0% cpu@48.937C soc2@47.625C soc0@49.406C gpu@49.781C tj@49.781C soc1@49.187C VDD_IN 5440mW/5440mW VDD_CPU_GPU_CV 480mW/493mW VDD_SOC 2760mW/2760mW
08-01-2026 01:20:29 RAM 1838/7620MB (lfb 34x4MB) SWAP 7/3810MB (cached 0MB) CPU [1%@729,0%@729,0%@729,0%@729,0%@729,0%@729] GR3D_FREQ 0% cpu@48.937C soc2@47.593C soc0@49.5C gpu@50C tj@50C soc1@49C VDD_IN 5400mW/5430mW VDD_CPU_GPU_CV 480mW/490mW VDD_SOC 2760mW/2760mW
08-01-2026 01:20:30 RAM 1838/7620MB (lfb 34x4MB) SWAP 7/3810MB (cached 0MB) CPU [0%@729,0%@729,0%@729,0%@729,0%@729,0%@729] GR3D_FREQ 0% cpu@48.937C soc2@47.562C soc0@49.5C gpu@49.937C tj@49.937C soc1@48.968C VDD_IN 5440mW/5432mW VDD_CPU_GPU_CV 480mW/488mW VDD_SOC 2760mW/2760mW
08-01-2026 01:20:31 RAM 1838/7620MB (lfb 34x4MB) SWAP 7/3810MB (cached 0MB) CPU [3%@729,0%@729,0%@729,0%@729,0%@729,0%@729] GR3D_FREQ 0% cpu@49.187C soc2@47.562C soc0@49.406C gpu@50.031C tj@50.031C soc1@49.093C VDD_IN 5440mW/5433mW VDD_CPU_GPU_CV 480mW/487mW VDD_SOC 2760mW/2760mW
08-01-2026 01:20:32 RAM 1838/7620MB (lfb 34x4MB) SWAP 7/3810MB (cached 0MB) CPU [1%@729,0%@729,0%@729,0%@729,0%@729,0%@729] GR3D_FREQ 0% cpu@48.875C soc2@47.562C soc0@49.375C gpu@50C tj@50C soc1@49.125C VDD_IN 5400mW/5429mW VDD_CPU_GPU_CV 480mW/486mW VDD_SOC 2760mW/2760mW
08-01-2026 01:20:33 RAM 1838/7620MB (lfb 34x4MB) SWAP 7/3810MB (cached 0MB) CPU [1%@729,0%@729,0%@729,0%@729,0%@729,0%@729] GR3D_FREQ 0% cpu@49C soc2@47.656C soc0@49.437C gpu@49.781C tj@49.781C soc1@49.218C VDD_IN 5440mW/5430mW VDD_CPU_GPU_CV 520mW/490mW VDD_SOC 2760mW/2760mW
08-01-2026 01:20:34 RAM 1838/7620MB (lfb 34x4MB) SWAP 7/3810MB (cached 0MB) CPU [1%@729,0%@729,0%@729,0%@729,0%@729,0%@729] GR3D_FREQ 0% cpu@49.031C soc2@47.656C soc0@49.406C gpu@49.843C tj@49.843C soc1@49C VDD_IN 5400mW/5427mW VDD_CPU_GPU_CV 480mW/489mW VDD_SOC 2760mW/2760mW
08-01-2026 01:20:35 RAM 1838/7620MB (lfb 34x4MB) SWAP 7/3810MB (cached 0MB) CPU [1%@729,0%@729,0%@729,0%@729,0%@729,0%@729] GR3D_FREQ 0% cpu@49C soc2@47.593C soc0@49.406C gpu@49.875C tj@49.875C soc1@49.062C VDD_IN 5400mW/5424mW VDD_CPU_GPU_CV 480mW/488mW VDD_SOC 2760mW/2760mW
08-01-2026 01:20:36 RAM 1838/7620MB (lfb 34x4MB) SWAP 7/3810MB (cached 0MB) CPU [0%@729,0%@729,0%@729,0%@729,0%@729,0%@729] GR3D_FREQ 0% cpu@49.125C soc2@47.593C soc0@49.375C gpu@49.843C tj@49.843C soc1@49.125C VDD_IN 5400mW/5422mW VDD_CPU_GPU_CV 480mW/487mW VDD_SOC 2760mW/2760mW
08-01-2026 01:20:37 RAM 1838/7620MB (lfb 34x4MB) SWAP 7/3810MB (cached 0MB) CPU [1%@729,0%@729,0%@729,0%@729,0%@729,1%@729] GR3D_FREQ 0% cpu@48.906C soc2@47.656C soc0@49.406C gpu@49.812C tj@49.812C soc1@49.125C VDD_IN 5400mW/5420mW VDD_CPU_GPU_CV 480mW/487mW VDD_SOC 2760mW/2760mW
08-01-2026 01:20:38 RAM 1838/7620MB (lfb 34x4MB) SWAP 7/3810MB (cached 0MB) CPU [0%@729,0%@729,0%@729,0%@729,0%@729,0%@729] GR3D_FREQ 0% cpu@49.031C soc2@47.625C soc0@49.406C gpu@50.062C tj@50.062C soc1@48.906C VDD_IN 5400mW/5418mW VDD_CPU_GPU_CV 480mW/486mW VDD_SOC 2760mW/2760mW
08-01-2026 01:20:39 RAM 1838/7620MB (lfb 34x4MB) SWAP 7/3810MB (cached 0MB) CPU [1%@729,0%@729,0%@729,0%@729,0%@729,0%@729] GR3D_FREQ 0% cpu@49.062C soc2@47.656C soc0@49.437C gpu@50.062C tj@50.062C soc1@49.125C VDD_IN 5400mW/5417mW VDD_CPU_GPU_CV 480mW/486mW VDD_SOC 2760mW/2760mW
08-01-2026 01:20:40 RAM 1838/7620MB (lfb 34x4MB) SWAP 7/3810MB (cached 0MB) CPU [0%@729,0%@729,0%@729,0%@729,0%@729,1%@729] GR3D_FREQ 0% cpu@48.937C soc2@47.562C soc0@49.531C gpu@50.125C tj@50.125C soc1@49.062C VDD_IN 5440mW/5419mW VDD_CPU_GPU_CV 480mW/485mW VDD_SOC 2760mW/2760mW
08-01-2026 01:20:41 RAM 1838/7620MB (lfb 34x4MB) SWAP 7/3810MB (cached 0MB) CPU [1%@729,0%@729,0%@729,0%@729,0%@729,0%@729] GR3D_FREQ 0% cpu@49.187C soc2@47.625C soc0@49.375C gpu@50.125C tj@50.125C soc1@49.093C VDD_IN 5400mW/5417mW VDD_CPU_GPU_CV 480mW/485mW VDD_SOC 2760mW/2760mW
08-01-2026 01:20:42 RAM 1838/7620MB (lfb 34x4MB) SWAP 7/3810MB (cached 0MB) CPU [0%@729,0%@729,0%@729,0%@729,0%@729,0%@729] GR3D_FREQ 0% cpu@48.875C soc2@47.593C soc0@49.437C gpu@50.187C tj@50.187C soc1@49.187C VDD_IN 5440mW/5419mW VDD_CPU_GPU_CV 480mW/485mW VDD_SOC 2760mW/2760mW
08-01-2026 01:20:43 RAM 1838/7620MB (lfb 34x4MB) SWAP 7/3810MB (cached 0MB) CPU [0%@729,0%@729,0%@729,1%@729,0%@729,0%@729] GR3D_FREQ 0% cpu@49C soc2@47.718C soc0@49.468C gpu@49.875C tj@49.875C soc1@49C VDD_IN 5440mW/5420mW VDD_CPU_GPU_CV 480mW/484mW VDD_SOC 2760mW/2760mW
08-01-2026 01:20:44 RAM 1838/7620MB (lfb 34x4MB) SWAP 7/3810MB (cached 0MB) CPU [0%@729,0%@729,0%@729,0%@729,0%@729,0%@729] GR3D_FREQ 0% cpu@49.062C soc2@47.531C soc0@49.312C gpu@49.906C tj@49.906C soc1@49.187C VDD_IN 5400mW/5419mW VDD_CPU_GPU_CV 480mW/484mW VDD_SOC 2760mW/2760mW
08-01-2026 01:20:45 RAM 1850/7620MB (lfb 34x4MB) SWAP 7/3810MB (cached 0MB) CPU [8%@1728,7%@1728,15%@1728,7%@1728,7%@1036,6%@1036] GR3D_FREQ 0% cpu@49.281C soc2@47.625C soc0@49.375C gpu@50.062C tj@50.062C soc1@49.062C VDD_IN 6209mW/5458mW VDD_CPU_GPU_CV 960mW/508mW VDD_SOC 2920mW/2768mW
08-01-2026 01:20:46 RAM 2015/7620MB (lfb 34x4MB) SWAP 7/3810MB (cached 0MB) CPU [15%@1728,13%@1728,16%@1728,74%@1728,13%@729,14%@729] GR3D_FREQ 0% cpu@49.937C soc2@47.843C soc0@49.406C gpu@50.218C tj@50.218C soc1@49.218C VDD_IN 7240mW/5543mW VDD_CPU_GPU_CV 1517mW/556mW VDD_SOC 3160mW/2787mW
08-01-2026 01:20:47 RAM 2061/7620MB (lfb 34x4MB) SWAP 7/3810MB (cached 0MB) CPU [1%@1728,0%@1728,0%@1728,100%@1728,0%@729,0%@729] GR3D_FREQ 0% cpu@49.937C soc2@47.906C soc0@49.5C gpu@50.218C tj@50.218C soc1@49.281C VDD_IN 7400mW/5628mW VDD_CPU_GPU_CV 1557mW/602mW VDD_SOC 3280mW/2809mW
08-01-2026 01:20:48 RAM 2090/7620MB (lfb 34x4MB) SWAP 7/3810MB (cached 0MB) CPU [0%@1728,0%@1728,0%@1728,100%@1728,0%@729,0%@729] GR3D_FREQ 0% cpu@49.968C soc2@48.031C soc0@49.625C gpu@50.375C tj@50.375C soc1@49.218C VDD_IN 7400mW/5705mW VDD_CPU_GPU_CV 1557mW/643mW VDD_SOC 3280mW/2830mW
08-01-2026 01:20:49 RAM 2132/7620MB (lfb 34x4MB) SWAP 7/3810MB (cached 0MB) CPU [1%@1728,0%@1728,1%@1728,93%@1728,0%@729,0%@729] GR3D_FREQ 0% cpu@49.875C soc2@47.968C soc0@49.593C gpu@50.312C tj@50.312C soc1@49.218C VDD_IN 7320mW/5772mW VDD_CPU_GPU_CV 1437mW/676mW VDD_SOC 3280mW/2848mW
08-01-2026 01:20:50 RAM 2173/7620MB (lfb 34x4MB) SWAP 7/3810MB (cached 0MB) CPU [1%@1728,1%@1728,2%@1728,91%@1728,0%@729,0%@729] GR3D_FREQ 0% cpu@50C soc2@48C soc0@49.781C gpu@50.218C tj@50.218C soc1@49.312C VDD_IN 7360mW/5836mW VDD_CPU_GPU_CV 1477mW/708mW VDD_SOC 3280mW/2866mW
08-01-2026 01:20:51 RAM 2195/7620MB (lfb 34x4MB) SWAP 7/3810MB (cached 0MB) CPU [0%@1728,0%@1728,0%@1728,100%@1728,0%@729,0%@729] GR3D_FREQ 0% cpu@50.343C soc2@48.031C soc0@49.687C gpu@50.312C tj@50.343C soc1@49.343C VDD_IN 7440mW/5897mW VDD_CPU_GPU_CV 1477mW/738mW VDD_SOC 3320mW/2883mW
08-01-2026 01:20:52 RAM 2201/7620MB (lfb 34x4MB) SWAP 7/3810MB (cached 0MB) CPU [2%@1728,0%@1728,0%@1728,93%@1728,0%@729,0%@729] GR3D_FREQ 0% cpu@50.062C soc2@48C soc0@49.75C gpu@50.375C tj@50.375C soc1@49.375C VDD_IN 7360mW/5951mW VDD_CPU_GPU_CV 1557mW/768mW VDD_SOC 3240mW/2896mW
08-01-2026 01:20:53 RAM 2225/7620MB (lfb 34x4MB) SWAP 7/3810MB (cached 0MB) CPU [7%@1728,6%@1728,9%@1728,90%@1728,6%@729,7%@729] GR3D_FREQ 0% cpu@50.156C soc2@48.187C soc0@49.75C gpu@50.406C tj@50.406C soc1@49.312C VDD_IN 7440mW/6005mW VDD_CPU_GPU_CV 1597mW/798mW VDD_SOC 3240mW/2909mW
08-01-2026 01:20:54 RAM 2237/7620MB (lfb 34x4MB) SWAP 7/3810MB (cached 0MB) CPU [1%@1728,0%@1728,0%@1728,68%@1728,0%@729,0%@729] GR3D_FREQ 0% cpu@49.562C soc2@48.156C soc0@49.968C gpu@50.375C tj@50.375C soc1@49.375C VDD_IN 6480mW/6021mW VDD_CPU_GPU_CV 958mW/803mW VDD_SOC 3080mW/2914mW
08-01-2026 01:20:55 RAM 2242/7620MB (lfb 34x4MB) SWAP 7/3810MB (cached 0MB) CPU [3%@1728,1%@1728,1%@1728,51%@1728,0%@729,0%@729] GR3D_FREQ 0% cpu@49.968C soc2@48.093C soc0@49.75C gpu@50.281C tj@50.281C soc1@49.437C VDD_IN 6520mW/6038mW VDD_CPU_GPU_CV 1120mW/814mW VDD_SOC 3040mW/2919mW
08-01-2026 01:20:56 RAM 2476/7620MB (lfb 8x4MB) SWAP 7/3810MB (cached 0MB) CPU [0%@1728,0%@1728,0%@1728,100%@1728,0%@729,0%@729] GR3D_FREQ 0% cpu@50.5C soc2@48.156C soc0@49.718C gpu@50.656C tj@50.656C soc1@49.562C VDD_IN 7320mW/6079mW VDD_CPU_GPU_CV 1557mW/838mW VDD_SOC 3240mW/2929mW
08-01-2026 01:20:57 RAM 2572/7620MB (lfb 16x4MB) SWAP 7/3810MB (cached 0MB) CPU [3%@1728,0%@1728,0%@1728,100%@1728,13%@1190,0%@1190] GR3D_FREQ 0% cpu@49.968C soc2@48.312C soc0@49.875C gpu@50.718C tj@50.718C soc1@49.593C VDD_IN 7520mW/6124mW VDD_CPU_GPU_CV 1637mW/863mW VDD_SOC 3280mW/2940mW
08-01-2026 01:20:58 RAM 2592/7620MB (lfb 16x4MB) SWAP 7/3810MB (cached 0MB) CPU [1%@1728,0%@1728,0%@1728,100%@1728,0%@729,0%@729] GR3D_FREQ 0% cpu@50.156C soc2@48.281C soc0@49.937C gpu@50.718C tj@50.718C soc1@49.5C VDD_IN 7160mW/6155mW VDD_CPU_GPU_CV 1477mW/881mW VDD_SOC 3200mW/2948mW
08-01-2026 01:20:59 RAM 2809/7620MB (lfb 11x4MB) SWAP 7/3810MB (cached 0MB) CPU [0%@1728,0%@1728,0%@1728,100%@1728,11%@729,0%@729] GR3D_FREQ 0% cpu@50.437C soc2@48.375C soc0@50.031C gpu@50.718C tj@50.718C soc1@49.625C VDD_IN 7400mW/6192mW VDD_CPU_GPU_CV 1637mW/904mW VDD_SOC 3240mW/2956mW
08-01-2026 01:21:00 RAM 3054/7620MB (lfb 35x1MB) SWAP 7/3810MB (cached 0MB) CPU [1%@1728,0%@1728,0%@1728,100%@1728,5%@729,0%@729] GR3D_FREQ 0% cpu@50.406C soc2@48.343C soc0@50.156C gpu@50.843C tj@50.843C soc1@49.718C VDD_IN 7440mW/6228mW VDD_CPU_GPU_CV 1637mW/925mW VDD_SOC 3240mW/2965mW
08-01-2026 01:21:01 RAM 3219/7620MB (lfb 19x1MB) SWAP 7/3810MB (cached 0MB) CPU [0%@1728,1%@1728,0%@1728,100%@1728,6%@729,0%@729] GR3D_FREQ 0% cpu@50.625C soc2@48.406C soc0@49.937C gpu@50.906C tj@50.906C soc1@49.718C VDD_IN 7440mW/6261mW VDD_CPU_GPU_CV 1637mW/944mW VDD_SOC 3240mW/2972mW
08-01-2026 01:21:02 RAM 3226/7620MB (lfb 17x1MB) SWAP 7/3810MB (cached 0MB) CPU [0%@1728,0%@1728,0%@1728,100%@1728,1%@729,0%@729] GR3D_FREQ 0% cpu@50.031C soc2@48.406C soc0@50C gpu@50.875C tj@50.875C soc1@49.718C VDD_IN 7120mW/6285mW VDD_CPU_GPU_CV 1437mW/958mW VDD_SOC 3200mW/2978mW
08-01-2026 01:21:03 RAM 3226/7620MB (lfb 17x1MB) SWAP 7/3810MB (cached 0MB) CPU [0%@1728,0%@1728,0%@1728,100%@1728,0%@729,0%@729] GR3D_FREQ 0% cpu@50.312C soc2@48.343C soc0@50.031C gpu@51.062C tj@51.062C soc1@49.625C VDD_IN 7120mW/6307mW VDD_CPU_GPU_CV 1437mW/970mW VDD_SOC 3200mW/2984mW
08-01-2026 01:21:04 RAM 3226/7620MB (lfb 17x1MB) SWAP 7/3810MB (cached 0MB) CPU [0%@1728,0%@1728,0%@1728,100%@1728,0%@729,0%@729] GR3D_FREQ 0% cpu@50.281C soc2@48.437C soc0@50.125C gpu@51.062C tj@51.062C soc1@49.718C VDD_IN 7120mW/6327mW VDD_CPU_GPU_CV 1437mW/982mW VDD_SOC 3200mW/2990mW
08-01-2026 01:21:05 RAM 3226/7620MB (lfb 17x1MB) SWAP 7/3810MB (cached 0MB) CPU [0%@1728,0%@1728,0%@1728,100%@1728,0%@729,0%@729] GR3D_FREQ 0% cpu@50.343C soc2@48.468C soc0@50.156C gpu@51C tj@51C soc1@49.781C VDD_IN 7120mW/6347mW VDD_CPU_GPU_CV 1437mW/994mW VDD_SOC 3200mW/2995mW
08-01-2026 01:21:06 RAM 3227/7620MB (lfb 17x1MB) SWAP 7/3810MB (cached 0MB) CPU [0%@1728,0%@1728,0%@1728,100%@1728,0%@729,0%@729] GR3D_FREQ 0% cpu@50.562C soc2@48.468C soc0@50.093C gpu@51.156C tj@51.156C soc1@49.843C VDD_IN 7120mW/6366mW VDD_CPU_GPU_CV 1437mW/1004mW VDD_SOC 3200mW/3000mW
08-01-2026 01:21:07 RAM 3227/7620MB (lfb 17x1MB) SWAP 7/3810MB (cached 0MB) CPU [1%@1728,0%@1728,0%@1728,100%@1728,0%@729,0%@729] GR3D_FREQ 0% cpu@50.343C soc2@48.468C soc0@50.125C gpu@50.906C tj@50.906C soc1@49.968C VDD_IN 7120mW/6384mW VDD_CPU_GPU_CV 1437mW/1015mW VDD_SOC 3200mW/3005mW
08-01-2026 01:21:08 RAM 3235/7620MB (lfb 17x1MB) SWAP 7/3810MB (cached 0MB) CPU [2%@1728,2%@1728,3%@1728,100%@1728,7%@729,5%@729] GR3D_FREQ 0% cpu@50.281C soc2@48.593C soc0@50.218C gpu@50.843C tj@50.843C soc1@49.937C VDD_IN 7160mW/6402mW VDD_CPU_GPU_CV 1477mW/1025mW VDD_SOC 3200mW/3009mW
08-01-2026 01:21:09 RAM 3235/7620MB (lfb 17x1MB) SWAP 7/3810MB (cached 0MB) CPU [1%@1728,0%@1728,0%@1728,100%@1728,0%@729,0%@729] GR3D_FREQ 0% cpu@50.375C soc2@48.625C soc0@50.218C gpu@50.937C tj@50.937C soc1@50.062C VDD_IN 7120mW/6418mW VDD_CPU_GPU_CV 1477mW/1036mW VDD_SOC 3200mW/3014mW
08-01-2026 01:21:10 RAM 3235/7620MB (lfb 17x1MB) SWAP 7/3810MB (cached 0MB) CPU [0%@1728,0%@1728,0%@1728,100%@1728,0%@729,0%@729] GR3D_FREQ 0% cpu@50.343C soc2@48.625C soc0@50.281C gpu@51C tj@51C soc1@49.875C VDD_IN 7120mW/6434mW VDD_CPU_GPU_CV 1437mW/1045mW VDD_SOC 3200mW/3018mW
08-01-2026 01:21:11 RAM 3235/7620MB (lfb 17x1MB) SWAP 7/3810MB (cached 0MB) CPU [0%@1728,0%@1728,0%@1728,100%@1728,0%@729,0%@729] GR3D_FREQ 0% cpu@50.718C soc2@48.531C soc0@50.125C gpu@51C tj@51C soc1@49.968C VDD_IN 7120mW/6449mW VDD_CPU_GPU_CV 1437mW/1053mW VDD_SOC 3200mW/3022mW
08-01-2026 01:21:12 RAM 3235/7620MB (lfb 17x1MB) SWAP 7/3810MB (cached 0MB) CPU [2%@1728,0%@1728,0%@1728,100%@1728,0%@729,0%@729] GR3D_FREQ 0% cpu@50.468C soc2@48.656C soc0@50.25C gpu@51C tj@51C soc1@50.093C VDD_IN 7120mW/6463mW VDD_CPU_GPU_CV 1437mW/1061mW VDD_SOC 3200mW/3026mW
08-01-2026 01:21:13 RAM 3235/7620MB (lfb 17x1MB) SWAP 7/3810MB (cached 0MB) CPU [0%@1728,0%@1728,0%@1728,100%@1728,0%@729,0%@729] GR3D_FREQ 0% cpu@50.468C soc2@48.656C soc0@50.25C gpu@51.125C tj@51.125C soc1@50.062C VDD_IN 7160mW/6478mW VDD_CPU_GPU_CV 1477mW/1070mW VDD_SOC 3200mW/3029mW
08-01-2026 01:21:14 RAM 3235/7620MB (lfb 17x1MB) SWAP 7/3810MB (cached 0MB) CPU [0%@1728,0%@1728,0%@1728,100%@1728,0%@729,0%@729] GR3D_FREQ 0% cpu@50.562C soc2@48.75C soc0@50.375C gpu@51.125C tj@51.125C soc1@50.187C VDD_IN 7160mW/6492mW VDD_CPU_GPU_CV 1477mW/1078mW VDD_SOC 3200mW/3033mW
08-01-2026 01:21:15 RAM 3273/7620MB (lfb 14x1MB) SWAP 7/3810MB (cached 0MB) CPU [1%@1728,0%@1728,3%@1728,100%@1728,0%@729,0%@729] GR3D_FREQ 0% cpu@50.812C soc2@48.781C soc0@50.437C gpu@51.187C tj@51.187C soc1@50.062C VDD_IN 7440mW/6511mW VDD_CPU_GPU_CV 1637mW/1089mW VDD_SOC 3240mW/3037mW
08-01-2026 01:21:16 RAM 3276/7620MB (lfb 13x1MB) SWAP 7/3810MB (cached 0MB) CPU [0%@729,0%@729,0%@729,84%@729,0%@729,0%@729] GR3D_FREQ 0% cpu@50.343C soc2@48.593C soc0@50.343C gpu@50.906C tj@50.906C soc1@50.062C VDD_IN 6760mW/6515mW VDD_CPU_GPU_CV 1198mW/1092mW VDD_SOC 3120mW/3038mW
08-01-2026 01:21:17 RAM 3275/7620MB (lfb 2x2MB) SWAP 7/3810MB (cached 0MB) CPU [3%@729,0%@729,1%@729,15%@729,0%@729,0%@729] GR3D_FREQ 0% cpu@49.968C soc2@48.656C soc0@50.406C gpu@51.031C tj@51.031C soc1@50.187C VDD_IN 5680mW/6499mW VDD_CPU_GPU_CV 640mW/1083mW VDD_SOC 2800mW/3034mW
08-01-2026 01:21:18 RAM 3295/7620MB (lfb 1x2MB) SWAP 7/3810MB (cached 0MB) CPU [1%@729,1%@729,3%@729,32%@729,0%@729,0%@729] GR3D_FREQ 0% cpu@50.156C soc2@48.468C soc0@50.437C gpu@50.781C tj@50.781C soc1@50.062C VDD_IN 5720mW/6485mW VDD_CPU_GPU_CV 640mW/1075mW VDD_SOC 2840mW/3030mW
08-01-2026 01:21:19 RAM 3337/7620MB (lfb 3x1MB) SWAP 7/3810MB (cached 0MB) CPU [2%@1728,1%@1728,1%@1728,93%@1728,0%@729,0%@729] GR3D_FREQ 0% cpu@50.687C soc2@48.718C soc0@50.25C gpu@50.906C tj@50.906C soc1@50.093C VDD_IN 7000mW/6494mW VDD_CPU_GPU_CV 1357mW/1080mW VDD_SOC 3160mW/3033mW
08-01-2026 01:21:20 RAM 3339/7620MB (lfb 3x1MB) SWAP 7/3810MB (cached 0MB) CPU [0%@1728,0%@1728,0%@1728,100%@1728,0%@729,0%@729] GR3D_FREQ 0% cpu@50.593C soc2@48.687C soc0@50.343C gpu@51C tj@51C soc1@50.187C VDD_IN 7280mW/6509mW VDD_CPU_GPU_CV 1517mW/1088mW VDD_SOC 3240mW/3036mW
08-01-2026 01:21:21 RAM 3339/7620MB (lfb 3x1MB) SWAP 7/3810MB (cached 0MB) CPU [1%@1728,0%@1728,0%@1728,100%@1728,1%@729,0%@729] GR3D_FREQ 0% cpu@50.593C soc2@48.812C soc0@50.437C gpu@51.125C tj@51.125C soc1@50.25C VDD_IN 7240mW/6522mW VDD_CPU_GPU_CV 1517mW/1095mW VDD_SOC 3200mW/3039mW
08-01-2026 01:21:22 RAM 3339/7620MB (lfb 3x1MB) SWAP 7/3810MB (cached 0MB) CPU [0%@1728,0%@1728,0%@1728,100%@1728,0%@729,0%@729] GR3D_FREQ 0% cpu@50.718C soc2@48.843C soc0@50.468C gpu@51.156C tj@51.156C soc1@50.187C VDD_IN 7120mW/6532mW VDD_CPU_GPU_CV 1437mW/1101mW VDD_SOC 3200mW/3042mW
08-01-2026 01:21:23 RAM 3339/7620MB (lfb 3x1MB) SWAP 7/3810MB (cached 0MB) CPU [0%@1728,0%@1728,0%@1728,100%@1728,0%@729,0%@729] GR3D_FREQ 0% cpu@50.656C soc2@48.906C soc0@50.562C gpu@51.156C tj@51.156C soc1@50.093C VDD_IN 7120mW/6542mW VDD_CPU_GPU_CV 1437mW/1107mW VDD_SOC 3200mW/3045mW
08-01-2026 01:21:24 RAM 3339/7620MB (lfb 3x1MB) SWAP 7/3810MB (cached 0MB) CPU [0%@1728,0%@1728,0%@1728,100%@1728,0%@729,0%@729] GR3D_FREQ 0% cpu@50.843C soc2@48.718C soc0@50.562C gpu@51.187C tj@51.187C soc1@50.218C VDD_IN 7120mW/6552mW VDD_CPU_GPU_CV 1437mW/1113mW VDD_SOC 3200mW/3047mW
08-01-2026 01:21:25 RAM 3271/7620MB (lfb 3x4MB) SWAP 7/3810MB (cached 0MB) CPU [2%@729,1%@729,1%@729,77%@729,0%@729,0%@729] GR3D_FREQ 0% cpu@50.531C soc2@48.812C soc0@50.5C gpu@51.312C tj@51.312C soc1@50.281C VDD_IN 6640mW/6553mW VDD_CPU_GPU_CV 1118mW/1113mW VDD_SOC 3080mW/3048mW
08-01-2026 01:21:26 RAM 3287/7620MB (lfb 1x4MB) SWAP 7/3810MB (cached 0MB) CPU [31%@729,25%@729,24%@729,30%@729,25%@1728,42%@1728] GR3D_FREQ 54% cpu@50.687C soc2@48.875C soc0@50.5C gpu@51.468C tj@51.468C soc1@50.343C VDD_IN 7480mW/6569mW VDD_CPU_GPU_CV 1437mW/1118mW VDD_SOC 3280mW/3052mW
08-01-2026 01:21:27 RAM 2813/7620MB (lfb 30x4MB) SWAP 7/3810MB (cached 0MB) CPU [23%@729,23%@729,24%@729,24%@729,15%@806,50%@806] GR3D_FREQ 7% cpu@50.468C soc2@48.906C soc0@50.625C gpu@51.468C tj@51.468C soc1@50.437C VDD_IN 6850mW/6573mW VDD_CPU_GPU_CV 1080mW/1118mW VDD_SOC 3165mW/3054mW
08-01-2026 01:21:28 RAM 3370/7620MB (lfb 2x2MB) SWAP 7/3810MB (cached 0MB) CPU [1%@1113,1%@1113,9%@1113,0%@1113,12%@1728,70%@1728] GR3D_FREQ 39% cpu@51.218C soc2@49.031C soc0@50.781C gpu@51.781C tj@51.531C soc1@50.468C VDD_IN 9109mW/6613mW VDD_CPU_GPU_CV 2283mW/1136mW VDD_SOC 3685mW/3064mW
08-01-2026 01:21:29 RAM 3373/7620MB (lfb 8x2MB) SWAP 7/3810MB (cached 0MB) CPU [1%@729,0%@729,0%@729,0%@729,21%@1728,71%@1728] GR3D_FREQ 24% cpu@51.5C soc2@49.281C soc0@50.781C gpu@52C tj@52C soc1@50.625C VDD_IN 10817mW/6679mW VDD_CPU_GPU_CV 3394mW/1171mW VDD_SOC 4040mW/3079mW
08-01-2026 01:21:30 RAM 3373/7620MB (lfb 8x2MB) SWAP 7/3810MB (cached 0MB) CPU [1%@729,1%@729,1%@729,0%@729,89%@1728,0%@1728] GR3D_FREQ 24% cpu@51.406C soc2@49.312C soc0@50.843C gpu@52.062C tj@52.062C soc1@50.812C VDD_IN 10840mW/6743mW VDD_CPU_GPU_CV 3394mW/1206mW VDD_SOC 4040mW/3094mW
08-01-2026 01:21:31 RAM 3373/7620MB (lfb 8x2MB) SWAP 7/3810MB (cached 0MB) CPU [2%@729,0%@729,1%@729,0%@729,89%@1728,0%@1728] GR3D_FREQ 22% cpu@51.531C soc2@49.5C soc0@50.937C gpu@52.218C tj@52.218C soc1@50.687C VDD_IN 10937mW/6807mW VDD_CPU_GPU_CV 3434mW/1239mW VDD_SOC 4040mW/3108mW
08-01-2026 01:21:32 RAM 3373/7620MB (lfb 8x2MB) SWAP 7/3810MB (cached 0MB) CPU [0%@729,1%@729,0%@729,0%@729,71%@1728,19%@1728] GR3D_FREQ 23% cpu@51.468C soc2@49.75C soc0@51.125C gpu@52.531C tj@52.531C soc1@50.875C VDD_IN 10880mW/6867mW VDD_CPU_GPU_CV 3474mW/1273mW VDD_SOC 4080mW/3123mW
08-01-2026 01:21:33 RAM 3373/7620MB (lfb 8x2MB) SWAP 7/3810MB (cached 0MB) CPU [1%@729,0%@729,0%@729,0%@729,0%@1728,90%@1728] GR3D_FREQ 24% cpu@51.656C soc2@49.562C soc0@51C gpu@52.656C tj@52.656C soc1@51C VDD_IN 10897mW/6927mW VDD_CPU_GPU_CV 3434mW/1304mW VDD_SOC 4040mW/3136mW
08-01-2026 01:21:34 RAM 3373/7620MB (lfb 8x2MB) SWAP 7/3810MB (cached 0MB) CPU [2%@729,0%@729,1%@729,0%@729,0%@1728,89%@1728] GR3D_FREQ 24% cpu@51.593C soc2@49.656C soc0@51.093C gpu@52.75C tj@52.75C soc1@51.156C VDD_IN 10817mW/6983mW VDD_CPU_GPU_CV 3394mW/1335mW VDD_SOC 4040mW/3149mW
08-01-2026 01:21:35 RAM 3373/7620MB (lfb 8x2MB) SWAP 7/3810MB (cached 0MB) CPU [0%@729,0%@729,0%@729,0%@729,20%@1728,69%@1728] GR3D_FREQ 24% cpu@51.75C soc2@49.812C soc0@51.187C gpu@52.75C tj@52.75C soc1@51.187C VDD_IN 10760mW/7037mW VDD_CPU_GPU_CV 3434mW/1365mW VDD_SOC 4040mW/3162mW
08-01-2026 01:21:36 RAM 3373/7620MB (lfb 8x2MB) SWAP 7/3810MB (cached 0MB) CPU [2%@729,0%@729,1%@729,0%@729,92%@1728,0%@1728] GR3D_FREQ 24% cpu@51.875C soc2@49.906C soc0@51.437C gpu@52.906C tj@52.906C soc1@51.125C VDD_IN 10817mW/7090mW VDD_CPU_GPU_CV 3394mW/1393mW VDD_SOC 4000mW/3174mW
08-01-2026 01:21:37 RAM 3373/7620MB (lfb 8x2MB) SWAP 7/3810MB (cached 0MB) CPU [1%@729,2%@729,1%@729,0%@729,90%@1728,0%@1728] GR3D_FREQ 24% cpu@52.093C soc2@49.875C soc0@51.562C gpu@52.562C tj@52.562C soc1@51.187C VDD_IN 10697mW/7140mW VDD_CPU_GPU_CV 3354mW/1421mW VDD_SOC 3960mW/3185mW
08-01-2026 01:21:38 RAM 3373/7620MB (lfb 8x2MB) SWAP 7/3810MB (cached 0MB) CPU [1%@729,0%@729,1%@729,0%@729,90%@1728,0%@1728] GR3D_FREQ 22% cpu@51.968C soc2@49.937C soc0@51.437C gpu@52.593C tj@52.593C soc1@51.312C VDD_IN 10496mW/7186mW VDD_CPU_GPU_CV 3274mW/1446mW VDD_SOC 4000mW/3196mW
08-01-2026 01:21:39 RAM 3373/7620MB (lfb 8x2MB) SWAP 7/3810MB (cached 0MB) CPU [1%@729,0%@729,1%@729,1%@729,91%@1728,0%@1728] GR3D_FREQ 25% cpu@52.125C soc2@49.968C soc0@51.531C gpu@52.718C tj@52.718C soc1@51.437C VDD_IN 10697mW/7234mW VDD_CPU_GPU_CV 3234mW/1470mW VDD_SOC 4000mW/3207mW
08-01-2026 01:21:40 RAM 3373/7620MB (lfb 8x2MB) SWAP 7/3810MB (cached 0MB) CPU [1%@729,0%@729,1%@729,0%@729,90%@1728,0%@1728] GR3D_FREQ 24% cpu@52.156C soc2@50.062C soc0@51.562C gpu@52.75C tj@52.75C soc1@51.375C VDD_IN 10456mW/7277mW VDD_CPU_GPU_CV 3154mW/1493mW VDD_SOC 4000mW/3217mW
08-01-2026 01:21:41 RAM 3373/7620MB (lfb 8x2MB) SWAP 7/3810MB (cached 0MB) CPU [2%@729,0%@729,0%@729,0%@729,63%@1728,26%@1728] GR3D_FREQ 28% cpu@51.937C soc2@50.125C soc0@51.656C gpu@52.687C tj@52.687C soc1@51.5C VDD_IN 10456mW/7319mW VDD_CPU_GPU_CV 3234mW/1515mW VDD_SOC 4000mW/3227mW
08-01-2026 01:21:42 RAM 3373/7620MB (lfb 8x2MB) SWAP 7/3810MB (cached 0MB) CPU [1%@729,1%@729,1%@729,0%@729,0%@1728,89%@1728] GR3D_FREQ 29% cpu@52.25C soc2@50.062C soc0@51.75C gpu@52.687C tj@52.687C soc1@51.593C VDD_IN 10496mW/7360mW VDD_CPU_GPU_CV 3154mW/1537mW VDD_SOC 3960mW/3237mW
08-01-2026 01:21:43 RAM 3373/7620MB (lfb 8x2MB) SWAP 7/3810MB (cached 0MB) CPU [1%@729,0%@729,0%@729,0%@729,28%@1728,63%@1728] GR3D_FREQ 30% cpu@52.656C soc2@50.218C soc0@51.625C gpu@52.812C tj@52.812C soc1@51.625C VDD_IN 10376mW/7399mW VDD_CPU_GPU_CV 3194mW/1558mW VDD_SOC 4000mW/3247mW
08-01-2026 01:21:44 RAM 3373/7620MB (lfb 8x2MB) SWAP 7/3810MB (cached 0MB) CPU [3%@729,1%@729,1%@729,0%@729,91%@1728,0%@1728] GR3D_FREQ 30% cpu@52.406C soc2@50.312C soc0@51.812C gpu@52.906C tj@52.906C soc1@51.781C VDD_IN 10416mW/7437mW VDD_CPU_GPU_CV 3240mW/1579mW VDD_SOC 3920mW/3255mW
08-01-2026 01:21:45 RAM 3373/7620MB (lfb 8x2MB) SWAP 7/3810MB (cached 0MB) CPU [1%@729,0%@729,0%@729,1%@729,61%@1728,30%@1728] GR3D_FREQ 30% cpu@52.125C soc2@50.375C soc0@51.906C gpu@52.937C tj@52.937C soc1@51.718C VDD_IN 10376mW/7473mW VDD_CPU_GPU_CV 3194mW/1599mW VDD_SOC 3920mW/3264mW
08-01-2026 01:21:47 RAM 3373/7620MB (lfb 8x2MB) SWAP 7/3810MB (cached 0MB) CPU [1%@729,0%@729,1%@729,0%@729,0%@1728,90%@1728] GR3D_FREQ 30% cpu@52.25C soc2@50.468C soc0@51.968C gpu@53.125C tj@53.125C soc1@51.687C VDD_IN 10336mW/7509mW VDD_CPU_GPU_CV 3194mW/1619mW VDD_SOC 3920mW/3272mW
08-01-2026 01:21:48 RAM 3373/7620MB (lfb 8x2MB) SWAP 7/3810MB (cached 0MB) CPU [1%@729,0%@729,1%@729,1%@729,0%@1728,90%@1728] GR3D_FREQ 28% cpu@52.562C soc2@50.406C soc0@51.937C gpu@53.218C tj@53.218C soc1@51.812C VDD_IN 10256mW/7542mW VDD_CPU_GPU_CV 3115mW/1637mW VDD_SOC 3920mW/3280mW
08-01-2026 01:21:49 RAM 3373/7620MB (lfb 8x2MB) SWAP 7/3810MB (cached 0MB) CPU [2%@729,0%@729,1%@729,0%@729,0%@1728,90%@1728] GR3D_FREQ 29% cpu@52.625C soc2@50.437C soc0@52.031C gpu@53.281C tj@53.281C soc1@51.937C VDD_IN 10296mW/7576mW VDD_CPU_GPU_CV 3040mW/1654mW VDD_SOC 3920mW/3287mW
08-01-2026 01:21:50 RAM 3373/7620MB (lfb 8x2MB) SWAP 7/3810MB (cached 0MB) CPU [2%@729,0%@729,1%@729,0%@729,0%@1728,89%@1728] GR3D_FREQ 30% cpu@52.25C soc2@50.531C soc0@52.093C gpu@53.312C tj@53.312C soc1@52.062C VDD_IN 10256mW/7607mW VDD_CPU_GPU_CV 3120mW/1672mW VDD_SOC 3920mW/3295mW
08-01-2026 01:21:51 RAM 3373/7620MB (lfb 8x2MB) SWAP 7/3810MB (cached 0MB) CPU [1%@729,0%@729,0%@729,0%@729,0%@1728,90%@1728] GR3D_FREQ 30% cpu@52.437C soc2@50.656C soc0@52.156C gpu@53.375C tj@53.375C soc1@51.968C VDD_IN 10216mW/7638mW VDD_CPU_GPU_CV 3120mW/1689mW VDD_SOC 3880mW/3302mW
08-01-2026 01:21:52 RAM 3373/7620MB (lfb 8x2MB) SWAP 7/3810MB (cached 0MB) CPU [1%@729,0%@729,0%@729,0%@729,0%@1728,91%@1728] GR3D_FREQ 30% cpu@52.593C soc2@50.531C soc0@52.375C gpu@53.437C tj@53.187C soc1@52.125C VDD_IN 10256mW/7669mW VDD_CPU_GPU_CV 3080mW/1705mW VDD_SOC 3880mW/3308mW
08-01-2026 01:21:53 RAM 3373/7620MB (lfb 8x2MB) SWAP 7/3810MB (cached 0MB) CPU [1%@1728,0%@1728,0%@1728,36%@1728,0%@729,54%@729] GR3D_FREQ 30% cpu@52.75C soc2@50.656C soc0@52.281C gpu@53.218C tj@53.218C soc1@52.156C VDD_IN 10176mW/7697mW VDD_CPU_GPU_CV 3040mW/1720mW VDD_SOC 3880mW/3315mW
08-01-2026 01:21:54 RAM 3373/7620MB (lfb 8x2MB) SWAP 7/3810MB (cached 0MB) CPU [1%@1728,0%@1728,0%@1728,90%@1728,0%@729,0%@729] GR3D_FREQ 29% cpu@53.062C soc2@50.718C soc0@52.343C gpu@53.312C tj@53.312C soc1@52.218C VDD_IN 10176mW/7726mW VDD_CPU_GPU_CV 3040mW/1735mW VDD_SOC 3880mW/3321mW
08-01-2026 01:21:55 RAM 3373/7620MB (lfb 8x2MB) SWAP 7/3810MB (cached 0MB) CPU [1%@1728,0%@1728,1%@1728,90%@1728,0%@729,0%@729] GR3D_FREQ 29% cpu@52.906C soc2@50.875C soc0@52.437C gpu@53.437C tj@53.437C soc1@52.437C VDD_IN 10096mW/7752mW VDD_CPU_GPU_CV 3000mW/1749mW VDD_SOC 3886mW/3328mW
08-01-2026 01:21:56 RAM 3373/7620MB (lfb 8x2MB) SWAP 7/3810MB (cached 0MB) CPU [0%@1728,0%@1728,1%@1728,91%@1728,0%@729,0%@729] GR3D_FREQ 29% cpu@52.968C soc2@50.937C soc0@52.437C gpu@53.5C tj@53.5C soc1@52.281C VDD_IN 10056mW/7778mW VDD_CPU_GPU_CV 3040mW/1764mW VDD_SOC 3886mW/3334mW
08-01-2026 01:21:57 RAM 3373/7620MB (lfb 8x2MB) SWAP 7/3810MB (cached 0MB) CPU [2%@1728,0%@1728,0%@1728,91%@1728,0%@729,0%@729] GR3D_FREQ 29% cpu@53.187C soc2@51C soc0@52.593C gpu@53.562C tj@53.562C soc1@52.343C VDD_IN 10016mW/7802mW VDD_CPU_GPU_CV 3040mW/1778mW VDD_SOC 3886mW/3340mW
08-01-2026 01:21:58 RAM 3373/7620MB (lfb 8x2MB) SWAP 7/3810MB (cached 0MB) CPU [1%@1728,0%@1728,1%@1728,90%@1728,0%@729,0%@729] GR3D_FREQ 28% cpu@53.156C soc2@50.937C soc0@52.468C gpu@53.531C tj@53.531C soc1@52.343C VDD_IN 10136mW/7828mW VDD_CPU_GPU_CV 2960mW/1791mW VDD_SOC 3840mW/3346mW
08-01-2026 01:21:59 RAM 3373/7620MB (lfb 8x2MB) SWAP 7/3810MB (cached 0MB) CPU [0%@1728,0%@1728,0%@1728,90%@1728,0%@729,0%@729] GR3D_FREQ 27% cpu@53.375C soc2@50.937C soc0@52.593C gpu@53.656C tj@53.656C soc1@52.468C VDD_IN 10056mW/7852mW VDD_CPU_GPU_CV 2960mW/1803mW VDD_SOC 3846mW/3351mW
08-01-2026 01:22:00 RAM 3373/7620MB (lfb 8x2MB) SWAP 7/3810MB (cached 0MB) CPU [1%@1728,0%@1728,0%@1728,90%@1728,0%@729,0%@729] GR3D_FREQ 30% cpu@53.187C soc2@51.031C soc0@52.656C gpu@53.625C tj@53.625C soc1@52.625C VDD_IN 10056mW/7875mW VDD_CPU_GPU_CV 2920mW/1815mW VDD_SOC 3800mW/3356mW
08-01-2026 01:22:01 RAM 3373/7620MB (lfb 8x2MB) SWAP 7/3810MB (cached 0MB) CPU [1%@1728,0%@1728,0%@1728,90%@1728,1%@729,0%@729] GR3D_FREQ 30% cpu@53.25C soc2@51.187C soc0@52.781C gpu@53.687C tj@54.062C soc1@52.75C VDD_IN 9895mW/7896mW VDD_CPU_GPU_CV 2920mW/1827mW VDD_SOC 3846mW/3361mW
08-01-2026 01:22:02 RAM 3373/7620MB (lfb 8x2MB) SWAP 7/3810MB (cached 0MB) CPU [1%@1728,1%@1728,0%@1728,90%@1728,0%@729,0%@729] GR3D_FREQ 30% cpu@53.375C soc2@51.187C soc0@52.812C gpu@54.125C tj@54.125C soc1@52.593C VDD_IN 9895mW/7917mW VDD_CPU_GPU_CV 2840mW/1837mW VDD_SOC 3886mW/3366mW
08-01-2026 01:22:03 RAM 3373/7620MB (lfb 8x2MB) SWAP 7/3810MB (cached 0MB) CPU [45%@1728,0%@1728,0%@1728,46%@1728,0%@729,0%@729] GR3D_FREQ 30% cpu@53.343C soc2@51.406C soc0@52.875C gpu@53.718C tj@53.718C soc1@52.718C VDD_IN 9855mW/7937mW VDD_CPU_GPU_CV 2880mW/1848mW VDD_SOC 3846mW/3371mW
08-01-2026 01:22:04 RAM 3373/7620MB (lfb 8x2MB) SWAP 7/3810MB (cached 0MB) CPU [47%@1728,0%@1728,44%@1728,0%@1728,0%@729,0%@729] GR3D_FREQ 30% cpu@53.906C soc2@51.312C soc0@52.843C gpu@53.781C tj@53.906C soc1@52.781C VDD_IN 9775mW/7956mW VDD_CPU_GPU_CV 2880mW/1859mW VDD_SOC 3846mW/3376mW
08-01-2026 01:22:05 RAM 3373/7620MB (lfb 8x2MB) SWAP 7/3810MB (cached 0MB) CPU [23%@729,0%@729,50%@729,0%@729,17%@1728,0%@1728] GR3D_FREQ 30% cpu@53.375C soc2@51.25C soc0@52.843C gpu@53.812C tj@53.812C soc1@52.75C VDD_IN 9615mW/7973mW VDD_CPU_GPU_CV 2680mW/1867mW VDD_SOC 3806mW/3380mW
08-01-2026 01:22:06 RAM 3373/7620MB (lfb 8x2MB) SWAP 7/3810MB (cached 0MB) CPU [1%@729,0%@729,1%@729,0%@729,91%@1728,0%@1728] GR3D_FREQ 30% cpu@53.437C soc2@51.375C soc0@52.906C gpu@53.812C tj@53.812C soc1@53.031C VDD_IN 9895mW/7992mW VDD_CPU_GPU_CV 2840mW/1877mW VDD_SOC 3846mW/3385mW
08-01-2026 01:22:07 RAM 3373/7620MB (lfb 8x2MB) SWAP 7/3810MB (cached 0MB) CPU [1%@729,1%@729,0%@729,0%@729,90%@1728,0%@1728] GR3D_FREQ 29% cpu@53.437C soc2@51.437C soc0@53C gpu@53.906C tj@53.906C soc1@52.843C VDD_IN 9775mW/8010mW VDD_CPU_GPU_CV 2800mW/1886mW VDD_SOC 3846mW/3390mW
08-01-2026 01:22:08 RAM 3373/7620MB (lfb 8x2MB) SWAP 7/3810MB (cached 0MB) CPU [1%@729,0%@729,0%@729,0%@729,87%@1728,0%@1728] GR3D_FREQ 30% cpu@53.656C soc2@51.343C soc0@53.125C gpu@53.937C tj@54.125C soc1@52.937C VDD_IN 9775mW/8027mW VDD_CPU_GPU_CV 2720mW/1894mW VDD_SOC 3766mW/3393mW
08-01-2026 01:22:09 RAM 3373/7620MB (lfb 8x2MB) SWAP 7/3810MB (cached 0MB) CPU [2%@729,0%@729,0%@729,1%@729,90%@1728,1%@1728] GR3D_FREQ 30% cpu@53.937C soc2@51.468C soc0@53.062C gpu@54.093C tj@54.093C soc1@53C VDD_IN 9935mW/8045mW VDD_CPU_GPU_CV 2920mW/1904mW VDD_SOC 3846mW/3398mW
08-01-2026 01:22:10 RAM 3373/7620MB (lfb 8x2MB) SWAP 7/3810MB (cached 0MB) CPU [1%@729,0%@729,1%@729,0%@729,90%@1728,0%@1728] GR3D_FREQ 30% cpu@53.718C soc2@51.5C soc0@53.093C gpu@54.218C tj@54.218C soc1@53.156C VDD_IN 9895mW/8063mW VDD_CPU_GPU_CV 2920mW/1914mW VDD_SOC 3846mW/3402mW
08-01-2026 01:22:11 RAM 3373/7620MB (lfb 8x2MB) SWAP 7/3810MB (cached 0MB) CPU [1%@729,0%@729,0%@729,0%@729,90%@1728,0%@1728] GR3D_FREQ 29% cpu@53.781C soc2@51.531C soc0@53.187C gpu@54.281C tj@54.281C soc1@53.218C VDD_IN 9935mW/8081mW VDD_CPU_GPU_CV 2880mW/1923mW VDD_SOC 3806mW/3406mW
08-01-2026 01:22:12 RAM 3373/7620MB (lfb 8x2MB) SWAP 7/3810MB (cached 0MB) CPU [1%@729,0%@729,0%@729,0%@729,90%@1728,0%@1728] GR3D_FREQ 30% cpu@53.718C soc2@51.531C soc0@53.187C gpu@54.343C tj@54.343C soc1@53.125C VDD_IN 9895mW/8098mW VDD_CPU_GPU_CV 2880mW/1932mW VDD_SOC 3806mW/3410mW
08-01-2026 01:22:13 RAM 3373/7620MB (lfb 8x2MB) SWAP 7/3810MB (cached 0MB) CPU [1%@729,0%@729,0%@729,1%@729,91%@1728,0%@1728] GR3D_FREQ 30% cpu@53.781C soc2@51.562C soc0@53.062C gpu@54.343C tj@54.093C soc1@53.156C VDD_IN 9775mW/8114mW VDD_CPU_GPU_CV 2840mW/1940mW VDD_SOC 3806mW/3413mW
08-01-2026 01:22:14 RAM 3373/7620MB (lfb 8x2MB) SWAP 7/3810MB (cached 0MB) CPU [1%@729,0%@729,0%@729,0%@729,91%@1728,0%@1728] GR3D_FREQ 28% cpu@54.125C soc2@51.718C soc0@53.187C gpu@54.187C tj@54.187C soc1@53.187C VDD_IN 9655mW/8128mW VDD_CPU_GPU_CV 2840mW/1949mW VDD_SOC 3846mW/3417mW
08-01-2026 01:22:15 RAM 3373/7620MB (lfb 8x2MB) SWAP 7/3810MB (cached 0MB) CPU [2%@729,0%@729,0%@729,0%@729,91%@1728,0%@1728] GR3D_FREQ 29% cpu@53.812C soc2@51.656C soc0@53.25C gpu@54.218C tj@54.218C soc1@53.343C VDD_IN 9735mW/8143mW VDD_CPU_GPU_CV 2760mW/1956mW VDD_SOC 3766mW/3421mW
08-01-2026 01:22:16 RAM 3373/7620MB (lfb 8x2MB) SWAP 7/3810MB (cached 0MB) CPU [0%@729,0%@729,0%@729,1%@729,42%@1728,49%@1728] GR3D_FREQ 28% cpu@53.593C soc2@51.718C soc0@53.406C gpu@54.218C tj@54.218C soc1@53.218C VDD_IN 9775mW/8158mW VDD_CPU_GPU_CV 2800mW/1964mW VDD_SOC 3766mW/3424mW
08-01-2026 01:22:17 RAM 3373/7620MB (lfb 8x2MB) SWAP 7/3810MB (cached 0MB) CPU [1%@729,0%@729,0%@729,1%@729,0%@1728,90%@1728] GR3D_FREQ 30% cpu@53.906C soc2@51.656C soc0@53.406C gpu@54.281C tj@54.281C soc1@53.343C VDD_IN 9735mW/8172mW VDD_CPU_GPU_CV 2800mW/1971mW VDD_SOC 3766mW/3427mW
08-01-2026 01:22:18 RAM 3373/7620MB (lfb 8x2MB) SWAP 7/3810MB (cached 0MB) CPU [2%@729,0%@729,0%@729,0%@729,51%@1728,39%@1728] GR3D_FREQ 28% cpu@54.062C soc2@51.812C soc0@53.375C gpu@54.656C tj@54.656C soc1@53.468C VDD_IN 9695mW/8185mW VDD_CPU_GPU_CV 2760mW/1978mW VDD_SOC 3766mW/3430mW
08-01-2026 01:22:19 RAM 3373/7620MB (lfb 8x2MB) SWAP 7/3810MB (cached 0MB) CPU [1%@729,0%@729,0%@729,0%@729,91%@1728,0%@1728] GR3D_FREQ 29% cpu@54.25C soc2@51.75C soc0@53.375C gpu@54.625C tj@54.625C soc1@53.406C VDD_IN 9695mW/8199mW VDD_CPU_GPU_CV 2760mW/1985mW VDD_SOC 3725mW/3432mW
08-01-2026 01:22:20 RAM 3373/7620MB (lfb 8x2MB) SWAP 7/3810MB (cached 0MB) CPU [2%@729,1%@729,0%@729,1%@729,91%@1728,0%@1728] GR3D_FREQ 30% cpu@53.968C soc2@51.843C soc0@53.437C gpu@54.656C tj@54.656C soc1@53.531C VDD_IN 9670mW/8212mW VDD_CPU_GPU_CV 2680mW/1991mW VDD_SOC 3766mW/3435mW
08-01-2026 01:22:21 RAM 3373/7620MB (lfb 8x2MB) SWAP 7/3810MB (cached 0MB) CPU [2%@729,0%@729,0%@729,0%@729,91%@1728,0%@1728] GR3D_FREQ 29% cpu@54.187C soc2@51.937C soc0@53.562C gpu@54.75C tj@54.75C soc1@53.468C VDD_IN 9535mW/8223mW VDD_CPU_GPU_CV 2720mW/1998mW VDD_SOC 3766mW/3438mW
08-01-2026 01:22:22 RAM 3373/7620MB (lfb 8x2MB) SWAP 7/3810MB (cached 0MB) CPU [2%@729,1%@729,0%@729,0%@729,91%@1728,0%@1728] GR3D_FREQ 28% cpu@54.312C soc2@51.875C soc0@53.531C gpu@54.781C tj@54.781C soc1@53.468C VDD_IN 9670mW/8236mW VDD_CPU_GPU_CV 2640mW/2003mW VDD_SOC 3725mW/3441mW
08-01-2026 01:22:23 RAM 3373/7620MB (lfb 8x2MB) SWAP 7/3810MB (cached 0MB) CPU [1%@729,1%@729,1%@729,0%@729,90%@1728,0%@1728] GR3D_FREQ 30% cpu@54.093C soc2@51.937C soc0@53.687C gpu@54.625C tj@54.625C soc1@53.5C VDD_IN 9455mW/8246mW VDD_CPU_GPU_CV 2680mW/2009mW VDD_SOC 3725mW/3443mW
08-01-2026 01:22:24 RAM 3373/7620MB (lfb 8x2MB) SWAP 7/3810MB (cached 0MB) CPU [0%@729,2%@729,0%@729,0%@729,91%@1728,0%@1728] GR3D_FREQ 30% cpu@54.343C soc2@51.937C soc0@53.656C gpu@54.625C tj@54.625C soc1@53.718C VDD_IN 9590mW/8258mW VDD_CPU_GPU_CV 2600mW/2014mW VDD_SOC 3725mW/3446mW
08-01-2026 01:22:25 RAM 3373/7620MB (lfb 8x2MB) SWAP 7/3810MB (cached 0MB) CPU [2%@729,0%@729,0%@729,0%@729,89%@1728,0%@1728] GR3D_FREQ 30% cpu@54.125C soc2@52.031C soc0@53.593C gpu@54.593C tj@54.593C soc1@53.687C VDD_IN 9455mW/8268mW VDD_CPU_GPU_CV 2684mW/2020mW VDD_SOC 3685mW/3448mW
08-01-2026 01:22:26 RAM 3373/7620MB (lfb 8x2MB) SWAP 7/3810MB (cached 0MB) CPU [0%@729,1%@729,1%@729,0%@729,90%@1728,0%@1728] GR3D_FREQ 36% cpu@54.156C soc2@52.125C soc0@53.781C gpu@54.625C tj@54.625C soc1@53.593C VDD_IN 9430mW/8277mW VDD_CPU_GPU_CV 2600mW/2025mW VDD_SOC 3725mW/3450mW
08-01-2026 01:22:27 RAM 3373/7620MB (lfb 8x2MB) SWAP 7/3810MB (cached 0MB) CPU [1%@729,1%@729,0%@729,0%@729,91%@1728,0%@1728] GR3D_FREQ 38% cpu@54.406C soc2@51.968C soc0@53.656C gpu@54.687C tj@54.687C soc1@53.656C VDD_IN 9455mW/8287mW VDD_CPU_GPU_CV 2640mW/2030mW VDD_SOC 3725mW/3452mW
08-01-2026 01:22:28 RAM 3373/7620MB (lfb 8x2MB) SWAP 7/3810MB (cached 0MB) CPU [2%@729,1%@729,0%@729,0%@729,90%@1728,0%@1728] GR3D_FREQ 37% cpu@54.187C soc2@52.093C soc0@53.718C gpu@54.5C tj@54.5C soc1@53.781C VDD_IN 9294mW/8295mW VDD_CPU_GPU_CV 2600mW/2034mW VDD_SOC 3725mW/3454mW
08-01-2026 01:22:29 RAM 3373/7620MB (lfb 8x2MB) SWAP 7/3810MB (cached 0MB) CPU [0%@729,0%@729,0%@729,0%@729,91%@1728,0%@1728] GR3D_FREQ 37% cpu@54.218C soc2@52.062C soc0@53.812C gpu@54.625C tj@54.625C soc1@53.875C VDD_IN 9389mW/8304mW VDD_CPU_GPU_CV 2600mW/2039mW VDD_SOC 3725mW/3457mW
08-01-2026 01:22:30 RAM 3373/7620MB (lfb 8x2MB) SWAP 7/3810MB (cached 0MB) CPU [1%@729,0%@729,0%@729,0%@729,87%@1728,0%@1728] GR3D_FREQ 39% cpu@54.25C soc2@52.156C soc0@53.875C gpu@54.625C tj@54.625C soc1@53.718C VDD_IN 9189mW/8311mW VDD_CPU_GPU_CV 2440mW/2042mW VDD_SOC 3725mW/3459mW
08-01-2026 01:22:31 RAM 3373/7620MB (lfb 8x2MB) SWAP 7/3810MB (cached 0MB) CPU [1%@729,0%@729,1%@729,0%@729,90%@1728,0%@1728] GR3D_FREQ 38% cpu@54.5C soc2@52.25C soc0@53.937C gpu@54.625C tj@54.625C soc1@53.812C VDD_IN 9389mW/8320mW VDD_CPU_GPU_CV 2600mW/2047mW VDD_SOC 3725mW/3461mW
08-01-2026 01:22:32 RAM 3373/7620MB (lfb 8x2MB) SWAP 7/3810MB (cached 0MB) CPU [1%@729,0%@729,0%@729,0%@729,91%@1728,0%@1728] GR3D_FREQ 38% cpu@54.531C soc2@52.218C soc0@53.781C gpu@54.687C tj@54.687C soc1@53.875C VDD_IN 9374mW/8328mW VDD_CPU_GPU_CV 2600mW/2051mW VDD_SOC 3685mW/3463mW
08-01-2026 01:22:33 RAM 3373/7620MB (lfb 8x2MB) SWAP 7/3810MB (cached 0MB) CPU [2%@729,1%@729,1%@729,0%@729,89%@1728,0%@1728] GR3D_FREQ 40% cpu@54.437C soc2@52.156C soc0@53.906C gpu@54.937C tj@54.937C soc1@53.875C VDD_IN 9349mW/8336mW VDD_CPU_GPU_CV 2560mW/2055mW VDD_SOC 3725mW/3465mW
08-01-2026 01:22:34 RAM 3373/7620MB (lfb 8x2MB) SWAP 7/3810MB (cached 0MB) CPU [1%@729,0%@729,0%@729,1%@729,91%@1728,0%@1728] GR3D_FREQ 36% cpu@54.468C soc2@52.312C soc0@53.937C gpu@54.968C tj@54.968C soc1@54.031C VDD_IN 9334mW/8344mW VDD_CPU_GPU_CV 2604mW/2059mW VDD_SOC 3685mW/3466mW
08-01-2026 01:22:35 RAM 3373/7620MB (lfb 8x2MB) SWAP 7/3810MB (cached 0MB) CPU [2%@729,0%@729,0%@729,0%@729,89%@1728,0%@1728] GR3D_FREQ 36% cpu@54.593C soc2@52.343C soc0@53.937C gpu@54.906C tj@54.906C soc1@53.937C VDD_IN 9334mW/8352mW VDD_CPU_GPU_CV 2564mW/2063mW VDD_SOC 3685mW/3468mW
08-01-2026 01:22:36 RAM 3373/7620MB (lfb 8x2MB) SWAP 7/3810MB (cached 0MB) CPU [1%@729,0%@729,0%@729,1%@729,90%@1728,0%@1728] GR3D_FREQ 39% cpu@54.625C soc2@52.25C soc0@54.218C gpu@55.031C tj@55.031C soc1@53.937C VDD_IN 9334mW/8359mW VDD_CPU_GPU_CV 2560mW/2067mW VDD_SOC 3685mW/3470mW
08-01-2026 01:22:37 RAM 3373/7620MB (lfb 8x2MB) SWAP 7/3810MB (cached 0MB) CPU [1%@729,0%@729,1%@729,0%@729,91%@1728,0%@1728] GR3D_FREQ 39% cpu@54.781C soc2@52.25C soc0@53.937C gpu@55C tj@55C soc1@54.031C VDD_IN 9309mW/8367mW VDD_CPU_GPU_CV 2520mW/2071mW VDD_SOC 3725mW/3472mW
08-01-2026 01:22:38 RAM 3373/7620MB (lfb 8x2MB) SWAP 7/3810MB (cached 0MB) CPU [1%@729,0%@729,1%@729,0%@729,91%@1728,0%@1728] GR3D_FREQ 40% cpu@54.562C soc2@52.406C soc0@54.093C gpu@54.906C tj@54.906C soc1@54.093C VDD_IN 9309mW/8374mW VDD_CPU_GPU_CV 2520mW/2074mW VDD_SOC 3725mW/3474mW
08-01-2026 01:22:39 RAM 3373/7620MB (lfb 8x2MB) SWAP 7/3810MB (cached 0MB) CPU [1%@729,1%@729,1%@729,0%@729,90%@1728,0%@1728] GR3D_FREQ 39% cpu@54.593C soc2@52.437C soc0@54.125C gpu@55C tj@55C soc1@54.25C VDD_IN 9269mW/8380mW VDD_CPU_GPU_CV 2524mW/2077mW VDD_SOC 3685mW/3475mW
08-01-2026 01:22:40 RAM 3373/7620MB (lfb 8x2MB) SWAP 7/3810MB (cached 0MB) CPU [1%@729,0%@729,0%@729,1%@729,91%@1728,0%@1728] GR3D_FREQ 39% cpu@54.718C soc2@52.5C soc0@54.187C gpu@54.968C tj@54.968C soc1@54.093C VDD_IN 9269mW/8387mW VDD_CPU_GPU_CV 2520mW/2081mW VDD_SOC 3685mW/3477mW
08-01-2026 01:22:41 RAM 3373/7620MB (lfb 8x2MB) SWAP 7/3810MB (cached 0MB) CPU [1%@729,0%@729,1%@729,0%@729,90%@1728,0%@1728] GR3D_FREQ 40% cpu@54.906C soc2@52.406C soc0@54.125C gpu@55.031C tj@55.031C soc1@54.187C VDD_IN 9269mW/8394mW VDD_CPU_GPU_CV 2440mW/2083mW VDD_SOC 3685mW/3478mW
08-01-2026 01:22:42 RAM 3373/7620MB (lfb 8x2MB) SWAP 7/3810MB (cached 0MB) CPU [0%@729,0%@729,0%@729,0%@729,89%@1728,0%@1728] GR3D_FREQ 40% cpu@54.843C soc2@52.531C soc0@54.156C gpu@54.968C tj@55.281C soc1@54.187C VDD_IN 9229mW/8400mW VDD_CPU_GPU_CV 2480mW/2086mW VDD_SOC 3685mW/3480mW
08-01-2026 01:22:43 RAM 3373/7620MB (lfb 8x2MB) SWAP 7/3810MB (cached 0MB) CPU [1%@729,0%@729,0%@729,0%@729,90%@1728,0%@1728] GR3D_FREQ 39% cpu@54.625C soc2@52.5C soc0@54.187C gpu@55.343C tj@55.343C soc1@54.25C VDD_IN 9229mW/8406mW VDD_CPU_GPU_CV 2524mW/2089mW VDD_SOC 3645mW/3481mW
08-01-2026 01:22:44 RAM 3373/7620MB (lfb 8x2MB) SWAP 7/3810MB (cached 0MB) CPU [1%@729,0%@729,0%@729,0%@729,90%@1728,0%@1728] GR3D_FREQ 37% cpu@54.75C soc2@52.5C soc0@54.312C gpu@55.375C tj@55.375C soc1@54.218C VDD_IN 9269mW/8412mW VDD_CPU_GPU_CV 2440mW/2092mW VDD_SOC 3685mW/3483mW
08-01-2026 01:22:45 RAM 3373/7620MB (lfb 8x2MB) SWAP 7/3810MB (cached 0MB) CPU [0%@729,1%@729,1%@729,0%@729,90%@1728,0%@1728] GR3D_FREQ 39% cpu@54.812C soc2@52.468C soc0@54.375C gpu@55.375C tj@55.375C soc1@54.218C VDD_IN 9269mW/8418mW VDD_CPU_GPU_CV 2483mW/2095mW VDD_SOC 3685mW/3484mW
08-01-2026 01:22:46 RAM 3373/7620MB (lfb 8x2MB) SWAP 7/3810MB (cached 0MB) CPU [1%@729,0%@729,0%@729,0%@729,90%@1728,0%@1728] GR3D_FREQ 37% cpu@55.093C soc2@52.5C soc0@54.343C gpu@55.093C tj@55.093C soc1@54.281C VDD_IN 9094mW/8423mW VDD_CPU_GPU_CV 2524mW/2098mW VDD_SOC 3685mW/3485mW
08-01-2026 01:22:47 RAM 3373/7620MB (lfb 8x2MB) SWAP 7/3810MB (cached 0MB) CPU [1%@729,0%@729,1%@729,1%@729,25%@1728,65%@1728] GR3D_FREQ 39% cpu@54.531C soc2@52.531C soc0@54.375C gpu@55.156C tj@55.156C soc1@54.437C VDD_IN 9189mW/8428mW VDD_CPU_GPU_CV 2483mW/2101mW VDD_SOC 3685mW/3487mW
08-01-2026 01:22:48 RAM 3373/7620MB (lfb 8x2MB) SWAP 7/3810MB (cached 0MB) CPU [0%@729,0%@729,1%@729,0%@729,0%@1728,90%@1728] GR3D_FREQ 39% cpu@54.593C soc2@52.687C soc0@54.375C gpu@55.25C tj@55.25C soc1@54.281C VDD_IN 9189mW/8434mW VDD_CPU_GPU_CV 2483mW/2103mW VDD_SOC 3685mW/3488mW
08-01-2026 01:22:49 RAM 3373/7620MB (lfb 8x2MB) SWAP 7/3810MB (cached 0MB) CPU [1%@729,0%@729,0%@729,0%@729,0%@1728,90%@1728] GR3D_FREQ 40% cpu@54.75C soc2@52.656C soc0@54.5C gpu@55.531C tj@55.531C soc1@54.281C VDD_IN 9229mW/8439mW VDD_CPU_GPU_CV 2524mW/2106mW VDD_SOC 3645mW/3489mW
08-01-2026 01:22:50 RAM 3373/7620MB (lfb 8x2MB) SWAP 7/3810MB (cached 0MB) CPU [0%@729,2%@729,0%@729,1%@729,0%@1728,90%@1728] GR3D_FREQ 40% cpu@54.843C soc2@52.687C soc0@54.375C gpu@55.562C tj@55.562C soc1@54.437C VDD_IN 9229mW/8445mW VDD_CPU_GPU_CV 2400mW/2108mW VDD_SOC 3685mW/3491mW
08-01-2026 01:22:51 RAM 3373/7620MB (lfb 8x2MB) SWAP 7/3810MB (cached 0MB) CPU [2%@729,0%@729,0%@729,1%@729,0%@1728,91%@1728] GR3D_FREQ 39% cpu@54.593C soc2@52.75C soc0@54.5C gpu@55.625C tj@55.625C soc1@54.531C VDD_IN 9109mW/8449mW VDD_CPU_GPU_CV 2443mW/2111mW VDD_SOC 3685mW/3492mW
08-01-2026 01:22:52 RAM 3373/7620MB (lfb 8x2MB) SWAP 7/3810MB (cached 0MB) CPU [1%@729,0%@729,0%@729,2%@729,0%@1728,90%@1728] GR3D_FREQ 40% cpu@54.718C soc2@52.875C soc0@54.531C gpu@55.312C tj@55.312C soc1@54.468C VDD_IN 9109mW/8454mW VDD_CPU_GPU_CV 2403mW/2113mW VDD_SOC 3645mW/3493mW
08-01-2026 01:22:53 RAM 3373/7620MB (lfb 8x2MB) SWAP 7/3810MB (cached 0MB) CPU [0%@729,0%@729,0%@729,1%@729,0%@1728,91%@1728] GR3D_FREQ 40% cpu@54.781C soc2@52.687C soc0@54.625C gpu@55.437C tj@55.437C soc1@54.437C VDD_IN 9068mW/8458mW VDD_CPU_GPU_CV 2443mW/2115mW VDD_SOC 3645mW/3494mW
08-01-2026 01:22:54 RAM 3373/7620MB (lfb 8x2MB) SWAP 7/3810MB (cached 0MB) CPU [1%@729,1%@729,0%@729,0%@729,0%@1728,91%@1728] GR3D_FREQ 40% cpu@54.875C soc2@52.75C soc0@54.468C gpu@55.343C tj@55.343C soc1@54.562C VDD_IN 9068mW/8462mW VDD_CPU_GPU_CV 2363mW/2116mW VDD_SOC 3645mW/3495mW
08-01-2026 01:22:55 RAM 3373/7620MB (lfb 8x2MB) SWAP 7/3810MB (cached 0MB) CPU [1%@729,0%@729,0%@729,1%@729,80%@1728,8%@1728] GR3D_FREQ 40% cpu@55.093C soc2@52.812C soc0@54.625C gpu@55.375C tj@55.375C soc1@54.656C VDD_IN 9068mW/8466mW VDD_CPU_GPU_CV 2363mW/2118mW VDD_SOC 3645mW/3496mW
08-01-2026 01:22:56 RAM 3373/7620MB (lfb 8x2MB) SWAP 7/3810MB (cached 0MB) CPU [1%@1728,0%@1728,1%@1728,81%@1728,9%@729,0%@729] GR3D_FREQ 40% cpu@55.218C soc2@52.968C soc0@54.625C gpu@55.406C tj@55.406C soc1@54.718C VDD_IN 9149mW/8471mW VDD_CPU_GPU_CV 2280mW/2119mW VDD_SOC 3645mW/3497mW
08-01-2026 01:22:57 RAM 3373/7620MB (lfb 8x2MB) SWAP 7/3810MB (cached 0MB) CPU [1%@1728,0%@1728,1%@1728,89%@1728,0%@729,0%@729] GR3D_FREQ 37% cpu@55.218C soc2@52.906C soc0@54.687C gpu@55.375C tj@55.375C soc1@54.656C VDD_IN 9109mW/8475mW VDD_CPU_GPU_CV 2323mW/2121mW VDD_SOC 3645mW/3498mW
08-01-2026 01:22:58 RAM 3373/7620MB (lfb 8x2MB) SWAP 7/3810MB (cached 0MB) CPU [0%@1728,0%@1728,0%@1728,91%@1728,0%@729,0%@729] GR3D_FREQ 40% cpu@55.343C soc2@53C soc0@54.593C gpu@55.5C tj@55.5C soc1@54.718C VDD_IN 9109mW/8479mW VDD_CPU_GPU_CV 2283mW/2122mW VDD_SOC 3645mW/3499mW
08-01-2026 01:22:59 RAM 3373/7620MB (lfb 8x2MB) SWAP 7/3810MB (cached 0MB) CPU [0%@1728,0%@1728,0%@1728,91%@1728,0%@729,0%@729] GR3D_FREQ 36% cpu@55.125C soc2@53.062C soc0@54.656C gpu@55.468C tj@55.468C soc1@54.75C VDD_IN 8988mW/8483mW VDD_CPU_GPU_CV 2280mW/2123mW VDD_SOC 3691mW/3500mW
08-01-2026 01:23:00 RAM 3373/7620MB (lfb 8x2MB) SWAP 7/3810MB (cached 0MB) CPU [1%@1728,0%@1728,0%@1728,91%@1728,0%@729,0%@729] GR3D_FREQ 39% cpu@55.531C soc2@53.031C soc0@54.687C gpu@55.625C tj@55.625C soc1@54.687C VDD_IN 8988mW/8486mW VDD_CPU_GPU_CV 2240mW/2123mW VDD_SOC 3691mW/3502mW
08-01-2026 01:23:01 RAM 3373/7620MB (lfb 8x2MB) SWAP 7/3810MB (cached 0MB) CPU [1%@1728,0%@1728,0%@1728,90%@1728,0%@729,0%@729] GR3D_FREQ 39% cpu@55.312C soc2@53.031C soc0@54.75C gpu@55.718C tj@55.718C soc1@54.906C VDD_IN 9028mW/8489mW VDD_CPU_GPU_CV 2323mW/2125mW VDD_SOC 3605mW/3502mW
08-01-2026 01:23:02 RAM 3374/7620MB (lfb 8x2MB) SWAP 7/3810MB (cached 0MB) CPU [1%@729,0%@729,0%@729,3%@729,0%@1728,88%@1728] GR3D_FREQ 40% cpu@54.937C soc2@53.062C soc0@54.781C gpu@55.718C tj@55.718C soc1@54.687C VDD_IN 8988mW/8493mW VDD_CPU_GPU_CV 2323mW/2126mW VDD_SOC 3645mW/3503mW
08-01-2026 01:23:03 RAM 3374/7620MB (lfb 8x2MB) SWAP 7/3810MB (cached 0MB) CPU [1%@729,0%@729,2%@729,0%@729,0%@1728,90%@1728] GR3D_FREQ 39% cpu@55.312C soc2@53.062C soc0@54.75C gpu@55.656C tj@55.656C soc1@54.906C VDD_IN 9028mW/8496mW VDD_CPU_GPU_CV 2283mW/2127mW VDD_SOC 3605mW/3504mW
08-01-2026 01:23:04 RAM 3374/7620MB (lfb 8x2MB) SWAP 7/3810MB (cached 0MB) CPU [2%@729,0%@729,0%@729,0%@729,1%@1728,89%@1728] GR3D_FREQ 34% cpu@55.062C soc2@53.093C soc0@54.781C gpu@55.75C tj@55.531C soc1@54.968C VDD_IN 8948mW/8499mW VDD_CPU_GPU_CV 2283mW/2128mW VDD_SOC 3605mW/3504mW
08-01-2026 01:23:05 RAM 3374/7620MB (lfb 8x2MB) SWAP 7/3810MB (cached 0MB) CPU [2%@729,0%@729,2%@729,0%@729,90%@1728,0%@1728] GR3D_FREQ 40% cpu@55.187C soc2@53.125C soc0@54.906C gpu@55.562C tj@55.562C soc1@55.031C VDD_IN 8788mW/8501mW VDD_CPU_GPU_CV 2283mW/2129mW VDD_SOC 3651mW/3505mW
08-01-2026 01:23:06 RAM 3374/7620MB (lfb 8x2MB) SWAP 7/3810MB (cached 0MB) CPU [1%@729,0%@729,1%@729,0%@729,91%@1728,0%@1728] GR3D_FREQ 25% cpu@55.093C soc2@53.218C soc0@54.968C gpu@55.718C tj@55.718C soc1@54.812C VDD_IN 8988mW/8504mW VDD_CPU_GPU_CV 2323mW/2130mW VDD_SOC 3645mW/3506mW
08-01-2026 01:23:07 RAM 3374/7620MB (lfb 8x2MB) SWAP 7/3810MB (cached 0MB) CPU [1%@729,0%@729,0%@729,0%@729,91%@1728,0%@1728] GR3D_FREQ 94% cpu@55.406C soc2@53.125C soc0@55.062C gpu@55.875C tj@55.875C soc1@54.906C VDD_IN 9068mW/8507mW VDD_CPU_GPU_CV 2360mW/2132mW VDD_SOC 3685mW/3507mW
08-01-2026 01:23:08 RAM 3374/7620MB (lfb 8x2MB) SWAP 7/3810MB (cached 0MB) CPU [1%@729,0%@729,1%@729,1%@729,90%@1728,0%@1728] GR3D_FREQ 91% cpu@55.656C soc2@53.25C soc0@54.875C gpu@56.031C tj@56.031C soc1@54.937C VDD_IN 9109mW/8511mW VDD_CPU_GPU_CV 2400mW/2133mW VDD_SOC 3685mW/3508mW
08-01-2026 01:23:09 RAM 3374/7620MB (lfb 8x2MB) SWAP 7/3810MB (cached 0MB) CPU [1%@729,0%@729,1%@729,0%@729,89%@1728,0%@1728] GR3D_FREQ 99% cpu@55.125C soc2@53.25C soc0@54.875C gpu@56.375C tj@56.375C soc1@55.062C VDD_IN 9269mW/8516mW VDD_CPU_GPU_CV 2440mW/2135mW VDD_SOC 3685mW/3510mW
08-01-2026 01:23:10 RAM 3374/7620MB (lfb 8x2MB) SWAP 7/3810MB (cached 0MB) CPU [0%@729,1%@729,1%@729,0%@729,90%@1728,0%@1728] GR3D_FREQ 99% cpu@55.156C soc2@53.25C soc0@54.968C gpu@56.375C tj@56.375C soc1@54.968C VDD_IN 9309mW/8520mW VDD_CPU_GPU_CV 2400mW/2137mW VDD_SOC 3685mW/3511mW
08-01-2026 01:23:11 RAM 3374/7620MB (lfb 8x2MB) SWAP 7/3810MB (cached 0MB) CPU [2%@729,0%@729,1%@729,1%@729,89%@1574,0%@1574] GR3D_FREQ 99% cpu@55.25C soc2@53.281C soc0@55.156C gpu@56.375C tj@56.375C soc1@55C VDD_IN 9309mW/8525mW VDD_CPU_GPU_CV 2520mW/2139mW VDD_SOC 3725mW/3512mW
08-01-2026 01:23:12 RAM 3374/7620MB (lfb 8x2MB) SWAP 7/3810MB (cached 0MB) CPU [1%@729,0%@729,2%@729,1%@729,90%@1344,0%@1344] GR3D_FREQ 99% cpu@55.5C soc2@53.218C soc0@54.937C gpu@56.125C tj@56.125C soc1@55.062C VDD_IN 9229mW/8529mW VDD_CPU_GPU_CV 2480mW/2141mW VDD_SOC 3725mW/3513mW
08-01-2026 01:23:13 RAM 3374/7620MB (lfb 8x2MB) SWAP 7/3810MB (cached 0MB) CPU [1%@729,0%@729,1%@729,0%@729,89%@1344,0%@1344] GR3D_FREQ 99% cpu@55.312C soc2@53.406C soc0@55.093C gpu@56.375C tj@56.375C soc1@55.093C VDD_IN 9389mW/8535mW VDD_CPU_GPU_CV 2560mW/2144mW VDD_SOC 3766mW/3515mW
08-01-2026 01:23:14 RAM 3374/7620MB (lfb 8x2MB) SWAP 7/3810MB (cached 0MB) CPU [1%@729,1%@729,0%@729,0%@729,89%@1344,0%@1344] GR3D_FREQ 99% cpu@55.437C soc2@53.312C soc0@55.093C gpu@56.562C tj@56.562C soc1@55.187C VDD_IN 9495mW/8540mW VDD_CPU_GPU_CV 2640mW/2147mW VDD_SOC 3806mW/3516mW
08-01-2026 01:23:15 RAM 3374/7620MB (lfb 8x2MB) SWAP 7/3810MB (cached 0MB) CPU [1%@729,0%@729,0%@729,0%@729,89%@960,0%@960] GR3D_FREQ 99% cpu@55.5C soc2@53.375C soc0@55.156C gpu@56.343C tj@56.343C soc1@55.062C VDD_IN 9470mW/8546mW VDD_CPU_GPU_CV 2560mW/2149mW VDD_SOC 3806mW/3518mW
08-01-2026 01:23:16 RAM 3374/7620MB (lfb 8x2MB) SWAP 7/3810MB (cached 0MB) CPU [1%@729,0%@729,1%@729,0%@729,89%@1036,0%@1036] GR3D_FREQ 99% cpu@55.375C soc2@53.406C soc0@55.062C gpu@56.812C tj@56.812C soc1@55.093C VDD_IN 9550mW/8552mW VDD_CPU_GPU_CV 2560mW/2151mW VDD_SOC 3806mW/3520mW
08-01-2026 01:23:17 RAM 3374/7620MB (lfb 8x2MB) SWAP 7/3810MB (cached 0MB) CPU [1%@729,0%@729,0%@729,1%@729,90%@960,0%@960] GR3D_FREQ 99% cpu@55.687C soc2@53.437C soc0@55.125C gpu@56.906C tj@56.906C soc1@55.093C VDD_IN 9655mW/8558mW VDD_CPU_GPU_CV 2640mW/2154mW VDD_SOC 3806mW/3522mW
08-01-2026 01:23:18 RAM 3374/7620MB (lfb 8x2MB) SWAP 7/3810MB (cached 0MB) CPU [1%@729,0%@729,0%@729,0%@729,89%@806,0%@806] GR3D_FREQ 99% cpu@55.5C soc2@53.406C soc0@55.25C gpu@57.031C tj@57.031C soc1@55.312C VDD_IN 9855mW/8566mW VDD_CPU_GPU_CV 2760mW/2158mW VDD_SOC 3886mW/3524mW
08-01-2026 01:23:19 RAM 3374/7620MB (lfb 8x2MB) SWAP 7/3810MB (cached 0MB) CPU [0%@729,0%@729,0%@729,1%@729,90%@1728,0%@1728] GR3D_FREQ 99% cpu@55.437C soc2@53.531C soc0@55.25C gpu@56.781C tj@56.781C soc1@55.25C VDD_IN 10016mW/8574mW VDD_CPU_GPU_CV 2840mW/2162mW VDD_SOC 3920mW/3526mW
08-01-2026 01:23:20 RAM 3374/7620MB (lfb 8x2MB) SWAP 7/3810MB (cached 0MB) CPU [2%@729,0%@729,1%@729,1%@729,91%@1728,0%@1728] GR3D_FREQ 85% cpu@55.687C soc2@53.531C soc0@55.156C gpu@57.031C tj@57.031C soc1@55.218C VDD_IN 10336mW/8584mW VDD_CPU_GPU_CV 3035mW/2167mW VDD_SOC 3960mW/3528mW
08-01-2026 01:23:21 RAM 3374/7620MB (lfb 8x2MB) SWAP 7/3810MB (cached 0MB) CPU [1%@729,0%@729,0%@729,1%@729,89%@1190,0%@1190] GR3D_FREQ 89% cpu@55.593C soc2@53.531C soc0@55.218C gpu@57.218C tj@57.062C soc1@55.25C VDD_IN 10576mW/8596mW VDD_CPU_GPU_CV 3194mW/2173mW VDD_SOC 4000mW/3531mW
08-01-2026 01:23:22 RAM 3374/7620MB (lfb 8x2MB) SWAP 7/3810MB (cached 0MB) CPU [1%@729,0%@729,0%@729,1%@729,90%@1036,0%@1036] GR3D_FREQ 99% cpu@55.656C soc2@53.531C soc0@55.25C gpu@57.125C tj@57.125C soc1@55.187C VDD_IN 10680mW/8607mW VDD_CPU_GPU_CV 3274mW/2179mW VDD_SOC 4040mW/3534mW
08-01-2026 01:23:23 RAM 3374/7620MB (lfb 8x2MB) SWAP 7/3810MB (cached 0MB) CPU [1%@729,0%@729,0%@729,0%@729,89%@960,0%@960] GR3D_FREQ 99% cpu@55.843C soc2@53.687C soc0@55.281C gpu@57.281C tj@57.281C soc1@55.25C VDD_IN 10840mW/8620mW VDD_CPU_GPU_CV 3434mW/2186mW VDD_SOC 4080mW/3537mW
08-01-2026 01:23:24 RAM 3374/7620MB (lfb 8x2MB) SWAP 7/3810MB (cached 0MB) CPU [1%@729,1%@729,1%@729,0%@729,90%@960,0%@960] GR3D_FREQ 99% cpu@56.062C soc2@53.593C soc0@55.343C gpu@57.406C tj@57.406C soc1@55.343C VDD_IN 10960mW/8633mW VDD_CPU_GPU_CV 3474mW/2193mW VDD_SOC 4120mW/3540mW
08-01-2026 01:23:25 RAM 3374/7620MB (lfb 8x2MB) SWAP 7/3810MB (cached 0MB) CPU [1%@729,0%@729,0%@729,1%@729,90%@729,0%@729] GR3D_FREQ 99% cpu@56C soc2@53.687C soc0@55.187C gpu@57.593C tj@57.593C soc1@55.343C VDD_IN 11400mW/8649mW VDD_CPU_GPU_CV 3708mW/2202mW VDD_SOC 4153mW/3544mW
08-01-2026 01:23:26 RAM 3374/7620MB (lfb 8x2MB) SWAP 7/3810MB (cached 0MB) CPU [1%@729,0%@729,0%@729,0%@729,89%@1574,0%@1574] GR3D_FREQ 99% cpu@55.812C soc2@53.687C soc0@55.343C gpu@57.468C tj@57.468C soc1@55.468C VDD_IN 11200mW/8663mW VDD_CPU_GPU_CV 3628mW/2210mW VDD_SOC 4153mW/3547mW
08-01-2026 01:23:27 RAM 3374/7620MB (lfb 8x2MB) SWAP 7/3810MB (cached 0MB) CPU [1%@729,0%@729,1%@729,0%@729,90%@1574,0%@1574] GR3D_FREQ 99% cpu@55.781C soc2@53.718C soc0@55.375C gpu@57.468C tj@57.468C soc1@55.343C VDD_IN 11200mW/8677mW VDD_CPU_GPU_CV 3554mW/2217mW VDD_SOC 4113mW/3550mW
08-01-2026 01:23:28 RAM 3374/7620MB (lfb 8x2MB) SWAP 7/3810MB (cached 0MB) CPU [0%@1574,0%@1574,3%@1574,0%@1574,89%@1574,0%@1574] GR3D_FREQ 96% cpu@56.093C soc2@53.718C soc0@55.406C gpu@57.468C tj@57.468C soc1@55.281C VDD_IN 11240mW/8691mW VDD_CPU_GPU_CV 3594mW/2225mW VDD_SOC 4113mW/3553mW
08-01-2026 01:23:29 RAM 3374/7620MB (lfb 8x2MB) SWAP 7/3810MB (cached 0MB) CPU [8%@1651,0%@1651,84%@1651,0%@1651,0%@729,0%@729] GR3D_FREQ 77% cpu@55.968C soc2@53.75C soc0@55.375C gpu@57.343C tj@57.343C soc1@55.312C VDD_IN 11240mW/8705mW VDD_CPU_GPU_CV 3628mW/2232mW VDD_SOC 4153mW/3557mW
08-01-2026 01:23:30 RAM 3374/7620MB (lfb 8x2MB) SWAP 7/3810MB (cached 0MB) CPU [91%@883,0%@883,0%@883,0%@883,0%@729,0%@729] GR3D_FREQ 99% cpu@55.781C soc2@53.843C soc0@55.343C gpu@57.406C tj@57.406C soc1@55.468C VDD_IN 10800mW/8716mW VDD_CPU_GPU_CV 3434mW/2239mW VDD_SOC 4080mW/3560mW
08-01-2026 01:23:31 RAM 3374/7620MB (lfb 8x2MB) SWAP 7/3810MB (cached 0MB) CPU [91%@1113,0%@1113,1%@1113,0%@1113,0%@729,0%@729] GR3D_FREQ 99% cpu@55.812C soc2@53.875C soc0@55.5C gpu@57.5C tj@57.5C soc1@55.375C VDD_IN 10920mW/8728mW VDD_CPU_GPU_CV 3514mW/2246mW VDD_SOC 4120mW/3563mW
08-01-2026 01:23:32 RAM 3374/7620MB (lfb 8x2MB) SWAP 7/3810MB (cached 0MB) CPU [85%@1113,0%@1113,6%@1113,0%@1113,0%@729,0%@729] GR3D_FREQ 92% cpu@55.937C soc2@53.812C soc0@55.437C gpu@57.093C tj@57.093C soc1@55.468C VDD_IN 10456mW/8737mW VDD_CPU_GPU_CV 3154mW/2251mW VDD_SOC 4040mW/3565mW
08-01-2026 01:23:33 RAM 3374/7620MB (lfb 8x2MB) SWAP 7/3810MB (cached 0MB) CPU [0%@1728,3%@1728,88%@1728,1%@1728,0%@729,0%@729] GR3D_FREQ 94% cpu@55.875C soc2@53.75C soc0@55.437C gpu@57.437C tj@57.437C soc1@55.5C VDD_IN 10336mW/8746mW VDD_CPU_GPU_CV 3035mW/2255mW VDD_SOC 4000mW/3567mW
08-01-2026 01:23:34 RAM 3374/7620MB (lfb 8x2MB) SWAP 7/3810MB (cached 0MB) CPU [1%@1190,90%@1190,0%@1190,0%@1190,0%@729,0%@729] GR3D_FREQ 89% cpu@56.062C soc2@53.843C soc0@55.468C gpu@57.562C tj@57.562C soc1@55.562C VDD_IN 10616mW/8756mW VDD_CPU_GPU_CV 3234mW/2260mW VDD_SOC 4000mW/3570mW
08-01-2026 01:23:35 RAM 3374/7620MB (lfb 8x2MB) SWAP 7/3810MB (cached 0MB) CPU [1%@960,89%@960,0%@960,0%@960,0%@729,0%@729] GR3D_FREQ 99% cpu@55.812C soc2@53.937C soc0@55.562C gpu@57.843C tj@57.843C soc1@55.531C VDD_IN 10800mW/8767mW VDD_CPU_GPU_CV 3394mW/2266mW VDD_SOC 4080mW/3572mW
08-01-2026 01:23:36 RAM 3374/7620MB (lfb 8x2MB) SWAP 7/3810MB (cached 0MB) CPU [1%@806,90%@806,0%@806,0%@806,0%@729,0%@729] GR3D_FREQ 99% cpu@55.906C soc2@53.875C soc0@55.5C gpu@57.906C tj@57.906C soc1@55.406C VDD_IN 10960mW/8778mW VDD_CPU_GPU_CV 3594mW/2273mW VDD_SOC 4120mW/3575mW
08-01-2026 01:23:37 RAM 3374/7620MB (lfb 8x2MB) SWAP 7/3810MB (cached 0MB) CPU [1%@1651,84%@1651,0%@1651,6%@1651,0%@729,0%@729] GR3D_FREQ 99% cpu@56.031C soc2@53.968C soc0@55.656C gpu@57.875C tj@57.531C soc1@55.5C VDD_IN 11320mW/8792mW VDD_CPU_GPU_CV 3747mW/2281mW VDD_SOC 4153mW/3578mW
08-01-2026 01:23:38 RAM 3374/7620MB (lfb 8x2MB) SWAP 7/3810MB (cached 0MB) CPU [1%@1651,0%@1651,0%@1651,91%@1651,0%@729,0%@729] GR3D_FREQ 95% cpu@56.156C soc2@53.906C soc0@55.468C gpu@57.437C tj@57.437C soc1@55.531C VDD_IN 11240mW/8804mW VDD_CPU_GPU_CV 3708mW/2288mW VDD_SOC 4160mW/3581mW
08-01-2026 01:23:39 RAM 3374/7620MB (lfb 8x2MB) SWAP 7/3810MB (cached 0MB) CPU [0%@1651,0%@1651,0%@1651,90%@1651,0%@729,0%@729] GR3D_FREQ 32% cpu@56.125C soc2@53.906C soc0@55.593C gpu@57.25C tj@57.25C soc1@55.531C VDD_IN 11280mW/8817mW VDD_CPU_GPU_CV 3708mW/2295mW VDD_SOC 4153mW/3584mW
08-01-2026 01:23:40 RAM 3374/7620MB (lfb 8x2MB) SWAP 7/3810MB (cached 0MB) CPU [1%@1651,1%@1651,0%@1651,89%@1651,0%@729,0%@729] GR3D_FREQ 31% cpu@56.093C soc2@54C soc0@55.562C gpu@57.343C tj@57.343C soc1@55.625C VDD_IN 11320mW/8830mW VDD_CPU_GPU_CV 3747mW/2303mW VDD_SOC 4113mW/3587mW
08-01-2026 01:23:41 RAM 3374/7620MB (lfb 8x2MB) SWAP 7/3810MB (cached 0MB) CPU [5%@1574,0%@1574,4%@1574,80%@1574,0%@729,0%@729] GR3D_FREQ 99% cpu@55.968C soc2@53.968C soc0@55.593C gpu@56.968C tj@56.968C soc1@55.531C VDD_IN 10600mW/8839mW VDD_CPU_GPU_CV 3194mW/2308mW VDD_SOC 4120mW/3590mW
08-01-2026 01:23:42 RAM 3374/7620MB (lfb 8x2MB) SWAP 7/3810MB (cached 0MB) CPU [84%@1651,1%@1651,0%@1651,7%@1651,0%@729,0%@729] GR3D_FREQ 99% cpu@56.156C soc2@54C soc0@55.718C gpu@57.625C tj@57.625C soc1@55.625C VDD_IN 11280mW/8852mW VDD_CPU_GPU_CV 3708mW/2315mW VDD_SOC 4153mW/3593mW
08-01-2026 01:23:43 RAM 3374/7620MB (lfb 8x2MB) SWAP 7/3810MB (cached 0MB) CPU [1%@1728,5%@1728,1%@1728,86%@1728,1%@729,0%@729] GR3D_FREQ 50% cpu@56.093C soc2@54C soc0@55.562C gpu@57.5C tj@57.5C soc1@55.625C VDD_IN 11320mW/8864mW VDD_CPU_GPU_CV 3708mW/2322mW VDD_SOC 4153mW/3596mW
08-01-2026 01:23:44 RAM 3374/7620MB (lfb 8x2MB) SWAP 7/3810MB (cached 0MB) CPU [9%@1651,81%@1651,0%@1651,0%@1651,0%@729,0%@729] GR3D_FREQ 39% cpu@56.468C soc2@54.031C soc0@55.625C gpu@57.375C tj@57.625C soc1@55.718C VDD_IN 11280mW/8876mW VDD_CPU_GPU_CV 3668mW/2329mW VDD_SOC 4113mW/3598mW
08-01-2026 01:23:45 RAM 3374/7620MB (lfb 8x2MB) SWAP 7/3810MB (cached 0MB) CPU [89%@1651,1%@1651,0%@1651,0%@1651,0%@729,0%@729] GR3D_FREQ 50% cpu@56.062C soc2@54.093C soc0@55.625C gpu@57.75C tj@57.75C soc1@55.718C VDD_IN 11160mW/8888mW VDD_CPU_GPU_CV 3628mW/2335mW VDD_SOC 4153mW/3601mW
08-01-2026 01:23:46 RAM 3374/7620MB (lfb 8x2MB) SWAP 7/3810MB (cached 0MB) CPU [90%@1651,0%@1651,0%@1651,0%@1651,0%@729,0%@729] GR3D_FREQ 99% cpu@56.218C soc2@54.125C soc0@55.656C gpu@57.437C tj@57.437C soc1@55.687C VDD_IN 11240mW/8900mW VDD_CPU_GPU_CV 3708mW/2342mW VDD_SOC 4153mW/3604mW
08-01-2026 01:23:47 RAM 3374/7620MB (lfb 8x2MB) SWAP 7/3810MB (cached 0MB) CPU [91%@1651,0%@1651,1%@1651,0%@1651,0%@729,0%@729] GR3D_FREQ 45% cpu@56.25C soc2@54.218C soc0@55.812C gpu@57.437C tj@57.437C soc1@55.687C VDD_IN 11320mW/8912mW VDD_CPU_GPU_CV 3708mW/2349mW VDD_SOC 4153mW/3606mW
08-01-2026 01:23:48 RAM 3374/7620MB (lfb 8x2MB) SWAP 7/3810MB (cached 0MB) CPU [90%@1574,0%@1574,0%@1574,0%@1574,0%@729,0%@729] GR3D_FREQ 99% cpu@56.125C soc2@54.062C soc0@55.75C gpu@57.531C tj@57.531C soc1@55.718C VDD_IN 11120mW/8923mW VDD_CPU_GPU_CV 3668mW/2355mW VDD_SOC 4160mW/3609mW
08-01-2026 01:23:49 RAM 3374/7620MB (lfb 8x2MB) SWAP 7/3810MB (cached 0MB) CPU [92%@1651,0%@1651,0%@1651,0%@1651,0%@729,0%@729] GR3D_FREQ 85% cpu@56.281C soc2@54.156C soc0@55.75C gpu@57.656C tj@57.656C soc1@55.781C VDD_IN 11240mW/8934mW VDD_CPU_GPU_CV 3747mW/2362mW VDD_SOC 4153mW/3612mW
08-01-2026 01:23:50 RAM 3374/7620MB (lfb 8x2MB) SWAP 7/3810MB (cached 0MB) CPU [82%@1574,6%@1574,1%@1574,0%@1574,0%@729,0%@729] GR3D_FREQ 90% cpu@56.218C soc2@54.187C soc0@55.718C gpu@57.812C tj@57.812C soc1@55.843C VDD_IN 11160mW/8945mW VDD_CPU_GPU_CV 3628mW/2368mW VDD_SOC 4160mW/3615mW
08-01-2026 01:23:51 RAM 3374/7620MB (lfb 8x2MB) SWAP 7/3810MB (cached 0MB) CPU [1%@1574,90%@1574,0%@1574,0%@1574,0%@729,0%@729] GR3D_FREQ 99% cpu@56.062C soc2@54.25C soc0@55.781C gpu@57.718C tj@57.718C soc1@55.75C VDD_IN 11120mW/8956mW VDD_CPU_GPU_CV 3708mW/2375mW VDD_SOC 4160mW/3617mW
08-01-2026 01:23:52 RAM 3374/7620MB (lfb 8x2MB) SWAP 7/3810MB (cached 0MB) CPU [0%@1651,90%@1651,1%@1651,0%@1651,0%@729,0%@729] GR3D_FREQ 29% cpu@56.375C soc2@54.218C soc0@55.875C gpu@57.718C tj@57.718C soc1@55.875C VDD_IN 11360mW/8967mW VDD_CPU_GPU_CV 3747mW/2382mW VDD_SOC 4153mW/3620mW
08-01-2026 01:23:53 RAM 3374/7620MB (lfb 8x2MB) SWAP 7/3810MB (cached 0MB) CPU [1%@1728,90%@1728,0%@1728,0%@1728,0%@729,0%@729] GR3D_FREQ 30% cpu@56.281C soc2@54.187C soc0@55.718C gpu@57.562C tj@57.562C soc1@55.812C VDD_IN 11240mW/8978mW VDD_CPU_GPU_CV 3708mW/2388mW VDD_SOC 4153mW/3622mW
08-01-2026 01:23:54 RAM 3374/7620MB (lfb 8x2MB) SWAP 7/3810MB (cached 0MB) CPU [11%@1651,80%@1651,0%@1651,0%@1651,0%@729,0%@729] GR3D_FREQ 41% cpu@56.5C soc2@54.343C soc0@55.781C gpu@57.5C tj@57.5C soc1@55.906C VDD_IN 11400mW/8990mW VDD_CPU_GPU_CV 3708mW/2394mW VDD_SOC 4153mW/3625mW
08-01-2026 01:23:55 RAM 3374/7620MB (lfb 8x2MB) SWAP 7/3810MB (cached 0MB) CPU [89%@1651,1%@1651,1%@1651,0%@1651,0%@729,0%@729] GR3D_FREQ 29% cpu@56.25C soc2@54.25C soc0@55.812C gpu@57.437C tj@57.437C soc1@56.031C VDD_IN 11240mW/9001mW VDD_CPU_GPU_CV 3628mW/2400mW VDD_SOC 4153mW/3627mW
08-01-2026 01:23:56 RAM 3374/7620MB (lfb 8x2MB) SWAP 7/3810MB (cached 0MB) CPU [82%@1651,0%@1651,10%@1651,0%@1651,0%@729,0%@729] GR3D_FREQ 32% cpu@56.781C soc2@54.343C soc0@55.906C gpu@57.468C tj@57.468C soc1@55.843C VDD_IN 11320mW/9012mW VDD_CPU_GPU_CV 3668mW/2406mW VDD_SOC 4153mW/3630mW
08-01-2026 01:23:57 RAM 3374/7620MB (lfb 8x2MB) SWAP 7/3810MB (cached 0MB) CPU [1%@1574,0%@1574,89%@1574,0%@1574,0%@729,0%@729] GR3D_FREQ 28% cpu@56.937C soc2@54.187C soc0@55.968C gpu@57.531C tj@57.531C soc1@55.906C VDD_IN 11160mW/9022mW VDD_CPU_GPU_CV 3628mW/2412mW VDD_SOC 4160mW/3632mW
08-01-2026 01:23:58 RAM 3374/7620MB (lfb 8x2MB) SWAP 7/3810MB (cached 0MB) CPU [0%@1651,0%@1651,90%@1651,1%@1651,0%@729,0%@729] GR3D_FREQ 31% cpu@56.718C soc2@54.218C soc0@55.875C gpu@57.656C tj@57.656C soc1@55.843C VDD_IN 11200mW/9032mW VDD_CPU_GPU_CV 3668mW/2418mW VDD_SOC 4113mW/3635mW
08-01-2026 01:23:59 RAM 3374/7620MB (lfb 8x2MB) SWAP 7/3810MB (cached 0MB) CPU [2%@1574,0%@1574,89%@1574,0%@1574,1%@729,0%@729] GR3D_FREQ 59% cpu@56.687C soc2@54.343C soc0@55.906C gpu@57.625C tj@57.625C soc1@55.937C VDD_IN 11200mW/9042mW VDD_CPU_GPU_CV 3628mW/2424mW VDD_SOC 4113mW/3637mW
08-01-2026 01:24:00 RAM 3374/7620MB (lfb 8x2MB) SWAP 7/3810MB (cached 0MB) CPU [2%@1574,8%@1574,82%@1574,0%@1574,0%@729,1%@729] GR3D_FREQ 49% cpu@56.281C soc2@54.343C soc0@55.937C gpu@58C tj@58C soc1@55.843C VDD_IN 11200mW/9052mW VDD_CPU_GPU_CV 3668mW/2429mW VDD_SOC 4153mW/3639mW
08-01-2026 01:24:01 RAM 3374/7620MB (lfb 8x2MB) SWAP 7/3810MB (cached 0MB) CPU [8%@1651,83%@1728,0%@1728,1%@1728,0%@729,0%@729] GR3D_FREQ 62% cpu@56.343C soc2@54.343C soc0@56.031C gpu@57.843C tj@57.843C soc1@55.937C VDD_IN 11280mW/9063mW VDD_CPU_GPU_CV 3708mW/2435mW VDD_SOC 4153mW/3642mW
08-01-2026 01:24:02 RAM 3374/7620MB (lfb 8x2MB) SWAP 7/3810MB (cached 0MB) CPU [91%@1651,0%@1651,0%@1651,0%@1651,0%@729,0%@729] GR3D_FREQ 29% cpu@56.656C soc2@54.343C soc0@55.875C gpu@57.875C tj@57.875C soc1@55.906C VDD_IN 11320mW/9073mW VDD_CPU_GPU_CV 3708mW/2441mW VDD_SOC 4153mW/3644mW
08-01-2026 01:24:03 RAM 3374/7620MB (lfb 8x2MB) SWAP 7/3810MB (cached 0MB) CPU [82%@1651,10%@1651,0%@1651,0%@1651,0%@729,0%@729] GR3D_FREQ 38% cpu@56.312C soc2@54.343C soc0@55.968C gpu@57.906C tj@57.906C soc1@55.968C VDD_IN 11280mW/9083mW VDD_CPU_GPU_CV 3747mW/2447mW VDD_SOC 4153mW/3646mW
08-01-2026 01:24:04 RAM 3374/7620MB (lfb 8x2MB) SWAP 7/3810MB (cached 0MB) CPU [1%@1574,91%@1574,1%@1574,0%@1574,0%@729,0%@729] GR3D_FREQ 31% cpu@56.343C soc2@54.343C soc0@55.781C gpu@57.812C tj@57.812C soc1@55.968C VDD_IN 11160mW/9093mW VDD_CPU_GPU_CV 3747mW/2453mW VDD_SOC 4160mW/3649mW
08-01-2026 01:24:05 RAM 3374/7620MB (lfb 8x2MB) SWAP 7/3810MB (cached 0MB) CPU [8%@1651,83%@1651,0%@1651,1%@1651,0%@729,0%@729] GR3D_FREQ 35% cpu@56.343C soc2@54.406C soc0@55.906C gpu@57.843C tj@57.843C soc1@55.875C VDD_IN 11200mW/9102mW VDD_CPU_GPU_CV 3668mW/2459mW VDD_SOC 4153mW/3651mW
08-01-2026 01:24:06 RAM 3374/7620MB (lfb 8x2MB) SWAP 7/3810MB (cached 0MB) CPU [91%@1651,0%@1651,1%@1651,0%@1651,0%@729,0%@729] GR3D_FREQ 42% cpu@56.468C soc2@54.375C soc0@56C gpu@57.531C tj@57.531C soc1@55.875C VDD_IN 11280mW/9112mW VDD_CPU_GPU_CV 3747mW/2465mW VDD_SOC 4153mW/3653mW
08-01-2026 01:24:07 RAM 3374/7620MB (lfb 8x2MB) SWAP 7/3810MB (cached 0MB) CPU [90%@1574,0%@1574,0%@1574,1%@1574,0%@729,0%@729] GR3D_FREQ 25% cpu@56.531C soc2@54.343C soc0@55.937C gpu@57.593C tj@57.593C soc1@55.937C VDD_IN 11200mW/9122mW VDD_CPU_GPU_CV 3668mW/2470mW VDD_SOC 4113mW/3655mW
08-01-2026 01:24:08 RAM 3374/7620MB (lfb 8x2MB) SWAP 7/3810MB (cached 0MB) CPU [91%@1651,0%@1651,0%@1651,0%@1651,0%@729,0%@729] GR3D_FREQ 37% cpu@56.281C soc2@54.343C soc0@55.968C gpu@57.687C tj@57.687C soc1@55.968C VDD_IN 11320mW/9132mW VDD_CPU_GPU_CV 3708mW/2476mW VDD_SOC 4153mW/3658mW
08-01-2026 01:24:09 RAM 3374/7620MB (lfb 8x2MB) SWAP 7/3810MB (cached 0MB) CPU [89%@1574,0%@1574,1%@1574,0%@1574,0%@729,0%@729] GR3D_FREQ 52% cpu@56.343C soc2@54.343C soc0@55.937C gpu@57.656C tj@57.656C soc1@56.031C VDD_IN 11120mW/9141mW VDD_CPU_GPU_CV 3628mW/2481mW VDD_SOC 4160mW/3660mW
08-01-2026 01:24:10 RAM 3374/7620MB (lfb 8x2MB) SWAP 7/3810MB (cached 0MB) CPU [90%@1651,0%@1651,0%@1651,0%@1651,0%@729,0%@729] GR3D_FREQ 35% cpu@56.343C soc2@54.375C soc0@55.937C gpu@57.75C tj@57.75C soc1@55.906C VDD_IN 11280mW/9150mW VDD_CPU_GPU_CV 3668mW/2486mW VDD_SOC 4113mW/3662mW
08-01-2026 01:24:11 RAM 3374/7620MB (lfb 8x2MB) SWAP 7/3810MB (cached 0MB) CPU [92%@1651,0%@1651,0%@1651,1%@1651,0%@729,0%@729] GR3D_FREQ 60% cpu@56.468C soc2@54.343C soc0@56.093C gpu@57.75C tj@57.75C soc1@56.031C VDD_IN 11400mW/9160mW VDD_CPU_GPU_CV 3628mW/2491mW VDD_SOC 4153mW/3664mW
08-01-2026 01:24:12 RAM 3374/7620MB (lfb 8x2MB) SWAP 7/3810MB (cached 0MB) CPU [90%@1574,0%@1574,2%@1574,0%@1574,0%@729,0%@729] GR3D_FREQ 69% cpu@56.468C soc2@54.343C soc0@55.937C gpu@57.718C tj@57.718C soc1@55.968C VDD_IN 11240mW/9169mW VDD_CPU_GPU_CV 3588mW/2496mW VDD_SOC 4153mW/3666mW
08-01-2026 01:24:13 RAM 3374/7620MB (lfb 8x2MB) SWAP 7/3810MB (cached 0MB) CPU [90%@1651,0%@1651,0%@1651,0%@1651,0%@729,0%@729] GR3D_FREQ 48% cpu@56.281C soc2@54.406C soc0@55.937C gpu@57.843C tj@57.843C soc1@56.031C VDD_IN 11240mW/9179mW VDD_CPU_GPU_CV 3708mW/2501mW VDD_SOC 4153mW/3669mW
08-01-2026 01:24:14 RAM 3374/7620MB (lfb 8x2MB) SWAP 7/3810MB (cached 0MB) CPU [84%@1651,0%@1651,0%@1651,8%@1651,0%@729,0%@729] GR3D_FREQ 76% cpu@56.5C soc2@54.406C soc0@55.968C gpu@57.781C tj@57.781C soc1@56.062C VDD_IN 11200mW/9187mW VDD_CPU_GPU_CV 3747mW/2507mW VDD_SOC 4153mW/3671mW
08-01-2026 01:24:15 RAM 3374/7620MB (lfb 8x2MB) SWAP 7/3810MB (cached 0MB) CPU [0%@1651,0%@1651,0%@1651,90%@1651,0%@729,0%@729] GR3D_FREQ 29% cpu@56.5C soc2@54.468C soc0@56.031C gpu@57.718C tj@57.718C soc1@55.875C VDD_IN 11200mW/9196mW VDD_CPU_GPU_CV 3708mW/2512mW VDD_SOC 4193mW/3673mW
08-01-2026 01:24:16 RAM 3374/7620MB (lfb 8x2MB) SWAP 7/3810MB (cached 0MB) CPU [1%@729,0%@729,1%@729,87%@729,0%@729,0%@729] GR3D_FREQ 99% cpu@56.281C soc2@54.312C soc0@56.031C gpu@57.437C tj@57.437C soc1@56C VDD_IN 10760mW/9203mW VDD_CPU_GPU_CV 3194mW/2515mW VDD_SOC 4080mW/3675mW
08-01-2026 01:24:17 RAM 3374/7620MB (lfb 8x2MB) SWAP 7/3810MB (cached 0MB) CPU [1%@1651,7%@1651,0%@1651,84%@1651,0%@729,0%@729] GR3D_FREQ 77% cpu@56.437C soc2@54.437C soc0@55.843C gpu@57.937C tj@57.937C soc1@55.968C VDD_IN 11320mW/9212mW VDD_CPU_GPU_CV 3708mW/2520mW VDD_SOC 4153mW/3677mW
08-01-2026 01:24:18 RAM 3374/7620MB (lfb 8x2MB) SWAP 7/3810MB (cached 0MB) CPU [1%@1651,90%@1651,0%@1651,0%@1651,0%@729,0%@729] GR3D_FREQ 55% cpu@56.343C soc2@54.375C soc0@55.937C gpu@57.718C tj@57.875C soc1@55.968C VDD_IN 11280mW/9221mW VDD_CPU_GPU_CV 3708mW/2525mW VDD_SOC 4153mW/3679mW
08-01-2026 01:24:19 RAM 3375/7620MB (lfb 8x2MB) SWAP 7/3810MB (cached 0MB) CPU [1%@1651,90%@1651,0%@1651,1%@1651,0%@729,0%@729] GR3D_FREQ 30% cpu@56.343C soc2@54.406C soc0@56C gpu@57.75C tj@57.75C soc1@56.125C VDD_IN 11280mW/9230mW VDD_CPU_GPU_CV 3747mW/2531mW VDD_SOC 4153mW/3681mW
08-01-2026 01:24:20 RAM 3375/7620MB (lfb 8x2MB) SWAP 7/3810MB (cached 0MB) CPU [1%@1574,80%@1574,11%@1574,1%@1574,0%@729,0%@729] GR3D_FREQ 31% cpu@56.687C soc2@54.437C soc0@56.031C gpu@57.687C tj@57.687C soc1@55.968C VDD_IN 11160mW/9238mW VDD_CPU_GPU_CV 3668mW/2535mW VDD_SOC 4153mW/3683mW
08-01-2026 01:24:21 RAM 3375/7620MB (lfb 8x2MB) SWAP 7/3810MB (cached 0MB) CPU [1%@1651,0%@1651,91%@1651,0%@1651,0%@729,0%@729] GR3D_FREQ 37% cpu@56.906C soc2@54.375C soc0@56.031C gpu@57.843C tj@57.843C soc1@56.031C VDD_IN 11200mW/9246mW VDD_CPU_GPU_CV 3708mW/2540mW VDD_SOC 4153mW/3685mW
08-01-2026 01:24:22 RAM 3375/7620MB (lfb 8x2MB) SWAP 7/3810MB (cached 0MB) CPU [1%@1574,0%@1574,90%@1574,0%@1574,0%@729,0%@729] GR3D_FREQ 32% cpu@56.906C soc2@54.343C soc0@56.031C gpu@57.75C tj@57.75C soc1@55.875C VDD_IN 11200mW/9255mW VDD_CPU_GPU_CV 3628mW/2545mW VDD_SOC 4153mW/3687mW
08-01-2026 01:24:23 RAM 3375/7620MB (lfb 8x2MB) SWAP 7/3810MB (cached 0MB) CPU [1%@1651,0%@1651,91%@1651,0%@1651,0%@729,0%@729] GR3D_FREQ 44% cpu@56.75C soc2@54.375C soc0@56C gpu@57.687C tj@57.687C soc1@55.968C VDD_IN 11240mW/9263mW VDD_CPU_GPU_CV 3668mW/2550mW VDD_SOC 4153mW/3689mW
08-01-2026 01:24:24 RAM 3375/7620MB (lfb 8x2MB) SWAP 7/3810MB (cached 0MB) CPU [1%@1651,0%@1651,91%@1651,0%@1651,0%@729,0%@729] GR3D_FREQ 44% cpu@56.906C soc2@54.406C soc0@55.875C gpu@57.812C tj@57.468C soc1@56.093C VDD_IN 11240mW/9271mW VDD_CPU_GPU_CV 3668mW/2554mW VDD_SOC 4153mW/3691mW
08-01-2026 01:24:25 RAM 3375/7620MB (lfb 8x2MB) SWAP 7/3810MB (cached 0MB) CPU [2%@1651,0%@1651,90%@1651,1%@1651,0%@729,0%@729] GR3D_FREQ 53% cpu@56.687C soc2@54.375C soc0@56.031C gpu@57.406C tj@57.406C soc1@55.968C VDD_IN 11240mW/9280mW VDD_CPU_GPU_CV 3628mW/2559mW VDD_SOC 4113mW/3693mW
08-01-2026 01:24:26 RAM 3375/7620MB (lfb 8x2MB) SWAP 7/3810MB (cached 0MB) CPU [0%@1574,0%@1574,89%@1574,0%@1574,0%@729,0%@729] GR3D_FREQ 37% cpu@56.718C soc2@54.312C soc0@56.093C gpu@57.5C tj@57.5C soc1@55.906C VDD_IN 11120mW/9287mW VDD_CPU_GPU_CV 3588mW/2563mW VDD_SOC 4153mW/3694mW
08-01-2026 01:24:27 RAM 3375/7620MB (lfb 8x2MB) SWAP 7/3810MB (cached 0MB) CPU [1%@1651,0%@1651,90%@1651,0%@1651,0%@729,0%@729] GR3D_FREQ 42% cpu@57.093C soc2@54.343C soc0@56.062C gpu@57.531C tj@57.531C soc1@56C VDD_IN 11240mW/9295mW VDD_CPU_GPU_CV 3628mW/2568mW VDD_SOC 4153mW/3696mW
08-01-2026 01:24:28 RAM 3375/7620MB (lfb 8x2MB) SWAP 7/3810MB (cached 0MB) CPU [1%@1728,0%@1728,91%@1728,0%@1728,0%@729,0%@729] GR3D_FREQ 44% cpu@56.781C soc2@54.437C soc0@56.062C gpu@57.531C tj@57.531C soc1@56C VDD_IN 11280mW/9304mW VDD_CPU_GPU_CV 3668mW/2572mW VDD_SOC 4153mW/3698mW
08-01-2026 01:24:29 RAM 3375/7620MB (lfb 8x2MB) SWAP 7/3810MB (cached 0MB) CPU [1%@1651,0%@1651,90%@1651,0%@1651,0%@729,0%@729] GR3D_FREQ 44% cpu@56.843C soc2@54.343C soc0@55.843C gpu@57.5C tj@57.5C soc1@56.125C VDD_IN 11240mW/9312mW VDD_CPU_GPU_CV 3508mW/2576mW VDD_SOC 4153mW/3700mW
08-01-2026 01:24:30 RAM 3375/7620MB (lfb 8x2MB) SWAP 7/3810MB (cached 0MB) CPU [1%@1651,0%@1651,90%@1651,0%@1651,0%@729,0%@729] GR3D_FREQ 37% cpu@56.718C soc2@54.437C soc0@56C gpu@57.593C tj@57.593C soc1@56.031C VDD_IN 11200mW/9319mW VDD_CPU_GPU_CV 3668mW/2581mW VDD_SOC 4153mW/3702mW
08-01-2026 01:24:31 RAM 3374/7620MB (lfb 8x2MB) SWAP 7/3810MB (cached 0MB) CPU [1%@1728,0%@1728,90%@1728,1%@1728,0%@729,0%@729] GR3D_FREQ 43% cpu@56.843C soc2@54.5C soc0@56.062C gpu@57.562C tj@57.562C soc1@56.031C VDD_IN 11200mW/9327mW VDD_CPU_GPU_CV 3628mW/2585mW VDD_SOC 4153mW/3704mW
08-01-2026 01:24:32 RAM 3374/7620MB (lfb 8x2MB) SWAP 7/3810MB (cached 0MB) CPU [1%@1728,0%@1728,91%@1728,0%@1728,0%@729,0%@729] GR3D_FREQ 44% cpu@56.937C soc2@54.406C soc0@55.968C gpu@57.906C tj@57.906C soc1@56.031C VDD_IN 11200mW/9335mW VDD_CPU_GPU_CV 3668mW/2589mW VDD_SOC 4153mW/3706mW
08-01-2026 01:24:33 RAM 3374/7620MB (lfb 8x2MB) SWAP 7/3810MB (cached 0MB) CPU [14%@1728,0%@1728,76%@1728,1%@1728,0%@729,0%@729] GR3D_FREQ 44% cpu@56.406C soc2@54.406C soc0@55.968C gpu@57.406C tj@57.406C soc1@56.031C VDD_IN 11240mW/9342mW VDD_CPU_GPU_CV 3628mW/2593mW VDD_SOC 4153mW/3707mW
08-01-2026 01:24:34 RAM 3374/7620MB (lfb 8x2MB) SWAP 7/3810MB (cached 0MB) CPU [78%@1728,0%@1728,13%@1728,0%@1728,0%@729,0%@729] GR3D_FREQ 43% cpu@57C soc2@54.375C soc0@55.937C gpu@57.406C tj@57.406C soc1@56.125C VDD_IN 11280mW/9350mW VDD_CPU_GPU_CV 3747mW/2598mW VDD_SOC 4153mW/3709mW
08-01-2026 01:24:35 RAM 3374/7620MB (lfb 8x2MB) SWAP 7/3810MB (cached 0MB) CPU [0%@1728,0%@1728,91%@1728,0%@1728,0%@729,0%@729] GR3D_FREQ 44% cpu@56.875C soc2@54.468C soc0@56.031C gpu@57.437C tj@57.437C soc1@55.968C VDD_IN 11280mW/9358mW VDD_CPU_GPU_CV 3628mW/2602mW VDD_SOC 4153mW/3711mW
08-01-2026 01:24:36 RAM 3374/7620MB (lfb 8x2MB) SWAP 7/3810MB (cached 0MB) CPU [1%@1728,1%@1728,90%@1728,1%@1728,0%@729,0%@729] GR3D_FREQ 42% cpu@56.968C soc2@54.375C soc0@56.093C gpu@57.437C tj@57.437C soc1@55.968C VDD_IN 11200mW/9365mW VDD_CPU_GPU_CV 3628mW/2606mW VDD_SOC 4153mW/3713mW
08-01-2026 01:24:37 RAM 3374/7620MB (lfb 8x2MB) SWAP 7/3810MB (cached 0MB) CPU [1%@1728,14%@1728,76%@1728,0%@1728,0%@729,0%@729] GR3D_FREQ 49% cpu@56.625C soc2@54.375C soc0@56.25C gpu@57.375C tj@57.375C soc1@56.093C VDD_IN 11200mW/9373mW VDD_CPU_GPU_CV 3628mW/2610mW VDD_SOC 4153mW/3715mW
08-01-2026 01:24:39 RAM 3374/7620MB (lfb 8x2MB) SWAP 7/3810MB (cached 0MB) CPU [0%@1728,90%@1728,0%@1728,0%@1728,1%@729,0%@729] GR3D_FREQ 50% cpu@56.375C soc2@54.406C soc0@56.031C gpu@57.375C tj@57.375C soc1@56.031C VDD_IN 11320mW/9380mW VDD_CPU_GPU_CV 3668mW/2615mW VDD_SOC 4153mW/3716mW
08-01-2026 01:24:40 RAM 3374/7620MB (lfb 8x2MB) SWAP 7/3810MB (cached 0MB) CPU [17%@1728,75%@1728,0%@1728,0%@1728,0%@729,0%@729] GR3D_FREQ 46% cpu@56.625C soc2@54.437C soc0@56.062C gpu@57.593C tj@57.593C soc1@56.125C VDD_IN 11160mW/9387mW VDD_CPU_GPU_CV 3668mW/2619mW VDD_SOC 4153mW/3718mW
08-01-2026 01:24:41 RAM 3374/7620MB (lfb 8x2MB) SWAP 7/3810MB (cached 0MB) CPU [92%@1728,0%@1728,0%@1728,0%@1728,0%@729,1%@729] GR3D_FREQ 50% cpu@56.625C soc2@54.531C soc0@56.031C gpu@57.531C tj@57.531C soc1@56.031C VDD_IN 11200mW/9394mW VDD_CPU_GPU_CV 3668mW/2623mW VDD_SOC 4113mW/3720mW
08-01-2026 01:24:42 RAM 3374/7620MB (lfb 8x2MB) SWAP 7/3810MB (cached 0MB) CPU [90%@1728,0%@1728,0%@1728,0%@1728,0%@729,0%@729] GR3D_FREQ 50% cpu@56.468C soc2@54.531C soc0@56.125C gpu@57.625C tj@57.625C soc1@56.031C VDD_IN 11200mW/9402mW VDD_CPU_GPU_CV 3628mW/2627mW VDD_SOC 4113mW/3721mW
08-01-2026 01:24:43 RAM 3374/7620MB (lfb 8x2MB) SWAP 7/3810MB (cached 0MB) CPU [76%@1728,15%@1728,0%@1728,0%@1728,0%@729,0%@729] GR3D_FREQ 47% cpu@56.625C soc2@54.406C soc0@56.093C gpu@57.531C tj@57.531C soc1@56.093C VDD_IN 11320mW/9409mW VDD_CPU_GPU_CV 3668mW/2631mW VDD_SOC 4113mW/3723mW
08-01-2026 01:24:44 RAM 3374/7620MB (lfb 8x2MB) SWAP 7/3810MB (cached 0MB) CPU [16%@1728,75%@1728,1%@1728,0%@1728,0%@729,0%@729] GR3D_FREQ 45% cpu@56.531C soc2@54.562C soc0@56C gpu@57.562C tj@57.562C soc1@56.031C VDD_IN 11120mW/9416mW VDD_CPU_GPU_CV 3628mW/2635mW VDD_SOC 4153mW/3724mW
08-01-2026 01:24:45 RAM 3374/7620MB (lfb 8x2MB) SWAP 7/3810MB (cached 0MB) CPU [91%@1728,0%@1728,0%@1728,0%@1728,1%@729,0%@729] GR3D_FREQ 46% cpu@56.593C soc2@54.593C soc0@56.093C gpu@57.625C tj@57.625C soc1@56.062C VDD_IN 11160mW/9422mW VDD_CPU_GPU_CV 3668mW/2639mW VDD_SOC 4153mW/3726mW
08-01-2026 01:24:46 RAM 3374/7620MB (lfb 8x2MB) SWAP 7/3810MB (cached 0MB) CPU [91%@1728,0%@1728,0%@1728,0%@1728,0%@729,0%@729] GR3D_FREQ 41% cpu@56.531C soc2@54.625C soc0@56.093C gpu@57.593C tj@57.593C soc1@56.187C VDD_IN 11200mW/9429mW VDD_CPU_GPU_CV 3668mW/2643mW VDD_SOC 4113mW/3727mW
08-01-2026 01:24:47 RAM 3374/7620MB (lfb 8x2MB) SWAP 7/3810MB (cached 0MB) CPU [89%@1728,0%@1728,1%@1728,0%@1728,0%@729,1%@729] GR3D_FREQ 53% cpu@56.625C soc2@54.531C soc0@56.093C gpu@57.718C tj@57.718C soc1@56.031C VDD_IN 11120mW/9436mW VDD_CPU_GPU_CV 3628mW/2647mW VDD_SOC 4113mW/3729mW
08-01-2026 01:24:48 RAM 3374/7620MB (lfb 8x2MB) SWAP 7/3810MB (cached 0MB) CPU [91%@1728,0%@1728,0%@1728,0%@1728,0%@729,0%@729] GR3D_FREQ 45% cpu@56.656C soc2@54.468C soc0@56.25C gpu@57.75C tj@57.468C soc1@56.125C VDD_IN 11240mW/9443mW VDD_CPU_GPU_CV 3668mW/2650mW VDD_SOC 4113mW/3730mW
08-01-2026 01:24:49 RAM 3374/7620MB (lfb 8x2MB) SWAP 7/3810MB (cached 0MB) CPU [89%@1728,0%@1728,1%@1728,0%@1728,1%@729,0%@729] GR3D_FREQ 40% cpu@56.5C soc2@54.406C soc0@56.062C gpu@57.531C tj@57.531C soc1@56.062C VDD_IN 11120mW/9449mW VDD_CPU_GPU_CV 3588mW/2654mW VDD_SOC 4160mW/3732mW
08-01-2026 01:24:50 RAM 3374/7620MB (lfb 8x2MB) SWAP 7/3810MB (cached 0MB) CPU [89%@1574,0%@1574,0%@1574,0%@1574,0%@729,0%@729] GR3D_FREQ 35% cpu@56.687C soc2@54.531C soc0@56C gpu@57.562C tj@57.562C soc1@56.125C VDD_IN 11120mW/9456mW VDD_CPU_GPU_CV 3588mW/2658mW VDD_SOC 4153mW/3734mW
08-01-2026 01:24:51 RAM 3374/7620MB (lfb 8x2MB) SWAP 7/3810MB (cached 0MB) CPU [79%@1651,0%@1651,11%@1651,0%@1651,1%@729,1%@729] GR3D_FREQ 35% cpu@56.75C soc2@54.406C soc0@56.125C gpu@57.531C tj@57.531C soc1@56.187C VDD_IN 11200mW/9462mW VDD_CPU_GPU_CV 3668mW/2661mW VDD_SOC 4153mW/3735mW
08-01-2026 01:24:52 RAM 3374/7620MB (lfb 8x2MB) SWAP 7/3810MB (cached 0MB) CPU [1%@1728,0%@1728,91%@1728,0%@1728,0%@729,0%@729] GR3D_FREQ 41% cpu@57C soc2@54.562C soc0@56.031C gpu@57.593C tj@57.593C soc1@56.031C VDD_IN 11240mW/9469mW VDD_CPU_GPU_CV 3747mW/2666mW VDD_SOC 4153mW/3737mW
08-01-2026 01:24:53 RAM 3374/7620MB (lfb 8x2MB) SWAP 7/3810MB (cached 0MB) CPU [15%@1728,1%@1728,77%@1728,0%@1728,0%@729,0%@729] GR3D_FREQ 44% cpu@56.687C soc2@54.5C soc0@56.187C gpu@57.625C tj@57.625C soc1@56.031C VDD_IN 11200mW/9475mW VDD_CPU_GPU_CV 3747mW/2670mW VDD_SOC 4153mW/3738mW
08-01-2026 01:24:54 RAM 3374/7620MB (lfb 8x2MB) SWAP 7/3810MB (cached 0MB) CPU [88%@1651,0%@1651,0%@1651,0%@1651,0%@729,0%@729] GR3D_FREQ 37% cpu@56.531C soc2@54.406C soc0@56.062C gpu@57.5C tj@57.5C soc1@56.093C VDD_IN 10760mW/9480mW VDD_CPU_GPU_CV 3274mW/2672mW VDD_SOC 4120mW/3740mW
08-01-2026 01:24:55 RAM 3374/7620MB (lfb 8x2MB) SWAP 7/3810MB (cached 0MB) CPU [90%@1651,1%@1651,0%@1651,0%@1651,0%@729,0%@729] GR3D_FREQ 35% cpu@56.75C soc2@54.5C soc0@56.125C gpu@57.781C tj@57.781C soc1@56.281C VDD_IN 11240mW/9487mW VDD_CPU_GPU_CV 3668mW/2676mW VDD_SOC 4113mW/3741mW
08-01-2026 01:24:56 RAM 3375/7620MB (lfb 8x2MB) SWAP 7/3810MB (cached 0MB) CPU [92%@1651,0%@1651,1%@1651,1%@1651,0%@729,1%@729] GR3D_FREQ 39% cpu@56.375C soc2@54.5C soc0@56.062C gpu@58.031C tj@58.031C soc1@56.187C VDD_IN 11280mW/9493mW VDD_CPU_GPU_CV 3747mW/2680mW VDD_SOC 4153mW/3743mW
08-01-2026 01:24:57 RAM 3375/7620MB (lfb 8x2MB) SWAP 7/3810MB (cached 0MB) CPU [89%@1574,0%@1574,0%@1574,0%@1574,0%@729,1%@729] GR3D_FREQ 29% cpu@56.593C soc2@54.531C soc0@56.125C gpu@57.625C tj@57.625C soc1@56.093C VDD_IN 11280mW/9500mW VDD_CPU_GPU_CV 3588mW/2683mW VDD_SOC 4153mW/3744mW
08-01-2026 01:24:58 RAM 3375/7620MB (lfb 8x2MB) SWAP 7/3810MB (cached 0MB) CPU [92%@1651,0%@1651,0%@1651,1%@1651,0%@729,0%@729] GR3D_FREQ 31% cpu@56.718C soc2@54.562C soc0@56.218C gpu@57.593C tj@57.593C soc1@56.156C VDD_IN 11400mW/9507mW VDD_CPU_GPU_CV 3668mW/2687mW VDD_SOC 4153mW/3746mW
08-01-2026 01:24:59 RAM 3375/7620MB (lfb 8x2MB) SWAP 7/3810MB (cached 0MB) CPU [90%@1574,0%@1574,0%@1574,0%@1574,0%@729,0%@729] GR3D_FREQ 29% cpu@56.593C soc2@54.562C soc0@56.187C gpu@57.75C tj@57.75C soc1@56.062C VDD_IN 11240mW/9513mW VDD_CPU_GPU_CV 3628mW/2690mW VDD_SOC 4153mW/3747mW
08-01-2026 01:25:00 RAM 3375/7620MB (lfb 8x2MB) SWAP 7/3810MB (cached 0MB) CPU [91%@1651,0%@1651,0%@1651,0%@1651,0%@729,0%@729] GR3D_FREQ 28% cpu@56.718C soc2@54.593C soc0@56.031C gpu@57.687C tj@57.687C soc1@56.25C VDD_IN 11320mW/9520mW VDD_CPU_GPU_CV 3708mW/2694mW VDD_SOC 4113mW/3749mW
08-01-2026 01:25:01 RAM 3375/7620MB (lfb 8x2MB) SWAP 7/3810MB (cached 0MB) CPU [90%@1651,0%@1651,0%@1651,1%@1651,0%@729,0%@729] GR3D_FREQ 40% cpu@56.343C soc2@54.656C soc0@56.125C gpu@57.906C tj@57.906C soc1@56.156C VDD_IN 11240mW/9526mW VDD_CPU_GPU_CV 3588mW/2697mW VDD_SOC 4153mW/3750mW
08-01-2026 01:25:02 RAM 3382/7620MB (lfb 8x2MB) SWAP 7/3810MB (cached 0MB) CPU [91%@883,4%@883,5%@883,2%@883,2%@729,1%@729] GR3D_FREQ 99% cpu@56.437C soc2@54.593C soc0@56.156C gpu@57.593C tj@57.593C soc1@56.312C VDD_IN 10800mW/9531mW VDD_CPU_GPU_CV 3274mW/2699mW VDD_SOC 4080mW/3751mW
08-01-2026 01:25:03 RAM 3382/7620MB (lfb 8x2MB) SWAP 7/3810MB (cached 0MB) CPU [91%@1728,1%@1728,1%@1728,0%@1728,0%@729,0%@729] GR3D_FREQ 99% cpu@56.625C soc2@54.593C soc0@56.25C gpu@58.156C tj@58.156C soc1@56.062C VDD_IN 10496mW/9534mW VDD_CPU_GPU_CV 3075mW/2700mW VDD_SOC 4000mW/3752mW
08-01-2026 01:25:04 RAM 3382/7620MB (lfb 8x2MB) SWAP 7/3810MB (cached 0MB) CPU [89%@1728,0%@1728,0%@1728,0%@1728,0%@729,0%@729] GR3D_FREQ 91% cpu@56.687C soc2@54.5C soc0@56.062C gpu@57.906C tj@57.906C soc1@56.281C VDD_IN 10216mW/9537mW VDD_CPU_GPU_CV 2960mW/2701mW VDD_SOC 3960mW/3753mW
08-01-2026 01:25:05 RAM 3382/7620MB (lfb 8x2MB) SWAP 7/3810MB (cached 0MB) CPU [91%@1728,1%@1728,0%@1728,0%@1728,0%@729,0%@729] GR3D_FREQ 90% cpu@56.531C soc2@54.5C soc0@56.218C gpu@57.937C tj@57.937C soc1@56.187C VDD_IN 10256mW/9539mW VDD_CPU_GPU_CV 2995mW/2702mW VDD_SOC 3960mW/3754mW
08-01-2026 01:25:06 RAM 3382/7620MB (lfb 8x2MB) SWAP 7/3810MB (cached 0MB) CPU [91%@1728,0%@1728,0%@1728,0%@1728,0%@729,1%@729] GR3D_FREQ 89% cpu@56.437C soc2@54.562C soc0@56.125C gpu@58.218C tj@58.218C soc1@56.187C VDD_IN 10520mW/9543mW VDD_CPU_GPU_CV 3234mW/2704mW VDD_SOC 4000mW/3755mW
08-01-2026 01:25:07 RAM 3382/7620MB (lfb 8x2MB) SWAP 7/3810MB (cached 0MB) CPU [90%@1728,1%@1728,0%@1728,0%@1728,0%@729,1%@729] GR3D_FREQ 82% cpu@56.343C soc2@54.5C soc0@56.125C gpu@57.906C tj@57.906C soc1@56.093C VDD_IN 10176mW/9545mW VDD_CPU_GPU_CV 2915mW/2705mW VDD_SOC 3960mW/3755mW
08-01-2026 01:25:08 RAM 3382/7620MB (lfb 8x2MB) SWAP 7/3810MB (cached 0MB) CPU [86%@1728,5%@1728,0%@1728,0%@1728,0%@729,0%@729] GR3D_FREQ 94% cpu@56.468C soc2@54.468C soc0@56.281C gpu@57.906C tj@57.906C soc1@56.062C VDD_IN 10336mW/9548mW VDD_CPU_GPU_CV 3075mW/2706mW VDD_SOC 3960mW/3756mW
08-01-2026 01:25:09 RAM 3382/7620MB (lfb 8x2MB) SWAP 7/3810MB (cached 0MB) CPU [1%@1728,85%@1728,0%@1728,5%@1728,0%@729,0%@729] GR3D_FREQ 90% cpu@56.718C soc2@54.375C soc0@56.187C gpu@57.718C tj@57.718C soc1@56.125C VDD_IN 10440mW/9551mW VDD_CPU_GPU_CV 3154mW/2708mW VDD_SOC 3960mW/3757mW
08-01-2026 01:25:10 RAM 3382/7620MB (lfb 8x2MB) SWAP 7/3810MB (cached 0MB) CPU [1%@1728,0%@1728,0%@1728,88%@1728,0%@729,1%@729] GR3D_FREQ 99% cpu@56.375C soc2@54.5C soc0@56.062C gpu@57.718C tj@57.718C soc1@56.187C VDD_IN 10176mW/9553mW VDD_CPU_GPU_CV 2995mW/2709mW VDD_SOC 3920mW/3757mW
08-01-2026 01:25:11 RAM 3382/7620MB (lfb 8x2MB) SWAP 7/3810MB (cached 0MB) CPU [1%@1728,0%@1728,6%@1728,86%@1728,0%@729,0%@729] GR3D_FREQ 89% cpu@56.781C soc2@54.5C soc0@56.218C gpu@57.937C tj@57.937C soc1@56.187C VDD_IN 10456mW/9557mW VDD_CPU_GPU_CV 3075mW/2710mW VDD_SOC 4000mW/3758mW
08-01-2026 01:25:12 RAM 3382/7620MB (lfb 8x2MB) SWAP 7/3810MB (cached 0MB) CPU [0%@1728,0%@1728,84%@1728,5%@1728,0%@729,0%@729] GR3D_FREQ 88% cpu@56.593C soc2@54.5C soc0@56.218C gpu@58C tj@58C soc1@56.031C VDD_IN 10560mW/9560mW VDD_CPU_GPU_CV 3194mW/2712mW VDD_SOC 4000mW/3759mW
08-01-2026 01:25:13 RAM 3382/7620MB (lfb 8x2MB) SWAP 7/3810MB (cached 0MB) CPU [0%@1190,6%@1190,0%@1190,84%@1190,1%@729,0%@729] GR3D_FREQ 99% cpu@56.656C soc2@54.531C soc0@56.218C gpu@58.093C tj@58.093C soc1@56.093C VDD_IN 10680mW/9564mW VDD_CPU_GPU_CV 3274mW/2714mW VDD_SOC 4040mW/3760mW
08-01-2026 01:25:14 RAM 3382/7620MB (lfb 8x2MB) SWAP 7/3810MB (cached 0MB) CPU [7%@960,83%@960,0%@960,0%@960,0%@729,1%@729] GR3D_FREQ 99% cpu@56.718C soc2@54.562C soc0@56.125C gpu@58.593C tj@58.593C soc1@56.093C VDD_IN 10920mW/9569mW VDD_CPU_GPU_CV 3474mW/2717mW VDD_SOC 4080mW/3761mW
08-01-2026 01:25:15 RAM 3382/7620MB (lfb 8x2MB) SWAP 7/3810MB (cached 0MB) CPU [91%@883,0%@883,0%@883,0%@883,0%@729,0%@729] GR3D_FREQ 99% cpu@56.531C soc2@54.593C soc0@56.218C gpu@58.562C tj@58.562C soc1@56.281C VDD_IN 11160mW/9574mW VDD_CPU_GPU_CV 3747mW/2720mW VDD_SOC 4153mW/3762mW
08-01-2026 01:25:16 RAM 3382/7620MB (lfb 8x2MB) SWAP 7/3810MB (cached 0MB) CPU [91%@883,0%@883,0%@883,0%@883,0%@729,0%@729] GR3D_FREQ 99% cpu@56.593C soc2@54.625C soc0@56.25C gpu@58.5C tj@58.5C soc1@56.343C VDD_IN 10920mW/9579mW VDD_CPU_GPU_CV 3434mW/2723mW VDD_SOC 4113mW/3764mW
08-01-2026 01:25:17 RAM 3382/7620MB (lfb 8x2MB) SWAP 7/3810MB (cached 0MB) CPU [85%@729,1%@729,0%@729,0%@729,0%@883,6%@883] GR3D_FREQ 99% cpu@56.781C soc2@54.562C soc0@56.343C gpu@58.343C tj@58.343C soc1@56.125C VDD_IN 11080mW/9584mW VDD_CPU_GPU_CV 3508mW/2725mW VDD_SOC 4073mW/3765mW
08-01-2026 01:25:18 RAM 3382/7620MB (lfb 8x2MB) SWAP 7/3810MB (cached 0MB) CPU [1%@729,0%@729,0%@729,0%@729,0%@1651,90%@1651] GR3D_FREQ 69% cpu@56.687C soc2@54.468C soc0@56.156C gpu@58.187C tj@58.187C soc1@56.25C VDD_IN 11440mW/9590mW VDD_CPU_GPU_CV 3747mW/2729mW VDD_SOC 4153mW/3766mW
08-01-2026 01:25:19 RAM 3382/7620MB (lfb 8x2MB) SWAP 7/3810MB (cached 0MB) CPU [1%@729,1%@729,1%@729,1%@729,1%@1651,90%@1651] GR3D_FREQ 47% cpu@56.812C soc2@54.562C soc0@56.187C gpu@57.937C tj@57.937C soc1@56.125C VDD_IN 11360mW/9597mW VDD_CPU_GPU_CV 3708mW/2732mW VDD_SOC 4153mW/3767mW
08-01-2026 01:25:20 RAM 3382/7620MB (lfb 8x2MB) SWAP 7/3810MB (cached 0MB) CPU [1%@729,0%@729,0%@729,0%@729,0%@1651,90%@1651] GR3D_FREQ 31% cpu@56.593C soc2@54.593C soc0@56.187C gpu@57.843C tj@57.843C soc1@56.156C VDD_IN 11240mW/9602mW VDD_CPU_GPU_CV 3628mW/2735mW VDD_SOC 4153mW/3769mW
08-01-2026 01:25:21 RAM 3382/7620MB (lfb 8x2MB) SWAP 7/3810MB (cached 0MB) CPU [0%@729,0%@729,0%@729,1%@729,0%@1574,90%@1574] GR3D_FREQ 33% cpu@56.593C soc2@54.531C soc0@56.218C gpu@58.218C tj@58.218C soc1@56.093C VDD_IN 11360mW/9608mW VDD_CPU_GPU_CV 3787mW/2739mW VDD_SOC 4153mW/3770mW
08-01-2026 01:25:22 RAM 3382/7620MB (lfb 8x2MB) SWAP 7/3810MB (cached 0MB) CPU [1%@729,0%@729,0%@729,0%@729,1%@1651,90%@1651] GR3D_FREQ 42% cpu@56.687C soc2@54.5C soc0@56.093C gpu@57.656C tj@57.656C soc1@56.218C VDD_IN 11240mW/9614mW VDD_CPU_GPU_CV 3668mW/2742mW VDD_SOC 4153mW/3771mW
08-01-2026 01:25:23 RAM 3382/7620MB (lfb 8x2MB) SWAP 7/3810MB (cached 0MB) CPU [0%@729,0%@729,0%@729,1%@729,0%@1651,90%@1651] GR3D_FREQ 43% cpu@56.5C soc2@54.562C soc0@56.25C gpu@57.562C tj@57.562C soc1@56.218C VDD_IN 11320mW/9619mW VDD_CPU_GPU_CV 3708mW/2745mW VDD_SOC 4153mW/3773mW
08-01-2026 01:25:24 RAM 3382/7620MB (lfb 8x2MB) SWAP 7/3810MB (cached 0MB) CPU [1%@729,0%@729,0%@729,1%@729,0%@1728,89%@1728] GR3D_FREQ 49% cpu@56.5C soc2@54.562C soc0@56.218C gpu@57.718C tj@57.718C soc1@56.375C VDD_IN 11200mW/9625mW VDD_CPU_GPU_CV 3668mW/2748mW VDD_SOC 4153mW/3774mW
08-01-2026 01:25:25 RAM 3382/7620MB (lfb 8x2MB) SWAP 7/3810MB (cached 0MB) CPU [1%@729,0%@729,0%@729,1%@729,0%@1728,90%@1728] GR3D_FREQ 43% cpu@56.718C soc2@54.625C soc0@56.187C gpu@57.75C tj@57.75C soc1@56.25C VDD_IN 11280mW/9630mW VDD_CPU_GPU_CV 3668mW/2751mW VDD_SOC 4153mW/3775mW
08-01-2026 01:25:26 RAM 3382/7620MB (lfb 8x2MB) SWAP 7/3810MB (cached 0MB) CPU [1%@729,0%@729,0%@729,1%@729,0%@1728,90%@1728] GR3D_FREQ 44% cpu@56.875C soc2@54.468C soc0@56.375C gpu@57.718C tj@57.718C soc1@56.25C VDD_IN 11240mW/9636mW VDD_CPU_GPU_CV 3628mW/2754mW VDD_SOC 4153mW/3776mW
08-01-2026 01:25:27 RAM 3382/7620MB (lfb 8x2MB) SWAP 7/3810MB (cached 0MB) CPU [1%@729,0%@729,0%@729,0%@729,1%@1574,87%@1574] GR3D_FREQ 32% cpu@56.625C soc2@54.406C soc0@56.218C gpu@57.593C tj@57.593C soc1@56.187C VDD_IN 10720mW/9639mW VDD_CPU_GPU_CV 3154mW/2756mW VDD_SOC 4120mW/3778mW
08-01-2026 01:25:28 RAM 3382/7620MB (lfb 8x2MB) SWAP 7/3810MB (cached 0MB) CPU [1%@729,0%@729,0%@729,0%@729,0%@1651,90%@1651] GR3D_FREQ 44% cpu@56.468C soc2@54.531C soc0@56.156C gpu@57.562C tj@57.562C soc1@56.375C VDD_IN 11280mW/9645mW VDD_CPU_GPU_CV 3747mW/2759mW VDD_SOC 4153mW/3779mW
08-01-2026 01:25:29 RAM 3382/7620MB (lfb 8x2MB) SWAP 7/3810MB (cached 0MB) CPU [1%@729,0%@729,0%@729,0%@729,1%@1728,90%@1728] GR3D_FREQ 43% cpu@56.5C soc2@54.593C soc0@56.187C gpu@57.593C tj@57.593C soc1@56.218C VDD_IN 11240mW/9650mW VDD_CPU_GPU_CV 3628mW/2762mW VDD_SOC 4153mW/3780mW
08-01-2026 01:25:30 RAM 3382/7620MB (lfb 8x2MB) SWAP 7/3810MB (cached 0MB) CPU [1%@729,0%@729,0%@729,0%@729,1%@1728,90%@1728] GR3D_FREQ 45% cpu@56.625C soc2@54.531C soc0@56.281C gpu@57.656C tj@57.656C soc1@56.187C VDD_IN 11400mW/9656mW VDD_CPU_GPU_CV 3708mW/2765mW VDD_SOC 4153mW/3781mW
08-01-2026 01:25:31 RAM 3382/7620MB (lfb 8x2MB) SWAP 7/3810MB (cached 0MB) CPU [1%@729,1%@729,0%@729,0%@729,1%@1728,89%@1728] GR3D_FREQ 47% cpu@56.937C soc2@54.562C soc0@56.25C gpu@57.593C tj@57.593C soc1@56.312C VDD_IN 11240mW/9661mW VDD_CPU_GPU_CV 3628mW/2768mW VDD_SOC 4153mW/3783mW
08-01-2026 01:25:32 RAM 3383/7620MB (lfb 8x2MB) SWAP 7/3810MB (cached 0MB) CPU [1%@729,1%@729,0%@729,0%@729,0%@1728,90%@1728] GR3D_FREQ 45% cpu@56.718C soc2@54.562C soc0@56.312C gpu@57.718C tj@57.718C soc1@56.25C VDD_IN 11160mW/9666mW VDD_CPU_GPU_CV 3628mW/2771mW VDD_SOC 4153mW/3784mW
08-01-2026 01:25:33 RAM 3383/7620MB (lfb 8x2MB) SWAP 7/3810MB (cached 0MB) CPU [1%@729,0%@729,0%@729,0%@729,1%@1728,90%@1728] GR3D_FREQ 27% cpu@56.5C soc2@54.531C soc0@56.187C gpu@57.687C tj@57.687C soc1@56.187C VDD_IN 11120mW/9671mW VDD_CPU_GPU_CV 3588mW/2773mW VDD_SOC 4113mW/3785mW
08-01-2026 01:25:34 RAM 3383/7620MB (lfb 8x2MB) SWAP 7/3810MB (cached 0MB) CPU [0%@729,0%@729,0%@729,0%@729,0%@1728,90%@1728] GR3D_FREQ 32% cpu@56.562C soc2@54.562C soc0@56.281C gpu@57.656C tj@57.656C soc1@56.218C VDD_IN 11120mW/9675mW VDD_CPU_GPU_CV 3588mW/2776mW VDD_SOC 4113mW/3786mW
08-01-2026 01:25:35 RAM 3383/7620MB (lfb 8x2MB) SWAP 7/3810MB (cached 0MB) CPU [1%@729,1%@729,0%@729,0%@729,0%@1728,90%@1728] GR3D_FREQ 22% cpu@56.625C soc2@54.5C soc0@56.375C gpu@57.625C tj@57.625C soc1@56.25C VDD_IN 11160mW/9680mW VDD_CPU_GPU_CV 3628mW/2779mW VDD_SOC 4073mW/3787mW
08-01-2026 01:25:36 RAM 3383/7620MB (lfb 8x2MB) SWAP 7/3810MB (cached 0MB) CPU [1%@729,0%@729,0%@729,0%@729,1%@1728,90%@1728] GR3D_FREQ 24% cpu@56.812C soc2@54.5C soc0@56.156C gpu@57.656C tj@57.656C soc1@56.25C VDD_IN 11040mW/9685mW VDD_CPU_GPU_CV 3548mW/2781mW VDD_SOC 4113mW/3788mW
08-01-2026 01:25:37 RAM 3383/7620MB (lfb 8x2MB) SWAP 7/3810MB (cached 0MB) CPU [0%@729,1%@729,0%@729,0%@729,0%@1728,89%@1728] GR3D_FREQ 23% cpu@56.781C soc2@54.625C soc0@56.281C gpu@57.375C tj@57.375C soc1@56.375C VDD_IN 11000mW/9689mW VDD_CPU_GPU_CV 3548mW/2784mW VDD_SOC 4113mW/3789mW
08-01-2026 01:25:38 RAM 3383/7620MB (lfb 8x2MB) SWAP 7/3810MB (cached 0MB) CPU [2%@729,0%@729,0%@729,0%@729,1%@1728,91%@1728] GR3D_FREQ 24% cpu@56.531C soc2@54.593C soc0@56.312C gpu@57.375C tj@57.375C soc1@56.156C VDD_IN 10960mW/9693mW VDD_CPU_GPU_CV 3508mW/2786mW VDD_SOC 4080mW/3790mW
08-01-2026 01:25:39 RAM 3383/7620MB (lfb 8x2MB) SWAP 7/3810MB (cached 0MB) CPU [1%@1728,21%@1728,1%@1728,0%@1728,0%@729,68%@729] GR3D_FREQ 24% cpu@56.906C soc2@54.687C soc0@56.281C gpu@57.593C tj@57.593C soc1@56.375C VDD_IN 10920mW/9697mW VDD_CPU_GPU_CV 3349mW/2788mW VDD_SOC 4073mW/3791mW
08-01-2026 01:25:40 RAM 3383/7620MB (lfb 8x2MB) SWAP 7/3810MB (cached 0MB) CPU [1%@1728,91%@1728,0%@1728,0%@1728,1%@729,0%@729] GR3D_FREQ 24% cpu@56.687C soc2@54.656C soc0@56.25C gpu@57.656C tj@57.656C soc1@56.218C VDD_IN 10800mW/9700mW VDD_CPU_GPU_CV 3474mW/2790mW VDD_SOC 4080mW/3792mW
08-01-2026 01:25:41 RAM 3383/7620MB (lfb 8x2MB) SWAP 7/3810MB (cached 0MB) CPU [0%@1728,90%@1728,0%@1728,0%@1728,0%@729,0%@729] GR3D_FREQ 24% cpu@56.781C soc2@54.687C soc0@56.25C gpu@57.687C tj@57.687C soc1@56.468C VDD_IN 10760mW/9704mW VDD_CPU_GPU_CV 3474mW/2792mW VDD_SOC 4040mW/3792mW
08-01-2026 01:25:42 RAM 3383/7620MB (lfb 8x2MB) SWAP 7/3810MB (cached 0MB) CPU [0%@1728,91%@1728,0%@1728,0%@1728,0%@729,0%@729] GR3D_FREQ 25% cpu@56.625C soc2@54.718C soc0@56.281C gpu@57.625C tj@57.625C soc1@56.375C VDD_IN 10840mW/9707mW VDD_CPU_GPU_CV 3354mW/2794mW VDD_SOC 4040mW/3793mW
08-01-2026 01:25:43 RAM 3383/7620MB (lfb 8x2MB) SWAP 7/3810MB (cached 0MB) CPU [2%@1728,89%@1728,0%@1728,0%@1728,0%@729,0%@729] GR3D_FREQ 22% cpu@56.781C soc2@54.687C soc0@56.343C gpu@57.718C tj@57.718C soc1@56.312C VDD_IN 10760mW/9711mW VDD_CPU_GPU_CV 3314mW/2796mW VDD_SOC 4000mW/3794mW
08-01-2026 01:25:44 RAM 3382/7620MB (lfb 8x2MB) SWAP 7/3810MB (cached 0MB) CPU [0%@1728,65%@1728,22%@1728,0%@1728,0%@729,0%@729] GR3D_FREQ 30% cpu@57.281C soc2@54.531C soc0@56.343C gpu@57.656C tj@57.656C soc1@56.312C VDD_IN 10496mW/9713mW VDD_CPU_GPU_CV 3035mW/2796mW VDD_SOC 4040mW/3795mW
08-01-2026 01:25:45 RAM 3382/7620MB (lfb 8x2MB) SWAP 7/3810MB (cached 0MB) CPU [1%@729,0%@729,68%@729,0%@729,0%@1728,21%@1728] GR3D_FREQ 24% cpu@56.625C soc2@54.531C soc0@56.187C gpu@57.437C tj@57.437C soc1@56.343C VDD_IN 10920mW/9717mW VDD_CPU_GPU_CV 3389mW/2798mW VDD_SOC 4033mW/3795mW
08-01-2026 01:25:46 RAM 3382/7620MB (lfb 8x2MB) SWAP 7/3810MB (cached 0MB) CPU [1%@1728,23%@1728,1%@1728,0%@1728,0%@729,67%@729] GR3D_FREQ 24% cpu@56.687C soc2@54.562C soc0@56.281C gpu@57.343C tj@57.343C soc1@56.375C VDD_IN 10800mW/9720mW VDD_CPU_GPU_CV 3434mW/2800mW VDD_SOC 4040mW/3796mW
08-01-2026 01:25:47 RAM 3382/7620MB (lfb 8x2MB) SWAP 7/3810MB (cached 0MB) CPU [1%@729,67%@729,7%@729,1%@729,17%@1728,0%@1728] GR3D_FREQ 24% cpu@56.718C soc2@54.562C soc0@56.312C gpu@57.406C tj@57.406C soc1@56.187C VDD_IN 10720mW/9724mW VDD_CPU_GPU_CV 3394mW/2802mW VDD_SOC 4040mW/3797mW
08-01-2026 01:25:48 RAM 3382/7620MB (lfb 8x2MB) SWAP 7/3810MB (cached 0MB) CPU [87%@1728,0%@1728,0%@1728,0%@1728,3%@729,0%@729] GR3D_FREQ 23% cpu@56.812C soc2@54.593C soc0@56.437C gpu@57.531C tj@57.781C soc1@56.187C VDD_IN 10760mW/9727mW VDD_CPU_GPU_CV 3394mW/2804mW VDD_SOC 4040mW/3798mW
08-01-2026 01:25:49 RAM 3382/7620MB (lfb 8x2MB) SWAP 7/3810MB (cached 0MB) CPU [91%@1728,0%@1728,0%@1728,0%@1728,0%@729,0%@729] GR3D_FREQ 22% cpu@57.031C soc2@54.687C soc0@56.156C gpu@57.343C tj@57.343C soc1@56.343C VDD_IN 10880mW/9730mW VDD_CPU_GPU_CV 3434mW/2806mW VDD_SOC 4040mW/3798mW
08-01-2026 01:25:50 RAM 3382/7620MB (lfb 8x2MB) SWAP 7/3810MB (cached 0MB) CPU [68%@1728,22%@1728,1%@1728,0%@1728,0%@729,0%@729] GR3D_FREQ 24% cpu@56.718C soc2@54.625C soc0@56.312C gpu@57.406C tj@57.406C soc1@56.406C VDD_IN 10840mW/9734mW VDD_CPU_GPU_CV 3434mW/2808mW VDD_SOC 4040mW/3799mW
08-01-2026 01:25:51 RAM 3382/7620MB (lfb 8x2MB) SWAP 7/3810MB (cached 0MB) CPU [1%@1728,91%@1728,0%@1728,0%@1728,1%@729,1%@729] GR3D_FREQ 24% cpu@56.75C soc2@54.656C soc0@56.312C gpu@57.312C tj@57.312C soc1@56.406C VDD_IN 10880mW/9737mW VDD_CPU_GPU_CV 3394mW/2810mW VDD_SOC 4033mW/3800mW
08-01-2026 01:25:52 RAM 3382/7620MB (lfb 8x2MB) SWAP 7/3810MB (cached 0MB) CPU [1%@1728,66%@1728,24%@1728,0%@1728,0%@729,0%@729] GR3D_FREQ 22% cpu@57.25C soc2@54.687C soc0@56.343C gpu@57.375C tj@57.375C soc1@56.25C VDD_IN 10680mW/9740mW VDD_CPU_GPU_CV 3394mW/2812mW VDD_SOC 4040mW/3801mW
08-01-2026 01:25:53 RAM 3382/7620MB (lfb 8x2MB) SWAP 7/3810MB (cached 0MB) CPU [0%@1728,25%@1728,65%@1728,0%@1728,0%@729,0%@729] GR3D_FREQ 22% cpu@56.781C soc2@54.625C soc0@56.437C gpu@57.312C tj@57.312C soc1@56.281C VDD_IN 10720mW/9743mW VDD_CPU_GPU_CV 3354mW/2813mW VDD_SOC 4000mW/3801mW
08-01-2026 01:25:54 RAM 3382/7620MB (lfb 8x2MB) SWAP 7/3810MB (cached 0MB) CPU [2%@1728,64%@1728,26%@1728,0%@1728,0%@729,0%@729] GR3D_FREQ 24% cpu@57.468C soc2@54.625C soc0@56.25C gpu@57.375C tj@57.468C soc1@56.312C VDD_IN 10600mW/9746mW VDD_CPU_GPU_CV 3314mW/2815mW VDD_SOC 4000mW/3802mW
08-01-2026 01:25:55 RAM 3382/7620MB (lfb 8x2MB) SWAP 7/3810MB (cached 0MB) CPU [1%@1728,0%@1728,89%@1728,0%@1728,1%@729,0%@729] GR3D_FREQ 22% cpu@57.125C soc2@54.687C soc0@56.281C gpu@57.375C tj@57.531C soc1@56.343C VDD_IN 10640mW/9749mW VDD_CPU_GPU_CV 3274mW/2816mW VDD_SOC 4000mW/3803mW
08-01-2026 01:25:56 RAM 3382/7620MB (lfb 8x2MB) SWAP 7/3810MB (cached 0MB) CPU [1%@1728,0%@1728,92%@1728,0%@1728,0%@729,0%@729] GR3D_FREQ 26% cpu@57.25C soc2@54.656C soc0@56.437C gpu@57.656C tj@57.656C soc1@56.312C VDD_IN 10640mW/9751mW VDD_CPU_GPU_CV 3314mW/2818mW VDD_SOC 4000mW/3803mW
08-01-2026 01:25:57 RAM 3382/7620MB (lfb 8x2MB) SWAP 7/3810MB (cached 0MB) CPU [1%@1728,0%@1728,89%@1728,0%@1728,2%@729,0%@729] GR3D_FREQ 24% cpu@57.218C soc2@54.687C soc0@56.312C gpu@57.531C tj@57.531C soc1@56.312C VDD_IN 10640mW/9754mW VDD_CPU_GPU_CV 3274mW/2819mW VDD_SOC 4000mW/3804mW
08-01-2026 01:25:58 RAM 3382/7620MB (lfb 8x2MB) SWAP 7/3810MB (cached 0MB) CPU [2%@1728,27%@1728,65%@1728,0%@1728,0%@729,1%@729] GR3D_FREQ 26% cpu@56.781C soc2@54.687C soc0@56.437C gpu@57.531C tj@57.531C soc1@56.375C VDD_IN 10640mW/9757mW VDD_CPU_GPU_CV 3314mW/2820mW VDD_SOC 4000mW/3804mW
08-01-2026 01:25:59 RAM 3382/7620MB (lfb 8x2MB) SWAP 7/3810MB (cached 0MB) CPU [0%@1728,63%@1728,27%@1728,0%@1728,1%@729,0%@729] GR3D_FREQ 23% cpu@57.531C soc2@54.625C soc0@56.312C gpu@57.593C tj@57.593C soc1@56.5C VDD_IN 10640mW/9759mW VDD_CPU_GPU_CV 3314mW/2822mW VDD_SOC 3960mW/3805mW
08-01-2026 01:26:00 RAM 3382/7620MB (lfb 8x2MB) SWAP 7/3810MB (cached 0MB) CPU [2%@1728,27%@1728,63%@1728,1%@1728,0%@729,0%@729] GR3D_FREQ 28% cpu@56.562C soc2@54.75C soc0@56.281C gpu@57.562C tj@57.562C soc1@56.437C VDD_IN 10640mW/9762mW VDD_CPU_GPU_CV 3314mW/2823mW VDD_SOC 4000mW/3805mW
08-01-2026 01:26:01 RAM 3382/7620MB (lfb 8x2MB) SWAP 7/3810MB (cached 0MB) CPU [1%@1728,61%@1728,28%@1728,0%@1728,0%@729,0%@729] GR3D_FREQ 28% cpu@57.343C soc2@54.75C soc0@56.406C gpu@57.343C tj@57.343C soc1@56.437C VDD_IN 10520mW/9764mW VDD_CPU_GPU_CV 3234mW/2825mW VDD_SOC 4000mW/3806mW
08-01-2026 01:26:02 RAM 3382/7620MB (lfb 8x2MB) SWAP 7/3810MB (cached 0MB) CPU [1%@1728,30%@1728,62%@1728,0%@1728,0%@729,0%@729] GR3D_FREQ 30% cpu@56.718C soc2@54.718C soc0@56.406C gpu@57.468C tj@57.468C soc1@56.343C VDD_IN 10520mW/9766mW VDD_CPU_GPU_CV 3274mW/2826mW VDD_SOC 3960mW/3806mW
08-01-2026 01:26:03 RAM 3382/7620MB (lfb 8x2MB) SWAP 7/3810MB (cached 0MB) CPU [2%@1728,90%@1728,0%@1728,0%@1728,1%@729,2%@729] GR3D_FREQ 29% cpu@56.906C soc2@54.656C soc0@56.406C gpu@57.406C tj@57.406C soc1@56.375C VDD_IN 10480mW/9769mW VDD_CPU_GPU_CV 3234mW/2827mW VDD_SOC 3960mW/3807mW
08-01-2026 01:26:04 RAM 3382/7620MB (lfb 8x2MB) SWAP 7/3810MB (cached 0MB) CPU [1%@1728,60%@1728,1%@1728,30%@1728,0%@729,0%@729] GR3D_FREQ 29% cpu@57.125C soc2@54.593C soc0@56.437C gpu@57.343C tj@57.343C soc1@56.437C VDD_IN 10440mW/9771mW VDD_CPU_GPU_CV 3194mW/2828mW VDD_SOC 3960mW/3807mW
08-01-2026 01:26:05 RAM 3382/7620MB (lfb 8x2MB) SWAP 7/3810MB (cached 0MB) CPU [32%@1728,0%@1728,0%@1728,58%@1728,0%@729,0%@729] GR3D_FREQ 28% cpu@56.718C soc2@54.75C soc0@56.375C gpu@57.375C tj@57.375C soc1@56.5C VDD_IN 10400mW/9772mW VDD_CPU_GPU_CV 3154mW/2829mW VDD_SOC 3960mW/3808mW
08-01-2026 01:26:06 RAM 3382/7620MB (lfb 8x2MB) SWAP 7/3810MB (cached 0MB) CPU [60%@1728,0%@1728,0%@1728,32%@1728,1%@729,1%@729] GR3D_FREQ 27% cpu@57.093C soc2@54.75C soc0@56.406C gpu@57.468C tj@57.468C soc1@56.468C VDD_IN 10496mW/9775mW VDD_CPU_GPU_CV 3154mW/2830mW VDD_SOC 3960mW/3808mW
08-01-2026 01:26:07 RAM 3382/7620MB (lfb 8x2MB) SWAP 7/3810MB (cached 0MB) CPU [0%@1728,0%@1728,0%@1728,91%@1728,0%@729,1%@729] GR3D_FREQ 30% cpu@56.968C soc2@54.687C soc0@56.406C gpu@57.343C tj@57.343C soc1@56.375C VDD_IN 10416mW/9776mW VDD_CPU_GPU_CV 3115mW/2831mW VDD_SOC 3960mW/3809mW
08-01-2026 01:26:08 RAM 3382/7620MB (lfb 8x2MB) SWAP 7/3810MB (cached 0MB) CPU [1%@1728,0%@1728,0%@1728,91%@1728,0%@729,0%@729] GR3D_FREQ 29% cpu@56.968C soc2@54.843C soc0@56.5C gpu@57.468C tj@57.718C soc1@56.5C VDD_IN 10336mW/9778mW VDD_CPU_GPU_CV 3115mW/2832mW VDD_SOC 3920mW/3809mW
08-01-2026 01:26:09 RAM 3382/7620MB (lfb 8x2MB) SWAP 7/3810MB (cached 0MB) CPU [1%@1728,0%@1728,0%@1728,90%@1728,1%@729,1%@729] GR3D_FREQ 28% cpu@57.093C soc2@54.625C soc0@56.312C gpu@57.75C tj@57.75C soc1@56.406C VDD_IN 10256mW/9780mW VDD_CPU_GPU_CV 3075mW/2833mW VDD_SOC 3920mW/3809mW
08-01-2026 01:26:10 RAM 3382/7620MB (lfb 8x2MB) SWAP 7/3810MB (cached 0MB) CPU [0%@1728,0%@1728,0%@1728,91%@1728,0%@729,0%@729] GR3D_FREQ 30% cpu@57C soc2@54.687C soc0@56.406C gpu@57.718C tj@57.718C soc1@56.468C VDD_IN 10296mW/9781mW VDD_CPU_GPU_CV 3154mW/2834mW VDD_SOC 3920mW/3810mW
08-01-2026 01:26:11 RAM 3382/7620MB (lfb 8x2MB) SWAP 7/3810MB (cached 0MB) CPU [1%@1728,0%@1728,0%@1728,90%@1728,0%@729,0%@729] GR3D_FREQ 30% cpu@57.031C soc2@54.656C soc0@56.468C gpu@57.375C tj@57.375C soc1@56.531C VDD_IN 10120mW/9782mW VDD_CPU_GPU_CV 3115mW/2834mW VDD_SOC 3920mW/3810mW
08-01-2026 01:26:12 RAM 3382/7620MB (lfb 8x2MB) SWAP 7/3810MB (cached 0MB) CPU [1%@1728,0%@1728,38%@1728,52%@1728,1%@729,1%@729] GR3D_FREQ 30% cpu@57.5C soc2@54.75C soc0@56.5C gpu@57.375C tj@57.5C soc1@56.375C VDD_IN 10136mW/9783mW VDD_CPU_GPU_CV 2995mW/2835mW VDD_SOC 3880mW/3810mW
08-01-2026 01:26:13 RAM 3382/7620MB (lfb 8x2MB) SWAP 7/3810MB (cached 0MB) CPU [1%@1728,0%@1728,90%@1728,0%@1728,0%@729,0%@729] GR3D_FREQ 28% cpu@57.406C soc2@54.718C soc0@56.562C gpu@57.5C tj@57.5C soc1@56.5C VDD_IN 10096mW/9784mW VDD_CPU_GPU_CV 3035mW/2835mW VDD_SOC 3880mW/3810mW
08-01-2026 01:26:14 RAM 3383/7620MB (lfb 8x2MB) SWAP 7/3810MB (cached 0MB) CPU [0%@1728,0%@1728,91%@1728,0%@1728,2%@729,0%@729] GR3D_FREQ 30% cpu@57.531C soc2@54.593C soc0@56.468C gpu@57.531C tj@57.531C soc1@56.468C VDD_IN 10056mW/9785mW VDD_CPU_GPU_CV 2995mW/2836mW VDD_SOC 3880mW/3811mW
08-01-2026 01:26:15 RAM 3383/7620MB (lfb 8x2MB) SWAP 7/3810MB (cached 0MB) CPU [1%@1728,0%@1728,90%@1728,0%@1728,0%@729,0%@729] GR3D_FREQ 27% cpu@57.125C soc2@54.781C soc0@56.468C gpu@57.468C tj@57.468C soc1@56.5C VDD_IN 10136mW/9786mW VDD_CPU_GPU_CV 2915mW/2836mW VDD_SOC 3880mW/3811mW
08-01-2026 01:26:16 RAM 3383/7620MB (lfb 8x2MB) SWAP 7/3810MB (cached 0MB) CPU [2%@1728,0%@1728,91%@1728,0%@1728,0%@729,1%@729] GR3D_FREQ 28% cpu@57.281C soc2@54.718C soc0@56.531C gpu@57.531C tj@57.531C soc1@56.531C VDD_IN 10096mW/9787mW VDD_CPU_GPU_CV 2915mW/2836mW VDD_SOC 3880mW/3811mW
08-01-2026 01:26:17 RAM 3383/7620MB (lfb 8x2MB) SWAP 7/3810MB (cached 0MB) CPU [0%@1728,0%@1728,89%@1728,0%@1728,1%@729,0%@729] GR3D_FREQ 28% cpu@57.406C soc2@54.718C soc0@56.562C gpu@57.375C tj@57.406C soc1@56.406C VDD_IN 9975mW/9787mW VDD_CPU_GPU_CV 2955mW/2837mW VDD_SOC 3880mW/3811mW
08-01-2026 01:26:18 RAM 3383/7620MB (lfb 8x2MB) SWAP 7/3810MB (cached 0MB) CPU [37%@1728,0%@1728,52%@1728,0%@1728,0%@729,1%@729] GR3D_FREQ 29% cpu@57.218C soc2@54.718C soc0@56.375C gpu@57.406C tj@57.406C soc1@56.406C VDD_IN 10056mW/9788mW VDD_CPU_GPU_CV 2955mW/2837mW VDD_SOC 3920mW/3811mW
08-01-2026 01:26:19 RAM 3383/7620MB (lfb 8x2MB) SWAP 7/3810MB (cached 0MB) CPU [91%@1728,0%@1728,0%@1728,0%@1728,1%@729,0%@729] GR3D_FREQ 30% cpu@57.125C soc2@54.843C soc0@56.437C gpu@57.343C tj@57.343C soc1@56.5C VDD_IN 10056mW/9789mW VDD_CPU_GPU_CV 3035mW/2838mW VDD_SOC 3880mW/3812mW
08-01-2026 01:26:20 RAM 3383/7620MB (lfb 8x2MB) SWAP 7/3810MB (cached 0MB) CPU [52%@1728,0%@1728,0%@1728,39%@1728,0%@729,0%@729] GR3D_FREQ 30% cpu@57.062C soc2@54.718C soc0@56.5C gpu@57.312C tj@57.312C soc1@56.562C VDD_IN 10216mW/9790mW VDD_CPU_GPU_CV 3035mW/2838mW VDD_SOC 3880mW/3812mW
08-01-2026 01:26:21 RAM 3383/7620MB (lfb 8x2MB) SWAP 7/3810MB (cached 0MB) CPU [1%@1728,0%@1728,0%@1728,90%@1728,1%@729,1%@729] GR3D_FREQ 28% cpu@56.906C soc2@54.718C soc0@56.468C gpu@57.312C tj@57.312C soc1@56.593C VDD_IN 10176mW/9791mW VDD_CPU_GPU_CV 3000mW/2839mW VDD_SOC 3840mW/3812mW
08-01-2026 01:26:22 RAM 3383/7620MB (lfb 8x2MB) SWAP 7/3810MB (cached 0MB) CPU [1%@1728,39%@1728,0%@1728,50%@1728,0%@729,1%@729] GR3D_FREQ 28% cpu@56.812C soc2@54.75C soc0@56.531C gpu@57.312C tj@57.312C soc1@56.406C VDD_IN 10056mW/9792mW VDD_CPU_GPU_CV 2995mW/2839mW VDD_SOC 3880mW/3812mW
08-01-2026 01:26:23 RAM 3383/7620MB (lfb 8x2MB) SWAP 7/3810MB (cached 0MB) CPU [36%@1728,50%@1728,5%@1728,0%@1728,0%@729,1%@729] GR3D_FREQ 27% cpu@57.25C soc2@54.656C soc0@56.406C gpu@57.468C tj@57.468C soc1@56.437C VDD_IN 10056mW/9792mW VDD_CPU_GPU_CV 2995mW/2839mW VDD_SOC 3880mW/3812mW
08-01-2026 01:26:24 RAM 3383/7620MB (lfb 8x2MB) SWAP 7/3810MB (cached 0MB) CPU [91%@1728,0%@1728,0%@1728,0%@1728,1%@729,0%@729] GR3D_FREQ 28% cpu@57.187C soc2@54.812C soc0@56.343C gpu@57.406C tj@57.562C soc1@56.5C VDD_IN 10096mW/9793mW VDD_CPU_GPU_CV 2995mW/2840mW VDD_SOC 3880mW/3813mW
08-01-2026 01:26:25 RAM 3383/7620MB (lfb 8x2MB) SWAP 7/3810MB (cached 0MB) CPU [51%@1728,0%@1728,41%@1728,0%@1728,1%@729,0%@729] GR3D_FREQ 29% cpu@57.218C soc2@54.812C soc0@56.531C gpu@57.562C tj@57.562C soc1@56.5C VDD_IN 10016mW/9794mW VDD_CPU_GPU_CV 3000mW/2840mW VDD_SOC 3840mW/3813mW
08-01-2026 01:26:26 RAM 3383/7620MB (lfb 8x2MB) SWAP 7/3810MB (cached 0MB) CPU [0%@1728,0%@1728,90%@1728,0%@1728,0%@729,0%@729] GR3D_FREQ 30% cpu@57.281C soc2@54.75C soc0@56.5C gpu@57.625C tj@57.625C soc1@56.562C VDD_IN 9975mW/9794mW VDD_CPU_GPU_CV 2960mW/2841mW VDD_SOC 3840mW/3813mW
08-01-2026 01:26:27 RAM 3383/7620MB (lfb 8x2MB) SWAP 7/3810MB (cached 0MB) CPU [2%@1728,42%@1728,48%@1728,0%@1728,1%@729,0%@729] GR3D_FREQ 29% cpu@57.062C soc2@54.843C soc0@56.437C gpu@57.656C tj@57.656C soc1@56.375C VDD_IN 10016mW/9795mW VDD_CPU_GPU_CV 2915mW/2841mW VDD_SOC 3880mW/3813mW
08-01-2026 01:26:28 RAM 3383/7620MB (lfb 8x2MB) SWAP 7/3810MB (cached 0MB) CPU [1%@1728,90%@1728,0%@1728,0%@1728,0%@729,1%@729] GR3D_FREQ 29% cpu@56.937C soc2@54.687C soc0@56.312C gpu@57.656C tj@57.656C soc1@56.5C VDD_IN 10096mW/9796mW VDD_CPU_GPU_CV 2915mW/2841mW VDD_SOC 3840mW/3813mW
08-01-2026 01:26:29 RAM 3383/7620MB (lfb 8x2MB) SWAP 7/3810MB (cached 0MB) CPU [1%@1728,48%@1728,43%@1728,0%@1728,0%@729,0%@729] GR3D_FREQ 29% cpu@57.5C soc2@54.781C soc0@56.437C gpu@57.687C tj@57.687C soc1@56.5C VDD_IN 10056mW/9797mW VDD_CPU_GPU_CV 2875mW/2841mW VDD_SOC 3880mW/3813mW
08-01-2026 01:26:30 RAM 3383/7620MB (lfb 8x2MB) SWAP 7/3810MB (cached 0MB) CPU [1%@1728,0%@1728,89%@1728,0%@1728,1%@729,0%@729] GR3D_FREQ 29% cpu@57.25C soc2@54.718C soc0@56.5C gpu@57.437C tj@57.437C soc1@56.531C VDD_IN 9895mW/9797mW VDD_CPU_GPU_CV 2875mW/2841mW VDD_SOC 3880mW/3813mW
08-01-2026 01:26:31 RAM 3383/7620MB (lfb 8x2MB) SWAP 7/3810MB (cached 0MB) CPU [1%@1728,0%@1728,91%@1728,1%@1728,0%@729,0%@729] GR3D_FREQ 29% cpu@57.375C soc2@54.843C soc0@56.593C gpu@57.5C tj@57.5C soc1@56.531C VDD_IN 9895mW/9797mW VDD_CPU_GPU_CV 2915mW/2842mW VDD_SOC 3846mW/3813mW
08-01-2026 01:26:32 RAM 3383/7620MB (lfb 8x2MB) SWAP 7/3810MB (cached 0MB) CPU [1%@1728,40%@1728,51%@1728,0%@1728,0%@729,0%@729] GR3D_FREQ 30% cpu@56.937C soc2@54.687C soc0@56.625C gpu@57.468C tj@57.468C soc1@56.5C VDD_IN 10016mW/9798mW VDD_CPU_GPU_CV 2875mW/2842mW VDD_SOC 3880mW/3814mW
08-01-2026 01:26:33 RAM 3383/7620MB (lfb 8x2MB) SWAP 7/3810MB (cached 0MB) CPU [1%@1728,91%@1728,0%@1728,0%@1728,1%@729,1%@729] GR3D_FREQ 30% cpu@56.843C soc2@54.781C soc0@56.406C gpu@57.687C tj@57.687C soc1@56.531C VDD_IN 10016mW/9798mW VDD_CPU_GPU_CV 2875mW/2842mW VDD_SOC 3840mW/3814mW
08-01-2026 01:26:34 RAM 3383/7620MB (lfb 8x2MB) SWAP 7/3810MB (cached 0MB) CPU [1%@1728,90%@1728,0%@1728,0%@1728,0%@729,1%@729] GR3D_FREQ 30% cpu@56.75C soc2@54.812C soc0@56.406C gpu@57.812C tj@57.812C soc1@56.531C VDD_IN 9895mW/9799mW VDD_CPU_GPU_CV 2835mW/2842mW VDD_SOC 3880mW/3814mW
08-01-2026 01:26:35 RAM 3383/7620MB (lfb 8x2MB) SWAP 7/3810MB (cached 0MB) CPU [0%@1728,45%@1728,0%@1728,46%@1728,0%@729,0%@729] GR3D_FREQ 30% cpu@57.031C soc2@54.781C soc0@56.531C gpu@57.812C tj@57.812C soc1@56.718C VDD_IN 9975mW/9799mW VDD_CPU_GPU_CV 2920mW/2842mW VDD_SOC 3800mW/3814mW
08-01-2026 01:26:36 RAM 3383/7620MB (lfb 8x2MB) SWAP 7/3810MB (cached 0MB) CPU [1%@1728,0%@1728,0%@1728,90%@1728,1%@729,1%@729] GR3D_FREQ 27% cpu@57.031C soc2@54.781C soc0@56.468C gpu@57.375C tj@57.375C soc1@56.562C VDD_IN 9735mW/9799mW VDD_CPU_GPU_CV 2875mW/2842mW VDD_SOC 3886mW/3814mW
08-01-2026 01:26:37 RAM 3383/7620MB (lfb 8x2MB) SWAP 7/3810MB (cached 0MB) CPU [0%@1728,0%@1728,0%@1728,87%@1728,1%@729,1%@729] GR3D_FREQ 29% cpu@57.187C soc2@54.75C soc0@56.406C gpu@57.343C tj@57.343C soc1@56.5C VDD_IN 9735mW/9799mW VDD_CPU_GPU_CV 2640mW/2841mW VDD_SOC 3846mW/3814mW
08-01-2026 01:26:38 RAM 3383/7620MB (lfb 8x2MB) SWAP 7/3810MB (cached 0MB) CPU [1%@1728,0%@1728,0%@1728,91%@1728,0%@729,0%@729] GR3D_FREQ 30% cpu@57.062C soc2@54.781C soc0@56.5C gpu@57.531C tj@57.531C soc1@56.531C VDD_IN 9815mW/9799mW VDD_CPU_GPU_CV 2920mW/2842mW VDD_SOC 3840mW/3814mW
08-01-2026 01:26:39 RAM 3383/7620MB (lfb 8x2MB) SWAP 7/3810MB (cached 0MB) CPU [1%@1728,0%@1728,0%@1728,90%@1728,1%@729,0%@729] GR3D_FREQ 29% cpu@57.093C soc2@54.843C soc0@56.468C gpu@57.531C tj@57.531C soc1@56.625C VDD_IN 9695mW/9799mW VDD_CPU_GPU_CV 2915mW/2842mW VDD_SOC 3846mW/3814mW
08-01-2026 01:26:40 RAM 3383/7620MB (lfb 8x2MB) SWAP 7/3810MB (cached 0MB) CPU [1%@1728,0%@1728,0%@1728,90%@1728,1%@729,0%@729] GR3D_FREQ 30% cpu@57.093C soc2@54.812C soc0@56.562C gpu@57.625C tj@57.625C soc1@56.5C VDD_IN 9855mW/9799mW VDD_CPU_GPU_CV 2840mW/2842mW VDD_SOC 3800mW/3814mW
08-01-2026 01:26:41 RAM 3383/7620MB (lfb 8x2MB) SWAP 7/3810MB (cached 0MB) CPU [1%@1728,0%@1728,0%@1728,89%@1728,0%@729,1%@729] GR3D_FREQ 27% cpu@57.031C soc2@54.75C soc0@56.687C gpu@57.5C tj@57.5C soc1@56.562C VDD_IN 9735mW/9798mW VDD_CPU_GPU_CV 2840mW/2842mW VDD_SOC 3806mW/3814mW
08-01-2026 01:26:42 RAM 3383/7620MB (lfb 8x2MB) SWAP 7/3810MB (cached 0MB) CPU [1%@1728,0%@1728,0%@1728,91%@1728,1%@729,0%@729] GR3D_FREQ 29% cpu@57.281C soc2@54.75C soc0@56.406C gpu@57.593C tj@57.593C soc1@56.531C VDD_IN 9735mW/9798mW VDD_CPU_GPU_CV 2800mW/2842mW VDD_SOC 3846mW/3814mW
08-01-2026 01:26:43 RAM 3383/7620MB (lfb 8x2MB) SWAP 7/3810MB (cached 0MB) CPU [50%@1728,0%@1728,0%@1728,40%@1728,0%@729,0%@729] GR3D_FREQ 29% cpu@57.406C soc2@54.875C soc0@56.437C gpu@57.468C tj@57.468C soc1@56.656C VDD_IN 9735mW/9798mW VDD_CPU_GPU_CV 2760mW/2841mW VDD_SOC 3806mW/3814mW
08-01-2026 01:26:44 RAM 3383/7620MB (lfb 8x2MB) SWAP 7/3810MB (cached 0MB) CPU [92%@1728,0%@1728,0%@1728,0%@1728,0%@729,0%@729] GR3D_FREQ 29% cpu@57.031C soc2@54.906C soc0@56.5C gpu@57.468C tj@57.468C soc1@56.718C VDD_IN 9815mW/9798mW VDD_CPU_GPU_CV 2760mW/2841mW VDD_SOC 3800mW/3814mW
08-01-2026 01:26:45 RAM 3383/7620MB (lfb 8x2MB) SWAP 7/3810MB (cached 0MB) CPU [89%@1728,0%@1728,0%@1728,0%@1728,1%@729,0%@729] GR3D_FREQ 26% cpu@57.156C soc2@54.906C soc0@56.625C gpu@57.5C tj@57.5C soc1@56.5C VDD_IN 9735mW/9798mW VDD_CPU_GPU_CV 2760mW/2841mW VDD_SOC 3806mW/3814mW
08-01-2026 01:26:46 RAM 3383/7620MB (lfb 8x2MB) SWAP 7/3810MB (cached 0MB) CPU [42%@1728,49%@1728,1%@1728,0%@1728,0%@729,0%@729] GR3D_FREQ 30% cpu@56.968C soc2@54.781C soc0@56.718C gpu@57.375C tj@57.375C soc1@56.687C VDD_IN 9815mW/9798mW VDD_CPU_GPU_CV 2840mW/2841mW VDD_SOC 3800mW/3814mW
08-01-2026 01:26:47 RAM 3383/7620MB (lfb 8x2MB) SWAP 7/3810MB (cached 0MB) CPU [1%@1728,90%@1728,0%@1728,0%@1728,0%@729,0%@729] GR3D_FREQ 29% cpu@56.968C soc2@54.781C soc0@56.5C gpu@57.375C tj@57.375C soc1@56.562C VDD_IN 9775mW/9798mW VDD_CPU_GPU_CV 2840mW/2841mW VDD_SOC 3846mW/3814mW
08-01-2026 01:26:48 RAM 3383/7620MB (lfb 8x2MB) SWAP 7/3810MB (cached 0MB) CPU [0%@1728,90%@1728,0%@1728,0%@1728,1%@729,0%@729] GR3D_FREQ 30% cpu@57.25C soc2@54.843C soc0@56.531C gpu@57.531C tj@57.531C soc1@56.687C VDD_IN 9775mW/9798mW VDD_CPU_GPU_CV 2800mW/2841mW VDD_SOC 3806mW/3814mW
08-01-2026 01:26:49 RAM 3383/7620MB (lfb 8x2MB) SWAP 7/3810MB (cached 0MB) CPU [2%@1728,90%@1728,1%@1728,0%@1728,0%@729,1%@729] GR3D_FREQ 30% cpu@56.781C soc2@54.843C soc0@56.593C gpu@57.468C tj@57.468C soc1@56.687C VDD_IN 9775mW/9798mW VDD_CPU_GPU_CV 2760mW/2841mW VDD_SOC 3806mW/3814mW
08-01-2026 01:26:50 RAM 3383/7620MB (lfb 8x2MB) SWAP 7/3810MB (cached 0MB) CPU [0%@1728,90%@1728,0%@1728,0%@1728,0%@729,0%@729] GR3D_FREQ 30% cpu@57.031C soc2@54.937C soc0@56.656C gpu@57.468C tj@57.687C soc1@56.562C VDD_IN 9735mW/9798mW VDD_CPU_GPU_CV 2760mW/2841mW VDD_SOC 3806mW/3814mW
08-01-2026 01:26:51 RAM 3383/7620MB (lfb 8x2MB) SWAP 7/3810MB (cached 0MB) CPU [1%@1728,90%@1728,0%@1728,0%@1728,1%@729,0%@729] GR3D_FREQ 30% cpu@57.156C soc2@54.937C soc0@56.75C gpu@57.625C tj@57.625C soc1@56.5C VDD_IN 9815mW/9798mW VDD_CPU_GPU_CV 2760mW/2840mW VDD_SOC 3800mW/3814mW
08-01-2026 01:26:52 RAM 3383/7620MB (lfb 8x2MB) SWAP 7/3810MB (cached 0MB) CPU [1%@1728,90%@1728,0%@1728,0%@1728,0%@729,1%@729] GR3D_FREQ 30% cpu@57.062C soc2@54.812C soc0@56.531C gpu@57.625C tj@57.625C soc1@56.562C VDD_IN 9735mW/9798mW VDD_CPU_GPU_CV 2760mW/2840mW VDD_SOC 3806mW/3814mW
08-01-2026 01:26:53 RAM 3383/7620MB (lfb 8x2MB) SWAP 7/3810MB (cached 0MB) CPU [1%@1728,89%@1728,0%@1728,0%@1728,0%@729,0%@729] GR3D_FREQ 28% cpu@57.343C soc2@54.843C soc0@56.5C gpu@57.718C tj@57.718C soc1@56.687C VDD_IN 9695mW/9797mW VDD_CPU_GPU_CV 2760mW/2840mW VDD_SOC 3806mW/3814mW
08-01-2026 01:26:54 RAM 3383/7620MB (lfb 8x2MB) SWAP 7/3810MB (cached 0MB) CPU [54%@1728,37%@1728,0%@1728,0%@1728,1%@729,1%@729] GR3D_FREQ 30% cpu@57.062C soc2@54.875C soc0@56.562C gpu@57.781C tj@57.781C soc1@56.75C VDD_IN 9735mW/9797mW VDD_CPU_GPU_CV 2720mW/2840mW VDD_SOC 3766mW/3814mW
08-01-2026 01:26:55 RAM 3383/7620MB (lfb 8x2MB) SWAP 7/3810MB (cached 0MB) CPU [91%@1728,0%@1728,0%@1728,0%@1728,0%@729,0%@729] GR3D_FREQ 28% cpu@57.031C soc2@55C soc0@56.531C gpu@57.843C tj@57.843C soc1@56.593C VDD_IN 9655mW/9797mW VDD_CPU_GPU_CV 2720mW/2839mW VDD_SOC 3806mW/3814mW
08-01-2026 01:26:56 RAM 3383/7620MB (lfb 8x2MB) SWAP 7/3810MB (cached 0MB) CPU [91%@1728,0%@1728,0%@1728,0%@1728,1%@729,0%@729] GR3D_FREQ 27% cpu@57.156C soc2@54.875C soc0@56.656C gpu@57.843C tj@57.437C soc1@56.593C VDD_IN 9655mW/9796mW VDD_CPU_GPU_CV 2720mW/2839mW VDD_SOC 3806mW/3814mW
08-01-2026 01:26:57 RAM 3383/7620MB (lfb 8x2MB) SWAP 7/3810MB (cached 0MB) CPU [92%@1728,0%@1728,1%@1728,0%@1728,0%@729,0%@729] GR3D_FREQ 29% cpu@57.125C soc2@54.906C soc0@56.437C gpu@57.562C tj@57.562C soc1@56.562C VDD_IN 9615mW/9796mW VDD_CPU_GPU_CV 2760mW/2839mW VDD_SOC 3766mW/3814mW
08-01-2026 01:26:58 RAM 3383/7620MB (lfb 8x2MB) SWAP 7/3810MB (cached 0MB) CPU [36%@1728,55%@1728,1%@1728,0%@1728,1%@729,0%@729] GR3D_FREQ 29% cpu@57.25C soc2@54.906C soc0@56.656C gpu@57.5C tj@57.5C soc1@56.718C VDD_IN 9695mW/9796mW VDD_CPU_GPU_CV 2680mW/2838mW VDD_SOC 3806mW/3814mW
08-01-2026 01:26:59 RAM 3383/7620MB (lfb 8x2MB) SWAP 7/3810MB (cached 0MB) CPU [1%@1728,91%@1728,0%@1728,0%@1728,1%@729,0%@729] GR3D_FREQ 28% cpu@56.781C soc2@54.968C soc0@56.625C gpu@57.531C tj@57.531C soc1@56.656C VDD_IN 9615mW/9795mW VDD_CPU_GPU_CV 2720mW/2838mW VDD_SOC 3766mW/3814mW
08-01-2026 01:27:00 RAM 3383/7620MB (lfb 8x2MB) SWAP 7/3810MB (cached 0MB) CPU [1%@1728,34%@1728,55%@1728,0%@1728,0%@729,0%@729] GR3D_FREQ 28% cpu@57.406C soc2@54.812C soc0@56.531C gpu@57.593C tj@57.593C soc1@56.562C VDD_IN 9615mW/9795mW VDD_CPU_GPU_CV 2640mW/2838mW VDD_SOC 3766mW/3814mW
08-01-2026 01:27:01 RAM 3383/7620MB (lfb 8x2MB) SWAP 7/3810MB (cached 0MB) CPU [1%@1728,0%@1728,90%@1728,0%@1728,0%@729,2%@729] GR3D_FREQ 31% cpu@57.437C soc2@55C soc0@56.562C gpu@57.625C tj@57.75C soc1@56.531C VDD_IN 9535mW/9794mW VDD_CPU_GPU_CV 2680mW/2837mW VDD_SOC 3766mW/3813mW
08-01-2026 01:27:02 RAM 3383/7620MB (lfb 8x2MB) SWAP 7/3810MB (cached 0MB) CPU [0%@1728,0%@1728,90%@1728,0%@1728,0%@729,0%@729] GR3D_FREQ 28% cpu@57.562C soc2@54.843C soc0@56.812C gpu@57.562C tj@57.562C soc1@56.656C VDD_IN 9575mW/9794mW VDD_CPU_GPU_CV 2640mW/2837mW VDD_SOC 3766mW/3813mW
08-01-2026 01:27:03 RAM 3383/7620MB (lfb 8x2MB) SWAP 7/3810MB (cached 0MB) CPU [1%@1728,0%@1728,91%@1728,0%@1728,1%@729,0%@729] GR3D_FREQ 29% cpu@57.687C soc2@54.812C soc0@56.531C gpu@57.437C tj@57.687C soc1@56.656C VDD_IN 9455mW/9793mW VDD_CPU_GPU_CV 2720mW/2836mW VDD_SOC 3766mW/3813mW
08-01-2026 01:27:04 RAM 3383/7620MB (lfb 8x2MB) SWAP 7/3810MB (cached 0MB) CPU [1%@1728,0%@1728,33%@1728,56%@1728,0%@729,2%@729] GR3D_FREQ 29% cpu@57C soc2@54.906C soc0@56.625C gpu@57.468C tj@57.468C soc1@56.718C VDD_IN 9615mW/9792mW VDD_CPU_GPU_CV 2640mW/2836mW VDD_SOC 3806mW/3813mW
08-01-2026 01:27:05 RAM 3383/7620MB (lfb 8x2MB) SWAP 7/3810MB (cached 0MB) CPU [1%@1728,0%@1728,0%@1728,90%@1728,1%@729,1%@729] GR3D_FREQ 29% cpu@57.25C soc2@54.812C soc0@56.593C gpu@57.531C tj@57.531C soc1@56.562C VDD_IN 9615mW/9792mW VDD_CPU_GPU_CV 2640mW/2835mW VDD_SOC 3766mW/3813mW
08-01-2026 01:27:06 RAM 3383/7620MB (lfb 8x2MB) SWAP 7/3810MB (cached 0MB) CPU [1%@1728,0%@1728,1%@1728,89%@1728,0%@729,0%@729] GR3D_FREQ 30% cpu@57.25C soc2@54.781C soc0@56.625C gpu@57.406C tj@57.406C soc1@56.625C VDD_IN 9655mW/9792mW VDD_CPU_GPU_CV 2640mW/2835mW VDD_SOC 3720mW/3813mW
08-01-2026 01:27:07 RAM 3383/7620MB (lfb 8x2MB) SWAP 7/3810MB (cached 0MB) CPU [1%@1728,0%@1728,0%@1728,90%@1728,1%@729,0%@729] GR3D_FREQ 34% cpu@57.062C soc2@54.812C soc0@56.562C gpu@57.312C tj@57.312C soc1@56.562C VDD_IN 9575mW/9791mW VDD_CPU_GPU_CV 2680mW/2835mW VDD_SOC 3766mW/3813mW
08-01-2026 01:27:08 RAM 3383/7620MB (lfb 8x2MB) SWAP 7/3810MB (cached 0MB) CPU [0%@1728,0%@1728,0%@1728,90%@1728,1%@729,0%@729] GR3D_FREQ 31% cpu@57.5C soc2@54.937C soc0@56.593C gpu@57.687C tj@57.687C soc1@56.593C VDD_IN 9455mW/9790mW VDD_CPU_GPU_CV 2680mW/2834mW VDD_SOC 3766mW/3813mW
08-01-2026 01:27:09 RAM 3383/7620MB (lfb 8x2MB) SWAP 7/3810MB (cached 0MB) CPU [0%@1728,0%@1728,0%@1728,91%@1728,1%@729,0%@729] GR3D_FREQ 40% cpu@57C soc2@54.843C soc0@56.531C gpu@57.593C tj@57.593C soc1@56.75C VDD_IN 9535mW/9789mW VDD_CPU_GPU_CV 2640mW/2834mW VDD_SOC 3766mW/3812mW
08-01-2026 01:27:10 RAM 3383/7620MB (lfb 8x2MB) SWAP 7/3810MB (cached 0MB) CPU [1%@1728,61%@1728,0%@1728,29%@1728,0%@729,1%@729] GR3D_FREQ 40% cpu@56.968C soc2@54.875C soc0@56.718C gpu@57.625C tj@57.625C soc1@56.562C VDD_IN 9415mW/9789mW VDD_CPU_GPU_CV 2600mW/2833mW VDD_SOC 3766mW/3812mW
08-01-2026 01:27:11 RAM 3383/7620MB (lfb 8x2MB) SWAP 7/3810MB (cached 0MB) CPU [63%@1728,28%@1728,1%@1728,0%@1728,0%@729,0%@729] GR3D_FREQ 37% cpu@57.312C soc2@54.968C soc0@56.687C gpu@57.625C tj@57.625C soc1@56.656C VDD_IN 9415mW/9788mW VDD_CPU_GPU_CV 2600mW/2832mW VDD_SOC 3766mW/3812mW
08-01-2026 01:27:12 RAM 3383/7620MB (lfb 8x2MB) SWAP 7/3810MB (cached 0MB) CPU [91%@1728,0%@1728,1%@1728,0%@1728,0%@729,0%@729] GR3D_FREQ 40% cpu@57.156C soc2@54.906C soc0@56.593C gpu@57.687C tj@57.687C soc1@56.687C VDD_IN 9535mW/9787mW VDD_CPU_GPU_CV 2600mW/2832mW VDD_SOC 3725mW/3812mW
08-01-2026 01:27:13 RAM 3383/7620MB (lfb 8x2MB) SWAP 7/3810MB (cached 0MB) CPU [91%@1728,0%@1728,0%@1728,0%@1728,1%@729,0%@729] GR3D_FREQ 36% cpu@57.406C soc2@54.875C soc0@56.593C gpu@57.718C tj@57.718C soc1@56.718C VDD_IN 9374mW/9786mW VDD_CPU_GPU_CV 2640mW/2831mW VDD_SOC 3725mW/3812mW
08-01-2026 01:27:14 RAM 3383/7620MB (lfb 8x2MB) SWAP 7/3810MB (cached 0MB) CPU [91%@1728,0%@1728,0%@1728,0%@1728,0%@729,0%@729] GR3D_FREQ 38% cpu@57.125C soc2@54.906C soc0@56.625C gpu@57.468C tj@57.468C soc1@56.781C VDD_IN 9415mW/9785mW VDD_CPU_GPU_CV 2600mW/2831mW VDD_SOC 3725mW/3812mW
08-01-2026 01:27:15 RAM 3383/7620MB (lfb 8x2MB) SWAP 7/3810MB (cached 0MB) CPU [92%@1728,0%@1728,1%@1728,0%@1728,1%@729,0%@729] GR3D_FREQ 37% cpu@57.156C soc2@55.125C soc0@56.656C gpu@57.5C tj@57.5C soc1@56.718C VDD_IN 9415mW/9784mW VDD_CPU_GPU_CV 2600mW/2830mW VDD_SOC 3725mW/3811mW
08-01-2026 01:27:16 RAM 3383/7620MB (lfb 8x2MB) SWAP 7/3810MB (cached 0MB) CPU [89%@1728,0%@1728,0%@1728,0%@1728,0%@729,0%@729] GR3D_FREQ 39% cpu@57.281C soc2@55.031C soc0@56.687C gpu@57.531C tj@57.531C soc1@56.687C VDD_IN 9374mW/9783mW VDD_CPU_GPU_CV 2560mW/2830mW VDD_SOC 3725mW/3811mW
08-01-2026 01:27:17 RAM 3383/7620MB (lfb 8x2MB) SWAP 7/3810MB (cached 0MB) CPU [91%@1728,0%@1728,0%@1728,0%@1728,1%@729,0%@729] GR3D_FREQ 38% cpu@57C soc2@54.937C soc0@56.687C gpu@57.437C tj@57.437C soc1@56.656C VDD_IN 9374mW/9782mW VDD_CPU_GPU_CV 2600mW/2829mW VDD_SOC 3725mW/3811mW
08-01-2026 01:27:18 RAM 3383/7620MB (lfb 8x2MB) SWAP 7/3810MB (cached 0MB) CPU [91%@1728,0%@1728,0%@1728,0%@1728,1%@729,0%@729] GR3D_FREQ 38% cpu@57.312C soc2@55.031C soc0@56.562C gpu@57.531C tj@57.531C soc1@56.75C VDD_IN 9415mW/9781mW VDD_CPU_GPU_CV 2600mW/2829mW VDD_SOC 3725mW/3811mW
08-01-2026 01:27:19 RAM 3383/7620MB (lfb 8x2MB) SWAP 7/3810MB (cached 0MB) CPU [89%@1728,1%@1728,0%@1728,0%@1728,0%@729,0%@729] GR3D_FREQ 37% cpu@57.093C soc2@55.062C soc0@56.718C gpu@57.531C tj@57.531C soc1@56.718C VDD_IN 9415mW/9780mW VDD_CPU_GPU_CV 2560mW/2828mW VDD_SOC 3766mW/3811mW
08-01-2026 01:27:20 RAM 3383/7620MB (lfb 8x2MB) SWAP 7/3810MB (cached 0MB) CPU [91%@1728,0%@1728,1%@1728,0%@1728,0%@729,0%@729] GR3D_FREQ 38% cpu@57.062C soc2@55C soc0@56.75C gpu@57.562C tj@57.843C soc1@56.687C VDD_IN 9374mW/9779mW VDD_CPU_GPU_CV 2600mW/2827mW VDD_SOC 3725mW/3810mW
08-01-2026 01:27:21 RAM 3383/7620MB (lfb 8x2MB) SWAP 7/3810MB (cached 0MB) CPU [92%@1728,0%@1728,0%@1728,0%@1728,0%@729,1%@729] GR3D_FREQ 37% cpu@57.281C soc2@54.968C soc0@56.687C gpu@57.843C tj@57.843C soc1@56.656C VDD_IN 9455mW/9779mW VDD_CPU_GPU_CV 2600mW/2827mW VDD_SOC 3725mW/3810mW
08-01-2026 01:27:22 RAM 3383/7620MB (lfb 8x2MB) SWAP 7/3810MB (cached 0MB) CPU [87%@1728,0%@1728,0%@1728,0%@1728,0%@729,0%@729] GR3D_FREQ 39% cpu@57C soc2@54.843C soc0@56.593C gpu@57.937C tj@57.937C soc1@56.656C VDD_IN 9334mW/9778mW VDD_CPU_GPU_CV 2440mW/2826mW VDD_SOC 3725mW/3810mW
08-01-2026 01:27:23 RAM 3383/7620MB (lfb 8x2MB) SWAP 7/3810MB (cached 0MB) CPU [91%@1728,1%@1728,0%@1728,0%@1728,1%@729,0%@729] GR3D_FREQ 40% cpu@57.25C soc2@54.968C soc0@56.531C gpu@57.375C tj@57.375C soc1@56.75C VDD_IN 9495mW/9777mW VDD_CPU_GPU_CV 2640mW/2825mW VDD_SOC 3725mW/3810mW
08-01-2026 01:27:24 RAM 3383/7620MB (lfb 8x2MB) SWAP 7/3810MB (cached 0MB) CPU [90%@1728,0%@1728,0%@1728,0%@1728,0%@729,0%@729] GR3D_FREQ 38% cpu@57.218C soc2@55C soc0@56.687C gpu@57.343C tj@57.343C soc1@56.781C VDD_IN 9495mW/9776mW VDD_CPU_GPU_CV 2640mW/2825mW VDD_SOC 3766mW/3810mW
08-01-2026 01:27:25 RAM 3383/7620MB (lfb 8x2MB) SWAP 7/3810MB (cached 0MB) CPU [87%@1728,1%@1728,1%@1728,0%@1728,0%@729,0%@729] GR3D_FREQ 36% cpu@57.218C soc2@55C soc0@56.687C gpu@57.468C tj@57.468C soc1@56.656C VDD_IN 9415mW/9775mW VDD_CPU_GPU_CV 2560mW/2824mW VDD_SOC 3766mW/3810mW
08-01-2026 01:27:26 RAM 3383/7620MB (lfb 8x2MB) SWAP 7/3810MB (cached 0MB) CPU [35%@1728,55%@1728,0%@1728,0%@1728,0%@729,0%@729] GR3D_FREQ 32% cpu@57.125C soc2@54.937C soc0@56.781C gpu@57.437C tj@57.437C soc1@56.656C VDD_IN 9655mW/9775mW VDD_CPU_GPU_CV 2720mW/2824mW VDD_SOC 3766mW/3809mW
08-01-2026 01:27:27 RAM 3383/7620MB (lfb 8x2MB) SWAP 7/3810MB (cached 0MB) CPU [1%@1728,90%@1728,0%@1728,0%@1728,0%@729,0%@729] GR3D_FREQ 29% cpu@56.875C soc2@54.937C soc0@56.718C gpu@57.593C tj@57.593C soc1@56.718C VDD_IN 9535mW/9774mW VDD_CPU_GPU_CV 2720mW/2824mW VDD_SOC 3806mW/3809mW
08-01-2026 01:27:28 RAM 3383/7620MB (lfb 8x2MB) SWAP 7/3810MB (cached 0MB) CPU [0%@1728,90%@1728,0%@1728,0%@1728,0%@729,0%@729] GR3D_FREQ 38% cpu@57.218C soc2@54.875C soc0@56.656C gpu@57.656C tj@57.656C soc1@56.718C VDD_IN 9575mW/9774mW VDD_CPU_GPU_CV 2680mW/2823mW VDD_SOC 3766mW/3809mW
08-01-2026 01:27:29 RAM 3383/7620MB (lfb 8x2MB) SWAP 7/3810MB (cached 0MB) CPU [1%@1728,90%@1728,0%@1728,0%@1728,0%@729,0%@729] GR3D_FREQ 30% cpu@56.906C soc2@54.906C soc0@56.687C gpu@57.625C tj@57.625C soc1@56.906C VDD_IN 9455mW/9773mW VDD_CPU_GPU_CV 2720mW/2823mW VDD_SOC 3806mW/3809mW
08-01-2026 01:27:30 RAM 3383/7620MB (lfb 8x2MB) SWAP 7/3810MB (cached 0MB) CPU [1%@1728,90%@1728,0%@1728,0%@1728,0%@729,0%@729] GR3D_FREQ 33% cpu@57.031C soc2@54.937C soc0@56.687C gpu@57.625C tj@57.625C soc1@56.656C VDD_IN 9535mW/9773mW VDD_CPU_GPU_CV 2720mW/2823mW VDD_SOC 3766mW/3809mW
08-01-2026 01:27:31 RAM 3383/7620MB (lfb 8x2MB) SWAP 7/3810MB (cached 0MB) CPU [1%@1728,90%@1728,0%@1728,0%@1728,0%@729,0%@729] GR3D_FREQ 30% cpu@57.218C soc2@54.937C soc0@56.781C gpu@57.625C tj@57.625C soc1@56.656C VDD_IN 9575mW/9772mW VDD_CPU_GPU_CV 2680mW/2823mW VDD_SOC 3766mW/3809mW
08-01-2026 01:27:32 RAM 3383/7620MB (lfb 8x2MB) SWAP 7/3810MB (cached 0MB) CPU [1%@1728,90%@1728,0%@1728,0%@1728,0%@729,0%@729] GR3D_FREQ 40% cpu@56.937C soc2@54.875C soc0@56.687C gpu@57.468C tj@57.468C soc1@56.687C VDD_IN 9495mW/9772mW VDD_CPU_GPU_CV 2600mW/2822mW VDD_SOC 3766mW/3809mW
08-01-2026 01:27:34 RAM 3383/7620MB (lfb 8x2MB) SWAP 7/3810MB (cached 0MB) CPU [1%@1728,90%@1728,0%@1728,0%@1728,0%@729,0%@729] GR3D_FREQ 39% cpu@57.187C soc2@54.937C soc0@56.718C gpu@57.531C tj@57.531C soc1@56.687C VDD_IN 9535mW/9771mW VDD_CPU_GPU_CV 2640mW/2822mW VDD_SOC 3725mW/3809mW
08-01-2026 01:27:35 RAM 3383/7620MB (lfb 8x2MB) SWAP 7/3810MB (cached 0MB) CPU [1%@1728,90%@1728,0%@1728,0%@1728,0%@729,0%@729] GR3D_FREQ 36% cpu@57.031C soc2@54.906C soc0@56.687C gpu@57.562C tj@57.562C soc1@56.812C VDD_IN 9535mW/9770mW VDD_CPU_GPU_CV 2640mW/2821mW VDD_SOC 3725mW/3809mW
08-01-2026 01:27:36 RAM 3383/7620MB (lfb 8x2MB) SWAP 7/3810MB (cached 0MB) CPU [62%@1728,29%@1728,0%@1728,0%@1728,0%@729,0%@729] GR3D_FREQ 39% cpu@57.25C soc2@55.062C soc0@56.718C gpu@57.5C tj@57.5C soc1@56.718C VDD_IN 9495mW/9770mW VDD_CPU_GPU_CV 2600mW/2821mW VDD_SOC 3725mW/3808mW
08-01-2026 01:27:37 RAM 3383/7620MB (lfb 8x2MB) SWAP 7/3810MB (cached 0MB) CPU [90%@1728,0%@1728,0%@1728,1%@1728,0%@729,0%@729] GR3D_FREQ 38% cpu@57.25C soc2@55C soc0@56.812C gpu@57.5C tj@57.5C soc1@56.656C VDD_IN 9495mW/9769mW VDD_CPU_GPU_CV 2600mW/2820mW VDD_SOC 3725mW/3808mW
08-01-2026 01:27:38 RAM 3383/7620MB (lfb 8x2MB) SWAP 7/3810MB (cached 0MB) CPU [91%@1728,0%@1728,0%@1728,1%@1728,0%@729,0%@729] GR3D_FREQ 39% cpu@57.156C soc2@55C soc0@56.656C gpu@57.531C tj@57.531C soc1@56.781C VDD_IN 9575mW/9769mW VDD_CPU_GPU_CV 2600mW/2820mW VDD_SOC 3725mW/3808mW
08-01-2026 01:27:39 RAM 3383/7620MB (lfb 8x2MB) SWAP 7/3810MB (cached 0MB) CPU [31%@1728,0%@1728,59%@1728,0%@1728,0%@729,0%@729] GR3D_FREQ 39% cpu@57.375C soc2@54.968C soc0@56.718C gpu@57.781C tj@57.781C soc1@56.75C VDD_IN 9455mW/9768mW VDD_CPU_GPU_CV 2600mW/2819mW VDD_SOC 3766mW/3808mW
08-01-2026 01:27:40 RAM 3383/7620MB (lfb 8x2MB) SWAP 7/3810MB (cached 0MB) CPU [1%@1728,0%@1728,89%@1728,1%@1728,0%@729,0%@729] GR3D_FREQ 32% cpu@57.437C soc2@54.968C soc0@56.75C gpu@57.781C tj@57.781C soc1@56.687C VDD_IN 9630mW/9768mW VDD_CPU_GPU_CV 2560mW/2819mW VDD_SOC 3766mW/3808mW
08-01-2026 01:27:41 RAM 3383/7620MB (lfb 8x2MB) SWAP 7/3810MB (cached 0MB) CPU [0%@1728,0%@1728,91%@1728,0%@1728,0%@729,0%@729] GR3D_FREQ 36% cpu@57.625C soc2@54.843C soc0@56.781C gpu@57.843C tj@57.843C soc1@56.687C VDD_IN 9615mW/9767mW VDD_CPU_GPU_CV 2640mW/2818mW VDD_SOC 3766mW/3808mW
08-01-2026 01:27:42 RAM 3383/7620MB (lfb 8x2MB) SWAP 7/3810MB (cached 0MB) CPU [2%@1728,0%@1728,90%@1728,1%@1728,0%@729,0%@729] GR3D_FREQ 40% cpu@57.656C soc2@55.031C soc0@56.718C gpu@57.875C tj@57.875C soc1@56.718C VDD_IN 9495mW/9767mW VDD_CPU_GPU_CV 2680mW/2818mW VDD_SOC 3725mW/3808mW
08-01-2026 01:27:43 RAM 3383/7620MB (lfb 8x2MB) SWAP 7/3810MB (cached 0MB) CPU [0%@1728,0%@1728,88%@1728,0%@1728,0%@729,0%@729] GR3D_FREQ 39% cpu@57.375C soc2@54.875C soc0@56.687C gpu@57.781C tj@57.562C soc1@56.718C VDD_IN 9334mW/9766mW VDD_CPU_GPU_CV 2480mW/2817mW VDD_SOC 3766mW/3807mW
08-01-2026 01:27:44 RAM 3383/7620MB (lfb 8x2MB) SWAP 7/3810MB (cached 0MB) CPU [2%@1728,0%@1728,90%@1728,1%@1728,0%@729,0%@729] GR3D_FREQ 37% cpu@57.562C soc2@55.062C soc0@56.593C gpu@57.593C tj@57.593C soc1@56.812C VDD_IN 9455mW/9765mW VDD_CPU_GPU_CV 2680mW/2817mW VDD_SOC 3766mW/3807mW
08-01-2026 01:27:45 RAM 3383/7620MB (lfb 8x2MB) SWAP 7/3810MB (cached 0MB) CPU [1%@1728,0%@1728,87%@1728,0%@1728,0%@729,0%@729] GR3D_FREQ 38% cpu@57.593C soc2@54.937C soc0@56.812C gpu@57.562C tj@57.593C soc1@56.687C VDD_IN 9374mW/9764mW VDD_CPU_GPU_CV 2480mW/2816mW VDD_SOC 3766mW/3807mW
08-01-2026 01:27:46 RAM 3383/7620MB (lfb 8x2MB) SWAP 7/3810MB (cached 0MB) CPU [0%@1728,0%@1728,87%@1728,0%@1728,0%@729,0%@729] GR3D_FREQ 39% cpu@57.593C soc2@54.968C soc0@56.843C gpu@57.531C tj@57.593C soc1@56.687C VDD_IN 9495mW/9763mW VDD_CPU_GPU_CV 2560mW/2815mW VDD_SOC 3766mW/3807mW
08-01-2026 01:27:47 RAM 3383/7620MB (lfb 8x2MB) SWAP 7/3810MB (cached 0MB) CPU [1%@729,0%@729,46%@729,1%@729,42%@1728,0%@1728] GR3D_FREQ 28% cpu@57.343C soc2@54.906C soc0@56.625C gpu@57.593C tj@57.593C soc1@56.718C VDD_IN 9575mW/9763mW VDD_CPU_GPU_CV 2600mW/2815mW VDD_SOC 3806mW/3807mW
08-01-2026 01:27:48 RAM 3383/7620MB (lfb 8x2MB) SWAP 7/3810MB (cached 0MB) CPU [0%@729,0%@729,0%@729,0%@729,90%@1728,0%@1728] GR3D_FREQ 30% cpu@57.125C soc2@54.906C soc0@56.656C gpu@57.656C tj@57.656C soc1@56.718C VDD_IN 9815mW/9763mW VDD_CPU_GPU_CV 2840mW/2815mW VDD_SOC 3800mW/3807mW
08-01-2026 01:27:49 RAM 3383/7620MB (lfb 8x2MB) SWAP 7/3810MB (cached 0MB) CPU [1%@729,0%@729,1%@729,1%@729,90%@1728,0%@1728] GR3D_FREQ 30% cpu@57.281C soc2@54.875C soc0@56.75C gpu@57.687C tj@57.687C soc1@56.781C VDD_IN 9775mW/9763mW VDD_CPU_GPU_CV 2760mW/2815mW VDD_SOC 3800mW/3807mW
08-01-2026 01:27:50 RAM 3383/7620MB (lfb 8x2MB) SWAP 7/3810MB (cached 0MB) CPU [2%@729,0%@729,0%@729,1%@729,91%@1728,0%@1728] GR3D_FREQ 30% cpu@57.218C soc2@54.875C soc0@56.656C gpu@57.468C tj@57.468C soc1@56.625C VDD_IN 9615mW/9763mW VDD_CPU_GPU_CV 2800mW/2815mW VDD_SOC 3806mW/3807mW
08-01-2026 01:27:51 RAM 3383/7620MB (lfb 8x2MB) SWAP 7/3810MB (cached 0MB) CPU [0%@729,0%@729,0%@729,0%@729,90%@1728,0%@1728] GR3D_FREQ 29% cpu@57.312C soc2@54.812C soc0@56.781C gpu@57.468C tj@57.468C soc1@56.75C VDD_IN 9695mW/9763mW VDD_CPU_GPU_CV 2840mW/2815mW VDD_SOC 3766mW/3807mW
08-01-2026 01:27:52 RAM 3383/7620MB (lfb 8x2MB) SWAP 7/3810MB (cached 0MB) CPU [1%@729,0%@729,1%@729,1%@729,90%@1728,0%@1728] GR3D_FREQ 30% cpu@57.375C soc2@54.875C soc0@56.593C gpu@57.468C tj@57.468C soc1@56.718C VDD_IN 9655mW/9762mW VDD_CPU_GPU_CV 2760mW/2815mW VDD_SOC 3806mW/3807mW
08-01-2026 01:27:53 RAM 3383/7620MB (lfb 8x2MB) SWAP 7/3810MB (cached 0MB) CPU [1%@729,0%@729,0%@729,1%@729,90%@1728,0%@1728] GR3D_FREQ 30% cpu@57.25C soc2@54.843C soc0@56.687C gpu@57.531C tj@57.531C soc1@56.718C VDD_IN 9615mW/9762mW VDD_CPU_GPU_CV 2720mW/2815mW VDD_SOC 3806mW/3807mW
08-01-2026 01:27:54 RAM 3383/7620MB (lfb 8x2MB) SWAP 7/3810MB (cached 0MB) CPU [0%@729,0%@729,0%@729,0%@729,91%@1728,0%@1728] GR3D_FREQ 28% cpu@57.062C soc2@54.968C soc0@56.781C gpu@57.531C tj@57.531C soc1@56.656C VDD_IN 9655mW/9762mW VDD_CPU_GPU_CV 2720mW/2814mW VDD_SOC 3766mW/3807mW
08-01-2026 01:27:55 RAM 3383/7620MB (lfb 8x2MB) SWAP 7/3810MB (cached 0MB) CPU [2%@729,0%@729,1%@729,1%@729,90%@1728,0%@1728] GR3D_FREQ 28% cpu@57.375C soc2@54.906C soc0@56.718C gpu@57.625C tj@57.625C soc1@56.781C VDD_IN 9735mW/9762mW VDD_CPU_GPU_CV 2760mW/2814mW VDD_SOC 3720mW/3807mW
08-01-2026 01:27:56 RAM 3383/7620MB (lfb 8x2MB) SWAP 7/3810MB (cached 0MB) CPU [0%@729,0%@729,0%@729,2%@729,90%@1728,0%@1728] GR3D_FREQ 30% cpu@57.281C soc2@54.875C soc0@56.812C gpu@57.625C tj@57.625C soc1@56.687C VDD_IN 9615mW/9762mW VDD_CPU_GPU_CV 2720mW/2814mW VDD_SOC 3766mW/3807mW
08-01-2026 01:27:57 RAM 3383/7620MB (lfb 8x2MB) SWAP 7/3810MB (cached 0MB) CPU [1%@729,0%@729,0%@729,0%@729,34%@1728,55%@1728] GR3D_FREQ 29% cpu@57.031C soc2@54.843C soc0@56.656C gpu@57.656C tj@57.656C soc1@56.718C VDD_IN 9575mW/9761mW VDD_CPU_GPU_CV 2720mW/2814mW VDD_SOC 3806mW/3807mW
08-01-2026 01:27:58 RAM 3383/7620MB (lfb 8x2MB) SWAP 7/3810MB (cached 0MB) CPU [0%@1728,0%@1728,0%@1728,57%@1728,0%@729,32%@729] GR3D_FREQ 39% cpu@57.031C soc2@55C soc0@56.718C gpu@57.718C tj@57.718C soc1@56.781C VDD_IN 9495mW/9761mW VDD_CPU_GPU_CV 2640mW/2813mW VDD_SOC 3766mW/3807mW
08-01-2026 01:27:59 RAM 3384/7620MB (lfb 8x2MB) SWAP 7/3810MB (cached 0MB) CPU [2%@1728,0%@1728,1%@1728,91%@1728,0%@729,1%@729] GR3D_FREQ 29% cpu@57.218C soc2@55C soc0@56.75C gpu@57.781C tj@57.781C soc1@56.656C VDD_IN 9495mW/9760mW VDD_CPU_GPU_CV 2720mW/2813mW VDD_SOC 3766mW/3807mW
08-01-2026 01:28:00 RAM 3384/7620MB (lfb 8x2MB) SWAP 7/3810MB (cached 0MB) CPU [1%@1728,0%@1728,0%@1728,91%@1728,0%@729,0%@729] GR3D_FREQ 30% cpu@57.281C soc2@55.031C soc0@56.687C gpu@57.812C tj@57.812C soc1@56.718C VDD_IN 9455mW/9759mW VDD_CPU_GPU_CV 2640mW/2813mW VDD_SOC 3806mW/3807mW
08-01-2026 01:28:01 RAM 3384/7620MB (lfb 8x2MB) SWAP 7/3810MB (cached 0MB) CPU [59%@1728,0%@1728,0%@1728,31%@1728,0%@729,0%@729] GR3D_FREQ 38% cpu@57.406C soc2@54.968C soc0@56.781C gpu@57.5C tj@57.5C soc1@56.718C VDD_IN 9495mW/9759mW VDD_CPU_GPU_CV 2640mW/2812mW VDD_SOC 3766mW/3806mW
08-01-2026 01:28:02 RAM 3384/7620MB (lfb 8x2MB) SWAP 7/3810MB (cached 0MB) CPU [87%@1728,0%@1728,0%@1728,0%@1728,0%@729,0%@729] GR3D_FREQ 37% cpu@57.281C soc2@55C soc0@56.625C gpu@57.531C tj@57.531C soc1@56.75C VDD_IN 9374mW/9758mW VDD_CPU_GPU_CV 2520mW/2812mW VDD_SOC 3766mW/3806mW
08-01-2026 01:28:03 RAM 3384/7620MB (lfb 8x2MB) SWAP 7/3810MB (cached 0MB) CPU [37%@1728,0%@1728,56%@1728,0%@1728,1%@729,0%@729] GR3D_FREQ 27% cpu@57.562C soc2@54.937C soc0@56.593C gpu@57.531C tj@57.562C soc1@56.812C VDD_IN 9455mW/9757mW VDD_CPU_GPU_CV 2720mW/2812mW VDD_SOC 3806mW/3806mW
08-01-2026 01:28:04 RAM 3384/7620MB (lfb 8x2MB) SWAP 7/3810MB (cached 0MB) CPU [56%@1728,0%@1728,35%@1728,0%@1728,0%@729,0%@729] GR3D_FREQ 30% cpu@57.062C soc2@54.906C soc0@56.75C gpu@57.562C tj@57.562C soc1@56.968C VDD_IN 9615mW/9757mW VDD_CPU_GPU_CV 2720mW/2811mW VDD_SOC 3766mW/3806mW
08-01-2026 01:28:05 RAM 3384/7620MB (lfb 8x2MB) SWAP 7/3810MB (cached 0MB) CPU [36%@1728,1%@1728,55%@1728,0%@1728,0%@729,1%@729] GR3D_FREQ 27% cpu@57.562C soc2@55.031C soc0@56.781C gpu@57.656C tj@57.656C soc1@56.687C VDD_IN 9575mW/9756mW VDD_CPU_GPU_CV 2720mW/2811mW VDD_SOC 3766mW/3806mW
08-01-2026 01:28:06 RAM 3384/7620MB (lfb 8x2MB) SWAP 7/3810MB (cached 0MB) CPU [1%@1728,0%@1728,90%@1728,0%@1728,0%@729,0%@729] GR3D_FREQ 28% cpu@57.718C soc2@54.937C soc0@56.812C gpu@57.656C tj@57.718C soc1@56.656C VDD_IN 9575mW/9756mW VDD_CPU_GPU_CV 2680mW/2811mW VDD_SOC 3766mW/3806mW
08-01-2026 01:28:07 RAM 3384/7620MB (lfb 8x2MB) SWAP 7/3810MB (cached 0MB) CPU [2%@1728,0%@1728,91%@1728,0%@1728,0%@729,0%@729] GR3D_FREQ 29% cpu@57.593C soc2@55C soc0@56.593C gpu@57.937C tj@57.937C soc1@56.75C VDD_IN 9535mW/9756mW VDD_CPU_GPU_CV 2720mW/2811mW VDD_SOC 3766mW/3806mW
08-01-2026 01:28:08 RAM 3384/7620MB (lfb 8x2MB) SWAP 7/3810MB (cached 0MB) CPU [1%@1728,56%@1728,34%@1728,0%@1728,0%@729,0%@729] GR3D_FREQ 29% cpu@57.156C soc2@55.093C soc0@56.75C gpu@57.937C tj@57.937C soc1@56.781C VDD_IN 9615mW/9755mW VDD_CPU_GPU_CV 2640mW/2810mW VDD_SOC 3766mW/3806mW
08-01-2026 01:28:09 RAM 3384/7620MB (lfb 8x2MB) SWAP 7/3810MB (cached 0MB) CPU [1%@1728,91%@1728,0%@1728,0%@1728,0%@729,1%@729] GR3D_FREQ 30% cpu@57.062C soc2@55.031C soc0@56.718C gpu@57.906C tj@57.906C soc1@56.906C VDD_IN 9615mW/9755mW VDD_CPU_GPU_CV 2680mW/2810mW VDD_SOC 3806mW/3806mW
08-01-2026 01:28:10 RAM 3384/7620MB (lfb 8x2MB) SWAP 7/3810MB (cached 0MB) CPU [0%@1728,90%@1728,0%@1728,0%@1728,0%@729,0%@729] GR3D_FREQ 30% cpu@57.156C soc2@55.031C soc0@56.781C gpu@58.031C tj@58.031C soc1@56.718C VDD_IN 9575mW/9755mW VDD_CPU_GPU_CV 2720mW/2810mW VDD_SOC 3766mW/3806mW
08-01-2026 01:28:11 RAM 3384/7620MB (lfb 8x2MB) SWAP 7/3810MB (cached 0MB) CPU [1%@1728,91%@1728,0%@1728,0%@1728,0%@729,1%@729] GR3D_FREQ 34% cpu@57.25C soc2@54.968C soc0@56.812C gpu@58C tj@58C soc1@56.75C VDD_IN 9615mW/9754mW VDD_CPU_GPU_CV 2680mW/2810mW VDD_SOC 3766mW/3806mW
08-01-2026 01:28:12 RAM 3384/7620MB (lfb 8x2MB) SWAP 7/3810MB (cached 0MB) CPU [1%@1728,89%@1728,0%@1728,0%@1728,0%@729,0%@729] GR3D_FREQ 39% cpu@57.125C soc2@55C soc0@56.531C gpu@57.5C tj@57.5C soc1@56.75C VDD_IN 9495mW/9754mW VDD_CPU_GPU_CV 2640mW/2809mW VDD_SOC 3766mW/3806mW
08-01-2026 01:28:13 RAM 3384/7620MB (lfb 8x2MB) SWAP 7/3810MB (cached 0MB) CPU [1%@1728,91%@1728,0%@1728,1%@1728,1%@729,0%@729] GR3D_FREQ 40% cpu@57.375C soc2@55C soc0@56.781C gpu@57.468C tj@57.468C soc1@56.812C VDD_IN 9535mW/9753mW VDD_CPU_GPU_CV 2640mW/2809mW VDD_SOC 3725mW/3805mW
08-01-2026 01:28:14 RAM 3384/7620MB (lfb 8x2MB) SWAP 7/3810MB (cached 0MB) CPU [1%@1728,90%@1728,0%@1728,0%@1728,0%@729,0%@729] GR3D_FREQ 37% cpu@56.968C soc2@55.031C soc0@56.781C gpu@57.531C tj@57.531C soc1@56.812C VDD_IN 9535mW/9753mW VDD_CPU_GPU_CV 2640mW/2809mW VDD_SOC 3766mW/3805mW
08-01-2026 01:28:15 RAM 3384/7620MB (lfb 8x2MB) SWAP 7/3810MB (cached 0MB) CPU [0%@1728,90%@1728,0%@1728,0%@1728,0%@729,0%@729] GR3D_FREQ 39% cpu@57.156C soc2@55.031C soc0@56.812C gpu@57.468C tj@57.468C soc1@56.687C VDD_IN 9535mW/9752mW VDD_CPU_GPU_CV 2600mW/2808mW VDD_SOC 3725mW/3805mW
08-01-2026 01:28:16 RAM 3384/7620MB (lfb 8x2MB) SWAP 7/3810MB (cached 0MB) CPU [1%@1728,90%@1728,0%@1728,1%@1728,0%@729,0%@729] GR3D_FREQ 40% cpu@57.031C soc2@54.968C soc0@56.843C gpu@57.5C tj@57.625C soc1@56.718C VDD_IN 9455mW/9752mW VDD_CPU_GPU_CV 2560mW/2808mW VDD_SOC 3766mW/3805mW
08-01-2026 01:28:17 RAM 3384/7620MB (lfb 8x2MB) SWAP 7/3810MB (cached 0MB) CPU [1%@1728,90%@1728,0%@1728,0%@1728,0%@729,0%@729] GR3D_FREQ 40% cpu@57.187C soc2@55C soc0@56.687C gpu@57.687C tj@57.687C soc1@56.75C VDD_IN 9455mW/9751mW VDD_CPU_GPU_CV 2600mW/2807mW VDD_SOC 3725mW/3805mW
08-01-2026 01:28:18 RAM 3384/7620MB (lfb 8x2MB) SWAP 7/3810MB (cached 0MB) CPU [59%@1728,25%@1728,6%@1728,0%@1728,0%@729,0%@729] GR3D_FREQ 39% cpu@57.5C soc2@55C soc0@56.75C gpu@57.687C tj@57.687C soc1@56.812C VDD_IN 9334mW/9750mW VDD_CPU_GPU_CV 2560mW/2807mW VDD_SOC 3725mW/3805mW
08-01-2026 01:28:19 RAM 3384/7620MB (lfb 8x2MB) SWAP 7/3810MB (cached 0MB) CPU [92%@1728,0%@1728,0%@1728,0%@1728,0%@729,0%@729] GR3D_FREQ 39% cpu@57.156C soc2@55.125C soc0@56.781C gpu@57.718C tj@57.718C soc1@56.812C VDD_IN 9415mW/9749mW VDD_CPU_GPU_CV 2600mW/2806mW VDD_SOC 3725mW/3805mW
08-01-2026 01:28:20 RAM 3384/7620MB (lfb 8x2MB) SWAP 7/3810MB (cached 0MB) CPU [89%@1728,1%@1728,2%@1728,0%@1728,0%@729,0%@729] GR3D_FREQ 39% cpu@57.187C soc2@55.062C soc0@56.75C gpu@57.875C tj@57.875C soc1@56.875C VDD_IN 9415mW/9749mW VDD_CPU_GPU_CV 2560mW/2806mW VDD_SOC 3725mW/3804mW
08-01-2026 01:28:21 RAM 3384/7620MB (lfb 8x2MB) SWAP 7/3810MB (cached 0MB) CPU [90%@1728,0%@1728,1%@1728,0%@1728,0%@729,0%@729] GR3D_FREQ 39% cpu@57.156C soc2@55.125C soc0@56.781C gpu@57.812C tj@57.812C soc1@56.75C VDD_IN 9415mW/9748mW VDD_CPU_GPU_CV 2560mW/2805mW VDD_SOC 3725mW/3804mW
08-01-2026 01:28:22 RAM 3384/7620MB (lfb 8x2MB) SWAP 7/3810MB (cached 0MB) CPU [91%@1728,0%@1728,0%@1728,0%@1728,0%@729,0%@729] GR3D_FREQ 38% cpu@57.25C soc2@55.062C soc0@56.906C gpu@57.812C tj@57.812C soc1@56.781C VDD_IN 9415mW/9747mW VDD_CPU_GPU_CV 2600mW/2805mW VDD_SOC 3725mW/3804mW
08-01-2026 01:28:23 RAM 3384/7620MB (lfb 8x2MB) SWAP 7/3810MB (cached 0MB) CPU [90%@1728,1%@1728,0%@1728,0%@1728,0%@729,0%@729] GR3D_FREQ 39% cpu@57.5C soc2@55.031C soc0@56.687C gpu@57.781C tj@57.781C soc1@56.812C VDD_IN 9374mW/9747mW VDD_CPU_GPU_CV 2560mW/2804mW VDD_SOC 3766mW/3804mW
08-01-2026 01:28:24 RAM 3384/7620MB (lfb 8x2MB) SWAP 7/3810MB (cached 0MB) CPU [91%@1728,0%@1728,0%@1728,0%@1728,0%@729,0%@729] GR3D_FREQ 36% cpu@57.156C soc2@55.125C soc0@56.781C gpu@57.75C tj@57.75C soc1@56.843C VDD_IN 9374mW/9746mW VDD_CPU_GPU_CV 2600mW/2804mW VDD_SOC 3725mW/3804mW
08-01-2026 01:28:25 RAM 3384/7620MB (lfb 8x2MB) SWAP 7/3810MB (cached 0MB) CPU [28%@1728,0%@1728,62%@1728,0%@1728,0%@729,0%@729] GR3D_FREQ 38% cpu@57.781C soc2@54.937C soc0@56.781C gpu@57.593C tj@57.781C soc1@56.906C VDD_IN 9374mW/9745mW VDD_CPU_GPU_CV 2560mW/2803mW VDD_SOC 3766mW/3804mW
08-01-2026 01:28:26 RAM 3384/7620MB (lfb 8x2MB) SWAP 7/3810MB (cached 0MB) CPU [0%@1728,62%@1728,28%@1728,0%@1728,0%@729,0%@729] GR3D_FREQ 38% cpu@57.156C soc2@54.968C soc0@56.812C gpu@57.562C tj@57.562C soc1@56.812C VDD_IN 9455mW/9744mW VDD_CPU_GPU_CV 2600mW/2803mW VDD_SOC 3725mW/3804mW
08-01-2026 01:28:27 RAM 3384/7620MB (lfb 8x2MB) SWAP 7/3810MB (cached 0MB) CPU [61%@1728,27%@1728,1%@1728,0%@1728,0%@729,0%@729] GR3D_FREQ 38% cpu@57.156C soc2@55.125C soc0@56.875C gpu@57.562C tj@57.562C soc1@56.843C VDD_IN 9334mW/9743mW VDD_CPU_GPU_CV 2480mW/2802mW VDD_SOC 3725mW/3803mW
08-01-2026 01:28:28 RAM 3384/7620MB (lfb 8x2MB) SWAP 7/3810MB (cached 0MB) CPU [87%@1728,0%@1728,1%@1728,0%@1728,0%@729,0%@729] GR3D_FREQ 38% cpu@57.468C soc2@55C soc0@56.687C gpu@57.562C tj@57.562C soc1@56.687C VDD_IN 9374mW/9743mW VDD_CPU_GPU_CV 2440mW/2801mW VDD_SOC 3725mW/3803mW
08-01-2026 01:28:29 RAM 3384/7620MB (lfb 8x2MB) SWAP 7/3810MB (cached 0MB) CPU [91%@1728,0%@1728,0%@1728,0%@1728,0%@729,0%@729] GR3D_FREQ 29% cpu@57.125C soc2@55.125C soc0@56.781C gpu@57.625C tj@57.625C soc1@56.812C VDD_IN 9615mW/9742mW VDD_CPU_GPU_CV 2680mW/2801mW VDD_SOC 3766mW/3803mW
08-01-2026 01:28:30 RAM 3384/7620MB (lfb 8x2MB) SWAP 7/3810MB (cached 0MB) CPU [90%@1728,0%@1728,0%@1728,0%@1728,0%@729,0%@729] GR3D_FREQ 27% cpu@57.25C soc2@55.125C soc0@56.812C gpu@57.656C tj@57.656C soc1@56.906C VDD_IN 9575mW/9742mW VDD_CPU_GPU_CV 2720mW/2801mW VDD_SOC 3766mW/3803mW
08-01-2026 01:28:31 RAM 3384/7620MB (lfb 8x2MB) SWAP 7/3810MB (cached 0MB) CPU [91%@1728,0%@1728,0%@1728,0%@1728,0%@729,0%@729] GR3D_FREQ 28% cpu@57.156C soc2@55.187C soc0@56.781C gpu@57.687C tj@57.687C soc1@56.75C VDD_IN 9615mW/9742mW VDD_CPU_GPU_CV 2720mW/2801mW VDD_SOC 3766mW/3803mW
08-01-2026 01:28:32 RAM 3384/7620MB (lfb 8x2MB) SWAP 7/3810MB (cached 0MB) CPU [90%@1728,1%@1728,1%@1728,0%@1728,0%@729,0%@729] GR3D_FREQ 29% cpu@57.25C soc2@55.031C soc0@56.843C gpu@57.937C tj@57.937C soc1@56.843C VDD_IN 9575mW/9742mW VDD_CPU_GPU_CV 2720mW/2801mW VDD_SOC 3766mW/3803mW
08-01-2026 01:28:33 RAM 3384/7620MB (lfb 8x2MB) SWAP 7/3810MB (cached 0MB) CPU [37%@1728,54%@1728,1%@1728,0%@1728,1%@729,0%@729] GR3D_FREQ 29% cpu@57.468C soc2@55.093C soc0@56.812C gpu@57.937C tj@57.937C soc1@56.718C VDD_IN 9695mW/9741mW VDD_CPU_GPU_CV 2760mW/2800mW VDD_SOC 3766mW/3803mW
08-01-2026 01:28:34 RAM 3384/7620MB (lfb 8x2MB) SWAP 7/3810MB (cached 0MB) CPU [0%@1728,91%@1728,0%@1728,1%@1728,0%@729,0%@729] GR3D_FREQ 30% cpu@57.125C soc2@55.031C soc0@56.718C gpu@57.531C tj@57.531C soc1@56.843C VDD_IN 9615mW/9741mW VDD_CPU_GPU_CV 2760mW/2800mW VDD_SOC 3806mW/3803mW
08-01-2026 01:28:35 RAM 3384/7620MB (lfb 8x2MB) SWAP 7/3810MB (cached 0MB) CPU [1%@1728,90%@1728,0%@1728,0%@1728,0%@729,0%@729] GR3D_FREQ 29% cpu@56.968C soc2@55.093C soc0@56.75C gpu@57.562C tj@57.562C soc1@56.875C VDD_IN 9575mW/9741mW VDD_CPU_GPU_CV 2720mW/2800mW VDD_SOC 3766mW/3803mW
08-01-2026 01:28:36 RAM 3384/7620MB (lfb 8x2MB) SWAP 7/3810MB (cached 0MB) CPU [1%@1728,90%@1728,1%@1728,0%@1728,0%@729,0%@729] GR3D_FREQ 29% cpu@57C soc2@55.093C soc0@56.812C gpu@57.593C tj@57.593C soc1@56.812C VDD_IN 9495mW/9740mW VDD_CPU_GPU_CV 2760mW/2800mW VDD_SOC 3766mW/3803mW
08-01-2026 01:28:37 RAM 3384/7620MB (lfb 8x2MB) SWAP 7/3810MB (cached 0MB) CPU [1%@1728,87%@1728,0%@1728,0%@1728,0%@729,0%@729] GR3D_FREQ 37% cpu@57.25C soc2@54.906C soc0@56.843C gpu@57.5C tj@57.5C soc1@56.781C VDD_IN 9455mW/9740mW VDD_CPU_GPU_CV 2480mW/2800mW VDD_SOC 3766mW/3803mW
08-01-2026 01:28:38 RAM 3384/7620MB (lfb 8x2MB) SWAP 7/3810MB (cached 0MB) CPU [1%@1728,90%@1728,0%@1728,0%@1728,0%@729,0%@729] GR3D_FREQ 28% cpu@57.312C soc2@54.968C soc0@56.718C gpu@57.75C tj@57.75C soc1@56.843C VDD_IN 9655mW/9740mW VDD_CPU_GPU_CV 2680mW/2799mW VDD_SOC 3760mW/3803mW
08-01-2026 01:28:39 RAM 3384/7620MB (lfb 8x2MB) SWAP 7/3810MB (cached 0MB) CPU [1%@1728,90%@1728,0%@1728,0%@1728,1%@729,0%@729] GR3D_FREQ 29% cpu@57.093C soc2@55.062C soc0@56.781C gpu@57.718C tj@57.718C soc1@56.906C VDD_IN 9655mW/9739mW VDD_CPU_GPU_CV 2720mW/2799mW VDD_SOC 3760mW/3803mW
08-01-2026 01:28:40 RAM 3384/7620MB (lfb 8x2MB) SWAP 7/3810MB (cached 0MB) CPU [1%@1728,34%@1728,0%@1728,56%@1728,0%@729,0%@729] GR3D_FREQ 30% cpu@57.281C soc2@54.968C soc0@56.781C gpu@57.843C tj@57.843C soc1@56.906C VDD_IN 9775mW/9739mW VDD_CPU_GPU_CV 2680mW/2799mW VDD_SOC 3720mW/3802mW
08-01-2026 01:28:41 RAM 3384/7620MB (lfb 8x2MB) SWAP 7/3810MB (cached 0MB) CPU [1%@1728,0%@1728,0%@1728,90%@1728,0%@729,1%@729] GR3D_FREQ 30% cpu@57.343C soc2@55.062C soc0@56.781C gpu@57.781C tj@57.781C soc1@56.718C VDD_IN 9655mW/9739mW VDD_CPU_GPU_CV 2720mW/2799mW VDD_SOC 3760mW/3802mW
08-01-2026 01:28:42 RAM 3384/7620MB (lfb 8x2MB) SWAP 7/3810MB (cached 0MB) CPU [1%@1728,0%@1728,1%@1728,91%@1728,0%@729,0%@729] GR3D_FREQ 29% cpu@57.312C soc2@55.031C soc0@56.781C gpu@57.75C tj@57.75C soc1@56.718C VDD_IN 9615mW/9739mW VDD_CPU_GPU_CV 2720mW/2799mW VDD_SOC 3766mW/3802mW
08-01-2026 01:28:43 RAM 3384/7620MB (lfb 8x2MB) SWAP 7/3810MB (cached 0MB) CPU [1%@1728,0%@1728,0%@1728,90%@1728,0%@729,0%@729] GR3D_FREQ 34% cpu@57.562C soc2@54.968C soc0@56.687C gpu@57.75C tj@57.75C soc1@56.812C VDD_IN 9575mW/9739mW VDD_CPU_GPU_CV 2640mW/2798mW VDD_SOC 3766mW/3802mW
08-01-2026 01:28:44 RAM 3384/7620MB (lfb 8x2MB) SWAP 7/3810MB (cached 0MB) CPU [0%@1728,0%@1728,0%@1728,90%@1728,0%@729,0%@729] GR3D_FREQ 37% cpu@57.25C soc2@55.031C soc0@56.75C gpu@57.781C tj@57.781C soc1@56.906C VDD_IN 9575mW/9738mW VDD_CPU_GPU_CV 2600mW/2798mW VDD_SOC 3766mW/3802mW
08-01-2026 01:28:45 RAM 3384/7620MB (lfb 8x2MB) SWAP 7/3810MB (cached 0MB) CPU [1%@1728,0%@1728,0%@1728,91%@1728,0%@729,0%@729] GR3D_FREQ 39% cpu@57.343C soc2@54.968C soc0@56.781C gpu@57.75C tj@57.75C soc1@56.937C VDD_IN 9455mW/9738mW VDD_CPU_GPU_CV 2640mW/2798mW VDD_SOC 3766mW/3802mW
08-01-2026 01:28:46 RAM 3384/7620MB (lfb 8x2MB) SWAP 7/3810MB (cached 0MB) CPU [1%@1728,0%@1728,1%@1728,90%@1728,0%@729,0%@729] GR3D_FREQ 40% cpu@57.218C soc2@55.062C soc0@56.843C gpu@57.781C tj@57.593C soc1@56.75C VDD_IN 9455mW/9737mW VDD_CPU_GPU_CV 2640mW/2797mW VDD_SOC 3766mW/3802mW
08-01-2026 01:28:47 RAM 3384/7620MB (lfb 8x2MB) SWAP 7/3810MB (cached 0MB) CPU [63%@1728,0%@1728,1%@1728,28%@1728,0%@729,1%@729] GR3D_FREQ 36% cpu@57.343C soc2@55.187C soc0@56.781C gpu@57.593C tj@57.593C soc1@56.75C VDD_IN 9455mW/9737mW VDD_CPU_GPU_CV 2640mW/2797mW VDD_SOC 3725mW/3802mW
08-01-2026 01:28:48 RAM 3384/7620MB (lfb 8x2MB) SWAP 7/3810MB (cached 0MB) CPU [91%@1728,0%@1728,0%@1728,0%@1728,0%@729,2%@729] GR3D_FREQ 35% cpu@57.437C soc2@55.125C soc0@56.906C gpu@57.593C tj@57.593C soc1@56.843C VDD_IN 9455mW/9736mW VDD_CPU_GPU_CV 2600mW/2796mW VDD_SOC 3725mW/3802mW
08-01-2026 01:28:49 RAM 3384/7620MB (lfb 8x2MB) SWAP 7/3810MB (cached 0MB) CPU [89%@1728,0%@1728,0%@1728,0%@1728,0%@729,0%@729] GR3D_FREQ 39% cpu@57.25C soc2@55.187C soc0@56.781C gpu@57.625C tj@57.625C soc1@56.812C VDD_IN 9455mW/9736mW VDD_CPU_GPU_CV 2560mW/2796mW VDD_SOC 3725mW/3801mW
08-01-2026 01:28:50 RAM 3384/7620MB (lfb 8x2MB) SWAP 7/3810MB (cached 0MB) CPU [91%@1728,0%@1728,0%@1728,0%@1728,0%@729,0%@729] GR3D_FREQ 39% cpu@57.468C soc2@55.187C soc0@56.812C gpu@57.656C tj@57.656C soc1@56.906C VDD_IN 9495mW/9735mW VDD_CPU_GPU_CV 2640mW/2796mW VDD_SOC 3725mW/3801mW
08-01-2026 01:28:51 RAM 3384/7620MB (lfb 8x2MB) SWAP 7/3810MB (cached 0MB) CPU [89%@1728,0%@1728,1%@1728,0%@1728,0%@729,0%@729] GR3D_FREQ 40% cpu@57.218C soc2@55.125C soc0@56.718C gpu@57.687C tj@57.687C soc1@56.75C VDD_IN 9495mW/9735mW VDD_CPU_GPU_CV 2600mW/2795mW VDD_SOC 3725mW/3801mW
08-01-2026 01:28:52 RAM 3384/7620MB (lfb 8x2MB) SWAP 7/3810MB (cached 0MB) CPU [91%@1728,1%@1728,0%@1728,0%@1728,0%@729,0%@729] GR3D_FREQ 39% cpu@57.281C soc2@55.125C soc0@56.781C gpu@57.656C tj@57.656C soc1@56.906C VDD_IN 9535mW/9734mW VDD_CPU_GPU_CV 2640mW/2795mW VDD_SOC 3725mW/3801mW
08-01-2026 01:28:53 RAM 3384/7620MB (lfb 8x2MB) SWAP 7/3810MB (cached 0MB) CPU [89%@1728,0%@1728,1%@1728,0%@1728,0%@729,0%@729] GR3D_FREQ 39% cpu@57.343C soc2@55.031C soc0@56.906C gpu@57.718C tj@57.718C soc1@56.812C VDD_IN 9455mW/9734mW VDD_CPU_GPU_CV 2640mW/2795mW VDD_SOC 3766mW/3801mW
08-01-2026 01:28:54 RAM 3384/7620MB (lfb 8x2MB) SWAP 7/3810MB (cached 0MB) CPU [91%@1728,0%@1728,0%@1728,0%@1728,0%@729,0%@729] GR3D_FREQ 38% cpu@57.406C soc2@55.156C soc0@56.75C gpu@57.687C tj@57.687C soc1@56.875C VDD_IN 9495mW/9733mW VDD_CPU_GPU_CV 2680mW/2794mW VDD_SOC 3766mW/3801mW
08-01-2026 01:28:55 RAM 3384/7620MB (lfb 8x2MB) SWAP 7/3810MB (cached 0MB) CPU [90%@1728,0%@1728,0%@1728,0%@1728,0%@729,2%@729] GR3D_FREQ 39% cpu@57.5C soc2@55.093C soc0@56.875C gpu@58C tj@58C soc1@56.843C VDD_IN 9535mW/9733mW VDD_CPU_GPU_CV 2600mW/2794mW VDD_SOC 3766mW/3801mW
08-01-2026 01:28:56 RAM 3386/7620MB (lfb 9x2MB) SWAP 7/3810MB (cached 0MB) CPU [89%@1036,5%@1036,4%@1036,2%@1036,2%@1728,0%@1728] GR3D_FREQ 26% cpu@57.281C soc2@55.093C soc0@56.75C gpu@58C tj@58C soc1@56.812C VDD_IN 9655mW/9733mW VDD_CPU_GPU_CV 2760mW/2794mW VDD_SOC 3766mW/3801mW
08-01-2026 01:28:57 RAM 3385/7620MB (lfb 10x2MB) SWAP 7/3810MB (cached 0MB) CPU [4%@729,3%@729,5%@729,8%@729,89%@1728,1%@1728] GR3D_FREQ 38% cpu@57.5C soc2@55.062C soc0@56.875C gpu@57.531C tj@57.531C soc1@56.812C VDD_IN 9655mW/9732mW VDD_CPU_GPU_CV 2760mW/2794mW VDD_SOC 3766mW/3801mW
08-01-2026 01:28:58 RAM 3385/7620MB (lfb 10x2MB) SWAP 7/3810MB (cached 0MB) CPU [1%@729,1%@729,1%@729,0%@729,90%@1728,0%@1728] GR3D_FREQ 29% cpu@57.187C soc2@55C soc0@56.812C gpu@57.75C tj@57.75C soc1@56.937C VDD_IN 9615mW/9732mW VDD_CPU_GPU_CV 2640mW/2794mW VDD_SOC 3760mW/3801mW
08-01-2026 01:28:59 RAM 3385/7620MB (lfb 10x2MB) SWAP 7/3810MB (cached 0MB) CPU [0%@729,0%@729,0%@729,1%@729,91%@1728,0%@1728] GR3D_FREQ 39% cpu@57.468C soc2@55.031C soc0@56.75C gpu@57.718C tj@57.718C soc1@56.875C VDD_IN 9535mW/9732mW VDD_CPU_GPU_CV 2600mW/2793mW VDD_SOC 3766mW/3800mW
08-01-2026 01:29:00 RAM 3385/7620MB (lfb 10x2MB) SWAP 7/3810MB (cached 0MB) CPU [2%@729,1%@729,0%@729,1%@729,90%@1728,0%@1728] GR3D_FREQ 40% cpu@57.343C soc2@55.062C soc0@56.875C gpu@57.718C tj@57.718C soc1@57C VDD_IN 9575mW/9732mW VDD_CPU_GPU_CV 2680mW/2793mW VDD_SOC 3766mW/3800mW
08-01-2026 01:29:01 RAM 3385/7620MB (lfb 10x2MB) SWAP 7/3810MB (cached 0MB) CPU [1%@729,0%@729,1%@729,0%@729,91%@1728,0%@1728] GR3D_FREQ 38% cpu@57.406C soc2@55.062C soc0@56.843C gpu@57.687C tj@57.687C soc1@56.812C VDD_IN 9535mW/9731mW VDD_CPU_GPU_CV 2640mW/2793mW VDD_SOC 3766mW/3800mW
08-01-2026 01:29:02 RAM 3385/7620MB (lfb 10x2MB) SWAP 7/3810MB (cached 0MB) CPU [1%@729,0%@729,0%@729,0%@729,91%@1728,0%@1728] GR3D_FREQ 37% cpu@57.437C soc2@54.937C soc0@56.937C gpu@57.531C tj@57.531C soc1@56.812C VDD_IN 9495mW/9731mW VDD_CPU_GPU_CV 2560mW/2792mW VDD_SOC 3725mW/3800mW
08-01-2026 01:29:03 RAM 3385/7620MB (lfb 10x2MB) SWAP 7/3810MB (cached 0MB) CPU [2%@729,1%@729,1%@729,0%@729,90%@1728,0%@1728] GR3D_FREQ 37% cpu@57.312C soc2@54.968C soc0@56.812C gpu@57.593C tj@57.593C soc1@56.812C VDD_IN 9455mW/9730mW VDD_CPU_GPU_CV 2560mW/2792mW VDD_SOC 3725mW/3800mW
08-01-2026 01:29:04 RAM 3385/7620MB (lfb 10x2MB) SWAP 7/3810MB (cached 0MB) CPU [58%@1728,0%@1728,0%@1728,0%@1728,32%@729,0%@729] GR3D_FREQ 37% cpu@57.156C soc2@55.156C soc0@56.781C gpu@57.625C tj@57.625C soc1@56.937C VDD_IN 9374mW/9729mW VDD_CPU_GPU_CV 2560mW/2791mW VDD_SOC 3725mW/3800mW
08-01-2026 01:29:05 RAM 3385/7620MB (lfb 10x2MB) SWAP 7/3810MB (cached 0MB) CPU [90%@1728,1%@1728,0%@1728,0%@1728,0%@729,0%@729] GR3D_FREQ 39% cpu@57.156C soc2@55.156C soc0@56.781C gpu@57.593C tj@57.593C soc1@56.812C VDD_IN 9415mW/9729mW VDD_CPU_GPU_CV 2560mW/2791mW VDD_SOC 3766mW/3800mW
08-01-2026 01:29:06 RAM 3385/7620MB (lfb 10x2MB) SWAP 7/3810MB (cached 0MB) CPU [30%@1728,63%@1728,1%@1728,0%@1728,0%@729,0%@729] GR3D_FREQ 36% cpu@57.218C soc2@55.062C soc0@57C gpu@57.687C tj@57.687C soc1@56.812C VDD_IN 9415mW/9728mW VDD_CPU_GPU_CV 2640mW/2791mW VDD_SOC 3766mW/3800mW
08-01-2026 01:29:07 RAM 3385/7620MB (lfb 10x2MB) SWAP 7/3810MB (cached 0MB) CPU [1%@1728,90%@1728,0%@1728,0%@1728,0%@729,0%@729] GR3D_FREQ 37% cpu@57.25C soc2@55C soc0@56.937C gpu@57.718C tj@57.718C soc1@56.906C VDD_IN 9455mW/9728mW VDD_CPU_GPU_CV 2600mW/2790mW VDD_SOC 3766mW/3800mW
08-01-2026 01:29:08 RAM 3385/7620MB (lfb 10x2MB) SWAP 7/3810MB (cached 0MB) CPU [0%@1728,90%@1728,0%@1728,0%@1728,0%@729,0%@729] GR3D_FREQ 38% cpu@57.343C soc2@55.093C soc0@56.781C gpu@57.812C tj@57.812C soc1@56.906C VDD_IN 9415mW/9727mW VDD_CPU_GPU_CV 2600mW/2790mW VDD_SOC 3725mW/3800mW
08-01-2026 01:29:09 RAM 3385/7620MB (lfb 10x2MB) SWAP 7/3810MB (cached 0MB) CPU [1%@1728,26%@1728,0%@1728,64%@1728,0%@729,1%@729] GR3D_FREQ 39% cpu@57.375C soc2@55C soc0@56.781C gpu@57.843C tj@57.843C soc1@56.937C VDD_IN 9495mW/9727mW VDD_CPU_GPU_CV 2560mW/2789mW VDD_SOC 3725mW/3799mW
08-01-2026 01:29:10 RAM 3385/7620MB (lfb 10x2MB) SWAP 7/3810MB (cached 0MB) CPU [1%@1728,0%@1728,1%@1728,89%@1728,0%@729,0%@729] GR3D_FREQ 40% cpu@57.468C soc2@55.093C soc0@56.812C gpu@57.812C tj@57.812C soc1@56.75C VDD_IN 9415mW/9726mW VDD_CPU_GPU_CV 2560mW/2789mW VDD_SOC 3725mW/3799mW
08-01-2026 01:29:11 RAM 3385/7620MB (lfb 10x2MB) SWAP 7/3810MB (cached 0MB) CPU [1%@1728,0%@1728,0%@1728,90%@1728,0%@729,1%@729] GR3D_FREQ 39% cpu@57.25C soc2@55.156C soc0@56.843C gpu@57.843C tj@57.843C soc1@56.906C VDD_IN 9455mW/9726mW VDD_CPU_GPU_CV 2600mW/2789mW VDD_SOC 3725mW/3799mW
08-01-2026 01:29:12 RAM 3385/7620MB (lfb 10x2MB) SWAP 7/3810MB (cached 0MB) CPU [1%@1728,0%@1728,1%@1728,91%@1728,0%@729,0%@729] GR3D_FREQ 40% cpu@57.5C soc2@55C soc0@56.843C gpu@57.937C tj@57.937C soc1@56.812C VDD_IN 9254mW/9725mW VDD_CPU_GPU_CV 2600mW/2788mW VDD_SOC 3725mW/3799mW
08-01-2026 01:29:13 RAM 3385/7620MB (lfb 10x2MB) SWAP 7/3810MB (cached 0MB) CPU [2%@1728,0%@1728,0%@1728,90%@1728,0%@729,0%@729] GR3D_FREQ 39% cpu@57.625C soc2@54.968C soc0@56.781C gpu@57.875C tj@57.875C soc1@56.875C VDD_IN 9470mW/9724mW VDD_CPU_GPU_CV 2520mW/2788mW VDD_SOC 3766mW/3799mW
08-01-2026 01:29:14 RAM 3385/7620MB (lfb 10x2MB) SWAP 7/3810MB (cached 0MB) CPU [0%@1728,0%@1728,0%@1728,90%@1728,0%@729,0%@729] GR3D_FREQ 40% cpu@57.218C soc2@55.031C soc0@56.875C gpu@57.937C tj@57.937C soc1@56.812C VDD_IN 9334mW/9723mW VDD_CPU_GPU_CV 2520mW/2787mW VDD_SOC 3725mW/3799mW
08-01-2026 01:29:15 RAM 3385/7620MB (lfb 10x2MB) SWAP 7/3810MB (cached 0MB) CPU [1%@1728,0%@1728,0%@1728,91%@1728,0%@729,0%@729] GR3D_FREQ 36% cpu@57.312C soc2@55.031C soc0@56.75C gpu@57.625C tj@57.625C soc1@57.031C VDD_IN 9334mW/9723mW VDD_CPU_GPU_CV 2560mW/2787mW VDD_SOC 3725mW/3799mW
08-01-2026 01:29:16 RAM 3385/7620MB (lfb 10x2MB) SWAP 7/3810MB (cached 0MB) CPU [1%@1728,0%@1728,1%@1728,90%@1728,0%@729,0%@729] GR3D_FREQ 38% cpu@57.531C soc2@55.156C soc0@56.781C gpu@57.656C tj@57.656C soc1@56.781C VDD_IN 9374mW/9722mW VDD_CPU_GPU_CV 2520mW/2786mW VDD_SOC 3685mW/3798mW
08-01-2026 01:29:17 RAM 3385/7620MB (lfb 10x2MB) SWAP 7/3810MB (cached 0MB) CPU [0%@1728,0%@1728,71%@1728,20%@1728,1%@729,0%@729] GR3D_FREQ 39% cpu@57.718C soc2@55.062C soc0@57C gpu@57.718C tj@57.718C soc1@56.906C VDD_IN 9430mW/9721mW VDD_CPU_GPU_CV 2440mW/2786mW VDD_SOC 3685mW/3798mW
08-01-2026 01:29:18 RAM 3385/7620MB (lfb 10x2MB) SWAP 7/3810MB (cached 0MB) CPU [1%@1728,0%@1728,90%@1728,0%@1728,0%@729,0%@729] GR3D_FREQ 40% cpu@57.875C soc2@55.062C soc0@56.781C gpu@57.812C tj@57.875C soc1@56.843C VDD_IN 9134mW/9720mW VDD_CPU_GPU_CV 2480mW/2785mW VDD_SOC 3725mW/3798mW
08-01-2026 01:29:19 RAM 3385/7620MB (lfb 10x2MB) SWAP 7/3810MB (cached 0MB) CPU [0%@1728,0%@1728,90%@1728,0%@1728,0%@729,0%@729] GR3D_FREQ 40% cpu@57.625C soc2@55.093C soc0@56.781C gpu@57.687C tj@57.687C soc1@56.968C VDD_IN 9294mW/9720mW VDD_CPU_GPU_CV 2480mW/2785mW VDD_SOC 3645mW/3798mW
08-01-2026 01:29:20 RAM 3385/7620MB (lfb 10x2MB) SWAP 7/3810MB (cached 0MB) CPU [3%@1728,0%@1728,17%@1728,73%@1728,0%@729,0%@729] GR3D_FREQ 40% cpu@57.406C soc2@55.125C soc0@56.875C gpu@58.062C tj@58.062C soc1@56.937C VDD_IN 9309mW/9719mW VDD_CPU_GPU_CV 2480mW/2784mW VDD_SOC 3685mW/3798mW
08-01-2026 01:29:21 RAM 3385/7620MB (lfb 10x2MB) SWAP 7/3810MB (cached 0MB) CPU [1%@1728,0%@1728,0%@1728,90%@1728,0%@729,0%@729] GR3D_FREQ 38% cpu@57.343C soc2@55.218C soc0@56.906C gpu@58.062C tj@58.062C soc1@56.875C VDD_IN 9214mW/9718mW VDD_CPU_GPU_CV 2480mW/2783mW VDD_SOC 3725mW/3797mW
08-01-2026 01:29:22 RAM 3385/7620MB (lfb 10x2MB) SWAP 7/3810MB (cached 0MB) CPU [74%@1728,0%@1728,0%@1728,16%@1728,0%@729,1%@729] GR3D_FREQ 39% cpu@57.656C soc2@55.25C soc0@56.781C gpu@57.562C tj@57.656C soc1@56.781C VDD_IN 9174mW/9717mW VDD_CPU_GPU_CV 2440mW/2783mW VDD_SOC 3685mW/3797mW
08-01-2026 01:29:23 RAM 3385/7620MB (lfb 10x2MB) SWAP 7/3810MB (cached 0MB) CPU [17%@1728,0%@1728,75%@1728,0%@1728,0%@729,0%@729] GR3D_FREQ 40% cpu@57.75C soc2@55.156C soc0@56.75C gpu@57.531C tj@57.75C soc1@56.875C VDD_IN 9309mW/9716mW VDD_CPU_GPU_CV 2400mW/2782mW VDD_SOC 3685mW/3797mW
08-01-2026 01:29:24 RAM 3385/7620MB (lfb 10x2MB) SWAP 7/3810MB (cached 0MB) CPU [1%@1728,75%@1728,16%@1728,0%@1728,0%@729,0%@729] GR3D_FREQ 39% cpu@57.218C soc2@55.156C soc0@56.75C gpu@57.562C tj@57.562C soc1@56.906C VDD_IN 9214mW/9715mW VDD_CPU_GPU_CV 2440mW/2781mW VDD_SOC 3685mW/3797mW
08-01-2026 01:29:25 RAM 3385/7620MB (lfb 10x2MB) SWAP 7/3810MB (cached 0MB) CPU [1%@1728,91%@1728,1%@1728,0%@1728,0%@729,0%@729] GR3D_FREQ 38% cpu@57.156C soc2@55.156C soc0@56.843C gpu@57.593C tj@57.593C soc1@57.031C VDD_IN 9174mW/9714mW VDD_CPU_GPU_CV 2440mW/2781mW VDD_SOC 3685mW/3797mW
08-01-2026 01:29:26 RAM 3385/7620MB (lfb 10x2MB) SWAP 7/3810MB (cached 0MB) CPU [78%@1728,13%@1728,2%@1728,0%@1728,0%@729,0%@729] GR3D_FREQ 39% cpu@57.406C soc2@55.312C soc0@56.968C gpu@57.562C tj@57.562C soc1@56.906C VDD_IN 9229mW/9713mW VDD_CPU_GPU_CV 2400mW/2780mW VDD_SOC 3685mW/3796mW
08-01-2026 01:29:27 RAM 3385/7620MB (lfb 10x2MB) SWAP 7/3810MB (cached 0MB) CPU [91%@1728,0%@1728,0%@1728,0%@1728,0%@729,0%@729] GR3D_FREQ 37% cpu@57.406C soc2@55.187C soc0@56.906C gpu@57.843C tj@57.843C soc1@56.906C VDD_IN 9229mW/9712mW VDD_CPU_GPU_CV 2400mW/2779mW VDD_SOC 3685mW/3796mW
08-01-2026 01:29:28 RAM 3385/7620MB (lfb 10x2MB) SWAP 7/3810MB (cached 0MB) CPU [91%@1728,0%@1728,0%@1728,0%@1728,0%@729,0%@729] GR3D_FREQ 36% cpu@57.437C soc2@55.156C soc0@56.875C gpu@57.781C tj@57.781C soc1@56.968C VDD_IN 9229mW/9711mW VDD_CPU_GPU_CV 2400mW/2779mW VDD_SOC 3685mW/3796mW
08-01-2026 01:29:29 RAM 3385/7620MB (lfb 10x2MB) SWAP 7/3810MB (cached 0MB) CPU [12%@1728,1%@1728,0%@1728,78%@1728,0%@729,0%@729] GR3D_FREQ 40% cpu@57.375C soc2@55.125C soc0@56.906C gpu@57.781C tj@57.781C soc1@56.968C VDD_IN 9054mW/9710mW VDD_CPU_GPU_CV 2480mW/2778mW VDD_SOC 3685mW/3796mW
08-01-2026 01:29:30 RAM 3385/7620MB (lfb 10x2MB) SWAP 7/3810MB (cached 0MB) CPU [1%@1728,0%@1728,1%@1728,86%@1728,0%@729,0%@729] GR3D_FREQ 39% cpu@57.406C soc2@55.093C soc0@56.968C gpu@57.812C tj@57.812C soc1@57C VDD_IN 9094mW/9709mW VDD_CPU_GPU_CV 2403mW/2777mW VDD_SOC 3645mW/3796mW
08-01-2026 01:29:31 RAM 3385/7620MB (lfb 10x2MB) SWAP 7/3810MB (cached 0MB) CPU [77%@1728,0%@1728,1%@1728,15%@1728,0%@729,0%@729] GR3D_FREQ 39% cpu@57.5C soc2@55.218C soc0@56.875C gpu@57.875C tj@57.875C soc1@56.875C VDD_IN 9174mW/9708mW VDD_CPU_GPU_CV 2440mW/2777mW VDD_SOC 3685mW/3795mW
08-01-2026 01:29:32 RAM 3385/7620MB (lfb 10x2MB) SWAP 7/3810MB (cached 0MB) CPU [91%@1728,0%@1728,0%@1728,0%@1728,0%@729,0%@729] GR3D_FREQ 38% cpu@57.375C soc2@55.156C soc0@56.843C gpu@57.781C tj@57.781C soc1@56.843C VDD_IN 9094mW/9707mW VDD_CPU_GPU_CV 2440mW/2776mW VDD_SOC 3685mW/3795mW
08-01-2026 01:29:33 RAM 3385/7620MB (lfb 10x2MB) SWAP 7/3810MB (cached 0MB) CPU [91%@1728,0%@1728,0%@1728,0%@1728,0%@729,0%@729] GR3D_FREQ 37% cpu@57.5C soc2@55.187C soc0@56.875C gpu@57.875C tj@57.875C soc1@56.843C VDD_IN 9174mW/9706mW VDD_CPU_GPU_CV 2400mW/2775mW VDD_SOC 3685mW/3795mW
08-01-2026 01:29:34 RAM 3385/7620MB (lfb 10x2MB) SWAP 7/3810MB (cached 0MB) CPU [14%@1728,0%@1728,77%@1728,0%@1728,0%@729,0%@729] GR3D_FREQ 39% cpu@57.625C soc2@55.125C soc0@56.687C gpu@57.562C tj@57.625C soc1@56.968C VDD_IN 9134mW/9705mW VDD_CPU_GPU_CV 2440mW/2775mW VDD_SOC 3685mW/3795mW
08-01-2026 01:29:35 RAM 3385/7620MB (lfb 10x2MB) SWAP 7/3810MB (cached 0MB) CPU [1%@1728,0%@1728,90%@1728,0%@1728,0%@729,1%@729] GR3D_FREQ 36% cpu@57.687C soc2@55.093C soc0@56.875C gpu@57.656C tj@57.687C soc1@57C VDD_IN 9174mW/9704mW VDD_CPU_GPU_CV 2440mW/2774mW VDD_SOC 3685mW/3795mW
08-01-2026 01:29:36 RAM 3385/7620MB (lfb 10x2MB) SWAP 7/3810MB (cached 0MB) CPU [1%@1728,0%@1728,90%@1728,0%@1728,0%@729,0%@729] GR3D_FREQ 39% cpu@57.843C soc2@55.281C soc0@56.843C gpu@57.625C tj@57.843C soc1@56.718C VDD_IN 9174mW/9703mW VDD_CPU_GPU_CV 2440mW/2774mW VDD_SOC 3685mW/3794mW
08-01-2026 01:29:37 RAM 3385/7620MB (lfb 10x2MB) SWAP 7/3810MB (cached 0MB) CPU [1%@729,0%@729,52%@729,1%@729,37%@1728,0%@1728] GR3D_FREQ 39% cpu@57.406C soc2@54.968C soc0@56.812C gpu@57.687C tj@57.687C soc1@56.875C VDD_IN 9134mW/9702mW VDD_CPU_GPU_CV 2400mW/2773mW VDD_SOC 3685mW/3794mW
08-01-2026 01:29:38 RAM 3385/7620MB (lfb 10x2MB) SWAP 7/3810MB (cached 0MB) CPU [1%@729,1%@729,1%@729,0%@729,91%@1728,0%@1728] GR3D_FREQ 37% cpu@57.687C soc2@55C soc0@56.781C gpu@57.687C tj@57.687C soc1@56.906C VDD_IN 9134mW/9701mW VDD_CPU_GPU_CV 2440mW/2772mW VDD_SOC 3685mW/3794mW
08-01-2026 01:29:39 RAM 3385/7620MB (lfb 10x2MB) SWAP 7/3810MB (cached 0MB) CPU [1%@729,0%@729,0%@729,0%@729,90%@1728,0%@1728] GR3D_FREQ 38% cpu@57.343C soc2@55.062C soc0@56.781C gpu@57.718C tj@57.718C soc1@56.937C VDD_IN 9094mW/9700mW VDD_CPU_GPU_CV 2440mW/2772mW VDD_SOC 3685mW/3794mW
08-01-2026 01:29:40 RAM 3385/7620MB (lfb 10x2MB) SWAP 7/3810MB (cached 0MB) CPU [0%@729,0%@729,0%@729,1%@729,90%@1728,0%@1728] GR3D_FREQ 37% cpu@57.437C soc2@55.093C soc0@56.781C gpu@57.906C tj@57.906C soc1@56.75C VDD_IN 9134mW/9699mW VDD_CPU_GPU_CV 2443mW/2771mW VDD_SOC 3645mW/3793mW
08-01-2026 01:29:41 RAM 3385/7620MB (lfb 10x2MB) SWAP 7/3810MB (cached 0MB) CPU [1%@729,0%@729,1%@729,0%@729,91%@1728,1%@1728] GR3D_FREQ 39% cpu@57.531C soc2@55.156C soc0@56.906C gpu@58C tj@58C soc1@56.718C VDD_IN 9134mW/9698mW VDD_CPU_GPU_CV 2403mW/2771mW VDD_SOC 3645mW/3793mW
08-01-2026 01:29:42 RAM 3385/7620MB (lfb 10x2MB) SWAP 7/3810MB (cached 0MB) CPU [1%@729,0%@729,0%@729,1%@729,11%@1728,79%@1728] GR3D_FREQ 40% cpu@57.25C soc2@55C soc0@56.781C gpu@58.062C tj@58.062C soc1@56.875C VDD_IN 9134mW/9697mW VDD_CPU_GPU_CV 2440mW/2770mW VDD_SOC 3685mW/3793mW
08-01-2026 01:29:43 RAM 3385/7620MB (lfb 10x2MB) SWAP 7/3810MB (cached 0MB) CPU [0%@729,0%@729,0%@729,0%@729,0%@1728,90%@1728] GR3D_FREQ 38% cpu@57.156C soc2@54.968C soc0@56.812C gpu@58.062C tj@58.062C soc1@57C VDD_IN 9134mW/9696mW VDD_CPU_GPU_CV 2400mW/2769mW VDD_SOC 3645mW/3793mW
08-01-2026 01:29:44 RAM 3385/7620MB (lfb 10x2MB) SWAP 7/3810MB (cached 0MB) CPU [1%@729,0%@729,0%@729,0%@729,0%@1728,90%@1728] GR3D_FREQ 39% cpu@56.968C soc2@54.906C soc0@56.843C gpu@57.5C tj@57.5C soc1@56.875C VDD_IN 9109mW/9695mW VDD_CPU_GPU_CV 2360mW/2769mW VDD_SOC 3685mW/3793mW
08-01-2026 01:29:45 RAM 3385/7620MB (lfb 10x2MB) SWAP 7/3810MB (cached 0MB) CPU [0%@729,0%@729,0%@729,1%@729,0%@1728,90%@1728] GR3D_FREQ 40% cpu@57.062C soc2@55C soc0@56.875C gpu@57.718C tj@57.718C soc1@56.875C VDD_IN 9109mW/9694mW VDD_CPU_GPU_CV 2400mW/2768mW VDD_SOC 3685mW/3792mW
08-01-2026 01:29:46 RAM 3385/7620MB (lfb 10x2MB) SWAP 7/3810MB (cached 0MB) CPU [1%@729,0%@729,0%@729,1%@729,0%@1728,90%@1728] GR3D_FREQ 37% cpu@57.218C soc2@54.906C soc0@56.968C gpu@57.687C tj@57.687C soc1@56.843C VDD_IN 9109mW/9693mW VDD_CPU_GPU_CV 2360mW/2767mW VDD_SOC 3645mW/3792mW
08-01-2026 01:29:47 RAM 3385/7620MB (lfb 10x2MB) SWAP 7/3810MB (cached 0MB) CPU [1%@729,0%@729,0%@729,0%@729,0%@1728,90%@1728] GR3D_FREQ 37% cpu@57.281C soc2@54.968C soc0@56.812C gpu@57.625C tj@57.625C soc1@56.843C VDD_IN 9028mW/9691mW VDD_CPU_GPU_CV 2360mW/2766mW VDD_SOC 3645mW/3792mW
08-01-2026 01:29:48 RAM 3385/7620MB (lfb 10x2MB) SWAP 7/3810MB (cached 0MB) CPU [0%@729,1%@729,0%@729,0%@729,0%@1728,90%@1728] GR3D_FREQ 40% cpu@57.281C soc2@54.906C soc0@56.781C gpu@57.687C tj@57.687C soc1@57C VDD_IN 9028mW/9690mW VDD_CPU_GPU_CV 2320mW/2766mW VDD_SOC 3645mW/3792mW
08-01-2026 01:29:49 RAM 3385/7620MB (lfb 10x2MB) SWAP 7/3810MB (cached 0MB) CPU [1%@729,0%@729,0%@729,0%@729,0%@1728,90%@1728] GR3D_FREQ 38% cpu@57.125C soc2@55.031C soc0@56.843C gpu@57.656C tj@57.656C soc1@57C VDD_IN 9028mW/9689mW VDD_CPU_GPU_CV 2320mW/2765mW VDD_SOC 3645mW/3791mW
08-01-2026 01:29:50 RAM 3385/7620MB (lfb 10x2MB) SWAP 7/3810MB (cached 0MB) CPU [1%@729,0%@729,0%@729,1%@729,0%@1728,90%@1728] GR3D_FREQ 39% cpu@57.25C soc2@55.031C soc0@56.843C gpu@57.531C tj@57.531C soc1@56.906C VDD_IN 8948mW/9688mW VDD_CPU_GPU_CV 2360mW/2764mW VDD_SOC 3645mW/3791mW
08-01-2026 01:29:51 RAM 3385/7620MB (lfb 10x2MB) SWAP 7/3810MB (cached 0MB) CPU [1%@729,1%@729,0%@729,1%@729,0%@1728,90%@1728] GR3D_FREQ 38% cpu@57.25C soc2@54.968C soc0@56.781C gpu@57.531C tj@57.531C soc1@56.937C VDD_IN 9028mW/9687mW VDD_CPU_GPU_CV 2320mW/2763mW VDD_SOC 3645mW/3791mW
08-01-2026 01:29:52 RAM 3385/7620MB (lfb 10x2MB) SWAP 7/3810MB (cached 0MB) CPU [2%@729,0%@729,2%@729,1%@729,0%@1728,89%@1728] GR3D_FREQ 39% cpu@57.343C soc2@55C soc0@56.812C gpu@57.718C tj@57.718C soc1@56.906C VDD_IN 9068mW/9685mW VDD_CPU_GPU_CV 2283mW/2762mW VDD_SOC 3645mW/3791mW
08-01-2026 01:29:53 RAM 3385/7620MB (lfb 10x2MB) SWAP 7/3810MB (cached 0MB) CPU [0%@1728,0%@1728,90%@1728,0%@1728,0%@729,0%@729] GR3D_FREQ 37% cpu@57.562C soc2@55.031C soc0@56.875C gpu@57.812C tj@57.812C soc1@56.968C VDD_IN 8988mW/9684mW VDD_CPU_GPU_CV 2243mW/2762mW VDD_SOC 3645mW/3790mW
08-01-2026 01:29:54 RAM 3385/7620MB (lfb 10x2MB) SWAP 7/3810MB (cached 0MB) CPU [2%@1728,0%@1728,91%@1728,0%@1728,0%@729,0%@729] GR3D_FREQ 39% cpu@57.75C soc2@55.062C soc0@56.906C gpu@57.75C tj@57.75C soc1@56.843C VDD_IN 8988mW/9683mW VDD_CPU_GPU_CV 2240mW/2761mW VDD_SOC 3645mW/3790mW
08-01-2026 01:29:55 RAM 3385/7620MB (lfb 10x2MB) SWAP 7/3810MB (cached 0MB) CPU [0%@1728,0%@1728,90%@1728,0%@1728,0%@729,0%@729] GR3D_FREQ 38% cpu@57.781C soc2@55.062C soc0@56.906C gpu@57.718C tj@57.781C soc1@56.875C VDD_IN 8908mW/9682mW VDD_CPU_GPU_CV 2240mW/2760mW VDD_SOC 3685mW/3790mW
08-01-2026 01:29:56 RAM 3385/7620MB (lfb 10x2MB) SWAP 7/3810MB (cached 0MB) CPU [1%@1728,0%@1728,91%@1728,0%@1728,0%@729,0%@729] GR3D_FREQ 39% cpu@57.718C soc2@55.031C soc0@56.843C gpu@57.812C tj@57.812C soc1@56.843C VDD_IN 8988mW/9680mW VDD_CPU_GPU_CV 2240mW/2759mW VDD_SOC 3645mW/3790mW
08-01-2026 01:29:57 RAM 3385/7620MB (lfb 10x2MB) SWAP 7/3810MB (cached 0MB) CPU [1%@729,0%@729,87%@729,0%@729,2%@1728,0%@1728] GR3D_FREQ 35% cpu@57.468C soc2@55.031C soc0@56.843C gpu@57.625C tj@57.625C soc1@56.937C VDD_IN 8948mW/9679mW VDD_CPU_GPU_CV 2240mW/2758mW VDD_SOC 3645mW/3789mW
08-01-2026 01:29:58 RAM 3385/7620MB (lfb 10x2MB) SWAP 7/3810MB (cached 0MB) CPU [2%@729,0%@729,0%@729,0%@729,90%@1728,0%@1728] GR3D_FREQ 39% cpu@57.281C soc2@54.968C soc0@56.843C gpu@57.593C tj@57.593C soc1@57C VDD_IN 8988mW/9678mW VDD_CPU_GPU_CV 2320mW/2757mW VDD_SOC 3645mW/3789mW
08-01-2026 01:29:59 RAM 3385/7620MB (lfb 10x2MB) SWAP 7/3810MB (cached 0MB) CPU [2%@729,0%@729,1%@729,1%@729,91%@1728,0%@1728] GR3D_FREQ 39% cpu@57.5C soc2@55C soc0@56.937C gpu@57.593C tj@57.593C soc1@56.812C VDD_IN 9109mW/9677mW VDD_CPU_GPU_CV 2283mW/2756mW VDD_SOC 3645mW/3789mW
08-01-2026 01:30:00 RAM 3385/7620MB (lfb 10x2MB) SWAP 7/3810MB (cached 0MB) CPU [1%@729,0%@729,0%@729,0%@729,90%@1728,0%@1728] GR3D_FREQ 39% cpu@57.562C soc2@54.937C soc0@56.812C gpu@57.531C tj@57.562C soc1@56.875C VDD_IN 8948mW/9676mW VDD_CPU_GPU_CV 2280mW/2755mW VDD_SOC 3685mW/3789mW
08-01-2026 01:30:01 RAM 3385/7620MB (lfb 10x2MB) SWAP 7/3810MB (cached 0MB) CPU [2%@729,0%@729,1%@729,0%@729,91%@1728,0%@1728] GR3D_FREQ 31% cpu@57.187C soc2@55C soc0@56.812C gpu@57.843C tj@57.843C soc1@56.906C VDD_IN 9109mW/9675mW VDD_CPU_GPU_CV 2323mW/2755mW VDD_SOC 3605mW/3788mW
08-01-2026 01:30:02 RAM 3385/7620MB (lfb 10x2MB) SWAP 7/3810MB (cached 0MB) CPU [0%@729,0%@729,1%@729,0%@729,90%@1728,0%@1728] GR3D_FREQ 39% cpu@57.25C soc2@55.031C soc0@56.75C gpu@57.875C tj@57.875C soc1@57.093C VDD_IN 9028mW/9674mW VDD_CPU_GPU_CV 2280mW/2754mW VDD_SOC 3645mW/3788mW
08-01-2026 01:30:03 RAM 3385/7620MB (lfb 10x2MB) SWAP 7/3810MB (cached 0MB) CPU [1%@729,0%@729,1%@729,0%@729,89%@1728,0%@1728] GR3D_FREQ 24% cpu@57.125C soc2@55.093C soc0@56.968C gpu@57.906C tj@57.906C soc1@56.906C VDD_IN 8988mW/9672mW VDD_CPU_GPU_CV 2283mW/2753mW VDD_SOC 3645mW/3788mW
08-01-2026 01:30:04 RAM 3385/7620MB (lfb 10x2MB) SWAP 7/3810MB (cached 0MB) CPU [2%@729,0%@729,0%@729,0%@729,89%@1728,0%@1728] GR3D_FREQ 25% cpu@57.343C soc2@55C soc0@56.968C gpu@58C tj@58C soc1@56.937C VDD_IN 8988mW/9671mW VDD_CPU_GPU_CV 2323mW/2752mW VDD_SOC 3645mW/3788mW
08-01-2026 01:30:05 RAM 3385/7620MB (lfb 10x2MB) SWAP 7/3810MB (cached 0MB) CPU [0%@729,1%@729,0%@729,0%@729,91%@1728,0%@1728] GR3D_FREQ 86% cpu@57.562C soc2@55.031C soc0@56.875C gpu@57.875C tj@57.875C soc1@56.906C VDD_IN 9054mW/9670mW VDD_CPU_GPU_CV 2400mW/2752mW VDD_SOC 3685mW/3787mW
08-01-2026 01:30:06 RAM 3385/7620MB (lfb 10x2MB) SWAP 7/3810MB (cached 0MB) CPU [1%@729,0%@729,0%@729,0%@729,90%@1728,0%@1728] GR3D_FREQ 92% cpu@56.968C soc2@55C soc0@56.781C gpu@58C tj@58C soc1@56.906C VDD_IN 9174mW/9669mW VDD_CPU_GPU_CV 2440mW/2751mW VDD_SOC 3685mW/3787mW
08-01-2026 01:30:07 RAM 3385/7620MB (lfb 10x2MB) SWAP 7/3810MB (cached 0MB) CPU [1%@729,0%@729,1%@729,0%@729,90%@1728,0%@1728] GR3D_FREQ 99% cpu@57.062C soc2@55.031C soc0@56.843C gpu@58.031C tj@58.031C soc1@56.875C VDD_IN 9269mW/9669mW VDD_CPU_GPU_CV 2440mW/2751mW VDD_SOC 3725mW/3787mW
08-01-2026 01:30:08 RAM 3385/7620MB (lfb 10x2MB) SWAP 7/3810MB (cached 0MB) CPU [1%@729,0%@729,0%@729,0%@729,89%@1420,0%@1420] GR3D_FREQ 99% cpu@57.187C soc2@55.093C soc0@57.031C gpu@58.062C tj@58.5C soc1@56.812C VDD_IN 9374mW/9668mW VDD_CPU_GPU_CV 2560mW/2750mW VDD_SOC 3766mW/3787mW
08-01-2026 01:30:09 RAM 3385/7620MB (lfb 10x2MB) SWAP 7/3810MB (cached 0MB) CPU [0%@729,0%@729,0%@729,0%@729,89%@1190,0%@1190] GR3D_FREQ 99% cpu@57.406C soc2@55.031C soc0@56.843C gpu@58.562C tj@58.562C soc1@56.937C VDD_IN 9415mW/9668mW VDD_CPU_GPU_CV 2600mW/2750mW VDD_SOC 3806mW/3787mW
08-01-2026 01:30:10 RAM 3385/7620MB (lfb 10x2MB) SWAP 7/3810MB (cached 0MB) CPU [1%@729,0%@729,0%@729,0%@729,90%@1574,0%@1574] GR3D_FREQ 99% cpu@57.25C soc2@55.187C soc0@56.812C gpu@58.843C tj@58.843C soc1@56.937C VDD_IN 9775mW/9668mW VDD_CPU_GPU_CV 2715mW/2750mW VDD_SOC 3846mW/3787mW
08-01-2026 01:30:11 RAM 3385/7620MB (lfb 10x2MB) SWAP 7/3810MB (cached 0MB) CPU [2%@729,0%@729,1%@729,0%@729,87%@1113,3%@1113] GR3D_FREQ 99% cpu@57.25C soc2@55.125C soc0@56.906C gpu@58.375C tj@58.375C soc1@57.031C VDD_IN 10096mW/9669mW VDD_CPU_GPU_CV 2795mW/2750mW VDD_SOC 3880mW/3787mW
08-01-2026 01:30:12 RAM 3385/7620MB (lfb 10x2MB) SWAP 7/3810MB (cached 0MB) CPU [1%@729,0%@729,0%@729,0%@729,0%@1728,90%@1728] GR3D_FREQ 88% cpu@57.218C soc2@55.187C soc0@56.906C gpu@58.375C tj@58.375C soc1@56.906C VDD_IN 10216mW/9669mW VDD_CPU_GPU_CV 2955mW/2750mW VDD_SOC 3960mW/3788mW
08-01-2026 01:30:13 RAM 3385/7620MB (lfb 10x2MB) SWAP 7/3810MB (cached 0MB) CPU [3%@729,0%@729,0%@729,0%@729,0%@1728,90%@1728] GR3D_FREQ 90% cpu@57.437C soc2@55.093C soc0@56.906C gpu@58.625C tj@58.625C soc1@56.906C VDD_IN 10360mW/9671mW VDD_CPU_GPU_CV 3115mW/2751mW VDD_SOC 4000mW/3788mW
08-01-2026 01:30:14 RAM 3385/7620MB (lfb 10x2MB) SWAP 7/3810MB (cached 0MB) CPU [1%@729,0%@729,0%@729,0%@729,0%@1190,89%@1190] GR3D_FREQ 99% cpu@57.625C soc2@55.187C soc0@56.843C gpu@59C tj@59C soc1@56.968C VDD_IN 10720mW/9672mW VDD_CPU_GPU_CV 3428mW/2752mW VDD_SOC 4033mW/3788mW
08-01-2026 01:30:15 RAM 3385/7620MB (lfb 10x2MB) SWAP 7/3810MB (cached 0MB) CPU [2%@729,0%@729,1%@729,0%@729,0%@883,89%@883] GR3D_FREQ 99% cpu@57.406C soc2@55.156C soc0@56.875C gpu@58.968C tj@58.968C soc1@57.031C VDD_IN 10880mW/9674mW VDD_CPU_GPU_CV 3474mW/2753mW VDD_SOC 4113mW/3789mW
08-01-2026 01:30:16 RAM 3385/7620MB (lfb 10x2MB) SWAP 7/3810MB (cached 0MB) CPU [2%@729,1%@729,0%@729,0%@729,0%@806,89%@806] GR3D_FREQ 99% cpu@57.437C soc2@55.312C soc0@56.906C gpu@59.031C tj@59.031C soc1@56.906C VDD_IN 11320mW/9677mW VDD_CPU_GPU_CV 3747mW/2755mW VDD_SOC 4153mW/3790mW
08-01-2026 01:30:17 RAM 3385/7620MB (lfb 10x2MB) SWAP 7/3810MB (cached 0MB) CPU [1%@729,0%@729,0%@729,0%@729,0%@729,90%@729] GR3D_FREQ 99% cpu@57.531C soc2@55.281C soc0@56.875C gpu@58.906C tj@58.906C soc1@56.906C VDD_IN 11240mW/9680mW VDD_CPU_GPU_CV 3588mW/2756mW VDD_SOC 4153mW/3790mW
08-01-2026 01:30:18 RAM 3385/7620MB (lfb 10x2MB) SWAP 7/3810MB (cached 0MB) CPU [1%@729,0%@729,0%@729,0%@729,0%@1574,89%@1574] GR3D_FREQ 99% cpu@57.25C soc2@55.312C soc0@56.781C gpu@58.812C tj@58.812C soc1@57C VDD_IN 11280mW/9683mW VDD_CPU_GPU_CV 3588mW/2758mW VDD_SOC 4153mW/3791mW
08-01-2026 01:30:19 RAM 3385/7620MB (lfb 10x2MB) SWAP 7/3810MB (cached 0MB) CPU [2%@729,1%@729,0%@729,0%@729,0%@1651,90%@1651] GR3D_FREQ 99% cpu@57.343C soc2@55.281C soc0@56.906C gpu@58.781C tj@58.781C soc1@57C VDD_IN 11240mW/9685mW VDD_CPU_GPU_CV 3628mW/2759mW VDD_SOC 4153mW/3791mW
08-01-2026 01:30:20 RAM 3385/7620MB (lfb 10x2MB) SWAP 7/3810MB (cached 0MB) CPU [1%@729,0%@729,0%@729,0%@729,0%@1574,90%@1574] GR3D_FREQ 42% cpu@57.25C soc2@55.25C soc0@56.843C gpu@58.812C tj@58.812C soc1@57.125C VDD_IN 11280mW/9688mW VDD_CPU_GPU_CV 3668mW/2761mW VDD_SOC 4153mW/3792mW
08-01-2026 01:30:21 RAM 3385/7620MB (lfb 10x2MB) SWAP 7/3810MB (cached 0MB) CPU [2%@729,0%@729,0%@729,1%@729,0%@1651,90%@1651] GR3D_FREQ 33% cpu@57.281C soc2@55.312C soc0@56.843C gpu@58.531C tj@58.531C soc1@56.937C VDD_IN 11480mW/9691mW VDD_CPU_GPU_CV 3787mW/2763mW VDD_SOC 4153mW/3793mW
08-01-2026 01:30:22 RAM 3385/7620MB (lfb 10x2MB) SWAP 7/3810MB (cached 0MB) CPU [2%@729,1%@729,0%@729,0%@729,0%@1574,90%@1574] GR3D_FREQ 29% cpu@57.437C soc2@55.218C soc0@56.875C gpu@58.562C tj@58.562C soc1@57C VDD_IN 11200mW/9694mW VDD_CPU_GPU_CV 3628mW/2764mW VDD_SOC 4153mW/3793mW
08-01-2026 01:30:23 RAM 3385/7620MB (lfb 10x2MB) SWAP 7/3810MB (cached 0MB) CPU [1%@729,0%@729,0%@729,0%@729,0%@1651,90%@1651] GR3D_FREQ 47% cpu@57.312C soc2@55.218C soc0@56.781C gpu@58.562C tj@58.562C soc1@57.031C VDD_IN 11301mW/9696mW VDD_CPU_GPU_CV 3827mW/2766mW VDD_SOC 4153mW/3794mW
08-01-2026 01:30:24 RAM 3385/7620MB (lfb 10x2MB) SWAP 7/3810MB (cached 0MB) CPU [2%@729,1%@729,0%@729,0%@729,0%@1728,90%@1728] GR3D_FREQ 44% cpu@57.343C soc2@55.281C soc0@56.875C gpu@58.312C tj@58.312C soc1@57C VDD_IN 11280mW/9699mW VDD_CPU_GPU_CV 3668mW/2767mW VDD_SOC 4153mW/3794mW
08-01-2026 01:30:25 RAM 3385/7620MB (lfb 10x2MB) SWAP 7/3810MB (cached 0MB) CPU [2%@729,0%@729,0%@729,0%@729,0%@1728,89%@1728] GR3D_FREQ 52% cpu@57.375C soc2@55.312C soc0@56.968C gpu@58.25C tj@58.25C soc1@56.937C VDD_IN 11240mW/9701mW VDD_CPU_GPU_CV 3628mW/2769mW VDD_SOC 4153mW/3795mW
08-01-2026 01:30:26 RAM 3385/7620MB (lfb 10x2MB) SWAP 7/3810MB (cached 0MB) CPU [2%@729,0%@729,0%@729,0%@729,0%@1728,90%@1728] GR3D_FREQ 49% cpu@57.562C soc2@55.156C soc0@57C gpu@58.312C tj@58.312C soc1@56.906C VDD_IN 11240mW/9704mW VDD_CPU_GPU_CV 3668mW/2770mW VDD_SOC 4153mW/3796mW
08-01-2026 01:30:28 RAM 3385/7620MB (lfb 10x2MB) SWAP 7/3810MB (cached 0MB) CPU [2%@729,0%@729,1%@729,0%@729,0%@1728,89%@1728] GR3D_FREQ 55% cpu@57.437C soc2@55.281C soc0@56.812C gpu@58.218C tj@58.218C soc1@56.968C VDD_IN 11280mW/9707mW VDD_CPU_GPU_CV 3588mW/2772mW VDD_SOC 4153mW/3796mW
08-01-2026 01:30:29 RAM 3385/7620MB (lfb 10x2MB) SWAP 7/3810MB (cached 0MB) CPU [2%@729,0%@729,0%@729,0%@729,0%@1728,90%@1728] GR3D_FREQ 48% cpu@57.25C soc2@55.156C soc0@56.875C gpu@58.562C tj@58.562C soc1@57.031C VDD_IN 11360mW/9709mW VDD_CPU_GPU_CV 3708mW/2773mW VDD_SOC 4153mW/3797mW
08-01-2026 01:30:30 RAM 3385/7620MB (lfb 10x2MB) SWAP 7/3810MB (cached 0MB) CPU [1%@729,0%@729,0%@729,0%@729,0%@1728,90%@1728] GR3D_FREQ 47% cpu@57.281C soc2@55.187C soc0@56.843C gpu@58.5C tj@58.5C soc1@56.906C VDD_IN 11240mW/9712mW VDD_CPU_GPU_CV 3628mW/2775mW VDD_SOC 4113mW/3797mW
08-01-2026 01:30:31 RAM 3385/7620MB (lfb 10x2MB) SWAP 7/3810MB (cached 0MB) CPU [1%@729,0%@729,0%@729,1%@729,0%@1728,90%@1728] GR3D_FREQ 47% cpu@57.312C soc2@55.156C soc0@57.062C gpu@58.25C tj@58.25C soc1@56.906C VDD_IN 11320mW/9715mW VDD_CPU_GPU_CV 3708mW/2776mW VDD_SOC 4113mW/3798mW
08-01-2026 01:30:32 RAM 3385/7620MB (lfb 10x2MB) SWAP 7/3810MB (cached 0MB) CPU [1%@729,0%@729,2%@729,0%@729,0%@1728,90%@1728] GR3D_FREQ 31% cpu@57.5C soc2@55.281C soc0@56.843C gpu@58.187C tj@58.187C soc1@56.937C VDD_IN 11120mW/9717mW VDD_CPU_GPU_CV 3628mW/2778mW VDD_SOC 4113mW/3798mW
08-01-2026 01:30:33 RAM 3385/7620MB (lfb 10x2MB) SWAP 7/3810MB (cached 0MB) CPU [1%@729,2%@729,1%@729,0%@729,0%@1728,89%@1728] GR3D_FREQ 40% cpu@57.468C soc2@55.187C soc0@56.906C gpu@58.093C tj@58.093C soc1@57C VDD_IN 11120mW/9719mW VDD_CPU_GPU_CV 3508mW/2779mW VDD_SOC 4113mW/3799mW
08-01-2026 01:30:34 RAM 3385/7620MB (lfb 10x2MB) SWAP 7/3810MB (cached 0MB) CPU [2%@729,0%@729,0%@729,0%@729,0%@1728,90%@1728] GR3D_FREQ 21% cpu@57.281C soc2@55.281C soc0@56.937C gpu@58.125C tj@58.125C soc1@57C VDD_IN 11080mW/9722mW VDD_CPU_GPU_CV 3628mW/2780mW VDD_SOC 4113mW/3799mW
08-01-2026 01:30:35 RAM 3385/7620MB (lfb 10x2MB) SWAP 7/3810MB (cached 0MB) CPU [2%@729,1%@729,1%@729,0%@729,0%@1728,90%@1728] GR3D_FREQ 24% cpu@57.281C soc2@55.25C soc0@57.062C gpu@58.218C tj@58.218C soc1@56.906C VDD_IN 11040mW/9724mW VDD_CPU_GPU_CV 3508mW/2781mW VDD_SOC 4073mW/3800mW
08-01-2026 01:30:36 RAM 3385/7620MB (lfb 10x2MB) SWAP 7/3810MB (cached 0MB) CPU [2%@729,0%@729,0%@729,0%@729,0%@1728,90%@1728] GR3D_FREQ 24% cpu@57.281C soc2@55.218C soc0@56.812C gpu@58.406C tj@58.406C soc1@56.875C VDD_IN 11040mW/9726mW VDD_CPU_GPU_CV 3548mW/2783mW VDD_SOC 4073mW/3800mW
08-01-2026 01:30:37 RAM 3385/7620MB (lfb 10x2MB) SWAP 7/3810MB (cached 0MB) CPU [2%@729,1%@729,0%@729,0%@729,0%@1728,89%@1728] GR3D_FREQ 23% cpu@57.375C soc2@55.218C soc0@56.812C gpu@58.437C tj@58.437C soc1@57C VDD_IN 10920mW/9728mW VDD_CPU_GPU_CV 3468mW/2784mW VDD_SOC 4073mW/3801mW
08-01-2026 01:30:38 RAM 3385/7620MB (lfb 10x2MB) SWAP 7/3810MB (cached 0MB) CPU [2%@729,0%@729,0%@729,0%@729,0%@1728,90%@1728] GR3D_FREQ 23% cpu@57.156C soc2@55.156C soc0@56.906C gpu@58.5C tj@58.5C soc1@57C VDD_IN 10880mW/9730mW VDD_CPU_GPU_CV 3468mW/2785mW VDD_SOC 4080mW/3801mW
08-01-2026 01:30:39 RAM 3385/7620MB (lfb 10x2MB) SWAP 7/3810MB (cached 0MB) CPU [1%@729,0%@729,0%@729,0%@729,0%@1728,89%@1728] GR3D_FREQ 24% cpu@57.187C soc2@55.25C soc0@56.875C gpu@58C tj@58C soc1@56.937C VDD_IN 10920mW/9732mW VDD_CPU_GPU_CV 3508mW/2786mW VDD_SOC 4073mW/3802mW
08-01-2026 01:30:40 RAM 3385/7620MB (lfb 10x2MB) SWAP 7/3810MB (cached 0MB) CPU [1%@729,1%@729,0%@729,0%@729,0%@1728,90%@1728] GR3D_FREQ 24% cpu@57.312C soc2@55.156C soc0@56.968C gpu@58.125C tj@58.125C soc1@56.968C VDD_IN 10880mW/9734mW VDD_CPU_GPU_CV 3428mW/2787mW VDD_SOC 4073mW/3802mW
08-01-2026 01:30:41 RAM 3385/7620MB (lfb 10x2MB) SWAP 7/3810MB (cached 0MB) CPU [2%@729,1%@729,1%@729,0%@729,0%@1728,89%@1728] GR3D_FREQ 24% cpu@57.375C soc2@55.125C soc0@56.937C gpu@58.156C tj@58.156C soc1@56.968C VDD_IN 10800mW/9735mW VDD_CPU_GPU_CV 3474mW/2788mW VDD_SOC 4040mW/3803mW
08-01-2026 01:30:42 RAM 3385/7620MB (lfb 10x2MB) SWAP 7/3810MB (cached 0MB) CPU [0%@729,0%@729,1%@729,0%@729,0%@1728,90%@1728] GR3D_FREQ 24% cpu@57.375C soc2@55.156C soc0@56.812C gpu@58.125C tj@58.125C soc1@57C VDD_IN 10800mW/9737mW VDD_CPU_GPU_CV 3434mW/2789mW VDD_SOC 4040mW/3803mW
08-01-2026 01:30:43 RAM 3385/7620MB (lfb 10x2MB) SWAP 7/3810MB (cached 0MB) CPU [1%@729,1%@729,0%@729,0%@729,0%@1728,90%@1728] GR3D_FREQ 24% cpu@57.125C soc2@55.125C soc0@56.937C gpu@58.156C tj@58.156C soc1@57C VDD_IN 10840mW/9739mW VDD_CPU_GPU_CV 3354mW/2790mW VDD_SOC 4033mW/3803mW
08-01-2026 01:30:44 RAM 3385/7620MB (lfb 10x2MB) SWAP 7/3810MB (cached 0MB) CPU [2%@729,1%@729,1%@729,0%@729,0%@1728,91%@1728] GR3D_FREQ 23% cpu@57.25C soc2@55.25C soc0@56.906C gpu@58.125C tj@58.125C soc1@56.937C VDD_IN 10800mW/9741mW VDD_CPU_GPU_CV 3468mW/2791mW VDD_SOC 4080mW/3804mW
08-01-2026 01:30:45 RAM 3385/7620MB (lfb 10x2MB) SWAP 7/3810MB (cached 0MB) CPU [1%@729,0%@729,0%@729,0%@729,0%@1728,90%@1728] GR3D_FREQ 25% cpu@57.281C soc2@55.218C soc0@57C gpu@58C tj@58C soc1@56.906C VDD_IN 10720mW/9742mW VDD_CPU_GPU_CV 3394mW/2792mW VDD_SOC 4040mW/3804mW
08-01-2026 01:30:46 RAM 3385/7620MB (lfb 10x2MB) SWAP 7/3810MB (cached 0MB) CPU [1%@729,0%@729,0%@729,0%@729,0%@1728,90%@1728] GR3D_FREQ 29% cpu@57.312C soc2@55.125C soc0@56.843C gpu@57.875C tj@57.875C soc1@57C VDD_IN 10600mW/9744mW VDD_CPU_GPU_CV 3274mW/2793mW VDD_SOC 4000mW/3804mW
08-01-2026 01:30:47 RAM 3385/7620MB (lfb 10x2MB) SWAP 7/3810MB (cached 0MB) CPU [1%@729,1%@729,0%@729,0%@729,0%@1728,89%@1728] GR3D_FREQ 23% cpu@57.187C soc2@55.25C soc0@56.843C gpu@57.906C tj@57.906C soc1@57.031C VDD_IN 10680mW/9745mW VDD_CPU_GPU_CV 3314mW/2794mW VDD_SOC 4000mW/3805mW
08-01-2026 01:30:48 RAM 3385/7620MB (lfb 10x2MB) SWAP 7/3810MB (cached 0MB) CPU [1%@729,0%@729,1%@729,0%@729,0%@1728,91%@1728] GR3D_FREQ 24% cpu@57.281C soc2@55.25C soc0@57C gpu@57.875C tj@57.875C soc1@56.937C VDD_IN 10600mW/9746mW VDD_CPU_GPU_CV 3234mW/2795mW VDD_SOC 4000mW/3805mW
08-01-2026 01:30:49 RAM 3385/7620MB (lfb 10x2MB) SWAP 7/3810MB (cached 0MB) CPU [1%@729,0%@729,0%@729,0%@729,0%@1728,90%@1728] GR3D_FREQ 30% cpu@57.25C soc2@55.062C soc0@57.031C gpu@58.062C tj@58.062C soc1@56.906C VDD_IN 10440mW/9748mW VDD_CPU_GPU_CV 3234mW/2795mW VDD_SOC 3960mW/3805mW
08-01-2026 01:30:50 RAM 3385/7620MB (lfb 10x2MB) SWAP 7/3810MB (cached 0MB) CPU [2%@729,0%@729,1%@729,1%@729,0%@1728,89%@1728] GR3D_FREQ 28% cpu@57.437C soc2@55.093C soc0@56.968C gpu@58.062C tj@58.062C soc1@56.937C VDD_IN 10496mW/9749mW VDD_CPU_GPU_CV 3154mW/2796mW VDD_SOC 3960mW/3806mW
08-01-2026 01:30:51 RAM 3385/7620MB (lfb 10x2MB) SWAP 7/3810MB (cached 0MB) CPU [1%@729,1%@729,0%@729,0%@729,30%@1728,59%@1728] GR3D_FREQ 30% cpu@57.5C soc2@55.093C soc0@56.812C gpu@58.093C tj@58.093C soc1@57C VDD_IN 10480mW/9750mW VDD_CPU_GPU_CV 3154mW/2797mW VDD_SOC 3960mW/3806mW
08-01-2026 01:30:52 RAM 3385/7620MB (lfb 10x2MB) SWAP 7/3810MB (cached 0MB) CPU [0%@729,0%@729,0%@729,0%@729,90%@1728,0%@1728] GR3D_FREQ 27% cpu@57.375C soc2@55.187C soc0@56.843C gpu@58.093C tj@58.093C soc1@57C VDD_IN 10336mW/9751mW VDD_CPU_GPU_CV 3115mW/2797mW VDD_SOC 4000mW/3806mW
08-01-2026 01:30:53 RAM 3385/7620MB (lfb 10x2MB) SWAP 7/3810MB (cached 0MB) CPU [32%@1728,1%@1728,1%@1728,0%@1728,59%@729,0%@729] GR3D_FREQ 29% cpu@57.468C soc2@55.343C soc0@56.906C gpu@57.875C tj@57.875C soc1@56.906C VDD_IN 10416mW/9752mW VDD_CPU_GPU_CV 3115mW/2798mW VDD_SOC 3960mW/3806mW
08-01-2026 01:30:54 RAM 3385/7620MB (lfb 10x2MB) SWAP 7/3810MB (cached 0MB) CPU [91%@1728,0%@1728,0%@1728,0%@1728,0%@729,1%@729] GR3D_FREQ 28% cpu@57.437C soc2@55.281C soc0@57.062C gpu@58C tj@58C soc1@56.937C VDD_IN 10360mW/9753mW VDD_CPU_GPU_CV 3194mW/2798mW VDD_SOC 3960mW/3807mW
08-01-2026 01:30:55 RAM 3385/7620MB (lfb 10x2MB) SWAP 7/3810MB (cached 0MB) CPU [90%@1728,0%@1728,1%@1728,0%@1728,0%@729,0%@729] GR3D_FREQ 30% cpu@57.468C soc2@55.25C soc0@56.875C gpu@57.906C tj@57.906C soc1@56.968C VDD_IN 10440mW/9754mW VDD_CPU_GPU_CV 3194mW/2799mW VDD_SOC 3960mW/3807mW
08-01-2026 01:30:56 RAM 3385/7620MB (lfb 10x2MB) SWAP 7/3810MB (cached 0MB) CPU [91%@1728,0%@1728,0%@1728,0%@1728,0%@729,0%@729] GR3D_FREQ 29% cpu@57.437C soc2@55.312C soc0@56.968C gpu@57.968C tj@57.968C soc1@56.968C VDD_IN 10520mW/9755mW VDD_CPU_GPU_CV 3234mW/2800mW VDD_SOC 4000mW/3807mW
08-01-2026 01:30:57 RAM 3385/7620MB (lfb 10x2MB) SWAP 7/3810MB (cached 0MB) CPU [89%@1728,0%@1728,0%@1728,0%@1728,0%@729,0%@729] GR3D_FREQ 29% cpu@57.593C soc2@55.343C soc0@57C gpu@58C tj@58C soc1@57.125C VDD_IN 10480mW/9756mW VDD_CPU_GPU_CV 3234mW/2800mW VDD_SOC 4000mW/3808mW
08-01-2026 01:30:58 RAM 3385/7620MB (lfb 10x2MB) SWAP 7/3810MB (cached 0MB) CPU [91%@1728,0%@1728,1%@1728,0%@1728,0%@729,0%@729] GR3D_FREQ 29% cpu@57.687C soc2@55.437C soc0@57C gpu@58C tj@58C soc1@56.843C VDD_IN 10560mW/9758mW VDD_CPU_GPU_CV 3234mW/2801mW VDD_SOC 4000mW/3808mW
08-01-2026 01:30:59 RAM 3385/7620MB (lfb 10x2MB) SWAP 7/3810MB (cached 0MB) CPU [89%@1728,0%@1728,0%@1728,0%@1728,0%@729,0%@729] GR3D_FREQ 30% cpu@57.468C soc2@55.281C soc0@56.937C gpu@58.031C tj@58.031C soc1@56.937C VDD_IN 10520mW/9759mW VDD_CPU_GPU_CV 3234mW/2802mW VDD_SOC 4000mW/3808mW
08-01-2026 01:31:00 RAM 3385/7620MB (lfb 10x2MB) SWAP 7/3810MB (cached 0MB) CPU [91%@1728,0%@1728,0%@1728,1%@1728,0%@729,0%@729] GR3D_FREQ 27% cpu@57.625C soc2@55.281C soc0@56.843C gpu@57.968C tj@57.968C soc1@57C VDD_IN 10600mW/9760mW VDD_CPU_GPU_CV 3354mW/2802mW VDD_SOC 4040mW/3808mW
08-01-2026 01:31:01 RAM 3385/7620MB (lfb 10x2MB) SWAP 7/3810MB (cached 0MB) CPU [90%@1728,0%@1728,0%@1728,0%@1728,0%@729,0%@729] GR3D_FREQ 23% cpu@57.375C soc2@55.343C soc0@56.968C gpu@58.375C tj@58.375C soc1@57C VDD_IN 10680mW/9762mW VDD_CPU_GPU_CV 3314mW/2803mW VDD_SOC 4040mW/3809mW
08-01-2026 01:31:02 RAM 3385/7620MB (lfb 10x2MB) SWAP 7/3810MB (cached 0MB) CPU [91%@1728,0%@1728,1%@1728,0%@1728,0%@729,0%@729] GR3D_FREQ 24% cpu@57.437C soc2@55.281C soc0@57.062C gpu@58.468C tj@58.468C soc1@57.093C VDD_IN 10720mW/9763mW VDD_CPU_GPU_CV 3354mW/2804mW VDD_SOC 4040mW/3809mW
08-01-2026 01:31:03 RAM 3385/7620MB (lfb 10x2MB) SWAP 7/3810MB (cached 0MB) CPU [90%@1728,0%@1728,0%@1728,0%@1728,0%@729,0%@729] GR3D_FREQ 24% cpu@57.5C soc2@55.312C soc0@56.906C gpu@58.375C tj@58.375C soc1@56.937C VDD_IN 10760mW/9765mW VDD_CPU_GPU_CV 3314mW/2805mW VDD_SOC 4000mW/3810mW
08-01-2026 01:31:04 RAM 3385/7620MB (lfb 10x2MB) SWAP 7/3810MB (cached 0MB) CPU [90%@1728,1%@1728,0%@1728,0%@1728,0%@729,0%@729] GR3D_FREQ 22% cpu@57.468C soc2@55.312C soc0@57C gpu@58.031C tj@58.031C soc1@56.968C VDD_IN 10760mW/9766mW VDD_CPU_GPU_CV 3354mW/2806mW VDD_SOC 4040mW/3810mW
08-01-2026 01:31:05 RAM 3385/7620MB (lfb 10x2MB) SWAP 7/3810MB (cached 0MB) CPU [90%@1728,0%@1728,1%@1728,1%@1728,0%@729,0%@729] GR3D_FREQ 23% cpu@57.562C soc2@55.437C soc0@56.968C gpu@58.031C tj@58.031C soc1@57C VDD_IN 10840mW/9768mW VDD_CPU_GPU_CV 3394mW/2807mW VDD_SOC 4040mW/3810mW
08-01-2026 01:31:06 RAM 3385/7620MB (lfb 10x2MB) SWAP 7/3810MB (cached 0MB) CPU [91%@1728,0%@1728,0%@1728,0%@1728,0%@729,0%@729] GR3D_FREQ 22% cpu@57.343C soc2@55.312C soc0@56.906C gpu@58C tj@58C soc1@57C VDD_IN 10840mW/9770mW VDD_CPU_GPU_CV 3428mW/2808mW VDD_SOC 4033mW/3811mW
08-01-2026 01:31:07 RAM 3385/7620MB (lfb 10x2MB) SWAP 7/3810MB (cached 0MB) CPU [90%@1728,0%@1728,0%@1728,0%@1728,0%@729,0%@729] GR3D_FREQ 23% cpu@57.406C soc2@55.343C soc0@57C gpu@58C tj@58C soc1@56.968C VDD_IN 10880mW/9771mW VDD_CPU_GPU_CV 3428mW/2809mW VDD_SOC 4073mW/3811mW
08-01-2026 01:31:08 RAM 3385/7620MB (lfb 10x2MB) SWAP 7/3810MB (cached 0MB) CPU [91%@1728,0%@1728,1%@1728,0%@1728,0%@729,0%@729] GR3D_FREQ 24% cpu@57.437C soc2@55.375C soc0@56.843C gpu@58.031C tj@58.031C soc1@56.968C VDD_IN 10920mW/9773mW VDD_CPU_GPU_CV 3548mW/2810mW VDD_SOC 4073mW/3811mW
08-01-2026 01:31:09 RAM 3385/7620MB (lfb 10x2MB) SWAP 7/3810MB (cached 0MB) CPU [70%@1728,20%@1728,0%@1728,0%@1728,0%@729,0%@729] GR3D_FREQ 24% cpu@57.312C soc2@55.312C soc0@56.875C gpu@58.062C tj@58.062C soc1@56.937C VDD_IN 11000mW/9775mW VDD_CPU_GPU_CV 3468mW/2811mW VDD_SOC 4073mW/3812mW
08-01-2026 01:31:10 RAM 3385/7620MB (lfb 10x2MB) SWAP 7/3810MB (cached 0MB) CPU [1%@1728,90%@1728,1%@1728,0%@1728,1%@729,0%@729] GR3D_FREQ 24% cpu@57.531C soc2@55.25C soc0@56.968C gpu@58.187C tj@58.187C soc1@57C VDD_IN 11000mW/9777mW VDD_CPU_GPU_CV 3468mW/2812mW VDD_SOC 4073mW/3812mW
08-01-2026 01:31:11 RAM 3385/7620MB (lfb 10x2MB) SWAP 7/3810MB (cached 0MB) CPU [21%@1728,69%@1728,1%@1728,0%@1728,0%@729,0%@729] GR3D_FREQ 24% cpu@57.375C soc2@55.312C soc0@56.843C gpu@58.218C tj@58.218C soc1@56.906C VDD_IN 10960mW/9779mW VDD_CPU_GPU_CV 3474mW/2813mW VDD_SOC 4073mW/3813mW
08-01-2026 01:31:12 RAM 3385/7620MB (lfb 10x2MB) SWAP 7/3810MB (cached 0MB) CPU [71%@1728,0%@1728,20%@1728,0%@1728,0%@729,0%@729] GR3D_FREQ 24% cpu@57.968C soc2@55.281C soc0@57C gpu@58.281C tj@58.281C soc1@57C VDD_IN 10960mW/9781mW VDD_CPU_GPU_CV 3468mW/2814mW VDD_SOC 4073mW/3813mW
08-01-2026 01:31:13 RAM 3385/7620MB (lfb 10x2MB) SWAP 7/3810MB (cached 0MB) CPU [0%@729,1%@729,70%@729,0%@729,21%@1728,0%@1728] GR3D_FREQ 24% cpu@57.406C soc2@55.312C soc0@57C gpu@58.218C tj@58.218C soc1@56.968C VDD_IN 10960mW/9783mW VDD_CPU_GPU_CV 3548mW/2815mW VDD_SOC 4073mW/3813mW
08-01-2026 01:31:14 RAM 3385/7620MB (lfb 10x2MB) SWAP 7/3810MB (cached 0MB) CPU [1%@729,1%@729,0%@729,0%@729,90%@1728,0%@1728] GR3D_FREQ 23% cpu@57.593C soc2@55.312C soc0@57C gpu@58.218C tj@58.218C soc1@56.937C VDD_IN 10840mW/9784mW VDD_CPU_GPU_CV 3468mW/2816mW VDD_SOC 4080mW/3814mW
08-01-2026 01:31:15 RAM 3385/7620MB (lfb 10x2MB) SWAP 7/3810MB (cached 0MB) CPU [0%@729,0%@729,0%@729,0%@729,90%@1728,0%@1728] GR3D_FREQ 24% cpu@57.718C soc2@55.156C soc0@56.968C gpu@58.25C tj@58.25C soc1@56.968C VDD_IN 10800mW/9786mW VDD_CPU_GPU_CV 3468mW/2817mW VDD_SOC 4080mW/3814mW
08-01-2026 01:31:16 RAM 3385/7620MB (lfb 10x2MB) SWAP 7/3810MB (cached 0MB) CPU [1%@729,0%@729,0%@729,0%@729,90%@1728,0%@1728] GR3D_FREQ 24% cpu@57.5C soc2@55.218C soc0@56.906C gpu@58C tj@58C soc1@57.062C VDD_IN 10800mW/9787mW VDD_CPU_GPU_CV 3394mW/2818mW VDD_SOC 4033mW/3815mW
08-01-2026 01:31:17 RAM 3385/7620MB (lfb 10x2MB) SWAP 7/3810MB (cached 0MB) CPU [1%@729,0%@729,1%@729,0%@729,70%@1728,20%@1728] GR3D_FREQ 23% cpu@57.156C soc2@55.25C soc0@56.812C gpu@57.968C tj@57.968C soc1@57C VDD_IN 10840mW/9789mW VDD_CPU_GPU_CV 3394mW/2819mW VDD_SOC 3993mW/3815mW
08-01-2026 01:31:18 RAM 3385/7620MB (lfb 10x2MB) SWAP 7/3810MB (cached 0MB) CPU [0%@729,0%@729,0%@729,0%@729,0%@1728,90%@1728] GR3D_FREQ 22% cpu@57.25C soc2@55.187C soc0@57.187C gpu@58C tj@58C soc1@57C VDD_IN 10760mW/9790mW VDD_CPU_GPU_CV 3434mW/2820mW VDD_SOC 4040mW/3815mW
08-01-2026 01:31:19 RAM 3385/7620MB (lfb 10x2MB) SWAP 7/3810MB (cached 0MB) CPU [1%@729,1%@729,1%@729,0%@729,0%@1728,90%@1728] GR3D_FREQ 24% cpu@57.406C soc2@55.156C soc0@57.156C gpu@58C tj@58C soc1@56.937C VDD_IN 10720mW/9792mW VDD_CPU_GPU_CV 3354mW/2821mW VDD_SOC 4000mW/3816mW
08-01-2026 01:31:20 RAM 3385/7620MB (lfb 10x2MB) SWAP 7/3810MB (cached 0MB) CPU [0%@729,0%@729,2%@729,0%@729,0%@1728,90%@1728] GR3D_FREQ 23% cpu@57.468C soc2@55.187C soc0@56.968C gpu@58.281C tj@58.281C soc1@56.968C VDD_IN 10600mW/9793mW VDD_CPU_GPU_CV 3354mW/2822mW VDD_SOC 4000mW/3816mW
08-01-2026 01:31:21 RAM 3385/7620MB (lfb 10x2MB) SWAP 7/3810MB (cached 0MB) CPU [2%@729,0%@729,0%@729,0%@729,0%@1728,90%@1728] GR3D_FREQ 28% cpu@57.093C soc2@55.25C soc0@56.906C gpu@58.281C tj@58.281C soc1@57C VDD_IN 10600mW/9794mW VDD_CPU_GPU_CV 3274mW/2822mW VDD_SOC 4040mW/3816mW
08-01-2026 01:31:22 RAM 3385/7620MB (lfb 10x2MB) SWAP 7/3810MB (cached 0MB) CPU [1%@729,0%@729,0%@729,1%@729,0%@1728,90%@1728] GR3D_FREQ 24% cpu@57.218C soc2@55.156C soc0@56.906C gpu@58.25C tj@58.25C soc1@57.125C VDD_IN 10520mW/9796mW VDD_CPU_GPU_CV 3234mW/2823mW VDD_SOC 4000mW/3816mW
08-01-2026 01:31:23 RAM 3385/7620MB (lfb 10x2MB) SWAP 7/3810MB (cached 0MB) CPU [1%@729,1%@729,1%@729,0%@729,0%@1728,91%@1728] GR3D_FREQ 24% cpu@57.437C soc2@55.218C soc0@57.031C gpu@58.281C tj@58.281C soc1@56.937C VDD_IN 10640mW/9797mW VDD_CPU_GPU_CV 3274mW/2824mW VDD_SOC 3960mW/3817mW
08-01-2026 01:31:24 RAM 3385/7620MB (lfb 10x2MB) SWAP 7/3810MB (cached 0MB) CPU [1%@729,0%@729,0%@729,0%@729,0%@1728,90%@1728] GR3D_FREQ 28% cpu@57.437C soc2@55.156C soc0@56.875C gpu@58C tj@58C soc1@57C VDD_IN 10440mW/9798mW VDD_CPU_GPU_CV 3194mW/2824mW VDD_SOC 3960mW/3817mW
08-01-2026 01:31:25 RAM 3385/7620MB (lfb 10x2MB) SWAP 7/3810MB (cached 0MB) CPU [1%@729,2%@729,1%@729,1%@729,30%@1728,60%@1728] GR3D_FREQ 28% cpu@57.687C soc2@55.187C soc0@56.937C gpu@58C tj@58C soc1@57C VDD_IN 10480mW/9799mW VDD_CPU_GPU_CV 3234mW/2825mW VDD_SOC 3960mW/3817mW
08-01-2026 01:31:26 RAM 3385/7620MB (lfb 10x2MB) SWAP 7/3810MB (cached 0MB) CPU [2%@729,0%@729,1%@729,0%@729,91%@1728,0%@1728] GR3D_FREQ 30% cpu@57.312C soc2@55.156C soc0@56.968C gpu@58C tj@58.375C soc1@57.031C VDD_IN 10360mW/9800mW VDD_CPU_GPU_CV 3194mW/2825mW VDD_SOC 3920mW/3817mW
08-01-2026 01:31:27 RAM 3385/7620MB (lfb 10x2MB) SWAP 7/3810MB (cached 0MB) CPU [1%@729,0%@729,1%@729,0%@729,90%@1728,0%@1728] GR3D_FREQ 28% cpu@57.5C soc2@55.25C soc0@56.937C gpu@58.281C tj@58.281C soc1@56.968C VDD_IN 10320mW/9800mW VDD_CPU_GPU_CV 3154mW/2826mW VDD_SOC 3920mW/3817mW
08-01-2026 01:31:28 RAM 3385/7620MB (lfb 10x2MB) SWAP 7/3810MB (cached 0MB) CPU [1%@729,0%@729,0%@729,0%@729,90%@1728,0%@1728] GR3D_FREQ 29% cpu@57.562C soc2@55.281C soc0@56.812C gpu@57.812C tj@57.812C soc1@56.937C VDD_IN 10336mW/9801mW VDD_CPU_GPU_CV 3115mW/2826mW VDD_SOC 3960mW/3818mW
08-01-2026 01:31:29 RAM 3385/7620MB (lfb 10x2MB) SWAP 7/3810MB (cached 0MB) CPU [1%@729,0%@729,1%@729,0%@729,89%@1728,0%@1728] GR3D_FREQ 29% cpu@57.437C soc2@55.156C soc0@56.812C gpu@57.812C tj@57.812C soc1@56.937C VDD_IN 10296mW/9802mW VDD_CPU_GPU_CV 3035mW/2827mW VDD_SOC 3960mW/3818mW
08-01-2026 01:31:30 RAM 3385/7620MB (lfb 10x2MB) SWAP 7/3810MB (cached 0MB) CPU [1%@729,0%@729,0%@729,0%@729,90%@1728,0%@1728] GR3D_FREQ 29% cpu@57.5C soc2@55.187C soc0@56.968C gpu@57.937C tj@57.937C soc1@57.031C VDD_IN 10320mW/9803mW VDD_CPU_GPU_CV 3115mW/2827mW VDD_SOC 3920mW/3818mW
08-01-2026 01:31:31 RAM 3385/7620MB (lfb 10x2MB) SWAP 7/3810MB (cached 0MB) CPU [2%@729,0%@729,1%@729,0%@729,90%@1728,0%@1728] GR3D_FREQ 30% cpu@57.437C soc2@55.187C soc0@57.031C gpu@57.812C tj@58C soc1@56.937C VDD_IN 10240mW/9803mW VDD_CPU_GPU_CV 3075mW/2827mW VDD_SOC 3960mW/3818mW
08-01-2026 01:31:32 RAM 3385/7620MB (lfb 10x2MB) SWAP 7/3810MB (cached 0MB) CPU [0%@729,0%@729,0%@729,1%@729,91%@1728,0%@1728] GR3D_FREQ 30% cpu@57.531C soc2@55.218C soc0@57.062C gpu@58C tj@58C soc1@56.968C VDD_IN 10360mW/9804mW VDD_CPU_GPU_CV 3154mW/2828mW VDD_SOC 3880mW/3818mW
08-01-2026 01:31:33 RAM 3385/7620MB (lfb 10x2MB) SWAP 7/3810MB (cached 0MB) CPU [2%@729,0%@729,0%@729,0%@729,91%@1728,0%@1728] GR3D_FREQ 29% cpu@57.625C soc2@55.25C soc0@56.937C gpu@58.062C tj@58.062C soc1@56.968C VDD_IN 10160mW/9805mW VDD_CPU_GPU_CV 3115mW/2828mW VDD_SOC 3880mW/3818mW
08-01-2026 01:31:34 RAM 3385/7620MB (lfb 10x2MB) SWAP 7/3810MB (cached 0MB) CPU [1%@729,0%@729,0%@729,0%@729,91%@1728,0%@1728] GR3D_FREQ 29% cpu@57.375C soc2@55.187C soc0@56.937C gpu@58C tj@58C soc1@57C VDD_IN 10136mW/9805mW VDD_CPU_GPU_CV 3035mW/2829mW VDD_SOC 3920mW/3819mW
08-01-2026 01:31:35 RAM 3385/7620MB (lfb 10x2MB) SWAP 7/3810MB (cached 0MB) CPU [0%@729,1%@729,0%@729,0%@729,52%@1728,38%@1728] GR3D_FREQ 30% cpu@57.187C soc2@55.281C soc0@56.937C gpu@58.125C tj@58.125C soc1@57.187C VDD_IN 10056mW/9806mW VDD_CPU_GPU_CV 3035mW/2829mW VDD_SOC 3880mW/3819mW
08-01-2026 01:31:36 RAM 3385/7620MB (lfb 10x2MB) SWAP 7/3810MB (cached 0MB) CPU [1%@729,0%@729,0%@729,0%@729,0%@1728,90%@1728] GR3D_FREQ 28% cpu@57.25C soc2@55.187C soc0@57C gpu@58.093C tj@58.093C soc1@56.906C VDD_IN 10136mW/9806mW VDD_CPU_GPU_CV 2955mW/2829mW VDD_SOC 3880mW/3819mW
08-01-2026 01:31:37 RAM 3385/7620MB (lfb 10x2MB) SWAP 7/3810MB (cached 0MB) CPU [1%@729,1%@729,1%@729,0%@729,0%@1728,90%@1728] GR3D_FREQ 29% cpu@57.25C soc2@55.187C soc0@57.031C gpu@57.906C tj@57.906C soc1@57C VDD_IN 10096mW/9807mW VDD_CPU_GPU_CV 2955mW/2829mW VDD_SOC 3880mW/3819mW
08-01-2026 01:31:38 RAM 3385/7620MB (lfb 10x2MB) SWAP 7/3810MB (cached 0MB) CPU [1%@1728,1%@1728,40%@1728,0%@1728,0%@729,49%@729] GR3D_FREQ 29% cpu@57.875C soc2@55.25C soc0@56.875C gpu@57.843C tj@57.843C soc1@57C VDD_IN 10016mW/9807mW VDD_CPU_GPU_CV 2915mW/2829mW VDD_SOC 3880mW/3819mW
08-01-2026 01:31:39 RAM 3385/7620MB (lfb 10x2MB) SWAP 7/3810MB (cached 0MB) CPU [1%@1728,0%@1728,90%@1728,0%@1728,0%@729,0%@729] GR3D_FREQ 27% cpu@58.062C soc2@55.25C soc0@56.937C gpu@57.906C tj@58.062C soc1@57.093C VDD_IN 10056mW/9807mW VDD_CPU_GPU_CV 2875mW/2829mW VDD_SOC 3880mW/3819mW
08-01-2026 01:31:40 RAM 3385/7620MB (lfb 10x2MB) SWAP 7/3810MB (cached 0MB) CPU [1%@1728,0%@1728,91%@1728,0%@1728,0%@729,0%@729] GR3D_FREQ 27% cpu@57.75C soc2@55.281C soc0@57.062C gpu@57.937C tj@57.937C soc1@57.062C VDD_IN 10016mW/9808mW VDD_CPU_GPU_CV 2955mW/2830mW VDD_SOC 3880mW/3819mW
08-01-2026 01:31:41 RAM 3385/7620MB (lfb 10x2MB) SWAP 7/3810MB (cached 0MB) CPU [1%@1728,42%@1728,50%@1728,0%@1728,0%@729,0%@729] GR3D_FREQ 29% cpu@57.343C soc2@55.343C soc0@57C gpu@57.906C tj@57.906C soc1@56.968C VDD_IN 10136mW/9808mW VDD_CPU_GPU_CV 2955mW/2830mW VDD_SOC 3840mW/3819mW
08-01-2026 01:31:42 RAM 3385/7620MB (lfb 10x2MB) SWAP 7/3810MB (cached 0MB) CPU [1%@1728,49%@1728,42%@1728,0%@1728,0%@729,0%@729] GR3D_FREQ 29% cpu@57.812C soc2@55.343C soc0@57.156C gpu@57.937C tj@58C soc1@57C VDD_IN 10016mW/9808mW VDD_CPU_GPU_CV 2915mW/2830mW VDD_SOC 3880mW/3819mW
08-01-2026 01:31:43 RAM 3385/7620MB (lfb 10x2MB) SWAP 7/3810MB (cached 0MB) CPU [1%@1728,0%@1728,49%@1728,41%@1728,0%@729,0%@729] GR3D_FREQ 30% cpu@57.468C soc2@55.187C soc0@56.937C gpu@57.906C tj@57.906C soc1@56.968C VDD_IN 10016mW/9809mW VDD_CPU_GPU_CV 2915mW/2830mW VDD_SOC 3880mW/3819mW
08-01-2026 01:31:44 RAM 3385/7620MB (lfb 10x2MB) SWAP 7/3810MB (cached 0MB) CPU [0%@1728,0%@1728,0%@1728,91%@1728,0%@729,0%@729] GR3D_FREQ 29% cpu@57.812C soc2@55.25C soc0@56.875C gpu@57.875C tj@57.875C soc1@57.031C VDD_IN 10056mW/9809mW VDD_CPU_GPU_CV 2875mW/2830mW VDD_SOC 3880mW/3819mW
08-01-2026 01:31:45 RAM 3385/7620MB (lfb 10x2MB) SWAP 7/3810MB (cached 0MB) CPU [1%@1728,0%@1728,0%@1728,87%@1728,0%@729,0%@729] GR3D_FREQ 27% cpu@57.5C soc2@55.281C soc0@56.937C gpu@58.187C tj@58.187C soc1@57.031C VDD_IN 9855mW/9809mW VDD_CPU_GPU_CV 2715mW/2830mW VDD_SOC 3880mW/3819mW
08-01-2026 01:31:46 RAM 3385/7620MB (lfb 10x2MB) SWAP 7/3810MB (cached 0MB) CPU [2%@1728,40%@1728,0%@1728,51%@1728,0%@729,0%@729] GR3D_FREQ 27% cpu@57.25C soc2@55.312C soc0@56.968C gpu@58.187C tj@58.187C soc1@56.843C VDD_IN 10136mW/9810mW VDD_CPU_GPU_CV 2955mW/2830mW VDD_SOC 3880mW/3820mW
08-01-2026 01:31:47 RAM 3385/7620MB (lfb 10x2MB) SWAP 7/3810MB (cached 0MB) CPU [0%@1728,91%@1728,1%@1728,0%@1728,0%@729,0%@729] GR3D_FREQ 30% cpu@57.25C soc2@55.343C soc0@57C gpu@58.156C tj@58.156C soc1@57.062C VDD_IN 10056mW/9810mW VDD_CPU_GPU_CV 2915mW/2830mW VDD_SOC 3880mW/3820mW
08-01-2026 01:31:48 RAM 3385/7620MB (lfb 10x2MB) SWAP 7/3810MB (cached 0MB) CPU [1%@1728,48%@1728,1%@1728,44%@1728,0%@729,0%@729] GR3D_FREQ 29% cpu@57.5C soc2@55.187C soc0@57.093C gpu@58.25C tj@58.25C soc1@57C VDD_IN 9975mW/9810mW VDD_CPU_GPU_CV 2955mW/2830mW VDD_SOC 3880mW/3820mW
08-01-2026 01:31:49 RAM 3385/7620MB (lfb 10x2MB) SWAP 7/3810MB (cached 0MB) CPU [1%@1728,0%@1728,0%@1728,90%@1728,1%@729,0%@729] GR3D_FREQ 29% cpu@57.75C soc2@55.156C soc0@56.968C gpu@58.281C tj@58.281C soc1@57C VDD_IN 9935mW/9810mW VDD_CPU_GPU_CV 2915mW/2831mW VDD_SOC 3880mW/3820mW
08-01-2026 01:31:50 RAM 3385/7620MB (lfb 10x2MB) SWAP 7/3810MB (cached 0MB) CPU [1%@1728,0%@1728,45%@1728,47%@1728,0%@729,0%@729] GR3D_FREQ 27% cpu@57.656C soc2@55.25C soc0@56.843C gpu@58.312C tj@58.312C soc1@57C VDD_IN 9935mW/9811mW VDD_CPU_GPU_CV 2875mW/2831mW VDD_SOC 3840mW/3820mW
08-01-2026 01:31:51 RAM 3385/7620MB (lfb 10x2MB) SWAP 7/3810MB (cached 0MB) CPU [0%@1728,0%@1728,87%@1728,0%@1728,0%@729,0%@729] GR3D_FREQ 30% cpu@57.843C soc2@55.312C soc0@56.937C gpu@57.781C tj@57.843C soc1@57.062C VDD_IN 9695mW/9810mW VDD_CPU_GPU_CV 2640mW/2830mW VDD_SOC 3846mW/3820mW
08-01-2026 01:31:52 RAM 3385/7620MB (lfb 10x2MB) SWAP 7/3810MB (cached 0MB) CPU [2%@1728,0%@1728,91%@1728,0%@1728,0%@729,0%@729] GR3D_FREQ 28% cpu@57.843C soc2@55.343C soc0@57.031C gpu@57.906C tj@57.906C soc1@56.937C VDD_IN 9935mW/9811mW VDD_CPU_GPU_CV 2955mW/2831mW VDD_SOC 3840mW/3820mW
08-01-2026 01:31:53 RAM 3385/7620MB (lfb 10x2MB) SWAP 7/3810MB (cached 0MB) CPU [0%@1728,0%@1728,91%@1728,0%@1728,0%@729,0%@729] GR3D_FREQ 29% cpu@57.812C soc2@55.187C soc0@57.031C gpu@57.906C tj@57.906C soc1@56.968C VDD_IN 9975mW/9811mW VDD_CPU_GPU_CV 2915mW/2831mW VDD_SOC 3840mW/3820mW
08-01-2026 01:31:54 RAM 3385/7620MB (lfb 10x2MB) SWAP 7/3810MB (cached 0MB) CPU [0%@1728,43%@1728,48%@1728,0%@1728,0%@729,0%@729] GR3D_FREQ 30% cpu@57.437C soc2@55.312C soc0@56.875C gpu@57.906C tj@57.906C soc1@57C VDD_IN 10056mW/9811mW VDD_CPU_GPU_CV 2920mW/2831mW VDD_SOC 3840mW/3820mW
08-01-2026 01:31:55 RAM 3385/7620MB (lfb 10x2MB) SWAP 7/3810MB (cached 0MB) CPU [2%@1728,48%@1728,0%@1728,42%@1728,0%@729,0%@729] GR3D_FREQ 30% cpu@57.531C soc2@55.281C soc0@56.937C gpu@57.937C tj@57.937C soc1@57.093C VDD_IN 10016mW/9812mW VDD_CPU_GPU_CV 2955mW/2831mW VDD_SOC 3880mW/3820mW
08-01-2026 01:31:56 RAM 3385/7620MB (lfb 10x2MB) SWAP 7/3810MB (cached 0MB) CPU [43%@1728,0%@1728,0%@1728,48%@1728,0%@729,0%@729] GR3D_FREQ 29% cpu@57.437C soc2@55.312C soc0@56.875C gpu@57.968C tj@57.968C soc1@57.031C VDD_IN 9975mW/9812mW VDD_CPU_GPU_CV 2960mW/2831mW VDD_SOC 3840mW/3820mW
08-01-2026 01:31:57 RAM 3385/7620MB (lfb 10x2MB) SWAP 7/3810MB (cached 0MB) CPU [92%@1728,1%@1728,0%@1728,0%@1728,0%@729,0%@729] GR3D_FREQ 29% cpu@57.375C soc2@55.312C soc0@57.031C gpu@58C tj@58C soc1@56.937C VDD_IN 10016mW/9812mW VDD_CPU_GPU_CV 2915mW/2831mW VDD_SOC 3840mW/3820mW
08-01-2026 01:31:58 RAM 3385/7620MB (lfb 10x2MB) SWAP 7/3810MB (cached 0MB) CPU [89%@1728,0%@1728,1%@1728,0%@1728,0%@729,1%@729] GR3D_FREQ 29% cpu@57.468C soc2@55.375C soc0@57.093C gpu@58.062C tj@58.062C soc1@57C VDD_IN 9975mW/9812mW VDD_CPU_GPU_CV 2915mW/2831mW VDD_SOC 3840mW/3820mW
08-01-2026 01:31:59 RAM 3385/7620MB (lfb 10x2MB) SWAP 7/3810MB (cached 0MB) CPU [50%@1728,0%@1728,41%@1728,0%@1728,0%@729,0%@729] GR3D_FREQ 30% cpu@58.218C soc2@55.218C soc0@57C gpu@58.156C tj@58.218C soc1@57C VDD_IN 9975mW/9813mW VDD_CPU_GPU_CV 2915mW/2832mW VDD_SOC 3880mW/3820mW
08-01-2026 01:32:00 RAM 3385/7620MB (lfb 10x2MB) SWAP 7/3810MB (cached 0MB) CPU [1%@1728,0%@1728,90%@1728,1%@1728,0%@729,0%@729] GR3D_FREQ 27% cpu@57.812C soc2@55.218C soc0@56.843C gpu@58.062C tj@58.062C soc1@57.062C VDD_IN 9975mW/9813mW VDD_CPU_GPU_CV 2915mW/2832mW VDD_SOC 3880mW/3820mW
08-01-2026 01:32:01 RAM 3385/7620MB (lfb 10x2MB) SWAP 7/3810MB (cached 0MB) CPU [1%@1728,0%@1728,90%@1728,0%@1728,0%@729,0%@729] GR3D_FREQ 29% cpu@57.781C soc2@55.343C soc0@57C gpu@57.906C tj@57.906C soc1@57.031C VDD_IN 10016mW/9813mW VDD_CPU_GPU_CV 2915mW/2832mW VDD_SOC 3880mW/3820mW
08-01-2026 01:32:02 RAM 3385/7620MB (lfb 10x2MB) SWAP 7/3810MB (cached 0MB) CPU [40%@1728,0%@1728,50%@1728,0%@1728,0%@729,0%@729] GR3D_FREQ 27% cpu@57.406C soc2@55.343C soc0@57.031C gpu@57.875C tj@57.875C soc1@56.906C VDD_IN 10056mW/9813mW VDD_CPU_GPU_CV 2915mW/2832mW VDD_SOC 3880mW/3821mW
08-01-2026 01:32:03 RAM 3385/7620MB (lfb 10x2MB) SWAP 7/3810MB (cached 0MB) CPU [90%@1728,0%@1728,0%@1728,0%@1728,0%@729,0%@729] GR3D_FREQ 27% cpu@57.437C soc2@55.343C soc0@56.968C gpu@57.843C tj@57.843C soc1@56.937C VDD_IN 10136mW/9814mW VDD_CPU_GPU_CV 2955mW/2832mW VDD_SOC 3880mW/3821mW
08-01-2026 01:32:04 RAM 3385/7620MB (lfb 10x2MB) SWAP 7/3810MB (cached 0MB) CPU [51%@1728,41%@1728,0%@1728,0%@1728,0%@729,0%@729] GR3D_FREQ 27% cpu@57.593C soc2@55.25C soc0@57.031C gpu@57.906C tj@57.906C soc1@57C VDD_IN 9960mW/9814mW VDD_CPU_GPU_CV 3035mW/2832mW VDD_SOC 3880mW/3821mW
08-01-2026 01:32:05 RAM 3385/7620MB (lfb 10x2MB) SWAP 7/3810MB (cached 0MB) CPU [1%@1728,91%@1728,0%@1728,0%@1728,0%@729,0%@729] GR3D_FREQ 29% cpu@57.312C soc2@55.312C soc0@56.875C gpu@57.875C tj@57.875C soc1@57.031C VDD_IN 10056mW/9814mW VDD_CPU_GPU_CV 3035mW/2833mW VDD_SOC 3840mW/3821mW
08-01-2026 01:32:06 RAM 3383/7620MB (lfb 11x2MB) SWAP 7/3810MB (cached 0MB) CPU [43%@1728,48%@1728,0%@1728,0%@1728,0%@729,0%@729] GR3D_FREQ 29% cpu@57.375C soc2@55.312C soc0@57C gpu@57.937C tj@57.937C soc1@57.031C VDD_IN 10016mW/9815mW VDD_CPU_GPU_CV 2915mW/2833mW VDD_SOC 3840mW/3821mW
08-01-2026 01:32:07 RAM 3383/7620MB (lfb 11x2MB) SWAP 7/3810MB (cached 0MB) CPU [90%@1728,0%@1728,1%@1728,0%@1728,0%@729,0%@729] GR3D_FREQ 29% cpu@57.468C soc2@55.312C soc0@56.968C gpu@58.156C tj@58.156C soc1@57C VDD_IN 10016mW/9815mW VDD_CPU_GPU_CV 2955mW/2833mW VDD_SOC 3840mW/3821mW
08-01-2026 01:32:08 RAM 3383/7620MB (lfb 11x2MB) SWAP 7/3810MB (cached 0MB) CPU [49%@1728,41%@1728,0%@1728,0%@1728,0%@729,0%@729] GR3D_FREQ 29% cpu@57.437C soc2@55.25C soc0@57.031C gpu@58.156C tj@58.156C soc1@57C VDD_IN 10016mW/9815mW VDD_CPU_GPU_CV 2915mW/2833mW VDD_SOC 3880mW/3821mW
08-01-2026 01:32:09 RAM 3383/7620MB (lfb 11x2MB) SWAP 7/3810MB (cached 0MB) CPU [1%@1728,90%@1728,0%@1728,0%@1728,0%@729,0%@729] GR3D_FREQ 30% cpu@57.625C soc2@55.312C soc0@57C gpu@58.187C tj@58.187C soc1@57.125C VDD_IN 9975mW/9816mW VDD_CPU_GPU_CV 2995mW/2833mW VDD_SOC 3880mW/3821mW
08-01-2026 01:32:10 RAM 3383/7620MB (lfb 11x2MB) SWAP 7/3810MB (cached 0MB) CPU [2%@1728,90%@1728,1%@1728,0%@1728,0%@729,0%@729] GR3D_FREQ 30% cpu@57.343C soc2@55.218C soc0@56.906C gpu@58.156C tj@58.156C soc1@57.062C VDD_IN 10056mW/9816mW VDD_CPU_GPU_CV 2915mW/2833mW VDD_SOC 3880mW/3821mW
08-01-2026 01:32:11 RAM 3383/7620MB (lfb 11x2MB) SWAP 7/3810MB (cached 0MB) CPU [1%@1728,90%@1728,0%@1728,0%@1728,0%@729,0%@729] GR3D_FREQ 30% cpu@57.25C soc2@55.187C soc0@56.906C gpu@58.312C tj@58.312C soc1@57.156C VDD_IN 9975mW/9816mW VDD_CPU_GPU_CV 2955mW/2834mW VDD_SOC 3880mW/3821mW
08-01-2026 01:32:12 RAM 3383/7620MB (lfb 11x2MB) SWAP 7/3810MB (cached 0MB) CPU [0%@1728,90%@1728,1%@1728,0%@1728,0%@729,0%@729] GR3D_FREQ 29% cpu@57.281C soc2@55.312C soc0@56.937C gpu@58.25C tj@58.25C soc1@57C VDD_IN 10096mW/9817mW VDD_CPU_GPU_CV 2915mW/2834mW VDD_SOC 3840mW/3821mW
08-01-2026 01:32:13 RAM 3383/7620MB (lfb 11x2MB) SWAP 7/3810MB (cached 0MB) CPU [1%@1728,90%@1728,0%@1728,1%@1728,0%@729,0%@729] GR3D_FREQ 30% cpu@57.437C soc2@55.25C soc0@57.156C gpu@58.312C tj@57.937C soc1@57.062C VDD_IN 10016mW/9817mW VDD_CPU_GPU_CV 2915mW/2834mW VDD_SOC 3840mW/3821mW
08-01-2026 01:32:14 RAM 3383/7620MB (lfb 11x2MB) SWAP 7/3810MB (cached 0MB) CPU [1%@1728,46%@1728,44%@1728,0%@1728,0%@729,0%@729] GR3D_FREQ 29% cpu@58C soc2@55.187C soc0@56.875C gpu@58C tj@58C soc1@56.968C VDD_IN 9895mW/9817mW VDD_CPU_GPU_CV 2880mW/2834mW VDD_SOC 3840mW/3821mW
08-01-2026 01:32:15 RAM 3383/7620MB (lfb 11x2MB) SWAP 7/3810MB (cached 0MB) CPU [1%@1728,0%@1728,90%@1728,0%@1728,0%@729,0%@729] GR3D_FREQ 29% cpu@57.843C soc2@55.25C soc0@57C gpu@57.968C tj@57.968C soc1@57.031C VDD_IN 9895mW/9817mW VDD_CPU_GPU_CV 2875mW/2834mW VDD_SOC 3880mW/3821mW
08-01-2026 01:32:16 RAM 3383/7620MB (lfb 11x2MB) SWAP 7/3810MB (cached 0MB) CPU [1%@1728,0%@1728,90%@1728,1%@1728,0%@729,0%@729] GR3D_FREQ 29% cpu@57.937C soc2@55.218C soc0@56.937C gpu@58.031C tj@58.031C soc1@57.062C VDD_IN 10016mW/9817mW VDD_CPU_GPU_CV 2840mW/2834mW VDD_SOC 3840mW/3821mW
08-01-2026 01:32:17 RAM 3383/7620MB (lfb 11x2MB) SWAP 7/3810MB (cached 0MB) CPU [1%@1728,0%@1728,90%@1728,2%@1728,0%@729,0%@729] GR3D_FREQ 30% cpu@57.875C soc2@55.281C soc0@57.062C gpu@57.968C tj@57.968C soc1@56.937C VDD_IN 10016mW/9818mW VDD_CPU_GPU_CV 2880mW/2834mW VDD_SOC 3800mW/3821mW
08-01-2026 01:32:18 RAM 3383/7620MB (lfb 11x2MB) SWAP 7/3810MB (cached 0MB) CPU [1%@1728,0%@1728,90%@1728,0%@1728,0%@729,0%@729] GR3D_FREQ 30% cpu@57.906C soc2@55.281C soc0@57.125C gpu@57.875C tj@57.906C soc1@57C VDD_IN 9935mW/9818mW VDD_CPU_GPU_CV 2920mW/2834mW VDD_SOC 3840mW/3821mW
08-01-2026 01:32:19 RAM 3383/7620MB (lfb 11x2MB) SWAP 7/3810MB (cached 0MB) CPU [2%@1728,0%@1728,91%@1728,0%@1728,0%@729,0%@729] GR3D_FREQ 30% cpu@57.937C soc2@55.218C soc0@56.875C gpu@57.875C tj@57.937C soc1@57C VDD_IN 10056mW/9818mW VDD_CPU_GPU_CV 2840mW/2834mW VDD_SOC 3800mW/3821mW
08-01-2026 01:32:20 RAM 3383/7620MB (lfb 11x2MB) SWAP 7/3810MB (cached 0MB) CPU [45%@1728,1%@1728,45%@1728,0%@1728,0%@729,0%@729] GR3D_FREQ 30% cpu@57.437C soc2@55.218C soc0@56.843C gpu@57.875C tj@57.875C soc1@57.062C VDD_IN 9935mW/9818mW VDD_CPU_GPU_CV 2840mW/2834mW VDD_SOC 3840mW/3821mW
08-01-2026 01:32:21 RAM 3383/7620MB (lfb 11x2MB) SWAP 7/3810MB (cached 0MB) CPU [91%@1728,0%@1728,0%@1728,0%@1728,0%@729,0%@729] GR3D_FREQ 30% cpu@57.437C soc2@55.343C soc0@57.062C gpu@57.843C tj@57.843C soc1@56.968C VDD_IN 9975mW/9818mW VDD_CPU_GPU_CV 2875mW/2834mW VDD_SOC 3840mW/3821mW
08-01-2026 01:32:22 RAM 3383/7620MB (lfb 11x2MB) SWAP 7/3810MB (cached 0MB) CPU [90%@1728,0%@1728,0%@1728,1%@1728,0%@729,0%@729] GR3D_FREQ 28% cpu@57.5C soc2@55.375C soc0@57.031C gpu@57.843C tj@57.843C soc1@56.937C VDD_IN 9935mW/9819mW VDD_CPU_GPU_CV 2835mW/2834mW VDD_SOC 3840mW/3821mW
08-01-2026 01:32:23 RAM 3383/7620MB (lfb 11x2MB) SWAP 7/3810MB (cached 0MB) CPU [48%@1728,44%@1728,0%@1728,1%@1728,0%@729,0%@729] GR3D_FREQ 29% cpu@57.375C soc2@55.218C soc0@57.156C gpu@57.875C tj@57.875C soc1@57C VDD_IN 10056mW/9819mW VDD_CPU_GPU_CV 2955mW/2834mW VDD_SOC 3840mW/3821mW
08-01-2026 01:32:24 RAM 3383/7620MB (lfb 11x2MB) SWAP 7/3810MB (cached 0MB) CPU [1%@1728,90%@1728,1%@1728,0%@1728,0%@729,0%@729] GR3D_FREQ 30% cpu@57.656C soc2@55.218C soc0@57.062C gpu@57.875C tj@57.875C soc1@57C VDD_IN 10016mW/9819mW VDD_CPU_GPU_CV 2875mW/2834mW VDD_SOC 3840mW/3821mW
08-01-2026 01:32:25 RAM 3383/7620MB (lfb 11x2MB) SWAP 7/3810MB (cached 0MB) CPU [1%@1728,90%@1728,0%@1728,0%@1728,0%@729,0%@729] GR3D_FREQ 29% cpu@57.25C soc2@55.25C soc0@56.968C gpu@58.093C tj@58.093C soc1@57.062C VDD_IN 10016mW/9820mW VDD_CPU_GPU_CV 2840mW/2834mW VDD_SOC 3840mW/3821mW
08-01-2026 01:32:26 RAM 3383/7620MB (lfb 11x2MB) SWAP 7/3810MB (cached 0MB) CPU [0%@1728,90%@1728,0%@1728,0%@1728,0%@729,0%@729] GR3D_FREQ 29% cpu@57.406C soc2@55.218C soc0@56.937C gpu@58.093C tj@58.093C soc1@57.187C VDD_IN 9895mW/9820mW VDD_CPU_GPU_CV 2835mW/2834mW VDD_SOC 3880mW/3821mW
08-01-2026 01:32:27 RAM 3383/7620MB (lfb 11x2MB) SWAP 7/3810MB (cached 0MB) CPU [1%@1728,91%@1728,0%@1728,0%@1728,0%@729,0%@729] GR3D_FREQ 28% cpu@57.437C soc2@55.218C soc0@56.906C gpu@58C tj@58C soc1@57C VDD_IN 9895mW/9820mW VDD_CPU_GPU_CV 2875mW/2835mW VDD_SOC 3840mW/3822mW
08-01-2026 01:32:28 RAM 3383/7620MB (lfb 11x2MB) SWAP 7/3810MB (cached 0MB) CPU [1%@1728,42%@1728,48%@1728,0%@1728,0%@729,0%@729] GR3D_FREQ 27% cpu@57.75C soc2@55.218C soc0@56.937C gpu@57.875C tj@57.875C soc1@57C VDD_IN 9815mW/9820mW VDD_CPU_GPU_CV 2800mW/2834mW VDD_SOC 3840mW/3822mW
08-01-2026 01:32:29 RAM 3383/7620MB (lfb 11x2MB) SWAP 7/3810MB (cached 0MB) CPU [2%@1728,0%@1728,91%@1728,0%@1728,0%@729,0%@729] GR3D_FREQ 29% cpu@58.062C soc2@55.187C soc0@57C gpu@57.968C tj@57.968C soc1@57C VDD_IN 9815mW/9820mW VDD_CPU_GPU_CV 2840mW/2834mW VDD_SOC 3800mW/3822mW
08-01-2026 01:32:30 RAM 3383/7620MB (lfb 11x2MB) SWAP 7/3810MB (cached 0MB) CPU [1%@1728,0%@1728,41%@1728,49%@1728,0%@729,0%@729] GR3D_FREQ 30% cpu@57.281C soc2@55.218C soc0@57C gpu@57.843C tj@57.843C soc1@57.093C VDD_IN 9735mW/9820mW VDD_CPU_GPU_CV 2875mW/2835mW VDD_SOC 3846mW/3822mW
08-01-2026 01:32:31 RAM 3383/7620MB (lfb 11x2MB) SWAP 7/3810MB (cached 0MB) CPU [1%@1728,0%@1728,0%@1728,90%@1728,0%@729,0%@729] GR3D_FREQ 30% cpu@57.5C soc2@55.187C soc0@57.125C gpu@57.906C tj@57.906C soc1@56.937C VDD_IN 9855mW/9820mW VDD_CPU_GPU_CV 2800mW/2834mW VDD_SOC 3800mW/3822mW
08-01-2026 01:32:32 RAM 3383/7620MB (lfb 11x2MB) SWAP 7/3810MB (cached 0MB) CPU [1%@1728,1%@1728,0%@1728,90%@1728,0%@729,0%@729] GR3D_FREQ 30% cpu@57.656C soc2@55.125C soc0@57.062C gpu@58C tj@58C soc1@56.937C VDD_IN 9815mW/9820mW VDD_CPU_GPU_CV 2795mW/2834mW VDD_SOC 3800mW/3821mW
08-01-2026 01:32:33 RAM 3383/7620MB (lfb 11x2MB) SWAP 7/3810MB (cached 0MB) CPU [1%@1728,0%@1728,0%@1728,91%@1728,0%@729,0%@729] GR3D_FREQ 29% cpu@57.562C soc2@55.125C soc0@56.906C gpu@58C tj@58C soc1@57C VDD_IN 9815mW/9820mW VDD_CPU_GPU_CV 2760mW/2834mW VDD_SOC 3800mW/3821mW
08-01-2026 01:32:34 RAM 3383/7620MB (lfb 11x2MB) SWAP 7/3810MB (cached 0MB) CPU [1%@1728,1%@1728,0%@1728,90%@1728,0%@729,0%@729] GR3D_FREQ 29% cpu@57.718C soc2@55.25C soc0@56.937C gpu@57.937C tj@57.937C soc1@57.093C VDD_IN 9735mW/9820mW VDD_CPU_GPU_CV 2760mW/2834mW VDD_SOC 3760mW/3821mW
08-01-2026 01:32:35 RAM 3383/7620MB (lfb 11x2MB) SWAP 7/3810MB (cached 0MB) CPU [1%@1728,0%@1728,0%@1728,87%@1728,0%@729,0%@729] GR3D_FREQ 39% cpu@57.343C soc2@55.281C soc0@56.968C gpu@58.093C tj@58.093C soc1@57C VDD_IN 9615mW/9819mW VDD_CPU_GPU_CV 2640mW/2834mW VDD_SOC 3766mW/3821mW
08-01-2026 01:32:36 RAM 3383/7620MB (lfb 11x2MB) SWAP 7/3810MB (cached 0MB) CPU [1%@1728,0%@1728,0%@1728,91%@1728,0%@729,0%@729] GR3D_FREQ 30% cpu@57.468C soc2@55.187C soc0@56.968C gpu@58.281C tj@58.281C soc1@57.093C VDD_IN 9775mW/9819mW VDD_CPU_GPU_CV 2840mW/2834mW VDD_SOC 3760mW/3821mW
08-01-2026 01:32:37 RAM 3383/7620MB (lfb 11x2MB) SWAP 7/3810MB (cached 0MB) CPU [0%@1728,0%@1728,0%@1728,90%@1728,0%@729,0%@729] GR3D_FREQ 29% cpu@57.75C soc2@55.25C soc0@57.093C gpu@58.218C tj@58.218C soc1@57C VDD_IN 9815mW/9819mW VDD_CPU_GPU_CV 2800mW/2834mW VDD_SOC 3800mW/3821mW
08-01-2026 01:32:38 RAM 3383/7620MB (lfb 11x2MB) SWAP 7/3810MB (cached 0MB) CPU [1%@1728,0%@1728,0%@1728,90%@1728,0%@729,0%@729] GR3D_FREQ 30% cpu@57.656C soc2@55.187C soc0@57.125C gpu@57.781C tj@57.781C soc1@57C VDD_IN 9815mW/9819mW VDD_CPU_GPU_CV 2720mW/2834mW VDD_SOC 3800mW/3821mW
08-01-2026 01:32:39 RAM 3383/7620MB (lfb 11x2MB) SWAP 7/3810MB (cached 0MB) CPU [1%@1728,0%@1728,0%@1728,91%@1728,0%@729,0%@729] GR3D_FREQ 28% cpu@57.75C soc2@55.281C soc0@57C gpu@57.75C tj@57.75C soc1@57.125C VDD_IN 9695mW/9819mW VDD_CPU_GPU_CV 2800mW/2834mW VDD_SOC 3806mW/3821mW
08-01-2026 01:32:40 RAM 3383/7620MB (lfb 11x2MB) SWAP 7/3810MB (cached 0MB) CPU [2%@1728,1%@1728,0%@1728,90%@1728,1%@729,0%@729] GR3D_FREQ 27% cpu@57.5C soc2@55.218C soc0@56.843C gpu@57.75C tj@57.75C soc1@57.031C VDD_IN 9695mW/9819mW VDD_CPU_GPU_CV 2720mW/2834mW VDD_SOC 3806mW/3821mW
08-01-2026 01:32:41 RAM 3383/7620MB (lfb 11x2MB) SWAP 7/3810MB (cached 0MB) CPU [1%@1728,0%@1728,0%@1728,91%@1728,0%@729,0%@729] GR3D_FREQ 29% cpu@57.5C soc2@55.25C soc0@57C gpu@57.875C tj@57.875C soc1@57.125C VDD_IN 9695mW/9819mW VDD_CPU_GPU_CV 2720mW/2833mW VDD_SOC 3760mW/3821mW
08-01-2026 01:32:42 RAM 3383/7620MB (lfb 11x2MB) SWAP 7/3810MB (cached 0MB) CPU [1%@1728,0%@1728,0%@1728,90%@1728,0%@729,0%@729] GR3D_FREQ 30% cpu@57.718C soc2@55.281C soc0@57C gpu@57.843C tj@57.843C soc1@57C VDD_IN 9655mW/9818mW VDD_CPU_GPU_CV 2680mW/2833mW VDD_SOC 3760mW/3821mW
08-01-2026 01:32:43 RAM 3383/7620MB (lfb 11x2MB) SWAP 7/3810MB (cached 0MB) CPU [1%@1728,0%@1728,0%@1728,90%@1728,0%@729,0%@729] GR3D_FREQ 29% cpu@57.593C soc2@55.25C soc0@57.062C gpu@57.906C tj@57.906C soc1@57.031C VDD_IN 9575mW/9818mW VDD_CPU_GPU_CV 2720mW/2833mW VDD_SOC 3806mW/3821mW
08-01-2026 01:32:44 RAM 3383/7620MB (lfb 11x2MB) SWAP 7/3810MB (cached 0MB) CPU [1%@1728,0%@1728,0%@1728,89%@1728,0%@729,0%@729] GR3D_FREQ 30% cpu@57.687C soc2@55.187C soc0@57.031C gpu@57.812C tj@58C soc1@57.062C VDD_IN 9535mW/9818mW VDD_CPU_GPU_CV 2680mW/2833mW VDD_SOC 3766mW/3821mW
08-01-2026 01:32:45 RAM 3383/7620MB (lfb 11x2MB) SWAP 7/3810MB (cached 0MB) CPU [1%@1728,0%@1728,0%@1728,87%@1728,0%@729,0%@729] GR3D_FREQ 40% cpu@57.468C soc2@55.25C soc0@57C gpu@58C tj@58C soc1@57.062C VDD_IN 9495mW/9817mW VDD_CPU_GPU_CV 2560mW/2832mW VDD_SOC 3725mW/3821mW
08-01-2026 01:32:46 RAM 3383/7620MB (lfb 11x2MB) SWAP 7/3810MB (cached 0MB) CPU [0%@1728,0%@1728,1%@1728,91%@1728,0%@729,0%@729] GR3D_FREQ 28% cpu@57.468C soc2@55.281C soc0@56.968C gpu@58C tj@58C soc1@57.093C VDD_IN 9695mW/9817mW VDD_CPU_GPU_CV 2720mW/2832mW VDD_SOC 3760mW/3821mW
08-01-2026 01:32:47 RAM 3383/7620MB (lfb 11x2MB) SWAP 7/3810MB (cached 0MB) CPU [2%@1728,0%@1728,0%@1728,90%@1728,0%@729,0%@729] GR3D_FREQ 30% cpu@57.531C soc2@55.156C soc0@57.031C gpu@58C tj@58C soc1@57C VDD_IN 9615mW/9817mW VDD_CPU_GPU_CV 2680mW/2832mW VDD_SOC 3806mW/3821mW
08-01-2026 01:32:48 RAM 3383/7620MB (lfb 11x2MB) SWAP 7/3810MB (cached 0MB) CPU [0%@1728,58%@1728,0%@1728,33%@1728,0%@729,0%@729] GR3D_FREQ 30% cpu@57.406C soc2@55.281C soc0@57.031C gpu@58.093C tj@58.093C soc1@56.968C VDD_IN 9615mW/9817mW VDD_CPU_GPU_CV 2680mW/2832mW VDD_SOC 3766mW/3821mW
08-01-2026 01:32:49 RAM 3383/7620MB (lfb 11x2MB) SWAP 7/3810MB (cached 0MB) CPU [2%@1728,90%@1728,0%@1728,0%@1728,0%@729,0%@729] GR3D_FREQ 35% cpu@57.5C soc2@55.218C soc0@56.843C gpu@58.031C tj@58.031C soc1@57.062C VDD_IN 9575mW/9816mW VDD_CPU_GPU_CV 2680mW/2832mW VDD_SOC 3766mW/3820mW
08-01-2026 01:32:50 RAM 3383/7620MB (lfb 11x2MB) SWAP 7/3810MB (cached 0MB) CPU [0%@1728,90%@1728,0%@1728,0%@1728,0%@729,0%@729] GR3D_FREQ 39% cpu@57.312C soc2@55.187C soc0@56.906C gpu@58.031C tj@58.031C soc1@57.187C VDD_IN 9495mW/9816mW VDD_CPU_GPU_CV 2680mW/2831mW VDD_SOC 3766mW/3820mW
08-01-2026 01:32:51 RAM 3383/7620MB (lfb 11x2MB) SWAP 7/3810MB (cached 0MB) CPU [1%@1728,90%@1728,0%@1728,0%@1728,0%@729,0%@729] GR3D_FREQ 40% cpu@57.343C soc2@55.312C soc0@56.968C gpu@58.093C tj@58.093C soc1@57.156C VDD_IN 9455mW/9815mW VDD_CPU_GPU_CV 2600mW/2831mW VDD_SOC 3806mW/3820mW
08-01-2026 01:32:52 RAM 3383/7620MB (lfb 11x2MB) SWAP 7/3810MB (cached 0MB) CPU [2%@1728,89%@1728,0%@1728,1%@1728,0%@729,0%@729] GR3D_FREQ 37% cpu@57.343C soc2@55.312C soc0@57C gpu@58.062C tj@58.062C soc1@56.968C VDD_IN 9575mW/9815mW VDD_CPU_GPU_CV 2600mW/2831mW VDD_SOC 3766mW/3820mW
08-01-2026 01:32:53 RAM 3383/7620MB (lfb 11x2MB) SWAP 7/3810MB (cached 0MB) CPU [0%@1728,91%@1728,0%@1728,0%@1728,0%@729,0%@729] GR3D_FREQ 37% cpu@57.281C soc2@55.281C soc0@57.125C gpu@57.843C tj@57.843C soc1@57C VDD_IN 9495mW/9815mW VDD_CPU_GPU_CV 2640mW/2831mW VDD_SOC 3766mW/3820mW
08-01-2026 01:32:54 RAM 3383/7620MB (lfb 11x2MB) SWAP 7/3810MB (cached 0MB) CPU [1%@1728,89%@1728,0%@1728,0%@1728,0%@729,0%@729] GR3D_FREQ 40% cpu@57.562C soc2@55.25C soc0@56.937C gpu@57.843C tj@57.843C soc1@57C VDD_IN 9334mW/9814mW VDD_CPU_GPU_CV 2640mW/2830mW VDD_SOC 3766mW/3820mW
08-01-2026 01:32:55 RAM 3383/7620MB (lfb 11x2MB) SWAP 7/3810MB (cached 0MB) CPU [1%@1728,90%@1728,0%@1728,0%@1728,0%@729,0%@729] GR3D_FREQ 40% cpu@57.25C soc2@55.281C soc0@56.968C gpu@57.875C tj@57.875C soc1@57.031C VDD_IN 9455mW/9813mW VDD_CPU_GPU_CV 2600mW/2830mW VDD_SOC 3766mW/3820mW
08-01-2026 01:32:56 RAM 3383/7620MB (lfb 11x2MB) SWAP 7/3810MB (cached 0MB) CPU [1%@1728,90%@1728,1%@1728,0%@1728,0%@729,0%@729] GR3D_FREQ 37% cpu@57.5C soc2@55.281C soc0@56.968C gpu@57.75C tj@57.75C soc1@57.062C VDD_IN 9415mW/9813mW VDD_CPU_GPU_CV 2600mW/2830mW VDD_SOC 3766mW/3820mW
08-01-2026 01:32:57 RAM 3383/7620MB (lfb 11x2MB) SWAP 7/3810MB (cached 0MB) CPU [1%@1728,89%@1728,0%@1728,0%@1728,0%@729,0%@729] GR3D_FREQ 39% cpu@57.125C soc2@55.281C soc0@57.062C gpu@57.937C tj@57.937C soc1@57.031C VDD_IN 9455mW/9812mW VDD_CPU_GPU_CV 2640mW/2829mW VDD_SOC 3725mW/3820mW
08-01-2026 01:32:58 RAM 3383/7620MB (lfb 11x2MB) SWAP 7/3810MB (cached 0MB) CPU [1%@1728,91%@1728,1%@1728,0%@1728,0%@729,0%@729] GR3D_FREQ 40% cpu@57.375C soc2@55.281C soc0@57.062C gpu@57.875C tj@57.875C soc1@56.937C VDD_IN 9455mW/9812mW VDD_CPU_GPU_CV 2600mW/2829mW VDD_SOC 3725mW/3820mW
08-01-2026 01:32:59 RAM 3383/7620MB (lfb 11x2MB) SWAP 7/3810MB (cached 0MB) CPU [1%@1728,90%@1728,0%@1728,0%@1728,0%@729,0%@729] GR3D_FREQ 39% cpu@57.468C soc2@55.062C soc0@57.156C gpu@57.875C tj@57.875C soc1@57C VDD_IN 9415mW/9811mW VDD_CPU_GPU_CV 2600mW/2829mW VDD_SOC 3725mW/3820mW
08-01-2026 01:33:00 RAM 3383/7620MB (lfb 11x2MB) SWAP 7/3810MB (cached 0MB) CPU [0%@1728,90%@1728,0%@1728,0%@1728,0%@729,0%@729] GR3D_FREQ 40% cpu@57.25C soc2@55.218C soc0@56.906C gpu@57.843C tj@58.156C soc1@57.062C VDD_IN 9415mW/9811mW VDD_CPU_GPU_CV 2560mW/2829mW VDD_SOC 3725mW/3820mW
08-01-2026 01:33:01 RAM 3383/7620MB (lfb 11x2MB) SWAP 7/3810MB (cached 0MB) CPU [2%@1728,90%@1728,0%@1728,0%@1728,0%@729,0%@729] GR3D_FREQ 38% cpu@57.468C soc2@55.312C soc0@57.031C gpu@57.75C tj@57.75C soc1@57.093C VDD_IN 9430mW/9810mW VDD_CPU_GPU_CV 2520mW/2828mW VDD_SOC 3766mW/3819mW
08-01-2026 01:33:02 RAM 3384/7620MB (lfb 11x2MB) SWAP 7/3810MB (cached 0MB) CPU [0%@1728,89%@1728,1%@1728,0%@1728,0%@729,0%@729] GR3D_FREQ 39% cpu@57.218C soc2@55.312C soc0@57.031C gpu@57.75C tj@57.75C soc1@56.968C VDD_IN 9374mW/9810mW VDD_CPU_GPU_CV 2560mW/2828mW VDD_SOC 3766mW/3819mW
08-01-2026 01:33:03 RAM 3384/7620MB (lfb 11x2MB) SWAP 7/3810MB (cached 0MB) CPU [2%@1728,87%@1728,4%@1728,0%@1728,0%@729,0%@729] GR3D_FREQ 40% cpu@57.343C soc2@55.406C soc0@57.031C gpu@57.718C tj@57.718C soc1@57.031C VDD_IN 9374mW/9809mW VDD_CPU_GPU_CV 2520mW/2827mW VDD_SOC 3766mW/3819mW
08-01-2026 01:33:04 RAM 3384/7620MB (lfb 11x2MB) SWAP 7/3810MB (cached 0MB) CPU [1%@1728,91%@1728,0%@1728,2%@1728,0%@729,0%@729] GR3D_FREQ 40% cpu@57.468C soc2@55.218C soc0@57.218C gpu@57.718C tj@57.718C soc1@56.937C VDD_IN 9334mW/9809mW VDD_CPU_GPU_CV 2560mW/2827mW VDD_SOC 3725mW/3819mW
08-01-2026 01:33:05 RAM 3384/7620MB (lfb 11x2MB) SWAP 7/3810MB (cached 0MB) CPU [1%@1728,90%@1728,0%@1728,0%@1728,0%@729,0%@729] GR3D_FREQ 40% cpu@57.343C soc2@55.312C soc0@57C gpu@57.718C tj@57.718C soc1@57.093C VDD_IN 9374mW/9808mW VDD_CPU_GPU_CV 2560mW/2827mW VDD_SOC 3685mW/3819mW
08-01-2026 01:33:06 RAM 3384/7620MB (lfb 11x2MB) SWAP 7/3810MB (cached 0MB) CPU [2%@1728,90%@1728,1%@1728,0%@1728,0%@729,0%@729] GR3D_FREQ 40% cpu@57.468C soc2@55.156C soc0@57C gpu@57.781C tj@57.781C soc1@57.062C VDD_IN 9334mW/9807mW VDD_CPU_GPU_CV 2560mW/2826mW VDD_SOC 3725mW/3819mW
08-01-2026 01:33:07 RAM 3384/7620MB (lfb 11x2MB) SWAP 7/3810MB (cached 0MB) CPU [1%@1728,21%@1728,69%@1728,0%@1728,1%@729,0%@729] GR3D_FREQ 39% cpu@57.625C soc2@55.312C soc0@57.031C gpu@57.906C tj@57.906C soc1@56.968C VDD_IN 9294mW/9807mW VDD_CPU_GPU_CV 2480mW/2826mW VDD_SOC 3725mW/3819mW
08-01-2026 01:33:08 RAM 3384/7620MB (lfb 11x2MB) SWAP 7/3810MB (cached 0MB) CPU [1%@1728,0%@1728,90%@1728,0%@1728,0%@729,0%@729] GR3D_FREQ 39% cpu@57.843C soc2@55.25C soc0@57.125C gpu@58C tj@58C soc1@57C VDD_IN 9254mW/9806mW VDD_CPU_GPU_CV 2480mW/2825mW VDD_SOC 3725mW/3819mW
08-01-2026 01:33:09 RAM 3384/7620MB (lfb 11x2MB) SWAP 7/3810MB (cached 0MB) CPU [2%@1728,0%@1728,90%@1728,0%@1728,0%@729,0%@729] GR3D_FREQ 38% cpu@58C soc2@55.218C soc0@57.031C gpu@58C tj@58C soc1@57C VDD_IN 9254mW/9805mW VDD_CPU_GPU_CV 2480mW/2825mW VDD_SOC 3725mW/3818mW
08-01-2026 01:33:10 RAM 3384/7620MB (lfb 11x2MB) SWAP 7/3810MB (cached 0MB) CPU [1%@1728,0%@1728,92%@1728,0%@1728,0%@729,0%@729] GR3D_FREQ 36% cpu@57.875C soc2@55.25C soc0@57C gpu@58C tj@58C soc1@57.031C VDD_IN 9374mW/9805mW VDD_CPU_GPU_CV 2480mW/2824mW VDD_SOC 3685mW/3818mW
08-01-2026 01:33:11 RAM 3384/7620MB (lfb 11x2MB) SWAP 7/3810MB (cached 0MB) CPU [14%@729,0%@729,24%@729,0%@729,51%@1728,0%@1728] GR3D_FREQ 39% cpu@57.531C soc2@55.187C soc0@57.062C gpu@57.718C tj@57.718C soc1@57.093C VDD_IN 9229mW/9804mW VDD_CPU_GPU_CV 2360mW/2824mW VDD_SOC 3725mW/3818mW
08-01-2026 01:33:12 RAM 3384/7620MB (lfb 11x2MB) SWAP 7/3810MB (cached 0MB) CPU [1%@729,0%@729,0%@729,1%@729,90%@1728,0%@1728] GR3D_FREQ 39% cpu@57.406C soc2@55.156C soc0@57.031C gpu@57.718C tj@57.718C soc1@56.937C VDD_IN 9374mW/9803mW VDD_CPU_GPU_CV 2480mW/2823mW VDD_SOC 3725mW/3818mW
08-01-2026 01:33:13 RAM 3384/7620MB (lfb 11x2MB) SWAP 7/3810MB (cached 0MB) CPU [2%@729,0%@729,0%@729,1%@729,91%@1728,0%@1728] GR3D_FREQ 39% cpu@57.625C soc2@55.25C soc0@57.218C gpu@57.781C tj@57.781C soc1@57C VDD_IN 9415mW/9803mW VDD_CPU_GPU_CV 2520mW/2823mW VDD_SOC 3685mW/3818mW
08-01-2026 01:33:14 RAM 3384/7620MB (lfb 11x2MB) SWAP 7/3810MB (cached 0MB) CPU [0%@729,0%@729,0%@729,0%@729,90%@1728,0%@1728] GR3D_FREQ 37% cpu@57.718C soc2@55.156C soc0@56.906C gpu@57.812C tj@58C soc1@57C VDD_IN 9374mW/9802mW VDD_CPU_GPU_CV 2480mW/2823mW VDD_SOC 3725mW/3818mW
08-01-2026 01:33:15 RAM 3384/7620MB (lfb 11x2MB) SWAP 7/3810MB (cached 0MB) CPU [2%@729,0%@729,0%@729,1%@729,91%@1728,0%@1728] GR3D_FREQ 39% cpu@57.5C soc2@55.187C soc0@57C gpu@58C tj@58C soc1@57.062C VDD_IN 9374mW/9802mW VDD_CPU_GPU_CV 2520mW/2822mW VDD_SOC 3725mW/3818mW
08-01-2026 01:33:16 RAM 3384/7620MB (lfb 11x2MB) SWAP 7/3810MB (cached 0MB) CPU [1%@729,0%@729,1%@729,1%@729,21%@1728,69%@1728] GR3D_FREQ 37% cpu@57.218C soc2@55.218C soc0@57.062C gpu@58C tj@58C soc1@56.937C VDD_IN 9334mW/9801mW VDD_CPU_GPU_CV 2520mW/2822mW VDD_SOC 3725mW/3818mW
08-01-2026 01:33:17 RAM 3384/7620MB (lfb 11x2MB) SWAP 7/3810MB (cached 0MB) CPU [1%@729,1%@729,0%@729,0%@729,0%@1728,91%@1728] GR3D_FREQ 40% cpu@57.25C soc2@55.218C soc0@57.031C gpu@58.031C tj@58.031C soc1@57C VDD_IN 9334mW/9801mW VDD_CPU_GPU_CV 2480mW/2821mW VDD_SOC 3725mW/3817mW
08-01-2026 01:33:18 RAM 3384/7620MB (lfb 11x2MB) SWAP 7/3810MB (cached 0MB) CPU [2%@729,0%@729,0%@729,1%@729,0%@1728,90%@1728] GR3D_FREQ 40% cpu@57.343C soc2@55.156C soc0@56.937C gpu@57.843C tj@57.843C soc1@57C VDD_IN 9294mW/9800mW VDD_CPU_GPU_CV 2480mW/2821mW VDD_SOC 3685mW/3817mW
08-01-2026 01:33:19 RAM 3384/7620MB (lfb 11x2MB) SWAP 7/3810MB (cached 0MB) CPU [0%@729,0%@729,0%@729,1%@729,0%@1728,89%@1728] GR3D_FREQ 40% cpu@57.125C soc2@55.125C soc0@56.906C gpu@57.812C tj@57.812C soc1@57.062C VDD_IN 9309mW/9799mW VDD_CPU_GPU_CV 2440mW/2820mW VDD_SOC 3685mW/3817mW
08-01-2026 01:33:20 RAM 3384/7620MB (lfb 11x2MB) SWAP 7/3810MB (cached 0MB) CPU [1%@729,0%@729,0%@729,0%@729,73%@1728,16%@1728] GR3D_FREQ 40% cpu@57.437C soc2@55.187C soc0@57.093C gpu@57.875C tj@57.875C soc1@56.968C VDD_IN 9294mW/9799mW VDD_CPU_GPU_CV 2480mW/2820mW VDD_SOC 3645mW/3817mW
08-01-2026 01:33:22 RAM 3384/7620MB (lfb 11x2MB) SWAP 7/3810MB (cached 0MB) CPU [2%@729,0%@729,0%@729,0%@729,90%@1728,0%@1728] GR3D_FREQ 39% cpu@57.531C soc2@55.187C soc0@57.156C gpu@58.062C tj@58.062C soc1@57C VDD_IN 9174mW/9798mW VDD_CPU_GPU_CV 2480mW/2820mW VDD_SOC 3685mW/3817mW
08-01-2026 01:33:23 RAM 3384/7620MB (lfb 11x2MB) SWAP 7/3810MB (cached 0MB) CPU [0%@729,0%@729,0%@729,1%@729,17%@1728,73%@1728] GR3D_FREQ 39% cpu@57.312C soc2@55.031C soc0@56.968C gpu@58.156C tj@58.156C soc1@57.031C VDD_IN 9254mW/9797mW VDD_CPU_GPU_CV 2440mW/2819mW VDD_SOC 3685mW/3817mW
08-01-2026 01:33:24 RAM 3384/7620MB (lfb 11x2MB) SWAP 7/3810MB (cached 0MB) CPU [2%@729,0%@729,0%@729,0%@729,0%@1728,91%@1728] GR3D_FREQ 40% cpu@57.25C soc2@55.156C soc0@56.875C gpu@58.093C tj@58.093C soc1@57.062C VDD_IN 9174mW/9796mW VDD_CPU_GPU_CV 2480mW/2819mW VDD_SOC 3685mW/3816mW
08-01-2026 01:33:25 RAM 3384/7620MB (lfb 11x2MB) SWAP 7/3810MB (cached 0MB) CPU [1%@729,1%@729,0%@729,0%@729,75%@1728,14%@1728] GR3D_FREQ 39% cpu@57.468C soc2@55.156C soc0@56.968C gpu@58.156C tj@58.156C soc1@57.125C VDD_IN 9214mW/9796mW VDD_CPU_GPU_CV 2480mW/2818mW VDD_SOC 3685mW/3816mW
08-01-2026 01:33:26 RAM 3384/7620MB (lfb 11x2MB) SWAP 7/3810MB (cached 0MB) CPU [1%@729,0%@729,1%@729,1%@729,90%@1728,0%@1728] GR3D_FREQ 40% cpu@57.562C soc2@55.187C soc0@57.156C gpu@58.187C tj@57.781C soc1@57C VDD_IN 9254mW/9795mW VDD_CPU_GPU_CV 2440mW/2818mW VDD_SOC 3685mW/3816mW
08-01-2026 01:33:27 RAM 3384/7620MB (lfb 11x2MB) SWAP 7/3810MB (cached 0MB) CPU [1%@729,1%@729,0%@729,0%@729,14%@1728,76%@1728] GR3D_FREQ 40% cpu@57.5C soc2@55.156C soc0@56.875C gpu@57.906C tj@57.906C soc1@57C VDD_IN 9189mW/9794mW VDD_CPU_GPU_CV 2400mW/2817mW VDD_SOC 3725mW/3816mW
08-01-2026 01:33:28 RAM 3384/7620MB (lfb 11x2MB) SWAP 7/3810MB (cached 0MB) CPU [1%@729,1%@729,0%@729,0%@729,0%@1728,89%@1728] GR3D_FREQ 37% cpu@57.218C soc2@55.156C soc0@57C gpu@57.843C tj@57.843C soc1@57.062C VDD_IN 9214mW/9793mW VDD_CPU_GPU_CV 2440mW/2817mW VDD_SOC 3645mW/3816mW
08-01-2026 01:33:29 RAM 3384/7620MB (lfb 11x2MB) SWAP 7/3810MB (cached 0MB) CPU [1%@729,0%@729,0%@729,0%@729,76%@1728,14%@1728] GR3D_FREQ 39% cpu@57.406C soc2@55.25C soc0@56.968C gpu@57.875C tj@57.875C soc1@57C VDD_IN 9174mW/9792mW VDD_CPU_GPU_CV 2400mW/2816mW VDD_SOC 3685mW/3815mW
08-01-2026 01:33:30 RAM 3384/7620MB (lfb 11x2MB) SWAP 7/3810MB (cached 0MB) CPU [1%@729,0%@729,0%@729,1%@729,90%@1728,0%@1728] GR3D_FREQ 37% cpu@57.625C soc2@55.125C soc0@57.031C gpu@57.937C tj@57.937C soc1@57.093C VDD_IN 9214mW/9792mW VDD_CPU_GPU_CV 2440mW/2816mW VDD_SOC 3685mW/3815mW
08-01-2026 01:33:31 RAM 3384/7620MB (lfb 11x2MB) SWAP 7/3810MB (cached 0MB) CPU [1%@729,0%@729,0%@729,0%@729,91%@1728,0%@1728] GR3D_FREQ 39% cpu@57.468C soc2@55.25C soc0@57.062C gpu@57.875C tj@57.875C soc1@56.968C VDD_IN 9134mW/9791mW VDD_CPU_GPU_CV 2440mW/2815mW VDD_SOC 3685mW/3815mW
08-01-2026 01:33:32 RAM 3384/7620MB (lfb 11x2MB) SWAP 7/3810MB (cached 0MB) CPU [1%@729,0%@729,1%@729,1%@729,89%@1728,0%@1728] GR3D_FREQ 40% cpu@57.781C soc2@55.187C soc0@57.125C gpu@57.781C tj@57.781C soc1@57C VDD_IN 9094mW/9790mW VDD_CPU_GPU_CV 2400mW/2815mW VDD_SOC 3685mW/3815mW
08-01-2026 01:33:33 RAM 3384/7620MB (lfb 11x2MB) SWAP 7/3810MB (cached 0MB) CPU [1%@729,0%@729,0%@729,1%@729,90%@1728,0%@1728] GR3D_FREQ 40% cpu@57.656C soc2@55.218C soc0@56.968C gpu@57.718C tj@57.718C soc1@57C VDD_IN 9134mW/9789mW VDD_CPU_GPU_CV 2403mW/2814mW VDD_SOC 3645mW/3815mW
08-01-2026 01:33:34 RAM 3384/7620MB (lfb 11x2MB) SWAP 7/3810MB (cached 0MB) CPU [1%@729,0%@729,1%@729,1%@729,90%@1728,0%@1728] GR3D_FREQ 40% cpu@57.437C soc2@55.156C soc0@57.062C gpu@57.781C tj@57.781C soc1@57C VDD_IN 9109mW/9788mW VDD_CPU_GPU_CV 2400mW/2814mW VDD_SOC 3685mW/3815mW
08-01-2026 01:33:35 RAM 3384/7620MB (lfb 11x2MB) SWAP 7/3810MB (cached 0MB) CPU [1%@729,0%@729,1%@729,1%@729,10%@1728,80%@1728] GR3D_FREQ 39% cpu@57.25C soc2@55.156C soc0@57.062C gpu@57.718C tj@57.718C soc1@56.968C VDD_IN 9174mW/9788mW VDD_CPU_GPU_CV 2400mW/2813mW VDD_SOC 3685mW/3814mW
08-01-2026 01:33:36 RAM 3383/7620MB (lfb 11x2MB) SWAP 7/3810MB (cached 0MB) CPU [1%@729,0%@729,0%@729,0%@729,0%@1728,90%@1728] GR3D_FREQ 40% cpu@57.281C soc2@55.187C soc0@57.093C gpu@57.75C tj@57.75C soc1@57.062C VDD_IN 9149mW/9787mW VDD_CPU_GPU_CV 2360mW/2812mW VDD_SOC 3685mW/3814mW
08-01-2026 01:33:37 RAM 3383/7620MB (lfb 11x2MB) SWAP 7/3810MB (cached 0MB) CPU [1%@729,0%@729,0%@729,0%@729,0%@1728,90%@1728] GR3D_FREQ 39% cpu@57.468C soc2@55.125C soc0@57.093C gpu@58C tj@58C soc1@57.031C VDD_IN 9149mW/9786mW VDD_CPU_GPU_CV 2400mW/2812mW VDD_SOC 3685mW/3814mW
08-01-2026 01:33:38 RAM 3383/7620MB (lfb 11x2MB) SWAP 7/3810MB (cached 0MB) CPU [1%@729,1%@729,0%@729,1%@729,0%@1728,89%@1728] GR3D_FREQ 40% cpu@57.5C soc2@55.187C soc0@56.968C gpu@58C tj@58C soc1@57.093C VDD_IN 9094mW/9785mW VDD_CPU_GPU_CV 2400mW/2811mW VDD_SOC 3645mW/3814mW
08-01-2026 01:33:39 RAM 3384/7620MB (lfb 11x2MB) SWAP 7/3810MB (cached 0MB) CPU [1%@729,0%@729,0%@729,0%@729,0%@1728,89%@1728] GR3D_FREQ 39% cpu@57.25C soc2@55.125C soc0@56.968C gpu@58.031C tj@58.031C soc1@57.187C VDD_IN 9109mW/9784mW VDD_CPU_GPU_CV 2360mW/2811mW VDD_SOC 3685mW/3814mW
08-01-2026 01:33:40 RAM 3384/7620MB (lfb 11x2MB) SWAP 7/3810MB (cached 0MB) CPU [1%@729,1%@729,1%@729,0%@729,0%@1728,89%@1728] GR3D_FREQ 39% cpu@57.281C soc2@55.218C soc0@57C gpu@57.656C tj@57.656C soc1@57C VDD_IN 9149mW/9783mW VDD_CPU_GPU_CV 2320mW/2810mW VDD_SOC 3685mW/3814mW
08-01-2026 01:33:41 RAM 3384/7620MB (lfb 11x2MB) SWAP 7/3810MB (cached 0MB) CPU [1%@729,1%@729,0%@729,0%@729,0%@1728,90%@1728] GR3D_FREQ 37% cpu@57.343C soc2@55.156C soc0@56.906C gpu@57.843C tj@57.843C soc1@57C VDD_IN 9068mW/9782mW VDD_CPU_GPU_CV 2360mW/2810mW VDD_SOC 3685mW/3813mW
08-01-2026 01:33:42 RAM 3384/7620MB (lfb 11x2MB) SWAP 7/3810MB (cached 0MB) CPU [0%@729,0%@729,0%@729,0%@729,0%@1728,90%@1728] GR3D_FREQ 37% cpu@57.375C soc2@55.125C soc0@57.125C gpu@57.812C tj@57.812C soc1@57.156C VDD_IN 9109mW/9782mW VDD_CPU_GPU_CV 2360mW/2809mW VDD_SOC 3645mW/3813mW
08-01-2026 01:33:43 RAM 3384/7620MB (lfb 11x2MB) SWAP 7/3810MB (cached 0MB) CPU [1%@729,0%@729,1%@729,1%@729,0%@1728,90%@1728] GR3D_FREQ 39% cpu@57.156C soc2@55.187C soc0@57.062C gpu@58C tj@58C soc1@57.218C VDD_IN 9068mW/9781mW VDD_CPU_GPU_CV 2360mW/2809mW VDD_SOC 3645mW/3813mW
08-01-2026 01:33:44 RAM 3384/7620MB (lfb 11x2MB) SWAP 7/3810MB (cached 0MB) CPU [0%@729,0%@729,0%@729,1%@729,0%@1728,90%@1728] GR3D_FREQ 40% cpu@57.312C soc2@55.25C soc0@56.968C gpu@58.062C tj@58.062C soc1@57.031C VDD_IN 9068mW/9780mW VDD_CPU_GPU_CV 2320mW/2808mW VDD_SOC 3685mW/3813mW
08-01-2026 01:33:45 RAM 3384/7620MB (lfb 11x2MB) SWAP 7/3810MB (cached 0MB) CPU [1%@729,0%@729,0%@729,0%@729,0%@1728,89%@1728] GR3D_FREQ 39% cpu@57.312C soc2@55.281C soc0@56.968C gpu@58.062C tj@58.062C soc1@57.125C VDD_IN 9109mW/9779mW VDD_CPU_GPU_CV 2323mW/2807mW VDD_SOC 3645mW/3813mW
08-01-2026 01:33:46 RAM 3384/7620MB (lfb 11x2MB) SWAP 7/3810MB (cached 0MB) CPU [1%@729,0%@729,0%@729,0%@729,0%@1728,89%@1728] GR3D_FREQ 38% cpu@57.437C soc2@55.218C soc0@57.093C gpu@57.843C tj@57.843C soc1@57.062C VDD_IN 9068mW/9778mW VDD_CPU_GPU_CV 2320mW/2807mW VDD_SOC 3685mW/3812mW
08-01-2026 01:33:47 RAM 3384/7620MB (lfb 11x2MB) SWAP 7/3810MB (cached 0MB) CPU [1%@729,2%@729,0%@729,0%@729,0%@1728,89%@1728] GR3D_FREQ 40% cpu@57.218C soc2@55.25C soc0@56.906C gpu@57.781C tj@57.781C soc1@57.093C VDD_IN 9109mW/9777mW VDD_CPU_GPU_CV 2320mW/2806mW VDD_SOC 3645mW/3812mW
08-01-2026 01:33:48 RAM 3384/7620MB (lfb 11x2MB) SWAP 7/3810MB (cached 0MB) CPU [1%@729,0%@729,0%@729,1%@729,0%@1728,91%@1728] GR3D_FREQ 40% cpu@57.25C soc2@55.187C soc0@57.093C gpu@57.843C tj@57.843C soc1@57.031C VDD_IN 9028mW/9776mW VDD_CPU_GPU_CV 2320mW/2805mW VDD_SOC 3645mW/3812mW
08-01-2026 01:33:49 RAM 3384/7620MB (lfb 11x2MB) SWAP 7/3810MB (cached 0MB) CPU [2%@729,1%@729,0%@729,0%@729,0%@1728,91%@1728] GR3D_FREQ 39% cpu@57.468C soc2@55.187C soc0@56.968C gpu@57.781C tj@57.781C soc1@57C VDD_IN 9028mW/9775mW VDD_CPU_GPU_CV 2320mW/2805mW VDD_SOC 3645mW/3812mW
08-01-2026 01:33:50 RAM 3384/7620MB (lfb 11x2MB) SWAP 7/3810MB (cached 0MB) CPU [1%@1728,1%@1728,1%@1728,1%@1728,0%@729,88%@729] GR3D_FREQ 22% cpu@57.375C soc2@55.093C soc0@56.937C gpu@58.187C tj@58.187C soc1@57C VDD_IN 8988mW/9774mW VDD_CPU_GPU_CV 2320mW/2804mW VDD_SOC 3645mW/3812mW
08-01-2026 01:33:51 RAM 3384/7620MB (lfb 11x2MB) SWAP 7/3810MB (cached 0MB) CPU [1%@729,0%@729,6%@729,0%@729,84%@1728,0%@1728] GR3D_FREQ 40% cpu@57.375C soc2@55.125C soc0@56.968C gpu@58.187C tj@58.187C soc1@57.093C VDD_IN 8948mW/9773mW VDD_CPU_GPU_CV 2280mW/2804mW VDD_SOC 3645mW/3811mW
08-01-2026 01:33:52 RAM 3384/7620MB (lfb 11x2MB) SWAP 7/3810MB (cached 0MB) CPU [1%@729,0%@729,0%@729,1%@729,90%@1728,0%@1728] GR3D_FREQ 21% cpu@57.375C soc2@55.187C soc0@57.093C gpu@58.125C tj@58.125C soc1@56.968C VDD_IN 8908mW/9772mW VDD_CPU_GPU_CV 2280mW/2803mW VDD_SOC 3685mW/3811mW
08-01-2026 01:33:53 RAM 3384/7620MB (lfb 11x2MB) SWAP 7/3810MB (cached 0MB) CPU [1%@729,1%@729,1%@729,0%@729,90%@1728,0%@1728] GR3D_FREQ 19% cpu@57.468C soc2@55.25C soc0@57.062C gpu@57.937C tj@57.937C soc1@56.968C VDD_IN 9068mW/9771mW VDD_CPU_GPU_CV 2320mW/2802mW VDD_SOC 3685mW/3811mW
08-01-2026 01:33:54 RAM 3384/7620MB (lfb 11x2MB) SWAP 7/3810MB (cached 0MB) CPU [1%@729,0%@729,0%@729,0%@729,90%@1728,0%@1728] GR3D_FREQ 83% cpu@57.75C soc2@55.187C soc0@56.843C gpu@57.875C tj@57.875C soc1@56.968C VDD_IN 9149mW/9771mW VDD_CPU_GPU_CV 2360mW/2802mW VDD_SOC 3685mW/3811mW
08-01-2026 01:33:55 RAM 3384/7620MB (lfb 11x2MB) SWAP 7/3810MB (cached 0MB) CPU [1%@729,0%@729,1%@729,1%@729,4%@1728,86%@1728] GR3D_FREQ 74% cpu@57.312C soc2@55.156C soc0@56.906C gpu@58.093C tj@58.093C soc1@57.062C VDD_IN 9214mW/9770mW VDD_CPU_GPU_CV 2400mW/2801mW VDD_SOC 3685mW/3811mW
08-01-2026 01:33:56 RAM 3384/7620MB (lfb 11x2MB) SWAP 7/3810MB (cached 0MB) CPU [1%@729,0%@729,0%@729,1%@729,86%@1728,3%@1728] GR3D_FREQ 99% cpu@57.281C soc2@55.125C soc0@57C gpu@58.187C tj@58.187C soc1@57.062C VDD_IN 9214mW/9769mW VDD_CPU_GPU_CV 2480mW/2801mW VDD_SOC 3685mW/3811mW
08-01-2026 01:33:57 RAM 3384/7620MB (lfb 11x2MB) SWAP 7/3810MB (cached 0MB) CPU [1%@729,0%@729,0%@729,1%@729,0%@1651,89%@1651] GR3D_FREQ 99% cpu@57.281C soc2@55.25C soc0@57.093C gpu@58.218C tj@58.218C soc1@57C VDD_IN 9374mW/9769mW VDD_CPU_GPU_CV 2520mW/2801mW VDD_SOC 3725mW/3811mW
08-01-2026 01:33:58 RAM 3384/7620MB (lfb 11x2MB) SWAP 7/3810MB (cached 0MB) CPU [2%@1267,0%@1267,1%@1267,3%@1267,0%@729,86%@729] GR3D_FREQ 99% cpu@57.625C soc2@55.281C soc0@57.062C gpu@58.562C tj@58.562C soc1@57.062C VDD_IN 9655mW/9769mW VDD_CPU_GPU_CV 2720mW/2800mW VDD_SOC 3806mW/3811mW
08-01-2026 01:33:59 RAM 3384/7620MB (lfb 11x2MB) SWAP 7/3810MB (cached 0MB) CPU [1%@960,1%@960,0%@960,89%@960,0%@729,0%@729] GR3D_FREQ 99% cpu@57.406C soc2@55.218C soc0@56.968C gpu@58.687C tj@58.687C soc1@57.031C VDD_IN 9775mW/9769mW VDD_CPU_GPU_CV 2800mW/2800mW VDD_SOC 3840mW/3811mW
08-01-2026 01:34:00 RAM 3388/7620MB (lfb 9x2MB) SWAP 7/3810MB (cached 0MB) CPU [8%@1036,4%@1036,7%@1036,88%@1036,6%@729,1%@729] GR3D_FREQ 99% cpu@57.218C soc2@55.25C soc0@57.125C gpu@58.531C tj@58.531C soc1@57.093C VDD_IN 9935mW/9769mW VDD_CPU_GPU_CV 2915mW/2801mW VDD_SOC 3880mW/3811mW
08-01-2026 01:34:01 RAM 3387/7620MB (lfb 9x2MB) SWAP 7/3810MB (cached 0MB) CPU [92%@1728,0%@1728,0%@1728,0%@1728,0%@729,0%@729] GR3D_FREQ 92% cpu@57.25C soc2@55.437C soc0@57.031C gpu@58.062C tj@58.062C soc1@57.156C VDD_IN 9229mW/9768mW VDD_CPU_GPU_CV 2400mW/2800mW VDD_SOC 3685mW/3810mW
08-01-2026 01:34:02 RAM 3387/7620MB (lfb 9x2MB) SWAP 7/3810MB (cached 0MB) CPU [91%@1728,0%@1728,0%@1728,0%@1728,1%@729,0%@729] GR3D_FREQ 82% cpu@57.531C soc2@55.375C soc0@57.062C gpu@58C tj@58C soc1@57C VDD_IN 9094mW/9767mW VDD_CPU_GPU_CV 2400mW/2800mW VDD_SOC 3685mW/3810mW
08-01-2026 01:34:03 RAM 3387/7620MB (lfb 9x2MB) SWAP 7/3810MB (cached 0MB) CPU [91%@1728,0%@1728,0%@1728,0%@1728,0%@729,0%@729] GR3D_FREQ 73% cpu@57.625C soc2@55.437C soc0@57.125C gpu@58.031C tj@58.031C soc1@56.968C VDD_IN 9214mW/9767mW VDD_CPU_GPU_CV 2440mW/2799mW VDD_SOC 3685mW/3810mW
08-01-2026 01:34:04 RAM 3387/7620MB (lfb 9x2MB) SWAP 7/3810MB (cached 0MB) CPU [90%@1728,0%@1728,0%@1728,0%@1728,0%@729,0%@729] GR3D_FREQ 93% cpu@57.625C soc2@55.312C soc0@57.187C gpu@58C tj@58C soc1@57C VDD_IN 9214mW/9766mW VDD_CPU_GPU_CV 2440mW/2799mW VDD_SOC 3685mW/3810mW
08-01-2026 01:34:05 RAM 3387/7620MB (lfb 9x2MB) SWAP 7/3810MB (cached 0MB) CPU [90%@1728,0%@1728,0%@1728,0%@1728,0%@729,0%@729] GR3D_FREQ 30% cpu@57.312C soc2@55.312C soc0@56.968C gpu@57.968C tj@57.968C soc1@57.093C VDD_IN 9149mW/9765mW VDD_CPU_GPU_CV 2360mW/2798mW VDD_SOC 3685mW/3810mW
08-01-2026 01:34:06 RAM 3387/7620MB (lfb 9x2MB) SWAP 7/3810MB (cached 0MB) CPU [90%@1728,0%@1728,1%@1728,0%@1728,0%@729,0%@729] GR3D_FREQ 79% cpu@57.468C soc2@55.312C soc0@57.062C gpu@58.031C tj@58.031C soc1@57.156C VDD_IN 9109mW/9764mW VDD_CPU_GPU_CV 2400mW/2798mW VDD_SOC 3685mW/3810mW
08-01-2026 01:34:07 RAM 3387/7620MB (lfb 9x2MB) SWAP 7/3810MB (cached 0MB) CPU [92%@1728,0%@1728,1%@1728,0%@1728,0%@729,0%@729] GR3D_FREQ 49% cpu@57.593C soc2@55.375C soc0@57.156C gpu@58.312C tj@58.312C soc1@57C VDD_IN 9229mW/9764mW VDD_CPU_GPU_CV 2440mW/2797mW VDD_SOC 3685mW/3810mW
08-01-2026 01:34:08 RAM 3387/7620MB (lfb 9x2MB) SWAP 7/3810MB (cached 0MB) CPU [89%@1728,0%@1728,0%@1728,0%@1728,0%@729,0%@729] GR3D_FREQ 40% cpu@57.375C soc2@55.187C soc0@57.125C gpu@58.25C tj@58.25C soc1@57.093C VDD_IN 9109mW/9763mW VDD_CPU_GPU_CV 2360mW/2797mW VDD_SOC 3685mW/3809mW
08-01-2026 01:34:09 RAM 3387/7620MB (lfb 9x2MB) SWAP 7/3810MB (cached 0MB) CPU [88%@729,0%@729,0%@729,0%@729,2%@1728,0%@1728] GR3D_FREQ 30% cpu@57.531C soc2@55.312C soc0@56.937C gpu@58.406C tj@58.406C soc1@57C VDD_IN 9109mW/9762mW VDD_CPU_GPU_CV 2360mW/2796mW VDD_SOC 3685mW/3809mW
08-01-2026 01:34:10 RAM 3387/7620MB (lfb 9x2MB) SWAP 7/3810MB (cached 0MB) CPU [1%@729,0%@729,0%@729,0%@729,89%@1728,0%@1728] GR3D_FREQ 59% cpu@57.5C soc2@55.156C soc0@57.031C gpu@58.187C tj@58.187C soc1@57.093C VDD_IN 9054mW/9761mW VDD_CPU_GPU_CV 2400mW/2796mW VDD_SOC 3685mW/3809mW
08-01-2026 01:34:11 RAM 3387/7620MB (lfb 9x2MB) SWAP 7/3810MB (cached 0MB) CPU [2%@729,1%@729,0%@729,1%@729,90%@1728,0%@1728] GR3D_FREQ 92% cpu@57.468C soc2@55.218C soc0@57C gpu@58.062C tj@58.062C soc1@57.125C VDD_IN 9068mW/9760mW VDD_CPU_GPU_CV 2400mW/2795mW VDD_SOC 3685mW/3809mW
08-01-2026 01:34:12 RAM 3387/7620MB (lfb 9x2MB) SWAP 7/3810MB (cached 0MB) CPU [2%@729,1%@729,0%@729,1%@729,90%@1728,0%@1728] GR3D_FREQ 83% cpu@57.625C soc2@55.312C soc0@57.093C gpu@58.093C tj@58.093C soc1@57C VDD_IN 9214mW/9760mW VDD_CPU_GPU_CV 2440mW/2795mW VDD_SOC 3685mW/3809mW
08-01-2026 01:34:13 RAM 3387/7620MB (lfb 9x2MB) SWAP 7/3810MB (cached 0MB) CPU [1%@729,0%@729,0%@729,0%@729,90%@1728,0%@1728] GR3D_FREQ 99% cpu@57.531C soc2@55.25C soc0@56.968C gpu@58.031C tj@58.031C soc1@57.031C VDD_IN 9229mW/9759mW VDD_CPU_GPU_CV 2400mW/2794mW VDD_SOC 3685mW/3809mW
08-01-2026 01:34:14 RAM 3387/7620MB (lfb 9x2MB) SWAP 7/3810MB (cached 0MB) CPU [2%@729,0%@729,0%@729,0%@729,89%@1728,0%@1728] GR3D_FREQ 91% cpu@57.781C soc2@55.25C soc0@57.031C gpu@58.062C tj@58.062C soc1@57.062C VDD_IN 9189mW/9758mW VDD_CPU_GPU_CV 2400mW/2794mW VDD_SOC 3725mW/3809mW
08-01-2026 01:34:15 RAM 3387/7620MB (lfb 9x2MB) SWAP 7/3810MB (cached 0MB) CPU [2%@729,0%@729,0%@729,0%@729,90%@1728,0%@1728] GR3D_FREQ 99% cpu@57.25C soc2@55.343C soc0@57.031C gpu@58.437C tj@58.437C soc1@57.125C VDD_IN 9214mW/9758mW VDD_CPU_GPU_CV 2440mW/2793mW VDD_SOC 3725mW/3808mW
08-01-2026 01:34:16 RAM 3387/7620MB (lfb 9x2MB) SWAP 7/3810MB (cached 0MB) CPU [1%@729,1%@729,0%@729,0%@729,90%@1728,0%@1728] GR3D_FREQ 99% cpu@57.25C soc2@55.312C soc0@57C gpu@58.5C tj@58.5C soc1@57C VDD_IN 9334mW/9757mW VDD_CPU_GPU_CV 2440mW/2793mW VDD_SOC 3725mW/3808mW
08-01-2026 01:34:17 RAM 3387/7620MB (lfb 9x2MB) SWAP 7/3810MB (cached 0MB) CPU [2%@729,0%@729,1%@729,0%@729,89%@1497,0%@1497] GR3D_FREQ 99% cpu@57.25C soc2@55.218C soc0@57.031C gpu@58.656C tj@58.656C soc1@57.062C VDD_IN 9535mW/9757mW VDD_CPU_GPU_CV 2520mW/2793mW VDD_SOC 3766mW/3808mW
08-01-2026 01:34:18 RAM 3387/7620MB (lfb 9x2MB) SWAP 7/3810MB (cached 0MB) CPU [1%@729,0%@729,0%@729,0%@729,90%@1190,0%@1190] GR3D_FREQ 99% cpu@57.531C soc2@55.218C soc0@57.031C gpu@58.406C tj@58.406C soc1@57C VDD_IN 9695mW/9757mW VDD_CPU_GPU_CV 2640mW/2792mW VDD_SOC 3760mW/3808mW
08-01-2026 01:34:19 RAM 3387/7620MB (lfb 9x2MB) SWAP 7/3810MB (cached 0MB) CPU [1%@729,0%@729,0%@729,0%@729,90%@960,0%@960] GR3D_FREQ 99% cpu@57.25C soc2@55.25C soc0@57C gpu@58.437C tj@58.437C soc1@57.125C VDD_IN 9615mW/9757mW VDD_CPU_GPU_CV 2680mW/2792mW VDD_SOC 3846mW/3808mW
08-01-2026 01:34:20 RAM 3387/7620MB (lfb 9x2MB) SWAP 7/3810MB (cached 0MB) CPU [2%@729,0%@729,0%@729,0%@729,89%@883,0%@883] GR3D_FREQ 99% cpu@57.281C soc2@55.25C soc0@57.093C gpu@58.406C tj@58.406C soc1@57C VDD_IN 9535mW/9756mW VDD_CPU_GPU_CV 2760mW/2792mW VDD_SOC 3846mW/3808mW
08-01-2026 01:34:21 RAM 3387/7620MB (lfb 9x2MB) SWAP 7/3810MB (cached 0MB) CPU [1%@729,0%@729,0%@729,0%@729,89%@1420,0%@1420] GR3D_FREQ 99% cpu@57.343C soc2@55.218C soc0@57C gpu@58.406C tj@58.406C soc1@57C VDD_IN 9695mW/9756mW VDD_CPU_GPU_CV 2720mW/2792mW VDD_SOC 3840mW/3808mW
08-01-2026 01:34:22 RAM 3387/7620MB (lfb 9x2MB) SWAP 7/3810MB (cached 0MB) CPU [0%@729,0%@729,0%@729,1%@729,90%@960,0%@960] GR3D_FREQ 99% cpu@57.281C soc2@55.312C soc0@57.031C gpu@58.5C tj@58.5C soc1@57.156C VDD_IN 9775mW/9756mW VDD_CPU_GPU_CV 2760mW/2792mW VDD_SOC 3880mW/3808mW
08-01-2026 01:34:23 RAM 3387/7620MB (lfb 9x2MB) SWAP 7/3810MB (cached 0MB) CPU [1%@729,0%@729,0%@729,0%@729,90%@1420,0%@1420] GR3D_FREQ 99% cpu@57.187C soc2@55.25C soc0@57C gpu@58C tj@58C soc1@57.125C VDD_IN 9214mW/9756mW VDD_CPU_GPU_CV 2440mW/2792mW VDD_SOC 3725mW/3808mW
08-01-2026 01:34:24 RAM 3387/7620MB (lfb 9x2MB) SWAP 7/3810MB (cached 0MB) CPU [3%@729,0%@729,0%@729,1%@729,89%@1497,0%@1497] GR3D_FREQ 99% cpu@57.218C soc2@55.281C soc0@57.125C gpu@58.25C tj@58.25C soc1@56.968C VDD_IN 9254mW/9755mW VDD_CPU_GPU_CV 2480mW/2791mW VDD_SOC 3725mW/3808mW
08-01-2026 01:34:25 RAM 3387/7620MB (lfb 9x2MB) SWAP 7/3810MB (cached 0MB) CPU [0%@729,0%@729,1%@729,0%@729,89%@1267,0%@1267] GR3D_FREQ 99% cpu@57.437C soc2@55.187C soc0@57C gpu@58.218C tj@58.218C soc1@57C VDD_IN 9334mW/9755mW VDD_CPU_GPU_CV 2520mW/2791mW VDD_SOC 3766mW/3808mW
08-01-2026 01:34:26 RAM 3387/7620MB (lfb 9x2MB) SWAP 7/3810MB (cached 0MB) CPU [1%@729,0%@729,0%@729,1%@729,90%@1190,0%@1190] GR3D_FREQ 99% cpu@57.25C soc2@55.187C soc0@56.906C gpu@58.312C tj@58.312C soc1@57.062C VDD_IN 9535mW/9754mW VDD_CPU_GPU_CV 2640mW/2791mW VDD_SOC 3806mW/3808mW
08-01-2026 01:34:27 RAM 3387/7620MB (lfb 9x2MB) SWAP 7/3810MB (cached 0MB) CPU [1%@729,0%@729,0%@729,0%@729,90%@960,0%@960] GR3D_FREQ 99% cpu@57.25C soc2@55.312C soc0@57.031C gpu@58.437C tj@58.437C soc1@57.062C VDD_IN 9735mW/9754mW VDD_CPU_GPU_CV 2720mW/2791mW VDD_SOC 3846mW/3808mW
08-01-2026 01:34:28 RAM 3387/7620MB (lfb 9x2MB) SWAP 7/3810MB (cached 0MB) CPU [2%@1036,0%@1036,0%@1036,3%@1036,85%@729,1%@729] GR3D_FREQ 99% cpu@57.312C soc2@55.312C soc0@57.031C gpu@58.437C tj@58.437C soc1@57C VDD_IN 9895mW/9755mW VDD_CPU_GPU_CV 2755mW/2791mW VDD_SOC 3920mW/3808mW
08-01-2026 01:34:29 RAM 3387/7620MB (lfb 9x2MB) SWAP 7/3810MB (cached 0MB) CPU [3%@1113,2%@1113,0%@1113,86%@1113,0%@729,0%@729] GR3D_FREQ 99% cpu@57.281C soc2@55.281C soc0@57.156C gpu@58.5C tj@58.5C soc1@56.968C VDD_IN 9895mW/9755mW VDD_CPU_GPU_CV 2795mW/2791mW VDD_SOC 3880mW/3808mW
08-01-2026 01:34:30 RAM 3387/7620MB (lfb 9x2MB) SWAP 7/3810MB (cached 0MB) CPU [91%@1574,0%@1574,0%@1574,0%@1574,0%@729,0%@729] GR3D_FREQ 99% cpu@57.406C soc2@55.312C soc0@57.031C gpu@58.281C tj@58.281C soc1@57.062C VDD_IN 9294mW/9754mW VDD_CPU_GPU_CV 2520mW/2790mW VDD_SOC 3766mW/3808mW
08-01-2026 01:34:31 RAM 3387/7620MB (lfb 9x2MB) SWAP 7/3810MB (cached 0MB) CPU [91%@1574,0%@1574,1%@1574,0%@1574,0%@729,0%@729] GR3D_FREQ 99% cpu@57.187C soc2@55.375C soc0@56.937C gpu@58.625C tj@58.625C soc1@57.062C VDD_IN 9455mW/9754mW VDD_CPU_GPU_CV 2640mW/2790mW VDD_SOC 3766mW/3808mW
08-01-2026 01:34:32 RAM 3387/7620MB (lfb 9x2MB) SWAP 7/3810MB (cached 0MB) CPU [91%@1497,0%@1497,0%@1497,0%@1497,0%@729,0%@729] GR3D_FREQ 99% cpu@57.156C soc2@55.312C soc0@57.031C gpu@58.437C tj@58.437C soc1@57.187C VDD_IN 9334mW/9753mW VDD_CPU_GPU_CV 2520mW/2790mW VDD_SOC 3725mW/3808mW
08-01-2026 01:34:33 RAM 3387/7620MB (lfb 9x2MB) SWAP 7/3810MB (cached 0MB) CPU [91%@1574,0%@1574,0%@1574,0%@1574,0%@729,0%@729] GR3D_FREQ 99% cpu@57.343C soc2@55.343C soc0@57.031C gpu@58.5C tj@58.5C soc1@57.031C VDD_IN 9455mW/9753mW VDD_CPU_GPU_CV 2560mW/2790mW VDD_SOC 3766mW/3808mW
08-01-2026 01:34:34 RAM 3387/7620MB (lfb 9x2MB) SWAP 7/3810MB (cached 0MB) CPU [91%@1497,0%@1497,1%@1497,1%@1497,0%@729,0%@729] GR3D_FREQ 99% cpu@57.312C soc2@55.312C soc0@57.031C gpu@58.375C tj@58.375C soc1@57.093C VDD_IN 9374mW/9753mW VDD_CPU_GPU_CV 2480mW/2789mW VDD_SOC 3725mW/3808mW
08-01-2026 01:34:35 RAM 3387/7620MB (lfb 9x2MB) SWAP 7/3810MB (cached 0MB) CPU [91%@1728,0%@1728,0%@1728,1%@1728,0%@729,0%@729] GR3D_FREQ 99% cpu@57.531C soc2@55.375C soc0@57C gpu@58.406C tj@58.406C soc1@57.062C VDD_IN 9294mW/9752mW VDD_CPU_GPU_CV 2480mW/2789mW VDD_SOC 3685mW/3808mW
08-01-2026 01:34:36 RAM 3387/7620MB (lfb 9x2MB) SWAP 7/3810MB (cached 0MB) CPU [91%@1728,0%@1728,0%@1728,0%@1728,0%@729,0%@729] GR3D_FREQ 99% cpu@57.218C soc2@55.343C soc0@57.031C gpu@58.218C tj@58.218C soc1@57.125C VDD_IN 9254mW/9751mW VDD_CPU_GPU_CV 2480mW/2789mW VDD_SOC 3725mW/3808mW
08-01-2026 01:34:37 RAM 3387/7620MB (lfb 9x2MB) SWAP 7/3810MB (cached 0MB) CPU [88%@1728,3%@1728,0%@1728,1%@1728,0%@729,0%@729] GR3D_FREQ 94% cpu@57.25C soc2@55.312C soc0@57.125C gpu@58.062C tj@58.062C soc1@57.25C VDD_IN 9229mW/9751mW VDD_CPU_GPU_CV 2400mW/2788mW VDD_SOC 3685mW/3808mW
08-01-2026 01:34:38 RAM 3387/7620MB (lfb 9x2MB) SWAP 7/3810MB (cached 0MB) CPU [4%@1651,86%@1651,0%@1651,0%@1651,0%@729,0%@729] GR3D_FREQ 99% cpu@57.25C soc2@55.375C soc0@57.093C gpu@58.218C tj@58.218C soc1@57C VDD_IN 9374mW/9750mW VDD_CPU_GPU_CV 2520mW/2788mW VDD_SOC 3725mW/3808mW
08-01-2026 01:34:39 RAM 3387/7620MB (lfb 9x2MB) SWAP 7/3810MB (cached 0MB) CPU [91%@1574,0%@1574,0%@1574,0%@1574,0%@729,0%@729] GR3D_FREQ 99% cpu@57.25C soc2@55.281C soc0@56.906C gpu@58.437C tj@58.437C soc1@57.031C VDD_IN 9495mW/9750mW VDD_CPU_GPU_CV 2600mW/2788mW VDD_SOC 3766mW/3808mW
08-01-2026 01:34:40 RAM 3387/7620MB (lfb 9x2MB) SWAP 7/3810MB (cached 0MB) CPU [91%@1420,0%@1420,0%@1420,0%@1420,0%@729,0%@729] GR3D_FREQ 99% cpu@57.468C soc2@55.375C soc0@57C gpu@58.187C tj@58.187C soc1@57.062C VDD_IN 9415mW/9750mW VDD_CPU_GPU_CV 2480mW/2787mW VDD_SOC 3766mW/3808mW
08-01-2026 01:34:41 RAM 3387/7620MB (lfb 9x2MB) SWAP 7/3810MB (cached 0MB) CPU [91%@1728,0%@1728,0%@1728,0%@1728,0%@729,0%@729] GR3D_FREQ 99% cpu@57.312C soc2@55.343C soc0@57C gpu@58.156C tj@58.156C soc1@57.125C VDD_IN 9309mW/9749mW VDD_CPU_GPU_CV 2440mW/2787mW VDD_SOC 3725mW/3807mW
08-01-2026 01:34:42 RAM 3387/7620MB (lfb 9x2MB) SWAP 7/3810MB (cached 0MB) CPU [88%@1728,0%@1728,0%@1728,4%@1728,0%@729,0%@729] GR3D_FREQ 99% cpu@57.25C soc2@55.343C soc0@57.062C gpu@58.843C tj@58.843C soc1@57.187C VDD_IN 9455mW/9749mW VDD_CPU_GPU_CV 2560mW/2786mW VDD_SOC 3766mW/3807mW
08-01-2026 01:34:43 RAM 3387/7620MB (lfb 9x2MB) SWAP 7/3810MB (cached 0MB) CPU [1%@1267,0%@1267,1%@1267,89%@1267,0%@729,0%@729] GR3D_FREQ 99% cpu@57.406C soc2@55.312C soc0@57.031C gpu@58.781C tj@58.781C soc1@56.968C VDD_IN 9695mW/9749mW VDD_CPU_GPU_CV 2640mW/2786mW VDD_SOC 3800mW/3807mW
08-01-2026 01:34:44 RAM 3387/7620MB (lfb 9x2MB) SWAP 7/3810MB (cached 0MB) CPU [2%@1036,0%@1036,0%@1036,89%@1036,0%@729,0%@729] GR3D_FREQ 99% cpu@57.406C soc2@55.312C soc0@56.968C gpu@58.906C tj@58.906C soc1@56.968C VDD_IN 9655mW/9749mW VDD_CPU_GPU_CV 2720mW/2786mW VDD_SOC 3886mW/3807mW
08-01-2026 01:34:45 RAM 3387/7620MB (lfb 9x2MB) SWAP 7/3810MB (cached 0MB) CPU [1%@960,0%@960,0%@960,89%@960,0%@729,0%@729] GR3D_FREQ 99% cpu@57.562C soc2@55.312C soc0@56.968C gpu@58.468C tj@58.468C soc1@57.062C VDD_IN 9935mW/9749mW VDD_CPU_GPU_CV 2880mW/2786mW VDD_SOC 3880mW/3808mW
08-01-2026 01:34:46 RAM 3387/7620MB (lfb 9x2MB) SWAP 7/3810MB (cached 0MB) CPU [1%@1267,0%@1267,0%@1267,89%@1267,0%@729,0%@729] GR3D_FREQ 99% cpu@57.25C soc2@55.281C soc0@57.031C gpu@58.343C tj@58.343C soc1@57.093C VDD_IN 9455mW/9748mW VDD_CPU_GPU_CV 2640mW/2786mW VDD_SOC 3806mW/3808mW
08-01-2026 01:34:47 RAM 3387/7620MB (lfb 9x2MB) SWAP 7/3810MB (cached 0MB) CPU [89%@1267,0%@1267,0%@1267,2%@1267,0%@729,0%@729] GR3D_FREQ 99% cpu@57.281C soc2@55.312C soc0@57.062C gpu@58.125C tj@58.218C soc1@57C VDD_IN 9374mW/9748mW VDD_CPU_GPU_CV 2520mW/2786mW VDD_SOC 3766mW/3808mW
08-01-2026 01:34:48 RAM 3387/7620MB (lfb 9x2MB) SWAP 7/3810MB (cached 0MB) CPU [90%@1651,0%@1651,0%@1651,0%@1651,0%@729,0%@729] GR3D_FREQ 99% cpu@57.25C soc2@55.375C soc0@57.187C gpu@58.437C tj@58.437C soc1@57C VDD_IN 9334mW/9748mW VDD_CPU_GPU_CV 2480mW/2786mW VDD_SOC 3766mW/3807mW
08-01-2026 01:34:49 RAM 3387/7620MB (lfb 9x2MB) SWAP 7/3810MB (cached 0MB) CPU [91%@1651,0%@1651,0%@1651,1%@1651,0%@729,0%@729] GR3D_FREQ 99% cpu@57.312C soc2@55.312C soc0@57.031C gpu@58.187C tj@58.187C soc1@57.031C VDD_IN 9334mW/9747mW VDD_CPU_GPU_CV 2480mW/2785mW VDD_SOC 3725mW/3807mW
08-01-2026 01:34:50 RAM 3387/7620MB (lfb 9x2MB) SWAP 7/3810MB (cached 0MB) CPU [92%@1728,0%@1728,0%@1728,0%@1728,0%@729,0%@729] GR3D_FREQ 99% cpu@57.656C soc2@55.312C soc0@57.031C gpu@58.187C tj@58.187C soc1@57.125C VDD_IN 9254mW/9746mW VDD_CPU_GPU_CV 2440mW/2785mW VDD_SOC 3685mW/3807mW
08-01-2026 01:34:51 RAM 3387/7620MB (lfb 9x2MB) SWAP 7/3810MB (cached 0MB) CPU [87%@1728,0%@1728,1%@1728,4%@1728,0%@729,0%@729] GR3D_FREQ 99% cpu@57.343C soc2@55.312C soc0@57C gpu@58.437C tj@58.437C soc1@57.093C VDD_IN 9334mW/9746mW VDD_CPU_GPU_CV 2520mW/2784mW VDD_SOC 3725mW/3807mW
08-01-2026 01:34:52 RAM 3387/7620MB (lfb 9x2MB) SWAP 7/3810MB (cached 0MB) CPU [0%@1420,0%@1420,0%@1420,89%@1420,0%@729,0%@729] GR3D_FREQ 99% cpu@57.25C soc2@55.312C soc0@57.031C gpu@58.437C tj@58.437C soc1@57.156C VDD_IN 9495mW/9746mW VDD_CPU_GPU_CV 2560mW/2784mW VDD_SOC 3766mW/3807mW
08-01-2026 01:34:53 RAM 3387/7620MB (lfb 9x2MB) SWAP 7/3810MB (cached 0MB) CPU [2%@1420,0%@1420,1%@1420,90%@1420,0%@729,0%@729] GR3D_FREQ 99% cpu@57.406C soc2@55.312C soc0@56.968C gpu@58.375C tj@58.375C soc1@57C VDD_IN 9415mW/9745mW VDD_CPU_GPU_CV 2560mW/2784mW VDD_SOC 3806mW/3807mW
08-01-2026 01:34:54 RAM 3387/7620MB (lfb 9x2MB) SWAP 7/3810MB (cached 0MB) CPU [0%@1574,0%@1574,0%@1574,89%@1574,0%@729,0%@729] GR3D_FREQ 99% cpu@57.312C soc2@55.25C soc0@56.968C gpu@58.593C tj@58.593C soc1@57C VDD_IN 9695mW/9745mW VDD_CPU_GPU_CV 2720mW/2784mW VDD_SOC 3806mW/3807mW
08-01-2026 01:34:55 RAM 3387/7620MB (lfb 9x2MB) SWAP 7/3810MB (cached 0MB) CPU [1%@960,0%@960,0%@960,90%@960,0%@729,0%@729] GR3D_FREQ 99% cpu@57.437C soc2@55.25C soc0@56.906C gpu@58.531C tj@58.531C soc1@57.062C VDD_IN 9815mW/9745mW VDD_CPU_GPU_CV 2675mW/2784mW VDD_SOC 3880mW/3807mW
08-01-2026 01:34:56 RAM 3387/7620MB (lfb 9x2MB) SWAP 7/3810MB (cached 0MB) CPU [2%@729,0%@729,0%@729,89%@729,0%@729,0%@729] GR3D_FREQ 99% cpu@57.281C soc2@55.312C soc0@56.968C gpu@58.531C tj@58.531C soc1@57.031C VDD_IN 10016mW/9746mW VDD_CPU_GPU_CV 2795mW/2784mW VDD_SOC 3920mW/3807mW
08-01-2026 01:34:57 RAM 3387/7620MB (lfb 9x2MB) SWAP 7/3810MB (cached 0MB) CPU [1%@806,0%@806,0%@806,90%@806,0%@729,0%@729] GR3D_FREQ 99% cpu@57.343C soc2@55.281C soc0@57.125C gpu@58.531C tj@58.531C soc1@56.906C VDD_IN 10016mW/9746mW VDD_CPU_GPU_CV 2835mW/2784mW VDD_SOC 3920mW/3807mW
08-01-2026 01:34:58 RAM 3387/7620MB (lfb 9x2MB) SWAP 7/3810MB (cached 0MB) CPU [1%@1728,1%@1728,0%@1728,90%@1728,0%@729,0%@729] GR3D_FREQ 93% cpu@57.656C soc2@55.437C soc0@57.156C gpu@58.781C tj@58.781C soc1@57C VDD_IN 10336mW/9747mW VDD_CPU_GPU_CV 3035mW/2784mW VDD_SOC 3960mW/3808mW
08-01-2026 01:34:59 RAM 3387/7620MB (lfb 9x2MB) SWAP 7/3810MB (cached 0MB) CPU [0%@1728,0%@1728,0%@1728,91%@1728,0%@729,0%@729] GR3D_FREQ 94% cpu@57.468C soc2@55.312C soc0@57.187C gpu@58.781C tj@58.781C soc1@57.031C VDD_IN 10280mW/9747mW VDD_CPU_GPU_CV 3115mW/2784mW VDD_SOC 4000mW/3808mW
08-01-2026 01:35:00 RAM 3387/7620MB (lfb 9x2MB) SWAP 7/3810MB (cached 0MB) CPU [1%@1728,0%@1728,0%@1728,90%@1728,0%@729,0%@729] GR3D_FREQ 84% cpu@57.718C soc2@55.312C soc0@57.062C gpu@59C tj@59C soc1@57.093C VDD_IN 10320mW/9748mW VDD_CPU_GPU_CV 3154mW/2785mW VDD_SOC 4000mW/3808mW
08-01-2026 01:35:01 RAM 3387/7620MB (lfb 9x2MB) SWAP 7/3810MB (cached 0MB) CPU [2%@1267,1%@1267,0%@1267,90%@1267,0%@729,0%@729] GR3D_FREQ 89% cpu@57.5C soc2@55.375C soc0@57.062C gpu@59.218C tj@59.218C soc1@57.156C VDD_IN 10680mW/9749mW VDD_CPU_GPU_CV 3314mW/2786mW VDD_SOC 4040mW/3808mW
08-01-2026 01:35:02 RAM 3387/7620MB (lfb 9x2MB) SWAP 7/3810MB (cached 0MB) CPU [0%@1036,0%@1036,0%@1036,89%@1036,0%@729,1%@729] GR3D_FREQ 99% cpu@57.5C soc2@55.343C soc0@57.093C gpu@59.437C tj@59.437C soc1@57.031C VDD_IN 10920mW/9750mW VDD_CPU_GPU_CV 3474mW/2786mW VDD_SOC 4073mW/3809mW
08-01-2026 01:35:03 RAM 3387/7620MB (lfb 9x2MB) SWAP 7/3810MB (cached 0MB) CPU [2%@960,0%@960,0%@960,89%@960,0%@729,0%@729] GR3D_FREQ 99% cpu@57.593C soc2@55.343C soc0@57.156C gpu@59.468C tj@59.468C soc1@57.125C VDD_IN 11120mW/9752mW VDD_CPU_GPU_CV 3628mW/2787mW VDD_SOC 4153mW/3809mW
08-01-2026 01:35:04 RAM 3387/7620MB (lfb 9x2MB) SWAP 7/3810MB (cached 0MB) CPU [1%@1651,1%@1651,0%@1651,90%@1651,0%@729,0%@729] GR3D_FREQ 99% cpu@57.437C soc2@55.406C soc0@56.906C gpu@59.562C tj@59.562C soc1@57.062C VDD_IN 11261mW/9754mW VDD_CPU_GPU_CV 3787mW/2788mW VDD_SOC 4193mW/3809mW
08-01-2026 01:35:05 RAM 3387/7620MB (lfb 9x2MB) SWAP 7/3810MB (cached 0MB) CPU [1%@1651,0%@1651,0%@1651,91%@1651,0%@729,0%@729] GR3D_FREQ 55% cpu@57.718C soc2@55.406C soc0@57.062C gpu@59.406C tj@59.406C soc1@57.062C VDD_IN 11360mW/9755mW VDD_CPU_GPU_CV 3668mW/2789mW VDD_SOC 4153mW/3810mW
08-01-2026 01:35:06 RAM 3387/7620MB (lfb 9x2MB) SWAP 7/3810MB (cached 0MB) CPU [1%@1574,0%@1574,1%@1574,89%@1574,0%@729,1%@729] GR3D_FREQ 82% cpu@57.437C soc2@55.375C soc0@57.062C gpu@58.968C tj@58.968C soc1@57.062C VDD_IN 11360mW/9757mW VDD_CPU_GPU_CV 3668mW/2790mW VDD_SOC 4153mW/3810mW
08-01-2026 01:35:07 RAM 3387/7620MB (lfb 9x2MB) SWAP 7/3810MB (cached 0MB) CPU [1%@1651,0%@1651,0%@1651,90%@1651,0%@729,0%@729] GR3D_FREQ 28% cpu@57.593C soc2@55.5C soc0@57.031C gpu@58.968C tj@58.968C soc1@57C VDD_IN 11320mW/9759mW VDD_CPU_GPU_CV 3708mW/2791mW VDD_SOC 4193mW/3811mW
08-01-2026 01:35:08 RAM 3387/7620MB (lfb 9x2MB) SWAP 7/3810MB (cached 0MB) CPU [1%@1651,1%@1651,0%@1651,90%@1651,0%@729,0%@729] GR3D_FREQ 29% cpu@57.781C soc2@55.406C soc0@57.187C gpu@58.843C tj@58.843C soc1@57.062C VDD_IN 11440mW/9761mW VDD_CPU_GPU_CV 3747mW/2793mW VDD_SOC 4153mW/3811mW
08-01-2026 01:35:09 RAM 3387/7620MB (lfb 9x2MB) SWAP 7/3810MB (cached 0MB) CPU [1%@1574,0%@1574,2%@1574,90%@1574,0%@729,0%@729] GR3D_FREQ 30% cpu@57.625C soc2@55.375C soc0@57.093C gpu@58.875C tj@58.875C soc1@56.968C VDD_IN 11320mW/9763mW VDD_CPU_GPU_CV 3708mW/2794mW VDD_SOC 4153mW/3811mW
08-01-2026 01:35:10 RAM 3387/7620MB (lfb 9x2MB) SWAP 7/3810MB (cached 0MB) CPU [0%@1651,0%@1651,0%@1651,90%@1651,0%@729,0%@729] GR3D_FREQ 32% cpu@57.875C soc2@55.437C soc0@57.093C gpu@58.75C tj@58.75C soc1@57.093C VDD_IN 11301mW/9765mW VDD_CPU_GPU_CV 3827mW/2795mW VDD_SOC 4153mW/3812mW
08-01-2026 01:35:11 RAM 3387/7620MB (lfb 9x2MB) SWAP 7/3810MB (cached 0MB) CPU [1%@1651,0%@1651,0%@1651,90%@1651,0%@729,0%@729] GR3D_FREQ 35% cpu@57.562C soc2@55.5C soc0@57.062C gpu@58.781C tj@58.781C soc1@57.125C VDD_IN 11400mW/9766mW VDD_CPU_GPU_CV 3747mW/2796mW VDD_SOC 4153mW/3812mW
08-01-2026 01:35:12 RAM 3387/7620MB (lfb 9x2MB) SWAP 7/3810MB (cached 0MB) CPU [2%@1574,0%@1574,0%@1574,90%@1574,0%@729,0%@729] GR3D_FREQ 32% cpu@57.656C soc2@55.375C soc0@57.062C gpu@58.656C tj@58.656C soc1@56.968C VDD_IN 11280mW/9768mW VDD_CPU_GPU_CV 3668mW/2797mW VDD_SOC 4153mW/3813mW
08-01-2026 01:35:13 RAM 3387/7620MB (lfb 9x2MB) SWAP 7/3810MB (cached 0MB) CPU [0%@1651,0%@1651,0%@1651,87%@1651,0%@729,0%@729] GR3D_FREQ 30% cpu@57.468C soc2@55.375C soc0@57C gpu@58.593C tj@58.593C soc1@56.937C VDD_IN 10840mW/9769mW VDD_CPU_GPU_CV 3154mW/2797mW VDD_SOC 4113mW/3813mW
08-01-2026 01:35:14 RAM 3387/7620MB (lfb 9x2MB) SWAP 7/3810MB (cached 0MB) CPU [1%@1651,1%@1651,0%@1651,90%@1651,1%@729,0%@729] GR3D_FREQ 28% cpu@57.718C soc2@55.343C soc0@57.218C gpu@58.75C tj@58.75C soc1@57.062C VDD_IN 11240mW/9771mW VDD_CPU_GPU_CV 3708mW/2798mW VDD_SOC 4153mW/3813mW
08-01-2026 01:35:15 RAM 3387/7620MB (lfb 9x2MB) SWAP 7/3810MB (cached 0MB) CPU [1%@1651,9%@1728,0%@1728,81%@1728,0%@729,0%@729] GR3D_FREQ 29% cpu@57.656C soc2@55.406C soc0@56.937C gpu@58.75C tj@58.75C soc1@57.031C VDD_IN 11360mW/9773mW VDD_CPU_GPU_CV 3708mW/2799mW VDD_SOC 4153mW/3814mW
08-01-2026 01:35:16 RAM 3387/7620MB (lfb 9x2MB) SWAP 7/3810MB (cached 0MB) CPU [1%@1651,80%@1651,11%@1651,0%@1651,0%@729,0%@729] GR3D_FREQ 32% cpu@57.75C soc2@55.468C soc0@57.125C gpu@58.593C tj@58.593C soc1@57.218C VDD_IN 11280mW/9774mW VDD_CPU_GPU_CV 3708mW/2800mW VDD_SOC 4153mW/3814mW
08-01-2026 01:35:17 RAM 3387/7620MB (lfb 9x2MB) SWAP 7/3810MB (cached 0MB) CPU [1%@1651,0%@1651,80%@1651,10%@1651,0%@729,0%@729] GR3D_FREQ 36% cpu@57.625C soc2@55.468C soc0@57C gpu@58.562C tj@58.562C soc1@57C VDD_IN 11280mW/9776mW VDD_CPU_GPU_CV 3708mW/2801mW VDD_SOC 4153mW/3814mW
08-01-2026 01:35:18 RAM 3387/7620MB (lfb 9x2MB) SWAP 7/3810MB (cached 0MB) CPU [1%@1651,0%@1651,0%@1651,90%@1651,0%@729,0%@729] GR3D_FREQ 36% cpu@57.781C soc2@55.375C soc0@57.062C gpu@58.562C tj@58.562C soc1@57.031C VDD_IN 11280mW/9778mW VDD_CPU_GPU_CV 3668mW/2802mW VDD_SOC 4193mW/3815mW
08-01-2026 01:35:19 RAM 3387/7620MB (lfb 9x2MB) SWAP 7/3810MB (cached 0MB) CPU [2%@1651,0%@1651,0%@1651,90%@1651,0%@729,0%@729] GR3D_FREQ 41% cpu@57.718C soc2@55.343C soc0@57.156C gpu@58.562C tj@58.718C soc1@57.031C VDD_IN 11182mW/9779mW VDD_CPU_GPU_CV 3708mW/2803mW VDD_SOC 4153mW/3815mW
08-01-2026 01:35:20 RAM 3387/7620MB (lfb 9x2MB) SWAP 7/3810MB (cached 0MB) CPU [0%@1728,0%@1728,0%@1728,90%@1728,0%@729,0%@729] GR3D_FREQ 42% cpu@57.843C soc2@55.375C soc0@57.156C gpu@58.718C tj@58.718C soc1@57.125C VDD_IN 11360mW/9781mW VDD_CPU_GPU_CV 3747mW/2804mW VDD_SOC 4193mW/3816mW
08-01-2026 01:35:21 RAM 3387/7620MB (lfb 9x2MB) SWAP 7/3810MB (cached 0MB) CPU [1%@1728,0%@1728,0%@1728,90%@1728,0%@729,0%@729] GR3D_FREQ 42% cpu@57.625C soc2@55.375C soc0@57C gpu@58.718C tj@58.718C soc1@57.125C VDD_IN 11280mW/9783mW VDD_CPU_GPU_CV 3708mW/2805mW VDD_SOC 4153mW/3816mW
08-01-2026 01:35:22 RAM 3387/7620MB (lfb 9x2MB) SWAP 7/3810MB (cached 0MB) CPU [2%@1728,0%@1728,0%@1728,90%@1728,0%@729,0%@729] GR3D_FREQ 44% cpu@57.593C soc2@55.406C soc0@57.125C gpu@58.687C tj@58.687C soc1@56.968C VDD_IN 11280mW/9785mW VDD_CPU_GPU_CV 3668mW/2806mW VDD_SOC 4113mW/3816mW
08-01-2026 01:35:23 RAM 3387/7620MB (lfb 9x2MB) SWAP 7/3810MB (cached 0MB) CPU [15%@1728,0%@1728,1%@1728,76%@1728,0%@729,0%@729] GR3D_FREQ 45% cpu@57.656C soc2@55.656C soc0@57.187C gpu@58.75C tj@58.75C soc1@57C VDD_IN 11320mW/9786mW VDD_CPU_GPU_CV 3668mW/2807mW VDD_SOC 4153mW/3817mW
08-01-2026 01:35:24 RAM 3387/7620MB (lfb 9x2MB) SWAP 7/3810MB (cached 0MB) CPU [92%@1728,0%@1728,0%@1728,0%@1728,0%@729,0%@729] GR3D_FREQ 45% cpu@57.593C soc2@55.468C soc0@57.281C gpu@58.687C tj@58.687C soc1@57.031C VDD_IN 11280mW/9788mW VDD_CPU_GPU_CV 3708mW/2808mW VDD_SOC 4153mW/3817mW
08-01-2026 01:35:25 RAM 3387/7620MB (lfb 9x2MB) SWAP 7/3810MB (cached 0MB) CPU [89%@1728,0%@1728,1%@1728,0%@1728,0%@729,0%@729] GR3D_FREQ 55% cpu@57.75C soc2@55.5C soc0@57.031C gpu@58.718C tj@58.718C soc1@57C VDD_IN 11240mW/9790mW VDD_CPU_GPU_CV 3628mW/2809mW VDD_SOC 4153mW/3818mW
08-01-2026 01:35:26 RAM 3387/7620MB (lfb 9x2MB) SWAP 7/3810MB (cached 0MB) CPU [91%@1728,0%@1728,1%@1728,0%@1728,1%@729,0%@729] GR3D_FREQ 46% cpu@57.531C soc2@55.531C soc0@57.187C gpu@58.812C tj@58.812C soc1@57.125C VDD_IN 11280mW/9791mW VDD_CPU_GPU_CV 3708mW/2810mW VDD_SOC 4153mW/3818mW
08-01-2026 01:35:27 RAM 3387/7620MB (lfb 9x2MB) SWAP 7/3810MB (cached 0MB) CPU [91%@1728,0%@1728,0%@1728,0%@1728,0%@729,0%@729] GR3D_FREQ 45% cpu@57.562C soc2@55.5C soc0@57.156C gpu@58.843C tj@58.562C soc1@57C VDD_IN 11320mW/9793mW VDD_CPU_GPU_CV 3708mW/2811mW VDD_SOC 4153mW/3818mW
08-01-2026 01:35:28 RAM 3387/7620MB (lfb 9x2MB) SWAP 7/3810MB (cached 0MB) CPU [90%@1728,0%@1728,0%@1728,0%@1728,0%@729,0%@729] GR3D_FREQ 40% cpu@57.687C soc2@55.656C soc0@57.281C gpu@58.5C tj@58.5C soc1@57.125C VDD_IN 11200mW/9795mW VDD_CPU_GPU_CV 3628mW/2812mW VDD_SOC 4153mW/3819mW
08-01-2026 01:35:29 RAM 3387/7620MB (lfb 9x2MB) SWAP 7/3810MB (cached 0MB) CPU [78%@1728,15%@1728,1%@1728,0%@1728,0%@729,0%@729] GR3D_FREQ 45% cpu@57.562C soc2@55.406C soc0@57.062C gpu@58.625C tj@58.625C soc1@57.093C VDD_IN 11320mW/9796mW VDD_CPU_GPU_CV 3747mW/2813mW VDD_SOC 4153mW/3819mW
08-01-2026 01:35:30 RAM 3387/7620MB (lfb 9x2MB) SWAP 7/3810MB (cached 0MB) CPU [1%@1728,91%@1728,0%@1728,0%@1728,0%@729,0%@729] GR3D_FREQ 44% cpu@57.75C soc2@55.406C soc0@57.062C gpu@58.562C tj@58.562C soc1@57.062C VDD_IN 11360mW/9798mW VDD_CPU_GPU_CV 3787mW/2814mW VDD_SOC 4193mW/3819mW
08-01-2026 01:35:31 RAM 3387/7620MB (lfb 9x2MB) SWAP 7/3810MB (cached 0MB) CPU [1%@1728,75%@1728,1%@1728,16%@1728,0%@729,0%@729] GR3D_FREQ 46% cpu@57.718C soc2@55.468C soc0@57.062C gpu@58.562C tj@58.562C soc1@57.218C VDD_IN 11182mW/9800mW VDD_CPU_GPU_CV 3747mW/2815mW VDD_SOC 4153mW/3820mW
08-01-2026 01:35:32 RAM 3387/7620MB (lfb 9x2MB) SWAP 7/3810MB (cached 0MB) CPU [0%@1728,0%@1728,0%@1728,90%@1728,0%@729,0%@729] GR3D_FREQ 47% cpu@57.593C soc2@55.531C soc0@57.25C gpu@58.531C tj@58.531C soc1@57.125C VDD_IN 11240mW/9801mW VDD_CPU_GPU_CV 3668mW/2816mW VDD_SOC 4153mW/3820mW
08-01-2026 01:35:33 RAM 3387/7620MB (lfb 9x2MB) SWAP 7/3810MB (cached 0MB) CPU [2%@1728,1%@1728,0%@1728,90%@1728,0%@729,0%@729] GR3D_FREQ 32% cpu@57.687C soc2@55.375C soc0@57.125C gpu@58.5C tj@58.5C soc1@57C VDD_IN 11280mW/9803mW VDD_CPU_GPU_CV 3668mW/2817mW VDD_SOC 4113mW/3821mW
08-01-2026 01:35:34 RAM 3387/7620MB (lfb 9x2MB) SWAP 7/3810MB (cached 0MB) CPU [1%@1728,0%@1728,0%@1728,91%@1728,0%@729,0%@729] GR3D_FREQ 26% cpu@57.593C soc2@55.312C soc0@57.25C gpu@58.468C tj@58.281C soc1@57.125C VDD_IN 11080mW/9804mW VDD_CPU_GPU_CV 3628mW/2818mW VDD_SOC 4153mW/3821mW
08-01-2026 01:35:35 RAM 3387/7620MB (lfb 9x2MB) SWAP 7/3810MB (cached 0MB) CPU [1%@1728,0%@1728,0%@1728,90%@1728,0%@729,0%@729] GR3D_FREQ 24% cpu@57.781C soc2@55.468C soc0@57C gpu@58.281C tj@58.281C soc1@57.093C VDD_IN 11120mW/9806mW VDD_CPU_GPU_CV 3548mW/2819mW VDD_SOC 4113mW/3821mW
08-01-2026 01:35:36 RAM 3385/7620MB (lfb 9x2MB) SWAP 7/3810MB (cached 0MB) CPU [1%@1728,0%@1728,1%@1728,91%@1728,0%@729,0%@729] GR3D_FREQ 24% cpu@57.656C soc2@55.437C soc0@57.093C gpu@58.187C tj@58.187C soc1@57.281C VDD_IN 11040mW/9807mW VDD_CPU_GPU_CV 3548mW/2820mW VDD_SOC 4113mW/3822mW
08-01-2026 01:35:37 RAM 3385/7620MB (lfb 9x2MB) SWAP 7/3810MB (cached 0MB) CPU [1%@1728,0%@1728,0%@1728,90%@1728,0%@729,0%@729] GR3D_FREQ 24% cpu@57.75C soc2@55.312C soc0@57.156C gpu@58.156C tj@58.156C soc1@57.343C VDD_IN 10880mW/9808mW VDD_CPU_GPU_CV 3548mW/2821mW VDD_SOC 4080mW/3822mW
08-01-2026 01:35:38 RAM 3386/7620MB (lfb 9x2MB) SWAP 7/3810MB (cached 0MB) CPU [0%@1728,0%@1728,0%@1728,91%@1728,0%@729,0%@729] GR3D_FREQ 24% cpu@57.75C soc2@55.437C soc0@57.218C gpu@58.125C tj@58.125C soc1@57.093C VDD_IN 10880mW/9809mW VDD_CPU_GPU_CV 3514mW/2821mW VDD_SOC 4040mW/3822mW
08-01-2026 01:35:39 RAM 3386/7620MB (lfb 9x2MB) SWAP 7/3810MB (cached 0MB) CPU [1%@1728,0%@1728,0%@1728,90%@1728,0%@729,0%@729] GR3D_FREQ 24% cpu@57.718C soc2@55.375C soc0@57.187C gpu@58.25C tj@58.25C soc1@57.031C VDD_IN 10840mW/9810mW VDD_CPU_GPU_CV 3514mW/2822mW VDD_SOC 4040mW/3822mW
08-01-2026 01:35:40 RAM 3386/7620MB (lfb 9x2MB) SWAP 7/3810MB (cached 0MB) CPU [0%@1728,0%@1728,0%@1728,90%@1728,0%@729,0%@729] GR3D_FREQ 24% cpu@57.875C soc2@55.343C soc0@57.062C gpu@58.093C tj@58.093C soc1@57.062C VDD_IN 10760mW/9812mW VDD_CPU_GPU_CV 3474mW/2823mW VDD_SOC 4040mW/3823mW
08-01-2026 01:35:41 RAM 3386/7620MB (lfb 9x2MB) SWAP 7/3810MB (cached 0MB) CPU [2%@1728,0%@1728,0%@1728,90%@1728,0%@729,0%@729] GR3D_FREQ 23% cpu@57.687C soc2@55.343C soc0@57.187C gpu@58.218C tj@58.218C soc1@57.156C VDD_IN 10760mW/9813mW VDD_CPU_GPU_CV 3474mW/2823mW VDD_SOC 4040mW/3823mW
08-01-2026 01:35:42 RAM 3386/7620MB (lfb 9x2MB) SWAP 7/3810MB (cached 0MB) CPU [1%@1728,0%@1728,0%@1728,87%@1728,0%@729,0%@729] GR3D_FREQ 25% cpu@57.656C soc2@55.406C soc0@56.968C gpu@58.406C tj@58.406C soc1@57.187C VDD_IN 10520mW/9813mW VDD_CPU_GPU_CV 3115mW/2824mW VDD_SOC 4040mW/3823mW
08-01-2026 01:35:43 RAM 3386/7620MB (lfb 9x2MB) SWAP 7/3810MB (cached 0MB) CPU [22%@1728,0%@1728,0%@1728,68%@1728,0%@729,0%@729] GR3D_FREQ 23% cpu@57.625C soc2@55.5C soc0@57.125C gpu@58.468C tj@58.468C soc1@57.062C VDD_IN 10800mW/9814mW VDD_CPU_GPU_CV 3434mW/2824mW VDD_SOC 4080mW/3823mW
08-01-2026 01:35:44 RAM 3386/7620MB (lfb 9x2MB) SWAP 7/3810MB (cached 0MB) CPU [70%@1728,21%@1728,1%@1728,0%@1728,0%@729,2%@729] GR3D_FREQ 23% cpu@57.531C soc2@55.406C soc0@57.218C gpu@58.437C tj@58.437C soc1@57.125C VDD_IN 10840mW/9816mW VDD_CPU_GPU_CV 3428mW/2825mW VDD_SOC 4080mW/3824mW
08-01-2026 01:35:45 RAM 3386/7620MB (lfb 9x2MB) SWAP 7/3810MB (cached 0MB) CPU [1%@1728,69%@1728,0%@1728,21%@1728,0%@729,0%@729] GR3D_FREQ 23% cpu@57.968C soc2@55.343C soc0@57.062C gpu@58.531C tj@58.531C soc1@57.125C VDD_IN 11080mW/9817mW VDD_CPU_GPU_CV 3508mW/2826mW VDD_SOC 4073mW/3824mW
08-01-2026 01:35:46 RAM 3386/7620MB (lfb 9x2MB) SWAP 7/3810MB (cached 0MB) CPU [1%@1728,0%@1728,0%@1728,90%@1728,0%@729,0%@729] GR3D_FREQ 24% cpu@57.656C soc2@55.406C soc0@57.125C gpu@58.468C tj@58.468C soc1@57.125C VDD_IN 10960mW/9818mW VDD_CPU_GPU_CV 3428mW/2827mW VDD_SOC 4073mW/3824mW
08-01-2026 01:35:47 RAM 3386/7620MB (lfb 9x2MB) SWAP 7/3810MB (cached 0MB) CPU [1%@1728,0%@1728,23%@1728,68%@1728,0%@729,0%@729] GR3D_FREQ 24% cpu@58C soc2@55.406C soc0@57C gpu@58.5C tj@58.5C soc1@57.187C VDD_IN 10960mW/9819mW VDD_CPU_GPU_CV 3434mW/2827mW VDD_SOC 4033mW/3824mW
08-01-2026 01:35:48 RAM 3386/7620MB (lfb 9x2MB) SWAP 7/3810MB (cached 0MB) CPU [2%@1728,0%@1728,91%@1728,0%@1728,0%@729,0%@729] GR3D_FREQ 22% cpu@58C soc2@55.562C soc0@57.125C gpu@58.531C tj@58.531C soc1@57.062C VDD_IN 10840mW/9821mW VDD_CPU_GPU_CV 3349mW/2828mW VDD_SOC 4073mW/3825mW
08-01-2026 01:35:49 RAM 3385/7620MB (lfb 9x2MB) SWAP 7/3810MB (cached 0MB) CPU [1%@1728,0%@1728,90%@1728,0%@1728,0%@729,0%@729] GR3D_FREQ 22% cpu@58.156C soc2@55.531C soc0@57.218C gpu@58.156C tj@58.156C soc1@57C VDD_IN 10760mW/9822mW VDD_CPU_GPU_CV 3349mW/2828mW VDD_SOC 4040mW/3825mW
08-01-2026 01:35:50 RAM 3385/7620MB (lfb 9x2MB) SWAP 7/3810MB (cached 0MB) CPU [2%@1728,0%@1728,66%@1728,25%@1728,0%@729,0%@729] GR3D_FREQ 24% cpu@57.937C soc2@55.312C soc0@57.156C gpu@58.187C tj@58.187C soc1@57.093C VDD_IN 10720mW/9823mW VDD_CPU_GPU_CV 3434mW/2829mW VDD_SOC 4000mW/3825mW
08-01-2026 01:35:51 RAM 3385/7620MB (lfb 9x2MB) SWAP 7/3810MB (cached 0MB) CPU [0%@1728,0%@1728,0%@1728,91%@1728,0%@729,0%@729] GR3D_FREQ 29% cpu@57.687C soc2@55.468C soc0@57.125C gpu@58.281C tj@58.281C soc1@57.093C VDD_IN 10640mW/9823mW VDD_CPU_GPU_CV 3349mW/2830mW VDD_SOC 4040mW/3825mW
08-01-2026 01:35:52 RAM 3385/7620MB (lfb 9x2MB) SWAP 7/3810MB (cached 0MB) CPU [2%@1728,0%@1728,0%@1728,90%@1728,0%@729,0%@729] GR3D_FREQ 30% cpu@57.875C soc2@55.406C soc0@57.187C gpu@58.187C tj@58.187C soc1@57.218C VDD_IN 10640mW/9824mW VDD_CPU_GPU_CV 3314mW/2830mW VDD_SOC 4000mW/3825mW
08-01-2026 01:35:53 RAM 3385/7620MB (lfb 9x2MB) SWAP 7/3810MB (cached 0MB) CPU [1%@1728,0%@1728,0%@1728,90%@1728,0%@729,0%@729] GR3D_FREQ 30% cpu@57.625C soc2@55.406C soc0@57.125C gpu@58.218C tj@58.218C soc1@57.281C VDD_IN 10600mW/9825mW VDD_CPU_GPU_CV 3314mW/2831mW VDD_SOC 4000mW/3826mW
08-01-2026 01:35:54 RAM 3385/7620MB (lfb 9x2MB) SWAP 7/3810MB (cached 0MB) CPU [1%@1728,0%@1728,0%@1728,86%@1728,0%@729,0%@729] GR3D_FREQ 27% cpu@57.718C soc2@55.531C soc0@57.062C gpu@58.187C tj@58.187C soc1@57.031C VDD_IN 10280mW/9826mW VDD_CPU_GPU_CV 2995mW/2831mW VDD_SOC 4040mW/3826mW
08-01-2026 01:35:55 RAM 3385/7620MB (lfb 9x2MB) SWAP 7/3810MB (cached 0MB) CPU [1%@1728,0%@1728,0%@1728,90%@1728,0%@729,0%@729] GR3D_FREQ 23% cpu@57.875C soc2@55.375C soc0@57.125C gpu@58.375C tj@58.375C soc1@57.093C VDD_IN 10680mW/9827mW VDD_CPU_GPU_CV 3394mW/2831mW VDD_SOC 4040mW/3826mW
08-01-2026 01:35:56 RAM 3385/7620MB (lfb 9x2MB) SWAP 7/3810MB (cached 0MB) CPU [1%@1728,0%@1728,1%@1728,91%@1728,0%@729,0%@729] GR3D_FREQ 24% cpu@57.75C soc2@55.406C soc0@57.093C gpu@58.312C tj@58.312C soc1@57.093C VDD_IN 10720mW/9828mW VDD_CPU_GPU_CV 3434mW/2832mW VDD_SOC 4000mW/3826mW
08-01-2026 01:35:57 RAM 3385/7620MB (lfb 9x2MB) SWAP 7/3810MB (cached 0MB) CPU [2%@1728,0%@1728,0%@1728,90%@1728,0%@729,0%@729] GR3D_FREQ 24% cpu@57.875C soc2@55.406C soc0@57.125C gpu@58.25C tj@58.156C soc1@57.187C VDD_IN 10760mW/9829mW VDD_CPU_GPU_CV 3314mW/2833mW VDD_SOC 4000mW/3826mW
08-01-2026 01:35:58 RAM 3385/7620MB (lfb 9x2MB) SWAP 7/3810MB (cached 0MB) CPU [0%@1728,0%@1728,0%@1728,90%@1728,0%@729,0%@729] GR3D_FREQ 29% cpu@57.718C soc2@55.437C soc0@57.062C gpu@58.031C tj@58.031C soc1@57.187C VDD_IN 10520mW/9829mW VDD_CPU_GPU_CV 3309mW/2833mW VDD_SOC 4040mW/3827mW
08-01-2026 01:35:59 RAM 3385/7620MB (lfb 9x2MB) SWAP 7/3810MB (cached 0MB) CPU [30%@1728,0%@1728,1%@1728,63%@1728,0%@729,0%@729] GR3D_FREQ 30% cpu@57.656C soc2@55.531C soc0@57.156C gpu@58.062C tj@58.062C soc1@57.125C VDD_IN 10600mW/9830mW VDD_CPU_GPU_CV 3234mW/2834mW VDD_SOC 4000mW/3827mW
08-01-2026 01:36:00 RAM 3385/7620MB (lfb 9x2MB) SWAP 7/3810MB (cached 0MB) CPU [91%@1728,1%@1728,0%@1728,0%@1728,0%@729,0%@729] GR3D_FREQ 29% cpu@57.75C soc2@55.437C soc0@57.218C gpu@58.031C tj@58.031C soc1@57.156C VDD_IN 10600mW/9831mW VDD_CPU_GPU_CV 3274mW/2834mW VDD_SOC 4000mW/3827mW
08-01-2026 01:36:01 RAM 3385/7620MB (lfb 9x2MB) SWAP 7/3810MB (cached 0MB) CPU [63%@1728,27%@1728,0%@1728,0%@1728,0%@729,0%@729] GR3D_FREQ 26% cpu@57.562C soc2@55.312C soc0@57.125C gpu@58.093C tj@58.093C soc1@57.156C VDD_IN 10680mW/9832mW VDD_CPU_GPU_CV 3234mW/2834mW VDD_SOC 4000mW/3827mW
08-01-2026 01:36:02 RAM 3385/7620MB (lfb 9x2MB) SWAP 7/3810MB (cached 0MB) CPU [1%@1728,62%@1728,29%@1728,0%@1728,0%@729,0%@729] GR3D_FREQ 29% cpu@58.281C soc2@55.437C soc0@57.125C gpu@58.093C tj@58.281C soc1@57.187C VDD_IN 10600mW/9833mW VDD_CPU_GPU_CV 3274mW/2835mW VDD_SOC 3960mW/3827mW
08-01-2026 01:36:03 RAM 3385/7620MB (lfb 9x2MB) SWAP 7/3810MB (cached 0MB) CPU [1%@1728,1%@1728,91%@1728,0%@1728,0%@729,1%@729] GR3D_FREQ 30% cpu@58.031C soc2@55.343C soc0@57.125C gpu@58.062C tj@58.062C soc1@57.25C VDD_IN 10520mW/9833mW VDD_CPU_GPU_CV 3234mW/2835mW VDD_SOC 4000mW/3828mW
08-01-2026 01:36:04 RAM 3385/7620MB (lfb 9x2MB) SWAP 7/3810MB (cached 0MB) CPU [1%@1728,0%@1728,90%@1728,0%@1728,0%@729,0%@729] GR3D_FREQ 30% cpu@57.968C soc2@55.5C soc0@57.218C gpu@58.343C tj@58.343C soc1@57.062C VDD_IN 10480mW/9834mW VDD_CPU_GPU_CV 3194mW/2836mW VDD_SOC 4000mW/3828mW
08-01-2026 01:36:05 RAM 3385/7620MB (lfb 9x2MB) SWAP 7/3810MB (cached 0MB) CPU [1%@1728,0%@1728,60%@1728,30%@1728,0%@729,0%@729] GR3D_FREQ 30% cpu@57.75C soc2@55.312C soc0@57.218C gpu@58.312C tj@58.312C soc1@57.156C VDD_IN 10440mW/9835mW VDD_CPU_GPU_CV 3194mW/2836mW VDD_SOC 4000mW/3828mW
08-01-2026 01:36:06 RAM 3385/7620MB (lfb 9x2MB) SWAP 7/3810MB (cached 0MB) CPU [0%@1728,0%@1728,1%@1728,90%@1728,0%@729,0%@729] GR3D_FREQ 28% cpu@57.625C soc2@55.343C soc0@57.031C gpu@58.281C tj@58.281C soc1@57.125C VDD_IN 10400mW/9835mW VDD_CPU_GPU_CV 3234mW/2837mW VDD_SOC 3960mW/3828mW
08-01-2026 01:36:07 RAM 3385/7620MB (lfb 9x2MB) SWAP 7/3810MB (cached 0MB) CPU [0%@1728,0%@1728,0%@1728,90%@1728,1%@729,0%@729] GR3D_FREQ 28% cpu@57.968C soc2@55.437C soc0@57.125C gpu@58.375C tj@58.375C soc1@57.125C VDD_IN 10520mW/9836mW VDD_CPU_GPU_CV 3234mW/2837mW VDD_SOC 3920mW/3828mW
08-01-2026 01:36:08 RAM 3385/7620MB (lfb 9x2MB) SWAP 7/3810MB (cached 0MB) CPU [2%@1728,0%@1728,0%@1728,90%@1728,0%@729,0%@729] GR3D_FREQ 29% cpu@57.75C soc2@55.343C soc0@57.156C gpu@58.375C tj@58.375C soc1@57.281C VDD_IN 10400mW/9837mW VDD_CPU_GPU_CV 3154mW/2837mW VDD_SOC 3960mW/3828mW
08-01-2026 01:36:09 RAM 3385/7620MB (lfb 9x2MB) SWAP 7/3810MB (cached 0MB) CPU [1%@1728,0%@1728,33%@1728,57%@1728,0%@729,0%@729] GR3D_FREQ 28% cpu@58.031C soc2@55.437C soc0@57.218C gpu@58.437C tj@58.437C soc1@57.031C VDD_IN 10280mW/9837mW VDD_CPU_GPU_CV 3115mW/2838mW VDD_SOC 3960mW/3828mW
08-01-2026 01:36:10 RAM 3385/7620MB (lfb 9x2MB) SWAP 7/3810MB (cached 0MB) CPU [1%@1728,1%@1728,90%@1728,0%@1728,0%@729,1%@729] GR3D_FREQ 27% cpu@58.062C soc2@55.437C soc0@57.218C gpu@58.468C tj@58.468C soc1@57.187C VDD_IN 10240mW/9838mW VDD_CPU_GPU_CV 3115mW/2838mW VDD_SOC 3960mW/3829mW
08-01-2026 01:36:11 RAM 3385/7620MB (lfb 9x2MB) SWAP 7/3810MB (cached 0MB) CPU [1%@1728,0%@1728,58%@1728,32%@1728,0%@729,0%@729] GR3D_FREQ 27% cpu@57.75C soc2@55.343C soc0@57.218C gpu@58.5C tj@58.5C soc1@57.125C VDD_IN 10480mW/9838mW VDD_CPU_GPU_CV 3154mW/2838mW VDD_SOC 3920mW/3829mW
08-01-2026 01:36:12 RAM 3385/7620MB (lfb 9x2MB) SWAP 7/3810MB (cached 0MB) CPU [1%@1728,0%@1728,0%@1728,89%@1728,1%@729,0%@729] GR3D_FREQ 29% cpu@58C soc2@55.375C soc0@57.218C gpu@58.406C tj@58.406C soc1@57.125C VDD_IN 10496mW/9839mW VDD_CPU_GPU_CV 3075mW/2838mW VDD_SOC 3920mW/3829mW
08-01-2026 01:36:13 RAM 3385/7620MB (lfb 9x2MB) SWAP 7/3810MB (cached 0MB) CPU [2%@1728,34%@1728,0%@1728,57%@1728,1%@729,0%@729] GR3D_FREQ 30% cpu@57.468C soc2@55.406C soc0@57.281C gpu@58.437C tj@58.437C soc1@57.281C VDD_IN 10240mW/9839mW VDD_CPU_GPU_CV 3154mW/2839mW VDD_SOC 3960mW/3829mW
08-01-2026 01:36:15 RAM 3385/7620MB (lfb 9x2MB) SWAP 7/3810MB (cached 0MB) CPU [1%@1728,90%@1728,0%@1728,0%@1728,0%@729,0%@729] GR3D_FREQ 29% cpu@57.562C soc2@55.406C soc0@57.25C gpu@58.156C tj@58.156C soc1@57.125C VDD_IN 10296mW/9840mW VDD_CPU_GPU_CV 3075mW/2839mW VDD_SOC 3920mW/3829mW
08-01-2026 01:36:16 RAM 3385/7620MB (lfb 9x2MB) SWAP 7/3810MB (cached 0MB) CPU [1%@1728,90%@1728,0%@1728,0%@1728,0%@729,0%@729] GR3D_FREQ 30% cpu@57.5C soc2@55.5C soc0@57.25C gpu@58.187C tj@58.187C soc1@57.031C VDD_IN 10216mW/9840mW VDD_CPU_GPU_CV 3075mW/2839mW VDD_SOC 3920mW/3829mW
08-01-2026 01:36:17 RAM 3385/7620MB (lfb 9x2MB) SWAP 7/3810MB (cached 0MB) CPU [1%@1728,53%@1728,1%@1728,36%@1728,0%@729,0%@729] GR3D_FREQ 29% cpu@57.812C soc2@55.312C soc0@57.281C gpu@58.156C tj@58.156C soc1@57.125C VDD_IN 10216mW/9841mW VDD_CPU_GPU_CV 3075mW/2840mW VDD_SOC 3920mW/3829mW
08-01-2026 01:36:18 RAM 3386/7620MB (lfb 8x2MB) SWAP 7/3810MB (cached 0MB) CPU [1%@1728,0%@1728,0%@1728,90%@1728,0%@729,0%@729] GR3D_FREQ 29% cpu@58.031C soc2@55.437C soc0@57C gpu@58.187C tj@58.187C soc1@57.156C VDD_IN 10296mW/9841mW VDD_CPU_GPU_CV 2995mW/2840mW VDD_SOC 3920mW/3829mW
08-01-2026 01:36:19 RAM 3386/7620MB (lfb 8x2MB) SWAP 7/3810MB (cached 0MB) CPU [1%@1728,0%@1728,0%@1728,90%@1728,0%@729,0%@729] GR3D_FREQ 30% cpu@57.75C soc2@55.312C soc0@57.125C gpu@58.25C tj@58.25C soc1@57.218C VDD_IN 10296mW/9842mW VDD_CPU_GPU_CV 3035mW/2840mW VDD_SOC 3880mW/3829mW
08-01-2026 01:36:20 RAM 3386/7620MB (lfb 8x2MB) SWAP 7/3810MB (cached 0MB) CPU [0%@1728,1%@1728,0%@1728,90%@1728,0%@729,0%@729] GR3D_FREQ 30% cpu@57.75C soc2@55.468C soc0@57.218C gpu@58.156C tj@58.156C soc1@57.187C VDD_IN 10216mW/9842mW VDD_CPU_GPU_CV 3075mW/2840mW VDD_SOC 3880mW/3829mW
08-01-2026 01:36:21 RAM 3384/7620MB (lfb 1x4MB) SWAP 7/3810MB (cached 0MB) CPU [2%@1728,0%@1728,0%@1728,91%@1728,0%@729,0%@729] GR3D_FREQ 28% cpu@57.718C soc2@55.437C soc0@57.25C gpu@58.218C tj@58.218C soc1@57.187C VDD_IN 10056mW/9842mW VDD_CPU_GPU_CV 3035mW/2840mW VDD_SOC 3880mW/3830mW
08-01-2026 01:36:22 RAM 3384/7620MB (lfb 1x4MB) SWAP 7/3810MB (cached 0MB) CPU [41%@1728,0%@1728,1%@1728,49%@1728,1%@729,0%@729] GR3D_FREQ 29% cpu@57.718C soc2@55.5C soc0@57.218C gpu@58.187C tj@58.187C soc1@57.125C VDD_IN 10016mW/9842mW VDD_CPU_GPU_CV 2955mW/2840mW VDD_SOC 3880mW/3830mW
08-01-2026 01:36:23 RAM 3384/7620MB (lfb 1x4MB) SWAP 7/3810MB (cached 0MB) CPU [90%@1728,0%@1728,0%@1728,0%@1728,0%@729,0%@729] GR3D_FREQ 28% cpu@57.812C soc2@55.562C soc0@57.062C gpu@58.156C tj@58.156C soc1@57.187C VDD_IN 10016mW/9843mW VDD_CPU_GPU_CV 2955mW/2841mW VDD_SOC 3880mW/3830mW
08-01-2026 01:36:24 RAM 3384/7620MB (lfb 1x4MB) SWAP 7/3810MB (cached 0MB) CPU [91%@1728,1%@1728,0%@1728,0%@1728,0%@729,0%@729] GR3D_FREQ 27% cpu@57.625C soc2@55.531C soc0@57.125C gpu@58.25C tj@58C soc1@57.156C VDD_IN 10096mW/9843mW VDD_CPU_GPU_CV 2995mW/2841mW VDD_SOC 3880mW/3830mW
08-01-2026 01:36:25 RAM 3384/7620MB (lfb 1x4MB) SWAP 7/3810MB (cached 0MB) CPU [90%@1728,0%@1728,0%@1728,0%@1728,0%@729,0%@729] GR3D_FREQ 27% cpu@57.531C soc2@55.5C soc0@57.281C gpu@58.031C tj@58.031C soc1@57.312C VDD_IN 10096mW/9843mW VDD_CPU_GPU_CV 2955mW/2841mW VDD_SOC 3880mW/3830mW
08-01-2026 01:36:26 RAM 3384/7620MB (lfb 1x4MB) SWAP 7/3810MB (cached 0MB) CPU [0%@729,1%@729,0%@729,0%@729,51%@1728,40%@1728] GR3D_FREQ 28% cpu@57.343C soc2@55.437C soc0@57.218C gpu@58C tj@58C soc1@57.125C VDD_IN 10176mW/9843mW VDD_CPU_GPU_CV 2955mW/2841mW VDD_SOC 3880mW/3830mW
08-01-2026 01:36:27 RAM 3384/7620MB (lfb 1x4MB) SWAP 7/3810MB (cached 0MB) CPU [1%@729,0%@729,1%@729,0%@729,0%@1728,90%@1728] GR3D_FREQ 29% cpu@57.687C soc2@55.375C soc0@57.312C gpu@58C tj@58C soc1@57.156C VDD_IN 10096mW/9844mW VDD_CPU_GPU_CV 3035mW/2841mW VDD_SOC 3880mW/3830mW
08-01-2026 01:36:28 RAM 3384/7620MB (lfb 1x4MB) SWAP 7/3810MB (cached 0MB) CPU [1%@729,0%@729,0%@729,0%@729,0%@1728,90%@1728] GR3D_FREQ 30% cpu@57.531C soc2@55.312C soc0@57.125C gpu@58.187C tj@58.187C soc1@57.218C VDD_IN 9975mW/9844mW VDD_CPU_GPU_CV 2955mW/2841mW VDD_SOC 3880mW/3830mW
08-01-2026 01:36:29 RAM 3384/7620MB (lfb 1x4MB) SWAP 7/3810MB (cached 0MB) CPU [1%@1728,42%@1728,0%@1728,1%@1728,0%@729,47%@729] GR3D_FREQ 29% cpu@57.531C soc2@55.468C soc0@57.218C gpu@58.312C tj@58.312C soc1@57.25C VDD_IN 9975mW/9844mW VDD_CPU_GPU_CV 2875mW/2841mW VDD_SOC 3840mW/3830mW
08-01-2026 01:36:30 RAM 3384/7620MB (lfb 1x4MB) SWAP 7/3810MB (cached 0MB) CPU [1%@1728,90%@1728,0%@1728,0%@1728,1%@729,0%@729] GR3D_FREQ 30% cpu@57.5C soc2@55.5C soc0@57.281C gpu@58.343C tj@58.343C soc1@57.156C VDD_IN 9935mW/9844mW VDD_CPU_GPU_CV 2915mW/2841mW VDD_SOC 3880mW/3830mW
08-01-2026 01:36:31 RAM 3384/7620MB (lfb 1x4MB) SWAP 7/3810MB (cached 0MB) CPU [0%@1728,90%@1728,0%@1728,0%@1728,0%@729,0%@729] GR3D_FREQ 30% cpu@57.625C soc2@55.531C soc0@57.25C gpu@58.375C tj@58.375C soc1@57.062C VDD_IN 9895mW/9844mW VDD_CPU_GPU_CV 2915mW/2842mW VDD_SOC 3880mW/3830mW
08-01-2026 01:36:32 RAM 3384/7620MB (lfb 1x4MB) SWAP 7/3810MB (cached 0MB) CPU [1%@1728,46%@1728,0%@1728,45%@1728,0%@729,0%@729] GR3D_FREQ 29% cpu@57.625C soc2@55.406C soc0@57.125C gpu@58.343C tj@58.343C soc1@57.156C VDD_IN 9895mW/9844mW VDD_CPU_GPU_CV 2960mW/2842mW VDD_SOC 3800mW/3830mW
08-01-2026 01:36:33 RAM 3384/7620MB (lfb 1x4MB) SWAP 7/3810MB (cached 0MB) CPU [0%@1728,0%@1728,0%@1728,90%@1728,0%@729,0%@729] GR3D_FREQ 29% cpu@58C soc2@55.375C soc0@57.187C gpu@58.343C tj@58.343C soc1@57.093C VDD_IN 9855mW/9844mW VDD_CPU_GPU_CV 2920mW/2842mW VDD_SOC 3800mW/3830mW
08-01-2026 01:36:34 RAM 3384/7620MB (lfb 1x4MB) SWAP 7/3810MB (cached 0MB) CPU [2%@1728,0%@1728,0%@1728,90%@1728,0%@729,0%@729] GR3D_FREQ 28% cpu@57.75C soc2@55.312C soc0@57.187C gpu@58.406C tj@58.031C soc1@57.343C VDD_IN 9775mW/9844mW VDD_CPU_GPU_CV 2875mW/2842mW VDD_SOC 3886mW/3830mW
08-01-2026 01:36:35 RAM 3384/7620MB (lfb 1x4MB) SWAP 7/3810MB (cached 0MB) CPU [48%@1728,0%@1728,0%@1728,43%@1728,0%@729,0%@729] GR3D_FREQ 28% cpu@57.718C soc2@55.5C soc0@57.156C gpu@58.125C tj@58.125C soc1@57.062C VDD_IN 9815mW/9844mW VDD_CPU_GPU_CV 2835mW/2842mW VDD_SOC 3840mW/3830mW
08-01-2026 01:36:36 RAM 3384/7620MB (lfb 1x4MB) SWAP 7/3810MB (cached 0MB) CPU [92%@1728,0%@1728,0%@1728,0%@1728,0%@729,0%@729] GR3D_FREQ 28% cpu@57.75C soc2@55.593C soc0@57.343C gpu@58.093C tj@58.093C soc1@57.093C VDD_IN 9815mW/9844mW VDD_CPU_GPU_CV 2835mW/2842mW VDD_SOC 3840mW/3830mW
08-01-2026 01:36:37 RAM 3384/7620MB (lfb 1x4MB) SWAP 7/3810MB (cached 0MB) CPU [43%@1728,1%@1728,50%@1728,0%@1728,0%@729,0%@729] GR3D_FREQ 29% cpu@58.125C soc2@55.343C soc0@57.281C gpu@58.125C tj@58.125C soc1@57.218C VDD_IN 9815mW/9844mW VDD_CPU_GPU_CV 2795mW/2842mW VDD_SOC 3840mW/3830mW
08-01-2026 01:36:38 RAM 3386/7620MB (lfb 8x2MB) SWAP 7/3810MB (cached 0MB) CPU [1%@1728,0%@1728,90%@1728,0%@1728,0%@729,0%@729] GR3D_FREQ 29% cpu@58.218C soc2@55.406C soc0@57.093C gpu@58.218C tj@58.218C soc1@57.25C VDD_IN 9735mW/9844mW VDD_CPU_GPU_CV 2800mW/2842mW VDD_SOC 3846mW/3830mW
08-01-2026 01:36:39 RAM 3386/7620MB (lfb 8x2MB) SWAP 7/3810MB (cached 0MB) CPU [1%@1728,0%@1728,87%@1728,0%@1728,0%@729,0%@729] GR3D_FREQ 29% cpu@57.75C soc2@55.437C soc0@57.093C gpu@58.156C tj@58.156C soc1@57.218C VDD_IN 9655mW/9844mW VDD_CPU_GPU_CV 2640mW/2841mW VDD_SOC 3800mW/3830mW
08-01-2026 01:36:40 RAM 3386/7620MB (lfb 8x2MB) SWAP 7/3810MB (cached 0MB) CPU [1%@1728,0%@1728,91%@1728,0%@1728,0%@729,0%@729] GR3D_FREQ 30% cpu@58C soc2@55.468C soc0@57.218C gpu@58.531C tj@58.531C soc1@57.343C VDD_IN 9855mW/9844mW VDD_CPU_GPU_CV 2840mW/2841mW VDD_SOC 3840mW/3830mW
08-01-2026 01:36:41 RAM 3386/7620MB (lfb 8x2MB) SWAP 7/3810MB (cached 0MB) CPU [1%@729,0%@729,50%@729,0%@729,37%@1728,0%@1728] GR3D_FREQ 29% cpu@57.531C soc2@55.406C soc0@57.281C gpu@57.968C tj@57.968C soc1@57.187C VDD_IN 9615mW/9844mW VDD_CPU_GPU_CV 2640mW/2841mW VDD_SOC 3846mW/3830mW
08-01-2026 01:36:42 RAM 3386/7620MB (lfb 8x2MB) SWAP 7/3810MB (cached 0MB) CPU [1%@729,0%@729,0%@729,1%@729,91%@1728,0%@1728] GR3D_FREQ 29% cpu@57.781C soc2@55.312C soc0@57.218C gpu@57.968C tj@57.968C soc1@57.156C VDD_IN 9975mW/9844mW VDD_CPU_GPU_CV 2920mW/2841mW VDD_SOC 3840mW/3830mW
08-01-2026 01:36:43 RAM 3386/7620MB (lfb 8x2MB) SWAP 7/3810MB (cached 0MB) CPU [1%@729,0%@729,1%@729,0%@729,90%@1728,0%@1728] GR3D_FREQ 29% cpu@58.031C soc2@55.406C soc0@57.031C gpu@57.968C tj@58.031C soc1@57.125C VDD_IN 9855mW/9844mW VDD_CPU_GPU_CV 2880mW/2841mW VDD_SOC 3840mW/3830mW
08-01-2026 01:36:44 RAM 3386/7620MB (lfb 8x2MB) SWAP 7/3810MB (cached 0MB) CPU [0%@729,1%@729,0%@729,0%@729,90%@1728,0%@1728] GR3D_FREQ 30% cpu@57.625C soc2@55.375C soc0@57.156C gpu@58.125C tj@58.125C soc1@57C VDD_IN 9895mW/9844mW VDD_CPU_GPU_CV 2875mW/2841mW VDD_SOC 3840mW/3830mW
08-01-2026 01:36:45 RAM 3386/7620MB (lfb 8x2MB) SWAP 7/3810MB (cached 0MB) CPU [2%@729,0%@729,0%@729,0%@729,91%@1728,0%@1728] GR3D_FREQ 28% cpu@57.75C soc2@55.312C soc0@57.218C gpu@58.187C tj@58.187C soc1@57.187C VDD_IN 9895mW/9844mW VDD_CPU_GPU_CV 2840mW/2841mW VDD_SOC 3840mW/3830mW
08-01-2026 01:36:46 RAM 3386/7620MB (lfb 8x2MB) SWAP 7/3810MB (cached 0MB) CPU [52%@1728,0%@1728,0%@1728,0%@1728,38%@729,0%@729] GR3D_FREQ 29% cpu@57.718C soc2@55.468C soc0@57.062C gpu@58.187C tj@58.187C soc1@57.187C VDD_IN 9895mW/9844mW VDD_CPU_GPU_CV 2800mW/2841mW VDD_SOC 3800mW/3830mW
08-01-2026 01:36:47 RAM 3386/7620MB (lfb 8x2MB) SWAP 7/3810MB (cached 0MB) CPU [91%@1728,1%@1728,1%@1728,0%@1728,0%@729,2%@729] GR3D_FREQ 30% cpu@57.75C soc2@55.593C soc0@57.156C gpu@58.156C tj@58.156C soc1@57.25C VDD_IN 9855mW/9844mW VDD_CPU_GPU_CV 2840mW/2841mW VDD_SOC 3840mW/3830mW
08-01-2026 01:36:48 RAM 3386/7620MB (lfb 8x2MB) SWAP 7/3810MB (cached 0MB) CPU [89%@1728,0%@1728,0%@1728,0%@1728,0%@729,0%@729] GR3D_FREQ 29% cpu@57.625C soc2@55.531C soc0@57.156C gpu@58.031C tj@58.031C soc1@57.281C VDD_IN 9935mW/9844mW VDD_CPU_GPU_CV 2835mW/2841mW VDD_SOC 3840mW/3830mW
08-01-2026 01:36:49 RAM 3386/7620MB (lfb 8x2MB) SWAP 7/3810MB (cached 0MB) CPU [92%@1728,0%@1728,1%@1728,0%@1728,0%@729,0%@729] GR3D_FREQ 29% cpu@57.718C soc2@55.531C soc0@57.187C gpu@58C tj@58C soc1@57.375C VDD_IN 9975mW/9844mW VDD_CPU_GPU_CV 2875mW/2841mW VDD_SOC 3840mW/3830mW
08-01-2026 01:36:50 RAM 3386/7620MB (lfb 8x2MB) SWAP 7/3810MB (cached 0MB) CPU [90%@1728,0%@1728,0%@1728,0%@1728,0%@729,0%@729] GR3D_FREQ 30% cpu@57.625C soc2@55.531C soc0@57.281C gpu@58.062C tj@58.062C soc1@57.093C VDD_IN 9975mW/9844mW VDD_CPU_GPU_CV 2915mW/2841mW VDD_SOC 3880mW/3830mW
08-01-2026 01:36:51 RAM 3386/7620MB (lfb 8x2MB) SWAP 7/3810MB (cached 0MB) CPU [91%@1728,0%@1728,1%@1728,0%@1728,0%@729,0%@729] GR3D_FREQ 29% cpu@57.625C soc2@55.5C soc0@57.093C gpu@58.093C tj@58.093C soc1@57.093C VDD_IN 10016mW/9844mW VDD_CPU_GPU_CV 2955mW/2842mW VDD_SOC 3880mW/3830mW
08-01-2026 01:36:52 RAM 3386/7620MB (lfb 8x2MB) SWAP 7/3810MB (cached 0MB) CPU [90%@1728,0%@1728,0%@1728,0%@1728,0%@729,0%@729] GR3D_FREQ 28% cpu@57.968C soc2@55.562C soc0@57.156C gpu@58.062C tj@58.062C soc1@57.25C VDD_IN 10096mW/9845mW VDD_CPU_GPU_CV 2915mW/2842mW VDD_SOC 3880mW/3830mW
08-01-2026 01:36:53 RAM 3386/7620MB (lfb 8x2MB) SWAP 7/3810MB (cached 0MB) CPU [91%@1728,0%@1728,0%@1728,0%@1728,0%@729,0%@729] GR3D_FREQ 30% cpu@57.718C soc2@55.687C soc0@57.093C gpu@58.156C tj@58.156C soc1@57.187C VDD_IN 10056mW/9845mW VDD_CPU_GPU_CV 2995mW/2842mW VDD_SOC 3880mW/3830mW
08-01-2026 01:36:54 RAM 3386/7620MB (lfb 8x2MB) SWAP 7/3810MB (cached 0MB) CPU [90%@1728,0%@1728,0%@1728,1%@1728,0%@729,0%@729] GR3D_FREQ 27% cpu@57.625C soc2@55.562C soc0@57.125C gpu@58.093C tj@58.25C soc1@57.437C VDD_IN 10096mW/9845mW VDD_CPU_GPU_CV 2955mW/2842mW VDD_SOC 3880mW/3830mW
08-01-2026 01:36:55 RAM 3386/7620MB (lfb 8x2MB) SWAP 7/3810MB (cached 0MB) CPU [51%@1728,38%@1728,0%@1728,0%@1728,0%@729,0%@729] GR3D_FREQ 28% cpu@57.406C soc2@55.437C soc0@57.281C gpu@58.281C tj@58.281C soc1@57.156C VDD_IN 10136mW/9845mW VDD_CPU_GPU_CV 2995mW/2842mW VDD_SOC 3880mW/3830mW
08-01-2026 01:36:56 RAM 3386/7620MB (lfb 8x2MB) SWAP 7/3810MB (cached 0MB) CPU [1%@1728,91%@1728,0%@1728,0%@1728,0%@729,0%@729] GR3D_FREQ 27% cpu@57.656C soc2@55.375C soc0@57.031C gpu@58.343C tj@58.343C soc1@57.218C VDD_IN 10000mW/9846mW VDD_CPU_GPU_CV 2995mW/2842mW VDD_SOC 3880mW/3830mW
08-01-2026 01:36:57 RAM 3386/7620MB (lfb 8x2MB) SWAP 7/3810MB (cached 0MB) CPU [1%@1728,91%@1728,0%@1728,0%@1728,0%@729,0%@729] GR3D_FREQ 30% cpu@57.562C soc2@55.468C soc0@57.125C gpu@58.343C tj@58.343C soc1@57.218C VDD_IN 10096mW/9846mW VDD_CPU_GPU_CV 2955mW/2842mW VDD_SOC 3880mW/3830mW
08-01-2026 01:36:58 RAM 3386/7620MB (lfb 8x2MB) SWAP 7/3810MB (cached 0MB) CPU [1%@1728,89%@1728,0%@1728,0%@1728,0%@729,0%@729] GR3D_FREQ 29% cpu@57.5C soc2@55.5C soc0@57.187C gpu@58.437C tj@58.437C soc1@57.281C VDD_IN 9935mW/9846mW VDD_CPU_GPU_CV 2915mW/2842mW VDD_SOC 3880mW/3831mW
08-01-2026 01:36:59 RAM 3390/7620MB (lfb 7x2MB) SWAP 7/3810MB (cached 0MB) CPU [42%@1728,47%@1728,0%@1728,0%@1728,0%@729,0%@729] GR3D_FREQ 30% cpu@57.687C soc2@55.531C soc0@57.312C gpu@58.312C tj@58.312C soc1@57.125C VDD_IN 10016mW/9846mW VDD_CPU_GPU_CV 2915mW/2842mW VDD_SOC 3880mW/3831mW
08-01-2026 01:37:00 RAM 3390/7620MB (lfb 7x2MB) SWAP 7/3810MB (cached 0MB) CPU [91%@1728,0%@1728,1%@1728,0%@1728,0%@729,0%@729] GR3D_FREQ 29% cpu@57.656C soc2@55.468C soc0@57.218C gpu@58.406C tj@58.093C soc1@57.125C VDD_IN 10016mW/9846mW VDD_CPU_GPU_CV 2915mW/2843mW VDD_SOC 3880mW/3831mW
08-01-2026 01:37:01 RAM 3390/7620MB (lfb 7x2MB) SWAP 7/3810MB (cached 0MB) CPU [49%@1728,41%@1728,0%@1728,0%@1728,0%@729,0%@729] GR3D_FREQ 30% cpu@57.656C soc2@55.343C soc0@57.062C gpu@58.125C tj@58.125C soc1@57.093C VDD_IN 10056mW/9846mW VDD_CPU_GPU_CV 2915mW/2843mW VDD_SOC 3880mW/3831mW
08-01-2026 01:37:02 RAM 3390/7620MB (lfb 7x2MB) SWAP 7/3810MB (cached 0MB) CPU [35%@1728,49%@1728,4%@1728,1%@1728,0%@729,0%@729] GR3D_FREQ 29% cpu@57.906C soc2@55.468C soc0@57.125C gpu@58.093C tj@58.093C soc1@57.218C VDD_IN 9855mW/9846mW VDD_CPU_GPU_CV 2760mW/2843mW VDD_SOC 3880mW/3831mW
08-01-2026 01:37:03 RAM 3390/7620MB (lfb 7x2MB) SWAP 7/3810MB (cached 0MB) CPU [53%@1728,0%@1728,37%@1728,0%@1728,0%@729,0%@729] GR3D_FREQ 28% cpu@58.062C soc2@55.468C soc0@57.093C gpu@58.156C tj@58.156C soc1@57.281C VDD_IN 10176mW/9847mW VDD_CPU_GPU_CV 2955mW/2843mW VDD_SOC 3880mW/3831mW
08-01-2026 01:37:04 RAM 3390/7620MB (lfb 7x2MB) SWAP 7/3810MB (cached 0MB) CPU [1%@1728,1%@1728,90%@1728,0%@1728,0%@729,0%@729] GR3D_FREQ 28% cpu@57.937C soc2@55.406C soc0@57.156C gpu@58.156C tj@58.156C soc1@57C VDD_IN 10216mW/9847mW VDD_CPU_GPU_CV 2995mW/2843mW VDD_SOC 3920mW/3831mW
08-01-2026 01:37:05 RAM 3390/7620MB (lfb 7x2MB) SWAP 7/3810MB (cached 0MB) CPU [1%@1728,0%@1728,90%@1728,0%@1728,0%@729,0%@729] GR3D_FREQ 30% cpu@58.187C soc2@55.406C soc0@57.312C gpu@58.5C tj@58.5C soc1@57.125C VDD_IN 10176mW/9848mW VDD_CPU_GPU_CV 2995mW/2843mW VDD_SOC 3920mW/3831mW
08-01-2026 01:37:06 RAM 3390/7620MB (lfb 7x2MB) SWAP 7/3810MB (cached 0MB) CPU [1%@1728,0%@1728,91%@1728,0%@1728,0%@729,0%@729] GR3D_FREQ 30% cpu@58.125C soc2@55.5C soc0@57.093C gpu@58.062C tj@58.125C soc1@57.156C VDD_IN 10256mW/9848mW VDD_CPU_GPU_CV 3075mW/2843mW VDD_SOC 3920mW/3831mW
08-01-2026 01:37:07 RAM 3390/7620MB (lfb 7x2MB) SWAP 7/3810MB (cached 0MB) CPU [1%@1728,0%@1728,91%@1728,0%@1728,0%@729,0%@729] GR3D_FREQ 30% cpu@57.968C soc2@55.437C soc0@57.218C gpu@58.093C tj@58.093C soc1@57.187C VDD_IN 10176mW/9848mW VDD_CPU_GPU_CV 3035mW/2843mW VDD_SOC 3920mW/3831mW
08-01-2026 01:37:08 RAM 3390/7620MB (lfb 7x2MB) SWAP 7/3810MB (cached 0MB) CPU [2%@1728,0%@1728,90%@1728,0%@1728,0%@729,0%@729] GR3D_FREQ 29% cpu@57.968C soc2@55.5C soc0@57.062C gpu@58.031C tj@58.031C soc1@57.281C VDD_IN 10136mW/9849mW VDD_CPU_GPU_CV 3035mW/2844mW VDD_SOC 3880mW/3831mW
08-01-2026 01:37:09 RAM 3390/7620MB (lfb 7x2MB) SWAP 7/3810MB (cached 0MB) CPU [1%@1728,0%@1728,88%@1728,1%@1728,0%@729,0%@729] GR3D_FREQ 30% cpu@58C soc2@55.375C soc0@57.031C gpu@58.062C tj@58.062C soc1@57C VDD_IN 9975mW/9849mW VDD_CPU_GPU_CV 2840mW/2844mW VDD_SOC 3880mW/3831mW
08-01-2026 01:37:10 RAM 3390/7620MB (lfb 7x2MB) SWAP 7/3810MB (cached 0MB) CPU [0%@1728,0%@1728,90%@1728,0%@1728,0%@729,0%@729] GR3D_FREQ 29% cpu@58.156C soc2@55.437C soc0@57.281C gpu@58.093C tj@58.281C soc1@57.187C VDD_IN 10216mW/9849mW VDD_CPU_GPU_CV 3035mW/2844mW VDD_SOC 3920mW/3831mW
08-01-2026 01:37:11 RAM 3390/7620MB (lfb 7x2MB) SWAP 7/3810MB (cached 0MB) CPU [33%@1728,0%@1728,58%@1728,0%@1728,0%@729,0%@729] GR3D_FREQ 28% cpu@57.625C soc2@55.406C soc0@57.031C gpu@58.281C tj@58.281C soc1@57.218C VDD_IN 10160mW/9849mW VDD_CPU_GPU_CV 3115mW/2844mW VDD_SOC 3920mW/3831mW
08-01-2026 01:37:12 RAM 3390/7620MB (lfb 7x2MB) SWAP 7/3810MB (cached 0MB) CPU [90%@1728,0%@1728,0%@1728,1%@1728,0%@729,0%@729] GR3D_FREQ 30% cpu@58.031C soc2@55.562C soc0@57.156C gpu@58.25C tj@58.25C soc1@57.187C VDD_IN 10296mW/9850mW VDD_CPU_GPU_CV 3075mW/2844mW VDD_SOC 3920mW/3832mW
08-01-2026 01:37:13 RAM 3390/7620MB (lfb 7x2MB) SWAP 7/3810MB (cached 0MB) CPU [92%@1728,0%@1728,0%@1728,0%@1728,0%@729,0%@729] GR3D_FREQ 29% cpu@57.718C soc2@55.656C soc0@57.187C gpu@58.25C tj@58.25C soc1@57.375C VDD_IN 10296mW/9850mW VDD_CPU_GPU_CV 3115mW/2845mW VDD_SOC 3920mW/3832mW
08-01-2026 01:37:14 RAM 3390/7620MB (lfb 7x2MB) SWAP 7/3810MB (cached 0MB) CPU [90%@1728,0%@1728,1%@1728,0%@1728,0%@729,0%@729] GR3D_FREQ 30% cpu@57.75C soc2@55.562C soc0@57.187C gpu@58.312C tj@58.312C soc1@57.125C VDD_IN 10256mW/9851mW VDD_CPU_GPU_CV 3075mW/2845mW VDD_SOC 3920mW/3832mW
08-01-2026 01:37:15 RAM 3390/7620MB (lfb 7x2MB) SWAP 7/3810MB (cached 0MB) CPU [90%@1728,1%@1728,0%@1728,0%@1728,0%@729,0%@729] GR3D_FREQ 29% cpu@57.75C soc2@55.437C soc0@57.25C gpu@58.281C tj@58.281C soc1@57.156C VDD_IN 10296mW/9851mW VDD_CPU_GPU_CV 3115mW/2845mW VDD_SOC 3920mW/3832mW
08-01-2026 01:37:16 RAM 3390/7620MB (lfb 7x2MB) SWAP 7/3810MB (cached 0MB) CPU [90%@1728,0%@1728,0%@1728,0%@1728,0%@729,0%@729] GR3D_FREQ 29% cpu@57.656C soc2@55.531C soc0@57.156C gpu@58.312C tj@58.312C soc1@57.156C VDD_IN 10336mW/9852mW VDD_CPU_GPU_CV 3115mW/2845mW VDD_SOC 3920mW/3832mW
08-01-2026 01:37:17 RAM 3390/7620MB (lfb 7x2MB) SWAP 7/3810MB (cached 0MB) CPU [92%@1728,0%@1728,0%@1728,0%@1728,0%@729,1%@729] GR3D_FREQ 29% cpu@58C soc2@55.406C soc0@57.125C gpu@58.312C tj@58.312C soc1@57.25C VDD_IN 10320mW/9852mW VDD_CPU_GPU_CV 3154mW/2846mW VDD_SOC 3960mW/3832mW
08-01-2026 01:37:18 RAM 3390/7620MB (lfb 7x2MB) SWAP 7/3810MB (cached 0MB) CPU [91%@1728,0%@1728,0%@1728,0%@1728,0%@729,0%@729] GR3D_FREQ 30% cpu@57.625C soc2@55.531C soc0@57.156C gpu@58.093C tj@58.093C soc1@57.375C VDD_IN 10360mW/9853mW VDD_CPU_GPU_CV 3154mW/2846mW VDD_SOC 3920mW/3832mW
08-01-2026 01:37:19 RAM 3392/7620MB (lfb 6x2MB) SWAP 7/3810MB (cached 0MB) CPU [57%@1728,0%@1728,33%@1728,0%@1728,0%@729,0%@729] GR3D_FREQ 27% cpu@58.125C soc2@55.468C soc0@57.187C gpu@58.156C tj@58.156C soc1@57.125C VDD_IN 10376mW/9853mW VDD_CPU_GPU_CV 3075mW/2846mW VDD_SOC 3920mW/3832mW
08-01-2026 01:37:20 RAM 3392/7620MB (lfb 6x2MB) SWAP 7/3810MB (cached 0MB) CPU [1%@1728,0%@1728,90%@1728,0%@1728,0%@729,0%@729] GR3D_FREQ 29% cpu@58.281C soc2@55.468C soc0@57.281C gpu@58.187C tj@58.281C soc1@57.156C VDD_IN 10336mW/9854mW VDD_CPU_GPU_CV 3075mW/2846mW VDD_SOC 3920mW/3832mW
08-01-2026 01:37:21 RAM 3392/7620MB (lfb 6x2MB) SWAP 7/3810MB (cached 0MB) CPU [1%@1728,0%@1728,90%@1728,0%@1728,0%@729,0%@729] GR3D_FREQ 27% cpu@58.093C soc2@55.375C soc0@57.125C gpu@58.187C tj@58.187C soc1@57.187C VDD_IN 10376mW/9854mW VDD_CPU_GPU_CV 3115mW/2847mW VDD_SOC 3920mW/3832mW
08-01-2026 01:37:22 RAM 3392/7620MB (lfb 6x2MB) SWAP 7/3810MB (cached 0MB) CPU [1%@1728,0%@1728,90%@1728,0%@1728,0%@729,0%@729] GR3D_FREQ 30% cpu@58.281C soc2@55.468C soc0@57.125C gpu@58.156C tj@58.281C soc1@57.218C VDD_IN 10240mW/9854mW VDD_CPU_GPU_CV 3115mW/2847mW VDD_SOC 3960mW/3832mW
08-01-2026 01:37:23 RAM 3392/7620MB (lfb 6x2MB) SWAP 7/3810MB (cached 0MB) CPU [2%@1728,0%@1728,90%@1728,0%@1728,0%@729,0%@729] GR3D_FREQ 28% cpu@57.906C soc2@55.437C soc0@57.125C gpu@58.187C tj@58.187C soc1@57.25C VDD_IN 10416mW/9855mW VDD_CPU_GPU_CV 3075mW/2847mW VDD_SOC 3960mW/3833mW
08-01-2026 01:37:24 RAM 3392/7620MB (lfb 6x2MB) SWAP 7/3810MB (cached 0MB) CPU [1%@1728,0%@1728,90%@1728,0%@1728,0%@729,0%@729] GR3D_FREQ 27% cpu@58.187C soc2@55.531C soc0@57.218C gpu@58.187C tj@58.406C soc1@57.062C VDD_IN 10360mW/9855mW VDD_CPU_GPU_CV 3115mW/2847mW VDD_SOC 3960mW/3833mW
08-01-2026 01:37:25 RAM 3392/7620MB (lfb 6x2MB) SWAP 7/3810MB (cached 0MB) CPU [1%@1728,0%@1728,90%@1728,0%@1728,0%@729,0%@729] GR3D_FREQ 27% cpu@58.187C soc2@55.406C soc0@57.218C gpu@58.562C tj@58.562C soc1@57.125C VDD_IN 10360mW/9856mW VDD_CPU_GPU_CV 3154mW/2848mW VDD_SOC 3960mW/3833mW
08-01-2026 01:37:26 RAM 3392/7620MB (lfb 6x2MB) SWAP 7/3810MB (cached 0MB) CPU [1%@1728,1%@1728,90%@1728,0%@1728,0%@729,0%@729] GR3D_FREQ 30% cpu@58.187C soc2@55.406C soc0@57.062C gpu@58.5C tj@58.5C soc1@57.187C VDD_IN 10280mW/9856mW VDD_CPU_GPU_CV 3194mW/2848mW VDD_SOC 3920mW/3833mW
08-01-2026 01:37:27 RAM 3392/7620MB (lfb 6x2MB) SWAP 7/3810MB (cached 0MB) CPU [1%@1728,0%@1728,91%@1728,0%@1728,0%@729,0%@729] GR3D_FREQ 30% cpu@58.25C soc2@55.5C soc0@57.281C gpu@58.562C tj@58.562C soc1@57.187C VDD_IN 10376mW/9857mW VDD_CPU_GPU_CV 3115mW/2848mW VDD_SOC 3960mW/3833mW
08-01-2026 01:37:28 RAM 3392/7620MB (lfb 6x2MB) SWAP 7/3810MB (cached 0MB) CPU [1%@1728,0%@1728,90%@1728,0%@1728,0%@729,0%@729] GR3D_FREQ 30% cpu@57.937C soc2@55.437C soc0@57.093C gpu@58.593C tj@58.593C soc1@57.25C VDD_IN 10376mW/9857mW VDD_CPU_GPU_CV 3115mW/2849mW VDD_SOC 3920mW/3833mW
08-01-2026 01:37:29 RAM 3393/7620MB (lfb 6x2MB) SWAP 7/3810MB (cached 0MB) CPU [2%@1728,0%@1728,89%@1728,0%@1728,0%@729,0%@729] GR3D_FREQ 28% cpu@58.156C soc2@55.5C soc0@57.125C gpu@58.031C tj@58.156C soc1@57.062C VDD_IN 10296mW/9858mW VDD_CPU_GPU_CV 3075mW/2849mW VDD_SOC 3960mW/3833mW
08-01-2026 01:37:30 RAM 3393/7620MB (lfb 6x2MB) SWAP 7/3810MB (cached 0MB) CPU [0%@1728,0%@1728,87%@1728,1%@1728,0%@729,0%@729] GR3D_FREQ 30% cpu@58.187C soc2@55.468C soc0@57.312C gpu@58.062C tj@58.187C soc1@57.156C VDD_IN 9975mW/9858mW VDD_CPU_GPU_CV 2835mW/2849mW VDD_SOC 3960mW/3833mW
08-01-2026 01:37:31 RAM 3393/7620MB (lfb 6x2MB) SWAP 7/3810MB (cached 0MB) CPU [1%@1728,0%@1728,90%@1728,0%@1728,0%@729,0%@729] GR3D_FREQ 30% cpu@57.937C soc2@55.343C soc0@57.218C gpu@58.125C tj@58.125C soc1@57.093C VDD_IN 10440mW/9859mW VDD_CPU_GPU_CV 3154mW/2849mW VDD_SOC 3960mW/3834mW
08-01-2026 01:37:32 RAM 3393/7620MB (lfb 6x2MB) SWAP 7/3810MB (cached 0MB) CPU [1%@1728,1%@1728,90%@1728,1%@1728,0%@729,0%@729] GR3D_FREQ 29% cpu@58.312C soc2@55.406C soc0@57.093C gpu@58.125C tj@58.312C soc1@57.156C VDD_IN 10480mW/9859mW VDD_CPU_GPU_CV 3194mW/2849mW VDD_SOC 3960mW/3834mW
08-01-2026 01:37:33 RAM 3393/7620MB (lfb 6x2MB) SWAP 7/3810MB (cached 0MB) CPU [1%@1728,0%@1728,91%@1728,0%@1728,0%@729,0%@729] GR3D_FREQ 30% cpu@57.875C soc2@55.406C soc0@57.156C gpu@58.25C tj@58.25C soc1@57.187C VDD_IN 10400mW/9860mW VDD_CPU_GPU_CV 3234mW/2850mW VDD_SOC 3960mW/3834mW
08-01-2026 01:37:34 RAM 3393/7620MB (lfb 6x2MB) SWAP 7/3810MB (cached 0MB) CPU [1%@1728,0%@1728,58%@1728,30%@1728,0%@729,0%@729] GR3D_FREQ 28% cpu@57.781C soc2@55.468C soc0@57.25C gpu@58.312C tj@58.312C soc1@57.125C VDD_IN 10360mW/9860mW VDD_CPU_GPU_CV 3154mW/2850mW VDD_SOC 3960mW/3834mW
08-01-2026 01:37:35 RAM 3393/7620MB (lfb 6x2MB) SWAP 7/3810MB (cached 0MB) CPU [0%@1728,0%@1728,0%@1728,90%@1728,0%@729,0%@729] GR3D_FREQ 29% cpu@57.656C soc2@55.531C soc0@57.218C gpu@58.281C tj@58.281C soc1@57.125C VDD_IN 10440mW/9861mW VDD_CPU_GPU_CV 3194mW/2850mW VDD_SOC 3960mW/3834mW
08-01-2026 01:37:36 RAM 3393/7620MB (lfb 6x2MB) SWAP 7/3810MB (cached 0MB) CPU [3%@1728,0%@1728,32%@1728,58%@1728,0%@729,0%@729] GR3D_FREQ 27% cpu@58.031C soc2@55.406C soc0@57.25C gpu@58.343C tj@58.343C soc1@57.031C VDD_IN 10360mW/9861mW VDD_CPU_GPU_CV 3154mW/2851mW VDD_SOC 3960mW/3834mW
08-01-2026 01:37:37 RAM 3393/7620MB (lfb 6x2MB) SWAP 7/3810MB (cached 0MB) CPU [1%@1728,0%@1728,91%@1728,0%@1728,2%@729,0%@729] GR3D_FREQ 27% cpu@58.406C soc2@55.406C soc0@57.093C gpu@58.343C tj@58.406C soc1@57.25C VDD_IN 10280mW/9862mW VDD_CPU_GPU_CV 3154mW/2851mW VDD_SOC 3960mW/3834mW
08-01-2026 01:37:38 RAM 3393/7620MB (lfb 6x2MB) SWAP 7/3810MB (cached 0MB) CPU [1%@1728,0%@1728,92%@1728,0%@1728,1%@729,0%@729] GR3D_FREQ 29% cpu@58.062C soc2@55.468C soc0@57.156C gpu@58.375C tj@58.375C soc1@57.125C VDD_IN 10296mW/9862mW VDD_CPU_GPU_CV 3115mW/2851mW VDD_SOC 3960mW/3834mW
08-01-2026 01:37:39 RAM 3393/7620MB (lfb 6x2MB) SWAP 7/3810MB (cached 0MB) CPU [28%@1728,0%@1728,59%@1728,0%@1728,0%@729,0%@729] GR3D_FREQ 29% cpu@57.5C soc2@55.5C soc0@57.093C gpu@58.281C tj@58.281C soc1@57.312C VDD_IN 10096mW/9862mW VDD_CPU_GPU_CV 2835mW/2851mW VDD_SOC 3920mW/3834mW
08-01-2026 01:37:40 RAM 3393/7620MB (lfb 6x2MB) SWAP 7/3810MB (cached 0MB) CPU [92%@1728,0%@1728,0%@1728,0%@1728,0%@729,0%@729] GR3D_FREQ 27% cpu@57.593C soc2@55.562C soc0@57.218C gpu@58.343C tj@58.343C soc1@57.156C VDD_IN 10400mW/9863mW VDD_CPU_GPU_CV 3154mW/2852mW VDD_SOC 3960mW/3835mW
08-01-2026 01:37:41 RAM 3393/7620MB (lfb 6x2MB) SWAP 7/3810MB (cached 0MB) CPU [89%@1728,0%@1728,0%@1728,0%@1728,0%@729,0%@729] GR3D_FREQ 29% cpu@57.75C soc2@55.437C soc0@57.25C gpu@58.031C tj@58.031C soc1@57.187C VDD_IN 10400mW/9863mW VDD_CPU_GPU_CV 3194mW/2852mW VDD_SOC 3960mW/3835mW
08-01-2026 01:37:42 RAM 3392/7620MB (lfb 6x2MB) SWAP 7/3810MB (cached 0MB) CPU [92%@1728,0%@1728,0%@1728,0%@1728,1%@729,0%@729] GR3D_FREQ 30% cpu@57.906C soc2@55.531C soc0@57.125C gpu@58.125C tj@58.125C soc1@57.187C VDD_IN 10440mW/9864mW VDD_CPU_GPU_CV 3234mW/2852mW VDD_SOC 3960mW/3835mW
08-01-2026 01:37:43 RAM 3392/7620MB (lfb 6x2MB) SWAP 7/3810MB (cached 0MB) CPU [89%@1728,0%@1728,1%@1728,0%@1728,0%@729,1%@729] GR3D_FREQ 29% cpu@57.5C soc2@55.406C soc0@57.125C gpu@58.218C tj@58.218C soc1@57.156C VDD_IN 10400mW/9864mW VDD_CPU_GPU_CV 3234mW/2853mW VDD_SOC 3960mW/3835mW
08-01-2026 01:37:44 RAM 3392/7620MB (lfb 6x2MB) SWAP 7/3810MB (cached 0MB) CPU [92%@1728,0%@1728,0%@1728,1%@1728,0%@729,0%@729] GR3D_FREQ 30% cpu@57.5C soc2@55.562C soc0@57.125C gpu@58.218C tj@58.218C soc1@57.281C VDD_IN 10560mW/9865mW VDD_CPU_GPU_CV 3274mW/2853mW VDD_SOC 3960mW/3835mW
08-01-2026 01:37:45 RAM 3392/7620MB (lfb 6x2MB) SWAP 7/3810MB (cached 0MB) CPU [89%@1728,0%@1728,1%@1728,0%@1728,0%@729,0%@729] GR3D_FREQ 28% cpu@57.687C soc2@55.531C soc0@57.187C gpu@58.187C tj@58.187C soc1@57.125C VDD_IN 10480mW/9866mW VDD_CPU_GPU_CV 3234mW/2853mW VDD_SOC 4000mW/3835mW
08-01-2026 01:37:46 RAM 3392/7620MB (lfb 6x2MB) SWAP 7/3810MB (cached 0MB) CPU [91%@1728,0%@1728,0%@1728,0%@1728,2%@729,0%@729] GR3D_FREQ 26% cpu@57.625C soc2@55.468C soc0@57.156C gpu@58.125C tj@58.125C soc1@57.093C VDD_IN 10560mW/9866mW VDD_CPU_GPU_CV 3274mW/2854mW VDD_SOC 4000mW/3835mW
08-01-2026 01:37:47 RAM 3392/7620MB (lfb 6x2MB) SWAP 7/3810MB (cached 0MB) CPU [90%@1728,0%@1728,0%@1728,0%@1728,0%@729,0%@729] GR3D_FREQ 26% cpu@57.781C soc2@55.531C soc0@57.125C gpu@58.187C tj@58.187C soc1@57.156C VDD_IN 10560mW/9867mW VDD_CPU_GPU_CV 3274mW/2854mW VDD_SOC 3960mW/3836mW
08-01-2026 01:37:48 RAM 3392/7620MB (lfb 6x2MB) SWAP 7/3810MB (cached 0MB) CPU [62%@1728,29%@1728,0%@1728,0%@1728,0%@729,0%@729] GR3D_FREQ 29% cpu@57.531C soc2@55.406C soc0@57.187C gpu@58.187C tj@58.187C soc1@57.156C VDD_IN 10520mW/9868mW VDD_CPU_GPU_CV 3314mW/2855mW VDD_SOC 4000mW/3836mW
08-01-2026 01:37:49 RAM 3392/7620MB (lfb 6x2MB) SWAP 7/3810MB (cached 0MB) CPU [30%@1728,61%@1728,1%@1728,0%@1728,0%@729,0%@729] GR3D_FREQ 28% cpu@57.875C soc2@55.562C soc0@57.218C gpu@58.218C tj@58.218C soc1@57.312C VDD_IN 10520mW/9868mW VDD_CPU_GPU_CV 3234mW/2855mW VDD_SOC 3960mW/3836mW
08-01-2026 01:37:50 RAM 3393/7620MB (lfb 6x2MB) SWAP 7/3810MB (cached 0MB) CPU [62%@1728,30%@1728,0%@1728,0%@1728,0%@729,0%@729] GR3D_FREQ 27% cpu@57.625C soc2@55.437C soc0@57.218C gpu@58.593C tj@58.593C soc1@57.031C VDD_IN 10560mW/9869mW VDD_CPU_GPU_CV 3274mW/2855mW VDD_SOC 4000mW/3836mW
08-01-2026 01:37:51 RAM 3393/7620MB (lfb 6x2MB) SWAP 7/3810MB (cached 0MB) CPU [0%@1728,91%@1728,0%@1728,0%@1728,0%@729,0%@729] GR3D_FREQ 30% cpu@57.687C soc2@55.468C soc0@57.218C gpu@58C tj@58C soc1@57.156C VDD_IN 10480mW/9870mW VDD_CPU_GPU_CV 3194mW/2856mW VDD_SOC 4040mW/3836mW
08-01-2026 01:37:52 RAM 3393/7620MB (lfb 6x2MB) SWAP 7/3810MB (cached 0MB) CPU [2%@1728,90%@1728,1%@1728,0%@1728,0%@729,0%@729] GR3D_FREQ 28% cpu@57.656C soc2@55.468C soc0@57.218C gpu@58.093C tj@58.093C soc1@57.125C VDD_IN 10360mW/9870mW VDD_CPU_GPU_CV 3194mW/2856mW VDD_SOC 4000mW/3836mW
08-01-2026 01:37:53 RAM 3393/7620MB (lfb 6x2MB) SWAP 7/3810MB (cached 0MB) CPU [0%@1728,91%@1728,0%@1728,1%@1728,0%@729,0%@729] GR3D_FREQ 28% cpu@57.625C soc2@55.375C soc0@57.125C gpu@58.031C tj@58.031C soc1@57.218C VDD_IN 10536mW/9871mW VDD_CPU_GPU_CV 3154mW/2856mW VDD_SOC 3920mW/3836mW
08-01-2026 01:37:54 RAM 3393/7620MB (lfb 6x2MB) SWAP 7/3810MB (cached 0MB) CPU [1%@1728,56%@1728,34%@1728,0%@1728,0%@729,0%@729] GR3D_FREQ 28% cpu@57.906C soc2@55.531C soc0@57.187C gpu@58.125C tj@58.125C soc1@57.218C VDD_IN 10376mW/9871mW VDD_CPU_GPU_CV 3115mW/2857mW VDD_SOC 3960mW/3836mW
08-01-2026 01:37:55 RAM 3393/7620MB (lfb 6x2MB) SWAP 7/3810MB (cached 0MB) CPU [1%@1728,1%@1728,90%@1728,0%@1728,0%@729,0%@729] GR3D_FREQ 30% cpu@57.968C soc2@55.343C soc0@57.156C gpu@58C tj@58C soc1@57.062C VDD_IN 10320mW/9872mW VDD_CPU_GPU_CV 3115mW/2857mW VDD_SOC 3920mW/3837mW
08-01-2026 01:37:56 RAM 3393/7620MB (lfb 6x2MB) SWAP 7/3810MB (cached 0MB) CPU [1%@1728,0%@1728,90%@1728,0%@1728,0%@729,0%@729] GR3D_FREQ 29% cpu@58.062C soc2@55.531C soc0@57.218C gpu@58.156C tj@58.156C soc1@57.062C VDD_IN 10200mW/9872mW VDD_CPU_GPU_CV 3115mW/2857mW VDD_SOC 3920mW/3837mW
08-01-2026 01:37:57 RAM 3393/7620MB (lfb 6x2MB) SWAP 7/3810MB (cached 0MB) CPU [2%@1728,0%@1728,91%@1728,1%@1728,0%@729,0%@729] GR3D_FREQ 29% cpu@58.218C soc2@55.375C soc0@57.25C gpu@58.062C tj@58.218C soc1@57.125C VDD_IN 10296mW/9872mW VDD_CPU_GPU_CV 3075mW/2857mW VDD_SOC 3920mW/3837mW
08-01-2026 01:37:58 RAM 3393/7620MB (lfb 6x2MB) SWAP 7/3810MB (cached 0MB) CPU [1%@729,2%@729,41%@729,0%@729,15%@1728,35%@1728] GR3D_FREQ 30% cpu@57.531C soc2@55.312C soc0@57.125C gpu@58.031C tj@58.218C soc1@57.062C VDD_IN 10336mW/9873mW VDD_CPU_GPU_CV 3035mW/2857mW VDD_SOC 3920mW/3837mW
08-01-2026 01:37:59 RAM 3393/7620MB (lfb 6x2MB) SWAP 7/3810MB (cached 0MB) CPU [1%@729,0%@729,0%@729,0%@729,0%@1728,89%@1728] GR3D_FREQ 28% cpu@57.406C soc2@55.343C soc0@57.156C gpu@58.25C tj@58.25C soc1@57.218C VDD_IN 10296mW/9873mW VDD_CPU_GPU_CV 3115mW/2858mW VDD_SOC 3920mW/3837mW
08-01-2026 01:38:00 RAM 3393/7620MB (lfb 6x2MB) SWAP 7/3810MB (cached 0MB) CPU [0%@729,0%@729,0%@729,0%@729,0%@1728,90%@1728] GR3D_FREQ 29% cpu@57.281C soc2@55.312C soc0@57.125C gpu@58.25C tj@58.25C soc1@57.25C VDD_IN 10336mW/9874mW VDD_CPU_GPU_CV 3075mW/2858mW VDD_SOC 3920mW/3837mW
08-01-2026 01:38:01 RAM 3393/7620MB (lfb 6x2MB) SWAP 7/3810MB (cached 0MB) CPU [2%@729,0%@729,0%@729,0%@729,0%@1728,90%@1728] GR3D_FREQ 30% cpu@57.437C soc2@55.406C soc0@57.25C gpu@58.218C tj@58.218C soc1@57.125C VDD_IN 10256mW/9874mW VDD_CPU_GPU_CV 3075mW/2858mW VDD_SOC 3960mW/3837mW
08-01-2026 01:38:02 RAM 3393/7620MB (lfb 6x2MB) SWAP 7/3810MB (cached 0MB) CPU [2%@729,1%@729,1%@729,1%@729,0%@1728,90%@1728] GR3D_FREQ 30% cpu@57.5C soc2@55.343C soc0@57.031C gpu@58C tj@58C soc1@57.062C VDD_IN 10160mW/9874mW VDD_CPU_GPU_CV 3075mW/2858mW VDD_SOC 3920mW/3837mW
08-01-2026 01:38:03 RAM 3393/7620MB (lfb 6x2MB) SWAP 7/3810MB (cached 0MB) CPU [1%@729,0%@729,0%@729,0%@729,1%@1728,89%@1728] GR3D_FREQ 30% cpu@57.406C soc2@55.375C soc0@57.031C gpu@58C tj@58C soc1@57.156C VDD_IN 10200mW/9874mW VDD_CPU_GPU_CV 3115mW/2859mW VDD_SOC 3920mW/3837mW
08-01-2026 01:38:04 RAM 3393/7620MB (lfb 6x2MB) SWAP 7/3810MB (cached 0MB) CPU [1%@729,0%@729,0%@729,0%@729,4%@1728,86%@1728] GR3D_FREQ 30% cpu@57.375C soc2@55.343C soc0@57.156C gpu@58.031C tj@58.031C soc1@57.25C VDD_IN 10216mW/9875mW VDD_CPU_GPU_CV 3035mW/2859mW VDD_SOC 3920mW/3837mW
08-01-2026 01:38:05 RAM 3393/7620MB (lfb 6x2MB) SWAP 7/3810MB (cached 0MB) CPU [1%@729,0%@729,0%@729,0%@729,0%@1728,90%@1728] GR3D_FREQ 30% cpu@57.437C soc2@55.406C soc0@57.187C gpu@58.062C tj@58.062C soc1@57.187C VDD_IN 10120mW/9875mW VDD_CPU_GPU_CV 3075mW/2859mW VDD_SOC 3880mW/3837mW
08-01-2026 01:38:06 RAM 3393/7620MB (lfb 6x2MB) SWAP 7/3810MB (cached 0MB) CPU [1%@729,0%@729,0%@729,0%@729,1%@1728,90%@1728] GR3D_FREQ 29% cpu@57.468C soc2@55.375C soc0@57.281C gpu@58.031C tj@58.031C soc1@57.25C VDD_IN 10216mW/9875mW VDD_CPU_GPU_CV 3035mW/2859mW VDD_SOC 3920mW/3837mW
08-01-2026 01:38:07 RAM 3393/7620MB (lfb 6x2MB) SWAP 7/3810MB (cached 0MB) CPU [1%@729,0%@729,0%@729,0%@729,0%@1728,90%@1728] GR3D_FREQ 30% cpu@57.562C soc2@55.375C soc0@57.093C gpu@58.218C tj@58.218C soc1@57.156C VDD_IN 10136mW/9876mW VDD_CPU_GPU_CV 3035mW/2859mW VDD_SOC 3880mW/3837mW
08-01-2026 01:38:08 RAM 3393/7620MB (lfb 6x2MB) SWAP 7/3810MB (cached 0MB) CPU [1%@729,1%@729,0%@729,0%@729,0%@1728,90%@1728] GR3D_FREQ 30% cpu@57.375C soc2@55.375C soc0@57.125C gpu@58.375C tj@58.375C soc1@57.187C VDD_IN 10176mW/9876mW VDD_CPU_GPU_CV 3035mW/2859mW VDD_SOC 3880mW/3838mW
08-01-2026 01:38:09 RAM 3393/7620MB (lfb 6x2MB) SWAP 7/3810MB (cached 0MB) CPU [1%@729,1%@729,0%@729,0%@729,0%@1728,90%@1728] GR3D_FREQ 27% cpu@57.406C soc2@55.406C soc0@57.125C gpu@58.343C tj@58.343C soc1@57.343C VDD_IN 10096mW/9876mW VDD_CPU_GPU_CV 2995mW/2860mW VDD_SOC 3880mW/3838mW
08-01-2026 01:38:10 RAM 3393/7620MB (lfb 6x2MB) SWAP 7/3810MB (cached 0MB) CPU [2%@729,1%@729,0%@729,0%@729,0%@1728,90%@1728] GR3D_FREQ 30% cpu@57.5C soc2@55.437C soc0@57.218C gpu@58.062C tj@58.062C soc1@57.093C VDD_IN 10056mW/9876mW VDD_CPU_GPU_CV 2955mW/2860mW VDD_SOC 3880mW/3838mW
08-01-2026 01:38:11 RAM 3393/7620MB (lfb 6x2MB) SWAP 7/3810MB (cached 0MB) CPU [1%@729,1%@729,0%@729,1%@729,1%@1728,91%@1728] GR3D_FREQ 30% cpu@57.531C soc2@55.343C soc0@57.031C gpu@58.062C tj@58.062C soc1@57.125C VDD_IN 10096mW/9876mW VDD_CPU_GPU_CV 2875mW/2860mW VDD_SOC 3880mW/3838mW
08-01-2026 01:38:12 RAM 3393/7620MB (lfb 6x2MB) SWAP 7/3810MB (cached 0MB) CPU [1%@729,1%@729,0%@729,0%@729,0%@1728,90%@1728] GR3D_FREQ 30% cpu@57.625C soc2@55.343C soc0@57.187C gpu@58C tj@58C soc1@57.156C VDD_IN 10056mW/9877mW VDD_CPU_GPU_CV 2955mW/2860mW VDD_SOC 3840mW/3838mW
08-01-2026 01:38:13 RAM 3393/7620MB (lfb 6x2MB) SWAP 7/3810MB (cached 0MB) CPU [0%@729,0%@729,0%@729,0%@729,0%@1728,90%@1728] GR3D_FREQ 30% cpu@57.375C soc2@55.375C soc0@57.093C gpu@58C tj@58C soc1@57.218C VDD_IN 9975mW/9877mW VDD_CPU_GPU_CV 2875mW/2860mW VDD_SOC 3840mW/3838mW
08-01-2026 01:38:14 RAM 3393/7620MB (lfb 6x2MB) SWAP 7/3810MB (cached 0MB) CPU [1%@729,1%@729,0%@729,0%@729,0%@1728,90%@1728] GR3D_FREQ 28% cpu@57.343C soc2@55.375C soc0@57.218C gpu@58.093C tj@58.093C soc1@57.062C VDD_IN 9935mW/9877mW VDD_CPU_GPU_CV 2920mW/2860mW VDD_SOC 3840mW/3838mW
08-01-2026 01:38:15 RAM 3393/7620MB (lfb 6x2MB) SWAP 7/3810MB (cached 0MB) CPU [0%@729,0%@729,1%@729,0%@729,0%@1728,90%@1728] GR3D_FREQ 27% cpu@57.562C soc2@55.312C soc0@57.156C gpu@58.5C tj@58.5C soc1@57.125C VDD_IN 9855mW/9877mW VDD_CPU_GPU_CV 2880mW/2860mW VDD_SOC 3800mW/3838mW
08-01-2026 01:38:16 RAM 3393/7620MB (lfb 6x2MB) SWAP 7/3810MB (cached 0MB) CPU [1%@729,0%@729,1%@729,0%@729,0%@1728,90%@1728] GR3D_FREQ 30% cpu@57.625C soc2@55.312C soc0@57.062C gpu@57.937C tj@57.937C soc1@57.125C VDD_IN 9935mW/9877mW VDD_CPU_GPU_CV 2835mW/2860mW VDD_SOC 3840mW/3838mW
08-01-2026 01:38:17 RAM 3393/7620MB (lfb 6x2MB) SWAP 7/3810MB (cached 0MB) CPU [1%@729,0%@729,0%@729,0%@729,0%@1728,90%@1728] GR3D_FREQ 29% cpu@57.656C soc2@55.406C soc0@57.093C gpu@58C tj@58C soc1@57.25C VDD_IN 9855mW/9877mW VDD_CPU_GPU_CV 2800mW/2860mW VDD_SOC 3800mW/3838mW
08-01-2026 01:38:18 RAM 3393/7620MB (lfb 6x2MB) SWAP 7/3810MB (cached 0MB) CPU [1%@729,1%@729,0%@729,0%@729,0%@1728,90%@1728] GR3D_FREQ 30% cpu@57.312C soc2@55.343C soc0@57.093C gpu@57.968C tj@57.968C soc1@57.156C VDD_IN 9775mW/9877mW VDD_CPU_GPU_CV 2760mW/2860mW VDD_SOC 3800mW/3838mW
08-01-2026 01:38:19 RAM 3393/7620MB (lfb 6x2MB) SWAP 7/3810MB (cached 0MB) CPU [1%@729,1%@729,0%@729,0%@729,0%@1728,89%@1728] GR3D_FREQ 30% cpu@57.375C soc2@55.406C soc0@57.156C gpu@57.937C tj@57.937C soc1@57.156C VDD_IN 9815mW/9877mW VDD_CPU_GPU_CV 2800mW/2860mW VDD_SOC 3800mW/3838mW
08-01-2026 01:38:20 RAM 3396/7620MB (lfb 4x2MB) SWAP 7/3810MB (cached 0MB) CPU [2%@729,1%@729,0%@729,0%@729,0%@1728,90%@1728] GR3D_FREQ 30% cpu@57.562C soc2@55.406C soc0@57.187C gpu@58.031C tj@58.031C soc1@57.156C VDD_IN 9815mW/9877mW VDD_CPU_GPU_CV 2800mW/2860mW VDD_SOC 3800mW/3837mW
08-01-2026 01:38:21 RAM 3396/7620MB (lfb 4x2MB) SWAP 7/3810MB (cached 0MB) CPU [0%@729,0%@729,1%@729,0%@729,0%@1728,91%@1728] GR3D_FREQ 30% cpu@57.593C soc2@55.343C soc0@57.125C gpu@58.125C tj@58.125C soc1@57.156C VDD_IN 9855mW/9877mW VDD_CPU_GPU_CV 2800mW/2860mW VDD_SOC 3800mW/3837mW
08-01-2026 01:38:22 RAM 3396/7620MB (lfb 4x2MB) SWAP 7/3810MB (cached 0MB) CPU [1%@729,0%@729,1%@729,0%@729,2%@1728,90%@1728] GR3D_FREQ 30% cpu@57.375C soc2@55.312C soc0@57.218C gpu@58.156C tj@58.156C soc1@57.312C VDD_IN 9695mW/9876mW VDD_CPU_GPU_CV 2800mW/2859mW VDD_SOC 3766mW/3837mW
08-01-2026 01:38:23 RAM 3396/7620MB (lfb 4x2MB) SWAP 7/3810MB (cached 0MB) CPU [1%@729,0%@729,1%@729,0%@729,0%@1728,89%@1728] GR3D_FREQ 30% cpu@57.343C soc2@55.406C soc0@57.25C gpu@58.093C tj@58.093C soc1@57.093C VDD_IN 9655mW/9876mW VDD_CPU_GPU_CV 2720mW/2859mW VDD_SOC 3766mW/3837mW
08-01-2026 01:38:24 RAM 3396/7620MB (lfb 4x2MB) SWAP 7/3810MB (cached 0MB) CPU [1%@729,0%@729,0%@729,0%@729,0%@1728,89%@1728] GR3D_FREQ 29% cpu@57.625C soc2@55.312C soc0@57.281C gpu@58C tj@58C soc1@57.156C VDD_IN 9695mW/9876mW VDD_CPU_GPU_CV 2760mW/2859mW VDD_SOC 3806mW/3837mW
08-01-2026 01:38:25 RAM 3396/7620MB (lfb 4x2MB) SWAP 7/3810MB (cached 0MB) CPU [1%@729,1%@729,0%@729,0%@729,0%@1728,91%@1728] GR3D_FREQ 27% cpu@57.468C soc2@55.343C soc0@57.093C gpu@58C tj@58C soc1@57.125C VDD_IN 9655mW/9876mW VDD_CPU_GPU_CV 2760mW/2859mW VDD_SOC 3766mW/3837mW
08-01-2026 01:38:26 RAM 3396/7620MB (lfb 4x2MB) SWAP 7/3810MB (cached 0MB) CPU [0%@729,0%@729,0%@729,0%@729,0%@1728,90%@1728] GR3D_FREQ 30% cpu@57.625C soc2@55.25C soc0@57.125C gpu@58C tj@58C soc1@57.281C VDD_IN 9615mW/9876mW VDD_CPU_GPU_CV 2760mW/2859mW VDD_SOC 3766mW/3837mW
08-01-2026 01:38:27 RAM 3396/7620MB (lfb 4x2MB) SWAP 7/3810MB (cached 0MB) CPU [1%@729,0%@729,0%@729,0%@729,1%@1728,90%@1728] GR3D_FREQ 29% cpu@57.406C soc2@55.312C soc0@57.218C gpu@58.031C tj@58.031C soc1@57.156C VDD_IN 9615mW/9875mW VDD_CPU_GPU_CV 2720mW/2859mW VDD_SOC 3766mW/3837mW
08-01-2026 01:38:28 RAM 3396/7620MB (lfb 4x2MB) SWAP 7/3810MB (cached 0MB) CPU [1%@729,1%@729,0%@729,0%@729,0%@1728,90%@1728] GR3D_FREQ 30% cpu@57.5C soc2@55.468C soc0@57.281C gpu@58C tj@58C soc1@57.187C VDD_IN 9535mW/9875mW VDD_CPU_GPU_CV 2720mW/2859mW VDD_SOC 3766mW/3837mW
08-01-2026 01:38:29 RAM 3396/7620MB (lfb 4x2MB) SWAP 7/3810MB (cached 0MB) CPU [1%@729,0%@729,0%@729,0%@729,0%@1728,90%@1728] GR3D_FREQ 38% cpu@57.531C soc2@55.281C soc0@57.187C gpu@58.156C tj@58.156C soc1@57.187C VDD_IN 9615mW/9875mW VDD_CPU_GPU_CV 2680mW/2859mW VDD_SOC 3766mW/3837mW
08-01-2026 01:38:30 RAM 3396/7620MB (lfb 4x2MB) SWAP 7/3810MB (cached 0MB) CPU [1%@729,1%@729,1%@729,1%@729,0%@1728,90%@1728] GR3D_FREQ 40% cpu@57.437C soc2@55.375C soc0@57.187C gpu@58.218C tj@58.218C soc1@57.156C VDD_IN 9575mW/9875mW VDD_CPU_GPU_CV 2640mW/2858mW VDD_SOC 3766mW/3837mW
08-01-2026 01:38:31 RAM 3396/7620MB (lfb 4x2MB) SWAP 7/3810MB (cached 0MB) CPU [1%@729,2%@729,1%@729,0%@729,0%@1728,91%@1728] GR3D_FREQ 35% cpu@57.343C soc2@55.406C soc0@57.187C gpu@58.218C tj@58.218C soc1@57.312C VDD_IN 9535mW/9874mW VDD_CPU_GPU_CV 2640mW/2858mW VDD_SOC 3766mW/3837mW
08-01-2026 01:38:32 RAM 3396/7620MB (lfb 4x2MB) SWAP 7/3810MB (cached 0MB) CPU [1%@1728,0%@1728,0%@1728,0%@1728,1%@1728,90%@1728] GR3D_FREQ 38% cpu@57.562C soc2@55.406C soc0@57.156C gpu@57.968C tj@57.968C soc1@57.093C VDD_IN 9415mW/9874mW VDD_CPU_GPU_CV 2600mW/2858mW VDD_SOC 3725mW/3837mW
08-01-2026 01:38:33 RAM 3396/7620MB (lfb 4x2MB) SWAP 7/3810MB (cached 0MB) CPU [1%@729,1%@729,0%@729,0%@729,0%@1728,91%@1728] GR3D_FREQ 39% cpu@57.406C soc2@55.312C soc0@57.375C gpu@57.937C tj@57.937C soc1@57.187C VDD_IN 9455mW/9873mW VDD_CPU_GPU_CV 2600mW/2858mW VDD_SOC 3725mW/3837mW
08-01-2026 01:38:34 RAM 3396/7620MB (lfb 4x2MB) SWAP 7/3810MB (cached 0MB) CPU [0%@729,0%@729,1%@729,0%@729,0%@1728,90%@1728] GR3D_FREQ 40% cpu@57.531C soc2@55.25C soc0@57.125C gpu@58.031C tj@58.031C soc1@57.218C VDD_IN 9374mW/9873mW VDD_CPU_GPU_CV 2520mW/2857mW VDD_SOC 3725mW/3837mW
08-01-2026 01:38:35 RAM 3396/7620MB (lfb 4x2MB) SWAP 7/3810MB (cached 0MB) CPU [1%@729,1%@729,0%@729,0%@729,0%@1728,90%@1728] GR3D_FREQ 38% cpu@57.437C soc2@55.375C soc0@57.187C gpu@58.25C tj@58.25C soc1@57.343C VDD_IN 9415mW/9873mW VDD_CPU_GPU_CV 2600mW/2857mW VDD_SOC 3725mW/3836mW
08-01-2026 01:38:36 RAM 3396/7620MB (lfb 5x2MB) SWAP 7/3810MB (cached 0MB) CPU [1%@729,0%@729,1%@729,0%@729,1%@1728,90%@1728] GR3D_FREQ 39% cpu@57.437C soc2@55.375C soc0@57.25C gpu@58.312C tj@58.312C soc1@57.218C VDD_IN 9294mW/9872mW VDD_CPU_GPU_CV 2560mW/2857mW VDD_SOC 3725mW/3836mW
08-01-2026 01:38:37 RAM 3396/7620MB (lfb 5x2MB) SWAP 7/3810MB (cached 0MB) CPU [1%@729,0%@729,1%@729,0%@729,0%@1728,89%@1728] GR3D_FREQ 40% cpu@57.593C soc2@55.343C soc0@57.281C gpu@58.312C tj@58.312C soc1@57.156C VDD_IN 9334mW/9871mW VDD_CPU_GPU_CV 2520mW/2857mW VDD_SOC 3725mW/3836mW
08-01-2026 01:38:38 RAM 3396/7620MB (lfb 5x2MB) SWAP 7/3810MB (cached 0MB) CPU [1%@729,0%@729,2%@729,0%@729,0%@1728,89%@1728] GR3D_FREQ 40% cpu@57.656C soc2@55.312C soc0@57.25C gpu@57.968C tj@57.968C soc1@57.25C VDD_IN 9334mW/9871mW VDD_CPU_GPU_CV 2520mW/2856mW VDD_SOC 3725mW/3836mW
08-01-2026 01:38:39 RAM 3396/7620MB (lfb 5x2MB) SWAP 7/3810MB (cached 0MB) CPU [1%@729,0%@729,0%@729,0%@729,0%@1728,90%@1728] GR3D_FREQ 39% cpu@57.593C soc2@55.343C soc0@57.187C gpu@58C tj@58C soc1@57.375C VDD_IN 9334mW/9870mW VDD_CPU_GPU_CV 2520mW/2856mW VDD_SOC 3725mW/3836mW
08-01-2026 01:38:40 RAM 3392/7620MB (lfb 6x2MB) SWAP 7/3810MB (cached 0MB) CPU [1%@729,1%@729,0%@729,0%@729,0%@1728,91%@1728] GR3D_FREQ 39% cpu@57.406C soc2@55.375C soc0@57.281C gpu@58.031C tj@58.031C soc1@57.156C VDD_IN 9415mW/9870mW VDD_CPU_GPU_CV 2480mW/2856mW VDD_SOC 3725mW/3836mW
08-01-2026 01:38:41 RAM 3392/7620MB (lfb 6x2MB) SWAP 7/3810MB (cached 0MB) CPU [1%@729,0%@729,1%@729,0%@729,0%@1728,90%@1728] GR3D_FREQ 39% cpu@57.406C soc2@55.437C soc0@57.187C gpu@58C tj@58C soc1@57.25C VDD_IN 9174mW/9869mW VDD_CPU_GPU_CV 2520mW/2855mW VDD_SOC 3725mW/3836mW
08-01-2026 01:38:42 RAM 3392/7620MB (lfb 6x2MB) SWAP 7/3810MB (cached 0MB) CPU [2%@729,1%@729,0%@729,0%@729,0%@1728,90%@1728] GR3D_FREQ 40% cpu@57.531C soc2@55.312C soc0@57.125C gpu@58C tj@58.375C soc1@57.156C VDD_IN 9214mW/9869mW VDD_CPU_GPU_CV 2480mW/2855mW VDD_SOC 3725mW/3836mW
08-01-2026 01:38:43 RAM 3392/7620MB (lfb 6x2MB) SWAP 7/3810MB (cached 0MB) CPU [0%@729,0%@729,0%@729,0%@729,0%@1728,90%@1728] GR3D_FREQ 39% cpu@57.593C soc2@55.343C soc0@57.062C gpu@57.937C tj@57.937C soc1@57.25C VDD_IN 9214mW/9868mW VDD_CPU_GPU_CV 2440mW/2855mW VDD_SOC 3725mW/3836mW
08-01-2026 01:38:44 RAM 3392/7620MB (lfb 6x2MB) SWAP 7/3810MB (cached 0MB) CPU [2%@729,0%@729,1%@729,0%@729,0%@1728,90%@1728] GR3D_FREQ 40% cpu@57.375C soc2@55.437C soc0@57.187C gpu@58.031C tj@58.031C soc1@57.218C VDD_IN 9254mW/9868mW VDD_CPU_GPU_CV 2480mW/2854mW VDD_SOC 3725mW/3835mW
08-01-2026 01:38:45 RAM 3392/7620MB (lfb 6x2MB) SWAP 7/3810MB (cached 0MB) CPU [0%@729,0%@729,0%@729,0%@729,0%@1728,89%@1728] GR3D_FREQ 38% cpu@57.437C soc2@55.343C soc0@57.25C gpu@58C tj@58C soc1@57.125C VDD_IN 9214mW/9867mW VDD_CPU_GPU_CV 2440mW/2854mW VDD_SOC 3725mW/3835mW
08-01-2026 01:38:46 RAM 3392/7620MB (lfb 6x2MB) SWAP 7/3810MB (cached 0MB) CPU [2%@729,1%@729,1%@729,0%@729,0%@1728,90%@1728] GR3D_FREQ 38% cpu@57.5C soc2@55.281C soc0@57.281C gpu@57.937C tj@57.937C soc1@57.156C VDD_IN 9294mW/9867mW VDD_CPU_GPU_CV 2440mW/2854mW VDD_SOC 3685mW/3835mW
08-01-2026 01:38:47 RAM 3392/7620MB (lfb 6x2MB) SWAP 7/3810MB (cached 0MB) CPU [1%@729,0%@729,0%@729,0%@729,0%@1728,90%@1728] GR3D_FREQ 39% cpu@57.5C soc2@55.312C soc0@57.093C gpu@58.031C tj@58.031C soc1@57.125C VDD_IN 9254mW/9866mW VDD_CPU_GPU_CV 2440mW/2853mW VDD_SOC 3685mW/3835mW
08-01-2026 01:38:48 RAM 3392/7620MB (lfb 6x2MB) SWAP 7/3810MB (cached 0MB) CPU [0%@729,1%@729,0%@729,0%@729,0%@1728,91%@1728] GR3D_FREQ 37% cpu@57.687C soc2@55.312C soc0@57.187C gpu@58.156C tj@58.156C soc1@57.312C VDD_IN 9254mW/9865mW VDD_CPU_GPU_CV 2440mW/2853mW VDD_SOC 3685mW/3835mW
08-01-2026 01:38:49 RAM 3392/7620MB (lfb 6x2MB) SWAP 7/3810MB (cached 0MB) CPU [2%@729,0%@729,0%@729,0%@729,0%@1728,90%@1728] GR3D_FREQ 40% cpu@57.375C soc2@55.312C soc0@57.156C gpu@58.062C tj@58.062C soc1@57.218C VDD_IN 9229mW/9865mW VDD_CPU_GPU_CV 2400mW/2852mW VDD_SOC 3685mW/3835mW
08-01-2026 01:38:50 RAM 3392/7620MB (lfb 6x2MB) SWAP 7/3810MB (cached 0MB) CPU [1%@729,1%@729,0%@729,1%@729,80%@1728,10%@1728] GR3D_FREQ 40% cpu@57.781C soc2@55.375C soc0@57.281C gpu@58.187C tj@58.187C soc1@57.156C VDD_IN 9054mW/9864mW VDD_CPU_GPU_CV 2440mW/2852mW VDD_SOC 3685mW/3835mW
08-01-2026 01:38:51 RAM 3392/7620MB (lfb 6x2MB) SWAP 7/3810MB (cached 0MB) CPU [1%@729,0%@729,0%@729,0%@729,90%@1728,0%@1728] GR3D_FREQ 39% cpu@57.75C soc2@55.312C soc0@57.25C gpu@58.125C tj@58.125C soc1@57.187C VDD_IN 9054mW/9863mW VDD_CPU_GPU_CV 2400mW/2852mW VDD_SOC 3685mW/3835mW
08-01-2026 01:38:52 RAM 3392/7620MB (lfb 6x2MB) SWAP 7/3810MB (cached 0MB) CPU [1%@729,1%@729,1%@729,0%@729,90%@1728,0%@1728] GR3D_FREQ 39% cpu@58.031C soc2@55.312C soc0@57.281C gpu@58C tj@58.031C soc1@57.281C VDD_IN 9068mW/9863mW VDD_CPU_GPU_CV 2360mW/2851mW VDD_SOC 3685mW/3834mW
08-01-2026 01:38:53 RAM 3392/7620MB (lfb 6x2MB) SWAP 7/3810MB (cached 0MB) CPU [1%@1728,75%@1728,0%@1728,0%@1728,13%@729,0%@729] GR3D_FREQ 39% cpu@57.562C soc2@55.437C soc0@57.125C gpu@58C tj@58C soc1@57.312C VDD_IN 9109mW/9862mW VDD_CPU_GPU_CV 2360mW/2851mW VDD_SOC 3685mW/3834mW
08-01-2026 01:38:54 RAM 3392/7620MB (lfb 6x2MB) SWAP 7/3810MB (cached 0MB) CPU [1%@1728,91%@1728,1%@1728,0%@1728,0%@729,0%@729] GR3D_FREQ 39% cpu@57.312C soc2@55.468C soc0@57.281C gpu@58C tj@58C soc1@57.187C VDD_IN 9068mW/9861mW VDD_CPU_GPU_CV 2360mW/2850mW VDD_SOC 3685mW/3834mW
08-01-2026 01:38:55 RAM 3392/7620MB (lfb 6x2MB) SWAP 7/3810MB (cached 0MB) CPU [1%@1728,91%@1728,0%@1728,0%@1728,0%@729,0%@729] GR3D_FREQ 39% cpu@57.5C soc2@55.312C soc0@57.25C gpu@57.937C tj@57.937C soc1@57.156C VDD_IN 9109mW/9861mW VDD_CPU_GPU_CV 2360mW/2850mW VDD_SOC 3685mW/3834mW
08-01-2026 01:38:56 RAM 3392/7620MB (lfb 6x2MB) SWAP 7/3810MB (cached 0MB) CPU [1%@1728,92%@1728,0%@1728,0%@1728,0%@729,0%@729] GR3D_FREQ 39% cpu@57.75C soc2@55.343C soc0@57.406C gpu@58C tj@58C soc1@57.156C VDD_IN 9068mW/9860mW VDD_CPU_GPU_CV 2360mW/2849mW VDD_SOC 3685mW/3834mW
08-01-2026 01:38:57 RAM 3392/7620MB (lfb 6x2MB) SWAP 7/3810MB (cached 0MB) CPU [1%@1728,90%@1728,0%@1728,0%@1728,0%@729,0%@729] GR3D_FREQ 36% cpu@57.562C soc2@55.437C soc0@57.281C gpu@57.968C tj@57.968C soc1@57.25C VDD_IN 9109mW/9859mW VDD_CPU_GPU_CV 2320mW/2849mW VDD_SOC 3645mW/3834mW
08-01-2026 01:38:58 RAM 3392/7620MB (lfb 6x2MB) SWAP 7/3810MB (cached 0MB) CPU [2%@1728,91%@1728,0%@1728,0%@1728,0%@729,0%@729] GR3D_FREQ 36% cpu@57.75C soc2@55.312C soc0@57.281C gpu@58C tj@58C soc1@57.218C VDD_IN 9028mW/9858mW VDD_CPU_GPU_CV 2320mW/2848mW VDD_SOC 3685mW/3834mW
08-01-2026 01:38:59 RAM 3392/7620MB (lfb 6x2MB) SWAP 7/3810MB (cached 0MB) CPU [0%@1728,89%@1728,1%@1728,0%@1728,0%@729,0%@729] GR3D_FREQ 39% cpu@57.531C soc2@55.437C soc0@57.281C gpu@58.031C tj@58.031C soc1@57.343C VDD_IN 9109mW/9858mW VDD_CPU_GPU_CV 2320mW/2848mW VDD_SOC 3685mW/3833mW
08-01-2026 01:39:00 RAM 3392/7620MB (lfb 6x2MB) SWAP 7/3810MB (cached 0MB) CPU [2%@1728,4%@1728,86%@1728,0%@1728,1%@729,0%@729] GR3D_FREQ 37% cpu@58.125C soc2@55.468C soc0@57.25C gpu@57.968C tj@58.125C soc1@57.218C VDD_IN 9068mW/9857mW VDD_CPU_GPU_CV 2320mW/2847mW VDD_SOC 3645mW/3833mW
08-01-2026 01:39:01 RAM 3392/7620MB (lfb 6x2MB) SWAP 7/3810MB (cached 0MB) CPU [0%@1728,0%@1728,90%@1728,0%@1728,0%@729,0%@729] GR3D_FREQ 39% cpu@58.062C soc2@55.375C soc0@57.312C gpu@58.312C tj@58.312C soc1@57.218C VDD_IN 9028mW/9856mW VDD_CPU_GPU_CV 2360mW/2847mW VDD_SOC 3645mW/3833mW
08-01-2026 01:39:02 RAM 3392/7620MB (lfb 6x2MB) SWAP 7/3810MB (cached 0MB) CPU [1%@1728,0%@1728,90%@1728,0%@1728,0%@729,0%@729] GR3D_FREQ 37% cpu@58.156C soc2@55.343C soc0@57.187C gpu@58.375C tj@58.375C soc1@57.156C VDD_IN 9028mW/9856mW VDD_CPU_GPU_CV 2320mW/2847mW VDD_SOC 3685mW/3833mW
08-01-2026 01:39:03 RAM 3392/7620MB (lfb 6x2MB) SWAP 7/3810MB (cached 0MB) CPU [1%@1728,0%@1728,91%@1728,1%@1728,0%@729,0%@729] GR3D_FREQ 39% cpu@57.906C soc2@55.375C soc0@57.25C gpu@58.406C tj@58.406C soc1@57.218C VDD_IN 9028mW/9855mW VDD_CPU_GPU_CV 2360mW/2846mW VDD_SOC 3645mW/3833mW
08-01-2026 01:39:04 RAM 3392/7620MB (lfb 6x2MB) SWAP 7/3810MB (cached 0MB) CPU [2%@1728,85%@1728,5%@1728,0%@1728,0%@729,0%@729] GR3D_FREQ 39% cpu@57.312C soc2@55.437C soc0@57.187C gpu@58.437C tj@58.437C soc1@57.281C VDD_IN 8988mW/9854mW VDD_CPU_GPU_CV 2360mW/2846mW VDD_SOC 3685mW/3833mW
08-01-2026 01:39:05 RAM 3392/7620MB (lfb 6x2MB) SWAP 7/3810MB (cached 0MB) CPU [1%@1728,3%@1728,86%@1728,0%@1728,0%@729,0%@729] GR3D_FREQ 39% cpu@58.218C soc2@55.437C soc0@57.187C gpu@57.875C tj@58.218C soc1@57.375C VDD_IN 9028mW/9853mW VDD_CPU_GPU_CV 2320mW/2845mW VDD_SOC 3685mW/3833mW
08-01-2026 01:39:06 RAM 3392/7620MB (lfb 6x2MB) SWAP 7/3810MB (cached 0MB) CPU [0%@1728,0%@1728,90%@1728,0%@1728,0%@729,0%@729] GR3D_FREQ 39% cpu@57.968C soc2@55.5C soc0@57.343C gpu@58C tj@58C soc1@57.187C VDD_IN 8974mW/9852mW VDD_CPU_GPU_CV 2360mW/2845mW VDD_SOC 3645mW/3832mW
08-01-2026 01:39:07 RAM 3392/7620MB (lfb 6x2MB) SWAP 7/3810MB (cached 0MB) CPU [3%@1728,1%@1728,91%@1728,0%@1728,0%@729,0%@729] GR3D_FREQ 39% cpu@58.093C soc2@55.375C soc0@57.343C gpu@58C tj@58.093C soc1@57.156C VDD_IN 9068mW/9852mW VDD_CPU_GPU_CV 2320mW/2844mW VDD_SOC 3645mW/3832mW
08-01-2026 01:39:08 RAM 3392/7620MB (lfb 6x2MB) SWAP 7/3810MB (cached 0MB) CPU [1%@1728,88%@1728,3%@1728,0%@1728,0%@729,0%@729] GR3D_FREQ 39% cpu@57.656C soc2@55.5C soc0@57.218C gpu@57.906C tj@57.906C soc1@57.25C VDD_IN 9109mW/9851mW VDD_CPU_GPU_CV 2323mW/2844mW VDD_SOC 3645mW/3832mW
08-01-2026 01:39:10 RAM 3392/7620MB (lfb 6x2MB) SWAP 7/3810MB (cached 0MB) CPU [1%@1728,90%@1728,0%@1728,0%@1728,0%@729,0%@729] GR3D_FREQ 39% cpu@57.5C soc2@55.5C soc0@57.25C gpu@57.937C tj@57.937C soc1@57.281C VDD_IN 8894mW/9850mW VDD_CPU_GPU_CV 2360mW/2843mW VDD_SOC 3685mW/3832mW
08-01-2026 01:39:11 RAM 3392/7620MB (lfb 6x2MB) SWAP 7/3810MB (cached 0MB) CPU [1%@1728,90%@1728,1%@1728,0%@1728,0%@729,0%@729] GR3D_FREQ 40% cpu@57.437C soc2@55.531C soc0@57.281C gpu@57.906C tj@58.031C soc1@57.406C VDD_IN 8948mW/9849mW VDD_CPU_GPU_CV 2360mW/2843mW VDD_SOC 3685mW/3832mW
08-01-2026 01:39:12 RAM 3392/7620MB (lfb 6x2MB) SWAP 7/3810MB (cached 0MB) CPU [1%@1728,0%@1728,0%@1728,87%@1728,0%@729,0%@729] GR3D_FREQ 39% cpu@57.625C soc2@55.406C soc0@57.343C gpu@58.093C tj@58.093C soc1@57.187C VDD_IN 8948mW/9849mW VDD_CPU_GPU_CV 2280mW/2842mW VDD_SOC 3685mW/3832mW
08-01-2026 01:39:13 RAM 3392/7620MB (lfb 6x2MB) SWAP 7/3810MB (cached 0MB) CPU [1%@1728,88%@1728,0%@1728,2%@1728,1%@729,0%@729] GR3D_FREQ 39% cpu@57.625C soc2@55.406C soc0@57.343C gpu@58.093C tj@58.093C soc1@57.25C VDD_IN 9014mW/9848mW VDD_CPU_GPU_CV 2403mW/2842mW VDD_SOC 3645mW/3831mW
08-01-2026 01:39:14 RAM 3392/7620MB (lfb 6x2MB) SWAP 7/3810MB (cached 0MB) CPU [2%@1728,86%@1728,0%@1728,1%@1728,0%@729,0%@729] GR3D_FREQ 39% cpu@57.625C soc2@55.406C soc0@57.062C gpu@58.156C tj@58.156C soc1@57.25C VDD_IN 8908mW/9847mW VDD_CPU_GPU_CV 2280mW/2842mW VDD_SOC 3685mW/3831mW
08-01-2026 01:39:15 RAM 3392/7620MB (lfb 6x2MB) SWAP 7/3810MB (cached 0MB) CPU [1%@1728,91%@1728,0%@1728,0%@1728,0%@729,0%@729] GR3D_FREQ 40% cpu@57.625C soc2@55.375C soc0@57.156C gpu@58.187C tj@58.187C soc1@57.281C VDD_IN 9068mW/9846mW VDD_CPU_GPU_CV 2360mW/2841mW VDD_SOC 3645mW/3831mW
08-01-2026 01:39:16 RAM 3392/7620MB (lfb 6x2MB) SWAP 7/3810MB (cached 0MB) CPU [1%@1728,90%@1728,0%@1728,0%@1728,0%@729,0%@729] GR3D_FREQ 39% cpu@57.468C soc2@55.406C soc0@57.218C gpu@58.093C tj@58.093C soc1@57.218C VDD_IN 8974mW/9846mW VDD_CPU_GPU_CV 2363mW/2841mW VDD_SOC 3645mW/3831mW
08-01-2026 01:39:17 RAM 3392/7620MB (lfb 6x2MB) SWAP 7/3810MB (cached 0MB) CPU [0%@1728,90%@1728,1%@1728,0%@1728,0%@729,0%@729] GR3D_FREQ 39% cpu@57.406C soc2@55.468C soc0@57.218C gpu@58.187C tj@58.187C soc1@57.156C VDD_IN 9134mW/9845mW VDD_CPU_GPU_CV 2363mW/2840mW VDD_SOC 3605mW/3831mW
08-01-2026 01:39:18 RAM 3392/7620MB (lfb 6x2MB) SWAP 7/3810MB (cached 0MB) CPU [88%@1728,2%@1728,0%@1728,0%@1728,0%@729,0%@729] GR3D_FREQ 39% cpu@57.75C soc2@55.625C soc0@57.343C gpu@58.187C tj@58.187C soc1@57.156C VDD_IN 8948mW/9844mW VDD_CPU_GPU_CV 2320mW/2840mW VDD_SOC 3645mW/3831mW
08-01-2026 01:39:19 RAM 3392/7620MB (lfb 6x2MB) SWAP 7/3810MB (cached 0MB) CPU [3%@1728,0%@1728,0%@1728,89%@1728,0%@729,0%@729] GR3D_FREQ 39% cpu@57.968C soc2@55.343C soc0@57.25C gpu@58.218C tj@58.218C soc1@57.187C VDD_IN 9028mW/9843mW VDD_CPU_GPU_CV 2360mW/2839mW VDD_SOC 3645mW/3830mW
08-01-2026 01:39:20 RAM 3392/7620MB (lfb 6x2MB) SWAP 7/3810MB (cached 0MB) CPU [89%@1728,0%@1728,1%@1728,0%@1728,0%@729,0%@729] GR3D_FREQ 38% cpu@57.781C soc2@55.468C soc0@57.187C gpu@58.187C tj@58.187C soc1@57.343C VDD_IN 9028mW/9843mW VDD_CPU_GPU_CV 2323mW/2839mW VDD_SOC 3645mW/3830mW
08-01-2026 01:39:21 RAM 3392/7620MB (lfb 6x2MB) SWAP 7/3810MB (cached 0MB) CPU [2%@1728,90%@1728,1%@1728,0%@1728,1%@729,0%@729] GR3D_FREQ 40% cpu@57.468C soc2@55.468C soc0@57.218C gpu@58.156C tj@57.968C soc1@57.343C VDD_IN 9189mW/9842mW VDD_CPU_GPU_CV 2280mW/2838mW VDD_SOC 3645mW/3830mW
08-01-2026 01:39:22 RAM 3390/7620MB (lfb 7x2MB) SWAP 7/3810MB (cached 0MB) CPU [1%@1728,0%@1728,90%@1728,0%@1728,0%@729,0%@729] GR3D_FREQ 20% cpu@57.812C soc2@55.437C soc0@57.312C gpu@58.031C tj@58.031C soc1@57.312C VDD_IN 8988mW/9841mW VDD_CPU_GPU_CV 2280mW/2838mW VDD_SOC 3685mW/3830mW
08-01-2026 01:39:23 RAM 3390/7620MB (lfb 7x2MB) SWAP 7/3810MB (cached 0MB) CPU [0%@1728,1%@1728,91%@1728,0%@1728,0%@729,0%@729] GR3D_FREQ 26% cpu@57.968C soc2@55.437C soc0@57.25C gpu@58.093C tj@58.093C soc1@57.125C VDD_IN 8948mW/9841mW VDD_CPU_GPU_CV 2320mW/2837mW VDD_SOC 3685mW/3830mW
08-01-2026 01:39:24 RAM 3390/7620MB (lfb 7x2MB) SWAP 7/3810MB (cached 0MB) CPU [2%@1728,0%@1728,91%@1728,0%@1728,0%@729,0%@729] GR3D_FREQ 92% cpu@58.031C soc2@55.437C soc0@57.281C gpu@58.187C tj@58.187C soc1@57.187C VDD_IN 9189mW/9840mW VDD_CPU_GPU_CV 2320mW/2837mW VDD_SOC 3725mW/3830mW
08-01-2026 01:39:25 RAM 3390/7620MB (lfb 7x2MB) SWAP 7/3810MB (cached 0MB) CPU [1%@1728,0%@1728,90%@1728,0%@1728,0%@729,0%@729] GR3D_FREQ 57% cpu@58.218C soc2@55.406C soc0@57.062C gpu@58.25C tj@58.25C soc1@57.156C VDD_IN 9189mW/9839mW VDD_CPU_GPU_CV 2360mW/2837mW VDD_SOC 3685mW/3830mW
08-01-2026 01:39:26 RAM 3390/7620MB (lfb 7x2MB) SWAP 7/3810MB (cached 0MB) CPU [1%@1728,0%@1728,89%@1728,0%@1728,0%@729,0%@729] GR3D_FREQ 92% cpu@57.937C soc2@55.437C soc0@57.218C gpu@58.218C tj@58.218C soc1@57.437C VDD_IN 9054mW/9839mW VDD_CPU_GPU_CV 2400mW/2836mW VDD_SOC 3685mW/3830mW
08-01-2026 01:39:27 RAM 3390/7620MB (lfb 7x2MB) SWAP 7/3810MB (cached 0MB) CPU [1%@1728,0%@1728,91%@1728,0%@1728,0%@729,0%@729] GR3D_FREQ 55% cpu@58C soc2@55.406C soc0@57.156C gpu@58.343C tj@58.343C soc1@57.343C VDD_IN 9054mW/9838mW VDD_CPU_GPU_CV 2400mW/2836mW VDD_SOC 3685mW/3829mW
08-01-2026 01:39:28 RAM 3390/7620MB (lfb 7x2MB) SWAP 7/3810MB (cached 0MB) CPU [0%@1728,0%@1728,90%@1728,1%@1728,1%@729,0%@729] GR3D_FREQ 76% cpu@57.875C soc2@55.375C soc0@57.281C gpu@58.187C tj@58.187C soc1@57.187C VDD_IN 9068mW/9837mW VDD_CPU_GPU_CV 2320mW/2835mW VDD_SOC 3685mW/3829mW
08-01-2026 01:39:29 RAM 3390/7620MB (lfb 7x2MB) SWAP 7/3810MB (cached 0MB) CPU [1%@1728,0%@1728,90%@1728,0%@1728,0%@729,1%@729] GR3D_FREQ 20% cpu@57.781C soc2@55.437C soc0@57.312C gpu@58.156C tj@58.156C soc1@57.156C VDD_IN 8988mW/9837mW VDD_CPU_GPU_CV 2320mW/2835mW VDD_SOC 3685mW/3829mW
08-01-2026 01:39:30 RAM 3390/7620MB (lfb 7x2MB) SWAP 7/3810MB (cached 0MB) CPU [1%@1728,0%@1728,91%@1728,0%@1728,0%@729,0%@729] GR3D_FREQ 91% cpu@58.187C soc2@55.437C soc0@57.375C gpu@58.25C tj@58.25C soc1@57.218C VDD_IN 9149mW/9836mW VDD_CPU_GPU_CV 2360mW/2835mW VDD_SOC 3685mW/3829mW
08-01-2026 01:39:31 RAM 3390/7620MB (lfb 7x2MB) SWAP 7/3810MB (cached 0MB) CPU [1%@1728,0%@1728,88%@1728,0%@1728,0%@729,0%@729] GR3D_FREQ 40% cpu@57.75C soc2@55.437C soc0@57.187C gpu@58.093C tj@58.093C soc1@57.187C VDD_IN 8868mW/9835mW VDD_CPU_GPU_CV 2203mW/2834mW VDD_SOC 3645mW/3829mW
08-01-2026 01:39:32 RAM 3390/7620MB (lfb 7x2MB) SWAP 7/3810MB (cached 0MB) CPU [0%@1728,0%@1728,90%@1728,1%@1728,1%@729,0%@729] GR3D_FREQ 27% cpu@57.875C soc2@55.406C soc0@57.218C gpu@58C tj@58C soc1@57.187C VDD_IN 8894mW/9834mW VDD_CPU_GPU_CV 2323mW/2834mW VDD_SOC 3645mW/3829mW
08-01-2026 01:39:33 RAM 3390/7620MB (lfb 7x2MB) SWAP 7/3810MB (cached 0MB) CPU [1%@1728,0%@1728,90%@1728,0%@1728,0%@729,0%@729] GR3D_FREQ 37% cpu@57.781C soc2@55.375C soc0@57.218C gpu@57.906C tj@57.906C soc1@57.125C VDD_IN 8948mW/9834mW VDD_CPU_GPU_CV 2280mW/2833mW VDD_SOC 3645mW/3829mW
08-01-2026 01:39:34 RAM 3390/7620MB (lfb 7x2MB) SWAP 7/3810MB (cached 0MB) CPU [85%@1728,0%@1728,2%@1728,0%@1728,0%@729,0%@729] GR3D_FREQ 39% cpu@57.656C soc2@55.468C soc0@57.281C gpu@58.031C tj@58.031C soc1@57.125C VDD_IN 8988mW/9833mW VDD_CPU_GPU_CV 2243mW/2833mW VDD_SOC 3645mW/3828mW
08-01-2026 01:39:35 RAM 3390/7620MB (lfb 7x2MB) SWAP 7/3810MB (cached 0MB) CPU [89%@1728,1%@1728,1%@1728,0%@1728,0%@729,0%@729] GR3D_FREQ 39% cpu@57.687C soc2@55.437C soc0@57.281C gpu@57.968C tj@57.968C soc1@57.218C VDD_IN 9028mW/9832mW VDD_CPU_GPU_CV 2323mW/2832mW VDD_SOC 3645mW/3828mW
08-01-2026 01:39:36 RAM 3390/7620MB (lfb 7x2MB) SWAP 7/3810MB (cached 0MB) CPU [92%@1728,0%@1728,0%@1728,0%@1728,1%@729,0%@729] GR3D_FREQ 39% cpu@57.593C soc2@55.5C soc0@57.156C gpu@57.937C tj@57.937C soc1@57.125C VDD_IN 9028mW/9831mW VDD_CPU_GPU_CV 2360mW/2832mW VDD_SOC 3645mW/3828mW
08-01-2026 01:39:37 RAM 3390/7620MB (lfb 7x2MB) SWAP 7/3810MB (cached 0MB) CPU [89%@1728,0%@1728,0%@1728,0%@1728,0%@729,1%@729] GR3D_FREQ 36% cpu@57.718C soc2@55.406C soc0@57.156C gpu@58C tj@58C soc1@57.25C VDD_IN 9028mW/9831mW VDD_CPU_GPU_CV 2320mW/2831mW VDD_SOC 3685mW/3828mW
08-01-2026 01:39:38 RAM 3390/7620MB (lfb 7x2MB) SWAP 7/3810MB (cached 0MB) CPU [91%@1728,1%@1728,0%@1728,0%@1728,0%@729,0%@729] GR3D_FREQ 38% cpu@57.562C soc2@55.437C soc0@57.156C gpu@58C tj@58C soc1@57.312C VDD_IN 9028mW/9830mW VDD_CPU_GPU_CV 2360mW/2831mW VDD_SOC 3685mW/3828mW
08-01-2026 01:39:39 RAM 3390/7620MB (lfb 7x2MB) SWAP 7/3810MB (cached 0MB) CPU [6%@1728,0%@1728,85%@1728,0%@1728,0%@729,2%@729] GR3D_FREQ 37% cpu@58.125C soc2@55.468C soc0@57.281C gpu@58C tj@58.218C soc1@57.187C VDD_IN 8948mW/9829mW VDD_CPU_GPU_CV 2280mW/2830mW VDD_SOC 3725mW/3828mW
08-01-2026 01:39:40 RAM 3390/7620MB (lfb 7x2MB) SWAP 7/3810MB (cached 0MB) CPU [87%@1728,0%@1728,5%@1728,0%@1728,0%@729,0%@729] GR3D_FREQ 40% cpu@57.625C soc2@55.468C soc0@57.281C gpu@58.156C tj@58.156C soc1@57.25C VDD_IN 9068mW/9829mW VDD_CPU_GPU_CV 2360mW/2830mW VDD_SOC 3645mW/3828mW
08-01-2026 01:39:41 RAM 3390/7620MB (lfb 7x2MB) SWAP 7/3810MB (cached 0MB) CPU [89%@1728,2%@1728,0%@1728,0%@1728,0%@729,0%@729] GR3D_FREQ 40% cpu@57.531C soc2@55.468C soc0@57.187C gpu@58.187C tj@58.187C soc1@57.281C VDD_IN 9068mW/9828mW VDD_CPU_GPU_CV 2320mW/2829mW VDD_SOC 3685mW/3827mW
08-01-2026 01:39:42 RAM 3390/7620MB (lfb 7x2MB) SWAP 7/3810MB (cached 0MB) CPU [91%@1728,0%@1728,0%@1728,0%@1728,0%@729,0%@729] GR3D_FREQ 38% cpu@57.75C soc2@55.468C soc0@57.281C gpu@58.281C tj@58.281C soc1@57.375C VDD_IN 9109mW/9827mW VDD_CPU_GPU_CV 2320mW/2829mW VDD_SOC 3645mW/3827mW
08-01-2026 01:39:43 RAM 3395/7620MB (lfb 5x2MB) SWAP 7/3810MB (cached 0MB) CPU [92%@1728,0%@1728,0%@1728,0%@1728,0%@729,1%@729] GR3D_FREQ 36% cpu@57.562C soc2@55.468C soc0@57.125C gpu@58.187C tj@58.187C soc1@57.312C VDD_IN 9068mW/9827mW VDD_CPU_GPU_CV 2320mW/2829mW VDD_SOC 3685mW/3827mW
08-01-2026 01:39:44 RAM 3395/7620MB (lfb 5x2MB) SWAP 7/3810MB (cached 0MB) CPU [90%@1728,0%@1728,1%@1728,0%@1728,0%@729,0%@729] GR3D_FREQ 36% cpu@57.593C soc2@55.531C soc0@57.281C gpu@58.25C tj@58.25C soc1@57.093C VDD_IN 9109mW/9826mW VDD_CPU_GPU_CV 2320mW/2828mW VDD_SOC 3645mW/3827mW
08-01-2026 01:39:45 RAM 3395/7620MB (lfb 5x2MB) SWAP 7/3810MB (cached 0MB) CPU [7%@1728,0%@1728,0%@1728,85%@1728,1%@729,1%@729] GR3D_FREQ 36% cpu@57.843C soc2@55.5C soc0@57.25C gpu@58.312C tj@58.312C soc1@57.125C VDD_IN 8974mW/9825mW VDD_CPU_GPU_CV 2360mW/2828mW VDD_SOC 3685mW/3827mW
08-01-2026 01:39:46 RAM 3395/7620MB (lfb 5x2MB) SWAP 7/3810MB (cached 0MB) CPU [1%@1728,0%@1728,84%@1728,4%@1728,0%@729,0%@729] GR3D_FREQ 36% cpu@57.843C soc2@55.406C soc0@57.093C gpu@58.406C tj@58.406C soc1@57.187C VDD_IN 8854mW/9824mW VDD_CPU_GPU_CV 2400mW/2827mW VDD_SOC 3685mW/3827mW
08-01-2026 01:39:47 RAM 3395/7620MB (lfb 5x2MB) SWAP 7/3810MB (cached 0MB) CPU [85%@1728,0%@1728,6%@1728,0%@1728,0%@729,0%@729] GR3D_FREQ 36% cpu@57.937C soc2@55.406C soc0@57.25C gpu@58.343C tj@58.343C soc1@57.25C VDD_IN 9014mW/9824mW VDD_CPU_GPU_CV 2360mW/2827mW VDD_SOC 3645mW/3827mW
08-01-2026 01:39:48 RAM 3395/7620MB (lfb 5x2MB) SWAP 7/3810MB (cached 0MB) CPU [91%@1728,0%@1728,0%@1728,0%@1728,0%@729,0%@729] GR3D_FREQ 39% cpu@57.5C soc2@55.468C soc0@57.312C gpu@58.062C tj@58.062C soc1@57.343C VDD_IN 9068mW/9823mW VDD_CPU_GPU_CV 2360mW/2827mW VDD_SOC 3645mW/3826mW
08-01-2026 01:39:49 RAM 3395/7620MB (lfb 5x2MB) SWAP 7/3810MB (cached 0MB) CPU [91%@1728,0%@1728,0%@1728,0%@1728,0%@729,0%@729] GR3D_FREQ 36% cpu@57.687C soc2@55.531C soc0@57.218C gpu@58C tj@58C soc1@57.343C VDD_IN 9068mW/9822mW VDD_CPU_GPU_CV 2320mW/2826mW VDD_SOC 3685mW/3826mW
08-01-2026 01:39:50 RAM 3395/7620MB (lfb 5x2MB) SWAP 7/3810MB (cached 0MB) CPU [92%@1728,0%@1728,1%@1728,0%@1728,0%@729,0%@729] GR3D_FREQ 39% cpu@57.812C soc2@55.593C soc0@57.25C gpu@58.031C tj@58.031C soc1@57.187C VDD_IN 9068mW/9822mW VDD_CPU_GPU_CV 2320mW/2826mW VDD_SOC 3685mW/3826mW
08-01-2026 01:39:51 RAM 3396/7620MB (lfb 5x2MB) SWAP 7/3810MB (cached 0MB) CPU [89%@1728,0%@1728,0%@1728,0%@1728,0%@729,0%@729] GR3D_FREQ 37% cpu@58C soc2@55.437C soc0@57.156C gpu@58.031C tj@58.031C soc1@57.125C VDD_IN 9028mW/9821mW VDD_CPU_GPU_CV 2320mW/2825mW VDD_SOC 3685mW/3826mW
08-01-2026 01:39:52 RAM 3396/7620MB (lfb 5x2MB) SWAP 7/3810MB (cached 0MB) CPU [7%@1728,86%@1728,1%@1728,0%@1728,0%@729,0%@729] GR3D_FREQ 39% cpu@57.781C soc2@55.406C soc0@57.218C gpu@58.062C tj@58.062C soc1@57.25C VDD_IN 9068mW/9820mW VDD_CPU_GPU_CV 2360mW/2825mW VDD_SOC 3685mW/3826mW
08-01-2026 01:39:53 RAM 3396/7620MB (lfb 5x2MB) SWAP 7/3810MB (cached 0MB) CPU [1%@1728,90%@1728,0%@1728,0%@1728,0%@729,0%@729] GR3D_FREQ 39% cpu@57.468C soc2@55.375C soc0@57.093C gpu@58.093C tj@58.093C soc1@57.343C VDD_IN 9068mW/9820mW VDD_CPU_GPU_CV 2320mW/2824mW VDD_SOC 3685mW/3826mW
08-01-2026 01:39:54 RAM 3396/7620MB (lfb 5x2MB) SWAP 7/3810MB (cached 0MB) CPU [87%@1728,3%@1728,1%@1728,0%@1728,0%@729,0%@729] GR3D_FREQ 38% cpu@57.687C soc2@55.468C soc0@57.281C gpu@58.125C tj@58.125C soc1@57.375C VDD_IN 9028mW/9819mW VDD_CPU_GPU_CV 2320mW/2824mW VDD_SOC 3645mW/3826mW
08-01-2026 01:39:55 RAM 3396/7620MB (lfb 5x2MB) SWAP 7/3810MB (cached 0MB) CPU [92%@1728,0%@1728,0%@1728,1%@1728,0%@729,0%@729] GR3D_FREQ 39% cpu@57.781C soc2@55.531C soc0@57.187C gpu@58.125C tj@58.125C soc1@57.25C VDD_IN 9028mW/9818mW VDD_CPU_GPU_CV 2360mW/2824mW VDD_SOC 3685mW/3826mW
08-01-2026 01:39:56 RAM 3396/7620MB (lfb 5x2MB) SWAP 7/3810MB (cached 0MB) CPU [89%@1728,0%@1728,0%@1728,1%@1728,0%@729,0%@729] GR3D_FREQ 37% cpu@57.687C soc2@55.406C soc0@57.218C gpu@58.093C tj@58.093C soc1@57.281C VDD_IN 9068mW/9818mW VDD_CPU_GPU_CV 2320mW/2823mW VDD_SOC 3645mW/3825mW
08-01-2026 01:39:57 RAM 3396/7620MB (lfb 5x2MB) SWAP 7/3810MB (cached 0MB) CPU [5%@1728,86%@1728,0%@1728,0%@1728,1%@729,0%@729] GR3D_FREQ 36% cpu@57.656C soc2@55.375C soc0@57.125C gpu@57.968C tj@57.968C soc1@57.187C VDD_IN 9109mW/9817mW VDD_CPU_GPU_CV 2360mW/2823mW VDD_SOC 3685mW/3825mW
08-01-2026 01:39:58 RAM 3396/7620MB (lfb 5x2MB) SWAP 7/3810MB (cached 0MB) CPU [1%@1728,87%@1728,1%@1728,0%@1728,0%@729,0%@729] GR3D_FREQ 39% cpu@57.437C soc2@55.5C soc0@57.093C gpu@57.843C tj@57.843C soc1@57.343C VDD_IN 9028mW/9817mW VDD_CPU_GPU_CV 2240mW/2822mW VDD_SOC 3685mW/3825mW
08-01-2026 01:39:59 RAM 3396/7620MB (lfb 5x2MB) SWAP 7/3810MB (cached 0MB) CPU [1%@1728,90%@1728,0%@1728,0%@1728,0%@729,0%@729] GR3D_FREQ 39% cpu@57.531C soc2@55.437C soc0@57.25C gpu@57.968C tj@57.968C soc1@57.375C VDD_IN 9134mW/9816mW VDD_CPU_GPU_CV 2403mW/2822mW VDD_SOC 3645mW/3825mW
08-01-2026 01:40:00 RAM 3396/7620MB (lfb 5x2MB) SWAP 7/3810MB (cached 0MB) CPU [1%@1728,90%@1728,0%@1728,0%@1728,0%@729,0%@729] GR3D_FREQ 36% cpu@57.562C soc2@55.468C soc0@57.25C gpu@57.968C tj@57.968C soc1@57.281C VDD_IN 9094mW/9815mW VDD_CPU_GPU_CV 2400mW/2822mW VDD_SOC 3645mW/3825mW
08-01-2026 01:40:01 RAM 3396/7620MB (lfb 5x2MB) SWAP 7/3810MB (cached 0MB) CPU [1%@1728,90%@1728,0%@1728,0%@1728,1%@729,0%@729] GR3D_FREQ 37% cpu@57.593C soc2@55.343C soc0@57.25C gpu@57.937C tj@57.937C soc1@57.187C VDD_IN 8894mW/9815mW VDD_CPU_GPU_CV 2400mW/2821mW VDD_SOC 3685mW/3825mW
08-01-2026 01:40:02 RAM 3396/7620MB (lfb 5x2MB) SWAP 7/3810MB (cached 0MB) CPU [1%@1728,4%@1728,87%@1728,0%@1728,0%@729,0%@729] GR3D_FREQ 40% cpu@58.187C soc2@55.468C soc0@57.25C gpu@58C tj@58.187C soc1@57.25C VDD_IN 9068mW/9814mW VDD_CPU_GPU_CV 2320mW/2821mW VDD_SOC 3645mW/3825mW
08-01-2026 01:40:03 RAM 3392/7620MB (lfb 5x2MB) SWAP 7/3810MB (cached 0MB) CPU [2%@1728,0%@1728,89%@1728,1%@1728,0%@729,0%@729] GR3D_FREQ 36% cpu@58.031C soc2@55.281C soc0@57.093C gpu@57.968C tj@58.031C soc1@57.281C VDD_IN 9068mW/9813mW VDD_CPU_GPU_CV 2320mW/2820mW VDD_SOC 3685mW/3824mW
08-01-2026 01:40:04 RAM 3392/7620MB (lfb 5x2MB) SWAP 7/3810MB (cached 0MB) CPU [1%@1728,0%@1728,90%@1728,0%@1728,0%@729,0%@729] GR3D_FREQ 39% cpu@58C soc2@55.312C soc0@57.218C gpu@58C tj@58C soc1@57.312C VDD_IN 9109mW/9813mW VDD_CPU_GPU_CV 2320mW/2820mW VDD_SOC 3645mW/3824mW
08-01-2026 01:40:05 RAM 3392/7620MB (lfb 5x2MB) SWAP 7/3810MB (cached 0MB) CPU [2%@1728,0%@1728,91%@1728,0%@1728,0%@729,0%@729] GR3D_FREQ 36% cpu@57.937C soc2@55.312C soc0@57.25C gpu@58.25C tj@58.25C soc1@57.156C VDD_IN 9028mW/9812mW VDD_CPU_GPU_CV 2320mW/2819mW VDD_SOC 3685mW/3824mW
08-01-2026 01:40:06 RAM 3392/7620MB (lfb 5x2MB) SWAP 7/3810MB (cached 0MB) CPU [83%@1728,0%@1728,9%@1728,0%@1728,0%@729,0%@729] GR3D_FREQ 39% cpu@57.625C soc2@55.375C soc0@57.312C gpu@58.312C tj@58.312C soc1@57.25C VDD_IN 9068mW/9811mW VDD_CPU_GPU_CV 2320mW/2819mW VDD_SOC 3645mW/3824mW
08-01-2026 01:40:07 RAM 3392/7620MB (lfb 5x2MB) SWAP 7/3810MB (cached 0MB) CPU [89%@1728,0%@1728,0%@1728,0%@1728,1%@729,1%@729] GR3D_FREQ 37% cpu@57.875C soc2@55.437C soc0@57.093C gpu@58.312C tj@58.312C soc1@57.218C VDD_IN 9109mW/9811mW VDD_CPU_GPU_CV 2320mW/2819mW VDD_SOC 3645mW/3824mW
08-01-2026 01:40:08 RAM 3392/7620MB (lfb 5x2MB) SWAP 7/3810MB (cached 0MB) CPU [6%@1728,86%@1728,1%@1728,2%@1728,0%@729,0%@729] GR3D_FREQ 40% cpu@57.656C soc2@55.406C soc0@57.187C gpu@58.312C tj@58.312C soc1@57.312C VDD_IN 9189mW/9810mW VDD_CPU_GPU_CV 2363mW/2818mW VDD_SOC 3645mW/3824mW
08-01-2026 01:40:09 RAM 3393/7620MB (lfb 5x2MB) SWAP 7/3810MB (cached 0MB) CPU [1%@1728,4%@1728,86%@1728,0%@1728,1%@729,0%@729] GR3D_FREQ 39% cpu@58.062C soc2@55.343C soc0@57.281C gpu@58.343C tj@58.343C soc1@57.218C VDD_IN 9068mW/9810mW VDD_CPU_GPU_CV 2280mW/2818mW VDD_SOC 3685mW/3824mW
08-01-2026 01:40:10 RAM 3393/7620MB (lfb 5x2MB) SWAP 7/3810MB (cached 0MB) CPU [1%@1728,0%@1728,89%@1728,0%@1728,0%@729,0%@729] GR3D_FREQ 36% cpu@58.125C soc2@55.437C soc0@57.281C gpu@58.406C tj@58.406C soc1@57.156C VDD_IN 8948mW/9809mW VDD_CPU_GPU_CV 2320mW/2817mW VDD_SOC 3685mW/3824mW
08-01-2026 01:40:11 RAM 3393/7620MB (lfb 5x2MB) SWAP 7/3810MB (cached 0MB) CPU [0%@1728,0%@1728,90%@1728,0%@1728,0%@729,0%@729] GR3D_FREQ 40% cpu@58.031C soc2@55.437C soc0@57.281C gpu@58.437C tj@58.437C soc1@57.218C VDD_IN 9028mW/9808mW VDD_CPU_GPU_CV 2280mW/2817mW VDD_SOC 3685mW/3823mW
08-01-2026 01:40:12 RAM 3393/7620MB (lfb 5x2MB) SWAP 7/3810MB (cached 0MB) CPU [1%@1728,0%@1728,5%@1728,86%@1728,0%@729,0%@729] GR3D_FREQ 40% cpu@57.906C soc2@55.343C soc0@57.281C gpu@58C tj@58C soc1@57.156C VDD_IN 9028mW/9808mW VDD_CPU_GPU_CV 2360mW/2816mW VDD_SOC 3685mW/3823mW
08-01-2026 01:40:13 RAM 3393/7620MB (lfb 5x2MB) SWAP 7/3810MB (cached 0MB) CPU [88%@1728,0%@1728,1%@1728,3%@1728,0%@729,0%@729] GR3D_FREQ 39% cpu@57.531C soc2@55.531C soc0@57.187C gpu@58.031C tj@58.031C soc1@57.281C VDD_IN 9068mW/9807mW VDD_CPU_GPU_CV 2320mW/2816mW VDD_SOC 3645mW/3823mW
08-01-2026 01:40:14 RAM 3393/7620MB (lfb 5x2MB) SWAP 7/3810MB (cached 0MB) CPU [3%@729,0%@729,1%@729,0%@729,87%@1728,0%@1728] GR3D_FREQ 40% cpu@57.718C soc2@55.343C soc0@57.218C gpu@58.062C tj@58.062C soc1@57.312C VDD_IN 8908mW/9806mW VDD_CPU_GPU_CV 2280mW/2816mW VDD_SOC 3685mW/3823mW
08-01-2026 01:40:15 RAM 3393/7620MB (lfb 5x2MB) SWAP 7/3810MB (cached 0MB) CPU [1%@729,1%@729,0%@729,0%@729,90%@1728,0%@1728] GR3D_FREQ 40% cpu@57.656C soc2@55.437C soc0@57.25C gpu@58.093C tj@58.093C soc1@57.218C VDD_IN 8988mW/9805mW VDD_CPU_GPU_CV 2320mW/2815mW VDD_SOC 3685mW/3823mW
08-01-2026 01:40:16 RAM 3393/7620MB (lfb 5x2MB) SWAP 7/3810MB (cached 0MB) CPU [2%@729,0%@729,1%@729,0%@729,89%@1728,0%@1728] GR3D_FREQ 39% cpu@57.812C soc2@55.312C soc0@57.406C gpu@58.031C tj@58.031C soc1@57.218C VDD_IN 9189mW/9805mW VDD_CPU_GPU_CV 2283mW/2815mW VDD_SOC 3605mW/3823mW
08-01-2026 01:40:17 RAM 3393/7620MB (lfb 5x2MB) SWAP 7/3810MB (cached 0MB) CPU [1%@729,0%@729,2%@729,0%@729,91%@1728,0%@1728] GR3D_FREQ 40% cpu@58C soc2@55.312C soc0@57.312C gpu@58.062C tj@58.062C soc1@57.25C VDD_IN 9028mW/9804mW VDD_CPU_GPU_CV 2280mW/2814mW VDD_SOC 3685mW/3823mW
08-01-2026 01:40:18 RAM 3393/7620MB (lfb 5x2MB) SWAP 7/3810MB (cached 0MB) CPU [1%@729,0%@729,1%@729,0%@729,4%@1728,86%@1728] GR3D_FREQ 40% cpu@57.312C soc2@55.312C soc0@57.125C gpu@57.968C tj@57.968C soc1@57.281C VDD_IN 8948mW/9804mW VDD_CPU_GPU_CV 2320mW/2814mW VDD_SOC 3645mW/3822mW
08-01-2026 01:40:19 RAM 3393/7620MB (lfb 5x2MB) SWAP 7/3810MB (cached 0MB) CPU [1%@729,0%@729,1%@729,1%@729,0%@1728,90%@1728] GR3D_FREQ 37% cpu@57.281C soc2@55.312C soc0@57.125C gpu@57.875C tj@57.875C soc1@57.343C VDD_IN 9028mW/9803mW VDD_CPU_GPU_CV 2363mW/2813mW VDD_SOC 3645mW/3822mW
08-01-2026 01:40:20 RAM 3393/7620MB (lfb 5x2MB) SWAP 7/3810MB (cached 0MB) CPU [1%@729,0%@729,1%@729,0%@729,0%@1728,90%@1728] GR3D_FREQ 39% cpu@57.468C soc2@55.343C soc0@57.125C gpu@57.937C tj@57.937C soc1@57.25C VDD_IN 8908mW/9802mW VDD_CPU_GPU_CV 2320mW/2813mW VDD_SOC 3645mW/3822mW
08-01-2026 01:40:21 RAM 3393/7620MB (lfb 5x2MB) SWAP 7/3810MB (cached 0MB) CPU [1%@729,1%@729,0%@729,0%@729,0%@1728,90%@1728] GR3D_FREQ 21% cpu@57.687C soc2@55.281C soc0@57.281C gpu@57.968C tj@57.968C soc1@57.25C VDD_IN 9028mW/9802mW VDD_CPU_GPU_CV 2280mW/2813mW VDD_SOC 3645mW/3822mW
08-01-2026 01:40:22 RAM 3393/7620MB (lfb 5x2MB) SWAP 7/3810MB (cached 0MB) CPU [1%@729,0%@729,0%@729,0%@729,0%@1728,89%@1728] GR3D_FREQ 38% cpu@57.562C soc2@55.312C soc0@57.187C gpu@58.031C tj@58.031C soc1@57.25C VDD_IN 9028mW/9801mW VDD_CPU_GPU_CV 2283mW/2812mW VDD_SOC 3645mW/3822mW
08-01-2026 01:40:23 RAM 3391/7620MB (lfb 5x2MB) SWAP 7/3810MB (cached 0MB) CPU [2%@729,0%@729,2%@729,0%@729,0%@1728,89%@1728] GR3D_FREQ 20% cpu@57.75C soc2@55.281C soc0@57.281C gpu@58.125C tj@58.125C soc1@57.343C VDD_IN 9028mW/9800mW VDD_CPU_GPU_CV 2280mW/2812mW VDD_SOC 3685mW/3822mW
08-01-2026 01:40:24 RAM 3391/7620MB (lfb 5x2MB) SWAP 7/3810MB (cached 0MB) CPU [1%@729,0%@729,1%@729,0%@729,0%@1728,89%@1728] GR3D_FREQ 40% cpu@57.343C soc2@55.312C soc0@57.281C gpu@58.187C tj@58.187C soc1@57.343C VDD_IN 9028mW/9800mW VDD_CPU_GPU_CV 2280mW/2811mW VDD_SOC 3645mW/3822mW
08-01-2026 01:40:25 RAM 3391/7620MB (lfb 5x2MB) SWAP 7/3810MB (cached 0MB) CPU [1%@729,0%@729,0%@729,0%@729,0%@1728,88%@1728] GR3D_FREQ 40% cpu@57.531C soc2@55.375C soc0@57.25C gpu@58.125C tj@58.125C soc1@57.218C VDD_IN 8908mW/9799mW VDD_CPU_GPU_CV 2200mW/2811mW VDD_SOC 3645mW/3821mW
08-01-2026 01:40:26 RAM 3391/7620MB (lfb 5x2MB) SWAP 7/3810MB (cached 0MB) CPU [0%@1728,0%@1728,91%@1728,1%@1728,0%@729,0%@729] GR3D_FREQ 39% cpu@58.187C soc2@55.375C soc0@57.281C gpu@58.187C tj@58.187C soc1@57.218C VDD_IN 8948mW/9798mW VDD_CPU_GPU_CV 2243mW/2810mW VDD_SOC 3645mW/3821mW
08-01-2026 01:40:27 RAM 3391/7620MB (lfb 5x2MB) SWAP 7/3810MB (cached 0MB) CPU [1%@729,0%@729,73%@729,0%@729,17%@1728,0%@1728] GR3D_FREQ 39% cpu@57.843C soc2@55.343C soc0@57.218C gpu@58C tj@58C soc1@57.312C VDD_IN 8908mW/9797mW VDD_CPU_GPU_CV 2243mW/2810mW VDD_SOC 3645mW/3821mW
08-01-2026 01:40:28 RAM 3391/7620MB (lfb 5x2MB) SWAP 7/3810MB (cached 0MB) CPU [1%@729,1%@729,0%@729,0%@729,90%@1728,0%@1728] GR3D_FREQ 18% cpu@57.593C soc2@55.343C soc0@57.25C gpu@57.875C tj@57.875C soc1@57.375C VDD_IN 8948mW/9797mW VDD_CPU_GPU_CV 2323mW/2809mW VDD_SOC 3645mW/3821mW
08-01-2026 01:40:29 RAM 3391/7620MB (lfb 5x2MB) SWAP 7/3810MB (cached 0MB) CPU [1%@729,0%@729,1%@729,1%@729,91%@1728,0%@1728] GR3D_FREQ 23% cpu@57.625C soc2@55.5C soc0@57.281C gpu@58.093C tj@58.093C soc1@57.156C VDD_IN 9068mW/9796mW VDD_CPU_GPU_CV 2323mW/2809mW VDD_SOC 3645mW/3821mW
08-01-2026 01:40:30 RAM 3391/7620MB (lfb 5x2MB) SWAP 7/3810MB (cached 0MB) CPU [1%@729,0%@729,0%@729,0%@729,90%@1728,0%@1728] GR3D_FREQ 94% cpu@57.875C soc2@55.312C soc0@57.281C gpu@58.125C tj@58.125C soc1@57.281C VDD_IN 9189mW/9796mW VDD_CPU_GPU_CV 2400mW/2809mW VDD_SOC 3685mW/3821mW
08-01-2026 01:40:31 RAM 3391/7620MB (lfb 5x2MB) SWAP 7/3810MB (cached 0MB) CPU [1%@729,1%@729,3%@729,0%@729,90%@1728,0%@1728] GR3D_FREQ 90% cpu@57.718C soc2@55.312C soc0@57.187C gpu@58.5C tj@58.5C soc1@57.25C VDD_IN 9309mW/9795mW VDD_CPU_GPU_CV 2400mW/2808mW VDD_SOC 3685mW/3821mW
08-01-2026 01:40:32 RAM 3391/7620MB (lfb 5x2MB) SWAP 7/3810MB (cached 0MB) CPU [1%@729,0%@729,1%@729,0%@729,89%@1728,0%@1728] GR3D_FREQ 99% cpu@57.375C soc2@55.406C soc0@57.187C gpu@58.687C tj@58.687C soc1@57.312C VDD_IN 9254mW/9795mW VDD_CPU_GPU_CV 2560mW/2808mW VDD_SOC 3725mW/3821mW
08-01-2026 01:40:33 RAM 3391/7620MB (lfb 5x2MB) SWAP 7/3810MB (cached 0MB) CPU [1%@729,0%@729,1%@729,1%@729,90%@1267,0%@1267] GR3D_FREQ 99% cpu@57.5C soc2@55.375C soc0@57.281C gpu@58.843C tj@58.843C soc1@57.312C VDD_IN 9575mW/9794mW VDD_CPU_GPU_CV 2640mW/2808mW VDD_SOC 3766mW/3820mW
08-01-2026 01:40:34 RAM 3391/7620MB (lfb 5x2MB) SWAP 7/3810MB (cached 0MB) CPU [0%@729,0%@729,0%@729,0%@729,86%@1728,3%@1728] GR3D_FREQ 99% cpu@57.593C soc2@55.5C soc0@57.281C gpu@59.031C tj@59.031C soc1@57.156C VDD_IN 9695mW/9794mW VDD_CPU_GPU_CV 2640mW/2808mW VDD_SOC 3800mW/3820mW
08-01-2026 01:40:35 RAM 3391/7620MB (lfb 5x2MB) SWAP 7/3810MB (cached 0MB) CPU [1%@729,0%@729,1%@729,0%@729,0%@1728,89%@1728] GR3D_FREQ 99% cpu@57.531C soc2@55.375C soc0@57.125C gpu@58.75C tj@58.75C soc1@57.25C VDD_IN 9735mW/9794mW VDD_CPU_GPU_CV 2720mW/2808mW VDD_SOC 3840mW/3820mW
08-01-2026 01:40:36 RAM 3391/7620MB (lfb 5x2MB) SWAP 7/3810MB (cached 0MB) CPU [1%@729,0%@729,0%@729,0%@729,0%@1728,90%@1728] GR3D_FREQ 99% cpu@57.75C soc2@55.312C soc0@57.125C gpu@58.312C tj@58.312C soc1@57.25C VDD_IN 9214mW/9794mW VDD_CPU_GPU_CV 2400mW/2807mW VDD_SOC 3725mW/3820mW
08-01-2026 01:40:37 RAM 3391/7620MB (lfb 5x2MB) SWAP 7/3810MB (cached 0MB) CPU [1%@729,0%@729,0%@729,0%@729,0%@1267,89%@1267] GR3D_FREQ 99% cpu@57.531C soc2@55.312C soc0@57.281C gpu@58.562C tj@58.562C soc1@57.343C VDD_IN 9495mW/9794mW VDD_CPU_GPU_CV 2600mW/2807mW VDD_SOC 3806mW/3820mW
08-01-2026 01:40:38 RAM 3391/7620MB (lfb 5x2MB) SWAP 7/3810MB (cached 0MB) CPU [1%@729,0%@729,1%@729,2%@729,0%@1651,89%@1651] GR3D_FREQ 99% cpu@57.531C soc2@55.406C soc0@57.281C gpu@59.093C tj@59.093C soc1@57.218C VDD_IN 9735mW/9794mW VDD_CPU_GPU_CV 2760mW/2807mW VDD_SOC 3840mW/3820mW
08-01-2026 01:40:39 RAM 3391/7620MB (lfb 5x2MB) SWAP 7/3810MB (cached 0MB) CPU [1%@729,0%@729,0%@729,1%@729,0%@806,89%@806] GR3D_FREQ 99% cpu@57.718C soc2@55.312C soc0@57.218C gpu@58.687C tj@58.687C soc1@57.218C VDD_IN 9815mW/9794mW VDD_CPU_GPU_CV 2720mW/2807mW VDD_SOC 3840mW/3820mW
08-01-2026 01:40:40 RAM 3391/7620MB (lfb 5x2MB) SWAP 7/3810MB (cached 0MB) CPU [1%@729,0%@729,0%@729,2%@729,0%@1651,89%@1651] GR3D_FREQ 99% cpu@57.531C soc2@55.468C soc0@57.187C gpu@58.781C tj@58.781C soc1@57.25C VDD_IN 10016mW/9794mW VDD_CPU_GPU_CV 2955mW/2807mW VDD_SOC 3920mW/3821mW
08-01-2026 01:40:41 RAM 3391/7620MB (lfb 5x2MB) SWAP 7/3810MB (cached 0MB) CPU [2%@729,0%@729,0%@729,0%@729,0%@1728,90%@1728] GR3D_FREQ 99% cpu@57.562C soc2@55.437C soc0@57.187C gpu@58.656C tj@58.718C soc1@57.406C VDD_IN 10016mW/9794mW VDD_CPU_GPU_CV 2835mW/2807mW VDD_SOC 3920mW/3821mW
08-01-2026 01:40:42 RAM 3391/7620MB (lfb 5x2MB) SWAP 7/3810MB (cached 0MB) CPU [1%@729,0%@729,0%@729,0%@729,0%@1728,90%@1728] GR3D_FREQ 99% cpu@57.75C soc2@55.437C soc0@57.187C gpu@58.968C tj@58.968C soc1@57.218C VDD_IN 10176mW/9794mW VDD_CPU_GPU_CV 2995mW/2807mW VDD_SOC 3960mW/3821mW
08-01-2026 01:40:43 RAM 3391/7620MB (lfb 5x2MB) SWAP 7/3810MB (cached 0MB) CPU [1%@729,0%@729,0%@729,1%@729,0%@1728,90%@1728] GR3D_FREQ 92% cpu@57.937C soc2@55.468C soc0@57.218C gpu@59C tj@59C soc1@57.25C VDD_IN 10400mW/9795mW VDD_CPU_GPU_CV 3115mW/2808mW VDD_SOC 4000mW/3821mW
08-01-2026 01:40:44 RAM 3393/7620MB (lfb 4x2MB) SWAP 7/3810MB (cached 0MB) CPU [2%@729,0%@729,1%@729,1%@729,0%@1728,89%@1728] GR3D_FREQ 84% cpu@57.75C soc2@55.468C soc0@57.218C gpu@59.218C tj@59.218C soc1@57.343C VDD_IN 10640mW/9795mW VDD_CPU_GPU_CV 3314mW/2808mW VDD_SOC 4040mW/3821mW
08-01-2026 01:40:45 RAM 3393/7620MB (lfb 4x2MB) SWAP 7/3810MB (cached 0MB) CPU [0%@729,0%@729,0%@729,1%@729,0%@1036,90%@1036] GR3D_FREQ 99% cpu@57.656C soc2@55.5C soc0@57.281C gpu@59.062C tj@59.062C soc1@57.312C VDD_IN 10760mW/9796mW VDD_CPU_GPU_CV 3234mW/2808mW VDD_SOC 4033mW/3821mW
08-01-2026 01:40:46 RAM 3393/7620MB (lfb 4x2MB) SWAP 7/3810MB (cached 0MB) CPU [2%@729,0%@729,0%@729,1%@729,0%@806,89%@806] GR3D_FREQ 99% cpu@57.812C soc2@55.625C soc0@57.281C gpu@59.406C tj@59.406C soc1@57.156C VDD_IN 11320mW/9798mW VDD_CPU_GPU_CV 3708mW/2809mW VDD_SOC 4153mW/3821mW
08-01-2026 01:40:47 RAM 3393/7620MB (lfb 4x2MB) SWAP 7/3810MB (cached 0MB) CPU [0%@729,0%@729,1%@729,0%@729,0%@1574,90%@1574] GR3D_FREQ 98% cpu@57.718C soc2@55.437C soc0@57.343C gpu@59.125C tj@59.125C soc1@57.375C VDD_IN 11240mW/9799mW VDD_CPU_GPU_CV 3668mW/2810mW VDD_SOC 4153mW/3822mW
08-01-2026 01:40:48 RAM 3393/7620MB (lfb 6x2MB) SWAP 7/3810MB (cached 0MB) CPU [1%@729,0%@729,1%@729,0%@729,0%@1574,90%@1574] GR3D_FREQ 99% cpu@57.937C soc2@55.562C soc0@57.25C gpu@59.062C tj@59.062C soc1@57.343C VDD_IN 11240mW/9800mW VDD_CPU_GPU_CV 3628mW/2811mW VDD_SOC 4153mW/3822mW
08-01-2026 01:40:49 RAM 3393/7620MB (lfb 6x2MB) SWAP 7/3810MB (cached 0MB) CPU [2%@729,0%@729,0%@729,1%@729,0%@1574,90%@1574] GR3D_FREQ 28% cpu@57.656C soc2@55.562C soc0@57.125C gpu@59.062C tj@59.062C soc1@57.406C VDD_IN 11320mW/9801mW VDD_CPU_GPU_CV 3668mW/2811mW VDD_SOC 4153mW/3822mW
08-01-2026 01:40:50 RAM 3393/7620MB (lfb 6x2MB) SWAP 7/3810MB (cached 0MB) CPU [0%@729,0%@729,1%@729,1%@729,0%@1574,90%@1574] GR3D_FREQ 23% cpu@57.687C soc2@55.562C soc0@57.218C gpu@58.968C tj@58.968C soc1@57.406C VDD_IN 11280mW/9802mW VDD_CPU_GPU_CV 3668mW/2812mW VDD_SOC 4153mW/3823mW
08-01-2026 01:40:51 RAM 3393/7620MB (lfb 6x2MB) SWAP 7/3810MB (cached 0MB) CPU [2%@729,0%@729,1%@729,1%@729,0%@1574,90%@1574] GR3D_FREQ 33% cpu@57.625C soc2@55.625C soc0@57.187C gpu@58.968C tj@58.968C soc1@57.218C VDD_IN 11400mW/9804mW VDD_CPU_GPU_CV 3827mW/2813mW VDD_SOC 4153mW/3823mW
08-01-2026 01:40:52 RAM 3393/7620MB (lfb 6x2MB) SWAP 7/3810MB (cached 0MB) CPU [0%@729,0%@729,0%@729,1%@729,0%@1574,90%@1574] GR3D_FREQ 41% cpu@57.687C soc2@55.593C soc0@57.218C gpu@58.968C tj@58.968C soc1@57.281C VDD_IN 11320mW/9805mW VDD_CPU_GPU_CV 3668mW/2814mW VDD_SOC 4153mW/3823mW
08-01-2026 01:40:53 RAM 3393/7620MB (lfb 6x2MB) SWAP 7/3810MB (cached 0MB) CPU [1%@729,0%@729,0%@729,0%@729,0%@1574,87%@1574] GR3D_FREQ 61% cpu@57.75C soc2@55.437C soc0@57.218C gpu@58.718C tj@58.437C soc1@57.343C VDD_IN 10680mW/9806mW VDD_CPU_GPU_CV 3194mW/2814mW VDD_SOC 4120mW/3823mW
08-01-2026 01:40:54 RAM 3393/7620MB (lfb 6x2MB) SWAP 7/3810MB (cached 0MB) CPU [1%@729,0%@729,0%@729,1%@729,0%@1574,90%@1574] GR3D_FREQ 28% cpu@57.593C soc2@55.5C soc0@57.062C gpu@58.937C tj@58.937C soc1@57.281C VDD_IN 11200mW/9807mW VDD_CPU_GPU_CV 3588mW/2814mW VDD_SOC 4153mW/3824mW
08-01-2026 01:40:55 RAM 3393/7620MB (lfb 6x2MB) SWAP 7/3810MB (cached 0MB) CPU [1%@729,1%@729,2%@729,1%@729,0%@1651,90%@1651] GR3D_FREQ 36% cpu@57.656C soc2@55.531C soc0@57.281C gpu@58.781C tj@58.781C soc1@57.218C VDD_IN 11280mW/9808mW VDD_CPU_GPU_CV 3708mW/2815mW VDD_SOC 4153mW/3824mW
08-01-2026 01:40:56 RAM 3393/7620MB (lfb 6x2MB) SWAP 7/3810MB (cached 0MB) CPU [2%@729,0%@729,0%@729,0%@729,0%@1651,90%@1651] GR3D_FREQ 46% cpu@57.781C soc2@55.593C soc0@57.281C gpu@58.75C tj@58.75C soc1@57.218C VDD_IN 11320mW/9809mW VDD_CPU_GPU_CV 3668mW/2816mW VDD_SOC 4153mW/3824mW
08-01-2026 01:40:57 RAM 3393/7620MB (lfb 6x2MB) SWAP 7/3810MB (cached 0MB) CPU [1%@729,0%@729,0%@729,0%@729,11%@1574,78%@1574] GR3D_FREQ 38% cpu@57.812C soc2@55.562C soc0@57.281C gpu@58.593C tj@58.593C soc1@57.25C VDD_IN 11200mW/9810mW VDD_CPU_GPU_CV 3668mW/2817mW VDD_SOC 4153mW/3824mW
08-01-2026 01:40:58 RAM 3393/7620MB (lfb 6x2MB) SWAP 7/3810MB (cached 0MB) CPU [76%@1651,11%@1651,2%@1651,0%@1651,3%@729,0%@729] GR3D_FREQ 29% cpu@57.906C soc2@55.625C soc0@57.218C gpu@59.093C tj@59.093C soc1@57.281C VDD_IN 11320mW/9812mW VDD_CPU_GPU_CV 3628mW/2817mW VDD_SOC 4153mW/3825mW
08-01-2026 01:40:59 RAM 3393/7620MB (lfb 6x2MB) SWAP 7/3810MB (cached 0MB) CPU [11%@1651,81%@1651,0%@1651,0%@1651,0%@729,0%@729] GR3D_FREQ 26% cpu@57.75C soc2@55.718C soc0@57.218C gpu@59.156C tj@59.156C soc1@57.406C VDD_IN 11320mW/9813mW VDD_CPU_GPU_CV 3628mW/2818mW VDD_SOC 4153mW/3825mW
08-01-2026 01:41:00 RAM 3393/7620MB (lfb 6x2MB) SWAP 7/3810MB (cached 0MB) CPU [83%@1651,0%@1651,0%@1651,7%@1651,0%@729,0%@729] GR3D_FREQ 67% cpu@57.656C soc2@55.625C soc0@57.187C gpu@59.468C tj@59.468C soc1@57.281C VDD_IN 11200mW/9814mW VDD_CPU_GPU_CV 3588mW/2819mW VDD_SOC 4153mW/3825mW
08-01-2026 01:41:01 RAM 3393/7620MB (lfb 6x2MB) SWAP 7/3810MB (cached 0MB) CPU [1%@1651,0%@1651,1%@1651,90%@1651,0%@729,0%@729] GR3D_FREQ 99% cpu@57.656C soc2@55.593C soc0@57.375C gpu@59.5C tj@59.5C soc1@57.218C VDD_IN 11240mW/9815mW VDD_CPU_GPU_CV 3628mW/2819mW VDD_SOC 4153mW/3826mW
08-01-2026 01:41:02 RAM 3393/7620MB (lfb 6x2MB) SWAP 7/3810MB (cached 0MB) CPU [1%@1651,0%@1651,0%@1651,90%@1651,0%@729,0%@729] GR3D_FREQ 49% cpu@57.687C soc2@55.656C soc0@57.281C gpu@59.406C tj@59.406C soc1@57.312C VDD_IN 11280mW/9816mW VDD_CPU_GPU_CV 3708mW/2820mW VDD_SOC 4153mW/3826mW
08-01-2026 01:41:03 RAM 3393/7620MB (lfb 6x2MB) SWAP 7/3810MB (cached 0MB) CPU [7%@1651,0%@1651,0%@1651,86%@1651,0%@729,0%@729] GR3D_FREQ 67% cpu@57.843C soc2@55.625C soc0@57.281C gpu@59.437C tj@59.437C soc1@57.312C VDD_IN 11320mW/9818mW VDD_CPU_GPU_CV 3668mW/2821mW VDD_SOC 4153mW/3826mW
08-01-2026 01:41:04 RAM 3393/7620MB (lfb 6x2MB) SWAP 7/3810MB (cached 0MB) CPU [90%@1651,0%@1651,0%@1651,0%@1651,0%@729,0%@729] GR3D_FREQ 91% cpu@57.625C soc2@55.625C soc0@57.25C gpu@59.156C tj@59.218C soc1@57.406C VDD_IN 11200mW/9819mW VDD_CPU_GPU_CV 3668mW/2821mW VDD_SOC 4153mW/3826mW
08-01-2026 01:41:05 RAM 3393/7620MB (lfb 6x2MB) SWAP 7/3810MB (cached 0MB) CPU [84%@806,0%@806,6%@806,0%@806,0%@729,0%@729] GR3D_FREQ 99% cpu@57.625C soc2@55.687C soc0@57.312C gpu@59.468C tj@59.468C soc1@57.187C VDD_IN 11000mW/9820mW VDD_CPU_GPU_CV 3428mW/2822mW VDD_SOC 4113mW/3827mW
08-01-2026 01:41:06 RAM 3393/7620MB (lfb 6x2MB) SWAP 7/3810MB (cached 0MB) CPU [1%@883,1%@883,90%@883,0%@883,0%@729,0%@729] GR3D_FREQ 99% cpu@57.781C soc2@55.656C soc0@57.281C gpu@59.562C tj@59.562C soc1@57.25C VDD_IN 11200mW/9821mW VDD_CPU_GPU_CV 3588mW/2822mW VDD_SOC 4153mW/3827mW
08-01-2026 01:41:07 RAM 3393/7620MB (lfb 6x2MB) SWAP 7/3810MB (cached 0MB) CPU [1%@729,0%@729,90%@729,0%@729,0%@729,0%@729] GR3D_FREQ 99% cpu@57.406C soc2@55.593C soc0@57.281C gpu@58.812C tj@58.812C soc1@57.312C VDD_IN 10600mW/9821mW VDD_CPU_GPU_CV 3115mW/2823mW VDD_SOC 4080mW/3827mW
08-01-2026 01:41:08 RAM 3393/7620MB (lfb 6x2MB) SWAP 7/3810MB (cached 0MB) CPU [2%@1267,0%@1267,90%@1267,0%@1267,0%@729,0%@729] GR3D_FREQ 99% cpu@58.218C soc2@55.562C soc0@57.25C gpu@59.281C tj@59.187C soc1@57.25C VDD_IN 10560mW/9822mW VDD_CPU_GPU_CV 3194mW/2823mW VDD_SOC 4040mW/3827mW
08-01-2026 01:41:09 RAM 3393/7620MB (lfb 6x2MB) SWAP 7/3810MB (cached 0MB) CPU [1%@729,0%@729,53%@729,0%@729,37%@1190,0%@1190] GR3D_FREQ 88% cpu@57.593C soc2@55.531C soc0@57.312C gpu@59.062C tj@59.062C soc1@57.312C VDD_IN 10480mW/9822mW VDD_CPU_GPU_CV 3194mW/2823mW VDD_SOC 4040mW/3827mW
08-01-2026 01:41:10 RAM 3393/7620MB (lfb 6x2MB) SWAP 7/3810MB (cached 0MB) CPU [2%@729,1%@729,0%@729,0%@729,90%@1190,0%@1190] GR3D_FREQ 88% cpu@57.718C soc2@55.593C soc0@57.312C gpu@58.875C tj@58.875C soc1@57.281C VDD_IN 10440mW/9823mW VDD_CPU_GPU_CV 3115mW/2823mW VDD_SOC 4040mW/3828mW
08-01-2026 01:41:11 RAM 3393/7620MB (lfb 6x2MB) SWAP 7/3810MB (cached 0MB) CPU [1%@729,0%@729,0%@729,0%@729,88%@1728,0%@1728] GR3D_FREQ 94% cpu@57.656C soc2@55.468C soc0@57.156C gpu@58.718C tj@58.718C soc1@57.343C VDD_IN 10056mW/9823mW VDD_CPU_GPU_CV 2760mW/2823mW VDD_SOC 3920mW/3828mW
08-01-2026 01:41:12 RAM 3393/7620MB (lfb 6x2MB) SWAP 7/3810MB (cached 0MB) CPU [1%@729,0%@729,0%@729,0%@729,90%@1728,0%@1728] GR3D_FREQ 89% cpu@57.562C soc2@55.468C soc0@57.218C gpu@58.875C tj@59.062C soc1@57.375C VDD_IN 10256mW/9824mW VDD_CPU_GPU_CV 2995mW/2824mW VDD_SOC 3960mW/3828mW
08-01-2026 01:41:13 RAM 3393/7620MB (lfb 6x2MB) SWAP 7/3810MB (cached 0MB) CPU [1%@729,1%@729,0%@729,0%@729,90%@1728,0%@1728] GR3D_FREQ 94% cpu@57.687C soc2@55.562C soc0@57.281C gpu@59.093C tj@59.093C soc1@57.343C VDD_IN 10360mW/9824mW VDD_CPU_GPU_CV 3154mW/2824mW VDD_SOC 4040mW/3828mW
08-01-2026 01:41:14 RAM 3393/7620MB (lfb 6x2MB) SWAP 7/3810MB (cached 0MB) CPU [0%@729,1%@729,0%@729,0%@729,84%@1190,6%@1190] GR3D_FREQ 98% cpu@57.843C soc2@55.593C soc0@57.218C gpu@59.437C tj@59.437C soc1@57.218C VDD_IN 10800mW/9825mW VDD_CPU_GPU_CV 3468mW/2824mW VDD_SOC 4080mW/3828mW
08-01-2026 01:41:15 RAM 3393/7620MB (lfb 6x2MB) SWAP 7/3810MB (cached 0MB) CPU [2%@729,0%@729,1%@729,2%@729,0%@960,89%@960] GR3D_FREQ 99% cpu@58.031C soc2@55.468C soc0@57.156C gpu@59.343C tj@59.343C soc1@57.25C VDD_IN 11160mW/9826mW VDD_CPU_GPU_CV 3588mW/2825mW VDD_SOC 4153mW/3828mW
08-01-2026 01:41:16 RAM 3393/7620MB (lfb 6x2MB) SWAP 7/3810MB (cached 0MB) CPU [0%@729,1%@729,0%@729,0%@729,6%@806,84%@806] GR3D_FREQ 99% cpu@57.687C soc2@55.5C soc0@57.25C gpu@59.312C tj@59.312C soc1@57.25C VDD_IN 11360mW/9827mW VDD_CPU_GPU_CV 3668mW/2826mW VDD_SOC 4153mW/3829mW
08-01-2026 01:41:17 RAM 3393/7620MB (lfb 6x2MB) SWAP 7/3810MB (cached 0MB) CPU [1%@729,0%@729,0%@729,0%@729,91%@1651,0%@1651] GR3D_FREQ 87% cpu@57.656C soc2@55.656C soc0@57.218C gpu@59.125C tj@59.125C soc1@57.343C VDD_IN 11320mW/9828mW VDD_CPU_GPU_CV 3628mW/2826mW VDD_SOC 4153mW/3829mW
08-01-2026 01:41:18 RAM 3393/7620MB (lfb 6x2MB) SWAP 7/3810MB (cached 0MB) CPU [1%@729,0%@729,0%@729,0%@729,91%@1651,0%@1651] GR3D_FREQ 71% cpu@57.656C soc2@55.656C soc0@57.281C gpu@58.937C tj@58.937C soc1@57.312C VDD_IN 11280mW/9829mW VDD_CPU_GPU_CV 3668mW/2827mW VDD_SOC 4153mW/3829mW
08-01-2026 01:41:19 RAM 3393/7620MB (lfb 6x2MB) SWAP 7/3810MB (cached 0MB) CPU [1%@729,0%@729,1%@729,0%@729,81%@1574,9%@1574] GR3D_FREQ 36% cpu@57.687C soc2@55.593C soc0@57.375C gpu@59.187C tj@59.187C soc1@57.281C VDD_IN 11200mW/9831mW VDD_CPU_GPU_CV 3628mW/2828mW VDD_SOC 4153mW/3829mW
08-01-2026 01:41:20 RAM 3394/7620MB (lfb 6x2MB) SWAP 7/3810MB (cached 0MB) CPU [1%@729,1%@729,0%@729,0%@729,0%@1574,90%@1574] GR3D_FREQ 62% cpu@57.906C soc2@55.562C soc0@57.218C gpu@59.031C tj@59.031C soc1@57.343C VDD_IN 11240mW/9832mW VDD_CPU_GPU_CV 3628mW/2828mW VDD_SOC 4153mW/3830mW
08-01-2026 01:41:21 RAM 3394/7620MB (lfb 6x2MB) SWAP 7/3810MB (cached 0MB) CPU [1%@729,0%@729,0%@729,0%@729,0%@1574,90%@1574] GR3D_FREQ 32% cpu@57.656C soc2@55.562C soc0@57.156C gpu@59.156C tj@59.156C soc1@57.343C VDD_IN 11381mW/9833mW VDD_CPU_GPU_CV 3827mW/2829mW VDD_SOC 4153mW/3830mW
08-01-2026 01:41:22 RAM 3394/7620MB (lfb 6x2MB) SWAP 7/3810MB (cached 0MB) CPU [1%@729,1%@729,1%@729,0%@729,0%@1651,91%@1651] GR3D_FREQ 45% cpu@57.687C soc2@55.593C soc0@57.312C gpu@58.968C tj@58.968C soc1@57.218C VDD_IN 11320mW/9834mW VDD_CPU_GPU_CV 3747mW/2830mW VDD_SOC 4153mW/3830mW
08-01-2026 01:41:23 RAM 3394/7620MB (lfb 6x2MB) SWAP 7/3810MB (cached 0MB) CPU [1%@729,0%@729,0%@729,0%@729,0%@1651,90%@1651] GR3D_FREQ 44% cpu@57.718C soc2@55.562C soc0@57.437C gpu@58.687C tj@58.687C soc1@57.218C VDD_IN 11240mW/9835mW VDD_CPU_GPU_CV 3668mW/2830mW VDD_SOC 4153mW/3830mW
08-01-2026 01:41:24 RAM 3394/7620MB (lfb 6x2MB) SWAP 7/3810MB (cached 0MB) CPU [0%@729,0%@729,1%@729,1%@729,12%@1728,77%@1728] GR3D_FREQ 42% cpu@57.843C soc2@55.5C soc0@57.187C gpu@58.687C tj@58.687C soc1@57.25C VDD_IN 11360mW/9836mW VDD_CPU_GPU_CV 3708mW/2831mW VDD_SOC 4153mW/3831mW
08-01-2026 01:41:25 RAM 3394/7620MB (lfb 6x2MB) SWAP 7/3810MB (cached 0MB) CPU [2%@729,0%@729,0%@729,0%@729,91%@1728,0%@1728] GR3D_FREQ 44% cpu@57.718C soc2@55.562C soc0@57.218C gpu@58.687C tj@58.687C soc1@57.375C VDD_IN 11320mW/9838mW VDD_CPU_GPU_CV 3628mW/2832mW VDD_SOC 4153mW/3831mW
08-01-2026 01:41:26 RAM 3394/7620MB (lfb 6x2MB) SWAP 7/3810MB (cached 0MB) CPU [10%@1728,1%@1728,0%@1728,1%@1728,81%@729,0%@729] GR3D_FREQ 47% cpu@57.718C soc2@55.656C soc0@57.25C gpu@58.687C tj@58.687C soc1@57.437C VDD_IN 11200mW/9839mW VDD_CPU_GPU_CV 3628mW/2832mW VDD_SOC 4153mW/3831mW
08-01-2026 01:41:27 RAM 3394/7620MB (lfb 6x2MB) SWAP 7/3810MB (cached 0MB) CPU [76%@1728,12%@1728,0%@1728,1%@1728,0%@729,0%@729] GR3D_FREQ 41% cpu@57.656C soc2@55.593C soc0@57.281C gpu@58.968C tj@58.968C soc1@57.25C VDD_IN 11160mW/9840mW VDD_CPU_GPU_CV 3628mW/2833mW VDD_SOC 4153mW/3831mW
08-01-2026 01:41:28 RAM 3394/7620MB (lfb 6x2MB) SWAP 7/3810MB (cached 0MB) CPU [2%@1728,91%@1728,0%@1728,0%@1728,0%@729,0%@729] GR3D_FREQ 45% cpu@57.843C soc2@55.562C soc0@57.312C gpu@59.093C tj@59.093C soc1@57.25C VDD_IN 11320mW/9841mW VDD_CPU_GPU_CV 3668mW/2834mW VDD_SOC 4193mW/3832mW
08-01-2026 01:41:29 RAM 3394/7620MB (lfb 6x2MB) SWAP 7/3810MB (cached 0MB) CPU [0%@1728,91%@1728,0%@1728,0%@1728,0%@729,0%@729] GR3D_FREQ 45% cpu@57.718C soc2@55.531C soc0@57.281C gpu@59.093C tj@59.093C soc1@57.281C VDD_IN 11320mW/9842mW VDD_CPU_GPU_CV 3668mW/2834mW VDD_SOC 4153mW/3832mW
08-01-2026 01:41:30 RAM 3394/7620MB (lfb 6x2MB) SWAP 7/3810MB (cached 0MB) CPU [1%@1728,75%@1728,16%@1728,0%@1728,0%@729,0%@729] GR3D_FREQ 38% cpu@58.468C soc2@55.562C soc0@57.281C gpu@58.968C tj@58.968C soc1@57.312C VDD_IN 11200mW/9843mW VDD_CPU_GPU_CV 3668mW/2835mW VDD_SOC 4153mW/3832mW
08-01-2026 01:41:31 RAM 3394/7620MB (lfb 6x2MB) SWAP 7/3810MB (cached 0MB) CPU [1%@1728,0%@1728,90%@1728,0%@1728,0%@729,0%@729] GR3D_FREQ 47% cpu@58.281C soc2@55.656C soc0@57.281C gpu@58.5C tj@58.5C soc1@57.406C VDD_IN 11160mW/9844mW VDD_CPU_GPU_CV 3628mW/2836mW VDD_SOC 4153mW/3832mW
08-01-2026 01:41:32 RAM 3394/7620MB (lfb 6x2MB) SWAP 7/3810MB (cached 0MB) CPU [1%@1728,0%@1728,92%@1728,0%@1728,0%@729,0%@729] GR3D_FREQ 25% cpu@58.218C soc2@55.593C soc0@57.25C gpu@58.437C tj@58.437C soc1@57.156C VDD_IN 11160mW/9845mW VDD_CPU_GPU_CV 3588mW/2836mW VDD_SOC 4113mW/3833mW
08-01-2026 01:41:33 RAM 3394/7620MB (lfb 6x2MB) SWAP 7/3810MB (cached 0MB) CPU [1%@1728,18%@1728,73%@1728,0%@1728,0%@729,0%@729] GR3D_FREQ 27% cpu@57.906C soc2@55.562C soc0@57.312C gpu@58.562C tj@58.562C soc1@57.281C VDD_IN 11200mW/9846mW VDD_CPU_GPU_CV 3588mW/2837mW VDD_SOC 4113mW/3833mW
08-01-2026 01:41:34 RAM 3394/7620MB (lfb 6x2MB) SWAP 7/3810MB (cached 0MB) CPU [0%@1728,91%@1728,0%@1728,0%@1728,0%@729,0%@729] GR3D_FREQ 24% cpu@57.75C soc2@55.5C soc0@57.25C gpu@58.625C tj@58.625C soc1@57.25C VDD_IN 11000mW/9847mW VDD_CPU_GPU_CV 3588mW/2837mW VDD_SOC 4120mW/3833mW
08-01-2026 01:41:35 RAM 3394/7620MB (lfb 6x2MB) SWAP 7/3810MB (cached 0MB) CPU [1%@1728,91%@1728,0%@1728,0%@1728,0%@729,0%@729] GR3D_FREQ 23% cpu@57.843C soc2@55.562C soc0@57.218C gpu@58.562C tj@58.562C soc1@57.343C VDD_IN 11040mW/9848mW VDD_CPU_GPU_CV 3548mW/2838mW VDD_SOC 4073mW/3833mW
08-01-2026 01:41:36 RAM 3394/7620MB (lfb 6x2MB) SWAP 7/3810MB (cached 0MB) CPU [2%@1728,90%@1728,0%@1728,0%@1728,0%@729,0%@729] GR3D_FREQ 24% cpu@57.593C soc2@55.593C soc0@57.312C gpu@58.5C tj@58.5C soc1@57.375C VDD_IN 10880mW/9849mW VDD_CPU_GPU_CV 3508mW/2839mW VDD_SOC 4080mW/3834mW
08-01-2026 01:41:37 RAM 3394/7620MB (lfb 6x2MB) SWAP 7/3810MB (cached 0MB) CPU [1%@1728,69%@1728,22%@1728,0%@1728,0%@729,0%@729] GR3D_FREQ 24% cpu@58.218C soc2@55.656C soc0@57.281C gpu@58.562C tj@58.562C soc1@57.187C VDD_IN 10840mW/9850mW VDD_CPU_GPU_CV 3508mW/2839mW VDD_SOC 4080mW/3834mW
08-01-2026 01:41:38 RAM 3394/7620MB (lfb 6x2MB) SWAP 7/3810MB (cached 0MB) CPU [1%@1728,0%@1728,91%@1728,0%@1728,0%@729,0%@729] GR3D_FREQ 23% cpu@58.406C soc2@55.468C soc0@57.312C gpu@58.562C tj@58.562C soc1@57.25C VDD_IN 10840mW/9851mW VDD_CPU_GPU_CV 3428mW/2840mW VDD_SOC 4080mW/3834mW
08-01-2026 01:41:39 RAM 3394/7620MB (lfb 6x2MB) SWAP 7/3810MB (cached 0MB) CPU [2%@1728,0%@1728,69%@1728,18%@1728,0%@729,0%@729] GR3D_FREQ 24% cpu@57.906C soc2@55.531C soc0@57.218C gpu@58.531C tj@58.531C soc1@57.25C VDD_IN 10600mW/9851mW VDD_CPU_GPU_CV 3194mW/2840mW VDD_SOC 4080mW/3834mW
08-01-2026 01:41:40 RAM 3394/7620MB (lfb 6x2MB) SWAP 7/3810MB (cached 0MB) CPU [1%@1728,0%@1728,0%@1728,87%@1728,0%@729,0%@729] GR3D_FREQ 47% cpu@58.062C soc2@55.5C soc0@57.187C gpu@58.375C tj@58.375C soc1@57.343C VDD_IN 10760mW/9852mW VDD_CPU_GPU_CV 3274mW/2840mW VDD_SOC 4080mW/3834mW
08-01-2026 01:41:41 RAM 3394/7620MB (lfb 6x2MB) SWAP 7/3810MB (cached 0MB) CPU [1%@1728,16%@1728,0%@1728,74%@1728,0%@729,0%@729] GR3D_FREQ 34% cpu@57.593C soc2@55.656C soc0@57.187C gpu@58.5C tj@58.5C soc1@57.343C VDD_IN 11160mW/9853mW VDD_CPU_GPU_CV 3588mW/2841mW VDD_SOC 4113mW/3835mW
08-01-2026 01:41:42 RAM 3394/7620MB (lfb 6x2MB) SWAP 7/3810MB (cached 0MB) CPU [1%@1728,91%@1728,1%@1728,0%@1728,0%@729,0%@729] GR3D_FREQ 24% cpu@57.625C soc2@55.562C soc0@57.281C gpu@58.375C tj@58.375C soc1@57.187C VDD_IN 11120mW/9854mW VDD_CPU_GPU_CV 3628mW/2841mW VDD_SOC 4073mW/3835mW
08-01-2026 01:41:43 RAM 3394/7620MB (lfb 6x2MB) SWAP 7/3810MB (cached 0MB) CPU [1%@1728,87%@1728,0%@1728,0%@1728,0%@729,0%@729] GR3D_FREQ 57% cpu@57.75C soc2@55.531C soc0@57.281C gpu@58.406C tj@58.406C soc1@57.218C VDD_IN 10760mW/9855mW VDD_CPU_GPU_CV 3269mW/2842mW VDD_SOC 4120mW/3835mW
08-01-2026 01:41:44 RAM 3394/7620MB (lfb 6x2MB) SWAP 7/3810MB (cached 0MB) CPU [0%@1728,91%@1728,0%@1728,0%@1728,0%@729,0%@729] GR3D_FREQ 23% cpu@57.718C soc2@55.593C soc0@57.281C gpu@58.5C tj@58.5C soc1@57.281C VDD_IN 11120mW/9856mW VDD_CPU_GPU_CV 3588mW/2842mW VDD_SOC 4153mW/3835mW
08-01-2026 01:41:45 RAM 3395/7620MB (lfb 5x2MB) SWAP 7/3810MB (cached 0MB) CPU [1%@1728,90%@1728,0%@1728,0%@1728,1%@729,0%@729] GR3D_FREQ 25% cpu@57.843C soc2@55.437C soc0@57.187C gpu@58.468C tj@58.468C soc1@57.281C VDD_IN 11120mW/9857mW VDD_CPU_GPU_CV 3548mW/2843mW VDD_SOC 4113mW/3835mW
08-01-2026 01:41:46 RAM 3395/7620MB (lfb 5x2MB) SWAP 7/3810MB (cached 0MB) CPU [1%@1728,90%@1728,0%@1728,1%@1728,0%@729,0%@729] GR3D_FREQ 24% cpu@57.562C soc2@55.531C soc0@57.218C gpu@58.406C tj@58.406C soc1@57.406C VDD_IN 11120mW/9858mW VDD_CPU_GPU_CV 3548mW/2843mW VDD_SOC 4113mW/3836mW
08-01-2026 01:41:47 RAM 3395/7620MB (lfb 5x2MB) SWAP 7/3810MB (cached 0MB) CPU [0%@1728,90%@1728,0%@1728,0%@1728,0%@729,0%@729] GR3D_FREQ 24% cpu@57.75C soc2@55.593C soc0@57.25C gpu@58.437C tj@58.437C soc1@57.25C VDD_IN 11040mW/9859mW VDD_CPU_GPU_CV 3548mW/2844mW VDD_SOC 4073mW/3836mW
08-01-2026 01:41:48 RAM 3395/7620MB (lfb 5x2MB) SWAP 7/3810MB (cached 0MB) CPU [2%@1728,90%@1728,1%@1728,0%@1728,0%@729,0%@729] GR3D_FREQ 24% cpu@57.75C soc2@55.531C soc0@57.25C gpu@58.625C tj@58.625C soc1@57.218C VDD_IN 10960mW/9859mW VDD_CPU_GPU_CV 3468mW/2844mW VDD_SOC 4073mW/3836mW
08-01-2026 01:41:49 RAM 3395/7620MB (lfb 5x2MB) SWAP 7/3810MB (cached 0MB) CPU [1%@1728,90%@1728,0%@1728,0%@1728,0%@729,0%@729] GR3D_FREQ 24% cpu@57.75C soc2@55.531C soc0@57.281C gpu@58.625C tj@58.625C soc1@57.312C VDD_IN 10920mW/9860mW VDD_CPU_GPU_CV 3508mW/2845mW VDD_SOC 4120mW/3836mW
08-01-2026 01:41:50 RAM 3393/7620MB (lfb 6x2MB) SWAP 7/3810MB (cached 0MB) CPU [1%@1728,69%@1728,0%@1728,21%@1728,0%@729,0%@729] GR3D_FREQ 24% cpu@58.218C soc2@55.562C soc0@57.156C gpu@58.718C tj@58.718C soc1@57.187C VDD_IN 10880mW/9861mW VDD_CPU_GPU_CV 3508mW/2846mW VDD_SOC 4080mW/3836mW
08-01-2026 01:41:51 RAM 3393/7620MB (lfb 6x2MB) SWAP 7/3810MB (cached 0MB) CPU [1%@1728,0%@1728,0%@1728,90%@1728,0%@729,0%@729] GR3D_FREQ 24% cpu@57.843C soc2@55.562C soc0@57.218C gpu@58.656C tj@58.656C soc1@57.343C VDD_IN 10920mW/9862mW VDD_CPU_GPU_CV 3428mW/2846mW VDD_SOC 4073mW/3837mW
08-01-2026 01:41:52 RAM 3393/7620MB (lfb 6x2MB) SWAP 7/3810MB (cached 0MB) CPU [2%@1728,0%@1728,1%@1728,90%@1728,0%@729,0%@729] GR3D_FREQ 24% cpu@57.718C soc2@55.5C soc0@57.25C gpu@58.718C tj@58.718C soc1@57.187C VDD_IN 10960mW/9863mW VDD_CPU_GPU_CV 3514mW/2846mW VDD_SOC 4073mW/3837mW
08-01-2026 01:41:53 RAM 3393/7620MB (lfb 6x2MB) SWAP 7/3810MB (cached 0MB) CPU [2%@1728,0%@1728,0%@1728,90%@1728,0%@729,0%@729] GR3D_FREQ 22% cpu@57.906C soc2@55.625C soc0@57.406C gpu@58.218C tj@58.218C soc1@57.187C VDD_IN 10920mW/9864mW VDD_CPU_GPU_CV 3474mW/2847mW VDD_SOC 4033mW/3837mW
08-01-2026 01:41:54 RAM 3393/7620MB (lfb 6x2MB) SWAP 7/3810MB (cached 0MB) CPU [0%@1728,0%@1728,0%@1728,90%@1728,0%@729,1%@729] GR3D_FREQ 22% cpu@57.968C soc2@55.468C soc0@57.437C gpu@58.281C tj@58.281C soc1@57.187C VDD_IN 10840mW/9864mW VDD_CPU_GPU_CV 3394mW/2847mW VDD_SOC 4040mW/3837mW
08-01-2026 01:41:55 RAM 3393/7620MB (lfb 6x2MB) SWAP 7/3810MB (cached 0MB) CPU [1%@1728,0%@1728,1%@1728,91%@1728,0%@729,0%@729] GR3D_FREQ 24% cpu@58.125C soc2@55.406C soc0@57.156C gpu@58.281C tj@58.281C soc1@57.281C VDD_IN 10880mW/9865mW VDD_CPU_GPU_CV 3468mW/2848mW VDD_SOC 4033mW/3837mW
08-01-2026 01:41:56 RAM 3393/7620MB (lfb 6x2MB) SWAP 7/3810MB (cached 0MB) CPU [1%@1728,0%@1728,1%@1728,90%@1728,0%@729,0%@729] GR3D_FREQ 22% cpu@57.75C soc2@55.562C soc0@57.25C gpu@58.312C tj@58.312C soc1@57.312C VDD_IN 10720mW/9866mW VDD_CPU_GPU_CV 3389mW/2848mW VDD_SOC 4040mW/3837mW
08-01-2026 01:41:57 RAM 3393/7620MB (lfb 6x2MB) SWAP 7/3810MB (cached 0MB) CPU [1%@1728,0%@1728,0%@1728,87%@1728,0%@729,0%@729] GR3D_FREQ 30% cpu@57.843C soc2@55.531C soc0@57.25C gpu@58.187C tj@58.281C soc1@57.343C VDD_IN 10520mW/9866mW VDD_CPU_GPU_CV 3075mW/2848mW VDD_SOC 4000mW/3838mW
08-01-2026 01:41:58 RAM 3393/7620MB (lfb 6x2MB) SWAP 7/3810MB (cached 0MB) CPU [1%@1728,0%@1728,0%@1728,90%@1728,0%@729,0%@729] GR3D_FREQ 24% cpu@57.781C soc2@55.562C soc0@57.187C gpu@58.437C tj@58.437C soc1@57.187C VDD_IN 10680mW/9867mW VDD_CPU_GPU_CV 3389mW/2849mW VDD_SOC 4080mW/3838mW
08-01-2026 01:41:59 RAM 3393/7620MB (lfb 6x2MB) SWAP 7/3810MB (cached 0MB) CPU [1%@1728,24%@1728,0%@1728,67%@1728,0%@729,0%@729] GR3D_FREQ 24% cpu@57.75C soc2@55.437C soc0@57.312C gpu@58.5C tj@58.5C soc1@57.156C VDD_IN 10760mW/9868mW VDD_CPU_GPU_CV 3389mW/2849mW VDD_SOC 4040mW/3838mW
08-01-2026 01:42:00 RAM 3393/7620MB (lfb 6x2MB) SWAP 7/3810MB (cached 0MB) CPU [1%@1728,65%@1728,26%@1728,0%@1728,0%@729,0%@729] GR3D_FREQ 24% cpu@58.437C soc2@55.437C soc0@57.218C gpu@58.468C tj@58.468C soc1@57.218C VDD_IN 10760mW/9868mW VDD_CPU_GPU_CV 3354mW/2850mW VDD_SOC 4040mW/3838mW
08-01-2026 01:42:01 RAM 3393/7620MB (lfb 6x2MB) SWAP 7/3810MB (cached 0MB) CPU [2%@1728,0%@1728,92%@1728,0%@1728,0%@729,0%@729] GR3D_FREQ 24% cpu@58.031C soc2@55.593C soc0@57.281C gpu@58.5C tj@58.5C soc1@57.281C VDD_IN 10680mW/9869mW VDD_CPU_GPU_CV 3354mW/2850mW VDD_SOC 4000mW/3838mW
08-01-2026 01:42:02 RAM 3393/7620MB (lfb 6x2MB) SWAP 7/3810MB (cached 0MB) CPU [0%@1728,1%@1728,91%@1728,0%@1728,0%@729,0%@729] GR3D_FREQ 23% cpu@58.156C soc2@55.5C soc0@57.25C gpu@58.437C tj@58.437C soc1@57.25C VDD_IN 10600mW/9869mW VDD_CPU_GPU_CV 3274mW/2850mW VDD_SOC 4000mW/3838mW
08-01-2026 01:42:03 RAM 3393/7620MB (lfb 6x2MB) SWAP 7/3810MB (cached 0MB) CPU [1%@1728,0%@1728,91%@1728,0%@1728,1%@729,0%@729] GR3D_FREQ 29% cpu@58.156C soc2@55.656C soc0@57.312C gpu@58.468C tj@58.468C soc1@57.187C VDD_IN 10520mW/9870mW VDD_CPU_GPU_CV 3274mW/2851mW VDD_SOC 4000mW/3838mW
08-01-2026 01:42:05 RAM 3393/7620MB (lfb 6x2MB) SWAP 7/3810MB (cached 0MB) CPU [2%@1728,1%@1728,91%@1728,0%@1728,0%@729,0%@729] GR3D_FREQ 29% cpu@58.156C soc2@55.437C soc0@57.406C gpu@58.156C tj@58.156C soc1@57.218C VDD_IN 10600mW/9871mW VDD_CPU_GPU_CV 3194mW/2851mW VDD_SOC 3960mW/3839mW
08-01-2026 01:42:06 RAM 3393/7620MB (lfb 6x2MB) SWAP 7/3810MB (cached 0MB) CPU [0%@1728,0%@1728,90%@1728,0%@1728,1%@729,0%@729] GR3D_FREQ 29% cpu@58.375C soc2@55.531C soc0@57.25C gpu@58.343C tj@58.375C soc1@57.25C VDD_IN 10440mW/9871mW VDD_CPU_GPU_CV 3194mW/2851mW VDD_SOC 4000mW/3839mW
08-01-2026 01:42:07 RAM 3393/7620MB (lfb 6x2MB) SWAP 7/3810MB (cached 0MB) CPU [24%@1728,0%@1728,64%@1728,0%@1728,0%@729,1%@729] GR3D_FREQ 29% cpu@57.562C soc2@55.531C soc0@57.218C gpu@58.156C tj@58.156C soc1@57.187C VDD_IN 10256mW/9871mW VDD_CPU_GPU_CV 2995mW/2851mW VDD_SOC 4000mW/3839mW
08-01-2026 01:42:08 RAM 3393/7620MB (lfb 6x2MB) SWAP 7/3810MB (cached 0MB) CPU [90%@1728,1%@1728,0%@1728,0%@1728,0%@729,0%@729] GR3D_FREQ 28% cpu@57.718C soc2@55.687C soc0@57.25C gpu@58.187C tj@58.187C soc1@57.343C VDD_IN 10560mW/9872mW VDD_CPU_GPU_CV 3234mW/2852mW VDD_SOC 4040mW/3839mW
08-01-2026 01:42:09 RAM 3393/7620MB (lfb 6x2MB) SWAP 7/3810MB (cached 0MB) CPU [91%@1728,1%@1728,0%@1728,0%@1728,0%@729,0%@729] GR3D_FREQ 22% cpu@57.718C soc2@55.562C soc0@57.218C gpu@58.281C tj@58.281C soc1@57.218C VDD_IN 10680mW/9872mW VDD_CPU_GPU_CV 3394mW/2852mW VDD_SOC 4040mW/3839mW
08-01-2026 01:42:10 RAM 3393/7620MB (lfb 6x2MB) SWAP 7/3810MB (cached 0MB) CPU [2%@729,1%@729,0%@729,1%@729,90%@1728,0%@1728] GR3D_FREQ 24% cpu@57.875C soc2@55.468C soc0@57.312C gpu@58.343C tj@58.343C soc1@57.093C VDD_IN 10720mW/9873mW VDD_CPU_GPU_CV 3434mW/2853mW VDD_SOC 4040mW/3839mW
08-01-2026 01:42:11 RAM 3393/7620MB (lfb 6x2MB) SWAP 7/3810MB (cached 0MB) CPU [1%@729,1%@729,0%@729,0%@729,64%@1728,27%@1728] GR3D_FREQ 24% cpu@57.656C soc2@55.468C soc0@57.187C gpu@58.281C tj@58.281C soc1@57.25C VDD_IN 10680mW/9874mW VDD_CPU_GPU_CV 3394mW/2853mW VDD_SOC 4000mW/3839mW
08-01-2026 01:42:12 RAM 3393/7620MB (lfb 6x2MB) SWAP 7/3810MB (cached 0MB) CPU [2%@729,1%@729,0%@729,0%@729,0%@1728,90%@1728] GR3D_FREQ 29% cpu@57.343C soc2@55.5C soc0@57.281C gpu@58.531C tj@58.531C soc1@57.25C VDD_IN 10600mW/9874mW VDD_CPU_GPU_CV 3314mW/2853mW VDD_SOC 4000mW/3839mW
08-01-2026 01:42:13 RAM 3393/7620MB (lfb 6x2MB) SWAP 7/3810MB (cached 0MB) CPU [0%@729,1%@729,0%@729,0%@729,0%@1728,90%@1728] GR3D_FREQ 29% cpu@57.437C soc2@55.406C soc0@57.281C gpu@58.593C tj@58.593C soc1@57.281C VDD_IN 10640mW/9875mW VDD_CPU_GPU_CV 3274mW/2854mW VDD_SOC 3960mW/3840mW
08-01-2026 01:42:14 RAM 3393/7620MB (lfb 6x2MB) SWAP 7/3810MB (cached 0MB) CPU [1%@729,1%@729,0%@729,1%@729,0%@1728,90%@1728] GR3D_FREQ 30% cpu@57.531C soc2@55.5C soc0@57.281C gpu@58.5C tj@58.5C soc1@57.281C VDD_IN 10600mW/9875mW VDD_CPU_GPU_CV 3234mW/2854mW VDD_SOC 3960mW/3840mW
08-01-2026 01:42:15 RAM 3393/7620MB (lfb 6x2MB) SWAP 7/3810MB (cached 0MB) CPU [0%@729,2%@729,0%@729,0%@729,0%@1728,90%@1728] GR3D_FREQ 30% cpu@57.75C soc2@55.5C soc0@57.375C gpu@58.562C tj@58.562C soc1@57.281C VDD_IN 10440mW/9876mW VDD_CPU_GPU_CV 3234mW/2854mW VDD_SOC 3960mW/3840mW
08-01-2026 01:42:16 RAM 3393/7620MB (lfb 6x2MB) SWAP 7/3810MB (cached 0MB) CPU [1%@729,0%@729,0%@729,0%@729,0%@1728,89%@1728] GR3D_FREQ 30% cpu@57.937C soc2@55.375C soc0@57.25C gpu@58.218C tj@58.218C soc1@57.25C VDD_IN 10536mW/9876mW VDD_CPU_GPU_CV 3154mW/2854mW VDD_SOC 3920mW/3840mW
08-01-2026 01:42:17 RAM 3393/7620MB (lfb 6x2MB) SWAP 7/3810MB (cached 0MB) CPU [2%@729,2%@729,0%@729,0%@729,0%@1728,90%@1728] GR3D_FREQ 30% cpu@57.437C soc2@55.531C soc0@57.25C gpu@58.25C tj@58.25C soc1@57.343C VDD_IN 10496mW/9877mW VDD_CPU_GPU_CV 3154mW/2855mW VDD_SOC 3960mW/3840mW
08-01-2026 01:42:18 RAM 3393/7620MB (lfb 6x2MB) SWAP 7/3810MB (cached 0MB) CPU [0%@729,0%@729,0%@729,0%@729,0%@1728,90%@1728] GR3D_FREQ 28% cpu@57.531C soc2@55.531C soc0@57.218C gpu@58.25C tj@58.25C soc1@57.187C VDD_IN 10336mW/9877mW VDD_CPU_GPU_CV 3115mW/2855mW VDD_SOC 3960mW/3840mW
08-01-2026 01:42:19 RAM 3393/7620MB (lfb 6x2MB) SWAP 7/3810MB (cached 0MB) CPU [2%@729,0%@729,0%@729,0%@729,0%@1728,91%@1728] GR3D_FREQ 30% cpu@57.593C soc2@55.468C soc0@57.468C gpu@58.093C tj@58.093C soc1@57.281C VDD_IN 10360mW/9878mW VDD_CPU_GPU_CV 3194mW/2855mW VDD_SOC 3920mW/3840mW
08-01-2026 01:42:20 RAM 3393/7620MB (lfb 6x2MB) SWAP 7/3810MB (cached 0MB) CPU [1%@729,0%@729,0%@729,0%@729,0%@1728,90%@1728] GR3D_FREQ 30% cpu@57.75C soc2@55.531C soc0@57.125C gpu@58.062C tj@58.062C soc1@57.281C VDD_IN 10256mW/9878mW VDD_CPU_GPU_CV 3075mW/2855mW VDD_SOC 3920mW/3840mW
08-01-2026 01:42:21 RAM 3393/7620MB (lfb 6x2MB) SWAP 7/3810MB (cached 0MB) CPU [0%@729,0%@729,1%@729,0%@729,0%@1728,89%@1728] GR3D_FREQ 30% cpu@57.718C soc2@55.468C soc0@57.25C gpu@58.093C tj@58.093C soc1@57.375C VDD_IN 10216mW/9878mW VDD_CPU_GPU_CV 3035mW/2855mW VDD_SOC 3920mW/3840mW
08-01-2026 01:42:22 RAM 3393/7620MB (lfb 6x2MB) SWAP 7/3810MB (cached 0MB) CPU [2%@729,0%@729,0%@729,0%@729,0%@1728,91%@1728] GR3D_FREQ 30% cpu@57.468C soc2@55.625C soc0@57.281C gpu@58.25C tj@58.25C soc1@57.218C VDD_IN 10176mW/9878mW VDD_CPU_GPU_CV 3035mW/2856mW VDD_SOC 3880mW/3840mW
08-01-2026 01:42:23 RAM 3393/7620MB (lfb 6x2MB) SWAP 7/3810MB (cached 0MB) CPU [1%@729,0%@729,0%@729,0%@729,0%@1728,91%@1728] GR3D_FREQ 30% cpu@57.75C soc2@55.437C soc0@57.25C gpu@58.312C tj@58.312C soc1@57.187C VDD_IN 10136mW/9879mW VDD_CPU_GPU_CV 3075mW/2856mW VDD_SOC 3880mW/3840mW
08-01-2026 01:42:24 RAM 3393/7620MB (lfb 6x2MB) SWAP 7/3810MB (cached 0MB) CPU [1%@729,0%@729,1%@729,0%@729,0%@1728,90%@1728] GR3D_FREQ 28% cpu@57.656C soc2@55.468C soc0@57.25C gpu@58.312C tj@58.312C soc1@57.343C VDD_IN 10096mW/9879mW VDD_CPU_GPU_CV 2960mW/2856mW VDD_SOC 3880mW/3840mW
08-01-2026 01:42:25 RAM 3393/7620MB (lfb 6x2MB) SWAP 7/3810MB (cached 0MB) CPU [1%@729,0%@729,0%@729,0%@729,0%@1728,91%@1728] GR3D_FREQ 29% cpu@57.468C soc2@55.375C soc0@57.25C gpu@58.187C tj@58.187C soc1@57.406C VDD_IN 9975mW/9879mW VDD_CPU_GPU_CV 2955mW/2856mW VDD_SOC 3880mW/3840mW
08-01-2026 01:42:26 RAM 3393/7620MB (lfb 6x2MB) SWAP 7/3810MB (cached 0MB) CPU [0%@729,1%@729,1%@729,0%@729,43%@1728,47%@1728] GR3D_FREQ 29% cpu@57.875C soc2@55.468C soc0@57.281C gpu@58.156C tj@58.156C soc1@57.218C VDD_IN 9935mW/9879mW VDD_CPU_GPU_CV 2915mW/2856mW VDD_SOC 3880mW/3840mW
08-01-2026 01:42:27 RAM 3393/7620MB (lfb 6x2MB) SWAP 7/3810MB (cached 0MB) CPU [2%@729,2%@729,0%@729,0%@729,46%@1728,43%@1728] GR3D_FREQ 29% cpu@57.593C soc2@55.437C soc0@57.312C gpu@58.062C tj@58.062C soc1@57.312C VDD_IN 10016mW/9879mW VDD_CPU_GPU_CV 2915mW/2856mW VDD_SOC 3840mW/3840mW
08-01-2026 01:42:28 RAM 3393/7620MB (lfb 6x2MB) SWAP 7/3810MB (cached 0MB) CPU [1%@729,1%@729,0%@729,0%@729,0%@1728,90%@1728] GR3D_FREQ 30% cpu@57.75C soc2@55.437C soc0@57.093C gpu@58.312C tj@58.312C soc1@57.343C VDD_IN 10056mW/9879mW VDD_CPU_GPU_CV 2875mW/2856mW VDD_SOC 3840mW/3840mW
08-01-2026 01:42:29 RAM 3393/7620MB (lfb 6x2MB) SWAP 7/3810MB (cached 0MB) CPU [2%@729,1%@729,0%@729,0%@729,0%@1728,91%@1728] GR3D_FREQ 30% cpu@57.5C soc2@55.406C soc0@57.281C gpu@58.281C tj@58.281C soc1@57.312C VDD_IN 9935mW/9879mW VDD_CPU_GPU_CV 2835mW/2856mW VDD_SOC 3840mW/3840mW
08-01-2026 01:42:30 RAM 3393/7620MB (lfb 6x2MB) SWAP 7/3810MB (cached 0MB) CPU [1%@729,0%@729,0%@729,0%@729,0%@1728,90%@1728] GR3D_FREQ 29% cpu@57.593C soc2@55.468C soc0@57.281C gpu@58.312C tj@58.312C soc1@57.187C VDD_IN 9815mW/9879mW VDD_CPU_GPU_CV 2840mW/2856mW VDD_SOC 3846mW/3840mW
08-01-2026 01:42:31 RAM 3393/7620MB (lfb 6x2MB) SWAP 7/3810MB (cached 0MB) CPU [1%@729,0%@729,0%@729,0%@729,0%@1728,89%@1728] GR3D_FREQ 30% cpu@57.593C soc2@55.406C soc0@57.375C gpu@58.093C tj@58.093C soc1@57.312C VDD_IN 9815mW/9879mW VDD_CPU_GPU_CV 2800mW/2856mW VDD_SOC 3840mW/3840mW
08-01-2026 01:42:32 RAM 3393/7620MB (lfb 6x2MB) SWAP 7/3810MB (cached 0MB) CPU [2%@729,0%@729,0%@729,0%@729,0%@1728,90%@1728] GR3D_FREQ 27% cpu@57.843C soc2@55.406C soc0@57.218C gpu@58.125C tj@58.125C soc1@57.187C VDD_IN 9815mW/9879mW VDD_CPU_GPU_CV 2840mW/2856mW VDD_SOC 3846mW/3840mW
08-01-2026 01:42:33 RAM 3393/7620MB (lfb 6x2MB) SWAP 7/3810MB (cached 0MB) CPU [1%@729,1%@729,1%@729,1%@729,0%@1728,90%@1728] GR3D_FREQ 28% cpu@57.562C soc2@55.406C soc0@57.281C gpu@58.125C tj@58.125C soc1@57.312C VDD_IN 9815mW/9879mW VDD_CPU_GPU_CV 2800mW/2856mW VDD_SOC 3840mW/3840mW
08-01-2026 01:42:34 RAM 3393/7620MB (lfb 6x2MB) SWAP 7/3810MB (cached 0MB) CPU [1%@729,0%@729,0%@729,1%@729,0%@1728,89%@1728] GR3D_FREQ 30% cpu@57.5C soc2@55.5C soc0@57.281C gpu@58.437C tj@58.437C soc1@57.25C VDD_IN 9855mW/9879mW VDD_CPU_GPU_CV 2760mW/2856mW VDD_SOC 3800mW/3840mW
08-01-2026 01:42:35 RAM 3393/7620MB (lfb 6x2MB) SWAP 7/3810MB (cached 0MB) CPU [1%@729,0%@729,0%@729,0%@729,0%@1728,89%@1728] GR3D_FREQ 30% cpu@57.718C soc2@55.406C soc0@57.187C gpu@58.375C tj@58.375C soc1@57.25C VDD_IN 9775mW/9879mW VDD_CPU_GPU_CV 2760mW/2856mW VDD_SOC 3800mW/3840mW
08-01-2026 01:42:36 RAM 3393/7620MB (lfb 6x2MB) SWAP 7/3810MB (cached 0MB) CPU [1%@729,0%@729,1%@729,0%@729,0%@1728,90%@1728] GR3D_FREQ 30% cpu@57.656C soc2@55.437C soc0@57.343C gpu@58.468C tj@58.093C soc1@57.312C VDD_IN 9775mW/9879mW VDD_CPU_GPU_CV 2760mW/2856mW VDD_SOC 3800mW/3840mW
08-01-2026 01:42:37 RAM 3393/7620MB (lfb 6x2MB) SWAP 7/3810MB (cached 0MB) CPU [1%@729,0%@729,1%@729,1%@729,0%@1728,89%@1728] GR3D_FREQ 29% cpu@57.718C soc2@55.406C soc0@57.218C gpu@58.093C tj@58.093C soc1@57.343C VDD_IN 9775mW/9879mW VDD_CPU_GPU_CV 2760mW/2856mW VDD_SOC 3800mW/3840mW
08-01-2026 01:42:38 RAM 3393/7620MB (lfb 6x2MB) SWAP 7/3810MB (cached 0MB) CPU [2%@729,0%@729,0%@729,1%@729,0%@1728,91%@1728] GR3D_FREQ 29% cpu@57.468C soc2@55.406C soc0@57.281C gpu@58.187C tj@58.187C soc1@57.25C VDD_IN 9815mW/9879mW VDD_CPU_GPU_CV 2760mW/2856mW VDD_SOC 3800mW/3840mW
08-01-2026 01:42:39 RAM 3393/7620MB (lfb 6x2MB) SWAP 7/3810MB (cached 0MB) CPU [1%@729,0%@729,0%@729,0%@729,0%@1728,90%@1728] GR3D_FREQ 30% cpu@57.562C soc2@55.5C soc0@57.468C gpu@58.187C tj@58.187C soc1@57.187C VDD_IN 9695mW/9878mW VDD_CPU_GPU_CV 2760mW/2855mW VDD_SOC 3806mW/3840mW
08-01-2026 01:42:40 RAM 3393/7620MB (lfb 6x2MB) SWAP 7/3810MB (cached 0MB) CPU [2%@729,0%@729,0%@729,0%@729,0%@1728,90%@1728] GR3D_FREQ 29% cpu@57.687C soc2@55.312C soc0@57.375C gpu@58.437C tj@58.437C soc1@57.281C VDD_IN 9655mW/9878mW VDD_CPU_GPU_CV 2720mW/2855mW VDD_SOC 3766mW/3840mW
08-01-2026 01:42:41 RAM 3393/7620MB (lfb 6x2MB) SWAP 7/3810MB (cached 0MB) CPU [1%@729,0%@729,1%@729,0%@729,0%@1728,91%@1728] GR3D_FREQ 28% cpu@57.437C soc2@55.5C soc0@57.437C gpu@58.343C tj@58.343C soc1@57.375C VDD_IN 9695mW/9878mW VDD_CPU_GPU_CV 2760mW/2855mW VDD_SOC 3760mW/3840mW
08-01-2026 01:42:42 RAM 3393/7620MB (lfb 6x2MB) SWAP 7/3810MB (cached 0MB) CPU [1%@729,0%@729,0%@729,0%@729,0%@1728,90%@1728] GR3D_FREQ 30% cpu@57.5C soc2@55.437C soc0@57.312C gpu@58.437C tj@58.437C soc1@57.437C VDD_IN 9655mW/9878mW VDD_CPU_GPU_CV 2720mW/2855mW VDD_SOC 3766mW/3840mW
08-01-2026 01:42:43 RAM 3393/7620MB (lfb 6x2MB) SWAP 7/3810MB (cached 0MB) CPU [1%@729,1%@729,0%@729,0%@729,0%@1728,90%@1728] GR3D_FREQ 38% cpu@57.593C soc2@55.531C soc0@57.312C gpu@58.437C tj@58.437C soc1@57.218C VDD_IN 9695mW/9878mW VDD_CPU_GPU_CV 2680mW/2855mW VDD_SOC 3760mW/3840mW
08-01-2026 01:42:44 RAM 3393/7620MB (lfb 6x2MB) SWAP 7/3810MB (cached 0MB) CPU [1%@729,0%@729,0%@729,1%@729,0%@1728,90%@1728] GR3D_FREQ 29% cpu@57.687C soc2@55.5C soc0@57.281C gpu@58.156C tj@58.156C soc1@57.281C VDD_IN 9535mW/9878mW VDD_CPU_GPU_CV 2680mW/2855mW VDD_SOC 3766mW/3840mW
08-01-2026 01:42:45 RAM 3393/7620MB (lfb 6x2MB) SWAP 7/3810MB (cached 0MB) CPU [1%@729,0%@729,1%@729,0%@729,0%@1728,90%@1728] GR3D_FREQ 31% cpu@57.625C soc2@55.343C soc0@57.281C gpu@58.187C tj@58.187C soc1@57.281C VDD_IN 9535mW/9877mW VDD_CPU_GPU_CV 2680mW/2855mW VDD_SOC 3766mW/3840mW
08-01-2026 01:42:46 RAM 3393/7620MB (lfb 6x2MB) SWAP 7/3810MB (cached 0MB) CPU [0%@729,0%@729,1%@729,0%@729,0%@1728,90%@1728] GR3D_FREQ 40% cpu@57.468C soc2@55.437C soc0@57.281C gpu@58.156C tj@58.156C soc1@57.437C VDD_IN 9615mW/9877mW VDD_CPU_GPU_CV 2680mW/2855mW VDD_SOC 3725mW/3840mW
08-01-2026 01:42:47 RAM 3393/7620MB (lfb 6x2MB) SWAP 7/3810MB (cached 0MB) CPU [0%@729,0%@729,0%@729,0%@729,0%@1728,91%@1728] GR3D_FREQ 31% cpu@57.5C soc2@55.562C soc0@57.312C gpu@58.25C tj@58.25C soc1@57.187C VDD_IN 9535mW/9877mW VDD_CPU_GPU_CV 2640mW/2855mW VDD_SOC 3766mW/3840mW
08-01-2026 01:42:48 RAM 3393/7620MB (lfb 6x2MB) SWAP 7/3810MB (cached 0MB) CPU [1%@729,1%@729,0%@729,0%@729,0%@1728,90%@1728] GR3D_FREQ 37% cpu@57.625C soc2@55.468C soc0@57.406C gpu@58.156C tj@58.156C soc1@57.25C VDD_IN 9455mW/9877mW VDD_CPU_GPU_CV 2600mW/2854mW VDD_SOC 3766mW/3840mW
08-01-2026 01:42:49 RAM 3393/7620MB (lfb 6x2MB) SWAP 7/3810MB (cached 0MB) CPU [1%@729,1%@729,0%@729,1%@729,0%@1728,87%@1728] GR3D_FREQ 40% cpu@57.656C soc2@55.406C soc0@57.5C gpu@57.937C tj@57.937C soc1@57.25C VDD_IN 9334mW/9876mW VDD_CPU_GPU_CV 2480mW/2854mW VDD_SOC 3725mW/3840mW
08-01-2026 01:42:50 RAM 3393/7620MB (lfb 6x2MB) SWAP 7/3810MB (cached 0MB) CPU [2%@729,1%@729,0%@729,0%@729,0%@1728,89%@1728] GR3D_FREQ 37% cpu@57.625C soc2@55.437C soc0@57.281C gpu@57.968C tj@57.968C soc1@57.281C VDD_IN 9374mW/9876mW VDD_CPU_GPU_CV 2640mW/2854mW VDD_SOC 3725mW/3839mW
08-01-2026 01:42:51 RAM 3393/7620MB (lfb 6x2MB) SWAP 7/3810MB (cached 0MB) CPU [0%@729,0%@729,0%@729,0%@729,0%@1728,90%@1728] GR3D_FREQ 37% cpu@57.437C soc2@55.531C soc0@57.281C gpu@58C tj@58C soc1@57.375C VDD_IN 9495mW/9875mW VDD_CPU_GPU_CV 2600mW/2854mW VDD_SOC 3766mW/3839mW
08-01-2026 01:42:52 RAM 3393/7620MB (lfb 6x2MB) SWAP 7/3810MB (cached 0MB) CPU [63%@1728,0%@1728,0%@1728,1%@1728,0%@729,28%@729] GR3D_FREQ 39% cpu@57.781C soc2@55.625C soc0@57.343C gpu@58.093C tj@58.093C soc1@57.25C VDD_IN 9455mW/9875mW VDD_CPU_GPU_CV 2600mW/2854mW VDD_SOC 3766mW/3839mW
08-01-2026 01:42:53 RAM 3393/7620MB (lfb 6x2MB) SWAP 7/3810MB (cached 0MB) CPU [90%@1728,0%@1728,0%@1728,0%@1728,0%@729,0%@729] GR3D_FREQ 39% cpu@57.781C soc2@55.593C soc0@57.281C gpu@58.062C tj@58.062C soc1@57.25C VDD_IN 9415mW/9875mW VDD_CPU_GPU_CV 2560mW/2853mW VDD_SOC 3766mW/3839mW
08-01-2026 01:42:54 RAM 3393/7620MB (lfb 6x2MB) SWAP 7/3810MB (cached 0MB) CPU [91%@1728,0%@1728,0%@1728,0%@1728,0%@729,0%@729] GR3D_FREQ 36% cpu@57.75C soc2@55.562C soc0@57.343C gpu@58.281C tj@58.281C soc1@57.25C VDD_IN 9495mW/9875mW VDD_CPU_GPU_CV 2560mW/2853mW VDD_SOC 3766mW/3839mW
08-01-2026 01:42:55 RAM 3393/7620MB (lfb 6x2MB) SWAP 7/3810MB (cached 0MB) CPU [91%@1728,0%@1728,0%@1728,0%@1728,0%@729,0%@729] GR3D_FREQ 39% cpu@58.031C soc2@55.656C soc0@57.312C gpu@58.312C tj@58.312C soc1@57.343C VDD_IN 9415mW/9874mW VDD_CPU_GPU_CV 2600mW/2853mW VDD_SOC 3766mW/3839mW
08-01-2026 01:42:56 RAM 3393/7620MB (lfb 6x2MB) SWAP 7/3810MB (cached 0MB) CPU [90%@1728,0%@1728,0%@1728,0%@1728,0%@729,0%@729] GR3D_FREQ 39% cpu@57.718C soc2@55.531C soc0@57.343C gpu@58.25C tj@58.25C soc1@57.406C VDD_IN 9495mW/9874mW VDD_CPU_GPU_CV 2600mW/2853mW VDD_SOC 3766mW/3839mW
08-01-2026 01:42:57 RAM 3393/7620MB (lfb 6x2MB) SWAP 7/3810MB (cached 0MB) CPU [88%@1728,1%@1728,0%@1728,0%@1728,0%@729,0%@729] GR3D_FREQ 38% cpu@57.906C soc2@55.687C soc0@57.312C gpu@58.187C tj@58.187C soc1@57.218C VDD_IN 9334mW/9874mW VDD_CPU_GPU_CV 2520mW/2852mW VDD_SOC 3766mW/3839mW
08-01-2026 01:42:58 RAM 3393/7620MB (lfb 6x2MB) SWAP 7/3810MB (cached 0MB) CPU [90%@1728,0%@1728,1%@1728,0%@1728,0%@729,0%@729] GR3D_FREQ 39% cpu@58.031C soc2@55.593C soc0@57.437C gpu@58.343C tj@58.343C soc1@57.281C VDD_IN 9575mW/9873mW VDD_CPU_GPU_CV 2600mW/2852mW VDD_SOC 3766mW/3839mW
08-01-2026 01:42:59 RAM 3393/7620MB (lfb 6x2MB) SWAP 7/3810MB (cached 0MB) CPU [91%@1728,0%@1728,0%@1728,1%@1728,0%@729,0%@729] GR3D_FREQ 30% cpu@57.656C soc2@55.625C soc0@57.25C gpu@58.343C tj@58.343C soc1@57.25C VDD_IN 9615mW/9873mW VDD_CPU_GPU_CV 2640mW/2852mW VDD_SOC 3766mW/3839mW
08-01-2026 01:43:00 RAM 3393/7620MB (lfb 6x2MB) SWAP 7/3810MB (cached 0MB) CPU [90%@1728,0%@1728,0%@1728,0%@1728,0%@729,0%@729] GR3D_FREQ 33% cpu@58.031C soc2@55.562C soc0@57.281C gpu@58.343C tj@58.343C soc1@57.343C VDD_IN 9575mW/9873mW VDD_CPU_GPU_CV 2680mW/2852mW VDD_SOC 3766mW/3839mW
08-01-2026 01:43:01 RAM 3393/7620MB (lfb 6x2MB) SWAP 7/3810MB (cached 0MB) CPU [36%@1728,55%@1728,0%@1728,0%@1728,0%@729,0%@729] GR3D_FREQ 30% cpu@57.593C soc2@55.593C soc0@57.312C gpu@58.5C tj@58.5C soc1@57.375C VDD_IN 9655mW/9873mW VDD_CPU_GPU_CV 2680mW/2852mW VDD_SOC 3806mW/3839mW
08-01-2026 01:43:02 RAM 3393/7620MB (lfb 6x2MB) SWAP 7/3810MB (cached 0MB) CPU [56%@1728,34%@1728,1%@1728,0%@1728,0%@729,0%@729] GR3D_FREQ 35% cpu@57.781C soc2@55.531C soc0@57.343C gpu@58.156C tj@58.156C soc1@57.218C VDD_IN 9575mW/9873mW VDD_CPU_GPU_CV 2720mW/2852mW VDD_SOC 3766mW/3839mW
08-01-2026 01:43:03 RAM 3393/7620MB (lfb 6x2MB) SWAP 7/3810MB (cached 0MB) CPU [90%@1728,0%@1728,0%@1728,0%@1728,0%@729,0%@729] GR3D_FREQ 30% cpu@57.875C soc2@55.625C soc0@57.375C gpu@58.187C tj@58.187C soc1@57.281C VDD_IN 9615mW/9872mW VDD_CPU_GPU_CV 2720mW/2852mW VDD_SOC 3766mW/3839mW
08-01-2026 01:43:04 RAM 3393/7620MB (lfb 6x2MB) SWAP 7/3810MB (cached 0MB) CPU [36%@1728,0%@1728,56%@1728,0%@1728,0%@729,0%@729] GR3D_FREQ 30% cpu@58.281C soc2@55.531C soc0@57.468C gpu@58.218C tj@58.281C soc1@57.218C VDD_IN 9535mW/9872mW VDD_CPU_GPU_CV 2720mW/2852mW VDD_SOC 3766mW/3839mW
08-01-2026 01:43:05 RAM 3393/7620MB (lfb 6x2MB) SWAP 7/3810MB (cached 0MB) CPU [1%@1728,0%@1728,90%@1728,1%@1728,0%@729,0%@729] GR3D_FREQ 29% cpu@58.375C soc2@55.5C soc0@57.187C gpu@58.25C tj@58.375C soc1@57.343C VDD_IN 9495mW/9872mW VDD_CPU_GPU_CV 2680mW/2851mW VDD_SOC 3806mW/3839mW
08-01-2026 01:43:06 RAM 3393/7620MB (lfb 6x2MB) SWAP 7/3810MB (cached 0MB) CPU [2%@729,0%@729,16%@729,0%@729,75%@1728,0%@1728] GR3D_FREQ 30% cpu@57.75C soc2@55.375C soc0@57.281C gpu@58.187C tj@58.187C soc1@57.406C VDD_IN 9615mW/9872mW VDD_CPU_GPU_CV 2680mW/2851mW VDD_SOC 3766mW/3839mW
08-01-2026 01:43:07 RAM 3393/7620MB (lfb 6x2MB) SWAP 7/3810MB (cached 0MB) CPU [1%@729,0%@729,0%@729,0%@729,90%@1728,0%@1728] GR3D_FREQ 29% cpu@57.843C soc2@55.531C soc0@57.281C gpu@58.5C tj@58.5C soc1@57.281C VDD_IN 9575mW/9871mW VDD_CPU_GPU_CV 2680mW/2851mW VDD_SOC 3766mW/3839mW
08-01-2026 01:43:08 RAM 3393/7620MB (lfb 6x2MB) SWAP 7/3810MB (cached 0MB) CPU [2%@729,0%@729,0%@729,1%@729,90%@1728,0%@1728] GR3D_FREQ 30% cpu@58.031C soc2@55.406C soc0@57.281C gpu@58.5C tj@58.5C soc1@57.281C VDD_IN 9535mW/9871mW VDD_CPU_GPU_CV 2680mW/2851mW VDD_SOC 3766mW/3839mW
08-01-2026 01:43:09 RAM 3393/7620MB (lfb 6x2MB) SWAP 7/3810MB (cached 0MB) CPU [1%@729,1%@729,0%@729,0%@729,89%@1728,0%@1728] GR3D_FREQ 32% cpu@57.718C soc2@55.437C soc0@57.281C gpu@58.218C tj@58.218C soc1@57.312C VDD_IN 9615mW/9871mW VDD_CPU_GPU_CV 2680mW/2851mW VDD_SOC 3720mW/3838mW
08-01-2026 01:43:10 RAM 3393/7620MB (lfb 6x2MB) SWAP 7/3810MB (cached 0MB) CPU [2%@729,0%@729,1%@729,0%@729,90%@1728,0%@1728] GR3D_FREQ 39% cpu@57.937C soc2@55.5C soc0@57.375C gpu@58.25C tj@58.25C soc1@57.437C VDD_IN 9615mW/9871mW VDD_CPU_GPU_CV 2640mW/2851mW VDD_SOC 3720mW/3838mW
08-01-2026 01:43:11 RAM 3393/7620MB (lfb 6x2MB) SWAP 7/3810MB (cached 0MB) CPU [1%@883,0%@883,1%@883,0%@883,89%@1728,0%@1728] GR3D_FREQ 39% cpu@57.656C soc2@55.5C soc0@57.375C gpu@58.125C tj@58.125C soc1@57.281C VDD_IN 9535mW/9871mW VDD_CPU_GPU_CV 2600mW/2851mW VDD_SOC 3766mW/3838mW
08-01-2026 01:43:12 RAM 3393/7620MB (lfb 6x2MB) SWAP 7/3810MB (cached 0MB) CPU [1%@729,0%@729,0%@729,0%@729,87%@1728,0%@1728] GR3D_FREQ 40% cpu@57.937C soc2@55.468C soc0@57.406C gpu@58.156C tj@58.156C soc1@57.281C VDD_IN 9415mW/9870mW VDD_CPU_GPU_CV 2520mW/2850mW VDD_SOC 3766mW/3838mW
08-01-2026 01:43:13 RAM 3393/7620MB (lfb 6x2MB) SWAP 7/3810MB (cached 0MB) CPU [1%@729,0%@729,0%@729,1%@729,91%@1728,0%@1728] GR3D_FREQ 39% cpu@58C soc2@55.437C soc0@57.375C gpu@58C tj@58C soc1@57.343C VDD_IN 9495mW/9870mW VDD_CPU_GPU_CV 2680mW/2850mW VDD_SOC 3806mW/3838mW
08-01-2026 01:43:14 RAM 3393/7620MB (lfb 6x2MB) SWAP 7/3810MB (cached 0MB) CPU [1%@729,1%@729,0%@729,1%@729,90%@1728,0%@1728] GR3D_FREQ 30% cpu@57.718C soc2@55.406C soc0@57.406C gpu@58.031C tj@58.031C soc1@57.406C VDD_IN 9535mW/9870mW VDD_CPU_GPU_CV 2680mW/2850mW VDD_SOC 3766mW/3838mW
08-01-2026 01:43:15 RAM 3393/7620MB (lfb 6x2MB) SWAP 7/3810MB (cached 0MB) CPU [1%@729,0%@729,0%@729,0%@729,90%@1728,0%@1728] GR3D_FREQ 40% cpu@57.781C soc2@55.468C soc0@57.281C gpu@58.062C tj@58.062C soc1@57.281C VDD_IN 9615mW/9869mW VDD_CPU_GPU_CV 2640mW/2850mW VDD_SOC 3766mW/3838mW
08-01-2026 01:43:16 RAM 3393/7620MB (lfb 6x2MB) SWAP 7/3810MB (cached 0MB) CPU [2%@729,0%@729,1%@729,0%@729,90%@1728,0%@1728] GR3D_FREQ 40% cpu@57.968C soc2@55.406C soc0@57.25C gpu@58.218C tj@58.218C soc1@57.281C VDD_IN 9535mW/9869mW VDD_CPU_GPU_CV 2640mW/2850mW VDD_SOC 3806mW/3838mW
08-01-2026 01:43:17 RAM 3393/7620MB (lfb 6x2MB) SWAP 7/3810MB (cached 0MB) CPU [2%@729,0%@729,0%@729,0%@729,90%@1728,0%@1728] GR3D_FREQ 31% cpu@57.812C soc2@55.437C soc0@57.281C gpu@58.218C tj@58.218C soc1@57.312C VDD_IN 9575mW/9869mW VDD_CPU_GPU_CV 2640mW/2850mW VDD_SOC 3766mW/3838mW
08-01-2026 01:43:18 RAM 3393/7620MB (lfb 6x2MB) SWAP 7/3810MB (cached 0MB) CPU [0%@729,0%@729,0%@729,0%@729,90%@1728,0%@1728] GR3D_FREQ 34% cpu@57.75C soc2@55.5C soc0@57.312C gpu@58.187C tj@58.187C soc1@57.406C VDD_IN 9495mW/9869mW VDD_CPU_GPU_CV 2640mW/2849mW VDD_SOC 3766mW/3838mW
08-01-2026 01:43:19 RAM 3393/7620MB (lfb 6x2MB) SWAP 7/3810MB (cached 0MB) CPU [2%@729,0%@729,0%@729,0%@729,91%@1728,0%@1728] GR3D_FREQ 35% cpu@57.843C soc2@55.468C soc0@57.406C gpu@58.281C tj@58.281C soc1@57.218C VDD_IN 9495mW/9868mW VDD_CPU_GPU_CV 2600mW/2849mW VDD_SOC 3766mW/3838mW
08-01-2026 01:43:20 RAM 3393/7620MB (lfb 6x2MB) SWAP 7/3810MB (cached 0MB) CPU [2%@729,0%@729,0%@729,0%@729,91%@1728,0%@1728] GR3D_FREQ 40% cpu@57.875C soc2@55.437C soc0@57.281C gpu@58.062C tj@58.062C soc1@57.218C VDD_IN 9495mW/9868mW VDD_CPU_GPU_CV 2560mW/2849mW VDD_SOC 3766mW/3838mW
08-01-2026 01:43:21 RAM 3393/7620MB (lfb 6x2MB) SWAP 7/3810MB (cached 0MB) CPU [1%@729,0%@729,1%@729,0%@729,90%@1728,0%@1728] GR3D_FREQ 37% cpu@58C soc2@55.531C soc0@57.25C gpu@58.062C tj@58.062C soc1@57.312C VDD_IN 9374mW/9868mW VDD_CPU_GPU_CV 2600mW/2849mW VDD_SOC 3766mW/3838mW
08-01-2026 01:43:22 RAM 3393/7620MB (lfb 6x2MB) SWAP 7/3810MB (cached 0MB) CPU [2%@729,1%@729,0%@729,0%@729,90%@1728,0%@1728] GR3D_FREQ 40% cpu@57.781C soc2@55.406C soc0@57.25C gpu@58.062C tj@58.062C soc1@57.312C VDD_IN 9374mW/9867mW VDD_CPU_GPU_CV 2600mW/2849mW VDD_SOC 3766mW/3838mW
08-01-2026 01:43:23 RAM 3393/7620MB (lfb 6x2MB) SWAP 7/3810MB (cached 0MB) CPU [1%@729,0%@729,2%@729,0%@729,90%@1728,0%@1728] GR3D_FREQ 40% cpu@57.75C soc2@55.375C soc0@57.343C gpu@58.062C tj@58.062C soc1@57.468C VDD_IN 9535mW/9867mW VDD_CPU_GPU_CV 2560mW/2849mW VDD_SOC 3725mW/3838mW
08-01-2026 01:43:24 RAM 3393/7620MB (lfb 6x2MB) SWAP 7/3810MB (cached 0MB) CPU [2%@729,0%@729,0%@729,0%@729,90%@1728,0%@1728] GR3D_FREQ 39% cpu@57.968C soc2@55.531C soc0@57.312C gpu@58.218C tj@58.218C soc1@57.343C VDD_IN 9415mW/9867mW VDD_CPU_GPU_CV 2560mW/2848mW VDD_SOC 3725mW/3838mW
08-01-2026 01:43:25 RAM 3393/7620MB (lfb 6x2MB) SWAP 7/3810MB (cached 0MB) CPU [0%@729,0%@729,0%@729,1%@729,89%@1728,0%@1728] GR3D_FREQ 39% cpu@58.031C soc2@55.531C soc0@57.187C gpu@58.281C tj@58.281C soc1@57.281C VDD_IN 9415mW/9867mW VDD_CPU_GPU_CV 2520mW/2848mW VDD_SOC 3766mW/3838mW
08-01-2026 01:43:26 RAM 3393/7620MB (lfb 6x2MB) SWAP 7/3810MB (cached 0MB) CPU [1%@729,0%@729,1%@729,0%@729,90%@1728,0%@1728] GR3D_FREQ 40% cpu@57.843C soc2@55.406C soc0@57.312C gpu@58.281C tj@58.281C soc1@57.343C VDD_IN 9334mW/9866mW VDD_CPU_GPU_CV 2560mW/2848mW VDD_SOC 3766mW/3838mW
08-01-2026 01:43:27 RAM 3392/7620MB (lfb 6x2MB) SWAP 7/3810MB (cached 0MB) CPU [1%@729,0%@729,0%@729,0%@729,90%@1728,0%@1728] GR3D_FREQ 40% cpu@57.781C soc2@55.437C soc0@57.281C gpu@58.375C tj@58.375C soc1@57.375C VDD_IN 9455mW/9866mW VDD_CPU_GPU_CV 2520mW/2848mW VDD_SOC 3725mW/3837mW
08-01-2026 01:43:28 RAM 3392/7620MB (lfb 6x2MB) SWAP 7/3810MB (cached 0MB) CPU [2%@729,0%@729,0%@729,0%@729,89%@1728,0%@1728] GR3D_FREQ 39% cpu@57.781C soc2@55.531C soc0@57.437C gpu@58.031C tj@58.031C soc1@57.25C VDD_IN 9455mW/9866mW VDD_CPU_GPU_CV 2480mW/2847mW VDD_SOC 3725mW/3837mW
08-01-2026 01:43:29 RAM 3392/7620MB (lfb 6x2MB) SWAP 7/3810MB (cached 0MB) CPU [1%@729,0%@729,1%@729,0%@729,91%@1728,0%@1728] GR3D_FREQ 40% cpu@57.812C soc2@55.375C soc0@57.343C gpu@58.062C tj@58.062C soc1@57.312C VDD_IN 9374mW/9865mW VDD_CPU_GPU_CV 2560mW/2847mW VDD_SOC 3725mW/3837mW
08-01-2026 01:43:30 RAM 3392/7620MB (lfb 6x2MB) SWAP 7/3810MB (cached 0MB) CPU [1%@729,0%@729,0%@729,1%@729,90%@1728,0%@1728] GR3D_FREQ 40% cpu@58.125C soc2@55.531C soc0@57.187C gpu@58.062C tj@58.125C soc1@57.343C VDD_IN 9374mW/9865mW VDD_CPU_GPU_CV 2520mW/2847mW VDD_SOC 3725mW/3837mW
08-01-2026 01:43:31 RAM 3392/7620MB (lfb 6x2MB) SWAP 7/3810MB (cached 0MB) CPU [2%@729,0%@729,0%@729,0%@729,90%@1728,0%@1728] GR3D_FREQ 40% cpu@57.718C soc2@55.468C soc0@57.218C gpu@58.062C tj@58.062C soc1@57.406C VDD_IN 9334mW/9864mW VDD_CPU_GPU_CV 2560mW/2847mW VDD_SOC 3725mW/3837mW
08-01-2026 01:43:32 RAM 3392/7620MB (lfb 6x2MB) SWAP 7/3810MB (cached 0MB) CPU [2%@729,0%@729,0%@729,0%@729,91%@1728,0%@1728] GR3D_FREQ 39% cpu@57.781C soc2@55.5C soc0@57.281C gpu@58.375C tj@58.375C soc1@57.25C VDD_IN 9334mW/9864mW VDD_CPU_GPU_CV 2520mW/2846mW VDD_SOC 3725mW/3837mW
08-01-2026 01:43:33 RAM 3392/7620MB (lfb 6x2MB) SWAP 7/3810MB (cached 0MB) CPU [0%@729,0%@729,0%@729,0%@729,91%@1728,0%@1728] GR3D_FREQ 40% cpu@58C soc2@55.468C soc0@57.406C gpu@58.406C tj@58.406C soc1@57.312C VDD_IN 9374mW/9864mW VDD_CPU_GPU_CV 2480mW/2846mW VDD_SOC 3725mW/3837mW
08-01-2026 01:43:34 RAM 3392/7620MB (lfb 6x2MB) SWAP 7/3810MB (cached 0MB) CPU [2%@729,0%@729,0%@729,0%@729,90%@1728,0%@1728] GR3D_FREQ 36% cpu@57.937C soc2@55.437C soc0@57.25C gpu@58.218C tj@58.218C soc1@57.343C VDD_IN 9174mW/9863mW VDD_CPU_GPU_CV 2480mW/2846mW VDD_SOC 3725mW/3837mW
08-01-2026 01:43:35 RAM 3392/7620MB (lfb 6x2MB) SWAP 7/3810MB (cached 0MB) CPU [1%@729,0%@729,0%@729,0%@729,90%@1728,0%@1728] GR3D_FREQ 40% cpu@57.843C soc2@55.5C soc0@57.312C gpu@58.125C tj@58.125C soc1@57.406C VDD_IN 9309mW/9863mW VDD_CPU_GPU_CV 2440mW/2846mW VDD_SOC 3725mW/3837mW
08-01-2026 01:43:36 RAM 3392/7620MB (lfb 6x2MB) SWAP 7/3810MB (cached 0MB) CPU [2%@729,0%@729,0%@729,0%@729,90%@1728,0%@1728] GR3D_FREQ 37% cpu@57.781C soc2@55.593C soc0@57.281C gpu@58.125C tj@58.125C soc1@57.312C VDD_IN 9214mW/9862mW VDD_CPU_GPU_CV 2480mW/2845mW VDD_SOC 3725mW/3837mW
08-01-2026 01:43:37 RAM 3392/7620MB (lfb 6x2MB) SWAP 7/3810MB (cached 0MB) CPU [1%@729,0%@729,1%@729,0%@729,91%@1728,0%@1728] GR3D_FREQ 40% cpu@57.906C soc2@55.437C soc0@57.343C gpu@58.093C tj@58.093C soc1@57.343C VDD_IN 9214mW/9862mW VDD_CPU_GPU_CV 2480mW/2845mW VDD_SOC 3685mW/3837mW
08-01-2026 01:43:38 RAM 3392/7620MB (lfb 6x2MB) SWAP 7/3810MB (cached 0MB) CPU [0%@729,1%@729,1%@729,0%@729,90%@1728,0%@1728] GR3D_FREQ 39% cpu@57.968C soc2@55.437C soc0@57.218C gpu@58.5C tj@58.5C soc1@57.312C VDD_IN 9309mW/9861mW VDD_CPU_GPU_CV 2440mW/2845mW VDD_SOC 3685mW/3836mW
08-01-2026 01:43:39 RAM 3393/7620MB (lfb 6x2MB) SWAP 7/3810MB (cached 0MB) CPU [3%@729,0%@729,0%@729,1%@729,90%@1728,0%@1728] GR3D_FREQ 40% cpu@57.75C soc2@55.531C soc0@57.281C gpu@58C tj@58C soc1@57.468C VDD_IN 9229mW/9861mW VDD_CPU_GPU_CV 2400mW/2844mW VDD_SOC 3685mW/3836mW
08-01-2026 01:43:40 RAM 3393/7620MB (lfb 6x2MB) SWAP 7/3810MB (cached 0MB) CPU [2%@729,0%@729,0%@729,0%@729,90%@1728,0%@1728] GR3D_FREQ 39% cpu@57.781C soc2@55.5C soc0@57.468C gpu@58.125C tj@58.125C soc1@57.375C VDD_IN 9134mW/9861mW VDD_CPU_GPU_CV 2480mW/2844mW VDD_SOC 3685mW/3836mW
08-01-2026 01:43:41 RAM 3393/7620MB (lfb 6x2MB) SWAP 7/3810MB (cached 0MB) CPU [2%@729,0%@729,0%@729,0%@729,90%@1728,0%@1728] GR3D_FREQ 39% cpu@57.843C soc2@55.437C soc0@57.25C gpu@58.125C tj@58.125C soc1@57.281C VDD_IN 9134mW/9860mW VDD_CPU_GPU_CV 2480mW/2844mW VDD_SOC 3685mW/3836mW
08-01-2026 01:43:42 RAM 3393/7620MB (lfb 6x2MB) SWAP 7/3810MB (cached 0MB) CPU [1%@729,0%@729,0%@729,0%@729,90%@1728,0%@1728] GR3D_FREQ 37% cpu@58.125C soc2@55.468C soc0@57.281C gpu@58.218C tj@58.218C soc1@57.281C VDD_IN 9054mW/9859mW VDD_CPU_GPU_CV 2480mW/2844mW VDD_SOC 3685mW/3836mW
08-01-2026 01:43:43 RAM 3393/7620MB (lfb 6x2MB) SWAP 7/3810MB (cached 0MB) CPU [2%@729,0%@729,0%@729,0%@729,91%@1728,0%@1728] GR3D_FREQ 37% cpu@57.781C soc2@55.437C soc0@57.343C gpu@58.25C tj@58.25C soc1@57.375C VDD_IN 9149mW/9859mW VDD_CPU_GPU_CV 2440mW/2843mW VDD_SOC 3685mW/3836mW
08-01-2026 01:43:44 RAM 3393/7620MB (lfb 6x2MB) SWAP 7/3810MB (cached 0MB) CPU [2%@729,0%@729,0%@729,0%@729,90%@1728,0%@1728] GR3D_FREQ 40% cpu@57.687C soc2@55.5C soc0@57.406C gpu@58.187C tj@58.031C soc1@57.468C VDD_IN 9174mW/9858mW VDD_CPU_GPU_CV 2443mW/2843mW VDD_SOC 3645mW/3836mW
08-01-2026 01:43:45 RAM 3393/7620MB (lfb 6x2MB) SWAP 7/3810MB (cached 0MB) CPU [1%@729,1%@729,2%@729,0%@729,91%@1728,0%@1728] GR3D_FREQ 40% cpu@57.812C soc2@55.5C soc0@57.343C gpu@58C tj@58C soc1@57.312C VDD_IN 9134mW/9858mW VDD_CPU_GPU_CV 2400mW/2843mW VDD_SOC 3645mW/3836mW
08-01-2026 01:43:46 RAM 3393/7620MB (lfb 6x2MB) SWAP 7/3810MB (cached 0MB) CPU [1%@729,0%@729,0%@729,0%@729,90%@1728,0%@1728] GR3D_FREQ 40% cpu@57.875C soc2@55.343C soc0@57.312C gpu@58.062C tj@58.062C soc1@57.343C VDD_IN 9229mW/9857mW VDD_CPU_GPU_CV 2400mW/2842mW VDD_SOC 3645mW/3836mW
08-01-2026 01:43:47 RAM 3393/7620MB (lfb 6x2MB) SWAP 7/3810MB (cached 0MB) CPU [2%@729,0%@729,0%@729,0%@729,91%@1728,0%@1728] GR3D_FREQ 40% cpu@58.156C soc2@55.406C soc0@57.187C gpu@58.156C tj@58.156C soc1@57.343C VDD_IN 9094mW/9857mW VDD_CPU_GPU_CV 2443mW/2842mW VDD_SOC 3645mW/3835mW
08-01-2026 01:43:48 RAM 3393/7620MB (lfb 6x2MB) SWAP 7/3810MB (cached 0MB) CPU [1%@729,0%@729,0%@729,0%@729,91%@1728,0%@1728] GR3D_FREQ 40% cpu@57.843C soc2@55.562C soc0@57.312C gpu@58.125C tj@58.125C soc1@57.437C VDD_IN 9189mW/9856mW VDD_CPU_GPU_CV 2320mW/2842mW VDD_SOC 3685mW/3835mW
08-01-2026 01:43:49 RAM 3393/7620MB (lfb 6x2MB) SWAP 7/3810MB (cached 0MB) CPU [1%@729,1%@729,0%@729,0%@729,89%@1728,0%@1728] GR3D_FREQ 39% cpu@57.781C soc2@55.406C soc0@57.281C gpu@58.187C tj@58.187C soc1@57.343C VDD_IN 9094mW/9856mW VDD_CPU_GPU_CV 2400mW/2841mW VDD_SOC 3645mW/3835mW
08-01-2026 01:43:50 RAM 3393/7620MB (lfb 6x2MB) SWAP 7/3810MB (cached 0MB) CPU [1%@729,1%@729,0%@729,0%@729,90%@1728,0%@1728] GR3D_FREQ 39% cpu@58.062C soc2@55.406C soc0@57.406C gpu@58.312C tj@58.312C soc1@57.312C VDD_IN 9149mW/9855mW VDD_CPU_GPU_CV 2360mW/2841mW VDD_SOC 3685mW/3835mW
08-01-2026 01:43:51 RAM 3393/7620MB (lfb 6x2MB) SWAP 7/3810MB (cached 0MB) CPU [1%@729,1%@729,0%@729,0%@729,90%@1728,0%@1728] GR3D_FREQ 39% cpu@57.718C soc2@55.437C soc0@57.343C gpu@58.031C tj@58.031C soc1@57.375C VDD_IN 9189mW/9855mW VDD_CPU_GPU_CV 2320mW/2841mW VDD_SOC 3645mW/3835mW
08-01-2026 01:43:52 RAM 3393/7620MB (lfb 6x2MB) SWAP 7/3810MB (cached 0MB) CPU [2%@729,0%@729,0%@729,0%@729,91%@1728,0%@1728] GR3D_FREQ 39% cpu@58.093C soc2@55.468C soc0@57.281C gpu@58C tj@58C soc1@57.468C VDD_IN 9109mW/9854mW VDD_CPU_GPU_CV 2403mW/2840mW VDD_SOC 3645mW/3835mW
08-01-2026 01:43:53 RAM 3393/7620MB (lfb 6x2MB) SWAP 7/3810MB (cached 0MB) CPU [1%@729,0%@729,1%@729,0%@729,90%@1728,0%@1728] GR3D_FREQ 39% cpu@57.875C soc2@55.625C soc0@57.25C gpu@58.031C tj@58.031C soc1@57.5C VDD_IN 8974mW/9854mW VDD_CPU_GPU_CV 2360mW/2840mW VDD_SOC 3685mW/3835mW
08-01-2026 01:43:54 RAM 3393/7620MB (lfb 6x2MB) SWAP 7/3810MB (cached 0MB) CPU [1%@729,0%@729,0%@729,0%@729,91%@1728,0%@1728] GR3D_FREQ 36% cpu@57.968C soc2@55.531C soc0@57.25C gpu@58.062C tj@58.062C soc1@57.343C VDD_IN 9014mW/9853mW VDD_CPU_GPU_CV 2360mW/2840mW VDD_SOC 3645mW/3835mW
08-01-2026 01:43:55 RAM 3393/7620MB (lfb 6x2MB) SWAP 7/3810MB (cached 0MB) CPU [2%@729,1%@729,0%@729,0%@729,91%@1728,0%@1728] GR3D_FREQ 40% cpu@58C soc2@55.375C soc0@57.281C gpu@58.062C tj@58.062C soc1@57.312C VDD_IN 9028mW/9853mW VDD_CPU_GPU_CV 2360mW/2839mW VDD_SOC 3685mW/3834mW
08-01-2026 01:43:56 RAM 3393/7620MB (lfb 6x2MB) SWAP 7/3810MB (cached 0MB) CPU [0%@729,0%@729,0%@729,0%@729,90%@1728,0%@1728] GR3D_FREQ 39% cpu@57.75C soc2@55.406C soc0@57.281C gpu@58.281C tj@58.281C soc1@57.375C VDD_IN 8974mW/9852mW VDD_CPU_GPU_CV 2360mW/2839mW VDD_SOC 3645mW/3834mW
08-01-2026 01:43:57 RAM 3393/7620MB (lfb 6x2MB) SWAP 7/3810MB (cached 0MB) CPU [1%@729,0%@729,0%@729,0%@729,90%@1728,0%@1728] GR3D_FREQ 39% cpu@57.812C soc2@55.531C soc0@57.25C gpu@58.406C tj@58.406C soc1@57.406C VDD_IN 9068mW/9851mW VDD_CPU_GPU_CV 2320mW/2839mW VDD_SOC 3645mW/3834mW
08-01-2026 01:43:58 RAM 3393/7620MB (lfb 6x2MB) SWAP 7/3810MB (cached 0MB) CPU [2%@729,1%@729,0%@729,0%@729,90%@1728,0%@1728] GR3D_FREQ 40% cpu@57.75C soc2@55.437C soc0@57.312C gpu@58.375C tj@58.375C soc1@57.25C VDD_IN 9149mW/9851mW VDD_CPU_GPU_CV 2283mW/2838mW VDD_SOC 3645mW/3834mW
08-01-2026 01:43:59 RAM 3393/7620MB (lfb 6x2MB) SWAP 7/3810MB (cached 0MB) CPU [1%@729,0%@729,0%@729,0%@729,90%@1728,0%@1728] GR3D_FREQ 39% cpu@57.875C soc2@55.5C soc0@57.531C gpu@58.343C tj@58.343C soc1@57.312C VDD_IN 8988mW/9850mW VDD_CPU_GPU_CV 2323mW/2838mW VDD_SOC 3645mW/3834mW
08-01-2026 01:44:00 RAM 3393/7620MB (lfb 6x2MB) SWAP 7/3810MB (cached 0MB) CPU [1%@729,1%@729,1%@729,0%@729,90%@1728,0%@1728] GR3D_FREQ 40% cpu@58.031C soc2@55.437C soc0@57.281C gpu@58.187C tj@58.187C soc1@57.25C VDD_IN 9068mW/9850mW VDD_CPU_GPU_CV 2280mW/2838mW VDD_SOC 3645mW/3834mW
08-01-2026 01:44:01 RAM 3393/7620MB (lfb 6x2MB) SWAP 7/3810MB (cached 0MB) CPU [1%@729,2%@729,1%@729,1%@729,90%@1728,0%@1728] GR3D_FREQ 40% cpu@57.843C soc2@55.437C soc0@57.25C gpu@58.093C tj@58.093C soc1@57.375C VDD_IN 9109mW/9849mW VDD_CPU_GPU_CV 2323mW/2837mW VDD_SOC 3645mW/3834mW
08-01-2026 01:44:02 RAM 3393/7620MB (lfb 6x2MB) SWAP 7/3810MB (cached 0MB) CPU [0%@729,1%@729,0%@729,0%@729,90%@1728,0%@1728] GR3D_FREQ 39% cpu@57.75C soc2@55.468C soc0@57.25C gpu@58.093C tj@58.093C soc1@57.406C VDD_IN 8934mW/9848mW VDD_CPU_GPU_CV 2363mW/2837mW VDD_SOC 3645mW/3833mW
08-01-2026 01:44:03 RAM 3393/7620MB (lfb 6x2MB) SWAP 7/3810MB (cached 0MB) CPU [1%@729,0%@729,0%@729,0%@729,89%@1728,0%@1728] GR3D_FREQ 40% cpu@57.906C soc2@55.562C soc0@57.343C gpu@58.093C tj@58.093C soc1@57.343C VDD_IN 9028mW/9848mW VDD_CPU_GPU_CV 2280mW/2836mW VDD_SOC 3645mW/3833mW
08-01-2026 01:44:04 RAM 3393/7620MB (lfb 6x2MB) SWAP 7/3810MB (cached 0MB) CPU [1%@729,1%@729,0%@729,0%@729,90%@1728,0%@1728] GR3D_FREQ 40% cpu@58C soc2@55.406C soc0@57.281C gpu@58.5C tj@58.5C soc1@57.281C VDD_IN 9028mW/9847mW VDD_CPU_GPU_CV 2280mW/2836mW VDD_SOC 3685mW/3833mW
08-01-2026 01:44:05 RAM 3393/7620MB (lfb 6x2MB) SWAP 7/3810MB (cached 0MB) CPU [0%@729,1%@729,0%@729,0%@729,2%@1728,84%@1728] GR3D_FREQ 39% cpu@57.468C soc2@55.437C soc0@57.312C gpu@58.468C tj@58.468C soc1@57.375C VDD_IN 8948mW/9847mW VDD_CPU_GPU_CV 2243mW/2836mW VDD_SOC 3645mW/3833mW
08-01-2026 01:44:06 RAM 3393/7620MB (lfb 6x2MB) SWAP 7/3810MB (cached 0MB) CPU [3%@729,0%@729,1%@729,0%@729,0%@1728,90%@1728] GR3D_FREQ 39% cpu@57.5C soc2@55.531C soc0@57.281C gpu@57.937C tj@57.937C soc1@57.468C VDD_IN 8974mW/9846mW VDD_CPU_GPU_CV 2360mW/2835mW VDD_SOC 3645mW/3833mW
08-01-2026 01:44:07 RAM 3393/7620MB (lfb 6x2MB) SWAP 7/3810MB (cached 0MB) CPU [0%@729,1%@729,0%@729,0%@729,0%@1728,90%@1728] GR3D_FREQ 38% cpu@57.562C soc2@55.468C soc0@57.375C gpu@58C tj@58C soc1@57.281C VDD_IN 8988mW/9845mW VDD_CPU_GPU_CV 2320mW/2835mW VDD_SOC 3645mW/3833mW
08-01-2026 01:44:08 RAM 3393/7620MB (lfb 6x2MB) SWAP 7/3810MB (cached 0MB) CPU [2%@729,0%@729,0%@729,0%@729,0%@1728,90%@1728] GR3D_FREQ 39% cpu@57.781C soc2@55.5C soc0@57.25C gpu@58.125C tj@58.125C soc1@57.25C VDD_IN 9028mW/9845mW VDD_CPU_GPU_CV 2320mW/2835mW VDD_SOC 3685mW/3833mW
08-01-2026 01:44:09 RAM 3393/7620MB (lfb 6x2MB) SWAP 7/3810MB (cached 0MB) CPU [1%@729,1%@729,1%@729,0%@729,0%@1728,89%@1728] GR3D_FREQ 30% cpu@57.75C soc2@55.343C soc0@57.218C gpu@58.187C tj@58.187C soc1@57.406C VDD_IN 9068mW/9844mW VDD_CPU_GPU_CV 2320mW/2834mW VDD_SOC 3645mW/3833mW
08-01-2026 01:44:10 RAM 3393/7620MB (lfb 6x2MB) SWAP 7/3810MB (cached 0MB) CPU [2%@729,0%@729,0%@729,0%@729,0%@1728,90%@1728] GR3D_FREQ 85% cpu@57.531C soc2@55.437C soc0@57.25C gpu@58.312C tj@58.312C soc1@57.437C VDD_IN 9134mW/9844mW VDD_CPU_GPU_CV 2400mW/2834mW VDD_SOC 3685mW/3833mW
08-01-2026 01:44:11 RAM 3393/7620MB (lfb 6x2MB) SWAP 7/3810MB (cached 0MB) CPU [0%@729,0%@729,0%@729,0%@729,0%@1728,90%@1728] GR3D_FREQ 66% cpu@57.5C soc2@55.437C soc0@57.281C gpu@58.468C tj@58.468C soc1@57.406C VDD_IN 9134mW/9843mW VDD_CPU_GPU_CV 2400mW/2834mW VDD_SOC 3685mW/3832mW
08-01-2026 01:44:12 RAM 3393/7620MB (lfb 6x2MB) SWAP 7/3810MB (cached 0MB) CPU [1%@729,0%@729,0%@729,1%@729,0%@1728,89%@1728] GR3D_FREQ 99% cpu@57.625C soc2@55.468C soc0@57.343C gpu@58.25C tj@58.25C soc1@57.25C VDD_IN 9269mW/9843mW VDD_CPU_GPU_CV 2400mW/2833mW VDD_SOC 3725mW/3832mW
08-01-2026 01:44:13 RAM 3393/7620MB (lfb 6x2MB) SWAP 7/3810MB (cached 0MB) CPU [1%@729,1%@729,0%@729,0%@729,0%@1728,90%@1728] GR3D_FREQ 92% cpu@57.812C soc2@55.312C soc0@57.25C gpu@58.312C tj@58.312C soc1@57.343C VDD_IN 9174mW/9842mW VDD_CPU_GPU_CV 2440mW/2833mW VDD_SOC 3725mW/3832mW
08-01-2026 01:44:14 RAM 3393/7620MB (lfb 6x2MB) SWAP 7/3810MB (cached 0MB) CPU [1%@729,1%@729,0%@729,0%@729,0%@1728,89%@1728] GR3D_FREQ 99% cpu@57.75C soc2@55.468C soc0@57.312C gpu@58.218C tj@58.218C soc1@57.343C VDD_IN 9269mW/9842mW VDD_CPU_GPU_CV 2440mW/2833mW VDD_SOC 3725mW/3832mW
08-01-2026 01:44:15 RAM 3393/7620MB (lfb 6x2MB) SWAP 7/3810MB (cached 0MB) CPU [1%@729,0%@729,0%@729,0%@729,1%@1728,89%@1728] GR3D_FREQ 99% cpu@57.5C soc2@55.406C soc0@57.25C gpu@58.312C tj@58.312C soc1@57.406C VDD_IN 9294mW/9842mW VDD_CPU_GPU_CV 2480mW/2833mW VDD_SOC 3725mW/3832mW
08-01-2026 01:44:16 RAM 3393/7620MB (lfb 6x2MB) SWAP 7/3810MB (cached 0MB) CPU [1%@729,1%@729,1%@729,0%@729,0%@1497,89%@1497] GR3D_FREQ 99% cpu@57.562C soc2@55.468C soc0@57.375C gpu@58.406C tj@58.406C soc1@57.281C VDD_IN 9334mW/9841mW VDD_CPU_GPU_CV 2560mW/2832mW VDD_SOC 3766mW/3832mW
08-01-2026 01:44:17 RAM 3393/7620MB (lfb 6x2MB) SWAP 7/3810MB (cached 0MB) CPU [1%@729,0%@729,1%@729,0%@729,0%@1728,89%@1728] GR3D_FREQ 99% cpu@57.656C soc2@55.5C soc0@57.375C gpu@58.906C tj@58.906C soc1@57.25C VDD_IN 9615mW/9841mW VDD_CPU_GPU_CV 2640mW/2832mW VDD_SOC 3800mW/3832mW
08-01-2026 01:44:18 RAM 3393/7620MB (lfb 6x2MB) SWAP 7/3810MB (cached 0MB) CPU [1%@729,0%@729,0%@729,1%@729,0%@1036,90%@1036] GR3D_FREQ 99% cpu@57.906C soc2@55.437C soc0@57.312C gpu@58.875C tj@58.875C soc1@57.281C VDD_IN 9615mW/9841mW VDD_CPU_GPU_CV 2640mW/2832mW VDD_SOC 3806mW/3832mW
08-01-2026 01:44:19 RAM 3393/7620MB (lfb 6x2MB) SWAP 7/3810MB (cached 0MB) CPU [0%@883,1%@883,4%@883,0%@883,0%@729,86%@729] GR3D_FREQ 99% cpu@57.531C soc2@55.531C soc0@57.281C gpu@58.843C tj@58.843C soc1@57.406C VDD_IN 9655mW/9841mW VDD_CPU_GPU_CV 2680mW/2832mW VDD_SOC 3846mW/3832mW
08-01-2026 01:44:20 RAM 3393/7620MB (lfb 6x2MB) SWAP 7/3810MB (cached 0MB) CPU [2%@1036,0%@1036,90%@1036,0%@1036,0%@729,0%@729] GR3D_FREQ 99% cpu@57.531C soc2@55.656C soc0@57.281C gpu@58.812C tj@58.812C soc1@57.25C VDD_IN 9855mW/9841mW VDD_CPU_GPU_CV 2720mW/2832mW VDD_SOC 3880mW/3832mW
08-01-2026 01:44:21 RAM 3393/7620MB (lfb 6x2MB) SWAP 7/3810MB (cached 0MB) CPU [0%@806,0%@806,89%@806,0%@806,0%@729,0%@729] GR3D_FREQ 99% cpu@57.75C soc2@55.625C soc0@57.281C gpu@58.906C tj@58.906C soc1@57.312C VDD_IN 9935mW/9841mW VDD_CPU_GPU_CV 2760mW/2832mW VDD_SOC 3880mW/3832mW
08-01-2026 01:44:22 RAM 3393/7620MB (lfb 6x2MB) SWAP 7/3810MB (cached 0MB) CPU [1%@883,0%@883,90%@883,0%@729,0%@729,0%@729] GR3D_FREQ 99% cpu@57.625C soc2@55.562C soc0@57.218C gpu@58.875C tj@58.875C soc1@57.281C VDD_IN 10016mW/9841mW VDD_CPU_GPU_CV 2835mW/2832mW VDD_SOC 3920mW/3832mW
08-01-2026 01:44:23 RAM 3393/7620MB (lfb 6x2MB) SWAP 7/3810MB (cached 0MB) CPU [1%@1728,0%@1728,90%@1728,0%@1728,0%@729,0%@729] GR3D_FREQ 99% cpu@57.75C soc2@55.5C soc0@57.187C gpu@58.937C tj@58.937C soc1@57.312C VDD_IN 9975mW/9841mW VDD_CPU_GPU_CV 2875mW/2832mW VDD_SOC 3920mW/3832mW
08-01-2026 01:44:24 RAM 3393/7620MB (lfb 6x2MB) SWAP 7/3810MB (cached 0MB) CPU [1%@1728,0%@1728,91%@1728,0%@1728,0%@729,0%@729] GR3D_FREQ 95% cpu@57.843C soc2@55.562C soc0@57.218C gpu@59.281C tj@59.281C soc1@57.343C VDD_IN 10200mW/9841mW VDD_CPU_GPU_CV 2995mW/2832mW VDD_SOC 3960mW/3832mW
08-01-2026 01:44:25 RAM 3393/7620MB (lfb 6x2MB) SWAP 7/3810MB (cached 0MB) CPU [1%@1728,1%@1728,91%@1728,0%@1728,0%@729,0%@729] GR3D_FREQ 96% cpu@58.187C soc2@55.656C soc0@57.375C gpu@59.468C tj@59.468C soc1@57.25C VDD_IN 10480mW/9842mW VDD_CPU_GPU_CV 3234mW/2832mW VDD_SOC 4040mW/3832mW
08-01-2026 01:44:26 RAM 3393/7620MB (lfb 6x2MB) SWAP 7/3810MB (cached 0MB) CPU [1%@1190,0%@1190,90%@1190,0%@1190,0%@729,0%@729] GR3D_FREQ 87% cpu@58.031C soc2@55.562C soc0@57.312C gpu@59.437C tj@59.437C soc1@57.312C VDD_IN 10560mW/9842mW VDD_CPU_GPU_CV 3194mW/2832mW VDD_SOC 4040mW/3833mW
08-01-2026 01:44:27 RAM 3393/7620MB (lfb 6x2MB) SWAP 7/3810MB (cached 0MB) CPU [1%@1190,0%@1190,90%@1190,0%@1190,0%@729,0%@729] GR3D_FREQ 99% cpu@57.75C soc2@55.562C soc0@57.281C gpu@59.531C tj@59.531C soc1@57.312C VDD_IN 10600mW/9843mW VDD_CPU_GPU_CV 3194mW/2833mW VDD_SOC 4040mW/3833mW
08-01-2026 01:44:28 RAM 3393/7620MB (lfb 6x2MB) SWAP 7/3810MB (cached 0MB) CPU [1%@729,1%@729,15%@729,0%@729,69%@1267,5%@1267] GR3D_FREQ 89% cpu@57.843C soc2@55.531C soc0@57.281C gpu@59.156C tj@59.156C soc1@57.375C VDD_IN 10480mW/9843mW VDD_CPU_GPU_CV 3154mW/2833mW VDD_SOC 4040mW/3833mW
08-01-2026 01:44:29 RAM 3359/7620MB (lfb 3x2MB) SWAP 7/3810MB (cached 0MB) CPU [2%@729,0%@729,2%@729,0%@729,0%@960,89%@960] GR3D_FREQ 99% cpu@57.843C soc2@55.625C soc0@57.281C gpu@59.468C tj@59.468C soc1@57.25C VDD_IN 10960mW/9844mW VDD_CPU_GPU_CV 3548mW/2833mW VDD_SOC 4120mW/3833mW
08-01-2026 01:44:30 RAM 3359/7620MB (lfb 3x2MB) SWAP 7/3810MB (cached 0MB) CPU [1%@729,2%@729,0%@729,0%@729,0%@1651,89%@1651] GR3D_FREQ 99% cpu@58.031C soc2@55.625C soc0@57.343C gpu@59.468C tj@59.468C soc1@57.281C VDD_IN 11400mW/9845mW VDD_CPU_GPU_CV 3787mW/2834mW VDD_SOC 4153mW/3833mW
08-01-2026 01:44:31 RAM 3360/7620MB (lfb 3x2MB) SWAP 7/3810MB (cached 0MB) CPU [0%@729,0%@729,0%@729,0%@729,0%@1574,89%@1574] GR3D_FREQ 81% cpu@57.843C soc2@55.687C soc0@57.187C gpu@59.531C tj@59.531C soc1@57.375C VDD_IN 11280mW/9846mW VDD_CPU_GPU_CV 3708mW/2835mW VDD_SOC 4153mW/3834mW
08-01-2026 01:44:32 RAM 3361/7620MB (lfb 3x2MB) SWAP 7/3810MB (cached 0MB) CPU [1%@729,0%@729,0%@729,0%@729,0%@1574,90%@1574] GR3D_FREQ 92% cpu@57.656C soc2@55.562C soc0@57.25C gpu@59C tj@59C soc1@57.375C VDD_IN 11301mW/9847mW VDD_CPU_GPU_CV 3787mW/2835mW VDD_SOC 4153mW/3834mW
08-01-2026 01:44:33 RAM 3361/7620MB (lfb 3x2MB) SWAP 7/3810MB (cached 0MB) CPU [2%@729,0%@729,0%@729,0%@729,0%@1651,91%@1651] GR3D_FREQ 36% cpu@57.718C soc2@55.781C soc0@57.312C gpu@58.906C tj@58.906C soc1@57.281C VDD_IN 11341mW/9848mW VDD_CPU_GPU_CV 3827mW/2836mW VDD_SOC 4153mW/3834mW
08-01-2026 01:44:34 RAM 3361/7620MB (lfb 3x2MB) SWAP 7/3810MB (cached 0MB) CPU [1%@729,1%@729,0%@729,0%@729,0%@1651,91%@1651] GR3D_FREQ 48% cpu@57.781C soc2@55.593C soc0@57.5C gpu@58.656C tj@58.656C soc1@57.312C VDD_IN 11360mW/9849mW VDD_CPU_GPU_CV 3668mW/2837mW VDD_SOC 4153mW/3834mW
08-01-2026 01:44:35 RAM 3361/7620MB (lfb 3x2MB) SWAP 7/3810MB (cached 0MB) CPU [2%@729,0%@729,0%@729,0%@729,0%@1728,90%@1728] GR3D_FREQ 43% cpu@58.031C soc2@55.562C soc0@57.156C gpu@58.843C tj@58.843C soc1@57.312C VDD_IN 11360mW/9850mW VDD_CPU_GPU_CV 3668mW/2837mW VDD_SOC 4153mW/3834mW
08-01-2026 01:44:36 RAM 3361/7620MB (lfb 3x2MB) SWAP 7/3810MB (cached 0MB) CPU [0%@729,1%@729,1%@729,0%@729,0%@1728,90%@1728] GR3D_FREQ 45% cpu@57.843C soc2@55.593C soc0@57.281C gpu@58.875C tj@58.875C soc1@57.437C VDD_IN 11280mW/9851mW VDD_CPU_GPU_CV 3628mW/2838mW VDD_SOC 4153mW/3835mW
08-01-2026 01:44:37 RAM 3370/7620MB (lfb 4x2MB) SWAP 7/3810MB (cached 0MB) CPU [2%@729,1%@729,0%@729,0%@729,18%@1728,76%@1728] GR3D_FREQ 50% cpu@57.875C soc2@55.625C soc0@57.406C gpu@58.75C tj@58.75C soc1@57.312C VDD_IN 11320mW/9852mW VDD_CPU_GPU_CV 3708mW/2838mW VDD_SOC 4153mW/3835mW
08-01-2026 01:44:38 RAM 3370/7620MB (lfb 4x2MB) SWAP 7/3810MB (cached 0MB) CPU [1%@729,1%@729,0%@729,0%@729,91%@1728,0%@1728] GR3D_FREQ 26% cpu@57.906C soc2@55.562C soc0@57.312C gpu@58.437C tj@58.437C soc1@57.343C VDD_IN 11200mW/9853mW VDD_CPU_GPU_CV 3628mW/2839mW VDD_SOC 4153mW/3835mW
08-01-2026 01:44:39 RAM 3357/7620MB (lfb 1x2MB) SWAP 7/3810MB (cached 0MB) CPU [1%@729,0%@729,1%@729,0%@729,90%@1728,0%@1728] GR3D_FREQ 24% cpu@58.125C soc2@55.531C soc0@57.281C gpu@58.5C tj@58.5C soc1@57.312C VDD_IN 11120mW/9854mW VDD_CPU_GPU_CV 3548mW/2839mW VDD_SOC 4113mW/3835mW
08-01-2026 01:44:40 RAM 3357/7620MB (lfb 1x2MB) SWAP 7/3810MB (cached 0MB) CPU [2%@729,0%@729,0%@729,2%@729,91%@1728,0%@1728] GR3D_FREQ 24% cpu@57.75C soc2@55.531C soc0@57.312C gpu@58.437C tj@58.437C soc1@57.312C VDD_IN 11080mW/9855mW VDD_CPU_GPU_CV 3588mW/2840mW VDD_SOC 4073mW/3835mW
08-01-2026 01:44:41 RAM 3358/7620MB (lfb 1x2MB) SWAP 7/3810MB (cached 0MB) CPU [3%@729,1%@729,0%@729,0%@729,90%@1728,0%@1728] GR3D_FREQ 24% cpu@57.906C soc2@55.562C soc0@57.437C gpu@58.437C tj@58.437C soc1@57.406C VDD_IN 10960mW/9856mW VDD_CPU_GPU_CV 3508mW/2840mW VDD_SOC 4073mW/3836mW
08-01-2026 01:44:42 RAM 3358/7620MB (lfb 1x2MB) SWAP 7/3810MB (cached 0MB) CPU [0%@729,0%@729,0%@729,0%@729,90%@1728,1%@1728] GR3D_FREQ 24% cpu@57.906C soc2@55.593C soc0@57.343C gpu@58.562C tj@58.562C soc1@57.375C VDD_IN 10880mW/9856mW VDD_CPU_GPU_CV 3428mW/2841mW VDD_SOC 4080mW/3836mW
08-01-2026 01:44:43 RAM 3358/7620MB (lfb 1x2MB) SWAP 7/3810MB (cached 0MB) CPU [2%@729,0%@729,1%@729,0%@729,91%@1728,0%@1728] GR3D_FREQ 24% cpu@57.968C soc2@55.656C soc0@57.343C gpu@58.531C tj@58.531C soc1@57.281C VDD_IN 10960mW/9857mW VDD_CPU_GPU_CV 3428mW/2841mW VDD_SOC 4073mW/3836mW
08-01-2026 01:44:44 RAM 3359/7620MB (lfb 1x2MB) SWAP 7/3810MB (cached 0MB) CPU [1%@729,0%@729,0%@729,0%@729,90%@1728,0%@1728] GR3D_FREQ 24% cpu@58.093C soc2@55.562C soc0@57.281C gpu@58.562C tj@58.562C soc1@57.343C VDD_IN 10840mW/9858mW VDD_CPU_GPU_CV 3434mW/2842mW VDD_SOC 4033mW/3836mW
08-01-2026 01:44:45 RAM 3359/7620MB (lfb 1x2MB) SWAP 7/3810MB (cached 0MB) CPU [1%@1728,18%@1728,0%@1728,0%@1728,73%@1574,0%@1574] GR3D_FREQ 22% cpu@57.718C soc2@55.625C soc0@57.218C gpu@58.687C tj@58.687C soc1@57.5C VDD_IN 10760mW/9859mW VDD_CPU_GPU_CV 3354mW/2842mW VDD_SOC 4040mW/3836mW
08-01-2026 01:44:46 RAM 3359/7620MB (lfb 1x2MB) SWAP 7/3810MB (cached 0MB) CPU [2%@1728,91%@1728,0%@1728,0%@1728,0%@729,0%@729] GR3D_FREQ 22% cpu@57.656C soc2@55.718C soc0@57.406C gpu@58.531C tj@58.531C soc1@57.281C VDD_IN 10760mW/9859mW VDD_CPU_GPU_CV 3354mW/2842mW VDD_SOC 4040mW/3836mW
08-01-2026 01:44:47 RAM 3359/7620MB (lfb 1x2MB) SWAP 7/3810MB (cached 0MB) CPU [1%@1728,91%@1728,1%@1728,1%@1728,0%@729,0%@729] GR3D_FREQ 23% cpu@57.875C soc2@55.75C soc0@57.343C gpu@58.375C tj@58.375C soc1@57.312C VDD_IN 10680mW/9860mW VDD_CPU_GPU_CV 3354mW/2843mW VDD_SOC 4040mW/3836mW
08-01-2026 01:44:48 RAM 3359/7620MB (lfb 1x2MB) SWAP 7/3810MB (cached 0MB) CPU [0%@1728,65%@1728,1%@1728,25%@1728,0%@729,0%@729] GR3D_FREQ 24% cpu@58.125C soc2@55.656C soc0@57.406C gpu@58.468C tj@58.468C soc1@57.312C VDD_IN 10680mW/9860mW VDD_CPU_GPU_CV 3314mW/2843mW VDD_SOC 4000mW/3837mW
08-01-2026 01:44:49 RAM 3354/7620MB (lfb 6x1MB) SWAP 7/3810MB (cached 0MB) CPU [1%@1728,0%@1728,0%@1728,91%@1728,0%@729,1%@729] GR3D_FREQ 27% cpu@58.062C soc2@55.625C soc0@57.281C gpu@58.375C tj@58.375C soc1@57.343C VDD_IN 10760mW/9861mW VDD_CPU_GPU_CV 3394mW/2843mW VDD_SOC 4000mW/3837mW
08-01-2026 01:44:51 RAM 3355/7620MB (lfb 6x1MB) SWAP 7/3810MB (cached 0MB) CPU [1%@1728,1%@1728,0%@1728,90%@1728,0%@729,0%@729] GR3D_FREQ 26% cpu@57.875C soc2@55.718C soc0@57.343C gpu@58.437C tj@58.437C soc1@57.437C VDD_IN 10520mW/9861mW VDD_CPU_GPU_CV 3314mW/2844mW VDD_SOC 4040mW/3837mW
08-01-2026 01:44:52 RAM 3355/7620MB (lfb 6x1MB) SWAP 7/3810MB (cached 0MB) CPU [28%@1728,0%@1728,0%@1728,63%@1728,0%@729,0%@729] GR3D_FREQ 29% cpu@57.812C soc2@55.812C soc0@57.343C gpu@58.5C tj@58.5C soc1@57.312C VDD_IN 10560mW/9862mW VDD_CPU_GPU_CV 3274mW/2844mW VDD_SOC 4000mW/3837mW
08-01-2026 01:44:53 RAM 3355/7620MB (lfb 6x1MB) SWAP 7/3810MB (cached 0MB) CPU [63%@1728,28%@1728,1%@1728,0%@1728,0%@729,0%@729] GR3D_FREQ 30% cpu@57.75C soc2@55.75C soc0@57.375C gpu@58.437C tj@58.437C soc1@57.343C VDD_IN 10560mW/9862mW VDD_CPU_GPU_CV 3314mW/2844mW VDD_SOC 4000mW/3837mW
08-01-2026 01:44:54 RAM 3355/7620MB (lfb 6x1MB) SWAP 7/3810MB (cached 0MB) CPU [1%@1728,91%@1728,0%@1728,0%@1728,0%@729,0%@729] GR3D_FREQ 30% cpu@58.093C soc2@55.656C soc0@57.406C gpu@58.375C tj@58.375C soc1@57.375C VDD_IN 10520mW/9863mW VDD_CPU_GPU_CV 3354mW/2845mW VDD_SOC 3960mW/3837mW
08-01-2026 01:44:55 RAM 3355/7620MB (lfb 6x1MB) SWAP 7/3810MB (cached 0MB) CPU [1%@1728,91%@1728,0%@1728,0%@1728,0%@729,0%@729] GR3D_FREQ 29% cpu@57.843C soc2@55.562C soc0@57.281C gpu@58.687C tj@58.687C soc1@57.375C VDD_IN 10480mW/9863mW VDD_CPU_GPU_CV 3194mW/2845mW VDD_SOC 3960mW/3837mW
08-01-2026 01:44:56 RAM 3355/7620MB (lfb 6x1MB) SWAP 7/3810MB (cached 0MB) CPU [1%@1728,90%@1728,1%@1728,0%@1728,0%@729,0%@729] GR3D_FREQ 27% cpu@58C soc2@55.687C soc0@57.281C gpu@58.656C tj@58.656C soc1@57.406C VDD_IN 10440mW/9864mW VDD_CPU_GPU_CV 3234mW/2845mW VDD_SOC 3920mW/3837mW
08-01-2026 01:44:57 RAM 3355/7620MB (lfb 6x1MB) SWAP 7/3810MB (cached 0MB) CPU [1%@1728,90%@1728,0%@1728,0%@1728,0%@729,0%@729] GR3D_FREQ 27% cpu@57.875C soc2@55.75C soc0@57.375C gpu@58.75C tj@58.75C soc1@57.375C VDD_IN 10400mW/9864mW VDD_CPU_GPU_CV 3154mW/2845mW VDD_SOC 3920mW/3837mW
08-01-2026 01:44:58 RAM 3355/7620MB (lfb 6x1MB) SWAP 7/3810MB (cached 0MB) CPU [0%@1728,90%@1728,1%@1728,0%@1728,0%@729,0%@729] GR3D_FREQ 30% cpu@57.812C soc2@55.781C soc0@57.562C gpu@58.25C tj@58.25C soc1@57.343C VDD_IN 10360mW/9864mW VDD_CPU_GPU_CV 3115mW/2846mW VDD_SOC 3920mW/3837mW
08-01-2026 01:44:59 RAM 3355/7620MB (lfb 6x1MB) SWAP 7/3810MB (cached 0MB) CPU [1%@1728,90%@1728,0%@1728,0%@1728,0%@729,0%@729] GR3D_FREQ 29% cpu@58.031C soc2@55.718C soc0@57.406C gpu@58.25C tj@58.25C soc1@57.375C VDD_IN 10336mW/9865mW VDD_CPU_GPU_CV 3115mW/2846mW VDD_SOC 3960mW/3837mW
08-01-2026 01:45:00 RAM 3355/7620MB (lfb 6x1MB) SWAP 7/3810MB (cached 0MB) CPU [0%@1728,91%@1728,1%@1728,0%@1728,0%@729,0%@729] GR3D_FREQ 30% cpu@57.812C soc2@55.625C soc0@57.406C gpu@58.281C tj@58.281C soc1@57.437C VDD_IN 10336mW/9865mW VDD_CPU_GPU_CV 3115mW/2846mW VDD_SOC 3920mW/3838mW
08-01-2026 01:45:01 RAM 3355/7620MB (lfb 6x1MB) SWAP 7/3810MB (cached 0MB) CPU [38%@1728,54%@1728,0%@1728,0%@1728,0%@729,0%@729] GR3D_FREQ 30% cpu@58.062C soc2@55.812C soc0@57.375C gpu@58.312C tj@58.312C soc1@57.468C VDD_IN 10296mW/9865mW VDD_CPU_GPU_CV 3035mW/2846mW VDD_SOC 3920mW/3838mW
08-01-2026 01:45:02 RAM 3356/7620MB (lfb 6x1MB) SWAP 7/3810MB (cached 0MB) CPU [55%@1728,0%@1728,0%@1728,35%@1728,0%@729,0%@729] GR3D_FREQ 28% cpu@58C soc2@55.656C soc0@57.406C gpu@58.343C tj@58.343C soc1@57.437C VDD_IN 10336mW/9866mW VDD_CPU_GPU_CV 3075mW/2846mW VDD_SOC 3920mW/3838mW
08-01-2026 01:45:03 RAM 3356/7620MB (lfb 6x1MB) SWAP 7/3810MB (cached 0MB) CPU [0%@1728,0%@1728,0%@1728,90%@1728,0%@729,0%@729] GR3D_FREQ 30% cpu@58.093C soc2@55.718C soc0@57.406C gpu@58.468C tj@58.468C soc1@57.343C VDD_IN 10336mW/9866mW VDD_CPU_GPU_CV 3115mW/2846mW VDD_SOC 3920mW/3838mW
08-01-2026 01:45:04 RAM 3356/7620MB (lfb 6x1MB) SWAP 7/3810MB (cached 0MB) CPU [1%@1728,0%@1728,1%@1728,90%@1728,1%@729,0%@729] GR3D_FREQ 30% cpu@57.875C soc2@55.625C soc0@57.5C gpu@58.437C tj@58.437C soc1@57.281C VDD_IN 10176mW/9866mW VDD_CPU_GPU_CV 3075mW/2847mW VDD_SOC 3960mW/3838mW
08-01-2026 01:45:05 RAM 3356/7620MB (lfb 6x1MB) SWAP 7/3810MB (cached 0MB) CPU [1%@1728,36%@1728,0%@1728,54%@1728,0%@729,0%@729] GR3D_FREQ 29% cpu@57.75C soc2@55.562C soc0@57.281C gpu@58.5C tj@58.5C soc1@57.437C VDD_IN 10336mW/9866mW VDD_CPU_GPU_CV 3075mW/2847mW VDD_SOC 3880mW/3838mW
08-01-2026 01:45:06 RAM 3356/7620MB (lfb 6x1MB) SWAP 7/3810MB (cached 0MB) CPU [1%@1728,91%@1728,0%@1728,0%@1728,0%@729,0%@729] GR3D_FREQ 30% cpu@57.781C soc2@55.656C soc0@57.375C gpu@58.5C tj@58.5C soc1@57.5C VDD_IN 10256mW/9867mW VDD_CPU_GPU_CV 3035mW/2847mW VDD_SOC 3920mW/3838mW
08-01-2026 01:45:07 RAM 3356/7620MB (lfb 6x1MB) SWAP 7/3810MB (cached 0MB) CPU [1%@1728,90%@1728,1%@1728,0%@1728,0%@729,0%@729] GR3D_FREQ 30% cpu@57.718C soc2@55.593C soc0@57.406C gpu@58.437C tj@58.437C soc1@57.468C VDD_IN 10096mW/9867mW VDD_CPU_GPU_CV 2995mW/2847mW VDD_SOC 3920mW/3838mW
08-01-2026 01:45:08 RAM 3356/7620MB (lfb 6x1MB) SWAP 7/3810MB (cached 0MB) CPU [1%@1728,90%@1728,0%@1728,0%@1728,0%@729,0%@729] GR3D_FREQ 28% cpu@57.718C soc2@55.687C soc0@57.281C gpu@58.5C tj@58.5C soc1@57.312C VDD_IN 10176mW/9867mW VDD_CPU_GPU_CV 3035mW/2847mW VDD_SOC 3920mW/3838mW
08-01-2026 01:45:09 RAM 3356/7620MB (lfb 6x1MB) SWAP 7/3810MB (cached 0MB) CPU [0%@1728,91%@1728,1%@1728,0%@1728,0%@729,0%@729] GR3D_FREQ 27% cpu@57.843C soc2@55.718C soc0@57.437C gpu@58.468C tj@58.468C soc1@57.437C VDD_IN 10136mW/9867mW VDD_CPU_GPU_CV 2955mW/2847mW VDD_SOC 3880mW/3838mW
08-01-2026 01:45:10 RAM 3362/7620MB (lfb 3x2MB) SWAP 7/3810MB (cached 0MB) CPU [2%@1728,90%@1728,0%@1728,0%@1728,0%@729,3%@729] GR3D_FREQ 29% cpu@57.937C soc2@55.656C soc0@57.25C gpu@58.468C tj@58.468C soc1@57.343C VDD_IN 10096mW/9867mW VDD_CPU_GPU_CV 3000mW/2847mW VDD_SOC 3880mW/3838mW
08-01-2026 01:45:11 RAM 3361/7620MB (lfb 4x2MB) SWAP 7/3810MB (cached 0MB) CPU [1%@1728,90%@1728,0%@1728,0%@1728,0%@729,2%@729] GR3D_FREQ 29% cpu@57.812C soc2@55.593C soc0@57.343C gpu@58.5C tj@58.343C soc1@57.468C VDD_IN 10176mW/9868mW VDD_CPU_GPU_CV 2915mW/2847mW VDD_SOC 3880mW/3838mW
08-01-2026 01:45:12 RAM 3361/7620MB (lfb 4x2MB) SWAP 7/3810MB (cached 0MB) CPU [0%@1728,90%@1728,0%@1728,0%@1728,0%@729,0%@729] GR3D_FREQ 30% cpu@57.687C soc2@55.656C soc0@57.281C gpu@58.187C tj@58.187C soc1@57.468C VDD_IN 9975mW/9868mW VDD_CPU_GPU_CV 2955mW/2847mW VDD_SOC 3880mW/3838mW
08-01-2026 01:45:13 RAM 3361/7620MB (lfb 4x2MB) SWAP 7/3810MB (cached 0MB) CPU [2%@1728,46%@1728,44%@1728,0%@1728,0%@729,0%@729] GR3D_FREQ 30% cpu@58.156C soc2@55.562C soc0@57.375C gpu@58.281C tj@58.281C soc1@57.5C VDD_IN 9935mW/9868mW VDD_CPU_GPU_CV 2875mW/2847mW VDD_SOC 3880mW/3838mW
08-01-2026 01:45:14 RAM 3361/7620MB (lfb 4x2MB) SWAP 7/3810MB (cached 0MB) CPU [40%@1728,1%@1728,46%@1728,1%@1728,0%@729,0%@729] GR3D_FREQ 26% cpu@57.781C soc2@55.812C soc0@57.343C gpu@58.125C tj@58.125C soc1@57.375C VDD_IN 9815mW/9868mW VDD_CPU_GPU_CV 2720mW/2847mW VDD_SOC 3840mW/3838mW
08-01-2026 01:45:15 RAM 3362/7620MB (lfb 4x2MB) SWAP 7/3810MB (cached 0MB) CPU [91%@1728,0%@1728,1%@1728,0%@1728,0%@729,1%@729] GR3D_FREQ 27% cpu@57.906C soc2@55.656C soc0@57.312C gpu@58.312C tj@58.312C soc1@57.343C VDD_IN 10056mW/9868mW VDD_CPU_GPU_CV 2955mW/2847mW VDD_SOC 3880mW/3838mW
08-01-2026 01:45:16 RAM 3362/7620MB (lfb 4x2MB) SWAP 7/3810MB (cached 0MB) CPU [91%@1728,0%@1728,0%@1728,0%@1728,0%@729,0%@729] GR3D_FREQ 27% cpu@58.187C soc2@55.687C soc0@57.25C gpu@58.281C tj@58.281C soc1@57.406C VDD_IN 10096mW/9868mW VDD_CPU_GPU_CV 2995mW/2847mW VDD_SOC 3880mW/3838mW
08-01-2026 01:45:17 RAM 3362/7620MB (lfb 4x2MB) SWAP 7/3810MB (cached 0MB) CPU [89%@1728,0%@1728,0%@1728,0%@1728,0%@729,0%@729] GR3D_FREQ 29% cpu@57.781C soc2@55.718C soc0@57.281C gpu@58.312C tj@58.312C soc1@57.406C VDD_IN 10096mW/9868mW VDD_CPU_GPU_CV 2915mW/2848mW VDD_SOC 3880mW/3838mW
08-01-2026 01:45:18 RAM 3362/7620MB (lfb 4x2MB) SWAP 7/3810MB (cached 0MB) CPU [91%@1728,0%@1728,0%@1728,0%@1728,1%@729,0%@729] GR3D_FREQ 29% cpu@57.781C soc2@55.656C soc0@57.468C gpu@58.312C tj@58.312C soc1@57.437C VDD_IN 10136mW/9868mW VDD_CPU_GPU_CV 2995mW/2848mW VDD_SOC 3920mW/3838mW
08-01-2026 01:45:19 RAM 3362/7620MB (lfb 4x2MB) SWAP 7/3810MB (cached 0MB) CPU [52%@1728,1%@1728,39%@1728,0%@1728,0%@729,0%@729] GR3D_FREQ 29% cpu@58.187C soc2@55.5C soc0@57.312C gpu@58.562C tj@58.562C soc1@57.25C VDD_IN 10176mW/9868mW VDD_CPU_GPU_CV 2995mW/2848mW VDD_SOC 3880mW/3838mW
08-01-2026 01:45:20 RAM 3362/7620MB (lfb 4x2MB) SWAP 7/3810MB (cached 0MB) CPU [1%@1728,1%@1728,90%@1728,0%@1728,0%@729,1%@729] GR3D_FREQ 28% cpu@58.375C soc2@55.562C soc0@57.218C gpu@58.656C tj@58.656C soc1@57.375C VDD_IN 10136mW/9869mW VDD_CPU_GPU_CV 2955mW/2848mW VDD_SOC 3880mW/3838mW
08-01-2026 01:45:21 RAM 3362/7620MB (lfb 4x2MB) SWAP 7/3810MB (cached 0MB) CPU [33%@1728,0%@1728,55%@1728,0%@1728,0%@729,0%@729] GR3D_FREQ 30% cpu@58C soc2@55.593C soc0@57.25C gpu@58.218C tj@58.218C soc1@57.343C VDD_IN 9975mW/9869mW VDD_CPU_GPU_CV 2800mW/2848mW VDD_SOC 3880mW/3838mW
08-01-2026 01:45:22 RAM 3362/7620MB (lfb 4x2MB) SWAP 7/3810MB (cached 0MB) CPU [89%@1728,0%@1728,0%@1728,0%@1728,0%@729,0%@729] GR3D_FREQ 29% cpu@57.718C soc2@55.687C soc0@57.281C gpu@58.218C tj@58.218C soc1@57.5C VDD_IN 10240mW/9869mW VDD_CPU_GPU_CV 3035mW/2848mW VDD_SOC 3920mW/3838mW
08-01-2026 01:45:23 RAM 3362/7620MB (lfb 4x2MB) SWAP 7/3810MB (cached 0MB) CPU [91%@1728,0%@1728,0%@1728,1%@1728,1%@729,0%@729] GR3D_FREQ 29% cpu@57.937C soc2@55.75C soc0@57.375C gpu@58.218C tj@58.218C soc1@57.5C VDD_IN 10320mW/9869mW VDD_CPU_GPU_CV 3154mW/2848mW VDD_SOC 3920mW/3838mW
08-01-2026 01:45:24 RAM 3362/7620MB (lfb 4x2MB) SWAP 7/3810MB (cached 0MB) CPU [57%@1728,35%@1728,0%@1728,0%@1728,0%@729,0%@729] GR3D_FREQ 29% cpu@57.687C soc2@55.656C soc0@57.343C gpu@58.375C tj@58.375C soc1@57.343C VDD_IN 10240mW/9870mW VDD_CPU_GPU_CV 3154mW/2848mW VDD_SOC 3920mW/3839mW
08-01-2026 01:45:25 RAM 3362/7620MB (lfb 4x2MB) SWAP 7/3810MB (cached 0MB) CPU [1%@1728,89%@1728,0%@1728,1%@1728,0%@729,0%@729] GR3D_FREQ 30% cpu@57.718C soc2@55.5C soc0@57.343C gpu@58.343C tj@58.343C soc1@57.312C VDD_IN 10296mW/9870mW VDD_CPU_GPU_CV 3035mW/2848mW VDD_SOC 3920mW/3839mW
08-01-2026 01:45:26 RAM 3362/7620MB (lfb 4x2MB) SWAP 7/3810MB (cached 0MB) CPU [1%@1728,91%@1728,0%@1728,0%@1728,0%@729,0%@729] GR3D_FREQ 29% cpu@58C soc2@55.656C soc0@57.343C gpu@58.406C tj@58.406C soc1@57.343C VDD_IN 10256mW/9870mW VDD_CPU_GPU_CV 3035mW/2849mW VDD_SOC 3960mW/3839mW
08-01-2026 01:45:27 RAM 3362/7620MB (lfb 4x2MB) SWAP 7/3810MB (cached 0MB) CPU [0%@1728,90%@1728,0%@1728,0%@1728,0%@729,0%@729] GR3D_FREQ 30% cpu@57.687C soc2@55.593C soc0@57.406C gpu@58.437C tj@58.437C soc1@57.406C VDD_IN 10240mW/9870mW VDD_CPU_GPU_CV 3115mW/2849mW VDD_SOC 3880mW/3839mW
08-01-2026 01:45:28 RAM 3362/7620MB (lfb 4x2MB) SWAP 7/3810MB (cached 0MB) CPU [1%@1728,90%@1728,0%@1728,0%@1728,0%@729,0%@729] GR3D_FREQ 30% cpu@57.75C soc2@55.687C soc0@57.312C gpu@58.437C tj@58.437C soc1@57.5C VDD_IN 10216mW/9871mW VDD_CPU_GPU_CV 3075mW/2849mW VDD_SOC 3920mW/3839mW
08-01-2026 01:45:29 RAM 3362/7620MB (lfb 4x2MB) SWAP 7/3810MB (cached 0MB) CPU [1%@1728,90%@1728,0%@1728,1%@1728,1%@729,0%@729] GR3D_FREQ 30% cpu@57.718C soc2@55.656C soc0@57.343C gpu@58.437C tj@58.437C soc1@57.312C VDD_IN 10176mW/9871mW VDD_CPU_GPU_CV 3035mW/2849mW VDD_SOC 3920mW/3839mW
08-01-2026 01:45:30 RAM 3362/7620MB (lfb 4x2MB) SWAP 7/3810MB (cached 0MB) CPU [0%@1728,90%@1728,0%@1728,0%@1728,0%@729,0%@729] GR3D_FREQ 30% cpu@57.812C soc2@55.5C soc0@57.312C gpu@58.312C tj@58.312C soc1@57.312C VDD_IN 10136mW/9871mW VDD_CPU_GPU_CV 3035mW/2849mW VDD_SOC 3920mW/3839mW
08-01-2026 01:45:31 RAM 3362/7620MB (lfb 4x2MB) SWAP 7/3810MB (cached 0MB) CPU [2%@1728,89%@1728,0%@1728,0%@1728,0%@729,0%@729] GR3D_FREQ 28% cpu@57.843C soc2@55.625C soc0@57.281C gpu@58.5C tj@58.5C soc1@57.343C VDD_IN 10136mW/9871mW VDD_CPU_GPU_CV 2995mW/2849mW VDD_SOC 3880mW/3839mW
08-01-2026 01:45:32 RAM 3362/7620MB (lfb 4x2MB) SWAP 7/3810MB (cached 0MB) CPU [1%@1728,90%@1728,0%@1728,1%@1728,0%@729,1%@729] GR3D_FREQ 30% cpu@57.656C soc2@55.625C soc0@57.187C gpu@58.25C tj@58.25C soc1@57.375C VDD_IN 10016mW/9871mW VDD_CPU_GPU_CV 3035mW/2849mW VDD_SOC 3920mW/3839mW
08-01-2026 01:45:33 RAM 3362/7620MB (lfb 4x2MB) SWAP 7/3810MB (cached 0MB) CPU [2%@1728,90%@1728,0%@1728,0%@1728,1%@729,0%@729] GR3D_FREQ 28% cpu@57.593C soc2@55.656C soc0@57.312C gpu@58.218C tj@58.218C soc1@57.5C VDD_IN 10096mW/9871mW VDD_CPU_GPU_CV 3035mW/2849mW VDD_SOC 3920mW/3839mW
08-01-2026 01:45:34 RAM 3362/7620MB (lfb 4x2MB) SWAP 7/3810MB (cached 0MB) CPU [1%@1728,90%@1728,0%@1728,1%@1728,0%@729,0%@729] GR3D_FREQ 28% cpu@57.687C soc2@55.75C soc0@57.343C gpu@58.218C tj@58.218C soc1@57.343C VDD_IN 10056mW/9871mW VDD_CPU_GPU_CV 2995mW/2850mW VDD_SOC 3920mW/3839mW
08-01-2026 01:45:35 RAM 3362/7620MB (lfb 4x2MB) SWAP 7/3810MB (cached 0MB) CPU [0%@1728,90%@1728,0%@1728,0%@1728,0%@729,0%@729] GR3D_FREQ 30% cpu@57.781C soc2@55.531C soc0@57.406C gpu@58.25C tj@58.25C soc1@57.406C VDD_IN 10176mW/9872mW VDD_CPU_GPU_CV 2995mW/2850mW VDD_SOC 3880mW/3839mW
08-01-2026 01:45:36 RAM 3362/7620MB (lfb 4x2MB) SWAP 7/3810MB (cached 0MB) CPU [1%@1728,49%@1728,41%@1728,1%@1728,1%@729,0%@729] GR3D_FREQ 28% cpu@58.343C soc2@55.5C soc0@57.25C gpu@58.187C tj@58.343C soc1@57.343C VDD_IN 10056mW/9872mW VDD_CPU_GPU_CV 2955mW/2850mW VDD_SOC 3880mW/3839mW
08-01-2026 01:45:37 RAM 3362/7620MB (lfb 4x2MB) SWAP 7/3810MB (cached 0MB) CPU [1%@1728,0%@1728,90%@1728,0%@1728,0%@729,0%@729] GR3D_FREQ 30% cpu@58.281C soc2@55.5C soc0@57.281C gpu@58.25C tj@58.281C soc1@57.468C VDD_IN 10136mW/9872mW VDD_CPU_GPU_CV 2915mW/2850mW VDD_SOC 3840mW/3839mW
08-01-2026 01:45:38 RAM 3362/7620MB (lfb 4x2MB) SWAP 7/3810MB (cached 0MB) CPU [1%@1728,0%@1728,90%@1728,0%@1728,0%@729,0%@729] GR3D_FREQ 30% cpu@58.093C soc2@55.656C soc0@57.281C gpu@58.281C tj@58.281C soc1@57.406C VDD_IN 9975mW/9872mW VDD_CPU_GPU_CV 2955mW/2850mW VDD_SOC 3880mW/3839mW
08-01-2026 01:45:39 RAM 3362/7620MB (lfb 4x2MB) SWAP 7/3810MB (cached 0MB) CPU [0%@1728,0%@1728,91%@1728,1%@1728,0%@729,0%@729] GR3D_FREQ 30% cpu@58.218C soc2@55.593C soc0@57.406C gpu@58.312C tj@58.312C soc1@57.281C VDD_IN 10056mW/9872mW VDD_CPU_GPU_CV 2920mW/2850mW VDD_SOC 3840mW/3839mW
08-01-2026 01:45:40 RAM 3362/7620MB (lfb 4x2MB) SWAP 7/3810MB (cached 0MB) CPU [1%@729,0%@729,53%@729,0%@729,36%@1728,0%@1728] GR3D_FREQ 29% cpu@57.843C soc2@55.593C soc0@57.5C gpu@58.5C tj@58.5C soc1@57.375C VDD_IN 9935mW/9872mW VDD_CPU_GPU_CV 2875mW/2850mW VDD_SOC 3880mW/3839mW
08-01-2026 01:45:41 RAM 3362/7620MB (lfb 4x2MB) SWAP 7/3810MB (cached 0MB) CPU [1%@729,1%@729,0%@729,0%@729,51%@1728,39%@1728] GR3D_FREQ 29% cpu@57.687C soc2@55.5C soc0@57.187C gpu@58.531C tj@58.531C soc1@57.312C VDD_IN 10016mW/9872mW VDD_CPU_GPU_CV 2960mW/2850mW VDD_SOC 3840mW/3839mW
08-01-2026 01:45:42 RAM 3362/7620MB (lfb 4x2MB) SWAP 7/3810MB (cached 0MB) CPU [1%@729,0%@729,1%@729,1%@729,0%@1728,90%@1728] GR3D_FREQ 29% cpu@57.687C soc2@55.5C soc0@57.281C gpu@58.593C tj@58.593C soc1@57.375C VDD_IN 9975mW/9872mW VDD_CPU_GPU_CV 2955mW/2850mW VDD_SOC 3880mW/3839mW
08-01-2026 01:45:43 RAM 3362/7620MB (lfb 4x2MB) SWAP 7/3810MB (cached 0MB) CPU [1%@729,0%@729,0%@729,1%@729,0%@1728,90%@1728] GR3D_FREQ 30% cpu@57.5C soc2@55.468C soc0@57.312C gpu@58.156C tj@58.156C soc1@57.343C VDD_IN 9855mW/9872mW VDD_CPU_GPU_CV 2875mW/2850mW VDD_SOC 3840mW/3839mW
08-01-2026 01:45:44 RAM 3362/7620MB (lfb 4x2MB) SWAP 7/3810MB (cached 0MB) CPU [0%@729,0%@729,0%@729,0%@729,0%@1728,90%@1728] GR3D_FREQ 30% cpu@57.593C soc2@55.5C soc0@57.281C gpu@58.156C tj@58.156C soc1@57.218C VDD_IN 9975mW/9872mW VDD_CPU_GPU_CV 2880mW/2850mW VDD_SOC 3840mW/3839mW
08-01-2026 01:45:45 RAM 3363/7620MB (lfb 4x2MB) SWAP 7/3810MB (cached 0MB) CPU [1%@729,0%@729,0%@729,0%@729,0%@1728,90%@1728] GR3D_FREQ 28% cpu@57.656C soc2@55.437C soc0@57.531C gpu@58.218C tj@58.218C soc1@57.25C VDD_IN 9895mW/9872mW VDD_CPU_GPU_CV 2880mW/2850mW VDD_SOC 3840mW/3839mW
08-01-2026 01:45:46 RAM 3363/7620MB (lfb 4x2MB) SWAP 7/3810MB (cached 0MB) CPU [1%@729,0%@729,0%@729,1%@729,46%@1728,43%@1728] GR3D_FREQ 30% cpu@57.812C soc2@55.5C soc0@57.281C gpu@58.312C tj@58.312C soc1@57.312C VDD_IN 9895mW/9872mW VDD_CPU_GPU_CV 2835mW/2850mW VDD_SOC 3840mW/3839mW
08-01-2026 01:45:47 RAM 3363/7620MB (lfb 4x2MB) SWAP 7/3810MB (cached 0MB) CPU [1%@729,0%@729,1%@729,1%@729,43%@1728,46%@1728] GR3D_FREQ 28% cpu@57.625C soc2@55.531C soc0@57.281C gpu@58.281C tj@58.281C soc1@57.406C VDD_IN 9895mW/9872mW VDD_CPU_GPU_CV 2795mW/2850mW VDD_SOC 3840mW/3839mW
08-01-2026 01:45:48 RAM 3363/7620MB (lfb 4x2MB) SWAP 7/3810MB (cached 0MB) CPU [2%@729,0%@729,0%@729,0%@729,0%@1728,90%@1728] GR3D_FREQ 29% cpu@57.562C soc2@55.625C soc0@57.25C gpu@58.125C tj@58.125C soc1@57.281C VDD_IN 9855mW/9872mW VDD_CPU_GPU_CV 2795mW/2850mW VDD_SOC 3840mW/3839mW
08-01-2026 01:45:49 RAM 3363/7620MB (lfb 4x2MB) SWAP 7/3810MB (cached 0MB) CPU [0%@729,0%@729,0%@729,0%@729,0%@1728,90%@1728] GR3D_FREQ 30% cpu@57.625C soc2@55.406C soc0@57.375C gpu@58.156C tj@58.156C soc1@57.312C VDD_IN 9815mW/9872mW VDD_CPU_GPU_CV 2835mW/2850mW VDD_SOC 3840mW/3839mW
08-01-2026 01:45:50 RAM 3363/7620MB (lfb 4x2MB) SWAP 7/3810MB (cached 0MB) CPU [1%@729,0%@729,1%@729,1%@729,0%@1728,91%@1728] GR3D_FREQ 30% cpu@57.5C soc2@55.437C soc0@57.218C gpu@58.062C tj@58.062C soc1@57.25C VDD_IN 9775mW/9872mW VDD_CPU_GPU_CV 2840mW/2850mW VDD_SOC 3846mW/3839mW
08-01-2026 01:45:51 RAM 3362/7620MB (lfb 1x2MB) SWAP 7/3810MB (cached 0MB) CPU [1%@729,0%@729,1%@729,0%@729,0%@1728,90%@1728] GR3D_FREQ 30% cpu@57.593C soc2@55.437C soc0@57.281C gpu@58.125C tj@58.125C soc1@57.312C VDD_IN 9855mW/9872mW VDD_CPU_GPU_CV 2800mW/2850mW VDD_SOC 3800mW/3839mW
08-01-2026 01:45:52 RAM 3363/7620MB (lfb 1x2MB) SWAP 7/3810MB (cached 0MB) CPU [1%@729,0%@729,1%@729,0%@729,0%@1728,91%@1728] GR3D_FREQ 30% cpu@57.531C soc2@55.5C soc0@57.281C gpu@58.187C tj@58.187C soc1@57.375C VDD_IN 9775mW/9872mW VDD_CPU_GPU_CV 2800mW/2850mW VDD_SOC 3800mW/3839mW
08-01-2026 01:45:53 RAM 3363/7620MB (lfb 1x2MB) SWAP 7/3810MB (cached 0MB) CPU [1%@729,0%@729,0%@729,1%@729,0%@1728,89%@1728] GR3D_FREQ 30% cpu@57.593C soc2@55.531C soc0@57.312C gpu@58.281C tj@58.281C soc1@57.25C VDD_IN 9775mW/9872mW VDD_CPU_GPU_CV 2800mW/2850mW VDD_SOC 3800mW/3839mW
08-01-2026 01:45:54 RAM 3363/7620MB (lfb 1x2MB) SWAP 7/3810MB (cached 0MB) CPU [1%@729,0%@729,1%@729,0%@729,0%@1728,90%@1728] GR3D_FREQ 28% cpu@57.718C soc2@55.375C soc0@57.375C gpu@58.312C tj@58.312C soc1@57.281C VDD_IN 9655mW/9872mW VDD_CPU_GPU_CV 2680mW/2850mW VDD_SOC 3806mW/3839mW
08-01-2026 01:45:55 RAM 3363/7620MB (lfb 1x2MB) SWAP 7/3810MB (cached 0MB) CPU [1%@729,0%@729,1%@729,1%@729,0%@1728,90%@1728] GR3D_FREQ 28% cpu@57.781C soc2@55.406C soc0@57.25C gpu@58.156C tj@58.156C soc1@57.375C VDD_IN 9695mW/9872mW VDD_CPU_GPU_CV 2760mW/2850mW VDD_SOC 3806mW/3839mW
08-01-2026 01:45:56 RAM 3363/7620MB (lfb 1x2MB) SWAP 7/3810MB (cached 0MB) CPU [1%@729,0%@729,0%@729,1%@729,0%@1728,90%@1728] GR3D_FREQ 30% cpu@57.468C soc2@55.468C soc0@57.281C gpu@58.093C tj@58.093C soc1@57.375C VDD_IN 9575mW/9872mW VDD_CPU_GPU_CV 2680mW/2850mW VDD_SOC 3766mW/3839mW
08-01-2026 01:45:57 RAM 3364/7620MB (lfb 1x2MB) SWAP 7/3810MB (cached 0MB) CPU [1%@729,0%@729,0%@729,1%@729,0%@1728,90%@1728] GR3D_FREQ 30% cpu@57.625C soc2@55.375C soc0@57.312C gpu@58.093C tj@58.093C soc1@57.25C VDD_IN 9655mW/9872mW VDD_CPU_GPU_CV 2720mW/2850mW VDD_SOC 3766mW/3839mW
08-01-2026 01:45:58 RAM 3364/7620MB (lfb 1x2MB) SWAP 7/3810MB (cached 0MB) CPU [0%@729,0%@729,0%@729,0%@729,59%@1728,32%@1728] GR3D_FREQ 36% cpu@57.875C soc2@55.437C soc0@57.343C gpu@58.312C tj@58.312C soc1@57.187C VDD_IN 9535mW/9871mW VDD_CPU_GPU_CV 2720mW/2849mW VDD_SOC 3766mW/3839mW
08-01-2026 01:45:59 RAM 3364/7620MB (lfb 1x2MB) SWAP 7/3810MB (cached 0MB) CPU [2%@729,0%@729,0%@729,0%@729,30%@1728,60%@1728] GR3D_FREQ 39% cpu@57.781C soc2@55.5C soc0@57.281C gpu@58.281C tj@58.281C soc1@57.281C VDD_IN 9535mW/9871mW VDD_CPU_GPU_CV 2640mW/2849mW VDD_SOC 3766mW/3839mW
08-01-2026 01:46:00 RAM 3364/7620MB (lfb 1x2MB) SWAP 7/3810MB (cached 0MB) CPU [1%@729,0%@729,1%@729,0%@729,0%@1728,91%@1728] GR3D_FREQ 32% cpu@57.406C soc2@55.5C soc0@57.281C gpu@58.375C tj@58.375C soc1@57.281C VDD_IN 9495mW/9871mW VDD_CPU_GPU_CV 2640mW/2849mW VDD_SOC 3766mW/3839mW
08-01-2026 01:46:01 RAM 3357/7620MB (lfb 6x1MB) SWAP 7/3810MB (cached 0MB) CPU [2%@729,0%@729,1%@729,0%@729,0%@1728,90%@1728] GR3D_FREQ 40% cpu@57.656C soc2@55.375C soc0@57.218C gpu@58.375C tj@58.375C soc1@57.187C VDD_IN 9495mW/9871mW VDD_CPU_GPU_CV 2600mW/2849mW VDD_SOC 3725mW/3839mW
08-01-2026 01:46:02 RAM 3357/7620MB (lfb 6x1MB) SWAP 7/3810MB (cached 0MB) CPU [1%@729,0%@729,0%@729,0%@729,0%@1728,90%@1728] GR3D_FREQ 40% cpu@57.562C soc2@55.343C soc0@57.187C gpu@58.062C tj@58.062C soc1@57.25C VDD_IN 9415mW/9870mW VDD_CPU_GPU_CV 2560mW/2849mW VDD_SOC 3766mW/3839mW
08-01-2026 01:46:03 RAM 3358/7620MB (lfb 6x1MB) SWAP 7/3810MB (cached 0MB) CPU [1%@729,0%@729,0%@729,0%@729,0%@1728,90%@1728] GR3D_FREQ 39% cpu@57.562C soc2@55.375C soc0@57.281C gpu@58C tj@58C soc1@57.312C VDD_IN 9415mW/9870mW VDD_CPU_GPU_CV 2560mW/2849mW VDD_SOC 3725mW/3839mW
08-01-2026 01:46:04 RAM 3358/7620MB (lfb 6x1MB) SWAP 7/3810MB (cached 0MB) CPU [1%@729,0%@729,0%@729,0%@729,0%@1728,89%@1728] GR3D_FREQ 40% cpu@57.437C soc2@55.406C soc0@57.25C gpu@58C tj@58C soc1@57.406C VDD_IN 9415mW/9870mW VDD_CPU_GPU_CV 2560mW/2848mW VDD_SOC 3725mW/3839mW
08-01-2026 01:46:05 RAM 3358/7620MB (lfb 6x1MB) SWAP 7/3810MB (cached 0MB) CPU [1%@1728,65%@1728,0%@1728,0%@1728,0%@729,24%@729] GR3D_FREQ 39% cpu@57.625C soc2@55.5C soc0@57.25C gpu@58.406C tj@58.406C soc1@57.25C VDD_IN 9374mW/9869mW VDD_CPU_GPU_CV 2600mW/2848mW VDD_SOC 3685mW/3838mW
08-01-2026 01:46:06 RAM 3358/7620MB (lfb 6x1MB) SWAP 7/3810MB (cached 0MB) CPU [1%@1728,91%@1728,0%@1728,0%@1728,0%@729,0%@729] GR3D_FREQ 40% cpu@57.75C soc2@55.343C soc0@57.281C gpu@58.312C tj@58.312C soc1@57.187C VDD_IN 9374mW/9869mW VDD_CPU_GPU_CV 2560mW/2848mW VDD_SOC 3725mW/3838mW
08-01-2026 01:46:07 RAM 3358/7620MB (lfb 6x1MB) SWAP 7/3810MB (cached 0MB) CPU [1%@1728,24%@1728,67%@1728,0%@1728,0%@729,0%@729] GR3D_FREQ 40% cpu@58.093C soc2@55.468C soc0@57.25C gpu@58.468C tj@58.468C soc1@57.406C VDD_IN 9415mW/9869mW VDD_CPU_GPU_CV 2480mW/2848mW VDD_SOC 3685mW/3838mW
08-01-2026 01:46:08 RAM 3358/7620MB (lfb 6x1MB) SWAP 7/3810MB (cached 0MB) CPU [1%@1728,0%@1728,90%@1728,0%@1728,0%@729,0%@729] GR3D_FREQ 39% cpu@58.375C soc2@55.5C soc0@57.156C gpu@58.437C tj@58.437C soc1@57.343C VDD_IN 9389mW/9869mW VDD_CPU_GPU_CV 2440mW/2848mW VDD_SOC 3725mW/3838mW
08-01-2026 01:46:09 RAM 3358/7620MB (lfb 6x1MB) SWAP 7/3810MB (cached 0MB) CPU [1%@1728,0%@1728,89%@1728,0%@1728,0%@729,0%@729] GR3D_FREQ 40% cpu@58.031C soc2@55.437C soc0@57.281C gpu@58.468C tj@58.468C soc1@57.375C VDD_IN 9254mW/9868mW VDD_CPU_GPU_CV 2480mW/2847mW VDD_SOC 3725mW/3838mW
08-01-2026 01:46:10 RAM 3358/7620MB (lfb 6x1MB) SWAP 7/3810MB (cached 0MB) CPU [62%@1728,1%@1728,26%@1728,1%@1728,0%@729,0%@729] GR3D_FREQ 38% cpu@57.687C soc2@55.656C soc0@57.281C gpu@57.937C tj@57.937C soc1@57.187C VDD_IN 9174mW/9868mW VDD_CPU_GPU_CV 2360mW/2847mW VDD_SOC 3725mW/3838mW
08-01-2026 01:46:11 RAM 3358/7620MB (lfb 6x1MB) SWAP 7/3810MB (cached 0MB) CPU [91%@1728,0%@1728,0%@1728,0%@1728,0%@729,0%@729] GR3D_FREQ 38% cpu@57.812C soc2@55.5C soc0@57.375C gpu@57.968C tj@57.968C soc1@57.187C VDD_IN 9334mW/9867mW VDD_CPU_GPU_CV 2520mW/2847mW VDD_SOC 3725mW/3838mW
08-01-2026 01:46:12 RAM 3358/7620MB (lfb 6x1MB) SWAP 7/3810MB (cached 0MB) CPU [90%@1728,0%@1728,0%@1728,0%@1728,0%@729,0%@729] GR3D_FREQ 37% cpu@57.656C soc2@55.562C soc0@57.25C gpu@58.156C tj@58.156C soc1@57.25C VDD_IN 9294mW/9867mW VDD_CPU_GPU_CV 2560mW/2847mW VDD_SOC 3766mW/3838mW
08-01-2026 01:46:13 RAM 3358/7620MB (lfb 6x1MB) SWAP 7/3810MB (cached 0MB) CPU [92%@1728,1%@1728,1%@1728,0%@1728,0%@729,0%@729] GR3D_FREQ 40% cpu@57.906C soc2@55.531C soc0@57.218C gpu@58.187C tj@58.187C soc1@57.281C VDD_IN 9415mW/9867mW VDD_CPU_GPU_CV 2560mW/2846mW VDD_SOC 3725mW/3838mW
08-01-2026 01:46:14 RAM 3358/7620MB (lfb 6x1MB) SWAP 7/3810MB (cached 0MB) CPU [90%@1728,0%@1728,0%@1728,0%@1728,0%@729,0%@729] GR3D_FREQ 36% cpu@57.656C soc2@55.562C soc0@57.25C gpu@58.187C tj@58.187C soc1@57.343C VDD_IN 9415mW/9866mW VDD_CPU_GPU_CV 2560mW/2846mW VDD_SOC 3725mW/3838mW
08-01-2026 01:46:15 RAM 3359/7620MB (lfb 6x1MB) SWAP 7/3810MB (cached 0MB) CPU [91%@1728,1%@1728,0%@1728,0%@1728,0%@729,0%@729] GR3D_FREQ 37% cpu@57.781C soc2@55.687C soc0@57.281C gpu@58.125C tj@58.125C soc1@57.156C VDD_IN 9415mW/9866mW VDD_CPU_GPU_CV 2600mW/2846mW VDD_SOC 3725mW/3838mW
08-01-2026 01:46:16 RAM 3359/7620MB (lfb 6x1MB) SWAP 7/3810MB (cached 0MB) CPU [27%@1728,0%@1728,0%@1728,62%@1728,0%@729,0%@729] GR3D_FREQ 37% cpu@57.937C soc2@55.468C soc0@57.406C gpu@58.156C tj@58.156C soc1@57.187C VDD_IN 9495mW/9866mW VDD_CPU_GPU_CV 2560mW/2846mW VDD_SOC 3725mW/3838mW
08-01-2026 01:46:17 RAM 3359/7620MB (lfb 6x1MB) SWAP 7/3810MB (cached 0MB) CPU [63%@1728,0%@1728,0%@1728,28%@1728,0%@729,0%@729] GR3D_FREQ 36% cpu@57.75C soc2@55.562C soc0@57.281C gpu@58.312C tj@58.312C soc1@57.218C VDD_IN 9495mW/9866mW VDD_CPU_GPU_CV 2600mW/2846mW VDD_SOC 3725mW/3838mW
08-01-2026 01:46:18 RAM 3363/7620MB (lfb 1x2MB) SWAP 7/3810MB (cached 0MB) CPU [29%@1728,63%@1728,0%@1728,0%@1728,3%@729,0%@729] GR3D_FREQ 38% cpu@57.875C soc2@55.375C soc0@57.187C gpu@58.218C tj@58.031C soc1@57.218C VDD_IN 9535mW/9865mW VDD_CPU_GPU_CV 2600mW/2846mW VDD_SOC 3720mW/3838mW
08-01-2026 01:46:19 RAM 3363/7620MB (lfb 1x2MB) SWAP 7/3810MB (cached 0MB) CPU [0%@1728,91%@1728,0%@1728,0%@1728,0%@729,0%@729] GR3D_FREQ 39% cpu@57.437C soc2@55.562C soc0@57.218C gpu@57.968C tj@57.968C soc1@57.375C VDD_IN 9495mW/9865mW VDD_CPU_GPU_CV 2600mW/2845mW VDD_SOC 3766mW/3837mW
08-01-2026 01:46:20 RAM 3363/7620MB (lfb 1x2MB) SWAP 7/3810MB (cached 0MB) CPU [1%@1728,24%@1728,0%@1728,65%@1728,0%@729,0%@729] GR3D_FREQ 39% cpu@57.781C soc2@55.406C soc0@57.281C gpu@58.093C tj@58.093C soc1@57.125C VDD_IN 9374mW/9865mW VDD_CPU_GPU_CV 2560mW/2845mW VDD_SOC 3725mW/3837mW
08-01-2026 01:46:21 RAM 3363/7620MB (lfb 1x2MB) SWAP 7/3810MB (cached 0MB) CPU [1%@1728,1%@1728,0%@1728,91%@1728,0%@729,0%@729] GR3D_FREQ 40% cpu@57.968C soc2@55.406C soc0@57.281C gpu@58.062C tj@58.062C soc1@57.125C VDD_IN 9415mW/9865mW VDD_CPU_GPU_CV 2560mW/2845mW VDD_SOC 3725mW/3837mW
08-01-2026 01:46:22 RAM 3363/7620MB (lfb 1x2MB) SWAP 7/3810MB (cached 0MB) CPU [1%@1728,67%@1728,0%@1728,23%@1728,0%@729,0%@729] GR3D_FREQ 39% cpu@57.75C soc2@55.406C soc0@57.281C gpu@58C tj@58C soc1@57.281C VDD_IN 9334mW/9864mW VDD_CPU_GPU_CV 2560mW/2845mW VDD_SOC 3725mW/3837mW
08-01-2026 01:46:23 RAM 3373/7620MB (lfb 1x2MB) SWAP 7/3810MB (cached 0MB) CPU [5%@729,83%@729,9%@729,4%@729,12%@1728,2%@1728] GR3D_FREQ 39% cpu@57.843C soc2@55.437C soc0@57.25C gpu@58.031C tj@58.031C soc1@57.312C VDD_IN 9615mW/9864mW VDD_CPU_GPU_CV 2720mW/2845mW VDD_SOC 3720mW/3837mW
08-01-2026 01:46:24 RAM 3372/7620MB (lfb 1x2MB) SWAP 7/3810MB (cached 0MB) CPU [1%@1728,0%@1728,1%@1728,69%@1728,22%@729,0%@729] GR3D_FREQ 37% cpu@57.687C soc2@55.468C soc0@57.156C gpu@58.062C tj@58.062C soc1@57.281C VDD_IN 9334mW/9864mW VDD_CPU_GPU_CV 2560mW/2845mW VDD_SOC 3725mW/3837mW
08-01-2026 01:46:25 RAM 3372/7620MB (lfb 1x2MB) SWAP 7/3810MB (cached 0MB) CPU [1%@1728,1%@1728,0%@1728,90%@1728,0%@729,0%@729] GR3D_FREQ 36% cpu@57.781C soc2@55.406C soc0@57.25C gpu@58.312C tj@58.312C soc1@57.25C VDD_IN 9254mW/9863mW VDD_CPU_GPU_CV 2520mW/2844mW VDD_SOC 3725mW/3837mW
08-01-2026 01:46:26 RAM 3373/7620MB (lfb 1x2MB) SWAP 7/3810MB (cached 0MB) CPU [0%@1728,0%@1728,0%@1728,91%@1728,0%@729,0%@729] GR3D_FREQ 39% cpu@57.906C soc2@55.468C soc0@57.25C gpu@58.343C tj@58.343C soc1@57.125C VDD_IN 9214mW/9863mW VDD_CPU_GPU_CV 2520mW/2844mW VDD_SOC 3725mW/3837mW
08-01-2026 01:46:27 RAM 3373/7620MB (lfb 1x2MB) SWAP 7/3810MB (cached 0MB) CPU [1%@1728,0%@1728,1%@1728,90%@1728,0%@729,0%@729] GR3D_FREQ 38% cpu@57.75C soc2@55.343C soc0@57.187C gpu@58.312C tj@58.312C soc1@57.218C VDD_IN 9214mW/9862mW VDD_CPU_GPU_CV 2480mW/2844mW VDD_SOC 3725mW/3837mW
08-01-2026 01:46:28 RAM 3373/7620MB (lfb 1x2MB) SWAP 7/3810MB (cached 0MB) CPU [1%@1728,0%@1728,0%@1728,90%@1728,0%@729,0%@729] GR3D_FREQ 38% cpu@57.937C soc2@55.406C soc0@57.218C gpu@58.312C tj@58.312C soc1@57.312C VDD_IN 9174mW/9862mW VDD_CPU_GPU_CV 2480mW/2844mW VDD_SOC 3685mW/3837mW
08-01-2026 01:46:29 RAM 3373/7620MB (lfb 1x2MB) SWAP 7/3810MB (cached 0MB) CPU [0%@1728,0%@1728,1%@1728,91%@1728,0%@729,0%@729] GR3D_FREQ 40% cpu@57.687C soc2@55.437C soc0@57.281C gpu@58.437C tj@58.437C soc1@57.343C VDD_IN 9254mW/9862mW VDD_CPU_GPU_CV 2480mW/2844mW VDD_SOC 3685mW/3837mW
08-01-2026 01:46:30 RAM 3373/7620MB (lfb 1x2MB) SWAP 7/3810MB (cached 0MB) CPU [1%@1728,0%@1728,0%@1728,90%@1728,0%@729,0%@729] GR3D_FREQ 40% cpu@57.718C soc2@55.5C soc0@57.281C gpu@58.093C tj@58.093C soc1@57.187C VDD_IN 9254mW/9861mW VDD_CPU_GPU_CV 2480mW/2843mW VDD_SOC 3685mW/3837mW
08-01-2026 01:46:31 RAM 3373/7620MB (lfb 1x2MB) SWAP 7/3810MB (cached 0MB) CPU [1%@1728,1%@1728,4%@1728,86%@1728,0%@729,0%@729] GR3D_FREQ 40% cpu@58C soc2@55.406C soc0@57.406C gpu@58.031C tj@58.031C soc1@57.187C VDD_IN 9174mW/9861mW VDD_CPU_GPU_CV 2480mW/2843mW VDD_SOC 3685mW/3836mW
08-01-2026 01:46:32 RAM 3373/7620MB (lfb 1x2MB) SWAP 7/3810MB (cached 0MB) CPU [0%@1728,0%@1728,0%@1728,90%@1728,0%@729,0%@729] GR3D_FREQ 39% cpu@57.593C soc2@55.437C soc0@57.25C gpu@58.062C tj@58.062C soc1@57.281C VDD_IN 9254mW/9860mW VDD_CPU_GPU_CV 2440mW/2843mW VDD_SOC 3685mW/3836mW
08-01-2026 01:46:33 RAM 3373/7620MB (lfb 1x2MB) SWAP 7/3810MB (cached 0MB) CPU [1%@1728,0%@1728,78%@1728,13%@1728,0%@729,0%@729] GR3D_FREQ 37% cpu@58.312C soc2@55.437C soc0@57.281C gpu@58.093C tj@58.312C soc1@57.343C VDD_IN 9134mW/9860mW VDD_CPU_GPU_CV 2400mW/2843mW VDD_SOC 3685mW/3836mW
08-01-2026 01:46:34 RAM 3373/7620MB (lfb 1x2MB) SWAP 7/3810MB (cached 0MB) CPU [2%@1728,0%@1728,90%@1728,0%@1728,0%@729,0%@729] GR3D_FREQ 40% cpu@57.906C soc2@55.406C soc0@57.187C gpu@58.156C tj@58.156C soc1@57.281C VDD_IN 9189mW/9860mW VDD_CPU_GPU_CV 2360mW/2842mW VDD_SOC 3685mW/3836mW
08-01-2026 01:46:35 RAM 3373/7620MB (lfb 1x2MB) SWAP 7/3810MB (cached 0MB) CPU [1%@1728,0%@1728,90%@1728,0%@1728,0%@729,0%@729] GR3D_FREQ 39% cpu@58.031C soc2@55.531C soc0@57.218C gpu@58.218C tj@58.218C soc1@57.187C VDD_IN 9229mW/9859mW VDD_CPU_GPU_CV 2400mW/2842mW VDD_SOC 3685mW/3836mW
08-01-2026 01:46:36 RAM 3373/7620MB (lfb 1x2MB) SWAP 7/3810MB (cached 0MB) CPU [1%@1728,0%@1728,90%@1728,0%@1728,0%@729,0%@729] GR3D_FREQ 37% cpu@58.25C soc2@55.375C soc0@57.406C gpu@58.281C tj@58.281C soc1@57.218C VDD_IN 9269mW/9859mW VDD_CPU_GPU_CV 2360mW/2842mW VDD_SOC 3685mW/3836mW
08-01-2026 01:46:37 RAM 3373/7620MB (lfb 1x2MB) SWAP 7/3810MB (cached 0MB) CPU [0%@1728,0%@1728,12%@1728,78%@1728,0%@729,0%@729] GR3D_FREQ 37% cpu@57.656C soc2@55.406C soc0@57.218C gpu@58.125C tj@58.125C soc1@57.218C VDD_IN 9054mW/9858mW VDD_CPU_GPU_CV 2440mW/2841mW VDD_SOC 3685mW/3836mW
08-01-2026 01:46:38 RAM 3373/7620MB (lfb 1x2MB) SWAP 7/3810MB (cached 0MB) CPU [1%@1728,0%@1728,0%@1728,91%@1728,0%@729,0%@729] GR3D_FREQ 40% cpu@58.062C soc2@55.437C soc0@57.187C gpu@58.093C tj@58.093C soc1@57.406C VDD_IN 9134mW/9858mW VDD_CPU_GPU_CV 2440mW/2841mW VDD_SOC 3645mW/3836mW
08-01-2026 01:46:39 RAM 3373/7620MB (lfb 1x2MB) SWAP 7/3810MB (cached 0MB) CPU [80%@1728,0%@1728,1%@1728,10%@1728,0%@729,0%@729] GR3D_FREQ 39% cpu@57.625C soc2@55.562C soc0@57.281C gpu@57.968C tj@57.968C soc1@57.375C VDD_IN 9174mW/9857mW VDD_CPU_GPU_CV 2400mW/2841mW VDD_SOC 3645mW/3836mW
08-01-2026 01:46:40 RAM 3373/7620MB (lfb 1x2MB) SWAP 7/3810MB (cached 0MB) CPU [11%@1728,80%@1728,0%@1728,0%@1728,0%@729,0%@729] GR3D_FREQ 39% cpu@57.656C soc2@55.468C soc0@57.281C gpu@58.031C tj@58.031C soc1@57.312C VDD_IN 9189mW/9857mW VDD_CPU_GPU_CV 2360mW/2841mW VDD_SOC 3725mW/3836mW
08-01-2026 01:46:41 RAM 3373/7620MB (lfb 1x2MB) SWAP 7/3810MB (cached 0MB) CPU [1%@1728,89%@1728,0%@1728,0%@1728,0%@729,0%@729] GR3D_FREQ 40% cpu@57.812C soc2@55.5C soc0@57.281C gpu@58.031C tj@58.031C soc1@57.281C VDD_IN 9189mW/9856mW VDD_CPU_GPU_CV 2360mW/2840mW VDD_SOC 3725mW/3836mW
08-01-2026 01:46:42 RAM 3373/7620MB (lfb 1x2MB) SWAP 7/3810MB (cached 0MB) CPU [1%@1728,90%@1728,0%@1728,0%@1728,0%@729,0%@729] GR3D_FREQ 39% cpu@57.531C soc2@55.375C soc0@57.375C gpu@58C tj@58C soc1@57.281C VDD_IN 9134mW/9856mW VDD_CPU_GPU_CV 2400mW/2840mW VDD_SOC 3685mW/3835mW
08-01-2026 01:46:43 RAM 3373/7620MB (lfb 1x2MB) SWAP 7/3810MB (cached 0MB) CPU [80%@1728,11%@1728,1%@1728,0%@1728,0%@729,0%@729] GR3D_FREQ 36% cpu@57.875C soc2@55.531C soc0@57.281C gpu@58C tj@58C soc1@57.281C VDD_IN 9094mW/9856mW VDD_CPU_GPU_CV 2400mW/2840mW VDD_SOC 3685mW/3835mW
08-01-2026 01:46:44 RAM 3373/7620MB (lfb 1x2MB) SWAP 7/3810MB (cached 0MB) CPU [92%@1728,1%@1728,0%@1728,0%@1728,0%@729,0%@729] GR3D_FREQ 39% cpu@57.687C soc2@55.656C soc0@57.312C gpu@58C tj@58C soc1@57.437C VDD_IN 9134mW/9855mW VDD_CPU_GPU_CV 2400mW/2839mW VDD_SOC 3685mW/3835mW
08-01-2026 01:46:45 RAM 3373/7620MB (lfb 1x2MB) SWAP 7/3810MB (cached 0MB) CPU [91%@1728,0%@1728,0%@1728,0%@1728,0%@729,0%@729] GR3D_FREQ 39% cpu@57.75C soc2@55.593C soc0@57.281C gpu@58C tj@58C soc1@57.437C VDD_IN 9134mW/9855mW VDD_CPU_GPU_CV 2400mW/2839mW VDD_SOC 3685mW/3835mW
08-01-2026 01:46:46 RAM 3373/7620MB (lfb 1x2MB) SWAP 7/3810MB (cached 0MB) CPU [12%@1728,0%@1728,78%@1728,0%@1728,0%@729,0%@729] GR3D_FREQ 39% cpu@58.25C soc2@55.656C soc0@57.312C gpu@58.031C tj@58.343C soc1@57.25C VDD_IN 9014mW/9854mW VDD_CPU_GPU_CV 2400mW/2839mW VDD_SOC 3725mW/3835mW
08-01-2026 01:46:47 RAM 3373/7620MB (lfb 1x2MB) SWAP 7/3810MB (cached 0MB) CPU [2%@1728,1%@1728,90%@1728,0%@1728,0%@729,0%@729] GR3D_FREQ 38% cpu@58.156C soc2@55.437C soc0@57.375C gpu@58.281C tj@58.281C soc1@57.25C VDD_IN 9014mW/9854mW VDD_CPU_GPU_CV 2360mW/2838mW VDD_SOC 3725mW/3835mW
08-01-2026 01:46:48 RAM 3373/7620MB (lfb 1x2MB) SWAP 7/3810MB (cached 0MB) CPU [0%@1728,78%@1728,12%@1728,0%@1728,0%@729,0%@729] GR3D_FREQ 39% cpu@57.781C soc2@55.562C soc0@57.25C gpu@58.343C tj@58.343C soc1@57.312C VDD_IN 9189mW/9853mW VDD_CPU_GPU_CV 2400mW/2838mW VDD_SOC 3685mW/3835mW
08-01-2026 01:46:49 RAM 3373/7620MB (lfb 1x2MB) SWAP 7/3810MB (cached 0MB) CPU [1%@1728,11%@1728,79%@1728,0%@1728,0%@729,0%@729] GR3D_FREQ 38% cpu@58.125C soc2@55.437C soc0@57.25C gpu@58.406C tj@58.406C soc1@57.25C VDD_IN 9174mW/9853mW VDD_CPU_GPU_CV 2400mW/2838mW VDD_SOC 3685mW/3835mW
08-01-2026 01:46:50 RAM 3374/7620MB (lfb 1x2MB) SWAP 7/3810MB (cached 0MB) CPU [2%@1728,0%@1728,90%@1728,0%@1728,1%@729,0%@729] GR3D_FREQ 40% cpu@58C soc2@55.468C soc0@57.312C gpu@58.375C tj@58.375C soc1@57.437C VDD_IN 9068mW/9852mW VDD_CPU_GPU_CV 2360mW/2838mW VDD_SOC 3725mW/3835mW
08-01-2026 01:46:51 RAM 3374/7620MB (lfb 1x2MB) SWAP 7/3810MB (cached 0MB) CPU [1%@1728,0%@1728,90%@1728,0%@1728,0%@729,0%@729] GR3D_FREQ 39% cpu@58.031C soc2@55.562C soc0@57.343C gpu@58.375C tj@58.375C soc1@57.218C VDD_IN 9189mW/9852mW VDD_CPU_GPU_CV 2360mW/2837mW VDD_SOC 3685mW/3835mW
08-01-2026 01:46:52 RAM 3374/7620MB (lfb 1x2MB) SWAP 7/3810MB (cached 0MB) CPU [1%@1728,0%@1728,10%@1728,81%@1728,0%@729,0%@729] GR3D_FREQ 39% cpu@57.812C soc2@55.437C soc0@57.343C gpu@58.406C tj@58.406C soc1@57.25C VDD_IN 9174mW/9851mW VDD_CPU_GPU_CV 2400mW/2837mW VDD_SOC 3685mW/3835mW
08-01-2026 01:46:53 RAM 3374/7620MB (lfb 1x2MB) SWAP 7/3810MB (cached 0MB) CPU [2%@1728,1%@1728,0%@1728,89%@1728,0%@729,0%@729] GR3D_FREQ 39% cpu@58C soc2@55.343C soc0@57.281C gpu@58.468C tj@58.468C soc1@57.281C VDD_IN 9134mW/9851mW VDD_CPU_GPU_CV 2400mW/2837mW VDD_SOC 3685mW/3834mW
08-01-2026 01:46:54 RAM 3374/7620MB (lfb 1x2MB) SWAP 7/3810MB (cached 0MB) CPU [1%@1728,0%@1728,0%@1728,89%@1728,0%@729,0%@729] GR3D_FREQ 39% cpu@57.75C soc2@55.5C soc0@57.281C gpu@58.468C tj@58.468C soc1@57.406C VDD_IN 9254mW/9851mW VDD_CPU_GPU_CV 2403mW/2836mW VDD_SOC 3645mW/3834mW
08-01-2026 01:46:55 RAM 3374/7620MB (lfb 1x2MB) SWAP 7/3810MB (cached 0MB) CPU [1%@1728,0%@1728,82%@1728,9%@1728,0%@729,0%@729] GR3D_FREQ 40% cpu@57.968C soc2@55.437C soc0@57.281C gpu@58.156C tj@58.156C soc1@57.406C VDD_IN 9109mW/9850mW VDD_CPU_GPU_CV 2360mW/2836mW VDD_SOC 3685mW/3834mW
08-01-2026 01:46:56 RAM 3374/7620MB (lfb 1x2MB) SWAP 7/3810MB (cached 0MB) CPU [1%@1728,0%@1728,90%@1728,0%@1728,0%@729,0%@729] GR3D_FREQ 38% cpu@58.031C soc2@55.437C soc0@57.281C gpu@58.125C tj@58.125C soc1@57.187C VDD_IN 9054mW/9850mW VDD_CPU_GPU_CV 2360mW/2836mW VDD_SOC 3685mW/3834mW
08-01-2026 01:46:57 RAM 3374/7620MB (lfb 1x2MB) SWAP 7/3810MB (cached 0MB) CPU [0%@1728,1%@1728,9%@1728,80%@1728,0%@729,0%@729] GR3D_FREQ 39% cpu@57.843C soc2@55.375C soc0@57.343C gpu@58.156C tj@58.156C soc1@57.218C VDD_IN 9229mW/9849mW VDD_CPU_GPU_CV 2360mW/2836mW VDD_SOC 3685mW/3834mW
08-01-2026 01:46:58 RAM 3374/7620MB (lfb 1x2MB) SWAP 7/3810MB (cached 0MB) CPU [2%@1728,1%@1728,0%@1728,87%@1728,0%@729,0%@729] GR3D_FREQ 39% cpu@58C soc2@55.375C soc0@57.25C gpu@58.125C tj@58.125C soc1@57.25C VDD_IN 9094mW/9849mW VDD_CPU_GPU_CV 2360mW/2835mW VDD_SOC 3645mW/3834mW
08-01-2026 01:46:59 RAM 3374/7620MB (lfb 1x2MB) SWAP 7/3810MB (cached 0MB) CPU [1%@1728,0%@1728,0%@1728,90%@1728,0%@729,0%@729] GR3D_FREQ 37% cpu@57.812C soc2@55.562C soc0@57.281C gpu@58.218C tj@58.218C soc1@57.375C VDD_IN 9174mW/9848mW VDD_CPU_GPU_CV 2400mW/2835mW VDD_SOC 3685mW/3834mW
08-01-2026 01:47:00 RAM 3374/7620MB (lfb 1x2MB) SWAP 7/3810MB (cached 0MB) CPU [0%@1728,79%@1728,0%@1728,11%@1728,0%@729,0%@729] GR3D_FREQ 40% cpu@57.875C soc2@55.468C soc0@57.25C gpu@58.093C tj@58.093C soc1@57.343C VDD_IN 9174mW/9848mW VDD_CPU_GPU_CV 2440mW/2835mW VDD_SOC 3685mW/3834mW
08-01-2026 01:47:01 RAM 3374/7620MB (lfb 1x2MB) SWAP 7/3810MB (cached 0MB) CPU [2%@1728,90%@1728,1%@1728,0%@1728,0%@729,0%@729] GR3D_FREQ 40% cpu@57.562C soc2@55.531C soc0@57.312C gpu@58.187C tj@58.187C soc1@57.468C VDD_IN 9189mW/9847mW VDD_CPU_GPU_CV 2400mW/2834mW VDD_SOC 3685mW/3834mW
08-01-2026 01:47:02 RAM 3358/7620MB (lfb 7x1MB) SWAP 7/3810MB (cached 0MB) CPU [0%@1728,91%@1728,0%@1728,0%@1728,0%@729,0%@729] GR3D_FREQ 40% cpu@57.562C soc2@55.531C soc0@57.375C gpu@58.281C tj@58.281C soc1@57.25C VDD_IN 9149mW/9847mW VDD_CPU_GPU_CV 2400mW/2834mW VDD_SOC 3725mW/3834mW
08-01-2026 01:47:03 RAM 3358/7620MB (lfb 7x1MB) SWAP 7/3810MB (cached 0MB) CPU [1%@1728,89%@1728,1%@1728,0%@1728,0%@729,0%@729] GR3D_FREQ 38% cpu@57.75C soc2@55.531C soc0@57.312C gpu@58.281C tj@58.281C soc1@57.281C VDD_IN 9094mW/9846mW VDD_CPU_GPU_CV 2400mW/2834mW VDD_SOC 3685mW/3833mW
08-01-2026 01:47:04 RAM 3358/7620MB (lfb 7x1MB) SWAP 7/3810MB (cached 0MB) CPU [1%@1728,9%@1728,0%@1728,81%@1728,0%@729,0%@729] GR3D_FREQ 39% cpu@57.812C soc2@55.468C soc0@57.187C gpu@58.218C tj@58.062C soc1@57.406C VDD_IN 9134mW/9846mW VDD_CPU_GPU_CV 2400mW/2834mW VDD_SOC 3685mW/3833mW
08-01-2026 01:47:05 RAM 3358/7620MB (lfb 7x1MB) SWAP 7/3810MB (cached 0MB) CPU [1%@1728,0%@1728,0%@1728,90%@1728,0%@729,0%@729] GR3D_FREQ 40% cpu@58.218C soc2@55.437C soc0@57.25C gpu@58.062C tj@58.218C soc1@57.375C VDD_IN 9134mW/9846mW VDD_CPU_GPU_CV 2360mW/2833mW VDD_SOC 3645mW/3833mW
08-01-2026 01:47:06 RAM 3358/7620MB (lfb 7x1MB) SWAP 7/3810MB (cached 0MB) CPU [2%@1728,0%@1728,0%@1728,90%@1728,1%@729,0%@729] GR3D_FREQ 36% cpu@57.812C soc2@55.468C soc0@57.312C gpu@58.093C tj@58.093C soc1@57.468C VDD_IN 9109mW/9845mW VDD_CPU_GPU_CV 2360mW/2833mW VDD_SOC 3685mW/3833mW
08-01-2026 01:47:07 RAM 3358/7620MB (lfb 7x1MB) SWAP 7/3810MB (cached 0MB) CPU [1%@1728,0%@1728,0%@1728,90%@1728,0%@729,0%@729] GR3D_FREQ 36% cpu@57.843C soc2@55.593C soc0@57.281C gpu@58.031C tj@58.031C soc1@57.218C VDD_IN 9134mW/9845mW VDD_CPU_GPU_CV 2400mW/2833mW VDD_SOC 3645mW/3833mW
08-01-2026 01:47:08 RAM 3358/7620MB (lfb 7x1MB) SWAP 7/3810MB (cached 0MB) CPU [1%@1728,0%@1728,0%@1728,90%@1728,0%@729,0%@729] GR3D_FREQ 37% cpu@57.937C soc2@55.437C soc0@57.437C gpu@58.093C tj@58.093C soc1@57.312C VDD_IN 9149mW/9844mW VDD_CPU_GPU_CV 2360mW/2833mW VDD_SOC 3645mW/3833mW
08-01-2026 01:47:09 RAM 3358/7620MB (lfb 7x1MB) SWAP 7/3810MB (cached 0MB) CPU [0%@1728,0%@1728,0%@1728,90%@1728,1%@729,1%@729] GR3D_FREQ 40% cpu@57.906C soc2@55.468C soc0@57.281C gpu@58.093C tj@58.093C soc1@57.343C VDD_IN 9189mW/9844mW VDD_CPU_GPU_CV 2360mW/2832mW VDD_SOC 3645mW/3833mW
08-01-2026 01:47:10 RAM 3358/7620MB (lfb 7x1MB) SWAP 7/3810MB (cached 0MB) CPU [1%@1728,0%@1728,0%@1728,90%@1728,0%@729,0%@729] GR3D_FREQ 39% cpu@57.937C soc2@55.5C soc0@57.25C gpu@58.062C tj@58.062C soc1@57.281C VDD_IN 9229mW/9843mW VDD_CPU_GPU_CV 2363mW/2832mW VDD_SOC 3605mW/3833mW
08-01-2026 01:47:11 RAM 3358/7620MB (lfb 7x1MB) SWAP 7/3810MB (cached 0MB) CPU [0%@1728,0%@1728,0%@1728,91%@1728,0%@729,0%@729] GR3D_FREQ 40% cpu@57.875C soc2@55.593C soc0@57.281C gpu@58.093C tj@58.093C soc1@57.312C VDD_IN 9109mW/9843mW VDD_CPU_GPU_CV 2320mW/2832mW VDD_SOC 3645mW/3833mW
08-01-2026 01:47:12 RAM 3358/7620MB (lfb 7x1MB) SWAP 7/3810MB (cached 0MB) CPU [89%@1728,0%@1728,0%@1728,2%@1728,0%@729,0%@729] GR3D_FREQ 39% cpu@57.718C soc2@55.625C soc0@57.343C gpu@58.343C tj@58.343C soc1@57.281C VDD_IN 9068mW/9843mW VDD_CPU_GPU_CV 2320mW/2831mW VDD_SOC 3645mW/3832mW
08-01-2026 01:47:13 RAM 3357/7620MB (lfb 7x1MB) SWAP 7/3810MB (cached 0MB) CPU [91%@1728,0%@1728,0%@1728,0%@1728,0%@729,0%@729] GR3D_FREQ 40% cpu@57.781C soc2@55.5C soc0@57.406C gpu@58.468C tj@58.468C soc1@57.281C VDD_IN 9014mW/9842mW VDD_CPU_GPU_CV 2360mW/2831mW VDD_SOC 3645mW/3832mW
08-01-2026 01:47:14 RAM 3357/7620MB (lfb 7x1MB) SWAP 7/3810MB (cached 0MB) CPU [89%@1728,0%@1728,0%@1728,0%@1728,0%@729,0%@729] GR3D_FREQ 39% cpu@57.812C soc2@55.562C soc0@57.312C gpu@58.437C tj@58.437C soc1@57.375C VDD_IN 9014mW/9841mW VDD_CPU_GPU_CV 2320mW/2831mW VDD_SOC 3645mW/3832mW
08-01-2026 01:47:15 RAM 3358/7620MB (lfb 7x1MB) SWAP 7/3810MB (cached 0MB) CPU [90%@1728,0%@1728,0%@1728,0%@1728,0%@729,0%@729] GR3D_FREQ 39% cpu@58.062C soc2@55.625C soc0@57.25C gpu@58.375C tj@58.375C soc1@57.375C VDD_IN 9068mW/9841mW VDD_CPU_GPU_CV 2320mW/2830mW VDD_SOC 3645mW/3832mW
08-01-2026 01:47:16 RAM 3358/7620MB (lfb 7x1MB) SWAP 7/3810MB (cached 0MB) CPU [4%@1728,88%@1728,0%@1728,0%@1728,0%@729,0%@729] GR3D_FREQ 39% cpu@57.593C soc2@55.5C soc0@57.25C gpu@58.406C tj@58.406C soc1@57.437C VDD_IN 9068mW/9841mW VDD_CPU_GPU_CV 2320mW/2830mW VDD_SOC 3685mW/3832mW
08-01-2026 01:47:17 RAM 3358/7620MB (lfb 7x1MB) SWAP 7/3810MB (cached 0MB) CPU [0%@1728,90%@1728,0%@1728,0%@1728,0%@729,0%@729] GR3D_FREQ 39% cpu@57.593C soc2@55.625C soc0@57.312C gpu@58.468C tj@58.468C soc1@57.25C VDD_IN 9014mW/9840mW VDD_CPU_GPU_CV 2363mW/2830mW VDD_SOC 3645mW/3832mW
08-01-2026 01:47:18 RAM 3358/7620MB (lfb 7x1MB) SWAP 7/3810MB (cached 0MB) CPU [2%@1728,91%@1728,0%@1728,0%@1728,0%@729,0%@729] GR3D_FREQ 39% cpu@57.656C soc2@55.5C soc0@57.375C gpu@58.125C tj@58.125C soc1@57.25C VDD_IN 8974mW/9839mW VDD_CPU_GPU_CV 2403mW/2829mW VDD_SOC 3645mW/3832mW
08-01-2026 01:47:19 RAM 3358/7620MB (lfb 7x1MB) SWAP 7/3810MB (cached 0MB) CPU [1%@1728,89%@1728,0%@1728,0%@1728,0%@729,0%@729] GR3D_FREQ 38% cpu@57.656C soc2@55.468C soc0@57.218C gpu@58.093C tj@58.093C soc1@57.343C VDD_IN 8948mW/9839mW VDD_CPU_GPU_CV 2320mW/2829mW VDD_SOC 3645mW/3832mW
08-01-2026 01:47:20 RAM 3359/7620MB (lfb 7x1MB) SWAP 7/3810MB (cached 0MB) CPU [90%@1728,0%@1728,1%@1728,0%@1728,0%@729,1%@729] GR3D_FREQ 40% cpu@57.906C soc2@55.562C soc0@57.312C gpu@58.125C tj@58.125C soc1@57.343C VDD_IN 9028mW/9838mW VDD_CPU_GPU_CV 2280mW/2829mW VDD_SOC 3645mW/3832mW
08-01-2026 01:47:21 RAM 3359/7620MB (lfb 7x1MB) SWAP 7/3810MB (cached 0MB) CPU [91%@1728,0%@1728,0%@1728,1%@1728,0%@729,0%@729] GR3D_FREQ 22% cpu@57.593C soc2@55.531C soc0@57.125C gpu@58.187C tj@58.187C soc1@57.406C VDD_IN 9028mW/9838mW VDD_CPU_GPU_CV 2320mW/2828mW VDD_SOC 3645mW/3831mW
08-01-2026 01:47:22 RAM 3359/7620MB (lfb 7x1MB) SWAP 7/3810MB (cached 0MB) CPU [90%@1728,0%@1728,0%@1728,0%@1728,0%@729,0%@729] GR3D_FREQ 37% cpu@57.75C soc2@55.593C soc0@57.375C gpu@58.125C tj@58.125C soc1@57.281C VDD_IN 8988mW/9837mW VDD_CPU_GPU_CV 2320mW/2828mW VDD_SOC 3645mW/3831mW
08-01-2026 01:47:23 RAM 3362/7620MB (lfb 7x1MB) SWAP 7/3810MB (cached 0MB) CPU [91%@1728,0%@1728,0%@1728,0%@1728,2%@729,1%@729] GR3D_FREQ 37% cpu@57.781C soc2@55.593C soc0@57.5C gpu@58.25C tj@58.25C soc1@57.281C VDD_IN 9014mW/9837mW VDD_CPU_GPU_CV 2320mW/2828mW VDD_SOC 3645mW/3831mW
08-01-2026 01:47:24 RAM 3362/7620MB (lfb 7x1MB) SWAP 7/3810MB (cached 0MB) CPU [90%@1728,0%@1728,1%@1728,0%@1728,0%@729,0%@729] GR3D_FREQ 39% cpu@57.718C soc2@55.625C soc0@57.281C gpu@57.968C tj@57.968C soc1@57.312C VDD_IN 9028mW/9836mW VDD_CPU_GPU_CV 2280mW/2828mW VDD_SOC 3645mW/3831mW
08-01-2026 01:47:25 RAM 3362/7620MB (lfb 7x1MB) SWAP 7/3810MB (cached 0MB) CPU [1%@1728,91%@1728,0%@1728,1%@1728,0%@729,0%@729] GR3D_FREQ 38% cpu@57.75C soc2@55.468C soc0@57.312C gpu@57.937C tj@57.937C soc1@57.406C VDD_IN 8988mW/9836mW VDD_CPU_GPU_CV 2320mW/2827mW VDD_SOC 3685mW/3831mW
08-01-2026 01:47:26 RAM 3362/7620MB (lfb 7x1MB) SWAP 7/3810MB (cached 0MB) CPU [1%@1728,89%@1728,0%@1728,0%@1728,0%@729,0%@729] GR3D_FREQ 36% cpu@57.5C soc2@55.593C soc0@57.312C gpu@58C tj@58C soc1@57.468C VDD_IN 9109mW/9835mW VDD_CPU_GPU_CV 2360mW/2827mW VDD_SOC 3645mW/3831mW
08-01-2026 01:47:27 RAM 3362/7620MB (lfb 7x1MB) SWAP 7/3810MB (cached 0MB) CPU [0%@1728,90%@1728,0%@1728,0%@1728,0%@729,0%@729] GR3D_FREQ 67% cpu@57.593C soc2@55.625C soc0@57.343C gpu@58.187C tj@58.187C soc1@57.218C VDD_IN 9174mW/9835mW VDD_CPU_GPU_CV 2400mW/2827mW VDD_SOC 3685mW/3831mW
08-01-2026 01:47:28 RAM 3362/7620MB (lfb 7x1MB) SWAP 7/3810MB (cached 0MB) CPU [2%@1728,90%@1728,0%@1728,0%@1728,0%@729,1%@729] GR3D_FREQ 94% cpu@57.718C soc2@55.468C soc0@57.375C gpu@58.312C tj@58.312C soc1@57.343C VDD_IN 9254mW/9835mW VDD_CPU_GPU_CV 2520mW/2826mW VDD_SOC 3725mW/3831mW
08-01-2026 01:47:29 RAM 3362/7620MB (lfb 7x1MB) SWAP 7/3810MB (cached 0MB) CPU [1%@1728,86%@1728,0%@1728,2%@1728,0%@729,0%@729] GR3D_FREQ 34% cpu@57.562C soc2@55.468C soc0@57.281C gpu@58.218C tj@58.218C soc1@57.281C VDD_IN 9068mW/9834mW VDD_CPU_GPU_CV 2283mW/2826mW VDD_SOC 3645mW/3831mW
08-01-2026 01:47:30 RAM 3362/7620MB (lfb 7x1MB) SWAP 7/3810MB (cached 0MB) CPU [4%@1728,1%@1728,1%@1728,87%@1728,0%@729,2%@729] GR3D_FREQ 36% cpu@57.843C soc2@55.531C soc0@57.25C gpu@58.375C tj@58.375C soc1@57.343C VDD_IN 9094mW/9834mW VDD_CPU_GPU_CV 2440mW/2826mW VDD_SOC 3685mW/3831mW
08-01-2026 01:47:31 RAM 3362/7620MB (lfb 7x1MB) SWAP 7/3810MB (cached 0MB) CPU [91%@1728,0%@1728,0%@1728,1%@1728,0%@729,0%@729] GR3D_FREQ 53% cpu@57.656C soc2@55.625C soc0@57.312C gpu@58.468C tj@58.468C soc1@57.468C VDD_IN 9149mW/9833mW VDD_CPU_GPU_CV 2360mW/2826mW VDD_SOC 3685mW/3830mW
08-01-2026 01:47:32 RAM 3362/7620MB (lfb 7x1MB) SWAP 7/3810MB (cached 0MB) CPU [88%@1728,0%@1728,0%@1728,0%@1728,0%@729,0%@729] GR3D_FREQ 38% cpu@57.562C soc2@55.625C soc0@57.375C gpu@58.375C tj@58.375C soc1@57.281C VDD_IN 8988mW/9833mW VDD_CPU_GPU_CV 2320mW/2825mW VDD_SOC 3645mW/3830mW
08-01-2026 01:47:33 RAM 3362/7620MB (lfb 7x1MB) SWAP 7/3810MB (cached 0MB) CPU [92%@1728,0%@1728,0%@1728,0%@1728,1%@729,0%@729] GR3D_FREQ 18% cpu@57.718C soc2@55.593C soc0@57.312C gpu@58.437C tj@58.437C soc1@57.312C VDD_IN 9028mW/9832mW VDD_CPU_GPU_CV 2360mW/2825mW VDD_SOC 3645mW/3830mW
08-01-2026 01:47:34 RAM 3362/7620MB (lfb 7x1MB) SWAP 7/3810MB (cached 0MB) CPU [90%@1728,0%@1728,0%@1728,1%@729,0%@729,0%@729] GR3D_FREQ 40% cpu@57.75C soc2@55.531C soc0@57.281C gpu@58.343C tj@58.343C soc1@57.375C VDD_IN 8988mW/9832mW VDD_CPU_GPU_CV 2280mW/2825mW VDD_SOC 3645mW/3830mW
08-01-2026 01:47:35 RAM 3362/7620MB (lfb 7x1MB) SWAP 7/3810MB (cached 0MB) CPU [89%@1728,0%@1728,0%@1728,0%@1728,0%@729,0%@729] GR3D_FREQ 39% cpu@57.906C soc2@55.531C soc0@57.281C gpu@58.343C tj@58.343C soc1@57.406C VDD_IN 8988mW/9831mW VDD_CPU_GPU_CV 2280mW/2824mW VDD_SOC 3645mW/3830mW
08-01-2026 01:47:36 RAM 3362/7620MB (lfb 7x1MB) SWAP 7/3810MB (cached 0MB) CPU [91%@1728,0%@1728,0%@1728,0%@1728,0%@729,0%@729] GR3D_FREQ 40% cpu@57.593C soc2@55.593C soc0@57.343C gpu@58.343C tj@58.343C soc1@57.406C VDD_IN 9068mW/9831mW VDD_CPU_GPU_CV 2320mW/2824mW VDD_SOC 3685mW/3830mW
08-01-2026 01:47:37 RAM 3362/7620MB (lfb 7x1MB) SWAP 7/3810MB (cached 0MB) CPU [90%@1728,0%@1728,0%@1728,0%@1728,0%@729,0%@729] GR3D_FREQ 39% cpu@57.75C soc2@55.625C soc0@57.437C gpu@58.375C tj@58.375C soc1@57.281C VDD_IN 8934mW/9830mW VDD_CPU_GPU_CV 2320mW/2824mW VDD_SOC 3645mW/3830mW
08-01-2026 01:47:38 RAM 3362/7620MB (lfb 7x1MB) SWAP 7/3810MB (cached 0MB) CPU [89%@1728,0%@1728,0%@1728,0%@1728,0%@729,0%@729] GR3D_FREQ 38% cpu@57.781C soc2@55.531C soc0@57.312C gpu@58.437C tj@58.437C soc1@57.281C VDD_IN 9028mW/9830mW VDD_CPU_GPU_CV 2280mW/2823mW VDD_SOC 3685mW/3830mW
08-01-2026 01:47:39 RAM 3362/7620MB (lfb 7x1MB) SWAP 7/3810MB (cached 0MB) CPU [3%@1728,89%@1728,0%@1728,0%@1728,0%@729,0%@729] GR3D_FREQ 40% cpu@57.531C soc2@55.437C soc0@57.468C gpu@58.437C tj@58.437C soc1@57.312C VDD_IN 9109mW/9829mW VDD_CPU_GPU_CV 2360mW/2823mW VDD_SOC 3645mW/3830mW
08-01-2026 01:47:40 RAM 3362/7620MB (lfb 7x1MB) SWAP 7/3810MB (cached 0MB) CPU [0%@1728,0%@1728,1%@1728,90%@1728,0%@729,1%@729] GR3D_FREQ 40% cpu@58.062C soc2@55.406C soc0@57.281C gpu@58.093C tj@58.093C soc1@57.312C VDD_IN 9068mW/9829mW VDD_CPU_GPU_CV 2320mW/2823mW VDD_SOC 3645mW/3829mW
08-01-2026 01:47:41 RAM 3362/7620MB (lfb 7x1MB) SWAP 7/3810MB (cached 0MB) CPU [1%@1728,0%@1728,90%@1728,0%@1728,0%@729,0%@729] GR3D_FREQ 25% cpu@57.843C soc2@55.5C soc0@57.281C gpu@58.218C tj@58.218C soc1@57.312C VDD_IN 9028mW/9828mW VDD_CPU_GPU_CV 2320mW/2822mW VDD_SOC 3645mW/3829mW
08-01-2026 01:47:42 RAM 3363/7620MB (lfb 7x1MB) SWAP 7/3810MB (cached 0MB) CPU [0%@1728,0%@1728,90%@1728,0%@1728,0%@729,0%@729] GR3D_FREQ 38% cpu@57.968C soc2@55.531C soc0@57.312C gpu@58.25C tj@58.25C soc1@57.281C VDD_IN 8934mW/9828mW VDD_CPU_GPU_CV 2320mW/2822mW VDD_SOC 3645mW/3829mW
08-01-2026 01:47:43 RAM 3363/7620MB (lfb 7x1MB) SWAP 7/3810MB (cached 0MB) CPU [1%@1728,0%@1728,91%@1728,0%@1728,0%@729,1%@729] GR3D_FREQ 37% cpu@57.968C soc2@55.531C soc0@57.343C gpu@58.312C tj@58.312C soc1@57.187C VDD_IN 9014mW/9827mW VDD_CPU_GPU_CV 2360mW/2822mW VDD_SOC 3685mW/3829mW
08-01-2026 01:47:44 RAM 3363/7620MB (lfb 7x1MB) SWAP 7/3810MB (cached 0MB) CPU [2%@729,1%@729,4%@729,0%@729,87%@1728,0%@1728] GR3D_FREQ 29% cpu@57.75C soc2@55.375C soc0@57.406C gpu@58.343C tj@58.343C soc1@57.187C VDD_IN 9054mW/9827mW VDD_CPU_GPU_CV 2360mW/2822mW VDD_SOC 3685mW/3829mW
08-01-2026 01:47:45 RAM 3363/7620MB (lfb 7x1MB) SWAP 7/3810MB (cached 0MB) CPU [1%@729,0%@729,0%@729,0%@729,90%@1728,0%@1728] GR3D_FREQ 99% cpu@57.593C soc2@55.375C soc0@57.281C gpu@58.562C tj@58.562C soc1@57.312C VDD_IN 9254mW/9826mW VDD_CPU_GPU_CV 2560mW/2821mW VDD_SOC 3766mW/3829mW
08-01-2026 01:47:46 RAM 3363/7620MB (lfb 7x1MB) SWAP 7/3810MB (cached 0MB) CPU [2%@729,0%@729,0%@729,0%@729,89%@1190,0%@1190] GR3D_FREQ 99% cpu@57.5C soc2@55.531C soc0@57.312C gpu@58.75C tj@58.75C soc1@57.406C VDD_IN 9575mW/9826mW VDD_CPU_GPU_CV 2640mW/2821mW VDD_SOC 3800mW/3829mW
08-01-2026 01:47:48 RAM 3363/7620MB (lfb 7x1MB) SWAP 7/3810MB (cached 0MB) CPU [0%@729,0%@729,0%@729,0%@729,86%@1267,4%@1267] GR3D_FREQ 99% cpu@57.562C soc2@55.5C soc0@57.281C gpu@58.656C tj@58.656C soc1@57.468C VDD_IN 9695mW/9826mW VDD_CPU_GPU_CV 2720mW/2821mW VDD_SOC 3840mW/3829mW
08-01-2026 01:47:49 RAM 3363/7620MB (lfb 7x1MB) SWAP 7/3810MB (cached 0MB) CPU [2%@729,0%@729,1%@729,0%@729,0%@806,89%@806] GR3D_FREQ 99% cpu@57.781C soc2@55.593C soc0@57.281C gpu@58.75C tj@58.75C soc1@57.25C VDD_IN 10016mW/9826mW VDD_CPU_GPU_CV 2835mW/2821mW VDD_SOC 3880mW/3829mW
08-01-2026 01:47:50 RAM 3363/7620MB (lfb 7x1MB) SWAP 7/3810MB (cached 0MB) CPU [1%@729,0%@729,0%@729,0%@729,0%@729,89%@729] GR3D_FREQ 99% cpu@57.75C soc2@55.437C soc0@57.187C gpu@58.875C tj@58.875C soc1@57.312C VDD_IN 10256mW/9827mW VDD_CPU_GPU_CV 3075mW/2821mW VDD_SOC 3960mW/3829mW
08-01-2026 01:47:51 RAM 3363/7620MB (lfb 7x1MB) SWAP 7/3810MB (cached 0MB) CPU [1%@729,0%@729,1%@729,0%@729,0%@1728,90%@1728] GR3D_FREQ 87% cpu@57.625C soc2@55.437C soc0@57.25C gpu@58.968C tj@58.968C soc1@57.312C VDD_IN 10120mW/9827mW VDD_CPU_GPU_CV 2955mW/2822mW VDD_SOC 3960mW/3829mW
08-01-2026 01:47:52 RAM 3363/7620MB (lfb 7x1MB) SWAP 7/3810MB (cached 0MB) CPU [1%@729,0%@729,2%@729,0%@729,0%@1728,90%@1728] GR3D_FREQ 88% cpu@57.75C soc2@55.531C soc0@57.281C gpu@59.343C tj@59.343C soc1@57.25C VDD_IN 10640mW/9827mW VDD_CPU_GPU_CV 3274mW/2822mW VDD_SOC 4040mW/3829mW
08-01-2026 01:47:53 RAM 3363/7620MB (lfb 7x1MB) SWAP 7/3810MB (cached 0MB) CPU [2%@729,0%@729,0%@729,1%@729,6%@1036,83%@1036] GR3D_FREQ 99% cpu@57.718C soc2@55.625C soc0@57.281C gpu@59.406C tj@59.406C soc1@57.125C VDD_IN 10760mW/9828mW VDD_CPU_GPU_CV 3349mW/2822mW VDD_SOC 4073mW/3829mW
08-01-2026 01:47:54 RAM 3363/7620MB (lfb 7x1MB) SWAP 7/3810MB (cached 0MB) CPU [0%@729,0%@729,0%@729,0%@729,88%@883,0%@883] GR3D_FREQ 99% cpu@57.781C soc2@55.531C soc0@57.375C gpu@59.406C tj@59.406C soc1@57.312C VDD_IN 11040mW/9829mW VDD_CPU_GPU_CV 3508mW/2823mW VDD_SOC 4113mW/3830mW
08-01-2026 01:47:55 RAM 3363/7620MB (lfb 7x1MB) SWAP 7/3810MB (cached 0MB) CPU [1%@729,0%@729,1%@729,1%@729,84%@883,6%@883] GR3D_FREQ 99% cpu@58.062C soc2@55.625C soc0@57.25C gpu@59.343C tj@59.343C soc1@57.312C VDD_IN 11261mW/9829mW VDD_CPU_GPU_CV 3668mW/2823mW VDD_SOC 4153mW/3830mW
08-01-2026 01:47:56 RAM 3364/7620MB (lfb 7x1MB) SWAP 7/3810MB (cached 0MB) CPU [1%@729,0%@729,1%@729,0%@729,7%@1574,83%@1574] GR3D_FREQ 78% cpu@57.562C soc2@55.531C soc0@57.25C gpu@59.156C tj@59.156C soc1@57.281C VDD_IN 11320mW/9830mW VDD_CPU_GPU_CV 3588mW/2824mW VDD_SOC 4153mW/3830mW
08-01-2026 01:47:57 RAM 3364/7620MB (lfb 7x1MB) SWAP 7/3810MB (cached 0MB) CPU [0%@729,0%@729,1%@729,1%@729,83%@1574,6%@1574] GR3D_FREQ 99% cpu@57.75C soc2@55.625C soc0@57.375C gpu@59.218C tj@59.312C soc1@57.218C VDD_IN 11341mW/9831mW VDD_CPU_GPU_CV 3747mW/2824mW VDD_SOC 4153mW/3830mW
08-01-2026 01:47:58 RAM 3364/7620MB (lfb 7x1MB) SWAP 7/3810MB (cached 0MB) CPU [1%@729,0%@729,0%@729,0%@729,9%@1651,82%@1651] GR3D_FREQ 34% cpu@57.75C soc2@55.656C soc0@57.312C gpu@59.156C tj@59.156C soc1@57.25C VDD_IN 11421mW/9832mW VDD_CPU_GPU_CV 3827mW/2825mW VDD_SOC 4153mW/3830mW
08-01-2026 01:47:59 RAM 3364/7620MB (lfb 7x1MB) SWAP 7/3810MB (cached 0MB) CPU [1%@729,0%@729,0%@729,1%@729,91%@1651,0%@1651] GR3D_FREQ 35% cpu@57.812C soc2@55.593C soc0@57.25C gpu@59.031C tj@59.031C soc1@57.281C VDD_IN 11320mW/9833mW VDD_CPU_GPU_CV 3708mW/2825mW VDD_SOC 4153mW/3831mW
08-01-2026 01:48:00 RAM 3364/7620MB (lfb 7x1MB) SWAP 7/3810MB (cached 0MB) CPU [0%@729,0%@729,0%@729,1%@729,89%@1574,0%@1574] GR3D_FREQ 35% cpu@57.531C soc2@55.593C soc0@57.218C gpu@59.031C tj@59.031C soc1@57.406C VDD_IN 11200mW/9834mW VDD_CPU_GPU_CV 3668mW/2826mW VDD_SOC 4153mW/3831mW
08-01-2026 01:48:01 RAM 3364/7620MB (lfb 7x1MB) SWAP 7/3810MB (cached 0MB) CPU [1%@729,1%@729,1%@729,0%@729,90%@1651,0%@1651] GR3D_FREQ 41% cpu@57.656C soc2@55.625C soc0@57.281C gpu@59.093C tj@59.093C soc1@57.281C VDD_IN 11360mW/9835mW VDD_CPU_GPU_CV 3588mW/2826mW VDD_SOC 4153mW/3831mW
08-01-2026 01:48:02 RAM 3364/7620MB (lfb 7x1MB) SWAP 7/3810MB (cached 0MB) CPU [1%@729,0%@729,0%@729,0%@729,90%@1728,0%@1728] GR3D_FREQ 44% cpu@57.843C soc2@55.5C soc0@57.281C gpu@58.781C tj@58.781C soc1@57.25C VDD_IN 11341mW/9836mW VDD_CPU_GPU_CV 3708mW/2827mW VDD_SOC 4153mW/3831mW
08-01-2026 01:48:03 RAM 3364/7620MB (lfb 7x1MB) SWAP 7/3810MB (cached 0MB) CPU [8%@1728,0%@1728,0%@1728,0%@1728,82%@1574,0%@1574] GR3D_FREQ 45% cpu@57.937C soc2@55.562C soc0@57.218C gpu@58.625C tj@58.625C soc1@57.281C VDD_IN 11160mW/9837mW VDD_CPU_GPU_CV 3548mW/2827mW VDD_SOC 4153mW/3831mW
08-01-2026 01:48:04 RAM 3364/7620MB (lfb 7x1MB) SWAP 7/3810MB (cached 0MB) CPU [86%@1574,1%@1574,0%@1574,0%@1574,0%@729,0%@729] GR3D_FREQ 70% cpu@57.5C soc2@55.687C soc0@57.187C gpu@58.687C tj@58.687C soc1@57.281C VDD_IN 10640mW/9837mW VDD_CPU_GPU_CV 3115mW/2827mW VDD_SOC 4113mW/3832mW
08-01-2026 01:48:05 RAM 3364/7620MB (lfb 7x1MB) SWAP 7/3810MB (cached 0MB) CPU [90%@883,0%@883,1%@883,0%@883,0%@729,0%@729] GR3D_FREQ 99% cpu@57.593C soc2@55.656C soc0@57.281C gpu@59.343C tj@59.75C soc1@57.218C VDD_IN 11000mW/9838mW VDD_CPU_GPU_CV 3428mW/2828mW VDD_SOC 4153mW/3832mW
08-01-2026 01:48:06 RAM 3364/7620MB (lfb 7x1MB) SWAP 7/3810MB (cached 0MB) CPU [85%@1036,0%@1036,0%@1036,6%@1036,0%@729,0%@729] GR3D_FREQ 99% cpu@57.75C soc2@55.656C soc0@57.343C gpu@59.875C tj@59.875C soc1@57.218C VDD_IN 11120mW/9839mW VDD_CPU_GPU_CV 3588mW/2828mW VDD_SOC 4113mW/3832mW
08-01-2026 01:48:07 RAM 3364/7620MB (lfb 7x1MB) SWAP 7/3810MB (cached 0MB) CPU [1%@960,0%@960,0%@960,89%@960,0%@729,0%@729] GR3D_FREQ 99% cpu@57.75C soc2@55.562C soc0@57.218C gpu@59.031C tj@59.031C soc1@57.218C VDD_IN 10600mW/9839mW VDD_CPU_GPU_CV 3154mW/2828mW VDD_SOC 4040mW/3832mW
08-01-2026 01:48:08 RAM 3364/7620MB (lfb 7x1MB) SWAP 7/3810MB (cached 0MB) CPU [1%@1036,0%@1036,1%@1036,90%@1036,0%@729,0%@729] GR3D_FREQ 99% cpu@57.781C soc2@55.593C soc0@57.25C gpu@59.781C tj@59.781C soc1@57.281C VDD_IN 10840mW/9840mW VDD_CPU_GPU_CV 3428mW/2829mW VDD_SOC 4113mW/3832mW
08-01-2026 01:48:09 RAM 3364/7620MB (lfb 7x1MB) SWAP 7/3810MB (cached 0MB) CPU [6%@960,1%@960,1%@960,83%@960,0%@729,1%@729] GR3D_FREQ 99% cpu@57.656C soc2@55.75C soc0@57.25C gpu@59.437C tj@59.437C soc1@57.437C VDD_IN 11000mW/9840mW VDD_CPU_GPU_CV 3508mW/2829mW VDD_SOC 4113mW/3832mW
08-01-2026 01:48:10 RAM 3364/7620MB (lfb 7x1MB) SWAP 7/3810MB (cached 0MB) CPU [85%@960,6%@960,0%@960,0%@960,0%@729,0%@729] GR3D_FREQ 99% cpu@57.625C soc2@55.687C soc0@57.312C gpu@59.468C tj@59.468C soc1@57.312C VDD_IN 11040mW/9841mW VDD_CPU_GPU_CV 3468mW/2830mW VDD_SOC 4113mW/3833mW
08-01-2026 01:48:11 RAM 3364/7620MB (lfb 7x1MB) SWAP 7/3810MB (cached 0MB) CPU [0%@729,89%@729,0%@729,0%@729,0%@729,0%@729] GR3D_FREQ 99% cpu@57.75C soc2@55.593C soc0@57.406C gpu@59.531C tj@59.531C soc1@57.281C VDD_IN 11320mW/9842mW VDD_CPU_GPU_CV 3668mW/2830mW VDD_SOC 4153mW/3833mW
08-01-2026 01:48:12 RAM 3365/7620MB (lfb 7x1MB) SWAP 7/3810MB (cached 0MB) CPU [1%@1651,90%@1651,0%@1651,1%@1651,0%@729,1%@729] GR3D_FREQ 99% cpu@57.968C soc2@55.562C soc0@57.218C gpu@59.406C tj@59.406C soc1@57.343C VDD_IN 11182mW/9843mW VDD_CPU_GPU_CV 3747mW/2831mW VDD_SOC 4193mW/3833mW
08-01-2026 01:48:13 RAM 3365/7620MB (lfb 7x1MB) SWAP 7/3810MB (cached 0MB) CPU [1%@1651,90%@1651,0%@1651,0%@1651,0%@729,0%@729] GR3D_FREQ 71% cpu@57.875C soc2@55.656C soc0@57.218C gpu@59.312C tj@59.312C soc1@57.437C VDD_IN 11240mW/9844mW VDD_CPU_GPU_CV 3628mW/2831mW VDD_SOC 4193mW/3833mW
08-01-2026 01:48:14 RAM 3365/7620MB (lfb 7x1MB) SWAP 7/3810MB (cached 0MB) CPU [0%@1651,82%@1651,0%@1651,9%@1651,0%@729,0%@729] GR3D_FREQ 61% cpu@57.718C soc2@55.656C soc0@57.281C gpu@59.25C tj@58.875C soc1@57.437C VDD_IN 11301mW/9844mW VDD_CPU_GPU_CV 3708mW/2832mW VDD_SOC 4153mW/3833mW
08-01-2026 01:48:15 RAM 3358/7620MB (lfb 7x1MB) SWAP 7/3810MB (cached 0MB) CPU [1%@1651,9%@1651,0%@1651,81%@1651,0%@729,0%@729] GR3D_FREQ 31% cpu@57.656C soc2@55.75C soc0@57.281C gpu@58.906C tj@58.906C soc1@57.25C VDD_IN 11320mW/9845mW VDD_CPU_GPU_CV 3708mW/2832mW VDD_SOC 4153mW/3834mW
08-01-2026 01:48:16 RAM 3358/7620MB (lfb 7x1MB) SWAP 7/3810MB (cached 0MB) CPU [0%@1651,91%@1651,0%@1651,0%@1651,0%@729,0%@729] GR3D_FREQ 31% cpu@57.781C soc2@55.656C soc0@57.437C gpu@58.781C tj@58.781C soc1@57.343C VDD_IN 11261mW/9846mW VDD_CPU_GPU_CV 3747mW/2833mW VDD_SOC 4193mW/3834mW
08-01-2026 01:48:17 RAM 3359/7620MB (lfb 7x1MB) SWAP 7/3810MB (cached 0MB) CPU [1%@1651,87%@1651,0%@1651,1%@1651,0%@729,0%@729] GR3D_FREQ 32% cpu@57.718C soc2@55.593C soc0@57.281C gpu@58.625C tj@58.625C soc1@57.312C VDD_IN 10760mW/9847mW VDD_CPU_GPU_CV 3229mW/2833mW VDD_SOC 4113mW/3834mW
08-01-2026 01:48:18 RAM 3359/7620MB (lfb 7x1MB) SWAP 7/3810MB (cached 0MB) CPU [0%@1651,91%@1651,0%@1651,0%@1651,1%@729,0%@729] GR3D_FREQ 26% cpu@57.875C soc2@55.593C soc0@57.281C gpu@58.968C tj@58.968C soc1@57.437C VDD_IN 11421mW/9848mW VDD_CPU_GPU_CV 3708mW/2833mW VDD_SOC 4153mW/3834mW
08-01-2026 01:48:19 RAM 3359/7620MB (lfb 7x1MB) SWAP 7/3810MB (cached 0MB) CPU [2%@1651,80%@1651,0%@1651,10%@1651,0%@729,0%@729] GR3D_FREQ 29% cpu@57.75C soc2@55.656C soc0@57.343C gpu@58.812C tj@58.812C soc1@57.437C VDD_IN 11400mW/9849mW VDD_CPU_GPU_CV 3628mW/2834mW VDD_SOC 4193mW/3834mW
08-01-2026 01:48:20 RAM 3359/7620MB (lfb 7x1MB) SWAP 7/3810MB (cached 0MB) CPU [1%@1574,0%@1574,1%@1574,89%@1574,0%@729,1%@729] GR3D_FREQ 34% cpu@57.781C soc2@55.75C soc0@57.375C gpu@58.781C tj@58.781C soc1@57.281C VDD_IN 11360mW/9850mW VDD_CPU_GPU_CV 3708mW/2834mW VDD_SOC 4153mW/3835mW
08-01-2026 01:48:21 RAM 3359/7620MB (lfb 7x1MB) SWAP 7/3810MB (cached 0MB) CPU [1%@1651,0%@1651,0%@1651,91%@1651,0%@729,0%@729] GR3D_FREQ 44% cpu@57.875C soc2@55.625C soc0@57.406C gpu@58.812C tj@58.812C soc1@57.25C VDD_IN 11360mW/9850mW VDD_CPU_GPU_CV 3708mW/2835mW VDD_SOC 4153mW/3835mW
08-01-2026 01:48:22 RAM 3359/7620MB (lfb 7x1MB) SWAP 7/3810MB (cached 0MB) CPU [1%@1728,0%@1728,1%@1728,89%@1728,0%@729,0%@729] GR3D_FREQ 41% cpu@57.843C soc2@55.562C soc0@57.281C gpu@58.75C tj@58.75C soc1@57.343C VDD_IN 11200mW/9851mW VDD_CPU_GPU_CV 3668mW/2835mW VDD_SOC 4153mW/3835mW
08-01-2026 01:48:23 RAM 3359/7620MB (lfb 7x1MB) SWAP 7/3810MB (cached 0MB) CPU [14%@1728,0%@1728,0%@1728,77%@1728,0%@729,0%@729] GR3D_FREQ 44% cpu@57.875C soc2@55.75C soc0@57.093C gpu@58.937C tj@58.937C soc1@57.375C VDD_IN 11222mW/9852mW VDD_CPU_GPU_CV 3708mW/2836mW VDD_SOC 4153mW/3835mW
08-01-2026 01:48:24 RAM 3359/7620MB (lfb 7x1MB) SWAP 7/3810MB (cached 0MB) CPU [77%@1728,0%@1728,0%@1728,15%@1728,0%@729,0%@729] GR3D_FREQ 43% cpu@57.843C soc2@55.75C soc0@57.312C gpu@59C tj@59C soc1@57.343C VDD_IN 11301mW/9853mW VDD_CPU_GPU_CV 3747mW/2837mW VDD_SOC 4153mW/3835mW
08-01-2026 01:48:25 RAM 3358/7620MB (lfb 7x1MB) SWAP 7/3810MB (cached 0MB) CPU [1%@1728,0%@1728,0%@1728,90%@1728,0%@729,0%@729] GR3D_FREQ 38% cpu@57.875C soc2@55.75C soc0@57.343C gpu@58.906C tj@58.906C soc1@57.468C VDD_IN 11280mW/9854mW VDD_CPU_GPU_CV 3628mW/2837mW VDD_SOC 4193mW/3836mW
08-01-2026 01:48:26 RAM 3358/7620MB (lfb 7x1MB) SWAP 7/3810MB (cached 0MB) CPU [0%@1728,0%@1728,0%@1728,90%@1728,0%@729,0%@729] GR3D_FREQ 32% cpu@57.906C soc2@55.75C soc0@57.375C gpu@58.843C tj@58.843C soc1@57.375C VDD_IN 11280mW/9855mW VDD_CPU_GPU_CV 3628mW/2837mW VDD_SOC 4113mW/3836mW
08-01-2026 01:48:27 RAM 3358/7620MB (lfb 7x1MB) SWAP 7/3810MB (cached 0MB) CPU [1%@1728,1%@1728,0%@1728,87%@1728,0%@729,0%@729] GR3D_FREQ 55% cpu@57.875C soc2@55.562C soc0@57.281C gpu@58.875C tj@58.875C soc1@57.375C VDD_IN 10800mW/9855mW VDD_CPU_GPU_CV 3234mW/2838mW VDD_SOC 4113mW/3836mW
08-01-2026 01:48:28 RAM 3358/7620MB (lfb 7x1MB) SWAP 7/3810MB (cached 0MB) CPU [16%@1728,0%@1728,1%@1728,75%@1728,0%@729,0%@729] GR3D_FREQ 49% cpu@58.062C soc2@55.75C soc0@57.281C gpu@58.968C tj@58.968C soc1@57.375C VDD_IN 11240mW/9856mW VDD_CPU_GPU_CV 3588mW/2838mW VDD_SOC 4153mW/3836mW
08-01-2026 01:48:29 RAM 3360/7620MB (lfb 7x1MB) SWAP 7/3810MB (cached 0MB) CPU [89%@1728,1%@1728,0%@1728,0%@1728,0%@729,0%@729] GR3D_FREQ 56% cpu@57.75C soc2@55.812C soc0@57.281C gpu@59.031C tj@59.031C soc1@57.375C VDD_IN 11200mW/9857mW VDD_CPU_GPU_CV 3588mW/2839mW VDD_SOC 4153mW/3836mW
08-01-2026 01:48:30 RAM 3360/7620MB (lfb 7x1MB) SWAP 7/3810MB (cached 0MB) CPU [77%@1728,0%@1728,0%@1728,14%@1728,0%@729,0%@729] GR3D_FREQ 48% cpu@57.968C soc2@55.687C soc0@57.312C gpu@58.75C tj@58.75C soc1@57.468C VDD_IN 11360mW/9858mW VDD_CPU_GPU_CV 3668mW/2839mW VDD_SOC 4153mW/3836mW
08-01-2026 01:48:31 RAM 3359/7620MB (lfb 7x1MB) SWAP 7/3810MB (cached 0MB) CPU [1%@1728,0%@1728,0%@1728,90%@1728,0%@729,0%@729] GR3D_FREQ 46% cpu@57.937C soc2@55.531C soc0@57.406C gpu@58.75C tj@58.75C soc1@57.343C VDD_IN 11320mW/9859mW VDD_CPU_GPU_CV 3668mW/2840mW VDD_SOC 4193mW/3837mW
08-01-2026 01:48:32 RAM 3360/7620MB (lfb 7x1MB) SWAP 7/3810MB (cached 0MB) CPU [0%@1728,1%@1728,0%@1728,90%@1728,0%@729,0%@729] GR3D_FREQ 39% cpu@57.812C soc2@55.625C soc0@57.281C gpu@58.781C tj@58.781C soc1@57.343C VDD_IN 11240mW/9859mW VDD_CPU_GPU_CV 3628mW/2840mW VDD_SOC 4153mW/3837mW
08-01-2026 01:48:33 RAM 3360/7620MB (lfb 7x1MB) SWAP 7/3810MB (cached 0MB) CPU [1%@1651,0%@1651,1%@1651,88%@1651,0%@729,0%@729] GR3D_FREQ 35% cpu@57.906C soc2@55.625C soc0@57.218C gpu@58.75C tj@58.75C soc1@57.343C VDD_IN 10840mW/9860mW VDD_CPU_GPU_CV 3354mW/2840mW VDD_SOC 4113mW/3837mW
08-01-2026 01:48:34 RAM 3360/7620MB (lfb 7x1MB) SWAP 7/3810MB (cached 0MB) CPU [14%@1728,0%@1728,0%@1728,76%@1728,1%@729,1%@729] GR3D_FREQ 45% cpu@57.781C soc2@55.75C soc0@57.281C gpu@58.781C tj@58.781C soc1@57.468C VDD_IN 11360mW/9861mW VDD_CPU_GPU_CV 3628mW/2841mW VDD_SOC 4153mW/3837mW
08-01-2026 01:48:35 RAM 3360/7620MB (lfb 7x1MB) SWAP 7/3810MB (cached 0MB) CPU [91%@1728,1%@1728,0%@1728,0%@1728,0%@729,0%@729] GR3D_FREQ 49% cpu@57.75C soc2@55.812C soc0@57.312C gpu@58.875C tj@58.875C soc1@57.468C VDD_IN 11261mW/9862mW VDD_CPU_GPU_CV 3747mW/2841mW VDD_SOC 4153mW/3837mW
08-01-2026 01:48:36 RAM 3360/7620MB (lfb 7x1MB) SWAP 7/3810MB (cached 0MB) CPU [76%@1728,16%@1728,1%@1728,0%@1728,0%@729,0%@729] GR3D_FREQ 40% cpu@57.875C soc2@55.718C soc0@57.281C gpu@58.625C tj@58.625C soc1@57.343C VDD_IN 11261mW/9863mW VDD_CPU_GPU_CV 3747mW/2842mW VDD_SOC 4153mW/3838mW
08-01-2026 01:48:37 RAM 3360/7620MB (lfb 7x1MB) SWAP 7/3810MB (cached 0MB) CPU [1%@1728,90%@1728,0%@1728,0%@1728,0%@729,1%@729] GR3D_FREQ 40% cpu@57.843C soc2@55.593C soc0@57.187C gpu@58.468C tj@58.468C soc1@57.343C VDD_IN 11280mW/9863mW VDD_CPU_GPU_CV 3708mW/2842mW VDD_SOC 4113mW/3838mW
08-01-2026 01:48:38 RAM 3360/7620MB (lfb 7x1MB) SWAP 7/3810MB (cached 0MB) CPU [1%@1728,91%@1728,0%@1728,0%@1728,0%@729,0%@729] GR3D_FREQ 23% cpu@58C soc2@55.656C soc0@57.281C gpu@58.5C tj@58.5C soc1@57.5C VDD_IN 11200mW/9864mW VDD_CPU_GPU_CV 3628mW/2843mW VDD_SOC 4113mW/3838mW
08-01-2026 01:48:39 RAM 3360/7620MB (lfb 7x1MB) SWAP 7/3810MB (cached 0MB) CPU [1%@1728,90%@1728,0%@1728,0%@1728,0%@729,0%@729] GR3D_FREQ 23% cpu@57.625C soc2@55.75C soc0@57.343C gpu@58.468C tj@58.468C soc1@57.5C VDD_IN 11080mW/9865mW VDD_CPU_GPU_CV 3548mW/2843mW VDD_SOC 4113mW/3838mW
08-01-2026 01:48:40 RAM 3360/7620MB (lfb 7x1MB) SWAP 7/3810MB (cached 0MB) CPU [1%@1728,71%@1728,0%@1728,19%@1728,0%@729,0%@729] GR3D_FREQ 24% cpu@57.968C soc2@55.656C soc0@57.375C gpu@58.437C tj@58.437C soc1@57.5C VDD_IN 11080mW/9866mW VDD_CPU_GPU_CV 3508mW/2844mW VDD_SOC 4113mW/3838mW
08-01-2026 01:48:41 RAM 3360/7620MB (lfb 7x1MB) SWAP 7/3810MB (cached 0MB) CPU [1%@1728,1%@1728,0%@1728,89%@1728,1%@729,0%@729] GR3D_FREQ 24% cpu@58.187C soc2@55.656C soc0@57.312C gpu@58.562C tj@58.562C soc1@57.343C VDD_IN 11120mW/9866mW VDD_CPU_GPU_CV 3508mW/2844mW VDD_SOC 4073mW/3838mW
08-01-2026 01:48:42 RAM 3360/7620MB (lfb 7x1MB) SWAP 7/3810MB (cached 0MB) CPU [0%@1728,0%@1728,0%@1728,91%@1728,1%@729,0%@729] GR3D_FREQ 24% cpu@58.031C soc2@55.687C soc0@57.343C gpu@58.5C tj@58.5C soc1@57.343C VDD_IN 11000mW/9867mW VDD_CPU_GPU_CV 3468mW/2844mW VDD_SOC 4073mW/3839mW
08-01-2026 01:48:43 RAM 3360/7620MB (lfb 7x1MB) SWAP 7/3810MB (cached 0MB) CPU [2%@1728,0%@1728,0%@1728,90%@1728,0%@729,0%@729] GR3D_FREQ 24% cpu@58.062C soc2@55.531C soc0@57.281C gpu@58.406C tj@58.406C soc1@57.343C VDD_IN 10880mW/9868mW VDD_CPU_GPU_CV 3428mW/2845mW VDD_SOC 4073mW/3839mW
08-01-2026 01:48:44 RAM 3360/7620MB (lfb 7x1MB) SWAP 7/3810MB (cached 0MB) CPU [0%@1728,0%@1728,1%@1728,90%@1728,0%@729,0%@729] GR3D_FREQ 24% cpu@57.812C soc2@55.593C soc0@57.343C gpu@58.406C tj@58.406C soc1@57.406C VDD_IN 10920mW/9868mW VDD_CPU_GPU_CV 3508mW/2845mW VDD_SOC 4033mW/3839mW
08-01-2026 01:48:45 RAM 3360/7620MB (lfb 7x1MB) SWAP 7/3810MB (cached 0MB) CPU [2%@1728,0%@1728,1%@1728,90%@1728,0%@729,1%@729] GR3D_FREQ 24% cpu@57.875C soc2@55.593C soc0@57.312C gpu@58.406C tj@58.406C soc1@57.468C VDD_IN 10800mW/9869mW VDD_CPU_GPU_CV 3389mW/2846mW VDD_SOC 4073mW/3839mW
08-01-2026 01:48:46 RAM 3360/7620MB (lfb 7x1MB) SWAP 7/3810MB (cached 0MB) CPU [0%@1728,0%@1728,0%@1728,90%@1728,0%@729,1%@729] GR3D_FREQ 24% cpu@57.75C soc2@55.718C soc0@57.562C gpu@58.687C tj@58.687C soc1@57.312C VDD_IN 10840mW/9869mW VDD_CPU_GPU_CV 3468mW/2846mW VDD_SOC 4033mW/3839mW
08-01-2026 01:48:47 RAM 3360/7620MB (lfb 7x1MB) SWAP 7/3810MB (cached 0MB) CPU [1%@1728,0%@1728,0%@1728,89%@1728,0%@729,0%@729] GR3D_FREQ 22% cpu@57.875C soc2@55.687C soc0@57.375C gpu@58.75C tj@58.75C soc1@57.375C VDD_IN 10720mW/9870mW VDD_CPU_GPU_CV 3394mW/2846mW VDD_SOC 3993mW/3839mW
08-01-2026 01:48:48 RAM 3360/7620MB (lfb 7x1MB) SWAP 7/3810MB (cached 0MB) CPU [0%@1728,0%@1728,0%@1728,90%@1728,0%@729,1%@729] GR3D_FREQ 22% cpu@58.125C soc2@55.593C soc0@57.281C gpu@58.656C tj@58.656C soc1@57.375C VDD_IN 10640mW/9870mW VDD_CPU_GPU_CV 3389mW/2847mW VDD_SOC 4040mW/3839mW
08-01-2026 01:48:49 RAM 3361/7620MB (lfb 7x1MB) SWAP 7/3810MB (cached 0MB) CPU [0%@1728,0%@1728,0%@1728,90%@1728,0%@729,0%@729] GR3D_FREQ 22% cpu@57.781C soc2@55.656C soc0@57.375C gpu@58.687C tj@58.687C soc1@57.375C VDD_IN 10800mW/9871mW VDD_CPU_GPU_CV 3434mW/2847mW VDD_SOC 3993mW/3839mW
08-01-2026 01:48:50 RAM 3361/7620MB (lfb 7x1MB) SWAP 7/3810MB (cached 0MB) CPU [2%@1728,0%@1728,2%@1728,91%@1728,0%@729,1%@729] GR3D_FREQ 26% cpu@58C soc2@55.656C soc0@57.437C gpu@58.718C tj@58.718C soc1@57.468C VDD_IN 10600mW/9871mW VDD_CPU_GPU_CV 3354mW/2847mW VDD_SOC 4000mW/3839mW
08-01-2026 01:48:51 RAM 3361/7620MB (lfb 7x1MB) SWAP 7/3810MB (cached 0MB) CPU [0%@1728,0%@1728,0%@1728,90%@1728,0%@729,0%@729] GR3D_FREQ 29% cpu@58C soc2@55.687C soc0@57.281C gpu@58.687C tj@58.687C soc1@57.187C VDD_IN 10720mW/9872mW VDD_CPU_GPU_CV 3274mW/2847mW VDD_SOC 3993mW/3839mW
08-01-2026 01:48:52 RAM 3361/7620MB (lfb 7x1MB) SWAP 7/3810MB (cached 0MB) CPU [1%@1728,2%@1728,0%@1728,89%@1728,0%@729,1%@729] GR3D_FREQ 30% cpu@57.875C soc2@55.718C soc0@57.468C gpu@58.437C tj@58.437C soc1@57.375C VDD_IN 10680mW/9872mW VDD_CPU_GPU_CV 3274mW/2848mW VDD_SOC 3993mW/3840mW
08-01-2026 01:48:53 RAM 3361/7620MB (lfb 7x1MB) SWAP 7/3810MB (cached 0MB) CPU [0%@1728,1%@1728,0%@1728,90%@1728,0%@729,0%@729] GR3D_FREQ 28% cpu@58C soc2@55.593C soc0@57.375C gpu@58.437C tj@58.437C soc1@57.406C VDD_IN 10600mW/9873mW VDD_CPU_GPU_CV 3234mW/2848mW VDD_SOC 4000mW/3840mW
08-01-2026 01:48:54 RAM 3361/7620MB (lfb 7x1MB) SWAP 7/3810MB (cached 0MB) CPU [1%@1728,1%@1728,0%@1728,89%@1728,0%@729,1%@729] GR3D_FREQ 30% cpu@57.781C soc2@55.625C soc0@57.375C gpu@58.437C tj@58.437C soc1@57.406C VDD_IN 10520mW/9873mW VDD_CPU_GPU_CV 3274mW/2848mW VDD_SOC 4000mW/3840mW
08-01-2026 01:48:55 RAM 3361/7620MB (lfb 7x1MB) SWAP 7/3810MB (cached 0MB) CPU [0%@1728,0%@1728,0%@1728,91%@1728,0%@729,0%@729] GR3D_FREQ 30% cpu@57.843C soc2@55.718C soc0@57.406C gpu@58.5C tj@58.5C soc1@57.468C VDD_IN 10480mW/9873mW VDD_CPU_GPU_CV 3274mW/2848mW VDD_SOC 4000mW/3840mW
08-01-2026 01:48:56 RAM 3361/7620MB (lfb 7x1MB) SWAP 7/3810MB (cached 0MB) CPU [1%@1728,0%@1728,0%@1728,90%@1728,0%@729,0%@729] GR3D_FREQ 30% cpu@58.062C soc2@55.812C soc0@57.437C gpu@58.406C tj@58.343C soc1@57.343C VDD_IN 10600mW/9874mW VDD_CPU_GPU_CV 3234mW/2849mW VDD_SOC 3953mW/3840mW
08-01-2026 01:48:57 RAM 3361/7620MB (lfb 7x1MB) SWAP 7/3810MB (cached 0MB) CPU [32%@1728,0%@1728,0%@1728,59%@1728,0%@729,0%@729] GR3D_FREQ 29% cpu@58.093C soc2@55.75C soc0@57.218C gpu@58.312C tj@58.312C soc1@57.312C VDD_IN 10400mW/9874mW VDD_CPU_GPU_CV 3234mW/2849mW VDD_SOC 3960mW/3840mW
08-01-2026 01:48:58 RAM 3361/7620MB (lfb 7x1MB) SWAP 7/3810MB (cached 0MB) CPU [91%@1728,1%@1728,0%@1728,0%@1728,0%@729,1%@729] GR3D_FREQ 27% cpu@58C soc2@55.781C soc0@57.343C gpu@58.343C tj@58.343C soc1@57.375C VDD_IN 10400mW/9875mW VDD_CPU_GPU_CV 3194mW/2849mW VDD_SOC 3960mW/3840mW
08-01-2026 01:48:59 RAM 3361/7620MB (lfb 7x1MB) SWAP 7/3810MB (cached 0MB) CPU [60%@1728,0%@1728,0%@1728,30%@1728,0%@729,0%@729] GR3D_FREQ 30% cpu@57.906C soc2@55.687C soc0@57.281C gpu@58.281C tj@58.281C soc1@57.5C VDD_IN 10520mW/9875mW VDD_CPU_GPU_CV 3154mW/2849mW VDD_SOC 3920mW/3840mW
08-01-2026 01:49:00 RAM 3361/7620MB (lfb 7x1MB) SWAP 7/3810MB (cached 0MB) CPU [1%@1728,0%@1728,0%@1728,89%@1728,0%@729,0%@729] GR3D_FREQ 29% cpu@57.781C soc2@55.625C soc0@57.531C gpu@58.25C tj@58.25C soc1@57.531C VDD_IN 10560mW/9875mW VDD_CPU_GPU_CV 3194mW/2849mW VDD_SOC 3960mW/3840mW
08-01-2026 01:49:01 RAM 3361/7620MB (lfb 7x1MB) SWAP 7/3810MB (cached 0MB) CPU [0%@1728,0%@1728,0%@1728,90%@1728,1%@729,1%@729] GR3D_FREQ 29% cpu@58.093C soc2@55.656C soc0@57.375C gpu@58.281C tj@58.281C soc1@57.406C VDD_IN 10520mW/9876mW VDD_CPU_GPU_CV 3194mW/2850mW VDD_SOC 3960mW/3840mW
08-01-2026 01:49:02 RAM 3361/7620MB (lfb 7x1MB) SWAP 7/3810MB (cached 0MB) CPU [1%@1728,1%@1728,0%@1728,90%@1728,0%@729,0%@729] GR3D_FREQ 27% cpu@58.25C soc2@55.625C soc0@57.531C gpu@58.25C tj@58.25C soc1@57.343C VDD_IN 10400mW/9876mW VDD_CPU_GPU_CV 3154mW/2850mW VDD_SOC 3960mW/3840mW
08-01-2026 01:49:03 RAM 3361/7620MB (lfb 7x1MB) SWAP 7/3810MB (cached 0MB) CPU [0%@1728,1%@1728,0%@1728,90%@1728,0%@729,0%@729] GR3D_FREQ 29% cpu@58.031C soc2@55.656C soc0@57.343C gpu@58.5C tj@58.5C soc1@57.406C VDD_IN 10520mW/9876mW VDD_CPU_GPU_CV 3115mW/2850mW VDD_SOC 3913mW/3840mW
08-01-2026 01:49:04 RAM 3361/7620MB (lfb 7x1MB) SWAP 7/3810MB (cached 0MB) CPU [0%@1728,0%@1728,1%@1728,90%@1728,0%@729,0%@729] GR3D_FREQ 29% cpu@57.75C soc2@55.625C soc0@57.406C gpu@58.5C tj@58.5C soc1@57.437C VDD_IN 10280mW/9877mW VDD_CPU_GPU_CV 3154mW/2850mW VDD_SOC 3920mW/3840mW
08-01-2026 01:49:05 RAM 3361/7620MB (lfb 7x1MB) SWAP 7/3810MB (cached 0MB) CPU [1%@1728,0%@1728,0%@1728,90%@1728,0%@729,1%@729] GR3D_FREQ 30% cpu@57.937C soc2@55.656C soc0@57.343C gpu@58.468C tj@58.468C soc1@57.343C VDD_IN 10256mW/9877mW VDD_CPU_GPU_CV 3035mW/2850mW VDD_SOC 3960mW/3840mW
08-01-2026 01:49:06 RAM 3361/7620MB (lfb 7x1MB) SWAP 7/3810MB (cached 0MB) CPU [1%@1728,0%@1728,0%@1728,90%@1728,0%@729,0%@729] GR3D_FREQ 29% cpu@58.062C soc2@55.625C soc0@57.562C gpu@58.562C tj@58.562C soc1@57.312C VDD_IN 10280mW/9877mW VDD_CPU_GPU_CV 3115mW/2850mW VDD_SOC 3960mW/3841mW
08-01-2026 01:49:07 RAM 3361/7620MB (lfb 7x1MB) SWAP 7/3810MB (cached 0MB) CPU [1%@1728,0%@1728,0%@1728,90%@1728,0%@729,0%@729] GR3D_FREQ 30% cpu@58.281C soc2@55.593C soc0@57.437C gpu@58.625C tj@58.625C soc1@57.406C VDD_IN 10200mW/9877mW VDD_CPU_GPU_CV 3115mW/2851mW VDD_SOC 3920mW/3841mW
08-01-2026 01:49:08 RAM 3361/7620MB (lfb 7x1MB) SWAP 7/3810MB (cached 0MB) CPU [1%@1728,0%@1728,0%@1728,90%@1728,0%@729,1%@729] GR3D_FREQ 29% cpu@58.156C soc2@55.656C soc0@57.343C gpu@58.312C tj@58.312C soc1@57.468C VDD_IN 10280mW/9878mW VDD_CPU_GPU_CV 3115mW/2851mW VDD_SOC 3880mW/3841mW
08-01-2026 01:49:09 RAM 3361/7620MB (lfb 7x1MB) SWAP 7/3810MB (cached 0MB) CPU [0%@1728,0%@1728,1%@1728,90%@1728,0%@729,0%@729] GR3D_FREQ 30% cpu@58C soc2@55.718C soc0@57.281C gpu@58.375C tj@58.375C soc1@57.343C VDD_IN 10256mW/9878mW VDD_CPU_GPU_CV 3035mW/2851mW VDD_SOC 3920mW/3841mW
08-01-2026 01:49:10 RAM 3361/7620MB (lfb 7x1MB) SWAP 7/3810MB (cached 0MB) CPU [39%@1728,0%@1728,0%@1728,52%@1728,0%@729,0%@729] GR3D_FREQ 29% cpu@57.906C soc2@55.781C soc0@57.343C gpu@58.343C tj@58.343C soc1@57.343C VDD_IN 10216mW/9878mW VDD_CPU_GPU_CV 2995mW/2851mW VDD_SOC 3880mW/3841mW
08-01-2026 01:49:11 RAM 3361/7620MB (lfb 7x1MB) SWAP 7/3810MB (cached 0MB) CPU [91%@1728,0%@1728,0%@1728,0%@1728,0%@729,0%@729] GR3D_FREQ 28% cpu@58.031C soc2@55.812C soc0@57.468C gpu@58.375C tj@58.375C soc1@57.406C VDD_IN 10160mW/9878mW VDD_CPU_GPU_CV 3035mW/2851mW VDD_SOC 3880mW/3841mW
08-01-2026 01:49:12 RAM 3361/7620MB (lfb 7x1MB) SWAP 7/3810MB (cached 0MB) CPU [91%@1728,0%@1728,0%@1728,0%@1728,0%@729,0%@729] GR3D_FREQ 28% cpu@58.125C soc2@55.75C soc0@57.5C gpu@58.406C tj@58.406C soc1@57.375C VDD_IN 10136mW/9878mW VDD_CPU_GPU_CV 2995mW/2851mW VDD_SOC 3880mW/3841mW
08-01-2026 01:49:13 RAM 3361/7620MB (lfb 7x1MB) SWAP 7/3810MB (cached 0MB) CPU [51%@1728,0%@1728,39%@1728,0%@1728,0%@729,1%@729] GR3D_FREQ 27% cpu@58.375C soc2@55.687C soc0@57.25C gpu@58.406C tj@58.406C soc1@57.375C VDD_IN 10136mW/9878mW VDD_CPU_GPU_CV 2995mW/2851mW VDD_SOC 3880mW/3841mW
08-01-2026 01:49:14 RAM 3361/7620MB (lfb 7x1MB) SWAP 7/3810MB (cached 0MB) CPU [1%@1728,0%@1728,89%@1728,0%@1728,0%@729,0%@729] GR3D_FREQ 30% cpu@58.218C soc2@55.718C soc0@57.375C gpu@58.718C tj@58.718C soc1@57.375C VDD_IN 10056mW/9878mW VDD_CPU_GPU_CV 2955mW/2851mW VDD_SOC 3920mW/3841mW
08-01-2026 01:49:15 RAM 3362/7620MB (lfb 7x1MB) SWAP 7/3810MB (cached 0MB) CPU [36%@1728,1%@1728,55%@1728,0%@1728,0%@729,0%@729] GR3D_FREQ 29% cpu@58.031C soc2@55.781C soc0@57.468C gpu@58.718C tj@58.718C soc1@57.375C VDD_IN 10080mW/9879mW VDD_CPU_GPU_CV 2995mW/2851mW VDD_SOC 3920mW/3841mW
08-01-2026 01:49:16 RAM 3362/7620MB (lfb 7x1MB) SWAP 7/3810MB (cached 0MB) CPU [91%@1728,0%@1728,0%@1728,0%@1728,1%@729,0%@729] GR3D_FREQ 28% cpu@57.906C soc2@55.812C soc0@57.562C gpu@58.687C tj@58.687C soc1@57.343C VDD_IN 10160mW/9879mW VDD_CPU_GPU_CV 2995mW/2851mW VDD_SOC 3880mW/3841mW
08-01-2026 01:49:17 RAM 3362/7620MB (lfb 7x1MB) SWAP 7/3810MB (cached 0MB) CPU [92%@1728,0%@1728,1%@1728,0%@1728,0%@729,0%@729] GR3D_FREQ 28% cpu@58.062C soc2@55.75C soc0@57.437C gpu@58.687C tj@58.687C soc1@57.437C VDD_IN 10176mW/9879mW VDD_CPU_GPU_CV 2995mW/2852mW VDD_SOC 3880mW/3841mW
08-01-2026 01:49:18 RAM 3362/7620MB (lfb 7x1MB) SWAP 7/3810MB (cached 0MB) CPU [90%@1728,0%@1728,0%@1728,0%@1728,0%@729,0%@729] GR3D_FREQ 30% cpu@57.875C soc2@55.812C soc0@57.343C gpu@58.718C tj@58.718C soc1@57.531C VDD_IN 10096mW/9879mW VDD_CPU_GPU_CV 2995mW/2852mW VDD_SOC 3920mW/3841mW
08-01-2026 01:49:19 RAM 3362/7620MB (lfb 7x1MB) SWAP 7/3810MB (cached 0MB) CPU [52%@1728,0%@1728,39%@1728,0%@1728,1%@729,0%@729] GR3D_FREQ 28% cpu@58.312C soc2@55.75C soc0@57.343C gpu@58.312C tj@58.312C soc1@57.5C VDD_IN 10080mW/9879mW VDD_CPU_GPU_CV 3035mW/2852mW VDD_SOC 3880mW/3841mW
08-01-2026 01:49:20 RAM 3362/7620MB (lfb 7x1MB) SWAP 7/3810MB (cached 0MB) CPU [41%@1728,0%@1728,51%@1728,0%@1728,0%@729,0%@729] GR3D_FREQ 27% cpu@57.968C soc2@55.75C soc0@57.468C gpu@58.25C tj@58.25C soc1@57.343C VDD_IN 10136mW/9879mW VDD_CPU_GPU_CV 2995mW/2852mW VDD_SOC 3880mW/3841mW
08-01-2026 01:49:21 RAM 3362/7620MB (lfb 7x1MB) SWAP 7/3810MB (cached 0MB) CPU [91%@1728,1%@1728,0%@1728,0%@1728,0%@729,0%@729] GR3D_FREQ 29% cpu@57.906C soc2@55.843C soc0@57.562C gpu@58.218C tj@58.218C soc1@57.281C VDD_IN 10136mW/9879mW VDD_CPU_GPU_CV 2995mW/2852mW VDD_SOC 3880mW/3841mW
08-01-2026 01:49:22 RAM 3362/7620MB (lfb 7x1MB) SWAP 7/3810MB (cached 0MB) CPU [51%@1728,1%@1728,41%@1728,0%@1728,0%@729,0%@729] GR3D_FREQ 30% cpu@58.687C soc2@55.75C soc0@57.531C gpu@58.5C tj@58.687C soc1@57.468C VDD_IN 10080mW/9880mW VDD_CPU_GPU_CV 2995mW/2852mW VDD_SOC 3880mW/3841mW
08-01-2026 01:49:23 RAM 3362/7620MB (lfb 7x1MB) SWAP 7/3810MB (cached 0MB) CPU [0%@729,0%@729,53%@729,0%@729,35%@1728,0%@1728] GR3D_FREQ 28% cpu@58.093C soc2@55.625C soc0@57.281C gpu@58.437C tj@58.437C soc1@57.437C VDD_IN 9815mW/9880mW VDD_CPU_GPU_CV 2755mW/2852mW VDD_SOC 3880mW/3841mW
08-01-2026 01:49:24 RAM 3362/7620MB (lfb 7x1MB) SWAP 7/3810MB (cached 0MB) CPU [1%@729,1%@729,0%@729,0%@729,90%@1728,0%@1728] GR3D_FREQ 28% cpu@57.812C soc2@55.593C soc0@57.437C gpu@58.468C tj@58.468C soc1@57.468C VDD_IN 10136mW/9880mW VDD_CPU_GPU_CV 2955mW/2852mW VDD_SOC 3920mW/3841mW
08-01-2026 01:49:25 RAM 3362/7620MB (lfb 7x1MB) SWAP 7/3810MB (cached 0MB) CPU [1%@729,0%@729,0%@729,1%@729,90%@1728,0%@1728] GR3D_FREQ 27% cpu@57.906C soc2@55.593C soc0@57.343C gpu@58.437C tj@58.312C soc1@57.375C VDD_IN 10136mW/9880mW VDD_CPU_GPU_CV 2955mW/2852mW VDD_SOC 3840mW/3841mW
08-01-2026 01:49:26 RAM 3357/7620MB (lfb 7x1MB) SWAP 7/3810MB (cached 0MB) CPU [18%@1728,0%@1728,1%@1728,0%@1728,72%@729,0%@729] GR3D_FREQ 27% cpu@57.906C soc2@55.687C soc0@57.468C gpu@58.312C tj@58.312C soc1@57.343C VDD_IN 9960mW/9880mW VDD_CPU_GPU_CV 2955mW/2852mW VDD_SOC 3880mW/3841mW
08-01-2026 01:49:27 RAM 3358/7620MB (lfb 7x1MB) SWAP 7/3810MB (cached 0MB) CPU [86%@1728,1%@1728,0%@1728,1%@1728,3%@729,0%@729] GR3D_FREQ 29% cpu@58.156C soc2@55.75C soc0@57.406C gpu@58.312C tj@58.312C soc1@57.406C VDD_IN 10136mW/9880mW VDD_CPU_GPU_CV 2995mW/2852mW VDD_SOC 3880mW/3841mW
08-01-2026 01:49:28 RAM 3358/7620MB (lfb 7x1MB) SWAP 7/3810MB (cached 0MB) CPU [90%@1728,0%@1728,0%@1728,0%@1728,0%@729,0%@729] GR3D_FREQ 29% cpu@57.906C soc2@55.75C soc0@57.375C gpu@58.375C tj@58.375C soc1@57.437C VDD_IN 10216mW/9880mW VDD_CPU_GPU_CV 3035mW/2852mW VDD_SOC 3920mW/3841mW
08-01-2026 01:49:29 RAM 3358/7620MB (lfb 7x1MB) SWAP 7/3810MB (cached 0MB) CPU [89%@1728,0%@1728,0%@1728,0%@1728,0%@729,0%@729] GR3D_FREQ 30% cpu@57.875C soc2@55.812C soc0@57.468C gpu@58.312C tj@58.312C soc1@57.562C VDD_IN 10200mW/9880mW VDD_CPU_GPU_CV 3075mW/2852mW VDD_SOC 3920mW/3841mW
08-01-2026 01:49:30 RAM 3358/7620MB (lfb 7x1MB) SWAP 7/3810MB (cached 0MB) CPU [58%@1728,0%@1728,0%@1728,34%@1728,0%@729,0%@729] GR3D_FREQ 29% cpu@57.843C soc2@55.812C soc0@57.343C gpu@58.312C tj@58.312C soc1@57.375C VDD_IN 10360mW/9881mW VDD_CPU_GPU_CV 3154mW/2853mW VDD_SOC 3920mW/3841mW
08-01-2026 01:49:31 RAM 3358/7620MB (lfb 7x1MB) SWAP 7/3810MB (cached 0MB) CPU [1%@1728,0%@1728,0%@1728,90%@1728,0%@729,0%@729] GR3D_FREQ 29% cpu@58.125C soc2@55.656C soc0@57.437C gpu@58.406C tj@58.406C soc1@57.406C VDD_IN 10320mW/9881mW VDD_CPU_GPU_CV 3154mW/2853mW VDD_SOC 3920mW/3841mW
08-01-2026 01:49:32 RAM 3358/7620MB (lfb 7x1MB) SWAP 7/3810MB (cached 0MB) CPU [1%@1728,0%@1728,1%@1728,88%@1728,0%@729,0%@729] GR3D_FREQ 29% cpu@58.125C soc2@55.656C soc0@57.343C gpu@58.437C tj@58.437C soc1@57.406C VDD_IN 10176mW/9881mW VDD_CPU_GPU_CV 2915mW/2853mW VDD_SOC 3920mW/3841mW
08-01-2026 01:49:33 RAM 3359/7620MB (lfb 7x1MB) SWAP 7/3810MB (cached 0MB) CPU [1%@1728,0%@1728,0%@1728,90%@1728,0%@729,0%@729] GR3D_FREQ 30% cpu@58.062C soc2@55.593C soc0@57.218C gpu@58.593C tj@58.593C soc1@57.343C VDD_IN 10320mW/9881mW VDD_CPU_GPU_CV 3075mW/2853mW VDD_SOC 3960mW/3841mW
08-01-2026 01:49:34 RAM 3360/7620MB (lfb 7x1MB) SWAP 7/3810MB (cached 0MB) CPU [1%@1728,0%@1728,0%@1728,89%@1728,0%@729,0%@729] GR3D_FREQ 30% cpu@57.937C soc2@55.687C soc0@57.312C gpu@58.625C tj@58.625C soc1@57.468C VDD_IN 10360mW/9882mW VDD_CPU_GPU_CV 3115mW/2853mW VDD_SOC 3920mW/3841mW
08-01-2026 01:49:35 RAM 3360/7620MB (lfb 7x1MB) SWAP 7/3810MB (cached 0MB) CPU [1%@1728,0%@1728,1%@1728,90%@1728,0%@729,0%@729] GR3D_FREQ 30% cpu@58.093C soc2@55.75C soc0@57.406C gpu@58.593C tj@58.593C soc1@57.312C VDD_IN 10360mW/9882mW VDD_CPU_GPU_CV 3115mW/2853mW VDD_SOC 3960mW/3842mW
08-01-2026 01:49:36 RAM 3357/7620MB (lfb 7x1MB) SWAP 7/3810MB (cached 0MB) CPU [37%@1728,0%@1728,0%@1728,55%@1728,0%@729,0%@729] GR3D_FREQ 29% cpu@57.812C soc2@55.875C soc0@57.468C gpu@58.656C tj@58.656C soc1@57.375C VDD_IN 10200mW/9882mW VDD_CPU_GPU_CV 3115mW/2853mW VDD_SOC 3920mW/3842mW
08-01-2026 01:49:37 RAM 3357/7620MB (lfb 7x1MB) SWAP 7/3810MB (cached 0MB) CPU [56%@1728,33%@1728,1%@1728,0%@1728,0%@729,0%@729] GR3D_FREQ 29% cpu@58.125C soc2@55.625C soc0@57.312C gpu@58.718C tj@58.718C soc1@57.406C VDD_IN 10280mW/9882mW VDD_CPU_GPU_CV 3075mW/2853mW VDD_SOC 3920mW/3842mW
08-01-2026 01:49:38 RAM 3357/7620MB (lfb 7x1MB) SWAP 7/3810MB (cached 0MB) CPU [0%@1728,90%@1728,0%@1728,0%@1728,0%@729,1%@729] GR3D_FREQ 30% cpu@57.937C soc2@55.718C soc0@57.218C gpu@58.687C tj@58.687C soc1@57.5C VDD_IN 10320mW/9883mW VDD_CPU_GPU_CV 3115mW/2854mW VDD_SOC 3920mW/3842mW
08-01-2026 01:49:39 RAM 3358/7620MB (lfb 7x1MB) SWAP 7/3810MB (cached 0MB) CPU [29%@1728,62%@1728,0%@1728,0%@1728,0%@729,0%@729] GR3D_FREQ 27% cpu@58.156C soc2@55.781C soc0@57.312C gpu@58.625C tj@58.625C soc1@57.5C VDD_IN 10240mW/9883mW VDD_CPU_GPU_CV 3115mW/2854mW VDD_SOC 3960mW/3842mW
08-01-2026 01:49:40 RAM 3358/7620MB (lfb 7x1MB) SWAP 7/3810MB (cached 0MB) CPU [91%@1728,0%@1728,0%@1728,1%@1728,0%@729,0%@729] GR3D_FREQ 30% cpu@57.875C soc2@55.875C soc0@57.375C gpu@58.75C tj@58.75C soc1@57.593C VDD_IN 10360mW/9883mW VDD_CPU_GPU_CV 3154mW/2854mW VDD_SOC 3960mW/3842mW
08-01-2026 01:49:41 RAM 3358/7620MB (lfb 7x1MB) SWAP 7/3810MB (cached 0MB) CPU [91%@1728,0%@1728,0%@1728,0%@1728,0%@729,0%@729] GR3D_FREQ 29% cpu@58.031C soc2@55.812C soc0@57.5C gpu@58.406C tj@58.406C soc1@57.343C VDD_IN 10320mW/9883mW VDD_CPU_GPU_CV 3154mW/2854mW VDD_SOC 3920mW/3842mW
08-01-2026 01:49:42 RAM 3358/7620MB (lfb 7x1MB) SWAP 7/3810MB (cached 0MB) CPU [58%@1728,0%@1728,32%@1728,0%@1728,0%@729,0%@729] GR3D_FREQ 28% cpu@58.406C soc2@55.687C soc0@57.406C gpu@58.437C tj@58.437C soc1@57.437C VDD_IN 10320mW/9884mW VDD_CPU_GPU_CV 3075mW/2854mW VDD_SOC 3920mW/3842mW
08-01-2026 01:49:43 RAM 3359/7620MB (lfb 7x1MB) SWAP 7/3810MB (cached 0MB) CPU [1%@1728,1%@1728,58%@1728,34%@1728,0%@729,1%@729] GR3D_FREQ 29% cpu@57.906C soc2@55.781C soc0@57.375C gpu@58.5C tj@58.5C soc1@57.468C VDD_IN 10520mW/9884mW VDD_CPU_GPU_CV 3194mW/2854mW VDD_SOC 3920mW/3842mW
08-01-2026 01:49:44 RAM 3359/7620MB (lfb 7x1MB) SWAP 7/3810MB (cached 0MB) CPU [1%@1728,0%@1728,0%@1728,87%@1728,0%@729,0%@729] GR3D_FREQ 29% cpu@57.843C soc2@55.718C soc0@57.375C gpu@58.468C tj@58.468C soc1@57.531C VDD_IN 10176mW/9884mW VDD_CPU_GPU_CV 2915mW/2854mW VDD_SOC 3960mW/3842mW
08-01-2026 01:49:45 RAM 3359/7620MB (lfb 7x1MB) SWAP 7/3810MB (cached 0MB) CPU [0%@1728,0%@1728,0%@1728,90%@1728,0%@729,0%@729] GR3D_FREQ 29% cpu@57.906C soc2@55.687C soc0@57.5C gpu@58.406C tj@58.406C soc1@57.531C VDD_IN 10400mW/9884mW VDD_CPU_GPU_CV 3154mW/2855mW VDD_SOC 3960mW/3842mW
08-01-2026 01:49:46 RAM 3359/7620MB (lfb 7x1MB) SWAP 7/3810MB (cached 0MB) CPU [1%@1728,0%@1728,0%@1728,89%@1728,0%@729,0%@729] GR3D_FREQ 28% cpu@57.968C soc2@55.687C soc0@57.406C gpu@58.281C tj@58.281C soc1@57.406C VDD_IN 10400mW/9885mW VDD_CPU_GPU_CV 3194mW/2855mW VDD_SOC 3920mW/3842mW
08-01-2026 01:49:47 RAM 3359/7620MB (lfb 7x1MB) SWAP 7/3810MB (cached 0MB) CPU [1%@1728,0%@1728,0%@1728,90%@1728,0%@729,0%@729] GR3D_FREQ 30% cpu@58.25C soc2@55.656C soc0@57.343C gpu@58.312C tj@58.312C soc1@57.406C VDD_IN 10360mW/9885mW VDD_CPU_GPU_CV 3154mW/2855mW VDD_SOC 4000mW/3842mW
08-01-2026 01:49:48 RAM 3359/7620MB (lfb 7x1MB) SWAP 7/3810MB (cached 0MB) CPU [0%@1728,0%@1728,0%@1728,90%@1728,0%@729,0%@729] GR3D_FREQ 28% cpu@57.875C soc2@55.593C soc0@57.5C gpu@58.343C tj@58.343C soc1@57.406C VDD_IN 10480mW/9885mW VDD_CPU_GPU_CV 3115mW/2855mW VDD_SOC 3960mW/3842mW
08-01-2026 01:49:49 RAM 3359/7620MB (lfb 7x1MB) SWAP 7/3810MB (cached 0MB) CPU [2%@1728,1%@1728,0%@1728,90%@1728,0%@729,0%@729] GR3D_FREQ 27% cpu@57.906C soc2@55.625C soc0@57.343C gpu@58.312C tj@58.312C soc1@57.5C VDD_IN 10480mW/9886mW VDD_CPU_GPU_CV 3194mW/2855mW VDD_SOC 3960mW/3842mW
08-01-2026 01:49:50 RAM 3359/7620MB (lfb 7x1MB) SWAP 7/3810MB (cached 0MB) CPU [0%@1728,33%@1728,0%@1728,57%@1728,0%@729,0%@729] GR3D_FREQ 28% cpu@57.75C soc2@55.75C soc0@57.437C gpu@58.343C tj@58.343C soc1@57.531C VDD_IN 10440mW/9886mW VDD_CPU_GPU_CV 3154mW/2856mW VDD_SOC 3960mW/3842mW
08-01-2026 01:49:51 RAM 3359/7620MB (lfb 7x1MB) SWAP 7/3810MB (cached 0MB) CPU [1%@1728,90%@1728,0%@1728,0%@1728,0%@729,0%@729] GR3D_FREQ 27% cpu@57.843C soc2@55.843C soc0@57.468C gpu@58.375C tj@58.375C soc1@57.375C VDD_IN 10480mW/9886mW VDD_CPU_GPU_CV 3154mW/2856mW VDD_SOC 3920mW/3842mW
08-01-2026 01:49:52 RAM 3359/7620MB (lfb 7x1MB) SWAP 7/3810MB (cached 0MB) CPU [1%@1728,90%@1728,0%@1728,0%@1728,0%@729,0%@729] GR3D_FREQ 29% cpu@58C soc2@55.718C soc0@57.531C gpu@58.437C tj@58.437C soc1@57.437C VDD_IN 10320mW/9887mW VDD_CPU_GPU_CV 3154mW/2856mW VDD_SOC 3920mW/3843mW
08-01-2026 01:49:53 RAM 3359/7620MB (lfb 7x1MB) SWAP 7/3810MB (cached 0MB) CPU [1%@1728,56%@1728,33%@1728,0%@1728,0%@729,0%@729] GR3D_FREQ 27% cpu@58.375C soc2@55.75C soc0@57.468C gpu@58.531C tj@58.531C soc1@57.531C VDD_IN 10240mW/9887mW VDD_CPU_GPU_CV 3115mW/2856mW VDD_SOC 3960mW/3843mW
08-01-2026 01:49:54 RAM 3359/7620MB (lfb 7x1MB) SWAP 7/3810MB (cached 0MB) CPU [1%@1728,0%@1728,91%@1728,0%@1728,0%@729,0%@729] GR3D_FREQ 28% cpu@58.375C soc2@55.812C soc0@57.468C gpu@58.562C tj@58.562C soc1@57.656C VDD_IN 10440mW/9887mW VDD_CPU_GPU_CV 3115mW/2856mW VDD_SOC 3920mW/3843mW
08-01-2026 01:49:55 RAM 3359/7620MB (lfb 7x1MB) SWAP 7/3810MB (cached 0MB) CPU [30%@1728,0%@1728,59%@1728,0%@1728,0%@729,0%@729] GR3D_FREQ 27% cpu@58C soc2@55.843C soc0@57.406C gpu@58.531C tj@58.531C soc1@57.406C VDD_IN 10136mW/9887mW VDD_CPU_GPU_CV 2835mW/2856mW VDD_SOC 3920mW/3843mW
08-01-2026 01:49:56 RAM 3359/7620MB (lfb 7x1MB) SWAP 7/3810MB (cached 0MB) CPU [89%@1728,1%@1728,0%@1728,0%@1728,0%@729,0%@729] GR3D_FREQ 29% cpu@57.937C soc2@55.781C soc0@57.468C gpu@58.468C tj@58.468C soc1@57.406C VDD_IN 10400mW/9887mW VDD_CPU_GPU_CV 3154mW/2856mW VDD_SOC 4000mW/3843mW
08-01-2026 01:49:57 RAM 3359/7620MB (lfb 7x1MB) SWAP 7/3810MB (cached 0MB) CPU [91%@1728,0%@1728,0%@1728,0%@1728,0%@729,0%@729] GR3D_FREQ 29% cpu@58.187C soc2@55.843C soc0@57.406C gpu@58.437C tj@58.437C soc1@57.468C VDD_IN 10480mW/9888mW VDD_CPU_GPU_CV 3274mW/2857mW VDD_SOC 4000mW/3843mW
08-01-2026 01:49:58 RAM 3359/7620MB (lfb 7x1MB) SWAP 7/3810MB (cached 0MB) CPU [92%@1728,0%@1728,0%@1728,0%@1728,0%@729,0%@729] GR3D_FREQ 29% cpu@57.843C soc2@55.812C soc0@57.531C gpu@58.531C tj@58.531C soc1@57.5C VDD_IN 10480mW/9888mW VDD_CPU_GPU_CV 3274mW/2857mW VDD_SOC 3960mW/3843mW
08-01-2026 01:49:59 RAM 3359/7620MB (lfb 7x1MB) SWAP 7/3810MB (cached 0MB) CPU [60%@1728,31%@1728,0%@1728,0%@1728,0%@729,0%@729] GR3D_FREQ 29% cpu@57.906C soc2@55.812C soc0@57.562C gpu@58.468C tj@58.468C soc1@57.593C VDD_IN 10520mW/9889mW VDD_CPU_GPU_CV 3234mW/2857mW VDD_SOC 3960mW/3843mW
08-01-2026 01:50:00 RAM 3359/7620MB (lfb 7x1MB) SWAP 7/3810MB (cached 0MB) CPU [1%@1728,90%@1728,1%@1728,0%@1728,0%@729,0%@729] GR3D_FREQ 27% cpu@58.031C soc2@55.843C soc0@57.406C gpu@58.468C tj@58.468C soc1@57.468C VDD_IN 10400mW/9889mW VDD_CPU_GPU_CV 3154mW/2857mW VDD_SOC 3960mW/3843mW
08-01-2026 01:50:01 RAM 3359/7620MB (lfb 7x1MB) SWAP 7/3810MB (cached 0MB) CPU [1%@1728,90%@1728,0%@1728,0%@1728,0%@729,0%@729] GR3D_FREQ 29% cpu@57.968C soc2@55.718C soc0@57.531C gpu@58.812C tj@58.812C soc1@57.531C VDD_IN 10360mW/9889mW VDD_CPU_GPU_CV 3194mW/2857mW VDD_SOC 3960mW/3843mW
08-01-2026 01:50:02 RAM 3359/7620MB (lfb 7x1MB) SWAP 7/3810MB (cached 0MB) CPU [0%@1728,89%@1728,1%@1728,0%@1728,0%@729,0%@729] GR3D_FREQ 28% cpu@57.968C soc2@55.812C soc0@57.375C gpu@58.75C tj@58.75C soc1@57.562C VDD_IN 10320mW/9889mW VDD_CPU_GPU_CV 3154mW/2858mW VDD_SOC 3920mW/3843mW
08-01-2026 01:50:03 RAM 3359/7620MB (lfb 7x1MB) SWAP 7/3810MB (cached 0MB) CPU [2%@1728,89%@1728,0%@1728,0%@1728,0%@729,0%@729] GR3D_FREQ 30% cpu@57.781C soc2@55.718C soc0@57.562C gpu@58.843C tj@58.843C soc1@57.562C VDD_IN 10360mW/9890mW VDD_CPU_GPU_CV 3075mW/2858mW VDD_SOC 3920mW/3843mW
08-01-2026 01:50:04 RAM 3359/7620MB (lfb 7x1MB) SWAP 7/3810MB (cached 0MB) CPU [0%@1728,90%@1728,0%@1728,0%@1728,0%@729,0%@729] GR3D_FREQ 28% cpu@57.843C soc2@55.687C soc0@57.468C gpu@58.843C tj@58.843C soc1@57.437C VDD_IN 10280mW/9890mW VDD_CPU_GPU_CV 3154mW/2858mW VDD_SOC 3960mW/3843mW
08-01-2026 01:50:05 RAM 3359/7620MB (lfb 7x1MB) SWAP 7/3810MB (cached 0MB) CPU [1%@1728,89%@1728,0%@1728,0%@1728,0%@729,0%@729] GR3D_FREQ 29% cpu@57.906C soc2@55.656C soc0@57.687C gpu@58.437C tj@58.437C soc1@57.406C VDD_IN 10400mW/9890mW VDD_CPU_GPU_CV 3115mW/2858mW VDD_SOC 3960mW/3843mW
08-01-2026 01:50:06 RAM 3359/7620MB (lfb 7x1MB) SWAP 7/3810MB (cached 0MB) CPU [0%@1728,90%@1728,0%@1728,0%@1728,0%@729,0%@729] GR3D_FREQ 28% cpu@57.875C soc2@55.656C soc0@57.406C gpu@58.406C tj@58.406C soc1@57.437C VDD_IN 10400mW/9890mW VDD_CPU_GPU_CV 3154mW/2858mW VDD_SOC 3960mW/3843mW
08-01-2026 01:50:07 RAM 3359/7620MB (lfb 7x1MB) SWAP 7/3810MB (cached 0MB) CPU [1%@1728,90%@1728,1%@1728,1%@1728,1%@729,0%@729] GR3D_FREQ 30% cpu@58C soc2@55.812C soc0@57.531C gpu@58.437C tj@58.437C soc1@57.531C VDD_IN 10440mW/9891mW VDD_CPU_GPU_CV 3154mW/2858mW VDD_SOC 3920mW/3843mW
08-01-2026 01:50:08 RAM 3359/7620MB (lfb 7x1MB) SWAP 7/3810MB (cached 0MB) CPU [1%@1728,90%@1728,1%@1728,0%@1728,0%@729,0%@729] GR3D_FREQ 29% cpu@57.75C soc2@55.812C soc0@57.468C gpu@58.5C tj@58.5C soc1@57.5C VDD_IN 10360mW/9891mW VDD_CPU_GPU_CV 3115mW/2858mW VDD_SOC 3920mW/3843mW
08-01-2026 01:50:09 RAM 3359/7620MB (lfb 7x1MB) SWAP 7/3810MB (cached 0MB) CPU [1%@1728,90%@1728,0%@1728,0%@1728,0%@729,1%@729] GR3D_FREQ 30% cpu@57.781C soc2@55.875C soc0@57.468C gpu@58.562C tj@58.562C soc1@57.406C VDD_IN 10280mW/9891mW VDD_CPU_GPU_CV 3115mW/2859mW VDD_SOC 3920mW/3844mW
08-01-2026 01:50:10 RAM 3359/7620MB (lfb 7x1MB) SWAP 7/3810MB (cached 0MB) CPU [1%@1728,90%@1728,1%@1728,0%@1728,0%@729,0%@729] GR3D_FREQ 30% cpu@57.937C soc2@55.812C soc0@57.625C gpu@58.5C tj@58.5C soc1@57.375C VDD_IN 10280mW/9891mW VDD_CPU_GPU_CV 3075mW/2859mW VDD_SOC 3960mW/3844mW
08-01-2026 01:50:11 RAM 3359/7620MB (lfb 7x1MB) SWAP 7/3810MB (cached 0MB) CPU [0%@1728,90%@1728,0%@1728,0%@1728,0%@729,0%@729] GR3D_FREQ 30% cpu@58.093C soc2@55.75C soc0@57.406C gpu@58.406C tj@58.406C soc1@57.468C VDD_IN 10200mW/9892mW VDD_CPU_GPU_CV 3115mW/2859mW VDD_SOC 3920mW/3844mW
08-01-2026 01:50:12 RAM 3359/7620MB (lfb 7x1MB) SWAP 7/3810MB (cached 0MB) CPU [1%@1728,90%@1728,1%@1728,0%@1728,0%@729,0%@729] GR3D_FREQ 30% cpu@58.062C soc2@55.812C soc0@57.437C gpu@58.343C tj@58.343C soc1@57.468C VDD_IN 10240mW/9892mW VDD_CPU_GPU_CV 3115mW/2859mW VDD_SOC 3920mW/3844mW
08-01-2026 01:50:13 RAM 3359/7620MB (lfb 7x1MB) SWAP 7/3810MB (cached 0MB) CPU [1%@1728,91%@1728,1%@1728,0%@1728,0%@729,1%@729] GR3D_FREQ 30% cpu@57.812C soc2@55.812C soc0@57.531C gpu@58.375C tj@58.375C soc1@57.5C VDD_IN 10320mW/9892mW VDD_CPU_GPU_CV 3035mW/2859mW VDD_SOC 3880mW/3844mW
08-01-2026 01:50:14 RAM 3359/7620MB (lfb 7x1MB) SWAP 7/3810MB (cached 0MB) CPU [1%@1728,90%@1728,0%@1728,1%@1728,0%@729,0%@729] GR3D_FREQ 27% cpu@57.718C soc2@55.75C soc0@57.593C gpu@58.375C tj@58.375C soc1@57.437C VDD_IN 10120mW/9892mW VDD_CPU_GPU_CV 3035mW/2859mW VDD_SOC 3880mW/3844mW
08-01-2026 01:50:15 RAM 3359/7620MB (lfb 7x1MB) SWAP 7/3810MB (cached 0MB) CPU [1%@1728,91%@1728,1%@1728,0%@1728,0%@729,0%@729] GR3D_FREQ 28% cpu@58C soc2@55.593C soc0@57.562C gpu@58.375C tj@58.375C soc1@57.406C VDD_IN 10120mW/9892mW VDD_CPU_GPU_CV 3035mW/2859mW VDD_SOC 3920mW/3844mW
08-01-2026 01:50:16 RAM 3359/7620MB (lfb 7x1MB) SWAP 7/3810MB (cached 0MB) CPU [2%@1728,86%@1728,1%@1728,1%@1728,0%@729,0%@729] GR3D_FREQ 30% cpu@57.875C soc2@55.75C soc0@57.5C gpu@58.343C tj@58.343C soc1@57.468C VDD_IN 9895mW/9892mW VDD_CPU_GPU_CV 2795mW/2859mW VDD_SOC 3920mW/3844mW
08-01-2026 01:50:17 RAM 3359/7620MB (lfb 7x1MB) SWAP 7/3810MB (cached 0MB) CPU [0%@1728,90%@1728,0%@1728,0%@1728,0%@729,0%@729] GR3D_FREQ 29% cpu@57.937C soc2@55.75C soc0@57.406C gpu@58.343C tj@58.343C soc1@57.468C VDD_IN 10160mW/9892mW VDD_CPU_GPU_CV 3035mW/2859mW VDD_SOC 3920mW/3844mW
08-01-2026 01:50:18 RAM 3359/7620MB (lfb 7x1MB) SWAP 7/3810MB (cached 0MB) CPU [1%@1728,91%@1728,0%@1728,0%@1728,0%@729,0%@729] GR3D_FREQ 28% cpu@57.781C soc2@55.812C soc0@57.531C gpu@58.593C tj@58.593C soc1@57.531C VDD_IN 10200mW/9893mW VDD_CPU_GPU_CV 3075mW/2859mW VDD_SOC 3880mW/3844mW
08-01-2026 01:50:19 RAM 3359/7620MB (lfb 7x1MB) SWAP 7/3810MB (cached 0MB) CPU [1%@1728,89%@1728,0%@1728,0%@1728,0%@729,0%@729] GR3D_FREQ 30% cpu@57.968C soc2@55.812C soc0@57.593C gpu@58.593C tj@58.593C soc1@57.406C VDD_IN 10160mW/9893mW VDD_CPU_GPU_CV 2995mW/2860mW VDD_SOC 3920mW/3844mW
08-01-2026 01:50:20 RAM 3359/7620MB (lfb 7x1MB) SWAP 7/3810MB (cached 0MB) CPU [1%@1728,90%@1728,0%@1728,0%@1728,0%@729,0%@729] GR3D_FREQ 28% cpu@57.875C soc2@55.781C soc0@57.656C gpu@58.625C tj@58.625C soc1@57.437C VDD_IN 10096mW/9893mW VDD_CPU_GPU_CV 2995mW/2860mW VDD_SOC 3880mW/3844mW
08-01-2026 01:50:21 RAM 3359/7620MB (lfb 7x1MB) SWAP 7/3810MB (cached 0MB) CPU [1%@1728,89%@1728,1%@1728,0%@1728,0%@729,0%@729] GR3D_FREQ 27% cpu@58.031C soc2@55.781C soc0@57.406C gpu@58.656C tj@58.656C soc1@57.468C VDD_IN 10216mW/9893mW VDD_CPU_GPU_CV 2995mW/2860mW VDD_SOC 3880mW/3844mW
08-01-2026 01:50:22 RAM 3359/7620MB (lfb 7x1MB) SWAP 7/3810MB (cached 0MB) CPU [1%@1728,90%@1728,0%@1728,0%@1728,0%@729,0%@729] GR3D_FREQ 28% cpu@57.687C soc2@55.812C soc0@57.468C gpu@58.375C tj@58.375C soc1@57.531C VDD_IN 10016mW/9893mW VDD_CPU_GPU_CV 2955mW/2860mW VDD_SOC 3920mW/3844mW
08-01-2026 01:50:23 RAM 3359/7620MB (lfb 7x1MB) SWAP 7/3810MB (cached 0MB) CPU [0%@1728,90%@1728,1%@1728,0%@1728,0%@729,0%@729] GR3D_FREQ 28% cpu@58.031C soc2@55.812C soc0@57.625C gpu@58.437C tj@58.437C soc1@57.625C VDD_IN 10080mW/9893mW VDD_CPU_GPU_CV 2995mW/2860mW VDD_SOC 3880mW/3844mW
08-01-2026 01:50:24 RAM 3359/7620MB (lfb 7x1MB) SWAP 7/3810MB (cached 0MB) CPU [1%@1728,90%@1728,0%@1728,0%@1728,0%@729,0%@729] GR3D_FREQ 30% cpu@57.875C soc2@55.812C soc0@57.531C gpu@58.437C tj@58.437C soc1@57.468C VDD_IN 10096mW/9893mW VDD_CPU_GPU_CV 2995mW/2860mW VDD_SOC 3920mW/3844mW
08-01-2026 01:50:25 RAM 3359/7620MB (lfb 7x1MB) SWAP 7/3810MB (cached 0MB) CPU [1%@1728,91%@1728,0%@1728,0%@1728,0%@729,0%@729] GR3D_FREQ 30% cpu@57.968C soc2@55.718C soc0@57.656C gpu@58.437C tj@58.437C soc1@57.468C VDD_IN 9960mW/9893mW VDD_CPU_GPU_CV 2995mW/2860mW VDD_SOC 3920mW/3844mW
08-01-2026 01:50:26 RAM 3359/7620MB (lfb 7x1MB) SWAP 7/3810MB (cached 0MB) CPU [1%@1728,89%@1728,1%@1728,0%@1728,0%@729,0%@729] GR3D_FREQ 30% cpu@58.156C soc2@55.812C soc0@57.468C gpu@58.5C tj@58.5C soc1@57.593C VDD_IN 9975mW/9893mW VDD_CPU_GPU_CV 2915mW/2860mW VDD_SOC 3880mW/3844mW
08-01-2026 01:50:27 RAM 3359/7620MB (lfb 7x1MB) SWAP 7/3810MB (cached 0MB) CPU [1%@1728,90%@1728,1%@1728,0%@1728,0%@729,0%@729] GR3D_FREQ 29% cpu@57.781C soc2@55.812C soc0@57.5C gpu@58.468C tj@58.468C soc1@57.5C VDD_IN 10136mW/9894mW VDD_CPU_GPU_CV 2915mW/2860mW VDD_SOC 3880mW/3844mW
08-01-2026 01:50:28 RAM 3359/7620MB (lfb 7x1MB) SWAP 7/3810MB (cached 0MB) CPU [1%@1728,90%@1728,0%@1728,1%@1728,0%@729,0%@729] GR3D_FREQ 30% cpu@57.781C soc2@55.812C soc0@57.406C gpu@58.437C tj@58.437C soc1@57.687C VDD_IN 9960mW/9894mW VDD_CPU_GPU_CV 2995mW/2860mW VDD_SOC 3840mW/3844mW
08-01-2026 01:50:29 RAM 3359/7620MB (lfb 7x1MB) SWAP 7/3810MB (cached 0MB) CPU [1%@1728,90%@1728,0%@1728,0%@1728,0%@729,0%@729] GR3D_FREQ 30% cpu@57.812C soc2@55.906C soc0@57.531C gpu@58.5C tj@58.5C soc1@57.468C VDD_IN 9975mW/9894mW VDD_CPU_GPU_CV 2915mW/2860mW VDD_SOC 3840mW/3844mW
08-01-2026 01:50:30 RAM 3359/7620MB (lfb 7x1MB) SWAP 7/3810MB (cached 0MB) CPU [1%@1728,90%@1728,0%@1728,0%@1728,0%@729,0%@729] GR3D_FREQ 30% cpu@58.031C soc2@55.656C soc0@57.593C gpu@58.781C tj@58.781C soc1@57.437C VDD_IN 9960mW/9894mW VDD_CPU_GPU_CV 2955mW/2860mW VDD_SOC 3840mW/3844mW
08-01-2026 01:50:31 RAM 3359/7620MB (lfb 7x1MB) SWAP 7/3810MB (cached 0MB) CPU [1%@1728,91%@1728,0%@1728,0%@1728,0%@729,0%@729] GR3D_FREQ 29% cpu@58.156C soc2@55.781C soc0@57.5C gpu@58.281C tj@58.281C soc1@57.531C VDD_IN 9855mW/9894mW VDD_CPU_GPU_CV 2915mW/2860mW VDD_SOC 3840mW/3844mW
08-01-2026 01:50:32 RAM 3359/7620MB (lfb 7x1MB) SWAP 7/3810MB (cached 0MB) CPU [1%@1728,90%@1728,0%@1728,0%@1728,0%@729,0%@729] GR3D_FREQ 30% cpu@57.75C soc2@55.781C soc0@57.531C gpu@58.406C tj@58.406C soc1@57.5C VDD_IN 9775mW/9894mW VDD_CPU_GPU_CV 2875mW/2860mW VDD_SOC 3840mW/3844mW
08-01-2026 01:50:33 RAM 3359/7620MB (lfb 7x1MB) SWAP 7/3810MB (cached 0MB) CPU [1%@1728,41%@1728,49%@1728,0%@1728,0%@729,0%@729] GR3D_FREQ 28% cpu@58.312C soc2@55.75C soc0@57.593C gpu@58.375C tj@58.375C soc1@57.593C VDD_IN 9735mW/9893mW VDD_CPU_GPU_CV 2840mW/2860mW VDD_SOC 3800mW/3844mW
08-01-2026 01:50:34 RAM 3359/7620MB (lfb 7x1MB) SWAP 7/3810MB (cached 0MB) CPU [1%@1728,0%@1728,90%@1728,0%@1728,0%@729,0%@729] GR3D_FREQ 29% cpu@58.406C soc2@55.843C soc0@57.531C gpu@58.281C tj@58.406C soc1@57.406C VDD_IN 9815mW/9893mW VDD_CPU_GPU_CV 2755mW/2860mW VDD_SOC 3840mW/3844mW
08-01-2026 01:50:35 RAM 3359/7620MB (lfb 7x1MB) SWAP 7/3810MB (cached 0MB) CPU [1%@1728,0%@1728,89%@1728,0%@1728,0%@729,0%@729] GR3D_FREQ 27% cpu@58.468C soc2@55.75C soc0@57.593C gpu@58.312C tj@58.468C soc1@57.437C VDD_IN 9815mW/9893mW VDD_CPU_GPU_CV 2755mW/2860mW VDD_SOC 3800mW/3844mW
08-01-2026 01:50:36 RAM 3359/7620MB (lfb 7x1MB) SWAP 7/3810MB (cached 0MB) CPU [0%@1728,0%@1728,91%@1728,0%@1728,0%@729,1%@729] GR3D_FREQ 30% cpu@58.625C soc2@55.781C soc0@57.468C gpu@58.593C tj@58.625C soc1@57.468C VDD_IN 9895mW/9893mW VDD_CPU_GPU_CV 2795mW/2860mW VDD_SOC 3800mW/3844mW
08-01-2026 01:50:37 RAM 3358/7620MB (lfb 8x1MB) SWAP 7/3810MB (cached 0MB) CPU [1%@1728,0%@1728,90%@1728,1%@1728,0%@729,0%@729] GR3D_FREQ 30% cpu@58.375C soc2@55.812C soc0@57.531C gpu@58.593C tj@58.593C soc1@57.625C VDD_IN 9815mW/9893mW VDD_CPU_GPU_CV 2755mW/2860mW VDD_SOC 3840mW/3844mW
08-01-2026 01:50:38 RAM 3357/7620MB (lfb 8x1MB) SWAP 7/3810MB (cached 0MB) CPU [44%@1728,1%@1728,44%@1728,0%@1728,1%@729,0%@729] GR3D_FREQ 30% cpu@58.093C soc2@55.875C soc0@57.562C gpu@58.5C tj@58.5C soc1@57.406C VDD_IN 9615mW/9893mW VDD_CPU_GPU_CV 2640mW/2860mW VDD_SOC 3840mW/3844mW
08-01-2026 01:50:39 RAM 3358/7620MB (lfb 8x1MB) SWAP 7/3810MB (cached 0MB) CPU [90%@1728,1%@1728,0%@1728,0%@1728,0%@729,1%@729] GR3D_FREQ 27% cpu@58.062C soc2@55.875C soc0@57.625C gpu@58.656C tj@58.656C soc1@57.468C VDD_IN 9935mW/9893mW VDD_CPU_GPU_CV 2835mW/2860mW VDD_SOC 3840mW/3844mW
08-01-2026 01:50:40 RAM 3359/7620MB (lfb 8x1MB) SWAP 7/3810MB (cached 0MB) CPU [90%@1728,0%@1728,0%@1728,0%@1728,0%@729,0%@729] GR3D_FREQ 28% cpu@58.031C soc2@55.75C soc0@57.437C gpu@58.406C tj@58.406C soc1@57.468C VDD_IN 9895mW/9893mW VDD_CPU_GPU_CV 2875mW/2860mW VDD_SOC 3840mW/3844mW
08-01-2026 01:50:41 RAM 3359/7620MB (lfb 8x1MB) SWAP 7/3810MB (cached 0MB) CPU [91%@1728,0%@1728,0%@1728,0%@1728,0%@729,0%@729] GR3D_FREQ 30% cpu@58.312C soc2@55.843C soc0@57.5C gpu@58.406C tj@58.406C soc1@57.562C VDD_IN 9975mW/9893mW VDD_CPU_GPU_CV 2915mW/2860mW VDD_SOC 3840mW/3844mW
08-01-2026 01:50:43 RAM 3359/7620MB (lfb 8x1MB) SWAP 7/3810MB (cached 0MB) CPU [90%@1728,1%@1728,1%@1728,0%@1728,0%@729,0%@729] GR3D_FREQ 29% cpu@57.875C soc2@55.843C soc0@57.562C gpu@58.375C tj@58.375C soc1@57.5C VDD_IN 9935mW/9893mW VDD_CPU_GPU_CV 2915mW/2860mW VDD_SOC 3840mW/3844mW
08-01-2026 01:50:44 RAM 3359/7620MB (lfb 8x1MB) SWAP 7/3810MB (cached 0MB) CPU [89%@1728,0%@1728,0%@1728,0%@1728,0%@729,0%@729] GR3D_FREQ 29% cpu@58.031C soc2@55.843C soc0@57.562C gpu@58.437C tj@58.437C soc1@57.437C VDD_IN 9975mW/9893mW VDD_CPU_GPU_CV 2875mW/2860mW VDD_SOC 3840mW/3844mW
08-01-2026 01:50:45 RAM 3359/7620MB (lfb 8x1MB) SWAP 7/3810MB (cached 0MB) CPU [91%@1728,0%@1728,0%@1728,0%@1728,0%@729,0%@729] GR3D_FREQ 30% cpu@58.156C soc2@55.875C soc0@57.687C gpu@58.375C tj@58.375C soc1@57.562C VDD_IN 10056mW/9893mW VDD_CPU_GPU_CV 2915mW/2860mW VDD_SOC 3880mW/3844mW
08-01-2026 01:50:46 RAM 3359/7620MB (lfb 8x1MB) SWAP 7/3810MB (cached 0MB) CPU [89%@1728,0%@1728,1%@1728,0%@1728,0%@729,0%@729] GR3D_FREQ 27% cpu@58.062C soc2@55.812C soc0@57.562C gpu@58.5C tj@58.5C soc1@57.468C VDD_IN 10056mW/9894mW VDD_CPU_GPU_CV 2955mW/2860mW VDD_SOC 3880mW/3844mW
08-01-2026 01:50:47 RAM 3360/7620MB (lfb 8x1MB) SWAP 7/3810MB (cached 0MB) CPU [51%@1728,1%@1728,1%@1728,41%@1728,0%@729,0%@729] GR3D_FREQ 30% cpu@58.406C soc2@55.75C soc0@57.468C gpu@58.687C tj@58.687C soc1@57.531C VDD_IN 10040mW/9894mW VDD_CPU_GPU_CV 3035mW/2860mW VDD_SOC 3880mW/3844mW
08-01-2026 01:50:48 RAM 3357/7620MB (lfb 8x1MB) SWAP 7/3810MB (cached 0MB) CPU [0%@1728,0%@1728,0%@1728,89%@1728,0%@729,0%@729] GR3D_FREQ 30% cpu@58.156C soc2@55.75C soc0@57.531C gpu@58.625C tj@58.625C soc1@57.625C VDD_IN 10000mW/9894mW VDD_CPU_GPU_CV 2995mW/2860mW VDD_SOC 3920mW/3844mW
08-01-2026 01:50:49 RAM 3357/7620MB (lfb 8x1MB) SWAP 7/3810MB (cached 0MB) CPU [1%@1728,0%@1728,0%@1728,90%@1728,0%@729,0%@729] GR3D_FREQ 29% cpu@58.062C soc2@55.812C soc0@57.5C gpu@58.718C tj@58.718C soc1@57.5C VDD_IN 10096mW/9894mW VDD_CPU_GPU_CV 2955mW/2860mW VDD_SOC 3840mW/3844mW
08-01-2026 01:50:50 RAM 3357/7620MB (lfb 8x1MB) SWAP 7/3810MB (cached 0MB) CPU [0%@1728,0%@1728,1%@1728,90%@1728,0%@729,0%@729] GR3D_FREQ 30% cpu@58.062C soc2@55.75C soc0@57.531C gpu@58.75C tj@58.75C soc1@57.437C VDD_IN 10016mW/9894mW VDD_CPU_GPU_CV 2915mW/2860mW VDD_SOC 3880mW/3844mW
08-01-2026 01:50:51 RAM 3357/7620MB (lfb 8x1MB) SWAP 7/3810MB (cached 0MB) CPU [1%@1728,0%@1728,0%@1728,90%@1728,0%@729,0%@729] GR3D_FREQ 29% cpu@58.187C soc2@55.718C soc0@57.625C gpu@58.718C tj@58.718C soc1@57.375C VDD_IN 10056mW/9894mW VDD_CPU_GPU_CV 2915mW/2860mW VDD_SOC 3840mW/3844mW
08-01-2026 01:50:52 RAM 3358/7620MB (lfb 8x1MB) SWAP 7/3810MB (cached 0MB) CPU [1%@1728,0%@1728,1%@1728,90%@1728,0%@729,0%@729] GR3D_FREQ 30% cpu@58.281C soc2@55.812C soc0@57.562C gpu@58.781C tj@58.781C soc1@57.531C VDD_IN 10000mW/9894mW VDD_CPU_GPU_CV 2955mW/2860mW VDD_SOC 3840mW/3844mW
08-01-2026 01:50:53 RAM 3358/7620MB (lfb 8x1MB) SWAP 7/3810MB (cached 0MB) CPU [1%@1728,0%@1728,0%@1728,90%@1728,0%@729,0%@729] GR3D_FREQ 29% cpu@58.062C soc2@55.812C soc0@57.437C gpu@58.75C tj@58.75C soc1@57.562C VDD_IN 9895mW/9894mW VDD_CPU_GPU_CV 2915mW/2860mW VDD_SOC 3840mW/3844mW
08-01-2026 01:50:54 RAM 3358/7620MB (lfb 8x1MB) SWAP 7/3810MB (cached 0MB) CPU [1%@1728,1%@1728,46%@1728,44%@1728,0%@729,0%@729] GR3D_FREQ 28% cpu@58.343C soc2@55.812C soc0@57.531C gpu@58.312C tj@58.343C soc1@57.5C VDD_IN 9895mW/9894mW VDD_CPU_GPU_CV 2840mW/2860mW VDD_SOC 3840mW/3844mW
08-01-2026 01:50:55 RAM 3358/7620MB (lfb 8x1MB) SWAP 7/3810MB (cached 0MB) CPU [0%@729,1%@729,44%@729,0%@729,47%@1728,0%@1728] GR3D_FREQ 30% cpu@57.968C soc2@55.781C soc0@57.562C gpu@58.437C tj@58.437C soc1@57.531C VDD_IN 9815mW/9894mW VDD_CPU_GPU_CV 2835mW/2860mW VDD_SOC 3840mW/3844mW
08-01-2026 01:50:56 RAM 3358/7620MB (lfb 8x1MB) SWAP 7/3810MB (cached 0MB) CPU [2%@729,0%@729,0%@729,0%@729,89%@1728,0%@1728] GR3D_FREQ 28% cpu@58.093C soc2@55.656C soc0@57.625C gpu@58.5C tj@58.5C soc1@57.468C VDD_IN 9895mW/9894mW VDD_CPU_GPU_CV 2795mW/2860mW VDD_SOC 3840mW/3844mW
08-01-2026 01:50:57 RAM 3359/7620MB (lfb 8x1MB) SWAP 7/3810MB (cached 0MB) CPU [1%@729,0%@729,0%@729,0%@729,90%@1728,0%@1728] GR3D_FREQ 29% cpu@58C soc2@55.75C soc0@57.593C gpu@58.468C tj@58.468C soc1@57.531C VDD_IN 9815mW/9894mW VDD_CPU_GPU_CV 2795mW/2860mW VDD_SOC 3840mW/3844mW
08-01-2026 01:50:58 RAM 3359/7620MB (lfb 8x1MB) SWAP 7/3810MB (cached 0MB) CPU [88%@1728,0%@1728,1%@1728,0%@1728,2%@729,0%@729] GR3D_FREQ 28% cpu@57.906C soc2@55.906C soc0@57.437C gpu@58.406C tj@58.406C soc1@57.531C VDD_IN 9855mW/9894mW VDD_CPU_GPU_CV 2875mW/2860mW VDD_SOC 3840mW/3844mW
08-01-2026 01:50:59 RAM 3359/7620MB (lfb 8x1MB) SWAP 7/3810MB (cached 0MB) CPU [45%@1728,0%@1728,46%@1728,0%@1728,0%@729,0%@729] GR3D_FREQ 28% cpu@58.437C soc2@55.718C soc0@57.625C gpu@58.562C tj@58.562C soc1@57.468C VDD_IN 9855mW/9894mW VDD_CPU_GPU_CV 2880mW/2860mW VDD_SOC 3840mW/3844mW
08-01-2026 01:51:00 RAM 3359/7620MB (lfb 8x1MB) SWAP 7/3810MB (cached 0MB) CPU [47%@1728,0%@1728,44%@1728,0%@1728,0%@729,0%@729] GR3D_FREQ 27% cpu@58.218C soc2@55.875C soc0@57.687C gpu@58.343C tj@58.343C soc1@57.406C VDD_IN 9815mW/9894mW VDD_CPU_GPU_CV 2875mW/2860mW VDD_SOC 3840mW/3844mW
08-01-2026 01:51:01 RAM 3359/7620MB (lfb 8x1MB) SWAP 7/3810MB (cached 0MB) CPU [90%@1728,1%@1728,0%@1728,0%@1728,0%@729,0%@729] GR3D_FREQ 30% cpu@58.093C soc2@55.875C soc0@57.562C gpu@58.406C tj@58.406C soc1@57.531C VDD_IN 9855mW/9894mW VDD_CPU_GPU_CV 2835mW/2860mW VDD_SOC 3840mW/3844mW
08-01-2026 01:51:02 RAM 3359/7620MB (lfb 8x1MB) SWAP 7/3810MB (cached 0MB) CPU [91%@1728,0%@1728,1%@1728,0%@1728,0%@729,0%@729] GR3D_FREQ 30% cpu@58.218C soc2@55.812C soc0@57.281C gpu@58.343C tj@58.343C soc1@57.5C VDD_IN 9855mW/9894mW VDD_CPU_GPU_CV 2875mW/2860mW VDD_SOC 3840mW/3844mW
08-01-2026 01:51:03 RAM 3359/7620MB (lfb 8x1MB) SWAP 7/3810MB (cached 0MB) CPU [46%@1728,45%@1728,0%@1728,0%@1728,0%@729,0%@729] GR3D_FREQ 29% cpu@57.812C soc2@55.812C soc0@57.531C gpu@58.406C tj@58.406C soc1@57.5C VDD_IN 10056mW/9894mW VDD_CPU_GPU_CV 2835mW/2860mW VDD_SOC 3840mW/3844mW
08-01-2026 01:51:04 RAM 3359/7620MB (lfb 8x1MB) SWAP 7/3810MB (cached 0MB) CPU [1%@1728,91%@1728,0%@1728,0%@1728,0%@729,0%@729] GR3D_FREQ 30% cpu@57.875C soc2@55.812C soc0@57.562C gpu@58.375C tj@58.375C soc1@57.468C VDD_IN 9975mW/9894mW VDD_CPU_GPU_CV 2875mW/2860mW VDD_SOC 3840mW/3844mW
08-01-2026 01:51:05 RAM 3359/7620MB (lfb 8x1MB) SWAP 7/3810MB (cached 0MB) CPU [0%@1728,90%@1728,0%@1728,0%@1728,0%@729,0%@729] GR3D_FREQ 27% cpu@58.062C soc2@55.843C soc0@57.656C gpu@58.406C tj@58.406C soc1@57.5C VDD_IN 9895mW/9894mW VDD_CPU_GPU_CV 2920mW/2860mW VDD_SOC 3840mW/3844mW
08-01-2026 01:51:06 RAM 3359/7620MB (lfb 8x1MB) SWAP 7/3810MB (cached 0MB) CPU [1%@1728,91%@1728,1%@1728,0%@1728,0%@729,0%@729] GR3D_FREQ 28% cpu@57.937C soc2@55.781C soc0@57.687C gpu@58.406C tj@58.406C soc1@57.5C VDD_IN 9935mW/9894mW VDD_CPU_GPU_CV 2795mW/2860mW VDD_SOC 3840mW/3844mW
08-01-2026 01:51:07 RAM 3359/7620MB (lfb 8x1MB) SWAP 7/3810MB (cached 0MB) CPU [2%@1728,91%@1728,0%@1728,0%@1728,0%@729,0%@729] GR3D_FREQ 29% cpu@58.125C soc2@55.812C soc0@57.531C gpu@58.562C tj@58.562C soc1@57.656C VDD_IN 9935mW/9894mW VDD_CPU_GPU_CV 2795mW/2860mW VDD_SOC 3840mW/3844mW
08-01-2026 01:51:08 RAM 3359/7620MB (lfb 8x1MB) SWAP 7/3810MB (cached 0MB) CPU [0%@1728,90%@1728,0%@1728,0%@1728,0%@729,0%@729] GR3D_FREQ 30% cpu@57.781C soc2@55.718C soc0@57.593C gpu@58.593C tj@58.593C soc1@57.625C VDD_IN 9815mW/9894mW VDD_CPU_GPU_CV 2835mW/2860mW VDD_SOC 3840mW/3844mW
08-01-2026 01:51:09 RAM 3359/7620MB (lfb 8x1MB) SWAP 7/3810MB (cached 0MB) CPU [2%@1728,91%@1728,1%@1728,1%@1728,0%@729,0%@729] GR3D_FREQ 30% cpu@57.812C soc2@55.875C soc0@57.5C gpu@58.625C tj@58.625C soc1@57.531C VDD_IN 9855mW/9894mW VDD_CPU_GPU_CV 2795mW/2860mW VDD_SOC 3800mW/3844mW
08-01-2026 01:51:10 RAM 3359/7620MB (lfb 8x1MB) SWAP 7/3810MB (cached 0MB) CPU [0%@1728,91%@1728,0%@1728,0%@1728,0%@729,0%@729] GR3D_FREQ 29% cpu@58C soc2@55.906C soc0@57.656C gpu@58.562C tj@58.562C soc1@57.468C VDD_IN 9735mW/9894mW VDD_CPU_GPU_CV 2800mW/2860mW VDD_SOC 3800mW/3844mW
08-01-2026 01:51:11 RAM 3359/7620MB (lfb 8x1MB) SWAP 7/3810MB (cached 0MB) CPU [1%@1728,89%@1728,1%@1728,0%@1728,0%@729,0%@729] GR3D_FREQ 28% cpu@57.968C soc2@55.812C soc0@57.687C gpu@58.656C tj@58.656C soc1@57.5C VDD_IN 9775mW/9894mW VDD_CPU_GPU_CV 2760mW/2860mW VDD_SOC 3800mW/3844mW
08-01-2026 01:51:12 RAM 3359/7620MB (lfb 8x1MB) SWAP 7/3810MB (cached 0MB) CPU [0%@1728,90%@1728,1%@1728,0%@1728,0%@729,0%@729] GR3D_FREQ 29% cpu@58.156C soc2@55.781C soc0@57.531C gpu@58.656C tj@58.656C soc1@57.531C VDD_IN 9695mW/9894mW VDD_CPU_GPU_CV 2760mW/2860mW VDD_SOC 3800mW/3844mW
08-01-2026 01:51:13 RAM 3359/7620MB (lfb 8x1MB) SWAP 7/3810MB (cached 0MB) CPU [1%@1728,91%@1728,0%@1728,0%@1728,0%@729,0%@729] GR3D_FREQ 27% cpu@57.875C soc2@55.812C soc0@57.562C gpu@58.75C tj@58.75C soc1@57.625C VDD_IN 9775mW/9894mW VDD_CPU_GPU_CV 2720mW/2860mW VDD_SOC 3760mW/3844mW
08-01-2026 01:51:14 RAM 3359/7620MB (lfb 8x1MB) SWAP 7/3810MB (cached 0MB) CPU [2%@729,35%@729,8%@729,1%@729,49%@1728,0%@1728] GR3D_FREQ 28% cpu@58.125C soc2@55.812C soc0@57.468C gpu@58.468C tj@58.468C soc1@57.5C VDD_IN 9575mW/9893mW VDD_CPU_GPU_CV 2720mW/2860mW VDD_SOC 3806mW/3844mW
08-01-2026 01:51:15 RAM 3359/7620MB (lfb 8x1MB) SWAP 7/3810MB (cached 0MB) CPU [0%@729,0%@729,0%@729,1%@729,90%@1728,0%@1728] GR3D_FREQ 30% cpu@58.156C soc2@55.687C soc0@57.656C gpu@58.343C tj@58.343C soc1@57.531C VDD_IN 9655mW/9893mW VDD_CPU_GPU_CV 2640mW/2860mW VDD_SOC 3760mW/3844mW
08-01-2026 01:51:16 RAM 3359/7620MB (lfb 8x1MB) SWAP 7/3810MB (cached 0MB) CPU [1%@729,0%@729,0%@729,0%@729,91%@1728,0%@1728] GR3D_FREQ 29% cpu@58.281C soc2@55.656C soc0@57.375C gpu@58.75C tj@58.75C soc1@57.5C VDD_IN 9535mW/9893mW VDD_CPU_GPU_CV 2720mW/2860mW VDD_SOC 3806mW/3844mW
08-01-2026 01:51:17 RAM 3359/7620MB (lfb 8x1MB) SWAP 7/3810MB (cached 0MB) CPU [1%@729,0%@729,1%@729,0%@729,89%@1728,0%@1728] GR3D_FREQ 39% cpu@57.968C soc2@55.687C soc0@57.593C gpu@58.718C tj@58.718C soc1@57.531C VDD_IN 9535mW/9893mW VDD_CPU_GPU_CV 2640mW/2860mW VDD_SOC 3806mW/3844mW
08-01-2026 01:51:18 RAM 3359/7620MB (lfb 8x1MB) SWAP 7/3810MB (cached 0MB) CPU [0%@729,0%@729,1%@729,0%@729,90%@1728,0%@1728] GR3D_FREQ 37% cpu@58C soc2@55.718C soc0@57.531C gpu@58.718C tj@58.718C soc1@57.531C VDD_IN 9535mW/9893mW VDD_CPU_GPU_CV 2640mW/2860mW VDD_SOC 3766mW/3844mW
08-01-2026 01:51:19 RAM 3359/7620MB (lfb 8x1MB) SWAP 7/3810MB (cached 0MB) CPU [3%@729,0%@729,1%@729,0%@729,90%@1728,0%@1728] GR3D_FREQ 40% cpu@58.093C soc2@55.687C soc0@57.687C gpu@58.437C tj@58.437C soc1@57.437C VDD_IN 9535mW/9892mW VDD_CPU_GPU_CV 2640mW/2859mW VDD_SOC 3766mW/3844mW
08-01-2026 01:51:20 RAM 3359/7620MB (lfb 8x1MB) SWAP 7/3810MB (cached 0MB) CPU [0%@729,0%@729,1%@729,0%@729,33%@1728,54%@1728] GR3D_FREQ 40% cpu@57.937C soc2@55.625C soc0@57.468C gpu@58.375C tj@58.375C soc1@57.593C VDD_IN 9334mW/9892mW VDD_CPU_GPU_CV 2480mW/2859mW VDD_SOC 3766mW/3844mW
08-01-2026 01:51:21 RAM 3359/7620MB (lfb 8x1MB) SWAP 7/3810MB (cached 0MB) CPU [1%@729,0%@729,1%@729,1%@729,0%@1728,91%@1728] GR3D_FREQ 30% cpu@58.031C soc2@55.687C soc0@57.468C gpu@58.406C tj@58.406C soc1@57.562C VDD_IN 9535mW/9892mW VDD_CPU_GPU_CV 2720mW/2859mW VDD_SOC 3766mW/3844mW
08-01-2026 01:51:22 RAM 3359/7620MB (lfb 8x1MB) SWAP 7/3810MB (cached 0MB) CPU [1%@729,0%@729,1%@729,0%@729,0%@1728,90%@1728] GR3D_FREQ 40% cpu@57.687C soc2@55.812C soc0@57.562C gpu@58.437C tj@58.437C soc1@57.468C VDD_IN 9575mW/9892mW VDD_CPU_GPU_CV 2680mW/2859mW VDD_SOC 3760mW/3844mW
08-01-2026 01:51:23 RAM 3359/7620MB (lfb 8x1MB) SWAP 7/3810MB (cached 0MB) CPU [1%@729,0%@729,0%@729,0%@729,0%@1728,89%@1728] GR3D_FREQ 35% cpu@57.875C soc2@55.75C soc0@57.5C gpu@58.281C tj@58.281C soc1@57.437C VDD_IN 9495mW/9892mW VDD_CPU_GPU_CV 2640mW/2859mW VDD_SOC 3766mW/3844mW
08-01-2026 01:51:24 RAM 3359/7620MB (lfb 8x1MB) SWAP 7/3810MB (cached 0MB) CPU [1%@729,0%@729,1%@729,0%@729,0%@1728,90%@1728] GR3D_FREQ 38% cpu@57.937C soc2@55.718C soc0@57.593C gpu@58.156C tj@58.156C soc1@57.593C VDD_IN 9535mW/9891mW VDD_CPU_GPU_CV 2640mW/2859mW VDD_SOC 3760mW/3844mW
08-01-2026 01:51:25 RAM 3359/7620MB (lfb 8x1MB) SWAP 7/3810MB (cached 0MB) CPU [1%@729,0%@729,1%@729,0%@729,0%@1728,90%@1728] GR3D_FREQ 39% cpu@57.843C soc2@55.656C soc0@57.531C gpu@58.218C tj@58.218C soc1@57.531C VDD_IN 9535mW/9891mW VDD_CPU_GPU_CV 2640mW/2859mW VDD_SOC 3760mW/3844mW
08-01-2026 01:51:26 RAM 3359/7620MB (lfb 8x1MB) SWAP 7/3810MB (cached 0MB) CPU [1%@729,0%@729,2%@729,0%@729,0%@1728,90%@1728] GR3D_FREQ 37% cpu@57.75C soc2@55.718C soc0@57.437C gpu@58.312C tj@58.312C soc1@57.625C VDD_IN 9455mW/9891mW VDD_CPU_GPU_CV 2640mW/2859mW VDD_SOC 3766mW/3843mW
08-01-2026 01:51:27 RAM 3359/7620MB (lfb 8x1MB) SWAP 7/3810MB (cached 0MB) CPU [1%@729,0%@729,1%@729,0%@729,0%@1728,89%@1728] GR3D_FREQ 39% cpu@57.812C soc2@55.781C soc0@57.656C gpu@58.437C tj@58.437C soc1@57.5C VDD_IN 9495mW/9891mW VDD_CPU_GPU_CV 2600mW/2858mW VDD_SOC 3725mW/3843mW
08-01-2026 01:51:28 RAM 3359/7620MB (lfb 8x1MB) SWAP 7/3810MB (cached 0MB) CPU [1%@729,0%@729,1%@729,0%@729,0%@1728,89%@1728] GR3D_FREQ 40% cpu@57.843C soc2@55.812C soc0@57.593C gpu@58.437C tj@58.437C soc1@57.562C VDD_IN 9415mW/9891mW VDD_CPU_GPU_CV 2640mW/2858mW VDD_SOC 3725mW/3843mW
08-01-2026 01:51:29 RAM 3359/7620MB (lfb 8x1MB) SWAP 7/3810MB (cached 0MB) CPU [0%@729,0%@729,1%@729,0%@729,0%@1728,100%@1728] GR3D_FREQ 0% cpu@57.687C soc2@55.5C soc0@57.437C gpu@58.218C tj@58.218C soc1@57.468C VDD_IN 7905mW/9889mW VDD_CPU_GPU_CV 1442mW/2858mW VDD_SOC 3491mW/3843mW
08-01-2026 01:51:30 RAM 3315/7620MB (lfb 20x2MB) SWAP 7/3810MB (cached 0MB) CPU [0%@729,0%@729,0%@729,0%@729,0%@1728,100%@1728] GR3D_FREQ 0% cpu@57.406C soc2@55.406C soc0@57.343C gpu@58.062C tj@58.062C soc1@57.437C VDD_IN 7624mW/9888mW VDD_CPU_GPU_CV 1282mW/2857mW VDD_SOC 3451mW/3843mW
08-01-2026 01:51:31 RAM 1803/7620MB (lfb 61x4MB) SWAP 7/3810MB (cached 0MB) CPU [28%@729,0%@729,0%@729,0%@729,24%@729,14%@729] GR3D_FREQ 0% cpu@57.031C soc2@55.312C soc0@57.25C gpu@57.687C tj@57.687C soc1@57.25C VDD_IN 6650mW/9886mW VDD_CPU_GPU_CV 920mW/2856mW VDD_SOC 3160mW/3843mW
08-01-2026 01:51:32 RAM 1803/7620MB (lfb 61x4MB) SWAP 7/3810MB (cached 0MB) CPU [1%@729,0%@729,1%@729,0%@729,0%@729,0%@729] GR3D_FREQ 0% cpu@56.906C soc2@55.062C soc0@57.281C gpu@57.562C tj@57.562C soc1@57.125C VDD_IN 5670mW/9884mW VDD_CPU_GPU_CV 559mW/2854mW VDD_SOC 2875mW/3842mW
08-01-2026 01:51:33 RAM 1803/7620MB (lfb 61x4MB) SWAP 7/3810MB (cached 0MB) CPU [1%@729,0%@729,1%@729,0%@729,0%@729,0%@729] GR3D_FREQ 0% cpu@56.5C soc2@55C soc0@57C gpu@57.656C tj@57.656C soc1@57.093C VDD_IN 5551mW/9882mW VDD_CPU_GPU_CV 519mW/2853mW VDD_SOC 2835mW/3842mW
08-01-2026 01:51:34 RAM 1803/7620MB (lfb 61x4MB) SWAP 7/3810MB (cached 0MB) CPU [0%@729,0%@729,0%@729,1%@729,0%@729,0%@729] GR3D_FREQ 0% cpu@56.406C soc2@54.906C soc0@56.937C gpu@57.531C tj@57.531C soc1@56.968C VDD_IN 5511mW/9880mW VDD_CPU_GPU_CV 519mW/2852mW VDD_SOC 2835mW/3841mW
08-01-2026 01:51:35 RAM 1803/7620MB (lfb 61x4MB) SWAP 7/3810MB (cached 0MB) CPU [1%@729,1%@729,0%@729,1%@729,0%@729,0%@729] GR3D_FREQ 0% cpu@56.468C soc2@54.781C soc0@56.906C gpu@57.5C tj@57.5C soc1@56.843C VDD_IN 5511mW/9877mW VDD_CPU_GPU_CV 519mW/2851mW VDD_SOC 2835mW/3840mW
08-01-2026 01:51:36 RAM 1803/7620MB (lfb 61x4MB) SWAP 7/3810MB (cached 0MB) CPU [0%@729,0%@729,0%@729,0%@729,0%@729,0%@729] GR3D_FREQ 0% cpu@56.656C soc2@54.625C soc0@56.812C gpu@57.218C tj@57.218C soc1@56.75C VDD_IN 5511mW/9875mW VDD_CPU_GPU_CV 519mW/2849mW VDD_SOC 2835mW/3840mW
08-01-2026 01:51:37 RAM 1803/7620MB (lfb 61x4MB) SWAP 7/3810MB (cached 0MB) CPU [0%@729,0%@729,0%@729,1%@729,0%@729,0%@729] GR3D_FREQ 0% cpu@56.281C soc2@54.656C soc0@56.718C gpu@57.093C tj@57.093C soc1@56.687C VDD_IN 5511mW/9872mW VDD_CPU_GPU_CV 519mW/2848mW VDD_SOC 2835mW/3839mW
08-01-2026 01:51:38 RAM 1803/7620MB (lfb 61x4MB) SWAP 7/3810MB (cached 0MB) CPU [0%@729,0%@729,1%@729,0%@729,0%@729,0%@729] GR3D_FREQ 0% cpu@56.25C soc2@54.593C soc0@56.718C gpu@57.281C tj@57.281C soc1@56.718C VDD_IN 5511mW/9870mW VDD_CPU_GPU_CV 519mW/2847mW VDD_SOC 2835mW/3839mW
08-01-2026 01:51:39 RAM 1803/7620MB (lfb 61x4MB) SWAP 7/3810MB (cached 0MB) CPU [1%@729,0%@729,0%@729,1%@729,0%@729,0%@729] GR3D_FREQ 0% cpu@56.125C soc2@54.437C soc0@56.687C gpu@57.25C tj@57.25C soc1@56.562C VDD_IN 5511mW/9868mW VDD_CPU_GPU_CV 519mW/2846mW VDD_SOC 2795mW/3838mW
08-01-2026 01:51:40 RAM 1803/7620MB (lfb 61x4MB) SWAP 7/3810MB (cached 0MB) CPU [0%@729,0%@729,0%@729,0%@729,0%@729,0%@729] GR3D_FREQ 0% cpu@56C soc2@54.375C soc0@56.406C gpu@56.875C tj@56.875C soc1@56.531C VDD_IN 5511mW/9865mW VDD_CPU_GPU_CV 519mW/2844mW VDD_SOC 2795mW/3838mW
08-01-2026 01:51:41 RAM 1803/7620MB (lfb 61x4MB) SWAP 7/3810MB (cached 0MB) CPU [1%@729,0%@729,1%@729,0%@729,0%@729,0%@729] GR3D_FREQ 0% cpu@55.937C soc2@54.281C soc0@56.437C gpu@56.968C tj@56.968C soc1@56.5C VDD_IN 5511mW/9863mW VDD_CPU_GPU_CV 519mW/2843mW VDD_SOC 2795mW/3837mW
08-01-2026 01:51:42 RAM 1803/7620MB (lfb 61x4MB) SWAP 7/3810MB (cached 0MB) CPU [0%@729,0%@729,0%@729,0%@729,0%@729,0%@729] GR3D_FREQ 0% cpu@55.906C soc2@54.218C soc0@56.343C gpu@56.718C tj@56.718C soc1@56.312C VDD_IN 5511mW/9861mW VDD_CPU_GPU_CV 519mW/2842mW VDD_SOC 2835mW/3837mW
08-01-2026 01:51:43 RAM 1803/7620MB (lfb 61x4MB) SWAP 7/3810MB (cached 0MB) CPU [0%@729,0%@729,1%@729,0%@729,0%@729,0%@729] GR3D_FREQ 0% cpu@56.031C soc2@54.156C soc0@56.312C gpu@56.625C tj@56.625C soc1@56.312C VDD_IN 5511mW/9858mW VDD_CPU_GPU_CV 519mW/2841mW VDD_SOC 2795mW/3836mW
08-01-2026 01:51:44 RAM 1803/7620MB (lfb 61x4MB) SWAP 7/3810MB (cached 0MB) CPU [1%@729,0%@729,0%@729,0%@729,0%@729,0%@729] GR3D_FREQ 0% cpu@55.625C soc2@54.125C soc0@56.25C gpu@56.843C tj@56.843C soc1@56.187C VDD_IN 5511mW/9856mW VDD_CPU_GPU_CV 519mW/2839mW VDD_SOC 2795mW/3835mW
08-01-2026 01:51:45 RAM 1803/7620MB (lfb 61x4MB) SWAP 7/3810MB (cached 0MB) CPU [0%@729,0%@729,0%@729,0%@729,0%@729,0%@729] GR3D_FREQ 0% cpu@55.625C soc2@53.968C soc0@56.281C gpu@56.718C tj@56.718C soc1@56.062C VDD_IN 5511mW/9854mW VDD_CPU_GPU_CV 519mW/2838mW VDD_SOC 2795mW/3835mW
08-01-2026 01:51:46 RAM 1803/7620MB (lfb 61x4MB) SWAP 7/3810MB (cached 0MB) CPU [0%@729,0%@729,0%@729,0%@729,0%@729,0%@729] GR3D_FREQ 0% cpu@55.781C soc2@53.937C soc0@56.062C gpu@56.718C tj@56.718C soc1@56.062C VDD_IN 5511mW/9851mW VDD_CPU_GPU_CV 519mW/2837mW VDD_SOC 2795mW/3834mW
08-01-2026 01:51:47 RAM 1803/7620MB (lfb 61x4MB) SWAP 7/3810MB (cached 0MB) CPU [0%@729,0%@729,1%@729,0%@729,0%@729,0%@729] GR3D_FREQ 0% cpu@55.375C soc2@53.906C soc0@56.125C gpu@56.375C tj@56.375C soc1@56.062C VDD_IN 5511mW/9849mW VDD_CPU_GPU_CV 519mW/2836mW VDD_SOC 2795mW/3834mW
08-01-2026 01:51:48 RAM 1803/7620MB (lfb 61x4MB) SWAP 7/3810MB (cached 0MB) CPU [0%@729,0%@729,0%@729,0%@729,0%@729,0%@729] GR3D_FREQ 0% cpu@55.593C soc2@53.812C soc0@56.125C gpu@56.656C tj@56.656C soc1@55.875C VDD_IN 5520mW/9847mW VDD_CPU_GPU_CV 519mW/2834mW VDD_SOC 2795mW/3833mW
08-01-2026 01:51:49 RAM 1803/7620MB (lfb 61x4MB) SWAP 7/3810MB (cached 0MB) CPU [1%@729,0%@729,0%@729,1%@729,0%@729,0%@729] GR3D_FREQ 0% cpu@55.312C soc2@53.812C soc0@55.937C gpu@56.562C tj@56.562C soc1@55.937C VDD_IN 5520mW/9845mW VDD_CPU_GPU_CV 519mW/2833mW VDD_SOC 2795mW/3833mW
08-01-2026 01:51:50 RAM 1803/7620MB (lfb 61x4MB) SWAP 7/3810MB (cached 0MB) CPU [1%@729,0%@729,0%@729,1%@729,0%@729,0%@729] GR3D_FREQ 0% cpu@55.562C soc2@53.718C soc0@55.843C gpu@56.187C tj@56.187C soc1@55.781C VDD_IN 5511mW/9842mW VDD_CPU_GPU_CV 519mW/2832mW VDD_SOC 2795mW/3832mW
08-01-2026 01:51:51 RAM 1803/7620MB (lfb 61x4MB) SWAP 7/3810MB (cached 0MB) CPU [0%@729,0%@729,0%@729,0%@729,0%@729,0%@729] GR3D_FREQ 0% cpu@55.25C soc2@53.75C soc0@55.812C gpu@56.437C tj@56.437C soc1@55.875C VDD_IN 5511mW/9840mW VDD_CPU_GPU_CV 519mW/2831mW VDD_SOC 2795mW/3832mW
08-01-2026 01:51:52 RAM 1803/7620MB (lfb 61x4MB) SWAP 7/3810MB (cached 0MB) CPU [1%@729,0%@729,0%@729,0%@729,0%@729,0%@729] GR3D_FREQ 0% cpu@55.281C soc2@53.687C soc0@55.812C gpu@56.125C tj@56.125C soc1@55.593C VDD_IN 5520mW/9838mW VDD_CPU_GPU_CV 519mW/2830mW VDD_SOC 2795mW/3831mW
08-01-2026 01:51:53 RAM 1803/7620MB (lfb 61x4MB) SWAP 7/3810MB (cached 0MB) CPU [1%@729,0%@729,0%@729,1%@729,0%@729,0%@729] GR3D_FREQ 0% cpu@55.281C soc2@53.531C soc0@55.687C gpu@56.312C tj@56.312C soc1@55.656C VDD_IN 5520mW/9835mW VDD_CPU_GPU_CV 519mW/2828mW VDD_SOC 2795mW/3831mW
08-01-2026 01:51:54 RAM 1803/7620MB (lfb 61x4MB) SWAP 7/3810MB (cached 0MB) CPU [0%@729,1%@729,0%@729,0%@729,0%@729,0%@729] GR3D_FREQ 0% cpu@55.156C soc2@53.531C soc0@55.687C gpu@56.031C tj@56.031C soc1@55.531C VDD_IN 5511mW/9833mW VDD_CPU_GPU_CV 519mW/2827mW VDD_SOC 2795mW/3830mW
08-01-2026 01:51:55 RAM 1803/7620MB (lfb 61x4MB) SWAP 7/3810MB (cached 0MB) CPU [1%@729,1%@729,1%@729,0%@729,0%@729,0%@729] GR3D_FREQ 0% cpu@55.281C soc2@53.437C soc0@55.687C gpu@56.187C tj@56.187C soc1@55.437C VDD_IN 5520mW/9831mW VDD_CPU_GPU_CV 519mW/2826mW VDD_SOC 2795mW/3829mW
08-01-2026 01:51:56 RAM 1803/7620MB (lfb 61x4MB) SWAP 7/3810MB (cached 0MB) CPU [1%@1113,0%@1113,0%@1113,0%@1113,0%@1113,0%@1113] GR3D_FREQ 0% cpu@54.968C soc2@53.406C soc0@55.468C gpu@56.156C tj@56.156C soc1@55.437C VDD_IN 5511mW/9828mW VDD_CPU_GPU_CV 519mW/2825mW VDD_SOC 2795mW/3829mW
08-01-2026 01:51:57 RAM 1803/7620MB (lfb 61x4MB) SWAP 7/3810MB (cached 0MB) CPU [0%@729,1%@729,0%@729,0%@729,0%@729,0%@729] GR3D_FREQ 0% cpu@54.843C soc2@53.312C soc0@55.5C gpu@55.75C tj@55.75C soc1@55.531C VDD_IN 5520mW/9826mW VDD_CPU_GPU_CV 519mW/2823mW VDD_SOC 2795mW/3828mW
08-01-2026 01:51:58 RAM 1803/7620MB (lfb 61x4MB) SWAP 7/3810MB (cached 0MB) CPU [0%@729,0%@729,0%@729,0%@729,0%@729,0%@729] GR3D_FREQ 0% cpu@55.031C soc2@53.218C soc0@55.312C gpu@56.062C tj@56.062C soc1@55.281C VDD_IN 5520mW/9824mW VDD_CPU_GPU_CV 519mW/2822mW VDD_SOC 2795mW/3828mW
08-01-2026 01:51:59 RAM 1803/7620MB (lfb 61x4MB) SWAP 7/3810MB (cached 0MB) CPU [3%@729,0%@729,0%@729,0%@729,0%@729,0%@729] GR3D_FREQ 0% cpu@54.625C soc2@53.281C soc0@55.312C gpu@55.656C tj@55.656C soc1@55.281C VDD_IN 5520mW/9822mW VDD_CPU_GPU_CV 519mW/2821mW VDD_SOC 2795mW/3827mW
08-01-2026 01:52:00 RAM 1803/7620MB (lfb 61x4MB) SWAP 7/3810MB (cached 0MB) CPU [0%@729,0%@729,0%@729,0%@729,0%@729,0%@729] GR3D_FREQ 0% cpu@54.843C soc2@53.187C soc0@55.375C gpu@55.968C tj@55.968C soc1@55.156C VDD_IN 5520mW/9819mW VDD_CPU_GPU_CV 519mW/2820mW VDD_SOC 2795mW/3827mW
08-01-2026 01:52:01 RAM 1803/7620MB (lfb 61x4MB) SWAP 7/3810MB (cached 0MB) CPU [1%@729,0%@729,0%@729,0%@729,0%@729,0%@729] GR3D_FREQ 0% cpu@54.75C soc2@53.093C soc0@55.093C gpu@55.843C tj@55.843C soc1@55.062C VDD_IN 5511mW/9817mW VDD_CPU_GPU_CV 519mW/2818mW VDD_SOC 2795mW/3826mW
08-01-2026 01:52:02 RAM 1803/7620MB (lfb 61x4MB) SWAP 7/3810MB (cached 0MB) CPU [2%@729,0%@729,0%@729,0%@729,0%@729,0%@729] GR3D_FREQ 0% cpu@54.531C soc2@53.156C soc0@55.156C gpu@55.562C tj@55.562C soc1@55.062C VDD_IN 5511mW/9815mW VDD_CPU_GPU_CV 519mW/2817mW VDD_SOC 2795mW/3826mW
08-01-2026 01:52:03 RAM 1803/7620MB (lfb 61x4MB) SWAP 7/3810MB (cached 0MB) CPU [2%@729,0%@729,0%@729,0%@729,0%@729,0%@729] GR3D_FREQ 0% cpu@54.593C soc2@53.125C soc0@55.125C gpu@55.5C tj@55.5C soc1@54.937C VDD_IN 5520mW/9812mW VDD_CPU_GPU_CV 519mW/2816mW VDD_SOC 2795mW/3825mW
08-01-2026 01:52:04 RAM 1803/7620MB (lfb 61x4MB) SWAP 7/3810MB (cached 0MB) CPU [1%@729,0%@729,0%@729,0%@729,0%@729,0%@729] GR3D_FREQ 0% cpu@54.843C soc2@52.968C soc0@54.937C gpu@55.687C tj@55.687C soc1@54.968C VDD_IN 5480mW/9810mW VDD_CPU_GPU_CV 519mW/2815mW VDD_SOC 2795mW/3824mW
08-01-2026 01:52:05 RAM 1803/7620MB (lfb 61x4MB) SWAP 7/3810MB (cached 0MB) CPU [1%@729,0%@729,0%@729,0%@729,0%@729,0%@729] GR3D_FREQ 0% cpu@54.375C soc2@52.906C soc0@54.906C gpu@55.656C tj@55.656C soc1@55C VDD_IN 5471mW/9808mW VDD_CPU_GPU_CV 519mW/2814mW VDD_SOC 2795mW/3824mW
08-01-2026 01:52:06 RAM 1803/7620MB (lfb 61x4MB) SWAP 7/3810MB (cached 0MB) CPU [0%@729,1%@729,0%@729,0%@729,0%@729,0%@729] GR3D_FREQ 0% cpu@54.406C soc2@52.875C soc0@54.968C gpu@55.187C tj@55.375C soc1@54.812C VDD_IN 5471mW/9806mW VDD_CPU_GPU_CV 519mW/2812mW VDD_SOC 2795mW/3823mW
08-01-2026 01:52:07 RAM 1803/7620MB (lfb 61x4MB) SWAP 7/3810MB (cached 0MB) CPU [0%@729,0%@729,0%@729,0%@729,0%@729,0%@729] GR3D_FREQ 0% cpu@54.593C soc2@52.75C soc0@55C gpu@55.25C tj@55.25C soc1@54.781C VDD_IN 5520mW/9803mW VDD_CPU_GPU_CV 519mW/2811mW VDD_SOC 2795mW/3823mW
08-01-2026 01:52:08 RAM 1803/7620MB (lfb 61x4MB) SWAP 7/3810MB (cached 0MB) CPU [3%@729,0%@729,1%@729,0%@729,0%@729,0%@729] GR3D_FREQ 0% cpu@54.25C soc2@52.718C soc0@54.843C gpu@55.093C tj@55.093C soc1@54.843C VDD_IN 5511mW/9801mW VDD_CPU_GPU_CV 519mW/2810mW VDD_SOC 2795mW/3822mW
08-01-2026 01:52:09 RAM 1803/7620MB (lfb 61x4MB) SWAP 7/3810MB (cached 0MB) CPU [0%@729,0%@729,0%@729,0%@729,0%@729,0%@729] GR3D_FREQ 0% cpu@54.218C soc2@52.75C soc0@54.812C gpu@55.156C tj@55.156C soc1@54.625C VDD_IN 5520mW/9799mW VDD_CPU_GPU_CV 519mW/2809mW VDD_SOC 2795mW/3822mW
08-01-2026 01:52:10 RAM 1803/7620MB (lfb 61x4MB) SWAP 7/3810MB (cached 0MB) CPU [1%@729,0%@729,0%@729,1%@729,0%@729,0%@729] GR3D_FREQ 0% cpu@54.343C soc2@52.687C soc0@54.593C gpu@55C tj@55C soc1@54.625C VDD_IN 5471mW/9796mW VDD_CPU_GPU_CV 519mW/2808mW VDD_SOC 2795mW/3821mW
08-01-2026 01:52:11 RAM 1803/7620MB (lfb 61x4MB) SWAP 7/3810MB (cached 0MB) CPU [1%@729,0%@729,1%@729,1%@729,0%@729,0%@729] GR3D_FREQ 0% cpu@54.031C soc2@52.531C soc0@54.656C gpu@55.093C tj@55.093C soc1@54.781C VDD_IN 5480mW/9794mW VDD_CPU_GPU_CV 519mW/2806mW VDD_SOC 2795mW/3821mW
08-01-2026 01:52:12 RAM 1803/7620MB (lfb 61x4MB) SWAP 7/3810MB (cached 0MB) CPU [0%@729,0%@729,0%@729,0%@729,0%@729,0%@729] GR3D_FREQ 0% cpu@54.125C soc2@52.562C soc0@54.718C gpu@55.031C tj@55.031C soc1@54.562C VDD_IN 5480mW/9792mW VDD_CPU_GPU_CV 519mW/2805mW VDD_SOC 2795mW/3820mW
08-01-2026 01:52:13 RAM 1803/7620MB (lfb 61x4MB) SWAP 7/3810MB (cached 0MB) CPU [0%@729,0%@729,1%@729,1%@729,0%@729,0%@729] GR3D_FREQ 0% cpu@54C soc2@52.5C soc0@54.437C gpu@54.812C tj@54.812C soc1@54.562C VDD_IN 5480mW/9790mW VDD_CPU_GPU_CV 519mW/2804mW VDD_SOC 2795mW/3820mW
08-01-2026 01:52:14 RAM 1803/7620MB (lfb 61x4MB) SWAP 7/3810MB (cached 0MB) CPU [0%@729,0%@729,0%@729,1%@729,0%@729,0%@729] GR3D_FREQ 0% cpu@54.156C soc2@52.406C soc0@54.406C gpu@54.718C tj@54.718C soc1@54.593C VDD_IN 5520mW/9787mW VDD_CPU_GPU_CV 519mW/2803mW VDD_SOC 2795mW/3819mW
08-01-2026 01:52:15 RAM 1803/7620MB (lfb 61x4MB) SWAP 7/3810MB (cached 0MB) CPU [1%@729,0%@729,0%@729,0%@729,0%@729,0%@729] GR3D_FREQ 0% cpu@54C soc2@52.375C soc0@54.437C gpu@54.843C tj@54.843C soc1@54.281C VDD_IN 5480mW/9785mW VDD_CPU_GPU_CV 519mW/2802mW VDD_SOC 2795mW/3819mW
08-01-2026 01:52:16 RAM 1803/7620MB (lfb 61x4MB) SWAP 7/3810MB (cached 0MB) CPU [0%@729,0%@729,0%@729,0%@729,0%@729,0%@729] GR3D_FREQ 0% cpu@53.875C soc2@52.312C soc0@54.406C gpu@54.843C tj@54.843C soc1@54.312C VDD_IN 5480mW/9783mW VDD_CPU_GPU_CV 519mW/2800mW VDD_SOC 2795mW/3818mW
08-01-2026 01:52:17 RAM 1803/7620MB (lfb 61x4MB) SWAP 7/3810MB (cached 0MB) CPU [0%@729,0%@729,0%@729,1%@729,0%@729,0%@729] GR3D_FREQ 0% cpu@53.906C soc2@52.375C soc0@54.312C gpu@54.625C tj@54.625C soc1@54.375C VDD_IN 5471mW/9781mW VDD_CPU_GPU_CV 519mW/2799mW VDD_SOC 2795mW/3817mW
08-01-2026 01:52:18 RAM 1803/7620MB (lfb 61x4MB) SWAP 7/3810MB (cached 0MB) CPU [0%@729,0%@729,0%@729,0%@729,0%@729,0%@729] GR3D_FREQ 0% cpu@53.812C soc2@52.25C soc0@54.375C gpu@54.75C tj@54.75C soc1@54.187C VDD_IN 5471mW/9778mW VDD_CPU_GPU_CV 519mW/2798mW VDD_SOC 2795mW/3817mW
08-01-2026 01:52:19 RAM 1803/7620MB (lfb 61x4MB) SWAP 7/3810MB (cached 0MB) CPU [1%@729,0%@729,1%@729,1%@729,0%@729,0%@729] GR3D_FREQ 0% cpu@53.937C soc2@52.25C soc0@54.187C gpu@54.843C tj@54.843C soc1@54.187C VDD_IN 5480mW/9776mW VDD_CPU_GPU_CV 519mW/2797mW VDD_SOC 2795mW/3816mW
08-01-2026 01:52:20 RAM 1803/7620MB (lfb 61x4MB) SWAP 7/3810MB (cached 0MB) CPU [0%@729,1%@729,0%@729,0%@729,0%@729,0%@729] GR3D_FREQ 0% cpu@53.593C soc2@52.125C soc0@54.093C gpu@54.531C tj@54.531C soc1@54.25C VDD_IN 5480mW/9774mW VDD_CPU_GPU_CV 519mW/2796mW VDD_SOC 2795mW/3816mW
08-01-2026 01:52:21 RAM 1803/7620MB (lfb 61x4MB) SWAP 7/3810MB (cached 0MB) CPU [0%@729,0%@729,0%@729,0%@729,0%@729,0%@729] GR3D_FREQ 0% cpu@53.625C soc2@52.125C soc0@54.187C gpu@54.656C tj@54.656C soc1@54.031C VDD_IN 5471mW/9772mW VDD_CPU_GPU_CV 519mW/2794mW VDD_SOC 2795mW/3815mW
08-01-2026 01:52:22 RAM 1803/7620MB (lfb 61x4MB) SWAP 7/3810MB (cached 0MB) CPU [1%@729,0%@729,0%@729,1%@729,0%@729,0%@729] GR3D_FREQ 0% cpu@53.75C soc2@51.968C soc0@54.156C gpu@54.562C tj@54.562C soc1@54C VDD_IN 5480mW/9769mW VDD_CPU_GPU_CV 519mW/2793mW VDD_SOC 2795mW/3815mW
08-01-2026 01:52:23 RAM 1803/7620MB (lfb 61x4MB) SWAP 7/3810MB (cached 0MB) CPU [0%@729,0%@729,0%@729,1%@729,0%@729,0%@729] GR3D_FREQ 0% cpu@53.468C soc2@52.031C soc0@54.062C gpu@54.562C tj@54.562C soc1@54.093C VDD_IN 5480mW/9767mW VDD_CPU_GPU_CV 519mW/2792mW VDD_SOC 2795mW/3814mW
08-01-2026 01:52:24 RAM 1803/7620MB (lfb 61x4MB) SWAP 7/3810MB (cached 0MB) CPU [0%@729,0%@729,1%@729,0%@729,0%@729,0%@729] GR3D_FREQ 0% cpu@53.5C soc2@52.062C soc0@54.031C gpu@54.406C tj@54.406C soc1@54.093C VDD_IN 5471mW/9765mW VDD_CPU_GPU_CV 519mW/2791mW VDD_SOC 2795mW/3814mW
08-01-2026 01:52:25 RAM 1803/7620MB (lfb 61x4MB) SWAP 7/3810MB (cached 0MB) CPU [1%@729,0%@729,0%@729,0%@729,0%@729,0%@729] GR3D_FREQ 0% cpu@53.593C soc2@52C soc0@54.062C gpu@54.375C tj@54.375C soc1@53.875C VDD_IN 5471mW/9763mW VDD_CPU_GPU_CV 519mW/2790mW VDD_SOC 2795mW/3813mW
08-01-2026 01:52:26 RAM 1803/7620MB (lfb 61x4MB) SWAP 7/3810MB (cached 0MB) CPU [0%@729,1%@729,1%@729,0%@729,0%@729,0%@729] GR3D_FREQ 0% cpu@53.75C soc2@51.937C soc0@54.031C gpu@54.312C tj@54.312C soc1@53.968C VDD_IN 5480mW/9760mW VDD_CPU_GPU_CV 519mW/2788mW VDD_SOC 2795mW/3813mW
08-01-2026 01:52:27 RAM 1803/7620MB (lfb 61x4MB) SWAP 7/3810MB (cached 0MB) CPU [2%@729,0%@729,0%@729,0%@729,0%@729,0%@729] GR3D_FREQ 0% cpu@53.531C soc2@51.875C soc0@53.843C gpu@54.25C tj@54.25C soc1@53.875C VDD_IN 5480mW/9758mW VDD_CPU_GPU_CV 519mW/2787mW VDD_SOC 2795mW/3812mW
08-01-2026 01:52:28 RAM 1803/7620MB (lfb 61x4MB) SWAP 7/3810MB (cached 0MB) CPU [0%@729,0%@729,1%@729,0%@729,0%@729,0%@729] GR3D_FREQ 0% cpu@53.281C soc2@51.843C soc0@53.875C gpu@54.187C tj@54.187C soc1@53.875C VDD_IN 5471mW/9756mW VDD_CPU_GPU_CV 519mW/2786mW VDD_SOC 2795mW/3812mW
08-01-2026 01:52:29 RAM 1803/7620MB (lfb 61x4MB) SWAP 7/3810MB (cached 0MB) CPU [1%@729,1%@729,0%@729,0%@729,0%@729,0%@729] GR3D_FREQ 0% cpu@53.375C soc2@51.906C soc0@53.843C gpu@54.406C tj@54.406C soc1@53.875C VDD_IN 5480mW/9754mW VDD_CPU_GPU_CV 519mW/2785mW VDD_SOC 2795mW/3811mW
08-01-2026 01:52:30 RAM 1803/7620MB (lfb 61x4MB) SWAP 7/3810MB (cached 0MB) CPU [0%@729,0%@729,1%@729,0%@729,0%@729,0%@729] GR3D_FREQ 0% cpu@53.375C soc2@51.906C soc0@53.875C gpu@54.437C tj@54.437C soc1@53.781C VDD_IN 5471mW/9751mW VDD_CPU_GPU_CV 519mW/2784mW VDD_SOC 2795mW/3810mW
08-01-2026 01:52:31 RAM 1803/7620MB (lfb 61x4MB) SWAP 7/3810MB (cached 0MB) CPU [1%@729,0%@729,0%@729,0%@729,0%@729,0%@729] GR3D_FREQ 0% cpu@53.437C soc2@51.718C soc0@53.781C gpu@54.343C tj@54.343C soc1@53.656C VDD_IN 5480mW/9749mW VDD_CPU_GPU_CV 519mW/2782mW VDD_SOC 2795mW/3810mW
08-01-2026 01:52:32 RAM 1803/7620MB (lfb 61x4MB) SWAP 7/3810MB (cached 0MB) CPU [0%@729,1%@729,1%@729,0%@729,0%@729,0%@729] GR3D_FREQ 0% cpu@53.312C soc2@51.687C soc0@53.812C gpu@54.468C tj@54.468C soc1@53.718C VDD_IN 5471mW/9747mW VDD_CPU_GPU_CV 519mW/2781mW VDD_SOC 2795mW/3809mW
08-01-2026 01:52:33 RAM 1803/7620MB (lfb 61x4MB) SWAP 7/3810MB (cached 0MB) CPU [0%@729,0%@729,0%@729,0%@729,0%@729,0%@729] GR3D_FREQ 0% cpu@53.156C soc2@51.812C soc0@53.781C gpu@54.062C tj@54.312C soc1@53.593C VDD_IN 5480mW/9745mW VDD_CPU_GPU_CV 519mW/2780mW VDD_SOC 2795mW/3809mW
08-01-2026 01:52:34 RAM 1803/7620MB (lfb 61x4MB) SWAP 7/3810MB (cached 0MB) CPU [0%@729,0%@729,0%@729,0%@729,0%@729,0%@729] GR3D_FREQ 0% cpu@53.406C soc2@51.687C soc0@53.875C gpu@54.281C tj@54.281C soc1@53.625C VDD_IN 5480mW/9742mW VDD_CPU_GPU_CV 519mW/2779mW VDD_SOC 2795mW/3808mW
08-01-2026 01:52:35 RAM 1803/7620MB (lfb 61x4MB) SWAP 7/3810MB (cached 0MB) CPU [1%@729,1%@729,1%@729,0%@729,0%@729,0%@729] GR3D_FREQ 0% cpu@53.125C soc2@51.656C soc0@53.687C gpu@54.062C tj@54.062C soc1@53.625C VDD_IN 5480mW/9740mW VDD_CPU_GPU_CV 519mW/2778mW VDD_SOC 2795mW/3808mW
08-01-2026 01:52:36 RAM 1803/7620MB (lfb 61x4MB) SWAP 7/3810MB (cached 0MB) CPU [1%@729,0%@729,0%@729,0%@729,0%@729,0%@729] GR3D_FREQ 0% cpu@53.031C soc2@51.593C soc0@53.718C gpu@54.125C tj@54.125C soc1@53.437C VDD_IN 5480mW/9738mW VDD_CPU_GPU_CV 519mW/2777mW VDD_SOC 2795mW/3807mW
08-01-2026 01:52:37 RAM 1803/7620MB (lfb 61x4MB) SWAP 7/3810MB (cached 0MB) CPU [0%@729,1%@729,0%@729,0%@729,0%@729,0%@729] GR3D_FREQ 0% cpu@53.156C soc2@51.562C soc0@53.562C gpu@53.968C tj@53.968C soc1@53.468C VDD_IN 5480mW/9736mW VDD_CPU_GPU_CV 519mW/2775mW VDD_SOC 2795mW/3807mW
08-01-2026 01:52:38 RAM 1803/7620MB (lfb 61x4MB) SWAP 7/3810MB (cached 0MB) CPU [0%@729,1%@729,0%@729,0%@729,0%@729,0%@729] GR3D_FREQ 0% cpu@53C soc2@51.562C soc0@53.468C gpu@54.187C tj@54.187C soc1@53.343C VDD_IN 5480mW/9734mW VDD_CPU_GPU_CV 519mW/2774mW VDD_SOC 2795mW/3806mW
08-01-2026 01:52:39 RAM 1803/7620MB (lfb 61x4MB) SWAP 7/3810MB (cached 0MB) CPU [1%@729,2%@729,0%@729,0%@729,0%@729,0%@729] GR3D_FREQ 0% cpu@53.062C soc2@51.562C soc0@53.625C gpu@54.156C tj@54.156C soc1@53.312C VDD_IN 5480mW/9731mW VDD_CPU_GPU_CV 519mW/2773mW VDD_SOC 2795mW/3806mW
08-01-2026 01:52:40 RAM 1803/7620MB (lfb 61x4MB) SWAP 7/3810MB (cached 0MB) CPU [0%@729,1%@729,0%@729,0%@729,0%@729,0%@729] GR3D_FREQ 0% cpu@52.875C soc2@51.406C soc0@53.437C gpu@53.781C tj@53.781C soc1@53.218C VDD_IN 5480mW/9729mW VDD_CPU_GPU_CV 519mW/2772mW VDD_SOC 2755mW/3805mW
08-01-2026 01:52:41 RAM 1803/7620MB (lfb 61x4MB) SWAP 7/3810MB (cached 0MB) CPU [0%@729,1%@729,0%@729,0%@729,0%@729,0%@729] GR3D_FREQ 0% cpu@52.937C soc2@51.406C soc0@53.437C gpu@53.843C tj@53.843C soc1@53.312C VDD_IN 5471mW/9727mW VDD_CPU_GPU_CV 519mW/2771mW VDD_SOC 2755mW/3805mW
08-01-2026 01:52:42 RAM 1803/7620MB (lfb 61x4MB) SWAP 7/3810MB (cached 0MB) CPU [0%@729,1%@729,0%@729,0%@729,0%@729,0%@729] GR3D_FREQ 0% cpu@52.906C soc2@51.437C soc0@53.406C gpu@54.093C tj@54.093C soc1@53.281C VDD_IN 5480mW/9725mW VDD_CPU_GPU_CV 519mW/2770mW VDD_SOC 2755mW/3804mW
08-01-2026 01:52:43 RAM 1803/7620MB (lfb 61x4MB) SWAP 7/3810MB (cached 0MB) CPU [1%@729,0%@729,0%@729,0%@729,0%@729,0%@729] GR3D_FREQ 0% cpu@53.031C soc2@51.312C soc0@53.375C gpu@53.75C tj@53.75C soc1@53.281C VDD_IN 5480mW/9723mW VDD_CPU_GPU_CV 519mW/2768mW VDD_SOC 2795mW/3804mW
08-01-2026 01:52:44 RAM 1804/7620MB (lfb 61x4MB) SWAP 7/3810MB (cached 0MB) CPU [0%@729,1%@729,1%@729,0%@729,0%@729,0%@729] GR3D_FREQ 0% cpu@52.687C soc2@51.281C soc0@53.406C gpu@54.031C tj@54.031C soc1@53.156C VDD_IN 5480mW/9720mW VDD_CPU_GPU_CV 519mW/2767mW VDD_SOC 2755mW/3803mW
08-01-2026 01:52:45 RAM 1804/7620MB (lfb 61x4MB) SWAP 7/3810MB (cached 0MB) CPU [0%@729,0%@729,0%@729,0%@729,0%@729,0%@729] GR3D_FREQ 0% cpu@52.812C soc2@51.437C soc0@53.312C gpu@53.968C tj@53.968C soc1@53.125C VDD_IN 5480mW/9718mW VDD_CPU_GPU_CV 519mW/2766mW VDD_SOC 2755mW/3802mW
08-01-2026 01:52:46 RAM 1804/7620MB (lfb 61x4MB) SWAP 7/3810MB (cached 0MB) CPU [0%@729,0%@729,0%@729,1%@729,0%@729,0%@729] GR3D_FREQ 0% cpu@52.937C soc2@51.281C soc0@53.281C gpu@53.968C tj@53.968C soc1@53.125C VDD_IN 5471mW/9716mW VDD_CPU_GPU_CV 519mW/2765mW VDD_SOC 2755mW/3802mW
08-01-2026 01:52:47 RAM 1804/7620MB (lfb 61x4MB) SWAP 7/3810MB (cached 0MB) CPU [1%@729,0%@729,0%@729,0%@729,0%@729,0%@729] GR3D_FREQ 0% cpu@52.687C soc2@51.281C soc0@53.156C gpu@54.031C tj@54.031C soc1@53.031C VDD_IN 5480mW/9714mW VDD_CPU_GPU_CV 519mW/2764mW VDD_SOC 2755mW/3801mW
08-01-2026 01:52:48 RAM 1804/7620MB (lfb 61x4MB) SWAP 7/3810MB (cached 0MB) CPU [0%@729,0%@729,0%@729,0%@729,0%@729,0%@729] GR3D_FREQ 0% cpu@52.875C soc2@51.312C soc0@53.187C gpu@53.937C tj@53.937C soc1@53.031C VDD_IN 5440mW/9712mW VDD_CPU_GPU_CV 519mW/2763mW VDD_SOC 2755mW/3801mW
08-01-2026 01:52:49 RAM 1804/7620MB (lfb 61x4MB) SWAP 7/3810MB (cached 0MB) CPU [0%@729,0%@729,0%@729,0%@729,0%@729,0%@729] GR3D_FREQ 0% cpu@52.593C soc2@51.125C soc0@53.187C gpu@53.531C tj@53.531C soc1@53.125C VDD_IN 5480mW/9709mW VDD_CPU_GPU_CV 519mW/2761mW VDD_SOC 2755mW/3800mW
08-01-2026 01:52:50 RAM 1804/7620MB (lfb 61x4MB) SWAP 7/3810MB (cached 0MB) CPU [0%@729,0%@729,0%@729,0%@729,0%@729,0%@729] GR3D_FREQ 0% cpu@52.562C soc2@51.218C soc0@53.218C gpu@53.843C tj@53.843C soc1@52.937C VDD_IN 5480mW/9707mW VDD_CPU_GPU_CV 519mW/2760mW VDD_SOC 2795mW/3800mW
08-01-2026 01:52:51 RAM 1804/7620MB (lfb 61x4MB) SWAP 7/3810MB (cached 0MB) CPU [0%@729,0%@729,0%@729,0%@729,0%@729,0%@729] GR3D_FREQ 0% cpu@52.593C soc2@51.125C soc0@53.093C gpu@53.781C tj@53.781C soc1@52.968C VDD_IN 5480mW/9705mW VDD_CPU_GPU_CV 519mW/2759mW VDD_SOC 2755mW/3799mW
08-01-2026 01:52:52 RAM 1804/7620MB (lfb 61x4MB) SWAP 7/3810MB (cached 0MB) CPU [1%@729,0%@729,0%@729,1%@729,0%@729,0%@729] GR3D_FREQ 0% cpu@52.531C soc2@51.125C soc0@53.125C gpu@53.406C tj@53.406C soc1@52.906C VDD_IN 5480mW/9703mW VDD_CPU_GPU_CV 519mW/2758mW VDD_SOC 2755mW/3799mW
08-01-2026 01:52:53 RAM 1804/7620MB (lfb 61x4MB) SWAP 7/3810MB (cached 0MB) CPU [1%@729,0%@729,0%@729,0%@729,0%@729,0%@729] GR3D_FREQ 0% cpu@52.593C soc2@50.968C soc0@53C gpu@53.718C tj@53.718C soc1@53.093C VDD_IN 5440mW/9701mW VDD_CPU_GPU_CV 519mW/2757mW VDD_SOC 2755mW/3798mW
08-01-2026 01:52:54 RAM 1804/7620MB (lfb 61x4MB) SWAP 7/3810MB (cached 0MB) CPU [0%@729,0%@729,0%@729,0%@729,0%@729,0%@729] GR3D_FREQ 0% cpu@52.5C soc2@50.937C soc0@52.937C gpu@53.781C tj@53.406C soc1@52.875C VDD_IN 5440mW/9698mW VDD_CPU_GPU_CV 519mW/2756mW VDD_SOC 2755mW/3798mW
08-01-2026 01:52:55 RAM 1804/7620MB (lfb 61x4MB) SWAP 7/3810MB (cached 0MB) CPU [1%@729,0%@729,0%@729,0%@729,0%@729,0%@729] GR3D_FREQ 0% cpu@52.468C soc2@51C soc0@53.031C gpu@53.656C tj@53.656C soc1@52.843C VDD_IN 5431mW/9696mW VDD_CPU_GPU_CV 519mW/2754mW VDD_SOC 2755mW/3797mW
08-01-2026 01:52:56 RAM 1804/7620MB (lfb 61x4MB) SWAP 7/3810MB (cached 0MB) CPU [0%@729,0%@729,0%@729,0%@729,0%@729,0%@729] GR3D_FREQ 0% cpu@52.531C soc2@51C soc0@52.968C gpu@53.687C tj@53.687C soc1@52.718C VDD_IN 5440mW/9694mW VDD_CPU_GPU_CV 519mW/2753mW VDD_SOC 2755mW/3797mW
08-01-2026 01:52:57 RAM 1804/7620MB (lfb 61x4MB) SWAP 7/3810MB (cached 0MB) CPU [0%@729,0%@729,0%@729,1%@729,0%@729,0%@729] GR3D_FREQ 0% cpu@52.687C soc2@50.937C soc0@53C gpu@53.406C tj@53.406C soc1@52.843C VDD_IN 5480mW/9692mW VDD_CPU_GPU_CV 519mW/2752mW VDD_SOC 2755mW/3796mW
08-01-2026 01:52:58 RAM 1804/7620MB (lfb 61x4MB) SWAP 7/3810MB (cached 0MB) CPU [1%@729,1%@729,0%@729,1%@729,0%@729,0%@729] GR3D_FREQ 0% cpu@52.375C soc2@50.937C soc0@52.843C gpu@53.25C tj@53.25C soc1@52.937C VDD_IN 5480mW/9690mW VDD_CPU_GPU_CV 519mW/2751mW VDD_SOC 2755mW/3795mW
08-01-2026 01:52:59 RAM 1804/7620MB (lfb 61x4MB) SWAP 7/3810MB (cached 0MB) CPU [0%@729,0%@729,0%@729,0%@729,0%@729,0%@729] GR3D_FREQ 0% cpu@52.625C soc2@50.937C soc0@52.843C gpu@53.281C tj@53.281C soc1@52.781C VDD_IN 5440mW/9687mW VDD_CPU_GPU_CV 519mW/2750mW VDD_SOC 2755mW/3795mW
08-01-2026 01:53:00 RAM 1804/7620MB (lfb 61x4MB) SWAP 7/3810MB (cached 0MB) CPU [0%@729,0%@729,1%@729,0%@729,0%@729,0%@729] GR3D_FREQ 0% cpu@52.343C soc2@50.968C soc0@52.812C gpu@53.562C tj@53.562C soc1@52.906C VDD_IN 5480mW/9685mW VDD_CPU_GPU_CV 519mW/2749mW VDD_SOC 2755mW/3794mW
08-01-2026 01:53:01 RAM 1804/7620MB (lfb 61x4MB) SWAP 7/3810MB (cached 0MB) CPU [0%@729,0%@729,0%@729,0%@729,0%@729,0%@729] GR3D_FREQ 0% cpu@52.406C soc2@50.812C soc0@52.937C gpu@53.218C tj@53.218C soc1@52.687C VDD_IN 5440mW/9683mW VDD_CPU_GPU_CV 519mW/2748mW VDD_SOC 2755mW/3794mW
08-01-2026 01:53:02 RAM 1804/7620MB (lfb 61x4MB) SWAP 7/3810MB (cached 0MB) CPU [1%@729,0%@729,0%@729,0%@729,0%@729,0%@729] GR3D_FREQ 0% cpu@52.531C soc2@50.906C soc0@52.75C gpu@53.156C tj@53.156C soc1@52.75C VDD_IN 5480mW/9681mW VDD_CPU_GPU_CV 519mW/2746mW VDD_SOC 2755mW/3793mW
08-01-2026 01:53:04 RAM 1804/7620MB (lfb 61x4MB) SWAP 7/3810MB (cached 0MB) CPU [1%@729,0%@729,1%@729,0%@729,0%@729,0%@729] GR3D_FREQ 0% cpu@52.375C soc2@50.781C soc0@52.75C gpu@53.5C tj@53.5C soc1@52.625C VDD_IN 5471mW/9679mW VDD_CPU_GPU_CV 519mW/2745mW VDD_SOC 2755mW/3793mW
08-01-2026 01:53:05 RAM 1804/7620MB (lfb 61x4MB) SWAP 7/3810MB (cached 0MB) CPU [0%@729,0%@729,0%@729,0%@729,0%@729,0%@729] GR3D_FREQ 0% cpu@52.25C soc2@50.906C soc0@52.812C gpu@53.218C tj@53.218C soc1@52.562C VDD_IN 5440mW/9677mW VDD_CPU_GPU_CV 519mW/2744mW VDD_SOC 2755mW/3792mW
08-01-2026 01:53:06 RAM 1804/7620MB (lfb 61x4MB) SWAP 7/3810MB (cached 0MB) CPU [0%@729,0%@729,0%@729,0%@729,0%@729,0%@729] GR3D_FREQ 0% cpu@52.218C soc2@50.781C soc0@52.75C gpu@53.468C tj@53.468C soc1@52.75C VDD_IN 5480mW/9674mW VDD_CPU_GPU_CV 519mW/2743mW VDD_SOC 2755mW/3792mW
08-01-2026 01:53:07 RAM 1804/7620MB (lfb 61x4MB) SWAP 7/3810MB (cached 0MB) CPU [1%@729,0%@729,0%@729,0%@729,0%@729,0%@729] GR3D_FREQ 0% cpu@52.156C soc2@50.812C soc0@52.781C gpu@53.156C tj@53.156C soc1@52.5C VDD_IN 5440mW/9672mW VDD_CPU_GPU_CV 519mW/2742mW VDD_SOC 2755mW/3791mW
08-01-2026 01:53:08 RAM 1804/7620MB (lfb 61x4MB) SWAP 7/3810MB (cached 0MB) CPU [0%@729,0%@729,0%@729,0%@729,0%@729,0%@729] GR3D_FREQ 0% cpu@52.312C soc2@50.687C soc0@52.656C gpu@53.437C tj@53.437C soc1@52.5C VDD_IN 5440mW/9670mW VDD_CPU_GPU_CV 519mW/2741mW VDD_SOC 2755mW/3791mW
08-01-2026 01:53:09 RAM 1804/7620MB (lfb 61x4MB) SWAP 7/3810MB (cached 0MB) CPU [0%@729,0%@729,1%@729,0%@729,0%@729,0%@729] GR3D_FREQ 0% cpu@52.218C soc2@50.75C soc0@52.718C gpu@53.156C tj@53.156C soc1@52.437C VDD_IN 5440mW/9668mW VDD_CPU_GPU_CV 519mW/2740mW VDD_SOC 2760mW/3790mW
08-01-2026 01:53:10 RAM 1804/7620MB (lfb 61x4MB) SWAP 7/3810MB (cached 0MB) CPU [0%@729,0%@729,0%@729,1%@729,0%@729,0%@729] GR3D_FREQ 0% cpu@52.406C soc2@50.656C soc0@52.656C gpu@53.406C tj@53.406C soc1@52.375C VDD_IN 5480mW/9666mW VDD_CPU_GPU_CV 519mW/2738mW VDD_SOC 2755mW/3790mW
08-01-2026 01:53:11 RAM 1804/7620MB (lfb 61x4MB) SWAP 7/3810MB (cached 0MB) CPU [1%@729,0%@729,0%@729,0%@729,0%@729,0%@729] GR3D_FREQ 0% cpu@52C soc2@50.718C soc0@52.593C gpu@53C tj@53C soc1@52.625C VDD_IN 5440mW/9664mW VDD_CPU_GPU_CV 519mW/2737mW VDD_SOC 2755mW/3789mW
08-01-2026 01:53:12 RAM 1805/7620MB (lfb 61x4MB) SWAP 7/3810MB (cached 0MB) CPU [0%@729,0%@729,0%@729,1%@729,0%@729,0%@729] GR3D_FREQ 0% cpu@52.093C soc2@50.656C soc0@52.562C gpu@53.062C tj@53.062C soc1@52.406C VDD_IN 5480mW/9661mW VDD_CPU_GPU_CV 519mW/2736mW VDD_SOC 2755mW/3789mW
08-01-2026 01:53:13 RAM 1805/7620MB (lfb 61x4MB) SWAP 7/3810MB (cached 0MB) CPU [1%@729,1%@729,0%@729,1%@729,0%@729,0%@729] GR3D_FREQ 0% cpu@52.125C soc2@50.562C soc0@52.687C gpu@53.312C tj@53.312C soc1@52.406C VDD_IN 5440mW/9659mW VDD_CPU_GPU_CV 519mW/2735mW VDD_SOC 2760mW/3788mW
08-01-2026 01:53:14 RAM 1805/7620MB (lfb 61x4MB) SWAP 7/3810MB (cached 0MB) CPU [0%@729,0%@729,0%@729,0%@729,0%@729,0%@729] GR3D_FREQ 0% cpu@52.031C soc2@50.562C soc0@52.531C gpu@52.968C tj@52.968C soc1@52.5C VDD_IN 5440mW/9657mW VDD_CPU_GPU_CV 519mW/2734mW VDD_SOC 2755mW/3788mW
08-01-2026 01:53:15 RAM 1805/7620MB (lfb 61x4MB) SWAP 7/3810MB (cached 0MB) CPU [0%@729,0%@729,0%@729,0%@729,0%@729,0%@729] GR3D_FREQ 0% cpu@52.156C soc2@50.5C soc0@52.625C gpu@53.25C tj@53.25C soc1@52.281C VDD_IN 5440mW/9655mW VDD_CPU_GPU_CV 519mW/2733mW VDD_SOC 2755mW/3787mW
08-01-2026 01:53:16 RAM 1805/7620MB (lfb 61x4MB) SWAP 7/3810MB (cached 0MB) CPU [1%@729,0%@729,0%@729,0%@729,0%@729,0%@729] GR3D_FREQ 0% cpu@51.937C soc2@50.531C soc0@52.437C gpu@52.968C tj@52.968C soc1@52.343C VDD_IN 5440mW/9653mW VDD_CPU_GPU_CV 519mW/2732mW VDD_SOC 2755mW/3786mW
08-01-2026 01:53:17 RAM 1805/7620MB (lfb 61x4MB) SWAP 7/3810MB (cached 0MB) CPU [1%@729,0%@729,1%@729,0%@729,0%@729,0%@729] GR3D_FREQ 0% cpu@51.937C soc2@50.531C soc0@52.593C gpu@52.906C tj@52.906C soc1@52.5C VDD_IN 5440mW/9651mW VDD_CPU_GPU_CV 519mW/2730mW VDD_SOC 2760mW/3786mW
08-01-2026 01:53:18 RAM 1805/7620MB (lfb 61x4MB) SWAP 7/3810MB (cached 0MB) CPU [0%@729,0%@729,0%@729,0%@729,0%@729,0%@729] GR3D_FREQ 0% cpu@51.937C soc2@50.437C soc0@52.468C gpu@53.218C tj@53.218C soc1@52.218C VDD_IN 5440mW/9649mW VDD_CPU_GPU_CV 519mW/2729mW VDD_SOC 2760mW/3785mW
08-01-2026 01:53:19 RAM 1805/7620MB (lfb 61x4MB) SWAP 7/3810MB (cached 0MB) CPU [0%@729,1%@729,0%@729,0%@729,0%@729,0%@729] GR3D_FREQ 0% cpu@52.093C soc2@50.437C soc0@52.437C gpu@53.25C tj@53.25C soc1@52.312C VDD_IN 5440mW/9646mW VDD_CPU_GPU_CV 519mW/2728mW VDD_SOC 2755mW/3785mW
08-01-2026 01:53:20 RAM 1805/7620MB (lfb 61x4MB) SWAP 7/3810MB (cached 0MB) CPU [0%@729,1%@729,0%@729,0%@729,0%@729,0%@729] GR3D_FREQ 0% cpu@51.75C soc2@50.406C soc0@52.437C gpu@52.781C tj@52.781C soc1@52.312C VDD_IN 5440mW/9644mW VDD_CPU_GPU_CV 519mW/2727mW VDD_SOC 2760mW/3784mW
08-01-2026 01:53:21 RAM 1805/7620MB (lfb 61x4MB) SWAP 7/3810MB (cached 0MB) CPU [1%@729,0%@729,0%@729,0%@729,0%@729,0%@729] GR3D_FREQ 0% cpu@51.812C soc2@50.5C soc0@52.437C gpu@52.875C tj@52.875C soc1@52.125C VDD_IN 5480mW/9642mW VDD_CPU_GPU_CV 519mW/2726mW VDD_SOC 2755mW/3784mW
08-01-2026 01:53:22 RAM 1805/7620MB (lfb 61x4MB) SWAP 7/3810MB (cached 0MB) CPU [0%@729,1%@729,0%@729,0%@729,0%@729,0%@729] GR3D_FREQ 0% cpu@51.937C soc2@50.312C soc0@52.343C gpu@52.843C tj@52.843C soc1@52.125C VDD_IN 5440mW/9640mW VDD_CPU_GPU_CV 519mW/2725mW VDD_SOC 2755mW/3783mW
08-01-2026 01:53:23 RAM 1805/7620MB (lfb 61x4MB) SWAP 7/3810MB (cached 0MB) CPU [4%@729,0%@729,0%@729,0%@729,0%@729,0%@729] GR3D_FREQ 0% cpu@51.75C soc2@50.312C soc0@52.343C gpu@52.75C tj@52.75C soc1@52.218C VDD_IN 5440mW/9638mW VDD_CPU_GPU_CV 519mW/2724mW VDD_SOC 2755mW/3783mW
08-01-2026 01:53:24 RAM 1805/7620MB (lfb 61x4MB) SWAP 7/3810MB (cached 0MB) CPU [0%@729,0%@729,0%@729,0%@729,0%@729,0%@729] GR3D_FREQ 0% cpu@51.906C soc2@50.218C soc0@52.406C gpu@52.781C tj@52.625C soc1@52C VDD_IN 5440mW/9636mW VDD_CPU_GPU_CV 479mW/2723mW VDD_SOC 2755mW/3782mW
08-01-2026 01:53:25 RAM 1805/7620MB (lfb 61x4MB) SWAP 7/3810MB (cached 0MB) CPU [0%@729,0%@729,0%@729,0%@729,0%@729,0%@729] GR3D_FREQ 0% cpu@51.812C soc2@50.187C soc0@52.25C gpu@52.625C tj@52.625C soc1@52.093C VDD_IN 5480mW/9634mW VDD_CPU_GPU_CV 519mW/2721mW VDD_SOC 2755mW/3782mW
08-01-2026 01:53:26 RAM 1805/7620MB (lfb 61x4MB) SWAP 7/3810MB (cached 0MB) CPU [1%@729,0%@729,0%@729,0%@729,0%@729,0%@729] GR3D_FREQ 0% cpu@51.968C soc2@50.218C soc0@52.25C gpu@52.531C tj@52.531C soc1@52.156C VDD_IN 5440mW/9632mW VDD_CPU_GPU_CV 519mW/2720mW VDD_SOC 2760mW/3781mW
08-01-2026 01:53:27 RAM 1805/7620MB (lfb 61x4MB) SWAP 7/3810MB (cached 0MB) CPU [1%@729,0%@729,0%@729,0%@729,0%@729,0%@729] GR3D_FREQ 0% cpu@51.593C soc2@50.25C soc0@52.25C gpu@52.531C tj@52.531C soc1@52.031C VDD_IN 5440mW/9629mW VDD_CPU_GPU_CV 519mW/2719mW VDD_SOC 2755mW/3781mW
08-01-2026 01:53:28 RAM 1805/7620MB (lfb 61x4MB) SWAP 7/3810MB (cached 0MB) CPU [1%@729,1%@729,0%@729,0%@729,0%@729,0%@729] GR3D_FREQ 0% cpu@51.718C soc2@50.218C soc0@52.156C gpu@52.687C tj@52.687C soc1@51.937C VDD_IN 5480mW/9627mW VDD_CPU_GPU_CV 519mW/2718mW VDD_SOC 2755mW/3780mW
08-01-2026 01:53:29 RAM 1805/7620MB (lfb 61x4MB) SWAP 7/3810MB (cached 0MB) CPU [1%@729,0%@729,0%@729,0%@729,0%@729,0%@729] GR3D_FREQ 0% cpu@51.843C soc2@50.218C soc0@52.093C gpu@52.5C tj@52.5C soc1@51.968C VDD_IN 5440mW/9625mW VDD_CPU_GPU_CV 519mW/2717mW VDD_SOC 2755mW/3780mW
08-01-2026 01:53:30 RAM 1805/7620MB (lfb 61x4MB) SWAP 7/3810MB (cached 0MB) CPU [0%@729,0%@729,0%@729,0%@729,0%@729,0%@729] GR3D_FREQ 0% cpu@51.5C soc2@50.218C soc0@52.156C gpu@52.531C tj@52.531C soc1@52.156C VDD_IN 5440mW/9623mW VDD_CPU_GPU_CV 479mW/2716mW VDD_SOC 2755mW/3779mW
08-01-2026 01:53:31 RAM 1805/7620MB (lfb 61x4MB) SWAP 7/3810MB (cached 0MB) CPU [1%@729,1%@729,0%@729,0%@729,0%@729,0%@729] GR3D_FREQ 0% cpu@51.593C soc2@50.125C soc0@52.156C gpu@52.375C tj@52.375C soc1@51.875C VDD_IN 5440mW/9621mW VDD_CPU_GPU_CV 519mW/2715mW VDD_SOC 2755mW/3779mW
08-01-2026 01:53:32 RAM 1805/7620MB (lfb 61x4MB) SWAP 7/3810MB (cached 0MB) CPU [1%@729,1%@729,0%@729,1%@729,0%@729,0%@729] GR3D_FREQ 0% cpu@51.75C soc2@50.031C soc0@52.187C gpu@52.437C tj@52.437C soc1@51.843C VDD_IN 5480mW/9619mW VDD_CPU_GPU_CV 519mW/2714mW VDD_SOC 2795mW/3778mW
08-01-2026 01:53:33 RAM 1805/7620MB (lfb 61x4MB) SWAP 7/3810MB (cached 0MB) CPU [0%@729,0%@729,0%@729,0%@729,0%@729,0%@729] GR3D_FREQ 0% cpu@51.531C soc2@50.093C soc0@52.062C gpu@52.687C tj@52.687C soc1@51.968C VDD_IN 5480mW/9617mW VDD_CPU_GPU_CV 519mW/2713mW VDD_SOC 2795mW/3778mW
08-01-2026 01:53:34 RAM 1805/7620MB (lfb 61x4MB) SWAP 7/3810MB (cached 0MB) CPU [0%@729,0%@729,0%@729,0%@729,0%@729,0%@729] GR3D_FREQ 0% cpu@51.531C soc2@50.187C soc0@51.968C gpu@52.593C tj@52.593C soc1@51.968C VDD_IN 5480mW/9615mW VDD_CPU_GPU_CV 519mW/2711mW VDD_SOC 2795mW/3777mW
08-01-2026 01:53:35 RAM 1805/7620MB (lfb 61x4MB) SWAP 7/3810MB (cached 0MB) CPU [1%@729,0%@729,0%@729,0%@729,0%@729,0%@729] GR3D_FREQ 0% cpu@51.531C soc2@50.125C soc0@52C gpu@52.687C tj@52.687C soc1@51.843C VDD_IN 5480mW/9613mW VDD_CPU_GPU_CV 519mW/2710mW VDD_SOC 2800mW/3777mW
08-01-2026 01:53:36 RAM 1805/7620MB (lfb 61x4MB) SWAP 7/3810MB (cached 0MB) CPU [0%@729,0%@729,1%@729,0%@729,0%@729,0%@729] GR3D_FREQ 0% cpu@51.531C soc2@50.093C soc0@52.062C gpu@52.625C tj@52.625C soc1@51.781C VDD_IN 5480mW/9610mW VDD_CPU_GPU_CV 519mW/2709mW VDD_SOC 2795mW/3776mW
08-01-2026 01:53:37 RAM 1805/7620MB (lfb 61x4MB) SWAP 7/3810MB (cached 0MB) CPU [1%@729,0%@729,0%@729,0%@729,0%@729,0%@729] GR3D_FREQ 0% cpu@51.531C soc2@50.031C soc0@51.937C gpu@52.468C tj@52.468C soc1@51.906C VDD_IN 5480mW/9608mW VDD_CPU_GPU_CV 519mW/2708mW VDD_SOC 2800mW/3776mW
08-01-2026 01:53:38 RAM 1805/7620MB (lfb 61x4MB) SWAP 7/3810MB (cached 0MB) CPU [0%@729,1%@729,0%@729,0%@729,0%@729,0%@729] GR3D_FREQ 0% cpu@51.437C soc2@50.062C soc0@51.937C gpu@52.281C tj@52.281C soc1@51.781C VDD_IN 5480mW/9606mW VDD_CPU_GPU_CV 519mW/2707mW VDD_SOC 2795mW/3775mW
08-01-2026 01:53:39 RAM 1805/7620MB (lfb 61x4MB) SWAP 7/3810MB (cached 0MB) CPU [0%@729,0%@729,0%@729,0%@729,0%@729,0%@729] GR3D_FREQ 0% cpu@51.406C soc2@50.031C soc0@51.937C gpu@52.343C tj@52.343C soc1@51.875C VDD_IN 5440mW/9604mW VDD_CPU_GPU_CV 519mW/2706mW VDD_SOC 2795mW/3775mW
08-01-2026 01:53:40 RAM 1805/7620MB (lfb 61x4MB) SWAP 7/3810MB (cached 0MB) CPU [1%@729,0%@729,1%@729,0%@729,0%@729,0%@729] GR3D_FREQ 0% cpu@51.468C soc2@50C soc0@52C gpu@52.312C tj@52.312C soc1@51.687C VDD_IN 5480mW/9602mW VDD_CPU_GPU_CV 519mW/2705mW VDD_SOC 2800mW/3774mW
08-01-2026 01:53:41 RAM 1805/7620MB (lfb 61x4MB) SWAP 7/3810MB (cached 0MB) CPU [2%@729,1%@729,0%@729,0%@729,0%@729,0%@729] GR3D_FREQ 0% cpu@51.656C soc2@49.968C soc0@51.906C gpu@52.562C tj@52.562C soc1@51.656C VDD_IN 5440mW/9600mW VDD_CPU_GPU_CV 519mW/2704mW VDD_SOC 2800mW/3774mW
08-01-2026 01:53:42 RAM 1805/7620MB (lfb 61x4MB) SWAP 7/3810MB (cached 0MB) CPU [0%@729,0%@729,0%@729,0%@729,0%@729,0%@729] GR3D_FREQ 0% cpu@51.406C soc2@49.968C soc0@51.875C gpu@52.5C tj@52.5C soc1@51.812C VDD_IN 5440mW/9598mW VDD_CPU_GPU_CV 519mW/2703mW VDD_SOC 2795mW/3773mW
08-01-2026 01:53:43 RAM 1805/7620MB (lfb 61x4MB) SWAP 7/3810MB (cached 0MB) CPU [1%@729,0%@729,0%@729,0%@729,0%@729,0%@729] GR3D_FREQ 0% cpu@51.343C soc2@49.968C soc0@51.906C gpu@52.312C tj@52.312C soc1@51.812C VDD_IN 5480mW/9596mW VDD_CPU_GPU_CV 519mW/2701mW VDD_SOC 2795mW/3773mW
08-01-2026 01:53:44 RAM 1805/7620MB (lfb 61x4MB) SWAP 7/3810MB (cached 0MB) CPU [0%@729,1%@729,0%@729,0%@729,0%@729,0%@729] GR3D_FREQ 0% cpu@51.468C soc2@49.875C soc0@51.937C gpu@52.218C tj@52.218C soc1@51.562C VDD_IN 5480mW/9594mW VDD_CPU_GPU_CV 519mW/2700mW VDD_SOC 2795mW/3772mW
08-01-2026 01:53:45 RAM 1805/7620MB (lfb 61x4MB) SWAP 7/3810MB (cached 0MB) CPU [2%@729,0%@729,0%@729,0%@729,0%@729,0%@729] GR3D_FREQ 0% cpu@51.187C soc2@49.875C soc0@51.843C gpu@52.468C tj@52.468C soc1@51.625C VDD_IN 5440mW/9592mW VDD_CPU_GPU_CV 519mW/2699mW VDD_SOC 2795mW/3772mW
08-01-2026 01:53:46 RAM 1805/7620MB (lfb 61x4MB) SWAP 7/3810MB (cached 0MB) CPU [0%@729,0%@729,0%@729,0%@729,0%@729,0%@729] GR3D_FREQ 0% cpu@51.25C soc2@49.843C soc0@51.875C gpu@52.437C tj@52.437C soc1@51.656C VDD_IN 5440mW/9590mW VDD_CPU_GPU_CV 519mW/2698mW VDD_SOC 2795mW/3771mW
08-01-2026 01:53:47 RAM 1805/7620MB (lfb 61x4MB) SWAP 7/3810MB (cached 0MB) CPU [1%@729,0%@729,0%@729,1%@729,0%@729,0%@729] GR3D_FREQ 0% cpu@51.343C soc2@49.968C soc0@51.843C gpu@52.5C tj@52.5C soc1@51.531C VDD_IN 5440mW/9588mW VDD_CPU_GPU_CV 519mW/2697mW VDD_SOC 2800mW/3771mW
08-01-2026 01:53:48 RAM 1805/7620MB (lfb 61x4MB) SWAP 7/3810MB (cached 0MB) CPU [0%@729,0%@729,0%@729,0%@729,0%@729,0%@729] GR3D_FREQ 0% cpu@51.281C soc2@49.812C soc0@51.875C gpu@52.156C tj@52.156C soc1@51.5C VDD_IN 5440mW/9585mW VDD_CPU_GPU_CV 479mW/2696mW VDD_SOC 2795mW/3770mW
08-01-2026 01:53:49 RAM 1805/7620MB (lfb 61x4MB) SWAP 7/3810MB (cached 0MB) CPU [1%@729,0%@729,0%@729,0%@729,0%@729,0%@729] GR3D_FREQ 0% cpu@51.343C soc2@49.937C soc0@51.718C gpu@52.156C tj@52.156C soc1@51.531C VDD_IN 5480mW/9583mW VDD_CPU_GPU_CV 519mW/2695mW VDD_SOC 2795mW/3770mW
08-01-2026 01:53:50 RAM 1805/7620MB (lfb 61x4MB) SWAP 7/3810MB (cached 0MB) CPU [1%@729,0%@729,0%@729,1%@729,0%@729,0%@729] GR3D_FREQ 0% cpu@51.125C soc2@49.906C soc0@51.718C gpu@52.187C tj@52.187C soc1@51.625C VDD_IN 5440mW/9581mW VDD_CPU_GPU_CV 519mW/2694mW VDD_SOC 2795mW/3769mW
08-01-2026 01:53:51 RAM 1805/7620MB (lfb 61x4MB) SWAP 7/3810MB (cached 0MB) CPU [0%@729,0%@729,0%@729,0%@729,0%@729,0%@729] GR3D_FREQ 0% cpu@51.312C soc2@49.75C soc0@51.843C gpu@52.187C tj@52.187C soc1@51.468C VDD_IN 5480mW/9579mW VDD_CPU_GPU_CV 519mW/2693mW VDD_SOC 2795mW/3769mW
08-01-2026 01:53:52 RAM 1805/7620MB (lfb 61x4MB) SWAP 7/3810MB (cached 0MB) CPU [1%@729,0%@729,0%@729,0%@729,0%@729,0%@729] GR3D_FREQ 0% cpu@51.125C soc2@49.781C soc0@51.656C gpu@52.406C tj@52.406C soc1@51.5C VDD_IN 5480mW/9577mW VDD_CPU_GPU_CV 519mW/2692mW VDD_SOC 2795mW/3768mW
08-01-2026 01:53:53 RAM 1805/7620MB (lfb 61x4MB) SWAP 7/3810MB (cached 0MB) CPU [2%@729,1%@729,0%@729,0%@729,0%@729,0%@729] GR3D_FREQ 0% cpu@51.156C soc2@49.843C soc0@51.656C gpu@52.093C tj@52.093C soc1@51.375C VDD_IN 5440mW/9575mW VDD_CPU_GPU_CV 519mW/2691mW VDD_SOC 2795mW/3768mW
08-01-2026 01:53:54 RAM 1805/7620MB (lfb 61x4MB) SWAP 7/3810MB (cached 0MB) CPU [0%@729,0%@729,0%@729,0%@729,0%@729,0%@729] GR3D_FREQ 0% cpu@51.218C soc2@49.656C soc0@51.781C gpu@52.062C tj@52.062C soc1@51.375C VDD_IN 5440mW/9573mW VDD_CPU_GPU_CV 519mW/2689mW VDD_SOC 2795mW/3767mW
08-01-2026 01:53:55 RAM 1805/7620MB (lfb 61x4MB) SWAP 7/3810MB (cached 0MB) CPU [0%@729,0%@729,0%@729,0%@729,0%@729,0%@729] GR3D_FREQ 0% cpu@51C soc2@49.656C soc0@51.593C gpu@52.125C tj@52.125C soc1@51.437C VDD_IN 5480mW/9571mW VDD_CPU_GPU_CV 519mW/2688mW VDD_SOC 2800mW/3767mW
08-01-2026 01:53:56 RAM 1805/7620MB (lfb 61x4MB) SWAP 7/3810MB (cached 0MB) CPU [2%@729,0%@729,0%@729,1%@729,0%@729,0%@729] GR3D_FREQ 0% cpu@51.062C soc2@49.687C soc0@51.687C gpu@51.875C tj@52.062C soc1@51.343C VDD_IN 5480mW/9569mW VDD_CPU_GPU_CV 519mW/2687mW VDD_SOC 2795mW/3766mW
08-01-2026 01:53:57 RAM 1805/7620MB (lfb 61x4MB) SWAP 7/3810MB (cached 0MB) CPU [1%@729,0%@729,0%@729,0%@729,0%@729,0%@729] GR3D_FREQ 0% cpu@51.031C soc2@49.687C soc0@51.5C gpu@52.343C tj@52.343C soc1@51.531C VDD_IN 5480mW/9567mW VDD_CPU_GPU_CV 519mW/2686mW VDD_SOC 2800mW/3766mW
08-01-2026 01:53:58 RAM 1805/7620MB (lfb 61x4MB) SWAP 7/3810MB (cached 0MB) CPU [0%@729,0%@729,0%@729,0%@729,0%@729,0%@729] GR3D_FREQ 0% cpu@51.031C soc2@49.656C soc0@51.718C gpu@52C tj@52C soc1@51.312C VDD_IN 5480mW/9565mW VDD_CPU_GPU_CV 519mW/2685mW VDD_SOC 2795mW/3765mW
08-01-2026 01:53:59 RAM 1805/7620MB (lfb 61x4MB) SWAP 7/3810MB (cached 0MB) CPU [1%@729,0%@729,0%@729,1%@729,0%@729,0%@729] GR3D_FREQ 0% cpu@51C soc2@49.687C soc0@51.531C gpu@52C tj@52C soc1@51.375C VDD_IN 5480mW/9563mW VDD_CPU_GPU_CV 519mW/2684mW VDD_SOC 2800mW/3765mW
08-01-2026 01:54:00 RAM 1805/7620MB (lfb 61x4MB) SWAP 7/3810MB (cached 0MB) CPU [0%@729,0%@729,0%@729,0%@729,0%@729,0%@729] GR3D_FREQ 0% cpu@51C soc2@49.656C soc0@51.718C gpu@52.25C tj@52.25C soc1@51.25C VDD_IN 5440mW/9561mW VDD_CPU_GPU_CV 479mW/2683mW VDD_SOC 2800mW/3764mW
08-01-2026 01:54:01 RAM 1805/7620MB (lfb 61x4MB) SWAP 7/3810MB (cached 0MB) CPU [0%@729,0%@729,2%@729,0%@729,0%@729,0%@729] GR3D_FREQ 0% cpu@50.937C soc2@49.593C soc0@51.5C gpu@52C tj@52C soc1@51.312C VDD_IN 5480mW/9559mW VDD_CPU_GPU_CV 519mW/2682mW VDD_SOC 2795mW/3764mW
08-01-2026 01:54:02 RAM 1805/7620MB (lfb 61x4MB) SWAP 7/3810MB (cached 0MB) CPU [1%@729,0%@729,0%@729,1%@729,0%@729,0%@729] GR3D_FREQ 0% cpu@50.937C soc2@49.562C soc0@51.406C gpu@51.906C tj@51.906C soc1@51.468C VDD_IN 5440mW/9557mW VDD_CPU_GPU_CV 519mW/2681mW VDD_SOC 2800mW/3763mW
08-01-2026 01:54:03 RAM 1805/7620MB (lfb 61x4MB) SWAP 7/3810MB (cached 0MB) CPU [1%@729,0%@729,0%@729,0%@729,0%@729,0%@729] GR3D_FREQ 0% cpu@50.937C soc2@49.625C soc0@51.437C gpu@51.875C tj@51.875C soc1@51.25C VDD_IN 5440mW/9555mW VDD_CPU_GPU_CV 519mW/2680mW VDD_SOC 2800mW/3763mW
08-01-2026 01:54:04 RAM 1805/7620MB (lfb 61x4MB) SWAP 7/3810MB (cached 0MB) CPU [0%@729,0%@729,0%@729,0%@729,0%@729,0%@729] GR3D_FREQ 0% cpu@50.875C soc2@49.468C soc0@51.437C gpu@51.843C tj@51.843C soc1@51.187C VDD_IN 5440mW/9553mW VDD_CPU_GPU_CV 519mW/2679mW VDD_SOC 2795mW/3762mW
08-01-2026 01:54:05 RAM 1805/7620MB (lfb 61x4MB) SWAP 7/3810MB (cached 0MB) CPU [1%@729,0%@729,0%@729,0%@729,0%@729,0%@729] GR3D_FREQ 0% cpu@50.937C soc2@49.5C soc0@51.437C gpu@52.218C tj@52.218C soc1@51.25C VDD_IN 5440mW/9551mW VDD_CPU_GPU_CV 519mW/2678mW VDD_SOC 2800mW/3762mW
08-01-2026 01:54:06 RAM 1805/7620MB (lfb 61x4MB) SWAP 7/3810MB (cached 0MB) CPU [1%@729,0%@729,0%@729,0%@729,0%@729,0%@729] GR3D_FREQ 0% cpu@50.968C soc2@49.531C soc0@51.437C gpu@51.75C tj@51.75C soc1@51.156C VDD_IN 5440mW/9548mW VDD_CPU_GPU_CV 519mW/2676mW VDD_SOC 2800mW/3762mW
08-01-2026 01:54:07 RAM 1805/7620MB (lfb 61x4MB) SWAP 7/3810MB (cached 0MB) CPU [0%@729,0%@729,0%@729,2%@729,0%@729,0%@729] GR3D_FREQ 0% cpu@51.125C soc2@49.5C soc0@51.437C gpu@51.687C tj@51.687C soc1@51.187C VDD_IN 5440mW/9546mW VDD_CPU_GPU_CV 519mW/2675mW VDD_SOC 2800mW/3761mW
08-01-2026 01:54:08 RAM 1805/7620MB (lfb 61x4MB) SWAP 7/3810MB (cached 0MB) CPU [1%@729,0%@729,0%@729,0%@729,0%@729,0%@729] GR3D_FREQ 0% cpu@50.75C soc2@49.5C soc0@51.437C gpu@51.687C tj@51.687C soc1@51.093C VDD_IN 5440mW/9544mW VDD_CPU_GPU_CV 520mW/2674mW VDD_SOC 2800mW/3761mW
08-01-2026 01:54:09 RAM 1805/7620MB (lfb 61x4MB) SWAP 7/3810MB (cached 0MB) CPU [1%@729,0%@729,0%@729,0%@729,0%@729,0%@729] GR3D_FREQ 0% cpu@50.843C soc2@49.468C soc0@51.562C gpu@51.687C tj@51.687C soc1@51.093C VDD_IN 5480mW/9542mW VDD_CPU_GPU_CV 519mW/2673mW VDD_SOC 2800mW/3760mW
08-01-2026 01:54:10 RAM 1805/7620MB (lfb 61x4MB) SWAP 7/3810MB (cached 0MB) CPU [0%@729,2%@729,0%@729,0%@729,0%@729,0%@729] GR3D_FREQ 0% cpu@50.937C soc2@49.375C soc0@51.343C gpu@51.625C tj@51.625C soc1@51.187C VDD_IN 5440mW/9540mW VDD_CPU_GPU_CV 519mW/2672mW VDD_SOC 2800mW/3760mW
08-01-2026 01:54:11 RAM 1805/7620MB (lfb 61x4MB) SWAP 7/3810MB (cached 0MB) CPU [1%@729,0%@729,0%@729,0%@729,0%@729,0%@729] GR3D_FREQ 0% cpu@50.75C soc2@49.437C soc0@51.187C gpu@51.687C tj@51.687C soc1@51.125C VDD_IN 5440mW/9538mW VDD_CPU_GPU_CV 520mW/2671mW VDD_SOC 2795mW/3759mW
08-01-2026 01:54:12 RAM 1805/7620MB (lfb 61x4MB) SWAP 7/3810MB (cached 0MB) CPU [0%@729,0%@729,0%@729,0%@729,0%@729,0%@729] GR3D_FREQ 0% cpu@50.875C soc2@49.468C soc0@51.343C gpu@51.843C tj@51.843C soc1@51.031C VDD_IN 5440mW/9536mW VDD_CPU_GPU_CV 519mW/2670mW VDD_SOC 2800mW/3759mW
08-01-2026 01:54:13 RAM 1805/7620MB (lfb 61x4MB) SWAP 7/3810MB (cached 0MB) CPU [1%@729,0%@729,0%@729,0%@729,0%@729,0%@729] GR3D_FREQ 0% cpu@50.875C soc2@49.437C soc0@51.437C gpu@51.656C tj@51.656C soc1@51.125C VDD_IN 5480mW/9534mW VDD_CPU_GPU_CV 519mW/2669mW VDD_SOC 2800mW/3758mW
08-01-2026 01:54:14 RAM 1805/7620MB (lfb 61x4MB) SWAP 7/3810MB (cached 0MB) CPU [1%@729,1%@729,0%@729,0%@729,0%@729,0%@729] GR3D_FREQ 0% cpu@51.156C soc2@49.437C soc0@51.218C gpu@51.781C tj@51.781C soc1@51.125C VDD_IN 5440mW/9532mW VDD_CPU_GPU_CV 519mW/2668mW VDD_SOC 2800mW/3758mW
08-01-2026 01:54:15 RAM 1805/7620MB (lfb 61x4MB) SWAP 7/3810MB (cached 0MB) CPU [0%@729,1%@729,0%@729,0%@729,0%@729,0%@729] GR3D_FREQ 0% cpu@50.687C soc2@49.437C soc0@51.375C gpu@51.75C tj@51.75C soc1@51.031C VDD_IN 5440mW/9530mW VDD_CPU_GPU_CV 480mW/2667mW VDD_SOC 2800mW/3757mW
08-01-2026 01:54:16 RAM 1805/7620MB (lfb 61x4MB) SWAP 7/3810MB (cached 0MB) CPU [1%@729,0%@729,0%@729,0%@729,0%@729,0%@729] GR3D_FREQ 0% cpu@50.812C soc2@49.312C soc0@51.218C gpu@51.843C tj@51.593C soc1@51C VDD_IN 5440mW/9528mW VDD_CPU_GPU_CV 519mW/2666mW VDD_SOC 2800mW/3757mW
08-01-2026 01:54:17 RAM 1805/7620MB (lfb 61x4MB) SWAP 7/3810MB (cached 0MB) CPU [0%@729,1%@729,0%@729,0%@729,0%@729,0%@729] GR3D_FREQ 0% cpu@50.937C soc2@49.343C soc0@51.25C gpu@51.562C tj@51.562C soc1@51.187C VDD_IN 5440mW/9526mW VDD_CPU_GPU_CV 519mW/2665mW VDD_SOC 2800mW/3756mW
08-01-2026 01:54:18 RAM 1805/7620MB (lfb 61x4MB) SWAP 7/3810MB (cached 0MB) CPU [1%@729,0%@729,0%@729,0%@729,0%@729,0%@729] GR3D_FREQ 0% cpu@50.75C soc2@49.343C soc0@51.312C gpu@51.781C tj@51.781C soc1@50.968C VDD_IN 5440mW/9524mW VDD_CPU_GPU_CV 519mW/2664mW VDD_SOC 2800mW/3756mW
08-01-2026 01:54:19 RAM 1805/7620MB (lfb 61x4MB) SWAP 7/3810MB (cached 0MB) CPU [1%@729,1%@729,1%@729,0%@729,0%@729,0%@729] GR3D_FREQ 0% cpu@50.968C soc2@49.375C soc0@51.343C gpu@51.812C tj@51.625C soc1@51.031C VDD_IN 5480mW/9522mW VDD_CPU_GPU_CV 519mW/2663mW VDD_SOC 2795mW/3755mW
08-01-2026 01:54:20 RAM 1805/7620MB (lfb 61x4MB) SWAP 7/3810MB (cached 0MB) CPU [1%@729,1%@729,0%@729,0%@729,0%@729,0%@729] GR3D_FREQ 0% cpu@50.718C soc2@49.375C soc0@51.312C gpu@51.75C tj@51.75C soc1@51.187C VDD_IN 5440mW/9520mW VDD_CPU_GPU_CV 519mW/2662mW VDD_SOC 2795mW/3755mW
08-01-2026 01:54:21 RAM 1805/7620MB (lfb 61x4MB) SWAP 7/3810MB (cached 0MB) CPU [0%@729,1%@729,0%@729,0%@729,0%@729,0%@729] GR3D_FREQ 0% cpu@50.781C soc2@49.343C soc0@51.375C gpu@51.5C tj@51.5C soc1@50.906C VDD_IN 5480mW/9518mW VDD_CPU_GPU_CV 519mW/2660mW VDD_SOC 2795mW/3754mW
08-01-2026 01:54:22 RAM 1805/7620MB (lfb 61x4MB) SWAP 7/3810MB (cached 0MB) CPU [0%@729,1%@729,0%@729,0%@729,0%@729,0%@729] GR3D_FREQ 0% cpu@50.906C soc2@49.312C soc0@51.156C gpu@51.468C tj@51.468C soc1@51C VDD_IN 5480mW/9516mW VDD_CPU_GPU_CV 519mW/2659mW VDD_SOC 2795mW/3754mW
08-01-2026 01:54:23 RAM 1805/7620MB (lfb 61x4MB) SWAP 7/3810MB (cached 0MB) CPU [1%@729,1%@729,0%@729,0%@729,0%@729,0%@729] GR3D_FREQ 0% cpu@50.656C soc2@49.25C soc0@51.281C gpu@51.718C tj@51.718C soc1@51.093C VDD_IN 5440mW/9514mW VDD_CPU_GPU_CV 519mW/2658mW VDD_SOC 2800mW/3753mW
08-01-2026 01:54:24 RAM 1805/7620MB (lfb 61x4MB) SWAP 7/3810MB (cached 0MB) CPU [0%@729,0%@729,0%@729,0%@729,0%@729,0%@729] GR3D_FREQ 0% cpu@50.718C soc2@49.343C soc0@51.187C gpu@51.812C tj@51.812C soc1@50.968C VDD_IN 5440mW/9512mW VDD_CPU_GPU_CV 519mW/2657mW VDD_SOC 2795mW/3753mW
08-01-2026 01:54:25 RAM 1805/7620MB (lfb 61x4MB) SWAP 7/3810MB (cached 0MB) CPU [0%@729,1%@729,0%@729,0%@729,0%@729,0%@729] GR3D_FREQ 0% cpu@50.75C soc2@49.25C soc0@51.25C gpu@51.687C tj@51.687C soc1@51.031C VDD_IN 5440mW/9510mW VDD_CPU_GPU_CV 519mW/2656mW VDD_SOC 2795mW/3753mW
08-01-2026 01:54:26 RAM 1805/7620MB (lfb 61x4MB) SWAP 7/3810MB (cached 0MB) CPU [1%@729,2%@729,0%@729,0%@729,0%@729,0%@729] GR3D_FREQ 0% cpu@51C soc2@49.312C soc0@51.218C gpu@51.531C tj@51.812C soc1@50.968C VDD_IN 5440mW/9508mW VDD_CPU_GPU_CV 519mW/2655mW VDD_SOC 2795mW/3752mW
08-01-2026 01:54:27 RAM 1805/7620MB (lfb 61x4MB) SWAP 7/3810MB (cached 0MB) CPU [0%@729,0%@729,0%@729,0%@729,0%@729,0%@729] GR3D_FREQ 0% cpu@50.875C soc2@49.406C soc0@51.312C gpu@51.687C tj@51.687C soc1@50.937C VDD_IN 5440mW/9506mW VDD_CPU_GPU_CV 519mW/2654mW VDD_SOC 2795mW/3752mW
08-01-2026 01:54:28 RAM 1805/7620MB (lfb 61x4MB) SWAP 7/3810MB (cached 0MB) CPU [0%@729,1%@729,0%@729,0%@729,0%@729,0%@729] GR3D_FREQ 0% cpu@50.625C soc2@49.218C soc0@51.218C gpu@51.593C tj@51.593C soc1@51C VDD_IN 5480mW/9504mW VDD_CPU_GPU_CV 519mW/2653mW VDD_SOC 2795mW/3751mW
08-01-2026 01:54:29 RAM 1805/7620MB (lfb 61x4MB) SWAP 7/3810MB (cached 0MB) CPU [2%@729,1%@729,0%@729,0%@729,0%@729,0%@729] GR3D_FREQ 0% cpu@50.687C soc2@49.218C soc0@51.125C gpu@51.687C tj@51.687C soc1@51.062C VDD_IN 5440mW/9502mW VDD_CPU_GPU_CV 519mW/2652mW VDD_SOC 2800mW/3751mW
08-01-2026 01:54:30 RAM 1805/7620MB (lfb 61x4MB) SWAP 7/3810MB (cached 0MB) CPU [0%@729,0%@729,0%@729,0%@729,0%@729,0%@729] GR3D_FREQ 0% cpu@50.75C soc2@49.281C soc0@51.187C gpu@51.718C tj@51.718C soc1@50.937C VDD_IN 5440mW/9500mW VDD_CPU_GPU_CV 479mW/2651mW VDD_SOC 2795mW/3750mW
08-01-2026 01:54:31 RAM 1805/7620MB (lfb 61x4MB) SWAP 7/3810MB (cached 0MB) CPU [2%@729,0%@729,0%@729,0%@729,0%@729,0%@729] GR3D_FREQ 0% cpu@50.875C soc2@49.312C soc0@51.093C gpu@51.5C tj@51.5C soc1@50.875C VDD_IN 5480mW/9498mW VDD_CPU_GPU_CV 519mW/2650mW VDD_SOC 2795mW/3750mW
08-01-2026 01:54:32 RAM 1805/7620MB (lfb 61x4MB) SWAP 7/3810MB (cached 0MB) CPU [0%@729,1%@729,0%@729,0%@729,0%@729,0%@729] GR3D_FREQ 0% cpu@50.75C soc2@49.187C soc0@51.187C gpu@51.562C tj@51.562C soc1@50.968C VDD_IN 5440mW/9496mW VDD_CPU_GPU_CV 519mW/2649mW VDD_SOC 2795mW/3749mW
08-01-2026 01:54:33 RAM 1805/7620MB (lfb 61x4MB) SWAP 7/3810MB (cached 0MB) CPU [0%@729,1%@729,0%@729,0%@729,0%@729,0%@729] GR3D_FREQ 0% cpu@50.718C soc2@49.25C soc0@51.187C gpu@51.75C tj@51.75C soc1@50.875C VDD_IN 5440mW/9494mW VDD_CPU_GPU_CV 519mW/2648mW VDD_SOC 2795mW/3749mW
08-01-2026 01:54:34 RAM 1805/7620MB (lfb 61x4MB) SWAP 7/3810MB (cached 0MB) CPU [1%@729,0%@729,0%@729,0%@729,0%@729,0%@729] GR3D_FREQ 0% cpu@50.75C soc2@49.125C soc0@51.125C gpu@51.781C tj@51.781C soc1@50.875C VDD_IN 5440mW/9492mW VDD_CPU_GPU_CV 519mW/2647mW VDD_SOC 2800mW/3748mW
08-01-2026 01:54:35 RAM 1805/7620MB (lfb 61x4MB) SWAP 7/3810MB (cached 0MB) CPU [1%@729,0%@729,0%@729,0%@729,0%@729,0%@729] GR3D_FREQ 0% cpu@50.5C soc2@49.25C soc0@51.187C gpu@51.75C tj@51.531C soc1@50.875C VDD_IN 5440mW/9490mW VDD_CPU_GPU_CV 519mW/2646mW VDD_SOC 2795mW/3748mW
08-01-2026 01:54:36 RAM 1805/7620MB (lfb 61x4MB) SWAP 7/3810MB (cached 0MB) CPU [0%@729,0%@729,0%@729,0%@729,0%@729,0%@729] GR3D_FREQ 0% cpu@50.875C soc2@49.187C soc0@51C gpu@51.718C tj@51.718C soc1@50.937C VDD_IN 5440mW/9488mW VDD_CPU_GPU_CV 519mW/2645mW VDD_SOC 2800mW/3747mW
08-01-2026 01:54:37 RAM 1805/7620MB (lfb 61x4MB) SWAP 7/3810MB (cached 0MB) CPU [2%@729,0%@729,0%@729,0%@729,0%@729,0%@729] GR3D_FREQ 0% cpu@50.718C soc2@49.312C soc0@51.156C gpu@51.531C tj@51.531C soc1@50.875C VDD_IN 5440mW/9486mW VDD_CPU_GPU_CV 519mW/2644mW VDD_SOC 2800mW/3747mW
08-01-2026 01:54:38 RAM 1805/7620MB (lfb 61x4MB) SWAP 7/3810MB (cached 0MB) CPU [1%@729,0%@729,0%@729,0%@729,0%@729,0%@729] GR3D_FREQ 0% cpu@50.843C soc2@49.218C soc0@51.156C gpu@51.718C tj@51.718C soc1@50.875C VDD_IN 5440mW/9484mW VDD_CPU_GPU_CV 519mW/2643mW VDD_SOC 2760mW/3746mW
08-01-2026 01:54:39 RAM 1805/7620MB (lfb 61x4MB) SWAP 7/3810MB (cached 0MB) CPU [1%@729,0%@729,0%@729,0%@729,0%@729,0%@729] GR3D_FREQ 0% cpu@50.718C soc2@49.187C soc0@51.093C gpu@51.843C tj@51.843C soc1@50.875C VDD_IN 5440mW/9482mW VDD_CPU_GPU_CV 519mW/2642mW VDD_SOC 2755mW/3746mW
08-01-2026 01:54:40 RAM 1805/7620MB (lfb 61x4MB) SWAP 7/3810MB (cached 0MB) CPU [3%@729,0%@729,0%@729,0%@729,0%@729,0%@729] GR3D_FREQ 0% cpu@50.656C soc2@49.156C soc0@51.125C gpu@51.781C tj@51.781C soc1@50.937C VDD_IN 5440mW/9480mW VDD_CPU_GPU_CV 479mW/2641mW VDD_SOC 2755mW/3745mW
08-01-2026 01:54:41 RAM 1805/7620MB (lfb 61x4MB) SWAP 7/3810MB (cached 0MB) CPU [2%@729,0%@729,0%@729,0%@729,0%@729,0%@729] GR3D_FREQ 0% cpu@50.875C soc2@49.125C soc0@51.25C gpu@51.5C tj@51.5C soc1@50.875C VDD_IN 5440mW/9478mW VDD_CPU_GPU_CV 519mW/2639mW VDD_SOC 2760mW/3745mW
08-01-2026 01:54:42 RAM 1805/7620MB (lfb 61x4MB) SWAP 7/3810MB (cached 0MB) CPU [1%@729,1%@729,0%@729,0%@729,0%@729,0%@729] GR3D_FREQ 0% cpu@50.5C soc2@49.187C soc0@51.062C gpu@51.781C tj@51.781C soc1@50.843C VDD_IN 5440mW/9476mW VDD_CPU_GPU_CV 479mW/2638mW VDD_SOC 2760mW/3744mW
08-01-2026 01:54:43 RAM 1805/7620MB (lfb 61x4MB) SWAP 7/3810MB (cached 0MB) CPU [1%@729,0%@729,2%@729,0%@729,0%@729,0%@729] GR3D_FREQ 0% cpu@50.562C soc2@49.187C soc0@51.218C gpu@51.687C tj@51.531C soc1@50.75C VDD_IN 5440mW/9474mW VDD_CPU_GPU_CV 479mW/2637mW VDD_SOC 2800mW/3744mW
08-01-2026 01:54:44 RAM 1805/7620MB (lfb 61x4MB) SWAP 7/3810MB (cached 0MB) CPU [1%@729,0%@729,1%@729,0%@729,0%@729,0%@729] GR3D_FREQ 0% cpu@50.687C soc2@49.187C soc0@51.25C gpu@51.468C tj@51.468C soc1@50.718C VDD_IN 5440mW/9472mW VDD_CPU_GPU_CV 479mW/2636mW VDD_SOC 2760mW/3744mW
08-01-2026 01:54:45 RAM 1805/7620MB (lfb 61x4MB) SWAP 7/3810MB (cached 0MB) CPU [0%@729,0%@729,0%@729,0%@729,0%@729,0%@729] GR3D_FREQ 0% cpu@50.562C soc2@49.187C soc0@51.062C gpu@51.718C tj@51.718C soc1@50.875C VDD_IN 5440mW/9470mW VDD_CPU_GPU_CV 479mW/2635mW VDD_SOC 2760mW/3743mW
08-01-2026 01:54:46 RAM 1805/7620MB (lfb 61x4MB) SWAP 7/3810MB (cached 0MB) CPU [0%@729,0%@729,0%@729,0%@729,0%@729,0%@729] GR3D_FREQ 0% cpu@50.781C soc2@49.312C soc0@51.125C gpu@51.562C tj@51.562C soc1@50.687C VDD_IN 5440mW/9468mW VDD_CPU_GPU_CV 519mW/2634mW VDD_SOC 2755mW/3743mW
08-01-2026 01:54:47 RAM 1805/7620MB (lfb 61x4MB) SWAP 7/3810MB (cached 0MB) CPU [0%@729,1%@729,0%@729,0%@729,0%@729,0%@729] GR3D_FREQ 0% cpu@50.468C soc2@49.125C soc0@51.031C gpu@51.687C tj@51.687C soc1@50.875C VDD_IN 5440mW/9466mW VDD_CPU_GPU_CV 519mW/2633mW VDD_SOC 2760mW/3742mW
08-01-2026 01:54:48 RAM 1805/7620MB (lfb 61x4MB) SWAP 7/3810MB (cached 0MB) CPU [0%@729,0%@729,0%@729,0%@729,0%@729,0%@729] GR3D_FREQ 0% cpu@50.5C soc2@49.156C soc0@51.031C gpu@51.468C tj@51.468C soc1@50.687C VDD_IN 5440mW/9464mW VDD_CPU_GPU_CV 519mW/2632mW VDD_SOC 2760mW/3742mW
08-01-2026 01:54:49 RAM 1805/7620MB (lfb 61x4MB) SWAP 7/3810MB (cached 0MB) CPU [1%@729,0%@729,0%@729,0%@729,0%@729,0%@729] GR3D_FREQ 0% cpu@50.593C soc2@49.093C soc0@51.062C gpu@51.343C tj@51.343C soc1@50.75C VDD_IN 5440mW/9462mW VDD_CPU_GPU_CV 519mW/2631mW VDD_SOC 2760mW/3741mW
08-01-2026 01:54:50 RAM 1805/7620MB (lfb 61x4MB) SWAP 7/3810MB (cached 0MB) CPU [0%@729,0%@729,0%@729,0%@729,0%@729,0%@729] GR3D_FREQ 0% cpu@50.781C soc2@49.156C soc0@51C gpu@51.75C tj@51.75C soc1@50.875C VDD_IN 5480mW/9461mW VDD_CPU_GPU_CV 519mW/2630mW VDD_SOC 2800mW/3741mW
08-01-2026 01:54:51 RAM 1805/7620MB (lfb 61x4MB) SWAP 7/3810MB (cached 0MB) CPU [0%@729,0%@729,0%@729,0%@729,0%@729,0%@729] GR3D_FREQ 0% cpu@50.625C soc2@49.031C soc0@51.125C gpu@51.687C tj@51.687C soc1@50.75C VDD_IN 5440mW/9459mW VDD_CPU_GPU_CV 479mW/2629mW VDD_SOC 2760mW/3740mW
08-01-2026 01:54:52 RAM 1805/7620MB (lfb 61x4MB) SWAP 7/3810MB (cached 0MB) CPU [1%@729,1%@729,1%@729,0%@729,0%@729,0%@729] GR3D_FREQ 0% cpu@50.812C soc2@49.156C soc0@50.968C gpu@51.687C tj@51.687C soc1@50.781C VDD_IN 5440mW/9457mW VDD_CPU_GPU_CV 479mW/2628mW VDD_SOC 2755mW/3740mW
08-01-2026 01:54:53 RAM 1805/7620MB (lfb 61x4MB) SWAP 7/3810MB (cached 0MB) CPU [1%@729,0%@729,0%@729,0%@729,0%@729,0%@729] GR3D_FREQ 0% cpu@50.593C soc2@49.093C soc0@50.968C gpu@51.75C tj@51.75C soc1@50.75C VDD_IN 5440mW/9455mW VDD_CPU_GPU_CV 479mW/2627mW VDD_SOC 2760mW/3739mW
08-01-2026 01:54:54 RAM 1805/7620MB (lfb 61x4MB) SWAP 7/3810MB (cached 0MB) CPU [1%@729,0%@729,1%@729,0%@729,0%@729,0%@729] GR3D_FREQ 0% cpu@50.5C soc2@49.125C soc0@51.031C gpu@51.468C tj@51.468C soc1@50.625C VDD_IN 5440mW/9453mW VDD_CPU_GPU_CV 479mW/2626mW VDD_SOC 2760mW/3739mW
08-01-2026 01:54:55 RAM 1805/7620MB (lfb 61x4MB) SWAP 7/3810MB (cached 0MB) CPU [0%@729,0%@729,0%@729,0%@729,0%@729,0%@729] GR3D_FREQ 0% cpu@50.781C soc2@49.031C soc0@50.968C gpu@51.687C tj@51.687C soc1@50.812C VDD_IN 5440mW/9451mW VDD_CPU_GPU_CV 519mW/2625mW VDD_SOC 2760mW/3738mW
08-01-2026 01:54:56 RAM 1805/7620MB (lfb 61x4MB) SWAP 7/3810MB (cached 0MB) CPU [0%@729,0%@729,0%@729,0%@729,0%@729,0%@729] GR3D_FREQ 0% cpu@50.375C soc2@49.093C soc0@51.031C gpu@51.437C tj@51.437C soc1@50.906C VDD_IN 5440mW/9449mW VDD_CPU_GPU_CV 519mW/2624mW VDD_SOC 2760mW/3738mW
08-01-2026 01:54:57 RAM 1805/7620MB (lfb 61x4MB) SWAP 7/3810MB (cached 0MB) CPU [0%@729,1%@729,0%@729,0%@729,0%@729,0%@729] GR3D_FREQ 0% cpu@50.718C soc2@49C soc0@50.937C gpu@51.406C tj@51.406C soc1@50.718C VDD_IN 5440mW/9447mW VDD_CPU_GPU_CV 519mW/2623mW VDD_SOC 2755mW/3737mW
08-01-2026 01:54:58 RAM 1805/7620MB (lfb 61x4MB) SWAP 7/3810MB (cached 0MB) CPU [0%@729,1%@729,1%@729,0%@729,0%@729,0%@729] GR3D_FREQ 0% cpu@50.437C soc2@49.062C soc0@51C gpu@51.687C tj@51.687C soc1@50.812C VDD_IN 5440mW/9445mW VDD_CPU_GPU_CV 479mW/2622mW VDD_SOC 2760mW/3737mW
08-01-2026 01:54:59 RAM 1805/7620MB (lfb 61x4MB) SWAP 7/3810MB (cached 0MB) CPU [0%@729,0%@729,0%@729,0%@729,0%@729,0%@729] GR3D_FREQ 0% cpu@50.75C soc2@49C soc0@50.906C gpu@51.343C tj@51.343C soc1@50.75C VDD_IN 5440mW/9443mW VDD_CPU_GPU_CV 519mW/2621mW VDD_SOC 2760mW/3736mW
08-01-2026 01:55:00 RAM 1805/7620MB (lfb 61x4MB) SWAP 7/3810MB (cached 0MB) CPU [0%@729,0%@729,0%@729,0%@729,0%@729,0%@729] GR3D_FREQ 0% cpu@50.468C soc2@49.031C soc0@50.968C gpu@51.625C tj@51.625C soc1@50.781C VDD_IN 5440mW/9441mW VDD_CPU_GPU_CV 479mW/2620mW VDD_SOC 2755mW/3736mW
08-01-2026 01:55:01 RAM 1805/7620MB (lfb 61x4MB) SWAP 7/3810MB (cached 0MB) CPU [1%@729,2%@729,1%@729,0%@729,0%@729,0%@729] GR3D_FREQ 0% cpu@50.531C soc2@49C soc0@51C gpu@51.343C tj@51.343C soc1@50.687C VDD_IN 5440mW/9439mW VDD_CPU_GPU_CV 519mW/2619mW VDD_SOC 2760mW/3735mW
08-01-2026 01:55:02 RAM 1805/7620MB (lfb 61x4MB) SWAP 7/3810MB (cached 0MB) CPU [0%@729,0%@729,0%@729,0%@729,0%@729,0%@729] GR3D_FREQ 0% cpu@50.625C soc2@49C soc0@50.906C gpu@51.375C tj@51.375C soc1@50.687C VDD_IN 5440mW/9437mW VDD_CPU_GPU_CV 479mW/2618mW VDD_SOC 2755mW/3735mW
08-01-2026 01:55:03 RAM 1805/7620MB (lfb 61x4MB) SWAP 7/3810MB (cached 0MB) CPU [0%@729,0%@729,0%@729,0%@729,0%@729,0%@729] GR3D_FREQ 0% cpu@50.468C soc2@49.093C soc0@50.968C gpu@51.312C tj@51.312C soc1@50.687C VDD_IN 5440mW/9435mW VDD_CPU_GPU_CV 519mW/2617mW VDD_SOC 2760mW/3734mW
08-01-2026 01:55:04 RAM 1805/7620MB (lfb 61x4MB) SWAP 7/3810MB (cached 0MB) CPU [1%@729,0%@729,0%@729,0%@729,0%@729,0%@729] GR3D_FREQ 0% cpu@50.593C soc2@49C soc0@50.843C gpu@51.656C tj@51.656C soc1@50.656C VDD_IN 5440mW/9433mW VDD_CPU_GPU_CV 479mW/2616mW VDD_SOC 2755mW/3734mW
08-01-2026 01:55:05 RAM 1805/7620MB (lfb 61x4MB) SWAP 7/3810MB (cached 0MB) CPU [0%@729,0%@729,0%@729,0%@729,0%@729,0%@729] GR3D_FREQ 0% cpu@50.406C soc2@49.062C soc0@50.937C gpu@51.625C tj@51.625C soc1@50.75C VDD_IN 5480mW/9431mW VDD_CPU_GPU_CV 519mW/2615mW VDD_SOC 2800mW/3734mW
08-01-2026 01:55:06 RAM 1805/7620MB (lfb 61x4MB) SWAP 7/3810MB (cached 0MB) CPU [1%@729,0%@729,0%@729,0%@729,0%@729,0%@729] GR3D_FREQ 0% cpu@50.468C soc2@49.062C soc0@50.968C gpu@51.562C tj@51.562C soc1@50.75C VDD_IN 5440mW/9429mW VDD_CPU_GPU_CV 479mW/2614mW VDD_SOC 2760mW/3733mW
08-01-2026 01:55:07 RAM 1805/7620MB (lfb 61x4MB) SWAP 7/3810MB (cached 0MB) CPU [1%@729,0%@729,1%@729,0%@729,0%@729,0%@729] GR3D_FREQ 0% cpu@50.562C soc2@49.031C soc0@50.968C gpu@51.406C tj@51.406C soc1@50.593C VDD_IN 5440mW/9428mW VDD_CPU_GPU_CV 479mW/2613mW VDD_SOC 2760mW/3733mW
08-01-2026 01:55:08 RAM 1805/7620MB (lfb 61x4MB) SWAP 7/3810MB (cached 0MB) CPU [1%@729,0%@729,0%@729,0%@729,0%@729,0%@729] GR3D_FREQ 0% cpu@50.343C soc2@49C soc0@50.843C gpu@51.687C tj@51.687C soc1@50.656C VDD_IN 5440mW/9426mW VDD_CPU_GPU_CV 479mW/2612mW VDD_SOC 2755mW/3732mW
08-01-2026 01:55:09 RAM 1805/7620MB (lfb 61x4MB) SWAP 7/3810MB (cached 0MB) CPU [0%@729,0%@729,0%@729,0%@729,0%@729,1%@729] GR3D_FREQ 0% cpu@50.343C soc2@49.031C soc0@50.906C gpu@51.625C tj@51.625C soc1@50.593C VDD_IN 5440mW/9424mW VDD_CPU_GPU_CV 519mW/2611mW VDD_SOC 2755mW/3732mW
08-01-2026 01:55:10 RAM 1805/7620MB (lfb 61x4MB) SWAP 7/3810MB (cached 0MB) CPU [1%@729,0%@729,0%@729,0%@729,0%@729,0%@729] GR3D_FREQ 0% cpu@50.468C soc2@49C soc0@51C gpu@51.312C tj@51.312C soc1@50.625C VDD_IN 5440mW/9422mW VDD_CPU_GPU_CV 519mW/2610mW VDD_SOC 2755mW/3731mW
08-01-2026 01:55:11 RAM 1805/7620MB (lfb 61x4MB) SWAP 7/3810MB (cached 0MB) CPU [1%@729,0%@729,1%@729,0%@729,0%@729,0%@729] GR3D_FREQ 0% cpu@50.75C soc2@49C soc0@50.75C gpu@51.312C tj@51.312C soc1@50.593C VDD_IN 5440mW/9420mW VDD_CPU_GPU_CV 519mW/2609mW VDD_SOC 2760mW/3731mW
08-01-2026 01:55:12 RAM 1805/7620MB (lfb 61x4MB) SWAP 7/3810MB (cached 0MB) CPU [0%@729,0%@729,0%@729,0%@729,0%@729,0%@729] GR3D_FREQ 0% cpu@50.281C soc2@49C soc0@50.906C gpu@51.687C tj@51.687C soc1@50.75C VDD_IN 5440mW/9418mW VDD_CPU_GPU_CV 519mW/2608mW VDD_SOC 2760mW/3730mW
08-01-2026 01:55:14 RAM 1805/7620MB (lfb 61x4MB) SWAP 7/3810MB (cached 0MB) CPU [1%@729,0%@729,0%@729,0%@729,0%@729,0%@729] GR3D_FREQ 0% cpu@50.406C soc2@49C soc0@51C gpu@51.375C tj@51.375C soc1@50.593C VDD_IN 5440mW/9416mW VDD_CPU_GPU_CV 519mW/2606mW VDD_SOC 2755mW/3730mW
08-01-2026 01:55:15 RAM 1805/7620MB (lfb 61x4MB) SWAP 7/3810MB (cached 0MB) CPU [0%@729,0%@729,1%@729,0%@729,0%@729,0%@729] GR3D_FREQ 0% cpu@50.531C soc2@48.937C soc0@50.843C gpu@51.687C tj@51.687C soc1@50.812C VDD_IN 5440mW/9414mW VDD_CPU_GPU_CV 519mW/2605mW VDD_SOC 2755mW/3729mW
08-01-2026 01:55:16 RAM 1806/7620MB (lfb 61x4MB) SWAP 7/3810MB (cached 0MB) CPU [1%@729,0%@729,0%@729,0%@729,0%@729,0%@729] GR3D_FREQ 0% cpu@50.406C soc2@49C soc0@50.968C gpu@51.312C tj@51.312C soc1@50.562C VDD_IN 5440mW/9412mW VDD_CPU_GPU_CV 519mW/2604mW VDD_SOC 2755mW/3729mW
08-01-2026 01:55:17 RAM 1806/7620MB (lfb 61x4MB) SWAP 7/3810MB (cached 0MB) CPU [1%@729,0%@729,1%@729,0%@729,0%@729,0%@729] GR3D_FREQ 0% cpu@50.593C soc2@49C soc0@50.781C gpu@51.281C tj@51.281C soc1@50.531C VDD_IN 5440mW/9410mW VDD_CPU_GPU_CV 519mW/2603mW VDD_SOC 2755mW/3728mW
08-01-2026 01:55:18 RAM 1806/7620MB (lfb 61x4MB) SWAP 7/3810MB (cached 0MB) CPU [1%@729,0%@729,0%@729,0%@729,0%@729,0%@729] GR3D_FREQ 0% cpu@50.5C soc2@48.968C soc0@50.75C gpu@51.312C tj@51.312C soc1@50.656C VDD_IN 5440mW/9408mW VDD_CPU_GPU_CV 519mW/2602mW VDD_SOC 2755mW/3728mW
08-01-2026 01:55:19 RAM 1805/7620MB (lfb 61x4MB) SWAP 7/3810MB (cached 0MB) CPU [1%@729,0%@729,0%@729,0%@729,0%@729,0%@729] GR3D_FREQ 0% cpu@50.406C soc2@49C soc0@50.875C gpu@51.625C tj@51.625C soc1@50.718C VDD_IN 5440mW/9406mW VDD_CPU_GPU_CV 519mW/2601mW VDD_SOC 2755mW/3727mW
08-01-2026 01:55:20 RAM 1805/7620MB (lfb 61x4MB) SWAP 7/3810MB (cached 0MB) CPU [1%@729,0%@729,0%@729,0%@729,0%@729,0%@729] GR3D_FREQ 0% cpu@50.562C soc2@48.937C soc0@50.906C gpu@51.343C tj@51.343C soc1@50.468C VDD_IN 5440mW/9405mW VDD_CPU_GPU_CV 519mW/2600mW VDD_SOC 2760mW/3727mW
08-01-2026 01:55:21 RAM 1805/7620MB (lfb 61x4MB) SWAP 7/3810MB (cached 0MB) CPU [1%@729,0%@729,0%@729,0%@729,0%@729,0%@729] GR3D_FREQ 0% cpu@50.281C soc2@49C soc0@50.812C gpu@51.687C tj@51.687C soc1@50.625C VDD_IN 5440mW/9403mW VDD_CPU_GPU_CV 519mW/2599mW VDD_SOC 2800mW/3727mW
08-01-2026 01:55:22 RAM 1805/7620MB (lfb 61x4MB) SWAP 7/3810MB (cached 0MB) CPU [0%@729,0%@729,0%@729,1%@729,0%@729,0%@729] GR3D_FREQ 0% cpu@50.312C soc2@48.968C soc0@50.843C gpu@51.156C tj@51.156C soc1@50.437C VDD_IN 5440mW/9401mW VDD_CPU_GPU_CV 519mW/2598mW VDD_SOC 2755mW/3726mW
08-01-2026 01:55:23 RAM 1805/7620MB (lfb 61x4MB) SWAP 7/3810MB (cached 0MB) CPU [1%@729,0%@729,0%@729,0%@729,0%@729,0%@729] GR3D_FREQ 0% cpu@50.437C soc2@48.906C soc0@50.875C gpu@51.218C tj@51.218C soc1@50.562C VDD_IN 5440mW/9399mW VDD_CPU_GPU_CV 519mW/2597mW VDD_SOC 2755mW/3726mW
08-01-2026 01:55:24 RAM 1805/7620MB (lfb 61x4MB) SWAP 7/3810MB (cached 0MB) CPU [0%@729,0%@729,0%@729,0%@729,0%@729,0%@729] GR3D_FREQ 0% cpu@50.218C soc2@48.906C soc0@50.812C gpu@51.156C tj@51.156C soc1@50.625C VDD_IN 5440mW/9397mW VDD_CPU_GPU_CV 479mW/2596mW VDD_SOC 2755mW/3725mW
08-01-2026 01:55:25 RAM 1805/7620MB (lfb 61x4MB) SWAP 7/3810MB (cached 0MB) CPU [0%@729,0%@729,0%@729,0%@729,0%@729,0%@729] GR3D_FREQ 0% cpu@50.312C soc2@49C soc0@50.812C gpu@51.125C tj@51.125C soc1@50.5C VDD_IN 5440mW/9395mW VDD_CPU_GPU_CV 519mW/2595mW VDD_SOC 2755mW/3725mW
