elapsed_s,timestamp,gpu_temp_c,cpu_temp_c,tj_temp_c,soc0_temp_c,gpu_util_pct,gpu_clock_mhz,gpu_max_mhz,emc_util_pct,vdd_in_mw,vdd_cpu_gpu_cv_mw,vdd_soc_mw,ram_used_mb,cpu_util_mean_pct,cpu_clock_max_mhz
1.0,2026-08-04T22:37:08.396115+00:00,51.812,50.656,51.812,51.125,0,306,1020,,5480,519,2795,1464,0.7,729
2.0,2026-08-04T22:37:09.399643+00:00,51.718,50.625,51.718,51.187,0,306,1020,,5440,519,2795,1464,0.0,729
3.0,2026-08-04T22:37:10.405294+00:00,51.781,50.812,51.781,51.062,0,306,1020,,5391,479,2755,1464,0.0,729
4.0,2026-08-04T22:37:11.411070+00:00,51.843,50.593,51.843,51,0,306,1020,,5400,519,2755,1464,0.2,729
5.0,2026-08-04T22:37:12.418980+00:00,51.562,50.875,51.562,51.093,0,306,1020,,5440,479,2755,1464,0.5,1113
6.0,2026-08-04T22:37:13.424310+00:00,51.531,50.625,51.531,51.187,0,306,1020,,5391,519,2755,1464,0.0,729
7.1,2026-08-04T22:37:14.430395+00:00,51.562,50.625,51.562,51,0,306,1020,,5431,519,2755,1464,0.2,729
8.1,2026-08-04T22:37:15.438838+00:00,51.843,50.75,51.843,51,0,306,1020,,5480,519,2795,1464,0.7,729
9.1,2026-08-04T22:37:16.446692+00:00,51.468,50.562,51.468,51.125,0,306,1020,,5480,519,2795,1464,3.2,729
10.1,2026-08-04T22:37:17.452669+00:00,51.593,50.593,51.593,51,0,306,1020,,5440,519,2795,1464,0.2,729
11.1,2026-08-04T22:37:18.458696+00:00,51.562,50.75,51.562,51,0,306,1020,,5440,519,2755,1464,0.0,729
12.1,2026-08-04T22:37:19.464496+00:00,51.875,50.843,51.875,51,0,306,1020,,5431,519,2755,1464,0.2,729
13.1,2026-08-04T22:37:20.470694+00:00,51.875,50.562,51.875,51.125,0,306,1020,,5440,519,2755,1464,0.3,729
14.1,2026-08-04T22:37:21.476646+00:00,51.937,50.625,51.937,51.218,0,306,1020,,5440,519,2755,1464,0.3,729
15.1,2026-08-04T22:37:22.482760+00:00,51.875,50.812,51.875,51,0,306,1020,,5431,519,2755,1464,0.0,729
16.1,2026-08-04T22:37:23.488976+00:00,51.562,50.562,51.562,51,0,306,1020,,5431,519,2755,1464,0.2,729
17.1,2026-08-04T22:37:24.495597+00:00,51.656,50.687,51.656,51.187,0,306,1020,,5431,519,2795,1464,0.2,729
18.1,2026-08-04T22:37:25.501534+00:00,51.593,50.531,51.593,51.187,0,306,1020,,5440,519,2755,1464,0.2,729
19.1,2026-08-04T22:37:26.507243+00:00,51.593,50.687,51.437,51,0,306,1020,,5440,519,2755,1464,0.2,729
20.1,2026-08-04T22:37:27.513550+00:00,51.406,50.781,51.406,51.062,0,306,1020,,5440,519,2755,1464,0.2,729
21.1,2026-08-04T22:37:28.519094+00:00,51.468,50.531,51.468,51.125,0,306,1020,,5400,479,2755,1464,0.0,729
22.1,2026-08-04T22:37:29.525052+00:00,51.437,50.593,51.437,51.156,0,306,1020,,5400,479,2755,1464,0.0,729
23.2,2026-08-04T22:37:30.531373+00:00,51.468,50.625,51.468,51.218,0,306,1020,,5391,479,2755,1464,0.2,729
24.2,2026-08-04T22:37:31.537293+00:00,51.656,50.937,51.656,50.968,0,306,1020,,5400,479,2755,1464,0.0,729
25.2,2026-08-04T22:37:32.543532+00:00,51.687,50.75,51.687,50.968,0,306,1020,,5440,519,2795,1464,0.2,729
26.2,2026-08-04T22:37:33.550121+00:00,51.687,50.593,51.687,51.156,0,306,1020,,5400,519,2755,1464,0.0,729
27.2,2026-08-04T22:37:34.556000+00:00,51.562,50.562,51.562,51.125,0,306,1020,,5391,519,2755,1464,0.0,729
28.2,2026-08-04T22:37:35.562506+00:00,51.531,50.625,51.531,51,0,306,1020,,5400,479,2755,1464,0.3,729
29.2,2026-08-04T22:37:36.568696+00:00,51.437,50.906,51.437,50.968,0,306,1020,,5400,519,2755,1464,0.0,729
30.2,2026-08-04T22:37:37.577716+00:00,51.437,50.5,51.437,51.125,0,306,1020,,5391,479,2755,1464,0.0,729
31.2,2026-08-04T22:37:38.581480+00:00,51.687,50.656,51.687,51.156,0,306,1020,,5400,479,2755,1464,0.3,729
32.2,2026-08-04T22:37:39.587714+00:00,51.687,50.781,51.687,50.968,0,306,1020,,5440,519,2795,1464,0.2,729
33.2,2026-08-04T22:37:40.594282+00:00,51.687,50.593,51.687,51.125,0,306,1020,,5400,519,2755,1464,0.0,729
34.2,2026-08-04T22:37:41.600259+00:00,51.531,50.875,51.531,51.062,0,306,1020,,5440,519,2755,1464,0.0,729
35.2,2026-08-04T22:37:42.606683+00:00,51.5,50.531,51.5,51.187,0,306,1020,,5400,519,2755,1464,0.3,729
36.2,2026-08-04T22:37:43.612691+00:00,51.531,50.718,51.531,51.062,0,306,1020,,5391,519,2755,1464,0.2,729
37.2,2026-08-04T22:37:44.618919+00:00,51.812,50.75,51.812,51.062,0,306,1020,,5391,519,2755,1464,0.2,729
38.3,2026-08-04T22:37:45.625298+00:00,51.781,50.5,51.781,51,0,306,1020,,5400,479,2755,1464,0.0,729
39.3,2026-08-04T22:37:46.631672+00:00,51.781,50.593,51.781,51.125,0,306,1020,,5400,519,2755,1464,0.0,729
40.3,2026-08-04T22:37:47.637964+00:00,51.531,50.625,51.531,51.156,0,306,1020,,5440,519,2795,1464,0.2,729
41.3,2026-08-04T22:37:48.644852+00:00,51.531,50.531,51.531,50.968,0,306,1020,,5440,519,2755,1464,0.0,729
42.3,2026-08-04T22:37:49.651473+00:00,51.5,50.75,51.5,50.968,0,306,1020,,5391,519,2755,1464,0.0,729
43.3,2026-08-04T22:37:50.657761+00:00,51.906,50.593,51.906,51.125,0,306,1020,,5391,519,2755,1464,0.0,729
44.3,2026-08-04T22:37:51.664159+00:00,51.906,50.562,51.906,50.937,0,306,1020,,5400,519,2755,1464,0.0,729
45.3,2026-08-04T22:37:52.670445+00:00,51.375,50.718,51.375,50.968,0,306,1020,,5391,519,2755,1464,0.0,729
46.3,2026-08-04T22:37:53.676166+00:00,51.625,50.5,51.625,51.093,0,306,1020,,5431,519,2755,1464,0.2,729
47.3,2026-08-04T22:37:54.682403+00:00,51.625,50.5,51.625,51,0,306,1020,,5440,519,2795,1464,0.0,729
48.3,2026-08-04T22:37:55.688739+00:00,51.562,50.625,51.562,50.968,0,306,1020,,5440,519,2755,1464,0.2,729
49.3,2026-08-04T22:37:56.695013+00:00,51.593,50.843,51.593,50.968,0,306,1020,,5440,519,2755,1464,0.2,729
50.3,2026-08-04T22:37:57.701417+00:00,51.468,50.593,51.468,51,0,306,1020,,5391,519,2755,1464,0.0,729
51.3,2026-08-04T22:37:58.707266+00:00,51.437,50.531,51.437,51.125,0,306,1020,,5431,519,2795,1464,0.2,729
52.3,2026-08-04T22:37:59.714254+00:00,51.437,50.531,51.437,51,0,306,1020,,5431,519,2795,1464,0.2,729
53.3,2026-08-04T22:38:00.722072+00:00,51.656,50.531,51.656,51.031,0,306,1020,,5440,519,2795,1464,0.7,729
54.4,2026-08-04T22:38:01.728130+00:00,51.593,50.875,51.593,51.031,0,306,1020,,5440,519,2795,1464,0.2,729
55.4,2026-08-04T22:38:02.734350+00:00,51.437,50.468,51.437,51.093,0,306,1020,,5431,519,2795,1464,0.2,729
56.4,2026-08-04T22:38:03.740624+00:00,51.437,50.593,51.437,50.968,0,306,1020,,5440,519,2795,1464,0.0,729
57.4,2026-08-04T22:38:04.746923+00:00,51.343,50.687,51.343,51.062,0,306,1020,,5431,519,2795,1464,0.0,729
58.4,2026-08-04T22:38:05.752675+00:00,51.437,50.468,51.437,50.968,0,306,1020,,5440,519,2795,1464,0.2,729
59.4,2026-08-04T22:38:06.759219+00:00,51.687,50.593,51.687,51.062,0,306,1020,,5431,519,2795,1464,0.2,729
60.4,2026-08-04T22:38:07.765927+00:00,51.687,50.656,51.687,51.187,0,306,1020,,5431,519,2795,1464,0.3,729
61.4,2026-08-04T22:38:08.771991+00:00,51.687,50.812,51.687,51.031,0,306,1020,,5431,519,2795,1464,0.0,729
62.4,2026-08-04T22:38:09.778242+00:00,51.531,50.593,51.531,50.968,0,306,1020,,5431,519,2795,1464,0.3,729
63.4,2026-08-04T22:38:10.784428+00:00,51.437,50.468,51.437,51.093,0,306,1020,,5431,519,2795,1464,0.0,729
64.4,2026-08-04T22:38:11.790626+00:00,51.5,50.437,51.5,51.156,0,306,1020,,5431,519,2795,1464,0.0,729
65.4,2026-08-04T22:38:12.796822+00:00,51.75,50.656,51.75,50.968,0,306,1020,,5431,519,2755,1464,0.3,729
66.4,2026-08-04T22:38:13.803053+00:00,51.812,50.812,51.812,51.062,0,306,1020,,5440,519,2795,1464,0.3,729
67.4,2026-08-04T22:38:14.809302+00:00,51.812,50.562,51.812,50.968,0,306,1020,,5431,519,2755,1464,0.0,729
68.4,2026-08-04T22:38:15.815286+00:00,51.781,50.562,51.781,51.187,0,306,1020,,5431,519,2795,1464,0.0,729
69.4,2026-08-04T22:38:16.821627+00:00,51.531,50.625,51.531,50.937,0,306,1020,,5431,519,2755,1464,0.2,729
70.5,2026-08-04T22:38:17.827974+00:00,51.5,50.5,51.5,51.031,0,306,1020,,5431,519,2795,1464,0.2,729
71.5,2026-08-04T22:38:18.834025+00:00,51.468,50.812,51.468,50.968,0,306,1020,,5440,519,2795,1464,0.3,729
72.5,2026-08-04T22:38:19.840361+00:00,51.843,50.468,51.843,51.062,0,306,1020,,5431,519,2755,1464,0.2,729
73.5,2026-08-04T22:38:20.846321+00:00,51.875,50.562,51.875,50.937,0,306,1020,,5431,519,2755,1464,0.2,729
74.5,2026-08-04T22:38:21.852537+00:00,51.343,50.687,51.343,50.968,0,306,1020,,5431,519,2755,1464,0.0,729
75.5,2026-08-04T22:38:22.858745+00:00,51.281,50.468,51.281,51,0,306,1020,,5440,519,2755,1464,0.0,729
76.5,2026-08-04T22:38:23.864945+00:00,51.562,50.468,51.562,51.156,0,306,1020,,5431,519,2755,1464,0.0,729
77.5,2026-08-04T22:38:24.870869+00:00,51.562,50.562,51.562,51.093,0,306,1020,,5431,519,2795,1464,0.3,729
78.5,2026-08-04T22:38:25.876582+00:00,51.625,50.562,51.625,50.968,0,306,1020,,5431,519,2795,1464,0.2,729
79.5,2026-08-04T22:38:26.882430+00:00,51.593,50.625,51.593,50.968,0,306,1020,,5431,519,2795,1464,0.0,729
80.5,2026-08-04T22:38:27.888726+00:00,51.375,50.468,51.375,50.968,0,306,1020,,5391,479,2795,1464,0.0,729
81.5,2026-08-04T22:38:28.894721+00:00,51.406,50.5,51.406,51.031,0,306,1020,,5440,519,2795,1464,0.2,729
82.5,2026-08-04T22:38:29.900854+00:00,51.375,50.593,51.375,50.875,0,306,1020,,5400,479,2755,1464,0.0,729
83.5,2026-08-04T22:38:30.906920+00:00,51.468,50.812,51.468,50.968,0,306,1020,,5400,479,2755,1464,0.0,729
84.5,2026-08-04T22:38:31.912825+00:00,51.406,50.718,51.656,51.062,0,306,1020,,5440,519,2795,1464,0.2,729
85.5,2026-08-04T22:38:32.918958+00:00,51.656,50.468,51.656,51.031,0,306,1020,,5431,519,2755,1464,0.0,729
86.5,2026-08-04T22:38:33.925161+00:00,51.625,50.468,51.625,51.187,0,306,1020,,5391,479,2755,1464,0.2,729
87.6,2026-08-04T22:38:34.931588+00:00,51.656,50.656,51.656,51,0,306,1020,,5440,519,2755,1464,0.0,729
88.6,2026-08-04T22:38:35.937685+00:00,51.437,50.812,51.437,50.968,0,306,1020,,5400,519,2755,1464,0.2,729
89.6,2026-08-04T22:38:36.943676+00:00,51.437,50.5,51.437,51.062,0,306,1020,,5391,479,2755,1464,0.0,729
90.6,2026-08-04T22:38:37.949570+00:00,51.437,50.687,51.437,51.125,0,306,1020,,5391,519,2755,1464,0.0,729
91.6,2026-08-04T22:38:38.955640+00:00,51.437,50.75,51.437,50.968,0,306,1020,,5440,519,2795,1464,0.0,729
92.6,2026-08-04T22:38:39.961044+00:00,51.468,50.656,51.468,51,0,306,1020,,5440,519,2795,1464,0.2,729
93.6,2026-08-04T22:38:40.967040+00:00,51.75,50.781,51.75,50.968,0,306,1020,,5431,519,2755,1464,0.2,729
94.6,2026-08-04T22:38:41.973632+00:00,51.812,50.468,51.812,51.062,0,306,1020,,5431,519,2755,1464,0.5,729
95.6,2026-08-04T22:38:42.979725+00:00,51.718,50.593,51.718,51.156,0,306,1020,,5391,519,2755,1464,0.0,729
96.6,2026-08-04T22:38:43.986066+00:00,51.437,50.75,51.437,50.968,0,306,1020,,5391,519,2755,1464,0.2,729
97.6,2026-08-04T22:38:44.991907+00:00,51.5,50.468,51.5,50.968,0,306,1020,,5440,519,2755,1464,0.2,729
98.6,2026-08-04T22:38:45.998018+00:00,51.406,50.5,51.406,51.031,0,306,1020,,5400,519,2755,1464,0.2,729
99.6,2026-08-04T22:38:47.004097+00:00,51.468,50.5,51.468,51.031,0,306,1020,,5431,519,2795,1464,0.0,729
100.6,2026-08-04T22:38:48.010248+00:00,51.343,50.531,51.343,50.937,0,306,1020,,5431,519,2795,1464,0.3,729
101.6,2026-08-04T22:38:49.016594+00:00,51.406,50.687,51.406,51.031,0,306,1020,,5391,479,2755,1464,0.2,729
102.6,2026-08-04T22:38:50.022784+00:00,51.406,50.468,51.406,51.031,0,306,1020,,5391,519,2755,1464,0.2,729
103.7,2026-08-04T22:38:51.028624+00:00,51.406,50.531,51.406,51.031,0,306,1020,,5391,519,2755,1464,0.0,729
104.7,2026-08-04T22:38:52.034253+00:00,51.531,50.593,51.531,51.062,0,306,1020,,5391,479,2755,1464,0.0,729
105.7,2026-08-04T22:38:53.040559+00:00,51.531,50.875,51.531,51,0,306,1020,,5400,479,2755,1464,0.0,729
106.7,2026-08-04T22:38:54.046435+00:00,51.625,50.718,51.625,50.968,0,306,1020,,5400,479,2755,1464,0.0,729
107.7,2026-08-04T22:38:55.052540+00:00,51.656,50.437,51.656,51.031,0,306,1020,,5471,519,2795,1464,0.2,729
108.7,2026-08-04T22:38:56.058185+00:00,51.656,50.531,51.656,51.125,0,306,1020,,5431,519,2795,1464,0.0,729
109.7,2026-08-04T22:38:57.064306+00:00,51.437,50.625,51.437,50.968,0,306,1020,,5440,519,2755,1464,0.2,729
110.7,2026-08-04T22:38:58.070416+00:00,51.437,50.843,51.437,50.968,0,306,1020,,5400,519,2755,1464,0.3,729
111.7,2026-08-04T22:38:59.076241+00:00,51.343,50.593,51.343,51.093,0,306,1020,,5400,519,2755,1464,0.0,729
112.7,2026-08-04T22:39:00.082534+00:00,51.406,50.562,51.687,51.093,0,306,1020,,5391,519,2755,1464,0.2,729
113.7,2026-08-04T22:39:01.088584+00:00,51.718,50.5,51.718,51.187,0,306,1020,,5391,479,2755,1464,0.2,729
114.7,2026-08-04T22:39:02.094791+00:00,51.687,50.593,51.687,50.968,0,306,1020,,5471,519,2795,1464,0.2,729
115.7,2026-08-04T22:39:03.100705+00:00,51.75,50.875,51.75,51.062,0,306,1020,,5431,519,2795,1464,0.2,729
116.7,2026-08-04T22:39:04.106612+00:00,51.687,50.468,51.687,50.968,0,306,1020,,5391,519,2795,1464,0.0,729
117.7,2026-08-04T22:39:05.112782+00:00,51.437,50.625,51.437,51.125,0,306,1020,,5391,519,2755,1464,0.0,729
118.7,2026-08-04T22:39:06.118878+00:00,51.468,50.718,51.468,51.031,0,306,1020,,5431,519,2795,1464,0.2,729
119.7,2026-08-04T22:39:07.124663+00:00,51.5,50.5,51.5,51,0,306,1020,,5391,519,2755,1464,0.2,729
120.8,2026-08-04T22:39:08.130624+00:00,51.468,50.781,51.468,50.968,0,306,1020,,5391,519,2755,1464,0.0,729
121.8,2026-08-04T22:39:09.137036+00:00,51.75,50.468,51.75,51.031,0,306,1020,,5400,519,2795,1464,0.3,729
122.8,2026-08-04T22:39:10.143275+00:00,51.812,50.562,51.812,50.968,0,306,1020,,5400,479,2795,1464,0.0,729
123.8,2026-08-04T22:39:11.149432+00:00,51.75,50.75,51.75,50.937,0,306,1020,,5440,519,2755,1464,0.0,729
124.8,2026-08-04T22:39:12.155217+00:00,51.843,50.468,51.843,51,0,306,1020,,5391,519,2755,1464,0.2,729
125.8,2026-08-04T22:39:13.161140+00:00,51.437,50.531,51.437,51.062,0,306,1020,,5391,479,2755,1464,0.2,729
126.8,2026-08-04T22:39:14.167024+00:00,51.562,50.656,51.562,51.187,0,306,1020,,5391,519,2795,1464,0.0,729
127.8,2026-08-04T22:39:15.173332+00:00,51.531,50.625,51.531,50.968,0,306,1020,,5391,479,2755,1464,0.2,729
128.8,2026-08-04T22:39:16.179415+00:00,51.5,50.75,51.5,50.968,0,306,1020,,5391,479,2755,1464,0.0,729
129.8,2026-08-04T22:39:17.185585+00:00,51.375,50.468,51.375,51,0,306,1020,,5431,519,2795,1464,0.0,729
130.8,2026-08-04T22:39:18.191738+00:00,51.375,50.531,51.375,51.062,0,306,1020,,5391,479,2755,1464,0.2,729
131.8,2026-08-04T22:39:19.197832+00:00,51.343,50.625,51.343,50.968,0,306,1020,,5400,519,2755,1464,0.0,729
132.8,2026-08-04T22:39:20.204215+00:00,51.593,50.781,51.593,51.031,0,306,1020,,5391,479,2755,1464,0.0,729
133.8,2026-08-04T22:39:21.210047+00:00,51.593,50.593,51.593,50.968,0,306,1020,,5400,478,2755,1464,0.2,729
134.8,2026-08-04T22:39:22.215824+00:00,51.625,50.468,51.625,51,0,306,1020,,5391,478,2755,1464,0.2,729
135.8,2026-08-04T22:39:23.221766+00:00,51.593,50.531,51.593,51.218,0,306,1020,,5431,519,2755,1464,0.0,729
136.9,2026-08-04T22:39:24.227317+00:00,51.625,50.593,51.625,51,0,306,1020,,5391,479,2755,1464,0.2,729
137.9,2026-08-04T22:39:25.234093+00:00,51.437,50.875,51.437,50.968,0,306,1020,,5431,519,2795,1464,0.0,729
138.9,2026-08-04T22:39:26.240598+00:00,51.437,50.5,51.437,51.031,0,306,1020,,5431,479,2755,1464,0.2,729
139.9,2026-08-04T22:39:27.246867+00:00,51.468,50.593,51.468,51.156,0,306,1020,,5391,519,2755,1464,0.2,729
140.9,2026-08-04T22:39:28.252587+00:00,51.687,50.718,51.687,50.968,0,306,1020,,5391,519,2755,1464,0.0,729
141.9,2026-08-04T22:39:29.258448+00:00,51.656,50.625,51.656,50.937,0,306,1020,,5391,519,2755,1464,0.0,729
142.9,2026-08-04T22:39:30.264260+00:00,51.687,50.75,51.687,51.031,0,306,1020,,5391,519,2755,1464,0.0,729
143.9,2026-08-04T22:39:31.270008+00:00,51.687,50.5,51.687,51.031,0,306,1020,,5391,519,2755,1464,0.0,729
144.9,2026-08-04T22:39:32.275677+00:00,51.75,50.593,51.75,51.125,0,306,1020,,5431,519,2795,1464,0.3,729
145.9,2026-08-04T22:39:33.281655+00:00,51.687,50.781,51.406,50.968,0,306,1020,,5391,519,2795,1464,0.0,729
146.9,2026-08-04T22:39:34.287521+00:00,51.531,50.531,51.531,50.968,0,306,1020,,5431,519,2755,1464,0.0,729
147.9,2026-08-04T22:39:35.293687+00:00,51.468,50.75,51.468,51.031,0,306,1020,,5391,519,2755,1464,0.2,729
148.9,2026-08-04T22:39:36.299771+00:00,51.468,50.5,51.468,51,0,306,1020,,5391,519,2755,1464,0.2,729
149.9,2026-08-04T22:39:37.305615+00:00,51.468,50.562,51.468,51.156,0,306,1020,,5431,519,2755,1464,0.0,729
150.9,2026-08-04T22:39:38.311851+00:00,51.875,50.75,51.875,51,0,306,1020,,5391,519,2755,1464,0.2,729
151.9,2026-08-04T22:39:39.318067+00:00,51.906,50.5,51.906,50.968,0,306,1020,,5391,519,2755,1464,0.0,729
152.9,2026-08-04T22:39:40.324372+00:00,51.437,50.468,51.437,51.031,0,306,1020,,5391,479,2755,1464,0.2,729
154.0,2026-08-04T22:39:41.330688+00:00,51.531,50.656,51.531,51.156,0,306,1020,,5400,519,2755,1464,0.2,729
155.0,2026-08-04T22:39:42.337004+00:00,51.531,50.906,51.531,51,0,306,1020,,5400,479,2755,1464,0.0,729
156.0,2026-08-04T22:39:43.343269+00:00,51.593,50.687,51.593,51,0,306,1020,,5391,479,2755,1464,0.2,729
157.0,2026-08-04T22:39:44.349606+00:00,51.375,50.437,51.375,51.062,0,306,1020,,5400,519,2755,1464,0.2,729
158.0,2026-08-04T22:39:45.355565+00:00,51.375,50.468,51.375,51.125,0,306,1020,,5400,479,2755,1464,0.3,729
159.0,2026-08-04T22:39:46.361575+00:00,51.343,50.625,51.343,51.031,0,306,1020,,5400,519,2755,1464,0.0,729
160.0,2026-08-04T22:39:47.367900+00:00,51.406,50.843,51.406,51,0,306,1020,,5431,519,2795,1464,0.2,729
161.0,2026-08-04T22:39:48.374523+00:00,51.562,50.531,51.562,51,0,306,1020,,5391,479,2795,1464,0.2,729
162.0,2026-08-04T22:39:49.380552+00:00,51.593,50.562,51.593,51.093,0,306,1020,,5391,519,2755,1464,0.2,729
163.0,2026-08-04T22:39:50.387119+00:00,51.625,50.781,51.625,50.968,0,306,1020,,5431,519,2755,1464,0.2,729
164.0,2026-08-04T22:39:51.393040+00:00,51.468,50.562,51.468,51.062,0,306,1020,,5391,479,2755,1464,0.2,729
165.0,2026-08-04T22:39:52.399289+00:00,51.406,50.843,51.406,50.968,0,306,1020,,5391,479,2755,1464,0.0,729
166.0,2026-08-04T22:39:53.405125+00:00,51.375,50.531,51.375,51.062,0,306,1020,,5391,479,2755,1464,0.2,729
167.0,2026-08-04T22:39:54.411157+00:00,51.437,50.625,51.437,50.968,0,306,1020,,5511,519,2795,1464,0.2,729
168.0,2026-08-04T22:39:55.417423+00:00,51.656,50.718,51.656,50.968,0,306,1020,,5391,479,2795,1464,0.2,729
169.0,2026-08-04T22:39:56.423754+00:00,51.687,50.531,51.687,50.968,0,306,1020,,5391,479,2755,1464,0.0,729
170.1,2026-08-04T22:39:57.429882+00:00,51.625,50.531,51.625,50.968,0,306,1020,,5391,479,2755,1464,0.2,729
171.1,2026-08-04T22:39:58.436337+00:00,51.687,50.656,51.406,51,0,306,1020,,5391,479,2755,1464,0.2,729
172.1,2026-08-04T22:39:59.442268+00:00,51.375,50.562,51.375,50.968,0,306,1020,,5391,479,2755,1464,0.0,729
173.1,2026-08-04T22:40:00.448814+00:00,51.562,50.687,51.562,50.968,0,306,1020,,5391,519,2755,1464,0.3,729
174.1,2026-08-04T22:40:01.455060+00:00,51.468,50.531,51.468,51.093,0,306,1020,,5391,519,2755,1464,0.0,729
175.1,2026-08-04T22:40:02.461578+00:00,51.812,50.593,51.812,50.968,0,306,1020,,5431,519,2795,1464,0.2,729
176.1,2026-08-04T22:40:03.467710+00:00,51.843,50.625,51.843,51.031,0,306,1020,,5431,519,2755,1464,0.2,729
177.1,2026-08-04T22:40:04.474131+00:00,51.843,50.468,51.843,51.031,0,306,1020,,5391,519,2755,1464,0.0,729
178.1,2026-08-04T22:40:05.479781+00:00,51.531,50.531,51.531,51,0,306,1020,,5391,519,2755,1464,0.3,729
179.1,2026-08-04T22:40:06.485700+00:00,51.468,50.562,51.468,51.093,0,306,1020,,5391,479,2755,1464,0.3,729
180.1,2026-08-04T22:40:07.491673+00:00,51.437,50.562,51.437,50.968,0,306,1020,,5391,479,2755,1464,0.2,729
181.1,2026-08-04T22:40:08.498816+00:00,51.531,50.656,51.531,51,0,306,1020,,5431,519,2755,1464,0.3,729
182.1,2026-08-04T22:40:09.504282+00:00,51.437,50.5,51.437,50.968,0,306,1020,,5471,519,2795,1464,0.3,729
183.1,2026-08-04T22:40:10.510075+00:00,51.281,50.468,51.281,50.968,0,306,1020,,5431,519,2755,1464,0.2,729
184.1,2026-08-04T22:40:11.515789+00:00,51.437,50.593,51.437,50.968,0,306,1020,,5391,519,2755,1464,0.2,729
185.1,2026-08-04T22:40:12.521433+00:00,51.437,50.781,51.437,50.937,0,306,1020,,5391,519,2755,1464,0.2,729
186.2,2026-08-04T22:40:13.528026+00:00,51.375,50.531,51.375,51.031,0,306,1020,,5400,479,2755,1464,0.2,729
187.2,2026-08-04T22:40:14.534421+00:00,51.656,50.875,51.656,51.031,0,306,1020,,5391,519,2755,1464,0.0,729
188.2,2026-08-04T22:40:15.540702+00:00,51.562,50.468,51.562,51.062,0,306,1020,,5391,479,2755,1464,0.2,729
189.2,2026-08-04T22:40:16.546604+00:00,51.656,50.593,51.656,50.968,0,306,1020,,5391,479,2755,1464,0.2,729
190.2,2026-08-04T22:40:17.552446+00:00,51.593,50.75,51.5,50.968,0,306,1020,,5471,519,2795,1464,0.2,729
191.2,2026-08-04T22:40:18.558442+00:00,51.437,50.593,51.437,50.968,0,306,1020,,5431,519,2795,1464,0.2,729
192.2,2026-08-04T22:40:19.564231+00:00,51.375,50.625,51.375,51.062,0,306,1020,,5431,519,2755,1464,0.0,729
193.2,2026-08-04T22:40:20.569760+00:00,51.5,50.468,51.5,50.968,0,306,1020,,5431,519,2755,1464,0.0,729
194.2,2026-08-04T22:40:21.575622+00:00,51.375,50.625,51.375,50.937,0,306,1020,,5391,479,2755,1464,0.0,729
195.2,2026-08-04T22:40:22.582186+00:00,51.687,50.75,51.687,51,0,306,1020,,5391,479,2755,1464,0.0,729
196.2,2026-08-04T22:40:23.588421+00:00,51.687,50.468,51.687,51.062,0,306,1020,,5391,479,2755,1464,0.2,729
197.2,2026-08-04T22:40:24.594614+00:00,51.718,50.593,51.718,50.968,0,306,1020,,5511,519,2835,1464,0.0,729
198.2,2026-08-04T22:40:25.600771+00:00,51.75,50.687,51.75,50.875,0,306,1020,,5400,479,2795,1464,0.0,729
199.2,2026-08-04T22:40:26.606644+00:00,51.437,50.531,51.437,50.968,0,306,1020,,5391,479,2755,1464,0.3,729
200.2,2026-08-04T22:40:27.612464+00:00,51.562,50.75,51.562,51.093,0,306,1020,,5391,479,2755,1464,0.2,729
201.2,2026-08-04T22:40:28.618189+00:00,51.531,50.468,51.531,51.093,0,306,1020,,5391,479,2755,1464,0.0,729
202.2,2026-08-04T22:40:29.623839+00:00,51.437,50.531,51.437,50.968,0,306,1020,,5391,519,2755,1464,0.2,729
203.3,2026-08-04T22:40:30.629645+00:00,51.531,50.625,51.531,51,0,306,1020,,5391,479,2755,1464,0.2,729
204.3,2026-08-04T22:40:31.635464+00:00,51.781,50.468,51.781,50.968,0,306,1020,,5391,479,2755,1464,0.0,729
205.3,2026-08-04T22:40:32.641395+00:00,51.875,50.593,51.875,51.062,0,306,1020,,5431,479,2795,1464,0.2,729
206.3,2026-08-04T22:40:33.647469+00:00,51.343,50.531,51.343,51.062,0,306,1020,,5400,479,2755,1464,0.2,729
207.3,2026-08-04T22:40:34.653482+00:00,51.281,50.5,51.281,50.968,0,306,1020,,5391,479,2755,1464,0.2,729
208.3,2026-08-04T22:40:35.659733+00:00,51.562,50.656,51.562,51,0,306,1020,,5400,519,2755,1464,0.2,729
209.3,2026-08-04T22:40:36.665532+00:00,51.531,50.468,51.531,50.937,0,306,1020,,5400,519,2755,1464,0.2,729
210.3,2026-08-04T22:40:37.671603+00:00,51.531,50.5,51.531,51,0,306,1020,,5391,479,2755,1464,0.0,729
211.3,2026-08-04T22:40:38.677738+00:00,51.562,50.625,51.562,51.125,0,306,1020,,5391,519,2755,1464,0.0,729
212.3,2026-08-04T22:40:39.683499+00:00,51.625,50.75,51.625,51,0,306,1020,,5431,519,2795,1464,0.2,729
213.3,2026-08-04T22:40:40.689254+00:00,51.343,50.625,51.343,51,0,306,1020,,5391,519,2755,1464,0.5,729
214.3,2026-08-04T22:40:41.695402+00:00,51.312,50.468,51.312,51,0,306,1020,,5400,479,2755,1464,0.2,729
215.3,2026-08-04T22:40:42.701212+00:00,51.375,50.468,51.375,51.093,0,306,1020,,5391,519,2755,1464,0.2,729
216.3,2026-08-04T22:40:43.707603+00:00,51.375,50.593,51.375,50.906,0,306,1020,,5391,519,2755,1464,0.0,729
217.3,2026-08-04T22:40:44.713647+00:00,51.593,50.812,51.593,50.968,0,306,1020,,5391,519,2755,1464,0.0,729
218.3,2026-08-04T22:40:45.719318+00:00,51.625,50.562,51.625,50.906,0,306,1020,,5391,479,2795,1464,0.0,729
219.4,2026-08-04T22:40:46.725437+00:00,51.656,50.468,51.656,51.062,0,306,1020,,5431,519,2795,1464,0.0,729
220.4,2026-08-04T22:40:47.731615+00:00,51.656,50.468,51.656,51.031,0,306,1020,,5431,519,2795,1464,0.0,729
221.4,2026-08-04T22:40:48.737454+00:00,51.687,50.593,51.468,50.968,0,306,1020,,5391,519,2795,1464,0.0,729
222.4,2026-08-04T22:40:49.743191+00:00,51.437,50.75,51.437,50.968,0,306,1020,,5431,519,2795,1464,0.2,729
223.4,2026-08-04T22:40:50.748864+00:00,51.437,50.531,51.437,50.968,0,306,1020,,5391,519,2795,1464,0.2,729
224.4,2026-08-04T22:40:51.754631+00:00,51.406,50.562,51.406,51.093,0,306,1020,,5431,519,2755,1464,0.3,729
225.4,2026-08-04T22:40:52.760946+00:00,51.437,50.437,51.437,51,0,306,1020,,5431,519,2755,1464,0.0,729
226.4,2026-08-04T22:40:53.766982+00:00,51.781,50.562,51.781,51.031,0,306,1020,,5431,519,2795,1464,0.0,729
227.4,2026-08-04T22:40:54.772826+00:00,51.75,50.75,51.75,50.968,0,306,1020,,5431,519,2795,1464,0.0,729
228.4,2026-08-04T22:40:55.779172+00:00,51.718,50.5,51.718,51,0,306,1020,,5431,519,2795,1464,0.0,729
229.4,2026-08-04T22:40:56.784878+00:00,51.843,50.562,51.843,51.062,0,306,1020,,5431,519,2755,1464,0.0,729
230.4,2026-08-04T22:40:57.790794+00:00,51.875,50.625,51.875,50.968,0,306,1020,,5431,519,2795,1464,0.0,729
231.4,2026-08-04T22:40:58.797176+00:00,51.5,50.468,51.5,50.906,0,306,1020,,5431,519,2795,1464,0.0,729
232.4,2026-08-04T22:40:59.803334+00:00,51.562,50.75,51.562,50.968,0,306,1020,,5440,519,2795,1464,0.3,729
233.4,2026-08-04T22:41:00.809278+00:00,51.406,50.437,51.406,51.031,0,306,1020,,5431,519,2795,1464,0.2,729
234.4,2026-08-04T22:41:01.815113+00:00,51.468,50.531,51.468,50.937,0,306,1020,,5431,519,2795,1464,0.2,729
235.4,2026-08-04T22:41:02.820969+00:00,51.406,50.75,51.406,50.968,0,306,1020,,5431,519,2795,1464,0.2,729
236.5,2026-08-04T22:41:03.826899+00:00,51.437,50.468,51.437,50.968,0,306,1020,,5440,519,2795,1464,0.0,729
237.5,2026-08-04T22:41:04.832974+00:00,51.406,50.718,51.406,51.093,0,306,1020,,5431,519,2795,1464,0.2,729
238.5,2026-08-04T22:41:05.839004+00:00,51.312,50.531,51.312,50.968,0,306,1020,,5431,519,2795,1464,0.2,729
239.5,2026-08-04T22:41:06.844757+00:00,51.593,50.437,51.593,50.968,0,306,1020,,5431,519,2795,1464,0.0,729
240.5,2026-08-04T22:41:07.850975+00:00,51.625,50.625,51.625,50.968,0,306,1020,,5431,519,2795,1464,0.2,729
241.5,2026-08-04T22:41:08.857345+00:00,51.593,50.531,51.593,50.968,0,306,1020,,5431,519,2795,1464,0.3,729
242.5,2026-08-04T22:41:09.863641+00:00,51.593,50.468,51.593,51.031,0,306,1020,,5511,519,2795,1464,0.0,729
243.5,2026-08-04T22:41:10.869774+00:00,51.375,50.5,51.375,50.937,0,306,1020,,5431,519,2795,1464,0.0,729
244.5,2026-08-04T22:41:11.875819+00:00,51.406,50.718,51.406,50.968,0,306,1020,,5431,519,2755,1464,0.0,729
245.5,2026-08-04T22:41:12.881644+00:00,51.375,50.593,51.375,51,0,306,1020,,5431,519,2795,1464,0.2,729
246.5,2026-08-04T22:41:13.887900+00:00,51.437,50.468,51.625,51,0,306,1020,,5431,519,2755,1464,0.0,729
247.5,2026-08-04T22:41:14.893658+00:00,51.656,50.468,51.656,51.093,0,306,1020,,5431,519,2755,1464,0.2,729
248.5,2026-08-04T22:41:15.899577+00:00,51.656,50.593,51.656,50.906,0,306,1020,,5431,519,2755,1464,0.0,729
249.5,2026-08-04T22:41:16.905781+00:00,51.656,50.781,51.656,50.937,0,306,1020,,5431,519,2795,1464,0.2,729
250.5,2026-08-04T22:41:17.911881+00:00,51.687,50.468,51.687,51.062,0,306,1020,,5431,519,2795,1464,0.2,729
251.5,2026-08-04T22:41:18.917781+00:00,51.468,50.468,51.468,51.031,0,306,1020,,5400,519,2755,1464,0.0,729
252.5,2026-08-04T22:41:19.924067+00:00,51.468,50.625,51.468,50.906,0,306,1020,,5391,519,2755,1464,0.0,729
253.6,2026-08-04T22:41:20.930003+00:00,51.437,50.468,51.437,50.968,0,306,1020,,5391,519,2755,1464,0.2,729
254.6,2026-08-04T22:41:21.935736+00:00,51.437,50.687,51.437,50.906,0,306,1020,,5391,479,2755,1464,0.0,729
255.6,2026-08-04T22:41:22.941579+00:00,51.375,50.468,51.375,51.062,0,306,1020,,5391,479,2755,1464,0.2,729
256.6,2026-08-04T22:41:23.947264+00:00,51.781,50.468,51.781,51.031,0,306,1020,,5391,479,2755,1464,0.0,729
257.6,2026-08-04T22:41:24.952753+00:00,51.312,50.593,51.312,50.875,0,306,1020,,5431,519,2795,1464,0.2,729
258.6,2026-08-04T22:41:25.958482+00:00,51.406,50.437,51.406,50.968,0,306,1020,,5431,479,2795,1464,0.2,729
259.6,2026-08-04T22:41:26.964895+00:00,51.343,50.687,51.343,50.968,0,306,1020,,5400,479,2755,1464,0.0,729
260.6,2026-08-04T22:41:27.971129+00:00,51.531,50.5,51.531,51,0,306,1020,,5391,479,2755,1464,0.0,729
261.6,2026-08-04T22:41:28.977425+00:00,51.5,50.468,51.5,51.125,0,306,1020,,5391,479,2755,1464,0.2,729
262.6,2026-08-04T22:41:29.983508+00:00,51.5,50.625,51.5,50.968,0,306,1020,,5391,519,2755,1464,0.0,729
263.6,2026-08-04T22:41:30.989541+00:00,51.531,50.437,51.531,50.968,0,306,1020,,5400,479,2755,1464,0.0,729
264.6,2026-08-04T22:41:31.996108+00:00,51.406,50.468,51.406,50.968,0,306,1020,,5431,519,2795,1464,0.2,729
265.6,2026-08-04T22:41:33.001893+00:00,51.312,50.531,51.312,51.031,0,306,1020,,5391,479,2755,1464,0.3,729
266.6,2026-08-04T22:41:34.007581+00:00,51.343,50.5,51.343,50.937,0,306,1020,,5391,479,2755,1464,0.0,729
267.6,2026-08-04T22:41:35.014195+00:00,51.406,50.625,51.406,50.937,0,306,1020,,5431,519,2755,1464,0.2,729
268.6,2026-08-04T22:41:36.019903+00:00,51.593,50.468,51.593,50.937,0,306,1020,,5391,479,2755,1464,0.2,729
269.7,2026-08-04T22:41:37.025994+00:00,51.562,50.468,51.562,51.062,0,306,1020,,5391,479,2755,1464,0.2,729
270.7,2026-08-04T22:41:38.031940+00:00,51.656,50.531,51.656,50.906,0,306,1020,,5391,479,2755,1464,0.2,729
271.7,2026-08-04T22:41:39.037675+00:00,51.687,50.718,51.687,50.937,0,306,1020,,5391,519,2755,1464,0.0,729
272.7,2026-08-04T22:41:40.043838+00:00,51.406,50.531,51.406,50.906,0,306,1020,,5431,519,2795,1464,0.2,729
273.7,2026-08-04T22:41:41.050528+00:00,51.375,50.437,51.375,51.062,0,306,1020,,5391,479,2755,1464,0.5,729
274.7,2026-08-04T22:41:42.056282+00:00,51.406,50.468,51.406,51.031,0,306,1020,,5391,519,2755,1464,0.2,729
275.7,2026-08-04T22:41:43.062368+00:00,51.375,50.531,51.375,50.937,0,306,1020,,5391,519,2755,1464,0.0,729
276.7,2026-08-04T22:41:44.068379+00:00,51.718,50.625,51.718,50.968,0,306,1020,,5400,479,2755,1464,0.0,729
277.7,2026-08-04T22:41:45.074972+00:00,51.718,50.437,51.718,51.031,0,306,1020,,5391,479,2755,1464,0.0,729
278.7,2026-08-04T22:41:46.080749+00:00,51.718,50.468,51.718,51.125,0,306,1020,,5391,479,2755,1464,0.3,729
279.7,2026-08-04T22:41:47.086743+00:00,51.75,50.625,51.75,50.906,0,306,1020,,5551,559,2835,1464,0.0,729
280.7,2026-08-04T22:41:48.092976+00:00,51.468,50.562,51.468,50.968,0,306,1020,,5431,519,2795,1464,0.2,729
281.7,2026-08-04T22:41:49.099091+00:00,51.468,50.75,51.468,50.906,0,306,1020,,5391,519,2755,1464,0.0,729
282.7,2026-08-04T22:41:50.105569+00:00,51.468,50.437,51.468,50.968,0,306,1020,,5400,519,2755,1464,0.2,729
283.7,2026-08-04T22:41:51.111829+00:00,51.843,50.468,51.843,51.062,0,306,1020,,5391,519,2755,1464,0.0,729
284.7,2026-08-04T22:41:52.117912+00:00,51.343,50.625,51.343,50.937,0,306,1020,,5391,519,2755,1464,0.2,729
285.7,2026-08-04T22:41:53.123576+00:00,51.25,50.437,51.25,50.937,0,306,1020,,5391,519,2755,1464,0.2,729
286.8,2026-08-04T22:41:54.129391+00:00,51.25,50.625,51.25,50.968,0,306,1020,,5391,519,2755,1464,0.2,729
287.8,2026-08-04T22:41:55.135300+00:00,51.281,50.468,51.468,51.031,0,306,1020,,5440,519,2795,1464,0.0,729
288.8,2026-08-04T22:41:56.141541+00:00,51.468,50.5,51.468,50.906,0,306,1020,,5391,519,2755,1464,0.3,729
289.8,2026-08-04T22:41:57.147607+00:00,51.437,50.625,51.437,51,0,306,1020,,5431,519,2755,1464,0.2,729
290.8,2026-08-04T22:41:58.153368+00:00,51.531,50.437,51.531,50.968,0,306,1020,,5431,519,2755,1464,0.0,729
291.8,2026-08-04T22:41:59.159706+00:00,51.375,50.468,51.375,50.968,0,306,1020,,5431,519,2755,1464,0.0,729
292.8,2026-08-04T22:42:00.166025+00:00,51.343,50.562,51.343,51,0,306,1020,,5391,519,2755,1464,0.2,729
293.8,2026-08-04T22:42:01.171448+00:00,51.437,50.781,51.437,51,0,306,1020,,5391,479,2755,1464,0.0,729
294.8,2026-08-04T22:42:02.177541+00:00,51.468,50.625,51.468,50.968,0,306,1020,,5440,519,2795,1464,0.2,729
295.8,2026-08-04T22:42:03.183889+00:00,51.625,50.406,51.625,51.031,0,306,1020,,5431,519,2755,1464,0.0,729
296.8,2026-08-04T22:42:04.189846+00:00,51.562,50.531,51.562,51,0,306,1020,,5391,519,2755,1464,0.0,729
297.8,2026-08-04T22:42:05.195709+00:00,51.687,50.562,51.687,50.906,0,306,1020,,5391,519,2755,1464,0.2,729
298.8,2026-08-04T22:42:06.201622+00:00,51.562,50.718,51.562,50.968,0,306,1020,,5431,519,2755,1464,0.3,729
299.8,2026-08-04T22:42:07.207238+00:00,51.687,50.531,51.687,50.875,0,306,1020,,5391,479,2755,1464,0.2,729
300.8,2026-08-04T22:42:08.213427+00:00,51.343,50.375,51.343,51.031,0,306,1020,,5391,519,2755,1464,0.2,729
301.8,2026-08-04T22:42:09.220305+00:00,51.437,50.468,51.437,51.062,0,306,1020,,5440,519,2755,1464,0.2,729
302.9,2026-08-04T22:42:10.226672+00:00,51.343,50.468,51.343,51.031,0,306,1020,,5391,479,2755,1464,0.0,729
303.9,2026-08-04T22:42:11.233007+00:00,51.75,50.687,51.75,50.937,0,306,1020,,5391,479,2755,1464,0.2,729
304.9,2026-08-04T22:42:12.239166+00:00,51.718,50.468,51.718,51,0,306,1020,,5431,519,2755,1464,0.2,729
305.9,2026-08-04T22:42:13.245050+00:00,51.687,50.562,51.687,51,0,306,1020,,5431,519,2755,1464,0.0,729
306.9,2026-08-04T22:42:14.251010+00:00,51.781,50.625,51.781,50.843,0,306,1020,,5431,519,2755,1464,0.0,729
307.9,2026-08-04T22:42:15.257303+00:00,51.437,50.468,51.437,50.937,0,306,1020,,5431,519,2795,1464,0.2,729
308.9,2026-08-04T22:42:16.262953+00:00,51.437,50.718,51.437,51.031,0,306,1020,,5431,519,2755,1464,0.0,729
309.9,2026-08-04T22:42:17.269250+00:00,51.5,50.437,51.5,50.968,0,306,1020,,5440,519,2795,1464,0.2,729
310.9,2026-08-04T22:42:18.275017+00:00,51.5,50.531,51.5,50.937,0,306,1020,,5391,519,2755,1464,0.0,729
311.9,2026-08-04T22:42:19.280564+00:00,51.437,50.687,51.25,50.937,0,306,1020,,5391,479,2755,1464,0.0,729
312.9,2026-08-04T22:42:20.286147+00:00,51.343,50.437,51.343,50.968,0,306,1020,,5400,519,2755,1464,0.2,729
313.9,2026-08-04T22:42:21.291752+00:00,51.437,50.562,51.437,51.062,0,306,1020,,5400,479,2755,1464,0.2,729
314.9,2026-08-04T22:42:22.297551+00:00,51.281,50.437,51.281,51,0,306,1020,,5391,479,2755,1464,0.0,729
315.9,2026-08-04T22:42:23.303179+00:00,51.312,50.468,51.312,50.937,0,306,1020,,5391,479,2755,1464,0.0,729
316.9,2026-08-04T22:42:24.309012+00:00,51.312,50.656,51.312,50.875,0,306,1020,,5391,479,2755,1464,0.0,729
317.9,2026-08-04T22:42:25.314667+00:00,51.406,50.468,51.406,50.968,0,306,1020,,5391,479,2755,1464,0.2,729
318.9,2026-08-04T22:42:26.320317+00:00,51.5,50.687,51.5,51,0,306,1020,,5391,479,2755,1464,0.0,729
320.0,2026-08-04T22:42:27.325978+00:00,51.656,50.468,51.656,51,0,306,1020,,5391,479,2755,1464,0.0,729
321.0,2026-08-04T22:42:28.331451+00:00,51.562,50.468,51.562,50.968,0,306,1020,,5391,479,2795,1464,0.2,729
322.0,2026-08-04T22:42:29.337315+00:00,51.656,50.593,51.656,51,0,306,1020,,5391,479,2755,1464,0.3,729
323.0,2026-08-04T22:42:30.342929+00:00,51.656,50.406,51.656,50.968,0,306,1020,,5391,479,2755,1464,0.2,729
324.0,2026-08-04T22:42:31.348837+00:00,51.625,50.718,51.625,50.968,0,306,1020,,5391,479,2755,1464,0.0,729
325.0,2026-08-04T22:42:32.354335+00:00,51.718,50.406,51.718,50.968,0,306,1020,,5551,519,2835,1464,0.0,729
326.0,2026-08-04T22:42:33.360127+00:00,51.406,50.531,51.406,50.968,0,306,1020,,5391,479,2795,1464,0.2,729
327.0,2026-08-04T22:42:34.365717+00:00,51.406,50.625,51.406,50.937,0,306,1020,,5391,479,2755,1464,0.2,729
328.0,2026-08-04T22:42:35.371210+00:00,51.406,50.468,51.406,51.031,0,306,1020,,5391,519,2755,1464,0.0,729
329.0,2026-08-04T22:42:36.376826+00:00,51.437,50.625,51.437,50.968,0,306,1020,,5391,519,2755,1464,0.5,729
330.0,2026-08-04T22:42:37.382602+00:00,51.406,50.406,51.406,51.031,0,306,1020,,5391,519,2755,1464,0.2,729
331.0,2026-08-04T22:42:38.388554+00:00,51.437,50.468,51.437,50.843,0,306,1020,,5391,479,2755,1464,0.2,729
332.0,2026-08-04T22:42:39.394427+00:00,51.812,50.687,51.812,50.968,0,306,1020,,5471,519,2795,1464,0.2,1728
333.0,2026-08-04T22:42:40.400210+00:00,51.812,50.437,51.812,50.968,0,306,1020,,5391,479,2755,1464,0.0,729
334.0,2026-08-04T22:42:41.405735+00:00,51.281,50.593,51.281,50.968,0,306,1020,,5391,519,2755,1464,0.3,729
335.0,2026-08-04T22:42:42.411506+00:00,51.25,50.593,51.25,51,0,306,1020,,5431,519,2755,1464,0.0,729
336.0,2026-08-04T22:42:43.417138+00:00,51.375,50.5,51.375,50.968,0,306,1020,,5391,519,2755,1464,0.2,729
337.0,2026-08-04T22:42:44.422893+00:00,51.406,50.593,51.406,50.968,0,306,1020,,5431,519,2755,1464,0.2,729
338.1,2026-08-04T22:42:45.428621+00:00,51.468,50.375,51.468,50.906,0,306,1020,,5391,519,2755,1464,0.2,729
339.1,2026-08-04T22:42:46.434477+00:00,51.531,50.437,51.531,50.968,0,306,1020,,5391,519,2755,1464,0.0,729
340.1,2026-08-04T22:42:47.440077+00:00,51.562,50.5,51.562,51.062,0,306,1020,,5431,519,2795,1464,0.0,729
341.1,2026-08-04T22:42:48.446161+00:00,51.5,50.5,51.5,50.906,0,306,1020,,5431,519,2755,1464,0.3,729
342.1,2026-08-04T22:42:49.451369+00:00,51.625,50.625,51.625,50.906,0,306,1020,,5391,519,2755,1464,0.0,729
343.1,2026-08-04T22:42:50.457192+00:00,51.531,50.468,51.531,50.968,0,306,1020,,5391,519,2755,1464,0.2,729
344.1,2026-08-04T22:42:51.463051+00:00,51.437,50.531,51.437,51,0,306,1020,,5391,519,2755,1464,0.3,729
345.1,2026-08-04T22:42:52.468854+00:00,51.281,50.5,51.281,51.062,0,306,1020,,5400,519,2755,1464,0.0,729
346.1,2026-08-04T22:42:53.474260+00:00,51.406,50.437,51.406,50.968,0,306,1020,,5391,519,2755,1464,0.0,729
347.1,2026-08-04T22:42:54.480243+00:00,51.375,50.687,51.375,50.968,0,306,1020,,5440,519,2795,1464,0.0,729
348.1,2026-08-04T22:42:55.486153+00:00,51.343,50.343,51.343,50.937,0,306,1020,,5431,519,2755,1464,0.3,729
349.1,2026-08-04T22:42:56.491773+00:00,51.406,50.468,51.406,50.968,0,306,1020,,5400,519,2755,1464,0.2,729
350.1,2026-08-04T22:42:57.497010+00:00,51.687,50.625,51.687,51.093,0,306,1020,,5400,519,2755,1464,0.2,729
351.1,2026-08-04T22:42:58.503031+00:00,51.718,50.468,51.718,50.812,0,306,1020,,5391,479,2755,1464,0.2,729
352.1,2026-08-04T22:42:59.508663+00:00,51.656,50.625,51.656,50.937,0,306,1020,,5431,519,2795,1464,0.3,729
353.1,2026-08-04T22:43:00.515215+00:00,51.718,50.812,51.718,51,0,306,1020,,5431,519,2795,1464,0.7,729
354.1,2026-08-04T22:43:01.521034+00:00,51.687,50.468,51.687,51.031,0,306,1020,,5391,479,2755,1464,0.2,729
355.2,2026-08-04T22:43:02.526390+00:00,51.375,50.468,51.375,51.125,0,306,1020,,5471,519,2795,1464,0.2,729
356.2,2026-08-04T22:43:03.532374+00:00,51.5,50.687,51.5,50.937,0,306,1020,,5391,479,2795,1464,0.3,729
357.2,2026-08-04T22:43:04.538080+00:00,51.437,50.531,51.437,50.968,0,306,1020,,5391,479,2755,1464,0.0,729
358.2,2026-08-04T22:43:05.544001+00:00,51.5,50.812,51.5,50.968,0,306,1020,,5431,519,2795,1464,0.2,729
359.2,2026-08-04T22:43:06.549871+00:00,51.375,50.437,51.375,51,0,306,1020,,5431,519,2755,1464,0.3,729
360.2,2026-08-04T22:43:07.555179+00:00,51.406,50.562,51.406,50.937,0,306,1020,,5391,519,2755,1464,0.0,729
361.2,2026-08-04T22:43:08.561158+00:00,51.312,50.781,51.312,50.906,0,306,1020,,5391,479,2755,1464,0.2,729
362.2,2026-08-04T22:43:09.566500+00:00,51.375,50.625,51.375,50.968,0,306,1020,,5630,559,2875,1464,0.2,729
363.2,2026-08-04T22:43:10.572503+00:00,51.281,50.781,51.281,51.093,0,306,1020,,5431,519,2795,1464,0.2,729
364.2,2026-08-04T22:43:11.578035+00:00,51.406,50.468,51.406,50.968,0,306,1020,,5431,519,2795,1464,0.0,729
365.2,2026-08-04T22:43:12.583611+00:00,51.375,50.531,51.375,50.875,0,306,1020,,5431,519,2755,1464,0.0,729
366.2,2026-08-04T22:43:13.589551+00:00,51.343,50.593,51.343,50.906,0,306,1020,,5431,519,2755,1464,0.2,729
367.2,2026-08-04T22:43:14.595743+00:00,51.656,50.468,51.656,50.937,0,306,1020,,5391,519,2755,1464,0.0,729
368.2,2026-08-04T22:43:15.601983+00:00,51.562,50.812,51.562,50.968,0,306,1020,,5391,479,2755,1464,0.3,729
369.2,2026-08-04T22:43:16.608204+00:00,51.5,50.406,51.5,51.031,0,306,1020,,5391,479,2755,1464,0.0,729
370.2,2026-08-04T22:43:17.614700+00:00,51.375,50.5,51.375,50.906,0,306,1020,,5431,519,2795,1464,0.0,729
371.2,2026-08-04T22:43:18.620557+00:00,51.343,50.656,51.343,50.937,0,306,1020,,5391,479,2755,1464,0.3,729
372.3,2026-08-04T22:43:19.626776+00:00,51.343,50.468,51.343,50.968,0,306,1020,,5391,519,2755,1464,0.2,729
373.3,2026-08-04T22:43:20.632546+00:00,51.312,50.468,51.312,50.968,0,306,1020,,5391,519,2755,1464,0.0,729
374.3,2026-08-04T22:43:21.638686+00:00,51.687,50.468,51.687,50.843,0,306,1020,,5391,479,2755,1464,0.3,729
375.3,2026-08-04T22:43:22.644470+00:00,51.687,50.468,51.687,50.937,0,306,1020,,5391,479,2755,1464,0.0,729
376.3,2026-08-04T22:43:23.650697+00:00,51.687,50.625,51.687,50.968,0,306,1020,,5391,479,2755,1464,0.2,729
377.3,2026-08-04T22:43:24.657011+00:00,51.718,50.406,51.718,51.031,0,306,1020,,5391,479,2795,1464,0.2,729
378.3,2026-08-04T22:43:25.662722+00:00,51.343,50.468,51.343,51.062,0,306,1020,,5391,479,2755,1464,0.0,729
379.3,2026-08-04T22:43:26.668042+00:00,51.5,50.625,51.5,50.875,0,306,1020,,5391,479,2755,1464,0.3,729
380.3,2026-08-04T22:43:27.673667+00:00,51.437,50.437,51.437,50.875,0,306,1020,,5391,519,2755,1464,0.2,729
381.3,2026-08-04T22:43:28.679411+00:00,51.531,50.656,51.531,50.968,0,306,1020,,5431,519,2755,1464,0.0,729
382.3,2026-08-04T22:43:29.685253+00:00,51.437,50.437,51.437,51.031,0,306,1020,,5391,479,2755,1464,0.2,729
383.3,2026-08-04T22:43:30.691365+00:00,51.468,50.468,51.468,51.031,0,306,1020,,5391,479,2755,1464,0.2,729
384.3,2026-08-04T22:43:31.696565+00:00,51.5,50.687,51.5,50.875,0,306,1020,,5391,519,2755,1464,0.2,729
385.3,2026-08-04T22:43:32.702605+00:00,51.343,50.468,51.343,51,0,306,1020,,5431,519,2795,1464,0.0,729
386.3,2026-08-04T22:43:33.708175+00:00,51.312,50.656,51.312,50.968,0,306,1020,,5391,519,2755,1464,0.2,729
387.3,2026-08-04T22:43:34.713856+00:00,51.375,50.375,51.375,51,0,306,1020,,5391,479,2755,1464,0.3,729
388.3,2026-08-04T22:43:35.719226+00:00,51.281,50.468,51.281,51.062,0,306,1020,,5391,519,2755,1464,0.0,729
389.3,2026-08-04T22:43:36.725129+00:00,51.312,50.531,51.312,50.937,0,306,1020,,5391,519,2755,1464,0.0,729
390.4,2026-08-04T22:43:37.730424+00:00,51.375,50.843,51.375,50.937,0,306,1020,,5391,519,2755,1464,0.0,729
391.4,2026-08-04T22:43:38.736398+00:00,51.375,50.625,51.531,50.968,0,306,1020,,5431,519,2795,1464,0.0,729
392.4,2026-08-04T22:43:39.742040+00:00,51.468,50.468,51.468,51,0,306,1020,,5431,519,2795,1464,0.0,729
393.4,2026-08-04T22:43:40.747397+00:00,51.625,50.5,51.625,51,0,306,1020,,5431,518,2795,1464,0.2,729
394.4,2026-08-04T22:43:41.753275+00:00,51.625,50.562,51.625,50.968,0,306,1020,,5431,519,2795,1464,0.3,729
395.4,2026-08-04T22:43:42.758922+00:00,51.562,50.812,51.562,50.906,0,306,1020,,5391,479,2795,1464,0.0,729
396.4,2026-08-04T22:43:43.764832+00:00,51.656,50.656,51.656,50.968,0,306,1020,,5391,479,2755,1464,0.0,729
397.4,2026-08-04T22:43:44.770300+00:00,51.625,50.468,51.625,50.937,0,306,1020,,5431,519,2755,1464,0.2,729
398.4,2026-08-04T22:43:45.775945+00:00,51.406,50.468,51.406,51,0,306,1020,,5391,519,2755,1464,0.3,729
399.4,2026-08-04T22:43:46.781841+00:00,51.375,50.562,51.375,50.937,0,306,1020,,5431,519,2795,1464,0.2,729
400.4,2026-08-04T22:43:47.787608+00:00,51.406,50.843,51.406,50.906,0,306,1020,,5431,519,2795,1464,0.2,729
401.4,2026-08-04T22:43:48.793295+00:00,51.406,50.656,51.406,50.968,0,306,1020,,5431,519,2795,1464,0.2,729
402.4,2026-08-04T22:43:49.799104+00:00,51.531,50.437,51.531,51.031,0,306,1020,,5431,519,2795,1464,0.2,729
403.4,2026-08-04T22:43:50.804561+00:00,51.5,50.5,51.5,51.031,0,306,1020,,5431,519,2795,1464,0.2,729
404.4,2026-08-04T22:43:51.810829+00:00,51.781,50.593,51.781,50.906,0,306,1020,,5431,519,2795,1464,0.2,729
405.4,2026-08-04T22:43:52.816623+00:00,51.812,50.781,51.812,50.906,0,306,1020,,5391,479,2795,1464,0.0,729
406.4,2026-08-04T22:43:53.822313+00:00,51.843,50.625,51.843,50.968,0,306,1020,,5431,519,2755,1464,0.2,729
407.5,2026-08-04T22:43:54.827736+00:00,51.25,50.437,51.25,50.968,0,306,1020,,5431,519,2795,1464,0.3,729
408.5,2026-08-04T22:43:55.833315+00:00,51.375,50.468,51.375,51.093,0,306,1020,,5431,519,2795,1464,0.0,729
409.5,2026-08-04T22:43:56.838920+00:00,51.375,50.625,51.375,50.812,0,306,1020,,5391,479,2795,1464,0.0,729
410.5,2026-08-04T22:43:57.844923+00:00,51.593,50.75,51.593,50.968,0,306,1020,,5391,479,2795,1464,0.2,729
411.5,2026-08-04T22:43:58.850376+00:00,51.5,50.593,51.5,50.968,0,306,1020,,5431,519,2755,1464,0.2,729
412.5,2026-08-04T22:43:59.856279+00:00,51.468,50.406,51.468,51.031,0,306,1020,,5391,479,2795,1464,0.3,729
413.5,2026-08-04T22:44:00.862155+00:00,51.562,50.468,51.562,51.156,0,306,1020,,5391,479,2755,1464,0.0,729
414.5,2026-08-04T22:44:01.868080+00:00,51.531,50.562,51.531,50.843,0,306,1020,,5431,519,2795,1464,0.0,729
415.5,2026-08-04T22:44:02.873635+00:00,51.343,50.718,51.343,50.906,0,306,1020,,5431,518,2795,1464,0.0,729
416.5,2026-08-04T22:44:03.879667+00:00,51.375,50.531,51.375,50.937,0,306,1020,,5431,519,2755,1464,0.2,729
417.5,2026-08-04T22:44:04.885245+00:00,51.343,50.5,51.343,50.968,0,306,1020,,5431,519,2755,1464,0.0,729
418.5,2026-08-04T22:44:05.891209+00:00,51.437,50.406,51.437,51,0,306,1020,,5431,519,2795,1464,0.0,729
419.5,2026-08-04T22:44:06.896568+00:00,51.312,50.5,51.312,50.937,0,306,1020,,5431,519,2795,1464,0.2,729
420.5,2026-08-04T22:44:07.902503+00:00,51.375,50.75,51.375,50.968,0,306,1020,,5431,519,2755,1464,0.3,729
421.5,2026-08-04T22:44:08.908135+00:00,51.406,50.562,51.406,50.937,0,306,1020,,5391,479,2795,1464,0.3,729
422.5,2026-08-04T22:44:09.916244+00:00,51.656,50.718,51.656,50.968,0,306,1020,,5431,519,2795,1464,0.2,729
423.5,2026-08-04T22:44:10.922692+00:00,51.656,50.656,51.375,50.937,0,306,1020,,5431,519,2795,1464,0.0,729
424.6,2026-08-04T22:44:11.929081+00:00,51.406,50.437,51.406,50.968,0,306,1020,,5431,519,2795,1464,0.0,729
425.6,2026-08-04T22:44:12.936053+00:00,51.468,50.5,51.468,51.093,0,306,1020,,5391,519,2755,1464,0.2,729
426.6,2026-08-04T22:44:13.942748+00:00,51.687,50.593,51.687,51.031,0,306,1020,,5431,519,2755,1464,0.0,729
427.6,2026-08-04T22:44:14.949576+00:00,51.687,50.75,51.687,50.906,0,306,1020,,5431,519,2755,1464,0.0,729
428.6,2026-08-04T22:44:15.955869+00:00,51.406,50.625,51.406,50.937,0,306,1020,,5431,519,2795,1464,0.0,729
429.6,2026-08-04T22:44:16.962672+00:00,51.437,50.406,51.437,51.031,0,306,1020,,5431,519,2795,1464,0.0,729
430.6,2026-08-04T22:44:17.969360+00:00,51.5,50.468,51.5,51.093,0,306,1020,,5431,519,2795,1464,0.3,729
431.6,2026-08-04T22:44:18.975578+00:00,51.75,50.531,51.75,50.937,0,306,1020,,5391,519,2755,1464,0.2,729
432.6,2026-08-04T22:44:19.981717+00:00,51.718,50.718,51.718,50.937,0,306,1020,,5431,519,2755,1464,0.3,729
433.6,2026-08-04T22:44:20.987863+00:00,51.281,50.5,51.281,50.968,0,306,1020,,5391,519,2755,1464,0.2,729
434.6,2026-08-04T22:44:21.994299+00:00,51.468,50.468,51.468,51.093,0,306,1020,,5391,479,2755,1464,0.2,729
435.6,2026-08-04T22:44:23.000417+00:00,51.5,50.781,51.5,50.875,0,306,1020,,5391,519,2755,1464,0.0,729
436.6,2026-08-04T22:44:24.006939+00:00,51.406,50.468,51.406,50.937,0,306,1020,,5391,479,2755,1464,0.3,729
437.6,2026-08-04T22:44:25.013416+00:00,51.343,50.375,51.343,50.937,0,306,1020,,5431,519,2795,1464,0.0,729
438.6,2026-08-04T22:44:26.019585+00:00,51.343,50.625,51.343,50.906,0,306,1020,,5431,519,2755,1464,0.0,729
439.7,2026-08-04T22:44:27.026321+00:00,51.281,50.5,51.281,50.968,0,306,1020,,5391,479,2755,1464,0.3,729
440.7,2026-08-04T22:44:28.032480+00:00,51.468,50.656,51.468,50.968,0,306,1020,,5391,479,2755,1464,0.0,729
441.7,2026-08-04T22:44:29.039052+00:00,51.468,50.406,51.468,50.968,0,306,1020,,5391,479,2755,1464,0.0,729
442.7,2026-08-04T22:44:30.048072+00:00,51.437,50.437,51.437,51,0,306,1020,,5391,519,2755,1464,0.0,729
443.7,2026-08-04T22:44:31.052504+00:00,51.375,50.531,51.375,50.906,0,306,1020,,5391,479,2755,1464,0.2,729
444.7,2026-08-04T22:44:32.058904+00:00,51.343,50.375,51.343,50.937,0,306,1020,,5431,519,2795,1464,0.0,729
445.7,2026-08-04T22:44:33.065579+00:00,51.593,50.437,51.593,51,0,306,1020,,5391,519,2755,1464,0.0,729
446.7,2026-08-04T22:44:34.072085+00:00,51.562,50.562,51.562,50.937,0,306,1020,,5391,479,2755,1464,0.0,729
447.7,2026-08-04T22:44:35.078681+00:00,51.625,50.687,51.625,50.906,0,306,1020,,5391,519,2755,1464,0.0,729
448.7,2026-08-04T22:44:36.085106+00:00,51.375,50.468,51.375,51.062,0,306,1020,,5391,519,2755,1464,0.2,729
449.7,2026-08-04T22:44:37.091220+00:00,51.437,50.5,51.437,50.968,0,306,1020,,5431,519,2755,1464,0.0,729
450.7,2026-08-04T22:44:38.097834+00:00,51.375,50.593,51.375,50.906,0,306,1020,,5431,519,2755,1464,0.0,729
451.7,2026-08-04T22:44:39.104379+00:00,51.687,50.406,51.687,50.968,0,306,1020,,5391,479,2755,1464,0.2,729
452.7,2026-08-04T22:44:40.110958+00:00,51.656,50.687,51.656,51.062,0,306,1020,,5391,479,2795,1464,0.2,729
453.7,2026-08-04T22:44:41.117322+00:00,51.625,50.437,51.625,50.968,0,306,1020,,5391,519,2755,1464,0.0,729
454.7,2026-08-04T22:44:42.123779+00:00,51.406,50.5,51.406,50.875,0,306,1020,,5391,519,2755,1464,0.0,729
455.8,2026-08-04T22:44:43.129779+00:00,51.406,50.531,51.406,50.968,0,306,1020,,5391,479,2755,1464,0.0,729
456.8,2026-08-04T22:44:44.135923+00:00,51.343,50.343,51.343,50.968,0,306,1020,,5400,479,2755,1464,0.2,729
457.8,2026-08-04T22:44:45.142078+00:00,51.687,50.406,51.687,51.031,0,306,1020,,5391,479,2755,1464,0.2,729
458.8,2026-08-04T22:44:46.148162+00:00,51.75,50.593,51.75,51,0,306,1020,,5391,479,2755,1464,0.0,729
459.8,2026-08-04T22:44:47.154690+00:00,51.687,50.812,51.687,50.937,0,306,1020,,5551,559,2835,1464,0.0,729
460.8,2026-08-04T22:44:48.161104+00:00,51.437,50.562,51.437,50.968,0,306,1020,,5431,479,2795,1464,0.2,729
461.8,2026-08-04T22:44:49.167708+00:00,51.468,50.531,51.468,51.062,0,306,1020,,5391,519,2755,1464,0.0,729
462.8,2026-08-04T22:44:50.174487+00:00,51.437,50.468,51.437,50.937,0,306,1020,,5391,519,2755,1464,0.0,729
463.8,2026-08-04T22:44:51.181166+00:00,51.875,50.531,51.875,50.968,0,306,1020,,5391,519,2755,1464,0.2,729
464.8,2026-08-04T22:44:52.187947+00:00,51.375,50.687,51.375,51,0,306,1020,,5431,519,2795,1464,0.0,729
465.8,2026-08-04T22:44:53.194517+00:00,51.437,50.437,51.437,51.093,0,306,1020,,5431,519,2755,1464,0.0,729
466.8,2026-08-04T22:44:54.201123+00:00,51.468,50.468,51.468,50.968,0,306,1020,,5431,519,2755,1464,0.2,729
467.8,2026-08-04T22:44:55.207122+00:00,51.5,50.656,51.5,51,0,306,1020,,5431,519,2755,1464,0.2,729
468.8,2026-08-04T22:44:56.214064+00:00,51.281,50.406,51.281,50.968,0,306,1020,,5391,519,2755,1464,0.0,729
469.8,2026-08-04T22:44:57.220768+00:00,51.343,50.437,51.343,50.968,0,306,1020,,5431,519,2795,1464,0.0,729
470.9,2026-08-04T22:44:58.227242+00:00,51.25,50.562,51.25,50.875,0,306,1020,,5391,519,2755,1464,0.2,729
471.9,2026-08-04T22:44:59.233929+00:00,51.531,50.781,51.531,50.906,0,306,1020,,5431,519,2755,1464,0.2,729
472.9,2026-08-04T22:45:00.240666+00:00,51.437,50.375,51.437,50.968,0,306,1020,,5400,519,2755,1464,0.2,729
473.9,2026-08-04T22:45:01.246660+00:00,51.343,50.5,51.343,51.031,0,306,1020,,5440,519,2755,1464,0.0,729
474.9,2026-08-04T22:45:02.253240+00:00,51.281,50.718,51.281,50.937,0,306,1020,,5440,519,2795,1464,0.2,729
475.9,2026-08-04T22:45:03.259863+00:00,51.375,50.468,51.375,50.906,0,306,1020,,5431,519,2755,1464,0.3,729
476.9,2026-08-04T22:45:04.266381+00:00,51.531,50.468,51.531,50.968,0,306,1020,,5431,519,2755,1464,0.0,729
477.9,2026-08-04T22:45:05.273095+00:00,51.562,50.468,51.562,50.937,0,306,1020,,5400,519,2755,1464,0.0,729
478.9,2026-08-04T22:45:06.279695+00:00,51.656,50.468,51.656,50.906,0,306,1020,,5431,519,2755,1464,0.2,729
479.9,2026-08-04T22:45:07.286395+00:00,51.437,50.687,51.437,50.937,0,306,1020,,5431,519,2795,1464,0.0,729
480.9,2026-08-04T22:45:08.292891+00:00,51.406,50.406,51.406,51,0,306,1020,,5431,519,2755,1464,0.0,729
481.9,2026-08-04T22:45:09.299700+00:00,51.625,50.375,51.625,50.875,0,306,1020,,5391,519,2755,1464,0.2,729
482.9,2026-08-04T22:45:10.306402+00:00,51.656,50.562,51.656,50.937,0,306,1020,,5391,519,2755,1464,0.0,729
483.9,2026-08-04T22:45:11.312954+00:00,51.593,50.406,51.406,50.906,0,306,1020,,5431,519,2755,1464,0.2,729
484.9,2026-08-04T22:45:12.319763+00:00,51.406,50.468,51.406,51.031,0,306,1020,,5431,519,2795,1464,0.0,729
486.0,2026-08-04T22:45:13.326374+00:00,51.343,50.531,51.343,50.937,0,306,1020,,5391,479,2755,1464,0.0,729
487.0,2026-08-04T22:45:14.333134+00:00,51.593,50.656,51.593,50.906,0,306,1020,,5431,519,2755,1464,0.2,729
488.0,2026-08-04T22:45:15.340047+00:00,51.687,50.437,51.687,50.843,0,306,1020,,5391,519,2755,1464,0.0,729
489.0,2026-08-04T22:45:16.346264+00:00,51.687,50.468,51.406,50.968,0,306,1020,,5391,479,2755,1464,0.2,729
490.0,2026-08-04T22:45:17.352905+00:00,51.437,50.656,51.437,50.875,0,306,1020,,5710,599,2915,1464,0.2,729
491.0,2026-08-04T22:45:18.359173+00:00,51.468,50.468,51.468,50.968,0,306,1020,,5431,519,2795,1464,0.5,729
492.0,2026-08-04T22:45:19.365514+00:00,51.718,50.625,51.718,50.875,0,306,1020,,5391,479,2755,1464,0.2,729
493.0,2026-08-04T22:45:20.371692+00:00,51.718,50.375,51.718,51.031,0,306,1020,,5391,519,2755,1464,0.0,729
494.0,2026-08-04T22:45:21.377913+00:00,51.812,50.468,51.812,50.906,0,306,1020,,5391,519,2755,1464,0.0,729
495.0,2026-08-04T22:45:22.384682+00:00,51.406,50.656,51.406,50.875,0,306,1020,,5431,479,2795,1464,0.2,729
496.0,2026-08-04T22:45:23.390843+00:00,51.531,50.406,51.531,50.968,0,306,1020,,5391,519,2755,1464,0.0,729
497.0,2026-08-04T22:45:24.397181+00:00,51.468,50.468,51.468,50.968,0,306,1020,,5391,479,2755,1464,0.0,729
498.0,2026-08-04T22:45:25.403866+00:00,51.281,50.562,51.281,50.906,0,306,1020,,5391,479,2755,1464,0.0,729
499.0,2026-08-04T22:45:26.410471+00:00,51.25,50.656,51.25,50.906,0,306,1020,,5391,479,2755,1464,0.2,729
500.0,2026-08-04T22:45:27.417149+00:00,51.281,50.406,51.281,50.937,0,306,1020,,5440,479,2795,1464,0.2,729
501.0,2026-08-04T22:45:28.423800+00:00,51.468,50.5,51.468,51,0,306,1020,,5391,479,2755,1464,0.2,729
502.1,2026-08-04T22:45:29.430719+00:00,51.468,50.656,51.468,50.937,0,306,1020,,5391,479,2755,1464,0.2,729
503.1,2026-08-04T22:45:30.437207+00:00,51.406,50.406,51.406,50.937,0,306,1020,,5391,479,2755,1464,0.3,729
504.1,2026-08-04T22:45:31.443838+00:00,51.281,50.5,51.281,50.968,0,306,1020,,5391,479,2755,1464,0.0,729
505.1,2026-08-04T22:45:32.450623+00:00,51.25,50.531,51.25,51,0,306,1020,,5431,519,2795,1464,0.2,729
506.1,2026-08-04T22:45:33.457218+00:00,51.5,50.781,51.5,50.937,0,306,1020,,5391,479,2795,1464,0.2,729
507.1,2026-08-04T22:45:34.463928+00:00,51.562,50.562,51.562,50.906,0,306,1020,,5391,519,2755,1464,0.0,729
508.1,2026-08-04T22:45:35.470503+00:00,51.593,50.437,51.343,50.968,0,306,1020,,5391,479,2755,1464,0.2,729
509.1,2026-08-04T22:45:36.477153+00:00,51.375,50.468,51.375,51.093,0,306,1020,,5391,479,2755,1464,0.0,729
510.1,2026-08-04T22:45:37.483963+00:00,51.343,50.562,51.343,50.906,0,306,1020,,5431,479,2795,1464,0.3,729
511.1,2026-08-04T22:45:38.490549+00:00,51.656,50.781,51.656,51,0,306,1020,,5391,479,2755,1464,0.0,729
512.1,2026-08-04T22:45:39.497156+00:00,51.562,50.437,51.562,51,0,306,1020,,5391,479,2755,1464,0.3,729
513.1,2026-08-04T22:45:40.503812+00:00,51.531,50.5,51.531,50.906,0,306,1020,,5391,479,2755,1464,0.2,729
514.1,2026-08-04T22:45:41.510616+00:00,51.312,50.562,51.312,50.906,0,306,1020,,5391,519,2755,1464,0.2,729
515.1,2026-08-04T22:45:42.517184+00:00,51.375,50.375,51.375,50.968,0,306,1020,,5431,519,2795,1464,0.0,729
516.1,2026-08-04T22:45:43.523452+00:00,51.562,50.468,51.562,51,0,306,1020,,5391,479,2755,1464,0.0,729
517.2,2026-08-04T22:45:44.530167+00:00,51.625,50.593,51.625,50.906,0,306,1020,,5391,479,2755,1464,0.3,729
518.2,2026-08-04T22:45:45.537176+00:00,51.531,50.406,51.531,50.906,0,306,1020,,5391,479,2755,1464,0.2,729
519.2,2026-08-04T22:45:46.543385+00:00,51.406,50.437,51.406,50.968,0,306,1020,,5391,479,2755,1464,0.0,729
520.2,2026-08-04T22:45:47.549416+00:00,51.468,50.531,51.468,51.093,0,306,1020,,5630,559,2875,1464,0.2,1728
521.2,2026-08-04T22:45:48.556121+00:00,51.375,50.687,51.375,50.906,0,306,1020,,5431,519,2795,1464,0.5,729
522.2,2026-08-04T22:45:49.562786+00:00,51.687,50.531,51.687,50.968,0,306,1020,,5391,479,2795,1464,0.0,729
523.2,2026-08-04T22:45:50.569394+00:00,51.718,50.406,51.718,50.906,0,306,1020,,5391,519,2755,1464,0.2,729
524.2,2026-08-04T22:45:51.575974+00:00,51.437,50.375,51.437,51.031,0,306,1020,,5391,519,2755,1464,0.2,729
525.2,2026-08-04T22:45:52.582183+00:00,51.406,50.562,51.406,50.906,0,306,1020,,5391,479,2755,1464,0.0,729
526.2,2026-08-04T22:45:53.588840+00:00,51.437,50.656,51.437,50.968,0,306,1020,,5391,479,2795,1464,0.2,729
527.2,2026-08-04T22:45:54.595411+00:00,51.812,50.375,51.812,50.937,0,306,1020,,5391,479,2795,1464,0.0,729
528.2,2026-08-04T22:45:55.601748+00:00,51.25,50.468,51.25,51.062,0,306,1020,,5391,519,2755,1464,0.2,729
529.2,2026-08-04T22:45:56.608283+00:00,51.312,50.562,51.312,50.937,0,306,1020,,5431,519,2755,1464,0.2,729
530.2,2026-08-04T22:45:57.615200+00:00,51.437,50.406,51.437,50.968,0,306,1020,,5391,519,2755,1464,0.0,729
531.2,2026-08-04T22:45:58.621931+00:00,51.5,50.406,51.5,50.968,0,306,1020,,5431,519,2795,1464,0.0,729
532.3,2026-08-04T22:45:59.628365+00:00,51.562,50.468,51.562,51.062,0,306,1020,,5431,519,2755,1464,0.2,729
533.3,2026-08-04T22:46:00.634612+00:00,51.406,50.75,51.406,50.875,0,306,1020,,5391,519,2755,1464,0.3,729
534.3,2026-08-04T22:46:01.640940+00:00,51.281,50.562,51.281,50.937,0,306,1020,,5431,519,2755,1464,0.0,729
535.3,2026-08-04T22:46:02.647137+00:00,51.25,50.375,51.25,50.968,0,306,1020,,5431,519,2755,1464,0.2,729
536.3,2026-08-04T22:46:03.653404+00:00,51.562,50.5,51.562,51.093,0,306,1020,,5431,519,2795,1464,0.3,729
537.3,2026-08-04T22:46:04.659790+00:00,51.562,50.5,51.562,50.937,0,306,1020,,5431,519,2755,1464,0.0,729
538.3,2026-08-04T22:46:05.666378+00:00,51.531,50.718,51.531,50.968,0,306,1020,,5431,519,2755,1464,0.0,729
539.3,2026-08-04T22:46:06.673007+00:00,51.343,50.437,51.343,51,0,306,1020,,5431,519,2755,1464,0.2,729
540.3,2026-08-04T22:46:07.679601+00:00,51.281,50.5,51.281,51,0,306,1020,,5431,519,2795,1464,0.2,729
541.3,2026-08-04T22:46:08.686781+00:00,51.562,50.687,51.562,50.937,0,306,1020,,5471,519,2795,1464,0.0,729
542.3,2026-08-04T22:46:09.693262+00:00,51.656,50.406,51.656,50.937,0,306,1020,,5391,479,2795,1464,0.3,729
543.3,2026-08-04T22:46:10.700033+00:00,51.531,50.5,51.531,50.968,0,306,1020,,5391,479,2755,1464,0.2,729
544.3,2026-08-04T22:46:11.707415+00:00,51.375,50.531,51.375,50.937,0,306,1020,,5391,479,2755,1464,0.3,729
545.3,2026-08-04T22:46:12.714099+00:00,51.312,50.781,51.312,50.937,0,306,1020,,5391,479,2755,1463,0.5,729
546.3,2026-08-04T22:46:13.721139+00:00,51.562,50.5,51.562,50.968,0,306,1020,,5391,479,2755,1463,0.0,729
547.4,2026-08-04T22:46:14.727810+00:00,51.656,50.5,51.656,50.968,0,306,1020,,5391,479,2795,1463,0.2,729
548.4,2026-08-04T22:46:15.734581+00:00,51.406,50.656,51.406,50.875,0,306,1020,,5391,519,2755,1463,0.0,729
549.4,2026-08-04T22:46:16.740848+00:00,51.375,50.5,51.375,50.968,0,306,1020,,5391,519,2795,1463,0.0,729
550.4,2026-08-04T22:46:17.747082+00:00,51.406,50.781,51.406,50.968,0,306,1020,,5391,479,2795,1463,0.2,729
551.4,2026-08-04T22:46:18.753367+00:00,51.687,50.406,51.687,51.031,0,306,1020,,5391,479,2795,1463,0.0,729
552.4,2026-08-04T22:46:19.759510+00:00,51.687,50.468,51.687,50.968,0,306,1020,,5391,479,2755,1463,0.2,729
553.4,2026-08-04T22:46:20.765964+00:00,51.718,50.687,51.718,50.875,0,306,1020,,5391,479,2795,1463,0.3,729
554.4,2026-08-04T22:46:21.772710+00:00,51.437,50.468,51.437,50.937,0,306,1020,,5391,479,2795,1463,0.2,729
555.4,2026-08-04T22:46:22.779272+00:00,51.437,50.468,51.437,51.031,0,306,1020,,5391,479,2795,1463,0.0,729
556.4,2026-08-04T22:46:23.785903+00:00,51.406,50.593,51.406,50.968,0,306,1020,,5391,479,2795,1463,0.2,729
557.4,2026-08-04T22:46:24.792538+00:00,51.843,50.375,51.843,50.937,0,306,1020,,5391,479,2755,1463,0.2,729
558.4,2026-08-04T22:46:25.799262+00:00,51.718,50.468,51.718,50.968,0,306,1020,,5391,479,2795,1463,0.0,729
559.4,2026-08-04T22:46:26.806388+00:00,51.375,50.562,51.375,50.906,0,306,1020,,5431,519,2795,1463,0.2,729
560.4,2026-08-04T22:46:27.813148+00:00,51.437,50.656,51.437,50.968,0,306,1020,,5391,479,2795,1463,0.0,729
561.4,2026-08-04T22:46:28.819953+00:00,51.281,50.437,51.281,50.968,0,306,1020,,5391,519,2795,1463,0.0,729
562.5,2026-08-04T22:46:29.826472+00:00,51.343,50.5,51.343,50.937,0,306,1020,,5391,518,2795,1463,0.3,729
563.5,2026-08-04T22:46:30.833140+00:00,51.25,50.625,51.25,50.875,0,306,1020,,5391,479,2795,1463,0.0,729
564.5,2026-08-04T22:46:31.839783+00:00,51.437,50.468,51.437,50.875,0,306,1020,,5391,479,2795,1463,0.0,729
565.5,2026-08-04T22:46:32.846850+00:00,51.593,50.468,51.593,51,0,306,1020,,5391,479,2795,1463,0.2,729
566.5,2026-08-04T22:46:33.853060+00:00,51.25,50.406,51.25,51.031,0,306,1020,,5391,479,2795,1463,0.0,729
567.5,2026-08-04T22:46:34.859864+00:00,51.375,50.468,51.375,50.968,0,306,1020,,5431,519,2755,1463,0.0,729
568.5,2026-08-04T22:46:35.866523+00:00,51.25,50.593,51.25,50.875,0,306,1020,,5391,519,2795,1463,0.0,729
569.5,2026-08-04T22:46:36.873154+00:00,51.593,50.375,51.593,50.937,0,306,1020,,5391,519,2755,1463,0.3,729
570.5,2026-08-04T22:46:37.879935+00:00,51.593,50.375,51.593,51.093,0,306,1020,,5431,519,2795,1463,0.0,729
571.5,2026-08-04T22:46:38.886495+00:00,51.281,50.562,51.281,50.968,0,306,1020,,5391,479,2795,1463,0.0,729
572.5,2026-08-04T22:46:39.893119+00:00,51.25,50.687,51.25,50.937,0,306,1020,,5391,479,2795,1463,0.3,729
573.5,2026-08-04T22:46:40.899787+00:00,51.281,50.468,51.281,50.875,0,306,1020,,5391,479,2795,1463,0.2,729
574.5,2026-08-04T22:46:41.906013+00:00,51.687,50.468,51.687,51.125,0,306,1020,,5391,479,2795,1463,0.2,729
575.5,2026-08-04T22:46:42.912510+00:00,51.562,50.718,51.562,50.906,0,306,1020,,5471,519,2795,1463,0.0,729
576.5,2026-08-04T22:46:43.918989+00:00,51.687,50.406,51.687,50.937,0,306,1020,,5431,519,2795,1463,0.0,729
577.6,2026-08-04T22:46:44.925529+00:00,51.312,50.406,51.312,50.968,0,306,1020,,5391,479,2795,1463,0.3,729
578.6,2026-08-04T22:46:45.932243+00:00,51.437,50.625,51.437,51.062,0,306,1020,,5391,479,2795,1463,0.0,729
579.6,2026-08-04T22:46:46.938822+00:00,51.562,50.437,51.562,50.968,0,306,1020,,5391,479,2755,1463,0.0,729
580.6,2026-08-04T22:46:47.945617+00:00,51.531,50.593,51.531,50.968,0,306,1020,,5391,479,2795,1463,0.0,729
581.6,2026-08-04T22:46:48.952226+00:00,51.593,50.468,51.593,50.968,0,306,1020,,5391,479,2795,1463,0.0,729
582.6,2026-08-04T22:46:49.958886+00:00,51.375,50.468,51.375,50.875,0,306,1020,,5391,479,2755,1463,0.0,729
583.6,2026-08-04T22:46:50.965524+00:00,51.531,50.531,51.531,50.937,0,306,1020,,5391,479,2755,1463,0.3,729
584.6,2026-08-04T22:46:51.972335+00:00,51.687,50.625,51.687,51,0,306,1020,,5391,479,2795,1463,0.2,729
585.6,2026-08-04T22:46:52.979215+00:00,51.718,50.406,51.718,51.093,0,306,1020,,5391,479,2795,1463,0.0,729
586.6,2026-08-04T22:46:53.985892+00:00,51.718,50.468,51.718,50.906,0,306,1020,,5391,479,2755,1463,0.0,729
587.6,2026-08-04T22:46:54.992531+00:00,51.437,50.625,51.437,50.937,0,306,1020,,5391,479,2755,1463,0.0,729
588.6,2026-08-04T22:46:55.999211+00:00,51.468,50.437,51.468,50.875,0,306,1020,,5391,479,2755,1463,0.0,729
589.6,2026-08-04T22:46:57.005847+00:00,51.718,50.468,51.718,51,0,306,1020,,5391,479,2755,1463,0.0,729
590.6,2026-08-04T22:46:58.013147+00:00,51.75,50.656,51.75,50.906,0,306,1020,,5391,479,2795,1463,0.0,729
591.6,2026-08-04T22:46:59.019656+00:00,51.781,50.437,51.781,50.937,0,306,1020,,5391,479,2755,1463,0.0,729
592.7,2026-08-04T22:47:00.025912+00:00,51.468,50.437,51.468,50.968,0,306,1020,,5391,519,2755,1463,0.0,729
593.7,2026-08-04T22:47:01.032581+00:00,51.5,50.593,51.5,50.937,0,306,1020,,5391,519,2795,1463,0.0,729
594.7,2026-08-04T22:47:02.039253+00:00,51.406,50.656,51.406,50.968,0,306,1020,,5431,519,2755,1463,0.2,729
595.7,2026-08-04T22:47:03.046116+00:00,51.312,50.437,51.312,50.968,0,306,1020,,5431,519,2795,1463,0.2,729
596.7,2026-08-04T22:47:04.052681+00:00,51.312,50.5,51.312,51,0,306,1020,,5391,479,2755,1463,0.0,729
597.7,2026-08-04T22:47:05.059296+00:00,51.468,50.625,51.468,50.937,0,306,1020,,5391,479,2755,1463,0.0,729
598.7,2026-08-04T22:47:06.065989+00:00,51.531,50.468,51.531,50.937,0,306,1020,,5391,479,2755,1463,0.3,729
599.7,2026-08-04T22:47:07.072667+00:00,51.406,50.531,51.406,51.031,0,306,1020,,5391,479,2755,1463,0.0,729
600.7,2026-08-04T22:47:08.079474+00:00,51.406,50.468,51.406,51.031,0,306,1020,,5431,479,2795,1463,0.0,729
601.7,2026-08-04T22:47:09.086026+00:00,51.343,50.5,51.343,50.968,0,306,1020,,5391,479,2795,1463,0.0,729
602.7,2026-08-04T22:47:10.092701+00:00,51.562,50.656,51.562,50.906,0,306,1020,,5391,479,2755,1463,0.2,729
603.7,2026-08-04T22:47:11.099532+00:00,51.531,50.437,51.531,51.093,0,306,1020,,5391,519,2755,1463,0.0,729
604.7,2026-08-04T22:47:12.106198+00:00,51.312,50.5,51.312,51.125,0,306,1020,,5391,479,2795,1463,0.0,729
605.7,2026-08-04T22:47:13.113092+00:00,51.312,50.5,51.312,50.906,0,306,1020,,5391,479,2795,1463,0.0,729
606.7,2026-08-04T22:47:14.119504+00:00,51.406,50.843,51.406,50.937,0,306,1020,,5391,479,2755,1463,0.5,729
607.8,2026-08-04T22:47:15.126396+00:00,51.656,50.437,51.656,51.062,0,306,1020,,5391,479,2755,1463,0.2,729
608.8,2026-08-04T22:47:16.133063+00:00,51.562,50.468,51.562,51.093,0,306,1020,,5391,479,2755,1463,0.0,729
609.8,2026-08-04T22:47:17.139703+00:00,51.375,50.718,51.375,50.906,0,306,1020,,5391,479,2755,1463,0.0,729
610.8,2026-08-04T22:47:18.145896+00:00,51.406,50.468,51.406,50.937,0,306,1020,,5391,479,2755,1463,0.3,729
611.8,2026-08-04T22:47:19.152301+00:00,51.375,50.5,51.375,50.968,0,306,1020,,5391,479,2755,1463,0.2,729
612.8,2026-08-04T22:47:20.158719+00:00,51.593,50.593,51.593,50.937,0,306,1020,,5471,519,2795,1463,0.2,729
613.8,2026-08-04T22:47:21.165289+00:00,51.687,50.468,51.687,50.906,0,306,1020,,5431,519,2795,1463,0.2,729
614.8,2026-08-04T22:47:22.172276+00:00,51.687,50.656,51.687,50.968,0,306,1020,,5391,519,2755,1463,0.0,729
615.8,2026-08-04T22:47:23.178729+00:00,51.375,50.406,51.375,50.937,0,306,1020,,5391,479,2755,1463,0.2,729
616.8,2026-08-04T22:47:24.185057+00:00,51.375,50.406,51.375,50.968,0,306,1020,,5391,479,2755,1463,0.0,729
617.8,2026-08-04T22:47:25.191896+00:00,51.687,50.625,51.687,50.937,0,306,1020,,5551,519,2835,1463,0.3,729
618.8,2026-08-04T22:47:26.198459+00:00,51.718,50.375,51.718,50.937,0,306,1020,,5431,479,2795,1463,0.0,729
619.8,2026-08-04T22:47:27.205201+00:00,51.687,50.468,51.687,51,0,306,1020,,5391,479,2795,1463,0.2,729
620.8,2026-08-04T22:47:28.211772+00:00,51.437,50.562,51.437,50.906,0,306,1020,,5391,479,2755,1463,0.0,729
621.8,2026-08-04T22:47:29.218682+00:00,51.375,50.75,51.375,50.875,0,306,1020,,5391,479,2755,1463,0.2,729
622.9,2026-08-04T22:47:30.225761+00:00,51.843,50.468,51.843,50.968,0,306,1020,,5431,519,2795,1463,0.2,729
623.9,2026-08-04T22:47:31.232370+00:00,51.718,50.531,51.718,51,0,306,1020,,5391,479,2795,1463,0.0,729
624.9,2026-08-04T22:47:32.238947+00:00,51.312,50.625,51.312,50.906,0,306,1020,,5391,519,2795,1463,0.0,729
625.9,2026-08-04T22:47:33.245272+00:00,51.343,50.437,51.343,50.937,0,306,1020,,5391,519,2755,1463,0.3,729
626.9,2026-08-04T22:47:34.251934+00:00,51.531,50.468,51.531,51.031,0,306,1020,,5391,479,2755,1463,0.0,729
627.9,2026-08-04T22:47:35.258940+00:00,51.281,50.562,51.281,51,0,306,1020,,5431,519,2795,1463,0.0,729
628.9,2026-08-04T22:47:36.265477+00:00,51.281,50.75,51.281,50.968,0,306,1020,,5391,479,2795,1463,0.2,729
629.9,2026-08-04T22:47:37.272127+00:00,51.312,50.468,51.312,50.968,0,306,1020,,5391,479,2755,1463,0.0,729
630.9,2026-08-04T22:47:38.278667+00:00,51.437,50.531,51.437,51,0,306,1020,,5391,479,2755,1463,0.0,729
631.9,2026-08-04T22:47:39.285329+00:00,51.5,50.656,51.5,50.937,0,306,1020,,5391,479,2755,1463,0.2,729
632.9,2026-08-04T22:47:40.292112+00:00,51.312,50.593,51.312,50.968,0,306,1020,,5431,519,2795,1463,0.2,729
633.9,2026-08-04T22:47:41.298286+00:00,51.406,50.687,51.406,50.937,0,306,1020,,5431,479,2755,1463,0.0,729
634.9,2026-08-04T22:47:42.304643+00:00,51.281,50.406,51.281,50.968,0,306,1020,,5431,519,2755,1463,0.5,729
635.9,2026-08-04T22:47:43.310874+00:00,51.343,50.468,51.343,50.843,0,306,1020,,5431,519,2755,1463,0.2,729
636.9,2026-08-04T22:47:44.317502+00:00,51.562,50.687,51.562,50.843,0,306,1020,,5391,479,2755,1463,0.2,729
637.9,2026-08-04T22:47:45.324025+00:00,51.656,50.468,51.656,51,0,306,1020,,5431,519,2795,1463,0.0,729
639.0,2026-08-04T22:47:46.330575+00:00,51.406,50.5,51.406,51.062,0,306,1020,,5391,479,2755,1463,0.0,729
640.0,2026-08-04T22:47:47.336789+00:00,51.343,50.593,51.343,50.906,0,306,1020,,5391,479,2755,1463,0.2,729
641.0,2026-08-04T22:47:48.343470+00:00,51.375,50.812,51.375,50.968,0,306,1020,,5391,479,2755,1463,0.2,729
642.0,2026-08-04T22:47:49.349631+00:00,51.625,50.531,51.625,50.937,0,306,1020,,5391,479,2755,1463,0.0,729
643.0,2026-08-04T22:47:50.356413+00:00,51.562,50.5,51.562,51.062,0,306,1020,,5431,519,2795,1463,0.5,729
644.0,2026-08-04T22:47:51.362647+00:00,51.625,50.468,51.625,51.187,0,306,1020,,5391,479,2755,1463,0.2,729
645.0,2026-08-04T22:47:52.369357+00:00,51.343,50.531,51.343,50.937,0,306,1020,,5391,479,2755,1463,0.2,729
646.0,2026-08-04T22:47:53.375665+00:00,51.375,50.75,51.375,51,0,306,1020,,5391,479,2755,1463,0.0,729
647.0,2026-08-04T22:47:54.382393+00:00,51.375,50.437,51.375,51,0,306,1020,,5391,479,2755,1463,0.0,729
648.0,2026-08-04T22:47:55.388901+00:00,51.656,50.5,51.656,50.906,0,306,1020,,5431,519,2795,1463,0.0,729
649.0,2026-08-04T22:47:56.395486+00:00,51.687,50.593,51.687,50.937,0,306,1020,,5391,479,2755,1463,0.2,729
650.0,2026-08-04T22:47:57.401805+00:00,51.687,50.468,51.687,51.031,0,306,1020,,5391,479,2755,1463,0.3,729
651.0,2026-08-04T22:47:58.408409+00:00,51.468,50.562,51.468,51.062,0,306,1020,,5391,479,2755,1463,0.0,729
652.0,2026-08-04T22:47:59.414784+00:00,51.468,50.656,51.468,50.968,0,306,1020,,5431,519,2795,1463,0.2,729
653.0,2026-08-04T22:48:00.421700+00:00,51.687,50.437,51.687,51,0,306,1020,,5471,519,2795,1463,0.7,729
654.1,2026-08-04T22:48:01.427961+00:00,51.843,50.562,51.843,50.968,0,306,1020,,5431,519,2755,1463,0.0,729
655.1,2026-08-04T22:48:02.434588+00:00,51.812,50.531,51.812,51.125,0,306,1020,,5391,519,2755,1463,0.2,729
656.1,2026-08-04T22:48:03.441473+00:00,51.406,50.75,51.406,50.968,0,306,1020,,5391,519,2755,1463,0.2,729
657.1,2026-08-04T22:48:04.448586+00:00,51.5,50.562,51.5,51,0,306,1020,,5391,519,2755,1463,0.2,729
658.1,2026-08-04T22:48:05.455243+00:00,51.312,50.468,51.312,51.062,0,306,1020,,5431,519,2755,1463,0.0,729
659.1,2026-08-04T22:48:06.462148+00:00,51.375,50.5,51.375,50.968,0,306,1020,,5431,519,2795,1463,0.3,729
660.1,2026-08-04T22:48:07.468810+00:00,51.375,50.531,51.375,50.875,0,306,1020,,5391,519,2755,1463,0.0,729
661.1,2026-08-04T22:48:08.474955+00:00,51.531,50.718,51.531,51.031,0,306,1020,,5391,519,2755,1463,0.0,729
662.1,2026-08-04T22:48:09.481162+00:00,51.531,50.406,51.531,51.031,0,306,1020,,5391,479,2755,1463,0.2,729
663.1,2026-08-04T22:48:10.487667+00:00,51.531,50.468,51.375,50.906,0,306,1020,,5391,479,2755,1463,0.2,729
664.1,2026-08-04T22:48:11.494624+00:00,51.406,50.687,51.406,51,0,306,1020,,5471,519,2795,1463,0.2,729
665.1,2026-08-04T22:48:12.501243+00:00,51.343,50.375,51.343,51.062,0,306,1020,,5391,519,2795,1463,0.5,729
666.1,2026-08-04T22:48:13.507979+00:00,51.593,50.468,51.593,50.968,0,306,1020,,5391,479,2755,1463,0.0,729
667.1,2026-08-04T22:48:14.514522+00:00,51.531,50.625,51.531,51.031,0,306,1020,,5391,519,2755,1463,0.3,729
668.1,2026-08-04T22:48:15.520976+00:00,51.312,50.75,51.312,50.968,0,306,1020,,5391,519,2755,1463,0.2,729
669.2,2026-08-04T22:48:16.527122+00:00,51.406,50.468,51.406,50.968,0,306,1020,,5391,519,2755,1463,0.2,729
670.2,2026-08-04T22:48:17.533776+00:00,51.343,50.5,51.343,51.062,0,306,1020,,5431,519,2755,1463,0.3,729
671.2,2026-08-04T22:48:18.540326+00:00,51.625,50.593,51.625,50.937,0,306,1020,,5431,519,2795,1463,0.3,729
672.2,2026-08-04T22:48:19.547190+00:00,51.625,50.5,51.625,50.937,0,306,1020,,5391,519,2755,1463,0.0,729
673.2,2026-08-04T22:48:20.553465+00:00,51.593,50.718,51.593,51,0,306,1020,,5431,519,2755,1463,0.2,729
674.2,2026-08-04T22:48:21.560071+00:00,51.437,50.468,51.437,51.031,0,306,1020,,5391,519,2755,1463,0.3,729
675.2,2026-08-04T22:48:22.566931+00:00,51.406,50.531,51.406,50.968,0,306,1020,,5391,519,2755,1463,0.2,729
676.2,2026-08-04T22:48:23.573627+00:00,51.406,50.718,51.406,50.968,0,306,1020,,5391,519,2795,1463,0.0,729
677.2,2026-08-04T22:48:24.580371+00:00,51.593,50.406,51.593,51.093,0,306,1020,,5391,479,2755,1463,0.0,729
678.2,2026-08-04T22:48:25.586844+00:00,51.687,50.5,51.687,51.125,0,306,1020,,5391,479,2755,1463,0.0,729
679.2,2026-08-04T22:48:26.593662+00:00,51.437,50.593,51.437,50.968,0,306,1020,,5391,479,2755,1463,0.3,729
680.2,2026-08-04T22:48:27.599858+00:00,51.312,50.781,51.312,50.937,0,306,1020,,5431,519,2755,1463,0.2,729
681.2,2026-08-04T22:48:28.606597+00:00,51.437,50.468,51.437,50.968,0,306,1020,,5391,519,2755,1463,0.0,729
682.2,2026-08-04T22:48:29.613430+00:00,51.656,50.5,51.656,50.968,0,306,1020,,5391,519,2755,1463,0.2,729
683.2,2026-08-04T22:48:30.619996+00:00,51.687,50.781,51.687,50.968,0,306,1020,,5391,479,2755,1463,0.0,729
684.3,2026-08-04T22:48:31.626561+00:00,51.375,50.375,51.375,50.906,0,306,1020,,5391,479,2755,1463,0.0,729
685.3,2026-08-04T22:48:32.633172+00:00,51.406,50.468,51.406,51,0,306,1020,,5391,519,2755,1463,0.0,729
686.3,2026-08-04T22:48:33.639595+00:00,51.406,50.5,51.406,50.843,0,306,1020,,5431,519,2795,1463,0.0,729
687.3,2026-08-04T22:48:34.646494+00:00,51.812,50.437,51.812,50.968,0,306,1020,,5391,479,2755,1463,0.0,729
688.3,2026-08-04T22:48:35.653106+00:00,51.781,50.593,51.781,51,0,306,1020,,5391,479,2755,1463,0.5,729
689.3,2026-08-04T22:48:36.659231+00:00,51.375,50.437,51.468,51,0,306,1020,,5391,479,2755,1463,0.2,729
690.3,2026-08-04T22:48:37.666152+00:00,51.531,50.5,51.531,50.875,0,306,1020,,5391,479,2755,1463,0.0,729
691.3,2026-08-04T22:48:38.672765+00:00,51.531,50.562,51.531,50.968,0,306,1020,,5391,479,2755,1463,0.2,729
692.3,2026-08-04T22:48:39.679598+00:00,51.406,50.406,51.406,50.968,0,306,1020,,5391,479,2755,1463,0.0,729
693.3,2026-08-04T22:48:40.686160+00:00,51.406,50.5,51.406,51.031,0,306,1020,,5511,519,2835,1463,0.0,729
694.3,2026-08-04T22:48:41.692457+00:00,51.343,50.593,51.343,50.875,0,306,1020,,5391,479,2795,1463,0.2,729
695.3,2026-08-04T22:48:42.698968+00:00,51.468,50.687,51.468,50.906,0,306,1020,,5391,479,2755,1463,0.3,729
696.3,2026-08-04T22:48:43.705572+00:00,51.468,50.437,51.468,51,0,306,1020,,5391,479,2755,1463,0.0,729
697.3,2026-08-04T22:48:44.712190+00:00,51.406,50.468,51.406,51.093,0,306,1020,,5391,479,2755,1463,0.2,729
698.3,2026-08-04T22:48:45.718778+00:00,51.406,50.656,51.406,50.906,0,306,1020,,5391,479,2755,1463,0.0,729
699.4,2026-08-04T22:48:46.725408+00:00,51.343,50.375,51.343,50.968,0,306,1020,,5391,479,2755,1463,0.0,729
700.4,2026-08-04T22:48:47.732127+00:00,51.531,50.562,51.531,50.937,0,306,1020,,5391,519,2755,1463,0.0,729
701.4,2026-08-04T22:48:48.739042+00:00,51.625,50.437,51.625,51,0,306,1020,,5511,519,2835,1463,0.3,729
702.4,2026-08-04T22:48:49.745647+00:00,51.343,50.812,51.343,50.968,0,306,1020,,5431,519,2795,1463,0.0,729
703.4,2026-08-04T22:48:50.752319+00:00,51.312,50.625,51.312,51.093,0,306,1020,,5431,519,2795,1463,0.2,729
704.4,2026-08-04T22:48:51.758909+00:00,51.406,50.406,51.406,51.031,0,306,1020,,5391,479,2795,1463,0.0,729
705.4,2026-08-04T22:48:52.765505+00:00,51.593,50.375,51.593,51.062,0,306,1020,,5400,479,2795,1463,0.2,729
706.4,2026-08-04T22:48:53.772240+00:00,51.468,50.531,51.468,50.906,0,306,1020,,5431,479,2795,1463,0.2,729
707.4,2026-08-04T22:48:54.778978+00:00,51.343,50.75,51.343,50.968,0,306,1020,,5391,479,2795,1463,0.0,729
708.4,2026-08-04T22:48:55.785912+00:00,51.375,50.437,51.375,51.062,0,306,1020,,5431,519,2795,1463,0.0,729
709.4,2026-08-04T22:48:56.792324+00:00,51.406,50.468,51.406,50.968,0,306,1020,,5391,479,2795,1463,0.3,729
710.4,2026-08-04T22:48:57.798998+00:00,51.656,50.562,51.656,50.875,0,306,1020,,5391,479,2795,1463,0.0,729
711.4,2026-08-04T22:48:58.805611+00:00,51.687,50.437,51.687,50.968,0,306,1020,,5391,479,2795,1463,0.0,729
712.4,2026-08-04T22:48:59.812304+00:00,51.375,50.468,51.375,51,0,306,1020,,5431,519,2755,1463,0.2,729
713.4,2026-08-04T22:49:00.818809+00:00,51.406,50.531,51.406,50.968,0,306,1020,,5431,519,2795,1463,0.3,729
714.5,2026-08-04T22:49:01.825438+00:00,51.375,50.781,51.375,50.968,0,306,1020,,5391,479,2795,1463,0.0,729
715.5,2026-08-04T22:49:02.832278+00:00,51.718,50.406,51.718,51,0,306,1020,,5431,519,2795,1463,0.0,729
716.5,2026-08-04T22:49:03.839228+00:00,51.687,50.5,51.687,50.875,0,306,1020,,5431,519,2795,1463,0.3,729
717.5,2026-08-04T22:49:04.845787+00:00,51.406,50.75,51.406,50.906,0,306,1020,,5431,519,2795,1463,0.0,729
718.5,2026-08-04T22:49:05.852367+00:00,51.437,50.5,51.437,50.937,0,306,1020,,5431,519,2795,1463,0.0,729
719.5,2026-08-04T22:49:06.858945+00:00,51.375,50.468,51.375,51.031,0,306,1020,,5431,519,2755,1463,0.0,729
720.5,2026-08-04T22:49:07.865574+00:00,51.781,50.562,51.781,50.875,0,306,1020,,5391,479,2755,1463,0.0,729
721.5,2026-08-04T22:49:08.872262+00:00,51.218,50.437,51.218,50.968,0,306,1020,,5391,479,2795,1463,0.2,729
722.5,2026-08-04T22:49:09.878860+00:00,51.5,50.687,51.5,51,0,306,1020,,5391,519,2795,1463,0.0,729
723.5,2026-08-04T22:49:10.885818+00:00,51.468,50.437,51.468,51.062,0,306,1020,,5431,519,2795,1463,0.0,729
724.5,2026-08-04T22:49:11.892305+00:00,51.468,50.531,51.468,50.937,0,306,1020,,5391,479,2795,1463,0.3,729
725.5,2026-08-04T22:49:12.898835+00:00,51.281,50.593,51.281,50.843,0,306,1020,,5391,479,2795,1463,0.2,729
726.5,2026-08-04T22:49:13.905430+00:00,51.343,50.343,51.343,50.968,0,306,1020,,5391,479,2755,1463,0.0,729
727.5,2026-08-04T22:49:14.912050+00:00,51.312,50.437,51.562,51.093,0,306,1020,,5391,479,2755,1463,0.2,729
728.5,2026-08-04T22:49:15.918269+00:00,51.468,50.531,51.468,50.906,0,306,1020,,5391,479,2795,1463,0.3,729
729.5,2026-08-04T22:49:16.924474+00:00,51.5,50.781,51.5,50.937,0,306,1020,,5400,479,2755,1463,0.0,729
730.6,2026-08-04T22:49:17.931118+00:00,51.593,50.437,51.593,51.031,0,306,1020,,5391,519,2755,1463,0.2,729
731.6,2026-08-04T22:49:18.938004+00:00,51.375,50.531,51.375,51.031,0,306,1020,,5670,559,2875,1463,0.0,729
732.6,2026-08-04T22:49:19.947590+00:00,51.343,50.687,51.343,50.968,0,306,1020,,5431,519,2795,1463,0.2,729
733.6,2026-08-04T22:49:20.951167+00:00,51.5,50.468,51.5,50.906,0,306,1020,,5391,479,2795,1463,0.0,729
734.6,2026-08-04T22:49:21.957853+00:00,51.562,50.5,51.562,50.968,0,306,1020,,5391,479,2755,1463,0.0,729
735.6,2026-08-04T22:49:22.964473+00:00,51.562,50.562,51.562,51.031,0,306,1020,,5431,519,2755,1463,0.0,729
736.6,2026-08-04T22:49:23.971107+00:00,51.375,50.75,51.375,50.843,0,306,1020,,5391,519,2795,1463,0.2,729
737.6,2026-08-04T22:49:24.977878+00:00,51.312,50.593,51.312,50.968,0,306,1020,,5391,519,2755,1463,0.2,729
738.6,2026-08-04T22:49:25.984729+00:00,51.562,50.375,51.562,51,0,306,1020,,5440,519,2795,1463,0.0,729
739.6,2026-08-04T22:49:26.991155+00:00,51.625,50.375,51.625,51.125,0,306,1020,,5400,519,2795,1463,0.0,729
740.6,2026-08-04T22:49:27.997838+00:00,51.625,50.5,51.625,50.875,0,306,1020,,5391,479,2755,1463,0.2,729
741.6,2026-08-04T22:49:29.004458+00:00,51.375,50.781,51.375,50.968,0,306,1020,,5391,479,2755,1463,0.0,729
742.6,2026-08-04T22:49:30.011134+00:00,51.343,50.437,51.343,51.062,0,306,1020,,5391,479,2755,1463,0.2,729
743.6,2026-08-04T22:49:31.017716+00:00,51.718,50.468,51.718,51,0,306,1020,,5391,479,2755,1463,0.0,729
744.6,2026-08-04T22:49:32.024320+00:00,51.687,50.625,51.687,50.906,0,306,1020,,5391,479,2755,1463,0.0,729
745.7,2026-08-04T22:49:33.030885+00:00,51.687,50.437,51.687,51,0,306,1020,,5391,479,2755,1463,0.2,729
746.7,2026-08-04T22:49:34.037841+00:00,51.343,50.531,51.343,50.968,0,306,1020,,5471,519,2795,1463,0.0,729
747.7,2026-08-04T22:49:35.044727+00:00,51.437,50.656,51.437,50.937,0,306,1020,,5431,519,2795,1463,0.3,729
748.7,2026-08-04T22:49:36.051382+00:00,51.718,50.812,51.718,50.906,0,306,1020,,5391,479,2795,1463,0.2,729
749.7,2026-08-04T22:49:37.057964+00:00,51.781,50.531,51.781,51.031,0,306,1020,,5391,479,2795,1463,0.0,729
750.7,2026-08-04T22:49:38.064619+00:00,51.781,50.531,51.406,51.031,0,306,1020,,5391,479,2795,1463,0.2,729
751.7,2026-08-04T22:49:39.071152+00:00,51.468,50.656,51.468,50.968,0,306,1020,,5391,479,2755,1463,0.3,729
752.7,2026-08-04T22:49:40.077567+00:00,51.468,50.468,51.468,51,0,306,1020,,5431,519,2755,1463,0.2,729
753.7,2026-08-04T22:49:41.084080+00:00,51.75,50.75,51.75,51,0,306,1020,,5440,519,2795,1463,0.0,729
754.7,2026-08-04T22:49:42.090583+00:00,51.312,50.406,51.312,51,0,306,1020,,5391,519,2755,1463,0.2,729
755.7,2026-08-04T22:49:43.097182+00:00,51.25,50.468,51.25,50.937,0,306,1020,,5391,519,2755,1463,0.0,729
756.7,2026-08-04T22:49:44.103875+00:00,51.5,50.687,51.5,50.937,0,306,1020,,5391,519,2795,1463,0.2,729
757.7,2026-08-04T22:49:45.110562+00:00,51.531,50.406,51.531,51.031,0,306,1020,,5391,519,2755,1463,0.0,729
758.7,2026-08-04T22:49:46.117349+00:00,51.25,50.468,51.25,50.968,0,306,1020,,5391,479,2755,1463,0.2,729
759.7,2026-08-04T22:49:47.123951+00:00,51.281,50.656,51.281,50.968,0,306,1020,,5431,519,2755,1463,0.2,729
760.8,2026-08-04T22:49:48.129603+00:00,51.343,50.468,51.343,51,0,306,1020,,5471,519,2795,1463,0.2,1728
761.8,2026-08-04T22:49:49.136501+00:00,51.5,50.468,51.5,51,0,306,1020,,5391,519,2795,1463,0.0,729
762.8,2026-08-04T22:49:50.143804+00:00,51.531,50.5,51.531,50.937,0,306,1020,,5431,519,2755,1463,0.2,729
763.8,2026-08-04T22:49:51.150527+00:00,51.531,50.718,51.343,51,0,306,1020,,5391,479,2795,1463,0.2,729
764.8,2026-08-04T22:49:52.157366+00:00,51.312,50.468,51.312,50.968,0,306,1020,,5391,479,2755,1463,0.0,729
765.8,2026-08-04T22:49:53.164243+00:00,51.312,50.468,51.312,51.062,0,306,1020,,5391,519,2795,1463,0.3,729
766.8,2026-08-04T22:49:54.171051+00:00,51.5,50.656,51.5,50.906,0,306,1020,,5400,479,2795,1463,0.0,729
767.8,2026-08-04T22:49:55.178012+00:00,51.5,50.5,51.5,50.875,0,306,1020,,5391,479,2755,1463,0.3,729
768.8,2026-08-04T22:49:56.185230+00:00,51.312,50.468,51.312,50.968,0,306,1020,,5431,519,2795,1463,0.2,729
769.8,2026-08-04T22:49:57.191971+00:00,51.343,50.531,51.343,51.093,0,306,1020,,5431,519,2755,1463,0.2,729
770.8,2026-08-04T22:49:58.198605+00:00,51.593,50.781,51.593,51,0,306,1020,,5391,519,2755,1463,0.0,729
771.8,2026-08-04T22:49:59.205439+00:00,51.656,50.562,51.656,51.031,0,306,1020,,5391,519,2755,1463,0.0,729
772.8,2026-08-04T22:50:00.212255+00:00,51.343,50.593,51.343,51.031,0,306,1020,,5431,519,2755,1463,0.2,729
773.8,2026-08-04T22:50:01.219006+00:00,51.375,50.687,51.375,50.906,0,306,1020,,5431,519,2755,1463,0.0,729
774.8,2026-08-04T22:50:02.225478+00:00,51.406,50.531,51.406,50.937,0,306,1020,,5391,519,2755,1463,0.0,729
775.9,2026-08-04T22:50:03.232106+00:00,51.687,50.75,51.687,51,0,306,1020,,5431,519,2795,1463,0.0,729
776.9,2026-08-04T22:50:04.238325+00:00,51.625,50.437,51.625,51.062,0,306,1020,,5391,479,2755,1463,0.2,729
777.9,2026-08-04T22:50:05.244729+00:00,51.718,50.468,51.718,50.906,0,306,1020,,5391,479,2795,1463,0.0,729
778.9,2026-08-04T22:50:06.251112+00:00,51.375,50.625,51.375,50.968,0,306,1020,,5391,479,2755,1463,0.2,729
779.9,2026-08-04T22:50:07.257758+00:00,51.437,50.468,51.437,50.937,0,306,1020,,5391,479,2755,1463,0.0,729
780.9,2026-08-04T22:50:08.264269+00:00,51.281,50.468,51.718,51.031,0,306,1020,,5391,479,2755,1463,0.0,729
781.9,2026-08-04T22:50:09.271025+00:00,51.75,50.593,51.75,50.875,0,306,1020,,5391,479,2755,1463,0.0,729
782.9,2026-08-04T22:50:10.281541+00:00,51.718,50.406,51.718,50.968,0,306,1020,,5391,479,2755,1463,0.0,729
783.9,2026-08-04T22:50:11.284614+00:00,51.468,50.468,51.468,51.031,0,306,1020,,5431,519,2795,1463,0.0,729
784.9,2026-08-04T22:50:12.291218+00:00,51.468,50.468,51.468,51.062,0,306,1020,,5391,519,2755,1463,0.0,729
785.9,2026-08-04T22:50:13.298769+00:00,51.781,50.781,51.781,50.906,0,306,1020,,5391,479,2755,1463,0.0,729
786.9,2026-08-04T22:50:14.305331+00:00,51.781,50.437,51.781,51,0,306,1020,,5400,519,2755,1463,0.0,729
787.9,2026-08-04T22:50:15.311854+00:00,51.281,50.5,51.281,51.093,0,306,1020,,5400,519,2755,1463,0.2,729
788.9,2026-08-04T22:50:16.318215+00:00,51.468,50.562,51.468,50.937,0,306,1020,,5391,479,2755,1463,0.2,729
789.9,2026-08-04T22:50:17.325113+00:00,51.375,50.468,51.375,50.968,0,306,1020,,5391,479,2755,1463,0.0,729
791.0,2026-08-04T22:50:18.330943+00:00,51.375,50.781,51.375,50.968,0,306,1020,,5790,638,2955,1463,0.2,1728
792.0,2026-08-04T22:50:19.338159+00:00,51.281,50.437,51.281,51,0,306,1020,,5431,519,2795,1463,0.2,729
793.0,2026-08-04T22:50:20.345045+00:00,51.406,50.468,51.406,50.968,0,306,1020,,5391,479,2795,1463,0.2,729
794.0,2026-08-04T22:50:21.351890+00:00,51.562,50.593,51.562,50.906,0,306,1020,,5391,479,2755,1463,0.2,729
795.0,2026-08-04T22:50:22.358294+00:00,51.531,50.406,51.531,51,0,306,1020,,5391,479,2755,1463,0.0,729
796.0,2026-08-04T22:50:23.365567+00:00,51.375,50.468,51.375,51.125,0,306,1020,,5431,519,2755,1463,0.0,729
797.0,2026-08-04T22:50:24.372149+00:00,51.312,50.562,51.312,50.937,0,306,1020,,5431,519,2755,1463,0.2,729
798.0,2026-08-04T22:50:25.379009+00:00,51.562,50.718,51.562,50.937,0,306,1020,,5391,519,2755,1463,0.0,729
799.0,2026-08-04T22:50:26.385906+00:00,51.593,50.437,51.593,51.062,0,306,1020,,5391,479,2795,1463,0.0,729
800.0,2026-08-04T22:50:27.393141+00:00,51.343,50.468,51.343,50.968,0,306,1020,,5391,479,2755,1463,0.2,729
801.0,2026-08-04T22:50:28.399882+00:00,51.312,50.562,51.312,51,0,306,1020,,5391,479,2755,1463,0.0,729
802.0,2026-08-04T22:50:29.406847+00:00,51.343,50.437,51.343,50.875,0,306,1020,,5391,519,2755,1463,0.2,729
803.0,2026-08-04T22:50:30.413756+00:00,51.593,50.468,51.593,51.031,0,306,1020,,5391,479,2755,1463,0.0,729
804.0,2026-08-04T22:50:31.420711+00:00,51.562,50.562,51.562,50.906,0,306,1020,,5391,479,2755,1463,0.0,729
805.1,2026-08-04T22:50:32.427583+00:00,51.406,50.687,51.406,51,0,306,1020,,5391,479,2755,1463,0.2,729
806.1,2026-08-04T22:50:33.434639+00:00,51.312,50.437,51.312,51.062,0,306,1020,,5471,519,2795,1463,0.7,729
807.1,2026-08-04T22:50:34.441410+00:00,51.656,50.468,51.656,50.968,0,306,1020,,5391,479,2795,1463,0.0,729
808.1,2026-08-04T22:50:35.448488+00:00,51.656,50.625,51.656,50.937,0,306,1020,,5391,519,2755,1463,0.0,729
809.1,2026-08-04T22:50:36.455426+00:00,51.406,50.437,51.406,50.968,0,306,1020,,5391,479,2755,1463,0.0,729
810.1,2026-08-04T22:50:37.462370+00:00,51.406,50.531,51.406,51.031,0,306,1020,,5400,479,2755,1463,0.0,729
811.1,2026-08-04T22:50:38.469355+00:00,51.625,50.593,51.625,50.843,0,306,1020,,5391,479,2755,1463,0.2,729
812.1,2026-08-04T22:50:39.476014+00:00,51.687,50.375,51.687,50.968,0,306,1020,,5391,479,2755,1463,0.0,729
813.1,2026-08-04T22:50:40.482480+00:00,51.687,50.437,51.375,51,0,306,1020,,5391,519,2755,1463,0.0,729
814.1,2026-08-04T22:50:41.489856+00:00,51.375,50.562,51.375,50.875,0,306,1020,,5431,519,2755,1463,0.2,729
815.1,2026-08-04T22:50:42.496510+00:00,51.437,50.75,51.437,50.906,0,306,1020,,5391,519,2755,1463,0.0,729
816.1,2026-08-04T22:50:43.503294+00:00,51.687,50.406,51.687,50.968,0,306,1020,,5391,519,2755,1463,0.0,729
817.1,2026-08-04T22:50:44.510082+00:00,51.687,50.5,51.687,50.968,0,306,1020,,5391,519,2755,1463,0.0,729
818.1,2026-08-04T22:50:45.517105+00:00,51.375,50.687,51.375,50.968,0,306,1020,,5391,519,2755,1463,0.0,729
819.1,2026-08-04T22:50:46.523910+00:00,51.343,50.468,51.343,50.875,0,306,1020,,5391,479,2755,1463,0.0,729
820.2,2026-08-04T22:50:47.530704+00:00,51.812,50.437,51.812,51,0,306,1020,,5391,479,2755,1463,0.2,729
821.2,2026-08-04T22:50:48.537712+00:00,51.75,50.562,51.75,51.093,0,306,1020,,5431,479,2795,1463,0.2,729
822.2,2026-08-04T22:50:49.544397+00:00,51.468,50.718,51.468,50.968,0,306,1020,,5391,479,2755,1463,0.2,729
823.2,2026-08-04T22:50:50.551322+00:00,51.375,50.437,51.375,50.968,0,306,1020,,5391,479,2755,1463,0.0,729
824.2,2026-08-04T22:50:51.558051+00:00,51.437,50.468,51.812,50.968,0,306,1020,,5391,479,2755,1463,0.2,729
825.2,2026-08-04T22:50:52.564855+00:00,51.281,50.625,51.281,50.875,0,306,1020,,5391,479,2755,1463,0.0,729
826.2,2026-08-04T22:50:53.571749+00:00,51.343,50.5,51.343,50.937,0,306,1020,,5391,479,2755,1463,0.0,729
827.2,2026-08-04T22:50:54.578525+00:00,51.437,50.687,51.437,50.968,0,306,1020,,5391,479,2755,1463,0.2,729
828.2,2026-08-04T22:50:55.585406+00:00,51.5,50.406,51.5,51.031,0,306,1020,,5391,479,2755,1463,0.2,729
829.2,2026-08-04T22:50:56.592107+00:00,51.312,50.468,51.312,50.937,0,306,1020,,5391,478,2755,1463,0.0,729
830.2,2026-08-04T22:50:57.598805+00:00,51.25,50.625,51.25,50.906,0,306,1020,,5391,479,2755,1463,0.0,729
831.2,2026-08-04T22:50:58.605588+00:00,51.5,50.375,51.5,50.968,0,306,1020,,5391,479,2755,1463,0.2,729
832.2,2026-08-04T22:50:59.612411+00:00,51.5,50.437,51.5,50.875,0,306,1020,,5391,479,2755,1463,0.0,729
833.2,2026-08-04T22:51:00.619225+00:00,51.406,50.562,51.406,50.875,0,306,1020,,5391,479,2755,1463,0.2,729
834.3,2026-08-04T22:51:01.625856+00:00,51.343,50.437,51.343,50.968,0,306,1020,,5391,479,2755,1463,0.0,729
835.3,2026-08-04T22:51:02.632433+00:00,51.343,50.406,51.343,50.937,0,306,1020,,5391,479,2755,1463,0.0,729
836.3,2026-08-04T22:51:03.638993+00:00,51.562,50.625,51.562,50.937,0,306,1020,,5710,599,2915,1463,0.2,729
837.3,2026-08-04T22:51:04.645403+00:00,51.562,50.75,51.562,50.937,0,306,1020,,5431,519,2795,1463,0.0,729
838.3,2026-08-04T22:51:05.652103+00:00,51.562,50.437,51.562,50.968,0,306,1020,,5391,519,2755,1463,0.0,729
839.3,2026-08-04T22:51:06.657920+00:00,51.468,50.468,51.468,51.062,0,306,1020,,5391,479,2755,1463,0.2,729
840.3,2026-08-04T22:51:07.663583+00:00,51.375,50.625,51.375,50.906,0,306,1020,,5391,479,2755,1463,0.0,729
841.3,2026-08-04T22:51:08.669711+00:00,51.312,50.5,51.312,50.906,0,306,1020,,5391,479,2755,1463,0.0,729
842.3,2026-08-04T22:51:09.675054+00:00,51.375,50.656,51.375,50.937,0,306,1020,,5391,479,2755,1463,0.0,729
843.3,2026-08-04T22:51:10.680471+00:00,51.406,50.468,51.406,50.968,0,306,1020,,5551,559,2835,1463,0.2,1728
844.3,2026-08-04T22:51:11.686620+00:00,51.406,50.531,51.406,50.968,0,306,1020,,5431,479,2795,1463,0.2,729
845.3,2026-08-04T22:51:12.691630+00:00,51.718,50.562,51.718,50.875,0,306,1020,,5391,479,2755,1463,0.0,729
846.3,2026-08-04T22:51:13.697349+00:00,51.687,50.5,51.687,50.906,0,306,1020,,5391,479,2755,1463,0.0,729
847.3,2026-08-04T22:51:14.703242+00:00,51.718,50.656,51.718,50.968,0,306,1020,,5431,519,2795,1463,0.0,729
848.3,2026-08-04T22:51:15.711231+00:00,51.781,50.406,51.781,50.937,0,306,1020,,5391,519,2755,1463,0.0,729
849.3,2026-08-04T22:51:16.713990+00:00,51.75,50.468,51.75,51,0,306,1020,,5391,479,2755,1463,0.2,729
850.3,2026-08-04T22:51:17.719589+00:00,51.75,50.468,51.75,50.937,0,306,1020,,5391,479,2755,1463,0.2,729
851.4,2026-08-04T22:51:18.725526+00:00,51.343,50.468,51.343,50.968,0,306,1020,,5591,559,2875,1463,0.0,729
852.4,2026-08-04T22:51:19.730891+00:00,51.218,50.718,51.468,50.968,0,306,1020,,5431,519,2795,1463,0.2,729
853.4,2026-08-04T22:51:20.736900+00:00,51.437,50.468,51.437,50.968,0,306,1020,,5431,519,2755,1463,0.0,729
854.4,2026-08-04T22:51:21.742209+00:00,51.531,50.5,51.531,51,0,306,1020,,5431,519,2755,1463,0.2,729
855.4,2026-08-04T22:51:22.747923+00:00,51.5,50.5,51.5,50.812,0,306,1020,,5391,519,2755,1463,0.0,729
856.4,2026-08-04T22:51:23.753550+00:00,51.531,50.468,51.531,50.968,0,306,1020,,5391,519,2755,1463,0.0,729
857.4,2026-08-04T22:51:24.758999+00:00,51.562,50.687,51.562,50.937,0,306,1020,,5391,519,2755,1463,0.3,729
858.4,2026-08-04T22:51:25.764526+00:00,51.5,50.468,51.5,51,0,306,1020,,5431,519,2795,1463,0.0,729
859.4,2026-08-04T22:51:26.770472+00:00,51.531,50.531,51.531,50.937,0,306,1020,,5391,479,2795,1463,0.2,729
860.4,2026-08-04T22:51:27.775813+00:00,51.562,50.437,51.375,50.968,0,306,1020,,5391,479,2795,1463,0.2,729
861.4,2026-08-04T22:51:28.781180+00:00,51.406,50.531,51.406,50.968,0,306,1020,,5391,479,2795,1463,0.0,729
862.4,2026-08-04T22:51:29.786993+00:00,51.406,50.656,51.406,50.968,0,306,1020,,5440,479,2795,1463,0.0,729
863.4,2026-08-04T22:51:30.792450+00:00,51.343,50.437,51.343,50.843,0,306,1020,,5431,479,2795,1463,0.0,729
864.4,2026-08-04T22:51:31.798363+00:00,51.281,50.562,51.281,51,0,306,1020,,5391,479,2795,1463,0.0,729
865.4,2026-08-04T22:51:32.803616+00:00,51.312,50.406,51.312,51,0,306,1020,,5431,519,2795,1463,0.0,729
866.4,2026-08-04T22:51:33.808943+00:00,51.406,50.5,51.406,50.968,0,306,1020,,5431,519,2795,1463,0.5,729
867.4,2026-08-04T22:51:34.814508+00:00,51.406,50.687,51.406,50.937,0,306,1020,,5391,519,2795,1463,0.2,729
868.4,2026-08-04T22:51:35.820652+00:00,51.687,50.468,51.687,50.937,0,306,1020,,5391,479,2795,1463,0.0,729
869.5,2026-08-04T22:51:36.826244+00:00,51.781,50.468,51.781,50.968,0,306,1020,,5431,519,2755,1463,0.2,729
870.5,2026-08-04T22:51:37.832176+00:00,51.718,50.375,51.718,51.031,0,306,1020,,5391,479,2755,1463,0.0,729
871.5,2026-08-04T22:51:38.837809+00:00,51.75,50.468,51.75,50.968,0,306,1020,,5431,519,2795,1463,0.0,729
872.5,2026-08-04T22:51:39.843388+00:00,51.75,50.687,51.75,50.937,0,306,1020,,5391,479,2795,1463,0.2,729
873.5,2026-08-04T22:51:40.848812+00:00,51.937,50.531,51.937,50.937,0,306,1020,,5830,638,2955,1463,0.0,1728
874.5,2026-08-04T22:51:41.854767+00:00,51.281,50.468,51.406,50.968,0,306,1020,,5471,519,2795,1463,0.0,729
875.5,2026-08-04T22:51:42.860381+00:00,51.562,50.406,51.562,51.062,0,306,1020,,5431,519,2795,1463,0.0,729
876.5,2026-08-04T22:51:43.865964+00:00,51.5,50.468,51.5,50.906,0,306,1020,,5391,479,2795,1463,0.0,729
877.5,2026-08-04T22:51:44.871373+00:00,51.468,50.718,51.468,50.937,0,306,1020,,5391,479,2755,1463,0.0,729
878.5,2026-08-04T22:51:45.877064+00:00,51.531,50.468,51.531,50.937,0,306,1020,,5431,519,2755,1463,0.2,729
879.5,2026-08-04T22:51:46.882772+00:00,51.5,50.562,51.5,51.031,0,306,1020,,5431,519,2755,1463,0.0,729
880.5,2026-08-04T22:51:47.888298+00:00,51.468,50.437,51.468,50.968,0,306,1020,,5431,519,2795,1463,0.0,729
881.5,2026-08-04T22:51:48.894042+00:00,51.281,50.5,51.281,50.937,0,306,1020,,5431,519,2795,1463,0.5,729
882.5,2026-08-04T22:51:49.899918+00:00,51.312,50.656,51.312,50.937,0,306,1020,,5391,479,2795,1463,0.0,729
883.5,2026-08-04T22:51:50.905563+00:00,51.343,50.468,51.343,50.906,0,306,1020,,5391,519,2795,1463,0.0,729
884.5,2026-08-04T22:51:51.911060+00:00,51.343,50.531,51.343,50.968,0,306,1020,,5431,519,2755,1463,0.0,729
885.5,2026-08-04T22:51:52.917135+00:00,51.406,50.468,51.406,51.031,0,306,1020,,5391,479,2755,1463,0.0,729
886.5,2026-08-04T22:51:53.923086+00:00,51.406,50.468,51.406,50.875,0,306,1020,,5391,479,2755,1463,0.2,729
887.6,2026-08-04T22:51:54.928294+00:00,51.406,50.625,51.406,50.906,0,306,1020,,5431,519,2755,1463,0.0,729
888.6,2026-08-04T22:51:55.934699+00:00,51.687,50.468,51.687,50.968,0,306,1020,,5431,519,2795,1463,0.0,729
889.6,2026-08-04T22:51:56.940071+00:00,51.687,50.5,51.687,51,0,306,1020,,5431,479,2795,1463,0.2,729
890.6,2026-08-04T22:51:57.945909+00:00,51.656,50.437,51.656,51.031,0,306,1020,,5431,519,2795,1463,0.2,729
891.6,2026-08-04T22:51:58.951923+00:00,51.687,50.5,51.687,50.906,0,306,1020,,5431,519,2755,1463,0.0,729
892.6,2026-08-04T22:51:59.957184+00:00,51.687,50.625,51.687,50.968,0,306,1020,,5431,519,2755,1463,0.2,729
893.6,2026-08-04T22:52:00.963417+00:00,51.437,50.468,51.437,51,0,306,1020,,5391,479,2755,1463,0.0,729
894.6,2026-08-04T22:52:01.969857+00:00,51.468,50.468,51.468,50.937,0,306,1020,,5391,519,2755,1463,0.2,729
895.6,2026-08-04T22:52:02.975413+00:00,51.375,50.531,51.375,51.062,0,306,1020,,5391,519,2755,1463,0.2,729
896.6,2026-08-04T22:52:03.981048+00:00,51.437,50.437,51.437,50.968,0,306,1020,,5431,519,2795,1463,0.2,729
897.6,2026-08-04T22:52:04.986379+00:00,51.375,50.625,51.375,50.937,0,306,1020,,5391,519,2795,1463,0.2,729
898.6,2026-08-04T22:52:05.991878+00:00,51.468,50.437,51.468,51.031,0,306,1020,,5431,519,2755,1463,0.2,729
899.6,2026-08-04T22:52:06.997396+00:00,51.281,50.468,51.281,50.968,0,306,1020,,5391,519,2755,1463,0.0,729
900.6,2026-08-04T22:52:08.003255+00:00,51.281,50.562,51.281,51.062,0,306,1020,,5431,519,2755,1463,0.0,729
901.6,2026-08-04T22:52:09.008759+00:00,51.375,50.437,51.375,50.906,0,306,1020,,5391,519,2755,1463,0.2,729
902.6,2026-08-04T22:52:10.014328+00:00,51.406,50.593,51.406,50.937,0,306,1020,,5391,479,2755,1463,0.2,729
903.6,2026-08-04T22:52:11.020193+00:00,51.343,50.468,51.343,51,0,306,1020,,5471,519,2795,1463,0.0,729
904.7,2026-08-04T22:52:12.025755+00:00,51.5,50.531,51.5,51,0,306,1020,,5431,519,2795,1463,0.0,729
905.7,2026-08-04T22:52:13.031292+00:00,51.312,50.531,51.312,51.093,0,306,1020,,5391,479,2755,1463,0.2,729
906.7,2026-08-04T22:52:14.038002+00:00,51.562,50.468,51.562,50.906,0,306,1020,,5391,479,2795,1463,0.2,729
907.7,2026-08-04T22:52:15.043471+00:00,51.593,50.625,51.593,50.937,0,306,1020,,5391,519,2755,1463,0.2,729
908.7,2026-08-04T22:52:16.049376+00:00,51.625,50.437,51.625,51,0,306,1020,,5391,479,2755,1463,0.0,729
909.7,2026-08-04T22:52:17.055112+00:00,51.625,50.468,51.625,50.968,0,306,1020,,5431,519,2755,1463,0.3,729
910.7,2026-08-04T22:52:18.060988+00:00,51.562,50.593,51.562,51.125,0,306,1020,,5391,479,2755,1463,0.2,729
911.7,2026-08-04T22:52:19.066468+00:00,51.406,50.468,51.406,50.968,0,306,1020,,5391,519,2755,1463,0.0,729
912.7,2026-08-04T22:52:20.072394+00:00,51.375,50.562,51.375,50.968,0,306,1020,,5391,519,2755,1463,0.0,729
913.7,2026-08-04T22:52:21.077950+00:00,51.375,50.406,51.375,50.968,0,306,1020,,5391,479,2755,1463,0.3,729
914.7,2026-08-04T22:52:22.083741+00:00,51.312,50.468,51.312,51,0,306,1020,,5391,479,2755,1463,0.2,729
915.7,2026-08-04T22:52:23.089605+00:00,51.312,50.593,51.312,51,0,306,1020,,5431,519,2795,1463,0.0,729
916.7,2026-08-04T22:52:24.095012+00:00,51.406,50.718,51.406,50.937,0,306,1020,,5391,479,2755,1463,0.2,729
917.7,2026-08-04T22:52:25.100433+00:00,51.437,50.593,51.437,50.906,0,306,1020,,5391,479,2755,1463,0.0,729
918.7,2026-08-04T22:52:26.106129+00:00,51.781,50.468,51.781,50.906,0,306,1020,,5630,559,2875,1463,0.2,729
919.7,2026-08-04T22:52:27.112095+00:00,51.75,50.468,51.75,50.968,0,306,1020,,5431,519,2795,1463,0.2,729
920.7,2026-08-04T22:52:28.117643+00:00,51.75,50.468,51.75,51.093,0,306,1020,,5391,479,2795,1463,0.0,729
921.7,2026-08-04T22:52:29.123078+00:00,51.281,50.5,51.281,50.968,0,306,1020,,5391,479,2755,1463,0.0,729
922.8,2026-08-04T22:52:30.128433+00:00,51.281,50.593,51.281,50.937,0,306,1020,,5391,479,2755,1463,0.2,729
923.8,2026-08-04T22:52:31.134509+00:00,51.25,50.406,51.25,50.937,0,306,1020,,5391,479,2755,1463,0.0,729
924.8,2026-08-04T22:52:32.140145+00:00,51.343,50.468,51.343,51.031,0,306,1020,,5391,479,2755,1463,0.2,729
925.8,2026-08-04T22:52:33.145574+00:00,51.531,50.531,51.531,51.031,0,306,1020,,5431,519,2795,1463,0.2,729
926.8,2026-08-04T22:52:34.151684+00:00,51.437,50.468,51.437,50.937,0,306,1020,,5391,479,2795,1463,0.0,729
927.8,2026-08-04T22:52:35.157525+00:00,51.531,50.562,51.531,50.937,0,306,1020,,5391,479,2755,1463,0.2,729
928.8,2026-08-04T22:52:36.162853+00:00,51.562,50.812,51.562,51,0,306,1020,,5391,479,2755,1463,0.0,729
929.8,2026-08-04T22:52:37.168355+00:00,51.562,50.437,51.562,51,0,306,1020,,5391,479,2755,1463,0.0,729
930.8,2026-08-04T22:52:38.174083+00:00,51.531,50.468,51.531,51.062,0,306,1020,,5391,479,2755,1463,0.0,729
931.8,2026-08-04T22:52:39.179680+00:00,51.375,50.406,51.375,50.968,0,306,1020,,5391,519,2755,1463,0.2,729
932.8,2026-08-04T22:52:40.185298+00:00,51.343,50.5,51.343,51,0,306,1020,,5391,479,2755,1463,0.2,729
933.8,2026-08-04T22:52:41.191023+00:00,51.406,50.812,51.406,50.968,0,306,1020,,5471,519,2795,1463,0.2,729
934.8,2026-08-04T22:52:42.196473+00:00,51.437,50.406,51.437,50.968,0,306,1020,,5431,519,2795,1463,0.0,729
935.8,2026-08-04T22:52:43.202067+00:00,51.468,50.468,51.468,51.062,0,306,1020,,5391,519,2755,1463,0.0,729
936.8,2026-08-04T22:52:44.207737+00:00,51.343,50.437,51.343,51.156,0,306,1020,,5391,479,2755,1463,0.0,729
937.8,2026-08-04T22:52:45.213485+00:00,51.375,50.562,51.375,50.875,0,306,1020,,5391,479,2755,1463,0.3,729
938.8,2026-08-04T22:52:46.218928+00:00,51.437,50.812,51.687,50.968,0,306,1020,,5391,479,2755,1463,0.0,729
939.8,2026-08-04T22:52:47.225031+00:00,51.718,50.5,51.718,50.968,0,306,1020,,5431,479,2755,1463,0.0,729
940.9,2026-08-04T22:52:48.230632+00:00,51.875,50.625,51.875,51,0,306,1020,,5670,559,2875,1463,0.0,1728
941.9,2026-08-04T22:52:49.236520+00:00,51.75,50.5,51.75,51.187,0,306,1020,,5471,519,2795,1463,0.2,729
942.9,2026-08-04T22:52:50.242022+00:00,51.843,50.562,51.843,50.937,0,306,1020,,5431,519,2795,1463,0.0,729
943.9,2026-08-04T22:52:51.247583+00:00,51.781,50.781,51.781,50.937,0,306,1020,,5391,478,2755,1463,0.2,729
944.9,2026-08-04T22:52:52.252821+00:00,51.343,50.468,51.343,51,0,306,1020,,5391,479,2755,1463,0.0,729
945.9,2026-08-04T22:52:53.258432+00:00,51.312,50.5,51.312,51.031,0,306,1020,,5391,479,2755,1463,0.0,729
946.9,2026-08-04T22:52:54.263979+00:00,51.531,50.468,51.531,51.093,0,306,1020,,5391,519,2755,1463,0.0,729
947.9,2026-08-04T22:52:55.269999+00:00,51.468,50.5,51.468,50.968,0,306,1020,,5391,479,2755,1463,0.2,729
948.9,2026-08-04T22:52:56.275329+00:00,51.531,50.781,51.531,50.875,0,306,1020,,5431,519,2795,1463,0.2,729
949.9,2026-08-04T22:52:57.281233+00:00,51.5,50.468,51.5,50.937,0,306,1020,,5431,479,2795,1463,0.0,729
950.9,2026-08-04T22:52:58.286683+00:00,51.562,50.468,51.562,51,0,306,1020,,5391,479,2755,1463,0.0,729
951.9,2026-08-04T22:52:59.292801+00:00,51.5,50.437,51.5,51.031,0,306,1020,,5431,519,2795,1463,0.5,729
952.9,2026-08-04T22:53:00.299588+00:00,51.312,50.468,51.312,50.968,0,306,1020,,5431,519,2795,1463,0.2,729
953.9,2026-08-04T22:53:01.304972+00:00,51.281,50.75,51.281,50.875,0,306,1020,,5391,479,2755,1463,0.2,729
954.9,2026-08-04T22:53:02.310957+00:00,51.343,50.468,51.343,50.968,0,306,1020,,5391,479,2755,1463,0.0,729
955.9,2026-08-04T22:53:03.316928+00:00,51.375,50.5,51.375,51.093,0,306,1020,,5591,559,2875,1463,0.0,729
956.9,2026-08-04T22:53:04.322650+00:00,51.531,50.625,51.531,50.968,0,306,1020,,5431,479,2795,1463,0.0,729
958.0,2026-08-04T22:53:05.328665+00:00,51.656,50.468,51.656,50.937,0,306,1020,,5431,479,2795,1463,0.2,729
959.0,2026-08-04T22:53:06.334028+00:00,51.687,50.687,51.687,50.968,0,306,1020,,5391,479,2755,1463,0.2,729
960.0,2026-08-04T22:53:07.339658+00:00,51.687,50.5,51.687,51,0,306,1020,,5391,479,2755,1463,0.2,729
961.0,2026-08-04T22:53:08.345209+00:00,51.656,50.468,51.656,51.093,0,306,1020,,5391,479,2755,1463,0.3,729
962.0,2026-08-04T22:53:09.350811+00:00,51.687,50.593,51.687,50.968,0,306,1020,,5391,479,2755,1463,0.2,729
963.0,2026-08-04T22:53:10.356749+00:00,51.687,50.562,51.375,50.906,0,306,1020,,5391,479,2755,1463,0.2,729
964.0,2026-08-04T22:53:11.363000+00:00,51.375,50.656,51.375,50.937,0,306,1020,,5431,519,2755,1462,0.0,729
965.0,2026-08-04T22:53:12.369054+00:00,51.406,50.375,51.406,51.062,0,306,1020,,5391,479,2755,1462,0.2,729
966.0,2026-08-04T22:53:13.374144+00:00,51.406,50.468,51.406,51,0,306,1020,,5391,479,2755,1462,0.0,729
967.0,2026-08-04T22:53:14.380051+00:00,51.406,50.625,51.406,50.937,0,306,1020,,5391,519,2755,1462,0.0,729
968.0,2026-08-04T22:53:15.385644+00:00,51.468,50.437,51.468,50.906,0,306,1020,,5391,519,2755,1462,0.2,729
969.0,2026-08-04T22:53:16.391676+00:00,51.75,50.781,51.75,50.937,0,306,1020,,5391,479,2755,1462,0.0,729
970.0,2026-08-04T22:53:17.398052+00:00,51.312,50.468,51.312,51,0,306,1020,,5391,479,2755,1462,0.0,729
971.0,2026-08-04T22:53:18.404495+00:00,51.437,50.468,51.437,50.968,0,306,1020,,5471,519,2795,1462,0.0,729
972.0,2026-08-04T22:53:19.409807+00:00,51.312,50.718,51.312,50.937,0,306,1020,,5431,519,2795,1462,0.0,729
973.0,2026-08-04T22:53:20.416080+00:00,51.531,50.406,51.531,50.937,0,306,1020,,5431,519,2795,1462,0.3,729
974.0,2026-08-04T22:53:21.421705+00:00,51.593,50.531,51.593,50.968,0,306,1020,,5431,519,2755,1462,0.2,729
975.1,2026-08-04T22:53:22.427235+00:00,51.468,50.406,51.468,51.031,0,306,1020,,5391,519,2755,1462,0.0,729
976.1,2026-08-04T22:53:23.432908+00:00,51.562,50.531,51.562,50.906,0,306,1020,,5391,519,2755,1462,0.2,729
977.1,2026-08-04T22:53:24.438743+00:00,51.562,50.625,51.562,50.937,0,306,1020,,5391,519,2755,1462,0.3,729
978.1,2026-08-04T22:53:25.444678+00:00,51.562,50.406,51.562,50.937,0,306,1020,,5391,479,2755,1462,0.0,729
979.1,2026-08-04T22:53:26.450661+00:00,51.312,50.343,51.312,51.062,0,306,1020,,5471,519,2795,1462,0.0,729
980.1,2026-08-04T22:53:27.457009+00:00,51.375,50.5,51.375,51.062,0,306,1020,,5391,479,2795,1462,0.2,729
981.1,2026-08-04T22:53:28.462816+00:00,51.375,50.5,51.375,50.812,0,306,1020,,5391,479,2755,1462,0.0,729
982.1,2026-08-04T22:53:29.469091+00:00,51.312,50.625,51.5,50.906,0,306,1020,,5431,519,2755,1462,0.0,729
983.1,2026-08-04T22:53:30.475476+00:00,51.625,50.406,51.625,50.906,0,306,1020,,5391,479,2755,1462,0.0,729
984.1,2026-08-04T22:53:31.482229+00:00,51.625,50.468,51.625,51.062,0,306,1020,,5391,479,2755,1462,0.2,729
985.1,2026-08-04T22:53:32.488581+00:00,51.406,50.531,51.406,50.906,0,306,1020,,5391,479,2755,1462,0.2,729
986.1,2026-08-04T22:53:33.494483+00:00,51.343,50.656,51.343,50.968,0,306,1020,,5431,519,2795,1462,0.2,729
987.1,2026-08-04T22:53:34.500504+00:00,51.343,50.468,51.343,50.937,0,306,1020,,5400,479,2755,1462,0.0,729
988.1,2026-08-04T22:53:35.506246+00:00,51.375,50.5,51.375,51,0,306,1020,,5431,519,2755,1462,0.2,729
989.1,2026-08-04T22:53:36.511861+00:00,51.437,50.437,51.437,51.031,0,306,1020,,5391,479,2755,1462,0.3,729
990.1,2026-08-04T22:53:37.517883+00:00,51.687,50.5,51.687,50.875,0,306,1020,,5391,479,2755,1462,0.0,729
991.1,2026-08-04T22:53:38.524536+00:00,51.75,50.75,51.75,50.968,0,306,1020,,5391,519,2755,1462,0.0,729
992.2,2026-08-04T22:53:39.530558+00:00,51.718,50.468,51.718,50.968,0,306,1020,,5391,519,2755,1462,0.3,729
993.2,2026-08-04T22:53:40.536321+00:00,51.843,50.5,51.843,51.093,0,306,1020,,5391,479,2755,1462,0.0,729
994.2,2026-08-04T22:53:41.542880+00:00,51.5,50.593,51.5,50.937,0,306,1020,,5391,479,2755,1462,0.3,729
995.2,2026-08-04T22:53:42.549387+00:00,51.437,50.468,51.437,50.968,0,306,1020,,5391,479,2755,1462,0.2,729
996.2,2026-08-04T22:53:43.555126+00:00,51.437,50.75,51.437,50.968,0,306,1020,,5391,479,2755,1462,0.0,729
997.2,2026-08-04T22:53:44.561662+00:00,51.375,50.406,51.375,50.968,0,306,1020,,5391,479,2755,1462,0.2,729
998.2,2026-08-04T22:53:45.567770+00:00,51.343,50.468,51.343,50.906,0,306,1020,,5431,519,2755,1462,0.2,729
999.2,2026-08-04T22:53:46.573533+00:00,51.343,50.625,51.343,50.906,0,306,1020,,5391,519,2755,1462,0.0,729
1000.2,2026-08-04T22:53:47.579883+00:00,51.25,50.375,51.25,50.968,0,306,1020,,5391,519,2755,1462,0.2,729
1001.2,2026-08-04T22:53:48.585602+00:00,51.343,50.468,51.468,51.062,0,306,1020,,5471,519,2795,1462,0.3,729
1002.2,2026-08-04T22:53:49.591675+00:00,51.5,50.468,51.5,50.968,0,306,1020,,5391,479,2795,1462,0.0,729
1003.2,2026-08-04T22:53:50.597937+00:00,51.593,50.75,51.593,50.968,0,306,1020,,5431,519,2755,1462,0.3,729
1004.2,2026-08-04T22:53:51.604142+00:00,51.5,50.593,51.5,50.968,0,306,1020,,5391,519,2755,1462,0.2,729
1005.2,2026-08-04T22:53:52.610326+00:00,51.343,50.406,51.343,51,0,306,1020,,5400,479,2755,1462,0.0,729
1006.2,2026-08-04T22:53:53.616620+00:00,51.375,50.5,51.375,50.968,0,306,1020,,5391,479,2755,1462,0.2,729
1007.2,2026-08-04T22:53:54.622121+00:00,51.343,50.593,51.343,50.968,0,306,1020,,5400,479,2755,1462,0.2,729
1008.3,2026-08-04T22:53:55.628328+00:00,51.312,50.75,51.312,50.906,0,306,1020,,5431,519,2795,1462,0.0,729
1009.3,2026-08-04T22:53:56.634503+00:00,51.625,50.593,51.625,51.031,0,306,1020,,5391,479,2755,1462,0.2,729
1010.3,2026-08-04T22:53:57.640900+00:00,51.687,50.531,51.687,51.062,0,306,1020,,5400,479,2755,1462,0.0,729
1011.3,2026-08-04T22:53:58.646724+00:00,51.593,50.468,51.593,51.031,0,306,1020,,5400,479,2755,1462,0.0,729
1012.3,2026-08-04T22:53:59.652863+00:00,51.687,50.5,51.687,50.937,0,306,1020,,5391,479,2755,1462,0.2,729
1013.3,2026-08-04T22:54:00.658806+00:00,51.406,50.718,51.406,50.937,0,306,1020,,5391,479,2755,1462,0.2,729
1014.3,2026-08-04T22:54:01.664464+00:00,51.468,50.468,51.468,51,0,306,1020,,5400,479,2755,1462,0.0,729
1015.3,2026-08-04T22:54:02.671029+00:00,51.5,50.625,51.5,51.062,0,306,1020,,5400,479,2755,1462,0.0,729
1016.3,2026-08-04T22:54:03.677168+00:00,51.437,50.593,51.437,50.875,0,306,1020,,5471,519,2795,1462,0.2,729
1017.3,2026-08-04T22:54:04.683255+00:00,51.75,50.5,51.75,50.968,0,306,1020,,5391,479,2755,1462,0.2,729
1018.3,2026-08-04T22:54:05.688871+00:00,51.718,50.718,51.718,50.968,0,306,1020,,5391,479,2755,1462,0.3,729
1019.3,2026-08-04T22:54:06.694970+00:00,51.75,50.406,51.75,51.062,0,306,1020,,5391,479,2755,1462,0.0,729
1020.3,2026-08-04T22:54:07.700975+00:00,51.781,50.531,51.781,51.062,0,306,1020,,5391,479,2755,1462,0.2,729
1021.3,2026-08-04T22:54:08.707235+00:00,51.406,50.625,51.406,50.937,0,306,1020,,5391,479,2755,1462,0.3,729
1022.3,2026-08-04T22:54:09.712913+00:00,51.468,50.468,51.468,50.875,0,306,1020,,5391,479,2755,1462,0.2,729
1023.3,2026-08-04T22:54:10.718633+00:00,51.562,50.687,51.562,50.968,0,306,1020,,5630,559,2875,1462,0.0,1728
1024.3,2026-08-04T22:54:11.724370+00:00,51.531,50.468,51.531,50.968,0,306,1020,,5431,519,2795,1462,0.3,729
1025.4,2026-08-04T22:54:12.729958+00:00,51.468,50.468,51.468,50.968,0,306,1020,,5391,479,2755,1462,0.2,729
1026.4,2026-08-04T22:54:13.735481+00:00,51.406,50.656,51.406,50.968,0,306,1020,,5391,479,2755,1462,0.2,729
1027.4,2026-08-04T22:54:14.742329+00:00,51.25,50.437,51.25,50.968,0,306,1020,,5391,519,2755,1462,0.3,729
1028.4,2026-08-04T22:54:15.747703+00:00,51.281,50.375,51.281,50.968,0,306,1020,,5391,479,2755,1462,0.2,729
1029.4,2026-08-04T22:54:16.753733+00:00,51.343,50.531,51.343,51.031,0,306,1020,,5391,479,2755,1462,0.0,729
1030.4,2026-08-04T22:54:17.759648+00:00,51.281,50.468,51.281,50.937,0,306,1020,,5391,519,2755,1462,0.2,729
1031.4,2026-08-04T22:54:18.765642+00:00,51.562,50.656,51.562,50.968,0,306,1020,,5431,479,2795,1462,0.2,729
1032.4,2026-08-04T22:54:19.771234+00:00,51.562,50.437,51.562,50.937,0,306,1020,,5391,479,2795,1462,0.0,729
1033.4,2026-08-04T22:54:20.777039+00:00,51.531,50.437,51.531,50.968,0,306,1020,,5391,479,2795,1462,0.7,729
1034.4,2026-08-04T22:54:21.782744+00:00,51.625,50.531,51.625,51.093,0,306,1020,,5391,479,2795,1462,0.2,729
1035.4,2026-08-04T22:54:22.788858+00:00,51.593,50.437,51.593,50.875,0,306,1020,,5391,479,2795,1462,0.0,729
1036.4,2026-08-04T22:54:23.795117+00:00,51.468,50.625,51.468,50.968,0,306,1020,,5391,479,2795,1462,0.0,729
1037.4,2026-08-04T22:54:24.801383+00:00,51.406,50.468,51.406,50.937,0,306,1020,,5391,479,2795,1462,0.3,729
1038.4,2026-08-04T22:54:25.807622+00:00,51.375,50.5,51.375,51.125,0,306,1020,,5670,559,2875,1462,0.0,729
1039.4,2026-08-04T22:54:26.813509+00:00,51.468,50.562,51.468,50.937,0,306,1020,,5431,519,2795,1462,0.0,729
1040.4,2026-08-04T22:54:27.819129+00:00,51.687,50.875,51.687,50.937,0,306,1020,,5431,519,2795,1462,0.5,729
1041.4,2026-08-04T22:54:28.824750+00:00,51.718,50.562,51.718,51,0,306,1020,,5391,479,2795,1462,0.0,729
1042.5,2026-08-04T22:54:29.831419+00:00,51.75,50.468,51.75,50.968,0,306,1020,,5391,479,2795,1462,0.2,729
1043.5,2026-08-04T22:54:30.837141+00:00,51.781,50.468,51.781,51,0,306,1020,,5391,479,2795,1462,0.2,729
1044.5,2026-08-04T22:54:31.843477+00:00,51.406,50.531,51.406,50.968,0,306,1020,,5391,479,2795,1462,0.0,729
1045.5,2026-08-04T22:54:32.849382+00:00,51.437,50.843,51.437,50.968,0,306,1020,,5391,479,2795,1462,0.5,729
1046.5,2026-08-04T22:54:33.855555+00:00,51.5,50.406,51.5,50.968,0,306,1020,,5440,479,2795,1462,0.2,729
1047.5,2026-08-04T22:54:34.861501+00:00,51.406,50.5,51.406,50.968,0,306,1020,,5391,479,2795,1462,0.2,729
1048.5,2026-08-04T22:54:35.867396+00:00,51.468,50.718,51.468,50.968,0,306,1020,,5391,479,2755,1462,0.2,729
1049.5,2026-08-04T22:54:36.873059+00:00,51.281,50.593,51.281,50.968,0,306,1020,,5391,479,2795,1462,0.0,729
1050.5,2026-08-04T22:54:37.879705+00:00,51.312,50.75,51.312,51,0,306,1020,,5391,479,2795,1462,0.2,729
1051.5,2026-08-04T22:54:38.885627+00:00,51.375,50.437,51.375,50.968,0,306,1020,,5391,479,2755,1462,0.3,729
1052.5,2026-08-04T22:54:39.891883+00:00,51.312,50.468,51.5,51.093,0,306,1020,,5391,479,2755,1462,0.2,729
1053.5,2026-08-04T22:54:40.898212+00:00,51.562,50.656,51.562,50.968,0,306,1020,,5431,479,2795,1462,0.3,729
1054.5,2026-08-04T22:54:41.904084+00:00,51.468,50.468,51.468,51,0,306,1020,,5391,519,2795,1462,0.2,729
1055.5,2026-08-04T22:54:42.910557+00:00,51.593,50.5,51.593,51.062,0,306,1020,,5391,519,2755,1462,0.2,729
1056.5,2026-08-04T22:54:43.916591+00:00,51.375,50.593,51.375,51.062,0,306,1020,,5391,479,2755,1462,0.0,729
1057.5,2026-08-04T22:54:44.922416+00:00,51.406,50.531,51.406,50.875,0,306,1020,,5391,479,2795,1462,0.2,729
1058.6,2026-08-04T22:54:45.927902+00:00,51.312,50.562,51.312,50.968,0,306,1020,,5440,519,2795,1462,0.0,729
1059.6,2026-08-04T22:54:46.934465+00:00,51.406,50.437,51.406,50.906,0,306,1020,,5431,519,2755,1462,0.2,729
1060.6,2026-08-04T22:54:47.940656+00:00,51.562,50.5,51.562,50.968,0,306,1020,,5431,519,2755,1462,0.0,729
1061.6,2026-08-04T22:54:48.946679+00:00,51.593,50.531,51.593,50.906,0,306,1020,,5431,519,2795,1462,0.3,729
1062.6,2026-08-04T22:54:49.956081+00:00,51.625,50.843,51.625,50.906,0,306,1020,,5431,519,2755,1462,0.0,729
1063.6,2026-08-04T22:54:50.959193+00:00,51.687,50.531,51.687,51.031,0,306,1020,,5440,519,2755,1462,0.3,729
1064.6,2026-08-04T22:54:51.964753+00:00,51.375,50.343,51.375,50.968,0,306,1020,,5391,479,2755,1462,0.3,729
1065.6,2026-08-04T22:54:52.971227+00:00,51.468,50.468,51.468,51.062,0,306,1020,,5400,479,2755,1462,0.0,729
1066.6,2026-08-04T22:54:53.977472+00:00,51.375,50.562,51.375,50.906,0,306,1020,,5400,519,2755,1462,0.3,729
1067.6,2026-08-04T22:54:54.983602+00:00,51.375,50.843,51.375,50.968,0,306,1020,,5391,519,2755,1462,0.2,729
1068.6,2026-08-04T22:54:55.989193+00:00,51.718,50.5,51.718,50.968,0,306,1020,,5471,519,2795,1462,0.5,729
1069.6,2026-08-04T22:54:56.995299+00:00,51.687,50.468,51.687,51.031,0,306,1020,,5440,519,2795,1462,0.2,729
1070.6,2026-08-04T22:54:58.001258+00:00,51.75,50.718,51.75,50.906,0,306,1020,,5391,479,2755,1462,0.0,729
1071.6,2026-08-04T22:54:59.007806+00:00,51.812,50.593,51.812,50.968,0,306,1020,,5391,479,2755,1462,0.0,729
1072.6,2026-08-04T22:55:00.013767+00:00,51.468,50.75,51.468,50.968,0,306,1020,,5400,479,2755,1462,0.3,729
1073.6,2026-08-04T22:55:01.019484+00:00,51.375,50.406,51.375,50.968,0,306,1020,,5400,479,2755,1462,0.3,729
1074.7,2026-08-04T22:55:02.025418+00:00,51.375,50.5,51.375,50.875,0,306,1020,,5391,479,2755,1462,0.2,729
1075.7,2026-08-04T22:55:03.031407+00:00,51.406,50.75,51.406,50.875,0,306,1020,,5391,519,2755,1462,0.2,729
1076.7,2026-08-04T22:55:04.036918+00:00,51.375,50.5,51.375,50.968,0,306,1020,,5391,519,2795,1462,0.2,729
1077.7,2026-08-04T22:55:05.045234+00:00,51.25,50.75,51.25,50.906,0,306,1020,,5391,479,2795,1462,0.3,729
1078.7,2026-08-04T22:55:06.048832+00:00,51.343,50.406,51.343,51.031,0,306,1020,,5391,519,2755,1462,0.2,729
1079.7,2026-08-04T22:55:07.055031+00:00,51.312,50.531,51.312,51.062,0,306,1020,,5391,519,2755,1462,0.2,729
1080.7,2026-08-04T22:55:08.060639+00:00,51.312,50.656,51.312,50.843,0,306,1020,,5391,479,2755,1462,0.2,729
1081.7,2026-08-04T22:55:09.066955+00:00,51.562,50.437,51.562,51.031,0,306,1020,,5391,519,2755,1462,0.2,729
1082.7,2026-08-04T22:55:10.073187+00:00,51.531,50.468,51.531,50.968,0,306,1020,,5391,479,2755,1462,0.0,729
1083.7,2026-08-04T22:55:11.079308+00:00,51.562,50.562,51.562,50.875,0,306,1020,,5431,519,2795,1462,0.0,729
1084.7,2026-08-04T22:55:12.085131+00:00,51.531,50.468,51.531,50.937,0,306,1020,,5391,479,2755,1462,0.2,729
1085.7,2026-08-04T22:55:13.091303+00:00,51.343,50.656,51.343,50.906,0,306,1020,,5391,479,2755,1462,0.0,729
1086.7,2026-08-04T22:55:14.097219+00:00,51.343,50.468,51.343,50.875,0,306,1020,,5391,479,2755,1462,0.0,729
1087.7,2026-08-04T22:55:15.103722+00:00,51.375,50.468,51.375,51.031,0,306,1020,,5391,479,2755,1462,0.0,729
1088.7,2026-08-04T22:55:16.109717+00:00,51.343,50.531,51.343,50.906,0,306,1020,,5391,519,2755,1462,0.2,729
1089.7,2026-08-04T22:55:17.115945+00:00,51.593,50.437,51.593,50.906,0,306,1020,,5391,479,2755,1462,0.0,729
1090.7,2026-08-04T22:55:18.122111+00:00,51.687,50.718,51.687,50.968,0,306,1020,,5431,519,2795,1462,0.2,1728
1091.8,2026-08-04T22:55:19.127925+00:00,51.625,50.343,51.625,50.968,0,306,1020,,5391,479,2795,1462,0.2,729
1092.8,2026-08-04T22:55:20.137123+00:00,51.656,50.468,51.656,50.906,0,306,1020,,5391,519,2755,1462,0.3,729
1093.8,2026-08-04T22:55:21.140246+00:00,51.406,50.656,51.406,50.906,0,306,1020,,5391,479,2755,1462,0.0,729
1094.8,2026-08-04T22:55:22.146444+00:00,51.437,50.812,51.437,50.937,0,306,1020,,5391,479,2755,1462,0.0,729
1095.8,2026-08-04T22:55:23.152746+00:00,51.343,50.406,51.343,51,0,306,1020,,5391,479,2755,1462,0.2,729
1096.8,2026-08-04T22:55:24.159071+00:00,51.75,50.5,51.75,50.968,0,306,1020,,5391,479,2755,1462,0.0,729
1097.8,2026-08-04T22:55:25.165318+00:00,51.687,50.75,51.687,50.906,0,306,1020,,5391,479,2795,1462,0.0,729
1098.8,2026-08-04T22:55:26.170985+00:00,51.75,50.531,51.75,50.906,0,306,1020,,5511,519,2835,1462,0.0,729
1099.8,2026-08-04T22:55:27.177261+00:00,51.25,50.781,51.25,50.906,0,306,1020,,5431,479,2795,1462,0.3,729
1100.8,2026-08-04T22:55:28.183583+00:00,51.468,50.437,51.468,51,0,306,1020,,5391,479,2755,1462,0.3,729
1101.8,2026-08-04T22:55:29.189586+00:00,51.437,50.468,51.437,50.906,0,306,1020,,5431,519,2755,1462,0.0,729
1102.8,2026-08-04T22:55:30.195578+00:00,51.562,50.75,51.562,50.843,0,306,1020,,5440,519,2755,1462,0.0,729
1103.8,2026-08-04T22:55:31.201662+00:00,51.562,50.468,51.375,50.968,0,306,1020,,5431,519,2755,1462,0.2,729
1104.8,2026-08-04T22:55:32.207580+00:00,51.25,50.468,51.25,50.968,0,306,1020,,5431,519,2755,1462,0.3,729
1105.8,2026-08-04T22:55:33.214160+00:00,51.312,50.687,51.312,50.906,0,306,1020,,5471,519,2795,1462,0.3,729
1106.8,2026-08-04T22:55:34.220235+00:00,51.218,50.468,51.218,50.968,0,306,1020,,5431,519,2755,1462,0.0,729
1107.9,2026-08-04T22:55:35.226091+00:00,51.5,50.656,51.5,50.968,0,306,1020,,5440,519,2755,1462,0.0,729
1108.9,2026-08-04T22:55:36.232287+00:00,51.593,50.468,51.593,50.968,0,306,1020,,5400,519,2755,1462,0.0,729
1109.9,2026-08-04T22:55:37.238175+00:00,51.593,50.468,51.593,50.968,0,306,1020,,5400,519,2755,1462,0.0,729
1110.9,2026-08-04T22:55:38.244159+00:00,51.562,50.562,51.562,50.843,0,306,1020,,5400,519,2755,1462,0.0,729
1111.9,2026-08-04T22:55:39.250447+00:00,51.562,50.375,51.375,50.968,0,306,1020,,5400,519,2755,1462,0.0,729
1112.9,2026-08-04T22:55:40.256232+00:00,51.281,50.593,51.281,50.968,0,306,1020,,5391,519,2755,1462,0.2,729
1113.9,2026-08-04T22:55:41.262343+00:00,51.437,50.468,51.437,51.031,0,306,1020,,5551,559,2835,1462,0.0,729
1114.9,2026-08-04T22:55:42.268496+00:00,51.375,50.468,51.375,50.937,0,306,1020,,5440,519,2795,1462,0.0,729
1115.9,2026-08-04T22:55:43.274663+00:00,51.656,50.593,51.656,50.875,0,306,1020,,5391,519,2755,1462,0.2,729
1116.9,2026-08-04T22:55:44.280850+00:00,51.718,50.437,51.718,51,0,306,1020,,5440,519,2755,1462,0.3,729
1117.9,2026-08-04T22:55:45.287061+00:00,51.656,50.468,51.656,50.937,0,306,1020,,5431,519,2755,1462,0.0,729
1118.9,2026-08-04T22:55:46.293033+00:00,51.687,50.5,51.687,50.968,0,306,1020,,5391,519,2755,1462,0.0,729
1119.9,2026-08-04T22:55:47.298929+00:00,51.437,50.75,51.437,50.968,0,306,1020,,5440,519,2795,1462,0.0,729
1120.9,2026-08-04T22:55:48.304765+00:00,51.468,50.562,51.468,50.875,0,306,1020,,5431,519,2795,1462,0.2,729
1121.9,2026-08-04T22:55:49.310785+00:00,51.406,50.312,51.406,50.968,0,306,1020,,5391,519,2795,1462,0.0,729
1122.9,2026-08-04T22:55:50.317169+00:00,51.343,50.406,51.343,50.968,0,306,1020,,5391,479,2755,1462,0.0,729
1123.9,2026-08-04T22:55:51.323287+00:00,51.468,50.531,51.75,50.968,0,306,1020,,5391,479,2755,1462,0.2,729
1125.0,2026-08-04T22:55:52.328797+00:00,51.75,50.687,51.75,50.937,0,306,1020,,5391,479,2755,1462,0.3,729
1126.0,2026-08-04T22:55:53.334686+00:00,51.812,50.5,51.812,50.937,0,306,1020,,5391,479,2755,1462,0.0,729
1127.0,2026-08-04T22:55:54.340387+00:00,51.406,50.375,51.406,50.968,0,306,1020,,5391,479,2755,1462,0.0,729
1128.0,2026-08-04T22:55:55.346200+00:00,51.312,50.437,51.312,51.031,0,306,1020,,5391,479,2755,1462,0.0,729
1129.0,2026-08-04T22:55:56.351755+00:00,51.406,50.5,51.406,50.875,0,306,1020,,5551,519,2835,1462,0.3,729
1130.0,2026-08-04T22:55:57.357178+00:00,51.343,50.718,51.343,51,0,306,1020,,5431,519,2795,1462,0.2,729
1131.0,2026-08-04T22:55:58.362651+00:00,51.562,50.562,51.562,50.968,0,306,1020,,5391,519,2755,1462,0.0,729
1132.0,2026-08-04T22:55:59.368732+00:00,51.531,50.875,51.531,50.968,0,306,1020,,5391,519,2755,1462,0.0,729
1133.0,2026-08-04T22:56:00.374487+00:00,51.5,50.468,51.5,51,0,306,1020,,5391,519,2755,1462,0.3,729
1134.0,2026-08-04T22:56:01.380517+00:00,51.562,50.531,51.562,50.843,0,306,1020,,5400,479,2755,1462,0.0,729
1135.0,2026-08-04T22:56:02.386282+00:00,51.562,50.718,51.562,50.937,0,306,1020,,5400,519,2755,1462,0.2,729
1136.0,2026-08-04T22:56:03.392469+00:00,51.406,50.468,51.406,50.937,0,306,1020,,5431,519,2795,1462,0.2,729
1137.0,2026-08-04T22:56:04.398376+00:00,51.437,50.531,51.437,50.968,0,306,1020,,5400,519,2755,1462,0.0,729
1138.0,2026-08-04T22:56:05.403746+00:00,51.343,50.562,51.343,50.968,0,306,1020,,5391,479,2755,1462,0.2,729
1139.0,2026-08-04T22:56:06.409959+00:00,51.312,50.531,51.312,50.968,0,306,1020,,5391,479,2755,1462,0.3,729
1140.0,2026-08-04T22:56:07.416307+00:00,51.625,50.687,51.625,51,0,306,1020,,5391,519,2755,1462,0.0,729
1141.0,2026-08-04T22:56:08.422242+00:00,51.625,50.437,51.625,50.968,0,306,1020,,5391,519,2755,1462,0.0,729
1142.1,2026-08-04T22:56:09.428258+00:00,51.656,50.5,51.656,51,0,306,1020,,5391,519,2755,1462,0.0,729
1143.1,2026-08-04T22:56:10.434303+00:00,51.625,50.625,51.625,50.968,0,306,1020,,5391,519,2755,1462,0.0,729
1144.1,2026-08-04T22:56:11.440715+00:00,51.406,50.406,51.406,50.906,0,306,1020,,5440,519,2755,1462,0.2,729
1145.1,2026-08-04T22:56:12.446698+00:00,51.375,50.656,51.375,50.906,0,306,1020,,5391,519,2755,1462,0.0,729
1146.1,2026-08-04T22:56:13.452564+00:00,51.343,50.375,51.343,51,0,306,1020,,5391,519,2755,1462,0.0,729
1147.1,2026-08-04T22:56:14.458346+00:00,51.312,50.437,51.312,50.906,0,306,1020,,5391,519,2755,1462,0.0,729
1148.1,2026-08-04T22:56:15.464984+00:00,51.406,50.625,51.781,50.937,0,306,1020,,5431,519,2755,1462,0.8,729
1149.1,2026-08-04T22:56:16.470475+00:00,51.75,50.468,51.75,50.968,0,306,1020,,5391,519,2755,1462,0.2,729
1150.1,2026-08-04T22:56:17.476236+00:00,51.781,50.562,51.781,50.968,0,306,1020,,5391,519,2755,1462,0.2,729
1151.1,2026-08-04T22:56:18.482455+00:00,51.875,50.468,51.875,51.031,0,306,1020,,5600,559,2835,1462,0.2,729
1152.1,2026-08-04T22:56:19.488783+00:00,51.218,50.468,51.5,50.937,0,306,1020,,5431,519,2795,1462,0.0,729
1153.1,2026-08-04T22:56:20.494743+00:00,51.375,50.562,51.375,50.906,0,306,1020,,5400,519,2755,1462,0.3,729
1154.1,2026-08-04T22:56:21.500870+00:00,51.437,50.437,51.437,50.968,0,306,1020,,5391,519,2755,1462,0.3,729
1155.1,2026-08-04T22:56:22.507325+00:00,51.437,50.468,51.437,50.968,0,306,1020,,5391,519,2755,1462,0.2,729
1156.1,2026-08-04T22:56:23.513082+00:00,51.25,50.468,51.25,50.906,0,306,1020,,5391,519,2755,1462,0.0,729
1157.1,2026-08-04T22:56:24.518920+00:00,51.312,50.781,51.312,50.906,0,306,1020,,5391,519,2755,1462,0.3,729
1158.1,2026-08-04T22:56:25.524761+00:00,51.406,50.437,51.406,50.968,0,306,1020,,5391,519,2755,1462,0.0,729
1159.2,2026-08-04T22:56:26.530844+00:00,51.312,50.406,51.312,50.937,0,306,1020,,5431,519,2755,1462,0.0,729
1160.2,2026-08-04T22:56:27.536877+00:00,51.343,50.406,51.343,51,0,306,1020,,5391,519,2755,1462,0.3,729
1161.2,2026-08-04T22:56:28.542988+00:00,51.593,50.5,51.593,50.843,0,306,1020,,5391,479,2755,1462,0.0,729
1162.2,2026-08-04T22:56:29.549086+00:00,51.562,50.75,51.562,50.906,0,306,1020,,5391,519,2755,1462,0.2,729
1163.2,2026-08-04T22:56:30.555384+00:00,51.593,50.437,51.593,50.968,0,306,1020,,5391,519,2755,1462,0.0,729
1164.2,2026-08-04T22:56:31.560950+00:00,51.593,50.375,51.593,50.968,0,306,1020,,5391,479,2755,1462,0.2,729
1165.2,2026-08-04T22:56:32.567024+00:00,51.312,50.625,51.312,50.906,0,306,1020,,5391,519,2755,1462,0.2,729
1166.2,2026-08-04T22:56:33.572579+00:00,51.375,50.468,51.375,50.968,0,306,1020,,5431,519,2795,1462,0.0,729
1167.2,2026-08-04T22:56:34.578136+00:00,51.375,50.625,51.375,50.968,0,306,1020,,5391,519,2755,1462,0.0,729
1168.2,2026-08-04T22:56:35.583817+00:00,51.375,50.468,51.375,50.906,0,306,1020,,5400,519,2755,1462,0.2,729
1169.2,2026-08-04T22:56:36.589424+00:00,51.375,50.468,51.375,50.843,0,306,1020,,5391,519,2755,1462,0.2,729
1170.2,2026-08-04T22:56:37.595083+00:00,51.375,50.593,51.375,50.875,0,306,1020,,5391,519,2755,1462,0.2,729
1171.2,2026-08-04T22:56:38.600889+00:00,51.687,50.5,51.687,50.968,0,306,1020,,5431,519,2755,1462,0.3,729
1172.2,2026-08-04T22:56:39.606729+00:00,51.75,50.656,51.75,50.937,0,306,1020,,5431,519,2755,1462,0.3,729
1173.2,2026-08-04T22:56:40.612263+00:00,51.656,50.5,51.656,50.968,0,306,1020,,5431,519,2795,1462,0.0,1728
1174.2,2026-08-04T22:56:41.617878+00:00,51.75,50.468,51.75,51.031,0,306,1020,,5520,519,2835,1462,0.2,729
1175.2,2026-08-04T22:56:42.623590+00:00,51.718,50.562,51.718,50.843,0,306,1020,,5431,519,2795,1462,0.2,729
1176.3,2026-08-04T22:56:43.629225+00:00,51.281,50.468,51.281,50.968,0,306,1020,,5431,519,2755,1462,0.3,729
1177.3,2026-08-04T22:56:44.634876+00:00,51.312,50.656,51.312,50.937,0,306,1020,,5431,519,2755,1462,0.2,729
1178.3,2026-08-04T22:56:45.640959+00:00,51.5,50.437,51.5,51.093,0,306,1020,,5431,519,2755,1462,0.0,729
1179.3,2026-08-04T22:56:46.646727+00:00,51.531,50.468,51.531,51,0,306,1020,,5391,519,2755,1462,0.2,729
1180.3,2026-08-04T22:56:47.652669+00:00,51.5,50.531,51.5,50.906,0,306,1020,,5391,479,2755,1462,0.2,729
1181.3,2026-08-04T22:56:48.658408+00:00,51.531,50.5,51.531,50.875,0,306,1020,,5431,519,2795,1462,0.2,729
1182.3,2026-08-04T22:56:49.664006+00:00,51.468,50.625,51.468,50.937,0,306,1020,,5391,519,2755,1462,0.2,729
1183.3,2026-08-04T22:56:50.670245+00:00,51.343,50.343,51.343,50.906,0,306,1020,,5391,479,2755,1462,0.0,729
1184.3,2026-08-04T22:56:51.675893+00:00,51.375,50.5,51.375,51.062,0,306,1020,,5391,479,2755,1462,0.2,729
1185.3,2026-08-04T22:56:52.682012+00:00,51.312,50.562,51.312,50.875,0,306,1020,,5391,479,2755,1462,0.0,729
1186.3,2026-08-04T22:56:53.688339+00:00,51.312,50.437,51.312,50.906,0,306,1020,,5391,519,2755,1462,0.0,729
1187.3,2026-08-04T22:56:54.693975+00:00,51.531,50.625,51.531,51.031,0,306,1020,,5391,519,2755,1462,0.3,729
1188.3,2026-08-04T22:56:55.700428+00:00,51.562,50.406,51.562,50.968,0,306,1020,,5431,519,2795,1462,0.0,729
1189.3,2026-08-04T22:56:56.706151+00:00,51.593,50.437,51.593,50.906,0,306,1020,,5391,519,2755,1462,0.2,729
1190.3,2026-08-04T22:56:57.712182+00:00,51.562,50.531,51.562,50.968,0,306,1020,,5391,479,2755,1462,0.2,729
1191.3,2026-08-04T22:56:58.718278+00:00,51.312,50.437,51.312,50.906,0,306,1020,,5391,479,2755,1462,0.0,729
1192.3,2026-08-04T22:56:59.724134+00:00,51.343,50.468,51.343,51.062,0,306,1020,,5400,519,2755,1462,0.2,729
1193.4,2026-08-04T22:57:00.730362+00:00,51.375,50.468,51.375,50.968,0,306,1020,,5391,479,2755,1462,0.3,729
1194.4,2026-08-04T22:57:01.736814+00:00,51.312,50.375,51.312,50.937,0,306,1020,,5391,479,2755,1462,0.0,729
1195.4,2026-08-04T22:57:02.742729+00:00,51.375,50.5,51.656,50.968,0,306,1020,,5391,519,2755,1462,0.2,729
1196.4,2026-08-04T22:57:03.748614+00:00,51.718,50.812,51.718,50.968,0,306,1020,,5670,599,2875,1462,0.2,729
1197.4,2026-08-04T22:57:04.754389+00:00,51.687,50.406,51.687,51,0,306,1020,,5431,519,2795,1462,0.0,729
1198.4,2026-08-04T22:57:05.760131+00:00,51.75,50.5,51.75,50.843,0,306,1020,,5391,519,2755,1462,0.0,729
1199.4,2026-08-04T22:57:06.765689+00:00,51.718,50.593,51.718,50.937,0,306,1020,,5400,519,2755,1462,0.3,729
1200.4,2026-08-04T22:57:07.771335+00:00,51.781,50.5,51.781,50.875,0,306,1020,,5391,519,2755,1462,0.0,729
1201.4,2026-08-04T22:57:08.777390+00:00,51.406,50.718,51.406,50.875,0,306,1020,,5391,479,2795,1462,0.2,729
1202.4,2026-08-04T22:57:09.782666+00:00,51.406,50.375,51.406,51,0,306,1020,,5391,519,2795,1462,0.3,729
1203.4,2026-08-04T22:57:10.788735+00:00,51.406,50.468,51.406,50.812,0,306,1020,,5431,519,2795,1462,0.2,729
1204.4,2026-08-04T22:57:11.794405+00:00,51.468,50.562,51.468,50.843,0,306,1020,,5391,479,2795,1462,0.5,729
1205.4,2026-08-04T22:57:12.800052+00:00,51.437,50.468,51.437,50.906,0,306,1020,,5391,519,2795,1462,0.0,729
1206.4,2026-08-04T22:57:13.805790+00:00,51.437,50.75,51.437,50.968,0,306,1020,,5391,519,2755,1462,0.2,729
1207.4,2026-08-04T22:57:14.811325+00:00,51.312,50.406,51.312,50.937,0,306,1020,,5400,479,2795,1462,0.0,729
1208.4,2026-08-04T22:57:15.817153+00:00,51.218,50.468,51.218,50.937,0,306,1020,,5431,519,2755,1462,0.3,729
1209.4,2026-08-04T22:57:16.822874+00:00,51.281,50.625,51.281,50.875,0,306,1020,,5431,519,2755,1462,0.0,729
1210.5,2026-08-04T22:57:17.828650+00:00,51.312,50.468,51.312,50.906,0,306,1020,,5431,519,2755,1462,0.0,729
1211.5,2026-08-04T22:57:18.834189+00:00,51.312,50.75,51.312,50.875,0,306,1020,,5431,519,2795,1462,0.0,729
1212.5,2026-08-04T22:57:19.840019+00:00,51.312,50.406,51.312,50.937,0,306,1020,,5431,519,2795,1462,0.3,729
1213.5,2026-08-04T22:57:20.845936+00:00,51.593,50.531,51.593,51.031,0,306,1020,,5391,519,2795,1462,0.0,729
1214.5,2026-08-04T22:57:21.851820+00:00,51.593,50.687,51.593,50.906,0,306,1020,,5391,479,2795,1462,0.2,729
1215.5,2026-08-04T22:57:22.857277+00:00,51.562,50.406,51.562,50.968,0,306,1020,,5400,479,2755,1462,0.0,729
1216.5,2026-08-04T22:57:23.862893+00:00,51.593,50.656,51.593,50.937,0,306,1020,,5400,479,2755,1462,0.2,729
1217.5,2026-08-04T22:57:24.868777+00:00,51.593,50.468,51.593,50.968,0,306,1020,,5391,479,2755,1462,0.2,729
1218.5,2026-08-04T22:57:25.875278+00:00,51.437,50.468,51.437,51.125,0,306,1020,,5471,519,2795,1462,0.0,729
1219.5,2026-08-04T22:57:26.880770+00:00,51.406,50.625,51.406,50.937,0,306,1020,,5440,519,2795,1462,0.2,729
1220.5,2026-08-04T22:57:27.887008+00:00,51.437,50.468,51.437,50.843,0,306,1020,,5391,519,2755,1462,0.2,729
1221.5,2026-08-04T22:57:28.892795+00:00,51.406,50.531,51.406,50.968,0,306,1020,,5391,519,2755,1462,0.0,729
1222.5,2026-08-04T22:57:29.898628+00:00,51.375,50.375,51.375,51,0,306,1020,,5431,519,2755,1462,0.2,729
1223.5,2026-08-04T22:57:30.904516+00:00,51.687,50.5,51.687,50.875,0,306,1020,,5431,519,2755,1462,0.0,729
1224.5,2026-08-04T22:57:31.910903+00:00,51.75,50.656,51.75,50.937,0,306,1020,,5431,519,2755,1462,0.0,729
1225.5,2026-08-04T22:57:32.916593+00:00,51.75,50.468,51.75,51,0,306,1020,,5391,519,2755,1462,0.0,729
1226.5,2026-08-04T22:57:33.922470+00:00,51.281,50.5,51.281,50.968,0,306,1020,,5431,519,2795,1462,0.0,729
1227.6,2026-08-04T22:57:34.928846+00:00,51.375,50.5,51.375,51.031,0,306,1020,,5391,479,2755,1462,0.2,729
1228.6,2026-08-04T22:57:35.934860+00:00,51.406,50.406,51.406,50.906,0,306,1020,,5431,519,2755,1462,0.2,729
1229.6,2026-08-04T22:57:36.941425+00:00,51.406,50.593,51.406,50.937,0,306,1020,,5431,519,2755,1462,0.3,729
1230.6,2026-08-04T22:57:37.947194+00:00,51.562,50.375,51.562,50.968,0,306,1020,,5391,519,2755,1462,0.0,729
1231.6,2026-08-04T22:57:38.953177+00:00,51.218,50.437,51.218,50.968,0,306,1020,,5391,519,2755,1462,0.3,729
1232.6,2026-08-04T22:57:39.959410+00:00,51.312,50.562,51.312,50.875,0,306,1020,,5431,519,2755,1462,0.3,729
1233.6,2026-08-04T22:57:40.965435+00:00,51.25,50.687,51.25,50.906,0,306,1020,,5431,519,2795,1462,0.2,729
1234.6,2026-08-04T22:57:41.971396+00:00,51.281,50.562,51.281,51,0,306,1020,,5431,519,2755,1462,0.0,729
1235.6,2026-08-04T22:57:42.977282+00:00,51.5,50.343,51.5,51.031,0,306,1020,,5431,519,2755,1462,0.2,729
1236.6,2026-08-04T22:57:43.983193+00:00,51.593,50.406,51.593,51.062,0,306,1020,,5391,479,2755,1462,0.0,729
1237.6,2026-08-04T22:57:44.988930+00:00,51.625,50.562,51.625,50.906,0,306,1020,,5391,519,2755,1462,0.2,729
1238.6,2026-08-04T22:57:45.994656+00:00,51.531,50.781,51.531,50.968,0,306,1020,,5391,479,2755,1462,0.0,729
1239.6,2026-08-04T22:57:47.000318+00:00,51.625,50.468,51.625,50.906,0,306,1020,,5391,479,2755,1462,0.0,729
1240.6,2026-08-04T22:57:48.006055+00:00,51.562,50.468,51.343,51,0,306,1020,,5391,479,2755,1462,0.5,729
1241.6,2026-08-04T22:57:49.011592+00:00,51.343,50.468,51.343,51.062,0,306,1020,,5391,479,2795,1462,0.0,729
1242.6,2026-08-04T22:57:50.017597+00:00,51.375,50.531,51.375,50.875,0,306,1020,,5391,479,2755,1462,0.0,729
1243.6,2026-08-04T22:57:51.023625+00:00,51.343,50.625,51.343,50.937,0,306,1020,,5391,519,2755,1462,0.2,729
1244.7,2026-08-04T22:57:52.029682+00:00,51.343,50.406,51.343,50.968,0,306,1020,,5391,519,2755,1462,0.2,729
1245.7,2026-08-04T22:57:53.035511+00:00,51.718,50.468,51.718,51.093,0,306,1020,,5400,519,2755,1462,0.0,729
1246.7,2026-08-04T22:57:54.041897+00:00,51.687,50.562,51.687,50.906,0,306,1020,,5391,479,2755,1462,0.2,729
1247.7,2026-08-04T22:57:55.048249+00:00,51.656,50.406,51.656,50.875,0,306,1020,,5391,479,2755,1462,0.0,729
1248.7,2026-08-04T22:57:56.054510+00:00,51.687,50.718,51.375,50.968,0,306,1020,,5391,479,2795,1462,0.0,729
1249.7,2026-08-04T22:57:57.060705+00:00,51.406,50.406,51.406,51,0,306,1020,,5391,479,2755,1462,0.2,729
1250.7,2026-08-04T22:57:58.066816+00:00,51.406,50.468,51.406,50.875,0,306,1020,,5391,479,2755,1462,0.2,729
1251.7,2026-08-04T22:57:59.072848+00:00,51.375,50.625,51.375,50.906,0,306,1020,,5431,519,2795,1462,0.0,729
1252.7,2026-08-04T22:58:00.079018+00:00,51.312,50.375,51.312,50.968,0,306,1020,,5431,519,2755,1462,0.2,729
1253.7,2026-08-04T22:58:01.085993+00:00,51.218,50.468,51.218,51,0,306,1020,,5431,519,2755,1462,0.5,729
1254.7,2026-08-04T22:58:02.092019+00:00,51.187,50.531,51.187,51.093,0,306,1020,,5391,479,2755,1462,0.0,729
1255.7,2026-08-04T22:58:03.097856+00:00,51.25,50.437,51.25,50.906,0,306,1020,,5391,519,2755,1462,0.2,729
1256.7,2026-08-04T22:58:04.103651+00:00,51.562,50.562,51.562,50.906,0,306,1020,,5391,519,2755,1462,0.2,729
1257.7,2026-08-04T22:58:05.109546+00:00,51.437,50.375,51.437,51,0,306,1020,,5391,479,2755,1462,0.2,729
1258.7,2026-08-04T22:58:06.115835+00:00,51.531,50.437,51.531,51,0,306,1020,,5431,519,2755,1462,0.2,729
1259.7,2026-08-04T22:58:07.122020+00:00,51.531,50.562,51.531,50.937,0,306,1020,,5391,479,2755,1462,0.3,729
1260.8,2026-08-04T22:58:08.128194+00:00,51.375,50.718,51.375,50.875,0,306,1020,,5391,519,2795,1462,0.0,729
1261.8,2026-08-04T22:58:09.134154+00:00,51.25,50.593,51.25,50.843,0,306,1020,,5391,479,2755,1462,0.2,729
1262.8,2026-08-04T22:58:10.140358+00:00,51.375,50.437,51.375,50.968,0,306,1020,,5391,479,2795,1462,0.0,729
1263.8,2026-08-04T22:58:11.146376+00:00,51.375,50.437,51.375,50.906,0,306,1020,,5391,479,2795,1462,0.0,729
1264.8,2026-08-04T22:58:12.152408+00:00,51.562,50.468,51.562,50.875,0,306,1020,,5391,479,2755,1462,0.3,729
1265.8,2026-08-04T22:58:13.158508+00:00,51.562,50.812,51.562,50.968,0,306,1020,,5391,519,2755,1462,0.0,729
1266.8,2026-08-04T22:58:14.164430+00:00,51.562,50.375,51.562,50.968,0,306,1020,,5391,479,2755,1462,0.3,729
1267.8,2026-08-04T22:58:15.170212+00:00,51.593,50.531,51.593,50.875,0,306,1020,,5391,519,2755,1462,0.2,729
1268.8,2026-08-04T22:58:16.177112+00:00,51.343,50.625,51.343,50.875,0,306,1020,,5391,479,2755,1462,0.2,729
1269.8,2026-08-04T22:58:17.183330+00:00,51.281,50.468,51.281,51,0,306,1020,,5391,479,2755,1462,0.0,729
1270.8,2026-08-04T22:58:18.188705+00:00,51.437,50.812,51.437,50.968,0,306,1020,,5591,559,2835,1462,0.3,1728
1271.8,2026-08-04T22:58:19.194857+00:00,51.375,50.468,51.375,51.031,0,306,1020,,5431,519,2795,1462,0.2,729
1272.8,2026-08-04T22:58:20.200686+00:00,51.687,50.468,51.687,50.875,0,306,1020,,5391,519,2755,1462,0.2,729
1273.8,2026-08-04T22:58:21.206634+00:00,51.718,50.625,51.718,51,0,306,1020,,5391,519,2755,1462,0.0,729
1274.8,2026-08-04T22:58:22.212902+00:00,51.687,50.437,51.687,50.968,0,306,1020,,5391,518,2755,1462,0.0,729
1275.8,2026-08-04T22:58:23.219323+00:00,51.375,50.468,51.375,50.968,0,306,1020,,5391,519,2755,1462,0.3,729
1276.9,2026-08-04T22:58:24.225262+00:00,51.406,50.5,51.406,50.906,0,306,1020,,5391,519,2755,1462,0.0,729
1277.9,2026-08-04T22:58:25.231132+00:00,51.406,50.468,51.406,50.843,0,306,1020,,5400,519,2755,1462,0.2,729
1278.9,2026-08-04T22:58:26.237032+00:00,51.437,50.593,51.437,50.875,0,306,1020,,5431,519,2795,1462,0.2,729
1279.9,2026-08-04T22:58:27.243104+00:00,51.375,50.375,51.375,50.937,0,306,1020,,5391,519,2755,1462,0.0,729
1280.9,2026-08-04T22:58:28.249272+00:00,51.218,50.468,51.218,51.062,0,306,1020,,5391,519,2755,1462,0.2,729
1281.9,2026-08-04T22:58:29.255699+00:00,51.343,50.531,51.343,50.875,0,306,1020,,5391,519,2755,1462,0.2,729
1282.9,2026-08-04T22:58:30.261479+00:00,51.156,50.437,51.156,50.906,0,306,1020,,5391,519,2755,1462,0.2,729
1283.9,2026-08-04T22:58:31.267234+00:00,51.25,50.562,51.25,50.875,0,306,1020,,5391,479,2755,1462,0.0,729
1284.9,2026-08-04T22:58:32.273335+00:00,51.468,50.437,51.468,50.968,0,306,1020,,5391,479,2755,1462,0.2,729
1285.9,2026-08-04T22:58:33.279343+00:00,51.562,50.531,51.562,50.875,0,306,1020,,5750,599,2915,1462,0.2,1728
1286.9,2026-08-04T22:58:34.285947+00:00,51.468,50.531,51.468,50.812,0,306,1020,,5511,519,2835,1462,0.2,729
1287.9,2026-08-04T22:58:35.291977+00:00,51.25,50.343,51.25,50.937,0,306,1020,,5431,519,2795,1462,0.0,729
1288.9,2026-08-04T22:58:36.297844+00:00,51.406,50.437,51.406,50.968,0,306,1020,,5431,519,2755,1462,0.3,729
1289.9,2026-08-04T22:58:37.303990+00:00,51.218,50.5,51.218,51.062,0,306,1020,,5391,519,2755,1462,0.0,729
1290.9,2026-08-04T22:58:38.309756+00:00,51.281,50.687,51.281,50.968,0,306,1020,,5391,519,2755,1462,0.2,729
1291.9,2026-08-04T22:58:39.315985+00:00,51.281,50.531,51.281,50.937,0,306,1020,,5391,519,2755,1462,0.0,729
1292.9,2026-08-04T22:58:40.321578+00:00,51.593,50.375,51.593,50.968,0,306,1020,,5440,519,2755,1462,0.2,729
1294.0,2026-08-04T22:58:41.328018+00:00,51.593,50.468,51.593,50.937,0,306,1020,,5440,519,2795,1462,0.2,729
1295.0,2026-08-04T22:58:42.334328+00:00,51.625,50.5,51.625,50.875,0,306,1020,,5400,519,2755,1462,0.3,729
1296.0,2026-08-04T22:58:43.340523+00:00,51.312,50.687,51.312,50.968,0,306,1020,,5391,479,2755,1462,0.0,729
1297.0,2026-08-04T22:58:44.347214+00:00,51.375,50.437,51.375,50.968,0,306,1020,,5391,479,2755,1462,0.0,729
1298.0,2026-08-04T22:58:45.354002+00:00,51.375,50.5,51.375,51,0,306,1020,,5400,479,2755,1462,0.0,729
1299.0,2026-08-04T22:58:46.360233+00:00,51.687,50.5,51.687,50.906,0,306,1020,,5391,479,2755,1462,0.2,729
1300.0,2026-08-04T22:58:47.366159+00:00,51.625,50.406,51.625,50.968,0,306,1020,,5400,479,2755,1462,0.2,729
1301.0,2026-08-04T22:58:48.371970+00:00,51.75,50.593,51.75,50.968,0,306,1020,,5431,519,2795,1462,0.2,729
1302.0,2026-08-04T22:58:49.378080+00:00,51.75,50.437,51.75,50.968,0,306,1020,,5391,479,2755,1462,0.0,729
1303.0,2026-08-04T22:58:50.384152+00:00,51.406,50.468,51.406,50.968,0,306,1020,,5391,479,2755,1462,0.0,729
1304.0,2026-08-04T22:58:51.390369+00:00,51.437,50.625,51.437,50.968,0,306,1020,,5391,479,2755,1462,0.0,729
1305.0,2026-08-04T22:58:52.396615+00:00,51.437,50.468,51.437,50.968,0,306,1020,,5400,479,2755,1462,0.2,729
1306.0,2026-08-04T22:58:53.403040+00:00,51.812,50.437,51.812,50.968,0,306,1020,,5391,519,2755,1462,0.2,729
1307.0,2026-08-04T22:58:54.409146+00:00,51.312,50.5,51.312,51.062,0,306,1020,,5391,519,2755,1462,0.0,729
1308.0,2026-08-04T22:58:55.415173+00:00,51.218,50.437,51.218,50.937,0,306,1020,,5391,479,2755,1462,0.0,729
1309.0,2026-08-04T22:58:56.421427+00:00,51.312,50.531,51.312,50.906,0,306,1020,,5440,519,2795,1462,0.2,729
1310.1,2026-08-04T22:58:57.427796+00:00,51.5,50.343,51.5,50.937,0,306,1020,,5391,519,2755,1462,0.0,729
1311.1,2026-08-04T22:58:58.433823+00:00,51.5,50.531,51.5,51,0,306,1020,,5391,519,2755,1462,0.2,729
1312.1,2026-08-04T22:58:59.440098+00:00,51.562,50.5,51.562,50.906,0,306,1020,,5391,519,2755,1462,0.0,729
1313.1,2026-08-04T22:59:00.446245+00:00,51.468,50.656,51.375,50.906,0,306,1020,,5391,519,2755,1462,0.5,729
1314.1,2026-08-04T22:59:01.452699+00:00,51.375,50.437,51.375,50.968,0,306,1020,,5391,519,2755,1462,0.0,729
1315.1,2026-08-04T22:59:02.458927+00:00,51.218,50.468,51.218,50.906,0,306,1020,,5400,519,2755,1462,0.2,729
1316.1,2026-08-04T22:59:03.465273+00:00,51.25,50.531,51.25,50.843,0,306,1020,,5431,519,2795,1462,0.2,729
1317.1,2026-08-04T22:59:04.471512+00:00,51.5,50.468,51.5,50.937,0,306,1020,,5391,479,2755,1462,0.0,729
1318.1,2026-08-04T22:59:05.477720+00:00,51.468,50.656,51.468,50.937,0,306,1020,,5391,519,2755,1462,0.0,729
1319.1,2026-08-04T22:59:06.483911+00:00,51.625,50.406,51.625,50.968,0,306,1020,,5391,479,2755,1462,0.2,729
1320.1,2026-08-04T22:59:07.490081+00:00,51.343,50.468,51.343,51,0,306,1020,,5391,479,2755,1462,0.2,729
1321.1,2026-08-04T22:59:08.496192+00:00,51.312,50.562,51.312,50.875,0,306,1020,,5391,479,2755,1462,0.2,729
1322.1,2026-08-04T22:59:09.501791+00:00,51.375,50.343,51.375,50.937,0,306,1020,,5400,519,2755,1462,0.0,729
1323.1,2026-08-04T22:59:10.507772+00:00,51.312,50.687,51.312,50.968,0,306,1020,,5391,479,2755,1462,0.0,729
1324.1,2026-08-04T22:59:11.513485+00:00,51.312,50.375,51.312,50.968,0,306,1020,,5391,479,2755,1462,0.0,729
1325.1,2026-08-04T22:59:12.519033+00:00,51.312,50.375,51.687,50.843,0,306,1020,,5391,519,2755,1462,0.3,729
1326.1,2026-08-04T22:59:13.524452+00:00,51.687,50.593,51.687,50.812,0,306,1020,,5391,479,2755,1462,0.0,729
1327.2,2026-08-04T22:59:14.530482+00:00,51.687,50.375,51.687,50.937,0,306,1020,,5391,479,2755,1462,0.0,729
1328.2,2026-08-04T22:59:15.535984+00:00,51.687,50.562,51.687,50.812,0,306,1020,,5391,479,2755,1462,0.5,729
1329.2,2026-08-04T22:59:16.541797+00:00,51.718,50.437,51.718,50.968,0,306,1020,,5391,479,2755,1462,0.2,729
1330.2,2026-08-04T22:59:17.547504+00:00,51.718,50.437,51.718,50.875,0,306,1020,,5391,479,2755,1462,0.0,729
1331.2,2026-08-04T22:59:18.553243+00:00,51.25,50.562,51.437,50.906,0,306,1020,,5440,479,2795,1462,0.2,729
1332.2,2026-08-04T22:59:19.559334+00:00,51.375,50.375,51.375,50.937,0,306,1020,,5391,479,2755,1462,0.0,729
1333.2,2026-08-04T22:59:20.564967+00:00,51.375,50.531,51.375,50.968,0,306,1020,,5391,479,2755,1462,0.3,729
1334.2,2026-08-04T22:59:21.570814+00:00,51.468,50.375,51.468,50.968,0,306,1020,,5391,479,2755,1462,0.2,729
1335.2,2026-08-04T22:59:22.576551+00:00,51.406,50.468,51.406,50.875,0,306,1020,,5391,519,2755,1462,0.0,729
1336.2,2026-08-04T22:59:23.582117+00:00,51.468,50.562,51.468,50.875,0,306,1020,,5391,479,2755,1462,0.2,729
1337.2,2026-08-04T22:59:24.587837+00:00,51.312,50.343,51.312,50.843,0,306,1020,,5391,479,2755,1462,0.2,729
1338.2,2026-08-04T22:59:25.593811+00:00,51.312,50.625,51.312,50.875,0,306,1020,,5391,479,2755,1462,0.2,729
1339.2,2026-08-04T22:59:26.599283+00:00,51.281,50.468,51.281,51.031,0,306,1020,,5431,519,2795,1462,0.2,729
1340.2,2026-08-04T22:59:27.605056+00:00,51.375,50.406,51.375,50.906,0,306,1020,,5391,479,2755,1462,0.3,729
1341.2,2026-08-04T22:59:28.610872+00:00,51.375,50.531,51.375,50.906,0,306,1020,,5391,479,2755,1462,0.0,729
1342.2,2026-08-04T22:59:29.616276+00:00,51.25,50.375,51.25,50.968,0,306,1020,,5400,519,2755,1462,0.2,729
1343.2,2026-08-04T22:59:30.621956+00:00,51.312,50.625,51.312,50.968,0,306,1020,,5391,519,2755,1462,0.0,729
1344.3,2026-08-04T22:59:31.627396+00:00,51.562,50.437,51.562,50.968,0,306,1020,,5391,479,2755,1462,0.0,729
1345.3,2026-08-04T22:59:32.633432+00:00,51.562,50.343,51.562,50.906,0,306,1020,,5391,479,2755,1462,0.3,729
1346.3,2026-08-04T22:59:33.639082+00:00,51.593,50.531,51.593,50.906,0,306,1020,,5400,479,2795,1462,0.3,729
1347.3,2026-08-04T22:59:34.644801+00:00,51.656,50.375,51.656,50.843,0,306,1020,,5391,479,2755,1462,0.0,729
1348.3,2026-08-04T22:59:35.650369+00:00,51.593,50.531,51.593,50.906,0,306,1020,,5391,479,2755,1462,0.2,729
1349.3,2026-08-04T22:59:36.655682+00:00,51.625,50.375,51.625,51,0,306,1020,,5391,479,2755,1462,0.2,729
1350.3,2026-08-04T22:59:37.661429+00:00,51.687,50.437,51.343,50.781,0,306,1020,,5391,479,2755,1462,0.0,729
1351.3,2026-08-04T22:59:38.667006+00:00,51.406,50.5,51.406,50.875,0,306,1020,,5391,479,2755,1462,0.2,729
1352.3,2026-08-04T22:59:39.672742+00:00,51.437,50.375,51.437,50.906,0,306,1020,,5391,479,2755,1462,0.5,729
1353.3,2026-08-04T22:59:40.678723+00:00,51.281,50.562,51.281,50.968,0,306,1020,,5431,519,2795,1462,0.2,729
1354.3,2026-08-04T22:59:41.684112+00:00,51.312,50.437,51.312,50.937,0,306,1020,,5391,519,2755,1462,0.0,729
1355.3,2026-08-04T22:59:42.690099+00:00,51.375,50.375,51.375,50.937,0,306,1020,,5391,519,2755,1462,0.2,729
1356.3,2026-08-04T22:59:43.695726+00:00,51.406,50.531,51.406,50.906,0,306,1020,,5391,479,2755,1462,0.0,729
1357.3,2026-08-04T22:59:44.701306+00:00,51.312,50.343,51.312,50.968,0,306,1020,,5391,479,2755,1462,0.0,729
1358.3,2026-08-04T22:59:45.706898+00:00,51.281,50.406,51.281,50.937,0,306,1020,,5391,479,2755,1462,0.2,729
1359.3,2026-08-04T22:59:46.712619+00:00,51.218,50.5,51.218,50.968,0,306,1020,,5391,479,2755,1462,0.0,729
1360.3,2026-08-04T22:59:47.718661+00:00,51.281,50.437,51.281,50.875,0,306,1020,,5400,479,2755,1462,0.2,729
1361.3,2026-08-04T22:59:48.724360+00:00,51.281,50.531,51.281,50.875,0,306,1020,,5511,519,2835,1462,0.0,729
1362.4,2026-08-04T22:59:49.730414+00:00,51.218,50.812,51.218,50.843,0,306,1020,,5431,519,2795,1462,0.3,1113
1363.4,2026-08-04T22:59:50.735736+00:00,51.5,50.437,51.5,50.875,0,306,1020,,5391,479,2755,1462,0.0,729
1364.4,2026-08-04T22:59:51.741603+00:00,51.468,50.468,51.468,50.968,0,306,1020,,5391,519,2755,1462,0.2,729
1365.4,2026-08-04T22:59:52.747158+00:00,51.531,50.468,51.531,51.031,0,306,1020,,5391,479,2755,1462,0.0,729
1366.4,2026-08-04T22:59:53.752855+00:00,51.531,50.5,51.531,50.843,0,306,1020,,5431,519,2755,1462,0.3,729
1367.4,2026-08-04T22:59:54.758146+00:00,51.625,50.812,51.625,50.906,0,306,1020,,5391,519,2755,1462,0.2,729
1368.4,2026-08-04T22:59:55.763989+00:00,51.656,50.437,51.656,50.937,0,306,1020,,5431,519,2795,1462,0.2,729
1369.4,2026-08-04T22:59:56.770245+00:00,51.343,50.468,51.343,50.968,0,306,1020,,5431,519,2755,1462,0.0,729
1370.4,2026-08-04T22:59:57.775636+00:00,51.406,50.468,51.406,50.968,0,306,1020,,5391,519,2755,1462,0.0,729
1371.4,2026-08-04T22:59:58.781463+00:00,51.281,50.5,51.281,50.812,0,306,1020,,5391,519,2755,1462,0.2,729
1372.4,2026-08-04T22:59:59.787229+00:00,51.406,50.718,51.406,50.968,0,306,1020,,5391,519,2755,1462,0.0,729
1373.4,2026-08-04T23:00:00.793190+00:00,51.375,50.468,51.375,50.937,0,306,1020,,5431,519,2795,1462,0.2,729
1374.4,2026-08-04T23:00:01.798831+00:00,51.375,50.437,51.375,50.968,0,306,1020,,5391,479,2795,1462,0.2,729
1375.4,2026-08-04T23:00:02.804635+00:00,51.718,50.656,51.718,50.875,0,306,1020,,5391,519,2795,1462,0.5,729
1376.4,2026-08-04T23:00:03.810316+00:00,51.75,50.468,51.75,50.875,0,306,1020,,5431,519,2795,1462,0.2,729
1377.4,2026-08-04T23:00:04.815859+00:00,51.75,50.656,51.75,50.875,0,306,1020,,5391,479,2795,1462,0.0,729
1378.4,2026-08-04T23:00:05.821559+00:00,51.75,50.468,51.75,50.875,0,306,1020,,5391,479,2795,1462,0.3,729
1379.5,2026-08-04T23:00:06.827359+00:00,51.312,50.468,51.312,50.937,0,306,1020,,5391,479,2795,1462,0.0,729
1380.5,2026-08-04T23:00:07.833072+00:00,51.343,50.593,51.343,50.906,0,306,1020,,5391,479,2755,1462,0.0,729
1381.5,2026-08-04T23:00:08.838803+00:00,51.406,50.5,51.406,50.937,0,306,1020,,5391,479,2755,1462,0.2,729
1382.5,2026-08-04T23:00:09.844438+00:00,51.468,50.656,51.468,50.906,0,306,1020,,5391,519,2755,1462,0.3,729
1383.5,2026-08-04T23:00:10.850541+00:00,51.468,50.468,51.468,50.906,0,306,1020,,5471,519,2795,1462,0.0,729
1384.5,2026-08-04T23:00:11.856013+00:00,51.437,50.468,51.437,51.062,0,306,1020,,5391,479,2795,1462,0.2,729
1385.5,2026-08-04T23:00:12.861689+00:00,51.437,50.562,51.437,50.843,0,306,1020,,5391,479,2755,1462,0.0,729
1386.5,2026-08-04T23:00:13.867823+00:00,51.468,50.468,51.468,50.875,0,306,1020,,5391,479,2795,1462,0.0,729
1387.5,2026-08-04T23:00:14.873300+00:00,51.406,50.656,51.406,50.906,0,306,1020,,5391,519,2755,1462,0.2,729
1388.5,2026-08-04T23:00:15.878963+00:00,51.375,50.375,51.375,50.937,0,306,1020,,5391,519,2755,1462,0.2,729
1389.5,2026-08-04T23:00:16.885543+00:00,51.281,50.468,51.281,51.062,0,306,1020,,5431,519,2795,1462,0.2,729
1390.5,2026-08-04T23:00:17.890848+00:00,51.343,50.562,51.343,50.843,0,306,1020,,5391,479,2795,1462,0.2,729
1391.5,2026-08-04T23:00:18.896579+00:00,51.375,50.437,51.375,50.937,0,306,1020,,5471,519,2795,1462,0.3,729
1392.5,2026-08-04T23:00:19.902585+00:00,51.531,50.687,51.531,50.968,0,306,1020,,5391,479,2795,1462,0.2,729
1393.5,2026-08-04T23:00:20.908463+00:00,51.687,50.343,51.687,50.968,0,306,1020,,5391,479,2795,1462,0.3,729
1394.5,2026-08-04T23:00:21.914132+00:00,51.625,50.437,51.625,51.062,0,306,1020,,5391,479,2795,1462,0.0,729
1395.5,2026-08-04T23:00:22.919673+00:00,51.593,50.562,51.593,50.843,0,306,1020,,5400,519,2755,1462,0.2,729
1396.6,2026-08-04T23:00:23.925396+00:00,51.656,50.375,51.656,50.968,0,306,1020,,5391,479,2755,1462,0.3,729
1397.6,2026-08-04T23:00:24.931311+00:00,51.625,50.625,51.625,50.968,0,306,1020,,5391,479,2755,1462,0.2,729
1398.6,2026-08-04T23:00:25.936875+00:00,51.312,50.281,51.312,50.968,0,306,1020,,5431,479,2795,1462,0.0,729
1399.6,2026-08-04T23:00:26.942551+00:00,51.437,50.437,51.437,51.031,0,306,1020,,5391,479,2795,1462,0.3,729
1400.6,2026-08-04T23:00:27.948036+00:00,51.312,50.625,51.312,50.812,0,306,1020,,5431,519,2795,1462,0.0,729
1401.6,2026-08-04T23:00:28.953523+00:00,51.375,50.437,51.375,50.875,0,306,1020,,5391,479,2795,1462,0.0,729
1402.6,2026-08-04T23:00:29.959900+00:00,51.312,50.656,51.312,50.968,0,306,1020,,5391,479,2795,1462,0.3,729
1403.6,2026-08-04T23:00:30.965573+00:00,51.375,50.406,51.375,50.968,0,306,1020,,5391,479,2795,1462,0.2,729
1404.6,2026-08-04T23:00:31.971173+00:00,51.25,50.468,51.25,50.937,0,306,1020,,5391,479,2755,1462,0.0,729
1405.6,2026-08-04T23:00:32.976430+00:00,51.187,50.718,51.187,50.875,0,306,1020,,5431,519,2755,1462,0.2,729
1406.6,2026-08-04T23:00:33.981928+00:00,51.218,50.437,51.218,50.812,0,306,1020,,5431,519,2795,1462,0.3,729
1407.6,2026-08-04T23:00:34.987486+00:00,51.25,50.656,51.25,50.906,0,306,1020,,5391,479,2755,1462,0.0,729
1408.6,2026-08-04T23:00:35.993656+00:00,51.281,50.343,51.281,50.968,0,306,1020,,5400,519,2755,1462,0.2,729
1409.6,2026-08-04T23:00:36.999465+00:00,51.218,50.406,51.218,51.031,0,306,1020,,5391,479,2755,1462,0.2,729
1410.6,2026-08-04T23:00:38.005082+00:00,51.281,50.562,51.281,50.906,0,306,1020,,5391,479,2755,1462,0.2,729
1411.6,2026-08-04T23:00:39.010693+00:00,51.531,50.406,51.531,50.843,0,306,1020,,5391,479,2755,1462,0.2,729
1412.6,2026-08-04T23:00:40.016358+00:00,51.437,50.656,51.437,50.937,0,306,1020,,5400,519,2755,1462,0.2,729
1413.6,2026-08-04T23:00:41.022454+00:00,51.531,50.375,51.531,51,0,306,1020,,5471,519,2795,1462,0.3,729
1414.7,2026-08-04T23:00:42.028266+00:00,51.562,50.468,51.562,50.968,0,306,1020,,5391,479,2795,1462,0.2,729
1415.7,2026-08-04T23:00:43.033740+00:00,51.5,50.531,51.5,50.968,0,306,1020,,5391,479,2755,1462,0.2,729
1416.7,2026-08-04T23:00:44.039355+00:00,51.562,50.375,51.562,50.875,0,306,1020,,5391,479,2755,1462,0.2,729
1417.7,2026-08-04T23:00:45.045296+00:00,51.281,50.625,51.281,50.875,0,306,1020,,5391,479,2755,1462,0.0,729
1418.7,2026-08-04T23:00:46.050620+00:00,51.375,50.406,51.375,50.968,0,306,1020,,5391,479,2755,1462,0.2,729
1419.7,2026-08-04T23:00:47.055927+00:00,51.343,50.406,51.343,50.968,0,306,1020,,5391,479,2755,1462,0.2,729
1420.7,2026-08-04T23:00:48.061830+00:00,51.25,50.593,51.25,50.843,0,306,1020,,5391,479,2755,1462,0.3,729
1421.7,2026-08-04T23:00:49.067478+00:00,51.312,50.375,51.312,50.875,0,306,1020,,5440,519,2755,1462,0.2,729
1422.7,2026-08-04T23:00:50.073401+00:00,51.375,50.656,51.375,50.937,0,306,1020,,5400,479,2755,1462,0.0,729
1423.7,2026-08-04T23:00:51.079466+00:00,51.687,50.343,51.687,50.937,0,306,1020,,5391,479,2755,1462,0.5,729
1424.7,2026-08-04T23:00:52.085038+00:00,51.687,50.468,51.687,50.968,0,306,1020,,5400,519,2755,1462,0.0,729
1425.7,2026-08-04T23:00:53.090781+00:00,51.781,50.531,51.781,50.875,0,306,1020,,5391,479,2755,1462,0.0,729
1426.7,2026-08-04T23:00:54.096517+00:00,51.25,50.343,51.25,50.843,0,306,1020,,5391,479,2755,1462,0.0,729
1427.7,2026-08-04T23:00:55.102262+00:00,51.25,50.562,51.25,50.937,0,306,1020,,5391,479,2755,1462,0.3,729
1428.7,2026-08-04T23:00:56.107860+00:00,51.218,50.281,51.218,50.937,0,306,1020,,5511,519,2795,1462,0.0,729
1429.7,2026-08-04T23:00:57.113258+00:00,51.281,50.437,51.281,50.843,0,306,1020,,5391,479,2795,1462,0.5,729
1430.7,2026-08-04T23:00:58.119234+00:00,51.437,50.562,51.437,50.968,0,306,1020,,5391,479,2755,1462,0.3,729
1431.7,2026-08-04T23:00:59.125032+00:00,51.468,50.406,51.468,50.968,0,306,1020,,5391,479,2755,1462,0.0,729
1432.8,2026-08-04T23:01:00.130273+00:00,51.437,50.656,51.437,50.968,0,306,1020,,5431,519,2795,1462,0.3,729
1433.8,2026-08-04T23:01:01.135763+00:00,51.5,50.437,51.5,50.937,0,306,1020,,5400,519,2755,1462,0.5,729
1434.8,2026-08-04T23:01:02.141506+00:00,51.468,50.437,51.468,51,0,306,1020,,5391,479,2755,1462,0.0,729
1435.8,2026-08-04T23:01:03.146989+00:00,51.562,50.593,51.562,50.812,0,306,1020,,5511,519,2835,1462,0.2,1728
1436.8,2026-08-04T23:01:04.152407+00:00,51.562,50.375,51.562,50.843,0,306,1020,,5391,479,2795,1462,0.2,729
1437.8,2026-08-04T23:01:05.158477+00:00,51.312,50.593,51.312,50.781,0,306,1020,,5391,479,2755,1462,0.2,729
1438.8,2026-08-04T23:01:06.164181+00:00,51.312,50.406,51.312,50.968,0,306,1020,,5431,519,2755,1462,0.0,729
1439.8,2026-08-04T23:01:07.169953+00:00,51.343,50.406,51.343,50.968,0,306,1020,,5391,479,2755,1462,0.2,729
1440.8,2026-08-04T23:01:08.175512+00:00,51.312,50.531,51.312,50.812,0,306,1020,,5391,519,2755,1462,0.0,729
1441.8,2026-08-04T23:01:09.181109+00:00,51.312,50.406,51.312,50.875,0,306,1020,,5391,519,2755,1462,0.2,729
1442.8,2026-08-04T23:01:10.186827+00:00,51.312,50.531,51.312,50.968,0,306,1020,,5391,479,2755,1462,0.2,729
1443.8,2026-08-04T23:01:11.192497+00:00,51.281,50.312,51.281,50.875,0,306,1020,,5431,519,2755,1462,0.2,729
1444.8,2026-08-04T23:01:12.198027+00:00,51.625,50.406,51.625,50.968,0,306,1020,,5391,479,2755,1462,0.3,729
1445.8,2026-08-04T23:01:13.203907+00:00,51.593,50.625,51.593,50.812,0,306,1020,,5391,479,2755,1462,0.2,729
1446.8,2026-08-04T23:01:14.209754+00:00,51.687,50.343,51.687,50.875,0,306,1020,,5391,479,2755,1462,0.0,729
1447.8,2026-08-04T23:01:15.215069+00:00,51.687,50.562,51.687,50.968,0,306,1020,,5391,479,2755,1462,0.2,729
1448.8,2026-08-04T23:01:16.220999+00:00,51.687,50.343,51.687,50.968,0,306,1020,,5391,479,2755,1462,0.2,729
1449.9,2026-08-04T23:01:17.226286+00:00,51.281,50.343,51.281,50.937,0,306,1020,,5431,479,2755,1462,0.2,729
1450.9,2026-08-04T23:01:18.232011+00:00,51.437,50.593,51.437,50.843,0,306,1020,,5670,599,2875,1462,0.2,1728
1451.9,2026-08-04T23:01:19.237724+00:00,51.375,50.406,51.375,50.937,0,306,1020,,5431,519,2795,1462,0.0,729
1452.9,2026-08-04T23:01:20.243990+00:00,51.468,50.593,51.468,50.937,0,306,1020,,5391,519,2755,1462,0.2,729
1453.9,2026-08-04T23:01:21.249554+00:00,51.375,50.406,51.375,50.968,0,306,1020,,5391,479,2755,1461,0.0,729
1454.9,2026-08-04T23:01:22.255272+00:00,51.437,50.437,51.437,50.843,0,306,1020,,5400,479,2755,1461,0.2,729
1455.9,2026-08-04T23:01:23.261161+00:00,51.218,50.437,51.218,50.843,0,306,1020,,5391,479,2755,1461,0.3,729
1456.9,2026-08-04T23:01:24.267439+00:00,51.281,50.781,51.281,50.875,0,306,1020,,5391,479,2755,1461,0.0,729
1457.9,2026-08-04T23:01:25.273176+00:00,51.218,50.5,51.218,50.875,0,306,1020,,5391,479,2755,1461,0.0,729
1458.9,2026-08-04T23:01:26.279044+00:00,51.218,50.375,51.218,50.968,0,306,1020,,5440,519,2755,1461,0.0,729
1459.9,2026-08-04T23:01:27.285153+00:00,51.25,50.375,51.25,50.968,0,306,1020,,5391,519,2755,1461,0.5,729
1460.9,2026-08-04T23:01:28.290601+00:00,51.531,50.531,51.531,50.937,0,306,1020,,5391,519,2755,1461,0.2,729
1461.9,2026-08-04T23:01:29.296935+00:00,51.468,50.718,51.468,50.906,0,306,1020,,5391,479,2755,1461,0.0,729
1462.9,2026-08-04T23:01:30.302601+00:00,51.562,50.437,51.562,50.937,0,306,1020,,5391,519,2755,1461,0.3,729
1463.9,2026-08-04T23:01:31.308107+00:00,51.656,50.437,51.656,50.906,0,306,1020,,5391,479,2755,1461,0.0,729
1464.9,2026-08-04T23:01:32.313766+00:00,51.593,50.437,51.593,50.906,0,306,1020,,5391,479,2755,1461,0.0,729
1465.9,2026-08-04T23:01:33.319956+00:00,51.281,50.437,51.281,50.843,0,306,1020,,5431,519,2795,1461,0.0,729
1467.0,2026-08-04T23:01:34.325845+00:00,51.312,50.75,51.312,50.812,0,306,1020,,5391,479,2755,1461,0.0,729
1468.0,2026-08-04T23:01:35.331743+00:00,51.281,50.312,51.281,50.937,0,306,1020,,5391,519,2755,1461,0.0,729
1469.0,2026-08-04T23:01:36.337678+00:00,51.375,50.437,51.375,51.062,0,306,1020,,5391,519,2755,1461,0.3,729
1470.0,2026-08-04T23:01:37.344119+00:00,51.687,50.593,51.687,50.875,0,306,1020,,5391,479,2755,1461,0.0,729
1471.0,2026-08-04T23:01:38.349592+00:00,51.656,50.468,51.656,50.812,0,306,1020,,5391,479,2755,1461,0.0,729
1472.0,2026-08-04T23:01:39.355580+00:00,51.687,50.656,51.687,50.937,0,306,1020,,5391,479,2755,1461,0.3,729
1473.0,2026-08-04T23:01:40.361673+00:00,51.75,50.375,51.75,50.875,0,306,1020,,5391,479,2755,1461,0.2,729
1474.0,2026-08-04T23:01:41.367634+00:00,51.75,50.5,51.75,51.031,0,306,1020,,5471,519,2795,1461,0.0,729
1475.0,2026-08-04T23:01:42.373758+00:00,51.343,50.687,51.343,50.937,0,306,1020,,5391,479,2795,1461,0.0,729
1476.0,2026-08-04T23:01:43.379179+00:00,51.5,50.437,51.5,50.875,0,306,1020,,5391,479,2755,1461,0.2,729
1477.0,2026-08-04T23:01:44.385169+00:00,51.437,50.437,51.437,50.937,0,306,1020,,5391,519,2755,1461,0.0,729
1478.0,2026-08-04T23:01:45.390774+00:00,51.375,50.406,51.375,50.937,0,306,1020,,5391,479,2755,1461,0.0,729
1479.0,2026-08-04T23:01:46.396418+00:00,51.437,50.375,51.437,50.875,0,306,1020,,5391,479,2755,1461,0.0,729
1480.0,2026-08-04T23:01:47.402095+00:00,51.437,50.656,51.437,50.906,0,306,1020,,5391,479,2755,1461,0.2,729
1481.0,2026-08-04T23:01:48.407676+00:00,51.218,50.312,51.218,50.875,0,306,1020,,5431,519,2795,1461,0.0,729
1482.0,2026-08-04T23:01:49.413727+00:00,51.312,50.437,51.312,50.906,0,306,1020,,5391,479,2755,1461,0.0,729
1483.0,2026-08-04T23:01:50.418952+00:00,51.312,50.343,51.312,50.906,0,306,1020,,5391,479,2755,1461,0.3,729
1484.0,2026-08-04T23:01:51.425056+00:00,51.25,50.406,51.25,50.906,0,306,1020,,5391,479,2755,1461,0.2,729
1485.1,2026-08-04T23:01:52.430723+00:00,51.281,50.562,51.281,50.937,0,306,1020,,5391,478,2755,1461,0.0,729
1486.1,2026-08-04T23:01:53.436619+00:00,51.343,50.375,51.343,51.031,0,306,1020,,5391,479,2755,1461,0.0,729
1487.1,2026-08-04T23:01:54.442318+00:00,51.562,50.406,51.562,50.968,0,306,1020,,5391,479,2755,1461,0.2,729
1488.1,2026-08-04T23:01:55.447961+00:00,51.531,50.375,51.531,50.968,0,306,1020,,5391,479,2755,1461,0.2,729
1489.1,2026-08-04T23:01:56.453387+00:00,51.593,50.468,51.593,50.843,0,306,1020,,5431,519,2755,1461,0.2,729
1490.1,2026-08-04T23:01:57.459640+00:00,51.593,50.625,51.593,50.812,0,306,1020,,5391,479,2755,1461,0.0,729
1491.1,2026-08-04T23:01:58.465301+00:00,51.625,50.406,51.625,50.875,0,306,1020,,5391,479,2755,1461,0.3,729
1492.1,2026-08-04T23:01:59.471109+00:00,51.593,50.468,51.593,50.843,0,306,1020,,5400,519,2755,1461,0.5,729
1493.1,2026-08-04T23:02:00.476976+00:00,51.375,50.468,51.375,51,0,306,1020,,5391,479,2755,1461,0.2,729
1494.1,2026-08-04T23:02:01.482747+00:00,51.343,50.531,51.343,50.906,0,306,1020,,5391,479,2755,1461,0.0,729
1495.1,2026-08-04T23:02:02.488381+00:00,51.406,50.562,51.406,50.875,0,306,1020,,5391,519,2755,1461,0.0,729
1496.1,2026-08-04T23:02:03.494520+00:00,51.343,50.406,51.343,51.031,0,306,1020,,5431,479,2795,1461,0.2,729
1497.1,2026-08-04T23:02:04.500309+00:00,51.375,50.406,51.375,50.968,0,306,1020,,5391,479,2755,1461,0.0,729
1498.1,2026-08-04T23:02:05.506230+00:00,51.781,50.531,51.781,50.906,0,306,1020,,5391,519,2755,1461,0.0,729
1499.1,2026-08-04T23:02:06.511775+00:00,51.218,50.406,51.218,50.843,0,306,1020,,5391,479,2755,1461,0.2,729
1500.1,2026-08-04T23:02:07.517493+00:00,51.281,50.531,51.281,50.843,0,306,1020,,5391,479,2755,1461,0.0,729
1501.1,2026-08-04T23:02:08.523130+00:00,51.218,50.312,51.218,50.875,0,306,1020,,5391,519,2755,1461,0.0,729
1502.2,2026-08-04T23:02:09.529022+00:00,51.218,50.343,51.218,50.968,0,306,1020,,5391,519,2755,1461,0.3,729
1503.2,2026-08-04T23:02:10.536049+00:00,51.218,50.468,51.218,50.937,0,306,1020,,5391,479,2755,1461,0.0,729
1504.2,2026-08-04T23:02:11.540233+00:00,51.468,50.625,51.468,50.937,0,306,1020,,5391,479,2755,1461,0.2,729
1505.2,2026-08-04T23:02:12.546176+00:00,51.375,50.625,51.375,50.875,0,306,1020,,5391,479,2755,1461,0.5,729
1506.2,2026-08-04T23:02:13.551502+00:00,51.437,50.343,51.437,50.906,0,306,1020,,5391,479,2755,1461,0.2,729
1507.2,2026-08-04T23:02:14.557347+00:00,51.5,50.437,51.5,50.968,0,306,1020,,5391,479,2755,1461,0.2,729
1508.2,2026-08-04T23:02:15.562945+00:00,51.437,50.468,51.437,51,0,306,1020,,5431,519,2755,1461,0.2,729
1509.2,2026-08-04T23:02:16.568643+00:00,51.437,50.687,51.437,50.937,0,306,1020,,5431,519,2755,1461,0.0,729
1510.2,2026-08-04T23:02:17.575619+00:00,51.281,50.531,51.281,50.843,0,306,1020,,5431,519,2755,1461,0.2,729
1511.2,2026-08-04T23:02:18.580998+00:00,51.218,50.343,51.218,50.875,0,306,1020,,5431,519,2795,1461,0.2,729
1512.2,2026-08-04T23:02:19.586626+00:00,51.312,50.375,51.312,50.937,0,306,1020,,5391,519,2755,1461,0.2,729
1513.2,2026-08-04T23:02:20.592570+00:00,51.218,50.5,51.218,50.843,0,306,1020,,5391,519,2755,1461,0.2,729
1514.2,2026-08-04T23:02:21.598257+00:00,51.312,50.687,51.312,50.812,0,306,1020,,5391,479,2755,1461,0.3,729
1515.2,2026-08-04T23:02:22.603787+00:00,51.593,50.406,51.593,50.875,0,306,1020,,5391,479,2755,1461,0.2,729
1516.2,2026-08-04T23:02:23.609884+00:00,51.531,50.343,51.531,50.906,0,306,1020,,5391,479,2755,1461,0.0,729
1517.2,2026-08-04T23:02:24.615273+00:00,51.687,50.406,51.687,50.968,0,306,1020,,5391,479,2755,1461,0.2,729
1518.2,2026-08-04T23:02:25.620881+00:00,51.687,50.5,51.687,50.843,0,306,1020,,5431,519,2795,1461,0.2,729
1519.3,2026-08-04T23:02:26.626718+00:00,51.687,50.593,51.687,50.812,0,306,1020,,5431,519,2755,1461,0.0,729
1520.3,2026-08-04T23:02:27.632583+00:00,51.687,50.468,51.687,50.906,0,306,1020,,5391,479,2755,1461,0.3,729
1521.3,2026-08-04T23:02:28.638016+00:00,51.437,50.343,51.437,50.937,0,306,1020,,5391,519,2755,1461,0.0,729
1522.3,2026-08-04T23:02:29.643825+00:00,51.375,50.375,51.375,50.968,0,306,1020,,5391,479,2755,1461,0.2,729
1523.3,2026-08-04T23:02:30.649719+00:00,51.343,50.468,51.343,50.843,0,306,1020,,5391,519,2755,1461,0.3,729
1524.3,2026-08-04T23:02:31.654976+00:00,51.406,50.625,51.406,50.906,0,306,1020,,5391,479,2755,1461,0.0,729
1525.3,2026-08-04T23:02:32.661211+00:00,51.468,50.468,51.468,50.906,0,306,1020,,5391,479,2755,1461,0.0,729
1526.3,2026-08-04T23:02:33.666992+00:00,51.375,50.375,51.375,50.937,0,306,1020,,5391,479,2795,1461,0.3,729
1527.3,2026-08-04T23:02:34.672396+00:00,51.25,50.406,51.25,50.968,0,306,1020,,5400,479,2755,1461,0.0,729
1528.3,2026-08-04T23:02:35.678200+00:00,51.281,50.5,51.281,50.843,0,306,1020,,5400,519,2755,1461,0.2,729
1529.3,2026-08-04T23:02:36.683762+00:00,51.218,50.625,51.218,50.906,0,306,1020,,5400,519,2755,1461,0.3,729
1530.3,2026-08-04T23:02:37.689741+00:00,51.25,50.468,51.25,50.968,0,306,1020,,5391,519,2755,1461,0.0,729
1531.3,2026-08-04T23:02:38.695275+00:00,51.25,50.312,51.25,50.875,0,306,1020,,5391,519,2755,1461,0.0,729
1532.3,2026-08-04T23:02:39.700909+00:00,51.218,50.343,51.218,51.031,0,306,1020,,5391,479,2755,1461,0.3,729
1533.3,2026-08-04T23:02:40.706549+00:00,51.375,50.593,51.375,50.781,0,306,1020,,5630,559,2875,1461,0.2,1728
1534.3,2026-08-04T23:02:41.712462+00:00,51.5,50.531,51.5,50.875,0,306,1020,,5431,519,2795,1461,0.0,729
1535.3,2026-08-04T23:02:42.717866+00:00,51.5,50.468,51.5,50.906,0,306,1020,,5400,519,2755,1461,0.2,729
1536.3,2026-08-04T23:02:43.723339+00:00,51.531,50.281,51.531,50.937,0,306,1020,,5391,519,2755,1461,0.0,729
1537.4,2026-08-04T23:02:44.728990+00:00,51.625,50.406,51.625,50.968,0,306,1020,,5391,519,2755,1461,0.2,729
1538.4,2026-08-04T23:02:45.735008+00:00,51.531,50.375,51.531,50.875,0,306,1020,,5391,519,2755,1461,0.0,729
1539.4,2026-08-04T23:02:46.740579+00:00,51.593,50.593,51.593,50.781,0,306,1020,,5400,479,2755,1461,0.0,729
1540.4,2026-08-04T23:02:47.746129+00:00,51.281,50.437,51.281,50.937,0,306,1020,,5391,479,2755,1461,0.2,729
1541.4,2026-08-04T23:02:48.752154+00:00,51.281,50.281,51.281,50.843,0,306,1020,,5431,519,2795,1461,0.3,729
1542.4,2026-08-04T23:02:49.757739+00:00,51.343,50.343,51.343,51,0,306,1020,,5391,479,2755,1461,0.0,729
1543.4,2026-08-04T23:02:50.763190+00:00,51.281,50.406,51.281,50.875,0,306,1020,,5400,519,2755,1461,0.0,729
1544.4,2026-08-04T23:02:51.769132+00:00,51.281,50.593,51.281,50.875,0,306,1020,,5431,519,2755,1461,0.2,729
1545.4,2026-08-04T23:02:52.774365+00:00,51.343,50.406,51.343,50.937,0,306,1020,,5391,519,2755,1461,0.0,729
1546.4,2026-08-04T23:02:53.780188+00:00,51.375,50.687,51.375,50.875,0,306,1020,,5391,519,2755,1461,0.3,729
1547.4,2026-08-04T23:02:54.786080+00:00,51.218,50.343,51.218,50.937,0,306,1020,,5391,479,2755,1461,0.0,729
1548.4,2026-08-04T23:02:55.791380+00:00,51.218,50.468,51.218,50.812,0,306,1020,,5431,519,2795,1461,0.0,729
1549.4,2026-08-04T23:02:56.797529+00:00,51.218,50.625,51.218,50.875,0,306,1020,,5391,479,2795,1461,0.2,729
1550.4,2026-08-04T23:02:57.803089+00:00,51.218,50.468,51.218,50.812,0,306,1020,,5391,479,2795,1461,0.2,729
1551.4,2026-08-04T23:02:58.809095+00:00,51.281,50.625,51.281,51,0,306,1020,,5391,479,2795,1461,0.2,729
1552.4,2026-08-04T23:02:59.815043+00:00,51.218,50.375,51.406,50.937,0,306,1020,,5431,519,2795,1461,0.2,729
1553.4,2026-08-04T23:03:00.821293+00:00,51.531,50.437,51.531,50.812,0,306,1020,,5431,519,2795,1461,0.3,729
1554.5,2026-08-04T23:03:01.826911+00:00,51.468,50.562,51.468,50.75,0,306,1020,,5391,479,2795,1461,0.0,729
1555.5,2026-08-04T23:03:02.832425+00:00,51.5,50.343,51.5,50.875,0,306,1020,,5391,479,2755,1461,0.2,729
1556.5,2026-08-04T23:03:03.838204+00:00,51.468,50.343,51.468,50.875,0,306,1020,,5431,519,2795,1461,0.2,729
1557.5,2026-08-04T23:03:04.844253+00:00,51.468,50.343,51.25,50.906,0,306,1020,,5391,519,2755,1461,0.0,729
1558.5,2026-08-04T23:03:05.849798+00:00,51.281,50.437,51.281,50.843,0,306,1020,,5431,519,2795,1461,0.2,729
1559.5,2026-08-04T23:03:06.855703+00:00,51.312,50.531,51.312,50.843,0,306,1020,,5431,519,2795,1461,0.7,729
1560.5,2026-08-04T23:03:07.861272+00:00,51.25,50.343,51.25,50.875,0,306,1020,,5391,519,2755,1461,0.0,729
1561.5,2026-08-04T23:03:08.867105+00:00,51.25,50.406,51.25,50.937,0,306,1020,,5391,479,2755,1461,0.2,729
1562.5,2026-08-04T23:03:09.872791+00:00,51.25,50.406,51.25,50.812,0,306,1020,,5391,519,2755,1461,0.2,729
1563.5,2026-08-04T23:03:10.878556+00:00,51.437,50.406,51.437,50.781,0,306,1020,,5431,519,2795,1461,0.0,729
1564.5,2026-08-04T23:03:11.884685+00:00,51.718,50.562,51.718,50.843,0,306,1020,,5391,519,2795,1461,0.3,729
1565.5,2026-08-04T23:03:12.890110+00:00,51.656,50.281,51.656,50.906,0,306,1020,,5391,479,2755,1461,0.0,729
1566.5,2026-08-04T23:03:13.895845+00:00,51.687,50.343,51.687,50.906,0,306,1020,,5391,479,2755,1461,0.0,729
1567.5,2026-08-04T23:03:14.901519+00:00,51.656,50.468,51.656,50.875,0,306,1020,,5391,479,2755,1461,0.2,729
1568.5,2026-08-04T23:03:15.907243+00:00,51.687,50.406,51.687,50.781,0,306,1020,,5431,519,2755,1461,0.3,729
1569.5,2026-08-04T23:03:16.913014+00:00,51.312,50.531,51.312,50.781,0,306,1020,,5391,479,2755,1461,0.2,729
1570.5,2026-08-04T23:03:17.918702+00:00,51.343,50.312,51.343,50.906,0,306,1020,,5391,479,2795,1461,0.0,729
1571.5,2026-08-04T23:03:18.924416+00:00,51.406,50.375,51.406,50.968,0,306,1020,,5431,519,2795,1461,0.3,729
1572.6,2026-08-04T23:03:19.929984+00:00,51.343,50.468,51.343,50.968,0,306,1020,,5391,519,2795,1461,0.2,729
1573.6,2026-08-04T23:03:20.935958+00:00,51.375,50.406,51.375,50.781,0,306,1020,,5391,519,2755,1461,0.2,729
1574.6,2026-08-04T23:03:21.941779+00:00,51.437,50.562,51.437,50.781,0,306,1020,,5391,479,2755,1461,0.2,729
1575.6,2026-08-04T23:03:22.947414+00:00,51.281,50.312,51.281,50.906,0,306,1020,,5391,479,2755,1461,0.0,729
1576.6,2026-08-04T23:03:23.953398+00:00,51.218,50.406,51.218,50.937,0,306,1020,,5391,479,2755,1461,0.2,729
1577.6,2026-08-04T23:03:24.959095+00:00,51.218,50.468,51.218,50.937,0,306,1020,,5400,479,2755,1461,0.3,729
1578.6,2026-08-04T23:03:25.964819+00:00,51.281,50.718,51.281,50.812,0,306,1020,,5551,559,2835,1461,0.0,729
1579.6,2026-08-04T23:03:26.971215+00:00,51.218,50.531,51.218,50.812,0,306,1020,,5431,519,2795,1461,0.2,729
1580.6,2026-08-04T23:03:27.976766+00:00,51.468,50.343,51.468,50.875,0,306,1020,,5391,479,2755,1461,0.2,729
1581.6,2026-08-04T23:03:28.982382+00:00,51.5,50.375,51.5,50.937,0,306,1020,,5391,479,2755,1461,0.0,729
1582.6,2026-08-04T23:03:29.987968+00:00,51.468,50.437,51.468,50.875,0,306,1020,,5391,479,2755,1461,0.5,729
1583.6,2026-08-04T23:03:30.993573+00:00,51.5,50.687,51.5,50.812,0,306,1020,,5391,519,2755,1461,0.2,729
1584.6,2026-08-04T23:03:31.999383+00:00,51.593,50.5,51.593,50.812,0,306,1020,,5391,479,2755,1461,0.0,729
1585.6,2026-08-04T23:03:33.005283+00:00,51.531,50.25,51.531,50.968,0,306,1020,,5391,479,2755,1461,0.2,729
1586.6,2026-08-04T23:03:34.010806+00:00,51.281,50.312,51.281,50.937,0,306,1020,,5391,519,2755,1461,0.0,729
1587.6,2026-08-04T23:03:35.016564+00:00,51.25,50.343,51.25,50.843,0,306,1020,,5400,479,2755,1461,0.0,729
1588.6,2026-08-04T23:03:36.022190+00:00,51.312,50.718,51.312,50.906,0,306,1020,,5400,479,2755,1461,0.0,729
1589.7,2026-08-04T23:03:37.027761+00:00,51.312,50.531,51.312,50.906,0,306,1020,,5400,479,2755,1461,0.3,729
1590.7,2026-08-04T23:03:38.033470+00:00,51.25,50.281,51.25,50.937,0,306,1020,,5391,479,2755,1461,0.0,729
1591.7,2026-08-04T23:03:39.039111+00:00,51.343,50.343,51.343,50.906,0,306,1020,,5391,519,2755,1461,0.2,729
1592.7,2026-08-04T23:03:40.044830+00:00,51.343,50.468,51.343,50.718,0,306,1020,,5391,479,2755,1461,0.3,729
1593.7,2026-08-04T23:03:41.050957+00:00,51.687,50.656,51.687,50.875,0,306,1020,,5391,479,2795,1461,0.0,729
1594.7,2026-08-04T23:03:42.057177+00:00,51.312,50.468,51.312,50.875,0,306,1020,,5400,519,2755,1461,0.5,729
1595.7,2026-08-04T23:03:43.062427+00:00,51.218,50.375,51.218,50.781,0,306,1020,,5391,519,2755,1461,0.3,729
1596.7,2026-08-04T23:03:44.068323+00:00,51.156,50.437,51.156,51,0,306,1020,,5400,519,2755,1461,0.2,729
1597.7,2026-08-04T23:03:45.074075+00:00,51.218,50.5,51.218,50.843,0,306,1020,,5431,519,2755,1461,0.2,729
1598.7,2026-08-04T23:03:46.079631+00:00,51.312,50.656,51.312,50.843,0,306,1020,,5431,519,2755,1461,0.0,729
1599.7,2026-08-04T23:03:47.085275+00:00,51.468,50.406,51.468,50.843,0,306,1020,,5391,519,2755,1461,0.5,729
1600.7,2026-08-04T23:03:48.090967+00:00,51.468,50.343,51.468,50.906,0,306,1020,,5391,519,2755,1461,0.0,729
1601.7,2026-08-04T23:03:49.097018+00:00,51.343,50.343,51.343,50.875,0,306,1020,,5391,519,2755,1461,0.0,729
1602.7,2026-08-04T23:03:50.102794+00:00,51.375,50.437,51.375,50.843,0,306,1020,,5391,479,2755,1461,0.0,729
1603.7,2026-08-04T23:03:51.108573+00:00,51.5,50.687,51.5,50.812,0,306,1020,,5391,479,2755,1461,0.5,729
1604.7,2026-08-04T23:03:52.114315+00:00,51.218,50.468,51.218,50.875,0,306,1020,,5391,479,2755,1461,0.0,729
1605.7,2026-08-04T23:03:53.119951+00:00,51.343,50.281,51.343,50.875,0,306,1020,,5391,479,2755,1461,0.0,729
1606.8,2026-08-04T23:03:54.125753+00:00,51.25,50.343,51.25,51,0,306,1020,,5391,479,2755,1461,0.2,729
1607.8,2026-08-04T23:03:55.131527+00:00,51.218,50.437,51.218,50.843,0,306,1020,,5391,479,2755,1461,0.2,729
1608.8,2026-08-04T23:03:56.137343+00:00,51.25,50.531,51.25,50.875,0,306,1020,,5391,519,2795,1461,0.2,729
1609.8,2026-08-04T23:03:57.143143+00:00,51.218,50.437,51.218,50.875,0,306,1020,,5391,519,2755,1461,0.2,729
1610.8,2026-08-04T23:03:58.148491+00:00,51.593,50.375,51.593,50.937,0,306,1020,,5391,479,2755,1461,0.0,729
1611.8,2026-08-04T23:03:59.154075+00:00,51.531,50.312,51.531,50.937,0,306,1020,,5391,479,2755,1461,0.2,729
1612.8,2026-08-04T23:04:00.159663+00:00,51.625,50.468,51.625,50.781,0,306,1020,,5391,479,2755,1461,0.0,729
1613.8,2026-08-04T23:04:01.165260+00:00,51.656,50.656,51.656,50.812,0,306,1020,,5391,519,2755,1461,0.2,729
1614.8,2026-08-04T23:04:02.171357+00:00,51.687,50.468,51.687,50.812,0,306,1020,,5391,479,2755,1461,0.0,729
1615.8,2026-08-04T23:04:03.176948+00:00,51.687,50.343,51.687,50.937,0,306,1020,,5551,559,2835,1461,0.2,1728
1616.8,2026-08-04T23:04:04.182363+00:00,51.687,50.281,51.687,50.906,0,306,1020,,5431,519,2795,1461,0.0,729
1617.8,2026-08-04T23:04:05.188469+00:00,51.406,50.375,51.406,50.843,0,306,1020,,5391,519,2755,1461,0.2,729
1618.8,2026-08-04T23:04:06.194083+00:00,51.406,50.625,51.406,50.843,0,306,1020,,5431,519,2755,1461,0.2,729
1619.8,2026-08-04T23:04:07.199706+00:00,51.406,50.437,51.406,50.968,0,306,1020,,5391,479,2755,1461,0.2,729
1620.8,2026-08-04T23:04:08.205426+00:00,51.343,50.468,51.343,50.875,0,306,1020,,5391,479,2755,1461,0.0,729
1621.8,2026-08-04T23:04:09.210885+00:00,51.375,50.375,51.375,50.906,0,306,1020,,5391,519,2755,1461,0.0,729
1622.8,2026-08-04T23:04:10.216570+00:00,51.437,50.468,51.437,50.812,0,306,1020,,5391,519,2755,1461,0.2,729
1623.8,2026-08-04T23:04:11.222391+00:00,51.281,50.562,51.281,50.843,0,306,1020,,5431,519,2755,1461,0.2,729
1624.9,2026-08-04T23:04:12.228342+00:00,51.281,50.281,51.281,50.875,0,306,1020,,5391,519,2755,1461,0.2,729
1625.9,2026-08-04T23:04:13.234257+00:00,51.218,50.406,51.218,50.968,0,306,1020,,5391,479,2755,1461,0.2,729
1626.9,2026-08-04T23:04:14.239658+00:00,51.281,50.375,51.281,51,0,306,1020,,5431,519,2755,1461,0.2,729
1627.9,2026-08-04T23:04:15.245528+00:00,51.312,50.468,51.312,50.812,0,306,1020,,5391,479,2755,1461,0.0,729
1628.9,2026-08-04T23:04:16.251146+00:00,51.25,50.531,51.25,50.781,0,306,1020,,5391,479,2755,1461,0.2,729
1629.9,2026-08-04T23:04:17.256889+00:00,51.531,50.312,51.531,50.875,0,306,1020,,5391,479,2755,1461,0.0,729
1630.9,2026-08-04T23:04:18.263434+00:00,51.531,50.406,51.531,50.937,0,306,1020,,5551,559,2835,1461,0.2,729
1631.9,2026-08-04T23:04:19.268492+00:00,51.531,50.375,51.531,50.968,0,306,1020,,5431,519,2795,1461,0.0,729
1632.9,2026-08-04T23:04:20.274319+00:00,51.593,50.5,51.593,50.906,0,306,1020,,5391,519,2755,1461,0.2,729
1633.9,2026-08-04T23:04:21.280351+00:00,51.656,50.625,51.656,50.875,0,306,1020,,5391,479,2755,1461,0.0,729
1634.9,2026-08-04T23:04:22.286180+00:00,51.218,50.343,51.218,50.812,0,306,1020,,5391,479,2755,1461,0.0,729
1635.9,2026-08-04T23:04:23.292896+00:00,51.375,50.406,51.375,50.968,0,306,1020,,5391,519,2755,1461,0.0,729
1636.9,2026-08-04T23:04:24.298765+00:00,51.312,50.5,51.312,50.812,0,306,1020,,5391,519,2755,1461,0.2,729
1637.9,2026-08-04T23:04:25.304934+00:00,51.687,50.406,51.687,50.781,0,306,1020,,5391,519,2755,1461,0.2,729
1638.9,2026-08-04T23:04:26.311165+00:00,51.687,50.562,51.687,50.906,0,306,1020,,5440,519,2795,1461,0.2,729
1639.9,2026-08-04T23:04:27.317367+00:00,51.687,50.312,51.687,50.906,0,306,1020,,5391,519,2755,1461,0.2,729
1640.9,2026-08-04T23:04:28.323455+00:00,51.718,50.437,51.718,50.812,0,306,1020,,5391,479,2755,1461,0.0,729
1642.0,2026-08-04T23:04:29.329312+00:00,51.312,50.468,51.312,50.875,0,306,1020,,5391,519,2755,1461,0.2,729
1643.0,2026-08-04T23:04:30.335812+00:00,51.312,50.312,51.312,50.968,0,306,1020,,5391,479,2755,1461,0.0,729
1644.0,2026-08-04T23:04:31.342054+00:00,51.437,50.468,51.437,50.937,0,306,1020,,5391,479,2755,1461,0.3,729
1645.0,2026-08-04T23:04:32.348245+00:00,51.218,50.5,51.218,50.968,0,306,1020,,5391,479,2755,1461,0.2,729
1646.0,2026-08-04T23:04:33.354498+00:00,51.218,50.656,51.218,50.843,0,306,1020,,5431,519,2795,1461,0.0,729
1647.0,2026-08-04T23:04:34.360604+00:00,51.218,50.468,51.218,50.937,0,306,1020,,5391,519,2755,1461,0.0,729
1648.0,2026-08-04T23:04:35.367010+00:00,51.218,50.312,51.218,50.843,0,306,1020,,5391,519,2755,1461,0.0,729
1649.0,2026-08-04T23:04:36.373580+00:00,51.468,50.406,51.468,51,0,306,1020,,5391,479,2755,1461,0.0,729
1650.0,2026-08-04T23:04:37.379945+00:00,51.406,50.437,51.406,50.75,0,306,1020,,5391,479,2755,1461,0.2,729
1651.0,2026-08-04T23:04:38.385848+00:00,51.375,50.656,51.375,50.937,0,306,1020,,5391,479,2755,1461,0.2,729
1652.0,2026-08-04T23:04:39.391752+00:00,51.25,50.312,51.25,50.875,0,306,1020,,5391,519,2755,1461,0.2,729
1653.0,2026-08-04T23:04:40.397912+00:00,51.25,50.468,51.25,50.968,0,306,1020,,5391,519,2755,1461,0.2,729
1654.0,2026-08-04T23:04:41.404215+00:00,51.281,50.593,51.281,50.781,0,306,1020,,5431,519,2755,1461,0.2,729
1655.0,2026-08-04T23:04:42.410349+00:00,51.25,50.343,51.25,50.875,0,306,1020,,5391,479,2755,1461,0.0,729
1656.0,2026-08-04T23:04:43.416600+00:00,51.5,50.656,51.5,50.906,0,306,1020,,5391,479,2755,1461,0.0,729
1657.0,2026-08-04T23:04:44.422966+00:00,51.531,50.343,51.531,50.843,0,306,1020,,5391,519,2755,1461,0.2,729
1658.1,2026-08-04T23:04:45.429619+00:00,51.562,50.406,51.562,50.906,0,306,1020,,5391,519,2755,1461,0.2,729
1659.1,2026-08-04T23:04:46.435831+00:00,51.312,50.5,51.312,50.843,0,306,1020,,5391,479,2755,1461,0.0,729
1660.1,2026-08-04T23:04:47.442071+00:00,51.375,50.343,51.375,50.968,0,306,1020,,5391,519,2755,1461,0.0,729
1661.1,2026-08-04T23:04:48.448380+00:00,51.281,50.375,51.281,51.031,0,306,1020,,5431,479,2795,1461,0.0,729
1662.1,2026-08-04T23:04:49.454050+00:00,51.593,50.437,51.593,51.062,0,306,1020,,5391,479,2755,1461,0.2,729
1663.1,2026-08-04T23:04:50.460318+00:00,51.531,50.75,51.531,50.906,0,306,1020,,5391,519,2755,1461,0.3,729
1664.1,2026-08-04T23:04:51.466003+00:00,51.625,50.468,51.625,50.968,0,306,1020,,5391,479,2755,1461,0.2,729
1665.1,2026-08-04T23:04:52.471774+00:00,51.656,50.375,51.656,50.937,0,306,1020,,5391,519,2755,1461,0.2,729
1666.1,2026-08-04T23:04:53.478165+00:00,51.687,50.343,51.687,50.968,0,306,1020,,5391,479,2755,1461,0.3,729
1667.1,2026-08-04T23:04:54.484694+00:00,51.281,50.531,51.281,50.843,0,306,1020,,5391,479,2755,1461,0.3,729
1668.1,2026-08-04T23:04:55.493185+00:00,51.343,50.625,51.343,50.843,0,306,1020,,5391,518,2755,1461,0.2,729
1669.1,2026-08-04T23:04:56.496735+00:00,51.437,50.406,51.437,50.906,0,306,1020,,5431,519,2755,1461,0.2,729
1670.1,2026-08-04T23:04:57.502459+00:00,51.406,50.406,51.406,50.968,0,306,1020,,5391,479,2755,1461,0.3,729
1671.1,2026-08-04T23:04:58.508363+00:00,51.25,50.468,51.25,50.906,0,306,1020,,5391,479,2755,1461,0.0,729
1672.1,2026-08-04T23:04:59.513905+00:00,51.218,50.468,51.218,50.843,0,306,1020,,5431,519,2755,1461,0.3,729
1673.1,2026-08-04T23:05:00.519845+00:00,51.218,50.687,51.218,50.843,0,306,1020,,5391,519,2755,1461,0.0,729
1674.2,2026-08-04T23:05:01.525615+00:00,51.187,50.343,51.187,50.812,0,306,1020,,5391,479,2755,1461,0.3,729
1675.2,2026-08-04T23:05:02.531328+00:00,51.218,50.406,51.218,50.968,0,306,1020,,5391,519,2755,1461,0.0,729
1676.2,2026-08-04T23:05:03.537142+00:00,51.406,50.468,51.406,50.812,0,306,1020,,5431,519,2795,1461,0.3,729
1677.2,2026-08-04T23:05:04.542954+00:00,51.437,50.468,51.437,50.875,0,306,1020,,5391,519,2755,1461,0.0,729
1678.2,2026-08-04T23:05:05.548685+00:00,51.468,50.625,51.468,50.875,0,306,1020,,5431,519,2755,1461,0.2,729
1679.2,2026-08-04T23:05:06.554360+00:00,51.437,50.312,51.437,50.968,0,306,1020,,5391,519,2755,1461,0.0,729
1680.2,2026-08-04T23:05:07.560119+00:00,51.468,50.468,51.468,50.937,0,306,1020,,5391,519,2755,1461,0.2,729
1681.2,2026-08-04T23:05:08.566144+00:00,51.5,50.562,51.5,50.843,0,306,1020,,5431,519,2755,1461,0.0,729
1682.2,2026-08-04T23:05:09.572177+00:00,51.281,50.468,51.281,50.812,0,306,1020,,5431,519,2755,1461,0.2,729
1683.2,2026-08-04T23:05:10.580177+00:00,51.312,50.593,51.312,50.875,0,306,1020,,5391,519,2755,1461,0.0,729
1684.2,2026-08-04T23:05:11.583664+00:00,51.343,50.375,51.343,50.968,0,306,1020,,5431,519,2755,1461,0.2,729
1685.2,2026-08-04T23:05:12.589315+00:00,51.312,50.468,51.312,51,0,306,1020,,5400,519,2755,1461,0.2,729
1686.2,2026-08-04T23:05:13.595163+00:00,51.343,50.5,51.343,50.875,0,306,1020,,5391,519,2755,1461,0.2,729
1687.2,2026-08-04T23:05:14.600883+00:00,51.656,50.468,51.656,50.906,0,306,1020,,5391,479,2755,1461,0.0,729
1688.2,2026-08-04T23:05:15.606719+00:00,51.625,50.687,51.625,50.875,0,306,1020,,5431,519,2755,1461,0.2,729
1689.2,2026-08-04T23:05:16.612084+00:00,51.562,50.406,51.562,50.968,0,306,1020,,5431,519,2755,1461,0.2,729
1690.2,2026-08-04T23:05:17.618093+00:00,51.687,50.468,51.687,51.031,0,306,1020,,5391,519,2755,1461,0.7,729
1691.2,2026-08-04T23:05:18.624192+00:00,51.687,50.625,51.687,50.843,0,306,1020,,5431,519,2795,1461,0.0,729
1692.3,2026-08-04T23:05:19.629700+00:00,51.687,50.437,51.281,50.781,0,306,1020,,5391,519,2755,1461,0.0,729
1693.3,2026-08-04T23:05:20.635913+00:00,51.375,50.656,51.375,50.875,0,306,1020,,5391,519,2755,1461,0.3,729
1694.3,2026-08-04T23:05:21.642160+00:00,51.437,50.343,51.437,50.937,0,306,1020,,5400,519,2755,1461,0.3,729
1695.3,2026-08-04T23:05:22.648192+00:00,51.343,50.406,51.343,50.781,0,306,1020,,5391,519,2755,1461,0.0,729
1696.3,2026-08-04T23:05:23.654282+00:00,51.218,50.531,51.218,50.781,0,306,1020,,5391,519,2755,1461,0.2,729
1697.3,2026-08-04T23:05:24.660040+00:00,51.156,50.312,51.156,50.843,0,306,1020,,5391,519,2755,1461,0.5,729
1698.3,2026-08-04T23:05:25.666755+00:00,51.25,50.468,51.25,50.968,0,306,1020,,5431,519,2795,1461,0.0,729
1699.3,2026-08-04T23:05:26.672724+00:00,51.218,50.531,51.218,50.937,0,306,1020,,5391,519,2755,1461,0.3,729
1700.3,2026-08-04T23:05:27.678965+00:00,51.5,50.687,51.5,50.843,0,306,1020,,5391,519,2755,1461,0.3,729
1701.3,2026-08-04T23:05:28.685005+00:00,51.375,50.562,51.375,50.843,0,306,1020,,5391,479,2755,1461,0.3,729
1702.3,2026-08-04T23:05:29.690955+00:00,51.375,50.281,51.375,50.906,0,306,1020,,5391,519,2755,1461,0.2,729
1703.3,2026-08-04T23:05:30.696647+00:00,51.375,50.312,51.375,50.968,0,306,1020,,5400,519,2755,1461,0.2,729
1704.3,2026-08-04T23:05:31.702859+00:00,51.25,50.437,51.25,50.906,0,306,1020,,5391,479,2755,1461,0.2,729
1705.3,2026-08-04T23:05:32.709527+00:00,51.218,50.687,51.218,50.843,0,306,1020,,5391,479,2755,1461,0.3,729
1706.3,2026-08-04T23:05:33.714809+00:00,51.218,50.468,51.218,50.937,0,306,1020,,5431,519,2795,1461,0.3,729
1707.3,2026-08-04T23:05:34.720510+00:00,51.218,50.25,51.218,50.875,0,306,1020,,5391,519,2755,1461,0.0,729
1708.4,2026-08-04T23:05:35.726243+00:00,51.218,50.406,51.218,51,0,306,1020,,5391,519,2755,1461,0.2,729
1709.4,2026-08-04T23:05:36.731936+00:00,51.5,50.406,51.5,50.843,0,306,1020,,5391,519,2755,1461,0.2,729
1710.4,2026-08-04T23:05:37.737940+00:00,51.562,50.687,51.562,50.812,0,306,1020,,5391,479,2755,1461,0.0,729
1711.4,2026-08-04T23:05:38.743208+00:00,51.531,50.468,51.531,50.906,0,306,1020,,5391,479,2755,1461,0.2,729
1712.4,2026-08-04T23:05:39.748971+00:00,51.687,50.281,51.687,50.968,0,306,1020,,5391,479,2755,1461,0.3,729
1713.4,2026-08-04T23:05:40.756904+00:00,51.656,50.375,51.656,50.968,0,306,1020,,5431,519,2795,1461,0.0,729
1714.4,2026-08-04T23:05:41.760443+00:00,51.656,50.468,51.656,50.875,0,306,1020,,5391,519,2755,1461,0.0,729
1715.4,2026-08-04T23:05:42.766327+00:00,51.312,50.625,51.312,50.781,0,306,1020,,5391,479,2755,1461,0.2,729
1716.4,2026-08-04T23:05:43.772193+00:00,51.343,50.468,51.343,50.843,0,306,1020,,5391,519,2755,1461,0.0,729
1717.4,2026-08-04T23:05:44.777635+00:00,51.343,50.406,51.343,50.906,0,306,1020,,5391,519,2755,1461,0.2,729
1718.4,2026-08-04T23:05:45.783629+00:00,51.312,50.406,51.312,50.968,0,306,1020,,5391,479,2755,1461,0.2,729
1719.4,2026-08-04T23:05:46.789082+00:00,51.312,50.468,51.312,50.781,0,306,1020,,5391,519,2755,1461,0.0,729
1720.4,2026-08-04T23:05:47.794936+00:00,51.343,50.531,51.343,50.937,0,306,1020,,5391,479,2755,1461,0.2,729
1721.4,2026-08-04T23:05:48.800544+00:00,51.218,50.343,51.218,50.937,0,306,1020,,5431,479,2795,1461,0.0,729
1722.4,2026-08-04T23:05:49.806295+00:00,51.218,50.468,51.218,50.906,0,306,1020,,5391,519,2795,1461,0.0,729
1723.4,2026-08-04T23:05:50.812229+00:00,51.218,50.375,51.218,50.968,0,306,1020,,5391,519,2755,1461,0.3,729
1724.4,2026-08-04T23:05:51.817688+00:00,51.281,50.375,51.281,50.875,0,306,1020,,5431,519,2755,1461,0.2,729
1725.4,2026-08-04T23:05:52.823477+00:00,51.218,50.687,51.218,50.937,0,306,1020,,5391,519,2795,1461,0.2,729
1726.5,2026-08-04T23:05:53.829554+00:00,51.281,50.375,51.281,50.875,0,306,1020,,5431,519,2755,1461,0.0,729
1727.5,2026-08-04T23:05:54.835308+00:00,51.406,50.437,51.406,50.968,0,306,1020,,5431,519,2795,1461,0.0,729
1728.5,2026-08-04T23:05:55.841285+00:00,51.437,50.406,51.437,50.75,0,306,1020,,5431,519,2795,1461,0.0,729
1729.5,2026-08-04T23:05:56.847023+00:00,51.531,50.468,51.531,50.843,0,306,1020,,5391,479,2795,1461,0.2,729
1730.5,2026-08-04T23:05:57.852794+00:00,51.5,50.687,51.5,50.906,0,306,1020,,5431,519,2755,1461,0.3,729
1731.5,2026-08-04T23:05:58.858423+00:00,51.468,50.343,51.468,50.968,0,306,1020,,5431,519,2795,1461,0.0,729
1732.5,2026-08-04T23:05:59.863978+00:00,51.312,50.437,51.312,50.968,0,306,1020,,5391,479,2795,1461,0.3,729
1733.5,2026-08-04T23:06:00.869777+00:00,51.375,50.5,51.375,50.781,0,306,1020,,5391,479,2795,1461,0.2,729
1734.5,2026-08-04T23:06:01.875480+00:00,51.312,50.468,51.312,50.906,0,306,1020,,5391,479,2755,1461,0.0,729
1735.5,2026-08-04T23:06:02.881324+00:00,51.343,50.625,51.343,50.937,0,306,1020,,5391,479,2795,1461,0.2,729
1736.5,2026-08-04T23:06:03.887118+00:00,51.312,50.312,51.312,50.906,0,306,1020,,5431,479,2795,1461,0.3,729
1737.5,2026-08-04T23:06:04.892884+00:00,51.343,50.468,51.343,51,0,306,1020,,5391,479,2795,1461,0.0,729
1738.5,2026-08-04T23:06:05.898594+00:00,51.625,50.531,51.625,50.906,0,306,1020,,5391,479,2795,1461,0.2,729
1739.5,2026-08-04T23:06:06.904761+00:00,51.625,50.406,51.625,50.906,0,306,1020,,5391,479,2755,1461,0.0,729
1740.5,2026-08-04T23:06:07.910404+00:00,51.687,50.593,51.687,50.875,0,306,1020,,5391,479,2755,1461,0.0,729
1741.5,2026-08-04T23:06:08.916266+00:00,51.75,50.343,51.75,50.906,0,306,1020,,5391,519,2755,1461,0.2,729
1742.5,2026-08-04T23:06:09.922108+00:00,51.687,50.406,51.687,50.937,0,306,1020,,5431,519,2755,1461,0.2,729
1743.6,2026-08-04T23:06:10.927754+00:00,51.281,50.531,51.375,50.906,0,306,1020,,5431,519,2795,1461,0.2,729
1744.6,2026-08-04T23:06:11.933210+00:00,51.375,50.468,51.375,50.875,0,306,1020,,5431,519,2795,1461,0.0,729
1745.6,2026-08-04T23:06:12.938942+00:00,51.375,50.656,51.375,50.843,0,306,1020,,5431,519,2795,1461,0.3,729
1746.6,2026-08-04T23:06:13.944492+00:00,51.375,50.437,51.375,50.906,0,306,1020,,5400,519,2795,1461,0.0,729
1747.6,2026-08-04T23:06:14.950479+00:00,51.437,50.468,51.437,50.968,0,306,1020,,5391,479,2755,1461,0.0,729
1748.6,2026-08-04T23:06:15.956166+00:00,51.437,50.562,51.437,50.875,0,306,1020,,5391,479,2755,1461,0.3,729
1749.6,2026-08-04T23:06:16.961616+00:00,51.5,50.375,51.5,50.843,0,306,1020,,5391,479,2755,1461,0.2,729
1750.6,2026-08-04T23:06:17.967462+00:00,51.25,50.593,51.25,50.937,0,306,1020,,5391,479,2755,1461,0.2,729
1751.6,2026-08-04T23:06:18.973468+00:00,51.218,50.343,51.218,50.968,0,306,1020,,5391,479,2795,1461,0.2,729
1752.6,2026-08-04T23:06:19.979748+00:00,51.281,50.437,51.281,50.937,0,306,1020,,5391,479,2755,1461,0.5,729
1753.6,2026-08-04T23:06:20.985462+00:00,51.375,50.593,51.375,50.843,0,306,1020,,5391,479,2755,1461,0.0,729
1754.6,2026-08-04T23:06:21.990842+00:00,51.281,50.406,51.281,50.843,0,306,1020,,5391,479,2755,1461,0.2,729
1755.6,2026-08-04T23:06:22.996556+00:00,51.531,50.625,51.531,50.843,0,306,1020,,5391,479,2755,1461,0.0,729
1756.6,2026-08-04T23:06:24.001987+00:00,51.562,50.375,51.562,50.937,0,306,1020,,5391,519,2755,1461,0.2,729
1757.6,2026-08-04T23:06:25.007409+00:00,51.562,50.468,51.562,50.968,0,306,1020,,5391,519,2755,1461,0.2,729
1758.6,2026-08-04T23:06:26.012830+00:00,51.562,50.593,51.562,50.812,0,306,1020,,5431,519,2795,1461,0.0,729
1759.6,2026-08-04T23:06:27.018554+00:00,51.625,50.406,51.625,50.843,0,306,1020,,5391,519,2755,1461,0.3,729
1760.6,2026-08-04T23:06:28.024363+00:00,51.562,50.562,51.562,50.906,0,306,1020,,5391,519,2755,1461,0.3,729
1761.7,2026-08-04T23:06:29.029448+00:00,51.656,50.312,51.656,50.968,0,306,1020,,5391,479,2755,1461,0.0,729
1762.7,2026-08-04T23:06:30.035382+00:00,51.687,50.437,51.687,50.968,0,306,1020,,5391,519,2755,1461,0.0,729
1763.7,2026-08-04T23:06:31.040667+00:00,51.687,50.625,51.375,51.031,0,306,1020,,5400,519,2755,1461,0.2,729
1764.7,2026-08-04T23:06:32.046150+00:00,51.406,50.343,51.406,50.968,0,306,1020,,5391,479,2755,1461,0.2,729
1765.7,2026-08-04T23:06:33.051842+00:00,51.343,50.593,51.343,50.937,0,306,1020,,5391,479,2755,1461,0.0,729
1766.7,2026-08-04T23:06:34.057686+00:00,51.375,50.343,51.375,50.968,0,306,1020,,5391,479,2755,1461,0.2,729
1767.7,2026-08-04T23:06:35.062778+00:00,51.437,50.468,51.437,50.968,0,306,1020,,5391,479,2795,1461,0.0,729
1768.7,2026-08-04T23:06:36.068875+00:00,51.406,50.468,51.406,50.968,0,306,1020,,5391,479,2755,1461,0.2,729
1769.7,2026-08-04T23:06:37.074022+00:00,51.343,50.468,51.343,50.812,0,306,1020,,5391,479,2755,1461,0.2,729
1770.7,2026-08-04T23:06:38.079732+00:00,51.375,50.562,51.375,50.875,0,306,1020,,5391,519,2755,1461,0.2,729
1771.7,2026-08-04T23:06:39.085116+00:00,51.562,50.343,51.562,50.937,0,306,1020,,5431,519,2755,1461,0.3,729
1772.7,2026-08-04T23:06:40.090826+00:00,51.281,50.406,51.281,51,0,306,1020,,5391,479,2755,1461,0.2,729
1773.7,2026-08-04T23:06:41.096149+00:00,51.218,50.5,51.218,51,0,306,1020,,5391,479,2795,1461,0.0,729
1774.7,2026-08-04T23:06:42.101832+00:00,51.281,50.531,51.281,50.906,0,306,1020,,5391,519,2755,1461,0.2,729
1775.7,2026-08-04T23:06:43.107281+00:00,51.343,50.531,51.343,50.875,0,306,1020,,5431,519,2755,1461,0.2,729
1776.7,2026-08-04T23:06:44.112659+00:00,51.343,50.375,51.343,50.968,0,306,1020,,5391,519,2755,1461,0.0,729
1777.7,2026-08-04T23:06:45.118452+00:00,51.343,50.406,51.343,50.937,0,306,1020,,5391,479,2755,1461,0.2,729
1778.7,2026-08-04T23:06:46.123970+00:00,51.281,50.468,51.281,51.062,0,306,1020,,5391,479,2755,1461,0.2,729
1779.8,2026-08-04T23:06:47.129564+00:00,51.343,50.468,51.531,50.906,0,306,1020,,5391,479,2755,1461,0.2,729
1780.8,2026-08-04T23:06:48.135472+00:00,51.562,50.531,51.562,50.906,0,306,1020,,5431,519,2795,1461,0.0,729
1781.8,2026-08-04T23:06:49.141212+00:00,51.593,50.406,51.593,50.968,0,306,1020,,5391,479,2755,1461,0.5,729
1782.8,2026-08-04T23:06:50.147083+00:00,51.625,50.5,51.625,50.968,0,306,1020,,5391,479,2755,1461,0.0,729
1783.8,2026-08-04T23:06:51.152645+00:00,51.656,50.5,51.656,51.062,0,306,1020,,5391,479,2755,1461,0.3,729
1784.8,2026-08-04T23:06:52.157879+00:00,51.687,50.406,51.687,50.875,0,306,1020,,5391,479,2755,1461,0.0,729
1785.8,2026-08-04T23:06:53.163755+00:00,51.687,50.625,51.687,50.937,0,306,1020,,5391,479,2755,1461,0.0,729
1786.8,2026-08-04T23:06:54.169270+00:00,51.312,50.312,51.312,51.031,0,306,1020,,5391,519,2755,1461,0.2,729
1787.8,2026-08-04T23:06:55.174717+00:00,51.375,50.468,51.375,50.906,0,306,1020,,5391,479,2755,1461,0.2,729
1788.8,2026-08-04T23:06:56.180296+00:00,51.406,50.375,51.406,50.968,0,306,1020,,5431,519,2795,1461,0.0,729
1789.8,2026-08-04T23:06:57.186139+00:00,51.437,50.468,51.437,50.812,0,306,1020,,5431,519,2755,1461,0.0,729
1790.8,2026-08-04T23:06:58.191786+00:00,51.468,50.656,51.468,50.906,0,306,1020,,5391,519,2755,1461,0.2,729
1791.8,2026-08-04T23:06:59.197030+00:00,51.468,50.406,51.468,50.906,0,306,1020,,5391,519,2755,1461,0.2,729
1792.8,2026-08-04T23:07:00.202608+00:00,51.468,50.625,51.468,50.968,0,306,1020,,5431,519,2755,1461,0.2,729
1793.8,2026-08-04T23:07:01.208075+00:00,51.468,50.406,51.468,51,0,306,1020,,5391,519,2755,1461,0.0,729
1794.8,2026-08-04T23:07:02.214194+00:00,51.375,50.5,51.375,50.843,0,306,1020,,5431,519,2755,1461,0.0,729
1795.8,2026-08-04T23:07:03.220310+00:00,51.25,50.593,51.25,50.968,0,306,1020,,5431,519,2795,1461,0.2,729
1796.9,2026-08-04T23:07:04.226713+00:00,51.312,50.343,51.312,50.906,0,306,1020,,5391,519,2755,1461,0.2,729
1797.9,2026-08-04T23:07:05.232505+00:00,51.25,50.406,51.25,50.937,0,306,1020,,5431,519,2795,1461,0.0,729
1798.9,2026-08-04T23:07:06.238266+00:00,51.562,50.468,51.562,51.093,0,306,1020,,5431,519,2755,1461,0.3,729
1799.9,2026-08-04T23:07:07.244243+00:00,51.531,50.781,51.531,50.968,0,306,1020,,5431,519,2795,1461,0.0,729
1800.9,2026-08-04T23:07:08.250348+00:00,51.593,50.593,51.593,50.937,0,306,1020,,5391,519,2795,1461,0.0,729
1801.9,2026-08-04T23:07:09.256336+00:00,51.531,50.406,51.531,50.906,0,306,1020,,5391,519,2755,1461,0.0,729
1802.9,2026-08-04T23:07:10.261939+00:00,51.625,50.468,51.625,51.031,0,306,1020,,5391,519,2755,1461,0.3,729
1803.9,2026-08-04T23:07:11.267805+00:00,51.437,50.531,51.437,51.062,0,306,1020,,5391,479,2795,1461,0.0,729
1804.9,2026-08-04T23:07:12.273464+00:00,51.312,50.718,51.312,50.937,0,306,1020,,5391,479,2795,1461,0.2,729
1805.9,2026-08-04T23:07:13.279292+00:00,51.343,50.593,51.343,50.968,0,306,1020,,5391,479,2755,1461,0.2,729
1806.9,2026-08-04T23:07:14.285574+00:00,51.375,50.468,51.375,50.968,0,306,1020,,5391,479,2755,1461,0.3,729
1807.9,2026-08-04T23:07:15.291974+00:00,51.687,50.437,51.687,51,0,306,1020,,5391,479,2795,1461,0.2,729
1808.9,2026-08-04T23:07:16.298030+00:00,51.625,50.562,51.625,50.906,0,306,1020,,5391,479,2755,1461,0.0,729
1809.9,2026-08-04T23:07:17.303821+00:00,51.687,50.75,51.687,50.968,0,306,1020,,5391,479,2755,1461,0.0,729
1810.9,2026-08-04T23:07:18.309886+00:00,51.75,50.468,51.75,50.968,0,306,1020,,5591,559,2835,1461,0.2,729
1811.9,2026-08-04T23:07:19.315222+00:00,51.75,50.468,51.75,50.968,0,306,1020,,5431,519,2795,1461,0.0,729
1812.9,2026-08-04T23:07:20.321462+00:00,51.375,50.437,51.375,51.125,0,306,1020,,5431,519,2755,1461,0.2,729
1814.0,2026-08-04T23:07:21.327452+00:00,51.406,50.5,51.406,50.937,0,306,1020,,5391,479,2755,1461,0.0,729
1815.0,2026-08-04T23:07:22.333044+00:00,51.437,50.718,51.437,50.968,0,306,1020,,5400,519,2755,1461,0.2,729
1816.0,2026-08-04T23:07:23.339252+00:00,51.437,50.468,51.437,50.968,0,306,1020,,5391,479,2755,1461,0.2,729
1817.0,2026-08-04T23:07:24.345166+00:00,51.531,50.531,51.375,51.062,0,306,1020,,5391,519,2755,1461,0.0,729
1818.0,2026-08-04T23:07:25.350520+00:00,51.343,50.593,51.343,50.968,0,306,1020,,5391,479,2755,1461,0.0,729
1819.0,2026-08-04T23:07:26.356695+00:00,51.343,50.531,51.343,51,0,306,1020,,5431,519,2795,1461,0.0,729
1820.0,2026-08-04T23:07:27.362197+00:00,51.375,50.718,51.375,51,0,306,1020,,5391,479,2795,1461,0.2,729
1821.0,2026-08-04T23:07:28.368269+00:00,51.406,50.437,51.406,50.968,0,306,1020,,5391,479,2755,1461,0.0,729
1822.0,2026-08-04T23:07:29.374126+00:00,51.343,50.562,51.562,51.125,0,306,1020,,5391,479,2755,1461,0.2,729
1823.0,2026-08-04T23:07:30.380505+00:00,51.531,50.593,51.531,50.937,0,306,1020,,5391,479,2795,1461,0.0,729
1824.0,2026-08-04T23:07:31.386111+00:00,51.593,50.5,51.593,51.031,0,306,1020,,5391,519,2755,1461,0.0,729
1825.0,2026-08-04T23:07:32.391787+00:00,51.625,50.75,51.625,50.968,0,306,1020,,5431,519,2795,1461,0.2,729
1826.0,2026-08-04T23:07:33.397325+00:00,51.625,50.468,51.625,51,0,306,1020,,5511,519,2835,1461,0.2,729
1827.0,2026-08-04T23:07:34.403009+00:00,51.562,50.468,51.562,51.125,0,306,1020,,5431,519,2795,1461,0.0,729
1828.0,2026-08-04T23:07:35.408728+00:00,51.656,50.656,51.437,51.031,0,306,1020,,5431,519,2755,1461,0.2,729
1829.0,2026-08-04T23:07:36.414990+00:00,51.343,50.468,51.343,51,0,306,1020,,5391,479,2755,1461,0.0,729
1830.0,2026-08-04T23:07:37.420468+00:00,51.406,50.75,51.406,50.843,0,306,1020,,5391,479,2755,1461,0.2,729
1831.1,2026-08-04T23:07:38.426721+00:00,51.437,50.437,51.437,51.093,0,306,1020,,5391,479,2755,1461,0.0,729
1832.1,2026-08-04T23:07:39.432291+00:00,51.406,50.593,51.406,51,0,306,1020,,5431,519,2755,1461,0.2,729
1833.1,2026-08-04T23:07:40.438012+00:00,51.75,50.625,51.75,50.937,0,306,1020,,5391,519,2755,1461,0.0,729
1834.1,2026-08-04T23:07:41.444085+00:00,51.781,50.468,51.781,50.968,0,306,1020,,5431,519,2795,1461,0.2,729
1835.1,2026-08-04T23:07:42.450032+00:00,51.718,50.687,51.718,51.062,0,306,1020,,5400,479,2755,1461,0.0,729
1836.1,2026-08-04T23:07:43.456264+00:00,51.812,50.437,51.812,51.093,0,306,1020,,5391,479,2755,1461,0.0,729
1837.1,2026-08-04T23:07:44.462366+00:00,51.437,50.562,51.437,50.968,0,306,1020,,5391,519,2755,1461,0.0,729
1838.1,2026-08-04T23:07:45.468900+00:00,51.406,50.593,51.406,50.906,0,306,1020,,5400,479,2755,1461,0.2,729
1839.1,2026-08-04T23:07:46.475048+00:00,51.5,50.468,51.5,50.937,0,306,1020,,5391,479,2755,1461,0.0,729
1840.1,2026-08-04T23:07:47.480627+00:00,51.5,50.468,51.5,51,0,306,1020,,5391,479,2755,1461,0.2,729
1841.1,2026-08-04T23:07:48.486875+00:00,51.343,50.593,51.343,50.937,0,306,1020,,5471,519,2795,1461,0.0,729
1842.1,2026-08-04T23:07:49.492975+00:00,51.375,50.687,51.375,51.031,0,306,1020,,5431,519,2795,1461,0.2,729
1843.1,2026-08-04T23:07:50.499084+00:00,51.281,50.468,51.281,51,0,306,1020,,5391,479,2755,1461,0.0,729
1844.1,2026-08-04T23:07:51.504967+00:00,51.312,50.468,51.312,50.968,0,306,1020,,5391,479,2755,1461,0.2,729
1845.1,2026-08-04T23:07:52.510945+00:00,51.531,50.468,51.531,51.156,0,306,1020,,5391,479,2755,1461,0.0,729
1846.1,2026-08-04T23:07:53.517241+00:00,51.5,50.593,51.5,50.968,0,306,1020,,5391,479,2755,1461,0.0,729
1847.1,2026-08-04T23:07:54.522906+00:00,51.5,50.687,51.5,50.968,0,306,1020,,5391,479,2755,1461,0.0,729
1848.2,2026-08-04T23:07:55.528704+00:00,51.531,50.468,51.531,50.968,0,306,1020,,5431,479,2755,1461,0.0,729
1849.2,2026-08-04T23:07:56.534610+00:00,51.531,50.5,51.531,51,0,306,1020,,5431,519,2795,1461,0.0,729
1850.2,2026-08-04T23:07:57.540187+00:00,51.375,50.468,51.375,51.031,0,306,1020,,5431,519,2755,1461,0.2,729
1851.2,2026-08-04T23:07:58.546175+00:00,51.406,50.5,51.406,51,0,306,1020,,5431,519,2755,1461,0.3,729
1852.2,2026-08-04T23:07:59.552379+00:00,51.437,50.812,51.437,50.968,0,306,1020,,5431,519,2795,1461,0.0,729
1853.2,2026-08-04T23:08:00.559118+00:00,51.406,50.5,51.406,51,0,306,1020,,5431,519,2795,1460,0.5,729
1854.2,2026-08-04T23:08:01.565420+00:00,51.562,50.531,51.562,51.031,0,306,1020,,5391,519,2755,1460,0.0,729
1855.2,2026-08-04T23:08:02.571259+00:00,51.593,50.656,51.593,50.875,0,306,1020,,5431,519,2755,1460,0.0,729
1856.2,2026-08-04T23:08:03.576961+00:00,51.687,50.468,51.687,50.968,0,306,1020,,5431,519,2795,1460,0.0,729
1857.2,2026-08-04T23:08:04.583070+00:00,51.656,50.718,51.656,50.875,0,306,1020,,5391,519,2755,1460,0.0,729
1858.2,2026-08-04T23:08:05.588977+00:00,51.312,50.437,51.312,51.062,0,306,1020,,5391,479,2755,1460,0.2,729
1859.2,2026-08-04T23:08:06.594510+00:00,51.437,50.5,51.437,51.062,0,306,1020,,5391,519,2755,1460,0.0,729
1860.2,2026-08-04T23:08:07.600689+00:00,51.406,50.593,51.406,50.968,0,306,1020,,5391,479,2755,1460,0.0,729
1861.2,2026-08-04T23:08:08.606861+00:00,51.375,50.437,51.375,50.875,0,306,1020,,5391,479,2755,1460,0.2,729
1862.2,2026-08-04T23:08:09.612921+00:00,51.718,50.593,51.718,51,0,306,1020,,5391,479,2755,1460,0.0,729
1863.2,2026-08-04T23:08:10.619506+00:00,51.781,50.562,51.781,51.062,0,306,1020,,5431,519,2795,1461,0.0,729
1864.3,2026-08-04T23:08:11.625483+00:00,51.781,50.468,51.781,50.937,0,306,1020,,5391,479,2755,1461,0.0,729
1865.3,2026-08-04T23:08:12.631860+00:00,51.406,50.562,51.406,50.968,0,306,1020,,5391,479,2755,1461,0.2,729
1866.3,2026-08-04T23:08:13.638178+00:00,51.5,50.375,51.5,50.937,0,306,1020,,5400,479,2755,1461,0.0,729
1867.3,2026-08-04T23:08:14.644554+00:00,51.468,50.468,51.468,51.031,0,306,1020,,5391,479,2755,1461,0.0,729
1868.3,2026-08-04T23:08:15.650561+00:00,51.437,50.562,51.437,50.937,0,306,1020,,5391,479,2755,1461,0.2,729
1869.3,2026-08-04T23:08:16.656232+00:00,51.25,50.656,51.25,50.968,0,306,1020,,5391,479,2755,1461,0.0,729
1870.3,2026-08-04T23:08:17.662106+00:00,51.218,50.5,51.218,51,0,306,1020,,5391,479,2755,1461,0.0,729
1871.3,2026-08-04T23:08:18.667474+00:00,51.218,50.375,51.218,50.968,0,306,1020,,5431,519,2795,1461,0.3,729
1872.3,2026-08-04T23:08:19.673312+00:00,51.343,50.468,51.343,51.031,0,306,1020,,5400,479,2755,1461,0.2,729
1873.3,2026-08-04T23:08:20.679850+00:00,51.406,50.5,51.406,50.906,0,306,1020,,5391,519,2755,1461,0.5,729
1874.3,2026-08-04T23:08:21.686447+00:00,51.531,50.781,51.531,50.906,0,306,1020,,5391,519,2755,1461,0.2,729
1875.3,2026-08-04T23:08:22.692339+00:00,51.562,50.468,51.562,50.968,0,306,1020,,5391,519,2755,1461,0.0,729
1876.3,2026-08-04T23:08:23.699568+00:00,51.281,50.5,51.281,51.062,0,306,1020,,5391,479,2755,1461,0.2,729
1877.3,2026-08-04T23:08:24.706286+00:00,51.312,50.625,51.312,50.875,0,306,1020,,5391,519,2755,1461,0.3,729
1878.3,2026-08-04T23:08:25.712075+00:00,51.343,50.468,51.343,50.968,0,306,1020,,5431,519,2795,1461,0.0,729
1879.3,2026-08-04T23:08:26.718278+00:00,51.343,50.406,51.343,50.906,0,306,1020,,5391,479,2755,1461,0.0,729
1880.3,2026-08-04T23:08:27.723968+00:00,51.5,50.468,51.5,50.968,0,306,1020,,5391,479,2755,1461,0.2,729
1881.4,2026-08-04T23:08:28.730147+00:00,51.562,50.5,51.562,50.875,0,306,1020,,5391,479,2755,1461,0.0,729
1882.4,2026-08-04T23:08:29.735841+00:00,51.687,50.687,51.687,50.875,0,306,1020,,5391,479,2755,1461,0.0,729
1883.4,2026-08-04T23:08:30.741492+00:00,51.593,50.437,51.593,50.875,0,306,1020,,5391,479,2755,1461,0.2,729
1884.4,2026-08-04T23:08:31.747769+00:00,51.312,50.468,51.312,50.968,0,306,1020,,5391,479,2755,1461,0.0,729
1885.4,2026-08-04T23:08:32.753688+00:00,51.406,50.531,51.406,50.968,0,306,1020,,5391,479,2755,1461,0.2,729
1886.4,2026-08-04T23:08:33.759423+00:00,51.343,50.468,51.343,50.906,0,306,1020,,5391,479,2795,1461,0.2,729
1887.4,2026-08-04T23:08:34.765911+00:00,51.375,50.593,51.375,50.968,0,306,1020,,5391,479,2755,1461,0.0,729
1888.4,2026-08-04T23:08:35.771816+00:00,51.687,50.406,51.687,51.031,0,306,1020,,5391,479,2755,1461,0.2,729
1889.4,2026-08-04T23:08:36.777963+00:00,51.718,50.468,51.718,50.968,0,306,1020,,5391,479,2755,1461,0.2,729
1890.4,2026-08-04T23:08:37.784267+00:00,51.687,50.468,51.687,50.937,0,306,1020,,5391,479,2755,1461,0.0,729
1891.4,2026-08-04T23:08:38.790876+00:00,51.843,50.781,51.843,50.968,0,306,1020,,5391,479,2755,1461,0.0,729
1892.4,2026-08-04T23:08:39.797028+00:00,51.437,50.593,51.437,50.875,0,306,1020,,5391,479,2755,1461,0.2,729
1893.4,2026-08-04T23:08:40.803393+00:00,51.406,50.531,51.406,51.093,0,306,1020,,5431,479,2795,1460,0.0,729
1894.4,2026-08-04T23:08:41.809271+00:00,51.437,50.437,51.437,50.843,0,306,1020,,5391,519,2755,1460,0.3,729
1895.4,2026-08-04T23:08:42.815795+00:00,51.281,50.531,51.281,50.906,0,306,1020,,5391,479,2795,1460,0.2,729
1896.4,2026-08-04T23:08:43.822023+00:00,51.281,50.781,51.281,50.968,0,306,1020,,5391,479,2795,1460,0.0,729
1897.5,2026-08-04T23:08:44.827798+00:00,51.25,50.343,51.25,50.968,0,306,1020,,5431,519,2795,1460,0.3,729
1898.5,2026-08-04T23:08:45.833994+00:00,51.312,50.5,51.312,51.062,0,306,1020,,5431,519,2795,1460,0.3,729
1899.5,2026-08-04T23:08:46.840254+00:00,51.437,50.687,51.437,50.937,0,306,1020,,5391,519,2755,1460,0.0,729
1900.5,2026-08-04T23:08:47.846514+00:00,51.531,50.468,51.531,51.031,0,306,1020,,5391,479,2795,1460,0.0,729
1901.5,2026-08-04T23:08:48.853046+00:00,51.5,50.437,51.5,50.937,0,306,1020,,5391,479,2795,1460,0.2,729
1902.5,2026-08-04T23:08:49.859105+00:00,51.312,50.531,51.312,51.093,0,306,1020,,5391,479,2795,1460,0.0,729
1903.5,2026-08-04T23:08:50.865102+00:00,51.343,50.468,51.343,50.906,0,306,1020,,5391,479,2795,1460,0.0,729
1904.5,2026-08-04T23:08:51.870996+00:00,51.312,50.625,51.312,50.937,0,306,1020,,5431,519,2795,1460,0.0,729
1905.5,2026-08-04T23:08:52.876931+00:00,51.343,50.343,51.343,50.968,0,306,1020,,5391,519,2795,1460,0.0,729
1906.5,2026-08-04T23:08:53.883255+00:00,51.625,50.531,51.625,51.031,0,306,1020,,5391,479,2795,1460,0.0,729
1907.5,2026-08-04T23:08:54.889829+00:00,51.562,50.593,51.562,50.937,0,306,1020,,5391,479,2795,1460,0.0,729
1908.5,2026-08-04T23:08:55.896059+00:00,51.687,50.875,51.687,50.968,0,306,1020,,5511,519,2835,1460,0.0,729
1909.5,2026-08-04T23:08:56.902471+00:00,51.406,50.593,51.406,50.937,0,306,1020,,5431,479,2795,1460,0.2,729
1910.5,2026-08-04T23:08:57.908356+00:00,51.468,50.343,51.468,50.968,0,306,1020,,5431,519,2795,1460,0.2,729
1911.5,2026-08-04T23:08:58.914559+00:00,51.375,50.468,51.375,51.062,0,306,1020,,5431,519,2795,1460,0.0,729
1912.5,2026-08-04T23:08:59.920462+00:00,51.375,50.531,51.375,50.968,0,306,1020,,5391,479,2755,1460,0.3,729
1913.6,2026-08-04T23:09:00.925946+00:00,51.406,50.812,51.656,50.968,0,306,1020,,5431,519,2795,1460,0.2,729
1914.6,2026-08-04T23:09:01.931842+00:00,51.718,50.437,51.718,50.968,0,306,1020,,5391,519,2755,1460,0.0,729
1915.6,2026-08-04T23:09:02.938289+00:00,51.75,50.5,51.75,51,0,306,1020,,5431,519,2755,1460,0.2,729
1916.6,2026-08-04T23:09:03.944795+00:00,51.781,50.625,51.781,50.875,0,306,1020,,5431,519,2795,1460,0.2,729
1917.6,2026-08-04T23:09:04.950496+00:00,51.437,50.625,51.437,50.968,0,306,1020,,5431,519,2795,1460,0.0,729
1918.6,2026-08-04T23:09:05.956584+00:00,51.406,50.75,51.406,50.968,0,306,1020,,5391,519,2755,1460,0.0,729
1919.6,2026-08-04T23:09:06.962796+00:00,51.437,50.406,51.437,51,0,306,1020,,5431,519,2755,1460,0.2,729
1920.6,2026-08-04T23:09:07.968791+00:00,51.5,50.531,51.5,51.062,0,306,1020,,5391,519,2755,1460,0.0,729
1921.6,2026-08-04T23:09:08.975095+00:00,51.281,50.656,51.281,50.906,0,306,1020,,5391,479,2755,1460,0.0,729
1922.6,2026-08-04T23:09:09.981333+00:00,51.281,50.468,51.281,50.968,0,306,1020,,5391,479,2755,1460,0.2,729
1923.6,2026-08-04T23:09:10.986725+00:00,51.25,50.468,51.25,50.968,0,306,1020,,5431,519,2795,1460,0.0,729
1924.6,2026-08-04T23:09:11.992917+00:00,51.218,50.468,51.218,51,0,306,1020,,5391,479,2755,1460,0.0,729
1925.6,2026-08-04T23:09:12.998707+00:00,51.531,50.531,51.531,50.937,0,306,1020,,5391,479,2755,1460,0.0,729
1926.6,2026-08-04T23:09:14.004687+00:00,51.5,50.625,51.5,50.937,0,306,1020,,5391,519,2755,1460,0.0,729
1927.6,2026-08-04T23:09:15.010635+00:00,51.562,50.437,51.562,50.968,0,306,1020,,5391,519,2755,1460,0.2,729
1928.6,2026-08-04T23:09:16.016677+00:00,51.593,50.468,51.593,51.031,0,306,1020,,5391,479,2755,1460,0.2,729
1929.6,2026-08-04T23:09:17.022097+00:00,51.531,50.656,51.531,51.187,0,306,1020,,5391,479,2755,1460,0.0,729
1930.7,2026-08-04T23:09:18.027934+00:00,51.531,50.468,51.375,50.875,0,306,1020,,5391,519,2755,1460,0.2,729
1931.7,2026-08-04T23:09:19.033824+00:00,51.312,50.656,51.312,50.937,0,306,1020,,5391,479,2795,1460,0.2,729
1932.7,2026-08-04T23:09:20.039905+00:00,51.343,50.406,51.343,51,0,306,1020,,5391,479,2755,1460,0.0,729
1933.7,2026-08-04T23:09:21.045586+00:00,51.406,50.437,51.406,51,0,306,1020,,5391,479,2755,1460,0.3,729
1934.7,2026-08-04T23:09:22.051458+00:00,51.281,50.562,51.281,51.062,0,306,1020,,5391,479,2755,1460,0.0,729
1935.7,2026-08-04T23:09:23.057655+00:00,51.625,50.437,51.625,50.937,0,306,1020,,5391,479,2755,1460,0.2,729
1936.7,2026-08-04T23:09:24.063811+00:00,51.625,50.625,51.625,50.968,0,306,1020,,5391,479,2755,1460,0.0,729
1937.7,2026-08-04T23:09:25.069614+00:00,51.687,50.406,51.687,50.968,0,306,1020,,5391,479,2755,1460,0.3,729
1938.7,2026-08-04T23:09:26.075406+00:00,51.687,50.468,51.687,50.843,0,306,1020,,5431,479,2795,1460,0.2,729
1939.7,2026-08-04T23:09:27.081951+00:00,51.375,50.593,51.375,50.968,0,306,1020,,5391,479,2795,1460,0.0,729
1940.7,2026-08-04T23:09:28.088079+00:00,51.406,50.75,51.406,50.937,0,306,1020,,5391,479,2755,1460,0.3,729
1941.7,2026-08-04T23:09:29.093480+00:00,51.343,50.468,51.343,50.968,0,306,1020,,5391,479,2795,1460,0.0,729
1942.7,2026-08-04T23:09:30.099497+00:00,51.375,50.468,51.375,51,0,306,1020,,5391,519,2795,1460,0.2,729
1943.7,2026-08-04T23:09:31.105164+00:00,51.375,50.375,51.375,51.156,0,306,1020,,5391,479,2755,1460,0.2,729
1944.7,2026-08-04T23:09:32.110894+00:00,51.875,50.625,51.875,50.906,0,306,1020,,5391,519,2755,1460,0.0,729
1945.7,2026-08-04T23:09:33.116632+00:00,51.812,50.75,51.812,50.968,0,306,1020,,5431,519,2795,1460,0.2,729
1946.7,2026-08-04T23:09:34.122386+00:00,51.343,50.468,51.343,51.062,0,306,1020,,5391,479,2795,1460,0.2,729
1947.8,2026-08-04T23:09:35.128133+00:00,51.343,50.5,51.343,51.125,0,306,1020,,5391,479,2755,1460,0.0,729
1948.8,2026-08-04T23:09:36.133942+00:00,51.218,50.468,51.218,51.062,0,306,1020,,5400,519,2755,1460,0.2,729
1949.8,2026-08-04T23:09:37.139620+00:00,51.281,50.5,51.281,50.875,0,306,1020,,5391,479,2755,1460,0.0,729
1950.8,2026-08-04T23:09:38.145166+00:00,51.562,50.781,51.562,50.937,0,306,1020,,5391,479,2755,1460,0.0,729
1951.8,2026-08-04T23:09:39.150863+00:00,51.468,50.437,51.468,50.937,0,306,1020,,5391,479,2755,1460,0.2,729
1952.8,2026-08-04T23:09:40.156791+00:00,51.468,50.468,51.468,51.031,0,306,1020,,5391,479,2755,1460,0.2,729
1953.8,2026-08-04T23:09:41.162190+00:00,51.5,50.468,51.5,51.062,0,306,1020,,5431,519,2795,1460,0.2,729
1954.8,2026-08-04T23:09:42.168055+00:00,51.562,50.468,51.562,50.781,0,306,1020,,5431,519,2755,1460,0.2,729
1955.8,2026-08-04T23:09:43.173689+00:00,51.593,50.75,51.593,50.937,0,306,1020,,5391,479,2755,1460,0.3,729
1956.8,2026-08-04T23:09:44.179302+00:00,51.281,50.406,51.281,50.937,0,306,1020,,5391,479,2755,1460,0.0,729
1957.8,2026-08-04T23:09:45.185086+00:00,51.375,50.5,51.375,51,0,306,1020,,5431,519,2755,1460,0.2,729
1958.8,2026-08-04T23:09:46.190632+00:00,51.343,50.375,51.343,50.875,0,306,1020,,5431,519,2755,1460,0.2,729
1959.8,2026-08-04T23:09:47.196280+00:00,51.375,50.468,51.375,50.875,0,306,1020,,5391,519,2755,1460,0.0,729
1960.8,2026-08-04T23:09:48.202013+00:00,51.437,50.812,51.437,50.968,0,306,1020,,5630,559,2875,1460,0.2,1728
1961.8,2026-08-04T23:09:49.207597+00:00,51.375,50.375,51.375,50.968,0,306,1020,,5471,519,2795,1460,0.0,729
1962.8,2026-08-04T23:09:50.213410+00:00,51.406,50.468,51.406,50.968,0,306,1020,,5431,519,2795,1460,0.2,729
1963.8,2026-08-04T23:09:51.219238+00:00,51.687,50.625,51.687,50.937,0,306,1020,,5431,519,2755,1460,0.0,729
1964.8,2026-08-04T23:09:52.224730+00:00,51.656,50.5,51.656,50.906,0,306,1020,,5431,519,2755,1460,0.2,729
1965.9,2026-08-04T23:09:53.230238+00:00,51.687,50.687,51.687,50.906,0,306,1020,,5391,519,2755,1460,0.0,729
1966.9,2026-08-04T23:09:54.235968+00:00,51.687,50.406,51.687,51.031,0,306,1020,,5391,479,2755,1460,0.2,729
1967.9,2026-08-04T23:09:55.241479+00:00,51.75,50.437,51.75,51.031,0,306,1020,,5391,519,2755,1460,0.2,729
1968.9,2026-08-04T23:09:56.247843+00:00,51.25,50.687,51.25,50.812,0,306,1020,,5391,479,2755,1460,0.0,729
1969.9,2026-08-04T23:09:57.253856+00:00,51.375,50.5,51.375,50.968,0,306,1020,,5391,519,2755,1460,0.2,729
1970.9,2026-08-04T23:09:58.259460+00:00,51.437,50.656,51.437,50.968,0,306,1020,,5431,519,2755,1460,0.2,729
1971.9,2026-08-04T23:09:59.265440+00:00,51.468,50.406,51.468,50.937,0,306,1020,,5391,479,2755,1460,0.2,729
1972.9,2026-08-04T23:10:00.270948+00:00,51.5,50.5,51.5,51.125,0,306,1020,,5391,519,2755,1460,0.2,729
1973.9,2026-08-04T23:10:01.276689+00:00,51.406,50.562,51.406,50.906,0,306,1020,,5391,479,2755,1460,0.0,729
1974.9,2026-08-04T23:10:02.282107+00:00,51.531,50.468,51.531,50.843,0,306,1020,,5391,479,2755,1460,0.0,729
1975.9,2026-08-04T23:10:03.288197+00:00,51.343,50.75,51.343,50.937,0,306,1020,,5431,519,2795,1460,0.0,729
1976.9,2026-08-04T23:10:04.293700+00:00,51.343,50.406,51.343,50.906,0,306,1020,,5391,479,2755,1460,0.2,729
1977.9,2026-08-04T23:10:05.299233+00:00,51.312,50.468,51.312,51.062,0,306,1020,,5391,519,2755,1460,0.0,729
1978.9,2026-08-04T23:10:06.304884+00:00,51.375,50.562,51.375,50.875,0,306,1020,,5431,519,2755,1460,0.2,729
1979.9,2026-08-04T23:10:07.310424+00:00,51.281,50.468,51.281,50.875,0,306,1020,,5391,479,2755,1460,0.2,729
1980.9,2026-08-04T23:10:08.316161+00:00,51.312,50.656,51.312,50.937,0,306,1020,,5391,479,2755,1460,0.2,729
1981.9,2026-08-04T23:10:09.321754+00:00,51.343,50.406,51.593,50.937,0,306,1020,,5391,519,2755,1460,0.2,729
1983.0,2026-08-04T23:10:10.327244+00:00,51.625,50.468,51.625,51,0,306,1020,,5391,519,2755,1460,0.0,729
1984.0,2026-08-04T23:10:11.333043+00:00,51.656,50.562,51.656,50.937,0,306,1020,,5431,519,2755,1460,0.2,729
1985.0,2026-08-04T23:10:12.338934+00:00,51.656,50.468,51.656,50.968,0,306,1020,,5391,519,2755,1460,0.2,729
1986.0,2026-08-04T23:10:13.344636+00:00,51.593,50.593,51.593,50.843,0,306,1020,,5391,479,2755,1460,0.0,729
1987.0,2026-08-04T23:10:14.350068+00:00,51.656,50.343,51.656,50.968,0,306,1020,,5391,479,2755,1460,0.0,729
1988.0,2026-08-04T23:10:15.355634+00:00,51.625,50.468,51.625,51.031,0,306,1020,,5391,479,2755,1460,0.2,729
1989.0,2026-08-04T23:10:16.361246+00:00,51.406,50.531,51.406,50.875,0,306,1020,,5391,519,2755,1460,0.0,729
1990.0,2026-08-04T23:10:17.366926+00:00,51.437,50.468,51.437,50.875,0,306,1020,,5391,479,2755,1460,0.0,729
1991.0,2026-08-04T23:10:18.372443+00:00,51.437,50.906,51.437,50.968,0,306,1020,,5870,638,2995,1460,0.2,1728
1992.0,2026-08-04T23:10:19.378047+00:00,51.406,50.437,51.406,50.968,0,306,1020,,5471,519,2795,1460,0.2,729
1993.0,2026-08-04T23:10:20.386083+00:00,51.437,50.437,51.437,51.031,0,306,1020,,5431,519,2795,1460,0.2,729
1994.0,2026-08-04T23:10:21.390656+00:00,51.5,50.562,51.5,50.906,0,306,1020,,5431,519,2755,1460,0.2,729
1995.0,2026-08-04T23:10:22.395867+00:00,51.281,50.5,51.281,50.937,0,306,1020,,5391,479,2755,1460,0.0,729
1996.0,2026-08-04T23:10:23.401585+00:00,51.312,50.625,51.312,50.937,0,306,1020,,5391,479,2755,1460,0.0,729
1997.0,2026-08-04T23:10:24.407076+00:00,51.25,50.375,51.25,50.937,0,306,1020,,5391,519,2755,1460,0.2,729
1998.0,2026-08-04T23:10:25.413139+00:00,51.25,50.437,51.25,51,0,306,1020,,5391,479,2755,1460,0.0,729
1999.0,2026-08-04T23:10:26.418509+00:00,51.281,50.562,51.281,50.906,0,306,1020,,5431,519,2755,1460,0.0,729
2000.0,2026-08-04T23:10:27.424200+00:00,51.187,50.5,51.187,50.937,0,306,1020,,5391,518,2755,1460,0.0,729
2001.1,2026-08-04T23:10:28.430082+00:00,51.5,50.593,51.5,50.937,0,306,1020,,5391,479,2755,1460,0.0,729
2002.1,2026-08-04T23:10:29.435858+00:00,51.5,50.375,51.5,51.031,0,306,1020,,5391,479,2755,1460,0.2,729
2003.1,2026-08-04T23:10:30.441402+00:00,51.531,50.5,51.531,51.062,0,306,1020,,5391,479,2755,1460,0.0,729
2004.1,2026-08-04T23:10:31.447125+00:00,51.562,50.531,51.562,50.843,0,306,1020,,5391,479,2755,1460,0.3,729
2005.1,2026-08-04T23:10:32.452763+00:00,51.5,50.468,51.5,50.812,0,306,1020,,5391,479,2755,1460,0.2,729
2006.1,2026-08-04T23:10:33.458451+00:00,51.656,50.562,51.656,50.906,0,306,1020,,5431,479,2795,1460,0.0,729
2007.1,2026-08-04T23:10:34.464296+00:00,51.406,50.375,51.406,50.968,0,306,1020,,5391,479,2755,1460,0.0,729
2008.1,2026-08-04T23:10:35.470192+00:00,51.312,50.406,51.312,51.031,0,306,1020,,5391,479,2755,1460,0.2,729
2009.1,2026-08-04T23:10:36.476358+00:00,51.281,50.5,51.281,50.843,0,306,1020,,5391,479,2755,1460,0.2,729
2010.1,2026-08-04T23:10:37.482706+00:00,51.25,50.375,51.25,50.906,0,306,1020,,5391,479,2755,1460,0.0,729
2011.1,2026-08-04T23:10:38.488394+00:00,51.687,50.562,51.687,51.031,0,306,1020,,5391,479,2755,1460,0.2,729
2012.1,2026-08-04T23:10:39.493904+00:00,51.687,50.343,51.687,50.968,0,306,1020,,5391,519,2755,1460,0.2,729
2013.1,2026-08-04T23:10:40.499731+00:00,51.687,50.281,51.687,50.875,0,306,1020,,5391,479,2755,1460,0.2,729
2014.1,2026-08-04T23:10:41.505242+00:00,51.75,50.593,51.75,50.937,0,306,1020,,5391,519,2755,1460,0.2,729
2015.1,2026-08-04T23:10:42.510858+00:00,51.718,50.375,51.718,50.906,0,306,1020,,5391,479,2755,1460,0.2,729
2016.1,2026-08-04T23:10:43.516573+00:00,51.687,50.531,51.687,50.937,0,306,1020,,5391,479,2755,1460,0.2,729
2017.1,2026-08-04T23:10:44.522312+00:00,51.281,50.343,51.281,50.968,0,306,1020,,5391,479,2755,1460,0.0,729
2018.2,2026-08-04T23:10:45.527840+00:00,51.312,50.468,51.312,50.781,0,306,1020,,5391,479,2755,1460,0.0,729
2019.2,2026-08-04T23:10:46.533532+00:00,51.468,50.531,51.468,50.937,0,306,1020,,5391,479,2755,1460,0.3,729
2020.2,2026-08-04T23:10:47.539246+00:00,51.437,50.375,51.437,50.906,0,306,1020,,5391,519,2755,1460,0.2,729
2021.2,2026-08-04T23:10:48.544845+00:00,51.437,50.593,51.437,50.906,0,306,1020,,5431,519,2795,1460,0.2,729
2022.2,2026-08-04T23:10:49.550509+00:00,51.5,50.343,51.5,50.906,0,306,1020,,5391,479,2755,1460,0.2,729
2023.2,2026-08-04T23:10:50.558438+00:00,51.437,50.468,51.437,50.812,0,306,1020,,5431,519,2755,1460,0.2,729
2024.2,2026-08-04T23:10:51.561705+00:00,51.5,50.5,51.5,50.718,0,306,1020,,5391,519,2755,1460,0.3,729
2025.2,2026-08-04T23:10:52.567371+00:00,51.281,50.343,51.281,51,0,306,1020,,5391,479,2755,1460,0.0,729
2026.2,2026-08-04T23:10:53.573062+00:00,51.312,50.531,51.312,50.843,0,306,1020,,5391,519,2755,1460,0.3,729
2027.2,2026-08-04T23:10:54.578563+00:00,51.281,50.343,51.281,50.906,0,306,1020,,5391,479,2755,1460,0.3,729
2028.2,2026-08-04T23:10:55.584225+00:00,51.312,50.406,51.312,50.812,0,306,1020,,5391,479,2755,1460,0.0,729
2029.2,2026-08-04T23:10:56.589770+00:00,51.312,50.5,51.312,50.781,0,306,1020,,5391,519,2755,1460,0.0,729
2030.2,2026-08-04T23:10:57.595433+00:00,51.312,50.75,51.312,50.906,0,306,1020,,5391,519,2755,1460,0.0,729
2031.2,2026-08-04T23:10:58.601143+00:00,51.343,50.562,51.343,50.968,0,306,1020,,5391,479,2755,1460,0.0,729
2032.2,2026-08-04T23:10:59.606882+00:00,51.531,50.343,51.531,50.937,0,306,1020,,5391,479,2755,1460,0.3,729
2033.2,2026-08-04T23:11:00.612481+00:00,51.656,50.406,51.656,50.968,0,306,1020,,5391,519,2755,1460,0.0,729
2034.2,2026-08-04T23:11:01.618059+00:00,51.625,50.562,51.625,50.843,0,306,1020,,5391,479,2755,1460,0.3,729
2035.2,2026-08-04T23:11:02.623727+00:00,51.687,50.718,51.687,50.875,0,306,1020,,5391,479,2755,1460,0.0,729
2036.3,2026-08-04T23:11:03.629370+00:00,51.687,50.5,51.687,50.937,0,306,1020,,5431,519,2795,1460,0.2,729
2037.3,2026-08-04T23:11:04.635098+00:00,51.75,50.437,51.75,50.968,0,306,1020,,5391,479,2755,1460,0.0,729
2038.3,2026-08-04T23:11:05.640795+00:00,51.75,50.437,51.75,51.031,0,306,1020,,5391,479,2755,1460,0.0,729
2039.3,2026-08-04T23:11:06.646217+00:00,51.375,50.531,51.375,50.843,0,306,1020,,5391,479,2755,1460,0.2,729
2040.3,2026-08-04T23:11:07.651909+00:00,51.406,50.781,51.406,50.968,0,306,1020,,5391,479,2755,1460,0.0,729
2041.3,2026-08-04T23:11:08.657392+00:00,51.437,50.531,51.437,50.875,0,306,1020,,5391,479,2755,1460,0.2,729
2042.3,2026-08-04T23:11:09.662938+00:00,51.468,50.343,51.468,50.968,0,306,1020,,5391,519,2755,1460,0.2,729
2043.3,2026-08-04T23:11:10.668672+00:00,51.437,50.437,51.437,50.968,0,306,1020,,5431,519,2795,1460,0.0,729
2044.3,2026-08-04T23:11:11.674250+00:00,51.468,50.5,51.468,50.812,0,306,1020,,5431,519,2755,1460,0.0,729
2045.3,2026-08-04T23:11:12.679746+00:00,51.5,50.656,51.5,50.906,0,306,1020,,5391,479,2755,1460,0.2,729
2046.3,2026-08-04T23:11:13.685274+00:00,51.468,50.562,51.468,50.906,0,306,1020,,5391,479,2755,1460,0.2,729
2047.3,2026-08-04T23:11:14.691010+00:00,51.218,50.406,51.218,51,0,306,1020,,5391,519,2755,1460,0.2,729
2048.3,2026-08-04T23:11:15.696706+00:00,51.281,50.375,51.281,50.968,0,306,1020,,5391,479,2755,1460,0.2,729
2049.3,2026-08-04T23:11:16.702104+00:00,51.312,50.5,51.312,50.843,0,306,1020,,5391,479,2755,1460,0.0,729
2050.3,2026-08-04T23:11:17.707966+00:00,51.281,50.656,51.281,50.906,0,306,1020,,5391,519,2755,1460,0.0,729
2051.3,2026-08-04T23:11:18.713531+00:00,51.343,50.5,51.343,50.906,0,306,1020,,5431,519,2795,1460,0.5,729
2052.3,2026-08-04T23:11:19.719206+00:00,51.343,50.343,51.343,50.937,0,306,1020,,5391,479,2755,1460,0.0,729
2053.3,2026-08-04T23:11:20.725028+00:00,51.562,50.406,51.562,50.937,0,306,1020,,5391,519,2755,1460,0.0,729
2054.4,2026-08-04T23:11:21.730734+00:00,51.593,50.531,51.593,50.906,0,306,1020,,5391,479,2755,1460,0.3,729
2055.4,2026-08-04T23:11:22.736144+00:00,51.625,50.75,51.625,50.843,0,306,1020,,5391,479,2755,1460,0.0,729
2056.4,2026-08-04T23:11:23.741824+00:00,51.625,50.593,51.625,50.906,0,306,1020,,5391,519,2755,1460,0.0,729
2057.4,2026-08-04T23:11:24.747887+00:00,51.593,50.343,51.593,50.968,0,306,1020,,5391,519,2755,1460,0.2,729
2058.4,2026-08-04T23:11:25.753816+00:00,51.687,50.437,51.687,50.937,0,306,1020,,5431,519,2795,1460,0.2,729
2059.4,2026-08-04T23:11:26.760019+00:00,51.375,50.5,51.375,50.843,0,306,1020,,5391,479,2755,1460,0.0,729
2060.4,2026-08-04T23:11:27.765674+00:00,51.375,50.593,51.375,50.812,0,306,1020,,5391,519,2755,1460,0.2,729
2061.4,2026-08-04T23:11:28.771523+00:00,51.468,50.437,51.468,50.875,0,306,1020,,5391,479,2755,1460,0.0,729
2062.4,2026-08-04T23:11:29.777963+00:00,51.312,50.468,51.312,50.968,0,306,1020,,5391,479,2755,1460,0.2,729
2063.4,2026-08-04T23:11:30.783579+00:00,51.75,50.343,51.75,51,0,306,1020,,5391,519,2755,1460,0.0,729
2064.4,2026-08-04T23:11:31.789596+00:00,51.281,50.468,51.281,50.812,0,306,1020,,5391,519,2755,1460,0.2,729
2065.4,2026-08-04T23:11:32.795473+00:00,51.25,50.687,51.25,50.937,0,306,1020,,5391,519,2755,1460,0.0,729
2066.4,2026-08-04T23:11:33.801345+00:00,51.343,50.406,51.343,50.968,0,306,1020,,5431,519,2795,1460,0.2,729
2067.4,2026-08-04T23:11:34.807393+00:00,51.187,50.531,51.187,51.031,0,306,1020,,5391,519,2755,1460,0.0,729
2068.4,2026-08-04T23:11:35.813189+00:00,51.437,50.562,51.437,50.937,0,306,1020,,5391,519,2755,1460,0.0,729
2069.4,2026-08-04T23:11:36.819011+00:00,51.562,50.468,51.562,50.906,0,306,1020,,5391,519,2755,1460,0.2,729
2070.5,2026-08-04T23:11:37.825203+00:00,51.593,50.718,51.593,50.968,0,306,1020,,5431,519,2795,1460,0.0,729
2071.5,2026-08-04T23:11:38.831428+00:00,51.468,50.343,51.468,50.968,0,306,1020,,5431,519,2795,1460,0.0,729
2072.5,2026-08-04T23:11:39.837040+00:00,51.312,50.468,51.312,51.062,0,306,1020,,5431,519,2795,1460,0.2,729
2073.5,2026-08-04T23:11:40.842836+00:00,51.312,50.625,51.312,50.906,0,306,1020,,5431,519,2795,1460,0.0,729
2074.5,2026-08-04T23:11:41.848598+00:00,51.343,50.468,51.343,50.906,0,306,1020,,5391,519,2795,1460,0.0,729
2075.5,2026-08-04T23:11:42.854314+00:00,51.343,50.625,51.343,50.968,0,306,1020,,5391,479,2795,1460,0.2,729
2076.5,2026-08-04T23:11:43.859702+00:00,51.281,50.375,51.281,50.843,0,306,1020,,5391,479,2755,1460,0.0,729
2077.5,2026-08-04T23:11:44.865674+00:00,51.343,50.468,51.343,50.968,0,306,1020,,5391,479,2795,1460,0.0,729
2078.5,2026-08-04T23:11:45.871355+00:00,51.562,50.531,51.562,50.937,0,306,1020,,5391,479,2795,1460,0.2,729
2079.5,2026-08-04T23:11:46.877054+00:00,51.531,50.375,51.531,50.875,0,306,1020,,5391,479,2795,1460,0.2,729
2080.5,2026-08-04T23:11:47.882704+00:00,51.593,50.625,51.593,50.937,0,306,1020,,5391,479,2795,1460,0.0,729
2081.5,2026-08-04T23:11:48.888341+00:00,51.687,50.375,51.687,51,0,306,1020,,5431,479,2795,1460,0.2,729
2082.5,2026-08-04T23:11:49.894003+00:00,51.687,50.468,51.687,51,0,306,1020,,5391,479,2795,1460,0.0,729
2083.5,2026-08-04T23:11:50.899689+00:00,51.687,50.562,51.687,50.843,0,306,1020,,5431,519,2795,1460,0.2,729
2084.5,2026-08-04T23:11:51.905256+00:00,51.75,50.437,51.75,51.031,0,306,1020,,5431,519,2795,1460,0.2,729
2085.5,2026-08-04T23:11:52.910757+00:00,51.375,50.687,51.375,50.906,0,306,1020,,5431,479,2795,1460,0.0,729
2086.5,2026-08-04T23:11:53.916291+00:00,51.375,50.468,51.375,50.968,0,306,1020,,5431,519,2795,1460,0.2,729
2087.5,2026-08-04T23:11:54.921775+00:00,51.437,50.468,51.437,51,0,306,1020,,5431,519,2795,1460,0.2,729
2088.6,2026-08-04T23:11:55.927363+00:00,51.468,50.5,51.468,50.968,0,306,1020,,5431,479,2795,1460,0.2,729
2089.6,2026-08-04T23:11:56.933052+00:00,51.375,50.468,51.375,50.875,0,306,1020,,5391,479,2795,1460,0.2,729
2090.6,2026-08-04T23:11:57.938726+00:00,51.437,50.687,51.437,50.906,0,306,1020,,5391,479,2795,1460,0.2,729
2091.6,2026-08-04T23:11:58.944213+00:00,51.406,50.437,51.406,50.968,0,306,1020,,5391,479,2795,1460,0.0,729
2092.6,2026-08-04T23:11:59.949875+00:00,51.375,50.468,51.375,50.968,0,306,1020,,5391,479,2795,1460,0.2,729
2093.6,2026-08-04T23:12:00.955647+00:00,51.25,50.593,51.25,50.781,0,306,1020,,5391,479,2795,1460,0.2,729
2094.6,2026-08-04T23:12:01.961265+00:00,51.281,50.468,51.281,50.937,0,306,1020,,5391,479,2795,1460,0.2,729
2095.6,2026-08-04T23:12:02.966761+00:00,51.281,50.625,51.281,50.906,0,306,1020,,5391,479,2755,1460,0.0,729
2096.6,2026-08-04T23:12:03.972393+00:00,51.312,50.375,51.312,50.968,0,306,1020,,5391,479,2795,1460,0.2,729
2097.6,2026-08-04T23:12:04.977729+00:00,51.343,50.5,51.343,51.031,0,306,1020,,5431,479,2795,1460,0.0,729
2098.6,2026-08-04T23:12:05.983432+00:00,51.312,50.5,51.312,50.875,0,306,1020,,5391,519,2795,1460,0.2,729
2099.6,2026-08-04T23:12:06.989120+00:00,51.281,50.468,51.281,50.875,0,306,1020,,5431,519,2795,1460,0.0,729
2100.6,2026-08-04T23:12:07.994457+00:00,51.531,50.687,51.531,50.875,0,306,1020,,5391,479,2795,1460,0.0,729
2101.6,2026-08-04T23:12:09.000222+00:00,51.562,50.437,51.562,50.906,0,306,1020,,5391,479,2795,1460,0.2,729
2102.6,2026-08-04T23:12:10.005911+00:00,51.593,50.437,51.593,50.906,0,306,1020,,5391,479,2795,1460,0.2,729
2103.6,2026-08-04T23:12:11.011436+00:00,51.656,50.5,51.656,50.812,0,306,1020,,5431,479,2795,1460,0.0,729
2104.6,2026-08-04T23:12:12.017230+00:00,51.625,50.468,51.625,50.968,0,306,1020,,5391,479,2795,1460,0.3,729
2105.6,2026-08-04T23:12:13.022649+00:00,51.656,50.625,51.656,50.843,0,306,1020,,5391,519,2755,1460,0.3,729
2106.7,2026-08-04T23:12:14.028202+00:00,51.656,50.406,51.656,50.968,0,306,1020,,5391,479,2795,1460,0.0,729
2107.7,2026-08-04T23:12:15.033862+00:00,51.687,50.437,51.375,50.875,0,306,1020,,5391,479,2795,1460,0.0,729
2108.7,2026-08-04T23:12:16.039464+00:00,51.375,50.468,51.375,50.843,0,306,1020,,5391,479,2755,1460,0.2,729
2109.7,2026-08-04T23:12:17.045059+00:00,51.343,50.468,51.343,50.843,0,306,1020,,5391,479,2755,1460,0.0,729
2110.7,2026-08-04T23:12:18.050589+00:00,51.406,50.625,51.406,50.875,0,306,1020,,5391,479,2795,1460,0.2,729
2111.7,2026-08-04T23:12:19.056456+00:00,51.375,50.343,51.375,50.937,0,306,1020,,5391,479,2795,1460,0.0,729
2112.7,2026-08-04T23:12:20.061884+00:00,51.406,50.437,51.406,50.875,0,306,1020,,5391,479,2755,1460,0.2,729
2113.7,2026-08-04T23:12:21.067570+00:00,51.375,50.406,51.375,50.968,0,306,1020,,5391,479,2755,1460,0.2,729
2114.7,2026-08-04T23:12:22.073943+00:00,51.25,50.437,51.25,50.843,0,306,1020,,5391,479,2755,1460,0.3,729
2115.7,2026-08-04T23:12:23.079241+00:00,51.25,50.593,51.25,50.875,0,306,1020,,5391,479,2795,1460,0.0,729
2116.7,2026-08-04T23:12:24.084941+00:00,51.218,50.375,51.218,50.906,0,306,1020,,5391,479,2755,1460,0.2,729
2117.7,2026-08-04T23:12:25.090483+00:00,51.25,50.468,51.25,50.875,0,306,1020,,5391,479,2755,1460,0.2,729
2118.7,2026-08-04T23:12:26.096053+00:00,51.218,50.468,51.218,51.031,0,306,1020,,5431,519,2795,1460,0.0,729
2119.7,2026-08-04T23:12:27.101822+00:00,51.281,50.468,51.281,50.843,0,306,1020,,5431,519,2795,1460,0.2,729
2120.7,2026-08-04T23:12:28.107778+00:00,51.5,50.593,51.5,50.906,0,306,1020,,5391,519,2795,1460,0.2,729
2121.7,2026-08-04T23:12:29.113272+00:00,51.593,50.437,51.593,50.843,0,306,1020,,5391,479,2755,1460,0.0,729
2122.7,2026-08-04T23:12:30.118979+00:00,51.593,50.406,51.593,50.968,0,306,1020,,5391,519,2795,1460,0.0,729
2123.7,2026-08-04T23:12:31.124868+00:00,51.593,50.468,51.593,50.968,0,306,1020,,5391,479,2755,1460,0.3,729
2124.8,2026-08-04T23:12:32.130594+00:00,51.625,50.375,51.625,50.75,0,306,1020,,5391,479,2795,1460,0.0,729
2125.8,2026-08-04T23:12:33.137166+00:00,51.562,50.562,51.312,50.75,0,306,1020,,5431,519,2795,1460,0.0,729
2126.8,2026-08-04T23:12:34.142898+00:00,51.343,50.281,51.343,50.875,0,306,1020,,5431,519,2795,1460,0.2,729
2127.8,2026-08-04T23:12:35.148495+00:00,51.343,50.375,51.343,50.937,0,306,1020,,5431,519,2755,1460,0.0,729
2128.8,2026-08-04T23:12:36.154132+00:00,51.375,50.531,51.375,51,0,306,1020,,5431,519,2795,1460,0.3,729
2129.8,2026-08-04T23:12:37.159736+00:00,51.406,50.75,51.406,50.875,0,306,1020,,5431,519,2755,1460,0.0,729
2130.8,2026-08-04T23:12:38.165268+00:00,51.343,50.531,51.343,50.968,0,306,1020,,5431,519,2755,1460,0.0,729
2131.8,2026-08-04T23:12:39.171098+00:00,51.375,50.312,51.375,50.937,0,306,1020,,5431,519,2755,1460,0.0,729
2132.8,2026-08-04T23:12:40.176668+00:00,51.687,50.468,51.687,50.968,0,306,1020,,5391,519,2755,1460,0.3,729
2133.8,2026-08-04T23:12:41.182361+00:00,51.75,50.531,51.75,51.093,0,306,1020,,5431,519,2795,1460,0.0,729
2134.8,2026-08-04T23:12:42.188054+00:00,51.218,50.656,51.218,50.843,0,306,1020,,5391,479,2755,1460,0.0,729
2135.8,2026-08-04T23:12:43.193767+00:00,51.125,50.5,51.125,50.812,0,306,1020,,5391,519,2795,1460,0.2,729
2136.8,2026-08-04T23:12:44.199354+00:00,51.156,50.343,51.156,50.843,0,306,1020,,5391,479,2755,1460,0.0,729
2137.8,2026-08-04T23:12:45.205086+00:00,51.281,50.437,51.281,50.968,0,306,1020,,5391,479,2755,1460,0.2,729
2138.8,2026-08-04T23:12:46.210624+00:00,51.281,50.562,51.281,51.062,0,306,1020,,5391,519,2755,1460,0.2,729
2139.8,2026-08-04T23:12:47.216268+00:00,51.468,50.718,51.468,50.812,0,306,1020,,5431,519,2755,1460,0.0,729
2140.8,2026-08-04T23:12:48.222102+00:00,51.437,50.531,51.437,50.875,0,306,1020,,5551,559,2835,1460,0.0,729
2141.9,2026-08-04T23:12:49.227669+00:00,51.468,50.312,51.468,50.906,0,306,1020,,5431,519,2795,1460,0.2,729
2142.9,2026-08-04T23:12:50.233272+00:00,51.437,50.375,51.437,50.968,0,306,1020,,5391,478,2795,1460,0.0,729
2143.9,2026-08-04T23:12:51.238985+00:00,51.468,50.593,51.468,50.968,0,306,1020,,5391,479,2755,1460,0.0,729
2144.9,2026-08-04T23:12:52.244845+00:00,51.5,50.843,51.5,50.843,0,306,1020,,5391,479,2755,1460,0.2,729
2145.9,2026-08-04T23:12:53.250405+00:00,51.312,50.5,51.312,50.812,0,306,1020,,5391,479,2755,1460,0.0,729
2146.9,2026-08-04T23:12:54.256510+00:00,51.281,50.375,51.281,50.937,0,306,1020,,5391,479,2755,1460,0.3,729
2147.9,2026-08-04T23:12:55.262470+00:00,51.343,50.375,51.343,50.968,0,306,1020,,5391,479,2755,1460,0.2,729
2148.9,2026-08-04T23:12:56.268308+00:00,51.281,50.468,51.281,50.812,0,306,1020,,5391,479,2755,1460,0.0,729
2149.9,2026-08-04T23:12:57.274023+00:00,51.25,50.656,51.25,50.843,0,306,1020,,5391,479,2755,1460,0.2,729
2150.9,2026-08-04T23:12:58.279779+00:00,51.5,50.5,51.5,50.875,0,306,1020,,5391,479,2755,1460,0.0,729
2151.9,2026-08-04T23:12:59.286123+00:00,51.562,50.312,51.562,50.906,0,306,1020,,5431,519,2795,1460,0.3,729
2152.9,2026-08-04T23:13:00.292453+00:00,51.687,50.437,51.687,51,0,306,1020,,5431,519,2795,1460,0.5,729
2153.9,2026-08-04T23:13:01.298940+00:00,51.343,50.531,51.343,50.812,0,306,1020,,5431,519,2755,1460,0.0,729
2154.9,2026-08-04T23:13:02.305317+00:00,51.375,50.593,51.375,50.937,0,306,1020,,5391,479,2755,1460,0.2,729
2155.9,2026-08-04T23:13:03.311180+00:00,51.343,50.343,51.343,50.875,0,306,1020,,5431,519,2795,1460,0.5,729
2156.9,2026-08-04T23:13:04.316850+00:00,51.343,50.437,51.343,50.937,0,306,1020,,5391,479,2755,1460,0.2,729
2157.9,2026-08-04T23:13:05.322624+00:00,51.375,50.531,51.718,50.812,0,306,1020,,5391,479,2795,1460,0.0,729
2159.0,2026-08-04T23:13:06.328557+00:00,51.75,50.468,51.75,50.843,0,306,1020,,5391,519,2795,1460,0.3,729
2160.0,2026-08-04T23:13:07.334122+00:00,51.25,50.531,51.25,50.906,0,306,1020,,5391,519,2755,1460,0.2,729
