You have video processor config saved in `preprocessor.json` file which is deprecated. Video processor configs should be saved in their own `video_preprocessor.json` file. You can rename the file or load and save the processor back which renames it automatically. Loading from `preprocessor.json` will be removed in v5.0.
[12:15:28] Device: cuda
[12:15:28] Loading 'rlodhi/smolvla_screw_picking_5000' …
Reducing the number of VLM layers to 16 ...
[12:16:16] Policy ready on cuda (fp16)
[12:16:16] chunk_size=5, n_action_steps=5, num_steps=10
[12:16:16] resize_imgs=(512, 512)
[12:16:16] Image keys : ['observation.images.base', 'observation.images.wrist']
[12:16:16] Action dim : 6
[12:16:16] Task       : 'pick up the object and place it in the box'
[12:16:16] Camera /dev/video2 opened at 424×240
[12:16:16] SW resize   : 424×240 → 320×240

[12:16:16] Warming up for 5 steps, then benchmarking for 1800s …

[12:16:21] #    1 [warm ] e2e= 4273.0ms  infer= 4049.7ms  cap=190.2ms
    t+0   | +0.1796  +0.0291  -0.2272  +0.3743  +0.0720  +0.1867
    t+1   | +0.1549  +0.1411  -0.3679  +0.4621  +0.1204  +0.3268
    t+2   | +0.0977  +0.2564  -0.4323  +0.5000  +0.1227  +0.3957
    t+3   | +0.1525  +0.2662  -0.4397  +0.5320  +0.0901  +0.4336
    t+4   | +0.2305  +0.2449  -0.4250  +0.5244  +0.1195  +0.3220
[12:16:22] #    2 [warm ] e2e= 1047.8ms  infer= 1044.8ms  cap=  2.8ms
    t+0   | +0.1078  +0.2043  -0.2885  +0.4436  +0.2781  +0.2584
    t+1   | +0.1466  +0.2570  -0.2655  +0.4382  +0.3494  +0.4067
    t+2   | +0.1820  +0.2069  -0.2241  +0.3577  +0.3336  +0.2877
    t+3   | +0.1818  +0.1589  -0.1434  +0.3206  +0.4316  +0.2180
    t+4   | +0.2174  +0.1220  -0.1374  +0.3370  +0.3908  +0.2706
[12:16:23] #    3 [warm ] e2e= 1039.4ms  infer= 1037.5ms  cap=  1.8ms
    t+0   | +0.1298  -0.0523  -0.0950  +0.3569  +0.0536  +0.3365
    t+1   | +0.1799  -0.0331  -0.0947  +0.3323  +0.0716  +0.3413
    t+2   | +0.1775  -0.0378  -0.0380  +0.2959  +0.1649  +0.3577
    t+3   | +0.1391  -0.0147  -0.0312  +0.3022  +0.2461  +0.3525
    t+4   | +0.1747  +0.0306  -0.0221  +0.3150  +0.2733  +0.4178
[12:16:24] #    4 [warm ] e2e= 1051.2ms  infer= 1048.6ms  cap=  2.4ms
    t+0   | +0.0609  +0.0891  -0.1319  +0.2392  +0.1043  +0.3083
    t+1   | +0.0281  +0.1682  -0.1927  +0.2775  +0.2188  +0.9466
    t+2   | +0.0524  +0.3588  -0.2642  +0.3868  +0.4852  +1.3429
    t+3   | +0.1801  +0.3317  -0.2663  +0.4148  +0.4739  +1.3237
    t+4   | +0.1708  +0.3476  -0.2893  +0.4166  +0.5109  +1.1063
[12:16:25] #    5 [warm ] e2e= 1046.5ms  infer= 1043.6ms  cap=  2.6ms
    t+0   | +0.2176  +0.0178  -0.1473  +0.3547  -0.0576  +0.4712
    t+1   | +0.1954  +0.0076  -0.1457  +0.3442  -0.0331  +0.4685
    t+2   | +0.2048  +0.1238  -0.2052  +0.3803  -0.0493  +0.5989
    t+3   | +0.2278  +0.1514  -0.2249  +0.3801  -0.0372  +0.5107
    t+4   | +0.1906  +0.1884  -0.2506  +0.3779  +0.0455  +0.4681
[12:16:26] #    6 [bench] e2e= 1033.0ms  infer= 1029.4ms  cap=  3.3ms
    t+0   | -0.1536  -0.1438  -0.0831  +0.2039  -0.1317  -0.0701
    t+1   | -0.2244  -0.2236  -0.0318  +0.1577  -0.1490  -0.1401
    t+2   | -0.2236  -0.2379  -0.0066  +0.0904  -0.1409  -0.2393
    t+3   | -0.1491  -0.1832  -0.0357  +0.0631  -0.1281  -0.2135
    t+4   | -0.1704  -0.1272  -0.0492  +0.0956  -0.1088  -0.1876
[12:16:27] #    7 [bench] e2e= 1067.1ms  infer= 1064.7ms  cap=  2.3ms
    t+0   | +0.1643  +0.0274  -0.1264  +0.2888  -0.0155  -0.1570
    t+1   | +0.1024  +0.0309  -0.1277  +0.2877  -0.0453  -0.3369
    t+2   | +0.0246  -0.0237  -0.1296  +0.2489  -0.0722  -0.3814
    t+3   | +0.0210  -0.0378  -0.1054  +0.2461  -0.0631  -0.2030
    t+4   | +0.0417  -0.0165  -0.0951  +0.2059  -0.0358  -0.1531
[12:16:28] #    8 [bench] e2e= 1029.8ms  infer= 1027.2ms  cap=  2.4ms
    t+0   | +0.1839  +0.0037  -0.1199  +0.1976  -0.2176  -0.6546
    t+1   | +0.1374  +0.0226  -0.1513  +0.2061  -0.2298  -0.4855
    t+2   | +0.0611  +0.0634  -0.1947  +0.2136  -0.2557  -0.3167
    t+3   | +0.0148  +0.0960  -0.2028  +0.2037  -0.1906  +0.1785
    t+4   | -0.0369  +0.1192  -0.1851  +0.1957  -0.1647  +0.2503
[12:16:29] #    9 [bench] e2e= 1033.1ms  infer= 1031.4ms  cap=  1.5ms
    t+0   | +0.1720  -0.0276  -0.1134  +0.2632  +0.0583  -0.0410
    t+1   | +0.0831  +0.0194  -0.1193  +0.3037  +0.0877  -0.0888
    t+2   | +0.0584  +0.0101  -0.1167  +0.2900  +0.0834  -0.0893
    t+3   | +0.0320  -0.0132  -0.0823  +0.2626  +0.0590  -0.1499
    t+4   | -0.0050  -0.0158  -0.0773  +0.2343  +0.0430  -0.1826
[12:16:30] #   10 [bench] e2e= 1038.8ms  infer= 1036.4ms  cap=  2.2ms
    t+0   | +0.0135  +0.2142  -0.4455  +0.3241  -0.1987  +0.2122
    t+1   | +0.0627  +0.1599  -0.3783  +0.2651  -0.1229  -0.1875
    t+2   | +0.1389  +0.1414  -0.2992  +0.2431  -0.1194  +0.0393
    t+3   | +0.1538  +0.1358  -0.2782  +0.2398  -0.1095  -0.0381
    t+4   | +0.1491  +0.1122  -0.2102  +0.2167  -0.1395  +0.0648
[12:16:31] #   11 [bench] e2e= 1039.5ms  infer= 1036.5ms  cap=  2.8ms
    t+0   | +0.0511  -0.0302  -0.0184  +0.2016  +0.0388  +0.2580
    t+1   | -0.0495  -0.1979  +0.1494  +0.0747  +0.3154  +0.0253
    t+2   | +0.0027  -0.2082  +0.1175  +0.0816  +0.2065  +0.0103
    t+3   | +0.0807  -0.1703  +0.0755  +0.1623  +0.1424  +0.0631
    t+4   | +0.0216  -0.1516  +0.0582  +0.1243  +0.1349  -0.7202
[12:16:32] #   12 [bench] e2e= 1087.3ms  infer= 1083.9ms  cap=  3.2ms
    t+0   | +0.2536  +0.0801  -0.1577  +0.2976  -0.2296  +0.0461
    t+1   | +0.2294  +0.1983  -0.2402  +0.3386  -0.1013  -0.0093
    t+2   | +0.1762  +0.1957  -0.2576  +0.3103  +0.0029  -0.1830
    t+3   | +0.1535  +0.2470  -0.3008  +0.3282  -0.0290  -0.2259
    t+4   | +0.1808  +0.2486  -0.2598  +0.3272  -0.0238  -0.1926
[12:16:33] #   13 [bench] e2e= 1023.8ms  infer= 1020.0ms  cap=  3.7ms
    t+0   | -0.0110  +0.1331  -0.3123  +0.1839  +0.0049  -0.6571
    t+1   | -0.0377  +0.1032  -0.2827  +0.1401  -0.0400  -0.6791
    t+2   | -0.0996  +0.0360  -0.2643  +0.1204  -0.0587  -0.6543
    t+3   | -0.0921  +0.0507  -0.2949  +0.1233  -0.0032  -0.6161
    t+4   | -0.0914  +0.0469  -0.2491  +0.1032  +0.0394  -0.6697
[12:16:34] #   14 [bench] e2e= 1032.5ms  infer= 1029.6ms  cap=  2.8ms
    t+0   | +0.1373  -0.0095  -0.1229  +0.2298  -0.0277  -0.3389
    t+1   | +0.0958  +0.0781  -0.1707  +0.2179  -0.0064  -0.2500
    t+2   | +0.1259  +0.1632  -0.2955  +0.2576  -0.0017  -0.1471
    t+3   | +0.1499  +0.2286  -0.3656  +0.2884  -0.0307  -0.0816
    t+4   | +0.1534  +0.2399  -0.3741  +0.2610  +0.0782  +0.1021
[12:16:35] #   15 [bench] e2e= 1049.6ms  infer= 1047.4ms  cap=  2.0ms
    t+0   | +0.1051  -0.0300  -0.0736  +0.2221  +0.0178  -0.2233
    t+1   | +0.0792  +0.0581  -0.1314  +0.2577  -0.0202  -0.1789
    t+2   | +0.0902  +0.0620  -0.1298  +0.2350  -0.0500  -0.1048
    t+3   | +0.1019  +0.0610  -0.0916  +0.2030  -0.0225  -0.1271
    t+4   | +0.0925  +0.0529  -0.0677  +0.2197  +0.0221  -0.1714
[12:16:36] #   16 [bench] e2e= 1049.8ms  infer= 1047.4ms  cap=  2.3ms
    t+0   | +0.1115  -0.0688  -0.0956  +0.2274  +0.0500  -0.6531
    t+1   | +0.0741  -0.0824  -0.1666  +0.2374  -0.0019  -0.5925
    t+2   | +0.0407  -0.0950  -0.1600  +0.2193  -0.0773  -0.4523
    t+3   | +0.0623  -0.0635  -0.2164  +0.2014  -0.0862  -0.2924
    t+4   | +0.1067  +0.0037  -0.2421  +0.2191  -0.0685  -0.3523
[12:16:37] #   17 [bench] e2e= 1028.2ms  infer= 1024.5ms  cap=  3.4ms
    t+0   | +0.1390  +0.1794  -0.2068  +0.2862  -0.0148  +0.0016
    t+1   | +0.1211  +0.1064  -0.1693  +0.2467  -0.0438  -0.0246
    t+2   | +0.0877  +0.0554  -0.1403  +0.2173  -0.0112  -0.1160
    t+3   | +0.0870  +0.0380  -0.0905  +0.1951  -0.0071  -0.1790
    t+4   | +0.0664  +0.0367  -0.1412  +0.2213  -0.0024  -0.2202
[12:16:38] #   18 [bench] e2e= 1034.9ms  infer= 1032.2ms  cap=  2.5ms
    t+0   | +0.1529  +0.1324  -0.2667  +0.3126  -0.0543  -0.2914
    t+1   | +0.1015  +0.1213  -0.2554  +0.2818  -0.0584  -0.4847
    t+2   | +0.0306  +0.0628  -0.2561  +0.2158  -0.0669  -0.7073
    t+3   | -0.0054  -0.0107  -0.2429  +0.1608  -0.0219  -0.6656
    t+4   | -0.1473  -0.1175  -0.1242  +0.0986  +0.0611  -0.5971
[12:16:39] #   19 [bench] e2e= 1036.4ms  infer= 1033.9ms  cap=  2.4ms
    t+0   | -0.2779  -0.3552  +0.2541  +0.0373  -0.0612  -0.7249
    t+1   | -0.2656  -0.3332  +0.2011  +0.0850  -0.0727  -0.6494
    t+2   | -0.1983  -0.2847  +0.1110  +0.1123  -0.1417  -0.4879
    t+3   | -0.1049  -0.2257  -0.0257  +0.1560  -0.1895  -0.3119
    t+4   | -0.0219  -0.2040  -0.0765  +0.1783  -0.1837  -0.1652
[12:16:40] #   20 [bench] e2e= 1044.7ms  infer= 1041.9ms  cap=  2.6ms
    t+0   | +0.1439  +0.1484  -0.2872  +0.2688  -0.0423  +0.0440
    t+1   | +0.0966  +0.1168  -0.2671  +0.2150  +0.0237  +0.0788
    t+2   | +0.0551  +0.0739  -0.2099  +0.1967  +0.0665  +0.5373
    t+3   | +0.0465  +0.0516  -0.2214  +0.2170  -0.0087  +1.0414
    t+4   | +0.0619  +0.0400  -0.2498  +0.2200  -0.0791  +1.3057
[12:16:41] #   21 [bench] e2e= 1037.0ms  infer= 1034.7ms  cap=  2.1ms
    t+0   | +0.2443  +0.0458  -0.0927  +0.2492  +0.0317  -0.1937
    t+1   | +0.1885  +0.1642  -0.2212  +0.2940  -0.0176  -0.1527
    t+2   | +0.1748  +0.1883  -0.2035  +0.2793  -0.0478  -0.2713
    t+3   | +0.1730  +0.2398  -0.2472  +0.2984  -0.0118  -0.1926
    t+4   | +0.2197  +0.2886  -0.3041  +0.3162  +0.0363  -0.0567
[12:16:42] #   22 [bench] e2e= 1038.4ms  infer= 1036.0ms  cap=  2.3ms
    t+0   | +0.1147  +0.2180  -0.4503  +0.3986  -0.1899  +0.4445
    t+1   | +0.1536  +0.1846  -0.4142  +0.3930  -0.1564  +0.2577
    t+2   | +0.1581  +0.2107  -0.4164  +0.3929  -0.1217  +0.3527
    t+3   | +0.1815  +0.2063  -0.3988  +0.3567  -0.0949  +0.3218
    t+4   | +0.1798  +0.1663  -0.3760  +0.3130  -0.0566  +0.2397
[12:16:43] #   23 [bench] e2e= 1037.6ms  infer= 1035.3ms  cap=  2.1ms
    t+0   | +0.2195  -0.0030  -0.1696  +0.2905  +0.0104  -0.2623
    t+1   | +0.2162  -0.0175  -0.1654  +0.2797  +0.0245  -0.3203
    t+2   | +0.0496  -0.0478  -0.2341  +0.2666  -0.0030  -0.3203
    t+3   | +0.0678  -0.0175  -0.2418  +0.2826  +0.1733  -0.2521
    t+4   | +0.0738  +0.0104  -0.2848  +0.3048  +0.0778  -0.2874
[12:16:44] #   24 [bench] e2e= 1035.7ms  infer= 1033.3ms  cap=  2.3ms
    t+0   | +0.0767  -0.1121  -0.0454  +0.1945  -0.0253  -0.3412
    t+1   | +0.1065  -0.0305  -0.1489  +0.2425  -0.1040  -0.0549
    t+2   | +0.0846  +0.0652  -0.2690  +0.2931  -0.1764  +0.3255
    t+3   | +0.0595  +0.1717  -0.3742  +0.3325  -0.1622  +0.3835
    t+4   | +0.1366  +0.1800  -0.3424  +0.3443  -0.0896  +0.2112
[12:16:46] #   25 [bench] e2e= 1037.9ms  infer= 1035.4ms  cap=  2.3ms
    t+0   | +0.1265  -0.0513  -0.1285  +0.2739  +0.0253  -0.2512
    t+1   | +0.0824  -0.0570  -0.1461  +0.2654  +0.0368  -0.2688
    t+2   | +0.0901  -0.0468  -0.1484  +0.2342  +0.0552  -0.1946
    t+3   | +0.0863  -0.0588  -0.1338  +0.2377  +0.0567  -0.2490
    t+4   | +0.0891  -0.0658  -0.1765  +0.2223  -0.0185  -0.3519

  [live] after 20 bench steps — e2e mean=1040.7ms  |  max replan freq=0.96 Hz  |  max control freq=4.80 Hz (n_action_steps=5)

[12:16:47] #   26 [bench] e2e= 1069.6ms  infer= 1066.7ms  cap=  2.8ms
    t+0   | +0.1148  -0.0246  -0.0792  +0.2082  -0.0780  +0.0058
    t+1   | +0.1000  +0.0801  -0.1035  +0.2093  -0.0721  -0.0998
    t+2   | +0.0656  +0.1081  -0.1419  +0.2025  -0.1221  -0.2611
    t+3   | +0.1194  +0.1143  -0.1868  +0.1999  -0.1330  -0.2546
    t+4   | +0.1762  +0.1329  -0.2133  +0.2277  -0.0989  -0.1634
[12:16:48] #   27 [bench] e2e= 1074.0ms  infer= 1071.3ms  cap=  2.5ms
    t+0   | +0.2159  -0.0247  -0.0721  +0.2057  -0.1101  +0.0077
    t+1   | +0.2270  +0.0228  -0.1069  +0.2153  -0.0882  -0.0041
    t+2   | +0.2036  +0.0329  -0.1334  +0.1953  -0.0422  +0.0327
    t+3   | +0.1880  +0.0558  -0.1357  +0.2395  -0.0361  +0.0230
    t+4   | +0.1455  +0.0282  -0.1612  +0.2168  -0.0340  -0.0307
[12:16:49] #   28 [bench] e2e= 1033.7ms  infer= 1031.1ms  cap=  2.4ms
    t+0   | -0.0516  -0.4417  +0.2303  +0.0648  +0.2816  -0.3913
    t+1   | -0.1529  -0.3671  +0.2128  +0.0476  +0.2314  -0.3754
    t+2   | -0.1163  -0.2852  +0.1527  +0.0764  +0.1830  -0.3097
    t+3   | -0.2072  -0.2748  +0.1677  +0.0800  +0.1456  -0.4652
    t+4   | -0.1280  -0.2302  +0.0918  +0.1175  +0.1231  -0.4708
[12:16:50] #   29 [bench] e2e= 1038.8ms  infer= 1035.3ms  cap=  3.3ms
    t+0   | +0.2080  -0.0076  -0.0873  +0.2541  +0.0755  +0.0327
    t+1   | +0.1217  -0.0767  -0.0420  +0.1645  -0.0499  -0.0681
    t+2   | +0.1097  -0.0754  -0.0307  +0.1596  +0.0077  -0.0108
    t+3   | +0.1125  -0.0555  -0.0691  +0.1829  -0.0233  +0.0278
    t+4   | +0.1814  -0.0546  -0.1402  +0.2665  +0.0116  +0.4204
[12:16:51] #   30 [bench] e2e= 1062.7ms  infer= 1059.7ms  cap=  2.9ms
    t+0   | +0.2004  +0.0819  -0.2611  +0.3102  -0.0262  +0.0629
    t+1   | +0.2466  +0.1186  -0.3380  +0.3257  +0.0343  +0.0124
    t+2   | +0.2557  +0.1172  -0.3165  +0.3057  +0.1224  +0.0652
    t+3   | +0.2452  +0.1126  -0.3067  +0.2953  +0.1295  +0.0401
    t+4   | +0.2109  +0.1005  -0.3107  +0.3228  +0.1144  +0.0800
[12:16:52] #   31 [bench] e2e= 1027.8ms  infer= 1024.6ms  cap=  3.1ms
    t+0   | +0.1081  -0.0080  -0.1424  +0.2333  -0.1413  +0.0291
    t+1   | -0.0551  -0.0191  -0.1559  +0.1953  -0.1002  +0.0259
    t+2   | -0.0976  -0.0022  -0.2115  +0.2004  -0.0588  -0.2461
    t+3   | -0.0603  +0.0362  -0.2698  +0.2292  -0.0564  -0.2066
    t+4   | -0.0301  +0.0736  -0.2917  +0.2433  -0.0523  -0.1791
[12:16:53] #   32 [bench] e2e= 1031.4ms  infer= 1028.1ms  cap=  3.2ms
    t+0   | +0.0132  -0.1551  -0.0972  +0.2699  +0.0435  -0.2907
    t+1   | -0.0336  -0.1976  -0.0382  +0.2412  +0.2155  -0.2608
    t+2   | -0.0232  -0.1663  -0.0400  +0.2221  +0.1916  -0.2278
    t+3   | +0.0242  -0.1102  -0.1038  +0.2300  +0.1504  -0.2378
    t+4   | +0.0348  -0.0799  -0.1116  +0.2106  +0.1469  -0.2909
[12:16:54] #   33 [bench] e2e= 1034.6ms  infer= 1031.2ms  cap=  3.2ms
    t+0   | -0.0224  -0.1874  -0.0039  +0.1859  -0.0619  -0.2703
    t+1   | -0.0595  -0.2425  -0.0138  +0.1688  -0.0549  -0.5465
    t+2   | -0.0732  -0.4180  +0.0663  +0.0571  -0.0743  -0.6422
    t+3   | -0.0616  -0.4445  +0.0756  +0.0085  -0.0964  -0.6705
    t+4   | -0.0032  -0.3941  +0.0194  +0.0371  -0.1131  -0.6453
[12:16:55] #   34 [bench] e2e= 1030.6ms  infer= 1027.2ms  cap=  3.2ms
    t+0   | +0.1506  +0.0475  -0.1154  +0.2148  +0.0272  +0.2286
    t+1   | +0.1047  +0.0582  -0.1507  +0.2022  +0.0350  +0.1584
    t+2   | +0.1220  +0.0820  -0.1778  +0.2609  +0.0553  +0.1502
    t+3   | +0.1586  +0.1089  -0.1675  +0.2906  +0.0333  +0.1013
    t+4   | +0.1403  +0.1137  -0.1808  +0.2734  +0.0138  +0.0533
[12:16:56] #   35 [bench] e2e= 1030.7ms  infer= 1027.2ms  cap=  3.2ms
    t+0   | +0.1546  +0.0128  -0.1660  +0.3404  +0.0012  +0.1428
    t+1   | +0.1951  +0.0384  -0.1760  +0.3443  -0.0243  +0.2324
    t+2   | +0.1670  +0.0378  -0.1795  +0.2990  -0.0905  +0.2207
    t+3   | +0.1333  +0.0419  -0.1666  +0.2837  -0.0760  +0.1775
    t+4   | +0.0866  +0.0777  -0.1906  +0.2695  -0.0961  +0.1894
[12:16:57] #   36 [bench] e2e= 1035.4ms  infer= 1032.2ms  cap=  3.0ms
    t+0   | +0.3092  +0.1009  -0.2014  +0.3149  +0.1082  -0.0241
    t+1   | +0.2318  +0.1093  -0.2644  +0.3130  +0.0649  -0.0741
    t+2   | +0.1859  +0.1169  -0.2297  +0.3083  +0.0159  -0.0697
    t+3   | +0.1488  +0.1147  -0.2042  +0.2770  +0.0010  -0.0328
    t+4   | +0.1267  +0.1277  -0.1996  +0.2943  -0.0256  +0.0828
[12:16:58] #   37 [bench] e2e= 1033.2ms  infer= 1030.4ms  cap=  2.7ms
    t+0   | +0.0388  -0.0824  +0.0109  +0.1514  +0.0097  +0.0728
    t+1   | -0.1090  -0.1518  +0.0922  +0.1214  +0.0077  +0.1479
    t+2   | -0.2155  -0.0903  +0.0234  +0.1348  -0.1904  +0.1661
    t+3   | -0.1984  -0.0710  -0.0508  +0.1756  -0.1577  +0.0639
    t+4   | -0.2793  -0.1339  -0.0718  +0.1310  -0.1298  -0.3880
[12:16:59] #   38 [bench] e2e= 1028.9ms  infer= 1026.0ms  cap=  2.6ms
    t+0   | +0.2572  +0.0767  -0.1815  +0.3021  +0.0731  -0.1693
    t+1   | +0.3122  +0.1484  -0.2124  +0.3139  +0.1365  -0.1052
    t+2   | +0.3034  +0.1579  -0.1896  +0.2783  +0.1389  +0.0034
    t+3   | +0.2733  +0.1563  -0.1728  +0.2375  +0.1208  +0.1191
    t+4   | +0.2573  +0.1476  -0.1868  +0.2530  +0.0980  +0.1038
[12:17:00] #   39 [bench] e2e= 1031.4ms  infer= 1028.0ms  cap=  3.3ms
    t+0   | +0.1776  +0.0314  -0.1082  +0.2432  +0.0042  +0.0462
    t+1   | +0.1633  -0.0008  -0.0933  +0.2476  +0.0550  -0.0341
    t+2   | +0.1007  -0.0122  -0.0962  +0.2402  +0.1670  -0.1590
    t+3   | +0.0255  +0.0150  -0.1704  +0.2600  +0.1896  -0.1610
    t+4   | +0.0622  +0.0224  -0.2326  +0.2965  +0.2026  -0.0492
[12:17:01] #   40 [bench] e2e= 1032.1ms  infer= 1029.0ms  cap=  3.0ms
    t+0   | +0.1599  +0.0409  -0.2201  +0.3123  -0.1369  +0.0077
    t+1   | +0.0852  -0.0191  -0.2095  +0.2485  -0.1639  -0.1568
    t+2   | +0.0560  -0.0096  -0.1993  +0.2159  -0.1340  -0.1817
    t+3   | +0.0855  +0.0229  -0.2289  +0.1920  -0.1162  -0.1479
    t+4   | +0.0545  +0.0586  -0.2542  +0.1964  -0.1236  -0.1372
[12:17:02] #   41 [bench] e2e= 1031.2ms  infer= 1028.0ms  cap=  3.0ms
    t+0   | +0.0159  -0.0821  +0.0061  +0.2303  +0.2561  -0.3980
    t+1   | -0.0285  -0.1376  -0.0090  +0.2237  +0.2096  -0.4709
    t+2   | +0.0216  -0.1633  -0.1496  +0.2353  +0.1706  -0.6120
    t+3   | +0.0644  -0.0965  -0.1563  +0.2654  +0.1592  -0.3611
    t+4   | +0.1019  -0.0508  -0.1727  +0.2919  +0.1961  -0.3713
[12:17:03] #   42 [bench] e2e= 1027.9ms  infer= 1024.7ms  cap=  3.0ms
    t+0   | +0.1630  +0.0358  -0.1132  +0.2464  -0.0008  +0.0108
    t+1   | +0.1834  -0.0008  -0.1240  +0.2603  +0.0594  -0.0222
    t+2   | +0.2305  +0.0130  -0.1552  +0.2643  +0.1700  -0.1004
    t+3   | +0.1988  +0.0327  -0.1398  +0.2514  +0.3434  -0.2711
    t+4   | +0.1497  +0.1240  -0.2478  +0.2844  +0.4904  -0.2525
[12:17:04] #   43 [bench] e2e= 1027.6ms  infer= 1024.2ms  cap=  3.2ms
    t+0   | +0.0929  -0.1339  -0.0165  +0.1469  +0.0031  -0.5723
    t+1   | +0.0440  -0.1505  -0.0151  +0.1323  -0.0016  -0.5729
    t+2   | -0.0426  -0.1121  -0.0918  +0.1732  -0.0155  -0.5275
    t+3   | -0.0645  -0.1172  -0.1070  +0.1703  -0.0055  -0.5715
    t+4   | -0.1015  -0.1415  -0.0867  +0.1279  +0.0416  -0.6340
[12:17:05] #   44 [bench] e2e= 1037.0ms  infer= 1034.2ms  cap=  2.6ms
    t+0   | +0.1962  -0.0426  -0.0413  +0.2492  +0.2020  +0.0691
    t+1   | +0.1769  -0.0482  -0.0450  +0.2538  +0.1847  +0.0542
    t+2   | +0.1845  +0.0351  -0.1131  +0.2914  +0.1346  +0.0243
    t+3   | +0.1739  +0.0744  -0.2097  +0.2904  +0.0715  +0.0417
    t+4   | +0.1680  +0.1154  -0.2514  +0.2972  +0.0596  +0.0582
[12:17:06] #   45 [bench] e2e= 1032.2ms  infer= 1029.1ms  cap=  2.8ms
    t+0   | +0.1572  +0.0813  -0.2579  +0.3419  -0.0065  +0.1948
    t+1   | +0.1225  +0.0462  -0.2213  +0.2877  +0.0216  +0.0213
    t+2   | +0.1235  +0.0243  -0.1816  +0.2588  -0.0048  +0.1361
    t+3   | +0.1272  +0.0127  -0.1530  +0.2669  -0.0166  +0.1590
    t+4   | +0.1388  -0.0193  -0.1354  +0.2367  +0.0051  +0.2120

  [live] after 40 bench steps — e2e mean=1039.1ms  |  max replan freq=0.96 Hz  |  max control freq=4.81 Hz (n_action_steps=5)

[12:17:07] #   46 [bench] e2e= 1032.0ms  infer= 1028.1ms  cap=  3.7ms
    t+0   | +0.0705  -0.1150  -0.0885  +0.1920  +0.0064  -0.2127
    t+1   | +0.0899  -0.0933  -0.0958  +0.2006  +0.0144  -0.2056
    t+2   | +0.1491  -0.0668  -0.0774  +0.1899  +0.0141  -0.2152
    t+3   | +0.1560  -0.0516  -0.1233  +0.1854  -0.0277  +0.1855
    t+4   | +0.1040  -0.0361  -0.2649  +0.1935  -0.0734  +0.1056
[12:17:08] #   47 [bench] e2e= 1023.7ms  infer= 1021.4ms  cap=  2.1ms
    t+0   | +0.1100  +0.0415  -0.0927  +0.2173  +0.0065  +0.0592
    t+1   | +0.1145  +0.0464  -0.0916  +0.1969  -0.0235  +0.0871
    t+2   | +0.0614  +0.0221  -0.1979  +0.2225  -0.0592  +0.0548
    t+3   | +0.0902  +0.0329  -0.2717  +0.2740  -0.1118  +0.4192
    t+4   | +0.1516  +0.0295  -0.2553  +0.2495  -0.1139  +0.3213
[12:17:09] #   48 [bench] e2e= 1052.5ms  infer= 1049.5ms  cap=  2.8ms
    t+0   | +0.1415  -0.0461  -0.0672  +0.2516  -0.0694  +0.0925
    t+1   | +0.1131  -0.0834  -0.0222  +0.2167  -0.0844  +0.0692
    t+2   | +0.1060  -0.1323  -0.0266  +0.1720  -0.0857  +0.0570
    t+3   | +0.0566  -0.1234  -0.0104  +0.1367  -0.0975  +0.0403
    t+4   | +0.0582  -0.0725  -0.0600  +0.1332  -0.0981  +0.0954
[12:17:10] #   49 [bench] e2e= 1024.3ms  infer= 1020.5ms  cap=  3.6ms
    t+0   | +0.2342  -0.0109  -0.1454  +0.2693  -0.0332  -0.0074
    t+1   | +0.2042  +0.0021  -0.1230  +0.2397  -0.0291  -0.1208
    t+2   | +0.1435  +0.0251  -0.1588  +0.2168  -0.0048  -0.1467
    t+3   | +0.1134  -0.0189  -0.1486  +0.2019  +0.0392  -0.0645
    t+4   | +0.1153  -0.0316  -0.1566  +0.1892  +0.0184  -0.1013
[12:17:11] #   50 [bench] e2e= 1030.3ms  infer= 1026.6ms  cap=  3.4ms
    t+0   | +0.1396  +0.0320  -0.2180  +0.2863  +0.0962  -0.3642
    t+1   | +0.1146  +0.0213  -0.2776  +0.2825  +0.0961  -0.5756
    t+2   | +0.1322  +0.0112  -0.3351  +0.3362  +0.2836  -0.6081
    t+3   | +0.0866  +0.0040  -0.3370  +0.3402  +0.4079  -0.6332
    t+4   | +0.0855  +0.0016  -0.2810  +0.3169  +0.3461  -0.6294
[12:17:12] #   51 [bench] e2e= 1027.3ms  infer= 1024.6ms  cap=  2.6ms
    t+0   | +0.1576  -0.0353  -0.0922  +0.2388  +0.0020  -0.3768
    t+1   | +0.1377  -0.0249  -0.0970  +0.2549  -0.0001  -0.3760
    t+2   | +0.1678  +0.0137  -0.1345  +0.2806  +0.0472  -0.3136
    t+3   | +0.2208  +0.0314  -0.1769  +0.2999  +0.1064  -0.0953
    t+4   | +0.2389  +0.0421  -0.1910  +0.3080  +0.1151  -0.0392
[12:17:14] #   52 [bench] e2e= 1047.5ms  infer= 1044.4ms  cap=  3.0ms
    t+0   | +0.0513  -0.2091  +0.1075  +0.0790  +0.1485  -0.6954
    t+1   | +0.0457  -0.0421  -0.0315  +0.1736  +0.1563  -0.3029
    t+2   | +0.1021  +0.0410  -0.1164  +0.2327  +0.0564  -0.1919
    t+3   | +0.1363  +0.1151  -0.2300  +0.2929  +0.0178  -0.1292
    t+4   | +0.1900  +0.1010  -0.2111  +0.3156  +0.0049  -0.0640
[12:17:15] #   53 [bench] e2e= 1025.5ms  infer= 1022.8ms  cap=  2.5ms
    t+0   | -0.0902  -0.0259  -0.1559  +0.2593  +0.2057  +0.0084
    t+1   | +0.0013  +0.0706  -0.2750  +0.3195  +0.1560  +0.2437
    t+2   | +0.0726  +0.0863  -0.2460  +0.3128  +0.1074  +0.4741
    t+3   | +0.0360  +0.1268  -0.2689  +0.2740  +0.1773  +0.2213
    t+4   | +0.0706  +0.0975  -0.1937  +0.2831  +0.2232  +0.2918
[12:17:16] #   54 [bench] e2e= 1062.8ms  infer= 1060.1ms  cap=  2.6ms
    t+0   | -0.0209  +0.0454  -0.1464  +0.2589  +0.2104  -0.1814
    t+1   | -0.1139  -0.0597  -0.0513  +0.1639  +0.2641  -0.2615
    t+2   | -0.1261  -0.1247  -0.0005  +0.1058  +0.1448  -0.1210
    t+3   | -0.1162  -0.0982  -0.0286  +0.1022  +0.0067  -0.0704
    t+4   | -0.0757  -0.0598  -0.0367  +0.1272  +0.0049  -0.1293
[12:17:17] #   55 [bench] e2e= 1047.1ms  infer= 1043.5ms  cap=  3.4ms
    t+0   | -0.0215  -0.0830  -0.0189  +0.1775  +0.0302  -0.3314
    t+1   | -0.0580  -0.1210  -0.0054  +0.1525  +0.0271  -0.3992
    t+2   | -0.1111  -0.1209  -0.0603  +0.1297  -0.0520  -0.4172
    t+3   | -0.0703  -0.0444  -0.1354  +0.1492  -0.0914  -0.3032
    t+4   | -0.0562  -0.0269  -0.1665  +0.1701  -0.1184  -0.2165
[12:17:18] #   56 [bench] e2e= 1036.5ms  infer= 1033.4ms  cap=  2.8ms
    t+0   | +0.1077  -0.0310  -0.0642  +0.2610  +0.1567  +0.2206
    t+1   | +0.1025  -0.0385  -0.0563  +0.2626  +0.1249  +0.1412
    t+2   | +0.0620  -0.0644  -0.0152  +0.2355  +0.0453  +0.5461
    t+3   | +0.0361  -0.0471  -0.0158  +0.2325  +0.0376  +0.5346
    t+4   | +0.0170  -0.0354  -0.0294  +0.2249  +0.0502  +0.6602
[12:17:19] #   57 [bench] e2e= 1029.4ms  infer= 1026.0ms  cap=  3.2ms
    t+0   | +0.0988  -0.0584  -0.0901  +0.1890  -0.0386  -0.4242
    t+1   | +0.0681  -0.0177  -0.1446  +0.1778  -0.0251  -0.1128
    t+2   | -0.0074  -0.0084  -0.1585  +0.1813  +0.0926  -0.0440
    t+3   | -0.0086  -0.0176  -0.1598  +0.2106  +0.1546  +0.0278
    t+4   | +0.0124  -0.0400  -0.1307  +0.1564  +0.1321  -0.1106
[12:17:20] #   58 [bench] e2e= 1032.0ms  infer= 1028.6ms  cap=  3.2ms
    t+0   | +0.1194  +0.0188  -0.1913  +0.2550  -0.0744  +0.1251
    t+1   | +0.0319  +0.0225  -0.1790  +0.2026  -0.0747  -0.0070
    t+2   | -0.0079  -0.0260  -0.0804  +0.1452  -0.0421  -0.1709
    t+3   | -0.0147  -0.0480  +0.0010  +0.1313  -0.0011  -0.5627
    t+4   | +0.0146  -0.0383  -0.0102  +0.1552  -0.0022  -0.4177
[12:17:21] #   59 [bench] e2e= 1024.7ms  infer= 1021.1ms  cap=  3.4ms
    t+0   | +0.2526  +0.0332  -0.0891  +0.2709  +0.0455  +0.6024
    t+1   | +0.1539  +0.0007  -0.0647  +0.2178  +0.0515  +0.1064
    t+2   | +0.0100  -0.0104  -0.0655  +0.2232  +0.0896  -0.4391
    t+3   | -0.1356  -0.0677  -0.0923  +0.1992  +0.0849  -0.6271
    t+4   | -0.2896  -0.1305  -0.0519  +0.1460  +0.1865  -0.6370
[12:17:22] #   60 [bench] e2e= 1023.4ms  infer= 1020.1ms  cap=  3.2ms
    t+0   | +0.0461  +0.1104  -0.1936  +0.2357  +0.0714  -0.0954
    t+1   | +0.0282  +0.0664  -0.2005  +0.2054  +0.0826  -0.0362
    t+2   | -0.0251  +0.0037  -0.1816  +0.1822  +0.0977  +0.2483
    t+3   | -0.0119  +0.0155  -0.1948  +0.1612  +0.0839  +0.2966
    t+4   | +0.0399  +0.0524  -0.2432  +0.2301  +0.0441  +0.0941
[12:17:23] #   61 [bench] e2e= 1028.1ms  infer= 1025.0ms  cap=  2.9ms
    t+0   | +0.2078  -0.0847  -0.0036  +0.2224  +0.0282  -0.0921
    t+1   | +0.1591  -0.0867  +0.0273  +0.1999  +0.0019  +0.0404
    t+2   | +0.0985  -0.0543  -0.0068  +0.1560  -0.0152  +0.1290
    t+3   | +0.0330  -0.0259  -0.0726  +0.1696  -0.0266  +0.0986
    t+4   | +0.0043  +0.0200  -0.1799  +0.1892  -0.0453  +0.0476
[12:17:24] #   62 [bench] e2e= 1027.8ms  infer= 1024.8ms  cap=  2.8ms
    t+0   | +0.0841  -0.1396  +0.0073  +0.1729  +0.0150  -0.0499
    t+1   | +0.0179  -0.1405  +0.0184  +0.1349  -0.0214  +0.1239
    t+2   | -0.1003  -0.1715  +0.0071  +0.0777  -0.0527  +0.1089
    t+3   | -0.1653  -0.1552  -0.0258  +0.0939  -0.0723  +0.3214
    t+4   | -0.1266  -0.1031  -0.0403  +0.1290  -0.0440  +0.2963
[12:17:25] #   63 [bench] e2e= 1030.1ms  infer= 1025.9ms  cap=  4.0ms
    t+0   | -0.0061  -0.0140  -0.3200  +0.2718  +0.0405  -0.2033
    t+1   | +0.0058  -0.0618  -0.3245  +0.2490  +0.0427  -0.1877
    t+2   | +0.0112  -0.1002  -0.2812  +0.2511  +0.0835  -0.1192
    t+3   | +0.0141  -0.0511  -0.3059  +0.2865  +0.0377  -0.1092
    t+4   | -0.0012  +0.0146  -0.3919  +0.3179  -0.0661  -0.0842
[12:17:26] #   64 [bench] e2e= 1035.1ms  infer= 1032.7ms  cap=  2.2ms
    t+0   | +0.1391  -0.0498  -0.1000  +0.2490  +0.2063  -0.1633
    t+1   | +0.2088  -0.0175  -0.1134  +0.2429  +0.2196  +0.3358
    t+2   | +0.2488  +0.0703  -0.1513  +0.2629  +0.4017  +0.2483
    t+3   | +0.3034  +0.1591  -0.3192  +0.3559  +0.3134  +0.2001
    t+4   | +0.3499  +0.1890  -0.2995  +0.3679  +0.3493  +0.1148
[12:17:27] #   65 [bench] e2e= 1038.1ms  infer= 1035.4ms  cap=  2.5ms
    t+0   | +0.0564  -0.2531  +0.0935  +0.0331  +0.0303  -0.7301
    t+1   | +0.0503  -0.2421  +0.0451  +0.0080  +0.0102  -0.7232
    t+2   | +0.0333  -0.2096  +0.0333  +0.0330  +0.0065  -0.7589
    t+3   | +0.0164  -0.2499  +0.0962  -0.0327  +0.0051  -0.7386
    t+4   | +0.0503  -0.1894  +0.0607  +0.0393  +0.0374  -0.5167

  [live] after 60 bench steps — e2e mean=1037.4ms  |  max replan freq=0.96 Hz  |  max control freq=4.82 Hz (n_action_steps=5)

[12:17:28] #   66 [bench] e2e= 1029.5ms  infer= 1025.7ms  cap=  3.5ms
    t+0   | +0.0677  -0.0764  -0.0041  +0.1242  -0.0313  -0.1531
    t+1   | +0.0517  -0.0447  -0.0363  +0.1198  -0.0358  -0.1430
    t+2   | +0.0671  -0.0080  -0.0409  +0.1792  -0.0559  -0.0867
    t+3   | +0.0873  +0.0035  -0.0694  +0.2081  -0.0893  +0.1010
    t+4   | +0.0077  +0.0269  -0.1070  +0.2124  -0.0829  -0.0309
[12:17:29] #   67 [bench] e2e= 1068.0ms  infer= 1065.0ms  cap=  2.8ms
    t+0   | +0.1694  +0.0539  -0.1747  +0.2268  -0.2013  -0.1465
    t+1   | +0.1808  +0.0773  -0.1734  +0.2171  -0.1537  -0.1678
    t+2   | +0.1218  +0.0684  -0.2001  +0.2093  -0.1051  -0.1243
    t+3   | +0.0460  +0.1058  -0.2657  +0.2348  -0.0676  -0.1117
    t+4   | +0.0432  +0.0931  -0.2599  +0.2476  -0.0364  -0.1338
[12:17:30] #   68 [bench] e2e= 1029.8ms  infer= 1026.8ms  cap=  2.8ms
    t+0   | +0.0640  -0.1211  -0.0197  +0.2050  -0.0046  -0.1593
    t+1   | +0.0946  -0.0445  -0.0815  +0.2249  -0.0472  -0.0349
    t+2   | +0.1332  +0.0269  -0.1154  +0.2228  -0.0664  +0.0117
    t+3   | +0.1508  +0.0342  -0.1545  +0.2350  -0.0840  +0.0681
    t+4   | +0.1349  +0.0381  -0.1333  +0.2440  -0.1295  +0.0504
[12:17:31] #   69 [bench] e2e= 1032.0ms  infer= 1029.1ms  cap=  2.7ms
    t+0   | -0.0555  -0.0653  -0.1051  +0.1764  +0.0416  -0.5774
    t+1   | -0.0460  -0.1004  -0.0964  +0.1532  +0.0571  -0.5900
    t+2   | +0.0111  -0.0806  -0.0789  +0.1654  +0.0304  -0.4345
    t+3   | -0.0094  -0.0680  -0.0757  +0.1567  +0.0381  -0.2707
    t+4   | +0.0339  -0.0377  -0.1143  +0.1595  +0.0030  +0.0262
[12:17:32] #   70 [bench] e2e= 1031.5ms  infer= 1029.0ms  cap=  2.3ms
    t+0   | +0.2056  -0.0053  -0.3260  +0.3650  -0.1316  -0.3571
    t+1   | +0.1484  +0.0389  -0.2804  +0.2968  -0.1484  -0.2287
    t+2   | +0.0312  +0.0224  -0.2581  +0.2230  -0.1782  -0.3096
    t+3   | +0.0162  +0.0593  -0.2782  +0.2278  -0.1950  -0.3067
    t+4   | -0.0086  +0.0730  -0.3427  +0.2325  -0.1865  -0.2575
[12:17:33] #   71 [bench] e2e= 1028.8ms  infer= 1026.2ms  cap=  2.3ms
    t+0   | +0.1301  -0.0562  -0.0714  +0.1995  -0.0297  -0.6720
    t+1   | +0.1101  -0.0664  -0.0549  +0.1763  -0.0274  -0.6732
    t+2   | +0.1004  -0.0480  -0.0311  +0.2216  -0.0023  -0.4567
    t+3   | +0.0998  -0.0282  -0.0645  +0.2402  -0.0022  -0.0992
    t+4   | +0.0822  -0.0212  -0.0786  +0.2355  -0.0021  +0.0141
[12:17:34] #   72 [bench] e2e= 1034.2ms  infer= 1031.7ms  cap=  2.3ms
    t+0   | +0.2676  +0.0887  -0.1985  +0.2848  +0.1379  -0.3660
    t+1   | +0.1707  +0.0109  -0.1722  +0.2363  +0.1099  -0.2867
    t+2   | +0.1270  -0.0283  -0.1479  +0.2253  +0.1471  -0.0560
    t+3   | +0.0683  +0.0153  -0.1492  +0.2379  +0.1502  -0.0007
    t+4   | +0.0344  +0.0360  -0.1455  +0.2143  +0.1537  -0.1316
[12:17:35] #   73 [bench] e2e= 1037.1ms  infer= 1034.6ms  cap=  2.3ms
    t+0   | +0.1764  -0.0751  -0.0530  +0.2458  +0.0420  -0.0447
    t+1   | +0.1817  +0.1150  -0.2158  +0.3387  +0.0706  +0.0299
    t+2   | +0.1923  +0.1693  -0.2733  +0.3386  +0.0178  -0.0084
    t+3   | +0.1947  +0.2032  -0.3134  +0.3433  +0.0027  -0.0100
    t+4   | +0.2131  +0.1985  -0.3128  +0.3827  -0.0068  -0.0028
[12:17:36] #   74 [bench] e2e= 1036.0ms  infer= 1033.5ms  cap=  2.3ms
    t+0   | +0.1344  +0.1402  -0.2790  +0.3111  +0.0061  -0.1253
    t+1   | +0.0419  +0.1135  -0.2240  +0.2542  +0.0368  -0.1841
    t+2   | -0.0044  +0.0569  -0.1505  +0.2225  +0.0443  -0.1898
    t+3   | -0.0066  +0.0545  -0.1372  +0.2172  +0.0493  -0.2762
    t+4   | +0.0077  +0.0495  -0.1589  +0.2062  +0.0794  -0.3520
[12:17:37] #   75 [bench] e2e= 1032.6ms  infer= 1029.2ms  cap=  3.2ms
    t+0   | +0.1751  +0.1469  -0.2824  +0.3020  +0.0977  -0.6251
    t+1   | +0.2597  +0.1555  -0.3139  +0.3283  +0.1233  -0.6006
    t+2   | +0.2509  +0.1385  -0.2151  +0.3275  +0.1137  -0.3662
    t+3   | +0.2262  +0.1159  -0.1965  +0.3221  +0.1190  -0.4191
    t+4   | +0.1955  +0.0771  -0.1866  +0.3077  +0.0891  -0.2212
[12:17:38] #   76 [bench] e2e= 1026.9ms  infer= 1024.2ms  cap=  2.5ms
    t+0   | -0.0303  +0.0748  -0.1967  +0.2785  +0.0895  -0.2266
    t+1   | -0.0130  +0.0847  -0.1861  +0.2698  +0.0926  -0.1764
    t+2   | -0.0805  +0.0427  -0.1546  +0.2363  +0.1210  -0.4276
    t+3   | -0.0113  +0.0270  -0.1612  +0.2410  +0.0979  -0.3607
    t+4   | +0.0516  +0.0642  -0.1819  +0.2570  +0.0621  -0.2224
[12:17:39] #   77 [bench] e2e= 1028.9ms  infer= 1025.5ms  cap=  3.1ms
    t+0   | +0.0747  -0.1227  +0.0049  +0.1619  -0.0271  +0.1403
    t+1   | +0.0022  -0.0085  -0.0848  +0.1861  -0.0372  +0.0123
    t+2   | -0.0618  +0.0944  -0.1474  +0.2178  -0.0724  -0.0274
    t+3   | -0.0065  +0.1348  -0.1703  +0.2271  -0.0807  -0.0570
    t+4   | +0.0151  +0.1680  -0.1731  +0.2346  -0.1176  -0.1008
[12:17:40] #   78 [bench] e2e= 1028.6ms  infer= 1025.8ms  cap=  2.6ms
    t+0   | +0.1373  -0.0211  -0.0507  +0.2331  +0.1664  -0.1218
    t+1   | +0.0511  -0.0578  -0.0969  +0.2090  +0.0870  -0.1988
    t+2   | +0.0037  -0.0870  -0.2194  +0.2000  +0.0750  -0.3319
    t+3   | +0.0316  -0.0567  -0.2972  +0.2314  +0.0384  -0.0637
    t+4   | +0.0153  -0.0259  -0.2973  +0.2212  +0.0132  +0.0001
[12:17:41] #   79 [bench] e2e= 1030.3ms  infer= 1027.2ms  cap=  3.0ms
    t+0   | +0.0922  -0.0802  -0.1206  +0.2174  -0.0906  +0.2113
    t+1   | +0.0819  -0.1120  -0.1459  +0.1989  -0.0441  +0.0908
    t+2   | +0.1103  -0.0613  -0.1863  +0.2013  +0.0065  -0.1027
    t+3   | +0.1437  -0.0180  -0.1852  +0.1992  +0.0147  -0.1945
    t+4   | +0.1637  +0.0244  -0.2652  +0.1925  +0.0311  -0.3704
[12:17:42] #   80 [bench] e2e= 1035.9ms  infer= 1032.9ms  cap=  2.8ms
    t+0   | +0.0649  +0.0622  -0.2281  +0.2991  +0.0035  -0.1940
    t+1   | +0.0625  +0.0546  -0.1849  +0.2662  -0.0083  -0.6660
    t+2   | +0.0958  +0.0923  -0.2706  +0.3093  +0.0402  -0.6576
    t+3   | +0.1383  +0.1153  -0.3353  +0.2730  +0.0575  -0.7191
    t+4   | +0.1395  +0.0992  -0.3365  +0.2358  +0.0623  -0.7114
[12:17:44] #   81 [bench] e2e= 1032.3ms  infer= 1030.1ms  cap=  2.1ms
    t+0   | +0.1279  +0.0780  -0.2748  +0.3431  -0.0533  -0.1738
    t+1   | +0.1215  +0.1405  -0.3961  +0.3830  -0.0684  -0.1734
    t+2   | +0.1584  +0.2124  -0.4679  +0.4084  -0.1300  -0.1541
    t+3   | +0.1825  +0.2588  -0.5245  +0.4146  -0.1679  -0.1451
    t+4   | +0.1993  +0.2626  -0.5341  +0.4141  -0.1795  -0.2006
[12:17:45] #   82 [bench] e2e= 1033.4ms  infer= 1030.6ms  cap=  2.7ms
    t+0   | +0.2959  +0.0631  -0.0901  +0.2767  +0.0288  -0.2573
    t+1   | +0.2632  +0.0625  -0.0940  +0.2755  -0.0399  -0.2600
    t+2   | +0.1967  +0.0485  -0.0613  +0.2273  -0.0171  -0.3755
    t+3   | +0.1390  +0.0450  -0.0714  +0.2402  +0.0153  -0.3082
    t+4   | +0.0866  +0.0528  -0.0624  +0.2344  -0.0119  -0.2958
[12:17:46] #   83 [bench] e2e= 1032.8ms  infer= 1028.7ms  cap=  3.8ms
    t+0   | +0.2515  +0.0484  -0.1684  +0.2924  -0.0224  -0.4039
    t+1   | +0.2139  +0.0874  -0.2111  +0.2956  -0.0391  -0.4315
    t+2   | +0.1096  +0.0975  -0.1875  +0.3086  -0.0785  -0.4145
    t+3   | +0.0819  +0.0583  -0.1696  +0.2923  -0.0793  -0.3153
    t+4   | +0.0160  +0.0552  -0.1592  +0.2779  -0.0867  -0.1973
[12:17:47] #   84 [bench] e2e= 1028.2ms  infer= 1025.6ms  cap=  2.5ms
    t+0   | +0.0710  -0.0950  -0.0262  +0.2289  +0.0073  -0.3283
    t+1   | +0.0659  -0.0438  -0.0255  +0.2514  +0.1306  -0.4058
    t+2   | +0.0890  -0.0601  -0.0137  +0.2047  +0.1619  -0.5022
    t+3   | +0.1045  -0.0434  -0.0442  +0.2328  +0.1679  -0.4512
    t+4   | +0.0731  -0.0429  -0.0591  +0.2601  +0.1293  -0.4999
[12:17:48] #   85 [bench] e2e= 1026.3ms  infer= 1022.0ms  cap=  4.0ms
    t+0   | +0.2644  +0.0750  -0.2068  +0.3000  +0.0658  -0.6184
    t+1   | +0.2140  +0.0361  -0.1035  +0.2506  +0.1031  -0.7139
    t+2   | +0.1662  +0.0371  -0.0823  +0.2732  +0.1210  -0.6681
    t+3   | +0.1247  +0.1062  -0.1757  +0.2773  +0.1773  -0.6743
    t+4   | +0.1133  +0.1373  -0.2494  +0.2743  +0.1946  -0.6839

  [live] after 80 bench steps — e2e mean=1036.3ms  |  max replan freq=0.96 Hz  |  max control freq=4.82 Hz (n_action_steps=5)

[12:17:49] #   86 [bench] e2e= 1046.4ms  infer= 1043.6ms  cap=  2.6ms
    t+0   | +0.1344  -0.1911  +0.0465  +0.1937  -0.0758  +0.1481
    t+1   | -0.0036  -0.1577  +0.0311  +0.1665  -0.0541  +0.1314
    t+2   | -0.1046  -0.1502  +0.0498  +0.1373  -0.0704  +0.2808
    t+3   | -0.1400  -0.1178  +0.0317  +0.1229  -0.1096  +0.3610
    t+4   | -0.1153  -0.0978  -0.0025  +0.1274  -0.1247  +0.3370
[12:17:50] #   87 [bench] e2e= 1030.5ms  infer= 1027.8ms  cap=  2.5ms
    t+0   | +0.0160  +0.0511  -0.5513  +0.4967  +0.0421  -0.3368
    t+1   | +0.0013  +0.0080  -0.3173  +0.3890  -0.0963  -0.4607
    t+2   | +0.0435  -0.0796  -0.1079  +0.2565  -0.1562  -0.4272
    t+3   | +0.0953  -0.1389  -0.0096  +0.2033  -0.1709  -0.3740
    t+4   | +0.0838  -0.1714  -0.0112  +0.2547  -0.1153  -0.2847
[12:17:51] #   88 [bench] e2e= 1035.5ms  infer= 1032.5ms  cap=  2.9ms
    t+0   | +0.1562  +0.0460  -0.2934  +0.3894  -0.0261  -0.2927
    t+1   | +0.1464  +0.0821  -0.3379  +0.4143  -0.0012  -0.3597
    t+2   | +0.1624  +0.0801  -0.2919  +0.3815  +0.0046  -0.3515
    t+3   | +0.1841  +0.0311  -0.1959  +0.3987  +0.0098  +0.5401
    t+4   | +0.2294  -0.0047  -0.1303  +0.4127  +0.0358  +0.4599
[12:17:52] #   89 [bench] e2e= 1034.2ms  infer= 1031.6ms  cap=  2.5ms
    t+0   | +0.2126  -0.0447  -0.0080  +0.2739  +0.1226  -0.0796
    t+1   | +0.1914  -0.0095  -0.0295  +0.2966  +0.1192  -0.0738
    t+2   | +0.1536  +0.0261  -0.1563  +0.2639  +0.1327  -0.3046
    t+3   | +0.1257  +0.0874  -0.3079  +0.2785  +0.1432  -0.3494
    t+4   | +0.0610  +0.1270  -0.3272  +0.3052  +0.1024  -0.2834
[12:17:53] #   90 [bench] e2e= 1033.0ms  infer= 1029.9ms  cap=  3.0ms
    t+0   | -0.0354  -0.0423  -0.1717  +0.2199  -0.0767  -0.2217
    t+1   | -0.0519  -0.0490  -0.1825  +0.2141  -0.0727  -0.2440
    t+2   | +0.0099  -0.0631  -0.1420  +0.2586  -0.0648  -0.0952
    t+3   | +0.0495  -0.0548  -0.1159  +0.2696  -0.0368  -0.1225
    t+4   | +0.0668  -0.0422  -0.1263  +0.2921  -0.0442  -0.1728
[12:17:54] #   91 [bench] e2e= 1029.2ms  infer= 1026.5ms  cap=  2.5ms
    t+0   | +0.2069  +0.0415  -0.0850  +0.2919  -0.0451  -0.0635
    t+1   | +0.2322  +0.0766  -0.1378  +0.3259  -0.0750  +0.0610
    t+2   | +0.2275  +0.1415  -0.1619  +0.3791  -0.0433  +0.1814
    t+3   | +0.1825  +0.2324  -0.2314  +0.3919  -0.0202  +0.4384
    t+4   | +0.1561  +0.2642  -0.2669  +0.3936  -0.0086  +0.3872
[12:17:55] #   92 [bench] e2e= 1032.0ms  infer= 1029.2ms  cap=  2.6ms
    t+0   | +0.0566  -0.0389  -0.2371  +0.4399  -0.0877  -0.2431
    t+1   | +0.0367  +0.0062  -0.1950  +0.3912  -0.0628  -0.2064
    t+2   | -0.0225  -0.0364  -0.1594  +0.2873  -0.0204  -0.2069
    t+3   | -0.0181  -0.0242  -0.1475  +0.2756  -0.0135  -0.2377
    t+4   | +0.0142  -0.0188  -0.1489  +0.2451  +0.0105  -0.5811
[12:17:56] #   93 [bench] e2e= 1029.6ms  infer= 1026.9ms  cap=  2.6ms
    t+0   | +0.0619  -0.0361  -0.1149  +0.2779  -0.1096  -0.0115
    t+1   | +0.0069  +0.0106  -0.1383  +0.2911  -0.0716  -0.0376
    t+2   | +0.0279  +0.0023  -0.1823  +0.2983  +0.1003  -0.1231
    t+3   | +0.0356  -0.0027  -0.2691  +0.2998  +0.1148  -0.1695
    t+4   | -0.0450  +0.0086  -0.2873  +0.3048  +0.1071  +0.0955
[12:17:57] #   94 [bench] e2e= 1029.4ms  infer= 1026.1ms  cap=  3.1ms
    t+0   | +0.0802  -0.0468  -0.1618  +0.2822  -0.0824  -0.1560
    t+1   | +0.0493  -0.0296  -0.2051  +0.2528  -0.1209  -0.1805
    t+2   | +0.0531  -0.0294  -0.1425  +0.2440  -0.1148  -0.2376
    t+3   | +0.0448  -0.0226  -0.1590  +0.2390  -0.1042  -0.2248
    t+4   | +0.0390  -0.0293  -0.2170  +0.2539  -0.1123  -0.2064
[12:17:58] #   95 [bench] e2e= 1029.3ms  infer= 1025.7ms  cap=  3.5ms
    t+0   | +0.0155  +0.0965  -0.1350  +0.2463  +0.1459  -0.2177
    t+1   | +0.0741  +0.1044  -0.1801  +0.2640  +0.0540  -0.1993
    t+2   | +0.0726  +0.0724  -0.1369  +0.2459  +0.0870  -0.2683
    t+3   | +0.0606  +0.0498  -0.1198  +0.2360  +0.0588  -0.2831
    t+4   | +0.0262  +0.0601  -0.1277  +0.2581  +0.0765  -0.2539
[12:17:59] #   96 [bench] e2e= 1032.6ms  infer= 1029.4ms  cap=  3.0ms
    t+0   | +0.2410  +0.1232  -0.1918  +0.2803  +0.0197  +0.0553
    t+1   | +0.2161  +0.1341  -0.1950  +0.2793  +0.0935  +0.1678
    t+2   | +0.1616  +0.1183  -0.1765  +0.3117  +0.1485  +0.3586
    t+3   | +0.1956  +0.1182  -0.1712  +0.3031  +0.1071  +0.3148
    t+4   | +0.1447  +0.0947  -0.1567  +0.3066  +0.1632  +0.2021
[12:18:00] #   97 [bench] e2e= 1030.4ms  infer= 1027.5ms  cap=  2.8ms
    t+0   | +0.1527  -0.0596  -0.0773  +0.2541  -0.0899  -0.0774
    t+1   | +0.0982  -0.1020  -0.0077  +0.2277  -0.0850  -0.2037
    t+2   | -0.0209  -0.1407  -0.0006  +0.2101  -0.0614  -0.2232
    t+3   | -0.0422  -0.1123  -0.0860  +0.2445  -0.0158  -0.1596
    t+4   | +0.0190  -0.0290  -0.1398  +0.2893  -0.0076  +0.1271
[12:18:01] #   98 [bench] e2e= 1027.2ms  infer= 1024.5ms  cap=  2.5ms
    t+0   | -0.0277  -0.2482  +0.1391  +0.1096  +0.0960  -0.3548
    t+1   | +0.0066  -0.1844  +0.0308  +0.1645  +0.1435  -0.5836
    t+2   | +0.0337  -0.1477  -0.0531  +0.2399  +0.1611  -0.5581
    t+3   | +0.0249  -0.1131  -0.0972  +0.2487  +0.1540  -0.6171
    t+4   | +0.0562  -0.0877  -0.1050  +0.2431  +0.1457  -0.4765
[12:18:02] #   99 [bench] e2e= 1035.0ms  infer= 1032.7ms  cap=  2.1ms
    t+0   | +0.2323  +0.1456  -0.4193  +0.4141  +0.0223  -0.1679
    t+1   | +0.2083  +0.1022  -0.3020  +0.3515  +0.0427  -0.0832
    t+2   | +0.1718  +0.0601  -0.2383  +0.3165  +0.0215  -0.1192
    t+3   | +0.1690  +0.0526  -0.2548  +0.3363  -0.0223  -0.1892
    t+4   | +0.1676  +0.0727  -0.2619  +0.3357  -0.0183  -0.1503
[12:18:03] #  100 [bench] e2e= 1028.2ms  infer= 1025.3ms  cap=  2.7ms
    t+0   | +0.2482  +0.0917  -0.1811  +0.3059  +0.0308  -0.1897
    t+1   | +0.1346  +0.0247  -0.0494  +0.2036  +0.0777  -0.2999
    t+2   | +0.0781  -0.0218  -0.0282  +0.1898  +0.0574  -0.3268
    t+3   | +0.1125  -0.0351  -0.0710  +0.2047  +0.0526  -0.4107
    t+4   | +0.1274  -0.0406  -0.0542  +0.2035  +0.0568  -0.7366
[12:18:04] #  101 [bench] e2e= 1028.4ms  infer= 1026.1ms  cap=  2.1ms
    t+0   | +0.1352  -0.0993  -0.0908  +0.2535  +0.0369  -0.2998
    t+1   | +0.1584  -0.0310  -0.2073  +0.3292  +0.1543  -0.2155
    t+2   | +0.1433  +0.0698  -0.3091  +0.3916  +0.1355  -0.1457
    t+3   | +0.1315  +0.0935  -0.3559  +0.4105  +0.0909  -0.2054
    t+4   | +0.0901  +0.1092  -0.4099  +0.4660  +0.0604  -0.2598
[12:18:05] #  102 [bench] e2e= 1034.7ms  infer= 1032.4ms  cap=  2.1ms
    t+0   | -0.1134  -0.0093  -0.1614  +0.2212  +0.0574  -0.1650
    t+1   | -0.0936  -0.0100  -0.2457  +0.2198  -0.0088  -0.0882
    t+2   | -0.0899  -0.0602  -0.2021  +0.1624  -0.0310  -0.1098
    t+3   | -0.1395  -0.0541  -0.1763  +0.1548  -0.0272  -0.1201
    t+4   | -0.1437  -0.0685  -0.1491  +0.1541  -0.0133  -0.1110
[12:18:06] #  103 [bench] e2e= 1031.4ms  infer= 1028.4ms  cap=  2.8ms
    t+0   | +0.1469  -0.0497  -0.0815  +0.2393  +0.0141  -0.2417
    t+1   | +0.0929  -0.1039  -0.0417  +0.2365  +0.0283  -0.2671
    t+2   | +0.0565  -0.1198  -0.0553  +0.2397  +0.0164  -0.2667
    t+3   | +0.0574  -0.0710  -0.0934  +0.2526  -0.0007  -0.2940
    t+4   | +0.0352  -0.0463  -0.1009  +0.2123  +0.0161  -0.3274
[12:18:07] #  104 [bench] e2e= 1030.3ms  infer= 1027.4ms  cap=  2.7ms
    t+0   | +0.0992  -0.0983  +0.0458  +0.1582  +0.1040  -0.5118
    t+1   | +0.0781  -0.1073  +0.0316  +0.1793  +0.0867  -0.4102
    t+2   | -0.0151  -0.1760  -0.0210  +0.1845  +0.0396  -0.2265
    t+3   | -0.1025  -0.2204  -0.0334  +0.1697  +0.0180  +0.0052
    t+4   | -0.1282  -0.2335  -0.0490  +0.1630  +0.0553  +0.0545
[12:18:08] #  105 [bench] e2e= 1033.3ms  infer= 1030.4ms  cap=  2.7ms
    t+0   | +0.1573  -0.0616  -0.0594  +0.2117  +0.0532  -0.2017
    t+1   | +0.0999  -0.0514  -0.0887  +0.2027  +0.0043  -0.2521
    t+2   | +0.0719  +0.0478  -0.1873  +0.2377  +0.0477  +0.1228
    t+3   | +0.0760  +0.0521  -0.1897  +0.2440  +0.0958  -0.0437
    t+4   | +0.0384  +0.1309  -0.4891  +0.2838  +0.0765  -0.1129

  [live] after 100 bench steps — e2e mean=1035.5ms  |  max replan freq=0.97 Hz  |  max control freq=4.83 Hz (n_action_steps=5)

[12:18:09] #  106 [bench] e2e= 1030.2ms  infer= 1027.4ms  cap=  2.7ms
    t+0   | +0.1729  +0.1054  -0.2275  +0.2725  -0.1800  +0.1325
    t+1   | +0.1464  +0.1108  -0.1985  +0.2613  -0.1544  +0.3249
    t+2   | +0.0220  +0.0802  -0.1962  +0.2452  -0.0546  +0.2966
    t+3   | -0.0051  +0.0544  -0.1992  +0.2028  -0.0355  +0.4341
    t+4   | -0.0753  +0.0006  -0.1099  +0.1522  +0.0853  +0.3649
[12:18:10] #  107 [bench] e2e= 1028.2ms  infer= 1025.4ms  cap=  2.7ms
    t+0   | +0.0792  -0.1268  +0.0096  +0.1510  -0.0665  -0.2822
    t+1   | +0.0288  -0.0708  +0.0327  +0.1833  +0.0334  -0.1369
    t+2   | +0.0007  -0.1157  +0.0285  +0.1605  +0.0232  -0.1955
    t+3   | -0.0316  -0.1547  +0.0036  +0.1823  -0.0009  -0.3179
    t+4   | -0.0603  -0.1476  -0.0432  +0.2260  -0.0493  -0.3227
[12:18:11] #  108 [bench] e2e= 1033.1ms  infer= 1030.1ms  cap=  2.9ms
    t+0   | -0.1333  -0.3688  +0.3905  -0.0041  +0.4244  -0.1886
    t+1   | -0.0338  -0.2792  +0.1840  +0.0945  +0.1921  -0.1926
    t+2   | -0.0037  -0.2670  +0.0307  +0.1660  +0.0885  -0.2536
    t+3   | +0.0459  -0.1849  -0.0715  +0.1817  +0.0373  -0.6372
    t+4   | +0.0746  -0.2122  +0.0199  +0.1350  +0.0185  -0.6834
[12:18:12] #  109 [bench] e2e= 1029.8ms  infer= 1027.0ms  cap=  2.7ms
    t+0   | +0.0634  +0.0104  -0.1257  +0.1962  +0.0704  -0.2397
    t+1   | +0.0714  +0.0161  -0.1301  +0.1918  +0.0800  -0.1149
    t+2   | +0.0238  -0.0283  -0.0917  +0.1728  +0.1282  -0.0887
    t+3   | +0.0023  -0.0731  -0.0481  +0.1731  +0.1037  -0.1374
    t+4   | +0.0377  -0.0666  -0.0972  +0.1612  +0.0608  -0.1532
[12:18:13] #  110 [bench] e2e= 1035.5ms  infer= 1032.6ms  cap=  2.7ms
    t+0   | +0.0453  +0.0481  -0.2404  +0.2997  +0.0043  -0.1421
    t+1   | -0.0325  +0.0991  -0.2483  +0.2469  +0.0176  -0.0174
    t+2   | -0.0061  +0.0781  -0.2138  +0.1998  +0.0076  +0.1032
    t+3   | -0.0270  +0.0347  -0.1907  +0.1447  -0.0226  -0.0041
    t+4   | +0.0166  +0.0128  -0.1834  +0.1694  -0.0376  +0.0229
[12:18:14] #  111 [bench] e2e= 1024.2ms  infer= 1021.3ms  cap=  2.7ms
    t+0   | +0.1844  -0.0716  -0.1011  +0.2490  -0.0536  -0.1000
    t+1   | +0.1488  -0.0874  -0.0549  +0.2132  -0.0184  -0.1019
    t+2   | +0.1196  -0.0966  -0.0300  +0.1679  +0.0107  -0.2253
    t+3   | +0.1211  -0.1197  -0.0551  +0.1295  +0.0122  -0.3072
    t+4   | +0.0792  -0.0970  -0.0578  +0.1521  +0.0330  -0.3780
[12:18:16] #  112 [bench] e2e= 1027.6ms  infer= 1024.6ms  cap=  2.8ms
    t+0   | +0.1968  +0.0619  -0.1107  +0.2507  +0.0618  +0.1166
    t+1   | +0.0855  +0.0332  -0.0711  +0.2178  +0.0681  -0.1164
    t+2   | -0.0115  +0.0475  -0.1148  +0.2064  +0.0331  -0.0557
    t+3   | +0.0415  +0.1347  -0.1962  +0.2356  +0.0344  -0.0657
    t+4   | +0.1104  +0.1425  -0.2439  +0.2561  +0.0340  -0.0652
[12:18:17] #  113 [bench] e2e= 1066.7ms  infer= 1063.7ms  cap=  2.9ms
    t+0   | +0.1953  -0.0548  -0.0059  +0.1951  -0.0852  +0.3952
    t+1   | +0.1681  -0.0706  +0.0345  +0.1866  -0.0449  +0.3763
    t+2   | +0.1680  -0.0791  +0.0547  +0.1961  -0.0340  +0.3213
    t+3   | +0.1433  -0.0943  +0.0550  +0.1625  -0.0024  +0.2041
    t+4   | +0.1257  -0.0608  +0.0417  +0.1556  -0.0058  +0.2053
[12:18:18] #  114 [bench] e2e= 1056.1ms  infer= 1052.1ms  cap=  3.7ms
    t+0   | +0.2661  +0.1193  -0.1973  +0.2773  -0.1063  +0.1148
    t+1   | +0.1830  +0.1101  -0.1713  +0.2565  -0.1266  +0.1493
    t+2   | +0.1275  +0.0819  -0.1598  +0.2445  -0.0507  +0.0807
    t+3   | +0.1310  +0.0225  -0.1545  +0.2339  -0.0523  +0.2488
    t+4   | +0.1093  -0.0034  -0.1374  +0.2164  -0.0267  +0.2034
[12:18:19] #  115 [bench] e2e= 1036.4ms  infer= 1033.6ms  cap=  2.6ms
    t+0   | +0.0703  -0.0112  -0.0807  +0.2122  -0.0812  +0.1685
    t+1   | +0.0389  -0.0617  -0.0859  +0.1782  -0.0306  -0.1721
    t+2   | +0.1019  -0.0096  -0.1169  +0.2220  +0.0064  -0.1899
    t+3   | +0.1226  +0.0609  -0.1577  +0.2371  +0.0992  -0.1717
    t+4   | +0.1607  +0.0494  -0.1512  +0.2154  +0.1119  -0.1289
[12:18:20] #  116 [bench] e2e= 1032.5ms  infer= 1030.8ms  cap=  1.5ms
    t+0   | +0.2555  +0.0118  -0.0766  +0.2326  -0.1021  +0.1226
    t+1   | +0.2370  +0.0252  -0.0664  +0.2286  -0.0773  +0.0571
    t+2   | +0.1477  +0.0295  -0.0970  +0.2376  -0.0555  +0.1398
    t+3   | +0.0515  +0.0367  -0.0933  +0.2540  -0.0741  +0.1839
    t+4   | +0.0069  +0.0812  -0.1923  +0.2674  -0.1503  +0.3039
[12:18:21] #  117 [bench] e2e= 1026.8ms  infer= 1025.1ms  cap=  1.6ms
    t+0   | +0.0546  +0.0033  -0.0965  +0.2049  -0.1300  -0.3637
    t+1   | +0.0671  +0.0138  -0.0848  +0.2100  -0.0712  -0.3526
    t+2   | +0.1026  +0.0096  -0.0869  +0.2173  -0.0795  -0.3070
    t+3   | +0.1325  +0.0196  -0.1291  +0.2543  -0.1281  -0.3137
    t+4   | +0.1453  +0.0243  -0.2042  +0.3055  -0.0999  -0.2451
[12:18:22] #  118 [bench] e2e= 1030.5ms  infer= 1028.8ms  cap=  1.5ms
    t+0   | -0.0546  -0.0568  -0.1680  +0.2589  -0.0048  -0.4716
    t+1   | -0.0057  -0.0553  -0.1784  +0.2819  +0.0433  -0.3902
    t+2   | +0.1028  -0.0284  -0.1949  +0.3177  +0.0042  -0.3160
    t+3   | +0.1679  -0.0221  -0.1921  +0.3314  -0.0425  -0.1541
    t+4   | +0.1460  -0.0247  -0.1582  +0.2939  -0.1095  -0.1655
[12:18:23] #  119 [bench] e2e= 1048.7ms  infer= 1046.8ms  cap=  1.7ms
    t+0   | +0.1209  -0.0562  +0.0785  +0.0738  +0.1551  -0.2387
    t+1   | +0.1322  -0.0463  +0.0402  +0.1025  +0.0897  -0.1786
    t+2   | +0.1402  +0.0031  -0.0278  +0.1677  -0.0243  -0.0294
    t+3   | +0.1235  -0.0358  -0.0187  +0.1445  -0.0877  +0.0149
    t+4   | +0.1000  -0.0731  +0.0403  +0.1128  -0.0229  +0.0073
[12:18:24] #  120 [bench] e2e= 1031.3ms  infer= 1028.3ms  cap=  2.9ms
    t+0   | +0.0957  -0.1616  -0.0252  +0.2178  -0.0334  -0.0047
    t+1   | +0.0843  -0.1052  -0.0465  +0.2625  -0.0243  +0.0256
    t+2   | +0.0350  -0.0872  -0.0791  +0.2656  -0.0024  -0.1220
    t+3   | +0.0174  -0.0901  -0.0660  +0.2576  +0.0032  -0.1540
    t+4   | +0.0422  -0.1009  -0.0519  +0.2698  -0.0226  -0.1023
[12:18:25] #  121 [bench] e2e= 1026.9ms  infer= 1023.5ms  cap=  3.2ms
    t+0   | +0.2189  -0.0018  -0.0960  +0.2447  +0.1644  +0.0399
    t+1   | +0.1886  -0.0137  -0.1017  +0.2186  +0.1420  +0.0875
    t+2   | +0.1508  +0.0041  -0.0975  +0.2314  +0.0533  +0.2876
    t+3   | +0.1557  +0.0008  -0.1126  +0.2234  +0.0336  +0.1646
    t+4   | +0.1850  +0.0139  -0.1090  +0.2481  +0.0182  +0.2612
[12:18:26] #  122 [bench] e2e= 1049.2ms  infer= 1045.9ms  cap=  3.2ms
    t+0   | +0.0917  -0.0051  -0.2382  +0.3503  +0.1100  +0.3032
    t+1   | +0.0922  +0.0573  -0.2826  +0.3590  +0.0572  +0.2827
    t+2   | +0.1314  +0.1195  -0.2878  +0.2961  -0.0237  +0.2994
    t+3   | +0.1235  +0.1578  -0.3151  +0.2713  -0.0948  +0.2097
    t+4   | +0.0714  +0.2094  -0.3646  +0.3196  -0.2842  +0.0905
[12:18:27] #  123 [bench] e2e= 1029.0ms  infer= 1025.6ms  cap=  3.2ms
    t+0   | +0.1649  +0.1597  -0.3563  +0.3507  -0.1773  +0.1481
    t+1   | +0.2507  +0.1835  -0.2935  +0.3265  -0.1066  +0.0614
    t+2   | +0.2260  +0.1740  -0.2274  +0.2818  -0.1033  +0.0018
    t+3   | +0.2042  +0.1463  -0.1918  +0.2577  -0.0880  +0.0110
    t+4   | +0.1665  +0.1100  -0.1657  +0.2639  -0.1343  +0.0069
[12:18:28] #  124 [bench] e2e= 1048.7ms  infer= 1045.1ms  cap=  3.5ms
    t+0   | +0.1650  +0.0445  -0.1816  +0.3136  +0.0217  -0.1398
    t+1   | +0.0668  +0.0189  -0.1539  +0.2843  +0.0935  -0.2421
    t+2   | +0.0167  -0.0897  -0.0913  +0.2129  +0.1947  -0.2812
    t+3   | +0.0198  -0.1217  -0.0809  +0.2060  +0.2292  -0.3786
    t+4   | +0.0164  -0.0865  -0.1111  +0.2188  +0.2740  -0.3605
[12:18:29] #  125 [bench] e2e= 1039.6ms  infer= 1036.2ms  cap=  3.2ms
    t+0   | +0.2931  +0.0310  -0.1414  +0.2719  -0.0747  +0.3104
    t+1   | +0.2617  +0.0345  -0.1691  +0.2854  -0.0022  +0.0885
    t+2   | +0.2890  +0.0605  -0.3179  +0.3197  +0.0498  -0.0316
    t+3   | +0.2572  +0.0793  -0.4559  +0.3571  +0.1286  -0.4341
    t+4   | +0.2786  +0.0836  -0.5185  +0.3463  +0.1249  -0.5880

  [live] after 120 bench steps — e2e mean=1035.7ms  |  max replan freq=0.97 Hz  |  max control freq=4.83 Hz (n_action_steps=5)

[12:18:30] #  126 [bench] e2e= 1031.1ms  infer= 1027.8ms  cap=  3.1ms
    t+0   | +0.0905  +0.1020  -0.3159  +0.3639  -0.2202  -0.1249
    t+1   | +0.1402  +0.0300  -0.2380  +0.3115  -0.1373  -0.1396
    t+2   | +0.1470  -0.0080  -0.1743  +0.2659  -0.0600  -0.1713
    t+3   | +0.1150  -0.0037  -0.1308  +0.2521  -0.0415  -0.2386
    t+4   | +0.1052  -0.0232  -0.1506  +0.2375  -0.0288  -0.2275
[12:18:31] #  127 [bench] e2e= 1032.3ms  infer= 1029.0ms  cap=  3.2ms
    t+0   | +0.1850  +0.0086  -0.1428  +0.2455  +0.0389  -0.2511
    t+1   | +0.1256  -0.0381  -0.1103  +0.1991  +0.0725  -0.2367
    t+2   | +0.0636  -0.0985  -0.0455  +0.1744  +0.0271  -0.1476
    t+3   | +0.0223  -0.1334  -0.0314  +0.1232  -0.0062  -0.0991
    t+4   | -0.0742  -0.2438  +0.0900  +0.1042  -0.0099  -0.1442
[12:18:32] #  128 [bench] e2e= 1032.0ms  infer= 1028.6ms  cap=  3.2ms
    t+0   | -0.0274  -0.1774  +0.0254  +0.0212  -0.2354  -0.7429
    t+1   | +0.0079  -0.1888  +0.0528  +0.0265  -0.1441  -0.7564
    t+2   | +0.0212  -0.1287  +0.0157  +0.0751  -0.0762  -0.4867
    t+3   | +0.0549  -0.0638  -0.0432  +0.1394  -0.0210  -0.2634
    t+4   | +0.1144  +0.0562  -0.1090  +0.2118  +0.0285  +0.0448
[12:18:33] #  129 [bench] e2e= 1031.8ms  infer= 1028.4ms  cap=  3.2ms
    t+0   | -0.0077  -0.2223  +0.1504  +0.0684  +0.0333  +0.0969
    t+1   | -0.1299  -0.2356  +0.1828  +0.0169  +0.0409  -0.0379
    t+2   | -0.0894  -0.1556  +0.0863  +0.0519  +0.0108  -0.0162
    t+3   | -0.0900  -0.0352  +0.0169  +0.1121  +0.0069  +0.0329
    t+4   | -0.0849  +0.0249  -0.0627  +0.1711  -0.0068  +0.0839
[12:18:34] #  130 [bench] e2e= 1032.4ms  infer= 1028.8ms  cap=  3.3ms
    t+0   | +0.2038  +0.0099  -0.0677  +0.2398  -0.0021  +0.0216
    t+1   | +0.1671  -0.0066  -0.0543  +0.2108  +0.0259  -0.0178
    t+2   | +0.1122  +0.0085  -0.0760  +0.1746  +0.0013  -0.1738
    t+3   | +0.0974  +0.0394  -0.1450  +0.2036  -0.0225  -0.2751
    t+4   | +0.0742  +0.0388  -0.1998  +0.1782  -0.0361  -0.5351
[12:18:35] #  131 [bench] e2e= 1043.2ms  infer= 1039.3ms  cap=  3.7ms
    t+0   | +0.0570  -0.1569  +0.0041  +0.1577  +0.0358  -0.0492
    t+1   | +0.0747  -0.0930  -0.0791  +0.1897  +0.1050  +0.0771
    t+2   | +0.1316  -0.0293  -0.1566  +0.2358  +0.0792  +0.3062
    t+3   | +0.2125  +0.0101  -0.2011  +0.2280  +0.0713  +0.2772
    t+4   | +0.2571  +0.0132  -0.2163  +0.2465  +0.0598  +0.1683
[12:18:36] #  132 [bench] e2e= 1069.8ms  infer= 1067.3ms  cap=  2.4ms
    t+0   | +0.1292  +0.0485  -0.1446  +0.2737  -0.0119  +0.4444
    t+1   | +0.1015  +0.0047  -0.1057  +0.2355  -0.0157  +0.3122
    t+2   | +0.1607  -0.0047  -0.0847  +0.2347  -0.0591  +0.1565
    t+3   | +0.1866  +0.0415  -0.1147  +0.2722  -0.0636  +0.1307
    t+4   | +0.2039  +0.0598  -0.1442  +0.2540  -0.0943  +0.0920
[12:18:37] #  133 [bench] e2e= 1033.9ms  infer= 1031.4ms  cap=  2.3ms
    t+0   | +0.0002  +0.1183  -0.0907  +0.1908  -0.1164  -0.2629
    t+1   | -0.0211  +0.0457  -0.0846  +0.1559  -0.1459  -0.1922
    t+2   | -0.0497  +0.0207  -0.0789  +0.1448  -0.1248  -0.2219
    t+3   | -0.0982  -0.0210  -0.0729  +0.1507  -0.0990  -0.2520
    t+4   | -0.0889  -0.0409  -0.0518  +0.1361  -0.0848  -0.2177
[12:18:38] #  134 [bench] e2e= 1029.0ms  infer= 1026.5ms  cap=  2.3ms
    t+0   | +0.0982  +0.1574  -0.4016  +0.3314  -0.1884  -0.1681
    t+1   | +0.0963  +0.1046  -0.3633  +0.3185  -0.1506  -0.1477
    t+2   | +0.0789  +0.0970  -0.3405  +0.3046  -0.1384  +0.2235
    t+3   | +0.0945  +0.1321  -0.3201  +0.3138  -0.0957  +0.0492
    t+4   | +0.0761  +0.1271  -0.3000  +0.3184  -0.0235  -0.0310
[12:18:39] #  135 [bench] e2e= 1028.0ms  infer= 1025.4ms  cap=  2.4ms
    t+0   | +0.1743  -0.0092  -0.0448  +0.2170  -0.1003  +0.2676
    t+1   | +0.1164  -0.0616  -0.0123  +0.1469  -0.1201  -0.2611
    t+2   | +0.0588  -0.0809  +0.0029  +0.1589  -0.1163  -0.2608
    t+3   | +0.0407  -0.0789  -0.0456  +0.1987  -0.1022  -0.1036
    t+4   | +0.0272  -0.0806  -0.0406  +0.2056  -0.0969  -0.1167
[12:18:40] #  136 [bench] e2e= 1032.6ms  infer= 1028.9ms  cap=  3.5ms
    t+0   | +0.1276  -0.0309  -0.1525  +0.2351  -0.0794  -0.2248
    t+1   | +0.0664  -0.1090  -0.1142  +0.1758  -0.2592  -0.3696
    t+2   | +0.0562  -0.1449  -0.0381  +0.1419  -0.2083  -0.4782
    t+3   | +0.0553  -0.1158  -0.0195  +0.1157  -0.1289  -0.4372
    t+4   | +0.0659  -0.0563  -0.0481  +0.1745  -0.0818  -0.0447
[12:18:41] #  137 [bench] e2e= 1029.0ms  infer= 1025.8ms  cap=  3.0ms
    t+0   | +0.1369  +0.0165  -0.1683  +0.2303  -0.0176  +0.1745
    t+1   | +0.1409  +0.0267  -0.1996  +0.1935  -0.0642  +0.6147
    t+2   | +0.1417  +0.0300  -0.1611  +0.1878  -0.0582  +0.4865
    t+3   | +0.1269  +0.0242  -0.1502  +0.2206  -0.0367  +0.4596
    t+4   | +0.1524  +0.0529  -0.1269  +0.2578  -0.0376  +0.3801
[12:18:42] #  138 [bench] e2e= 1028.0ms  infer= 1024.5ms  cap=  3.3ms
    t+0   | +0.2079  +0.0442  -0.1396  +0.2338  -0.0777  -0.2177
    t+1   | +0.1335  +0.0247  -0.1234  +0.1874  -0.0775  -0.2319
    t+2   | +0.0887  +0.0123  -0.1361  +0.1788  -0.0230  -0.2504
    t+3   | +0.0887  +0.0218  -0.1005  +0.1890  -0.0270  -0.3383
    t+4   | +0.0855  +0.0415  -0.0697  +0.1937  -0.0694  -0.3174
[12:18:44] #  139 [bench] e2e= 1029.4ms  infer= 1026.9ms  cap=  2.3ms
    t+0   | +0.0826  -0.1037  -0.0279  +0.1894  -0.0153  +0.0031
    t+1   | +0.0204  -0.0747  -0.0459  +0.1939  +0.0035  +0.0258
    t+2   | +0.0203  -0.0420  -0.1086  +0.2029  +0.0232  +0.0302
    t+3   | +0.0313  -0.0034  -0.1830  +0.2470  +0.0360  +0.0007
    t+4   | +0.0545  +0.0069  -0.1887  +0.2456  +0.0462  +0.0610
[12:18:45] #  140 [bench] e2e= 1025.2ms  infer= 1021.5ms  cap=  3.5ms
    t+0   | +0.1324  +0.1505  -0.2600  +0.3246  -0.0237  +0.1681
    t+1   | +0.1050  +0.0743  -0.1264  +0.2421  -0.0460  +0.2775
    t+2   | +0.0338  +0.0339  -0.0627  +0.1849  -0.0336  +0.1921
    t+3   | +0.0530  +0.0190  -0.0848  +0.1890  +0.0027  +0.3794
    t+4   | +0.0205  +0.0671  -0.1083  +0.2157  -0.0517  +1.2075
[12:18:46] #  141 [bench] e2e= 1027.6ms  infer= 1024.6ms  cap=  2.8ms
    t+0   | +0.0205  +0.0153  +0.0128  +0.1691  -0.0146  -0.2255
    t+1   | -0.0405  +0.0029  +0.0677  +0.1295  +0.0113  -0.2513
    t+2   | +0.0103  -0.0028  +0.0293  +0.1213  +0.0278  -0.1371
    t+3   | +0.0352  -0.0048  +0.0537  +0.1140  +0.0260  -0.1337
    t+4   | +0.0616  +0.0136  +0.0550  +0.1249  +0.0199  -0.1781
[12:18:47] #  142 [bench] e2e= 1029.3ms  infer= 1026.2ms  cap=  2.9ms
    t+0   | +0.2552  +0.0290  -0.1349  +0.2243  +0.0251  -0.6935
    t+1   | +0.1936  +0.0512  -0.2336  +0.2768  +0.0391  -0.4570
    t+2   | +0.0805  +0.0325  -0.2564  +0.2888  +0.0571  -0.3247
    t+3   | +0.0597  -0.0038  -0.2396  +0.3001  +0.1631  +0.1274
    t+4   | +0.0932  -0.0265  -0.2044  +0.2901  +0.1762  +0.0148
[12:18:48] #  143 [bench] e2e= 1031.3ms  infer= 1027.9ms  cap=  3.2ms
    t+0   | +0.0885  -0.0698  -0.0137  +0.1813  +0.0586  -0.7077
    t+1   | +0.0691  -0.1211  -0.0028  +0.1611  +0.0390  -0.7226
    t+2   | -0.0054  -0.2513  +0.0533  +0.1114  +0.0506  -0.6651
    t+3   | +0.0017  -0.2444  +0.0238  +0.1243  -0.0120  -0.3399
    t+4   | -0.0196  -0.1954  -0.0107  +0.1015  -0.0343  -0.2835
[12:18:49] #  144 [bench] e2e= 1066.4ms  infer= 1063.8ms  cap=  2.4ms
    t+0   | +0.2730  +0.1320  -0.2883  +0.3935  +0.0650  -0.0003
    t+1   | +0.2547  +0.1186  -0.2777  +0.3873  +0.0397  -0.0305
    t+2   | +0.2240  +0.0825  -0.2817  +0.3660  +0.0557  -0.0499
    t+3   | +0.1721  +0.0743  -0.2892  +0.3294  +0.1261  -0.1098
    t+4   | +0.1542  +0.1262  -0.3481  +0.3668  +0.1265  -0.1325
[12:18:50] #  145 [bench] e2e= 1030.7ms  infer= 1028.2ms  cap=  2.3ms
    t+0   | +0.1270  -0.0526  -0.1106  +0.2284  -0.0592  -0.1743
    t+1   | -0.0092  -0.0797  -0.1429  +0.2250  -0.0917  -0.1607
    t+2   | -0.0970  -0.0871  -0.1177  +0.2342  -0.1663  +0.1369
    t+3   | +0.0140  -0.0427  -0.1050  +0.2290  -0.1228  +0.3686
    t+4   | -0.0205  +0.0040  -0.0880  +0.1849  -0.1684  +0.5729

  [live] after 140 bench steps — e2e mean=1035.5ms  |  max replan freq=0.97 Hz  |  max control freq=4.83 Hz (n_action_steps=5)

[12:18:51] #  146 [bench] e2e= 1035.5ms  infer= 1033.1ms  cap=  2.3ms
    t+0   | +0.0215  -0.1154  -0.0121  +0.1827  +0.1497  -0.1276
    t+1   | +0.0416  -0.1296  -0.0332  +0.1796  +0.0883  -0.1193
    t+2   | +0.0314  -0.0976  -0.0464  +0.2087  +0.0531  -0.1616
    t+3   | +0.0356  -0.0706  -0.0576  +0.2253  +0.0516  -0.1431
    t+4   | +0.0179  -0.0206  -0.0829  +0.2436  +0.0257  -0.0717
[12:18:52] #  147 [bench] e2e= 1041.1ms  infer= 1037.6ms  cap=  3.3ms
    t+0   | +0.0107  -0.0796  -0.0557  +0.2033  -0.1144  -0.3063
    t+1   | +0.0340  -0.0011  -0.1276  +0.2326  -0.0830  -0.4795
    t+2   | +0.0325  +0.0205  -0.1019  +0.2107  -0.0919  -0.6375
    t+3   | +0.0507  -0.0065  -0.1488  +0.2370  -0.0643  -0.6527
    t+4   | +0.0720  -0.0150  -0.1748  +0.2345  -0.0287  -0.6177
[12:18:53] #  148 [bench] e2e= 1033.4ms  infer= 1030.4ms  cap=  2.9ms
    t+0   | +0.1294  +0.0306  -0.1579  +0.2535  +0.0433  -0.3208
    t+1   | +0.0904  +0.0123  -0.1184  +0.2080  +0.0364  -0.4278
    t+2   | +0.0834  +0.0369  -0.1564  +0.2224  +0.0458  -0.5574
    t+3   | +0.0813  +0.0683  -0.1867  +0.2692  +0.1015  -0.5469
    t+4   | +0.1156  +0.0988  -0.2032  +0.2597  +0.1247  -0.4720
[12:18:54] #  149 [bench] e2e= 1045.2ms  infer= 1041.8ms  cap=  3.2ms
    t+0   | +0.1085  +0.0975  -0.2293  +0.2532  -0.0355  -0.0393
    t+1   | +0.0488  +0.0867  -0.2480  +0.2358  -0.0855  +0.0710
    t+2   | +0.0331  +0.1142  -0.2718  +0.2357  -0.1482  +0.0062
    t+3   | -0.0007  +0.1616  -0.3390  +0.2891  -0.1606  -0.0759
    t+4   | +0.0314  +0.1430  -0.3685  +0.2827  -0.1782  -0.0353
[12:18:55] #  150 [bench] e2e= 1052.9ms  infer= 1049.7ms  cap=  3.0ms
    t+0   | -0.0344  -0.0830  -0.0814  +0.1808  -0.0808  -0.1690
    t+1   | -0.0127  -0.0296  -0.0896  +0.1982  +0.0824  -0.1211
    t+2   | +0.0512  +0.0394  -0.1079  +0.2255  +0.0183  -0.0580
    t+3   | +0.1006  +0.0370  -0.0920  +0.2257  -0.0042  -0.0349
    t+4   | +0.0926  +0.0127  -0.0497  +0.1839  -0.0367  -0.2786
[12:18:56] #  151 [bench] e2e= 1055.6ms  infer= 1053.4ms  cap=  2.1ms
    t+0   | -0.0378  -0.2056  -0.0851  +0.1121  -0.0514  -0.3141
    t+1   | -0.0025  -0.1712  -0.0943  +0.1310  -0.0367  -0.2758
    t+2   | +0.0251  -0.1321  -0.1143  +0.1378  -0.0584  -0.3073
    t+3   | +0.0276  -0.0881  -0.1051  +0.1483  -0.0945  -0.3469
    t+4   | +0.0069  -0.0570  -0.0847  +0.1590  -0.0708  -0.4001
[12:18:57] #  152 [bench] e2e= 1056.8ms  infer= 1053.2ms  cap=  3.4ms
    t+0   | +0.0833  -0.0993  +0.0294  +0.1877  +0.1655  -0.5962
    t+1   | +0.0906  -0.1248  -0.0001  +0.1998  +0.0861  -0.6042
    t+2   | +0.0750  -0.1138  -0.0064  +0.1906  +0.0027  -0.5362
    t+3   | +0.0470  -0.1359  +0.0088  +0.1155  -0.0438  -0.5092
    t+4   | +0.0195  -0.1279  +0.0259  +0.0633  -0.0541  -0.4973
[12:18:58] #  153 [bench] e2e= 1062.6ms  infer= 1059.0ms  cap=  3.4ms
    t+0   | -0.0159  -0.0704  -0.1062  +0.2489  -0.0661  +0.3699
    t+1   | +0.0807  +0.0462  -0.1763  +0.2717  -0.1035  +0.3573
    t+2   | +0.1445  +0.1513  -0.2298  +0.3043  -0.1128  +0.3906
    t+3   | +0.1583  +0.1169  -0.2330  +0.2768  -0.1446  +0.3422
    t+4   | +0.1345  +0.0916  -0.2355  +0.2745  -0.2508  +0.3902
[12:18:59] #  154 [bench] e2e= 1058.3ms  infer= 1054.9ms  cap=  3.2ms
    t+0   | -0.3374  -0.5104  +0.4099  -0.0784  +0.0953  -0.7056
    t+1   | -0.1435  -0.3211  +0.2067  +0.0246  +0.0241  -0.6174
    t+2   | -0.0839  -0.2453  +0.1258  +0.0953  +0.0163  -0.3634
    t+3   | -0.1087  -0.2892  +0.1333  +0.1026  -0.0098  -0.3119
    t+4   | -0.1615  -0.3363  +0.1402  +0.0930  -0.0430  -0.3325
[12:19:00] #  155 [bench] e2e= 1027.4ms  infer= 1024.0ms  cap=  3.2ms
    t+0   | +0.1144  -0.0934  -0.1010  +0.2333  -0.0960  -0.2466
    t+1   | +0.0605  -0.0515  -0.1717  +0.2631  -0.0817  -0.1964
    t+2   | +0.0508  -0.0154  -0.1649  +0.2811  -0.0912  -0.1611
    t+3   | +0.0618  -0.0180  -0.1697  +0.1940  -0.0990  -0.6024
    t+4   | +0.0908  -0.0083  -0.1604  +0.1905  -0.0829  -0.6328
[12:19:01] #  156 [bench] e2e= 1031.2ms  infer= 1026.7ms  cap=  4.4ms
    t+0   | -0.0753  -0.1717  -0.2861  +0.1979  -0.1859  -0.3385
    t+1   | -0.0369  -0.0797  -0.2627  +0.2098  -0.0274  -0.1941
    t+2   | -0.0274  -0.0558  -0.2740  +0.2014  -0.0219  -0.1802
    t+3   | +0.0046  +0.0132  -0.3569  +0.2342  -0.0597  -0.2204
    t+4   | +0.0200  +0.0215  -0.3714  +0.2238  -0.0804  -0.2291
[12:19:02] #  157 [bench] e2e= 1026.3ms  infer= 1023.0ms  cap=  3.2ms
    t+0   | +0.1374  -0.0039  -0.0705  +0.1948  -0.0649  -0.0212
    t+1   | +0.0887  -0.0779  -0.0292  +0.1262  -0.0731  -0.0695
    t+2   | +0.0398  -0.1159  +0.0252  +0.1163  -0.0794  -0.1373
    t+3   | +0.0253  -0.0994  -0.0196  +0.1561  -0.1204  -0.1273
    t+4   | +0.0538  -0.0619  -0.1575  +0.2063  -0.2139  -0.1235
[12:19:03] #  158 [bench] e2e= 1043.0ms  infer= 1040.3ms  cap=  2.5ms
    t+0   | +0.1066  +0.0449  -0.2358  +0.2848  +0.1373  -0.2016
    t+1   | +0.1671  +0.0645  -0.2296  +0.2880  +0.0717  -0.0575
    t+2   | +0.2135  +0.0467  -0.1948  +0.2587  +0.0178  +0.0429
    t+3   | +0.1871  +0.0062  -0.2062  +0.2294  -0.0005  +0.0161
    t+4   | +0.1515  +0.0069  -0.1977  +0.2383  -0.0032  +0.1334
[12:19:04] #  159 [bench] e2e= 1090.9ms  infer= 1088.0ms  cap=  2.8ms
    t+0   | +0.1049  -0.0093  -0.0851  +0.1643  +0.0122  -0.5414
    t+1   | +0.0714  -0.0352  -0.0744  +0.1355  +0.0273  -0.3715
    t+2   | +0.0535  -0.0309  -0.0375  +0.1103  -0.0001  -0.2933
    t+3   | +0.0280  -0.0131  -0.0517  +0.1051  +0.0379  -0.3066
    t+4   | +0.0433  -0.0186  -0.0421  +0.0828  +0.0685  -0.4453
[12:19:05] #  160 [bench] e2e= 1058.1ms  infer= 1054.7ms  cap=  3.2ms
    t+0   | +0.1277  -0.0933  -0.0653  +0.2574  +0.1799  -0.1848
    t+1   | +0.0460  -0.1448  -0.0322  +0.2056  +0.1290  -0.3129
    t+2   | -0.0030  -0.1870  +0.0185  +0.1410  +0.1076  -0.3490
    t+3   | -0.0106  -0.2660  +0.0821  +0.0866  +0.1129  -0.3053
    t+4   | -0.0012  -0.2894  +0.1266  +0.1148  +0.1059  -0.2444
[12:19:06] #  161 [bench] e2e= 1040.6ms  infer= 1037.4ms  cap=  3.0ms
    t+0   | +0.1569  -0.0421  -0.1050  +0.2386  +0.0631  +0.0564
    t+1   | +0.1011  -0.0283  -0.1270  +0.2382  -0.0406  +0.0235
    t+2   | +0.0659  +0.0555  -0.1523  +0.2621  -0.1334  +0.0549
    t+3   | +0.0961  +0.1342  -0.2209  +0.2765  -0.1431  +0.0466
    t+4   | +0.1199  +0.1173  -0.2162  +0.2843  -0.1190  +0.0077
[12:19:08] #  162 [bench] e2e= 1055.6ms  infer= 1052.5ms  cap=  3.0ms
    t+0   | +0.0737  -0.0831  -0.0978  +0.2328  +0.0216  -0.0100
    t+1   | +0.0666  -0.0655  -0.1774  +0.2506  +0.0072  +0.0118
    t+2   | +0.0464  -0.0258  -0.2385  +0.2700  +0.0299  -0.0311
    t+3   | +0.0271  -0.0022  -0.2916  +0.3013  +0.0316  -0.0685
    t+4   | +0.0526  -0.0129  -0.3057  +0.2678  +0.0398  -0.0871
[12:19:09] #  163 [bench] e2e= 1055.4ms  infer= 1052.4ms  cap=  2.9ms
    t+0   | +0.1203  -0.0519  +0.0499  +0.1985  -0.1066  +0.6906
    t+1   | +0.0788  -0.0060  +0.0205  +0.2138  -0.0646  +0.4069
    t+2   | +0.0893  +0.0504  -0.0610  +0.2727  -0.0094  +0.4853
    t+3   | +0.0999  +0.0712  -0.1323  +0.2767  +0.0459  +0.4669
    t+4   | +0.1280  +0.0299  -0.1506  +0.2423  +0.0538  +0.3144
[12:19:10] #  164 [bench] e2e= 1087.7ms  infer= 1084.9ms  cap=  2.7ms
    t+0   | +0.0184  -0.0087  -0.2201  +0.2370  +0.0566  -0.6096
    t+1   | +0.0108  -0.0352  -0.1825  +0.1926  +0.0226  -0.5334
    t+2   | +0.0185  +0.0389  -0.2595  +0.2110  -0.0528  -0.1997
    t+3   | +0.0795  +0.0737  -0.2389  +0.1910  -0.0153  -0.2411
    t+4   | +0.1146  +0.1086  -0.2170  +0.1806  +0.0179  -0.2979
[12:19:11] #  165 [bench] e2e= 1039.1ms  infer= 1036.3ms  cap=  2.7ms
    t+0   | +0.1388  +0.0724  -0.2756  +0.2915  -0.2803  -0.1777
    t+1   | +0.0362  +0.0335  -0.2343  +0.2690  -0.1625  -0.1771
    t+2   | -0.0122  +0.0310  -0.2289  +0.2521  -0.1694  -0.1103
    t+3   | +0.0003  +0.0564  -0.2297  +0.2559  -0.1949  +0.0362
    t+4   | +0.0569  +0.0941  -0.2120  +0.2753  -0.1683  +0.0382

  [live] after 160 bench steps — e2e mean=1037.3ms  |  max replan freq=0.96 Hz  |  max control freq=4.82 Hz (n_action_steps=5)

[12:19:12] #  166 [bench] e2e= 1054.5ms  infer= 1051.4ms  cap=  3.0ms
    t+0   | +0.2118  +0.1841  -0.2358  +0.3506  +0.1169  +0.0590
    t+1   | +0.1276  +0.2118  -0.2408  +0.3267  +0.2115  -0.1543
    t+2   | +0.1378  +0.1687  -0.2621  +0.3206  +0.1185  -0.0695
    t+3   | +0.1482  +0.1674  -0.2508  +0.3422  +0.0908  -0.0936
    t+4   | +0.1323  +0.1498  -0.2113  +0.3054  +0.1256  -0.0116
[12:19:13] #  167 [bench] e2e= 1089.0ms  infer= 1085.8ms  cap=  3.0ms
    t+0   | +0.2141  +0.0191  -0.1528  +0.2715  -0.0318  -0.0971
    t+1   | +0.2070  +0.0427  -0.1586  +0.2576  +0.0045  +0.0615
    t+2   | +0.2045  +0.0308  -0.1425  +0.2353  +0.0274  +0.0756
    t+3   | +0.2473  +0.0327  -0.1469  +0.2496  +0.0809  -0.0054
    t+4   | +0.2613  +0.0104  -0.1610  +0.2319  +0.0995  -0.0937
[12:19:14] #  168 [bench] e2e= 1063.8ms  infer= 1060.6ms  cap=  3.0ms
    t+0   | -0.0348  +0.0953  -0.1661  +0.2900  -0.0291  -0.3288
    t+1   | -0.1136  +0.1003  -0.2535  +0.2767  -0.0898  -0.5168
    t+2   | -0.1004  +0.0478  -0.2888  +0.2124  -0.0778  -0.4937
    t+3   | -0.1145  -0.0380  -0.2306  +0.1378  -0.1014  -0.4059
    t+4   | -0.0618  -0.0720  -0.1359  +0.1469  -0.0950  -0.3221
[12:19:15] #  169 [bench] e2e= 1028.7ms  infer= 1025.8ms  cap=  2.7ms
    t+0   | +0.1693  +0.0640  -0.1915  +0.3099  -0.0555  +0.1540
    t+1   | +0.1099  +0.0060  -0.1611  +0.2949  -0.0111  +0.0397
    t+2   | +0.1206  -0.0267  -0.1834  +0.2838  +0.0231  -0.0963
    t+3   | +0.1539  +0.0190  -0.2222  +0.2801  +0.0185  -0.1188
    t+4   | +0.0871  +0.1241  -0.2938  +0.2651  +0.1057  -0.1755
[12:19:16] #  170 [bench] e2e= 1035.0ms  infer= 1031.1ms  cap=  3.7ms
    t+0   | +0.2705  +0.0623  -0.1811  +0.2867  +0.0228  -0.1913
    t+1   | +0.2302  +0.0871  -0.1997  +0.2844  -0.0558  -0.0759
    t+2   | +0.1802  +0.1168  -0.2166  +0.2353  -0.0508  -0.0826
    t+3   | +0.0936  +0.1466  -0.2235  +0.2210  -0.0774  -0.0910
    t+4   | +0.0494  +0.2135  -0.3067  +0.2392  -0.1479  -0.0759
[12:19:17] #  171 [bench] e2e= 1029.7ms  infer= 1026.9ms  cap=  2.7ms
    t+0   | +0.2237  +0.0954  -0.1666  +0.2977  +0.0842  -0.0897
    t+1   | +0.2340  +0.1145  -0.1773  +0.2784  +0.0278  -0.0157
    t+2   | +0.2627  +0.0921  -0.1808  +0.2513  +0.0052  +0.0505
    t+3   | +0.3014  +0.1171  -0.2295  +0.2961  +0.0556  -0.0236
    t+4   | +0.2705  +0.0826  -0.2721  +0.3144  +0.0144  -0.0417
[12:19:18] #  172 [bench] e2e= 1027.7ms  infer= 1024.2ms  cap=  3.3ms
    t+0   | +0.1692  -0.0373  -0.0681  +0.2183  -0.0140  -0.1135
    t+1   | +0.1459  +0.0460  -0.1577  +0.2296  -0.0542  -0.0844
    t+2   | +0.0925  +0.1802  -0.2834  +0.2605  -0.0221  +0.0447
    t+3   | +0.1198  +0.2101  -0.3253  +0.2884  +0.0116  +0.1556
    t+4   | +0.1220  +0.1870  -0.2973  +0.3010  +0.0379  +0.2523
[12:19:19] #  173 [bench] e2e= 1047.4ms  infer= 1044.0ms  cap=  3.3ms
    t+0   | +0.0961  -0.0433  -0.0851  +0.2280  -0.0620  +0.3420
    t+1   | +0.0862  +0.0249  -0.1641  +0.2539  +0.0398  -0.0814
    t+2   | +0.1306  +0.1056  -0.2271  +0.2809  +0.0173  -0.1465
    t+3   | +0.0882  +0.1878  -0.3118  +0.3141  +0.0050  -0.3125
    t+4   | +0.1186  +0.1611  -0.1995  +0.3205  +0.0096  -0.5639
[12:19:20] #  174 [bench] e2e= 1043.5ms  infer= 1040.7ms  cap=  2.6ms
    t+0   | +0.1730  -0.0406  -0.1036  +0.2095  +0.0966  -0.0636
    t+1   | +0.0570  -0.0335  -0.2528  +0.1696  +0.2890  -0.3024
    t+2   | +0.0049  -0.0101  -0.3111  +0.1878  +0.2438  -0.3160
    t+3   | +0.0205  -0.0147  -0.2915  +0.1648  +0.1588  -0.2374
    t+4   | +0.0409  +0.0010  -0.2787  +0.1644  +0.1371  -0.1904
[12:19:21] #  175 [bench] e2e= 1036.2ms  infer= 1033.2ms  cap=  2.8ms
    t+0   | +0.0772  -0.0488  -0.1979  +0.3106  -0.1776  +0.4739
    t+1   | +0.0349  -0.0774  -0.2109  +0.2927  -0.1734  +0.3581
    t+2   | +0.0605  -0.0656  -0.2028  +0.3105  -0.0478  +0.2943
    t+3   | +0.0999  +0.0016  -0.2240  +0.3257  -0.0153  +0.3081
    t+4   | +0.1545  +0.0413  -0.2406  +0.3311  +0.0003  +0.3865
[12:19:22] #  176 [bench] e2e= 1035.0ms  infer= 1032.4ms  cap=  2.5ms
    t+0   | +0.0692  -0.0236  -0.0845  +0.2306  +0.1157  +0.6772
    t+1   | +0.0764  -0.0285  -0.0900  +0.2366  +0.0962  +0.6852
    t+2   | +0.0156  -0.0233  -0.1568  +0.2466  +0.0234  +0.5062
    t+3   | -0.0325  -0.0319  -0.2038  +0.2779  -0.0873  +0.4769
    t+4   | -0.0500  -0.0449  -0.1188  +0.2675  -0.1581  +0.2763
[12:19:23] #  177 [bench] e2e= 1026.8ms  infer= 1024.2ms  cap=  2.4ms
    t+0   | +0.1427  -0.1604  -0.0429  +0.2492  -0.0730  -0.1381
    t+1   | +0.1353  -0.0670  -0.1268  +0.3048  -0.1093  -0.0405
    t+2   | +0.1349  -0.0009  -0.1843  +0.3141  -0.0816  +0.0299
    t+3   | +0.1722  +0.0051  -0.2450  +0.3224  -0.0429  -0.0391
    t+4   | +0.1969  +0.0190  -0.2364  +0.3095  -0.0487  -0.0637
[12:19:24] #  178 [bench] e2e= 1027.0ms  infer= 1024.3ms  cap=  2.5ms
    t+0   | +0.0752  +0.0909  -0.0996  +0.2571  +0.1705  +0.0640
    t+1   | +0.0658  +0.0553  -0.1467  +0.2476  +0.0540  -0.0901
    t+2   | +0.0368  +0.0163  -0.2490  +0.2461  -0.0215  -0.3136
    t+3   | +0.0509  +0.0611  -0.2847  +0.2537  -0.0556  -0.3078
    t+4   | +0.0571  +0.0920  -0.2985  +0.2153  -0.0420  -0.3325
[12:19:25] #  179 [bench] e2e= 1064.8ms  infer= 1061.5ms  cap=  3.1ms
    t+0   | +0.1007  +0.0828  -0.1419  +0.2572  +0.1283  +0.2976
    t+1   | +0.0436  +0.0733  -0.1649  +0.2204  +0.1619  +0.0346
    t+2   | +0.0464  +0.0300  -0.1480  +0.2053  +0.1075  -0.0260
    t+3   | +0.0508  +0.0704  -0.1616  +0.1853  -0.0210  -0.0062
    t+4   | +0.0088  +0.0920  -0.1667  +0.1971  -0.1392  +0.0507
[12:19:26] #  180 [bench] e2e= 1034.0ms  infer= 1031.5ms  cap=  2.4ms
    t+0   | +0.1884  +0.1486  -0.1601  +0.2425  +0.0774  +0.0557
    t+1   | +0.0895  +0.0842  -0.0984  +0.1471  +0.0779  -0.1353
    t+2   | +0.0095  -0.0289  -0.0153  +0.1045  +0.1010  -0.1587
    t+3   | -0.0043  -0.0367  -0.0147  +0.1488  +0.0999  -0.1426
    t+4   | +0.0123  -0.0415  -0.0368  +0.1635  +0.1009  -0.1653
[12:19:27] #  181 [bench] e2e= 1033.0ms  infer= 1030.2ms  cap=  2.6ms
    t+0   | +0.0064  -0.0886  -0.1436  +0.1588  -0.0557  -0.5694
    t+1   | +0.0002  -0.0628  -0.2346  +0.1732  -0.0355  -0.6071
    t+2   | +0.0387  +0.0108  -0.2913  +0.1983  -0.0458  -0.6114
    t+3   | +0.0200  +0.0330  -0.2940  +0.1611  -0.0547  -0.5875
    t+4   | -0.0035  +0.1421  -0.3982  +0.2133  -0.0176  -0.5522
[12:19:28] #  182 [bench] e2e= 1057.4ms  infer= 1055.0ms  cap=  2.2ms
    t+0   | +0.1516  -0.0623  -0.1247  +0.2518  -0.0042  -0.0177
    t+1   | +0.1227  -0.0510  -0.1694  +0.2447  +0.0048  +0.0061
    t+2   | +0.0933  -0.0171  -0.1787  +0.2331  +0.0119  +0.0315
    t+3   | +0.0923  +0.0017  -0.2123  +0.2226  +0.0210  -0.0295
    t+4   | +0.0837  -0.0056  -0.1934  +0.2148  +0.0074  -0.1234
[12:19:30] #  183 [bench] e2e= 1028.1ms  infer= 1025.9ms  cap=  2.0ms
    t+0   | +0.0668  +0.2739  -0.3952  +0.2847  -0.1006  -0.4057
    t+1   | +0.0483  +0.2340  -0.3763  +0.2423  -0.0907  -0.5632
    t+2   | -0.0269  +0.1647  -0.3271  +0.2349  -0.0717  -0.5495
    t+3   | -0.0019  +0.1633  -0.3236  +0.2441  -0.0881  -0.3028
    t+4   | -0.0253  +0.1580  -0.3471  +0.2560  -0.0586  -0.2302
[12:19:31] #  184 [bench] e2e= 1053.5ms  infer= 1050.6ms  cap=  2.6ms
    t+0   | +0.1464  -0.0438  -0.0710  +0.2345  -0.0292  +0.1587
    t+1   | -0.0000  -0.0273  -0.0691  +0.2133  +0.1864  -0.0005
    t+2   | -0.0852  -0.0896  -0.0248  +0.1412  +0.1892  -0.5858
    t+3   | -0.0670  -0.0852  +0.0041  +0.1345  +0.2271  -0.6051
    t+4   | -0.0730  -0.0750  -0.0650  +0.1291  +0.2152  -0.5953
[12:19:32] #  185 [bench] e2e= 1074.7ms  infer= 1071.6ms  cap=  2.9ms
    t+0   | +0.2182  +0.0287  -0.0672  +0.2208  +0.0022  +0.2154
    t+1   | +0.1359  +0.0095  -0.0408  +0.2216  -0.0164  +0.0403
    t+2   | +0.0838  -0.0246  -0.0407  +0.2312  -0.0249  -0.0551
    t+3   | +0.0445  -0.0025  -0.0979  +0.2543  -0.0317  -0.1309
    t+4   | +0.0332  +0.0853  -0.1743  +0.2907  -0.0074  -0.3654

  [live] after 180 bench steps — e2e mean=1038.1ms  |  max replan freq=0.96 Hz  |  max control freq=4.82 Hz (n_action_steps=5)

[12:19:33] #  186 [bench] e2e= 1039.7ms  infer= 1036.5ms  cap=  3.0ms
    t+0   | +0.0803  +0.0414  -0.1377  +0.3031  +0.0061  -0.0515
    t+1   | +0.0878  +0.0650  -0.1265  +0.3110  +0.0442  +0.0703
    t+2   | +0.1253  +0.0450  -0.1178  +0.2847  +0.0569  +0.0235
    t+3   | +0.1608  +0.0590  -0.0939  +0.2970  +0.0234  +0.0261
    t+4   | +0.1797  +0.0235  -0.1034  +0.2577  +0.0282  -0.0160
[12:19:34] #  187 [bench] e2e= 1032.7ms  infer= 1030.0ms  cap=  2.6ms
    t+0   | +0.0629  -0.1216  -0.1989  +0.2840  +0.0584  -0.2872
    t+1   | +0.1093  -0.1053  -0.2227  +0.2817  +0.0266  -0.1604
    t+2   | +0.1532  -0.0394  -0.2152  +0.2815  -0.0110  +0.0700
    t+3   | +0.1656  -0.0188  -0.1924  +0.2681  -0.0079  +0.0465
    t+4   | +0.1415  +0.0308  -0.2205  +0.2904  +0.0348  +0.1497
[12:19:35] #  188 [bench] e2e= 1029.7ms  infer= 1026.7ms  cap=  2.9ms
    t+0   | +0.2740  -0.0166  -0.1317  +0.2642  +0.0198  -0.0200
    t+1   | +0.2724  -0.0401  -0.1305  +0.2269  -0.0053  -0.0007
    t+2   | +0.3009  -0.0540  -0.1423  +0.2446  -0.0413  +0.1990
    t+3   | +0.2240  +0.0082  -0.1865  +0.2404  -0.0459  +0.3074
    t+4   | +0.2109  +0.0699  -0.2265  +0.2632  -0.0947  +0.4120
[12:19:36] #  189 [bench] e2e= 1024.6ms  infer= 1022.0ms  cap=  2.5ms
    t+0   | +0.1299  +0.0442  -0.0811  +0.2497  -0.0174  +0.3351
    t+1   | +0.0471  +0.0845  -0.0674  +0.2508  +0.0840  +0.2339
    t+2   | +0.0090  +0.0161  -0.0323  +0.2222  +0.2497  +0.0434
    t+3   | +0.0355  -0.0133  -0.0429  +0.2453  +0.2420  +0.0115
    t+4   | +0.0128  +0.0120  -0.0287  +0.2466  +0.3099  +0.0343
[12:19:37] #  190 [bench] e2e= 1025.0ms  infer= 1022.5ms  cap=  2.4ms
    t+0   | -0.0542  -0.2033  +0.0812  +0.0426  -0.0084  -0.1738
    t+1   | -0.1140  -0.2420  +0.1908  -0.0303  +0.0525  -0.1730
    t+2   | -0.1163  -0.2416  +0.2205  -0.0553  +0.0565  -0.0510
    t+3   | -0.1111  -0.1996  +0.2621  -0.0530  +0.0695  +0.1690
    t+4   | -0.0788  -0.1703  +0.2494  -0.0357  +0.0720  +0.0458
[12:19:38] #  191 [bench] e2e= 1032.3ms  infer= 1029.6ms  cap=  2.6ms
    t+0   | +0.3059  +0.0863  -0.2115  +0.2799  +0.1652  -0.4804
    t+1   | +0.2140  +0.0409  -0.2061  +0.2429  +0.0942  -0.4013
    t+2   | +0.1649  +0.0202  -0.2161  +0.2331  +0.0231  -0.2036
    t+3   | +0.1064  -0.0662  -0.1601  +0.1785  -0.0387  +0.1269
    t+4   | +0.0829  -0.0856  -0.1434  +0.1369  -0.0675  +0.1741
[12:19:39] #  192 [bench] e2e= 1037.0ms  infer= 1034.8ms  cap=  2.1ms
    t+0   | +0.1901  -0.1049  -0.0603  +0.1855  -0.0356  -0.2663
    t+1   | +0.1901  -0.1233  -0.0313  +0.1546  +0.0499  -0.2918
    t+2   | +0.1704  -0.1143  -0.0174  +0.1312  +0.0806  -0.2776
    t+3   | +0.1787  -0.0539  -0.0432  +0.1580  +0.1006  -0.2903
    t+4   | +0.2133  +0.0036  -0.0633  +0.1859  +0.0836  -0.2658
[12:19:40] #  193 [bench] e2e= 1035.3ms  infer= 1032.6ms  cap=  2.5ms
    t+0   | +0.1043  +0.0264  -0.1333  +0.2538  -0.0718  -0.0452
    t+1   | +0.0215  +0.0310  -0.1032  +0.2058  -0.0225  +0.0608
    t+2   | -0.0088  +0.0080  -0.1059  +0.1789  -0.0144  +0.1159
    t+3   | +0.0018  -0.0136  -0.1190  +0.1942  -0.0063  -0.0188
    t+4   | -0.0062  -0.0245  -0.1708  +0.1927  -0.0213  -0.0866
[12:19:41] #  194 [bench] e2e= 1037.0ms  infer= 1033.8ms  cap=  3.0ms
    t+0   | +0.2199  -0.0579  -0.0106  +0.2223  -0.0052  +0.2460
    t+1   | +0.2004  +0.0107  -0.0682  +0.2554  -0.0101  +0.2626
    t+2   | +0.1997  +0.0441  -0.1129  +0.2433  -0.0211  +0.2091
    t+3   | +0.1062  +0.0405  -0.1020  +0.2250  +0.0119  +0.1997
    t+4   | +0.1051  +0.0166  -0.0769  +0.2280  -0.0152  +0.1233
[12:19:42] #  195 [bench] e2e= 1038.1ms  infer= 1035.0ms  cap=  2.9ms
    t+0   | +0.1447  -0.0306  -0.0415  +0.2111  -0.0372  -0.0237
    t+1   | +0.0805  -0.0471  -0.0482  +0.2008  -0.0689  -0.0306
    t+2   | +0.0434  -0.0694  -0.0500  +0.1646  -0.0746  -0.0592
    t+3   | +0.0156  -0.0748  -0.0658  +0.1185  -0.0823  -0.1611
    t+4   | +0.0291  -0.0710  -0.0830  +0.1448  -0.1040  -0.1955
[12:19:43] #  196 [bench] e2e= 1031.5ms  infer= 1029.1ms  cap=  2.2ms
    t+0   | +0.0151  +0.1118  -0.4703  +0.3564  +0.0704  -0.0139
    t+1   | +0.0746  +0.1743  -0.5489  +0.4063  -0.0437  +0.0869
    t+2   | +0.1196  +0.1779  -0.5064  +0.4059  -0.0473  +0.1083
    t+3   | +0.2245  +0.1385  -0.4883  +0.4221  -0.0109  +0.1417
    t+4   | +0.2697  +0.0843  -0.4491  +0.4176  +0.0615  +0.1136
[12:19:44] #  197 [bench] e2e= 1034.1ms  infer= 1031.5ms  cap=  2.4ms
    t+0   | +0.1236  -0.0529  -0.0310  +0.1846  +0.0961  -0.6186
    t+1   | -0.0054  -0.0743  -0.1104  +0.1417  +0.0482  -0.6704
    t+2   | -0.0741  -0.1406  -0.1429  +0.1496  +0.0221  -0.6885
    t+3   | -0.0417  -0.1675  -0.0985  +0.1836  +0.0276  -0.7040
    t+4   | -0.0217  -0.1689  -0.0578  +0.1461  +0.0175  -0.7260
[12:19:45] #  198 [bench] e2e= 1047.5ms  infer= 1044.5ms  cap=  2.8ms
    t+0   | +0.0833  -0.0241  -0.1072  +0.2366  -0.0459  -0.1520
    t+1   | -0.0136  -0.0786  -0.1795  +0.2263  -0.0599  -0.2439
    t+2   | -0.0028  -0.1373  -0.1778  +0.2116  -0.0799  -0.3431
    t+3   | +0.0142  -0.1464  -0.1822  +0.2093  -0.0982  -0.3814
    t+4   | -0.0136  -0.1295  -0.1744  +0.1987  -0.1338  -0.3602
[12:19:46] #  199 [bench] e2e= 1066.3ms  infer= 1063.3ms  cap=  2.9ms
    t+0   | +0.0198  -0.1284  -0.0042  +0.1481  -0.0626  -0.3914
    t+1   | +0.0373  -0.1301  -0.0712  +0.1801  -0.0913  -0.2985
    t+2   | +0.0783  -0.0511  -0.1660  +0.2318  -0.1007  -0.2110
    t+3   | +0.0111  +0.0257  -0.2226  +0.2362  -0.0682  -0.0919
    t+4   | -0.0099  +0.0148  -0.2318  +0.2189  -0.0179  -0.1363
[12:19:47] #  200 [bench] e2e= 1040.6ms  infer= 1038.5ms  cap=  1.9ms
    t+0   | -0.4885  -0.1681  +0.0533  +0.1188  +0.2141  -0.2550
    t+1   | -0.3659  -0.2261  +0.1083  +0.0347  +0.1823  -0.6317
    t+2   | -0.2663  -0.2724  +0.1435  +0.0248  +0.1353  -0.6867
    t+3   | -0.1989  -0.2342  +0.1704  +0.0513  +0.1113  -0.7125
    t+4   | -0.1404  -0.1991  +0.1432  +0.0547  +0.0570  -0.7359
[12:19:48] #  201 [bench] e2e= 1022.1ms  infer= 1019.6ms  cap=  2.3ms
    t+0   | +0.1526  -0.0956  -0.0259  +0.2020  +0.1250  -0.0490
    t+1   | +0.1271  -0.0405  -0.0561  +0.2390  +0.1881  +0.1301
    t+2   | +0.1426  +0.0199  -0.1410  +0.2919  +0.1613  +0.0475
    t+3   | +0.1491  +0.0265  -0.1724  +0.3012  +0.0881  -0.0486
    t+4   | +0.1136  +0.0579  -0.1738  +0.3107  +0.0978  -0.1096
[12:19:49] #  202 [bench] e2e= 1029.0ms  infer= 1026.1ms  cap=  2.8ms
    t+0   | +0.3052  +0.0724  -0.1508  +0.2889  +0.0227  +0.1123
    t+1   | +0.2677  +0.0374  -0.1281  +0.2285  -0.0283  +0.1021
    t+2   | +0.1770  +0.0244  -0.1181  +0.2003  -0.0320  +0.0004
    t+3   | +0.1634  -0.0006  -0.1528  +0.1867  -0.0004  -0.0523
    t+4   | +0.1825  -0.0114  -0.1411  +0.1980  -0.0072  +0.0010
[12:19:50] #  203 [bench] e2e= 1032.8ms  infer= 1029.5ms  cap=  3.2ms
    t+0   | +0.0535  -0.0763  -0.0222  +0.1234  -0.0286  -0.4478
    t+1   | +0.0223  -0.1597  +0.0579  +0.0523  -0.0421  -0.5386
    t+2   | +0.0032  -0.2011  +0.0946  +0.0602  -0.0209  -0.4519
    t+3   | +0.0009  -0.1551  +0.0576  +0.1124  -0.0100  -0.3683
    t+4   | +0.0233  -0.0793  -0.0445  +0.1651  +0.0191  -0.2358
[12:19:51] #  204 [bench] e2e= 1031.2ms  infer= 1027.9ms  cap=  3.1ms
    t+0   | +0.0885  -0.0454  -0.0380  +0.2195  +0.0284  +0.1866
    t+1   | +0.0924  -0.0596  -0.0434  +0.2274  -0.0297  +0.1784
    t+2   | +0.0595  -0.0585  -0.1571  +0.2243  -0.0824  +0.1893
    t+3   | +0.0127  +0.0332  -0.2925  +0.3154  -0.1202  +0.3992
    t+4   | +0.0098  +0.0854  -0.3038  +0.3431  -0.1230  +0.4248
[12:19:52] #  205 [bench] e2e= 1033.7ms  infer= 1031.3ms  cap=  2.3ms
    t+0   | +0.1604  +0.0427  -0.1771  +0.2891  -0.0274  +0.2097
    t+1   | +0.1402  +0.0483  -0.2110  +0.2829  +0.0303  +0.1446
    t+2   | +0.1319  +0.0137  -0.1424  +0.2397  +0.0527  -0.0563
    t+3   | +0.0654  -0.0292  -0.0392  +0.2039  +0.0893  -0.4473
    t+4   | +0.0497  -0.0442  +0.0060  +0.1882  +0.1185  -0.5906

  [live] after 200 bench steps — e2e mean=1037.8ms  |  max replan freq=0.96 Hz  |  max control freq=4.82 Hz (n_action_steps=5)

[12:19:53] #  206 [bench] e2e= 1035.0ms  infer= 1032.1ms  cap=  2.7ms
    t+0   | +0.2415  +0.0171  -0.1539  +0.2761  -0.0081  +0.2060
    t+1   | +0.3053  +0.0394  -0.2133  +0.3081  +0.0050  +0.3511
    t+2   | +0.2639  +0.0653  -0.2086  +0.2859  +0.0153  +0.1007
    t+3   | +0.2230  +0.0270  -0.2302  +0.2364  -0.0171  +0.0343
    t+4   | +0.2403  +0.0564  -0.2348  +0.2891  -0.0441  +0.0546
[12:19:54] #  207 [bench] e2e= 1030.8ms  infer= 1027.3ms  cap=  3.3ms
    t+0   | +0.0691  -0.0099  -0.0418  +0.1800  +0.1371  -0.0111
    t+1   | +0.0930  +0.0057  -0.0715  +0.1745  +0.0788  -0.0205
    t+2   | -0.0284  -0.0720  -0.0155  +0.1509  +0.1741  -0.0915
    t+3   | -0.0265  -0.1259  +0.0073  +0.1469  +0.1600  -0.1163
    t+4   | -0.0294  -0.1220  -0.0378  +0.1356  +0.1700  -0.1486
[12:19:55] #  208 [bench] e2e= 1030.4ms  infer= 1027.2ms  cap=  3.0ms
    t+0   | +0.0800  +0.0957  -0.1808  +0.3172  -0.2838  +0.2168
    t+1   | +0.0409  +0.1155  -0.2093  +0.3440  -0.2816  +0.3377
    t+2   | +0.0245  +0.0790  -0.2243  +0.3121  -0.2662  +0.2337
    t+3   | +0.0427  +0.0590  -0.2069  +0.2976  -0.2592  +0.1932
    t+4   | -0.0500  +0.0368  -0.2055  +0.2448  -0.3518  +0.0927
[12:19:56] #  209 [bench] e2e= 1029.8ms  infer= 1026.5ms  cap=  3.2ms
    t+0   | +0.1833  +0.0275  -0.2183  +0.3107  -0.0305  +0.2117
    t+1   | +0.1100  +0.0392  -0.2961  +0.3040  -0.0509  +0.1443
    t+2   | +0.1051  +0.0257  -0.2646  +0.3110  -0.0695  +0.1353
    t+3   | +0.1295  +0.0050  -0.2428  +0.3240  -0.0977  +0.1722
    t+4   | +0.1506  +0.0075  -0.2170  +0.3108  -0.1123  +0.1885
[12:19:58] #  210 [bench] e2e= 1030.4ms  infer= 1027.1ms  cap=  3.2ms
    t+0   | +0.1402  -0.0727  -0.0496  +0.2225  -0.0137  -0.0805
    t+1   | +0.1621  -0.0491  -0.0778  +0.2136  -0.0221  -0.0824
    t+2   | +0.1928  -0.0198  -0.1182  +0.2518  -0.0159  -0.0999
    t+3   | +0.2176  +0.0151  -0.1888  +0.2611  +0.0005  -0.0885
    t+4   | +0.2091  +0.0182  -0.2045  +0.2532  +0.0357  -0.1098
[12:19:59] #  211 [bench] e2e= 1026.2ms  infer= 1023.3ms  cap=  2.8ms
    t+0   | +0.0827  +0.0456  -0.1501  +0.2430  -0.0277  -0.1352
    t+1   | +0.0956  +0.0643  -0.1481  +0.2346  +0.0593  -0.3673
    t+2   | +0.0278  +0.0383  -0.0945  +0.2299  +0.2260  -0.4955
    t+3   | +0.0222  -0.0304  -0.0521  +0.2233  +0.1624  -0.4510
    t+4   | +0.0566  -0.0647  -0.0925  +0.2090  +0.1113  -0.4919
[12:20:00] #  212 [bench] e2e= 1031.7ms  infer= 1028.8ms  cap=  2.8ms
    t+0   | +0.1951  +0.0641  -0.1507  +0.3127  -0.0621  +0.0669
    t+1   | +0.1787  +0.0876  -0.1644  +0.3093  -0.0951  -0.1088
    t+2   | +0.1277  +0.1259  -0.2033  +0.2823  -0.1855  +0.7663
    t+3   | +0.0826  +0.0711  -0.1480  +0.2183  -0.1753  +0.7329
    t+4   | +0.0672  +0.0790  -0.1727  +0.2169  -0.1625  +0.5796
[12:20:01] #  213 [bench] e2e= 1032.7ms  infer= 1030.3ms  cap=  2.3ms
    t+0   | -0.0136  -0.1027  -0.1269  +0.2450  -0.0023  -0.1589
    t+1   | +0.0383  -0.0968  -0.1503  +0.2321  -0.0646  -0.1222
    t+2   | +0.0495  -0.0788  -0.1414  +0.2160  -0.0667  -0.1476
    t+3   | +0.0421  -0.0129  -0.1470  +0.2458  -0.0738  -0.1890
    t+4   | +0.0578  +0.0223  -0.1761  +0.2517  -0.0526  -0.1442
[12:20:02] #  214 [bench] e2e= 1036.2ms  infer= 1033.3ms  cap=  2.7ms
    t+0   | +0.1005  -0.1939  -0.0392  +0.1882  -0.0888  -0.4772
    t+1   | +0.0862  -0.2119  -0.0136  +0.1808  -0.0613  -0.3976
    t+2   | +0.1197  -0.2096  -0.0354  +0.1840  -0.0760  -0.2367
    t+3   | +0.1621  -0.1693  -0.0312  +0.2236  -0.1026  +0.0580
    t+4   | +0.1727  -0.1452  -0.0542  +0.2171  -0.0732  +0.0767
[12:20:03] #  215 [bench] e2e= 1029.8ms  infer= 1027.4ms  cap=  2.3ms
    t+0   | -0.1012  -0.2480  +0.0652  +0.1561  -0.0377  -0.2659
    t+1   | -0.0863  -0.1994  +0.0553  +0.1386  -0.0790  -0.1464
    t+2   | -0.0391  -0.1463  +0.0395  +0.1353  -0.1137  -0.0959
    t+3   | +0.0409  -0.1180  -0.0172  +0.1933  -0.1028  -0.1261
    t+4   | +0.0789  -0.1266  -0.0507  +0.2178  -0.0866  -0.1202
[12:20:04] #  216 [bench] e2e= 1031.8ms  infer= 1029.4ms  cap=  2.3ms
    t+0   | -0.0695  -0.1646  +0.0226  +0.1363  -0.0427  -0.4649
    t+1   | -0.0545  -0.1672  +0.0056  +0.1690  +0.0172  -0.3418
    t+2   | -0.0237  -0.1733  -0.0402  +0.1696  +0.0830  -0.2347
    t+3   | +0.0095  -0.1115  -0.0574  +0.2174  +0.0589  -0.2124
    t+4   | +0.0172  -0.0743  -0.0954  +0.2162  +0.0403  -0.1946
[12:20:05] #  217 [bench] e2e= 1027.1ms  infer= 1024.2ms  cap=  2.7ms
    t+0   | -0.0326  -0.0452  -0.0339  +0.1607  +0.3185  -0.1783
    t+1   | -0.0082  -0.0090  -0.0753  +0.1865  +0.2857  -0.1274
    t+2   | -0.0308  -0.0041  -0.0778  +0.1631  +0.3124  -0.1617
    t+3   | -0.0780  -0.0955  +0.0178  +0.1216  +0.3190  -0.2226
    t+4   | -0.0812  -0.2030  +0.0370  +0.0744  +0.2790  -0.2472
[12:20:06] #  218 [bench] e2e= 1034.4ms  infer= 1032.0ms  cap=  2.3ms
    t+0   | +0.2426  +0.0538  -0.1846  +0.2679  -0.1092  +0.0206
    t+1   | +0.1879  +0.0803  -0.2332  +0.2908  -0.1487  -0.0208
    t+2   | +0.2100  +0.0698  -0.2145  +0.3085  -0.0744  -0.0433
    t+3   | +0.2777  +0.1005  -0.2290  +0.3147  -0.0826  -0.0414
    t+4   | +0.3264  +0.1402  -0.2428  +0.3269  -0.0804  -0.0946
[12:20:07] #  219 [bench] e2e= 1068.3ms  infer= 1065.4ms  cap=  2.8ms
    t+0   | +0.2265  -0.0392  +0.0176  +0.2729  +0.1493  +0.3407
    t+1   | +0.2886  +0.0128  -0.0418  +0.3136  +0.1270  +0.2877
    t+2   | +0.3493  +0.0279  -0.0929  +0.2986  +0.1137  +0.1336
    t+3   | +0.3313  +0.0412  -0.0735  +0.2750  +0.0905  +0.0199
    t+4   | +0.3047  +0.0982  -0.1497  +0.2433  +0.0612  +0.0514
[12:20:08] #  220 [bench] e2e= 1034.1ms  infer= 1031.6ms  cap=  2.3ms
    t+0   | +0.1075  -0.0810  -0.0873  +0.2498  -0.0707  +0.1337
    t+1   | +0.1118  -0.0495  -0.1106  +0.2510  -0.0693  +0.0239
    t+2   | +0.0965  -0.0033  -0.1211  +0.2451  -0.0556  -0.0810
    t+3   | +0.0614  -0.0123  -0.1464  +0.2344  -0.0640  -0.0577
    t+4   | +0.0039  +0.0916  -0.2135  +0.2636  -0.1328  +0.0421
[12:20:09] #  221 [bench] e2e= 1026.3ms  infer= 1023.9ms  cap=  2.2ms
    t+0   | +0.1482  +0.0858  -0.1880  +0.2931  +0.0487  +0.1246
    t+1   | +0.1709  +0.1010  -0.2174  +0.3304  +0.0505  +0.4373
    t+2   | +0.1875  +0.1230  -0.2308  +0.3454  +0.0641  +0.5162
    t+3   | +0.1346  +0.1552  -0.3025  +0.3051  +0.0526  +0.3484
    t+4   | +0.1389  +0.1605  -0.3388  +0.3105  +0.0237  +0.3467
[12:20:10] #  222 [bench] e2e= 1030.3ms  infer= 1027.4ms  cap=  2.7ms
    t+0   | +0.1298  +0.0155  -0.1903  +0.2967  -0.0748  +0.2046
    t+1   | +0.0027  +0.1591  -0.3761  +0.2843  -0.0737  +0.0024
    t+2   | +0.0474  +0.1265  -0.3148  +0.2542  -0.0597  +0.0363
    t+3   | +0.0427  +0.1959  -0.3897  +0.2625  -0.1307  +0.0463
    t+4   | +0.0918  +0.1640  -0.3425  +0.2471  -0.1303  +0.0426
[12:20:11] #  223 [bench] e2e= 1027.1ms  infer= 1024.1ms  cap=  2.8ms
    t+0   | +0.0356  -0.0358  +0.0092  +0.1643  +0.1003  -0.3084
    t+1   | +0.0159  -0.0111  -0.0435  +0.1703  +0.0261  -0.2920
    t+2   | +0.0345  -0.0159  -0.0454  +0.1732  -0.0204  -0.2616
    t+3   | +0.0079  -0.0831  -0.0352  +0.1192  -0.0469  -0.3455
    t+4   | +0.0323  -0.0772  -0.0604  +0.1237  -0.0368  -0.3647
[12:20:12] #  224 [bench] e2e= 1027.8ms  infer= 1025.4ms  cap=  2.3ms
    t+0   | +0.0866  +0.2422  -0.5916  +0.4285  -0.1046  -0.2347
    t+1   | +0.2267  +0.3660  -0.6669  +0.4910  -0.0978  -0.1865
    t+2   | +0.2512  +0.3007  -0.4631  +0.4383  -0.0749  -0.0408
    t+3   | +0.2274  +0.3206  -0.4442  +0.4716  +0.0155  -0.0608
    t+4   | +0.2222  +0.2784  -0.4102  +0.4141  -0.0075  -0.0022
[12:20:13] #  225 [bench] e2e= 1030.2ms  infer= 1027.8ms  cap=  2.3ms
    t+0   | +0.1295  -0.0735  -0.0821  +0.2336  +0.0063  -0.1071
    t+1   | +0.1454  +0.0441  -0.1800  +0.2464  +0.1748  -0.0538
    t+2   | +0.1060  +0.0338  -0.1850  +0.1962  +0.1719  +0.0724
    t+3   | +0.0901  +0.0640  -0.2318  +0.2162  +0.1747  +0.0965
    t+4   | +0.1098  +0.0838  -0.2441  +0.2452  +0.1404  +0.0850

  [live] after 220 bench steps — e2e mean=1037.3ms  |  max replan freq=0.96 Hz  |  max control freq=4.82 Hz (n_action_steps=5)

[12:20:14] #  226 [bench] e2e= 1027.4ms  infer= 1024.4ms  cap=  2.9ms
    t+0   | +0.0374  -0.1654  +0.0794  +0.1401  +0.0741  -0.5241
    t+1   | -0.0003  -0.1955  +0.1038  +0.1437  +0.0689  -0.6373
    t+2   | +0.0357  -0.1754  +0.0599  +0.1856  +0.0479  -0.4786
    t+3   | +0.0329  -0.1765  +0.0805  +0.1589  +0.0881  -0.5461
    t+4   | +0.0277  -0.1679  +0.0986  +0.1456  +0.0940  -0.4158
[12:20:15] #  227 [bench] e2e= 1026.6ms  infer= 1023.5ms  cap=  2.9ms
    t+0   | +0.2425  +0.0707  -0.1210  +0.2808  +0.0553  +0.4711
    t+1   | +0.2325  +0.0756  -0.2128  +0.3235  +0.0912  +0.3399
    t+2   | +0.2050  +0.0282  -0.2286  +0.2974  +0.1317  +0.1861
    t+3   | +0.1815  +0.0847  -0.2300  +0.2978  +0.2309  +0.1792
    t+4   | +0.2067  +0.1218  -0.2379  +0.3351  +0.2232  +0.5454
[12:20:16] #  228 [bench] e2e= 1025.6ms  infer= 1022.7ms  cap=  2.7ms
    t+0   | +0.1546  +0.0611  -0.1505  +0.2426  -0.0358  +0.0784
    t+1   | +0.0958  +0.0744  -0.1419  +0.1614  -0.1233  -0.1236
    t+2   | +0.0904  +0.0435  -0.1004  +0.1203  -0.0847  -0.2050
    t+3   | +0.0841  +0.0180  -0.0490  +0.0969  -0.0786  -0.2135
    t+4   | +0.0554  -0.0040  -0.0269  +0.1163  -0.0576  -0.2777
[12:20:17] #  229 [bench] e2e= 1031.6ms  infer= 1028.7ms  cap=  2.7ms
    t+0   | +0.0607  -0.0289  -0.0779  +0.1435  -0.1288  -0.1038
    t+1   | -0.0633  -0.0961  +0.0261  +0.0838  +0.0380  -0.3444
    t+2   | -0.0637  -0.1397  +0.0368  +0.0981  -0.0054  -0.2674
    t+3   | -0.0261  -0.1425  -0.0136  +0.0979  -0.0347  -0.1811
    t+4   | -0.0238  -0.0501  -0.0609  +0.1089  -0.0996  -0.0787
[12:20:18] #  230 [bench] e2e= 1029.3ms  infer= 1026.4ms  cap=  2.8ms
    t+0   | +0.0254  +0.0148  -0.0924  +0.1732  +0.0085  -0.0801
    t+1   | +0.0233  -0.0418  -0.1158  +0.1519  -0.0109  -0.5336
    t+2   | +0.0120  -0.0705  -0.1436  +0.1598  -0.0077  -0.6300
    t+3   | +0.0261  -0.0604  -0.1094  +0.1622  +0.0152  -0.6791
    t+4   | +0.0305  -0.0870  -0.0823  +0.1107  +0.0380  -0.6745
[12:20:19] #  231 [bench] e2e= 1035.1ms  infer= 1032.2ms  cap=  2.7ms
    t+0   | -0.1100  -0.1781  -0.0077  +0.0998  -0.1079  +0.0407
    t+1   | -0.0934  -0.1836  +0.0103  +0.1094  -0.0798  +0.0293
    t+2   | -0.0492  -0.1224  -0.0385  +0.1512  -0.0771  -0.0164
    t+3   | -0.0568  -0.0117  -0.1628  +0.2185  +0.0423  -0.1345
    t+4   | +0.0083  +0.0456  -0.2550  +0.3082  +0.0579  -0.1547
[12:20:20] #  232 [bench] e2e= 1041.6ms  infer= 1038.7ms  cap=  2.7ms
    t+0   | +0.1946  +0.0729  -0.1716  +0.3036  +0.0624  +0.0033
    t+1   | +0.2092  +0.0936  -0.1972  +0.3192  +0.0698  -0.0418
    t+2   | +0.1990  +0.1139  -0.2205  +0.3079  +0.0223  -0.0627
    t+3   | +0.2118  +0.0863  -0.2344  +0.2929  -0.0069  +0.0542
    t+4   | +0.1786  +0.0429  -0.2083  +0.2576  +0.0310  +0.0611
[12:20:21] #  233 [bench] e2e= 1028.7ms  infer= 1024.7ms  cap=  3.7ms
    t+0   | +0.0690  -0.1018  -0.1259  +0.2148  -0.1788  -0.2001
    t+1   | +0.0561  -0.0923  -0.1119  +0.2074  -0.1939  -0.1618
    t+2   | -0.0329  -0.0306  -0.0894  +0.2101  -0.2446  -0.1242
    t+3   | -0.0198  +0.0555  -0.1407  +0.2595  -0.1921  +0.0225
    t+4   | +0.0159  +0.0900  -0.2234  +0.2914  -0.1927  +0.2208
[12:20:22] #  234 [bench] e2e= 1028.9ms  infer= 1025.2ms  cap=  3.5ms
    t+0   | +0.1222  -0.1074  -0.0778  +0.2436  +0.0196  -0.0451
    t+1   | +0.0997  -0.1415  -0.0886  +0.1896  +0.0197  -0.3074
    t+2   | +0.1170  -0.1043  -0.1365  +0.1809  +0.0299  -0.2840
    t+3   | +0.0706  -0.0875  -0.1680  +0.1865  +0.1369  -0.3247
    t+4   | +0.0377  -0.1391  -0.1427  +0.1579  +0.1309  -0.3305
[12:20:23] #  235 [bench] e2e= 1028.5ms  infer= 1025.6ms  cap=  2.7ms
    t+0   | -0.0521  -0.0472  -0.1087  +0.2319  -0.0857  -0.0578
    t+1   | +0.0084  -0.0630  -0.0942  +0.2337  -0.0846  +0.0499
    t+2   | +0.0246  -0.0740  -0.0890  +0.2408  -0.1148  +0.0478
    t+3   | +0.0202  -0.0188  -0.1059  +0.2491  -0.1096  +0.0781
    t+4   | +0.0415  -0.0086  -0.1694  +0.2358  -0.1282  +0.0581
[12:20:24] #  236 [bench] e2e= 1028.6ms  infer= 1025.7ms  cap=  2.7ms
    t+0   | +0.1602  +0.0716  -0.1751  +0.2797  -0.0848  +0.1712
    t+1   | +0.1067  +0.0573  -0.1730  +0.2625  -0.0882  +0.2134
    t+2   | +0.0366  +0.0102  -0.1680  +0.2161  -0.1007  +0.1670
    t+3   | +0.0276  -0.0242  -0.1356  +0.1941  -0.0571  +0.1011
    t+4   | +0.0478  +0.0114  -0.1066  +0.2402  -0.0749  +0.0518
[12:20:25] #  237 [bench] e2e= 1022.0ms  infer= 1019.1ms  cap=  2.8ms
    t+0   | +0.2087  -0.0034  -0.1223  +0.2905  +0.1192  +0.1266
    t+1   | +0.2022  +0.0617  -0.1958  +0.3008  +0.1753  +0.1402
    t+2   | +0.1456  +0.1160  -0.2525  +0.2958  +0.0877  -0.0560
    t+3   | +0.0959  +0.1018  -0.3225  +0.2887  +0.0121  -0.0882
    t+4   | +0.1151  +0.1187  -0.2951  +0.3186  -0.0065  -0.0774
[12:20:26] #  238 [bench] e2e= 1033.3ms  infer= 1030.6ms  cap=  2.5ms
    t+0   | +0.1680  +0.0084  -0.0910  +0.2263  +0.0665  +0.0218
    t+1   | +0.1716  +0.0232  -0.1224  +0.2201  +0.0236  -0.0514
    t+2   | +0.1490  +0.0461  -0.1487  +0.1881  -0.0055  -0.4123
    t+3   | +0.1382  +0.0465  -0.1304  +0.1786  -0.0431  -0.4256
    t+4   | +0.1209  +0.0524  -0.1217  +0.1937  +0.0182  -0.4755
[12:20:27] #  239 [bench] e2e= 1030.0ms  infer= 1027.1ms  cap=  2.8ms
    t+0   | -0.0021  -0.1043  -0.0363  +0.1276  +0.0443  -0.6939
    t+1   | -0.0578  -0.1229  +0.0326  +0.1101  +0.1050  -0.7428
    t+2   | -0.0349  -0.1187  +0.0654  +0.1151  +0.0468  -0.7944
    t+3   | +0.0580  -0.0774  +0.0360  +0.1178  +0.0437  -0.7681
    t+4   | +0.0940  -0.0618  -0.0199  +0.1219  +0.0397  -0.7491
[12:20:28] #  240 [bench] e2e= 1034.6ms  infer= 1031.9ms  cap=  2.6ms
    t+0   | +0.2007  +0.0160  -0.1715  +0.2694  -0.0685  -0.2216
    t+1   | +0.0842  +0.0423  -0.1843  +0.2646  -0.0050  -0.3562
    t+2   | +0.0635  +0.0747  -0.2088  +0.2825  +0.0157  -0.3350
    t+3   | +0.1068  +0.0803  -0.2606  +0.3058  +0.0171  -0.2853
    t+4   | +0.1371  +0.0714  -0.2684  +0.2631  -0.0005  -0.3385
[12:20:29] #  241 [bench] e2e= 1030.8ms  infer= 1027.0ms  cap=  3.5ms
    t+0   | +0.1655  -0.1124  +0.0707  +0.1725  -0.1046  -0.5767
    t+1   | +0.1566  -0.0639  +0.0024  +0.2180  -0.1348  -0.4819
    t+2   | +0.1605  -0.0042  -0.1510  +0.2178  -0.1952  -0.2076
    t+3   | +0.1704  +0.0220  -0.1955  +0.2344  -0.2098  +0.0636
    t+4   | +0.1698  +0.0729  -0.2447  +0.2502  -0.1811  +0.0265
[12:20:31] #  242 [bench] e2e= 1065.5ms  infer= 1063.0ms  cap=  2.4ms
    t+0   | +0.0368  +0.2179  -0.3205  +0.3941  -0.0134  +0.2334
    t+1   | +0.0524  +0.1485  -0.2371  +0.3464  -0.0650  +0.2271
    t+2   | +0.0295  +0.1200  -0.1850  +0.3229  -0.0593  +0.2507
    t+3   | +0.0820  +0.1234  -0.1623  +0.3450  -0.0290  +0.5779
    t+4   | +0.1211  +0.1347  -0.1780  +0.3371  -0.0101  +0.9541
[12:20:32] #  243 [bench] e2e= 1041.9ms  infer= 1039.0ms  cap=  2.8ms
    t+0   | +0.0126  -0.2722  +0.1501  +0.0667  -0.0646  -0.2680
    t+1   | +0.0522  -0.2013  +0.0572  +0.1030  -0.0602  -0.1986
    t+2   | +0.1383  -0.0714  -0.0797  +0.2123  -0.0128  -0.1537
    t+3   | +0.1959  -0.0253  -0.1643  +0.2244  +0.0002  -0.0293
    t+4   | +0.2042  -0.0247  -0.1563  +0.2474  -0.0278  -0.0308
[12:20:33] #  244 [bench] e2e= 1028.4ms  infer= 1025.4ms  cap=  2.8ms
    t+0   | +0.0204  -0.1104  -0.1008  +0.2237  -0.1240  -0.1662
    t+1   | -0.0775  -0.1483  -0.0526  +0.1750  -0.1400  -0.2529
    t+2   | -0.0932  -0.1192  -0.0561  +0.1362  -0.1017  -0.2520
    t+3   | -0.0720  -0.0910  -0.0810  +0.1606  -0.0629  -0.2186
    t+4   | -0.0711  -0.0804  -0.1315  +0.1792  -0.1360  +0.3525
[12:20:34] #  245 [bench] e2e= 1029.6ms  infer= 1027.2ms  cap=  2.3ms
    t+0   | +0.2795  +0.0111  -0.1154  +0.2902  -0.0559  +0.0202
    t+1   | +0.2446  -0.0047  -0.0998  +0.2882  -0.0832  +0.0485
    t+2   | +0.1566  -0.0599  -0.0906  +0.2739  -0.1076  -0.0330
    t+3   | +0.1139  -0.1236  -0.1197  +0.2328  -0.1502  -0.0198
    t+4   | +0.0990  -0.0559  -0.1673  +0.2573  -0.1845  +0.0289

  [live] after 240 bench steps — e2e mean=1036.9ms  |  max replan freq=0.96 Hz  |  max control freq=4.82 Hz (n_action_steps=5)

[12:20:35] #  246 [bench] e2e= 1031.2ms  infer= 1028.7ms  cap=  2.4ms
    t+0   | +0.2134  +0.0791  -0.1839  +0.2922  -0.0306  +0.0438
    t+1   | +0.2926  +0.0255  -0.1629  +0.2922  +0.3420  -0.0071
    t+2   | +0.2704  +0.0310  -0.2347  +0.2981  +0.2079  +0.0956
    t+3   | +0.2384  +0.0510  -0.2608  +0.3135  +0.1018  +0.2353
    t+4   | +0.1816  +0.0443  -0.2570  +0.2735  +0.0073  +0.2855
[12:20:36] #  247 [bench] e2e= 1028.6ms  infer= 1026.0ms  cap=  2.4ms
    t+0   | -0.0052  -0.2148  +0.1069  +0.1252  -0.0866  -0.1707
    t+1   | -0.0164  -0.1739  +0.0734  +0.1445  -0.0977  -0.2791
    t+2   | -0.0561  -0.1569  -0.0027  +0.1542  -0.1472  -0.1696
    t+3   | -0.0242  -0.1208  -0.0436  +0.1844  -0.1916  +0.1580
    t+4   | -0.0364  -0.0575  -0.0739  +0.2167  -0.2337  +0.7774
[12:20:37] #  248 [bench] e2e= 1027.7ms  infer= 1024.8ms  cap=  2.7ms
    t+0   | +0.2068  +0.0478  -0.1444  +0.2513  -0.0117  +0.1798
    t+1   | +0.1534  +0.0039  -0.1305  +0.2257  -0.0375  +0.2499
    t+2   | +0.1702  -0.0245  -0.1040  +0.2323  -0.0232  +0.2363
    t+3   | +0.1814  +0.0028  -0.1029  +0.2409  -0.0080  +0.1359
    t+4   | +0.1342  -0.0112  -0.1059  +0.2123  -0.0082  -0.0218
[12:20:38] #  249 [bench] e2e= 1023.4ms  infer= 1020.5ms  cap=  2.8ms
    t+0   | +0.0711  -0.1162  -0.0781  +0.1935  -0.0197  -0.4940
    t+1   | +0.0590  -0.0504  -0.1869  +0.2420  -0.0137  -0.1871
    t+2   | +0.0657  -0.0267  -0.2305  +0.2395  -0.0131  -0.0710
    t+3   | +0.0458  +0.0017  -0.2173  +0.2429  -0.0189  -0.0996
    t+4   | +0.0233  -0.0192  -0.2243  +0.2028  -0.0178  -0.1942
[12:20:39] #  250 [bench] e2e= 1040.6ms  infer= 1038.2ms  cap=  2.3ms
    t+0   | +0.2016  +0.1147  -0.1646  +0.2158  +0.0541  -0.7084
    t+1   | +0.2322  +0.1304  -0.2299  +0.2393  +0.0482  -0.7430
    t+2   | +0.2412  +0.1299  -0.2734  +0.2842  +0.0578  -0.6774
    t+3   | +0.1945  +0.1025  -0.2419  +0.2954  +0.0621  -0.5690
    t+4   | +0.1666  +0.0975  -0.2002  +0.2813  +0.0726  -0.6109
[12:20:40] #  251 [bench] e2e= 1033.1ms  infer= 1030.1ms  cap=  2.7ms
    t+0   | +0.3107  +0.0298  -0.1126  +0.2564  -0.0631  -0.0073
    t+1   | +0.2726  +0.0440  -0.0954  +0.2469  -0.0632  -0.0680
    t+2   | +0.2119  +0.0916  -0.1406  +0.2307  +0.0402  -0.1128
    t+3   | +0.1578  +0.1461  -0.2107  +0.2543  +0.0491  -0.1182
    t+4   | +0.0417  +0.1874  -0.2740  +0.2484  +0.0504  -0.1416
[12:20:41] #  252 [bench] e2e= 1033.8ms  infer= 1031.3ms  cap=  2.4ms
    t+0   | +0.0913  -0.0510  -0.0041  +0.1931  -0.0144  -0.0928
    t+1   | +0.0683  +0.0058  -0.0477  +0.2062  -0.0247  -0.1416
    t+2   | +0.0445  +0.0684  -0.0944  +0.2195  -0.0700  -0.0911
    t+3   | -0.0212  +0.0956  -0.1359  +0.2001  -0.1339  -0.0628
    t+4   | -0.0238  +0.1187  -0.1621  +0.1844  -0.1568  -0.0530
[12:20:42] #  253 [bench] e2e= 1035.2ms  infer= 1032.8ms  cap=  2.3ms
    t+0   | +0.1883  -0.0452  -0.1032  +0.2509  -0.0397  +0.0132
    t+1   | +0.1560  -0.0565  -0.0938  +0.2464  -0.0494  -0.0870
    t+2   | +0.1173  -0.0543  -0.0826  +0.2510  -0.0320  -0.0927
    t+3   | +0.1295  -0.0127  -0.0891  +0.2629  -0.0094  +0.2847
    t+4   | +0.1696  -0.0153  -0.1089  +0.2165  -0.0028  +0.3233
[12:20:43] #  254 [bench] e2e= 1032.1ms  infer= 1029.6ms  cap=  2.4ms
    t+0   | -0.0367  -0.1540  -0.0033  +0.1310  -0.1659  +0.0237
    t+1   | -0.0032  -0.1111  -0.0089  +0.1378  -0.1211  +0.0428
    t+2   | +0.0001  -0.0516  -0.0586  +0.1420  -0.1215  +0.0378
    t+3   | -0.0509  -0.0618  -0.0692  +0.1204  -0.1808  +0.0829
    t+4   | -0.0827  -0.0331  -0.0584  +0.1438  -0.2138  +0.1090
[12:20:44] #  255 [bench] e2e= 1062.5ms  infer= 1059.6ms  cap=  2.7ms
    t+0   | +0.2308  +0.0723  -0.1172  +0.2480  -0.1291  +0.3448
    t+1   | +0.1958  +0.0965  -0.1322  +0.2335  -0.1316  +0.1600
    t+2   | +0.1401  +0.0595  -0.0798  +0.2169  -0.1288  +0.3698
    t+3   | +0.1003  +0.0166  -0.0827  +0.1643  -0.0837  +0.3595
    t+4   | +0.0782  -0.0098  -0.0289  +0.1592  -0.0860  +0.4891
[12:20:45] #  256 [bench] e2e= 1025.6ms  infer= 1023.2ms  cap=  2.2ms
    t+0   | -0.0189  -0.0792  -0.0065  +0.2004  -0.1625  +0.0042
    t+1   | +0.0365  -0.0886  -0.0053  +0.2168  -0.1226  +0.1107
    t+2   | +0.0597  -0.1267  +0.0277  +0.1844  -0.0757  -0.0392
    t+3   | +0.0265  -0.1275  -0.0490  +0.2217  -0.1040  -0.0292
    t+4   | +0.0336  -0.1331  -0.0355  +0.1929  -0.1460  -0.0086
[12:20:46] #  257 [bench] e2e= 1027.4ms  infer= 1024.8ms  cap=  2.4ms
    t+0   | +0.1709  +0.0566  -0.0835  +0.2461  -0.1737  +0.8913
    t+1   | +0.1325  +0.0487  -0.0908  +0.2604  -0.2044  +0.7538
    t+2   | +0.0207  +0.0054  -0.0417  +0.2769  -0.2811  +0.5276
    t+3   | -0.0462  -0.0208  +0.0041  +0.2314  -0.2375  -0.0271
    t+4   | -0.0822  +0.0138  -0.0462  +0.2452  -0.1559  -0.0313
[12:20:47] #  258 [bench] e2e= 1036.0ms  infer= 1033.1ms  cap=  2.7ms
    t+0   | +0.0481  -0.2091  +0.0746  +0.1163  -0.0362  -0.7110
    t+1   | +0.0058  -0.2258  +0.0852  +0.1192  -0.0433  -0.5235
    t+2   | +0.0201  -0.1163  -0.0106  +0.1828  -0.0130  -0.2666
    t+3   | +0.0345  -0.0411  -0.0473  +0.2282  -0.0069  -0.2171
    t+4   | +0.0619  +0.0373  -0.1297  +0.2689  +0.0505  -0.1730
[12:20:48] #  259 [bench] e2e= 1033.5ms  infer= 1030.5ms  cap=  2.8ms
    t+0   | +0.2000  +0.1783  -0.4020  +0.2815  -0.1928  -0.7069
    t+1   | +0.0529  +0.1260  -0.4028  +0.2715  -0.1839  -0.6679
    t+2   | -0.0242  -0.0962  -0.3363  +0.2238  -0.1157  -0.6562
    t+3   | -0.1024  -0.2367  -0.2383  +0.1943  +0.0253  -0.7027
    t+4   | -0.1463  -0.3345  -0.1430  +0.1399  +0.0689  -0.7040
[12:20:49] #  260 [bench] e2e= 1027.4ms  infer= 1024.9ms  cap=  2.3ms
    t+0   | +0.1325  -0.0511  -0.1212  +0.2560  -0.0620  -0.0629
    t+1   | +0.0859  -0.0204  -0.1717  +0.2622  -0.0652  -0.1344
    t+2   | +0.0288  -0.0299  -0.1296  +0.2287  -0.0275  -0.2067
    t+3   | +0.0111  -0.0730  -0.1106  +0.2361  -0.0261  -0.2282
    t+4   | -0.0377  -0.0683  -0.1004  +0.2262  -0.0525  -0.2392
[12:20:50] #  261 [bench] e2e= 1026.7ms  infer= 1024.2ms  cap=  2.4ms
    t+0   | +0.2143  +0.0090  -0.1088  +0.2726  +0.0145  -0.0278
    t+1   | +0.2266  +0.0295  -0.1039  +0.2934  +0.0746  +0.0289
    t+2   | +0.1829  +0.0487  -0.1340  +0.2820  +0.1079  +0.0451
    t+3   | +0.1393  +0.0573  -0.1818  +0.3177  +0.1276  +0.3106
    t+4   | +0.1460  +0.0759  -0.1643  +0.3029  +0.1066  +0.6579
[12:20:51] #  262 [bench] e2e= 1026.3ms  infer= 1023.4ms  cap=  2.7ms
    t+0   | +0.1026  +0.1123  -0.5473  +0.3705  -0.1318  +0.1358
    t+1   | +0.0569  +0.1031  -0.6526  +0.3554  -0.2397  +0.0594
    t+2   | +0.0440  +0.0995  -0.6630  +0.3567  -0.2459  +0.0842
    t+3   | +0.1113  +0.0660  -0.5926  +0.3400  -0.2196  +0.2073
    t+4   | +0.1756  +0.0556  -0.4711  +0.3380  -0.2100  +0.3210
[12:20:52] #  263 [bench] e2e= 1028.1ms  infer= 1024.2ms  cap=  3.7ms
    t+0   | +0.0967  -0.1088  -0.1019  +0.2390  -0.0668  -0.0783
    t+1   | +0.0778  -0.0964  -0.1788  +0.2730  -0.1401  -0.0714
    t+2   | +0.0630  -0.0554  -0.2469  +0.3099  -0.2039  +0.0090
    t+3   | +0.0284  +0.0023  -0.2796  +0.3241  -0.1684  +0.0436
    t+4   | +0.0269  +0.0333  -0.2872  +0.3433  -0.1533  -0.0190
[12:20:53] #  264 [bench] e2e= 1031.0ms  infer= 1027.4ms  cap=  3.3ms
    t+0   | +0.1918  +0.0327  -0.0990  +0.2224  +0.0372  -0.2730
    t+1   | +0.1388  -0.0150  -0.0544  +0.1876  +0.0157  -0.2803
    t+2   | +0.0809  -0.0868  -0.0389  +0.1688  +0.0273  -0.2259
    t+3   | +0.0366  -0.1100  -0.0426  +0.1571  +0.0297  -0.3132
    t+4   | +0.0497  -0.0967  -0.0792  +0.1903  -0.0022  -0.3745
[12:20:54] #  265 [bench] e2e= 1041.2ms  infer= 1038.7ms  cap=  2.4ms
    t+0   | +0.1477  -0.1071  -0.0538  +0.2190  -0.1122  -0.0876
    t+1   | +0.1424  -0.1222  -0.0628  +0.2082  -0.1325  -0.0978
    t+2   | +0.1228  -0.1091  -0.0540  +0.1966  -0.1706  -0.1111
    t+3   | +0.0987  -0.1121  -0.0515  +0.1928  -0.1480  -0.1565
    t+4   | +0.0424  -0.1167  -0.1042  +0.2308  -0.1690  -0.1990

  [live] after 260 bench steps — e2e mean=1036.6ms  |  max replan freq=0.96 Hz  |  max control freq=4.82 Hz (n_action_steps=5)

[12:20:55] #  266 [bench] e2e= 1035.5ms  infer= 1032.5ms  cap=  2.8ms
    t+0   | +0.0453  -0.0549  -0.0762  +0.1927  -0.0127  -0.2380
    t+1   | +0.0072  -0.0511  -0.0861  +0.1861  -0.0493  -0.1648
    t+2   | -0.0118  +0.0399  -0.1428  +0.1944  -0.1123  -0.0999
    t+3   | -0.0268  +0.0693  -0.1855  +0.1676  -0.1131  -0.0813
    t+4   | -0.0133  +0.0687  -0.1875  +0.1816  +0.0122  -0.0952
[12:20:56] #  267 [bench] e2e= 1029.8ms  infer= 1027.1ms  cap=  2.5ms
    t+0   | -0.0746  +0.1228  -0.2160  +0.2700  -0.1694  +0.1037
    t+1   | -0.0515  +0.1238  -0.2554  +0.2662  -0.1862  +0.1173
    t+2   | -0.1256  +0.1450  -0.2805  +0.2562  -0.1050  +0.1038
    t+3   | -0.0412  +0.1247  -0.2792  +0.2557  -0.0899  +0.1182
    t+4   | -0.0981  +0.1640  -0.3200  +0.2592  +0.0191  +0.0957
[12:20:57] #  268 [bench] e2e= 1032.8ms  infer= 1030.1ms  cap=  2.5ms
    t+0   | +0.0757  -0.1376  -0.0201  +0.1744  +0.0808  -0.2873
    t+1   | +0.0734  -0.1472  -0.0350  +0.1582  +0.0620  -0.2462
    t+2   | +0.0793  -0.1274  -0.0224  +0.1357  +0.0045  -0.2166
    t+3   | +0.0589  -0.0963  -0.0244  +0.1567  -0.0172  -0.2027
    t+4   | +0.0447  -0.0819  -0.0619  +0.1820  -0.0313  -0.2529
[12:20:58] #  269 [bench] e2e= 1031.3ms  infer= 1028.1ms  cap=  3.0ms
    t+0   | +0.1594  +0.1107  -0.3586  +0.3594  +0.2558  -0.2548
    t+1   | +0.0462  +0.1371  -0.3863  +0.3136  +0.1120  -0.3535
    t+2   | +0.0044  +0.1388  -0.3525  +0.3018  -0.0569  -0.3520
    t+3   | -0.0351  +0.2127  -0.4809  +0.3167  -0.2179  -0.3822
    t+4   | -0.1092  +0.2532  -0.5189  +0.3453  -0.1112  -0.4255
[12:20:59] #  270 [bench] e2e= 1025.8ms  infer= 1023.0ms  cap=  2.7ms
    t+0   | +0.1237  +0.0216  -0.1638  +0.2873  -0.1056  -0.0413
    t+1   | +0.0129  +0.0514  -0.1869  +0.2898  -0.1328  +0.0079
    t+2   | +0.0005  +0.0355  -0.2208  +0.2500  -0.1026  -0.0459
    t+3   | +0.0059  +0.0215  -0.2549  +0.2459  -0.1305  -0.0733
    t+4   | +0.0104  +0.0022  -0.2040  +0.2412  -0.0944  -0.4685
[12:21:01] #  271 [bench] e2e= 1022.9ms  infer= 1020.3ms  cap=  2.5ms
    t+0   | +0.2017  +0.0458  -0.1974  +0.3522  +0.0087  -0.0173
    t+1   | +0.1666  +0.0665  -0.2876  +0.4230  -0.0132  +0.1381
    t+2   | +0.0536  +0.0065  -0.3451  +0.4043  -0.0432  +0.0436
    t+3   | -0.0018  -0.0652  -0.3611  +0.3784  -0.0632  +0.0061
    t+4   | -0.0750  -0.1542  -0.3054  +0.3531  -0.1210  -0.0444
[12:21:02] #  272 [bench] e2e= 1027.1ms  infer= 1023.8ms  cap=  3.2ms
    t+0   | +0.0217  -0.0051  -0.1554  +0.2646  +0.0263  +0.3673
    t+1   | +0.1018  -0.0160  -0.1895  +0.3028  -0.0023  +0.3930
    t+2   | +0.1492  +0.0294  -0.2454  +0.3347  +0.0204  +0.2838
    t+3   | +0.1708  +0.0688  -0.2736  +0.3376  +0.0408  +0.3154
    t+4   | +0.1888  +0.0603  -0.2239  +0.3253  +0.0742  +0.4432
[12:21:03] #  273 [bench] e2e= 1071.1ms  infer= 1068.3ms  cap=  2.6ms
    t+0   | +0.1717  +0.0515  -0.1937  +0.2728  -0.0300  -0.0743
    t+1   | +0.1401  +0.0598  -0.1859  +0.2518  +0.0311  -0.0925
    t+2   | +0.0540  +0.0042  -0.1453  +0.1751  +0.0432  -0.1836
    t+3   | -0.0372  -0.0832  -0.0910  +0.1343  +0.0343  -0.2260
    t+4   | -0.0852  -0.1323  -0.0852  +0.1404  +0.0082  -0.2308
[12:21:04] #  274 [bench] e2e= 1038.4ms  infer= 1035.4ms  cap=  2.8ms
    t+0   | +0.0540  -0.0337  -0.1001  +0.2169  -0.0788  -0.1081
    t+1   | +0.0198  +0.0493  -0.1476  +0.2208  -0.1059  +0.1127
    t+2   | +0.0575  +0.0545  -0.1603  +0.2059  -0.0842  +0.3503
    t+3   | +0.0738  +0.0460  -0.1159  +0.1974  -0.0601  +0.4100
    t+4   | +0.0916  +0.0549  -0.0681  +0.1829  -0.0357  +0.2916
[12:21:05] #  275 [bench] e2e= 1028.8ms  infer= 1025.8ms  cap=  2.8ms
    t+0   | +0.0589  +0.0411  -0.1463  +0.3075  +0.0114  -0.3225
    t+1   | +0.1070  +0.0414  -0.1478  +0.2993  -0.0058  -0.4105
    t+2   | +0.1529  +0.0564  -0.1261  +0.2973  +0.0028  -0.3262
    t+3   | +0.1707  +0.0843  -0.1351  +0.3134  +0.0305  +0.0901
    t+4   | +0.1837  +0.0924  -0.1534  +0.3132  +0.0351  +0.1241
[12:21:06] #  276 [bench] e2e= 1038.0ms  infer= 1035.1ms  cap=  2.8ms
    t+0   | +0.0032  -0.0734  -0.1224  +0.2466  -0.1243  -0.1095
    t+1   | -0.0127  -0.0144  -0.1664  +0.2641  -0.1050  +0.0873
    t+2   | +0.0290  -0.0057  -0.1556  +0.2730  -0.0809  +0.1912
    t+3   | +0.0700  -0.0218  -0.1368  +0.2610  -0.0846  +0.2506
    t+4   | +0.0601  -0.0152  -0.1140  +0.2632  -0.1004  +0.2509
[12:21:07] #  277 [bench] e2e= 1077.9ms  infer= 1075.0ms  cap=  2.7ms
    t+0   | +0.1439  +0.0620  -0.1771  +0.2815  +0.1499  -0.2230
    t+1   | +0.0470  -0.0046  -0.1622  +0.2251  +0.0758  -0.2063
    t+2   | -0.0433  -0.0979  -0.0589  +0.1914  +0.1172  -0.0694
    t+3   | -0.0141  -0.1138  -0.0378  +0.1947  +0.1114  -0.1011
    t+4   | -0.0026  -0.1204  -0.0966  +0.2091  +0.0603  -0.1538
[12:21:08] #  278 [bench] e2e= 1035.1ms  infer= 1032.2ms  cap=  2.8ms
    t+0   | -0.0589  -0.1248  -0.0704  +0.1760  -0.0558  -0.1354
    t+1   | -0.1026  -0.1522  -0.0630  +0.1343  -0.0858  -0.1129
    t+2   | -0.1497  -0.1040  -0.0290  +0.1370  -0.1068  -0.1425
    t+3   | -0.1033  -0.1053  -0.0466  +0.1226  -0.0701  -0.1687
    t+4   | -0.0958  -0.0897  -0.0946  +0.1682  -0.0957  -0.1939
[12:21:09] #  279 [bench] e2e= 1064.0ms  infer= 1061.0ms  cap=  2.9ms
    t+0   | +0.2212  +0.0808  -0.2190  +0.2910  +0.0035  -0.1760
    t+1   | +0.1739  +0.0717  -0.2035  +0.2523  +0.0354  -0.2167
    t+2   | +0.1722  +0.0937  -0.2323  +0.2380  +0.0760  +0.0290
    t+3   | +0.1779  +0.1185  -0.2593  +0.2398  +0.1162  +0.1419
    t+4   | +0.1472  +0.0791  -0.2454  +0.2191  +0.0930  +0.0658
[12:21:10] #  280 [bench] e2e= 1030.6ms  infer= 1028.3ms  cap=  2.2ms
    t+0   | +0.0427  +0.0065  -0.1255  +0.2168  +0.0142  -0.1609
    t+1   | -0.0178  -0.0361  -0.1496  +0.1886  -0.0149  -0.0851
    t+2   | +0.0627  -0.0513  -0.1764  +0.2148  -0.0189  -0.0070
    t+3   | +0.1515  -0.0091  -0.1904  +0.2705  +0.0478  -0.0180
    t+4   | +0.1762  -0.0359  -0.1640  +0.2722  +0.0438  -0.0551
[12:21:11] #  281 [bench] e2e= 1051.2ms  infer= 1048.1ms  cap=  2.8ms
    t+0   | +0.1437  +0.0371  -0.2140  +0.2666  +0.0458  -0.2442
    t+1   | +0.1126  +0.0529  -0.2435  +0.2482  +0.0974  -0.1279
    t+2   | +0.0752  +0.0575  -0.2515  +0.2404  +0.0964  -0.1176
    t+3   | +0.0276  +0.0163  -0.2284  +0.2312  +0.1059  -0.1314
    t+4   | -0.0326  -0.0083  -0.1831  +0.2581  +0.1701  +0.0339
[12:21:12] #  282 [bench] e2e= 1046.4ms  infer= 1044.3ms  cap=  2.0ms
    t+0   | +0.1040  +0.1396  -0.2432  +0.2824  +0.0723  -0.0562
    t+1   | +0.1240  +0.0536  -0.1650  +0.2317  +0.0315  -0.0744
    t+2   | +0.1299  +0.0018  -0.1701  +0.2177  +0.0340  -0.0951
    t+3   | +0.1441  -0.0009  -0.2067  +0.2541  +0.0091  -0.0713
    t+4   | +0.1780  +0.0070  -0.2662  +0.2821  -0.0014  -0.0531
[12:21:13] #  283 [bench] e2e= 1037.3ms  infer= 1034.6ms  cap=  2.5ms
    t+0   | +0.2627  +0.0813  -0.1569  +0.3117  +0.1347  +0.0051
    t+1   | +0.2459  +0.0690  -0.1796  +0.2908  +0.1074  -0.0281
    t+2   | +0.2022  +0.0688  -0.2165  +0.2775  +0.0670  +0.0206
    t+3   | +0.1542  +0.0501  -0.2105  +0.2784  +0.0520  +0.0975
    t+4   | +0.1340  +0.0279  -0.1653  +0.2875  +0.0770  +0.1916
[12:21:14] #  284 [bench] e2e= 1032.5ms  infer= 1029.9ms  cap=  2.4ms
    t+0   | +0.1236  -0.1979  +0.1532  +0.1086  +0.1896  -0.0602
    t+1   | +0.1432  -0.1126  +0.0919  +0.1282  +0.1956  -0.0347
    t+2   | +0.1939  -0.0138  -0.0111  +0.2006  +0.2013  +0.0822
    t+3   | +0.2242  +0.0903  -0.0847  +0.2493  +0.1492  +0.1967
    t+4   | +0.1514  +0.1791  -0.1593  +0.2508  +0.0061  +0.3227
[12:21:15] #  285 [bench] e2e= 1031.1ms  infer= 1028.6ms  cap=  2.3ms
    t+0   | +0.1948  -0.0894  -0.0589  +0.2438  +0.0591  +0.2607
    t+1   | +0.1464  -0.1176  -0.0860  +0.2140  +0.1127  +0.0959
    t+2   | +0.0232  -0.1118  -0.1157  +0.1967  -0.1382  +0.0356
    t+3   | -0.0195  -0.1279  -0.1301  +0.1778  -0.1867  +0.0074
    t+4   | -0.0244  -0.0849  -0.1603  +0.1719  -0.3065  +0.0240

  [live] after 280 bench steps — e2e mean=1036.8ms  |  max replan freq=0.96 Hz  |  max control freq=4.82 Hz (n_action_steps=5)

[12:21:16] #  286 [bench] e2e= 1064.4ms  infer= 1061.9ms  cap=  2.3ms
    t+0   | +0.1228  -0.0045  -0.1648  +0.2402  -0.0190  -0.2347
    t+1   | +0.0206  -0.1043  -0.1318  +0.1795  +0.0085  -0.3179
    t+2   | +0.0164  -0.0967  -0.1390  +0.1856  +0.0085  -0.3912
    t+3   | +0.0354  -0.0347  -0.1805  +0.2097  -0.0029  -0.5400
    t+4   | +0.0950  +0.0730  -0.3883  +0.2811  -0.0132  -0.4203
[12:21:17] #  287 [bench] e2e= 1035.9ms  infer= 1033.0ms  cap=  2.7ms
    t+0   | +0.0317  +0.0218  -0.2615  +0.2930  -0.1403  -0.0773
    t+1   | +0.0191  +0.0092  -0.1832  +0.2526  -0.1507  +0.2310
    t+2   | -0.0279  -0.0061  -0.1233  +0.2265  -0.1257  +0.2787
    t+3   | +0.0104  -0.0350  -0.1126  +0.2210  -0.0969  +0.2176
    t+4   | +0.0284  -0.0647  -0.1471  +0.2614  -0.1493  +0.0643
[12:21:18] #  288 [bench] e2e= 1033.8ms  infer= 1030.9ms  cap=  2.8ms
    t+0   | +0.2150  -0.0904  -0.1919  +0.3217  -0.1431  -0.2194
    t+1   | +0.2305  -0.0793  -0.1907  +0.3256  -0.1494  -0.0510
    t+2   | +0.2398  -0.0363  -0.2113  +0.3276  -0.0850  -0.0753
    t+3   | +0.2477  +0.0271  -0.3008  +0.3373  -0.0355  -0.0904
    t+4   | +0.2539  +0.0725  -0.3520  +0.3213  -0.0190  -0.0523
[12:21:19] #  289 [bench] e2e= 1030.9ms  infer= 1028.6ms  cap=  2.2ms
    t+0   | +0.1762  +0.0679  -0.1586  +0.2916  +0.0398  -0.1236
    t+1   | +0.1820  +0.0362  -0.1241  +0.2762  +0.0523  -0.0694
    t+2   | +0.1820  +0.0198  -0.1106  +0.2774  +0.0032  +0.1895
    t+3   | +0.1658  +0.0455  -0.1542  +0.2600  -0.0188  +0.0945
    t+4   | +0.1662  +0.0448  -0.1773  +0.2698  -0.0443  +0.1061
[12:21:20] #  290 [bench] e2e= 1036.0ms  infer= 1033.7ms  cap=  2.1ms
    t+0   | +0.1455  -0.0623  -0.0715  +0.2532  +0.0106  -0.0902
    t+1   | +0.1066  -0.0922  -0.0671  +0.2461  -0.0007  -0.0942
    t+2   | +0.0881  -0.0722  -0.0723  +0.2451  -0.0097  +0.0300
    t+3   | +0.1179  -0.0442  -0.0953  +0.2519  -0.0441  +0.1414
    t+4   | +0.0957  -0.0502  -0.1106  +0.1751  -0.1041  +0.0557
[12:21:21] #  291 [bench] e2e= 1030.9ms  infer= 1028.4ms  cap=  2.3ms
    t+0   | +0.0492  -0.0318  -0.0932  +0.2290  -0.0202  -0.2946
    t+1   | +0.0541  -0.0175  -0.0945  +0.2142  +0.0953  -0.3269
    t+2   | +0.0490  -0.0237  -0.0781  +0.2103  +0.1386  -0.1397
    t+3   | +0.0242  -0.0374  -0.0931  +0.2132  +0.1352  +0.0066
    t+4   | -0.0683  -0.0363  -0.1112  +0.2192  +0.1505  -0.0717
[12:21:22] #  292 [bench] e2e= 1030.3ms  infer= 1027.4ms  cap=  2.7ms
    t+0   | +0.1023  +0.1174  -0.1608  +0.2659  +0.0291  -0.0176
    t+1   | +0.0922  +0.0806  -0.1466  +0.2382  -0.0058  -0.1029
    t+2   | +0.0839  +0.0417  -0.1504  +0.2059  -0.0360  -0.2490
    t+3   | +0.0596  +0.0205  -0.1758  +0.2007  -0.0730  -0.5834
    t+4   | +0.0921  +0.0608  -0.2043  +0.2400  -0.1053  -0.6042
[12:21:23] #  293 [bench] e2e= 1028.0ms  infer= 1025.6ms  cap=  2.2ms
    t+0   | +0.1682  +0.0586  -0.1859  +0.2762  +0.0727  -0.1197
    t+1   | +0.0905  +0.0192  -0.2648  +0.2676  +0.0823  -0.1370
    t+2   | +0.1147  +0.0210  -0.2133  +0.2630  +0.0747  +0.0767
    t+3   | +0.0736  -0.0821  -0.0950  +0.2600  +0.1931  -0.0131
    t+4   | +0.0855  -0.1291  -0.0539  +0.2561  +0.1776  +0.0690
[12:21:24] #  294 [bench] e2e= 1028.4ms  infer= 1024.7ms  cap=  3.6ms
    t+0   | +0.0594  -0.0686  -0.0243  +0.2066  +0.1680  +0.0171
    t+1   | +0.0347  -0.0696  -0.0354  +0.1655  +0.0278  -0.1725
    t+2   | -0.0590  -0.0743  -0.0256  +0.1484  -0.0556  -0.2380
    t+3   | -0.0713  -0.0679  -0.0403  +0.1564  -0.0883  -0.1847
    t+4   | -0.0661  -0.0681  -0.0618  +0.1748  -0.0675  -0.1660
[12:21:25] #  295 [bench] e2e= 1028.5ms  infer= 1025.5ms  cap=  2.9ms
    t+0   | +0.1041  +0.1824  -0.3447  +0.3250  -0.0371  -0.5405
    t+1   | +0.0820  +0.1647  -0.2945  +0.2846  -0.0671  -0.6255
    t+2   | +0.0396  +0.1113  -0.2528  +0.2671  -0.0964  -0.3946
    t+3   | +0.0043  +0.1008  -0.2094  +0.2610  -0.0773  -0.3627
    t+4   | -0.0273  +0.0523  -0.1918  +0.2353  -0.0792  -0.2522
[12:21:27] #  296 [bench] e2e= 1073.0ms  infer= 1069.8ms  cap=  2.9ms
    t+0   | +0.2111  -0.0710  -0.0379  +0.1816  -0.0941  +0.1161
    t+1   | +0.2316  -0.0323  -0.0579  +0.1675  -0.0195  +0.0711
    t+2   | +0.1890  +0.0234  -0.1000  +0.1968  +0.0421  +0.0021
    t+3   | +0.1666  +0.0520  -0.1536  +0.1734  +0.0728  -0.0087
    t+4   | +0.1920  +0.1154  -0.2016  +0.2065  +0.0404  +0.0050
[12:21:28] #  297 [bench] e2e= 1030.3ms  infer= 1027.8ms  cap=  2.3ms
    t+0   | +0.1118  +0.0247  -0.2189  +0.2780  +0.0009  -0.1669
    t+1   | +0.0686  +0.0959  -0.3727  +0.3103  +0.0263  -0.0360
    t+2   | +0.0664  +0.1159  -0.3394  +0.3004  -0.0223  +0.1932
    t+3   | +0.0513  +0.1313  -0.3503  +0.2913  -0.0264  +0.1388
    t+4   | +0.0135  +0.1437  -0.3761  +0.2882  -0.0502  +0.0132
[12:21:29] #  298 [bench] e2e= 1032.1ms  infer= 1029.7ms  cap=  2.3ms
    t+0   | +0.1263  -0.1339  +0.0123  +0.1610  -0.0902  -0.0261
    t+1   | +0.0673  -0.1386  -0.0106  +0.1463  -0.0584  -0.1157
    t+2   | +0.0383  -0.1276  -0.0689  +0.1571  -0.0563  -0.1254
    t+3   | +0.0277  -0.1280  -0.0458  +0.1359  -0.0745  -0.2792
    t+4   | -0.0024  -0.0711  -0.0611  +0.1509  -0.1086  -0.2731
[12:21:30] #  299 [bench] e2e= 1065.7ms  infer= 1063.3ms  cap=  2.3ms
    t+0   | -0.0627  -0.1475  +0.0333  +0.1705  -0.2397  -0.0001
    t+1   | -0.0444  -0.1109  -0.0162  +0.1931  -0.2163  +0.2399
    t+2   | -0.0270  -0.1225  -0.0483  +0.2078  -0.1289  +0.1542
    t+3   | -0.1417  -0.0970  -0.0834  +0.2139  -0.0672  +0.1550
    t+4   | -0.1762  -0.0636  -0.1454  +0.1997  -0.0681  +0.1408
[12:21:31] #  300 [bench] e2e= 1029.9ms  infer= 1027.2ms  cap=  2.6ms
    t+0   | +0.1918  +0.0149  -0.1129  +0.2569  +0.0012  +0.1013
    t+1   | +0.1970  +0.0645  -0.1746  +0.2607  +0.0011  +0.0007
    t+2   | +0.1165  +0.0208  -0.1395  +0.2123  -0.0520  -0.0756
    t+3   | +0.0812  +0.0242  -0.1626  +0.1773  -0.0908  -0.0335
    t+4   | +0.1195  +0.0762  -0.2113  +0.2161  -0.1125  -0.0291
[12:21:32] #  301 [bench] e2e= 1060.9ms  infer= 1058.1ms  cap=  2.7ms
    t+0   | +0.2214  -0.0392  -0.0967  +0.2576  +0.0555  -0.2743
    t+1   | +0.2353  -0.0345  -0.0949  +0.2570  +0.0529  -0.1255
    t+2   | +0.2199  -0.0691  -0.0569  +0.2595  +0.0310  -0.1412
    t+3   | +0.1849  -0.0738  -0.0648  +0.2308  +0.0357  -0.1627
    t+4   | +0.1631  -0.0135  -0.1053  +0.2149  +0.0927  -0.1656
[12:21:33] #  302 [bench] e2e= 1025.0ms  infer= 1020.8ms  cap=  4.0ms
    t+0   | +0.2915  +0.1223  -0.1187  +0.2044  -0.2087  +0.0958
    t+1   | +0.2532  +0.0762  -0.0932  +0.1918  -0.1892  +0.0439
    t+2   | +0.1646  +0.0197  -0.0689  +0.1994  -0.1858  +0.0236
    t+3   | +0.0971  -0.0514  -0.0893  +0.1429  -0.1798  -0.0165
    t+4   | +0.0567  -0.0972  -0.0678  +0.1518  -0.1583  -0.0059
[12:21:34] #  303 [bench] e2e= 1025.0ms  infer= 1022.1ms  cap=  2.7ms
    t+0   | +0.2241  -0.0597  -0.0775  +0.2500  +0.0309  +0.0044
    t+1   | +0.1955  +0.0132  -0.1974  +0.3123  +0.0820  +0.1106
    t+2   | +0.1525  +0.1047  -0.2926  +0.3261  +0.0934  +0.4955
    t+3   | +0.1615  +0.1317  -0.3369  +0.3118  +0.0353  +0.6342
    t+4   | +0.1823  +0.1142  -0.3309  +0.3221  -0.0182  +0.6416
[12:21:35] #  304 [bench] e2e= 1027.6ms  infer= 1024.5ms  cap=  2.9ms
    t+0   | +0.1554  +0.0132  -0.1134  +0.2578  -0.0116  +0.2680
    t+1   | +0.1095  +0.0467  -0.1487  +0.2510  -0.0388  +0.0673
    t+2   | +0.0741  +0.0976  -0.2068  +0.2490  -0.0687  +0.0611
    t+3   | +0.0406  +0.0715  -0.2712  +0.2540  -0.0609  +0.0006
    t+4   | -0.0021  +0.0369  -0.2204  +0.2462  -0.1198  -0.0337
[12:21:36] #  305 [bench] e2e= 1032.9ms  infer= 1030.4ms  cap=  2.4ms
    t+0   | -0.0133  -0.2605  +0.1837  -0.0146  -0.1717  -0.7382
    t+1   | +0.0484  -0.2126  +0.1079  +0.0427  -0.1618  -0.7555
    t+2   | +0.1067  -0.1484  +0.0093  +0.1043  -0.1707  -0.7863
    t+3   | +0.0685  -0.0754  -0.1344  +0.1478  -0.1770  -0.7946
    t+4   | +0.0215  +0.0162  -0.2529  +0.1959  -0.2170  -0.7623

  [live] after 300 bench steps — e2e mean=1036.8ms  |  max replan freq=0.96 Hz  |  max control freq=4.82 Hz (n_action_steps=5)

[12:21:37] #  306 [bench] e2e= 1029.4ms  infer= 1026.0ms  cap=  3.2ms
    t+0   | +0.1438  +0.0079  -0.2164  +0.2680  -0.1777  -0.2042
    t+1   | +0.1828  -0.0121  -0.1813  +0.2415  -0.1412  -0.1793
    t+2   | +0.2037  -0.0395  -0.1511  +0.2165  -0.0910  -0.2072
    t+3   | +0.1880  -0.0202  -0.1459  +0.2153  -0.1087  -0.2177
    t+4   | +0.2187  +0.0214  -0.2197  +0.2187  -0.1445  -0.1550
[12:21:38] #  307 [bench] e2e= 1027.7ms  infer= 1024.1ms  cap=  3.5ms
    t+0   | +0.1695  -0.0317  -0.0602  +0.2194  +0.0094  +0.0915
    t+1   | +0.0623  -0.0416  -0.0342  +0.1731  -0.0488  -0.0196
    t+2   | -0.1386  -0.0489  -0.0629  +0.1193  -0.1418  -0.1352
    t+3   | -0.2050  -0.0692  -0.0745  +0.1164  -0.1837  -0.1443
    t+4   | -0.1576  -0.0741  -0.1022  +0.1449  -0.1691  -0.0006
[12:21:39] #  308 [bench] e2e= 1030.0ms  infer= 1026.8ms  cap=  3.0ms
    t+0   | +0.0854  -0.0248  -0.1730  +0.2348  -0.1058  -0.2358
    t+1   | +0.0864  +0.0128  -0.2451  +0.2329  -0.0726  -0.1924
    t+2   | +0.0782  -0.0467  -0.1823  +0.1630  -0.0485  -0.6367
    t+3   | +0.0755  -0.0473  -0.1425  +0.1173  -0.0007  -0.6842
    t+4   | +0.0291  -0.0739  -0.0908  +0.1082  +0.0488  -0.7152
[12:21:40] #  309 [bench] e2e= 1033.6ms  infer= 1030.6ms  cap=  2.8ms
    t+0   | +0.0652  +0.0191  -0.0937  +0.2279  +0.2301  +0.0237
    t+1   | +0.0895  +0.0088  -0.1351  +0.2435  +0.1149  +0.0912
    t+2   | +0.1061  -0.0010  -0.1499  +0.2289  +0.0081  +0.0433
    t+3   | +0.0818  -0.0009  -0.1438  +0.2327  -0.0062  +0.0116
    t+4   | +0.0700  +0.0220  -0.1758  +0.2438  -0.0187  +0.0185
[12:21:41] #  310 [bench] e2e= 1029.7ms  infer= 1027.4ms  cap=  2.2ms
    t+0   | +0.1479  +0.1299  -0.1712  +0.2778  +0.1169  -0.0839
    t+1   | +0.0345  +0.1368  -0.2160  +0.2628  +0.0575  -0.1334
    t+2   | +0.0492  +0.1003  -0.2239  +0.2598  +0.0055  -0.1480
    t+3   | +0.0870  +0.1199  -0.2086  +0.2331  +0.0190  -0.1625
    t+4   | +0.1066  +0.1205  -0.1807  +0.2649  +0.0392  -0.1494
[12:21:42] #  311 [bench] e2e= 1027.3ms  infer= 1024.3ms  cap=  2.8ms
    t+0   | -0.1444  -0.1799  +0.0017  +0.0888  -0.0261  -0.6059
    t+1   | -0.0963  -0.1251  -0.1693  +0.1888  -0.0803  -0.5672
    t+2   | -0.0076  -0.0547  -0.2326  +0.2237  -0.0310  -0.4072
    t+3   | +0.0284  +0.0213  -0.2327  +0.2424  +0.0553  -0.1183
    t+4   | +0.0576  +0.0030  -0.1988  +0.2066  +0.0329  -0.1869
[12:21:43] #  312 [bench] e2e= 1025.4ms  infer= 1022.4ms  cap=  2.8ms
    t+0   | +0.1738  +0.1224  -0.2100  +0.2946  -0.0004  +0.0220
    t+1   | +0.1196  +0.0963  -0.1975  +0.2707  -0.0353  -0.0226
    t+2   | +0.0646  +0.0296  -0.1432  +0.2485  -0.0709  -0.1859
    t+3   | -0.0183  +0.0088  -0.1373  +0.2028  -0.0595  -0.3924
    t+4   | -0.0177  -0.0333  -0.1031  +0.1572  -0.0595  -0.5208
[12:21:44] #  313 [bench] e2e= 1023.6ms  infer= 1020.6ms  cap=  2.9ms
    t+0   | +0.0498  -0.0153  -0.1220  +0.2394  -0.1085  +0.3548
    t+1   | +0.0968  +0.0019  -0.0834  +0.2102  -0.0662  +0.2387
    t+2   | +0.1270  +0.0355  -0.0869  +0.2003  -0.0355  +0.1064
    t+3   | +0.1637  +0.0450  -0.1239  +0.1991  +0.0148  +0.0204
    t+4   | +0.2168  +0.0802  -0.1893  +0.2238  +0.0039  -0.0371
[12:21:45] #  314 [bench] e2e= 1025.9ms  infer= 1023.0ms  cap=  2.7ms
    t+0   | -0.0405  -0.0463  +0.0161  +0.1693  +0.0387  -0.2051
    t+1   | -0.0064  -0.0329  -0.0267  +0.1924  -0.0402  -0.2052
    t+2   | +0.0417  -0.0568  -0.0675  +0.1922  -0.0296  -0.1154
    t+3   | +0.0653  -0.0752  -0.0686  +0.1802  -0.0407  +0.0601
    t+4   | +0.0718  -0.1121  -0.0276  +0.1980  +0.0719  +0.2562
[12:21:46] #  315 [bench] e2e= 1024.6ms  infer= 1021.6ms  cap=  2.9ms
    t+0   | +0.0092  -0.2212  +0.1231  +0.0952  +0.1888  -0.0407
    t+1   | +0.0940  -0.1047  +0.0264  +0.1146  +0.0323  +0.2623
    t+2   | +0.0921  -0.0134  -0.0459  +0.1161  -0.0621  +0.1299
    t+3   | +0.0820  +0.0442  -0.0651  +0.1766  -0.1032  +0.0581
    t+4   | +0.0888  +0.0202  -0.1101  +0.1660  -0.1147  +0.0042
[12:21:47] #  316 [bench] e2e= 1031.0ms  infer= 1027.1ms  cap=  3.7ms
    t+0   | +0.1973  +0.0657  -0.1944  +0.3250  -0.0070  +0.2844
    t+1   | +0.1353  +0.0261  -0.2101  +0.3610  -0.0007  +0.1368
    t+2   | +0.1281  -0.0520  -0.1571  +0.3364  +0.0159  -0.0169
    t+3   | +0.0598  -0.0769  -0.1196  +0.3290  +0.0327  -0.0800
    t+4   | -0.0133  -0.1193  -0.0811  +0.2643  +0.0245  -0.0996
[12:21:48] #  317 [bench] e2e= 1024.1ms  infer= 1022.3ms  cap=  1.6ms
    t+0   | +0.1337  +0.0271  -0.1395  +0.2890  -0.1959  -0.0249
    t+1   | +0.1612  +0.0688  -0.1734  +0.3030  -0.2093  +0.0296
    t+2   | +0.1557  +0.0587  -0.1946  +0.2724  -0.1634  +0.0185
    t+3   | +0.0911  +0.0482  -0.1976  +0.2757  -0.1841  -0.0002
    t+4   | +0.0499  +0.0743  -0.2853  +0.2998  -0.1468  +0.0111
[12:21:49] #  318 [bench] e2e= 1024.1ms  infer= 1022.5ms  cap=  1.5ms
    t+0   | +0.1141  +0.1223  -0.3899  +0.2867  -0.0082  -0.3910
    t+1   | +0.1341  +0.0944  -0.3100  +0.2413  -0.0292  -0.2475
    t+2   | +0.0992  +0.1056  -0.2597  +0.2435  +0.0281  -0.1159
    t+3   | +0.0708  +0.1476  -0.2622  +0.2610  +0.0568  -0.1341
    t+4   | +0.0782  +0.1780  -0.2969  +0.2643  +0.0531  -0.1214
[12:21:50] #  319 [bench] e2e= 1027.3ms  infer= 1025.6ms  cap=  1.5ms
    t+0   | -0.0488  -0.1040  +0.0760  +0.1636  +0.2331  -0.3401
    t+1   | -0.0143  -0.0731  -0.0355  +0.2285  +0.1276  -0.0499
    t+2   | +0.0503  -0.0206  -0.1016  +0.2543  +0.0537  +0.0444
    t+3   | +0.0955  +0.0365  -0.1152  +0.2611  +0.0245  +0.0022
    t+4   | +0.1573  +0.0663  -0.1583  +0.2534  +0.0740  +0.0736
[12:21:51] #  320 [bench] e2e= 1031.2ms  infer= 1029.5ms  cap=  1.5ms
    t+0   | +0.1756  -0.0384  -0.0575  +0.2279  +0.0376  -0.1086
    t+1   | +0.1659  -0.0116  -0.0924  +0.2486  +0.0254  -0.1128
    t+2   | +0.1502  +0.0079  -0.1260  +0.2686  +0.0339  -0.1247
    t+3   | +0.1321  -0.0281  -0.1006  +0.2619  +0.0670  -0.1540
    t+4   | +0.1136  -0.0749  -0.0994  +0.2423  +0.0678  -0.2012
[12:21:52] #  321 [bench] e2e= 1025.2ms  infer= 1023.5ms  cap=  1.5ms
    t+0   | +0.0508  -0.0606  -0.1076  +0.2143  -0.1854  -0.0740
    t+1   | +0.0620  -0.0519  -0.1280  +0.2170  -0.2423  -0.2609
    t+2   | +0.0971  -0.0200  -0.1782  +0.2118  -0.2542  -0.2584
    t+3   | +0.0975  -0.0261  -0.1758  +0.2215  -0.2000  -0.2869
    t+4   | +0.1240  -0.0360  -0.1535  +0.1809  -0.1674  -0.3751
[12:21:53] #  322 [bench] e2e= 1025.0ms  infer= 1023.4ms  cap=  1.5ms
    t+0   | +0.1390  -0.0028  -0.0120  +0.1726  -0.0498  -0.0377
    t+1   | -0.0048  +0.0031  -0.0322  +0.1379  -0.1455  -0.4894
    t+2   | -0.0428  +0.0028  -0.0457  +0.1488  -0.2245  -0.4283
    t+3   | -0.0043  +0.0484  -0.0636  +0.1699  -0.2088  -0.3694
    t+4   | +0.0145  +0.0224  -0.0857  +0.1537  -0.2064  -0.4243
[12:21:54] #  323 [bench] e2e= 1027.6ms  infer= 1025.9ms  cap=  1.5ms
    t+0   | +0.0655  -0.1092  +0.0385  +0.1458  +0.0346  -0.2435
    t+1   | +0.0203  -0.1016  +0.0126  +0.1265  -0.0500  -0.2262
    t+2   | +0.0124  -0.0624  -0.0362  +0.1159  -0.0619  -0.1933
    t+3   | +0.0289  -0.0485  -0.0113  +0.1518  -0.0769  -0.1389
    t+4   | +0.0741  -0.0467  +0.0053  +0.1151  -0.1120  -0.1668
[12:21:55] #  324 [bench] e2e= 1032.5ms  infer= 1030.7ms  cap=  1.6ms
    t+0   | +0.0295  -0.1069  +0.0107  +0.2015  +0.0226  +1.3506
    t+1   | -0.0635  -0.0945  -0.0047  +0.2046  +0.0023  +1.1590
    t+2   | +0.0086  -0.0554  -0.0750  +0.2394  +0.0455  +1.0232
    t+3   | +0.0501  -0.0142  -0.1072  +0.2966  +0.1246  +0.8914
    t+4   | +0.0930  -0.0262  -0.1195  +0.3117  +0.1006  +0.9691
[12:21:56] #  325 [bench] e2e= 1027.9ms  infer= 1026.2ms  cap=  1.5ms
    t+0   | +0.1777  -0.1186  -0.0011  +0.2198  +0.0395  +0.1825
    t+1   | +0.0925  -0.1556  -0.0135  +0.2126  +0.0640  +0.0015
    t+2   | -0.0060  -0.3095  +0.0596  +0.1292  +0.0579  -0.3053
    t+3   | -0.0441  -0.3507  +0.1131  +0.0778  +0.0521  -0.4555
    t+4   | -0.0488  -0.2912  +0.0705  +0.1191  +0.0287  -0.3524

  [live] after 320 bench steps — e2e mean=1036.2ms  |  max replan freq=0.97 Hz  |  max control freq=4.83 Hz (n_action_steps=5)

[12:21:57] #  326 [bench] e2e= 1020.8ms  infer= 1019.2ms  cap=  1.5ms
    t+0   | +0.2288  -0.0046  -0.0930  +0.3095  +0.0226  +1.0141
    t+1   | +0.1941  +0.0272  -0.1367  +0.3005  -0.0070  +0.6717
    t+2   | +0.1002  +0.0459  -0.1480  +0.2517  -0.0413  +0.3104
    t+3   | +0.0336  +0.0362  -0.1586  +0.2434  -0.0514  +0.1769
    t+4   | -0.0043  -0.0064  -0.1544  +0.1996  -0.0180  -0.1436
[12:21:58] #  327 [bench] e2e= 1027.0ms  infer= 1025.3ms  cap=  1.5ms
    t+0   | +0.0000  +0.2350  -0.6258  +0.3743  -0.0212  -0.2237
    t+1   | +0.0246  +0.1588  -0.4908  +0.3349  -0.0014  -0.0543
    t+2   | +0.0274  +0.0545  -0.3499  +0.2710  -0.0117  -0.0779
    t+3   | +0.0149  +0.0907  -0.3192  +0.3017  -0.0566  -0.0895
    t+4   | +0.0562  +0.0855  -0.3025  +0.2731  -0.0770  -0.1427
[12:22:00] #  328 [bench] e2e= 1024.7ms  infer= 1021.4ms  cap=  3.1ms
    t+0   | +0.1660  +0.1033  -0.4232  +0.3737  -0.1288  -0.3443
    t+1   | +0.1467  +0.1755  -0.3872  +0.3427  -0.0571  -0.2038
    t+2   | +0.1021  +0.1866  -0.3188  +0.3129  +0.0521  -0.0420
    t+3   | +0.1036  +0.1758  -0.2816  +0.2954  +0.0855  +0.0893
    t+4   | +0.1115  +0.1526  -0.2179  +0.2690  +0.0265  -0.0686
[12:22:01] #  329 [bench] e2e= 1030.6ms  infer= 1028.4ms  cap=  2.0ms
    t+0   | +0.0536  -0.2125  +0.0820  +0.0832  -0.1527  -0.0806
    t+1   | +0.0284  -0.1290  +0.0780  +0.0269  -0.2232  -0.1785
    t+2   | +0.0566  -0.0509  +0.0418  +0.0341  -0.2317  -0.1449
    t+3   | +0.0366  -0.0531  -0.0263  +0.0794  -0.1802  -0.1170
    t+4   | -0.0242  -0.0504  -0.0558  +0.1271  -0.1448  -0.1571
[12:22:02] #  330 [bench] e2e= 1026.3ms  infer= 1023.8ms  cap=  2.4ms
    t+0   | +0.0982  -0.1063  -0.0010  +0.2158  +0.2478  -0.1944
    t+1   | +0.0103  -0.1500  +0.0166  +0.1903  +0.2382  -0.2566
    t+2   | -0.0478  -0.1111  -0.0823  +0.1842  +0.2826  -0.2263
    t+3   | -0.0034  -0.0593  -0.1658  +0.2032  +0.2795  -0.1084
    t+4   | +0.0239  -0.0149  -0.2002  +0.2077  +0.2633  -0.0211
[12:22:03] #  331 [bench] e2e= 1029.9ms  infer= 1026.1ms  cap=  3.6ms
    t+0   | +0.1699  +0.1368  -0.2927  +0.3331  +0.0352  +0.1050
    t+1   | +0.0989  +0.1177  -0.2220  +0.2744  -0.0430  +0.0767
    t+2   | +0.0629  +0.0849  -0.1932  +0.2371  -0.0079  +0.0073
    t+3   | +0.0330  +0.0586  -0.2031  +0.1825  +0.0102  -0.0124
    t+4   | -0.0116  +0.0686  -0.1650  +0.1660  +0.0476  -0.0329
[12:22:04] #  332 [bench] e2e= 1046.7ms  infer= 1043.7ms  cap=  2.9ms
    t+0   | +0.0464  -0.2357  +0.1188  +0.0723  +0.0697  +0.0530
    t+1   | +0.0905  -0.1390  -0.0103  +0.1281  +0.0818  +0.1251
    t+2   | +0.1335  -0.0852  -0.1303  +0.1774  +0.0918  +0.3099
    t+3   | +0.1697  -0.0378  -0.1372  +0.2034  +0.0720  +0.2640
    t+4   | +0.2015  -0.0048  -0.1232  +0.2097  +0.0590  +0.2416
[12:22:05] #  333 [bench] e2e= 1034.7ms  infer= 1031.5ms  cap=  3.0ms
    t+0   | +0.0639  +0.2001  -0.2894  +0.3300  -0.1853  +0.0364
    t+1   | +0.0936  +0.1168  -0.2127  +0.2905  -0.1660  +0.0075
    t+2   | +0.0280  +0.0076  -0.1512  +0.2106  -0.1707  -0.0205
    t+3   | -0.0220  -0.0749  -0.0860  +0.1246  -0.1448  -0.0776
    t+4   | -0.0158  -0.0692  -0.0940  +0.1187  -0.1221  -0.1076
[12:22:06] #  334 [bench] e2e= 1027.3ms  infer= 1023.9ms  cap=  3.2ms
    t+0   | +0.1238  -0.0723  +0.0482  +0.1319  -0.1018  -0.7200
    t+1   | +0.1066  +0.0206  -0.0378  +0.1813  -0.1182  -0.4146
    t+2   | +0.1115  +0.0474  -0.0887  +0.1417  -0.1181  -0.3593
    t+3   | +0.0885  +0.1100  -0.1685  +0.1630  -0.1631  -0.2136
    t+4   | +0.1349  +0.1284  -0.1880  +0.1816  -0.1460  -0.0991
[12:22:07] #  335 [bench] e2e= 1047.6ms  infer= 1044.4ms  cap=  3.0ms
    t+0   | +0.2161  +0.0312  -0.2063  +0.3212  -0.1414  -0.1041
    t+1   | +0.2039  +0.0535  -0.2196  +0.3103  -0.0887  -0.0860
    t+2   | +0.1751  +0.0260  -0.2307  +0.2482  -0.0866  -0.0287
    t+3   | +0.1210  +0.0064  -0.1541  +0.2446  -0.0836  -0.1680
    t+4   | +0.0671  -0.0471  -0.1556  +0.2164  -0.1108  -0.3444
[12:22:08] #  336 [bench] e2e= 1030.0ms  infer= 1027.7ms  cap=  2.2ms
    t+0   | +0.1742  +0.0361  -0.1639  +0.2908  -0.1866  +0.0673
    t+1   | +0.1401  +0.0609  -0.1796  +0.3047  -0.1538  -0.0028
    t+2   | +0.1461  +0.1373  -0.3641  +0.3979  -0.3220  -0.0376
    t+3   | +0.1392  +0.1419  -0.3441  +0.3954  -0.3119  -0.0168
    t+4   | +0.1416  +0.1518  -0.4183  +0.4223  -0.4327  -0.0263
[12:22:09] #  337 [bench] e2e= 1030.6ms  infer= 1028.2ms  cap=  2.2ms
    t+0   | +0.1809  +0.0406  -0.0656  +0.2365  +0.0301  +0.1080
    t+1   | +0.1207  +0.0232  -0.0243  +0.2228  +0.1064  +0.0683
    t+2   | +0.1315  -0.0278  +0.0004  +0.2249  +0.1221  +0.0243
    t+3   | +0.1054  -0.0395  +0.0072  +0.1887  +0.1426  -0.0640
    t+4   | +0.1100  -0.0306  -0.0095  +0.2249  +0.1420  -0.0565
[12:22:10] #  338 [bench] e2e= 1048.6ms  infer= 1045.8ms  cap=  2.7ms
    t+0   | +0.2048  -0.0187  -0.1257  +0.3036  -0.0758  -0.0622
    t+1   | +0.1033  +0.1415  -0.2814  +0.3569  -0.0524  -0.0686
    t+2   | +0.1530  +0.1563  -0.2961  +0.3206  -0.0492  -0.0263
    t+3   | +0.1893  +0.1454  -0.2242  +0.3407  -0.0226  -0.0636
    t+4   | +0.2003  +0.0713  -0.2115  +0.3046  +0.0216  -0.1132
[12:22:11] #  339 [bench] e2e= 1037.7ms  infer= 1034.3ms  cap=  3.3ms
    t+0   | +0.2099  +0.1019  -0.2254  +0.3042  -0.2069  +0.8281
    t+1   | +0.0936  +0.1201  -0.2369  +0.3002  -0.2000  +0.6549
    t+2   | +0.1021  +0.1434  -0.2602  +0.3287  -0.1744  +0.7116
    t+3   | +0.1291  +0.1376  -0.2643  +0.3564  -0.1644  +0.6465
    t+4   | +0.0912  +0.1255  -0.2315  +0.3368  -0.1814  +0.5777
[12:22:12] #  340 [bench] e2e= 1028.6ms  infer= 1025.2ms  cap=  3.2ms
    t+0   | +0.4914  +0.1386  -0.3369  +0.4420  -0.3943  -0.1847
    t+1   | +0.4133  +0.1689  -0.5195  +0.5499  -0.4571  -0.2672
    t+2   | +0.3616  +0.1153  -0.4336  +0.5192  -0.3055  -0.1873
    t+3   | +0.2993  +0.0965  -0.3485  +0.4331  -0.2646  -0.1085
    t+4   | +0.2681  +0.0938  -0.3098  +0.3861  -0.2450  -0.1137
[12:22:13] #  341 [bench] e2e= 1025.3ms  infer= 1022.0ms  cap=  3.2ms
    t+0   | +0.1579  -0.0031  -0.0938  +0.2133  -0.0428  -0.0315
    t+1   | +0.1652  +0.0596  -0.1727  +0.2019  -0.0493  -0.0746
    t+2   | +0.1981  +0.1033  -0.2163  +0.2311  -0.0386  -0.0817
    t+3   | +0.1560  +0.0977  -0.1853  +0.2089  -0.0590  -0.2760
    t+4   | +0.1006  +0.1102  -0.1940  +0.2147  -0.0624  -0.2552
[12:22:14] #  342 [bench] e2e= 1052.3ms  infer= 1049.2ms  cap=  2.9ms
    t+0   | +0.0296  -0.0568  -0.1181  +0.2234  -0.1268  -0.0296
    t+1   | +0.0909  +0.0194  -0.1863  +0.2934  -0.1117  +0.2548
    t+2   | +0.1158  +0.0111  -0.2288  +0.2894  -0.0577  +0.3189
    t+3   | +0.1181  +0.0229  -0.1943  +0.3357  -0.0327  +0.3473
    t+4   | +0.0943  +0.0258  -0.2297  +0.3432  -0.0422  +0.3370
[12:22:15] #  343 [bench] e2e= 1035.6ms  infer= 1032.1ms  cap=  3.3ms
    t+0   | +0.2007  +0.0467  -0.1145  +0.2290  -0.1442  -0.0831
    t+1   | +0.1547  -0.0082  -0.0706  +0.1562  -0.1736  -0.1883
    t+2   | +0.1487  -0.0036  -0.0594  +0.1633  -0.1172  -0.1849
    t+3   | +0.1397  +0.0074  -0.0782  +0.1789  -0.0901  -0.1113
    t+4   | +0.1125  +0.0197  -0.0695  +0.1932  -0.0714  -0.0937
[12:22:16] #  344 [bench] e2e= 1027.6ms  infer= 1024.6ms  cap=  2.9ms
    t+0   | +0.1611  +0.1190  -0.2950  +0.3092  +0.0666  -0.2410
    t+1   | +0.1691  +0.0800  -0.2034  +0.2669  +0.0476  -0.1043
    t+2   | +0.1325  +0.0415  -0.1617  +0.2308  +0.0295  -0.0645
    t+3   | +0.0763  -0.0168  -0.1646  +0.1985  -0.0063  -0.0593
    t+4   | -0.0208  -0.0402  -0.1151  +0.2036  -0.0355  -0.1054
[12:22:17] #  345 [bench] e2e= 1080.1ms  infer= 1076.7ms  cap=  3.2ms
    t+0   | +0.0741  -0.1595  +0.0178  +0.1553  -0.0016  -0.2063
    t+1   | +0.0270  -0.0675  -0.0492  +0.1957  -0.0672  +0.2434
    t+2   | -0.0214  -0.0402  -0.0828  +0.2189  -0.0879  +0.3536
    t+3   | -0.0976  -0.0240  -0.1485  +0.2108  -0.0790  +0.0450
    t+4   | -0.0843  -0.0535  -0.1666  +0.1919  -0.0231  -0.0543

  [live] after 340 bench steps — e2e mean=1036.2ms  |  max replan freq=0.97 Hz  |  max control freq=4.83 Hz (n_action_steps=5)

[12:22:18] #  346 [bench] e2e= 1032.6ms  infer= 1029.5ms  cap=  3.0ms
    t+0   | +0.1611  +0.0198  -0.1751  +0.2857  +0.0402  -0.1437
    t+1   | +0.1519  +0.0384  -0.1807  +0.2671  +0.0722  -0.0434
    t+2   | +0.1329  +0.0632  -0.2324  +0.2447  +0.0357  -0.1146
    t+3   | +0.1388  +0.0529  -0.2530  +0.2232  -0.0216  -0.1217
    t+4   | +0.1317  +0.0129  -0.2195  +0.2139  +0.1098  -0.1484
[12:22:19] #  347 [bench] e2e= 1027.8ms  infer= 1024.4ms  cap=  3.2ms
    t+0   | -0.0122  +0.0613  -0.0284  +0.1876  -0.1550  +0.2760
    t+1   | -0.0269  +0.0275  -0.0588  +0.1963  -0.1268  +0.0976
    t+2   | +0.0439  -0.0208  -0.0947  +0.1869  -0.0921  +0.0157
    t+3   | +0.0730  -0.0129  -0.1052  +0.2061  -0.0946  +0.0824
    t+4   | +0.0619  +0.0259  -0.1141  +0.2508  -0.0943  +0.2029
[12:22:20] #  348 [bench] e2e= 1041.9ms  infer= 1038.8ms  cap=  2.9ms
    t+0   | +0.1501  +0.0706  -0.1122  +0.2449  +0.1482  +0.3523
    t+1   | +0.1099  +0.1174  -0.2156  +0.2773  +0.1493  +0.0989
    t+2   | +0.1087  +0.1286  -0.2303  +0.2806  +0.1452  -0.3822
    t+3   | +0.1135  +0.0861  -0.1676  +0.2280  +0.0967  -0.3825
    t+4   | +0.1165  +0.1104  -0.1297  +0.1917  +0.0717  -0.4878
[12:22:21] #  349 [bench] e2e= 1032.3ms  infer= 1028.4ms  cap=  3.7ms
    t+0   | +0.1089  +0.0109  -0.2330  +0.2580  +0.0773  -0.5037
    t+1   | +0.0917  +0.0325  -0.2769  +0.2708  +0.0359  -0.3555
    t+2   | +0.0401  +0.0453  -0.3638  +0.2500  +0.0254  -0.2956
    t+3   | -0.0341  +0.0063  -0.3139  +0.2599  +0.0007  -0.4370
    t+4   | -0.0008  -0.0316  -0.2281  +0.2589  +0.0059  -0.4182
[12:22:22] #  350 [bench] e2e= 1026.8ms  infer= 1023.9ms  cap=  2.7ms
    t+0   | +0.0723  -0.0581  -0.1166  +0.2507  -0.0089  -0.2593
    t+1   | +0.0262  -0.0350  -0.2087  +0.2694  -0.0031  -0.2444
    t+2   | +0.0265  -0.0172  -0.2194  +0.2852  +0.0000  -0.0077
    t+3   | +0.0447  +0.0292  -0.2705  +0.3088  +0.0222  +0.0963
    t+4   | +0.0492  +0.0722  -0.3342  +0.3682  +0.0396  +0.0206
[12:22:23] #  351 [bench] e2e= 1031.6ms  infer= 1028.6ms  cap=  2.8ms
    t+0   | +0.1115  -0.1248  -0.0346  +0.1955  -0.0024  -0.4168
    t+1   | +0.1264  -0.0763  -0.0539  +0.2461  -0.0159  -0.2255
    t+2   | +0.2203  +0.0106  -0.2396  +0.2860  +0.0042  -0.2273
    t+3   | +0.2410  +0.0503  -0.2964  +0.3163  +0.1087  -0.3353
    t+4   | +0.1806  +0.0847  -0.3838  +0.3080  +0.1861  -0.2972
[12:22:24] #  352 [bench] e2e= 1030.6ms  infer= 1027.2ms  cap=  3.2ms
    t+0   | +0.1637  -0.0902  -0.0095  +0.1698  +0.0099  -0.1510
    t+1   | +0.1147  -0.0881  -0.0293  +0.1632  -0.0664  -0.1394
    t+2   | +0.0437  -0.0661  -0.1326  +0.1963  -0.1164  -0.1392
    t+3   | -0.0333  +0.0031  -0.2230  +0.2793  -0.0633  -0.0647
    t+4   | -0.1260  +0.0787  -0.3194  +0.3711  -0.0943  +0.1745
[12:22:25] #  353 [bench] e2e= 1027.2ms  infer= 1023.5ms  cap=  3.5ms
    t+0   | +0.2438  +0.0100  -0.1990  +0.3141  -0.1864  +1.0976
    t+1   | +0.2102  +0.0177  -0.1597  +0.2773  -0.1935  +0.8016
    t+2   | +0.1120  +0.0304  -0.1065  +0.2454  -0.2567  +0.5587
    t+3   | +0.0544  +0.0351  -0.1245  +0.1895  -0.2771  +0.4089
    t+4   | +0.0103  +0.0447  -0.0918  +0.1495  -0.2643  -0.4093
[12:22:26] #  354 [bench] e2e= 1028.7ms  infer= 1025.2ms  cap=  3.3ms
    t+0   | +0.0871  -0.0589  -0.1517  +0.2414  +0.0026  -0.3004
    t+1   | +0.0924  -0.0121  -0.1854  +0.2436  -0.0080  -0.1816
    t+2   | +0.0885  +0.0371  -0.1619  +0.2591  +0.0251  -0.0492
    t+3   | +0.0757  +0.0394  -0.1694  +0.2633  +0.0491  -0.0208
    t+4   | +0.0496  +0.0224  -0.1539  +0.2845  +0.0566  -0.0300
[12:22:27] #  355 [bench] e2e= 1027.8ms  infer= 1024.6ms  cap=  3.0ms
    t+0   | +0.1905  -0.0291  -0.0343  +0.1913  -0.0962  +0.1731
    t+1   | +0.2146  -0.0205  -0.0654  +0.1677  -0.0899  +0.1899
    t+2   | +0.1756  +0.0174  -0.1338  +0.1917  -0.0719  +0.2397
    t+3   | +0.1392  +0.0458  -0.1907  +0.1917  -0.0470  +0.2134
    t+4   | +0.0966  +0.0040  -0.1777  +0.1987  -0.0249  +0.1259
[12:22:29] #  356 [bench] e2e= 1030.6ms  infer= 1027.0ms  cap=  3.4ms
    t+0   | -0.0607  -0.0240  -0.2241  +0.3323  -0.1890  +0.0350
    t+1   | +0.0093  -0.0429  -0.1873  +0.2936  -0.1628  -0.0800
    t+2   | +0.0806  -0.0485  -0.1236  +0.2581  -0.0837  -0.5233
    t+3   | +0.0977  -0.0352  -0.1739  +0.2869  -0.0249  -0.2370
    t+4   | +0.0751  -0.0707  -0.1438  +0.2571  +0.1239  -0.4927
[12:22:30] #  357 [bench] e2e= 1049.2ms  infer= 1045.9ms  cap=  3.1ms
    t+0   | +0.1091  -0.0177  -0.0512  +0.1999  -0.0681  +0.0123
    t+1   | +0.0788  -0.0651  -0.0294  +0.1936  -0.1182  +0.1535
    t+2   | +0.0900  -0.0435  -0.1270  +0.2635  -0.0592  +0.3997
    t+3   | +0.1237  -0.0287  -0.1470  +0.2816  +0.0212  +0.1468
    t+4   | +0.0554  -0.0280  -0.1813  +0.2564  +0.0350  +0.0423
[12:22:31] #  358 [bench] e2e= 1040.5ms  infer= 1037.2ms  cap=  3.2ms
    t+0   | +0.0719  +0.1076  -0.1607  +0.3171  +0.0960  +0.3138
    t+1   | +0.0982  +0.0888  -0.1734  +0.3210  +0.0597  +0.3471
    t+2   | +0.0850  +0.0223  -0.1151  +0.2678  +0.0316  +0.1071
    t+3   | +0.0709  -0.0212  -0.0982  +0.2316  -0.0042  +0.0241
    t+4   | -0.0031  -0.0420  -0.0817  +0.1862  -0.0364  -0.0414
[12:22:32] #  359 [bench] e2e= 1040.5ms  infer= 1036.4ms  cap=  3.8ms
    t+0   | +0.0112  -0.0305  -0.0707  +0.2260  +0.0277  -0.2256
    t+1   | -0.0725  -0.0585  -0.0896  +0.2495  +0.0865  -0.3272
    t+2   | -0.0229  -0.0530  -0.0936  +0.2605  +0.0922  -0.3745
    t+3   | -0.0133  -0.0211  -0.0761  +0.2613  +0.0736  -0.4411
    t+4   | -0.0103  -0.0275  -0.0776  +0.2333  +0.0434  -0.5617
[12:22:33] #  360 [bench] e2e= 1033.1ms  infer= 1030.5ms  cap=  2.4ms
    t+0   | +0.1319  +0.0471  -0.2263  +0.3119  -0.0045  +0.1743
    t+1   | +0.1198  -0.0067  -0.1748  +0.2759  -0.0349  +0.1303
    t+2   | +0.0772  -0.0085  -0.1786  +0.2542  -0.1028  +0.1480
    t+3   | +0.0569  -0.0033  -0.1878  +0.2549  -0.2146  +0.0923
    t+4   | +0.0379  +0.0056  -0.2180  +0.2399  -0.2574  +0.0105
[12:22:34] #  361 [bench] e2e= 1092.7ms  infer= 1089.8ms  cap=  2.7ms
    t+0   | +0.1389  +0.0547  -0.1354  +0.2771  +0.1131  +0.3037
    t+1   | +0.1332  +0.0375  -0.1378  +0.2364  +0.0552  +0.0469
    t+2   | +0.1187  +0.0369  -0.1030  +0.2008  +0.0093  -0.0723
    t+3   | +0.0956  +0.0154  -0.1222  +0.1722  +0.0172  -0.0785
    t+4   | +0.0854  +0.0125  -0.1097  +0.2016  +0.0644  -0.0858
[12:22:35] #  362 [bench] e2e= 1047.2ms  infer= 1043.8ms  cap=  3.3ms
    t+0   | +0.0614  +0.2157  -0.3534  +0.2681  +0.0785  -0.0905
    t+1   | +0.1328  +0.2121  -0.3601  +0.2753  -0.0004  -0.0044
    t+2   | +0.1071  +0.1567  -0.2778  +0.2509  -0.0114  -0.0639
    t+3   | +0.0563  +0.1161  -0.2223  +0.2203  +0.0019  -0.1191
    t+4   | +0.0780  +0.0958  -0.2220  +0.2041  -0.0023  -0.0921
[12:22:36] #  363 [bench] e2e= 1086.9ms  infer= 1084.0ms  cap=  2.7ms
    t+0   | -0.0457  -0.2192  +0.0209  +0.1489  -0.1517  -0.2146
    t+1   | -0.0347  -0.1987  -0.0120  +0.1751  -0.1263  -0.2086
    t+2   | -0.0310  -0.1087  -0.1023  +0.2228  -0.1118  -0.2087
    t+3   | -0.0138  -0.0373  -0.1786  +0.2576  -0.0879  -0.2669
    t+4   | +0.0280  +0.0243  -0.2706  +0.2875  +0.0126  -0.2709
[12:22:37] #  364 [bench] e2e= 1050.7ms  infer= 1048.1ms  cap=  2.4ms
    t+0   | +0.1877  +0.0378  -0.1377  +0.2699  -0.0062  +0.1088
    t+1   | +0.1245  -0.0183  -0.1307  +0.2229  -0.0118  +0.0010
    t+2   | +0.0510  -0.0824  -0.0879  +0.1794  -0.0554  -0.0850
    t+3   | -0.0633  -0.1222  -0.1216  +0.1718  -0.1139  -0.1196
    t+4   | -0.0120  -0.1225  -0.1683  +0.1948  -0.1605  +0.2966
[12:22:38] #  365 [bench] e2e= 1033.3ms  infer= 1030.2ms  cap=  2.8ms
    t+0   | +0.2074  -0.0190  -0.0817  +0.2649  +0.1374  -0.1261
    t+1   | +0.1633  -0.0224  -0.1078  +0.2702  +0.1442  -0.1806
    t+2   | +0.0998  -0.0864  -0.1280  +0.2581  +0.1216  -0.1835
    t+3   | +0.1028  -0.1149  -0.1232  +0.2371  +0.0687  -0.1844
    t+4   | +0.0686  -0.0534  -0.1513  +0.2296  +0.0329  -0.1493

  [live] after 360 bench steps — e2e mean=1036.5ms  |  max replan freq=0.96 Hz  |  max control freq=4.82 Hz (n_action_steps=5)

[12:22:39] #  366 [bench] e2e= 1030.3ms  infer= 1026.8ms  cap=  3.4ms
    t+0   | +0.2847  +0.0767  -0.2396  +0.3534  -0.1456  +0.8336
    t+1   | +0.2050  +0.0324  -0.2087  +0.3452  -0.1806  +0.5316
    t+2   | +0.1163  +0.0321  -0.1963  +0.3556  -0.2228  +0.6736
    t+3   | +0.1041  +0.0445  -0.2193  +0.3635  -0.2321  +0.7057
    t+4   | +0.0880  +0.0853  -0.2321  +0.3596  -0.2531  +0.6709
[12:22:40] #  367 [bench] e2e= 1029.1ms  infer= 1025.6ms  cap=  3.3ms
    t+0   | +0.0621  -0.0683  -0.1435  +0.2412  -0.0919  +0.0591
    t+1   | +0.0905  -0.0617  -0.1276  +0.2143  -0.0932  +0.0050
    t+2   | +0.1114  -0.0604  -0.1201  +0.2335  -0.0886  +0.0026
    t+3   | +0.0564  -0.0312  -0.1430  +0.2241  -0.1511  +0.0531
    t+4   | +0.0582  -0.0297  -0.1550  +0.2314  -0.1252  +0.0357
[12:22:41] #  368 [bench] e2e= 1033.2ms  infer= 1029.8ms  cap=  3.2ms
    t+0   | +0.1129  +0.0606  -0.1439  +0.2757  +0.0304  +0.5650
    t+1   | +0.1409  +0.0452  -0.1900  +0.2944  -0.0688  +0.3811
    t+2   | +0.1354  +0.0401  -0.2087  +0.2978  -0.0015  +0.2577
    t+3   | +0.1209  +0.0353  -0.2183  +0.3047  -0.0645  +0.0415
    t+4   | +0.1390  +0.0083  -0.1925  +0.3101  -0.0329  -0.1330
[12:22:42] #  369 [bench] e2e= 1031.4ms  infer= 1027.8ms  cap=  3.4ms
    t+0   | -0.0080  -0.0641  -0.1792  +0.2288  +0.0098  -0.3168
    t+1   | +0.0396  -0.0717  -0.1567  +0.1995  -0.0062  -0.2162
    t+2   | +0.0228  -0.0402  -0.1478  +0.2279  -0.0398  -0.1522
    t+3   | +0.0263  -0.0352  -0.1572  +0.2476  -0.0071  -0.2095
    t+4   | +0.0180  -0.0711  -0.1650  +0.2418  +0.1003  -0.3211
[12:22:43] #  370 [bench] e2e= 1050.1ms  infer= 1046.6ms  cap=  3.4ms
    t+0   | +0.2301  +0.0873  -0.1575  +0.3263  -0.0342  +1.2017
    t+1   | +0.0929  -0.0492  -0.0178  +0.1587  +0.0105  +0.2339
    t+2   | -0.0248  -0.0422  -0.0755  +0.1670  -0.0034  +0.4166
    t+3   | -0.0379  -0.0466  -0.0912  +0.1504  +0.0266  +0.1464
    t+4   | +0.0150  -0.0241  -0.1328  +0.1856  +0.0340  +0.2397
[12:22:44] #  371 [bench] e2e= 1067.4ms  infer= 1064.1ms  cap=  3.2ms
    t+0   | +0.1973  +0.0765  -0.1356  +0.2762  -0.0326  -0.3695
    t+1   | +0.2167  +0.1550  -0.1944  +0.3047  +0.0480  -0.3407
    t+2   | +0.2498  +0.1862  -0.2173  +0.2828  +0.0651  -0.1026
    t+3   | +0.2827  +0.1997  -0.2279  +0.2522  +0.0894  -0.1064
    t+4   | +0.3192  +0.2065  -0.2116  +0.2652  +0.1892  -0.1686
[12:22:45] #  372 [bench] e2e= 1027.7ms  infer= 1024.1ms  cap=  3.4ms
    t+0   | +0.0676  -0.0076  -0.1610  +0.2775  +0.0137  -0.0770
    t+1   | +0.0693  -0.0464  -0.1568  +0.2569  -0.0120  +0.0059
    t+2   | +0.0896  -0.0181  -0.1455  +0.2693  -0.0190  +0.0221
    t+3   | +0.0858  -0.0105  -0.1733  +0.2825  -0.0684  +0.1415
    t+4   | +0.1051  +0.0064  -0.2127  +0.3124  -0.0875  +0.1142
[12:22:46] #  373 [bench] e2e= 1028.7ms  infer= 1025.2ms  cap=  3.4ms
    t+0   | -0.0620  -0.1858  +0.1169  +0.0631  -0.0433  -0.2432
    t+1   | -0.0488  -0.1378  +0.0541  +0.0903  -0.0330  -0.2349
    t+2   | -0.0330  -0.1002  +0.0023  +0.0968  +0.0595  -0.3896
    t+3   | +0.0061  -0.0735  -0.0376  +0.1165  +0.0806  -0.3756
    t+4   | +0.0304  -0.0956  -0.0118  +0.0699  +0.0735  -0.6921
[12:22:47] #  374 [bench] e2e= 1026.9ms  infer= 1024.0ms  cap=  2.8ms
    t+0   | +0.0784  +0.0072  -0.0204  +0.1689  -0.1470  -0.2476
    t+1   | +0.1078  -0.0127  +0.0065  +0.1777  -0.1194  -0.3558
    t+2   | +0.1100  +0.0086  -0.0303  +0.1860  -0.0728  -0.4349
    t+3   | +0.0355  +0.0525  -0.1771  +0.2367  -0.1007  -0.4057
    t+4   | +0.0092  +0.0895  -0.2965  +0.2484  -0.1478  -0.3384
[12:22:48] #  375 [bench] e2e= 1050.2ms  infer= 1047.2ms  cap=  2.8ms
    t+0   | +0.1121  +0.0992  -0.2691  +0.3342  -0.1074  +0.0889
    t+1   | +0.1266  +0.0529  -0.2371  +0.3250  -0.0324  +0.0045
    t+2   | +0.1261  -0.0085  -0.2163  +0.2824  -0.0122  -0.1817
    t+3   | +0.0652  -0.0039  -0.2441  +0.2835  -0.0547  -0.3432
    t+4   | +0.0657  +0.0088  -0.2519  +0.2666  -0.0823  -0.2922
[12:22:49] #  376 [bench] e2e= 1039.9ms  infer= 1036.7ms  cap=  3.0ms
    t+0   | +0.1707  -0.0638  -0.0395  +0.2122  +0.0587  -0.0034
    t+1   | +0.1779  -0.0713  -0.0473  +0.2056  +0.0212  +0.0948
    t+2   | +0.1686  -0.0799  -0.0815  +0.2061  -0.0449  +0.0531
    t+3   | +0.1450  -0.0725  -0.0725  +0.2341  -0.0798  -0.0696
    t+4   | +0.0669  -0.1044  -0.0702  +0.2208  -0.1011  -0.5909
[12:22:50] #  377 [bench] e2e= 1048.0ms  infer= 1043.9ms  cap=  3.9ms
    t+0   | +0.1942  +0.0763  -0.3680  +0.3605  +0.0082  -0.1300
    t+1   | +0.0998  +0.0396  -0.3137  +0.3296  +0.0174  -0.0629
    t+2   | +0.0037  -0.0184  -0.2604  +0.2975  -0.0100  -0.1203
    t+3   | +0.0078  -0.0289  -0.2951  +0.2934  -0.0433  -0.1545
    t+4   | -0.0565  +0.0057  -0.3371  +0.3174  -0.0478  -0.0436
[12:22:52] #  378 [bench] e2e= 1053.1ms  infer= 1050.3ms  cap=  2.7ms
    t+0   | -0.0058  -0.1066  +0.0164  +0.1478  -0.0699  -0.1068
    t+1   | -0.0507  -0.0970  -0.0087  +0.1233  -0.0792  +0.0050
    t+2   | -0.1473  -0.0497  -0.0477  +0.1761  -0.0532  +0.1269
    t+3   | -0.1476  +0.0320  -0.1633  +0.2128  -0.0561  +0.1799
    t+4   | -0.0652  -0.0206  -0.1357  +0.1795  -0.0476  +0.0951
[12:22:53] #  379 [bench] e2e= 1045.0ms  infer= 1041.5ms  cap=  3.4ms
    t+0   | +0.1487  -0.0355  -0.0960  +0.2221  +0.0021  -0.2408
    t+1   | +0.1422  +0.0153  -0.1642  +0.2077  +0.0437  -0.2047
    t+2   | +0.1143  +0.0437  -0.2119  +0.2680  +0.1908  -0.1881
    t+3   | +0.1240  +0.0540  -0.2250  +0.3177  +0.1520  -0.1788
    t+4   | -0.0081  +0.2575  -0.5578  +0.4284  -0.3902  -0.1103
[12:22:54] #  380 [bench] e2e= 1033.8ms  infer= 1031.2ms  cap=  2.4ms
    t+0   | +0.1447  +0.1493  -0.1984  +0.3199  -0.0761  +0.0398
    t+1   | -0.0021  +0.1151  -0.1457  +0.2711  -0.0304  -0.5447
    t+2   | -0.0026  +0.0965  -0.1557  +0.2488  -0.0054  -0.6006
    t+3   | +0.0508  +0.0851  -0.1541  +0.2085  +0.0144  -0.6642
    t+4   | +0.1276  +0.1452  -0.2711  +0.2385  +0.0187  -0.6449
[12:22:55] #  381 [bench] e2e= 1031.3ms  infer= 1028.7ms  cap=  2.5ms
    t+0   | +0.1098  -0.0665  -0.1125  +0.2655  +0.1042  -0.3036
    t+1   | +0.0810  -0.0199  -0.1643  +0.3201  +0.2188  -0.2821
    t+2   | +0.0858  -0.0405  -0.1402  +0.3077  +0.2123  -0.3123
    t+3   | +0.0223  -0.0932  -0.0708  +0.2347  +0.1184  -0.1633
    t+4   | -0.0591  -0.0852  -0.0459  +0.1841  +0.0850  -0.1157
[12:22:56] #  382 [bench] e2e= 1033.8ms  infer= 1031.1ms  cap=  2.6ms
    t+0   | +0.1228  -0.0573  -0.0458  +0.1883  +0.1066  -0.1526
    t+1   | +0.0876  -0.0200  -0.1261  +0.2036  +0.0343  -0.1254
    t+2   | +0.1354  +0.0743  -0.2132  +0.2463  +0.0208  -0.0562
    t+3   | +0.1748  +0.1348  -0.2563  +0.3044  +0.0998  -0.0704
    t+4   | +0.2016  +0.1386  -0.3225  +0.2810  +0.1884  -0.0616
[12:22:57] #  383 [bench] e2e= 1032.0ms  infer= 1028.5ms  cap=  3.2ms
    t+0   | +0.0647  -0.0095  -0.0818  +0.2379  -0.0892  -0.0305
    t+1   | -0.0519  -0.0137  -0.0981  +0.1891  -0.0791  -0.1089
    t+2   | -0.1150  -0.0712  -0.0502  +0.1111  -0.0004  -0.2455
    t+3   | -0.0956  -0.0994  -0.0129  +0.0581  +0.0682  -0.1984
    t+4   | -0.0548  -0.0828  -0.0039  +0.0836  +0.0602  -0.0654
[12:22:58] #  384 [bench] e2e= 1051.1ms  infer= 1046.4ms  cap=  4.5ms
    t+0   | +0.1616  +0.0380  -0.1975  +0.2953  -0.0272  +0.0859
    t+1   | +0.1601  -0.0153  -0.1265  +0.2446  +0.0257  -0.0305
    t+2   | +0.1624  -0.0278  -0.1083  +0.2074  +0.0048  -0.1283
    t+3   | +0.1648  +0.0064  -0.1332  +0.2130  -0.0468  -0.1544
    t+4   | +0.1743  +0.0147  -0.1327  +0.2026  -0.0821  -0.1646
[12:22:59] #  385 [bench] e2e= 1037.5ms  infer= 1034.5ms  cap=  2.8ms
    t+0   | +0.1789  +0.0628  -0.1610  +0.2673  +0.0052  +0.4351
    t+1   | +0.1254  +0.0652  -0.1650  +0.2396  -0.0194  +0.4397
    t+2   | +0.1033  +0.0781  -0.1732  +0.2284  -0.0531  +0.2667
    t+3   | +0.1056  +0.0882  -0.2025  +0.2306  -0.0725  +0.2188
    t+4   | +0.1037  +0.0860  -0.1765  +0.1935  -0.0717  +0.2068

  [live] after 380 bench steps — e2e mean=1036.6ms  |  max replan freq=0.96 Hz  |  max control freq=4.82 Hz (n_action_steps=5)

[12:23:00] #  386 [bench] e2e= 1068.4ms  infer= 1065.0ms  cap=  3.2ms
    t+0   | +0.0578  -0.0188  -0.1255  +0.2264  +0.0378  -0.3999
    t+1   | +0.0672  -0.0248  -0.2148  +0.2103  +0.0960  -0.5955
    t+2   | +0.1192  -0.0477  -0.2415  +0.2003  +0.0865  -0.5001
    t+3   | +0.1384  -0.0281  -0.2491  +0.2382  +0.1156  -0.4082
    t+4   | +0.1428  -0.0640  -0.2230  +0.2145  +0.1519  -0.3461
[12:23:01] #  387 [bench] e2e= 1031.8ms  infer= 1029.2ms  cap=  2.4ms
    t+0   | +0.1344  -0.0385  -0.1745  +0.2875  +0.1581  -0.5588
    t+1   | +0.0990  -0.0115  -0.2107  +0.2950  +0.1627  -0.5637
    t+2   | +0.0968  +0.0722  -0.2518  +0.3358  +0.1285  -0.4086
    t+3   | +0.1258  +0.1374  -0.3248  +0.3388  +0.0996  -0.2882
    t+4   | +0.1966  +0.1804  -0.4036  +0.3227  +0.1043  -0.3343
[12:23:02] #  388 [bench] e2e= 1034.4ms  infer= 1032.1ms  cap=  2.2ms
    t+0   | -0.1226  -0.0814  -0.0022  +0.1709  -0.1754  -0.0528
    t+1   | -0.1304  -0.0483  -0.0486  +0.1838  -0.1622  -0.1198
    t+2   | -0.0374  -0.0303  -0.0541  +0.1996  -0.1296  -0.1169
    t+3   | +0.0223  -0.0194  -0.0969  +0.2535  -0.1033  -0.1119
    t+4   | +0.0409  -0.0008  -0.1657  +0.2822  -0.0843  -0.0865
[12:23:03] #  389 [bench] e2e= 1033.3ms  infer= 1030.9ms  cap=  2.3ms
    t+0   | +0.1935  +0.0158  -0.0975  +0.2195  -0.0978  -0.1916
    t+1   | +0.2097  +0.0636  -0.1715  +0.2402  -0.0288  -0.1451
    t+2   | +0.1843  +0.1215  -0.2359  +0.2734  +0.0056  +0.0770
    t+3   | +0.1558  +0.2050  -0.3021  +0.2930  +0.0128  +0.2182
    t+4   | +0.1974  +0.2139  -0.3035  +0.2874  +0.0032  +0.2166
[12:23:04] #  390 [bench] e2e= 1032.8ms  infer= 1029.7ms  cap=  2.9ms
    t+0   | -0.3223  -0.2575  -0.0272  +0.0955  +0.1986  -0.5121
    t+1   | -0.2076  -0.2429  -0.0416  +0.1174  +0.1376  -0.2314
    t+2   | -0.1064  -0.1992  -0.0705  +0.1526  +0.0951  -0.0265
    t+3   | -0.0346  -0.1472  -0.1465  +0.1590  -0.0275  +0.1579
    t+4   | +0.0251  -0.0905  -0.1745  +0.1791  -0.0965  +0.2447
[12:23:05] #  391 [bench] e2e= 1038.7ms  infer= 1036.3ms  cap=  2.3ms
    t+0   | +0.0681  -0.1025  -0.0523  +0.1864  -0.0749  -0.0504
    t+1   | +0.0553  -0.1307  +0.0037  +0.1782  -0.0624  -0.0976
    t+2   | +0.0520  -0.1167  -0.0179  +0.1961  -0.0646  -0.1037
    t+3   | +0.0558  -0.0691  -0.0531  +0.1830  -0.0601  -0.1096
    t+4   | +0.0650  -0.0351  -0.0459  +0.2125  -0.0620  -0.0243
[12:23:06] #  392 [bench] e2e= 1033.3ms  infer= 1030.9ms  cap=  2.2ms
    t+0   | +0.1884  +0.0388  -0.1618  +0.2746  -0.0857  +0.0283
    t+1   | +0.1643  +0.0426  -0.1613  +0.2640  -0.0329  +0.0429
    t+2   | +0.1271  +0.0296  -0.1431  +0.2391  -0.0004  +0.2009
    t+3   | +0.0776  +0.0494  -0.1031  +0.2472  +0.2540  +0.2517
    t+4   | +0.1674  +0.0852  -0.1694  +0.2954  +0.1895  +0.4873
[12:23:07] #  393 [bench] e2e= 1040.4ms  infer= 1037.9ms  cap=  2.3ms
    t+0   | +0.1642  -0.0412  -0.0799  +0.1880  -0.0513  -0.5719
    t+1   | +0.1839  -0.0403  -0.1191  +0.2087  -0.0240  -0.4646
    t+2   | +0.2247  +0.0013  -0.1965  +0.2346  +0.0422  -0.3599
    t+3   | +0.2541  +0.0629  -0.2516  +0.2561  +0.0474  -0.2127
    t+4   | +0.2514  +0.0361  -0.2264  +0.2465  +0.0535  -0.1421
[12:23:08] #  394 [bench] e2e= 1036.1ms  infer= 1033.1ms  cap=  2.9ms
    t+0   | +0.2367  -0.0161  -0.1183  +0.2627  -0.0172  -0.0913
    t+1   | +0.2792  +0.0321  -0.1841  +0.3346  +0.0036  +0.0152
    t+2   | +0.2550  +0.0639  -0.2812  +0.3498  +0.0219  +0.0929
    t+3   | +0.2264  +0.1001  -0.3107  +0.3986  +0.0155  +0.0435
    t+4   | +0.1838  +0.0832  -0.3122  +0.3687  +0.0132  -0.3138
[12:23:09] #  395 [bench] e2e= 1031.5ms  infer= 1028.2ms  cap=  3.2ms
    t+0   | +0.1910  +0.1418  -0.2204  +0.3048  -0.2435  -0.2281
    t+1   | +0.1882  +0.1259  -0.1952  +0.3041  -0.0702  -0.1746
    t+2   | +0.1545  +0.1305  -0.2209  +0.2932  -0.0929  -0.1406
    t+3   | +0.1505  +0.1762  -0.2428  +0.3074  -0.0090  -0.1225
    t+4   | +0.1551  +0.2349  -0.2961  +0.3587  -0.1090  -0.1242
[12:23:10] #  396 [bench] e2e= 1032.4ms  infer= 1029.6ms  cap=  2.7ms
    t+0   | +0.1463  +0.1841  -0.1078  +0.2473  +0.1502  +0.7543
    t+1   | +0.0390  +0.1459  -0.1606  +0.2038  +0.0830  +0.2793
    t+2   | +0.0252  +0.1119  -0.1901  +0.2230  +0.0761  +0.1328
    t+3   | +0.0611  +0.1012  -0.2240  +0.2590  +0.1135  +0.2447
    t+4   | +0.1002  +0.1192  -0.2454  +0.2953  +0.2265  +0.1307
[12:23:11] #  397 [bench] e2e= 1036.0ms  infer= 1033.5ms  cap=  2.3ms
    t+0   | +0.0585  -0.1289  -0.1133  +0.2218  +0.0083  -0.1833
    t+1   | -0.0495  -0.1848  -0.0924  +0.1887  +0.0387  -0.2820
    t+2   | -0.1157  -0.2240  +0.0008  +0.1307  -0.0036  -0.2893
    t+3   | -0.1008  -0.1895  +0.0255  +0.1357  -0.0312  -0.2300
    t+4   | -0.0543  -0.1806  -0.0095  +0.1581  -0.0494  -0.2350
[12:23:12] #  398 [bench] e2e= 1038.3ms  infer= 1035.8ms  cap=  2.4ms
    t+0   | -0.0085  +0.0781  -0.3600  +0.3350  +0.1062  -0.2959
    t+1   | +0.0386  +0.0739  -0.2828  +0.3095  +0.1136  -0.2522
    t+2   | +0.0360  +0.0476  -0.1993  +0.2587  +0.0936  -0.2163
    t+3   | +0.0279  -0.0086  -0.1369  +0.1988  +0.0659  -0.2674
    t+4   | -0.0363  -0.0284  -0.1379  +0.1648  +0.0627  -0.3492
[12:23:13] #  399 [bench] e2e= 1029.8ms  infer= 1026.7ms  cap=  2.8ms
    t+0   | +0.0690  +0.0816  -0.1541  +0.2030  -0.1680  +0.0168
    t+1   | +0.0700  +0.0423  -0.1245  +0.1863  -0.0919  -0.0074
    t+2   | +0.0652  +0.0548  -0.1953  +0.2035  -0.0843  +0.0404
    t+3   | +0.1138  +0.0672  -0.2280  +0.2238  -0.0761  +0.0244
    t+4   | +0.1099  +0.0748  -0.3071  +0.2683  -0.1122  -0.1613
[12:23:14] #  400 [bench] e2e= 1027.0ms  infer= 1024.5ms  cap=  2.4ms
    t+0   | +0.0841  -0.0534  +0.0236  +0.2129  +0.0843  -0.0280
    t+1   | +0.0884  -0.0255  -0.0176  +0.2424  +0.0149  +0.0208
    t+2   | +0.0823  -0.0140  -0.0554  +0.2419  +0.0250  -0.0476
    t+3   | +0.0617  -0.0263  -0.0182  +0.2104  +0.0509  -0.0948
    t+4   | +0.0818  -0.0137  -0.0091  +0.2387  +0.0458  -0.1000
[12:23:15] #  401 [bench] e2e= 1026.5ms  infer= 1023.7ms  cap=  2.6ms
    t+0   | +0.0219  -0.0346  -0.0692  +0.1951  +0.0351  -0.1294
    t+1   | -0.0350  -0.0160  -0.0695  +0.2031  +0.0045  -0.0600
    t+2   | -0.0420  -0.0307  -0.0581  +0.1900  +0.0058  -0.0414
    t+3   | -0.0213  -0.0516  -0.0516  +0.1904  -0.0011  -0.3037
    t+4   | +0.0543  -0.0379  -0.1007  +0.1950  -0.0142  -0.3625
[12:23:16] #  402 [bench] e2e= 1025.2ms  infer= 1022.5ms  cap=  2.5ms
    t+0   | +0.1194  +0.0576  -0.1069  +0.2570  +0.0425  +0.2403
    t+1   | +0.1388  +0.0316  -0.1351  +0.2590  +0.0985  +0.1020
    t+2   | +0.1387  +0.0188  -0.1637  +0.2764  +0.0530  +0.0113
    t+3   | +0.0805  +0.0160  -0.1803  +0.2736  +0.1630  -0.0584
    t+4   | -0.0252  -0.0204  -0.1258  +0.2596  +0.2025  -0.1279
[12:23:17] #  403 [bench] e2e= 1028.5ms  infer= 1024.9ms  cap=  3.4ms
    t+0   | +0.1613  -0.0880  +0.0235  +0.1944  +0.0820  -0.5587
    t+1   | +0.2134  -0.0426  -0.0190  +0.2206  +0.0115  -0.2496
    t+2   | +0.1740  -0.0414  -0.0003  +0.1955  +0.0234  -0.2393
    t+3   | +0.1645  -0.0532  -0.0445  +0.1794  +0.0739  -0.1700
    t+4   | +0.1641  -0.0343  -0.0853  +0.1883  +0.0953  -0.1221
[12:23:18] #  404 [bench] e2e= 1045.2ms  infer= 1042.3ms  cap=  2.7ms
    t+0   | +0.0638  +0.0596  -0.2152  +0.2761  -0.1731  +0.0896
    t+1   | +0.0698  +0.0777  -0.2319  +0.2713  -0.1653  +0.0848
    t+2   | +0.0712  +0.0831  -0.2281  +0.2455  -0.1931  +0.1597
    t+3   | +0.1017  +0.0993  -0.2069  +0.2406  -0.1988  +0.2980
    t+4   | +0.1286  +0.1879  -0.2090  +0.2864  -0.2486  +0.6582
[12:23:20] #  405 [bench] e2e= 1051.7ms  infer= 1049.0ms  cap=  2.6ms
    t+0   | +0.0829  -0.0838  -0.0583  +0.2129  +0.0438  -0.0980
    t+1   | +0.0195  -0.0818  +0.0064  +0.1556  +0.0591  -0.1192
    t+2   | +0.0177  -0.0954  +0.0538  +0.0961  +0.0350  -0.1397
    t+3   | +0.0188  -0.1046  +0.0660  +0.1277  +0.0422  -0.2416
    t+4   | +0.0364  -0.0960  +0.0301  +0.1708  +0.0640  -0.2130

  [live] after 400 bench steps — e2e mean=1036.6ms  |  max replan freq=0.96 Hz  |  max control freq=4.82 Hz (n_action_steps=5)

[12:23:21] #  406 [bench] e2e= 1039.2ms  infer= 1036.7ms  cap=  2.4ms
    t+0   | +0.2185  +0.0497  -0.2751  +0.3458  -0.1786  +0.1340
    t+1   | +0.2168  +0.1296  -0.5116  +0.4409  -0.1988  +0.1766
    t+2   | +0.1976  +0.1181  -0.4094  +0.3974  -0.1456  +0.0980
    t+3   | +0.1845  +0.0934  -0.3567  +0.3821  -0.0672  +0.0639
    t+4   | +0.1180  +0.0175  -0.2964  +0.3093  -0.0491  -0.5165
[12:23:22] #  407 [bench] e2e= 1043.1ms  infer= 1040.2ms  cap=  2.7ms
    t+0   | +0.0680  -0.0990  +0.0684  +0.1430  -0.0404  -0.2695
    t+1   | +0.0231  +0.0486  -0.1147  +0.2020  -0.0841  +0.3181
    t+2   | +0.0910  +0.1312  -0.2175  +0.2377  -0.1009  +0.6205
    t+3   | +0.1100  +0.1735  -0.2277  +0.2301  -0.0837  +0.5999
    t+4   | +0.0884  +0.1597  -0.2250  +0.2343  -0.0545  +0.5572
[12:23:23] #  408 [bench] e2e= 1044.1ms  infer= 1040.5ms  cap=  3.4ms
    t+0   | +0.1434  -0.0417  -0.0606  +0.2135  +0.0013  -0.3035
    t+1   | +0.1508  -0.0439  -0.0558  +0.2157  +0.0578  -0.2172
    t+2   | +0.1297  -0.0461  -0.0709  +0.2117  +0.1380  -0.0433
    t+3   | +0.1325  -0.0057  -0.1073  +0.2140  +0.1423  +0.1347
    t+4   | +0.1193  +0.0498  -0.1582  +0.2251  +0.0869  -0.0842
[12:23:24] #  409 [bench] e2e= 1034.7ms  infer= 1032.0ms  cap=  2.6ms
    t+0   | +0.1876  +0.0336  -0.1974  +0.2989  -0.0100  -0.2976
    t+1   | +0.2071  +0.0736  -0.2707  +0.3237  +0.0292  -0.2392
    t+2   | +0.1873  +0.1111  -0.3399  +0.3248  +0.0302  -0.1262
    t+3   | +0.1588  +0.0904  -0.2862  +0.2953  -0.0102  -0.0658
    t+4   | +0.1197  +0.0801  -0.2737  +0.2698  +0.0011  -0.0888
[12:23:25] #  410 [bench] e2e= 1041.8ms  infer= 1039.3ms  cap=  2.4ms
    t+0   | +0.0794  -0.0547  -0.0611  +0.2297  -0.0701  +0.2290
    t+1   | +0.0897  -0.0257  -0.0863  +0.2255  -0.0615  +0.0192
    t+2   | +0.1398  +0.0369  -0.0928  +0.2360  -0.0721  -0.0184
    t+3   | +0.1353  +0.0048  -0.0719  +0.2274  -0.0883  +0.0214
    t+4   | +0.1020  +0.0197  -0.0949  +0.2583  -0.0954  +0.0632
[12:23:26] #  411 [bench] e2e= 1039.8ms  infer= 1037.5ms  cap=  2.2ms
    t+0   | +0.2042  +0.0762  -0.1759  +0.2770  +0.1370  -0.1601
    t+1   | +0.0837  +0.0435  -0.2335  +0.2675  +0.1623  -0.1554
    t+2   | +0.0692  +0.0115  -0.3088  +0.2932  +0.0824  -0.1082
    t+3   | +0.1025  +0.0084  -0.3295  +0.2974  +0.0402  -0.1436
    t+4   | +0.1198  +0.0115  -0.3277  +0.2863  +0.0464  -0.1931
[12:23:27] #  412 [bench] e2e= 1036.6ms  infer= 1033.7ms  cap=  2.7ms
    t+0   | +0.0597  -0.0741  -0.0364  +0.1810  -0.0414  -0.1451
    t+1   | +0.0575  -0.0609  -0.0684  +0.1923  -0.0280  -0.1527
    t+2   | +0.0573  -0.0555  -0.1166  +0.1858  -0.0122  -0.2990
    t+3   | +0.0500  -0.0240  -0.1199  +0.2031  -0.0091  -0.2464
    t+4   | -0.0150  -0.0419  -0.1515  +0.2316  +0.0897  -0.2599
[12:23:28] #  413 [bench] e2e= 1025.2ms  infer= 1022.6ms  cap=  2.4ms
    t+0   | +0.1439  -0.0558  -0.0435  +0.2407  +0.0817  -0.3217
    t+1   | +0.1261  -0.1043  +0.0102  +0.2009  +0.0483  -0.6803
    t+2   | +0.1391  -0.0846  -0.0319  +0.2046  -0.0125  -0.4760
    t+3   | +0.1495  -0.0844  -0.0680  +0.2027  -0.0392  -0.6051
    t+4   | +0.1651  -0.0567  -0.0778  +0.2307  -0.0155  -0.4954
[12:23:29] #  414 [bench] e2e= 1028.9ms  infer= 1026.4ms  cap=  2.3ms
    t+0   | +0.1740  +0.2648  -0.5593  +0.5613  -0.2850  +0.5010
    t+1   | +0.1899  +0.1998  -0.3407  +0.4438  -0.1005  +0.2719
    t+2   | +0.2331  +0.2441  -0.3170  +0.4267  -0.1441  +0.4318
    t+3   | +0.2473  +0.2207  -0.2456  +0.3905  -0.0811  +0.2998
    t+4   | +0.1881  +0.1608  -0.2275  +0.4012  -0.0783  +0.1861
[12:23:30] #  415 [bench] e2e= 1032.6ms  infer= 1029.8ms  cap=  2.6ms
    t+0   | +0.2323  +0.0043  -0.1451  +0.2698  -0.0211  +0.0682
    t+1   | +0.2205  +0.0056  -0.1690  +0.2606  -0.0362  -0.0128
    t+2   | +0.2037  +0.0051  -0.1721  +0.2672  -0.0555  -0.0489
    t+3   | +0.1977  -0.0231  -0.1633  +0.2743  -0.0450  +0.0453
    t+4   | +0.2004  -0.0095  -0.1428  +0.2888  +0.0125  +0.1384
[12:23:31] #  416 [bench] e2e= 1036.4ms  infer= 1033.7ms  cap=  2.6ms
    t+0   | +0.1175  -0.0719  -0.1292  +0.2771  -0.0848  -0.1162
    t+1   | +0.0570  -0.0703  -0.1011  +0.2541  -0.0992  -0.0555
    t+2   | -0.1186  -0.0630  -0.1184  +0.1884  -0.1306  +0.0759
    t+3   | -0.1462  +0.0068  -0.1501  +0.1886  -0.1500  +0.2072
    t+4   | -0.1226  +0.0417  -0.1424  +0.2009  -0.1382  +0.2185
[12:23:32] #  417 [bench] e2e= 1032.8ms  infer= 1029.7ms  cap=  3.0ms
    t+0   | +0.1301  -0.0357  -0.1361  +0.2246  -0.0482  +0.0625
    t+1   | +0.0931  -0.0965  -0.0938  +0.1846  -0.0360  +0.0117
    t+2   | +0.0305  -0.0912  -0.0976  +0.1533  -0.0488  -0.0285
    t+3   | +0.0234  -0.0203  -0.1567  +0.1828  -0.0569  +0.0277
    t+4   | +0.0256  +0.0177  -0.1387  +0.2101  -0.0488  +0.0649
[12:23:33] #  418 [bench] e2e= 1065.1ms  infer= 1061.0ms  cap=  3.8ms
    t+0   | +0.0591  -0.0298  -0.0719  +0.1952  -0.0624  -0.0612
    t+1   | +0.0319  +0.0010  -0.0643  +0.1881  -0.0129  -0.0878
    t+2   | +0.0574  -0.0197  -0.0484  +0.1730  +0.0968  -0.1245
    t+3   | +0.1162  -0.0234  -0.0446  +0.1872  +0.0929  -0.1546
    t+4   | +0.1395  -0.0149  -0.0685  +0.1861  +0.1598  -0.1919
[12:23:34] #  419 [bench] e2e= 1028.8ms  infer= 1026.0ms  cap=  2.6ms
    t+0   | +0.1028  -0.1438  -0.0048  +0.1847  -0.0260  -0.5491
    t+1   | +0.0921  -0.0016  -0.1485  +0.2142  +0.0168  -0.5241
    t+2   | +0.0867  +0.0825  -0.2583  +0.1938  +0.0739  -0.4263
    t+3   | +0.1052  +0.2431  -0.3770  +0.2369  +0.1862  -0.1952
    t+4   | +0.1736  +0.2401  -0.3387  +0.2877  +0.1584  -0.0053
[12:23:35] #  420 [bench] e2e= 1036.0ms  infer= 1033.6ms  cap=  2.3ms
    t+0   | +0.1184  +0.0569  -0.2989  +0.3853  +0.2339  -0.7087
    t+1   | +0.1231  +0.1442  -0.3792  +0.3960  +0.2292  -0.5363
    t+2   | +0.1208  +0.1345  -0.3141  +0.3392  +0.1686  -0.3889
    t+3   | +0.0998  +0.1174  -0.2589  +0.2898  +0.1170  -0.3437
    t+4   | +0.0900  +0.1548  -0.2232  +0.3046  +0.0578  -0.3696
[12:23:36] #  421 [bench] e2e= 1030.0ms  infer= 1027.5ms  cap=  2.3ms
    t+0   | +0.1719  +0.0299  -0.1217  +0.2086  -0.0889  -0.2024
    t+1   | +0.0895  -0.0007  -0.1259  +0.1615  -0.1384  +0.0346
    t+2   | +0.0232  +0.0164  -0.1015  +0.1725  -0.0922  +0.0198
    t+3   | +0.0135  +0.0524  -0.1142  +0.2086  -0.0837  +0.1194
    t+4   | -0.0034  +0.0374  -0.1139  +0.2044  -0.1227  +0.1549
[12:23:37] #  422 [bench] e2e= 1032.6ms  infer= 1029.6ms  cap=  2.8ms
    t+0   | +0.1433  +0.1168  -0.1968  +0.2385  +0.0079  -0.5846
    t+1   | +0.1794  +0.0963  -0.2025  +0.2454  -0.0432  -0.2607
    t+2   | +0.1523  +0.0595  -0.1811  +0.2280  -0.0248  -0.1862
    t+3   | +0.1413  -0.0016  -0.0648  +0.1625  +0.0477  +0.0060
    t+4   | +0.1431  +0.0266  -0.0335  +0.1766  +0.0492  +0.0573
[12:23:38] #  423 [bench] e2e= 1026.2ms  infer= 1023.6ms  cap=  2.5ms
    t+0   | +0.0402  +0.0522  -0.2295  +0.2707  -0.0694  -0.4380
    t+1   | +0.0445  +0.0164  -0.1698  +0.2395  -0.0169  -0.5253
    t+2   | +0.0624  -0.0071  -0.1629  +0.2170  -0.0050  -0.5020
    t+3   | +0.0727  -0.0109  -0.1191  +0.2078  +0.0591  -0.6088
    t+4   | +0.1206  -0.0224  -0.0912  +0.2089  +0.0793  -0.4872
[12:23:39] #  424 [bench] e2e= 1029.0ms  infer= 1026.7ms  cap=  2.1ms
    t+0   | +0.1542  +0.0246  -0.1759  +0.2652  +0.0999  +0.1385
    t+1   | +0.1812  +0.0387  -0.2133  +0.2724  +0.0801  +0.1410
    t+2   | +0.1590  +0.0263  -0.2030  +0.2418  +0.0599  +0.0031
    t+3   | +0.1170  +0.0264  -0.2065  +0.2267  +0.1007  -0.1748
    t+4   | +0.0973  +0.0267  -0.2078  +0.2378  +0.0809  -0.1625
[12:23:40] #  425 [bench] e2e= 1033.3ms  infer= 1030.3ms  cap=  2.8ms
    t+0   | +0.1000  -0.0511  -0.0941  +0.2256  +0.0329  -0.3097
    t+1   | +0.0385  -0.1252  -0.1075  +0.2278  +0.0034  -0.3101
    t+2   | +0.0701  -0.1316  -0.1374  +0.2501  -0.0113  -0.2656
    t+3   | +0.1317  -0.0911  -0.1515  +0.2445  -0.0151  -0.1705
    t+4   | +0.0902  -0.0805  -0.1506  +0.2487  -0.0309  -0.0640

  [live] after 420 bench steps — e2e mean=1036.5ms  |  max replan freq=0.96 Hz  |  max control freq=4.82 Hz (n_action_steps=5)

[12:23:41] #  426 [bench] e2e= 1029.1ms  infer= 1026.2ms  cap=  2.8ms
    t+0   | +0.1664  +0.0580  -0.3033  +0.3134  +0.0999  -0.3652
    t+1   | +0.1737  +0.1337  -0.3006  +0.2974  +0.1781  -0.1182
    t+2   | +0.1829  +0.1690  -0.2679  +0.3059  +0.2948  +0.2318
    t+3   | +0.1687  +0.1664  -0.2440  +0.2776  +0.3318  +0.1671
    t+4   | +0.1448  +0.2068  -0.2296  +0.3035  +0.2975  +0.4778
[12:23:42] #  427 [bench] e2e= 1028.3ms  infer= 1025.9ms  cap=  2.2ms
    t+0   | +0.1051  +0.0362  -0.1550  +0.2531  +0.1139  -0.2228
    t+1   | +0.1214  +0.0441  -0.1757  +0.2406  +0.0994  -0.2165
    t+2   | +0.1010  +0.0378  -0.1943  +0.2133  +0.0326  -0.1788
    t+3   | +0.0709  +0.0496  -0.2110  +0.2299  -0.0782  -0.3224
    t+4   | +0.0658  +0.0621  -0.2575  +0.2550  -0.1251  -0.3735
[12:23:43] #  428 [bench] e2e= 1031.8ms  infer= 1029.1ms  cap=  2.6ms
    t+0   | +0.2226  -0.0096  -0.1349  +0.2531  -0.0354  -0.1595
    t+1   | +0.0942  +0.0002  -0.1471  +0.2457  -0.0173  -0.0914
    t+2   | +0.0674  +0.0311  -0.1623  +0.2566  -0.0924  +0.0005
    t+3   | +0.0557  +0.0084  -0.1406  +0.2306  -0.1057  +0.0150
    t+4   | +0.0883  -0.0313  -0.1131  +0.2213  -0.0822  +0.0383
[12:23:44] #  429 [bench] e2e= 1035.8ms  infer= 1033.5ms  cap=  2.1ms
    t+0   | +0.2945  +0.1910  -0.3159  +0.3718  -0.1319  +0.2467
    t+1   | +0.0923  +0.1686  -0.3431  +0.4309  +0.6902  -0.0531
    t+2   | +0.1288  +0.1305  -0.3480  +0.4127  +0.4356  +0.0665
    t+3   | +0.1371  +0.0620  -0.2924  +0.3879  +0.5225  +0.5649
    t+4   | +0.2111  +0.0336  -0.2674  +0.3286  +0.3737  +0.5892
[12:23:45] #  430 [bench] e2e= 1030.9ms  infer= 1028.1ms  cap=  2.6ms
    t+0   | +0.2104  +0.0046  -0.1094  +0.2799  -0.0186  -0.0343
    t+1   | +0.2182  -0.0321  -0.0757  +0.2772  +0.0513  -0.1094
    t+2   | +0.2197  -0.0633  -0.0862  +0.2514  +0.0994  -0.1569
    t+3   | +0.2226  -0.0730  -0.0861  +0.2400  +0.0809  -0.1375
    t+4   | +0.2243  -0.0440  -0.0801  +0.2039  +0.0336  -0.1507
[12:23:46] #  431 [bench] e2e= 1027.2ms  infer= 1024.4ms  cap=  2.6ms
    t+0   | +0.0794  +0.1185  -0.2171  +0.2590  +0.0215  -0.3182
    t+1   | +0.1045  +0.1558  -0.2399  +0.2841  +0.0089  -0.0187
    t+2   | +0.0880  +0.1255  -0.2147  +0.2645  -0.0872  +0.3741
    t+3   | +0.0279  +0.0698  -0.1559  +0.2330  -0.1261  +0.3277
    t+4   | -0.0010  +0.0358  -0.1760  +0.2101  -0.1204  +0.2372
[12:23:47] #  432 [bench] e2e= 1023.3ms  infer= 1020.4ms  cap=  2.8ms
    t+0   | +0.1874  +0.1724  -0.2265  +0.2585  +0.0255  -0.4117
    t+1   | +0.1481  +0.2003  -0.2314  +0.2058  +0.1319  -0.2943
    t+2   | +0.1173  +0.2144  -0.2730  +0.2093  +0.1675  -0.1476
    t+3   | +0.1718  +0.2192  -0.3377  +0.2954  +0.1566  -0.1374
    t+4   | +0.2102  +0.1987  -0.3859  +0.3491  +0.0540  -0.1296
[12:23:48] #  433 [bench] e2e= 1024.9ms  infer= 1022.0ms  cap=  2.7ms
    t+0   | +0.1571  +0.1305  -0.2777  +0.2779  -0.0308  -0.2254
    t+1   | +0.1616  +0.1313  -0.2604  +0.2478  -0.0369  -0.1364
    t+2   | +0.0914  +0.0549  -0.2324  +0.1906  -0.0649  -0.0928
    t+3   | +0.0551  +0.0626  -0.2111  +0.2141  -0.0834  -0.1146
    t+4   | +0.0762  +0.0720  -0.2406  +0.2043  -0.0609  -0.0238
[12:23:49] #  434 [bench] e2e= 1033.3ms  infer= 1030.5ms  cap=  2.7ms
    t+0   | +0.1455  -0.0800  -0.0716  +0.2431  +0.0045  +0.5040
    t+1   | +0.1307  -0.0854  -0.0967  +0.2411  -0.0503  +0.4121
    t+2   | +0.0822  -0.0303  -0.1213  +0.2698  -0.0241  +0.1331
    t+3   | +0.0834  -0.0153  -0.1445  +0.2707  +0.0175  -0.2431
    t+4   | +0.0706  +0.0329  -0.1791  +0.3033  +0.0260  -0.0988
[12:23:51] #  435 [bench] e2e= 1036.6ms  infer= 1034.2ms  cap=  2.3ms
    t+0   | +0.2175  -0.1069  -0.0724  +0.2549  -0.0238  -0.1768
    t+1   | +0.1712  -0.0267  -0.1603  +0.3003  +0.0017  -0.1753
    t+2   | +0.1200  +0.0983  -0.2490  +0.3316  -0.0172  -0.1755
    t+3   | +0.1211  +0.1570  -0.2572  +0.3170  +0.0002  -0.2537
    t+4   | +0.1240  +0.1227  -0.2048  +0.2723  +0.0734  -0.6213
[12:23:52] #  436 [bench] e2e= 1027.5ms  infer= 1024.6ms  cap=  2.7ms
    t+0   | +0.0455  -0.0643  -0.0206  +0.2047  -0.0424  +0.1785
    t+1   | +0.0746  -0.0686  -0.0052  +0.2109  -0.0160  +0.1675
    t+2   | +0.1156  +0.0071  -0.0739  +0.2467  +0.0511  +0.2365
    t+3   | +0.1426  +0.0744  -0.1458  +0.2848  +0.1774  +0.1226
    t+4   | +0.0828  +0.0221  -0.1795  +0.2510  +0.1430  +0.0198
[12:23:53] #  437 [bench] e2e= 1026.2ms  infer= 1023.4ms  cap=  2.7ms
    t+0   | +0.1327  +0.0487  -0.1303  +0.2813  -0.0274  +0.7390
    t+1   | +0.1213  +0.0737  -0.1647  +0.2837  +0.1060  +0.3351
    t+2   | +0.0796  +0.0629  -0.1856  +0.2548  +0.1215  +0.2639
    t+3   | -0.0019  +0.0537  -0.1567  +0.2581  +0.1090  -0.1339
    t+4   | -0.0120  +0.0473  -0.1541  +0.2611  +0.1255  -0.4861
[12:23:54] #  438 [bench] e2e= 1025.8ms  infer= 1022.9ms  cap=  2.8ms
    t+0   | -0.0390  -0.1681  +0.0011  +0.1227  -0.0745  -0.1803
    t+1   | -0.0010  -0.1277  -0.0305  +0.1325  -0.0599  -0.1362
    t+2   | +0.0558  -0.0324  -0.1098  +0.1716  -0.0426  -0.0852
    t+3   | +0.1158  +0.0059  -0.1338  +0.2099  -0.0231  +0.0316
    t+4   | +0.1226  +0.0158  -0.0995  +0.2186  -0.0310  -0.0293
[12:23:55] #  439 [bench] e2e= 1031.2ms  infer= 1028.3ms  cap=  2.7ms
    t+0   | +0.1443  +0.0464  -0.1737  +0.2723  +0.0017  -0.2888
    t+1   | +0.0429  +0.1246  -0.2641  +0.3472  +0.0849  -0.1865
    t+2   | +0.0066  +0.1019  -0.2568  +0.3597  +0.1805  -0.1025
    t+3   | +0.0114  +0.0829  -0.2541  +0.3451  +0.1269  -0.0148
    t+4   | +0.0252  +0.1002  -0.2659  +0.3180  +0.0587  -0.0154
[12:23:56] #  440 [bench] e2e= 1036.3ms  infer= 1033.3ms  cap=  2.8ms
    t+0   | -0.0239  -0.0429  -0.1200  +0.1928  -0.0872  -0.1636
    t+1   | -0.0607  +0.0037  -0.1494  +0.1679  -0.0506  -0.2828
    t+2   | -0.0395  -0.0250  -0.0875  +0.1219  +0.0186  -0.4237
    t+3   | -0.0275  -0.0351  -0.0746  +0.1033  +0.0469  -0.4192
    t+4   | +0.0167  -0.0266  -0.1167  +0.1806  +0.0868  -0.4110
[12:23:57] #  441 [bench] e2e= 1026.3ms  infer= 1022.9ms  cap=  3.2ms
    t+0   | +0.1769  +0.0641  -0.2697  +0.2996  +0.0264  +0.3916
    t+1   | +0.1509  +0.0250  -0.2797  +0.2948  +0.0143  +0.2538
    t+2   | +0.0996  -0.0094  -0.2328  +0.2655  +0.0207  +0.1425
    t+3   | +0.1165  -0.0081  -0.2200  +0.2696  +0.0573  +0.0805
    t+4   | +0.1834  +0.0178  -0.2187  +0.2951  +0.0630  +0.0767
[12:23:58] #  442 [bench] e2e= 1028.4ms  infer= 1025.5ms  cap=  2.8ms
    t+0   | -0.1221  -0.0662  -0.1959  +0.2071  -0.1521  -0.2529
    t+1   | -0.1134  -0.0306  -0.2205  +0.1853  -0.1494  -0.2672
    t+2   | -0.1482  -0.0306  -0.2288  +0.1622  -0.1418  -0.2816
    t+3   | -0.1770  -0.1250  -0.1515  +0.0793  -0.1194  -0.3658
    t+4   | -0.1727  -0.1851  -0.0675  +0.0288  -0.1140  -0.4449
[12:23:59] #  443 [bench] e2e= 1028.8ms  infer= 1025.8ms  cap=  2.8ms
    t+0   | +0.1542  -0.0671  -0.0426  +0.2332  +0.0734  +0.1003
    t+1   | +0.1398  -0.0661  -0.0665  +0.2135  +0.0056  +0.0956
    t+2   | +0.1305  -0.0286  -0.0808  +0.2092  -0.0355  +0.1626
    t+3   | +0.0959  -0.0004  -0.1126  +0.2260  -0.0300  +0.2536
    t+4   | +0.0689  +0.0326  -0.1818  +0.2430  -0.0008  +0.3465
[12:24:00] #  444 [bench] e2e= 1027.2ms  infer= 1024.3ms  cap=  2.7ms
    t+0   | +0.0539  -0.1121  -0.0831  +0.2557  +0.0499  -0.3370
    t+1   | +0.0258  -0.0549  -0.1208  +0.2634  +0.1777  -0.3537
    t+2   | +0.0401  -0.0352  -0.1479  +0.2641  +0.1342  +0.0240
    t+3   | +0.0532  -0.0024  -0.1844  +0.2501  +0.1100  +0.0528
    t+4   | +0.0233  +0.0126  -0.1503  +0.2395  +0.0320  -0.1776
[12:24:01] #  445 [bench] e2e= 1033.0ms  infer= 1030.0ms  cap=  2.8ms
    t+0   | +0.1186  -0.0387  -0.0473  +0.2473  -0.0737  -0.0448
    t+1   | +0.0683  -0.0683  -0.0168  +0.2046  -0.0597  -0.1604
    t+2   | +0.0522  -0.0956  -0.0308  +0.1798  -0.0626  -0.2108
    t+3   | +0.0849  -0.0590  -0.1109  +0.2225  -0.0953  -0.2312
    t+4   | +0.1316  -0.0268  -0.1501  +0.2772  -0.1023  -0.1854

  [live] after 440 bench steps — e2e mean=1036.2ms  |  max replan freq=0.97 Hz  |  max control freq=4.83 Hz (n_action_steps=5)

[12:24:02] #  446 [bench] e2e= 1032.5ms  infer= 1029.6ms  cap=  2.8ms
    t+0   | +0.2368  +0.0705  -0.3064  +0.3384  +0.0668  -0.0020
    t+1   | +0.2236  +0.1091  -0.3334  +0.3491  +0.0524  +0.0939
    t+2   | +0.1958  +0.1043  -0.3139  +0.3777  +0.0321  +0.1089
    t+3   | +0.1548  +0.0835  -0.2984  +0.3752  -0.0061  +0.0630
    t+4   | +0.1234  +0.0448  -0.2989  +0.3462  -0.0366  +0.0234
[12:24:03] #  447 [bench] e2e= 1031.7ms  infer= 1029.3ms  cap=  2.2ms
    t+0   | +0.1607  +0.0179  -0.0935  +0.2421  +0.0576  -0.0550
    t+1   | +0.1085  -0.0106  -0.0844  +0.2199  +0.0710  -0.1368
    t+2   | +0.0643  -0.0545  -0.1001  +0.1989  +0.0574  -0.1891
    t+3   | +0.0599  -0.0636  -0.1142  +0.2048  +0.0391  -0.1726
    t+4   | +0.0593  -0.0344  -0.1082  +0.2340  +0.0600  -0.1434
[12:24:04] #  448 [bench] e2e= 1030.3ms  infer= 1027.4ms  cap=  2.7ms
    t+0   | +0.0645  -0.0444  -0.0668  +0.2561  +0.0918  +0.0878
    t+1   | -0.0722  -0.1031  -0.0632  +0.2778  +0.0158  -0.0948
    t+2   | -0.0969  -0.1434  -0.0509  +0.2703  -0.0415  -0.1778
    t+3   | -0.1037  -0.2438  +0.0450  +0.1863  -0.0453  -0.4916
    t+4   | -0.0766  -0.2691  +0.1550  +0.1387  -0.0502  -0.6561
[12:24:05] #  449 [bench] e2e= 1025.5ms  infer= 1022.7ms  cap=  2.6ms
    t+0   | +0.0206  -0.1738  +0.0324  +0.1542  -0.0997  -0.0487
    t+1   | -0.0751  -0.2187  +0.0729  +0.1040  -0.0533  -0.0636
    t+2   | -0.0613  -0.2343  +0.0163  +0.1115  -0.0104  -0.1185
    t+3   | -0.0231  -0.1963  -0.0107  +0.1641  -0.0235  -0.1582
    t+4   | +0.0117  -0.1611  -0.0417  +0.1957  -0.0535  -0.1235
[12:24:06] #  450 [bench] e2e= 1029.8ms  infer= 1026.8ms  cap=  2.9ms
    t+0   | +0.1486  +0.0220  -0.1401  +0.2447  +0.2717  -0.0191
    t+1   | +0.1334  +0.0463  -0.2546  +0.2596  +0.2768  +0.0895
    t+2   | +0.1107  +0.0342  -0.2769  +0.2395  +0.1776  +0.0667
    t+3   | +0.0554  +0.0168  -0.2607  +0.2596  +0.1002  +0.0334
    t+4   | +0.0279  -0.0515  -0.2571  +0.2288  +0.0880  -0.0792
[12:24:07] #  451 [bench] e2e= 1031.8ms  infer= 1029.1ms  cap=  2.6ms
    t+0   | +0.1454  -0.0049  -0.1953  +0.3184  +0.1949  -0.1601
    t+1   | +0.1996  +0.0825  -0.2458  +0.3395  +0.2222  -0.2100
    t+2   | +0.2431  +0.1035  -0.2388  +0.3275  +0.1777  -0.1347
    t+3   | +0.2377  +0.0750  -0.2238  +0.2972  +0.1122  -0.0438
    t+4   | +0.2061  +0.1219  -0.2603  +0.3119  +0.0933  -0.0147
[12:24:08] #  452 [bench] e2e= 1028.5ms  infer= 1025.7ms  cap=  2.6ms
    t+0   | +0.0256  +0.0719  -0.3874  +0.3133  -0.1880  -0.2040
    t+1   | -0.0371  +0.1456  -0.4167  +0.2789  -0.2011  -0.2381
    t+2   | +0.0023  +0.1579  -0.3305  +0.2509  -0.2006  -0.1477
    t+3   | -0.0166  +0.1575  -0.2970  +0.2283  -0.2204  -0.1176
    t+4   | -0.0085  +0.0966  -0.2345  +0.2285  -0.1699  -0.0754
[12:24:09] #  453 [bench] e2e= 1033.4ms  infer= 1031.1ms  cap=  2.1ms
    t+0   | +0.0716  -0.2159  +0.0885  +0.1183  +0.0967  -0.1811
    t+1   | +0.0059  -0.1918  +0.0788  +0.1174  +0.0665  -0.1727
    t+2   | +0.0152  -0.1478  +0.0215  +0.1258  +0.0014  -0.1169
    t+3   | +0.0506  -0.0862  +0.0045  +0.1665  -0.0062  -0.1000
    t+4   | +0.0750  -0.0458  -0.0913  +0.1998  -0.0103  -0.0414
[12:24:10] #  454 [bench] e2e= 1028.2ms  infer= 1025.4ms  cap=  2.6ms
    t+0   | +0.0366  -0.0006  -0.1109  +0.2244  +0.0392  -0.1853
    t+1   | +0.0387  -0.0041  -0.1124  +0.2058  -0.0125  -0.1509
    t+2   | -0.0146  +0.0164  -0.1294  +0.2005  -0.0142  -0.1337
    t+3   | -0.0333  +0.0278  -0.2292  +0.2149  -0.0442  -0.1163
    t+4   | +0.0258  +0.0251  -0.1993  +0.2545  -0.0605  -0.1111
[12:24:11] #  455 [bench] e2e= 1027.8ms  infer= 1025.0ms  cap=  2.6ms
    t+0   | +0.1453  +0.0067  -0.0116  +0.1862  +0.1332  +0.1257
    t+1   | +0.1036  +0.0553  -0.0723  +0.2063  +0.1304  +0.0501
    t+2   | +0.0876  +0.0556  -0.0716  +0.2345  +0.0708  -0.0033
    t+3   | +0.0011  +0.0074  -0.0414  +0.2244  +0.0860  +0.0737
    t+4   | -0.1581  -0.1368  +0.0233  +0.1827  -0.0980  -0.4209
[12:24:12] #  456 [bench] e2e= 1027.4ms  infer= 1024.5ms  cap=  2.7ms
    t+0   | +0.3625  +0.2273  -0.2307  +0.3594  +0.1429  +0.1260
    t+1   | +0.2822  +0.2796  -0.2887  +0.3623  +0.0980  +0.1324
    t+2   | +0.2756  +0.3061  -0.3382  +0.3876  +0.0509  +0.1483
    t+3   | +0.2974  +0.2789  -0.3299  +0.3497  +0.0249  +0.1131
    t+4   | +0.2793  +0.2138  -0.2819  +0.3401  -0.0135  +0.0520
[12:24:13] #  457 [bench] e2e= 1028.9ms  infer= 1025.4ms  cap=  3.3ms
    t+0   | -0.0037  +0.0031  -0.1169  +0.2186  -0.0996  +0.1386
    t+1   | -0.0922  -0.0129  -0.1500  +0.2251  -0.1333  +0.2038
    t+2   | -0.0563  +0.0129  -0.1822  +0.2839  -0.1667  +0.3262
    t+3   | -0.0041  -0.0169  -0.1566  +0.2765  -0.1259  +0.3132
    t+4   | +0.0160  -0.0284  -0.1442  +0.2734  +0.0115  +0.2805
[12:24:14] #  458 [bench] e2e= 1025.4ms  infer= 1022.7ms  cap=  2.5ms
    t+0   | -0.1426  -0.0690  -0.1653  +0.2401  -0.1333  -0.0967
    t+1   | -0.0893  -0.0604  -0.1368  +0.2188  -0.0696  -0.1516
    t+2   | -0.0962  -0.0510  -0.1867  +0.1762  -0.0396  -0.3095
    t+3   | -0.0922  -0.0572  -0.1646  +0.1599  -0.0124  -0.3544
    t+4   | -0.2826  -0.2047  -0.0703  +0.0463  -0.0729  -0.4043
[12:24:15] #  459 [bench] e2e= 1030.7ms  infer= 1027.9ms  cap=  2.7ms
    t+0   | +0.1730  +0.0094  -0.1345  +0.2826  +0.0529  -0.1000
    t+1   | +0.0796  +0.0663  -0.2547  +0.2768  -0.0668  -0.0713
    t+2   | +0.0935  +0.0982  -0.2902  +0.2931  -0.1099  -0.0202
    t+3   | +0.1291  +0.1563  -0.3410  +0.3081  -0.1267  +0.0428
    t+4   | +0.1645  +0.1655  -0.3457  +0.3130  -0.1294  -0.0066
[12:24:16] #  460 [bench] e2e= 1028.9ms  infer= 1025.3ms  cap=  3.4ms
    t+0   | +0.0828  -0.1120  -0.1155  +0.2341  -0.2648  -0.1693
    t+1   | +0.0239  -0.1078  -0.1096  +0.2049  -0.3613  -0.1584
    t+2   | +0.0094  -0.0571  -0.1841  +0.2136  -0.3133  +0.0480
    t+3   | -0.0306  +0.0101  -0.2468  +0.2430  -0.3549  +0.6080
    t+4   | -0.0076  -0.0148  -0.2329  +0.2350  -0.3071  +0.2248
[12:24:17] #  461 [bench] e2e= 1028.9ms  infer= 1025.9ms  cap=  2.8ms
    t+0   | +0.0208  +0.2564  -0.4917  +0.3820  -0.1163  +0.2374
    t+1   | +0.0425  +0.2119  -0.3720  +0.3297  -0.1125  +0.3305
    t+2   | +0.0021  +0.2201  -0.3275  +0.3184  -0.0229  +0.2631
    t+3   | +0.0096  +0.2335  -0.3619  +0.3521  +0.0569  +0.1995
    t+4   | +0.0365  +0.2298  -0.4475  +0.3868  +0.0747  +0.2108
[12:24:18] #  462 [bench] e2e= 1026.1ms  infer= 1023.2ms  cap=  2.8ms
    t+0   | +0.1392  +0.0088  -0.1558  +0.2420  -0.0777  -0.2141
    t+1   | +0.0513  +0.0266  -0.2376  +0.2317  -0.1140  -0.3085
    t+2   | -0.0226  +0.0437  -0.2702  +0.2111  -0.1354  -0.5213
    t+3   | +0.0319  +0.0512  -0.2466  +0.2300  -0.1345  -0.3318
    t+4   | +0.0941  +0.0581  -0.2209  +0.2564  -0.1150  -0.2313
[12:24:19] #  463 [bench] e2e= 1029.1ms  infer= 1026.1ms  cap=  2.8ms
    t+0   | -0.0260  -0.1934  +0.0555  +0.1238  +0.2771  -0.1949
    t+1   | -0.0382  -0.1613  -0.0042  +0.1265  +0.1781  -0.0858
    t+2   | -0.0471  -0.0879  -0.0785  +0.1263  +0.0741  +0.1334
    t+3   | -0.0379  -0.0507  -0.0980  +0.1598  +0.0230  +0.2817
    t+4   | +0.0361  -0.0263  -0.1073  +0.1370  +0.0325  +0.3310
[12:24:20] #  464 [bench] e2e= 1027.8ms  infer= 1024.8ms  cap=  2.9ms
    t+0   | +0.1841  -0.1202  -0.0501  +0.2654  -0.0467  +0.0930
    t+1   | +0.1299  -0.0750  -0.0691  +0.2744  -0.0593  -0.0175
    t+2   | +0.1230  -0.0336  -0.1144  +0.2878  -0.0560  -0.0410
    t+3   | +0.1724  +0.0333  -0.1664  +0.2880  -0.0585  -0.0478
    t+4   | +0.1581  +0.0640  -0.2048  +0.2702  -0.0719  -0.0302
[12:24:21] #  465 [bench] e2e= 1031.1ms  infer= 1028.0ms  cap=  3.0ms
    t+0   | +0.0183  -0.1070  +0.0466  +0.1660  -0.3644  +0.0882
    t+1   | +0.0020  -0.1193  +0.0332  +0.1531  -0.2547  -0.0552
    t+2   | +0.0403  -0.1063  -0.0293  +0.1807  -0.1941  -0.0357
    t+3   | +0.0383  -0.0157  -0.0573  +0.1939  -0.1723  -0.0276
    t+4   | +0.0506  +0.0402  -0.0950  +0.2174  -0.1436  -0.0632

  [live] after 460 bench steps — e2e mean=1035.9ms  |  max replan freq=0.97 Hz  |  max control freq=4.83 Hz (n_action_steps=5)

[12:24:22] #  466 [bench] e2e= 1029.1ms  infer= 1025.5ms  cap=  3.4ms
    t+0   | +0.2647  +0.2386  -0.5952  +0.4021  +0.0157  +0.1140
    t+1   | +0.2450  +0.1172  -0.3189  +0.2783  +0.0862  +0.0199
    t+2   | +0.1767  +0.0378  -0.2006  +0.2241  +0.0709  -0.1212
    t+3   | -0.0259  -0.0939  -0.0063  +0.1221  +0.0760  -0.1524
    t+4   | -0.0787  -0.1424  +0.0175  +0.1122  +0.0696  -0.1488
[12:24:23] #  467 [bench] e2e= 1028.7ms  infer= 1025.9ms  cap=  2.6ms
    t+0   | +0.0200  -0.0087  -0.1170  +0.2147  -0.2676  -0.0311
    t+1   | +0.0480  -0.0205  -0.0965  +0.1900  -0.1367  -0.1627
    t+2   | +0.0432  -0.0199  -0.1801  +0.2362  -0.0511  -0.1975
    t+3   | +0.0671  -0.0103  -0.1878  +0.2302  -0.0268  -0.1994
    t+4   | +0.0811  -0.0063  -0.1653  +0.2255  -0.0285  -0.0902
[12:24:25] #  468 [bench] e2e= 1035.6ms  infer= 1032.7ms  cap=  2.7ms
    t+0   | +0.0764  -0.1692  +0.0589  +0.1177  -0.0014  +0.0505
    t+1   | +0.0757  -0.1350  +0.0537  +0.1328  +0.0310  +0.0361
    t+2   | +0.1020  -0.0762  +0.0001  +0.1871  +0.0432  +0.0872
    t+3   | +0.0925  -0.0275  -0.0164  +0.1766  +0.0149  +0.0645
    t+4   | +0.0761  -0.0101  -0.0482  +0.1759  -0.0107  +0.1413
[12:24:26] #  469 [bench] e2e= 1033.2ms  infer= 1030.4ms  cap=  2.6ms
    t+0   | +0.1645  +0.0134  -0.0951  +0.2234  +0.1410  +0.2078
    t+1   | +0.1213  +0.0275  -0.1476  +0.2066  +0.0620  +0.2805
    t+2   | +0.0416  +0.0745  -0.2244  +0.2368  +0.0441  +0.1725
    t+3   | +0.0032  +0.1020  -0.2612  +0.2398  +0.0175  +0.2459
    t+4   | -0.0135  +0.1247  -0.2802  +0.2771  -0.0150  +0.4253
[12:24:27] #  470 [bench] e2e= 1032.0ms  infer= 1029.3ms  cap=  2.6ms
    t+0   | +0.1182  -0.0653  -0.1222  +0.2235  +0.1403  -0.6253
    t+1   | +0.0522  -0.0548  -0.1863  +0.2003  +0.2087  -0.6608
    t+2   | +0.0334  -0.0248  -0.2268  +0.1789  +0.2293  -0.6961
    t+3   | +0.0565  -0.0136  -0.2162  +0.1927  +0.1844  -0.6914
    t+4   | +0.0600  +0.0163  -0.2360  +0.2193  +0.1656  -0.6341
[12:24:28] #  471 [bench] e2e= 1028.6ms  infer= 1025.8ms  cap=  2.6ms
    t+0   | +0.0207  -0.0476  -0.0978  +0.2169  -0.1004  -0.0110
    t+1   | -0.0035  -0.0535  -0.1005  +0.1953  -0.0560  -0.1168
    t+2   | +0.0152  -0.0402  -0.1405  +0.2161  -0.0323  -0.1113
    t+3   | +0.0763  +0.0189  -0.1968  +0.2643  -0.0075  -0.0783
    t+4   | +0.1262  +0.0581  -0.2242  +0.2979  +0.0108  -0.0317
[12:24:29] #  472 [bench] e2e= 1028.7ms  infer= 1025.9ms  cap=  2.7ms
    t+0   | +0.2056  +0.1743  -0.3407  +0.3563  -0.1504  -0.5386
    t+1   | +0.1661  +0.1017  -0.2703  +0.3230  -0.1323  -0.4097
    t+2   | +0.0999  +0.0125  -0.2295  +0.2813  -0.1733  -0.3148
    t+3   | +0.0972  -0.0088  -0.2033  +0.2639  -0.1615  -0.3160
    t+4   | +0.0885  +0.0199  -0.1940  +0.2678  -0.1665  -0.2854
[12:24:30] #  473 [bench] e2e= 1028.6ms  infer= 1025.7ms  cap=  2.7ms
    t+0   | +0.0193  +0.0258  -0.2305  +0.2746  -0.0275  -0.2199
    t+1   | -0.0070  -0.0010  -0.2501  +0.2675  -0.0005  -0.1993
    t+2   | -0.0690  +0.0263  -0.3172  +0.2795  +0.0201  -0.1879
    t+3   | -0.0819  +0.0160  -0.3216  +0.2520  +0.0399  -0.1625
    t+4   | -0.0940  +0.0413  -0.3273  +0.2410  +0.0698  -0.1833
[12:24:31] #  474 [bench] e2e= 1030.1ms  infer= 1027.3ms  cap=  2.7ms
    t+0   | +0.1710  +0.0623  -0.1199  +0.2637  +0.0937  -0.2027
    t+1   | +0.1606  +0.0379  -0.1000  +0.2435  +0.0537  -0.1764
    t+2   | +0.1557  +0.0764  -0.1423  +0.2930  +0.0518  -0.1047
    t+3   | +0.1569  +0.0761  -0.1920  +0.2886  +0.0244  -0.0511
    t+4   | +0.1918  +0.0987  -0.1734  +0.3003  -0.0076  -0.0312
[12:24:32] #  475 [bench] e2e= 1023.8ms  infer= 1021.0ms  cap=  2.7ms
    t+0   | +0.1738  +0.0074  -0.1163  +0.2450  +0.0298  +0.1553
    t+1   | +0.1556  +0.0045  -0.0941  +0.1947  +0.0614  +0.0262
    t+2   | +0.1492  +0.0163  -0.0925  +0.1952  -0.0236  -0.0504
    t+3   | +0.1313  +0.0759  -0.1374  +0.2188  -0.1826  -0.0129
    t+4   | +0.0957  +0.0727  -0.1447  +0.2290  -0.1839  +0.0927
[12:24:33] #  476 [bench] e2e= 1035.6ms  infer= 1032.9ms  cap=  2.6ms
    t+0   | -0.1071  -0.0664  -0.2462  +0.2319  -0.0268  -0.1647
    t+1   | -0.1153  -0.0564  -0.3564  +0.2634  +0.0088  -0.2032
    t+2   | -0.1050  -0.1207  -0.2634  +0.2487  +0.0488  -0.4521
    t+3   | -0.1092  -0.1640  -0.1672  +0.2120  +0.1239  -0.4959
    t+4   | -0.1154  -0.1450  -0.1516  +0.2075  +0.1648  -0.3735
[12:24:34] #  477 [bench] e2e= 1031.1ms  infer= 1028.3ms  cap=  2.6ms
    t+0   | +0.1126  -0.0288  -0.1201  +0.2568  -0.0311  -0.0948
    t+1   | +0.0238  +0.0022  -0.1338  +0.2294  -0.0453  -0.0706
    t+2   | -0.0168  +0.0385  -0.1528  +0.2434  -0.0628  -0.0559
    t+3   | -0.0613  -0.0037  -0.1567  +0.2058  -0.1069  -0.0657
    t+4   | -0.0602  -0.0096  -0.1367  +0.2051  -0.1446  -0.0385
[12:24:35] #  478 [bench] e2e= 1030.8ms  infer= 1028.1ms  cap=  2.5ms
    t+0   | +0.1925  +0.0647  -0.2304  +0.3127  -0.0942  +0.0169
    t+1   | +0.2205  +0.0806  -0.2732  +0.3329  +0.0035  +0.0252
    t+2   | +0.2403  +0.0649  -0.2795  +0.3233  +0.0731  -0.0288
    t+3   | +0.1737  +0.0151  -0.2696  +0.2807  +0.1449  -0.1332
    t+4   | +0.1147  +0.0259  -0.2661  +0.3066  +0.1485  -0.2062
[12:24:36] #  479 [bench] e2e= 1026.6ms  infer= 1024.1ms  cap=  2.4ms
    t+0   | +0.2129  +0.0367  -0.1291  +0.2588  -0.1535  +0.3870
    t+1   | +0.2592  +0.1121  -0.1957  +0.2981  -0.1346  +0.5205
    t+2   | +0.2760  +0.1302  -0.2085  +0.3203  -0.1029  +0.5103
    t+3   | +0.3122  +0.1502  -0.2090  +0.3187  -0.1270  +0.2853
    t+4   | +0.3268  +0.2003  -0.2284  +0.3031  -0.1610  +0.1773
[12:24:37] #  480 [bench] e2e= 1027.8ms  infer= 1024.4ms  cap=  3.2ms
    t+0   | +0.1955  +0.1082  -0.2086  +0.2394  +0.2086  -0.1519
    t+1   | +0.0964  +0.1393  -0.2900  +0.1988  +0.2382  -0.2469
    t+2   | +0.0603  +0.0776  -0.2295  +0.1938  +0.1375  -0.4945
    t+3   | +0.0532  +0.0053  -0.1785  +0.1305  +0.1055  -0.5483
    t+4   | +0.0404  +0.0340  -0.1814  +0.1569  +0.0975  -0.3885
[12:24:38] #  481 [bench] e2e= 1028.7ms  infer= 1025.8ms  cap=  2.8ms
    t+0   | +0.1260  +0.0174  -0.1091  +0.2280  +0.0152  -0.2409
    t+1   | +0.0900  -0.0563  -0.0330  +0.1692  -0.0306  -0.5325
    t+2   | +0.0641  -0.1064  -0.0146  +0.1662  -0.0529  -0.5013
    t+3   | +0.0479  -0.0670  -0.0681  +0.1875  -0.0726  -0.4810
    t+4   | +0.0596  -0.0300  -0.1237  +0.1864  -0.1072  -0.4026
[12:24:39] #  482 [bench] e2e= 1046.6ms  infer= 1043.2ms  cap=  3.2ms
    t+0   | +0.2146  -0.1215  -0.0102  +0.2085  -0.0298  -0.0230
    t+1   | +0.2322  -0.1107  +0.0012  +0.2276  +0.1043  +0.1065
    t+2   | +0.2299  -0.1100  -0.0311  +0.2001  +0.0659  +0.0967
    t+3   | +0.1690  -0.1207  -0.0166  +0.1910  -0.0071  +0.0061
    t+4   | +0.0983  -0.0767  -0.0449  +0.2299  -0.1005  +0.0566
[12:24:40] #  483 [bench] e2e= 1034.5ms  infer= 1031.2ms  cap=  3.1ms
    t+0   | +0.2521  +0.0849  -0.1762  +0.2960  -0.1159  +0.1712
    t+1   | +0.2409  +0.0841  -0.1755  +0.3176  -0.0790  +0.2094
    t+2   | +0.2096  +0.0550  -0.2109  +0.3097  -0.0318  +0.2844
    t+3   | +0.2328  +0.0946  -0.2564  +0.3325  +0.0074  +0.3398
    t+4   | +0.2689  +0.1342  -0.2780  +0.3079  +0.0647  +0.3710
[12:24:41] #  484 [bench] e2e= 1032.8ms  infer= 1030.1ms  cap=  2.6ms
    t+0   | +0.1544  +0.0052  -0.1757  +0.2860  -0.2196  +0.2043
    t+1   | +0.1427  +0.0307  -0.1469  +0.2844  -0.1441  +0.1658
    t+2   | +0.0916  +0.0330  -0.1059  +0.2331  -0.0742  -0.0331
    t+3   | +0.0600  +0.0034  -0.1018  +0.2279  -0.0781  -0.1059
    t+4   | +0.0614  -0.0085  -0.0986  +0.2372  -0.1034  -0.0910
[12:24:42] #  485 [bench] e2e= 1034.2ms  infer= 1031.1ms  cap=  2.9ms
    t+0   | +0.1355  +0.0063  -0.1175  +0.2420  -0.0432  +0.0686
    t+1   | +0.1451  +0.0139  -0.1252  +0.1950  -0.0347  +0.1374
    t+2   | +0.0859  +0.0062  -0.0869  +0.1819  -0.0407  +0.2947
    t+3   | +0.0494  -0.0124  -0.0871  +0.2207  -0.1344  +0.6962
    t+4   | +0.0088  +0.0056  -0.0661  +0.2025  -0.1706  +0.8083

  [live] after 480 bench steps — e2e mean=1035.7ms  |  max replan freq=0.97 Hz  |  max control freq=4.83 Hz (n_action_steps=5)

[12:24:43] #  486 [bench] e2e= 1029.4ms  infer= 1026.1ms  cap=  3.1ms
    t+0   | +0.0109  -0.0670  -0.1938  +0.3126  -0.0540  -0.2180
    t+1   | -0.0634  -0.1150  -0.2112  +0.3112  -0.1151  -0.3119
    t+2   | -0.0445  -0.1615  -0.1819  +0.2639  -0.0986  -0.5447
    t+3   | +0.0085  -0.1814  -0.1653  +0.2220  -0.0836  -0.5812
    t+4   | +0.0420  -0.1390  -0.1560  +0.2520  -0.0640  -0.5521
[12:24:44] #  487 [bench] e2e= 1030.9ms  infer= 1027.4ms  cap=  3.3ms
    t+0   | +0.2444  +0.1403  -0.3500  +0.3898  -0.1043  +0.1897
    t+1   | +0.1932  +0.0941  -0.2705  +0.3408  -0.1017  +0.6910
    t+2   | +0.0874  +0.0829  -0.1917  +0.2762  -0.0827  +0.9022
    t+3   | +0.1294  +0.1001  -0.1669  +0.2556  -0.0389  +0.9047
    t+4   | +0.1216  +0.1015  -0.1436  +0.2528  -0.0638  +0.9108
[12:24:45] #  488 [bench] e2e= 1032.8ms  infer= 1029.8ms  cap=  2.8ms
    t+0   | +0.2828  +0.0366  -0.2222  +0.3513  +0.0981  -0.0213
    t+1   | +0.3036  +0.0674  -0.2390  +0.3675  +0.1324  -0.0240
    t+2   | +0.2876  +0.0277  -0.2124  +0.3042  +0.0528  +0.0382
    t+3   | +0.3156  +0.0544  -0.2055  +0.3316  +0.0385  +0.1116
    t+4   | +0.3363  +0.0693  -0.2288  +0.3492  -0.0058  +0.3012
[12:24:46] #  489 [bench] e2e= 1028.6ms  infer= 1025.6ms  cap=  2.8ms
    t+0   | +0.1357  +0.0387  -0.1215  +0.2386  +0.0112  -0.2395
    t+1   | +0.0861  +0.0833  -0.2291  +0.2719  -0.0392  -0.3509
    t+2   | +0.1013  +0.1186  -0.2883  +0.2997  -0.0662  -0.3199
    t+3   | +0.1474  +0.1132  -0.2842  +0.2999  -0.0487  -0.3191
    t+4   | +0.1742  +0.0511  -0.2128  +0.2875  -0.0400  -0.2953
[12:24:47] #  490 [bench] e2e= 1028.0ms  infer= 1025.3ms  cap=  2.6ms
    t+0   | +0.1970  +0.0440  -0.1215  +0.2649  +0.0645  -0.0172
    t+1   | +0.1918  +0.0457  -0.1214  +0.2573  +0.0672  +0.0161
    t+2   | +0.1933  +0.0376  -0.1082  +0.2397  +0.0610  -0.0401
    t+3   | +0.1778  +0.0655  -0.0645  +0.2193  +0.1196  -0.0801
    t+4   | +0.1533  +0.0490  -0.0720  +0.2057  +0.1530  +0.0011
[12:24:48] #  491 [bench] e2e= 1036.7ms  infer= 1033.6ms  cap=  2.9ms
    t+0   | +0.1662  -0.0181  -0.0630  +0.2485  +0.1600  -0.0522
    t+1   | +0.1268  +0.0345  -0.0970  +0.2508  +0.1327  -0.1727
    t+2   | +0.1294  +0.0194  -0.0876  +0.2423  +0.0448  -0.3607
    t+3   | +0.1398  +0.0274  -0.0641  +0.2661  +0.0169  -0.2537
    t+4   | +0.1355  +0.0074  -0.0554  +0.2019  +0.0123  -0.1307
[12:24:49] #  492 [bench] e2e= 1036.4ms  infer= 1033.1ms  cap=  3.1ms
    t+0   | +0.0866  -0.1435  +0.0291  +0.1779  +0.0638  -0.6720
    t+1   | +0.0702  -0.1307  -0.0325  +0.2275  +0.0650  -0.4359
    t+2   | +0.1046  -0.1217  -0.0792  +0.2245  +0.0380  -0.3942
    t+3   | +0.1048  -0.1310  -0.0867  +0.2169  +0.0355  -0.3208
    t+4   | +0.1161  -0.1453  -0.0835  +0.2222  +0.0062  -0.3005
[12:24:50] #  493 [bench] e2e= 1029.8ms  infer= 1027.0ms  cap=  2.6ms
    t+0   | +0.0141  +0.0219  -0.0952  +0.2085  +0.0368  -0.0498
    t+1   | -0.0134  +0.0341  -0.1256  +0.1591  +0.0297  -0.3662
    t+2   | +0.0220  +0.0752  -0.1532  +0.1894  +0.0251  -0.2128
    t+3   | +0.0488  +0.0607  -0.1525  +0.2055  +0.0793  -0.1704
    t+4   | +0.1041  +0.0257  -0.1461  +0.2207  +0.0962  -0.1658
[12:24:51] #  494 [bench] e2e= 1028.8ms  infer= 1026.0ms  cap=  2.6ms
    t+0   | +0.1895  +0.0738  -0.1772  +0.2988  +0.0643  +0.1957
    t+1   | +0.1451  -0.0052  -0.1107  +0.2514  +0.0379  -0.0130
    t+2   | +0.0920  -0.0519  -0.0892  +0.2395  +0.0292  -0.1218
    t+3   | +0.0633  -0.0970  -0.1106  +0.2272  -0.0001  -0.2802
    t+4   | +0.0896  -0.0973  -0.0986  +0.2505  -0.0191  -0.4241
[12:24:52] #  495 [bench] e2e= 1030.1ms  infer= 1027.4ms  cap=  2.6ms
    t+0   | +0.3395  +0.0069  -0.3569  +0.3875  +0.0681  +0.7474
    t+1   | +0.2208  +0.0577  -0.4108  +0.3612  +0.0840  +0.3112
    t+2   | +0.1476  +0.0779  -0.3199  +0.2969  +0.0164  +0.1412
    t+3   | +0.0699  +0.0952  -0.3198  +0.3003  -0.0394  +0.1586
    t+4   | +0.0786  +0.0630  -0.2963  +0.2997  -0.0862  +0.1574
[12:24:53] #  496 [bench] e2e= 1036.7ms  infer= 1034.0ms  cap=  2.6ms
    t+0   | +0.1555  +0.0045  -0.0953  +0.3131  +0.2377  -0.0788
    t+1   | +0.0941  -0.0751  -0.0298  +0.2598  +0.1259  -0.1178
    t+2   | +0.0503  -0.1183  +0.0077  +0.2193  +0.0956  -0.1035
    t+3   | +0.0281  -0.1144  -0.0286  +0.2345  +0.0782  -0.0901
    t+4   | +0.0495  -0.1398  +0.0026  +0.2146  +0.0353  +0.1116
[12:24:54] #  497 [bench] e2e= 1033.4ms  infer= 1030.0ms  cap=  3.2ms
    t+0   | +0.1623  +0.0246  -0.2401  +0.2861  +0.0140  +0.0226
    t+1   | +0.0946  +0.0204  -0.2415  +0.2836  -0.0148  +0.0897
    t+2   | +0.0514  -0.0148  -0.2079  +0.2462  -0.0401  +0.0996
    t+3   | +0.0315  -0.0379  -0.1800  +0.2265  -0.0518  +0.0831
    t+4   | +0.0396  -0.0405  -0.1743  +0.2266  -0.0470  +0.0382
[12:24:56] #  498 [bench] e2e= 1068.5ms  infer= 1065.0ms  cap=  3.3ms
    t+0   | -0.0562  -0.3573  +0.1109  +0.1258  +0.0814  -0.5813
    t+1   | -0.0766  -0.3092  -0.0554  +0.1880  -0.0034  -0.5322
    t+2   | -0.0738  -0.2371  -0.1017  +0.1863  +0.0387  -0.5392
    t+3   | -0.0622  -0.1426  -0.1596  +0.1909  -0.0050  -0.4966
    t+4   | -0.0419  -0.0904  -0.1707  +0.2003  -0.0017  -0.4649
[12:24:57] #  499 [bench] e2e= 1039.6ms  infer= 1036.4ms  cap=  3.0ms
    t+0   | +0.1212  -0.0381  -0.0152  +0.1927  -0.1012  +0.1817
    t+1   | +0.1189  -0.0203  -0.0026  +0.1637  -0.0345  +0.1350
    t+2   | +0.1386  +0.0150  -0.0359  +0.1695  +0.0369  +0.0896
    t+3   | +0.1323  +0.0509  -0.1070  +0.2184  +0.0488  -0.0622
    t+4   | +0.1367  +0.0620  -0.1746  +0.2346  +0.0314  -0.3020
[12:24:58] #  500 [bench] e2e= 1037.8ms  infer= 1034.9ms  cap=  2.7ms
    t+0   | +0.0395  -0.1422  -0.0139  +0.1986  +0.1975  -0.3374
    t+1   | +0.0758  -0.0898  -0.0646  +0.2141  +0.1485  -0.1022
    t+2   | +0.0784  -0.0659  -0.0274  +0.2060  +0.1727  -0.0117
    t+3   | +0.1191  -0.1024  -0.0084  +0.2003  +0.1956  -0.0405
    t+4   | +0.1241  -0.0884  +0.0176  +0.1961  +0.1791  +0.0082
[12:24:59] #  501 [bench] e2e= 1037.1ms  infer= 1033.7ms  cap=  3.2ms
    t+0   | -0.1239  -0.0480  -0.0458  +0.1299  -0.0095  +0.1535
    t+1   | -0.0789  -0.0254  -0.0920  +0.1743  +0.0192  -0.0127
    t+2   | -0.0371  +0.0097  -0.1649  +0.1685  -0.0038  -0.0756
    t+3   | -0.0115  -0.0022  -0.1629  +0.1525  -0.0252  -0.0865
    t+4   | -0.0153  -0.0444  -0.1114  +0.1263  -0.0382  -0.0703
[12:25:00] #  502 [bench] e2e= 1037.3ms  infer= 1034.6ms  cap=  2.6ms
    t+0   | +0.1996  -0.0092  -0.1703  +0.2722  -0.0144  +0.0501
    t+1   | +0.1561  -0.0893  -0.1395  +0.2666  +0.0146  +0.0348
    t+2   | +0.0881  -0.1566  -0.0913  +0.2374  +0.0634  -0.0895
    t+3   | +0.0448  -0.1917  -0.0802  +0.2175  +0.0868  -0.1515
    t+4   | +0.0566  -0.1800  -0.0916  +0.2353  +0.0549  -0.1428
[12:25:01] #  503 [bench] e2e= 1031.9ms  infer= 1029.1ms  cap=  2.6ms
    t+0   | -0.0806  -0.0160  -0.0461  +0.1773  -0.0341  -0.1705
    t+1   | -0.0385  +0.0660  -0.1068  +0.1837  -0.0020  -0.1731
    t+2   | +0.0169  +0.1629  -0.2612  +0.2520  -0.0347  -0.2170
    t+3   | +0.0269  +0.1507  -0.3318  +0.2280  -0.0409  -0.3028
    t+4   | +0.0227  +0.1091  -0.2903  +0.2296  -0.0720  -0.3373
[12:25:02] #  504 [bench] e2e= 1030.6ms  infer= 1027.8ms  cap=  2.6ms
    t+0   | +0.1060  -0.0764  -0.1287  +0.2668  -0.0003  -0.2328
    t+1   | +0.1187  -0.0882  -0.1356  +0.2455  -0.0118  -0.1459
    t+2   | +0.0314  -0.0578  -0.1614  +0.2569  +0.0037  -0.1118
    t+3   | +0.0658  +0.0735  -0.2774  +0.2941  -0.0375  -0.0523
    t+4   | +0.1229  +0.1076  -0.2473  +0.3120  -0.0423  -0.0830
[12:25:03] #  505 [bench] e2e= 1031.0ms  infer= 1028.2ms  cap=  2.6ms
    t+0   | +0.1579  -0.0518  -0.0775  +0.2421  -0.0262  +0.1477
    t+1   | +0.1258  -0.0738  -0.0979  +0.2014  -0.0466  +0.0489
    t+2   | +0.0904  -0.0671  -0.1103  +0.2030  -0.0770  -0.0902
    t+3   | +0.0996  -0.0212  -0.0978  +0.2097  -0.0568  -0.5400
    t+4   | +0.1200  -0.0245  -0.0498  +0.2506  -0.0439  -0.6115

  [live] after 500 bench steps — e2e mean=1035.7ms  |  max replan freq=0.97 Hz  |  max control freq=4.83 Hz (n_action_steps=5)

[12:25:04] #  506 [bench] e2e= 1027.0ms  infer= 1024.2ms  cap=  2.7ms
    t+0   | +0.1278  -0.0335  -0.1544  +0.2911  +0.2544  -0.1976
    t+1   | +0.1485  +0.0177  -0.2580  +0.3149  +0.1705  -0.2072
    t+2   | +0.1436  +0.0432  -0.2253  +0.2691  +0.0825  -0.3722
    t+3   | +0.1057  +0.0798  -0.1984  +0.2292  +0.0399  -0.4569
    t+4   | +0.1462  +0.0858  -0.1812  +0.2205  +0.0316  -0.4035
[12:25:05] #  507 [bench] e2e= 1029.9ms  infer= 1027.1ms  cap=  2.6ms
    t+0   | +0.1606  +0.0223  -0.5682  +0.4909  -0.1255  +0.2827
    t+1   | +0.1362  +0.0221  -0.3241  +0.3513  -0.1058  +0.0922
    t+2   | +0.0453  +0.0416  -0.2598  +0.2995  -0.0957  +0.0738
    t+3   | +0.0622  +0.0408  -0.2439  +0.2813  -0.0876  +0.1062
    t+4   | +0.0712  +0.0520  -0.2345  +0.2681  -0.0650  +0.0673
[12:25:06] #  508 [bench] e2e= 1070.4ms  infer= 1067.3ms  cap=  2.9ms
    t+0   | +0.0808  -0.0258  -0.1302  +0.2692  -0.0756  +0.0230
    t+1   | -0.0234  +0.0581  -0.1883  +0.2971  -0.1465  -0.0109
    t+2   | -0.0196  +0.0406  -0.1814  +0.2681  -0.1579  -0.0416
    t+3   | -0.0067  +0.0444  -0.2171  +0.2359  -0.1434  -0.0881
    t+4   | +0.0312  +0.0458  -0.2503  +0.2397  -0.1374  -0.0256
[12:25:07] #  509 [bench] e2e= 1027.4ms  infer= 1025.1ms  cap=  2.2ms
    t+0   | +0.2049  +0.1922  -0.2444  +0.3000  +0.0821  +0.1186
    t+1   | +0.2015  +0.1275  -0.1819  +0.2829  +0.0400  +0.1280
    t+2   | +0.2010  +0.0687  -0.1400  +0.2875  +0.0041  +0.0525
    t+3   | +0.1668  +0.0311  -0.1361  +0.2555  -0.0254  -0.0011
    t+4   | +0.1371  -0.0107  -0.1088  +0.2496  -0.0320  -0.0487
[12:25:08] #  510 [bench] e2e= 1031.6ms  infer= 1029.3ms  cap=  2.1ms
    t+0   | -0.0704  -0.1562  +0.0170  +0.1687  +0.0711  -0.2759
    t+1   | -0.0264  -0.0551  -0.0421  +0.1813  +0.0047  -0.2017
    t+2   | -0.0140  +0.0389  -0.0634  +0.1986  -0.0564  -0.0841
    t+3   | +0.0089  +0.0441  -0.0934  +0.1961  -0.0396  -0.0437
    t+4   | -0.0291  +0.0467  -0.1307  +0.1803  -0.0731  -0.1210
[12:25:09] #  511 [bench] e2e= 1034.0ms  infer= 1031.7ms  cap=  2.2ms
    t+0   | +0.1238  +0.0306  -0.1255  +0.2262  -0.0718  +0.1582
    t+1   | +0.1038  +0.0008  -0.1395  +0.2212  -0.0469  -0.0173
    t+2   | +0.0500  -0.0078  -0.0940  +0.2264  -0.0526  -0.1215
    t+3   | +0.0172  -0.0879  +0.0212  +0.1893  -0.0175  -0.2633
    t+4   | +0.0536  -0.0925  +0.0258  +0.1986  +0.0064  -0.2211
[12:25:10] #  512 [bench] e2e= 1028.4ms  infer= 1026.1ms  cap=  2.2ms
    t+0   | +0.1824  -0.0135  -0.2034  +0.2828  -0.0671  -0.1893
    t+1   | +0.2103  +0.0020  -0.2515  +0.2954  -0.0090  -0.1814
    t+2   | +0.2187  +0.0254  -0.2191  +0.2652  -0.0278  -0.2150
    t+3   | +0.1811  +0.0153  -0.2247  +0.2414  -0.0336  -0.3668
    t+4   | +0.1363  +0.0266  -0.2582  +0.2144  -0.0465  -0.3839
[12:25:11] #  513 [bench] e2e= 1028.6ms  infer= 1026.2ms  cap=  2.2ms
    t+0   | +0.3016  +0.0493  -0.1283  +0.2866  +0.0233  +0.5145
    t+1   | +0.2595  +0.0545  -0.1283  +0.2821  +0.0899  +0.3799
    t+2   | +0.2049  +0.0672  -0.1136  +0.2783  +0.0599  +0.2334
    t+3   | +0.1756  +0.0991  -0.1268  +0.2847  +0.0705  +0.2688
    t+4   | +0.1872  +0.0586  -0.1372  +0.2669  +0.0442  +0.2366
[12:25:12] #  514 [bench] e2e= 1027.3ms  infer= 1024.8ms  cap=  2.3ms
    t+0   | +0.1875  +0.0300  -0.1796  +0.2885  -0.1263  +0.1237
    t+1   | +0.1002  +0.0272  -0.2219  +0.2852  -0.1474  +0.0919
    t+2   | +0.0292  +0.0253  -0.2441  +0.2577  -0.1330  +0.1799
    t+3   | +0.0323  +0.0149  -0.2172  +0.2338  -0.0981  +0.0961
    t+4   | -0.0386  +0.0211  -0.2031  +0.2198  -0.1009  +0.0003
[12:25:13] #  515 [bench] e2e= 1025.3ms  infer= 1022.9ms  cap=  2.3ms
    t+0   | -0.0463  +0.0176  -0.2066  +0.2115  -0.0607  -0.0590
    t+1   | -0.0654  +0.1010  -0.3563  +0.2418  -0.0666  -0.0629
    t+2   | +0.0175  +0.1331  -0.3723  +0.2601  -0.0264  -0.0614
    t+3   | -0.0139  +0.1592  -0.4266  +0.2957  -0.0282  -0.0884
    t+4   | -0.0337  +0.1700  -0.4651  +0.3141  -0.0533  -0.0477
[12:25:14] #  516 [bench] e2e= 1030.2ms  infer= 1026.9ms  cap=  3.1ms
    t+0   | +0.0841  -0.1318  -0.0494  +0.1847  -0.1070  -0.5789
    t+1   | -0.0196  -0.1582  -0.0886  +0.1740  -0.1580  -0.5837
    t+2   | -0.0191  -0.1463  -0.1135  +0.1695  -0.1578  -0.5215
    t+3   | +0.0193  -0.0785  -0.1499  +0.2016  -0.1297  -0.3227
    t+4   | +0.0058  -0.0610  -0.1673  +0.2116  -0.0642  -0.2886
[12:25:15] #  517 [bench] e2e= 1031.4ms  infer= 1027.9ms  cap=  3.2ms
    t+0   | +0.1450  -0.1604  +0.0348  +0.1951  +0.1803  -0.1592
    t+1   | +0.1545  -0.0737  -0.0411  +0.2553  +0.1346  -0.1245
    t+2   | +0.1680  -0.0251  -0.1298  +0.2672  +0.1108  -0.1205
    t+3   | +0.2154  +0.0473  -0.1634  +0.2708  +0.0441  -0.1113
    t+4   | +0.2206  +0.0703  -0.1585  +0.2787  +0.0474  -0.5218
[12:25:16] #  518 [bench] e2e= 1029.3ms  infer= 1026.2ms  cap=  3.0ms
    t+0   | +0.2331  +0.0365  -0.1596  +0.2815  -0.0949  -0.0203
    t+1   | +0.1873  +0.0713  -0.1535  +0.3004  -0.0642  -0.0287
    t+2   | +0.1318  +0.0523  -0.1136  +0.2950  +0.0568  +0.0563
    t+3   | +0.1057  +0.0190  -0.1026  +0.2878  +0.0406  +0.6114
    t+4   | +0.0578  -0.0222  -0.0657  +0.2776  -0.0008  +0.9452
[12:25:17] #  519 [bench] e2e= 1023.7ms  infer= 1020.9ms  cap=  2.7ms
    t+0   | -0.0876  -0.0716  -0.0952  +0.2463  -0.0289  +0.4129
    t+1   | +0.0312  -0.0404  -0.1213  +0.2647  -0.0471  +0.3888
    t+2   | +0.0413  -0.0219  -0.1268  +0.2234  -0.1633  +0.2348
    t+3   | +0.0266  +0.0424  -0.1731  +0.2431  -0.1704  +0.3619
    t+4   | +0.0047  +0.0459  -0.1971  +0.2712  -0.1622  +0.6436
[12:25:18] #  520 [bench] e2e= 1027.9ms  infer= 1025.3ms  cap=  2.5ms
    t+0   | +0.2298  +0.0332  -0.2576  +0.3740  +0.0316  -0.0609
    t+1   | +0.1615  +0.0288  -0.2571  +0.3596  +0.0526  -0.0764
    t+2   | +0.1414  -0.0371  -0.2346  +0.2999  +0.0516  -0.1414
    t+3   | +0.1633  -0.0110  -0.2421  +0.3363  +0.0669  -0.1502
    t+4   | +0.1829  +0.0254  -0.2580  +0.2952  +0.0677  -0.0774
[12:25:19] #  521 [bench] e2e= 1025.4ms  infer= 1022.7ms  cap=  2.5ms
    t+0   | +0.1882  +0.0537  -0.1438  +0.2774  +0.1195  -0.2332
    t+1   | +0.1049  +0.0342  -0.1310  +0.2362  +0.1455  -0.3834
    t+2   | +0.0327  -0.0618  -0.1003  +0.1679  +0.1368  -0.3806
    t+3   | +0.0001  -0.1342  -0.0189  +0.1632  +0.1446  -0.3917
    t+4   | -0.0336  -0.1367  -0.0077  +0.1860  +0.1178  -0.3825
[12:25:20] #  522 [bench] e2e= 1029.9ms  infer= 1027.1ms  cap=  2.7ms
    t+0   | +0.0449  +0.0024  -0.1058  +0.2069  -0.1288  +0.0071
    t+1   | +0.0138  +0.0705  -0.1563  +0.1939  -0.1734  -0.0939
    t+2   | -0.0477  +0.0725  -0.1764  +0.1515  -0.2489  -0.1641
    t+3   | -0.0899  +0.0946  -0.2590  +0.1843  -0.2965  -0.1682
    t+4   | -0.0206  +0.0827  -0.2694  +0.2496  -0.2274  -0.1479
[12:25:21] #  523 [bench] e2e= 1025.6ms  infer= 1022.6ms  cap=  2.9ms
    t+0   | +0.1952  +0.0456  -0.1877  +0.2769  -0.0564  -0.1718
    t+1   | +0.1555  +0.1568  -0.2979  +0.3122  +0.0845  -0.2446
    t+2   | +0.1310  +0.1150  -0.2385  +0.3008  +0.0873  -0.2643
    t+3   | +0.1070  +0.0672  -0.2232  +0.2801  +0.1163  -0.2784
    t+4   | +0.1170  +0.0518  -0.2248  +0.2922  +0.0907  -0.2809
[12:25:22] #  524 [bench] e2e= 1030.8ms  infer= 1027.9ms  cap=  2.7ms
    t+0   | -0.0176  -0.1841  -0.0259  +0.1782  -0.0758  -0.1371
    t+1   | -0.1509  -0.2264  -0.0048  +0.1103  +0.0154  -0.4717
    t+2   | -0.1255  -0.2430  -0.0313  +0.0848  +0.0172  -0.6724
    t+3   | -0.0591  -0.1943  -0.0137  +0.1060  -0.0135  -0.7205
    t+4   | -0.0181  -0.1322  -0.0435  +0.1245  -0.0249  -0.7497
[12:25:23] #  525 [bench] e2e= 1026.6ms  infer= 1023.8ms  cap=  2.6ms
    t+0   | +0.1842  +0.1669  -0.4162  +0.3413  -0.0226  -0.1481
    t+1   | +0.1949  +0.1818  -0.3726  +0.3168  +0.0322  -0.1229
    t+2   | +0.1323  +0.1302  -0.2923  +0.2417  +0.1357  -0.1634
    t+3   | +0.0930  +0.0984  -0.2836  +0.2374  +0.1339  -0.1793
    t+4   | +0.0662  +0.1091  -0.2767  +0.2445  +0.2274  -0.0545

  [live] after 520 bench steps — e2e mean=1035.5ms  |  max replan freq=0.97 Hz  |  max control freq=4.83 Hz (n_action_steps=5)

[12:25:24] #  526 [bench] e2e= 1027.3ms  infer= 1024.4ms  cap=  2.7ms
    t+0   | +0.0353  -0.1205  -0.0229  +0.1576  -0.0063  -0.2893
    t+1   | +0.0137  -0.1152  -0.0385  +0.1491  -0.0084  -0.1217
    t+2   | -0.0530  -0.2027  +0.0329  +0.0859  -0.0458  -0.0713
    t+3   | -0.0888  -0.1923  +0.0737  +0.1014  -0.0863  -0.0328
    t+4   | -0.1413  -0.2167  +0.0259  +0.0774  -0.2002  -0.0393
[12:25:25] #  527 [bench] e2e= 1022.0ms  infer= 1019.1ms  cap=  2.7ms
    t+0   | +0.0772  -0.0703  -0.1050  +0.2016  +0.0912  -0.5782
    t+1   | +0.0255  -0.0447  -0.2376  +0.2092  +0.0695  -0.6316
    t+2   | +0.0606  -0.0269  -0.2076  +0.2242  +0.0403  -0.6200
    t+3   | +0.0929  +0.0565  -0.2113  +0.2261  +0.0098  -0.4537
    t+4   | +0.1249  +0.0884  -0.2406  +0.2267  -0.0117  -0.4254
[12:25:26] #  528 [bench] e2e= 1032.0ms  infer= 1029.1ms  cap=  2.7ms
    t+0   | +0.1610  -0.1149  -0.0290  +0.2018  +0.0092  -0.0268
    t+1   | +0.1404  -0.1119  -0.0295  +0.2141  +0.0597  +0.1080
    t+2   | +0.1221  -0.0802  -0.0443  +0.2184  +0.0886  +0.1268
    t+3   | +0.0827  -0.0614  -0.0743  +0.1983  +0.0754  +0.0978
    t+4   | +0.0506  -0.0413  -0.0876  +0.1856  +0.0326  +0.1957
[12:25:27] #  529 [bench] e2e= 1029.7ms  infer= 1026.1ms  cap=  3.5ms
    t+0   | -0.1491  -0.2492  +0.1265  +0.0699  +0.0675  -0.5377
    t+1   | -0.1081  -0.2131  +0.0833  +0.0981  +0.0334  -0.4242
    t+2   | -0.0910  -0.1309  +0.0568  +0.1040  +0.0649  -0.1443
    t+3   | -0.0647  -0.0676  +0.0416  +0.1057  +0.1241  +0.0659
    t+4   | -0.0334  -0.0214  +0.0039  +0.1200  +0.1053  +0.1193
[12:25:29] #  530 [bench] e2e= 1045.9ms  infer= 1042.0ms  cap=  3.7ms
    t+0   | +0.1635  +0.0188  -0.1433  +0.3126  +0.0068  -0.0222
    t+1   | +0.1612  +0.0447  -0.1538  +0.3293  +0.0531  +0.0348
    t+2   | +0.1161  +0.0165  -0.1452  +0.2765  +0.1689  -0.0495
    t+3   | +0.1369  +0.0015  -0.1675  +0.2751  +0.2225  +0.0095
    t+4   | +0.1314  +0.0269  -0.1796  +0.3067  +0.2165  -0.0431
[12:25:30] #  531 [bench] e2e= 1028.2ms  infer= 1024.1ms  cap=  4.0ms
    t+0   | +0.2282  -0.0118  -0.0357  +0.1815  -0.1936  +0.1225
    t+1   | +0.2193  +0.0262  -0.0506  +0.2134  -0.1589  +0.0433
    t+2   | +0.1972  +0.0344  -0.0884  +0.2052  -0.1555  -0.0121
    t+3   | +0.1621  +0.0362  -0.1245  +0.2080  -0.1099  -0.0913
    t+4   | +0.1621  +0.0090  -0.0750  +0.1780  -0.0527  -0.1196
[12:25:31] #  532 [bench] e2e= 1028.1ms  infer= 1025.5ms  cap=  2.4ms
    t+0   | +0.0685  -0.0630  -0.1924  +0.2515  -0.0875  -0.3378
    t+1   | +0.1342  -0.0280  -0.2418  +0.2883  -0.0860  -0.2128
    t+2   | +0.1855  -0.0067  -0.2489  +0.3007  -0.0779  -0.2045
    t+3   | +0.1874  -0.0051  -0.2756  +0.2704  -0.0170  -0.2374
    t+4   | +0.1775  -0.0042  -0.3205  +0.2618  +0.0386  -0.2262
[12:25:32] #  533 [bench] e2e= 1031.4ms  infer= 1027.5ms  cap=  3.6ms
    t+0   | +0.1573  +0.0031  -0.1354  +0.2461  -0.1340  +0.1409
    t+1   | +0.1297  -0.0413  -0.0821  +0.2183  -0.1291  +0.0635
    t+2   | +0.1235  -0.0696  -0.0562  +0.1808  -0.1568  +0.0926
    t+3   | +0.0935  -0.0438  -0.0552  +0.1418  -0.1699  +0.1160
    t+4   | +0.0708  -0.0137  -0.0324  +0.1723  -0.1452  +0.1447
[12:25:33] #  534 [bench] e2e= 1029.7ms  infer= 1026.8ms  cap=  2.7ms
    t+0   | -0.0958  -0.1288  +0.1046  +0.0273  +0.0779  +0.0350
    t+1   | -0.0945  -0.1545  +0.1146  +0.0556  +0.1498  -0.0557
    t+2   | -0.0808  -0.1692  +0.0907  +0.1155  +0.1436  -0.1159
    t+3   | -0.0327  -0.1553  +0.0225  +0.1473  +0.1349  -0.0552
    t+4   | -0.0178  -0.0654  -0.0528  +0.1621  +0.1315  +0.0226
[12:25:34] #  535 [bench] e2e= 1032.6ms  infer= 1029.6ms  cap=  2.8ms
    t+0   | +0.1653  +0.0039  -0.1414  +0.2877  +0.2416  -0.1316
    t+1   | +0.1664  +0.0026  -0.2029  +0.2853  +0.2149  -0.1338
    t+2   | +0.1282  -0.0244  -0.1911  +0.2420  +0.2168  -0.3963
    t+3   | +0.1164  -0.0297  -0.1571  +0.2449  +0.1741  -0.2876
    t+4   | +0.1145  -0.0328  -0.1523  +0.2406  +0.1131  -0.1688
[12:25:35] #  536 [bench] e2e= 1028.3ms  infer= 1025.4ms  cap=  2.7ms
    t+0   | +0.0641  -0.1601  +0.0454  +0.1453  +0.0849  -0.1202
    t+1   | -0.0766  -0.1601  +0.0594  +0.0982  +0.2434  -0.1413
    t+2   | -0.0948  -0.1448  -0.0259  +0.1157  +0.1950  -0.1369
    t+3   | -0.0752  -0.0941  -0.1274  +0.1358  +0.1512  -0.1968
    t+4   | -0.0425  -0.0063  -0.2580  +0.2590  +0.0254  -0.2035
[12:25:36] #  537 [bench] e2e= 1026.2ms  infer= 1023.8ms  cap=  2.3ms
    t+0   | +0.0544  +0.0415  -0.1309  +0.2144  -0.2709  +0.1817
    t+1   | +0.0673  +0.0208  -0.1142  +0.2254  -0.2397  +0.1782
    t+2   | +0.1133  -0.0109  -0.1095  +0.2737  -0.2073  +0.0971
    t+3   | +0.0991  -0.0393  -0.1000  +0.2792  -0.1918  -0.0273
    t+4   | +0.0641  -0.0438  -0.0877  +0.2520  -0.1804  -0.0479
[12:25:37] #  538 [bench] e2e= 1032.9ms  infer= 1030.0ms  cap=  2.8ms
    t+0   | +0.1769  +0.1279  -0.2307  +0.2711  +0.0139  +0.2194
    t+1   | +0.1781  +0.1341  -0.2845  +0.2683  -0.0451  +0.2195
    t+2   | +0.1095  +0.1009  -0.3109  +0.2575  -0.0137  +0.1349
    t+3   | +0.1267  +0.0763  -0.2825  +0.2834  -0.0175  +0.1811
    t+4   | +0.1433  +0.0933  -0.2684  +0.3014  -0.0608  +0.1107
[12:25:38] #  539 [bench] e2e= 1029.2ms  infer= 1026.3ms  cap=  2.7ms
    t+0   | +0.0428  +0.1512  -0.2951  +0.3565  -0.0452  +0.3818
    t+1   | -0.0041  +0.1821  -0.3572  +0.3970  -0.0253  +0.6018
    t+2   | +0.0596  +0.1515  -0.3270  +0.3996  -0.0404  +0.8429
    t+3   | +0.0674  +0.1455  -0.2458  +0.3978  -0.0256  +0.8201
    t+4   | +0.0841  +0.0666  -0.1629  +0.3881  -0.0585  +0.8253
[12:25:39] #  540 [bench] e2e= 1031.2ms  infer= 1028.8ms  cap=  2.3ms
    t+0   | +0.0515  +0.0619  -0.2099  +0.2656  +0.0573  -0.1783
    t+1   | +0.1198  +0.1135  -0.2415  +0.2735  +0.0310  -0.1842
    t+2   | +0.1171  +0.1099  -0.2543  +0.2589  -0.0237  -0.1977
    t+3   | +0.0934  +0.0743  -0.2942  +0.2515  -0.0346  -0.1640
    t+4   | +0.1043  +0.0596  -0.2883  +0.2622  -0.0582  -0.1274
[12:25:40] #  541 [bench] e2e= 1026.3ms  infer= 1023.9ms  cap=  2.2ms
    t+0   | +0.1330  +0.1136  -0.2139  +0.2744  -0.0868  +0.0650
    t+1   | +0.1087  +0.1579  -0.2771  +0.2462  -0.1001  +0.1224
    t+2   | +0.1334  +0.1403  -0.2316  +0.2295  -0.0852  +0.0712
    t+3   | +0.1215  +0.1471  -0.2350  +0.2570  -0.0530  +0.0195
    t+4   | +0.0983  +0.1376  -0.2587  +0.2538  -0.0613  -0.0223
[12:25:41] #  542 [bench] e2e= 1034.5ms  infer= 1032.1ms  cap=  2.3ms
    t+0   | +0.2312  +0.0869  -0.4459  +0.4222  +0.0413  -0.0069
    t+1   | +0.2658  +0.0699  -0.4152  +0.3934  +0.0563  +0.0005
    t+2   | +0.2531  +0.0479  -0.3817  +0.3682  +0.0776  -0.0824
    t+3   | +0.2105  +0.0507  -0.3877  +0.3454  +0.0813  -0.1345
    t+4   | +0.2169  +0.0852  -0.3713  +0.3525  +0.0605  -0.1804
[12:25:42] #  543 [bench] e2e= 1029.1ms  infer= 1025.4ms  cap=  3.6ms
    t+0   | +0.0366  -0.0160  -0.0993  +0.2371  -0.0521  -0.0552
    t+1   | +0.0447  -0.0369  -0.0976  +0.2294  -0.0203  +0.1221
    t+2   | +0.0348  -0.0373  -0.1315  +0.2464  -0.0336  +0.1093
    t+3   | +0.0569  -0.0039  -0.1633  +0.2388  -0.0065  +0.1522
    t+4   | +0.0276  +0.0093  -0.1834  +0.1881  +0.0362  +0.1753
[12:25:43] #  544 [bench] e2e= 1035.7ms  infer= 1032.8ms  cap=  2.8ms
    t+0   | +0.2286  +0.0548  -0.2202  +0.2919  -0.1810  +0.0355
    t+1   | +0.1557  +0.0495  -0.2481  +0.2805  -0.1601  -0.0022
    t+2   | +0.0639  +0.0183  -0.2658  +0.2553  -0.1251  -0.0809
    t+3   | +0.1614  +0.0767  -0.4503  +0.3911  -0.0890  -0.1243
    t+4   | +0.2132  +0.0950  -0.4001  +0.4050  -0.0377  +0.0086
[12:25:44] #  545 [bench] e2e= 1026.4ms  infer= 1022.1ms  cap=  3.8ms
    t+0   | -0.0288  -0.1406  -0.0674  +0.1568  -0.0120  -0.4497
    t+1   | +0.0003  -0.1165  -0.0819  +0.1799  +0.0076  -0.2648
    t+2   | +0.0190  -0.0794  -0.1008  +0.1892  +0.0386  -0.1589
    t+3   | +0.0244  -0.1211  -0.0701  +0.1544  +0.0119  -0.1516
    t+4   | +0.0360  -0.1052  -0.0541  +0.1585  -0.0326  -0.1376

  [live] after 540 bench steps — e2e mean=1035.3ms  |  max replan freq=0.97 Hz  |  max control freq=4.83 Hz (n_action_steps=5)

[12:25:45] #  546 [bench] e2e= 1025.5ms  infer= 1022.9ms  cap=  2.4ms
    t+0   | +0.0528  +0.0219  -0.2218  +0.2283  -0.2346  +0.3818
    t+1   | -0.0166  -0.0035  -0.2536  +0.2384  -0.1854  +0.2341
    t+2   | -0.0373  +0.0147  -0.2825  +0.2908  -0.0841  +0.0585
    t+3   | -0.0141  +0.0068  -0.2582  +0.2973  -0.0210  -0.0407
    t+4   | +0.0271  +0.0000  -0.2403  +0.2930  +0.0221  -0.0101
[12:25:46] #  547 [bench] e2e= 1026.1ms  infer= 1023.5ms  cap=  2.5ms
    t+0   | +0.2695  +0.0389  -0.0843  +0.2665  -0.1692  +0.0669
    t+1   | +0.2432  +0.0916  -0.1542  +0.3286  -0.1537  -0.0100
    t+2   | +0.1782  +0.1308  -0.2442  +0.3288  -0.1291  -0.0731
    t+3   | +0.1499  +0.1430  -0.3217  +0.3134  -0.0871  -0.0945
    t+4   | +0.1381  +0.1475  -0.3489  +0.3049  -0.1197  -0.0792
[12:25:47] #  548 [bench] e2e= 1027.1ms  infer= 1024.0ms  cap=  3.0ms
    t+0   | +0.1644  +0.0323  -0.1134  +0.2101  -0.0774  -0.1530
    t+1   | +0.1046  +0.0936  -0.1607  +0.1887  -0.0567  -0.1823
    t+2   | +0.1144  +0.1058  -0.2321  +0.1687  -0.0621  -0.1475
    t+3   | +0.0831  +0.0598  -0.2483  +0.1559  -0.1252  -0.2378
    t+4   | +0.0581  +0.0213  -0.2533  +0.1707  -0.1766  -0.2638
[12:25:48] #  549 [bench] e2e= 1024.4ms  infer= 1021.4ms  cap=  2.8ms
    t+0   | +0.1002  -0.0160  -0.2261  +0.3318  +0.0593  -0.1737
    t+1   | +0.1262  -0.0106  -0.2208  +0.3176  +0.0548  -0.1967
    t+2   | +0.1564  +0.0000  -0.2135  +0.2869  +0.0264  -0.2016
    t+3   | +0.1516  -0.0383  -0.2041  +0.2726  +0.0506  -0.1912
    t+4   | +0.1186  +0.0195  -0.3041  +0.2606  +0.0466  -0.2101
[12:25:49] #  550 [bench] e2e= 1030.8ms  infer= 1028.0ms  cap=  2.7ms
    t+0   | +0.0592  -0.1057  -0.1008  +0.2291  -0.0191  -0.2515
    t+1   | -0.0018  -0.0569  -0.1257  +0.2297  +0.0056  -0.1629
    t+2   | +0.0002  +0.0036  -0.1215  +0.2328  +0.0198  -0.1284
    t+3   | +0.0487  +0.0371  -0.1527  +0.2572  -0.0008  -0.1186
    t+4   | +0.0703  +0.0515  -0.1622  +0.2566  -0.0252  -0.1312
[12:25:50] #  551 [bench] e2e= 1029.7ms  infer= 1027.4ms  cap=  2.1ms
    t+0   | -0.0496  -0.0358  -0.0930  +0.2513  +0.0326  +0.5264
    t+1   | -0.0048  +0.0081  -0.1698  +0.2772  +0.0284  +0.4070
    t+2   | +0.0320  +0.0315  -0.2112  +0.2898  -0.0304  +0.6031
    t+3   | +0.0711  +0.0773  -0.2328  +0.3419  -0.0249  +0.8257
    t+4   | +0.1123  +0.1092  -0.2614  +0.3533  -0.0134  +0.7702
[12:25:51] #  552 [bench] e2e= 1034.3ms  infer= 1032.0ms  cap=  2.1ms
    t+0   | +0.1378  +0.0868  -0.2179  +0.3053  +0.0462  +0.0723
    t+1   | -0.0760  +0.0332  -0.1814  +0.2233  -0.0350  -0.0286
    t+2   | -0.1048  +0.0174  -0.1598  +0.2096  -0.0687  -0.0564
    t+3   | -0.1264  +0.0520  -0.2064  +0.2148  -0.0951  -0.0306
    t+4   | -0.1057  -0.0006  -0.2106  +0.2125  -0.0523  -0.0556
[12:25:52] #  553 [bench] e2e= 1029.9ms  infer= 1026.8ms  cap=  2.9ms
    t+0   | +0.2003  -0.0375  -0.0859  +0.2439  +0.0654  -0.1760
    t+1   | +0.1598  -0.0549  -0.0883  +0.2490  +0.0889  -0.1831
    t+2   | +0.1726  -0.0548  -0.0974  +0.2459  +0.0919  -0.1645
    t+3   | +0.1576  +0.0080  -0.0645  +0.2293  +0.1088  -0.1113
    t+4   | +0.1350  +0.0411  -0.0362  +0.2141  +0.1242  +0.0528
[12:25:53] #  554 [bench] e2e= 1025.6ms  infer= 1021.9ms  cap=  3.6ms
    t+0   | +0.0348  -0.1814  +0.0834  +0.1015  -0.0597  -0.2532
    t+1   | +0.0501  -0.1198  +0.0229  +0.1499  -0.0219  -0.2046
    t+2   | +0.0869  -0.0836  -0.0860  +0.1732  +0.0418  -0.1787
    t+3   | +0.0530  -0.0609  -0.1432  +0.1940  +0.1078  -0.4964
    t+4   | +0.0418  -0.0272  -0.1517  +0.1947  +0.0708  -0.6570
[12:25:54] #  555 [bench] e2e= 1027.7ms  infer= 1024.8ms  cap=  2.7ms
    t+0   | +0.0434  -0.0478  -0.0954  +0.2149  -0.1834  -0.2330
    t+1   | +0.0962  +0.0247  -0.1579  +0.2595  -0.1741  -0.2865
    t+2   | +0.1129  +0.0440  -0.1389  +0.2506  -0.1443  -0.1904
    t+3   | +0.1470  +0.0608  -0.1835  +0.2669  -0.1180  -0.0996
    t+4   | +0.1279  +0.0856  -0.1651  +0.2756  -0.1058  -0.1918
[12:25:55] #  556 [bench] e2e= 1023.8ms  infer= 1021.3ms  cap=  2.3ms
    t+0   | +0.2699  +0.0234  -0.1672  +0.2680  -0.0113  -0.4214
    t+1   | +0.1314  -0.0725  -0.0449  +0.1683  -0.0358  -0.5668
    t+2   | -0.0084  -0.1085  -0.0713  +0.1258  -0.0956  -0.5540
    t+3   | +0.0311  -0.0875  -0.1134  +0.1437  -0.0815  -0.6507
    t+4   | +0.0610  -0.0615  -0.0939  +0.1760  -0.0264  -0.6736
[12:25:56] #  557 [bench] e2e= 1027.8ms  infer= 1025.4ms  cap=  2.3ms
    t+0   | +0.1137  -0.0200  -0.0999  +0.2551  -0.0816  -0.0909
    t+1   | +0.0381  +0.0355  -0.1800  +0.2873  -0.0884  +0.0403
    t+2   | +0.0577  +0.0521  -0.2072  +0.2615  -0.0903  +0.0940
    t+3   | +0.0694  +0.0437  -0.1860  +0.2512  -0.1789  +0.2356
    t+4   | +0.0875  +0.0610  -0.1663  +0.2672  -0.1636  +0.1509
[12:25:57] #  558 [bench] e2e= 1028.6ms  infer= 1025.7ms  cap=  2.7ms
    t+0   | +0.1808  +0.0434  -0.1560  +0.2640  -0.0159  -0.0181
    t+1   | +0.1632  +0.0189  -0.1741  +0.2428  -0.0293  -0.1158
    t+2   | +0.2093  -0.0024  -0.2174  +0.2371  -0.0026  -0.1388
    t+3   | +0.2297  -0.0371  -0.1812  +0.2193  -0.0151  -0.1452
    t+4   | +0.2201  -0.0114  -0.1993  +0.2412  -0.0178  -0.1435
[12:25:58] #  559 [bench] e2e= 1032.0ms  infer= 1029.1ms  cap=  2.7ms
    t+0   | +0.0504  +0.0411  -0.1493  +0.2508  -0.0711  -0.1583
    t+1   | -0.0857  +0.0573  -0.2376  +0.2521  -0.1357  -0.1457
    t+2   | -0.0959  +0.0343  -0.2548  +0.2569  -0.1729  -0.0951
    t+3   | -0.1215  +0.0278  -0.2839  +0.2707  -0.1700  -0.0769
    t+4   | -0.1060  +0.0305  -0.2511  +0.3137  -0.1196  -0.0682
[12:25:59] #  560 [bench] e2e= 1031.9ms  infer= 1028.0ms  cap=  3.7ms
    t+0   | -0.0337  -0.1218  +0.1173  +0.1199  -0.0339  +0.0573
    t+1   | +0.0674  -0.0384  +0.0117  +0.1869  -0.0187  +0.0486
    t+2   | +0.0912  +0.0503  -0.1070  +0.2628  +0.0210  +0.0199
    t+3   | +0.0817  +0.1587  -0.2292  +0.3240  +0.0158  +0.0241
    t+4   | +0.1030  +0.1617  -0.2690  +0.3498  +0.0110  +0.0851
[12:26:00] #  561 [bench] e2e= 1041.5ms  infer= 1038.1ms  cap=  3.1ms
    t+0   | +0.1355  -0.0054  -0.0614  +0.1546  -0.0229  -0.3065
    t+1   | +0.0772  -0.0103  -0.0785  +0.1412  -0.0120  -0.3339
    t+2   | +0.0596  -0.0203  -0.1048  +0.1757  -0.0294  -0.2398
    t+3   | +0.0799  +0.0557  -0.1738  +0.2107  -0.0114  -0.1440
    t+4   | +0.0805  +0.1236  -0.2203  +0.2524  +0.0853  -0.1599
[12:26:02] #  562 [bench] e2e= 1042.1ms  infer= 1039.9ms  cap=  2.0ms
    t+0   | +0.1562  +0.0118  -0.1318  +0.2600  -0.0085  +0.0668
    t+1   | +0.1125  -0.0056  -0.1228  +0.2679  +0.0234  -0.1223
    t+2   | +0.0221  -0.0188  -0.1244  +0.2861  +0.0457  -0.1916
    t+3   | -0.0288  -0.0424  -0.1860  +0.2890  +0.0409  -0.5249
    t+4   | -0.0047  -0.0295  -0.2341  +0.3453  +0.0163  -0.3840
[12:26:03] #  563 [bench] e2e= 1039.9ms  infer= 1036.6ms  cap=  3.1ms
    t+0   | +0.1953  -0.0115  -0.0684  +0.2292  -0.0027  +0.0040
    t+1   | +0.1272  -0.0459  -0.0149  +0.1942  -0.0080  +0.0071
    t+2   | +0.0681  -0.0963  +0.0012  +0.1495  -0.0220  -0.0081
    t+3   | +0.0167  -0.1752  +0.0073  +0.1475  -0.0009  -0.0423
    t+4   | -0.0038  -0.2391  -0.0055  +0.1785  +0.0269  -0.1071
[12:26:04] #  564 [bench] e2e= 1039.3ms  infer= 1036.7ms  cap=  2.4ms
    t+0   | +0.1269  +0.1469  -0.3414  +0.3603  +0.0004  +0.0048
    t+1   | +0.0550  +0.1570  -0.3160  +0.3429  +0.0080  -0.2053
    t+2   | +0.0708  +0.1774  -0.2888  +0.3520  +0.0408  -0.1508
    t+3   | +0.1554  +0.1911  -0.2846  +0.3663  +0.0161  +0.1687
    t+4   | +0.1812  +0.1599  -0.2693  +0.3461  +0.0053  +0.0197
[12:26:05] #  565 [bench] e2e= 1032.7ms  infer= 1029.0ms  cap=  3.4ms
    t+0   | +0.0511  +0.1074  -0.2792  +0.3309  +0.1945  -0.2276
    t+1   | +0.0967  +0.0810  -0.2794  +0.3087  +0.1236  -0.2383
    t+2   | +0.1088  +0.0767  -0.2358  +0.2939  +0.1136  -0.2289
    t+3   | +0.1338  +0.0527  -0.2103  +0.2715  +0.1247  -0.2150
    t+4   | +0.1643  +0.0672  -0.2223  +0.3138  +0.1441  -0.0159

  [live] after 560 bench steps — e2e mean=1035.1ms  |  max replan freq=0.97 Hz  |  max control freq=4.83 Hz (n_action_steps=5)

[12:26:06] #  566 [bench] e2e= 1037.6ms  infer= 1035.3ms  cap=  2.1ms
    t+0   | +0.0522  -0.0756  -0.1113  +0.2305  -0.0072  -0.3818
    t+1   | +0.1501  +0.0142  -0.1635  +0.2575  +0.0086  -0.3315
    t+2   | +0.1910  +0.0439  -0.2146  +0.2638  -0.0178  -0.5172
    t+3   | +0.1934  +0.0203  -0.2261  +0.2725  -0.0410  -0.5287
    t+4   | +0.1890  +0.0592  -0.2818  +0.3237  -0.0541  -0.5682
[12:26:07] #  567 [bench] e2e= 1031.4ms  infer= 1029.0ms  cap=  2.2ms
    t+0   | +0.1235  -0.1670  +0.0167  +0.2110  +0.1566  -0.0360
    t+1   | +0.1204  -0.1939  +0.0079  +0.2231  +0.2718  -0.0701
    t+2   | +0.1521  -0.1221  -0.0560  +0.2700  +0.2410  -0.0719
    t+3   | +0.1378  -0.0451  -0.1026  +0.2799  +0.1771  -0.1209
    t+4   | +0.1061  -0.0113  -0.1352  +0.2787  +0.1431  -0.1200
[12:26:08] #  568 [bench] e2e= 1040.8ms  infer= 1038.5ms  cap=  2.2ms
    t+0   | -0.0153  -0.0545  -0.0443  +0.2276  -0.2646  +0.0129
    t+1   | -0.0334  -0.0021  -0.0879  +0.2373  -0.2765  +0.0414
    t+2   | -0.0334  +0.0174  -0.1158  +0.2571  -0.2600  +0.1075
    t+3   | -0.0297  +0.0274  -0.1418  +0.2615  -0.2016  +0.1638
    t+4   | +0.0324  +0.0607  -0.1896  +0.2857  -0.1737  +0.1303
[12:26:09] #  569 [bench] e2e= 1023.7ms  infer= 1020.4ms  cap=  3.1ms
    t+0   | +0.3103  +0.0838  -0.1363  +0.3642  -0.0926  +1.5584
    t+1   | +0.2922  +0.0623  -0.1301  +0.3618  -0.0757  +1.0963
    t+2   | +0.2597  +0.0118  -0.0817  +0.3009  -0.0896  +0.5516
    t+3   | +0.2215  +0.0357  -0.0879  +0.3004  -0.1338  +0.6604
    t+4   | +0.1841  +0.0528  -0.0798  +0.2982  -0.1639  +0.6160
[12:26:10] #  570 [bench] e2e= 1026.8ms  infer= 1023.5ms  cap=  3.1ms
    t+0   | +0.0593  -0.0977  +0.0105  +0.2225  +0.0686  -0.1880
    t+1   | +0.0516  -0.1551  +0.0608  +0.1977  +0.0340  -0.1225
    t+2   | +0.0108  -0.1962  +0.0727  +0.1657  -0.0283  -0.1396
    t+3   | +0.0159  -0.1896  -0.0008  +0.1609  -0.0420  -0.0420
    t+4   | +0.0028  -0.1382  -0.0982  +0.2172  -0.0520  +0.0064
[12:26:11] #  571 [bench] e2e= 1037.0ms  infer= 1034.1ms  cap=  2.7ms
    t+0   | +0.0828  -0.0857  -0.0416  +0.1842  +0.0046  -0.2154
    t+1   | +0.0626  -0.0937  -0.0500  +0.1810  -0.0438  -0.1205
    t+2   | -0.0648  -0.0243  -0.0947  +0.1868  -0.1742  +0.0889
    t+3   | -0.0079  +0.0204  -0.1378  +0.1827  -0.1340  +0.1277
    t+4   | +0.0320  -0.0075  -0.1480  +0.2289  -0.0987  +0.0056
[12:26:12] #  572 [bench] e2e= 1028.6ms  infer= 1024.5ms  cap=  3.8ms
    t+0   | +0.0778  +0.0020  -0.0836  +0.2506  +0.0280  +0.1563
    t+1   | +0.0243  +0.0543  -0.1147  +0.2606  +0.0096  +0.1832
    t+2   | +0.0142  +0.0633  -0.1564  +0.2669  -0.0378  +0.2725
    t+3   | +0.0440  +0.1108  -0.2005  +0.2485  +0.0056  +0.2914
    t+4   | +0.1438  +0.1159  -0.2428  +0.2470  +0.0502  +0.2791
[12:26:13] #  573 [bench] e2e= 1023.6ms  infer= 1020.3ms  cap=  3.1ms
    t+0   | +0.1314  +0.0314  -0.2548  +0.2574  -0.0779  -0.5977
    t+1   | +0.1191  -0.0107  -0.2196  +0.2098  -0.0587  -0.6872
    t+2   | +0.1261  +0.0168  -0.2807  +0.2393  -0.0588  -0.6928
    t+3   | +0.1493  +0.0175  -0.3022  +0.2497  -0.0344  -0.6287
    t+4   | +0.1826  +0.0147  -0.2860  +0.2679  -0.0259  -0.5906
[12:26:14] #  574 [bench] e2e= 1027.5ms  infer= 1024.7ms  cap=  2.6ms
    t+0   | +0.1368  +0.0935  -0.1628  +0.2866  +0.1385  -0.7171
    t+1   | +0.1245  +0.0353  -0.1100  +0.2674  +0.0923  -0.6377
    t+2   | +0.0551  -0.0231  -0.0697  +0.2124  +0.0415  -0.6161
    t+3   | -0.0087  -0.1108  -0.0065  +0.1742  +0.0395  -0.6400
    t+4   | -0.0046  -0.1728  +0.0385  +0.1627  +0.0582  -0.5791
[12:26:15] #  575 [bench] e2e= 1025.2ms  infer= 1022.3ms  cap=  2.7ms
    t+0   | +0.3048  +0.1686  -0.2622  +0.3541  +0.1781  +0.2630
    t+1   | +0.3073  +0.1502  -0.2713  +0.3472  +0.0634  +0.0957
    t+2   | +0.2593  +0.1934  -0.3082  +0.3483  +0.0558  +0.0233
    t+3   | +0.2139  +0.2235  -0.3003  +0.3621  +0.0533  +0.0283
    t+4   | +0.1765  +0.2491  -0.3145  +0.3944  +0.1002  +0.0266
[12:26:16] #  576 [bench] e2e= 1027.5ms  infer= 1024.4ms  cap=  2.9ms
    t+0   | +0.1581  +0.0508  -0.1901  +0.2972  -0.0144  -0.1226
    t+1   | +0.1114  -0.0221  -0.1208  +0.2459  -0.0595  -0.2774
    t+2   | +0.0783  -0.0389  -0.1357  +0.2439  -0.0951  -0.2037
    t+3   | +0.0317  -0.0833  -0.1368  +0.2276  -0.0465  -0.1326
    t+4   | -0.0050  -0.0053  -0.1730  +0.2520  -0.0730  +0.0464
[12:26:17] #  577 [bench] e2e= 1028.8ms  infer= 1026.1ms  cap=  2.6ms
    t+0   | +0.1062  -0.0373  -0.0082  +0.1726  +0.0428  -0.1611
    t+1   | +0.0920  -0.0550  -0.0142  +0.1407  +0.0140  -0.1283
    t+2   | +0.0623  -0.0665  -0.0049  +0.1931  -0.0437  +0.0441
    t+3   | +0.0039  -0.0955  -0.0196  +0.1861  -0.0348  +0.1958
    t+4   | +0.0013  -0.0808  -0.0579  +0.1923  -0.0302  +0.6079
[12:26:18] #  578 [bench] e2e= 1029.5ms  infer= 1026.7ms  cap=  2.7ms
    t+0   | +0.0085  -0.0177  -0.0749  +0.1865  +0.1178  -0.5516
    t+1   | -0.0211  -0.0532  -0.0652  +0.1798  +0.0665  -0.3026
    t+2   | -0.0306  -0.0617  -0.0825  +0.1812  +0.0413  -0.2337
    t+3   | +0.0081  -0.0933  -0.0870  +0.2061  +0.0622  -0.1664
    t+4   | +0.0199  -0.1389  -0.0516  +0.2053  +0.1032  -0.1905
[12:26:19] #  579 [bench] e2e= 1028.6ms  infer= 1025.3ms  cap=  3.1ms
    t+0   | +0.1940  -0.0343  -0.1432  +0.2756  -0.0209  +0.0682
    t+1   | +0.1154  +0.0205  -0.2540  +0.3033  +0.0521  -0.0024
    t+2   | +0.0992  +0.0412  -0.2880  +0.2875  +0.0285  -0.0612
    t+3   | +0.0866  +0.0169  -0.2618  +0.2881  +0.0097  -0.0847
    t+4   | +0.1161  +0.0321  -0.2098  +0.2814  -0.0187  -0.0552
[12:26:20] #  580 [bench] e2e= 1031.3ms  infer= 1028.4ms  cap=  2.7ms
    t+0   | +0.1154  -0.1581  -0.0541  +0.2088  -0.0881  -0.0582
    t+1   | +0.1389  -0.1192  -0.1468  +0.2393  -0.1592  -0.0059
    t+2   | +0.1089  +0.0289  -0.2443  +0.2612  -0.2333  +0.1260
    t+3   | +0.1656  +0.1159  -0.2628  +0.2569  -0.2001  +0.0744
    t+4   | +0.1824  +0.1429  -0.2784  +0.2277  -0.1792  +0.0448
[12:26:21] #  581 [bench] e2e= 1025.4ms  infer= 1022.3ms  cap=  2.9ms
    t+0   | +0.2014  -0.0428  -0.0435  +0.2731  +0.0242  +0.3467
    t+1   | +0.1017  -0.0379  -0.0565  +0.2475  -0.0145  +0.0658
    t+2   | +0.0688  -0.0549  -0.0590  +0.1998  -0.0113  -0.0048
    t+3   | +0.0985  -0.0754  -0.0176  +0.1593  +0.0661  -0.1331
    t+4   | +0.0955  -0.1267  +0.0550  +0.1216  +0.0914  -0.3081
[12:26:22] #  582 [bench] e2e= 1026.2ms  infer= 1023.2ms  cap=  2.8ms
    t+0   | +0.1685  -0.0731  -0.0207  +0.2159  +0.1853  -0.3303
    t+1   | +0.1718  -0.0685  -0.0488  +0.2353  +0.1483  -0.2123
    t+2   | +0.1320  -0.0967  -0.0934  +0.2283  +0.0868  -0.2086
    t+3   | +0.1328  -0.0691  -0.1118  +0.2660  +0.0563  -0.1558
    t+4   | +0.1900  -0.0499  -0.1236  +0.2827  +0.0602  +0.0463
[12:26:23] #  583 [bench] e2e= 1026.4ms  infer= 1023.6ms  cap=  2.6ms
    t+0   | +0.1484  +0.0282  -0.1971  +0.3040  -0.0054  -0.1733
    t+1   | +0.0556  +0.0141  -0.1976  +0.2658  +0.0243  -0.3639
    t+2   | +0.0048  -0.0510  -0.1725  +0.2294  +0.0216  -0.3602
    t+3   | -0.0010  -0.0349  -0.1571  +0.2325  +0.1229  -0.3465
    t+4   | +0.0358  +0.0620  -0.1776  +0.2441  +0.1447  -0.3005
[12:26:24] #  584 [bench] e2e= 1024.6ms  infer= 1021.9ms  cap=  2.6ms
    t+0   | +0.1431  +0.1133  -0.1427  +0.2695  -0.0383  +0.0734
    t+1   | +0.1343  +0.1960  -0.2127  +0.3031  -0.0854  +0.3392
    t+2   | +0.1450  +0.1783  -0.2150  +0.3113  -0.0131  +0.2266
    t+3   | +0.1858  +0.1352  -0.2199  +0.3765  +0.1454  -0.0086
    t+4   | +0.1789  +0.1185  -0.1932  +0.3728  +0.1652  -0.0572
[12:26:25] #  585 [bench] e2e= 1030.6ms  infer= 1028.0ms  cap=  2.5ms
    t+0   | +0.1044  -0.0618  -0.0971  +0.2296  -0.0103  -0.4306
    t+1   | +0.0739  -0.0838  -0.1341  +0.2049  -0.0237  -0.4206
    t+2   | +0.0302  -0.1159  -0.1354  +0.1838  -0.0603  -0.3592
    t+3   | +0.0326  -0.1154  -0.1707  +0.1802  -0.0625  -0.2892
    t+4   | +0.0652  -0.0816  -0.1629  +0.1788  -0.0302  -0.1304

  [live] after 580 bench steps — e2e mean=1034.9ms  |  max replan freq=0.97 Hz  |  max control freq=4.83 Hz (n_action_steps=5)

[12:26:26] #  586 [bench] e2e= 1041.0ms  infer= 1038.3ms  cap=  2.5ms
    t+0   | +0.1139  -0.0559  -0.0693  +0.2199  +0.0164  -0.1497
    t+1   | +0.0204  -0.1214  -0.0193  +0.1661  +0.0796  -0.1318
    t+2   | +0.0342  -0.1223  -0.0386  +0.1666  +0.0498  -0.1582
    t+3   | +0.0901  -0.0903  -0.0887  +0.2168  +0.0225  -0.2305
    t+4   | +0.1138  -0.0175  -0.1429  +0.2214  +0.0207  -0.0569
[12:26:27] #  587 [bench] e2e= 1029.0ms  infer= 1026.0ms  cap=  2.9ms
    t+0   | +0.1899  +0.0070  -0.2197  +0.2784  -0.0518  -0.4195
    t+1   | +0.2070  +0.0759  -0.3048  +0.3193  -0.0333  -0.2123
    t+2   | +0.1425  +0.1487  -0.3423  +0.3498  -0.0150  +0.1154
    t+3   | +0.1219  +0.1356  -0.2956  +0.3105  -0.0654  +0.4354
    t+4   | +0.0936  +0.1404  -0.2990  +0.3151  -0.1396  +0.6517
[12:26:28] #  588 [bench] e2e= 1033.3ms  infer= 1030.3ms  cap=  2.8ms
    t+0   | +0.2295  +0.0546  -0.2677  +0.3640  -0.0858  +0.0702
    t+1   | +0.2687  +0.0485  -0.2301  +0.3338  -0.1270  +0.2397
    t+2   | +0.2466  +0.0441  -0.1700  +0.2871  -0.1159  +0.1090
    t+3   | +0.2097  +0.0523  -0.1463  +0.2384  -0.0751  -0.0322
    t+4   | +0.1954  +0.0626  -0.1488  +0.2550  -0.0988  -0.1229
[12:26:29] #  589 [bench] e2e= 1034.8ms  infer= 1031.4ms  cap=  3.2ms
    t+0   | +0.0474  -0.0811  -0.0651  +0.2790  -0.0988  -0.1085
    t+1   | +0.0018  -0.0288  -0.1646  +0.3317  -0.1004  -0.0464
    t+2   | -0.0021  -0.0146  -0.2516  +0.3397  -0.0887  +0.0051
    t+3   | +0.0019  -0.0317  -0.2961  +0.3549  -0.0696  -0.0453
    t+4   | +0.0103  +0.0140  -0.3561  +0.3849  -0.0818  -0.1302
[12:26:30] #  590 [bench] e2e= 1027.8ms  infer= 1025.0ms  cap=  2.6ms
    t+0   | +0.0545  -0.0409  -0.1647  +0.2776  -0.0279  -0.4475
    t+1   | -0.1117  -0.0510  -0.2283  +0.2740  -0.0375  -0.3772
    t+2   | -0.0619  -0.0980  -0.1785  +0.2101  -0.0822  -0.2769
    t+3   | -0.0559  -0.0808  -0.2161  +0.1929  -0.1447  -0.3083
    t+4   | +0.0083  -0.0239  -0.2474  +0.2487  -0.1284  -0.2938
[12:26:31] #  591 [bench] e2e= 1025.4ms  infer= 1022.6ms  cap=  2.7ms
    t+0   | +0.1006  -0.1165  -0.0381  +0.1533  -0.0396  -0.6901
    t+1   | +0.1362  -0.1379  -0.0324  +0.1355  -0.0350  -0.7199
    t+2   | +0.1720  -0.1294  -0.0389  +0.1739  +0.0402  -0.7031
    t+3   | +0.2085  -0.0958  -0.0607  +0.1630  +0.0491  -0.6721
    t+4   | +0.1735  -0.0407  -0.0866  +0.1484  -0.0459  -0.5530
[12:26:32] #  592 [bench] e2e= 1027.9ms  infer= 1025.1ms  cap=  2.6ms
    t+0   | +0.1865  +0.1020  -0.1801  +0.3134  -0.0445  -0.2080
    t+1   | +0.2328  +0.1536  -0.2178  +0.3587  -0.0050  -0.1865
    t+2   | +0.1523  +0.0781  -0.1469  +0.2684  -0.0001  -0.2100
    t+3   | +0.0968  +0.0229  -0.0626  +0.2067  -0.0284  -0.1638
    t+4   | +0.0328  +0.0263  -0.0194  +0.1935  -0.0531  -0.2685
[12:26:33] #  593 [bench] e2e= 1026.7ms  infer= 1023.2ms  cap=  3.3ms
    t+0   | +0.2114  -0.0366  -0.1314  +0.2474  -0.0463  +0.0577
    t+1   | +0.1366  -0.1030  -0.0806  +0.1786  +0.0318  +0.0321
    t+2   | +0.0803  -0.0990  -0.0729  +0.1799  +0.0089  +0.0592
    t+3   | +0.0075  -0.0769  -0.0718  +0.1998  +0.0272  +0.0757
    t+4   | -0.0354  -0.0856  -0.0301  +0.1947  -0.0009  +0.5579
[12:26:35] #  594 [bench] e2e= 1034.4ms  infer= 1031.6ms  cap=  2.6ms
    t+0   | +0.1855  +0.0370  -0.2046  +0.2950  -0.1211  +0.0320
    t+1   | +0.1543  +0.0005  -0.1916  +0.2770  -0.1107  -0.0501
    t+2   | +0.0622  -0.0796  -0.1400  +0.2251  +0.0063  -0.1438
    t+3   | +0.0369  -0.1003  -0.1170  +0.2101  +0.0208  -0.2168
    t+4   | +0.0108  -0.0949  -0.0973  +0.2272  +0.0727  -0.2906
[12:26:36] #  595 [bench] e2e= 1033.9ms  infer= 1031.0ms  cap=  2.8ms
    t+0   | +0.0769  +0.0191  -0.3178  +0.2452  -0.1541  -0.3127
    t+1   | +0.0556  +0.0062  -0.2380  +0.2135  -0.1161  -0.3081
    t+2   | +0.0244  -0.0632  -0.1287  +0.1868  -0.0614  -0.3051
    t+3   | -0.0468  -0.1099  -0.0706  +0.1234  -0.0470  -0.4228
    t+4   | -0.0283  -0.1113  -0.0579  +0.1107  -0.0500  -0.4374
[12:26:37] #  596 [bench] e2e= 1032.3ms  infer= 1029.4ms  cap=  2.7ms
    t+0   | +0.2364  +0.1387  -0.3791  +0.4494  +0.2538  -0.2115
    t+1   | +0.1957  +0.1142  -0.3062  +0.4009  +0.1499  -0.1478
    t+2   | +0.1651  +0.1002  -0.3022  +0.3816  +0.0600  -0.0850
    t+3   | +0.1646  +0.0650  -0.2802  +0.3874  -0.0156  +0.0919
    t+4   | +0.1888  +0.0882  -0.2878  +0.4082  -0.0079  +0.0333
[12:26:38] #  597 [bench] e2e= 1033.0ms  infer= 1030.6ms  cap=  2.2ms
    t+0   | +0.1453  -0.0094  -0.0593  +0.2550  -0.0632  +0.6460
    t+1   | +0.1237  -0.0135  -0.0589  +0.2165  -0.0643  +0.4893
    t+2   | +0.1012  +0.0062  -0.0807  +0.2381  -0.0934  +0.3677
    t+3   | +0.0509  -0.0008  -0.1509  +0.2595  -0.1211  +0.2449
    t+4   | +0.0802  +0.0110  -0.1908  +0.2968  -0.1265  +0.2532
[12:26:39] #  598 [bench] e2e= 1029.1ms  infer= 1026.9ms  cap=  2.0ms
    t+0   | +0.3546  +0.0735  -0.1902  +0.3651  +0.2750  -0.2989
    t+1   | +0.3314  +0.0922  -0.1834  +0.3563  +0.2093  -0.1552
    t+2   | +0.2937  +0.1068  -0.1933  +0.3411  +0.1622  -0.0998
    t+3   | +0.2731  +0.1163  -0.2072  +0.3222  +0.1143  -0.1553
    t+4   | +0.2832  +0.1430  -0.2645  +0.3284  +0.0743  -0.1810
[12:26:40] #  599 [bench] e2e= 1035.1ms  infer= 1032.7ms  cap=  2.3ms
    t+0   | +0.1823  +0.0808  -0.2372  +0.3717  +0.0785  +0.0391
    t+1   | +0.1491  +0.0823  -0.1975  +0.3464  +0.0734  +0.1142
    t+2   | +0.1371  +0.0454  -0.1577  +0.2990  +0.0420  -0.0107
    t+3   | +0.1613  +0.0859  -0.1422  +0.3087  +0.0044  -0.0320
    t+4   | +0.1746  +0.0977  -0.1458  +0.3049  +0.0087  -0.0154
[12:26:41] #  600 [bench] e2e= 1033.8ms  infer= 1031.5ms  cap=  2.2ms
    t+0   | +0.1931  +0.0784  -0.2013  +0.3020  -0.0455  +0.1237
    t+1   | +0.2206  +0.1258  -0.2745  +0.3367  -0.0230  +0.0756
    t+2   | +0.2362  +0.1824  -0.3302  +0.3457  -0.0092  +0.1366
    t+3   | +0.2483  +0.2086  -0.3198  +0.3522  -0.0384  +0.0691
    t+4   | +0.2276  +0.1836  -0.2899  +0.3295  -0.0743  -0.1287
[12:26:42] #  601 [bench] e2e= 1034.2ms  infer= 1032.0ms  cap=  2.1ms
    t+0   | +0.1416  -0.0601  -0.1388  +0.2724  -0.0299  -0.0007
    t+1   | +0.1311  -0.0724  -0.1179  +0.2505  +0.0265  -0.0426
    t+2   | +0.1174  -0.0865  -0.1311  +0.2637  -0.0006  +0.0170
    t+3   | +0.0891  -0.0845  -0.1429  +0.2588  +0.0654  +0.0214
    t+4   | +0.0822  -0.0841  -0.1177  +0.2601  +0.0385  -0.0478
[12:26:43] #  602 [bench] e2e= 1034.1ms  infer= 1031.9ms  cap=  2.0ms
    t+0   | +0.1670  -0.0183  -0.1619  +0.3246  +0.1531  -0.0197
    t+1   | +0.0972  +0.0495  -0.1776  +0.3531  +0.1347  -0.2534
    t+2   | +0.1160  +0.0960  -0.2267  +0.4297  +0.1096  -0.3788
    t+3   | +0.1221  +0.1355  -0.3117  +0.4534  +0.0603  -0.0398
    t+4   | +0.1769  +0.1936  -0.4289  +0.5054  +0.0900  -0.0983
[12:26:44] #  603 [bench] e2e= 1031.9ms  infer= 1029.2ms  cap=  2.6ms
    t+0   | +0.0833  -0.0493  -0.1419  +0.2152  +0.0917  -0.6782
    t+1   | +0.0773  +0.0092  -0.2166  +0.2256  +0.0983  -0.7122
    t+2   | +0.0651  +0.0682  -0.2746  +0.2452  +0.0678  -0.5846
    t+3   | +0.0674  +0.0971  -0.2993  +0.2651  +0.0291  -0.1784
    t+4   | -0.0297  +0.1378  -0.3480  +0.2736  -0.0179  -0.0009
[12:26:45] #  604 [bench] e2e= 1028.8ms  infer= 1025.9ms  cap=  2.6ms
    t+0   | +0.2571  +0.1452  -0.2613  +0.3318  -0.1598  -0.3277
    t+1   | +0.2200  +0.1196  -0.2529  +0.3213  -0.1228  -0.2405
    t+2   | +0.1778  +0.1028  -0.2414  +0.3099  -0.0527  -0.1321
    t+3   | +0.0568  +0.0129  -0.1573  +0.2517  +0.2620  -0.1708
    t+4   | +0.0458  +0.0111  -0.1523  +0.2331  +0.1613  -0.2101
[12:26:46] #  605 [bench] e2e= 1027.1ms  infer= 1024.3ms  cap=  2.6ms
    t+0   | +0.0833  +0.0275  -0.2811  +0.3183  -0.1200  -0.1825
    t+1   | +0.1460  +0.0856  -0.2810  +0.2964  -0.1378  -0.2392
    t+2   | +0.1750  +0.0827  -0.2629  +0.2812  -0.1359  -0.2673
    t+3   | +0.1609  +0.0457  -0.2096  +0.2630  -0.1220  -0.2764
    t+4   | +0.1559  +0.0144  -0.1790  +0.2235  -0.1056  -0.2605

  [live] after 600 bench steps — e2e mean=1034.8ms  |  max replan freq=0.97 Hz  |  max control freq=4.83 Hz (n_action_steps=5)

[12:26:47] #  606 [bench] e2e= 1031.5ms  infer= 1029.3ms  cap=  2.1ms
    t+0   | +0.1841  +0.0541  -0.1025  +0.2056  -0.0601  -0.0645
    t+1   | +0.1793  +0.0374  -0.0585  +0.1910  -0.0392  -0.1141
    t+2   | +0.1491  +0.0015  -0.0738  +0.1493  -0.0169  -0.0696
    t+3   | +0.1108  -0.0264  -0.0842  +0.1543  -0.0260  -0.0242
    t+4   | +0.1344  -0.0003  -0.0538  +0.1875  -0.0323  +0.0533
[12:26:48] #  607 [bench] e2e= 1028.7ms  infer= 1025.9ms  cap=  2.7ms
    t+0   | -0.0925  -0.0314  -0.2246  +0.2134  -0.1316  -0.2472
    t+1   | -0.0505  -0.0440  -0.1663  +0.1746  -0.0547  -0.4893
    t+2   | -0.0043  -0.0769  -0.1155  +0.1536  -0.0452  -0.6243
    t+3   | +0.0737  -0.0837  -0.0922  +0.1473  -0.0813  -0.7232
    t+4   | +0.0860  -0.0572  -0.0786  +0.1176  -0.1162  -0.7327
[12:26:49] #  608 [bench] e2e= 1047.8ms  infer= 1044.4ms  cap=  3.3ms
    t+0   | +0.1475  +0.0701  -0.1545  +0.2810  -0.0380  +0.0844
    t+1   | +0.1207  +0.0170  -0.1366  +0.2790  -0.0343  -0.0351
    t+2   | +0.2048  +0.0393  -0.1321  +0.3195  +0.0070  -0.1302
    t+3   | +0.2716  +0.0356  -0.1270  +0.3008  +0.0542  -0.0771
    t+4   | +0.2722  +0.0396  -0.1411  +0.2785  +0.0301  -0.1052
[12:26:50] #  609 [bench] e2e= 1039.6ms  infer= 1037.2ms  cap=  2.2ms
    t+0   | +0.0721  -0.0172  -0.0764  +0.2094  +0.0187  +0.0219
    t+1   | -0.0535  -0.0302  -0.0610  +0.1838  +0.0320  -0.0013
    t+2   | -0.0539  -0.0160  -0.0872  +0.2012  +0.0217  -0.0088
    t+3   | -0.0302  -0.0086  -0.1299  +0.2499  +0.0486  -0.0232
    t+4   | -0.0120  +0.0076  -0.1352  +0.2655  +0.0590  -0.0476
[12:26:51] #  610 [bench] e2e= 1053.5ms  infer= 1051.1ms  cap=  2.2ms
    t+0   | +0.1959  +0.0317  -0.1456  +0.2682  +0.0091  -0.0220
    t+1   | +0.2057  +0.0422  -0.1448  +0.2511  +0.0261  -0.1828
    t+2   | +0.2011  +0.0608  -0.1400  +0.2220  +0.0510  -0.6184
    t+3   | +0.1903  +0.1212  -0.1488  +0.2536  +0.0790  -0.6128
    t+4   | +0.1723  +0.1198  -0.2156  +0.2498  +0.0651  -0.6596
[12:26:52] #  611 [bench] e2e= 1055.5ms  infer= 1052.7ms  cap=  2.6ms
    t+0   | +0.0246  +0.1338  -0.3046  +0.3142  -0.0631  -0.0391
    t+1   | +0.0618  +0.0767  -0.2595  +0.2955  -0.1042  -0.0114
    t+2   | +0.0793  +0.0498  -0.2487  +0.2899  -0.1317  +0.0259
    t+3   | +0.0711  -0.0001  -0.1931  +0.2385  -0.1320  +0.1772
    t+4   | +0.0554  -0.0312  -0.1564  +0.2432  -0.0992  +0.2136
[12:26:53] #  612 [bench] e2e= 1045.2ms  infer= 1042.9ms  cap=  2.2ms
    t+0   | +0.0729  -0.0408  -0.0052  +0.1741  -0.1643  +0.0096
    t+1   | +0.0529  -0.0378  +0.0259  +0.1451  -0.1853  -0.0446
    t+2   | +0.0411  -0.0158  +0.0093  +0.1375  -0.1914  -0.0610
    t+3   | +0.0284  -0.0139  -0.0162  +0.1548  -0.1454  -0.1347
    t+4   | +0.0629  +0.0118  -0.0411  +0.1661  -0.1139  -0.1260
[12:26:54] #  613 [bench] e2e= 1049.6ms  infer= 1047.2ms  cap=  2.2ms
    t+0   | +0.2101  +0.2699  -0.4639  +0.4558  +0.3607  -0.1142
    t+1   | +0.1760  +0.2633  -0.4569  +0.4365  +0.1203  -0.0238
    t+2   | +0.1840  +0.2411  -0.4373  +0.4128  +0.1147  -0.0657
    t+3   | +0.1607  +0.2009  -0.3871  +0.3678  +0.0327  -0.0592
    t+4   | +0.0518  +0.1612  -0.3415  +0.3428  -0.0133  -0.0644
[12:26:55] #  614 [bench] e2e= 1054.7ms  infer= 1052.6ms  cap=  2.0ms
    t+0   | +0.0469  -0.0763  -0.0608  +0.1744  -0.1151  -0.0334
    t+1   | -0.0806  -0.1346  -0.0514  +0.1362  -0.1178  -0.0884
    t+2   | -0.1010  -0.1012  -0.1006  +0.1560  -0.1199  -0.1775
    t+3   | -0.0839  -0.0511  -0.1100  +0.1609  -0.1242  -0.1086
    t+4   | -0.1124  -0.0101  -0.1232  +0.1287  -0.1168  -0.0659
[12:26:56] #  615 [bench] e2e= 1039.2ms  infer= 1036.5ms  cap=  2.5ms
    t+0   | +0.0729  -0.1241  -0.0683  +0.2200  -0.1981  -0.3587
    t+1   | +0.0541  -0.1477  -0.1437  +0.2586  -0.2769  -0.4190
    t+2   | +0.0421  -0.1511  -0.1854  +0.2452  -0.2813  -0.3945
    t+3   | -0.0147  -0.1629  -0.2011  +0.2115  -0.2692  -0.3730
    t+4   | -0.0454  -0.1083  -0.2549  +0.2028  -0.2155  -0.3315
[12:26:57] #  616 [bench] e2e= 1038.2ms  infer= 1035.4ms  cap=  2.7ms
    t+0   | +0.0686  +0.1235  -0.2650  +0.3725  -0.0590  +0.2825
    t+1   | +0.0667  +0.0584  -0.2580  +0.3491  +0.0115  +0.0512
    t+2   | +0.0783  +0.0659  -0.2409  +0.3140  +0.0559  -0.0334
    t+3   | +0.0702  +0.0782  -0.2368  +0.2596  +0.0543  -0.4318
    t+4   | +0.0736  +0.0810  -0.2086  +0.2346  +0.0436  -0.6320
[12:26:58] #  617 [bench] e2e= 1034.1ms  infer= 1030.1ms  cap=  3.8ms
    t+0   | +0.1738  -0.1325  -0.0495  +0.2788  +0.1532  +0.0606
    t+1   | +0.0900  -0.1308  -0.0611  +0.2819  +0.1243  +0.1844
    t+2   | +0.0662  -0.0451  -0.1138  +0.2847  +0.0467  +0.1713
    t+3   | +0.0773  +0.0210  -0.2077  +0.2985  -0.0249  +0.1033
    t+4   | +0.1087  +0.0402  -0.2614  +0.3116  -0.0364  +0.0839
[12:26:59] #  618 [bench] e2e= 1027.7ms  infer= 1024.9ms  cap=  2.6ms
    t+0   | +0.2252  +0.1051  -0.1248  +0.2786  +0.1143  -0.0396
    t+1   | +0.2041  +0.1405  -0.1595  +0.3141  +0.1169  +0.1463
    t+2   | +0.1390  +0.1318  -0.1945  +0.2897  +0.1229  +0.0439
    t+3   | +0.0729  +0.0821  -0.1784  +0.2999  +0.1102  +0.0408
    t+4   | +0.0616  +0.0693  -0.1942  +0.3400  +0.1361  +0.2341
[12:27:00] #  619 [bench] e2e= 1027.0ms  infer= 1024.4ms  cap=  2.5ms
    t+0   | +0.1859  +0.0410  -0.0859  +0.2578  -0.2945  +0.2076
    t+1   | +0.1986  +0.0793  -0.0837  +0.2878  -0.1647  +0.0123
    t+2   | +0.1466  +0.0698  -0.0935  +0.3194  -0.0893  -0.0622
    t+3   | +0.1126  +0.1590  -0.3030  +0.4148  -0.0313  -0.1838
    t+4   | +0.0745  +0.2295  -0.4204  +0.4718  -0.1041  -0.0562
[12:27:01] #  620 [bench] e2e= 1027.5ms  infer= 1024.8ms  cap=  2.5ms
    t+0   | +0.0968  -0.1142  -0.0261  +0.1611  -0.2701  -0.3094
    t+1   | +0.1364  -0.0791  -0.0704  +0.2064  -0.2668  +0.0924
    t+2   | +0.0642  -0.0611  -0.0985  +0.2695  -0.4647  +0.0734
    t+3   | +0.0684  -0.0008  -0.1374  +0.2965  -0.4197  +0.1380
    t+4   | +0.1004  +0.0072  -0.1328  +0.2739  -0.3182  +0.0511
[12:27:02] #  621 [bench] e2e= 1024.7ms  infer= 1022.5ms  cap=  2.1ms
    t+0   | +0.0489  +0.0833  -0.2315  +0.2873  -0.0050  -0.2516
    t+1   | +0.0912  +0.0383  -0.3100  +0.3549  +0.1216  -0.6199
    t+2   | +0.1177  +0.0840  -0.2711  +0.3796  +0.2217  -0.4041
    t+3   | +0.1482  +0.0883  -0.2437  +0.3523  +0.1843  -0.4219
    t+4   | +0.1025  +0.0704  -0.2096  +0.3080  +0.2471  -0.3688
[12:27:04] #  622 [bench] e2e= 1030.7ms  infer= 1028.4ms  cap=  2.1ms
    t+0   | +0.1212  +0.0263  -0.2079  +0.2776  -0.0509  -0.1005
    t+1   | +0.1039  -0.0055  -0.1625  +0.2378  +0.0217  -0.0668
    t+2   | +0.1252  +0.0027  -0.1797  +0.2183  +0.0398  +0.0388
    t+3   | +0.1381  -0.0341  -0.2001  +0.2365  +0.0332  -0.0001
    t+4   | +0.1213  -0.0554  -0.1943  +0.2258  -0.0131  -0.0509
[12:27:05] #  623 [bench] e2e= 1048.3ms  infer= 1044.7ms  cap=  3.3ms
    t+0   | +0.1708  +0.2106  -0.3404  +0.3554  -0.0321  +0.0843
    t+1   | +0.2071  +0.1878  -0.3314  +0.3506  -0.0409  +0.1209
    t+2   | +0.2190  +0.2236  -0.3827  +0.4115  -0.1516  +0.2119
    t+3   | +0.2428  +0.2627  -0.4603  +0.4722  -0.3355  +0.5819
    t+4   | +0.3044  +0.2722  -0.4546  +0.4735  -0.3766  +0.7236
[12:27:06] #  624 [bench] e2e= 1041.1ms  infer= 1038.8ms  cap=  2.1ms
    t+0   | +0.3638  +0.0980  -0.2066  +0.3773  +0.2150  +0.0003
    t+1   | +0.3412  +0.1046  -0.1579  +0.3489  +0.1234  +0.2666
    t+2   | +0.3337  +0.1308  -0.1379  +0.3213  +0.0668  +0.2720
    t+3   | +0.2691  +0.1512  -0.1820  +0.3090  +0.0231  +0.4325
    t+4   | +0.2897  +0.1719  -0.2171  +0.3244  +0.0451  +0.5350
[12:27:07] #  625 [bench] e2e= 1050.5ms  infer= 1048.2ms  cap=  2.1ms
    t+0   | +0.1819  +0.0473  -0.2216  +0.2651  -0.0028  -0.1584
    t+1   | +0.0826  -0.0019  -0.1658  +0.2141  -0.0190  +0.0101
    t+2   | +0.0397  -0.0237  -0.1347  +0.1996  +0.0095  +0.0436
    t+3   | +0.0456  -0.0003  -0.1864  +0.2164  -0.0180  +0.0328
    t+4   | +0.0601  +0.0140  -0.1646  +0.1718  -0.0137  +0.0011

  [live] after 620 bench steps — e2e mean=1035.0ms  |  max replan freq=0.97 Hz  |  max control freq=4.83 Hz (n_action_steps=5)

[12:27:08] #  626 [bench] e2e= 1059.0ms  infer= 1056.9ms  cap=  2.0ms
    t+0   | +0.2199  +0.1258  -0.2160  +0.3023  +0.0642  -0.1391
    t+1   | +0.1619  +0.1089  -0.2365  +0.3111  +0.0072  -0.2019
    t+2   | +0.1109  +0.0660  -0.2096  +0.3087  -0.0904  -0.1646
    t+3   | +0.0777  +0.1273  -0.3558  +0.3847  -0.2525  +0.0447
    t+4   | +0.0466  +0.1644  -0.4280  +0.4020  -0.2617  +0.0100
[12:27:09] #  627 [bench] e2e= 1063.0ms  infer= 1060.7ms  cap=  2.2ms
    t+0   | +0.1936  +0.0064  -0.1388  +0.3053  +0.1290  +0.0534
    t+1   | +0.1255  +0.0787  -0.1668  +0.2972  +0.2315  +0.0074
    t+2   | +0.1268  +0.0685  -0.1526  +0.2711  +0.1839  -0.0442
    t+3   | +0.1249  +0.1236  -0.2139  +0.3068  +0.2646  -0.0562
    t+4   | +0.1721  +0.1947  -0.2678  +0.2964  +0.2158  -0.0413
[12:27:10] #  628 [bench] e2e= 1025.1ms  infer= 1022.9ms  cap=  2.0ms
    t+0   | +0.1380  -0.1675  +0.0983  +0.1557  +0.0959  +0.2206
    t+1   | +0.1603  -0.0895  -0.0260  +0.1943  +0.0320  +0.1004
    t+2   | +0.1983  -0.0171  -0.1084  +0.2583  -0.0251  +0.0308
    t+3   | +0.1695  +0.0632  -0.2406  +0.2927  -0.1457  +0.0547
    t+4   | +0.1700  +0.1375  -0.2857  +0.3030  -0.1844  +0.1512
[12:27:11] #  629 [bench] e2e= 1045.3ms  infer= 1043.1ms  cap=  2.0ms
    t+0   | +0.1114  +0.0571  -0.1898  +0.2830  -0.1796  +0.3592
    t+1   | +0.1674  +0.0709  -0.1820  +0.2803  -0.1762  +0.8220
    t+2   | +0.1358  +0.0567  -0.1084  +0.2375  -0.1162  +0.7489
    t+3   | +0.1085  +0.0898  -0.1252  +0.2189  -0.0668  +0.6033
    t+4   | +0.0766  +0.1342  -0.1528  +0.2356  +0.0306  +0.4494
[12:27:12] #  630 [bench] e2e= 1038.4ms  infer= 1036.3ms  cap=  2.0ms
    t+0   | +0.2973  +0.1211  -0.3036  +0.3655  -0.1217  +0.1601
    t+1   | +0.2592  +0.0891  -0.2650  +0.3379  -0.0820  +0.0597
    t+2   | +0.1583  +0.0427  -0.2334  +0.3075  -0.0329  -0.0185
    t+3   | +0.1352  +0.0042  -0.2000  +0.2715  +0.0018  -0.2060
    t+4   | +0.1687  +0.0213  -0.2059  +0.2768  +0.0111  -0.1798
[12:27:13] #  631 [bench] e2e= 1038.8ms  infer= 1036.6ms  cap=  2.0ms
    t+0   | +0.1506  +0.0382  -0.1524  +0.2824  +0.0198  +0.3441
    t+1   | +0.1683  +0.0648  -0.2007  +0.2761  +0.0048  +0.2303
    t+2   | +0.1300  +0.0577  -0.1348  +0.2268  +0.0084  -0.1771
    t+3   | +0.0939  +0.0466  -0.0980  +0.1978  -0.0145  -0.1905
    t+4   | +0.0588  +0.0666  -0.1017  +0.1711  +0.0138  -0.1714
[12:27:14] #  632 [bench] e2e= 1034.9ms  infer= 1032.5ms  cap=  2.2ms
    t+0   | -0.0265  -0.2256  +0.0438  +0.0980  -0.0054  -0.6929
    t+1   | -0.0328  -0.1805  -0.0335  +0.1279  -0.0456  -0.6752
    t+2   | -0.0552  -0.0957  -0.1699  +0.1253  -0.0406  -0.6874
    t+3   | +0.0511  +0.0206  -0.2906  +0.1851  -0.0264  -0.5390
    t+4   | +0.0552  +0.0038  -0.2502  +0.2017  -0.0408  -0.4792
[12:27:15] #  633 [bench] e2e= 1062.2ms  infer= 1059.9ms  cap=  2.1ms
    t+0   | +0.2309  +0.0476  -0.2054  +0.3064  -0.0586  +0.0058
    t+1   | +0.2171  +0.0843  -0.2253  +0.3249  -0.0498  +0.0164
    t+2   | +0.1749  +0.0990  -0.2280  +0.2914  -0.0771  -0.0181
    t+3   | +0.1493  +0.1030  -0.2093  +0.2475  -0.0641  -0.0141
    t+4   | +0.1707  +0.1158  -0.2132  +0.2658  -0.0459  +0.0359
[12:27:16] #  634 [bench] e2e= 1025.5ms  infer= 1022.9ms  cap=  2.5ms
    t+0   | +0.1798  +0.0698  -0.2601  +0.3744  -0.1084  -0.0673
    t+1   | +0.1183  +0.0005  -0.2216  +0.3454  -0.1439  -0.0890
    t+2   | +0.0935  -0.0517  -0.1936  +0.3257  -0.1449  -0.1308
    t+3   | +0.0945  -0.0717  -0.1384  +0.3124  -0.1256  -0.2643
    t+4   | +0.0681  -0.0543  -0.1716  +0.2671  -0.0821  -0.3768
[12:27:17] #  635 [bench] e2e= 1029.2ms  infer= 1026.6ms  cap=  2.4ms
    t+0   | +0.0974  -0.2197  +0.2056  +0.0800  -0.1346  +0.0886
    t+1   | +0.1042  -0.1452  +0.1414  +0.1145  -0.0384  -0.0462
    t+2   | +0.1017  -0.0868  +0.0681  +0.1001  +0.0342  +0.0109
    t+3   | +0.0668  -0.0302  +0.0013  +0.1608  +0.0142  +0.0808
    t+4   | +0.0116  -0.0010  -0.0561  +0.1831  -0.0215  +0.0551
[12:27:18] #  636 [bench] e2e= 1030.1ms  infer= 1027.7ms  cap=  2.3ms
    t+0   | +0.0677  -0.0474  -0.0764  +0.2025  +0.0547  -0.3028
    t+1   | +0.0352  -0.1150  +0.0226  +0.1680  +0.1459  -0.3476
    t+2   | +0.0657  -0.0741  -0.0273  +0.1797  +0.0864  -0.2947
    t+3   | +0.0959  -0.0628  -0.0433  +0.1680  +0.0568  -0.4096
    t+4   | +0.1410  -0.0590  -0.1020  +0.1873  +0.0130  -0.6135
[12:27:19] #  637 [bench] e2e= 1031.4ms  infer= 1028.4ms  cap=  2.8ms
    t+0   | +0.0162  -0.0076  -0.1643  +0.2657  +0.0071  -0.0660
    t+1   | +0.0161  -0.0142  -0.1725  +0.2541  +0.0244  -0.0555
    t+2   | +0.0345  -0.0485  -0.1513  +0.2236  +0.0626  -0.0538
    t+3   | +0.0287  -0.0572  -0.1615  +0.2261  +0.0285  -0.0312
    t+4   | +0.0175  -0.0735  -0.1879  +0.2105  -0.0144  -0.0444
[12:27:20] #  638 [bench] e2e= 1025.5ms  infer= 1023.0ms  cap=  2.4ms
    t+0   | +0.1814  +0.0840  -0.2176  +0.3033  +0.0104  +0.2324
    t+1   | +0.1234  +0.1169  -0.2685  +0.3115  -0.0985  +0.3552
    t+2   | +0.0480  +0.1700  -0.2978  +0.3398  -0.0593  +0.4510
    t+3   | +0.0554  +0.1864  -0.3329  +0.3389  -0.0302  +0.3301
    t+4   | +0.0298  +0.1478  -0.3257  +0.3235  -0.0304  +0.1805
[12:27:21] #  639 [bench] e2e= 1032.6ms  infer= 1030.4ms  cap=  2.1ms
    t+0   | +0.2262  +0.0443  -0.1052  +0.2450  -0.0589  +0.4339
    t+1   | +0.1833  +0.0736  -0.1241  +0.2188  -0.0307  +0.1837
    t+2   | +0.1498  +0.0629  -0.1343  +0.1664  -0.0197  +0.1003
    t+3   | +0.1365  +0.0907  -0.1514  +0.1620  -0.0197  -0.0004
    t+4   | +0.1369  +0.0821  -0.1766  +0.1939  +0.0374  -0.0089
[12:27:22] #  640 [bench] e2e= 1025.2ms  infer= 1022.8ms  cap=  2.3ms
    t+0   | +0.0889  +0.0056  -0.1425  +0.2753  -0.0938  -0.0056
    t+1   | +0.0770  +0.0125  -0.1029  +0.2836  -0.0559  +0.0216
    t+2   | +0.0540  -0.0471  -0.0832  +0.2409  -0.0126  -0.0995
    t+3   | +0.0664  -0.0986  -0.0672  +0.2196  +0.0720  -0.1588
    t+4   | +0.0686  -0.1319  -0.0223  +0.1988  +0.0859  -0.2032
[12:27:23] #  641 [bench] e2e= 1023.9ms  infer= 1021.4ms  cap=  2.3ms
    t+0   | +0.1636  +0.0912  -0.2091  +0.2813  -0.0046  +0.0014
    t+1   | +0.0880  +0.0864  -0.2118  +0.2741  -0.0208  -0.0029
    t+2   | +0.0642  +0.0525  -0.2111  +0.2664  -0.0440  +0.0543
    t+3   | +0.0602  +0.0445  -0.1735  +0.2575  -0.0373  +0.0314
    t+4   | +0.0442  +0.0543  -0.2273  +0.2229  -0.0079  -0.0445
[12:27:24] #  642 [bench] e2e= 1030.6ms  infer= 1028.0ms  cap=  2.5ms
    t+0   | +0.1649  +0.0369  -0.1758  +0.2840  +0.0294  -0.0479
    t+1   | +0.1533  +0.0484  -0.2300  +0.2866  +0.0208  +0.0410
    t+2   | +0.1512  +0.0400  -0.2248  +0.2809  -0.0054  -0.0014
    t+3   | +0.1433  +0.0446  -0.2124  +0.2800  -0.0155  +0.0115
    t+4   | +0.1772  +0.0448  -0.2393  +0.3002  -0.0173  +0.0145
[12:27:25] #  643 [bench] e2e= 1027.3ms  infer= 1024.9ms  cap=  2.3ms
    t+0   | -0.0320  -0.1351  -0.0261  +0.1795  -0.0042  -0.3802
    t+1   | -0.0928  -0.1745  +0.0256  +0.1309  +0.0224  -0.6151
    t+2   | -0.0499  -0.1864  +0.0107  +0.1361  +0.0092  -0.5973
    t+3   | +0.0046  -0.1302  -0.0181  +0.1627  -0.0368  -0.4578
    t+4   | +0.0553  -0.0973  -0.0668  +0.1850  -0.0773  -0.4445
[12:27:26] #  644 [bench] e2e= 1029.0ms  infer= 1026.5ms  cap=  2.3ms
    t+0   | +0.0519  -0.0194  -0.1793  +0.2634  +0.1214  -0.6122
    t+1   | +0.0378  -0.0988  -0.1361  +0.1937  -0.0181  -0.4751
    t+2   | +0.0035  -0.1370  -0.1121  +0.1288  -0.0430  -0.3498
    t+3   | -0.0174  -0.1387  -0.0868  +0.0896  -0.0424  -0.3007
    t+4   | -0.0572  -0.1610  -0.0889  +0.0966  +0.0212  -0.3674
[12:27:27] #  645 [bench] e2e= 1048.5ms  infer= 1045.7ms  cap=  2.6ms
    t+0   | -0.0859  -0.0267  -0.1623  +0.2404  -0.2928  +0.0595
    t+1   | -0.0497  -0.0193  -0.2023  +0.2589  -0.2221  +0.0729
    t+2   | -0.0966  -0.0363  -0.2580  +0.2674  -0.2491  +0.2061
    t+3   | -0.0334  -0.0629  -0.2166  +0.2628  -0.1481  +0.1131
    t+4   | -0.0200  -0.0918  -0.2037  +0.2440  -0.2208  +0.2257

  [live] after 640 bench steps — e2e mean=1035.0ms  |  max replan freq=0.97 Hz  |  max control freq=4.83 Hz (n_action_steps=5)

[12:27:28] #  646 [bench] e2e= 1043.7ms  infer= 1041.7ms  cap=  1.7ms
    t+0   | +0.3111  +0.2086  -0.3027  +0.3768  -0.0321  +0.1034
    t+1   | +0.2705  +0.1948  -0.2646  +0.3320  -0.0434  -0.1121
    t+2   | +0.2348  +0.1378  -0.2334  +0.2856  -0.0381  -0.1498
    t+3   | +0.2218  +0.1229  -0.2378  +0.2781  -0.0230  -0.2570
    t+4   | +0.2472  +0.1385  -0.2353  +0.2686  -0.0133  -0.4089
[12:27:30] #  647 [bench] e2e= 1063.0ms  infer= 1059.4ms  cap=  3.4ms
    t+0   | +0.1343  +0.1587  -0.2675  +0.2954  +0.0869  +0.5668
    t+1   | +0.1587  +0.1019  -0.2129  +0.2841  +0.1303  +0.5536
    t+2   | +0.1860  +0.0660  -0.2067  +0.2784  +0.0874  +0.5081
    t+3   | +0.1935  +0.0539  -0.2582  +0.3121  +0.0323  +0.2888
    t+4   | +0.2312  +0.0883  -0.2679  +0.3779  +0.0899  +0.3147
[12:27:31] #  648 [bench] e2e= 1030.4ms  infer= 1027.1ms  cap=  3.1ms
    t+0   | +0.1463  +0.0426  -0.2119  +0.2972  -0.0536  +0.0374
    t+1   | +0.1019  +0.0361  -0.2215  +0.2860  -0.0424  +0.0147
    t+2   | +0.0190  -0.0311  -0.1810  +0.2517  -0.0841  -0.0141
    t+3   | +0.0037  -0.0455  -0.1669  +0.2415  -0.1268  +0.0263
    t+4   | +0.0382  -0.0288  -0.1599  +0.2632  -0.1215  +0.0198
[12:27:32] #  649 [bench] e2e= 1026.4ms  infer= 1022.5ms  cap=  3.7ms
    t+0   | -0.0299  -0.0194  -0.1866  +0.2685  +0.1889  -0.2809
    t+1   | -0.1264  -0.0323  -0.2598  +0.2455  +0.0772  -0.2348
    t+2   | -0.0932  +0.0241  -0.2874  +0.2204  -0.0410  -0.0117
    t+3   | -0.0490  +0.0128  -0.2314  +0.1935  -0.1091  +0.2069
    t+4   | -0.0686  +0.0224  -0.2172  +0.1759  -0.1558  +0.2541
[12:27:33] #  650 [bench] e2e= 1025.8ms  infer= 1022.8ms  cap=  2.8ms
    t+0   | +0.1042  -0.1068  +0.0044  +0.1731  +0.0577  -0.1714
    t+1   | +0.1042  -0.0690  -0.0803  +0.2160  +0.0381  -0.1492
    t+2   | +0.1115  -0.0104  -0.2184  +0.2119  -0.0391  -0.0934
    t+3   | +0.1454  +0.0114  -0.2366  +0.2299  -0.0616  -0.0742
    t+4   | +0.1849  +0.0312  -0.2004  +0.2928  +0.0177  -0.0913
[12:27:34] #  651 [bench] e2e= 1029.1ms  infer= 1026.1ms  cap=  2.9ms
    t+0   | +0.1391  -0.0477  -0.0885  +0.2311  -0.0167  -0.1455
    t+1   | +0.0697  -0.0534  -0.1520  +0.2411  -0.0704  -0.1449
    t+2   | +0.0577  +0.0124  -0.2319  +0.2703  -0.1163  -0.0925
    t+3   | +0.0978  +0.0441  -0.2226  +0.2952  -0.0757  -0.1120
    t+4   | +0.0839  -0.0080  -0.2534  +0.2664  -0.0488  -0.1575
[12:27:35] #  652 [bench] e2e= 1029.9ms  infer= 1027.3ms  cap=  2.4ms
    t+0   | +0.2580  +0.0717  -0.2326  +0.3187  -0.0975  +0.3439
    t+1   | +0.2036  +0.0911  -0.3064  +0.3059  -0.1413  +0.2142
    t+2   | +0.1787  +0.0708  -0.2705  +0.2866  -0.1067  +0.0324
    t+3   | +0.0927  -0.0024  -0.2226  +0.2717  -0.0435  -0.0541
    t+4   | +0.0801  -0.0398  -0.1927  +0.2466  -0.0413  -0.0053
[12:27:36] #  653 [bench] e2e= 1032.4ms  infer= 1030.0ms  cap=  2.2ms
    t+0   | +0.2237  +0.1833  -0.2591  +0.3349  -0.0286  +0.1305
    t+1   | +0.2381  +0.1948  -0.2502  +0.3124  -0.0076  -0.1251
    t+2   | +0.2085  +0.2191  -0.2206  +0.3168  +0.0003  -0.2037
    t+3   | +0.1769  +0.1374  -0.1805  +0.2421  -0.0224  -0.4413
    t+4   | +0.1356  +0.0904  -0.1460  +0.2555  +0.0392  -0.4241
[12:27:37] #  654 [bench] e2e= 1040.4ms  infer= 1037.8ms  cap=  2.4ms
    t+0   | +0.2709  +0.0203  -0.1079  +0.2736  +0.1454  -0.1145
    t+1   | +0.2476  -0.0172  -0.0952  +0.2342  +0.2035  -0.2924
    t+2   | +0.1683  -0.0903  -0.0605  +0.1652  +0.2533  -0.2812
    t+3   | +0.1060  -0.1175  +0.0138  +0.1500  +0.2034  +0.1058
    t+4   | +0.0487  -0.1227  +0.0360  +0.1740  +0.1385  +0.1305
[12:27:38] #  655 [bench] e2e= 1035.7ms  infer= 1032.8ms  cap=  2.8ms
    t+0   | +0.0802  +0.0423  -0.1445  +0.2514  -0.1349  +0.1960
    t+1   | +0.0773  +0.0869  -0.1931  +0.2619  -0.0379  +0.0523
    t+2   | +0.1087  +0.0792  -0.2274  +0.2109  -0.0158  +0.0542
    t+3   | +0.0317  +0.0215  -0.2315  +0.1943  +0.0151  -0.0937
    t+4   | +0.0118  -0.0786  -0.1943  +0.1982  +0.0825  -0.4972
[12:27:39] #  656 [bench] e2e= 1031.3ms  infer= 1026.5ms  cap=  4.7ms
    t+0   | +0.2056  +0.0337  -0.1320  +0.2646  -0.0484  +0.0137
    t+1   | +0.1171  +0.0236  -0.1386  +0.2415  -0.0304  -0.1905
    t+2   | +0.1128  +0.0519  -0.1720  +0.2556  +0.0103  -0.1856
    t+3   | +0.1471  +0.0334  -0.1474  +0.2488  +0.0600  -0.1091
    t+4   | +0.1896  +0.0009  -0.1064  +0.2503  +0.0376  -0.0414
[12:27:40] #  657 [bench] e2e= 1027.6ms  infer= 1024.0ms  cap=  3.4ms
    t+0   | +0.1555  +0.0165  -0.2210  +0.3260  +0.0901  -0.2072
    t+1   | +0.1142  +0.0188  -0.2545  +0.3088  +0.0500  -0.0379
    t+2   | +0.1063  +0.0005  -0.2128  +0.2809  +0.0109  +0.0257
    t+3   | +0.1071  -0.0080  -0.2018  +0.2916  +0.0456  +0.3428
    t+4   | +0.1512  -0.0156  -0.1842  +0.3119  +0.1214  +0.4484
[12:27:41] #  658 [bench] e2e= 1028.4ms  infer= 1024.9ms  cap=  3.3ms
    t+0   | +0.1630  +0.0340  -0.1628  +0.2536  -0.0919  -0.4520
    t+1   | +0.1055  +0.0245  -0.1674  +0.2328  -0.0319  -0.4780
    t+2   | +0.0682  +0.0416  -0.2286  +0.2357  +0.0031  -0.5110
    t+3   | +0.0648  +0.0367  -0.2158  +0.2010  +0.0238  -0.5077
    t+4   | -0.0063  +0.0716  -0.2553  +0.1983  +0.0703  -0.4419
[12:27:42] #  659 [bench] e2e= 1034.0ms  infer= 1030.3ms  cap=  3.5ms
    t+0   | +0.1768  +0.1502  -0.1987  +0.2758  +0.1145  -0.2643
    t+1   | +0.1641  +0.1324  -0.1657  +0.2852  +0.1790  -0.0133
    t+2   | +0.1920  +0.1197  -0.1323  +0.2959  +0.0789  +0.1402
    t+3   | +0.1812  +0.1174  -0.1340  +0.2688  +0.0638  +0.1488
    t+4   | +0.1531  +0.1304  -0.1513  +0.2507  -0.0299  +0.2801
[12:27:43] #  660 [bench] e2e= 1030.9ms  infer= 1027.4ms  cap=  3.4ms
    t+0   | -0.0660  -0.0246  -0.2273  +0.2384  -0.1610  -0.1269
    t+1   | -0.0396  -0.0210  -0.2175  +0.2276  -0.1520  -0.1640
    t+2   | -0.0703  +0.0109  -0.2456  +0.2243  -0.1744  -0.1709
    t+3   | -0.0055  +0.0229  -0.2381  +0.2301  -0.1699  -0.0395
    t+4   | +0.0031  +0.0025  -0.1795  +0.2372  -0.1685  -0.0319
[12:27:44] #  661 [bench] e2e= 1026.4ms  infer= 1022.8ms  cap=  3.4ms
    t+0   | +0.0913  -0.0177  -0.0806  +0.2192  +0.0219  -0.1675
    t+1   | +0.0371  -0.0453  -0.0605  +0.1842  +0.0005  -0.1868
    t+2   | +0.0272  -0.0324  -0.0491  +0.2136  -0.0616  -0.1365
    t+3   | -0.0199  -0.0460  -0.0480  +0.1775  -0.0193  -0.1133
    t+4   | -0.0645  -0.0756  -0.0419  +0.1551  +0.0463  -0.0735
[12:27:45] #  662 [bench] e2e= 1029.1ms  infer= 1025.6ms  cap=  3.4ms
    t+0   | +0.0062  -0.1502  -0.1013  +0.2100  -0.0742  -0.4920
    t+1   | +0.0375  -0.1134  -0.1069  +0.1948  -0.0798  -0.5478
    t+2   | +0.0874  -0.0795  -0.0982  +0.2073  -0.0572  -0.5117
    t+3   | +0.1184  -0.0645  -0.1360  +0.2336  -0.0107  -0.3943
    t+4   | +0.1068  -0.0752  -0.1499  +0.2390  +0.0376  -0.3218
[12:27:46] #  663 [bench] e2e= 1025.7ms  infer= 1022.2ms  cap=  3.3ms
    t+0   | +0.0841  -0.1027  -0.0398  +0.2107  -0.1750  +0.2372
    t+1   | +0.0387  -0.0089  -0.1014  +0.2487  -0.1657  +0.2718
    t+2   | +0.0226  +0.0073  -0.1292  +0.2168  -0.1295  +0.1882
    t+3   | +0.0362  +0.0180  -0.1214  +0.2275  -0.0904  +0.1838
    t+4   | +0.0028  +0.0238  -0.1503  +0.1876  -0.0663  +0.0878
[12:27:47] #  664 [bench] e2e= 1036.5ms  infer= 1033.0ms  cap=  3.4ms
    t+0   | +0.1386  -0.0621  -0.0950  +0.2732  +0.0065  -0.0316
    t+1   | +0.1858  -0.0061  -0.1617  +0.3033  -0.0203  +0.0039
    t+2   | +0.2187  +0.0384  -0.2382  +0.3309  -0.0224  +0.0198
    t+3   | +0.2404  +0.1143  -0.3168  +0.3715  -0.0288  +0.0375
    t+4   | +0.2767  +0.1574  -0.3402  +0.3505  -0.0312  +0.0496
[12:27:48] #  665 [bench] e2e= 1044.5ms  infer= 1041.8ms  cap=  2.5ms
    t+0   | +0.0844  -0.0122  -0.1279  +0.2253  -0.0488  -0.2374
    t+1   | +0.0613  +0.0345  -0.1801  +0.2392  +0.1056  -0.2902
    t+2   | +0.1080  -0.0056  -0.1874  +0.2186  +0.0494  -0.2917
    t+3   | +0.1761  -0.0186  -0.1861  +0.2319  +0.0488  +0.1344
    t+4   | +0.1887  -0.0310  -0.1310  +0.2196  +0.0782  +0.2699

  [live] after 660 bench steps — e2e mean=1035.0ms  |  max replan freq=0.97 Hz  |  max control freq=4.83 Hz (n_action_steps=5)

[12:27:49] #  666 [bench] e2e= 1036.0ms  infer= 1031.0ms  cap=  4.8ms
    t+0   | +0.1620  -0.0584  -0.0518  +0.2769  +0.2033  -0.0142
    t+1   | +0.1708  -0.0543  -0.0511  +0.2785  +0.1404  -0.0340
    t+2   | +0.2025  -0.0114  -0.1293  +0.2827  +0.0570  -0.0854
    t+3   | +0.2010  +0.0108  -0.1751  +0.2751  +0.0319  -0.0724
    t+4   | +0.1788  +0.0363  -0.1643  +0.2702  +0.0381  -0.0531
[12:27:50] #  667 [bench] e2e= 1066.3ms  infer= 1063.9ms  cap=  2.3ms
    t+0   | +0.2176  +0.0606  -0.1586  +0.2975  +0.1282  -0.0429
    t+1   | +0.2214  +0.0484  -0.1271  +0.2832  +0.1121  -0.0564
    t+2   | +0.1817  +0.0383  -0.1533  +0.2796  +0.0830  -0.0016
    t+3   | +0.1720  +0.0306  -0.1758  +0.2763  +0.0634  +0.0036
    t+4   | +0.1955  +0.0164  -0.1468  +0.3048  +0.0662  -0.0028
[12:27:51] #  668 [bench] e2e= 1054.4ms  infer= 1050.7ms  cap=  3.5ms
    t+0   | +0.0839  -0.1055  -0.0227  +0.1825  -0.1117  +0.0312
    t+1   | +0.0094  -0.0380  -0.1260  +0.1977  -0.0255  +0.0207
    t+2   | +0.0159  -0.0285  -0.1512  +0.1880  -0.0160  +0.0666
    t+3   | -0.0082  -0.0399  -0.1169  +0.2006  -0.0380  +0.0479
    t+4   | -0.0768  -0.1152  -0.0756  +0.1871  -0.0713  +0.0218
[12:27:52] #  669 [bench] e2e= 1030.9ms  infer= 1027.6ms  cap=  3.1ms
    t+0   | +0.1901  +0.1021  -0.1799  +0.2495  -0.1811  -0.3715
    t+1   | +0.1281  +0.1202  -0.1949  +0.2649  -0.1179  -0.2533
    t+2   | +0.0785  +0.1254  -0.2231  +0.2859  -0.0808  -0.1806
    t+3   | +0.0332  +0.1484  -0.2720  +0.3126  -0.1164  -0.1876
    t+4   | +0.0239  +0.1010  -0.2558  +0.2832  -0.1547  -0.1224
[12:27:53] #  670 [bench] e2e= 1033.6ms  infer= 1031.1ms  cap=  2.4ms
    t+0   | +0.0675  +0.0461  -0.3033  +0.2760  -0.0604  -0.1827
    t+1   | +0.1193  +0.0343  -0.2597  +0.2519  -0.0534  -0.0844
    t+2   | +0.1556  +0.0376  -0.2398  +0.2686  +0.0346  +0.0155
    t+3   | +0.1763  +0.0361  -0.2286  +0.2866  +0.1207  +0.1124
    t+4   | +0.1642  +0.0283  -0.2322  +0.2898  +0.0229  +0.7257
[12:27:54] #  671 [bench] e2e= 1060.0ms  infer= 1057.5ms  cap=  2.3ms
    t+0   | +0.0781  +0.0452  -0.1138  +0.2031  -0.0617  -0.2685
    t+1   | +0.0894  +0.0613  -0.1321  +0.2037  -0.0606  -0.2335
    t+2   | +0.0750  +0.0821  -0.2505  +0.2244  -0.0825  -0.1364
    t+3   | +0.0739  +0.1496  -0.3928  +0.2553  -0.1207  -0.1079
    t+4   | +0.0779  +0.1913  -0.4559  +0.2283  -0.1365  -0.0625
[12:27:55] #  672 [bench] e2e= 1045.9ms  infer= 1042.8ms  cap=  3.0ms
    t+0   | +0.0744  -0.0521  -0.1917  +0.2828  -0.1108  +0.0513
    t+1   | +0.1007  -0.0194  -0.2320  +0.2887  -0.0212  +0.0110
    t+2   | +0.1086  -0.0497  -0.2092  +0.2533  +0.0059  -0.0773
    t+3   | +0.0888  -0.0902  -0.1802  +0.2314  +0.0215  -0.2023
    t+4   | +0.0406  -0.0463  -0.2073  +0.2288  +0.0331  -0.1700
[12:27:56] #  673 [bench] e2e= 1029.8ms  infer= 1027.1ms  cap=  2.6ms
    t+0   | +0.0616  +0.0377  -0.1194  +0.2074  -0.0670  -0.0776
    t+1   | +0.0483  +0.0311  -0.1061  +0.1864  -0.0880  -0.0742
    t+2   | +0.0341  +0.0227  -0.0739  +0.1952  -0.0824  -0.1629
    t+3   | +0.0059  +0.0423  -0.0786  +0.1738  -0.0521  -0.2343
    t+4   | +0.0238  +0.0086  -0.1425  +0.1894  -0.0691  -0.3108
[12:27:57] #  674 [bench] e2e= 1032.7ms  infer= 1029.9ms  cap=  2.6ms
    t+0   | +0.1700  +0.0962  -0.1839  +0.3034  +0.0266  -0.1321
    t+1   | +0.1633  +0.1519  -0.2639  +0.3626  -0.0073  -0.0870
    t+2   | +0.1823  +0.1525  -0.3161  +0.3794  -0.0343  -0.0374
    t+3   | +0.1837  +0.1800  -0.3954  +0.3899  -0.0642  +0.0363
    t+4   | +0.1362  +0.1623  -0.3851  +0.3943  -0.0489  +0.0332
[12:27:59] #  675 [bench] e2e= 1029.6ms  infer= 1026.8ms  cap=  2.6ms
    t+0   | +0.1114  -0.1254  -0.0055  +0.1978  -0.0179  -0.2922
    t+1   | +0.1293  -0.0417  -0.0706  +0.2655  -0.0431  -0.1501
    t+2   | +0.1072  +0.0251  -0.1216  +0.2647  -0.0519  +0.0311
    t+3   | +0.0913  +0.0298  -0.1468  +0.2481  -0.0199  -0.0647
    t+4   | +0.0889  +0.0193  -0.1392  +0.2485  +0.0679  -0.1524
[12:28:00] #  676 [bench] e2e= 1029.2ms  infer= 1026.6ms  cap=  2.5ms
    t+0   | +0.0826  -0.2993  +0.2414  +0.0885  +0.1142  -0.3856
    t+1   | +0.0628  -0.2539  +0.2107  +0.0880  +0.0480  -0.5844
    t+2   | +0.0504  -0.1451  +0.1158  +0.1569  +0.0339  -0.5435
    t+3   | +0.0363  -0.0796  -0.0367  +0.2554  +0.0205  -0.4181
    t+4   | +0.0800  -0.0122  -0.1200  +0.2766  +0.0072  -0.2913
[12:28:01] #  677 [bench] e2e= 1029.7ms  infer= 1027.1ms  cap=  2.5ms
    t+0   | +0.1455  -0.0153  -0.0725  +0.2540  -0.0315  +0.3041
    t+1   | +0.0964  -0.0016  -0.0655  +0.2390  -0.0145  +0.2056
    t+2   | +0.0768  +0.0131  -0.0832  +0.2397  +0.0239  +0.1585
    t+3   | +0.0963  -0.0074  -0.1093  +0.2320  +0.0215  +0.1834
    t+4   | +0.0895  +0.0284  -0.1356  +0.2633  +0.0009  +0.2335
[12:28:02] #  678 [bench] e2e= 1026.2ms  infer= 1023.5ms  cap=  2.5ms
    t+0   | +0.0759  -0.0527  -0.1433  +0.2618  -0.0291  -0.0701
    t+1   | +0.0496  -0.0565  -0.1640  +0.2601  -0.0478  -0.0814
    t+2   | -0.0026  -0.0521  -0.1711  +0.2103  -0.0862  -0.1020
    t+3   | +0.0307  -0.0247  -0.1511  +0.1983  -0.1145  -0.1414
    t+4   | +0.0743  -0.0089  -0.1546  +0.2104  -0.1463  -0.0736
[12:28:03] #  679 [bench] e2e= 1033.5ms  infer= 1030.8ms  cap=  2.5ms
    t+0   | -0.0005  +0.2353  -0.4097  +0.2666  -0.4095  +0.0353
    t+1   | +0.0256  +0.1551  -0.3424  +0.2404  -0.3271  -0.0453
    t+2   | -0.0543  +0.1505  -0.3632  +0.2439  -0.3320  -0.0332
    t+3   | +0.0130  +0.1446  -0.3610  +0.2783  -0.2487  +0.0005
    t+4   | +0.0996  +0.1507  -0.3503  +0.2938  -0.2188  -0.0540
[12:28:04] #  680 [bench] e2e= 1032.4ms  infer= 1029.7ms  cap=  2.5ms
    t+0   | +0.1820  +0.0294  -0.1425  +0.2635  -0.0507  +0.0277
    t+1   | +0.1324  +0.0426  -0.1567  +0.2536  -0.0735  -0.1090
    t+2   | +0.0121  +0.0880  -0.2492  +0.3047  -0.1325  -0.1935
    t+3   | +0.0288  +0.1089  -0.2432  +0.3153  -0.1576  -0.1627
    t+4   | +0.0672  +0.1797  -0.2776  +0.3354  -0.1794  -0.1092
[12:28:05] #  681 [bench] e2e= 1031.1ms  infer= 1028.4ms  cap=  2.5ms
    t+0   | +0.1418  +0.0009  -0.1493  +0.2647  -0.1912  +0.0701
    t+1   | +0.0943  +0.0002  -0.1371  +0.2088  -0.1616  -0.0671
    t+2   | +0.0562  -0.0110  -0.1492  +0.2016  -0.1407  +0.0501
    t+3   | -0.0042  -0.0204  -0.1762  +0.2129  -0.1978  +0.2520
    t+4   | -0.0321  -0.0399  -0.1642  +0.2356  -0.1532  +0.1167
[12:28:06] #  682 [bench] e2e= 1039.7ms  infer= 1037.0ms  cap=  2.5ms
    t+0   | +0.1922  -0.0645  -0.1266  +0.2702  -0.0908  -0.1681
    t+1   | +0.1058  -0.0371  -0.1392  +0.2598  -0.0775  -0.2148
    t+2   | +0.0663  -0.0132  -0.2399  +0.2974  -0.1151  -0.1681
    t+3   | +0.0197  +0.0210  -0.3386  +0.3478  -0.1856  -0.1712
    t+4   | +0.0077  +0.0802  -0.4063  +0.3950  -0.2067  -0.1929
[12:28:07] #  683 [bench] e2e= 1032.3ms  infer= 1029.6ms  cap=  2.5ms
    t+0   | +0.1350  -0.0099  -0.1206  +0.2156  -0.0105  -0.4520
    t+1   | +0.0578  -0.0594  -0.0433  +0.1589  +0.0030  -0.5208
    t+2   | +0.0358  -0.0987  -0.0236  +0.1592  +0.0290  -0.4000
    t+3   | -0.0010  -0.1104  -0.0319  +0.1338  +0.0925  -0.3947
    t+4   | +0.0037  -0.1018  -0.0323  +0.1209  +0.0958  -0.3458
[12:28:08] #  684 [bench] e2e= 1028.7ms  infer= 1026.0ms  cap=  2.5ms
    t+0   | +0.1837  -0.0179  -0.1158  +0.2490  -0.0473  -0.0677
    t+1   | +0.1920  +0.0074  -0.1251  +0.2459  -0.0360  -0.0063
    t+2   | +0.1577  +0.0326  -0.1258  +0.2195  +0.0526  +0.0196
    t+3   | +0.1536  +0.0430  -0.1124  +0.2350  +0.1041  +0.1318
    t+4   | +0.1980  +0.0146  -0.1368  +0.2106  +0.1850  +0.0968
[12:28:09] #  685 [bench] e2e= 1025.3ms  infer= 1022.6ms  cap=  2.5ms
    t+0   | +0.0958  -0.0408  -0.1682  +0.2276  +0.0021  -0.6850
    t+1   | +0.0519  -0.0814  -0.1638  +0.1991  -0.0241  -0.6622
    t+2   | +0.0436  -0.0671  -0.1525  +0.2169  -0.0607  -0.4862
    t+3   | +0.0441  -0.0248  -0.1649  +0.2007  -0.0400  -0.3418
    t+4   | +0.0425  -0.0404  -0.1326  +0.1988  -0.0173  -0.3398

  [live] after 680 bench steps — e2e mean=1035.0ms  |  max replan freq=0.97 Hz  |  max control freq=4.83 Hz (n_action_steps=5)

[12:28:10] #  686 [bench] e2e= 1023.9ms  infer= 1021.0ms  cap=  2.7ms
    t+0   | +0.1665  +0.0304  -0.1478  +0.2705  +0.0319  -0.0719
    t+1   | +0.1507  +0.0072  -0.1656  +0.2646  +0.0366  -0.1254
    t+2   | +0.1154  +0.0515  -0.2304  +0.2933  -0.0148  -0.1728
    t+3   | +0.1215  +0.1504  -0.2483  +0.3220  -0.0820  -0.0566
    t+4   | +0.1263  +0.2072  -0.2816  +0.3155  -0.0873  +0.1518
[12:28:11] #  687 [bench] e2e= 1031.5ms  infer= 1028.8ms  cap=  2.6ms
    t+0   | -0.0617  -0.0862  -0.1442  +0.2011  -0.0343  -0.2175
    t+1   | -0.0625  -0.1108  -0.1195  +0.1658  -0.0424  -0.3148
    t+2   | -0.0572  -0.1385  -0.1027  +0.1344  -0.0420  -0.3548
    t+3   | -0.0282  -0.1090  -0.1426  +0.1490  -0.0384  -0.4104
    t+4   | -0.0319  -0.0830  -0.2912  +0.2136  -0.0794  -0.4428
[12:28:12] #  688 [bench] e2e= 1027.4ms  infer= 1024.7ms  cap=  2.5ms
    t+0   | +0.1510  +0.0393  -0.1337  +0.2545  +0.1177  -0.0318
    t+1   | +0.0750  -0.0243  -0.0680  +0.2272  +0.2553  -0.1045
    t+2   | +0.0339  -0.0690  -0.0564  +0.2127  +0.2585  -0.1459
    t+3   | +0.0156  -0.0712  -0.0294  +0.2109  +0.3163  -0.1258
    t+4   | +0.0602  -0.0625  -0.0179  +0.2146  +0.2368  -0.1211
[12:28:13] #  689 [bench] e2e= 1064.0ms  infer= 1060.9ms  cap=  3.0ms
    t+0   | +0.0237  -0.1592  -0.0615  +0.2497  -0.0982  -0.4499
    t+1   | +0.0388  -0.1390  -0.1027  +0.2730  -0.1034  -0.3056
    t+2   | +0.0900  -0.0562  -0.1652  +0.2948  -0.0751  -0.2561
    t+3   | +0.1033  -0.0455  -0.1699  +0.2584  -0.0749  -0.2680
    t+4   | +0.0828  -0.0732  -0.1387  +0.2569  -0.0857  -0.3045
[12:28:14] #  690 [bench] e2e= 1026.4ms  infer= 1023.7ms  cap=  2.5ms
    t+0   | +0.2075  -0.0124  -0.0950  +0.2580  +0.0306  +0.0441
    t+1   | +0.2255  +0.0439  -0.1183  +0.2769  +0.2161  -0.0064
    t+2   | +0.2147  +0.0472  -0.1416  +0.2951  +0.1864  -0.0522
    t+3   | +0.1712  +0.0424  -0.1509  +0.2438  +0.2415  -0.3364
    t+4   | +0.1376  +0.0170  -0.1239  +0.2045  +0.1975  -0.4502
[12:28:15] #  691 [bench] e2e= 1028.4ms  infer= 1025.1ms  cap=  3.1ms
    t+0   | +0.1723  -0.0026  -0.1710  +0.3031  -0.0006  -0.2375
    t+1   | +0.1573  +0.0720  -0.2268  +0.3174  -0.0050  -0.1031
    t+2   | +0.1550  +0.1317  -0.2671  +0.3021  -0.0585  -0.0561
    t+3   | +0.1305  +0.1460  -0.3078  +0.3111  -0.1154  -0.1516
    t+4   | +0.0592  +0.1559  -0.4140  +0.3367  -0.0574  -0.2039
[12:28:16] #  692 [bench] e2e= 1032.0ms  infer= 1028.5ms  cap=  3.3ms
    t+0   | +0.1027  +0.0011  -0.0997  +0.2443  -0.0042  +0.0470
    t+1   | +0.0924  +0.0236  -0.1210  +0.2385  +0.0356  -0.0904
    t+2   | +0.1258  +0.0200  -0.1649  +0.2396  +0.0347  -0.2149
    t+3   | +0.0961  -0.0259  -0.1833  +0.2195  +0.0743  -0.6663
    t+4   | +0.0980  -0.0590  -0.1852  +0.2443  +0.0963  -0.5791
[12:28:17] #  693 [bench] e2e= 1027.2ms  infer= 1023.9ms  cap=  3.2ms
    t+0   | +0.0767  -0.0068  -0.2118  +0.3073  +0.0035  -0.2646
    t+1   | +0.0722  -0.0517  -0.1966  +0.3130  -0.0095  -0.3955
    t+2   | +0.0764  -0.1312  -0.1554  +0.2814  -0.0261  -0.3951
    t+3   | +0.0819  -0.1850  -0.1411  +0.2201  -0.0544  -0.4437
    t+4   | +0.0488  -0.2126  -0.1316  +0.2451  -0.0704  -0.6294
[12:28:18] #  694 [bench] e2e= 1031.6ms  infer= 1028.5ms  cap=  2.9ms
    t+0   | +0.1955  +0.0918  -0.1890  +0.3059  -0.0024  -0.0577
    t+1   | +0.1400  +0.0910  -0.1764  +0.2790  +0.0006  -0.2399
    t+2   | +0.1516  +0.1203  -0.2180  +0.3181  -0.0120  -0.2475
    t+3   | +0.1856  +0.1099  -0.2313  +0.3335  -0.0295  -0.1316
    t+4   | +0.1853  +0.1400  -0.2034  +0.3499  -0.0353  -0.0629
[12:28:19] #  695 [bench] e2e= 1030.1ms  infer= 1026.7ms  cap=  3.2ms
    t+0   | +0.1950  -0.0475  -0.0886  +0.2820  +0.0524  -0.1726
    t+1   | +0.1564  -0.0548  -0.1088  +0.2955  +0.0119  -0.1376
    t+2   | +0.1336  +0.0604  -0.1554  +0.3095  -0.0235  -0.0073
    t+3   | +0.1039  +0.2034  -0.2936  +0.3525  -0.0815  +0.0947
    t+4   | +0.1408  +0.2597  -0.3249  +0.3780  -0.0909  +0.1917
[12:28:20] #  696 [bench] e2e= 1030.4ms  infer= 1027.4ms  cap=  2.8ms
    t+0   | +0.1402  -0.1291  -0.0679  +0.2387  -0.0051  -0.2349
    t+1   | +0.1251  -0.0659  -0.1470  +0.2988  +0.0061  -0.0351
    t+2   | +0.1484  +0.1176  -0.4415  +0.4284  -0.0318  +0.1320
    t+3   | +0.2006  +0.1660  -0.4419  +0.4155  -0.0167  -0.0176
    t+4   | +0.2248  +0.1361  -0.3527  +0.3489  -0.0368  +0.0543
[12:28:21] #  697 [bench] e2e= 1037.0ms  infer= 1033.5ms  cap=  3.3ms
    t+0   | -0.2278  -0.2558  +0.1352  +0.1153  +0.1860  +0.3523
    t+1   | -0.1896  -0.2104  +0.0636  +0.1185  +0.1820  +0.1636
    t+2   | -0.1018  -0.1558  +0.0013  +0.1487  +0.1498  +0.2129
    t+3   | -0.0678  -0.0778  -0.0391  +0.1691  +0.1621  +0.2866
    t+4   | -0.0167  -0.0387  -0.0615  +0.2106  +0.1438  +0.2569
[12:28:22] #  698 [bench] e2e= 1031.0ms  infer= 1027.5ms  cap=  3.3ms
    t+0   | +0.1384  -0.1606  +0.0027  +0.1929  +0.0052  -0.1228
    t+1   | +0.0349  -0.1102  -0.0650  +0.2262  -0.0909  -0.0107
    t+2   | +0.0162  -0.0475  -0.0955  +0.2330  -0.1490  +0.0407
    t+3   | -0.0118  +0.0575  -0.0984  +0.2474  -0.1621  +0.1711
    t+4   | +0.0365  +0.0415  -0.0893  +0.2440  -0.0579  +0.0949
[12:28:23] #  699 [bench] e2e= 1065.5ms  infer= 1062.6ms  cap=  2.7ms
    t+0   | +0.0434  -0.1144  -0.0508  +0.1574  -0.0165  -0.4551
    t+1   | +0.0864  -0.0828  -0.1295  +0.2016  -0.0431  -0.3439
    t+2   | +0.1178  -0.0793  -0.1533  +0.2057  -0.0493  -0.1946
    t+3   | +0.0839  -0.0402  -0.1941  +0.2337  -0.0826  -0.1003
    t+4   | +0.0901  +0.0006  -0.2450  +0.2390  -0.0454  +0.0883
[12:28:24] #  700 [bench] e2e= 1064.1ms  infer= 1061.1ms  cap=  2.8ms
    t+0   | -0.0058  -0.2061  -0.0312  +0.1513  -0.0471  -0.4238
    t+1   | -0.0451  -0.1483  -0.0979  +0.1588  -0.0735  -0.3551
    t+2   | -0.0750  -0.0891  -0.1183  +0.1794  -0.0078  -0.2328
    t+3   | -0.0412  -0.0602  -0.1150  +0.1939  -0.0203  -0.2646
    t+4   | -0.0469  -0.1083  -0.0651  +0.1951  +0.0260  -0.2771
[12:28:25] #  701 [bench] e2e= 1026.1ms  infer= 1022.3ms  cap=  3.7ms
    t+0   | +0.0246  +0.0304  -0.3502  +0.3397  -0.2013  -0.1782
    t+1   | +0.0208  +0.0595  -0.3806  +0.3277  -0.2185  -0.1761
    t+2   | +0.0216  +0.0539  -0.3219  +0.2903  -0.2066  -0.1573
    t+3   | +0.0145  +0.0676  -0.2823  +0.2673  -0.1733  -0.0947
    t+4   | +0.0337  +0.0990  -0.2590  +0.2739  -0.1315  +0.0254
[12:28:26] #  702 [bench] e2e= 1029.2ms  infer= 1025.9ms  cap=  3.2ms
    t+0   | +0.0646  -0.0697  -0.1290  +0.2209  -0.0369  -0.5919
    t+1   | -0.1411  -0.2081  +0.1215  +0.1059  -0.0194  -0.5998
    t+2   | -0.1546  -0.2435  +0.2010  +0.0606  -0.0037  -0.5886
    t+3   | -0.0418  -0.1510  +0.0792  +0.1031  -0.0252  -0.3906
    t+4   | -0.0072  -0.0843  +0.0151  +0.1619  -0.0067  -0.3495
[12:28:27] #  703 [bench] e2e= 1025.7ms  infer= 1022.5ms  cap=  3.0ms
    t+0   | +0.0723  +0.0356  -0.0803  +0.2494  -0.0893  +0.1706
    t+1   | -0.0905  +0.0046  -0.0701  +0.2222  -0.1991  +0.1205
    t+2   | -0.0557  +0.0128  -0.0802  +0.2240  -0.1560  +0.0670
    t+3   | -0.0796  +0.0820  -0.1077  +0.2745  -0.1755  +0.0294
    t+4   | -0.0796  +0.0646  -0.1352  +0.2562  -0.1816  -0.0818
[12:28:28] #  704 [bench] e2e= 1030.3ms  infer= 1026.9ms  cap=  3.2ms
    t+0   | +0.0856  -0.0903  -0.0685  +0.1995  -0.0584  -0.1749
    t+1   | +0.1066  -0.0662  -0.1187  +0.2378  -0.0497  -0.0414
    t+2   | +0.0742  +0.0119  -0.1352  +0.2758  -0.0369  +0.0658
    t+3   | +0.1014  +0.0501  -0.1422  +0.3250  -0.0518  +0.0898
    t+4   | +0.0575  +0.0849  -0.1723  +0.3404  -0.0166  +0.0614
[12:28:30] #  705 [bench] e2e= 1026.7ms  infer= 1023.8ms  cap=  2.8ms
    t+0   | -0.0166  -0.2274  +0.0367  +0.1637  -0.0488  -0.2487
    t+1   | +0.0196  -0.1213  -0.0408  +0.2007  -0.0259  -0.3674
    t+2   | +0.0774  -0.0453  -0.0986  +0.2404  -0.0089  -0.2433
    t+3   | +0.1002  +0.0688  -0.2309  +0.2564  +0.0150  +0.0365
    t+4   | +0.1134  +0.1336  -0.2700  +0.2724  +0.0393  +0.0887

  [live] after 700 bench steps — e2e mean=1035.0ms  |  max replan freq=0.97 Hz  |  max control freq=4.83 Hz (n_action_steps=5)

[12:28:31] #  706 [bench] e2e= 1032.2ms  infer= 1029.6ms  cap=  2.4ms
    t+0   | +0.1205  -0.1123  -0.0263  +0.2030  -0.0195  -0.2841
    t+1   | +0.1207  -0.1039  -0.0337  +0.2030  -0.0385  -0.2082
    t+2   | +0.0861  -0.0836  -0.0706  +0.2232  -0.0237  -0.1779
    t+3   | +0.0869  -0.0086  -0.1899  +0.2895  -0.0439  -0.0926
    t+4   | +0.1257  +0.0090  -0.2527  +0.3125  -0.0499  -0.0884
[12:28:32] #  707 [bench] e2e= 1024.6ms  infer= 1021.7ms  cap=  2.8ms
    t+0   | +0.0751  +0.0071  -0.1279  +0.2407  -0.0407  -0.1859
    t+1   | +0.0890  +0.0207  -0.1475  +0.2793  +0.0930  -0.1180
    t+2   | +0.1020  +0.0134  -0.1468  +0.2626  +0.0870  -0.1021
    t+3   | +0.0997  -0.0228  -0.1323  +0.2558  +0.0933  -0.1180
    t+4   | +0.0815  -0.0744  -0.1059  +0.2184  +0.0780  -0.4664
[12:28:33] #  708 [bench] e2e= 1028.3ms  infer= 1025.8ms  cap=  2.4ms
    t+0   | +0.0776  +0.0019  -0.1136  +0.2042  -0.0938  -0.2493
    t+1   | +0.0733  +0.0892  -0.2247  +0.2424  -0.0941  -0.4008
    t+2   | +0.1058  +0.1362  -0.3073  +0.3269  -0.1001  -0.5279
    t+3   | +0.1432  +0.1537  -0.3358  +0.3589  -0.1204  -0.5330
    t+4   | +0.1446  +0.1050  -0.2645  +0.3280  -0.1078  -0.4657
[12:28:34] #  709 [bench] e2e= 1032.7ms  infer= 1029.7ms  cap=  2.8ms
    t+0   | +0.1569  +0.0881  -0.2343  +0.3011  -0.2421  -0.1288
    t+1   | +0.1740  +0.1065  -0.2273  +0.2810  -0.2161  -0.0264
    t+2   | +0.1646  +0.1044  -0.2143  +0.2776  -0.1190  -0.0551
    t+3   | +0.1839  +0.0988  -0.2021  +0.2762  -0.0331  +0.0080
    t+4   | +0.1932  +0.1428  -0.1947  +0.3027  +0.0177  +0.0818
[12:28:35] #  710 [bench] e2e= 1031.9ms  infer= 1029.1ms  cap=  2.7ms
    t+0   | +0.1083  -0.1033  -0.0306  +0.2117  -0.0416  +0.0596
    t+1   | +0.0770  -0.0965  -0.0515  +0.2180  -0.0322  +0.0306
    t+2   | +0.1038  -0.0680  -0.0750  +0.2258  -0.0486  -0.0566
    t+3   | +0.1479  -0.0531  -0.0950  +0.2290  -0.0496  -0.0823
    t+4   | +0.1885  -0.0181  -0.1107  +0.2157  -0.0077  -0.0412
[12:28:36] #  711 [bench] e2e= 1034.6ms  infer= 1032.2ms  cap=  2.3ms
    t+0   | +0.1167  -0.0090  -0.2440  +0.2946  -0.0486  -0.1216
    t+1   | +0.0987  -0.0315  -0.3234  +0.2602  -0.0549  -0.0447
    t+2   | +0.0757  -0.0427  -0.2571  +0.2637  -0.0476  -0.0025
    t+3   | -0.0268  -0.0782  -0.1853  +0.2359  -0.0482  -0.0513
    t+4   | -0.0649  -0.0311  -0.2114  +0.2244  -0.0475  -0.0719
[12:28:37] #  712 [bench] e2e= 1035.6ms  infer= 1033.1ms  cap=  2.3ms
    t+0   | +0.2549  -0.0559  -0.1728  +0.3652  -0.1494  +1.0975
    t+1   | +0.1960  -0.0444  -0.1925  +0.3611  -0.1870  +1.1886
    t+2   | +0.1587  -0.0179  -0.1742  +0.3254  -0.1913  +1.2121
    t+3   | +0.1348  -0.0160  -0.1607  +0.3217  -0.1772  +1.0979
    t+4   | +0.0981  -0.0661  -0.1467  +0.3266  -0.1960  +0.8897
[12:28:38] #  713 [bench] e2e= 1035.7ms  infer= 1033.1ms  cap=  2.4ms
    t+0   | +0.1480  +0.0885  -0.2518  +0.3379  +0.0959  -0.0911
    t+1   | +0.0952  -0.0217  -0.1857  +0.2777  +0.1213  -0.2104
    t+2   | +0.0446  -0.0552  -0.1550  +0.2715  +0.0445  -0.2253
    t+3   | -0.0017  -0.1346  -0.1809  +0.2484  +0.0068  -0.2707
    t+4   | +0.0334  -0.1318  -0.2267  +0.2750  -0.0225  -0.3587
[12:28:39] #  714 [bench] e2e= 1040.5ms  infer= 1037.2ms  cap=  3.1ms
    t+0   | +0.1906  -0.0204  -0.0915  +0.2716  +0.0091  +0.2437
    t+1   | +0.1617  +0.0007  -0.1031  +0.2778  -0.0983  +0.6549
    t+2   | -0.0061  +0.0145  -0.1375  +0.1999  -0.1390  +0.4528
    t+3   | -0.0315  +0.0558  -0.1741  +0.2202  -0.1535  +0.5386
    t+4   | -0.0028  +0.1313  -0.2045  +0.2409  -0.0611  +0.2917
[12:28:40] #  715 [bench] e2e= 1039.8ms  infer= 1036.8ms  cap=  2.8ms
    t+0   | +0.2149  +0.1346  -0.1706  +0.3106  +0.0273  +0.2387
    t+1   | +0.2402  +0.0961  -0.1207  +0.2865  +0.0236  +0.0870
    t+2   | +0.2334  +0.0482  -0.0806  +0.2605  +0.0500  -0.1770
    t+3   | +0.2194  +0.0207  -0.0402  +0.2306  +0.0338  -0.1516
    t+4   | +0.2044  +0.0414  -0.0888  +0.2599  +0.0456  +0.0154
[12:28:41] #  716 [bench] e2e= 1036.6ms  infer= 1033.2ms  cap=  3.2ms
    t+0   | +0.1364  -0.0048  -0.0799  +0.2397  +0.0130  -0.1112
    t+1   | +0.1403  +0.0251  -0.1206  +0.2299  -0.0063  -0.0626
    t+2   | +0.1223  +0.0409  -0.1018  +0.2023  -0.0288  -0.0988
    t+3   | +0.0953  +0.0310  -0.1045  +0.2125  -0.0391  -0.1115
    t+4   | +0.1255  +0.0222  -0.0879  +0.2191  -0.0251  -0.0925
[12:28:42] #  717 [bench] e2e= 1031.7ms  infer= 1028.7ms  cap=  2.9ms
    t+0   | -0.0203  -0.1677  -0.0069  +0.1633  +0.0018  +0.1269
    t+1   | -0.0347  -0.1263  -0.0993  +0.2074  +0.0858  +0.0318
    t+2   | -0.0421  -0.0504  -0.2156  +0.2500  +0.0851  -0.0382
    t+3   | -0.0648  +0.0611  -0.3250  +0.2854  +0.0256  +0.0019
    t+4   | -0.0777  +0.0290  -0.2632  +0.2550  -0.0334  -0.0138
[12:28:43] #  718 [bench] e2e= 1030.0ms  infer= 1027.1ms  cap=  2.7ms
    t+0   | +0.0578  -0.1312  +0.0471  +0.1093  +0.0057  -0.6853
    t+1   | +0.0666  -0.0592  -0.0552  +0.1684  +0.0259  -0.4545
    t+2   | +0.0982  -0.0062  -0.1333  +0.2092  +0.0233  -0.1998
    t+3   | +0.1497  +0.1045  -0.2762  +0.3003  +0.0111  +0.1415
    t+4   | +0.2036  +0.1282  -0.2767  +0.3389  +0.0072  +0.4342
[12:28:44] #  719 [bench] e2e= 1026.7ms  infer= 1023.8ms  cap=  2.7ms
    t+0   | +0.1931  +0.1143  -0.1769  +0.2487  +0.0003  -0.0569
    t+1   | +0.1637  +0.1203  -0.1856  +0.2206  -0.0524  +0.0670
    t+2   | +0.1579  +0.1413  -0.2094  +0.2040  -0.0728  +0.1925
    t+3   | +0.1733  +0.1468  -0.1768  +0.2313  -0.0825  +0.3436
    t+4   | +0.1484  +0.1201  -0.1596  +0.2179  -0.0428  +0.2300
[12:28:45] #  720 [bench] e2e= 1040.2ms  infer= 1037.2ms  cap=  2.8ms
    t+0   | +0.1143  -0.0595  -0.0691  +0.2196  -0.0758  +0.0975
    t+1   | +0.0790  -0.0540  -0.1128  +0.1942  -0.0445  +0.0498
    t+2   | +0.0071  -0.0359  -0.1378  +0.2319  +0.0018  +0.0225
    t+3   | -0.0047  -0.0112  -0.1657  +0.2797  -0.0071  +0.1035
    t+4   | +0.0441  +0.0362  -0.1850  +0.2898  -0.0109  +0.1194
[12:28:46] #  721 [bench] e2e= 1028.5ms  infer= 1026.0ms  cap=  2.3ms
    t+0   | +0.2735  +0.1540  -0.2290  +0.3664  +0.0622  +0.5032
    t+1   | +0.2851  +0.1829  -0.2489  +0.3545  +0.0575  +0.3675
    t+2   | +0.2739  +0.1334  -0.2271  +0.3048  +0.0315  +0.3403
    t+3   | +0.2546  +0.1332  -0.2072  +0.3168  +0.0822  +0.2574
    t+4   | +0.2215  +0.1300  -0.2199  +0.3353  +0.0739  +0.1276
[12:28:47] #  722 [bench] e2e= 1039.5ms  infer= 1037.2ms  cap=  2.1ms
    t+0   | +0.1880  +0.0636  -0.0997  +0.2022  -0.0309  -0.5765
    t+1   | +0.1893  +0.1511  -0.2253  +0.2405  -0.0811  -0.4289
    t+2   | +0.1995  +0.1573  -0.2249  +0.2773  -0.1032  +0.0850
    t+3   | +0.1295  +0.1579  -0.1833  +0.2880  -0.1254  +0.6678
    t+4   | +0.0880  +0.1051  -0.1468  +0.2443  -0.1305  +0.3884
[12:28:48] #  723 [bench] e2e= 1036.9ms  infer= 1033.7ms  cap=  3.0ms
    t+0   | +0.1255  -0.0498  -0.0234  +0.1394  +0.0145  -0.6797
    t+1   | +0.1342  -0.0355  -0.0491  +0.1184  +0.0349  -0.7129
    t+2   | +0.1238  -0.0391  +0.0016  +0.1141  +0.0280  -0.7436
    t+3   | +0.1205  -0.0749  +0.0187  +0.1334  +0.0205  -0.7185
    t+4   | +0.1473  -0.0516  -0.0114  +0.1374  +0.0002  -0.4082
[12:28:49] #  724 [bench] e2e= 1031.9ms  infer= 1029.5ms  cap=  2.3ms
    t+0   | +0.0508  +0.0139  -0.0664  +0.1814  -0.0332  -0.2539
    t+1   | +0.0748  +0.0144  -0.0791  +0.2034  -0.0548  -0.0265
    t+2   | +0.0930  +0.0837  -0.1340  +0.2643  -0.0915  +0.2359
    t+3   | +0.0624  +0.0948  -0.1591  +0.2871  -0.0793  +0.1186
    t+4   | +0.1035  +0.0979  -0.1758  +0.2977  -0.0482  +0.0372
[12:28:50] #  725 [bench] e2e= 1035.6ms  infer= 1033.4ms  cap=  2.1ms
    t+0   | +0.1849  +0.0946  -0.2453  +0.3816  +0.0020  -0.1368
    t+1   | +0.2107  +0.0693  -0.1467  +0.3315  +0.1391  -0.4290
    t+2   | +0.2456  +0.0867  -0.1062  +0.3120  +0.2469  -0.5090
    t+3   | +0.2802  +0.0652  -0.1123  +0.3293  +0.2851  +0.0357
    t+4   | +0.2900  +0.1157  -0.1262  +0.3392  +0.2812  -0.1892

  [live] after 720 bench steps — e2e mean=1035.0ms  |  max replan freq=0.97 Hz  |  max control freq=4.83 Hz (n_action_steps=5)

[12:28:51] #  726 [bench] e2e= 1036.0ms  infer= 1033.5ms  cap=  2.3ms
    t+0   | +0.0221  -0.1047  +0.0326  +0.1332  -0.0187  -0.0607
    t+1   | +0.0095  -0.0623  -0.0262  +0.1564  -0.1079  +0.0453
    t+2   | +0.0745  -0.0079  -0.0996  +0.2274  -0.1351  +0.2457
    t+3   | +0.1097  +0.0140  -0.1423  +0.2513  -0.1159  +0.3226
    t+4   | +0.1663  +0.0598  -0.1834  +0.2705  -0.1039  +0.3008
[12:28:52] #  727 [bench] e2e= 1031.8ms  infer= 1029.3ms  cap=  2.3ms
    t+0   | +0.1858  -0.0741  -0.0528  +0.3112  +0.0826  +0.0478
    t+1   | +0.1207  -0.0976  +0.0067  +0.2907  +0.1639  -0.0593
    t+2   | +0.0612  -0.0828  +0.0433  +0.2573  +0.1653  -0.2006
    t+3   | +0.0651  -0.0743  -0.0132  +0.2318  +0.1167  -0.1964
    t+4   | +0.0800  -0.0571  -0.0443  +0.2572  +0.0588  -0.1444
[12:28:53] #  728 [bench] e2e= 1029.9ms  infer= 1027.5ms  cap=  2.3ms
    t+0   | +0.0573  -0.1559  +0.0029  +0.1716  -0.0816  -0.1916
    t+1   | +0.1147  -0.0870  -0.0462  +0.2115  +0.0023  -0.2806
    t+2   | +0.1333  -0.0925  -0.0863  +0.2164  +0.0256  -0.2215
    t+3   | +0.1525  -0.0773  -0.1192  +0.2208  -0.0119  -0.1567
    t+4   | +0.1827  +0.0541  -0.1988  +0.2036  -0.1093  -0.0667
[12:28:54] #  729 [bench] e2e= 1034.9ms  infer= 1031.9ms  cap=  2.8ms
    t+0   | +0.0736  -0.0114  -0.0815  +0.1879  +0.0029  -0.6356
    t+1   | +0.0265  -0.0422  -0.0783  +0.1615  -0.0292  -0.4762
    t+2   | -0.0055  -0.0337  -0.0670  +0.1365  -0.0604  -0.3958
    t+3   | -0.0078  -0.0051  -0.0514  +0.1368  -0.0828  -0.3761
    t+4   | -0.0106  -0.0157  -0.0879  +0.1342  -0.1051  -0.3757
[12:28:55] #  730 [bench] e2e= 1065.3ms  infer= 1062.5ms  cap=  2.6ms
    t+0   | +0.0891  -0.1468  +0.0225  +0.2020  +0.0499  +0.0913
    t+1   | +0.0518  -0.0480  -0.0405  +0.2537  +0.0650  +0.2890
    t+2   | +0.0570  +0.0432  -0.1228  +0.2734  +0.0736  +0.0712
    t+3   | +0.1081  +0.0960  -0.1995  +0.2747  +0.0473  +0.0500
    t+4   | +0.1221  +0.1744  -0.2948  +0.3126  +0.0355  +0.1230
[12:28:56] #  731 [bench] e2e= 1028.1ms  infer= 1025.3ms  cap=  2.6ms
    t+0   | +0.0192  -0.0869  -0.0258  +0.1276  -0.0372  -0.2556
    t+1   | +0.0495  -0.0578  -0.0667  +0.1471  -0.1054  -0.1984
    t+2   | +0.0532  -0.0387  -0.1014  +0.1785  -0.0691  -0.1633
    t+3   | +0.0606  -0.0246  -0.1140  +0.2249  -0.0675  -0.1472
    t+4   | +0.0461  -0.0363  -0.1354  +0.2527  -0.0754  -0.0895
[12:28:57] #  732 [bench] e2e= 1032.0ms  infer= 1029.2ms  cap=  2.6ms
    t+0   | +0.1475  +0.0151  -0.1637  +0.2570  +0.0165  +0.0252
    t+1   | +0.1169  -0.0234  -0.1345  +0.2422  +0.0448  +0.0250
    t+2   | +0.0749  -0.0443  -0.1144  +0.2149  +0.0633  +0.0649
    t+3   | +0.0017  -0.0311  -0.1028  +0.2337  +0.0390  +0.0292
    t+4   | -0.0369  +0.0126  -0.1834  +0.2645  +0.0006  +0.0185
[12:28:58] #  733 [bench] e2e= 1033.2ms  infer= 1030.0ms  cap=  3.0ms
    t+0   | +0.0963  -0.0656  -0.0124  +0.1788  +0.1190  +0.0693
    t+1   | +0.0989  -0.0674  -0.0526  +0.1761  +0.1118  +0.0024
    t+2   | +0.0767  -0.1209  -0.0462  +0.1466  +0.0682  -0.0621
    t+3   | +0.0235  -0.1136  -0.0194  +0.1473  +0.0444  -0.1049
    t+4   | -0.0144  -0.1342  +0.0028  +0.1758  +0.0178  -0.0630
[12:29:00] #  734 [bench] e2e= 1037.7ms  infer= 1034.5ms  cap=  3.0ms
    t+0   | +0.0716  -0.0780  -0.0692  +0.2420  -0.0254  -0.2623
    t+1   | +0.1043  -0.0235  -0.1056  +0.2681  -0.0444  +0.1909
    t+2   | +0.1050  +0.0019  -0.1026  +0.2268  -0.0379  +0.1518
    t+3   | -0.0232  -0.0251  -0.0514  +0.1670  -0.0556  +0.0756
    t+4   | -0.0359  -0.0719  -0.0252  +0.1424  -0.0763  +0.1117
[12:29:01] #  735 [bench] e2e= 1029.3ms  infer= 1026.5ms  cap=  2.6ms
    t+0   | +0.1892  -0.0066  -0.1628  +0.3306  +0.0360  -0.3285
    t+1   | +0.1265  -0.0247  -0.1365  +0.3136  -0.0124  -0.3388
    t+2   | +0.1274  -0.0240  -0.1388  +0.2793  -0.0205  -0.1275
    t+3   | +0.1355  +0.0414  -0.1468  +0.2763  -0.0117  +0.1106
    t+4   | +0.1250  +0.0655  -0.1295  +0.2630  +0.0044  +0.0300
[12:29:02] #  736 [bench] e2e= 1063.5ms  infer= 1060.6ms  cap=  2.7ms
    t+0   | +0.0565  -0.2014  -0.0079  +0.2293  +0.0721  -0.2063
    t+1   | +0.0818  -0.0998  -0.0773  +0.2468  +0.0495  -0.1310
    t+2   | +0.1094  -0.0706  -0.0807  +0.2089  +0.0050  -0.1649
    t+3   | +0.1199  -0.0570  -0.0788  +0.2476  -0.0261  -0.2026
    t+4   | +0.0938  -0.0342  -0.0731  +0.2286  -0.0598  -0.1239
[12:29:03] #  737 [bench] e2e= 1026.3ms  infer= 1023.0ms  cap=  3.1ms
    t+0   | +0.0174  +0.1683  -0.3020  +0.3219  -0.1536  +1.2803
    t+1   | +0.0959  +0.0860  -0.2235  +0.2760  -0.1094  +0.8747
    t+2   | +0.1254  +0.0594  -0.1642  +0.2609  -0.0469  -0.0566
    t+3   | +0.1214  +0.0442  -0.1277  +0.2785  +0.0494  -0.0763
    t+4   | +0.1341  +0.0862  -0.1076  +0.2681  +0.1161  -0.1373
[12:29:04] #  738 [bench] e2e= 1031.0ms  infer= 1027.8ms  cap=  3.1ms
    t+0   | +0.0476  -0.1036  -0.0524  +0.1884  -0.1211  -0.4594
    t+1   | +0.1094  -0.0099  -0.1401  +0.2596  +0.0102  -0.0952
    t+2   | +0.2153  +0.0624  -0.2631  +0.3614  +0.1841  -0.0752
    t+3   | +0.1826  +0.0715  -0.3076  +0.4041  +0.2502  -0.0994
    t+4   | +0.1223  +0.0955  -0.3594  +0.4354  +0.2744  -0.0290
[12:29:05] #  739 [bench] e2e= 1027.0ms  infer= 1024.1ms  cap=  2.8ms
    t+0   | +0.1537  +0.0111  -0.2710  +0.3302  -0.1904  +0.1137
    t+1   | +0.1250  +0.1788  -0.4172  +0.3306  -0.2384  +0.1088
    t+2   | +0.1575  +0.2113  -0.4330  +0.3451  -0.2061  +0.3980
    t+3   | +0.2015  +0.1972  -0.4032  +0.3406  -0.1587  +0.8326
    t+4   | +0.1506  +0.2527  -0.4820  +0.3486  -0.2273  +0.8616
[12:29:06] #  740 [bench] e2e= 1027.1ms  infer= 1023.9ms  cap=  3.1ms
    t+0   | +0.3465  +0.0884  -0.2130  +0.3034  -0.0977  -0.3266
    t+1   | +0.3117  +0.0695  -0.2482  +0.3076  -0.0787  -0.0892
    t+2   | +0.2731  +0.0778  -0.3187  +0.3108  +0.1480  -0.0409
    t+3   | +0.2723  +0.0867  -0.2842  +0.3060  +0.1072  +0.0157
    t+4   | +0.2916  +0.0484  -0.2117  +0.2739  +0.0709  +0.1874
[12:29:07] #  741 [bench] e2e= 1030.9ms  infer= 1028.2ms  cap=  2.6ms
    t+0   | -0.0214  -0.0629  -0.0237  +0.1047  -0.1753  -0.1399
    t+1   | -0.1309  -0.0829  -0.1414  +0.1011  -0.1295  -0.4703
    t+2   | -0.1625  -0.2241  -0.3023  +0.1609  -0.1331  -0.4923
    t+3   | -0.1394  -0.2218  -0.2936  +0.1941  -0.0795  -0.4961
    t+4   | -0.0647  -0.2287  -0.2529  +0.1359  -0.0851  -0.6471
[12:29:08] #  742 [bench] e2e= 1029.7ms  infer= 1026.8ms  cap=  2.8ms
    t+0   | +0.0862  +0.0198  -0.0888  +0.1904  +0.0949  -0.5714
    t+1   | +0.0494  -0.0387  -0.0227  +0.1558  +0.0409  -0.4927
    t+2   | +0.0245  -0.0557  +0.0013  +0.1250  -0.0347  -0.4169
    t+3   | +0.0185  -0.1118  -0.0657  +0.1366  -0.0908  -0.3579
    t+4   | +0.0310  -0.1075  -0.0856  +0.1559  -0.1037  -0.3880
[12:29:09] #  743 [bench] e2e= 1030.2ms  infer= 1027.2ms  cap=  2.8ms
    t+0   | +0.1749  +0.0313  -0.2116  +0.3607  -0.3255  +1.8028
    t+1   | +0.1872  -0.0019  -0.1417  +0.3074  -0.2763  +1.6935
    t+2   | +0.1409  -0.0297  -0.0484  +0.2375  -0.2984  +1.4157
    t+3   | +0.0713  -0.0333  +0.0121  +0.2173  -0.2776  +1.3587
    t+4   | +0.0541  -0.0621  +0.0085  +0.2031  -0.2925  +1.3047
[12:29:10] #  744 [bench] e2e= 1028.7ms  infer= 1025.4ms  cap=  3.1ms
    t+0   | +0.1567  -0.0487  -0.1420  +0.2704  +0.0123  -0.1831
    t+1   | +0.0707  -0.0920  -0.0929  +0.2227  -0.0523  -0.2452
    t+2   | +0.0382  -0.0849  -0.0719  +0.1929  -0.0697  -0.3228
    t+3   | +0.0775  -0.0813  -0.0581  +0.1502  -0.0229  -0.5735
    t+4   | +0.0464  -0.1102  -0.0348  +0.1363  -0.0028  -0.6644
[12:29:11] #  745 [bench] e2e= 1028.3ms  infer= 1025.4ms  cap=  2.8ms
    t+0   | +0.1876  -0.0546  -0.0662  +0.2457  +0.0052  +0.0297
    t+1   | +0.1691  -0.0520  -0.1524  +0.2500  -0.0213  +0.0160
    t+2   | +0.1574  -0.0599  -0.1842  +0.2400  -0.0226  +0.0326
    t+3   | +0.1110  +0.0033  -0.1793  +0.2873  -0.0249  +0.4605
    t+4   | +0.0625  +0.0618  -0.1956  +0.3006  -0.0272  +0.2421

  [live] after 740 bench steps — e2e mean=1034.9ms  |  max replan freq=0.97 Hz  |  max control freq=4.83 Hz (n_action_steps=5)

[12:29:12] #  746 [bench] e2e= 1033.5ms  infer= 1030.1ms  cap=  3.3ms
    t+0   | +0.1432  -0.0628  -0.0364  +0.2124  -0.0774  -0.3925
    t+1   | +0.1135  +0.0057  -0.0380  +0.2136  -0.2108  -0.6039
    t+2   | +0.1027  +0.0065  +0.0140  +0.1655  -0.2830  -0.6560
    t+3   | +0.0890  +0.0030  +0.0290  +0.1741  -0.2623  -0.6582
    t+4   | +0.0728  -0.0027  +0.0214  +0.1830  -0.2430  -0.6883
[12:29:13] #  747 [bench] e2e= 1053.1ms  infer= 1050.6ms  cap=  2.3ms
    t+0   | +0.1425  -0.0934  +0.0103  +0.1999  +0.1128  -0.3549
    t+1   | +0.0906  -0.0774  -0.0084  +0.1831  +0.1874  -0.5736
    t+2   | -0.0447  -0.0968  -0.0230  +0.1658  +0.2217  -0.6657
    t+3   | -0.0443  -0.1005  -0.0827  +0.1540  +0.1896  -0.6696
    t+4   | -0.0049  -0.1161  -0.1048  +0.1884  +0.1776  -0.6333
[12:29:14] #  748 [bench] e2e= 1040.3ms  infer= 1037.9ms  cap=  2.3ms
    t+0   | +0.3514  +0.1383  -0.2426  +0.3278  -0.0770  +0.0501
    t+1   | +0.2193  +0.0386  -0.1680  +0.2638  -0.1849  -0.0660
    t+2   | +0.1210  +0.0413  -0.1347  +0.2571  -0.2405  -0.0007
    t+3   | +0.1012  +0.0373  -0.1386  +0.2348  -0.1818  +0.0081
    t+4   | +0.1085  +0.0489  -0.1223  +0.2325  -0.1522  -0.0179
[12:29:15] #  749 [bench] e2e= 1035.2ms  infer= 1032.5ms  cap=  2.6ms
    t+0   | +0.1444  -0.0428  -0.0340  +0.1797  +0.1987  -0.4662
    t+1   | +0.1144  -0.0833  -0.0500  +0.1529  +0.1632  -0.3821
    t+2   | +0.0469  -0.1407  -0.0246  +0.0625  +0.0996  -0.4869
    t+3   | +0.0080  -0.1438  -0.0445  +0.0684  +0.0299  -0.4269
    t+4   | -0.1004  -0.0824  -0.2106  +0.1589  -0.0790  -0.3776
[12:29:16] #  750 [bench] e2e= 1026.5ms  infer= 1023.6ms  cap=  2.6ms
    t+0   | +0.1467  -0.0057  -0.0649  +0.2652  +0.1379  +0.0376
    t+1   | +0.1194  -0.0316  -0.0979  +0.2567  +0.0563  -0.0597
    t+2   | +0.1138  -0.0751  -0.0510  +0.2308  +0.0796  -0.6456
    t+3   | +0.1459  -0.0504  -0.0366  +0.2125  +0.0533  -0.7088
    t+4   | +0.1867  -0.0103  -0.1462  +0.2524  +0.0499  -0.6938
[12:29:17] #  751 [bench] e2e= 1081.8ms  infer= 1079.1ms  cap=  2.5ms
    t+0   | +0.1316  -0.0541  -0.0613  +0.2566  -0.0004  +0.1742
    t+1   | +0.0388  -0.0731  -0.0674  +0.2488  -0.0054  +0.0296
    t+2   | +0.0273  -0.0838  -0.0651  +0.2419  -0.0346  -0.1086
    t+3   | +0.0349  -0.0218  -0.1466  +0.2083  -0.0515  -0.1526
    t+4   | +0.0843  +0.0308  -0.1816  +0.2079  -0.0184  -0.0948
[12:29:18] #  752 [bench] e2e= 1040.7ms  infer= 1038.0ms  cap=  2.6ms
    t+0   | +0.0829  +0.0475  -0.1314  +0.2789  +0.0076  +0.0684
    t+1   | +0.0161  +0.0729  -0.2120  +0.2855  +0.0072  +0.0235
    t+2   | +0.0378  +0.0924  -0.3095  +0.2962  +0.0187  -0.0154
    t+3   | +0.1168  +0.0867  -0.2860  +0.3155  -0.0005  +0.0034
    t+4   | +0.1432  +0.0938  -0.2706  +0.3273  -0.0289  +0.0174
[12:29:19] #  753 [bench] e2e= 1028.5ms  infer= 1025.3ms  cap=  3.0ms
    t+0   | +0.2265  +0.0512  -0.0790  +0.2340  -0.0346  +0.2365
    t+1   | +0.1973  +0.0547  -0.0689  +0.2213  -0.0784  +0.1468
    t+2   | +0.0830  +0.0594  -0.1465  +0.2313  -0.1201  +0.2735
    t+3   | +0.0380  +0.1134  -0.2104  +0.2580  -0.1200  +0.2266
    t+4   | +0.0542  +0.1744  -0.2388  +0.2772  -0.0541  +0.2823
[12:29:20] #  754 [bench] e2e= 1046.9ms  infer= 1045.2ms  cap=  1.5ms
    t+0   | +0.0658  -0.0470  -0.1281  +0.2739  -0.0040  -0.2744
    t+1   | +0.0461  -0.0710  -0.1421  +0.2742  +0.0032  -0.2328
    t+2   | +0.0093  -0.0762  -0.1307  +0.2808  +0.0479  -0.1770
    t+3   | +0.0091  -0.0849  -0.1740  +0.2570  -0.0569  -0.1502
    t+4   | +0.0053  -0.0212  -0.1820  +0.2714  -0.1200  -0.1807
[12:29:21] #  755 [bench] e2e= 1035.5ms  infer= 1032.5ms  cap=  2.9ms
    t+0   | +0.2132  -0.0604  -0.0230  +0.2813  +0.1808  +0.6332
    t+1   | +0.1481  -0.1699  +0.0453  +0.2133  +0.2352  +0.1882
    t+2   | +0.1203  -0.1685  +0.0509  +0.2065  +0.1861  +0.0583
    t+3   | +0.1317  -0.0934  -0.0021  +0.2517  +0.1195  +0.3696
    t+4   | +0.1125  -0.0398  -0.0644  +0.2602  +0.0788  +0.3056
[12:29:22] #  756 [bench] e2e= 1029.4ms  infer= 1026.7ms  cap=  2.5ms
    t+0   | +0.2007  +0.1718  -0.2033  +0.3020  +0.0838  +0.0889
    t+1   | +0.2398  +0.2373  -0.2739  +0.3298  +0.1229  +0.1037
    t+2   | +0.2491  +0.2458  -0.3077  +0.3106  +0.1867  +0.0268
    t+3   | +0.2346  +0.1929  -0.2456  +0.3010  +0.1910  -0.0245
    t+4   | +0.1991  +0.1628  -0.2199  +0.3093  +0.2211  -0.0686
[12:29:23] #  757 [bench] e2e= 1031.8ms  infer= 1028.9ms  cap=  2.7ms
    t+0   | +0.2005  -0.0298  -0.1373  +0.2707  -0.0543  +0.0943
    t+1   | +0.1062  -0.0606  -0.1006  +0.2543  +0.0955  +0.1734
    t+2   | +0.1028  -0.0959  -0.0804  +0.2262  +0.0876  +0.1345
    t+3   | +0.1064  -0.0604  -0.0777  +0.2447  +0.1043  +0.1009
    t+4   | +0.1196  -0.0801  -0.1053  +0.2589  +0.1384  +0.0378
[12:29:24] #  758 [bench] e2e= 1078.5ms  infer= 1075.8ms  cap=  2.6ms
    t+0   | +0.2714  -0.0120  -0.1367  +0.3055  -0.0406  +0.1171
    t+1   | +0.2507  -0.0189  -0.1733  +0.3128  -0.1024  +0.0857
    t+2   | +0.1947  +0.0144  -0.2211  +0.2929  -0.1357  +0.0567
    t+3   | +0.0463  -0.0481  -0.1369  +0.2404  -0.1166  +0.0025
    t+4   | -0.0110  -0.0413  -0.1378  +0.2308  -0.1134  +0.0139
[12:29:25] #  759 [bench] e2e= 1033.6ms  infer= 1030.3ms  cap=  3.0ms
    t+0   | +0.1151  +0.0538  -0.1861  +0.2767  -0.1329  +0.1222
    t+1   | +0.1404  +0.0333  -0.1566  +0.2569  -0.1110  -0.0439
    t+2   | +0.1557  +0.0126  -0.1544  +0.2380  -0.0995  -0.1219
    t+3   | +0.0866  +0.0256  -0.1495  +0.2526  -0.1143  +0.1657
    t+4   | +0.0337  +0.0841  -0.1721  +0.2706  -0.1822  +0.1821
[12:29:27] #  760 [bench] e2e= 1030.1ms  infer= 1027.0ms  cap=  2.9ms
    t+0   | +0.2574  -0.0065  -0.1393  +0.2824  +0.0551  +0.1868
    t+1   | +0.2068  -0.0783  -0.0826  +0.2346  +0.1257  -0.0668
    t+2   | +0.1390  -0.1445  -0.0320  +0.1833  +0.1401  -0.1989
    t+3   | +0.0928  -0.1466  -0.0018  +0.1632  +0.1333  -0.2355
    t+4   | +0.0425  -0.1441  -0.0065  +0.1415  +0.1401  -0.2432
[12:29:28] #  761 [bench] e2e= 1028.2ms  infer= 1025.1ms  cap=  2.9ms
    t+0   | +0.1424  -0.0325  -0.0669  +0.2153  +0.0834  -0.2219
    t+1   | +0.1326  -0.0295  -0.0640  +0.2086  +0.0167  -0.1060
    t+2   | +0.1379  -0.0225  -0.0912  +0.1916  -0.0379  -0.0582
    t+3   | +0.1281  -0.0117  -0.0933  +0.1870  -0.0840  -0.0564
    t+4   | +0.0661  +0.0026  -0.1223  +0.1749  -0.0868  -0.0846
[12:29:29] #  762 [bench] e2e= 1029.1ms  infer= 1025.5ms  cap=  3.3ms
    t+0   | -0.0281  -0.1270  -0.0080  +0.1388  +0.0000  -0.1165
    t+1   | -0.0532  -0.0860  -0.0922  +0.1654  -0.0075  -0.2085
    t+2   | -0.0524  +0.0010  -0.1756  +0.2127  +0.0409  -0.1177
    t+3   | -0.0092  +0.0148  -0.2107  +0.2231  +0.0407  -0.0672
    t+4   | +0.0313  +0.0246  -0.2287  +0.1916  +0.0285  -0.0018
[12:29:30] #  763 [bench] e2e= 1025.7ms  infer= 1022.2ms  cap=  3.4ms
    t+0   | +0.0931  +0.0014  -0.0856  +0.2601  -0.0342  -0.0200
    t+1   | -0.0483  +0.0044  -0.1061  +0.2705  -0.0349  -0.0516
    t+2   | -0.0695  +0.0221  -0.1081  +0.2359  -0.0427  -0.0476
    t+3   | -0.1190  -0.0067  -0.0658  +0.1728  -0.0382  -0.1386
    t+4   | -0.2440  -0.0915  -0.0266  +0.1173  +0.0054  -0.2070
[12:29:31] #  764 [bench] e2e= 1024.8ms  infer= 1021.2ms  cap=  3.4ms
    t+0   | +0.0950  +0.0224  -0.1082  +0.2691  -0.0693  -0.0404
    t+1   | +0.0973  +0.1254  -0.1873  +0.3154  -0.0176  +0.2279
    t+2   | +0.0843  +0.1427  -0.1987  +0.3420  -0.0351  +0.2579
    t+3   | +0.0850  +0.1212  -0.1816  +0.3377  -0.0333  +0.1003
    t+4   | +0.0996  +0.0999  -0.1477  +0.3235  -0.0499  +0.0183
[12:29:32] #  765 [bench] e2e= 1060.8ms  infer= 1057.4ms  cap=  3.3ms
    t+0   | +0.1598  -0.0738  -0.1268  +0.2659  -0.0382  +0.0926
    t+1   | +0.0223  -0.0761  -0.0932  +0.2360  +0.0637  +0.0282
    t+2   | -0.1065  -0.0277  -0.1584  +0.2552  +0.1488  +0.0384
    t+3   | -0.0836  -0.0254  -0.1955  +0.2537  +0.1106  +0.1825
    t+4   | -0.0386  -0.0032  -0.1995  +0.2547  +0.1124  +0.2768

  [live] after 760 bench steps — e2e mean=1035.1ms  |  max replan freq=0.97 Hz  |  max control freq=4.83 Hz (n_action_steps=5)

[12:29:33] #  766 [bench] e2e= 1093.0ms  infer= 1089.6ms  cap=  3.2ms
    t+0   | +0.1391  +0.1264  -0.1860  +0.2484  -0.0009  +0.0397
    t+1   | +0.1374  +0.1331  -0.1655  +0.2484  +0.0132  +0.0264
    t+2   | +0.1138  +0.0859  -0.1597  +0.2077  +0.0343  +0.0871
    t+3   | +0.0683  +0.0359  -0.1689  +0.1706  +0.0436  +0.0394
    t+4   | +0.0669  -0.0061  -0.1537  +0.1875  +0.0334  -0.0060
[12:29:34] #  767 [bench] e2e= 1057.2ms  infer= 1053.9ms  cap=  3.1ms
    t+0   | +0.0655  -0.1088  -0.0210  +0.1948  -0.0082  -0.0261
    t+1   | +0.0833  -0.0980  -0.0450  +0.1973  -0.0483  -0.0296
    t+2   | +0.0406  -0.0611  -0.0562  +0.2170  -0.0390  -0.0021
    t+3   | +0.0426  -0.0398  -0.0978  +0.2027  -0.0133  +0.1344
    t+4   | +0.0324  -0.0051  -0.0920  +0.1972  -0.0210  +0.3230
[12:29:35] #  768 [bench] e2e= 1079.9ms  infer= 1076.5ms  cap=  3.2ms
    t+0   | -0.0432  +0.0019  -0.1230  +0.2071  -0.2205  -0.0309
    t+1   | -0.1639  +0.0229  -0.1544  +0.2058  -0.1991  -0.0648
    t+2   | -0.1112  +0.0170  -0.1784  +0.2173  -0.1699  -0.0431
    t+3   | -0.0262  +0.0309  -0.1763  +0.2304  -0.1424  -0.0414
    t+4   | +0.0412  +0.0283  -0.1353  +0.2334  -0.0934  -0.0643
[12:29:36] #  769 [bench] e2e= 1030.1ms  infer= 1027.0ms  cap=  2.9ms
    t+0   | +0.2445  -0.0397  -0.0422  +0.2402  +0.0022  +0.1360
    t+1   | +0.2289  -0.0115  -0.0596  +0.2348  -0.0071  +0.0513
    t+2   | +0.1718  +0.0109  -0.0731  +0.2058  -0.0691  +0.1512
    t+3   | +0.0784  +0.0216  -0.0864  +0.2208  -0.0898  +0.1615
    t+4   | +0.0226  +0.0144  -0.0909  +0.2134  -0.0568  -0.1894
[12:29:37] #  770 [bench] e2e= 1028.7ms  infer= 1025.2ms  cap=  3.4ms
    t+0   | -0.0471  -0.2515  +0.0903  +0.1310  -0.0446  -0.4379
    t+1   | -0.0350  -0.2037  +0.0384  +0.1421  -0.0498  -0.4536
    t+2   | -0.0092  -0.1825  -0.0290  +0.1413  -0.0406  -0.3474
    t+3   | +0.0149  -0.1214  -0.0916  +0.1819  +0.0037  -0.1683
    t+4   | +0.0852  -0.0602  -0.1165  +0.2311  +0.0570  -0.1515
[12:29:38] #  771 [bench] e2e= 1026.0ms  infer= 1022.6ms  cap=  3.2ms
    t+0   | +0.0685  -0.2176  +0.0623  +0.1577  +0.0161  -0.4474
    t+1   | +0.0342  -0.1933  +0.0364  +0.1753  +0.0266  -0.2457
    t+2   | +0.0102  -0.1653  +0.0181  +0.1631  -0.0053  -0.2004
    t+3   | +0.0399  -0.1195  +0.0051  +0.1770  -0.0696  -0.2440
    t+4   | +0.0778  -0.0234  -0.0134  +0.2246  -0.1067  -0.2104
[12:29:39] #  772 [bench] e2e= 1046.8ms  infer= 1043.3ms  cap=  3.4ms
    t+0   | +0.3314  +0.0596  -0.1592  +0.2989  -0.0208  -0.3541
    t+1   | +0.2773  +0.0242  -0.1216  +0.2932  -0.0448  -0.4492
    t+2   | +0.2026  +0.0306  -0.1474  +0.3199  -0.0643  -0.3423
    t+3   | +0.1391  -0.0065  -0.1337  +0.2932  -0.0540  -0.3051
    t+4   | +0.1531  -0.0380  -0.1183  +0.2809  -0.0441  -0.2623
[12:29:40] #  773 [bench] e2e= 1028.5ms  infer= 1024.9ms  cap=  3.4ms
    t+0   | +0.0983  -0.0221  -0.1559  +0.2562  +0.1573  -0.1392
    t+1   | +0.0922  -0.0398  -0.1351  +0.2224  +0.1495  -0.3034
    t+2   | +0.0867  -0.0229  -0.1380  +0.2175  +0.0911  -0.3810
    t+3   | +0.1204  +0.0266  -0.1428  +0.2471  +0.0071  -0.2536
    t+4   | +0.1516  +0.0362  -0.1791  +0.2620  -0.0305  -0.1655
[12:29:41] #  774 [bench] e2e= 1034.5ms  infer= 1031.1ms  cap=  3.2ms
    t+0   | +0.0940  -0.0844  -0.0459  +0.2043  -0.0536  -0.0814
    t+1   | +0.0820  -0.0852  -0.0767  +0.2119  -0.0818  -0.0303
    t+2   | -0.0003  -0.0977  -0.1135  +0.2320  -0.0842  -0.0112
    t+3   | +0.0106  -0.0260  -0.2336  +0.2741  -0.0734  +0.0680
    t+4   | +0.0680  +0.0334  -0.2632  +0.3064  -0.0557  +0.1569
[12:29:42] #  775 [bench] e2e= 1026.0ms  infer= 1022.6ms  cap=  3.2ms
    t+0   | +0.1727  -0.0573  -0.0519  +0.2560  +0.1284  -0.1462
    t+1   | -0.0249  -0.2029  +0.0355  +0.1495  +0.0805  -0.2886
    t+2   | -0.0097  -0.1690  -0.0255  +0.1692  +0.0587  -0.2165
    t+3   | -0.0336  -0.0942  -0.1111  +0.2172  +0.0086  -0.0556
    t+4   | +0.0030  -0.0195  -0.2431  +0.2350  +0.0175  +0.1509
[12:29:43] #  776 [bench] e2e= 1026.7ms  infer= 1023.1ms  cap=  3.4ms
    t+0   | +0.1458  -0.0109  -0.0988  +0.2488  -0.0993  -0.0713
    t+1   | +0.1508  -0.0088  -0.1271  +0.2509  -0.1034  -0.0011
    t+2   | +0.2065  +0.0392  -0.1618  +0.2507  -0.0817  +0.0158
    t+3   | +0.2370  +0.0604  -0.1949  +0.2510  -0.0946  +0.1987
    t+4   | +0.2755  +0.1126  -0.2381  +0.3100  -0.0638  +0.1382
[12:29:44] #  777 [bench] e2e= 1026.3ms  infer= 1023.0ms  cap=  3.1ms
    t+0   | -0.0715  -0.1465  -0.1019  +0.1899  +0.0495  -0.2610
    t+1   | -0.0804  -0.0698  -0.1726  +0.2128  +0.0446  -0.1992
    t+2   | -0.0373  -0.0319  -0.1858  +0.2069  -0.0284  -0.0924
    t+3   | -0.0824  -0.0643  -0.1194  +0.1613  -0.0040  -0.2005
    t+4   | -0.0759  -0.0783  -0.0842  +0.1767  -0.0400  -0.2376
[12:29:45] #  778 [bench] e2e= 1028.9ms  infer= 1025.6ms  cap=  3.2ms
    t+0   | +0.1568  +0.0009  -0.1312  +0.2284  -0.0116  -0.1624
    t+1   | +0.1395  +0.0154  -0.1609  +0.2289  -0.0137  -0.4013
    t+2   | +0.0927  -0.0224  -0.1588  +0.2433  +0.0249  -0.4520
    t+3   | +0.0541  -0.0226  -0.1450  +0.2275  +0.0491  -0.4285
    t+4   | +0.0797  -0.0195  -0.1825  +0.1874  +0.0653  -0.5627
[12:29:46] #  779 [bench] e2e= 1029.1ms  infer= 1025.6ms  cap=  3.3ms
    t+0   | +0.2991  +0.1146  -0.2031  +0.2982  +0.0557  -0.0859
    t+1   | +0.2506  +0.0848  -0.1893  +0.2711  +0.0473  -0.1495
    t+2   | +0.1730  +0.0625  -0.2070  +0.2691  +0.0333  -0.1729
    t+3   | +0.1539  +0.0777  -0.2132  +0.2020  +0.0447  -0.1354
    t+4   | +0.0789  +0.1442  -0.2626  +0.2091  +0.0505  -0.0903
[12:29:47] #  780 [bench] e2e= 1027.7ms  infer= 1024.2ms  cap=  3.3ms
    t+0   | +0.0881  -0.0400  -0.1130  +0.2452  -0.1142  -0.0983
    t+1   | +0.1072  -0.0103  -0.1845  +0.2590  -0.1880  -0.0054
    t+2   | +0.0988  +0.0181  -0.1778  +0.2747  -0.1862  +0.1071
    t+3   | +0.0908  +0.0953  -0.2213  +0.2932  -0.1968  +0.1606
    t+4   | +0.1119  +0.1070  -0.2433  +0.2887  -0.1321  +0.1390
[12:29:48] #  781 [bench] e2e= 1046.8ms  infer= 1043.2ms  cap=  3.4ms
    t+0   | +0.0950  -0.0972  -0.0849  +0.2282  -0.0660  -0.1861
    t+1   | +0.1178  -0.0402  -0.1277  +0.2412  +0.0913  -0.1959
    t+2   | +0.1036  -0.0239  -0.1493  +0.2264  +0.0383  -0.2361
    t+3   | +0.1232  +0.0029  -0.1836  +0.2431  +0.0054  -0.3144
    t+4   | +0.0909  +0.0460  -0.2447  +0.2440  -0.0486  -0.2879
[12:29:49] #  782 [bench] e2e= 1034.2ms  infer= 1031.1ms  cap=  3.0ms
    t+0   | +0.2188  +0.0342  -0.2216  +0.3049  -0.0346  +0.0974
    t+1   | +0.1877  +0.0677  -0.2762  +0.2995  -0.0306  +0.0077
    t+2   | +0.1554  +0.0451  -0.2556  +0.2687  -0.0106  -0.1026
    t+3   | +0.1468  +0.0357  -0.2249  +0.2889  +0.0111  -0.1775
    t+4   | +0.1240  +0.0086  -0.1819  +0.2775  +0.0355  -0.2501
[12:29:50] #  783 [bench] e2e= 1033.4ms  infer= 1030.6ms  cap=  2.6ms
    t+0   | -0.0558  -0.0293  -0.3659  +0.2848  -0.0636  -0.4743
    t+1   | -0.1284  -0.0287  -0.3139  +0.2748  -0.0254  -0.3242
    t+2   | -0.1946  -0.0597  -0.2831  +0.2354  -0.0166  -0.3575
    t+3   | -0.1428  -0.0281  -0.2843  +0.1935  -0.0913  -0.3066
    t+4   | -0.1164  -0.0182  -0.2514  +0.1858  -0.1223  -0.3051
[12:29:51] #  784 [bench] e2e= 1028.4ms  infer= 1025.0ms  cap=  3.2ms
    t+0   | +0.1547  +0.0013  -0.1446  +0.2550  +0.0335  +0.0711
    t+1   | +0.1389  +0.0071  -0.1578  +0.2539  +0.0749  +0.0624
    t+2   | +0.1149  -0.0117  -0.1310  +0.2413  +0.0502  -0.0544
    t+3   | +0.0285  -0.0471  -0.0669  +0.1985  +0.0007  -0.3998
    t+4   | -0.0021  -0.0797  -0.0471  +0.1951  -0.0280  -0.3273
[12:29:52] #  785 [bench] e2e= 1025.3ms  infer= 1022.0ms  cap=  3.2ms
    t+0   | +0.1739  -0.1434  -0.0269  +0.2406  +0.0162  -0.2267
    t+1   | +0.2077  -0.1254  -0.0530  +0.2672  -0.0325  -0.1686
    t+2   | +0.2240  -0.0621  -0.0687  +0.2776  -0.0820  -0.0460
    t+3   | +0.2200  -0.0231  -0.0890  +0.2591  -0.0580  -0.0302
    t+4   | +0.1954  +0.0005  -0.1034  +0.2620  -0.0593  -0.0071

  [live] after 780 bench steps — e2e mean=1035.1ms  |  max replan freq=0.97 Hz  |  max control freq=4.83 Hz (n_action_steps=5)

[12:29:53] #  786 [bench] e2e= 1029.8ms  infer= 1026.3ms  cap=  3.4ms
    t+0   | +0.1914  -0.1023  -0.0039  +0.2217  +0.0968  +0.0130
    t+1   | +0.1563  -0.1477  +0.0214  +0.1959  +0.1854  -0.0970
    t+2   | +0.1093  -0.1622  +0.0319  +0.2086  +0.1663  -0.1048
    t+3   | +0.0424  -0.1764  -0.0040  +0.2053  +0.0874  -0.0271
    t+4   | +0.0581  -0.1231  -0.0064  +0.2156  +0.0693  -0.0156
[12:29:55] #  787 [bench] e2e= 1026.8ms  infer= 1023.2ms  cap=  3.4ms
    t+0   | -0.0252  -0.1003  -0.0277  +0.0980  -0.2362  +0.0299
    t+1   | -0.0479  -0.0845  -0.0791  +0.0836  -0.2122  -0.1892
    t+2   | -0.0283  -0.0511  -0.0686  +0.0885  -0.1168  -0.3089
    t+3   | +0.0017  -0.0487  -0.0618  +0.0933  -0.0231  -0.2389
    t+4   | +0.0146  -0.0320  -0.0916  +0.1413  +0.0029  -0.1675
[12:29:56] #  788 [bench] e2e= 1026.8ms  infer= 1023.5ms  cap=  3.2ms
    t+0   | +0.0863  -0.0511  -0.0723  +0.1927  +0.0161  -0.1239
    t+1   | +0.0519  -0.1412  +0.0226  +0.1232  +0.0215  -0.2731
    t+2   | +0.0264  -0.1548  +0.0468  +0.0959  +0.0000  -0.0908
    t+3   | -0.0107  -0.1114  +0.0107  +0.1205  -0.0130  -0.0924
    t+4   | +0.0134  -0.0193  -0.0746  +0.1618  -0.0317  +0.0568
[12:29:57] #  789 [bench] e2e= 1030.6ms  infer= 1027.3ms  cap=  3.1ms
    t+0   | -0.0945  +0.0098  -0.1547  +0.2411  +0.0727  +0.0449
    t+1   | -0.0922  -0.0118  -0.1622  +0.2274  +0.0307  +0.0062
    t+2   | -0.1138  +0.0006  -0.1643  +0.2213  +0.0790  -0.0236
    t+3   | -0.0750  -0.0269  -0.1645  +0.2075  +0.0618  -0.0914
    t+4   | -0.0502  -0.0260  -0.1033  +0.1752  +0.1275  -0.1550
[12:29:58] #  790 [bench] e2e= 1025.5ms  infer= 1022.4ms  cap=  2.9ms
    t+0   | +0.1113  +0.1105  -0.1951  +0.3395  +0.1799  +0.0961
    t+1   | +0.0516  +0.1144  -0.2102  +0.3505  +0.1010  +0.2017
    t+2   | +0.0312  +0.0548  -0.1476  +0.3540  +0.1017  +0.1164
    t+3   | +0.0019  +0.0370  -0.1407  +0.3549  +0.1118  +0.2054
    t+4   | +0.0117  +0.0506  -0.1551  +0.3553  +0.0935  +0.2302
[12:29:59] #  791 [bench] e2e= 1024.0ms  infer= 1020.7ms  cap=  3.1ms
    t+0   | +0.0849  +0.0039  -0.2817  +0.3548  +0.0081  +0.1521
    t+1   | -0.0892  +0.0046  -0.2602  +0.3337  +0.0192  +0.0437
    t+2   | -0.0874  -0.0206  -0.1763  +0.3098  -0.0044  +0.2243
    t+3   | -0.0850  -0.0708  -0.1096  +0.2715  +0.0322  +0.1328
    t+4   | -0.0436  -0.1006  -0.0718  +0.2632  +0.0199  +0.1541
[12:30:00] #  792 [bench] e2e= 1025.4ms  infer= 1022.5ms  cap=  2.7ms
    t+0   | +0.0641  -0.0465  -0.0214  +0.1685  +0.0030  -0.2196
    t+1   | +0.0033  -0.0569  +0.0130  +0.1293  +0.0008  -0.2285
    t+2   | -0.1054  -0.1085  +0.0459  +0.1303  +0.1525  -0.2296
    t+3   | -0.0826  -0.1497  +0.0911  +0.0925  +0.0718  -0.2530
    t+4   | -0.1027  -0.1443  +0.1166  +0.1010  +0.0189  -0.3205
[12:30:01] #  793 [bench] e2e= 1025.8ms  infer= 1022.6ms  cap=  3.1ms
    t+0   | +0.2138  +0.0876  -0.1755  +0.2914  +0.0060  +0.2274
    t+1   | +0.1638  +0.0359  -0.1250  +0.2454  +0.0224  +0.0929
    t+2   | +0.0786  -0.0080  -0.0837  +0.2218  +0.0237  +0.0013
    t+3   | +0.0114  -0.0225  -0.0983  +0.1752  +0.0500  -0.0052
    t+4   | -0.0313  -0.0167  -0.1394  +0.1601  +0.0674  +0.0408
[12:30:02] #  794 [bench] e2e= 1024.2ms  infer= 1021.4ms  cap=  2.6ms
    t+0   | +0.1407  -0.0206  -0.1232  +0.2279  -0.0219  -0.5404
    t+1   | +0.1142  -0.0461  -0.1181  +0.2265  -0.0235  -0.3982
    t+2   | +0.1197  -0.0391  -0.1057  +0.2514  -0.0475  -0.2254
    t+3   | +0.1518  +0.0476  -0.1531  +0.2902  -0.0954  +0.0137
    t+4   | +0.1174  +0.0516  -0.1499  +0.2702  -0.1091  +0.0771
[12:30:03] #  795 [bench] e2e= 1026.5ms  infer= 1023.2ms  cap=  3.2ms
    t+0   | +0.1730  -0.0522  -0.0711  +0.2513  -0.1401  +0.3127
    t+1   | +0.1591  +0.0113  -0.0909  +0.2939  -0.0204  +0.1501
    t+2   | +0.1849  +0.0814  -0.2315  +0.3586  -0.0289  +0.1651
    t+3   | +0.2092  +0.1624  -0.3548  +0.3878  -0.0546  +0.1378
    t+4   | +0.2199  +0.1778  -0.3438  +0.3704  -0.0796  +0.1228
[12:30:04] #  796 [bench] e2e= 1027.4ms  infer= 1024.6ms  cap=  2.7ms
    t+0   | +0.0907  -0.0610  -0.1013  +0.2506  -0.0600  +0.0419
    t+1   | -0.0097  +0.0166  -0.3896  +0.3487  -0.3869  -0.0400
    t+2   | +0.0157  +0.0667  -0.3949  +0.3291  -0.3428  -0.0868
    t+3   | +0.0172  +0.1560  -0.4966  +0.3494  -0.1072  -0.0408
    t+4   | +0.0949  +0.1789  -0.4543  +0.3514  +0.0491  -0.0583
[12:30:05] #  797 [bench] e2e= 1024.1ms  infer= 1020.8ms  cap=  3.2ms
    t+0   | +0.2090  -0.0134  -0.0883  +0.2528  -0.0326  -0.2821
    t+1   | +0.1445  -0.0139  -0.1205  +0.2272  -0.1000  -0.3797
    t+2   | +0.0727  -0.0540  -0.0959  +0.1980  -0.1296  -0.3554
    t+3   | +0.0228  -0.0734  -0.1073  +0.1692  -0.1123  -0.2851
    t+4   | +0.0129  -0.1366  -0.0584  +0.1275  +0.0089  -0.1145
[12:30:06] #  798 [bench] e2e= 1028.1ms  infer= 1024.5ms  cap=  3.4ms
    t+0   | +0.1315  -0.0021  -0.1060  +0.2290  -0.0046  -0.5703
    t+1   | +0.1213  +0.0175  -0.0949  +0.2208  +0.0397  -0.5933
    t+2   | +0.1029  +0.0041  -0.0736  +0.1678  +0.0727  -0.5823
    t+3   | +0.1137  +0.0136  -0.0987  +0.2250  +0.0936  -0.3378
    t+4   | +0.0562  +0.0561  -0.1702  +0.2249  +0.0568  -0.3699
[12:30:07] #  799 [bench] e2e= 1029.7ms  infer= 1026.2ms  cap=  3.3ms
    t+0   | +0.1033  -0.0835  +0.0148  +0.1958  +0.0480  -0.2272
    t+1   | +0.0999  -0.0526  -0.0572  +0.2364  +0.0453  -0.1092
    t+2   | +0.0045  -0.0293  -0.0922  +0.2440  +0.0003  -0.0156
    t+3   | -0.0042  -0.0152  -0.0984  +0.2398  -0.0423  +0.1320
    t+4   | +0.0224  +0.0357  -0.1303  +0.2455  -0.0365  +0.3059
[12:30:08] #  800 [bench] e2e= 1027.5ms  infer= 1024.2ms  cap=  3.1ms
    t+0   | +0.0838  +0.0469  -0.1454  +0.2530  +0.0169  +0.2802
    t+1   | +0.0735  +0.0148  -0.1600  +0.2320  -0.0055  +0.1707
    t+2   | -0.0590  +0.0213  -0.0961  +0.1986  -0.0220  +0.0574
    t+3   | -0.0736  +0.0126  -0.0623  +0.2116  -0.0190  -0.0223
    t+4   | -0.0201  +0.0194  -0.1052  +0.2250  -0.0262  -0.0112
[12:30:09] #  801 [bench] e2e= 1026.9ms  infer= 1023.5ms  cap=  3.2ms
    t+0   | +0.1799  -0.0964  -0.0530  +0.2160  +0.0830  -0.0993
    t+1   | +0.1706  -0.0779  -0.0787  +0.2285  +0.0750  +0.0221
    t+2   | +0.1336  -0.0600  -0.0623  +0.2226  +0.0468  +0.1001
    t+3   | +0.0897  -0.0548  -0.0736  +0.2267  +0.0082  +0.1984
    t+4   | +0.0262  -0.0221  -0.0711  +0.2300  +0.0165  +0.1484
[12:30:10] #  802 [bench] e2e= 1024.3ms  infer= 1020.8ms  cap=  3.3ms
    t+0   | +0.1743  -0.0723  -0.0883  +0.2762  +0.0585  -0.2284
    t+1   | +0.1976  -0.0515  -0.1241  +0.2942  +0.0311  -0.2505
    t+2   | +0.2137  +0.0569  -0.1845  +0.3173  +0.0216  -0.2642
    t+3   | +0.1898  +0.0884  -0.2409  +0.2876  +0.0052  -0.3003
    t+4   | +0.1556  +0.1060  -0.2517  +0.2768  -0.0639  -0.3097
[12:30:11] #  803 [bench] e2e= 1024.8ms  infer= 1021.7ms  cap=  2.9ms
    t+0   | +0.1157  +0.0357  -0.2087  +0.3543  +0.0910  -0.3211
    t+1   | +0.1518  +0.0643  -0.2403  +0.3814  +0.1671  -0.2245
    t+2   | +0.1877  +0.0208  -0.2275  +0.3589  +0.1578  -0.2609
    t+3   | +0.2026  -0.0061  -0.1712  +0.3836  +0.2265  -0.3224
    t+4   | +0.2215  -0.0143  -0.1477  +0.4083  +0.2735  +0.0722
[12:30:12] #  804 [bench] e2e= 1028.0ms  infer= 1024.7ms  cap=  3.2ms
    t+0   | +0.1150  -0.0619  -0.1194  +0.2698  -0.0185  -0.1409
    t+1   | +0.1038  +0.0043  -0.2441  +0.3034  +0.0493  -0.1401
    t+2   | +0.1167  +0.0382  -0.2533  +0.2913  +0.0417  -0.1007
    t+3   | +0.0991  +0.0483  -0.2283  +0.2687  +0.0265  +0.0238
    t+4   | +0.0868  +0.0419  -0.2299  +0.2776  +0.0394  +0.0061
[12:30:13] #  805 [bench] e2e= 1021.8ms  infer= 1019.1ms  cap=  2.5ms
    t+0   | +0.0557  -0.1411  -0.0250  +0.1649  +0.0453  -0.2356
    t+1   | +0.0608  -0.1173  -0.1028  +0.1980  +0.0481  -0.1199
    t+2   | +0.0357  -0.0812  -0.1451  +0.1917  +0.0213  -0.2156
    t+3   | +0.0097  -0.1084  -0.1378  +0.1530  +0.0014  -0.3022
    t+4   | -0.0138  -0.0947  -0.1012  +0.1053  -0.0396  -0.5337

  [live] after 800 bench steps — e2e mean=1034.9ms  |  max replan freq=0.97 Hz  |  max control freq=4.83 Hz (n_action_steps=5)

[12:30:14] #  806 [bench] e2e= 1024.9ms  infer= 1021.9ms  cap=  2.9ms
    t+0   | +0.1556  +0.1611  -0.2019  +0.2882  +0.0418  +0.2067
    t+1   | +0.0798  +0.2126  -0.2492  +0.3008  +0.0673  +0.2198
    t+2   | +0.0880  +0.1869  -0.2629  +0.2944  +0.0801  +0.1743
    t+3   | +0.1048  +0.1896  -0.2349  +0.3058  +0.1578  +0.1701
    t+4   | +0.1558  +0.1655  -0.1903  +0.3205  +0.2867  +0.2617
[12:30:15] #  807 [bench] e2e= 1024.0ms  infer= 1020.7ms  cap=  3.2ms
    t+0   | +0.1879  +0.0769  -0.1897  +0.3637  +0.2271  +0.1059
    t+1   | +0.0544  +0.0702  -0.1868  +0.3750  +0.2683  +0.1262
    t+2   | +0.0284  -0.0394  -0.1397  +0.3218  +0.1878  +0.0536
    t+3   | +0.0050  -0.0674  -0.0692  +0.3095  +0.2112  -0.0399
    t+4   | -0.0121  -0.0695  -0.0836  +0.3217  +0.2129  -0.1185
[12:30:16] #  808 [bench] e2e= 1044.9ms  infer= 1041.5ms  cap=  3.2ms
    t+0   | +0.2267  -0.0433  -0.1144  +0.2614  +0.0351  -0.2250
    t+1   | +0.2393  -0.0135  -0.1683  +0.2527  +0.0239  -0.0766
    t+2   | +0.2129  +0.0219  -0.1451  +0.2819  +0.0569  +0.4499
    t+3   | +0.1820  +0.0115  -0.1222  +0.2549  +0.1750  +0.4996
    t+4   | +0.1695  +0.0163  -0.1072  +0.2627  +0.1850  +0.9066
[12:30:17] #  809 [bench] e2e= 1031.7ms  infer= 1028.3ms  cap=  3.2ms
    t+0   | +0.1609  +0.0178  -0.1306  +0.2570  -0.0842  +0.1078
    t+1   | +0.1190  -0.0281  -0.1366  +0.2125  -0.0756  -0.0106
    t+2   | +0.0312  -0.1177  -0.0710  +0.1639  -0.0409  -0.1688
    t+3   | -0.0076  -0.2282  -0.0476  +0.0910  -0.0343  -0.3002
    t+4   | -0.0220  -0.2039  -0.0395  +0.1029  -0.0345  -0.2845
[12:30:18] #  810 [bench] e2e= 1025.6ms  infer= 1022.5ms  cap=  2.9ms
    t+0   | +0.0172  -0.0465  -0.0739  +0.1982  +0.0095  -0.1750
    t+1   | +0.0285  -0.0078  -0.1754  +0.2632  -0.0090  +0.0480
    t+2   | +0.0708  -0.0270  -0.2019  +0.3018  -0.0280  +0.1329
    t+3   | +0.0732  -0.0215  -0.2145  +0.2990  +0.0071  +0.1853
    t+4   | +0.0998  +0.0400  -0.2536  +0.2932  +0.0255  +0.1952
[12:30:19] #  811 [bench] e2e= 1024.2ms  infer= 1020.9ms  cap=  3.2ms
    t+0   | +0.1286  -0.0349  -0.1555  +0.2513  -0.0103  -0.0654
    t+1   | +0.1240  -0.0587  -0.1316  +0.2486  +0.0487  -0.0842
    t+2   | +0.1272  -0.0636  -0.0799  +0.2573  +0.0903  -0.2247
    t+3   | +0.0959  -0.1012  -0.0339  +0.2271  +0.1032  -0.4913
    t+4   | +0.0606  -0.0854  -0.0286  +0.2037  +0.0550  -0.6219
[12:30:20] #  812 [bench] e2e= 1025.9ms  infer= 1023.1ms  cap=  2.6ms
    t+0   | -0.0631  -0.0629  -0.1337  +0.2731  +0.0989  -0.3323
    t+1   | -0.0013  -0.0287  -0.1669  +0.2946  +0.0890  -0.2358
    t+2   | +0.0250  -0.0397  -0.1386  +0.2617  +0.1641  -0.1161
    t+3   | +0.0747  -0.0363  -0.1162  +0.2531  +0.1937  -0.0786
    t+4   | +0.0739  -0.0654  -0.0977  +0.2710  +0.2532  +0.0534
[12:30:21] #  813 [bench] e2e= 1034.4ms  infer= 1031.1ms  cap=  3.2ms
    t+0   | +0.2470  +0.0378  -0.1410  +0.2746  -0.0278  +0.0760
    t+1   | +0.2279  +0.0037  -0.1143  +0.2343  +0.0391  -0.0907
    t+2   | +0.2303  +0.0602  -0.1328  +0.2643  +0.0516  -0.0434
    t+3   | +0.2265  +0.0739  -0.1572  +0.2797  +0.0035  +0.2062
    t+4   | +0.1919  +0.0788  -0.1426  +0.2971  -0.0086  +0.3287
[12:30:22] #  814 [bench] e2e= 1027.6ms  infer= 1024.9ms  cap=  2.5ms
    t+0   | +0.1929  +0.0121  -0.2149  +0.2782  +0.0490  -0.0970
    t+1   | +0.2083  -0.0217  -0.2493  +0.2486  +0.0694  -0.1504
    t+2   | +0.1789  -0.0737  -0.2038  +0.2286  +0.0633  -0.0675
    t+3   | +0.1641  -0.0997  -0.1520  +0.1941  +0.0548  -0.0747
    t+4   | +0.1549  -0.1350  -0.1190  +0.1694  +0.0852  -0.0191
[12:30:23] #  815 [bench] e2e= 1031.5ms  infer= 1029.1ms  cap=  2.2ms
    t+0   | +0.0740  -0.1745  +0.0392  +0.1291  -0.1752  -0.3214
    t+1   | +0.0358  -0.1271  -0.0164  +0.1768  -0.2034  -0.2581
    t+2   | +0.0608  -0.1106  -0.0823  +0.2242  -0.1275  -0.1970
    t+3   | +0.0348  -0.0557  -0.1437  +0.2883  -0.1177  -0.1647
    t+4   | -0.0138  -0.0516  -0.1710  +0.3224  -0.0381  -0.1720
[12:30:24] #  816 [bench] e2e= 1028.0ms  infer= 1025.8ms  cap=  2.0ms
    t+0   | +0.1315  -0.0380  -0.0895  +0.2424  -0.0601  -0.0178
    t+1   | +0.0907  -0.0116  -0.1046  +0.2259  -0.0094  -0.0523
    t+2   | +0.0730  -0.0049  -0.1087  +0.1921  +0.0654  -0.1283
    t+3   | +0.0699  +0.0043  -0.1133  +0.2105  +0.1206  -0.1399
    t+4   | +0.1021  +0.0012  -0.1367  +0.1893  +0.1187  -0.2344
[12:30:25] #  817 [bench] e2e= 1039.3ms  infer= 1036.3ms  cap=  2.9ms
    t+0   | -0.0480  -0.0996  -0.0445  +0.1820  -0.0805  -0.1031
    t+1   | -0.0852  -0.0819  -0.0671  +0.1851  -0.0793  -0.0413
    t+2   | -0.1185  -0.0869  -0.0387  +0.1636  -0.1144  -0.0717
    t+3   | -0.2274  -0.1616  +0.0133  +0.1228  -0.1283  -0.2016
    t+4   | -0.2150  -0.1558  -0.0182  +0.1520  -0.1432  -0.2133
[12:30:26] #  818 [bench] e2e= 1057.0ms  infer= 1053.4ms  cap=  3.3ms
    t+0   | +0.0296  +0.0320  -0.1778  +0.2969  +0.0996  -0.0960
    t+1   | -0.0012  +0.0493  -0.1987  +0.2988  +0.1780  -0.2488
    t+2   | +0.0218  -0.0229  -0.2402  +0.3084  +0.1335  -0.4654
    t+3   | +0.0245  -0.0649  -0.1877  +0.2970  +0.1687  -0.4331
    t+4   | +0.0767  -0.0224  -0.1764  +0.2881  +0.1465  -0.3062
[12:30:28] #  819 [bench] e2e= 1083.4ms  infer= 1080.3ms  cap=  2.9ms
    t+0   | +0.1916  -0.0241  -0.0043  +0.1844  +0.1094  -0.6888
    t+1   | +0.1358  -0.0073  -0.0372  +0.2054  +0.0558  -0.4060
    t+2   | +0.0804  -0.0133  -0.0325  +0.2207  +0.0697  -0.0875
    t+3   | +0.0132  -0.0747  -0.0548  +0.1774  +0.0349  -0.0956
    t+4   | -0.0260  -0.1297  -0.0542  +0.1844  +0.0024  -0.0014
[12:30:29] #  820 [bench] e2e= 1046.6ms  infer= 1043.4ms  cap=  3.0ms
    t+0   | +0.0931  +0.0419  +0.0048  +0.1910  -0.0742  +0.2271
    t+1   | +0.0923  +0.0551  +0.0036  +0.2113  -0.0357  +0.2868
    t+2   | +0.0924  +0.0328  +0.0062  +0.2158  +0.0208  +0.1888
    t+3   | +0.1214  +0.0515  -0.0113  +0.2179  -0.0018  +0.2015
    t+4   | +0.1389  +0.0527  -0.0264  +0.2020  -0.0117  +0.1190
[12:30:30] #  821 [bench] e2e= 1048.5ms  infer= 1045.6ms  cap=  2.7ms
    t+0   | -0.0547  -0.3031  +0.1569  +0.0301  +0.0951  -0.0866
    t+1   | -0.0271  -0.2089  +0.0166  +0.0883  +0.0574  -0.1224
    t+2   | +0.0018  -0.1426  -0.0769  +0.1333  -0.0087  -0.2640
    t+3   | +0.0443  -0.1258  -0.0775  +0.1751  -0.0040  -0.2975
    t+4   | +0.0405  -0.1497  -0.0677  +0.1562  -0.0222  -0.2229
[12:30:31] #  822 [bench] e2e= 1065.6ms  infer= 1061.7ms  cap=  3.7ms
    t+0   | +0.0438  -0.0118  -0.3068  +0.3457  -0.2624  -0.0499
    t+1   | -0.0142  -0.0351  -0.3167  +0.3130  -0.3073  -0.0977
    t+2   | +0.0040  -0.0236  -0.3124  +0.2786  -0.3310  -0.1393
    t+3   | +0.0061  -0.0662  -0.2312  +0.2205  -0.2968  -0.1949
    t+4   | -0.0190  -0.0917  -0.1756  +0.1701  -0.3130  -0.1942
[12:30:32] #  823 [bench] e2e= 1042.9ms  infer= 1040.5ms  cap=  2.2ms
    t+0   | -0.0492  -0.0053  -0.2318  +0.2459  -0.0390  -0.4072
    t+1   | -0.0707  -0.0788  -0.1894  +0.1904  -0.0301  -0.6862
    t+2   | -0.1014  -0.2076  -0.0408  +0.1518  +0.0211  -0.6755
    t+3   | -0.0303  -0.1831  -0.0419  +0.1708  +0.1033  -0.6883
    t+4   | -0.0156  -0.1770  -0.1375  +0.1782  +0.0936  -0.6590
[12:30:33] #  824 [bench] e2e= 1061.6ms  infer= 1057.9ms  cap=  3.5ms
    t+0   | +0.0369  -0.0993  -0.1068  +0.1791  -0.1560  -0.2932
    t+1   | -0.0354  -0.1293  -0.1064  +0.1125  -0.1865  -0.4634
    t+2   | -0.0501  -0.1358  -0.0884  +0.1513  -0.1409  -0.3702
    t+3   | -0.1006  -0.2163  -0.0813  +0.1795  -0.1028  +0.4768
    t+4   | -0.0627  -0.2133  -0.0848  +0.1737  -0.1205  +0.1771
[12:30:34] #  825 [bench] e2e= 1046.7ms  infer= 1044.0ms  cap=  2.5ms
    t+0   | -0.0038  +0.0787  -0.2838  +0.3070  +0.0168  -0.5842
    t+1   | +0.0361  +0.0622  -0.2970  +0.3092  +0.0027  -0.5376
    t+2   | +0.0835  +0.0294  -0.2907  +0.2575  -0.0221  -0.4921
    t+3   | +0.1852  +0.1413  -0.4460  +0.3234  -0.0872  -0.4652
    t+4   | +0.2656  +0.2299  -0.5509  +0.3565  -0.0616  -0.4220

  [live] after 820 bench steps — e2e mean=1035.1ms  |  max replan freq=0.97 Hz  |  max control freq=4.83 Hz (n_action_steps=5)

[12:30:35] #  826 [bench] e2e= 1055.7ms  infer= 1052.2ms  cap=  3.3ms
    t+0   | -0.0059  -0.2129  +0.1689  +0.0709  +0.1164  -0.6458
    t+1   | +0.0897  -0.1235  +0.0344  +0.1745  +0.1676  -0.3835
    t+2   | +0.1290  -0.0980  -0.0172  +0.1913  +0.1896  -0.2506
    t+3   | +0.0814  -0.1269  +0.0167  +0.1481  +0.1137  -0.3499
    t+4   | +0.0733  -0.1124  -0.0008  +0.1629  +0.0959  -0.2545
[12:30:36] #  827 [bench] e2e= 1105.5ms  infer= 1102.7ms  cap=  2.5ms
    t+0   | +0.1202  -0.0481  -0.1283  +0.2906  -0.0279  -0.1545
    t+1   | +0.0722  -0.0558  -0.1225  +0.2923  +0.0245  -0.1735
    t+2   | +0.0653  -0.0705  -0.0888  +0.2386  +0.0363  -0.2633
    t+3   | +0.0599  -0.0687  -0.0776  +0.2213  +0.0522  -0.3179
    t+4   | +0.0990  -0.0375  -0.0842  +0.2564  +0.0329  -0.2184
[12:30:37] #  828 [bench] e2e= 1048.2ms  infer= 1044.3ms  cap=  3.7ms
    t+0   | -0.0651  -0.1909  -0.0150  +0.1853  +0.0065  -0.3165
    t+1   | +0.0349  -0.1213  -0.1408  +0.2659  -0.0744  -0.3256
    t+2   | +0.0920  +0.0041  -0.2903  +0.3115  -0.1222  -0.1244
    t+3   | +0.0962  +0.0656  -0.3224  +0.3144  -0.0829  -0.1086
    t+4   | +0.1381  +0.0859  -0.2667  +0.3204  -0.0461  -0.0024
[12:30:38] #  829 [bench] e2e= 1065.7ms  infer= 1063.0ms  cap=  2.6ms
    t+0   | +0.1789  +0.0089  -0.1607  +0.2342  -0.1012  -0.1040
    t+1   | +0.1365  +0.0406  -0.1565  +0.1964  -0.0164  -0.1558
    t+2   | +0.1053  +0.0169  -0.1252  +0.1725  -0.0253  -0.1578
    t+3   | +0.0665  +0.0080  -0.1126  +0.1653  -0.0129  -0.1346
    t+4   | +0.0704  +0.0386  -0.1746  +0.2275  -0.0605  +0.1784
[12:30:39] #  830 [bench] e2e= 1051.7ms  infer= 1049.5ms  cap=  2.1ms
    t+0   | +0.4904  +0.2528  -0.5159  +0.4985  -0.1281  -0.2803
    t+1   | +0.3619  +0.2090  -0.3896  +0.4291  -0.0436  -0.2579
    t+2   | +0.2846  +0.1497  -0.2912  +0.3639  -0.0252  -0.3113
    t+3   | +0.2606  +0.1649  -0.2669  +0.3352  -0.0295  -0.3001
    t+4   | +0.1543  +0.1660  -0.2194  +0.2755  +0.0019  -0.2895
[12:30:40] #  831 [bench] e2e= 1031.1ms  infer= 1028.4ms  cap=  2.5ms
    t+0   | +0.1342  -0.0157  -0.0613  +0.1999  +0.0046  +0.1210
    t+1   | +0.1175  +0.0126  -0.0806  +0.1747  +0.0270  +0.0702
    t+2   | +0.0937  -0.0007  -0.0929  +0.1325  +0.0125  -0.0334
    t+3   | +0.0427  -0.0636  -0.0849  +0.1298  -0.0129  -0.4945
    t+4   | +0.0520  -0.0561  -0.0548  +0.1531  +0.0041  -0.5412
[12:30:41] #  832 [bench] e2e= 1055.2ms  infer= 1052.7ms  cap=  2.3ms
    t+0   | +0.2181  +0.1016  -0.1651  +0.2420  -0.0273  +0.0626
    t+1   | +0.1789  +0.1043  -0.1759  +0.2180  -0.0298  -0.0224
    t+2   | +0.1609  +0.1565  -0.2516  +0.2408  -0.0008  -0.1323
    t+3   | +0.1610  +0.1590  -0.2404  +0.2322  +0.0776  -0.4919
    t+4   | +0.1376  +0.1226  -0.1699  +0.2221  +0.0820  -0.6360
[12:30:42] #  833 [bench] e2e= 1047.8ms  infer= 1044.2ms  cap=  3.3ms
    t+0   | -0.0390  -0.0143  -0.2543  +0.3296  +0.1266  -0.2576
    t+1   | +0.0344  +0.0273  -0.2283  +0.2880  +0.0979  -0.3313
    t+2   | +0.1075  +0.1198  -0.3110  +0.3106  +0.1066  -0.2394
    t+3   | +0.1324  +0.1092  -0.3089  +0.2972  +0.1002  -0.2094
    t+4   | +0.1255  +0.1192  -0.3063  +0.3095  +0.0954  -0.2290
[12:30:43] #  834 [bench] e2e= 1046.7ms  infer= 1044.0ms  cap=  2.5ms
    t+0   | +0.1410  -0.0638  -0.0623  +0.1991  -0.0720  +0.0587
    t+1   | +0.1223  -0.0631  -0.0700  +0.1860  -0.0681  +0.0548
    t+2   | +0.1516  +0.0298  -0.0895  +0.2448  -0.1003  +0.3149
    t+3   | +0.1566  +0.0751  -0.1387  +0.2801  -0.1442  +0.3574
    t+4   | +0.1894  +0.1370  -0.2455  +0.3283  -0.2158  +0.2684
[12:30:44] #  835 [bench] e2e= 1049.0ms  infer= 1046.1ms  cap=  2.6ms
    t+0   | +0.0580  +0.0726  -0.1527  +0.2013  +0.0701  -0.1593
    t+1   | +0.0827  +0.0888  -0.2412  +0.2172  +0.0024  -0.1676
    t+2   | +0.0991  +0.0796  -0.2276  +0.2454  +0.0118  -0.2369
    t+3   | +0.0685  +0.0626  -0.1962  +0.2424  +0.0338  -0.3544
    t+4   | +0.0411  +0.0488  -0.2135  +0.1942  +0.0499  -0.3679
[12:30:45] #  836 [bench] e2e= 1093.0ms  infer= 1090.3ms  cap=  2.6ms
    t+0   | -0.0847  +0.0704  -0.1014  +0.2359  +0.3751  -0.1602
    t+1   | -0.0851  +0.0303  -0.0748  +0.2138  +0.4160  -0.2265
    t+2   | -0.1033  +0.0343  -0.1572  +0.2284  +0.3228  -0.2704
    t+3   | -0.1829  +0.0114  -0.2341  +0.2179  +0.1423  -0.1849
    t+4   | -0.2337  +0.0082  -0.2540  +0.2230  +0.1588  -0.1999
[12:30:47] #  837 [bench] e2e= 1055.2ms  infer= 1052.4ms  cap=  2.6ms
    t+0   | -0.0167  -0.1099  -0.0393  +0.1515  +0.0556  -0.2859
    t+1   | +0.0199  -0.0680  -0.1259  +0.1927  +0.0041  -0.2340
    t+2   | +0.0297  -0.0271  -0.2293  +0.2393  -0.0397  -0.1901
    t+3   | -0.0268  +0.0598  -0.3598  +0.2662  -0.0913  +0.0610
    t+4   | -0.0325  +0.1435  -0.4047  +0.2849  -0.1110  +0.1576
[12:30:48] #  838 [bench] e2e= 1095.7ms  infer= 1092.8ms  cap=  2.6ms
    t+0   | +0.1981  +0.1006  -0.3186  +0.3598  -0.0026  -0.1208
    t+1   | +0.1186  +0.0969  -0.4077  +0.4107  +0.0191  -0.1718
    t+2   | +0.0293  +0.1206  -0.4725  +0.4379  +0.0052  -0.1692
    t+3   | +0.0493  +0.1333  -0.4286  +0.4082  -0.0240  -0.0195
    t+4   | +0.0835  +0.1005  -0.3240  +0.3893  -0.0697  +0.0913
[12:30:49] #  839 [bench] e2e= 1092.8ms  infer= 1090.3ms  cap=  2.3ms
    t+0   | +0.0697  -0.0574  -0.0499  +0.1804  -0.0928  -0.2389
    t+1   | +0.0041  -0.0149  -0.1072  +0.1599  -0.0806  -0.4689
    t+2   | +0.0502  -0.1229  -0.1294  +0.1350  -0.1468  -0.5741
    t+3   | +0.1266  -0.1110  -0.1767  +0.1653  -0.1141  -0.5988
    t+4   | +0.1490  -0.0953  -0.2085  +0.1580  -0.0102  -0.5627
[12:30:50] #  840 [bench] e2e= 1080.7ms  infer= 1078.1ms  cap=  2.4ms
    t+0   | +0.2216  -0.0157  -0.1097  +0.2565  +0.0079  -0.0895
    t+1   | +0.1475  -0.0997  -0.0882  +0.2058  +0.0140  -0.1840
    t+2   | +0.0812  -0.0791  -0.1105  +0.1979  +0.0380  -0.2410
    t+3   | +0.0525  -0.0242  -0.1777  +0.2322  +0.1083  -0.1858
    t+4   | +0.0599  -0.0119  -0.2122  +0.2548  +0.1331  -0.1583
[12:30:51] #  841 [bench] e2e= 1077.4ms  infer= 1074.4ms  cap=  2.9ms
    t+0   | +0.0209  -0.2331  +0.1219  +0.0354  +0.0764  -0.7096
    t+1   | +0.0168  -0.2378  +0.1357  +0.0307  +0.0818  -0.6865
    t+2   | -0.0209  -0.2559  +0.1198  +0.0141  +0.1890  -0.6828
    t+3   | -0.0170  -0.1996  +0.0624  +0.0460  +0.1808  -0.6685
    t+4   | +0.0001  -0.1523  -0.0334  +0.0620  +0.1932  -0.6668
[12:30:52] #  842 [bench] e2e= 1053.9ms  infer= 1050.6ms  cap=  3.1ms
    t+0   | +0.1865  +0.0323  -0.1861  +0.3112  +0.0041  -0.1255
    t+1   | +0.1982  +0.0394  -0.2099  +0.3045  -0.0373  -0.1357
    t+2   | +0.2151  +0.0378  -0.2615  +0.2723  -0.1496  -0.1555
    t+3   | +0.2175  +0.0893  -0.3040  +0.2981  -0.1747  -0.1372
    t+4   | +0.2279  +0.1038  -0.2431  +0.3376  -0.1034  -0.0709
[12:30:53] #  843 [bench] e2e= 1063.4ms  infer= 1060.2ms  cap=  3.1ms
    t+0   | +0.1395  +0.0967  -0.1944  +0.3276  +0.1198  -0.1038
    t+1   | +0.0929  +0.1143  -0.2496  +0.3592  +0.1535  -0.0994
    t+2   | +0.1132  +0.0637  -0.1958  +0.3238  +0.0870  -0.1980
    t+3   | +0.0930  +0.0367  -0.1746  +0.3148  +0.0497  -0.2202
    t+4   | +0.0766  +0.0288  -0.1920  +0.3066  -0.0083  -0.1517
[12:30:54] #  844 [bench] e2e= 1060.7ms  infer= 1057.5ms  cap=  3.0ms
    t+0   | +0.0402  +0.0107  -0.1499  +0.2531  -0.1072  -0.0276
    t+1   | +0.0346  +0.0315  -0.1145  +0.2318  +0.1207  +0.0069
    t+2   | +0.0022  +0.0474  -0.1265  +0.2119  +0.0472  -0.1195
    t+3   | -0.0024  +0.0247  -0.1440  +0.2292  -0.0158  -0.1765
    t+4   | -0.0616  +0.0084  -0.0962  +0.2074  -0.0441  -0.4056
[12:30:55] #  845 [bench] e2e= 1045.1ms  infer= 1042.1ms  cap=  2.8ms
    t+0   | +0.1239  +0.1626  -0.2504  +0.3286  +0.1483  -0.0251
    t+1   | +0.1418  +0.1310  -0.2393  +0.2950  +0.0697  -0.0364
    t+2   | +0.1062  +0.1360  -0.2641  +0.3028  +0.0833  -0.0804
    t+3   | +0.1067  +0.0933  -0.2613  +0.2996  +0.1072  -0.0631
    t+4   | +0.0866  +0.0580  -0.2358  +0.3204  +0.1700  -0.0228

  [live] after 840 bench steps — e2e mean=1035.7ms  |  max replan freq=0.97 Hz  |  max control freq=4.83 Hz (n_action_steps=5)

[12:30:56] #  846 [bench] e2e= 1092.5ms  infer= 1089.3ms  cap=  3.0ms
    t+0   | +0.1702  +0.0450  -0.2953  +0.3679  +0.0683  +0.1549
    t+1   | +0.1205  -0.0154  -0.2187  +0.3097  +0.0029  +0.0247
    t+2   | +0.0760  +0.0154  -0.2666  +0.3639  +0.0162  +0.0682
    t+3   | +0.0834  +0.0627  -0.2984  +0.3523  +0.0468  +0.0205
    t+4   | +0.0589  +0.0384  -0.2624  +0.3277  +0.0356  -0.0135
[12:30:57] #  847 [bench] e2e= 1055.7ms  infer= 1051.7ms  cap=  3.8ms
    t+0   | +0.1410  -0.0146  -0.1169  +0.2589  -0.0654  -0.1097
    t+1   | +0.1637  +0.0271  -0.1345  +0.2769  -0.1033  -0.1334
    t+2   | +0.1709  +0.0458  -0.1733  +0.2886  -0.0688  -0.1524
    t+3   | +0.1834  +0.0549  -0.1523  +0.2931  +0.0225  -0.1304
    t+4   | +0.1715  +0.0024  -0.1064  +0.2766  +0.0084  -0.0481
[12:30:58] #  848 [bench] e2e= 1085.1ms  infer= 1082.1ms  cap=  2.8ms
    t+0   | +0.1250  -0.0483  -0.1168  +0.2702  +0.0861  -0.2011
    t+1   | +0.0533  -0.0583  -0.1447  +0.3077  +0.1640  -0.1936
    t+2   | +0.0595  -0.0532  -0.1773  +0.3164  +0.1961  -0.1627
    t+3   | +0.0578  -0.0264  -0.1950  +0.3786  +0.2846  +0.1004
    t+4   | +0.1451  +0.0647  -0.3111  +0.3999  +0.3703  +0.2144
[12:30:59] #  849 [bench] e2e= 1087.9ms  infer= 1085.6ms  cap=  2.1ms
    t+0   | +0.1345  -0.0271  -0.0121  +0.2274  +0.0022  +0.1189
    t+1   | +0.0633  +0.0157  -0.0254  +0.2204  -0.0298  +0.2485
    t+2   | +0.0514  +0.0280  -0.0517  +0.2214  -0.0227  +0.1420
    t+3   | +0.0326  +0.0806  -0.0990  +0.1752  -0.0274  -0.0028
    t+4   | +0.0641  +0.0889  -0.2049  +0.2099  +0.0010  -0.0149
[12:31:00] #  850 [bench] e2e= 1045.2ms  infer= 1042.8ms  cap=  2.3ms
    t+0   | +0.2162  +0.0478  -0.1218  +0.2517  -0.0183  +0.0213
    t+1   | +0.2014  +0.0514  -0.1371  +0.2259  -0.0446  -0.0738
    t+2   | +0.1805  +0.0775  -0.1376  +0.2028  -0.0642  -0.0326
    t+3   | +0.1793  +0.0678  -0.1635  +0.1899  -0.0476  +0.0212
    t+4   | +0.1855  +0.0757  -0.1441  +0.2150  -0.0386  -0.0124
[12:31:02] #  851 [bench] e2e= 1086.9ms  infer= 1084.4ms  cap=  2.3ms
    t+0   | +0.0073  -0.2150  -0.0552  +0.2009  +0.0342  -0.2607
    t+1   | -0.0534  -0.1570  -0.0676  +0.1817  +0.0217  -0.2080
    t+2   | -0.0434  -0.1049  -0.0585  +0.1713  +0.0240  -0.1641
    t+3   | -0.0547  -0.0915  -0.0532  +0.1959  +0.0772  +0.0021
    t+4   | -0.0288  -0.0694  -0.0513  +0.2046  +0.0716  +0.0573
[12:31:03] #  852 [bench] e2e= 1062.5ms  infer= 1060.1ms  cap=  2.3ms
    t+0   | +0.1208  -0.0179  -0.0950  +0.1995  +0.0049  -0.4316
    t+1   | +0.0773  -0.0609  -0.0828  +0.1793  -0.0171  -0.3687
    t+2   | +0.0238  -0.0914  -0.0541  +0.1398  -0.0756  -0.3271
    t+3   | +0.0281  -0.0570  -0.0729  +0.1432  -0.0688  -0.2307
    t+4   | +0.0760  +0.0024  -0.0784  +0.1842  -0.0634  -0.2053
[12:31:04] #  853 [bench] e2e= 1089.5ms  infer= 1085.9ms  cap=  3.4ms
    t+0   | -0.0297  -0.0061  -0.1614  +0.1815  +0.0957  -0.0656
    t+1   | -0.0114  +0.0076  -0.1945  +0.1720  +0.0916  +0.0805
    t+2   | +0.0509  +0.0518  -0.2390  +0.2107  +0.0984  +0.1801
    t+3   | +0.0647  +0.0261  -0.2190  +0.2219  +0.0032  +0.6322
    t+4   | +0.0627  +0.0270  -0.2293  +0.2342  +0.0173  +0.4627
[12:31:05] #  854 [bench] e2e= 1083.6ms  infer= 1081.2ms  cap=  2.2ms
    t+0   | +0.1924  +0.0168  -0.1459  +0.2777  -0.1448  +0.2981
    t+1   | +0.1794  +0.0140  -0.1556  +0.2580  -0.1341  +0.1810
    t+2   | +0.1576  +0.0468  -0.1472  +0.2786  -0.1108  +0.2004
    t+3   | +0.1404  +0.0822  -0.1722  +0.2920  -0.1318  +0.1049
    t+4   | +0.1305  +0.0884  -0.1918  +0.2840  -0.1529  -0.0019
[12:31:06] #  855 [bench] e2e= 1080.8ms  infer= 1078.4ms  cap=  2.2ms
    t+0   | +0.1590  -0.0785  +0.0220  +0.2191  +0.0396  +0.3677
    t+1   | +0.1147  -0.0642  +0.0100  +0.2413  -0.0383  +0.2452
    t+2   | +0.0510  -0.0390  -0.0292  +0.2852  -0.0380  +0.2076
    t+3   | -0.0016  +0.0084  -0.1054  +0.2940  -0.0856  +0.1612
    t+4   | -0.0347  +0.0286  -0.1648  +0.3248  -0.1310  +0.1621
[12:31:07] #  856 [bench] e2e= 1089.7ms  infer= 1087.3ms  cap=  2.2ms
    t+0   | +0.3203  +0.0804  -0.1616  +0.2916  -0.0353  -0.0448
    t+1   | +0.2864  -0.0066  -0.0332  +0.2204  -0.0339  -0.3919
    t+2   | +0.2357  -0.0721  +0.0596  +0.2075  +0.0643  -0.5205
    t+3   | +0.1884  -0.0633  +0.0046  +0.2070  +0.1060  -0.3559
    t+4   | +0.1793  -0.0465  -0.0482  +0.2075  +0.0998  -0.2439
[12:31:08] #  857 [bench] e2e= 1062.9ms  infer= 1060.4ms  cap=  2.3ms
    t+0   | +0.1303  +0.0195  -0.1430  +0.2645  -0.0194  -0.0686
    t+1   | +0.1422  -0.0077  -0.1225  +0.2682  -0.0357  +0.1166
    t+2   | +0.1692  -0.0486  -0.1222  +0.2502  -0.0127  +0.0485
    t+3   | +0.1897  -0.0150  -0.1334  +0.2539  +0.0246  +0.1806
    t+4   | +0.1607  +0.0027  -0.1577  +0.2585  +0.0036  +0.3243
[12:31:09] #  858 [bench] e2e= 1088.2ms  infer= 1085.8ms  cap=  2.2ms
    t+0   | +0.0522  -0.0460  -0.3035  +0.3940  -0.0857  -0.2115
    t+1   | +0.0996  +0.0236  -0.3537  +0.4080  -0.0288  -0.0043
    t+2   | +0.1758  +0.0202  -0.3134  +0.3306  +0.0225  -0.0323
    t+3   | +0.1850  +0.0019  -0.2496  +0.3047  +0.0306  -0.0827
    t+4   | +0.1334  -0.0232  -0.2099  +0.2953  +0.0108  -0.1105
[12:31:10] #  859 [bench] e2e= 1086.3ms  infer= 1083.7ms  cap=  2.5ms
    t+0   | +0.1082  -0.1260  -0.0413  +0.1748  -0.1126  -0.7018
    t+1   | +0.1019  -0.1052  -0.0848  +0.2157  -0.0703  -0.5833
    t+2   | +0.1194  -0.0488  -0.1714  +0.2177  -0.0345  -0.5307
    t+3   | +0.0985  +0.0403  -0.2197  +0.2415  -0.0504  -0.2787
    t+4   | +0.0966  +0.0810  -0.2577  +0.2270  -0.0331  -0.0793
[12:31:11] #  860 [bench] e2e= 1085.0ms  infer= 1082.1ms  cap=  2.7ms
    t+0   | +0.0401  -0.1406  -0.0021  +0.1873  -0.1460  +0.3491
    t+1   | +0.0284  -0.1881  +0.0731  +0.1681  -0.1142  +0.1411
    t+2   | -0.0035  -0.2101  +0.1677  +0.1824  -0.0493  -0.1050
    t+3   | -0.0118  -0.1723  +0.1599  +0.1731  -0.0182  -0.1955
    t+4   | +0.0083  -0.1576  +0.0691  +0.1751  -0.0414  -0.1259
[12:31:12] #  861 [bench] e2e= 1045.5ms  infer= 1042.9ms  cap=  2.5ms
    t+0   | +0.1891  -0.0412  -0.1110  +0.2575  -0.0145  -0.0123
    t+1   | +0.1427  -0.0525  -0.1170  +0.2498  -0.0328  -0.0249
    t+2   | +0.0832  -0.0035  -0.1280  +0.2573  -0.0425  -0.2193
    t+3   | +0.0458  -0.0039  -0.1562  +0.2442  -0.0808  -0.3126
    t+4   | -0.0308  +0.0306  -0.2240  +0.2106  -0.0217  -0.3976
[12:31:13] #  862 [bench] e2e= 1091.8ms  infer= 1089.1ms  cap=  2.6ms
    t+0   | +0.1746  -0.0244  -0.2279  +0.3491  +0.0785  -0.1229
    t+1   | +0.2161  -0.0631  -0.2284  +0.3487  +0.1366  -0.1196
    t+2   | +0.2363  -0.0591  -0.2250  +0.3455  +0.1541  -0.1699
    t+3   | +0.2386  -0.0189  -0.2669  +0.3239  +0.1269  +0.1408
    t+4   | +0.2323  +0.0119  -0.3121  +0.3566  +0.1153  +0.2003
[12:31:15] #  863 [bench] e2e= 1091.0ms  infer= 1088.8ms  cap=  2.1ms
    t+0   | +0.1581  +0.0577  -0.1515  +0.2789  +0.0295  +0.0563
    t+1   | +0.1204  +0.0734  -0.1569  +0.2592  -0.0291  +0.2224
    t+2   | +0.0428  +0.0595  -0.1219  +0.2213  -0.0597  +0.2079
    t+3   | +0.0109  +0.0929  -0.1249  +0.2065  -0.0794  +0.2467
    t+4   | +0.0292  +0.1061  -0.1265  +0.2259  -0.1018  +0.2617
[12:31:16] #  864 [bench] e2e= 1046.4ms  infer= 1044.1ms  cap=  2.1ms
    t+0   | +0.2007  +0.0938  -0.3735  +0.3352  -0.0748  -0.6740
    t+1   | +0.1529  +0.0159  -0.2501  +0.2795  -0.0472  -0.4444
    t+2   | +0.1046  +0.0124  -0.2323  +0.2554  -0.0726  -0.0851
    t+3   | +0.1352  +0.0524  -0.2390  +0.2671  -0.1044  +0.0089
    t+4   | +0.1902  +0.0828  -0.2429  +0.2895  -0.0832  -0.0186
[12:31:17] #  865 [bench] e2e= 1039.0ms  infer= 1036.2ms  cap=  2.7ms
    t+0   | -0.0014  -0.1298  -0.0394  +0.1891  -0.0219  +0.1003
    t+1   | +0.0592  -0.2019  +0.0052  +0.1604  -0.0950  +0.6789
    t+2   | +0.0257  -0.2474  +0.0491  +0.1036  -0.0729  +0.0202
    t+3   | -0.0099  -0.1962  +0.0414  +0.1321  -0.0751  +0.0866
    t+4   | -0.0276  -0.1578  +0.0051  +0.1160  -0.0619  -0.0677

  [live] after 860 bench steps — e2e mean=1036.6ms  |  max replan freq=0.96 Hz  |  max control freq=4.82 Hz (n_action_steps=5)

[12:31:18] #  866 [bench] e2e= 1038.1ms  infer= 1035.1ms  cap=  2.8ms
    t+0   | -0.0025  -0.1468  -0.0894  +0.1591  -0.0203  -0.4820
    t+1   | +0.0140  -0.0743  -0.1570  +0.1787  -0.0119  -0.4613
    t+2   | +0.0503  -0.0384  -0.2148  +0.1792  -0.0589  -0.5134
    t+3   | +0.1011  -0.0083  -0.2238  +0.2039  -0.0714  -0.4480
    t+4   | +0.1264  -0.0180  -0.2163  +0.2070  -0.0589  -0.4226
[12:31:19] #  867 [bench] e2e= 1027.5ms  infer= 1024.8ms  cap=  2.6ms
    t+0   | +0.1236  -0.0164  -0.2301  +0.2915  -0.1163  -0.2611
    t+1   | +0.1605  -0.0025  -0.2138  +0.2550  -0.0572  -0.2942
    t+2   | +0.1841  +0.0263  -0.1633  +0.2354  -0.0601  -0.2405
    t+3   | +0.1841  +0.0540  -0.1754  +0.2483  -0.0669  -0.2032
    t+4   | +0.1729  +0.0850  -0.1917  +0.2672  -0.1109  +0.1418
[12:31:20] #  868 [bench] e2e= 1029.3ms  infer= 1026.8ms  cap=  2.3ms
    t+0   | -0.0494  +0.1139  -0.3000  +0.3494  -0.0093  -0.3436
    t+1   | -0.0469  +0.1029  -0.3074  +0.3380  +0.0259  -0.3070
    t+2   | -0.0082  +0.0538  -0.3534  +0.3113  +0.0780  -0.2111
    t+3   | +0.0834  +0.0549  -0.3129  +0.3253  +0.1720  -0.1790
    t+4   | +0.0957  +0.0248  -0.2506  +0.3051  +0.1175  -0.0886
[12:31:21] #  869 [bench] e2e= 1032.5ms  infer= 1029.2ms  cap=  3.1ms
    t+0   | +0.1449  -0.0730  -0.0925  +0.2526  +0.0488  -0.1095
    t+1   | +0.1188  -0.0478  -0.0950  +0.2504  +0.1028  -0.1400
    t+2   | +0.0629  -0.0222  -0.1144  +0.2493  +0.1227  -0.0975
    t+3   | +0.0136  +0.0133  -0.1618  +0.2276  +0.1004  -0.2217
    t+4   | +0.0149  +0.0406  -0.1459  +0.2180  +0.0962  -0.3614
[12:31:22] #  870 [bench] e2e= 1035.1ms  infer= 1031.8ms  cap=  3.0ms
    t+0   | +0.0588  -0.1833  -0.0547  +0.2271  -0.0097  +0.3492
    t+1   | -0.0140  -0.2430  -0.0530  +0.1702  -0.0625  -0.0722
    t+2   | -0.0344  -0.1810  -0.0581  +0.2282  -0.0742  -0.1606
    t+3   | -0.0081  -0.1276  -0.1103  +0.2677  -0.0817  -0.1540
    t+4   | +0.0243  -0.0594  -0.1606  +0.2862  -0.0216  -0.1122
[12:31:23] #  871 [bench] e2e= 1027.0ms  infer= 1024.6ms  cap=  2.2ms
    t+0   | +0.0330  -0.0863  -0.0405  +0.2220  -0.1066  +0.0331
    t+1   | +0.0298  -0.0733  -0.0602  +0.2190  -0.0638  -0.0970
    t+2   | -0.0196  -0.1360  -0.0649  +0.1834  -0.0512  -0.1686
    t+3   | -0.1081  -0.1281  -0.1451  +0.2254  -0.0535  -0.3616
    t+4   | -0.1093  -0.1095  -0.1662  +0.2370  -0.0685  -0.5109
[12:31:24] #  872 [bench] e2e= 1031.3ms  infer= 1027.5ms  cap=  3.7ms
    t+0   | -0.0292  -0.0138  -0.1125  +0.2319  +0.1947  -0.6919
    t+1   | -0.0222  -0.0421  -0.1061  +0.2312  +0.1643  -0.7015
    t+2   | -0.0601  -0.0957  -0.0534  +0.2268  +0.1793  -0.6081
    t+3   | -0.1045  -0.1556  -0.0308  +0.1551  +0.1575  -0.6541
    t+4   | -0.0679  -0.1177  -0.0145  +0.1920  +0.1064  -0.6563
[12:31:25] #  873 [bench] e2e= 1030.1ms  infer= 1026.8ms  cap=  3.2ms
    t+0   | +0.1493  +0.0607  -0.1820  +0.2762  -0.1229  +0.1166
    t+1   | -0.0725  +0.0589  -0.1443  +0.2244  -0.0978  +0.0490
    t+2   | -0.1879  +0.0836  -0.1619  +0.2095  -0.2100  +0.2187
    t+3   | -0.0935  +0.0934  -0.1643  +0.2406  -0.2268  +0.4034
    t+4   | -0.0391  +0.1049  -0.1735  +0.2308  -0.2589  +0.4418
[12:31:26] #  874 [bench] e2e= 1031.3ms  infer= 1027.9ms  cap=  3.2ms
    t+0   | +0.0490  -0.0244  -0.1814  +0.2362  -0.0344  -0.4259
    t+1   | -0.0015  -0.0374  -0.1866  +0.2302  -0.0304  -0.3454
    t+2   | -0.0381  -0.0704  -0.1679  +0.2643  -0.0798  -0.3024
    t+3   | +0.0040  -0.0929  -0.1597  +0.2615  -0.1004  -0.3403
    t+4   | +0.0233  -0.0789  -0.1247  +0.2479  -0.0805  -0.1960
[12:31:27] #  875 [bench] e2e= 1028.5ms  infer= 1025.1ms  cap=  3.2ms
    t+0   | +0.0527  +0.0488  -0.1415  +0.2502  +0.0830  -0.2478
    t+1   | +0.0012  +0.0276  -0.1343  +0.2313  +0.0584  -0.1618
    t+2   | -0.0490  -0.0213  -0.1209  +0.2192  +0.0929  -0.1218
    t+3   | -0.0194  -0.0635  -0.1154  +0.2385  +0.1134  -0.1191
    t+4   | +0.0212  -0.0718  -0.0940  +0.2334  +0.1113  -0.0305
[12:31:28] #  876 [bench] e2e= 1034.8ms  infer= 1031.4ms  cap=  3.2ms
    t+0   | +0.2272  +0.0357  -0.1725  +0.3203  +0.0375  -0.0041
    t+1   | +0.1319  +0.0946  -0.2758  +0.3009  -0.0499  -0.1035
    t+2   | +0.1012  +0.0872  -0.2495  +0.2667  -0.0576  -0.1649
    t+3   | +0.1093  +0.0264  -0.1833  +0.2070  -0.0179  -0.2475
    t+4   | +0.1352  +0.0417  -0.1380  +0.2055  +0.0348  -0.2299
[12:31:29] #  877 [bench] e2e= 1034.6ms  infer= 1031.4ms  cap=  3.0ms
    t+0   | +0.0904  -0.0221  -0.3164  +0.3565  +0.0415  -0.0759
    t+1   | +0.0792  -0.0416  -0.2099  +0.2822  +0.0540  +0.0218
    t+2   | -0.0385  -0.1042  -0.1134  +0.2074  -0.0031  +0.4649
    t+3   | -0.0855  -0.1147  -0.1023  +0.1827  +0.0224  +0.2114
    t+4   | -0.1255  -0.1402  -0.1179  +0.1858  +0.0255  -0.0019
[12:31:30] #  878 [bench] e2e= 1032.9ms  infer= 1030.4ms  cap=  2.4ms
    t+0   | +0.1728  -0.0507  -0.1375  +0.1903  +0.1450  -0.3854
    t+1   | +0.2092  -0.0163  -0.2302  +0.1774  +0.1685  -0.2783
    t+2   | +0.2120  +0.0932  -0.2800  +0.2130  +0.1992  -0.1928
    t+3   | +0.2416  +0.1379  -0.2800  +0.2283  +0.2118  -0.0374
    t+4   | +0.2510  +0.1831  -0.2868  +0.2146  +0.1742  +0.0645
[12:31:31] #  879 [bench] e2e= 1027.9ms  infer= 1025.4ms  cap=  2.3ms
    t+0   | +0.1759  +0.0581  -0.3579  +0.3710  +0.0587  -0.2445
    t+1   | +0.1256  -0.0098  -0.1979  +0.2723  +0.0576  -0.5242
    t+2   | +0.0819  -0.0530  -0.1672  +0.2266  +0.0878  -0.6629
    t+3   | +0.0497  -0.0623  -0.1874  +0.2495  +0.1151  -0.7092
    t+4   | +0.0511  -0.0536  -0.2598  +0.2688  +0.1129  -0.7322
[12:31:32] #  880 [bench] e2e= 1065.0ms  infer= 1062.4ms  cap=  2.4ms
    t+0   | +0.1139  -0.0655  -0.0300  +0.1949  -0.0058  -0.2523
    t+1   | +0.0176  -0.0768  +0.0080  +0.1649  +0.0002  -0.3048
    t+2   | -0.0165  -0.0943  +0.0141  +0.1730  -0.0350  -0.1048
    t+3   | +0.0021  -0.1152  +0.0147  +0.1852  -0.0685  -0.1032
    t+4   | +0.0168  -0.1077  +0.0332  +0.1720  -0.0123  -0.3927
[12:31:33] #  881 [bench] e2e= 1026.3ms  infer= 1023.0ms  cap=  3.1ms
    t+0   | +0.0326  +0.0239  -0.2434  +0.2768  -0.1403  -0.2488
    t+1   | +0.0147  -0.0187  -0.1670  +0.2089  -0.1120  -0.6660
    t+2   | -0.0629  -0.0244  -0.1795  +0.1970  -0.1079  -0.6023
    t+3   | -0.0509  -0.0443  -0.1906  +0.1867  -0.1020  -0.4351
    t+4   | -0.0063  -0.0260  -0.1962  +0.2248  -0.1244  +0.0695
[12:31:34] #  882 [bench] e2e= 1021.3ms  infer= 1018.3ms  cap=  2.8ms
    t+0   | -0.0004  -0.0380  -0.0548  +0.1851  -0.1387  -0.0716
    t+1   | +0.0208  -0.0605  -0.0102  +0.1530  -0.0837  -0.1215
    t+2   | +0.0564  -0.0628  -0.0011  +0.1427  -0.0522  -0.0761
    t+3   | +0.0454  -0.0655  +0.0359  +0.1084  -0.0084  -0.1284
    t+4   | +0.0171  -0.0946  +0.0683  +0.1014  -0.0224  -0.1940
[12:31:35] #  883 [bench] e2e= 1025.9ms  infer= 1022.9ms  cap=  2.7ms
    t+0   | +0.0983  -0.2108  +0.0307  +0.1845  +0.0323  -0.1209
    t+1   | +0.1027  -0.2256  +0.0628  +0.1817  +0.1073  -0.1494
    t+2   | +0.0700  -0.1950  +0.0934  +0.1443  +0.1399  -0.2701
    t+3   | +0.0422  -0.1529  +0.0500  +0.1544  +0.1490  -0.2804
    t+4   | +0.0651  -0.1391  +0.0296  +0.1417  +0.1414  -0.2592
[12:31:36] #  884 [bench] e2e= 1030.6ms  infer= 1026.6ms  cap=  3.6ms
    t+0   | +0.2181  -0.0279  -0.0741  +0.2481  +0.1505  -0.0365
    t+1   | +0.1862  -0.0425  -0.0833  +0.2178  +0.1591  -0.4123
    t+2   | +0.1778  -0.0881  -0.0349  +0.2186  +0.2176  -0.4261
    t+3   | +0.1793  -0.1055  -0.0097  +0.1763  +0.3074  -0.4290
    t+4   | +0.1865  -0.0918  +0.0182  +0.2067  +0.3329  -0.4197
[12:31:37] #  885 [bench] e2e= 1070.4ms  infer= 1067.3ms  cap=  3.0ms
    t+0   | +0.0764  -0.1019  -0.1014  +0.2464  -0.0811  -0.0539
    t+1   | +0.0074  -0.1481  -0.0653  +0.2320  -0.0301  -0.1410
    t+2   | -0.0515  -0.1690  -0.0274  +0.2004  -0.0093  -0.2147
    t+3   | -0.0812  -0.0938  -0.0538  +0.2077  -0.0002  -0.3381
    t+4   | -0.0553  -0.0422  -0.0717  +0.1794  +0.0151  -0.4649

  [live] after 880 bench steps — e2e mean=1036.6ms  |  max replan freq=0.96 Hz  |  max control freq=4.82 Hz (n_action_steps=5)

[12:31:38] #  886 [bench] e2e= 1041.4ms  infer= 1038.7ms  cap=  2.6ms
    t+0   | +0.1027  -0.0748  +0.0019  +0.1630  +0.0796  -0.3178
    t+1   | +0.0870  -0.0459  -0.0457  +0.1781  +0.0411  -0.2764
    t+2   | +0.0417  -0.0252  -0.1146  +0.1833  +0.0398  -0.1862
    t+3   | +0.0333  -0.0136  -0.1542  +0.1838  +0.0059  +0.0045
    t+4   | +0.0454  +0.0465  -0.1969  +0.2137  -0.0955  +0.3932
[12:31:39] #  887 [bench] e2e= 1027.9ms  infer= 1024.7ms  cap=  3.0ms
    t+0   | +0.0878  -0.0445  -0.1590  +0.2481  -0.0476  -0.2930
    t+1   | +0.0568  -0.0489  -0.1399  +0.2047  -0.0589  -0.4244
    t+2   | +0.0386  -0.0687  -0.0170  +0.1583  +0.0025  -0.7049
    t+3   | -0.0176  -0.0986  +0.0511  +0.1428  +0.0466  -0.7270
    t+4   | -0.0602  -0.1059  +0.0043  +0.1452  +0.0275  -0.6920
[12:31:40] #  888 [bench] e2e= 1027.2ms  infer= 1024.5ms  cap=  2.5ms
    t+0   | -0.0497  -0.1890  +0.0644  +0.1040  +0.0302  -0.5005
    t+1   | -0.0498  -0.1135  -0.0457  +0.2012  -0.1113  -0.3677
    t+2   | -0.0087  -0.0374  -0.1162  +0.2584  -0.1586  -0.2597
    t+3   | +0.0455  -0.0523  -0.0996  +0.2407  -0.1372  -0.1934
    t+4   | +0.0582  -0.0125  -0.0703  +0.1980  -0.0966  -0.1750
[12:31:41] #  889 [bench] e2e= 1033.6ms  infer= 1030.8ms  cap=  2.7ms
    t+0   | +0.0185  -0.0980  +0.0743  +0.0365  +0.0377  -0.7788
    t+1   | +0.0135  -0.1312  +0.0544  +0.0475  +0.0226  -0.7282
    t+2   | +0.0016  -0.1516  -0.0111  +0.0775  -0.0234  -0.2669
    t+3   | -0.0299  -0.0723  -0.0908  +0.1404  -0.0942  +0.2375
    t+4   | +0.0108  -0.0139  -0.1516  +0.1981  -0.1417  +0.7176
[12:31:42] #  890 [bench] e2e= 1035.2ms  infer= 1031.3ms  cap=  3.7ms
    t+0   | -0.0280  -0.1330  -0.0671  +0.1657  -0.1681  -0.1701
    t+1   | -0.0214  -0.1384  -0.0427  +0.1606  -0.1248  -0.3750
    t+2   | -0.0392  -0.1355  -0.0499  +0.1990  -0.0620  -0.4397
    t+3   | -0.0905  -0.1254  -0.1203  +0.1934  -0.0173  -0.3618
    t+4   | -0.2284  -0.2100  -0.0567  +0.1109  +0.0529  -0.5780
[12:31:44] #  891 [bench] e2e= 1038.5ms  infer= 1035.3ms  cap=  3.0ms
    t+0   | +0.1815  +0.0166  -0.1516  +0.2565  -0.0516  +0.0466
    t+1   | +0.1275  -0.0177  -0.1499  +0.2501  -0.0731  +0.0300
    t+2   | +0.0390  -0.0558  -0.1142  +0.2806  -0.0160  +0.0942
    t+3   | +0.0109  -0.0826  -0.0968  +0.2571  +0.0352  +0.0190
    t+4   | +0.0504  -0.0750  -0.0702  +0.2548  +0.0245  +0.1242
[12:31:45] #  892 [bench] e2e= 1028.7ms  infer= 1026.0ms  cap=  2.5ms
    t+0   | +0.1813  +0.0535  -0.1470  +0.2912  +0.0459  +0.4130
    t+1   | -0.1715  -0.1340  +0.0155  +0.1575  -0.0374  +0.2091
    t+2   | -0.2720  -0.2458  +0.0751  +0.1120  -0.0857  -0.0568
    t+3   | -0.1968  -0.2546  +0.0879  +0.1266  -0.0716  -0.1334
    t+4   | -0.1339  -0.2260  +0.0727  +0.1269  -0.0536  -0.1103
[12:31:46] #  893 [bench] e2e= 1024.9ms  infer= 1022.0ms  cap=  2.7ms
    t+0   | +0.2025  -0.0123  -0.0791  +0.2575  -0.0456  -0.1825
    t+1   | +0.2031  +0.0350  -0.1093  +0.2918  -0.0855  +0.0492
    t+2   | +0.1701  +0.0895  -0.1615  +0.2905  -0.1331  +0.2833
    t+3   | +0.1368  +0.0887  -0.1561  +0.2914  -0.1351  +0.2809
    t+4   | +0.1768  +0.0628  -0.1111  +0.2649  -0.0984  +0.2415
[12:31:47] #  894 [bench] e2e= 1027.9ms  infer= 1025.0ms  cap=  2.7ms
    t+0   | +0.1581  +0.0801  -0.2096  +0.3055  -0.1341  +0.2273
    t+1   | +0.1444  +0.0944  -0.2312  +0.2819  -0.1416  +0.0956
    t+2   | +0.1372  +0.1020  -0.2187  +0.2720  -0.1279  -0.0041
    t+3   | +0.1529  +0.1229  -0.2423  +0.2752  -0.1143  -0.1769
    t+4   | +0.1428  +0.1043  -0.2388  +0.2786  -0.1216  -0.1493
[12:31:48] #  895 [bench] e2e= 1034.9ms  infer= 1030.9ms  cap=  3.7ms
    t+0   | -0.0655  -0.1585  +0.0349  +0.1435  -0.0249  -0.6060
    t+1   | -0.0638  -0.1194  -0.0090  +0.1785  -0.0663  -0.2377
    t+2   | -0.0671  -0.0980  -0.0376  +0.1954  -0.0849  -0.1165
    t+3   | -0.1209  -0.1770  +0.0148  +0.1407  -0.1024  -0.2646
    t+4   | -0.1655  -0.2034  +0.0594  +0.1141  -0.1176  -0.3655
[12:31:49] #  896 [bench] e2e= 1035.5ms  infer= 1032.5ms  cap=  2.8ms
    t+0   | +0.0493  -0.2445  +0.0410  +0.1367  -0.0374  -0.7780
    t+1   | -0.0128  -0.2873  +0.0338  +0.1213  -0.0690  -0.7831
    t+2   | -0.1220  -0.2824  +0.0414  +0.0818  -0.1253  -0.7248
    t+3   | -0.0947  -0.2345  +0.0392  +0.1131  -0.1076  -0.5953
    t+4   | -0.0486  -0.1705  +0.0065  +0.1454  -0.0753  -0.4846
[12:31:50] #  897 [bench] e2e= 1033.8ms  infer= 1030.8ms  cap=  2.8ms
    t+0   | -0.0048  -0.0704  -0.0732  +0.2030  +0.0576  -0.1508
    t+1   | +0.0195  +0.0140  -0.1274  +0.2240  +0.0324  +0.0929
    t+2   | +0.0085  +0.1018  -0.1754  +0.2721  +0.0545  +0.4170
    t+3   | +0.0246  +0.1276  -0.1620  +0.2900  +0.1018  +0.5048
    t+4   | -0.0019  +0.1667  -0.1623  +0.2918  +0.1973  +0.4892
[12:31:51] #  898 [bench] e2e= 1031.9ms  infer= 1028.9ms  cap=  2.8ms
    t+0   | +0.0191  -0.1365  -0.0572  +0.2075  -0.1449  -0.2206
    t+1   | +0.0623  -0.0860  -0.0597  +0.1929  -0.1017  -0.4687
    t+2   | +0.1275  -0.0371  -0.1288  +0.1440  -0.0822  -0.6849
    t+3   | +0.1272  -0.0390  -0.1306  +0.1291  -0.0616  -0.7392
    t+4   | +0.1130  -0.0815  -0.1198  +0.1303  -0.0348  -0.7450
[12:31:52] #  899 [bench] e2e= 1029.1ms  infer= 1026.1ms  cap=  2.9ms
    t+0   | +0.1327  -0.0567  -0.0614  +0.2033  -0.0301  -0.1716
    t+1   | +0.1144  -0.0699  -0.0744  +0.1899  -0.0104  -0.2044
    t+2   | +0.1455  -0.0568  -0.1911  +0.2427  +0.0414  -0.3257
    t+3   | +0.1669  -0.0316  -0.1888  +0.2779  +0.0258  -0.4112
    t+4   | +0.1433  -0.0460  -0.1764  +0.2455  +0.0144  -0.6223
[12:31:53] #  900 [bench] e2e= 1033.9ms  infer= 1027.5ms  cap=  6.1ms
    t+0   | +0.1610  -0.0904  -0.0186  +0.1933  -0.0278  +0.0517
    t+1   | +0.1543  -0.0674  -0.0052  +0.2079  -0.0197  +0.1036
    t+2   | +0.1692  +0.0230  -0.0520  +0.2300  -0.0380  +0.0657
    t+3   | +0.1494  +0.0397  -0.0631  +0.2269  -0.0459  -0.0406
    t+4   | +0.1027  +0.0243  -0.0972  +0.2396  -0.0122  -0.1281
[12:31:54] #  901 [bench] e2e= 1030.4ms  infer= 1026.6ms  cap=  3.5ms
    t+0   | +0.0190  -0.0207  -0.2992  +0.3715  +0.1122  -0.2662
    t+1   | -0.0519  -0.0382  -0.2541  +0.3308  +0.1467  -0.0895
    t+2   | -0.0297  -0.1006  -0.1430  +0.2620  -0.0117  +0.6570
    t+3   | -0.0042  -0.0824  -0.1318  +0.2433  -0.0513  +0.7501
    t+4   | +0.0497  -0.0376  -0.1555  +0.2336  -0.0834  +0.5339
[12:31:55] #  902 [bench] e2e= 1029.0ms  infer= 1025.7ms  cap=  3.1ms
    t+0   | +0.1125  +0.0132  -0.0645  +0.1818  +0.0492  +0.0986
    t+1   | +0.0703  -0.0069  -0.0476  +0.1590  +0.0633  +0.0118
    t+2   | +0.0614  -0.0159  -0.0669  +0.1831  +0.0731  -0.0819
    t+3   | +0.0840  -0.0307  -0.0561  +0.1977  +0.1157  -0.0963
    t+4   | +0.0590  -0.0497  -0.0252  +0.1711  +0.2010  -0.2983
[12:31:56] #  903 [bench] e2e= 1026.8ms  infer= 1023.4ms  cap=  3.2ms
    t+0   | +0.0200  -0.0559  -0.1135  +0.2117  +0.0861  -0.1195
    t+1   | -0.0877  -0.1112  -0.0853  +0.1741  +0.2112  -0.2529
    t+2   | -0.0528  -0.1404  -0.1079  +0.1831  +0.1529  -0.3948
    t+3   | +0.0110  -0.1504  -0.1041  +0.1822  +0.0844  -0.4438
    t+4   | +0.0456  -0.1569  -0.0930  +0.1750  +0.0294  -0.3992
[12:31:57] #  904 [bench] e2e= 1024.4ms  infer= 1021.8ms  cap=  2.4ms
    t+0   | -0.2433  -0.0265  -0.2928  +0.3370  +0.0430  -0.2697
    t+1   | -0.1419  -0.0462  -0.3341  +0.3536  +0.0482  -0.4311
    t+2   | -0.0372  -0.0212  -0.3170  +0.3401  +0.0300  -0.3643
    t+3   | +0.0021  -0.0291  -0.3166  +0.2759  +0.0313  -0.2325
    t+4   | -0.0232  -0.0650  -0.3159  +0.2650  +0.0449  -0.2396
[12:31:58] #  905 [bench] e2e= 1031.5ms  infer= 1028.9ms  cap=  2.4ms
    t+0   | +0.1030  -0.1576  +0.0827  +0.1911  +0.0722  -0.2002
    t+1   | +0.1077  -0.1584  +0.0699  +0.1982  +0.0211  -0.2079
    t+2   | +0.0875  -0.1098  -0.0386  +0.2237  -0.0322  -0.2525
    t+3   | +0.1069  +0.0156  -0.1929  +0.3512  -0.0848  -0.1841
    t+4   | +0.1334  +0.0675  -0.2391  +0.3669  -0.0755  +0.1232

  [live] after 900 bench steps — e2e mean=1036.5ms  |  max replan freq=0.96 Hz  |  max control freq=4.82 Hz (n_action_steps=5)

[12:31:59] #  906 [bench] e2e= 1028.5ms  infer= 1025.5ms  cap=  2.8ms
    t+0   | +0.2253  +0.0477  -0.2373  +0.3062  -0.0528  -0.1343
    t+1   | +0.1651  -0.0335  -0.1891  +0.2637  -0.0442  -0.2520
    t+2   | +0.1004  -0.1095  -0.1713  +0.2808  -0.0511  -0.2484
    t+3   | +0.0859  -0.0914  -0.1852  +0.2796  +0.0232  -0.3186
    t+4   | +0.0921  -0.0361  -0.2049  +0.2937  +0.0286  -0.3115
[12:32:00] #  907 [bench] e2e= 1042.6ms  infer= 1040.0ms  cap=  2.5ms
    t+0   | +0.0917  -0.0970  -0.0176  +0.1611  -0.0301  -0.5853
    t+1   | +0.0518  -0.0313  -0.0754  +0.1605  -0.0530  -0.5672
    t+2   | +0.0814  +0.0058  -0.0960  +0.1786  -0.0679  -0.3647
    t+3   | +0.1199  -0.0178  -0.0761  +0.1575  -0.0233  -0.3072
    t+4   | +0.1238  +0.0153  -0.0807  +0.1661  +0.0173  -0.3513
[12:32:01] #  908 [bench] e2e= 1035.4ms  infer= 1032.9ms  cap=  2.4ms
    t+0   | +0.2079  +0.0964  -0.1033  +0.2560  -0.0447  +0.2252
    t+1   | +0.1738  +0.0781  -0.0911  +0.2088  -0.0294  -0.0946
    t+2   | +0.1330  +0.0416  -0.0643  +0.2010  -0.0148  -0.1970
    t+3   | +0.0799  +0.0716  -0.0459  +0.1928  -0.0062  -0.3389
    t+4   | +0.0867  +0.0889  -0.1249  +0.1936  -0.0188  -0.2707
[12:32:02] #  909 [bench] e2e= 1040.4ms  infer= 1037.8ms  cap=  2.4ms
    t+0   | +0.1378  -0.1327  -0.0340  +0.2126  -0.1164  +0.1279
    t+1   | +0.1279  -0.1396  -0.0223  +0.2119  -0.1135  +0.1337
    t+2   | +0.1058  -0.1618  -0.0161  +0.2128  -0.0538  +0.2518
    t+3   | +0.0529  -0.1726  -0.0065  +0.2132  -0.0588  +0.4072
    t+4   | +0.0148  -0.1857  -0.0161  +0.2172  -0.0745  +0.3986
[12:32:03] #  910 [bench] e2e= 1026.0ms  infer= 1021.9ms  cap=  3.9ms
    t+0   | +0.1466  -0.0102  -0.1103  +0.2383  -0.0586  -0.1973
    t+1   | +0.0653  -0.0286  -0.0697  +0.2033  -0.0396  -0.1970
    t+2   | +0.0338  -0.0225  -0.0518  +0.1660  -0.0514  -0.1773
    t+3   | -0.0050  -0.0329  -0.0236  +0.1481  -0.0273  -0.1973
    t+4   | -0.0246  -0.0951  +0.0097  +0.1683  +0.0103  -0.2971
[12:32:04] #  911 [bench] e2e= 1031.4ms  infer= 1028.6ms  cap=  2.6ms
    t+0   | -0.2170  -0.2056  +0.1220  +0.1315  -0.0039  -0.1732
    t+1   | -0.1285  -0.1215  +0.0057  +0.2226  -0.0538  +0.1386
    t+2   | -0.0157  -0.0218  -0.1340  +0.3048  -0.0650  +0.2012
    t+3   | +0.0720  -0.0244  -0.1721  +0.2946  -0.0586  +0.0024
    t+4   | +0.0926  -0.0185  -0.2124  +0.2937  -0.0892  -0.0193
[12:32:05] #  912 [bench] e2e= 1030.5ms  infer= 1027.8ms  cap=  2.5ms
    t+0   | +0.1307  +0.0165  -0.1078  +0.2277  -0.2493  +0.6493
    t+1   | +0.1464  +0.0141  -0.0893  +0.2286  -0.2020  +0.6521
    t+2   | +0.1092  -0.0421  -0.0637  +0.1488  -0.1517  +0.3874
    t+3   | +0.0691  -0.0726  -0.0457  +0.1147  -0.1773  +0.4976
    t+4   | +0.0908  -0.0514  -0.0399  +0.1132  -0.2092  +0.5079
[12:32:06] #  913 [bench] e2e= 1027.7ms  infer= 1024.7ms  cap=  2.8ms
    t+0   | +0.1133  -0.0619  -0.1371  +0.2650  +0.0022  -0.1809
    t+1   | +0.1023  -0.0244  -0.1716  +0.2342  +0.0332  -0.3746
    t+2   | +0.0353  +0.0145  -0.1740  +0.2222  +0.0519  -0.3739
    t+3   | +0.0340  +0.0155  -0.2172  +0.2323  +0.0470  -0.2884
    t+4   | +0.0453  -0.0038  -0.2046  +0.2336  +0.0275  -0.2311
[12:32:07] #  914 [bench] e2e= 1028.0ms  infer= 1024.2ms  cap=  3.7ms
    t+0   | -0.4220  -0.5123  +0.1006  -0.0668  -0.1935  -0.4519
    t+1   | -0.1933  -0.2873  -0.1260  +0.1038  -0.1429  -0.4513
    t+2   | -0.0616  -0.1698  -0.1865  +0.1802  -0.0691  -0.4169
    t+3   | +0.0310  -0.1334  -0.2089  +0.2474  -0.0249  -0.3163
    t+4   | +0.0621  -0.1296  -0.2043  +0.2702  +0.0599  -0.2743
[12:32:08] #  915 [bench] e2e= 1026.6ms  infer= 1023.4ms  cap=  3.0ms
    t+0   | +0.0664  +0.0361  -0.1515  +0.2466  -0.0358  -0.1429
    t+1   | -0.0530  +0.0519  -0.1700  +0.2238  +0.0177  -0.1808
    t+2   | -0.0864  +0.0197  -0.1295  +0.1921  +0.0378  -0.2336
    t+3   | -0.0543  -0.0100  -0.1526  +0.1606  +0.1020  -0.2000
    t+4   | -0.0217  -0.0489  -0.1414  +0.1833  +0.1430  -0.1358
[12:32:09] #  916 [bench] e2e= 1027.9ms  infer= 1025.1ms  cap=  2.7ms
    t+0   | -0.0264  -0.0903  -0.0576  +0.1525  +0.0339  -0.1527
    t+1   | +0.0059  -0.0871  -0.0678  +0.1340  +0.0159  -0.1357
    t+2   | -0.0329  -0.0637  -0.0455  +0.1892  +0.0115  -0.1765
    t+3   | +0.0196  -0.0740  -0.0931  +0.1939  +0.0570  -0.1688
    t+4   | +0.0545  -0.0759  -0.1018  +0.2215  +0.0755  -0.1639
[12:32:10] #  917 [bench] e2e= 1033.0ms  infer= 1030.0ms  cap=  2.8ms
    t+0   | +0.1372  -0.0665  -0.0503  +0.2286  -0.0090  -0.0657
    t+1   | +0.0433  -0.0665  -0.0474  +0.2045  +0.0049  -0.1523
    t+2   | -0.0591  -0.1202  -0.0308  +0.1168  -0.0368  -0.2374
    t+3   | -0.0599  -0.1577  -0.0073  +0.0958  -0.0431  -0.3472
    t+4   | -0.0290  -0.1649  -0.0241  +0.1439  -0.0398  -0.4327
[12:32:11] #  918 [bench] e2e= 1029.3ms  infer= 1025.9ms  cap=  3.2ms
    t+0   | +0.1908  +0.0722  -0.2562  +0.2800  -0.0507  -0.6946
    t+1   | +0.1482  +0.0097  -0.2246  +0.2544  -0.0685  -0.6098
    t+2   | +0.1143  +0.0354  -0.2688  +0.2882  -0.0600  -0.4697
    t+3   | +0.0936  +0.0762  -0.2890  +0.2993  -0.0208  -0.4431
    t+4   | +0.0767  +0.1434  -0.3582  +0.2850  +0.0395  -0.3413
[12:32:12] #  919 [bench] e2e= 1032.6ms  infer= 1029.6ms  cap=  2.8ms
    t+0   | +0.1328  -0.0034  -0.0572  +0.1860  +0.0419  -0.1716
    t+1   | +0.0810  +0.0375  -0.0923  +0.1947  +0.0527  -0.2432
    t+2   | +0.0391  +0.1168  -0.1769  +0.2559  +0.0795  -0.4636
    t+3   | +0.0617  +0.1047  -0.1742  +0.2534  +0.0879  -0.5974
    t+4   | +0.1074  +0.0941  -0.1721  +0.2482  +0.0679  -0.5414
[12:32:13] #  920 [bench] e2e= 1032.6ms  infer= 1028.9ms  cap=  3.4ms
    t+0   | -0.2607  -0.1698  -0.0528  +0.1246  +0.2457  -0.4537
    t+1   | -0.1403  -0.1077  -0.0800  +0.1602  +0.1989  -0.3388
    t+2   | -0.0697  -0.0379  -0.0972  +0.1926  +0.1062  -0.0611
    t+3   | -0.0395  +0.0049  -0.1184  +0.2280  +0.0340  +0.1135
    t+4   | -0.0336  +0.0277  -0.1395  +0.2343  +0.0263  -0.0215
[12:32:14] #  921 [bench] e2e= 1038.6ms  infer= 1035.7ms  cap=  2.7ms
    t+0   | +0.0564  +0.0868  -0.0655  +0.2148  +0.1558  -0.5978
    t+1   | +0.0412  +0.0144  -0.0402  +0.2072  +0.0886  -0.6026
    t+2   | -0.0136  -0.1092  -0.0172  +0.1684  +0.0964  -0.6352
    t+3   | -0.0345  -0.2057  +0.0263  +0.1668  +0.1348  -0.6103
    t+4   | -0.0479  -0.1661  +0.0111  +0.1745  +0.0804  -0.3589
[12:32:15] #  922 [bench] e2e= 1033.4ms  infer= 1031.1ms  cap=  2.1ms
    t+0   | +0.2721  +0.0737  -0.1446  +0.3052  +0.0684  +0.1278
    t+1   | +0.1882  +0.0482  -0.1313  +0.2721  +0.0450  -0.0293
    t+2   | +0.0668  +0.0219  -0.1111  +0.2287  +0.1077  -0.1383
    t+3   | +0.0579  -0.0061  -0.1015  +0.2242  +0.0902  -0.2620
    t+4   | +0.0352  +0.0285  -0.1462  +0.2285  +0.1334  -0.3288
[12:32:17] #  923 [bench] e2e= 1031.4ms  infer= 1029.0ms  cap=  2.3ms
    t+0   | +0.1754  -0.0658  -0.0411  +0.2259  +0.0295  -0.0854
    t+1   | +0.0999  -0.1150  -0.0289  +0.1973  -0.0206  -0.0973
    t+2   | +0.0543  -0.1402  +0.0111  +0.1686  -0.0365  +0.1997
    t+3   | +0.0500  -0.1426  +0.0176  +0.1608  -0.0223  +0.1135
    t+4   | +0.0817  -0.1381  -0.0068  +0.1492  -0.0031  +0.2175
[12:32:18] #  924 [bench] e2e= 1036.0ms  infer= 1033.7ms  cap=  2.1ms
    t+0   | +0.1459  +0.0376  -0.2486  +0.3279  -0.1006  -0.1074
    t+1   | +0.0465  +0.0134  -0.2163  +0.2961  -0.0904  -0.2194
    t+2   | -0.0448  +0.0094  -0.2037  +0.2541  -0.1645  -0.2219
    t+3   | -0.0901  +0.0481  -0.2169  +0.2367  -0.2011  -0.2250
    t+4   | -0.0719  +0.0318  -0.2286  +0.2131  -0.2053  -0.2611
[12:32:19] #  925 [bench] e2e= 1030.7ms  infer= 1027.7ms  cap=  2.9ms
    t+0   | +0.1348  +0.0794  -0.2364  +0.2874  +0.0162  -0.5235
    t+1   | +0.0996  +0.0729  -0.2042  +0.2377  +0.1285  -0.6821
    t+2   | +0.0867  +0.0336  -0.2023  +0.2070  +0.1383  -0.7331
    t+3   | +0.1001  +0.0457  -0.2708  +0.2306  +0.1338  -0.7125
    t+4   | +0.0673  +0.0798  -0.3214  +0.2439  +0.1104  -0.6765

  [live] after 920 bench steps — e2e mean=1036.4ms  |  max replan freq=0.96 Hz  |  max control freq=4.82 Hz (n_action_steps=5)

[12:32:20] #  926 [bench] e2e= 1029.0ms  infer= 1025.3ms  cap=  3.4ms
    t+0   | +0.0944  +0.0938  -0.1681  +0.3111  -0.0497  +0.1586
    t+1   | +0.0348  +0.0704  -0.1784  +0.3118  -0.0552  +0.0601
    t+2   | -0.0827  +0.0598  -0.1576  +0.3185  +0.0118  +0.0464
    t+3   | -0.0457  +0.0825  -0.1732  +0.3000  -0.0649  +0.1668
    t+4   | -0.0144  +0.0715  -0.1443  +0.2950  -0.0350  +0.1344
[12:32:21] #  927 [bench] e2e= 1023.3ms  infer= 1020.7ms  cap=  2.5ms
    t+0   | +0.2146  +0.0618  -0.2567  +0.3404  -0.0314  -0.2832
    t+1   | +0.2468  +0.1385  -0.2426  +0.3398  +0.0513  -0.1161
    t+2   | +0.2565  +0.1698  -0.2633  +0.3126  +0.0168  -0.1148
    t+3   | +0.2385  +0.1187  -0.2618  +0.2910  +0.0014  -0.1789
    t+4   | +0.2436  +0.1540  -0.3465  +0.3475  +0.0037  -0.2219
[12:32:22] #  928 [bench] e2e= 1028.4ms  infer= 1025.7ms  cap=  2.5ms
    t+0   | +0.1190  +0.0481  -0.1479  +0.2263  -0.1109  -0.1140
    t+1   | +0.0828  +0.1169  -0.1982  +0.2649  -0.1795  +0.1912
    t+2   | +0.0522  +0.0864  -0.2088  +0.2719  -0.1332  +0.5159
    t+3   | -0.0035  +0.0786  -0.1904  +0.2849  -0.1372  +0.5436
    t+4   | +0.0106  +0.0590  -0.1961  +0.2482  -0.1253  +0.4618
[12:32:23] #  929 [bench] e2e= 1045.0ms  infer= 1041.9ms  cap=  2.9ms
    t+0   | +0.1937  +0.0435  -0.1183  +0.2215  -0.1454  -0.1662
    t+1   | +0.1687  +0.0489  -0.1508  +0.2459  -0.1151  -0.1457
    t+2   | +0.1543  +0.0456  -0.2281  +0.2627  -0.1080  -0.1147
    t+3   | +0.1714  +0.0069  -0.2773  +0.2596  -0.0941  -0.0095
    t+4   | +0.1698  -0.0211  -0.2574  +0.2597  -0.0403  +0.1218
[12:32:24] #  930 [bench] e2e= 1064.8ms  infer= 1062.5ms  cap=  2.2ms
    t+0   | +0.2469  +0.1055  -0.2922  +0.3388  -0.0824  +0.0698
    t+1   | +0.1912  +0.0892  -0.2651  +0.3030  -0.0791  -0.0076
    t+2   | +0.0922  +0.0319  -0.2045  +0.2400  -0.1133  -0.2163
    t+3   | +0.0638  -0.0077  -0.1806  +0.2408  -0.1459  -0.2075
    t+4   | +0.0562  +0.0005  -0.2264  +0.2908  -0.1401  -0.1986
[12:32:25] #  931 [bench] e2e= 1056.8ms  infer= 1054.4ms  cap=  2.2ms
    t+0   | +0.0918  -0.0262  -0.0331  +0.2273  +0.1290  -0.0001
    t+1   | +0.1318  -0.0301  -0.0548  +0.2456  +0.0972  +0.2368
    t+2   | +0.1083  +0.0161  -0.1179  +0.2308  +0.1015  +0.1124
    t+3   | +0.0895  +0.0860  -0.1225  +0.2635  +0.0405  +0.1607
    t+4   | +0.0640  +0.1244  -0.1526  +0.2639  -0.0017  +0.2182
[12:32:26] #  932 [bench] e2e= 1040.9ms  infer= 1038.3ms  cap=  2.4ms
    t+0   | +0.6753  +0.3922  -0.5969  +0.5961  +0.5182  -0.0112
    t+1   | +0.6317  +0.3896  -0.5854  +0.5449  +0.4511  -0.2550
    t+2   | +0.4977  +0.3286  -0.4878  +0.4395  +0.3108  -0.4284
    t+3   | +0.3656  +0.2556  -0.3948  +0.3487  +0.2385  -0.5609
    t+4   | +0.1531  +0.1716  -0.3129  +0.3035  +0.0927  -0.5859
[12:32:27] #  933 [bench] e2e= 1033.8ms  infer= 1031.1ms  cap=  2.5ms
    t+0   | +0.0317  +0.0125  -0.0701  +0.1965  +0.0158  -0.0243
    t+1   | +0.0411  +0.0196  -0.0827  +0.2152  -0.0049  -0.0569
    t+2   | -0.0054  +0.0381  -0.1675  +0.2561  +0.0045  -0.1484
    t+3   | +0.0147  +0.0677  -0.2254  +0.2315  +0.0243  -0.2081
    t+4   | +0.0561  +0.0723  -0.2014  +0.1989  +0.0423  -0.4760
[12:32:28] #  934 [bench] e2e= 1050.8ms  infer= 1047.8ms  cap=  2.8ms
    t+0   | +0.1011  -0.0516  -0.0266  +0.2061  -0.0838  +0.0397
    t+1   | +0.0399  -0.0093  -0.0422  +0.1756  -0.0310  -0.1564
    t+2   | -0.0133  -0.0394  -0.0692  +0.1397  -0.0254  -0.2835
    t+3   | -0.0072  -0.0637  -0.0896  +0.1368  -0.0072  -0.2803
    t+4   | +0.0265  -0.0649  -0.1093  +0.1508  -0.0021  -0.2250
[12:32:29] #  935 [bench] e2e= 1035.1ms  infer= 1032.1ms  cap=  2.8ms
    t+0   | -0.0765  -0.2047  +0.0038  +0.1187  -0.1925  -0.5491
    t+1   | +0.0507  -0.1200  -0.0805  +0.1814  -0.1075  -0.3040
    t+2   | +0.1353  -0.0114  -0.1292  +0.2359  -0.0305  -0.1172
    t+3   | +0.1476  +0.0486  -0.1445  +0.2356  -0.0413  -0.0643
    t+4   | +0.1310  +0.0307  -0.1139  +0.2158  -0.0512  -0.0270
[12:32:30] #  936 [bench] e2e= 1037.6ms  infer= 1035.1ms  cap=  2.4ms
    t+0   | +0.0893  -0.0230  -0.0477  +0.1695  +0.0511  -0.1131
    t+1   | +0.0532  -0.0414  -0.0424  +0.1213  +0.0499  -0.0821
    t+2   | +0.0292  -0.0542  -0.0415  +0.1246  +0.0812  -0.1080
    t+3   | +0.0460  -0.0451  -0.0359  +0.1272  +0.1268  -0.1299
    t+4   | +0.0920  +0.0148  -0.0803  +0.1917  +0.1158  -0.1456
[12:32:31] #  937 [bench] e2e= 1032.8ms  infer= 1029.8ms  cap=  2.8ms
    t+0   | +0.0540  -0.0643  -0.1813  +0.2485  -0.1878  -0.1992
    t+1   | -0.0009  -0.0463  -0.2625  +0.2692  -0.2039  -0.2327
    t+2   | -0.0116  +0.0423  -0.4696  +0.3843  -0.2950  -0.1946
    t+3   | +0.0378  +0.0641  -0.4191  +0.3606  -0.2426  -0.1772
    t+4   | +0.0835  +0.1198  -0.4004  +0.3687  -0.1889  -0.0299
[12:32:32] #  938 [bench] e2e= 1051.3ms  infer= 1048.7ms  cap=  2.4ms
    t+0   | +0.0148  +0.0035  -0.0980  +0.2291  +0.0525  -0.1444
    t+1   | -0.0324  -0.0392  -0.0871  +0.1974  +0.0244  -0.2045
    t+2   | -0.1102  -0.0352  -0.1181  +0.2128  +0.0324  -0.5830
    t+3   | -0.0582  -0.0522  -0.1642  +0.2258  +0.0518  -0.4678
    t+4   | -0.0568  -0.0472  -0.1300  +0.2594  +0.1198  -0.7004
[12:32:33] #  939 [bench] e2e= 1040.1ms  infer= 1037.3ms  cap=  2.6ms
    t+0   | +0.1281  -0.1096  +0.0057  +0.1963  +0.0499  -0.1606
    t+1   | +0.0957  -0.1278  +0.0357  +0.1673  +0.0447  -0.1905
    t+2   | +0.0762  -0.0895  -0.0054  +0.2009  +0.0300  -0.1812
    t+3   | -0.0052  -0.0971  -0.1255  +0.2370  +0.0783  -0.3555
    t+4   | -0.0185  -0.1311  -0.1090  +0.2252  +0.1368  -0.4726
[12:32:34] #  940 [bench] e2e= 1050.7ms  infer= 1048.2ms  cap=  2.2ms
    t+0   | +0.1497  +0.0044  -0.1143  +0.2651  -0.0820  +0.0227
    t+1   | +0.1056  -0.0294  -0.0588  +0.2379  -0.1086  -0.0263
    t+2   | +0.0807  -0.0636  -0.0495  +0.2219  -0.0787  -0.0711
    t+3   | +0.0456  -0.1214  -0.0549  +0.2099  -0.0357  -0.1566
    t+4   | +0.0012  -0.1511  -0.0275  +0.2198  -0.0166  -0.2505
[12:32:35] #  941 [bench] e2e= 1036.7ms  infer= 1034.4ms  cap=  2.1ms
    t+0   | +0.0583  -0.0968  -0.0557  +0.2187  -0.0250  -0.2197
    t+1   | +0.0670  +0.0052  -0.2311  +0.3371  -0.0489  -0.2047
    t+2   | +0.0803  +0.0249  -0.2664  +0.3338  -0.1107  -0.1459
    t+3   | +0.0499  +0.1229  -0.4244  +0.3659  -0.1389  -0.0852
    t+4   | +0.0862  +0.1367  -0.3941  +0.3436  -0.0892  -0.0473
[12:32:36] #  942 [bench] e2e= 1062.8ms  infer= 1060.1ms  cap=  2.4ms
    t+0   | +0.0958  -0.0014  -0.1409  +0.2476  +0.0237  -0.0555
    t+1   | +0.0163  -0.0496  -0.1067  +0.1589  +0.0422  -0.1270
    t+2   | +0.0256  -0.0348  -0.0831  +0.1525  +0.0637  -0.0766
    t+3   | +0.0412  -0.0101  -0.1014  +0.1987  +0.0643  -0.0348
    t+4   | +0.0557  +0.0482  -0.1954  +0.2451  +0.0361  -0.0405
[12:32:37] #  943 [bench] e2e= 1031.9ms  infer= 1029.6ms  cap=  2.1ms
    t+0   | +0.0391  -0.1841  +0.0017  +0.0949  -0.1469  -0.7338
    t+1   | +0.0307  -0.1671  -0.0028  +0.0912  -0.1662  -0.7067
    t+2   | -0.0083  -0.1632  +0.0108  +0.0506  -0.1366  -0.5985
    t+3   | -0.0515  -0.0811  -0.0476  +0.1142  -0.2161  +0.0366
    t+4   | -0.1011  -0.0064  -0.1327  +0.1248  -0.2117  -0.0711
[12:32:38] #  944 [bench] e2e= 1051.8ms  infer= 1048.9ms  cap=  2.7ms
    t+0   | -0.1159  -0.1757  +0.0706  +0.0700  -0.0183  -0.6790
    t+1   | -0.1064  -0.1287  +0.0089  +0.0842  -0.0129  -0.5853
    t+2   | -0.0848  -0.0836  -0.0679  +0.1406  +0.1242  -0.4806
    t+3   | -0.0417  -0.0717  -0.1339  +0.1817  +0.1238  -0.4346
    t+4   | -0.0236  -0.0501  -0.1266  +0.2038  +0.0885  -0.4366
[12:32:39] #  945 [bench] e2e= 1047.8ms  infer= 1044.8ms  cap=  2.7ms
    t+0   | +0.0649  +0.1722  -0.3975  +0.3722  -0.0123  -0.1818
    t+1   | +0.0234  +0.1785  -0.4141  +0.3350  +0.0540  -0.3718
    t+2   | +0.0627  +0.1702  -0.4137  +0.3091  +0.0468  -0.4219
    t+3   | +0.0545  +0.1991  -0.4059  +0.2832  +0.0633  -0.4287
    t+4   | +0.0189  +0.1800  -0.4242  +0.2591  +0.0851  -0.6030

  [live] after 940 bench steps — e2e mean=1036.5ms  |  max replan freq=0.96 Hz  |  max control freq=4.82 Hz (n_action_steps=5)

[12:32:40] #  946 [bench] e2e= 1036.9ms  infer= 1034.3ms  cap=  2.4ms
    t+0   | +0.1995  +0.0222  -0.2129  +0.3175  -0.0579  -0.0006
    t+1   | +0.1278  +0.0613  -0.2154  +0.3256  -0.0779  +0.0135
    t+2   | +0.1261  +0.1064  -0.1917  +0.3248  -0.0843  +0.0459
    t+3   | +0.1069  +0.1106  -0.1975  +0.3091  -0.0711  +0.0371
    t+4   | +0.0643  +0.1233  -0.2122  +0.3201  -0.0814  +0.2493
[12:32:42] #  947 [bench] e2e= 1037.9ms  infer= 1035.6ms  cap=  2.1ms
    t+0   | +0.1762  -0.0364  -0.0539  +0.2886  +0.1079  -0.0657
    t+1   | +0.1481  +0.0102  -0.1709  +0.3333  +0.0533  -0.0883
    t+2   | +0.1013  +0.0043  -0.3003  +0.3333  +0.0029  -0.1253
    t+3   | +0.0506  +0.0324  -0.2992  +0.3325  +0.0151  -0.2478
    t+4   | -0.0018  +0.0163  -0.2433  +0.3140  +0.1416  -0.6579
[12:32:43] #  948 [bench] e2e= 1029.3ms  infer= 1026.3ms  cap=  2.7ms
    t+0   | +0.1187  +0.0305  -0.0923  +0.2162  -0.0527  -0.3166
    t+1   | +0.1435  +0.0525  -0.0887  +0.2325  +0.0285  -0.1395
    t+2   | +0.1140  +0.0506  -0.1195  +0.2353  +0.0779  -0.0473
    t+3   | +0.1355  +0.0723  -0.1811  +0.2860  +0.1442  +0.1012
    t+4   | +0.1787  +0.0769  -0.2089  +0.2762  +0.2326  +0.1029
[12:32:44] #  949 [bench] e2e= 1023.5ms  infer= 1021.1ms  cap=  2.2ms
    t+0   | +0.0699  -0.0878  -0.0383  +0.2114  +0.0920  -0.3933
    t+1   | -0.0000  -0.0449  -0.1354  +0.2238  +0.0110  -0.3509
    t+2   | -0.0341  +0.0514  -0.1965  +0.2325  +0.0407  -0.3235
    t+3   | -0.1242  +0.1655  -0.2429  +0.2251  +0.1309  -0.3256
    t+4   | -0.0890  +0.1609  -0.2660  +0.2190  +0.0944  -0.2095
[12:32:45] #  950 [bench] e2e= 1028.6ms  infer= 1026.3ms  cap=  2.1ms
    t+0   | +0.2444  +0.0176  -0.1589  +0.3014  +0.0195  +0.1156
    t+1   | +0.2858  +0.1009  -0.2562  +0.3575  -0.0413  +0.2613
    t+2   | +0.2906  +0.1310  -0.2540  +0.3555  -0.0332  +0.1467
    t+3   | +0.2843  +0.1375  -0.2626  +0.3757  -0.0023  +0.1386
    t+4   | +0.2760  +0.1432  -0.2308  +0.3565  +0.0111  +0.0848
[12:32:46] #  951 [bench] e2e= 1023.8ms  infer= 1021.7ms  cap=  2.0ms
    t+0   | +0.1188  +0.0129  -0.0802  +0.2224  -0.0794  -0.1134
    t+1   | +0.0913  +0.1358  -0.2093  +0.2629  -0.0578  -0.2465
    t+2   | +0.1052  +0.1588  -0.2876  +0.2545  -0.0729  -0.3502
    t+3   | +0.1480  +0.1146  -0.2821  +0.2481  -0.0686  -0.3669
    t+4   | +0.1587  +0.1176  -0.2586  +0.2300  -0.0291  -0.3881
[12:32:47] #  952 [bench] e2e= 1026.9ms  infer= 1024.4ms  cap=  2.4ms
    t+0   | -0.2211  -0.2195  -0.0213  +0.1509  +0.0744  -0.2650
    t+1   | -0.1233  -0.1466  -0.0763  +0.1914  +0.0126  -0.1484
    t+2   | -0.0904  -0.1390  -0.1112  +0.1864  -0.0687  -0.1197
    t+3   | -0.0391  -0.0705  -0.1519  +0.2304  -0.1254  +0.1598
    t+4   | -0.0019  -0.0064  -0.2076  +0.2448  -0.1356  +0.0527
[12:32:48] #  953 [bench] e2e= 1026.3ms  infer= 1023.4ms  cap=  2.6ms
    t+0   | +0.1199  -0.0762  -0.0127  +0.1959  -0.0267  -0.5364
    t+1   | +0.1063  -0.0278  -0.0684  +0.2301  +0.0072  -0.4504
    t+2   | +0.0983  -0.0005  -0.1377  +0.2451  +0.0126  -0.3348
    t+3   | +0.1387  +0.0441  -0.1811  +0.2508  +0.0020  -0.2507
    t+4   | +0.1551  +0.0715  -0.2425  +0.2811  -0.0086  -0.1982
[12:32:49] #  954 [bench] e2e= 1030.6ms  infer= 1027.7ms  cap=  2.7ms
    t+0   | +0.1197  +0.0973  -0.1688  +0.2534  -0.1421  +0.0750
    t+1   | +0.0417  +0.0334  -0.1689  +0.2351  -0.1845  -0.0138
    t+2   | -0.0231  -0.0299  -0.1474  +0.2071  -0.1288  -0.2803
    t+3   | +0.0116  -0.0374  -0.1424  +0.1630  -0.1369  -0.2488
    t+4   | -0.0091  +0.0131  -0.2194  +0.1656  -0.3531  -0.1821
[12:32:50] #  955 [bench] e2e= 1029.4ms  infer= 1026.7ms  cap=  2.5ms
    t+0   | +0.1554  +0.0475  -0.2636  +0.3311  +0.0139  -0.0907
    t+1   | +0.0981  -0.0546  -0.1220  +0.2413  +0.0415  -0.1309
    t+2   | +0.0654  -0.1195  -0.0074  +0.2061  +0.0529  -0.2230
    t+3   | +0.0752  -0.1388  +0.0063  +0.1926  +0.0617  -0.3120
    t+4   | +0.0747  -0.1516  -0.0088  +0.2075  +0.0118  -0.2764
[12:32:51] #  956 [bench] e2e= 1037.0ms  infer= 1034.3ms  cap=  2.5ms
    t+0   | +0.2326  +0.0329  -0.3824  +0.4696  +0.0868  -0.2471
    t+1   | +0.1926  +0.1022  -0.3270  +0.3951  +0.0066  -0.3152
    t+2   | +0.1568  +0.0706  -0.2487  +0.3168  -0.0378  -0.4070
    t+3   | +0.1591  +0.0497  -0.2091  +0.2967  -0.0944  -0.4818
    t+4   | +0.1253  +0.0326  -0.1692  +0.3097  -0.1226  -0.5122
[12:32:52] #  957 [bench] e2e= 1043.7ms  infer= 1040.7ms  cap=  2.7ms
    t+0   | -0.0679  -0.1900  -0.0880  +0.2605  -0.1019  -0.1743
    t+1   | -0.0292  -0.0451  -0.1850  +0.2941  -0.1510  -0.0029
    t+2   | +0.0283  +0.0741  -0.2306  +0.2879  -0.1362  -0.1095
    t+3   | +0.1104  +0.1070  -0.2276  +0.3022  -0.1248  -0.1285
    t+4   | +0.1303  +0.0940  -0.1990  +0.2858  -0.0974  -0.1318
[12:32:53] #  958 [bench] e2e= 1055.4ms  infer= 1053.1ms  cap=  2.1ms
    t+0   | +0.1493  +0.0179  -0.0736  +0.2556  +0.2468  +0.0359
    t+1   | +0.0762  +0.0472  -0.1366  +0.2644  +0.2733  -0.0628
    t+2   | +0.0225  +0.0370  -0.2007  +0.2772  +0.1972  -0.0996
    t+3   | -0.0269  +0.0238  -0.2217  +0.2537  +0.1894  -0.0996
    t+4   | -0.0314  -0.0307  -0.1716  +0.2258  +0.1390  -0.0899
[12:32:54] #  959 [bench] e2e= 1039.9ms  infer= 1037.6ms  cap=  2.1ms
    t+0   | +0.2769  +0.0206  -0.1359  +0.2648  +0.1912  +0.3945
    t+1   | +0.2225  +0.0261  -0.1333  +0.2567  +0.2193  +0.4041
    t+2   | +0.1547  +0.0651  -0.1536  +0.2338  +0.1979  +0.7014
    t+3   | +0.1500  +0.0539  -0.1633  +0.2335  +0.1584  +0.4944
    t+4   | +0.1241  +0.1014  -0.1890  +0.2841  +0.1360  +0.4011
[12:32:55] #  960 [bench] e2e= 1045.9ms  infer= 1043.6ms  cap=  2.2ms
    t+0   | +0.0886  +0.0578  -0.1470  +0.2372  -0.0304  -0.1158
    t+1   | +0.0603  +0.0581  -0.1700  +0.2260  -0.0363  -0.0624
    t+2   | +0.0504  +0.0271  -0.1033  +0.1743  +0.0304  -0.1243
    t+3   | +0.0250  +0.0132  -0.0684  +0.1741  +0.0799  -0.1979
    t+4   | +0.0010  -0.0287  -0.0596  +0.1408  +0.0970  -0.2606
[12:32:56] #  961 [bench] e2e= 1032.8ms  infer= 1029.4ms  cap=  3.1ms
    t+0   | +0.1697  +0.0597  -0.0518  +0.1957  +0.0818  +0.0974
    t+1   | +0.1263  +0.0594  -0.0532  +0.1423  +0.0279  -0.0807
    t+2   | +0.1006  +0.0640  -0.0710  +0.1417  -0.0398  -0.1641
    t+3   | +0.0819  +0.1036  -0.1286  +0.2190  -0.0478  -0.1476
    t+4   | +0.1184  +0.1348  -0.2430  +0.2679  -0.0613  -0.1458
[12:32:57] #  962 [bench] e2e= 1028.6ms  infer= 1026.0ms  cap=  2.5ms
    t+0   | +0.1639  +0.0136  -0.0546  +0.2233  -0.0176  -0.0484
    t+1   | +0.0253  -0.0357  -0.0234  +0.2153  -0.0716  +0.2911
    t+2   | -0.0144  -0.0195  -0.0847  +0.2468  -0.0644  +0.3538
    t+3   | -0.0079  -0.0385  -0.1046  +0.2296  -0.0201  +0.3560
    t+4   | -0.0329  -0.0977  -0.0574  +0.2430  +0.0321  +0.3294
[12:32:58] #  963 [bench] e2e= 1038.1ms  infer= 1035.4ms  cap=  2.5ms
    t+0   | +0.1096  -0.1138  -0.0576  +0.2007  -0.1238  -0.0324
    t+1   | +0.0111  -0.1378  -0.0980  +0.1855  -0.1184  -0.0415
    t+2   | -0.1175  -0.0895  -0.2323  +0.1755  -0.1368  -0.0115
    t+3   | -0.0813  -0.0802  -0.2177  +0.1763  -0.1396  +0.0600
    t+4   | -0.0907  -0.0315  -0.1611  +0.1915  -0.0781  +0.0834
[12:32:59] #  964 [bench] e2e= 1043.9ms  infer= 1041.4ms  cap=  2.4ms
    t+0   | +0.0013  -0.0145  -0.0716  +0.1804  -0.0942  -0.3631
    t+1   | -0.0637  -0.0672  -0.0435  +0.1265  -0.0768  -0.5225
    t+2   | -0.0419  -0.0539  -0.0886  +0.1780  -0.0326  -0.3823
    t+3   | -0.0582  -0.0541  -0.1636  +0.1899  -0.0651  -0.2911
    t+4   | -0.0358  -0.0112  -0.2461  +0.2074  -0.1249  -0.1129
[12:33:00] #  965 [bench] e2e= 1044.5ms  infer= 1042.4ms  cap=  2.0ms
    t+0   | +0.0934  -0.0946  -0.0491  +0.1529  -0.1204  -0.2006
    t+1   | +0.1027  -0.0647  -0.0832  +0.1519  -0.1450  -0.2269
    t+2   | +0.1586  -0.0379  -0.1098  +0.1739  -0.1833  -0.2224
    t+3   | +0.1814  -0.0207  -0.1158  +0.2001  -0.1470  -0.2776
    t+4   | +0.1820  +0.0032  -0.1421  +0.1977  -0.1036  -0.2177

  [live] after 960 bench steps — e2e mean=1036.5ms  |  max replan freq=0.96 Hz  |  max control freq=4.82 Hz (n_action_steps=5)

[12:33:01] #  966 [bench] e2e= 1042.1ms  infer= 1039.8ms  cap=  2.1ms
    t+0   | +0.0905  +0.0683  -0.1278  +0.2968  +0.1167  +0.2367
    t+1   | +0.0467  +0.0322  -0.0894  +0.2818  +0.1466  +0.1273
    t+2   | +0.0562  +0.0012  -0.1446  +0.2644  +0.0745  +0.0276
    t+3   | +0.0676  +0.0470  -0.2583  +0.3023  +0.0180  -0.0471
    t+4   | +0.0912  +0.0664  -0.2709  +0.3049  -0.0078  -0.1779
[12:33:02] #  967 [bench] e2e= 1037.1ms  infer= 1034.9ms  cap=  2.0ms
    t+0   | +0.0021  -0.0777  -0.0830  +0.2470  -0.0192  +0.0239
    t+1   | -0.0144  -0.0854  -0.0963  +0.2300  -0.0380  -0.0442
    t+2   | -0.0324  -0.0838  -0.0762  +0.1939  -0.0168  -0.3338
    t+3   | -0.0068  -0.0351  -0.0671  +0.1879  -0.0044  -0.5470
    t+4   | +0.0247  -0.0425  -0.0579  +0.1497  +0.0144  -0.6446
[12:33:03] #  968 [bench] e2e= 1044.7ms  infer= 1042.3ms  cap=  2.3ms
    t+0   | +0.0630  -0.0589  -0.0891  +0.2163  +0.0321  -0.2856
    t+1   | +0.0557  -0.1047  -0.0353  +0.1895  +0.0928  -0.4749
    t+2   | +0.0509  -0.1598  +0.0065  +0.1616  +0.0648  -0.4409
    t+3   | +0.0697  -0.1784  +0.0324  +0.1572  +0.0383  -0.3641
    t+4   | +0.0515  -0.2025  +0.0415  +0.1587  -0.0269  -0.3282
[12:33:04] #  969 [bench] e2e= 1051.1ms  infer= 1048.0ms  cap=  2.8ms
    t+0   | -0.1018  -0.2107  +0.0883  +0.0962  -0.0003  -0.1415
    t+1   | -0.0468  -0.1190  +0.0333  +0.1158  +0.0288  -0.1628
    t+2   | -0.0425  -0.0947  +0.0348  +0.0814  -0.0448  -0.3429
    t+3   | -0.0217  -0.1002  +0.0588  +0.0629  -0.0869  -0.4446
    t+4   | +0.0223  -0.0878  +0.0358  +0.0935  -0.0831  -0.3746
[12:33:05] #  970 [bench] e2e= 1055.9ms  infer= 1053.6ms  cap=  2.2ms
    t+0   | +0.1034  +0.0153  -0.1882  +0.2875  -0.1015  +0.6880
    t+1   | -0.0451  +0.0204  -0.2172  +0.2744  -0.1023  +0.3992
    t+2   | -0.0458  +0.0139  -0.1770  +0.2748  -0.1027  +0.1390
    t+3   | -0.0342  +0.0201  -0.1803  +0.2128  -0.1122  -0.0087
    t+4   | -0.0169  -0.0033  -0.1750  +0.2015  -0.0897  -0.0306
[12:33:06] #  971 [bench] e2e= 1041.0ms  infer= 1038.3ms  cap=  2.6ms
    t+0   | -0.0299  -0.1881  +0.0086  +0.1692  +0.1415  -0.3951
    t+1   | -0.0357  -0.1670  -0.0224  +0.1897  +0.1201  -0.3605
    t+2   | -0.0898  -0.1164  -0.1180  +0.2565  +0.0785  -0.3773
    t+3   | -0.0847  -0.0631  -0.2499  +0.3020  +0.0561  -0.3722
    t+4   | -0.0616  +0.0194  -0.3346  +0.3536  -0.0247  -0.3079
[12:33:07] #  972 [bench] e2e= 1035.4ms  infer= 1032.8ms  cap=  2.4ms
    t+0   | +0.0422  +0.0276  -0.1517  +0.2545  -0.0537  +0.1876
    t+1   | +0.0246  -0.0286  -0.1043  +0.2238  -0.0078  -0.0025
    t+2   | -0.0440  -0.0374  -0.1558  +0.2652  +0.0080  -0.0209
    t+3   | -0.0088  -0.0016  -0.2398  +0.2994  -0.0120  +0.1515
    t+4   | +0.0041  -0.0112  -0.2531  +0.3085  -0.0116  +0.0345
[12:33:09] #  973 [bench] e2e= 1066.9ms  infer= 1063.5ms  cap=  3.1ms
    t+0   | +0.0263  -0.1497  +0.0378  +0.1713  +0.0956  +0.0147
    t+1   | +0.0668  -0.1142  +0.0207  +0.1754  +0.1146  +0.0117
    t+2   | +0.0890  -0.0818  +0.0019  +0.2128  +0.1503  -0.0091
    t+3   | +0.0927  -0.0836  -0.0538  +0.2405  +0.1885  +0.0272
    t+4   | +0.0817  -0.0624  -0.1038  +0.2180  +0.1715  -0.0331
[12:33:10] #  974 [bench] e2e= 1028.2ms  infer= 1025.5ms  cap=  2.5ms
    t+0   | +0.0192  -0.0190  -0.0788  +0.1969  +0.1430  -0.3184
    t+1   | +0.0383  -0.0192  -0.1339  +0.2289  +0.1264  -0.2961
    t+2   | +0.0950  -0.0304  -0.1730  +0.2345  +0.0817  -0.1970
    t+3   | +0.0865  +0.0443  -0.1791  +0.2805  +0.0548  -0.0528
    t+4   | +0.0954  +0.0657  -0.2276  +0.3159  +0.0606  +0.0334
[12:33:11] #  975 [bench] e2e= 1025.2ms  infer= 1022.8ms  cap=  2.2ms
    t+0   | +0.1138  +0.1436  -0.3513  +0.3367  +0.0944  +0.2895
    t+1   | +0.1460  +0.0885  -0.2615  +0.2936  +0.0831  +0.1257
    t+2   | +0.1148  +0.0698  -0.1786  +0.2221  +0.0483  +0.0004
    t+3   | +0.1001  +0.0364  -0.1395  +0.2185  +0.0462  +0.0305
    t+4   | +0.0253  +0.0517  -0.1473  +0.1861  +0.0038  +0.0529
[12:33:12] #  976 [bench] e2e= 1048.3ms  infer= 1045.8ms  cap=  2.3ms
    t+0   | +0.1172  +0.0073  -0.1701  +0.2632  -0.0466  -0.1187
    t+1   | +0.0890  +0.0169  -0.1534  +0.2121  -0.0493  -0.0934
    t+2   | -0.0537  -0.0063  -0.1305  +0.1664  -0.0341  -0.1124
    t+3   | -0.1632  -0.0631  -0.1041  +0.1674  +0.0165  -0.1809
    t+4   | -0.2020  -0.0972  -0.1067  +0.1743  +0.0215  -0.2087
[12:33:13] #  977 [bench] e2e= 1051.0ms  infer= 1047.3ms  cap=  3.5ms
    t+0   | +0.2135  -0.1418  +0.0656  +0.2251  +0.2657  +0.0426
    t+1   | +0.2287  -0.0935  +0.0015  +0.2519  +0.1507  +0.2132
    t+2   | +0.2526  -0.0394  -0.0713  +0.2603  +0.1062  +0.1437
    t+3   | +0.2138  -0.0252  -0.0441  +0.2405  +0.0442  +0.0301
    t+4   | +0.1541  +0.0197  -0.0490  +0.2199  +0.0042  -0.2952
[12:33:14] #  978 [bench] e2e= 1056.1ms  infer= 1053.6ms  cap=  2.3ms
    t+0   | -0.0011  -0.1112  +0.0113  +0.1686  +0.2987  -0.2944
    t+1   | +0.0195  -0.0979  -0.0325  +0.1661  +0.1269  -0.3054
    t+2   | +0.0393  -0.0426  -0.0725  +0.1774  +0.0970  -0.1847
    t+3   | +0.0468  -0.0006  -0.1032  +0.1659  +0.0594  -0.1277
    t+4   | +0.1143  +0.0741  -0.3110  +0.2308  +0.0468  -0.0038
[12:33:15] #  979 [bench] e2e= 1093.7ms  infer= 1091.4ms  cap=  2.1ms
    t+0   | -0.0301  +0.0490  -0.2684  +0.2820  +0.1947  -0.4944
    t+1   | -0.0534  +0.0164  -0.2376  +0.2444  +0.1255  -0.4681
    t+2   | -0.0112  +0.0016  -0.2008  +0.2369  +0.0881  -0.2725
    t+3   | -0.0198  +0.0061  -0.1999  +0.2328  +0.0623  -0.2546
    t+4   | -0.0125  -0.0205  -0.1715  +0.2390  +0.0214  -0.0697
[12:33:16] #  980 [bench] e2e= 1051.9ms  infer= 1049.7ms  cap=  2.0ms
    t+0   | +0.2161  +0.0525  -0.1208  +0.2593  +0.1609  -0.1282
    t+1   | +0.1661  +0.0449  -0.0866  +0.2520  +0.1885  -0.1182
    t+2   | +0.1170  +0.0358  -0.1057  +0.2597  +0.0949  -0.0894
    t+3   | +0.0912  +0.0192  -0.1338  +0.2543  +0.1451  -0.0927
    t+4   | +0.0640  -0.0441  -0.1055  +0.2262  +0.0953  -0.3376
[12:33:17] #  981 [bench] e2e= 1060.0ms  infer= 1057.9ms  cap=  2.0ms
    t+0   | +0.3878  +0.2725  -0.5172  +0.2877  -0.0014  -0.5910
    t+1   | +0.3720  +0.1947  -0.4084  +0.2635  +0.0361  -0.5382
    t+2   | +0.3422  +0.1040  -0.2757  +0.2981  +0.0422  +0.0682
    t+3   | +0.3539  +0.0807  -0.2389  +0.3319  +0.0451  +0.1095
    t+4   | +0.3441  +0.1161  -0.2435  +0.3683  +0.0972  -0.0043
[12:33:18] #  982 [bench] e2e= 1067.6ms  infer= 1065.5ms  cap=  2.0ms
    t+0   | +0.0651  -0.1464  +0.0564  +0.1723  +0.0593  -0.2092
    t+1   | +0.1319  -0.0926  +0.0036  +0.2298  +0.0492  -0.1149
    t+2   | +0.1007  -0.0648  -0.0496  +0.2626  -0.0123  -0.0838
    t+3   | +0.0927  -0.0181  -0.0967  +0.2637  -0.0502  +0.0258
    t+4   | +0.0665  +0.0490  -0.1274  +0.2629  +0.0015  +0.0638
[12:33:19] #  983 [bench] e2e= 1033.2ms  infer= 1030.9ms  cap=  2.1ms
    t+0   | +0.1612  +0.2287  -0.4261  +0.3777  -0.1055  +0.1084
    t+1   | +0.2060  +0.2150  -0.3664  +0.3459  -0.0945  +0.1285
    t+2   | +0.2093  +0.1624  -0.2672  +0.3110  -0.0456  +0.0057
    t+3   | +0.1917  +0.1298  -0.2184  +0.2703  -0.0381  -0.0302
    t+4   | +0.1169  +0.0569  -0.1721  +0.2146  -0.0051  -0.0341
[12:33:20] #  984 [bench] e2e= 1031.7ms  infer= 1029.3ms  cap=  2.2ms
    t+0   | +0.0530  +0.0460  -0.2374  +0.3154  +0.1771  -0.1768
    t+1   | +0.0296  -0.0422  -0.0201  +0.1964  +0.2128  -0.4885
    t+2   | +0.0289  -0.0692  +0.0204  +0.1682  +0.1783  -0.5608
    t+3   | +0.0835  -0.0532  +0.0188  +0.1809  +0.1543  -0.5777
    t+4   | +0.0839  -0.0437  -0.0403  +0.1838  +0.1372  -0.5211
[12:33:21] #  985 [bench] e2e= 1033.2ms  infer= 1030.3ms  cap=  2.7ms
    t+0   | +0.2628  +0.1468  -0.2239  +0.3393  +0.2142  +0.1342
    t+1   | +0.2305  +0.1163  -0.1475  +0.2917  +0.2644  +0.1619
    t+2   | +0.2023  +0.1248  -0.1079  +0.2853  +0.3409  +0.1143
    t+3   | +0.1869  +0.1602  -0.1539  +0.3291  +0.4002  +0.0943
    t+4   | +0.1393  +0.1163  -0.1980  +0.2989  +0.3178  +0.1311

  [live] after 980 bench steps — e2e mean=1036.7ms  |  max replan freq=0.96 Hz  |  max control freq=4.82 Hz (n_action_steps=5)

[12:33:22] #  986 [bench] e2e= 1034.8ms  infer= 1031.5ms  cap=  3.2ms
    t+0   | +0.2502  +0.0447  -0.1055  +0.2722  +0.1378  -0.1863
    t+1   | +0.2377  +0.0287  -0.0899  +0.2527  +0.1382  -0.0538
    t+2   | +0.2122  +0.0620  -0.0933  +0.2426  +0.1311  -0.0533
    t+3   | +0.1908  +0.1102  -0.1018  +0.2397  +0.0510  -0.0700
    t+4   | +0.1812  +0.0759  -0.1104  +0.2306  +0.0604  -0.1098
[12:33:23] #  987 [bench] e2e= 1035.3ms  infer= 1031.9ms  cap=  3.2ms
    t+0   | -0.0184  -0.2910  +0.2178  +0.1427  +0.1232  -0.0692
    t+1   | +0.0144  -0.2306  +0.1243  +0.1457  +0.0620  -0.1686
    t+2   | +0.0604  -0.1023  +0.0057  +0.1872  +0.0479  -0.1526
    t+3   | +0.0941  +0.0055  -0.0725  +0.2365  +0.1150  -0.0131
    t+4   | +0.1213  +0.0295  -0.1065  +0.2487  +0.0990  -0.0241
[12:33:24] #  988 [bench] e2e= 1034.5ms  infer= 1031.2ms  cap=  3.2ms
    t+0   | +0.1390  +0.0502  -0.2342  +0.2934  -0.0812  -0.0894
    t+1   | -0.0014  +0.1386  -0.3590  +0.3105  -0.2224  +0.2520
    t+2   | -0.0219  +0.1460  -0.3857  +0.3215  -0.2527  +0.2966
    t+3   | -0.0082  +0.1293  -0.3791  +0.3273  -0.3052  +0.7364
    t+4   | +0.0217  +0.1099  -0.3580  +0.2867  -0.2607  +0.6924
[12:33:25] #  989 [bench] e2e= 1032.1ms  infer= 1028.8ms  cap=  3.2ms
    t+0   | +0.0711  +0.2097  -0.3399  +0.3915  +0.2661  +0.2939
    t+1   | +0.0786  +0.1814  -0.3130  +0.3679  +0.1694  +0.4149
    t+2   | +0.1386  +0.1072  -0.2524  +0.3256  +0.0612  +0.5515
    t+3   | +0.1629  +0.1419  -0.3060  +0.3535  +0.1005  +0.5500
    t+4   | +0.2343  +0.1405  -0.3317  +0.3682  +0.0760  +0.5135
[12:33:26] #  990 [bench] e2e= 1042.3ms  infer= 1039.0ms  cap=  3.1ms
    t+0   | +0.2396  +0.0591  -0.1665  +0.3208  +0.0074  +0.3384
    t+1   | +0.1938  +0.0554  -0.2072  +0.3171  +0.0684  +0.0708
    t+2   | +0.1777  +0.0862  -0.2488  +0.3339  +0.0369  -0.0881
    t+3   | +0.1715  +0.2266  -0.3648  +0.3089  +0.1120  -0.1299
    t+4   | +0.1988  +0.2179  -0.2850  +0.2986  +0.1242  -0.4443
[12:33:27] #  991 [bench] e2e= 1037.8ms  infer= 1034.9ms  cap=  2.6ms
    t+0   | +0.1118  -0.0486  -0.0372  +0.2330  -0.0718  +0.1681
    t+1   | +0.1307  -0.0167  -0.0751  +0.2635  -0.0119  +0.0748
    t+2   | +0.1521  -0.0181  -0.1214  +0.2960  -0.0422  +0.0441
    t+3   | +0.1058  -0.0690  -0.1724  +0.3554  -0.1002  -0.0198
    t+4   | +0.1218  -0.0905  -0.1581  +0.3328  -0.0894  -0.2011
[12:33:28] #  992 [bench] e2e= 1030.4ms  infer= 1028.7ms  cap=  1.5ms
    t+0   | +0.0783  -0.0097  -0.1831  +0.2207  +0.1388  -0.1952
    t+1   | +0.0687  -0.0469  -0.1486  +0.1684  +0.1155  -0.1125
    t+2   | -0.0125  +0.0185  -0.1971  +0.1436  +0.1067  +0.0933
    t+3   | +0.0155  +0.0387  -0.2225  +0.1748  +0.0777  +0.1376
    t+4   | -0.0436  +0.0180  -0.1808  +0.1655  +0.0237  +0.0296
[12:33:29] #  993 [bench] e2e= 1041.9ms  infer= 1039.3ms  cap=  2.4ms
    t+0   | +0.0038  -0.0791  -0.0063  +0.1563  +0.0500  -0.4530
    t+1   | -0.0191  -0.1221  +0.0048  +0.1152  -0.0024  -0.3801
    t+2   | -0.0174  -0.1237  -0.0155  +0.1541  -0.1155  -0.3342
    t+3   | -0.0198  -0.1247  -0.0217  +0.1758  -0.1475  -0.3236
    t+4   | -0.0404  -0.0585  -0.0921  +0.2416  -0.0815  -0.2218
[12:33:30] #  994 [bench] e2e= 1047.3ms  infer= 1043.1ms  cap=  4.0ms
    t+0   | +0.1354  -0.0529  +0.0300  +0.1619  -0.0251  -0.6454
    t+1   | +0.0715  -0.0916  +0.0061  +0.1290  -0.0474  -0.6992
    t+2   | +0.0543  -0.0695  -0.0413  +0.1663  -0.0264  -0.5004
    t+3   | +0.0196  -0.0280  -0.0849  +0.2155  +0.0247  -0.3169
    t+4   | -0.0163  -0.0490  -0.1021  +0.2098  +0.0342  -0.0212
[12:33:32] #  995 [bench] e2e= 1067.1ms  infer= 1062.7ms  cap=  4.1ms
    t+0   | +0.0587  -0.0831  -0.1647  +0.2946  -0.1381  +0.2217
    t+1   | -0.0042  +0.0523  -0.3529  +0.3338  -0.1985  +0.2862
    t+2   | -0.0212  +0.0470  -0.3526  +0.3064  -0.2007  -0.0687
    t+3   | -0.0369  +0.0770  -0.3964  +0.3021  -0.2502  -0.0298
    t+4   | -0.0665  +0.1134  -0.4654  +0.3480  -0.2432  -0.0503
[12:33:33] #  996 [bench] e2e= 1030.4ms  infer= 1027.9ms  cap=  2.3ms
    t+0   | +0.0979  -0.0285  -0.0714  +0.2128  -0.0140  +0.1879
    t+1   | +0.0890  -0.0033  -0.1133  +0.2316  +0.0310  +0.0046
    t+2   | +0.0856  -0.0162  -0.1539  +0.2098  +0.0284  -0.0656
    t+3   | +0.0565  -0.0085  -0.1719  +0.2376  +0.0505  -0.0675
    t+4   | +0.0642  +0.0029  -0.1554  +0.2525  +0.0285  -0.0475
[12:33:34] #  997 [bench] e2e= 1024.1ms  infer= 1021.6ms  cap=  2.3ms
    t+0   | +0.1958  -0.0621  -0.0494  +0.2640  +0.0513  +0.1000
    t+1   | +0.1331  -0.1444  -0.0171  +0.2463  +0.0134  -0.0579
    t+2   | +0.1446  -0.1368  -0.0633  +0.2629  +0.0191  -0.0540
    t+3   | +0.1904  +0.0179  -0.1811  +0.2618  +0.0007  +0.0148
    t+4   | +0.1551  +0.0848  -0.1884  +0.2628  +0.0262  +0.2367
[12:33:35] #  998 [bench] e2e= 1042.0ms  infer= 1038.1ms  cap=  3.7ms
    t+0   | +0.1700  +0.1130  -0.3929  +0.4305  -0.2127  +0.2770
    t+1   | +0.1310  +0.0975  -0.3357  +0.4025  -0.1532  +0.2151
    t+2   | +0.0937  +0.1823  -0.4096  +0.4468  -0.1346  +0.0615
    t+3   | +0.1143  +0.2354  -0.4168  +0.4419  -0.1415  +0.0352
    t+4   | +0.1372  +0.2463  -0.3739  +0.4420  -0.1234  +0.1073
[12:33:36] #  999 [bench] e2e= 1054.5ms  infer= 1051.1ms  cap=  3.2ms
    t+0   | +0.1012  +0.0563  -0.2537  +0.2369  -0.0303  -0.4810
    t+1   | +0.0567  -0.0141  -0.2773  +0.2216  -0.0787  -0.4819
    t+2   | +0.0219  -0.0302  -0.2389  +0.2427  -0.0848  -0.3890
    t+3   | +0.0291  -0.0097  -0.2144  +0.2357  -0.0741  -0.4009
    t+4   | +0.0261  -0.0274  -0.1791  +0.2161  -0.0706  -0.3883
[12:33:37] # 1000 [bench] e2e= 1051.5ms  infer= 1047.9ms  cap=  3.5ms
    t+0   | +0.2397  -0.0328  -0.1265  +0.3054  +0.0373  +0.1320
    t+1   | +0.2046  -0.0067  -0.1535  +0.2983  +0.0220  +0.1035
    t+2   | +0.1527  -0.0083  -0.1415  +0.2487  -0.0548  +0.0489
    t+3   | +0.0634  -0.0139  -0.1051  +0.2193  -0.1238  -0.0604
    t+4   | +0.0363  -0.0523  -0.0952  +0.2380  -0.1251  -0.1213
[12:33:38] # 1001 [bench] e2e= 1042.2ms  infer= 1038.2ms  cap=  3.9ms
    t+0   | -0.3657  -0.0916  -0.1888  +0.2233  +0.0108  +0.0966
    t+1   | -0.2768  -0.1309  -0.1386  +0.1967  -0.0236  -0.0317
    t+2   | -0.2071  -0.1166  -0.0948  +0.1547  -0.0149  -0.4667
    t+3   | -0.1094  -0.0988  -0.0626  +0.1779  -0.0177  -0.3499
    t+4   | -0.0404  -0.0592  -0.0618  +0.2168  +0.0584  -0.3284
[12:33:39] # 1002 [bench] e2e= 1027.5ms  infer= 1025.0ms  cap=  2.3ms
    t+0   | +0.1434  +0.0181  -0.1343  +0.2659  +0.0694  -0.1439
    t+1   | +0.0918  -0.0291  -0.0603  +0.2269  +0.1952  -0.2566
    t+2   | +0.0511  -0.0944  -0.0230  +0.1865  +0.1910  -0.3742
    t+3   | +0.0525  -0.0708  -0.0848  +0.1636  +0.1249  -0.4794
    t+4   | +0.0016  -0.0685  -0.1625  +0.1727  +0.0958  -0.6114
[12:33:40] # 1003 [bench] e2e= 1045.5ms  infer= 1042.5ms  cap=  2.9ms
    t+0   | +0.1484  +0.0296  -0.1344  +0.2657  +0.0582  -0.0207
    t+1   | +0.1192  +0.0751  -0.1998  +0.2647  +0.0297  -0.0042
    t+2   | +0.0865  +0.0855  -0.2209  +0.2697  -0.0020  +0.0734
    t+3   | +0.0764  +0.0825  -0.2524  +0.2682  -0.0001  +0.1645
    t+4   | +0.1330  +0.1111  -0.2446  +0.2318  -0.0282  +0.2706
[12:33:41] # 1004 [bench] e2e= 1031.6ms  infer= 1028.4ms  cap=  3.1ms
    t+0   | +0.1636  +0.0061  -0.1410  +0.3043  -0.0564  +0.0962
    t+1   | +0.1172  +0.0161  -0.1819  +0.2968  -0.1331  +0.0975
    t+2   | +0.1101  +0.0015  -0.1208  +0.2670  -0.2063  +0.1911
    t+3   | +0.1158  -0.0055  -0.0647  +0.2451  -0.1398  +0.1584
    t+4   | +0.0964  -0.0196  -0.0723  +0.2371  -0.1285  +0.1840
[12:33:42] # 1005 [bench] e2e= 1067.4ms  infer= 1064.0ms  cap=  3.2ms
    t+0   | +0.1110  -0.0468  -0.0909  +0.2150  +0.1141  -0.5316
    t+1   | +0.1162  +0.0120  -0.1606  +0.2846  +0.0981  -0.3549
    t+2   | +0.1210  +0.0747  -0.2199  +0.3285  +0.0665  -0.1692
    t+3   | +0.0976  +0.0806  -0.2252  +0.3073  +0.0370  -0.0584
    t+4   | +0.0640  +0.0483  -0.1875  +0.2709  +0.0692  -0.1936

  [live] after 1000 bench steps — e2e mean=1036.8ms  |  max replan freq=0.96 Hz  |  max control freq=4.82 Hz (n_action_steps=5)

[12:33:43] # 1006 [bench] e2e= 1045.4ms  infer= 1041.1ms  cap=  4.1ms
    t+0   | +0.1988  +0.0956  -0.1532  +0.2819  +0.0201  +0.1354
    t+1   | +0.1810  +0.1164  -0.1436  +0.2849  +0.0804  +0.0894
    t+2   | +0.1240  +0.0451  -0.1143  +0.2259  +0.0508  +0.0890
    t+3   | +0.0848  +0.0101  -0.0419  +0.2103  +0.0028  +0.0697
    t+4   | +0.0162  +0.0210  -0.0765  +0.2129  -0.0261  +0.0178
[12:33:44] # 1007 [bench] e2e= 1043.4ms  infer= 1039.7ms  cap=  3.5ms
    t+0   | +0.2745  +0.0545  -0.1926  +0.3090  +0.1892  +0.2329
    t+1   | +0.2462  +0.0712  -0.1867  +0.2980  +0.1307  +0.1418
    t+2   | +0.1877  +0.0617  -0.1931  +0.2935  +0.0283  +0.0380
    t+3   | +0.1652  +0.0442  -0.2077  +0.3131  +0.0564  -0.0324
    t+4   | +0.1373  +0.0229  -0.2036  +0.2830  +0.0893  -0.1447
[12:33:45] # 1008 [bench] e2e= 1045.3ms  infer= 1040.4ms  cap=  4.6ms
    t+0   | +0.3393  +0.1140  -0.2470  +0.3932  +0.0724  +0.0364
    t+1   | +0.3023  +0.1719  -0.2705  +0.3966  +0.1205  -0.1283
    t+2   | +0.2402  +0.1546  -0.2053  +0.3323  +0.0873  -0.5773
    t+3   | +0.1681  +0.1052  -0.1761  +0.3091  +0.0977  -0.4623
    t+4   | +0.1262  +0.0765  -0.1692  +0.3108  +0.1236  -0.2939
[12:33:46] # 1009 [bench] e2e= 1039.2ms  infer= 1036.1ms  cap=  3.0ms
    t+0   | +0.1574  +0.0245  -0.1435  +0.2667  -0.0527  +0.1322
    t+1   | +0.0820  +0.0231  -0.1476  +0.2519  -0.0954  +0.0063
    t+2   | -0.0335  -0.0379  -0.1413  +0.1954  -0.1467  -0.1822
    t+3   | -0.0919  -0.0466  -0.1835  +0.1748  -0.1792  -0.2624
    t+4   | -0.0545  +0.0051  -0.2175  +0.2153  -0.1679  -0.2139
[12:33:47] # 1010 [bench] e2e= 1035.7ms  infer= 1032.4ms  cap=  3.1ms
    t+0   | +0.2581  +0.0371  -0.0868  +0.2353  +0.0207  +0.0451
    t+1   | +0.1707  +0.0197  -0.0844  +0.1846  +0.0091  -0.1539
    t+2   | +0.0913  -0.0595  -0.0652  +0.1410  -0.0659  -0.2583
    t+3   | +0.1033  -0.0447  -0.0806  +0.1901  -0.0889  -0.4128
    t+4   | +0.1210  -0.0366  -0.1232  +0.2007  -0.0167  -0.4588
[12:33:48] # 1011 [bench] e2e= 1026.7ms  infer= 1024.5ms  cap=  2.0ms
    t+0   | +0.1535  +0.0212  -0.2306  +0.3161  +0.0265  -0.0630
    t+1   | +0.0433  +0.0847  -0.3078  +0.3376  -0.0114  -0.0378
    t+2   | +0.0266  +0.2079  -0.4070  +0.4056  -0.0234  -0.0123
    t+3   | +0.1091  +0.2620  -0.4469  +0.4291  -0.0257  -0.0418
    t+4   | +0.2124  +0.2433  -0.3925  +0.4144  +0.0262  -0.0741
[12:33:49] # 1012 [bench] e2e= 1025.9ms  infer= 1023.8ms  cap=  1.9ms
    t+0   | +0.1167  -0.0349  -0.1321  +0.2278  -0.0046  -0.6653
    t+1   | +0.1035  -0.0454  -0.1137  +0.2223  -0.0340  -0.6284
    t+2   | +0.0423  -0.0627  -0.0946  +0.2103  -0.0211  -0.5813
    t+3   | +0.0260  -0.0851  -0.0570  +0.1651  +0.0038  -0.5397
    t+4   | -0.1415  -0.0840  +0.0352  +0.1381  +0.3440  -0.5770
[12:33:50] # 1013 [bench] e2e= 1026.0ms  infer= 1023.8ms  cap=  2.1ms
    t+0   | +0.1757  +0.1219  -0.2598  +0.2910  -0.0984  -0.4496
    t+1   | +0.1008  +0.0611  -0.3207  +0.2894  -0.1210  -0.7023
    t+2   | +0.0898  -0.0010  -0.1969  +0.2450  -0.0711  -0.7337
    t+3   | +0.0588  -0.0785  -0.0729  +0.1566  -0.0177  -0.7064
    t+4   | -0.0146  -0.1192  -0.0079  +0.1097  -0.0034  -0.6496
[12:33:51] # 1014 [bench] e2e= 1046.2ms  infer= 1043.5ms  cap=  2.5ms
    t+0   | +0.1478  -0.0786  -0.1321  +0.2608  -0.1188  -0.1537
    t+1   | +0.1414  -0.0484  -0.1583  +0.2816  -0.1878  -0.0867
    t+2   | +0.1332  -0.0228  -0.2462  +0.2809  -0.3522  -0.0577
    t+3   | +0.0883  +0.0189  -0.2367  +0.2942  -0.4544  -0.0731
    t+4   | +0.0528  -0.0133  -0.2543  +0.2734  -0.4679  -0.0919
[12:33:52] # 1015 [bench] e2e= 1031.8ms  infer= 1029.3ms  cap=  2.3ms
    t+0   | +0.1484  +0.0970  -0.1305  +0.2585  -0.0930  -0.0894
    t+1   | +0.1109  +0.0915  -0.0984  +0.2281  -0.0359  -0.1353
    t+2   | +0.0541  +0.0425  -0.0730  +0.2105  +0.0040  -0.1319
    t+3   | +0.0120  -0.0043  -0.0795  +0.2102  +0.0120  -0.0473
    t+4   | +0.0474  -0.0411  -0.0808  +0.2127  +0.0120  +0.0716
[12:33:53] # 1016 [bench] e2e= 1066.2ms  infer= 1063.5ms  cap=  2.6ms
    t+0   | +0.1515  -0.0262  -0.0512  +0.2443  -0.0136  +0.2037
    t+1   | +0.1129  -0.0640  +0.0010  +0.2106  -0.0526  +0.2075
    t+2   | +0.1564  -0.0065  -0.0704  +0.2374  -0.0504  +0.2973
    t+3   | +0.1161  +0.0085  -0.0882  +0.2578  -0.0680  +0.1769
    t+4   | +0.0734  +0.0316  -0.1212  +0.2502  -0.0553  +0.1509
[12:33:54] # 1017 [bench] e2e= 1025.5ms  infer= 1022.5ms  cap=  2.9ms
    t+0   | +0.1107  +0.0142  -0.1429  +0.2896  +0.0226  -0.0156
    t+1   | +0.0901  -0.0204  -0.0747  +0.2538  -0.0026  +0.1426
    t+2   | +0.0898  -0.0192  -0.0635  +0.2578  -0.0368  +0.4422
    t+3   | +0.0994  +0.0668  -0.1674  +0.3201  -0.0624  +0.3878
    t+4   | +0.1129  +0.1308  -0.2029  +0.3510  -0.0758  +0.3359
[12:33:55] # 1018 [bench] e2e= 1027.5ms  infer= 1024.2ms  cap=  3.2ms
    t+0   | -0.0903  +0.2250  -0.3803  +0.3647  +0.1286  +0.0986
    t+1   | -0.1419  +0.1811  -0.3362  +0.3221  -0.1080  +0.0515
    t+2   | -0.1085  +0.1910  -0.3721  +0.3294  -0.1869  +0.1557
    t+3   | -0.0444  +0.1951  -0.3450  +0.3413  -0.1190  +0.3756
    t+4   | +0.0138  +0.1922  -0.2944  +0.3302  -0.1141  +0.3581
[12:33:56] # 1019 [bench] e2e= 1048.3ms  infer= 1045.4ms  cap=  2.7ms
    t+0   | +0.0095  +0.0716  -0.2814  +0.2868  -0.1075  -0.1595
    t+1   | +0.0365  -0.0406  -0.1627  +0.2236  -0.0461  -0.1827
    t+2   | +0.0438  -0.1004  -0.1206  +0.1933  -0.0165  -0.1666
    t+3   | +0.0644  -0.0830  -0.1222  +0.2031  +0.0013  -0.1500
    t+4   | +0.0018  -0.0539  -0.1509  +0.2470  +0.0821  -0.0583
[12:33:58] # 1020 [bench] e2e= 1076.9ms  infer= 1073.9ms  cap=  2.8ms
    t+0   | +0.1572  +0.0116  -0.0969  +0.2447  -0.0786  +0.0645
    t+1   | +0.1453  +0.0455  -0.1088  +0.2162  -0.0479  +0.1060
    t+2   | +0.1166  +0.0617  -0.0866  +0.2176  -0.0329  +0.0716
    t+3   | +0.0479  +0.0198  -0.0994  +0.1639  -0.0792  -0.0128
    t+4   | -0.0017  -0.0010  -0.0589  +0.1377  -0.0708  -0.1201
[12:33:59] # 1021 [bench] e2e= 1036.8ms  infer= 1034.4ms  cap=  2.3ms
    t+0   | +0.1509  +0.1117  -0.2565  +0.3627  +0.0871  +0.0649
    t+1   | +0.0754  +0.0329  -0.2374  +0.3116  +0.0840  -0.5121
    t+2   | +0.0774  +0.0054  -0.2589  +0.3096  +0.0866  -0.5577
    t+3   | +0.0424  +0.0132  -0.3479  +0.2961  +0.0224  -0.6663
    t+4   | +0.0696  +0.0507  -0.3802  +0.3110  +0.0112  -0.7194
[12:34:00] # 1022 [bench] e2e= 1029.3ms  infer= 1026.3ms  cap=  2.8ms
    t+0   | +0.1565  -0.0140  -0.0693  +0.2041  -0.0379  -0.1213
    t+1   | +0.1782  +0.0504  -0.1573  +0.2476  -0.0988  -0.0201
    t+2   | +0.1831  +0.0627  -0.1437  +0.2655  -0.1413  +0.0896
    t+3   | +0.1712  +0.0727  -0.1574  +0.2650  -0.1382  +0.0848
    t+4   | +0.1298  +0.0860  -0.1531  +0.3037  -0.1243  +0.1282
[12:34:01] # 1023 [bench] e2e= 1028.4ms  infer= 1024.9ms  cap=  3.3ms
    t+0   | +0.1472  -0.0236  -0.0706  +0.2344  -0.1092  +0.0142
    t+1   | +0.1093  -0.0228  -0.0443  +0.2256  -0.0641  -0.2048
    t+2   | +0.0328  -0.0270  -0.0936  +0.1835  -0.0223  -0.2680
    t+3   | -0.0356  -0.0988  -0.0433  +0.1239  -0.0546  -0.7018
    t+4   | +0.0001  -0.0867  -0.0108  +0.1381  -0.0247  -0.6864
[12:34:02] # 1024 [bench] e2e= 1026.2ms  infer= 1023.4ms  cap=  2.7ms
    t+0   | +0.1078  +0.0985  -0.1420  +0.2568  +0.0446  -0.4576
    t+1   | +0.0974  +0.1347  -0.2012  +0.2771  +0.0828  -0.3013
    t+2   | +0.0641  +0.1111  -0.1698  +0.2443  +0.3003  -0.3344
    t+3   | +0.0292  +0.0423  -0.0843  +0.1731  +0.2325  -0.5604
    t+4   | -0.0041  +0.0258  -0.0495  +0.1435  +0.2467  -0.6669
[12:34:03] # 1025 [bench] e2e= 1026.3ms  infer= 1023.4ms  cap=  2.7ms
    t+0   | -0.0410  -0.0276  -0.1396  +0.2275  -0.0850  -0.0620
    t+1   | -0.1266  -0.0852  -0.0999  +0.1597  -0.0083  -0.2360
    t+2   | -0.2083  -0.1981  +0.0115  +0.0729  +0.0422  -0.3642
    t+3   | -0.1255  -0.1730  +0.0162  +0.1093  +0.0362  -0.3201
    t+4   | -0.1054  -0.1717  -0.0078  +0.1230  +0.1439  -0.2254

  [live] after 1020 bench steps — e2e mean=1036.8ms  |  max replan freq=0.96 Hz  |  max control freq=4.82 Hz (n_action_steps=5)

[12:34:04] # 1026 [bench] e2e= 1031.4ms  infer= 1027.4ms  cap=  3.8ms
    t+0   | +0.1047  +0.1131  -0.1177  +0.2585  -0.0073  -0.1789
    t+1   | +0.0510  +0.1200  -0.0993  +0.2623  -0.0685  -0.1904
    t+2   | -0.0109  +0.0868  -0.0698  +0.2118  -0.0297  -0.2971
    t+3   | +0.0271  +0.0313  -0.0739  +0.1765  +0.0007  -0.1853
    t+4   | +0.0265  +0.0113  -0.0471  +0.1681  +0.0740  +0.0491
[12:34:05] # 1027 [bench] e2e= 1037.7ms  infer= 1035.3ms  cap=  2.2ms
    t+0   | -0.0375  -0.3528  +0.3229  -0.0649  +0.1306  -0.7374
    t+1   | -0.0442  -0.3112  +0.2326  -0.0319  +0.0370  -0.6884
    t+2   | +0.0109  -0.1906  +0.0915  +0.0240  -0.0024  -0.6583
    t+3   | +0.0493  -0.1269  +0.0081  +0.0373  +0.0167  -0.7035
    t+4   | +0.0522  -0.1337  -0.0248  +0.0817  +0.0392  -0.6840
[12:34:06] # 1028 [bench] e2e= 1035.3ms  infer= 1032.9ms  cap=  2.2ms
    t+0   | +0.1885  +0.0446  -0.2307  +0.3278  -0.0021  +0.0257
    t+1   | +0.1933  +0.0477  -0.2169  +0.3177  +0.0017  -0.0344
    t+2   | +0.1931  +0.0634  -0.2018  +0.2794  +0.0268  -0.0497
    t+3   | +0.1232  +0.0699  -0.2110  +0.2651  +0.0339  -0.0719
    t+4   | +0.1350  +0.0528  -0.1835  +0.2572  +0.0371  -0.0901
[12:34:07] # 1029 [bench] e2e= 1031.5ms  infer= 1029.1ms  cap=  2.3ms
    t+0   | +0.0818  -0.0327  -0.0573  +0.2413  -0.0602  +0.2782
    t+1   | +0.0277  +0.0132  -0.1465  +0.2426  -0.0935  +0.3256
    t+2   | +0.0585  +0.0695  -0.1825  +0.2607  -0.0508  +0.2801
    t+3   | +0.0730  +0.0363  -0.1576  +0.2397  -0.0645  +0.0625
    t+4   | +0.0870  +0.0476  -0.1477  +0.2724  -0.0153  -0.1167
[12:34:08] # 1030 [bench] e2e= 1037.3ms  infer= 1034.9ms  cap=  2.3ms
    t+0   | +0.2212  +0.0032  -0.1045  +0.2361  -0.0421  +0.1764
    t+1   | +0.2160  +0.0124  -0.1291  +0.2232  -0.0373  +0.2080
    t+2   | +0.1813  +0.0217  -0.1348  +0.2411  -0.0615  +0.0766
    t+3   | +0.1012  -0.0507  -0.1239  +0.2548  -0.0709  -0.0778
    t+4   | +0.0323  -0.0642  -0.1732  +0.2796  -0.0629  -0.0915
[12:34:09] # 1031 [bench] e2e= 1037.2ms  infer= 1034.0ms  cap=  3.0ms
    t+0   | +0.0053  -0.2498  +0.2287  -0.0155  -0.1255  -0.6025
    t+1   | +0.0415  -0.1878  +0.1569  +0.0351  -0.1001  -0.4867
    t+2   | +0.0026  -0.1310  +0.0685  +0.1240  -0.0573  -0.5011
    t+3   | -0.0079  -0.1209  +0.0046  +0.1253  -0.0357  -0.5498
    t+4   | -0.0326  -0.1026  -0.0409  +0.1482  -0.0579  -0.4228
[12:34:10] # 1032 [bench] e2e= 1032.3ms  infer= 1029.5ms  cap=  2.7ms
    t+0   | +0.0574  +0.0276  -0.2381  +0.2937  +0.2525  -0.1234
    t+1   | +0.0158  +0.0657  -0.2684  +0.2932  +0.1962  +0.1712
    t+2   | -0.0443  +0.0775  -0.2817  +0.2563  +0.1801  -0.0049
    t+3   | -0.0240  +0.0822  -0.2794  +0.2791  +0.1502  -0.0966
    t+4   | +0.1004  +0.0959  -0.2944  +0.2991  +0.1293  -0.0918
[12:34:11] # 1033 [bench] e2e= 1032.3ms  infer= 1028.6ms  cap=  3.4ms
    t+0   | +0.1052  +0.0447  -0.2053  +0.3149  +0.0259  -0.0366
    t+1   | +0.1521  +0.0506  -0.2408  +0.3253  +0.0198  +0.0069
    t+2   | +0.1220  +0.0154  -0.1480  +0.2426  +0.0659  +0.1377
    t+3   | +0.0966  +0.0252  -0.1042  +0.2306  +0.0993  +0.4083
    t+4   | +0.0892  +0.0644  -0.1207  +0.2505  +0.1092  +0.3749
[12:34:12] # 1034 [bench] e2e= 1033.7ms  infer= 1031.3ms  cap=  2.2ms
    t+0   | +0.0926  -0.0807  -0.0650  +0.2026  -0.1237  -0.2530
    t+1   | -0.0516  -0.1300  -0.0924  +0.2277  -0.2240  -0.3171
    t+2   | -0.0542  -0.1067  -0.1393  +0.2567  -0.2037  -0.2517
    t+3   | -0.0126  -0.0743  -0.1724  +0.2865  -0.1106  +0.0873
    t+4   | -0.0064  -0.0506  -0.1824  +0.2847  -0.0133  -0.0193
[12:34:13] # 1035 [bench] e2e= 1030.2ms  infer= 1027.3ms  cap=  2.7ms
    t+0   | +0.1491  +0.0349  -0.1679  +0.2510  -0.0576  -0.2209
    t+1   | -0.0157  +0.0088  -0.2160  +0.2293  -0.0815  -0.2323
    t+2   | -0.0971  -0.0530  -0.1209  +0.2012  -0.1090  -0.1993
    t+3   | -0.0709  -0.0569  -0.1123  +0.1971  -0.1173  -0.2297
    t+4   | -0.0529  -0.0296  -0.1448  +0.2473  -0.1585  -0.2715
[12:34:14] # 1036 [bench] e2e= 1031.1ms  infer= 1027.6ms  cap=  3.3ms
    t+0   | +0.0732  -0.0755  -0.0742  +0.1636  -0.0051  -0.6577
    t+1   | +0.0863  -0.0573  -0.1091  +0.1870  -0.0267  -0.4273
    t+2   | +0.0696  -0.0042  -0.1379  +0.2199  -0.0103  -0.3663
    t+3   | -0.0384  +0.1127  -0.2576  +0.2234  -0.1317  -0.3016
    t+4   | -0.0725  +0.1543  -0.2653  +0.2206  -0.0416  -0.2575
[12:34:15] # 1037 [bench] e2e= 1026.1ms  infer= 1023.3ms  cap=  2.7ms
    t+0   | +0.0754  +0.0215  -0.1551  +0.2541  +0.0374  -0.0651
    t+1   | +0.0673  +0.0113  -0.1557  +0.2382  -0.0239  +0.0431
    t+2   | +0.0490  +0.0053  -0.1496  +0.2040  -0.1152  +0.1068
    t+3   | +0.0795  +0.0426  -0.1395  +0.2249  -0.1181  +0.1585
    t+4   | +0.1040  +0.0631  -0.1077  +0.2180  -0.1141  +0.1269
[12:34:16] # 1038 [bench] e2e= 1031.6ms  infer= 1028.2ms  cap=  3.1ms
    t+0   | +0.1174  -0.0391  -0.2188  +0.3069  +0.0036  -0.1405
    t+1   | +0.0013  -0.0827  -0.1506  +0.2631  -0.0533  -0.0138
    t+2   | -0.1056  +0.0255  -0.1847  +0.2822  -0.0533  +0.2478
    t+3   | -0.0389  +0.0270  -0.1508  +0.2848  -0.0402  +0.3125
    t+4   | -0.0049  +0.0131  -0.1092  +0.2719  -0.0383  +0.2988
[12:34:17] # 1039 [bench] e2e= 1031.8ms  infer= 1028.2ms  cap=  3.4ms
    t+0   | +0.0375  -0.0515  -0.1116  +0.2119  +0.2203  -0.6233
    t+1   | -0.1249  -0.0837  -0.0332  +0.1483  +0.3974  -0.5959
    t+2   | -0.1257  -0.1448  +0.0120  +0.1375  +0.3053  -0.5112
    t+3   | -0.0860  -0.1018  -0.0191  +0.1659  +0.3030  -0.2418
    t+4   | -0.1133  -0.0039  -0.0989  +0.1759  +0.2375  +0.0540
[12:34:18] # 1040 [bench] e2e= 1036.9ms  infer= 1034.0ms  cap=  2.8ms
    t+0   | +0.1827  +0.0586  -0.2000  +0.3173  +0.0812  -0.6857
    t+1   | +0.1394  +0.0909  -0.2002  +0.3036  +0.0593  -0.6444
    t+2   | +0.0888  +0.0587  -0.1646  +0.2718  +0.0368  -0.5520
    t+3   | +0.0051  +0.0322  -0.2033  +0.2445  +0.0028  -0.5555
    t+4   | -0.0135  +0.0438  -0.2200  +0.2671  +0.0249  -0.5031
[12:34:19] # 1041 [bench] e2e= 1034.4ms  infer= 1031.1ms  cap=  3.2ms
    t+0   | +0.3069  +0.1348  -0.3345  +0.3830  -0.0911  +0.0653
    t+1   | +0.2995  +0.0668  -0.2694  +0.3365  -0.0491  +0.0312
    t+2   | +0.2584  -0.0135  -0.1626  +0.2866  +0.0542  -0.0378
    t+3   | +0.1922  -0.0237  -0.1516  +0.2659  +0.0396  -0.0925
    t+4   | +0.1831  -0.0381  -0.1793  +0.2392  +0.0461  -0.0568
[12:34:20] # 1042 [bench] e2e= 1040.0ms  infer= 1037.0ms  cap=  2.9ms
    t+0   | +0.2257  +0.0768  -0.2447  +0.2788  -0.0527  +0.1496
    t+1   | +0.2251  +0.0887  -0.2334  +0.2416  +0.0280  +0.1288
    t+2   | +0.2126  +0.0784  -0.1920  +0.2292  +0.0564  +0.0529
    t+3   | +0.1941  +0.0680  -0.1348  +0.1990  +0.0667  -0.0612
    t+4   | +0.1418  +0.0748  -0.1234  +0.2218  +0.0567  -0.0785
[12:34:21] # 1043 [bench] e2e= 1058.6ms  infer= 1054.5ms  cap=  3.8ms
    t+0   | -0.1089  -0.2096  +0.0428  +0.0983  -0.1770  -0.6730
    t+1   | -0.0981  -0.1642  +0.0208  +0.1503  -0.1149  -0.5850
    t+2   | -0.0477  -0.1124  -0.0400  +0.2040  -0.1015  -0.4619
    t+3   | -0.0158  -0.0498  -0.0975  +0.2231  -0.0601  -0.3739
    t+4   | -0.0204  -0.0052  -0.1834  +0.2659  -0.0252  -0.2998
[12:34:22] # 1044 [bench] e2e= 1090.7ms  infer= 1088.2ms  cap=  2.4ms
    t+0   | +0.1653  +0.0346  -0.1874  +0.3529  -0.0255  +0.5767
    t+1   | +0.1424  +0.0118  -0.2390  +0.3510  +0.0206  -0.2661
    t+2   | +0.1344  -0.0063  -0.2088  +0.3297  +0.0234  -0.2053
    t+3   | +0.1187  +0.0221  -0.1805  +0.2986  +0.0343  -0.3477
    t+4   | +0.0746  +0.0700  -0.2039  +0.3010  +0.0315  -0.3852
[12:34:24] # 1045 [bench] e2e= 1081.1ms  infer= 1078.2ms  cap=  2.7ms
    t+0   | +0.1112  +0.0806  -0.1703  +0.2792  -0.0709  -0.0476
    t+1   | +0.0585  +0.0578  -0.1831  +0.2333  -0.0535  -0.2630
    t+2   | -0.0180  +0.0655  -0.2216  +0.2765  -0.0788  -0.2015
    t+3   | -0.0264  +0.0626  -0.2137  +0.2932  -0.0814  -0.1171
    t+4   | -0.0695  +0.0781  -0.2001  +0.2936  -0.0687  -0.1477

  [live] after 1040 bench steps — e2e mean=1036.9ms  |  max replan freq=0.96 Hz  |  max control freq=4.82 Hz (n_action_steps=5)

[12:34:25] # 1046 [bench] e2e= 1038.1ms  infer= 1035.0ms  cap=  2.9ms
    t+0   | +0.1172  +0.1110  -0.2443  +0.2997  -0.1128  -0.0954
    t+1   | +0.1127  +0.1213  -0.2747  +0.3057  -0.1410  +0.0385
    t+2   | +0.0749  +0.0937  -0.3045  +0.3033  -0.1554  +0.0686
    t+3   | +0.0887  +0.0864  -0.3151  +0.2751  -0.1342  +0.0873
    t+4   | +0.0341  +0.0564  -0.2398  +0.2832  -0.0913  +0.0238
[12:34:26] # 1047 [bench] e2e= 1042.9ms  infer= 1040.4ms  cap=  2.3ms
    t+0   | +0.2373  +0.2267  -0.2903  +0.3500  -0.1520  +0.0309
    t+1   | +0.2240  +0.1543  -0.1981  +0.2928  -0.0672  +0.0939
    t+2   | +0.1611  +0.0560  -0.1090  +0.2376  -0.0099  +0.0629
    t+3   | +0.0437  -0.0605  +0.0301  +0.1807  +0.1522  +0.0595
    t+4   | -0.0771  -0.1988  +0.1670  +0.1532  +0.3207  +0.0315
[12:34:27] # 1048 [bench] e2e= 1040.9ms  infer= 1037.9ms  cap=  2.9ms
    t+0   | +0.0652  -0.0314  -0.0245  +0.2260  +0.0561  -0.2494
    t+1   | -0.0158  -0.0543  -0.0136  +0.2414  +0.0573  -0.1769
    t+2   | -0.0862  -0.0529  -0.0834  +0.2489  -0.0827  +0.2596
    t+3   | -0.1319  -0.0679  -0.1083  +0.2258  -0.1539  +0.1830
    t+4   | -0.1009  -0.0636  -0.1044  +0.2222  -0.1190  -0.0414
[12:34:28] # 1049 [bench] e2e= 1066.9ms  infer= 1063.8ms  cap=  2.9ms
    t+0   | +0.1270  -0.0749  -0.0385  +0.1947  -0.0566  -0.0492
    t+1   | +0.0607  -0.1171  -0.0161  +0.1869  -0.0469  -0.0538
    t+2   | +0.0644  -0.1263  -0.0455  +0.1663  -0.0417  +0.1148
    t+3   | +0.0452  -0.1160  -0.0723  +0.1621  -0.0291  +0.0353
    t+4   | +0.0510  -0.0399  -0.1112  +0.1716  -0.0369  +0.0304
[12:34:29] # 1050 [bench] e2e= 1036.3ms  infer= 1033.3ms  cap=  2.8ms
    t+0   | +0.1093  -0.0207  -0.1846  +0.3211  +0.0529  -0.0752
    t+1   | +0.0917  -0.0066  -0.1202  +0.2932  +0.0535  +0.0292
    t+2   | +0.0715  -0.0088  -0.0499  +0.2826  -0.0149  +0.1760
    t+3   | +0.0695  -0.0177  -0.0332  +0.2933  -0.0489  +0.2461
    t+4   | +0.0784  +0.0371  -0.0768  +0.3024  -0.0633  +0.2473
[12:34:30] # 1051 [bench] e2e= 1069.5ms  infer= 1066.8ms  cap=  2.5ms
    t+0   | +0.1093  -0.0268  -0.1209  +0.2629  -0.0121  -0.0757
    t+1   | +0.0760  -0.0350  -0.1148  +0.2311  -0.0137  -0.0878
    t+2   | +0.1037  -0.0162  -0.0971  +0.2454  -0.0348  -0.0704
    t+3   | +0.1365  -0.0300  -0.1033  +0.2724  -0.0222  -0.0909
    t+4   | +0.1333  -0.0356  -0.0517  +0.2478  +0.1119  -0.1274
[12:34:31] # 1052 [bench] e2e= 1032.2ms  infer= 1029.3ms  cap=  2.8ms
    t+0   | +0.1373  +0.0704  -0.4384  +0.4266  +0.1140  -0.2626
    t+1   | +0.0468  +0.0788  -0.4615  +0.3942  +0.1905  -0.2870
    t+2   | -0.0071  -0.0225  -0.2600  +0.3085  +0.2076  -0.2090
    t+3   | -0.0098  -0.1770  -0.0805  +0.2381  +0.1966  -0.2546
    t+4   | -0.0084  -0.1186  -0.0698  +0.2568  +0.2754  -0.3101
[12:34:32] # 1053 [bench] e2e= 1030.2ms  infer= 1027.3ms  cap=  2.8ms
    t+0   | +0.1595  +0.0612  -0.1404  +0.2832  -0.0048  +0.2405
    t+1   | +0.1319  +0.0640  -0.1769  +0.2411  -0.0131  +0.0846
    t+2   | +0.0429  -0.0178  -0.1045  +0.1761  -0.0573  -0.1343
    t+3   | +0.0220  +0.0001  -0.2345  +0.1675  -0.0879  -0.2988
    t+4   | +0.0171  +0.0173  -0.2945  +0.2331  -0.1227  -0.2669
[12:34:33] # 1054 [bench] e2e= 1051.0ms  infer= 1047.1ms  cap=  3.7ms
    t+0   | +0.0317  -0.2698  +0.1584  +0.0898  +0.0186  -0.7303
    t+1   | +0.0573  -0.2573  +0.1349  +0.1291  +0.0693  -0.5088
    t+2   | +0.0620  -0.2438  +0.0835  +0.1447  +0.1160  -0.3711
    t+3   | +0.0796  -0.2232  +0.0232  +0.1211  +0.1153  -0.2835
    t+4   | +0.0990  -0.1656  +0.0016  +0.1547  +0.0965  -0.2556
[12:34:34] # 1055 [bench] e2e= 1050.7ms  infer= 1046.4ms  cap=  4.2ms
    t+0   | +0.0827  +0.0551  -0.1054  +0.2341  +0.0069  -0.0521
    t+1   | +0.0837  +0.0351  -0.0908  +0.2181  -0.0159  -0.0549
    t+2   | +0.1211  -0.0034  -0.0722  +0.2217  -0.0145  -0.0989
    t+3   | +0.1258  +0.0008  -0.1033  +0.2233  -0.0081  -0.2025
    t+4   | +0.1034  -0.0054  -0.0961  +0.2190  +0.0291  -0.3297
[12:34:35] # 1056 [bench] e2e= 1042.0ms  infer= 1039.0ms  cap=  2.8ms
    t+0   | +0.2347  +0.0612  -0.1105  +0.2431  -0.0004  +0.1272
    t+1   | +0.2096  +0.0586  -0.0810  +0.2257  +0.0749  +0.0544
    t+2   | +0.1835  +0.0454  -0.0991  +0.2328  +0.0873  +0.0290
    t+3   | +0.1544  +0.0259  -0.0697  +0.2328  +0.0780  +0.0751
    t+4   | +0.1351  -0.0093  -0.0348  +0.1976  +0.1503  +0.1202
[12:34:36] # 1057 [bench] e2e= 1037.0ms  infer= 1033.2ms  cap=  3.6ms
    t+0   | +0.0790  -0.0834  -0.0347  +0.2053  -0.0468  -0.1375
    t+1   | +0.1110  -0.0353  -0.1180  +0.2473  -0.0262  -0.1138
    t+2   | +0.1799  -0.0018  -0.2173  +0.3090  +0.0255  -0.0306
    t+3   | +0.2237  +0.0427  -0.2585  +0.3204  +0.0260  +0.0170
    t+4   | +0.2389  +0.1098  -0.2805  +0.3529  +0.0340  +0.0136
[12:34:37] # 1058 [bench] e2e= 1036.9ms  infer= 1031.8ms  cap=  4.9ms
    t+0   | -0.0232  +0.0013  -0.1679  +0.2940  +0.0746  -0.1125
    t+1   | -0.0217  -0.0304  -0.1633  +0.2860  +0.0463  -0.1810
    t+2   | -0.0500  -0.0835  -0.1701  +0.2912  +0.0464  -0.2464
    t+3   | -0.0336  -0.1193  -0.1376  +0.2430  +0.1212  -0.4964
    t+4   | +0.0207  -0.0673  -0.1614  +0.2634  +0.1538  -0.5091
[12:34:38] # 1059 [bench] e2e= 1030.8ms  infer= 1027.5ms  cap=  3.2ms
    t+0   | +0.0910  -0.0262  -0.0172  +0.2045  -0.0423  +0.0316
    t+1   | +0.1030  +0.0125  -0.0509  +0.2315  -0.0427  +0.1205
    t+2   | +0.0813  -0.0267  -0.0361  +0.2650  +0.1674  +0.0629
    t+3   | +0.0864  -0.0434  -0.0531  +0.2731  +0.2060  +0.1632
    t+4   | +0.0796  -0.0301  -0.0613  +0.2643  +0.1516  +0.1856
[12:34:39] # 1060 [bench] e2e= 1029.0ms  infer= 1025.7ms  cap=  3.1ms
    t+0   | +0.1071  +0.1664  -0.3464  +0.2814  +0.1553  -0.2947
    t+1   | +0.1294  +0.1048  -0.2827  +0.2565  +0.0865  -0.2179
    t+2   | +0.1329  +0.0426  -0.2215  +0.2450  +0.0325  -0.0024
    t+3   | +0.1179  +0.0680  -0.2355  +0.2597  -0.0309  +0.0683
    t+4   | +0.0627  +0.0819  -0.2076  +0.2460  -0.0814  +0.1978
[12:34:40] # 1061 [bench] e2e= 1061.5ms  infer= 1057.7ms  cap=  3.6ms
    t+0   | +0.2077  +0.0803  -0.2264  +0.3238  +0.1645  -0.2294
    t+1   | +0.1756  +0.0356  -0.1983  +0.2589  +0.1590  -0.4051
    t+2   | +0.2425  +0.0249  -0.1785  +0.2130  +0.1597  -0.2845
    t+3   | +0.2661  +0.0453  -0.1679  +0.2130  +0.1390  -0.3217
    t+4   | +0.2721  +0.0798  -0.2228  +0.2406  +0.1108  -0.2881
[12:34:41] # 1062 [bench] e2e= 1029.2ms  infer= 1026.3ms  cap=  2.7ms
    t+0   | +0.0917  -0.0637  -0.1717  +0.2570  -0.1692  -0.4929
    t+1   | +0.0699  -0.0570  -0.1478  +0.2537  -0.1960  -0.2620
    t+2   | +0.0766  -0.0337  -0.1139  +0.2797  -0.1871  -0.1393
    t+3   | +0.0829  -0.0620  -0.1099  +0.2630  -0.1454  -0.1488
    t+4   | +0.1073  -0.0254  -0.1606  +0.2484  -0.1634  -0.0823
[12:34:42] # 1063 [bench] e2e= 1026.5ms  infer= 1023.7ms  cap=  2.6ms
    t+0   | +0.0762  -0.0316  -0.2154  +0.2955  -0.0182  -0.0663
    t+1   | +0.0804  +0.0251  -0.2288  +0.2966  +0.0549  +0.0043
    t+2   | +0.0107  +0.0386  -0.2002  +0.2815  -0.0269  +0.2158
    t+3   | +0.0328  +0.0294  -0.1890  +0.2942  -0.0551  +0.4229
    t+4   | +0.0755  +0.0317  -0.1575  +0.2378  -0.0997  +0.5489
[12:34:43] # 1064 [bench] e2e= 1029.8ms  infer= 1027.1ms  cap=  2.5ms
    t+0   | -0.1852  -0.0938  -0.2217  +0.2340  +0.0218  -0.1566
    t+1   | -0.1275  -0.1184  -0.1961  +0.2207  +0.0463  -0.0873
    t+2   | -0.0553  -0.1012  -0.1544  +0.1860  +0.0221  -0.2421
    t+3   | -0.0459  -0.0396  -0.1741  +0.1538  +0.0586  -0.2776
    t+4   | -0.0199  -0.0182  -0.1598  +0.1411  +0.2010  -0.2857
[12:34:44] # 1065 [bench] e2e= 1035.8ms  infer= 1032.4ms  cap=  3.3ms
    t+0   | +0.1951  -0.0046  -0.2912  +0.2917  -0.1852  -0.7187
    t+1   | +0.2015  +0.0157  -0.2392  +0.2548  -0.1412  -0.4914
    t+2   | +0.1835  +0.0540  -0.3266  +0.2961  -0.1174  -0.0879
    t+3   | -0.0015  +0.1211  -0.4749  +0.3033  -0.1504  +0.1307
    t+4   | -0.0553  +0.1293  -0.4606  +0.2878  -0.0281  +0.1839

  [live] after 1060 bench steps — e2e mean=1037.0ms  |  max replan freq=0.96 Hz  |  max control freq=4.82 Hz (n_action_steps=5)

[12:34:45] # 1066 [bench] e2e= 1051.4ms  infer= 1048.5ms  cap=  2.8ms
    t+0   | -0.0087  +0.0176  -0.2068  +0.3034  +0.0205  -0.1433
    t+1   | -0.0238  -0.0779  -0.0757  +0.2543  +0.0254  -0.0922
    t+2   | -0.0074  -0.1105  -0.0172  +0.2409  +0.0830  -0.0437
    t+3   | +0.0570  -0.0779  -0.0384  +0.2805  +0.0770  +0.0707
    t+4   | +0.0815  -0.0889  -0.0554  +0.2566  +0.0437  +0.2565
[12:34:46] # 1067 [bench] e2e= 1052.7ms  infer= 1049.8ms  cap=  2.7ms
    t+0   | +0.1098  -0.0112  -0.1444  +0.2727  -0.1277  -0.1534
    t+1   | +0.0627  -0.0227  -0.1919  +0.2981  -0.1987  -0.0976
    t+2   | +0.0352  -0.0326  -0.1844  +0.3020  -0.1982  +0.0067
    t+3   | -0.0107  -0.0249  -0.1707  +0.2989  -0.1372  -0.0759
    t+4   | +0.0278  +0.0018  -0.1517  +0.3309  -0.0637  -0.1907
[12:34:48] # 1068 [bench] e2e= 1058.5ms  infer= 1054.9ms  cap=  3.4ms
    t+0   | -0.0360  -0.1865  +0.0222  +0.1075  -0.2520  -0.6118
    t+1   | +0.0044  -0.1504  -0.0273  +0.1232  -0.2440  -0.5799
    t+2   | +0.0362  -0.0298  -0.1039  +0.2091  -0.1894  -0.3864
    t+3   | +0.0233  +0.0702  -0.1785  +0.2907  -0.1382  -0.2329
    t+4   | +0.0041  +0.0197  -0.1614  +0.3013  -0.0414  +0.0447
[12:34:49] # 1069 [bench] e2e= 1053.6ms  infer= 1050.6ms  cap=  2.9ms
    t+0   | +0.0710  -0.0285  -0.0620  +0.2628  +0.2008  +0.3476
    t+1   | +0.0570  -0.0034  -0.0870  +0.2573  +0.1182  +0.2830
    t+2   | +0.0441  +0.0480  -0.1219  +0.2438  +0.1171  +0.1132
    t+3   | +0.0698  +0.0490  -0.1296  +0.2099  +0.1053  -0.0128
    t+4   | +0.0646  -0.0112  -0.0812  +0.1709  +0.0833  -0.4617
[12:34:50] # 1070 [bench] e2e= 1040.5ms  infer= 1037.4ms  cap=  2.9ms
    t+0   | -0.0419  +0.0705  -0.1576  +0.2553  -0.2342  -0.2764
    t+1   | -0.0059  +0.0822  -0.1759  +0.2621  -0.1204  -0.4172
    t+2   | +0.0545  +0.0815  -0.2318  +0.2807  -0.0708  -0.3222
    t+3   | +0.0923  +0.0274  -0.2271  +0.2244  -0.0042  -0.3220
    t+4   | +0.1548  +0.0035  -0.2275  +0.2066  +0.0553  -0.3017
[12:34:51] # 1071 [bench] e2e= 1049.4ms  infer= 1046.2ms  cap=  3.0ms
    t+0   | +0.0441  -0.1824  -0.0720  +0.2533  -0.1116  -0.1185
    t+1   | +0.0300  -0.0913  -0.2136  +0.2946  -0.1951  -0.0494
    t+2   | +0.0414  -0.0321  -0.2443  +0.2886  -0.2138  +0.1221
    t+3   | +0.0075  +0.0027  -0.2643  +0.2661  -0.2372  +0.4292
    t+4   | +0.0127  +0.0738  -0.2721  +0.3159  -0.2540  +0.6222
[12:34:52] # 1072 [bench] e2e= 1052.6ms  infer= 1050.2ms  cap=  2.3ms
    t+0   | +0.0248  -0.1189  +0.0151  +0.1433  +0.0390  -0.5500
    t+1   | -0.0191  -0.1576  -0.0704  +0.1230  -0.0174  -0.5949
    t+2   | -0.0154  -0.1443  -0.1113  +0.1789  -0.0254  -0.5926
    t+3   | -0.0200  -0.1129  -0.1183  +0.2132  -0.0669  -0.6148
    t+4   | -0.0315  -0.0583  -0.1833  +0.2230  -0.0623  -0.5409
[12:34:53] # 1073 [bench] e2e= 1024.5ms  infer= 1021.8ms  cap=  2.5ms
    t+0   | +0.1532  +0.1108  -0.1978  +0.3312  -0.0306  -0.0518
    t+1   | +0.1267  +0.1033  -0.2198  +0.3227  -0.0453  +0.0169
    t+2   | +0.1152  +0.0175  -0.1563  +0.2827  -0.0195  +0.0152
    t+3   | +0.1185  -0.0216  -0.1295  +0.2864  -0.0261  +0.1286
    t+4   | +0.1108  -0.0396  -0.1287  +0.2629  -0.0174  +0.0083
[12:34:54] # 1074 [bench] e2e= 1046.5ms  infer= 1042.8ms  cap=  3.2ms
    t+0   | +0.1116  +0.0777  -0.0779  +0.2563  +0.0417  +0.4339
    t+1   | +0.1326  +0.1180  -0.1424  +0.2756  +0.0669  +0.3152
    t+2   | +0.1274  +0.1342  -0.1819  +0.3024  +0.0315  +0.0133
    t+3   | +0.0501  +0.1237  -0.2837  +0.3430  -0.0777  -0.0683
    t+4   | -0.0331  +0.0686  -0.2529  +0.2702  -0.0786  -0.4267
[12:34:55] # 1075 [bench] e2e= 1080.2ms  infer= 1077.9ms  cap=  2.1ms
    t+0   | +0.0276  -0.0378  -0.0503  +0.2027  -0.1082  +0.0438
    t+1   | +0.0678  +0.0103  -0.0708  +0.2240  -0.1449  +0.4042
    t+2   | +0.0414  -0.0354  -0.0718  +0.1686  -0.1571  +0.0785
    t+3   | -0.0063  -0.0388  -0.0667  +0.2015  -0.1547  -0.0740
    t+4   | +0.0054  -0.0663  -0.0533  +0.2106  -0.1303  -0.2550
[12:34:56] # 1076 [bench] e2e= 1050.8ms  infer= 1048.4ms  cap=  2.2ms
    t+0   | +0.1781  +0.1053  -0.2810  +0.3292  -0.1081  +0.0561
    t+1   | +0.1837  +0.0614  -0.2421  +0.2893  -0.1117  -0.0623
    t+2   | +0.1997  +0.0313  -0.2197  +0.2794  -0.0801  -0.2446
    t+3   | +0.1904  -0.0143  -0.1733  +0.2350  -0.0614  -0.4762
    t+4   | +0.2236  +0.0274  -0.1627  +0.2097  -0.0538  -0.5970
[12:34:57] # 1077 [bench] e2e= 1054.3ms  infer= 1051.3ms  cap=  2.9ms
    t+0   | +0.0920  +0.0175  -0.0778  +0.2177  +0.0146  +0.1187
    t+1   | +0.0958  -0.0296  -0.0082  +0.2064  +0.0641  +0.2119
    t+2   | +0.0265  -0.0703  +0.0042  +0.1995  +0.1665  +0.2370
    t+3   | +0.0288  -0.0567  -0.0206  +0.1929  +0.1370  +0.1718
    t+4   | -0.0264  -0.0230  -0.0163  +0.1911  +0.1541  +0.0298
[12:34:58] # 1078 [bench] e2e= 1059.4ms  infer= 1055.9ms  cap=  3.3ms
    t+0   | +0.0886  -0.0615  -0.0903  +0.2302  -0.0044  -0.3735
    t+1   | +0.0631  -0.0941  -0.0570  +0.1782  +0.0734  -0.4236
    t+2   | +0.0746  -0.1125  -0.0338  +0.1594  +0.0578  -0.3066
    t+3   | +0.0632  -0.1040  -0.0812  +0.1647  +0.0381  -0.2531
    t+4   | +0.0378  -0.0722  -0.1132  +0.1800  +0.0295  -0.2479
[12:34:59] # 1079 [bench] e2e= 1065.1ms  infer= 1062.0ms  cap=  3.0ms
    t+0   | +0.1051  -0.0210  -0.0518  +0.2157  -0.0284  -0.0159
    t+1   | +0.1094  +0.0167  -0.0974  +0.2039  -0.0444  -0.2484
    t+2   | +0.1630  +0.0348  -0.1208  +0.2115  -0.0633  -0.1362
    t+3   | +0.1877  +0.0414  -0.0832  +0.2096  -0.0256  -0.0346
    t+4   | +0.1714  -0.0096  -0.1053  +0.2070  +0.0007  -0.0010
[12:35:00] # 1080 [bench] e2e= 1056.4ms  infer= 1054.7ms  cap=  1.6ms
    t+0   | +0.0883  +0.0478  -0.2478  +0.3332  +0.1622  -0.1117
    t+1   | +0.0683  +0.0497  -0.2273  +0.3054  +0.0647  +0.0079
    t+2   | +0.0384  +0.0937  -0.2604  +0.2940  -0.0078  +0.0805
    t+3   | +0.0321  +0.1284  -0.3078  +0.2861  -0.0439  +0.0518
    t+4   | +0.0691  +0.1442  -0.3026  +0.3065  -0.0941  +0.0266
[12:35:01] # 1081 [bench] e2e= 1055.1ms  infer= 1053.3ms  cap=  1.6ms
    t+0   | +0.1627  -0.0362  -0.0743  +0.2158  -0.0443  -0.1806
    t+1   | +0.1822  -0.0098  -0.0826  +0.2115  -0.0928  -0.1786
    t+2   | +0.1845  +0.0181  -0.1855  +0.2117  -0.1634  -0.1425
    t+3   | +0.1717  +0.0324  -0.2014  +0.2296  -0.1491  -0.2305
    t+4   | +0.1708  +0.0342  -0.1821  +0.2142  -0.1091  -0.3677
[12:35:02] # 1082 [bench] e2e= 1048.1ms  infer= 1046.3ms  cap=  1.6ms
    t+0   | +0.0332  -0.0712  -0.0096  +0.1653  +0.0845  -0.4966
    t+1   | +0.0152  -0.0347  -0.0875  +0.2032  +0.0498  -0.3069
    t+2   | -0.0467  -0.0401  -0.2082  +0.1886  +0.0251  -0.2310
    t+3   | -0.0456  -0.0766  -0.2240  +0.1713  -0.0023  -0.2997
    t+4   | -0.0810  -0.0123  -0.2824  +0.2066  -0.0018  -0.3402
[12:35:03] # 1083 [bench] e2e= 1050.4ms  infer= 1048.0ms  cap=  2.3ms
    t+0   | +0.2476  +0.0354  -0.1166  +0.2847  -0.0429  -0.0668
    t+1   | +0.2762  +0.0774  -0.1541  +0.3202  -0.0211  -0.0120
    t+2   | +0.2967  +0.0811  -0.1595  +0.2964  -0.0572  -0.0151
    t+3   | +0.2849  +0.0606  -0.1568  +0.2460  -0.0677  -0.0543
    t+4   | +0.2076  +0.0849  -0.1425  +0.2518  -0.0940  -0.1164
[12:35:04] # 1084 [bench] e2e= 1037.3ms  infer= 1034.6ms  cap=  2.6ms
    t+0   | +0.1498  -0.0445  -0.0736  +0.2229  +0.0232  -0.0409
    t+1   | +0.1367  -0.0930  -0.0720  +0.1790  +0.0240  -0.0525
    t+2   | +0.1211  -0.1301  -0.0185  +0.1626  +0.0982  -0.3186
    t+3   | +0.1011  -0.1580  +0.0270  +0.1728  +0.0929  -0.3118
    t+4   | +0.0725  -0.1275  -0.0316  +0.1528  +0.0444  -0.2543
[12:35:05] # 1085 [bench] e2e= 1083.3ms  infer= 1079.6ms  cap=  3.6ms
    t+0   | +0.1130  +0.0809  -0.2158  +0.2762  -0.2807  -0.1037
    t+1   | +0.0972  +0.0661  -0.2018  +0.2769  -0.1722  -0.1604
    t+2   | +0.1052  +0.1319  -0.2593  +0.3117  -0.1893  -0.1044
    t+3   | +0.1478  +0.1783  -0.3066  +0.3651  -0.2332  -0.0629
    t+4   | +0.1325  +0.1855  -0.3092  +0.3558  -0.1930  -0.0360

  [live] after 1080 bench steps — e2e mean=1037.3ms  |  max replan freq=0.96 Hz  |  max control freq=4.82 Hz (n_action_steps=5)

[12:35:06] # 1086 [bench] e2e= 1050.7ms  infer= 1048.0ms  cap=  2.5ms
    t+0   | +0.1368  -0.0557  -0.0608  +0.1998  +0.0156  -0.0914
    t+1   | +0.1376  -0.0414  -0.0655  +0.1857  +0.0094  +0.0413
    t+2   | +0.1541  -0.0057  -0.0860  +0.1795  -0.0429  +0.0669
    t+3   | +0.1385  +0.0112  -0.0704  +0.1979  -0.0858  -0.0532
    t+4   | +0.0652  -0.0243  -0.1015  +0.1886  -0.0983  -0.0764
[12:35:08] # 1087 [bench] e2e= 1087.7ms  infer= 1085.0ms  cap=  2.5ms
    t+0   | +0.1019  +0.0800  -0.1972  +0.2796  +0.0017  -0.0376
    t+1   | +0.0635  +0.1195  -0.2389  +0.2594  -0.0932  +0.1167
    t+2   | +0.0657  +0.1284  -0.2612  +0.2464  -0.1179  +0.1146
    t+3   | +0.1094  +0.1210  -0.2410  +0.2635  -0.1088  -0.0838
    t+4   | +0.1293  +0.0805  -0.2296  +0.2788  -0.0805  -0.0650
[12:35:09] # 1088 [bench] e2e= 1057.1ms  infer= 1054.6ms  cap=  2.4ms
    t+0   | -0.0458  -0.1002  -0.1219  +0.2243  -0.0102  -0.6919
    t+1   | -0.1003  -0.1869  -0.0834  +0.1968  -0.0238  -0.6938
    t+2   | -0.0632  -0.1091  -0.2036  +0.2589  -0.0300  -0.7119
    t+3   | -0.0589  -0.1456  -0.1682  +0.2291  -0.0275  -0.7302
    t+4   | -0.0091  -0.0922  -0.1636  +0.2302  -0.0208  -0.7142
[12:35:10] # 1089 [bench] e2e= 1038.6ms  infer= 1035.0ms  cap=  3.4ms
    t+0   | +0.0744  -0.1138  -0.0492  +0.2257  -0.0447  +0.2761
    t+1   | +0.0448  -0.1340  -0.0355  +0.2026  -0.0063  -0.0089
    t+2   | -0.0179  -0.1215  -0.0059  +0.1780  +0.0747  -0.4203
    t+3   | -0.1062  -0.0257  -0.0752  +0.2063  +0.1150  -0.2803
    t+4   | -0.1420  +0.1329  -0.2711  +0.2464  +0.1333  -0.2913
[12:35:11] # 1090 [bench] e2e= 1035.8ms  infer= 1033.4ms  cap=  2.3ms
    t+0   | -0.0117  -0.0595  +0.0468  +0.1340  +0.1157  -0.6863
    t+1   | -0.0130  -0.0618  +0.0708  +0.1167  +0.1464  -0.7011
    t+2   | -0.0261  -0.0965  +0.0359  +0.1109  +0.0980  -0.6810
    t+3   | -0.0124  -0.0761  -0.0144  +0.1484  +0.0887  -0.4886
    t+4   | +0.0139  -0.0269  -0.0689  +0.1628  +0.0810  -0.3056
[12:35:12] # 1091 [bench] e2e= 1044.3ms  infer= 1041.9ms  cap=  2.3ms
    t+0   | +0.0960  +0.0387  -0.0924  +0.2399  -0.0521  +0.3631
    t+1   | +0.0258  +0.0622  -0.1252  +0.2555  -0.0729  +0.3218
    t+2   | -0.0058  +0.0702  -0.1825  +0.2533  -0.1845  +0.2792
    t+3   | +0.0025  +0.0782  -0.1826  +0.2636  -0.1927  +0.2132
    t+4   | -0.0361  +0.1155  -0.2038  +0.2870  -0.1604  +0.1515
[12:35:13] # 1092 [bench] e2e= 1048.3ms  infer= 1046.1ms  cap=  2.1ms
    t+0   | +0.1798  +0.2282  -0.4098  +0.3938  -0.1982  +0.0104
    t+1   | +0.1861  +0.2013  -0.3475  +0.3594  -0.1797  +0.0317
    t+2   | +0.1484  +0.1419  -0.3496  +0.3402  -0.1580  +0.0138
    t+3   | +0.1492  +0.0929  -0.3267  +0.3049  -0.1460  -0.0584
    t+4   | +0.1377  +0.1341  -0.4001  +0.2868  -0.1544  -0.1108
[12:35:14] # 1093 [bench] e2e= 1035.9ms  infer= 1032.4ms  cap=  3.3ms
    t+0   | +0.0487  +0.1926  -0.8602  +0.5410  -0.0175  +0.0268
    t+1   | +0.0902  +0.1940  -0.6661  +0.5073  +0.1938  +0.1163
    t+2   | +0.1686  +0.1653  -0.4986  +0.4886  +0.2234  +0.0735
    t+3   | +0.1840  +0.1129  -0.4087  +0.4183  +0.2293  +0.0493
    t+4   | +0.1358  +0.0970  -0.3681  +0.4188  +0.1520  +0.3083
[12:35:15] # 1094 [bench] e2e= 1052.6ms  infer= 1049.3ms  cap=  3.0ms
    t+0   | +0.2286  -0.0926  +0.0647  +0.1637  +0.0688  +0.7311
    t+1   | +0.1943  -0.0875  +0.0719  +0.1486  -0.0573  +0.6073
    t+2   | +0.1169  -0.0214  +0.0234  +0.1724  -0.0762  +0.3214
    t+3   | +0.0826  +0.0335  -0.0590  +0.2180  -0.0618  +0.1460
    t+4   | +0.0874  +0.0457  -0.0883  +0.2401  -0.0446  +0.1308
[12:35:16] # 1095 [bench] e2e= 1036.5ms  infer= 1032.8ms  cap=  3.3ms
    t+0   | +0.2146  +0.0875  -0.2836  +0.3826  -0.0937  +0.0062
    t+1   | +0.1612  +0.2354  -0.4726  +0.4824  -0.0357  -0.0127
    t+2   | +0.1913  +0.2351  -0.3675  +0.4321  -0.0411  +0.1071
    t+3   | +0.1507  +0.1918  -0.2947  +0.4183  -0.0177  +0.0948
    t+4   | +0.1321  +0.1934  -0.3239  +0.4574  -0.0285  -0.0018
[12:35:17] # 1096 [bench] e2e= 1027.0ms  infer= 1023.3ms  cap=  3.4ms
    t+0   | +0.0057  -0.0055  -0.0175  +0.2205  -0.2816  -0.3066
    t+1   | +0.0667  +0.0379  -0.0856  +0.2639  -0.2235  -0.1636
    t+2   | +0.0836  +0.0249  -0.1081  +0.2532  -0.1845  -0.1153
    t+3   | +0.0644  +0.0483  -0.1001  +0.2446  -0.1269  -0.1404
    t+4   | +0.0378  +0.0431  -0.0848  +0.2429  -0.0909  -0.2149
[12:35:18] # 1097 [bench] e2e= 1024.7ms  infer= 1021.1ms  cap=  3.4ms
    t+0   | +0.0549  +0.0039  -0.2402  +0.2456  +0.0125  -0.3759
    t+1   | +0.0276  -0.0470  -0.1575  +0.1939  +0.0232  -0.3477
    t+2   | -0.0244  -0.1141  -0.1119  +0.1568  +0.0165  -0.4493
    t+3   | -0.0094  -0.1348  -0.0985  +0.1807  -0.0070  -0.4330
    t+4   | -0.0613  -0.1003  -0.1182  +0.2060  -0.0395  -0.3377
[12:35:19] # 1098 [bench] e2e= 1028.7ms  infer= 1026.0ms  cap=  2.5ms
    t+0   | +0.1745  +0.1171  -0.1930  +0.3117  +0.0156  +0.2891
    t+1   | +0.1391  +0.1129  -0.2046  +0.3131  -0.0605  +0.6028
    t+2   | +0.0327  +0.1179  -0.2893  +0.3290  -0.0797  +0.4908
    t+3   | +0.0544  +0.1020  -0.2762  +0.3297  -0.0756  +0.3899
    t+4   | +0.0606  +0.1247  -0.2760  +0.3542  +0.0013  +0.0868
[12:35:20] # 1099 [bench] e2e= 1031.2ms  infer= 1029.0ms  cap=  2.1ms
    t+0   | +0.1260  +0.0464  -0.1171  +0.2582  +0.0883  -0.0110
    t+1   | +0.0962  +0.0329  -0.1554  +0.2593  +0.0874  -0.1855
    t+2   | +0.0811  -0.0121  -0.1874  +0.2979  +0.2552  -0.2900
    t+3   | +0.1251  -0.0546  -0.1782  +0.2781  +0.2146  -0.3219
    t+4   | +0.0904  -0.0767  -0.1569  +0.2517  +0.1793  -0.5628
[12:35:21] # 1100 [bench] e2e= 1031.4ms  infer= 1029.1ms  cap=  2.1ms
    t+0   | -0.0419  -0.0679  -0.1216  +0.1665  +0.0167  -0.3662
    t+1   | -0.0502  -0.0523  -0.1024  +0.1559  +0.0625  -0.4208
    t+2   | -0.0679  -0.0640  -0.1031  +0.1348  +0.0823  -0.3573
    t+3   | -0.0749  -0.0907  -0.0877  +0.1009  +0.0958  -0.3286
    t+4   | -0.0577  -0.0919  -0.0837  +0.1172  +0.1058  -0.3137
[12:35:22] # 1101 [bench] e2e= 1025.0ms  infer= 1022.5ms  cap=  2.4ms
    t+0   | +0.0780  -0.0067  -0.1068  +0.2272  -0.0415  -0.0777
    t+1   | +0.1288  +0.0071  -0.1241  +0.2279  +0.0268  -0.2203
    t+2   | +0.1799  +0.0475  -0.1313  +0.2611  +0.0226  -0.0851
    t+3   | +0.1977  +0.0455  -0.1683  +0.2767  +0.0379  +0.1234
    t+4   | +0.2328  +0.0817  -0.2255  +0.2974  +0.0286  +0.4740
[12:35:23] # 1102 [bench] e2e= 1027.4ms  infer= 1025.2ms  cap=  2.1ms
    t+0   | +0.1038  +0.0650  -0.4156  +0.2954  -0.0852  -0.5406
    t+1   | +0.0838  +0.0838  -0.3389  +0.2779  -0.1194  -0.0407
    t+2   | +0.0979  +0.1023  -0.3115  +0.2738  -0.0883  -0.0951
    t+3   | +0.0908  +0.1342  -0.3037  +0.2986  -0.0729  -0.1055
    t+4   | +0.0834  +0.0885  -0.2691  +0.2860  -0.0667  -0.2414
[12:35:24] # 1103 [bench] e2e= 1043.4ms  infer= 1040.4ms  cap=  2.8ms
    t+0   | +0.0958  -0.0543  -0.2006  +0.2570  -0.0305  -0.0438
    t+1   | +0.0946  -0.0473  -0.1925  +0.2530  +0.0255  -0.1411
    t+2   | +0.0416  -0.0680  -0.1498  +0.2349  +0.0470  -0.1856
    t+3   | +0.0057  -0.0343  -0.1470  +0.2476  +0.0287  -0.1325
    t+4   | -0.0510  -0.0476  -0.1504  +0.2504  -0.0172  -0.1577
[12:35:25] # 1104 [bench] e2e= 1043.2ms  infer= 1039.0ms  cap=  4.0ms
    t+0   | +0.1665  -0.0356  -0.1094  +0.2832  +0.0511  -0.1630
    t+1   | +0.0836  -0.0104  -0.1319  +0.2899  +0.0982  -0.1791
    t+2   | +0.0414  +0.0003  -0.1353  +0.2521  +0.0328  -0.1522
    t+3   | +0.0464  -0.0095  -0.1192  +0.2192  +0.0054  -0.1814
    t+4   | -0.0244  +0.0137  -0.1134  +0.2187  -0.0668  -0.1969
[12:35:26] # 1105 [bench] e2e= 1045.5ms  infer= 1041.7ms  cap=  3.6ms
    t+0   | +0.2179  +0.0730  -0.0767  +0.2400  +0.1022  -0.0392
    t+1   | +0.1354  +0.0467  -0.0553  +0.2055  -0.0370  -0.1289
    t+2   | +0.0503  +0.0509  -0.0136  +0.2309  -0.0521  -0.1850
    t+3   | +0.0330  +0.0390  -0.0199  +0.2446  +0.0115  -0.1768
    t+4   | +0.0167  +0.0097  -0.0347  +0.2573  -0.0019  -0.0959

  [live] after 1100 bench steps — e2e mean=1037.3ms  |  max replan freq=0.96 Hz  |  max control freq=4.82 Hz (n_action_steps=5)

[12:35:27] # 1106 [bench] e2e= 1038.6ms  infer= 1034.4ms  cap=  4.1ms
    t+0   | +0.2000  +0.0602  -0.1819  +0.2587  -0.0459  -0.1385
    t+1   | +0.1869  +0.0982  -0.1826  +0.2663  +0.0302  -0.1263
    t+2   | +0.1801  +0.1240  -0.2002  +0.2897  +0.0141  -0.1450
    t+3   | +0.2109  +0.1321  -0.2247  +0.3022  +0.0542  -0.0787
    t+4   | +0.2364  +0.1333  -0.2035  +0.2948  +0.0661  -0.0951
[12:35:28] # 1107 [bench] e2e= 1028.7ms  infer= 1026.2ms  cap=  2.3ms
    t+0   | +0.0626  -0.2020  +0.0829  +0.1561  +0.0159  -0.1970
    t+1   | +0.0768  -0.1101  +0.0072  +0.1892  +0.0048  -0.1942
    t+2   | +0.0863  -0.0289  -0.0477  +0.2195  +0.0263  -0.1976
    t+3   | +0.1046  -0.0112  -0.0557  +0.1989  +0.1231  -0.1570
    t+4   | +0.1416  +0.0394  -0.0693  +0.2443  +0.1525  +0.2968
[12:35:29] # 1108 [bench] e2e= 1029.5ms  infer= 1025.8ms  cap=  3.6ms
    t+0   | +0.1409  -0.0329  -0.0584  +0.2080  +0.0441  -0.1931
    t+1   | +0.0949  -0.0408  -0.0629  +0.1515  +0.0283  -0.3503
    t+2   | +0.0588  +0.0162  -0.0933  +0.1773  -0.0113  -0.2878
    t+3   | +0.0566  +0.0734  -0.1524  +0.1723  -0.0677  -0.1667
    t+4   | +0.0583  +0.1107  -0.2044  +0.1961  -0.1073  -0.1373
[12:35:30] # 1109 [bench] e2e= 1026.3ms  infer= 1023.1ms  cap=  3.1ms
    t+0   | +0.0686  -0.0425  -0.0660  +0.2203  +0.1283  -0.1819
    t+1   | +0.0518  -0.0564  +0.0435  +0.1617  +0.1401  -0.1146
    t+2   | +0.0432  -0.0841  +0.0961  +0.1258  +0.1184  -0.1117
    t+3   | +0.0741  -0.0800  +0.0676  +0.1775  +0.1068  -0.1381
    t+4   | +0.1295  -0.0528  +0.0471  +0.1908  +0.1077  -0.1405
[12:35:31] # 1110 [bench] e2e= 1028.2ms  infer= 1024.5ms  cap=  3.5ms
    t+0   | -0.0122  -0.1475  +0.0401  +0.1122  +0.0708  -0.6789
    t+1   | -0.0120  -0.0384  -0.1040  +0.1972  +0.1581  -0.6565
    t+2   | +0.0487  +0.0314  -0.1617  +0.2496  +0.1984  -0.6098
    t+3   | +0.1087  +0.0330  -0.1998  +0.2046  +0.2055  -0.5940
    t+4   | +0.1385  +0.0603  -0.1989  +0.2422  +0.2941  -0.4915
[12:35:32] # 1111 [bench] e2e= 1026.3ms  infer= 1023.3ms  cap=  2.9ms
    t+0   | +0.1543  +0.0853  -0.1840  +0.2729  -0.0380  -0.1152
    t+1   | +0.1440  +0.1005  -0.2220  +0.2856  -0.0176  -0.1913
    t+2   | +0.0929  +0.0869  -0.2698  +0.3215  +0.0753  -0.3427
    t+3   | +0.1020  +0.1131  -0.2574  +0.3000  +0.1378  -0.4921
    t+4   | +0.1364  +0.1250  -0.2393  +0.2882  +0.2167  -0.5979
[12:35:33] # 1112 [bench] e2e= 1037.8ms  infer= 1035.3ms  cap=  2.4ms
    t+0   | +0.1989  +0.0527  -0.1452  +0.3116  -0.0729  +0.5043
    t+1   | +0.1692  +0.0458  -0.1438  +0.2949  +0.0158  +0.2502
    t+2   | +0.1419  +0.0380  -0.1532  +0.2770  +0.0402  +0.1353
    t+3   | +0.1195  +0.0212  -0.1551  +0.3111  +0.0222  +0.0902
    t+4   | +0.1043  -0.0076  -0.1393  +0.2858  -0.0109  +0.1440
[12:35:35] # 1113 [bench] e2e= 1034.0ms  infer= 1031.2ms  cap=  2.6ms
    t+0   | +0.2386  +0.0666  -0.1932  +0.3290  -0.0646  +0.2375
    t+1   | +0.2151  +0.0765  -0.2007  +0.3183  -0.0721  +0.1638
    t+2   | +0.1606  +0.0951  -0.1663  +0.2998  -0.0632  +0.0924
    t+3   | +0.1066  +0.0661  -0.1168  +0.2647  -0.1009  +0.0185
    t+4   | +0.0636  +0.0302  -0.1385  +0.2394  -0.0764  +0.0219
[12:35:36] # 1114 [bench] e2e= 1029.1ms  infer= 1026.6ms  cap=  2.3ms
    t+0   | +0.0537  -0.0554  -0.0329  +0.1780  -0.0447  -0.1529
    t+1   | +0.0478  -0.0218  -0.0468  +0.1822  -0.0602  -0.1197
    t+2   | +0.0506  -0.0319  -0.0368  +0.1844  -0.0674  -0.1594
    t+3   | +0.0565  -0.1130  -0.0153  +0.1642  +0.0052  -0.1670
    t+4   | +0.0490  -0.1249  +0.0470  +0.1829  -0.0102  -0.2512
[12:35:37] # 1115 [bench] e2e= 1024.3ms  infer= 1021.8ms  cap=  2.3ms
    t+0   | +0.0199  -0.1876  -0.0816  +0.2235  -0.1442  -0.0136
    t+1   | +0.0063  -0.1739  -0.1123  +0.2307  -0.1577  +0.1128
    t+2   | +0.0344  -0.1175  -0.1332  +0.2269  -0.1765  +0.1083
    t+3   | +0.0583  -0.0645  -0.1773  +0.2694  -0.2201  +0.0352
    t+4   | +0.0870  -0.0754  -0.1687  +0.2575  -0.1903  -0.0371
[12:35:38] # 1116 [bench] e2e= 1027.3ms  infer= 1023.8ms  cap=  3.3ms
    t+0   | +0.0978  -0.0705  -0.0472  +0.2241  +0.0035  -0.1083
    t+1   | +0.0932  -0.0344  -0.0227  +0.2562  +0.0413  -0.1235
    t+2   | +0.0849  -0.0526  -0.0257  +0.2011  +0.0242  +0.1667
    t+3   | +0.0521  -0.0153  -0.0228  +0.1852  +0.0368  +0.0446
    t+4   | +0.0112  -0.0147  -0.0468  +0.1918  +0.0065  +0.0167
[12:35:39] # 1117 [bench] e2e= 1025.4ms  infer= 1022.6ms  cap=  2.6ms
    t+0   | +0.0436  -0.1269  +0.0208  +0.2098  +0.0251  +0.2200
    t+1   | -0.1965  -0.3128  +0.0056  +0.1892  +0.0279  -0.1182
    t+2   | -0.2238  -0.3152  -0.0554  +0.2009  +0.0205  -0.1097
    t+3   | -0.2184  -0.2671  -0.0690  +0.2077  -0.0159  -0.0056
    t+4   | -0.1700  -0.2005  -0.0665  +0.1954  -0.0430  +0.0456
[12:35:40] # 1118 [bench] e2e= 1024.5ms  infer= 1021.7ms  cap=  2.7ms
    t+0   | +0.0424  -0.0433  -0.0820  +0.2486  +0.2195  -0.5805
    t+1   | +0.0490  -0.0068  -0.1250  +0.2867  +0.2193  -0.4041
    t+2   | +0.0020  +0.0597  -0.1717  +0.2938  +0.3019  -0.4703
    t+3   | -0.0635  +0.0734  -0.2706  +0.2816  +0.2156  -0.4746
    t+4   | -0.0620  +0.0586  -0.3088  +0.2893  +0.1688  -0.5164
[12:35:41] # 1119 [bench] e2e= 1033.5ms  infer= 1030.7ms  cap=  2.6ms
    t+0   | -0.0186  -0.1436  -0.0446  +0.1900  -0.1043  -0.3982
    t+1   | -0.1193  -0.1209  -0.0522  +0.1524  -0.1417  -0.3314
    t+2   | -0.1113  -0.0601  -0.0979  +0.1651  -0.1186  -0.1064
    t+3   | -0.0305  +0.0096  -0.1647  +0.1978  -0.0942  -0.1804
    t+4   | +0.0016  +0.0674  -0.1803  +0.2185  -0.0676  -0.1779
[12:35:42] # 1120 [bench] e2e= 1035.3ms  infer= 1031.6ms  cap=  3.5ms
    t+0   | +0.1520  -0.0437  -0.0573  +0.2279  -0.0390  +0.1551
    t+1   | +0.0881  -0.0243  -0.0287  +0.2166  +0.0763  -0.0034
    t+2   | -0.0149  -0.0365  +0.0016  +0.1721  +0.0992  +0.0433
    t+3   | -0.1487  -0.0538  +0.0594  +0.1488  +0.0218  +0.0362
    t+4   | -0.2323  -0.0939  +0.0417  +0.1713  -0.0728  -0.0078
[12:35:43] # 1121 [bench] e2e= 1024.9ms  infer= 1022.4ms  cap=  2.3ms
    t+0   | +0.1476  +0.0650  -0.3007  +0.3185  -0.0539  +0.0489
    t+1   | +0.0623  +0.0422  -0.3122  +0.3003  -0.0940  -0.0438
    t+2   | -0.0479  +0.0416  -0.2697  +0.2961  -0.0655  -0.1310
    t+3   | -0.0245  +0.0381  -0.2414  +0.2975  -0.0472  -0.1443
    t+4   | +0.0225  +0.0348  -0.2430  +0.2799  -0.0369  -0.1069
[12:35:44] # 1122 [bench] e2e= 1032.2ms  infer= 1029.3ms  cap=  2.8ms
    t+0   | -0.1382  -0.1128  -0.2830  +0.1953  -0.0508  -0.3743
    t+1   | -0.1981  -0.1565  -0.1986  +0.1371  -0.0391  -0.3334
    t+2   | -0.2007  -0.1515  -0.1762  +0.1482  -0.1513  +0.1990
    t+3   | -0.1459  -0.1194  -0.1604  +0.1651  -0.0982  +0.0844
    t+4   | -0.1973  -0.0723  -0.1934  +0.1804  -0.2535  +0.3936
[12:35:45] # 1123 [bench] e2e= 1030.0ms  infer= 1027.5ms  cap=  2.3ms
    t+0   | -0.0800  -0.0381  -0.1581  +0.2414  +0.0263  -0.3971
    t+1   | -0.0111  -0.0088  -0.1597  +0.2519  -0.0042  -0.3169
    t+2   | +0.0347  -0.0173  -0.2438  +0.2670  -0.0532  -0.2648
    t+3   | +0.0671  -0.0498  -0.2771  +0.2838  -0.0922  -0.2553
    t+4   | +0.0478  -0.0725  -0.2849  +0.2807  -0.1152  -0.2520
[12:35:46] # 1124 [bench] e2e= 1029.7ms  infer= 1027.2ms  cap=  2.4ms
    t+0   | -0.0059  -0.1232  +0.0276  +0.1311  +0.0192  -0.4802
    t+1   | -0.0191  -0.0789  -0.0260  +0.1876  -0.0273  -0.3085
    t+2   | -0.0495  -0.0836  -0.0280  +0.1903  -0.0653  -0.2701
    t+3   | -0.0837  -0.0994  -0.0189  +0.1478  -0.0323  -0.4447
    t+4   | -0.0653  -0.0417  -0.0620  +0.1350  -0.0237  -0.2777
[12:35:47] # 1125 [bench] e2e= 1033.6ms  infer= 1031.1ms  cap=  2.4ms
    t+0   | +0.0228  -0.1727  -0.0863  +0.1938  -0.1272  -0.3592
    t+1   | +0.0554  -0.1216  -0.1012  +0.1947  -0.1175  -0.1531
    t+2   | +0.0802  -0.0880  -0.1300  +0.2066  -0.1287  -0.1243
    t+3   | +0.0896  -0.0348  -0.1709  +0.2433  -0.1522  +0.0605
    t+4   | +0.0613  -0.0057  -0.1916  +0.2449  -0.1426  -0.0518

  [live] after 1120 bench steps — e2e mean=1037.2ms  |  max replan freq=0.96 Hz  |  max control freq=4.82 Hz (n_action_steps=5)

[12:35:48] # 1126 [bench] e2e= 1032.0ms  infer= 1029.5ms  cap=  2.4ms
    t+0   | +0.2135  +0.0090  -0.1190  +0.2650  +0.0311  -0.1398
    t+1   | +0.1983  +0.0276  -0.1234  +0.2483  +0.0219  -0.1325
    t+2   | +0.1642  +0.0617  -0.1499  +0.2297  +0.0905  -0.0959
    t+3   | +0.1464  +0.0847  -0.1433  +0.2539  +0.0952  -0.0789
    t+4   | +0.1530  +0.1274  -0.1519  +0.2799  +0.1430  -0.1290
[12:35:49] # 1127 [bench] e2e= 1029.2ms  infer= 1026.7ms  cap=  2.4ms
    t+0   | -0.0600  -0.0019  -0.1085  +0.1703  -0.1355  -0.0356
    t+1   | +0.0072  +0.0508  -0.1399  +0.1952  -0.1366  +0.1048
    t+2   | -0.0312  +0.0366  -0.1205  +0.2138  -0.1333  +0.0341
    t+3   | -0.0569  +0.0387  -0.1257  +0.2250  -0.0833  +0.0368
    t+4   | +0.0011  +0.0400  -0.1370  +0.2668  -0.0968  +0.2923
[12:35:50] # 1128 [bench] e2e= 1027.1ms  infer= 1024.2ms  cap=  2.7ms
    t+0   | +0.1416  -0.1194  +0.0526  +0.1559  -0.0295  -0.0438
    t+1   | +0.0850  -0.1163  +0.0310  +0.1743  -0.0914  -0.0128
    t+2   | +0.0517  -0.1142  -0.0151  +0.2090  -0.0771  -0.0592
    t+3   | -0.0086  -0.0709  -0.0591  +0.1973  -0.1063  -0.1081
    t+4   | -0.0326  +0.0403  -0.1869  +0.2674  -0.1068  -0.0546
[12:35:51] # 1129 [bench] e2e= 1026.9ms  infer= 1023.5ms  cap=  3.2ms
    t+0   | +0.1088  +0.0081  -0.0280  +0.2235  +0.1264  -0.2028
    t+1   | +0.0086  +0.0557  -0.0443  +0.2362  +0.0834  +0.0073
    t+2   | -0.0077  +0.0642  -0.0595  +0.2205  +0.0516  +0.0161
    t+3   | +0.0563  +0.0977  -0.1028  +0.2285  +0.0386  +0.2656
    t+4   | +0.0950  +0.1395  -0.1286  +0.2550  +0.0434  +0.2704
[12:35:52] # 1130 [bench] e2e= 1027.5ms  infer= 1024.7ms  cap=  2.7ms
    t+0   | +0.1119  +0.1370  -0.3270  +0.3117  -0.0554  +0.2450
    t+1   | +0.1500  +0.1798  -0.4916  +0.3581  -0.0165  +0.2632
    t+2   | +0.1779  +0.1437  -0.3820  +0.3221  -0.0405  +0.4396
    t+3   | +0.1619  +0.1286  -0.3441  +0.3101  -0.0320  +0.2707
    t+4   | +0.1876  +0.1434  -0.3348  +0.3312  +0.0195  +0.3161
[12:35:53] # 1131 [bench] e2e= 1027.2ms  infer= 1024.8ms  cap=  2.3ms
    t+0   | +0.1774  +0.1514  -0.2856  +0.3066  +0.1261  -0.1327
    t+1   | -0.0588  +0.2301  -0.2659  +0.2608  +0.1232  +0.1695
    t+2   | +0.0063  +0.2110  -0.2280  +0.2634  +0.1438  +0.0646
    t+3   | -0.0009  +0.1428  -0.1511  +0.2309  +0.1164  -0.0542
    t+4   | +0.0224  +0.1053  -0.1330  +0.2189  +0.0178  +0.0263
[12:35:54] # 1132 [bench] e2e= 1029.5ms  infer= 1026.5ms  cap=  2.8ms
    t+0   | +0.0816  +0.1794  -0.1518  +0.2245  -0.0810  +0.0277
    t+1   | +0.0538  +0.1416  -0.1698  +0.2090  -0.1755  -0.0616
    t+2   | -0.0156  +0.1319  -0.2135  +0.2288  -0.1322  -0.0703
    t+3   | -0.0541  +0.0961  -0.2268  +0.2119  -0.0786  -0.0645
    t+4   | -0.0601  +0.0961  -0.2125  +0.2184  -0.0336  -0.0836
[12:35:55] # 1133 [bench] e2e= 1026.3ms  infer= 1023.3ms  cap=  2.8ms
    t+0   | +0.0978  -0.1961  +0.0423  +0.1879  -0.0462  -0.2503
    t+1   | +0.0773  -0.2142  +0.0674  +0.1784  -0.0373  -0.1663
    t+2   | +0.0347  -0.1825  +0.0437  +0.1572  -0.0504  -0.0936
    t+3   | +0.0043  -0.1908  +0.0342  +0.1246  -0.0791  -0.1676
    t+4   | -0.0368  -0.1940  +0.0301  +0.1318  -0.1138  -0.2438
[12:35:56] # 1134 [bench] e2e= 1027.1ms  infer= 1024.2ms  cap=  2.8ms
    t+0   | -0.0214  -0.1599  +0.0417  +0.2034  +0.2539  +0.1573
    t+1   | -0.0374  -0.0920  -0.0671  +0.2447  +0.2525  +0.0621
    t+2   | +0.0281  -0.0600  -0.1153  +0.2403  +0.1844  +0.0510
    t+3   | +0.0734  -0.0265  -0.0935  +0.2450  +0.1006  +0.0111
    t+4   | +0.0531  -0.0423  -0.0867  +0.2451  +0.0869  +0.0271
[12:35:57] # 1135 [bench] e2e= 1031.3ms  infer= 1028.8ms  cap=  2.3ms
    t+0   | +0.0564  -0.1134  -0.0749  +0.2695  +0.0883  -0.2460
    t+1   | +0.0054  -0.0555  -0.1902  +0.3205  +0.1124  -0.2061
    t+2   | -0.0009  -0.0505  -0.2332  +0.2955  +0.1032  -0.1475
    t+3   | +0.0076  -0.0332  -0.2270  +0.3009  +0.0468  -0.1002
    t+4   | -0.0349  -0.0150  -0.2558  +0.3103  +0.0512  -0.1125
[12:35:58] # 1136 [bench] e2e= 1031.1ms  infer= 1028.7ms  cap=  2.3ms
    t+0   | +0.1263  -0.1681  +0.0874  +0.1835  +0.0213  -0.3860
    t+1   | +0.1127  -0.1365  +0.0728  +0.2315  +0.0501  -0.3326
    t+2   | +0.0834  -0.1240  +0.0383  +0.2054  +0.0743  -0.4493
    t+3   | +0.0746  -0.1027  +0.0235  +0.1654  +0.0593  -0.4355
    t+4   | +0.1053  -0.0632  +0.0006  +0.1829  +0.0595  -0.4194
[12:35:59] # 1137 [bench] e2e= 1031.6ms  infer= 1028.8ms  cap=  2.6ms
    t+0   | -0.1631  -0.3536  +0.2518  -0.0927  +0.0465  -0.3165
    t+1   | -0.1208  -0.3083  +0.1647  -0.0490  +0.0790  -0.2915
    t+2   | -0.1307  -0.2826  +0.0673  +0.0034  +0.0419  -0.2423
    t+3   | -0.0951  -0.2050  +0.0054  +0.0815  -0.0000  -0.2300
    t+4   | -0.0371  -0.1395  -0.0323  +0.1511  -0.0210  -0.2481
[12:36:00] # 1138 [bench] e2e= 1036.6ms  infer= 1033.7ms  cap=  2.7ms
    t+0   | +0.2664  +0.0325  -0.1871  +0.3154  -0.0374  +0.0610
    t+1   | +0.2269  +0.0088  -0.1445  +0.2906  -0.0673  +0.0276
    t+2   | +0.1972  +0.0319  -0.1604  +0.2757  -0.1238  +0.0144
    t+3   | +0.2053  -0.0002  -0.1512  +0.2590  -0.1325  -0.0874
    t+4   | +0.1965  -0.0369  -0.0969  +0.2282  -0.0702  -0.2831
[12:36:01] # 1139 [bench] e2e= 1030.2ms  infer= 1027.4ms  cap=  2.7ms
    t+0   | +0.1997  +0.0488  -0.2326  +0.2970  +0.0305  +0.1147
    t+1   | +0.2996  +0.1138  -0.2899  +0.3262  +0.1182  +0.0752
    t+2   | +0.3154  +0.1442  -0.2595  +0.3241  +0.1290  +0.0527
    t+3   | +0.2719  +0.1394  -0.2553  +0.2833  +0.1230  +0.0828
    t+4   | +0.2616  +0.1631  -0.2199  +0.2842  +0.0969  +0.0829
[12:36:02] # 1140 [bench] e2e= 1026.9ms  infer= 1024.6ms  cap=  2.1ms
    t+0   | +0.1080  -0.0531  -0.0408  +0.1776  +0.0575  -0.1627
    t+1   | +0.0755  -0.0215  -0.0704  +0.1437  +0.0371  -0.3798
    t+2   | +0.0549  -0.0380  -0.0059  +0.1230  +0.0122  -0.5624
    t+3   | -0.0040  -0.1134  +0.0585  +0.0919  +0.0370  -0.5843
    t+4   | -0.0182  -0.1223  +0.0496  +0.0788  +0.0377  -0.5516
[12:36:03] # 1141 [bench] e2e= 1027.7ms  infer= 1024.9ms  cap=  2.6ms
    t+0   | +0.0184  +0.0384  -0.0922  +0.1711  +0.0518  -0.6632
    t+1   | +0.0107  +0.0663  -0.1374  +0.2028  +0.0900  -0.5057
    t+2   | +0.0239  +0.0691  -0.1969  +0.2355  +0.1762  -0.3568
    t+3   | +0.0753  +0.0669  -0.2314  +0.2642  +0.2352  -0.2645
    t+4   | +0.1333  +0.0687  -0.2114  +0.3367  +0.2718  +0.2325
[12:36:04] # 1142 [bench] e2e= 1028.8ms  infer= 1026.1ms  cap=  2.6ms
    t+0   | -0.0437  +0.0524  -0.0561  +0.2819  -0.0325  +0.4335
    t+1   | -0.0166  +0.0695  -0.0736  +0.2737  -0.0287  +0.2719
    t+2   | -0.0176  +0.0740  -0.0925  +0.2857  -0.0584  +0.2792
    t+3   | -0.0408  +0.0837  -0.1374  +0.2750  -0.0873  +0.2995
    t+4   | -0.0164  +0.1043  -0.1239  +0.2725  -0.1012  +0.2632
[12:36:05] # 1143 [bench] e2e= 1026.2ms  infer= 1024.0ms  cap=  2.1ms
    t+0   | +0.1911  +0.0085  -0.1045  +0.2480  +0.0791  -0.1926
    t+1   | +0.0908  +0.0037  -0.1112  +0.2462  +0.0190  -0.1709
    t+2   | +0.0272  +0.0005  -0.1390  +0.2061  +0.1779  -0.1987
    t+3   | +0.0517  +0.0052  -0.2095  +0.2425  +0.1614  -0.1873
    t+4   | +0.0889  +0.0257  -0.2471  +0.2872  +0.1277  -0.1259
[12:36:06] # 1144 [bench] e2e= 1057.5ms  infer= 1055.1ms  cap=  2.3ms
    t+0   | +0.0786  +0.0372  -0.1736  +0.2614  -0.1779  +0.0484
    t+1   | +0.0451  -0.0749  -0.0581  +0.2016  -0.1515  -0.0373
    t+2   | -0.0184  -0.1142  -0.0146  +0.2039  -0.0660  -0.0726
    t+3   | -0.0456  -0.1433  +0.0033  +0.1676  -0.0222  -0.1044
    t+4   | -0.0409  -0.1268  -0.0190  +0.1308  -0.0132  -0.1086
[12:36:07] # 1145 [bench] e2e= 1029.5ms  infer= 1026.8ms  cap=  2.6ms
    t+0   | +0.1767  +0.0178  -0.0955  +0.2332  +0.0525  -0.0421
    t+1   | +0.1616  +0.0259  -0.1253  +0.2120  +0.1344  -0.4889
    t+2   | +0.1569  -0.0138  -0.1459  +0.2065  +0.1163  -0.5061
    t+3   | +0.1419  -0.0936  -0.1064  +0.1606  +0.0816  -0.5491
    t+4   | +0.1176  -0.0838  -0.0517  +0.1864  +0.0844  -0.5205

  [live] after 1140 bench steps — e2e mean=1037.1ms  |  max replan freq=0.96 Hz  |  max control freq=4.82 Hz (n_action_steps=5)

[12:36:09] # 1146 [bench] e2e= 1033.3ms  infer= 1030.7ms  cap=  2.4ms
    t+0   | +0.1065  +0.0480  -0.1772  +0.3110  +0.0771  -0.1117
    t+1   | +0.0259  -0.0390  -0.1188  +0.2381  +0.0556  -0.3121
    t+2   | -0.1145  -0.0778  -0.0551  +0.2170  +0.1048  -0.4328
    t+3   | -0.1451  -0.0628  -0.0780  +0.2388  +0.1704  -0.3820
    t+4   | -0.2116  -0.0984  -0.0844  +0.2255  +0.2415  -0.1873
[12:36:10] # 1147 [bench] e2e= 1070.6ms  infer= 1068.1ms  cap=  2.3ms
    t+0   | +0.1397  +0.1216  -0.2354  +0.3254  -0.1759  -0.0736
    t+1   | +0.1314  +0.0892  -0.1682  +0.2906  -0.1121  -0.0422
    t+2   | +0.0561  +0.0544  -0.1240  +0.2521  -0.1469  +0.1644
    t+3   | -0.0072  +0.0360  -0.1551  +0.2275  -0.1019  +0.1548
    t+4   | +0.0442  +0.0355  -0.1884  +0.2381  -0.0876  +0.1556
[12:36:11] # 1148 [bench] e2e= 1035.6ms  infer= 1033.4ms  cap=  2.1ms
    t+0   | +0.1243  -0.0268  -0.1025  +0.2419  -0.0444  -0.5995
    t+1   | +0.0513  -0.0368  -0.1295  +0.2525  -0.0861  -0.5577
    t+2   | +0.0228  -0.0363  -0.3691  +0.3597  -0.1267  -0.4093
    t+3   | -0.0137  -0.0167  -0.3792  +0.3561  -0.1919  -0.3103
    t+4   | +0.0065  +0.0118  -0.3306  +0.3373  -0.1956  -0.3333
[12:36:12] # 1149 [bench] e2e= 1070.9ms  infer= 1069.1ms  cap=  1.7ms
    t+0   | +0.0055  -0.0227  -0.1538  +0.2721  -0.2418  -0.0579
    t+1   | -0.0379  +0.0325  -0.4136  +0.3476  -0.3540  -0.1461
    t+2   | -0.0955  +0.0760  -0.5999  +0.3945  -0.1856  -0.2642
    t+3   | -0.1259  +0.1354  -0.8787  +0.4464  -0.1538  -0.3472
    t+4   | -0.0334  +0.1581  -0.8650  +0.4297  -0.1562  -0.1890
[12:36:13] # 1150 [bench] e2e= 1070.7ms  infer= 1067.8ms  cap=  2.7ms
    t+0   | +0.1148  -0.0656  -0.0212  +0.1951  +0.1888  -0.0098
    t+1   | +0.1144  -0.0581  -0.0569  +0.1935  +0.1162  +0.0623
    t+2   | +0.0685  -0.0531  -0.0630  +0.1547  +0.0171  +0.1936
    t+3   | +0.0618  -0.0119  -0.1229  +0.1584  -0.0658  +0.4081
    t+4   | +0.0901  +0.0178  -0.1359  +0.1786  -0.1024  +0.6372
[12:36:14] # 1151 [bench] e2e= 1028.3ms  infer= 1024.8ms  cap=  3.2ms
    t+0   | -0.0148  +0.0041  -0.1435  +0.2930  -0.1641  +0.2284
    t+1   | -0.0334  -0.0304  -0.1513  +0.2793  -0.1626  +0.0486
    t+2   | -0.0028  -0.0246  -0.1689  +0.2983  -0.1136  -0.0126
    t+3   | -0.0113  +0.0410  -0.2359  +0.2896  -0.0633  -0.1248
    t+4   | +0.0260  +0.0691  -0.3528  +0.3190  -0.0576  -0.2586
[12:36:15] # 1152 [bench] e2e= 1032.3ms  infer= 1028.1ms  cap=  4.0ms
    t+0   | +0.1056  +0.0341  -0.1662  +0.2645  -0.1302  +0.1688
    t+1   | +0.1190  +0.0188  -0.1572  +0.2463  -0.1120  +0.1115
    t+2   | +0.1520  +0.0004  -0.1252  +0.2342  -0.0924  +0.0252
    t+3   | +0.1225  -0.0060  -0.1679  +0.2548  -0.0890  -0.0496
    t+4   | +0.1258  +0.0394  -0.2258  +0.2839  -0.1261  +0.1932
[12:36:16] # 1153 [bench] e2e= 1078.0ms  infer= 1075.2ms  cap=  2.6ms
    t+0   | +0.2009  +0.1484  -0.1615  +0.3038  +0.0279  +0.0205
    t+1   | +0.1874  +0.2352  -0.2384  +0.3346  +0.0555  -0.0823
    t+2   | +0.1917  +0.3072  -0.2765  +0.3156  +0.0816  -0.0955
    t+3   | +0.1965  +0.2475  -0.2509  +0.2655  +0.0804  -0.0861
    t+4   | +0.1972  +0.2281  -0.2595  +0.2540  +0.1341  -0.0918
[12:36:17] # 1154 [bench] e2e= 1034.0ms  infer= 1031.3ms  cap=  2.5ms
    t+0   | +0.2693  +0.0416  -0.2229  +0.3668  -0.0551  +0.0854
    t+1   | +0.4128  +0.0453  -0.2609  +0.4208  -0.0972  +0.0129
    t+2   | +0.4030  +0.0775  -0.2499  +0.3932  -0.0820  -0.0987
    t+3   | +0.3468  +0.1934  -0.3745  +0.4184  -0.0716  -0.1005
    t+4   | +0.2628  +0.2254  -0.4399  +0.4256  -0.0829  -0.0523
[12:36:18] # 1155 [bench] e2e= 1024.3ms  infer= 1020.6ms  cap=  3.4ms
    t+0   | +0.1171  -0.0442  -0.0225  +0.2552  -0.0101  +0.0846
    t+1   | +0.1224  +0.0785  -0.1167  +0.2694  -0.0387  +0.0381
    t+2   | +0.0998  +0.1766  -0.2044  +0.2365  -0.0866  -0.0372
    t+3   | +0.0786  +0.2138  -0.2530  +0.2091  -0.1456  +0.0099
    t+4   | +0.0520  +0.2270  -0.2750  +0.2549  -0.1634  +0.0730
[12:36:19] # 1156 [bench] e2e= 1048.6ms  infer= 1045.1ms  cap=  3.4ms
    t+0   | +0.2704  +0.0560  -0.2365  +0.3634  +0.0035  -0.1725
    t+1   | +0.1562  -0.0350  -0.2441  +0.3619  -0.0354  -0.3769
    t+2   | +0.1180  -0.0496  -0.2938  +0.4074  -0.0268  -0.5288
    t+3   | +0.1196  -0.0103  -0.3078  +0.4101  -0.0190  -0.5571
    t+4   | +0.1486  +0.0360  -0.2769  +0.3777  -0.0224  -0.4268
[12:36:20] # 1157 [bench] e2e= 1032.0ms  infer= 1029.0ms  cap=  2.8ms
    t+0   | +0.1534  +0.0907  -0.1851  +0.2814  -0.1494  +0.3593
    t+1   | +0.0812  -0.0103  -0.1352  +0.2260  -0.1213  -0.0108
    t+2   | +0.0113  -0.0460  -0.1224  +0.1892  -0.0935  -0.3427
    t+3   | +0.0667  -0.0070  -0.1735  +0.2231  -0.0903  -0.1248
    t+4   | +0.1035  +0.0184  -0.1525  +0.2426  -0.0867  -0.0943
[12:36:21] # 1158 [bench] e2e= 1029.5ms  infer= 1025.3ms  cap=  4.0ms
    t+0   | +0.1650  +0.0883  -0.1479  +0.2742  -0.0739  +0.1777
    t+1   | +0.1331  +0.0704  -0.1237  +0.2526  -0.0653  +0.0129
    t+2   | +0.1109  +0.0376  -0.1352  +0.2229  -0.0706  -0.0473
    t+3   | +0.1079  +0.0126  -0.1277  +0.2014  -0.0576  -0.0483
    t+4   | +0.0954  -0.0067  -0.0907  +0.1874  -0.0877  -0.0148
[12:36:22] # 1159 [bench] e2e= 1065.1ms  infer= 1060.8ms  cap=  4.1ms
    t+0   | +0.1929  -0.0162  -0.1254  +0.2531  -0.0485  -0.0165
    t+1   | +0.1685  -0.0300  -0.1378  +0.2351  -0.0550  +0.0462
    t+2   | +0.1505  -0.0118  -0.1447  +0.2406  -0.0668  +0.0452
    t+3   | +0.1351  -0.0152  -0.1781  +0.2585  -0.0539  +0.1188
    t+4   | +0.1409  +0.0217  -0.2024  +0.3042  -0.0999  +0.2084
[12:36:23] # 1160 [bench] e2e= 1058.5ms  infer= 1055.9ms  cap=  2.5ms
    t+0   | +0.0179  -0.3120  +0.0999  +0.1534  -0.0121  -0.3790
    t+1   | -0.0071  -0.3261  +0.1321  +0.1655  +0.0649  -0.2917
    t+2   | +0.0675  -0.2588  +0.0987  +0.2216  +0.0525  -0.0841
    t+3   | +0.0546  -0.2115  +0.0978  +0.2049  +0.0513  -0.1112
    t+4   | +0.0332  -0.1092  +0.0405  +0.2271  +0.0177  +0.1173
[12:36:24] # 1161 [bench] e2e= 1056.9ms  infer= 1054.0ms  cap=  2.7ms
    t+0   | +0.2773  +0.0129  -0.1731  +0.3171  +0.0672  -0.2373
    t+1   | +0.2687  +0.0321  -0.2438  +0.3559  +0.1438  -0.2518
    t+2   | +0.1734  +0.0095  -0.2066  +0.3288  +0.0647  -0.3034
    t+3   | +0.1851  +0.0156  -0.1993  +0.3325  +0.0309  -0.2189
    t+4   | +0.1444  -0.0210  -0.1430  +0.3183  +0.0469  -0.0060
[12:36:25] # 1162 [bench] e2e= 1077.7ms  infer= 1074.4ms  cap=  3.1ms
    t+0   | -0.0000  -0.1341  -0.0633  +0.1709  -0.0856  -0.2194
    t+1   | +0.1036  -0.0578  -0.1315  +0.2200  -0.0768  -0.1327
    t+2   | +0.1342  -0.0371  -0.1272  +0.2158  -0.0415  -0.1071
    t+3   | +0.1146  -0.0193  -0.1068  +0.1919  -0.0337  -0.2371
    t+4   | +0.0805  +0.0437  -0.1610  +0.2513  -0.0604  -0.2550
[12:36:26] # 1163 [bench] e2e= 1044.8ms  infer= 1042.3ms  cap=  2.4ms
    t+0   | +0.2409  +0.1658  -0.4083  +0.4172  -0.0190  +0.2520
    t+1   | +0.2207  +0.1617  -0.3040  +0.3381  +0.0024  -0.0609
    t+2   | +0.1795  +0.1288  -0.2554  +0.3219  -0.0348  -0.0782
    t+3   | +0.1031  +0.0467  -0.1978  +0.2737  +0.0109  -0.3071
    t+4   | +0.0951  +0.0061  -0.1494  +0.2483  +0.0110  -0.4255
[12:36:27] # 1164 [bench] e2e= 1025.1ms  infer= 1022.5ms  cap=  2.4ms
    t+0   | -0.0050  -0.1466  -0.0082  +0.1749  +0.0498  -0.3008
    t+1   | -0.0115  -0.1337  -0.0200  +0.2030  +0.0547  -0.3005
    t+2   | +0.0030  -0.0869  -0.0621  +0.2331  +0.0037  +0.7389
    t+3   | +0.0098  -0.1158  -0.0474  +0.1993  -0.0114  +0.5703
    t+4   | -0.0200  -0.1198  -0.0727  +0.1780  -0.0229  +0.5439
[12:36:28] # 1165 [bench] e2e= 1030.7ms  infer= 1027.4ms  cap=  3.2ms
    t+0   | +0.1361  -0.0036  -0.1842  +0.2969  -0.1875  -0.2016
    t+1   | +0.1821  +0.0146  -0.1739  +0.2929  -0.1967  -0.1594
    t+2   | +0.1996  -0.0012  -0.1508  +0.2710  -0.1720  -0.1332
    t+3   | +0.1830  -0.0008  -0.1897  +0.3154  -0.1603  -0.0767
    t+4   | +0.1554  +0.0571  -0.2931  +0.3460  -0.1835  -0.1150

  [live] after 1160 bench steps — e2e mean=1037.3ms  |  max replan freq=0.96 Hz  |  max control freq=4.82 Hz (n_action_steps=5)

[12:36:29] # 1166 [bench] e2e= 1034.6ms  infer= 1031.3ms  cap=  3.2ms
    t+0   | +0.1300  -0.0205  -0.0893  +0.2148  -0.1120  -0.0923
    t+1   | +0.0346  +0.0229  -0.1715  +0.1927  -0.0739  -0.2908
    t+2   | +0.0944  +0.1261  -0.3157  +0.2546  -0.1082  -0.2642
    t+3   | +0.1632  +0.1473  -0.3055  +0.2795  -0.0882  -0.2124
    t+4   | +0.1811  +0.1536  -0.2930  +0.2689  -0.1004  -0.2192
[12:36:31] # 1167 [bench] e2e= 1035.0ms  infer= 1031.9ms  cap=  3.0ms
    t+0   | +0.0625  -0.1095  -0.0937  +0.2157  -0.0023  -0.6968
    t+1   | -0.0267  -0.1699  -0.1017  +0.2213  +0.0208  -0.6141
    t+2   | -0.0253  -0.1952  -0.1184  +0.2390  +0.0625  -0.5227
    t+3   | +0.0620  -0.1909  -0.0661  +0.2663  +0.0468  -0.1920
    t+4   | +0.0592  -0.2100  -0.0132  +0.2425  +0.0613  -0.1583
[12:36:32] # 1168 [bench] e2e= 1028.3ms  infer= 1023.9ms  cap=  4.3ms
    t+0   | +0.1479  +0.1214  -0.2301  +0.3165  -0.1394  -0.0077
    t+1   | +0.1440  +0.1978  -0.2806  +0.3233  -0.1653  +0.0417
    t+2   | +0.1287  +0.1765  -0.2597  +0.2968  -0.1008  -0.4552
    t+3   | +0.1299  +0.1054  -0.2505  +0.2703  -0.0467  -0.5794
    t+4   | +0.1537  +0.0298  -0.1957  +0.2364  -0.0244  -0.7061
[12:36:33] # 1169 [bench] e2e= 1026.6ms  infer= 1024.2ms  cap=  2.3ms
    t+0   | +0.1180  +0.0480  -0.2175  +0.3385  +0.1413  -0.0357
    t+1   | +0.1296  +0.0712  -0.2154  +0.3250  +0.0701  +0.0055
    t+2   | +0.1316  +0.1025  -0.1825  +0.3088  +0.0293  +0.1131
    t+3   | +0.1138  +0.0983  -0.1491  +0.3146  +0.0277  +0.0429
    t+4   | +0.1027  +0.0793  -0.1580  +0.2983  +0.0160  -0.0483
[12:36:34] # 1170 [bench] e2e= 1030.3ms  infer= 1026.1ms  cap=  3.7ms
    t+0   | +0.1141  +0.1461  -0.0839  +0.2404  -0.2401  +0.9542
    t+1   | +0.1187  +0.1467  -0.0653  +0.2184  -0.2278  +0.7760
    t+2   | +0.1366  +0.1255  -0.0558  +0.1994  -0.1400  +0.4825
    t+3   | +0.1398  +0.0927  -0.0618  +0.2004  -0.0823  +0.1008
    t+4   | +0.0995  +0.0930  -0.0791  +0.2321  -0.1211  +0.3085
[12:36:35] # 1171 [bench] e2e= 1022.6ms  infer= 1020.0ms  cap=  2.4ms
    t+0   | +0.1877  +0.1043  -0.1762  +0.3158  -0.1040  +0.2072
    t+1   | +0.1304  +0.1009  -0.1577  +0.3074  -0.1172  +0.0677
    t+2   | +0.0759  +0.0886  -0.1911  +0.2619  -0.1092  -0.0331
    t+3   | +0.0364  +0.0564  -0.1578  +0.2563  -0.0629  -0.0666
    t+4   | +0.0631  +0.0736  -0.1787  +0.2792  -0.0056  -0.0716
[12:36:36] # 1172 [bench] e2e= 1033.7ms  infer= 1030.9ms  cap=  2.6ms
    t+0   | +0.0047  -0.0832  -0.0053  +0.1978  +0.1727  +0.4299
    t+1   | -0.1116  -0.1112  +0.0087  +0.1297  +0.2795  +0.0436
    t+2   | -0.0819  -0.0767  -0.0542  +0.1234  +0.1840  -0.0668
    t+3   | -0.0581  -0.0816  -0.0895  +0.1009  +0.1523  -0.1644
    t+4   | -0.0328  -0.0687  -0.0698  +0.1362  +0.1185  -0.1312
[12:36:37] # 1173 [bench] e2e= 1032.8ms  infer= 1030.4ms  cap=  2.2ms
    t+0   | +0.1664  +0.0160  -0.0653  +0.2376  +0.0786  +0.0429
    t+1   | +0.0867  +0.0354  -0.0882  +0.2514  +0.1435  -0.1069
    t+2   | +0.0697  -0.0020  -0.0942  +0.2602  +0.1826  -0.0735
    t+3   | +0.0772  -0.0312  -0.0505  +0.2435  +0.1887  -0.1198
    t+4   | +0.1115  -0.0401  -0.0620  +0.2644  +0.1794  -0.1310
[12:36:38] # 1174 [bench] e2e= 1035.7ms  infer= 1033.5ms  cap=  2.1ms
    t+0   | +0.0978  -0.0979  +0.0676  +0.1045  -0.0664  -0.7289
    t+1   | +0.1296  -0.0526  +0.0185  +0.1175  -0.0535  -0.6743
    t+2   | +0.1572  -0.0072  -0.0382  +0.1263  +0.0070  -0.4150
    t+3   | +0.1576  +0.0334  -0.0606  +0.1341  -0.0038  -0.4543
    t+4   | +0.1737  +0.0939  -0.1441  +0.1785  -0.0433  -0.5976
[12:36:39] # 1175 [bench] e2e= 1037.2ms  infer= 1034.2ms  cap=  2.8ms
    t+0   | +0.1896  +0.0797  -0.1535  +0.3162  +0.0635  +0.1247
    t+1   | +0.2300  +0.0651  -0.1653  +0.3094  +0.0420  +0.1296
    t+2   | +0.1905  +0.0460  -0.1017  +0.3050  +0.1413  -0.1403
    t+3   | +0.1320  +0.0298  -0.0732  +0.2736  +0.1725  -0.2128
    t+4   | +0.1091  +0.0567  -0.0505  +0.3069  +0.1240  -0.2129
[12:36:40] # 1176 [bench] e2e= 1035.3ms  infer= 1031.5ms  cap=  3.6ms
    t+0   | +0.1591  -0.0250  -0.0630  +0.2077  -0.1086  -0.1816
    t+1   | +0.1602  +0.0265  -0.1024  +0.2255  -0.1313  -0.0738
    t+2   | +0.1490  +0.0857  -0.1980  +0.2565  -0.1484  +0.0415
    t+3   | +0.1370  +0.0886  -0.2219  +0.2388  -0.1592  -0.0019
    t+4   | +0.1333  +0.1173  -0.2708  +0.2700  -0.2497  -0.0067
[12:36:41] # 1177 [bench] e2e= 1026.2ms  infer= 1023.2ms  cap=  2.8ms
    t+0   | +0.0160  +0.1184  -0.4930  +0.4801  -0.1559  -0.0356
    t+1   | +0.0385  +0.1234  -0.3870  +0.4261  -0.1323  +0.0604
    t+2   | +0.0534  +0.1528  -0.3575  +0.3906  -0.0891  +0.0061
    t+3   | +0.1229  +0.1778  -0.3638  +0.3606  -0.1023  -0.0415
    t+4   | +0.1833  +0.1816  -0.3660  +0.3527  -0.0832  -0.0224
[12:36:42] # 1178 [bench] e2e= 1032.6ms  infer= 1029.7ms  cap=  2.7ms
    t+0   | -0.1051  -0.1689  +0.0368  +0.1376  -0.0733  -0.5256
    t+1   | -0.0132  -0.1561  +0.0410  +0.1196  -0.0769  -0.4507
    t+2   | +0.0777  -0.0730  +0.0066  +0.1606  -0.0918  -0.3325
    t+3   | +0.1273  -0.0090  -0.0502  +0.1925  -0.0878  -0.3885
    t+4   | +0.1210  +0.0148  -0.1028  +0.2253  -0.0867  -0.4737
[12:36:43] # 1179 [bench] e2e= 1030.1ms  infer= 1027.8ms  cap=  2.2ms
    t+0   | -0.0659  -0.0823  -0.0656  +0.2637  +0.1276  -0.1028
    t+1   | -0.0681  +0.0598  -0.1918  +0.3328  +0.2505  -0.0425
    t+2   | +0.0321  +0.0706  -0.1790  +0.2995  +0.2469  -0.1053
    t+3   | +0.0254  +0.0811  -0.1660  +0.3069  +0.2157  -0.2750
    t+4   | +0.0921  +0.1056  -0.2549  +0.3364  +0.2075  -0.3185
[12:36:44] # 1180 [bench] e2e= 1031.8ms  infer= 1028.3ms  cap=  3.3ms
    t+0   | +0.2808  +0.0557  -0.2995  +0.3715  +0.0515  -0.2372
    t+1   | +0.1900  +0.0485  -0.3413  +0.3590  +0.1779  -0.0969
    t+2   | +0.1543  +0.1053  -0.4427  +0.4011  +0.2023  +0.0339
    t+3   | +0.2018  +0.1987  -0.4411  +0.4214  +0.2656  +0.1032
    t+4   | +0.2019  +0.2435  -0.4157  +0.4006  +0.2674  +0.0141
[12:36:45] # 1181 [bench] e2e= 1029.8ms  infer= 1027.3ms  cap=  2.3ms
    t+0   | +0.2191  +0.0821  -0.1922  +0.3143  -0.0020  +0.0287
    t+1   | +0.2013  +0.1209  -0.2133  +0.3213  -0.0358  +0.0644
    t+2   | +0.1195  +0.1247  -0.2441  +0.2542  -0.0258  -0.0127
    t+3   | +0.0374  +0.0836  -0.2342  +0.2024  -0.0568  -0.0906
    t+4   | +0.0321  +0.0960  -0.2232  +0.2312  -0.0823  -0.0485
[12:36:46] # 1182 [bench] e2e= 1030.2ms  infer= 1027.6ms  cap=  2.5ms
    t+0   | +0.1368  +0.1459  -0.2199  +0.3168  -0.3712  +0.2422
    t+1   | +0.1351  +0.0999  -0.1819  +0.3018  -0.2361  +0.2132
    t+2   | +0.1250  +0.0775  -0.1812  +0.3019  -0.1002  +0.2673
    t+3   | +0.1259  +0.0563  -0.2170  +0.2956  -0.0865  +0.0867
    t+4   | +0.1096  +0.0148  -0.1557  +0.2415  -0.0479  -0.4210
[12:36:47] # 1183 [bench] e2e= 1029.4ms  infer= 1025.5ms  cap=  3.7ms
    t+0   | +0.0821  -0.1770  +0.1205  +0.0969  +0.0358  -0.7087
    t+1   | -0.0262  -0.3503  +0.2267  -0.0324  -0.0207  -0.7223
    t+2   | +0.0156  -0.2913  +0.1392  +0.0367  +0.0276  -0.6800
    t+3   | -0.0274  -0.3876  +0.1511  -0.0283  +0.1507  -0.6141
    t+4   | -0.0431  -0.4013  +0.1862  -0.0721  +0.1626  -0.6537
[12:36:48] # 1184 [bench] e2e= 1027.2ms  infer= 1024.0ms  cap=  3.0ms
    t+0   | -0.0708  +0.1207  -0.2807  +0.2929  -0.1579  -0.0454
    t+1   | +0.0087  +0.0774  -0.2030  +0.2671  -0.0923  -0.0774
    t+2   | -0.0857  +0.1030  -0.2405  +0.2914  -0.1407  -0.1499
    t+3   | -0.0618  +0.1417  -0.3112  +0.3569  -0.1549  -0.0250
    t+4   | -0.0316  +0.1487  -0.3114  +0.3699  -0.1155  +0.0175
[12:36:49] # 1185 [bench] e2e= 1026.8ms  infer= 1022.3ms  cap=  4.2ms
    t+0   | +0.0369  +0.0166  -0.1134  +0.2228  +0.1663  -0.3219
    t+1   | -0.0111  -0.0347  -0.0707  +0.1513  +0.0978  -0.3508
    t+2   | -0.0676  -0.0313  -0.0283  +0.0881  +0.0249  -0.2128
    t+3   | -0.0771  -0.0281  -0.0403  +0.0832  +0.0721  -0.1635
    t+4   | -0.0432  -0.0053  -0.0262  +0.1117  +0.0654  -0.0862

  [live] after 1180 bench steps — e2e mean=1037.1ms  |  max replan freq=0.96 Hz  |  max control freq=4.82 Hz (n_action_steps=5)

[12:36:50] # 1186 [bench] e2e= 1029.4ms  infer= 1026.3ms  cap=  2.9ms
    t+0   | +0.2218  +0.0157  -0.1540  +0.2911  -0.0449  -0.0710
    t+1   | +0.2337  +0.0365  -0.1351  +0.2802  -0.0453  -0.0480
    t+2   | +0.2294  +0.0270  -0.1071  +0.2285  -0.0445  -0.1358
    t+3   | +0.1848  -0.0216  -0.0621  +0.2115  -0.0477  -0.2441
    t+4   | +0.1213  -0.0904  -0.0330  +0.1689  -0.0630  -0.5545
[12:36:51] # 1187 [bench] e2e= 1032.0ms  infer= 1029.2ms  cap=  2.6ms
    t+0   | +0.3110  +0.1793  -0.3319  +0.3636  -0.1001  -0.0129
    t+1   | +0.2552  +0.1472  -0.2624  +0.3204  -0.0889  -0.0174
    t+2   | +0.1854  +0.1335  -0.2072  +0.3259  -0.0995  +0.0949
    t+3   | +0.1454  +0.1369  -0.1877  +0.3279  -0.0841  +0.2252
    t+4   | +0.1182  +0.1416  -0.2413  +0.3482  -0.0674  +0.2068
[12:36:52] # 1188 [bench] e2e= 1033.7ms  infer= 1030.8ms  cap=  2.7ms
    t+0   | +0.0628  -0.0114  -0.0852  +0.2110  -0.0643  +0.0035
    t+1   | -0.0140  -0.1417  -0.0354  +0.1429  -0.1096  -0.0646
    t+2   | +0.0419  -0.1351  -0.0901  +0.2340  -0.1668  -0.0532
    t+3   | +0.0816  -0.0479  -0.2318  +0.3106  -0.1770  +0.0547
    t+4   | +0.1173  +0.0056  -0.2622  +0.3129  -0.1860  +0.1877
[12:36:53] # 1189 [bench] e2e= 1026.4ms  infer= 1023.6ms  cap=  2.7ms
    t+0   | +0.2618  +0.0544  -0.1571  +0.3141  +0.1630  -0.1259
    t+1   | +0.2130  +0.0470  -0.1472  +0.3055  +0.1637  -0.1641
    t+2   | +0.1928  +0.1006  -0.2017  +0.3259  +0.1690  -0.0269
    t+3   | +0.1965  +0.1091  -0.1825  +0.3080  +0.1422  -0.0574
    t+4   | +0.1443  +0.1038  -0.1356  +0.2859  +0.1405  -0.1823
[12:36:54] # 1190 [bench] e2e= 1028.8ms  infer= 1025.7ms  cap=  3.0ms
    t+0   | -0.0262  -0.0993  -0.1197  +0.2415  -0.0131  -0.6076
    t+1   | +0.0086  -0.0586  -0.1798  +0.2980  +0.0281  -0.7407
    t+2   | +0.0394  -0.0770  -0.1420  +0.2863  -0.0102  -0.7568
    t+3   | +0.0603  -0.0447  -0.1474  +0.2771  -0.0353  -0.7358
    t+4   | +0.0589  -0.0283  -0.1498  +0.2742  -0.0576  -0.7110
[12:36:55] # 1191 [bench] e2e= 1062.0ms  infer= 1058.1ms  cap=  3.8ms
    t+0   | +0.1311  -0.0668  -0.1051  +0.2896  +0.0972  -0.1093
    t+1   | +0.1074  +0.0881  -0.2402  +0.3227  +0.1554  -0.0003
    t+2   | +0.1576  +0.1609  -0.2862  +0.3172  +0.1975  +0.1351
    t+3   | +0.2353  +0.1739  -0.2948  +0.3166  +0.2326  +0.1639
    t+4   | +0.2573  +0.1370  -0.2341  +0.2891  +0.1997  +0.0670
[12:36:56] # 1192 [bench] e2e= 1061.1ms  infer= 1058.9ms  cap=  2.1ms
    t+0   | +0.1428  -0.1113  +0.0147  +0.1882  +0.0092  -0.1551
    t+1   | +0.0880  +0.0526  -0.1465  +0.2703  -0.3963  -0.1735
    t+2   | +0.1261  +0.0212  -0.0862  +0.2574  -0.2536  -0.3009
    t+3   | +0.1373  +0.0615  -0.1216  +0.2686  -0.2369  -0.3847
    t+4   | +0.1231  +0.0410  -0.0998  +0.2627  -0.1370  -0.4427
[12:36:57] # 1193 [bench] e2e= 1029.6ms  infer= 1026.7ms  cap=  2.6ms
    t+0   | +0.1582  +0.1490  -0.3036  +0.3174  -0.1259  -0.5601
    t+1   | +0.1714  +0.1050  -0.2521  +0.2877  -0.1367  -0.5418
    t+2   | +0.1879  +0.0631  -0.2276  +0.2888  -0.1116  -0.4663
    t+3   | +0.2103  -0.0017  -0.1669  +0.2577  -0.0476  -0.0814
    t+4   | +0.2282  +0.0019  -0.1505  +0.2518  -0.0075  -0.0642
[12:36:58] # 1194 [bench] e2e= 1029.7ms  infer= 1026.7ms  cap=  2.7ms
    t+0   | +0.1243  -0.1186  -0.0080  +0.2089  +0.0117  -0.3117
    t+1   | +0.1372  -0.1025  -0.0222  +0.2335  +0.0238  -0.2709
    t+2   | +0.1775  -0.0749  -0.0528  +0.2437  +0.0092  -0.2314
    t+3   | +0.1746  -0.0807  -0.0667  +0.2256  -0.0167  -0.2291
    t+4   | +0.1552  -0.0834  -0.0921  +0.2150  -0.0255  -0.2465
[12:36:59] # 1195 [bench] e2e= 1026.7ms  infer= 1023.0ms  cap=  3.4ms
    t+0   | +0.2619  +0.1611  -0.1861  +0.3044  +0.0456  +0.1345
    t+1   | +0.2166  +0.1880  -0.2086  +0.2962  +0.0667  +0.0634
    t+2   | +0.1806  +0.1765  -0.2060  +0.2848  +0.0734  -0.0029
    t+3   | +0.0503  +0.1148  -0.1993  +0.2093  +0.0949  -0.1746
    t+4   | -0.0072  +0.1102  -0.1662  +0.1457  +0.1248  -0.2180
[12:37:00] # 1196 [bench] e2e= 1027.8ms  infer= 1025.7ms  cap=  2.0ms
    t+0   | +0.2439  +0.1552  -0.2175  +0.2863  -0.0624  +0.1200
    t+1   | +0.1861  +0.1622  -0.2129  +0.2748  -0.0991  +0.0949
    t+2   | +0.1322  +0.1734  -0.1896  +0.2720  -0.0509  +0.0690
    t+3   | +0.0435  +0.0711  -0.1303  +0.2127  -0.0705  +0.0660
    t+4   | +0.0426  +0.0296  -0.0602  +0.2174  -0.0442  +0.1810
[12:37:01] # 1197 [bench] e2e= 1024.3ms  infer= 1022.0ms  cap=  2.2ms
    t+0   | +0.1988  +0.0377  -0.0973  +0.2634  -0.0986  -0.0502
    t+1   | +0.2066  +0.0563  -0.0900  +0.2804  -0.1054  -0.0602
    t+2   | +0.1608  +0.0540  -0.0265  +0.2544  -0.1240  -0.1916
    t+3   | +0.0715  +0.0247  -0.0541  +0.2446  -0.1853  -0.2618
    t+4   | +0.0316  +0.0051  -0.0234  +0.2394  -0.1762  -0.3367
[12:37:03] # 1198 [bench] e2e= 1025.5ms  infer= 1023.3ms  cap=  2.1ms
    t+0   | +0.1348  -0.0494  -0.1459  +0.2741  -0.0198  +0.0648
    t+1   | +0.1451  -0.0296  -0.1467  +0.2667  -0.0129  -0.0044
    t+2   | +0.1341  +0.0317  -0.2047  +0.2589  -0.0978  -0.0248
    t+3   | +0.1596  +0.0580  -0.2345  +0.2630  -0.1362  +0.0079
    t+4   | +0.1427  +0.0675  -0.2361  +0.3270  -0.1008  +0.0427
[12:37:04] # 1199 [bench] e2e= 1041.0ms  infer= 1038.7ms  cap=  2.1ms
    t+0   | -0.0677  -0.1433  +0.0044  +0.1944  -0.3889  -0.0931
    t+1   | -0.0730  -0.0984  -0.0912  +0.2448  -0.2951  -0.1837
    t+2   | +0.0032  +0.0076  -0.1626  +0.2534  -0.1374  -0.2642
    t+3   | +0.0108  +0.0446  -0.1572  +0.2327  -0.1204  -0.3117
    t+4   | +0.0531  +0.0554  -0.1828  +0.2351  -0.0532  -0.2712
[12:37:05] # 1200 [bench] e2e= 1055.9ms  infer= 1053.0ms  cap=  2.7ms
    t+0   | -0.0579  -0.2123  +0.0547  +0.1726  -0.0622  -0.0548
    t+1   | -0.0408  -0.2049  +0.0884  +0.1734  +0.0010  -0.0419
    t+2   | +0.0428  -0.1217  +0.0195  +0.2204  +0.0433  -0.0904
    t+3   | +0.0448  -0.0645  -0.0578  +0.2422  +0.0706  -0.1199
    t+4   | +0.0546  -0.0392  -0.0745  +0.2528  +0.0908  -0.3166
[12:37:06] # 1201 [bench] e2e= 1044.0ms  infer= 1042.4ms  cap=  1.5ms
    t+0   | +0.2082  +0.0071  +0.0197  +0.2203  +0.0599  +0.0669
    t+1   | +0.2318  +0.0316  +0.0298  +0.2322  +0.0658  +0.3463
    t+2   | +0.1965  +0.0059  +0.0022  +0.2027  +0.0309  +0.2636
    t+3   | +0.1787  -0.0166  -0.0202  +0.2124  +0.0285  +0.1557
    t+4   | +0.1867  +0.0123  -0.0616  +0.2514  +0.0324  +0.0732
[12:37:07] # 1202 [bench] e2e= 1035.0ms  infer= 1032.4ms  cap=  2.4ms
    t+0   | +0.0848  -0.0988  +0.0859  +0.1275  +0.2585  -0.1902
    t+1   | +0.1322  -0.0522  -0.0277  +0.1968  +0.0961  -0.0570
    t+2   | +0.1752  -0.0417  -0.1069  +0.2320  +0.0421  -0.0213
    t+3   | +0.1797  -0.0451  -0.1582  +0.2605  -0.0231  +0.0157
    t+4   | +0.1429  -0.0652  -0.1987  +0.2727  -0.0402  -0.0239
[12:37:08] # 1203 [bench] e2e= 1030.4ms  infer= 1027.9ms  cap=  2.3ms
    t+0   | +0.1026  -0.0708  -0.1007  +0.2348  -0.0030  -0.1299
    t+1   | +0.0743  -0.0624  -0.1422  +0.2489  -0.0130  -0.0225
    t+2   | +0.0584  -0.0012  -0.2341  +0.3171  -0.0450  -0.0191
    t+3   | +0.0939  +0.0890  -0.2702  +0.3846  -0.0819  -0.0224
    t+4   | +0.1194  +0.0873  -0.2919  +0.3700  -0.1141  -0.0183
[12:37:09] # 1204 [bench] e2e= 1033.5ms  infer= 1030.6ms  cap=  2.8ms
    t+0   | +0.2246  +0.1012  -0.1072  +0.2573  +0.0287  -0.0517
    t+1   | +0.2100  +0.1149  -0.1488  +0.2529  +0.1009  -0.0874
    t+2   | +0.1458  +0.1151  -0.2413  +0.2594  +0.1657  -0.1329
    t+3   | +0.1675  +0.1467  -0.2933  +0.2549  +0.1451  -0.0976
    t+4   | +0.2066  +0.1978  -0.3085  +0.3055  +0.0623  -0.0707
[12:37:10] # 1205 [bench] e2e= 1023.7ms  infer= 1020.6ms  cap=  2.9ms
    t+0   | +0.1617  +0.0302  -0.0480  +0.2523  -0.0322  +0.0773
    t+1   | +0.1507  +0.0903  -0.1086  +0.2931  -0.0772  +0.0298
    t+2   | +0.1497  +0.1228  -0.1676  +0.3029  +0.0148  -0.0335
    t+3   | +0.1724  +0.0894  -0.1652  +0.2946  +0.0798  -0.1462
    t+4   | +0.1609  +0.0932  -0.1731  +0.2999  +0.1156  -0.2024

  [live] after 1200 bench steps — e2e mean=1037.1ms  |  max replan freq=0.96 Hz  |  max control freq=4.82 Hz (n_action_steps=5)

[12:37:11] # 1206 [bench] e2e= 1058.0ms  infer= 1055.6ms  cap=  2.2ms
    t+0   | +0.1856  -0.0422  -0.0324  +0.1915  +0.0176  -0.1441
    t+1   | +0.1099  -0.0469  -0.0360  +0.1632  -0.0380  -0.1559
    t+2   | +0.1326  +0.0028  -0.0738  +0.2322  +0.0437  -0.0304
    t+3   | +0.1791  +0.0137  -0.1184  +0.2425  +0.0495  -0.0717
    t+4   | +0.1789  +0.0268  -0.1443  +0.2071  +0.0834  -0.1196
[12:37:12] # 1207 [bench] e2e= 1022.6ms  infer= 1019.8ms  cap=  2.7ms
    t+0   | +0.1401  -0.0407  -0.0032  +0.2119  +0.0006  -0.0364
    t+1   | +0.0842  -0.0201  -0.0251  +0.2415  -0.0256  -0.0001
    t+2   | +0.1242  +0.0221  -0.1016  +0.2808  -0.0402  +0.0238
    t+3   | +0.1180  +0.0031  -0.1069  +0.2700  -0.0438  +0.0025
    t+4   | +0.1409  +0.0266  -0.1148  +0.2741  -0.0410  -0.0357
[12:37:13] # 1208 [bench] e2e= 1029.0ms  infer= 1026.2ms  cap=  2.7ms
    t+0   | +0.2064  +0.0974  -0.2590  +0.3097  -0.0309  -0.2897
    t+1   | +0.0504  +0.1331  -0.3469  +0.3358  -0.0764  -0.2510
    t+2   | +0.0407  +0.1400  -0.3122  +0.3229  -0.0538  -0.1548
    t+3   | +0.0130  +0.1444  -0.3092  +0.3522  -0.0444  -0.1679
    t+4   | +0.0230  +0.1407  -0.3026  +0.3564  -0.0501  -0.1933
[12:37:14] # 1209 [bench] e2e= 1026.6ms  infer= 1023.9ms  cap=  2.5ms
    t+0   | +0.1296  +0.1063  -0.3880  +0.4168  +0.0303  -0.1313
    t+1   | +0.0346  +0.1433  -0.4100  +0.3765  +0.1417  -0.2019
    t+2   | +0.0244  +0.1690  -0.4111  +0.3374  +0.1838  -0.0947
    t+3   | +0.0782  +0.1818  -0.3740  +0.3509  +0.1515  -0.0708
    t+4   | +0.0832  +0.2220  -0.4421  +0.3878  +0.1436  -0.1014
[12:37:15] # 1210 [bench] e2e= 1027.6ms  infer= 1024.7ms  cap=  2.7ms
    t+0   | -0.1075  -0.0803  -0.2080  +0.2260  -0.1319  -0.3807
    t+1   | -0.0104  -0.0665  -0.3087  +0.2670  -0.1410  -0.6513
    t+2   | +0.0545  -0.1132  -0.2472  +0.2460  -0.1090  -0.6431
    t+3   | -0.0718  -0.3466  -0.0314  +0.1709  -0.0020  -0.6457
    t+4   | -0.0760  -0.3469  -0.0047  +0.1540  +0.0074  -0.6814
[12:37:16] # 1211 [bench] e2e= 1032.6ms  infer= 1029.5ms  cap=  2.9ms
    t+0   | +0.1727  +0.0070  -0.2385  +0.3052  -0.0536  -0.2783
    t+1   | +0.1773  -0.0055  -0.2127  +0.2764  -0.0762  -0.3211
    t+2   | +0.1770  +0.0065  -0.2035  +0.2444  -0.0976  -0.4548
    t+3   | +0.2084  +0.0555  -0.2585  +0.2614  -0.0796  -0.4110
    t+4   | +0.2302  +0.0862  -0.2826  +0.2927  -0.0775  -0.3182
[12:37:17] # 1212 [bench] e2e= 1038.9ms  infer= 1035.8ms  cap=  3.0ms
    t+0   | +0.0134  +0.2141  -0.3918  +0.3015  -0.0612  +0.2790
    t+1   | +0.1050  +0.1757  -0.3718  +0.2900  -0.1075  +0.1934
    t+2   | +0.1149  +0.1487  -0.3555  +0.2698  -0.1443  +0.1208
    t+3   | +0.0744  +0.0939  -0.3050  +0.2852  -0.1269  +0.0876
    t+4   | -0.0020  +0.0016  -0.2373  +0.2620  -0.0965  +0.1199
[12:37:18] # 1213 [bench] e2e= 1023.2ms  infer= 1020.0ms  cap=  3.0ms
    t+0   | -0.1813  -0.3259  +0.1248  +0.0828  -0.0560  -0.3202
    t+1   | -0.1612  -0.2811  +0.1221  +0.0728  -0.0398  -0.4216
    t+2   | -0.1201  -0.2028  +0.0922  +0.0481  -0.0168  -0.6102
    t+3   | -0.0750  -0.1806  +0.0581  +0.0961  +0.0114  -0.6779
    t+4   | -0.0221  -0.1827  +0.0002  +0.0842  -0.0209  -0.6659
[12:37:19] # 1214 [bench] e2e= 1023.5ms  infer= 1019.5ms  cap=  3.8ms
    t+0   | +0.0800  -0.1357  +0.0714  +0.0893  -0.0695  -0.6671
    t+1   | +0.1347  -0.0512  -0.0120  +0.1251  -0.0751  -0.3403
    t+2   | +0.1782  +0.0495  -0.1201  +0.1572  -0.0908  +0.0009
    t+3   | +0.1791  +0.0845  -0.2018  +0.2099  -0.1064  +0.1196
    t+4   | +0.1838  +0.0596  -0.1986  +0.2307  -0.0822  +0.1311
[12:37:20] # 1215 [bench] e2e= 1031.3ms  infer= 1028.5ms  cap=  2.7ms
    t+0   | +0.2064  +0.0806  -0.1071  +0.2676  -0.0776  +0.1065
    t+1   | +0.2239  +0.0480  -0.0614  +0.2545  +0.0010  -0.0475
    t+2   | +0.2491  +0.0365  -0.0640  +0.2605  +0.0253  -0.1438
    t+3   | +0.1931  +0.0216  -0.1091  +0.2381  -0.0206  -0.1739
    t+4   | +0.1554  +0.0089  -0.1312  +0.2496  -0.0724  -0.1964
[12:37:21] # 1216 [bench] e2e= 1030.8ms  infer= 1027.9ms  cap=  2.8ms
    t+0   | +0.0781  -0.0310  -0.1042  +0.2186  -0.0827  -0.2551
    t+1   | +0.0651  -0.0278  -0.1552  +0.2611  -0.1085  -0.1725
    t+2   | +0.0251  -0.0339  -0.1944  +0.3009  -0.1426  +0.0139
    t+3   | +0.0109  -0.0275  -0.2185  +0.2942  -0.1064  +0.2181
    t+4   | +0.0099  -0.0184  -0.2097  +0.3026  -0.0775  -0.0099
[12:37:22] # 1217 [bench] e2e= 1027.2ms  infer= 1024.5ms  cap=  2.5ms
    t+0   | +0.1019  -0.0907  -0.0933  +0.2882  -0.0065  -0.2235
    t+1   | +0.0666  -0.1137  -0.0906  +0.2772  -0.0064  -0.3904
    t+2   | +0.0909  -0.0915  -0.1212  +0.2699  -0.0002  -0.3560
    t+3   | +0.1133  +0.0307  -0.1980  +0.2972  +0.0411  -0.3156
    t+4   | +0.1428  +0.1078  -0.2224  +0.3318  +0.1381  -0.3822
[12:37:23] # 1218 [bench] e2e= 1031.0ms  infer= 1028.4ms  cap=  2.5ms
    t+0   | +0.0393  -0.1726  +0.0424  +0.1646  +0.0577  -0.1406
    t+1   | -0.0468  -0.0554  -0.1164  +0.2934  -0.2936  -0.0610
    t+2   | -0.0092  -0.0305  -0.1230  +0.2830  -0.1782  -0.1292
    t+3   | -0.0383  -0.0489  -0.1103  +0.2473  -0.2385  -0.0717
    t+4   | -0.0286  -0.0594  -0.0715  +0.2255  -0.1668  -0.0641
[12:37:24] # 1219 [bench] e2e= 1059.2ms  infer= 1056.6ms  cap=  2.5ms
    t+0   | +0.1332  +0.0456  -0.2871  +0.3402  -0.1214  -0.1573
    t+1   | +0.1283  -0.0013  -0.1714  +0.2950  -0.0801  -0.1708
    t+2   | +0.1030  -0.0785  -0.1149  +0.2516  -0.0436  -0.1757
    t+3   | +0.0953  -0.0836  -0.1274  +0.2291  -0.0182  -0.1509
    t+4   | +0.1080  -0.0092  -0.1965  +0.2778  -0.0738  +0.0307
[12:37:25] # 1220 [bench] e2e= 1021.5ms  infer= 1018.8ms  cap=  2.5ms
    t+0   | +0.1247  -0.0441  -0.1706  +0.2785  -0.1497  -0.1336
    t+1   | +0.0567  -0.0544  -0.2052  +0.2797  -0.1547  -0.2038
    t+2   | +0.0305  -0.0084  -0.2279  +0.2635  -0.1622  -0.2354
    t+3   | +0.0273  -0.0054  -0.2334  +0.1914  -0.1740  -0.2498
    t+4   | +0.0486  +0.0486  -0.2614  +0.1814  -0.1696  -0.2082
[12:37:26] # 1221 [bench] e2e= 1028.0ms  infer= 1025.2ms  cap=  2.6ms
    t+0   | -0.0401  +0.0069  -0.2281  +0.2664  -0.1260  -0.2843
    t+1   | -0.0754  +0.0839  -0.3259  +0.2886  -0.1934  -0.2240
    t+2   | -0.0095  +0.1468  -0.3621  +0.2562  -0.3186  -0.1869
    t+3   | +0.0630  +0.1864  -0.3422  +0.2674  -0.2887  -0.2099
    t+4   | +0.1214  +0.2224  -0.3701  +0.2709  -0.3541  -0.2855
[12:37:27] # 1222 [bench] e2e= 1029.2ms  infer= 1026.6ms  cap=  2.5ms
    t+0   | +0.0939  -0.1183  -0.0344  +0.2191  +0.1134  -0.2060
    t+1   | +0.0689  -0.0960  -0.0625  +0.2176  +0.0345  -0.1385
    t+2   | +0.0136  -0.0812  -0.0896  +0.1928  +0.0313  -0.0584
    t+3   | -0.0370  -0.0871  -0.0784  +0.1680  +0.0044  -0.1616
    t+4   | -0.0061  -0.0610  -0.1114  +0.2150  +0.0038  -0.2254
[12:37:28] # 1223 [bench] e2e= 1028.6ms  infer= 1025.9ms  cap=  2.5ms
    t+0   | +0.0126  -0.0405  -0.1426  +0.2412  -0.0657  +0.1848
    t+1   | +0.0705  -0.0580  -0.1437  +0.2211  -0.0964  +0.1383
    t+2   | +0.0467  -0.0435  -0.1143  +0.2229  -0.1533  +0.1634
    t+3   | +0.0799  -0.0511  -0.0572  +0.2092  -0.1288  +0.1393
    t+4   | +0.0851  -0.0068  -0.0685  +0.2324  -0.1113  +0.1195
[12:37:29] # 1224 [bench] e2e= 1028.1ms  infer= 1025.5ms  cap=  2.4ms
    t+0   | +0.0203  -0.0741  -0.0457  +0.2164  +0.0836  -0.0561
    t+1   | +0.0615  -0.0457  -0.0378  +0.2224  +0.1201  -0.0767
    t+2   | +0.0585  +0.0021  -0.0368  +0.2098  +0.1763  -0.1887
    t+3   | +0.0398  -0.0208  -0.0637  +0.2223  +0.1853  -0.4077
    t+4   | +0.0308  -0.0338  -0.0799  +0.2082  +0.2374  -0.5405
[12:37:30] # 1225 [bench] e2e= 1030.9ms  infer= 1028.1ms  cap=  2.6ms
    t+0   | +0.1954  -0.0472  -0.0878  +0.2436  -0.0843  -0.0813
    t+1   | +0.1954  -0.0266  -0.0543  +0.2426  -0.0717  +0.1538
    t+2   | +0.1349  -0.0057  -0.0473  +0.2227  -0.0879  +0.4112
    t+3   | +0.0764  +0.0127  -0.0536  +0.2192  -0.0735  +0.4452
    t+4   | +0.0412  +0.0318  -0.0700  +0.2284  -0.1321  +1.0412

  [live] after 1220 bench steps — e2e mean=1037.0ms  |  max replan freq=0.96 Hz  |  max control freq=4.82 Hz (n_action_steps=5)

[12:37:31] # 1226 [bench] e2e= 1030.9ms  infer= 1027.6ms  cap=  3.1ms
    t+0   | +0.1159  +0.0330  -0.1051  +0.2372  +0.1198  -0.2488
    t+1   | +0.0342  +0.0721  -0.1719  +0.2208  +0.0362  -0.1119
    t+2   | +0.0443  +0.1053  -0.2362  +0.2309  -0.0404  +0.3033
    t+3   | +0.0567  +0.1166  -0.2599  +0.2237  -0.1004  +0.3210
    t+4   | +0.0648  +0.1665  -0.2838  +0.2479  -0.1086  +0.2347
[12:37:32] # 1227 [bench] e2e= 1029.5ms  infer= 1026.8ms  cap=  2.5ms
    t+0   | +0.0996  -0.0961  -0.0326  +0.2259  +0.2469  -0.6649
    t+1   | +0.1143  +0.0270  -0.1952  +0.2890  +0.1655  -0.6113
    t+2   | +0.0377  +0.0500  -0.2294  +0.2860  +0.2131  -0.5936
    t+3   | -0.0088  -0.0374  -0.1566  +0.2353  +0.1711  -0.6551
    t+4   | -0.0518  -0.1392  -0.0306  +0.2115  +0.1987  -0.6740
[12:37:33] # 1228 [bench] e2e= 1024.7ms  infer= 1020.3ms  cap=  4.0ms
    t+0   | +0.0493  -0.2358  +0.0704  +0.1678  +0.0043  -0.3150
    t+1   | +0.0824  -0.2057  +0.0389  +0.1824  +0.0068  -0.3260
    t+2   | +0.0951  -0.1570  -0.0029  +0.1815  -0.0044  -0.1922
    t+3   | +0.1272  -0.0484  -0.0989  +0.2086  -0.0755  -0.0479
    t+4   | +0.1534  -0.0206  -0.1244  +0.2536  -0.0819  +0.1244
[12:37:35] # 1229 [bench] e2e= 1029.5ms  infer= 1026.9ms  cap=  2.5ms
    t+0   | +0.2078  +0.1373  -0.1923  +0.2816  +0.0150  +0.1291
    t+1   | +0.1495  +0.1335  -0.1763  +0.2505  +0.0001  +0.0932
    t+2   | +0.0971  +0.1500  -0.2132  +0.2503  +0.0644  +0.1090
    t+3   | +0.1083  +0.1664  -0.2390  +0.3051  +0.0948  +0.0725
    t+4   | +0.1281  +0.1873  -0.2997  +0.2936  +0.0583  +0.0086
[12:37:36] # 1230 [bench] e2e= 1031.1ms  infer= 1028.5ms  cap=  2.4ms
    t+0   | +0.2978  +0.1202  -0.1844  +0.3170  +0.0214  +0.3061
    t+1   | +0.2702  +0.0863  -0.1572  +0.2724  +0.0086  +0.1418
    t+2   | +0.2520  +0.0758  -0.1650  +0.2669  -0.0088  +0.1556
    t+3   | +0.2367  +0.0471  -0.1800  +0.2595  +0.0618  +0.1281
    t+4   | +0.2276  +0.0514  -0.1996  +0.2821  +0.0681  +0.1106
[12:37:37] # 1231 [bench] e2e= 1033.0ms  infer= 1030.4ms  cap=  2.5ms
    t+0   | +0.1556  -0.0456  -0.0944  +0.2486  -0.0798  -0.0278
    t+1   | +0.1132  -0.0518  -0.0883  +0.2483  -0.0623  -0.0174
    t+2   | -0.0449  -0.0362  -0.0914  +0.2150  -0.0008  -0.1449
    t+3   | -0.0785  -0.0211  -0.0787  +0.2378  +0.0993  -0.4919
    t+4   | -0.0181  -0.0263  -0.1462  +0.3132  +0.0951  -0.4307
[12:37:38] # 1232 [bench] e2e= 1026.8ms  infer= 1023.6ms  cap=  3.0ms
    t+0   | +0.1159  -0.0545  -0.0920  +0.2138  +0.0129  -0.3314
    t+1   | +0.0789  -0.0190  -0.1208  +0.2278  -0.0162  -0.2524
    t+2   | +0.0752  +0.0487  -0.1757  +0.2282  -0.1125  -0.0064
    t+3   | +0.0936  +0.0967  -0.2297  +0.2294  -0.0850  -0.0172
    t+4   | +0.0967  +0.1760  -0.2789  +0.2613  -0.0734  +0.0515
[12:37:39] # 1233 [bench] e2e= 1026.3ms  infer= 1023.2ms  cap=  3.0ms
    t+0   | +0.1030  +0.0020  -0.1745  +0.3037  -0.0764  -0.2580
    t+1   | +0.0460  -0.0548  -0.1399  +0.2544  -0.0682  -0.5148
    t+2   | +0.0113  -0.0913  -0.1356  +0.2330  -0.1118  -0.5121
    t+3   | +0.0672  -0.0473  -0.1595  +0.2493  -0.1496  -0.2591
    t+4   | +0.0876  -0.0200  -0.1499  +0.2711  -0.0949  -0.2523
[12:37:40] # 1234 [bench] e2e= 1033.6ms  infer= 1030.4ms  cap=  3.0ms
    t+0   | +0.0758  -0.0575  +0.0330  +0.2289  -0.2001  +0.6395
    t+1   | +0.0619  -0.0704  +0.0672  +0.2058  -0.2204  +0.8003
    t+2   | +0.0430  -0.0782  +0.0809  +0.1831  -0.1428  +0.6323
    t+3   | +0.0418  -0.0609  +0.0373  +0.2010  -0.0992  +0.6568
    t+4   | +0.0861  +0.0413  -0.0649  +0.2229  -0.1045  +0.8237
[12:37:41] # 1235 [bench] e2e= 1028.1ms  infer= 1025.0ms  cap=  3.0ms
    t+0   | +0.1459  +0.0080  -0.1517  +0.2420  -0.1051  -0.2677
    t+1   | +0.1465  -0.0319  -0.0986  +0.2043  -0.0198  -0.3164
    t+2   | +0.1235  -0.0799  -0.0220  +0.1848  +0.0089  -0.6541
    t+3   | +0.1122  -0.1071  -0.0714  +0.2173  +0.0018  -0.5980
    t+4   | +0.1110  -0.1000  -0.1223  +0.2565  +0.0094  -0.4961
[12:37:42] # 1236 [bench] e2e= 1031.4ms  infer= 1028.2ms  cap=  3.0ms
    t+0   | +0.1257  +0.1286  -0.1745  +0.3066  +0.1409  +0.0519
    t+1   | +0.0907  +0.1785  -0.2234  +0.3064  +0.1015  +0.0548
    t+2   | +0.1161  +0.1869  -0.2444  +0.2837  +0.0608  +0.1094
    t+3   | +0.0824  +0.1442  -0.2018  +0.2689  +0.0458  +0.0984
    t+4   | +0.0842  +0.1376  -0.1642  +0.2808  +0.0449  +0.1423
[12:37:43] # 1237 [bench] e2e= 1029.9ms  infer= 1026.0ms  cap=  3.7ms
    t+0   | +0.1126  +0.3274  -0.7499  +0.4668  +0.0070  -0.3225
    t+1   | +0.1085  +0.3027  -0.7002  +0.4356  -0.0349  -0.2899
    t+2   | +0.0888  +0.2128  -0.5854  +0.3752  -0.0251  -0.2378
    t+3   | +0.0919  +0.1093  -0.4454  +0.3335  -0.0092  -0.2177
    t+4   | +0.1164  +0.0880  -0.3848  +0.3275  +0.0060  -0.2286
[12:37:44] # 1238 [bench] e2e= 1024.8ms  infer= 1021.2ms  cap=  3.5ms
    t+0   | +0.0005  -0.1516  -0.0375  +0.1726  +0.0499  -0.1932
    t+1   | -0.0545  -0.1703  -0.0365  +0.1427  +0.0805  -0.1877
    t+2   | -0.0245  -0.1694  -0.0283  +0.1204  +0.0398  -0.2163
    t+3   | -0.0232  -0.1197  -0.0472  +0.1282  -0.0150  -0.2992
    t+4   | -0.0213  -0.0670  -0.0647  +0.1332  -0.0523  -0.4057
[12:37:45] # 1239 [bench] e2e= 1030.1ms  infer= 1027.2ms  cap=  2.7ms
    t+0   | +0.1286  -0.0207  -0.0957  +0.2315  -0.0934  -0.1897
    t+1   | +0.0284  +0.0569  -0.1307  +0.2279  -0.0714  +0.1167
    t+2   | +0.0256  +0.0679  -0.1193  +0.2124  -0.0848  +0.1961
    t+3   | +0.0820  +0.1136  -0.1305  +0.2411  -0.1012  +0.2333
    t+4   | +0.0864  +0.1704  -0.1796  +0.2373  -0.0747  +0.2047
[12:37:46] # 1240 [bench] e2e= 1028.6ms  infer= 1024.9ms  cap=  3.6ms
    t+0   | +0.1463  +0.0339  -0.1555  +0.2622  +0.0589  +0.1090
    t+1   | +0.0617  -0.0186  -0.1159  +0.2143  +0.0254  +0.0836
    t+2   | +0.0038  +0.0051  -0.1341  +0.2150  +0.0687  +0.1217
    t+3   | +0.0055  +0.0193  -0.1767  +0.2094  +0.1277  +0.1129
    t+4   | +0.0579  +0.0306  -0.1878  +0.2553  +0.0883  +0.2416
[12:37:47] # 1241 [bench] e2e= 1029.1ms  infer= 1026.0ms  cap=  3.0ms
    t+0   | +0.0886  +0.2083  -0.1837  +0.2684  -0.0111  +1.0825
    t+1   | +0.1333  +0.2031  -0.2007  +0.2319  +0.0173  +0.6717
    t+2   | +0.0555  +0.1960  -0.1904  +0.2140  +0.0654  +0.2418
    t+3   | +0.0474  +0.1491  -0.1840  +0.2171  +0.0571  -0.1001
    t+4   | +0.0874  +0.1236  -0.1942  +0.2028  +0.0315  -0.0478
[12:37:48] # 1242 [bench] e2e= 1027.9ms  infer= 1024.7ms  cap=  3.1ms
    t+0   | +0.2195  +0.1235  -0.1979  +0.3240  +0.0373  +0.0562
    t+1   | +0.2418  +0.1129  -0.1703  +0.2996  +0.0209  -0.0019
    t+2   | +0.2481  +0.1063  -0.1814  +0.2896  -0.0039  -0.0374
    t+3   | +0.2306  +0.0919  -0.2064  +0.2928  +0.0191  +0.0339
    t+4   | +0.2335  +0.0922  -0.2108  +0.3279  +0.0117  +0.2193
[12:37:49] # 1243 [bench] e2e= 1067.3ms  infer= 1064.2ms  cap=  3.0ms
    t+0   | +0.0425  -0.0100  -0.0624  +0.2327  +0.0205  +0.5786
    t+1   | -0.0018  -0.0266  -0.0481  +0.2106  -0.0109  +0.4215
    t+2   | -0.0209  -0.0396  -0.0473  +0.2034  +0.0056  +0.4017
    t+3   | -0.0184  -0.0167  -0.0558  +0.2162  +0.0384  +0.3990
    t+4   | -0.0197  -0.0271  -0.0680  +0.1743  +0.0030  +0.3405
[12:37:50] # 1244 [bench] e2e= 1025.7ms  infer= 1022.5ms  cap=  3.0ms
    t+0   | +0.1833  +0.1068  -0.1958  +0.3095  +0.0353  +0.0307
    t+1   | +0.1257  +0.2090  -0.3482  +0.3174  -0.0196  -0.0206
    t+2   | +0.1530  +0.3374  -0.5115  +0.3818  -0.1044  -0.0079
    t+3   | +0.1821  +0.3479  -0.4853  +0.3694  -0.0975  +0.0552
    t+4   | +0.2119  +0.3841  -0.5066  +0.3549  -0.0732  +0.1975
[12:37:51] # 1245 [bench] e2e= 1026.8ms  infer= 1023.6ms  cap=  3.0ms
    t+0   | +0.0003  +0.0541  -0.1362  +0.2843  +0.0094  +0.1911
    t+1   | +0.0538  +0.0954  -0.1440  +0.2820  +0.0073  +0.1494
    t+2   | +0.0593  +0.0822  -0.1127  +0.2636  +0.0505  +0.0539
    t+3   | +0.1016  +0.0506  -0.1099  +0.2568  +0.0613  +0.0467
    t+4   | +0.1391  +0.0593  -0.0716  +0.2798  +0.0573  +0.0366

  [live] after 1240 bench steps — e2e mean=1036.9ms  |  max replan freq=0.96 Hz  |  max control freq=4.82 Hz (n_action_steps=5)

[12:37:52] # 1246 [bench] e2e= 1031.8ms  infer= 1028.4ms  cap=  3.1ms
    t+0   | +0.1094  -0.0974  -0.0571  +0.2520  -0.2434  -0.1784
    t+1   | +0.0027  -0.1248  -0.0541  +0.2716  -0.2934  -0.1394
    t+2   | -0.0209  -0.0943  -0.0995  +0.2635  -0.1855  -0.1020
    t+3   | +0.0202  +0.0244  -0.1657  +0.3138  -0.1367  +0.1287
    t+4   | +0.0600  +0.0608  -0.1906  +0.3230  -0.1083  +0.0205
[12:37:53] # 1247 [bench] e2e= 1028.4ms  infer= 1025.8ms  cap=  2.4ms
    t+0   | +0.2206  +0.1844  -0.2122  +0.2959  -0.0640  -0.1149
    t+1   | +0.1798  +0.1631  -0.2151  +0.2648  -0.1459  -0.2347
    t+2   | +0.1384  +0.2256  -0.2609  +0.2830  -0.1271  -0.1170
    t+3   | +0.1431  +0.2107  -0.2545  +0.2993  -0.1077  -0.0509
    t+4   | +0.1061  +0.2122  -0.2607  +0.2890  -0.1417  +0.2714
[12:37:54] # 1248 [bench] e2e= 1025.0ms  infer= 1022.4ms  cap=  2.4ms
    t+0   | +0.0250  -0.0957  +0.0391  +0.1620  +0.0902  -0.2467
    t+1   | +0.0369  -0.0758  +0.0259  +0.1902  +0.0469  +0.1858
    t+2   | +0.0585  -0.0680  -0.0041  +0.1889  +0.0194  +0.2018
    t+3   | +0.0701  -0.0197  -0.0605  +0.2427  -0.0126  +0.1739
    t+4   | +0.1204  +0.0506  -0.0883  +0.2683  -0.0502  +0.1978
[12:37:55] # 1249 [bench] e2e= 1030.7ms  infer= 1028.1ms  cap=  2.5ms
    t+0   | -0.0030  +0.1192  -0.2666  +0.3559  +0.1628  +0.0512
    t+1   | +0.1567  +0.1714  -0.3474  +0.3976  +0.0632  +0.2612
    t+2   | +0.2063  +0.2208  -0.3814  +0.3829  -0.0018  +0.1808
    t+3   | +0.2535  +0.2606  -0.4749  +0.3928  -0.0711  +0.1489
    t+4   | +0.2779  +0.2639  -0.5131  +0.4193  -0.0900  +0.1201
[12:37:56] # 1250 [bench] e2e= 1072.9ms  infer= 1069.9ms  cap=  2.8ms
    t+0   | +0.1200  -0.0322  -0.0867  +0.1921  +0.0598  -0.5925
    t+1   | +0.1353  -0.0446  -0.1035  +0.2026  +0.0269  -0.4385
    t+2   | +0.1681  -0.0336  -0.1308  +0.2337  +0.0366  -0.2586
    t+3   | +0.1653  -0.0461  -0.1016  +0.2291  +0.0476  +0.0456
    t+4   | +0.1029  -0.0013  -0.1676  +0.2501  +0.0882  +0.0492
[12:37:57] # 1251 [bench] e2e= 1028.2ms  infer= 1024.3ms  cap=  3.8ms
    t+0   | +0.1436  -0.0128  -0.1441  +0.2575  +0.0502  -0.3119
    t+1   | +0.1333  -0.0292  -0.0652  +0.2189  +0.1324  -0.3053
    t+2   | +0.0843  -0.0565  -0.0403  +0.1821  +0.0786  -0.2864
    t+3   | +0.0347  -0.0551  -0.0592  +0.1773  +0.0397  -0.4197
    t+4   | -0.0178  -0.0969  -0.1192  +0.1654  -0.0120  -0.5648
[12:37:58] # 1252 [bench] e2e= 1032.8ms  infer= 1029.6ms  cap=  3.0ms
    t+0   | +0.2105  -0.0098  -0.1043  +0.2234  -0.0689  -0.1298
    t+1   | +0.1876  -0.0224  -0.0709  +0.2213  -0.0532  -0.0903
    t+2   | +0.1822  -0.0581  -0.0580  +0.2191  -0.0884  +0.0023
    t+3   | +0.1856  -0.0658  -0.0430  +0.2261  -0.1234  +0.0710
    t+4   | +0.1797  -0.0157  -0.0505  +0.2110  -0.1024  +0.1251
[12:37:59] # 1253 [bench] e2e= 1034.1ms  infer= 1030.7ms  cap=  3.2ms
    t+0   | -0.0138  +0.1293  -0.2767  +0.3780  -0.9007  -0.0876
    t+1   | +0.0057  +0.1150  -0.2388  +0.3370  -0.6024  -0.2472
    t+2   | +0.0289  +0.1161  -0.2364  +0.2954  -0.3927  -0.1754
    t+3   | +0.0430  +0.1758  -0.2946  +0.2863  -0.4500  +0.0585
    t+4   | +0.0497  +0.1142  -0.2527  +0.2484  -0.4032  -0.0440
[12:38:00] # 1254 [bench] e2e= 1031.0ms  infer= 1028.5ms  cap=  2.4ms
    t+0   | +0.0152  -0.0036  -0.1294  +0.2356  +0.0770  +0.5241
    t+1   | +0.0138  -0.0034  -0.1597  +0.2280  +0.1169  +0.4828
    t+2   | +0.0405  +0.0599  -0.1975  +0.2726  +0.1147  +0.4185
    t+3   | +0.0598  +0.0821  -0.2474  +0.2639  +0.0790  +0.2671
    t+4   | +0.0122  +0.0511  -0.2738  +0.2658  +0.0087  +0.2157
[12:38:01] # 1255 [bench] e2e= 1031.5ms  infer= 1029.0ms  cap=  2.4ms
    t+0   | +0.0325  -0.1280  -0.0120  +0.1613  -0.0425  -0.0854
    t+1   | -0.0291  +0.0786  -0.3382  +0.2588  -0.1862  -0.0324
    t+2   | +0.0416  +0.1420  -0.3758  +0.2975  -0.1453  +0.0103
    t+3   | +0.0511  +0.2133  -0.4360  +0.3653  -0.1320  +0.0647
    t+4   | +0.0449  +0.1774  -0.4120  +0.3557  -0.0739  +0.0136
[12:38:02] # 1256 [bench] e2e= 1029.5ms  infer= 1026.2ms  cap=  3.2ms
    t+0   | +0.1914  +0.0861  -0.2401  +0.3608  +0.2599  +0.2342
    t+1   | +0.1866  +0.0288  -0.1856  +0.3049  +0.1500  +0.1132
    t+2   | +0.1552  +0.0076  -0.1549  +0.2914  +0.0630  -0.0139
    t+3   | +0.1288  -0.0390  -0.1097  +0.2635  +0.0150  -0.0680
    t+4   | +0.1088  -0.1040  -0.0527  +0.1940  +0.0035  -0.2013
[12:38:03] # 1257 [bench] e2e= 1029.5ms  infer= 1026.7ms  cap=  2.6ms
    t+0   | +0.1278  -0.0411  -0.0950  +0.2312  -0.0765  -0.3602
    t+1   | +0.0633  -0.0178  -0.0864  +0.2133  +0.0091  -0.4185
    t+2   | +0.0377  -0.0254  -0.0960  +0.1533  +0.0185  -0.4198
    t+3   | +0.0339  -0.0184  -0.1458  +0.1762  +0.0369  -0.3911
    t+4   | +0.0656  -0.0089  -0.1775  +0.2294  +0.0636  -0.3742
[12:38:04] # 1258 [bench] e2e= 1031.1ms  infer= 1028.3ms  cap=  2.7ms
    t+0   | +0.1387  +0.0085  -0.1236  +0.2568  -0.1005  -0.0579
    t+1   | +0.1014  +0.0008  -0.1156  +0.2580  -0.0321  -0.0012
    t+2   | +0.0432  +0.0473  -0.1568  +0.3084  +0.0293  +0.0118
    t+3   | +0.1038  +0.0745  -0.2031  +0.3337  +0.0773  +0.0341
    t+4   | +0.1156  +0.1160  -0.2383  +0.3593  +0.1099  -0.0258
[12:38:06] # 1259 [bench] e2e= 1029.2ms  infer= 1026.6ms  cap=  2.4ms
    t+0   | +0.0952  -0.0394  -0.1531  +0.2569  -0.4305  -0.0602
    t+1   | +0.1044  +0.0414  -0.2277  +0.2984  -0.3248  -0.0524
    t+2   | +0.0964  +0.0488  -0.2394  +0.2984  -0.2873  -0.1446
    t+3   | +0.0571  +0.0639  -0.2037  +0.2775  -0.2744  -0.2962
    t+4   | +0.0363  +0.0210  -0.1205  +0.2348  -0.2078  -0.5900
[12:38:07] # 1260 [bench] e2e= 1029.7ms  infer= 1026.7ms  cap=  2.8ms
    t+0   | +0.1098  -0.0043  -0.0009  +0.1770  -0.0818  +0.5486
    t+1   | -0.0170  +0.0078  -0.0284  +0.1928  +0.0260  +0.1464
    t+2   | +0.0160  +0.0231  -0.1147  +0.2156  +0.0043  +0.0555
    t+3   | +0.0231  +0.0629  -0.1577  +0.2546  -0.0492  -0.0104
    t+4   | +0.0721  +0.0814  -0.1856  +0.2594  -0.0640  -0.0693
[12:38:08] # 1261 [bench] e2e= 1028.5ms  infer= 1024.2ms  cap=  4.0ms
    t+0   | +0.1667  -0.1494  +0.0812  +0.1566  +0.0949  +0.0821
    t+1   | +0.1623  -0.1162  +0.0347  +0.1845  +0.0286  +0.0050
    t+2   | +0.0833  -0.0677  -0.0585  +0.2050  -0.1344  -0.0902
    t+3   | +0.1040  -0.0415  -0.0467  +0.2289  -0.1284  -0.1481
    t+4   | +0.0551  +0.0573  -0.1287  +0.2654  -0.3403  -0.3911
[12:38:09] # 1262 [bench] e2e= 1045.6ms  infer= 1041.3ms  cap=  4.1ms
    t+0   | +0.1532  +0.1045  -0.1229  +0.2886  +0.2346  +0.0153
    t+1   | +0.1503  +0.0756  -0.1226  +0.3012  +0.0486  +0.6894
    t+2   | +0.0914  +0.0805  -0.1474  +0.2818  -0.0321  +0.6524
    t+3   | +0.0496  +0.0896  -0.2103  +0.2677  -0.0944  +0.4984
    t+4   | +0.0443  +0.0780  -0.1841  +0.2836  -0.1024  +0.1872
[12:38:10] # 1263 [bench] e2e= 1078.0ms  infer= 1075.4ms  cap=  2.4ms
    t+0   | +0.1231  +0.0519  -0.1658  +0.2938  -0.0118  -0.0149
    t+1   | -0.0797  -0.1367  +0.0065  +0.1224  -0.0301  -0.1728
    t+2   | -0.1558  -0.1799  +0.0468  +0.0894  -0.1183  -0.1966
    t+3   | -0.2123  -0.1867  +0.0822  +0.0906  -0.1055  -0.2535
    t+4   | -0.1643  -0.2064  +0.1196  +0.0950  -0.0550  -0.3917
[12:38:11] # 1264 [bench] e2e= 1042.8ms  infer= 1040.4ms  cap=  2.2ms
    t+0   | +0.0601  +0.0746  -0.1074  +0.2710  +0.3683  +0.0712
    t+1   | +0.1375  +0.0546  -0.1199  +0.2589  +0.2273  +0.0718
    t+2   | +0.1005  +0.0426  -0.0911  +0.2468  +0.1177  +0.0744
    t+3   | +0.0756  +0.0468  -0.1085  +0.2402  +0.0610  +0.0827
    t+4   | +0.0565  +0.0633  -0.1442  +0.2470  +0.0209  +0.0233
[12:38:12] # 1265 [bench] e2e= 1057.4ms  infer= 1055.2ms  cap=  2.0ms
    t+0   | +0.2597  +0.1148  -0.2475  +0.3285  -0.0292  +0.0369
    t+1   | +0.2326  +0.0866  -0.2253  +0.2723  -0.0316  -0.0317
    t+2   | +0.2124  +0.1015  -0.2393  +0.2837  -0.0624  +0.0348
    t+3   | +0.1888  +0.1024  -0.2403  +0.3156  -0.0645  -0.0452
    t+4   | +0.1855  +0.0786  -0.2554  +0.2943  -0.0677  -0.0886

  [live] after 1260 bench steps — e2e mean=1036.9ms  |  max replan freq=0.96 Hz  |  max control freq=4.82 Hz (n_action_steps=5)

[12:38:13] # 1266 [bench] e2e= 1055.8ms  infer= 1053.6ms  cap=  2.0ms
    t+0   | +0.1309  -0.0802  -0.0575  +0.1720  -0.0827  -0.6074
    t+1   | +0.0309  -0.1269  +0.0128  +0.1092  -0.0629  -0.5523
    t+2   | -0.0646  -0.1524  -0.0041  +0.1019  -0.0585  -0.4877
    t+3   | -0.0744  -0.1419  -0.0635  +0.0940  -0.0366  -0.4507
    t+4   | -0.0687  -0.0266  -0.1507  +0.1465  -0.0630  -0.3982
[12:38:14] # 1267 [bench] e2e= 1043.9ms  infer= 1041.6ms  cap=  2.1ms
    t+0   | +0.2329  +0.0634  -0.2292  +0.3511  +0.0507  +0.1561
    t+1   | +0.0494  -0.0727  -0.1286  +0.2850  +0.0180  -0.0689
    t+2   | -0.0598  -0.1441  -0.0796  +0.2440  +0.0147  -0.2209
    t+3   | -0.0555  -0.1627  -0.0841  +0.2235  -0.0001  -0.3905
    t+4   | -0.0770  -0.1039  -0.1227  +0.2509  +0.0413  -0.3408
[12:38:15] # 1268 [bench] e2e= 1050.5ms  infer= 1048.3ms  cap=  2.0ms
    t+0   | +0.2577  +0.0586  -0.1271  +0.3274  +0.0411  +0.1714
    t+1   | +0.2238  +0.0946  -0.1510  +0.3535  -0.0283  +0.2956
    t+2   | +0.1614  +0.0898  -0.1712  +0.3325  +0.0141  +0.2717
    t+3   | +0.0962  +0.0809  -0.1969  +0.3365  +0.0693  +0.2896
    t+4   | +0.0910  +0.0900  -0.2372  +0.3333  +0.0470  +0.2835
[12:38:16] # 1269 [bench] e2e= 1028.0ms  infer= 1025.7ms  cap=  2.1ms
    t+0   | +0.1895  +0.0738  -0.1661  +0.3059  -0.1651  +0.3536
    t+1   | +0.1844  +0.0147  -0.0900  +0.2901  +0.0108  +0.2181
    t+2   | +0.1714  -0.0310  -0.0717  +0.2629  +0.0959  +0.1355
    t+3   | +0.1701  +0.0055  -0.0765  +0.2712  +0.1406  +0.0342
    t+4   | +0.1743  +0.0276  -0.0873  +0.2639  +0.2059  -0.0213
[12:38:17] # 1270 [bench] e2e= 1033.3ms  infer= 1030.0ms  cap=  3.0ms
    t+0   | +0.2964  +0.1895  -0.2454  +0.3413  +0.0265  -0.5699
    t+1   | +0.2737  +0.2039  -0.2270  +0.3329  +0.0319  -0.4818
    t+2   | +0.2770  +0.2176  -0.2618  +0.3414  +0.0728  -0.2856
    t+3   | +0.3062  +0.2669  -0.3050  +0.3668  +0.3002  -0.1729
    t+4   | +0.3136  +0.2897  -0.3193  +0.3843  +0.3463  -0.1307
[12:38:18] # 1271 [bench] e2e= 1026.8ms  infer= 1024.1ms  cap=  2.5ms
    t+0   | +0.1639  +0.0312  -0.1197  +0.2156  -0.0581  -0.0957
    t+1   | +0.1568  +0.0208  -0.1136  +0.1797  -0.0862  -0.1107
    t+2   | +0.1701  +0.0435  -0.1293  +0.1546  -0.0863  -0.1237
    t+3   | +0.1528  +0.0560  -0.1220  +0.2137  -0.1114  -0.1259
    t+4   | +0.1293  +0.0371  -0.1665  +0.1973  -0.1485  -0.1660
[12:38:19] # 1272 [bench] e2e= 1046.8ms  infer= 1044.0ms  cap=  2.6ms
    t+0   | +0.1819  +0.1142  -0.2450  +0.3321  -0.0289  +0.1853
    t+1   | +0.1394  +0.0495  -0.1725  +0.2711  -0.0385  +0.0407
    t+2   | -0.1059  -0.0215  -0.0959  +0.1704  -0.0459  +0.0259
    t+3   | -0.2306  -0.1802  +0.0765  +0.0358  +0.0272  -0.3348
    t+4   | -0.1594  -0.1279  +0.0622  +0.0855  +0.0624  -0.3460
[12:38:20] # 1273 [bench] e2e= 1032.6ms  infer= 1029.9ms  cap=  2.5ms
    t+0   | +0.2624  -0.0118  -0.1205  +0.2733  +0.3563  -0.1235
    t+1   | +0.2330  -0.0068  -0.0998  +0.2602  +0.2383  -0.1582
    t+2   | +0.1950  +0.0097  -0.1018  +0.2510  +0.2038  -0.1656
    t+3   | +0.0953  -0.0187  -0.1165  +0.2262  +0.1562  -0.2041
    t+4   | +0.0639  +0.0115  -0.1579  +0.2455  +0.1466  -0.2588
[12:38:21] # 1274 [bench] e2e= 1033.1ms  infer= 1030.8ms  cap=  2.1ms
    t+0   | +0.1483  +0.0047  -0.0785  +0.1695  -0.0180  -0.2887
    t+1   | +0.1760  +0.0390  -0.1594  +0.2087  -0.0243  -0.1421
    t+2   | +0.1490  +0.0600  -0.2135  +0.2478  -0.0217  -0.0972
    t+3   | +0.1292  +0.0735  -0.2200  +0.2281  -0.0276  -0.1724
    t+4   | +0.0995  +0.0974  -0.2123  +0.2132  -0.0340  -0.1618
[12:38:22] # 1275 [bench] e2e= 1041.8ms  infer= 1039.4ms  cap=  2.3ms
    t+0   | +0.1330  +0.0429  -0.1114  +0.2447  +0.1274  -0.0189
    t+1   | +0.0637  -0.0040  -0.0995  +0.1955  +0.0245  +0.0058
    t+2   | +0.0135  -0.0461  -0.1181  +0.1686  +0.0193  -0.1406
    t+3   | +0.0504  -0.0272  -0.1122  +0.1781  +0.0496  -0.4222
    t+4   | +0.0358  -0.0191  -0.0856  +0.1288  +0.0833  -0.6666
[12:38:23] # 1276 [bench] e2e= 1034.0ms  infer= 1031.6ms  cap=  2.2ms
    t+0   | +0.0700  -0.0534  -0.0501  +0.2029  +0.0161  -0.3208
    t+1   | +0.0406  -0.0633  -0.1097  +0.2064  -0.0404  -0.1405
    t+2   | +0.1023  -0.0555  -0.1022  +0.2271  -0.0107  -0.1195
    t+3   | +0.1737  -0.0537  -0.0734  +0.2903  +0.1069  -0.1826
    t+4   | +0.2116  -0.0229  -0.0918  +0.2686  +0.1060  -0.2202
[12:38:24] # 1277 [bench] e2e= 1033.1ms  infer= 1030.9ms  cap=  2.0ms
    t+0   | +0.1781  +0.0652  -0.1499  +0.2922  -0.0894  +0.4575
    t+1   | +0.1897  +0.0727  -0.1700  +0.3009  -0.0445  +0.5448
    t+2   | +0.2034  +0.0810  -0.2169  +0.2803  +0.0295  +0.6802
    t+3   | +0.2393  +0.0543  -0.1779  +0.2974  +0.0808  +0.8243
    t+4   | +0.2560  +0.0148  -0.0841  +0.2801  +0.1621  +1.1251
[12:38:25] # 1278 [bench] e2e= 1033.4ms  infer= 1031.1ms  cap=  2.1ms
    t+0   | +0.1904  -0.0129  -0.1108  +0.2531  +0.0227  -0.1206
    t+1   | +0.1422  -0.0378  -0.1017  +0.2273  +0.0218  -0.1054
    t+2   | +0.1081  -0.0069  -0.0747  +0.2550  +0.0022  -0.0864
    t+3   | +0.0535  +0.0512  -0.1178  +0.2003  -0.0485  -0.1554
    t+4   | +0.0435  +0.0877  -0.1363  +0.2040  -0.0567  -0.2336
[12:38:26] # 1279 [bench] e2e= 1030.3ms  infer= 1027.0ms  cap=  3.1ms
    t+0   | +0.2404  +0.1160  -0.3212  +0.3567  -0.2659  -0.0527
    t+1   | +0.2024  +0.1204  -0.2326  +0.2973  -0.1672  +0.0423
    t+2   | +0.1662  +0.1182  -0.2113  +0.2388  -0.0212  +0.0213
    t+3   | +0.1745  +0.1355  -0.2528  +0.2667  -0.0340  +0.0461
    t+4   | +0.1569  +0.1206  -0.2569  +0.2610  +0.0468  +0.0361
[12:38:27] # 1280 [bench] e2e= 1031.4ms  infer= 1029.8ms  cap=  1.5ms
    t+0   | +0.0431  -0.0046  -0.1373  +0.2740  +0.0160  +0.0203
    t+1   | +0.0422  -0.0549  -0.1014  +0.2384  -0.0175  -0.0119
    t+2   | +0.0154  -0.0638  -0.0802  +0.2020  +0.0024  -0.0803
    t+3   | +0.0370  -0.0265  -0.1301  +0.2327  +0.0037  -0.0602
    t+4   | +0.0613  +0.0122  -0.1626  +0.2348  +0.0051  -0.0669
[12:38:28] # 1281 [bench] e2e= 1026.3ms  infer= 1024.6ms  cap=  1.5ms
    t+0   | +0.1851  +0.0492  -0.2021  +0.2787  -0.1245  +0.4750
    t+1   | +0.1527  +0.0103  -0.1952  +0.2433  -0.1104  +0.3085
    t+2   | +0.1322  -0.0313  -0.1530  +0.2436  -0.1121  +0.1582
    t+3   | +0.1635  -0.0166  -0.1680  +0.2472  -0.1323  +0.1036
    t+4   | +0.1584  +0.0235  -0.2305  +0.2770  -0.1690  +0.0543
[12:38:29] # 1282 [bench] e2e= 1028.8ms  infer= 1027.0ms  cap=  1.6ms
    t+0   | +0.1968  -0.0833  -0.0765  +0.2502  -0.1290  +0.1823
    t+1   | +0.1581  -0.0198  -0.0997  +0.2461  -0.1039  +0.2700
    t+2   | +0.1116  +0.0335  -0.1691  +0.2526  -0.0737  +0.0898
    t+3   | +0.1055  +0.1286  -0.2760  +0.2591  -0.0129  -0.0615
    t+4   | +0.1955  +0.1614  -0.2899  +0.2585  -0.0309  -0.0386
[12:38:30] # 1283 [bench] e2e= 1029.7ms  infer= 1028.1ms  cap=  1.5ms
    t+0   | +0.0312  -0.0983  +0.0005  +0.1587  -0.0082  -0.3333
    t+1   | +0.0290  -0.0974  -0.0267  +0.1514  -0.0354  -0.3682
    t+2   | -0.0028  -0.0830  -0.0402  +0.1603  +0.0394  -0.4543
    t+3   | +0.0206  -0.0814  -0.0398  +0.2027  +0.0930  -0.4405
    t+4   | +0.0602  -0.0587  -0.0425  +0.1999  +0.1043  -0.3717
[12:38:31] # 1284 [bench] e2e= 1043.2ms  infer= 1038.5ms  cap=  4.4ms
    t+0   | +0.1987  +0.0439  -0.1768  +0.3185  +0.0237  +0.0123
    t+1   | +0.1588  +0.0049  -0.1319  +0.2817  +0.0043  -0.2228
    t+2   | +0.1605  -0.0137  -0.1387  +0.2539  -0.0040  -0.2826
    t+3   | +0.1699  -0.0281  -0.1688  +0.2502  -0.0553  -0.5362
    t+4   | +0.1892  +0.0182  -0.1814  +0.3151  -0.1337  -0.6251
[12:38:33] # 1285 [bench] e2e= 1044.6ms  infer= 1041.4ms  cap=  3.1ms
    t+0   | +0.1942  -0.0302  -0.0828  +0.2198  +0.0318  +0.0076
    t+1   | +0.1754  -0.0611  -0.0515  +0.1756  +0.0619  -0.0053
    t+2   | +0.1325  -0.0881  -0.0219  +0.1909  +0.0569  +0.1020
    t+3   | +0.1293  -0.0402  -0.0745  +0.2188  +0.0237  +0.1280
    t+4   | +0.1422  +0.0072  -0.1997  +0.2526  +0.0339  +0.0799

  [live] after 1280 bench steps — e2e mean=1036.9ms  |  max replan freq=0.96 Hz  |  max control freq=4.82 Hz (n_action_steps=5)

[12:38:34] # 1286 [bench] e2e= 1029.5ms  infer= 1027.7ms  cap=  1.6ms
    t+0   | +0.1752  -0.0580  -0.0958  +0.2696  -0.0004  +0.3766
    t+1   | +0.0813  -0.1823  -0.0003  +0.2206  +0.0659  +0.0510
    t+2   | +0.0009  -0.2007  +0.0238  +0.1883  +0.0830  -0.1084
    t+3   | +0.0349  -0.1422  -0.0551  +0.2464  +0.1085  -0.0642
    t+4   | +0.0712  -0.0993  -0.0830  +0.3116  +0.1743  -0.0536
[12:38:35] # 1287 [bench] e2e= 1026.6ms  infer= 1023.3ms  cap=  3.1ms
    t+0   | +0.0842  -0.0667  -0.0947  +0.2104  +0.0094  -0.4686
    t+1   | +0.1081  -0.0559  -0.1363  +0.2254  +0.0236  -0.4234
    t+2   | +0.1975  -0.0064  -0.1989  +0.2745  +0.0162  -0.3592
    t+3   | +0.2132  +0.0858  -0.3146  +0.3015  +0.0085  -0.3310
    t+4   | +0.1736  +0.0851  -0.3002  +0.2781  +0.0377  -0.3441
[12:38:36] # 1288 [bench] e2e= 1027.6ms  infer= 1023.5ms  cap=  3.9ms
    t+0   | +0.1863  -0.1882  +0.0472  +0.2451  +0.5759  -0.1852
    t+1   | +0.1699  -0.1428  +0.0043  +0.2511  +0.3826  -0.1512
    t+2   | +0.1727  -0.0781  -0.0924  +0.2823  +0.2550  -0.0520
    t+3   | +0.1414  -0.0699  -0.1219  +0.3096  +0.2079  -0.0337
    t+4   | +0.1481  -0.0855  -0.1014  +0.2983  +0.1931  +0.1570
[12:38:37] # 1289 [bench] e2e= 1023.3ms  infer= 1020.9ms  cap=  2.2ms
    t+0   | +0.0525  +0.1178  -0.3633  +0.3994  +0.1158  -0.3893
    t+1   | +0.0167  +0.0126  -0.3220  +0.3631  +0.0470  -0.4049
    t+2   | +0.0550  +0.0179  -0.3128  +0.3593  +0.0342  -0.4317
    t+3   | +0.0691  +0.0402  -0.2720  +0.3497  +0.0181  -0.3696
    t+4   | +0.0670  +0.0757  -0.3130  +0.3432  +0.0139  -0.2449
[12:38:38] # 1290 [bench] e2e= 1023.4ms  infer= 1020.6ms  cap=  2.7ms
    t+0   | +0.0854  -0.0746  -0.0657  +0.1997  -0.0611  -0.0650
    t+1   | -0.0012  -0.0745  -0.1213  +0.1828  -0.0961  -0.0137
    t+2   | -0.0826  +0.0151  -0.1801  +0.2197  -0.1093  -0.0038
    t+3   | -0.0532  +0.0178  -0.1869  +0.2172  -0.0863  +0.0630
    t+4   | -0.0215  -0.0232  -0.1784  +0.1862  -0.0552  +0.0421
[12:38:39] # 1291 [bench] e2e= 1031.9ms  infer= 1029.5ms  cap=  2.3ms
    t+0   | +0.0800  -0.1102  -0.0279  +0.1844  -0.0533  -0.4389
    t+1   | +0.0232  -0.1259  -0.0122  +0.1346  +0.0773  -0.6925
    t+2   | +0.0247  -0.1166  +0.0046  +0.1382  +0.0899  -0.7215
    t+3   | -0.0156  -0.1458  +0.0227  +0.1215  +0.1339  -0.7743
    t+4   | -0.0132  -0.1765  +0.0513  +0.1341  +0.1261  -0.7457
[12:38:40] # 1292 [bench] e2e= 1027.7ms  infer= 1024.5ms  cap=  2.9ms
    t+0   | -0.0319  +0.0581  -0.1294  +0.2528  -0.1290  +0.0461
    t+1   | +0.0512  +0.1404  -0.1806  +0.3279  +0.0104  +0.3403
    t+2   | +0.0548  +0.2335  -0.3078  +0.3670  -0.0185  +0.4888
    t+3   | +0.1264  +0.2709  -0.4322  +0.4204  -0.0252  +0.5189
    t+4   | +0.1690  +0.2752  -0.4353  +0.4416  -0.0084  +0.4623
[12:38:41] # 1293 [bench] e2e= 1026.4ms  infer= 1023.2ms  cap=  3.0ms
    t+0   | +0.1748  +0.0530  -0.1564  +0.2540  -0.0676  -0.0931
    t+1   | +0.0937  +0.0370  -0.1458  +0.2230  -0.0777  -0.1931
    t+2   | +0.0647  -0.0234  -0.1522  +0.1763  -0.1119  -0.1720
    t+3   | +0.0704  -0.0365  -0.1238  +0.1856  -0.1532  -0.1421
    t+4   | +0.1090  -0.0282  -0.1841  +0.2095  -0.1628  -0.1240
[12:38:42] # 1294 [bench] e2e= 1026.8ms  infer= 1022.6ms  cap=  3.9ms
    t+0   | +0.0613  +0.0668  -0.1641  +0.2005  -0.0707  -0.1694
    t+1   | +0.1271  +0.0613  -0.1073  +0.1543  +0.0187  -0.1932
    t+2   | +0.1672  +0.0979  -0.1414  +0.1706  +0.0509  -0.1615
    t+3   | +0.2019  +0.1037  -0.1921  +0.2281  +0.0728  -0.0967
    t+4   | +0.2068  +0.0944  -0.1529  +0.2146  +0.0197  -0.0771
[12:38:43] # 1295 [bench] e2e= 1024.7ms  infer= 1021.3ms  cap=  3.2ms
    t+0   | +0.2422  +0.0342  -0.1661  +0.3277  +0.0820  -0.2020
    t+1   | +0.2518  +0.0131  -0.2074  +0.2892  +0.0446  -0.5780
    t+2   | +0.2407  +0.0493  -0.1874  +0.2780  +0.0400  -0.6415
    t+3   | +0.1719  +0.0230  -0.2271  +0.2587  +0.0929  -0.6115
    t+4   | +0.1303  +0.0141  -0.2597  +0.2604  +0.0802  -0.0419
[12:38:44] # 1296 [bench] e2e= 1030.4ms  infer= 1026.9ms  cap=  3.4ms
    t+0   | +0.2028  -0.0112  -0.0759  +0.2419  -0.1580  +0.3995
    t+1   | +0.1406  -0.0403  -0.0636  +0.2256  -0.1487  -0.0207
    t+2   | +0.1152  -0.0687  -0.1163  +0.2159  -0.1509  -0.1077
    t+3   | -0.0618  +0.0020  -0.2541  +0.2886  -0.2552  -0.0957
    t+4   | -0.0407  +0.0544  -0.2930  +0.2917  -0.3066  +0.4020
[12:38:45] # 1297 [bench] e2e= 1040.4ms  infer= 1037.4ms  cap=  2.8ms
    t+0   | -0.2532  +0.0437  -0.2242  +0.2891  -0.0243  -0.1672
    t+1   | -0.1264  +0.0374  -0.2035  +0.3190  -0.0012  -0.0865
    t+2   | -0.0965  +0.0174  -0.2067  +0.2823  -0.0031  -0.0726
    t+3   | -0.0251  +0.0302  -0.1857  +0.2499  -0.0178  -0.0994
    t+4   | +0.0057  +0.0444  -0.1640  +0.2297  -0.0112  -0.2153
[12:38:46] # 1298 [bench] e2e= 1031.6ms  infer= 1028.0ms  cap=  3.5ms
    t+0   | -0.0523  +0.1522  -0.3666  +0.2655  -0.1565  +0.3601
    t+1   | -0.0663  +0.1687  -0.3082  +0.2442  -0.0209  +0.1794
    t+2   | -0.0903  +0.1334  -0.2352  +0.2167  -0.0301  -0.3660
    t+3   | -0.0639  +0.0915  -0.2271  +0.2079  -0.0478  -0.1868
    t+4   | -0.0856  +0.1428  -0.3411  +0.2390  -0.0526  -0.2634
[12:38:47] # 1299 [bench] e2e= 1040.6ms  infer= 1037.2ms  cap=  3.2ms
    t+0   | +0.1783  +0.0467  -0.1397  +0.2600  -0.0027  -0.0795
    t+1   | +0.1380  +0.0281  -0.1183  +0.2529  +0.0031  -0.1422
    t+2   | +0.0574  -0.0002  -0.2149  +0.2512  +0.0123  -0.2314
    t+3   | -0.0634  -0.0516  -0.2564  +0.2104  +0.0050  -0.2772
    t+4   | -0.1012  -0.0416  -0.2266  +0.2144  +0.0438  -0.1995
[12:38:48] # 1300 [bench] e2e= 1037.2ms  infer= 1034.0ms  cap=  3.1ms
    t+0   | +0.3271  +0.1328  -0.2631  +0.3395  -0.1515  -0.1802
    t+1   | +0.2751  +0.2226  -0.3182  +0.3488  -0.1547  -0.0927
    t+2   | +0.2563  +0.2065  -0.2772  +0.3564  -0.1180  -0.0691
    t+3   | +0.2202  +0.1669  -0.2644  +0.3178  -0.1267  -0.3575
    t+4   | +0.1773  +0.1113  -0.2209  +0.2825  -0.1432  -0.4092
[12:38:49] # 1301 [bench] e2e= 1034.6ms  infer= 1031.3ms  cap=  3.1ms
    t+0   | +0.1864  +0.0083  -0.2336  +0.3239  +0.0783  -0.4480
    t+1   | +0.1893  +0.0455  -0.2700  +0.3333  +0.0661  -0.2955
    t+2   | +0.1520  +0.0845  -0.2594  +0.3382  +0.0066  -0.2450
    t+3   | +0.1422  +0.0880  -0.2711  +0.3311  +0.0081  -0.2117
    t+4   | +0.0947  +0.0840  -0.2647  +0.3242  -0.0354  +0.2971
[12:38:50] # 1302 [bench] e2e= 1062.3ms  infer= 1059.3ms  cap=  2.9ms
    t+0   | +0.2071  +0.0933  -0.3172  +0.3984  -0.0705  -0.0286
    t+1   | +0.2413  +0.1396  -0.3300  +0.4186  -0.1224  +0.2120
    t+2   | +0.2412  +0.1582  -0.2930  +0.4061  -0.1259  +0.3786
    t+3   | +0.2093  +0.1356  -0.2775  +0.3748  -0.1371  +0.4455
    t+4   | +0.1961  +0.1153  -0.2118  +0.3562  -0.0994  +0.1559
[12:38:51] # 1303 [bench] e2e= 1031.5ms  infer= 1027.8ms  cap=  3.4ms
    t+0   | +0.2924  +0.1041  -0.1284  +0.3142  -0.0839  +0.2937
    t+1   | +0.2976  +0.1617  -0.1618  +0.3149  -0.1095  +0.3306
    t+2   | +0.2892  +0.1719  -0.1667  +0.2856  -0.0996  +0.4141
    t+3   | +0.2332  +0.1313  -0.1334  +0.2849  -0.0431  +0.4502
    t+4   | +0.1962  +0.0755  -0.0962  +0.2658  -0.0074  +0.3289
[12:38:52] # 1304 [bench] e2e= 1024.0ms  infer= 1022.1ms  cap=  1.8ms
    t+0   | +0.1575  +0.0573  -0.1694  +0.2915  -0.1062  -0.0691
    t+1   | +0.1416  +0.1233  -0.2285  +0.2972  -0.0698  -0.0886
    t+2   | +0.1747  +0.1103  -0.2550  +0.2961  -0.0581  -0.1392
    t+3   | +0.1572  +0.0652  -0.2761  +0.2801  -0.0246  -0.2332
    t+4   | +0.0949  +0.0406  -0.2726  +0.2456  +0.0859  -0.3753
[12:38:53] # 1305 [bench] e2e= 1029.6ms  infer= 1026.9ms  cap=  2.5ms
    t+0   | +0.1158  -0.1016  -0.0849  +0.2331  -0.0451  -0.2557
    t+1   | +0.1140  +0.0224  -0.2375  +0.2876  -0.0224  -0.3435
    t+2   | +0.1514  +0.0935  -0.2867  +0.3191  +0.1274  -0.3314
    t+3   | +0.1923  +0.1618  -0.4118  +0.4318  +0.2246  -0.3415
    t+4   | +0.2203  +0.2057  -0.4270  +0.4369  +0.3010  -0.2793

  [live] after 1300 bench steps — e2e mean=1036.8ms  |  max replan freq=0.96 Hz  |  max control freq=4.82 Hz (n_action_steps=5)

[12:38:54] # 1306 [bench] e2e= 1026.9ms  infer= 1025.1ms  cap=  1.6ms
    t+0   | +0.1360  +0.0735  -0.1013  +0.2610  -0.0231  +0.0002
    t+1   | +0.1320  +0.1673  -0.2946  +0.3240  -0.0101  -0.0166
    t+2   | +0.1445  +0.3017  -0.5611  +0.3663  -0.0140  -0.0575
    t+3   | +0.1486  +0.3546  -0.6443  +0.4168  -0.0204  -0.0532
    t+4   | +0.1509  +0.2899  -0.5992  +0.3738  +0.0097  -0.1356
[12:38:55] # 1307 [bench] e2e= 1074.1ms  infer= 1071.3ms  cap=  2.7ms
    t+0   | +0.1647  -0.1339  +0.0058  +0.1917  -0.0169  -0.2457
    t+1   | +0.1719  -0.0301  -0.0524  +0.2468  +0.0410  -0.2143
    t+2   | +0.1558  -0.0114  -0.0877  +0.2474  +0.0121  -0.1409
    t+3   | +0.1337  +0.0165  -0.0889  +0.2395  +0.0178  -0.1045
    t+4   | +0.1287  +0.0324  -0.1249  +0.2530  +0.0676  -0.0061
[12:38:56] # 1308 [bench] e2e= 1052.5ms  infer= 1049.8ms  cap=  2.6ms
    t+0   | +0.1601  -0.0100  -0.1276  +0.2826  +0.0211  -0.1838
    t+1   | +0.1204  +0.0322  -0.1257  +0.2890  +0.0885  -0.2354
    t+2   | +0.0677  +0.0197  -0.1249  +0.2731  +0.0523  -0.2484
    t+3   | +0.0421  -0.0246  -0.1261  +0.2656  +0.0298  -0.2337
    t+4   | -0.0231  -0.0568  -0.1185  +0.2323  -0.0136  -0.2843
[12:38:57] # 1309 [bench] e2e= 1045.9ms  infer= 1041.2ms  cap=  4.5ms
    t+0   | +0.0731  +0.0088  -0.1221  +0.2590  -0.0950  -0.2339
    t+1   | +0.0414  +0.0110  -0.1300  +0.2564  -0.0660  -0.2672
    t+2   | +0.0100  -0.0142  -0.1263  +0.2771  -0.0141  -0.3012
    t+3   | +0.0278  -0.0020  -0.1826  +0.3262  -0.0382  -0.2809
    t+4   | +0.0861  +0.0200  -0.2347  +0.3524  -0.0668  -0.2879
[12:38:58] # 1310 [bench] e2e= 1030.2ms  infer= 1026.7ms  cap=  3.3ms
    t+0   | +0.1773  +0.1510  -0.2742  +0.3395  -0.0250  +0.2925
    t+1   | +0.1537  +0.1218  -0.2553  +0.3180  -0.0401  +0.2564
    t+2   | +0.1097  +0.1017  -0.2179  +0.3084  -0.0179  +0.1949
    t+3   | +0.0929  +0.0749  -0.2048  +0.2936  -0.0186  +0.1607
    t+4   | +0.0487  +0.0944  -0.2072  +0.2835  -0.0328  -0.1550
[12:38:59] # 1311 [bench] e2e= 1025.5ms  infer= 1023.0ms  cap=  2.3ms
    t+0   | +0.0716  -0.0014  -0.3382  +0.3904  -0.1686  -0.6451
    t+1   | +0.0841  +0.0114  -0.3070  +0.3567  -0.1171  -0.4992
    t+2   | +0.0269  -0.0302  -0.3002  +0.3367  -0.0350  -0.5603
    t+3   | -0.0350  -0.0979  -0.1812  +0.2973  +0.0777  -0.5645
    t+4   | -0.0146  -0.1359  -0.1120  +0.2691  +0.1041  -0.5729
[12:39:00] # 1312 [bench] e2e= 1036.3ms  infer= 1033.3ms  cap=  2.8ms
    t+0   | +0.1145  -0.0939  -0.1444  +0.2730  -0.1048  -0.4165
    t+1   | +0.1041  -0.1352  -0.1018  +0.2336  -0.0856  -0.6309
    t+2   | +0.1392  -0.1210  -0.0770  +0.2136  -0.0555  -0.6590
    t+3   | +0.1589  -0.0405  -0.1072  +0.2363  -0.0586  -0.5754
    t+4   | +0.1450  -0.0164  -0.1355  +0.2033  -0.0471  -0.6303
[12:39:02] # 1313 [bench] e2e= 1053.2ms  infer= 1050.5ms  cap=  2.6ms
    t+0   | +0.2197  +0.0640  -0.2704  +0.4042  -0.0753  -0.0353
    t+1   | +0.1620  +0.0107  -0.1765  +0.3515  -0.0483  -0.1731
    t+2   | +0.1081  -0.0220  -0.1146  +0.3072  -0.0509  -0.2450
    t+3   | +0.0874  -0.0200  -0.1013  +0.2760  -0.0420  -0.2309
    t+4   | +0.0862  +0.0040  -0.1216  +0.3004  -0.0177  -0.1994
[12:39:03] # 1314 [bench] e2e= 1048.5ms  infer= 1044.2ms  cap=  4.1ms
    t+0   | +0.2357  -0.0154  -0.1511  +0.2982  -0.0796  -0.1789
    t+1   | +0.1778  -0.0297  -0.1425  +0.2902  -0.0792  -0.2386
    t+2   | +0.0853  -0.0559  -0.1332  +0.2266  -0.0708  -0.3097
    t+3   | -0.0286  -0.0762  -0.1021  +0.2014  -0.1137  -0.3403
    t+4   | -0.0626  -0.1256  -0.0723  +0.1682  -0.1385  -0.5499
[12:39:04] # 1315 [bench] e2e= 1033.4ms  infer= 1030.9ms  cap=  2.3ms
    t+0   | +0.2103  +0.0320  -0.1971  +0.2895  -0.0164  -0.4199
    t+1   | +0.2174  +0.0845  -0.2322  +0.3550  +0.0684  -0.1561
    t+2   | +0.2294  +0.1379  -0.2551  +0.3555  +0.0412  -0.0385
    t+3   | +0.2471  +0.2120  -0.2864  +0.3985  +0.0074  -0.0534
    t+4   | +0.2550  +0.2273  -0.2987  +0.3950  +0.0183  -0.0956
[12:39:05] # 1316 [bench] e2e= 1030.2ms  infer= 1027.8ms  cap=  2.3ms
    t+0   | +0.2004  -0.0354  -0.0558  +0.2705  +0.0833  +0.0494
    t+1   | +0.1469  -0.0515  -0.0259  +0.2494  +0.0334  -0.1362
    t+2   | +0.1290  +0.0240  -0.1041  +0.2598  +0.0056  -0.1248
    t+3   | +0.0117  +0.0599  -0.1973  +0.3052  -0.1024  -0.1606
    t+4   | -0.0080  +0.0915  -0.2655  +0.3406  -0.1083  -0.5130
[12:39:06] # 1317 [bench] e2e= 1027.0ms  infer= 1022.9ms  cap=  3.9ms
    t+0   | +0.0483  -0.0112  -0.1620  +0.3199  -0.1322  +0.0988
    t+1   | +0.0676  -0.0224  -0.1520  +0.3127  -0.1894  +0.1830
    t+2   | +0.0920  -0.0015  -0.1696  +0.3281  -0.2181  +0.4363
    t+3   | +0.1339  +0.0721  -0.2389  +0.3344  -0.2106  +0.4006
    t+4   | +0.1651  +0.0838  -0.2158  +0.3174  -0.1822  +0.2322
[12:39:07] # 1318 [bench] e2e= 1039.5ms  infer= 1036.0ms  cap=  3.1ms
    t+0   | +0.1130  +0.1072  -0.2529  +0.3064  -0.0784  -0.1532
    t+1   | +0.0959  +0.1660  -0.2806  +0.2962  +0.0072  -0.2786
    t+2   | +0.0624  +0.1478  -0.2244  +0.2659  -0.0195  -0.4712
    t+3   | -0.0423  +0.1842  -0.2776  +0.2635  +0.0494  -0.4504
    t+4   | -0.1668  +0.2475  -0.3196  +0.2750  +0.1446  -0.5858
[12:39:08] # 1319 [bench] e2e= 1068.3ms  infer= 1065.2ms  cap=  2.9ms
    t+0   | +0.2585  +0.0109  -0.0534  +0.2274  -0.1243  -0.0873
    t+1   | +0.2960  -0.0454  +0.0807  +0.1772  -0.0595  -0.1376
    t+2   | +0.2763  -0.0682  +0.1155  +0.1372  -0.0880  -0.1531
    t+3   | +0.2460  -0.0942  +0.1036  +0.1244  -0.1015  -0.3151
    t+4   | +0.2155  -0.0395  +0.0619  +0.2201  -0.0789  -0.4163
[12:39:09] # 1320 [bench] e2e= 1031.5ms  infer= 1028.5ms  cap=  2.8ms
    t+0   | -0.0169  -0.0406  -0.0919  +0.2538  +0.1160  -0.1143
    t+1   | -0.0164  -0.0373  -0.1410  +0.2511  +0.1102  -0.1553
    t+2   | -0.0037  -0.0354  -0.1583  +0.2507  +0.1442  -0.1507
    t+3   | +0.0237  -0.0202  -0.1318  +0.2097  +0.1391  -0.2166
    t+4   | +0.0100  -0.0594  -0.1019  +0.1645  +0.1257  -0.5625
[12:39:10] # 1321 [bench] e2e= 1038.0ms  infer= 1034.8ms  cap=  3.1ms
    t+0   | +0.1197  -0.2317  +0.0416  +0.2396  +0.0937  -0.1425
    t+1   | +0.1156  -0.1873  +0.0202  +0.2702  +0.1543  -0.1455
    t+2   | +0.1399  -0.1049  -0.0222  +0.2772  +0.1152  -0.3010
    t+3   | +0.1645  -0.0253  -0.0895  +0.2951  +0.0629  -0.2437
    t+4   | +0.1678  -0.0000  -0.1111  +0.3069  +0.0078  -0.1695
[12:39:11] # 1322 [bench] e2e= 1029.0ms  infer= 1025.2ms  cap=  3.6ms
    t+0   | +0.1656  +0.1257  -0.4155  +0.4784  +0.0452  -0.2052
    t+1   | +0.1908  +0.1163  -0.3559  +0.4460  -0.0094  -0.1513
    t+2   | +0.2415  +0.1546  -0.3962  +0.5209  +0.1091  -0.1183
    t+3   | +0.2773  +0.1292  -0.3546  +0.4566  +0.1112  +0.0677
    t+4   | +0.2460  +0.0807  -0.2608  +0.3837  +0.0594  -0.0345
[12:39:12] # 1323 [bench] e2e= 1031.8ms  infer= 1029.4ms  cap=  2.3ms
    t+0   | +0.1729  -0.0246  -0.1408  +0.2723  -0.0678  -0.3155
    t+1   | +0.1173  -0.0191  -0.1739  +0.2487  -0.1066  -0.3180
    t+2   | +0.1115  -0.0326  -0.1930  +0.2514  -0.0930  -0.3139
    t+3   | +0.1285  -0.0538  -0.1946  +0.2263  -0.0991  -0.2640
    t+4   | +0.1241  -0.0555  -0.1686  +0.2650  -0.0903  -0.2743
[12:39:13] # 1324 [bench] e2e= 1030.0ms  infer= 1026.9ms  cap=  3.0ms
    t+0   | +0.2216  +0.0960  -0.1801  +0.3226  +0.0657  +1.0011
    t+1   | +0.1127  +0.0764  -0.1875  +0.2723  +0.0910  +0.6314
    t+2   | +0.0453  +0.0649  -0.1982  +0.2517  +0.0700  +0.2231
    t+3   | +0.0795  +0.0401  -0.2225  +0.2584  +0.0196  +0.2601
    t+4   | +0.0774  +0.0065  -0.1962  +0.2478  +0.0074  -0.1741
[12:39:14] # 1325 [bench] e2e= 1029.3ms  infer= 1026.6ms  cap=  2.6ms
    t+0   | +0.1520  +0.0105  -0.1327  +0.2800  +0.2099  -0.2966
    t+1   | +0.1287  +0.0049  -0.1638  +0.2824  +0.2526  -0.3291
    t+2   | +0.1111  +0.0303  -0.1834  +0.2765  +0.2295  -0.4036
    t+3   | +0.0518  +0.0524  -0.1820  +0.2144  +0.2474  -0.5498
    t+4   | +0.0419  +0.0428  -0.1744  +0.2089  +0.1790  -0.5703

  [live] after 1320 bench steps — e2e mean=1036.9ms  |  max replan freq=0.96 Hz  |  max control freq=4.82 Hz (n_action_steps=5)

[12:39:15] # 1326 [bench] e2e= 1032.7ms  infer= 1029.9ms  cap=  2.7ms
    t+0   | +0.1203  -0.0326  -0.0294  +0.2033  +0.1546  -0.6925
    t+1   | +0.0700  -0.0588  -0.0114  +0.1662  +0.2191  -0.7067
    t+2   | +0.0726  -0.0822  -0.0154  +0.1711  +0.1840  -0.6856
    t+3   | +0.0709  -0.1112  -0.0445  +0.1917  +0.1159  -0.6624
    t+4   | +0.1059  -0.0426  -0.0985  +0.2442  +0.0772  -0.6494
[12:39:16] # 1327 [bench] e2e= 1026.2ms  infer= 1023.4ms  cap=  2.6ms
    t+0   | +0.0893  -0.1317  -0.0208  +0.1457  -0.1418  -0.6526
    t+1   | +0.1473  -0.0633  -0.0388  +0.1758  -0.0300  -0.6437
    t+2   | +0.1614  -0.0892  -0.0279  +0.1967  +0.0603  -0.7020
    t+3   | +0.1623  -0.1037  -0.0203  +0.2492  +0.0573  -0.6802
    t+4   | +0.1461  -0.1069  -0.0360  +0.2575  +0.0643  -0.6666
[12:39:17] # 1328 [bench] e2e= 1029.4ms  infer= 1026.8ms  cap=  2.4ms
    t+0   | +0.1087  -0.1189  -0.0614  +0.2621  +0.1510  -0.2399
    t+1   | +0.0064  -0.1301  -0.0182  +0.2265  +0.1016  -0.2160
    t+2   | +0.0079  -0.0804  -0.0465  +0.2315  +0.0225  -0.1212
    t+3   | +0.0418  -0.0246  -0.1119  +0.2594  -0.0012  +0.0667
    t+4   | +0.0691  -0.0215  -0.1440  +0.2678  -0.0066  -0.0413
[12:39:18] # 1329 [bench] e2e= 1027.6ms  infer= 1024.8ms  cap=  2.6ms
    t+0   | +0.2646  +0.1454  -0.3156  +0.4267  +0.0327  +0.0106
    t+1   | +0.2187  +0.0945  -0.2399  +0.3852  +0.1082  -0.1312
    t+2   | +0.2042  +0.1057  -0.2163  +0.4032  +0.2178  -0.1852
    t+3   | +0.2162  +0.0703  -0.2229  +0.3603  +0.2298  -0.1731
    t+4   | +0.2113  +0.0276  -0.1815  +0.3023  +0.2019  -0.2344
[12:39:19] # 1330 [bench] e2e= 1030.9ms  infer= 1027.5ms  cap=  3.2ms
    t+0   | -0.0802  -0.1324  +0.0431  +0.1598  +0.0679  -0.2650
    t+1   | -0.0441  -0.0950  -0.0187  +0.1703  +0.0496  -0.3050
    t+2   | +0.0502  -0.0679  -0.1086  +0.2057  +0.0478  -0.2516
    t+3   | +0.0602  -0.0609  -0.1539  +0.2137  +0.1031  -0.2294
    t+4   | +0.1034  -0.0313  -0.1738  +0.2376  +0.0939  -0.2334
[12:39:20] # 1331 [bench] e2e= 1031.8ms  infer= 1029.1ms  cap=  2.5ms
    t+0   | +0.1454  +0.1941  -0.4260  +0.4054  +0.0879  +0.1210
    t+1   | +0.1978  +0.2738  -0.5231  +0.3956  +0.1589  -0.0916
    t+2   | +0.2183  +0.2836  -0.4932  +0.3570  +0.1664  -0.1454
    t+3   | +0.2123  +0.2036  -0.3908  +0.3378  +0.1687  -0.1917
    t+4   | +0.1782  +0.1555  -0.3034  +0.2745  +0.2170  -0.4057
[12:39:21] # 1332 [bench] e2e= 1034.0ms  infer= 1030.8ms  cap=  3.1ms
    t+0   | +0.0150  -0.0180  -0.2546  +0.3290  -0.0392  -0.2590
    t+1   | -0.0339  +0.0388  -0.3139  +0.3338  -0.0174  -0.1605
    t+2   | -0.0310  -0.0350  -0.2557  +0.2926  +0.0197  -0.1764
    t+3   | +0.0144  -0.0550  -0.2293  +0.3153  +0.0021  -0.1704
    t+4   | +0.0695  -0.0237  -0.2501  +0.3601  -0.0115  +0.0062
[12:39:22] # 1333 [bench] e2e= 1040.0ms  infer= 1036.5ms  cap=  3.3ms
    t+0   | +0.1348  -0.0960  -0.0695  +0.1981  +0.1192  -0.7308
    t+1   | +0.1466  -0.0341  -0.1253  +0.2259  +0.2317  -0.7445
    t+2   | +0.1268  +0.0210  -0.1502  +0.2575  +0.2193  -0.5449
    t+3   | +0.1461  +0.0769  -0.1744  +0.2641  +0.1814  -0.0131
    t+4   | +0.1352  +0.0771  -0.1665  +0.2731  +0.2080  -0.3870
[12:39:23] # 1334 [bench] e2e= 1029.1ms  infer= 1025.7ms  cap=  3.2ms
    t+0   | +0.3223  +0.1373  -0.1582  +0.3494  -0.0458  +0.4515
    t+1   | +0.3172  +0.1499  -0.1304  +0.3438  -0.1060  +0.4210
    t+2   | +0.2739  +0.1444  -0.1307  +0.3025  -0.1001  +0.3030
    t+3   | +0.2343  +0.1036  -0.1239  +0.2932  -0.0816  +0.2654
    t+4   | +0.2015  +0.0644  -0.0902  +0.2755  -0.0823  +0.3568
[12:39:24] # 1335 [bench] e2e= 1028.6ms  infer= 1025.5ms  cap=  3.0ms
    t+0   | +0.0234  +0.0920  -0.1371  +0.2734  +0.0078  +0.0873
    t+1   | +0.0441  +0.1164  -0.2506  +0.3065  -0.0340  -0.0713
    t+2   | +0.0543  +0.1256  -0.2629  +0.2835  -0.0542  -0.1277
    t+3   | +0.0711  +0.0708  -0.1935  +0.2642  -0.0614  -0.1494
    t+4   | +0.0849  +0.0794  -0.1750  +0.2703  -0.0582  -0.0405
[12:39:25] # 1336 [bench] e2e= 1029.0ms  infer= 1025.0ms  cap=  3.8ms
    t+0   | +0.1193  -0.0198  -0.3209  +0.2986  +0.0657  -0.6344
    t+1   | +0.1239  -0.0421  -0.2406  +0.2831  +0.0291  -0.4291
    t+2   | +0.1716  +0.0300  -0.3036  +0.3714  +0.0628  -0.0936
    t+3   | +0.1912  +0.0370  -0.2839  +0.3502  +0.0828  -0.2790
    t+4   | +0.1732  +0.0553  -0.2610  +0.3204  +0.0623  -0.2406
[12:39:26] # 1337 [bench] e2e= 1025.9ms  infer= 1023.0ms  cap=  2.8ms
    t+0   | +0.1961  +0.1500  -0.2370  +0.3228  +0.1023  -0.5202
    t+1   | +0.1522  +0.1796  -0.3001  +0.3194  +0.0853  -0.5370
    t+2   | +0.1319  +0.2351  -0.3684  +0.3531  +0.0598  -0.3642
    t+3   | +0.0632  +0.2385  -0.3254  +0.3547  +0.1341  -0.3894
    t+4   | +0.0561  +0.2136  -0.2773  +0.3397  +0.1405  -0.4722
[12:39:27] # 1338 [bench] e2e= 1029.6ms  infer= 1026.2ms  cap=  3.2ms
    t+0   | +0.2010  +0.0576  -0.0789  +0.2771  +0.3139  -0.4515
    t+1   | +0.1427  +0.0161  -0.1083  +0.2784  +0.2551  -0.2611
    t+2   | +0.1542  +0.0435  -0.2012  +0.3319  +0.2111  -0.0321
    t+3   | +0.1898  +0.1122  -0.3366  +0.3600  +0.1508  +0.0023
    t+4   | +0.1848  +0.1662  -0.4053  +0.3999  +0.1355  -0.0075
[12:39:28] # 1339 [bench] e2e= 1031.7ms  infer= 1028.9ms  cap=  2.7ms
    t+0   | +0.2174  +0.2610  -0.4957  +0.4034  -0.0389  -0.2142
    t+1   | +0.1591  +0.2231  -0.4715  +0.3911  -0.0101  -0.1824
    t+2   | +0.1212  +0.1813  -0.4230  +0.3612  -0.0420  -0.1547
    t+3   | +0.0790  +0.1635  -0.3799  +0.3462  -0.0288  -0.1942
    t+4   | +0.0608  +0.1281  -0.3237  +0.3348  -0.0277  -0.2280
[12:39:29] # 1340 [bench] e2e= 1029.0ms  infer= 1025.3ms  cap=  3.4ms
    t+0   | +0.1194  +0.0349  -0.1794  +0.3083  +0.1043  +0.1457
    t+1   | +0.0741  +0.0497  -0.1748  +0.3134  +0.2243  +0.0407
    t+2   | +0.0488  +0.0279  -0.1259  +0.2945  +0.1903  -0.2123
    t+3   | +0.0604  +0.0275  -0.1234  +0.2719  +0.2371  -0.5047
    t+4   | +0.0329  +0.0610  -0.1328  +0.2761  +0.2864  -0.6120
[12:39:30] # 1341 [bench] e2e= 1031.4ms  infer= 1028.1ms  cap=  3.2ms
    t+0   | +0.0813  +0.1289  -0.4152  +0.3921  +0.1577  -0.1816
    t+1   | +0.0359  +0.2240  -0.5732  +0.4032  +0.0450  -0.2150
    t+2   | +0.0419  +0.1763  -0.5108  +0.3450  -0.0142  -0.2074
    t+3   | +0.0378  +0.1424  -0.4322  +0.3326  -0.0811  -0.1779
    t+4   | +0.0536  +0.1630  -0.4244  +0.3499  -0.0812  -0.1452
[12:39:31] # 1342 [bench] e2e= 1028.7ms  infer= 1025.8ms  cap=  2.7ms
    t+0   | +0.2639  +0.0167  -0.0765  +0.2506  -0.0125  -0.2064
    t+1   | +0.2604  +0.0452  -0.0738  +0.2709  +0.0383  -0.1046
    t+2   | +0.2423  +0.0469  -0.1129  +0.3049  +0.0840  -0.0952
    t+3   | +0.2226  +0.0690  -0.1441  +0.3263  +0.0613  -0.0148
    t+4   | +0.2340  +0.1067  -0.1866  +0.3525  +0.0432  +0.0622
[12:39:33] # 1343 [bench] e2e= 1035.1ms  infer= 1032.2ms  cap=  2.8ms
    t+0   | +0.2145  -0.0338  -0.1288  +0.2808  -0.0192  +0.0325
    t+1   | +0.2579  +0.0141  -0.1894  +0.2907  +0.0318  +0.0103
    t+2   | +0.2287  +0.0739  -0.1834  +0.3133  +0.0366  -0.0014
    t+3   | +0.2082  +0.0628  -0.1878  +0.2972  -0.0356  -0.0799
    t+4   | +0.2073  +0.0724  -0.1914  +0.2698  -0.0737  -0.0978
[12:39:34] # 1344 [bench] e2e= 1031.4ms  infer= 1028.4ms  cap=  2.8ms
    t+0   | +0.0211  +0.0599  -0.1692  +0.3098  +0.0591  -0.1310
    t+1   | +0.0333  +0.1218  -0.2034  +0.3063  +0.0510  -0.2009
    t+2   | +0.0295  +0.1878  -0.2748  +0.3174  +0.1005  -0.1487
    t+3   | +0.0991  +0.1704  -0.2449  +0.3423  +0.0520  -0.0123
    t+4   | +0.1046  +0.1644  -0.2623  +0.3545  +0.0766  -0.0650
[12:39:35] # 1345 [bench] e2e= 1026.9ms  infer= 1023.6ms  cap=  3.2ms
    t+0   | +0.0751  +0.0523  -0.1409  +0.2375  +0.0307  -0.1846
    t+1   | +0.1172  +0.1026  -0.2789  +0.3132  +0.0588  -0.1739
    t+2   | +0.1536  +0.0675  -0.2489  +0.3104  +0.0651  -0.1953
    t+3   | +0.1857  +0.0879  -0.2352  +0.3124  +0.0506  -0.1678
    t+4   | +0.1572  +0.1270  -0.2357  +0.2900  +0.0155  -0.1240

  [live] after 1340 bench steps — e2e mean=1036.8ms  |  max replan freq=0.96 Hz  |  max control freq=4.82 Hz (n_action_steps=5)

[12:39:36] # 1346 [bench] e2e= 1029.1ms  infer= 1025.6ms  cap=  3.3ms
    t+0   | +0.0468  -0.0138  -0.0831  +0.2908  -0.2523  +0.2757
    t+1   | -0.0670  +0.0831  -0.1950  +0.3535  -0.2699  +0.1494
    t+2   | -0.0238  +0.0598  -0.2074  +0.3368  -0.2399  +0.1137
    t+3   | -0.0038  +0.0183  -0.2085  +0.3226  -0.2169  +0.0833
    t+4   | -0.0208  +0.0294  -0.1521  +0.3021  -0.1540  +0.1175
[12:39:37] # 1347 [bench] e2e= 1046.4ms  infer= 1043.5ms  cap=  2.7ms
    t+0   | +0.1405  -0.0573  -0.1288  +0.2903  -0.1745  -0.1082
    t+1   | +0.1941  -0.0033  -0.1368  +0.3002  -0.1503  +0.0198
    t+2   | +0.2107  +0.0268  -0.1633  +0.3068  -0.0790  +0.0339
    t+3   | +0.2449  +0.0297  -0.1550  +0.3175  -0.0314  +0.3092
    t+4   | +0.2781  +0.0560  -0.1483  +0.3118  -0.0040  +0.2667
[12:39:38] # 1348 [bench] e2e= 1031.2ms  infer= 1028.3ms  cap=  2.7ms
    t+0   | +0.0670  -0.0874  -0.0676  +0.1723  +0.2456  -0.5558
    t+1   | +0.0833  -0.1187  -0.0570  +0.1541  +0.2513  -0.5084
    t+2   | +0.1105  -0.0778  -0.0837  +0.2101  +0.1856  -0.2552
    t+3   | +0.1790  +0.0044  -0.1627  +0.2950  +0.1393  +0.0917
    t+4   | +0.2257  +0.0422  -0.1973  +0.3164  +0.1272  +0.0015
[12:39:39] # 1349 [bench] e2e= 1062.3ms  infer= 1059.6ms  cap=  2.4ms
    t+0   | +0.0145  -0.1174  +0.0398  +0.2111  +0.1840  -0.0696
    t+1   | -0.0009  +0.0359  -0.0862  +0.2412  +0.2777  -0.1879
    t+2   | +0.0626  +0.0896  -0.1522  +0.2334  +0.2126  -0.2672
    t+3   | +0.0879  +0.1789  -0.2359  +0.2413  +0.2461  -0.3531
    t+4   | +0.1038  +0.1483  -0.2116  +0.2314  +0.2745  -0.3128
[12:39:40] # 1350 [bench] e2e= 1047.5ms  infer= 1044.9ms  cap=  2.5ms
    t+0   | +0.1021  +0.0365  -0.1158  +0.2743  +0.0640  -0.2096
    t+1   | +0.1086  +0.0023  -0.1120  +0.2791  +0.0286  -0.2702
    t+2   | +0.1089  -0.0186  -0.1437  +0.2614  +0.0328  -0.3668
    t+3   | +0.0090  -0.0292  -0.1462  +0.2400  +0.0436  -0.4609
    t+4   | -0.0037  -0.0323  -0.1587  +0.2342  +0.0165  -0.4594
[12:39:41] # 1351 [bench] e2e= 1034.5ms  infer= 1031.1ms  cap=  3.2ms
    t+0   | +0.1280  -0.0535  -0.1326  +0.2987  -0.0319  +0.3078
    t+1   | +0.0521  -0.0978  -0.1293  +0.2619  -0.0482  -0.0672
    t+2   | +0.0580  -0.0715  -0.1588  +0.2498  -0.0190  -0.0885
    t+3   | +0.1400  -0.0345  -0.1699  +0.2793  +0.0288  -0.0236
    t+4   | +0.1617  +0.0156  -0.1591  +0.2907  +0.0305  +0.0032
[12:39:42] # 1352 [bench] e2e= 1033.5ms  infer= 1030.2ms  cap=  3.1ms
    t+0   | -0.1390  -0.1179  -0.0564  +0.1864  +0.0833  -0.3587
    t+1   | -0.0371  -0.0805  -0.1060  +0.2177  +0.1209  -0.2161
    t+2   | -0.0259  -0.0620  -0.1043  +0.2267  +0.2818  -0.1650
    t+3   | +0.0060  -0.0889  -0.1109  +0.2217  +0.3082  -0.1519
    t+4   | +0.0486  -0.1212  -0.0684  +0.2396  +0.4070  -0.0737
[12:39:43] # 1353 [bench] e2e= 1029.3ms  infer= 1025.7ms  cap=  3.4ms
    t+0   | +0.3537  +0.0862  -0.1630  +0.3071  +0.0381  -0.0491
    t+1   | +0.3331  +0.0795  -0.1443  +0.2754  -0.0014  +0.0596
    t+2   | +0.2985  +0.0632  -0.1108  +0.2541  +0.0100  -0.0740
    t+3   | +0.2410  +0.0682  -0.1114  +0.3008  +0.0727  -0.0952
    t+4   | +0.2202  +0.0996  -0.1094  +0.3436  +0.1631  -0.1287
[12:39:44] # 1354 [bench] e2e= 1026.8ms  infer= 1023.3ms  cap=  3.4ms
    t+0   | +0.1405  -0.1083  -0.0195  +0.2009  -0.0650  -0.2162
    t+1   | +0.1044  -0.1026  -0.0639  +0.1737  -0.1117  -0.2339
    t+2   | +0.1103  -0.0546  -0.0984  +0.2083  -0.1853  -0.2001
    t+3   | +0.1565  +0.0329  -0.1304  +0.2556  -0.2021  -0.1447
    t+4   | +0.1227  +0.0559  -0.1674  +0.2519  -0.2211  -0.2007
[12:39:45] # 1355 [bench] e2e= 1027.6ms  infer= 1024.3ms  cap=  3.2ms
    t+0   | -0.0176  -0.1001  -0.0393  +0.1849  -0.0239  -0.4179
    t+1   | +0.0265  -0.0227  -0.1354  +0.2531  -0.0307  -0.2386
    t+2   | +0.0146  -0.0105  -0.2537  +0.2787  -0.0661  -0.3456
    t+3   | -0.0127  -0.0013  -0.2978  +0.2524  -0.0991  -0.5306
    t+4   | -0.0893  -0.0013  -0.3685  +0.2275  -0.1610  -0.5596
[12:39:46] # 1356 [bench] e2e= 1027.2ms  infer= 1023.8ms  cap=  3.2ms
    t+0   | +0.2013  +0.0017  -0.0826  +0.2730  +0.0477  -0.1001
    t+1   | +0.1593  -0.0266  -0.0658  +0.2566  +0.0728  -0.2133
    t+2   | +0.1270  +0.0200  -0.0866  +0.2815  +0.1033  -0.2442
    t+3   | +0.1071  +0.0034  -0.1152  +0.2442  +0.0924  -0.2548
    t+4   | +0.0823  -0.0098  -0.0898  +0.2299  +0.0470  -0.2821
[12:39:47] # 1357 [bench] e2e= 1027.2ms  infer= 1023.4ms  cap=  3.7ms
    t+0   | +0.1424  +0.0632  -0.2025  +0.3201  -0.1356  -0.0555
    t+1   | +0.0955  +0.0512  -0.1519  +0.2810  -0.1639  -0.0109
    t+2   | +0.0748  -0.0143  -0.0745  +0.2347  -0.1551  -0.0727
    t+3   | -0.0098  -0.1277  +0.0242  +0.1461  -0.1649  -0.1812
    t+4   | +0.0097  -0.1343  +0.0163  +0.1782  -0.1466  -0.2503
[12:39:48] # 1358 [bench] e2e= 1028.5ms  infer= 1025.5ms  cap=  2.9ms
    t+0   | +0.1823  +0.0564  -0.3080  +0.3506  -0.1215  -0.2849
    t+1   | +0.1616  -0.0192  -0.1623  +0.2770  -0.0796  -0.2123
    t+2   | +0.1287  -0.0552  -0.0774  +0.2505  -0.0713  -0.2318
    t+3   | +0.1144  -0.0383  -0.0659  +0.2269  -0.0877  -0.2286
    t+4   | +0.1186  +0.0047  -0.0795  +0.2274  -0.1040  -0.2613
[12:39:49] # 1359 [bench] e2e= 1045.1ms  infer= 1041.5ms  cap=  3.4ms
    t+0   | +0.0495  +0.0687  -0.2061  +0.3583  -0.0600  -0.1063
    t+1   | +0.0377  +0.1008  -0.2171  +0.3958  -0.0307  -0.1378
    t+2   | +0.0163  +0.0154  -0.2028  +0.3531  -0.0551  -0.2451
    t+3   | +0.0070  -0.0481  -0.1917  +0.2920  -0.1034  -0.2323
    t+4   | +0.0364  -0.0509  -0.1851  +0.3039  -0.1048  -0.2075
[12:39:50] # 1360 [bench] e2e= 1034.6ms  infer= 1031.1ms  cap=  3.4ms
    t+0   | -0.1153  -0.0425  -0.1869  +0.2965  -0.0975  -0.2869
    t+1   | -0.0174  -0.0202  -0.1641  +0.2871  -0.1064  -0.1964
    t+2   | -0.0222  +0.0008  -0.1371  +0.2805  +0.0097  -0.1232
    t+3   | +0.0283  -0.0378  -0.0979  +0.2561  +0.0027  -0.2059
    t+4   | +0.0495  -0.0122  -0.1150  +0.2955  +0.0210  -0.2175
[12:39:51] # 1361 [bench] e2e= 1029.4ms  infer= 1025.8ms  cap=  3.4ms
    t+0   | +0.1925  +0.0578  -0.1307  +0.2877  +0.0126  +0.0687
    t+1   | +0.2053  +0.1002  -0.1853  +0.3118  +0.0181  +0.1660
    t+2   | +0.2222  +0.0933  -0.1924  +0.3004  +0.0153  +0.2028
    t+3   | +0.2247  +0.0840  -0.1852  +0.2871  -0.0380  +0.2840
    t+4   | +0.2158  +0.0908  -0.1748  +0.2810  -0.0377  +0.1319
[12:39:52] # 1362 [bench] e2e= 1028.8ms  infer= 1025.4ms  cap=  3.3ms
    t+0   | +0.1775  +0.1134  -0.1940  +0.3150  -0.2583  +0.2785
    t+1   | +0.1786  +0.0372  -0.1423  +0.2896  -0.1552  +0.0031
    t+2   | +0.1533  -0.0091  -0.0885  +0.2655  -0.1069  -0.0873
    t+3   | +0.1049  -0.0321  -0.0667  +0.2610  -0.0917  -0.1476
    t+4   | +0.0637  -0.0637  -0.0525  +0.2417  -0.0969  -0.2336
[12:39:53] # 1363 [bench] e2e= 1024.4ms  infer= 1021.8ms  cap=  2.4ms
    t+0   | +0.0473  -0.0944  -0.1163  +0.2691  -0.2810  -0.7055
    t+1   | +0.0891  -0.1063  -0.0972  +0.2316  -0.2152  -0.6674
    t+2   | +0.0719  -0.0769  -0.1002  +0.1931  -0.1588  -0.5455
    t+3   | +0.0710  -0.0474  -0.1337  +0.1879  -0.1487  -0.5843
    t+4   | +0.0614  -0.0584  -0.1126  +0.1713  -0.1413  -0.6314
[12:39:54] # 1364 [bench] e2e= 1030.6ms  infer= 1027.8ms  cap=  2.7ms
    t+0   | -0.0577  -0.0613  -0.1072  +0.2185  +0.0100  -0.2446
    t+1   | -0.0248  -0.0100  -0.0992  +0.2089  +0.0456  -0.1990
    t+2   | +0.0402  +0.0018  -0.0995  +0.1911  +0.0472  -0.1750
    t+3   | +0.1176  +0.0292  -0.1317  +0.2818  +0.1272  -0.1517
    t+4   | +0.1276  +0.0618  -0.1683  +0.3163  +0.1633  -0.3391
[12:39:55] # 1365 [bench] e2e= 1024.7ms  infer= 1021.1ms  cap=  3.4ms
    t+0   | +0.1972  -0.0073  -0.0788  +0.3156  +0.2212  -0.0480
    t+1   | +0.1584  -0.0364  -0.0844  +0.3109  +0.1933  -0.3257
    t+2   | +0.1580  +0.0016  -0.1191  +0.2790  +0.2935  -0.4044
    t+3   | +0.1470  +0.0433  -0.1454  +0.2854  +0.2559  -0.4811
    t+4   | +0.1622  +0.0997  -0.1765  +0.2847  +0.2679  -0.4761

  [live] after 1360 bench steps — e2e mean=1036.7ms  |  max replan freq=0.96 Hz  |  max control freq=4.82 Hz (n_action_steps=5)

[12:39:56] # 1366 [bench] e2e= 1031.0ms  infer= 1027.4ms  cap=  3.4ms
    t+0   | +0.0753  -0.0542  -0.0703  +0.2452  +0.0441  -0.2587
    t+1   | +0.0723  +0.0166  -0.1531  +0.3092  +0.0300  -0.2950
    t+2   | +0.0677  +0.0251  -0.1241  +0.2755  +0.0898  -0.3169
    t+3   | +0.0710  +0.0151  -0.0832  +0.2391  +0.0673  -0.4611
    t+4   | +0.1100  +0.0109  -0.0536  +0.2515  +0.0916  -0.3872
[12:39:57] # 1367 [bench] e2e= 1047.5ms  infer= 1044.0ms  cap=  3.4ms
    t+0   | +0.0586  -0.0326  -0.1370  +0.2403  +0.0177  -0.2236
    t+1   | +0.0360  -0.1139  -0.1231  +0.2092  -0.0025  -0.1894
    t+2   | -0.0351  -0.1805  -0.0864  +0.1868  -0.0489  -0.2328
    t+3   | -0.0280  -0.1898  -0.1073  +0.1837  -0.1485  -0.3686
    t+4   | +0.0037  -0.1797  -0.0799  +0.1647  -0.2041  -0.3718
[12:39:58] # 1368 [bench] e2e= 1031.8ms  infer= 1028.2ms  cap=  3.3ms
    t+0   | +0.0923  -0.1156  -0.0179  +0.1606  -0.0118  -0.3507
    t+1   | +0.0860  -0.1068  -0.0551  +0.1319  -0.0006  -0.0896
    t+2   | +0.0814  -0.1212  -0.0849  +0.1584  +0.0318  -0.0350
    t+3   | +0.1123  -0.1293  -0.0841  +0.1324  +0.0819  -0.0628
    t+4   | +0.0886  -0.0747  -0.0352  +0.1641  +0.0871  -0.0584
[12:39:59] # 1369 [bench] e2e= 1079.6ms  infer= 1076.3ms  cap=  3.1ms
    t+0   | +0.1735  +0.0454  -0.0942  +0.2724  +0.0271  +0.0494
    t+1   | +0.1768  +0.0582  -0.1261  +0.2833  +0.0150  +0.0575
    t+2   | +0.1420  +0.0377  -0.1560  +0.3010  -0.0730  -0.1049
    t+3   | +0.1045  +0.0094  -0.1558  +0.2809  -0.1113  -0.1939
    t+4   | +0.0921  +0.0418  -0.1888  +0.2708  -0.0825  -0.1935
[12:40:01] # 1370 [bench] e2e= 1066.8ms  infer= 1063.4ms  cap=  3.2ms
    t+0   | +0.2758  -0.0121  -0.0691  +0.2609  +0.0012  -0.1092
    t+1   | +0.2127  +0.0007  -0.0641  +0.2628  +0.0353  -0.0318
    t+2   | +0.1939  -0.0467  -0.0888  +0.2375  +0.0955  +0.0957
    t+3   | +0.1852  -0.0650  -0.0860  +0.2369  +0.1274  +0.1180
    t+4   | +0.2372  -0.0373  -0.0886  +0.2436  +0.0984  +0.0416
[12:40:02] # 1371 [bench] e2e= 1044.1ms  infer= 1040.7ms  cap=  3.1ms
    t+0   | +0.1455  +0.1257  -0.3226  +0.3407  -0.0798  +0.0552
    t+1   | +0.0370  +0.0654  -0.3071  +0.3328  -0.1094  -0.1299
    t+2   | +0.0030  +0.0418  -0.2816  +0.3451  -0.1108  -0.1324
    t+3   | -0.0221  +0.0215  -0.2611  +0.3382  -0.0956  -0.1372
    t+4   | -0.0345  +0.0221  -0.2521  +0.3248  -0.0983  -0.1684
[12:40:03] # 1372 [bench] e2e= 1058.2ms  infer= 1055.9ms  cap=  2.1ms
    t+0   | +0.0904  -0.0517  -0.1646  +0.2362  -0.1695  -0.7100
    t+1   | +0.0442  -0.0441  -0.1427  +0.2184  -0.1642  -0.6749
    t+2   | +0.0555  -0.0119  -0.1406  +0.1875  -0.1997  -0.4996
    t+3   | +0.1032  +0.0862  -0.1893  +0.1870  -0.2032  -0.2945
    t+4   | +0.0879  +0.1619  -0.2507  +0.2064  -0.3092  -0.2235
[12:40:04] # 1373 [bench] e2e= 1040.3ms  infer= 1038.0ms  cap=  2.1ms
    t+0   | +0.2420  -0.0359  -0.1130  +0.2683  +0.0744  -0.3142
    t+1   | +0.2204  -0.0341  -0.0762  +0.2342  +0.0833  -0.2648
    t+2   | +0.2498  +0.0299  -0.0923  +0.2553  +0.0442  -0.3055
    t+3   | +0.2478  +0.0795  -0.0917  +0.2730  +0.0241  -0.2472
    t+4   | +0.1841  +0.1223  -0.1296  +0.2917  +0.0430  -0.0708
[12:40:05] # 1374 [bench] e2e= 1024.7ms  infer= 1021.8ms  cap=  2.7ms
    t+0   | +0.1605  -0.0673  -0.0452  +0.2460  -0.0659  +0.0517
    t+1   | +0.1344  -0.0307  -0.0669  +0.2667  -0.0446  -0.0004
    t+2   | +0.1226  -0.0244  -0.1018  +0.2336  -0.0322  -0.0885
    t+3   | +0.1180  -0.0157  -0.1116  +0.2193  -0.0585  -0.1185
    t+4   | +0.0120  -0.0107  -0.1184  +0.2276  -0.1002  -0.1273
[12:40:06] # 1375 [bench] e2e= 1030.7ms  infer= 1027.8ms  cap=  2.7ms
    t+0   | +0.0962  -0.2001  +0.0070  +0.1918  +0.0303  -0.6337
    t+1   | +0.0746  -0.1773  +0.0307  +0.1908  +0.0975  -0.6616
    t+2   | +0.0994  -0.1563  +0.0511  +0.1675  +0.1136  -0.6442
    t+3   | +0.1552  -0.1338  +0.0020  +0.1840  +0.1098  -0.5081
    t+4   | +0.1217  -0.1127  -0.0272  +0.1896  +0.0474  -0.4352
[12:40:07] # 1376 [bench] e2e= 1029.7ms  infer= 1027.1ms  cap=  2.5ms
    t+0   | +0.0750  -0.1281  +0.0595  +0.1450  +0.0048  -0.4266
    t+1   | +0.0347  -0.0880  +0.0473  +0.1290  -0.0329  -0.3765
    t+2   | +0.0573  -0.0223  -0.0131  +0.1542  -0.0441  -0.3386
    t+3   | +0.0127  -0.0105  -0.0567  +0.1625  -0.0197  -0.4000
    t+4   | -0.0271  +0.0141  -0.0535  +0.1533  -0.0180  -0.5186
[12:40:08] # 1377 [bench] e2e= 1033.0ms  infer= 1030.5ms  cap=  2.3ms
    t+0   | +0.0975  -0.1698  +0.0457  +0.2295  +0.2615  -0.1132
    t+1   | +0.0706  -0.1269  +0.0448  +0.2183  +0.3406  -0.0452
    t+2   | +0.0898  -0.0517  -0.0061  +0.2170  +0.2405  -0.0228
    t+3   | +0.1236  -0.0289  -0.0060  +0.2478  +0.2338  +0.0111
    t+4   | +0.1864  -0.0243  -0.0004  +0.2688  +0.2306  +0.0415
[12:40:09] # 1378 [bench] e2e= 1033.2ms  infer= 1030.9ms  cap=  2.1ms
    t+0   | +0.0658  +0.0372  -0.1679  +0.2439  +0.0514  -0.4295
    t+1   | +0.0450  +0.0344  -0.1613  +0.2493  +0.0392  -0.3486
    t+2   | +0.0356  +0.0127  -0.1939  +0.2269  +0.0106  -0.3263
    t+3   | +0.0741  +0.0129  -0.2077  +0.2140  -0.0226  -0.3724
    t+4   | +0.0717  +0.0054  -0.1811  +0.1873  -0.0135  -0.4968
[12:40:10] # 1379 [bench] e2e= 1028.0ms  infer= 1025.5ms  cap=  2.3ms
    t+0   | +0.1813  +0.1320  -0.3163  +0.3296  +0.1535  +0.2457
    t+1   | +0.2002  +0.1042  -0.3746  +0.3413  +0.1519  +0.0712
    t+2   | +0.1870  +0.0806  -0.3130  +0.3105  +0.1107  +0.0395
    t+3   | +0.1903  +0.0426  -0.2125  +0.3021  +0.0911  +0.0140
    t+4   | +0.2117  +0.0442  -0.2037  +0.3395  +0.0444  +0.0004
[12:40:11] # 1380 [bench] e2e= 1031.5ms  infer= 1029.2ms  cap=  2.1ms
    t+0   | -0.0696  -0.0322  -0.1444  +0.1955  -0.1751  -0.1284
    t+1   | -0.0396  -0.0747  -0.1071  +0.1730  -0.1085  -0.1516
    t+2   | -0.0642  -0.0768  -0.0943  +0.1894  -0.0776  -0.1165
    t+3   | -0.1179  -0.0488  -0.1220  +0.1969  -0.0653  -0.0984
    t+4   | -0.1217  -0.0252  -0.1739  +0.1981  -0.0663  -0.0501
[12:40:12] # 1381 [bench] e2e= 1028.9ms  infer= 1026.6ms  cap=  2.1ms
    t+0   | +0.2913  +0.2214  -0.1840  +0.3688  -0.0345  +0.1437
    t+1   | +0.2172  +0.1859  -0.1004  +0.3080  -0.0602  -0.1086
    t+2   | +0.1596  +0.2125  -0.1137  +0.2624  +0.0404  -0.4767
    t+3   | +0.1313  +0.2005  -0.1109  +0.2378  +0.0807  -0.5703
    t+4   | +0.1037  +0.1823  -0.0955  +0.2152  +0.1092  -0.6358
[12:40:13] # 1382 [bench] e2e= 1029.0ms  infer= 1026.7ms  cap=  2.1ms
    t+0   | +0.0889  -0.1032  -0.0093  +0.1861  -0.0337  -0.0211
    t+1   | +0.0876  -0.0897  -0.0095  +0.1866  +0.0713  -0.0626
    t+2   | +0.0693  -0.0738  -0.0141  +0.1786  +0.1286  -0.0528
    t+3   | +0.0701  -0.0462  +0.0092  +0.1969  +0.1488  -0.0795
    t+4   | +0.1031  -0.0506  -0.0215  +0.1746  +0.1226  -0.1110
[12:40:14] # 1383 [bench] e2e= 1027.3ms  infer= 1025.0ms  cap=  2.1ms
    t+0   | +0.0642  +0.0626  -0.2238  +0.3112  +0.0858  -0.1110
    t+1   | +0.0754  +0.0781  -0.2771  +0.3441  +0.1291  -0.0586
    t+2   | +0.0895  +0.0896  -0.3435  +0.3445  +0.0669  -0.0633
    t+3   | +0.0666  +0.0955  -0.3241  +0.3701  +0.0437  -0.0774
    t+4   | +0.0771  +0.0757  -0.3250  +0.3475  +0.0500  -0.0427
[12:40:15] # 1384 [bench] e2e= 1026.8ms  infer= 1024.5ms  cap=  2.1ms
    t+0   | +0.2060  +0.0802  -0.1606  +0.2951  +0.0125  +0.0425
    t+1   | +0.1962  +0.0687  -0.1753  +0.3174  +0.1498  -0.0910
    t+2   | +0.1583  +0.0867  -0.2480  +0.3183  +0.1020  -0.0498
    t+3   | +0.1238  +0.0903  -0.2833  +0.3004  +0.1140  -0.0744
    t+4   | +0.1478  +0.0923  -0.2598  +0.3060  +0.0895  -0.1219
[12:40:16] # 1385 [bench] e2e= 1031.5ms  infer= 1029.0ms  cap=  2.3ms
    t+0   | +0.1273  -0.0327  -0.0519  +0.2584  +0.1378  +0.3128
    t+1   | +0.0586  -0.0452  -0.0542  +0.2073  +0.1004  +0.0964
    t+2   | +0.0200  -0.0454  -0.0820  +0.1743  +0.0369  -0.0029
    t+3   | +0.0147  +0.0101  -0.1395  +0.1915  -0.0051  -0.0238
    t+4   | +0.0912  +0.0558  -0.1497  +0.2393  -0.0365  -0.0094

  [live] after 1380 bench steps — e2e mean=1036.7ms  |  max replan freq=0.96 Hz  |  max control freq=4.82 Hz (n_action_steps=5)

[12:40:17] # 1386 [bench] e2e= 1027.8ms  infer= 1025.1ms  cap=  2.6ms
    t+0   | -0.1340  -0.0950  -0.0695  +0.1882  -0.1835  -0.0709
    t+1   | -0.1083  -0.0354  -0.1061  +0.2060  -0.0944  -0.1603
    t+2   | -0.0798  -0.0081  -0.1332  +0.2328  -0.0405  -0.1303
    t+3   | -0.0611  +0.0119  -0.1412  +0.2343  -0.0118  -0.1232
    t+4   | -0.0263  +0.0832  -0.2074  +0.3134  -0.0076  +0.4720
[12:40:18] # 1387 [bench] e2e= 1024.3ms  infer= 1021.8ms  cap=  2.3ms
    t+0   | +0.1946  +0.0161  -0.1514  +0.3361  +0.1392  +0.2835
    t+1   | +0.0565  -0.0060  -0.1737  +0.3216  +0.0245  +0.1857
    t+2   | +0.0681  -0.0575  -0.1448  +0.2963  +0.0372  +0.1880
    t+3   | +0.0413  -0.0516  -0.1434  +0.3206  +0.0236  +0.3724
    t+4   | +0.0882  -0.0345  -0.1657  +0.3537  -0.0810  +1.0540
[12:40:19] # 1388 [bench] e2e= 1028.6ms  infer= 1025.7ms  cap=  2.8ms
    t+0   | -0.0198  +0.1036  -0.2969  +0.3024  -0.0158  -0.4979
    t+1   | +0.0037  +0.0704  -0.2698  +0.2939  +0.0165  -0.4633
    t+2   | +0.0091  +0.0367  -0.2509  +0.2768  +0.0521  -0.3515
    t+3   | +0.0037  +0.0158  -0.2141  +0.2670  +0.0674  -0.1164
    t+4   | -0.0364  +0.0453  -0.2079  +0.2827  +0.0718  -0.0174
[12:40:20] # 1389 [bench] e2e= 1025.1ms  infer= 1021.3ms  cap=  3.5ms
    t+0   | -0.0301  -0.2623  +0.1178  +0.1285  +0.0346  -0.2464
    t+1   | -0.0117  -0.1795  +0.0671  +0.1705  -0.0051  -0.0710
    t+2   | +0.0129  -0.1086  +0.0421  +0.2133  +0.0115  +0.0474
    t+3   | +0.0549  -0.1021  -0.0030  +0.2486  +0.0458  +0.1455
    t+4   | +0.0940  -0.1307  -0.0763  +0.2651  +0.1040  +0.0074
[12:40:21] # 1390 [bench] e2e= 1030.2ms  infer= 1027.1ms  cap=  2.9ms
    t+0   | +0.2124  +0.0209  -0.1075  +0.2831  +0.0363  -0.1734
    t+1   | +0.1398  +0.0210  -0.0734  +0.2740  -0.0239  -0.1115
    t+2   | +0.0750  +0.0067  -0.0465  +0.2452  +0.1190  -0.2821
    t+3   | +0.0552  -0.0330  -0.0412  +0.2011  +0.0984  -0.4349
    t+4   | -0.0089  -0.0955  +0.0119  +0.1542  +0.1169  -0.6116
[12:40:22] # 1391 [bench] e2e= 1028.0ms  infer= 1025.2ms  cap=  2.6ms
    t+0   | +0.1650  -0.0018  -0.0621  +0.2175  +0.0415  -0.2946
    t+1   | +0.1715  +0.0326  -0.1317  +0.2243  +0.0079  -0.3839
    t+2   | +0.1413  +0.0539  -0.1756  +0.2511  -0.0527  -0.2630
    t+3   | +0.1274  +0.0676  -0.2215  +0.2305  -0.0500  -0.1188
    t+4   | +0.1153  +0.0757  -0.2566  +0.2766  -0.0517  +0.0958
[12:40:23] # 1392 [bench] e2e= 1030.1ms  infer= 1027.7ms  cap=  2.3ms
    t+0   | +0.0239  +0.0402  -0.1955  +0.2718  -0.0728  -0.0385
    t+1   | +0.0227  +0.0788  -0.2909  +0.3033  -0.1087  -0.0545
    t+2   | +0.0183  +0.0646  -0.2868  +0.2828  -0.1002  -0.1565
    t+3   | +0.0340  +0.0566  -0.2117  +0.2626  -0.0673  -0.2801
    t+4   | -0.0274  +0.0656  -0.2077  +0.2286  -0.1048  -0.3440
[12:40:24] # 1393 [bench] e2e= 1031.8ms  infer= 1029.2ms  cap=  2.5ms
    t+0   | +0.2760  +0.0850  -0.1603  +0.3048  -0.0610  +0.0792
    t+1   | +0.3123  +0.0800  -0.1370  +0.3029  -0.0821  -0.0379
    t+2   | +0.3316  +0.1000  -0.1507  +0.2804  -0.0714  -0.0422
    t+3   | +0.3268  +0.1352  -0.1560  +0.2989  -0.0810  -0.0158
    t+4   | +0.2692  +0.1242  -0.1524  +0.3052  -0.0860  -0.0319
[12:40:25] # 1394 [bench] e2e= 1030.5ms  infer= 1027.3ms  cap=  3.0ms
    t+0   | +0.0573  +0.0508  -0.1618  +0.2878  +0.0066  +0.0430
    t+1   | +0.0117  +0.0505  -0.2130  +0.2803  +0.0203  -0.0832
    t+2   | +0.0285  +0.0213  -0.2064  +0.2539  +0.0665  -0.1754
    t+3   | +0.0565  +0.0037  -0.1706  +0.2569  +0.0561  -0.1831
    t+4   | -0.0125  +0.0852  -0.2198  +0.2965  +0.0200  -0.1345
[12:40:26] # 1395 [bench] e2e= 1030.1ms  infer= 1026.8ms  cap=  3.1ms
    t+0   | -0.1174  -0.1052  +0.0444  +0.2219  +0.3848  -0.1186
    t+1   | -0.0207  -0.0016  -0.0753  +0.2668  +0.2572  +0.0447
    t+2   | +0.0076  +0.1215  -0.1596  +0.2536  +0.1378  +0.0961
    t+3   | +0.0108  +0.1693  -0.1894  +0.2685  +0.0324  +0.0419
    t+4   | +0.0501  +0.1898  -0.2127  +0.3215  -0.0440  +0.0173
[12:40:27] # 1396 [bench] e2e= 1032.9ms  infer= 1030.2ms  cap=  2.5ms
    t+0   | +0.1577  -0.1003  -0.0462  +0.2064  +0.0041  -0.6268
    t+1   | +0.1165  -0.1467  +0.0070  +0.1697  +0.0123  -0.6779
    t+2   | +0.0704  -0.1980  +0.0461  +0.0934  +0.0136  -0.7293
    t+3   | +0.0547  -0.2278  +0.0335  +0.0756  +0.0370  -0.7394
    t+4   | +0.0011  -0.2988  +0.0691  +0.0522  +0.0824  -0.7137
[12:40:28] # 1397 [bench] e2e= 1029.2ms  infer= 1026.6ms  cap=  2.5ms
    t+0   | +0.0905  +0.0129  -0.2175  +0.2377  -0.0171  -0.4123
    t+1   | +0.0538  +0.0908  -0.2433  +0.2224  +0.0562  -0.3827
    t+2   | +0.0420  +0.1083  -0.2333  +0.2430  +0.1266  -0.3169
    t+3   | +0.0485  +0.1511  -0.3052  +0.3042  +0.1926  -0.1842
    t+4   | +0.0432  +0.1351  -0.3090  +0.2818  +0.1914  -0.1227
[12:40:29] # 1398 [bench] e2e= 1036.3ms  infer= 1033.8ms  cap=  2.4ms
    t+0   | +0.0070  +0.0269  -0.1655  +0.2370  -0.1446  -0.3684
    t+1   | +0.0361  +0.0502  -0.1569  +0.2127  -0.1745  -0.1902
    t+2   | +0.0073  +0.1027  -0.1902  +0.2073  -0.1025  -0.2433
    t+3   | +0.0421  +0.0842  -0.1819  +0.2087  -0.0967  -0.1571
    t+4   | +0.0352  +0.1273  -0.1755  +0.2165  -0.1073  -0.1569
[12:40:30] # 1399 [bench] e2e= 1032.4ms  infer= 1029.9ms  cap=  2.4ms
    t+0   | +0.0980  -0.1052  -0.0186  +0.2628  +0.0708  -0.1436
    t+1   | +0.0032  -0.1548  +0.0276  +0.2416  +0.1527  -0.1963
    t+2   | -0.0725  -0.1924  +0.0415  +0.2087  +0.1309  -0.2357
    t+3   | -0.0257  -0.1560  -0.0230  +0.2231  +0.1074  -0.1993
    t+4   | +0.0026  -0.1063  -0.0929  +0.2557  +0.0839  -0.1574
[12:40:31] # 1400 [bench] e2e= 1032.0ms  infer= 1029.6ms  cap=  2.3ms
    t+0   | -0.0166  -0.1876  +0.1170  +0.2331  +0.2248  -0.0822
    t+1   | +0.0059  -0.0989  +0.0300  +0.2625  +0.0757  +0.1732
    t+2   | +0.0039  +0.0322  -0.0969  +0.3023  +0.0037  +0.1331
    t+3   | +0.0138  +0.1067  -0.1902  +0.3453  -0.0641  +0.0289
    t+4   | +0.0265  +0.1300  -0.2467  +0.3651  -0.2369  -0.1434
[12:40:33] # 1401 [bench] e2e= 1028.8ms  infer= 1026.3ms  cap=  2.3ms
    t+0   | -0.1424  -0.0341  -0.1497  +0.2214  -0.2671  +0.0457
    t+1   | -0.1293  +0.0267  -0.2202  +0.2432  -0.2348  -0.0291
    t+2   | -0.0508  +0.0123  -0.2184  +0.2254  -0.1987  +0.0590
    t+3   | -0.0251  +0.0207  -0.1596  +0.2487  -0.1517  +0.2261
    t+4   | +0.0083  +0.0347  -0.1469  +0.2438  -0.0982  +0.0576
[12:40:34] # 1402 [bench] e2e= 1032.6ms  infer= 1030.1ms  cap=  2.3ms
    t+0   | +0.1078  +0.1219  -0.2623  +0.3482  -0.1037  -0.0145
    t+1   | +0.0917  +0.1150  -0.2327  +0.3146  -0.0973  -0.1129
    t+2   | +0.0597  +0.1043  -0.2538  +0.2884  +0.0066  -0.2602
    t+3   | +0.0729  +0.0318  -0.1828  +0.2196  +0.0503  -0.4435
    t+4   | +0.0554  +0.0104  -0.1208  +0.2395  +0.0563  -0.6443
[12:40:35] # 1403 [bench] e2e= 1034.0ms  infer= 1031.6ms  cap=  2.3ms
    t+0   | +0.0978  +0.0839  -0.2832  +0.3200  -0.0910  -0.0199
    t+1   | +0.0366  +0.1213  -0.3510  +0.3176  -0.0629  -0.1461
    t+2   | +0.0661  +0.0894  -0.2854  +0.2994  -0.0319  -0.1603
    t+3   | +0.0478  +0.1001  -0.2891  +0.3138  +0.1893  -0.0738
    t+4   | +0.0756  +0.0566  -0.2446  +0.3117  +0.3210  +0.1966
[12:40:36] # 1404 [bench] e2e= 1073.6ms  infer= 1071.1ms  cap=  2.3ms
    t+0   | +0.2083  +0.1008  -0.2184  +0.3727  +0.0575  +0.0496
    t+1   | +0.1255  +0.0956  -0.1925  +0.3504  +0.0967  -0.0205
    t+2   | +0.0780  +0.1030  -0.1956  +0.3193  +0.0589  +0.2773
    t+3   | +0.0940  +0.1589  -0.2770  +0.3636  +0.0450  +0.2806
    t+4   | +0.1781  +0.2006  -0.3226  +0.3768  -0.0127  +0.6145
[12:40:37] # 1405 [bench] e2e= 1023.6ms  infer= 1020.5ms  cap=  2.8ms
    t+0   | +0.1000  -0.0714  +0.0074  +0.2071  -0.1060  +0.2225
    t+1   | +0.0262  -0.0679  +0.0205  +0.1966  -0.1459  +0.1079
    t+2   | -0.0101  -0.0592  +0.0097  +0.2002  -0.1837  +0.0473
    t+3   | +0.0567  -0.0274  -0.0421  +0.2006  -0.1465  +0.0139
    t+4   | +0.0723  -0.0561  -0.0321  +0.1780  -0.0832  -0.0141

  [live] after 1400 bench steps — e2e mean=1036.7ms  |  max replan freq=0.96 Hz  |  max control freq=4.82 Hz (n_action_steps=5)

[12:40:38] # 1406 [bench] e2e= 1025.8ms  infer= 1022.9ms  cap=  2.6ms
    t+0   | +0.2050  +0.1507  -0.3245  +0.3551  -0.0660  +0.1652
    t+1   | +0.2437  +0.1633  -0.3113  +0.3432  -0.0311  +0.0898
    t+2   | +0.2623  +0.1962  -0.3558  +0.3332  +0.0397  -0.0119
    t+3   | +0.1720  +0.2755  -0.4957  +0.4090  -0.0104  +0.0179
    t+4   | +0.1466  +0.3118  -0.5474  +0.4350  -0.0802  +0.0225
[12:40:39] # 1407 [bench] e2e= 1028.4ms  infer= 1026.1ms  cap=  2.1ms
    t+0   | +0.1145  -0.1172  +0.1261  +0.1287  +0.0273  -0.5221
    t+1   | +0.1092  -0.0569  +0.0391  +0.2067  -0.0162  -0.2674
    t+2   | +0.0525  -0.0253  -0.0329  +0.2170  +0.0203  -0.1902
    t+3   | +0.0716  +0.0378  -0.1469  +0.2833  +0.0585  -0.1747
    t+4   | +0.0971  +0.0930  -0.2214  +0.3517  +0.1368  -0.1731
[12:40:40] # 1408 [bench] e2e= 1027.5ms  infer= 1025.1ms  cap=  2.3ms
    t+0   | +0.2918  +0.0154  -0.1340  +0.2845  -0.0193  -0.2393
    t+1   | +0.2602  +0.0083  -0.1470  +0.2909  +0.0599  -0.3388
    t+2   | +0.2154  -0.0075  -0.1471  +0.3264  +0.0717  -0.4246
    t+3   | +0.1928  -0.0032  -0.1491  +0.3620  +0.0717  -0.3841
    t+4   | +0.1751  +0.0022  -0.1269  +0.3700  +0.0879  -0.4578
[12:40:41] # 1409 [bench] e2e= 1024.6ms  infer= 1022.1ms  cap=  2.3ms
    t+0   | -0.0687  -0.2175  +0.0273  +0.2504  -0.1837  -0.2401
    t+1   | -0.0875  -0.1155  -0.0404  +0.3000  -0.1412  -0.2369
    t+2   | -0.0848  -0.0514  -0.1265  +0.3127  -0.0309  -0.2755
    t+3   | -0.0320  -0.0344  -0.1475  +0.2791  -0.0285  -0.2430
    t+4   | +0.0032  -0.0415  -0.1014  +0.2466  -0.0417  -0.1350
[12:40:42] # 1410 [bench] e2e= 1025.3ms  infer= 1021.6ms  cap=  3.4ms
    t+0   | +0.2361  +0.0643  -0.1501  +0.3038  +0.1793  +0.5338
    t+1   | +0.1481  +0.0777  -0.1413  +0.2902  +0.2899  +0.5631
    t+2   | +0.1468  +0.0629  -0.1527  +0.2717  +0.2251  +0.5105
    t+3   | +0.0890  +0.0454  -0.1857  +0.2392  -0.0956  +0.3004
    t+4   | +0.0703  +0.0621  -0.2080  +0.2307  -0.1448  +0.2523
[12:40:43] # 1411 [bench] e2e= 1024.3ms  infer= 1021.4ms  cap=  2.8ms
    t+0   | +0.0803  -0.0310  -0.0648  +0.2100  +0.1279  -0.2274
    t+1   | +0.1288  -0.0286  -0.1230  +0.2277  +0.1097  -0.0874
    t+2   | +0.1509  -0.0008  -0.1262  +0.2647  +0.0365  +0.0726
    t+3   | +0.1542  +0.0337  -0.1493  +0.2651  -0.0115  +0.1753
    t+4   | +0.1259  +0.0686  -0.1668  +0.2467  -0.0358  +0.1441
[12:40:44] # 1412 [bench] e2e= 1024.6ms  infer= 1021.4ms  cap=  3.0ms
    t+0   | +0.1042  -0.0309  -0.1149  +0.2266  +0.0050  -0.6165
    t+1   | +0.0969  -0.0268  -0.1273  +0.2267  +0.0035  -0.6476
    t+2   | +0.0788  -0.0384  -0.1228  +0.2133  -0.0000  -0.6881
    t+3   | +0.0531  -0.0278  -0.1245  +0.2018  -0.0356  -0.7134
    t+4   | +0.0299  +0.0212  -0.1641  +0.2256  -0.0667  -0.7277
[12:40:45] # 1413 [bench] e2e= 1040.6ms  infer= 1037.3ms  cap=  3.0ms
    t+0   | +0.1837  -0.0199  -0.0517  +0.2433  +0.0401  -0.0795
    t+1   | +0.1825  +0.0354  -0.0731  +0.2663  +0.0655  -0.0021
    t+2   | +0.1607  +0.0602  -0.1162  +0.2664  +0.0714  -0.0110
    t+3   | +0.1343  +0.0598  -0.2025  +0.2869  +0.1290  -0.0898
    t+4   | +0.1629  +0.0850  -0.1941  +0.3358  +0.1974  -0.0574
[12:40:46] # 1414 [bench] e2e= 1030.9ms  infer= 1028.0ms  cap=  2.7ms
    t+0   | +0.0997  +0.0054  -0.0843  +0.2585  +0.0614  -0.0798
    t+1   | +0.1003  -0.0304  -0.0865  +0.2562  +0.0443  -0.0640
    t+2   | +0.0627  -0.0256  -0.1180  +0.2359  +0.0496  -0.1714
    t+3   | +0.0441  -0.0003  -0.1561  +0.2684  +0.0253  -0.1735
    t+4   | +0.0788  +0.0136  -0.1772  +0.3000  -0.0216  +0.1299
[12:40:47] # 1415 [bench] e2e= 1031.3ms  infer= 1028.9ms  cap=  2.3ms
    t+0   | +0.0555  -0.0182  +0.0248  +0.0983  +0.0182  -0.6366
    t+1   | +0.0659  +0.0011  -0.0127  +0.1238  -0.0097  -0.5221
    t+2   | -0.0355  -0.0101  -0.0569  +0.1179  -0.0081  -0.6041
    t+3   | -0.0180  -0.0237  -0.0582  +0.1574  +0.0121  -0.5591
    t+4   | +0.0245  +0.0041  -0.0948  +0.1869  -0.0036  -0.5600
[12:40:48] # 1416 [bench] e2e= 1028.0ms  infer= 1025.5ms  cap=  2.3ms
    t+0   | -0.0523  +0.0420  -0.1451  +0.2975  +0.0784  -0.6472
    t+1   | -0.0266  -0.0139  -0.1298  +0.2827  +0.0049  -0.5372
    t+2   | -0.0400  -0.1400  -0.0255  +0.1937  +0.0058  -0.3906
    t+3   | -0.0421  -0.1593  -0.0031  +0.1665  -0.0142  -0.2321
    t+4   | -0.0740  -0.1847  +0.0236  +0.1242  -0.0327  -0.3018
[12:40:49] # 1417 [bench] e2e= 1022.2ms  infer= 1019.7ms  cap=  2.3ms
    t+0   | +0.0971  -0.0148  -0.1173  +0.2853  -0.0099  -0.0570
    t+1   | +0.0970  -0.0413  -0.0642  +0.2634  +0.0259  -0.0434
    t+2   | +0.0754  -0.0464  -0.0250  +0.2457  +0.0139  -0.0507
    t+3   | +0.0061  -0.0342  -0.0510  +0.2237  +0.1192  -0.1087
    t+4   | -0.0564  -0.0343  -0.0900  +0.1969  +0.1035  -0.3634
[12:40:50] # 1418 [bench] e2e= 1025.5ms  infer= 1021.7ms  cap=  3.7ms
    t+0   | +0.1689  +0.0498  -0.1507  +0.2718  +0.0150  -0.0543
    t+1   | +0.2124  +0.0301  -0.1085  +0.2744  +0.1803  +0.0223
    t+2   | +0.1875  -0.0369  -0.0607  +0.2313  +0.1757  -0.0543
    t+3   | +0.1640  -0.0349  -0.0550  +0.2450  +0.1273  -0.0456
    t+4   | +0.1520  -0.0308  -0.0999  +0.2200  +0.0835  -0.0506
[12:40:51] # 1419 [bench] e2e= 1025.2ms  infer= 1022.4ms  cap=  2.6ms
    t+0   | +0.0416  +0.1157  -0.2133  +0.2742  -0.0520  -0.0212
    t+1   | +0.0717  +0.1354  -0.2602  +0.3092  -0.0131  -0.0542
    t+2   | +0.1215  +0.1180  -0.1989  +0.3404  +0.1716  -0.1145
    t+3   | +0.1370  +0.0931  -0.1388  +0.3510  +0.2576  +0.1699
    t+4   | +0.1268  +0.0947  -0.1001  +0.3320  +0.3056  +0.1133
[12:40:52] # 1420 [bench] e2e= 1025.3ms  infer= 1022.5ms  cap=  2.6ms
    t+0   | +0.1967  +0.0057  -0.0993  +0.2715  +0.1090  -0.1944
    t+1   | +0.1912  +0.0356  -0.1518  +0.3127  +0.1545  -0.1161
    t+2   | +0.1609  +0.0434  -0.1720  +0.2964  +0.1179  -0.0846
    t+3   | +0.0926  +0.0537  -0.1821  +0.2889  +0.0491  -0.0446
    t+4   | +0.0631  +0.0910  -0.1866  +0.3124  +0.0637  -0.1457
[12:40:53] # 1421 [bench] e2e= 1034.5ms  infer= 1031.7ms  cap=  2.7ms
    t+0   | +0.1336  +0.0970  -0.1723  +0.3065  +0.1485  -0.0452
    t+1   | +0.0143  +0.1642  -0.2588  +0.3102  +0.0640  -0.1127
    t+2   | -0.0735  +0.1089  -0.2107  +0.2848  -0.0448  -0.1744
    t+3   | -0.1309  +0.0919  -0.1926  +0.2874  -0.0860  -0.2388
    t+4   | -0.0552  +0.0576  -0.1671  +0.2613  -0.0572  -0.3229
[12:40:54] # 1422 [bench] e2e= 1037.1ms  infer= 1034.9ms  cap=  2.1ms
    t+0   | +0.3204  +0.1453  -0.2491  +0.3387  +0.1381  -0.0202
    t+1   | +0.2712  +0.1713  -0.2937  +0.3639  +0.2110  -0.1532
    t+2   | +0.2433  +0.1565  -0.3139  +0.3721  +0.1835  -0.1958
    t+3   | +0.2414  +0.1460  -0.2793  +0.3381  +0.1340  -0.1614
    t+4   | +0.2234  +0.1167  -0.2288  +0.3332  +0.1548  -0.1743
[12:40:55] # 1423 [bench] e2e= 1030.3ms  infer= 1027.4ms  cap=  2.7ms
    t+0   | +0.0681  +0.0244  -0.1054  +0.2684  +0.0201  -0.1211
    t+1   | -0.1103  -0.0612  -0.0775  +0.2257  +0.1099  -0.3209
    t+2   | -0.1191  -0.1278  -0.0133  +0.1683  +0.0589  -0.6728
    t+3   | -0.1092  -0.1139  +0.0416  +0.1464  +0.0570  -0.6790
    t+4   | -0.0656  -0.0867  -0.0041  +0.1607  +0.0936  -0.5813
[12:40:56] # 1424 [bench] e2e= 1028.5ms  infer= 1025.8ms  cap=  2.6ms
    t+0   | +0.1146  +0.0540  -0.1228  +0.2557  +0.0062  +0.1223
    t+1   | +0.1201  +0.0783  -0.1082  +0.2483  -0.0394  +0.3429
    t+2   | +0.1208  +0.0765  -0.0930  +0.2045  -0.0311  +0.1255
    t+3   | +0.1319  +0.0826  -0.0990  +0.2166  +0.0130  +0.1248
    t+4   | +0.1469  +0.1155  -0.1095  +0.2658  +0.0645  +0.0975
[12:40:57] # 1425 [bench] e2e= 1040.6ms  infer= 1037.9ms  cap=  2.6ms
    t+0   | +0.1157  +0.1038  -0.1819  +0.2852  -0.2136  +0.1217
    t+1   | +0.0676  +0.1044  -0.1448  +0.3009  +0.0724  +0.3421
    t+2   | +0.0438  +0.0814  -0.1496  +0.2710  +0.0481  +0.2164
    t+3   | +0.0796  +0.0656  -0.1513  +0.2731  +0.1001  +0.1498
    t+4   | +0.0874  +0.0757  -0.1573  +0.2451  +0.0490  -0.0098

  [live] after 1420 bench steps — e2e mean=1036.6ms  |  max replan freq=0.96 Hz  |  max control freq=4.82 Hz (n_action_steps=5)

[12:40:58] # 1426 [bench] e2e= 1037.4ms  infer= 1034.9ms  cap=  2.4ms
    t+0   | +0.1348  -0.0540  -0.0626  +0.2265  -0.0264  +0.0023
    t+1   | +0.0754  -0.0663  -0.0458  +0.1770  -0.0504  -0.1763
    t+2   | -0.0025  -0.0195  -0.0863  +0.2168  -0.0353  -0.1962
    t+3   | +0.0410  -0.0212  -0.1213  +0.2320  -0.0430  -0.0760
    t+4   | +0.0651  -0.0153  -0.1031  +0.2237  -0.0526  -0.0647
[12:40:59] # 1427 [bench] e2e= 1037.1ms  infer= 1034.1ms  cap=  2.8ms
    t+0   | +0.0397  +0.0119  -0.0763  +0.2671  -0.1312  +0.4046
    t+1   | -0.0202  +0.1008  -0.1028  +0.3034  -0.0428  +0.4615
    t+2   | -0.0426  +0.0912  -0.0905  +0.2927  +0.0425  +0.3374
    t+3   | -0.0302  +0.0629  -0.1336  +0.3238  +0.0942  +0.2519
    t+4   | -0.0131  +0.0707  -0.2331  +0.3361  +0.0780  +0.2650
[12:41:00] # 1428 [bench] e2e= 1033.0ms  infer= 1029.9ms  cap=  2.9ms
    t+0   | +0.2184  +0.1649  -0.1681  +0.2705  -0.0508  +0.2776
    t+1   | +0.2275  +0.1620  -0.1732  +0.2710  -0.0180  +0.2972
    t+2   | +0.1717  +0.1378  -0.1270  +0.2431  +0.0051  +0.3901
    t+3   | +0.1366  +0.0868  -0.0103  +0.1338  -0.0170  -0.0995
    t+4   | +0.0726  +0.0298  +0.0551  +0.0454  -0.0435  -0.1834
[12:41:01] # 1429 [bench] e2e= 1027.0ms  infer= 1023.9ms  cap=  2.9ms
    t+0   | +0.0964  -0.0741  -0.0169  +0.1929  +0.1073  +0.0336
    t+1   | +0.1458  -0.0261  -0.0809  +0.2296  +0.0729  -0.0357
    t+2   | +0.2333  +0.0143  -0.1644  +0.2211  +0.0344  -0.0475
    t+3   | +0.3202  +0.1034  -0.2233  +0.2750  -0.0363  +0.2156
    t+4   | +0.3183  +0.1297  -0.2691  +0.2823  -0.0803  +0.2008
[12:41:02] # 1430 [bench] e2e= 1024.6ms  infer= 1020.6ms  cap=  3.7ms
    t+0   | +0.0622  -0.1005  -0.0316  +0.2124  -0.0348  -0.0191
    t+1   | +0.0247  -0.1485  -0.0201  +0.1686  -0.0692  -0.2278
    t+2   | +0.0112  -0.1645  +0.0262  +0.1331  -0.0703  -0.6109
    t+3   | -0.0011  -0.0785  -0.0760  +0.2047  -0.1085  -0.5468
    t+4   | +0.0654  -0.0428  -0.1454  +0.2044  -0.0657  -0.4572
[12:41:03] # 1431 [bench] e2e= 1027.3ms  infer= 1024.5ms  cap=  2.7ms
    t+0   | +0.1828  +0.0256  -0.2041  +0.3020  -0.0323  -0.5340
    t+1   | +0.2145  +0.0420  -0.1859  +0.2921  -0.0484  -0.4174
    t+2   | +0.2518  +0.1182  -0.2235  +0.3418  -0.0436  -0.3140
    t+3   | +0.2237  +0.2044  -0.3162  +0.3561  -0.0663  +0.0385
    t+4   | +0.2037  +0.1828  -0.3702  +0.4058  -0.0242  +0.1379
[12:41:04] # 1432 [bench] e2e= 1028.3ms  infer= 1025.4ms  cap=  2.7ms
    t+0   | +0.1049  +0.0448  -0.1528  +0.2968  -0.0999  +0.3378
    t+1   | +0.0786  +0.0709  -0.1995  +0.3039  -0.0844  +0.2330
    t+2   | +0.0958  +0.0622  -0.1911  +0.2930  -0.0989  +0.1184
    t+3   | +0.0466  +0.1034  -0.2645  +0.3406  -0.0896  +0.1103
    t+4   | +0.0611  +0.1311  -0.3054  +0.3674  -0.0700  +0.0384
[12:41:06] # 1433 [bench] e2e= 1024.0ms  infer= 1021.1ms  cap=  2.7ms
    t+0   | -0.0445  -0.1604  -0.0669  +0.1894  -0.0742  -0.5306
    t+1   | -0.0627  -0.0677  -0.1717  +0.2533  -0.1194  -0.0991
    t+2   | -0.0277  -0.0209  -0.1903  +0.2589  -0.1519  +0.0888
    t+3   | +0.0008  +0.0038  -0.1681  +0.2616  -0.1564  +0.1029
    t+4   | +0.0653  +0.0127  -0.1408  +0.2506  -0.1093  +0.0232
[12:41:07] # 1434 [bench] e2e= 1024.8ms  infer= 1022.5ms  cap=  2.2ms
    t+0   | -0.1364  -0.0977  +0.0137  +0.1628  +0.1505  +0.0789
    t+1   | -0.1369  -0.1509  +0.0492  +0.1188  +0.1177  -0.2860
    t+2   | -0.0746  -0.1160  +0.0105  +0.1740  +0.0617  -0.2773
    t+3   | -0.0801  -0.0226  -0.0980  +0.1915  +0.0008  -0.2430
    t+4   | -0.0264  -0.0069  -0.1416  +0.2005  -0.0632  -0.0186
[12:41:08] # 1435 [bench] e2e= 1028.0ms  infer= 1025.7ms  cap=  2.2ms
    t+0   | +0.2377  +0.0985  -0.1674  +0.3160  +0.0141  -0.0011
    t+1   | +0.2175  +0.0626  -0.1288  +0.2918  +0.0514  +0.0634
    t+2   | +0.2034  +0.0318  -0.1279  +0.2694  +0.1278  +0.2269
    t+3   | +0.1865  +0.0792  -0.1532  +0.2644  +0.1572  +0.1735
    t+4   | +0.2351  +0.1358  -0.1665  +0.2872  +0.1363  +0.1427
[12:41:09] # 1436 [bench] e2e= 1035.1ms  infer= 1032.7ms  cap=  2.3ms
    t+0   | +0.0845  -0.0979  -0.0311  +0.2500  +0.0281  +0.0560
    t+1   | +0.0529  -0.0837  -0.0701  +0.2466  +0.0264  -0.0267
    t+2   | +0.0237  -0.0567  -0.1330  +0.2529  +0.0763  -0.1010
    t+3   | +0.0467  +0.0073  -0.1547  +0.2825  +0.2670  -0.1232
    t+4   | +0.0884  +0.0604  -0.2379  +0.3130  +0.2959  -0.0476
[12:41:10] # 1437 [bench] e2e= 1036.2ms  infer= 1033.4ms  cap=  2.7ms
    t+0   | +0.2501  +0.1272  -0.1216  +0.2842  -0.0390  +1.5691
    t+1   | +0.2299  +0.1469  -0.1295  +0.2354  +0.0064  +1.2926
    t+2   | +0.2489  +0.1477  -0.1270  +0.2698  -0.0085  +1.3724
    t+3   | +0.2277  +0.1699  -0.1816  +0.3072  +0.0056  +1.4668
    t+4   | +0.1896  +0.2049  -0.1937  +0.3410  -0.0062  +1.5007
[12:41:11] # 1438 [bench] e2e= 1028.4ms  infer= 1026.2ms  cap=  2.1ms
    t+0   | +0.1239  +0.0443  -0.0650  +0.2543  +0.1216  -0.0151
    t+1   | +0.1236  +0.0457  -0.0827  +0.2422  +0.1153  +0.0435
    t+2   | +0.1098  +0.0965  -0.1316  +0.2466  +0.1312  -0.0926
    t+3   | +0.1345  +0.1134  -0.1811  +0.2659  +0.0038  -0.1265
    t+4   | +0.1395  +0.0961  -0.1878  +0.2653  -0.0608  -0.0321
[12:41:12] # 1439 [bench] e2e= 1028.2ms  infer= 1025.5ms  cap=  2.6ms
    t+0   | +0.1941  -0.0364  -0.0684  +0.2297  +0.0251  -0.1460
    t+1   | +0.1871  -0.0035  -0.1263  +0.2210  -0.0360  -0.2173
    t+2   | +0.1631  +0.0141  -0.1834  +0.2273  -0.0551  -0.2455
    t+3   | +0.1180  -0.0369  -0.2221  +0.2231  -0.1420  -0.2249
    t+4   | +0.1277  -0.0205  -0.2067  +0.2565  -0.1685  -0.1573
[12:41:13] # 1440 [bench] e2e= 1032.6ms  infer= 1029.8ms  cap=  2.6ms
    t+0   | +0.2513  +0.0234  -0.1390  +0.3197  -0.0465  +0.2712
    t+1   | +0.2052  +0.0107  -0.1294  +0.2882  -0.0567  +0.2286
    t+2   | +0.1406  +0.0100  -0.1353  +0.2747  -0.0852  +0.1822
    t+3   | +0.1112  +0.0058  -0.1502  +0.2816  -0.1174  +0.1203
    t+4   | +0.1135  +0.0074  -0.1541  +0.2931  -0.1022  +0.0492
[12:41:14] # 1441 [bench] e2e= 1031.3ms  infer= 1028.5ms  cap=  2.7ms
    t+0   | +0.0720  -0.0436  -0.0559  +0.2419  +0.0350  -0.1069
    t+1   | +0.0507  -0.0020  -0.0611  +0.2558  +0.0748  -0.1815
    t+2   | +0.0676  +0.0409  -0.1180  +0.2374  +0.0885  -0.1930
    t+3   | +0.0963  +0.1251  -0.2109  +0.2770  +0.0674  -0.0498
    t+4   | +0.0940  +0.2166  -0.2704  +0.3079  +0.0732  +0.1211
[12:41:15] # 1442 [bench] e2e= 1025.3ms  infer= 1021.7ms  cap=  3.4ms
    t+0   | -0.0128  -0.2207  +0.0488  +0.2085  +0.0634  -0.1188
    t+1   | +0.0346  -0.1650  -0.0112  +0.2477  +0.0474  -0.0490
    t+2   | +0.0986  -0.0566  -0.1277  +0.2997  +0.0123  +0.0055
    t+3   | +0.1269  +0.0843  -0.3272  +0.3667  -0.0918  -0.0289
    t+4   | +0.1771  +0.1194  -0.3351  +0.3680  -0.1021  -0.0373
[12:41:16] # 1443 [bench] e2e= 1038.1ms  infer= 1035.3ms  cap=  2.7ms
    t+0   | +0.1257  -0.1157  -0.0340  +0.2105  +0.0415  -0.4393
    t+1   | +0.1205  -0.1210  -0.0655  +0.2115  +0.0498  -0.2664
    t+2   | +0.1507  -0.0602  -0.1189  +0.2518  +0.0790  -0.1472
    t+3   | +0.2245  -0.0249  -0.1290  +0.2451  +0.0556  -0.1525
    t+4   | +0.2217  +0.0355  -0.1543  +0.2517  -0.0161  -0.1653
[12:41:17] # 1444 [bench] e2e= 1034.6ms  infer= 1031.7ms  cap=  2.7ms
    t+0   | +0.2082  +0.1247  -0.1844  +0.2866  -0.0648  +0.1471
    t+1   | +0.2005  +0.1109  -0.1981  +0.2721  -0.0506  +0.1760
    t+2   | +0.1990  +0.1372  -0.2323  +0.2938  -0.0452  +0.2649
    t+3   | +0.1900  +0.1571  -0.2376  +0.3133  -0.0280  +0.2720
    t+4   | +0.1883  +0.1271  -0.2042  +0.2909  -0.0516  +0.1593
[12:41:18] # 1445 [bench] e2e= 1030.8ms  infer= 1028.0ms  cap=  2.7ms
    t+0   | +0.0337  -0.0237  -0.0763  +0.2614  +0.1243  +0.0837
    t+1   | +0.0422  -0.0478  -0.0797  +0.2367  +0.0910  -0.0205
    t+2   | +0.0256  -0.0374  -0.0821  +0.2566  +0.1429  -0.0845
    t+3   | +0.0574  -0.0160  -0.0941  +0.2480  +0.0907  -0.2048
    t+4   | +0.0530  -0.0473  -0.0825  +0.2436  +0.0311  -0.1945

  [live] after 1440 bench steps — e2e mean=1036.5ms  |  max replan freq=0.96 Hz  |  max control freq=4.82 Hz (n_action_steps=5)

[12:41:19] # 1446 [bench] e2e= 1038.0ms  infer= 1035.1ms  cap=  2.8ms
    t+0   | -0.2920  -0.0377  +0.0198  +0.0805  -0.1869  -0.0792
    t+1   | -0.1650  -0.0397  -0.0409  +0.1444  -0.1633  -0.0918
    t+2   | -0.0800  -0.0239  -0.0907  +0.2014  -0.1580  -0.0014
    t+3   | -0.1574  -0.0167  -0.1099  +0.2092  -0.1503  -0.0269
    t+4   | -0.1217  -0.0769  -0.0793  +0.2087  -0.1015  -0.0817
[12:41:20] # 1447 [bench] e2e= 1028.0ms  infer= 1025.7ms  cap=  2.2ms
    t+0   | +0.2243  +0.0708  -0.1354  +0.3479  +0.2811  +1.0774
    t+1   | +0.2478  +0.1257  -0.1761  +0.3470  +0.2585  +0.8931
    t+2   | +0.2782  +0.1598  -0.1975  +0.3429  +0.1889  +0.6465
    t+3   | +0.2400  +0.1942  -0.2401  +0.3358  +0.2391  +0.2249
    t+4   | +0.2630  +0.1744  -0.2179  +0.2934  +0.1837  -0.0150
[12:41:21] # 1448 [bench] e2e= 1028.4ms  infer= 1025.6ms  cap=  2.6ms
    t+0   | +0.0952  -0.0882  -0.1147  +0.2702  -0.0103  -0.0679
    t+1   | +0.0611  -0.0967  -0.1225  +0.2612  -0.0776  -0.0478
    t+2   | +0.0743  -0.0747  -0.0819  +0.2759  -0.1297  -0.0785
    t+3   | +0.0545  -0.0672  -0.0715  +0.2172  -0.1413  -0.2510
    t+4   | +0.0399  -0.0359  -0.0358  +0.1925  -0.0552  -0.4499
[12:41:22] # 1449 [bench] e2e= 1029.3ms  infer= 1026.9ms  cap=  2.2ms
    t+0   | -0.0407  -0.1858  +0.0665  +0.1196  -0.0640  -0.1777
    t+1   | -0.0395  -0.1806  +0.0762  +0.1347  -0.1058  -0.0135
    t+2   | +0.0044  -0.1273  -0.0009  +0.1701  -0.1216  +0.0757
    t+3   | -0.0023  -0.0685  -0.0304  +0.2018  -0.1005  +0.0827
    t+4   | +0.0181  -0.0200  -0.0939  +0.2430  -0.1199  +0.1438
[12:41:23] # 1450 [bench] e2e= 1031.1ms  infer= 1028.2ms  cap=  2.8ms
    t+0   | +0.1039  -0.0229  -0.1787  +0.2764  +0.0113  -0.2234
    t+1   | +0.1039  +0.0346  -0.1737  +0.2826  +0.0455  -0.1125
    t+2   | +0.1069  +0.0107  -0.1178  +0.2617  +0.1095  -0.1455
    t+3   | +0.0903  -0.0505  -0.0707  +0.2334  +0.0859  -0.1948
    t+4   | +0.1114  -0.0343  -0.0811  +0.2459  +0.0422  -0.1713
[12:41:24] # 1451 [bench] e2e= 1035.0ms  infer= 1032.1ms  cap=  2.8ms
    t+0   | +0.0949  -0.0435  -0.0882  +0.2185  -0.0648  -0.6652
    t+1   | +0.0511  -0.0588  -0.0573  +0.2155  -0.0131  -0.4499
    t+2   | +0.0014  -0.0481  -0.1196  +0.2318  -0.0454  -0.3589
    t+3   | -0.0156  +0.0232  -0.2701  +0.2815  -0.1450  -0.2758
    t+4   | -0.0265  +0.0175  -0.2590  +0.2778  -0.1439  -0.4241
[12:41:25] # 1452 [bench] e2e= 1034.6ms  infer= 1031.7ms  cap=  2.7ms
    t+0   | +0.1737  +0.0094  -0.0994  +0.2812  -0.0425  -0.0292
    t+1   | +0.1529  +0.0157  -0.0992  +0.2770  -0.0119  -0.0519
    t+2   | +0.1555  +0.0368  -0.1003  +0.2941  +0.0304  -0.0264
    t+3   | +0.1490  +0.0360  -0.1335  +0.2413  +0.0385  -0.0475
    t+4   | +0.1544  +0.0594  -0.1108  +0.2555  +0.0036  -0.1697
[12:41:26] # 1453 [bench] e2e= 1035.9ms  infer= 1033.4ms  cap=  2.4ms
    t+0   | +0.2370  +0.1813  -0.3000  +0.3431  +0.0194  +0.1611
    t+1   | +0.2156  +0.1233  -0.2319  +0.2872  +0.0291  +0.0520
    t+2   | +0.1454  +0.0323  -0.1533  +0.2577  -0.0005  -0.0464
    t+3   | +0.1630  +0.0623  -0.1710  +0.2559  -0.0194  +0.0470
    t+4   | +0.1082  +0.0643  -0.1604  +0.2528  -0.1047  +0.5316
[12:41:27] # 1454 [bench] e2e= 1032.9ms  infer= 1030.3ms  cap=  2.4ms
    t+0   | +0.1341  -0.0314  -0.1274  +0.2477  +0.0493  -0.3595
    t+1   | +0.0548  +0.0339  -0.2660  +0.2756  +0.0261  -0.3047
    t+2   | +0.0685  +0.0304  -0.2394  +0.2697  -0.0118  -0.2110
    t+3   | +0.0558  +0.0450  -0.2467  +0.2474  -0.0306  -0.1964
    t+4   | +0.0853  +0.0520  -0.2496  +0.2449  -0.0238  -0.0416
[12:41:28] # 1455 [bench] e2e= 1031.6ms  infer= 1029.1ms  cap=  2.3ms
    t+0   | +0.0121  -0.2040  +0.0633  +0.1153  -0.0042  -0.2389
    t+1   | +0.0314  -0.1896  +0.0065  +0.1821  +0.0351  -0.2275
    t+2   | +0.0889  -0.0160  -0.2034  +0.3209  +0.0813  -0.1478
    t+3   | +0.1056  +0.1570  -0.3777  +0.3744  +0.1093  -0.0716
    t+4   | +0.0921  +0.1885  -0.4563  +0.4140  +0.0699  -0.1488
[12:41:29] # 1456 [bench] e2e= 1037.0ms  infer= 1034.1ms  cap=  2.7ms
    t+0   | -0.0505  -0.0100  -0.0816  +0.1781  -0.0634  -0.2208
    t+1   | -0.0014  -0.0079  -0.1004  +0.1895  -0.1009  -0.1245
    t+2   | +0.0747  +0.0358  -0.1257  +0.2411  -0.1602  +0.1102
    t+3   | +0.0738  +0.1303  -0.1889  +0.2947  -0.2841  +0.2455
    t+4   | +0.0050  +0.1722  -0.2713  +0.4219  -0.3922  -0.0075
[12:41:30] # 1457 [bench] e2e= 1028.3ms  infer= 1025.9ms  cap=  2.3ms
    t+0   | +0.2414  -0.0241  -0.1618  +0.3219  +0.1462  -0.1037
    t+1   | +0.1042  -0.0415  -0.1406  +0.2756  +0.0377  -0.1446
    t+2   | +0.0610  -0.0696  -0.0694  +0.2087  +0.0121  -0.1672
    t+3   | +0.0052  -0.0254  -0.0480  +0.2089  -0.0587  -0.2376
    t+4   | +0.0060  +0.0471  -0.1307  +0.2481  -0.1115  -0.2668
[12:41:31] # 1458 [bench] e2e= 1026.0ms  infer= 1022.8ms  cap=  3.1ms
    t+0   | +0.1720  -0.0440  -0.0858  +0.2706  -0.0651  -0.1806
    t+1   | +0.1288  -0.0240  -0.0993  +0.2602  -0.1204  -0.2709
    t+2   | -0.1106  -0.2397  +0.0456  +0.1806  -0.3555  -0.5841
    t+3   | -0.1508  -0.3155  +0.1312  +0.1433  -0.3790  -0.6468
    t+4   | -0.1373  -0.3267  +0.1906  +0.1117  -0.3485  -0.6768
[12:41:32] # 1459 [bench] e2e= 1038.3ms  infer= 1036.0ms  cap=  2.2ms
    t+0   | +0.1012  +0.2672  -0.3809  +0.3293  -0.3905  -0.0399
    t+1   | +0.0684  +0.1176  -0.2516  +0.2549  -0.3019  -0.3901
    t+2   | +0.0624  +0.0618  -0.1462  +0.2610  -0.2102  -0.4288
    t+3   | +0.0271  +0.0041  -0.0980  +0.2617  -0.1408  -0.3406
    t+4   | -0.0125  -0.0578  -0.0821  +0.2472  -0.0832  -0.2471
[12:41:33] # 1460 [bench] e2e= 1026.6ms  infer= 1023.6ms  cap=  2.9ms
    t+0   | +0.2068  +0.0979  -0.2134  +0.3000  -0.2160  +0.2478
    t+1   | +0.1900  +0.0522  -0.1641  +0.2593  -0.2020  +0.2359
    t+2   | +0.1646  +0.0647  -0.1301  +0.2807  -0.2110  +0.2794
    t+3   | +0.1610  +0.0226  -0.1224  +0.2591  -0.2143  +0.2021
    t+4   | +0.1531  -0.0358  -0.0427  +0.2590  -0.2259  +0.1301
[12:41:34] # 1461 [bench] e2e= 1027.6ms  infer= 1024.6ms  cap=  2.8ms
    t+0   | +0.1491  +0.1815  -0.3563  +0.3552  +0.0108  -0.1046
    t+1   | +0.0392  +0.0815  -0.2580  +0.3123  -0.0645  -0.1331
    t+2   | -0.0196  +0.0410  -0.2186  +0.2782  -0.0227  -0.1886
    t+3   | +0.0104  +0.0554  -0.2223  +0.2678  +0.0215  -0.0777
    t+4   | +0.0938  +0.0733  -0.2465  +0.3019  +0.0101  -0.0617
[12:41:35] # 1462 [bench] e2e= 1028.9ms  infer= 1026.0ms  cap=  2.8ms
    t+0   | +0.0680  +0.1005  -0.2609  +0.3554  +0.1286  -0.1322
    t+1   | +0.0581  +0.0869  -0.2713  +0.3490  +0.1503  -0.1446
    t+2   | +0.1102  +0.0635  -0.2643  +0.3416  +0.1408  -0.3373
    t+3   | +0.1439  +0.0256  -0.2684  +0.3376  +0.1289  -0.3922
    t+4   | +0.1421  +0.0378  -0.2661  +0.3149  +0.1003  -0.3479
[12:41:36] # 1463 [bench] e2e= 1026.7ms  infer= 1024.2ms  cap=  2.4ms
    t+0   | +0.1874  +0.1717  -0.3730  +0.3379  -0.0475  -0.0084
    t+1   | +0.1510  +0.2559  -0.5215  +0.3914  +0.0344  -0.0447
    t+2   | +0.1756  +0.3005  -0.4907  +0.4164  +0.0792  -0.0082
    t+3   | +0.2365  +0.3119  -0.4497  +0.4078  +0.1036  +0.0962
    t+4   | +0.2378  +0.3231  -0.4283  +0.3865  +0.1058  +0.0577
[12:41:37] # 1464 [bench] e2e= 1032.1ms  infer= 1028.1ms  cap=  3.7ms
    t+0   | +0.1342  +0.0167  -0.2192  +0.2861  -0.0738  -0.3210
    t+1   | +0.0606  -0.0130  -0.2434  +0.2750  -0.0569  -0.2699
    t+2   | +0.0466  -0.0156  -0.1711  +0.2203  +0.0031  -0.2851
    t+3   | +0.0911  +0.0048  -0.1303  +0.2127  +0.0399  -0.1837
    t+4   | +0.1089  +0.0661  -0.1433  +0.2580  +0.0634  -0.2028
[12:41:39] # 1465 [bench] e2e= 1037.0ms  infer= 1033.0ms  cap=  3.7ms
    t+0   | +0.1483  -0.0119  -0.0588  +0.2019  -0.0566  -0.2221
    t+1   | +0.1051  -0.0034  -0.0351  +0.1955  -0.0744  -0.2111
    t+2   | +0.0786  -0.0215  -0.0477  +0.1652  -0.1209  -0.0848
    t+3   | +0.1004  +0.0119  -0.0223  +0.2041  -0.1166  -0.0935
    t+4   | +0.0840  +0.0212  -0.0306  +0.2078  -0.1103  -0.1241

  [live] after 1460 bench steps — e2e mean=1036.4ms  |  max replan freq=0.96 Hz  |  max control freq=4.82 Hz (n_action_steps=5)

[12:41:40] # 1466 [bench] e2e= 1038.8ms  infer= 1035.7ms  cap=  2.9ms
    t+0   | +0.1585  +0.1383  -0.2060  +0.3295  +0.0348  +0.2521
    t+1   | +0.1156  +0.2679  -0.3350  +0.3389  +0.0750  +0.0648
    t+2   | +0.1003  +0.2963  -0.3602  +0.3191  +0.0457  -0.1044
    t+3   | +0.0973  +0.3319  -0.3971  +0.3201  +0.0748  -0.1917
    t+4   | +0.1937  +0.3430  -0.4289  +0.3300  +0.0335  -0.1319
[12:41:41] # 1467 [bench] e2e= 1030.7ms  infer= 1027.8ms  cap=  2.8ms
    t+0   | +0.0946  +0.0292  -0.1857  +0.2453  -0.1038  -0.0960
    t+1   | +0.1240  +0.0108  -0.1416  +0.2246  -0.0744  -0.0280
    t+2   | +0.1123  +0.0143  -0.1150  +0.2248  -0.0396  -0.0136
    t+3   | +0.0794  +0.0275  -0.1713  +0.2288  +0.0058  -0.0671
    t+4   | +0.0972  +0.0652  -0.1858  +0.2535  +0.0082  -0.1046
[12:41:42] # 1468 [bench] e2e= 1030.7ms  infer= 1027.7ms  cap=  2.8ms
    t+0   | +0.0873  +0.0643  -0.3190  +0.3409  +0.0002  -0.1071
    t+1   | +0.0391  +0.1419  -0.4024  +0.3680  +0.0323  -0.1339
    t+2   | +0.0224  +0.1152  -0.3242  +0.3341  +0.0680  -0.1730
    t+3   | +0.0040  +0.0863  -0.2892  +0.3202  +0.0511  -0.1429
    t+4   | +0.0255  +0.0659  -0.2642  +0.3352  +0.1383  -0.0328
[12:41:43] # 1469 [bench] e2e= 1031.6ms  infer= 1028.6ms  cap=  2.8ms
    t+0   | +0.1159  -0.0409  -0.0437  +0.1898  -0.0264  -0.1251
    t+1   | +0.0894  +0.0047  -0.1146  +0.1830  -0.0535  -0.0378
    t+2   | +0.0557  +0.0102  -0.1337  +0.2049  -0.0273  -0.0578
    t+3   | +0.0702  +0.0158  -0.1542  +0.2147  +0.0105  -0.0305
    t+4   | +0.0993  +0.0442  -0.1790  +0.2470  +0.0746  -0.0573
[12:41:44] # 1470 [bench] e2e= 1026.7ms  infer= 1023.7ms  cap=  2.8ms
    t+0   | +0.1535  -0.0435  -0.0400  +0.2077  -0.0380  +0.0069
    t+1   | +0.1081  -0.0254  -0.0554  +0.1882  -0.0524  +0.1241
    t+2   | +0.0243  +0.0142  -0.1233  +0.1950  -0.0748  +0.0879
    t+3   | +0.0143  +0.0633  -0.2137  +0.2205  -0.1013  +0.1542
    t+4   | +0.0286  +0.0551  -0.2182  +0.2545  -0.1270  +0.0600
[12:41:45] # 1471 [bench] e2e= 1029.8ms  infer= 1026.8ms  cap=  2.8ms
    t+0   | +0.1099  +0.1670  -0.4787  +0.3426  +0.0244  -0.0361
    t+1   | +0.0305  +0.1733  -0.4377  +0.3056  +0.0082  +0.1101
    t+2   | +0.0391  +0.1853  -0.4134  +0.3156  +0.0149  +0.2558
    t+3   | +0.1165  +0.1909  -0.3815  +0.3229  +0.0516  +0.1221
    t+4   | +0.1203  +0.1814  -0.3399  +0.3442  +0.0375  +0.0439
[12:41:46] # 1472 [bench] e2e= 1029.5ms  infer= 1026.6ms  cap=  2.8ms
    t+0   | +0.2229  +0.0416  -0.0787  +0.2516  +0.0415  +0.0529
    t+1   | +0.1469  +0.0619  -0.1460  +0.2788  +0.0443  +0.0836
    t+2   | +0.0771  +0.0534  -0.1589  +0.2368  +0.0134  -0.2205
    t+3   | +0.0295  +0.0818  -0.1678  +0.2463  +0.0018  -0.1349
    t+4   | +0.0092  +0.0606  -0.1827  +0.2340  -0.0138  -0.1324
[12:41:47] # 1473 [bench] e2e= 1027.0ms  infer= 1024.0ms  cap=  2.8ms
    t+0   | +0.1163  -0.1745  -0.1337  +0.2603  -0.0468  -0.3351
    t+1   | +0.1640  -0.1385  -0.1172  +0.2499  +0.0318  -0.3233
    t+2   | +0.1198  -0.1781  -0.0659  +0.1683  +0.0332  -0.4847
    t+3   | +0.0910  -0.1991  -0.0089  +0.1083  +0.0106  -0.6922
    t+4   | +0.0885  -0.1481  -0.0528  +0.1504  -0.0286  -0.7247
[12:41:48] # 1474 [bench] e2e= 1027.6ms  infer= 1024.5ms  cap=  2.9ms
    t+0   | +0.1408  +0.0738  -0.2610  +0.3466  +0.0743  -0.1100
    t+1   | +0.1182  -0.0080  -0.1583  +0.2727  +0.0638  -0.4881
    t+2   | +0.1432  -0.0200  -0.1535  +0.2594  +0.0233  -0.4076
    t+3   | +0.1414  -0.0524  -0.1480  +0.2485  +0.0274  -0.4623
    t+4   | +0.1338  -0.0803  -0.1570  +0.2412  +0.0038  -0.5057
[12:41:49] # 1475 [bench] e2e= 1030.7ms  infer= 1027.7ms  cap=  2.8ms
    t+0   | +0.0359  -0.0675  -0.0901  +0.1599  +0.0795  -0.5871
    t+1   | -0.0032  -0.1126  -0.0899  +0.1390  +0.1174  -0.3685
    t+2   | -0.0144  -0.1101  -0.0611  +0.1585  +0.0993  -0.2365
    t+3   | -0.0038  -0.1538  -0.0383  +0.1207  +0.0630  -0.3443
    t+4   | -0.0057  -0.1728  -0.0031  +0.1079  +0.0260  -0.3929
[12:41:50] # 1476 [bench] e2e= 1031.7ms  infer= 1028.7ms  cap=  2.8ms
    t+0   | +0.2354  -0.0356  -0.0743  +0.2384  +0.0330  -0.0879
    t+1   | +0.2544  +0.0029  -0.1185  +0.2451  +0.0439  -0.1608
    t+2   | +0.2257  +0.0386  -0.1387  +0.2508  +0.0093  -0.1789
    t+3   | +0.1667  +0.0127  -0.1138  +0.1719  -0.0207  -0.4631
    t+4   | +0.1698  -0.0427  -0.1258  +0.1580  -0.0416  -0.3176
[12:41:51] # 1477 [bench] e2e= 1022.0ms  infer= 1019.0ms  cap=  2.8ms
    t+0   | +0.1861  -0.0126  +0.0075  +0.2602  +0.1631  +0.5595
    t+1   | +0.1074  +0.0610  -0.0396  +0.2497  +0.1607  +0.3237
    t+2   | +0.1172  +0.1160  -0.1228  +0.2581  +0.0961  +0.2476
    t+3   | +0.0841  +0.1247  -0.1858  +0.2478  +0.0732  +0.1864
    t+4   | +0.1026  +0.1019  -0.1655  +0.3010  +0.0357  +0.1545
[12:41:52] # 1478 [bench] e2e= 1024.8ms  infer= 1021.1ms  cap=  3.5ms
    t+0   | -0.1584  -0.2991  -0.1012  +0.1139  -0.0738  -0.6272
    t+1   | -0.0186  -0.1726  -0.1436  +0.1881  -0.0479  -0.4388
    t+2   | +0.0698  -0.1066  -0.1247  +0.2305  -0.0149  +0.1316
    t+3   | +0.1108  -0.0667  -0.1066  +0.2368  +0.0908  +0.0695
    t+4   | +0.1174  -0.0075  -0.1520  +0.2572  +0.1116  +0.0417
[12:41:53] # 1479 [bench] e2e= 1022.1ms  infer= 1019.2ms  cap=  2.8ms
    t+0   | +0.2014  -0.0755  -0.1415  +0.2742  +0.1108  -0.0044
    t+1   | +0.1930  -0.0249  -0.2699  +0.2614  +0.0561  -0.0603
    t+2   | +0.1938  +0.0801  -0.3119  +0.2906  +0.0253  +0.0596
    t+3   | +0.2053  +0.1072  -0.3128  +0.3209  +0.0709  +0.2611
    t+4   | +0.1791  +0.1080  -0.2942  +0.3478  +0.0583  +0.1262
[12:41:54] # 1480 [bench] e2e= 1027.7ms  infer= 1024.9ms  cap=  2.7ms
    t+0   | +0.2350  +0.0696  -0.0351  +0.2435  +0.0706  -0.0700
    t+1   | +0.2232  +0.0757  -0.0370  +0.2694  +0.1338  -0.0215
    t+2   | +0.2401  +0.0933  -0.0845  +0.3181  +0.1552  -0.0186
    t+3   | +0.2317  +0.0810  -0.1491  +0.3321  +0.1336  -0.0051
    t+4   | +0.2566  +0.0766  -0.1487  +0.3268  +0.0956  +0.2012
[12:41:55] # 1481 [bench] e2e= 1027.8ms  infer= 1024.6ms  cap=  3.0ms
    t+0   | +0.0663  +0.0569  -0.1431  +0.3069  +0.1044  -0.2861
    t+1   | +0.0619  +0.0858  -0.2072  +0.3242  +0.1289  -0.2847
    t+2   | +0.0719  +0.0952  -0.3047  +0.3007  +0.1379  -0.1964
    t+3   | +0.0312  +0.1315  -0.4048  +0.3161  +0.1538  -0.1890
    t+4   | +0.0486  +0.1144  -0.3700  +0.3253  +0.0876  -0.2004
[12:41:56] # 1482 [bench] e2e= 1031.2ms  infer= 1028.1ms  cap=  2.9ms
    t+0   | +0.0859  +0.0090  -0.2313  +0.3061  -0.2566  +0.3622
    t+1   | +0.1041  -0.0095  -0.2044  +0.2710  -0.1889  +0.1637
    t+2   | +0.1132  -0.0287  -0.1341  +0.2604  -0.0705  +0.1462
    t+3   | +0.0717  -0.0772  -0.0762  +0.2336  -0.0016  +0.2166
    t+4   | +0.0476  -0.0889  -0.0401  +0.2583  +0.0212  +0.2094
[12:41:57] # 1483 [bench] e2e= 1026.4ms  infer= 1023.5ms  cap=  2.7ms
    t+0   | +0.1439  -0.0921  -0.0196  +0.2084  +0.0502  -0.2029
    t+1   | +0.1387  -0.0635  -0.0466  +0.2225  +0.0530  -0.1728
    t+2   | +0.1636  +0.0165  -0.0856  +0.2469  +0.0785  -0.0943
    t+3   | +0.1623  +0.0216  -0.0985  +0.2585  +0.1245  -0.0434
    t+4   | +0.1161  +0.0814  -0.1419  +0.2820  +0.0655  -0.0255
[12:41:58] # 1484 [bench] e2e= 1029.2ms  infer= 1026.3ms  cap=  2.7ms
    t+0   | +0.1196  -0.0036  -0.1432  +0.2519  -0.0635  +0.0216
    t+1   | +0.1116  -0.0377  -0.1132  +0.2166  -0.0820  -0.0042
    t+2   | +0.1355  -0.0503  -0.0866  +0.1884  -0.0494  -0.0483
    t+3   | +0.1563  -0.0736  -0.0391  +0.1573  -0.0182  -0.1790
    t+4   | +0.1179  -0.1296  +0.0239  +0.2154  +0.0940  -0.2942
[12:41:59] # 1485 [bench] e2e= 1032.2ms  infer= 1029.2ms  cap=  2.8ms
    t+0   | +0.1058  -0.0743  -0.0515  +0.2697  -0.0261  +0.2373
    t+1   | +0.0845  -0.0323  -0.1119  +0.3003  +0.0559  +0.0519
    t+2   | +0.0272  -0.0652  -0.1068  +0.2676  +0.0882  +0.0375
    t+3   | -0.0050  -0.0496  -0.0928  +0.2610  +0.0848  -0.0025
    t+4   | +0.0073  -0.1233  -0.0458  +0.2180  +0.0705  -0.3828

  [live] after 1480 bench steps — e2e mean=1036.3ms  |  max replan freq=0.96 Hz  |  max control freq=4.82 Hz (n_action_steps=5)

[12:42:00] # 1486 [bench] e2e= 1064.8ms  infer= 1062.1ms  cap=  2.5ms
    t+0   | +0.1572  -0.0376  -0.0490  +0.2005  -0.1093  +0.0372
    t+1   | +0.0425  -0.0180  -0.0014  +0.2051  -0.0753  -0.0590
    t+2   | -0.0371  +0.0537  -0.0734  +0.2367  -0.1235  -0.1211
    t+3   | -0.0053  +0.0572  -0.1364  +0.2681  -0.1435  -0.1326
    t+4   | +0.0043  +0.0328  -0.1669  +0.2840  -0.1402  -0.1499
[12:42:01] # 1487 [bench] e2e= 1025.2ms  infer= 1022.3ms  cap=  2.7ms
    t+0   | +0.0984  -0.1354  -0.0962  +0.2820  -0.0460  -0.1221
    t+1   | +0.0320  -0.1545  -0.0399  +0.2494  -0.0695  -0.0537
    t+2   | -0.0353  -0.0628  -0.0990  +0.2678  -0.0909  +0.0340
    t+3   | +0.0552  +0.0397  -0.1652  +0.3111  -0.0770  +0.0378
    t+4   | +0.0871  +0.0760  -0.1931  +0.3336  -0.0238  -0.0295
[12:42:02] # 1488 [bench] e2e= 1026.0ms  infer= 1023.3ms  cap=  2.6ms
    t+0   | +0.3028  +0.0768  -0.1515  +0.2844  -0.0432  -0.0992
    t+1   | +0.2499  +0.1002  -0.1372  +0.2530  -0.0761  -0.2860
    t+2   | +0.0974  +0.0878  -0.1629  +0.2743  -0.1119  -0.2882
    t+3   | -0.0706  +0.0575  -0.2173  +0.2626  -0.0659  -0.3135
    t+4   | -0.0900  -0.0009  -0.1796  +0.2358  -0.1349  -0.4485
[12:42:03] # 1489 [bench] e2e= 1029.4ms  infer= 1026.5ms  cap=  2.8ms
    t+0   | +0.1070  -0.1432  -0.0073  +0.2300  +0.0226  -0.0471
    t+1   | +0.1259  -0.0767  -0.0534  +0.2582  +0.0709  +0.3203
    t+2   | +0.1839  -0.0002  -0.0540  +0.2686  +0.0897  +0.4465
    t+3   | +0.2158  +0.0231  -0.0593  +0.2449  +0.1436  +0.4068
    t+4   | +0.2509  +0.0303  -0.0880  +0.2743  +0.1939  +0.2521
[12:42:04] # 1490 [bench] e2e= 1024.1ms  infer= 1021.7ms  cap=  2.3ms
    t+0   | +0.0292  -0.2313  +0.0670  +0.2150  +0.3102  -0.1898
    t+1   | +0.0804  -0.1513  +0.0270  +0.2225  +0.1873  -0.2069
    t+2   | +0.1090  -0.0855  -0.0362  +0.2258  +0.2059  -0.2635
    t+3   | +0.1599  -0.0229  -0.0819  +0.2542  +0.2097  -0.3041
    t+4   | +0.1787  +0.0253  -0.0957  +0.2922  +0.1995  -0.3370
[12:42:05] # 1491 [bench] e2e= 1027.7ms  infer= 1025.3ms  cap=  2.3ms
    t+0   | +0.1465  +0.0126  -0.1140  +0.2692  -0.1051  +0.0259
    t+1   | +0.1379  +0.0600  -0.1262  +0.2873  -0.0515  -0.0444
    t+2   | +0.0925  +0.0707  -0.1451  +0.2658  +0.0227  -0.1274
    t+3   | +0.0720  +0.0345  -0.1428  +0.2278  +0.0801  -0.1690
    t+4   | +0.1116  +0.0444  -0.1442  +0.2380  +0.0855  -0.1535
[12:42:06] # 1492 [bench] e2e= 1028.5ms  infer= 1026.0ms  cap=  2.4ms
    t+0   | +0.1445  +0.0318  -0.0731  +0.2133  -0.0797  -0.4751
    t+1   | +0.0813  +0.0331  -0.0747  +0.2164  -0.0523  -0.5143
    t+2   | +0.0548  -0.0855  -0.0399  +0.1822  +0.0174  -0.4479
    t+3   | +0.0788  -0.1207  +0.0002  +0.1837  +0.0339  -0.3765
    t+4   | +0.0923  -0.1717  +0.0176  +0.1932  +0.0241  -0.0956
[12:42:07] # 1493 [bench] e2e= 1031.2ms  infer= 1028.7ms  cap=  2.3ms
    t+0   | +0.0521  +0.0512  -0.2110  +0.2737  -0.0058  -0.2952
    t+1   | +0.0200  +0.0215  -0.1996  +0.2330  -0.0416  -0.4097
    t+2   | +0.0095  +0.0756  -0.2442  +0.2088  -0.0483  -0.3202
    t+3   | +0.0641  +0.1024  -0.2450  +0.2388  -0.0190  -0.2451
    t+4   | +0.0521  +0.0914  -0.2466  +0.2535  -0.0012  -0.2606
[12:42:08] # 1494 [bench] e2e= 1028.9ms  infer= 1026.4ms  cap=  2.3ms
    t+0   | +0.0598  +0.0086  -0.1090  +0.2178  -0.0584  -0.0301
    t+1   | +0.0048  -0.0509  -0.1015  +0.1686  -0.1389  -0.1316
    t+2   | -0.0167  -0.0549  -0.1203  +0.1647  -0.1053  -0.1872
    t+3   | +0.0181  -0.0237  -0.1367  +0.1835  -0.0684  -0.1927
    t+4   | +0.0548  +0.0336  -0.1453  +0.2367  -0.0392  -0.1813
[12:42:09] # 1495 [bench] e2e= 1025.6ms  infer= 1023.1ms  cap=  2.3ms
    t+0   | +0.1277  +0.0298  -0.1742  +0.2552  +0.0497  +0.1485
    t+1   | +0.1501  +0.0269  -0.1984  +0.2405  +0.0133  +0.2885
    t+2   | +0.0131  -0.0407  -0.1304  +0.1894  -0.0438  +0.2531
    t+3   | -0.0181  -0.0592  -0.1085  +0.1995  -0.0055  +0.2085
    t+4   | -0.0080  -0.0637  -0.1144  +0.2354  +0.0096  +0.0918
[12:42:10] # 1496 [bench] e2e= 1028.2ms  infer= 1025.7ms  cap=  2.3ms
    t+0   | +0.0467  -0.1927  +0.0629  +0.1789  +0.1284  -0.6808
    t+1   | +0.0115  -0.0868  -0.0964  +0.2864  +0.1317  -0.6955
    t+2   | +0.0115  -0.0449  -0.1151  +0.2916  +0.1002  -0.6129
    t+3   | +0.0099  -0.0471  -0.0672  +0.2641  +0.1402  -0.5729
    t+4   | +0.0411  -0.0505  -0.0240  +0.2582  +0.1497  -0.5218
[12:42:11] # 1497 [bench] e2e= 1026.3ms  infer= 1023.8ms  cap=  2.3ms
    t+0   | +0.1315  -0.0920  -0.0408  +0.2094  -0.0710  -0.0851
    t+1   | +0.1286  -0.0682  -0.0652  +0.2151  -0.0882  -0.0392
    t+2   | +0.1204  -0.0658  -0.0494  +0.2278  -0.0542  +0.0580
    t+3   | +0.1549  -0.0619  -0.0798  +0.2153  -0.0225  +0.0564
    t+4   | +0.1866  -0.0245  -0.0969  +0.2622  -0.0096  +0.0285
[12:42:13] # 1498 [bench] e2e= 1025.6ms  infer= 1023.2ms  cap=  2.2ms
    t+0   | -0.0117  -0.1562  -0.0734  +0.2020  -0.0041  -0.4409
    t+1   | +0.0384  -0.1341  -0.1282  +0.2280  -0.0775  -0.3089
    t+2   | +0.0910  -0.0546  -0.1106  +0.2829  -0.0879  -0.1043
    t+3   | +0.1314  -0.0171  -0.1160  +0.2827  -0.0656  -0.0909
    t+4   | +0.1660  +0.0253  -0.0927  +0.3111  -0.0583  -0.0782
[12:42:14] # 1499 [bench] e2e= 1035.2ms  infer= 1032.3ms  cap=  2.7ms
    t+0   | +0.1949  +0.1282  -0.3275  +0.3686  +0.0561  -0.7401
    t+1   | +0.1460  +0.0785  -0.2066  +0.3176  +0.0810  -0.7550
    t+2   | +0.1325  +0.0436  -0.1755  +0.2998  +0.0985  -0.7396
    t+3   | +0.1722  +0.0780  -0.1888  +0.3270  +0.0966  +0.1004
    t+4   | +0.2154  +0.1244  -0.2318  +0.3441  +0.1242  -0.0950
[12:42:15] # 1500 [bench] e2e= 1030.3ms  infer= 1027.5ms  cap=  2.7ms
    t+0   | +0.0784  +0.0452  -0.1759  +0.3747  -0.1853  -0.0749
    t+1   | +0.0626  +0.0455  -0.1423  +0.3474  -0.0843  -0.2232
    t+2   | +0.0594  -0.0316  -0.0989  +0.2876  -0.0053  -0.2434
    t+3   | +0.0446  -0.1302  -0.0562  +0.2601  +0.0032  -0.2772
    t+4   | +0.0726  -0.1528  -0.0657  +0.2642  -0.0237  -0.2362
[12:42:16] # 1501 [bench] e2e= 1025.8ms  infer= 1022.7ms  cap=  3.0ms
    t+0   | +0.1008  +0.0960  -0.1659  +0.2697  +0.2206  -0.3667
    t+1   | +0.0778  +0.1024  -0.1915  +0.2787  +0.0933  -0.4263
    t+2   | +0.0847  +0.1232  -0.1950  +0.2874  +0.0181  -0.4838
    t+3   | +0.0790  +0.0925  -0.1888  +0.2795  +0.0135  -0.4384
    t+4   | +0.1172  +0.1400  -0.2220  +0.3000  +0.0459  -0.2789
[12:42:17] # 1502 [bench] e2e= 1033.9ms  infer= 1030.6ms  cap=  3.1ms
    t+0   | +0.1338  +0.1605  -0.4051  +0.4460  +0.0222  -0.0001
    t+1   | +0.1683  +0.1343  -0.3099  +0.3790  -0.0490  +0.0602
    t+2   | +0.1174  +0.1283  -0.2781  +0.3469  -0.0669  +0.2193
    t+3   | +0.1225  +0.1166  -0.2511  +0.3529  -0.0454  +0.3708
    t+4   | +0.1311  +0.1088  -0.2005  +0.3271  -0.0323  +0.5434
[12:42:18] # 1503 [bench] e2e= 1028.3ms  infer= 1025.4ms  cap=  2.8ms
    t+0   | +0.1764  -0.0051  -0.0798  +0.2740  +0.1171  +0.3178
    t+1   | +0.2040  +0.0276  -0.1196  +0.3181  +0.1080  +0.2812
    t+2   | +0.1477  +0.0550  -0.1307  +0.2944  +0.0897  -0.1362
    t+3   | +0.0875  +0.0377  -0.1285  +0.2487  +0.0414  -0.1914
    t+4   | +0.0516  -0.0055  -0.1044  +0.2360  -0.0213  -0.0920
[12:42:19] # 1504 [bench] e2e= 1034.0ms  infer= 1031.1ms  cap=  2.7ms
    t+0   | +0.0072  +0.0809  -0.1797  +0.2501  -0.1162  +0.0048
    t+1   | -0.0167  -0.0208  -0.1649  +0.2430  -0.2326  -0.0757
    t+2   | +0.0006  -0.0304  -0.1388  +0.2551  -0.2192  -0.1280
    t+3   | +0.0405  -0.0181  -0.0812  +0.2331  -0.1513  -0.4235
    t+4   | +0.0743  -0.0224  -0.0442  +0.1953  -0.0947  -0.4760
[12:42:20] # 1505 [bench] e2e= 1029.4ms  infer= 1026.5ms  cap=  2.7ms
    t+0   | +0.2155  -0.0073  -0.1232  +0.2709  +0.1602  -0.1737
    t+1   | +0.1506  -0.0547  -0.1337  +0.2069  +0.1307  -0.0547
    t+2   | +0.1159  -0.0677  -0.0890  +0.1802  +0.0537  +0.0506
    t+3   | -0.0567  +0.0043  -0.1020  +0.1856  +0.1149  +0.2156
    t+4   | +0.0311  +0.0411  -0.1534  +0.2211  +0.0963  +0.2245

  [live] after 1500 bench steps — e2e mean=1036.2ms  |  max replan freq=0.97 Hz  |  max control freq=4.83 Hz (n_action_steps=5)

[12:42:21] # 1506 [bench] e2e= 1025.2ms  infer= 1022.3ms  cap=  2.7ms
    t+0   | +0.1028  -0.1024  -0.0420  +0.2187  +0.0193  -0.6347
    t+1   | +0.1142  -0.0274  -0.2247  +0.3342  +0.0306  -0.3421
    t+2   | +0.1272  -0.0097  -0.2613  +0.3353  +0.0149  -0.2007
    t+3   | +0.1579  +0.0481  -0.2676  +0.3559  -0.0474  -0.0228
    t+4   | +0.1504  +0.0401  -0.2343  +0.3424  -0.0417  -0.1494
[12:42:22] # 1507 [bench] e2e= 1060.3ms  infer= 1057.4ms  cap=  2.8ms
    t+0   | +0.1033  +0.1217  -0.2064  +0.2784  -0.1151  -0.1328
    t+1   | +0.0994  +0.1166  -0.1985  +0.2977  -0.0882  -0.0711
    t+2   | +0.0669  +0.0696  -0.1551  +0.2641  -0.0395  -0.1076
    t+3   | +0.0960  +0.0415  -0.1343  +0.2707  +0.0097  -0.0851
    t+4   | +0.1438  +0.0172  -0.1408  +0.2452  +0.0246  +0.0607
[12:42:23] # 1508 [bench] e2e= 1031.2ms  infer= 1028.4ms  cap=  2.7ms
    t+0   | +0.1624  +0.0386  -0.1411  +0.2752  +0.0612  +0.0911
    t+1   | +0.0988  +0.0479  -0.1484  +0.2230  +0.1036  +0.2004
    t+2   | +0.0556  +0.0712  -0.1871  +0.2105  +0.0162  +0.0767
    t+3   | +0.0219  +0.0981  -0.1942  +0.2606  -0.0895  +0.0269
    t+4   | +0.0528  +0.1006  -0.2347  +0.2674  -0.1030  +0.0561
[12:42:24] # 1509 [bench] e2e= 1028.7ms  infer= 1025.8ms  cap=  2.7ms
    t+0   | +0.2797  +0.1075  -0.1560  +0.2944  -0.1238  +0.7178
    t+1   | +0.2210  +0.0946  -0.1297  +0.2524  -0.1339  +0.6291
    t+2   | +0.1793  +0.0768  -0.1259  +0.2211  -0.1351  +0.5160
    t+3   | +0.1989  +0.1027  -0.1226  +0.2267  -0.1471  +0.4407
    t+4   | +0.2310  +0.1160  -0.0985  +0.2549  -0.1042  +0.3404
[12:42:25] # 1510 [bench] e2e= 1025.1ms  infer= 1022.2ms  cap=  2.7ms
    t+0   | +0.0775  -0.0335  -0.0072  +0.1645  -0.1542  +0.0532
    t+1   | +0.0777  -0.0842  +0.0534  +0.1013  -0.1758  +0.0364
    t+2   | +0.0909  -0.0820  +0.0580  +0.1181  -0.1442  +0.0034
    t+3   | +0.0753  -0.0770  +0.0027  +0.1827  -0.1493  +0.0070
    t+4   | +0.0663  -0.0775  -0.0260  +0.2085  -0.1577  +0.0235
[12:42:26] # 1511 [bench] e2e= 1030.4ms  infer= 1027.9ms  cap=  2.4ms
    t+0   | +0.1230  -0.0011  -0.1305  +0.2542  -0.0717  +0.1119
    t+1   | +0.1301  +0.0070  -0.1645  +0.2706  -0.0487  +0.1578
    t+2   | +0.1453  +0.0204  -0.1910  +0.3096  -0.0766  +0.2621
    t+3   | +0.1835  +0.0224  -0.1923  +0.2986  -0.0819  +0.3179
    t+4   | +0.1796  +0.0271  -0.1434  +0.3082  -0.0838  +0.3867
[12:42:27] # 1512 [bench] e2e= 1058.7ms  infer= 1056.2ms  cap=  2.3ms
    t+0   | +0.1512  +0.0058  -0.0910  +0.2516  -0.0819  +0.2566
    t+1   | +0.1545  -0.0009  -0.0731  +0.2338  -0.0658  +0.1295
    t+2   | +0.1188  -0.0062  -0.1035  +0.2487  -0.0122  +0.0853
    t+3   | +0.1321  +0.0117  -0.1577  +0.2995  -0.0525  +0.0785
    t+4   | +0.1287  +0.0507  -0.1314  +0.3275  -0.0453  +0.1810
[12:42:28] # 1513 [bench] e2e= 1030.7ms  infer= 1026.9ms  cap=  3.6ms
    t+0   | +0.1425  -0.0192  -0.0941  +0.2423  -0.0254  +0.0259
    t+1   | +0.0761  +0.0756  -0.1042  +0.1965  -0.0430  -0.0578
    t+2   | +0.1265  +0.1128  -0.0910  +0.2196  -0.0258  -0.0335
    t+3   | +0.1350  +0.1194  -0.0985  +0.1994  -0.0247  -0.0949
    t+4   | +0.1493  +0.1208  -0.0850  +0.1766  -0.0413  -0.0886
[12:42:29] # 1514 [bench] e2e= 1024.7ms  infer= 1020.8ms  cap=  3.5ms
    t+0   | +0.0003  -0.0382  -0.2619  +0.3156  +0.0528  +0.1697
    t+1   | +0.0087  -0.0646  -0.2518  +0.3119  +0.1213  +0.0188
    t+2   | +0.0300  -0.0575  -0.2266  +0.3341  +0.1425  -0.0443
    t+3   | +0.0204  -0.0399  -0.2467  +0.3094  +0.1455  -0.0786
    t+4   | +0.0724  -0.0491  -0.2403  +0.3192  +0.1700  -0.2330
[12:42:30] # 1515 [bench] e2e= 1025.6ms  infer= 1023.3ms  cap=  2.1ms
    t+0   | +0.1700  +0.0977  -0.2129  +0.3095  +0.0932  -0.0182
    t+1   | +0.0886  -0.0014  -0.1139  +0.2061  +0.0406  -0.1980
    t+2   | -0.0248  -0.0891  +0.0157  +0.1396  -0.1004  -0.4676
    t+3   | +0.0030  -0.0771  +0.0171  +0.1133  -0.0892  -0.6530
    t+4   | +0.0086  -0.0105  +0.0223  +0.1496  -0.0265  -0.6815
[12:42:31] # 1516 [bench] e2e= 1027.8ms  infer= 1025.6ms  cap=  2.0ms
    t+0   | +0.1264  +0.0447  -0.1189  +0.2157  +0.2076  -0.0924
    t+1   | +0.1616  +0.0513  -0.1454  +0.2471  +0.1464  -0.0339
    t+2   | +0.2114  +0.0537  -0.2155  +0.2463  +0.0847  +0.0921
    t+3   | +0.2008  +0.0508  -0.1741  +0.2320  +0.0457  +0.1204
    t+4   | +0.1640  +0.0358  -0.1440  +0.2019  +0.0170  +0.1120
[12:42:32] # 1517 [bench] e2e= 1029.0ms  infer= 1026.7ms  cap=  2.1ms
    t+0   | -0.3426  -0.2676  -0.3676  +0.2945  -0.3533  -0.3958
    t+1   | -0.3021  -0.1877  -0.2917  +0.3167  -0.3244  -0.1645
    t+2   | -0.2213  -0.1794  -0.2156  +0.3162  -0.2906  -0.1679
    t+3   | -0.0773  -0.1545  -0.1755  +0.3258  -0.2854  -0.1575
    t+4   | -0.0237  -0.1617  -0.1730  +0.3139  -0.3095  -0.1746
[12:42:33] # 1518 [bench] e2e= 1033.9ms  infer= 1031.6ms  cap=  2.1ms
    t+0   | +0.1336  -0.0280  -0.0376  +0.2060  -0.0449  -0.0555
    t+1   | +0.0316  +0.0381  -0.0315  +0.2013  -0.1017  -0.0171
    t+2   | +0.0028  +0.0566  -0.0710  +0.2180  -0.1223  +0.0029
    t+3   | +0.0198  +0.0795  -0.0979  +0.2206  -0.1400  +0.0938
    t+4   | +0.0312  +0.0612  -0.0644  +0.1918  -0.1036  -0.0088
[12:42:34] # 1519 [bench] e2e= 1036.9ms  infer= 1034.0ms  cap=  2.7ms
    t+0   | +0.2311  -0.0204  -0.0463  +0.2530  -0.1574  -0.0468
    t+1   | +0.1902  -0.0575  -0.0292  +0.2370  -0.2113  -0.1060
    t+2   | +0.1420  -0.0870  -0.0797  +0.2217  -0.2592  -0.1306
    t+3   | +0.1482  -0.0699  -0.1197  +0.2271  -0.2705  -0.0886
    t+4   | +0.1398  -0.0702  -0.1247  +0.2525  -0.2911  -0.0362
[12:42:35] # 1520 [bench] e2e= 1062.4ms  infer= 1059.7ms  cap=  2.5ms
    t+0   | +0.2411  +0.0959  -0.1221  +0.2755  +0.3181  +0.0037
    t+1   | +0.2172  +0.0640  -0.1146  +0.2665  +0.2291  +0.1082
    t+2   | +0.2129  -0.0038  -0.0834  +0.2980  +0.1343  +0.1284
    t+3   | +0.1646  -0.0313  -0.0591  +0.2893  +0.0593  +0.0604
    t+4   | +0.0717  -0.0874  +0.0156  +0.2798  +0.1285  +0.1056
[12:42:36] # 1521 [bench] e2e= 1057.9ms  infer= 1055.5ms  cap=  2.3ms
    t+0   | +0.2833  +0.0048  -0.0883  +0.2819  +0.0354  +0.0609
    t+1   | +0.2122  -0.0264  -0.0462  +0.2588  +0.0305  -0.0293
    t+2   | +0.1574  -0.0341  -0.0613  +0.2606  +0.0406  +0.1349
    t+3   | +0.1531  -0.0378  -0.0623  +0.2687  +0.0407  +0.1577
    t+4   | +0.1728  +0.0359  -0.0494  +0.2990  +0.0050  +0.5408
[12:42:37] # 1522 [bench] e2e= 1053.5ms  infer= 1049.9ms  cap=  3.4ms
    t+0   | +0.0009  -0.0954  -0.2112  +0.2168  -0.0291  -0.5879
    t+1   | +0.0098  -0.0466  -0.2256  +0.2236  -0.0755  -0.1633
    t+2   | +0.0748  +0.0482  -0.2584  +0.2472  -0.1055  +0.2095
    t+3   | +0.1021  +0.0965  -0.2813  +0.2556  -0.0792  +0.1296
    t+4   | +0.0914  +0.0581  -0.2391  +0.2370  -0.0782  -0.3277
[12:42:38] # 1523 [bench] e2e= 1043.7ms  infer= 1040.8ms  cap=  2.7ms
    t+0   | +0.0132  -0.0192  -0.1289  +0.1629  -0.0197  -0.2352
    t+1   | -0.0096  -0.0024  -0.1593  +0.1371  -0.0115  -0.1775
    t+2   | +0.0441  +0.0604  -0.1867  +0.1524  -0.0375  -0.1069
    t+3   | +0.0654  +0.0837  -0.1454  +0.1619  -0.0511  -0.1062
    t+4   | +0.1055  +0.0746  -0.1724  +0.1525  -0.0164  -0.1376
[12:42:39] # 1524 [bench] e2e= 1027.2ms  infer= 1024.4ms  cap=  2.6ms
    t+0   | +0.1056  -0.0508  -0.0755  +0.2234  -0.0313  -0.4687
    t+1   | +0.0039  -0.0890  +0.0120  +0.1670  +0.0188  -0.5961
    t+2   | -0.0248  -0.1205  +0.0497  +0.1441  -0.0374  -0.5386
    t+3   | -0.1084  -0.1059  -0.0115  +0.1251  -0.1021  -0.4439
    t+4   | -0.1041  -0.1368  -0.0432  +0.1140  -0.0885  -0.4081
[12:42:40] # 1525 [bench] e2e= 1028.6ms  infer= 1025.9ms  cap=  2.5ms
    t+0   | +0.0005  -0.2928  +0.1168  +0.1020  -0.0253  +0.0151
    t+1   | +0.0689  -0.1705  -0.0052  +0.1712  -0.0710  +0.0298
    t+2   | +0.1378  -0.0580  -0.0849  +0.2409  -0.1509  +0.2194
    t+3   | +0.1631  +0.0502  -0.2121  +0.3201  -0.2074  +0.3085
    t+4   | +0.1401  +0.0408  -0.2482  +0.3217  -0.1144  -0.2943

  [live] after 1520 bench steps — e2e mean=1036.2ms  |  max replan freq=0.97 Hz  |  max control freq=4.83 Hz (n_action_steps=5)

[12:42:42] # 1526 [bench] e2e= 1033.5ms  infer= 1030.2ms  cap=  3.2ms
    t+0   | +0.3928  +0.1485  -0.2909  +0.3489  +0.2257  -0.1150
    t+1   | +0.3663  +0.1475  -0.2993  +0.3369  +0.1173  -0.0889
    t+2   | +0.3033  +0.1052  -0.2346  +0.3050  +0.0273  -0.0719
    t+3   | +0.2422  +0.1121  -0.2523  +0.3057  -0.0009  -0.1221
    t+4   | +0.1866  +0.0958  -0.2494  +0.2894  +0.0164  -0.1444
[12:42:43] # 1527 [bench] e2e= 1034.3ms  infer= 1031.8ms  cap=  2.4ms
    t+0   | +0.0280  -0.0234  -0.1067  +0.2016  +0.1349  -0.0783
    t+1   | +0.0645  -0.0257  -0.1387  +0.2048  +0.1591  -0.0856
    t+2   | +0.0954  -0.0341  -0.1355  +0.2124  +0.1310  +0.0328
    t+3   | +0.0594  +0.0035  -0.1625  +0.2758  +0.1790  +0.0665
    t+4   | +0.1015  +0.0119  -0.1669  +0.2856  +0.1688  +0.1475
[12:42:44] # 1528 [bench] e2e= 1035.4ms  infer= 1031.6ms  cap=  3.6ms
    t+0   | +0.0681  -0.0096  -0.1056  +0.2294  -0.0244  -0.1095
    t+1   | -0.0020  +0.0191  -0.1421  +0.2079  -0.0582  -0.1346
    t+2   | +0.0690  +0.0571  -0.1569  +0.2164  -0.0526  -0.1260
    t+3   | +0.0793  +0.0384  -0.1396  +0.2205  -0.0353  -0.2857
    t+4   | +0.0501  +0.0297  -0.1114  +0.2317  -0.0226  -0.2802
[12:42:45] # 1529 [bench] e2e= 1031.5ms  infer= 1028.6ms  cap=  2.7ms
    t+0   | +0.1375  -0.0251  +0.0205  +0.2196  +0.0325  +0.0584
    t+1   | +0.1070  -0.0686  +0.0160  +0.2242  +0.0676  -0.2191
    t+2   | +0.1332  -0.0850  -0.1106  +0.2628  -0.0001  -0.3867
    t+3   | +0.1309  -0.0216  -0.2287  +0.3226  -0.0033  -0.3555
    t+4   | +0.1501  +0.0556  -0.3241  +0.3590  +0.0041  -0.3725
[12:42:46] # 1530 [bench] e2e= 1027.7ms  infer= 1024.9ms  cap=  2.7ms
    t+0   | -0.0051  +0.0057  -0.0493  +0.1472  -0.1951  +0.1008
    t+1   | +0.0259  +0.0060  -0.0272  +0.1481  -0.0564  -0.0407
    t+2   | +0.0497  +0.0383  -0.0852  +0.1751  +0.0375  -0.1005
    t+3   | +0.0907  +0.0159  -0.1377  +0.1840  +0.0880  -0.0891
    t+4   | +0.0810  +0.0315  -0.1370  +0.1885  +0.1179  +0.0898
[12:42:47] # 1531 [bench] e2e= 1059.3ms  infer= 1056.5ms  cap=  2.7ms
    t+0   | +0.1741  -0.0307  -0.0841  +0.2276  -0.0930  +0.0226
    t+1   | +0.1232  -0.0769  -0.0356  +0.1651  -0.0118  -0.1861
    t+2   | +0.0549  -0.0659  -0.0376  +0.1655  +0.0569  -0.5079
    t+3   | +0.0718  -0.0215  -0.0854  +0.1757  +0.0425  -0.5467
    t+4   | +0.1038  -0.0423  -0.1132  +0.1658  +0.0621  -0.5268
[12:42:48] # 1532 [bench] e2e= 1025.0ms  infer= 1022.6ms  cap=  2.3ms
    t+0   | +0.0437  -0.0789  -0.0215  +0.2003  +0.0557  -0.1472
    t+1   | +0.0289  -0.0716  -0.0204  +0.1748  +0.0768  -0.1110
    t+2   | +0.0516  -0.0633  -0.0367  +0.1467  +0.0044  -0.0760
    t+3   | +0.0712  +0.0679  -0.1833  +0.1924  -0.1135  -0.0141
    t+4   | +0.1441  +0.1165  -0.2231  +0.2362  -0.1213  +0.0419
[12:42:49] # 1533 [bench] e2e= 1058.6ms  infer= 1056.0ms  cap=  2.4ms
    t+0   | +0.1305  +0.0156  -0.1428  +0.3176  +0.1657  +0.0577
    t+1   | +0.1497  -0.0112  -0.1442  +0.3088  +0.1876  -0.1223
    t+2   | +0.1523  -0.0179  -0.1483  +0.3177  +0.1858  -0.4071
    t+3   | +0.1504  -0.0540  -0.2010  +0.3032  +0.1807  -0.3408
    t+4   | +0.1656  +0.0096  -0.2133  +0.3049  +0.1380  -0.2128
[12:42:50] # 1534 [bench] e2e= 1026.5ms  infer= 1023.9ms  cap=  2.4ms
    t+0   | +0.2206  +0.0284  -0.2152  +0.3099  -0.1362  -0.3564
    t+1   | +0.2004  +0.0995  -0.2706  +0.3376  -0.0041  -0.2344
    t+2   | +0.2092  +0.1245  -0.3042  +0.3391  +0.0873  -0.2100
    t+3   | +0.2306  +0.1304  -0.2766  +0.3522  +0.0614  -0.2048
    t+4   | +0.2302  +0.0939  -0.2655  +0.3447  +0.0683  -0.1805
[12:42:51] # 1535 [bench] e2e= 1027.8ms  infer= 1025.4ms  cap=  2.3ms
    t+0   | +0.0303  +0.0784  -0.0895  +0.1854  +0.1500  -0.3626
    t+1   | -0.0224  +0.0712  -0.0948  +0.1530  +0.1400  -0.3708
    t+2   | -0.0377  +0.0381  -0.0707  +0.1537  +0.1038  -0.2514
    t+3   | -0.0314  +0.0606  -0.0999  +0.1475  +0.1145  -0.1490
    t+4   | -0.0184  +0.0768  -0.0456  +0.1359  +0.2082  +0.0570
[12:42:52] # 1536 [bench] e2e= 1026.7ms  infer= 1024.3ms  cap=  2.3ms
    t+0   | +0.1208  +0.1073  -0.2732  +0.3258  +0.1217  +0.0448
    t+1   | +0.1487  +0.1241  -0.3213  +0.3315  +0.0582  +0.0056
    t+2   | +0.1605  +0.1013  -0.2444  +0.2952  +0.1083  -0.0497
    t+3   | +0.1474  +0.1134  -0.2914  +0.3048  +0.0701  -0.0240
    t+4   | +0.1889  +0.1377  -0.2889  +0.3346  +0.0388  +0.0750
[12:42:53] # 1537 [bench] e2e= 1028.6ms  infer= 1026.1ms  cap=  2.4ms
    t+0   | +0.1789  +0.0175  -0.0998  +0.2312  -0.0960  +0.2610
    t+1   | +0.1729  +0.0399  -0.0998  +0.2359  -0.0765  +0.2007
    t+2   | +0.1359  +0.0772  -0.1001  +0.2441  -0.0109  +0.1410
    t+3   | +0.1337  +0.0702  -0.1082  +0.2478  +0.0057  +0.2348
    t+4   | +0.1905  +0.1063  -0.1396  +0.3005  -0.0164  +0.3514
[12:42:54] # 1538 [bench] e2e= 1030.3ms  infer= 1027.9ms  cap=  2.3ms
    t+0   | +0.1532  +0.0896  -0.2337  +0.3392  -0.0942  +0.1064
    t+1   | +0.1520  +0.1149  -0.2397  +0.3431  -0.0542  +0.0144
    t+2   | +0.1589  +0.1578  -0.2752  +0.3322  -0.0436  -0.0134
    t+3   | +0.1649  +0.1983  -0.3065  +0.3260  +0.0313  -0.0099
    t+4   | +0.1409  +0.1809  -0.2715  +0.3161  +0.0538  +0.0851
[12:42:55] # 1539 [bench] e2e= 1026.5ms  infer= 1023.9ms  cap=  2.4ms
    t+0   | +0.0502  -0.0792  -0.0065  +0.1946  -0.0139  -0.0911
    t+1   | +0.0513  -0.0415  -0.0431  +0.2185  -0.0139  -0.1127
    t+2   | +0.0912  +0.0022  -0.1090  +0.2206  -0.0198  -0.0702
    t+3   | +0.1029  +0.0845  -0.1471  +0.2837  -0.0076  -0.1170
    t+4   | +0.1058  +0.0982  -0.1559  +0.2959  +0.0254  -0.1658
[12:42:56] # 1540 [bench] e2e= 1029.3ms  infer= 1026.8ms  cap=  2.4ms
    t+0   | -0.0552  -0.0719  -0.0629  +0.2669  -0.0681  +0.0833
    t+1   | +0.0553  -0.0595  -0.0868  +0.2688  -0.0229  -0.1301
    t+2   | +0.1464  -0.0055  -0.1151  +0.3325  +0.0653  -0.2661
    t+3   | +0.1601  -0.0092  -0.1066  +0.3611  +0.1323  -0.2738
    t+4   | +0.1848  +0.0575  -0.1582  +0.3924  +0.1119  -0.2050
[12:42:57] # 1541 [bench] e2e= 1027.3ms  infer= 1024.9ms  cap=  2.3ms
    t+0   | -0.1830  -0.3741  +0.3322  -0.1065  +0.1622  -0.7342
    t+1   | -0.1706  -0.3400  +0.2876  -0.1013  +0.1532  -0.7144
    t+2   | -0.1700  -0.2428  +0.1648  -0.0404  +0.0923  -0.5360
    t+3   | -0.1828  -0.2316  +0.1248  -0.0340  +0.0662  -0.5502
    t+4   | -0.1191  -0.1767  +0.0976  +0.0431  +0.0530  -0.5260
[12:42:58] # 1542 [bench] e2e= 1027.8ms  infer= 1025.4ms  cap=  2.3ms
    t+0   | +0.1088  +0.0701  -0.1948  +0.3008  +0.0649  -0.1320
    t+1   | +0.1166  +0.0156  -0.1533  +0.2511  +0.0883  -0.2139
    t+2   | +0.1090  +0.0302  -0.1604  +0.2719  +0.1236  -0.2500
    t+3   | +0.0883  +0.0329  -0.1495  +0.2397  +0.0659  -0.2087
    t+4   | +0.1333  +0.0711  -0.1461  +0.2707  +0.0880  -0.1476
[12:42:59] # 1543 [bench] e2e= 1021.8ms  infer= 1019.2ms  cap=  2.4ms
    t+0   | +0.1824  +0.1535  -0.1833  +0.2526  +0.0759  -0.4886
    t+1   | +0.1991  +0.1841  -0.2226  +0.2997  +0.2544  -0.3303
    t+2   | +0.2212  +0.2032  -0.2653  +0.2987  +0.1736  -0.1686
    t+3   | +0.2585  +0.2550  -0.3774  +0.3156  +0.1538  +0.0384
    t+4   | +0.2717  +0.2348  -0.3916  +0.3284  +0.1046  +0.0648
[12:43:00] # 1544 [bench] e2e= 1033.2ms  infer= 1030.7ms  cap=  2.3ms
    t+0   | -0.0379  -0.1893  +0.0740  +0.1842  +0.0527  -0.3461
    t+1   | +0.0003  -0.1678  +0.0235  +0.2252  +0.0669  -0.4874
    t+2   | +0.0266  -0.1657  -0.0217  +0.2450  +0.1306  -0.4208
    t+3   | +0.0479  -0.1615  -0.0213  +0.2549  +0.1411  -0.3439
    t+4   | +0.0400  -0.1659  -0.0026  +0.2538  +0.1060  -0.3364
[12:43:01] # 1545 [bench] e2e= 1032.4ms  infer= 1029.9ms  cap=  2.4ms
    t+0   | +0.2745  +0.0956  -0.2112  +0.3392  -0.0196  +0.1345
    t+1   | +0.2178  +0.0661  -0.2164  +0.3072  -0.0275  +0.1220
    t+2   | +0.1528  +0.0237  -0.1984  +0.2521  -0.0234  -0.1647
    t+3   | +0.0168  -0.0621  -0.1110  +0.2049  -0.0119  -0.3059
    t+4   | +0.0110  -0.0764  -0.0846  +0.1873  -0.0340  -0.3215

  [live] after 1540 bench steps — e2e mean=1036.2ms  |  max replan freq=0.97 Hz  |  max control freq=4.83 Hz (n_action_steps=5)

[12:43:02] # 1546 [bench] e2e= 1026.9ms  infer= 1024.3ms  cap=  2.4ms
    t+0   | -0.0075  -0.1501  +0.0178  +0.1592  -0.1523  -0.1407
    t+1   | -0.0305  -0.1555  +0.0304  +0.1313  -0.1175  -0.1821
    t+2   | -0.1676  -0.2707  +0.0806  +0.0986  -0.0443  -0.2002
    t+3   | -0.2577  -0.2519  +0.0144  +0.1334  +0.0915  -0.1513
    t+4   | -0.2076  -0.2102  -0.0288  +0.1519  +0.0730  -0.0904
[12:43:03] # 1547 [bench] e2e= 1030.3ms  infer= 1027.8ms  cap=  2.4ms
    t+0   | +0.1072  -0.1228  -0.0801  +0.1927  -0.3622  -0.2416
    t+1   | +0.1401  -0.1164  -0.0776  +0.1828  -0.1876  -0.2886
    t+2   | +0.0709  -0.0691  -0.1254  +0.1790  -0.1887  -0.2410
    t+3   | -0.0586  +0.0426  -0.1677  +0.1697  -0.2263  -0.0263
    t+4   | -0.0616  +0.0822  -0.2030  +0.1701  -0.2249  -0.0170
[12:43:04] # 1548 [bench] e2e= 1061.5ms  infer= 1059.0ms  cap=  2.4ms
    t+0   | -0.0660  -0.1223  -0.1595  +0.2422  -0.1160  -0.0739
    t+1   | -0.0508  -0.0655  -0.1799  +0.2105  -0.0358  -0.1694
    t+2   | +0.0118  -0.0131  -0.1758  +0.2052  +0.0299  -0.1896
    t+3   | +0.0766  -0.0170  -0.1592  +0.2409  +0.0477  -0.1511
    t+4   | +0.0695  +0.0025  -0.1849  +0.2877  +0.0713  -0.1894
[12:43:05] # 1549 [bench] e2e= 1033.2ms  infer= 1030.2ms  cap=  2.8ms
    t+0   | +0.0734  -0.2588  +0.1525  +0.0684  +0.0498  -0.6656
    t+1   | +0.0552  -0.1620  +0.0638  +0.0931  +0.0265  -0.4415
    t+2   | +0.0035  -0.0988  +0.0094  +0.1089  -0.0459  +0.1153
    t+3   | +0.0129  -0.0479  -0.0325  +0.1439  +0.0203  +0.1168
    t+4   | +0.0265  -0.0177  -0.0494  +0.2086  +0.1370  +0.0667
[12:43:06] # 1550 [bench] e2e= 1027.4ms  infer= 1024.4ms  cap=  2.8ms
    t+0   | +0.1537  -0.1394  +0.0419  +0.1722  +0.1371  -0.4358
    t+1   | +0.2417  -0.0704  -0.0744  +0.2284  +0.1146  -0.2465
    t+2   | +0.2373  -0.0155  -0.1375  +0.2614  +0.1029  -0.0372
    t+3   | +0.1774  -0.0350  -0.1668  +0.2894  +0.1332  +0.0245
    t+4   | +0.1337  -0.0819  -0.1569  +0.2793  +0.2019  -0.1266
[12:43:07] # 1551 [bench] e2e= 1027.8ms  infer= 1025.4ms  cap=  2.2ms
    t+0   | +0.1926  -0.0240  -0.0329  +0.2337  +0.1726  -0.1091
    t+1   | +0.2594  -0.0304  +0.0133  +0.1891  +0.0803  -0.0549
    t+2   | +0.2639  -0.0321  +0.0277  +0.1959  +0.0706  -0.0577
    t+3   | +0.2935  -0.0136  -0.0448  +0.1906  +0.0406  +0.0289
    t+4   | +0.2697  +0.0344  -0.0827  +0.2236  +0.0545  +0.0109
[12:43:08] # 1552 [bench] e2e= 1025.2ms  infer= 1022.6ms  cap=  2.4ms
    t+0   | -0.0051  -0.0748  -0.0951  +0.2283  -0.1336  -0.2827
    t+1   | +0.0260  -0.0794  -0.0894  +0.2109  -0.0863  -0.3569
    t+2   | +0.0843  -0.0453  -0.1084  +0.2254  -0.0030  -0.4628
    t+3   | +0.0758  -0.0574  -0.1226  +0.2396  +0.0014  -0.4911
    t+4   | +0.0833  -0.1045  -0.1579  +0.2172  +0.0011  -0.5494
[12:43:09] # 1553 [bench] e2e= 1029.7ms  infer= 1027.2ms  cap=  2.4ms
    t+0   | +0.1433  -0.0632  -0.0497  +0.2770  -0.0053  -0.0126
    t+1   | +0.1572  -0.0463  -0.0527  +0.2919  -0.0046  +0.0441
    t+2   | +0.1791  +0.0103  -0.0801  +0.3040  +0.0345  +0.1140
    t+3   | +0.1717  +0.0425  -0.0690  +0.2593  +0.0579  -0.0388
    t+4   | +0.1465  +0.0302  -0.0651  +0.2262  +0.0620  -0.2400
[12:43:10] # 1554 [bench] e2e= 1030.9ms  infer= 1028.4ms  cap=  2.3ms
    t+0   | +0.0911  +0.0200  -0.1438  +0.2402  -0.0322  -0.2692
    t+1   | +0.1287  +0.0426  -0.1474  +0.2310  +0.0012  -0.2896
    t+2   | +0.1607  +0.0970  -0.1591  +0.2810  +0.0308  -0.2412
    t+3   | +0.1590  +0.1626  -0.2669  +0.2945  +0.0210  -0.1661
    t+4   | +0.1810  +0.1756  -0.2906  +0.3061  -0.0011  -0.0992
[12:43:11] # 1555 [bench] e2e= 1031.3ms  infer= 1028.7ms  cap=  2.4ms
    t+0   | +0.1661  -0.0720  -0.1370  +0.2886  -0.2421  -0.2020
    t+1   | +0.1830  -0.0800  -0.0937  +0.2667  -0.1708  -0.1628
    t+2   | +0.1873  -0.0791  -0.0136  +0.2712  -0.1206  -0.0617
    t+3   | +0.1495  -0.0969  +0.0026  +0.2697  -0.1009  -0.0576
    t+4   | +0.1113  -0.1058  -0.0319  +0.2522  -0.1129  -0.0535
[12:43:12] # 1556 [bench] e2e= 1027.4ms  infer= 1024.9ms  cap=  2.4ms
    t+0   | +0.1399  -0.0018  -0.1345  +0.2465  -0.0298  -0.4179
    t+1   | -0.0086  -0.0835  -0.0764  +0.1894  -0.0826  -0.6575
    t+2   | -0.0124  -0.0922  -0.0405  +0.2052  -0.0517  -0.6748
    t+3   | -0.0081  -0.0675  -0.0762  +0.2690  -0.0036  -0.6680
    t+4   | -0.0167  -0.0663  -0.0925  +0.2606  +0.0273  -0.7200
[12:43:14] # 1557 [bench] e2e= 1026.1ms  infer= 1023.0ms  cap=  3.0ms
    t+0   | +0.0831  +0.0411  -0.2546  +0.2916  -0.1379  +0.0750
    t+1   | +0.1206  +0.0233  -0.2153  +0.2533  -0.1490  +0.1842
    t+2   | +0.0997  -0.0143  -0.1340  +0.1927  -0.1062  +0.1016
    t+3   | +0.1010  +0.0212  -0.1215  +0.2075  -0.0664  +0.0412
    t+4   | +0.1453  +0.0627  -0.1092  +0.2110  +0.0065  -0.0857
[12:43:15] # 1558 [bench] e2e= 1032.3ms  infer= 1029.0ms  cap=  3.1ms
    t+0   | -0.1270  +0.0212  -0.1657  +0.2119  -0.0508  +0.1045
    t+1   | -0.0712  -0.0035  -0.1435  +0.2092  -0.0422  +0.0387
    t+2   | -0.0764  -0.0208  -0.1768  +0.1669  -0.0742  +0.0018
    t+3   | -0.0358  -0.0075  -0.1409  +0.2090  -0.1345  +0.0485
    t+4   | +0.0013  +0.0107  -0.1593  +0.2274  -0.1877  +0.0601
[12:43:16] # 1559 [bench] e2e= 1039.8ms  infer= 1037.0ms  cap=  2.6ms
    t+0   | +0.1470  -0.0555  -0.0436  +0.2085  -0.0522  -0.1610
    t+1   | +0.1417  -0.0834  +0.0220  +0.1625  +0.1750  -0.0816
    t+2   | +0.1680  -0.0699  -0.0035  +0.1956  +0.2427  +0.1143
    t+3   | +0.2064  -0.0594  -0.0470  +0.2153  +0.1914  +0.2215
    t+4   | +0.2128  -0.0393  -0.0877  +0.2429  +0.1721  +0.1314
[12:43:17] # 1560 [bench] e2e= 1066.5ms  infer= 1064.5ms  cap=  1.8ms
    t+0   | +0.0767  +0.0110  -0.1339  +0.2007  -0.0775  -0.0619
    t+1   | +0.0239  -0.0107  -0.0698  +0.1068  -0.0296  +0.0158
    t+2   | +0.0280  +0.0062  -0.0500  +0.1291  +0.0019  -0.0525
    t+3   | +0.0209  -0.0380  -0.0146  +0.0937  +0.1530  -0.4934
    t+4   | +0.0705  -0.0441  -0.0305  +0.1318  +0.1500  -0.2821
[12:43:18] # 1561 [bench] e2e= 1043.9ms  infer= 1041.3ms  cap=  2.4ms
    t+0   | +0.0841  -0.0792  -0.0538  +0.2105  -0.1021  -0.5045
    t+1   | +0.1009  -0.0328  -0.1203  +0.2457  -0.0697  -0.2381
    t+2   | +0.1108  -0.0005  -0.1570  +0.2845  +0.0432  -0.0796
    t+3   | +0.0899  -0.0646  -0.0956  +0.3000  -0.0377  -0.1210
    t+4   | +0.0795  -0.0381  -0.0930  +0.3298  +0.0167  -0.1349
[12:43:19] # 1562 [bench] e2e= 1029.3ms  infer= 1026.2ms  cap=  2.9ms
    t+0   | +0.1963  +0.1798  -0.1984  +0.3412  +0.3962  +0.0754
    t+1   | +0.1882  +0.1239  -0.1802  +0.3235  +0.1787  +0.0897
    t+2   | +0.1684  +0.0860  -0.2387  +0.3140  +0.2727  -0.0988
    t+3   | +0.2227  +0.0680  -0.2951  +0.3269  +0.2825  -0.1550
    t+4   | +0.2744  +0.2131  -0.5134  +0.4067  +0.3060  -0.2829
[12:43:20] # 1563 [bench] e2e= 1034.4ms  infer= 1030.5ms  cap=  3.8ms
    t+0   | +0.0436  +0.1369  -0.2903  +0.3176  +0.2094  -0.2562
    t+1   | -0.0394  +0.1209  -0.3588  +0.3153  +0.0344  -0.3125
    t+2   | +0.0074  +0.0586  -0.2637  +0.2805  +0.0184  -0.3123
    t+3   | +0.0112  +0.0603  -0.2543  +0.2607  +0.0068  -0.2747
    t+4   | +0.0245  +0.0447  -0.2591  +0.2506  -0.0116  -0.3164
[12:43:21] # 1564 [bench] e2e= 1029.6ms  infer= 1026.2ms  cap=  3.2ms
    t+0   | +0.0640  +0.0470  -0.1192  +0.2238  -0.1218  +0.1590
    t+1   | +0.0709  +0.1062  -0.1400  +0.2224  -0.1280  +0.3220
    t+2   | +0.0469  +0.1491  -0.1671  +0.2555  -0.1315  +0.3761
    t+3   | +0.0343  +0.1479  -0.2115  +0.2416  -0.1322  +0.2568
    t+4   | +0.0609  +0.1223  -0.2222  +0.2188  -0.1094  +0.2450
[12:43:22] # 1565 [bench] e2e= 1027.1ms  infer= 1023.5ms  cap=  3.4ms
    t+0   | +0.1716  -0.0209  -0.0082  +0.1965  +0.1789  -0.4494
    t+1   | +0.1593  +0.0105  -0.0317  +0.2141  +0.1091  -0.0563
    t+2   | +0.1553  +0.0103  -0.0215  +0.1909  +0.0743  -0.1412
    t+3   | +0.1528  -0.0127  -0.0137  +0.1968  +0.0724  -0.0931
    t+4   | +0.1089  +0.0071  -0.0505  +0.2194  -0.1756  -0.0962

  [live] after 1560 bench steps — e2e mean=1036.2ms  |  max replan freq=0.97 Hz  |  max control freq=4.83 Hz (n_action_steps=5)

[12:43:23] # 1566 [bench] e2e= 1046.9ms  infer= 1043.3ms  cap=  3.4ms
    t+0   | -0.2071  -0.0762  -0.0322  +0.1864  -0.0418  +0.1664
    t+1   | -0.1883  -0.0887  -0.0207  +0.1706  -0.0320  +0.2069
    t+2   | -0.0897  -0.0507  -0.0741  +0.2368  -0.0260  +0.1192
    t+3   | -0.0097  -0.0487  -0.1230  +0.2897  -0.0314  +0.0691
    t+4   | +0.0354  -0.0148  -0.1551  +0.3131  -0.0800  +0.0660
[12:43:24] # 1567 [bench] e2e= 1064.8ms  infer= 1061.3ms  cap=  3.4ms
    t+0   | +0.0958  -0.0871  +0.0468  +0.1897  +0.1026  -0.3016
    t+1   | +0.0013  -0.1036  +0.0574  +0.1607  +0.1211  -0.3895
    t+2   | +0.0285  -0.0743  -0.0415  +0.2002  +0.1130  -0.3738
    t+3   | +0.0861  -0.0010  -0.1616  +0.2713  +0.0820  -0.2833
    t+4   | +0.1270  +0.0391  -0.1789  +0.2696  +0.0319  -0.2908
[12:43:25] # 1568 [bench] e2e= 1027.1ms  infer= 1023.7ms  cap=  3.2ms
    t+0   | +0.2540  +0.1480  -0.2809  +0.3121  -0.0667  -0.1008
    t+1   | +0.1817  +0.0895  -0.2539  +0.2708  -0.1108  -0.1197
    t+2   | +0.1163  +0.0376  -0.2072  +0.2275  -0.1371  -0.6302
    t+3   | +0.0907  -0.0115  -0.1538  +0.1828  -0.1339  -0.6683
    t+4   | +0.0595  +0.0040  -0.1233  +0.1891  -0.1204  -0.6793
[12:43:26] # 1569 [bench] e2e= 1045.9ms  infer= 1042.5ms  cap=  3.2ms
    t+0   | -0.0383  -0.0903  -0.1019  +0.2119  +0.0952  -0.3380
    t+1   | -0.0057  -0.0636  -0.0919  +0.1878  +0.0701  -0.3317
    t+2   | +0.0579  -0.0076  -0.0772  +0.2086  +0.0163  -0.2987
    t+3   | +0.1197  +0.0206  -0.0986  +0.2031  -0.0403  -0.2241
    t+4   | +0.1506  +0.0832  -0.1584  +0.2147  -0.0853  -0.1548
[12:43:27] # 1570 [bench] e2e= 1049.6ms  infer= 1046.3ms  cap=  3.1ms
    t+0   | +0.1203  -0.1275  -0.0070  +0.1897  -0.1152  -0.0655
    t+1   | +0.1320  -0.0248  -0.0771  +0.2179  -0.1328  +0.0190
    t+2   | +0.1277  +0.0091  -0.0889  +0.1819  -0.1267  -0.0716
    t+3   | +0.1061  +0.0596  -0.0914  +0.2235  -0.0736  -0.0876
    t+4   | +0.0783  +0.0403  -0.0991  +0.2095  -0.0298  -0.1438
[12:43:28] # 1571 [bench] e2e= 1042.0ms  infer= 1038.4ms  cap=  3.4ms
    t+0   | +0.0634  +0.0366  -0.1192  +0.2429  +0.0886  -0.3553
    t+1   | +0.0326  +0.0691  -0.1350  +0.2317  +0.0822  -0.3772
    t+2   | +0.0425  +0.0485  -0.1870  +0.1886  +0.0707  -0.4322
    t+3   | +0.1074  +0.0390  -0.1769  +0.2316  +0.0598  -0.3579
    t+4   | +0.1395  +0.0920  -0.2391  +0.2974  +0.0703  -0.3128
[12:43:29] # 1572 [bench] e2e= 1031.1ms  infer= 1028.0ms  cap=  2.9ms
    t+0   | +0.1004  +0.0596  -0.2158  +0.2881  -0.0708  -0.2236
    t+1   | +0.0632  +0.0130  -0.2121  +0.2737  -0.0637  -0.2108
    t+2   | +0.0532  +0.0166  -0.2064  +0.2873  -0.0592  -0.2187
    t+3   | +0.0646  +0.0275  -0.2144  +0.2732  -0.0072  -0.2255
    t+4   | +0.0874  +0.0936  -0.2603  +0.3197  +0.0376  -0.2131
[12:43:30] # 1573 [bench] e2e= 1029.3ms  infer= 1025.8ms  cap=  3.3ms
    t+0   | +0.0937  -0.1021  -0.0780  +0.2629  -0.0730  -0.1632
    t+1   | +0.0611  -0.0918  -0.1250  +0.2814  -0.1212  -0.1066
    t+2   | +0.0321  -0.0321  -0.1280  +0.2783  -0.1576  -0.0761
    t+3   | +0.0213  -0.0417  -0.0979  +0.2341  -0.1469  -0.0664
    t+4   | -0.0062  +0.0199  -0.1391  +0.2762  -0.2143  -0.0531
[12:43:31] # 1574 [bench] e2e= 1026.6ms  infer= 1023.2ms  cap=  3.2ms
    t+0   | +0.2052  +0.0750  -0.1878  +0.3368  -0.0595  +0.4959
    t+1   | +0.0878  +0.0873  -0.1822  +0.3141  +0.0439  +0.4498
    t+2   | +0.0454  +0.0383  -0.1881  +0.2866  +0.0315  +0.4799
    t+3   | -0.0309  -0.0374  -0.1802  +0.2491  +0.1537  +0.3976
    t+4   | -0.0840  -0.0918  -0.1502  +0.2517  +0.1942  +0.4028
[12:43:32] # 1575 [bench] e2e= 1047.8ms  infer= 1043.9ms  cap=  3.8ms
    t+0   | +0.1024  -0.0017  -0.1440  +0.2390  -0.0984  -0.2864
    t+1   | +0.0601  -0.0105  -0.1901  +0.2071  -0.0895  -0.4729
    t+2   | -0.1762  -0.0058  -0.1065  +0.1519  +0.0340  -0.5311
    t+3   | -0.1203  -0.0732  -0.0408  +0.1609  +0.0075  -0.3107
    t+4   | -0.1333  -0.1266  -0.0069  +0.1285  -0.0223  -0.3191
[12:43:33] # 1576 [bench] e2e= 1031.7ms  infer= 1028.6ms  cap=  2.9ms
    t+0   | -0.0194  -0.1506  +0.0023  +0.1447  -0.0476  +0.0130
    t+1   | -0.0948  -0.1186  -0.0365  +0.1526  -0.0103  -0.1532
    t+2   | -0.1039  -0.1198  -0.0525  +0.1391  +0.0214  -0.5347
    t+3   | -0.0302  -0.0659  -0.0922  +0.1710  +0.0310  -0.5626
    t+4   | +0.0662  -0.0018  -0.1190  +0.2088  +0.0323  -0.3768
[12:43:34] # 1577 [bench] e2e= 1027.8ms  infer= 1024.2ms  cap=  3.5ms
    t+0   | -0.1295  -0.0223  -0.3353  +0.3092  -0.1405  +0.0276
    t+1   | -0.1442  -0.0648  -0.2181  +0.2518  -0.1323  -0.2473
    t+2   | -0.1745  -0.0518  -0.1565  +0.2317  -0.0663  -0.4352
    t+3   | -0.1583  +0.0174  -0.1996  +0.2309  -0.0112  -0.5052
    t+4   | -0.0783  +0.0354  -0.2069  +0.2439  +0.0351  -0.5308
[12:43:35] # 1578 [bench] e2e= 1048.6ms  infer= 1045.4ms  cap=  3.0ms
    t+0   | +0.3345  +0.1318  -0.1421  +0.3959  +0.2874  +0.0275
    t+1   | +0.2494  +0.0544  -0.0548  +0.3153  +0.1990  -0.4166
    t+2   | +0.1613  +0.0092  -0.0007  +0.2472  +0.2164  -0.4130
    t+3   | +0.1742  +0.0102  -0.0726  +0.2850  +0.1364  +0.0212
    t+4   | +0.2063  +0.0048  -0.1048  +0.2763  +0.1207  +0.1035
[12:43:36] # 1579 [bench] e2e= 1031.9ms  infer= 1028.8ms  cap=  3.0ms
    t+0   | +0.2033  +0.0818  -0.1863  +0.3212  +0.0660  -0.1785
    t+1   | +0.1684  +0.0279  -0.1155  +0.2755  +0.0810  -0.3118
    t+2   | +0.1485  -0.0370  -0.0250  +0.2212  +0.1130  -0.5301
    t+3   | +0.1476  -0.0550  +0.0001  +0.1856  +0.1144  -0.5023
    t+4   | +0.1526  -0.0584  -0.0385  +0.1859  +0.0907  -0.4050
[12:43:37] # 1580 [bench] e2e= 1028.3ms  infer= 1025.5ms  cap=  2.7ms
    t+0   | +0.1904  -0.0022  -0.0781  +0.2441  +0.0465  -0.0925
    t+1   | +0.1762  +0.0499  -0.1226  +0.2626  +0.0928  -0.0270
    t+2   | +0.1836  +0.0702  -0.1675  +0.2691  +0.0247  -0.0367
    t+3   | +0.1681  +0.0722  -0.1855  +0.2824  +0.0204  -0.1210
    t+4   | +0.1110  +0.0527  -0.1557  +0.2833  -0.0300  -0.1303
[12:43:38] # 1581 [bench] e2e= 1029.6ms  infer= 1026.3ms  cap=  3.1ms
    t+0   | +0.1160  -0.1757  +0.0735  +0.2018  +0.3032  -0.3158
    t+1   | +0.0361  -0.1745  +0.0673  +0.1763  +0.1883  -0.3077
    t+2   | +0.0159  -0.1259  -0.0275  +0.1481  +0.1673  -0.2768
    t+3   | +0.0521  -0.1295  -0.0489  +0.1557  +0.1083  -0.2282
    t+4   | -0.0793  -0.1193  -0.0166  +0.1051  +0.1360  -0.3372
[12:43:39] # 1582 [bench] e2e= 1025.8ms  infer= 1022.6ms  cap=  3.0ms
    t+0   | +0.0358  -0.0202  -0.1279  +0.2803  -0.0488  +0.0568
    t+1   | +0.0225  -0.0772  -0.0790  +0.2530  +0.0211  -0.0316
    t+2   | +0.0153  -0.0979  -0.0700  +0.2774  +0.0338  -0.1142
    t+3   | +0.0037  -0.0921  -0.0861  +0.2921  +0.0836  -0.1324
    t+4   | -0.0100  -0.0579  -0.0852  +0.2349  -0.0012  +0.1607
[12:43:41] # 1583 [bench] e2e= 1060.6ms  infer= 1057.8ms  cap=  2.7ms
    t+0   | +0.1230  -0.0039  -0.0990  +0.2197  -0.1557  +0.0109
    t+1   | +0.1105  +0.0223  -0.0512  +0.2136  -0.1252  +0.0603
    t+2   | +0.0816  +0.0743  -0.0627  +0.2084  -0.1175  +0.0318
    t+3   | +0.0473  +0.0965  -0.0793  +0.2142  -0.1550  +0.0123
    t+4   | +0.0398  +0.1115  -0.1198  +0.2424  -0.1611  +0.1050
[12:43:42] # 1584 [bench] e2e= 1031.2ms  infer= 1027.8ms  cap=  3.2ms
    t+0   | +0.0643  -0.0868  -0.0930  +0.2210  -0.0312  -0.4090
    t+1   | -0.0142  -0.1791  -0.0146  +0.1629  -0.0416  -0.3325
    t+2   | -0.0897  -0.1809  -0.0077  +0.1127  -0.0776  -0.2046
    t+3   | -0.1053  -0.0992  -0.1057  +0.1139  -0.0693  +0.0952
    t+4   | -0.0719  -0.0499  -0.1621  +0.1771  -0.0693  +0.1987
[12:43:43] # 1585 [bench] e2e= 1027.4ms  infer= 1024.3ms  cap=  2.9ms
    t+0   | +0.1657  -0.0586  -0.0855  +0.2356  -0.1142  -0.0317
    t+1   | +0.1809  -0.0172  -0.1293  +0.2500  -0.0924  -0.0906
    t+2   | +0.1888  -0.0086  -0.1701  +0.2266  -0.0469  -0.1168
    t+3   | +0.2221  +0.0649  -0.2270  +0.2792  -0.0666  -0.1234
    t+4   | +0.2454  +0.1230  -0.2405  +0.2946  -0.0617  -0.1368

  [live] after 1580 bench steps — e2e mean=1036.2ms  |  max replan freq=0.97 Hz  |  max control freq=4.83 Hz (n_action_steps=5)

[12:43:44] # 1586 [bench] e2e= 1028.6ms  infer= 1025.8ms  cap=  2.6ms
    t+0   | -0.0088  -0.0516  -0.2190  +0.2084  -0.0006  -0.6842
    t+1   | +0.0248  -0.0326  -0.2227  +0.2132  +0.0147  -0.7235
    t+2   | +0.0317  -0.0344  -0.2285  +0.2484  +0.0315  -0.6885
    t+3   | +0.0202  -0.0335  -0.4969  +0.3291  +0.1398  -0.6252
    t+4   | +0.0281  -0.0168  -0.6287  +0.3876  +0.1682  -0.6150
[12:43:45] # 1587 [bench] e2e= 1044.0ms  infer= 1040.5ms  cap=  3.4ms
    t+0   | +0.0364  -0.0397  -0.1070  +0.2151  -0.1278  -0.0918
    t+1   | -0.0035  -0.0435  -0.1330  +0.2151  -0.1904  -0.2740
    t+2   | +0.0020  -0.0386  -0.1725  +0.2178  -0.1752  -0.2973
    t+3   | -0.0859  -0.0062  -0.2529  +0.2835  -0.1589  -0.2858
    t+4   | -0.1068  +0.0649  -0.3561  +0.3227  -0.1785  -0.2591
[12:43:46] # 1588 [bench] e2e= 1033.8ms  infer= 1031.0ms  cap=  2.7ms
    t+0   | +0.2533  +0.0260  -0.1993  +0.3108  +0.0166  +0.0349
    t+1   | +0.1823  -0.0198  -0.1870  +0.2823  -0.0369  +0.0301
    t+2   | +0.0854  -0.0816  -0.1534  +0.2996  -0.0501  -0.0384
    t+3   | +0.0440  -0.0737  -0.1406  +0.3327  -0.0714  -0.1694
    t+4   | +0.0542  -0.0648  -0.1385  +0.3263  -0.0960  -0.2301
[12:43:47] # 1589 [bench] e2e= 1028.3ms  infer= 1025.0ms  cap=  3.2ms
    t+0   | +0.1825  +0.0293  -0.0890  +0.2800  +0.2562  -0.1610
    t+1   | +0.2062  +0.0250  -0.1037  +0.2938  +0.1777  -0.1608
    t+2   | +0.1946  -0.0344  -0.1045  +0.2790  +0.2698  -0.0125
    t+3   | +0.1807  -0.0570  -0.0821  +0.2509  +0.2332  +0.2259
    t+4   | +0.1842  -0.0269  -0.0991  +0.2733  +0.2024  +0.0549
[12:43:48] # 1590 [bench] e2e= 1045.0ms  infer= 1041.7ms  cap=  3.2ms
    t+0   | -0.0548  -0.2400  +0.0881  +0.1091  -0.1203  -0.7407
    t+1   | -0.0524  -0.1483  -0.0099  +0.1875  -0.1101  -0.6028
    t+2   | -0.0302  -0.0592  -0.1287  +0.2343  -0.0900  -0.4111
    t+3   | -0.0195  +0.0601  -0.2090  +0.2647  -0.0875  -0.1446
    t+4   | +0.0027  +0.0548  -0.2276  +0.2532  -0.0677  -0.4450
[12:43:49] # 1591 [bench] e2e= 1035.1ms  infer= 1031.8ms  cap=  3.2ms
    t+0   | +0.1552  +0.0645  -0.2367  +0.3378  -0.0079  -0.3584
    t+1   | +0.1013  +0.0468  -0.2328  +0.3568  -0.0123  -0.3101
    t+2   | +0.0804  -0.0114  -0.2013  +0.3128  +0.0097  -0.3008
    t+3   | +0.0951  -0.0104  -0.1315  +0.3052  -0.0214  +0.0580
    t+4   | +0.1261  +0.0451  -0.1279  +0.3171  +0.0397  -0.0682
[12:43:50] # 1592 [bench] e2e= 1029.8ms  infer= 1026.5ms  cap=  3.2ms
    t+0   | +0.0485  +0.0338  -0.1941  +0.2790  +0.1332  -0.3557
    t+1   | +0.0311  +0.0881  -0.2919  +0.2693  +0.1033  -0.3573
    t+2   | +0.0656  +0.0942  -0.2721  +0.2729  +0.0362  -0.0590
    t+3   | +0.0060  +0.0767  -0.2659  +0.2538  -0.0296  -0.0263
    t+4   | +0.0349  +0.0694  -0.2296  +0.2780  -0.0261  -0.0940
[12:43:51] # 1593 [bench] e2e= 1028.1ms  infer= 1025.1ms  cap=  2.9ms
    t+0   | +0.2527  +0.1279  -0.2104  +0.3665  +0.0069  -0.0581
    t+1   | +0.1806  +0.1126  -0.1500  +0.3202  -0.0755  -0.0655
    t+2   | +0.1214  +0.1530  -0.1630  +0.3121  -0.1294  +0.0506
    t+3   | +0.0978  +0.2266  -0.2207  +0.3137  -0.0795  +0.0943
    t+4   | +0.1446  +0.2204  -0.2454  +0.3028  -0.0507  +0.1512
[12:43:52] # 1594 [bench] e2e= 1031.5ms  infer= 1028.3ms  cap=  3.0ms
    t+0   | -0.3763  -0.2259  -0.0272  +0.0903  +0.2062  -0.3627
    t+1   | -0.1956  -0.1912  -0.0630  +0.1424  +0.0911  -0.3073
    t+2   | -0.1829  -0.1498  -0.0701  +0.1620  +0.1625  -0.5106
    t+3   | -0.1070  -0.0985  -0.0806  +0.1727  +0.1167  -0.5670
    t+4   | -0.0789  -0.0673  -0.0653  +0.1289  +0.0926  -0.7247
[12:43:53] # 1595 [bench] e2e= 1026.9ms  infer= 1024.0ms  cap=  2.7ms
    t+0   | +0.2601  +0.1136  -0.1905  +0.3253  +0.0158  +0.1844
    t+1   | +0.2202  +0.1156  -0.1765  +0.2990  -0.0716  +0.2510
    t+2   | +0.1707  +0.0630  -0.1482  +0.2742  -0.1754  +0.1068
    t+3   | +0.1559  +0.0643  -0.1702  +0.3197  -0.2050  +0.1149
    t+4   | +0.1154  +0.0703  -0.2091  +0.3158  -0.1920  +0.1334
[12:43:54] # 1596 [bench] e2e= 1028.8ms  infer= 1025.7ms  cap=  3.0ms
    t+0   | +0.1435  -0.0177  -0.1306  +0.2597  -0.0678  -0.0763
    t+1   | +0.1261  -0.0427  -0.1122  +0.1975  +0.0015  -0.1677
    t+2   | +0.1177  -0.0497  -0.0789  +0.1692  +0.0592  -0.2109
    t+3   | +0.0942  -0.0765  -0.1267  +0.1405  +0.0666  -0.1638
    t+4   | +0.0934  -0.0718  -0.1494  +0.1810  +0.0195  -0.1635
[12:43:55] # 1597 [bench] e2e= 1047.2ms  infer= 1044.3ms  cap=  2.7ms
    t+0   | +0.0534  -0.0920  -0.0300  +0.2206  -0.0364  +0.1026
    t+1   | +0.0765  -0.1060  -0.0300  +0.2134  -0.0763  +0.1445
    t+2   | +0.0940  -0.0888  -0.0490  +0.2252  -0.1577  +0.1132
    t+3   | -0.0822  -0.0664  -0.1103  +0.2347  -0.1447  +0.0568
    t+4   | -0.0773  -0.0728  -0.1493  +0.2432  -0.1220  +0.0634
[12:43:56] # 1598 [bench] e2e= 1038.6ms  infer= 1035.4ms  cap=  3.0ms
    t+0   | +0.1383  -0.0975  -0.0158  +0.2229  +0.0253  -0.1223
    t+1   | +0.1046  -0.0890  -0.0673  +0.2610  -0.0099  -0.1427
    t+2   | +0.0540  -0.0453  -0.1970  +0.2899  +0.0132  -0.1822
    t+3   | +0.0423  +0.0657  -0.4007  +0.3177  +0.0208  -0.2018
    t+4   | +0.0509  +0.1200  -0.4671  +0.3605  -0.0418  -0.2199
[12:43:57] # 1599 [bench] e2e= 1042.3ms  infer= 1039.1ms  cap=  3.0ms
    t+0   | +0.1153  +0.0712  -0.1807  +0.3215  -0.1476  +0.1885
    t+1   | +0.0424  +0.0228  -0.1431  +0.3014  -0.0969  +0.0441
    t+2   | +0.0424  -0.0188  -0.1114  +0.2681  -0.0970  -0.0068
    t+3   | +0.0456  -0.0153  -0.0755  +0.2283  -0.1241  -0.0969
    t+4   | +0.0874  -0.0005  -0.0824  +0.2522  -0.1377  -0.1172
[12:43:58] # 1600 [bench] e2e= 1036.2ms  infer= 1033.4ms  cap=  2.5ms
    t+0   | +0.1155  +0.1679  -0.2782  +0.3116  +0.2552  -0.0989
    t+1   | +0.1158  +0.1542  -0.3070  +0.3133  +0.1053  -0.1772
    t+2   | +0.1145  +0.1702  -0.2834  +0.3197  +0.0782  -0.2396
    t+3   | +0.1593  +0.1561  -0.2510  +0.3098  +0.0290  -0.1947
    t+4   | +0.1675  +0.2027  -0.2659  +0.3179  -0.0117  -0.0414
[12:43:59] # 1601 [bench] e2e= 1032.5ms  infer= 1029.5ms  cap=  2.8ms
    t+0   | +0.1783  -0.0471  -0.0817  +0.2687  -0.0879  -0.1492
    t+1   | +0.1845  -0.0210  -0.1389  +0.3088  -0.0172  -0.4113
    t+2   | +0.1921  -0.0238  -0.1688  +0.3201  -0.0007  -0.5465
    t+3   | +0.2214  +0.0477  -0.2325  +0.3638  +0.0358  -0.5233
    t+4   | +0.2607  +0.0655  -0.2195  +0.3476  +0.0566  -0.4856
[12:44:00] # 1602 [bench] e2e= 1027.2ms  infer= 1023.8ms  cap=  3.1ms
    t+0   | +0.0418  +0.0433  -0.1513  +0.2693  -0.1265  +0.0421
    t+1   | -0.0158  +0.0590  -0.2202  +0.2816  -0.1644  -0.0386
    t+2   | +0.0187  +0.0568  -0.3343  +0.3130  -0.1454  -0.5251
    t+3   | +0.0153  +0.0545  -0.3748  +0.3115  -0.1108  -0.6334
    t+4   | +0.0267  +0.0501  -0.3332  +0.2382  -0.1075  -0.6723
[12:44:01] # 1603 [bench] e2e= 1027.4ms  infer= 1024.1ms  cap=  3.1ms
    t+0   | +0.1178  +0.0858  -0.2837  +0.3102  +0.0650  -0.5425
    t+1   | +0.1063  +0.1070  -0.2714  +0.3639  +0.1142  -0.4071
    t+2   | +0.1038  +0.0817  -0.2442  +0.3945  +0.0951  -0.2736
    t+3   | +0.1477  +0.0867  -0.2203  +0.4247  +0.0651  -0.1276
    t+4   | +0.1991  +0.0431  -0.2132  +0.4171  -0.0081  +0.1584
[12:44:02] # 1604 [bench] e2e= 1025.7ms  infer= 1023.0ms  cap=  2.5ms
    t+0   | +0.0865  -0.0664  -0.0050  +0.2009  +0.0153  -0.0692
    t+1   | +0.0545  -0.0065  -0.0456  +0.2014  +0.0048  -0.2224
    t+2   | +0.0132  +0.0077  -0.0840  +0.1632  +0.0053  -0.2823
    t+3   | +0.0230  +0.0208  -0.1102  +0.1525  +0.0015  -0.2446
    t+4   | +0.0216  +0.0011  -0.1464  +0.1929  -0.0100  -0.1337
[12:44:03] # 1605 [bench] e2e= 1058.3ms  infer= 1055.8ms  cap=  2.4ms
    t+0   | +0.0908  -0.0059  -0.1117  +0.2477  -0.0483  -0.1992
    t+1   | +0.0706  -0.0242  -0.1088  +0.2399  -0.0258  -0.2686
    t+2   | +0.0478  -0.0673  -0.0838  +0.2456  +0.2574  -0.2343
    t+3   | +0.1050  -0.1123  -0.0603  +0.2717  +0.2347  +0.8540
    t+4   | +0.0815  -0.0967  -0.0008  +0.2607  +0.1983  +0.8975

  [live] after 1600 bench steps — e2e mean=1036.2ms  |  max replan freq=0.97 Hz  |  max control freq=4.83 Hz (n_action_steps=5)

[12:44:04] # 1606 [bench] e2e= 1076.2ms  infer= 1073.4ms  cap=  2.7ms
    t+0   | +0.1239  +0.0264  -0.1905  +0.2662  -0.0564  -0.0832
    t+1   | +0.0489  +0.0252  -0.2065  +0.2646  +0.0914  -0.0435
    t+2   | +0.0481  +0.0542  -0.2028  +0.2629  +0.2578  -0.1251
    t+3   | +0.0568  +0.0532  -0.1859  +0.2446  +0.2777  -0.1611
    t+4   | +0.0665  +0.0596  -0.2115  +0.2433  +0.2634  -0.1638
[12:44:05] # 1607 [bench] e2e= 1051.4ms  infer= 1048.1ms  cap=  3.2ms
    t+0   | +0.1521  +0.1280  -0.3412  +0.3466  -0.0557  -0.0961
    t+1   | +0.1089  +0.1168  -0.2793  +0.3024  -0.0876  +0.0964
    t+2   | +0.0917  +0.1140  -0.2050  +0.2613  -0.0548  +0.1899
    t+3   | +0.0834  +0.0787  -0.1387  +0.2321  +0.0389  +0.1500
    t+4   | +0.1058  +0.0677  -0.1511  +0.2579  +0.0508  +0.0713
[12:44:06] # 1608 [bench] e2e= 1055.1ms  infer= 1051.7ms  cap=  3.1ms
    t+0   | -0.0144  +0.1349  -0.3418  +0.2921  -0.0851  -0.2225
    t+1   | +0.0083  +0.1509  -0.3306  +0.2430  -0.1676  -0.2497
    t+2   | +0.0572  +0.1050  -0.2694  +0.1994  -0.1739  -0.2228
    t+3   | +0.0698  +0.0975  -0.2331  +0.1959  -0.1658  -0.1775
    t+4   | +0.0690  +0.1067  -0.2651  +0.2081  -0.1297  -0.1690
[12:44:08] # 1609 [bench] e2e= 1058.9ms  infer= 1055.7ms  cap=  3.0ms
    t+0   | +0.1629  +0.0642  -0.2514  +0.3362  +0.1595  -0.1562
    t+1   | +0.2285  +0.0882  -0.3685  +0.4190  +0.3831  -0.0906
    t+2   | +0.2606  +0.0544  -0.3436  +0.4021  +0.3465  -0.1738
    t+3   | +0.2484  +0.0178  -0.2966  +0.3861  +0.3370  -0.1643
    t+4   | +0.2601  +0.0289  -0.2780  +0.3529  +0.2895  -0.0477
[12:44:09] # 1610 [bench] e2e= 1059.4ms  infer= 1056.3ms  cap=  3.0ms
    t+0   | +0.0979  -0.1091  -0.0533  +0.2374  +0.0397  -0.2243
    t+1   | +0.0993  -0.0207  -0.1159  +0.2692  +0.0593  -0.2720
    t+2   | +0.1382  +0.0522  -0.1614  +0.2993  +0.0369  -0.2337
    t+3   | +0.1498  +0.0999  -0.1827  +0.3464  +0.0484  -0.1785
    t+4   | +0.1386  +0.0985  -0.2104  +0.3402  +0.0704  -0.2230
[12:44:10] # 1611 [bench] e2e= 1056.9ms  infer= 1054.0ms  cap=  2.7ms
    t+0   | +0.1036  -0.0938  -0.0183  +0.2315  +0.0408  -0.6618
    t+1   | +0.1016  -0.0851  -0.0410  +0.2530  +0.0228  -0.5419
    t+2   | +0.0961  -0.0730  -0.0502  +0.2573  +0.0069  -0.3955
    t+3   | +0.1183  -0.0001  -0.1293  +0.2802  +0.0056  -0.1858
    t+4   | +0.1326  +0.0658  -0.2790  +0.3563  -0.0182  -0.1635
[12:44:11] # 1612 [bench] e2e= 1040.2ms  infer= 1037.0ms  cap=  3.0ms
    t+0   | +0.0826  -0.0817  -0.0272  +0.2133  +0.0697  -0.5658
    t+1   | +0.1144  -0.0452  -0.0913  +0.2578  +0.0457  -0.5244
    t+2   | +0.1488  -0.0260  -0.1352  +0.3044  +0.0466  -0.4697
    t+3   | +0.1457  -0.0310  -0.1340  +0.2857  +0.0604  -0.4397
    t+4   | +0.1606  +0.0015  -0.1556  +0.2942  +0.0758  -0.4847
[12:44:12] # 1613 [bench] e2e= 1039.9ms  infer= 1037.1ms  cap=  2.7ms
    t+0   | +0.0912  -0.0835  -0.1229  +0.2449  -0.0434  -0.6605
    t+1   | +0.1013  +0.0019  -0.2996  +0.3284  -0.0728  -0.6386
    t+2   | +0.0690  +0.0533  -0.4304  +0.3460  -0.0236  -0.5971
    t+3   | +0.0769  +0.0699  -0.4735  +0.3925  -0.0189  -0.5740
    t+4   | +0.1309  +0.1083  -0.4981  +0.4222  +0.0283  -0.4644
[12:44:13] # 1614 [bench] e2e= 1035.7ms  infer= 1032.3ms  cap=  3.2ms
    t+0   | +0.1371  -0.0038  -0.0554  +0.2325  -0.1041  -0.0152
    t+1   | +0.0156  -0.0465  -0.0126  +0.1969  -0.0959  -0.0674
    t+2   | +0.0123  -0.0651  -0.0303  +0.1776  -0.0334  -0.1225
    t+3   | +0.0052  -0.0722  -0.0194  +0.1742  -0.0079  -0.2405
    t+4   | +0.0136  -0.0502  -0.0121  +0.1877  -0.0298  -0.2841
[12:44:14] # 1615 [bench] e2e= 1031.1ms  infer= 1028.6ms  cap=  2.3ms
    t+0   | +0.1567  +0.0436  -0.1305  +0.3028  +0.0725  -0.0486
    t+1   | +0.1659  +0.1111  -0.2284  +0.3588  +0.0734  -0.0888
    t+2   | +0.0722  +0.1416  -0.3266  +0.4036  +0.0113  -0.2583
    t+3   | +0.0650  +0.1299  -0.2864  +0.3747  -0.0308  -0.2786
    t+4   | +0.0576  +0.1549  -0.3097  +0.3666  -0.1977  -0.3700
[12:44:15] # 1616 [bench] e2e= 1034.2ms  infer= 1031.2ms  cap=  2.8ms
    t+0   | +0.1023  +0.1421  -0.2082  +0.3016  -0.3139  +0.3250
    t+1   | +0.1807  +0.1984  -0.2072  +0.3234  -0.2384  +0.6286
    t+2   | +0.1778  +0.1683  -0.1630  +0.3068  -0.0836  +0.4176
    t+3   | +0.1466  +0.1286  -0.1440  +0.2799  -0.0601  +0.2596
    t+4   | +0.1198  +0.1506  -0.1178  +0.2785  -0.0551  +0.2119
[12:44:16] # 1617 [bench] e2e= 1028.2ms  infer= 1025.0ms  cap=  3.0ms
    t+0   | +0.1854  -0.1085  +0.0732  +0.2278  +0.1115  -0.0492
    t+1   | +0.2085  -0.0510  -0.0361  +0.2856  +0.1137  -0.0986
    t+2   | +0.2111  -0.0018  -0.0955  +0.3043  +0.0983  -0.1606
    t+3   | +0.2047  +0.0377  -0.1211  +0.3244  +0.1191  -0.1879
    t+4   | +0.2170  +0.0237  -0.1170  +0.3044  +0.1451  -0.2061
[12:44:17] # 1618 [bench] e2e= 1034.0ms  infer= 1031.2ms  cap=  2.6ms
    t+0   | +0.1405  -0.0844  +0.0297  +0.1937  +0.2493  -0.1637
    t+1   | +0.1649  -0.0005  -0.0515  +0.2297  +0.2051  +0.2509
    t+2   | +0.1180  +0.0738  -0.1163  +0.2450  +0.2595  -0.1168
    t+3   | +0.0887  +0.1062  -0.1661  +0.3036  +0.1455  -0.1773
    t+4   | +0.0436  +0.0377  -0.1399  +0.3051  +0.0579  -0.3567
[12:44:18] # 1619 [bench] e2e= 1029.0ms  infer= 1025.6ms  cap=  3.2ms
    t+0   | +0.1598  +0.0006  -0.2054  +0.3085  +0.0852  -0.6706
    t+1   | +0.0698  -0.0993  -0.2023  +0.3487  +0.1841  -0.6748
    t+2   | +0.0961  -0.1115  -0.1395  +0.3274  +0.1526  -0.6975
    t+3   | +0.0907  -0.1639  -0.0661  +0.2682  +0.1278  -0.6478
    t+4   | +0.1085  -0.1495  -0.0294  +0.2478  +0.1282  -0.5917
[12:44:19] # 1620 [bench] e2e= 1026.3ms  infer= 1022.9ms  cap=  3.2ms
    t+0   | +0.1290  +0.0010  -0.0270  +0.2297  +0.0870  -0.7194
    t+1   | +0.0534  -0.0014  -0.0507  +0.2295  +0.1024  -0.7384
    t+2   | +0.0709  -0.0152  -0.0903  +0.2487  +0.1474  -0.7597
    t+3   | +0.1027  -0.0407  -0.0779  +0.2318  +0.1896  -0.7389
    t+4   | +0.0276  -0.0987  -0.0280  +0.1998  +0.2100  -0.7543
[12:44:20] # 1621 [bench] e2e= 1023.1ms  infer= 1019.9ms  cap=  3.0ms
    t+0   | +0.1623  -0.0027  -0.1682  +0.2897  -0.0695  -0.2955
    t+1   | +0.1205  +0.1065  -0.2581  +0.3006  -0.0264  -0.3420
    t+2   | +0.1072  +0.1355  -0.2855  +0.2836  -0.0212  -0.3415
    t+3   | +0.1051  +0.1486  -0.2832  +0.3009  +0.0154  -0.3391
    t+4   | +0.1203  +0.1157  -0.2767  +0.3261  +0.0259  -0.4026
[12:44:21] # 1622 [bench] e2e= 1028.1ms  infer= 1024.7ms  cap=  3.2ms
    t+0   | +0.1269  -0.0307  -0.0898  +0.2538  +0.1289  -0.2497
    t+1   | +0.1175  -0.0246  -0.1276  +0.2696  +0.1042  -0.1958
    t+2   | +0.1150  +0.0399  -0.1484  +0.2842  +0.2907  -0.0286
    t+3   | +0.1624  +0.0395  -0.1282  +0.2515  +0.2478  -0.0005
    t+4   | +0.1612  +0.0449  -0.0979  +0.2639  +0.2060  -0.1256
[12:44:22] # 1623 [bench] e2e= 1023.5ms  infer= 1020.8ms  cap=  2.5ms
    t+0   | -0.0953  -0.3193  +0.1283  +0.0893  +0.0405  -0.6587
    t+1   | -0.1024  -0.2249  -0.0754  +0.1815  +0.1038  -0.6146
    t+2   | -0.0638  -0.1422  -0.1723  +0.2001  +0.0855  -0.0178
    t+3   | +0.0000  -0.0514  -0.2027  +0.2539  +0.3225  +0.1237
    t+4   | +0.0848  +0.0010  -0.2068  +0.2635  +0.2160  +0.0934
[12:44:23] # 1624 [bench] e2e= 1023.6ms  infer= 1021.2ms  cap=  2.2ms
    t+0   | +0.3070  +0.1409  -0.1904  +0.3404  +0.0057  +0.2769
    t+1   | +0.3066  +0.1095  -0.1740  +0.3154  +0.0441  +0.1333
    t+2   | +0.2974  +0.0618  -0.1154  +0.2850  +0.1734  -0.0447
    t+3   | +0.2803  +0.0437  -0.0705  +0.2902  +0.2525  -0.1142
    t+4   | +0.3123  +0.0193  -0.0811  +0.2853  +0.2364  -0.1608
[12:44:24] # 1625 [bench] e2e= 1029.0ms  infer= 1026.6ms  cap=  2.3ms
    t+0   | +0.0395  +0.0036  -0.0592  +0.2108  -0.1464  +0.0548
    t+1   | +0.0130  +0.0244  -0.0624  +0.2606  -0.0277  +0.0280
    t+2   | -0.0194  -0.0017  -0.0487  +0.2661  +0.0989  -0.0236
    t+3   | -0.0346  +0.0093  -0.0565  +0.2860  +0.0601  -0.0460
    t+4   | -0.0087  +0.0170  -0.0783  +0.3118  +0.0651  -0.0556

  [live] after 1620 bench steps — e2e mean=1036.2ms  |  max replan freq=0.97 Hz  |  max control freq=4.83 Hz (n_action_steps=5)

[12:44:25] # 1626 [bench] e2e= 1026.4ms  infer= 1023.4ms  cap=  2.8ms
    t+0   | +0.0679  -0.1523  +0.0762  +0.2222  +0.6583  -0.5958
    t+1   | +0.1276  -0.0811  -0.0165  +0.2655  +0.5468  -0.5776
    t+2   | +0.1999  -0.0300  -0.0897  +0.2630  +0.4187  -0.5170
    t+3   | +0.1886  -0.0401  -0.1112  +0.2614  +0.3855  -0.5047
    t+4   | +0.2140  -0.0136  -0.1232  +0.2814  +0.3339  -0.4822
[12:44:26] # 1627 [bench] e2e= 1028.0ms  infer= 1025.2ms  cap=  2.7ms
    t+0   | +0.2815  +0.0177  -0.0986  +0.2628  +0.0282  -0.4989
    t+1   | +0.3477  +0.0504  -0.1691  +0.2782  +0.0318  -0.6728
    t+2   | +0.3055  +0.0135  -0.1303  +0.2364  +0.0604  -0.7345
    t+3   | +0.2455  +0.0031  -0.0949  +0.2093  +0.0018  -0.7346
    t+4   | +0.2170  -0.0037  -0.1134  +0.1985  -0.0827  -0.7501
[12:44:27] # 1628 [bench] e2e= 1027.1ms  infer= 1024.2ms  cap=  2.7ms
    t+0   | +0.0015  -0.2038  +0.0186  +0.2026  +0.2726  -0.3633
    t+1   | -0.0136  -0.1873  -0.0288  +0.2012  +0.2178  -0.3127
    t+2   | +0.0036  -0.1512  -0.0734  +0.2112  +0.1661  -0.2100
    t+3   | +0.0111  -0.0978  -0.0878  +0.2742  +0.1619  -0.1522
    t+4   | +0.0565  -0.0904  -0.1044  +0.2539  +0.1663  -0.1629
[12:44:28] # 1629 [bench] e2e= 1023.4ms  infer= 1020.1ms  cap=  3.1ms
    t+0   | +0.1812  -0.0254  -0.1107  +0.2726  +0.0413  -0.2025
    t+1   | +0.1590  -0.0463  -0.1182  +0.2777  +0.0286  -0.2286
    t+2   | +0.1662  +0.0090  -0.2060  +0.3190  -0.0420  -0.2020
    t+3   | +0.1866  +0.0179  -0.2294  +0.2917  -0.0768  -0.2263
    t+4   | +0.1778  +0.0589  -0.2380  +0.2889  -0.1299  -0.2640
[12:44:29] # 1630 [bench] e2e= 1026.6ms  infer= 1023.8ms  cap=  2.6ms
    t+0   | +0.1222  +0.1155  -0.2199  +0.3241  -0.0316  -0.1518
    t+1   | +0.1238  +0.1308  -0.2092  +0.2946  -0.0155  -0.5709
    t+2   | +0.1523  +0.1251  -0.1947  +0.2684  +0.0273  -0.6157
    t+3   | +0.1460  +0.1232  -0.1932  +0.2514  +0.0555  -0.6385
    t+4   | +0.1577  +0.1181  -0.1748  +0.2669  +0.0685  -0.5910
[12:44:30] # 1631 [bench] e2e= 1026.6ms  infer= 1023.8ms  cap=  2.7ms
    t+0   | +0.2371  -0.0860  -0.1425  +0.2816  -0.0475  -0.1368
    t+1   | +0.2240  -0.0807  -0.1643  +0.2775  -0.0772  -0.1971
    t+2   | +0.1692  -0.0185  -0.1598  +0.2816  -0.1251  -0.1964
    t+3   | +0.1463  +0.0455  -0.1836  +0.3031  -0.1490  -0.0857
    t+4   | +0.1376  +0.0635  -0.2149  +0.2837  -0.1371  -0.0836
[12:44:31] # 1632 [bench] e2e= 1029.0ms  infer= 1026.7ms  cap=  2.1ms
    t+0   | +0.0549  -0.0478  -0.0747  +0.1847  +0.0669  -0.5698
    t+1   | +0.1134  -0.0388  -0.1136  +0.2054  +0.0700  -0.6106
    t+2   | +0.1415  -0.0510  -0.1182  +0.2199  +0.0724  -0.6059
    t+3   | +0.1413  -0.0720  -0.0953  +0.2251  +0.0662  -0.5558
    t+4   | +0.1810  -0.0647  -0.1112  +0.2137  +0.0642  -0.4508
[12:44:32] # 1633 [bench] e2e= 1031.3ms  infer= 1028.0ms  cap=  3.1ms
    t+0   | +0.2269  -0.0354  -0.1487  +0.3553  +0.1826  -0.0185
    t+1   | +0.2003  -0.0471  -0.1756  +0.3298  +0.1411  -0.0350
    t+2   | +0.1189  -0.0487  -0.1427  +0.2788  +0.1317  -0.0649
    t+3   | +0.0788  -0.0242  -0.1325  +0.2975  +0.0712  +0.0665
    t+4   | +0.1114  +0.0063  -0.1576  +0.2905  +0.0532  +0.0432
[12:44:33] # 1634 [bench] e2e= 1027.9ms  infer= 1025.5ms  cap=  2.3ms
    t+0   | +0.1936  +0.0205  -0.1685  +0.2834  -0.0634  -0.3730
    t+1   | +0.2017  -0.0166  -0.1098  +0.2487  -0.0171  -0.5308
    t+2   | +0.2525  +0.0312  -0.1249  +0.2544  +0.0494  -0.4943
    t+3   | +0.2622  +0.0662  -0.1390  +0.2787  +0.0265  -0.5490
    t+4   | +0.2811  +0.0815  -0.1835  +0.3250  +0.0029  -0.5233
[12:44:34] # 1635 [bench] e2e= 1031.7ms  infer= 1029.3ms  cap=  2.2ms
    t+0   | +0.1567  -0.0636  -0.0572  +0.2103  -0.0589  -0.1595
    t+1   | +0.0935  -0.1168  -0.0488  +0.1529  -0.0506  -0.2522
    t+2   | +0.0667  -0.0997  -0.0677  +0.1820  -0.0440  -0.3183
    t+3   | +0.0334  -0.1051  -0.0904  +0.1501  -0.0191  -0.4115
    t+4   | +0.0308  -0.0893  -0.0472  +0.1504  -0.0096  -0.3516
[12:44:35] # 1636 [bench] e2e= 1028.6ms  infer= 1025.3ms  cap=  3.1ms
    t+0   | +0.1752  -0.0290  -0.1833  +0.3050  +0.0377  -0.2132
    t+1   | +0.1991  -0.0465  -0.2195  +0.2949  +0.0056  -0.2557
    t+2   | +0.2079  -0.0254  -0.2125  +0.3040  -0.0203  -0.2380
    t+3   | +0.2019  +0.0100  -0.2831  +0.3316  -0.0414  -0.1703
    t+4   | +0.1963  +0.0577  -0.3404  +0.3392  -0.0130  -0.1965
[12:44:36] # 1637 [bench] e2e= 1031.4ms  infer= 1029.1ms  cap=  2.1ms
    t+0   | -0.1008  -0.2521  -0.0019  +0.1420  -0.0112  -0.6810
    t+1   | +0.0033  -0.1824  -0.0747  +0.1835  -0.0091  -0.5620
    t+2   | +0.0634  -0.1409  -0.1071  +0.1876  -0.0004  -0.5855
    t+3   | +0.0542  -0.1322  -0.0830  +0.1765  -0.0055  -0.5717
    t+4   | +0.0476  -0.1095  -0.1180  +0.1771  -0.0319  -0.5289
[12:44:37] # 1638 [bench] e2e= 1027.5ms  infer= 1025.0ms  cap=  2.4ms
    t+0   | -0.0054  -0.0753  +0.0174  +0.1952  +0.1449  -0.5871
    t+1   | +0.0052  -0.0277  -0.0714  +0.2453  +0.1438  -0.4573
    t+2   | +0.0197  -0.0298  -0.1182  +0.2871  +0.1391  -0.4005
    t+3   | +0.0419  -0.0232  -0.1674  +0.3418  +0.1437  -0.2360
    t+4   | +0.0807  +0.0243  -0.2043  +0.3606  +0.0963  +0.2044
[12:44:39] # 1639 [bench] e2e= 1081.2ms  infer= 1078.3ms  cap=  2.7ms
    t+0   | +0.2057  +0.0102  -0.0532  +0.2677  -0.0030  +0.2015
    t+1   | +0.1641  -0.0208  -0.0226  +0.2449  +0.0068  -0.1631
    t+2   | +0.0600  -0.0669  -0.0241  +0.2053  -0.0572  -0.4886
    t+3   | +0.0510  -0.0580  -0.0553  +0.2310  -0.0955  -0.5859
    t+4   | +0.1027  -0.0133  -0.1227  +0.2337  -0.1363  -0.5314
[12:44:40] # 1640 [bench] e2e= 1039.1ms  infer= 1036.3ms  cap=  2.5ms
    t+0   | +0.2065  -0.0608  -0.1456  +0.2834  -0.0384  -0.3103
    t+1   | +0.2377  -0.0236  -0.1446  +0.2976  +0.0468  -0.2543
    t+2   | +0.2482  +0.0045  -0.1348  +0.2684  +0.1450  -0.1927
    t+3   | +0.2300  +0.0195  -0.1238  +0.2481  +0.1060  -0.2962
    t+4   | +0.1958  +0.0288  -0.1389  +0.2603  +0.1084  -0.3628
[12:44:41] # 1641 [bench] e2e= 1032.4ms  infer= 1030.1ms  cap=  2.1ms
    t+0   | +0.1214  -0.1025  +0.0268  +0.2032  +0.1645  -0.1759
    t+1   | +0.0350  -0.1278  +0.0385  +0.1707  +0.0848  -0.4184
    t+2   | -0.0192  -0.1321  +0.0087  +0.1704  +0.0226  -0.4881
    t+3   | +0.0169  -0.0672  -0.0471  +0.2013  -0.0659  -0.4536
    t+4   | +0.0253  +0.0333  -0.1013  +0.2746  -0.0984  -0.3564
[12:44:42] # 1642 [bench] e2e= 1036.5ms  infer= 1034.1ms  cap=  2.2ms
    t+0   | +0.0882  -0.0150  -0.1935  +0.3093  -0.1010  +0.0034
    t+1   | +0.0000  +0.0184  -0.2571  +0.3193  -0.0543  +0.0712
    t+2   | -0.0058  -0.0231  -0.2363  +0.2867  +0.0412  +0.0609
    t+3   | +0.0373  -0.0578  -0.1933  +0.3176  +0.0317  +0.0558
    t+4   | +0.0411  -0.0635  -0.1914  +0.3023  +0.0222  -0.0078
[12:44:43] # 1643 [bench] e2e= 1034.7ms  infer= 1032.4ms  cap=  2.1ms
    t+0   | +0.2458  +0.1877  -0.2679  +0.3550  +0.1355  -0.0377
    t+1   | +0.1904  +0.1557  -0.2489  +0.3127  +0.1491  -0.1164
    t+2   | +0.1703  +0.1438  -0.2598  +0.3033  +0.1498  -0.0970
    t+3   | +0.2038  +0.1981  -0.2906  +0.3591  +0.0757  -0.0580
    t+4   | +0.2010  +0.2764  -0.4188  +0.4178  -0.0267  -0.0190
[12:44:44] # 1644 [bench] e2e= 1031.1ms  infer= 1029.1ms  cap=  1.8ms
    t+0   | +0.1786  +0.0834  -0.2211  +0.3387  +0.0412  -0.1602
    t+1   | +0.1620  +0.1349  -0.2905  +0.3129  +0.0436  -0.2318
    t+2   | +0.0955  +0.0826  -0.2303  +0.2413  -0.0026  -0.4562
    t+3   | +0.0802  +0.0331  -0.2096  +0.2050  -0.0334  -0.4797
    t+4   | +0.0632  +0.0489  -0.2438  +0.2291  -0.0378  -0.3905
[12:44:45] # 1645 [bench] e2e= 1027.5ms  infer= 1024.9ms  cap=  2.5ms
    t+0   | +0.0645  -0.0931  -0.0229  +0.1722  -0.0685  -0.6329
    t+1   | +0.0228  -0.0379  -0.0944  +0.1988  -0.1712  -0.5403
    t+2   | +0.0179  -0.0291  -0.1202  +0.2311  -0.1653  -0.3905
    t+3   | +0.0252  -0.0104  -0.1597  +0.2240  -0.1504  -0.3245
    t+4   | +0.0397  +0.0166  -0.1804  +0.2332  -0.1369  -0.3290

  [live] after 1640 bench steps — e2e mean=1036.2ms  |  max replan freq=0.97 Hz  |  max control freq=4.83 Hz (n_action_steps=5)

[12:44:46] # 1646 [bench] e2e= 1032.6ms  infer= 1029.2ms  cap=  3.2ms
    t+0   | -0.0155  -0.1583  -0.0443  +0.2410  +0.0209  -0.2590
    t+1   | -0.0360  -0.1949  -0.0069  +0.2191  +0.0752  -0.3303
    t+2   | -0.2784  -0.5582  +0.3834  -0.0027  +0.3386  -0.5884
    t+3   | -0.1640  -0.3911  +0.2141  +0.1026  +0.2379  -0.4811
    t+4   | -0.1274  -0.3857  +0.2133  +0.1186  +0.2160  -0.4586
[12:44:47] # 1647 [bench] e2e= 1038.3ms  infer= 1034.9ms  cap=  3.2ms
    t+0   | +0.0701  -0.0312  -0.0359  +0.3488  +0.3036  -0.5388
    t+1   | +0.0940  +0.0201  -0.1357  +0.3692  +0.1832  -0.3271
    t+2   | +0.0894  +0.1351  -0.2434  +0.3814  +0.2597  -0.2205
    t+3   | +0.1497  +0.1770  -0.2798  +0.3892  +0.2308  -0.0593
    t+4   | +0.1039  +0.2050  -0.3253  +0.4286  +0.2317  -0.0382
[12:44:48] # 1648 [bench] e2e= 1043.7ms  infer= 1041.1ms  cap=  2.4ms
    t+0   | +0.0213  -0.0418  -0.0852  +0.2163  -0.1087  -0.1209
    t+1   | -0.0296  -0.0453  -0.0405  +0.2230  -0.0523  -0.0449
    t+2   | -0.0230  -0.0295  -0.0670  +0.2497  -0.0634  -0.0253
    t+3   | +0.0362  +0.0513  -0.2378  +0.3505  +0.0899  -0.1045
    t+4   | +0.0171  +0.0982  -0.3539  +0.3260  +0.1655  -0.1771
[12:44:49] # 1649 [bench] e2e= 1072.0ms  infer= 1069.3ms  cap=  2.5ms
    t+0   | +0.2150  -0.0840  -0.0761  +0.2356  -0.0336  -0.1921
    t+1   | +0.1627  -0.1339  -0.0190  +0.1924  +0.0381  -0.2094
    t+2   | +0.1002  -0.1262  -0.0084  +0.1862  -0.0174  -0.1651
    t+3   | +0.0730  -0.0954  -0.0360  +0.2201  -0.0590  -0.1004
    t+4   | +0.0984  -0.0753  -0.0761  +0.2191  -0.0982  +0.0107
[12:44:50] # 1650 [bench] e2e= 1033.8ms  infer= 1031.6ms  cap=  2.1ms
    t+0   | -0.1301  -0.1967  +0.0657  +0.1491  +0.3008  -0.7147
    t+1   | -0.0627  -0.1522  -0.0215  +0.1971  +0.3461  -0.7187
    t+2   | -0.0155  -0.0812  -0.1070  +0.2375  +0.3973  -0.7273
    t+3   | -0.0237  -0.0217  -0.2037  +0.2226  +0.2538  -0.7314
    t+4   | -0.0036  -0.0411  -0.1355  +0.2028  +0.2183  -0.6838
[12:44:51] # 1651 [bench] e2e= 1063.8ms  infer= 1060.7ms  cap=  2.9ms
    t+0   | -0.2317  -0.2237  +0.0828  +0.0028  -0.1044  -0.6932
    t+1   | -0.0733  -0.1435  -0.0016  +0.0985  -0.1008  -0.6840
    t+2   | +0.0124  -0.1180  -0.0625  +0.1212  -0.0815  -0.6412
    t+3   | +0.0065  -0.1344  -0.0319  +0.1456  -0.0350  -0.6573
    t+4   | +0.0150  -0.1901  -0.0164  +0.1529  +0.0118  -0.6554
[12:44:52] # 1652 [bench] e2e= 1041.0ms  infer= 1036.9ms  cap=  4.0ms
    t+0   | +0.0986  -0.1243  -0.0405  +0.2408  -0.0002  -0.0834
    t+1   | +0.0746  -0.0988  -0.0562  +0.2492  -0.0085  -0.1747
    t+2   | +0.0427  -0.0599  -0.0519  +0.2420  -0.0203  -0.1865
    t+3   | +0.0064  -0.0702  -0.0907  +0.2002  -0.0181  -0.0260
    t+4   | +0.0121  -0.0739  -0.0698  +0.2160  -0.0041  +0.0037
[12:44:53] # 1653 [bench] e2e= 1054.0ms  infer= 1051.6ms  cap=  2.3ms
    t+0   | +0.2128  +0.1122  -0.2499  +0.3155  -0.1062  -0.0745
    t+1   | +0.1310  +0.2394  -0.3814  +0.3255  -0.1020  +0.0303
    t+2   | +0.1365  +0.1919  -0.3464  +0.2923  -0.0789  +0.0748
    t+3   | +0.1419  +0.1438  -0.3021  +0.2839  -0.0406  +0.0226
    t+4   | +0.1431  +0.1188  -0.2446  +0.2387  -0.0511  -0.0354
[12:44:54] # 1654 [bench] e2e= 1090.7ms  infer= 1088.1ms  cap=  2.4ms
    t+0   | +0.1853  +0.0328  -0.1756  +0.3146  +0.0511  -0.0030
    t+1   | +0.1145  -0.0429  -0.1330  +0.2660  +0.0398  -0.0626
    t+2   | +0.0595  -0.1129  -0.0456  +0.2465  +0.0316  -0.0578
    t+3   | +0.0018  -0.0873  -0.0695  +0.2314  +0.0046  -0.0680
    t+4   | +0.0208  -0.0515  -0.1486  +0.2938  -0.0280  -0.0293
[12:44:55] # 1655 [bench] e2e= 1042.5ms  infer= 1039.4ms  cap=  2.8ms
    t+0   | +0.1513  -0.1477  +0.0317  +0.1823  -0.0361  -0.0582
    t+1   | +0.0943  -0.2104  +0.1390  +0.1779  +0.0805  -0.2399
    t+2   | +0.1265  -0.1435  +0.0757  +0.1992  +0.0749  -0.2388
    t+3   | +0.0757  -0.1678  +0.0697  +0.2221  +0.1391  +0.2116
    t+4   | +0.0074  -0.1582  +0.0838  +0.2160  +0.1534  +0.2455
[12:44:56] # 1656 [bench] e2e= 1054.3ms  infer= 1051.6ms  cap=  2.6ms
    t+0   | +0.1531  -0.0255  -0.1651  +0.2659  -0.0915  -0.1136
    t+1   | +0.0903  -0.0076  -0.2070  +0.3019  -0.0881  -0.0722
    t+2   | +0.0850  -0.0344  -0.1937  +0.2952  -0.0592  +0.0148
    t+3   | +0.0748  -0.0409  -0.1603  +0.3024  -0.0061  +0.0039
    t+4   | +0.0776  -0.0170  -0.1763  +0.2829  +0.0065  +0.0632
[12:44:57] # 1657 [bench] e2e= 1042.2ms  infer= 1039.7ms  cap=  2.4ms
    t+0   | +0.0853  -0.0546  -0.0507  +0.1887  -0.0420  -0.2549
    t+1   | +0.0381  -0.0814  -0.0327  +0.1686  -0.0191  -0.2402
    t+2   | -0.0237  -0.1201  -0.0224  +0.1292  -0.0207  -0.1873
    t+3   | -0.0707  -0.1611  -0.0237  +0.1587  -0.0502  -0.2359
    t+4   | -0.1583  -0.1348  -0.0576  +0.2117  -0.1233  -0.2739
[12:44:58] # 1658 [bench] e2e= 1047.7ms  infer= 1044.8ms  cap=  2.7ms
    t+0   | +0.1925  -0.0450  -0.0588  +0.2337  -0.0170  -0.0527
    t+1   | +0.1491  -0.0777  -0.0387  +0.1927  -0.0153  -0.0891
    t+2   | +0.1126  -0.0897  +0.0028  +0.1993  +0.0327  -0.1632
    t+3   | +0.0845  -0.0888  -0.0022  +0.1876  +0.0314  -0.1397
    t+4   | +0.1166  -0.0472  -0.0405  +0.2069  +0.0196  -0.1289
[12:44:59] # 1659 [bench] e2e= 1058.6ms  infer= 1056.2ms  cap=  2.2ms
    t+0   | +0.0814  -0.0141  +0.0047  +0.1855  +0.0504  -0.2483
    t+1   | +0.0795  +0.0054  -0.0690  +0.2405  +0.0197  -0.0126
    t+2   | +0.1081  +0.0218  -0.1565  +0.2949  -0.0017  +0.3973
    t+3   | +0.1330  +0.0173  -0.1511  +0.3018  +0.0628  +0.3170
    t+4   | +0.1592  +0.0414  -0.1251  +0.3053  +0.0305  +0.2548
[12:45:01] # 1660 [bench] e2e= 1057.1ms  infer= 1054.3ms  cap=  2.7ms
    t+0   | +0.1404  +0.0122  -0.0737  +0.2412  -0.0933  +0.3029
    t+1   | +0.0492  +0.0533  -0.1063  +0.2380  -0.0277  +0.2419
    t+2   | -0.0347  +0.0654  -0.1600  +0.2570  -0.0215  +0.1768
    t+3   | +0.0230  +0.0655  -0.1893  +0.2555  +0.0001  +0.1019
    t+4   | +0.0886  +0.0528  -0.2024  +0.2762  +0.0263  +0.0264
[12:45:02] # 1661 [bench] e2e= 1026.8ms  infer= 1023.3ms  cap=  3.4ms
    t+0   | +0.2269  +0.0476  -0.1217  +0.2539  -0.1063  -0.1173
    t+1   | +0.0902  +0.0956  -0.1563  +0.2452  -0.1670  -0.2279
    t+2   | +0.0323  +0.0796  -0.1785  +0.2142  -0.2057  -0.4057
    t+3   | -0.0203  +0.0768  -0.2517  +0.2320  -0.2158  -0.4471
    t+4   | +0.0184  +0.0763  -0.3031  +0.2509  -0.1536  -0.4364
[12:45:03] # 1662 [bench] e2e= 1033.5ms  infer= 1030.7ms  cap=  2.6ms
    t+0   | -0.0870  -0.1276  -0.0971  +0.2390  +0.2461  -0.6277
    t+1   | -0.0242  -0.1120  -0.1030  +0.2376  +0.1628  -0.5199
    t+2   | +0.0328  -0.0767  -0.1178  +0.2369  +0.0707  -0.1890
    t+3   | +0.0435  -0.0359  -0.1630  +0.2378  +0.0628  -0.0811
    t+4   | +0.0770  -0.0229  -0.1536  +0.2511  +0.0879  -0.0967
[12:45:04] # 1663 [bench] e2e= 1032.4ms  infer= 1029.2ms  cap=  3.0ms
    t+0   | +0.0976  +0.1399  -0.2231  +0.2842  +0.2470  -0.1169
    t+1   | +0.1556  +0.1585  -0.2367  +0.2902  +0.0548  -0.0360
    t+2   | +0.1129  +0.1618  -0.2162  +0.2751  +0.0842  -0.0818
    t+3   | +0.0113  +0.1358  -0.2056  +0.2476  +0.1388  -0.1625
    t+4   | +0.0566  +0.0972  -0.2106  +0.2440  +0.1031  -0.1158
[12:45:05] # 1664 [bench] e2e= 1035.8ms  infer= 1032.4ms  cap=  3.1ms
    t+0   | +0.1340  -0.1043  -0.0345  +0.2041  -0.0809  -0.2955
    t+1   | +0.0871  -0.1368  +0.0037  +0.1435  -0.1175  -0.1163
    t+2   | +0.0413  -0.1392  +0.0243  +0.1144  -0.1206  -0.1830
    t+3   | +0.0008  -0.1450  +0.0502  +0.0941  -0.1536  -0.1597
    t+4   | +0.0154  -0.1153  +0.0700  +0.1163  -0.1308  -0.1888
[12:45:06] # 1665 [bench] e2e= 1029.1ms  infer= 1026.3ms  cap=  2.7ms
    t+0   | +0.1178  -0.1038  -0.1274  +0.2305  -0.0458  -0.3514
    t+1   | +0.0980  -0.1286  -0.1389  +0.1992  -0.0479  -0.3935
    t+2   | +0.0638  -0.1318  -0.1793  +0.2107  -0.0365  -0.4635
    t+3   | +0.0679  -0.1053  -0.1597  +0.2341  -0.0478  -0.6199
    t+4   | +0.0586  -0.0374  -0.1788  +0.2528  -0.0419  -0.6556

  [live] after 1660 bench steps — e2e mean=1036.3ms  |  max replan freq=0.96 Hz  |  max control freq=4.82 Hz (n_action_steps=5)

[12:45:07] # 1666 [bench] e2e= 1028.8ms  infer= 1026.4ms  cap=  2.3ms
    t+0   | +0.0797  +0.0029  -0.0795  +0.2620  -0.0742  +0.3616
    t+1   | +0.0797  -0.0563  -0.0420  +0.2270  -0.1255  +0.2983
    t+2   | -0.0840  -0.1134  +0.0291  +0.1583  -0.1334  +0.3262
    t+3   | -0.1808  -0.0895  +0.0165  +0.1243  -0.1156  +0.4006
    t+4   | -0.1423  -0.0708  -0.0129  +0.1017  -0.0653  +0.3961
[12:45:08] # 1667 [bench] e2e= 1046.8ms  infer= 1043.0ms  cap=  3.5ms
    t+0   | +0.1308  +0.1904  -0.3966  +0.3638  -0.0133  -0.2350
    t+1   | -0.0112  +0.2434  -0.5301  +0.3971  -0.0696  -0.2044
    t+2   | -0.0550  +0.2782  -0.4979  +0.3727  -0.0229  -0.2147
    t+3   | +0.0249  +0.2543  -0.4265  +0.3475  +0.0377  -0.2108
    t+4   | +0.0410  +0.2065  -0.3575  +0.2864  +0.1045  -0.2294
[12:45:09] # 1668 [bench] e2e= 1031.2ms  infer= 1027.9ms  cap=  3.1ms
    t+0   | +0.1032  -0.0786  -0.2101  +0.2640  -0.0394  -0.4213
    t+1   | +0.1776  +0.0367  -0.3069  +0.3054  -0.0287  -0.2776
    t+2   | +0.1976  +0.0926  -0.2823  +0.3063  -0.0882  +0.1241
    t+3   | +0.1552  +0.1488  -0.2761  +0.3244  -0.0023  +0.0264
    t+4   | +0.1713  +0.1783  -0.2807  +0.3674  -0.0255  +0.2846
[12:45:10] # 1669 [bench] e2e= 1029.0ms  infer= 1026.3ms  cap=  2.5ms
    t+0   | +0.0369  +0.0409  -0.2806  +0.2994  +0.0153  -0.1603
    t+1   | +0.0415  +0.0359  -0.2800  +0.2750  -0.0472  -0.1054
    t+2   | +0.0470  +0.0481  -0.2317  +0.2773  -0.0529  -0.0065
    t+3   | +0.0539  -0.0047  -0.1562  +0.2097  -0.0875  +0.3771
    t+4   | +0.0892  +0.0020  -0.1281  +0.2098  -0.0921  +0.6667
[12:45:11] # 1670 [bench] e2e= 1025.0ms  infer= 1022.4ms  cap=  2.5ms
    t+0   | +0.1554  -0.0530  -0.0474  +0.1787  -0.1378  -0.1275
    t+1   | +0.1193  -0.0163  -0.1127  +0.1842  -0.2235  +0.2494
    t+2   | +0.1197  +0.0575  -0.1843  +0.2567  -0.1384  +0.2495
    t+3   | +0.1298  +0.0384  -0.2094  +0.2433  -0.1280  +0.3707
    t+4   | +0.1288  +0.0319  -0.2061  +0.1921  -0.1413  +0.3521
[12:45:12] # 1671 [bench] e2e= 1028.7ms  infer= 1026.3ms  cap=  2.2ms
    t+0   | -0.1089  +0.0350  -0.1201  +0.1466  -0.0075  -0.0751
    t+1   | -0.0951  +0.0054  -0.1165  +0.1307  -0.0205  -0.1455
    t+2   | -0.0866  -0.0270  -0.1119  +0.1225  -0.0436  -0.2733
    t+3   | -0.0706  -0.0465  -0.0537  +0.1032  -0.2295  -0.3082
    t+4   | -0.0257  -0.0240  -0.0308  +0.1448  -0.2002  -0.2992
[12:45:13] # 1672 [bench] e2e= 1027.6ms  infer= 1024.6ms  cap=  2.9ms
    t+0   | +0.1864  +0.0435  -0.1118  +0.2629  -0.0759  +0.5129
    t+1   | +0.1054  +0.0821  -0.0960  +0.2496  -0.0102  +0.1925
    t+2   | +0.0814  +0.0774  -0.1189  +0.2546  -0.0367  +0.0404
    t+3   | +0.0444  +0.0201  -0.1536  +0.2320  -0.0431  -0.2577
    t+4   | +0.0352  +0.0606  -0.1913  +0.2509  -0.0390  -0.1391
[12:45:14] # 1673 [bench] e2e= 1027.8ms  infer= 1024.4ms  cap=  3.2ms
    t+0   | +0.2342  -0.0514  -0.0425  +0.2544  +0.0964  -0.0357
    t+1   | +0.2323  -0.0144  -0.1050  +0.2927  +0.0342  +0.1137
    t+2   | +0.1933  -0.0456  -0.1402  +0.2852  -0.0520  +0.1137
    t+3   | +0.1562  -0.0404  -0.1558  +0.2857  -0.1524  +0.1242
    t+4   | +0.1200  -0.0269  -0.1757  +0.2253  -0.1187  -0.0595
[12:45:15] # 1674 [bench] e2e= 1027.3ms  infer= 1024.7ms  cap=  2.4ms
    t+0   | +0.0434  -0.0347  -0.1403  +0.2460  -0.2658  -0.6076
    t+1   | +0.0619  -0.0314  -0.0939  +0.2284  -0.2085  -0.3577
    t+2   | +0.0582  -0.0787  +0.0389  +0.1554  -0.1208  -0.0063
    t+3   | +0.0867  -0.0865  +0.0370  +0.1590  -0.1120  +0.0562
    t+4   | +0.1138  -0.0957  +0.0083  +0.1776  -0.2056  +0.2469
[12:45:16] # 1675 [bench] e2e= 1025.7ms  infer= 1022.7ms  cap=  2.8ms
    t+0   | +0.1509  +0.0738  -0.1780  +0.2909  -0.0367  +0.1414
    t+1   | +0.0834  +0.0813  -0.1583  +0.2890  -0.0508  +0.0731
    t+2   | +0.0381  +0.0962  -0.1700  +0.2615  -0.0773  +0.0310
    t+3   | +0.0512  +0.0662  -0.1852  +0.2228  -0.0099  +0.0285
    t+4   | +0.0860  +0.0260  -0.1227  +0.2124  +0.1141  +0.0463
[12:45:17] # 1676 [bench] e2e= 1025.8ms  infer= 1022.5ms  cap=  3.2ms
    t+0   | -0.0441  -0.0958  -0.0318  +0.2066  +0.1219  -0.2725
    t+1   | +0.0077  -0.0635  -0.0744  +0.2093  +0.0526  -0.2088
    t+2   | -0.0203  -0.0338  -0.0733  +0.2305  +0.0809  -0.2199
    t+3   | -0.0535  -0.0564  -0.0712  +0.2217  +0.0952  -0.1846
    t+4   | -0.0420  -0.0568  -0.0562  +0.1931  +0.0985  -0.1028
[12:45:18] # 1677 [bench] e2e= 1024.2ms  infer= 1020.9ms  cap=  3.1ms
    t+0   | +0.1196  -0.0821  -0.0526  +0.2200  +0.0138  -0.1381
    t+1   | +0.1574  -0.0183  -0.1665  +0.2383  -0.0012  -0.0614
    t+2   | +0.2164  +0.0408  -0.2790  +0.3094  +0.0661  -0.0603
    t+3   | +0.2400  +0.0765  -0.3665  +0.3668  +0.1176  -0.1349
    t+4   | +0.2264  +0.0631  -0.3390  +0.3315  +0.0379  -0.2075
[12:45:19] # 1678 [bench] e2e= 1044.1ms  infer= 1040.7ms  cap=  3.2ms
    t+0   | +0.0968  +0.0778  -0.3047  +0.3938  -0.0283  +0.0701
    t+1   | +0.0680  +0.0976  -0.3219  +0.3988  -0.0249  +0.1167
    t+2   | +0.0515  +0.0183  -0.2470  +0.3597  +0.0181  +0.0581
    t+3   | +0.0334  -0.0876  -0.1616  +0.2948  +0.0293  +0.0001
    t+4   | +0.0186  -0.0953  -0.1036  +0.2878  +0.0303  -0.0587
[12:45:20] # 1679 [bench] e2e= 1036.0ms  infer= 1032.7ms  cap=  3.2ms
    t+0   | +0.0918  -0.0871  -0.0208  +0.1365  -0.1393  -0.4735
    t+1   | +0.0487  -0.0713  -0.0349  +0.1008  -0.1416  -0.6408
    t+2   | +0.0268  -0.0874  -0.0276  +0.0739  -0.1193  -0.6283
    t+3   | +0.0023  -0.0706  -0.0321  +0.0828  -0.0911  -0.6163
    t+4   | +0.0141  -0.0195  -0.0681  +0.1469  -0.0888  -0.4126
[12:45:21] # 1680 [bench] e2e= 1029.8ms  infer= 1026.4ms  cap=  3.1ms
    t+0   | +0.1737  -0.0180  -0.0489  +0.2863  +0.1176  +0.1942
    t+1   | +0.1567  +0.0359  -0.1044  +0.2572  +0.0220  -0.2542
    t+2   | +0.1259  +0.0429  -0.1452  +0.2017  -0.0202  -0.4648
    t+3   | +0.1092  +0.0389  -0.1317  +0.2274  -0.0590  -0.5063
    t+4   | +0.0916  +0.0054  -0.1117  +0.2250  -0.0581  -0.6560
[12:45:22] # 1681 [bench] e2e= 1025.9ms  infer= 1022.6ms  cap=  3.1ms
    t+0   | -0.0199  -0.0772  +0.1007  +0.1404  +0.0440  +0.1447
    t+1   | +0.0282  -0.0253  +0.0408  +0.1636  +0.0161  +0.0938
    t+2   | +0.0860  +0.0351  -0.0341  +0.1917  +0.0558  +0.1650
    t+3   | +0.1468  +0.0764  -0.0808  +0.2023  +0.1381  +0.1095
    t+4   | +0.1916  +0.0900  -0.1009  +0.2267  +0.1778  +0.0660
[12:45:23] # 1682 [bench] e2e= 1026.8ms  infer= 1023.5ms  cap=  3.2ms
    t+0   | +0.1623  +0.0316  -0.0719  +0.2170  +0.0961  -0.0031
    t+1   | +0.0887  +0.0823  -0.1027  +0.2368  +0.0764  +0.1162
    t+2   | +0.0282  +0.1205  -0.1899  +0.2582  +0.1149  +0.0243
    t+3   | +0.0342  +0.1423  -0.2306  +0.2496  +0.1130  +0.0458
    t+4   | +0.0879  +0.1918  -0.3169  +0.3143  +0.1391  +0.0235
[12:45:24] # 1683 [bench] e2e= 1028.0ms  infer= 1024.4ms  cap=  3.4ms
    t+0   | +0.1335  -0.0812  +0.0705  +0.1779  +0.2665  +0.0441
    t+1   | +0.1186  -0.0958  +0.1207  +0.1369  +0.2261  -0.0597
    t+2   | +0.1194  -0.0534  +0.1002  +0.1647  +0.1854  -0.0946
    t+3   | +0.0082  -0.0036  +0.0715  +0.2174  +0.2513  -0.0919
    t+4   | -0.0122  -0.0168  +0.0187  +0.2568  +0.2337  -0.0130
[12:45:25] # 1684 [bench] e2e= 1026.5ms  infer= 1022.9ms  cap=  3.4ms
    t+0   | -0.0979  +0.0443  -0.0478  +0.2492  -0.1388  +0.0358
    t+1   | -0.0924  +0.0355  -0.0800  +0.2366  -0.1689  +0.0876
    t+2   | -0.0654  +0.0635  -0.1596  +0.2317  -0.1960  +0.0077
    t+3   | -0.0463  +0.0978  -0.1934  +0.2768  -0.2858  -0.0219
    t+4   | -0.0232  +0.0838  -0.1639  +0.2803  -0.2915  +0.0156
[12:45:26] # 1685 [bench] e2e= 1063.0ms  infer= 1060.3ms  cap=  2.5ms
    t+0   | +0.0271  +0.0345  -0.2775  +0.3434  +0.0881  -0.1254
    t+1   | +0.0458  -0.0159  -0.1996  +0.2762  +0.0067  -0.0815
    t+2   | +0.0218  -0.0044  -0.1613  +0.2561  -0.1316  -0.0528
    t+3   | +0.0544  +0.0758  -0.1831  +0.2996  -0.1666  -0.0665
    t+4   | +0.0531  +0.0441  -0.1966  +0.2703  -0.1634  -0.1135

  [live] after 1680 bench steps — e2e mean=1036.2ms  |  max replan freq=0.97 Hz  |  max control freq=4.83 Hz (n_action_steps=5)

[12:45:27] # 1686 [bench] e2e= 1033.7ms  infer= 1030.7ms  cap=  2.9ms
    t+0   | +0.0934  +0.0265  -0.1482  +0.2235  -0.0033  -0.3216
    t+1   | +0.0921  +0.0323  -0.1535  +0.2198  -0.0231  -0.2749
    t+2   | +0.1024  +0.0746  -0.2666  +0.2479  +0.0000  -0.3300
    t+3   | +0.1429  +0.0508  -0.2530  +0.2904  +0.0099  -0.2756
    t+4   | +0.1783  +0.0610  -0.2781  +0.3333  +0.0049  -0.2210
[12:45:28] # 1687 [bench] e2e= 1025.4ms  infer= 1022.1ms  cap=  3.2ms
    t+0   | +0.3898  +0.1238  -0.4186  +0.3678  +0.0212  -0.6336
    t+1   | +0.3197  +0.1709  -0.3178  +0.3138  +0.0583  -0.0503
    t+2   | +0.3041  +0.2107  -0.2672  +0.3001  +0.1029  +0.5867
    t+3   | +0.3168  +0.1961  -0.2289  +0.2595  +0.0892  +0.6475
    t+4   | +0.2771  +0.2070  -0.2140  +0.2824  +0.0708  +0.6980
[12:45:29] # 1688 [bench] e2e= 1061.6ms  infer= 1059.3ms  cap=  2.1ms
    t+0   | +0.1283  +0.1509  -0.1776  +0.2979  -0.0605  +0.6649
    t+1   | +0.0277  +0.1259  -0.1910  +0.2588  -0.0332  +0.0530
    t+2   | -0.0257  +0.0799  -0.1534  +0.2212  +0.0205  -0.3000
    t+3   | -0.0277  +0.0214  -0.0958  +0.1873  +0.0124  -0.3886
    t+4   | +0.0100  +0.0258  -0.1284  +0.2162  -0.0087  -0.2795
[12:45:30] # 1689 [bench] e2e= 1031.8ms  infer= 1029.5ms  cap=  2.2ms
    t+0   | -0.0010  -0.0753  -0.0014  +0.2031  +0.0192  -0.3577
    t+1   | +0.0026  -0.0464  -0.0252  +0.2434  -0.0056  -0.2297
    t+2   | +0.0239  -0.0419  -0.0049  +0.2428  -0.0175  -0.1331
    t+3   | -0.0170  -0.0215  +0.0032  +0.2234  -0.0145  -0.1400
    t+4   | -0.0032  +0.0233  -0.0123  +0.2580  -0.0362  -0.0648
[12:45:32] # 1690 [bench] e2e= 1030.5ms  infer= 1027.6ms  cap=  2.7ms
    t+0   | +0.1942  -0.0328  -0.0298  +0.2178  -0.0857  +0.0033
    t+1   | +0.1788  -0.0536  -0.0187  +0.2124  -0.0874  -0.0198
    t+2   | +0.1217  -0.1050  +0.0287  +0.2437  -0.0172  -0.0033
    t+3   | +0.0748  -0.0858  -0.0090  +0.2189  -0.0062  +0.0983
    t+4   | +0.0799  -0.1005  -0.0318  +0.1962  -0.0293  +0.1131
[12:45:33] # 1691 [bench] e2e= 1034.1ms  infer= 1031.0ms  cap=  3.0ms
    t+0   | +0.1488  -0.0103  -0.1018  +0.3152  -0.0114  +0.0040
    t+1   | +0.0457  -0.0054  -0.0821  +0.2662  -0.0417  -0.0998
    t+2   | +0.0438  +0.0017  -0.0379  +0.2206  +0.0541  -0.1348
    t+3   | +0.0606  +0.0009  -0.0128  +0.1967  +0.0634  -0.1525
    t+4   | +0.0846  +0.0171  -0.0064  +0.1870  +0.1096  -0.1387
[12:45:34] # 1692 [bench] e2e= 1030.2ms  infer= 1027.4ms  cap=  2.6ms
    t+0   | +0.3041  +0.1547  -0.1727  +0.3016  +0.0273  +0.3461
    t+1   | +0.2785  +0.1512  -0.1778  +0.2574  +0.0239  +0.1356
    t+2   | +0.2184  +0.1482  -0.1866  +0.2367  +0.0793  -0.0087
    t+3   | +0.1761  +0.1215  -0.1576  +0.2259  +0.0316  +0.1475
    t+4   | +0.1849  +0.1127  -0.1299  +0.2310  +0.0338  +0.4166
[12:45:35] # 1693 [bench] e2e= 1036.8ms  infer= 1033.7ms  cap=  3.0ms
    t+0   | +0.2290  -0.0237  -0.0385  +0.2650  +0.0810  +0.0288
    t+1   | +0.1252  +0.0388  -0.0721  +0.3044  +0.1936  +0.0410
    t+2   | +0.1377  +0.0553  -0.0804  +0.3185  +0.2048  +0.0084
    t+3   | +0.0762  -0.0010  -0.0643  +0.3447  +0.3461  -0.1792
    t+4   | +0.0701  -0.0834  +0.0007  +0.3189  +0.5001  -0.3805
[12:45:36] # 1694 [bench] e2e= 1034.7ms  infer= 1031.8ms  cap=  2.7ms
    t+0   | +0.1428  +0.0810  -0.2259  +0.2813  -0.1428  +0.2385
    t+1   | +0.0441  +0.0627  -0.1981  +0.2389  -0.1317  +0.1202
    t+2   | +0.0198  +0.0801  -0.1602  +0.2171  -0.0641  +0.0383
    t+3   | +0.0437  +0.0874  -0.1428  +0.1755  -0.0269  -0.1553
    t+4   | +0.0631  +0.0694  -0.1220  +0.1736  -0.0199  -0.1172
[12:45:37] # 1695 [bench] e2e= 1035.3ms  infer= 1032.2ms  cap=  3.0ms
    t+0   | +0.1959  +0.0483  -0.1423  +0.2962  -0.0353  +0.1460
    t+1   | +0.1965  +0.0796  -0.1669  +0.3036  -0.0121  +0.0786
    t+2   | +0.1851  +0.0783  -0.2310  +0.2933  -0.0244  +0.0816
    t+3   | +0.1334  +0.0839  -0.3106  +0.3366  -0.0134  +0.0648
    t+4   | +0.1392  +0.1277  -0.3471  +0.3531  +0.0470  +0.1417
[12:45:38] # 1696 [bench] e2e= 1038.5ms  infer= 1035.3ms  cap=  3.0ms
    t+0   | +0.1319  -0.0328  +0.0113  +0.2105  +0.1473  -0.3447
    t+1   | +0.0012  -0.0740  +0.0691  +0.1602  +0.2286  -0.4721
    t+2   | -0.0618  -0.0866  +0.0448  +0.1429  +0.1774  -0.5507
    t+3   | -0.0812  -0.0989  -0.0159  +0.1504  +0.0809  -0.6030
    t+4   | -0.1103  -0.0784  -0.1364  +0.1899  +0.0327  -0.6876
[12:45:39] # 1697 [bench] e2e= 1039.9ms  infer= 1036.6ms  cap=  3.2ms
    t+0   | +0.1680  +0.0368  -0.0774  +0.2810  +0.0013  +0.4406
    t+1   | +0.0927  +0.1141  -0.1359  +0.2926  -0.0474  +0.6995
    t+2   | +0.0662  +0.1724  -0.2191  +0.3001  -0.0456  +0.6867
    t+3   | +0.0468  +0.1650  -0.2604  +0.2971  -0.0611  +0.6463
    t+4   | -0.0572  +0.1687  -0.2218  +0.3035  -0.0304  +0.5754
[12:45:40] # 1698 [bench] e2e= 1039.0ms  infer= 1036.5ms  cap=  2.3ms
    t+0   | +0.0834  -0.0219  -0.1215  +0.2498  -0.0402  +0.0630
    t+1   | +0.0916  +0.0249  -0.1689  +0.2775  -0.0207  -0.0014
    t+2   | +0.0464  +0.1470  -0.2995  +0.2928  +0.0822  -0.0950
    t+3   | +0.0403  +0.1917  -0.3187  +0.3097  +0.0792  -0.1516
    t+4   | +0.0897  +0.1987  -0.3634  +0.2939  +0.0616  -0.1382
[12:45:41] # 1699 [bench] e2e= 1032.4ms  infer= 1030.2ms  cap=  2.0ms
    t+0   | +0.1347  -0.1090  -0.0848  +0.2430  -0.1329  -0.1648
    t+1   | +0.1033  -0.0636  -0.1213  +0.2303  -0.1286  -0.1262
    t+2   | +0.0273  -0.0425  -0.1589  +0.2171  -0.1439  -0.2223
    t+3   | +0.0154  -0.0441  -0.1201  +0.2267  -0.1396  -0.2928
    t+4   | +0.0478  -0.0842  -0.1083  +0.1726  -0.0902  -0.3010
[12:45:42] # 1700 [bench] e2e= 1031.9ms  infer= 1029.0ms  cap=  2.8ms
    t+0   | +0.0553  -0.1850  +0.1709  +0.0649  -0.0488  -0.7105
    t+1   | +0.0529  -0.0550  +0.0243  +0.1593  +0.0163  -0.5708
    t+2   | +0.0484  +0.0061  -0.0677  +0.2102  +0.0439  -0.3932
    t+3   | +0.0079  +0.0348  -0.1492  +0.2176  +0.0833  -0.5662
    t+4   | +0.0515  +0.0740  -0.1851  +0.2273  +0.0575  -0.6886
[12:45:43] # 1701 [bench] e2e= 1031.4ms  infer= 1028.1ms  cap=  3.2ms
    t+0   | +0.2355  +0.1139  -0.1709  +0.3185  -0.0831  +0.0367
    t+1   | +0.2005  +0.1160  -0.1476  +0.2839  -0.0904  +0.0066
    t+2   | +0.0978  +0.1163  -0.1460  +0.2306  -0.1372  -0.2016
    t+3   | -0.0203  +0.2015  -0.1911  +0.2429  -0.1595  -0.2106
    t+4   | -0.0019  +0.2096  -0.2007  +0.2727  -0.1646  -0.1597
[12:45:44] # 1702 [bench] e2e= 1037.9ms  infer= 1035.6ms  cap=  2.2ms
    t+0   | +0.1615  -0.1344  +0.0230  +0.2078  +0.1363  -0.3837
    t+1   | +0.1374  -0.1433  +0.0567  +0.2096  +0.1087  -0.2527
    t+2   | +0.1109  -0.1330  +0.0737  +0.1691  +0.0630  -0.2027
    t+3   | +0.1025  -0.1107  +0.0593  +0.1737  +0.0619  -0.2079
    t+4   | +0.0457  -0.0878  +0.0080  +0.1835  +0.0367  -0.2812
[12:45:45] # 1703 [bench] e2e= 1031.2ms  infer= 1028.4ms  cap=  2.7ms
    t+0   | -0.2274  -0.2675  +0.0118  +0.2077  -0.2842  -0.4159
    t+1   | -0.0708  -0.1391  -0.0863  +0.2796  -0.1070  -0.5126
    t+2   | -0.0848  -0.0889  -0.1145  +0.2847  -0.1011  -0.5385
    t+3   | -0.0557  -0.0807  -0.1055  +0.2340  -0.0919  -0.5076
    t+4   | -0.0409  -0.0906  -0.1132  +0.2197  -0.1001  -0.5017
[12:45:46] # 1704 [bench] e2e= 1029.1ms  infer= 1026.0ms  cap=  3.0ms
    t+0   | +0.1056  +0.0898  -0.1827  +0.3067  -0.0544  +0.0522
    t+1   | +0.0732  +0.0675  -0.1654  +0.2942  -0.0189  +0.0052
    t+2   | +0.0661  +0.0576  -0.1226  +0.2639  -0.0444  -0.0660
    t+3   | +0.0654  +0.0368  -0.1119  +0.2321  -0.0548  -0.0848
    t+4   | +0.1261  +0.0252  -0.1001  +0.2254  -0.0799  +0.0328
[12:45:47] # 1705 [bench] e2e= 1031.8ms  infer= 1028.5ms  cap=  3.2ms
    t+0   | +0.0625  -0.0884  +0.0002  +0.2519  +0.1257  -0.0762
    t+1   | +0.1261  +0.0341  -0.1339  +0.3303  +0.0990  -0.1177
    t+2   | +0.1667  +0.0501  -0.1673  +0.3234  +0.0645  -0.1915
    t+3   | +0.1742  +0.0084  -0.1197  +0.3195  +0.0669  -0.2875
    t+4   | +0.1006  -0.0181  -0.1383  +0.3166  -0.0093  -0.3177

  [live] after 1700 bench steps — e2e mean=1036.2ms  |  max replan freq=0.97 Hz  |  max control freq=4.83 Hz (n_action_steps=5)

[12:45:48] # 1706 [bench] e2e= 1033.3ms  infer= 1030.2ms  cap=  3.0ms
    t+0   | +0.0882  +0.0521  -0.1219  +0.2918  +0.1649  -0.0103
    t+1   | +0.0341  +0.1425  -0.1643  +0.3181  +0.2097  +0.0621
    t+2   | +0.0662  +0.1405  -0.1766  +0.3270  +0.1533  +0.0929
    t+3   | +0.0640  +0.1179  -0.1557  +0.3270  +0.1436  +0.0465
    t+4   | +0.0319  +0.1041  -0.1535  +0.2893  +0.1488  +0.0599
[12:45:49] # 1707 [bench] e2e= 1046.6ms  infer= 1043.8ms  cap=  2.7ms
    t+0   | +0.1763  -0.0097  -0.1364  +0.2568  +0.0109  -0.1337
    t+1   | +0.1416  -0.0035  -0.1930  +0.2780  -0.0214  -0.1425
    t+2   | +0.1313  +0.0349  -0.1982  +0.2716  -0.0458  -0.0649
    t+3   | +0.1360  +0.0304  -0.1647  +0.2652  -0.0187  -0.0821
    t+4   | +0.1101  +0.0096  -0.2007  +0.2804  -0.0346  -0.1091
[12:45:50] # 1708 [bench] e2e= 1036.6ms  infer= 1033.4ms  cap=  3.0ms
    t+0   | +0.0177  +0.0033  -0.0642  +0.1507  +0.0304  -0.6675
    t+1   | +0.0081  -0.1046  +0.0565  +0.1175  +0.0759  -0.6148
    t+2   | +0.0581  -0.0971  +0.0073  +0.1796  +0.0732  -0.3174
    t+3   | +0.0682  -0.0915  -0.0555  +0.1700  +0.0907  -0.1990
    t+4   | +0.0452  -0.1094  -0.0836  +0.1666  +0.0833  -0.3076
[12:45:51] # 1709 [bench] e2e= 1033.2ms  infer= 1030.4ms  cap=  2.7ms
    t+0   | +0.0860  -0.0083  -0.1149  +0.2143  +0.1961  -0.1974
    t+1   | +0.0733  +0.0049  -0.1475  +0.1952  +0.2165  -0.2188
    t+2   | +0.1097  +0.0618  -0.2352  +0.2336  +0.2270  -0.3374
    t+3   | +0.1243  +0.0443  -0.2824  +0.2258  +0.2186  -0.4261
    t+4   | +0.1048  +0.0029  -0.2574  +0.2290  +0.2095  -0.4544
[12:45:52] # 1710 [bench] e2e= 1032.3ms  infer= 1030.0ms  cap=  2.1ms
    t+0   | -0.0490  -0.2062  +0.2108  +0.0883  +0.0093  +0.0327
    t+1   | -0.0213  -0.1775  +0.1171  +0.1387  -0.0143  -0.0740
    t+2   | -0.0262  -0.2366  +0.0600  +0.1422  -0.0215  -0.1745
    t+3   | -0.0326  -0.2157  -0.0034  +0.1479  -0.0546  -0.1698
    t+4   | -0.0097  -0.1675  -0.0541  +0.1803  -0.0614  -0.0648
[12:45:53] # 1711 [bench] e2e= 1031.9ms  infer= 1029.0ms  cap=  2.7ms
    t+0   | +0.2026  -0.0515  -0.0306  +0.2235  +0.0533  +0.0855
    t+1   | +0.1885  -0.0625  -0.0219  +0.2444  +0.0654  -0.0085
    t+2   | +0.2002  -0.0683  -0.0788  +0.2210  +0.0465  +0.0029
    t+3   | +0.1801  -0.0019  -0.1144  +0.2129  -0.0347  +0.0028
    t+4   | +0.1372  +0.0362  -0.1650  +0.2268  -0.1352  +0.0204
[12:45:54] # 1712 [bench] e2e= 1034.9ms  infer= 1032.3ms  cap=  2.5ms
    t+0   | +0.1348  -0.0602  -0.0756  +0.2296  -0.1289  -0.0570
    t+1   | +0.0996  -0.0365  -0.0837  +0.2289  -0.0922  -0.0439
    t+2   | +0.0330  -0.0491  -0.0854  +0.2309  -0.0292  -0.0669
    t+3   | +0.0078  -0.0704  -0.1030  +0.2335  -0.0166  -0.0810
    t+4   | -0.0049  -0.0494  -0.1196  +0.2344  +0.0018  -0.1198
[12:45:55] # 1713 [bench] e2e= 1032.0ms  infer= 1029.5ms  cap=  2.4ms
    t+0   | +0.0405  +0.0293  -0.0813  +0.2185  +0.1434  -0.0195
    t+1   | -0.0162  +0.0570  -0.1235  +0.2021  +0.1071  +0.0645
    t+2   | +0.0226  +0.0461  -0.1412  +0.2152  +0.0770  +0.1720
    t+3   | +0.0155  +0.0409  -0.1035  +0.2258  +0.0802  +0.0567
    t+4   | +0.0239  +0.0727  -0.1281  +0.2553  +0.1354  -0.0206
[12:45:56] # 1714 [bench] e2e= 1029.6ms  infer= 1026.5ms  cap=  2.9ms
    t+0   | +0.1889  +0.1067  -0.1006  +0.2639  +0.0010  -0.0958
    t+1   | +0.1397  +0.0714  -0.0569  +0.2276  +0.0111  -0.1455
    t+2   | +0.0369  +0.0175  -0.0277  +0.1973  -0.0243  -0.2737
    t+3   | +0.0091  -0.0044  +0.0053  +0.1860  -0.0497  -0.2313
    t+4   | +0.0263  -0.0078  +0.0172  +0.1901  +0.0143  -0.1852
[12:45:57] # 1715 [bench] e2e= 1065.0ms  infer= 1062.1ms  cap=  2.7ms
    t+0   | -0.1057  -0.0367  -0.1247  +0.2094  +0.0033  +0.0370
    t+1   | -0.1711  -0.0421  -0.1360  +0.1934  +0.0294  -0.0834
    t+2   | -0.1256  -0.0213  -0.1226  +0.2236  +0.0427  -0.2042
    t+3   | -0.0520  -0.0269  -0.1506  +0.2514  +0.0216  -0.2088
    t+4   | -0.0189  +0.0039  -0.1514  +0.2558  +0.0260  -0.1976
[12:45:58] # 1716 [bench] e2e= 1024.8ms  infer= 1021.9ms  cap=  2.7ms
    t+0   | +0.2844  +0.1418  -0.1856  +0.3227  +0.0237  -0.0601
    t+1   | +0.3036  +0.1883  -0.2002  +0.3410  +0.0344  -0.0404
    t+2   | +0.3575  +0.2049  -0.2487  +0.3388  +0.0510  -0.0004
    t+3   | +0.3568  +0.1997  -0.2463  +0.3672  +0.1028  +0.0479
    t+4   | +0.2994  +0.2215  -0.2609  +0.3549  +0.1646  +0.0142
[12:45:59] # 1717 [bench] e2e= 1024.1ms  infer= 1021.1ms  cap=  2.8ms
    t+0   | -0.0334  -0.1318  -0.0708  +0.2015  -0.1072  -0.3022
    t+1   | +0.0071  -0.0994  -0.0840  +0.1869  -0.0953  -0.1665
    t+2   | +0.0189  -0.0296  -0.0746  +0.1983  -0.0342  -0.0283
    t+3   | +0.0056  -0.0037  -0.1059  +0.1705  +0.0464  -0.1599
    t+4   | +0.0582  -0.0060  -0.1778  +0.2181  +0.0637  -0.1407
[12:46:00] # 1718 [bench] e2e= 1025.9ms  infer= 1022.9ms  cap=  2.9ms
    t+0   | +0.1874  -0.0990  -0.0871  +0.2865  +0.0003  -0.1743
    t+1   | +0.1000  -0.1549  -0.0316  +0.2560  +0.0432  -0.2643
    t+2   | +0.0465  -0.1945  +0.0305  +0.1914  +0.0315  -0.1601
    t+3   | +0.0199  -0.1341  +0.0181  +0.1882  +0.0091  -0.1940
    t+4   | +0.0398  -0.1263  -0.0353  +0.1453  -0.0179  -0.2219
[12:46:02] # 1719 [bench] e2e= 1022.9ms  infer= 1019.4ms  cap=  3.3ms
    t+0   | +0.1410  -0.0803  +0.0301  +0.2163  +0.0318  -0.2737
    t+1   | +0.1423  -0.0940  +0.0401  +0.2253  +0.0166  -0.0845
    t+2   | +0.1547  -0.0841  -0.0156  +0.2257  +0.0590  +0.0632
    t+3   | +0.1009  -0.0156  -0.0387  +0.2509  +0.0532  +0.1501
    t+4   | +0.0429  -0.0051  -0.0370  +0.2251  +0.0173  +0.1296
[12:46:03] # 1720 [bench] e2e= 1030.2ms  infer= 1026.5ms  cap=  3.5ms
    t+0   | +0.0977  -0.0419  -0.0792  +0.2580  -0.1035  +0.2001
    t+1   | -0.0377  -0.0641  -0.1005  +0.2288  +0.0052  -0.0186
    t+2   | -0.0287  -0.0323  -0.1590  +0.2427  -0.0291  +0.0614
    t+3   | -0.0141  +0.0027  -0.1952  +0.2352  -0.0070  +0.0223
    t+4   | +0.1132  +0.0298  -0.2259  +0.2654  +0.0215  +0.1082
[12:46:04] # 1721 [bench] e2e= 1028.9ms  infer= 1025.4ms  cap=  3.4ms
    t+0   | +0.2281  +0.0952  -0.1995  +0.2757  -0.0584  +0.0529
    t+1   | +0.2319  +0.1603  -0.2842  +0.2626  -0.0473  +0.0310
    t+2   | +0.2350  +0.1701  -0.2543  +0.2963  -0.0076  +0.0560
    t+3   | +0.2623  +0.1632  -0.2171  +0.3571  +0.0364  +0.4974
    t+4   | +0.2741  +0.1684  -0.2559  +0.3410  +0.0316  +0.3229
[12:46:05] # 1722 [bench] e2e= 1024.1ms  infer= 1019.8ms  cap=  4.1ms
    t+0   | +0.1075  -0.0526  -0.0444  +0.2199  +0.0497  +0.2846
    t+1   | +0.0521  +0.0219  -0.0611  +0.1724  +0.0190  +0.2462
    t+2   | -0.0349  +0.0547  -0.0309  +0.1567  -0.0024  +0.1016
    t+3   | -0.0258  +0.0786  -0.0407  +0.1816  -0.0762  +0.1216
    t+4   | -0.0418  +0.1052  -0.0887  +0.2081  -0.2125  +0.1011
[12:46:06] # 1723 [bench] e2e= 1050.1ms  infer= 1045.6ms  cap=  4.4ms
    t+0   | +0.1857  +0.0690  -0.1394  +0.2406  -0.0986  +0.2172
    t+1   | +0.1307  +0.0498  -0.0960  +0.2186  +0.0091  +0.1030
    t+2   | +0.1137  +0.0414  -0.1440  +0.2243  -0.0101  +0.1093
    t+3   | +0.0694  +0.0680  -0.1667  +0.2553  -0.0659  +0.1745
    t+4   | +0.0405  +0.0737  -0.1967  +0.2624  -0.0920  +0.2981
[12:46:07] # 1724 [bench] e2e= 1034.1ms  infer= 1030.0ms  cap=  3.9ms
    t+0   | +0.2114  +0.1321  -0.1760  +0.2932  +0.0708  +0.0601
    t+1   | +0.2099  +0.0994  -0.1700  +0.2513  +0.1012  -0.0017
    t+2   | +0.2294  +0.1047  -0.1457  +0.2832  +0.2143  -0.0017
    t+3   | +0.2544  +0.0618  -0.1312  +0.2803  +0.1752  +0.0231
    t+4   | +0.3003  +0.0917  -0.1501  +0.3060  +0.2045  +0.0418
[12:46:08] # 1725 [bench] e2e= 1048.9ms  infer= 1045.6ms  cap=  3.1ms
    t+0   | +0.1852  +0.0713  -0.1365  +0.2739  +0.0004  +0.1617
    t+1   | +0.2239  +0.0934  -0.1594  +0.2680  +0.0514  +0.1392
    t+2   | +0.2242  +0.0884  -0.1497  +0.2737  +0.0630  +0.0874
    t+3   | +0.2049  +0.0710  -0.1611  +0.2649  +0.0835  +0.0855
    t+4   | +0.1866  +0.0653  -0.1512  +0.2439  +0.1259  +0.0496

  [live] after 1720 bench steps — e2e mean=1036.2ms  |  max replan freq=0.97 Hz  |  max control freq=4.83 Hz (n_action_steps=5)

[12:46:09] # 1726 [bench] e2e= 1033.3ms  infer= 1029.1ms  cap=  4.0ms
    t+0   | +0.2505  +0.2135  -0.3340  +0.3632  -0.0034  +0.0446
    t+1   | +0.2198  +0.1504  -0.2708  +0.3220  +0.0263  -0.0525
    t+2   | +0.2080  +0.1098  -0.2975  +0.3346  +0.0477  -0.0825
    t+3   | +0.1953  +0.0902  -0.3016  +0.3542  +0.0400  -0.1906
    t+4   | +0.1774  +0.0723  -0.2735  +0.3387  +0.0618  -0.2365
[12:46:10] # 1727 [bench] e2e= 1043.5ms  infer= 1040.1ms  cap=  3.1ms
    t+0   | -0.0714  -0.0804  -0.0909  +0.2127  -0.1444  +0.0934
    t+1   | -0.1669  -0.0450  -0.1421  +0.2133  -0.1233  +0.0003
    t+2   | -0.1059  -0.0506  -0.1470  +0.2206  -0.1129  +0.0940
    t+3   | -0.1403  -0.1389  -0.1070  +0.2095  -0.1057  -0.0366
    t+4   | -0.1998  -0.1307  -0.1188  +0.2303  -0.1058  -0.1514
[12:46:11] # 1728 [bench] e2e= 1036.7ms  infer= 1033.9ms  cap=  2.6ms
    t+0   | +0.0483  -0.1088  +0.0245  +0.1020  -0.1612  -0.3833
    t+1   | +0.0085  -0.0604  -0.0420  +0.1065  -0.1547  -0.5396
    t+2   | -0.0124  -0.0464  -0.0993  +0.1611  -0.1287  -0.5477
    t+3   | +0.0077  -0.0342  -0.1049  +0.1831  -0.1102  -0.6416
    t+4   | +0.0256  -0.0196  -0.1020  +0.1980  -0.1012  -0.6691
[12:46:12] # 1729 [bench] e2e= 1027.1ms  infer= 1023.7ms  cap=  3.2ms
    t+0   | +0.1360  +0.0627  -0.1291  +0.2345  -0.0837  +0.5793
    t+1   | +0.1381  +0.0393  -0.1202  +0.1898  -0.0529  +0.3596
    t+2   | +0.1331  +0.0753  -0.1149  +0.2058  -0.0532  +0.1898
    t+3   | +0.1369  +0.0969  -0.1125  +0.2525  -0.0305  +0.1220
    t+4   | +0.1535  +0.0892  -0.1418  +0.2372  -0.0278  +0.1854
[12:46:13] # 1730 [bench] e2e= 1029.6ms  infer= 1026.9ms  cap=  2.6ms
    t+0   | +0.1614  +0.0482  -0.0885  +0.2523  -0.0281  -0.0738
    t+1   | +0.1401  +0.0066  -0.0557  +0.2246  -0.0264  -0.0836
    t+2   | +0.1538  +0.0236  -0.0904  +0.2515  -0.0195  -0.0811
    t+3   | +0.1584  +0.0175  -0.1064  +0.2402  +0.0073  -0.1022
    t+4   | +0.1354  -0.0005  -0.0787  +0.2076  -0.0050  -0.1064
[12:46:14] # 1731 [bench] e2e= 1030.4ms  infer= 1027.6ms  cap=  2.6ms
    t+0   | +0.2084  -0.1123  +0.0442  +0.1612  -0.0673  -0.0099
    t+1   | +0.2067  -0.0687  +0.0044  +0.1583  +0.1160  +0.0227
    t+2   | +0.2234  -0.0267  -0.0474  +0.1923  +0.1700  +0.1808
    t+3   | +0.1981  +0.0179  -0.0358  +0.1874  +0.2228  +0.0701
    t+4   | +0.2281  +0.0558  -0.0792  +0.2155  +0.2320  +0.2026
[12:46:15] # 1732 [bench] e2e= 1035.8ms  infer= 1033.1ms  cap=  2.5ms
    t+0   | +0.1210  +0.0612  -0.1790  +0.2309  +0.0638  +0.0113
    t+1   | +0.1280  +0.0626  -0.1968  +0.2451  +0.1271  -0.0290
    t+2   | +0.1582  +0.0323  -0.1731  +0.2683  +0.1439  -0.1325
    t+3   | +0.1573  +0.0253  -0.1413  +0.2895  +0.1878  -0.1965
    t+4   | +0.1263  +0.0156  -0.1569  +0.2500  +0.1561  -0.1744
[12:46:16] # 1733 [bench] e2e= 1030.8ms  infer= 1027.7ms  cap=  3.0ms
    t+0   | +0.1858  -0.0649  -0.0618  +0.2400  -0.0361  -0.0428
    t+1   | +0.1142  -0.0124  -0.1584  +0.2636  -0.1240  +0.0518
    t+2   | +0.0382  +0.1302  -0.2929  +0.3514  -0.1657  +0.0849
    t+3   | +0.0291  +0.2078  -0.3919  +0.3735  -0.2374  +0.1584
    t+4   | +0.0467  +0.2243  -0.3894  +0.3683  -0.2494  +0.3414
[12:46:17] # 1734 [bench] e2e= 1028.6ms  infer= 1024.2ms  cap=  3.7ms
    t+0   | +0.1297  -0.0097  -0.2199  +0.2707  +0.0019  -0.4106
    t+1   | +0.0968  -0.0673  -0.1531  +0.2139  +0.0059  -0.3597
    t+2   | +0.0778  -0.1625  -0.0440  +0.0992  +0.0096  -0.1917
    t+3   | +0.0894  -0.1551  -0.0129  +0.1039  -0.0164  +0.0156
    t+4   | +0.0786  -0.1473  -0.0357  +0.0850  +0.0344  -0.1209

============================================================
  SmolVLA-base inference benchmark — final report
  model  : rlodhi/smolvla_screw_picking_5000
  device : cuda
  num_steps: 10
  task   : pick up the object and place it in the box
============================================================
  wall time      : 1800.8s
  warmup steps   : 5
  benchmark steps: 1729

  capture + preprocess:
    n      = 1729
    mean   = 2.76 ms
    median = 2.72 ms
    std    = 0.49 ms
    min    = 1.48 ms
    p90    = 3.38 ms
    p95    = 3.61 ms
    p99    = 4.08 ms
    max    = 6.09 ms

  batch construction:
    n      = 1729
    mean   = 0.17 ms
    median = 0.16 ms
    std    = 0.03 ms
    min    = 0.14 ms
    p90    = 0.18 ms
    p95    = 0.25 ms
    p99    = 0.26 ms
    max    = 0.70 ms

  model forward (select_action):
    n      = 1729
    mean   = 1033.23 ms
    median = 1028.56 ms
    std    = 13.26 ms
    min    = 1018.33 ms
    p90    = 1052.41 ms
    p95    = 1062.47 ms
    p99    = 1085.44 ms
    max    = 1102.75 ms

  end-to-end (capture → action):
    n      = 1729
    mean   = 1036.16 ms
    median = 1031.45 ms
    std    = 13.24 ms
    min    = 1020.83 ms
    p90    = 1055.42 ms
    p95    = 1065.43 ms
    p99    = 1087.82 ms
    max    = 1105.48 ms

  chunk_size     : 5
  n_action_steps : 5

  >> max replan frequency : 0.965 Hz  (1 / e2e latency)
  >> max control frequency: 4.825 Hz  (replan_hz × n_action_steps)
============================================================
