09-02-2026 14:17:49 RAM 1421/7620MB (lfb 8x4MB) SWAP 0/3810MB (cached 0MB) CPU [3%@1728,2%@1728,100%@1728,2%@1728,2%@729,2%@729] GR3D_FREQ 0% cpu@47.5C soc2@45.125C soc0@46.593C gpu@47.468C tj@47.5C soc1@46.156C VDD_IN 7451mW/7451mW VDD_CPU_GPU_CV 1560mW/1560mW VDD_SOC 3285mW/3285mW
09-02-2026 14:17:54 RAM 1474/7620MB (lfb 8x4MB) SWAP 0/3810MB (cached 0MB) CPU [1%@1728,1%@1728,100%@1728,1%@1728,1%@729,1%@729] GR3D_FREQ 0% cpu@47.5C soc2@45.312C soc0@46.75C gpu@47.562C tj@47.562C soc1@46.062C VDD_IN 7411mW/7431mW VDD_CPU_GPU_CV 1680mW/1620mW VDD_SOC 3285mW/3285mW
09-02-2026 14:17:59 RAM 2406/7620MB (lfb 3x4MB) SWAP 0/3810MB (cached 0MB) CPU [8%@1267,15%@1728,42%@1728,33%@1728,12%@729,20%@729] GR3D_FREQ 55% cpu@47.718C soc2@45.968C soc0@46.968C gpu@48.656C tj@48.656C soc1@46.468C VDD_IN 11222mW/8695mW VDD_CPU_GPU_CV 3628mW/2289mW VDD_SOC 4233mW/3601mW
09-02-2026 14:18:04 RAM 3729/7620MB (lfb 2x4MB) SWAP 1/3810MB (cached 0MB) CPU [4%@1728,24%@1728,14%@1728,30%@1728,29%@729,14%@729] GR3D_FREQ 99% cpu@49.593C soc2@47.406C soc0@48C gpu@51.593C tj@51.593C soc1@47.062C VDD_IN 20849mW/11733mW VDD_CPU_GPU_CV 8094mW/3741mW VDD_SOC 7360mW/4541mW
09-02-2026 14:18:09 RAM 3729/7620MB (lfb 2x4MB) SWAP 1/3810MB (cached 0MB) CPU [11%@1728,29%@1728,13%@1728,55%@1728,22%@1190,29%@1190] GR3D_FREQ 99% cpu@51.343C soc2@49.218C soc0@49.562C gpu@53.281C tj@53.281C soc1@48.75C VDD_IN 21683mW/13723mW VDD_CPU_GPU_CV 8513mW/4695mW VDD_SOC 7741mW/5181mW
09-02-2026 14:18:14 RAM 3743/7620MB (lfb 2x4MB) SWAP 1/3810MB (cached 0MB) CPU [4%@1728,46%@1728,1%@1728,54%@1728,20%@1420,31%@1420] GR3D_FREQ 99% cpu@53.093C soc2@50.593C soc0@51C gpu@54.656C tj@54.656C soc1@49.968C VDD_IN 22041mW/15110mW VDD_CPU_GPU_CV 8460mW/5323mW VDD_SOC 7977mW/5647mW
09-02-2026 14:18:19 RAM 3720/7620MB (lfb 2x4MB) SWAP 1/3810MB (cached 0MB) CPU [19%@1728,12%@1728,1%@1728,23%@1728,59%@1728,44%@1728] GR3D_FREQ 99% cpu@53.968C soc2@51.718C soc0@52.187C gpu@56.156C tj@56.156C soc1@51.312C VDD_IN 22277mW/16133mW VDD_CPU_GPU_CV 8851mW/5827mW VDD_SOC 7819mW/5957mW
09-02-2026 14:18:24 RAM 3732/7620MB (lfb 2x4MB) SWAP 1/3810MB (cached 0MB) CPU [13%@1728,20%@1728,37%@1728,14%@1728,34%@960,37%@960] GR3D_FREQ 99% cpu@55.093C soc2@52.656C soc0@53.406C gpu@57.218C tj@57.218C soc1@52.437C VDD_IN 21998mW/16867mW VDD_CPU_GPU_CV 8734mW/6190mW VDD_SOC 7702mW/6175mW
09-02-2026 14:18:29 RAM 3729/7620MB (lfb 2x4MB) SWAP 1/3810MB (cached 0MB) CPU [1%@1728,3%@1728,51%@1728,50%@1728,23%@1728,30%@1728] GR3D_FREQ 99% cpu@56.406C soc2@53.593C soc0@54.343C gpu@58.093C tj@58.093C soc1@53.531C VDD_IN 21683mW/17402mW VDD_CPU_GPU_CV 8460mW/6442mW VDD_SOC 7741mW/6349mW
09-02-2026 14:18:34 RAM 3750/7620MB (lfb 2x4MB) SWAP 1/3810MB (cached 0MB) CPU [19%@1728,8%@1728,28%@1728,47%@1728,30%@729,27%@729] GR3D_FREQ 99% cpu@56.906C soc2@54.656C soc0@55.281C gpu@59.25C tj@59.25C soc1@54.656C VDD_IN 22317mW/17893mW VDD_CPU_GPU_CV 8876mW/6686mW VDD_SOC 7767mW/6491mW
09-02-2026 14:18:39 RAM 3738/7620MB (lfb 1x4MB) SWAP 1/3810MB (cached 0MB) CPU [17%@1728,2%@1728,31%@1728,60%@1728,21%@729,31%@729] GR3D_FREQ 99% cpu@57.75C soc2@55.593C soc0@56.125C gpu@59.812C tj@59.812C soc1@55.468C VDD_IN 21726mW/18242mW VDD_CPU_GPU_CV 8499mW/6850mW VDD_SOC 7741mW/6605mW
09-02-2026 14:18:44 RAM 3731/7620MB (lfb 1x4MB) SWAP 1/3810MB (cached 0MB) CPU [55%@1728,7%@1728,10%@1728,41%@1728,34%@729,20%@729] GR3D_FREQ 99% cpu@58.5C soc2@56.375C soc0@56.937C gpu@60.75C tj@60.75C soc1@56.437C VDD_IN 22002mW/18555mW VDD_CPU_GPU_CV 8734mW/7007mW VDD_SOC 7741mW/6699mW
09-02-2026 14:18:49 RAM 3736/7620MB (lfb 2x4MB) SWAP 1/3810MB (cached 0MB) CPU [45%@1728,15%@1728,48%@1728,1%@1728,23%@729,30%@729] GR3D_FREQ 99% cpu@59.593C soc2@56.937C soc0@57.718C gpu@61.406C tj@61.406C soc1@57.031C VDD_IN 21446mW/18777mW VDD_CPU_GPU_CV 8264mW/7104mW VDD_SOC 7662mW/6773mW
09-02-2026 14:18:54 RAM 3733/7620MB (lfb 2x4MB) SWAP 1/3810MB (cached 0MB) CPU [10%@1728,4%@1728,55%@1728,42%@1728,23%@729,30%@729] GR3D_FREQ 99% cpu@60.093C soc2@57.656C soc0@58.375C gpu@62.062C tj@62.062C soc1@57.843C VDD_IN 22002mW/19008mW VDD_CPU_GPU_CV 8773mW/7223mW VDD_SOC 7702mW/6840mW
09-02-2026 14:18:59 RAM 3737/7620MB (lfb 2x4MB) SWAP 1/3810MB (cached 0MB) CPU [2%@1728,2%@1728,62%@1728,38%@1728,22%@1574,29%@1574] GR3D_FREQ 72% cpu@60.812C soc2@58.406C soc0@59.093C gpu@62.468C tj@62.468C soc1@58.375C VDD_IN 21923mW/19202mW VDD_CPU_GPU_CV 8577mW/7314mW VDD_SOC 7780mW/6902mW
09-02-2026 14:19:04 RAM 3829/7620MB (lfb 1x4MB) SWAP 1/3810MB (cached 0MB) CPU [23%@1728,17%@1728,49%@1728,36%@1728,42%@729,27%@729] GR3D_FREQ 99% cpu@61.281C soc2@59.125C soc0@59.531C gpu@63.468C tj@63.468C soc1@59.093C VDD_IN 22120mW/19384mW VDD_CPU_GPU_CV 8734mW/7402mW VDD_SOC 7741mW/6955mW
09-02-2026 14:19:09 RAM 3850/7620MB (lfb 1x4MB) SWAP 1/3810MB (cached 0MB) CPU [14%@1728,35%@1728,14%@1728,50%@1728,22%@1574,31%@1574] GR3D_FREQ 99% cpu@61.812C soc2@59.593C soc0@60.343C gpu@63.875C tj@63.875C soc1@59.875C VDD_IN 22395mW/19562mW VDD_CPU_GPU_CV 8656mW/7476mW VDD_SOC 7937mW/7013mW
09-02-2026 14:19:14 RAM 3797/7620MB (lfb 1x4MB) SWAP 1/3810MB (cached 0MB) CPU [18%@1728,25%@1728,23%@1728,33%@1728,37%@1728,32%@1728] GR3D_FREQ 99% cpu@62.781C soc2@60.156C soc0@60.687C gpu@64.312C tj@64.312C soc1@60C VDD_IN 22435mW/19721mW VDD_CPU_GPU_CV 8720mW/7545mW VDD_SOC 7964mW/7065mW
09-02-2026 14:19:19 RAM 3781/7620MB (lfb 1x4MB) SWAP 1/3810MB (cached 0MB) CPU [22%@1728,25%@1728,9%@1728,20%@1728,34%@1651,58%@1651] GR3D_FREQ 99% cpu@62.968C soc2@60.781C soc0@61.218C gpu@64.593C tj@64.593C soc1@60.687C VDD_IN 22632mW/19874mW VDD_CPU_GPU_CV 8759mW/7609mW VDD_SOC 8042mW/7117mW
09-02-2026 14:19:24 RAM 3797/7620MB (lfb 1x4MB) SWAP 1/3810MB (cached 0MB) CPU [25%@1728,15%@1728,13%@1728,43%@1728,25%@729,44%@729] GR3D_FREQ 99% cpu@63.468C soc2@61.218C soc0@61.562C gpu@65.156C tj@65.156C soc1@60.875C VDD_IN 22277mW/19995mW VDD_CPU_GPU_CV 8681mW/7663mW VDD_SOC 7924mW/7157mW
09-02-2026 14:19:29 RAM 3795/7620MB (lfb 1x4MB) SWAP 1/3810MB (cached 0MB) CPU [25%@1728,8%@1728,24%@1728,38%@1728,25%@883,42%@883] GR3D_FREQ 99% cpu@63.75C soc2@61.468C soc0@62C gpu@65.781C tj@65.781C soc1@61.312C VDD_IN 22238mW/20101mW VDD_CPU_GPU_CV 8759mW/7715mW VDD_SOC 7807mW/7188mW
09-02-2026 14:19:34 RAM 3790/7620MB (lfb 1x4MB) SWAP 1/3810MB (cached 0MB) CPU [6%@1728,35%@1728,33%@1728,21%@1728,36%@729,28%@729] GR3D_FREQ 99% cpu@64.218C soc2@61.843C soc0@62.312C gpu@65.812C tj@65.812C soc1@61.562C VDD_IN 22041mW/20190mW VDD_CPU_GPU_CV 8485mW/7750mW VDD_SOC 7885mW/7220mW
09-02-2026 14:19:39 RAM 3793/7620MB (lfb 1x4MB) SWAP 1/3810MB (cached 0MB) CPU [4%@1728,51%@1728,55%@1728,1%@1728,19%@729,32%@729] GR3D_FREQ 99% cpu@64.562C soc2@62.156C soc0@62.687C gpu@66.312C tj@66.312C soc1@61.968C VDD_IN 22238mW/20279mW VDD_CPU_GPU_CV 8798mW/7795mW VDD_SOC 7807mW/7245mW
09-02-2026 14:19:44 RAM 3823/7620MB (lfb 1x4MB) SWAP 1/3810MB (cached 0MB) CPU [4%@1728,54%@1728,52%@1728,2%@1728,25%@960,27%@960] GR3D_FREQ 99% cpu@64.843C soc2@62.531C soc0@62.968C gpu@66.562C tj@66.562C soc1@62.218C VDD_IN 21923mW/20347mW VDD_CPU_GPU_CV 8485mW/7824mW VDD_SOC 7885mW/7272mW
09-02-2026 14:19:50 RAM 3793/7620MB (lfb 1x4MB) SWAP 1/3810MB (cached 0MB) CPU [1%@1728,50%@1728,61%@1728,2%@1728,23%@1497,30%@1497] GR3D_FREQ 99% cpu@65.093C soc2@62.656C soc0@63.218C gpu@66.968C tj@66.968C soc1@62.531C VDD_IN 22317mW/20426mW VDD_CPU_GPU_CV 8798mW/7863mW VDD_SOC 7846mW/7295mW
09-02-2026 14:19:55 RAM 3791/7620MB (lfb 1x4MB) SWAP 1/3810MB (cached 0MB) CPU [3%@1728,57%@1728,54%@1728,2%@1728,19%@729,32%@729] GR3D_FREQ 99% cpu@65.062C soc2@63.062C soc0@63.562C gpu@66.718C tj@66.718C soc1@62.812C VDD_IN 22320mW/20499mW VDD_CPU_GPU_CV 8485mW/7887mW VDD_SOC 8081mW/7325mW
09-02-2026 14:20:00 RAM 3808/7620MB (lfb 1x4MB) SWAP 1/3810MB (cached 0MB) CPU [2%@1728,55%@1728,53%@1728,1%@1728,21%@1497,31%@1497] GR3D_FREQ 94% cpu@65.531C soc2@63.343C soc0@63.656C gpu@67.093C tj@67.093C soc1@63C VDD_IN 21962mW/20553mW VDD_CPU_GPU_CV 8641mW/7915mW VDD_SOC 7807mW/7343mW
09-02-2026 14:20:05 RAM 3815/7620MB (lfb 1x4MB) SWAP 1/3810MB (cached 0MB) CPU [4%@1728,48%@1728,50%@1728,1%@1728,21%@883,28%@883] GR3D_FREQ 99% cpu@65.812C soc2@63.468C soc0@63.906C gpu@67.531C tj@67.531C soc1@63.218C VDD_IN 22320mW/20616mW VDD_CPU_GPU_CV 8720mW/7944mW VDD_SOC 7964mW/7365mW
09-02-2026 14:20:10 RAM 3795/7620MB (lfb 1x4MB) SWAP 1/3810MB (cached 0MB) CPU [4%@1728,47%@1728,53%@1728,1%@1728,21%@1574,32%@1574] GR3D_FREQ 76% cpu@65.968C soc2@63.625C soc0@64.062C gpu@67.656C tj@67.5C soc1@63.218C VDD_IN 22002mW/20664mW VDD_CPU_GPU_CV 8563mW/7965mW VDD_SOC 7846mW/7382mW
09-02-2026 14:20:15 RAM 3808/7620MB (lfb 1x4MB) SWAP 1/3810MB (cached 0MB) CPU [13%@1420,34%@1420,15%@1420,9%@1420,35%@1651,53%@1651] GR3D_FREQ 99% cpu@66C soc2@63.781C soc0@64.25C gpu@67.875C tj@67.875C soc1@63.562C VDD_IN 21805mW/20702mW VDD_CPU_GPU_CV 8329mW/7977mW VDD_SOC 7846mW/7397mW
09-02-2026 14:20:20 RAM 3802/7620MB (lfb 1x4MB) SWAP 1/3810MB (cached 0MB) CPU [9%@1728,18%@1728,3%@1728,24%@1728,50%@1728,59%@1728] GR3D_FREQ 99% cpu@66.031C soc2@63.937C soc0@64.468C gpu@68.156C tj@68.156C soc1@63.625C VDD_IN 22516mW/20760mW VDD_CPU_GPU_CV 8954mW/8009mW VDD_SOC 7833mW/7411mW
09-02-2026 14:20:25 RAM 3797/7620MB (lfb 1x4MB) SWAP 1/3810MB (cached 0MB) CPU [11%@1728,6%@1728,17%@1728,20%@1728,42%@1728,64%@1728] GR3D_FREQ 99% cpu@66.187C soc2@64.093C soc0@64.593C gpu@68.093C tj@68.093C soc1@63.906C VDD_IN 22045mW/20801mW VDD_CPU_GPU_CV 8563mW/8026mW VDD_SOC 7885mW/7426mW
09-02-2026 14:20:30 RAM 3811/7620MB (lfb 1x4MB) SWAP 1/3810MB (cached 0MB) CPU [2%@1344,4%@1344,24%@1344,22%@1344,48%@1728,64%@1728] GR3D_FREQ 99% cpu@66.687C soc2@64.406C soc0@64.75C gpu@68.062C tj@68.062C soc1@63.937C VDD_IN 22516mW/20853mW VDD_CPU_GPU_CV 8720mW/8047mW VDD_SOC 8029mW/7444mW
09-02-2026 14:20:35 RAM 3803/7620MB (lfb 1x4MB) SWAP 1/3810MB (cached 0MB) CPU [9%@1728,11%@1728,27%@1728,25%@1728,48%@806,49%@806] GR3D_FREQ 99% cpu@66.531C soc2@64.562C soc0@65C gpu@68.843C tj@68.843C soc1@64.218C VDD_IN 22791mW/20910mW VDD_CPU_GPU_CV 9057mW/8077mW VDD_SOC 7951mW/7459mW
09-02-2026 14:20:40 RAM 3809/7620MB (lfb 1x4MB) SWAP 1/3810MB (cached 0MB) CPU [11%@1574,45%@1497,15%@1497,13%@1497,28%@1728,47%@1728] GR3D_FREQ 99% cpu@66.906C soc2@64.75C soc0@65.281C gpu@68.875C tj@68.687C soc1@64.25C VDD_IN 22555mW/20957mW VDD_CPU_GPU_CV 8901mW/8100mW VDD_SOC 7911mW/7472mW
09-02-2026 14:20:45 RAM 3796/7620MB (lfb 1x4MB) SWAP 1/3810MB (cached 0MB) CPU [9%@1728,24%@1728,24%@1728,1%@1728,45%@1728,58%@1728] GR3D_FREQ 99% cpu@66.875C soc2@64.75C soc0@65.312C gpu@69.125C tj@69.125C soc1@64.437C VDD_IN 22359mW/20995mW VDD_CPU_GPU_CV 8681mW/8116mW VDD_SOC 7924mW/7485mW
09-02-2026 14:20:50 RAM 3791/7620MB (lfb 1x4MB) SWAP 1/3810MB (cached 0MB) CPU [18%@1728,23%@1728,24%@1728,4%@1728,41%@1728,49%@1728] GR3D_FREQ 61% cpu@67.062C soc2@64.968C soc0@65.437C gpu@69C tj@69C soc1@64.5C VDD_IN 22634mW/21040mW VDD_CPU_GPU_CV 8705mW/8132mW VDD_SOC 8107mW/7502mW
09-02-2026 14:20:55 RAM 3822/7620MB (lfb 1x4MB) SWAP 1/3810MB (cached 0MB) CPU [15%@1113,21%@1113,42%@1113,11%@1113,21%@1728,51%@1728] GR3D_FREQ 85% cpu@67.406C soc2@65C soc0@65.5C gpu@69.031C tj@69.031C soc1@64.718C VDD_IN 22595mW/21081mW VDD_CPU_GPU_CV 8744mW/8148mW VDD_SOC 8107mW/7518mW
09-02-2026 14:21:00 RAM 3799/7620MB (lfb 1x4MB) SWAP 1/3810MB (cached 0MB) CPU [16%@729,10%@729,49%@729,7%@729,43%@1728,41%@1728] GR3D_FREQ 99% cpu@67.531C soc2@65.25C soc0@65.562C gpu@68.718C tj@68.718C soc1@64.625C VDD_IN 22555mW/21119mW VDD_CPU_GPU_CV 8627mW/8161mW VDD_SOC 8146mW/7534mW
09-02-2026 14:21:05 RAM 3801/7620MB (lfb 1x4MB) SWAP 1/3810MB (cached 0MB) CPU [17%@1574,8%@1574,11%@1574,13%@1574,55%@1728,49%@1728] GR3D_FREQ 95% cpu@67C soc2@65.125C soc0@65.625C gpu@69.187C tj@69.187C soc1@64.781C VDD_IN 22045mW/21142mW VDD_CPU_GPU_CV 8602mW/8172mW VDD_SOC 7885mW/7542mW
09-02-2026 14:21:10 RAM 3794/7620MB (lfb 1x4MB) SWAP 1/3810MB (cached 0MB) CPU [22%@729,12%@729,8%@729,11%@729,42%@1728,60%@1728] GR3D_FREQ 72% cpu@67.218C soc2@65.25C soc0@65.687C gpu@68.687C tj@68.687C soc1@64.718C VDD_IN 22359mW/21171mW VDD_CPU_GPU_CV 8524mW/8180mW VDD_SOC 8081mW/7556mW
09-02-2026 14:21:15 RAM 3805/7620MB (lfb 1x4MB) SWAP 1/3810MB (cached 0MB) CPU [14%@1574,10%@1574,15%@1574,15%@1574,53%@1728,57%@1728] GR3D_FREQ 99% cpu@67.593C soc2@65.281C soc0@65.656C gpu@69.562C tj@69.562C soc1@64.843C VDD_IN 22398mW/21201mW VDD_CPU_GPU_CV 8862mW/8197mW VDD_SOC 7924mW/7564mW
09-02-2026 14:21:20 RAM 3800/7620MB (lfb 1x4MB) SWAP 1/3810MB (cached 0MB) CPU [18%@1728,19%@1728,36%@1728,3%@1728,32%@1728,56%@1728] GR3D_FREQ 99% cpu@67.312C soc2@65.375C soc0@65.812C gpu@69.437C tj@69.437C soc1@64.843C VDD_IN 21884mW/21216mW VDD_CPU_GPU_CV 8563mW/8205mW VDD_SOC 7846mW/7571mW
09-02-2026 14:21:25 RAM 3799/7620MB (lfb 1x4MB) SWAP 1/3810MB (cached 0MB) CPU [16%@1728,24%@1728,12%@1728,2%@1728,44%@1728,63%@1728] GR3D_FREQ 99% cpu@67.437C soc2@65.375C soc0@65.75C gpu@69.531C tj@69.531C soc1@64.937C VDD_IN 22359mW/21242mW VDD_CPU_GPU_CV 8837mW/8219mW VDD_SOC 7807mW/7576mW
09-02-2026 14:21:30 RAM 3804/7620MB (lfb 1x4MB) SWAP 1/3810MB (cached 0MB) CPU [25%@729,26%@729,1%@729,1%@729,36%@1728,71%@1728] GR3D_FREQ 99% cpu@67.406C soc2@65.375C soc0@65.843C gpu@69.531C tj@69.531C soc1@64.937C VDD_IN 22320mW/21266mW VDD_CPU_GPU_CV 8705mW/8230mW VDD_SOC 7964mW/7585mW
09-02-2026 14:21:35 RAM 3797/7620MB (lfb 1x4MB) SWAP 1/3810MB (cached 0MB) CPU [16%@729,10%@729,21%@729,21%@729,52%@1728,56%@1728] GR3D_FREQ 99% cpu@67.875C soc2@65.437C soc0@65.968C gpu@69.281C tj@69.281C soc1@65C VDD_IN 22634mW/21296mW VDD_CPU_GPU_CV 8940mW/8246mW VDD_SOC 7990mW/7594mW
09-02-2026 14:21:40 RAM 3794/7620MB (lfb 1x4MB) SWAP 1/3810MB (cached 0MB) CPU [6%@1728,7%@1728,17%@1728,21%@1728,67%@1728,49%@1728] GR3D_FREQ 99% cpu@67.531C soc2@65.468C soc0@66C gpu@69.562C tj@69.562C soc1@65.062C VDD_IN 22950mW/21331mW VDD_CPU_GPU_CV 8940mW/8260mW VDD_SOC 8029mW/7603mW
09-02-2026 14:21:45 RAM 3805/7620MB (lfb 1x4MB) SWAP 1/3810MB (cached 0MB) CPU [15%@1728,10%@1728,18%@1728,27%@1728,63%@806,28%@806] GR3D_FREQ 99% cpu@67.937C soc2@65.781C soc0@66.031C gpu@69.75C tj@69.75C soc1@65.187C VDD_IN 22791mW/21362mW VDD_CPU_GPU_CV 8901mW/8274mW VDD_SOC 8068mW/7613mW
09-02-2026 14:21:50 RAM 3803/7620MB (lfb 1x4MB) SWAP 1/3810MB (cached 0MB) CPU [2%@1728,17%@1728,43%@1728,56%@1728,21%@729,29%@729] GR3D_FREQ 99% cpu@67.718C soc2@65.781C soc0@66.125C gpu@69.531C tj@69.531C soc1@65.312C VDD_IN 22477mW/21384mW VDD_CPU_GPU_CV 8666mW/8282mW VDD_SOC 8068mW/7622mW
09-02-2026 14:21:55 RAM 3812/7620MB (lfb 2x4MB) SWAP 1/3810MB (cached 0MB) CPU [1%@1728,0%@1728,57%@1728,50%@1728,19%@1497,34%@1497] GR3D_FREQ 75% cpu@67.75C soc2@65.718C soc0@66.062C gpu@69.531C tj@69.531C soc1@65.218C VDD_IN 21966mW/21396mW VDD_CPU_GPU_CV 8524mW/8287mW VDD_SOC 7885mW/7627mW
09-02-2026 14:22:00 RAM 3802/7620MB (lfb 2x4MB) SWAP 1/3810MB (cached 0MB) CPU [1%@1728,1%@1728,59%@1728,53%@1728,20%@729,32%@729] GR3D_FREQ 99% cpu@67.843C soc2@65.625C soc0@66.156C gpu@69.718C tj@69.906C soc1@65.281C VDD_IN 22359mW/21415mW VDD_CPU_GPU_CV 8862mW/8298mW VDD_SOC 7833mW/7631mW
09-02-2026 14:22:05 RAM 3791/7620MB (lfb 2x4MB) SWAP 1/3810MB (cached 0MB) CPU [3%@1728,1%@1728,57%@1728,56%@1728,22%@1190,30%@1190] GR3D_FREQ 99% cpu@67.656C soc2@65.687C soc0@66.062C gpu@69.656C tj@69.656C soc1@65.187C VDD_IN 21887mW/21424mW VDD_CPU_GPU_CV 8485mW/8302mW VDD_SOC 7846mW/7635mW
09-02-2026 14:22:10 RAM 3800/7620MB (lfb 2x4MB) SWAP 1/3810MB (cached 0MB) CPU [3%@1728,2%@1728,53%@1728,53%@1728,28%@883,24%@883] GR3D_FREQ 99% cpu@67.812C soc2@65.687C soc0@66.125C gpu@69.718C tj@69.718C soc1@65.375C VDD_IN 22202mW/21439mW VDD_CPU_GPU_CV 8784mW/8311mW VDD_SOC 7846mW/7639mW
09-02-2026 14:22:15 RAM 3792/7620MB (lfb 2x4MB) SWAP 1/3810MB (cached 0MB) CPU [3%@1728,4%@1728,50%@1728,53%@1728,29%@729,19%@729] GR3D_FREQ 75% cpu@68.062C soc2@65.812C soc0@66.281C gpu@69.531C tj@69.531C soc1@65.25C VDD_IN 22084mW/21451mW VDD_CPU_GPU_CV 8368mW/8312mW VDD_SOC 8042mW/7647mW
09-02-2026 14:22:20 RAM 3821/7620MB (lfb 2x4MB) SWAP 1/3810MB (cached 0MB) CPU [4%@1728,20%@1728,54%@1728,38%@1728,23%@1497,28%@1497] GR3D_FREQ 70% cpu@67.812C soc2@65.718C soc0@66.125C gpu@69.781C tj@69.781C soc1@65.312C VDD_IN 21887mW/21459mW VDD_CPU_GPU_CV 8563mW/8316mW VDD_SOC 7846mW/7650mW
09-02-2026 14:22:25 RAM 3810/7620MB (lfb 2x4MB) SWAP 1/3810MB (cached 0MB) CPU [2%@1728,52%@1728,55%@1728,3%@1728,23%@729,29%@729] GR3D_FREQ 99% cpu@67.937C soc2@65.812C soc0@66.187C gpu@69.781C tj@69.781C soc1@65.312C VDD_IN 22359mW/21475mW VDD_CPU_GPU_CV 8862mW/8326mW VDD_SOC 7833mW/7654mW
09-02-2026 14:22:30 RAM 3794/7620MB (lfb 2x4MB) SWAP 1/3810MB (cached 0MB) CPU [9%@1728,50%@1728,51%@1728,1%@1728,29%@729,22%@729] GR3D_FREQ 99% cpu@67.968C soc2@65.718C soc0@66.156C gpu@69.718C tj@69.718C soc1@65.406C VDD_IN 22005mW/21484mW VDD_CPU_GPU_CV 8524mW/8329mW VDD_SOC 7846mW/7657mW
09-02-2026 14:22:35 RAM 3814/7620MB (lfb 2x4MB) SWAP 1/3810MB (cached 0MB) CPU [4%@1728,51%@1728,53%@1728,1%@1728,22%@729,29%@729] GR3D_FREQ 99% cpu@68.093C soc2@65.781C soc0@66.281C gpu@70.156C tj@70.156C soc1@65.312C VDD_IN 22359mW/21499mW VDD_CPU_GPU_CV 8823mW/8338mW VDD_SOC 7833mW/7660mW
09-02-2026 14:22:40 RAM 3805/7620MB (lfb 1x4MB) SWAP 1/3810MB (cached 0MB) CPU [11%@1728,27%@1728,57%@1728,16%@1728,23%@883,28%@883] GR3D_FREQ 70% cpu@67.781C soc2@65.812C soc0@66.187C gpu@69.718C tj@69.718C soc1@65.406C VDD_IN 21769mW/21504mW VDD_CPU_GPU_CV 8368mW/8338mW VDD_SOC 7885mW/7664mW
09-02-2026 14:22:45 RAM 3799/7620MB (lfb 1x4MB) SWAP 1/3810MB (cached 0MB) CPU [13%@1728,25%@1728,4%@1728,61%@1728,31%@1036,23%@1036] GR3D_FREQ 99% cpu@67.562C soc2@65.875C soc0@66.343C gpu@69.906C tj@69.906C soc1@65.406C VDD_IN 22202mW/21515mW VDD_CPU_GPU_CV 8720mW/8345mW VDD_SOC 7833mW/7667mW
09-02-2026 14:22:50 RAM 3811/7620MB (lfb 1x4MB) SWAP 1/3810MB (cached 0MB) CPU [32%@1190,32%@1190,47%@1190,2%@1190,21%@1728,31%@1728] GR3D_FREQ 99% cpu@67.75C soc2@65.968C soc0@66.218C gpu@69.406C tj@69.406C soc1@65.312C VDD_IN 22280mW/21528mW VDD_CPU_GPU_CV 8485mW/8347mW VDD_SOC 8068mW/7673mW
09-02-2026 14:22:55 RAM 3810/7620MB (lfb 1x4MB) SWAP 1/3810MB (cached 0MB) CPU [12%@1728,23%@1728,8%@1728,48%@1728,30%@1728,48%@1728] GR3D_FREQ 99% cpu@68.125C soc2@65.937C soc0@66.218C gpu@69.781C tj@69.781C soc1@65.5C VDD_IN 22793mW/21548mW VDD_CPU_GPU_CV 8705mW/8353mW VDD_SOC 8225mW/7682mW
09-02-2026 14:23:00 RAM 3811/7620MB (lfb 1x4MB) SWAP 1/3810MB (cached 0MB) CPU [10%@1728,48%@1728,11%@1728,18%@1728,27%@729,43%@729] GR3D_FREQ 99% cpu@68.093C soc2@66.031C soc0@66.218C gpu@69.843C tj@69.843C soc1@65.406C VDD_IN 22872mW/21569mW VDD_CPU_GPU_CV 8823mW/8360mW VDD_SOC 8225mW/7691mW
09-02-2026 14:23:05 RAM 3830/7620MB (lfb 1x4MB) SWAP 1/3810MB (cached 0MB) CPU [18%@1728,26%@1728,23%@1728,24%@1728,28%@1574,44%@1574] GR3D_FREQ 99% cpu@68.062C soc2@65.968C soc0@66.375C gpu@69.937C tj@69.937C soc1@65.562C VDD_IN 22793mW/21588mW VDD_CPU_GPU_CV 8940mW/8369mW VDD_SOC 8107mW/7697mW
09-02-2026 14:23:10 RAM 3802/7620MB (lfb 1x4MB) SWAP 1/3810MB (cached 0MB) CPU [15%@1728,22%@1728,11%@1728,26%@1728,26%@1728,67%@1728] GR3D_FREQ 99% cpu@68.093C soc2@66.062C soc0@66.312C gpu@70.187C tj@70.187C soc1@65.5C VDD_IN 22673mW/21605mW VDD_CPU_GPU_CV 9018mW/8379mW VDD_SOC 7951mW/7701mW
09-02-2026 14:23:15 RAM 3816/7620MB (lfb 1x4MB) SWAP 1/3810MB (cached 0MB) CPU [11%@1728,16%@1728,44%@1728,5%@1728,32%@1574,53%@1574] GR3D_FREQ 99% cpu@68.093C soc2@66C soc0@66.375C gpu@70.187C tj@70.187C soc1@65.656C VDD_IN 22830mW/21624mW VDD_CPU_GPU_CV 9057mW/8390mW VDD_SOC 8029mW/7706mW
09-02-2026 14:23:20 RAM 3808/7620MB (lfb 1x4MB) SWAP 1/3810MB (cached 0MB) CPU [22%@729,13%@729,24%@729,19%@729,36%@1728,52%@1728] GR3D_FREQ 99% cpu@68.093C soc2@66C soc0@66.437C gpu@70.062C tj@70.062C soc1@65.562C VDD_IN 22634mW/21639mW VDD_CPU_GPU_CV 8901mW/8397mW VDD_SOC 8029mW/7711mW
09-02-2026 14:23:25 RAM 3799/7620MB (lfb 1x4MB) SWAP 1/3810MB (cached 0MB) CPU [22%@1728,4%@1728,18%@1728,17%@1728,34%@1036,61%@1036] GR3D_FREQ 99% cpu@68C soc2@66.062C soc0@66.437C gpu@70.25C tj@70.25C soc1@65.656C VDD_IN 22438mW/21650mW VDD_CPU_GPU_CV 8705mW/8402mW VDD_SOC 8068mW/7716mW
09-02-2026 14:23:30 RAM 3877/7620MB (lfb 2x4MB) SWAP 1/3810MB (cached 0MB) CPU [41%@1728,4%@1728,4%@1728,54%@1728,22%@729,45%@729] GR3D_FREQ 99% cpu@68.156C soc2@66.125C soc0@66.562C gpu@70.312C tj@70.312C soc1@65.656C VDD_IN 22754mW/21666mW VDD_CPU_GPU_CV 9096mW/8412mW VDD_SOC 7990mW/7720mW
09-02-2026 14:23:35 RAM 3990/7620MB (lfb 1x4MB) SWAP 1/3810MB (cached 0MB) CPU [12%@1728,15%@1728,5%@1728,57%@1728,24%@1728,52%@1728] GR3D_FREQ 99% cpu@68.312C soc2@66.125C soc0@66.562C gpu@70.25C tj@70.25C soc1@65.718C VDD_IN 22911mW/21684mW VDD_CPU_GPU_CV 9057mW/8421mW VDD_SOC 8068mW/7725mW
09-02-2026 14:23:40 RAM 3989/7620MB (lfb 3x4MB) SWAP 1/3810MB (cached 0MB) CPU [4%@1728,25%@1728,3%@1728,48%@1728,34%@1190,50%@1190] GR3D_FREQ 99% cpu@68C soc2@66.218C soc0@66.718C gpu@70.406C tj@70.406C soc1@65.687C VDD_IN 22477mW/21695mW VDD_CPU_GPU_CV 8823mW/8427mW VDD_SOC 7911mW/7728mW
09-02-2026 14:23:45 RAM 3982/7620MB (lfb 3x4MB) SWAP 1/3810MB (cached 0MB) CPU [15%@1728,19%@1728,21%@1728,27%@1728,38%@1728,38%@1728] GR3D_FREQ 99% cpu@68.406C soc2@66.187C soc0@66.625C gpu@70.406C tj@70.406C soc1@65.718C VDD_IN 22713mW/21710mW VDD_CPU_GPU_CV 8940mW/8434mW VDD_SOC 8029mW/7732mW
09-02-2026 14:23:50 RAM 3979/7620MB (lfb 3x4MB) SWAP 1/3810MB (cached 0MB) CPU [25%@729,12%@729,48%@729,1%@729,46%@1728,33%@1728] GR3D_FREQ 99% cpu@68.062C soc2@66.25C soc0@66.718C gpu@70.187C tj@70.187C soc1@65.718C VDD_IN 22398mW/21719mW VDD_CPU_GPU_CV 8705mW/8438mW VDD_SOC 7990mW/7735mW
09-02-2026 14:23:55 RAM 3981/7620MB (lfb 3x4MB) SWAP 1/3810MB (cached 0MB) CPU [35%@1728,28%@1728,32%@1728,1%@1728,22%@729,42%@729] GR3D_FREQ 99% cpu@68.625C soc2@66.406C soc0@66.593C gpu@70.343C tj@70.343C soc1@65.718C VDD_IN 22833mW/21734mW VDD_CPU_GPU_CV 8744mW/8442mW VDD_SOC 8264mW/7743mW
09-02-2026 14:24:00 RAM 3985/7620MB (lfb 3x4MB) SWAP 1/3810MB (cached 0MB) CPU [12%@1728,36%@1728,22%@1728,5%@1728,24%@1728,67%@1728] GR3D_FREQ 99% cpu@67.937C soc2@66.218C soc0@66.656C gpu@70.437C tj@70.437C soc1@65.937C VDD_IN 22241mW/21741mW VDD_CPU_GPU_CV 8823mW/8447mW VDD_SOC 7833mW/7744mW
09-02-2026 14:24:05 RAM 3985/7620MB (lfb 3x4MB) SWAP 1/3810MB (cached 0MB) CPU [11%@1728,17%@1728,14%@1728,23%@1728,46%@1728,50%@1728] GR3D_FREQ 78% cpu@68.343C soc2@66.343C soc0@66.625C gpu@70.343C tj@70.343C soc1@65.906C VDD_IN 22673mW/21753mW VDD_CPU_GPU_CV 8862mW/8452mW VDD_SOC 8068mW/7748mW
09-02-2026 14:24:10 RAM 3984/7620MB (lfb 1x4MB) SWAP 1/3810MB (cached 0MB) CPU [8%@1728,16%@1728,41%@1728,19%@1728,29%@1267,47%@1267] GR3D_FREQ 99% cpu@68.343C soc2@66.281C soc0@66.718C gpu@70.218C tj@70.218C soc1@65.968C VDD_IN 21927mW/21755mW VDD_CPU_GPU_CV 8485mW/8453mW VDD_SOC 7885mW/7750mW
09-02-2026 14:24:15 RAM 3981/7620MB (lfb 1x4MB) SWAP 1/3810MB (cached 0MB) CPU [6%@1728,10%@1728,45%@1728,48%@1728,19%@729,31%@729] GR3D_FREQ 99% cpu@68.406C soc2@66.281C soc0@66.656C gpu@70.687C tj@70.687C soc1@65.812C VDD_IN 22320mW/21763mW VDD_CPU_GPU_CV 8862mW/8458mW VDD_SOC 7872mW/7751mW
09-02-2026 14:24:20 RAM 3974/7620MB (lfb 1x4MB) SWAP 1/3810MB (cached 0MB) CPU [2%@1728,8%@1728,50%@1728,53%@1728,18%@729,32%@729] GR3D_FREQ 37% cpu@68.906C soc2@66.281C soc0@66.718C gpu@69.906C tj@69.906C soc1@65.875C VDD_IN 22084mW/21767mW VDD_CPU_GPU_CV 8446mW/8458mW VDD_SOC 7951mW/7754mW
09-02-2026 14:24:25 RAM 3997/7620MB (lfb 3x4MB) SWAP 1/3810MB (cached 0MB) CPU [4%@1728,4%@1728,49%@1728,56%@1728,20%@1267,33%@1267] GR3D_FREQ 99% cpu@68.5C soc2@66.281C soc0@66.687C gpu@70.375C tj@70.718C soc1@65.906C VDD_IN 22202mW/21772mW VDD_CPU_GPU_CV 8705mW/8461mW VDD_SOC 7872mW/7755mW
09-02-2026 14:24:30 RAM 3984/7620MB (lfb 3x4MB) SWAP 1/3810MB (cached 0MB) CPU [4%@1728,13%@1728,47%@1728,50%@1728,24%@729,23%@729] GR3D_FREQ 54% cpu@68.312C soc2@66.312C soc0@66.812C gpu@70.406C tj@70.406C soc1@65.906C VDD_IN 22477mW/21781mW VDD_CPU_GPU_CV 8627mW/8463mW VDD_SOC 8068mW/7759mW
09-02-2026 14:24:35 RAM 3980/7620MB (lfb 3x4MB) SWAP 1/3810MB (cached 0MB) CPU [29%@1728,6%@1728,12%@1728,50%@1728,23%@729,36%@729] GR3D_FREQ 99% cpu@68.375C soc2@66.25C soc0@66.843C gpu@70.375C tj@70.375C soc1@65.781C VDD_IN 22320mW/21787mW VDD_CPU_GPU_CV 8784mW/8467mW VDD_SOC 7833mW/7760mW
09-02-2026 14:24:40 RAM 3981/7620MB (lfb 2x4MB) SWAP 1/3810MB (cached 0MB) CPU [52%@1728,3%@1728,9%@1728,49%@1728,21%@729,30%@729] GR3D_FREQ 99% cpu@68.531C soc2@66.375C soc0@66.687C gpu@70.062C tj@70.062C soc1@65.843C VDD_IN 22045mW/21790mW VDD_CPU_GPU_CV 8485mW/8467mW VDD_SOC 7911mW/7762mW
09-02-2026 14:24:45 RAM 3988/7620MB (lfb 3x4MB) SWAP 1/3810MB (cached 0MB) CPU [34%@1728,1%@1728,17%@1728,58%@1728,24%@806,31%@806] GR3D_FREQ 99% cpu@68.187C soc2@66.218C soc0@66.718C gpu@70.687C tj@70.687C soc1@66.031C VDD_IN 22162mW/21795mW VDD_CPU_GPU_CV 8784mW/8471mW VDD_SOC 7833mW/7763mW
09-02-2026 14:24:50 RAM 3990/7620MB (lfb 4x4MB) SWAP 1/3810MB (cached 0MB) CPU [41%@1728,2%@1728,2%@1728,60%@1728,25%@1036,37%@1036] GR3D_FREQ 99% cpu@68.343C soc2@66.437C soc0@66.625C gpu@70.25C tj@70.25C soc1@65.843C VDD_IN 21887mW/21796mW VDD_CPU_GPU_CV 8407mW/8470mW VDD_SOC 7885mW/7764mW
09-02-2026 14:24:55 RAM 3997/7620MB (lfb 2x4MB) SWAP 1/3810MB (cached 0MB) CPU [39%@1728,14%@1728,1%@1728,54%@1728,27%@729,27%@729] GR3D_FREQ 99% cpu@68.343C soc2@66.375C soc0@66.687C gpu@70.312C tj@70.312C soc1@66C VDD_IN 22477mW/21804mW VDD_CPU_GPU_CV 8940mW/8476mW VDD_SOC 7872mW/7766mW
09-02-2026 14:25:00 RAM 3990/7620MB (lfb 3x4MB) SWAP 1/3810MB (cached 0MB) CPU [14%@1267,2%@1267,49%@1267,45%@1267,26%@1651,30%@1651] GR3D_FREQ 99% cpu@68.375C soc2@66.375C soc0@66.593C gpu@70.218C tj@70.218C soc1@65.718C VDD_IN 22555mW/21812mW VDD_CPU_GPU_CV 8705mW/8478mW VDD_SOC 8029mW/7769mW
09-02-2026 14:25:05 RAM 3983/7620MB (lfb 3x4MB) SWAP 1/3810MB (cached 0MB) CPU [23%@1728,24%@1728,37%@1728,6%@1728,16%@960,55%@960] GR3D_FREQ 99% cpu@68.562C soc2@66.312C soc0@66.718C gpu@70.531C tj@70.531C soc1@65.937C VDD_IN 22438mW/21820mW VDD_CPU_GPU_CV 8705mW/8481mW VDD_SOC 8068mW/7772mW
09-02-2026 14:25:10 RAM 3979/7620MB (lfb 3x4MB) SWAP 1/3810MB (cached 0MB) CPU [6%@1728,28%@1728,13%@1728,23%@1728,39%@1728,58%@1728] GR3D_FREQ 90% cpu@68.437C soc2@66.468C soc0@66.718C gpu@70.125C tj@70.125C soc1@65.843C VDD_IN 22597mW/21828mW VDD_CPU_GPU_CV 8744mW/8484mW VDD_SOC 8107mW/7776mW
09-02-2026 14:25:15 RAM 3985/7620MB (lfb 3x4MB) SWAP 1/3810MB (cached 0MB) CPU [36%@1728,7%@1728,54%@1728,9%@1728,29%@729,25%@729] GR3D_FREQ 57% cpu@67.968C soc2@66.187C soc0@66.625C gpu@70.125C tj@70.125C soc1@65.718C VDD_IN 20467mW/21813mW VDD_CPU_GPU_CV 7637mW/8474mW VDD_SOC 7505mW/7773mW
09-02-2026 14:25:20 RAM 3988/7620MB (lfb 2x4MB) SWAP 1/3810MB (cached 0MB) CPU [52%@1728,3%@1728,53%@1728,0%@1728,31%@1497,25%@1497] GR3D_FREQ 99% cpu@68.093C soc2@66.375C soc0@66.593C gpu@70.375C tj@70.375C soc1@65.75C VDD_IN 22123mW/21817mW VDD_CPU_GPU_CV 8666mW/8476mW VDD_SOC 7872mW/7774mW
09-02-2026 14:25:25 RAM 4001/7620MB (lfb 2x4MB) SWAP 1/3810MB (cached 0MB) CPU [13%@1728,4%@1728,52%@1728,41%@1728,24%@960,29%@960] GR3D_FREQ 99% cpu@68.312C soc2@66.25C soc0@66.687C gpu@70C tj@70C soc1@65.843C VDD_IN 22555mW/21825mW VDD_CPU_GPU_CV 8744mW/8479mW VDD_SOC 8029mW/7777mW
09-02-2026 14:25:30 RAM 3986/7620MB (lfb 2x4MB) SWAP 1/3810MB (cached 0MB) CPU [10%@1728,4%@1728,50%@1728,50%@1728,28%@1036,30%@1036] GR3D_FREQ 99% cpu@68.093C soc2@66.281C soc0@66.593C gpu@69.968C tj@69.968C soc1@65.75C VDD_IN 21494mW/21821mW VDD_CPU_GPU_CV 8290mW/8477mW VDD_SOC 7728mW/7776mW
09-02-2026 14:25:35 RAM 3977/7620MB (lfb 5x4MB) SWAP 1/3810MB (cached 0MB) CPU [18%@1728,40%@1728,11%@1728,14%@1728,49%@729,30%@729] GR3D_FREQ 99% cpu@68.562C soc2@66.312C soc0@66.625C gpu@70.312C tj@70.312C soc1@65.812C VDD_IN 22673mW/21830mW VDD_CPU_GPU_CV 8784mW/8481mW VDD_SOC 8107mW/7780mW
09-02-2026 14:25:40 RAM 3982/7620MB (lfb 4x4MB) SWAP 1/3810MB (cached 0MB) CPU [22%@729,2%@729,25%@729,37%@729,26%@1728,57%@1728] GR3D_FREQ 99% cpu@68.406C soc2@66.375C soc0@66.656C gpu@70C tj@70C soc1@65.781C VDD_IN 22833mW/21841mW VDD_CPU_GPU_CV 9018mW/8486mW VDD_SOC 8107mW/7783mW
09-02-2026 14:25:45 RAM 3984/7620MB (lfb 3x4MB) SWAP 1/3810MB (cached 0MB) CPU [13%@1728,12%@1728,37%@1728,28%@1728,35%@729,37%@729] GR3D_FREQ 99% cpu@68.625C soc2@66.531C soc0@66.781C gpu@70.468C tj@70.468C soc1@65.937C VDD_IN 22793mW/21851mW VDD_CPU_GPU_CV 8901mW/8491mW VDD_SOC 8107mW/7786mW
09-02-2026 14:25:50 RAM 3977/7620MB (lfb 3x4MB) SWAP 1/3810MB (cached 0MB) CPU [35%@1728,14%@1728,35%@1728,23%@1728,24%@1574,35%@1574] GR3D_FREQ 95% cpu@68.125C soc2@66.375C soc0@66.781C gpu@70.406C tj@70.406C soc1@65.937C VDD_IN 22123mW/21853mW VDD_CPU_GPU_CV 8641mW/8492mW VDD_SOC 7872mW/7787mW
09-02-2026 14:25:55 RAM 3983/7620MB (lfb 1x4MB) SWAP 1/3810MB (cached 0MB) CPU [28%@1728,28%@1728,4%@1728,51%@1728,27%@729,25%@729] GR3D_FREQ 99% cpu@68.187C soc2@66.375C soc0@66.687C gpu@70.312C tj@70.312C soc1@65.968C VDD_IN 22202mW/21857mW VDD_CPU_GPU_CV 8744mW/8495mW VDD_SOC 7794mW/7787mW
09-02-2026 14:26:00 RAM 4005/7620MB (lfb 3x4MB) SWAP 1/3810MB (cached 0MB) CPU [14%@1344,12%@1728,11%@1728,36%@1728,29%@1728,59%@1728] GR3D_FREQ 99% cpu@68.25C soc2@66.437C soc0@66.875C gpu@70.375C tj@70.375C soc1@65.781C VDD_IN 22516mW/21864mW VDD_CPU_GPU_CV 8901mW/8499mW VDD_SOC 7911mW/7789mW
09-02-2026 14:26:05 RAM 3980/7620MB (lfb 3x4MB) SWAP 1/3810MB (cached 0MB) CPU [21%@1728,14%@1728,4%@1728,23%@1728,50%@1728,57%@1728] GR3D_FREQ 98% cpu@68.531C soc2@66.406C soc0@66.812C gpu@70.687C tj@70.687C soc1@65.937C VDD_IN 22555mW/21871mW VDD_CPU_GPU_CV 8862mW/8502mW VDD_SOC 7990mW/7791mW
09-02-2026 14:26:10 RAM 3995/7620MB (lfb 3x4MB) SWAP 1/3810MB (cached 0MB) CPU [11%@1497,21%@1497,23%@1728,18%@1728,50%@1728,37%@1728] GR3D_FREQ 99% cpu@68.375C soc2@66.437C soc0@66.812C gpu@70.281C tj@70.281C soc1@65.968C VDD_IN 22398mW/21876mW VDD_CPU_GPU_CV 8705mW/8504mW VDD_SOC 7990mW/7793mW
09-02-2026 14:26:15 RAM 3989/7620MB (lfb 3x4MB) SWAP 1/3810MB (cached 0MB) CPU [8%@729,11%@729,12%@729,22%@729,71%@1728,35%@1728] GR3D_FREQ 99% cpu@68.625C soc2@66.437C soc0@66.75C gpu@70.375C tj@70.375C soc1@65.968C VDD_IN 22713mW/21884mW VDD_CPU_GPU_CV 8901mW/8508mW VDD_SOC 8068mW/7795mW
09-02-2026 14:26:20 RAM 3988/7620MB (lfb 3x4MB) SWAP 1/3810MB (cached 0MB) CPU [9%@1728,5%@1728,26%@1728,21%@1728,46%@1728,53%@1728] GR3D_FREQ 99% cpu@68.406C soc2@66.406C soc0@66.906C gpu@70.687C tj@70.687C soc1@65.968C VDD_IN 22398mW/21889mW VDD_CPU_GPU_CV 8823mW/8511mW VDD_SOC 7911mW/7796mW
09-02-2026 14:26:25 RAM 3985/7620MB (lfb 3x4MB) SWAP 1/3810MB (cached 0MB) CPU [6%@1728,15%@1728,25%@1728,23%@1728,32%@1728,65%@1728] GR3D_FREQ 99% cpu@68.562C soc2@66.531C soc0@66.812C gpu@70.406C tj@70.406C soc1@66C VDD_IN 22833mW/21898mW VDD_CPU_GPU_CV 8979mW/8516mW VDD_SOC 8107mW/7799mW
09-02-2026 14:26:30 RAM 3980/7620MB (lfb 2x4MB) SWAP 1/3810MB (cached 0MB) CPU [13%@1728,19%@1728,3%@1728,18%@1728,36%@1728,70%@1728] GR3D_FREQ 29% cpu@68.343C soc2@66.343C soc0@66.843C gpu@69.812C tj@69.968C soc1@65.812C VDD_IN 22084mW/21900mW VDD_CPU_GPU_CV 8354mW/8514mW VDD_SOC 7951mW/7801mW
09-02-2026 14:26:35 RAM 3984/7620MB (lfb 2x4MB) SWAP 1/3810MB (cached 0MB) CPU [23%@960,13%@960,3%@960,26%@960,41%@1728,55%@1728] GR3D_FREQ 99% cpu@68.437C soc2@66.281C soc0@66.781C gpu@70.437C tj@70.437C soc1@65.937C VDD_IN 22162mW/21902mW VDD_CPU_GPU_CV 8705mW/8516mW VDD_SOC 7794mW/7801mW
09-02-2026 14:26:40 RAM 3986/7620MB (lfb 1x4MB) SWAP 1/3810MB (cached 0MB) CPU [22%@1728,11%@1728,23%@1728,17%@1728,36%@1728,52%@1728] GR3D_FREQ 99% cpu@68.406C soc2@66.468C soc0@66.812C gpu@70.5C tj@70.5C soc1@65.906C VDD_IN 22673mW/21910mW VDD_CPU_GPU_CV 8979mW/8520mW VDD_SOC 7990mW/7803mW
09-02-2026 14:26:45 RAM 3983/7620MB (lfb 3x4MB) SWAP 1/3810MB (cached 0MB) CPU [15%@1728,12%@1728,7%@1728,19%@1728,44%@1728,64%@1728] GR3D_FREQ 35% cpu@68.406C soc2@66.406C soc0@66.75C gpu@70.406C tj@70.406C soc1@65.937C VDD_IN 21691mW/21907mW VDD_CPU_GPU_CV 8329mW/8519mW VDD_SOC 7846mW/7803mW
09-02-2026 14:26:50 RAM 3989/7620MB (lfb 4x4MB) SWAP 1/3810MB (cached 0MB) CPU [21%@1728,26%@1728,14%@1728,10%@1728,27%@1728,61%@1728] GR3D_FREQ 99% cpu@68.218C soc2@66.437C soc0@66.937C gpu@70.718C tj@70.718C soc1@66.093C VDD_IN 22634mW/21914mW VDD_CPU_GPU_CV 8979mW/8523mW VDD_SOC 7951mW/7804mW
09-02-2026 14:26:55 RAM 3987/7620MB (lfb 3x4MB) SWAP 1/3810MB (cached 0MB) CPU [12%@1728,24%@1728,60%@1728,9%@1728,35%@1344,24%@1344] GR3D_FREQ 99% cpu@68.468C soc2@66.437C soc0@66.75C gpu@70.312C tj@70.312C soc1@65.937C VDD_IN 22005mW/21915mW VDD_CPU_GPU_CV 8524mW/8523mW VDD_SOC 7872mW/7805mW
09-02-2026 14:27:00 RAM 3984/7620MB (lfb 1x4MB) SWAP 1/3810MB (cached 0MB) CPU [22%@1728,16%@1728,69%@1728,0%@1728,28%@729,27%@729] GR3D_FREQ 99% cpu@68.406C soc2@66.375C soc0@66.812C gpu@70.437C tj@70.437C soc1@66C VDD_IN 22084mW/21916mW VDD_CPU_GPU_CV 8744mW/8525mW VDD_SOC 7755mW/7804mW
09-02-2026 14:27:05 RAM 3987/7620MB (lfb 3x4MB) SWAP 1/3810MB (cached 0MB) CPU [27%@1728,7%@1728,61%@1728,15%@1728,30%@729,27%@729] GR3D_FREQ 99% cpu@68.5C soc2@66.406C soc0@66.718C gpu@69.968C tj@69.968C soc1@65.906C VDD_IN 22359mW/21920mW VDD_CPU_GPU_CV 8627mW/8526mW VDD_SOC 8029mW/7807mW
09-02-2026 14:27:10 RAM 4003/7620MB (lfb 3x4MB) SWAP 1/3810MB (cached 0MB) CPU [19%@1728,36%@1728,51%@1728,1%@1728,28%@1344,24%@1344] GR3D_FREQ 99% cpu@68.406C soc2@66.343C soc0@66.781C gpu@70.218C tj@70.218C soc1@65.875C VDD_IN 21691mW/21918mW VDD_CPU_GPU_CV 8368mW/8524mW VDD_SOC 7807mW/7807mW
09-02-2026 14:27:15 RAM 3980/7620MB (lfb 3x4MB) SWAP 1/3810MB (cached 0MB) CPU [13%@1728,39%@1728,31%@1728,7%@1728,30%@1728,41%@1728] GR3D_FREQ 99% cpu@68.875C soc2@66.468C soc0@66.718C gpu@70.437C tj@70.437C soc1@65.875C VDD_IN 22870mW/21927mW VDD_CPU_GPU_CV 8823mW/8527mW VDD_SOC 8186mW/7810mW
09-02-2026 14:27:20 RAM 3994/7620MB (lfb 3x4MB) SWAP 1/3810MB (cached 0MB) CPU [11%@1267,17%@1267,2%@1267,17%@1267,45%@1728,68%@1728] GR3D_FREQ 99% cpu@68.281C soc2@66.406C soc0@66.875C gpu@70.625C tj@70.468C soc1@65.843C VDD_IN 22673mW/21933mW VDD_CPU_GPU_CV 8979mW/8531mW VDD_SOC 7951mW/7811mW
09-02-2026 14:27:25 RAM 3985/7620MB (lfb 2x4MB) SWAP 1/3810MB (cached 0MB) CPU [17%@1190,5%@1190,21%@1190,14%@1190,50%@1651,51%@1651] GR3D_FREQ 82% cpu@68.531C soc2@66.312C soc0@66.781C gpu@70.531C tj@70.531C soc1@65.906C VDD_IN 22477mW/21938mW VDD_CPU_GPU_CV 8627mW/8532mW VDD_SOC 8068mW/7813mW
09-02-2026 14:27:30 RAM 3989/7620MB (lfb 2x4MB) SWAP 1/3810MB (cached 0MB) CPU [3%@1728,10%@1728,23%@1728,45%@1728,28%@1728,57%@1728] GR3D_FREQ 47% cpu@68.593C soc2@66.437C soc0@66.75C gpu@70.531C tj@70.531C soc1@66.062C VDD_IN 22597mW/21944mW VDD_CPU_GPU_CV 8744mW/8534mW VDD_SOC 8146mW/7816mW
09-02-2026 14:27:35 RAM 4003/7620MB (lfb 2x4MB) SWAP 1/3810MB (cached 0MB) CPU [2%@1728,32%@1728,57%@1728,16%@1728,32%@1574,23%@1574] GR3D_FREQ 99% cpu@68.656C soc2@66.343C soc0@66.75C gpu@70.312C tj@70.312C soc1@65.937C VDD_IN 22162mW/21945mW VDD_CPU_GPU_CV 8666mW/8535mW VDD_SOC 7872mW/7817mW
09-02-2026 14:27:40 RAM 4005/7620MB (lfb 2x4MB) SWAP 1/3810MB (cached 0MB) CPU [2%@1728,40%@1728,69%@1728,1%@1728,27%@729,25%@729] GR3D_FREQ 99% cpu@68.625C soc2@66.375C soc0@66.75C gpu@70.093C tj@70.093C soc1@65.968C VDD_IN 22162mW/21947mW VDD_CPU_GPU_CV 8666mW/8536mW VDD_SOC 7833mW/7817mW
09-02-2026 14:27:45 RAM 3989/7620MB (lfb 3x4MB) SWAP 1/3810MB (cached 0MB) CPU [4%@1728,32%@1728,62%@1728,9%@1728,28%@883,25%@883] GR3D_FREQ 99% cpu@68.406C soc2@66.406C soc0@66.687C gpu@70.187C tj@70.187C soc1@65.718C VDD_IN 22045mW/21948mW VDD_CPU_GPU_CV 8510mW/8536mW VDD_SOC 7911mW/7818mW
09-02-2026 14:27:50 RAM 3990/7620MB (lfb 3x4MB) SWAP 1/3810MB (cached 0MB) CPU [4%@1728,51%@1728,53%@1728,0%@1728,23%@1036,29%@1036] GR3D_FREQ 99% cpu@68.375C soc2@66.25C soc0@66.75C gpu@70.25C tj@70.25C soc1@65.906C VDD_IN 22359mW/21951mW VDD_CPU_GPU_CV 8784mW/8538mW VDD_SOC 7872mW/7818mW
09-02-2026 14:27:55 RAM 3988/7620MB (lfb 2x4MB) SWAP 1/3810MB (cached 0MB) CPU [4%@1728,35%@1728,36%@1728,35%@1728,22%@729,25%@729] GR3D_FREQ 78% cpu@68.343C soc2@66.343C soc0@66.562C gpu@70.062C tj@70.062C soc1@65.781C VDD_IN 22123mW/21953mW VDD_CPU_GPU_CV 8393mW/8536mW VDD_SOC 7990mW/7819mW
09-02-2026 14:28:00 RAM 3985/7620MB (lfb 1x4MB) SWAP 1/3810MB (cached 0MB) CPU [14%@1728,46%@1728,2%@1728,53%@1728,28%@1574,24%@1574] GR3D_FREQ 96% cpu@67.906C soc2@66.187C soc0@66.687C gpu@70.281C tj@70.281C soc1@65.968C VDD_IN 22045mW/21954mW VDD_CPU_GPU_CV 8549mW/8537mW VDD_SOC 7885mW/7820mW
09-02-2026 14:28:05 RAM 4016/7620MB (lfb 2x4MB) SWAP 1/3810MB (cached 0MB) CPU [3%@1728,55%@1728,15%@1728,36%@1728,20%@729,32%@729] GR3D_FREQ 99% cpu@68.375C soc2@66.343C soc0@66.562C gpu@70.25C tj@70.25C soc1@65.781C VDD_IN 22280mW/21956mW VDD_CPU_GPU_CV 8784mW/8539mW VDD_SOC 7833mW/7820mW
09-02-2026 14:28:10 RAM 3995/7620MB (lfb 2x4MB) SWAP 1/3810MB (cached 0MB) CPU [1%@1728,54%@1728,56%@1728,1%@1728,24%@883,31%@883] GR3D_FREQ 86% cpu@68.312C soc2@66.125C soc0@66.656C gpu@70.125C tj@70.125C soc1@65.812C VDD_IN 21927mW/21956mW VDD_CPU_GPU_CV 8368mW/8537mW VDD_SOC 7885mW/7821mW
09-02-2026 14:28:15 RAM 3983/7620MB (lfb 2x4MB) SWAP 1/3810MB (cached 0MB) CPU [2%@1728,36%@1728,40%@1728,21%@1728,25%@729,38%@729] GR3D_FREQ 99% cpu@68.375C soc2@66.281C soc0@66.531C gpu@70.281C tj@70.281C soc1@65.75C VDD_IN 22793mW/21963mW VDD_CPU_GPU_CV 9057mW/8541mW VDD_SOC 7951mW/7822mW
09-02-2026 14:28:20 RAM 3981/7620MB (lfb 2x4MB) SWAP 1/3810MB (cached 0MB) CPU [7%@1728,44%@1728,6%@1728,51%@1728,26%@1497,39%@1497] GR3D_FREQ 80% cpu@68.031C soc2@66.218C soc0@66.656C gpu@70.125C tj@70.125C soc1@65.812C VDD_IN 21887mW/21962mW VDD_CPU_GPU_CV 8485mW/8541mW VDD_SOC 7807mW/7821mW
09-02-2026 14:28:25 RAM 3982/7620MB (lfb 2x4MB) SWAP 1/3810MB (cached 0MB) CPU [7%@1728,16%@1728,37%@1728,48%@1728,24%@729,28%@729] GR3D_FREQ 99% cpu@68.156C soc2@66.25C soc0@66.562C gpu@70.687C tj@70.687C soc1@65.718C VDD_IN 22320mW/21965mW VDD_CPU_GPU_CV 8862mW/8543mW VDD_SOC 7833mW/7822mW
09-02-2026 14:28:30 RAM 3984/7620MB (lfb 2x4MB) SWAP 1/3810MB (cached 0MB) CPU [25%@1728,58%@1728,1%@1728,24%@1728,28%@960,24%@960] GR3D_FREQ 76% cpu@68.218C soc2@66.25C soc0@66.687C gpu@69.937C tj@69.937C soc1@65.906C VDD_IN 21927mW/21965mW VDD_CPU_GPU_CV 8407mW/8542mW VDD_SOC 7911mW/7822mW
09-02-2026 14:28:35 RAM 3983/7620MB (lfb 2x4MB) SWAP 1/3810MB (cached 0MB) CPU [3%@1728,56%@1728,46%@1728,8%@1728,25%@806,28%@806] GR3D_FREQ 99% cpu@67.968C soc2@66.375C soc0@66.625C gpu@70.593C tj@70.593C soc1@65.843C VDD_IN 22241mW/21967mW VDD_CPU_GPU_CV 8784mW/8544mW VDD_SOC 7872mW/7823mW
09-02-2026 14:28:40 RAM 3977/7620MB (lfb 2x4MB) SWAP 1/3810MB (cached 0MB) CPU [2%@1728,60%@1728,44%@1728,10%@1728,28%@729,24%@729] GR3D_FREQ 99% cpu@68.375C soc2@66.375C soc0@66.687C gpu@70.093C tj@69.843C soc1@66.031C VDD_IN 22516mW/21971mW VDD_CPU_GPU_CV 8588mW/8545mW VDD_SOC 8146mW/7825mW
09-02-2026 14:28:45 RAM 3986/7620MB (lfb 3x4MB) SWAP 1/3810MB (cached 0MB) CPU [18%@1728,13%@1728,31%@1728,33%@1728,40%@729,32%@729] GR3D_FREQ 99% cpu@68.531C soc2@66.468C soc0@66.718C gpu@70.718C tj@70.718C soc1@65.843C VDD_IN 22833mW/21977mW VDD_CPU_GPU_CV 9081mW/8549mW VDD_SOC 8029mW/7827mW
09-02-2026 14:28:50 RAM 3983/7620MB (lfb 3x4MB) SWAP 1/3810MB (cached 0MB) CPU [13%@1728,19%@1728,17%@1728,35%@1728,26%@1728,54%@1728] GR3D_FREQ 99% cpu@68.281C soc2@66.343C soc0@66.843C gpu@70.531C tj@70.531C soc1@66.031C VDD_IN 22595mW/21982mW VDD_CPU_GPU_CV 8862mW/8551mW VDD_SOC 7951mW/7828mW
09-02-2026 14:28:55 RAM 3978/7620MB (lfb 3x4MB) SWAP 1/3810MB (cached 0MB) CPU [23%@1728,52%@1728,10%@1728,27%@1728,26%@729,35%@729] GR3D_FREQ 99% cpu@68.468C soc2@66.375C soc0@66.75C gpu@70.187C tj@70.187C soc1@65.843C VDD_IN 22005mW/21982mW VDD_CPU_GPU_CV 8524mW/8551mW VDD_SOC 7924mW/7828mW
09-02-2026 14:29:00 RAM 3983/7620MB (lfb 3x4MB) SWAP 1/3810MB (cached 0MB) CPU [1%@1728,53%@1728,8%@1728,49%@1728,24%@729,30%@729] GR3D_FREQ 99% cpu@68.156C soc2@66.312C soc0@66.781C gpu@70.375C tj@70.531C soc1@65.968C VDD_IN 22359mW/21985mW VDD_CPU_GPU_CV 8862mW/8553mW VDD_SOC 7872mW/7829mW
09-02-2026 14:29:05 RAM 3977/7620MB (lfb 2x4MB) SWAP 1/3810MB (cached 0MB) CPU [10%@1728,38%@1728,4%@1728,64%@1728,25%@1728,33%@1728] GR3D_FREQ 66% cpu@68.468C soc2@66.406C soc0@66.656C gpu@70.218C tj@70.218C soc1@65.875C VDD_IN 22362mW/21988mW VDD_CPU_GPU_CV 8666mW/8554mW VDD_SOC 8068mW/7830mW
09-02-2026 14:29:10 RAM 3987/7620MB (lfb 3x4MB) SWAP 1/3810MB (cached 0MB) CPU [12%@1728,40%@1728,2%@1728,45%@1728,29%@960,34%@960] GR3D_FREQ 99% cpu@68.343C soc2@66.312C soc0@66.75C gpu@70.343C tj@70.343C soc1@65.968C VDD_IN 22359mW/21990mW VDD_CPU_GPU_CV 8823mW/8556mW VDD_SOC 7872mW/7831mW
09-02-2026 14:29:15 RAM 3992/7620MB (lfb 3x4MB) SWAP 1/3810MB (cached 0MB) CPU [2%@1728,25%@1728,29%@1728,51%@1728,25%@729,27%@729] GR3D_FREQ 36% cpu@68.656C soc2@66.281C soc0@66.687C gpu@70.375C tj@70.375C soc1@65.75C VDD_IN 21848mW/21989mW VDD_CPU_GPU_CV 8368mW/8555mW VDD_SOC 7885mW/7831mW
09-02-2026 14:29:20 RAM 3975/7620MB (lfb 2x4MB) SWAP 1/3810MB (cached 0MB) CPU [14%@1728,7%@1728,32%@1728,49%@1728,20%@1728,43%@1728] GR3D_FREQ 99% cpu@68.218C soc2@66.281C soc0@66.781C gpu@70.625C tj@70.625C soc1@65.968C VDD_IN 22793mW/21995mW VDD_CPU_GPU_CV 9057mW/8558mW VDD_SOC 8029mW/7832mW
09-02-2026 14:29:25 RAM 3971/7620MB (lfb 3x4MB) SWAP 1/3810MB (cached 0MB) CPU [28%@1728,22%@1728,6%@1728,42%@1728,24%@1113,48%@1113] GR3D_FREQ 99% cpu@68.25C soc2@66.531C soc0@66.656C gpu@70.468C tj@70.468C soc1@65.875C VDD_IN 22516mW/21999mW VDD_CPU_GPU_CV 8940mW/8561mW VDD_SOC 7911mW/7833mW
09-02-2026 14:29:30 RAM 3986/7620MB (lfb 3x4MB) SWAP 1/3810MB (cached 0MB) CPU [25%@1728,7%@1728,7%@1728,49%@1728,24%@729,45%@729] GR3D_FREQ 99% cpu@68.468C soc2@66.375C soc0@66.781C gpu@70.281C tj@70.281C soc1@66C VDD_IN 22438mW/22002mW VDD_CPU_GPU_CV 8744mW/8562mW VDD_SOC 8029mW/7834mW
09-02-2026 14:29:35 RAM 3991/7620MB (lfb 2x4MB) SWAP 1/3810MB (cached 0MB) CPU [2%@1728,3%@1728,41%@1728,59%@1728,23%@806,36%@806] GR3D_FREQ 99% cpu@68.437C soc2@66.468C soc0@66.906C gpu@70.468C tj@70.468C soc1@65.906C VDD_IN 22477mW/22005mW VDD_CPU_GPU_CV 8744mW/8563mW VDD_SOC 7990mW/7836mW
09-02-2026 14:29:40 RAM 3990/7620MB (lfb 3x4MB) SWAP 1/3810MB (cached 0MB) CPU [21%@1728,20%@1728,33%@1728,39%@1728,26%@1190,26%@1190] GR3D_FREQ 99% cpu@68.343C soc2@66.375C soc0@66.812C gpu@70.406C tj@70.406C soc1@65.968C VDD_IN 21809mW/22004mW VDD_CPU_GPU_CV 8446mW/8563mW VDD_SOC 7807mW/7835mW
09-02-2026 14:29:45 RAM 3992/7620MB (lfb 3x4MB) SWAP 1/3810MB (cached 0MB) CPU [21%@1728,32%@1728,2%@1728,55%@1728,32%@1728,24%@1728] GR3D_FREQ 99% cpu@68.468C soc2@66.343C soc0@66.781C gpu@70.343C tj@70.343C soc1@65.875C VDD_IN 22438mW/22007mW VDD_CPU_GPU_CV 8901mW/8565mW VDD_SOC 7911mW/7836mW
09-02-2026 14:29:50 RAM 4003/7620MB (lfb 3x4MB) SWAP 1/3810MB (cached 0MB) CPU [10%@1728,6%@1728,13%@1728,50%@1728,33%@1574,46%@1574] GR3D_FREQ 99% cpu@68.281C soc2@66.468C soc0@66.781C gpu@70.593C tj@70.593C soc1@65.906C VDD_IN 22597mW/22011mW VDD_CPU_GPU_CV 8862mW/8567mW VDD_SOC 8029mW/7837mW
09-02-2026 14:29:55 RAM 3980/7620MB (lfb 3x4MB) SWAP 1/3810MB (cached 0MB) CPU [34%@1728,2%@1728,18%@1728,64%@1728,25%@729,28%@729] GR3D_FREQ 59% cpu@68.187C soc2@66.531C soc0@66.812C gpu@69.875C tj@69.875C soc1@65.968C VDD_IN 22202mW/22012mW VDD_CPU_GPU_CV 8432mW/8566mW VDD_SOC 8029mW/7839mW
09-02-2026 14:30:00 RAM 3985/7620MB (lfb 3x4MB) SWAP 1/3810MB (cached 0MB) CPU [31%@1728,3%@1728,18%@1728,51%@1728,24%@729,35%@729] GR3D_FREQ 99% cpu@68.406C soc2@66.468C soc0@66.75C gpu@70.406C tj@70.406C soc1@65.812C VDD_IN 22438mW/22015mW VDD_CPU_GPU_CV 8901mW/8568mW VDD_SOC 7911mW/7839mW
09-02-2026 14:30:05 RAM 3980/7620MB (lfb 3x4MB) SWAP 1/3810MB (cached 0MB) CPU [16%@1728,11%@1728,31%@1728,50%@1728,20%@1036,31%@1651] GR3D_FREQ 97% cpu@68.281C soc2@66.281C soc0@66.843C gpu@70.468C tj@70.468C soc1@65.843C VDD_IN 22359mW/22018mW VDD_CPU_GPU_CV 8666mW/8569mW VDD_SOC 8029mW/7840mW
09-02-2026 14:30:10 RAM 3977/7620MB (lfb 3x4MB) SWAP 1/3810MB (cached 0MB) CPU [2%@1728,44%@1728,2%@1728,58%@1728,25%@1497,33%@1497] GR3D_FREQ 99% cpu@68.406C soc2@66.375C soc0@66.625C gpu@70.5C tj@70.5C soc1@65.937C VDD_IN 22320mW/22020mW VDD_CPU_GPU_CV 8823mW/8571mW VDD_SOC 7872mW/7841mW
09-02-2026 14:30:15 RAM 3979/7620MB (lfb 3x4MB) SWAP 1/3810MB (cached 0MB) CPU [2%@1728,52%@1728,2%@1728,49%@1728,31%@729,18%@729] GR3D_FREQ 99% cpu@68.406C soc2@66.468C soc0@66.781C gpu@69.875C tj@69.875C soc1@65.906C VDD_IN 22162mW/22021mW VDD_CPU_GPU_CV 8432mW/8570mW VDD_SOC 8029mW/7842mW
09-02-2026 14:30:20 RAM 3983/7620MB (lfb 2x4MB) SWAP 1/3810MB (cached 0MB) CPU [20%@1728,32%@1728,3%@1728,63%@1728,22%@1728,33%@1728] GR3D_FREQ 88% cpu@68.343C soc2@66.343C soc0@66.718C gpu@70.281C tj@70.468C soc1@65.906C VDD_IN 22673mW/22025mW VDD_CPU_GPU_CV 8940mW/8572mW VDD_SOC 8068mW/7843mW
09-02-2026 14:30:25 RAM 3980/7620MB (lfb 2x4MB) SWAP 1/3810MB (cached 0MB) CPU [16%@1728,16%@1728,15%@1728,40%@1728,19%@729,52%@729] GR3D_FREQ 77% cpu@68.625C soc2@66.406C soc0@66.75C gpu@70.312C tj@70.312C soc1@65.968C VDD_IN 22438mW/22028mW VDD_CPU_GPU_CV 8744mW/8573mW VDD_SOC 7990mW/7844mW
09-02-2026 14:30:30 RAM 3973/7620MB (lfb 2x4MB) SWAP 1/3810MB (cached 0MB) CPU [22%@1728,38%@1728,2%@1728,36%@1728,31%@806,34%@806] GR3D_FREQ 67% cpu@68.5C soc2@66.375C soc0@66.75C gpu@70.093C tj@70.093C soc1@65.906C VDD_IN 22045mW/22028mW VDD_CPU_GPU_CV 8485mW/8573mW VDD_SOC 7911mW/7845mW
09-02-2026 14:30:35 RAM 3979/7620MB (lfb 2x4MB) SWAP 1/3810MB (cached 0MB) CPU [32%@1728,7%@1728,20%@1728,49%@1728,28%@1574,29%@1574] GR3D_FREQ 99% cpu@68.593C soc2@66.343C soc0@66.781C gpu@70.593C tj@70.593C soc1@65.906C VDD_IN 21966mW/22027mW VDD_CPU_GPU_CV 8641mW/8573mW VDD_SOC 7846mW/7845mW
09-02-2026 14:30:40 RAM 3990/7620MB (lfb 2x4MB) SWAP 1/3810MB (cached 0MB) CPU [32%@1728,2%@1728,34%@1728,43%@1728,25%@729,28%@729] GR3D_FREQ 99% cpu@68.437C soc2@66.468C soc0@66.812C gpu@70.125C tj@70.125C soc1@65.843C VDD_IN 22558mW/22031mW VDD_CPU_GPU_CV 8627mW/8574mW VDD_SOC 8146mW/7847mW
09-02-2026 14:30:45 RAM 3992/7620MB (lfb 2x4MB) SWAP 1/3810MB (cached 0MB) CPU [5%@1728,53%@1728,8%@1728,41%@1728,30%@729,28%@729] GR3D_FREQ 99% cpu@68.375C soc2@66.5C soc0@66.718C gpu@70.218C tj@70.218C soc1@65.937C VDD_IN 21887mW/22030mW VDD_CPU_GPU_CV 8446mW/8573mW VDD_SOC 7807mW/7846mW
09-02-2026 14:30:50 RAM 3992/7620MB (lfb 2x4MB) SWAP 1/3810MB (cached 0MB) CPU [15%@1728,55%@1728,0%@1728,38%@1728,31%@1036,30%@1036] GR3D_FREQ 99% cpu@68C soc2@66.312C soc0@66.656C gpu@70.25C tj@70.25C soc1@65.781C VDD_IN 22398mW/22032mW VDD_CPU_GPU_CV 8901mW/8575mW VDD_SOC 7872mW/7847mW
09-02-2026 14:30:55 RAM 3991/7620MB (lfb 2x4MB) SWAP 1/3810MB (cached 0MB) CPU [3%@1728,54%@1728,0%@1728,53%@1728,29%@729,29%@729] GR3D_FREQ 99% cpu@68.625C soc2@66.468C soc0@66.687C gpu@70.281C tj@70.281C soc1@65.812C VDD_IN 22359mW/22034mW VDD_CPU_GPU_CV 8549mW/8575mW VDD_SOC 8068mW/7848mW
09-02-2026 14:31:00 RAM 3972/7620MB (lfb 2x4MB) SWAP 1/3810MB (cached 0MB) CPU [16%@1728,40%@1728,18%@1728,9%@1728,55%@729,25%@729] GR3D_FREQ 99% cpu@68.062C soc2@66.468C soc0@66.718C gpu@70.531C tj@70.531C soc1@66.062C VDD_IN 22359mW/22036mW VDD_CPU_GPU_CV 8862mW/8577mW VDD_SOC 7833mW/7848mW
09-02-2026 14:31:05 RAM 3980/7620MB (lfb 3x4MB) SWAP 1/3810MB (cached 0MB) CPU [20%@1728,52%@1728,7%@1728,29%@1728,29%@729,33%@729] GR3D_FREQ 54% cpu@68.375C soc2@66.375C soc0@66.656C gpu@70.125C tj@70.125C soc1@65.906C VDD_IN 21809mW/22035mW VDD_CPU_GPU_CV 8329mW/8575mW VDD_SOC 7885mW/7848mW
09-02-2026 14:31:10 RAM 3990/7620MB (lfb 3x4MB) SWAP 1/3810MB (cached 0MB) CPU [12%@1728,38%@1728,7%@1728,49%@1728,33%@1574,28%@1574] GR3D_FREQ 99% cpu@68.156C soc2@66.375C soc0@66.718C gpu@70.218C tj@70.218C soc1@65.875C VDD_IN 22241mW/22036mW VDD_CPU_GPU_CV 8744mW/8576mW VDD_SOC 7872mW/7848mW
09-02-2026 14:31:15 RAM 3978/7620MB (lfb 3x4MB) SWAP 1/3810MB (cached 0MB) CPU [9%@1728,39%@1728,41%@1728,10%@1728,26%@729,36%@729] GR3D_FREQ 99% cpu@68.218C soc2@66.218C soc0@66.625C gpu@70.593C tj@70.593C soc1@65.718C VDD_IN 21927mW/22036mW VDD_CPU_GPU_CV 8666mW/8577mW VDD_SOC 7728mW/7847mW
09-02-2026 14:31:20 RAM 3984/7620MB (lfb 3x4MB) SWAP 1/3810MB (cached 0MB) CPU [3%@1728,28%@1728,55%@1728,26%@1728,26%@883,31%@883] GR3D_FREQ 88% cpu@68.843C soc2@66.156C soc0@66.656C gpu@70.125C tj@70.125C soc1@65.781C VDD_IN 22005mW/22035mW VDD_CPU_GPU_CV 8446mW/8576mW VDD_SOC 7924mW/7848mW
09-02-2026 14:31:25 RAM 3987/7620MB (lfb 3x4MB) SWAP 1/3810MB (cached 0MB) CPU [3%@1728,2%@1728,52%@1728,51%@1728,33%@1497,27%@1497] GR3D_FREQ 99% cpu@68.093C soc2@66.218C soc0@66.718C gpu@70.281C tj@70.281C soc1@65.75C VDD_IN 22162mW/22036mW VDD_CPU_GPU_CV 8627mW/8576mW VDD_SOC 7872mW/7848mW
09-02-2026 14:31:30 RAM 3993/7620MB (lfb 1x4MB) SWAP 1/3810MB (cached 0MB) CPU [2%@1728,2%@1728,55%@1728,55%@1728,28%@729,28%@729] GR3D_FREQ 99% cpu@68.437C soc2@66.187C soc0@66.593C gpu@69.937C tj@69.937C soc1@65.75C VDD_IN 22398mW/22038mW VDD_CPU_GPU_CV 8784mW/8577mW VDD_SOC 7951mW/7849mW
09-02-2026 14:31:35 RAM 3993/7620MB (lfb 2x4MB) SWAP 1/3810MB (cached 0MB) CPU [4%@1728,18%@1728,52%@1728,22%@1728,26%@729,38%@729] GR3D_FREQ 99% cpu@68.093C soc2@66.343C soc0@66.687C gpu@70.843C tj@70.843C soc1@65.937C VDD_IN 22911mW/22044mW VDD_CPU_GPU_CV 9120mW/8581mW VDD_SOC 7990mW/7850mW
09-02-2026 14:31:40 RAM 3981/7620MB (lfb 2x4MB) SWAP 1/3810MB (cached 0MB) CPU [9%@1728,21%@1728,11%@1728,57%@1728,19%@806,48%@806] GR3D_FREQ 99% cpu@68.625C soc2@66.406C soc0@66.687C gpu@70.593C tj@70.593C soc1@65.781C VDD_IN 22516mW/22046mW VDD_CPU_GPU_CV 8940mW/8583mW VDD_SOC 7911mW/7850mW
09-02-2026 14:31:45 RAM 3989/7620MB (lfb 3x4MB) SWAP 1/3810MB (cached 0MB) CPU [0%@1728,3%@1728,55%@1728,58%@1728,26%@729,27%@729] GR3D_FREQ 63% cpu@68.687C soc2@66.312C soc0@66.687C gpu@69.937C tj@69.937C soc1@65.906C VDD_IN 22280mW/22048mW VDD_CPU_GPU_CV 8432mW/8582mW VDD_SOC 8029mW/7851mW
09-02-2026 14:31:50 RAM 3988/7620MB (lfb 3x4MB) SWAP 1/3810MB (cached 0MB) CPU [1%@1728,34%@1728,16%@1728,57%@1728,30%@729,24%@729] GR3D_FREQ 99% cpu@68.125C soc2@66.312C soc0@66.656C gpu@70.156C tj@70.156C soc1@65.875C VDD_IN 21927mW/22047mW VDD_CPU_GPU_CV 8524mW/8582mW VDD_SOC 7846mW/7851mW
09-02-2026 14:31:55 RAM 3991/7620MB (lfb 3x4MB) SWAP 1/3810MB (cached 0MB) CPU [4%@1728,53%@1728,9%@1728,44%@1728,31%@729,21%@729] GR3D_FREQ 99% cpu@68.25C soc2@66.343C soc0@66.75C gpu@70.656C tj@70.656C soc1@65.875C VDD_IN 22516mW/22050mW VDD_CPU_GPU_CV 8901mW/8583mW VDD_SOC 7911mW/7851mW
09-02-2026 14:32:00 RAM 3979/7620MB (lfb 2x4MB) SWAP 1/3810MB (cached 0MB) CPU [10%@1728,38%@1728,13%@1728,58%@1728,22%@1113,28%@1113] GR3D_FREQ 99% cpu@68.062C soc2@66.281C soc0@66.687C gpu@70.343C tj@70.343C soc1@65.781C VDD_IN 21848mW/22049mW VDD_CPU_GPU_CV 8446mW/8583mW VDD_SOC 7885mW/7852mW
09-02-2026 14:32:05 RAM 3988/7620MB (lfb 2x4MB) SWAP 1/3810MB (cached 0MB) CPU [22%@1728,53%@1728,3%@1728,30%@1728,21%@1497,31%@1497] GR3D_FREQ 99% cpu@68C soc2@66.343C soc0@66.687C gpu@70.343C tj@70.343C soc1@65.937C VDD_IN 22202mW/22050mW VDD_CPU_GPU_CV 8823mW/8584mW VDD_SOC 7833mW/7851mW
09-02-2026 14:32:10 RAM 4001/7620MB (lfb 2x4MB) SWAP 1/3810MB (cached 0MB) CPU [33%@1113,20%@1113,5%@1113,8%@1113,45%@1728,49%@1728] GR3D_FREQ 99% cpu@68.312C soc2@66.281C soc0@66.812C gpu@70.437C tj@70.437C soc1@65.843C VDD_IN 22280mW/22051mW VDD_CPU_GPU_CV 8627mW/8584mW VDD_SOC 7951mW/7852mW
09-02-2026 14:32:15 RAM 3988/7620MB (lfb 2x4MB) SWAP 1/3810MB (cached 0MB) CPU [6%@729,22%@729,1%@729,23%@729,54%@1728,58%@1728] GR3D_FREQ 99% cpu@68.531C soc2@66.343C soc0@66.718C gpu@70.125C tj@70.125C soc1@65.843C VDD_IN 22634mW/22054mW VDD_CPU_GPU_CV 8823mW/8586mW VDD_SOC 8068mW/7853mW
09-02-2026 14:32:20 RAM 3995/7620MB (lfb 2x4MB) SWAP 1/3810MB (cached 0MB) CPU [4%@1728,21%@1728,16%@1728,16%@1728,57%@729,50%@729] GR3D_FREQ 99% cpu@68.343C soc2@66.406C soc0@66.906C gpu@70.281C tj@70.437C soc1@65.843C VDD_IN 22477mW/22057mW VDD_CPU_GPU_CV 8784mW/8587mW VDD_SOC 7990mW/7854mW
09-02-2026 14:32:25 RAM 3982/7620MB (lfb 2x4MB) SWAP 1/3810MB (cached 0MB) CPU [7%@1728,7%@1728,18%@1728,19%@1728,45%@1651,63%@1651] GR3D_FREQ 27% cpu@68.562C soc2@66.218C soc0@66.781C gpu@70C tj@70C soc1@65.875C VDD_IN 21612mW/22054mW VDD_CPU_GPU_CV 8250mW/8585mW VDD_SOC 7807mW/7854mW
09-02-2026 14:32:30 RAM 3980/7620MB (lfb 2x4MB) SWAP 1/3810MB (cached 0MB) CPU [7%@1728,25%@1728,7%@1728,30%@1728,38%@806,53%@806] GR3D_FREQ 99% cpu@68.468C soc2@66.406C soc0@66.937C gpu@70.437C tj@70.437C soc1@65.812C VDD_IN 22438mW/22056mW VDD_CPU_GPU_CV 8901mW/8587mW VDD_SOC 7911mW/7854mW
09-02-2026 14:32:35 RAM 3983/7620MB (lfb 2x4MB) SWAP 1/3810MB (cached 0MB) CPU [3%@1728,5%@1728,49%@1728,54%@1728,29%@729,25%@729] GR3D_FREQ 99% cpu@68.718C soc2@66.437C soc0@66.656C gpu@70.312C tj@70.312C soc1@65.906C VDD_IN 22241mW/22057mW VDD_CPU_GPU_CV 8432mW/8586mW VDD_SOC 8068mW/7855mW
09-02-2026 14:32:40 RAM 3982/7620MB (lfb 2x4MB) SWAP 1/3810MB (cached 0MB) CPU [1%@1728,4%@1728,52%@1728,54%@1728,24%@1344,30%@1344] GR3D_FREQ 99% cpu@68.281C soc2@66.218C soc0@66.75C gpu@70.437C tj@70.437C soc1@65.843C VDD_IN 22005mW/22057mW VDD_CPU_GPU_CV 8524mW/8585mW VDD_SOC 7872mW/7855mW
09-02-2026 14:32:45 RAM 3987/7620MB (lfb 2x4MB) SWAP 1/3810MB (cached 0MB) CPU [3%@1728,1%@1728,54%@1728,54%@1728,22%@729,32%@729] GR3D_FREQ 99% cpu@68.281C soc2@66.375C soc0@66.718C gpu@70.5C tj@70.5C soc1@65.906C VDD_IN 22438mW/22059mW VDD_CPU_GPU_CV 8862mW/8587mW VDD_SOC 7872mW/7855mW
09-02-2026 14:32:50 RAM 3990/7620MB (lfb 2x4MB) SWAP 1/3810MB (cached 0MB) CPU [21%@1728,1%@1728,52%@1728,35%@1728,21%@729,31%@729] GR3D_FREQ 99% cpu@68.187C soc2@66.5C soc0@66.75C gpu@70C tj@70C soc1@65.968C VDD_IN 22162mW/22060mW VDD_CPU_GPU_CV 8549mW/8587mW VDD_SOC 7951mW/7856mW
09-02-2026 14:32:55 RAM 3985/7620MB (lfb 2x4MB) SWAP 1/3810MB (cached 0MB) CPU [20%@1728,8%@1728,62%@1728,7%@1728,40%@1574,32%@1574] GR3D_FREQ 99% cpu@68.656C soc2@66.312C soc0@66.656C gpu@70.625C tj@70.625C soc1@65.781C VDD_IN 22045mW/22060mW VDD_CPU_GPU_CV 8627mW/8587mW VDD_SOC 7872mW/7856mW
09-02-2026 14:33:00 RAM 3978/7620MB (lfb 2x4MB) SWAP 1/3810MB (cached 0MB) CPU [12%@1728,5%@1728,55%@1728,35%@1728,20%@1728,34%@1728] GR3D_FREQ 92% cpu@68.343C soc2@66.375C soc0@66.781C gpu@70.375C tj@70.375C soc1@65.937C VDD_IN 22398mW/22061mW VDD_CPU_GPU_CV 8588mW/8587mW VDD_SOC 8068mW/7857mW
09-02-2026 14:33:05 RAM 3999/7620MB (lfb 1x4MB) SWAP 1/3810MB (cached 0MB) CPU [11%@1267,9%@1267,20%@1267,20%@1267,61%@1728,40%@1728] GR3D_FREQ 99% cpu@68.875C soc2@66.468C soc0@66.75C gpu@70.156C tj@70.156C soc1@65.843C VDD_IN 22872mW/22066mW VDD_CPU_GPU_CV 8823mW/8588mW VDD_SOC 8225mW/7859mW
09-02-2026 14:33:10 RAM 3976/7620MB (lfb 1x4MB) SWAP 1/3810MB (cached 0MB) CPU [11%@729,2%@729,22%@729,22%@729,52%@1728,59%@1728] GR3D_FREQ 99% cpu@68.687C soc2@66.406C soc0@66.718C gpu@70.625C tj@70.625C soc1@66C VDD_IN 22715mW/22069mW VDD_CPU_GPU_CV 9018mW/8591mW VDD_SOC 7990mW/7860mW
09-02-2026 14:33:15 RAM 3974/7620MB (lfb 2x4MB) SWAP 1/3810MB (cached 0MB) CPU [9%@1728,24%@1728,24%@1728,6%@1728,26%@1267,69%@1267] GR3D_FREQ 99% cpu@68.875C soc2@66.5C soc0@66.718C gpu@70.375C tj@70.375C soc1@65.906C VDD_IN 22595mW/22072mW VDD_CPU_GPU_CV 8784mW/8592mW VDD_SOC 8068mW/7861mW
09-02-2026 14:33:20 RAM 3990/7620MB (lfb 2x4MB) SWAP 1/3810MB (cached 0MB) CPU [8%@729,30%@729,23%@729,32%@729,26%@1728,39%@1728] GR3D_FREQ 99% cpu@68.437C soc2@66.375C soc0@66.781C gpu@70.343C tj@70.343C soc1@66.125C VDD_IN 22595mW/22075mW VDD_CPU_GPU_CV 8862mW/8593mW VDD_SOC 7990mW/7862mW
09-02-2026 14:33:25 RAM 3995/7620MB (lfb 2x4MB) SWAP 1/3810MB (cached 0MB) CPU [8%@1728,33%@1728,1%@1728,59%@1728,35%@1574,33%@1574] GR3D_FREQ 98% cpu@68.375C soc2@66.468C soc0@66.75C gpu@70.375C tj@70.375C soc1@65.906C VDD_IN 22202mW/22076mW VDD_CPU_GPU_CV 8705mW/8594mW VDD_SOC 7911mW/7862mW
09-02-2026 14:33:30 RAM 3978/7620MB (lfb 2x4MB) SWAP 1/3810MB (cached 0MB) CPU [13%@1728,48%@1728,5%@1728,55%@1728,19%@729,25%@729] GR3D_FREQ 99% cpu@68.531C soc2@66.562C soc0@66.75C gpu@70.062C tj@70.062C soc1@66.031C VDD_IN 22555mW/22078mW VDD_CPU_GPU_CV 8666mW/8594mW VDD_SOC 8146mW/7864mW
09-02-2026 14:33:35 RAM 3978/7620MB (lfb 2x4MB) SWAP 1/3810MB (cached 0MB) CPU [39%@1728,7%@1728,2%@1728,60%@1728,29%@1728,31%@1728] GR3D_FREQ 99% cpu@68.375C soc2@66.5C soc0@66.687C gpu@70.718C tj@70.718C soc1@65.937C VDD_IN 22477mW/22080mW VDD_CPU_GPU_CV 8823mW/8595mW VDD_SOC 7951mW/7864mW
09-02-2026 14:33:40 RAM 3971/7620MB (lfb 2x4MB) SWAP 1/3810MB (cached 0MB) CPU [9%@1497,26%@1497,12%@1497,18%@1497,45%@1728,46%@1728] GR3D_FREQ 99% cpu@68.5C soc2@66.468C soc0@66.718C gpu@70.468C tj@70.468C soc1@65.906C VDD_IN 22084mW/22080mW VDD_CPU_GPU_CV 8627mW/8595mW VDD_SOC 7872mW/7864mW
09-02-2026 14:33:45 RAM 3969/7620MB (lfb 2x4MB) SWAP 1/3810MB (cached 0MB) CPU [13%@729,17%@729,5%@729,18%@729,51%@1728,61%@1728] GR3D_FREQ 32% cpu@68.312C soc2@66.343C soc0@66.781C gpu@69.781C tj@69.781C soc1@65.875C VDD_IN 22045mW/22080mW VDD_CPU_GPU_CV 8471mW/8595mW VDD_SOC 8003mW/7865mW
09-02-2026 14:33:51 RAM 4012/7620MB (lfb 2x4MB) SWAP 1/3810MB (cached 0MB) CPU [11%@729,13%@1728,13%@1728,22%@1728,28%@1728,69%@1728] GR3D_FREQ 99% cpu@68.125C soc2@66.406C soc0@66.812C gpu@70.531C tj@70.531C soc1@65.968C VDD_IN 22676mW/22083mW VDD_CPU_GPU_CV 9018mW/8597mW VDD_SOC 7990mW/7865mW
09-02-2026 14:33:56 RAM 3989/7620MB (lfb 2x4MB) SWAP 1/3810MB (cached 0MB) CPU [18%@883,7%@883,19%@883,7%@883,50%@1728,59%@1728] GR3D_FREQ 99% cpu@68.25C soc2@66.375C soc0@66.781C gpu@70.375C tj@70.375C soc1@65.875C VDD_IN 22162mW/22084mW VDD_CPU_GPU_CV 8588mW/8597mW VDD_SOC 7911mW/7866mW
09-02-2026 14:34:01 RAM 3995/7620MB (lfb 2x4MB) SWAP 1/3810MB (cached 0MB) CPU [9%@960,16%@960,23%@960,6%@960,48%@1728,56%@1728] GR3D_FREQ 99% cpu@68.218C soc2@66.187C soc0@66.687C gpu@70.281C tj@70.281C soc1@65.937C VDD_IN 22162mW/22084mW VDD_CPU_GPU_CV 8784mW/8598mW VDD_SOC 7794mW/7865mW
09-02-2026 14:34:06 RAM 3986/7620MB (lfb 2x4MB) SWAP 1/3810MB (cached 0MB) CPU [10%@1728,12%@1728,16%@1728,15%@1728,44%@1728,58%@1728] GR3D_FREQ 97% cpu@68.406C soc2@66.312C soc0@66.812C gpu@70.531C tj@70.531C soc1@65.812C VDD_IN 21927mW/22083mW VDD_CPU_GPU_CV 8563mW/8598mW VDD_SOC 7846mW/7865mW
09-02-2026 14:34:11 RAM 3992/7620MB (lfb 2x4MB) SWAP 1/3810MB (cached 0MB) CPU [9%@729,6%@729,19%@729,17%@729,39%@1728,64%@1728] GR3D_FREQ 99% cpu@68.625C soc2@66.375C soc0@66.781C gpu@70.25C tj@70.25C soc1@65.968C VDD_IN 22320mW/22084mW VDD_CPU_GPU_CV 8627mW/8598mW VDD_SOC 8029mW/7866mW
09-02-2026 14:34:16 RAM 4008/7620MB (lfb 2x4MB) SWAP 1/3810MB (cached 0MB) CPU [6%@1728,2%@1728,24%@1728,21%@1728,43%@1728,63%@1728] GR3D_FREQ 99% cpu@68.281C soc2@66.281C soc0@66.906C gpu@70.406C tj@70.406C soc1@65.906C VDD_IN 22123mW/22085mW VDD_CPU_GPU_CV 8627mW/8598mW VDD_SOC 7872mW/7866mW
09-02-2026 14:34:21 RAM 3980/7620MB (lfb 2x4MB) SWAP 1/3810MB (cached 0MB) CPU [17%@729,13%@729,9%@729,12%@729,48%@1728,59%@1728] GR3D_FREQ 28% cpu@68.437C soc2@66.375C soc0@66.75C gpu@69.906C tj@69.906C soc1@65.906C VDD_IN 22162mW/22085mW VDD_CPU_GPU_CV 8432mW/8597mW VDD_SOC 7990mW/7867mW
09-02-2026 14:34:26 RAM 3989/7620MB (lfb 2x4MB) SWAP 1/3810MB (cached 0MB) CPU [21%@1728,15%@1728,14%@1728,3%@1728,56%@1728,51%@1728] GR3D_FREQ 99% cpu@68.343C soc2@66.406C soc0@66.843C gpu@70.375C tj@70.375C soc1@65.875C VDD_IN 22084mW/22085mW VDD_CPU_GPU_CV 8666mW/8597mW VDD_SOC 7833mW/7866mW
09-02-2026 14:34:31 RAM 3982/7620MB (lfb 2x4MB) SWAP 1/3810MB (cached 0MB) CPU [17%@1728,20%@1728,13%@1728,2%@1728,55%@1728,54%@1728] GR3D_FREQ 77% cpu@68.281C soc2@66.375C soc0@66.781C gpu@70.156C tj@70.156C soc1@65.937C VDD_IN 22438mW/22087mW VDD_CPU_GPU_CV 8666mW/8598mW VDD_SOC 8068mW/7867mW
09-02-2026 14:34:36 RAM 4004/7620MB (lfb 1x4MB) SWAP 1/3810MB (cached 0MB) CPU [15%@1728,23%@1728,12%@1728,3%@1728,56%@1728,57%@1728] GR3D_FREQ 99% cpu@68.312C soc2@66.468C soc0@66.875C gpu@70.781C tj@70.781C soc1@65.937C VDD_IN 22754mW/22090mW VDD_CPU_GPU_CV 9081mW/8600mW VDD_SOC 7990mW/7868mW
09-02-2026 14:34:41 RAM 3986/7620MB (lfb 1x4MB) SWAP 1/3810MB (cached 0MB) CPU [7%@1728,21%@1728,22%@1728,4%@1728,44%@1344,57%@1344] GR3D_FREQ 99% cpu@68.687C soc2@66.343C soc0@66.75C gpu@70.375C tj@70.375C soc1@66.031C VDD_IN 21809mW/22089mW VDD_CPU_GPU_CV 8329mW/8599mW VDD_SOC 7885mW/7868mW
09-02-2026 14:34:46 RAM 3984/7620MB (lfb 1x4MB) SWAP 1/3810MB (cached 0MB) CPU [38%@1728,2%@1728,57%@1728,2%@1728,27%@729,35%@729] GR3D_FREQ 99% cpu@68.468C soc2@66.375C soc0@66.906C gpu@70.531C tj@70.531C soc1@65.843C VDD_IN 22241mW/22089mW VDD_CPU_GPU_CV 8784mW/8600mW VDD_SOC 7833mW/7868mW
09-02-2026 14:34:51 RAM 3985/7620MB (lfb 1x4MB) SWAP 1/3810MB (cached 0MB) CPU [19%@1728,6%@1728,47%@1728,29%@1728,26%@1190,39%@1190] GR3D_FREQ 51% cpu@68.906C soc2@66.531C soc0@66.843C gpu@70.218C tj@70.218C soc1@65.968C VDD_IN 22595mW/22092mW VDD_CPU_GPU_CV 8862mW/8601mW VDD_SOC 7990mW/7869mW
09-02-2026 14:34:56 RAM 3983/7620MB (lfb 1x4MB) SWAP 1/3810MB (cached 0MB) CPU [28%@1728,6%@1728,57%@1728,19%@1728,25%@729,34%@729] GR3D_FREQ 99% cpu@68.5C soc2@66.468C soc0@66.781C gpu@70.531C tj@70.531C soc1@66.031C VDD_IN 22676mW/22095mW VDD_CPU_GPU_CV 8784mW/8602mW VDD_SOC 8146mW/7870mW
09-02-2026 14:35:01 RAM 3977/7620MB (lfb 1x4MB) SWAP 1/3810MB (cached 0MB) CPU [11%@1728,48%@1728,47%@1728,3%@1728,32%@1574,25%@1574] GR3D_FREQ 73% cpu@68.218C soc2@66.468C soc0@66.812C gpu@70.5C tj@70.312C soc1@65.906C VDD_IN 22202mW/22095mW VDD_CPU_GPU_CV 8666mW/8602mW VDD_SOC 7872mW/7870mW
09-02-2026 14:35:06 RAM 3980/7620MB (lfb 1x4MB) SWAP 1/3810MB (cached 0MB) CPU [5%@1728,54%@1728,51%@1728,1%@1728,21%@729,31%@729] GR3D_FREQ 99% cpu@68C soc2@66.468C soc0@66.75C gpu@70.531C tj@70.531C soc1@66C VDD_IN 22438mW/22097mW VDD_CPU_GPU_CV 8862mW/8604mW VDD_SOC 7833mW/7870mW
09-02-2026 14:35:11 RAM 3968/7620MB (lfb 2x4MB) SWAP 1/3810MB (cached 0MB) CPU [27%@1728,20%@1728,56%@1728,10%@1728,22%@960,29%@960] GR3D_FREQ 99% cpu@68.812C soc2@66.5C soc0@66.718C gpu@70.25C tj@70.25C soc1@65.843C VDD_IN 21887mW/22096mW VDD_CPU_GPU_CV 8407mW/8603mW VDD_SOC 7924mW/7870mW
09-02-2026 14:35:16 RAM 3985/7620MB (lfb 2x4MB) SWAP 1/3810MB (cached 0MB) CPU [49%@1728,3%@1728,63%@1728,1%@1728,20%@1574,33%@1574] GR3D_FREQ 99% cpu@68.531C soc2@66.375C soc0@66.75C gpu@70.406C tj@70.406C soc1@65.906C VDD_IN 22162mW/22096mW VDD_CPU_GPU_CV 8705mW/8603mW VDD_SOC 7872mW/7870mW
09-02-2026 14:35:21 RAM 3976/7620MB (lfb 2x4MB) SWAP 1/3810MB (cached 0MB) CPU [3%@1728,56%@1728,50%@1728,1%@1728,22%@960,28%@960] GR3D_FREQ 99% cpu@68.562C soc2@66.468C soc0@66.875C gpu@70.125C tj@70.125C soc1@65.875C VDD_IN 22362mW/22097mW VDD_CPU_GPU_CV 8784mW/8604mW VDD_SOC 7990mW/7871mW
09-02-2026 14:35:26 RAM 3993/7620MB (lfb 2x4MB) SWAP 1/3810MB (cached 0MB) CPU [24%@1728,29%@1728,56%@1728,1%@1728,29%@1344,23%@1344] GR3D_FREQ 99% cpu@68.375C soc2@66.281C soc0@66.75C gpu@70.593C tj@70.593C soc1@65.906C VDD_IN 21848mW/22096mW VDD_CPU_GPU_CV 8485mW/8603mW VDD_SOC 7846mW/7870mW
09-02-2026 14:35:31 RAM 3977/7620MB (lfb 2x4MB) SWAP 1/3810MB (cached 0MB) CPU [3%@1728,56%@1728,52%@1728,1%@1728,23%@883,29%@883] GR3D_FREQ 99% cpu@68.187C soc2@66.312C soc0@66.781C gpu@70.468C tj@70.468C soc1@65.781C VDD_IN 22123mW/22096mW VDD_CPU_GPU_CV 8744mW/8604mW VDD_SOC 7833mW/7870mW
09-02-2026 14:35:36 RAM 3976/7620MB (lfb 2x4MB) SWAP 1/3810MB (cached 0MB) CPU [36%@1728,59%@1728,14%@1728,1%@1728,25%@729,28%@729] GR3D_FREQ 77% cpu@68.468C soc2@66.5C soc0@66.75C gpu@69.843C tj@69.843C soc1@65.875C VDD_IN 22162mW/22097mW VDD_CPU_GPU_CV 8432mW/8603mW VDD_SOC 8029mW/7871mW
09-02-2026 14:35:41 RAM 3995/7620MB (lfb 2x4MB) SWAP 1/3810MB (cached 0MB) CPU [27%@1728,18%@1728,65%@1728,1%@1728,21%@1574,30%@1574] GR3D_FREQ 74% cpu@68.406C soc2@66.25C soc0@66.812C gpu@70.25C tj@70.25C soc1@65.843C VDD_IN 22202mW/22097mW VDD_CPU_GPU_CV 8666mW/8604mW VDD_SOC 7911mW/7871mW
09-02-2026 14:35:46 RAM 3980/7620MB (lfb 2x4MB) SWAP 1/3810MB (cached 0MB) CPU [43%@1728,5%@1728,63%@1728,1%@1728,33%@729,18%@729] GR3D_FREQ 99% cpu@68.281C soc2@66.531C soc0@66.687C gpu@70.343C tj@70.343C soc1@65.875C VDD_IN 22398mW/22099mW VDD_CPU_GPU_CV 8705mW/8604mW VDD_SOC 7990mW/7872mW
09-02-2026 14:35:51 RAM 3981/7620MB (lfb 2x4MB) SWAP 1/3810MB (cached 0MB) CPU [23%@1728,24%@1728,54%@1728,2%@1728,31%@1574,28%@1574] GR3D_FREQ 80% cpu@68.031C soc2@66.343C soc0@66.75C gpu@70.312C tj@70.312C soc1@65.906C VDD_IN 21927mW/22098mW VDD_CPU_GPU_CV 8524mW/8604mW VDD_SOC 7833mW/7872mW
09-02-2026 14:35:56 RAM 3975/7620MB (lfb 2x4MB) SWAP 1/3810MB (cached 0MB) CPU [7%@1728,50%@1728,49%@1728,1%@1728,29%@729,21%@729] GR3D_FREQ 99% cpu@68.218C soc2@66.281C soc0@66.687C gpu@70.218C tj@70.218C soc1@65.812C VDD_IN 22320mW/22099mW VDD_CPU_GPU_CV 8784mW/8604mW VDD_SOC 7872mW/7872mW
09-02-2026 14:36:01 RAM 3987/7620MB (lfb 2x4MB) SWAP 1/3810MB (cached 0MB) CPU [3%@1728,52%@1728,57%@1728,1%@1728,24%@1036,27%@1036] GR3D_FREQ 99% cpu@68.687C soc2@66.312C soc0@66.687C gpu@70.093C tj@70.093C soc1@65.937C VDD_IN 21730mW/22097mW VDD_CPU_GPU_CV 8368mW/8603mW VDD_SOC 7846mW/7871mW
09-02-2026 14:36:06 RAM 3993/7620MB (lfb 2x4MB) SWAP 1/3810MB (cached 0MB) CPU [17%@1728,24%@1728,62%@1728,1%@1728,35%@729,28%@729] GR3D_FREQ 99% cpu@68.593C soc2@66.406C soc0@66.75C gpu@70.75C tj@70.75C soc1@65.812C VDD_IN 22438mW/22099mW VDD_CPU_GPU_CV 8901mW/8605mW VDD_SOC 7872mW/7871mW
09-02-2026 14:36:11 RAM 3981/7620MB (lfb 2x4MB) SWAP 1/3810MB (cached 0MB) CPU [10%@1728,45%@1728,51%@1728,2%@1728,18%@729,32%@729] GR3D_FREQ 34% cpu@67.937C soc2@66.281C soc0@66.718C gpu@70.281C tj@70.281C soc1@65.906C VDD_IN 21730mW/22097mW VDD_CPU_GPU_CV 8329mW/8603mW VDD_SOC 7885mW/7872mW
09-02-2026 14:36:16 RAM 3987/7620MB (lfb 2x4MB) SWAP 1/3810MB (cached 0MB) CPU [3%@1728,57%@1728,55%@1728,0%@1728,28%@1574,24%@1574] GR3D_FREQ 99% cpu@68.156C soc2@66.312C soc0@66.843C gpu@70.25C tj@70.25C soc1@65.75C VDD_IN 22241mW/22098mW VDD_CPU_GPU_CV 8744mW/8604mW VDD_SOC 7911mW/7872mW
09-02-2026 14:36:21 RAM 3988/7620MB (lfb 2x4MB) SWAP 1/3810MB (cached 0MB) CPU [4%@1728,41%@1728,54%@1728,5%@1728,36%@729,28%@729] GR3D_FREQ 99% cpu@68.406C soc2@66.468C soc0@66.718C gpu@69.968C tj@69.968C soc1@65.843C VDD_IN 22359mW/22099mW VDD_CPU_GPU_CV 8510mW/8604mW VDD_SOC 8068mW/7873mW
09-02-2026 14:36:26 RAM 3987/7620MB (lfb 2x4MB) SWAP 1/3810MB (cached 0MB) CPU [8%@1728,48%@1728,39%@1728,8%@1728,35%@1728,20%@1728] GR3D_FREQ 99% cpu@68.218C soc2@66.375C soc0@66.718C gpu@70.812C tj@70.812C soc1@65.937C VDD_IN 22595mW/22101mW VDD_CPU_GPU_CV 8940mW/8605mW VDD_SOC 8029mW/7873mW
09-02-2026 14:36:31 RAM 3988/7620MB (lfb 2x4MB) SWAP 1/3810MB (cached 0MB) CPU [26%@1344,11%@1344,24%@1344,5%@1344,50%@1728,50%@1728] GR3D_FREQ 99% cpu@68.437C soc2@66.468C soc0@66.781C gpu@70.218C tj@70.218C soc1@65.843C VDD_IN 22438mW/22103mW VDD_CPU_GPU_CV 8705mW/8606mW VDD_SOC 8029mW/7874mW
09-02-2026 14:36:36 RAM 3985/7620MB (lfb 2x4MB) SWAP 1/3810MB (cached 0MB) CPU [7%@1728,22%@1728,22%@1728,3%@1728,55%@1728,56%@1728] GR3D_FREQ 99% cpu@68.343C soc2@66.343C soc0@66.625C gpu@70.656C tj@70.656C soc1@66C VDD_IN 22477mW/22104mW VDD_CPU_GPU_CV 8940mW/8607mW VDD_SOC 7872mW/7874mW
09-02-2026 14:36:41 RAM 3997/7620MB (lfb 1x4MB) SWAP 1/3810MB (cached 0MB) CPU [6%@729,23%@729,21%@729,2%@729,54%@1728,57%@1728] GR3D_FREQ 99% cpu@68.437C soc2@66.375C soc0@66.687C gpu@70.437C tj@70.437C soc1@65.812C VDD_IN 22359mW/22105mW VDD_CPU_GPU_CV 8744mW/8608mW VDD_SOC 7951mW/7874mW
09-02-2026 14:36:46 RAM 3990/7620MB (lfb 1x4MB) SWAP 1/3810MB (cached 0MB) CPU [13%@729,19%@729,22%@729,9%@729,53%@1728,48%@1728] GR3D_FREQ 99% cpu@68.406C soc2@66.375C soc0@66.75C gpu@70.156C tj@70.156C soc1@65.968C VDD_IN 22555mW/22107mW VDD_CPU_GPU_CV 8901mW/8609mW VDD_SOC 7990mW/7875mW
09-02-2026 14:36:51 RAM 3984/7620MB (lfb 2x4MB) SWAP 1/3810MB (cached 0MB) CPU [5%@1728,24%@1728,3%@1728,21%@1728,46%@1728,64%@1728] GR3D_FREQ 75% cpu@68.375C soc2@66.375C soc0@66.75C gpu@70.218C tj@70.218C soc1@65.812C VDD_IN 22241mW/22108mW VDD_CPU_GPU_CV 8666mW/8609mW VDD_SOC 7911mW/7875mW
09-02-2026 14:36:56 RAM 3992/7620MB (lfb 2x4MB) SWAP 1/3810MB (cached 0MB) CPU [13%@1728,23%@1728,6%@1728,11%@1728,64%@1728,39%@1728] GR3D_FREQ 99% cpu@68.187C soc2@66.343C soc0@66.687C gpu@70.625C tj@70.218C soc1@66C VDD_IN 22438mW/22109mW VDD_CPU_GPU_CV 8823mW/8610mW VDD_SOC 7911mW/7875mW
09-02-2026 14:37:01 RAM 3978/7620MB (lfb 2x4MB) SWAP 1/3810MB (cached 0MB) CPU [13%@1728,23%@1728,10%@1728,10%@1728,41%@1728,68%@1728] GR3D_FREQ 75% cpu@68.687C soc2@66.437C soc0@66.875C gpu@70.25C tj@70.25C soc1@65.875C VDD_IN 22398mW/22111mW VDD_CPU_GPU_CV 8784mW/8611mW VDD_SOC 7951mW/7875mW
09-02-2026 14:37:06 RAM 3990/7620MB (lfb 2x4MB) SWAP 1/3810MB (cached 0MB) CPU [7%@1728,49%@1728,24%@1728,8%@1728,32%@1574,39%@1574] GR3D_FREQ 70% cpu@68.812C soc2@66.437C soc0@66.875C gpu@70.656C tj@70.656C soc1@66.031C VDD_IN 22673mW/22113mW VDD_CPU_GPU_CV 8901mW/8612mW VDD_SOC 8029mW/7876mW
09-02-2026 14:37:11 RAM 3975/7620MB (lfb 1x4MB) SWAP 1/3810MB (cached 0MB) CPU [5%@1728,43%@1728,14%@1728,15%@1728,27%@1728,60%@1728] GR3D_FREQ 99% cpu@68.375C soc2@66.531C soc0@66.937C gpu@70.625C tj@70.625C soc1@66.031C VDD_IN 22634mW/22115mW VDD_CPU_GPU_CV 8862mW/8613mW VDD_SOC 8029mW/7877mW
09-02-2026 14:37:16 RAM 3990/7620MB (lfb 2x4MB) SWAP 1/3810MB (cached 0MB) CPU [19%@1728,29%@1728,37%@1728,20%@1728,29%@729,29%@729] GR3D_FREQ 99% cpu@68.5C soc2@66.531C soc0@66.937C gpu@70.625C tj@70.625C soc1@66.125C VDD_IN 22477mW/22117mW VDD_CPU_GPU_CV 8744mW/8614mW VDD_SOC 8068mW/7878mW
09-02-2026 14:37:21 RAM 3971/7620MB (lfb 2x4MB) SWAP 1/3810MB (cached 0MB) CPU [27%@1728,30%@1728,31%@1728,13%@1728,21%@729,39%@729] GR3D_FREQ 31% cpu@68.75C soc2@66.562C soc0@66.937C gpu@70.062C tj@70.062C soc1@66.031C VDD_IN 22045mW/22117mW VDD_CPU_GPU_CV 8368mW/8613mW VDD_SOC 7951mW/7878mW
09-02-2026 14:37:26 RAM 3977/7620MB (lfb 2x4MB) SWAP 1/3810MB (cached 0MB) CPU [12%@1728,35%@1728,15%@1728,48%@1728,26%@1497,32%@1497] GR3D_FREQ 99% cpu@68.437C soc2@66.625C soc0@66.812C gpu@70.843C tj@70.843C soc1@65.968C VDD_IN 22555mW/22118mW VDD_CPU_GPU_CV 8862mW/8614mW VDD_SOC 7990mW/7878mW
09-02-2026 14:37:31 RAM 3990/7620MB (lfb 2x4MB) SWAP 1/3810MB (cached 0MB) CPU [29%@1651,7%@1728,5%@1728,53%@1728,18%@729,49%@729] GR3D_FREQ 99% cpu@68.468C soc2@66.531C soc0@66.968C gpu@70.687C tj@70.687C soc1@66.125C VDD_IN 22477mW/22120mW VDD_CPU_GPU_CV 8784mW/8615mW VDD_SOC 8029mW/7879mW
09-02-2026 14:37:36 RAM 3990/7620MB (lfb 2x4MB) SWAP 1/3810MB (cached 0MB) CPU [8%@1728,1%@1728,18%@1728,58%@1728,19%@1497,57%@1497] GR3D_FREQ 99% cpu@68.687C soc2@66.562C soc0@66.906C gpu@70.656C tj@70.656C soc1@66.062C VDD_IN 22555mW/22122mW VDD_CPU_GPU_CV 8744mW/8615mW VDD_SOC 8068mW/7880mW
09-02-2026 14:37:41 RAM 3981/7620MB (lfb 2x4MB) SWAP 1/3810MB (cached 0MB) CPU [60%@1728,4%@1728,1%@1728,45%@1728,23%@960,30%@960] GR3D_FREQ 99% cpu@68.218C soc2@66.562C soc0@66.875C gpu@70.593C tj@70.593C soc1@66.093C VDD_IN 22084mW/22122mW VDD_CPU_GPU_CV 8744mW/8616mW VDD_SOC 7794mW/7879mW
09-02-2026 14:37:46 RAM 4003/7620MB (lfb 2x4MB) SWAP 1/3810MB (cached 0MB) CPU [58%@1728,1%@1728,30%@1728,24%@1728,27%@960,24%@960] GR3D_FREQ 99% cpu@68.812C soc2@66.531C soc0@66.812C gpu@70.531C tj@70.218C soc1@65.937C VDD_IN 22241mW/22122mW VDD_CPU_GPU_CV 8666mW/8616mW VDD_SOC 7911mW/7880mW
09-02-2026 14:37:51 RAM 4011/7620MB (lfb 2x4MB) SWAP 1/3810MB (cached 0MB) CPU [24%@1728,2%@1728,25%@1728,61%@1728,26%@729,26%@729] GR3D_FREQ 99% cpu@68.625C soc2@66.375C soc0@66.906C gpu@70.343C tj@70.343C soc1@66.093C VDD_IN 21966mW/22121mW VDD_CPU_GPU_CV 8510mW/8615mW VDD_SOC 7885mW/7880mW
09-02-2026 14:37:56 RAM 4012/7620MB (lfb 1x4MB) SWAP 1/3810MB (cached 0MB) CPU [9%@1728,29%@1728,9%@1728,63%@1728,20%@729,33%@729] GR3D_FREQ 99% cpu@68.281C soc2@66.437C soc0@66.843C gpu@70.906C tj@70.906C soc1@65.906C VDD_IN 22398mW/22123mW VDD_CPU_GPU_CV 8862mW/8616mW VDD_SOC 7872mW/7880mW
09-02-2026 14:38:01 RAM 4004/7620MB (lfb 1x4MB) SWAP 1/3810MB (cached 0MB) CPU [22%@1728,22%@1728,6%@1728,58%@1728,31%@729,26%@729] GR3D_FREQ 45% cpu@68.375C soc2@66.375C soc0@66.812C gpu@70.375C tj@70.375C soc1@66.062C VDD_IN 21887mW/22122mW VDD_CPU_GPU_CV 8407mW/8616mW VDD_SOC 7924mW/7880mW
09-02-2026 14:38:06 RAM 4011/7620MB (lfb 1x4MB) SWAP 1/3810MB (cached 0MB) CPU [11%@1728,52%@1728,8%@1728,37%@1728,26%@1113,28%@1113] GR3D_FREQ 99% cpu@68.281C soc2@66.437C soc0@66.968C gpu@70.625C tj@70.625C soc1@65.968C VDD_IN 22241mW/22122mW VDD_CPU_GPU_CV 8744mW/8616mW VDD_SOC 7872mW/7880mW
09-02-2026 14:38:11 RAM 4012/7620MB (lfb 1x4MB) SWAP 1/3810MB (cached 0MB) CPU [7%@1728,7%@1728,19%@1728,57%@1728,29%@1113,42%@1113] GR3D_FREQ 99% cpu@68.656C soc2@66.468C soc0@66.75C gpu@70.281C tj@70.281C soc1@66.062C VDD_IN 21848mW/22121mW VDD_CPU_GPU_CV 8446mW/8615mW VDD_SOC 7885mW/7880mW
09-02-2026 14:38:16 RAM 4009/7620MB (lfb 1x4MB) SWAP 1/3810MB (cached 0MB) CPU [21%@1574,21%@1574,1%@1574,50%@1574,30%@1728,39%@1728] GR3D_FREQ 99% cpu@68.218C soc2@66.437C soc0@66.968C gpu@70.812C tj@70.812C soc1@65.906C VDD_IN 22636mW/22123mW VDD_CPU_GPU_CV 9018mW/8617mW VDD_SOC 7951mW/7880mW
09-02-2026 14:38:21 RAM 4024/7620MB (lfb 1x4MB) SWAP 1/3810MB (cached 0MB) CPU [10%@1728,6%@1728,14%@1728,58%@1728,21%@729,52%@729] GR3D_FREQ 99% cpu@68.406C soc2@66.593C soc0@66.812C gpu@70.781C tj@70.781C soc1@65.937C VDD_IN 22791mW/22126mW VDD_CPU_GPU_CV 9018mW/8619mW VDD_SOC 7951mW/7880mW
09-02-2026 14:38:26 RAM 3995/7620MB (lfb 1x4MB) SWAP 1/3810MB (cached 0MB) CPU [24%@729,19%@729,9%@729,31%@729,18%@1728,60%@1728] GR3D_FREQ 99% cpu@68.5C soc2@66.531C soc0@66.937C gpu@70.625C tj@70.625C soc1@66.062C VDD_IN 22634mW/22128mW VDD_CPU_GPU_CV 8979mW/8620mW VDD_SOC 7951mW/7881mW
09-02-2026 14:38:31 RAM 4019/7620MB (lfb 1x4MB) SWAP 1/3810MB (cached 0MB) CPU [20%@1728,6%@1728,5%@1728,22%@1728,46%@1651,58%@1651] GR3D_FREQ 99% cpu@68.5C soc2@66.5C soc0@66.812C gpu@70.156C tj@70.156C soc1@66.031C VDD_IN 21848mW/22127mW VDD_CPU_GPU_CV 8407mW/8619mW VDD_SOC 7924mW/7881mW
09-02-2026 14:38:36 RAM 4004/7620MB (lfb 1x4MB) SWAP 1/3810MB (cached 0MB) CPU [21%@1728,22%@1728,2%@1728,6%@1728,61%@1728,44%@1728] GR3D_FREQ 99% cpu@68.312C soc2@66.5C soc0@66.968C gpu@70.656C tj@70.656C soc1@65.968C VDD_IN 22595mW/22129mW VDD_CPU_GPU_CV 8979mW/8621mW VDD_SOC 7911mW/7881mW
09-02-2026 14:38:41 RAM 4015/7620MB (lfb 1x4MB) SWAP 1/3810MB (cached 0MB) CPU [11%@729,21%@729,14%@729,4%@729,38%@1728,66%@1728] GR3D_FREQ 99% cpu@68.5C soc2@66.5C soc0@66.875C gpu@70.406C tj@70.406C soc1@66C VDD_IN 22162mW/22129mW VDD_CPU_GPU_CV 8588mW/8621mW VDD_SOC 7951mW/7881mW
09-02-2026 14:38:46 RAM 4028/7620MB (lfb 1x4MB) SWAP 1/3810MB (cached 0MB) CPU [18%@1036,10%@1036,24%@1036,2%@1036,45%@1728,61%@1728] GR3D_FREQ 99% cpu@68.187C soc2@66.468C soc0@66.875C gpu@70.937C tj@70.937C soc1@65.937C VDD_IN 22516mW/22130mW VDD_CPU_GPU_CV 8979mW/8622mW VDD_SOC 7911mW/7881mW
09-02-2026 14:38:51 RAM 4017/7620MB (lfb 1x4MB) SWAP 1/3810MB (cached 0MB) CPU [21%@1728,4%@1728,18%@1728,9%@1728,35%@1728,68%@1728] GR3D_FREQ 99% cpu@68.562C soc2@66.437C soc0@66.937C gpu@70.593C tj@70.593C soc1@66C VDD_IN 21848mW/22129mW VDD_CPU_GPU_CV 8485mW/8621mW VDD_SOC 7846mW/7881mW
09-02-2026 14:38:56 RAM 4015/7620MB (lfb 1x4MB) SWAP 1/3810MB (cached 0MB) CPU [26%@1344,5%@1344,19%@1344,3%@1344,39%@1728,64%@1728] GR3D_FREQ 99% cpu@68.281C soc2@66.375C soc0@66.843C gpu@70.625C tj@70.625C soc1@66.062C VDD_IN 22280mW/22130mW VDD_CPU_GPU_CV 8823mW/8622mW VDD_SOC 7833mW/7881mW
09-02-2026 14:39:01 RAM 4018/7620MB (lfb 2x4MB) SWAP 1/3810MB (cached 0MB) CPU [23%@1728,4%@1728,22%@1728,12%@1728,33%@1728,65%@1728] GR3D_FREQ 99% cpu@68.343C soc2@66.468C soc0@66.781C gpu@70.375C tj@70.375C soc1@65.968C VDD_IN 21966mW/22129mW VDD_CPU_GPU_CV 8524mW/8622mW VDD_SOC 7885mW/7881mW
09-02-2026 14:39:06 RAM 4001/7620MB (lfb 1x4MB) SWAP 1/3810MB (cached 0MB) CPU [17%@729,9%@729,20%@1728,10%@1728,52%@1728,56%@1728] GR3D_FREQ 99% cpu@68.656C soc2@66.468C soc0@66.875C gpu@70.156C tj@70.156C soc1@66.125C VDD_IN 22555mW/22131mW VDD_CPU_GPU_CV 8705mW/8622mW VDD_SOC 8068mW/7882mW
09-02-2026 14:39:11 RAM 4005/7620MB (lfb 1x4MB) SWAP 1/3810MB (cached 0MB) CPU [11%@1728,23%@1728,26%@1728,14%@1728,39%@1036,59%@1036] GR3D_FREQ 99% cpu@68.406C soc2@66.531C soc0@66.812C gpu@70.562C tj@70.562C soc1@65.937C VDD_IN 22752mW/22133mW VDD_CPU_GPU_CV 8979mW/8624mW VDD_SOC 7990mW/7882mW
09-02-2026 14:39:16 RAM 4038/7620MB (lfb 1x4MB) SWAP 1/3810MB (cached 0MB) CPU [14%@1113,16%@1113,17%@1113,3%@1113,54%@729,54%@729] GR3D_FREQ 99% cpu@68.406C soc2@66.375C soc0@66.812C gpu@70.75C tj@70.75C soc1@66C VDD_IN 22162mW/22133mW VDD_CPU_GPU_CV 8588mW/8623mW VDD_SOC 7911mW/7882mW
09-02-2026 14:39:21 RAM 4026/7620MB (lfb 1x4MB) SWAP 1/3810MB (cached 0MB) CPU [1%@1728,24%@1728,24%@1728,4%@1728,42%@1728,64%@1728] GR3D_FREQ 99% cpu@68.812C soc2@66.531C soc0@66.781C gpu@70.343C tj@70.343C soc1@66C VDD_IN 22555mW/22135mW VDD_CPU_GPU_CV 8744mW/8624mW VDD_SOC 8068mW/7883mW
09-02-2026 14:39:26 RAM 4025/7620MB (lfb 2x4MB) SWAP 1/3810MB (cached 0MB) CPU [20%@1574,20%@1574,13%@1574,3%@1574,48%@1728,52%@1728] GR3D_FREQ 73% cpu@68.437C soc2@66.406C soc0@66.875C gpu@70.343C tj@70.687C soc1@65.937C VDD_IN 22045mW/22135mW VDD_CPU_GPU_CV 8641mW/8624mW VDD_SOC 7872mW/7883mW
09-02-2026 14:39:31 RAM 4014/7620MB (lfb 1x4MB) SWAP 1/3810MB (cached 0MB) CPU [11%@729,18%@729,16%@729,8%@729,28%@1728,77%@1728] GR3D_FREQ 52% cpu@68.531C soc2@66.437C soc0@66.812C gpu@70.062C tj@70.062C soc1@65.843C VDD_IN 22162mW/22135mW VDD_CPU_GPU_CV 8393mW/8623mW VDD_SOC 8029mW/7884mW
09-02-2026 14:39:36 RAM 4021/7620MB (lfb 1x4MB) SWAP 1/3810MB (cached 0MB) CPU [11%@1728,16%@1728,5%@1728,52%@1728,20%@729,57%@729] GR3D_FREQ 99% cpu@68.718C soc2@66.5C soc0@66.812C gpu@70.375C tj@70.375C soc1@66C VDD_IN 22676mW/22137mW VDD_CPU_GPU_CV 8901mW/8624mW VDD_SOC 8068mW/7884mW
09-02-2026 14:39:41 RAM 4020/7620MB (lfb 1x4MB) SWAP 1/3810MB (cached 0MB) CPU [13%@1728,37%@1728,40%@1728,16%@1728,22%@1574,34%@1574] GR3D_FREQ 99% cpu@68.718C soc2@66.531C soc0@66.937C gpu@70.343C tj@70.343C soc1@65.937C VDD_IN 22202mW/22137mW VDD_CPU_GPU_CV 8705mW/8624mW VDD_SOC 7872mW/7884mW
09-02-2026 14:39:46 RAM 4012/7620MB (lfb 1x4MB) SWAP 1/3810MB (cached 0MB) CPU [1%@1190,52%@1190,57%@1190,1%@1190,22%@960,29%@960] GR3D_FREQ 99% cpu@68.312C soc2@66.468C soc0@66.843C gpu@70.593C tj@70.593C soc1@66.031C VDD_IN 22241mW/22137mW VDD_CPU_GPU_CV 8627mW/8624mW VDD_SOC 7951mW/7884mW
09-02-2026 14:39:51 RAM 4019/7620MB (lfb 2x4MB) SWAP 1/3810MB (cached 0MB) CPU [1%@1728,51%@1728,51%@1728,2%@1728,22%@729,30%@729] GR3D_FREQ 99% cpu@68.437C soc2@66.375C soc0@66.937C gpu@70.5C tj@70.5C soc1@65.906C VDD_IN 21887mW/22136mW VDD_CPU_GPU_CV 8446mW/8624mW VDD_SOC 7846mW/7884mW
09-02-2026 14:39:56 RAM 4005/7620MB (lfb 3x4MB) SWAP 1/3810MB (cached 0MB) CPU [3%@1728,46%@1728,44%@1728,1%@1728,35%@1728,28%@1728] GR3D_FREQ 99% cpu@68.906C soc2@66.5C soc0@66.812C gpu@70.187C tj@70.187C soc1@66.062C VDD_IN 22833mW/22139mW VDD_CPU_GPU_CV 8784mW/8624mW VDD_SOC 8225mW/7886mW
09-02-2026 14:40:01 RAM 3998/7620MB (lfb 2x4MB) SWAP 1/3810MB (cached 0MB) CPU [17%@1728,13%@1728,44%@1728,18%@1728,22%@806,40%@806] GR3D_FREQ 99% cpu@68.281C soc2@66.437C soc0@66.906C gpu@70.5C tj@70.5C soc1@66C VDD_IN 22280mW/22140mW VDD_CPU_GPU_CV 8823mW/8625mW VDD_SOC 7833mW/7885mW
09-02-2026 14:40:06 RAM 4031/7620MB (lfb 2x4MB) SWAP 1/3810MB (cached 0MB) CPU [35%@1728,12%@1728,13%@1728,52%@1728,25%@729,26%@729] GR3D_FREQ 99% cpu@68.718C soc2@66.468C soc0@66.781C gpu@70.343C tj@70.343C soc1@66C VDD_IN 22202mW/22140mW VDD_CPU_GPU_CV 8588mW/8625mW VDD_SOC 7951mW/7886mW
09-02-2026 14:40:11 RAM 4028/7620MB (lfb 2x4MB) SWAP 1/3810MB (cached 0MB) CPU [3%@1728,51%@1728,3%@1728,47%@1728,30%@1497,22%@1497] GR3D_FREQ 99% cpu@68.156C soc2@66.406C soc0@66.843C gpu@70.5C tj@70.5C soc1@65.906C VDD_IN 22084mW/22140mW VDD_CPU_GPU_CV 8666mW/8625mW VDD_SOC 7794mW/7885mW
09-02-2026 14:40:16 RAM 4006/7620MB (lfb 3x4MB) SWAP 1/3810MB (cached 0MB) CPU [10%@1728,27%@1728,2%@1728,55%@1728,27%@1190,39%@1190] GR3D_FREQ 99% cpu@68.468C soc2@66.468C soc0@66.781C gpu@70.781C tj@70.781C soc1@66.031C VDD_IN 22595mW/22141mW VDD_CPU_GPU_CV 8784mW/8626mW VDD_SOC 8068mW/7886mW
09-02-2026 14:40:21 RAM 4022/7620MB (lfb 3x4MB) SWAP 1/3810MB (cached 0MB) CPU [10%@1190,39%@1190,6%@1190,10%@1190,37%@1728,54%@1728] GR3D_FREQ 99% cpu@68.406C soc2@66.468C soc0@66.875C gpu@70.468C tj@70.468C soc1@66.062C VDD_IN 22320mW/22142mW VDD_CPU_GPU_CV 8627mW/8626mW VDD_SOC 7990mW/7886mW
09-02-2026 14:40:26 RAM 4017/7620MB (lfb 3x4MB) SWAP 1/3810MB (cached 0MB) CPU [21%@1728,21%@1728,8%@1728,19%@1728,44%@1728,45%@1728] GR3D_FREQ 99% cpu@68.375C soc2@66.468C soc0@66.75C gpu@70.687C tj@70.687C soc1@65.937C VDD_IN 22320mW/22143mW VDD_CPU_GPU_CV 8823mW/8626mW VDD_SOC 7833mW/7886mW
09-02-2026 14:40:31 RAM 4015/7620MB (lfb 2x4MB) SWAP 1/3810MB (cached 0MB) CPU [30%@1728,18%@1728,6%@1728,19%@1728,32%@1574,57%@1574] GR3D_FREQ 99% cpu@68.843C soc2@66.5C soc0@66.843C gpu@70.468C tj@70.468C soc1@66.062C VDD_IN 22754mW/22145mW VDD_CPU_GPU_CV 8979mW/8628mW VDD_SOC 8068mW/7887mW
09-02-2026 14:40:36 RAM 4011/7620MB (lfb 2x4MB) SWAP 1/3810MB (cached 0MB) CPU [8%@729,35%@729,19%@729,19%@729,17%@1728,56%@1728] GR3D_FREQ 99% cpu@68.562C soc2@66.531C soc0@66.937C gpu@70.875C tj@70.875C soc1@65.968C VDD_IN 22359mW/22146mW VDD_CPU_GPU_CV 8705mW/8628mW VDD_SOC 7990mW/7887mW
09-02-2026 14:40:41 RAM 4018/7620MB (lfb 1x4MB) SWAP 1/3810MB (cached 0MB) CPU [31%@1113,10%@1113,23%@1113,30%@1113,29%@1728,37%@1728] GR3D_FREQ 99% cpu@69.125C soc2@66.468C soc0@66.937C gpu@70.312C tj@70.312C soc1@66.093C VDD_IN 22595mW/22147mW VDD_CPU_GPU_CV 8549mW/8628mW VDD_SOC 8186mW/7888mW
09-02-2026 14:40:46 RAM 4023/7620MB (lfb 1x4MB) SWAP 1/3810MB (cached 0MB) CPU [30%@1728,7%@1728,36%@1728,24%@1728,28%@1113,40%@1113] GR3D_FREQ 99% cpu@68.531C soc2@66.5C soc0@67.031C gpu@70.625C tj@70.625C soc1@66.031C VDD_IN 22359mW/22148mW VDD_CPU_GPU_CV 8862mW/8629mW VDD_SOC 7872mW/7888mW
09-02-2026 14:40:51 RAM 4032/7620MB (lfb 1x4MB) SWAP 1/3810MB (cached 0MB) CPU [29%@1728,19%@1728,18%@1728,26%@1728,24%@1728,48%@1728] GR3D_FREQ 99% cpu@68.468C soc2@66.468C soc0@66.937C gpu@70.656C tj@70.656C soc1@66.093C VDD_IN 22872mW/22151mW VDD_CPU_GPU_CV 9057mW/8630mW VDD_SOC 8068mW/7889mW
09-02-2026 14:40:56 RAM 4019/7620MB (lfb 1x4MB) SWAP 1/3810MB (cached 0MB) CPU [8%@1267,59%@1267,3%@1267,19%@1267,23%@1728,50%@1728] GR3D_FREQ 97% cpu@68.531C soc2@66.468C soc0@67.031C gpu@70.937C tj@70.937C soc1@66.062C VDD_IN 22754mW/22153mW VDD_CPU_GPU_CV 8940mW/8631mW VDD_SOC 8068mW/7889mW
09-02-2026 14:41:01 RAM 4037/7620MB (lfb 1x4MB) SWAP 1/3810MB (cached 0MB) CPU [23%@1574,29%@1574,3%@1574,34%@1574,30%@1728,49%@1728] GR3D_FREQ 99% cpu@68.562C soc2@66.5C soc0@66.937C gpu@70.656C tj@70.375C soc1@66.125C VDD_IN 22438mW/22154mW VDD_CPU_GPU_CV 8784mW/8632mW VDD_SOC 7990mW/7890mW
09-02-2026 14:41:06 RAM 4018/7620MB (lfb 3x4MB) SWAP 1/3810MB (cached 0MB) CPU [14%@1728,17%@1728,10%@1728,15%@1728,49%@1728,54%@1728] GR3D_FREQ 99% cpu@68.562C soc2@66.562C soc0@66.937C gpu@70.656C tj@70.656C soc1@66.031C VDD_IN 22555mW/22155mW VDD_CPU_GPU_CV 8744mW/8632mW VDD_SOC 8068mW/7890mW
09-02-2026 14:41:11 RAM 4027/7620MB (lfb 3x4MB) SWAP 1/3810MB (cached 0MB) CPU [19%@1497,18%@1497,20%@1497,9%@1497,49%@1728,47%@1728] GR3D_FREQ 99% cpu@68.593C soc2@66.593C soc0@66.875C gpu@70.718C tj@70.718C soc1@66.093C VDD_IN 22438mW/22156mW VDD_CPU_GPU_CV 8784mW/8633mW VDD_SOC 7951mW/7891mW
09-02-2026 14:41:16 RAM 4010/7620MB (lfb 3x4MB) SWAP 1/3810MB (cached 0MB) CPU [17%@1728,39%@1728,1%@1728,47%@1728,27%@729,31%@729] GR3D_FREQ 47% cpu@68.312C soc2@66.531C soc0@66.906C gpu@69.968C tj@69.968C soc1@66.187C VDD_IN 21848mW/22155mW VDD_CPU_GPU_CV 8290mW/8632mW VDD_SOC 7924mW/7891mW
09-02-2026 14:41:21 RAM 4035/7620MB (lfb 1x4MB) SWAP 1/3810MB (cached 0MB) CPU [9%@1728,57%@1728,2%@1728,47%@1728,26%@1497,28%@1497] GR3D_FREQ 99% cpu@68.406C soc2@66.5C soc0@66.843C gpu@70.406C tj@70.406C soc1@65.875C VDD_IN 22202mW/22155mW VDD_CPU_GPU_CV 8705mW/8632mW VDD_SOC 7911mW/7891mW
09-02-2026 14:41:26 RAM 4058/7620MB (lfb 1x4MB) SWAP 1/3810MB (cached 0MB) CPU [15%@1728,47%@1728,7%@1728,39%@1728,24%@729,27%@729] GR3D_FREQ 99% cpu@68.25C soc2@66.468C soc0@66.875C gpu@70.781C tj@70.781C soc1@66.093C VDD_IN 22320mW/22156mW VDD_CPU_GPU_CV 8823mW/8632mW VDD_SOC 7872mW/7891mW
09-02-2026 14:41:31 RAM 4027/7620MB (lfb 1x4MB) SWAP 1/3810MB (cached 0MB) CPU [20%@1728,34%@1728,60%@1728,2%@1728,26%@960,29%@960] GR3D_FREQ 99% cpu@68.75C soc2@66.5C soc0@66.812C gpu@70.468C tj@70.468C soc1@65.937C VDD_IN 22005mW/22155mW VDD_CPU_GPU_CV 8471mW/8632mW VDD_SOC 7872mW/7891mW
09-02-2026 14:41:36 RAM 4043/7620MB (lfb 1x4MB) SWAP 1/3810MB (cached 0MB) CPU [6%@1728,48%@1728,38%@1728,17%@1728,32%@1497,24%@1497] GR3D_FREQ 99% cpu@68.562C soc2@66.468C soc0@66.843C gpu@70.5C tj@70.5C soc1@65.937C VDD_IN 22280mW/22156mW VDD_CPU_GPU_CV 8705mW/8632mW VDD_SOC 7911mW/7891mW
09-02-2026 14:41:41 RAM 4054/7620MB (lfb 1x4MB) SWAP 1/3810MB (cached 0MB) CPU [26%@1728,28%@1728,52%@1728,2%@1728,27%@729,27%@729] GR3D_FREQ 99% cpu@68.75C soc2@66.468C soc0@66.937C gpu@70.125C tj@70.125C soc1@65.812C VDD_IN 22438mW/22157mW VDD_CPU_GPU_CV 8705mW/8632mW VDD_SOC 7990mW/7891mW
09-02-2026 14:41:46 RAM 4059/7620MB (lfb 1x4MB) SWAP 1/3810MB (cached 0MB) CPU [26%@729,40%@729,23%@729,2%@729,29%@1728,48%@1728] GR3D_FREQ 99% cpu@68.406C soc2@66.343C soc0@66.75C gpu@70.781C tj@70.781C soc1@66C VDD_IN 22280mW/22157mW VDD_CPU_GPU_CV 8784mW/8633mW VDD_SOC 7833mW/7891mW
09-02-2026 14:41:51 RAM 4045/7620MB (lfb 4x1MB) SWAP 1/3810MB (cached 0MB) CPU [21%@1728,10%@1728,13%@1728,15%@1728,43%@1728,65%@1728] GR3D_FREQ 99% cpu@68.5C soc2@66.468C soc0@66.781C gpu@70.562C tj@70.562C soc1@65.937C VDD_IN 22558mW/22159mW VDD_CPU_GPU_CV 8823mW/8634mW VDD_SOC 8029mW/7891mW
09-02-2026 14:41:56 RAM 4040/7620MB (lfb 1x2MB) SWAP 1/3810MB (cached 0MB) CPU [18%@1497,10%@1497,47%@1497,10%@1728,29%@1728,43%@1728] GR3D_FREQ 79% cpu@68.718C soc2@66.406C soc0@66.843C gpu@70.593C tj@70.593C soc1@65.937C VDD_IN 22045mW/22158mW VDD_CPU_GPU_CV 8510mW/8633mW VDD_SOC 7951mW/7892mW
09-02-2026 14:42:01 RAM 4060/7620MB (lfb 2x4MB) SWAP 1/3810MB (cached 0MB) CPU [9%@1728,22%@1728,27%@1728,39%@1728,24%@729,37%@729] GR3D_FREQ 99% cpu@68.718C soc2@66.562C soc0@66.906C gpu@70.343C tj@70.343C soc1@65.875C VDD_IN 22438mW/22159mW VDD_CPU_GPU_CV 8588mW/8633mW VDD_SOC 8107mW/7892mW
09-02-2026 14:42:06 RAM 4054/7620MB (lfb 1x2MB) SWAP 1/3810MB (cached 0MB) CPU [27%@1728,45%@1728,28%@1728,2%@1728,38%@1728,25%@1728] GR3D_FREQ 99% cpu@68.562C soc2@66.406C soc0@66.75C gpu@70.218C tj@70.218C soc1@65.906C VDD_IN 22673mW/22161mW VDD_CPU_GPU_CV 8862mW/8634mW VDD_SOC 8029mW/7893mW
09-02-2026 14:42:11 RAM 4047/7620MB (lfb 4x2MB) SWAP 1/3810MB (cached 0MB) CPU [10%@1651,23%@1651,28%@1651,2%@1651,27%@1728,66%@1728] GR3D_FREQ 99% cpu@68.375C soc2@66.468C soc0@66.843C gpu@70.437C tj@70.437C soc1@66.031C VDD_IN 22359mW/22162mW VDD_CPU_GPU_CV 8823mW/8634mW VDD_SOC 7872mW/7893mW
09-02-2026 14:42:16 RAM 4053/7620MB (lfb 1x4MB) SWAP 1/3810MB (cached 0MB) CPU [13%@1728,14%@1728,27%@1728,8%@1728,38%@1728,56%@1728] GR3D_FREQ 99% cpu@68.531C soc2@66.531C soc0@66.906C gpu@70.812C tj@70.812C soc1@66.031C VDD_IN 22752mW/22164mW VDD_CPU_GPU_CV 8862mW/8635mW VDD_SOC 8107mW/7894mW
09-02-2026 14:42:21 RAM 4066/7620MB (lfb 2x4MB) SWAP 1/3810MB (cached 0MB) CPU [24%@1728,10%@1728,51%@1728,6%@1728,30%@729,41%@729] GR3D_FREQ 92% cpu@68.5C soc2@66.656C soc0@66.843C gpu@70.25C tj@70.25C soc1@66.156C VDD_IN 22398mW/22164mW VDD_CPU_GPU_CV 8471mW/8635mW VDD_SOC 8107mW/7894mW
09-02-2026 14:42:26 RAM 4058/7620MB (lfb 9x1MB) SWAP 1/3810MB (cached 0MB) CPU [15%@729,14%@729,50%@729,3%@729,28%@1728,47%@1728] GR3D_FREQ 99% cpu@68.25C soc2@66.562C soc0@66.906C gpu@70.656C tj@70.656C soc1@66.031C VDD_IN 22636mW/22166mW VDD_CPU_GPU_CV 9018mW/8636mW VDD_SOC 7990mW/7895mW
09-02-2026 14:42:31 RAM 4049/7620MB (lfb 7x1MB) SWAP 1/3810MB (cached 0MB) CPU [14%@1497,27%@1497,11%@1497,11%@1497,45%@1728,53%@1728] GR3D_FREQ 99% cpu@68.656C soc2@66.468C soc0@66.937C gpu@70.343C tj@70.343C soc1@65.968C VDD_IN 22516mW/22167mW VDD_CPU_GPU_CV 8744mW/8636mW VDD_SOC 7990mW/7895mW
09-02-2026 14:42:36 RAM 4075/7620MB (lfb 1x4MB) SWAP 1/3810MB (cached 0MB) CPU [5%@1036,24%@1036,19%@1036,4%@1036,37%@1728,66%@1728] GR3D_FREQ 99% cpu@68.75C soc2@66.5C soc0@67.031C gpu@70.531C tj@70.531C soc1@66C VDD_IN 22636mW/22169mW VDD_CPU_GPU_CV 8784mW/8637mW VDD_SOC 8068mW/7895mW
09-02-2026 14:42:41 RAM 4051/7620MB (lfb 1x4MB) SWAP 1/3810MB (cached 0MB) CPU [23%@1728,22%@1728,8%@1728,4%@1728,40%@1728,65%@1728] GR3D_FREQ 99% cpu@68.593C soc2@66.437C soc0@66.781C gpu@70.406C tj@70.406C soc1@66.031C VDD_IN 22636mW/22170mW VDD_CPU_GPU_CV 8901mW/8638mW VDD_SOC 8029mW/7896mW
09-02-2026 14:42:46 RAM 4079/7620MB (lfb 1x4MB) SWAP 1/3810MB (cached 0MB) CPU [11%@729,7%@729,48%@729,15%@1728,29%@1728,54%@1728] GR3D_FREQ 99% cpu@68.406C soc2@66.531C soc0@66.968C gpu@70.718C tj@70.718C soc1@65.937C VDD_IN 22398mW/22171mW VDD_CPU_GPU_CV 8744mW/8638mW VDD_SOC 7990mW/7896mW
09-02-2026 14:42:51 RAM 4069/7620MB (lfb 1x4MB) SWAP 1/3810MB (cached 0MB) CPU [20%@729,7%@729,22%@729,15%@1728,33%@1728,62%@1728] GR3D_FREQ 99% cpu@68.562C soc2@66.468C soc0@66.906C gpu@70.312C tj@70.312C soc1@66.062C VDD_IN 22516mW/22172mW VDD_CPU_GPU_CV 8549mW/8638mW VDD_SOC 8146mW/7897mW
09-02-2026 14:42:56 RAM 4078/7620MB (lfb 1x4MB) SWAP 1/3810MB (cached 0MB) CPU [18%@1728,3%@1728,24%@1728,5%@1728,24%@1728,77%@1728] GR3D_FREQ 48% cpu@68.343C soc2@66.406C soc0@66.875C gpu@70.187C tj@70.187C soc1@65.906C VDD_IN 22241mW/22172mW VDD_CPU_GPU_CV 8705mW/8638mW VDD_SOC 7911mW/7897mW
09-02-2026 14:43:01 RAM 4085/7620MB (lfb 1x4MB) SWAP 1/3810MB (cached 0MB) CPU [11%@1267,5%@1267,18%@1267,45%@1267,21%@1728,58%@1728] GR3D_FREQ 99% cpu@68.75C soc2@66.531C soc0@66.875C gpu@70.5C tj@70.625C soc1@66.031C VDD_IN 22634mW/22174mW VDD_CPU_GPU_CV 8823mW/8639mW VDD_SOC 8107mW/7898mW
09-02-2026 14:43:06 RAM 4070/7620MB (lfb 1x4MB) SWAP 1/3810MB (cached 0MB) CPU [16%@1728,12%@1728,21%@1728,26%@1728,29%@1651,57%@1651] GR3D_FREQ 91% cpu@68.906C soc2@66.5C soc0@66.968C gpu@70.375C tj@70.375C soc1@66C VDD_IN 22673mW/22176mW VDD_CPU_GPU_CV 8784mW/8639mW VDD_SOC 8107mW/7898mW
09-02-2026 14:43:11 RAM 4059/7620MB (lfb 4x4MB) SWAP 1/3810MB (cached 0MB) CPU [13%@1728,6%@1728,39%@1728,8%@1728,46%@1728,54%@1728] GR3D_FREQ 99% cpu@68.375C soc2@66.468C soc0@66.968C gpu@70.406C tj@70.406C soc1@66.093C VDD_IN 22241mW/22176mW VDD_CPU_GPU_CV 8823mW/8640mW VDD_SOC 7833mW/7898mW
09-02-2026 14:43:16 RAM 4058/7620MB (lfb 4x4MB) SWAP 1/3810MB (cached 0MB) CPU [25%@1420,16%@1728,11%@1728,4%@1728,30%@1728,69%@1728] GR3D_FREQ 99% cpu@68.562C soc2@66.468C soc0@66.968C gpu@70.687C tj@70.687C soc1@65.968C VDD_IN 22084mW/22176mW VDD_CPU_GPU_CV 8510mW/8639mW VDD_SOC 7911mW/7898mW
09-02-2026 14:43:21 RAM 4060/7620MB (lfb 4x4MB) SWAP 1/3810MB (cached 0MB) CPU [24%@1420,5%@1420,17%@1420,7%@1420,46%@1728,58%@1728] GR3D_FREQ 99% cpu@68.281C soc2@66.531C soc0@66.906C gpu@70.687C tj@70.687C soc1@66.093C VDD_IN 22202mW/22176mW VDD_CPU_GPU_CV 8705mW/8639mW VDD_SOC 7794mW/7898mW
09-02-2026 14:43:26 RAM 4075/7620MB (lfb 3x4MB) SWAP 1/3810MB (cached 0MB) CPU [22%@1728,4%@1728,14%@1728,13%@1728,36%@1728,68%@1728] GR3D_FREQ 99% cpu@68.437C soc2@66.468C soc0@66.937C gpu@70.687C tj@70.687C soc1@66.062C VDD_IN 22280mW/22176mW VDD_CPU_GPU_CV 8666mW/8640mW VDD_SOC 7911mW/7898mW
09-02-2026 14:43:31 RAM 4069/7620MB (lfb 3x4MB) SWAP 1/3810MB (cached 0MB) CPU [20%@729,1%@729,20%@729,11%@729,56%@1728,53%@1728] GR3D_FREQ 99% cpu@68.406C soc2@66.343C soc0@66.875C gpu@70.562C tj@70.562C soc1@66.062C VDD_IN 22162mW/22176mW VDD_CPU_GPU_CV 8744mW/8640mW VDD_SOC 7833mW/7898mW
09-02-2026 14:43:36 RAM 4078/7620MB (lfb 2x4MB) SWAP 1/3810MB (cached 0MB) CPU [16%@1728,9%@1728,14%@1728,18%@1728,55%@1728,49%@1728] GR3D_FREQ 77% cpu@68.437C soc2@66.437C soc0@67C gpu@70.375C tj@70.375C soc1@65.906C VDD_IN 22005mW/22175mW VDD_CPU_GPU_CV 8563mW/8640mW VDD_SOC 7885mW/7898mW
09-02-2026 14:43:41 RAM 4084/7620MB (lfb 2x4MB) SWAP 1/3810MB (cached 0MB) CPU [1%@1728,23%@1728,4%@1728,22%@1728,50%@1728,55%@1728] GR3D_FREQ 99% cpu@68.875C soc2@66.468C soc0@66.812C gpu@70.125C tj@70.125C soc1@65.968C VDD_IN 22636mW/22177mW VDD_CPU_GPU_CV 8627mW/8640mW VDD_SOC 8186mW/7899mW
09-02-2026 14:43:46 RAM 4072/7620MB (lfb 2x4MB) SWAP 1/3810MB (cached 0MB) CPU [8%@1728,7%@1728,21%@1728,18%@1728,43%@1728,63%@1728] GR3D_FREQ 99% cpu@68.375C soc2@66.406C soc0@66.937C gpu@70.937C tj@70.937C soc1@66C VDD_IN 22320mW/22177mW VDD_CPU_GPU_CV 8784mW/8640mW VDD_SOC 7872mW/7899mW
09-02-2026 14:43:51 RAM 4091/7620MB (lfb 2x4MB) SWAP 1/3810MB (cached 0MB) CPU [15%@1728,17%@1728,10%@1728,11%@1728,54%@1728,60%@1728] GR3D_FREQ 99% cpu@68.531C soc2@66.468C soc0@66.906C gpu@70.468C tj@70.468C soc1@66.031C VDD_IN 22438mW/22178mW VDD_CPU_GPU_CV 8744mW/8640mW VDD_SOC 7990mW/7899mW
09-02-2026 14:43:56 RAM 4072/7620MB (lfb 2x4MB) SWAP 1/3810MB (cached 0MB) CPU [14%@1728,18%@1728,10%@1728,10%@1728,44%@1728,58%@1728] GR3D_FREQ 99% cpu@68.343C soc2@66.437C soc0@66.812C gpu@70.562C tj@70.562C soc1@65.968C VDD_IN 22320mW/22179mW VDD_CPU_GPU_CV 8862mW/8641mW VDD_SOC 7872mW/7899mW
09-02-2026 14:44:01 RAM 4101/7620MB (lfb 2x4MB) SWAP 1/3810MB (cached 0MB) CPU [16%@1497,7%@1497,24%@1497,9%@1497,57%@1728,54%@1728] GR3D_FREQ 99% cpu@68.406C soc2@66.375C soc0@66.906C gpu@70.312C tj@70.312C soc1@66.125C VDD_IN 22477mW/22180mW VDD_CPU_GPU_CV 8744mW/8641mW VDD_SOC 7990mW/7899mW
09-02-2026 14:44:06 RAM 4101/7620MB (lfb 1x4MB) SWAP 1/3810MB (cached 0MB) CPU [6%@729,20%@729,11%@729,14%@729,51%@1728,53%@1728] GR3D_FREQ 99% cpu@68.187C soc2@66.468C soc0@66.812C gpu@70.843C tj@70.843C soc1@66.031C VDD_IN 22398mW/22180mW VDD_CPU_GPU_CV 8862mW/8642mW VDD_SOC 7872mW/7899mW
09-02-2026 14:44:11 RAM 4083/7620MB (lfb 1x4MB) SWAP 1/3810MB (cached 0MB) CPU [9%@1574,16%@1728,23%@1728,6%@1728,52%@1728,61%@1728] GR3D_FREQ 98% cpu@68.687C soc2@66.468C soc0@66.812C gpu@70.625C tj@70.625C soc1@66.062C VDD_IN 22162mW/22180mW VDD_CPU_GPU_CV 8705mW/8642mW VDD_SOC 7911mW/7899mW
09-02-2026 14:44:16 RAM 4090/7620MB (lfb 1x4MB) SWAP 1/3810MB (cached 0MB) CPU [6%@1728,20%@1728,24%@1728,4%@1728,37%@1728,63%@1728] GR3D_FREQ 99% cpu@68.843C soc2@66.593C soc0@66.812C gpu@70.562C tj@70.562C soc1@65.937C VDD_IN 22597mW/22181mW VDD_CPU_GPU_CV 8666mW/8642mW VDD_SOC 8186mW/7900mW
09-02-2026 14:44:21 RAM 4085/7620MB (lfb 1x4MB) SWAP 1/3810MB (cached 0MB) CPU [11%@1728,24%@1728,19%@1728,2%@1728,51%@1728,59%@1728] GR3D_FREQ 99% cpu@68.656C soc2@66.468C soc0@66.906C gpu@70.656C tj@70.656C soc1@66.062C VDD_IN 22516mW/22183mW VDD_CPU_GPU_CV 8901mW/8643mW VDD_SOC 7990mW/7900mW
09-02-2026 14:44:26 RAM 4085/7620MB (lfb 1x4MB) SWAP 1/3810MB (cached 0MB) CPU [17%@1728,6%@1728,23%@1728,11%@1728,43%@1728,58%@1728] GR3D_FREQ 85% cpu@68.531C soc2@66.375C soc0@66.781C gpu@70.375C tj@70.375C soc1@65.968C VDD_IN 22398mW/22183mW VDD_CPU_GPU_CV 8627mW/8643mW VDD_SOC 8068mW/7901mW
09-02-2026 14:44:31 RAM 4102/7620MB (lfb 1x4MB) SWAP 1/3810MB (cached 0MB) CPU [12%@1728,10%@1728,15%@1728,21%@1728,47%@1728,58%@1728] GR3D_FREQ 99% cpu@68.437C soc2@66.468C soc0@66.937C gpu@70.593C tj@70.593C soc1@66.093C VDD_IN 22793mW/22185mW VDD_CPU_GPU_CV 9096mW/8645mW VDD_SOC 7990mW/7901mW
09-02-2026 14:44:36 RAM 4074/7620MB (lfb 1x4MB) SWAP 1/3810MB (cached 0MB) CPU [5%@806,3%@806,24%@806,20%@806,53%@1728,54%@1728] GR3D_FREQ 99% cpu@68.593C soc2@66.5C soc0@66.937C gpu@70.781C tj@70.781C soc1@66C VDD_IN 22477mW/22186mW VDD_CPU_GPU_CV 8744mW/8645mW VDD_SOC 8029mW/7901mW
09-02-2026 14:44:41 RAM 4094/7620MB (lfb 1x4MB) SWAP 1/3810MB (cached 0MB) CPU [4%@729,4%@729,25%@729,22%@729,58%@1728,45%@1728] GR3D_FREQ 99% cpu@68.468C soc2@66.468C soc0@66.937C gpu@70.687C tj@70.687C soc1@66.093C VDD_IN 22715mW/22188mW VDD_CPU_GPU_CV 9057mW/8646mW VDD_SOC 7951mW/7902mW
09-02-2026 14:44:46 RAM 4077/7620MB (lfb 1x4MB) SWAP 1/3810MB (cached 0MB) CPU [14%@729,9%@729,10%@729,20%@1728,49%@1728,65%@1728] GR3D_FREQ 99% cpu@68.687C soc2@66.468C soc0@66.812C gpu@70.812C tj@70.812C soc1@65.968C VDD_IN 22555mW/22189mW VDD_CPU_GPU_CV 8744mW/8646mW VDD_SOC 8029mW/7902mW
09-02-2026 14:44:51 RAM 4084/7620MB (lfb 1x4MB) SWAP 1/3810MB (cached 0MB) CPU [1%@1728,10%@1728,21%@1728,21%@1728,47%@1728,67%@1728] GR3D_FREQ 99% cpu@68.687C soc2@66.468C soc0@66.875C gpu@70.25C tj@70.25C soc1@65.968C VDD_IN 22477mW/22190mW VDD_CPU_GPU_CV 8823mW/8647mW VDD_SOC 7951mW/7902mW
09-02-2026 14:44:56 RAM 4077/7620MB (lfb 1x4MB) SWAP 1/3810MB (cached 0MB) CPU [9%@1728,13%@1728,16%@1728,15%@1728,42%@1728,66%@1728] GR3D_FREQ 75% cpu@68.437C soc2@66.437C soc0@66.812C gpu@70.718C tj@70.718C soc1@65.968C VDD_IN 22398mW/22190mW VDD_CPU_GPU_CV 8705mW/8647mW VDD_SOC 7990mW/7902mW
09-02-2026 14:45:01 RAM 4087/7620MB (lfb 1x4MB) SWAP 1/3810MB (cached 0MB) CPU [9%@1190,4%@1190,25%@1190,19%@1190,36%@1728,66%@1728] GR3D_FREQ 72% cpu@68.312C soc2@66.437C soc0@66.812C gpu@70.5C tj@70.5C soc1@66.093C VDD_IN 22398mW/22191mW VDD_CPU_GPU_CV 8627mW/8647mW VDD_SOC 8068mW/7903mW
09-02-2026 14:45:06 RAM 4083/7620MB (lfb 1x4MB) SWAP 1/3810MB (cached 0MB) CPU [21%@1574,14%@1574,6%@1574,14%@1574,33%@1728,67%@1728] GR3D_FREQ 99% cpu@68.531C soc2@66.468C soc0@66.781C gpu@70.5C tj@70.5C soc1@65.906C VDD_IN 22438mW/22192mW VDD_CPU_GPU_CV 8823mW/8648mW VDD_SOC 7951mW/7903mW
09-02-2026 14:45:11 RAM 4076/7620MB (lfb 1x4MB) SWAP 1/3810MB (cached 0MB) CPU [17%@1728,47%@1728,12%@1728,2%@1728,30%@1651,54%@1651] GR3D_FREQ 99% cpu@68.531C soc2@66.468C soc0@66.843C gpu@70.5C tj@70.5C soc1@66.093C VDD_IN 22754mW/22193mW VDD_CPU_GPU_CV 8901mW/8648mW VDD_SOC 8107mW/7904mW
09-02-2026 14:45:16 RAM 4078/7620MB (lfb 1x4MB) SWAP 1/3810MB (cached 0MB) CPU [18%@960,18%@960,16%@960,4%@960,37%@1728,56%@1728] GR3D_FREQ 99% cpu@68.312C soc2@66.437C soc0@66.875C gpu@70.812C tj@70.468C soc1@65.875C VDD_IN 22280mW/22194mW VDD_CPU_GPU_CV 8823mW/8649mW VDD_SOC 7872mW/7904mW
09-02-2026 14:45:21 RAM 4073/7620MB (lfb 3x4MB) SWAP 1/3810MB (cached 0MB) CPU [5%@1651,11%@1651,18%@1651,19%@1651,51%@1728,57%@1728] GR3D_FREQ 80% cpu@68.5C soc2@66.437C soc0@66.843C gpu@70.281C tj@70.281C soc1@66C VDD_IN 22045mW/22193mW VDD_CPU_GPU_CV 8588mW/8649mW VDD_SOC 7872mW/7903mW
09-02-2026 14:45:26 RAM 4079/7620MB (lfb 3x4MB) SWAP 1/3810MB (cached 0MB) CPU [4%@1728,21%@1728,12%@1728,15%@1728,45%@1728,57%@1728] GR3D_FREQ 99% cpu@68.406C soc2@66.468C soc0@66.75C gpu@70.281C tj@70.281C soc1@65.968C VDD_IN 22477mW/22194mW VDD_CPU_GPU_CV 8549mW/8648mW VDD_SOC 8107mW/7904mW
09-02-2026 14:45:31 RAM 4071/7620MB (lfb 3x4MB) SWAP 1/3810MB (cached 0MB) CPU [7%@1420,16%@1420,24%@1420,12%@1420,36%@1728,67%@1728] GR3D_FREQ 99% cpu@68.25C soc2@66.437C soc0@66.843C gpu@70.718C tj@70.718C soc1@65.906C VDD_IN 22713mW/22196mW VDD_CPU_GPU_CV 8940mW/8649mW VDD_SOC 7951mW/7904mW
09-02-2026 14:45:36 RAM 4083/7620MB (lfb 3x4MB) SWAP 1/3810MB (cached 0MB) CPU [10%@1728,20%@1728,6%@1728,16%@1728,45%@1651,62%@1651] GR3D_FREQ 99% cpu@68.375C soc2@66.437C soc0@66.937C gpu@70.593C tj@70.593C soc1@66.031C VDD_IN 21809mW/22194mW VDD_CPU_GPU_CV 8329mW/8648mW VDD_SOC 7924mW/7904mW
09-02-2026 14:45:41 RAM 4077/7620MB (lfb 3x4MB) SWAP 1/3810MB (cached 0MB) CPU [3%@729,15%@729,16%@729,19%@729,52%@1728,54%@1728] GR3D_FREQ 99% cpu@68.281C soc2@66.437C soc0@66.781C gpu@70.781C tj@70.781C soc1@66.031C VDD_IN 22320mW/22195mW VDD_CPU_GPU_CV 8862mW/8649mW VDD_SOC 7872mW/7904mW
09-02-2026 14:45:46 RAM 4081/7620MB (lfb 3x4MB) SWAP 1/3810MB (cached 0MB) CPU [3%@1728,18%@1728,10%@1728,21%@1728,30%@1728,76%@1728] GR3D_FREQ 99% cpu@68.437C soc2@66.468C soc0@66.968C gpu@70.468C tj@70.468C soc1@66.031C VDD_IN 22320mW/22195mW VDD_CPU_GPU_CV 8666mW/8649mW VDD_SOC 7951mW/7904mW
09-02-2026 14:45:51 RAM 4091/7620MB (lfb 2x4MB) SWAP 1/3810MB (cached 0MB) CPU [14%@1190,16%@1728,14%@1728,10%@1728,57%@1728,52%@1728] GR3D_FREQ 99% cpu@68.375C soc2@66.375C soc0@66.812C gpu@70.593C tj@70.593C soc1@66.093C VDD_IN 22241mW/22195mW VDD_CPU_GPU_CV 8823mW/8650mW VDD_SOC 7872mW/7904mW
09-02-2026 14:45:56 RAM 4081/7620MB (lfb 2x4MB) SWAP 1/3810MB (cached 0MB) CPU [21%@960,7%@960,21%@960,6%@960,37%@1728,69%@1728] GR3D_FREQ 99% cpu@68.312C soc2@66.531C soc0@66.968C gpu@70.312C tj@70.312C soc1@65.968C VDD_IN 21809mW/22194mW VDD_CPU_GPU_CV 8407mW/8649mW VDD_SOC 7846mW/7904mW
09-02-2026 14:46:01 RAM 4098/7620MB (lfb 2x4MB) SWAP 1/3810MB (cached 0MB) CPU [13%@1497,16%@1497,5%@1497,17%@1497,31%@1728,74%@1728] GR3D_FREQ 99% cpu@68.625C soc2@66.375C soc0@66.812C gpu@70.406C tj@70.406C soc1@66.062C VDD_IN 22320mW/22195mW VDD_CPU_GPU_CV 8823mW/8649mW VDD_SOC 7872mW/7904mW
09-02-2026 14:46:06 RAM 4078/7620MB (lfb 2x4MB) SWAP 1/3810MB (cached 0MB) CPU [18%@1728,8%@1728,4%@1728,24%@1728,50%@1728,59%@1728] GR3D_FREQ 99% cpu@68.312C soc2@66.468C soc0@66.906C gpu@70.593C tj@70.593C soc1@65.968C VDD_IN 21809mW/22193mW VDD_CPU_GPU_CV 8407mW/8649mW VDD_SOC 7846mW/7904mW
09-02-2026 14:46:11 RAM 4082/7620MB (lfb 2x4MB) SWAP 1/3810MB (cached 0MB) CPU [34%@1728,8%@1728,49%@1728,7%@1728,29%@729,37%@729] GR3D_FREQ 99% cpu@68.406C soc2@66.468C soc0@66.812C gpu@70.625C tj@70.625C soc1@66.062C VDD_IN 22241mW/22194mW VDD_CPU_GPU_CV 8784mW/8649mW VDD_SOC 7833mW/7904mW
09-02-2026 14:46:16 RAM 4091/7620MB (lfb 2x4MB) SWAP 1/3810MB (cached 0MB) CPU [8%@1728,9%@1728,51%@1728,40%@1728,18%@1113,33%@1113] GR3D_FREQ 99% cpu@68.781C soc2@66.468C soc0@66.968C gpu@70.312C tj@70.312C soc1@65.906C VDD_IN 21927mW/22193mW VDD_CPU_GPU_CV 8446mW/8648mW VDD_SOC 7911mW/7904mW
09-02-2026 14:46:21 RAM 4081/7620MB (lfb 2x4MB) SWAP 1/3810MB (cached 0MB) CPU [7%@1728,9%@1728,33%@1728,46%@1728,33%@1728,39%@1728] GR3D_FREQ 99% cpu@68.5C soc2@66.468C soc0@66.812C gpu@70.468C tj@70.468C soc1@66.031C VDD_IN 22555mW/22194mW VDD_CPU_GPU_CV 8901mW/8649mW VDD_SOC 7911mW/7904mW
09-02-2026 14:46:26 RAM 4084/7620MB (lfb 2x4MB) SWAP 1/3810MB (cached 0MB) CPU [22%@1728,5%@1728,13%@1728,59%@1728,24%@1497,41%@1497] GR3D_FREQ 99% cpu@68.625C soc2@66.5C soc0@66.968C gpu@70.781C tj@70.781C soc1@65.968C VDD_IN 22280mW/22194mW VDD_CPU_GPU_CV 8744mW/8649mW VDD_SOC 7833mW/7903mW
09-02-2026 14:46:31 RAM 4078/7620MB (lfb 2x4MB) SWAP 1/3810MB (cached 0MB) CPU [23%@1728,3%@1728,46%@1728,33%@1728,23%@729,31%@729] GR3D_FREQ 44% cpu@68.906C soc2@66.5C soc0@66.875C gpu@70.156C tj@70.156C soc1@66C VDD_IN 22280mW/22194mW VDD_CPU_GPU_CV 8471mW/8649mW VDD_SOC 8068mW/7904mW
09-02-2026 14:46:36 RAM 4087/7620MB (lfb 2x4MB) SWAP 1/3810MB (cached 0MB) CPU [9%@1728,17%@1728,10%@1728,50%@1728,23%@729,50%@729] GR3D_FREQ 99% cpu@68.5C soc2@66.468C soc0@66.875C gpu@70.343C tj@70.343C soc1@65.937C VDD_IN 22558mW/22195mW VDD_CPU_GPU_CV 8823mW/8649mW VDD_SOC 7990mW/7904mW
09-02-2026 14:46:41 RAM 4070/7620MB (lfb 2x4MB) SWAP 1/3810MB (cached 0MB) CPU [10%@1728,1%@1728,37%@1728,65%@1728,22%@883,29%@883] GR3D_FREQ 99% cpu@68.5C soc2@66.437C soc0@66.781C gpu@70.406C tj@70.406C soc1@65.968C VDD_IN 22162mW/22195mW VDD_CPU_GPU_CV 8588mW/8649mW VDD_SOC 7911mW/7904mW
09-02-2026 14:46:46 RAM 4077/7620MB (lfb 2x4MB) SWAP 1/3810MB (cached 0MB) CPU [19%@1728,10%@1728,30%@1728,49%@1728,23%@806,29%@806] GR3D_FREQ 99% cpu@68.093C soc2@66.468C soc0@66.781C gpu@70.5C tj@70.5C soc1@66.031C VDD_IN 22359mW/22196mW VDD_CPU_GPU_CV 8823mW/8650mW VDD_SOC 7872mW/7904mW
09-02-2026 14:46:51 RAM 4079/7620MB (lfb 2x4MB) SWAP 1/3810MB (cached 0MB) CPU [14%@1728,28%@1728,2%@1728,42%@1728,25%@1574,43%@1574] GR3D_FREQ 99% cpu@68.437C soc2@66.468C soc0@66.781C gpu@70.468C tj@70.468C soc1@66C VDD_IN 22676mW/22197mW VDD_CPU_GPU_CV 9018mW/8651mW VDD_SOC 8068mW/7905mW
09-02-2026 14:46:56 RAM 4104/7620MB (lfb 2x4MB) SWAP 1/3810MB (cached 0MB) CPU [25%@1728,7%@1728,10%@1728,57%@1728,16%@729,45%@729] GR3D_FREQ 99% cpu@68.406C soc2@66.468C soc0@66.781C gpu@70.687C tj@70.687C soc1@65.937C VDD_IN 21887mW/22196mW VDD_CPU_GPU_CV 8446mW/8650mW VDD_SOC 7846mW/7904mW
09-02-2026 14:47:01 RAM 4084/7620MB (lfb 2x4MB) SWAP 1/3810MB (cached 0MB) CPU [40%@1728,14%@1728,2%@1728,24%@1728,40%@1728,46%@1728] GR3D_FREQ 99% cpu@68.156C soc2@66.437C soc0@66.875C gpu@70.562C tj@70.562C soc1@65.968C VDD_IN 22359mW/22197mW VDD_CPU_GPU_CV 8823mW/8651mW VDD_SOC 7872mW/7904mW
09-02-2026 14:47:06 RAM 4088/7620MB (lfb 2x4MB) SWAP 1/3810MB (cached 0MB) CPU [14%@1267,20%@1267,14%@1267,4%@1267,46%@1728,56%@1728] GR3D_FREQ 99% cpu@68.437C soc2@66.406C soc0@66.718C gpu@70.312C tj@70.312C soc1@66.062C VDD_IN 22241mW/22197mW VDD_CPU_GPU_CV 8666mW/8651mW VDD_SOC 7951mW/7904mW
09-02-2026 14:47:11 RAM 4085/7620MB (lfb 2x4MB) SWAP 1/3810MB (cached 0MB) CPU [6%@1190,21%@1190,8%@1190,18%@1190,58%@1728,57%@1728] GR3D_FREQ 99% cpu@68.781C soc2@66.5C soc0@66.812C gpu@70.156C tj@70.156C soc1@65.937C VDD_IN 22438mW/22198mW VDD_CPU_GPU_CV 8666mW/8651mW VDD_SOC 8029mW/7905mW
09-02-2026 14:47:16 RAM 4082/7620MB (lfb 2x4MB) SWAP 1/3810MB (cached 0MB) CPU [25%@1728,18%@1728,8%@1728,2%@1728,51%@1728,50%@1728] GR3D_FREQ 74% cpu@68.312C soc2@66.437C soc0@66.843C gpu@70.687C tj@70.687C soc1@66.031C VDD_IN 22123mW/22197mW VDD_CPU_GPU_CV 8588mW/8651mW VDD_SOC 7911mW/7905mW
09-02-2026 14:47:21 RAM 4086/7620MB (lfb 2x4MB) SWAP 1/3810MB (cached 0MB) CPU [9%@729,19%@729,21%@729,5%@729,44%@1728,62%@1728] GR3D_FREQ 9% cpu@68.25C soc2@66.375C soc0@66.906C gpu@69.906C tj@69.906C soc1@65.937C VDD_IN 22045mW/22197mW VDD_CPU_GPU_CV 8329mW/8650mW VDD_SOC 7990mW/7905mW
09-02-2026 14:47:26 RAM 4067/7620MB (lfb 1x4MB) SWAP 1/3810MB (cached 0MB) CPU [11%@1728,19%@1728,23%@1728,3%@1728,45%@1728,62%@1728] GR3D_FREQ 99% cpu@68.687C soc2@66.5C soc0@66.875C gpu@70.812C tj@70.812C soc1@66C VDD_IN 22555mW/22198mW VDD_CPU_GPU_CV 8901mW/8650mW VDD_SOC 7951mW/7905mW
09-02-2026 14:47:31 RAM 4064/7620MB (lfb 1x4MB) SWAP 1/3810MB (cached 0MB) CPU [12%@1651,16%@1651,15%@1497,10%@1497,57%@1651,50%@1651] GR3D_FREQ 79% cpu@68.281C soc2@66.437C soc0@66.875C gpu@70.312C tj@70.312C soc1@66.125C VDD_IN 21652mW/22196mW VDD_CPU_GPU_CV 8290mW/8649mW VDD_SOC 7846mW/7905mW
09-02-2026 14:47:36 RAM 4075/7620MB (lfb 2x4MB) SWAP 1/3810MB (cached 0MB) CPU [18%@1497,8%@1497,7%@1497,20%@1497,50%@1728,58%@1728] GR3D_FREQ 99% cpu@68.468C soc2@66.468C soc0@66.843C gpu@70.625C tj@70.625C soc1@65.968C VDD_IN 22280mW/22197mW VDD_CPU_GPU_CV 8823mW/8650mW VDD_SOC 7872mW/7905mW
09-02-2026 14:47:41 RAM 4086/7620MB (lfb 2x4MB) SWAP 1/3810MB (cached 0MB) CPU [4%@1728,4%@1728,26%@1728,19%@1728,53%@1728,51%@1728] GR3D_FREQ 99% cpu@68.5C soc2@66.531C soc0@66.937C gpu@70.281C tj@70.281C soc1@66.218C VDD_IN 22162mW/22197mW VDD_CPU_GPU_CV 8549mW/8650mW VDD_SOC 7951mW/7905mW
09-02-2026 14:47:47 RAM 4075/7620MB (lfb 2x4MB) SWAP 1/3810MB (cached 0MB) CPU [6%@1728,4%@1728,21%@1728,21%@1728,48%@1728,54%@1728] GR3D_FREQ 99% cpu@68.718C soc2@66.531C soc0@66.843C gpu@70.843C tj@70.843C soc1@65.968C VDD_IN 22359mW/22197mW VDD_CPU_GPU_CV 8862mW/8650mW VDD_SOC 7872mW/7905mW
09-02-2026 14:47:52 RAM 4080/7620MB (lfb 2x4MB) SWAP 1/3810MB (cached 0MB) CPU [6%@1420,22%@1728,7%@1728,19%@1728,51%@1728,53%@1728] GR3D_FREQ 99% cpu@68.562C soc2@66.468C soc0@66.906C gpu@70.187C tj@70.187C soc1@66.031C VDD_IN 22202mW/22197mW VDD_CPU_GPU_CV 8549mW/8650mW VDD_SOC 7990mW/7905mW
09-02-2026 14:47:57 RAM 4090/7620MB (lfb 2x4MB) SWAP 1/3810MB (cached 0MB) CPU [4%@806,24%@806,4%@806,19%@806,56%@1728,48%@1728] GR3D_FREQ 99% cpu@68.312C soc2@66.5C soc0@66.781C gpu@70.843C tj@70.843C soc1@66C VDD_IN 22241mW/22197mW VDD_CPU_GPU_CV 8784mW/8650mW VDD_SOC 7833mW/7905mW
09-02-2026 14:48:02 RAM 4083/7620MB (lfb 2x4MB) SWAP 1/3810MB (cached 0MB) CPU [7%@883,11%@883,15%@883,20%@883,52%@1728,55%@1728] GR3D_FREQ 99% cpu@68.343C soc2@66.406C soc0@66.875C gpu@70.531C tj@70.531C soc1@65.937C VDD_IN 22320mW/22197mW VDD_CPU_GPU_CV 8627mW/8650mW VDD_SOC 7951mW/7905mW
09-02-2026 14:48:07 RAM 4077/7620MB (lfb 2x4MB) SWAP 1/3810MB (cached 0MB) CPU [11%@1728,18%@1728,7%@1728,17%@1728,38%@1728,66%@1728] GR3D_FREQ 99% cpu@68.468C soc2@66.468C soc0@66.687C gpu@70.5C tj@70.5C soc1@65.937C VDD_IN 22280mW/22198mW VDD_CPU_GPU_CV 8823mW/8651mW VDD_SOC 7833mW/7905mW
09-02-2026 14:48:12 RAM 4081/7620MB (lfb 2x4MB) SWAP 1/3810MB (cached 0MB) CPU [29%@1728,27%@1728,2%@1728,18%@1728,38%@1574,45%@1574] GR3D_FREQ 96% cpu@68.25C soc2@66.437C soc0@66.843C gpu@70.343C tj@70.5C soc1@66.062C VDD_IN 22084mW/22197mW VDD_CPU_GPU_CV 8588mW/8651mW VDD_SOC 7872mW/7905mW
09-02-2026 14:48:17 RAM 4086/7620MB (lfb 3x4MB) SWAP 1/3810MB (cached 0MB) CPU [36%@1190,28%@1113,15%@1113,3%@1113,31%@1728,49%@1728] GR3D_FREQ 99% cpu@68.937C soc2@66.5C soc0@66.781C gpu@70.125C tj@70.125C soc1@66.031C VDD_IN 22320mW/22198mW VDD_CPU_GPU_CV 8549mW/8650mW VDD_SOC 8068mW/7905mW
09-02-2026 14:48:22 RAM 4077/7620MB (lfb 2x4MB) SWAP 1/3810MB (cached 0MB) CPU [22%@806,25%@806,4%@806,3%@806,58%@1728,60%@1728] GR3D_FREQ 99% cpu@68.281C soc2@66.468C soc0@66.875C gpu@70.562C tj@70.562C soc1@66.062C VDD_IN 22715mW/22199mW VDD_CPU_GPU_CV 9018mW/8651mW VDD_SOC 7951mW/7905mW
09-02-2026 14:48:27 RAM 4065/7620MB (lfb 2x4MB) SWAP 1/3810MB (cached 0MB) CPU [17%@1651,12%@1651,21%@1651,2%@1651,53%@1728,49%@1728] GR3D_FREQ 27% cpu@68.5C soc2@66.406C soc0@66.718C gpu@70.156C tj@70.156C soc1@65.937C VDD_IN 21848mW/22198mW VDD_CPU_GPU_CV 8290mW/8650mW VDD_SOC 7885mW/7905mW
09-02-2026 14:48:32 RAM 3837/7620MB (lfb 1x4MB) SWAP 1/3810MB (cached 0MB) CPU [24%@1728,20%@1728,35%@1728,8%@1728,15%@1728,34%@1728] GR3D_FREQ 85% cpu@67.937C soc2@65.75C soc0@66.281C gpu@69.75C tj@69.75C soc1@65.593C VDD_IN 21175mW/22195mW VDD_CPU_GPU_CV 8303mW/8649mW VDD_SOC 7505mW/7904mW
09-02-2026 14:48:37 RAM 3828/7620MB (lfb 1x4MB) SWAP 1/3810MB (cached 0MB) CPU [38%@1728,4%@1728,10%@1728,45%@1728,31%@1420,51%@1420] GR3D_FREQ 99% cpu@68.562C soc2@66.281C soc0@66.437C gpu@70.093C tj@70.093C soc1@65.718C VDD_IN 22438mW/22196mW VDD_CPU_GPU_CV 8744mW/8650mW VDD_SOC 7990mW/7904mW
09-02-2026 14:48:42 RAM 3833/7620MB (lfb 1x4MB) SWAP 1/3810MB (cached 0MB) CPU [9%@1728,3%@1728,47%@1728,59%@1728,25%@729,28%@729] GR3D_FREQ 99% cpu@68.062C soc2@66.187C soc0@66.531C gpu@70.125C tj@70.375C soc1@65.75C VDD_IN 22202mW/22196mW VDD_CPU_GPU_CV 8784mW/8650mW VDD_SOC 7833mW/7904mW
09-02-2026 14:48:47 RAM 3831/7620MB (lfb 1x4MB) SWAP 1/3810MB (cached 0MB) CPU [3%@1728,2%@1728,54%@1728,48%@1728,30%@729,22%@729] GR3D_FREQ 37% cpu@68.281C soc2@66.156C soc0@66.468C gpu@69.656C tj@69.656C soc1@65.718C VDD_IN 21966mW/22195mW VDD_CPU_GPU_CV 8290mW/8649mW VDD_SOC 8003mW/7905mW
09-02-2026 14:48:52 RAM 3849/7620MB (lfb 1x4MB) SWAP 1/3810MB (cached 0MB) CPU [24%@1728,11%@1728,25%@1728,24%@1728,24%@1728,55%@1728] GR3D_FREQ 99% cpu@68.125C soc2@66.093C soc0@66.468C gpu@70.156C tj@70.156C soc1@65.718C VDD_IN 22398mW/22196mW VDD_CPU_GPU_CV 8862mW/8650mW VDD_SOC 7872mW/7904mW
09-02-2026 14:48:57 RAM 3831/7620MB (lfb 1x4MB) SWAP 1/3810MB (cached 0MB) CPU [11%@1728,13%@1728,33%@1728,23%@1728,27%@729,57%@729] GR3D_FREQ 99% cpu@68C soc2@66.25C soc0@66.531C gpu@70.593C tj@70.593C soc1@65.656C VDD_IN 22634mW/22197mW VDD_CPU_GPU_CV 8940mW/8650mW VDD_SOC 7911mW/7904mW
09-02-2026 14:49:02 RAM 3837/7620MB (lfb 1x4MB) SWAP 1/3810MB (cached 0MB) CPU [3%@1728,2%@1728,50%@1728,53%@1728,21%@806,31%@806] GR3D_FREQ 99% cpu@68.031C soc2@66.218C soc0@66.562C gpu@70.125C tj@70.125C soc1@65.781C VDD_IN 22045mW/22197mW VDD_CPU_GPU_CV 8524mW/8650mW VDD_SOC 7924mW/7905mW
09-02-2026 14:49:07 RAM 3836/7620MB (lfb 1x4MB) SWAP 1/3810MB (cached 0MB) CPU [12%@1728,30%@1728,29%@1728,28%@1728,24%@729,35%@729] GR3D_FREQ 99% cpu@68.406C soc2@66.25C soc0@66.781C gpu@70.562C tj@70.562C soc1@65.718C VDD_IN 22477mW/22197mW VDD_CPU_GPU_CV 8901mW/8651mW VDD_SOC 7872mW/7904mW
09-02-2026 14:49:12 RAM 3837/7620MB (lfb 1x4MB) SWAP 1/3810MB (cached 0MB) CPU [0%@1728,2%@1728,54%@1728,59%@1728,27%@806,27%@806] GR3D_FREQ 52% cpu@68.656C soc2@66.218C soc0@66.656C gpu@70C tj@70C soc1@65.718C VDD_IN 21848mW/22197mW VDD_CPU_GPU_CV 8368mW/8650mW VDD_SOC 7885mW/7904mW
09-02-2026 14:49:17 RAM 3832/7620MB (lfb 1x4MB) SWAP 1/3810MB (cached 0MB) CPU [4%@1728,1%@1728,55%@1728,47%@1728,27%@1728,33%@1728] GR3D_FREQ 99% cpu@68.281C soc2@66.312C soc0@66.625C gpu@70.625C tj@70.625C soc1@65.75C VDD_IN 22715mW/22198mW VDD_CPU_GPU_CV 9018mW/8651mW VDD_SOC 8029mW/7905mW
09-02-2026 14:49:22 RAM 3847/7620MB (lfb 3x4MB) SWAP 1/3810MB (cached 0MB) CPU [10%@1267,7%@1267,31%@1267,16%@1728,35%@1728,62%@1728] GR3D_FREQ 99% cpu@68.156C soc2@66.281C soc0@66.718C gpu@70.218C tj@70.218C soc1@65.781C VDD_IN 21809mW/22197mW VDD_CPU_GPU_CV 8368mW/8650mW VDD_SOC 7846mW/7905mW
09-02-2026 14:49:27 RAM 3841/7620MB (lfb 3x4MB) SWAP 1/3810MB (cached 0MB) CPU [12%@1728,24%@1728,26%@1728,2%@1728,55%@729,38%@729] GR3D_FREQ 99% cpu@68.843C soc2@66.468C soc0@66.687C gpu@70.156C tj@70.156C soc1@65.843C VDD_IN 22676mW/22198mW VDD_CPU_GPU_CV 8784mW/8651mW VDD_SOC 8146mW/7905mW
09-02-2026 14:49:32 RAM 3833/7620MB (lfb 3x4MB) SWAP 1/3810MB (cached 0MB) CPU [14%@1728,45%@1728,27%@1728,7%@1728,38%@1728,34%@1728] GR3D_FREQ 99% cpu@68.562C soc2@66.375C soc0@66.781C gpu@70.125C tj@70.125C soc1@65.968C VDD_IN 22676mW/22199mW VDD_CPU_GPU_CV 8940mW/8651mW VDD_SOC 8029mW/7906mW
09-02-2026 14:49:37 RAM 3830/7620MB (lfb 3x4MB) SWAP 1/3810MB (cached 0MB) CPU [5%@1728,42%@1728,32%@1728,27%@1728,24%@1574,39%@1574] GR3D_FREQ 99% cpu@68.375C soc2@66.406C soc0@66.781C gpu@70.562C tj@70.562C soc1@65.812C VDD_IN 22005mW/22199mW VDD_CPU_GPU_CV 8666mW/8651mW VDD_SOC 7885mW/7905mW
09-02-2026 14:49:42 RAM 3841/7620MB (lfb 3x4MB) SWAP 1/3810MB (cached 0MB) CPU [7%@1728,52%@1728,2%@1728,54%@1728,16%@729,30%@729] GR3D_FREQ 99% cpu@68.25C soc2@66.375C soc0@66.75C gpu@70.375C tj@70.375C soc1@65.906C VDD_IN 22241mW/22199mW VDD_CPU_GPU_CV 8744mW/8652mW VDD_SOC 7872mW/7905mW
09-02-2026 14:49:47 RAM 3829/7620MB (lfb 3x4MB) SWAP 1/3810MB (cached 0MB) CPU [43%@1728,31%@1728,16%@1728,11%@1728,32%@1574,26%@1574] GR3D_FREQ 84% cpu@68.218C soc2@66.312C soc0@66.843C gpu@70.312C tj@70.312C soc1@65.843C VDD_IN 22123mW/22199mW VDD_CPU_GPU_CV 8588mW/8651mW VDD_SOC 7911mW/7905mW
09-02-2026 14:49:52 RAM 3834/7620MB (lfb 3x4MB) SWAP 1/3810MB (cached 0MB) CPU [8%@1728,43%@1728,11%@1728,14%@1728,29%@1728,55%@1728] GR3D_FREQ 82% cpu@68.312C soc2@66.343C soc0@66.75C gpu@69.968C tj@69.968C soc1@65.968C VDD_IN 22241mW/22199mW VDD_CPU_GPU_CV 8510mW/8651mW VDD_SOC 8029mW/7906mW
09-02-2026 14:49:57 RAM 4006/7620MB (lfb 1x4MB) SWAP 1/3810MB (cached 0MB) CPU [20%@1728,31%@1728,16%@1728,10%@1728,42%@1728,68%@1728] GR3D_FREQ 99% cpu@68.406C soc2@66.375C soc0@66.843C gpu@70.468C tj@70.468C soc1@65.906C VDD_IN 22793mW/22200mW VDD_CPU_GPU_CV 9135mW/8652mW VDD_SOC 7990mW/7906mW
09-02-2026 14:50:02 RAM 4000/7620MB (lfb 4x1MB) SWAP 1/3810MB (cached 0MB) CPU [47%@1728,31%@1728,25%@1728,3%@1728,20%@729,34%@729] GR3D_FREQ 36% cpu@68.531C soc2@66.312C soc0@66.718C gpu@70.031C tj@70.031C soc1@65.906C VDD_IN 21730mW/22199mW VDD_CPU_GPU_CV 8329mW/8651mW VDD_SOC 7885mW/7906mW
09-02-2026 14:50:07 RAM 4002/7620MB (lfb 1x2MB) SWAP 1/3810MB (cached 0MB) CPU [24%@1728,6%@1728,32%@1728,29%@1728,28%@1574,44%@1574] GR3D_FREQ 99% cpu@68.343C soc2@66.375C soc0@66.843C gpu@70.75C tj@70.75C soc1@65.875C VDD_IN 22752mW/22201mW VDD_CPU_GPU_CV 9018mW/8652mW VDD_SOC 7990mW/7906mW
09-02-2026 14:50:12 RAM 4023/7620MB (lfb 3x1MB) SWAP 1/3810MB (cached 0MB) CPU [8%@1113,1%@1113,23%@1113,57%@1113,20%@1728,57%@1728] GR3D_FREQ 99% cpu@68.718C soc2@66.562C soc0@66.843C gpu@70.593C tj@70.593C soc1@65.937C VDD_IN 22634mW/22202mW VDD_CPU_GPU_CV 8979mW/8653mW VDD_SOC 7951mW/7906mW
09-02-2026 14:50:17 RAM 4015/7620MB (lfb 1x4MB) SWAP 1/3810MB (cached 0MB) CPU [16%@1728,30%@1728,6%@1728,34%@1728,41%@1728,41%@1728] GR3D_FREQ 99% cpu@68.468C soc2@66.5C soc0@66.968C gpu@70.593C tj@70.593C soc1@66.125C VDD_IN 22752mW/22203mW VDD_CPU_GPU_CV 9018mW/8654mW VDD_SOC 7990mW/7906mW
09-02-2026 14:50:22 RAM 4012/7620MB (lfb 1x4MB) SWAP 1/3810MB (cached 0MB) CPU [19%@1574,24%@1574,3%@1574,24%@1574,42%@1728,56%@1728] GR3D_FREQ 99% cpu@68.343C soc2@66.406C soc0@66.593C gpu@70.375C tj@70.375C soc1@66C VDD_IN 22793mW/22205mW VDD_CPU_GPU_CV 9096mW/8655mW VDD_SOC 7990mW/7907mW
09-02-2026 14:50:27 RAM 4024/7620MB (lfb 1x4MB) SWAP 1/3810MB (cached 0MB) CPU [19%@1728,41%@1728,11%@1728,26%@1420,22%@1728,54%@1728] GR3D_FREQ 99% cpu@68.093C soc2@66.218C soc0@66.562C gpu@70.25C tj@70.25C soc1@66.031C VDD_IN 22793mW/22206mW VDD_CPU_GPU_CV 9096mW/8656mW VDD_SOC 8029mW/7907mW
09-02-2026 14:50:32 RAM 4019/7620MB (lfb 2x2MB) SWAP 1/3810MB (cached 0MB) CPU [12%@1728,23%@1728,3%@1728,61%@1728,20%@1497,45%@1497] GR3D_FREQ 99% cpu@68.218C soc2@66.031C soc0@66.437C gpu@69.906C tj@69.906C soc1@65.687C VDD_IN 22398mW/22207mW VDD_CPU_GPU_CV 8744mW/8657mW VDD_SOC 7951mW/7907mW
09-02-2026 14:50:37 RAM 4010/7620MB (lfb 2x2MB) SWAP 1/3810MB (cached 0MB) CPU [3%@1344,51%@1344,12%@1344,43%@1344,23%@960,29%@960] GR3D_FREQ 99% cpu@68.093C soc2@65.906C soc0@66.281C gpu@69.812C tj@69.812C soc1@65.656C VDD_IN 22241mW/22207mW VDD_CPU_GPU_CV 8588mW/8656mW VDD_SOC 7911mW/7907mW
09-02-2026 14:50:42 RAM 4019/7620MB (lfb 2x2MB) SWAP 1/3810MB (cached 0MB) CPU [32%@1728,35%@1728,22%@1728,21%@1728,29%@729,25%@729] GR3D_FREQ 99% cpu@67.843C soc2@65.875C soc0@66.187C gpu@69.812C tj@69.812C soc1@65.343C VDD_IN 22123mW/22207mW VDD_CPU_GPU_CV 8563mW/8656mW VDD_SOC 7885mW/7907mW
09-02-2026 14:50:47 RAM 4022/7620MB (lfb 2x2MB) SWAP 1/3810MB (cached 0MB) CPU [3%@1728,57%@1728,2%@1728,50%@1728,26%@729,29%@729] GR3D_FREQ 99% cpu@67.468C soc2@65.625C soc0@66.093C gpu@69.687C tj@69.687C soc1@65.375C VDD_IN 22241mW/22207mW VDD_CPU_GPU_CV 8759mW/8656mW VDD_SOC 7846mW/7907mW
09-02-2026 14:50:52 RAM 4015/7620MB (lfb 2x2MB) SWAP 1/3810MB (cached 0MB) CPU [1%@1728,52%@1728,3%@1728,52%@1728,29%@729,23%@729] GR3D_FREQ 24% cpu@67.812C soc2@65.687C soc0@66C gpu@68.968C tj@68.968C soc1@65.218C VDD_IN 21848mW/22206mW VDD_CPU_GPU_CV 8290mW/8656mW VDD_SOC 7924mW/7907mW
09-02-2026 14:50:57 RAM 4043/7620MB (lfb 3x1MB) SWAP 1/3810MB (cached 0MB) CPU [3%@1728,52%@1728,2%@1728,56%@1728,32%@1574,23%@1574] GR3D_FREQ 99% cpu@67.656C soc2@65.5C soc0@65.906C gpu@69.687C tj@69.687C soc1@65.25C VDD_IN 22045mW/22205mW VDD_CPU_GPU_CV 8602mW/8655mW VDD_SOC 7885mW/7907mW
09-02-2026 14:51:02 RAM 4022/7620MB (lfb 3x1MB) SWAP 1/3810MB (cached 0MB) CPU [3%@1728,51%@1728,6%@1728,54%@1728,28%@729,29%@729] GR3D_FREQ 99% cpu@67.468C soc2@65.5C soc0@65.906C gpu@69.375C tj@69.375C soc1@65C VDD_IN 22555mW/22206mW VDD_CPU_GPU_CV 8862mW/8656mW VDD_SOC 7990mW/7907mW
09-02-2026 14:51:07 RAM 4013/7620MB (lfb 3x1MB) SWAP 1/3810MB (cached 0MB) CPU [5%@1728,23%@1728,22%@1728,45%@1728,39%@1574,32%@1574] GR3D_FREQ 96% cpu@67.437C soc2@65.5C soc0@65.687C gpu@69.343C tj@69.343C soc1@65C VDD_IN 22477mW/22207mW VDD_CPU_GPU_CV 8784mW/8656mW VDD_SOC 7990mW/7907mW
09-02-2026 14:51:12 RAM 4023/7620MB (lfb 1x2MB) SWAP 1/3810MB (cached 0MB) CPU [21%@1728,35%@1728,16%@1728,16%@1728,46%@1728,28%@1728] GR3D_FREQ 75% cpu@67.437C soc2@65.5C soc0@65.812C gpu@69.218C tj@69.218C soc1@65.125C VDD_IN 22595mW/22208mW VDD_CPU_GPU_CV 8823mW/8657mW VDD_SOC 8029mW/7908mW
09-02-2026 14:51:17 RAM 4021/7620MB (lfb 1x2MB) SWAP 1/3810MB (cached 0MB) CPU [23%@1728,18%@1728,14%@1728,3%@1728,55%@1728,51%@1728] GR3D_FREQ 25% cpu@67.5C soc2@65.281C soc0@65.718C gpu@68.75C tj@68.75C soc1@64.906C VDD_IN 22084mW/22208mW VDD_CPU_GPU_CV 8407mW/8656mW VDD_SOC 8003mW/7908mW
09-02-2026 14:51:22 RAM 4023/7620MB (lfb 1x2MB) SWAP 1/3810MB (cached 0MB) CPU [24%@1728,4%@1728,25%@1728,1%@1728,55%@1728,54%@1728] GR3D_FREQ 99% cpu@67.406C soc2@65.218C soc0@65.718C gpu@69.281C tj@69.281C soc1@64.75C VDD_IN 22555mW/22208mW VDD_CPU_GPU_CV 8979mW/8657mW VDD_SOC 7911mW/7908mW
09-02-2026 14:51:27 RAM 4042/7620MB (lfb 1x2MB) SWAP 1/3810MB (cached 0MB) CPU [7%@1190,9%@1190,19%@1190,18%@1190,49%@1728,65%@1728] GR3D_FREQ 99% cpu@67.343C soc2@65.218C soc0@65.5C gpu@69.218C tj@69.218C soc1@64.75C VDD_IN 22002mW/22208mW VDD_CPU_GPU_CV 8485mW/8656mW VDD_SOC 7846mW/7908mW
09-02-2026 14:51:32 RAM 4024/7620MB (lfb 1x2MB) SWAP 1/3810MB (cached 0MB) CPU [7%@729,1%@729,23%@729,23%@729,53%@1728,58%@1728] GR3D_FREQ 99% cpu@66.906C soc2@65.093C soc0@65.531C gpu@69.312C tj@69.312C soc1@64.75C VDD_IN 22516mW/22209mW VDD_CPU_GPU_CV 8954mW/8657mW VDD_SOC 7924mW/7908mW
09-02-2026 14:51:37 RAM 4025/7620MB (lfb 1x2MB) SWAP 1/3810MB (cached 0MB) CPU [9%@729,3%@729,20%@883,25%@883,55%@1728,64%@1728] GR3D_FREQ 99% cpu@67.125C soc2@65.093C soc0@65.5C gpu@68.781C tj@68.781C soc1@64.656C VDD_IN 22320mW/22209mW VDD_CPU_GPU_CV 8720mW/8657mW VDD_SOC 7924mW/7908mW
09-02-2026 14:51:42 RAM 4019/7620MB (lfb 1x2MB) SWAP 1/3810MB (cached 0MB) CPU [10%@1728,6%@1728,20%@1728,15%@1728,41%@1728,70%@1728] GR3D_FREQ 99% cpu@67.25C soc2@65C soc0@65.406C gpu@68.656C tj@68.656C soc1@64.718C VDD_IN 22477mW/22210mW VDD_CPU_GPU_CV 8720mW/8657mW VDD_SOC 8042mW/7908mW
09-02-2026 14:51:47 RAM 4018/7620MB (lfb 1x2MB) SWAP 1/3810MB (cached 0MB) CPU [7%@729,21%@729,10%@729,18%@729,45%@1728,64%@1728] GR3D_FREQ 99% cpu@67.031C soc2@65C soc0@65.343C gpu@69C tj@69C soc1@64.562C VDD_IN 22438mW/22210mW VDD_CPU_GPU_CV 8915mW/8658mW VDD_SOC 7885mW/7908mW
09-02-2026 14:51:52 RAM 4018/7620MB (lfb 1x2MB) SWAP 1/3810MB (cached 0MB) CPU [14%@1728,5%@1728,25%@1728,21%@1728,59%@1728,39%@1728] GR3D_FREQ 99% cpu@66.968C soc2@64.968C soc0@65.312C gpu@68.906C tj@68.906C soc1@64.5C VDD_IN 22713mW/22211mW VDD_CPU_GPU_CV 8940mW/8659mW VDD_SOC 8068mW/7908mW
09-02-2026 14:51:57 RAM 4027/7620MB (lfb 3x1MB) SWAP 1/3810MB (cached 0MB) CPU [11%@1113,11%@1113,16%@1113,21%@1113,58%@1728,50%@1728] GR3D_FREQ 65% cpu@67.187C soc2@64.937C soc0@65.187C gpu@68.968C tj@68.968C soc1@64.468C VDD_IN 22438mW/22212mW VDD_CPU_GPU_CV 8641mW/8659mW VDD_SOC 8042mW/7909mW
09-02-2026 14:52:02 RAM 4028/7620MB (lfb 3x1MB) SWAP 1/3810MB (cached 0MB) CPU [17%@806,9%@806,16%@806,16%@806,52%@1728,59%@1728] GR3D_FREQ 99% cpu@66.875C soc2@64.875C soc0@65.218C gpu@68.906C tj@68.906C soc1@64.531C VDD_IN 22477mW/22213mW VDD_CPU_GPU_CV 8954mW/8659mW VDD_SOC 7885mW/7909mW
09-02-2026 14:52:07 RAM 4025/7620MB (lfb 3x1MB) SWAP 1/3810MB (cached 0MB) CPU [18%@1728,4%@1728,25%@1728,20%@1728,30%@1728,67%@1728] GR3D_FREQ 75% cpu@66.906C soc2@64.781C soc0@65.093C gpu@68.937C tj@68.937C soc1@64.375C VDD_IN 21805mW/22212mW VDD_CPU_GPU_CV 8446mW/8659mW VDD_SOC 7807mW/7908mW
09-02-2026 14:52:12 RAM 4027/7620MB (lfb 3x1MB) SWAP 1/3810MB (cached 0MB) CPU [14%@729,13%@729,4%@729,20%@729,41%@1728,67%@1728] GR3D_FREQ 99% cpu@67.187C soc2@64.812C soc0@65.218C gpu@68.625C tj@68.625C soc1@64.375C VDD_IN 22555mW/22212mW VDD_CPU_GPU_CV 8720mW/8659mW VDD_SOC 8081mW/7909mW
09-02-2026 14:52:17 RAM 4025/7620MB (lfb 1x4MB) SWAP 1/3810MB (cached 0MB) CPU [22%@1728,11%@1728,7%@1728,16%@1728,50%@1728,59%@1728] GR3D_FREQ 74% cpu@66.843C soc2@64.687C soc0@65C gpu@68.5C tj@68.5C soc1@64.281C VDD_IN 21923mW/22212mW VDD_CPU_GPU_CV 8524mW/8659mW VDD_SOC 7807mW/7909mW
09-02-2026 14:52:22 RAM 4030/7620MB (lfb 1x4MB) SWAP 1/3810MB (cached 0MB) CPU [17%@729,10%@729,7%@729,19%@729,57%@1728,47%@1728] GR3D_FREQ 57% cpu@66.687C soc2@64.656C soc0@65.093C gpu@68.062C tj@68.062C soc1@64.281C VDD_IN 22159mW/22212mW VDD_CPU_GPU_CV 8446mW/8658mW VDD_SOC 8003mW/7909mW
09-02-2026 14:52:27 RAM 4048/7620MB (lfb 1x4MB) SWAP 1/3810MB (cached 0MB) CPU [21%@1497,21%@1497,10%@1497,3%@1497,49%@1728,60%@1728] GR3D_FREQ 99% cpu@66.656C soc2@64.593C soc0@65.218C gpu@68.656C tj@68.656C soc1@64.187C VDD_IN 21962mW/22211mW VDD_CPU_GPU_CV 8485mW/8658mW VDD_SOC 7807mW/7909mW
09-02-2026 14:52:32 RAM 4024/7620MB (lfb 1x4MB) SWAP 1/3810MB (cached 0MB) CPU [13%@1728,16%@1728,9%@1728,15%@1728,34%@1728,73%@1728] GR3D_FREQ 99% cpu@66.843C soc2@64.531C soc0@65.031C gpu@68.531C tj@68.531C soc1@64.25C VDD_IN 22159mW/22211mW VDD_CPU_GPU_CV 8798mW/8658mW VDD_SOC 7807mW/7908mW
09-02-2026 14:52:37 RAM 4028/7620MB (lfb 1x4MB) SWAP 1/3810MB (cached 0MB) CPU [19%@1728,24%@1728,23%@1728,12%@1728,48%@729,41%@729] GR3D_FREQ 99% cpu@66.812C soc2@64.687C soc0@65.093C gpu@69.093C tj@69.093C soc1@64.218C VDD_IN 22791mW/22212mW VDD_CPU_GPU_CV 9018mW/8659mW VDD_SOC 7951mW/7908mW
09-02-2026 14:52:42 RAM 4039/7620MB (lfb 1x4MB) SWAP 1/3810MB (cached 0MB) CPU [18%@1267,16%@1267,50%@1267,3%@1728,21%@1728,55%@1728] GR3D_FREQ 99% cpu@66.625C soc2@64.625C soc0@65.031C gpu@68.812C tj@68.812C soc1@64.312C VDD_IN 22634mW/22213mW VDD_CPU_GPU_CV 9033mW/8660mW VDD_SOC 7964mW/7909mW
09-02-2026 14:52:47 RAM 4022/7620MB (lfb 1x4MB) SWAP 1/3810MB (cached 0MB) CPU [5%@1728,23%@1728,58%@1728,5%@1728,38%@1574,33%@1574] GR3D_FREQ 99% cpu@66.593C soc2@64.562C soc0@65.062C gpu@68.468C tj@68.468C soc1@64.25C VDD_IN 22041mW/22213mW VDD_CPU_GPU_CV 8641mW/8660mW VDD_SOC 7846mW/7908mW
09-02-2026 14:52:52 RAM 4022/7620MB (lfb 1x4MB) SWAP 1/3810MB (cached 0MB) CPU [10%@1728,54%@1728,45%@1728,6%@1728,28%@729,25%@729] GR3D_FREQ 99% cpu@66.906C soc2@64.531C soc0@64.875C gpu@68.187C tj@68.187C soc1@64.156C VDD_IN 22477mW/22213mW VDD_CPU_GPU_CV 8759mW/8660mW VDD_SOC 8081mW/7909mW
09-02-2026 14:52:57 RAM 4023/7620MB (lfb 1x4MB) SWAP 1/3810MB (cached 0MB) CPU [35%@1728,56%@1728,18%@1728,5%@1728,26%@729,26%@729] GR3D_FREQ 99% cpu@66.406C soc2@64.531C soc0@65.031C gpu@68.687C tj@68.687C soc1@64.062C VDD_IN 22120mW/22213mW VDD_CPU_GPU_CV 8563mW/8660mW VDD_SOC 7885mW/7909mW
09-02-2026 14:53:02 RAM 4035/7620MB (lfb 1x4MB) SWAP 1/3810MB (cached 0MB) CPU [14%@1728,38%@1728,54%@1728,3%@1728,31%@729,32%@729] GR3D_FREQ 99% cpu@66.875C soc2@64.562C soc0@64.812C gpu@68.25C tj@68.25C soc1@64.062C VDD_IN 22359mW/22214mW VDD_CPU_GPU_CV 8759mW/8660mW VDD_SOC 7924mW/7909mW
09-02-2026 14:53:07 RAM 4025/7620MB (lfb 1x4MB) SWAP 1/3810MB (cached 0MB) CPU [34%@1728,7%@1728,54%@1728,20%@1728,32%@1113,27%@1113] GR3D_FREQ 99% cpu@66.437C soc2@64.593C soc0@64.937C gpu@68.531C tj@68.531C soc1@64.093C VDD_IN 22199mW/22214mW VDD_CPU_GPU_CV 8720mW/8660mW VDD_SOC 7807mW/7909mW
09-02-2026 14:53:12 RAM 4029/7620MB (lfb 2x4MB) SWAP 1/3810MB (cached 0MB) CPU [24%@1728,39%@1728,51%@1728,2%@1728,22%@729,29%@729] GR3D_FREQ 99% cpu@66.781C soc2@64.531C soc0@64.875C gpu@67.937C tj@67.937C soc1@64.031C VDD_IN 22199mW/22214mW VDD_CPU_GPU_CV 8446mW/8660mW VDD_SOC 8042mW/7909mW
09-02-2026 14:53:17 RAM 4028/7620MB (lfb 2x4MB) SWAP 1/3810MB (cached 0MB) CPU [4%@1728,46%@1728,57%@1728,9%@1728,20%@1497,33%@1497] GR3D_FREQ 99% cpu@66.343C soc2@64.375C soc0@64.875C gpu@68.531C tj@68.531C soc1@64.125C VDD_IN 21805mW/22213mW VDD_CPU_GPU_CV 8446mW/8659mW VDD_SOC 7807mW/7909mW
09-02-2026 14:53:22 RAM 4024/7620MB (lfb 2x4MB) SWAP 1/3810MB (cached 0MB) CPU [6%@1728,31%@1728,46%@1728,16%@1728,35%@729,32%@729] GR3D_FREQ 49% cpu@66.562C soc2@64.437C soc0@65C gpu@68.125C tj@68.125C soc1@63.937C VDD_IN 22398mW/22213mW VDD_CPU_GPU_CV 8563mW/8659mW VDD_SOC 8081mW/7909mW
09-02-2026 14:53:27 RAM 4022/7620MB (lfb 2x4MB) SWAP 1/3810MB (cached 0MB) CPU [4%@1728,25%@1728,17%@1728,50%@1728,27%@729,36%@729] GR3D_FREQ 99% cpu@66.468C soc2@64.312C soc0@64.75C gpu@68.437C tj@68.437C soc1@63.968C VDD_IN 22752mW/22214mW VDD_CPU_GPU_CV 8979mW/8660mW VDD_SOC 8003mW/7909mW
09-02-2026 14:53:32 RAM 4021/7620MB (lfb 2x4MB) SWAP 1/3810MB (cached 0MB) CPU [3%@1728,5%@1728,45%@1728,57%@1728,26%@729,31%@729] GR3D_FREQ 99% cpu@66.468C soc2@64.312C soc0@64.812C gpu@68.187C tj@68.187C soc1@63.843C VDD_IN 21884mW/22214mW VDD_CPU_GPU_CV 8446mW/8659mW VDD_SOC 7807mW/7909mW
09-02-2026 14:53:37 RAM 4020/7620MB (lfb 2x4MB) SWAP 1/3810MB (cached 0MB) CPU [1%@1728,4%@1728,54%@1728,56%@1728,24%@883,27%@883] GR3D_FREQ 99% cpu@66.5C soc2@64.25C soc0@64.687C gpu@68.687C tj@68.687C soc1@63.937C VDD_IN 22238mW/22214mW VDD_CPU_GPU_CV 8837mW/8660mW VDD_SOC 7846mW/7909mW
09-02-2026 14:53:42 RAM 4028/7620MB (lfb 2x4MB) SWAP 1/3810MB (cached 0MB) CPU [30%@1728,38%@1728,4%@1728,35%@1728,29%@1497,25%@1497] GR3D_FREQ 98% cpu@66.437C soc2@64.281C soc0@64.875C gpu@67.937C tj@67.937C soc1@63.906C VDD_IN 21687mW/22212mW VDD_CPU_GPU_CV 8303mW/8659mW VDD_SOC 7859mW/7909mW
09-02-2026 14:53:47 RAM 4023/7620MB (lfb 2x4MB) SWAP 1/3810MB (cached 0MB) CPU [2%@1728,34%@1728,27%@1728,56%@1728,31%@1036,21%@1036] GR3D_FREQ 99% cpu@66.343C soc2@64.312C soc0@64.656C gpu@68.593C tj@68.593C soc1@63.875C VDD_IN 22317mW/22213mW VDD_CPU_GPU_CV 8837mW/8659mW VDD_SOC 7846mW/7909mW
09-02-2026 14:53:52 RAM 4049/7620MB (lfb 2x4MB) SWAP 1/3810MB (cached 0MB) CPU [1%@1728,0%@1728,55%@1728,56%@1728,19%@729,31%@729] GR3D_FREQ 99% cpu@66.531C soc2@64.281C soc0@64.75C gpu@67.937C tj@67.937C soc1@63.812C VDD_IN 22356mW/22213mW VDD_CPU_GPU_CV 8485mW/8659mW VDD_SOC 8081mW/7909mW
09-02-2026 14:53:57 RAM 4022/7620MB (lfb 2x4MB) SWAP 1/3810MB (cached 0MB) CPU [20%@1728,5%@1728,62%@1728,26%@1728,29%@806,35%@806] GR3D_FREQ 99% cpu@66.468C soc2@64.281C soc0@64.718C gpu@68.312C tj@68.312C soc1@63.875C VDD_IN 22673mW/22214mW VDD_CPU_GPU_CV 8993mW/8660mW VDD_SOC 7924mW/7909mW
09-02-2026 14:54:02 RAM 4028/7620MB (lfb 2x4MB) SWAP 1/3810MB (cached 0MB) CPU [7%@1113,51%@1113,20%@1113,14%@1113,29%@1728,46%@1728] GR3D_FREQ 99% cpu@66.281C soc2@64.312C soc0@64.812C gpu@68.343C tj@68.343C soc1@64C VDD_IN 22713mW/22215mW VDD_CPU_GPU_CV 9072mW/8661mW VDD_SOC 8003mW/7909mW
09-02-2026 14:54:07 RAM 4042/7620MB (lfb 2x4MB) SWAP 1/3810MB (cached 0MB) CPU [8%@1728,63%@1728,12%@1728,15%@1728,30%@729,42%@729] GR3D_FREQ 99% cpu@66.687C soc2@64.406C soc0@64.687C gpu@68.593C tj@68.593C soc1@63.875C VDD_IN 22673mW/22216mW VDD_CPU_GPU_CV 8954mW/8661mW VDD_SOC 8003mW/7910mW
09-02-2026 14:54:12 RAM 4038/7620MB (lfb 2x4MB) SWAP 1/3810MB (cached 0MB) CPU [14%@1344,10%@1344,24%@1344,3%@1344,62%@1728,48%@1728] GR3D_FREQ 91% cpu@66.718C soc2@64.187C soc0@64.593C gpu@68.25C tj@68.25C soc1@64.031C VDD_IN 22159mW/22216mW VDD_CPU_GPU_CV 8485mW/8661mW VDD_SOC 7964mW/7910mW
09-02-2026 14:54:17 RAM 4038/7620MB (lfb 2x4MB) SWAP 1/3810MB (cached 0MB) CPU [8%@1728,32%@1728,5%@1728,25%@1728,44%@1574,53%@1574] GR3D_FREQ 99% cpu@66.343C soc2@64.281C soc0@64.562C gpu@68.156C tj@68.156C soc1@63.843C VDD_IN 22199mW/22216mW VDD_CPU_GPU_CV 8720mW/8661mW VDD_SOC 7885mW/7910mW
09-02-2026 14:54:22 RAM 4024/7620MB (lfb 2x4MB) SWAP 1/3810MB (cached 0MB) CPU [6%@1728,41%@1728,49%@1728,16%@1728,28%@729,30%@729] GR3D_FREQ 99% cpu@66.468C soc2@64.25C soc0@64.656C gpu@67.906C tj@67.906C soc1@63.843C VDD_IN 22435mW/22217mW VDD_CPU_GPU_CV 8602mW/8661mW VDD_SOC 8042mW/7910mW
09-02-2026 14:54:27 RAM 4032/7620MB (lfb 2x4MB) SWAP 1/3810MB (cached 0MB) CPU [1%@1728,10%@1728,34%@1728,65%@1728,26%@1497,27%@1497] GR3D_FREQ 72% cpu@66.187C soc2@64.125C soc0@64.718C gpu@68.343C tj@68.343C soc1@63.781C VDD_IN 22002mW/22216mW VDD_CPU_GPU_CV 8602mW/8661mW VDD_SOC 7846mW/7910mW
09-02-2026 14:54:32 RAM 4020/7620MB (lfb 1x4MB) SWAP 1/3810MB (cached 0MB) CPU [1%@1728,3%@1728,57%@1728,56%@1728,22%@729,31%@729] GR3D_FREQ 99% cpu@66.437C soc2@64.125C soc0@64.593C gpu@68.343C tj@68.343C soc1@63.875C VDD_IN 22317mW/22216mW VDD_CPU_GPU_CV 8837mW/8661mW VDD_SOC 7807mW/7910mW
09-02-2026 14:54:37 RAM 4019/7620MB (lfb 1x4MB) SWAP 1/3810MB (cached 0MB) CPU [11%@1728,5%@1728,54%@1728,30%@1728,37%@1728,25%@1728] GR3D_FREQ 99% cpu@66.156C soc2@64.125C soc0@64.687C gpu@68.531C tj@68.531C soc1@63.781C VDD_IN 22395mW/22217mW VDD_CPU_GPU_CV 8837mW/8662mW VDD_SOC 7885mW/7909mW
09-02-2026 14:54:42 RAM 4039/7620MB (lfb 1x4MB) SWAP 1/3810MB (cached 0MB) CPU [16%@1190,25%@1036,8%@1036,5%@1036,61%@1728,56%@1728] GR3D_FREQ 99% cpu@66.531C soc2@64.156C soc0@64.531C gpu@68.187C tj@68.187C soc1@63.812C VDD_IN 22238mW/22217mW VDD_CPU_GPU_CV 8681mW/8662mW VDD_SOC 7924mW/7909mW
09-02-2026 14:54:47 RAM 4031/7620MB (lfb 1x4MB) SWAP 1/3810MB (cached 0MB) CPU [9%@1344,21%@1344,22%@1344,3%@1344,56%@1728,61%@1728] GR3D_FREQ 99% cpu@66.593C soc2@64.187C soc0@64.656C gpu@67.906C tj@67.906C soc1@63.781C VDD_IN 22555mW/22217mW VDD_CPU_GPU_CV 8759mW/8662mW VDD_SOC 8042mW/7910mW
09-02-2026 14:54:52 RAM 4032/7620MB (lfb 1x4MB) SWAP 1/3810MB (cached 0MB) CPU [5%@729,20%@729,21%@1728,22%@1728,34%@1728,58%@1728] GR3D_FREQ 99% cpu@66.25C soc2@64.218C soc0@64.562C gpu@68.187C tj@68.187C soc1@63.812C VDD_IN 22713mW/22219mW VDD_CPU_GPU_CV 9057mW/8663mW VDD_SOC 7964mW/7910mW
09-02-2026 14:54:57 RAM 4044/7620MB (lfb 2x4MB) SWAP 1/3810MB (cached 0MB) CPU [3%@1728,34%@1728,33%@1728,32%@1728,19%@1497,40%@1497] GR3D_FREQ 99% cpu@66.125C soc2@64.187C soc0@64.656C gpu@68.406C tj@68.406C soc1@63.781C VDD_IN 21962mW/22218mW VDD_CPU_GPU_CV 8563mW/8662mW VDD_SOC 7807mW/7910mW
09-02-2026 14:55:02 RAM 4020/7620MB (lfb 2x4MB) SWAP 1/3810MB (cached 0MB) CPU [24%@1728,9%@1728,24%@1728,51%@1728,32%@729,23%@729] GR3D_FREQ 99% cpu@66.625C soc2@64.25C soc0@64.562C gpu@67.781C tj@67.781C soc1@63.718C VDD_IN 22317mW/22218mW VDD_CPU_GPU_CV 8485mW/8662mW VDD_SOC 8081mW/7910mW
09-02-2026 14:55:07 RAM 4027/7620MB (lfb 1x4MB) SWAP 1/3810MB (cached 0MB) CPU [28%@1728,8%@1728,4%@1728,64%@1728,36%@1728,35%@1728] GR3D_FREQ 99% cpu@66.281C soc2@64.156C soc0@64.562C gpu@68.25C tj@68.25C soc1@63.843C VDD_IN 22791mW/22220mW VDD_CPU_GPU_CV 9057mW/8663mW VDD_SOC 7964mW/7910mW
09-02-2026 14:55:12 RAM 4030/7620MB (lfb 1x4MB) SWAP 1/3810MB (cached 0MB) CPU [27%@1728,15%@1728,16%@1728,24%@1728,25%@1728,56%@1728] GR3D_FREQ 99% cpu@66.218C soc2@64.156C soc0@64.531C gpu@68.156C tj@68.156C soc1@63.718C VDD_IN 22277mW/22220mW VDD_CPU_GPU_CV 8798mW/8663mW VDD_SOC 7846mW/7910mW
09-02-2026 14:55:17 RAM 4027/7620MB (lfb 2x4MB) SWAP 1/3810MB (cached 0MB) CPU [11%@1728,18%@1728,19%@1728,5%@1728,49%@1728,58%@1728] GR3D_FREQ 33% cpu@66.281C soc2@63.968C soc0@64.531C gpu@68.062C tj@68.062C soc1@63.875C VDD_IN 21687mW/22218mW VDD_CPU_GPU_CV 8264mW/8662mW VDD_SOC 7819mW/7910mW
09-02-2026 14:55:22 RAM 4025/7620MB (lfb 2x4MB) SWAP 1/3810MB (cached 0MB) CPU [11%@1728,13%@1728,20%@1728,8%@1728,41%@1728,69%@1728] GR3D_FREQ 99% cpu@66.218C soc2@64.031C soc0@64.5C gpu@68.187C tj@68.031C soc1@63.75C VDD_IN 22238mW/22218mW VDD_CPU_GPU_CV 8798mW/8663mW VDD_SOC 7846mW/7910mW
09-02-2026 14:55:27 RAM 4034/7620MB (lfb 2x4MB) SWAP 1/3810MB (cached 0MB) CPU [4%@1728,16%@1728,24%@1728,8%@1728,42%@1728,63%@1728] GR3D_FREQ 99% cpu@66.187C soc2@64.031C soc0@64.468C gpu@68.125C tj@68.125C soc1@63.781C VDD_IN 21884mW/22218mW VDD_CPU_GPU_CV 8421mW/8662mW VDD_SOC 7885mW/7910mW
09-02-2026 14:55:32 RAM 4026/7620MB (lfb 2x4MB) SWAP 1/3810MB (cached 0MB) CPU [12%@729,8%@729,16%@729,19%@729,57%@1728,51%@1728] GR3D_FREQ 99% cpu@66.406C soc2@64.125C soc0@64.531C gpu@68C tj@68C soc1@63.781C VDD_IN 22395mW/22218mW VDD_CPU_GPU_CV 8681mW/8662mW VDD_SOC 8003mW/7910mW
09-02-2026 14:55:37 RAM 4033/7620MB (lfb 2x4MB) SWAP 1/3810MB (cached 0MB) CPU [6%@1344,25%@1344,22%@1344,10%@1344,60%@1728,40%@1728] GR3D_FREQ 99% cpu@66.187C soc2@64.031C soc0@64.468C gpu@68.125C tj@68.125C soc1@63.781C VDD_IN 22238mW/22218mW VDD_CPU_GPU_CV 8759mW/8662mW VDD_SOC 7807mW/7910mW
09-02-2026 14:55:42 RAM 4042/7620MB (lfb 2x4MB) SWAP 1/3810MB (cached 0MB) CPU [9%@1728,9%@1728,45%@1728,25%@1728,33%@1728,42%@1728] GR3D_FREQ 99% cpu@66.375C soc2@64.125C soc0@64.625C gpu@68.125C tj@68.125C soc1@63.687C VDD_IN 22555mW/22219mW VDD_CPU_GPU_CV 8915mW/8663mW VDD_SOC 8003mW/7910mW
09-02-2026 14:55:47 RAM 4032/7620MB (lfb 2x4MB) SWAP 1/3810MB (cached 0MB) CPU [18%@1574,10%@1574,19%@1574,37%@1574,21%@1728,57%@1728] GR3D_FREQ 99% cpu@66.312C soc2@64.093C soc0@64.531C gpu@68.125C tj@68.125C soc1@63.75C VDD_IN 22673mW/22220mW VDD_CPU_GPU_CV 8954mW/8664mW VDD_SOC 8042mW/7910mW
09-02-2026 14:55:52 RAM 4025/7620MB (lfb 2x4MB) SWAP 1/3810MB (cached 0MB) CPU [12%@1728,26%@1728,1%@1728,56%@1728,35%@1036,33%@1036] GR3D_FREQ 81% cpu@66.156C soc2@64.062C soc0@64.625C gpu@67.875C tj@67.875C soc1@63.625C VDD_IN 21962mW/22219mW VDD_CPU_GPU_CV 8446mW/8663mW VDD_SOC 7924mW/7910mW
09-02-2026 14:55:57 RAM 4038/7620MB (lfb 2x4MB) SWAP 1/3810MB (cached 0MB) CPU [19%@1728,17%@1728,12%@1728,40%@1728,15%@1728,58%@1728] GR3D_FREQ 60% cpu@66.468C soc2@64.125C soc0@64.5C gpu@68.25C tj@68.25C soc1@63.781C VDD_IN 22438mW/22220mW VDD_CPU_GPU_CV 8681mW/8663mW VDD_SOC 8042mW/7910mW
09-02-2026 14:56:02 RAM 4026/7620MB (lfb 2x4MB) SWAP 1/3810MB (cached 0MB) CPU [33%@1728,3%@1728,9%@1728,61%@1728,34%@729,31%@729] GR3D_FREQ 99% cpu@66.218C soc2@64.062C soc0@64.562C gpu@68.406C tj@68.406C soc1@63.718C VDD_IN 22238mW/22220mW VDD_CPU_GPU_CV 8798mW/8663mW VDD_SOC 7807mW/7910mW
09-02-2026 14:56:07 RAM 4022/7620MB (lfb 2x4MB) SWAP 1/3810MB (cached 0MB) CPU [43%@1728,5%@1728,2%@1728,58%@1728,32%@1190,33%@1190] GR3D_FREQ 99% cpu@66.281C soc2@64.187C soc0@64.5C gpu@68.187C tj@68.187C soc1@63.75C VDD_IN 22752mW/22221mW VDD_CPU_GPU_CV 8954mW/8664mW VDD_SOC 8042mW/7910mW
09-02-2026 14:56:12 RAM 4041/7620MB (lfb 2x4MB) SWAP 1/3810MB (cached 0MB) CPU [12%@1728,21%@1728,2%@1728,25%@1728,35%@1728,63%@1728] GR3D_FREQ 57% cpu@66.093C soc2@63.968C soc0@64.562C gpu@68C tj@68C soc1@63.687C VDD_IN 22398mW/22221mW VDD_CPU_GPU_CV 8641mW/8664mW VDD_SOC 8081mW/7911mW
09-02-2026 14:56:17 RAM 4023/7620MB (lfb 2x4MB) SWAP 1/3810MB (cached 0MB) CPU [25%@1728,15%@1728,11%@1728,39%@1728,12%@1728,66%@1728] GR3D_FREQ 52% cpu@66.468C soc2@64.062C soc0@64.468C gpu@68.125C tj@68.125C soc1@63.843C VDD_IN 22477mW/22222mW VDD_CPU_GPU_CV 8641mW/8664mW VDD_SOC 8081mW/7911mW
09-02-2026 14:56:22 RAM 4027/7620MB (lfb 2x4MB) SWAP 1/3810MB (cached 0MB) CPU [8%@1728,27%@1728,3%@1728,35%@1728,30%@1728,60%@1728] GR3D_FREQ 99% cpu@66.531C soc2@64.093C soc0@64.562C gpu@67.968C tj@67.75C soc1@63.843C VDD_IN 22752mW/22223mW VDD_CPU_GPU_CV 8915mW/8665mW VDD_SOC 8081mW/7912mW
09-02-2026 14:56:27 RAM 4033/7620MB (lfb 2x4MB) SWAP 1/3810MB (cached 0MB) CPU [10%@1574,11%@1574,20%@1574,21%@1574,25%@1728,73%@1728] GR3D_FREQ 99% cpu@66.406C soc2@64.156C soc0@64.5C gpu@68.406C tj@68.406C soc1@63.781C VDD_IN 22356mW/22223mW VDD_CPU_GPU_CV 8759mW/8665mW VDD_SOC 7924mW/7912mW
09-02-2026 14:56:32 RAM 4027/7620MB (lfb 2x4MB) SWAP 1/3810MB (cached 0MB) CPU [8%@1728,27%@1728,15%@1728,15%@1728,48%@1728,54%@1728] GR3D_FREQ 97% cpu@66.281C soc2@64.093C soc0@64.562C gpu@68.187C tj@68.187C soc1@63.875C VDD_IN 22159mW/22223mW VDD_CPU_GPU_CV 8641mW/8665mW VDD_SOC 7885mW/7912mW
09-02-2026 14:56:37 RAM 4017/7620MB (lfb 2x4MB) SWAP 1/3810MB (cached 0MB) CPU [11%@729,19%@729,14%@729,30%@1728,26%@1728,59%@1728] GR3D_FREQ 99% cpu@66.25C soc2@64.156C soc0@64.531C gpu@68.125C tj@68.125C soc1@63.812C VDD_IN 22395mW/22224mW VDD_CPU_GPU_CV 8720mW/8665mW VDD_SOC 8003mW/7912mW
09-02-2026 14:56:42 RAM 4033/7620MB (lfb 2x4MB) SWAP 1/3810MB (cached 0MB) CPU [10%@1728,20%@1728,52%@1728,5%@1728,16%@1420,66%@1420] GR3D_FREQ 99% cpu@66.593C soc2@64.218C soc0@64.656C gpu@68.156C tj@68.156C soc1@63.843C VDD_IN 22673mW/22225mW VDD_CPU_GPU_CV 8876mW/8665mW VDD_SOC 8042mW/7912mW
09-02-2026 14:56:47 RAM 4036/7620MB (lfb 2x4MB) SWAP 1/3810MB (cached 0MB) CPU [8%@1420,18%@1420,45%@1420,14%@1420,15%@1651,60%@1651] GR3D_FREQ 99% cpu@66.406C soc2@64.343C soc0@64.625C gpu@68.5C tj@68.187C soc1@63.906C VDD_IN 22395mW/22225mW VDD_CPU_GPU_CV 8681mW/8665mW VDD_SOC 8003mW/7912mW
09-02-2026 14:56:52 RAM 4025/7620MB (lfb 2x4MB) SWAP 1/3810MB (cached 0MB) CPU [14%@1728,13%@1728,58%@1728,1%@1728,24%@729,55%@729] GR3D_FREQ 20% cpu@66.125C soc2@64.187C soc0@64.656C gpu@67.625C tj@67.625C soc1@63.906C VDD_IN 21884mW/22224mW VDD_CPU_GPU_CV 8303mW/8664mW VDD_SOC 7885mW/7912mW
09-02-2026 14:56:57 RAM 4022/7620MB (lfb 2x4MB) SWAP 1/3810MB (cached 0MB) CPU [32%@1728,22%@1728,52%@1728,1%@1728,28%@1574,31%@1574] GR3D_FREQ 99% cpu@66.375C soc2@64.25C soc0@64.562C gpu@68.437C tj@68.437C soc1@63.812C VDD_IN 22317mW/22224mW VDD_CPU_GPU_CV 8720mW/8665mW VDD_SOC 7964mW/7912mW
09-02-2026 14:57:02 RAM 4044/7620MB (lfb 2x4MB) SWAP 1/3810MB (cached 0MB) CPU [23%@1728,27%@1728,41%@1728,14%@1728,39%@1113,24%@1113] GR3D_FREQ 99% cpu@66.5C soc2@64.187C soc0@64.687C gpu@68.312C tj@68.312C soc1@63.937C VDD_IN 22595mW/22225mW VDD_CPU_GPU_CV 8798mW/8665mW VDD_SOC 8042mW/7913mW
09-02-2026 14:57:07 RAM 4020/7620MB (lfb 1x4MB) SWAP 1/3810MB (cached 0MB) CPU [42%@1728,17%@1728,25%@1728,33%@1728,24%@729,30%@729] GR3D_FREQ 99% cpu@66.343C soc2@64.187C soc0@64.687C gpu@68.437C tj@68.437C soc1@63.687C VDD_IN 22238mW/22225mW VDD_CPU_GPU_CV 8798mW/8665mW VDD_SOC 7807mW/7912mW
09-02-2026 14:57:12 RAM 4029/7620MB (lfb 1x4MB) SWAP 1/3810MB (cached 0MB) CPU [0%@1728,51%@1728,6%@1728,54%@1728,24%@960,27%@960] GR3D_FREQ 99% cpu@66.156C soc2@64.093C soc0@64.531C gpu@67.843C tj@67.843C soc1@63.781C VDD_IN 21884mW/22225mW VDD_CPU_GPU_CV 8421mW/8665mW VDD_SOC 7885mW/7912mW
09-02-2026 14:57:17 RAM 4032/7620MB (lfb 1x4MB) SWAP 1/3810MB (cached 0MB) CPU [4%@1728,39%@1728,11%@1728,42%@1728,45%@729,29%@729] GR3D_FREQ 99% cpu@66.406C soc2@64.25C soc0@64.656C gpu@68.25C tj@68.25C soc1@63.718C VDD_IN 22673mW/22225mW VDD_CPU_GPU_CV 8837mW/8665mW VDD_SOC 8081mW/7913mW
09-02-2026 14:57:22 RAM 4048/7620MB (lfb 1x4MB) SWAP 1/3810MB (cached 0MB) CPU [46%@1574,4%@1574,11%@1574,39%@1574,31%@1728,35%@1728] GR3D_FREQ 99% cpu@66.406C soc2@64.125C soc0@64.531C gpu@68.406C tj@68.406C soc1@63.781C VDD_IN 22477mW/22226mW VDD_CPU_GPU_CV 8876mW/8665mW VDD_SOC 7924mW/7913mW
09-02-2026 14:57:27 RAM 4030/7620MB (lfb 1x4MB) SWAP 1/3810MB (cached 0MB) CPU [3%@1728,22%@1728,12%@1728,18%@1728,54%@1728,60%@1728] GR3D_FREQ 78% cpu@66.218C soc2@64.031C soc0@64.625C gpu@68.187C tj@68.187C soc1@63.687C VDD_IN 22002mW/22226mW VDD_CPU_GPU_CV 8446mW/8665mW VDD_SOC 7924mW/7913mW
09-02-2026 14:57:32 RAM 4030/7620MB (lfb 1x4MB) SWAP 1/3810MB (cached 0MB) CPU [11%@729,24%@729,13%@729,6%@729,64%@1728,46%@1728] GR3D_FREQ 99% cpu@66.437C soc2@64.156C soc0@64.531C gpu@68.218C tj@68.218C soc1@63.781C VDD_IN 22671mW/22226mW VDD_CPU_GPU_CV 8954mW/8666mW VDD_SOC 7924mW/7913mW
09-02-2026 14:57:37 RAM 4065/7620MB (lfb 1x4MB) SWAP 1/3810MB (cached 0MB) CPU [15%@960,19%@960,10%@960,14%@960,58%@1728,53%@1728] GR3D_FREQ 99% cpu@66.406C soc2@64.125C soc0@64.593C gpu@68.125C tj@68.125C soc1@63.75C VDD_IN 22041mW/22226mW VDD_CPU_GPU_CV 8524mW/8665mW VDD_SOC 7885mW/7913mW
09-02-2026 14:57:42 RAM 4053/7620MB (lfb 1x4MB) SWAP 1/3810MB (cached 0MB) CPU [4%@1728,19%@1728,24%@1728,6%@1728,52%@1728,61%@1728] GR3D_FREQ 99% cpu@66.687C soc2@64.125C soc0@64.593C gpu@67.843C tj@67.843C soc1@63.843C VDD_IN 22199mW/22226mW VDD_CPU_GPU_CV 8641mW/8665mW VDD_SOC 7885mW/7913mW
09-02-2026 14:57:47 RAM 4047/7620MB (lfb 1x4MB) SWAP 1/3810MB (cached 0MB) CPU [10%@1190,22%@1190,18%@1190,6%@1190,59%@1728,55%@1728] GR3D_FREQ 99% cpu@66.468C soc2@64.187C soc0@64.656C gpu@68.343C tj@68.343C soc1@63.781C VDD_IN 22555mW/22227mW VDD_CPU_GPU_CV 8915mW/8666mW VDD_SOC 8003mW/7913mW
09-02-2026 14:57:52 RAM 4028/7620MB (lfb 2x4MB) SWAP 1/3810MB (cached 0MB) CPU [14%@1036,16%@1036,12%@1036,14%@1036,52%@1728,61%@1728] GR3D_FREQ 99% cpu@66.187C soc2@64.031C soc0@64.593C gpu@67.968C tj@67.968C soc1@63.906C VDD_IN 22199mW/22227mW VDD_CPU_GPU_CV 8563mW/8666mW VDD_SOC 7964mW/7913mW
09-02-2026 14:57:57 RAM 4028/7620MB (lfb 2x4MB) SWAP 1/3810MB (cached 0MB) CPU [4%@1728,24%@1728,21%@1728,5%@1728,43%@1728,61%@1728] GR3D_FREQ 99% cpu@66.125C soc2@64.125C soc0@64.625C gpu@68.562C tj@68.562C soc1@63.781C VDD_IN 22317mW/22227mW VDD_CPU_GPU_CV 8759mW/8666mW VDD_SOC 7846mW/7913mW
09-02-2026 14:58:02 RAM 4022/7620MB (lfb 2x4MB) SWAP 1/3810MB (cached 0MB) CPU [3%@1728,10%@1728,24%@1728,16%@1728,58%@1728,49%@1728] GR3D_FREQ 99% cpu@66.375C soc2@64.156C soc0@64.531C gpu@68.281C tj@68.281C soc1@63.781C VDD_IN 21923mW/22226mW VDD_CPU_GPU_CV 8538mW/8665mW VDD_SOC 7846mW/7913mW
09-02-2026 14:58:07 RAM 4044/7620MB (lfb 2x4MB) SWAP 1/3810MB (cached 0MB) CPU [3%@1344,18%@1344,10%@1344,20%@1344,32%@1728,71%@1728] GR3D_FREQ 99% cpu@66.218C soc2@64.031C soc0@64.531C gpu@68.093C tj@68.093C soc1@63.781C VDD_IN 22438mW/22227mW VDD_CPU_GPU_CV 8876mW/8666mW VDD_SOC 7885mW/7913mW
09-02-2026 14:58:12 RAM 4025/7620MB (lfb 2x4MB) SWAP 1/3810MB (cached 0MB) CPU [7%@1728,14%@1728,11%@1728,21%@1728,50%@1728,56%@1728] GR3D_FREQ 99% cpu@66.625C soc2@64.031C soc0@64.531C gpu@68.218C tj@68.218C soc1@63.75C VDD_IN 22080mW/22226mW VDD_CPU_GPU_CV 8602mW/8666mW VDD_SOC 7885mW/7912mW
09-02-2026 14:58:17 RAM 4029/7620MB (lfb 2x4MB) SWAP 1/3810MB (cached 0MB) CPU [5%@1728,2%@1728,21%@1728,24%@1728,51%@1728,54%@1728] GR3D_FREQ 99% cpu@66.343C soc2@64.093C soc0@64.531C gpu@67.718C tj@67.718C soc1@63.75C VDD_IN 22159mW/22226mW VDD_CPU_GPU_CV 8407mW/8665mW VDD_SOC 8042mW/7913mW
09-02-2026 14:58:22 RAM 4029/7620MB (lfb 2x4MB) SWAP 1/3810MB (cached 0MB) CPU [25%@1497,1%@1497,21%@1497,9%@1497,59%@1728,58%@1728] GR3D_FREQ 99% cpu@66.031C soc2@64.093C soc0@64.468C gpu@68.156C tj@68.156C soc1@63.781C VDD_IN 22238mW/22226mW VDD_CPU_GPU_CV 8798mW/8666mW VDD_SOC 7807mW/7913mW
09-02-2026 14:58:27 RAM 4029/7620MB (lfb 2x4MB) SWAP 1/3810MB (cached 0MB) CPU [23%@1728,11%@1728,20%@1728,11%@1728,46%@1651,59%@1651] GR3D_FREQ 99% cpu@66.187C soc2@64.156C soc0@64.531C gpu@68.25C tj@68.25C soc1@63.75C VDD_IN 22553mW/22227mW VDD_CPU_GPU_CV 8720mW/8666mW VDD_SOC 8042mW/7913mW
09-02-2026 14:58:32 RAM 4032/7620MB (lfb 2x4MB) SWAP 1/3810MB (cached 0MB) CPU [34%@1728,29%@1728,7%@1728,26%@1728,37%@806,33%@806] GR3D_FREQ 99% cpu@66.125C soc2@64.218C soc0@64.406C gpu@68.093C tj@68.093C soc1@63.781C VDD_IN 22199mW/22227mW VDD_CPU_GPU_CV 8759mW/8666mW VDD_SOC 7846mW/7913mW
09-02-2026 14:58:37 RAM 4022/7620MB (lfb 2x4MB) SWAP 1/3810MB (cached 0MB) CPU [23%@1728,60%@1728,23%@1728,1%@1728,25%@1497,32%@1497] GR3D_FREQ 99% cpu@66.031C soc2@64.031C soc0@64.468C gpu@68C tj@68C soc1@63.718C VDD_IN 22120mW/22227mW VDD_CPU_GPU_CV 8641mW/8666mW VDD_SOC 7885mW/7913mW
09-02-2026 14:58:42 RAM 4029/7620MB (lfb 2x4MB) SWAP 1/3810MB (cached 0MB) CPU [16%@1728,29%@1728,14%@1728,31%@1728,36%@1036,45%@1036] GR3D_FREQ 74% cpu@66.281C soc2@64.125C soc0@64.375C gpu@68C tj@68C soc1@63.625C VDD_IN 22516mW/22227mW VDD_CPU_GPU_CV 8876mW/8666mW VDD_SOC 8003mW/7913mW
09-02-2026 14:58:47 RAM 4037/7620MB (lfb 2x4MB) SWAP 1/3810MB (cached 0MB) CPU [23%@1036,1%@1036,4%@1036,66%@1036,25%@1728,49%@1728] GR3D_FREQ 99% cpu@66.5C soc2@64.093C soc0@64.531C gpu@68.468C tj@68.468C soc1@63.812C VDD_IN 22595mW/22228mW VDD_CPU_GPU_CV 8876mW/8667mW VDD_SOC 8042mW/7913mW
09-02-2026 14:58:52 RAM 4038/7620MB (lfb 2x4MB) SWAP 1/3810MB (cached 0MB) CPU [19%@1728,12%@1728,12%@1728,44%@1728,12%@729,64%@729] GR3D_FREQ 99% cpu@66.468C soc2@64.093C soc0@64.468C gpu@68.25C tj@68.25C soc1@63.75C VDD_IN 22516mW/22229mW VDD_CPU_GPU_CV 8759mW/8667mW VDD_SOC 8003mW/7913mW
09-02-2026 14:58:57 RAM 4060/7620MB (lfb 2x4MB) SWAP 1/3810MB (cached 0MB) CPU [25%@1728,7%@1728,62%@1728,1%@1728,20%@1497,46%@1497] GR3D_FREQ 99% cpu@66.375C soc2@64.062C soc0@64.562C gpu@68.218C tj@68.218C soc1@63.781C VDD_IN 22398mW/22229mW VDD_CPU_GPU_CV 8681mW/8667mW VDD_SOC 8081mW/7914mW
09-02-2026 14:59:02 RAM 4042/7620MB (lfb 2x4MB) SWAP 1/3810MB (cached 0MB) CPU [22%@1728,13%@1728,41%@1728,7%@1728,35%@1728,47%@1728] GR3D_FREQ 99% cpu@66.468C soc2@64.062C soc0@64.625C gpu@67.906C tj@67.906C soc1@63.781C VDD_IN 22277mW/22229mW VDD_CPU_GPU_CV 8563mW/8667mW VDD_SOC 8003mW/7914mW
09-02-2026 14:59:07 RAM 4055/7620MB (lfb 2x4MB) SWAP 1/3810MB (cached 0MB) CPU [10%@1728,16%@1728,10%@1728,21%@1728,50%@1728,63%@1728] GR3D_FREQ 99% cpu@66.437C soc2@64.031C soc0@64.5C gpu@68.187C tj@68.187C soc1@63.812C VDD_IN 22555mW/22230mW VDD_CPU_GPU_CV 8954mW/8667mW VDD_SOC 7924mW/7914mW
09-02-2026 14:59:12 RAM 4024/7620MB (lfb 2x4MB) SWAP 1/3810MB (cached 0MB) CPU [3%@729,32%@729,14%@729,19%@729,48%@1728,55%@1728] GR3D_FREQ 99% cpu@66.343C soc2@64.062C soc0@64.625C gpu@67.968C tj@67.968C soc1@63.687C VDD_IN 22080mW/22229mW VDD_CPU_GPU_CV 8602mW/8667mW VDD_SOC 7885mW/7914mW
09-02-2026 14:59:17 RAM 4020/7620MB (lfb 2x4MB) SWAP 1/3810MB (cached 0MB) CPU [9%@1574,25%@1574,15%@1574,19%@1574,28%@1728,69%@1728] GR3D_FREQ 85% cpu@66.531C soc2@64.093C soc0@64.5C gpu@67.937C tj@67.937C soc1@63.781C VDD_IN 22238mW/22229mW VDD_CPU_GPU_CV 8641mW/8667mW VDD_SOC 7964mW/7914mW
09-02-2026 14:59:22 RAM 4022/7620MB (lfb 2x4MB) SWAP 1/3810MB (cached 0MB) CPU [5%@1651,7%@1651,21%@1728,19%@1728,32%@1728,77%@1728] GR3D_FREQ 99% cpu@66.218C soc2@64.031C soc0@64.625C gpu@68C tj@68C soc1@63.656C VDD_IN 22395mW/22230mW VDD_CPU_GPU_CV 8837mW/8667mW VDD_SOC 7846mW/7914mW
09-02-2026 14:59:27 RAM 4025/7620MB (lfb 1x4MB) SWAP 1/3810MB (cached 0MB) CPU [9%@1728,32%@1728,18%@1728,22%@1728,24%@1728,67%@1728] GR3D_FREQ 72% cpu@66.593C soc2@64.093C soc0@64.531C gpu@68.312C tj@68.312C soc1@63.781C VDD_IN 22516mW/22230mW VDD_CPU_GPU_CV 8837mW/8668mW VDD_SOC 7964mW/7914mW
09-02-2026 14:59:32 RAM 4024/7620MB (lfb 1x4MB) SWAP 1/3810MB (cached 0MB) CPU [15%@729,12%@1728,24%@1728,33%@1728,28%@1728,56%@1728] GR3D_FREQ 99% cpu@66.343C soc2@64.125C soc0@64.656C gpu@68.187C tj@68.187C soc1@63.781C VDD_IN 22238mW/22230mW VDD_CPU_GPU_CV 8641mW/8668mW VDD_SOC 7924mW/7914mW
09-02-2026 14:59:37 RAM 4026/7620MB (lfb 2x4MB) SWAP 1/3810MB (cached 0MB) CPU [24%@729,2%@729,17%@729,19%@1728,43%@1728,62%@1728] GR3D_FREQ 15% cpu@66C soc2@64.031C soc0@64.562C gpu@67.562C tj@67.562C soc1@63.812C VDD_IN 21687mW/22229mW VDD_CPU_GPU_CV 8264mW/8667mW VDD_SOC 7898mW/7914mW
09-02-2026 14:59:42 RAM 4049/7620MB (lfb 2x4MB) SWAP 1/3810MB (cached 0MB) CPU [19%@1728,10%@1728,5%@1728,20%@1728,55%@1728,57%@1728] GR3D_FREQ 99% cpu@66.156C soc2@64.031C soc0@64.625C gpu@68.312C tj@68.312C soc1@63.718C VDD_IN 22277mW/22229mW VDD_CPU_GPU_CV 8798mW/8667mW VDD_SOC 7846mW/7914mW
09-02-2026 14:59:47 RAM 4034/7620MB (lfb 2x4MB) SWAP 1/3810MB (cached 0MB) CPU [9%@1728,9%@1728,38%@1728,27%@1728,30%@1344,50%@1344] GR3D_FREQ 99% cpu@66.343C soc2@64.187C soc0@64.468C gpu@68.218C tj@68.218C soc1@63.781C VDD_IN 22713mW/22230mW VDD_CPU_GPU_CV 8993mW/8668mW VDD_SOC 8003mW/7914mW
09-02-2026 14:59:52 RAM 4034/7620MB (lfb 2x4MB) SWAP 1/3810MB (cached 0MB) CPU [21%@1344,23%@1344,15%@1344,27%@1344,16%@1728,59%@1728] GR3D_FREQ 99% cpu@66.218C soc2@64.125C soc0@64.593C gpu@68.218C tj@68.218C soc1@63.781C VDD_IN 22555mW/22231mW VDD_CPU_GPU_CV 8837mW/8668mW VDD_SOC 7964mW/7914mW
09-02-2026 14:59:57 RAM 4031/7620MB (lfb 2x4MB) SWAP 1/3810MB (cached 0MB) CPU [17%@1728,9%@1728,21%@1728,29%@1728,31%@1728,49%@1728] GR3D_FREQ 89% cpu@66.312C soc2@64.031C soc0@64.531C gpu@68.343C tj@68.343C soc1@63.843C VDD_IN 22002mW/22230mW VDD_CPU_GPU_CV 8563mW/8668mW VDD_SOC 7846mW/7914mW
09-02-2026 15:00:02 RAM 4027/7620MB (lfb 2x4MB) SWAP 1/3810MB (cached 0MB) CPU [16%@1728,19%@1728,11%@1728,11%@1728,51%@1728,57%@1728] GR3D_FREQ 56% cpu@66.312C soc2@64.062C soc0@64.531C gpu@68.187C tj@68.187C soc1@63.687C VDD_IN 22356mW/22231mW VDD_CPU_GPU_CV 8563mW/8668mW VDD_SOC 8042mW/7914mW
09-02-2026 15:00:07 RAM 4052/7620MB (lfb 2x4MB) SWAP 1/3810MB (cached 0MB) CPU [51%@1728,3%@1728,12%@1728,54%@1728,24%@1267,35%@1267] GR3D_FREQ 99% cpu@66.093C soc2@64.218C soc0@64.593C gpu@68.25C tj@68.25C soc1@63.781C VDD_IN 22238mW/22231mW VDD_CPU_GPU_CV 8759mW/8668mW VDD_SOC 7846mW/7914mW
09-02-2026 15:00:12 RAM 4032/7620MB (lfb 2x4MB) SWAP 1/3810MB (cached 0MB) CPU [22%@1728,6%@1728,1%@1728,57%@1728,36%@729,43%@729] GR3D_FREQ 93% cpu@66C soc2@64.062C soc0@64.625C gpu@67.906C tj@67.906C soc1@63.843C VDD_IN 22435mW/22231mW VDD_CPU_GPU_CV 8720mW/8668mW VDD_SOC 8003mW/7914mW
09-02-2026 15:00:17 RAM 4032/7620MB (lfb 2x4MB) SWAP 1/3810MB (cached 0MB) CPU [19%@1728,6%@1728,3%@1728,66%@1728,27%@1651,54%@1651] GR3D_FREQ 99% cpu@66.468C soc2@64.156C soc0@64.593C gpu@68.562C tj@68.562C soc1@63.843C VDD_IN 22634mW/22232mW VDD_CPU_GPU_CV 8915mW/8668mW VDD_SOC 8081mW/7914mW
09-02-2026 15:00:22 RAM 4029/7620MB (lfb 2x4MB) SWAP 1/3810MB (cached 0MB) CPU [10%@1728,34%@1728,2%@1728,58%@1728,28%@883,33%@883] GR3D_FREQ 99% cpu@66.437C soc2@64.187C soc0@64.531C gpu@68.062C tj@68.062C soc1@63.906C VDD_IN 22359mW/22232mW VDD_CPU_GPU_CV 8602mW/8668mW VDD_SOC 8081mW/7915mW
09-02-2026 15:00:27 RAM 4029/7620MB (lfb 2x4MB) SWAP 1/3810MB (cached 0MB) CPU [21%@1728,32%@1728,2%@1728,60%@1728,27%@1574,25%@1574] GR3D_FREQ 73% cpu@66.125C soc2@64.187C soc0@64.531C gpu@68.062C tj@68.062C soc1@63.75C VDD_IN 22041mW/22232mW VDD_CPU_GPU_CV 8602mW/8668mW VDD_SOC 7846mW/7915mW
09-02-2026 15:00:32 RAM 4021/7620MB (lfb 2x4MB) SWAP 1/3810MB (cached 0MB) CPU [12%@1728,40%@1728,2%@1728,64%@1728,33%@729,24%@729] GR3D_FREQ 99% cpu@66.562C soc2@64.218C soc0@64.562C gpu@67.843C tj@67.843C soc1@63.75C VDD_IN 22474mW/22232mW VDD_CPU_GPU_CV 8837mW/8669mW VDD_SOC 7924mW/7915mW
09-02-2026 15:00:37 RAM 4026/7620MB (lfb 2x4MB) SWAP 1/3810MB (cached 0MB) CPU [31%@1728,9%@1728,22%@1728,52%@1728,28%@1113,27%@1113] GR3D_FREQ 99% cpu@66.343C soc2@64.093C soc0@64.562C gpu@68.406C tj@68.406C soc1@63.75C VDD_IN 22080mW/22232mW VDD_CPU_GPU_CV 8602mW/8668mW VDD_SOC 7885mW/7915mW
09-02-2026 15:00:42 RAM 4032/7620MB (lfb 2x4MB) SWAP 1/3810MB (cached 0MB) CPU [6%@1497,2%@1497,57%@1497,50%@1497,28%@729,23%@729] GR3D_FREQ 99% cpu@66C soc2@64.312C soc0@64.531C gpu@68.125C tj@68.125C soc1@63.812C VDD_IN 22277mW/22232mW VDD_CPU_GPU_CV 8798mW/8669mW VDD_SOC 7807mW/7914mW
09-02-2026 15:00:47 RAM 4030/7620MB (lfb 2x4MB) SWAP 1/3810MB (cached 0MB) CPU [11%@1728,10%@1728,56%@1728,30%@1728,21%@729,33%@729] GR3D_FREQ 99% cpu@66.343C soc2@64.031C soc0@64.593C gpu@68.25C tj@68.25C soc1@63.656C VDD_IN 22041mW/22232mW VDD_CPU_GPU_CV 8524mW/8668mW VDD_SOC 7846mW/7914mW
09-02-2026 15:00:52 RAM 4046/7620MB (lfb 2x4MB) SWAP 1/3810MB (cached 0MB) CPU [2%@1728,3%@1728,55%@1728,46%@1728,27%@806,24%@806] GR3D_FREQ 99% cpu@66.468C soc2@63.968C soc0@64.437C gpu@68.218C tj@68.218C soc1@63.687C VDD_IN 22080mW/22231mW VDD_CPU_GPU_CV 8720mW/8668mW VDD_SOC 7807mW/7914mW
09-02-2026 15:00:57 RAM 4044/7620MB (lfb 2x4MB) SWAP 1/3810MB (cached 0MB) CPU [2%@1728,6%@1728,51%@1728,58%@1728,23%@1113,28%@1113] GR3D_FREQ 99% cpu@65.968C soc2@64.031C soc0@64.531C gpu@67.906C tj@67.906C soc1@63.812C VDD_IN 21805mW/22231mW VDD_CPU_GPU_CV 8421mW/8668mW VDD_SOC 7846mW/7914mW
09-02-2026 15:01:02 RAM 4028/7620MB (lfb 2x4MB) SWAP 1/3810MB (cached 0MB) CPU [12%@1728,47%@1728,15%@1728,31%@1728,28%@1728,35%@1728] GR3D_FREQ 99% cpu@66.718C soc2@64.25C soc0@64.468C gpu@67.75C tj@67.75C soc1@63.75C VDD_IN 22673mW/22231mW VDD_CPU_GPU_CV 8823mW/8668mW VDD_SOC 8121mW/7914mW
09-02-2026 15:01:07 RAM 4022/7620MB (lfb 2x4MB) SWAP 1/3810MB (cached 0MB) CPU [6%@1728,45%@1728,3%@1728,57%@1728,25%@1497,32%@1497] GR3D_FREQ 95% cpu@66.031C soc2@64.031C soc0@64.531C gpu@68.312C tj@68.312C soc1@63.843C VDD_IN 22120mW/22231mW VDD_CPU_GPU_CV 8602mW/8668mW VDD_SOC 7846mW/7914mW
09-02-2026 15:01:12 RAM 4020/7620MB (lfb 2x4MB) SWAP 1/3810MB (cached 0MB) CPU [2%@1728,57%@1728,3%@1728,53%@1728,26%@729,26%@729] GR3D_FREQ 99% cpu@65.968C soc2@64.031C soc0@64.406C gpu@68.187C tj@68.187C soc1@63.718C VDD_IN 22120mW/22231mW VDD_CPU_GPU_CV 8759mW/8668mW VDD_SOC 7767mW/7914mW
09-02-2026 15:01:17 RAM 4023/7620MB (lfb 2x4MB) SWAP 1/3810MB (cached 0MB) CPU [3%@1728,52%@1728,2%@1728,53%@1728,21%@1344,30%@1344] GR3D_FREQ 99% cpu@65.937C soc2@64.062C soc0@64.531C gpu@67.968C tj@67.968C soc1@63.781C VDD_IN 22002mW/22231mW VDD_CPU_GPU_CV 8524mW/8668mW VDD_SOC 7885mW/7914mW
09-02-2026 15:01:22 RAM 4029/7620MB (lfb 2x4MB) SWAP 1/3810MB (cached 0MB) CPU [30%@1728,53%@1728,3%@1728,25%@1728,23%@729,29%@729] GR3D_FREQ 99% cpu@66.125C soc2@64.031C soc0@64.531C gpu@68.093C tj@68.093C soc1@63.625C VDD_IN 22317mW/22231mW VDD_CPU_GPU_CV 8798mW/8668mW VDD_SOC 7807mW/7914mW
09-02-2026 15:01:27 RAM 4019/7620MB (lfb 2x4MB) SWAP 1/3810MB (cached 0MB) CPU [57%@1728,1%@1728,5%@1728,52%@1728,26%@729,26%@729] GR3D_FREQ 24% cpu@66.093C soc2@64.031C soc0@64.5C gpu@67.718C tj@67.718C soc1@63.687C VDD_IN 21451mW/22229mW VDD_CPU_GPU_CV 8186mW/8667mW VDD_SOC 7780mW/7913mW
09-02-2026 15:01:32 RAM 4043/7620MB (lfb 2x4MB) SWAP 1/3810MB (cached 0MB) CPU [49%@1728,2%@1728,4%@1728,54%@1728,28%@1497,25%@1497] GR3D_FREQ 99% cpu@66.093C soc2@64C soc0@64.531C gpu@68.125C tj@68.125C soc1@63.656C VDD_IN 22080mW/22229mW VDD_CPU_GPU_CV 8641mW/8667mW VDD_SOC 7846mW/7913mW
09-02-2026 15:01:37 RAM 4026/7620MB (lfb 2x4MB) SWAP 1/3810MB (cached 0MB) CPU [50%@1728,1%@1728,5%@1728,56%@1728,26%@729,25%@729] GR3D_FREQ 99% cpu@66.437C soc2@64C soc0@64.5C gpu@67.718C tj@67.718C soc1@63.656C VDD_IN 22277mW/22229mW VDD_CPU_GPU_CV 8602mW/8667mW VDD_SOC 7924mW/7913mW
09-02-2026 15:01:42 RAM 4032/7620MB (lfb 2x4MB) SWAP 1/3810MB (cached 0MB) CPU [23%@1728,17%@1728,9%@1728,9%@1728,32%@1728,68%@1728] GR3D_FREQ 99% cpu@66.125C soc2@64C soc0@64.468C gpu@68.031C tj@68.031C soc1@63.718C VDD_IN 22199mW/22229mW VDD_CPU_GPU_CV 8759mW/8667mW VDD_SOC 7807mW/7913mW
09-02-2026 15:01:48 RAM 4043/7620MB (lfb 2x4MB) SWAP 1/3810MB (cached 0MB) CPU [17%@1728,9%@1728,8%@1728,19%@1728,55%@1728,53%@1728] GR3D_FREQ 99% cpu@66.468C soc2@64C soc0@64.468C gpu@67.812C tj@67.812C soc1@63.75C VDD_IN 22238mW/22229mW VDD_CPU_GPU_CV 8524mW/8667mW VDD_SOC 8003mW/7913mW
09-02-2026 15:01:53 RAM 4053/7620MB (lfb 2x4MB) SWAP 1/3810MB (cached 0MB) CPU [14%@729,21%@1728,3%@1728,13%@1728,52%@1728,61%@1728] GR3D_FREQ 99% cpu@66.187C soc2@63.937C soc0@64.562C gpu@67.968C tj@67.968C soc1@63.781C VDD_IN 22435mW/22229mW VDD_CPU_GPU_CV 8876mW/8668mW VDD_SOC 7885mW/7913mW
09-02-2026 15:01:58 RAM 4028/7620MB (lfb 2x4MB) SWAP 1/3810MB (cached 0MB) CPU [8%@1574,22%@1728,21%@1728,3%@1728,41%@1728,68%@1728] GR3D_FREQ 90% cpu@66.125C soc2@64.031C soc0@64.437C gpu@68.312C tj@68.312C soc1@63.718C VDD_IN 22555mW/22230mW VDD_CPU_GPU_CV 8876mW/8668mW VDD_SOC 8003mW/7913mW
09-02-2026 15:02:03 RAM 4029/7620MB (lfb 2x4MB) SWAP 1/3810MB (cached 0MB) CPU [19%@1728,17%@1728,15%@1728,2%@1728,42%@1728,68%@1728] GR3D_FREQ 47% cpu@66.093C soc2@64C soc0@64.562C gpu@67.687C tj@67.406C soc1@63.781C VDD_IN 22277mW/22230mW VDD_CPU_GPU_CV 8485mW/8668mW VDD_SOC 8003mW/7913mW
09-02-2026 15:02:08 RAM 4042/7620MB (lfb 2x4MB) SWAP 1/3810MB (cached 0MB) CPU [18%@1728,20%@1728,21%@1728,10%@1728,30%@729,65%@729] GR3D_FREQ 99% cpu@66.125C soc2@64.031C soc0@64.531C gpu@68.5C tj@68.5C soc1@63.687C VDD_IN 22830mW/22231mW VDD_CPU_GPU_CV 9057mW/8668mW VDD_SOC 8003mW/7914mW
09-02-2026 15:02:13 RAM 4024/7620MB (lfb 2x4MB) SWAP 1/3810MB (cached 0MB) CPU [12%@1728,33%@1728,30%@1728,2%@1728,25%@1728,60%@1728] GR3D_FREQ 99% cpu@66.125C soc2@64.031C soc0@64.437C gpu@68.187C tj@68.187C soc1@63.843C VDD_IN 22277mW/22231mW VDD_CPU_GPU_CV 8720mW/8668mW VDD_SOC 7846mW/7914mW
09-02-2026 15:02:18 RAM 4039/7620MB (lfb 2x4MB) SWAP 1/3810MB (cached 0MB) CPU [14%@883,6%@883,17%@883,15%@883,56%@1728,58%@1728] GR3D_FREQ 99% cpu@66.437C soc2@64.062C soc0@64.531C gpu@68C tj@68C soc1@63.687C VDD_IN 22356mW/22232mW VDD_CPU_GPU_CV 8720mW/8668mW VDD_SOC 7964mW/7914mW
09-02-2026 15:02:23 RAM 4026/7620MB (lfb 2x4MB) SWAP 1/3810MB (cached 0MB) CPU [10%@729,9%@1728,21%@1728,23%@1728,48%@1728,55%@1728] GR3D_FREQ 99% cpu@66.968C soc2@64.093C soc0@64.593C gpu@67.656C tj@67.656C soc1@63.781C VDD_IN 22673mW/22232mW VDD_CPU_GPU_CV 8681mW/8669mW VDD_SOC 8199mW/7914mW
09-02-2026 15:02:28 RAM 4025/7620MB (lfb 2x4MB) SWAP 1/3810MB (cached 0MB) CPU [18%@1728,18%@1728,19%@1728,13%@1728,44%@1728,56%@1728] GR3D_FREQ 99% cpu@66.281C soc2@64.062C soc0@64.531C gpu@68.437C tj@68.437C soc1@63.718C VDD_IN 22713mW/22233mW VDD_CPU_GPU_CV 9018mW/8669mW VDD_SOC 8003mW/7914mW
09-02-2026 15:02:33 RAM 4036/7620MB (lfb 2x4MB) SWAP 1/3810MB (cached 0MB) CPU [4%@1728,47%@1728,20%@1728,9%@1728,27%@1728,62%@1728] GR3D_FREQ 99% cpu@66.125C soc2@64.062C soc0@64.531C gpu@68.281C tj@68.281C soc1@63.812C VDD_IN 22477mW/22234mW VDD_CPU_GPU_CV 8915mW/8670mW VDD_SOC 7885mW/7914mW
09-02-2026 15:02:38 RAM 4035/7620MB (lfb 2x4MB) SWAP 1/3810MB (cached 0MB) CPU [15%@1728,25%@1728,39%@1728,3%@1728,36%@1267,50%@1267] GR3D_FREQ 99% cpu@66.406C soc2@64.031C soc0@64.625C gpu@68.093C tj@68.093C soc1@63.687C VDD_IN 21805mW/22233mW VDD_CPU_GPU_CV 8421mW/8669mW VDD_SOC 7807mW/7914mW
09-02-2026 15:02:43 RAM 4023/7620MB (lfb 2x4MB) SWAP 1/3810MB (cached 0MB) CPU [5%@1728,38%@1728,40%@1728,24%@1728,24%@729,31%@729] GR3D_FREQ 99% cpu@66.343C soc2@64.093C soc0@64.531C gpu@67.968C tj@67.968C soc1@63.843C VDD_IN 22592mW/22234mW VDD_CPU_GPU_CV 8837mW/8669mW VDD_SOC 8003mW/7914mW
09-02-2026 15:02:48 RAM 4034/7620MB (lfb 2x4MB) SWAP 1/3810MB (cached 0MB) CPU [11%@1728,23%@1728,47%@1728,14%@1728,24%@729,49%@729] GR3D_FREQ 99% cpu@66.093C soc2@64.125C soc0@64.656C gpu@68.593C tj@68.593C soc1@63.75C VDD_IN 22395mW/22234mW VDD_CPU_GPU_CV 8837mW/8670mW VDD_SOC 7846mW/7914mW
09-02-2026 15:02:53 RAM 4031/7620MB (lfb 2x4MB) SWAP 1/3810MB (cached 0MB) CPU [3%@1728,55%@1728,54%@1728,2%@1728,19%@806,32%@806] GR3D_FREQ 62% cpu@66.562C soc2@64.031C soc0@64.562C gpu@68C tj@68C soc1@63.718C VDD_IN 21687mW/22233mW VDD_CPU_GPU_CV 8303mW/8669mW VDD_SOC 7819mW/7914mW
09-02-2026 15:02:58 RAM 4029/7620MB (lfb 2x4MB) SWAP 1/3810MB (cached 0MB) CPU [3%@1728,54%@1728,55%@1728,2%@1728,25%@1036,28%@1036] GR3D_FREQ 99% cpu@66.25C soc2@64C soc0@64.531C gpu@68.187C tj@68.468C soc1@63.781C VDD_IN 22277mW/22233mW VDD_CPU_GPU_CV 8798mW/8669mW VDD_SOC 7846mW/7914mW
09-02-2026 15:03:03 RAM 4041/7620MB (lfb 2x4MB) SWAP 1/3810MB (cached 0MB) CPU [11%@1728,29%@1728,53%@1728,8%@1728,23%@729,31%@729] GR3D_FREQ 38% cpu@66.468C soc2@64.062C soc0@64.437C gpu@68C tj@68C soc1@63.75C VDD_IN 21884mW/22232mW VDD_CPU_GPU_CV 8342mW/8669mW VDD_SOC 7846mW/7914mW
09-02-2026 15:03:08 RAM 4024/7620MB (lfb 2x4MB) SWAP 1/3810MB (cached 0MB) CPU [40%@1113,15%@1113,43%@1113,3%@1113,46%@1728,22%@1728] GR3D_FREQ 99% cpu@66.375C soc2@64.093C soc0@64.625C gpu@67.937C tj@67.937C soc1@63.843C VDD_IN 22634mW/22233mW VDD_CPU_GPU_CV 8876mW/8669mW VDD_SOC 8042mW/7914mW
09-02-2026 15:03:13 RAM 4031/7620MB (lfb 2x4MB) SWAP 1/3810MB (cached 0MB) CPU [23%@1267,19%@1728,10%@1728,14%@1728,50%@1728,48%@1728] GR3D_FREQ 98% cpu@66.187C soc2@64.093C soc0@64.5C gpu@67.875C tj@67.875C soc1@63.781C VDD_IN 22238mW/22233mW VDD_CPU_GPU_CV 8720mW/8669mW VDD_SOC 7924mW/7914mW
09-02-2026 15:03:18 RAM 4024/7620MB (lfb 2x4MB) SWAP 1/3810MB (cached 0MB) CPU [24%@1728,23%@1728,4%@1728,2%@1728,66%@1728,40%@1728] GR3D_FREQ 99% cpu@66.312C soc2@64.125C soc0@64.5C gpu@68.093C tj@68.093C soc1@63.656C VDD_IN 22238mW/22233mW VDD_CPU_GPU_CV 8602mW/8669mW VDD_SOC 7964mW/7914mW
09-02-2026 15:03:23 RAM 4024/7620MB (lfb 2x4MB) SWAP 1/3810MB (cached 0MB) CPU [6%@1344,15%@1344,13%@1344,17%@1344,54%@1728,58%@1728] GR3D_FREQ 99% cpu@66.375C soc2@64.093C soc0@64.437C gpu@68.312C tj@68.312C soc1@63.656C VDD_IN 22080mW/22233mW VDD_CPU_GPU_CV 8641mW/8669mW VDD_SOC 7807mW/7914mW
09-02-2026 15:03:28 RAM 4038/7620MB (lfb 2x4MB) SWAP 1/3810MB (cached 0MB) CPU [10%@1728,2%@1728,26%@1728,22%@1728,58%@1728,48%@1728] GR3D_FREQ 99% cpu@66.281C soc2@64.031C soc0@64.531C gpu@68C tj@68.375C soc1@63.781C VDD_IN 22595mW/22233mW VDD_CPU_GPU_CV 8837mW/8669mW VDD_SOC 8081mW/7914mW
09-02-2026 15:03:33 RAM 4055/7620MB (lfb 2x4MB) SWAP 1/3810MB (cached 0MB) CPU [6%@1728,17%@1728,10%@1728,20%@1728,64%@1728,44%@1728] GR3D_FREQ 30% cpu@66.187C soc2@64.125C soc0@64.468C gpu@67.781C tj@67.781C soc1@63.812C VDD_IN 22041mW/22233mW VDD_CPU_GPU_CV 8407mW/8669mW VDD_SOC 7924mW/7914mW
09-02-2026 15:03:38 RAM 4031/7620MB (lfb 2x4MB) SWAP 1/3810MB (cached 0MB) CPU [12%@729,23%@729,16%@729,8%@729,55%@1728,54%@1728] GR3D_FREQ 99% cpu@66.187C soc2@64C soc0@64.531C gpu@68.281C tj@68.281C soc1@63.843C VDD_IN 22516mW/22234mW VDD_CPU_GPU_CV 8915mW/8669mW VDD_SOC 7885mW/7914mW
09-02-2026 15:03:43 RAM 4038/7620MB (lfb 2x4MB) SWAP 1/3810MB (cached 0MB) CPU [9%@1728,6%@1728,21%@1728,16%@1728,53%@1728,57%@1728] GR3D_FREQ 99% cpu@66.031C soc2@64.062C soc0@64.5C gpu@67.937C tj@67.937C soc1@63.75C VDD_IN 21648mW/22233mW VDD_CPU_GPU_CV 8342mW/8669mW VDD_SOC 7741mW/7914mW
09-02-2026 15:03:48 RAM 4056/7620MB (lfb 2x4MB) SWAP 1/3810MB (cached 0MB) CPU [6%@729,15%@729,18%@729,14%@729,54%@1728,54%@1728] GR3D_FREQ 99% cpu@66.187C soc2@64.031C soc0@64.531C gpu@68.343C tj@68.343C soc1@63.781C VDD_IN 22277mW/22233mW VDD_CPU_GPU_CV 8759mW/8669mW VDD_SOC 7807mW/7914mW
09-02-2026 15:03:53 RAM 4037/7620MB (lfb 2x4MB) SWAP 1/3810MB (cached 0MB) CPU [3%@1574,21%@1574,25%@1574,3%@1574,58%@1728,51%@1728] GR3D_FREQ 99% cpu@66.218C soc2@64.031C soc0@64.531C gpu@68.062C tj@68.062C soc1@63.75C VDD_IN 21844mW/22232mW VDD_CPU_GPU_CV 8446mW/8668mW VDD_SOC 7819mW/7913mW
09-02-2026 15:03:58 RAM 4029/7620MB (lfb 1x4MB) SWAP 1/3810MB (cached 0MB) CPU [14%@1728,21%@1728,15%@1728,4%@1728,51%@1728,57%@1728] GR3D_FREQ 99% cpu@66.312C soc2@64.031C soc0@64.5C gpu@67.906C tj@67.906C soc1@63.75C VDD_IN 22238mW/22232mW VDD_CPU_GPU_CV 8641mW/8668mW VDD_SOC 7885mW/7913mW
09-02-2026 15:04:03 RAM 4035/7620MB (lfb 2x4MB) SWAP 1/3810MB (cached 0MB) CPU [14%@1728,21%@1728,2%@1728,17%@1728,54%@1728,59%@1728] GR3D_FREQ 76% cpu@66.062C soc2@63.937C soc0@64.531C gpu@67.875C tj@67.875C soc1@63.687C VDD_IN 21687mW/22231mW VDD_CPU_GPU_CV 8421mW/8668mW VDD_SOC 7780mW/7913mW
09-02-2026 15:04:08 RAM 4034/7620MB (lfb 2x4MB) SWAP 1/3810MB (cached 0MB) CPU [20%@1651,19%@1651,4%@1651,9%@1651,33%@1728,71%@1728] GR3D_FREQ 99% cpu@66.812C soc2@64.031C soc0@64.531C gpu@68.093C tj@68.093C soc1@63.687C VDD_IN 22238mW/22231mW VDD_CPU_GPU_CV 8641mW/8668mW VDD_SOC 7924mW/7913mW
09-02-2026 15:04:13 RAM 4033/7620MB (lfb 2x4MB) SWAP 1/3810MB (cached 0MB) CPU [4%@1728,24%@1728,6%@1728,21%@1728,53%@1728,55%@1728] GR3D_FREQ 99% cpu@66.062C soc2@63.968C soc0@64.531C gpu@68C tj@68C soc1@63.718C VDD_IN 22080mW/22231mW VDD_CPU_GPU_CV 8681mW/8668mW VDD_SOC 7807mW/7913mW
09-02-2026 15:04:18 RAM 4045/7620MB (lfb 2x4MB) SWAP 1/3810MB (cached 0MB) CPU [5%@960,18%@960,13%@1728,19%@1728,61%@1728,53%@1728] GR3D_FREQ 49% cpu@66.125C soc2@64.093C soc0@64.531C gpu@68.187C tj@68.187C soc1@63.718C VDD_IN 22041mW/22230mW VDD_CPU_GPU_CV 8446mW/8668mW VDD_SOC 7924mW/7913mW
09-02-2026 15:04:23 RAM 4025/7620MB (lfb 2x4MB) SWAP 1/3810MB (cached 0MB) CPU [6%@1728,22%@1728,4%@1728,21%@1728,49%@1728,65%@1728] GR3D_FREQ 99% cpu@66.25C soc2@63.937C soc0@64.5C gpu@68.343C tj@68.343C soc1@63.687C VDD_IN 22634mW/22231mW VDD_CPU_GPU_CV 9033mW/8668mW VDD_SOC 7964mW/7913mW
09-02-2026 15:04:28 RAM 4042/7620MB (lfb 1x4MB) SWAP 1/3810MB (cached 0MB) CPU [3%@1728,20%@1728,11%@1728,19%@1728,57%@1728,53%@1728] GR3D_FREQ 99% cpu@66.468C soc2@63.937C soc0@64.468C gpu@68.156C tj@68.156C soc1@63.687C VDD_IN 22041mW/22231mW VDD_CPU_GPU_CV 8524mW/8668mW VDD_SOC 7885mW/7913mW
09-02-2026 15:04:33 RAM 4037/7620MB (lfb 1x4MB) SWAP 1/3810MB (cached 0MB) CPU [5%@1728,24%@1728,28%@1728,7%@1728,48%@729,50%@729] GR3D_FREQ 99% cpu@66.281C soc2@64.156C soc0@64.531C gpu@67.937C tj@67.937C soc1@63.687C VDD_IN 22634mW/22231mW VDD_CPU_GPU_CV 8837mW/8668mW VDD_SOC 8003mW/7913mW
09-02-2026 15:04:38 RAM 4034/7620MB (lfb 1x4MB) SWAP 1/3810MB (cached 0MB) CPU [14%@1728,5%@1728,56%@1728,12%@1728,38%@1728,39%@1728] GR3D_FREQ 99% cpu@66.687C soc2@64.187C soc0@64.531C gpu@67.906C tj@67.906C soc1@63.75C VDD_IN 22673mW/22232mW VDD_CPU_GPU_CV 8837mW/8669mW VDD_SOC 8081mW/7913mW
09-02-2026 15:04:43 RAM 4026/7620MB (lfb 1x4MB) SWAP 1/3810MB (cached 0MB) CPU [8%@1728,7%@1728,29%@1728,45%@1728,23%@729,54%@729] GR3D_FREQ 99% cpu@66.312C soc2@64.125C soc0@64.625C gpu@67.968C tj@67.968C soc1@63.875C VDD_IN 22555mW/22233mW VDD_CPU_GPU_CV 8915mW/8669mW VDD_SOC 7964mW/7914mW
09-02-2026 15:04:48 RAM 4040/7620MB (lfb 1x4MB) SWAP 1/3810MB (cached 0MB) CPU [19%@1728,2%@1728,59%@1728,6%@1728,29%@729,47%@729] GR3D_FREQ 99% cpu@66.125C soc2@64.281C soc0@64.593C gpu@68.687C tj@68.687C soc1@63.812C VDD_IN 22398mW/22233mW VDD_CPU_GPU_CV 8837mW/8669mW VDD_SOC 7846mW/7913mW
09-02-2026 15:04:53 RAM 4056/7620MB (lfb 1x4MB) SWAP 1/3810MB (cached 0MB) CPU [55%@1728,2%@1728,57%@1728,2%@1728,20%@883,31%@883] GR3D_FREQ 99% cpu@66.343C soc2@64.25C soc0@64.562C gpu@68.062C tj@68.062C soc1@63.875C VDD_IN 21884mW/22232mW VDD_CPU_GPU_CV 8446mW/8669mW VDD_SOC 7885mW/7913mW
09-02-2026 15:04:58 RAM 4029/7620MB (lfb 2x4MB) SWAP 1/3810MB (cached 0MB) CPU [34%@1728,18%@1728,56%@1728,2%@1728,25%@1497,34%@1497] GR3D_FREQ 99% cpu@66.468C soc2@64.125C soc0@64.656C gpu@68.218C tj@68.218C soc1@63.781C VDD_IN 22317mW/22233mW VDD_CPU_GPU_CV 8837mW/8669mW VDD_SOC 7846mW/7913mW
09-02-2026 15:05:03 RAM 4022/7620MB (lfb 2x4MB) SWAP 1/3810MB (cached 0MB) CPU [2%@1728,2%@1728,66%@1728,48%@1728,18%@729,34%@729] GR3D_FREQ 28% cpu@66.125C soc2@64.031C soc0@64.531C gpu@67.968C tj@67.968C soc1@63.843C VDD_IN 21844mW/22232mW VDD_CPU_GPU_CV 8381mW/8669mW VDD_SOC 7846mW/7913mW
09-02-2026 15:05:08 RAM 4032/7620MB (lfb 1x4MB) SWAP 1/3810MB (cached 0MB) CPU [4%@1728,4%@1728,55%@1728,58%@1728,22%@1420,31%@1420] GR3D_FREQ 99% cpu@66.031C soc2@64.062C soc0@64.593C gpu@68.375C tj@68.375C soc1@63.656C VDD_IN 22002mW/22232mW VDD_CPU_GPU_CV 8602mW/8669mW VDD_SOC 7807mW/7913mW
09-02-2026 15:05:13 RAM 4021/7620MB (lfb 1x4MB) SWAP 1/3810MB (cached 0MB) CPU [15%@1728,17%@1728,11%@1728,69%@1728,25%@729,25%@729] GR3D_FREQ 99% cpu@66.406C soc2@64.031C soc0@64.343C gpu@67.906C tj@67.906C soc1@63.781C VDD_IN 22277mW/22232mW VDD_CPU_GPU_CV 8681mW/8669mW VDD_SOC 7924mW/7913mW
09-02-2026 15:05:18 RAM 4051/7620MB (lfb 1x4MB) SWAP 1/3810MB (cached 0MB) CPU [19%@1728,38%@1728,39%@1728,17%@1728,20%@729,32%@729] GR3D_FREQ 99% cpu@66C soc2@64.031C soc0@64.406C gpu@67.906C tj@67.906C soc1@63.593C VDD_IN 21884mW/22231mW VDD_CPU_GPU_CV 8485mW/8668mW VDD_SOC 7846mW/7913mW
09-02-2026 15:05:23 RAM 4026/7620MB (lfb 1x4MB) SWAP 1/3810MB (cached 0MB) CPU [21%@1728,44%@1728,24%@1728,17%@1728,25%@960,36%@960] GR3D_FREQ 99% cpu@66C soc2@64.031C soc0@64.437C gpu@67.937C tj@67.937C soc1@63.625C VDD_IN 22435mW/22231mW VDD_CPU_GPU_CV 8876mW/8669mW VDD_SOC 7846mW/7913mW
09-02-2026 15:05:28 RAM 4019/7620MB (lfb 1x4MB) SWAP 1/3810MB (cached 0MB) CPU [1%@1728,4%@1728,46%@1728,61%@1728,23%@1113,30%@1113] GR3D_FREQ 99% cpu@66.125C soc2@63.937C soc0@64.5C gpu@68.281C tj@68.281C soc1@63.718C VDD_IN 22041mW/22231mW VDD_CPU_GPU_CV 8524mW/8668mW VDD_SOC 7885mW/7913mW
09-02-2026 15:05:33 RAM 4032/7620MB (lfb 1x4MB) SWAP 1/3810MB (cached 0MB) CPU [8%@1728,17%@1728,57%@1728,28%@1728,22%@960,32%@960] GR3D_FREQ 99% cpu@66.031C soc2@63.906C soc0@64.281C gpu@68.156C tj@68.156C soc1@63.593C VDD_IN 22041mW/22231mW VDD_CPU_GPU_CV 8641mW/8668mW VDD_SOC 7767mW/7912mW
09-02-2026 15:05:38 RAM 4033/7620MB (lfb 1x4MB) SWAP 1/3810MB (cached 0MB) CPU [33%@1651,9%@1651,29%@1651,32%@1651,23%@1728,36%@1728] GR3D_FREQ 51% cpu@66.343C soc2@63.875C soc0@64.437C gpu@67.875C tj@67.875C soc1@63.718C VDD_IN 22356mW/22231mW VDD_CPU_GPU_CV 8563mW/8668mW VDD_SOC 8042mW/7913mW
09-02-2026 15:05:43 RAM 4032/7620MB (lfb 1x4MB) SWAP 1/3810MB (cached 0MB) CPU [23%@1728,34%@1728,11%@1728,2%@1728,30%@729,63%@729] GR3D_FREQ 99% cpu@66.25C soc2@64.156C soc0@64.531C gpu@67.75C tj@67.75C soc1@63.687C VDD_IN 22555mW/22231mW VDD_CPU_GPU_CV 8681mW/8668mW VDD_SOC 8160mW/7913mW
09-02-2026 15:05:48 RAM 4026/7620MB (lfb 1x4MB) SWAP 1/3810MB (cached 0MB) CPU [8%@729,34%@729,10%@729,15%@729,45%@1728,59%@1728] GR3D_FREQ 99% cpu@66.218C soc2@63.968C soc0@64.375C gpu@68.437C tj@68.437C soc1@63.718C VDD_IN 22438mW/22232mW VDD_CPU_GPU_CV 8915mW/8669mW VDD_SOC 7885mW/7913mW
09-02-2026 15:05:53 RAM 4032/7620MB (lfb 1x4MB) SWAP 1/3810MB (cached 0MB) CPU [9%@729,15%@729,5%@1728,24%@1728,59%@1728,53%@1728] GR3D_FREQ 99% cpu@66.062C soc2@64C soc0@64.531C gpu@67.968C tj@67.968C soc1@63.656C VDD_IN 21844mW/22231mW VDD_CPU_GPU_CV 8460mW/8668mW VDD_SOC 7807mW/7913mW
09-02-2026 15:05:58 RAM 4034/7620MB (lfb 1x4MB) SWAP 1/3810MB (cached 0MB) CPU [14%@729,12%@729,21%@729,9%@729,59%@1728,53%@1728] GR3D_FREQ 99% cpu@66.343C soc2@64.031C soc0@64.5C gpu@68.156C tj@68.156C soc1@63.781C VDD_IN 22435mW/22232mW VDD_CPU_GPU_CV 8602mW/8668mW VDD_SOC 8042mW/7913mW
09-02-2026 15:06:03 RAM 4040/7620MB (lfb 1x4MB) SWAP 1/3810MB (cached 0MB) CPU [21%@1728,54%@1728,2%@1728,4%@1728,36%@729,51%@729] GR3D_FREQ 99% cpu@65.968C soc2@64.031C soc0@64.531C gpu@68.218C tj@68.218C soc1@63.718C VDD_IN 22435mW/22232mW VDD_CPU_GPU_CV 8915mW/8669mW VDD_SOC 7846mW/7913mW
09-02-2026 15:06:08 RAM 4031/7620MB (lfb 2x4MB) SWAP 1/3810MB (cached 0MB) CPU [49%@1651,38%@1651,27%@1651,4%@1651,22%@729,30%@729] GR3D_FREQ 99% cpu@66.531C soc2@64.031C soc0@64.5C gpu@67.906C tj@67.906C soc1@63.687C VDD_IN 22002mW/22231mW VDD_CPU_GPU_CV 8446mW/8668mW VDD_SOC 7885mW/7913mW
09-02-2026 15:06:13 RAM 4023/7620MB (lfb 2x4MB) SWAP 1/3810MB (cached 0MB) CPU [12%@1728,44%@1728,7%@1728,47%@1728,24%@960,36%@960] GR3D_FREQ 99% cpu@66.031C soc2@64.031C soc0@64.531C gpu@68.25C tj@68.25C soc1@63.625C VDD_IN 22830mW/22232mW VDD_CPU_GPU_CV 9096mW/8669mW VDD_SOC 7964mW/7913mW
09-02-2026 15:06:18 RAM 4027/7620MB (lfb 2x4MB) SWAP 1/3810MB (cached 0MB) CPU [4%@1728,51%@1728,34%@1728,15%@1728,25%@1574,40%@1574] GR3D_FREQ 76% cpu@66.312C soc2@64C soc0@64.375C gpu@68.187C tj@68.187C soc1@63.687C VDD_IN 22080mW/22232mW VDD_CPU_GPU_CV 8602mW/8669mW VDD_SOC 7846mW/7913mW
09-02-2026 15:06:23 RAM 4035/7620MB (lfb 2x4MB) SWAP 1/3810MB (cached 0MB) CPU [4%@1728,51%@1728,34%@1728,25%@1728,25%@729,28%@729] GR3D_FREQ 99% cpu@66.093C soc2@64C soc0@64.5C gpu@67.875C tj@67.875C soc1@63.625C VDD_IN 22159mW/22232mW VDD_CPU_GPU_CV 8641mW/8669mW VDD_SOC 7846mW/7913mW
09-02-2026 15:06:28 RAM 4028/7620MB (lfb 2x4MB) SWAP 1/3810MB (cached 0MB) CPU [6%@1728,10%@1728,2%@1728,59%@1728,44%@1267,45%@1267] GR3D_FREQ 99% cpu@66.031C soc2@64.156C soc0@64.406C gpu@68.187C tj@68.187C soc1@63.656C VDD_IN 22634mW/22233mW VDD_CPU_GPU_CV 9018mW/8669mW VDD_SOC 7964mW/7913mW
09-02-2026 15:06:33 RAM 4021/7620MB (lfb 1x4MB) SWAP 1/3810MB (cached 0MB) CPU [21%@1728,21%@1728,2%@1728,49%@1728,15%@1728,62%@1728] GR3D_FREQ 99% cpu@66.031C soc2@64.031C soc0@64.468C gpu@68.187C tj@68.187C soc1@63.812C VDD_IN 22555mW/22233mW VDD_CPU_GPU_CV 8993mW/8670mW VDD_SOC 7924mW/7913mW
09-02-2026 15:06:38 RAM 4029/7620MB (lfb 2x4MB) SWAP 1/3810MB (cached 0MB) CPU [20%@729,22%@1728,9%@1728,32%@1728,28%@1728,60%@1728] GR3D_FREQ 99% cpu@66.125C soc2@64.187C soc0@64.468C gpu@68.187C tj@68.187C soc1@63.718C VDD_IN 22435mW/22234mW VDD_CPU_GPU_CV 8876mW/8670mW VDD_SOC 7885mW/7913mW
09-02-2026 15:06:43 RAM 4049/7620MB (lfb 2x4MB) SWAP 1/3810MB (cached 0MB) CPU [18%@1344,11%@1344,22%@1344,1%@1344,56%@1728,53%@1728] GR3D_FREQ 99% cpu@66.187C soc2@64C soc0@64.5C gpu@68C tj@68C soc1@63.718C VDD_IN 21923mW/22233mW VDD_CPU_GPU_CV 8446mW/8670mW VDD_SOC 7885mW/7913mW
09-02-2026 15:06:48 RAM 4049/7620MB (lfb 2x4MB) SWAP 1/3810MB (cached 0MB) CPU [20%@1728,4%@1728,28%@1728,3%@1728,36%@1728,63%@1728] GR3D_FREQ 98% cpu@66.312C soc2@63.906C soc0@64.375C gpu@67.531C tj@67.531C soc1@63.656C VDD_IN 21962mW/22233mW VDD_CPU_GPU_CV 8329mW/8669mW VDD_SOC 7964mW/7913mW
09-02-2026 15:06:53 RAM 4033/7620MB (lfb 2x4MB) SWAP 1/3810MB (cached 0MB) CPU [14%@883,12%@883,22%@883,8%@883,62%@1728,58%@1728] GR3D_FREQ 98% cpu@66.25C soc2@63.968C soc0@64.406C gpu@67.812C tj@67.812C soc1@63.562C VDD_IN 22238mW/22233mW VDD_CPU_GPU_CV 8681mW/8669mW VDD_SOC 7885mW/7913mW
09-02-2026 15:06:58 RAM 4033/7620MB (lfb 1x4MB) SWAP 1/3810MB (cached 0MB) CPU [7%@729,19%@729,24%@729,3%@729,54%@1728,58%@1728] GR3D_FREQ 99% cpu@66.531C soc2@64C soc0@64.343C gpu@67.968C tj@67.968C soc1@63.718C VDD_IN 22395mW/22233mW VDD_CPU_GPU_CV 8485mW/8669mW VDD_SOC 8042mW/7913mW
09-02-2026 15:07:03 RAM 4035/7620MB (lfb 2x4MB) SWAP 1/3810MB (cached 0MB) CPU [14%@1728,22%@1728,17%@1728,3%@1728,56%@1728,56%@1728] GR3D_FREQ 99% cpu@66.031C soc2@63.906C soc0@64.437C gpu@68.093C tj@68.093C soc1@63.718C VDD_IN 22277mW/22233mW VDD_CPU_GPU_CV 8759mW/8669mW VDD_SOC 7846mW/7913mW
09-02-2026 15:07:08 RAM 4050/7620MB (lfb 2x4MB) SWAP 1/3810MB (cached 0MB) CPU [15%@1036,19%@1036,15%@1036,3%@1036,56%@1728,59%@1728] GR3D_FREQ 99% cpu@66.062C soc2@63.968C soc0@64.312C gpu@68.187C tj@68.187C soc1@63.593C VDD_IN 22356mW/22233mW VDD_CPU_GPU_CV 8681mW/8669mW VDD_SOC 7964mW/7913mW
09-02-2026 15:07:13 RAM 4034/7620MB (lfb 2x4MB) SWAP 1/3810MB (cached 0MB) CPU [10%@1728,34%@1728,26%@1728,11%@1728,40%@1651,41%@1651] GR3D_FREQ 99% cpu@66.312C soc2@63.906C soc0@64.406C gpu@67.937C tj@67.937C soc1@63.75C VDD_IN 22595mW/22234mW VDD_CPU_GPU_CV 8720mW/8669mW VDD_SOC 8081mW/7913mW
09-02-2026 15:07:18 RAM 4045/7620MB (lfb 2x4MB) SWAP 1/3810MB (cached 0MB) CPU [4%@729,26%@729,17%@729,18%@729,59%@1728,42%@1728] GR3D_FREQ 99% cpu@66.406C soc2@64.031C soc0@64.437C gpu@67.781C tj@67.781C soc1@63.656C VDD_IN 22595mW/22234mW VDD_CPU_GPU_CV 8915mW/8670mW VDD_SOC 8003mW/7913mW
09-02-2026 15:07:23 RAM 4030/7620MB (lfb 2x4MB) SWAP 1/3810MB (cached 0MB) CPU [3%@1728,19%@1728,7%@1728,22%@1728,60%@1728,56%@1728] GR3D_FREQ 99% cpu@66.125C soc2@63.937C soc0@64.437C gpu@67.906C tj@67.906C soc1@63.593C VDD_IN 22199mW/22234mW VDD_CPU_GPU_CV 8720mW/8670mW VDD_SOC 7846mW/7913mW
09-02-2026 15:07:28 RAM 4025/7620MB (lfb 2x4MB) SWAP 1/3810MB (cached 0MB) CPU [9%@729,10%@729,12%@729,19%@729,38%@1728,65%@1728] GR3D_FREQ 99% cpu@66.656C soc2@64C soc0@64.343C gpu@67.937C tj@67.937C soc1@63.656C VDD_IN 22317mW/22235mW VDD_CPU_GPU_CV 8485mW/8669mW VDD_SOC 8081mW/7914mW
09-02-2026 15:07:33 RAM 4031/7620MB (lfb 2x4MB) SWAP 1/3810MB (cached 0MB) CPU [21%@1728,1%@1728,15%@1728,16%@1728,52%@1728,57%@1728] GR3D_FREQ 99% cpu@66.125C soc2@64C soc0@64.531C gpu@67.968C tj@67.968C soc1@63.75C VDD_IN 22477mW/22235mW VDD_CPU_GPU_CV 8915mW/8670mW VDD_SOC 7885mW/7914mW
09-02-2026 15:07:38 RAM 4014/7620MB (lfb 2x4MB) SWAP 1/3810MB (cached 0MB) CPU [3%@960,20%@960,17%@960,18%@960,32%@1728,72%@1728] GR3D_FREQ 99% cpu@66.187C soc2@64.031C soc0@64.406C gpu@68.156C tj@68.156C soc1@63.687C VDD_IN 21962mW/22235mW VDD_CPU_GPU_CV 8524mW/8670mW VDD_SOC 7846mW/7913mW
09-02-2026 15:07:43 RAM 4029/7620MB (lfb 2x4MB) SWAP 1/3810MB (cached 0MB) CPU [5%@1651,15%@1651,37%@1651,15%@1651,42%@1728,51%@1728] GR3D_FREQ 72% cpu@66.156C soc2@64.031C soc0@64.406C gpu@68.093C tj@68.093C soc1@63.781C VDD_IN 22595mW/22235mW VDD_CPU_GPU_CV 8720mW/8670mW VDD_SOC 8121mW/7914mW
09-02-2026 15:07:48 RAM 4024/7620MB (lfb 2x4MB) SWAP 1/3810MB (cached 0MB) CPU [13%@1728,13%@1728,56%@1728,1%@1728,21%@1728,60%@1728] GR3D_FREQ 58% cpu@66.312C soc2@64C soc0@64.468C gpu@68.031C tj@68.031C soc1@63.718C VDD_IN 22398mW/22235mW VDD_CPU_GPU_CV 8641mW/8670mW VDD_SOC 8081mW/7914mW
09-02-2026 15:07:53 RAM 4039/7620MB (lfb 2x4MB) SWAP 1/3810MB (cached 0MB) CPU [2%@1728,5%@1728,64%@1728,43%@1728,22%@1190,35%@1190] GR3D_FREQ 99% cpu@66.125C soc2@64C soc0@64.531C gpu@68.093C tj@68.093C soc1@63.781C VDD_IN 22080mW/22235mW VDD_CPU_GPU_CV 8602mW/8670mW VDD_SOC 7807mW/7914mW
09-02-2026 15:07:58 RAM 4037/7620MB (lfb 2x4MB) SWAP 1/3810MB (cached 0MB) CPU [37%@1728,39%@1728,4%@1728,19%@1728,28%@1036,36%@1036] GR3D_FREQ 99% cpu@66.031C soc2@64.031C soc0@64.531C gpu@68.187C tj@68.187C soc1@63.656C VDD_IN 22041mW/22235mW VDD_CPU_GPU_CV 8524mW/8669mW VDD_SOC 7924mW/7914mW
09-02-2026 15:08:03 RAM 4032/7620MB (lfb 2x4MB) SWAP 1/3810MB (cached 0MB) CPU [35%@1728,65%@1728,2%@1728,1%@1728,32%@729,28%@729] GR3D_FREQ 99% cpu@66.093C soc2@64.031C soc0@64.406C gpu@68.218C tj@68.218C soc1@63.718C VDD_IN 22199mW/22235mW VDD_CPU_GPU_CV 8759mW/8669mW VDD_SOC 7807mW/7914mW
09-02-2026 15:08:08 RAM 4035/7620MB (lfb 2x4MB) SWAP 1/3810MB (cached 0MB) CPU [18%@1728,52%@1728,10%@1728,11%@1728,27%@1574,52%@1574] GR3D_FREQ 99% cpu@66C soc2@64.062C soc0@64.531C gpu@68.218C tj@68.218C soc1@63.656C VDD_IN 22673mW/22235mW VDD_CPU_GPU_CV 8979mW/8670mW VDD_SOC 8003mW/7914mW
09-02-2026 15:08:13 RAM 4082/7620MB (lfb 3x2MB) SWAP 1/3810MB (cached 0MB) CPU [12%@1728,38%@1728,43%@1728,3%@1728,26%@729,37%@729] GR3D_FREQ 99% cpu@66.281C soc2@64.062C soc0@64.343C gpu@67.968C tj@67.968C soc1@63.781C VDD_IN 21844mW/22235mW VDD_CPU_GPU_CV 8421mW/8670mW VDD_SOC 7846mW/7914mW
09-02-2026 15:08:18 RAM 4061/7620MB (lfb 2x2MB) SWAP 1/3810MB (cached 0MB) CPU [8%@1728,48%@1728,42%@1728,3%@1728,26%@729,30%@729] GR3D_FREQ 99% cpu@66.281C soc2@64C soc0@64.531C gpu@68.437C tj@68.437C soc1@63.843C VDD_IN 22395mW/22235mW VDD_CPU_GPU_CV 8837mW/8670mW VDD_SOC 7846mW/7914mW
09-02-2026 15:08:23 RAM 4070/7620MB (lfb 2x2MB) SWAP 1/3810MB (cached 0MB) CPU [25%@1728,29%@1728,51%@1728,1%@1728,21%@806,29%@806] GR3D_FREQ 99% cpu@66C soc2@64.093C soc0@64.437C gpu@68C tj@68C soc1@63.625C VDD_IN 21844mW/22234mW VDD_CPU_GPU_CV 8421mW/8669mW VDD_SOC 7846mW/7914mW
09-02-2026 15:08:28 RAM 4054/7620MB (lfb 1x4MB) SWAP 1/3810MB (cached 0MB) CPU [35%@1728,9%@1728,50%@1728,3%@1728,33%@729,28%@729] GR3D_FREQ 99% cpu@66.25C soc2@64.031C soc0@64.531C gpu@67.75C tj@67.75C soc1@63.781C VDD_IN 22317mW/22235mW VDD_CPU_GPU_CV 8641mW/8669mW VDD_SOC 7964mW/7914mW
09-02-2026 15:08:33 RAM 4061/7620MB (lfb 1x4MB) SWAP 1/3810MB (cached 0MB) CPU [47%@1728,3%@1728,50%@1728,12%@1728,28%@1267,31%@1267] GR3D_FREQ 99% cpu@66.187C soc2@64C soc0@64.468C gpu@67.937C tj@67.937C soc1@63.562C VDD_IN 22317mW/22235mW VDD_CPU_GPU_CV 8681mW/8669mW VDD_SOC 7964mW/7914mW
09-02-2026 15:08:38 RAM 4061/7620MB (lfb 1x4MB) SWAP 1/3810MB (cached 0MB) CPU [49%@1728,13%@1728,31%@1728,21%@1728,27%@960,26%@960] GR3D_FREQ 99% cpu@66.156C soc2@64.031C soc0@64.468C gpu@68.156C tj@68.156C soc1@63.781C VDD_IN 22356mW/22235mW VDD_CPU_GPU_CV 8798mW/8670mW VDD_SOC 7846mW/7914mW
09-02-2026 15:08:43 RAM 4055/7620MB (lfb 1x4MB) SWAP 1/3810MB (cached 0MB) CPU [42%@1728,46%@1728,14%@1728,6%@1728,27%@729,30%@729] GR3D_FREQ 45% cpu@66.281C soc2@63.906C soc0@64.531C gpu@67.687C tj@67.687C soc1@63.687C VDD_IN 21529mW/22234mW VDD_CPU_GPU_CV 8225mW/8669mW VDD_SOC 7780mW/7913mW
09-02-2026 15:08:48 RAM 4073/7620MB (lfb 2x2MB) SWAP 1/3810MB (cached 0MB) CPU [22%@1728,20%@1728,52%@1728,2%@1728,24%@1113,44%@1113] GR3D_FREQ 99% cpu@66.5C soc2@64.062C soc0@64.531C gpu@68.156C tj@68.156C soc1@63.781C VDD_IN 22555mW/22234mW VDD_CPU_GPU_CV 8837mW/8669mW VDD_SOC 8042mW/7914mW
09-02-2026 15:08:53 RAM 4062/7620MB (lfb 1x4MB) SWAP 1/3810MB (cached 0MB) CPU [11%@1728,19%@1728,56%@1728,3%@1728,14%@1728,61%@1728] GR3D_FREQ 99% cpu@66.156C soc2@64C soc0@64.593C gpu@68.218C tj@68.218C soc1@63.656C VDD_IN 22435mW/22235mW VDD_CPU_GPU_CV 8876mW/8669mW VDD_SOC 7885mW/7914mW
09-02-2026 15:08:58 RAM 4055/7620MB (lfb 3x2MB) SWAP 1/3810MB (cached 0MB) CPU [26%@1728,14%@1728,60%@1728,1%@1728,23%@883,39%@883] GR3D_FREQ 99% cpu@66.468C soc2@64.031C soc0@64.562C gpu@68.218C tj@68.218C soc1@63.718C VDD_IN 22317mW/22235mW VDD_CPU_GPU_CV 8837mW/8670mW VDD_SOC 7846mW/7913mW
09-02-2026 15:09:03 RAM 4062/7620MB (lfb 1x4MB) SWAP 1/3810MB (cached 0MB) CPU [30%@1420,7%@1420,20%@1420,12%@1420,33%@1728,59%@1728] GR3D_FREQ 33% cpu@66.062C soc2@64C soc0@64.468C gpu@67.718C tj@67.718C soc1@63.812C VDD_IN 21766mW/22234mW VDD_CPU_GPU_CV 8342mW/8669mW VDD_SOC 7846mW/7913mW
09-02-2026 15:09:08 RAM 4063/7620MB (lfb 1x4MB) SWAP 1/3810MB (cached 0MB) CPU [22%@729,17%@729,3%@729,11%@729,50%@1728,51%@1728] GR3D_FREQ 99% cpu@66.093C soc2@64.062C soc0@64.531C gpu@68.593C tj@68.593C soc1@63.656C VDD_IN 22553mW/22234mW VDD_CPU_GPU_CV 8915mW/8670mW VDD_SOC 7885mW/7913mW
09-02-2026 15:09:13 RAM 4091/7620MB (lfb 1x4MB) SWAP 1/3810MB (cached 0MB) CPU [10%@1113,14%@1113,20%@1113,8%@1113,29%@1728,70%@1728] GR3D_FREQ 99% cpu@66.062C soc2@63.937C soc0@64.437C gpu@68C tj@68C soc1@63.812C VDD_IN 22041mW/22234mW VDD_CPU_GPU_CV 8524mW/8669mW VDD_SOC 7885mW/7913mW
09-02-2026 15:09:18 RAM 4059/7620MB (lfb 1x4MB) SWAP 1/3810MB (cached 0MB) CPU [18%@729,12%@729,21%@729,3%@729,50%@1728,62%@1728] GR3D_FREQ 99% cpu@66.375C soc2@64.062C soc0@64.468C gpu@68.093C tj@68.093C soc1@63.718C VDD_IN 22438mW/22235mW VDD_CPU_GPU_CV 8915mW/8670mW VDD_SOC 7885mW/7913mW
09-02-2026 15:09:23 RAM 4060/7620MB (lfb 1x4MB) SWAP 1/3810MB (cached 0MB) CPU [20%@1728,12%@1728,19%@1728,4%@1728,43%@1728,66%@1728] GR3D_FREQ 99% cpu@66C soc2@64C soc0@64.5C gpu@68.031C tj@68.031C soc1@63.781C VDD_IN 22002mW/22234mW VDD_CPU_GPU_CV 8563mW/8670mW VDD_SOC 7846mW/7913mW
09-02-2026 15:09:28 RAM 4050/7620MB (lfb 1x4MB) SWAP 1/3810MB (cached 0MB) CPU [13%@1728,43%@1728,19%@1728,10%@1728,39%@729,41%@729] GR3D_FREQ 99% cpu@65.968C soc2@64.031C soc0@64.5C gpu@68.062C tj@68.062C soc1@63.656C VDD_IN 22159mW/22234mW VDD_CPU_GPU_CV 8759mW/8670mW VDD_SOC 7767mW/7913mW
09-02-2026 15:09:33 RAM 4060/7620MB (lfb 1x4MB) SWAP 1/3810MB (cached 0MB) CPU [3%@1728,52%@1728,2%@1728,52%@1728,26%@960,27%@960] GR3D_FREQ 80% cpu@65.968C soc2@63.937C soc0@64.531C gpu@67.687C tj@67.687C soc1@63.75C VDD_IN 21805mW/22233mW VDD_CPU_GPU_CV 8381mW/8669mW VDD_SOC 7859mW/7913mW
09-02-2026 15:09:38 RAM 4062/7620MB (lfb 1x4MB) SWAP 1/3810MB (cached 0MB) CPU [3%@1651,50%@1651,3%@1651,55%@1651,27%@1728,26%@1728] GR3D_FREQ 99% cpu@66.125C soc2@64.031C soc0@64.437C gpu@68.468C tj@68.468C soc1@63.656C VDD_IN 22199mW/22233mW VDD_CPU_GPU_CV 8759mW/8669mW VDD_SOC 7846mW/7913mW
09-02-2026 15:09:43 RAM 4061/7620MB (lfb 1x4MB) SWAP 1/3810MB (cached 0MB) CPU [6%@1728,53%@1728,3%@1728,41%@1728,23%@729,32%@729] GR3D_FREQ 24% cpu@65.906C soc2@63.875C soc0@64.406C gpu@67.312C tj@67.312C soc1@63.781C VDD_IN 21884mW/22233mW VDD_CPU_GPU_CV 8303mW/8669mW VDD_SOC 7937mW/7913mW
09-02-2026 15:09:48 RAM 4070/7620MB (lfb 1x4MB) SWAP 1/3810MB (cached 0MB) CPU [3%@1728,34%@1728,10%@1728,63%@1728,25%@1574,28%@1574] GR3D_FREQ 99% cpu@66.156C soc2@64.031C soc0@64.343C gpu@68.218C tj@68.218C soc1@63.531C VDD_IN 22120mW/22233mW VDD_CPU_GPU_CV 8720mW/8669mW VDD_SOC 7846mW/7913mW
09-02-2026 15:09:53 RAM 4070/7620MB (lfb 1x4MB) SWAP 1/3810MB (cached 0MB) CPU [9%@1728,55%@1728,2%@1728,41%@1728,33%@729,23%@729] GR3D_FREQ 99% cpu@66.5C soc2@64.031C soc0@64.5C gpu@67.75C tj@67.75C soc1@63.781C VDD_IN 22277mW/22233mW VDD_CPU_GPU_CV 8446mW/8669mW VDD_SOC 8081mW/7913mW
09-02-2026 15:09:58 RAM 4050/7620MB (lfb 1x4MB) SWAP 1/3810MB (cached 0MB) CPU [1%@1728,48%@1728,8%@1728,50%@1728,18%@1574,33%@1574] GR3D_FREQ 74% cpu@65.937C soc2@64C soc0@64.531C gpu@67.875C tj@67.875C soc1@63.593C VDD_IN 22080mW/22232mW VDD_CPU_GPU_CV 8563mW/8668mW VDD_SOC 7846mW/7913mW
09-02-2026 15:10:03 RAM 4066/7620MB (lfb 2x4MB) SWAP 1/3810MB (cached 0MB) CPU [3%@1728,54%@1728,31%@1728,22%@1728,31%@729,21%@729] GR3D_FREQ 99% cpu@65.812C soc2@63.906C soc0@64.375C gpu@67.875C tj@67.875C soc1@63.687C VDD_IN 22317mW/22232mW VDD_CPU_GPU_CV 8837mW/8669mW VDD_SOC 7807mW/7913mW
09-02-2026 15:10:08 RAM 4059/7620MB (lfb 3x2MB) SWAP 1/3810MB (cached 0MB) CPU [2%@1728,55%@1728,54%@1728,2%@1728,20%@1344,31%@1344] GR3D_FREQ 99% cpu@66.062C soc2@63.968C soc0@64.406C gpu@68.156C tj@68.156C soc1@63.593C VDD_IN 21884mW/22232mW VDD_CPU_GPU_CV 8499mW/8668mW VDD_SOC 7819mW/7912mW
09-02-2026 15:10:13 RAM 4065/7620MB (lfb 1x4MB) SWAP 1/3810MB (cached 0MB) CPU [20%@1728,46%@1728,41%@1728,0%@1728,19%@729,31%@729] GR3D_FREQ 99% cpu@65.968C soc2@64C soc0@64.406C gpu@68.156C tj@68.156C soc1@63.625C VDD_IN 22277mW/22232mW VDD_CPU_GPU_CV 8759mW/8669mW VDD_SOC 7846mW/7912mW
09-02-2026 15:10:18 RAM 4055/7620MB (lfb 2x2MB) SWAP 1/3810MB (cached 0MB) CPU [4%@1728,62%@1728,41%@1728,1%@1728,22%@883,29%@883] GR3D_FREQ 89% cpu@66.093C soc2@63.843C soc0@64.375C gpu@67.75C tj@67.75C soc1@63.5C VDD_IN 21923mW/22232mW VDD_CPU_GPU_CV 8421mW/8668mW VDD_SOC 7885mW/7912mW
09-02-2026 15:10:23 RAM 4053/7620MB (lfb 1x4MB) SWAP 1/3810MB (cached 0MB) CPU [5%@1728,53%@1728,48%@1728,1%@1728,21%@806,31%@806] GR3D_FREQ 99% cpu@66.187C soc2@63.843C soc0@64.312C gpu@67.906C tj@67.906C soc1@63.625C VDD_IN 22238mW/22232mW VDD_CPU_GPU_CV 8798mW/8668mW VDD_SOC 7807mW/7912mW
09-02-2026 15:10:28 RAM 4057/7620MB (lfb 3x2MB) SWAP 1/3810MB (cached 0MB) CPU [1%@1728,49%@1728,59%@1728,1%@1728,26%@729,25%@729] GR3D_FREQ 99% cpu@66.093C soc2@63.812C soc0@64.375C gpu@68.062C tj@68.062C soc1@63.718C VDD_IN 21884mW/22231mW VDD_CPU_GPU_CV 8407mW/8668mW VDD_SOC 7898mW/7912mW
09-02-2026 15:10:33 RAM 4063/7620MB (lfb 1x4MB) SWAP 1/3810MB (cached 0MB) CPU [3%@1728,52%@1728,1%@1728,56%@1728,23%@729,29%@729] GR3D_FREQ 99% cpu@65.875C soc2@63.906C soc0@64.312C gpu@68.125C tj@68.125C soc1@63.625C VDD_IN 22238mW/22231mW VDD_CPU_GPU_CV 8759mW/8668mW VDD_SOC 7807mW/7912mW
09-02-2026 15:10:38 RAM 4051/7620MB (lfb 3x2MB) SWAP 1/3810MB (cached 0MB) CPU [2%@1267,1%@1267,51%@1267,53%@1267,18%@729,32%@729] GR3D_FREQ 23% cpu@65.75C soc2@63.75C soc0@64.281C gpu@67.5C tj@67.5C soc1@63.562C VDD_IN 21687mW/22230mW VDD_CPU_GPU_CV 8264mW/8667mW VDD_SOC 7819mW/7912mW
09-02-2026 15:10:43 RAM 4053/7620MB (lfb 1x4MB) SWAP 1/3810MB (cached 0MB) CPU [1%@1728,28%@1728,52%@1728,37%@1728,26%@1497,27%@1497] GR3D_FREQ 99% cpu@65.968C soc2@63.875C soc0@64.281C gpu@67.781C tj@67.781C soc1@63.5C VDD_IN 22317mW/22230mW VDD_CPU_GPU_CV 8759mW/8668mW VDD_SOC 7885mW/7912mW
09-02-2026 15:10:48 RAM 4059/7620MB (lfb 1x4MB) SWAP 1/3810MB (cached 0MB) CPU [6%@1728,15%@1728,46%@1728,44%@1728,28%@1036,25%@1036] GR3D_FREQ 77% cpu@66.187C soc2@63.843C soc0@64.281C gpu@67.687C tj@67.781C soc1@63.625C VDD_IN 22398mW/22231mW VDD_CPU_GPU_CV 8641mW/8668mW VDD_SOC 8042mW/7912mW
09-02-2026 15:10:53 RAM 4055/7620MB (lfb 1x4MB) SWAP 1/3810MB (cached 0MB) CPU [29%@1728,20%@1728,13%@1728,41%@1728,31%@729,28%@729] GR3D_FREQ 99% cpu@66C soc2@63.812C soc0@64.375C gpu@67.843C tj@67.843C soc1@63.5C VDD_IN 22277mW/22231mW VDD_CPU_GPU_CV 8798mW/8668mW VDD_SOC 7846mW/7912mW
09-02-2026 15:10:58 RAM 4069/7620MB (lfb 1x4MB) SWAP 1/3810MB (cached 0MB) CPU [7%@1728,30%@1728,50%@1728,24%@1728,26%@729,24%@729] GR3D_FREQ 27% cpu@65.968C soc2@63.812C soc0@64.343C gpu@67.656C tj@67.656C soc1@63.593C VDD_IN 21884mW/22230mW VDD_CPU_GPU_CV 8303mW/8667mW VDD_SOC 7898mW/7912mW
09-02-2026 15:11:03 RAM 4066/7620MB (lfb 3x2MB) SWAP 1/3810MB (cached 0MB) CPU [2%@1728,10%@1728,62%@1728,36%@1728,24%@1344,29%@1344] GR3D_FREQ 99% cpu@65.968C soc2@63.875C soc0@64.375C gpu@68.125C tj@68.125C soc1@63.593C VDD_IN 22080mW/22230mW VDD_CPU_GPU_CV 8681mW/8667mW VDD_SOC 7807mW/7912mW
09-02-2026 15:11:08 RAM 4070/7620MB (lfb 1x4MB) SWAP 1/3810MB (cached 0MB) CPU [1%@1728,1%@1728,51%@1728,54%@1728,21%@729,28%@729] GR3D_FREQ 99% cpu@66.5C soc2@64.062C soc0@64.375C gpu@67.687C tj@67.687C soc1@63.531C VDD_IN 22199mW/22230mW VDD_CPU_GPU_CV 8602mW/8667mW VDD_SOC 7964mW/7912mW
09-02-2026 15:11:13 RAM 4075/7620MB (lfb 1x4MB) SWAP 1/3810MB (cached 0MB) CPU [2%@1728,2%@1728,54%@1728,56%@1728,21%@1574,31%@1574] GR3D_FREQ 93% cpu@66.218C soc2@63.937C soc0@64.5C gpu@67.843C tj@67.843C soc1@63.593C VDD_IN 22002mW/22229mW VDD_CPU_GPU_CV 8563mW/8667mW VDD_SOC 7807mW/7912mW
09-02-2026 15:11:18 RAM 4058/7620MB (lfb 3x2MB) SWAP 1/3810MB (cached 0MB) CPU [2%@1728,20%@1728,45%@1728,47%@1728,24%@729,27%@729] GR3D_FREQ 99% cpu@66.343C soc2@64.031C soc0@64.343C gpu@67.875C tj@67.875C soc1@63.625C VDD_IN 22199mW/22229mW VDD_CPU_GPU_CV 8798mW/8667mW VDD_SOC 7807mW/7911mW
09-02-2026 15:11:23 RAM 4067/7620MB (lfb 1x4MB) SWAP 1/3810MB (cached 0MB) CPU [10%@1728,1%@1728,53%@1728,44%@1728,19%@883,33%@883] GR3D_FREQ 99% cpu@65.937C soc2@63.968C soc0@64.468C gpu@67.968C tj@67.968C soc1@63.781C VDD_IN 21687mW/22229mW VDD_CPU_GPU_CV 8303mW/8667mW VDD_SOC 7819mW/7911mW
09-02-2026 15:11:28 RAM 4083/7620MB (lfb 3x2MB) SWAP 1/3810MB (cached 0MB) CPU [37%@1728,50%@1728,8%@1728,16%@1728,20%@1113,32%@1113] GR3D_FREQ 99% cpu@66.062C soc2@63.968C soc0@64.5C gpu@68.187C tj@68.187C soc1@63.718C VDD_IN 22120mW/22228mW VDD_CPU_GPU_CV 8681mW/8667mW VDD_SOC 7807mW/7911mW
09-02-2026 15:11:33 RAM 4075/7620MB (lfb 1x4MB) SWAP 1/3810MB (cached 0MB) CPU [45%@1728,32%@1728,2%@1728,34%@1728,18%@960,31%@960] GR3D_FREQ 99% cpu@66.343C soc2@64.031C soc0@64.468C gpu@67.687C tj@67.687C soc1@63.781C VDD_IN 22277mW/22228mW VDD_CPU_GPU_CV 8563mW/8666mW VDD_SOC 8003mW/7911mW
09-02-2026 15:11:38 RAM 4080/7620MB (lfb 3x2MB) SWAP 1/3810MB (cached 0MB) CPU [53%@1728,3%@1728,0%@1728,55%@1728,32%@729,20%@729] GR3D_FREQ 99% cpu@65.968C soc2@64.031C soc0@64.375C gpu@67.875C tj@68.093C soc1@63.656C VDD_IN 21923mW/22228mW VDD_CPU_GPU_CV 8524mW/8666mW VDD_SOC 7846mW/7911mW
09-02-2026 15:11:43 RAM 4057/7620MB (lfb 3x2MB) SWAP 1/3810MB (cached 0MB) CPU [35%@1728,6%@1728,3%@1728,51%@1728,25%@806,44%@806] GR3D_FREQ 20% cpu@65.968C soc2@63.968C soc0@64.531C gpu@67.718C tj@67.718C soc1@63.781C VDD_IN 22041mW/22228mW VDD_CPU_GPU_CV 8407mW/8666mW VDD_SOC 7964mW/7911mW
09-02-2026 15:11:48 RAM 4061/7620MB (lfb 2x2MB) SWAP 1/3810MB (cached 0MB) CPU [5%@1728,2%@1728,34%@1728,58%@1728,23%@729,39%@729] GR3D_FREQ 99% cpu@66.125C soc2@64.062C soc0@64.593C gpu@68.062C tj@68.062C soc1@63.718C VDD_IN 22238mW/22228mW VDD_CPU_GPU_CV 8798mW/8666mW VDD_SOC 7807mW/7911mW
09-02-2026 15:11:53 RAM 4049/7620MB (lfb 4x2MB) SWAP 1/3810MB (cached 0MB) CPU [7%@1728,2%@1728,44%@1728,61%@1728,23%@729,21%@729] GR3D_FREQ 99% cpu@66.281C soc2@64.031C soc0@64.531C gpu@68.343C tj@68.343C soc1@63.781C VDD_IN 22159mW/22228mW VDD_CPU_GPU_CV 8602mW/8666mW VDD_SOC 7885mW/7911mW
09-02-2026 15:11:58 RAM 4057/7620MB (lfb 1x4MB) SWAP 1/3810MB (cached 0MB) CPU [6%@1728,38%@1728,52%@1728,10%@1728,28%@729,24%@729] GR3D_FREQ 99% cpu@66.281C soc2@64.062C soc0@64.718C gpu@68.125C tj@68.125C soc1@63.812C VDD_IN 22238mW/22228mW VDD_CPU_GPU_CV 8759mW/8666mW VDD_SOC 7846mW/7911mW
09-02-2026 15:12:03 RAM 4057/7620MB (lfb 1x4MB) SWAP 1/3810MB (cached 0MB) CPU [7%@1728,42%@1728,60%@1728,2%@1728,23%@1036,29%@1036] GR3D_FREQ 99% cpu@66.687C soc2@64.031C soc0@64.593C gpu@67.875C tj@67.875C soc1@63.843C VDD_IN 21648mW/22227mW VDD_CPU_GPU_CV 8303mW/8666mW VDD_SOC 7859mW/7911mW
09-02-2026 15:12:08 RAM 4062/7620MB (lfb 1x4MB) SWAP 1/3810MB (cached 0MB) CPU [10%@1728,39%@1728,57%@1728,1%@1728,21%@1036,31%@1036] GR3D_FREQ 99% cpu@66.031C soc2@64.093C soc0@64.656C gpu@68.093C tj@68.093C soc1@63.781C VDD_IN 22238mW/22227mW VDD_CPU_GPU_CV 8759mW/8666mW VDD_SOC 7807mW/7911mW
09-02-2026 15:12:13 RAM 4066/7620MB (lfb 1x4MB) SWAP 1/3810MB (cached 0MB) CPU [21%@1728,8%@1728,44%@1728,27%@1728,35%@1728,35%@1728] GR3D_FREQ 99% cpu@66.468C soc2@64.156C soc0@64.625C gpu@68.187C tj@68.187C soc1@63.875C VDD_IN 22516mW/22227mW VDD_CPU_GPU_CV 8798mW/8666mW VDD_SOC 8042mW/7911mW
09-02-2026 15:12:18 RAM 4060/7620MB (lfb 1x4MB) SWAP 1/3810MB (cached 0MB) CPU [39%@1728,4%@1728,20%@1728,47%@1728,34%@1036,17%@1036] GR3D_FREQ 99% cpu@66.687C soc2@64.218C soc0@64.687C gpu@67.968C tj@67.968C soc1@63.812C VDD_IN 22199mW/22227mW VDD_CPU_GPU_CV 8524mW/8666mW VDD_SOC 7964mW/7911mW
09-02-2026 15:12:23 RAM 4043/7620MB (lfb 4x2MB) SWAP 1/3810MB (cached 0MB) CPU [24%@1728,9%@1728,14%@1728,15%@1728,41%@1728,60%@1728] GR3D_FREQ 99% cpu@66.593C soc2@64.218C soc0@64.625C gpu@68.187C tj@68.187C soc1@63.812C VDD_IN 22595mW/22228mW VDD_CPU_GPU_CV 8837mW/8666mW VDD_SOC 8003mW/7911mW
09-02-2026 15:12:28 RAM 4049/7620MB (lfb 3x2MB) SWAP 1/3810MB (cached 0MB) CPU [18%@1728,2%@1728,42%@1728,35%@1728,24%@729,43%@729] GR3D_FREQ 99% cpu@66.312C soc2@64.25C soc0@64.781C gpu@68.312C tj@68.312C soc1@63.843C VDD_IN 22356mW/22228mW VDD_CPU_GPU_CV 8837mW/8666mW VDD_SOC 7885mW/7911mW
09-02-2026 15:12:33 RAM 4058/7620MB (lfb 1x4MB) SWAP 1/3810MB (cached 0MB) CPU [37%@1728,16%@1728,52%@1728,1%@1728,29%@883,22%@883] GR3D_FREQ 61% cpu@66.312C soc2@64.25C soc0@64.781C gpu@67.937C tj@67.937C soc1@63.906C VDD_IN 21608mW/22227mW VDD_CPU_GPU_CV 8303mW/8666mW VDD_SOC 7819mW/7911mW
09-02-2026 15:12:38 RAM 4064/7620MB (lfb 1x4MB) SWAP 1/3810MB (cached 0MB) CPU [12%@1728,18%@1728,46%@1728,32%@1728,23%@1267,28%@1267] GR3D_FREQ 99% cpu@66.218C soc2@64.312C soc0@64.718C gpu@68.375C tj@68.375C soc1@63.843C VDD_IN 22041mW/22227mW VDD_CPU_GPU_CV 8681mW/8666mW VDD_SOC 7807mW/7911mW
09-02-2026 15:12:43 RAM 4046/7620MB (lfb 3x2MB) SWAP 1/3810MB (cached 0MB) CPU [49%@1728,5%@1728,57%@1728,3%@1728,23%@729,25%@729] GR3D_FREQ 99% cpu@66.531C soc2@64.406C soc0@64.593C gpu@67.875C tj@67.875C soc1@63.937C VDD_IN 22199mW/22227mW VDD_CPU_GPU_CV 8446mW/8665mW VDD_SOC 8042mW/7911mW
09-02-2026 15:12:48 RAM 4047/7620MB (lfb 3x2MB) SWAP 1/3810MB (cached 0MB) CPU [57%@1728,57%@1728,0%@1728,1%@1728,24%@1497,30%@1497] GR3D_FREQ 78% cpu@66.062C soc2@64.281C soc0@64.781C gpu@68C tj@68C soc1@63.906C VDD_IN 21923mW/22226mW VDD_CPU_GPU_CV 8524mW/8665mW VDD_SOC 7807mW/7911mW
09-02-2026 15:12:53 RAM 4059/7620MB (lfb 3x2MB) SWAP 1/3810MB (cached 0MB) CPU [55%@1728,35%@1728,23%@1728,1%@1728,24%@729,29%@729] GR3D_FREQ 99% cpu@66.531C soc2@64.25C soc0@64.687C gpu@68.531C tj@68.531C soc1@63.906C VDD_IN 22277mW/22226mW VDD_CPU_GPU_CV 8798mW/8665mW VDD_SOC 7807mW/7911mW
09-02-2026 15:12:58 RAM 4065/7620MB (lfb 2x2MB) SWAP 1/3810MB (cached 0MB) CPU [38%@1728,17%@1728,29%@1728,19%@1728,25%@1574,28%@1574] GR3D_FREQ 99% cpu@66.218C soc2@64.281C soc0@64.718C gpu@68.281C tj@68.281C soc1@64.062C VDD_IN 22002mW/22226mW VDD_CPU_GPU_CV 8563mW/8665mW VDD_SOC 7846mW/7911mW
09-02-2026 15:13:03 RAM 4063/7620MB (lfb 5x2MB) SWAP 1/3810MB (cached 0MB) CPU [15%@729,10%@729,17%@729,48%@729,18%@1728,51%@1728] GR3D_FREQ 80% cpu@66.468C soc2@64.343C soc0@64.781C gpu@68.312C tj@68.312C soc1@63.937C VDD_IN 22359mW/22226mW VDD_CPU_GPU_CV 8759mW/8665mW VDD_SOC 8003mW/7911mW
09-02-2026 15:13:08 RAM 4053/7620MB (lfb 3x2MB) SWAP 1/3810MB (cached 0MB) CPU [5%@1728,9%@1728,23%@1728,19%@1728,48%@1728,59%@1728] GR3D_FREQ 88% cpu@66.625C soc2@64.406C soc0@64.75C gpu@68.062C tj@68.062C soc1@64.062C VDD_IN 22356mW/22226mW VDD_CPU_GPU_CV 8524mW/8665mW VDD_SOC 8081mW/7911mW
09-02-2026 15:13:13 RAM 4078/7620MB (lfb 1x4MB) SWAP 1/3810MB (cached 0MB) CPU [13%@1728,10%@1728,23%@1728,12%@1728,55%@1728,53%@1728] GR3D_FREQ 99% cpu@66.531C soc2@64.375C soc0@64.906C gpu@68.406C tj@68.406C soc1@63.968C VDD_IN 22317mW/22226mW VDD_CPU_GPU_CV 8837mW/8665mW VDD_SOC 7846mW/7911mW
09-02-2026 15:13:18 RAM 4054/7620MB (lfb 4x2MB) SWAP 1/3810MB (cached 0MB) CPU [11%@1728,16%@1728,19%@1728,15%@1728,41%@960,64%@960] GR3D_FREQ 99% cpu@66.593C soc2@64.343C soc0@64.812C gpu@68.781C tj@68.781C soc1@64.093C VDD_IN 22356mW/22227mW VDD_CPU_GPU_CV 8641mW/8665mW VDD_SOC 8003mW/7911mW
09-02-2026 15:13:23 RAM 4052/7620MB (lfb 1x4MB) SWAP 1/3810MB (cached 0MB) CPU [4%@1728,8%@1728,33%@1728,54%@1728,27%@729,36%@729] GR3D_FREQ 99% cpu@66.656C soc2@64.406C soc0@64.812C gpu@68.25C tj@68.25C soc1@63.968C VDD_IN 22435mW/22227mW VDD_CPU_GPU_CV 8602mW/8665mW VDD_SOC 8042mW/7911mW
09-02-2026 15:13:28 RAM 4054/7620MB (lfb 2x2MB) SWAP 1/3810MB (cached 0MB) CPU [15%@729,27%@729,25%@729,27%@729,29%@1728,37%@1728] GR3D_FREQ 99% cpu@66.468C soc2@64.406C soc0@64.843C gpu@68.625C tj@68.625C soc1@64.125C VDD_IN 22713mW/22228mW VDD_CPU_GPU_CV 9018mW/8666mW VDD_SOC 7964mW/7911mW
09-02-2026 15:13:33 RAM 4074/7620MB (lfb 3x2MB) SWAP 1/3810MB (cached 0MB) CPU [18%@1728,7%@1728,1%@1728,55%@1728,25%@1267,55%@1267] GR3D_FREQ 99% cpu@66.718C soc2@64.562C soc0@65.031C gpu@68.468C tj@68.468C soc1@64.062C VDD_IN 22752mW/22228mW VDD_CPU_GPU_CV 9033mW/8666mW VDD_SOC 8003mW/7911mW
09-02-2026 15:13:38 RAM 4068/7620MB (lfb 1x4MB) SWAP 1/3810MB (cached 0MB) CPU [24%@729,3%@729,11%@729,56%@729,41%@1574,26%@1574] GR3D_FREQ 99% cpu@66.656C soc2@64.468C soc0@64.937C gpu@68.343C tj@68.343C soc1@64.125C VDD_IN 22277mW/22229mW VDD_CPU_GPU_CV 8602mW/8666mW VDD_SOC 7964mW/7912mW
09-02-2026 15:13:43 RAM 4071/7620MB (lfb 1x4MB) SWAP 1/3810MB (cached 0MB) CPU [10%@1344,14%@1344,20%@1344,21%@1344,25%@1728,59%@1728] GR3D_FREQ 99% cpu@66.75C soc2@64.468C soc0@65C gpu@68.406C tj@68.406C soc1@64.093C VDD_IN 22395mW/22229mW VDD_CPU_GPU_CV 8563mW/8666mW VDD_SOC 8081mW/7912mW
09-02-2026 15:13:48 RAM 4063/7620MB (lfb 1x4MB) SWAP 1/3810MB (cached 0MB) CPU [22%@1574,13%@1728,19%@1728,3%@1728,44%@1728,62%@1728] GR3D_FREQ 99% cpu@66.687C soc2@64.437C soc0@64.937C gpu@68.906C tj@68.906C soc1@64.093C VDD_IN 22555mW/22229mW VDD_CPU_GPU_CV 8915mW/8666mW VDD_SOC 7924mW/7912mW
09-02-2026 15:13:53 RAM 4082/7620MB (lfb 1x4MB) SWAP 1/3810MB (cached 0MB) CPU [13%@960,16%@960,20%@960,2%@960,46%@1728,62%@1728] GR3D_FREQ 99% cpu@66.812C soc2@64.437C soc0@65C gpu@68.437C tj@68.437C soc1@64.093C VDD_IN 22120mW/22229mW VDD_CPU_GPU_CV 8563mW/8666mW VDD_SOC 7924mW/7912mW
09-02-2026 15:13:58 RAM 4079/7620MB (lfb 1x4MB) SWAP 1/3810MB (cached 0MB) CPU [21%@883,3%@883,21%@883,8%@883,43%@1728,60%@1728] GR3D_FREQ 99% cpu@66.968C soc2@64.437C soc0@64.875C gpu@68.593C tj@68.593C soc1@64.125C VDD_IN 22120mW/22229mW VDD_CPU_GPU_CV 8759mW/8666mW VDD_SOC 7807mW/7912mW
09-02-2026 15:14:03 RAM 4062/7620MB (lfb 1x4MB) SWAP 1/3810MB (cached 0MB) CPU [19%@1728,8%@1728,19%@1728,6%@1728,55%@1728,54%@1728] GR3D_FREQ 99% cpu@66.75C soc2@64.406C soc0@65C gpu@68.375C tj@68.375C soc1@63.968C VDD_IN 22199mW/22229mW VDD_CPU_GPU_CV 8602mW/8666mW VDD_SOC 7924mW/7912mW
09-02-2026 15:14:08 RAM 4065/7620MB (lfb 1x4MB) SWAP 1/3810MB (cached 0MB) CPU [2%@729,21%@729,23%@729,8%@729,53%@1728,53%@1728] GR3D_FREQ 99% cpu@66.562C soc2@64.437C soc0@64.875C gpu@68.625C tj@68.625C soc1@64.093C VDD_IN 22395mW/22229mW VDD_CPU_GPU_CV 8837mW/8667mW VDD_SOC 7846mW/7912mW
09-02-2026 15:14:13 RAM 4071/7620MB (lfb 1x4MB) SWAP 1/3810MB (cached 0MB) CPU [22%@1728,28%@1728,24%@1728,5%@1728,27%@729,58%@729] GR3D_FREQ 99% cpu@66.468C soc2@64.531C soc0@65.031C gpu@68.562C tj@68.562C soc1@64.125C VDD_IN 22713mW/22230mW VDD_CPU_GPU_CV 8954mW/8667mW VDD_SOC 8042mW/7912mW
09-02-2026 15:14:18 RAM 4097/7620MB (lfb 1x4MB) SWAP 1/3810MB (cached 0MB) CPU [14%@1728,14%@1728,25%@1728,18%@1728,22%@1728,64%@1728] GR3D_FREQ 99% cpu@66.843C soc2@64.375C soc0@64.906C gpu@68.75C tj@68.75C soc1@64.156C VDD_IN 22080mW/22230mW VDD_CPU_GPU_CV 8524mW/8667mW VDD_SOC 7885mW/7912mW
09-02-2026 15:14:23 RAM 4047/7620MB (lfb 3x2MB) SWAP 1/3810MB (cached 0MB) CPU [7%@729,9%@729,13%@729,19%@729,36%@1728,75%@1728] GR3D_FREQ 99% cpu@67.031C soc2@64.562C soc0@65.031C gpu@68.375C tj@68.375C soc1@64.125C VDD_IN 22752mW/22230mW VDD_CPU_GPU_CV 8681mW/8667mW VDD_SOC 8238mW/7912mW
09-02-2026 15:14:28 RAM 4089/7620MB (lfb 1x4MB) SWAP 1/3810MB (cached 0MB) CPU [9%@960,20%@960,7%@1728,20%@1728,52%@1728,60%@1728] GR3D_FREQ 99% cpu@66.968C soc2@64.468C soc0@64.906C gpu@68.531C tj@68.531C soc1@64.218C VDD_IN 22238mW/22230mW VDD_CPU_GPU_CV 8641mW/8667mW VDD_SOC 7885mW/7912mW
09-02-2026 15:14:33 RAM 4051/7620MB (lfb 4x2MB) SWAP 1/3810MB (cached 0MB) CPU [17%@729,11%@729,16%@729,12%@729,55%@1728,41%@1728] GR3D_FREQ 99% cpu@66.75C soc2@64.5C soc0@65C gpu@68.562C tj@68.562C soc1@64.093C VDD_IN 22041mW/22230mW VDD_CPU_GPU_CV 8485mW/8666mW VDD_SOC 7924mW/7912mW
09-02-2026 15:14:38 RAM 4095/7620MB (lfb 6x1MB) SWAP 1/3810MB (cached 0MB) CPU [18%@806,9%@806,4%@806,21%@806,57%@1728,51%@1728] GR3D_FREQ 99% cpu@67C soc2@64.531C soc0@64.906C gpu@68.406C tj@68.406C soc1@64.156C VDD_IN 22477mW/22230mW VDD_CPU_GPU_CV 8915mW/8667mW VDD_SOC 7964mW/7912mW
09-02-2026 15:14:43 RAM 4064/7620MB (lfb 1x4MB) SWAP 1/3810MB (cached 0MB) CPU [15%@883,15%@883,18%@883,14%@883,42%@1728,64%@1728] GR3D_FREQ 99% cpu@66.718C soc2@64.5C soc0@65.031C gpu@68.343C tj@68.343C soc1@64.25C VDD_IN 22238mW/22231mW VDD_CPU_GPU_CV 8681mW/8667mW VDD_SOC 7885mW/7912mW
09-02-2026 15:14:48 RAM 4081/7620MB (lfb 2x2MB) SWAP 1/3810MB (cached 0MB) CPU [5%@1728,12%@1728,11%@1728,23%@1728,55%@1728,54%@1728] GR3D_FREQ 85% cpu@66.718C soc2@64.562C soc0@64.968C gpu@68.812C tj@68.812C soc1@64.093C VDD_IN 22513mW/22231mW VDD_CPU_GPU_CV 8681mW/8667mW VDD_SOC 8081mW/7912mW
09-02-2026 15:14:53 RAM 4081/7620MB (lfb 2x2MB) SWAP 1/3810MB (cached 0MB) CPU [3%@729,20%@729,10%@729,21%@729,48%@1728,64%@1728] GR3D_FREQ 99% cpu@66.593C soc2@64.437C soc0@64.968C gpu@68.687C tj@68.687C soc1@64.25C VDD_IN 22553mW/22231mW VDD_CPU_GPU_CV 8915mW/8667mW VDD_SOC 7885mW/7912mW
09-02-2026 15:14:58 RAM 4051/7620MB (lfb 2x2MB) SWAP 1/3810MB (cached 0MB) CPU [11%@1651,22%@1651,3%@1651,21%@1651,66%@1728,44%@1728] GR3D_FREQ 99% cpu@66.843C soc2@64.593C soc0@64.875C gpu@68.781C tj@68.781C soc1@64.062C VDD_IN 22238mW/22231mW VDD_CPU_GPU_CV 8720mW/8667mW VDD_SOC 7885mW/7912mW
09-02-2026 15:15:03 RAM 4061/7620MB (lfb 2x2MB) SWAP 1/3810MB (cached 0MB) CPU [2%@1497,21%@1497,11%@1497,20%@1497,46%@1728,54%@1728] GR3D_FREQ 76% cpu@66.468C soc2@64.343C soc0@64.875C gpu@68.375C tj@68.375C soc1@64.187C VDD_IN 21844mW/22231mW VDD_CPU_GPU_CV 8499mW/8667mW VDD_SOC 7767mW/7912mW
09-02-2026 15:15:08 RAM 4061/7620MB (lfb 5x2MB) SWAP 1/3810MB (cached 0MB) CPU [11%@1728,23%@1728,11%@1728,11%@1728,60%@1728,51%@1728] GR3D_FREQ 25% cpu@66.812C soc2@64.468C soc0@64.843C gpu@68.062C tj@68.062C soc1@64C VDD_IN 22356mW/22231mW VDD_CPU_GPU_CV 8524mW/8667mW VDD_SOC 8042mW/7912mW
09-02-2026 15:15:13 RAM 4051/7620MB (lfb 1x4MB) SWAP 1/3810MB (cached 0MB) CPU [6%@1420,19%@1420,7%@1420,23%@1420,40%@1728,63%@1728] GR3D_FREQ 99% cpu@66.468C soc2@64.312C soc0@64.906C gpu@68.468C tj@68.468C soc1@64.125C VDD_IN 22120mW/22231mW VDD_CPU_GPU_CV 8720mW/8667mW VDD_SOC 7846mW/7912mW
09-02-2026 15:15:18 RAM 4377/7620MB (lfb 1x2MB) SWAP 1/3810MB (cached 0MB) CPU [7%@729,25%@1113,10%@1113,36%@1113,19%@1728,43%@1728] GR3D_FREQ 99% cpu@65.875C soc2@63.562C soc0@64.25C gpu@67.625C tj@67.625C soc1@63.625C VDD_IN 20303mW/22228mW VDD_CPU_GPU_CV 7532mW/8665mW VDD_SOC 7281mW/7911mW
09-02-2026 15:15:23 RAM 4389/7620MB (lfb 2x2MB) SWAP 1/3810MB (cached 0MB) CPU [39%@1728,7%@1728,7%@1728,29%@1728,43%@1651,54%@1651] GR3D_FREQ 99% cpu@66.156C soc2@64.187C soc0@64.531C gpu@67.875C tj@67.875C soc1@63.875C VDD_IN 22830mW/22229mW VDD_CPU_GPU_CV 8681mW/8665mW VDD_SOC 8068mW/7912mW
09-02-2026 15:15:28 RAM 4393/7620MB (lfb 1x4MB) SWAP 1/3810MB (cached 0MB) CPU [13%@1036,20%@1036,2%@1036,28%@1036,38%@1728,61%@1728] GR3D_FREQ 99% cpu@66.437C soc2@64.218C soc0@64.625C gpu@68.187C tj@68.187C soc1@63.781C VDD_IN 22277mW/22229mW VDD_CPU_GPU_CV 8602mW/8665mW VDD_SOC 7846mW/7911mW
09-02-2026 15:15:33 RAM 4403/7620MB (lfb 1x4MB) SWAP 1/3810MB (cached 0MB) CPU [18%@1728,22%@1728,4%@1728,11%@1728,54%@1728,56%@1728] GR3D_FREQ 73% cpu@66.375C soc2@64.125C soc0@64.687C gpu@68.25C tj@68.25C soc1@63.906C VDD_IN 22516mW/22229mW VDD_CPU_GPU_CV 8641mW/8665mW VDD_SOC 7964mW/7912mW
09-02-2026 15:15:38 RAM 4414/7620MB (lfb 1x4MB) SWAP 1/3810MB (cached 0MB) CPU [16%@729,15%@729,17%@729,16%@729,45%@1728,59%@1728] GR3D_FREQ 99% cpu@66.906C soc2@64.312C soc0@64.593C gpu@68C tj@68C soc1@63.812C VDD_IN 22516mW/22230mW VDD_CPU_GPU_CV 8563mW/8665mW VDD_SOC 8042mW/7912mW
09-02-2026 15:15:43 RAM 4410/7620MB (lfb 1x4MB) SWAP 1/3810MB (cached 0MB) CPU [17%@729,7%@729,11%@729,2%@729,15%@729,48%@729] GR3D_FREQ 0% cpu@64C soc2@62.468C soc0@64C gpu@65C tj@65C soc1@63.562C VDD_IN 7560mW/22209mW VDD_CPU_GPU_CV 838mW/8654mW VDD_SOC 3833mW/7906mW
09-02-2026 15:15:49 RAM 4402/7620MB (lfb 1x4MB) SWAP 1/3810MB (cached 0MB) CPU [4%@1728,1%@1728,5%@1728,2%@1728,7%@1728,18%@1728] GR3D_FREQ 94% cpu@64.312C soc2@61.75C soc0@62.687C gpu@65.5C tj@65.5C soc1@62.218C VDD_IN 19270mW/22204mW VDD_CPU_GPU_CV 7230mW/8652mW VDD_SOC 6741mW/7904mW
09-02-2026 15:15:54 RAM 4400/7620MB (lfb 4x2MB) SWAP 1/3810MB (cached 0MB) CPU [18%@1728,17%@1728,20%@1728,31%@1728,22%@1728,59%@1728] GR3D_FREQ 99% cpu@65C soc2@62.812C soc0@63.468C gpu@67C tj@67C soc1@62.687C VDD_IN 22395mW/22205mW VDD_CPU_GPU_CV 8837mW/8652mW VDD_SOC 7807mW/7904mW
09-02-2026 15:15:59 RAM 4388/7620MB (lfb 5x2MB) SWAP 1/3810MB (cached 0MB) CPU [12%@1574,19%@1574,13%@1574,16%@1574,56%@1728,41%@1728] GR3D_FREQ 99% cpu@65.281C soc2@63C soc0@63.468C gpu@67.406C tj@67.406C soc1@62.781C VDD_IN 22595mW/22205mW VDD_CPU_GPU_CV 8915mW/8652mW VDD_SOC 8003mW/7904mW
09-02-2026 15:16:04 RAM 4423/7620MB (lfb 2x2MB) SWAP 1/3810MB (cached 0MB) CPU [15%@1728,9%@1728,21%@1728,23%@1728,48%@1728,59%@1728] GR3D_FREQ 99% cpu@65.625C soc2@63.25C soc0@63.75C gpu@66.906C tj@66.906C soc1@62.906C VDD_IN 22909mW/22206mW VDD_CPU_GPU_CV 8901mW/8653mW VDD_SOC 8121mW/7905mW
09-02-2026 15:16:09 RAM 4652/7620MB (lfb 1x2MB) SWAP 1/3810MB (cached 0MB) CPU [20%@1728,39%@1728,40%@1728,28%@1728,64%@1497,51%@1497] GR3D_FREQ 99% cpu@65.843C soc2@63.375C soc0@63.75C gpu@67.531C tj@67.531C soc1@63.031C VDD_IN 23027mW/22208mW VDD_CPU_GPU_CV 9291mW/8654mW VDD_SOC 7951mW/7905mW
09-02-2026 15:16:14 RAM 4750/7620MB (lfb 1x4MB) SWAP 1/3810MB (cached 0MB) CPU [24%@1728,19%@1728,58%@1728,26%@1728,46%@1651,66%@1651] GR3D_FREQ 99% cpu@65.656C soc2@63.468C soc0@64C gpu@67.406C tj@67.406C soc1@63.093C VDD_IN 22516mW/22208mW VDD_CPU_GPU_CV 8798mW/8654mW VDD_SOC 8042mW/7905mW
09-02-2026 15:16:19 RAM 4762/7620MB (lfb 1x4MB) SWAP 1/3810MB (cached 0MB) CPU [28%@1728,16%@1728,59%@1728,3%@1728,31%@729,28%@729] GR3D_FREQ 99% cpu@65.875C soc2@63.468C soc0@64C gpu@67.843C tj@67.843C soc1@63.218C VDD_IN 22277mW/22208mW VDD_CPU_GPU_CV 8759mW/8654mW VDD_SOC 7807mW/7905mW
09-02-2026 15:16:24 RAM 4648/7620MB (lfb 1x4MB) SWAP 1/3810MB (cached 0MB) CPU [28%@1728,34%@1728,37%@1728,53%@1728,59%@1728,68%@1728] GR3D_FREQ 99% cpu@66.031C soc2@63.718C soc0@64.156C gpu@67.812C tj@67.812C soc1@63.281C VDD_IN 23106mW/22209mW VDD_CPU_GPU_CV 9291mW/8655mW VDD_SOC 8029mW/7905mW
09-02-2026 15:16:29 RAM 4743/7620MB (lfb 1x4MB) SWAP 1/3810MB (cached 0MB) CPU [22%@1728,39%@1728,24%@1728,46%@1728,76%@1728,39%@1728] GR3D_FREQ 99% cpu@66.218C soc2@63.75C soc0@64.093C gpu@67.718C tj@67.718C soc1@63.5C VDD_IN 23027mW/22210mW VDD_CPU_GPU_CV 9213mW/8656mW VDD_SOC 8029mW/7905mW
09-02-2026 15:16:34 RAM 4935/7620MB (lfb 1x4MB) SWAP 1/3810MB (cached 0MB) CPU [34%@1728,31%@1728,11%@1728,60%@1728,64%@1651,63%@1651] GR3D_FREQ 99% cpu@66.281C soc2@64C soc0@64.375C gpu@67.656C tj@67.718C soc1@63.437C VDD_IN 23106mW/22212mW VDD_CPU_GPU_CV 9174mW/8656mW VDD_SOC 8029mW/7905mW
09-02-2026 15:16:39 RAM 5084/7620MB (lfb 4x4MB) SWAP 1/3810MB (cached 0MB) CPU [20%@1728,25%@1728,25%@1728,44%@1728,35%@1036,49%@1036] GR3D_FREQ 99% cpu@66.093C soc2@63.906C soc0@64.187C gpu@67.687C tj@67.687C soc1@63.687C VDD_IN 22080mW/22212mW VDD_CPU_GPU_CV 8460mW/8656mW VDD_SOC 7937mW/7905mW
09-02-2026 15:16:44 RAM 5565/7620MB (lfb 1x4MB) SWAP 1/3810MB (cached 0MB) CPU [36%@729,39%@729,28%@729,33%@729,42%@1728,40%@1728] GR3D_FREQ 99% cpu@65.968C soc2@63.843C soc0@64.375C gpu@67.843C tj@67.843C soc1@63.843C VDD_IN 22513mW/22212mW VDD_CPU_GPU_CV 8837mW/8656mW VDD_SOC 7885mW/7905mW
09-02-2026 15:16:49 RAM 5584/7620MB (lfb 1x4MB) SWAP 1/3810MB (cached 0MB) CPU [35%@1728,44%@1728,28%@1728,27%@1728,26%@729,53%@729] GR3D_FREQ 99% cpu@66.093C soc2@63.937C soc0@64.187C gpu@68.062C tj@68.062C soc1@63.656C VDD_IN 22238mW/22212mW VDD_CPU_GPU_CV 8538mW/8656mW VDD_SOC 7885mW/7905mW
09-02-2026 15:16:54 RAM 5583/7620MB (lfb 1x4MB) SWAP 1/3810MB (cached 0MB) CPU [36%@1728,34%@1728,33%@1728,45%@1728,38%@1728,38%@1728] GR3D_FREQ 61% cpu@66.031C soc2@63.875C soc0@64.375C gpu@67.75C tj@67.75C soc1@63.812C VDD_IN 22395mW/22212mW VDD_CPU_GPU_CV 8485mW/8656mW VDD_SOC 8042mW/7905mW
09-02-2026 15:16:59 RAM 5578/7620MB (lfb 1x4MB) SWAP 1/3810MB (cached 0MB) CPU [32%@1728,34%@1728,52%@1728,37%@1728,43%@729,23%@729] GR3D_FREQ 99% cpu@66.031C soc2@63.906C soc0@64.343C gpu@67.843C tj@67.843C soc1@63.687C VDD_IN 22435mW/22213mW VDD_CPU_GPU_CV 8837mW/8656mW VDD_SOC 7846mW/7905mW
09-02-2026 15:17:04 RAM 5602/7620MB (lfb 2x4MB) SWAP 1/3810MB (cached 0MB) CPU [34%@1728,21%@1728,63%@1728,25%@1728,32%@729,44%@729] GR3D_FREQ 96% cpu@66.125C soc2@63.968C soc0@64.375C gpu@67.718C tj@67.718C soc1@63.843C VDD_IN 22041mW/22212mW VDD_CPU_GPU_CV 8538mW/8656mW VDD_SOC 7819mW/7905mW
09-02-2026 15:17:09 RAM 5592/7620MB (lfb 2x4MB) SWAP 1/3810MB (cached 0MB) CPU [26%@1728,34%@1728,54%@1728,33%@1728,17%@729,8%@729] GR3D_FREQ 99% cpu@66.343C soc2@64.218C soc0@64.562C gpu@68.062C tj@68.062C soc1@63.75C VDD_IN 22828mW/22213mW VDD_CPU_GPU_CV 8759mW/8656mW VDD_SOC 8121mW/7905mW
09-02-2026 15:17:14 RAM 5570/7620MB (lfb 2x4MB) SWAP 1/3810MB (cached 0MB) CPU [11%@1728,43%@1728,11%@1728,42%@1728,40%@1728,32%@1728] GR3D_FREQ 47% cpu@66.312C soc2@63.968C soc0@64.437C gpu@68.062C tj@67.656C soc1@63.812C VDD_IN 22474mW/22214mW VDD_CPU_GPU_CV 8563mW/8656mW VDD_SOC 8042mW/7906mW
09-02-2026 15:17:19 RAM 4802/7620MB (lfb 11x4MB) SWAP 1/3810MB (cached 0MB) CPU [27%@1190,27%@1190,38%@1190,33%@1190,51%@1728,50%@1728] GR3D_FREQ 99% cpu@66.25C soc2@64.031C soc0@64.562C gpu@68.406C tj@68.406C soc1@63.843C VDD_IN 22868mW/22215mW VDD_CPU_GPU_CV 8954mW/8657mW VDD_SOC 7964mW/7906mW
09-02-2026 15:17:24 RAM 4803/7620MB (lfb 11x4MB) SWAP 1/3810MB (cached 0MB) CPU [18%@1728,21%@1728,20%@1728,33%@1728,27%@1728,62%@1728] GR3D_FREQ 99% cpu@66.531C soc2@64.031C soc0@64.531C gpu@68.156C tj@68.156C soc1@63.906C VDD_IN 22595mW/22215mW VDD_CPU_GPU_CV 8759mW/8657mW VDD_SOC 8042mW/7906mW
09-02-2026 15:17:29 RAM 4760/7620MB (lfb 11x4MB) SWAP 1/3810MB (cached 0MB) CPU [9%@1728,32%@1728,25%@1728,22%@1728,26%@1728,53%@1728] GR3D_FREQ 83% cpu@66.468C soc2@64.187C soc0@64.687C gpu@68.125C tj@68.125C soc1@63.75C VDD_IN 22555mW/22216mW VDD_CPU_GPU_CV 8681mW/8657mW VDD_SOC 8081mW/7906mW
09-02-2026 15:17:34 RAM 4776/7620MB (lfb 11x4MB) SWAP 1/3810MB (cached 0MB) CPU [11%@1728,36%@1728,52%@1728,2%@1728,19%@729,41%@729] GR3D_FREQ 99% cpu@66.156C soc2@64.187C soc0@64.531C gpu@68.062C tj@68.062C soc1@63.781C VDD_IN 22120mW/22215mW VDD_CPU_GPU_CV 8720mW/8657mW VDD_SOC 7767mW/7906mW
09-02-2026 15:17:39 RAM 4763/7620MB (lfb 11x4MB) SWAP 1/3810MB (cached 0MB) CPU [25%@1728,16%@1728,53%@1728,29%@1728,31%@1113,26%@1113] GR3D_FREQ 99% cpu@66.156C soc2@64.062C soc0@64.687C gpu@68.343C tj@68.343C soc1@63.812C VDD_IN 21805mW/22215mW VDD_CPU_GPU_CV 8421mW/8656mW VDD_SOC 7807mW/7906mW
09-02-2026 15:17:44 RAM 4766/7620MB (lfb 11x4MB) SWAP 1/3810MB (cached 0MB) CPU [2%@1728,50%@1728,9%@1728,52%@1728,26%@883,27%@883] GR3D_FREQ 99% cpu@66.312C soc2@64.093C soc0@64.5C gpu@68.312C tj@68.312C soc1@63.812C VDD_IN 22277mW/22215mW VDD_CPU_GPU_CV 8720mW/8657mW VDD_SOC 7846mW/7906mW
09-02-2026 15:17:49 RAM 4756/7620MB (lfb 11x4MB) SWAP 1/3810MB (cached 0MB) CPU [16%@1651,28%@1651,40%@1651,21%@1728,42%@1728,28%@1728] GR3D_FREQ 87% cpu@66.312C soc2@64.125C soc0@64.656C gpu@68.312C tj@68.312C soc1@63.718C VDD_IN 22516mW/22215mW VDD_CPU_GPU_CV 8720mW/8657mW VDD_SOC 8081mW/7906mW
09-02-2026 15:17:54 RAM 5034/7620MB (lfb 5x4MB) SWAP 1/3810MB (cached 0MB) CPU [37%@1728,36%@1728,45%@1728,32%@1728,34%@1728,66%@1728] GR3D_FREQ 99% cpu@66.781C soc2@64.312C soc0@64.562C gpu@68.156C tj@68.156C soc1@63.875C VDD_IN 23145mW/22217mW VDD_CPU_GPU_CV 9213mW/8657mW VDD_SOC 8068mW/7906mW
09-02-2026 15:17:59 RAM 5126/7620MB (lfb 5x4MB) SWAP 1/3810MB (cached 0MB) CPU [14%@1728,20%@1728,37%@1728,63%@1728,59%@1728,50%@1728] GR3D_FREQ 99% cpu@66.812C soc2@64.281C soc0@64.687C gpu@68.437C tj@68.437C soc1@64C VDD_IN 23145mW/22218mW VDD_CPU_GPU_CV 9447mW/8658mW VDD_SOC 7951mW/7906mW
09-02-2026 15:18:04 RAM 5408/7620MB (lfb 9x1MB) SWAP 1/3810MB (cached 0MB) CPU [26%@1728,38%@1728,24%@1728,55%@1728,49%@729,64%@729] GR3D_FREQ 61% cpu@66.625C soc2@64.343C soc0@64.781C gpu@67.781C tj@67.781C soc1@63.906C VDD_IN 21726mW/22217mW VDD_CPU_GPU_CV 8342mW/8658mW VDD_SOC 7977mW/7906mW
09-02-2026 15:18:09 RAM 5691/7620MB (lfb 1x2MB) SWAP 1/3810MB (cached 0MB) CPU [29%@1728,26%@1728,21%@1728,47%@1728,27%@1728,82%@1728] GR3D_FREQ 99% cpu@66.406C soc2@64.312C soc0@64.75C gpu@68.593C tj@68.593C soc1@64.031C VDD_IN 21923mW/22217mW VDD_CPU_GPU_CV 9033mW/8659mW VDD_SOC 7532mW/7906mW
09-02-2026 15:18:14 RAM 5677/7620MB (lfb 1x2MB) SWAP 1/3810MB (cached 0MB) CPU [22%@1728,28%@1728,18%@1728,27%@1728,37%@729,42%@729] GR3D_FREQ 99% cpu@66.5C soc2@64.468C soc0@64.937C gpu@68.312C tj@68.312C soc1@63.906C VDD_IN 22120mW/22217mW VDD_CPU_GPU_CV 8915mW/8659mW VDD_SOC 7728mW/7906mW
09-02-2026 15:18:19 RAM 5675/7620MB (lfb 2x2MB) SWAP 1/3810MB (cached 0MB) CPU [20%@1728,26%@1728,31%@1728,32%@1728,27%@1728,39%@1728] GR3D_FREQ 99% cpu@66.5C soc2@64.312C soc0@64.75C gpu@68.281C tj@68.281C soc1@63.968C VDD_IN 22080mW/22216mW VDD_CPU_GPU_CV 9189mW/8660mW VDD_SOC 7571mW/7905mW
09-02-2026 15:18:24 RAM 5684/7620MB (lfb 1x4MB) SWAP 1/3810MB (cached 0MB) CPU [16%@1728,25%@1728,31%@1728,23%@1728,26%@729,41%@729] GR3D_FREQ 99% cpu@66.125C soc2@64.312C soc0@64.718C gpu@68.125C tj@68.375C soc1@63.812C VDD_IN 21805mW/22216mW VDD_CPU_GPU_CV 8954mW/8660mW VDD_SOC 7584mW/7905mW
09-02-2026 15:18:29 RAM 5701/7620MB (lfb 1x4MB) SWAP 1/3810MB (cached 0MB) CPU [25%@1728,22%@1728,17%@1728,26%@1728,30%@1344,54%@1344] GR3D_FREQ 99% cpu@66.468C soc2@64.25C soc0@64.781C gpu@68.312C tj@68.312C soc1@63.906C VDD_IN 22123mW/22216mW VDD_CPU_GPU_CV 9306mW/8661mW VDD_SOC 7532mW/7904mW
09-02-2026 15:18:34 RAM 5676/7620MB (lfb 1x4MB) SWAP 1/3810MB (cached 0MB) CPU [22%@1728,17%@1728,26%@1728,52%@1728,32%@883,25%@883] GR3D_FREQ 99% cpu@66.343C soc2@64.187C soc0@64.75C gpu@68.25C tj@68.25C soc1@63.812C VDD_IN 21884mW/22215mW VDD_CPU_GPU_CV 9033mW/8661mW VDD_SOC 7544mW/7904mW
09-02-2026 15:18:39 RAM 5686/7620MB (lfb 1x4MB) SWAP 1/3810MB (cached 0MB) CPU [25%@1728,29%@1728,38%@1728,31%@1728,35%@1574,28%@1574] GR3D_FREQ 99% cpu@66.437C soc2@64.312C soc0@64.687C gpu@68.625C tj@68.625C soc1@63.937C VDD_IN 22041mW/22215mW VDD_CPU_GPU_CV 9033mW/8662mW VDD_SOC 7611mW/7903mW
09-02-2026 15:18:44 RAM 5703/7620MB (lfb 1x4MB) SWAP 1/3810MB (cached 0MB) CPU [21%@1728,28%@1728,28%@1728,56%@1728,21%@729,32%@729] GR3D_FREQ 99% cpu@66.343C soc2@64.281C soc0@64.781C gpu@68.437C tj@68.437C soc1@63.875C VDD_IN 22002mW/22215mW VDD_CPU_GPU_CV 9189mW/8663mW VDD_SOC 7414mW/7903mW
09-02-2026 15:18:49 RAM 5684/7620MB (lfb 1x4MB) SWAP 1/3810MB (cached 0MB) CPU [17%@1728,28%@1728,44%@1728,32%@1728,28%@729,26%@729] GR3D_FREQ 61% cpu@66.687C soc2@64.093C soc0@64.531C gpu@68.093C tj@68.093C soc1@63.875C VDD_IN 21962mW/22214mW VDD_CPU_GPU_CV 8837mW/8663mW VDD_SOC 7650mW/7902mW
09-02-2026 15:18:54 RAM 5691/7620MB (lfb 1x4MB) SWAP 1/3810MB (cached 0MB) CPU [14%@1728,20%@1728,33%@1728,36%@1728,39%@1267,36%@1267] GR3D_FREQ 99% cpu@66.468C soc2@64.125C soc0@64.625C gpu@68.156C tj@68.156C soc1@63.75C VDD_IN 22084mW/22214mW VDD_CPU_GPU_CV 9306mW/8664mW VDD_SOC 7532mW/7902mW
09-02-2026 15:18:59 RAM 5690/7620MB (lfb 1x4MB) SWAP 1/3810MB (cached 0MB) CPU [18%@1728,35%@1728,41%@1728,26%@1728,37%@729,19%@729] GR3D_FREQ 99% cpu@66.593C soc2@64.156C soc0@64.531C gpu@68.593C tj@68.593C soc1@63.687C VDD_IN 21884mW/22214mW VDD_CPU_GPU_CV 8993mW/8664mW VDD_SOC 7544mW/7901mW
09-02-2026 15:19:04 RAM 5667/7620MB (lfb 1x4MB) SWAP 1/3810MB (cached 0MB) CPU [22%@729,32%@729,38%@729,33%@729,36%@1497,23%@1497] GR3D_FREQ 99% cpu@66.25C soc2@64.156C soc0@64.562C gpu@68.312C tj@68.312C soc1@63.812C VDD_IN 22041mW/22214mW VDD_CPU_GPU_CV 9111mW/8665mW VDD_SOC 7611mW/7901mW
09-02-2026 15:19:09 RAM 5691/7620MB (lfb 1x2MB) SWAP 1/3810MB (cached 0MB) CPU [17%@1728,22%@1728,44%@1728,30%@1728,24%@1728,41%@1728] GR3D_FREQ 99% cpu@66.406C soc2@64.093C soc0@64.531C gpu@68.25C tj@68.531C soc1@63.75C VDD_IN 22080mW/22213mW VDD_CPU_GPU_CV 9267mW/8666mW VDD_SOC 7493mW/7900mW
09-02-2026 15:19:14 RAM 5724/7620MB (lfb 1x2MB) SWAP 1/3810MB (cached 0MB) CPU [15%@1728,23%@1728,25%@1728,41%@1728,21%@729,40%@729] GR3D_FREQ 99% cpu@66.5C soc2@64C soc0@64.625C gpu@68.25C tj@68.25C soc1@63.812C VDD_IN 21687mW/22213mW VDD_CPU_GPU_CV 8876mW/8666mW VDD_SOC 7544mW/7900mW
09-02-2026 15:19:19 RAM 5689/7620MB (lfb 10x1MB) SWAP 1/3810MB (cached 0MB) CPU [24%@1344,31%@1344,25%@1344,46%@1344,27%@1728,24%@1728] GR3D_FREQ 99% cpu@66.187C soc2@64.156C soc0@64.531C gpu@68.093C tj@68.093C soc1@63.812C VDD_IN 22002mW/22212mW VDD_CPU_GPU_CV 9228mW/8667mW VDD_SOC 7454mW/7899mW
09-02-2026 15:19:24 RAM 5706/7620MB (lfb 8x1MB) SWAP 1/3810MB (cached 0MB) CPU [12%@1728,36%@1728,41%@1728,34%@1728,34%@1036,21%@1036] GR3D_FREQ 98% cpu@66.343C soc2@64.093C soc0@64.625C gpu@67.937C tj@67.937C soc1@63.781C VDD_IN 21766mW/22212mW VDD_CPU_GPU_CV 8876mW/8667mW VDD_SOC 7584mW/7899mW
09-02-2026 15:19:29 RAM 5693/7620MB (lfb 1x2MB) SWAP 1/3810MB (cached 0MB) CPU [17%@1728,19%@1728,28%@1728,39%@1728,27%@729,22%@729] GR3D_FREQ 99% cpu@65.968C soc2@63.875C soc0@64.437C gpu@68.437C tj@68.437C soc1@63.656C VDD_IN 21608mW/22211mW VDD_CPU_GPU_CV 8851mW/8667mW VDD_SOC 7426mW/7898mW
09-02-2026 15:19:34 RAM 5424/7620MB (lfb 6x4MB) SWAP 1/3810MB (cached 0MB) CPU [16%@1728,37%@1728,18%@1728,38%@1728,43%@1651,56%@1651] GR3D_FREQ 99% cpu@66.218C soc2@63.937C soc0@64.406C gpu@68.093C tj@68.093C soc1@63.625C VDD_IN 22120mW/22211mW VDD_CPU_GPU_CV 9189mW/8668mW VDD_SOC 7532mW/7898mW
09-02-2026 15:19:39 RAM 5421/7620MB (lfb 6x4MB) SWAP 1/3810MB (cached 0MB) CPU [28%@1728,18%@1728,39%@1728,28%@1728,28%@1651,35%@1651] GR3D_FREQ 99% cpu@65.812C soc2@63.968C soc0@64.593C gpu@67.968C tj@67.968C soc1@63.656C VDD_IN 21451mW/22210mW VDD_CPU_GPU_CV 8851mW/8668mW VDD_SOC 7387mW/7897mW
09-02-2026 15:19:44 RAM 5422/7620MB (lfb 6x4MB) SWAP 1/3810MB (cached 0MB) CPU [21%@1728,22%@1728,32%@1728,51%@1728,31%@729,25%@729] GR3D_FREQ 99% cpu@66.125C soc2@64.031C soc0@64.468C gpu@67.906C tj@67.906C soc1@63.75C VDD_IN 21923mW/22209mW VDD_CPU_GPU_CV 9189mW/8669mW VDD_SOC 7493mW/7896mW
09-02-2026 15:19:49 RAM 5428/7620MB (lfb 6x4MB) SWAP 1/3810MB (cached 0MB) CPU [17%@1728,44%@1728,17%@1728,39%@1728,33%@729,35%@729] GR3D_FREQ 99% cpu@65.968C soc2@64C soc0@64.593C gpu@68.062C tj@68.062C soc1@63.562C VDD_IN 22002mW/22209mW VDD_CPU_GPU_CV 9189mW/8670mW VDD_SOC 7505mW/7896mW
09-02-2026 15:19:54 RAM 5427/7620MB (lfb 6x4MB) SWAP 1/3810MB (cached 0MB) CPU [19%@1728,34%@1728,38%@1728,25%@1728,34%@1728,28%@1728] GR3D_FREQ 83% cpu@66C soc2@63.906C soc0@64.437C gpu@67.687C tj@67.687C soc1@63.625C VDD_IN 21844mW/22209mW VDD_CPU_GPU_CV 8798mW/8670mW VDD_SOC 7623mW/7896mW
09-02-2026 15:19:59 RAM 5420/7620MB (lfb 6x4MB) SWAP 1/3810MB (cached 0MB) CPU [14%@1728,31%@1728,27%@1728,39%@1728,38%@1267,37%@1267] GR3D_FREQ 99% cpu@66.281C soc2@64.031C soc0@64.531C gpu@68.125C tj@68.125C soc1@63.625C VDD_IN 22277mW/22209mW VDD_CPU_GPU_CV 9267mW/8671mW VDD_SOC 7611mW/7895mW
09-02-2026 15:20:04 RAM 5451/7620MB (lfb 6x4MB) SWAP 1/3810MB (cached 0MB) CPU [18%@1728,42%@1728,29%@1728,24%@1728,36%@883,35%@883] GR3D_FREQ 99% cpu@66.593C soc2@64.031C soc0@64.406C gpu@68.125C tj@68.125C soc1@63.656C VDD_IN 22277mW/22209mW VDD_CPU_GPU_CV 9267mW/8671mW VDD_SOC 7650mW/7895mW
09-02-2026 15:20:09 RAM 5429/7620MB (lfb 6x4MB) SWAP 1/3810MB (cached 0MB) CPU [24%@1728,28%@1728,28%@1728,44%@1728,23%@1036,23%@1036] GR3D_FREQ 99% cpu@65.843C soc2@63.875C soc0@64.531C gpu@67.906C tj@67.906C soc1@63.625C VDD_IN 21884mW/22208mW VDD_CPU_GPU_CV 8954mW/8672mW VDD_SOC 7532mW/7894mW
09-02-2026 15:20:14 RAM 5426/7620MB (lfb 6x4MB) SWAP 1/3810MB (cached 0MB) CPU [17%@1728,28%@1728,36%@1728,39%@1728,29%@1497,30%@1497] GR3D_FREQ 99% cpu@66C soc2@63.968C soc0@64.343C gpu@67.906C tj@68.093C soc1@63.718C VDD_IN 22041mW/22208mW VDD_CPU_GPU_CV 9228mW/8672mW VDD_SOC 7454mW/7894mW
09-02-2026 15:20:19 RAM 5432/7620MB (lfb 6x4MB) SWAP 1/3810MB (cached 0MB) CPU [18%@1728,17%@1728,39%@1728,41%@1728,25%@1344,36%@1344] GR3D_FREQ 99% cpu@66.187C soc2@63.843C soc0@64.343C gpu@67.906C tj@67.906C soc1@63.531C VDD_IN 21608mW/22207mW VDD_CPU_GPU_CV 8876mW/8673mW VDD_SOC 7544mW/7893mW
09-02-2026 15:20:24 RAM 5435/7620MB (lfb 6x4MB) SWAP 1/3810MB (cached 0MB) CPU [21%@1728,16%@1728,34%@1728,63%@1728,36%@1728,19%@1728] GR3D_FREQ 99% cpu@66.156C soc2@64C soc0@64.437C gpu@67.875C tj@67.875C soc1@63.593C VDD_IN 22477mW/22208mW VDD_CPU_GPU_CV 9033mW/8673mW VDD_SOC 7885mW/7893mW
09-02-2026 15:20:29 RAM 4758/7620MB (lfb 28x4MB) SWAP 1/3810MB (cached 0MB) CPU [45%@1728,25%@1728,20%@1728,56%@1728,65%@1728,53%@1728] GR3D_FREQ 99% cpu@66.093C soc2@64.062C soc0@64.406C gpu@68.281C tj@68.281C soc1@63.75C VDD_IN 23027mW/22209mW VDD_CPU_GPU_CV 9369mW/8674mW VDD_SOC 7911mW/7893mW
09-02-2026 15:20:34 RAM 4915/7620MB (lfb 28x4MB) SWAP 1/3810MB (cached 0MB) CPU [27%@1728,48%@1728,30%@1728,30%@1728,83%@1728,50%@1728] GR3D_FREQ 99% cpu@66.812C soc2@64.156C soc0@64.437C gpu@68.406C tj@68.406C soc1@63.781C VDD_IN 23066mW/22210mW VDD_CPU_GPU_CV 9369mW/8675mW VDD_SOC 7990mW/7893mW
09-02-2026 15:20:39 RAM 5189/7620MB (lfb 8x4MB) SWAP 1/3810MB (cached 0MB) CPU [29%@1728,38%@1728,26%@1728,31%@1728,58%@1728,67%@1728] GR3D_FREQ 94% cpu@66.468C soc2@64.187C soc0@64.531C gpu@67.812C tj@67.812C soc1@63.906C VDD_IN 22673mW/22211mW VDD_CPU_GPU_CV 8993mW/8676mW VDD_SOC 7964mW/7894mW
09-02-2026 15:20:44 RAM 5419/7620MB (lfb 15x4MB) SWAP 1/3810MB (cached 0MB) CPU [28%@1728,28%@1728,22%@1728,22%@1728,44%@729,36%@729] GR3D_FREQ 91% cpu@66.218C soc2@64.093C soc0@64.531C gpu@67.906C tj@67.906C soc1@63.625C VDD_IN 21766mW/22210mW VDD_CPU_GPU_CV 8954mW/8676mW VDD_SOC 7584mW/7893mW
09-02-2026 15:20:49 RAM 4550/7620MB (lfb 45x4MB) SWAP 1/3810MB (cached 0MB) CPU [30%@1728,43%@1728,20%@1728,20%@1728,41%@1728,56%@1728] GR3D_FREQ 74% cpu@66.468C soc2@64.218C soc0@64.531C gpu@68.343C tj@68.343C soc1@63.843C VDD_IN 22673mW/22211mW VDD_CPU_GPU_CV 8954mW/8676mW VDD_SOC 7964mW/7893mW
09-02-2026 15:20:54 RAM 4557/7620MB (lfb 45x4MB) SWAP 1/3810MB (cached 0MB) CPU [16%@1728,24%@1728,10%@1728,3%@1728,52%@1728,61%@1728] GR3D_FREQ 88% cpu@66.375C soc2@64.156C soc0@64.562C gpu@67.968C tj@67.968C soc1@63.75C VDD_IN 22438mW/22211mW VDD_CPU_GPU_CV 8563mW/8676mW VDD_SOC 8121mW/7894mW
09-02-2026 15:20:59 RAM 4574/7620MB (lfb 45x4MB) SWAP 1/3810MB (cached 0MB) CPU [17%@1728,17%@1728,21%@1728,7%@1728,54%@1728,59%@1728] GR3D_FREQ 99% cpu@66.218C soc2@64.125C soc0@64.593C gpu@68.187C tj@68.187C soc1@63.843C VDD_IN 22435mW/22211mW VDD_CPU_GPU_CV 8954mW/8676mW VDD_SOC 7807mW/7893mW
09-02-2026 15:21:04 RAM 4889/7620MB (lfb 45x4MB) SWAP 1/3810MB (cached 0MB) CPU [37%@1728,53%@1728,8%@1728,48%@1728,76%@1728,56%@1728] GR3D_FREQ 99% cpu@66.687C soc2@64.125C soc0@64.718C gpu@68.062C tj@68.062C soc1@63.843C VDD_IN 22870mW/22212mW VDD_CPU_GPU_CV 9096mW/8677mW VDD_SOC 8029mW/7894mW
09-02-2026 15:21:09 RAM 4985/7620MB (lfb 45x4MB) SWAP 1/3810MB (cached 0MB) CPU [25%@1728,19%@1728,68%@1728,35%@1728,81%@1728,58%@1728] GR3D_FREQ 99% cpu@66.968C soc2@64.437C soc0@64.687C gpu@68.156C tj@68.156C soc1@63.968C VDD_IN 23223mW/22213mW VDD_CPU_GPU_CV 9408mW/8678mW VDD_SOC 8068mW/7894mW
09-02-2026 15:21:14 RAM 5427/7620MB (lfb 16x4MB) SWAP 1/3810MB (cached 0MB) CPU [33%@1728,20%@1728,42%@1728,17%@1728,57%@1728,63%@1728] GR3D_FREQ 99% cpu@66.468C soc2@64.343C soc0@64.812C gpu@68.156C tj@68.156C soc1@63.906C VDD_IN 22713mW/22214mW VDD_CPU_GPU_CV 8798mW/8678mW VDD_SOC 8121mW/7894mW
09-02-2026 15:21:19 RAM 4574/7620MB (lfb 42x4MB) SWAP 1/3810MB (cached 0MB) CPU [21%@1728,20%@1728,21%@1728,20%@1728,48%@1728,55%@1728] GR3D_FREQ 99% cpu@66.343C soc2@64.281C soc0@64.687C gpu@68.75C tj@68.75C soc1@63.937C VDD_IN 22356mW/22214mW VDD_CPU_GPU_CV 8837mW/8678mW VDD_SOC 7846mW/7894mW
09-02-2026 15:21:24 RAM 4586/7620MB (lfb 42x4MB) SWAP 1/3810MB (cached 0MB) CPU [13%@1574,15%@1574,17%@1728,21%@1728,49%@1728,55%@1728] GR3D_FREQ 87% cpu@66.468C soc2@64.375C soc0@64.781C gpu@68.312C tj@68.312C soc1@63.875C VDD_IN 22277mW/22214mW VDD_CPU_GPU_CV 8681mW/8678mW VDD_SOC 7924mW/7894mW
09-02-2026 15:21:29 RAM 4577/7620MB (lfb 42x4MB) SWAP 1/3810MB (cached 0MB) CPU [18%@1728,3%@1728,17%@1728,16%@1728,53%@1728,60%@1728] GR3D_FREQ 79% cpu@66.593C soc2@64.375C soc0@64.687C gpu@67.906C tj@67.906C soc1@64.031C VDD_IN 22277mW/22214mW VDD_CPU_GPU_CV 8446mW/8678mW VDD_SOC 8042mW/7894mW
09-02-2026 15:21:34 RAM 4562/7620MB (lfb 42x4MB) SWAP 1/3810MB (cached 0MB) CPU [27%@1728,10%@1728,4%@1728,47%@1728,46%@729,30%@729] GR3D_FREQ 99% cpu@66.343C soc2@64.5C soc0@64.843C gpu@68.031C tj@68.031C soc1@64.093C VDD_IN 22395mW/22215mW VDD_CPU_GPU_CV 8720mW/8678mW VDD_SOC 7964mW/7894mW
09-02-2026 15:21:39 RAM 4583/7620MB (lfb 42x4MB) SWAP 1/3810MB (cached 0MB) CPU [26%@1267,13%@1728,4%@1728,19%@1728,55%@1728,51%@1728] GR3D_FREQ 99% cpu@66.468C soc2@64.406C soc0@64.75C gpu@68.687C tj@68.343C soc1@63.968C VDD_IN 22513mW/22215mW VDD_CPU_GPU_CV 8837mW/8678mW VDD_SOC 7924mW/7894mW
09-02-2026 15:21:44 RAM 4571/7620MB (lfb 42x4MB) SWAP 1/3810MB (cached 0MB) CPU [23%@1728,7%@1728,20%@1728,15%@1728,57%@1728,52%@1728] GR3D_FREQ 99% cpu@66.437C soc2@64.312C soc0@64.843C gpu@68.25C tj@68.25C soc1@64.125C VDD_IN 22356mW/22215mW VDD_CPU_GPU_CV 8720mW/8678mW VDD_SOC 7964mW/7895mW
09-02-2026 15:21:49 RAM 4574/7620MB (lfb 42x4MB) SWAP 1/3810MB (cached 0MB) CPU [16%@1728,13%@1728,23%@1728,13%@1728,49%@1728,54%@1728] GR3D_FREQ 59% cpu@66.531C soc2@64.437C soc0@64.718C gpu@68.656C tj@68.656C soc1@64.062C VDD_IN 22435mW/22216mW VDD_CPU_GPU_CV 8681mW/8678mW VDD_SOC 8042mW/7895mW
09-02-2026 15:21:54 RAM 4574/7620MB (lfb 42x4MB) SWAP 1/3810MB (cached 0MB) CPU [17%@1651,9%@1651,20%@1651,22%@1651,48%@1728,53%@1728] GR3D_FREQ 99% cpu@66.343C soc2@64.437C soc0@64.812C gpu@68.687C tj@68.687C soc1@64.062C VDD_IN 22555mW/22216mW VDD_CPU_GPU_CV 8954mW/8679mW VDD_SOC 7924mW/7895mW
09-02-2026 15:21:59 RAM 4576/7620MB (lfb 42x4MB) SWAP 1/3810MB (cached 0MB) CPU [19%@1728,28%@1728,15%@1728,42%@1728,40%@1497,34%@1497] GR3D_FREQ 64% cpu@66.312C soc2@64.312C soc0@64.875C gpu@68.218C tj@68.218C soc1@63.968C VDD_IN 22041mW/22216mW VDD_CPU_GPU_CV 8641mW/8679mW VDD_SOC 7846mW/7895mW
09-02-2026 15:22:04 RAM 4570/7620MB (lfb 42x4MB) SWAP 1/3810MB (cached 0MB) CPU [7%@1728,35%@1728,8%@1728,55%@1728,28%@1728,33%@1728] GR3D_FREQ 99% cpu@67.125C soc2@64.468C soc0@64.718C gpu@67.968C tj@67.968C soc1@64C VDD_IN 22791mW/22216mW VDD_CPU_GPU_CV 8705mW/8679mW VDD_SOC 8238mW/7895mW
09-02-2026 15:22:09 RAM 4596/7620MB (lfb 42x4MB) SWAP 1/3810MB (cached 0MB) CPU [20%@1267,16%@1267,12%@1267,18%@1267,35%@1728,72%@1728] GR3D_FREQ 99% cpu@66.437C soc2@64.281C soc0@64.875C gpu@68.812C tj@68.812C soc1@63.843C VDD_IN 22595mW/22217mW VDD_CPU_GPU_CV 8954mW/8679mW VDD_SOC 7924mW/7895mW
09-02-2026 15:22:14 RAM 4581/7620MB (lfb 42x4MB) SWAP 1/3810MB (cached 0MB) CPU [32%@1728,9%@1728,38%@1728,23%@1728,20%@1497,43%@1497] GR3D_FREQ 99% cpu@66.656C soc2@64.312C soc0@64.718C gpu@68.437C tj@68.437C soc1@63.937C VDD_IN 22199mW/22217mW VDD_CPU_GPU_CV 8720mW/8679mW VDD_SOC 7885mW/7895mW
09-02-2026 15:22:19 RAM 4597/7620MB (lfb 42x4MB) SWAP 1/3810MB (cached 0MB) CPU [55%@1728,1%@1728,58%@1728,3%@1728,22%@729,30%@729] GR3D_FREQ 99% cpu@66.687C soc2@64.312C soc0@64.937C gpu@68.156C tj@68.156C soc1@63.906C VDD_IN 22513mW/22217mW VDD_CPU_GPU_CV 8641mW/8679mW VDD_SOC 8081mW/7895mW
09-02-2026 15:22:24 RAM 4588/7620MB (lfb 42x4MB) SWAP 1/3810MB (cached 0MB) CPU [40%@1728,3%@1728,60%@1728,12%@1728,21%@1497,33%@1497] GR3D_FREQ 95% cpu@66.625C soc2@64.125C soc0@64.593C gpu@68.156C tj@68.375C soc1@63.875C VDD_IN 22080mW/22217mW VDD_CPU_GPU_CV 8602mW/8679mW VDD_SOC 7846mW/7895mW
09-02-2026 15:22:29 RAM 4600/7620MB (lfb 42x4MB) SWAP 1/3810MB (cached 0MB) CPU [20%@806,28%@806,61%@806,2%@806,18%@1728,41%@1728] GR3D_FREQ 99% cpu@66.687C soc2@64.281C soc0@64.75C gpu@67.968C tj@67.968C soc1@63.843C VDD_IN 22634mW/22218mW VDD_CPU_GPU_CV 8759mW/8679mW VDD_SOC 8081mW/7896mW
09-02-2026 15:22:34 RAM 4574/7620MB (lfb 42x4MB) SWAP 1/3810MB (cached 0MB) CPU [13%@729,23%@729,39%@729,9%@729,55%@1728,38%@1728] GR3D_FREQ 99% cpu@66.468C soc2@64.218C soc0@64.625C gpu@68.218C tj@68.218C soc1@63.843C VDD_IN 22516mW/22218mW VDD_CPU_GPU_CV 8915mW/8679mW VDD_SOC 7924mW/7896mW
09-02-2026 15:22:39 RAM 4585/7620MB (lfb 42x4MB) SWAP 1/3810MB (cached 0MB) CPU [13%@1113,8%@1113,22%@1113,11%@1113,62%@1728,47%@1728] GR3D_FREQ 99% cpu@66.375C soc2@64.281C soc0@64.718C gpu@68.718C tj@68.718C soc1@63.781C VDD_IN 22516mW/22218mW VDD_CPU_GPU_CV 8915mW/8680mW VDD_SOC 7924mW/7896mW
09-02-2026 15:22:44 RAM 4581/7620MB (lfb 42x4MB) SWAP 1/3810MB (cached 0MB) CPU [16%@1728,16%@1728,9%@1728,13%@1728,46%@1651,62%@1651] GR3D_FREQ 25% cpu@66.375C soc2@64.125C soc0@64.625C gpu@68C tj@68C soc1@63.843C VDD_IN 21726mW/22218mW VDD_CPU_GPU_CV 8303mW/8679mW VDD_SOC 7846mW/7896mW
09-02-2026 15:22:49 RAM 4609/7620MB (lfb 42x4MB) SWAP 1/3810MB (cached 0MB) CPU [11%@729,12%@729,10%@729,17%@729,53%@1728,63%@1728] GR3D_FREQ 99% cpu@66.281C soc2@64.187C soc0@64.718C gpu@68.312C tj@68.312C soc1@63.75C VDD_IN 22317mW/22218mW VDD_CPU_GPU_CV 8837mW/8679mW VDD_SOC 7846mW/7896mW
09-02-2026 15:22:54 RAM 4616/7620MB (lfb 42x4MB) SWAP 1/3810MB (cached 0MB) CPU [12%@1728,29%@1728,10%@1728,19%@1728,47%@1728,69%@1728] GR3D_FREQ 80% cpu@66.75C soc2@64.375C soc0@64.593C gpu@68.25C tj@68.25C soc1@63.875C VDD_IN 22909mW/22219mW VDD_CPU_GPU_CV 9174mW/8680mW VDD_SOC 7990mW/7896mW
09-02-2026 15:22:59 RAM 5023/7620MB (lfb 42x4MB) SWAP 1/3810MB (cached 0MB) CPU [30%@1728,27%@1728,26%@1728,63%@1728,45%@1728,92%@1728] GR3D_FREQ 55% cpu@66.937C soc2@64.437C soc0@64.781C gpu@68.031C tj@68.031C soc1@64.093C VDD_IN 23027mW/22220mW VDD_CPU_GPU_CV 9057mW/8681mW VDD_SOC 8107mW/7896mW
09-02-2026 15:23:04 RAM 5057/7620MB (lfb 42x4MB) SWAP 1/3810MB (cached 0MB) CPU [13%@1728,27%@1728,21%@1728,39%@1728,26%@729,67%@729] GR3D_FREQ 99% cpu@66.843C soc2@64.468C soc0@64.718C gpu@68.031C tj@68.031C soc1@63.937C VDD_IN 22595mW/22220mW VDD_CPU_GPU_CV 8681mW/8681mW VDD_SOC 8160mW/7896mW
09-02-2026 15:23:09 RAM 4850/7620MB (lfb 42x4MB) SWAP 1/3810MB (cached 0MB) CPU [24%@1728,29%@1728,28%@1728,52%@1728,46%@1728,56%@1728] GR3D_FREQ 99% cpu@66.687C soc2@64.312C soc0@64.718C gpu@68.781C tj@68.781C soc1@64C VDD_IN 23184mW/22222mW VDD_CPU_GPU_CV 9408mW/8681mW VDD_SOC 7951mW/7896mW
09-02-2026 15:23:14 RAM 5125/7620MB (lfb 42x4MB) SWAP 1/3810MB (cached 0MB) CPU [21%@1728,15%@1728,22%@1728,100%@1728,73%@1728,34%@1728] GR3D_FREQ 99% cpu@66.75C soc2@64.531C soc0@64.781C gpu@68.562C tj@68.562C soc1@64C VDD_IN 22948mW/22223mW VDD_CPU_GPU_CV 9174mW/8682mW VDD_SOC 7990mW/7896mW
09-02-2026 15:23:19 RAM 5304/7620MB (lfb 16x4MB) SWAP 1/3810MB (cached 0MB) CPU [17%@1728,16%@1728,19%@1728,98%@1728,75%@1728,48%@1728] GR3D_FREQ 99% cpu@66.968C soc2@64.656C soc0@64.875C gpu@68.25C tj@68.25C soc1@64.062C VDD_IN 23381mW/22224mW VDD_CPU_GPU_CV 9291mW/8683mW VDD_SOC 8225mW/7897mW
09-02-2026 15:23:24 RAM 5696/7620MB (lfb 1x4MB) SWAP 1/3810MB (cached 0MB) CPU [26%@1728,37%@1728,15%@1728,55%@1728,40%@729,38%@729] GR3D_FREQ 99% cpu@66.656C soc2@64.437C soc0@64.781C gpu@68.468C tj@68.468C soc1@64.125C VDD_IN 22277mW/22224mW VDD_CPU_GPU_CV 8837mW/8683mW VDD_SOC 7650mW/7897mW
09-02-2026 15:23:29 RAM 5701/7620MB (lfb 1x4MB) SWAP 1/3810MB (cached 0MB) CPU [48%@1728,20%@1728,29%@1728,45%@1728,42%@1728,44%@1728] GR3D_FREQ 99% cpu@66.718C soc2@64.5C soc0@64.875C gpu@68.281C tj@68.281C soc1@64.312C VDD_IN 22710mW/22225mW VDD_CPU_GPU_CV 8876mW/8683mW VDD_SOC 8003mW/7897mW
09-02-2026 15:23:34 RAM 5715/7620MB (lfb 1x4MB) SWAP 1/3810MB (cached 0MB) CPU [32%@1728,37%@1728,35%@1728,48%@1728,23%@1728,47%@1728] GR3D_FREQ 99% cpu@66.843C soc2@64.437C soc0@64.781C gpu@68.343C tj@68.343C soc1@64.218C VDD_IN 22592mW/22225mW VDD_CPU_GPU_CV 8759mW/8683mW VDD_SOC 8003mW/7897mW
09-02-2026 15:23:39 RAM 5701/7620MB (lfb 1x4MB) SWAP 1/3810MB (cached 0MB) CPU [27%@729,31%@729,37%@1728,26%@1728,46%@1728,54%@1728] GR3D_FREQ 99% cpu@66.781C soc2@64.375C soc0@64.875C gpu@68.5C tj@68.5C soc1@64.25C VDD_IN 22592mW/22226mW VDD_CPU_GPU_CV 8602mW/8683mW VDD_SOC 8081mW/7897mW
09-02-2026 15:23:44 RAM 5690/7620MB (lfb 1x4MB) SWAP 1/3810MB (cached 0MB) CPU [27%@1497,28%@1497,27%@1497,50%@1497,35%@1728,64%@1728] GR3D_FREQ 99% cpu@66.656C soc2@64.468C soc0@64.968C gpu@68.687C tj@68.687C soc1@64.187C VDD_IN 22830mW/22226mW VDD_CPU_GPU_CV 9033mW/8684mW VDD_SOC 7924mW/7897mW
09-02-2026 15:23:49 RAM 5722/7620MB (lfb 1x4MB) SWAP 1/3810MB (cached 0MB) CPU [23%@1728,23%@1728,34%@1728,47%@1728,23%@1574,60%@1574] GR3D_FREQ 99% cpu@66.687C soc2@64.437C soc0@64.843C gpu@68.468C tj@68.468C soc1@64.218C VDD_IN 22750mW/22227mW VDD_CPU_GPU_CV 8837mW/8684mW VDD_SOC 8003mW/7897mW
09-02-2026 15:23:54 RAM 5703/7620MB (lfb 1x4MB) SWAP 1/3810MB (cached 0MB) CPU [24%@1728,14%@1728,14%@1728,58%@1728,26%@729,34%@729] GR3D_FREQ 99% cpu@66.562C soc2@64.375C soc0@64.843C gpu@68.437C tj@68.437C soc1@64.156C VDD_IN 22277mW/22227mW VDD_CPU_GPU_CV 8720mW/8684mW VDD_SOC 7767mW/7897mW
09-02-2026 15:23:59 RAM 4808/7620MB (lfb 31x4MB) SWAP 1/3810MB (cached 0MB) CPU [9%@1728,61%@1728,13%@1728,56%@1728,51%@1728,35%@1728] GR3D_FREQ 0% cpu@66.906C soc2@64.343C soc0@64.781C gpu@67.937C tj@67.718C soc1@64.187C VDD_IN 22395mW/22227mW VDD_CPU_GPU_CV 8602mW/8684mW VDD_SOC 7924mW/7897mW
09-02-2026 15:24:04 RAM 4833/7620MB (lfb 32x4MB) SWAP 1/3810MB (cached 0MB) CPU [31%@1728,45%@1728,10%@1728,40%@1728,32%@1036,28%@1036] GR3D_FREQ 99% cpu@66.312C soc2@64.437C soc0@64.906C gpu@68.343C tj@68.343C soc1@64.281C VDD_IN 22238mW/22227mW VDD_CPU_GPU_CV 8524mW/8684mW VDD_SOC 7885mW/7897mW
09-02-2026 15:24:09 RAM 4819/7620MB (lfb 32x4MB) SWAP 1/3810MB (cached 0MB) CPU [24%@1728,17%@1728,14%@1728,49%@1728,26%@1728,53%@1728] GR3D_FREQ 99% cpu@66.656C soc2@64.375C soc0@64.687C gpu@68.468C tj@68.468C soc1@64.156C VDD_IN 22516mW/22228mW VDD_CPU_GPU_CV 8641mW/8684mW VDD_SOC 8003mW/7897mW
09-02-2026 15:24:14 RAM 4804/7620MB (lfb 33x4MB) SWAP 1/3810MB (cached 0MB) CPU [18%@1728,11%@1728,25%@1728,50%@1728,13%@1651,55%@1651] GR3D_FREQ 99% cpu@66.531C soc2@64.437C soc0@64.843C gpu@68.375C tj@68.375C soc1@64.093C VDD_IN 22477mW/22228mW VDD_CPU_GPU_CV 8720mW/8684mW VDD_SOC 8042mW/7897mW
09-02-2026 15:24:19 RAM 4806/7620MB (lfb 33x4MB) SWAP 1/3810MB (cached 0MB) CPU [8%@1651,2%@1651,21%@1651,59%@1651,12%@1728,67%@1728] GR3D_FREQ 99% cpu@66.937C soc2@64.437C soc0@64.75C gpu@68.312C tj@68.312C soc1@64C VDD_IN 22516mW/22228mW VDD_CPU_GPU_CV 8720mW/8684mW VDD_SOC 8042mW/7898mW
09-02-2026 15:24:24 RAM 4818/7620MB (lfb 33x4MB) SWAP 1/3810MB (cached 0MB) CPU [17%@1728,2%@1728,17%@1728,60%@1728,25%@1728,46%@1728] GR3D_FREQ 99% cpu@66.562C soc2@64.5C soc0@64.968C gpu@68.281C tj@68.281C soc1@64.156C VDD_IN 22516mW/22229mW VDD_CPU_GPU_CV 8720mW/8684mW VDD_SOC 8081mW/7898mW
09-02-2026 15:24:29 RAM 4801/7620MB (lfb 33x4MB) SWAP 1/3810MB (cached 0MB) CPU [15%@1728,11%@1728,14%@1728,52%@1728,15%@1728,62%@1728] GR3D_FREQ 99% cpu@66.937C soc2@64.531C soc0@64.875C gpu@68.718C tj@68.718C soc1@64.125C VDD_IN 22595mW/22229mW VDD_CPU_GPU_CV 8759mW/8684mW VDD_SOC 8068mW/7898mW
09-02-2026 15:24:34 RAM 4797/7620MB (lfb 33x4MB) SWAP 1/3810MB (cached 0MB) CPU [13%@1728,16%@1728,10%@1728,53%@1728,17%@1728,64%@1728] GR3D_FREQ 99% cpu@66.656C soc2@64.5C soc0@64.968C gpu@68.625C tj@68.625C soc1@64.187C VDD_IN 22555mW/22230mW VDD_CPU_GPU_CV 8759mW/8684mW VDD_SOC 8081mW/7898mW
09-02-2026 15:24:39 RAM 4810/7620MB (lfb 33x4MB) SWAP 1/3810MB (cached 0MB) CPU [10%@1728,15%@1728,1%@1728,61%@1728,19%@1728,62%@1728] GR3D_FREQ 84% cpu@66.812C soc2@64.562C soc0@65.031C gpu@68.468C tj@68.75C soc1@64.156C VDD_IN 22516mW/22230mW VDD_CPU_GPU_CV 8720mW/8684mW VDD_SOC 8081mW/7898mW
09-02-2026 15:24:44 RAM 4798/7620MB (lfb 33x4MB) SWAP 1/3810MB (cached 0MB) CPU [13%@1728,18%@1728,6%@1728,59%@1728,16%@1728,57%@1728] GR3D_FREQ 53% cpu@66.718C soc2@64.656C soc0@65.031C gpu@68.625C tj@68.625C soc1@64.281C VDD_IN 22516mW/22230mW VDD_CPU_GPU_CV 8681mW/8684mW VDD_SOC 8081mW/7899mW
09-02-2026 15:24:49 RAM 4800/7620MB (lfb 33x4MB) SWAP 1/3810MB (cached 0MB) CPU [14%@1728,9%@1728,10%@1728,45%@1728,21%@1728,69%@1728] GR3D_FREQ 55% cpu@66.75C soc2@64.531C soc0@65.187C gpu@68.625C tj@68.625C soc1@64.218C VDD_IN 22477mW/22231mW VDD_CPU_GPU_CV 8681mW/8684mW VDD_SOC 8081mW/7899mW
09-02-2026 15:24:54 RAM 4795/7620MB (lfb 33x4MB) SWAP 1/3810MB (cached 0MB) CPU [14%@1728,25%@1728,2%@1728,66%@1728,15%@729,50%@729] GR3D_FREQ 99% cpu@67.093C soc2@64.625C soc0@65.156C gpu@68.281C tj@68.281C soc1@64.218C VDD_IN 22438mW/22231mW VDD_CPU_GPU_CV 8641mW/8684mW VDD_SOC 8042mW/7899mW
09-02-2026 15:24:59 RAM 4800/7620MB (lfb 33x4MB) SWAP 1/3810MB (cached 0MB) CPU [9%@1728,56%@1728,12%@1728,42%@1728,38%@960,21%@960] GR3D_FREQ 99% cpu@66.625C soc2@64.531C soc0@65.093C gpu@68.937C tj@68.937C soc1@64.25C VDD_IN 22791mW/22232mW VDD_CPU_GPU_CV 8979mW/8684mW VDD_SOC 8003mW/7899mW
09-02-2026 15:25:04 RAM 4797/7620MB (lfb 33x4MB) SWAP 1/3810MB (cached 0MB) CPU [33%@1728,18%@1728,47%@1728,0%@1728,28%@729,40%@729] GR3D_FREQ 99% cpu@66.812C soc2@64.562C soc0@64.968C gpu@68.687C tj@68.687C soc1@64.25C VDD_IN 21844mW/22231mW VDD_CPU_GPU_CV 8407mW/8684mW VDD_SOC 7807mW/7899mW
09-02-2026 15:25:09 RAM 4810/7620MB (lfb 33x4MB) SWAP 1/3810MB (cached 0MB) CPU [10%@1728,43%@1728,53%@1728,2%@1728,26%@729,33%@729] GR3D_FREQ 99% cpu@66.812C soc2@64.687C soc0@65.031C gpu@68.25C tj@68.25C soc1@64C VDD_IN 22791mW/22232mW VDD_CPU_GPU_CV 8759mW/8684mW VDD_SOC 8199mW/7899mW
09-02-2026 15:25:14 RAM 4810/7620MB (lfb 33x4MB) SWAP 1/3810MB (cached 0MB) CPU [8%@1420,37%@1420,17%@1420,25%@1420,18%@1728,63%@1728] GR3D_FREQ 99% cpu@67.031C soc2@64.687C soc0@64.968C gpu@68.25C tj@68.25C soc1@64.125C VDD_IN 22791mW/22232mW VDD_CPU_GPU_CV 8837mW/8684mW VDD_SOC 8160mW/7900mW
09-02-2026 15:25:19 RAM 4802/7620MB (lfb 33x4MB) SWAP 1/3810MB (cached 0MB) CPU [10%@1728,35%@1728,31%@1728,21%@1728,32%@729,44%@729] GR3D_FREQ 99% cpu@66.875C soc2@64.656C soc0@65.031C gpu@68.218C tj@68.218C soc1@64.062C VDD_IN 22752mW/22233mW VDD_CPU_GPU_CV 8823mW/8684mW VDD_SOC 8160mW/7900mW
09-02-2026 15:25:24 RAM 4813/7620MB (lfb 33x4MB) SWAP 1/3810MB (cached 0MB) CPU [15%@1190,9%@1190,54%@1190,3%@1190,24%@1728,60%@1728] GR3D_FREQ 99% cpu@66.968C soc2@64.625C soc0@65C gpu@68.343C tj@68.343C soc1@64.187C VDD_IN 22555mW/22233mW VDD_CPU_GPU_CV 8837mW/8685mW VDD_SOC 8003mW/7900mW
09-02-2026 15:25:29 RAM 4792/7620MB (lfb 33x4MB) SWAP 1/3810MB (cached 0MB) CPU [14%@729,24%@729,23%@729,18%@729,47%@1728,46%@1728] GR3D_FREQ 99% cpu@66.718C soc2@64.531C soc0@65.062C gpu@68.968C tj@68.968C soc1@64.125C VDD_IN 22634mW/22234mW VDD_CPU_GPU_CV 8954mW/8685mW VDD_SOC 8003mW/7900mW
09-02-2026 15:25:34 RAM 4805/7620MB (lfb 33x4MB) SWAP 1/3810MB (cached 0MB) CPU [11%@1728,11%@1728,27%@1728,36%@1728,39%@1574,41%@1574] GR3D_FREQ 99% cpu@66.968C soc2@64.593C soc0@64.968C gpu@68.875C tj@68.875C soc1@64.218C VDD_IN 22634mW/22234mW VDD_CPU_GPU_CV 8915mW/8685mW VDD_SOC 7964mW/7900mW
09-02-2026 15:25:39 RAM 4785/7620MB (lfb 33x4MB) SWAP 1/3810MB (cached 0MB) CPU [16%@729,17%@729,11%@729,13%@729,59%@1728,57%@1728] GR3D_FREQ 33% cpu@66.687C soc2@64.531C soc0@65.031C gpu@68.062C tj@68.375C soc1@64.25C VDD_IN 22199mW/22234mW VDD_CPU_GPU_CV 8485mW/8685mW VDD_SOC 7964mW/7901mW
09-02-2026 15:25:44 RAM 4788/7620MB (lfb 33x4MB) SWAP 1/3810MB (cached 0MB) CPU [7%@1728,13%@1728,21%@1728,14%@1728,65%@1728,55%@1728] GR3D_FREQ 99% cpu@66.562C soc2@64.625C soc0@64.937C gpu@68.687C tj@68.718C soc1@64.125C VDD_IN 22634mW/22235mW VDD_CPU_GPU_CV 8993mW/8685mW VDD_SOC 7964mW/7901mW
09-02-2026 15:25:49 RAM 4789/7620MB (lfb 33x4MB) SWAP 1/3810MB (cached 0MB) CPU [15%@1728,17%@1728,18%@1728,10%@1728,55%@1574,56%@1574] GR3D_FREQ 70% cpu@66.5C soc2@64.531C soc0@64.937C gpu@68.437C tj@68.437C soc1@64.281C VDD_IN 22513mW/22235mW VDD_CPU_GPU_CV 8759mW/8685mW VDD_SOC 8003mW/7901mW
09-02-2026 15:25:54 RAM 4840/7620MB (lfb 33x4MB) SWAP 1/3810MB (cached 0MB) CPU [12%@1728,21%@1728,2%@1728,59%@1728,15%@1728,56%@1728] GR3D_FREQ 99% cpu@66.906C soc2@64.531C soc0@64.906C gpu@68.343C tj@68.343C soc1@64.125C VDD_IN 22438mW/22236mW VDD_CPU_GPU_CV 8798mW/8686mW VDD_SOC 8003mW/7901mW
09-02-2026 15:25:59 RAM 4796/7620MB (lfb 33x4MB) SWAP 1/3810MB (cached 0MB) CPU [6%@1728,8%@1728,30%@1728,59%@1728,22%@729,44%@729] GR3D_FREQ 29% cpu@66.812C soc2@64.531C soc0@65.031C gpu@68.687C tj@68.687C soc1@64.187C VDD_IN 21844mW/22235mW VDD_CPU_GPU_CV 8329mW/8685mW VDD_SOC 7885mW/7901mW
09-02-2026 15:26:04 RAM 4810/7620MB (lfb 33x4MB) SWAP 1/3810MB (cached 0MB) CPU [38%@1728,3%@1728,9%@1728,65%@1728,21%@1574,32%@1574] GR3D_FREQ 99% cpu@66.437C soc2@64.531C soc0@64.968C gpu@68.562C tj@68.562C soc1@64.062C VDD_IN 21844mW/22235mW VDD_CPU_GPU_CV 8485mW/8685mW VDD_SOC 7807mW/7901mW
09-02-2026 15:26:09 RAM 4806/7620MB (lfb 33x4MB) SWAP 1/3810MB (cached 0MB) CPU [54%@1728,2%@1728,1%@1728,60%@1728,21%@729,29%@729] GR3D_FREQ 99% cpu@66.375C soc2@64.468C soc0@64.843C gpu@68.375C tj@68.375C soc1@64.156C VDD_IN 22199mW/22235mW VDD_CPU_GPU_CV 8720mW/8685mW VDD_SOC 7846mW/7901mW
09-02-2026 15:26:14 RAM 4811/7620MB (lfb 33x4MB) SWAP 1/3810MB (cached 0MB) CPU [51%@1728,2%@1728,8%@1728,59%@1728,24%@729,28%@729] GR3D_FREQ 99% cpu@66.562C soc2@64.437C soc0@64.906C gpu@68.25C tj@68.25C soc1@64.031C VDD_IN 21962mW/22234mW VDD_CPU_GPU_CV 8446mW/8685mW VDD_SOC 7885mW/7901mW
09-02-2026 15:26:19 RAM 4799/7620MB (lfb 33x4MB) SWAP 1/3810MB (cached 0MB) CPU [54%@1728,1%@1728,6%@1728,56%@1728,23%@729,30%@729] GR3D_FREQ 99% cpu@66.687C soc2@64.281C soc0@64.718C gpu@68.375C tj@68.375C soc1@64.093C VDD_IN 22041mW/22234mW VDD_CPU_GPU_CV 8681mW/8685mW VDD_SOC 7767mW/7900mW
09-02-2026 15:26:24 RAM 4816/7620MB (lfb 33x4MB) SWAP 1/3810MB (cached 0MB) CPU [51%@1728,2%@1728,7%@1728,62%@1728,25%@729,28%@729] GR3D_FREQ 24% cpu@66.5C soc2@64.375C soc0@64.875C gpu@68C tj@68C soc1@63.875C VDD_IN 21962mW/22234mW VDD_CPU_GPU_CV 8368mW/8684mW VDD_SOC 7924mW/7901mW
09-02-2026 15:26:30 RAM 4814/7620MB (lfb 33x4MB) SWAP 1/3810MB (cached 0MB) CPU [11%@1113,8%@1113,15%@1113,60%@1113,15%@1728,62%@1728] GR3D_FREQ 59% cpu@66.968C soc2@64.343C soc0@64.812C gpu@68.437C tj@68.437C soc1@64.093C VDD_IN 22555mW/22234mW VDD_CPU_GPU_CV 8681mW/8684mW VDD_SOC 8121mW/7901mW
09-02-2026 15:26:35 RAM 4800/7620MB (lfb 33x4MB) SWAP 1/3810MB (cached 0MB) CPU [16%@1728,10%@1728,9%@1728,64%@1728,23%@729,47%@729] GR3D_FREQ 64% cpu@66.875C soc2@64.437C soc0@65.031C gpu@68.125C tj@68.125C soc1@64.218C VDD_IN 22595mW/22234mW VDD_CPU_GPU_CV 8602mW/8684mW VDD_SOC 8121mW/7901mW
09-02-2026 15:26:40 RAM 4802/7620MB (lfb 33x4MB) SWAP 1/3810MB (cached 0MB) CPU [35%@1728,3%@1728,11%@1728,54%@1728,26%@1190,37%@1190] GR3D_FREQ 99% cpu@66.718C soc2@64.437C soc0@64.781C gpu@68.375C tj@68.375C soc1@64.031C VDD_IN 22317mW/22235mW VDD_CPU_GPU_CV 8720mW/8684mW VDD_SOC 7807mW/7901mW
09-02-2026 15:26:45 RAM 4793/7620MB (lfb 34x4MB) SWAP 1/3810MB (cached 0MB) CPU [21%@1728,1%@1728,47%@1728,49%@1728,24%@729,30%@729] GR3D_FREQ 88% cpu@66.468C soc2@64.468C soc0@64.875C gpu@68.093C tj@68.093C soc1@64.156C VDD_IN 22041mW/22234mW VDD_CPU_GPU_CV 8368mW/8684mW VDD_SOC 7964mW/7901mW
09-02-2026 15:26:50 RAM 4813/7620MB (lfb 34x4MB) SWAP 1/3810MB (cached 0MB) CPU [14%@1728,42%@1728,2%@1728,52%@1728,20%@1267,38%@1267] GR3D_FREQ 99% cpu@66.343C soc2@64.468C soc0@64.875C gpu@68.468C tj@68.468C soc1@64.031C VDD_IN 22120mW/22234mW VDD_CPU_GPU_CV 8641mW/8684mW VDD_SOC 7846mW/7901mW
09-02-2026 15:26:55 RAM 4795/7620MB (lfb 34x4MB) SWAP 1/3810MB (cached 0MB) CPU [52%@1728,7%@1728,3%@1728,58%@1728,23%@729,31%@729] GR3D_FREQ 99% cpu@66.562C soc2@64.531C soc0@64.875C gpu@68.093C tj@68.25C soc1@64.031C VDD_IN 22398mW/22234mW VDD_CPU_GPU_CV 8524mW/8684mW VDD_SOC 8081mW/7901mW
09-02-2026 15:27:00 RAM 4802/7620MB (lfb 34x4MB) SWAP 1/3810MB (cached 0MB) CPU [35%@1728,43%@1728,2%@1728,28%@1728,25%@1728,35%@1728] GR3D_FREQ 99% cpu@66.531C soc2@64.406C soc0@64.781C gpu@68.5C tj@68.5C soc1@64C VDD_IN 22713mW/22235mW VDD_CPU_GPU_CV 8993mW/8684mW VDD_SOC 8003mW/7901mW
09-02-2026 15:27:05 RAM 4805/7620MB (lfb 34x4MB) SWAP 1/3810MB (cached 0MB) CPU [7%@1574,34%@1574,6%@1574,39%@1574,24%@1728,56%@1728] GR3D_FREQ 99% cpu@66.656C soc2@64.406C soc0@64.781C gpu@68.281C tj@68.281C soc1@64.093C VDD_IN 22673mW/22235mW VDD_CPU_GPU_CV 8954mW/8684mW VDD_SOC 8042mW/7901mW
09-02-2026 15:27:10 RAM 4801/7620MB (lfb 34x4MB) SWAP 1/3810MB (cached 0MB) CPU [42%@1728,0%@1728,4%@1728,53%@1728,37%@1728,31%@1728] GR3D_FREQ 99% cpu@66.687C soc2@64.406C soc0@64.843C gpu@68.312C tj@68.312C soc1@64C VDD_IN 22199mW/22235mW VDD_CPU_GPU_CV 8563mW/8684mW VDD_SOC 7964mW/7902mW
09-02-2026 15:27:15 RAM 4810/7620MB (lfb 34x4MB) SWAP 1/3810MB (cached 0MB) CPU [11%@1728,2%@1728,20%@1728,45%@1728,38%@1728,50%@1728] GR3D_FREQ 84% cpu@66.875C soc2@64.343C soc0@64.968C gpu@68.187C tj@68.187C soc1@64.062C VDD_IN 22280mW/22235mW VDD_CPU_GPU_CV 8602mW/8684mW VDD_SOC 8003mW/7902mW
09-02-2026 15:27:20 RAM 4805/7620MB (lfb 34x4MB) SWAP 1/3810MB (cached 0MB) CPU [22%@729,7%@729,6%@729,22%@729,50%@1728,60%@1728] GR3D_FREQ 99% cpu@66.343C soc2@64.375C soc0@64.812C gpu@68.781C tj@68.781C soc1@63.937C VDD_IN 22317mW/22236mW VDD_CPU_GPU_CV 8798mW/8684mW VDD_SOC 7807mW/7902mW
09-02-2026 15:27:25 RAM 4814/7620MB (lfb 34x4MB) SWAP 1/3810MB (cached 0MB) CPU [21%@1728,21%@1728,7%@1728,10%@1728,57%@729,57%@729] GR3D_FREQ 99% cpu@66.375C soc2@64.437C soc0@64.812C gpu@68.562C tj@68.562C soc1@64.031C VDD_IN 22435mW/22236mW VDD_CPU_GPU_CV 8720mW/8684mW VDD_SOC 7924mW/7902mW
09-02-2026 15:27:30 RAM 5030/7620MB (lfb 34x4MB) SWAP 1/3810MB (cached 0MB) CPU [48%@1728,34%@1728,31%@1728,47%@1728,58%@1728,54%@1728] GR3D_FREQ 99% cpu@66.781C soc2@64.562C soc0@64.875C gpu@68.5C tj@68.5C soc1@64.156C VDD_IN 23106mW/22237mW VDD_CPU_GPU_CV 9057mW/8685mW VDD_SOC 8186mW/7902mW
09-02-2026 15:27:35 RAM 5199/7620MB (lfb 34x4MB) SWAP 1/3810MB (cached 0MB) CPU [16%@1728,44%@1728,23%@1728,63%@1728,89%@1728,25%@1728] GR3D_FREQ 99% cpu@66.656C soc2@64.625C soc0@64.968C gpu@68.843C tj@68.843C soc1@64.25C VDD_IN 23223mW/22238mW VDD_CPU_GPU_CV 9408mW/8685mW VDD_SOC 7990mW/7902mW
09-02-2026 15:27:40 RAM 4806/7620MB (lfb 34x4MB) SWAP 1/3810MB (cached 0MB) CPU [34%@1728,41%@1728,12%@1728,37%@1728,38%@1574,66%@1574] GR3D_FREQ 99% cpu@66.75C soc2@64.656C soc0@64.875C gpu@68.625C tj@68.812C soc1@64.125C VDD_IN 22634mW/22239mW VDD_CPU_GPU_CV 8837mW/8686mW VDD_SOC 8042mW/7902mW
09-02-2026 15:27:45 RAM 4824/7620MB (lfb 34x4MB) SWAP 1/3810MB (cached 0MB) CPU [16%@1728,34%@1728,8%@1728,11%@1728,40%@729,50%@729] GR3D_FREQ 35% cpu@66.843C soc2@64.437C soc0@64.937C gpu@68.187C tj@68.187C soc1@64.218C VDD_IN 22395mW/22239mW VDD_CPU_GPU_CV 8524mW/8685mW VDD_SOC 8081mW/7902mW
09-02-2026 15:27:50 RAM 4816/7620MB (lfb 34x4MB) SWAP 1/3810MB (cached 0MB) CPU [1%@1728,60%@1728,4%@1728,55%@1728,26%@1728,30%@1728] GR3D_FREQ 99% cpu@66.375C soc2@64.531C soc0@65.031C gpu@68.312C tj@68.312C soc1@64C VDD_IN 22120mW/22239mW VDD_CPU_GPU_CV 8641mW/8685mW VDD_SOC 7846mW/7902mW
09-02-2026 15:27:55 RAM 4819/7620MB (lfb 34x4MB) SWAP 1/3810MB (cached 0MB) CPU [40%@1728,49%@1728,1%@1728,24%@1728,24%@729,29%@729] GR3D_FREQ 99% cpu@66.531C soc2@64.375C soc0@64.812C gpu@68.343C tj@68.343C soc1@64.156C VDD_IN 22317mW/22239mW VDD_CPU_GPU_CV 8798mW/8686mW VDD_SOC 7807mW/7902mW
09-02-2026 15:28:00 RAM 4833/7620MB (lfb 34x4MB) SWAP 1/3810MB (cached 0MB) CPU [52%@1728,60%@1728,2%@1728,3%@1728,23%@883,28%@883] GR3D_FREQ 99% cpu@66.281C soc2@64.343C soc0@64.937C gpu@68.656C tj@68.656C soc1@64.031C VDD_IN 22041mW/22238mW VDD_CPU_GPU_CV 8485mW/8685mW VDD_SOC 7885mW/7902mW
09-02-2026 15:28:05 RAM 4821/7620MB (lfb 34x4MB) SWAP 1/3810MB (cached 0MB) CPU [42%@1728,38%@1728,4%@1728,31%@1728,28%@729,27%@729] GR3D_FREQ 99% cpu@66.281C soc2@64.375C soc0@64.843C gpu@68.531C tj@68.531C soc1@64.062C VDD_IN 22159mW/22238mW VDD_CPU_GPU_CV 8759mW/8685mW VDD_SOC 7767mW/7902mW
09-02-2026 15:28:10 RAM 4834/7620MB (lfb 34x4MB) SWAP 1/3810MB (cached 0MB) CPU [31%@1728,46%@1728,22%@1728,3%@1728,18%@1728,53%@1728] GR3D_FREQ 99% cpu@66.625C soc2@64.437C soc0@64.875C gpu@68.406C tj@68.406C soc1@63.906C VDD_IN 22830mW/22239mW VDD_CPU_GPU_CV 9018mW/8686mW VDD_SOC 8029mW/7902mW
09-02-2026 15:28:15 RAM 4820/7620MB (lfb 34x4MB) SWAP 1/3810MB (cached 0MB) CPU [6%@1344,24%@1344,38%@1344,6%@1344,26%@1728,66%@1728] GR3D_FREQ 99% cpu@66.5C soc2@64.312C soc0@64.75C gpu@68.25C tj@68.25C soc1@64C VDD_IN 22238mW/22239mW VDD_CPU_GPU_CV 8641mW/8686mW VDD_SOC 7924mW/7902mW
09-02-2026 15:28:20 RAM 5062/7620MB (lfb 32x4MB) SWAP 1/3810MB (cached 0MB) CPU [33%@1728,11%@1728,22%@1728,15%@1728,69%@1728,62%@1728] GR3D_FREQ 99% cpu@66.906C soc2@64.562C soc0@64.937C gpu@68.468C tj@68.468C soc1@63.968C VDD_IN 23302mW/22240mW VDD_CPU_GPU_CV 9252mW/8686mW VDD_SOC 8146mW/7902mW
09-02-2026 15:28:25 RAM 5187/7620MB (lfb 30x4MB) SWAP 1/3810MB (cached 0MB) CPU [43%@1728,27%@1728,52%@1728,15%@1728,42%@1728,100%@1728] GR3D_FREQ 99% cpu@66.937C soc2@64.625C soc0@64.843C gpu@68.718C tj@68.718C soc1@64.125C VDD_IN 23223mW/22241mW VDD_CPU_GPU_CV 9408mW/8687mW VDD_SOC 7990mW/7903mW
09-02-2026 15:28:30 RAM 5194/7620MB (lfb 30x4MB) SWAP 1/3810MB (cached 0MB) CPU [33%@1728,50%@1728,27%@1728,2%@1728,30%@1113,26%@1113] GR3D_FREQ 99% cpu@66.375C soc2@64.5C soc0@65C gpu@68.375C tj@68.375C soc1@64.156C VDD_IN 21844mW/22241mW VDD_CPU_GPU_CV 8421mW/8687mW VDD_SOC 7846mW/7903mW
09-02-2026 15:28:35 RAM 5032/7620MB (lfb 31x4MB) SWAP 1/3810MB (cached 0MB) CPU [45%@1728,36%@1728,50%@1728,25%@1728,46%@729,62%@729] GR3D_FREQ 99% cpu@66.937C soc2@64.75C soc0@64.906C gpu@68.75C tj@68.75C soc1@64.218C VDD_IN 23341mW/22242mW VDD_CPU_GPU_CV 9564mW/8688mW VDD_SOC 7990mW/7903mW
09-02-2026 15:28:40 RAM 5199/7620MB (lfb 30x4MB) SWAP 1/3810MB (cached 0MB) CPU [52%@1728,27%@1728,53%@1728,20%@1728,99%@1728,10%@1728] GR3D_FREQ 99% cpu@66.781C soc2@64.656C soc0@65.031C gpu@68.625C tj@68.625C soc1@64.343C VDD_IN 23145mW/22243mW VDD_CPU_GPU_CV 9213mW/8689mW VDD_SOC 8029mW/7903mW
09-02-2026 15:28:45 RAM 5472/7620MB (lfb 1x4MB) SWAP 1/3810MB (cached 0MB) CPU [27%@1113,43%@1113,34%@1113,35%@1113,87%@1728,44%@1728] GR3D_FREQ 99% cpu@66.968C soc2@64.625C soc0@65.031C gpu@68.343C tj@68.343C soc1@64.218C VDD_IN 22241mW/22243mW VDD_CPU_GPU_CV 8915mW/8689mW VDD_SOC 7807mW/7903mW
09-02-2026 15:28:50 RAM 5707/7620MB (lfb 2x4MB) SWAP 1/3810MB (cached 0MB) CPU [27%@1190,22%@1190,21%@1728,20%@1728,52%@1728,51%@1728] GR3D_FREQ 99% cpu@66.781C soc2@64.593C soc0@65C gpu@68.875C tj@68.875C soc1@64.406C VDD_IN 22513mW/22244mW VDD_CPU_GPU_CV 8837mW/8689mW VDD_SOC 7885mW/7903mW
09-02-2026 15:28:55 RAM 5709/7620MB (lfb 2x4MB) SWAP 1/3810MB (cached 0MB) CPU [31%@1728,38%@1728,48%@1728,25%@1728,33%@806,55%@806] GR3D_FREQ 99% cpu@67C soc2@64.531C soc0@64.968C gpu@68.718C tj@68.718C soc1@64.343C VDD_IN 22592mW/22244mW VDD_CPU_GPU_CV 8759mW/8689mW VDD_SOC 8003mW/7903mW
09-02-2026 15:29:00 RAM 5685/7620MB (lfb 3x4MB) SWAP 1/3810MB (cached 0MB) CPU [21%@1728,26%@1728,46%@1728,39%@1728,29%@1728,59%@1728] GR3D_FREQ 85% cpu@66.562C soc2@64.531C soc0@65.156C gpu@68.25C tj@68.25C soc1@64.281C VDD_IN 21923mW/22244mW VDD_CPU_GPU_CV 8342mW/8689mW VDD_SOC 7859mW/7903mW
09-02-2026 15:29:05 RAM 5709/7620MB (lfb 3x4MB) SWAP 1/3810MB (cached 0MB) CPU [29%@1728,33%@1728,27%@1728,40%@1728,33%@729,56%@729] GR3D_FREQ 99% cpu@67.093C soc2@64.687C soc0@65.093C gpu@68.218C tj@68.218C soc1@64.281C VDD_IN 22671mW/22244mW VDD_CPU_GPU_CV 8641mW/8689mW VDD_SOC 8160mW/7903mW
09-02-2026 15:29:10 RAM 5710/7620MB (lfb 3x4MB) SWAP 1/3810MB (cached 0MB) CPU [31%@729,22%@729,36%@729,48%@729,28%@1728,55%@1728] GR3D_FREQ 99% cpu@66.875C soc2@64.531C soc0@65.031C gpu@68.875C tj@68.875C soc1@64.218C VDD_IN 22671mW/22245mW VDD_CPU_GPU_CV 8915mW/8689mW VDD_SOC 7964mW/7903mW
09-02-2026 15:29:15 RAM 5697/7620MB (lfb 3x4MB) SWAP 1/3810MB (cached 0MB) CPU [18%@1651,23%@1651,51%@1651,34%@1651,40%@1728,40%@1728] GR3D_FREQ 99% cpu@66.843C soc2@64.531C soc0@64.906C gpu@68.781C tj@68.781C soc1@64.312C VDD_IN 22948mW/22245mW VDD_CPU_GPU_CV 9072mW/8689mW VDD_SOC 8003mW/7903mW
09-02-2026 15:29:20 RAM 5690/7620MB (lfb 2x4MB) SWAP 1/3810MB (cached 0MB) CPU [8%@1728,27%@1728,10%@1728,58%@1728,22%@729,47%@729] GR3D_FREQ 29% cpu@66.718C soc2@64.562C soc0@65.031C gpu@68.093C tj@68.093C soc1@64.281C VDD_IN 22120mW/22245mW VDD_CPU_GPU_CV 8342mW/8689mW VDD_SOC 7924mW/7903mW
09-02-2026 15:29:25 RAM 4861/7620MB (lfb 27x4MB) SWAP 1/3810MB (cached 0MB) CPU [24%@1728,17%@1728,43%@1728,64%@1728,56%@1574,35%@1574] GR3D_FREQ 97% cpu@66.781C soc2@64.562C soc0@64.937C gpu@68.343C tj@68.343C soc1@64.406C VDD_IN 22002mW/22245mW VDD_CPU_GPU_CV 8524mW/8689mW VDD_SOC 7780mW/7903mW
09-02-2026 15:29:30 RAM 4862/7620MB (lfb 27x4MB) SWAP 1/3810MB (cached 0MB) CPU [15%@1728,10%@1728,40%@1728,56%@1728,32%@1728,32%@1728] GR3D_FREQ 99% cpu@66.687C soc2@64.531C soc0@65C gpu@68.656C tj@68.656C soc1@64.25C VDD_IN 22828mW/22246mW VDD_CPU_GPU_CV 8915mW/8689mW VDD_SOC 7964mW/7903mW
09-02-2026 15:29:35 RAM 4820/7620MB (lfb 28x4MB) SWAP 1/3810MB (cached 0MB) CPU [16%@1728,13%@1728,34%@1728,24%@1728,50%@1728,50%@1728] GR3D_FREQ 35% cpu@66.875C soc2@64.562C soc0@65.031C gpu@68.406C tj@68.406C soc1@64.375C VDD_IN 22199mW/22246mW VDD_CPU_GPU_CV 8446mW/8689mW VDD_SOC 7924mW/7903mW
09-02-2026 15:29:40 RAM 4821/7620MB (lfb 28x4MB) SWAP 1/3810MB (cached 0MB) CPU [13%@1036,16%@1036,20%@1036,5%@1036,58%@1728,53%@1728] GR3D_FREQ 99% cpu@66.468C soc2@64.531C soc0@64.875C gpu@68.625C tj@68.625C soc1@64.125C VDD_IN 22317mW/22246mW VDD_CPU_GPU_CV 8759mW/8689mW VDD_SOC 7885mW/7903mW
09-02-2026 15:29:45 RAM 4841/7620MB (lfb 28x4MB) SWAP 1/3810MB (cached 0MB) CPU [8%@1728,20%@1728,32%@1728,5%@1728,45%@1651,61%@1651] GR3D_FREQ 99% cpu@66.812C soc2@64.562C soc0@64.968C gpu@68.625C tj@68.625C soc1@64.25C VDD_IN 22595mW/22246mW VDD_CPU_GPU_CV 8823mW/8689mW VDD_SOC 8081mW/7903mW
09-02-2026 15:29:50 RAM 4827/7620MB (lfb 28x4MB) SWAP 1/3810MB (cached 0MB) CPU [10%@1728,10%@1728,60%@1728,19%@1728,26%@1728,50%@1728] GR3D_FREQ 99% cpu@66.968C soc2@64.656C soc0@64.906C gpu@68.937C tj@68.937C soc1@64.125C VDD_IN 22673mW/22247mW VDD_CPU_GPU_CV 8837mW/8689mW VDD_SOC 8081mW/7904mW
09-02-2026 15:29:55 RAM 4825/7620MB (lfb 28x4MB) SWAP 1/3810MB (cached 0MB) CPU [9%@1113,6%@1113,58%@1113,19%@1113,28%@1651,52%@1651] GR3D_FREQ 99% cpu@66.718C soc2@64.718C soc0@65.093C gpu@68.812C tj@68.593C soc1@64.312C VDD_IN 22634mW/22247mW VDD_CPU_GPU_CV 8798mW/8689mW VDD_SOC 8042mW/7904mW
09-02-2026 15:30:00 RAM 4828/7620MB (lfb 28x4MB) SWAP 1/3810MB (cached 0MB) CPU [7%@1728,9%@1728,61%@1728,13%@1728,17%@1728,61%@1728] GR3D_FREQ 99% cpu@66.843C soc2@64.718C soc0@65.281C gpu@68.937C tj@68.937C soc1@64.187C VDD_IN 22595mW/22248mW VDD_CPU_GPU_CV 8837mW/8689mW VDD_SOC 8081mW/7904mW
09-02-2026 15:30:05 RAM 4825/7620MB (lfb 28x4MB) SWAP 1/3810MB (cached 0MB) CPU [23%@1651,19%@1651,1%@1651,52%@1651,14%@1651,63%@1651] GR3D_FREQ 99% cpu@67.125C soc2@64.625C soc0@65.031C gpu@68.687C tj@68.687C soc1@64.25C VDD_IN 22595mW/22248mW VDD_CPU_GPU_CV 8798mW/8690mW VDD_SOC 8081mW/7904mW
09-02-2026 15:30:10 RAM 4809/7620MB (lfb 28x4MB) SWAP 1/3810MB (cached 0MB) CPU [20%@1728,19%@1728,12%@1728,14%@1728,44%@1728,59%@1728] GR3D_FREQ 99% cpu@67.031C soc2@64.718C soc0@65.093C gpu@68.375C tj@68.375C soc1@64.125C VDD_IN 22713mW/22248mW VDD_CPU_GPU_CV 8705mW/8690mW VDD_SOC 8199mW/7904mW
09-02-2026 15:30:15 RAM 4816/7620MB (lfb 28x4MB) SWAP 1/3810MB (cached 0MB) CPU [15%@1497,24%@1497,9%@1497,9%@1497,45%@1728,62%@1728] GR3D_FREQ 99% cpu@66.937C soc2@64.406C soc0@64.906C gpu@68.406C tj@68.406C soc1@64.156C VDD_IN 21962mW/22248mW VDD_CPU_GPU_CV 8563mW/8689mW VDD_SOC 7846mW/7904mW
09-02-2026 15:30:20 RAM 4825/7620MB (lfb 28x4MB) SWAP 1/3810MB (cached 0MB) CPU [20%@1728,21%@1728,5%@1728,21%@1728,40%@1728,62%@1728] GR3D_FREQ 78% cpu@66.687C soc2@64.562C soc0@65.031C gpu@68.406C tj@68.406C soc1@64.062C VDD_IN 22595mW/22249mW VDD_CPU_GPU_CV 8681mW/8689mW VDD_SOC 8121mW/7905mW
09-02-2026 15:30:25 RAM 4815/7620MB (lfb 28x4MB) SWAP 1/3810MB (cached 0MB) CPU [17%@1728,20%@1728,26%@1728,27%@1728,18%@729,63%@729] GR3D_FREQ 99% cpu@66.718C soc2@64.5C soc0@64.906C gpu@68.187C tj@68.187C soc1@64.156C VDD_IN 22752mW/22249mW VDD_CPU_GPU_CV 8705mW/8689mW VDD_SOC 8238mW/7905mW
09-02-2026 15:30:30 RAM 4821/7620MB (lfb 28x4MB) SWAP 1/3810MB (cached 0MB) CPU [6%@1728,35%@1728,19%@1728,56%@1728,28%@1497,32%@1497] GR3D_FREQ 70% cpu@66.468C soc2@64.375C soc0@64.937C gpu@68.625C tj@68.625C soc1@64C VDD_IN 21648mW/22248mW VDD_CPU_GPU_CV 8460mW/8689mW VDD_SOC 7780mW/7905mW
09-02-2026 15:30:35 RAM 4827/7620MB (lfb 28x4MB) SWAP 1/3810MB (cached 0MB) CPU [9%@1728,8%@1728,22%@1728,54%@1728,27%@1728,51%@1728] GR3D_FREQ 99% cpu@66.843C soc2@64.406C soc0@64.75C gpu@68.468C tj@68.468C soc1@63.968C VDD_IN 22595mW/22249mW VDD_CPU_GPU_CV 8798mW/8689mW VDD_SOC 8042mW/7905mW
09-02-2026 15:30:40 RAM 4819/7620MB (lfb 28x4MB) SWAP 1/3810MB (cached 0MB) CPU [7%@1728,29%@1728,57%@1728,2%@1728,15%@1651,63%@1651] GR3D_FREQ 99% cpu@66.468C soc2@64.5C soc0@64.937C gpu@68.343C tj@68.343C soc1@64.031C VDD_IN 22595mW/22249mW VDD_CPU_GPU_CV 8837mW/8690mW VDD_SOC 8081mW/7905mW
09-02-2026 15:30:45 RAM 4812/7620MB (lfb 28x4MB) SWAP 1/3810MB (cached 0MB) CPU [8%@1651,8%@1651,25%@1651,42%@1651,21%@1728,65%@1728] GR3D_FREQ 99% cpu@66.875C soc2@64.437C soc0@64.781C gpu@68.25C tj@68.25C soc1@64.031C VDD_IN 22477mW/22249mW VDD_CPU_GPU_CV 8720mW/8690mW VDD_SOC 8081mW/7905mW
09-02-2026 15:30:50 RAM 4832/7620MB (lfb 28x4MB) SWAP 1/3810MB (cached 0MB) CPU [4%@1728,3%@1728,23%@1728,66%@1728,45%@1728,29%@1728] GR3D_FREQ 90% cpu@66.968C soc2@64.406C soc0@64.875C gpu@68.312C tj@68.312C soc1@63.906C VDD_IN 22634mW/22250mW VDD_CPU_GPU_CV 8798mW/8690mW VDD_SOC 8068mW/7906mW
09-02-2026 15:30:55 RAM 4819/7620MB (lfb 28x4MB) SWAP 1/3810MB (cached 0MB) CPU [29%@1651,3%@1728,13%@1728,39%@1728,19%@960,62%@960] GR3D_FREQ 99% cpu@66.593C soc2@64.531C soc0@64.875C gpu@68.343C tj@68.343C soc1@64.062C VDD_IN 22555mW/22250mW VDD_CPU_GPU_CV 8759mW/8690mW VDD_SOC 8081mW/7906mW
09-02-2026 15:31:00 RAM 4817/7620MB (lfb 28x4MB) SWAP 1/3810MB (cached 0MB) CPU [17%@1190,9%@1190,34%@1190,15%@1190,34%@1728,59%@1728] GR3D_FREQ 63% cpu@66.468C soc2@64.437C soc0@64.906C gpu@68.187C tj@68.187C soc1@63.968C VDD_IN 22199mW/22250mW VDD_CPU_GPU_CV 8485mW/8690mW VDD_SOC 8003mW/7906mW
09-02-2026 15:31:05 RAM 4820/7620MB (lfb 28x4MB) SWAP 1/3810MB (cached 0MB) CPU [15%@1113,20%@1113,6%@1113,16%@1113,60%@1728,48%@1728] GR3D_FREQ 99% cpu@66.5C soc2@64.468C soc0@64.875C gpu@68.656C tj@68.656C soc1@64.125C VDD_IN 22752mW/22251mW VDD_CPU_GPU_CV 9057mW/8690mW VDD_SOC 8003mW/7906mW
09-02-2026 15:31:10 RAM 4814/7620MB (lfb 28x4MB) SWAP 1/3810MB (cached 0MB) CPU [4%@1420,7%@1728,18%@1728,44%@1728,42%@1728,57%@1728] GR3D_FREQ 99% cpu@66.531C soc2@64.468C soc0@64.906C gpu@68.875C tj@68.875C soc1@64.062C VDD_IN 22673mW/22251mW VDD_CPU_GPU_CV 9033mW/8690mW VDD_SOC 7964mW/7906mW
09-02-2026 15:31:15 RAM 4808/7620MB (lfb 28x4MB) SWAP 1/3810MB (cached 0MB) CPU [15%@1728,6%@1728,13%@1728,63%@1728,15%@729,59%@729] GR3D_FREQ 99% cpu@66.468C soc2@64.468C soc0@64.968C gpu@68.75C tj@68.75C soc1@64.125C VDD_IN 22673mW/22252mW VDD_CPU_GPU_CV 9033mW/8691mW VDD_SOC 7964mW/7906mW
09-02-2026 15:31:20 RAM 4814/7620MB (lfb 28x4MB) SWAP 1/3810MB (cached 0MB) CPU [39%@1728,6%@1728,4%@1728,59%@1728,34%@1728,37%@1728] GR3D_FREQ 99% cpu@66.781C soc2@64.5C soc0@64.875C gpu@68.593C tj@68.593C soc1@64.031C VDD_IN 22673mW/22252mW VDD_CPU_GPU_CV 8940mW/8691mW VDD_SOC 8042mW/7906mW
09-02-2026 15:31:25 RAM 4816/7620MB (lfb 28x4MB) SWAP 1/3810MB (cached 0MB) CPU [25%@1728,11%@1728,13%@1728,58%@1728,35%@729,36%@729] GR3D_FREQ 77% cpu@66.625C soc2@64.531C soc0@64.906C gpu@68.218C tj@68.218C soc1@64.125C VDD_IN 21962mW/22252mW VDD_CPU_GPU_CV 8446mW/8691mW VDD_SOC 7924mW/7906mW
09-02-2026 15:31:30 RAM 4810/7620MB (lfb 28x4MB) SWAP 1/3810MB (cached 0MB) CPU [15%@1728,26%@1728,19%@1728,52%@1728,20%@1267,32%@1267] GR3D_FREQ 99% cpu@66.343C soc2@64.468C soc0@64.968C gpu@68.437C tj@68.437C soc1@63.968C VDD_IN 22159mW/22252mW VDD_CPU_GPU_CV 8681mW/8691mW VDD_SOC 7846mW/7906mW
09-02-2026 15:31:35 RAM 4829/7620MB (lfb 28x4MB) SWAP 1/3810MB (cached 0MB) CPU [2%@1728,32%@1728,24%@1728,57%@1728,21%@729,29%@729] GR3D_FREQ 90% cpu@66.593C soc2@64.375C soc0@64.718C gpu@68.187C tj@68.187C soc1@64.031C VDD_IN 22120mW/22252mW VDD_CPU_GPU_CV 8407mW/8690mW VDD_SOC 8003mW/7906mW
09-02-2026 15:31:40 RAM 4825/7620MB (lfb 28x4MB) SWAP 1/3810MB (cached 0MB) CPU [25%@729,8%@729,12%@729,55%@729,26%@1728,40%@1728] GR3D_FREQ 99% cpu@66.625C soc2@64.437C soc0@64.843C gpu@68.593C tj@68.593C soc1@63.968C VDD_IN 22713mW/22252mW VDD_CPU_GPU_CV 8993mW/8691mW VDD_SOC 7924mW/7906mW
09-02-2026 15:31:45 RAM 4819/7620MB (lfb 28x4MB) SWAP 1/3810MB (cached 0MB) CPU [38%@1728,5%@1728,14%@1728,45%@1728,27%@1574,36%@1574] GR3D_FREQ 96% cpu@66.75C soc2@64.406C soc0@64.75C gpu@68.281C tj@68.281C soc1@63.968C VDD_IN 22199mW/22252mW VDD_CPU_GPU_CV 8681mW/8691mW VDD_SOC 7885mW/7906mW
09-02-2026 15:31:50 RAM 4805/7620MB (lfb 28x4MB) SWAP 1/3810MB (cached 0MB) CPU [32%@1728,26%@1728,20%@1728,19%@1728,26%@1728,46%@1728] GR3D_FREQ 30% cpu@66.5C soc2@64.281C soc0@64.875C gpu@67.937C tj@67.937C soc1@63.968C VDD_IN 21844mW/22252mW VDD_CPU_GPU_CV 8381mW/8690mW VDD_SOC 7846mW/7906mW
09-02-2026 15:31:55 RAM 4816/7620MB (lfb 28x4MB) SWAP 1/3810MB (cached 0MB) CPU [15%@729,14%@729,12%@729,18%@729,46%@1728,63%@1728] GR3D_FREQ 99% cpu@66.5C soc2@64.25C soc0@64.75C gpu@68.437C tj@68.437C soc1@63.968C VDD_IN 22438mW/22252mW VDD_CPU_GPU_CV 8954mW/8691mW VDD_SOC 7885mW/7906mW
09-02-2026 15:32:00 RAM 4822/7620MB (lfb 28x4MB) SWAP 1/3810MB (cached 0MB) CPU [10%@729,41%@729,7%@729,33%@729,29%@1728,50%@1728] GR3D_FREQ 99% cpu@66.531C soc2@64.312C soc0@64.937C gpu@68.375C tj@68.375C soc1@63.968C VDD_IN 22752mW/22252mW VDD_CPU_GPU_CV 9057mW/8691mW VDD_SOC 8003mW/7906mW
09-02-2026 15:32:05 RAM 4832/7620MB (lfb 28x4MB) SWAP 1/3810MB (cached 0MB) CPU [8%@1728,63%@1728,3%@1728,18%@1728,20%@729,62%@729] GR3D_FREQ 99% cpu@66.593C soc2@64.531C soc0@64.781C gpu@68.687C tj@68.687C soc1@63.968C VDD_IN 22870mW/22253mW VDD_CPU_GPU_CV 9096mW/8692mW VDD_SOC 7990mW/7907mW
09-02-2026 15:32:10 RAM 4815/7620MB (lfb 28x4MB) SWAP 1/3810MB (cached 0MB) CPU [13%@1574,27%@1574,2%@1574,21%@1574,51%@1728,56%@1728] GR3D_FREQ 73% cpu@66.375C soc2@64.406C soc0@64.812C gpu@68.437C tj@68.437C soc1@64.031C VDD_IN 22317mW/22253mW VDD_CPU_GPU_CV 8681mW/8692mW VDD_SOC 7964mW/7907mW
09-02-2026 15:32:15 RAM 4808/7620MB (lfb 28x4MB) SWAP 1/3810MB (cached 0MB) CPU [6%@1728,38%@1728,34%@1728,23%@1728,34%@729,27%@729] GR3D_FREQ 99% cpu@66.875C soc2@64.5C soc0@64.812C gpu@68.125C tj@68.125C soc1@63.906C VDD_IN 22555mW/22253mW VDD_CPU_GPU_CV 8602mW/8691mW VDD_SOC 8160mW/7907mW
09-02-2026 15:32:20 RAM 4815/7620MB (lfb 28x4MB) SWAP 1/3810MB (cached 0MB) CPU [8%@1728,29%@1728,58%@1728,24%@1728,21%@1497,33%@1497] GR3D_FREQ 84% cpu@66.218C soc2@64.25C soc0@64.843C gpu@68.187C tj@68.187C soc1@64.093C VDD_IN 22080mW/22253mW VDD_CPU_GPU_CV 8641mW/8691mW VDD_SOC 7846mW/7907mW
09-02-2026 15:32:25 RAM 4817/7620MB (lfb 28x4MB) SWAP 1/3810MB (cached 0MB) CPU [6%@1728,4%@1728,57%@1728,24%@1728,37%@1113,36%@1113] GR3D_FREQ 99% cpu@66.437C soc2@64.218C soc0@64.656C gpu@68.656C tj@68.656C soc1@63.843C VDD_IN 22277mW/22253mW VDD_CPU_GPU_CV 8759mW/8691mW VDD_SOC 7846mW/7907mW
09-02-2026 15:32:30 RAM 4815/7620MB (lfb 28x4MB) SWAP 1/3810MB (cached 0MB) CPU [5%@1728,18%@1728,53%@1728,36%@1728,22%@729,28%@729] GR3D_FREQ 10% cpu@66.656C soc2@64.187C soc0@64.656C gpu@67.812C tj@67.812C soc1@63.968C VDD_IN 21884mW/22253mW VDD_CPU_GPU_CV 8303mW/8691mW VDD_SOC 7924mW/7907mW
09-02-2026 15:32:35 RAM 4809/7620MB (lfb 28x4MB) SWAP 1/3810MB (cached 0MB) CPU [6%@1728,36%@1728,56%@1728,13%@1728,35%@729,30%@729] GR3D_FREQ 99% cpu@66.187C soc2@64.312C soc0@64.718C gpu@68.343C tj@68.343C soc1@63.875C VDD_IN 22435mW/22253mW VDD_CPU_GPU_CV 8837mW/8691mW VDD_SOC 7846mW/7907mW
09-02-2026 15:32:40 RAM 4808/7620MB (lfb 28x4MB) SWAP 1/3810MB (cached 0MB) CPU [3%@1728,4%@1728,56%@1728,54%@1728,26%@729,26%@729] GR3D_FREQ 99% cpu@66.468C soc2@64.218C soc0@64.531C gpu@67.781C tj@67.781C soc1@63.875C VDD_IN 21962mW/22253mW VDD_CPU_GPU_CV 8290mW/8691mW VDD_SOC 7964mW/7907mW
09-02-2026 15:32:45 RAM 4812/7620MB (lfb 28x4MB) SWAP 1/3810MB (cached 0MB) CPU [21%@1728,1%@1728,58%@1728,35%@1728,22%@1497,34%@1497] GR3D_FREQ 82% cpu@66.312C soc2@64.125C soc0@64.687C gpu@68.406C tj@68.406C soc1@63.781C VDD_IN 22041mW/22253mW VDD_CPU_GPU_CV 8602mW/8691mW VDD_SOC 7846mW/7907mW
09-02-2026 15:32:50 RAM 4821/7620MB (lfb 28x4MB) SWAP 1/3810MB (cached 0MB) CPU [13%@1728,15%@1728,14%@1728,49%@1728,32%@883,45%@883] GR3D_FREQ 99% cpu@66.343C soc2@64.218C soc0@64.531C gpu@68.343C tj@68.343C soc1@63.781C VDD_IN 22435mW/22253mW VDD_CPU_GPU_CV 8681mW/8691mW VDD_SOC 8003mW/7907mW
09-02-2026 15:32:55 RAM 4839/7620MB (lfb 28x4MB) SWAP 1/3810MB (cached 0MB) CPU [2%@1728,30%@1728,20%@1728,38%@1728,22%@1651,63%@1651] GR3D_FREQ 99% cpu@66.343C soc2@64.312C soc0@64.75C gpu@68.187C tj@68.187C soc1@63.781C VDD_IN 22595mW/22253mW VDD_CPU_GPU_CV 8837mW/8691mW VDD_SOC 8042mW/7907mW
09-02-2026 15:33:00 RAM 4817/7620MB (lfb 28x4MB) SWAP 1/3810MB (cached 0MB) CPU [24%@1651,7%@1728,4%@1728,43%@1728,23%@1574,66%@1574] GR3D_FREQ 99% cpu@66.593C soc2@64.312C soc0@64.593C gpu@68.281C tj@68.281C soc1@63.843C VDD_IN 22555mW/22253mW VDD_CPU_GPU_CV 8759mW/8691mW VDD_SOC 8042mW/7907mW
09-02-2026 15:33:05 RAM 4809/7620MB (lfb 28x4MB) SWAP 1/3810MB (cached 0MB) CPU [31%@1728,10%@1728,1%@1728,58%@1728,32%@729,39%@729] GR3D_FREQ 99% cpu@66.468C soc2@64.281C soc0@64.625C gpu@68.093C tj@68.093C soc1@63.781C VDD_IN 22595mW/22254mW VDD_CPU_GPU_CV 8798mW/8691mW VDD_SOC 8042mW/7907mW
09-02-2026 15:33:10 RAM 4813/7620MB (lfb 28x4MB) SWAP 1/3810MB (cached 0MB) CPU [2%@1728,50%@1728,7%@1728,54%@1728,26%@1497,30%@1497] GR3D_FREQ 99% cpu@66.687C soc2@64.25C soc0@64.593C gpu@68.218C tj@68.218C soc1@63.812C VDD_IN 22080mW/22254mW VDD_CPU_GPU_CV 8563mW/8691mW VDD_SOC 7885mW/7907mW
09-02-2026 15:33:15 RAM 4806/7620MB (lfb 28x4MB) SWAP 1/3810MB (cached 0MB) CPU [34%@1728,20%@1728,1%@1728,57%@1728,24%@729,31%@729] GR3D_FREQ 99% cpu@65.968C soc2@64.156C soc0@64.656C gpu@68.687C tj@68.687C soc1@64C VDD_IN 22199mW/22254mW VDD_CPU_GPU_CV 8798mW/8691mW VDD_SOC 7807mW/7907mW
09-02-2026 15:33:20 RAM 4808/7620MB (lfb 28x4MB) SWAP 1/3810MB (cached 0MB) CPU [3%@1728,58%@1728,1%@1728,55%@1728,25%@729,30%@729] GR3D_FREQ 36% cpu@66.125C soc2@64.156C soc0@64.562C gpu@67.656C tj@67.656C soc1@63.781C VDD_IN 21529mW/22253mW VDD_CPU_GPU_CV 8146mW/8690mW VDD_SOC 7780mW/7907mW
09-02-2026 15:33:25 RAM 4826/7620MB (lfb 28x4MB) SWAP 1/3810MB (cached 0MB) CPU [39%@1728,47%@1728,7%@1728,15%@1728,31%@1497,28%@1497] GR3D_FREQ 99% cpu@66C soc2@64.125C soc0@64.625C gpu@68.468C tj@68.468C soc1@63.937C VDD_IN 22120mW/22253mW VDD_CPU_GPU_CV 8681mW/8690mW VDD_SOC 7885mW/7907mW
09-02-2026 15:33:30 RAM 4818/7620MB (lfb 28x4MB) SWAP 1/3810MB (cached 0MB) CPU [32%@1728,30%@1728,2%@1728,32%@1728,40%@1728,26%@1728] GR3D_FREQ 99% cpu@66.437C soc2@64.156C soc0@64.562C gpu@68.187C tj@68.187C soc1@63.75C VDD_IN 22516mW/22253mW VDD_CPU_GPU_CV 8720mW/8690mW VDD_SOC 8081mW/7907mW
09-02-2026 15:33:35 RAM 4808/7620MB (lfb 28x4MB) SWAP 1/3810MB (cached 0MB) CPU [8%@1728,43%@1728,19%@1728,10%@1728,38%@1728,51%@1728] GR3D_FREQ 56% cpu@66.343C soc2@64.218C soc0@64.656C gpu@68.031C tj@68.031C soc1@63.843C VDD_IN 22477mW/22253mW VDD_CPU_GPU_CV 8602mW/8690mW VDD_SOC 8081mW/7907mW
09-02-2026 15:33:40 RAM 4824/7620MB (lfb 28x4MB) SWAP 1/3810MB (cached 0MB) CPU [11%@1728,11%@1728,37%@1728,10%@1728,37%@729,57%@729] GR3D_FREQ 99% cpu@66.625C soc2@64.312C soc0@64.593C gpu@67.843C tj@67.843C soc1@63.812C VDD_IN 22673mW/22254mW VDD_CPU_GPU_CV 8563mW/8690mW VDD_SOC 8199mW/7908mW
09-02-2026 15:33:45 RAM 4810/7620MB (lfb 28x4MB) SWAP 1/3810MB (cached 0MB) CPU [27%@1728,8%@1728,15%@1728,40%@1728,38%@806,42%@806] GR3D_FREQ 99% cpu@66.406C soc2@64.093C soc0@64.656C gpu@68.781C tj@68.781C soc1@63.875C VDD_IN 22120mW/22254mW VDD_CPU_GPU_CV 8759mW/8690mW VDD_SOC 7767mW/7907mW
09-02-2026 15:33:50 RAM 4815/7620MB (lfb 28x4MB) SWAP 1/3810MB (cached 0MB) CPU [10%@1728,4%@1728,44%@1728,62%@1728,18%@883,33%@883] GR3D_FREQ 99% cpu@66.125C soc2@64.281C soc0@64.687C gpu@68.093C tj@68.093C soc1@63.781C VDD_IN 21687mW/22253mW VDD_CPU_GPU_CV 8342mW/8690mW VDD_SOC 7807mW/7907mW
09-02-2026 15:33:55 RAM 4820/7620MB (lfb 28x4MB) SWAP 1/3810MB (cached 0MB) CPU [42%@1728,3%@1728,23%@1728,47%@1728,26%@960,26%@960] GR3D_FREQ 99% cpu@66.375C soc2@64.031C soc0@64.562C gpu@68.218C tj@68.218C soc1@63.843C VDD_IN 22159mW/22253mW VDD_CPU_GPU_CV 8759mW/8690mW VDD_SOC 7807mW/7907mW
09-02-2026 15:34:00 RAM 4813/7620MB (lfb 28x4MB) SWAP 1/3810MB (cached 0MB) CPU [19%@1728,35%@1728,40%@1728,16%@1728,31%@1728,24%@1728] GR3D_FREQ 99% cpu@66.468C soc2@64.156C soc0@64.656C gpu@67.718C tj@67.718C soc1@63.781C VDD_IN 22398mW/22253mW VDD_CPU_GPU_CV 8524mW/8690mW VDD_SOC 8081mW/7907mW
09-02-2026 15:34:05 RAM 4816/7620MB (lfb 28x4MB) SWAP 1/3810MB (cached 0MB) CPU [33%@1728,13%@1728,18%@1728,50%@1728,28%@960,35%@960] GR3D_FREQ 99% cpu@66.156C soc2@64.031C soc0@64.531C gpu@68.562C tj@68.562C soc1@63.781C VDD_IN 22199mW/22253mW VDD_CPU_GPU_CV 8720mW/8690mW VDD_SOC 7807mW/7907mW
09-02-2026 15:34:10 RAM 4816/7620MB (lfb 28x4MB) SWAP 1/3810MB (cached 0MB) CPU [2%@1728,8%@1728,51%@1728,56%@1728,21%@729,28%@729] GR3D_FREQ 14% cpu@66.125C soc2@64.125C soc0@64.562C gpu@67.687C tj@67.687C soc1@63.875C VDD_IN 21844mW/22252mW VDD_CPU_GPU_CV 8303mW/8689mW VDD_SOC 7898mW/7907mW
09-02-2026 15:34:15 RAM 4831/7620MB (lfb 28x4MB) SWAP 1/3810MB (cached 0MB) CPU [30%@806,35%@806,19%@806,28%@806,29%@1728,31%@1728] GR3D_FREQ 99% cpu@66.343C soc2@64.156C soc0@64.5C gpu@68.5C tj@68.5C soc1@63.75C VDD_IN 22634mW/22253mW VDD_CPU_GPU_CV 8915mW/8690mW VDD_SOC 8003mW/7907mW
09-02-2026 15:34:20 RAM 4822/7620MB (lfb 28x4MB) SWAP 1/3810MB (cached 0MB) CPU [24%@1728,44%@1728,8%@1728,19%@1728,22%@1728,54%@1728] GR3D_FREQ 99% cpu@66.312C soc2@64.25C soc0@64.5C gpu@68.156C tj@68.156C soc1@63.843C VDD_IN 22555mW/22253mW VDD_CPU_GPU_CV 8798mW/8690mW VDD_SOC 8081mW/7908mW
09-02-2026 15:34:25 RAM 4810/7620MB (lfb 28x4MB) SWAP 1/3810MB (cached 0MB) CPU [13%@1728,23%@1728,25%@1728,14%@1728,41%@1728,53%@1728] GR3D_FREQ 30% cpu@66.312C soc2@64.125C soc0@64.5C gpu@67.625C tj@67.625C soc1@63.75C VDD_IN 21923mW/22253mW VDD_CPU_GPU_CV 8342mW/8689mW VDD_SOC 7924mW/7908mW
09-02-2026 15:34:30 RAM 4819/7620MB (lfb 28x4MB) SWAP 1/3810MB (cached 0MB) CPU [17%@729,16%@729,34%@729,19%@729,39%@1728,39%@1728] GR3D_FREQ 99% cpu@66.75C soc2@64.218C soc0@64.625C gpu@67.968C tj@67.968C soc1@63.937C VDD_IN 22634mW/22253mW VDD_CPU_GPU_CV 8798mW/8689mW VDD_SOC 8081mW/7908mW
09-02-2026 15:34:35 RAM 4811/7620MB (lfb 28x4MB) SWAP 1/3810MB (cached 0MB) CPU [10%@1267,11%@1267,24%@1267,25%@1267,37%@1728,56%@1728] GR3D_FREQ 99% cpu@66.25C soc2@64.312C soc0@64.656C gpu@68.281C tj@68.281C soc1@63.843C VDD_IN 22238mW/22253mW VDD_CPU_GPU_CV 8837mW/8690mW VDD_SOC 7846mW/7908mW
09-02-2026 15:34:40 RAM 4812/7620MB (lfb 28x4MB) SWAP 1/3810MB (cached 0MB) CPU [15%@1190,25%@1190,7%@1190,32%@1728,31%@1728,65%@1728] GR3D_FREQ 99% cpu@66.281C soc2@64.218C soc0@64.75C gpu@68.218C tj@68.218C soc1@63.968C VDD_IN 22317mW/22253mW VDD_CPU_GPU_CV 8798mW/8690mW VDD_SOC 7846mW/7908mW
09-02-2026 15:34:45 RAM 4821/7620MB (lfb 28x4MB) SWAP 1/3810MB (cached 0MB) CPU [13%@1728,14%@1728,22%@1728,3%@1728,42%@1728,68%@1728] GR3D_FREQ 99% cpu@66.312C soc2@64.156C soc0@64.687C gpu@68.25C tj@68.25C soc1@63.937C VDD_IN 21687mW/22253mW VDD_CPU_GPU_CV 8303mW/8689mW VDD_SOC 7819mW/7908mW
09-02-2026 15:34:50 RAM 4836/7620MB (lfb 28x4MB) SWAP 1/3810MB (cached 0MB) CPU [16%@1728,10%@1728,20%@1728,34%@1728,39%@1728,46%@1728] GR3D_FREQ 79% cpu@66.437C soc2@64.281C soc0@64.718C gpu@68.187C tj@68.187C soc1@64C VDD_IN 22555mW/22253mW VDD_CPU_GPU_CV 8641mW/8689mW VDD_SOC 8121mW/7908mW
09-02-2026 15:34:55 RAM 4867/7620MB (lfb 28x4MB) SWAP 1/3810MB (cached 0MB) CPU [22%@1728,15%@1728,19%@1728,43%@1728,29%@1728,70%@1728] GR3D_FREQ 99% cpu@67.062C soc2@64.531C soc0@64.687C gpu@68.093C tj@68.093C soc1@63.906C VDD_IN 23106mW/22254mW VDD_CPU_GPU_CV 9213mW/8690mW VDD_SOC 8068mW/7908mW
09-02-2026 15:35:00 RAM 5147/7620MB (lfb 28x4MB) SWAP 1/3810MB (cached 0MB) CPU [23%@1728,16%@1728,28%@1728,57%@1728,59%@1728,88%@1728] GR3D_FREQ 99% cpu@66.937C soc2@64.5C soc0@64.906C gpu@68.437C tj@68.437C soc1@64.156C VDD_IN 23106mW/22255mW VDD_CPU_GPU_CV 9291mW/8690mW VDD_SOC 7990mW/7908mW
09-02-2026 15:35:05 RAM 5190/7620MB (lfb 28x4MB) SWAP 1/3810MB (cached 0MB) CPU [14%@883,13%@883,24%@883,29%@883,51%@1728,67%@1728] GR3D_FREQ 99% cpu@66.562C soc2@64.406C soc0@64.781C gpu@68.406C tj@68.406C soc1@64.125C VDD_IN 22199mW/22255mW VDD_CPU_GPU_CV 8563mW/8690mW VDD_SOC 7924mW/7908mW
09-02-2026 15:35:10 RAM 4854/7620MB (lfb 28x4MB) SWAP 1/3810MB (cached 0MB) CPU [13%@1728,14%@1728,51%@1728,25%@1728,39%@1728,71%@1728] GR3D_FREQ 99% cpu@66.843C soc2@64.531C soc0@64.843C gpu@68.312C tj@68.312C soc1@64.093C VDD_IN 23145mW/22256mW VDD_CPU_GPU_CV 9447mW/8691mW VDD_SOC 7990mW/7908mW
09-02-2026 15:35:15 RAM 5170/7620MB (lfb 28x4MB) SWAP 1/3810MB (cached 0MB) CPU [20%@1728,49%@1728,7%@1728,63%@1728,33%@1728,100%@1728] GR3D_FREQ 99% cpu@66.906C soc2@64.562C soc0@64.968C gpu@68.937C tj@68.937C soc1@64.187C VDD_IN 23106mW/22257mW VDD_CPU_GPU_CV 9330mW/8692mW VDD_SOC 8029mW/7908mW
09-02-2026 15:35:20 RAM 5322/7620MB (lfb 19x4MB) SWAP 1/3810MB (cached 0MB) CPU [14%@1728,22%@1728,50%@1728,60%@1728,25%@1728,100%@1728] GR3D_FREQ 99% cpu@67.187C soc2@64.625C soc0@64.968C gpu@68.656C tj@68.656C soc1@64.218C VDD_IN 23066mW/22258mW VDD_CPU_GPU_CV 9291mW/8692mW VDD_SOC 8068mW/7908mW
09-02-2026 15:35:25 RAM 5592/7620MB (lfb 11x4MB) SWAP 1/3810MB (cached 0MB) CPU [13%@1728,16%@1728,60%@1728,41%@1728,25%@1728,46%@1728] GR3D_FREQ 99% cpu@66.875C soc2@64.593C soc0@64.875C gpu@68.187C tj@68.187C soc1@64.218C VDD_IN 22199mW/22257mW VDD_CPU_GPU_CV 8563mW/8692mW VDD_SOC 7924mW/7909mW
09-02-2026 15:35:30 RAM 5735/7620MB (lfb 2x4MB) SWAP 1/3810MB (cached 0MB) CPU [31%@1728,35%@1728,61%@1728,29%@1728,32%@729,35%@729] GR3D_FREQ 80% cpu@66.875C soc2@64.468C soc0@64.906C gpu@68.343C tj@68.343C soc1@64.281C VDD_IN 22513mW/22258mW VDD_CPU_GPU_CV 8720mW/8692mW VDD_SOC 7964mW/7909mW
09-02-2026 15:35:35 RAM 5743/7620MB (lfb 2x4MB) SWAP 1/3810MB (cached 0MB) CPU [24%@1036,53%@1036,35%@1036,35%@1036,43%@1728,49%@1728] GR3D_FREQ 99% cpu@67.031C soc2@64.625C soc0@65.062C gpu@68.156C tj@68.156C soc1@64.25C VDD_IN 22671mW/22258mW VDD_CPU_GPU_CV 8602mW/8692mW VDD_SOC 8121mW/7909mW
09-02-2026 15:35:40 RAM 5737/7620MB (lfb 2x4MB) SWAP 1/3810MB (cached 0MB) CPU [28%@1728,25%@1728,34%@1728,59%@1728,36%@729,42%@729] GR3D_FREQ 99% cpu@66.937C soc2@64.531C soc0@64.875C gpu@68.437C tj@68.437C soc1@64.281C VDD_IN 22671mW/22259mW VDD_CPU_GPU_CV 8798mW/8692mW VDD_SOC 7964mW/7909mW
09-02-2026 15:35:45 RAM 5740/7620MB (lfb 1x4MB) SWAP 1/3810MB (cached 0MB) CPU [25%@1728,43%@1728,35%@1728,60%@1728,31%@729,32%@729] GR3D_FREQ 77% cpu@66.875C soc2@64.531C soc0@65.062C gpu@68.812C tj@68.812C soc1@64.375C VDD_IN 22080mW/22258mW VDD_CPU_GPU_CV 8524mW/8692mW VDD_SOC 7846mW/7909mW
09-02-2026 15:35:50 RAM 5729/7620MB (lfb 1x4MB) SWAP 1/3810MB (cached 0MB) CPU [26%@1728,24%@1728,32%@1728,44%@1728,41%@729,50%@729] GR3D_FREQ 99% cpu@66.906C soc2@64.625C soc0@64.968C gpu@68.312C tj@68.312C soc1@64.281C VDD_IN 22713mW/22259mW VDD_CPU_GPU_CV 8641mW/8692mW VDD_SOC 8121mW/7909mW
09-02-2026 15:35:55 RAM 5747/7620MB (lfb 1x4MB) SWAP 1/3810MB (cached 0MB) CPU [26%@1728,25%@1728,7%@1728,38%@1728,25%@729,55%@729] GR3D_FREQ 99% cpu@66.437C soc2@64.656C soc0@65.093C gpu@68.875C tj@68.875C soc1@64.437C VDD_IN 22830mW/22260mW VDD_CPU_GPU_CV 8993mW/8692mW VDD_SOC 8003mW/7909mW
09-02-2026 15:36:00 RAM 4818/7620MB (lfb 33x4MB) SWAP 1/3810MB (cached 0MB) CPU [23%@1728,50%@1728,19%@1728,21%@1728,33%@1728,69%@1728] GR3D_FREQ 98% cpu@67.218C soc2@64.781C soc0@65.031C gpu@68.5C tj@68.5C soc1@64.468C VDD_IN 23263mW/22261mW VDD_CPU_GPU_CV 9096mW/8693mW VDD_SOC 8107mW/7909mW
09-02-2026 15:36:05 RAM 4860/7620MB (lfb 33x4MB) SWAP 1/3810MB (cached 0MB) CPU [16%@1728,49%@1728,22%@1728,13%@1728,24%@1728,63%@1728] GR3D_FREQ 64% cpu@66.75C soc2@64.625C soc0@65.062C gpu@68.687C tj@68.687C soc1@64.406C VDD_IN 22632mW/22261mW VDD_CPU_GPU_CV 8602mW/8693mW VDD_SOC 8081mW/7910mW
09-02-2026 15:36:10 RAM 4844/7620MB (lfb 37x4MB) SWAP 1/3810MB (cached 0MB) CPU [7%@1728,43%@1728,37%@1728,13%@1728,41%@1036,43%@1036] GR3D_FREQ 99% cpu@66.625C soc2@64.812C soc0@65.312C gpu@69.125C tj@69.125C soc1@64.437C VDD_IN 22948mW/22262mW VDD_CPU_GPU_CV 9057mW/8693mW VDD_SOC 7964mW/7910mW
09-02-2026 15:36:15 RAM 4827/7620MB (lfb 37x4MB) SWAP 1/3810MB (cached 0MB) CPU [8%@1728,63%@1728,43%@1728,2%@1728,27%@1190,31%@1190] GR3D_FREQ 99% cpu@66.781C soc2@64.687C soc0@65.093C gpu@68.656C tj@68.656C soc1@64.375C VDD_IN 21962mW/22261mW VDD_CPU_GPU_CV 8524mW/8693mW VDD_SOC 7807mW/7909mW
09-02-2026 15:36:20 RAM 4819/7620MB (lfb 37x4MB) SWAP 1/3810MB (cached 0MB) CPU [5%@1728,53%@1728,3%@1728,53%@1728,32%@729,23%@729] GR3D_FREQ 99% cpu@66.562C soc2@64.593C soc0@65.218C gpu@68.593C tj@68.593C soc1@64.25C VDD_IN 22120mW/22261mW VDD_CPU_GPU_CV 8681mW/8693mW VDD_SOC 7767mW/7909mW
09-02-2026 15:36:25 RAM 4818/7620MB (lfb 37x4MB) SWAP 1/3810MB (cached 0MB) CPU [5%@1728,36%@1728,4%@1728,63%@1728,32%@729,29%@729] GR3D_FREQ 99% cpu@66.562C soc2@64.593C soc0@65.062C gpu@68.875C tj@68.875C soc1@64.25C VDD_IN 22002mW/22261mW VDD_CPU_GPU_CV 8485mW/8693mW VDD_SOC 7885mW/7909mW
09-02-2026 15:36:30 RAM 4815/7620MB (lfb 37x4MB) SWAP 1/3810MB (cached 0MB) CPU [19%@1267,30%@1728,9%@1728,40%@1728,41%@1728,30%@1728] GR3D_FREQ 99% cpu@66.625C soc2@64.593C soc0@65.156C gpu@68.625C tj@68.625C soc1@64.187C VDD_IN 22595mW/22261mW VDD_CPU_GPU_CV 8915mW/8693mW VDD_SOC 7924mW/7909mW
09-02-2026 15:36:35 RAM 4813/7620MB (lfb 37x4MB) SWAP 1/3810MB (cached 0MB) CPU [15%@1728,9%@1728,34%@1728,21%@1728,54%@1190,40%@1190] GR3D_FREQ 99% cpu@66.875C soc2@64.593C soc0@65.093C gpu@69.156C tj@69.156C soc1@64.281C VDD_IN 22477mW/22262mW VDD_CPU_GPU_CV 8876mW/8693mW VDD_SOC 7924mW/7909mW
09-02-2026 15:36:40 RAM 4816/7620MB (lfb 37x4MB) SWAP 1/3810MB (cached 0MB) CPU [4%@1728,1%@1728,54%@1728,56%@1728,27%@729,26%@729] GR3D_FREQ 90% cpu@66.687C soc2@64.593C soc0@65.062C gpu@68.25C tj@68.25C soc1@64.156C VDD_IN 22159mW/22261mW VDD_CPU_GPU_CV 8368mW/8693mW VDD_SOC 8042mW/7909mW
09-02-2026 15:36:45 RAM 4813/7620MB (lfb 37x4MB) SWAP 1/3810MB (cached 0MB) CPU [5%@1497,8%@1497,35%@1497,57%@1497,41%@1728,26%@1728] GR3D_FREQ 99% cpu@66.875C soc2@64.625C soc0@65.031C gpu@68.781C tj@68.781C soc1@64.281C VDD_IN 22595mW/22262mW VDD_CPU_GPU_CV 8940mW/8693mW VDD_SOC 7964mW/7910mW
09-02-2026 15:36:50 RAM 4808/7620MB (lfb 37x4MB) SWAP 1/3810MB (cached 0MB) CPU [23%@1728,24%@1728,3%@1728,43%@1728,26%@1113,53%@1113] GR3D_FREQ 99% cpu@66.468C soc2@64.625C soc0@65.031C gpu@68.656C tj@68.656C soc1@64.312C VDD_IN 22713mW/22262mW VDD_CPU_GPU_CV 8979mW/8693mW VDD_SOC 8003mW/7910mW
09-02-2026 15:36:55 RAM 4836/7620MB (lfb 37x4MB) SWAP 1/3810MB (cached 0MB) CPU [16%@883,34%@883,15%@883,28%@883,16%@1728,59%@1728] GR3D_FREQ 99% cpu@66.812C soc2@64.75C soc0@65.093C gpu@69.125C tj@69.125C soc1@64.281C VDD_IN 22516mW/22263mW VDD_CPU_GPU_CV 8915mW/8694mW VDD_SOC 7964mW/7910mW
09-02-2026 15:37:00 RAM 4812/7620MB (lfb 37x4MB) SWAP 1/3810MB (cached 0MB) CPU [12%@1728,58%@1728,18%@1728,1%@1728,18%@729,61%@729] GR3D_FREQ 99% cpu@66.562C soc2@64.781C soc0@65.156C gpu@68.937C tj@68.937C soc1@64.406C VDD_IN 22516mW/22263mW VDD_CPU_GPU_CV 8876mW/8694mW VDD_SOC 7964mW/7910mW
09-02-2026 15:37:05 RAM 5027/7620MB (lfb 37x4MB) SWAP 1/3810MB (cached 0MB) CPU [23%@1728,57%@1728,29%@1728,14%@1728,32%@1728,68%@1728] GR3D_FREQ 80% cpu@67.062C soc2@64.843C soc0@65.062C gpu@68.593C tj@68.593C soc1@64.281C VDD_IN 23106mW/22264mW VDD_CPU_GPU_CV 9369mW/8695mW VDD_SOC 8029mW/7910mW
09-02-2026 15:37:10 RAM 5167/7620MB (lfb 37x4MB) SWAP 1/3810MB (cached 0MB) CPU [26%@1728,49%@1728,46%@1728,22%@1728,60%@1728,52%@1728] GR3D_FREQ 99% cpu@67.312C soc2@64.843C soc0@65.093C gpu@68.468C tj@68.468C soc1@64.343C VDD_IN 23184mW/22265mW VDD_CPU_GPU_CV 9213mW/8695mW VDD_SOC 8186mW/7910mW
09-02-2026 15:37:15 RAM 5193/7620MB (lfb 37x4MB) SWAP 1/3810MB (cached 0MB) CPU [9%@1728,32%@1728,57%@1728,8%@1728,30%@1651,45%@1651] GR3D_FREQ 99% cpu@66.75C soc2@64.75C soc0@65.312C gpu@68.718C tj@68.718C soc1@64.312C VDD_IN 22320mW/22265mW VDD_CPU_GPU_CV 8876mW/8695mW VDD_SOC 7885mW/7910mW
09-02-2026 15:37:20 RAM 5023/7620MB (lfb 37x4MB) SWAP 1/3810MB (cached 0MB) CPU [31%@1728,34%@1728,58%@1728,13%@1728,54%@1728,47%@1728] GR3D_FREQ 99% cpu@67.25C soc2@64.843C soc0@65.218C gpu@68.812C tj@68.812C soc1@64.437C VDD_IN 23027mW/22266mW VDD_CPU_GPU_CV 9213mW/8696mW VDD_SOC 8068mW/7910mW
09-02-2026 15:37:25 RAM 5179/7620MB (lfb 37x4MB) SWAP 1/3810MB (cached 0MB) CPU [27%@1728,34%@1728,23%@1728,42%@1728,82%@1728,63%@1728] GR3D_FREQ 99% cpu@67C soc2@64.906C soc0@65.375C gpu@68.968C tj@68.968C soc1@64.375C VDD_IN 23066mW/22266mW VDD_CPU_GPU_CV 9369mW/8697mW VDD_SOC 7951mW/7910mW
09-02-2026 15:37:30 RAM 5466/7620MB (lfb 7x4MB) SWAP 1/3810MB (cached 0MB) CPU [35%@1728,51%@1728,12%@1728,41%@1728,61%@1728,67%@1728] GR3D_FREQ 99% cpu@67.187C soc2@64.968C soc0@65.312C gpu@68.843C tj@68.843C soc1@64.531C VDD_IN 23027mW/22267mW VDD_CPU_GPU_CV 9369mW/8697mW VDD_SOC 8029mW/7910mW
09-02-2026 15:37:35 RAM 5743/7620MB (lfb 2x4MB) SWAP 1/3810MB (cached 0MB) CPU [25%@1036,15%@1036,23%@960,13%@960,56%@1728,68%@1728] GR3D_FREQ 71% cpu@66.968C soc2@64.812C soc0@65.375C gpu@68.25C tj@68.25C soc1@64.5C VDD_IN 21923mW/22267mW VDD_CPU_GPU_CV 8342mW/8697mW VDD_SOC 7898mW/7910mW
09-02-2026 15:37:40 RAM 5760/7620MB (lfb 2x4MB) SWAP 1/3810MB (cached 0MB) CPU [38%@729,29%@729,32%@729,25%@729,41%@1728,64%@1728] GR3D_FREQ 99% cpu@66.968C soc2@64.687C soc0@65.187C gpu@68.687C tj@68.687C soc1@64.593C VDD_IN 22513mW/22267mW VDD_CPU_GPU_CV 8837mW/8697mW VDD_SOC 7846mW/7910mW
09-02-2026 15:37:45 RAM 5753/7620MB (lfb 2x4MB) SWAP 1/3810MB (cached 0MB) CPU [23%@1728,52%@1728,28%@1728,36%@1728,33%@1728,50%@1728] GR3D_FREQ 99% cpu@66.875C soc2@64.812C soc0@65.312C gpu@69.093C tj@69.093C soc1@64.531C VDD_IN 22395mW/22267mW VDD_CPU_GPU_CV 8720mW/8697mW VDD_SOC 7924mW/7910mW
09-02-2026 15:37:50 RAM 5743/7620MB (lfb 2x4MB) SWAP 1/3810MB (cached 0MB) CPU [30%@1036,39%@1036,32%@1036,30%@1036,57%@1728,34%@1728] GR3D_FREQ 99% cpu@67.156C soc2@64.843C soc0@65.156C gpu@68.906C tj@68.906C soc1@64.562C VDD_IN 22632mW/22268mW VDD_CPU_GPU_CV 8720mW/8697mW VDD_SOC 8042mW/7911mW
09-02-2026 15:37:55 RAM 5736/7620MB (lfb 2x4MB) SWAP 1/3810MB (cached 0MB) CPU [42%@1574,44%@1728,34%@1728,26%@1728,29%@1728,57%@1728] GR3D_FREQ 99% cpu@66.937C soc2@64.937C soc0@65.25C gpu@68.781C tj@68.781C soc1@64.562C VDD_IN 22553mW/22268mW VDD_CPU_GPU_CV 8641mW/8697mW VDD_SOC 8042mW/7911mW
09-02-2026 15:38:00 RAM 5762/7620MB (lfb 2x4MB) SWAP 1/3810MB (cached 0MB) CPU [26%@1728,56%@1728,28%@1728,19%@1728,43%@1728,41%@1728] GR3D_FREQ 99% cpu@67.156C soc2@65C soc0@65.218C gpu@68.562C tj@68.562C soc1@64.656C VDD_IN 22671mW/22268mW VDD_CPU_GPU_CV 8563mW/8697mW VDD_SOC 8121mW/7911mW
09-02-2026 15:38:05 RAM 5743/7620MB (lfb 2x4MB) SWAP 1/3810MB (cached 0MB) CPU [18%@1728,25%@1728,9%@1728,45%@1728,32%@1728,48%@1728] GR3D_FREQ 99% cpu@66.968C soc2@64.875C soc0@65.281C gpu@68.906C tj@68.906C soc1@64.718C VDD_IN 22752mW/22269mW VDD_CPU_GPU_CV 8954mW/8697mW VDD_SOC 8003mW/7911mW
09-02-2026 15:38:10 RAM 4850/7620MB (lfb 33x4MB) SWAP 1/3810MB (cached 0MB) CPU [19%@1728,28%@1728,55%@1728,22%@1728,46%@1728,62%@1728] GR3D_FREQ 99% cpu@67.187C soc2@65.062C soc0@65.406C gpu@68.968C tj@68.968C soc1@64.656C VDD_IN 22988mW/22270mW VDD_CPU_GPU_CV 9057mW/8697mW VDD_SOC 8068mW/7911mW
09-02-2026 15:38:15 RAM 4897/7620MB (lfb 33x4MB) SWAP 1/3810MB (cached 0MB) CPU [25%@1190,39%@1190,42%@1190,12%@1190,25%@1728,36%@1728] GR3D_FREQ 99% cpu@66.937C soc2@64.937C soc0@65.406C gpu@69.281C tj@69.281C soc1@64.781C VDD_IN 22592mW/22270mW VDD_CPU_GPU_CV 8798mW/8698mW VDD_SOC 7885mW/7911mW
09-02-2026 15:38:20 RAM 4834/7620MB (lfb 33x4MB) SWAP 1/3810MB (cached 0MB) CPU [23%@1728,38%@1728,22%@1728,17%@1728,29%@1574,50%@1574] GR3D_FREQ 98% cpu@66.968C soc2@65C soc0@65.406C gpu@69.031C tj@69.031C soc1@64.687C VDD_IN 22555mW/22270mW VDD_CPU_GPU_CV 8759mW/8698mW VDD_SOC 8003mW/7911mW
09-02-2026 15:38:25 RAM 4826/7620MB (lfb 33x4MB) SWAP 1/3810MB (cached 0MB) CPU [7%@883,39%@883,39%@883,9%@883,48%@1728,28%@1728] GR3D_FREQ 99% cpu@67.093C soc2@65C soc0@65.5C gpu@69.437C tj@69.437C soc1@64.75C VDD_IN 22595mW/22271mW VDD_CPU_GPU_CV 8837mW/8698mW VDD_SOC 8029mW/7911mW
09-02-2026 15:38:30 RAM 4845/7620MB (lfb 33x4MB) SWAP 1/3810MB (cached 0MB) CPU [29%@1728,6%@1728,32%@1728,34%@1728,28%@729,42%@729] GR3D_FREQ 99% cpu@67.375C soc2@65.031C soc0@65.343C gpu@68.75C tj@68.75C soc1@64.468C VDD_IN 22320mW/22271mW VDD_CPU_GPU_CV 8485mW/8698mW VDD_SOC 8081mW/7912mW
09-02-2026 15:38:35 RAM 4838/7620MB (lfb 33x4MB) SWAP 1/3810MB (cached 0MB) CPU [5%@1728,45%@1728,54%@1728,15%@1728,30%@1497,28%@1497] GR3D_FREQ 99% cpu@66.906C soc2@64.937C soc0@65.375C gpu@68.968C tj@68.968C soc1@64.531C VDD_IN 22120mW/22270mW VDD_CPU_GPU_CV 8602mW/8697mW VDD_SOC 7885mW/7911mW
09-02-2026 15:38:40 RAM 4831/7620MB (lfb 33x4MB) SWAP 1/3810MB (cached 0MB) CPU [19%@1728,54%@1728,48%@1728,2%@1728,25%@729,28%@729] GR3D_FREQ 99% cpu@67.093C soc2@65.031C soc0@65.5C gpu@68.687C tj@68.687C soc1@64.5C VDD_IN 22359mW/22270mW VDD_CPU_GPU_CV 8641mW/8697mW VDD_SOC 8042mW/7912mW
09-02-2026 15:38:45 RAM 4831/7620MB (lfb 33x4MB) SWAP 1/3810MB (cached 0MB) CPU [12%@1728,9%@1728,60%@1728,13%@1728,29%@729,46%@729] GR3D_FREQ 99% cpu@67.156C soc2@64.906C soc0@65.312C gpu@69.468C tj@69.468C soc1@64.562C VDD_IN 22516mW/22271mW VDD_CPU_GPU_CV 8915mW/8698mW VDD_SOC 7924mW/7912mW
09-02-2026 15:38:50 RAM 4885/7620MB (lfb 33x4MB) SWAP 1/3810MB (cached 0MB) CPU [11%@1728,44%@1728,63%@1728,12%@1728,35%@1651,27%@1651] GR3D_FREQ 99% cpu@67.406C soc2@65C soc0@65.406C gpu@69.062C tj@69.062C soc1@64.406C VDD_IN 22791mW/22271mW VDD_CPU_GPU_CV 9018mW/8698mW VDD_SOC 7990mW/7912mW
09-02-2026 15:38:55 RAM 5155/7620MB (lfb 33x4MB) SWAP 1/3810MB (cached 0MB) CPU [12%@729,23%@729,62%@729,53%@729,84%@1728,33%@1728] GR3D_FREQ 99% cpu@67.281C soc2@65C soc0@65.343C gpu@68.968C tj@68.968C soc1@64.531C VDD_IN 23106mW/22272mW VDD_CPU_GPU_CV 9369mW/8699mW VDD_SOC 7990mW/7912mW
09-02-2026 15:39:00 RAM 5202/7620MB (lfb 33x4MB) SWAP 1/3810MB (cached 0MB) CPU [8%@1728,17%@1728,37%@1728,36%@1728,27%@729,63%@729] GR3D_FREQ 99% cpu@66.937C soc2@64.906C soc0@65.468C gpu@69.031C tj@69.031C soc1@64.468C VDD_IN 22555mW/22272mW VDD_CPU_GPU_CV 8954mW/8699mW VDD_SOC 7964mW/7912mW
09-02-2026 15:39:05 RAM 4861/7620MB (lfb 33x4MB) SWAP 1/3810MB (cached 0MB) CPU [20%@1728,22%@1728,48%@1728,18%@1728,61%@1728,44%@1728] GR3D_FREQ 99% cpu@67.187C soc2@65.125C soc0@65.343C gpu@68.781C tj@68.781C soc1@64.562C VDD_IN 22830mW/22273mW VDD_CPU_GPU_CV 9135mW/8699mW VDD_SOC 7951mW/7912mW
09-02-2026 15:39:10 RAM 5171/7620MB (lfb 33x4MB) SWAP 1/3810MB (cached 0MB) CPU [22%@1728,23%@1728,6%@1728,100%@1728,56%@1728,62%@1728] GR3D_FREQ 82% cpu@67.406C soc2@65.125C soc0@65.468C gpu@68.843C tj@68.843C soc1@64.75C VDD_IN 23066mW/22274mW VDD_CPU_GPU_CV 9096mW/8700mW VDD_SOC 8186mW/7912mW
09-02-2026 15:39:15 RAM 5323/7620MB (lfb 20x4MB) SWAP 1/3810MB (cached 0MB) CPU [24%@1728,20%@1728,8%@1728,100%@1728,59%@1728,57%@1728] GR3D_FREQ 99% cpu@67.375C soc2@65.187C soc0@65.5C gpu@69.218C tj@69.218C soc1@64.656C VDD_IN 23341mW/22275mW VDD_CPU_GPU_CV 9603mW/8701mW VDD_SOC 7990mW/7912mW
09-02-2026 15:39:20 RAM 5562/7620MB (lfb 15x4MB) SWAP 1/3810MB (cached 0MB) CPU [23%@1728,39%@1728,18%@1728,19%@1728,45%@1728,64%@1728] GR3D_FREQ 99% cpu@67.062C soc2@65C soc0@65.5C gpu@69.093C tj@69.093C soc1@64.812C VDD_IN 22553mW/22275mW VDD_CPU_GPU_CV 8915mW/8701mW VDD_SOC 7885mW/7912mW
09-02-2026 15:39:25 RAM 5698/7620MB (lfb 5x4MB) SWAP 1/3810MB (cached 0MB) CPU [30%@1728,56%@1728,28%@1728,41%@1728,42%@1728,38%@1728] GR3D_FREQ 99% cpu@67.187C soc2@65.125C soc0@65.468C gpu@68.843C tj@68.843C soc1@64.718C VDD_IN 22435mW/22275mW VDD_CPU_GPU_CV 8563mW/8701mW VDD_SOC 7964mW/7912mW
09-02-2026 15:39:30 RAM 5690/7620MB (lfb 5x4MB) SWAP 1/3810MB (cached 0MB) CPU [32%@1728,33%@1728,36%@1728,38%@1728,49%@729,33%@729] GR3D_FREQ 99% cpu@67.25C soc2@65.062C soc0@65.5C gpu@68.562C tj@68.562C soc1@64.75C VDD_IN 22592mW/22276mW VDD_CPU_GPU_CV 8485mW/8701mW VDD_SOC 8160mW/7913mW
09-02-2026 15:39:35 RAM 5729/7620MB (lfb 2x4MB) SWAP 1/3810MB (cached 0MB) CPU [35%@1728,25%@1728,47%@1728,33%@1728,28%@729,58%@729] GR3D_FREQ 99% cpu@67.312C soc2@64.968C soc0@65.375C gpu@68.937C tj@68.937C soc1@64.718C VDD_IN 22592mW/22276mW VDD_CPU_GPU_CV 8915mW/8701mW VDD_SOC 7924mW/7913mW
09-02-2026 15:39:40 RAM 5732/7620MB (lfb 2x4MB) SWAP 1/3810MB (cached 0MB) CPU [24%@1728,24%@1728,26%@1728,29%@1728,78%@1728,45%@1728] GR3D_FREQ 26% cpu@67.093C soc2@64.843C soc0@65.281C gpu@68.593C tj@68.593C soc1@64.75C VDD_IN 21683mW/22275mW VDD_CPU_GPU_CV 8146mW/8700mW VDD_SOC 7819mW/7912mW
09-02-2026 15:39:45 RAM 5720/7620MB (lfb 2x4MB) SWAP 1/3810MB (cached 0MB) CPU [26%@1728,32%@1728,35%@1728,45%@1728,27%@1728,46%@1728] GR3D_FREQ 99% cpu@66.937C soc2@64.875C soc0@65.25C gpu@69.093C tj@69.093C soc1@64.687C VDD_IN 22710mW/22276mW VDD_CPU_GPU_CV 8954mW/8700mW VDD_SOC 7924mW/7912mW
09-02-2026 15:39:50 RAM 5739/7620MB (lfb 2x4MB) SWAP 1/3810MB (cached 0MB) CPU [15%@1728,15%@1728,35%@1728,24%@1728,27%@1574,54%@1574] GR3D_FREQ 99% cpu@66.937C soc2@64.937C soc0@65.406C gpu@68.843C tj@68.843C soc1@64.781C VDD_IN 22713mW/22276mW VDD_CPU_GPU_CV 8876mW/8701mW VDD_SOC 8042mW/7913mW
09-02-2026 15:39:56 RAM 4859/7620MB (lfb 28x4MB) SWAP 1/3810MB (cached 0MB) CPU [10%@1728,44%@1728,16%@1728,53%@1728,59%@1728,28%@1728] GR3D_FREQ 99% cpu@67.156C soc2@65.093C soc0@65.437C gpu@68.937C tj@68.937C soc1@64.718C VDD_IN 23341mW/22277mW VDD_CPU_GPU_CV 9330mW/8701mW VDD_SOC 8029mW/7913mW
09-02-2026 15:40:01 RAM 4899/7620MB (lfb 28x4MB) SWAP 1/3810MB (cached 0MB) CPU [12%@1728,11%@1728,47%@1728,60%@1728,27%@1420,33%@1420] GR3D_FREQ 99% cpu@67.281C soc2@65C soc0@65.312C gpu@68.5C tj@68.5C soc1@64.687C VDD_IN 22395mW/22277mW VDD_CPU_GPU_CV 8446mW/8701mW VDD_SOC 8042mW/7913mW
09-02-2026 15:40:06 RAM 4860/7620MB (lfb 31x4MB) SWAP 1/3810MB (cached 0MB) CPU [16%@1728,41%@1728,13%@1728,58%@1728,22%@1728,39%@1728] GR3D_FREQ 99% cpu@67C soc2@65C soc0@65.406C gpu@68.781C tj@68.781C soc1@64.625C VDD_IN 22673mW/22278mW VDD_CPU_GPU_CV 8798mW/8701mW VDD_SOC 8042mW/7913mW
09-02-2026 15:40:11 RAM 4861/7620MB (lfb 31x4MB) SWAP 1/3810MB (cached 0MB) CPU [12%@1728,21%@1728,22%@1728,53%@1728,28%@729,38%@729] GR3D_FREQ 99% cpu@67.125C soc2@64.906C soc0@65.156C gpu@69.062C tj@69.062C soc1@64.468C VDD_IN 22159mW/22278mW VDD_CPU_GPU_CV 8759mW/8701mW VDD_SOC 7807mW/7913mW
09-02-2026 15:40:16 RAM 4851/7620MB (lfb 31x4MB) SWAP 1/3810MB (cached 0MB) CPU [33%@1728,3%@1728,27%@1728,55%@1728,26%@729,26%@729] GR3D_FREQ 99% cpu@66.812C soc2@64.906C soc0@65.312C gpu@68.687C tj@68.687C soc1@64.312C VDD_IN 21844mW/22277mW VDD_CPU_GPU_CV 8407mW/8701mW VDD_SOC 7885mW/7913mW
09-02-2026 15:40:21 RAM 4886/7620MB (lfb 31x4MB) SWAP 1/3810MB (cached 0MB) CPU [31%@1728,10%@1728,8%@1728,54%@1728,30%@1190,30%@1190] GR3D_FREQ 99% cpu@66.968C soc2@64.812C soc0@65.187C gpu@68.875C tj@68.875C soc1@64.375C VDD_IN 22199mW/22277mW VDD_CPU_GPU_CV 8759mW/8701mW VDD_SOC 7807mW/7913mW
09-02-2026 15:40:26 RAM 4869/7620MB (lfb 31x4MB) SWAP 1/3810MB (cached 0MB) CPU [2%@1728,5%@1728,55%@1728,56%@1728,20%@1036,33%@1036] GR3D_FREQ 99% cpu@67.125C soc2@64.781C soc0@65.25C gpu@68.468C tj@68.468C soc1@64.218C VDD_IN 21962mW/22277mW VDD_CPU_GPU_CV 8446mW/8701mW VDD_SOC 7924mW/7913mW
09-02-2026 15:40:31 RAM 4873/7620MB (lfb 31x4MB) SWAP 1/3810MB (cached 0MB) CPU [18%@1728,32%@1728,23%@1728,41%@1728,27%@1190,24%@1190] GR3D_FREQ 99% cpu@67.062C soc2@65C soc0@65.156C gpu@68.75C tj@68.75C soc1@64.312C VDD_IN 22752mW/22277mW VDD_CPU_GPU_CV 8784mW/8701mW VDD_SOC 8186mW/7913mW
09-02-2026 15:40:36 RAM 4856/7620MB (lfb 30x4MB) SWAP 1/3810MB (cached 0MB) CPU [15%@1728,35%@1728,2%@1728,41%@1728,18%@729,55%@729] GR3D_FREQ 99% cpu@66.968C soc2@64.937C soc0@65.312C gpu@68.718C tj@68.718C soc1@64.468C VDD_IN 22673mW/22278mW VDD_CPU_GPU_CV 8720mW/8701mW VDD_SOC 8160mW/7913mW
09-02-2026 15:40:41 RAM 4855/7620MB (lfb 30x4MB) SWAP 1/3810MB (cached 0MB) CPU [7%@1728,15%@1728,26%@1728,54%@1728,40%@729,23%@729] GR3D_FREQ 99% cpu@66.906C soc2@64.843C soc0@65.25C gpu@68.906C tj@68.906C soc1@64.406C VDD_IN 22120mW/22278mW VDD_CPU_GPU_CV 8720mW/8701mW VDD_SOC 7807mW/7913mW
09-02-2026 15:40:46 RAM 4855/7620MB (lfb 30x4MB) SWAP 1/3810MB (cached 0MB) CPU [1%@1728,4%@1728,48%@1728,48%@1728,18%@1497,35%@1497] GR3D_FREQ 99% cpu@67.062C soc2@64.718C soc0@65.125C gpu@68.687C tj@68.687C soc1@64.343C VDD_IN 21923mW/22277mW VDD_CPU_GPU_CV 8563mW/8701mW VDD_SOC 7767mW/7913mW
09-02-2026 15:40:51 RAM 4847/7620MB (lfb 30x4MB) SWAP 1/3810MB (cached 0MB) CPU [1%@1728,3%@1728,55%@1728,48%@1728,22%@729,27%@729] GR3D_FREQ 99% cpu@66.968C soc2@64.781C soc0@65.187C gpu@68.656C tj@68.656C soc1@64.218C VDD_IN 22317mW/22277mW VDD_CPU_GPU_CV 8602mW/8701mW VDD_SOC 7964mW/7913mW
09-02-2026 15:40:56 RAM 4862/7620MB (lfb 31x4MB) SWAP 1/3810MB (cached 0MB) CPU [3%@1728,3%@1728,56%@1728,59%@1728,22%@729,31%@729] GR3D_FREQ 99% cpu@66.625C soc2@64.531C soc0@65C gpu@68.531C tj@68.531C soc1@64.281C VDD_IN 21805mW/22277mW VDD_CPU_GPU_CV 8446mW/8700mW VDD_SOC 7807mW/7913mW
09-02-2026 15:41:01 RAM 4874/7620MB (lfb 31x4MB) SWAP 1/3810MB (cached 0MB) CPU [3%@1728,5%@1728,53%@1728,53%@1728,19%@729,29%@729] GR3D_FREQ 99% cpu@66.687C soc2@64.562C soc0@65.218C gpu@68.687C tj@68.687C soc1@64.281C VDD_IN 22238mW/22277mW VDD_CPU_GPU_CV 8798mW/8700mW VDD_SOC 7807mW/7913mW
09-02-2026 15:41:06 RAM 4869/7620MB (lfb 31x4MB) SWAP 1/3810MB (cached 0MB) CPU [7%@1728,20%@1728,31%@1728,54%@1728,30%@1190,22%@1190] GR3D_FREQ 99% cpu@66.781C soc2@64.656C soc0@65.062C gpu@68.562C tj@68.562C soc1@64.25C VDD_IN 21923mW/22276mW VDD_CPU_GPU_CV 8446mW/8700mW VDD_SOC 7846mW/7913mW
09-02-2026 15:41:11 RAM 4860/7620MB (lfb 31x4MB) SWAP 1/3810MB (cached 0MB) CPU [11%@1190,6%@1190,18%@1190,56%@1190,35%@1728,38%@1728] GR3D_FREQ 99% cpu@67.062C soc2@64.687C soc0@65.093C gpu@68.437C tj@68.437C soc1@64.343C VDD_IN 22713mW/22277mW VDD_CPU_GPU_CV 8720mW/8700mW VDD_SOC 8199mW/7913mW
09-02-2026 15:41:16 RAM 4885/7620MB (lfb 31x4MB) SWAP 1/3810MB (cached 0MB) CPU [22%@1728,25%@1728,23%@1728,21%@1728,31%@960,45%@960] GR3D_FREQ 99% cpu@67.218C soc2@64.718C soc0@65.093C gpu@68.343C tj@68.343C soc1@64.25C VDD_IN 22673mW/22277mW VDD_CPU_GPU_CV 8759mW/8700mW VDD_SOC 8160mW/7913mW
09-02-2026 15:41:21 RAM 4862/7620MB (lfb 31x4MB) SWAP 1/3810MB (cached 0MB) CPU [4%@729,22%@729,49%@729,15%@729,50%@1728,33%@1728] GR3D_FREQ 99% cpu@67.062C soc2@64.75C soc0@65.156C gpu@68.625C tj@68.625C soc1@64.343C VDD_IN 22791mW/22278mW VDD_CPU_GPU_CV 8784mW/8700mW VDD_SOC 8199mW/7914mW
09-02-2026 15:41:26 RAM 4860/7620MB (lfb 31x4MB) SWAP 1/3810MB (cached 0MB) CPU [25%@1728,9%@1728,8%@1728,42%@1728,27%@1728,59%@1728] GR3D_FREQ 99% cpu@67.312C soc2@64.843C soc0@65.093C gpu@68.625C tj@68.625C soc1@64.25C VDD_IN 22673mW/22278mW VDD_CPU_GPU_CV 8876mW/8701mW VDD_SOC 8081mW/7914mW
09-02-2026 15:41:31 RAM 4869/7620MB (lfb 31x4MB) SWAP 1/3810MB (cached 0MB) CPU [3%@1728,22%@1728,24%@1728,6%@1728,53%@1728,57%@1728] GR3D_FREQ 99% cpu@66.562C soc2@64.687C soc0@65.093C gpu@68.875C tj@68.875C soc1@64.312C VDD_IN 22435mW/22278mW VDD_CPU_GPU_CV 8798mW/8701mW VDD_SOC 7964mW/7914mW
09-02-2026 15:41:36 RAM 4861/7620MB (lfb 31x4MB) SWAP 1/3810MB (cached 0MB) CPU [6%@1574,15%@1574,21%@1574,21%@1574,56%@1728,55%@1728] GR3D_FREQ 85% cpu@67.062C soc2@64.75C soc0@65.093C gpu@68.593C tj@68.593C soc1@64.218C VDD_IN 22356mW/22278mW VDD_CPU_GPU_CV 8641mW/8701mW VDD_SOC 8042mW/7914mW
09-02-2026 15:41:41 RAM 4867/7620MB (lfb 31x4MB) SWAP 1/3810MB (cached 0MB) CPU [6%@729,15%@729,17%@729,17%@729,53%@1728,54%@1728] GR3D_FREQ 99% cpu@66.656C soc2@64.562C soc0@65.093C gpu@68.625C tj@68.625C soc1@64.343C VDD_IN 22435mW/22279mW VDD_CPU_GPU_CV 8876mW/8701mW VDD_SOC 7846mW/7914mW
09-02-2026 15:41:46 RAM 4885/7620MB (lfb 31x4MB) SWAP 1/3810MB (cached 0MB) CPU [13%@1728,14%@1728,19%@1728,4%@1728,57%@1728,57%@1728] GR3D_FREQ 99% cpu@66.875C soc2@64.656C soc0@65C gpu@68.5C tj@68.5C soc1@64.187C VDD_IN 22120mW/22278mW VDD_CPU_GPU_CV 8563mW/8701mW VDD_SOC 7924mW/7914mW
09-02-2026 15:41:51 RAM 4874/7620MB (lfb 31x4MB) SWAP 1/3810MB (cached 0MB) CPU [14%@1728,2%@1728,24%@1728,47%@1728,59%@1497,29%@1497] GR3D_FREQ 99% cpu@67.437C soc2@64.593C soc0@65.125C gpu@68.75C tj@68.75C soc1@64.25C VDD_IN 22634mW/22279mW VDD_CPU_GPU_CV 8837mW/8701mW VDD_SOC 8121mW/7914mW
09-02-2026 15:41:56 RAM 4877/7620MB (lfb 31x4MB) SWAP 1/3810MB (cached 0MB) CPU [16%@1728,2%@1728,48%@1728,28%@1728,17%@1728,62%@1728] GR3D_FREQ 52% cpu@66.906C soc2@64.718C soc0@65.218C gpu@68.718C tj@68.718C soc1@64.156C VDD_IN 22516mW/22279mW VDD_CPU_GPU_CV 8681mW/8701mW VDD_SOC 8081mW/7914mW
09-02-2026 15:42:01 RAM 4860/7620MB (lfb 31x4MB) SWAP 1/3810MB (cached 0MB) CPU [15%@1728,13%@1728,57%@1728,19%@1728,21%@729,43%@729] GR3D_FREQ 99% cpu@66.781C soc2@64.687C soc0@65.156C gpu@68.875C tj@68.875C soc1@64.281C VDD_IN 22317mW/22279mW VDD_CPU_GPU_CV 8759mW/8701mW VDD_SOC 7807mW/7914mW
09-02-2026 15:42:06 RAM 4881/7620MB (lfb 31x4MB) SWAP 1/3810MB (cached 0MB) CPU [4%@1728,2%@1728,54%@1728,52%@1728,23%@729,27%@729] GR3D_FREQ 99% cpu@67C soc2@64.625C soc0@65.125C gpu@68.437C tj@68.437C soc1@64.125C VDD_IN 22002mW/22279mW VDD_CPU_GPU_CV 8446mW/8701mW VDD_SOC 7885mW/7914mW
09-02-2026 15:42:11 RAM 4869/7620MB (lfb 31x4MB) SWAP 1/3810MB (cached 0MB) CPU [19%@1728,8%@1728,38%@1728,47%@1728,21%@729,31%@729] GR3D_FREQ 99% cpu@66.687C soc2@64.531C soc0@65.062C gpu@68.781C tj@68.781C soc1@64.281C VDD_IN 22120mW/22279mW VDD_CPU_GPU_CV 8681mW/8700mW VDD_SOC 7807mW/7914mW
09-02-2026 15:42:16 RAM 4869/7620MB (lfb 31x4MB) SWAP 1/3810MB (cached 0MB) CPU [5%@1728,1%@1728,56%@1728,57%@1728,27%@806,25%@806] GR3D_FREQ 99% cpu@66.968C soc2@64.593C soc0@65.031C gpu@68.437C tj@68.437C soc1@64.093C VDD_IN 21884mW/22278mW VDD_CPU_GPU_CV 8407mW/8700mW VDD_SOC 7924mW/7914mW
09-02-2026 15:42:21 RAM 4866/7620MB (lfb 31x4MB) SWAP 1/3810MB (cached 0MB) CPU [5%@1728,0%@1728,60%@1728,55%@1728,28%@1497,26%@1497] GR3D_FREQ 99% cpu@66.875C soc2@64.593C soc0@64.906C gpu@68.625C tj@68.812C soc1@64.187C VDD_IN 22277mW/22278mW VDD_CPU_GPU_CV 8759mW/8700mW VDD_SOC 7885mW/7914mW
09-02-2026 15:42:26 RAM 4864/7620MB (lfb 31x4MB) SWAP 1/3810MB (cached 0MB) CPU [19%@1728,3%@1728,35%@1728,52%@1728,21%@729,33%@729] GR3D_FREQ 99% cpu@66.75C soc2@64.531C soc0@64.968C gpu@68.062C tj@68.187C soc1@64.25C VDD_IN 22080mW/22278mW VDD_CPU_GPU_CV 8368mW/8700mW VDD_SOC 8042mW/7914mW
09-02-2026 15:42:31 RAM 4863/7620MB (lfb 31x4MB) SWAP 1/3810MB (cached 0MB) CPU [28%@1344,5%@1344,17%@1344,59%@1344,27%@1728,27%@1728] GR3D_FREQ 99% cpu@66.906C soc2@64.5C soc0@64.906C gpu@68.531C tj@68.531C soc1@64.156C VDD_IN 22477mW/22278mW VDD_CPU_GPU_CV 8798mW/8700mW VDD_SOC 8003mW/7914mW
09-02-2026 15:42:36 RAM 4866/7620MB (lfb 31x4MB) SWAP 1/3810MB (cached 0MB) CPU [19%@1728,24%@1728,4%@1728,33%@1728,19%@729,61%@729] GR3D_FREQ 76% cpu@66.781C soc2@64.531C soc0@65C gpu@68.406C tj@68.406C soc1@64.218C VDD_IN 22477mW/22278mW VDD_CPU_GPU_CV 8759mW/8700mW VDD_SOC 8003mW/7914mW
09-02-2026 15:42:41 RAM 4870/7620MB (lfb 31x4MB) SWAP 1/3810MB (cached 0MB) CPU [21%@1728,39%@1728,15%@1728,10%@1728,28%@1728,54%@1728] GR3D_FREQ 99% cpu@66.781C soc2@64.625C soc0@65C gpu@68.75C tj@68.75C soc1@64.093C VDD_IN 22713mW/22279mW VDD_CPU_GPU_CV 8915mW/8700mW VDD_SOC 8081mW/7914mW
09-02-2026 15:42:46 RAM 4880/7620MB (lfb 31x4MB) SWAP 1/3810MB (cached 0MB) CPU [1%@729,10%@729,55%@729,16%@729,32%@1728,50%@1728] GR3D_FREQ 99% cpu@66.562C soc2@64.625C soc0@65.062C gpu@68.812C tj@68.812C soc1@64.281C VDD_IN 22595mW/22279mW VDD_CPU_GPU_CV 8837mW/8700mW VDD_SOC 8042mW/7915mW
09-02-2026 15:42:51 RAM 4865/7620MB (lfb 31x4MB) SWAP 1/3810MB (cached 0MB) CPU [7%@1728,54%@1728,12%@1728,17%@1728,18%@1728,61%@1728] GR3D_FREQ 90% cpu@66.812C soc2@64.781C soc0@65.125C gpu@68.593C tj@68.593C soc1@64.281C VDD_IN 22673mW/22280mW VDD_CPU_GPU_CV 8915mW/8701mW VDD_SOC 8042mW/7915mW
09-02-2026 15:42:56 RAM 4864/7620MB (lfb 31x4MB) SWAP 1/3810MB (cached 0MB) CPU [5%@1728,43%@1728,11%@1728,28%@1728,44%@1574,37%@1574] GR3D_FREQ 78% cpu@66.812C soc2@64.687C soc0@65.156C gpu@68.625C tj@68.625C soc1@64.281C VDD_IN 22634mW/22280mW VDD_CPU_GPU_CV 8876mW/8701mW VDD_SOC 8042mW/7915mW
09-02-2026 15:43:01 RAM 4869/7620MB (lfb 31x4MB) SWAP 1/3810MB (cached 0MB) CPU [25%@1574,35%@1574,7%@1574,24%@1574,36%@1728,34%@1728] GR3D_FREQ 69% cpu@66.843C soc2@64.718C soc0@65.25C gpu@68.812C tj@68.812C soc1@64.343C VDD_IN 22474mW/22280mW VDD_CPU_GPU_CV 8759mW/8701mW VDD_SOC 8003mW/7915mW
09-02-2026 15:43:06 RAM 4884/7620MB (lfb 31x4MB) SWAP 1/3810MB (cached 0MB) CPU [17%@1190,42%@1190,21%@1190,4%@1190,41%@1728,43%@1728] GR3D_FREQ 97% cpu@66.968C soc2@64.75C soc0@65.031C gpu@68.75C tj@68.468C soc1@64.312C VDD_IN 22555mW/22280mW VDD_CPU_GPU_CV 8798mW/8701mW VDD_SOC 8003mW/7915mW
09-02-2026 15:43:11 RAM 4862/7620MB (lfb 31x4MB) SWAP 1/3810MB (cached 0MB) CPU [6%@1728,57%@1728,13%@1728,12%@1728,20%@1036,60%@1036] GR3D_FREQ 99% cpu@66.781C soc2@64.812C soc0@65.187C gpu@68.968C tj@68.968C soc1@64.218C VDD_IN 22595mW/22281mW VDD_CPU_GPU_CV 8837mW/8701mW VDD_SOC 8042mW/7915mW
09-02-2026 15:43:16 RAM 4858/7620MB (lfb 31x4MB) SWAP 1/3810MB (cached 0MB) CPU [7%@1728,59%@1728,27%@1728,11%@1728,18%@729,46%@729] GR3D_FREQ 79% cpu@66.968C soc2@64.687C soc0@65.093C gpu@68.218C tj@68.218C soc1@64.343C VDD_IN 21923mW/22280mW VDD_CPU_GPU_CV 8342mW/8701mW VDD_SOC 7924mW/7915mW
09-02-2026 15:43:21 RAM 4860/7620MB (lfb 31x4MB) SWAP 1/3810MB (cached 0MB) CPU [3%@1728,55%@1728,56%@1728,1%@1728,24%@1497,28%@1497] GR3D_FREQ 73% cpu@66.687C soc2@64.625C soc0@65.062C gpu@68.5C tj@68.5C soc1@64.187C VDD_IN 21844mW/22280mW VDD_CPU_GPU_CV 8499mW/8701mW VDD_SOC 7807mW/7915mW
09-02-2026 15:43:26 RAM 4857/7620MB (lfb 31x4MB) SWAP 1/3810MB (cached 0MB) CPU [11%@1728,40%@1728,38%@1728,28%@1728,23%@729,29%@729] GR3D_FREQ 99% cpu@66.75C soc2@64.687C soc0@65.031C gpu@68.531C tj@68.531C soc1@64.218C VDD_IN 22199mW/22280mW VDD_CPU_GPU_CV 8759mW/8701mW VDD_SOC 7807mW/7915mW
09-02-2026 15:43:31 RAM 4852/7620MB (lfb 31x4MB) SWAP 1/3810MB (cached 0MB) CPU [17%@1728,39%@1728,41%@1728,16%@1728,20%@960,32%@960] GR3D_FREQ 99% cpu@66.718C soc2@64.562C soc0@65.062C gpu@68.812C tj@68.812C soc1@64.281C VDD_IN 22041mW/22280mW VDD_CPU_GPU_CV 8524mW/8700mW VDD_SOC 7885mW/7915mW
09-02-2026 15:43:36 RAM 4865/7620MB (lfb 31x4MB) SWAP 1/3810MB (cached 0MB) CPU [55%@1728,1%@1728,61%@1728,1%@1728,24%@729,30%@729] GR3D_FREQ 99% cpu@66.75C soc2@64.531C soc0@65C gpu@68.687C tj@68.687C soc1@64.125C VDD_IN 22277mW/22280mW VDD_CPU_GPU_CV 8837mW/8701mW VDD_SOC 7846mW/7915mW
09-02-2026 15:43:41 RAM 4853/7620MB (lfb 31x4MB) SWAP 1/3810MB (cached 0MB) CPU [26%@1728,7%@1728,55%@1728,10%@1728,28%@1344,35%@1344] GR3D_FREQ 99% cpu@66.718C soc2@64.5C soc0@65.031C gpu@68.562C tj@68.562C soc1@64.25C VDD_IN 21766mW/22279mW VDD_CPU_GPU_CV 8421mW/8700mW VDD_SOC 7819mW/7915mW
09-02-2026 15:43:46 RAM 4859/7620MB (lfb 31x4MB) SWAP 1/3810MB (cached 0MB) CPU [26%@1728,22%@1728,7%@1728,39%@1728,28%@1728,48%@1728] GR3D_FREQ 99% cpu@66.781C soc2@64.687C soc0@65.031C gpu@68.437C tj@68.437C soc1@64.156C VDD_IN 22555mW/22279mW VDD_CPU_GPU_CV 8720mW/8700mW VDD_SOC 8121mW/7915mW
09-02-2026 15:43:51 RAM 4866/7620MB (lfb 31x4MB) SWAP 1/3810MB (cached 0MB) CPU [11%@1574,32%@1574,11%@1574,9%@1574,28%@1728,71%@1728] GR3D_FREQ 99% cpu@66.937C soc2@64.531C soc0@65.031C gpu@68.593C tj@68.593C soc1@64.25C VDD_IN 22474mW/22280mW VDD_CPU_GPU_CV 8681mW/8700mW VDD_SOC 8042mW/7915mW
09-02-2026 15:43:56 RAM 4843/7620MB (lfb 31x4MB) SWAP 1/3810MB (cached 0MB) CPU [15%@729,17%@729,2%@729,23%@729,53%@1728,60%@1728] GR3D_FREQ 99% cpu@66.781C soc2@64.531C soc0@65C gpu@68.593C tj@68.593C soc1@64.125C VDD_IN 22595mW/22280mW VDD_CPU_GPU_CV 8954mW/8701mW VDD_SOC 7964mW/7915mW
09-02-2026 15:44:01 RAM 4851/7620MB (lfb 31x4MB) SWAP 1/3810MB (cached 0MB) CPU [16%@1574,14%@1574,11%@1574,16%@1574,49%@1728,61%@1728] GR3D_FREQ 99% cpu@66.531C soc2@64.5C soc0@65.031C gpu@68.687C tj@68.687C soc1@64.25C VDD_IN 22477mW/22280mW VDD_CPU_GPU_CV 8798mW/8701mW VDD_SOC 7964mW/7915mW
09-02-2026 15:44:06 RAM 4868/7620MB (lfb 31x4MB) SWAP 1/3810MB (cached 0MB) CPU [3%@1728,25%@1728,9%@1728,20%@1728,31%@1728,74%@1728] GR3D_FREQ 99% cpu@66.968C soc2@64.531C soc0@65.062C gpu@68.218C tj@68.218C soc1@64.093C VDD_IN 22474mW/22280mW VDD_CPU_GPU_CV 8524mW/8700mW VDD_SOC 8121mW/7915mW
09-02-2026 15:44:11 RAM 4879/7620MB (lfb 31x4MB) SWAP 1/3810MB (cached 0MB) CPU [44%@1728,32%@1728,1%@1728,14%@1728,24%@729,49%@729] GR3D_FREQ 99% cpu@67.093C soc2@64.75C soc0@65.031C gpu@68.281C tj@68.281C soc1@64.218C VDD_IN 22752mW/22281mW VDD_CPU_GPU_CV 8823mW/8701mW VDD_SOC 8160mW/7916mW
09-02-2026 15:44:16 RAM 4866/7620MB (lfb 31x4MB) SWAP 1/3810MB (cached 0MB) CPU [5%@729,42%@729,1%@729,38%@729,17%@1728,60%@1728] GR3D_FREQ 99% cpu@67.125C soc2@64.656C soc0@65.125C gpu@68.312C tj@68.312C soc1@64.375C VDD_IN 22752mW/22281mW VDD_CPU_GPU_CV 8784mW/8701mW VDD_SOC 8160mW/7916mW
09-02-2026 15:44:21 RAM 4871/7620MB (lfb 31x4MB) SWAP 1/3810MB (cached 0MB) CPU [3%@1728,22%@1728,1%@1728,60%@1728,18%@729,57%@729] GR3D_FREQ 99% cpu@67.031C soc2@64.718C soc0@65C gpu@68.656C tj@68.656C soc1@64.25C VDD_IN 22595mW/22281mW VDD_CPU_GPU_CV 8837mW/8701mW VDD_SOC 8042mW/7916mW
09-02-2026 15:44:26 RAM 4854/7620MB (lfb 31x4MB) SWAP 1/3810MB (cached 0MB) CPU [3%@1728,21%@1728,3%@1728,58%@1728,27%@729,50%@729] GR3D_FREQ 99% cpu@66.531C soc2@64.593C soc0@65.031C gpu@68.75C tj@68.75C soc1@64.343C VDD_IN 22595mW/22282mW VDD_CPU_GPU_CV 8993mW/8701mW VDD_SOC 7924mW/7916mW
09-02-2026 15:44:31 RAM 4864/7620MB (lfb 31x4MB) SWAP 1/3810MB (cached 0MB) CPU [1%@1728,49%@1728,11%@1728,54%@1728,29%@1344,25%@1344] GR3D_FREQ 99% cpu@66.5C soc2@64.593C soc0@65C gpu@68.531C tj@68.531C soc1@64.25C VDD_IN 21884mW/22281mW VDD_CPU_GPU_CV 8446mW/8701mW VDD_SOC 7819mW/7916mW
09-02-2026 15:44:36 RAM 4877/7620MB (lfb 31x4MB) SWAP 1/3810MB (cached 0MB) CPU [7%@1728,54%@1728,1%@1728,45%@1728,25%@729,32%@729] GR3D_FREQ 99% cpu@66.406C soc2@64.593C soc0@65.031C gpu@68.687C tj@68.687C soc1@64.312C VDD_IN 22395mW/22281mW VDD_CPU_GPU_CV 8837mW/8701mW VDD_SOC 7807mW/7916mW
09-02-2026 15:44:41 RAM 4863/7620MB (lfb 31x4MB) SWAP 1/3810MB (cached 0MB) CPU [36%@1728,51%@1728,17%@1728,4%@1728,22%@883,31%@883] GR3D_FREQ 99% cpu@66.718C soc2@64.531C soc0@65C gpu@68.625C tj@68.625C soc1@64.156C VDD_IN 21648mW/22281mW VDD_CPU_GPU_CV 8303mW/8701mW VDD_SOC 7819mW/7916mW
09-02-2026 15:44:46 RAM 4870/7620MB (lfb 31x4MB) SWAP 1/3810MB (cached 0MB) CPU [2%@729,49%@729,56%@729,1%@729,28%@1728,32%@1728] GR3D_FREQ 99% cpu@66.75C soc2@64.531C soc0@65C gpu@68.687C tj@68.687C soc1@64.25C VDD_IN 22477mW/22281mW VDD_CPU_GPU_CV 8876mW/8701mW VDD_SOC 7885mW/7916mW
09-02-2026 15:44:51 RAM 4868/7620MB (lfb 31x4MB) SWAP 1/3810MB (cached 0MB) CPU [27%@1728,11%@1728,33%@1728,16%@1728,18%@729,58%@729] GR3D_FREQ 99% cpu@66.687C soc2@64.656C soc0@65.125C gpu@68.656C tj@68.656C soc1@64.187C VDD_IN 22752mW/22281mW VDD_CPU_GPU_CV 8993mW/8701mW VDD_SOC 8003mW/7916mW
09-02-2026 15:44:56 RAM 4865/7620MB (lfb 31x4MB) SWAP 1/3810MB (cached 0MB) CPU [18%@1728,12%@1728,4%@1728,57%@1728,24%@1728,49%@1728] GR3D_FREQ 99% cpu@66.968C soc2@64.531C soc0@65.031C gpu@68.75C tj@68.75C soc1@64.25C VDD_IN 22555mW/22282mW VDD_CPU_GPU_CV 8876mW/8701mW VDD_SOC 7964mW/7916mW
09-02-2026 15:45:01 RAM 4875/7620MB (lfb 31x4MB) SWAP 1/3810MB (cached 0MB) CPU [14%@1728,37%@1728,30%@1728,15%@1728,11%@1420,66%@1420] GR3D_FREQ 99% cpu@67.031C soc2@64.687C soc0@65.25C gpu@68.781C tj@68.781C soc1@64.218C VDD_IN 22830mW/22282mW VDD_CPU_GPU_CV 9057mW/8702mW VDD_SOC 8042mW/7916mW
09-02-2026 15:45:06 RAM 4888/7620MB (lfb 31x4MB) SWAP 1/3810MB (cached 0MB) CPU [19%@1728,16%@1728,56%@1728,4%@1728,16%@729,54%@729] GR3D_FREQ 99% cpu@66.656C soc2@64.75C soc0@65.218C gpu@68.687C tj@68.687C soc1@64.218C VDD_IN 22752mW/22283mW VDD_CPU_GPU_CV 9072mW/8702mW VDD_SOC 8003mW/7916mW
09-02-2026 15:45:11 RAM 4864/7620MB (lfb 31x4MB) SWAP 1/3810MB (cached 0MB) CPU [13%@1728,38%@1728,27%@1728,3%@1728,44%@1574,38%@1574] GR3D_FREQ 96% cpu@66.937C soc2@64.718C soc0@65.218C gpu@68.875C tj@68.875C soc1@64.187C VDD_IN 22595mW/22283mW VDD_CPU_GPU_CV 8876mW/8702mW VDD_SOC 8003mW/7916mW
09-02-2026 15:45:16 RAM 4850/7620MB (lfb 32x4MB) SWAP 1/3810MB (cached 0MB) CPU [35%@1728,19%@1728,44%@1728,16%@1728,26%@729,30%@729] GR3D_FREQ 99% cpu@67.062C soc2@64.906C soc0@65C gpu@68.5C tj@68.5C soc1@64.25C VDD_IN 22435mW/22283mW VDD_CPU_GPU_CV 8485mW/8702mW VDD_SOC 8081mW/7916mW
09-02-2026 15:45:21 RAM 4864/7620MB (lfb 32x4MB) SWAP 1/3810MB (cached 0MB) CPU [25%@806,56%@806,1%@806,19%@806,35%@1728,31%@1728] GR3D_FREQ 99% cpu@66.75C soc2@64.656C soc0@65.187C gpu@68.75C tj@68.75C soc1@64.406C VDD_IN 22673mW/22284mW VDD_CPU_GPU_CV 8993mW/8702mW VDD_SOC 8003mW/7916mW
09-02-2026 15:45:26 RAM 4869/7620MB (lfb 32x4MB) SWAP 1/3810MB (cached 0MB) CPU [8%@1728,22%@1728,3%@1728,57%@1728,14%@729,54%@729] GR3D_FREQ 99% cpu@66.843C soc2@64.687C soc0@65.031C gpu@68.718C tj@68.718C soc1@64.25C VDD_IN 22713mW/22284mW VDD_CPU_GPU_CV 9018mW/8702mW VDD_SOC 8003mW/7916mW
09-02-2026 15:45:31 RAM 4880/7620MB (lfb 32x4MB) SWAP 1/3810MB (cached 0MB) CPU [23%@729,29%@729,7%@729,37%@729,23%@1728,52%@1728] GR3D_FREQ 99% cpu@66.906C soc2@64.75C soc0@65.187C gpu@68.781C tj@68.781C soc1@64.437C VDD_IN 22791mW/22284mW VDD_CPU_GPU_CV 9033mW/8703mW VDD_SOC 8003mW/7916mW
09-02-2026 15:45:36 RAM 4865/7620MB (lfb 32x4MB) SWAP 1/3810MB (cached 0MB) CPU [10%@1497,23%@1497,15%@1497,23%@1497,38%@1728,58%@1728] GR3D_FREQ 99% cpu@66.843C soc2@64.812C soc0@65.125C gpu@68.656C tj@68.656C soc1@64.375C VDD_IN 22516mW/22285mW VDD_CPU_GPU_CV 8876mW/8703mW VDD_SOC 8003mW/7917mW
09-02-2026 15:45:41 RAM 4858/7620MB (lfb 32x4MB) SWAP 1/3810MB (cached 0MB) CPU [5%@1728,15%@1728,12%@1728,21%@1728,53%@1728,62%@1728] GR3D_FREQ 69% cpu@66.843C soc2@64.656C soc0@65.125C gpu@68.812C tj@68.812C soc1@64.25C VDD_IN 22238mW/22285mW VDD_CPU_GPU_CV 8524mW/8703mW VDD_SOC 8003mW/7917mW
09-02-2026 15:45:46 RAM 4884/7620MB (lfb 32x4MB) SWAP 1/3810MB (cached 0MB) CPU [11%@1728,13%@1728,11%@1728,19%@1728,52%@1728,60%@1728] GR3D_FREQ 99% cpu@66.937C soc2@64.75C soc0@65.156C gpu@68.75C tj@68.75C soc1@64.312C VDD_IN 22477mW/22285mW VDD_CPU_GPU_CV 8915mW/8703mW VDD_SOC 7885mW/7917mW
09-02-2026 15:45:51 RAM 4864/7620MB (lfb 32x4MB) SWAP 1/3810MB (cached 0MB) CPU [17%@1728,9%@1728,24%@1728,9%@1728,59%@1728,55%@1728] GR3D_FREQ 52% cpu@66.781C soc2@64.625C soc0@65.062C gpu@68.312C tj@68.531C soc1@64.343C VDD_IN 21962mW/22284mW VDD_CPU_GPU_CV 8485mW/8703mW VDD_SOC 7807mW/7916mW
09-02-2026 15:45:56 RAM 4855/7620MB (lfb 32x4MB) SWAP 1/3810MB (cached 0MB) CPU [13%@729,14%@729,11%@729,15%@729,47%@1728,61%@1728] GR3D_FREQ 99% cpu@67.25C soc2@64.812C soc0@65.093C gpu@68.531C tj@68.531C soc1@64.312C VDD_IN 22317mW/22285mW VDD_CPU_GPU_CV 8524mW/8703mW VDD_SOC 8003mW/7917mW
09-02-2026 15:46:01 RAM 4873/7620MB (lfb 32x4MB) SWAP 1/3810MB (cached 0MB) CPU [21%@1728,5%@1728,16%@1728,21%@1728,48%@1728,55%@1728] GR3D_FREQ 99% cpu@66.906C soc2@64.625C soc0@65.125C gpu@68.781C tj@68.781C soc1@64.5C VDD_IN 22359mW/22285mW VDD_CPU_GPU_CV 8798mW/8703mW VDD_SOC 7924mW/7917mW
09-02-2026 15:46:06 RAM 4851/7620MB (lfb 32x4MB) SWAP 1/3810MB (cached 0MB) CPU [2%@1728,17%@1728,21%@1728,10%@1728,51%@1651,56%@1651] GR3D_FREQ 99% cpu@66.75C soc2@64.687C soc0@65.031C gpu@68.437C tj@68.437C soc1@64.25C VDD_IN 21884mW/22284mW VDD_CPU_GPU_CV 8368mW/8702mW VDD_SOC 7885mW/7917mW
09-02-2026 15:46:11 RAM 4868/7620MB (lfb 32x4MB) SWAP 1/3810MB (cached 0MB) CPU [8%@1728,17%@1728,43%@1728,45%@1728,40%@729,23%@729] GR3D_FREQ 99% cpu@66.843C soc2@64.656C soc0@65.125C gpu@68.875C tj@68.875C soc1@64.312C VDD_IN 22277mW/22284mW VDD_CPU_GPU_CV 8837mW/8702mW VDD_SOC 7807mW/7916mW
09-02-2026 15:46:16 RAM 4872/7620MB (lfb 32x4MB) SWAP 1/3810MB (cached 0MB) CPU [2%@1728,58%@1728,62%@1728,0%@1728,26%@729,27%@729] GR3D_FREQ 99% cpu@67C soc2@64.781C soc0@65.031C gpu@68.687C tj@68.687C soc1@64.281C VDD_IN 22041mW/22284mW VDD_CPU_GPU_CV 8485mW/8702mW VDD_SOC 7885mW/7916mW
09-02-2026 15:46:21 RAM 4860/7620MB (lfb 32x4MB) SWAP 1/3810MB (cached 0MB) CPU [1%@1728,38%@1728,56%@1728,18%@1728,25%@729,30%@729] GR3D_FREQ 99% cpu@66.75C soc2@64.718C soc0@65.125C gpu@68.75C tj@68.75C soc1@64.25C VDD_IN 22356mW/22284mW VDD_CPU_GPU_CV 8837mW/8702mW VDD_SOC 7885mW/7916mW
09-02-2026 15:46:26 RAM 4864/7620MB (lfb 32x4MB) SWAP 1/3810MB (cached 0MB) CPU [1%@1728,46%@1728,13%@1728,54%@1728,22%@729,28%@729] GR3D_FREQ 99% cpu@66.812C soc2@64.625C soc0@65.031C gpu@68.375C tj@68.375C soc1@64.25C VDD_IN 21962mW/22284mW VDD_CPU_GPU_CV 8446mW/8702mW VDD_SOC 7924mW/7916mW
09-02-2026 15:46:31 RAM 4879/7620MB (lfb 32x4MB) SWAP 1/3810MB (cached 0MB) CPU [1%@1728,39%@1728,31%@1728,41%@1728,22%@806,31%@806] GR3D_FREQ 99% cpu@67.156C soc2@64.531C soc0@65C gpu@68.687C tj@68.687C soc1@64.281C VDD_IN 22159mW/22284mW VDD_CPU_GPU_CV 8720mW/8702mW VDD_SOC 7807mW/7916mW
09-02-2026 15:46:36 RAM 4858/7620MB (lfb 32x4MB) SWAP 1/3810MB (cached 0MB) CPU [3%@1574,29%@1574,33%@1574,45%@1574,26%@960,31%@960] GR3D_FREQ 84% cpu@66.718C soc2@64.593C soc0@65.218C gpu@68.281C tj@68.281C soc1@64.218C VDD_IN 21844mW/22283mW VDD_CPU_GPU_CV 8342mW/8702mW VDD_SOC 7846mW/7916mW
09-02-2026 15:46:41 RAM 4844/7620MB (lfb 32x4MB) SWAP 1/3810MB (cached 0MB) CPU [2%@1728,60%@1728,3%@1728,48%@1728,20%@729,32%@729] GR3D_FREQ 99% cpu@66.875C soc2@64.593C soc0@64.968C gpu@68.75C tj@68.75C soc1@64.25C VDD_IN 22199mW/22283mW VDD_CPU_GPU_CV 8720mW/8702mW VDD_SOC 7807mW/7916mW
09-02-2026 15:46:46 RAM 4870/7620MB (lfb 32x4MB) SWAP 1/3810MB (cached 0MB) CPU [2%@1728,46%@1728,11%@1728,55%@1728,27%@729,25%@729] GR3D_FREQ 81% cpu@66.968C soc2@64.5C soc0@65.093C gpu@68.156C tj@68.156C soc1@64.218C VDD_IN 21962mW/22283mW VDD_CPU_GPU_CV 8303mW/8701mW VDD_SOC 7924mW/7916mW
09-02-2026 15:46:51 RAM 4859/7620MB (lfb 32x4MB) SWAP 1/3810MB (cached 0MB) CPU [24%@1728,24%@1728,52%@1728,15%@1728,26%@1497,26%@1497] GR3D_FREQ 99% cpu@66.781C soc2@64.625C soc0@65.031C gpu@68.562C tj@68.562C soc1@64.25C VDD_IN 21962mW/22283mW VDD_CPU_GPU_CV 8563mW/8701mW VDD_SOC 7846mW/7916mW
09-02-2026 15:46:56 RAM 4864/7620MB (lfb 32x4MB) SWAP 1/3810MB (cached 0MB) CPU [26%@1728,21%@1728,55%@1728,16%@1728,24%@883,29%@883] GR3D_FREQ 99% cpu@66.75C soc2@64.625C soc0@65.125C gpu@68.187C tj@68.187C soc1@64.312C VDD_IN 22435mW/22283mW VDD_CPU_GPU_CV 8720mW/8701mW VDD_SOC 7964mW/7916mW
09-02-2026 15:47:01 RAM 4868/7620MB (lfb 32x4MB) SWAP 1/3810MB (cached 0MB) CPU [45%@1728,2%@1728,13%@1728,56%@1728,23%@729,30%@729] GR3D_FREQ 99% cpu@66.906C soc2@64.562C soc0@64.906C gpu@68.843C tj@68.843C soc1@64.25C VDD_IN 21884mW/22282mW VDD_CPU_GPU_CV 8524mW/8701mW VDD_SOC 7846mW/7916mW
09-02-2026 15:47:06 RAM 4864/7620MB (lfb 32x4MB) SWAP 1/3810MB (cached 0MB) CPU [4%@1728,38%@1728,31%@1728,30%@1728,23%@729,34%@729] GR3D_FREQ 99% cpu@66.781C soc2@64.593C soc0@65C gpu@68.625C tj@68.625C soc1@64.25C VDD_IN 22238mW/22282mW VDD_CPU_GPU_CV 8759mW/8701mW VDD_SOC 7846mW/7916mW
09-02-2026 15:47:11 RAM 4881/7620MB (lfb 32x4MB) SWAP 1/3810MB (cached 0MB) CPU [10%@1728,19%@1728,58%@1728,30%@1728,21%@1113,32%@1113] GR3D_FREQ 99% cpu@66.875C soc2@64.562C soc0@65.093C gpu@68.406C tj@68.406C soc1@64.156C VDD_IN 21766mW/22282mW VDD_CPU_GPU_CV 8381mW/8701mW VDD_SOC 7819mW/7916mW
09-02-2026 15:47:16 RAM 4869/7620MB (lfb 32x4MB) SWAP 1/3810MB (cached 0MB) CPU [47%@1728,4%@1728,48%@1728,4%@1728,38%@729,29%@729] GR3D_FREQ 99% cpu@66.75C soc2@64.625C soc0@65.031C gpu@68.593C tj@68.593C soc1@64.25C VDD_IN 22241mW/22282mW VDD_CPU_GPU_CV 8837mW/8701mW VDD_SOC 7846mW/7916mW
09-02-2026 15:47:21 RAM 4865/7620MB (lfb 32x4MB) SWAP 1/3810MB (cached 0MB) CPU [26%@1728,1%@1728,59%@1728,14%@1728,23%@1728,46%@1728] GR3D_FREQ 99% cpu@66.812C soc2@64.625C soc0@65.062C gpu@68.75C tj@68.75C soc1@64.187C VDD_IN 22673mW/22282mW VDD_CPU_GPU_CV 8993mW/8701mW VDD_SOC 8003mW/7916mW
09-02-2026 15:47:26 RAM 4867/7620MB (lfb 32x4MB) SWAP 1/3810MB (cached 0MB) CPU [7%@1728,43%@1728,50%@1728,5%@1728,20%@729,43%@729] GR3D_FREQ 99% cpu@66.875C soc2@64.531C soc0@65.062C gpu@68.5C tj@68.5C soc1@64.343C VDD_IN 21923mW/22282mW VDD_CPU_GPU_CV 8460mW/8701mW VDD_SOC 7846mW/7916mW
09-02-2026 15:47:31 RAM 4859/7620MB (lfb 32x4MB) SWAP 1/3810MB (cached 0MB) CPU [27%@1728,59%@1728,33%@1728,2%@1728,24%@883,29%@883] GR3D_FREQ 99% cpu@66.5C soc2@64.562C soc0@65.093C gpu@68.843C tj@68.843C soc1@64.218C VDD_IN 22159mW/22282mW VDD_CPU_GPU_CV 8759mW/8701mW VDD_SOC 7807mW/7916mW
09-02-2026 15:47:36 RAM 4858/7620MB (lfb 32x4MB) SWAP 1/3810MB (cached 0MB) CPU [4%@1728,53%@1728,58%@1728,2%@1728,26%@729,25%@729] GR3D_FREQ 90% cpu@66.687C soc2@64.625C soc0@65.031C gpu@68.187C tj@68.187C soc1@64.25C VDD_IN 21923mW/22281mW VDD_CPU_GPU_CV 8303mW/8701mW VDD_SOC 7924mW/7916mW
09-02-2026 15:47:41 RAM 4880/7620MB (lfb 32x4MB) SWAP 1/3810MB (cached 0MB) CPU [4%@1728,60%@1728,51%@1728,4%@1728,30%@1497,24%@1497] GR3D_FREQ 99% cpu@66.531C soc2@64.656C soc0@65.093C gpu@68.406C tj@68.406C soc1@64.218C VDD_IN 22159mW/22281mW VDD_CPU_GPU_CV 8641mW/8701mW VDD_SOC 7846mW/7916mW
09-02-2026 15:47:46 RAM 4884/7620MB (lfb 32x4MB) SWAP 1/3810MB (cached 0MB) CPU [18%@1728,30%@1728,43%@1728,5%@1728,20%@1728,53%@1728] GR3D_FREQ 59% cpu@66.968C soc2@64.718C soc0@64.937C gpu@68.468C tj@68.468C soc1@64.25C VDD_IN 22673mW/22282mW VDD_CPU_GPU_CV 8666mW/8701mW VDD_SOC 8121mW/7916mW
09-02-2026 15:47:53 RAM 4879/7620MB (lfb 32x4MB) SWAP 1/3810MB (cached 0MB) CPU [14%@1728,22%@1728,37%@1728,9%@1728,32%@1728,57%@1728] GR3D_FREQ 99% cpu@67C soc2@64.687C soc0@65.125C gpu@68.25C tj@68.25C soc1@64.375C VDD_IN 22359mW/22282mW VDD_CPU_GPU_CV 8524mW/8701mW VDD_SOC 8081mW/7916mW
09-02-2026 15:47:58 RAM 4852/7620MB (lfb 32x4MB) SWAP 1/3810MB (cached 0MB) CPU [18%@1728,19%@1728,33%@1728,6%@1728,26%@1728,57%@1728] GR3D_FREQ 99% cpu@66.843C soc2@64.718C soc0@65.187C gpu@69.062C tj@69.062C soc1@64.187C VDD_IN 22438mW/22282mW VDD_CPU_GPU_CV 8837mW/8701mW VDD_SOC 7885mW/7916mW
09-02-2026 15:48:03 RAM 4861/7620MB (lfb 32x4MB) SWAP 1/3810MB (cached 0MB) CPU [10%@729,27%@729,18%@729,8%@729,43%@1728,61%@1728] GR3D_FREQ 99% cpu@66.718C soc2@64.593C soc0@65.031C gpu@68.781C tj@68.781C soc1@64.25C VDD_IN 22041mW/22282mW VDD_CPU_GPU_CV 8485mW/8700mW VDD_SOC 7885mW/7916mW
09-02-2026 15:48:08 RAM 4882/7620MB (lfb 32x4MB) SWAP 1/3810MB (cached 0MB) CPU [16%@1574,18%@1574,21%@1574,5%@1574,59%@1728,61%@1728] GR3D_FREQ 64% cpu@67.031C soc2@64.843C soc0@65.062C gpu@68.281C tj@68.281C soc1@64.281C VDD_IN 22595mW/22282mW VDD_CPU_GPU_CV 8641mW/8700mW VDD_SOC 8121mW/7916mW
