step,t_s,state.shoulder_pan,state.shoulder_lift,state.elbow_flex,state.wrist_flex,state.wrist_roll,state.gripper,cmd.shoulder_pan,cmd.shoulder_lift,cmd.elbow_flex,cmd.wrist_flex,cmd.wrist_roll,cmd.gripper,rec.shoulder_pan,rec.shoulder_lift,rec.elbow_flex,rec.wrist_flex,rec.wrist_roll,rec.gripper
0,0.0013,0.9587020648967695,-99.08485856905158,99.36794582392776,75.20169851380044,39.04761904761904,93.85964912280701,0.8849557638168335,-99.83361053466797,99.3679428100586,75.28662109375,39.0476188659668,94.46693420410156,0.8849557638168335,-99.83361053466797,99.3679428100586,75.28662109375,39.0476188659668,94.46693420410156
1,0.0347,0.9587020648967695,-99.08485856905158,99.36794582392776,75.20169851380044,39.04761904761904,93.85964912280701,0.8849557638168335,-99.83361053466797,99.3679428100586,75.28662109375,39.0476188659668,94.39945983886719,0.8849557638168335,-99.83361053466797,99.3679428100586,75.28662109375,39.0476188659668,94.46693420410156
2,0.0682,0.9587020648967695,-99.08485856905158,99.36794582392776,75.20169851380044,39.04761904761904,93.92712550607287,0.8849557638168335,-99.83361053466797,99.3679428100586,75.28662109375,39.0476188659668,92.37516784667969,0.8849557638168335,-99.83361053466797,99.3679428100586,75.28662109375,39.0476188659668,94.39945983886719
3,0.1021,0.9587020648967695,-99.08485856905158,99.36794582392776,75.20169851380044,39.04761904761904,93.99460188933874,0.8849557638168335,-99.83361053466797,99.3679428100586,75.28662109375,39.0476188659668,89.20378112792969,0.8849557638168335,-99.83361053466797,99.3679428100586,75.28662109375,39.0476188659668,92.37516784667969
4,0.1352,0.9587020648967695,-99.16805324459234,99.36794582392776,75.20169851380044,39.04761904761904,93.79217273954116,0.8849557638168335,-99.83361053466797,99.3679428100586,75.28662109375,39.0476188659668,85.96491241455078,0.8849557638168335,-99.83361053466797,99.3679428100586,75.28662109375,39.0476188659668,89.20378112792969
5,0.1686,0.9587020648967695,-99.33444259567388,99.36794582392776,75.20169851380044,39.04761904761904,92.3076923076923,0.8849557638168335,-99.83361053466797,99.3679428100586,75.28662109375,39.0476188659668,82.59109497070312,0.8849557638168335,-99.83361053466797,99.3679428100586,75.28662109375,39.0476188659668,85.96491241455078
6,0.2026,0.9587020648967695,-99.50083194675541,99.36794582392776,75.20169851380044,39.04761904761904,89.87854251012146,0.8849557638168335,-99.83361053466797,99.3679428100586,75.28662109375,39.0476188659668,79.28475189208984,0.8849557638168335,-99.83361053466797,99.3679428100586,75.28662109375,39.0476188659668,82.59109497070312
7,0.236,0.9587020648967695,-99.58402662229618,99.36794582392776,75.20169851380044,39.04761904761904,87.38191632928475,0.8849557638168335,-99.83361053466797,99.3679428100586,75.28662109375,39.0476188659668,75.97840881347656,0.8849557638168335,-99.83361053466797,99.3679428100586,75.28662109375,39.0476188659668,79.28475189208984
8,0.2693,0.9587020648967695,-99.58402662229618,99.36794582392776,75.20169851380044,39.04761904761904,84.4804318488529,0.8849557638168335,-99.83361053466797,99.3679428100586,75.28662109375,39.0476188659668,72.6045913696289,0.8849557638168335,-99.83361053466797,99.3679428100586,75.28662109375,39.0476188659668,75.97840881347656
9,0.3023,0.9587020648967695,-99.58402662229618,99.36794582392776,75.20169851380044,39.04761904761904,81.5114709851552,0.8849557638168335,-99.83361053466797,99.3679428100586,75.28662109375,39.0476188659668,69.29824829101562,0.8849557638168335,-99.83361053466797,99.3679428100586,75.28662109375,39.0476188659668,72.6045913696289
10,0.3356,0.9587020648967695,-99.58402662229618,99.36794582392776,75.20169851380044,39.04761904761904,78.34008097165992,0.8849557638168335,-99.83361053466797,99.3679428100586,75.28662109375,39.0476188659668,66.19432830810547,0.8849557638168335,-99.83361053466797,99.3679428100586,75.28662109375,39.0476188659668,69.29824829101562
11,0.369,0.9587020648967695,-99.58402662229618,99.36794582392776,75.20169851380044,39.04761904761904,75.16869095816465,0.8849557638168335,-99.83361053466797,99.3679428100586,75.28662109375,39.0476188659668,64.1025619506836,0.8849557638168335,-99.83361053466797,99.3679428100586,75.28662109375,39.0476188659668,66.19432830810547
12,0.4025,0.9587020648967695,-99.58402662229618,99.36794582392776,75.20169851380044,39.04761904761904,71.99730094466936,0.8849557638168335,-99.83361053466797,99.3679428100586,75.28662109375,39.0476188659668,62.82051467895508,0.8849557638168335,-99.83361053466797,99.3679428100586,75.28662109375,39.0476188659668,64.1025619506836
13,0.4358,0.9587020648967695,-99.58402662229618,99.36794582392776,75.20169851380044,39.04761904761904,69.09581646423752,0.8849557638168335,-99.83361053466797,99.3679428100586,75.28662109375,39.0476188659668,61.943321228027344,0.8849557638168335,-99.83361053466797,99.3679428100586,75.28662109375,39.0476188659668,62.82051467895508
14,0.4693,0.9587020648967695,-99.58402662229618,99.36794582392776,75.20169851380044,39.04761904761904,66.53171390013495,0.8849557638168335,-99.83361053466797,99.3679428100586,75.28662109375,39.0476188659668,61.33603286743164,0.8849557638168335,-99.83361053466797,99.3679428100586,75.28662109375,39.0476188659668,61.943321228027344
15,0.5026,0.9587020648967695,-99.58402662229618,99.36794582392776,75.20169851380044,39.04761904761904,64.84480431848853,0.8849557638168335,-99.83361053466797,99.3679428100586,75.28662109375,39.0476188659668,60.931175231933594,0.8849557638168335,-99.83361053466797,99.3679428100586,75.28662109375,39.0476188659668,61.33603286743164
16,0.5361,0.9587020648967695,-99.58402662229618,99.36794582392776,75.20169851380044,39.04761904761904,63.56275303643725,0.8849557638168335,-99.83361053466797,99.3679428100586,75.28662109375,39.0476188659668,60.66127014160156,0.8849557638168335,-99.83361053466797,99.3679428100586,75.28662109375,39.0476188659668,60.931175231933594
17,0.5695,0.9587020648967695,-99.58402662229618,99.36794582392776,75.20169851380044,39.04761904761904,62.685560053981106,0.9587020874023438,-99.83361053466797,99.3679428100586,75.28662109375,39.0476188659668,60.52631759643555,0.8849557638168335,-99.83361053466797,99.3679428100586,75.28662109375,39.0476188659668,60.66127014160156
18,0.6029,0.9587020648967695,-99.58402662229618,99.36794582392776,75.20169851380044,39.04761904761904,61.943319838056674,0.9587020874023438,-99.83361053466797,99.3679428100586,75.28662109375,39.0476188659668,60.391361236572266,0.9587020874023438,-99.83361053466797,99.3679428100586,75.28662109375,39.0476188659668,60.52631759643555
19,0.6363,0.9587020648967695,-99.58402662229618,99.36794582392776,75.20169851380044,39.04761904761904,61.47098515519568,0.9587020874023438,-99.83361053466797,99.3679428100586,75.28662109375,39.0476188659668,60.32388687133789,0.9587020874023438,-99.83361053466797,99.3679428100586,75.28662109375,39.0476188659668,60.391361236572266
20,0.6697,0.9587020648967695,-99.58402662229618,99.36794582392776,75.20169851380044,39.04761904761904,61.1336032388664,1.032448410987854,-99.83361053466797,99.3679428100586,75.28662109375,39.0476188659668,60.32388687133789,0.9587020874023438,-99.83361053466797,99.3679428100586,75.28662109375,39.0476188659668,60.32388687133789
21,0.7031,0.9587020648967695,-99.58402662229618,99.36794582392776,75.20169851380044,39.04761904761904,60.93117408906883,1.032448410987854,-99.83361053466797,99.3679428100586,75.28662109375,39.0476188659668,60.32388687133789,1.032448410987854,-99.83361053466797,99.3679428100586,75.28662109375,39.0476188659668,60.32388687133789
22,0.7366,0.9587020648967695,-99.58402662229618,99.36794582392776,75.20169851380044,39.04761904761904,60.72874493927125,1.032448410987854,-99.83361053466797,99.3679428100586,75.28662109375,39.0476188659668,60.32388687133789,1.032448410987854,-99.83361053466797,99.3679428100586,75.28662109375,39.0476188659668,60.32388687133789
23,0.7699,0.9587020648967695,-99.58402662229618,99.36794582392776,75.20169851380044,39.04761904761904,60.72874493927125,1.032448410987854,-99.83361053466797,99.3679428100586,75.28662109375,39.0476188659668,60.32388687133789,1.032448410987854,-99.83361053466797,99.3679428100586,75.28662109375,39.0476188659668,60.32388687133789
24,0.8033,0.9587020648967695,-99.58402662229618,99.36794582392776,75.20169851380044,39.04761904761904,60.72874493927125,1.032448410987854,-99.83361053466797,99.3679428100586,75.28662109375,39.0476188659668,60.32388687133789,1.032448410987854,-99.83361053466797,99.3679428100586,75.28662109375,39.0476188659668,60.32388687133789
25,0.837,0.9587020648967695,-99.58402662229618,99.36794582392776,75.20169851380044,39.04761904761904,60.72874493927125,1.032448410987854,-99.83361053466797,99.3679428100586,75.28662109375,39.0476188659668,60.32388687133789,1.032448410987854,-99.83361053466797,99.3679428100586,75.28662109375,39.0476188659668,60.32388687133789
26,0.8702,0.9587020648967695,-99.58402662229618,99.36794582392776,75.20169851380044,39.04761904761904,60.72874493927125,1.032448410987854,-99.83361053466797,99.3679428100586,75.28662109375,39.0476188659668,60.32388687133789,1.032448410987854,-99.83361053466797,99.3679428100586,75.28662109375,39.0476188659668,60.32388687133789
27,0.9036,0.9587020648967695,-99.58402662229618,99.36794582392776,75.20169851380044,39.04761904761904,60.72874493927125,1.032448410987854,-99.83361053466797,99.3679428100586,75.28662109375,39.0476188659668,60.32388687133789,1.032448410987854,-99.83361053466797,99.3679428100586,75.28662109375,39.0476188659668,60.32388687133789
28,0.937,0.9587020648967695,-99.58402662229618,99.36794582392776,75.20169851380044,39.04761904761904,60.72874493927125,1.032448410987854,-99.83361053466797,99.3679428100586,75.28662109375,39.0476188659668,60.32388687133789,1.032448410987854,-99.83361053466797,99.3679428100586,75.28662109375,39.0476188659668,60.32388687133789
29,0.9705,0.9587020648967695,-99.58402662229618,99.36794582392776,75.20169851380044,39.04761904761904,60.72874493927125,1.032448410987854,-99.83361053466797,99.3679428100586,75.28662109375,39.0476188659668,60.32388687133789,1.032448410987854,-99.83361053466797,99.3679428100586,75.28662109375,39.0476188659668,60.32388687133789
30,1.0038,0.9587020648967695,-99.58402662229618,99.36794582392776,75.20169851380044,39.04761904761904,60.72874493927125,1.032448410987854,-99.83361053466797,99.3679428100586,75.28662109375,39.0476188659668,60.32388687133789,1.032448410987854,-99.83361053466797,99.3679428100586,75.28662109375,39.0476188659668,60.32388687133789
31,1.0373,0.9587020648967695,-99.58402662229618,99.36794582392776,75.20169851380044,39.04761904761904,60.72874493927125,1.032448410987854,-99.83361053466797,99.3679428100586,75.28662109375,39.0476188659668,60.32388687133789,1.032448410987854,-99.83361053466797,99.3679428100586,75.28662109375,39.0476188659668,60.32388687133789
32,1.0707,0.9587020648967695,-99.58402662229618,99.36794582392776,75.20169851380044,39.04761904761904,60.72874493927125,1.032448410987854,-99.83361053466797,99.3679428100586,75.28662109375,39.0476188659668,60.32388687133789,1.032448410987854,-99.83361053466797,99.3679428100586,75.28662109375,39.0476188659668,60.32388687133789
33,1.1041,0.9587020648967695,-99.58402662229618,99.36794582392776,75.20169851380044,39.04761904761904,60.72874493927125,1.032448410987854,-99.58403015136719,99.3679428100586,75.28662109375,39.0476188659668,60.32388687133789,1.032448410987854,-99.83361053466797,99.3679428100586,75.28662109375,39.0476188659668,60.32388687133789
34,1.1375,0.9587020648967695,-99.58402662229618,99.36794582392776,75.20169851380044,39.04761904761904,60.72874493927125,1.032448410987854,-98.75208282470703,99.3679428100586,75.28662109375,39.0476188659668,60.32388687133789,1.032448410987854,-99.58403015136719,99.3679428100586,75.28662109375,39.0476188659668,60.32388687133789
35,1.1709,0.9587020648967695,-99.58402662229618,99.36794582392776,75.20169851380044,39.04761904761904,60.72874493927125,1.1061947345733643,-98.33610534667969,99.3679428100586,75.28662109375,39.0476188659668,60.32388687133789,1.032448410987854,-98.75208282470703,99.3679428100586,75.28662109375,39.0476188659668,60.32388687133789
36,1.2044,0.9587020648967695,-99.58402662229618,99.36794582392776,75.20169851380044,39.04761904761904,60.72874493927125,1.1799410581588745,-98.25291442871094,99.3679428100586,75.28662109375,39.19413757324219,60.32388687133789,1.1061947345733643,-98.33610534667969,99.3679428100586,75.28662109375,39.0476188659668,60.32388687133789
37,1.2388,0.9587020648967695,-99.58402662229618,99.36794582392776,75.20169851380044,39.04761904761904,60.72874493927125,1.2536872625350952,-98.25291442871094,99.3679428100586,74.9469223022461,39.19413757324219,60.32388687133789,1.1799410581588745,-98.25291442871094,99.3679428100586,75.28662109375,39.19413757324219,60.32388687133789
38,1.2711,0.9587020648967695,-99.58402662229618,99.36794582392776,75.20169851380044,39.04761904761904,60.72874493927125,1.3274335861206055,-98.16971588134766,99.3679428100586,74.3524398803711,39.24298095703125,60.32388687133789,1.2536872625350952,-98.25291442871094,99.3679428100586,74.9469223022461,39.19413757324219,60.32388687133789
39,1.3045,0.9587020648967695,-99.25124792013311,99.36794582392776,75.1167728237792,39.04761904761904,60.72874493927125,1.8436578512191772,-98.16971588134766,99.3679428100586,74.3524398803711,39.0476188659668,60.32388687133789,1.3274335861206055,-98.16971588134766,99.3679428100586,74.3524398803711,39.24298095703125,60.32388687133789
40,1.339,0.9587020648967695,-99.00166389351081,99.36794582392776,75.1167728237792,39.04761904761904,60.72874493927125,2.5811209678649902,-98.16971588134766,99.27764892578125,74.26751708984375,39.0476188659668,60.32388687133789,1.8436578512191772,-98.16971588134766,99.3679428100586,74.3524398803711,39.0476188659668,60.32388687133789
41,1.3724,1.0324483775811188,-98.91846921797006,99.36794582392776,75.1167728237792,39.04761904761904,60.72874493927125,3.539823055267334,-98.16971588134766,98.82618713378906,74.26751708984375,39.0476188659668,60.32388687133789,2.5811209678649902,-98.16971588134766,99.27764892578125,74.26751708984375,39.0476188659668,60.32388687133789
42,1.4059,1.5486725663716783,-98.83527454242929,99.36794582392776,75.1167728237792,39.04761904761904,60.72874493927125,4.646017551422119,-98.16971588134766,98.01354217529297,74.26751708984375,39.0476188659668,60.32388687133789,3.539823055267334,-98.16971588134766,98.82618713378906,74.26751708984375,39.0476188659668,60.32388687133789
43,1.4393,2.5073746312684477,-98.66888519134775,99.36794582392776,75.1167728237792,39.04761904761904,60.72874493927125,5.825958728790283,-98.16971588134766,97.6523666381836,74.18258666992188,39.0476188659668,60.32388687133789,4.646017551422119,-98.16971588134766,98.01354217529297,74.26751708984375,39.0476188659668,60.32388687133789
44,1.4727,3.3185840707964616,-98.66888519134775,99.27765237020316,75.1167728237792,39.04761904761904,60.72874493927125,7.079646110534668,-98.16971588134766,97.47178649902344,74.18258666992188,39.0476188659668,60.32388687133789,5.825958728790283,-98.16971588134766,97.6523666381836,74.18258666992188,39.0476188659668,60.32388687133789
45,1.505,4.203539823008853,-98.66888519134775,99.18735891647856,75.1167728237792,39.04761904761904,60.72874493927125,8.407079696655273,-98.16971588134766,97.2009048461914,74.09766387939453,39.0476188659668,60.32388687133789,7.079646110534668,-98.16971588134766,97.47178649902344,74.18258666992188,39.0476188659668,60.32388687133789
46,1.5384,5.30973451327435,-98.66888519134775,99.18735891647856,75.1167728237792,39.04761904761904,60.72874493927125,9.6607666015625,-98.16971588134766,97.02031707763672,74.09766387939453,39.0476188659668,60.32388687133789,8.407079696655273,-98.16971588134766,97.2009048461914,74.09766387939453,39.0476188659668,60.32388687133789
47,1.5718,6.637168141592923,-98.66888519134775,99.18735891647856,75.1167728237792,39.04761904761904,60.72874493927125,10.840707778930664,-98.16971588134766,96.65914154052734,74.09766387939453,39.0476188659668,60.32388687133789,9.6607666015625,-98.16971588134766,97.02031707763672,74.09766387939453,39.0476188659668,60.32388687133789
48,1.6053,7.890855457227147,-98.66888519134775,99.18735891647856,75.1167728237792,39.19413919413918,60.72874493927125,12.094395637512207,-98.16971588134766,96.20767211914062,74.09766387939453,39.0476188659668,60.32388687133789,10.840707778930664,-98.16971588134766,96.65914154052734,74.09766387939453,39.0476188659668,60.32388687133789
49,1.6387,8.70206489675516,-98.75207986688852,98.91647855530474,75.1167728237792,39.29181929181928,60.72874493927125,13.126843452453613,-98.16971588134766,95.4853286743164,74.09766387939453,39.19413757324219,60.32388687133789,12.094395637512207,-98.16971588134766,96.20767211914062,74.09766387939453,39.0476188659668,60.32388687133789
50,1.6721,9.955752212389385,-98.83527454242929,98.37471783295712,74.69214437367305,39.34065934065933,60.661268556005396,14.011799812316895,-98.16971588134766,94.58238983154297,74.09766387939453,39.24298095703125,60.32388687133789,13.126843452453613,-98.16971588134766,95.4853286743164,74.09766387939453,39.19413757324219,60.32388687133789
51,1.7055,11.061946902654867,-98.83527454242929,97.8329571106095,74.18259023354565,39.34065934065933,60.39136302294197,14.528023719787598,-98.16971588134766,93.31828308105469,74.09766387939453,39.29182052612305,60.32388687133789,14.011799812316895,-98.16971588134766,94.58238983154297,74.09766387939453,39.24298095703125,60.32388687133789
52,1.7389,12.020648967551622,-98.83527454242929,97.11060948081266,74.18259023354565,39.38949938949938,60.256410256410255,14.89675521850586,-98.16971588134766,91.87358856201172,74.09766387939453,39.340660095214844,60.32388687133789,14.528023719787598,-98.16971588134766,93.31828308105469,74.09766387939453,39.29182052612305,60.32388687133789
53,1.7723,12.83185840707965,-98.83527454242929,96.11738148984199,74.26751592356689,39.38949938949938,60.1889338731444,15.11799430847168,-98.16971588134766,90.3386001586914,74.09766387939453,39.340660095214844,60.32388687133789,14.89675521850586,-98.16971588134766,91.87358856201172,74.09766387939453,39.340660095214844,60.32388687133789
54,1.8057,13.495575221238937,-98.83527454242929,94.94356659142213,74.86199575371552,39.38949938949938,60.1889338731444,15.265486717224121,-98.0865249633789,88.6230239868164,74.09766387939453,39.38949966430664,60.32388687133789,15.11799430847168,-98.16971588134766,90.3386001586914,74.09766387939453,39.340660095214844,60.32388687133789
55,1.8392,14.08554572271386,-98.83527454242929,93.76975169300226,74.86199575371552,39.19413919413918,60.1889338731444,15.265486717224121,-98.00332641601562,86.99774169921875,74.09766387939453,39.38949966430664,60.32388687133789,15.265486717224121,-98.0865249633789,88.6230239868164,74.09766387939453,39.38949966430664,60.32388687133789
56,1.8726,14.528023598820056,-98.75207986688852,92.41534988713317,74.86199575371552,39.145299145299134,60.1889338731444,15.3392333984375,-97.75374603271484,85.82392883300781,74.09766387939453,39.38949966430664,60.32388687133789,15.265486717224121,-98.00332641601562,86.99774169921875,74.09766387939453,39.38949966430664,60.32388687133789
57,1.9059,14.60176991150442,-98.75207986688852,90.97065462753952,74.86199575371552,39.19413919413918,60.1889338731444,15.412979125976562,-97.17137908935547,84.92098999023438,74.09766387939453,39.38949966430664,60.32388687133789,15.3392333984375,-97.75374603271484,85.82392883300781,74.09766387939453,39.38949966430664,60.32388687133789
58,1.9393,14.60176991150442,-98.75207986688852,89.61625282167043,74.86199575371552,39.19413919413918,60.1889338731444,15.560471534729004,-96.00665283203125,84.37923431396484,74.09766387939453,39.38949966430664,60.32388687133789,15.412979125976562,-97.17137908935547,84.92098999023438,74.09766387939453,39.38949966430664,60.32388687133789
59,1.9728,14.896755162241888,-98.75207986688852,88.35214446952594,74.86199575371552,39.19413919413918,60.1889338731444,16.00295066833496,-94.50914764404297,84.10835266113281,73.50318145751953,39.38949966430664,60.32388687133789,15.560471534729004,-96.00665283203125,84.37923431396484,74.09766387939453,39.38949966430664,60.32388687133789
60,2.0064,15.191740412979343,-98.25291181364393,87.44920993227993,74.86199575371552,39.19413919413918,60.1889338731444,16.814159393310547,-92.67887115478516,84.10835266113281,72.14437103271484,39.38949966430664,60.32388687133789,16.00295066833496,-94.50914764404297,84.10835266113281,73.50318145751953,39.38949966430664,60.32388687133789
61,2.0397,15.339233038348084,-97.42096505823628,86.99774266365688,74.69214437367305,39.19413919413918,60.1889338731444,17.55162239074707,-90.68219757080078,84.10835266113281,69.7664566040039,39.38949966430664,60.32388687133789,16.814159393310547,-92.67887115478516,84.10835266113281,72.14437103271484,39.38949966430664,60.32388687133789
62,2.0731,15.929203539823007,-96.42262895174709,86.72686230248308,74.09766454352442,39.19413919413918,60.1889338731444,18.362831115722656,-88.51913452148438,84.10835266113281,66.36943054199219,39.38949966430664,60.32388687133789,17.55162239074707,-90.68219757080078,84.10835266113281,69.7664566040039,39.38949966430664,60.32388687133789
63,2.1065,16.66666666666667,-95.25790349417638,86.63656884875846,73.33333333333334,39.19413919413918,60.1889338731444,18.952802658081055,-86.18968200683594,84.10835266113281,62.46284484863281,39.38949966430664,60.32388687133789,18.362831115722656,-88.51913452148438,84.10835266113281,66.36943054199219,39.38949966430664,60.32388687133789
64,2.1399,17.330383480825958,-93.84359400998336,86.63656884875846,72.31422505307856,39.19413919413918,60.1889338731444,19.395280838012695,-84.02661895751953,84.10835266113281,57.96178436279297,39.38949966430664,60.32388687133789,18.952802658081055,-86.18968200683594,84.10835266113281,62.46284484863281,39.38949966430664,60.32388687133789
65,2.1733,17.920353982300867,-92.34608985024958,86.63656884875846,70.87048832271762,39.19413919413918,60.1889338731444,19.837759017944336,-81.9467544555664,84.46952819824219,53.2059440612793,39.38949966430664,60.32388687133789,19.395280838012695,-84.02661895751953,84.10835266113281,57.96178436279297,39.38949966430664,60.32388687133789
66,2.2068,18.436578171091455,-90.68219633943427,86.63656884875846,69.08704883227176,39.19413919413918,60.1889338731444,20.35398292541504,-79.78369140625,85.46275329589844,48.45010757446289,39.38949966430664,60.32388687133789,19.837759017944336,-81.9467544555664,84.46952819824219,53.2059440612793,39.38949966430664,60.32388687133789
67,2.2401,18.879056047197636,-88.85191347753744,86.63656884875846,66.87898089171975,39.19413919413918,60.1889338731444,21.017698287963867,-77.53743743896484,86.0045166015625,43.69426727294922,39.38949966430664,60.32388687133789,20.35398292541504,-79.78369140625,85.46275329589844,48.45010757446289,39.38949966430664,60.32388687133789
68,2.2735,19.321533923303818,-86.85524126455907,86.63656884875846,64.33121019108282,39.19413919413918,60.1889338731444,21.828908920288086,-75.12479400634766,86.36569213867188,39.193206787109375,39.38949966430664,60.32388687133789,21.017698287963867,-77.53743743896484,86.0045166015625,43.69426727294922,39.38949966430664,60.32388687133789
69,2.3069,19.837758112094406,-84.77537437603993,86.72686230248308,61.44373673036094,39.19413919413918,60.1889338731444,22.640117645263672,-72.1297836303711,86.81715393066406,35.0318489074707,39.38949966430664,60.32388687133789,21.828908920288086,-75.12479400634766,86.36569213867188,39.193206787109375,39.38949966430664,60.32388687133789
70,2.3413,20.575221238938042,-82.36272878535773,86.72686230248308,58.386411889596616,39.19413919413918,60.1889338731444,23.525074005126953,-69.21797180175781,87.26862335205078,31.12526512145996,39.38949966430664,60.32388687133789,22.640117645263672,-72.1297836303711,86.81715393066406,35.0318489074707,39.38949966430664,60.32388687133789
71,2.3748,21.386430678466084,-80.2828618968386,87.0880361173815,55.07430997876858,39.19413919413918,60.1889338731444,24.410030364990234,-66.55574035644531,87.7200927734375,27.388534545898438,39.38949966430664,60.32388687133789,23.525074005126953,-69.21797180175781,87.26862335205078,31.12526512145996,39.38949966430664,60.32388687133789
72,2.4082,22.12389380530972,-78.28618968386023,87.72009029345372,51.847133757961785,39.19413919413918,60.1889338731444,25.22123908996582,-63.81031799316406,88.17155456542969,24.076433181762695,39.38949966430664,60.32388687133789,24.410030364990234,-66.55574035644531,87.7200927734375,27.388534545898438,39.38949966430664,60.32388687133789
73,2.4406,23.00884955752211,-76.12312811980033,87.99097065462752,48.28025477707004,39.19413919413918,60.1889338731444,26.1061954498291,-61.39767074584961,88.8036117553711,21.104034423828125,39.38949966430664,60.32388687133789,25.22123908996582,-63.81031799316406,88.17155456542969,24.076433181762695,39.38949966430664,60.32388687133789
74,2.474,23.96755162241888,-73.87687188019967,88.35214446952594,44.79830148619956,39.19413919413918,60.1889338731444,26.917404174804688,-59.31780242919922,89.34537506103516,18.21656036376953,39.38949966430664,60.32388687133789,26.1061954498291,-61.39767074584961,88.8036117553711,21.104034423828125,39.38949966430664,60.32388687133789
75,2.5074,24.705014749262546,-71.29783693843594,88.80361173814899,41.23142250530785,39.19413919413918,60.1889338731444,27.80236053466797,-57.32113265991211,89.79683685302734,15.753715515136719,39.38949966430664,60.32388687133789,26.917404174804688,-59.31780242919922,89.34537506103516,18.21656036376953,39.38949966430664,60.32388687133789
76,2.5408,25.589970501474937,-68.96838602329451,89.61625282167043,37.74946921443737,39.19413919413918,60.1889338731444,28.761062622070312,-55.57404327392578,89.97742462158203,13.545647621154785,39.38949966430664,60.32388687133789,27.80236053466797,-57.32113265991211,89.79683685302734,15.753715515136719,39.38949966430664,60.32388687133789
77,2.5742,26.47492625368733,-66.63893510815308,89.79683972911965,34.3524416135881,39.19413919413918,60.1889338731444,29.64601707458496,-54.159732818603516,90.15801239013672,11.337579727172852,39.38949966430664,60.32388687133789,28.761062622070312,-55.57404327392578,89.97742462158203,13.545647621154785,39.38949966430664,60.32388687133789
78,2.6077,27.286135693215343,-64.39267886855241,89.97742663656885,31.040339702760065,39.19413919413918,60.1889338731444,30.530973434448242,-52.828617095947266,90.15801239013672,9.46921443939209,39.38949966430664,60.32388687133789,29.64601707458496,-54.159732818603516,90.15801239013672,11.337579727172852,39.38949966430664,60.32388687133789
79,2.641,28.023598820058993,-62.14642262895175,90.24830699774267,27.72823779193206,39.19413919413918,60.1889338731444,31.415929794311523,-51.5806999206543,90.15801239013672,7.770700454711914,39.38949966430664,60.32388687133789,30.530973434448242,-52.828617095947266,90.15801239013672,9.46921443939209,39.38949966430664,60.32388687133789
80,2.6745,28.908554572271385,-59.98336106489185,90.42889390519187,24.585987261146485,39.145299145299134,60.1889338731444,32.15339279174805,-50.41597366333008,90.15801239013672,6.242038249969482,39.38949966430664,60.32388687133789,31.415929794311523,-51.5806999206543,90.15801239013672,7.770700454711914,39.38949966430664,60.32388687133789
81,2.7078,29.941002949852503,-57.98668885191348,90.33860045146727,21.6135881104034,39.145299145299134,60.1889338731444,32.817108154296875,-49.168052673339844,90.15801239013672,4.96815299987793,39.38949966430664,60.32388687133789,32.15339279174805,-50.41597366333008,90.15801239013672,6.242038249969482,39.38949966430664,60.32388687133789
82,2.7413,30.825958702064895,-55.90682196339434,90.33860045146727,18.641188959660298,39.145299145299134,60.1889338731444,33.33333206176758,-47.75374221801758,90.15801239013672,3.609341859817505,39.38949966430664,60.32388687133789,32.817108154296875,-49.168052673339844,90.15801239013672,4.96815299987793,39.38949966430664,60.32388687133789
83,2.7747,31.56342182890853,-54.15973377703827,90.33860045146727,16.093418259023352,39.145299145299134,60.1889338731444,33.628318786621094,-46.33943557739258,90.15801239013672,2.335456371307373,39.38949966430664,60.32388687133789,33.33333206176758,-47.75374221801758,90.15801239013672,3.609341859817505,39.38949966430664,60.32388687133789
84,2.809,32.22713864306786,-52.495840266222956,90.33860045146727,13.545647558386406,39.145299145299134,60.1889338731444,33.702064514160156,-44.92512512207031,90.06771850585938,0.9766454100608826,39.38949966430664,60.32388687133789,33.628318786621094,-46.33943557739258,90.15801239013672,2.335456371307373,39.38949966430664,60.32388687133789
85,2.8416,32.743362831858406,-50.91514143094842,90.33860045146727,11.082802547770697,39.145299145299134,60.1889338731444,33.702064514160156,-43.67720413208008,90.06771850585938,-0.46709129214286804,39.38949966430664,60.32388687133789,33.702064514160156,-44.92512512207031,90.06771850585938,0.9766454100608826,39.38949966430664,60.32388687133789
86,2.8749,32.964601769911496,-49.25124792013311,90.33860045146727,8.959660297239907,39.145299145299134,60.1889338731444,33.77581024169922,-42.51247787475586,90.06771850585938,-1.9957537651062012,39.38949966430664,60.32388687133789,33.702064514160156,-43.67720413208008,90.06771850585938,-0.46709129214286804,39.38949966430664,60.32388687133789
87,2.9092,33.03834808259586,-47.67054908485857,90.33860045146727,6.836518046709131,39.145299145299134,60.1889338731444,33.77581024169922,-41.347755432128906,90.06771850585938,-3.524416208267212,39.38949966430664,60.32388687133789,33.77581024169922,-42.51247787475586,90.06771850585938,-1.9957537651062012,39.38949966430664,60.32388687133789
88,2.9428,33.03834808259586,-46.1730449251248,90.33860045146727,4.798301486199577,39.145299145299134,60.1889338731444,33.77581024169922,-40.09983444213867,89.97742462158203,-5.307855606079102,39.38949966430664,60.32388687133789,33.77581024169922,-41.347755432128906,90.06771850585938,-3.524416208267212,39.38949966430664,60.32388687133789
89,2.9752,33.11209439528025,-44.75873544093179,90.33860045146727,2.9299363057324825,39.145299145299134,60.1889338731444,33.77581024169922,-38.93510818481445,89.97742462158203,-7.006369590759277,39.38949966430664,60.32388687133789,33.77581024169922,-40.09983444213867,89.97742462158203,-5.307855606079102,39.38949966430664,60.32388687133789
90,3.0088,33.25958702064898,-43.510815307820295,90.33860045146727,1.061571125265388,39.145299145299134,60.1889338731444,33.77581024169922,-37.6039924621582,89.97742462158203,-8.704883575439453,39.38949966430664,60.32388687133789,33.77581024169922,-38.93510818481445,89.97742462158203,-7.006369590759277,39.38949966430664,60.32388687133789
91,3.042,33.407079646017706,-42.34608985024958,90.33860045146727,-0.7218683651804696,39.145299145299134,60.1889338731444,33.77581024169922,-36.02329635620117,89.97742462158203,-10.403396606445312,39.38949966430664,60.32388687133789,33.77581024169922,-37.6039924621582,89.97742462158203,-8.704883575439453,39.38949966430664,60.32388687133789
92,3.0754,33.407079646017706,-40.93178036605657,90.33860045146727,-2.5053078556263273,39.145299145299134,60.1889338731444,33.77581024169922,-34.442596435546875,89.97742462158203,-11.932059288024902,39.38949966430664,60.32388687133789,33.77581024169922,-36.02329635620117,89.97742462158203,-10.403396606445312,39.38949966430664,60.32388687133789
93,3.1088,33.407079646017706,-39.51747088186356,90.33860045146727,-4.288747346072185,39.145299145299134,60.1889338731444,33.77581024169922,-32.77870178222656,89.97742462158203,-13.545647621154785,39.38949966430664,60.32388687133789,33.77581024169922,-34.442596435546875,89.97742462158203,-11.932059288024902,39.38949966430664,60.32388687133789
94,3.1422,33.407079646017706,-38.186356073211314,90.33860045146727,-5.98726114649682,39.145299145299134,60.1889338731444,33.84955596923828,-31.031614303588867,89.97742462158203,-14.904458999633789,39.38949966430664,60.32388687133789,33.77581024169922,-32.77870178222656,89.97742462158203,-13.545647621154785,39.38949966430664,60.32388687133789
95,3.1756,33.407079646017706,-36.688851913477535,90.33860045146727,-7.770700636942678,39.145299145299134,60.1889338731444,33.84955596923828,-29.45091438293457,89.88713073730469,-16.263269424438477,39.38949966430664,60.32388687133789,33.84955596923828,-31.031614303588867,89.97742462158203,-14.904458999633789,39.38949966430664,60.32388687133789
96,3.209,33.407079646017706,-35.108153078203,90.33860045146727,-9.384288747346076,39.145299145299134,60.1889338731444,33.84955596923828,-27.953411102294922,89.61624908447266,-17.452228546142578,39.38949966430664,60.32388687133789,33.84955596923828,-29.45091438293457,89.88713073730469,-16.263269424438477,39.38949966430664,60.32388687133789
97,3.2424,33.407079646017706,-33.610648918469224,90.33860045146727,-10.99787685774946,39.145299145299134,60.1889338731444,33.84955596923828,-26.45590591430664,89.07449340820312,-18.386411666870117,39.38949966430664,60.32388687133789,33.84955596923828,-27.953411102294922,89.61624908447266,-17.452228546142578,39.38949966430664,60.32388687133789
98,3.2758,33.407079646017706,-32.02995008319468,90.33860045146727,-12.611464968152859,39.145299145299134,60.1889338731444,33.77581024169922,-25.041597366333008,88.6230239868164,-19.405519485473633,39.38949966430664,60.32388687133789,33.84955596923828,-26.45590591430664,89.07449340820312,-18.386411666870117,39.38949966430664,60.32388687133789
99,3.3093,33.407079646017706,-30.366056572379364,90.24830699774267,-14.055201698513798,39.145299145299134,60.1889338731444,33.77581024169922,-23.460899353027344,88.53273010253906,-20.339702606201172,39.38949966430664,60.32388687133789,33.77581024169922,-25.041597366333008,88.6230239868164,-19.405519485473633,39.38949966430664,60.32388687133789
100,3.3427,33.407079646017706,-28.95174708818635,90.24830699774267,-15.4140127388535,39.145299145299134,60.1889338731444,33.77581024169922,-21.880199432373047,88.53273010253906,-21.27388572692871,39.38949966430664,60.32388687133789,33.77581024169922,-23.460899353027344,88.53273010253906,-20.339702606201172,39.38949966430664,60.32388687133789
101,3.3772,33.407079646017706,-27.454242928452572,90.24830699774267,-16.772823779193203,39.145299145299134,60.1889338731444,33.84955596923828,-20.465890884399414,88.53273010253906,-22.377920150756836,39.38949966430664,60.32388687133789,33.77581024169922,-21.880199432373047,88.53273010253906,-21.27388572692871,39.38949966430664,60.32388687133789
102,3.4095,33.407079646017706,-26.123128119800327,90.24830699774267,-17.961783439490446,39.145299145299134,60.1889338731444,33.84955596923828,-19.134775161743164,88.53273010253906,-23.39702796936035,39.38949966430664,60.32388687133789,33.84955596923828,-20.465890884399414,88.53273010253906,-22.377920150756836,39.38949966430664,60.32388687133789
103,3.4429,33.333333333333314,-24.625623960066562,90.24830699774267,-19.150743099787675,39.19413919413918,60.1889338731444,33.84955596923828,-17.970050811767578,88.44243621826172,-24.670913696289062,39.38949966430664,60.32388687133789,33.84955596923828,-19.134775161743164,88.53273010253906,-23.39702796936035,39.38949966430664,60.32388687133789
104,3.4773,33.25958702064898,-22.96173044925125,90.15801354401808,-20.33970276008492,39.145299145299134,60.1889338731444,33.84955596923828,-16.97171401977539,88.44243621826172,-26.02972412109375,39.38949966430664,60.32388687133789,33.84955596923828,-17.970050811767578,88.44243621826172,-24.670913696289062,39.38949966430664,60.32388687133789
105,3.5108,33.25958702064898,-21.46422628951747,90.15801354401808,-21.443736730360925,39.19413919413918,60.1889338731444,33.84955596923828,-15.806988716125488,88.44243621826172,-27.388534545898438,39.38949966430664,60.32388687133789,33.84955596923828,-16.97171401977539,88.44243621826172,-26.02972412109375,39.38949966430664,60.32388687133789
106,3.5432,33.25958702064898,-20.049916805324457,90.15801354401808,-22.632696390658168,39.29181929181928,60.1889338731444,33.84955596923828,-14.55906867980957,88.44243621826172,-28.832271575927734,39.38949966430664,60.32388687133789,33.84955596923828,-15.806988716125488,88.44243621826172,-27.388534545898438,39.38949966430664,60.32388687133789
107,3.5766,33.25958702064898,-18.718801996672212,90.15801354401808,-23.82165605095541,39.29181929181928,60.1889338731444,33.84955596923828,-13.22795295715332,88.44243621826172,-30.360933303833008,39.38949966430664,60.32388687133789,33.84955596923828,-14.55906867980957,88.44243621826172,-28.832271575927734,39.38949966430664,60.32388687133789
108,3.61,33.25958702064898,-17.637271214642254,90.15801354401808,-25.09554140127389,39.29181929181928,60.1889338731444,33.84955596923828,-11.813643455505371,88.35214233398438,-31.889596939086914,39.38949966430664,60.32388687133789,33.84955596923828,-13.22795295715332,88.44243621826172,-30.360933303833008,39.38949966430664,60.32388687133789
109,3.6434,33.25958702064898,-16.30615640599001,90.06772009029345,-26.284501061571135,39.19413919413918,60.1889338731444,33.84955596923828,-10.232945442199707,88.26184844970703,-33.5031852722168,39.38949966430664,60.32388687133789,33.84955596923828,-11.813643455505371,88.35214233398438,-31.889596939086914,39.38949966430664,60.32388687133789
110,3.6768,33.25958702064898,-14.808652246256244,89.88713318284425,-27.5583864118896,39.145299145299134,60.1889338731444,33.84955596923828,-8.569051742553711,87.7200927734375,-34.946922302246094,39.38949966430664,60.32388687133789,33.84955596923828,-10.232945442199707,88.26184844970703,-33.5031852722168,39.38949966430664,60.32388687133789
111,3.7103,33.25958702064898,-13.477537437604,89.79683972911965,-29.00212314225054,39.145299145299134,60.1889338731444,33.84955596923828,-6.905158042907715,86.81715393066406,-36.30573272705078,39.38949966430664,60.32388687133789,33.84955596923828,-8.569051742553711,87.7200927734375,-34.946922302246094,39.38949966430664,60.32388687133789
112,3.7436,33.25958702064898,-12.063227953410987,89.43566591422123,-30.445859872611464,39.145299145299134,60.1889338731444,33.84955596923828,-4.9084858894348145,85.73363494873047,-37.66454315185547,39.38949966430664,60.32388687133789,33.84955596923828,-6.905158042907715,86.81715393066406,-36.30573272705078,39.38949966430664,60.32388687133789
113,3.777,33.25958702064898,-10.48252911813644,88.71331828442436,-31.719745222929944,39.145299145299134,60.1889338731444,33.84955596923828,-2.911813735961914,84.55982208251953,-38.8535041809082,39.38949966430664,60.32388687133789,33.84955596923828,-4.9084858894348145,85.73363494873047,-37.66454315185547,39.38949966430664,60.32388687133789
114,3.8104,33.25958702064898,-9.068219633943428,87.90067720090292,-33.16348195329087,39.145299145299134,60.1889338731444,33.84955596923828,-1.2479201555252075,83.20541381835938,-39.78768539428711,39.38949966430664,60.32388687133789,33.84955596923828,-2.911813735961914,84.55982208251953,-38.8535041809082,39.38949966430664,60.32388687133789
115,3.8438,33.25958702064898,-7.570715474209649,86.90744920993228,-34.52229299363057,39.145299145299134,60.1889338731444,33.84955596923828,0.24958401918411255,82.03160095214844,-40.382164001464844,39.38949966430664,60.32388687133789,33.84955596923828,-1.2479201555252075,83.20541381835938,-39.78768539428711,39.38949966430664,60.32388687133789
116,3.8773,33.25958702064898,-5.823627287853569,85.73363431151242,-35.881104033970274,39.145299145299134,60.1889338731444,33.84955596923828,1.8302828073501587,80.94808197021484,-40.721866607666016,39.38949966430664,60.32388687133789,33.84955596923828,0.24958401918411255,82.03160095214844,-40.382164001464844,39.38949966430664,60.32388687133789
117,3.9107,33.25958702064898,-3.993344425956735,84.46952595936793,-37.15498938428875,39.145299145299134,60.1889338731444,33.84955596923828,3.4941763877868652,80.0451431274414,-40.806793212890625,39.38949966430664,60.32388687133789,33.84955596923828,1.8302828073501587,80.94808197021484,-40.721866607666016,39.38949966430664,60.32388687133789
118,3.9441,33.25958702064898,-2.412645590682189,83.47629796839729,-38.174097664543524,39.145299145299134,60.1889338731444,33.84955596923828,4.742096424102783,79.50338745117188,-40.806793212890625,39.38949966430664,60.32388687133789,33.84955596923828,3.4941763877868652,80.0451431274414,-40.806793212890625,39.38949966430664,60.32388687133789
119,3.9775,33.25958702064898,-1.0815307820299438,82.39277652370203,-38.853503184713375,39.145299145299134,60.1889338731444,33.84955596923828,5.7404327392578125,79.23250579833984,-40.806793212890625,39.38949966430664,60.32388687133789,33.84955596923828,4.742096424102783,79.50338745117188,-40.806793212890625,39.38949966430664,60.32388687133789
120,4.0109,33.25958702064898,0.3327787021630684,81.48984198645599,-39.36305732484077,39.145299145299134,60.1889338731444,33.84955596923828,6.322795391082764,79.23250579833984,-40.806793212890625,39.38949966430664,60.32388687133789,33.84955596923828,5.7404327392578125,79.23250579833984,-40.806793212890625,39.38949966430664,60.32388687133789
121,4.0445,33.25958702064898,2.0798668885191347,80.94808126410834,-39.70276008492569,39.145299145299134,60.1889338731444,33.84955596923828,6.738768577575684,79.23250579833984,-40.806793212890625,39.38949966430664,60.32388687133789,33.84955596923828,6.322795391082764,79.23250579833984,-40.806793212890625,39.38949966430664,60.32388687133789
122,4.0778,33.25958702064898,3.743760399334434,80.76749435665914,-39.87261146496815,39.145299145299134,60.1889338731444,33.84955596923828,6.905158042907715,79.23250579833984,-40.806793212890625,39.38949966430664,60.32388687133789,33.84955596923828,6.738768577575684,79.23250579833984,-40.806793212890625,39.38949966430664,60.32388687133789
123,4.1112,33.25958702064898,5.074875207986679,80.67720090293454,-39.87261146496815,39.145299145299134,60.1889338731444,33.99705123901367,7.071547508239746,79.05191802978516,-40.806793212890625,39.38949966430664,60.32388687133789,33.84955596923828,6.905158042907715,79.23250579833984,-40.806793212890625,39.38949966430664,60.32388687133789
124,4.1446,33.333333333333314,5.990016638935103,80.58690744920995,-39.87261146496815,39.145299145299134,60.1889338731444,34.21828842163086,7.071547508239746,78.96162414550781,-40.806793212890625,39.38949966430664,60.32388687133789,33.99705123901367,7.071547508239746,79.05191802978516,-40.806793212890625,39.38949966430664,60.32388687133789
125,4.178,33.333333333333314,6.655574043261225,80.40632054176072,-39.87261146496815,39.145299145299134,60.1889338731444,34.6607666015625,7.154742240905762,78.96162414550781,-40.806793212890625,39.38949966430664,60.32388687133789,34.21828842163086,7.071547508239746,78.96162414550781,-40.806793212890625,39.38949966430664,60.32388687133789
126,4.2124,33.48082595870204,6.82196339434276,80.31602708803612,-39.87261146496815,39.145299145299134,60.1889338731444,35.1769905090332,7.154742240905762,78.96162414550781,-40.806793212890625,39.38949966430664,60.32388687133789,34.6607666015625,7.154742240905762,78.96162414550781,-40.806793212890625,39.38949966430664,60.32388687133789
127,4.2448,33.92330383480825,6.905158069883527,80.22573363431152,-39.95753715498939,39.145299145299134,60.1889338731444,35.76696014404297,7.154742240905762,78.96162414550781,-40.806793212890625,39.38949966430664,60.32388687133789,35.1769905090332,7.154742240905762,78.96162414550781,-40.806793212890625,39.38949966430664,60.32388687133789
128,4.2783,34.36578171091443,7.154742096505814,80.13544018058693,-39.95753715498939,39.145299145299134,60.1889338731444,36.28318405151367,7.154742240905762,79.05191802978516,-40.806793212890625,39.38949966430664,60.32388687133789,35.76696014404297,7.154742240905762,78.96162414550781,-40.806793212890625,39.38949966430664,60.32388687133789
129,4.3117,34.80825958702064,7.237936772046581,80.22573363431152,-39.95753715498939,39.145299145299134,60.1889338731444,36.65191650390625,7.154742240905762,79.05191802978516,-40.806793212890625,39.38949966430664,60.32388687133789,36.28318405151367,7.154742240905762,79.05191802978516,-40.806793212890625,39.38949966430664,60.32388687133789
130,4.345,35.250737463126825,7.237936772046581,80.22573363431152,-39.95753715498939,39.145299145299134,60.1889338731444,36.79941177368164,7.154742240905762,79.05191802978516,-40.806793212890625,39.38949966430664,60.32388687133789,36.65191650390625,7.154742240905762,79.05191802978516,-40.806793212890625,39.38949966430664,60.32388687133789
131,4.3785,35.61946902654867,7.237936772046581,80.0451467268623,-39.95753715498939,39.145299145299134,60.1889338731444,36.79941177368164,7.154742240905762,79.05191802978516,-40.806793212890625,39.38949966430664,60.32388687133789,36.79941177368164,7.154742240905762,79.05191802978516,-40.806793212890625,39.38949966430664,60.32388687133789
132,4.4128,35.84070796460176,7.237936772046581,79.9548532731377,-39.95753715498939,39.145299145299134,60.1889338731444,36.79941177368164,7.154742240905762,79.05191802978516,-40.806793212890625,39.38949966430664,60.32388687133789,36.79941177368164,7.154742240905762,79.05191802978516,-40.806793212890625,39.38949966430664,60.32388687133789
133,4.4463,35.914454277286154,7.237936772046581,79.9548532731377,-39.95753715498939,39.145299145299134,60.1889338731444,36.79941177368164,7.154742240905762,78.96162414550781,-40.806793212890625,39.38949966430664,60.32388687133789,36.79941177368164,7.154742240905762,79.05191802978516,-40.806793212890625,39.38949966430664,60.32388687133789
134,4.4798,35.914454277286154,7.237936772046581,79.9548532731377,-39.95753715498939,39.145299145299134,60.1889338731444,36.79941177368164,7.154742240905762,78.96162414550781,-40.806793212890625,39.340660095214844,60.32388687133789,36.79941177368164,7.154742240905762,78.96162414550781,-40.806793212890625,39.38949966430664,60.32388687133789
135,4.5121,35.914454277286154,7.237936772046581,79.9548532731377,-39.95753715498939,39.145299145299134,60.1889338731444,36.79941177368164,7.154742240905762,78.96162414550781,-40.806793212890625,39.19413757324219,60.32388687133789,36.79941177368164,7.154742240905762,78.96162414550781,-40.806793212890625,39.340660095214844,60.32388687133789
136,4.5455,35.914454277286154,7.237936772046581,79.9548532731377,-39.95753715498939,39.145299145299134,60.1889338731444,36.79941177368164,7.154742240905762,78.96162414550781,-40.806793212890625,39.19413757324219,60.32388687133789,36.79941177368164,7.154742240905762,78.96162414550781,-40.806793212890625,39.19413757324219,60.32388687133789
137,4.5789,35.914454277286154,7.237936772046581,79.9548532731377,-39.95753715498939,39.096459096459085,60.1889338731444,36.79941177368164,7.237936973571777,78.96162414550781,-40.806793212890625,39.14529800415039,60.32388687133789,36.79941177368164,7.154742240905762,78.96162414550781,-40.806793212890625,39.19413757324219,60.32388687133789
138,4.6124,35.914454277286154,7.237936772046581,79.9548532731377,-39.95753715498939,39.096459096459085,60.1889338731444,36.79941177368164,7.237936973571777,78.96162414550781,-40.806793212890625,39.14529800415039,60.32388687133789,36.79941177368164,7.237936973571777,78.96162414550781,-40.806793212890625,39.14529800415039,60.32388687133789
139,4.6458,35.914454277286154,7.237936772046581,79.9548532731377,-39.95753715498939,39.096459096459085,60.1889338731444,36.79941177368164,7.237936973571777,78.96162414550781,-40.806793212890625,39.096458435058594,60.32388687133789,36.79941177368164,7.237936973571777,78.96162414550781,-40.806793212890625,39.14529800415039,60.32388687133789
140,4.6791,35.914454277286154,7.237936772046581,79.9548532731377,-39.95753715498939,39.096459096459085,60.1889338731444,36.79941177368164,7.154742240905762,78.96162414550781,-40.806793212890625,39.096458435058594,60.32388687133789,36.79941177368164,7.237936973571777,78.96162414550781,-40.806793212890625,39.096458435058594,60.32388687133789
141,4.7126,35.914454277286154,7.237936772046581,79.9548532731377,-39.95753715498939,39.096459096459085,60.1889338731444,36.79941177368164,7.071547508239746,78.96162414550781,-40.806793212890625,39.096458435058594,60.32388687133789,36.79941177368164,7.154742240905762,78.96162414550781,-40.806793212890625,39.096458435058594,60.32388687133789
142,4.7459,35.914454277286154,7.237936772046581,79.9548532731377,-39.95753715498939,39.096459096459085,60.1889338731444,36.79941177368164,7.071547508239746,78.96162414550781,-40.806793212890625,39.096458435058594,60.32388687133789,36.79941177368164,7.071547508239746,78.96162414550781,-40.806793212890625,39.096458435058594,60.32388687133789
143,4.7793,35.914454277286154,7.237936772046581,79.9548532731377,-39.95753715498939,39.096459096459085,60.1889338731444,36.79941177368164,7.071547508239746,78.96162414550781,-40.806793212890625,39.096458435058594,60.32388687133789,36.79941177368164,7.071547508239746,78.96162414550781,-40.806793212890625,39.096458435058594,60.32388687133789
144,4.8137,35.914454277286154,7.237936772046581,79.9548532731377,-39.95753715498939,39.096459096459085,60.1889338731444,36.72566223144531,7.071547508239746,78.96162414550781,-40.806793212890625,39.0476188659668,60.32388687133789,36.79941177368164,7.071547508239746,78.96162414550781,-40.806793212890625,39.096458435058594,60.32388687133789
145,4.8462,35.914454277286154,7.237936772046581,79.9548532731377,-39.95753715498939,39.096459096459085,60.1889338731444,36.72566223144531,7.071547508239746,78.96162414550781,-40.806793212890625,39.0476188659668,60.32388687133789,36.72566223144531,7.071547508239746,78.96162414550781,-40.806793212890625,39.0476188659668,60.32388687133789
146,4.8796,35.914454277286154,7.237936772046581,79.9548532731377,-39.95753715498939,39.096459096459085,60.1889338731444,36.72566223144531,7.071547508239746,78.96162414550781,-40.806793212890625,39.0476188659668,60.32388687133789,36.72566223144531,7.071547508239746,78.96162414550781,-40.806793212890625,39.0476188659668,60.32388687133789
147,4.913,35.914454277286154,7.237936772046581,79.9548532731377,-39.95753715498939,39.096459096459085,60.1889338731444,36.72566223144531,7.071547508239746,78.96162414550781,-40.806793212890625,39.0476188659668,60.32388687133789,36.72566223144531,7.071547508239746,78.96162414550781,-40.806793212890625,39.0476188659668,60.32388687133789
148,4.9474,35.914454277286154,7.237936772046581,79.9548532731377,-39.95753715498939,39.096459096459085,60.1889338731444,36.72566223144531,7.071547508239746,78.87133026123047,-40.806793212890625,39.0476188659668,60.32388687133789,36.72566223144531,7.071547508239746,78.96162414550781,-40.806793212890625,39.0476188659668,60.32388687133789
149,4.9809,35.914454277286154,7.237936772046581,79.9548532731377,-39.95753715498939,39.096459096459085,60.1889338731444,36.72566223144531,6.9883527755737305,78.87133026123047,-40.806793212890625,39.0476188659668,60.32388687133789,36.72566223144531,7.071547508239746,78.87133026123047,-40.806793212890625,39.0476188659668,60.32388687133789
150,5.0133,35.914454277286154,7.237936772046581,79.9548532731377,-39.95753715498939,39.096459096459085,60.1889338731444,36.57817077636719,6.9883527755737305,78.87133026123047,-40.806793212890625,39.0476188659668,60.32388687133789,36.72566223144531,6.9883527755737305,78.87133026123047,-40.806793212890625,39.0476188659668,60.32388687133789
151,5.0467,35.914454277286154,7.237936772046581,79.9548532731377,-39.95753715498939,39.096459096459085,60.1889338731444,36.504425048828125,6.9883527755737305,78.87133026123047,-40.806793212890625,39.0476188659668,60.32388687133789,36.57817077636719,6.9883527755737305,78.87133026123047,-40.806793212890625,39.0476188659668,60.32388687133789
152,5.0803,35.914454277286154,7.237936772046581,79.9548532731377,-39.95753715498939,39.096459096459085,60.1889338731444,36.504425048828125,6.9883527755737305,78.87133026123047,-40.806793212890625,39.0476188659668,60.32388687133789,36.504425048828125,6.9883527755737305,78.87133026123047,-40.806793212890625,39.0476188659668,60.32388687133789
153,5.1137,35.914454277286154,7.237936772046581,79.9548532731377,-39.95753715498939,39.096459096459085,60.1889338731444,36.43067932128906,6.9883527755737305,78.87133026123047,-40.806793212890625,39.0476188659668,60.32388687133789,36.504425048828125,6.9883527755737305,78.87133026123047,-40.806793212890625,39.0476188659668,60.32388687133789
154,5.147,35.914454277286154,7.237936772046581,79.9548532731377,-39.95753715498939,39.096459096459085,60.1889338731444,36.35693359375,6.9883527755737305,78.87133026123047,-40.806793212890625,39.0476188659668,60.32388687133789,36.43067932128906,6.9883527755737305,78.87133026123047,-40.806793212890625,39.0476188659668,60.32388687133789
155,5.1804,35.914454277286154,7.237936772046581,79.9548532731377,-39.95753715498939,39.096459096459085,60.1889338731444,36.35693359375,6.9883527755737305,78.87133026123047,-40.806793212890625,39.0476188659668,60.32388687133789,36.35693359375,6.9883527755737305,78.87133026123047,-40.806793212890625,39.0476188659668,60.32388687133789
156,5.2148,35.914454277286154,7.237936772046581,79.9548532731377,-39.95753715498939,39.096459096459085,60.1889338731444,36.35693359375,6.9883527755737305,78.96162414550781,-40.806793212890625,39.0476188659668,60.32388687133789,36.35693359375,6.9883527755737305,78.87133026123047,-40.806793212890625,39.0476188659668,60.32388687133789
157,5.2472,35.914454277286154,7.237936772046581,79.9548532731377,-39.95753715498939,39.096459096459085,60.1889338731444,36.35693359375,6.9883527755737305,78.96162414550781,-40.806793212890625,39.0476188659668,60.32388687133789,36.35693359375,6.9883527755737305,78.96162414550781,-40.806793212890625,39.0476188659668,60.32388687133789
158,5.2806,35.914454277286154,7.237936772046581,79.9548532731377,-39.95753715498939,39.096459096459085,60.1889338731444,36.35693359375,6.9883527755737305,78.96162414550781,-40.806793212890625,39.0476188659668,60.32388687133789,36.35693359375,6.9883527755737305,78.96162414550781,-40.806793212890625,39.0476188659668,60.32388687133789
159,5.314,35.914454277286154,7.237936772046581,79.9548532731377,-39.95753715498939,39.096459096459085,60.1889338731444,36.35693359375,6.9883527755737305,78.96162414550781,-40.806793212890625,39.0476188659668,60.32388687133789,36.35693359375,6.9883527755737305,78.96162414550781,-40.806793212890625,39.0476188659668,60.32388687133789
160,5.3474,35.914454277286154,7.237936772046581,79.9548532731377,-39.95753715498939,39.096459096459085,60.1889338731444,36.35693359375,6.9883527755737305,78.96162414550781,-40.806793212890625,39.0476188659668,60.32388687133789,36.35693359375,6.9883527755737305,78.96162414550781,-40.806793212890625,39.0476188659668,60.32388687133789
161,5.3808,35.914454277286154,7.237936772046581,79.9548532731377,-39.95753715498939,39.096459096459085,60.1889338731444,36.35693359375,6.9883527755737305,78.96162414550781,-40.806793212890625,39.0476188659668,60.32388687133789,36.35693359375,6.9883527755737305,78.96162414550781,-40.806793212890625,39.0476188659668,60.32388687133789
162,5.4153,35.914454277286154,7.237936772046581,79.9548532731377,-39.95753715498939,39.096459096459085,60.1889338731444,36.35693359375,6.9883527755737305,78.96162414550781,-40.806793212890625,39.0476188659668,60.32388687133789,36.35693359375,6.9883527755737305,78.96162414550781,-40.806793212890625,39.0476188659668,60.32388687133789
163,5.4476,35.914454277286154,7.237936772046581,79.9548532731377,-39.95753715498939,39.096459096459085,60.1889338731444,36.504425048828125,6.9883527755737305,78.96162414550781,-40.806793212890625,39.0476188659668,60.32388687133789,36.35693359375,6.9883527755737305,78.96162414550781,-40.806793212890625,39.0476188659668,60.32388687133789
164,5.481,35.914454277286154,7.237936772046581,79.9548532731377,-39.95753715498939,39.096459096459085,60.1889338731444,36.57817077636719,6.9883527755737305,78.96162414550781,-40.806793212890625,39.0476188659668,60.32388687133789,36.504425048828125,6.9883527755737305,78.96162414550781,-40.806793212890625,39.0476188659668,60.32388687133789
165,5.5144,35.914454277286154,7.237936772046581,79.9548532731377,-39.95753715498939,39.096459096459085,60.1889338731444,36.65191650390625,6.9883527755737305,78.96162414550781,-40.806793212890625,39.0476188659668,60.32388687133789,36.57817077636719,6.9883527755737305,78.96162414550781,-40.806793212890625,39.0476188659668,60.32388687133789
166,5.5488,35.914454277286154,7.237936772046581,79.9548532731377,-39.95753715498939,39.096459096459085,60.1889338731444,36.65191650390625,7.071547508239746,78.96162414550781,-40.806793212890625,39.0476188659668,60.32388687133789,36.65191650390625,6.9883527755737305,78.96162414550781,-40.806793212890625,39.0476188659668,60.32388687133789
167,5.5823,35.914454277286154,7.237936772046581,79.9548532731377,-39.95753715498939,39.096459096459085,60.1889338731444,36.65191650390625,7.071547508239746,78.96162414550781,-40.806793212890625,39.19413757324219,60.32388687133789,36.65191650390625,7.071547508239746,78.96162414550781,-40.806793212890625,39.0476188659668,60.32388687133789
168,5.6158,35.914454277286154,7.237936772046581,79.9548532731377,-39.95753715498939,39.096459096459085,60.1889338731444,36.65191650390625,7.071547508239746,78.96162414550781,-40.806793212890625,39.19413757324219,60.32388687133789,36.65191650390625,7.071547508239746,78.96162414550781,-40.806793212890625,39.19413757324219,60.32388687133789
169,5.6481,35.914454277286154,7.237936772046581,79.9548532731377,-39.95753715498939,39.096459096459085,60.1889338731444,36.72566223144531,7.071547508239746,78.96162414550781,-40.806793212890625,39.19413757324219,60.32388687133789,36.65191650390625,7.071547508239746,78.96162414550781,-40.806793212890625,39.19413757324219,60.32388687133789
170,5.6815,35.914454277286154,7.237936772046581,79.9548532731377,-39.95753715498939,39.096459096459085,60.1889338731444,36.72566223144531,7.071547508239746,78.96162414550781,-40.806793212890625,39.24298095703125,60.32388687133789,36.72566223144531,7.071547508239746,78.96162414550781,-40.806793212890625,39.19413757324219,60.32388687133789
171,5.7149,35.914454277286154,7.237936772046581,79.9548532731377,-39.95753715498939,39.096459096459085,60.1889338731444,36.72566223144531,7.071547508239746,78.96162414550781,-40.806793212890625,39.24298095703125,60.32388687133789,36.72566223144531,7.071547508239746,78.96162414550781,-40.806793212890625,39.24298095703125,60.32388687133789
172,5.7483,35.914454277286154,7.237936772046581,79.9548532731377,-39.95753715498939,39.096459096459085,60.1889338731444,36.72566223144531,7.071547508239746,78.96162414550781,-40.806793212890625,39.096458435058594,60.32388687133789,36.72566223144531,7.071547508239746,78.96162414550781,-40.806793212890625,39.24298095703125,60.32388687133789
173,5.7817,35.914454277286154,7.237936772046581,79.9548532731377,-39.95753715498939,39.096459096459085,60.1889338731444,36.72566223144531,7.071547508239746,78.96162414550781,-40.806793212890625,39.0476188659668,60.32388687133789,36.72566223144531,7.071547508239746,78.96162414550781,-40.806793212890625,39.096458435058594,60.32388687133789
174,5.8151,35.914454277286154,7.237936772046581,79.9548532731377,-39.95753715498939,39.096459096459085,60.1889338731444,36.72566223144531,7.071547508239746,78.96162414550781,-40.806793212890625,39.0476188659668,60.32388687133789,36.72566223144531,7.071547508239746,78.96162414550781,-40.806793212890625,39.0476188659668,60.32388687133789
175,5.8486,35.914454277286154,7.237936772046581,79.9548532731377,-39.95753715498939,39.096459096459085,60.1889338731444,36.72566223144531,7.071547508239746,78.96162414550781,-40.806793212890625,39.0476188659668,60.32388687133789,36.72566223144531,7.071547508239746,78.96162414550781,-40.806793212890625,39.0476188659668,60.32388687133789
176,5.8819,35.914454277286154,7.237936772046581,79.9548532731377,-39.95753715498939,39.096459096459085,60.1889338731444,36.65191650390625,7.071547508239746,78.96162414550781,-40.806793212890625,39.0476188659668,60.32388687133789,36.72566223144531,7.071547508239746,78.96162414550781,-40.806793212890625,39.0476188659668,60.32388687133789
177,5.9154,35.914454277286154,7.237936772046581,79.9548532731377,-39.95753715498939,39.096459096459085,60.1889338731444,36.65191650390625,7.071547508239746,78.96162414550781,-40.806793212890625,39.0476188659668,60.32388687133789,36.65191650390625,7.071547508239746,78.96162414550781,-40.806793212890625,39.0476188659668,60.32388687133789
178,5.9488,35.914454277286154,7.237936772046581,79.9548532731377,-39.95753715498939,39.096459096459085,60.1889338731444,36.65191650390625,7.071547508239746,78.96162414550781,-40.806793212890625,39.0476188659668,60.32388687133789,36.65191650390625,7.071547508239746,78.96162414550781,-40.806793212890625,39.0476188659668,60.32388687133789
179,5.9822,35.914454277286154,7.237936772046581,79.9548532731377,-39.95753715498939,39.096459096459085,60.1889338731444,36.65191650390625,7.071547508239746,78.96162414550781,-40.806793212890625,39.0476188659668,60.32388687133789,36.65191650390625,7.071547508239746,78.96162414550781,-40.806793212890625,39.0476188659668,60.32388687133789
180,6.0156,35.914454277286154,7.237936772046581,79.9548532731377,-39.95753715498939,39.096459096459085,60.1889338731444,36.72566223144531,7.071547508239746,78.96162414550781,-40.806793212890625,39.0476188659668,60.32388687133789,36.65191650390625,7.071547508239746,78.96162414550781,-40.806793212890625,39.0476188659668,60.32388687133789
181,6.049,35.914454277286154,7.237936772046581,79.9548532731377,-39.95753715498939,39.096459096459085,60.1889338731444,36.72566223144531,7.071547508239746,78.96162414550781,-40.806793212890625,39.0476188659668,60.32388687133789,36.72566223144531,7.071547508239746,78.96162414550781,-40.806793212890625,39.0476188659668,60.32388687133789
182,6.0827,35.914454277286154,7.237936772046581,79.9548532731377,-39.95753715498939,39.096459096459085,60.1889338731444,36.72566223144531,7.071547508239746,78.96162414550781,-40.806793212890625,39.0476188659668,60.32388687133789,36.72566223144531,7.071547508239746,78.96162414550781,-40.806793212890625,39.0476188659668,60.32388687133789
183,6.1159,35.914454277286154,7.237936772046581,79.9548532731377,-39.95753715498939,39.096459096459085,60.1889338731444,36.72566223144531,7.071547508239746,78.96162414550781,-40.806793212890625,39.0476188659668,60.32388687133789,36.72566223144531,7.071547508239746,78.96162414550781,-40.806793212890625,39.0476188659668,60.32388687133789
184,6.1493,35.914454277286154,7.237936772046581,79.9548532731377,-39.95753715498939,39.096459096459085,60.1889338731444,36.72566223144531,7.071547508239746,78.96162414550781,-40.806793212890625,39.0476188659668,60.32388687133789,36.72566223144531,7.071547508239746,78.96162414550781,-40.806793212890625,39.0476188659668,60.32388687133789
185,6.1827,35.914454277286154,7.237936772046581,79.9548532731377,-39.95753715498939,39.096459096459085,60.1889338731444,36.72566223144531,7.071547508239746,78.96162414550781,-40.806793212890625,39.0476188659668,60.32388687133789,36.72566223144531,7.071547508239746,78.96162414550781,-40.806793212890625,39.0476188659668,60.32388687133789
186,6.2161,35.914454277286154,7.237936772046581,79.9548532731377,-39.95753715498939,39.096459096459085,60.1889338731444,36.72566223144531,7.071547508239746,78.96162414550781,-40.806793212890625,39.0476188659668,60.32388687133789,36.72566223144531,7.071547508239746,78.96162414550781,-40.806793212890625,39.0476188659668,60.32388687133789
187,6.2496,35.914454277286154,7.237936772046581,79.9548532731377,-39.95753715498939,39.096459096459085,60.1889338731444,36.79941177368164,7.071547508239746,78.96162414550781,-40.806793212890625,39.0476188659668,60.32388687133789,36.72566223144531,7.071547508239746,78.96162414550781,-40.806793212890625,39.0476188659668,60.32388687133789
188,6.2829,35.914454277286154,7.237936772046581,79.9548532731377,-39.95753715498939,39.096459096459085,60.1889338731444,36.79941177368164,7.071547508239746,78.96162414550781,-40.806793212890625,39.0476188659668,60.32388687133789,36.79941177368164,7.071547508239746,78.96162414550781,-40.806793212890625,39.0476188659668,60.32388687133789
189,6.3163,35.914454277286154,7.237936772046581,79.9548532731377,-39.95753715498939,39.096459096459085,60.1889338731444,36.79941177368164,6.9883527755737305,78.96162414550781,-40.806793212890625,39.0476188659668,60.32388687133789,36.79941177368164,7.071547508239746,78.96162414550781,-40.806793212890625,39.0476188659668,60.32388687133789
190,6.3508,35.914454277286154,7.237936772046581,79.9548532731377,-39.95753715498939,39.096459096459085,60.1889338731444,36.79941177368164,6.905158042907715,78.96162414550781,-40.806793212890625,39.0476188659668,60.32388687133789,36.79941177368164,6.9883527755737305,78.96162414550781,-40.806793212890625,39.0476188659668,60.32388687133789
191,6.3832,35.914454277286154,7.237936772046581,79.9548532731377,-39.95753715498939,39.096459096459085,60.1889338731444,36.79941177368164,6.905158042907715,78.96162414550781,-40.806793212890625,39.0476188659668,60.32388687133789,36.79941177368164,6.905158042907715,78.96162414550781,-40.806793212890625,39.0476188659668,60.32388687133789
192,6.4166,35.914454277286154,7.237936772046581,79.9548532731377,-39.95753715498939,39.096459096459085,60.1889338731444,36.79941177368164,6.905158042907715,78.96162414550781,-40.806793212890625,39.0476188659668,60.32388687133789,36.79941177368164,6.905158042907715,78.96162414550781,-40.806793212890625,39.0476188659668,60.32388687133789
193,6.45,35.914454277286154,7.237936772046581,79.9548532731377,-39.95753715498939,39.096459096459085,60.1889338731444,36.79941177368164,6.905158042907715,78.96162414550781,-40.806793212890625,39.0476188659668,60.32388687133789,36.79941177368164,6.905158042907715,78.96162414550781,-40.806793212890625,39.0476188659668,60.32388687133789
194,6.4834,35.914454277286154,7.237936772046581,79.9548532731377,-39.95753715498939,39.096459096459085,60.1889338731444,36.79941177368164,6.905158042907715,78.96162414550781,-40.806793212890625,39.0476188659668,60.32388687133789,36.79941177368164,6.905158042907715,78.96162414550781,-40.806793212890625,39.0476188659668,60.32388687133789
195,6.5168,35.914454277286154,7.237936772046581,79.9548532731377,-39.95753715498939,39.096459096459085,60.1889338731444,36.72566223144531,6.905158042907715,78.96162414550781,-40.806793212890625,39.0476188659668,60.32388687133789,36.79941177368164,6.905158042907715,78.96162414550781,-40.806793212890625,39.0476188659668,60.32388687133789
196,6.5512,35.914454277286154,7.237936772046581,79.9548532731377,-39.95753715498939,39.096459096459085,60.1889338731444,36.72566223144531,6.905158042907715,78.96162414550781,-40.806793212890625,39.0476188659668,60.32388687133789,36.72566223144531,6.905158042907715,78.96162414550781,-40.806793212890625,39.0476188659668,60.32388687133789
197,6.5847,35.914454277286154,7.237936772046581,79.9548532731377,-39.95753715498939,39.096459096459085,60.1889338731444,36.65191650390625,6.9883527755737305,78.96162414550781,-40.806793212890625,39.0476188659668,60.32388687133789,36.72566223144531,6.905158042907715,78.96162414550781,-40.806793212890625,39.0476188659668,60.32388687133789
198,6.6171,35.914454277286154,7.237936772046581,79.9548532731377,-39.95753715498939,39.096459096459085,60.1889338731444,36.57817077636719,6.9883527755737305,78.96162414550781,-40.806793212890625,39.0476188659668,60.32388687133789,36.65191650390625,6.9883527755737305,78.96162414550781,-40.806793212890625,39.0476188659668,60.32388687133789
199,6.6506,35.914454277286154,7.237936772046581,79.9548532731377,-39.95753715498939,39.096459096459085,60.1889338731444,36.504425048828125,6.9883527755737305,78.96162414550781,-40.806793212890625,39.0476188659668,60.32388687133789,36.57817077636719,6.9883527755737305,78.96162414550781,-40.806793212890625,39.0476188659668,60.32388687133789
200,6.6839,35.914454277286154,7.237936772046581,79.9548532731377,-39.95753715498939,39.096459096459085,60.1889338731444,36.504425048828125,6.9883527755737305,78.96162414550781,-40.806793212890625,39.0476188659668,60.32388687133789,36.504425048828125,6.9883527755737305,78.96162414550781,-40.806793212890625,39.0476188659668,60.32388687133789
201,6.7173,35.914454277286154,7.237936772046581,79.9548532731377,-39.95753715498939,39.096459096459085,60.1889338731444,36.65191650390625,6.9883527755737305,78.96162414550781,-40.806793212890625,39.0476188659668,60.32388687133789,36.504425048828125,6.9883527755737305,78.96162414550781,-40.806793212890625,39.0476188659668,60.32388687133789
202,6.7507,35.914454277286154,7.237936772046581,79.9548532731377,-39.95753715498939,39.096459096459085,60.1889338731444,36.72566223144531,6.9883527755737305,78.96162414550781,-40.806793212890625,39.0476188659668,60.32388687133789,36.65191650390625,6.9883527755737305,78.96162414550781,-40.806793212890625,39.0476188659668,60.32388687133789
203,6.7841,35.914454277286154,7.237936772046581,79.9548532731377,-39.95753715498939,39.096459096459085,60.1889338731444,36.72566223144531,6.905158042907715,78.96162414550781,-40.806793212890625,39.0476188659668,60.32388687133789,36.72566223144531,6.9883527755737305,78.96162414550781,-40.806793212890625,39.0476188659668,60.32388687133789
204,6.8176,35.914454277286154,7.237936772046581,79.9548532731377,-39.95753715498939,39.096459096459085,60.1889338731444,36.72566223144531,6.905158042907715,78.87133026123047,-40.806793212890625,39.0476188659668,60.32388687133789,36.72566223144531,6.905158042907715,78.96162414550781,-40.806793212890625,39.0476188659668,60.32388687133789
205,6.8509,35.914454277286154,7.237936772046581,79.9548532731377,-39.95753715498939,39.096459096459085,60.1889338731444,36.72566223144531,6.905158042907715,78.87133026123047,-40.806793212890625,39.0476188659668,60.32388687133789,36.72566223144531,6.905158042907715,78.87133026123047,-40.806793212890625,39.0476188659668,60.32388687133789
206,6.8843,35.914454277286154,7.237936772046581,79.9548532731377,-39.95753715498939,39.096459096459085,60.1889338731444,36.72566223144531,6.905158042907715,78.87133026123047,-40.806793212890625,39.0476188659668,60.32388687133789,36.72566223144531,6.905158042907715,78.87133026123047,-40.806793212890625,39.0476188659668,60.32388687133789
207,6.9188,35.914454277286154,7.237936772046581,79.9548532731377,-39.95753715498939,39.096459096459085,60.1889338731444,36.72566223144531,6.905158042907715,78.87133026123047,-40.806793212890625,39.0476188659668,60.32388687133789,36.72566223144531,6.905158042907715,78.87133026123047,-40.806793212890625,39.0476188659668,60.32388687133789
208,6.9512,35.914454277286154,7.237936772046581,79.9548532731377,-39.95753715498939,39.096459096459085,60.1889338731444,36.72566223144531,6.821963310241699,78.87133026123047,-40.806793212890625,39.0476188659668,60.32388687133789,36.72566223144531,6.905158042907715,78.87133026123047,-40.806793212890625,39.0476188659668,60.32388687133789
209,6.9846,35.914454277286154,7.237936772046581,79.9548532731377,-39.95753715498939,39.096459096459085,60.1889338731444,36.72566223144531,6.821963310241699,78.78103637695312,-40.891719818115234,39.0476188659668,60.32388687133789,36.72566223144531,6.821963310241699,78.87133026123047,-40.806793212890625,39.0476188659668,60.32388687133789
210,7.018,35.914454277286154,7.237936772046581,79.9548532731377,-39.95753715498939,39.096459096459085,60.1889338731444,36.72566223144531,6.821963310241699,78.78103637695312,-40.891719818115234,39.0476188659668,59.446693420410156,36.72566223144531,6.821963310241699,78.78103637695312,-40.891719818115234,39.0476188659668,60.32388687133789
211,7.0511,35.914454277286154,7.237936772046581,79.9548532731377,-39.95753715498939,39.096459096459085,60.1889338731444,36.72566223144531,6.821963310241699,78.78103637695312,-40.891719818115234,39.0476188659668,57.35492706298828,36.72566223144531,6.821963310241699,78.78103637695312,-40.891719818115234,39.0476188659668,59.446693420410156
212,7.0849,35.914454277286154,7.237936772046581,79.8645598194131,-39.95753715498939,39.096459096459085,60.1889338731444,36.72566223144531,6.821963310241699,78.78103637695312,-40.891719818115234,39.0476188659668,54.385963439941406,36.72566223144531,6.821963310241699,78.78103637695312,-40.891719818115234,39.0476188659668,57.35492706298828
213,7.1184,35.914454277286154,7.237936772046581,79.7742663656885,-39.95753715498939,39.096459096459085,58.97435897435898,36.79941177368164,6.821963310241699,78.78103637695312,-40.891719818115234,39.0476188659668,51.079620361328125,36.72566223144531,6.821963310241699,78.78103637695312,-40.891719818115234,39.0476188659668,54.385963439941406
214,7.1518,35.914454277286154,7.237936772046581,79.7742663656885,-39.95753715498939,39.096459096459085,57.21997300944669,36.8731575012207,6.821963310241699,78.78103637695312,-40.891719818115234,39.0476188659668,47.908233642578125,36.79941177368164,6.821963310241699,78.78103637695312,-40.891719818115234,39.0476188659668,51.079620361328125
215,7.1852,35.914454277286154,7.237936772046581,79.7742663656885,-39.95753715498939,39.096459096459085,55.06072874493927,36.8731575012207,6.821963310241699,78.78103637695312,-40.891719818115234,39.0476188659668,44.5344123840332,36.8731575012207,6.821963310241699,78.78103637695312,-40.891719818115234,39.0476188659668,47.908233642578125
216,7.2186,35.914454277286154,7.237936772046581,79.7742663656885,-39.95753715498939,39.096459096459085,52.4966261808367,36.8731575012207,6.821963310241699,78.5101547241211,-40.891719818115234,39.0476188659668,41.22806930541992,36.8731575012207,6.821963310241699,78.78103637695312,-40.891719818115234,39.0476188659668,44.5344123840332
217,7.2519,35.914454277286154,7.237936772046581,79.7742663656885,-39.95753715498939,39.096459096459085,49.662618083670715,36.8731575012207,6.9883527755737305,77.87810516357422,-40.891719818115234,39.0476188659668,37.92172622680664,36.8731575012207,6.821963310241699,78.5101547241211,-40.891719818115234,39.0476188659668,41.22806930541992
218,7.2854,35.914454277286154,7.237936772046581,79.68397291196388,-39.95753715498939,39.096459096459085,46.69365721997301,36.79941177368164,6.9883527755737305,77.06546020507812,-40.891719818115234,39.0476188659668,34.682861328125,36.8731575012207,6.9883527755737305,77.87810516357422,-40.891719818115234,39.0476188659668,37.92172622680664
219,7.3187,35.914454277286154,7.321131447587348,79.32279909706546,-39.95753715498939,39.096459096459085,43.58974358974359,36.72566223144531,6.9883527755737305,76.43341064453125,-40.891719818115234,39.0476188659668,31.30904197692871,36.79941177368164,6.9883527755737305,77.06546020507812,-40.891719818115234,39.0476188659668,34.682861328125
220,7.3522,35.98820058997049,7.321131447587348,78.69074492099324,-39.95753715498939,39.096459096459085,40.48582995951417,36.72566223144531,6.9883527755737305,75.89164733886719,-40.891719818115234,39.0476188659668,28.00269889831543,36.72566223144531,6.9883527755737305,76.43341064453125,-40.891719818115234,39.0476188659668,31.30904197692871
221,7.3856,35.98820058997049,7.321131447587348,77.96839729119637,-39.95753715498939,39.096459096459085,37.314439946018894,36.65191650390625,6.9883527755737305,75.53047180175781,-40.806793212890625,39.0476188659668,24.831308364868164,36.72566223144531,6.9883527755737305,75.89164733886719,-40.891719818115234,39.0476188659668,28.00269889831543
222,7.419,35.98820058997049,7.321131447587348,77.42663656884875,-39.95753715498939,39.096459096459085,34.0080971659919,36.65191650390625,7.071547508239746,75.25959014892578,-40.806793212890625,39.0476188659668,21.99730110168457,36.65191650390625,6.9883527755737305,75.53047180175781,-40.806793212890625,39.0476188659668,24.831308364868164
223,7.4524,35.98820058997049,7.321131447587348,77.06546275395033,-39.95753715498939,39.096459096459085,30.76923076923077,36.65191650390625,7.154742240905762,75.07901000976562,-40.806793212890625,39.0476188659668,19.433198928833008,36.65191650390625,7.071547508239746,75.25959014892578,-40.806793212890625,39.0476188659668,21.99730110168457
224,7.4868,35.98820058997049,7.321131447587348,76.70428893905193,-39.95753715498939,39.096459096459085,27.530364372469634,36.65191650390625,7.154742240905762,75.07901000976562,-40.806793212890625,39.0476188659668,17.476383209228516,36.65191650390625,7.154742240905762,75.07901000976562,-40.806793212890625,39.0476188659668,19.433198928833008
225,7.5203,35.98820058997049,7.321131447587348,76.52370203160271,-39.95753715498939,39.096459096459085,24.493927125506072,36.65191650390625,7.154742240905762,75.07901000976562,-40.806793212890625,39.096458435058594,15.654520988464355,36.65191650390625,7.154742240905762,75.07901000976562,-40.806793212890625,39.0476188659668,17.476383209228516
226,7.5537,35.98820058997049,7.321131447587348,76.52370203160271,-39.95753715498939,39.096459096459085,21.929824561403507,36.72566223144531,7.154742240905762,75.07901000976562,-40.806793212890625,39.19413757324219,14.304993629455566,36.65191650390625,7.154742240905762,75.07901000976562,-40.806793212890625,39.096458435058594,15.654520988464355
227,7.5872,35.98820058997049,7.321131447587348,76.52370203160271,-39.95753715498939,39.096459096459085,19.50067476383266,36.72566223144531,7.154742240905762,75.07901000976562,-40.806793212890625,39.24298095703125,13.292847633361816,36.72566223144531,7.154742240905762,75.07901000976562,-40.806793212890625,39.19413757324219,14.304993629455566
228,7.6195,35.98820058997049,7.321131447587348,76.52370203160271,-39.95753715498939,39.096459096459085,17.476383265856953,36.72566223144531,7.154742240905762,75.07901000976562,-40.806793212890625,39.24298095703125,12.415654182434082,36.72566223144531,7.154742240905762,75.07901000976562,-40.806793212890625,39.24298095703125,13.292847633361816
229,7.6529,35.98820058997049,7.321131447587348,76.52370203160271,-39.95753715498939,39.096459096459085,15.856950067476383,36.72566223144531,7.154742240905762,75.07901000976562,-40.806793212890625,39.29182052612305,11.67341423034668,36.72566223144531,7.154742240905762,75.07901000976562,-40.806793212890625,39.24298095703125,12.415654182434082
230,7.6863,35.98820058997049,7.321131447587348,76.52370203160271,-39.95753715498939,39.096459096459085,14.507422402159245,36.72566223144531,7.154742240905762,75.07901000976562,-40.806793212890625,39.29182052612305,10.931174278259277,36.72566223144531,7.154742240905762,75.07901000976562,-40.806793212890625,39.29182052612305,11.67341423034668
231,7.7197,35.98820058997049,7.321131447587348,76.52370203160271,-39.95753715498939,39.096459096459085,13.360323886639677,36.72566223144531,7.154742240905762,75.07901000976562,-40.806793212890625,39.29182052612305,10.391363143920898,36.72566223144531,7.154742240905762,75.07901000976562,-40.806793212890625,39.29182052612305,10.931174278259277
232,7.7532,35.98820058997049,7.321131447587348,76.52370203160271,-39.95753715498939,39.096459096459085,12.415654520917679,36.72566223144531,7.154742240905762,75.07901000976562,-40.721866607666016,39.340660095214844,9.919028282165527,36.72566223144531,7.154742240905762,75.07901000976562,-40.806793212890625,39.29182052612305,10.391363143920898
233,7.7866,35.98820058997049,7.321131447587348,76.52370203160271,-39.95753715498939,39.096459096459085,11.673414304993253,36.72566223144531,7.154742240905762,75.07901000976562,-40.721866607666016,39.340660095214844,9.581645965576172,36.72566223144531,7.154742240905762,75.07901000976562,-40.721866607666016,39.340660095214844,9.919028282165527
234,7.82,35.98820058997049,7.321131447587348,76.52370203160271,-39.95753715498939,39.096459096459085,10.998650472334683,36.72566223144531,7.154742240905762,75.07901000976562,-40.721866607666016,39.340660095214844,9.446693420410156,36.72566223144531,7.154742240905762,75.07901000976562,-40.721866607666016,39.340660095214844,9.581645965576172
235,7.8534,35.98820058997049,7.321131447587348,76.52370203160271,-39.95753715498939,39.096459096459085,10.458839406207828,36.72566223144531,7.154742240905762,75.16930389404297,-40.721866607666016,39.340660095214844,9.446693420410156,36.72566223144531,7.154742240905762,75.07901000976562,-40.721866607666016,39.340660095214844,9.446693420410156
236,7.8868,35.98820058997049,7.321131447587348,76.52370203160271,-39.95753715498939,39.096459096459085,10.121457489878543,36.72566223144531,7.154742240905762,75.16930389404297,-40.721866607666016,39.340660095214844,9.446693420410156,36.72566223144531,7.154742240905762,75.16930389404297,-40.721866607666016,39.340660095214844,9.446693420410156
237,7.9202,35.98820058997049,7.321131447587348,76.52370203160271,-39.95753715498939,39.096459096459085,9.986504723346828,36.72566223144531,7.154742240905762,75.25959014892578,-40.721866607666016,39.340660095214844,9.446693420410156,36.72566223144531,7.154742240905762,75.16930389404297,-40.721866607666016,39.340660095214844,9.446693420410156
238,7.9536,35.98820058997049,7.321131447587348,76.52370203160271,-39.95753715498939,39.096459096459085,9.851551956815115,36.72566223144531,7.154742240905762,75.34988403320312,-40.721866607666016,39.340660095214844,9.446693420410156,36.72566223144531,7.154742240905762,75.25959014892578,-40.721866607666016,39.340660095214844,9.446693420410156
239,7.987,35.98820058997049,7.321131447587348,76.52370203160271,-39.95753715498939,39.096459096459085,9.7165991902834,36.72566223144531,7.154742240905762,75.53047180175781,-40.721866607666016,39.340660095214844,9.446693420410156,36.72566223144531,7.154742240905762,75.34988403320312,-40.721866607666016,39.340660095214844,9.446693420410156
240,8.0204,35.98820058997049,7.321131447587348,76.52370203160271,-39.95753715498939,39.096459096459085,9.7165991902834,36.72566223144531,7.154742240905762,75.80135345458984,-40.721866607666016,39.340660095214844,9.379217147827148,36.72566223144531,7.154742240905762,75.53047180175781,-40.721866607666016,39.340660095214844,9.446693420410156
241,8.0538,35.98820058997049,7.321131447587348,76.52370203160271,-39.95753715498939,39.096459096459085,9.649122807017543,36.72566223144531,7.154742240905762,75.89164733886719,-40.721866607666016,39.340660095214844,9.379217147827148,36.72566223144531,7.154742240905762,75.80135345458984,-40.721866607666016,39.340660095214844,9.379217147827148
242,8.0873,35.98820058997049,7.321131447587348,76.52370203160271,-39.95753715498939,39.096459096459085,9.649122807017543,36.65191650390625,7.154742240905762,75.98194122314453,-40.721866607666016,39.340660095214844,9.379217147827148,36.72566223144531,7.154742240905762,75.89164733886719,-40.721866607666016,39.340660095214844,9.379217147827148
243,8.1207,35.98820058997049,7.321131447587348,76.52370203160271,-39.95753715498939,39.096459096459085,9.581646423751687,36.57817077636719,7.154742240905762,75.98194122314453,-40.721866607666016,39.340660095214844,9.379217147827148,36.65191650390625,7.154742240905762,75.98194122314453,-40.721866607666016,39.340660095214844,9.379217147827148
244,8.1543,35.98820058997049,7.321131447587348,76.52370203160271,-39.95753715498939,39.096459096459085,9.581646423751687,36.57817077636719,7.154742240905762,75.98194122314453,-40.721866607666016,39.340660095214844,9.379217147827148,36.57817077636719,7.154742240905762,75.98194122314453,-40.721866607666016,39.340660095214844,9.379217147827148
245,8.1876,35.98820058997049,7.321131447587348,76.52370203160271,-39.95753715498939,39.096459096459085,9.581646423751687,36.57817077636719,7.154742240905762,75.98194122314453,-40.721866607666016,39.340660095214844,9.379217147827148,36.57817077636719,7.154742240905762,75.98194122314453,-40.721866607666016,39.340660095214844,9.379217147827148
246,8.2209,35.98820058997049,7.321131447587348,76.52370203160271,-39.95753715498939,39.096459096459085,9.581646423751687,36.57817077636719,7.154742240905762,75.98194122314453,-40.721866607666016,39.340660095214844,9.379217147827148,36.57817077636719,7.154742240905762,75.98194122314453,-40.721866607666016,39.340660095214844,9.379217147827148
247,8.2543,35.98820058997049,7.321131447587348,76.52370203160271,-39.95753715498939,39.096459096459085,9.581646423751687,36.57817077636719,7.154742240905762,75.98194122314453,-40.721866607666016,39.340660095214844,9.379217147827148,36.57817077636719,7.154742240905762,75.98194122314453,-40.721866607666016,39.340660095214844,9.379217147827148
248,8.2877,35.98820058997049,7.321131447587348,76.52370203160271,-39.95753715498939,39.096459096459085,9.581646423751687,36.57817077636719,7.154742240905762,75.98194122314453,-40.721866607666016,39.340660095214844,9.379217147827148,36.57817077636719,7.154742240905762,75.98194122314453,-40.721866607666016,39.340660095214844,9.379217147827148
249,8.3212,35.98820058997049,7.321131447587348,76.52370203160271,-39.95753715498939,39.096459096459085,9.581646423751687,36.65191650390625,7.154742240905762,75.80135345458984,-40.721866607666016,39.340660095214844,9.379217147827148,36.57817077636719,7.154742240905762,75.98194122314453,-40.721866607666016,39.340660095214844,9.379217147827148
250,8.3546,35.98820058997049,7.321131447587348,76.52370203160271,-39.95753715498939,39.096459096459085,9.581646423751687,36.65191650390625,7.154742240905762,75.53047180175781,-40.721866607666016,39.096458435058594,9.379217147827148,36.65191650390625,7.154742240905762,75.80135345458984,-40.721866607666016,39.340660095214844,9.379217147827148
251,8.388,35.98820058997049,7.321131447587348,76.52370203160271,-39.95753715498939,39.096459096459085,9.581646423751687,36.65191650390625,7.071547508239746,75.34988403320312,-40.55201721191406,39.0476188659668,9.379217147827148,36.65191650390625,7.154742240905762,75.53047180175781,-40.721866607666016,39.096458435058594,9.379217147827148
252,8.4214,35.98820058997049,7.321131447587348,76.52370203160271,-39.95753715498939,39.096459096459085,9.581646423751687,36.504425048828125,7.071547508239746,75.16930389404297,-40.382164001464844,38.998779296875,9.379217147827148,36.65191650390625,7.071547508239746,75.34988403320312,-40.55201721191406,39.0476188659668,9.379217147827148
253,8.4548,35.98820058997049,7.321131447587348,76.52370203160271,-39.95753715498939,39.096459096459085,9.581646423751687,36.35693359375,7.071547508239746,75.16930389404297,-40.2972412109375,38.998779296875,9.379217147827148,36.504425048828125,7.071547508239746,75.16930389404297,-40.382164001464844,38.998779296875,9.379217147827148
254,8.4883,35.98820058997049,7.321131447587348,76.52370203160271,-39.95753715498939,39.096459096459085,9.581646423751687,36.28318405151367,6.9883527755737305,75.16930389404297,-40.2972412109375,38.998779296875,9.379217147827148,36.35693359375,7.071547508239746,75.16930389404297,-40.2972412109375,38.998779296875,9.379217147827148
255,8.5226,35.98820058997049,7.321131447587348,76.52370203160271,-39.95753715498939,39.096459096459085,9.581646423751687,36.20943832397461,6.9883527755737305,75.16930389404297,-40.2972412109375,38.998779296875,9.379217147827148,36.28318405151367,6.9883527755737305,75.16930389404297,-40.2972412109375,38.998779296875,9.379217147827148
256,8.5561,35.98820058997049,7.321131447587348,76.52370203160271,-39.95753715498939,39.096459096459085,9.581646423751687,36.20943832397461,6.905158042907715,75.53047180175781,-40.721866607666016,38.998779296875,9.379217147827148,36.20943832397461,6.9883527755737305,75.16930389404297,-40.2972412109375,38.998779296875,9.379217147827148
257,8.5886,35.98820058997049,7.321131447587348,76.52370203160271,-39.95753715498939,39.096459096459085,9.581646423751687,36.20943832397461,6.738768577575684,75.89164733886719,-40.382164001464844,38.998779296875,9.379217147827148,36.20943832397461,6.905158042907715,75.53047180175781,-40.721866607666016,38.998779296875,9.379217147827148
258,8.6219,35.98820058997049,7.321131447587348,76.52370203160271,-39.95753715498939,39.096459096459085,9.581646423751687,36.20943832397461,5.7404327392578125,76.43341064453125,-39.78768539428711,38.998779296875,9.379217147827148,36.20943832397461,6.738768577575684,75.89164733886719,-40.382164001464844,38.998779296875,9.379217147827148
259,8.6553,35.98820058997049,7.321131447587348,76.52370203160271,-39.95753715498939,39.096459096459085,9.581646423751687,36.20943832397461,5.324459075927734,76.70429229736328,-39.78768539428711,38.998779296875,9.379217147827148,36.20943832397461,5.7404327392578125,76.43341064453125,-39.78768539428711,38.998779296875,9.379217147827148
260,8.6887,35.98820058997049,7.321131447587348,76.70428893905193,-39.87261146496815,39.096459096459085,9.581646423751687,36.20943832397461,5.158070087432861,76.70429229736328,-39.78768539428711,38.998779296875,9.379217147827148,36.20943832397461,5.324459075927734,76.70429229736328,-39.78768539428711,38.998779296875,9.379217147827148
261,8.7221,35.98820058997049,7.321131447587348,76.88487584650113,-39.87261146496815,39.096459096459085,9.581646423751687,36.13569259643555,4.99168062210083,76.5237045288086,-39.78768539428711,38.998779296875,9.379217147827148,36.20943832397461,5.158070087432861,76.70429229736328,-39.78768539428711,38.998779296875,9.379217147827148
262,8.756,35.98820058997049,7.237936772046581,76.88487584650113,-39.87261146496815,39.096459096459085,9.581646423751687,36.13569259643555,4.825291156768799,76.5237045288086,-39.78768539428711,38.998779296875,9.31174087524414,36.13569259643555,4.99168062210083,76.5237045288086,-39.78768539428711,38.998779296875,9.379217147827148
263,8.789,35.98820058997049,7.154742096505814,76.88487584650113,-39.87261146496815,39.096459096459085,9.581646423751687,36.061946868896484,3.993344306945801,76.61399841308594,-39.7027587890625,38.998779296875,9.31174087524414,36.13569259643555,4.825291156768799,76.5237045288086,-39.78768539428711,38.998779296875,9.31174087524414
264,8.8224,35.98820058997049,7.154742096505814,76.88487584650113,-39.87261146496815,39.096459096459085,9.581646423751687,36.061946868896484,2.662229537963867,76.88487243652344,-39.617835998535156,38.998779296875,9.31174087524414,36.061946868896484,3.993344306945801,76.61399841308594,-39.7027587890625,38.998779296875,9.31174087524414
265,8.8558,35.98820058997049,6.905158069883527,76.97516930022573,-39.87261146496815,39.096459096459085,9.581646423751687,36.061946868896484,1.2479201555252075,77.06546020507812,-39.617835998535156,38.998779296875,9.31174087524414,36.061946868896484,2.662229537963867,76.88487243652344,-39.617835998535156,38.998779296875,9.31174087524414
266,8.8895,35.98820058997049,6.405990016638924,76.97516930022573,-39.87261146496815,39.096459096459085,9.581646423751687,36.061946868896484,-0.41597336530685425,77.33634185791016,-39.617835998535156,38.9499397277832,9.31174087524414,36.061946868896484,1.2479201555252075,77.06546020507812,-39.617835998535156,38.998779296875,9.31174087524414
267,8.9235,35.98820058997049,5.4908485856905145,76.97516930022573,-39.87261146496815,39.096459096459085,9.581646423751687,36.061946868896484,-2.329450845718384,77.78781127929688,-39.617835998535156,38.9499397277832,9.31174087524414,36.061946868896484,-0.41597336530685425,77.33634185791016,-39.617835998535156,38.9499397277832,9.31174087524414
268,8.956,35.98820058997049,4.4093178036605565,77.33634311512415,-39.87261146496815,39.096459096459085,9.581646423751687,36.061946868896484,-4.4925127029418945,78.32957458496094,-39.617835998535156,38.9499397277832,9.109312057495117,36.061946868896484,-2.329450845718384,77.78781127929688,-39.617835998535156,38.9499397277832,9.31174087524414
269,8.9895,35.98820058997049,3.2445923460898456,77.69751693002257,-39.87261146496815,39.096459096459085,9.581646423751687,36.061946868896484,-7.154742240905762,79.05191802978516,-39.617835998535156,38.9499397277832,8.771929740905762,36.061946868896484,-4.4925127029418945,78.32957458496094,-39.617835998535156,38.9499397277832,9.109312057495117
270,9.0228,35.98820058997049,1.9134775374376005,78.23927765237019,-39.87261146496815,39.096459096459085,9.581646423751687,36.061946868896484,-9.23460865020752,79.9548568725586,-39.617835998535156,38.9499397277832,8.636977195739746,36.061946868896484,-7.154742240905762,79.05191802978516,-39.617835998535156,38.9499397277832,8.771929740905762
271,9.0563,35.98820058997049,0.3327787021630684,78.87133182844244,-39.87261146496815,39.096459096459085,9.31174089068826,36.061946868896484,-11.39767074584961,80.94808197021484,-39.617835998535156,38.9499397277832,8.636977195739746,36.061946868896484,-9.23460865020752,79.9548568725586,-39.617835998535156,38.9499397277832,8.636977195739746
272,9.0897,35.98820058997049,-1.247920133111478,79.50338600451468,-39.87261146496815,39.096459096459085,9.109311740890687,36.061946868896484,-13.643926620483398,82.03160095214844,-39.617835998535156,38.9499397277832,8.636977195739746,36.061946868896484,-11.39767074584961,80.94808197021484,-39.617835998535156,38.9499397277832,8.636977195739746
273,9.1231,35.98820058997049,-3.0782029950083114,80.49661399548535,-39.87261146496815,39.096459096459085,9.109311740890687,36.061946868896484,-15.640599250793457,83.20541381835938,-39.617835998535156,38.9499397277832,8.636977195739746,36.061946868896484,-13.643926620483398,82.03160095214844,-39.617835998535156,38.9499397277832,8.636977195739746
274,9.1567,35.98820058997049,-5.074875207986679,81.48984198645599,-39.87261146496815,39.096459096459085,9.109311740890687,36.13569259643555,-17.221298217773438,84.55982208251953,-39.617835998535156,38.9499397277832,8.636977195739746,36.061946868896484,-15.640599250793457,83.20541381835938,-39.617835998535156,38.9499397277832,8.636977195739746
275,9.1896,35.98820058997049,-7.154742096505828,82.39277652370203,-39.87261146496815,39.096459096459085,9.109311740890687,36.13569259643555,-17.221298217773438,84.55982208251953,-39.617835998535156,38.9499397277832,8.636977195739746,36.061946868896484,-15.640599250793457,83.20541381835938,-39.617835998535156,38.9499397277832,8.636977195739746
276,9.2243,35.98820058997049,-9.151414309484196,83.56659142212192,-39.87261146496815,39.096459096459085,9.109311740890687,36.13569259643555,-17.221298217773438,84.55982208251953,-39.617835998535156,38.9499397277832,8.636977195739746,36.061946868896484,-15.640599250793457,83.20541381835938,-39.617835998535156,38.9499397277832,8.636977195739746
277,9.259,35.98820058997049,-10.898502495840262,84.19864559819413,-39.87261146496815,39.096459096459085,9.109311740890687,36.13569259643555,-17.221298217773438,84.55982208251953,-39.617835998535156,38.9499397277832,8.636977195739746,36.061946868896484,-15.640599250793457,83.20541381835938,-39.617835998535156,38.9499397277832,8.636977195739746
278,9.2936,35.98820058997049,-12.396006655574041,84.28893905191873,-39.78768577494692,39.096459096459085,9.109311740890687,36.13569259643555,-17.221298217773438,84.55982208251953,-39.617835998535156,38.9499397277832,8.636977195739746,36.061946868896484,-15.640599250793457,83.20541381835938,-39.617835998535156,38.9499397277832,8.636977195739746
279,9.3286,36.06194690265488,-13.810316139767053,84.46952595936793,-39.87261146496815,39.096459096459085,9.109311740890687,36.13569259643555,-17.221298217773438,84.55982208251953,-39.617835998535156,38.9499397277832,8.636977195739746,36.061946868896484,-15.640599250793457,83.20541381835938,-39.617835998535156,38.9499397277832,8.636977195739746
280,9.3634,36.06194690265488,-14.559068219633943,84.65011286681715,-39.87261146496815,39.096459096459085,9.109311740890687,36.13569259643555,-17.221298217773438,84.55982208251953,-39.617835998535156,38.9499397277832,8.636977195739746,36.061946868896484,-15.640599250793457,83.20541381835938,-39.617835998535156,38.9499397277832,8.636977195739746
281,9.398,36.06194690265488,-14.891846921796997,84.65011286681715,-39.87261146496815,39.096459096459085,9.109311740890687,36.13569259643555,-17.221298217773438,84.55982208251953,-39.617835998535156,38.9499397277832,8.636977195739746,36.061946868896484,-15.640599250793457,83.20541381835938,-39.617835998535156,38.9499397277832,8.636977195739746
282,9.4326,36.06194690265488,-15.224625623960065,84.65011286681715,-39.87261146496815,39.096459096459085,9.109311740890687,36.13569259643555,-17.221298217773438,84.55982208251953,-39.617835998535156,38.9499397277832,8.636977195739746,36.061946868896484,-15.640599250793457,83.20541381835938,-39.617835998535156,38.9499397277832,8.636977195739746
283,9.4672,36.06194690265488,-15.307820299500833,84.65011286681715,-39.87261146496815,39.096459096459085,9.109311740890687,36.13569259643555,-17.221298217773438,84.55982208251953,-39.617835998535156,38.9499397277832,8.636977195739746,36.061946868896484,-15.640599250793457,83.20541381835938,-39.617835998535156,38.9499397277832,8.636977195739746
284,9.5023,36.06194690265488,-15.474209650582367,84.65011286681715,-39.87261146496815,39.096459096459085,9.109311740890687,36.13569259643555,-17.221298217773438,84.55982208251953,-39.617835998535156,38.9499397277832,8.636977195739746,36.061946868896484,-15.640599250793457,83.20541381835938,-39.617835998535156,38.9499397277832,8.636977195739746
285,9.5375,36.06194690265488,-15.55740432612312,84.65011286681715,-39.87261146496815,39.096459096459085,9.109311740890687,36.13569259643555,-17.221298217773438,84.55982208251953,-39.617835998535156,38.9499397277832,8.636977195739746,36.061946868896484,-15.640599250793457,83.20541381835938,-39.617835998535156,38.9499397277832,8.636977195739746
286,9.5726,36.06194690265488,-15.55740432612312,84.65011286681715,-39.87261146496815,39.096459096459085,9.109311740890687,36.13569259643555,-17.221298217773438,84.55982208251953,-39.617835998535156,38.9499397277832,8.636977195739746,36.061946868896484,-15.640599250793457,83.20541381835938,-39.617835998535156,38.9499397277832,8.636977195739746
287,9.6077,36.06194690265488,-15.55740432612312,84.65011286681715,-39.87261146496815,39.096459096459085,9.109311740890687,36.13569259643555,-17.221298217773438,84.55982208251953,-39.617835998535156,38.9499397277832,8.636977195739746,36.061946868896484,-15.640599250793457,83.20541381835938,-39.617835998535156,38.9499397277832,8.636977195739746
288,9.6427,36.06194690265488,-15.55740432612312,84.65011286681715,-39.87261146496815,39.096459096459085,9.109311740890687,36.13569259643555,-17.221298217773438,84.55982208251953,-39.617835998535156,38.9499397277832,8.636977195739746,36.061946868896484,-15.640599250793457,83.20541381835938,-39.617835998535156,38.9499397277832,8.636977195739746
289,9.6779,36.06194690265488,-15.55740432612312,84.65011286681715,-39.87261146496815,39.096459096459085,9.109311740890687,36.13569259643555,-17.221298217773438,84.55982208251953,-39.617835998535156,38.9499397277832,8.636977195739746,36.061946868896484,-15.640599250793457,83.20541381835938,-39.617835998535156,38.9499397277832,8.636977195739746
290,9.7126,36.06194690265488,-15.55740432612312,84.65011286681715,-39.87261146496815,39.096459096459085,9.109311740890687,36.13569259643555,-17.221298217773438,84.55982208251953,-39.617835998535156,38.9499397277832,8.636977195739746,36.061946868896484,-15.640599250793457,83.20541381835938,-39.617835998535156,38.9499397277832,8.636977195739746
291,9.7472,36.06194690265488,-15.55740432612312,84.65011286681715,-39.87261146496815,39.096459096459085,9.109311740890687,36.13569259643555,-17.221298217773438,84.55982208251953,-39.617835998535156,38.9499397277832,8.636977195739746,36.061946868896484,-15.640599250793457,83.20541381835938,-39.617835998535156,38.9499397277832,8.636977195739746
292,9.7818,36.06194690265488,-15.55740432612312,84.65011286681715,-39.87261146496815,39.096459096459085,9.109311740890687,36.13569259643555,-17.221298217773438,84.55982208251953,-39.617835998535156,38.9499397277832,8.636977195739746,36.061946868896484,-15.640599250793457,83.20541381835938,-39.617835998535156,38.9499397277832,8.636977195739746
293,9.8165,36.06194690265488,-15.55740432612312,84.65011286681715,-39.87261146496815,39.096459096459085,9.109311740890687,36.13569259643555,-17.221298217773438,84.55982208251953,-39.617835998535156,38.9499397277832,8.636977195739746,36.061946868896484,-15.640599250793457,83.20541381835938,-39.617835998535156,38.9499397277832,8.636977195739746
294,9.8511,36.06194690265488,-15.55740432612312,84.65011286681715,-39.87261146496815,39.096459096459085,9.109311740890687,36.13569259643555,-17.221298217773438,84.55982208251953,-39.617835998535156,38.9499397277832,8.636977195739746,36.061946868896484,-15.640599250793457,83.20541381835938,-39.617835998535156,38.9499397277832,8.636977195739746
295,9.8857,36.06194690265488,-15.55740432612312,84.65011286681715,-39.87261146496815,39.096459096459085,9.109311740890687,36.13569259643555,-17.221298217773438,84.55982208251953,-39.617835998535156,38.9499397277832,8.636977195739746,36.061946868896484,-15.640599250793457,83.20541381835938,-39.617835998535156,38.9499397277832,8.636977195739746
296,9.9203,36.06194690265488,-15.55740432612312,84.65011286681715,-39.87261146496815,39.096459096459085,9.109311740890687,36.13569259643555,-17.221298217773438,84.55982208251953,-39.617835998535156,38.9499397277832,8.636977195739746,36.061946868896484,-15.640599250793457,83.20541381835938,-39.617835998535156,38.9499397277832,8.636977195739746
297,9.9549,36.06194690265488,-15.55740432612312,84.65011286681715,-39.87261146496815,39.096459096459085,9.109311740890687,36.13569259643555,-17.221298217773438,84.55982208251953,-39.617835998535156,38.9499397277832,8.636977195739746,36.061946868896484,-15.640599250793457,83.20541381835938,-39.617835998535156,38.9499397277832,8.636977195739746
298,9.9895,36.06194690265488,-15.55740432612312,84.65011286681715,-39.87261146496815,39.096459096459085,9.109311740890687,36.13569259643555,-17.221298217773438,84.55982208251953,-39.617835998535156,38.9499397277832,8.636977195739746,36.061946868896484,-15.640599250793457,83.20541381835938,-39.617835998535156,38.9499397277832,8.636977195739746
299,10.0242,36.06194690265488,-15.55740432612312,84.65011286681715,-39.87261146496815,39.096459096459085,9.109311740890687,36.13569259643555,-17.221298217773438,84.55982208251953,-39.617835998535156,38.9499397277832,8.636977195739746,36.061946868896484,-15.640599250793457,83.20541381835938,-39.617835998535156,38.9499397277832,8.636977195739746
300,10.0589,36.06194690265488,-15.55740432612312,84.65011286681715,-39.87261146496815,39.096459096459085,9.109311740890687,36.13569259643555,-17.221298217773438,84.55982208251953,-39.617835998535156,38.9499397277832,8.636977195739746,36.061946868896484,-15.640599250793457,83.20541381835938,-39.617835998535156,38.9499397277832,8.636977195739746
301,10.0935,36.06194690265488,-15.55740432612312,84.65011286681715,-39.87261146496815,39.096459096459085,9.109311740890687,36.13569259643555,-17.221298217773438,84.55982208251953,-39.617835998535156,38.9499397277832,8.636977195739746,36.061946868896484,-15.640599250793457,83.20541381835938,-39.617835998535156,38.9499397277832,8.636977195739746
302,10.1281,36.06194690265488,-15.55740432612312,84.65011286681715,-39.87261146496815,39.096459096459085,9.109311740890687,36.13569259643555,-17.221298217773438,84.55982208251953,-39.617835998535156,38.9499397277832,8.636977195739746,36.061946868896484,-15.640599250793457,83.20541381835938,-39.617835998535156,38.9499397277832,8.636977195739746
303,10.1628,36.06194690265488,-15.55740432612312,84.65011286681715,-39.87261146496815,39.096459096459085,9.109311740890687,36.13569259643555,-17.221298217773438,84.55982208251953,-39.617835998535156,38.9499397277832,8.636977195739746,36.061946868896484,-15.640599250793457,83.20541381835938,-39.617835998535156,38.9499397277832,8.636977195739746
304,10.1975,36.06194690265488,-15.55740432612312,84.65011286681715,-39.87261146496815,39.096459096459085,9.109311740890687,36.13569259643555,-17.221298217773438,84.55982208251953,-39.617835998535156,38.9499397277832,8.636977195739746,36.061946868896484,-15.640599250793457,83.20541381835938,-39.617835998535156,38.9499397277832,8.636977195739746
305,10.2322,36.06194690265488,-15.55740432612312,84.65011286681715,-39.87261146496815,39.096459096459085,9.109311740890687,36.13569259643555,-17.221298217773438,84.55982208251953,-39.617835998535156,38.9499397277832,8.636977195739746,36.061946868896484,-15.640599250793457,83.20541381835938,-39.617835998535156,38.9499397277832,8.636977195739746
306,10.2669,36.06194690265488,-15.55740432612312,84.65011286681715,-39.87261146496815,39.096459096459085,9.109311740890687,36.13569259643555,-17.221298217773438,84.55982208251953,-39.617835998535156,38.9499397277832,8.636977195739746,36.061946868896484,-15.640599250793457,83.20541381835938,-39.617835998535156,38.9499397277832,8.636977195739746
307,10.3015,36.06194690265488,-15.55740432612312,84.65011286681715,-39.87261146496815,39.096459096459085,9.109311740890687,36.13569259643555,-17.221298217773438,84.55982208251953,-39.617835998535156,38.9499397277832,8.636977195739746,36.061946868896484,-15.640599250793457,83.20541381835938,-39.617835998535156,38.9499397277832,8.636977195739746
308,10.3367,36.06194690265488,-15.55740432612312,84.65011286681715,-39.87261146496815,39.096459096459085,9.109311740890687,36.13569259643555,-17.221298217773438,84.55982208251953,-39.617835998535156,38.9499397277832,8.636977195739746,36.061946868896484,-15.640599250793457,83.20541381835938,-39.617835998535156,38.9499397277832,8.636977195739746
309,10.3714,36.06194690265488,-15.55740432612312,84.65011286681715,-39.87261146496815,39.096459096459085,9.109311740890687,36.13569259643555,-17.221298217773438,84.55982208251953,-39.617835998535156,38.9499397277832,8.636977195739746,36.061946868896484,-15.640599250793457,83.20541381835938,-39.617835998535156,38.9499397277832,8.636977195739746
310,10.406,36.06194690265488,-15.55740432612312,84.65011286681715,-39.87261146496815,39.096459096459085,9.109311740890687,36.13569259643555,-17.221298217773438,84.55982208251953,-39.617835998535156,38.9499397277832,8.636977195739746,36.061946868896484,-15.640599250793457,83.20541381835938,-39.617835998535156,38.9499397277832,8.636977195739746
311,10.4406,36.06194690265488,-15.55740432612312,84.65011286681715,-39.87261146496815,39.096459096459085,9.109311740890687,36.13569259643555,-17.221298217773438,84.55982208251953,-39.617835998535156,38.9499397277832,8.636977195739746,36.061946868896484,-15.640599250793457,83.20541381835938,-39.617835998535156,38.9499397277832,8.636977195739746
312,10.4752,36.06194690265488,-15.55740432612312,84.65011286681715,-39.87261146496815,39.096459096459085,9.109311740890687,36.13569259643555,-17.221298217773438,84.55982208251953,-39.617835998535156,38.9499397277832,8.636977195739746,36.061946868896484,-15.640599250793457,83.20541381835938,-39.617835998535156,38.9499397277832,8.636977195739746
313,10.5099,36.06194690265488,-15.55740432612312,84.65011286681715,-39.87261146496815,39.096459096459085,9.109311740890687,36.13569259643555,-17.221298217773438,84.55982208251953,-39.617835998535156,38.9499397277832,8.636977195739746,36.061946868896484,-15.640599250793457,83.20541381835938,-39.617835998535156,38.9499397277832,8.636977195739746
314,10.5449,36.06194690265488,-15.55740432612312,84.65011286681715,-39.87261146496815,39.096459096459085,9.109311740890687,36.13569259643555,-17.221298217773438,84.55982208251953,-39.617835998535156,38.9499397277832,8.636977195739746,36.061946868896484,-15.640599250793457,83.20541381835938,-39.617835998535156,38.9499397277832,8.636977195739746
315,10.5801,36.06194690265488,-15.55740432612312,84.65011286681715,-39.87261146496815,39.096459096459085,9.109311740890687,36.13569259643555,-17.221298217773438,84.55982208251953,-39.617835998535156,38.9499397277832,8.636977195739746,36.061946868896484,-15.640599250793457,83.20541381835938,-39.617835998535156,38.9499397277832,8.636977195739746
316,10.6149,36.06194690265488,-15.55740432612312,84.65011286681715,-39.87261146496815,39.096459096459085,9.109311740890687,36.13569259643555,-17.221298217773438,84.55982208251953,-39.617835998535156,38.9499397277832,8.636977195739746,36.061946868896484,-15.640599250793457,83.20541381835938,-39.617835998535156,38.9499397277832,8.636977195739746
317,10.6495,36.06194690265488,-15.55740432612312,84.65011286681715,-39.87261146496815,39.096459096459085,9.109311740890687,36.13569259643555,-17.221298217773438,84.55982208251953,-39.617835998535156,38.9499397277832,8.636977195739746,36.061946868896484,-15.640599250793457,83.20541381835938,-39.617835998535156,38.9499397277832,8.636977195739746
318,10.6841,36.06194690265488,-15.55740432612312,84.65011286681715,-39.87261146496815,39.096459096459085,9.109311740890687,36.13569259643555,-17.221298217773438,84.55982208251953,-39.617835998535156,38.9499397277832,8.636977195739746,36.061946868896484,-15.640599250793457,83.20541381835938,-39.617835998535156,38.9499397277832,8.636977195739746
319,10.7188,36.06194690265488,-15.55740432612312,84.65011286681715,-39.87261146496815,39.096459096459085,9.109311740890687,36.13569259643555,-17.221298217773438,84.55982208251953,-39.617835998535156,38.9499397277832,8.636977195739746,36.061946868896484,-15.640599250793457,83.20541381835938,-39.617835998535156,38.9499397277832,8.636977195739746
320,10.7534,36.06194690265488,-15.55740432612312,84.65011286681715,-39.87261146496815,39.096459096459085,9.109311740890687,36.13569259643555,-17.221298217773438,84.55982208251953,-39.617835998535156,38.9499397277832,8.636977195739746,36.061946868896484,-15.640599250793457,83.20541381835938,-39.617835998535156,38.9499397277832,8.636977195739746
321,10.788,36.06194690265488,-15.55740432612312,84.65011286681715,-39.87261146496815,39.096459096459085,9.109311740890687,36.13569259643555,-17.221298217773438,84.55982208251953,-39.617835998535156,38.9499397277832,8.636977195739746,36.061946868896484,-15.640599250793457,83.20541381835938,-39.617835998535156,38.9499397277832,8.636977195739746
322,10.8227,36.06194690265488,-15.55740432612312,84.65011286681715,-39.87261146496815,39.096459096459085,9.109311740890687,36.13569259643555,-17.221298217773438,84.55982208251953,-39.617835998535156,38.9499397277832,8.636977195739746,36.061946868896484,-15.640599250793457,83.20541381835938,-39.617835998535156,38.9499397277832,8.636977195739746
323,10.8573,36.06194690265488,-15.55740432612312,84.65011286681715,-39.87261146496815,39.096459096459085,9.109311740890687,36.13569259643555,-17.221298217773438,84.55982208251953,-39.617835998535156,38.9499397277832,8.636977195739746,36.061946868896484,-15.640599250793457,83.20541381835938,-39.617835998535156,38.9499397277832,8.636977195739746
324,10.8919,36.06194690265488,-15.55740432612312,84.65011286681715,-39.87261146496815,39.096459096459085,9.109311740890687,36.13569259643555,-17.221298217773438,84.55982208251953,-39.617835998535156,38.9499397277832,8.636977195739746,36.061946868896484,-15.640599250793457,83.20541381835938,-39.617835998535156,38.9499397277832,8.636977195739746
325,10.927,36.06194690265488,-15.55740432612312,84.65011286681715,-39.87261146496815,39.096459096459085,9.109311740890687,36.13569259643555,-17.221298217773438,84.55982208251953,-39.617835998535156,38.9499397277832,8.636977195739746,36.061946868896484,-15.640599250793457,83.20541381835938,-39.617835998535156,38.9499397277832,8.636977195739746
326,10.9621,36.06194690265488,-15.55740432612312,84.65011286681715,-39.87261146496815,39.096459096459085,9.109311740890687,36.13569259643555,-17.221298217773438,84.55982208251953,-39.617835998535156,38.9499397277832,8.636977195739746,36.061946868896484,-15.640599250793457,83.20541381835938,-39.617835998535156,38.9499397277832,8.636977195739746
327,10.9973,36.06194690265488,-15.55740432612312,84.65011286681715,-39.87261146496815,39.096459096459085,9.109311740890687,36.13569259643555,-17.221298217773438,84.55982208251953,-39.617835998535156,38.9499397277832,8.636977195739746,36.061946868896484,-15.640599250793457,83.20541381835938,-39.617835998535156,38.9499397277832,8.636977195739746
328,11.0324,36.06194690265488,-15.55740432612312,84.65011286681715,-39.87261146496815,39.096459096459085,9.109311740890687,36.13569259643555,-17.221298217773438,84.55982208251953,-39.617835998535156,38.9499397277832,8.636977195739746,36.061946868896484,-15.640599250793457,83.20541381835938,-39.617835998535156,38.9499397277832,8.636977195739746
329,11.0671,36.06194690265488,-15.55740432612312,84.65011286681715,-39.87261146496815,39.096459096459085,9.109311740890687,36.13569259643555,-17.221298217773438,84.55982208251953,-39.617835998535156,38.9499397277832,8.636977195739746,36.061946868896484,-15.640599250793457,83.20541381835938,-39.617835998535156,38.9499397277832,8.636977195739746
330,11.1017,36.06194690265488,-15.55740432612312,84.65011286681715,-39.87261146496815,39.096459096459085,9.109311740890687,36.13569259643555,-17.221298217773438,84.55982208251953,-39.617835998535156,38.9499397277832,8.636977195739746,36.061946868896484,-15.640599250793457,83.20541381835938,-39.617835998535156,38.9499397277832,8.636977195739746
331,11.1364,36.06194690265488,-15.55740432612312,84.65011286681715,-39.87261146496815,39.096459096459085,9.109311740890687,36.13569259643555,-17.221298217773438,84.55982208251953,-39.617835998535156,38.9499397277832,8.636977195739746,36.061946868896484,-15.640599250793457,83.20541381835938,-39.617835998535156,38.9499397277832,8.636977195739746
332,11.171,36.06194690265488,-15.55740432612312,84.65011286681715,-39.87261146496815,39.096459096459085,9.109311740890687,36.13569259643555,-17.221298217773438,84.55982208251953,-39.617835998535156,38.9499397277832,8.636977195739746,36.061946868896484,-15.640599250793457,83.20541381835938,-39.617835998535156,38.9499397277832,8.636977195739746
